; generated by PrusaSlicer 2.9.4 on 2026-06-05 at 15:15:21 UTC

; 

; external perimeters extrusion width = 0.45mm
; perimeters extrusion width = 0.45mm
; infill extrusion width = 0.45mm
; solid infill extrusion width = 0.45mm
; top infill extrusion width = 0.40mm
; first layer extrusion width = 0.40mm

M73 P0 R109
M73 Q0 S111

; printing object box.stl id:0 copy 0
; stop printing object box.stl id:0 copy 0

;TYPE:Custom
M117 Heating and Homing... ; Display message on screen
G90 ; Use absolute coordinates
M83 ; Extruder relative mode
G28 ; Home all axes
M104 S230 ; Set extruder temperature without waiting
M140 S80 ; Set bed temperature without waiting

M190 S80 ; Wait for bed to reach temperature
M109 S230 ; Wait for extruder to reach temperature

G92 E0 ; Reset extrusion distance
G1 Z5 F720 ; Move nozzle above the bed
G1 Z5 F720 ; Move nozzle slightly above the bed
G1 X3 Y200 Z0.2 F1000 E10 ; Draw a prime line along the left edge
G1 X6 Y20 Z0.2 F1000 E10 ;Draw an Second prime line along the left edge 
G28 ; Home all axes
G1 Z10; Z AXIS FROM SAFE POINT.
M73 P0 R108
G92 E0 ; Reset extrusion distance
G21 ; set units to millimeters
G90 ; use absolute coordinates
M82 ; use absolute distances for extrusion
G92 E0
; Filament gcode
M107
;LAYER_CHANGE
;Z:0.5
;HEIGHT:0.5
G1 E-2 F2400
G92 E0
G1 Z.6 F7800
G1 X86.261 Y86.626
G1 Z.5
G1 E2 F2400
;TYPE:Skirt/Brim
;WIDTH:0.4
;HEIGHT:0.2
G1 F1800
G1 X87.528 Y85.6 E2.04841
G1 X88.563 Y85.168 E2.08171
G1 X89.618 Y84.979 E2.11353
G1 X130.429 Y84.983 E3.32526
G1 X131.464 Y85.177 E3.35653
G1 X132.476 Y85.602 E3.38912
G1 X133.74 Y86.626 E3.43742
G1 X134.625 Y88 E3.48595
G1 X135.021 Y89.589 E3.53457
G1 X135.021 Y130.411 E4.74663
G1 X134.625 Y132 E4.79525
G1 X133.739 Y133.374 E4.84379
G1 X132.472 Y134.4 E4.8922
G1 X131.437 Y134.832 E4.9255
G1 X130.383 Y135.021 E4.95729
G1 X89.589 Y135.021 E6.16852
G1 X88 Y134.625 E6.21714
G1 X86.626 Y133.739 E6.26568
G1 X85.6 Y132.472 E6.31409
G1 X85.168 Y131.437 E6.34739
G1 X84.979 Y130.383 E6.37918
G1 X84.979 Y89.589 E7.59041
G1 X85.375 Y88 E7.63903
G1 X86.228 Y86.677 E7.68577
G1 X86.509 Y86.885 F7800
G1 F1800
G1 X87.691 Y85.919 E7.73109
G1 X88.646 Y85.516 E7.76187
G1 X89.634 Y85.336 E7.79169
G1 X130.412 Y85.34 E9.00244
G1 X131.378 Y85.524 E9.03164
G1 X132.313 Y85.921 E9.0618
G1 X133.492 Y86.885 E9.10702
G1 X134.286 Y88.116 E9.15051
G1 X134.663 Y89.611 E9.19629
G1 X134.663 Y130.389 E10.40704
G1 X134.286 Y131.884 E10.45282
G1 X133.491 Y133.115 E10.49633
G1 X132.309 Y134.081 E10.54165
G1 X131.354 Y134.484 E10.57243
G1 X130.366 Y134.663 E10.60224
G1 X89.611 Y134.663 E11.81231
G1 X88.116 Y134.286 E11.85809
G1 X86.885 Y133.491 E11.9016
G1 X85.919 Y132.309 E11.94692
G1 X85.516 Y131.354 E11.9777
G1 X85.337 Y130.366 E12.00751
G1 X85.337 Y89.611 E13.21758
G1 X85.714 Y88.116 E13.26336
G1 X86.476 Y86.935 E13.30509
G1 X86.758 Y87.142 F7800
G1 F1800
G1 X87.855 Y86.237 E13.34731
G1 X88.731 Y85.863 E13.37559
G1 X89.65 Y85.694 E13.40333
G1 X130.395 Y85.697 E14.6131
G1 X131.291 Y85.87 E14.64019
G1 X132.148 Y86.238 E14.66788
G1 X133.242 Y87.142 E14.71002
G1 X133.969 Y88.283 E14.75019
G1 X134.306 Y89.633 E14.7915
G1 X134.306 Y130.367 E16.00095
G1 X133.969 Y131.717 E16.04226
G1 X133.242 Y132.858 E16.08243
G1 X132.145 Y133.763 E16.12465
G1 X131.269 Y134.137 E16.15293
G1 X130.35 Y134.306 E16.18067
G1 X89.633 Y134.306 E17.38961
G1 X88.283 Y133.969 E17.43092
G1 X87.142 Y133.242 E17.47109
G1 X86.237 Y132.145 E17.51331
G1 X85.863 Y131.269 E17.54159
G1 X85.694 Y130.35 E17.56933
G1 X85.694 Y89.633 E18.77827
G1 X86.031 Y88.283 E18.81958
G1 X86.726 Y87.192 E18.85799
G1 X87.009 Y87.397 F7800
G1 F1800
G1 X88.021 Y86.554 E18.8971
G1 X88.817 Y86.21 E18.92285
G1 X89.667 Y86.051 E18.94853
G1 X130.377 Y86.054 E20.15726
G1 X131.203 Y86.217 E20.18226
M73 Q0 S110
G1 X131.981 Y86.555 E20.20745
G1 X132.991 Y87.397 E20.24649
G1 X133.651 Y88.448 E20.28334
G1 X133.949 Y89.654 E20.32022
G1 X133.949 Y130.346 E21.52842
G1 X133.651 Y131.552 E21.5653
G1 X132.991 Y132.603 E21.60215
G1 X131.979 Y133.446 E21.64126
G1 X131.183 Y133.79 E21.66701
G1 X130.333 Y133.949 E21.69269
G1 X89.654 Y133.949 E22.9005
G1 X88.448 Y133.651 E22.93738
G1 X87.397 Y132.991 E22.97423
G1 X86.554 Y131.979 E23.01334
G1 X86.21 Y131.183 E23.03909
G1 X86.051 Y130.333 E23.06477
G1 X86.051 Y89.654 E24.27258
G1 X86.349 Y88.448 E24.30946
G1 X86.977 Y87.448 E24.34452
G1 X87.261 Y87.651 F7800
G1 F1800
G1 X88.188 Y86.87 E24.38051
G1 X88.905 Y86.557 E24.40374
G1 X89.684 Y86.408 E24.42729
G1 X130.359 Y86.411 E25.63498
G1 X131.112 Y86.563 E25.65779
G1 X131.813 Y86.871 E25.68052
G1 X132.739 Y87.651 E25.71647
G1 X133.332 Y88.611 E25.74997
G1 X133.592 Y89.675 E25.78249
G1 X133.592 Y130.325 E26.98944
G1 X133.332 Y131.389 E27.02196
G1 X132.739 Y132.349 E27.05546
G1 X131.812 Y133.13 E27.09145
G1 X131.095 Y133.443 E27.11468
G1 X130.316 Y133.592 E27.13823
G1 X89.675 Y133.592 E28.34491
G1 X88.611 Y133.332 E28.37743
G1 X87.651 Y132.739 E28.41093
G1 X86.87 Y131.812 E28.44692
G1 X86.557 Y131.095 E28.47015
G1 X86.408 Y130.316 E28.4937
G1 X86.408 Y89.675 E29.70038
G1 X86.668 Y88.611 E29.7329
G1 X87.23 Y87.702 E29.76463
G1 X87.516 Y87.903 F7800
G1 F1800
G1 X88.356 Y87.187 E29.7974
G1 X89.029 Y86.892 E29.81922
G1 X89.701 Y86.765 E29.83953
G1 X130.341 Y86.768 E31.04618
G1 X130.986 Y86.897 E31.06571
G1 X131.645 Y87.187 E31.08709
G1 X132.484 Y87.903 E31.11984
G1 X133.012 Y88.772 E31.15003
G1 X133.235 Y89.696 E31.17825
G1 X133.235 Y130.304 E32.38395
G1 X133.012 Y131.228 E32.41217
G1 X132.484 Y132.097 E32.44236
G1 X131.644 Y132.813 E32.47513
G1 X130.971 Y133.108 E32.49695
G1 X130.299 Y133.235 E32.51726
G1 X89.696 Y133.235 E33.72282
G1 X88.772 Y133.012 E33.75104
G1 X87.903 Y132.484 E33.78123
G1 X87.187 Y131.644 E33.814
G1 X86.892 Y130.971 E33.83582
G1 X86.765 Y130.299 E33.85613
G1 X86.765 Y89.696 E35.06169
G1 X86.988 Y88.772 E35.08991
G1 X87.484 Y87.955 E35.11829
G1 X87.772 Y88.154 F7800
G1 F1800
G1 X88.526 Y87.502 E35.14789
G1 X89.118 Y87.239 E35.16712
G1 X89.719 Y87.122 E35.1853
G1 X130.323 Y87.125 E36.39089
G1 X130.894 Y87.243 E36.4082
M73 P1 R108
G1 X131.474 Y87.502 E36.42706
G1 X132.228 Y88.154 E36.45666
G1 X132.691 Y88.93 E36.48349
G1 X132.878 Y89.717 E36.50751
G1 X132.878 Y130.283 E37.71197
G1 X132.691 Y131.07 E37.73599
M73 Q1 S110
G1 X132.228 Y131.846 E37.76282
G1 X131.474 Y132.498 E37.79242
G1 X130.882 Y132.761 E37.81165
G1 X130.281 Y132.878 E37.82983
G1 X89.717 Y132.878 E39.03423
G1 X88.93 Y132.691 E39.05825
G1 X88.154 Y132.228 E39.08508
G1 X87.502 Y131.474 E39.11468
G1 X87.239 Y130.882 E39.13391
G1 X87.122 Y130.281 E39.15209
G1 X87.122 Y89.717 E40.35649
G1 X87.309 Y88.93 E40.38051
G1 X87.741 Y88.205 E40.40557
G1 X88.03 Y88.402 F7800
G1 F1800
G1 X88.698 Y87.816 E40.43195
G1 X89.209 Y87.585 E40.4486
G1 X89.737 Y87.479 E40.46459
G1 X130.304 Y87.482 E41.66908
G1 X130.8 Y87.588 E41.68414
G1 X131.302 Y87.816 E41.70051
G1 X131.97 Y88.402 E41.72689
G1 X132.369 Y89.086 E41.7504
G1 X132.521 Y89.737 E41.77025
G1 X132.521 Y130.263 E42.97352
G1 X132.369 Y130.914 E42.99337
G1 X131.97 Y131.598 E43.01688
G1 X131.302 Y132.184 E43.04326
G1 X130.791 Y132.415 E43.05991
G1 X130.263 Y132.521 E43.0759
G1 X89.737 Y132.521 E44.27917
G1 X89.086 Y132.369 E44.29902
G1 X88.402 Y131.97 E44.32253
G1 X87.816 Y131.302 E44.34891
G1 X87.585 Y130.791 E44.36556
G1 X87.479 Y130.263 E44.38155
G1 X87.479 Y89.737 E45.58482
G1 X87.631 Y89.086 E45.60467
G1 X88 Y88.454 E45.6264
G1 X88.29 Y88.648 F7800
G1 F1800
G1 X88.873 Y88.128 E45.6496
G1 X89.303 Y87.93 E45.66366
G1 X89.756 Y87.836 E45.6774
G1 X130.283 Y87.84 E46.8807
G1 X131.127 Y88.128 E46.90718
G1 X131.71 Y88.648 E46.93038
G1 X132.045 Y89.238 E46.95052
G1 X132.164 Y89.756 E46.9663
G1 X132.164 Y130.244 E48.16844
G1 X132.045 Y130.762 E48.18422
M73 P1 R107
G1 X131.71 Y131.352 E48.20436
G1 X131.127 Y131.872 E48.22756
G1 X130.697 Y132.07 E48.24162
G1 X130.244 Y132.164 E48.25536
G1 X89.756 Y132.164 E49.4575
G1 X89.238 Y132.045 E49.47328
G1 X88.648 Y131.71 E49.49342
G1 X88.128 Y131.127 E49.51662
G1 X87.93 Y130.697 E49.53068
G1 X87.836 Y130.244 E49.54442
G1 X87.836 Y89.756 E50.74656
G1 X87.955 Y89.238 E50.76234
G1 X88.261 Y88.7 E50.78072
G1 X88.554 Y88.891 F7800
G1 F1800
G1 X89.051 Y88.439 E50.80067
G1 X89.775 Y88.193 E50.82337
G1 X130.262 Y88.197 E52.02548
G1 X130.949 Y88.439 E52.04711
G1 X131.446 Y88.891 E52.06706
G1 X131.72 Y89.387 E52.08388
G1 X131.807 Y89.776 E52.09572
G1 X131.807 Y130.224 E53.29667
G1 X131.72 Y130.613 E53.30851
G1 X131.446 Y131.109 E53.32533
G1 X130.949 Y131.561 E53.34528
G1 X130.225 Y131.807 E53.36798
G1 X89.776 Y131.807 E54.56896
G1 X89.387 Y131.72 E54.5808
G1 X88.891 Y131.446 E54.59762
G1 X88.439 Y130.949 E54.61757
G1 X88.193 Y130.225 E54.64027
G1 X88.193 Y89.776 E55.84125
G1 X88.28 Y89.387 E55.85309
G1 X88.525 Y88.943 E55.86815
G1 X88.82 Y89.13 F7800
G1 F1800
G1 X89.23 Y88.749 E55.88477
G1 X89.794 Y88.55 E55.90253
G1 X130.242 Y88.554 E57.10348
G1 X130.77 Y88.749 E57.12019
G1 X131.18 Y89.13 E57.13681
G1 X131.45 Y89.794 E57.15809
G1 X131.45 Y130.206 E58.35797
G1 X131.18 Y130.87 E58.37925
G1 X130.77 Y131.251 E58.39587
G1 X130.206 Y131.45 E58.41363
G1 X89.794 Y131.45 E59.61351
G1 X89.13 Y131.18 E59.63479
G1 X88.749 Y130.77 E59.65141
G1 X88.55 Y130.206 E59.66917
G1 X88.55 Y89.794 E60.86905
G1 X88.798 Y89.186 E60.88855
G1 X89.091 Y89.364 F7800
G1 F1800
G1 X89.409 Y89.059 E60.90163
G1 X89.812 Y88.907 E60.91442
G1 X130.221 Y88.911 E62.11422
G1 X130.591 Y89.059 E62.12605
G1 X130.909 Y89.364 E62.13913
G1 X131.093 Y89.812 E62.15351
G1 X131.093 Y130.188 E63.35233
G1 X130.909 Y130.636 E63.36671
G1 X130.591 Y130.941 E63.37979
G1 X130.188 Y131.093 E63.39258
G1 X89.812 Y131.093 E64.5914
G1 X89.364 Y130.909 E64.60578
G1 X89.059 Y130.591 E64.61886
G1 X88.907 Y130.188 E64.63165
G1 X88.907 Y89.812 E65.83047
G1 X89.068 Y89.42 E65.84305
G1 X89.368 Y89.592 F7800
G1 F1800
G1 X89.592 Y89.368 E65.85246
G1 X89.829 Y89.264 E65.86014
G1 X130.202 Y89.27 E67.05887
G1 X130.632 Y89.592 E67.07482
G1 X130.736 Y89.829 E67.0825
G1 X130.736 Y130.171 E68.28031
G1 X130.632 Y130.408 E68.28799
G1 X130.408 Y130.632 E68.2974
G1 X130.171 Y130.736 E68.30508
G1 X89.829 Y130.736 E69.50289
G1 X89.592 Y130.632 E69.51057
G1 X89.368 Y130.408 E69.51998
G1 X89.264 Y130.171 E69.52766
G1 X89.264 Y89.829 E70.72547
G1 X89.344 Y89.647 E70.73137
G1 X89.649 Y89.816 F7800
G1 F1800
G1 X89.882 Y89.621 E70.74039
G1 X130.118 Y89.621 E71.93505
G1 X130.379 Y89.882 E71.94601
G1 X130.351 Y130.184 E73.14263
G1 X130.118 Y130.379 E73.15165
M73 Q1 S109
G1 X89.816 Y130.351 E74.34827
G1 X89.621 Y130.118 E74.35729
G1 X89.649 Y89.876 E75.55213
G1 E73.55213 F2400
G92 E0
; printing object box.stl id:0 copy 0
G92 E0
G1 X129.086 Y129.086 F7800
G1 E2 F2400
;TYPE:Perimeter
;WIDTH:0.399999
G1 F1800
G1 X90.914 Y129.086 E3.13337
G1 X90.914 Y90.914 E4.26674
G1 X129.086 Y90.914 E5.40011
G1 X129.086 Y129.026 E6.5317
G1 X129.443 Y129.443 F7800
G1 F1800
G1 X90.557 Y129.443 E7.68627
G1 X90.557 Y90.557 E8.84084
G1 X129.443 Y90.557 E9.99541
G1 X129.443 Y129.383 E11.1482
G1 X129.8 Y129.8 F7800
;TYPE:External perimeter
G1 F1800
G1 X90.2 Y129.8 E12.32397
G1 X90.2 Y90.2 E13.49974
G1 X129.8 Y90.2 E14.67551
G1 X129.8 Y129.74 E15.8495
G1 X129.404 Y129.799 F7800
G1 E13.8495 F2400
G92 E0
G1 X128.979 Y91.746 F7800
G1 E2 F2400
;TYPE:Solid infill
;WIDTH:0.401122
G1 F1800
G1 X128.415 Y91.182 E2.02376
G1 X127.909 Y91.182 E2.03883
G1 X128.818 Y92.091 E2.07712
G1 X128.818 Y92.598 E2.09222
G1 X127.402 Y91.182 E2.15186
G1 X126.895 Y91.182 E2.16696
G1 X128.818 Y93.105 E2.24796
G1 X128.818 Y93.611 E2.26303
G1 X126.389 Y91.182 E2.36534
G1 X125.882 Y91.182 E2.38044
G1 X128.818 Y94.118 E2.50411
G1 X128.818 Y94.624 E2.51918
G1 X125.376 Y91.182 E2.66416
G1 X124.869 Y91.182 E2.67926
G1 X128.818 Y95.131 E2.8456
G1 X128.818 Y95.637 E2.86067
G1 X124.363 Y91.182 E3.04832
G1 X123.856 Y91.182 E3.06342
G1 X128.818 Y96.144 E3.27243
G1 X128.818 Y96.651 E3.28753
G1 X123.349 Y91.182 E3.51789
G1 X122.843 Y91.182 E3.53296
G1 X128.818 Y97.157 E3.78464
G1 X128.818 Y97.664 E3.79974
G1 X122.336 Y91.182 E4.07277
G1 X121.83 Y91.182 E4.08784
G1 X128.818 Y98.17 E4.38219
G1 X128.818 Y98.677 E4.39729
G1 X121.323 Y91.182 E4.71299
G1 X120.817 Y91.182 E4.72806
G1 X128.818 Y99.183 E5.06508
G1 X128.818 Y99.69 E5.08018
G1 X120.31 Y91.182 E5.43855
G1 X119.803 Y91.182 E5.45365
M73 P2 R107
G1 X128.818 Y100.197 E5.83338
G1 X128.818 Y100.703 E5.84845
G1 X119.297 Y91.182 E6.24949
G1 X118.79 Y91.182 E6.26459
G1 X128.818 Y101.21 E6.68699
G1 X128.818 Y101.716 E6.70206
G1 X118.284 Y91.182 E7.14577
G1 X117.777 Y91.182 E7.16087
G1 X128.818 Y102.223 E7.62594
G1 X128.818 Y102.729 E7.64101
M73 Q2 S109
G1 X117.271 Y91.182 E8.12739
G1 X116.764 Y91.182 E8.14249
G1 X128.818 Y103.236 E8.65023
G1 X128.818 Y103.743 E8.66533
G1 X116.257 Y91.182 E9.19442
G1 X115.751 Y91.182 E9.20949
G1 X128.818 Y104.249 E9.7599
G1 X128.818 Y104.756 E9.775
G1 X115.244 Y91.182 E10.34676
G1 X114.738 Y91.182 E10.36183
G1 X128.818 Y105.262 E10.95491
G1 X128.818 Y105.769 E10.97001
G1 X114.231 Y91.182 E11.58444
G1 X113.725 Y91.182 E11.59951
G1 X128.818 Y106.275 E12.23525
G1 X128.818 Y106.782 E12.25035
G1 X113.218 Y91.182 E12.90745
G1 X112.711 Y91.182 E12.92255
M73 P2 R106
G1 X128.818 Y107.289 E13.60101
G1 X128.818 Y107.795 E13.61608
G1 X112.205 Y91.182 E14.31585
G1 X111.698 Y91.182 E14.33095
G1 X128.818 Y108.302 E15.05208
G1 X128.818 Y108.808 E15.06715
G1 X111.192 Y91.182 E15.80959
G1 X110.685 Y91.182 E15.82469
G1 X128.818 Y109.315 E16.58848
G1 X128.818 Y109.821 E16.60355
G1 X110.179 Y91.182 E17.38866
G1 X109.672 Y91.182 E17.40376
G1 X128.818 Y110.328 E18.21022
G1 X128.818 Y110.835 E18.22532
G1 X109.165 Y91.182 E19.05314
G1 X108.659 Y91.182 E19.06821
G1 X128.818 Y111.341 E19.91734
G1 X128.818 Y111.848 E19.93244
G1 X108.152 Y91.182 E20.80293
G1 X107.646 Y91.182 E20.818
G1 X128.818 Y112.354 E21.7098
G1 X128.818 Y112.861 E21.7249
G1 X107.139 Y91.182 E22.63806
G1 X106.632 Y91.182 E22.65316
G1 X128.818 Y113.368 E23.58767
G1 X128.818 Y113.874 E23.60274
G1 X106.126 Y91.182 E24.55857
G1 X105.619 Y91.182 E24.57367
G1 X128.818 Y114.381 E25.55085
G1 X128.818 Y114.887 E25.56592
G1 X105.113 Y91.182 E26.56442
G1 X104.606 Y91.182 E26.57952
G1 X128.818 Y115.394 E27.59937
G1 X128.818 Y115.9 E27.61444
G1 X104.1 Y91.182 E28.65561
G1 X103.593 Y91.182 E28.67071
G1 X128.818 Y116.407 E29.73323
G1 X128.818 Y116.914 E29.74833
G1 X103.086 Y91.182 E30.83221
G1 X102.58 Y91.182 E30.84728
G1 X128.818 Y117.42 E31.95247
G1 X128.818 Y117.927 E31.96757
G1 X102.073 Y91.182 E33.09412
G1 X101.567 Y91.182 E33.10919
G1 X128.818 Y118.433 E34.25705
G1 X128.818 Y118.94 E34.27215
G1 X101.06 Y91.182 E35.44137
G1 X100.554 Y91.182 E35.45644
G1 X128.818 Y119.446 E36.64697
G1 X128.818 Y119.953 E36.66207
G1 X100.047 Y91.182 E37.87396
M73 Q2 S108
G1 X99.54 Y91.182 E37.88906
G1 X128.818 Y120.46 E39.1223
G1 X128.818 Y120.966 E39.13737
G1 X99.034 Y91.182 E40.39193
G1 X98.527 Y91.182 E40.40703
G1 X128.818 Y121.473 E41.68294
G1 X128.818 Y121.979 E41.69801
G1 X98.021 Y91.182 E42.99524
G1 X97.514 Y91.182 E43.01034
G1 X128.818 Y122.486 E44.32892
G1 X128.818 Y122.992 E44.34399
G1 X97.008 Y91.182 E45.68388
G1 X96.501 Y91.182 E45.69898
G1 X128.818 Y123.499 E47.06023
G1 X128.818 Y124.006 E47.07533
G1 X95.994 Y91.182 E48.45794
G1 X95.488 Y91.182 E48.47301
G1 X128.818 Y124.512 E49.87693
G1 X128.818 Y125.019 E49.89203
G1 X94.981 Y91.182 E51.31731
G1 X94.475 Y91.182 E51.33238
G1 X128.818 Y125.525 E52.77897
G1 X128.818 Y126.032 E52.79407
G1 X93.968 Y91.182 E54.26202
G1 X93.462 Y91.182 E54.27709
G1 X128.818 Y126.538 E55.76635
G1 X128.818 Y127.045 E55.78145
G1 X92.955 Y91.182 E57.29206
G1 X92.448 Y91.182 E57.30716
G1 X128.818 Y127.552 E58.83913
G1 X128.818 Y128.058 E58.8542
G1 X91.942 Y91.182 E60.40748
G1 X91.435 Y91.182 E60.42258
G1 X128.818 Y128.565 E61.99722
G1 X128.818 Y128.818 E62.00476
G1 X128.565 Y128.818 E62.0123
G1 X91.182 Y91.435 E63.58694
G1 X91.182 Y91.942 E63.60204
M73 P3 R106
G1 X128.058 Y128.818 E65.15532
G1 X127.552 Y128.818 E65.17039
G1 X91.182 Y92.448 E66.70236
G1 X91.182 Y92.955 E66.71746
M73 P3 R105
M73 Q3 S108
G1 X127.045 Y128.818 E68.22807
G1 X126.538 Y128.818 E68.24317
G1 X91.182 Y93.462 E69.73243
G1 X91.182 Y93.968 E69.7475
G1 X126.032 Y128.818 E71.21545
G1 X125.525 Y128.818 E71.23055
G1 X91.182 Y94.475 E72.67714
G1 X91.182 Y94.981 E72.69221
G1 X125.019 Y128.818 E74.11749
G1 X124.512 Y128.818 E74.13259
G1 X91.182 Y95.488 E75.53651
G1 X91.182 Y95.994 E75.55158
G1 X124.006 Y128.818 E76.93419
G1 X123.499 Y128.818 E76.94929
G1 X91.182 Y96.501 E78.31054
G1 X91.182 Y97.008 E78.32564
G1 X122.992 Y128.818 E79.66553
G1 X122.486 Y128.818 E79.6806
G1 X91.182 Y97.514 E80.99918
G1 X91.182 Y98.021 E81.01428
G1 X121.979 Y128.818 E82.31151
G1 X121.473 Y128.818 E82.32658
G1 X91.182 Y98.527 E83.60249
G1 X91.182 Y99.034 E83.61759
G1 X120.966 Y128.818 E84.87215
G1 X120.46 Y128.818 E84.88722
G1 X91.182 Y99.54 E86.12046
G1 X91.182 Y100.047 E86.13556
G1 X119.953 Y128.818 E87.34745
G1 X119.446 Y128.818 E87.36255
G1 X91.182 Y100.554 E88.55308
G1 X91.182 Y101.06 E88.56815
G1 X118.94 Y128.818 E89.73737
G1 X118.433 Y128.818 E89.75247
M73 Q3 S107
G1 X91.182 Y101.567 E90.90033
G1 X91.182 Y102.073 E90.9154
G1 X117.927 Y128.818 E92.04195
G1 X117.42 Y128.818 E92.05705
G1 X91.182 Y102.58 E93.16224
G1 X91.182 Y103.086 E93.17731
G1 X116.914 Y128.818 E94.26119
G1 X116.407 Y128.818 E94.27629
G1 X91.182 Y103.593 E95.33881
G1 X91.182 Y104.1 E95.35391
G1 X115.9 Y128.818 E96.39508
G1 X115.394 Y128.818 E96.41015
G1 X91.182 Y104.606 E97.43
G1 X91.182 Y105.113 E97.4451
G1 X114.887 Y128.818 E98.4436
G1 X114.381 Y128.818 E98.45867
G1 X91.182 Y105.619 E99.43585
G1 X91.182 Y106.126 E99.45095
G1 X113.874 Y128.818 E100.40678
G1 X113.368 Y128.818 E100.42185
G1 X91.182 Y106.632 E101.35636
G1 X91.182 Y107.139 E101.37146
G1 X112.861 Y128.818 E102.28462
G1 X112.354 Y128.818 E102.29972
G1 X91.182 Y107.646 E103.19152
G1 X91.182 Y108.152 E103.20659
G1 X111.848 Y128.818 E104.07708
G1 X111.341 Y128.818 E104.09218
G1 X91.182 Y108.659 E104.94131
G1 X91.182 Y109.165 E104.95638
G1 X110.835 Y128.818 E105.7842
G1 X110.328 Y128.818 E105.7993
G1 X91.182 Y109.672 E106.60576
G1 X91.182 Y110.178 E106.62083
G1 X109.822 Y128.818 E107.40598
G1 X109.315 Y128.818 E107.42108
G1 X91.182 Y110.685 E108.18487
G1 X91.182 Y111.192 E108.19997
G1 X108.808 Y128.818 E108.94241
G1 X108.302 Y128.818 E108.95748
G1 X91.182 Y111.698 E109.67861
G1 X91.182 Y112.205 E109.69371
G1 X107.795 Y128.818 E110.39348
G1 X107.289 Y128.818 E110.40855
G1 X91.182 Y112.711 E111.08701
G1 X91.182 Y113.218 E111.10211
G1 X106.782 Y128.818 E111.75921
G1 X106.276 Y128.818 E111.77428
G1 X91.182 Y113.725 E112.41005
G1 X91.182 Y114.231 E112.42512
G1 X105.769 Y128.818 E113.03955
G1 X105.262 Y128.818 E113.05465
G1 X91.182 Y114.738 E113.64773
G1 X91.182 Y115.244 E113.6628
G1 X104.756 Y128.818 E114.23456
G1 X104.249 Y128.818 E114.24966
G1 X91.182 Y115.751 E114.80007
G1 X91.182 Y116.257 E114.81514
G1 X103.743 Y128.818 E115.34423
G1 X103.236 Y128.818 E115.35933
G1 X91.182 Y116.764 E115.86707
G1 X91.182 Y117.271 E115.88217
G1 X102.729 Y128.818 E116.36855
G1 X102.223 Y128.818 E116.38362
G1 X91.182 Y117.777 E116.84869
G1 X91.182 Y118.284 E116.86379
G1 X101.716 Y128.818 E117.3075
G1 X101.21 Y128.818 E117.32257
G1 X91.182 Y118.79 E117.74497
G1 X91.182 Y119.297 E117.76007
G1 X100.703 Y128.818 E118.16111
G1 X100.197 Y128.818 E118.17618
G1 X91.182 Y119.803 E118.55591
G1 X91.182 Y120.31 E118.57101
M73 P3 R104
G1 X99.69 Y128.818 E118.92938
G1 X99.183 Y128.818 E118.94448
G1 X91.182 Y120.817 E119.2815
G1 X91.182 Y121.323 E119.29657
G1 X98.677 Y128.818 E119.61227
G1 X98.17 Y128.818 E119.62737
G1 X91.182 Y121.83 E119.92172
G1 X91.182 Y122.336 E119.93679
G1 X97.664 Y128.818 E120.20982
G1 X97.157 Y128.818 E120.22492
G1 X91.182 Y122.843 E120.4766
G1 X91.182 Y123.349 E120.49167
G1 X96.651 Y128.818 E120.72203
G1 X96.144 Y128.818 E120.73713
G1 X91.182 Y123.856 E120.94614
G1 X91.182 Y124.363 E120.96124
M73 P4 R104
G1 X95.637 Y128.818 E121.14889
G1 X95.131 Y128.818 E121.16396
G1 X91.182 Y124.869 E121.3303
G1 X91.182 Y125.376 E121.3454
G1 X94.624 Y128.818 E121.49038
G1 X94.118 Y128.818 E121.50545
G1 X91.182 Y125.882 E121.62912
G1 X91.182 Y126.389 E121.64422
G1 X93.611 Y128.818 E121.74653
G1 X93.105 Y128.818 E121.7616
G1 X91.182 Y126.895 E121.8426
G1 X91.182 Y127.402 E121.8577
G1 X92.598 Y128.818 E121.91734
G1 X92.091 Y128.818 E121.93244
G1 X91.182 Y127.909 E121.97073
G1 X91.182 Y128.415 E121.9858
G1 X91.746 Y128.979 E122.00956
;LAYER_CHANGE
;Z:0.7
;HEIGHT:0.2
G1 E120.00956 F2400
G92 E0
G1 Z.7 F7800
G1 X128.961 Y128.961
G1 E2 F2400
;TYPE:Perimeter
;WIDTH:0.449999
G1 F4800
G1 X91.039 Y128.961 E3.28361
G1 X91.039 Y91.039 E4.56722
G1 X128.961 Y91.039 E5.85083
G1 X128.961 Y128.901 E7.13241
G1 X129.368 Y129.368 F7800
G1 F4800
G1 X90.632 Y129.368 E8.44358
G1 X90.632 Y90.632 E9.75475
G1 X129.368 Y90.632 E11.06592
M73 Q4 S107
G1 X129.368 Y129.308 E12.37505
G1 X129.775 Y129.775 F7800
;TYPE:External perimeter
G1 F2400
G1 X90.225 Y129.775 E13.71377
G1 X90.225 Y90.225 E15.05249
G1 X129.775 Y90.225 E16.39121
G1 X129.775 Y129.715 E17.7279
G1 X129.379 Y129.774 F7800
G1 E15.7279 F2400
G92 E0
G1 X91.455 Y91.377 F7800
G1 E2 F2400
;TYPE:Solid infill
;WIDTH:0.548766
G1 F1200
G1 X91.41 Y91.333 E2.00265
G1 X91.349 Y91.349 E2.0053
G1 X91.333 Y91.41 E2.00795
G1 X91.377 Y91.455 E2.0106
G1 X91.439 Y91.439 E2.01329
G1 X91.212 Y92.234 F7800
;WIDTH:0.38292
G1 F1200
G1 X91.141 Y92.215 E2.01537
G1 X91.16 Y92.286 E2.01745
G1 X91.201 Y92.275 E2.01865
;WIDTH:0.41646
G1 X91.273 Y92.182 E2.0223
;WIDTH:0.449999
G1 X91.344 Y92.089 E2.02626
G1 X92.089 Y91.344 E2.06192
G1 X92.182 Y91.273 E2.06588
;WIDTH:0.41646
G1 X92.275 Y91.201 E2.06953
;WIDTH:0.38292
G1 X92.234 Y91.212 E2.07073
G1 X92.215 Y91.141 E2.07281
G1 X92.286 Y91.16 E2.07489
;WIDTH:0.449999
G1 X92.664 Y91.344 E2.08912
G1 X91.344 Y92.664 E2.15231
G1 X91.344 Y93.24 E2.17181
G1 X93.24 Y91.344 E2.26257
G1 X93.816 Y91.344 E2.28207
G1 X91.344 Y93.816 E2.4004
G1 X91.344 Y94.392 E2.4199
G1 X94.392 Y91.344 E2.56581
G1 X94.967 Y91.344 E2.58527
G1 X91.344 Y94.967 E2.7587
G1 X91.344 Y95.543 E2.7782
G1 X95.543 Y91.344 E2.9792
G1 X96.119 Y91.344 E2.9987
G1 X91.344 Y96.119 E3.22728
G1 X91.344 Y96.694 E3.24674
G1 X96.694 Y91.344 E3.50284
G1 X97.27 Y91.344 E3.52234
G1 X91.344 Y97.27 E3.80601
G1 X91.344 Y97.846 E3.82551
G1 X97.846 Y91.344 E4.13676
G1 X98.421 Y91.344 E4.15622
G1 X91.344 Y98.421 E4.49499
G1 X91.344 Y98.997 E4.51449
G1 X98.997 Y91.344 E4.88083
G1 X99.573 Y91.344 E4.90033
G1 X91.344 Y99.573 E5.29425
G1 X91.344 Y100.149 E5.31375
G1 X100.149 Y91.344 E5.73524
G1 X100.724 Y91.344 E5.7547
G1 X91.344 Y100.724 E6.20371
G1 X91.344 Y101.3 E6.22321
G1 X101.3 Y91.344 E6.6998
G1 X101.876 Y91.344 E6.7193
G1 X91.344 Y101.876 E7.22346
G1 X91.344 Y102.451 E7.24292
G1 X102.451 Y91.344 E7.77461
G1 X103.027 Y91.344 E7.79411
G1 X91.344 Y103.027 E8.35337
G1 X91.344 Y103.603 E8.37287
G1 X103.603 Y91.344 E8.9597
G1 X104.178 Y91.344 E8.97916
G1 X91.344 Y104.178 E9.59352
G1 X91.344 Y104.754 E9.61302
G1 X104.754 Y91.344 E10.25495
G1 X105.33 Y91.344 E10.27445
G1 X91.344 Y105.33 E10.94395
G1 X91.344 Y105.906 E10.96345
M73 Q4 S106
G1 X105.906 Y91.344 E11.66052
G1 X106.481 Y91.344 E11.67998
G1 X91.344 Y106.481 E12.40458
G1 X91.344 Y107.057 E12.42408
G1 X107.057 Y91.344 E13.17625
G1 X107.633 Y91.344 E13.19575
G1 X91.344 Y107.633 E13.97549
G1 X91.344 Y108.208 E13.99495
G1 X108.208 Y91.344 E14.80222
G1 X108.784 Y91.344 E14.82172
G1 X91.344 Y108.784 E15.65656
G1 X91.344 Y109.36 E15.67606
G1 X109.36 Y91.344 E16.53847
G1 X109.935 Y91.344 E16.55793
G1 X91.344 Y109.935 E17.44787
G1 X91.344 Y110.511 E17.46737
G1 X110.511 Y91.344 E18.38488
G1 X111.087 Y91.344 E18.40438
G1 X91.344 Y111.087 E19.34947
G1 X91.344 Y111.662 E19.36893
G1 X111.662 Y91.344 E20.34154
G1 X112.238 Y91.344 E20.36104
G1 X91.344 Y112.238 E21.36122
G1 X91.344 Y112.814 E21.38072
G1 X112.814 Y91.344 E22.40848
G1 X113.39 Y91.344 E22.42798
G1 X91.344 Y113.39 E23.48331
G1 X91.344 Y113.965 E23.50277
G1 X113.965 Y91.344 E24.58562
G1 X114.541 Y91.344 E24.60512
G1 X91.344 Y114.541 E25.71555
G1 X91.344 Y115.117 E25.73505
G1 X115.117 Y91.344 E26.87305
G1 X115.692 Y91.344 E26.89251
G1 X91.344 Y115.692 E28.05803
G1 X91.344 Y116.268 E28.07753
G1 X116.268 Y91.344 E29.27063
G1 X116.844 Y91.344 E29.29013
G1 X91.344 Y116.844 E30.5108
G1 X91.344 Y117.419 E30.53026
G1 X117.419 Y91.344 E31.77845
G1 X117.995 Y91.344 E31.79795
G1 X91.344 Y117.995 E33.07372
G1 X91.344 Y118.571 E33.09322
M73 P4 R103
G1 X118.571 Y91.344 E34.39656
G1 X119.147 Y91.344 E34.41606
G1 X91.344 Y119.147 E35.74697
G1 X91.344 Y119.722 E35.76643
G1 X119.722 Y91.344 E37.12487
G1 X120.298 Y91.344 E37.14437
G1 X91.344 Y120.298 E38.53038
G1 X91.344 Y120.874 E38.54988
G1 X120.874 Y91.344 E39.96346
G1 X121.449 Y91.344 E39.98292
M73 P5 R103
G1 X91.344 Y121.449 E41.42403
G1 X91.344 Y122.025 E41.44353
G1 X122.025 Y91.344 E42.91221
G1 X122.601 Y91.344 E42.93171
G1 X91.344 Y122.601 E44.42796
G1 X91.344 Y123.176 E44.44742
M73 Q5 S106
G1 X123.176 Y91.344 E45.9712
G1 X123.752 Y91.344 E45.9907
G1 X91.344 Y123.752 E47.54205
G1 X91.344 Y124.328 E47.56155
G1 X124.328 Y91.344 E49.14047
G1 X124.903 Y91.344 E49.15993
G1 X91.344 Y124.903 E50.76638
G1 X91.344 Y125.479 E50.78588
G1 X125.479 Y91.344 E52.4199
G1 X126.055 Y91.344 E52.4394
M73 Q5 S105
G1 X91.344 Y126.055 E54.10099
G1 X91.344 Y126.631 E54.12049
G1 X126.631 Y91.344 E55.80966
G1 X127.206 Y91.344 E55.82912
G1 X91.344 Y127.206 E57.54581
G1 X91.344 Y127.782 E57.56531
G1 X127.782 Y91.344 E59.30957
G1 X128.358 Y91.344 E59.32907
G1 X91.344 Y128.358 E61.10091
G1 X91.323 Y128.543 E61.10721
;WIDTH:0.41646
G1 X91.301 Y128.729 E61.11303
;WIDTH:0.38292
G1 X91.23 Y128.71 E61.11511
G1 X91.249 Y128.781 E61.11719
G1 X91.29 Y128.77 E61.11839
;WIDTH:0.449999
G1 X91.622 Y128.656 E61.13027
G1 X128.656 Y91.622 E62.90306
G1 X128.713 Y91.456 E62.909
;WIDTH:0.41646
G1 X128.77 Y91.29 E62.91445
;WIDTH:0.38292
G1 X128.729 Y91.301 E62.91565
G1 X128.71 Y91.23 E62.91773
G1 X128.781 Y91.249 E62.91981
G1 X128.656 Y92.198 F7800
;WIDTH:0.449999
G1 F1200
G1 X92.198 Y128.656 E64.66503
G1 X92.774 Y128.656 E64.68453
G1 X128.656 Y92.774 E66.40218
G1 X128.656 Y93.349 E66.42164
G1 X93.349 Y128.656 E68.11176
G1 X93.925 Y128.656 E68.13126
G1 X128.656 Y93.925 E69.79381
G1 X128.656 Y94.501 E69.81331
G1 X94.501 Y128.656 E71.44829
G1 X95.076 Y128.656 E71.46775
G1 X128.656 Y95.076 E73.0752
G1 X128.656 Y95.652 E73.0947
G1 X95.652 Y128.656 E74.67458
G1 X96.228 Y128.656 E74.69408
M73 P5 R102
G1 X128.656 Y96.228 E76.24639
G1 X128.656 Y96.804 E76.26589
G1 X96.804 Y128.656 E77.79063
G1 X97.379 Y128.656 E77.81009
G1 X128.656 Y97.379 E79.3073
G1 X128.656 Y97.955 E79.3268
G1 X97.955 Y128.656 E80.79644
G1 X98.531 Y128.656 E80.81594
G1 X128.656 Y98.531 E82.258
G1 X128.656 Y99.106 E82.27746
G1 X99.106 Y128.656 E83.692
G1 X99.682 Y128.656 E83.7115
M73 P6 R102
G1 X128.656 Y99.682 E85.09847
G1 X128.656 Y100.258 E85.11797
G1 X100.258 Y128.656 E86.47736
G1 X100.833 Y128.656 E86.49682
G1 X128.656 Y100.833 E87.82869
G1 X128.656 Y101.409 E87.84819
G1 X101.409 Y128.656 E89.15249
G1 X101.985 Y128.656 E89.17199
M73 Q6 S105
G1 X128.656 Y101.985 E90.44871
G1 X128.656 Y102.561 E90.46821
G1 X102.561 Y128.656 E91.71736
G1 X103.136 Y128.656 E91.73682
M73 Q6 S104
G1 X128.656 Y103.136 E92.95845
G1 X128.656 Y103.712 E92.97795
G1 X103.712 Y128.656 E94.172
G1 X104.288 Y128.656 E94.1915
G1 X128.656 Y104.288 E95.35798
G1 X128.656 Y104.863 E95.37744
G1 X104.863 Y128.656 E96.5164
G1 X105.439 Y128.656 E96.5359
G1 X128.656 Y105.439 E97.64728
G1 X128.656 Y106.015 E97.66678
G1 X106.015 Y128.656 E98.75059
G1 X106.59 Y128.656 E98.77005
G1 X128.656 Y106.59 E99.82634
G1 X128.656 Y107.166 E99.84584
G1 X107.166 Y128.656 E100.87455
G1 X107.742 Y128.656 E100.89405
G1 X128.656 Y107.742 E101.89519
G1 X128.656 Y108.318 E101.91469
G1 X108.318 Y128.656 E102.88826
G1 X108.893 Y128.656 E102.90772
G1 X128.656 Y108.893 E103.85376
G1 X128.656 Y109.469 E103.87326
G1 X109.469 Y128.656 E104.79173
G1 X110.045 Y128.656 E104.81123
G1 X128.656 Y110.045 E105.70213
G1 X128.656 Y110.62 E105.72159
G1 X110.62 Y128.656 E106.58496
G1 X111.196 Y128.656 E106.60446
G1 X128.656 Y111.196 E107.44026
G1 X128.656 Y111.772 E107.45976
G1 X111.772 Y128.656 E108.26799
G1 X112.347 Y128.656 E108.28745
G1 X128.656 Y112.347 E109.06815
G1 X128.656 Y112.923 E109.08765
G1 X112.923 Y128.656 E109.84078
G1 X113.499 Y128.656 E109.86028
G1 X128.656 Y113.499 E110.58584
G1 X128.656 Y114.074 E110.6053
G1 X114.074 Y128.656 E111.30333
G1 X114.65 Y128.656 E111.32283
G1 X128.656 Y114.65 E111.99329
G1 X128.656 Y115.226 E112.01279
G1 X115.226 Y128.656 E112.65568
G1 X115.802 Y128.656 E112.67518
G1 X128.656 Y115.802 E113.29049
G1 X128.656 Y116.377 E113.30995
G1 X116.377 Y128.656 E113.89774
G1 X116.953 Y128.656 E113.91724
G1 X128.656 Y116.953 E114.47746
G1 X128.656 Y117.529 E114.49696
M73 P6 R101
G1 X117.529 Y128.656 E115.0296
G1 X118.104 Y128.656 E115.04906
G1 X128.656 Y118.104 E115.55418
G1 X128.656 Y118.68 E115.57368
G1 X118.68 Y128.656 E116.05122
G1 X119.256 Y128.656 E116.07072
G1 X128.656 Y119.256 E116.52069
G1 X128.656 Y119.831 E116.54015
G1 X119.831 Y128.656 E116.9626
G1 X120.407 Y128.656 E116.9821
G1 X128.656 Y120.407 E117.37697
G1 X128.656 Y120.983 E117.39647
G1 X120.983 Y128.656 E117.76377
G1 X121.559 Y128.656 E117.78327
G1 X128.656 Y121.559 E118.123
G1 X128.656 Y122.134 E118.14246
G1 X122.134 Y128.656 E118.45466
G1 X122.71 Y128.656 E118.47416
G1 X128.656 Y122.71 E118.75879
G1 X128.656 Y123.286 E118.77829
G1 X123.286 Y128.656 E119.03535
G1 X123.861 Y128.656 E119.05481
G1 X128.656 Y123.861 E119.28434
G1 X128.656 Y124.437 E119.30384
G1 X124.437 Y128.656 E119.5058
G1 X125.013 Y128.656 E119.5253
G1 X128.656 Y125.013 E119.69969
G1 X128.656 Y125.588 E119.71915
G1 X125.588 Y128.656 E119.86601
G1 X126.164 Y128.656 E119.88551
G1 X128.656 Y126.164 E120.0048
G1 X128.87 Y126.573 E120.02042
;WIDTH:0.38292
G1 X128.799 Y126.553 E120.02251
G1 X128.818 Y126.625 E120.02462
G1 X128.859 Y126.614 E120.02582
;WIDTH:0.41646
G1 X128.757 Y126.677 E120.02954
;WIDTH:0.449999
G1 X128.656 Y126.74 E120.03357
G1 X126.74 Y128.656 E120.12529
G1 X126.677 Y128.757 E120.12932
;WIDTH:0.41646
G1 X126.614 Y128.859 E120.13304
;WIDTH:0.38292
G1 X126.573 Y128.87 E120.13424
G1 X126.553 Y128.799 E120.13633
G1 X126.625 Y128.818 E120.13844
G1 E118.13844 F2400
G92 E0
G1 X128.512 Y127.459 F7800
G1 E2 F2400
;WIDTH:0.449999
G1 F1200
G1 X127.316 Y128.656 E2.05728
G1 X128.656 Y128.656 E2.10264
G1 X128.656 Y127.316 E2.148
;LAYER_CHANGE
;Z:0.9
;HEIGHT:0.2
G1 Z.9 F7800
G1 X128.961 Y128.961
;TYPE:Perimeter
G1 F4800
G1 X91.039 Y128.961 E3.43161
G1 X91.039 Y91.039 E4.71522
G1 X128.961 Y91.039 E5.99883
G1 X128.961 Y128.901 E7.28041
G1 X129.368 Y129.368 F7800
G1 F4800
G1 X90.632 Y129.368 E8.59158
G1 X90.632 Y90.632 E9.90275
G1 X129.368 Y90.632 E11.21392
G1 X129.368 Y129.308 E12.52305
G1 X129.775 Y129.775 F7800
;TYPE:External perimeter
G1 F2400
G1 X90.225 Y129.775 E13.86177
G1 X90.225 Y90.225 E15.20049
G1 X129.775 Y90.225 E16.53921
G1 X129.775 Y129.715 E17.8759
G1 X129.379 Y129.774 F7800
G1 E15.8759 F2400
G92 E0
G1 X91.377 Y128.545 F7800
G1 E2 F2400
;TYPE:Solid infill
;WIDTH:0.548766
G1 F1200
G1 X91.333 Y128.59 E2.00265
G1 X91.349 Y128.651 E2.0053
G1 X91.41 Y128.667 E2.00795
G1 X91.455 Y128.623 E2.0106
G1 X91.439 Y128.561 E2.01329
G1 X92.234 Y128.788 F7800
;WIDTH:0.38292
G1 F1200
G1 X92.215 Y128.859 E2.01537
G1 X92.286 Y128.84 E2.01745
G1 X92.275 Y128.799 E2.01865
;WIDTH:0.41646
G1 X92.182 Y128.727 E2.0223
;WIDTH:0.449999
G1 X92.089 Y128.656 E2.02626
G1 X91.344 Y127.911 E2.06192
G1 X91.273 Y127.818 E2.06588
;WIDTH:0.41646
G1 X91.201 Y127.725 E2.06953
;WIDTH:0.38292
G1 X91.212 Y127.766 E2.07073
G1 X91.141 Y127.785 E2.07281
G1 X91.16 Y127.714 E2.07489
;WIDTH:0.449999
G1 X91.344 Y127.336 E2.08912
G1 X92.664 Y128.656 E2.15231
G1 X93.24 Y128.656 E2.17181
G1 X91.344 Y126.76 E2.26257
G1 X91.344 Y126.184 E2.28207
G1 X93.816 Y128.656 E2.4004
G1 X94.392 Y128.656 E2.4199
G1 X91.344 Y125.608 E2.56581
G1 X91.344 Y125.033 E2.58527
G1 X94.967 Y128.656 E2.7587
G1 X95.543 Y128.656 E2.7782
G1 X91.344 Y124.457 E2.9792
G1 X91.344 Y123.881 E2.9987
M73 P7 R101
G1 X96.119 Y128.656 E3.22728
G1 X96.694 Y128.656 E3.24674
G1 X91.344 Y123.306 E3.50284
G1 X91.344 Y122.73 E3.52234
G1 X97.27 Y128.656 E3.80601
G1 X97.846 Y128.656 E3.82551
G1 X91.344 Y122.154 E4.13676
G1 X91.344 Y121.579 E4.15622
G1 X98.421 Y128.656 E4.49499
G1 X98.997 Y128.656 E4.51449
G1 X91.344 Y121.003 E4.88083
G1 X91.344 Y120.427 E4.90033
G1 X99.573 Y128.656 E5.29425
G1 X100.149 Y128.656 E5.31375
G1 X91.344 Y119.851 E5.73524
G1 X91.344 Y119.276 E5.7547
G1 X100.724 Y128.656 E6.20371
G1 X101.3 Y128.656 E6.22321
G1 X91.344 Y118.7 E6.6998
G1 X91.344 Y118.124 E6.7193
G1 X101.876 Y128.656 E7.22346
G1 X102.451 Y128.656 E7.24292
G1 X91.344 Y117.549 E7.77461
G1 X91.344 Y116.973 E7.79411
M73 Q6 S103
G1 X103.027 Y128.656 E8.35337
G1 X103.603 Y128.656 E8.37287
G1 X91.344 Y116.397 E8.9597
G1 X91.344 Y115.822 E8.97916
M73 Q7 S103
G1 X104.178 Y128.656 E9.59352
G1 X104.754 Y128.656 E9.61302
G1 X91.344 Y115.246 E10.25495
G1 X91.344 Y114.67 E10.27445
G1 X105.33 Y128.656 E10.94395
G1 X105.906 Y128.656 E10.96345
G1 X91.344 Y114.095 E11.6605
G1 X91.344 Y113.519 E11.68
G1 X106.481 Y128.656 E12.4046
G1 X107.057 Y128.656 E12.4241
G1 X91.344 Y112.943 E13.17627
G1 X91.344 Y112.367 E13.19577
G1 X107.633 Y128.656 E13.97551
G1 X108.208 Y128.656 E13.99497
G1 X91.344 Y111.792 E14.80224
G1 X91.344 Y111.216 E14.82174
G1 X108.784 Y128.656 E15.65658
G1 X109.36 Y128.656 E15.67608
G1 X91.344 Y110.64 E16.53849
G1 X91.344 Y110.065 E16.55795
G1 X109.935 Y128.656 E17.44789
G1 X110.511 Y128.656 E17.46739
G1 X91.344 Y109.489 E18.3849
G1 X91.344 Y108.913 E18.4044
G1 X111.087 Y128.656 E19.34949
G1 X111.662 Y128.656 E19.36895
G1 X91.344 Y108.338 E20.34156
G1 X91.344 Y107.762 E20.36106
G1 X112.238 Y128.656 E21.36124
G1 X112.814 Y128.656 E21.38074
G1 X91.344 Y107.186 E22.4085
G1 X91.344 Y106.61 E22.428
G1 X113.39 Y128.656 E23.48333
G1 X113.965 Y128.656 E23.50279
G1 X91.344 Y106.035 E24.58564
G1 X91.344 Y105.459 E24.60514
G1 X114.541 Y128.656 E25.71557
G1 X115.117 Y128.656 E25.73507
G1 X91.344 Y104.883 E26.87307
G1 X91.344 Y104.308 E26.89253
G1 X115.692 Y128.656 E28.05805
G1 X116.268 Y128.656 E28.07755
G1 X91.344 Y103.732 E29.27065
G1 X91.344 Y103.156 E29.29015
G1 X116.844 Y128.656 E30.51082
G1 X117.419 Y128.656 E30.53028
M73 P7 R100
G1 X91.344 Y102.581 E31.77847
G1 X91.344 Y102.005 E31.79797
G1 X117.995 Y128.656 E33.07374
G1 X118.571 Y128.656 E33.09324
G1 X91.344 Y101.429 E34.39658
G1 X91.344 Y100.853 E34.41608
G1 X119.147 Y128.656 E35.74699
G1 X119.722 Y128.656 E35.76645
G1 X91.344 Y100.278 E37.12489
G1 X91.344 Y99.702 E37.14439
G1 X120.298 Y128.656 E38.5304
G1 X120.874 Y128.656 E38.5499
G1 X91.344 Y99.126 E39.96348
G1 X91.344 Y98.551 E39.98294
G1 X121.449 Y128.656 E41.42405
G1 X122.025 Y128.656 E41.44355
G1 X91.344 Y97.975 E42.91223
G1 X91.344 Y97.399 E42.93173
G1 X122.601 Y128.656 E44.42798
G1 X123.176 Y128.656 E44.44744
G1 X91.344 Y96.824 E45.97122
G1 X91.344 Y96.248 E45.99072
G1 X123.752 Y128.656 E47.54207
G1 X124.328 Y128.656 E47.56157
M73 P8 R100
G1 X91.344 Y95.672 E49.14049
G1 X91.344 Y95.097 E49.15995
M73 Q7 S102
G1 X124.903 Y128.656 E50.7664
G1 X125.479 Y128.656 E50.7859
G1 X91.344 Y94.521 E52.41992
G1 X91.344 Y93.945 E52.43942
G1 X126.055 Y128.656 E54.10101
G1 X126.631 Y128.656 E54.12051
M73 Q8 S102
G1 X91.344 Y93.369 E55.80968
G1 X91.344 Y92.794 E55.82914
G1 X127.206 Y128.656 E57.54583
G1 X127.782 Y128.656 E57.56533
G1 X91.344 Y92.218 E59.30959
G1 X91.344 Y91.642 E59.32909
G1 X128.358 Y128.656 E61.10093
G1 X128.543 Y128.677 E61.10723
;WIDTH:0.41646
G1 X128.729 Y128.699 E61.11305
;WIDTH:0.38292
G1 X128.71 Y128.77 E61.11513
G1 X128.781 Y128.751 E61.11721
G1 X128.77 Y128.71 E61.11841
;WIDTH:0.449999
G1 X128.656 Y128.378 E61.13029
G1 X91.622 Y91.344 E62.90308
G1 X91.456 Y91.287 E62.90902
;WIDTH:0.41646
G1 X91.29 Y91.23 E62.91447
;WIDTH:0.38292
G1 X91.301 Y91.271 E62.91567
G1 X91.23 Y91.29 E62.91775
G1 X91.249 Y91.219 E62.91983
G1 X92.198 Y91.344 F7800
;WIDTH:0.449999
G1 F1200
G1 X128.656 Y127.802 E64.66505
G1 X128.656 Y127.226 E64.68455
G1 X92.774 Y91.344 E66.4022
G1 X93.349 Y91.344 E66.42166
G1 X128.656 Y126.651 E68.11178
G1 X128.656 Y126.075 E68.13128
G1 X93.925 Y91.344 E69.79383
G1 X94.501 Y91.344 E69.81333
G1 X128.656 Y125.499 E71.44831
G1 X128.656 Y124.924 E71.46777
M73 P8 R99
G1 X95.076 Y91.344 E73.07522
G1 X95.652 Y91.344 E73.09472
G1 X128.656 Y124.348 E74.6746
G1 X128.656 Y123.772 E74.6941
G1 X96.228 Y91.344 E76.24641
G1 X96.804 Y91.344 E76.26591
G1 X128.656 Y123.196 E77.79065
G1 X128.656 Y122.621 E77.81011
G1 X97.379 Y91.344 E79.30732
G1 X97.955 Y91.344 E79.32682
G1 X128.656 Y122.045 E80.79646
G1 X128.656 Y121.469 E80.81596
G1 X98.531 Y91.344 E82.25802
G1 X99.106 Y91.344 E82.27748
G1 X128.656 Y120.894 E83.69202
G1 X128.656 Y120.318 E83.71152
G1 X99.682 Y91.344 E85.09849
G1 X100.258 Y91.344 E85.11799
G1 X128.656 Y119.742 E86.47738
G1 X128.656 Y119.167 E86.49684
G1 X100.833 Y91.344 E87.82871
G1 X101.409 Y91.344 E87.84821
G1 X128.656 Y118.591 E89.15251
G1 X128.656 Y118.015 E89.17201
M73 Q8 S101
G1 X101.985 Y91.344 E90.44873
G1 X102.561 Y91.344 E90.46823
G1 X128.656 Y117.439 E91.71738
G1 X128.656 Y116.864 E91.73684
M73 P9 R99
G1 X103.136 Y91.344 E92.95847
G1 X103.712 Y91.344 E92.97797
G1 X128.656 Y116.288 E94.17202
G1 X128.656 Y115.712 E94.19152
G1 X104.288 Y91.344 E95.358
G1 X104.863 Y91.344 E95.37746
G1 X128.656 Y115.137 E96.51642
G1 X128.656 Y114.561 E96.53592
G1 X105.439 Y91.344 E97.6473
G1 X106.015 Y91.344 E97.6668
G1 X128.656 Y113.985 E98.75061
G1 X128.656 Y113.41 E98.77007
G1 X106.59 Y91.344 E99.82636
G1 X107.166 Y91.344 E99.84586
M73 Q9 S101
G1 X128.656 Y112.834 E100.87457
G1 X128.656 Y112.258 E100.89407
G1 X107.742 Y91.344 E101.89521
G1 X108.318 Y91.344 E101.91471
G1 X128.656 Y111.683 E102.8883
G1 X128.656 Y111.107 E102.9078
G1 X108.893 Y91.344 E103.85384
G1 X109.469 Y91.344 E103.87334
G1 X128.656 Y110.531 E104.79181
G1 X128.656 Y109.955 E104.81131
G1 X110.045 Y91.344 E105.70221
G1 X110.62 Y91.344 E105.72167
G1 X128.656 Y109.38 E106.58504
G1 X128.656 Y108.804 E106.60454
G1 X111.196 Y91.344 E107.44034
G1 X111.772 Y91.344 E107.45984
G1 X128.656 Y108.228 E108.26807
G1 X128.656 Y107.653 E108.28753
G1 X112.347 Y91.344 E109.06823
G1 X112.923 Y91.344 E109.08773
G1 X128.656 Y107.077 E109.84086
G1 X128.656 Y106.501 E109.86036
G1 X113.499 Y91.344 E110.58592
G1 X114.074 Y91.344 E110.60538
G1 X128.656 Y105.926 E111.30341
G1 X128.656 Y105.35 E111.32291
M73 P9 R98
G1 X114.65 Y91.344 E111.99337
G1 X115.226 Y91.344 E112.01287
G1 X128.656 Y104.774 E112.65576
G1 X128.656 Y104.198 E112.67526
G1 X115.802 Y91.344 E113.29057
G1 X116.377 Y91.344 E113.31003
G1 X128.656 Y103.623 E113.89782
G1 X128.656 Y103.047 E113.91732
G1 X116.953 Y91.344 E114.47754
G1 X117.529 Y91.344 E114.49704
G1 X128.656 Y102.471 E115.02968
G1 X128.656 Y101.896 E115.04914
G1 X118.104 Y91.344 E115.55426
G1 X118.68 Y91.344 E115.57376
G1 X128.656 Y101.32 E116.0513
G1 X128.656 Y100.744 E116.0708
G1 X119.256 Y91.344 E116.52077
G1 X119.831 Y91.344 E116.54023
G1 X128.656 Y100.169 E116.96268
G1 X128.656 Y99.593 E116.98218
G1 X120.407 Y91.344 E117.37705
G1 X120.983 Y91.344 E117.39655
G1 X128.656 Y99.017 E117.76385
G1 X128.656 Y98.441 E117.78335
G1 X121.559 Y91.344 E118.12308
G1 X122.134 Y91.344 E118.14254
G1 X128.656 Y97.866 E118.45474
G1 X128.656 Y97.29 E118.47424
G1 X122.71 Y91.344 E118.75887
G1 X123.286 Y91.344 E118.77837
G1 X128.656 Y96.714 E119.03543
G1 X128.656 Y96.139 E119.05489
G1 X123.861 Y91.344 E119.28442
G1 X124.437 Y91.344 E119.30392
G1 X128.656 Y95.563 E119.50588
G1 X128.656 Y94.987 E119.52538
G1 X125.013 Y91.344 E119.69977
G1 X125.588 Y91.344 E119.71923
G1 X128.656 Y94.412 E119.86609
G1 X128.656 Y93.836 E119.88559
G1 X126.164 Y91.344 E120.00488
G1 X126.573 Y91.13 E120.0205
;WIDTH:0.38292
G1 X126.553 Y91.201 E120.02259
G1 X126.625 Y91.182 E120.0247
G1 X126.614 Y91.141 E120.0259
;WIDTH:0.41646
G1 X126.677 Y91.243 E120.02962
;WIDTH:0.449999
G1 X126.74 Y91.344 E120.03365
G1 X128.656 Y93.26 E120.12537
G1 X128.757 Y93.323 E120.1294
;WIDTH:0.41646
G1 X128.859 Y93.386 E120.13312
;WIDTH:0.38292
G1 X128.87 Y93.427 E120.13432
G1 X128.799 Y93.447 E120.13641
G1 X128.818 Y93.375 E120.13852
G1 E118.13852 F2400
G92 E0
G1 X127.459 Y91.488 F7800
G1 E2 F2400
;WIDTH:0.449999
G1 F1200
G1 X128.656 Y92.684 E2.05728
G1 X128.656 Y91.344 E2.10264
G1 X127.316 Y91.344 E2.148
M106 S38.25
;LAYER_CHANGE
;Z:1.1
;HEIGHT:0.2
G1 E.148 F2400
G92 E0
G1 Z1.1 F7800
G1 X128.961 Y128.961
G1 E2 F2400
;TYPE:Perimeter
G1 F3253
G1 X91.039 Y128.961 E3.28361
G1 X91.039 Y91.039 E4.56722
G1 X128.961 Y91.039 E5.85083
G1 X128.961 Y128.901 E7.13241
G1 X129.368 Y129.368 F7800
G1 F3253
G1 X90.632 Y129.368 E8.44358
G1 X90.632 Y90.632 E9.75475
G1 X129.368 Y90.632 E11.06592
G1 X129.368 Y129.308 E12.37505
G1 X129.775 Y129.775 F7800
;TYPE:External perimeter
G1 F2400
G1 X90.225 Y129.775 E13.71377
G1 X90.225 Y90.225 E15.05249
G1 X129.775 Y90.225 E16.39121
G1 X129.775 Y129.715 E17.7279
G1 X129.379 Y129.774 F7800
;LAYER_CHANGE
;Z:1.3
;HEIGHT:0.2
G1 Z1.3 F7800
G1 X128.961 Y128.961
;TYPE:Perimeter
G1 F4800
G1 X91.039 Y128.961 E19.01151
G1 X91.039 Y91.039 E20.29512
G1 X128.961 Y91.039 E21.57873
G1 X128.961 Y128.901 E22.86031
M73 Q9 S100
G1 X129.368 Y129.368 F7800
G1 F4800
G1 X90.632 Y129.368 E24.17148
G1 X90.632 Y90.632 E25.48265
G1 X129.368 Y90.632 E26.79382
G1 X129.368 Y129.308 E28.10295
G1 X129.775 Y129.775 F7800
;TYPE:External perimeter
G1 F2400
G1 X90.225 Y129.775 E29.44167
G1 X90.225 Y90.225 E30.78039
G1 X129.775 Y90.225 E32.11911
G1 X129.775 Y129.715 E33.4558
G1 X129.379 Y129.774 F7800
G1 E31.4558 F2400
G92 E0
G1 X128.839 Y91.83 F7800
G1 E2 F2400
;TYPE:Internal infill
;WIDTH:0.45
;HEIGHT:0.4
G1 F4800
G1 X128.354 Y91.344 E2.04158
G1 X127.531 Y91.344 E2.09142
G1 X128.656 Y92.469 E2.18777
G1 X128.656 Y93.291 E2.23755
G1 X126.709 Y91.344 E2.4043
G1 X125.886 Y91.344 E2.45414
G1 X128.656 Y94.114 E2.69138
G1 X128.656 Y94.936 E2.74116
G1 X125.064 Y91.344 E3.0488
G1 X124.241 Y91.344 E3.09864
G1 X128.656 Y95.759 E3.47676
G1 X128.656 Y96.581 E3.52654
G1 X123.419 Y91.344 E3.97506
G1 X122.597 Y91.344 E4.02484
G1 X128.656 Y97.403 E4.54376
G1 X128.656 Y98.226 E4.5936
G1 X121.774 Y91.344 E5.18301
G1 X120.952 Y91.344 E5.23279
G1 X128.656 Y99.048 E5.8926
G1 X128.656 Y99.871 E5.94244
G1 X120.129 Y91.344 E6.67273
G1 X119.307 Y91.344 E6.72251
G1 X128.656 Y100.693 E7.5232
G1 X128.656 Y101.516 E7.57304
G1 X118.484 Y91.344 E8.44422
G1 X117.662 Y91.344 E8.494
G1 X128.656 Y102.338 E9.43558
G1 X128.656 Y103.16 E9.48536
G1 X116.84 Y91.344 E10.49734
G1 X116.017 Y91.344 E10.54718
G1 X128.656 Y103.983 E11.62964
G1 X128.656 Y104.805 E11.67942
G1 X115.195 Y91.344 E12.83228
G1 X114.372 Y91.344 E12.88212
M73 P10 R98
G1 X128.656 Y105.628 E14.10547
G1 X128.656 Y106.45 E14.15525
G1 X113.55 Y91.344 E15.449
G1 X112.728 Y91.344 E15.49878
G1 X128.656 Y107.272 E16.86293
G1 X128.656 Y108.095 E16.91277
G1 X111.905 Y91.344 E18.3474
G1 X111.083 Y91.344 E18.39718
G1 X128.656 Y108.917 E19.90221
G1 X128.656 Y109.74 E19.95205
G1 X110.26 Y91.344 E21.52757
G1 X109.438 Y91.344 E21.57735
G1 X128.656 Y110.562 E23.22327
G1 X128.656 Y111.385 E23.27311
G1 X108.615 Y91.344 E24.98951
G1 X107.793 Y91.344 E25.03929
G1 X128.656 Y112.207 E26.82609
G1 X128.656 Y113.029 E26.87587
G1 X106.971 Y91.344 E28.73307
G1 X106.148 Y91.344 E28.78291
G1 X128.656 Y113.852 E30.7106
G1 X128.656 Y114.674 E30.76038
G1 X105.326 Y91.344 E32.75847
G1 X104.503 Y91.344 E32.80831
G1 X128.656 Y115.497 E34.87689
G1 X128.656 Y116.319 E34.92667
G1 X103.681 Y91.344 E37.06565
G1 X102.858 Y91.344 E37.11549
G1 X128.656 Y117.142 E39.32495
G1 X128.656 Y117.964 E39.37473
G1 X102.036 Y91.344 E41.65459
G1 X101.214 Y91.344 E41.70437
G1 X128.656 Y118.786 E44.05463
G1 X128.656 Y119.609 E44.10447
G1 X100.391 Y91.344 E46.52522
G1 X99.569 Y91.344 E46.575
G1 X128.656 Y120.431 E49.06615
G1 X128.656 Y121.254 E49.11599
G1 X98.746 Y91.344 E51.67762
G1 X97.924 Y91.344 E51.7274
G1 X128.656 Y122.076 E54.35943
G1 X128.656 Y122.899 E54.40927
G1 X97.101 Y91.344 E57.11179
G1 X96.279 Y91.344 E57.16157
G1 X128.656 Y123.721 E59.93449
G1 X128.656 Y124.543 E59.98427
G1 X95.457 Y91.344 E62.82759
G1 X94.634 Y91.344 E62.87743
G1 X128.656 Y125.366 E65.79123
G1 X128.656 Y126.188 E65.84101
M73 Q10 S100
G1 X93.812 Y91.344 E68.82521
G1 X92.989 Y91.344 E68.87505
G1 X128.656 Y127.011 E71.92974
G1 X128.656 Y127.833 E71.97952
G1 X92.167 Y91.344 E75.10461
G1 X91.344 Y91.344 E75.15445
G1 X128.656 Y128.656 E78.35002
G1 X127.833 Y128.656 E78.39986
G1 X91.344 Y92.167 E81.52495
G1 X91.344 Y92.989 E81.57473
G1 X127.011 Y128.656 E84.62942
G1 X126.188 Y128.656 E84.67926
G1 X91.344 Y93.812 E87.66346
G1 X91.344 Y94.634 E87.71324
G1 X125.366 Y128.656 E90.62704
G1 X124.543 Y128.656 E90.67688
G1 X91.344 Y95.457 E93.5202
G1 X91.344 Y96.279 E93.56998
G1 X123.721 Y128.656 E96.3429
G1 X122.899 Y128.656 E96.39268
G1 X91.344 Y97.101 E99.0952
G1 X91.344 Y97.924 E99.14504
G1 X122.076 Y128.656 E101.77707
G1 X121.254 Y128.656 E101.82685
G1 X91.344 Y98.746 E104.38848
G1 X91.344 Y99.569 E104.43832
G1 X120.431 Y128.656 E106.92947
G1 X119.609 Y128.656 E106.97925
G1 X91.344 Y100.391 E109.4
G1 X91.344 Y101.214 E109.44984
G1 X118.786 Y128.656 E111.8001
G1 X117.964 Y128.656 E111.84988
G1 X91.344 Y102.036 E114.12974
G1 X91.344 Y102.858 E114.17952
M73 P10 R97
G1 X117.142 Y128.656 E116.38898
G1 X116.319 Y128.656 E116.43882
G1 X91.344 Y103.681 E118.5778
G1 X91.344 Y104.503 E118.62758
G1 X115.497 Y128.656 E120.69616
G1 X114.674 Y128.656 E120.746
G1 X91.344 Y105.326 E122.74409
G1 X91.344 Y106.148 E122.79387
G1 X113.852 Y128.656 E124.72156
G1 X113.029 Y128.656 E124.7714
G1 X91.344 Y106.971 E126.6286
G1 X91.344 Y107.793 E126.67838
G1 X112.207 Y128.656 E128.46518
G1 X111.385 Y128.656 E128.51496
G1 X91.344 Y108.615 E130.23136
G1 X91.344 Y109.438 E130.2812
G1 X110.562 Y128.656 E131.92712
G1 X109.74 Y128.656 E131.9769
G1 X91.344 Y110.26 E133.55242
G1 X91.344 Y111.083 E133.60226
G1 X108.917 Y128.656 E135.10729
G1 X108.095 Y128.656 E135.15707
G1 X91.344 Y111.905 E136.5917
G1 X91.344 Y112.728 E136.64154
G1 X107.272 Y128.656 E138.00569
G1 X106.45 Y128.656 E138.05547
G1 X91.344 Y113.55 E139.34922
G1 X91.344 Y114.372 E139.399
G1 X105.628 Y128.656 E140.62235
G1 X104.805 Y128.656 E140.67219
G1 X91.344 Y115.195 E141.82505
G1 X91.344 Y116.017 E141.87483
G1 X103.983 Y128.656 E142.95729
G1 X103.16 Y128.656 E143.00713
G1 X91.344 Y116.84 E144.01911
G1 X91.344 Y117.662 E144.06889
G1 X102.338 Y128.656 E145.01047
G1 X101.516 Y128.656 E145.06025
G1 X91.344 Y118.484 E145.93143
G1 X91.344 Y119.307 E145.98127
G1 X100.693 Y128.656 E146.78196
G1 X99.871 Y128.656 E146.83174
G1 X91.344 Y120.129 E147.56203
G1 X91.344 Y120.952 E147.61187
G1 X99.048 Y128.656 E148.27168
G1 X98.226 Y128.656 E148.32146
G1 X91.344 Y121.774 E148.91087
G1 X91.344 Y122.597 E148.96071
G1 X97.403 Y128.656 E149.47963
G1 X96.581 Y128.656 E149.52941
G1 X91.344 Y123.419 E149.97793
G1 X91.344 Y124.241 E150.02771
G1 X95.759 Y128.656 E150.40583
G1 X94.936 Y128.656 E150.45567
G1 X91.344 Y125.064 E150.76331
G1 X91.344 Y125.886 E150.81309
G1 X94.114 Y128.656 E151.05033
G1 X93.291 Y128.656 E151.10017
G1 X91.344 Y126.709 E151.26692
G1 X91.344 Y127.531 E151.3167
G1 X92.469 Y128.656 E151.41305
G1 X91.646 Y128.656 E151.46289
G1 X91.161 Y128.17 E151.50447
;LAYER_CHANGE
;Z:1.5
;HEIGHT:0.2
G1 E149.50447 F2400
G92 E0
G1 Z1.5 F7800
G1 X128.961 Y128.961
G1 E2 F2400
;TYPE:Perimeter
;WIDTH:0.449999
G1 F3254
G1 X91.039 Y128.961 E3.28361
G1 X91.039 Y91.039 E4.56722
G1 X128.961 Y91.039 E5.85083
G1 X128.961 Y128.901 E7.13241
G1 X129.368 Y129.368 F7800
G1 F3254
G1 X90.632 Y129.368 E8.44358
G1 X90.632 Y90.632 E9.75475
G1 X129.368 Y90.632 E11.06592
G1 X129.368 Y129.308 E12.37505
G1 X129.775 Y129.775 F7800
;TYPE:External perimeter
G1 F2400
G1 X90.225 Y129.775 E13.71377
G1 X90.225 Y90.225 E15.05249
G1 X129.775 Y90.225 E16.39121
G1 X129.775 Y129.715 E17.7279
G1 X129.379 Y129.774 F7800
;LAYER_CHANGE
;Z:1.7
;HEIGHT:0.2
G1 Z1.7 F7800
G1 X128.961 Y128.961
;TYPE:Perimeter
G1 F4800
G1 X91.039 Y128.961 E19.01151
G1 X91.039 Y91.039 E20.29512
G1 X128.961 Y91.039 E21.57873
G1 X128.961 Y128.901 E22.86031
G1 X129.368 Y129.368 F7800
G1 F4800
G1 X90.632 Y129.368 E24.17148
G1 X90.632 Y90.632 E25.48265
G1 X129.368 Y90.632 E26.79382
G1 X129.368 Y129.308 E28.10295
G1 X129.775 Y129.775 F7800
M73 Q10 S99
;TYPE:External perimeter
G1 F2400
G1 X90.225 Y129.775 E29.44167
G1 X90.225 Y90.225 E30.78039
G1 X129.775 Y90.225 E32.11911
G1 X129.775 Y129.715 E33.4558
G1 X129.379 Y129.774 F7800
G1 X128.17 Y128.839
;TYPE:Internal infill
;WIDTH:0.45
;HEIGHT:0.4
G1 F4800
G1 X128.656 Y128.354 E33.49738
G1 X128.656 Y127.531 E33.54722
G1 X127.531 Y128.656 E33.64357
G1 X126.709 Y128.656 E33.69335
G1 X128.656 Y126.709 E33.8601
G1 X128.656 Y125.886 E33.90994
G1 X125.886 Y128.656 E34.14718
G1 X125.064 Y128.656 E34.19696
G1 X128.656 Y125.064 E34.5046
G1 X128.656 Y124.241 E34.55444
G1 X124.241 Y128.656 E34.93256
G1 X123.419 Y128.656 E34.98234
G1 X128.656 Y123.419 E35.43086
G1 X128.656 Y122.597 E35.48064
G1 X122.597 Y128.656 E35.99956
G1 X121.774 Y128.656 E36.0494
G1 X128.656 Y121.774 E36.63881
G1 X128.656 Y120.952 E36.68859
G1 X120.952 Y128.656 E37.3484
G1 X120.129 Y128.656 E37.39824
G1 X128.656 Y120.129 E38.12853
G1 X128.656 Y119.307 E38.17831
G1 X119.307 Y128.656 E38.979
G1 X118.484 Y128.656 E39.02884
G1 X128.656 Y118.484 E39.90002
G1 X128.656 Y117.662 E39.9498
G1 X117.662 Y128.656 E40.89138
G1 X116.84 Y128.656 E40.94116
G1 X128.656 Y116.84 E41.95314
G1 X128.656 Y116.017 E42.00298
G1 X116.017 Y128.656 E43.08544
G1 X115.195 Y128.656 E43.13522
G1 X128.656 Y115.195 E44.28808
G1 X128.656 Y114.372 E44.33792
G1 X114.372 Y128.656 E45.56127
G1 X113.55 Y128.656 E45.61105
G1 X128.656 Y113.55 E46.9048
G1 X128.656 Y112.728 E46.95458
G1 X112.728 Y128.656 E48.31873
G1 X111.905 Y128.656 E48.36857
G1 X128.656 Y111.905 E49.8032
G1 X128.656 Y111.083 E49.85298
G1 X111.083 Y128.656 E51.35801
G1 X110.26 Y128.656 E51.40785
G1 X128.656 Y110.26 E52.98337
G1 X128.656 Y109.438 E53.03315
G1 X109.438 Y128.656 E54.67907
G1 X108.615 Y128.656 E54.72891
G1 X128.656 Y108.615 E56.44531
G1 X128.656 Y107.793 E56.49509
G1 X107.793 Y128.656 E58.28189
G1 X106.971 Y128.656 E58.33167
G1 X128.656 Y106.971 E60.18887
G1 X128.656 Y106.148 E60.23871
G1 X106.148 Y128.656 E62.1664
G1 X105.326 Y128.656 E62.21618
G1 X128.656 Y105.326 E64.21427
G1 X128.656 Y104.503 E64.26411
G1 X104.503 Y128.656 E66.33269
G1 X103.681 Y128.656 E66.38247
G1 X128.656 Y103.681 E68.52145
G1 X128.656 Y102.858 E68.57129
G1 X102.858 Y128.656 E70.78075
G1 X102.036 Y128.656 E70.83053
G1 X128.656 Y102.036 E73.11039
G1 X128.656 Y101.214 E73.16017
G1 X101.214 Y128.656 E75.51043
G1 X100.391 Y128.656 E75.56027
G1 X128.656 Y100.391 E77.98102
G1 X128.656 Y99.569 E78.0308
G1 X99.569 Y128.656 E80.52195
G1 X98.746 Y128.656 E80.57179
G1 X128.656 Y98.746 E83.13342
G1 X128.656 Y97.924 E83.1832
G1 X97.924 Y128.656 E85.81523
G1 X97.101 Y128.656 E85.86507
G1 X128.656 Y97.101 E88.56759
G1 X128.656 Y96.279 E88.61737
M73 P11 R97
G1 X96.279 Y128.656 E91.39029
G1 X95.457 Y128.656 E91.44007
G1 X128.656 Y95.457 E94.28339
G1 X128.656 Y94.634 E94.33323
G1 X94.634 Y128.656 E97.24703
G1 X93.812 Y128.656 E97.29681
G1 X128.656 Y93.812 E100.28101
G1 X128.656 Y92.989 E100.33085
G1 X92.989 Y128.656 E103.38554
G1 X92.167 Y128.656 E103.43532
G1 X128.656 Y92.167 E106.56041
G1 X128.656 Y91.344 E106.61025
G1 X91.344 Y128.656 E109.80582
G1 X91.344 Y127.833 E109.85566
G1 X127.833 Y91.344 E112.98075
G1 X127.011 Y91.344 E113.03053
G1 X91.344 Y127.011 E116.08522
G1 X91.344 Y126.188 E116.13506
G1 X126.188 Y91.344 E119.11926
G1 X125.366 Y91.344 E119.16904
G1 X91.344 Y125.366 E122.08284
G1 X91.344 Y124.543 E122.13268
G1 X124.543 Y91.344 E124.976
G1 X123.721 Y91.344 E125.02578
G1 X91.344 Y123.721 E127.7987
G1 X91.344 Y122.899 E127.84848
G1 X122.899 Y91.344 E130.551
G1 X122.076 Y91.344 E130.60084
G1 X91.344 Y122.076 E133.23287
G1 X91.344 Y121.254 E133.28265
G1 X121.254 Y91.344 E135.84428
G1 X120.431 Y91.344 E135.89412
G1 X91.344 Y120.431 E138.38527
G1 X91.344 Y119.609 E138.43505
G1 X119.609 Y91.344 E140.8558
G1 X118.786 Y91.344 E140.90564
M73 Q11 S99
G1 X91.344 Y118.786 E143.2559
G1 X91.344 Y117.964 E143.30568
G1 X117.964 Y91.344 E145.58554
G1 X117.142 Y91.344 E145.63532
G1 X91.344 Y117.142 E147.84478
G1 X91.344 Y116.319 E147.89462
G1 X116.319 Y91.344 E150.0336
G1 X115.497 Y91.344 E150.08338
G1 X91.344 Y115.497 E152.15196
G1 X91.344 Y114.674 E152.2018
G1 X114.674 Y91.344 E154.19989
G1 X113.852 Y91.344 E154.24967
G1 X91.344 Y113.852 E156.17736
G1 X91.344 Y113.029 E156.2272
G1 X113.029 Y91.344 E158.0844
G1 X112.207 Y91.344 E158.13418
G1 X91.344 Y112.207 E159.92098
G1 X91.344 Y111.385 E159.97076
G1 X111.385 Y91.344 E161.68716
G1 X110.562 Y91.344 E161.737
G1 X91.344 Y110.562 E163.38292
G1 X91.344 Y109.74 E163.4327
G1 X109.74 Y91.344 E165.00822
G1 X108.917 Y91.344 E165.05806
M73 P11 R96
G1 X91.344 Y108.917 E166.56309
G1 X91.344 Y108.095 E166.61287
G1 X108.095 Y91.344 E168.0475
G1 X107.272 Y91.344 E168.09734
G1 X91.344 Y107.272 E169.46149
G1 X91.344 Y106.45 E169.51127
G1 X106.45 Y91.344 E170.80502
G1 X105.628 Y91.344 E170.8548
G1 X91.344 Y105.628 E172.07815
G1 X91.344 Y104.805 E172.12799
G1 X104.805 Y91.344 E173.28085
G1 X103.983 Y91.344 E173.33063
G1 X91.344 Y103.983 E174.41309
G1 X91.344 Y103.16 E174.46293
G1 X103.16 Y91.344 E175.47491
G1 X102.338 Y91.344 E175.52469
G1 X91.344 Y102.338 E176.46627
G1 X91.344 Y101.516 E176.51605
G1 X101.516 Y91.344 E177.38723
G1 X100.693 Y91.344 E177.43707
G1 X91.344 Y100.693 E178.23776
G1 X91.344 Y99.871 E178.28754
G1 X99.871 Y91.344 E179.01783
G1 X99.048 Y91.344 E179.06767
G1 X91.344 Y99.048 E179.72748
G1 X91.344 Y98.226 E179.77726
G1 X98.226 Y91.344 E180.36667
G1 X97.403 Y91.344 E180.41651
G1 X91.344 Y97.403 E180.93543
G1 X91.344 Y96.581 E180.98521
G1 X96.581 Y91.344 E181.43373
G1 X95.759 Y91.344 E181.48351
G1 X91.344 Y95.759 E181.86163
G1 X91.344 Y94.936 E181.91147
G1 X94.936 Y91.344 E182.21911
G1 X94.114 Y91.344 E182.26889
G1 X91.344 Y94.114 E182.50613
G1 X91.344 Y93.291 E182.55597
G1 X93.291 Y91.344 E182.72272
G1 X92.469 Y91.344 E182.7725
G1 X91.344 Y92.469 E182.86885
G1 X91.344 Y91.646 E182.91869
G1 X91.83 Y91.161 E182.96027
;LAYER_CHANGE
;Z:1.9
;HEIGHT:0.2
G1 E180.96027 F2400
G92 E0
G1 Z1.9 F7800
G1 X128.961 Y128.961
G1 E2 F2400
;TYPE:Perimeter
;WIDTH:0.449999
G1 F3323
G1 X91.039 Y128.961 E3.28361
G1 X91.039 Y91.039 E4.56722
G1 X128.961 Y91.039 E5.85083
G1 X128.961 Y128.901 E7.13241
G1 X129.368 Y129.368 F7800
G1 F3323
G1 X90.632 Y129.368 E8.44358
G1 X90.632 Y90.632 E9.75475
G1 X129.368 Y90.632 E11.06592
G1 X129.368 Y129.308 E12.37505
G1 X129.775 Y129.775 F7800
;TYPE:External perimeter
G1 F2400
G1 X90.225 Y129.775 E13.71377
G1 X90.225 Y90.225 E15.05249
G1 X129.775 Y90.225 E16.39121
G1 X129.775 Y129.715 E17.7279
G1 X129.379 Y129.774 F7800
;LAYER_CHANGE
;Z:2.1
;HEIGHT:0.2
G1 Z2.1 F7800
G1 X128.961 Y128.961
;TYPE:Perimeter
G1 F4800
G1 X91.039 Y128.961 E19.01151
G1 X91.039 Y91.039 E20.29512
G1 X128.961 Y91.039 E21.57873
G1 X128.961 Y128.901 E22.86031
G1 X129.368 Y129.368 F7800
G1 F4800
G1 X90.632 Y129.368 E24.17148
G1 X90.632 Y90.632 E25.48265
G1 X129.368 Y90.632 E26.79382
G1 X129.368 Y129.308 E28.10295
G1 X129.775 Y129.775 F7800
;TYPE:External perimeter
G1 F2400
G1 X90.225 Y129.775 E29.44167
G1 X90.225 Y90.225 E30.78039
G1 X129.775 Y90.225 E32.11911
G1 X129.775 Y129.715 E33.4558
M73 Q11 S98
G1 X129.379 Y129.774 F7800
G1 E31.4558 F2400
G92 E0
G1 X128.839 Y91.83 F7800
G1 E2 F2400
;TYPE:Internal infill
;WIDTH:0.45
;HEIGHT:0.4
G1 F4800
G1 X128.354 Y91.344 E2.04158
G1 X127.531 Y91.344 E2.09142
G1 X128.656 Y92.469 E2.18777
G1 X128.656 Y93.291 E2.23755
G1 X126.709 Y91.344 E2.4043
G1 X125.886 Y91.344 E2.45414
G1 X128.656 Y94.114 E2.69138
G1 X128.656 Y94.936 E2.74116
G1 X125.064 Y91.344 E3.0488
G1 X124.241 Y91.344 E3.09864
G1 X128.656 Y95.759 E3.47676
G1 X128.656 Y96.581 E3.52654
G1 X123.419 Y91.344 E3.97506
G1 X122.597 Y91.344 E4.02484
G1 X128.656 Y97.403 E4.54376
G1 X128.656 Y98.226 E4.5936
G1 X121.774 Y91.344 E5.18301
G1 X120.952 Y91.344 E5.23279
G1 X128.656 Y99.048 E5.8926
G1 X128.656 Y99.871 E5.94244
G1 X120.129 Y91.344 E6.67273
G1 X119.307 Y91.344 E6.72251
G1 X128.656 Y100.693 E7.5232
G1 X128.656 Y101.516 E7.57304
G1 X118.484 Y91.344 E8.44422
G1 X117.662 Y91.344 E8.494
G1 X128.656 Y102.338 E9.43558
G1 X128.656 Y103.16 E9.48536
G1 X116.84 Y91.344 E10.49734
G1 X116.017 Y91.344 E10.54718
G1 X128.656 Y103.983 E11.62964
G1 X128.656 Y104.805 E11.67942
G1 X115.195 Y91.344 E12.83228
G1 X114.372 Y91.344 E12.88212
G1 X128.656 Y105.628 E14.10547
G1 X128.656 Y106.45 E14.15525
G1 X113.55 Y91.344 E15.449
G1 X112.728 Y91.344 E15.49878
G1 X128.656 Y107.272 E16.86293
G1 X128.656 Y108.095 E16.91277
G1 X111.905 Y91.344 E18.3474
G1 X111.083 Y91.344 E18.39718
G1 X128.656 Y108.917 E19.90221
G1 X128.656 Y109.74 E19.95205
G1 X110.26 Y91.344 E21.52757
G1 X109.438 Y91.344 E21.57735
G1 X128.656 Y110.562 E23.22327
G1 X128.656 Y111.385 E23.27311
G1 X108.615 Y91.344 E24.98951
G1 X107.793 Y91.344 E25.03929
G1 X128.656 Y112.207 E26.82609
G1 X128.656 Y113.029 E26.87587
G1 X106.971 Y91.344 E28.73307
G1 X106.148 Y91.344 E28.78291
G1 X128.656 Y113.852 E30.7106
G1 X128.656 Y114.674 E30.76038
G1 X105.326 Y91.344 E32.75847
G1 X104.503 Y91.344 E32.80831
G1 X128.656 Y115.497 E34.87689
G1 X128.656 Y116.319 E34.92667
G1 X103.681 Y91.344 E37.06565
G1 X102.858 Y91.344 E37.11549
G1 X128.656 Y117.142 E39.32495
G1 X128.656 Y117.964 E39.37473
G1 X102.036 Y91.344 E41.65459
G1 X101.214 Y91.344 E41.70437
G1 X128.656 Y118.786 E44.05463
G1 X128.656 Y119.609 E44.10447
G1 X100.391 Y91.344 E46.52522
G1 X99.569 Y91.344 E46.575
G1 X128.656 Y120.431 E49.06615
G1 X128.656 Y121.254 E49.11599
G1 X98.746 Y91.344 E51.67762
G1 X97.924 Y91.344 E51.7274
G1 X128.656 Y122.076 E54.35943
G1 X128.656 Y122.899 E54.40927
G1 X97.101 Y91.344 E57.11179
G1 X96.279 Y91.344 E57.16157
G1 X128.656 Y123.721 E59.93449
G1 X128.656 Y124.543 E59.98427
G1 X95.457 Y91.344 E62.82759
G1 X94.634 Y91.344 E62.87743
G1 X128.656 Y125.366 E65.79123
G1 X128.656 Y126.188 E65.84101
G1 X93.812 Y91.344 E68.82521
G1 X92.989 Y91.344 E68.87505
G1 X128.656 Y127.011 E71.92974
G1 X128.656 Y127.833 E71.97952
G1 X92.167 Y91.344 E75.10461
G1 X91.344 Y91.344 E75.15445
G1 X128.656 Y128.656 E78.35002
G1 X127.833 Y128.656 E78.39986
G1 X91.344 Y92.167 E81.52495
G1 X91.344 Y92.989 E81.57473
G1 X127.011 Y128.656 E84.62942
G1 X126.188 Y128.656 E84.67926
G1 X91.344 Y93.812 E87.66346
G1 X91.344 Y94.634 E87.71324
G1 X125.366 Y128.656 E90.62704
G1 X124.543 Y128.656 E90.67688
G1 X91.344 Y95.457 E93.5202
G1 X91.344 Y96.279 E93.56998
G1 X123.721 Y128.656 E96.3429
G1 X122.899 Y128.656 E96.39268
G1 X91.344 Y97.101 E99.0952
G1 X91.344 Y97.924 E99.14504
M73 P12 R96
G1 X122.076 Y128.656 E101.77707
G1 X121.254 Y128.656 E101.82685
G1 X91.344 Y98.746 E104.38848
G1 X91.344 Y99.569 E104.43832
G1 X120.431 Y128.656 E106.92947
G1 X119.609 Y128.656 E106.97925
G1 X91.344 Y100.391 E109.4
G1 X91.344 Y101.214 E109.44984
G1 X118.786 Y128.656 E111.8001
G1 X117.964 Y128.656 E111.84988
G1 X91.344 Y102.036 E114.12974
G1 X91.344 Y102.858 E114.17952
G1 X117.142 Y128.656 E116.38898
G1 X116.319 Y128.656 E116.43882
G1 X91.344 Y103.681 E118.5778
G1 X91.344 Y104.503 E118.62758
G1 X115.497 Y128.656 E120.69616
G1 X114.674 Y128.656 E120.746
G1 X91.344 Y105.326 E122.74409
G1 X91.344 Y106.148 E122.79387
G1 X113.852 Y128.656 E124.72156
G1 X113.029 Y128.656 E124.7714
G1 X91.344 Y106.971 E126.6286
G1 X91.344 Y107.793 E126.67838
G1 X112.207 Y128.656 E128.46518
G1 X111.385 Y128.656 E128.51496
G1 X91.344 Y108.615 E130.23136
G1 X91.344 Y109.438 E130.2812
G1 X110.562 Y128.656 E131.92712
G1 X109.74 Y128.656 E131.9769
G1 X91.344 Y110.26 E133.55242
G1 X91.344 Y111.083 E133.60226
G1 X108.917 Y128.656 E135.10729
G1 X108.095 Y128.656 E135.15707
G1 X91.344 Y111.905 E136.5917
G1 X91.344 Y112.728 E136.64154
G1 X107.272 Y128.656 E138.00569
G1 X106.45 Y128.656 E138.05547
G1 X91.344 Y113.55 E139.34922
G1 X91.344 Y114.372 E139.399
G1 X105.628 Y128.656 E140.62235
G1 X104.805 Y128.656 E140.67219
G1 X91.344 Y115.195 E141.82505
G1 X91.344 Y116.017 E141.87483
G1 X103.983 Y128.656 E142.95729
G1 X103.16 Y128.656 E143.00713
G1 X91.344 Y116.84 E144.01911
G1 X91.344 Y117.662 E144.06889
G1 X102.338 Y128.656 E145.01047
G1 X101.516 Y128.656 E145.06025
G1 X91.344 Y118.484 E145.93143
G1 X91.344 Y119.307 E145.98127
G1 X100.693 Y128.656 E146.78196
G1 X99.871 Y128.656 E146.83174
M73 Q12 S98
G1 X91.344 Y120.129 E147.56203
G1 X91.344 Y120.952 E147.61187
G1 X99.048 Y128.656 E148.27168
G1 X98.226 Y128.656 E148.32146
G1 X91.344 Y121.774 E148.91087
G1 X91.344 Y122.597 E148.96071
M73 P12 R95
G1 X97.403 Y128.656 E149.47963
G1 X96.581 Y128.656 E149.52941
G1 X91.344 Y123.419 E149.97793
G1 X91.344 Y124.241 E150.02771
G1 X95.759 Y128.656 E150.40583
G1 X94.936 Y128.656 E150.45567
G1 X91.344 Y125.064 E150.76331
G1 X91.344 Y125.886 E150.81309
G1 X94.114 Y128.656 E151.05033
G1 X93.291 Y128.656 E151.10017
G1 X91.344 Y126.709 E151.26692
G1 X91.344 Y127.531 E151.3167
G1 X92.469 Y128.656 E151.41305
G1 X91.646 Y128.656 E151.46289
G1 X91.161 Y128.17 E151.50447
;LAYER_CHANGE
;Z:2.3
;HEIGHT:0.2
G1 E149.50447 F2400
G92 E0
G1 Z2.3 F7800
G1 X128.961 Y128.961
G1 E2 F2400
;TYPE:Perimeter
;WIDTH:0.449999
G1 F3254
G1 X91.039 Y128.961 E3.28361
G1 X91.039 Y91.039 E4.56722
G1 X128.961 Y91.039 E5.85083
G1 X128.961 Y128.901 E7.13241
G1 X129.368 Y129.368 F7800
G1 F3254
G1 X90.632 Y129.368 E8.44358
G1 X90.632 Y90.632 E9.75475
G1 X129.368 Y90.632 E11.06592
G1 X129.368 Y129.308 E12.37505
G1 X129.775 Y129.775 F7800
;TYPE:External perimeter
G1 F2400
G1 X90.225 Y129.775 E13.71377
G1 X90.225 Y90.225 E15.05249
G1 X129.775 Y90.225 E16.39121
G1 X129.775 Y129.715 E17.7279
G1 X129.379 Y129.774 F7800
;LAYER_CHANGE
;Z:2.5
;HEIGHT:0.2
G1 Z2.5 F7800
G1 X128.961 Y128.961
;TYPE:Perimeter
G1 F4800
G1 X91.039 Y128.961 E19.01151
G1 X91.039 Y91.039 E20.29512
G1 X128.961 Y91.039 E21.57873
G1 X128.961 Y128.901 E22.86031
G1 X129.368 Y129.368 F7800
G1 F4800
G1 X90.632 Y129.368 E24.17148
G1 X90.632 Y90.632 E25.48265
G1 X129.368 Y90.632 E26.79382
G1 X129.368 Y129.308 E28.10295
G1 X129.775 Y129.775 F7800
;TYPE:External perimeter
G1 F2400
G1 X90.225 Y129.775 E29.44167
G1 X90.225 Y90.225 E30.78039
G1 X129.775 Y90.225 E32.11911
G1 X129.775 Y129.715 E33.4558
G1 X129.379 Y129.774 F7800
G1 X128.17 Y128.839
;TYPE:Internal infill
;WIDTH:0.45
;HEIGHT:0.4
G1 F4800
G1 X128.656 Y128.354 E33.49738
G1 X128.656 Y127.531 E33.54722
G1 X127.531 Y128.656 E33.64357
G1 X126.709 Y128.656 E33.69335
G1 X128.656 Y126.709 E33.8601
G1 X128.656 Y125.886 E33.90994
G1 X125.886 Y128.656 E34.14718
G1 X125.064 Y128.656 E34.19696
G1 X128.656 Y125.064 E34.5046
G1 X128.656 Y124.241 E34.55444
G1 X124.241 Y128.656 E34.93256
G1 X123.419 Y128.656 E34.98234
G1 X128.656 Y123.419 E35.43086
G1 X128.656 Y122.597 E35.48064
G1 X122.597 Y128.656 E35.99956
G1 X121.774 Y128.656 E36.0494
G1 X128.656 Y121.774 E36.63881
G1 X128.656 Y120.952 E36.68859
G1 X120.952 Y128.656 E37.3484
G1 X120.129 Y128.656 E37.39824
M73 Q12 S97
G1 X128.656 Y120.129 E38.12853
G1 X128.656 Y119.307 E38.17831
G1 X119.307 Y128.656 E38.979
G1 X118.484 Y128.656 E39.02884
G1 X128.656 Y118.484 E39.90002
G1 X128.656 Y117.662 E39.9498
G1 X117.662 Y128.656 E40.89138
G1 X116.84 Y128.656 E40.94116
G1 X128.656 Y116.84 E41.95314
G1 X128.656 Y116.017 E42.00298
G1 X116.017 Y128.656 E43.08544
G1 X115.195 Y128.656 E43.13522
G1 X128.656 Y115.195 E44.28808
G1 X128.656 Y114.372 E44.33792
G1 X114.372 Y128.656 E45.56127
G1 X113.55 Y128.656 E45.61105
G1 X128.656 Y113.55 E46.9048
G1 X128.656 Y112.728 E46.95458
G1 X112.728 Y128.656 E48.31873
G1 X111.905 Y128.656 E48.36857
G1 X128.656 Y111.905 E49.8032
G1 X128.656 Y111.083 E49.85298
G1 X111.083 Y128.656 E51.35801
G1 X110.26 Y128.656 E51.40785
G1 X128.656 Y110.26 E52.98337
G1 X128.656 Y109.438 E53.03315
G1 X109.438 Y128.656 E54.67907
G1 X108.615 Y128.656 E54.72891
G1 X128.656 Y108.615 E56.44531
G1 X128.656 Y107.793 E56.49509
G1 X107.793 Y128.656 E58.28189
G1 X106.971 Y128.656 E58.33167
G1 X128.656 Y106.971 E60.18887
G1 X128.656 Y106.148 E60.23871
G1 X106.148 Y128.656 E62.1664
G1 X105.326 Y128.656 E62.21618
G1 X128.656 Y105.326 E64.21427
G1 X128.656 Y104.503 E64.26411
G1 X104.503 Y128.656 E66.33269
G1 X103.681 Y128.656 E66.38247
G1 X128.656 Y103.681 E68.52145
G1 X128.656 Y102.858 E68.57129
G1 X102.858 Y128.656 E70.78075
G1 X102.036 Y128.656 E70.83053
G1 X128.656 Y102.036 E73.11039
G1 X128.656 Y101.214 E73.16017
G1 X101.214 Y128.656 E75.51043
G1 X100.391 Y128.656 E75.56027
G1 X128.656 Y100.391 E77.98102
G1 X128.656 Y99.569 E78.0308
G1 X99.569 Y128.656 E80.52195
G1 X98.746 Y128.656 E80.57179
G1 X128.656 Y98.746 E83.13342
G1 X128.656 Y97.924 E83.1832
G1 X97.924 Y128.656 E85.81523
G1 X97.101 Y128.656 E85.86507
G1 X128.656 Y97.101 E88.56759
G1 X128.656 Y96.279 E88.61737
G1 X96.279 Y128.656 E91.39029
G1 X95.457 Y128.656 E91.44007
G1 X128.656 Y95.457 E94.28339
G1 X128.656 Y94.634 E94.33323
G1 X94.634 Y128.656 E97.24703
G1 X93.812 Y128.656 E97.29681
G1 X128.656 Y93.812 E100.28101
G1 X128.656 Y92.989 E100.33085
G1 X92.989 Y128.656 E103.38554
G1 X92.167 Y128.656 E103.43532
G1 X128.656 Y92.167 E106.56041
G1 X128.656 Y91.344 E106.61025
G1 X91.344 Y128.656 E109.80582
G1 X91.344 Y127.833 E109.85566
G1 X127.833 Y91.344 E112.98075
G1 X127.011 Y91.344 E113.03053
G1 X91.344 Y127.011 E116.08522
G1 X91.344 Y126.188 E116.13506
G1 X126.188 Y91.344 E119.11926
G1 X125.366 Y91.344 E119.16904
G1 X91.344 Y125.366 E122.08284
G1 X91.344 Y124.543 E122.13268
G1 X124.543 Y91.344 E124.976
G1 X123.721 Y91.344 E125.02578
G1 X91.344 Y123.721 E127.7987
G1 X91.344 Y122.899 E127.84848
G1 X122.899 Y91.344 E130.551
G1 X122.076 Y91.344 E130.60084
G1 X91.344 Y122.076 E133.23287
G1 X91.344 Y121.254 E133.28265
G1 X121.254 Y91.344 E135.84428
G1 X120.431 Y91.344 E135.89412
G1 X91.344 Y120.431 E138.38527
G1 X91.344 Y119.609 E138.43505
G1 X119.609 Y91.344 E140.8558
G1 X118.786 Y91.344 E140.90564
G1 X91.344 Y118.786 E143.2559
G1 X91.344 Y117.964 E143.30568
G1 X117.964 Y91.344 E145.58554
G1 X117.142 Y91.344 E145.63532
G1 X91.344 Y117.142 E147.84478
G1 X91.344 Y116.319 E147.89462
G1 X116.319 Y91.344 E150.0336
G1 X115.497 Y91.344 E150.08338
G1 X91.344 Y115.497 E152.15196
G1 X91.344 Y114.674 E152.2018
G1 X114.674 Y91.344 E154.19989
G1 X113.852 Y91.344 E154.24967
G1 X91.344 Y113.852 E156.17736
G1 X91.344 Y113.029 E156.2272
G1 X113.029 Y91.344 E158.0844
G1 X112.207 Y91.344 E158.13418
G1 X91.344 Y112.207 E159.92098
G1 X91.344 Y111.385 E159.97076
G1 X111.385 Y91.344 E161.68716
G1 X110.562 Y91.344 E161.737
G1 X91.344 Y110.562 E163.38292
G1 X91.344 Y109.74 E163.4327
G1 X109.74 Y91.344 E165.00822
G1 X108.917 Y91.344 E165.05806
G1 X91.344 Y108.917 E166.56309
G1 X91.344 Y108.095 E166.61287
G1 X108.095 Y91.344 E168.0475
G1 X107.272 Y91.344 E168.09734
G1 X91.344 Y107.272 E169.46149
G1 X91.344 Y106.45 E169.51127
G1 X106.45 Y91.344 E170.80502
G1 X105.628 Y91.344 E170.8548
G1 X91.344 Y105.628 E172.07815
G1 X91.344 Y104.805 E172.12799
G1 X104.805 Y91.344 E173.28085
G1 X103.983 Y91.344 E173.33063
M73 P13 R95
G1 X91.344 Y103.983 E174.41309
G1 X91.344 Y103.16 E174.46293
G1 X103.16 Y91.344 E175.47491
G1 X102.338 Y91.344 E175.52469
G1 X91.344 Y102.338 E176.46627
G1 X91.344 Y101.516 E176.51605
G1 X101.516 Y91.344 E177.38723
G1 X100.693 Y91.344 E177.43707
G1 X91.344 Y100.693 E178.23776
G1 X91.344 Y99.871 E178.28754
G1 X99.871 Y91.344 E179.01783
G1 X99.048 Y91.344 E179.06767
G1 X91.344 Y99.048 E179.72748
G1 X91.344 Y98.226 E179.77726
G1 X98.226 Y91.344 E180.36667
G1 X97.403 Y91.344 E180.41651
G1 X91.344 Y97.403 E180.93543
G1 X91.344 Y96.581 E180.98521
G1 X96.581 Y91.344 E181.43373
G1 X95.759 Y91.344 E181.48351
G1 X91.344 Y95.759 E181.86163
G1 X91.344 Y94.936 E181.91147
G1 X94.936 Y91.344 E182.21911
G1 X94.114 Y91.344 E182.26889
G1 X91.344 Y94.114 E182.50613
G1 X91.344 Y93.291 E182.55597
G1 X93.291 Y91.344 E182.72272
G1 X92.469 Y91.344 E182.7725
G1 X91.344 Y92.469 E182.86885
G1 X91.344 Y91.646 E182.91869
G1 X91.83 Y91.161 E182.96027
;LAYER_CHANGE
;Z:2.7
;HEIGHT:0.2
G1 E180.96027 F2400
G92 E0
G1 Z2.7 F7800
G1 X128.961 Y128.961
G1 E2 F2400
;TYPE:Perimeter
;WIDTH:0.449999
G1 F3323
G1 X91.039 Y128.961 E3.28361
G1 X91.039 Y91.039 E4.56722
G1 X128.961 Y91.039 E5.85083
G1 X128.961 Y128.901 E7.13241
G1 X129.368 Y129.368 F7800
G1 F3323
M73 P13 R94
G1 X90.632 Y129.368 E8.44358
G1 X90.632 Y90.632 E9.75475
G1 X129.368 Y90.632 E11.06592
G1 X129.368 Y129.308 E12.37505
G1 X129.775 Y129.775 F7800
;TYPE:External perimeter
G1 F2400
G1 X90.225 Y129.775 E13.71377
G1 X90.225 Y90.225 E15.05249
G1 X129.775 Y90.225 E16.39121
M73 Q13 S97
G1 X129.775 Y129.715 E17.7279
G1 X129.379 Y129.774 F7800
;LAYER_CHANGE
;Z:2.9
;HEIGHT:0.2
G1 Z2.9 F7800
G1 X128.961 Y128.961
;TYPE:Perimeter
G1 F4800
G1 X91.039 Y128.961 E19.01151
G1 X91.039 Y91.039 E20.29512
G1 X128.961 Y91.039 E21.57873
G1 X128.961 Y128.901 E22.86031
G1 X129.368 Y129.368 F7800
G1 F4800
G1 X90.632 Y129.368 E24.17148
G1 X90.632 Y90.632 E25.48265
G1 X129.368 Y90.632 E26.79382
G1 X129.368 Y129.308 E28.10295
G1 X129.775 Y129.775 F7800
;TYPE:External perimeter
G1 F2400
G1 X90.225 Y129.775 E29.44167
G1 X90.225 Y90.225 E30.78039
G1 X129.775 Y90.225 E32.11911
G1 X129.775 Y129.715 E33.4558
G1 X129.379 Y129.774 F7800
G1 E31.4558 F2400
G92 E0
G1 X128.839 Y91.83 F7800
G1 E2 F2400
;TYPE:Internal infill
;WIDTH:0.45
;HEIGHT:0.4
G1 F4800
G1 X128.354 Y91.344 E2.04158
G1 X127.531 Y91.344 E2.09142
G1 X128.656 Y92.469 E2.18777
G1 X128.656 Y93.291 E2.23755
G1 X126.709 Y91.344 E2.4043
G1 X125.886 Y91.344 E2.45414
G1 X128.656 Y94.114 E2.69138
G1 X128.656 Y94.936 E2.74116
G1 X125.064 Y91.344 E3.0488
G1 X124.241 Y91.344 E3.09864
G1 X128.656 Y95.759 E3.47676
G1 X128.656 Y96.581 E3.52654
G1 X123.419 Y91.344 E3.97506
G1 X122.597 Y91.344 E4.02484
G1 X128.656 Y97.403 E4.54376
G1 X128.656 Y98.226 E4.5936
G1 X121.774 Y91.344 E5.18301
G1 X120.952 Y91.344 E5.23279
G1 X128.656 Y99.048 E5.8926
G1 X128.656 Y99.871 E5.94244
G1 X120.129 Y91.344 E6.67273
G1 X119.307 Y91.344 E6.72251
G1 X128.656 Y100.693 E7.5232
G1 X128.656 Y101.516 E7.57304
G1 X118.484 Y91.344 E8.44422
G1 X117.662 Y91.344 E8.494
G1 X128.656 Y102.338 E9.43558
G1 X128.656 Y103.16 E9.48536
G1 X116.84 Y91.344 E10.49734
G1 X116.017 Y91.344 E10.54718
G1 X128.656 Y103.983 E11.62964
G1 X128.656 Y104.805 E11.67942
G1 X115.195 Y91.344 E12.83228
G1 X114.372 Y91.344 E12.88212
G1 X128.656 Y105.628 E14.10547
G1 X128.656 Y106.45 E14.15525
G1 X113.55 Y91.344 E15.449
G1 X112.728 Y91.344 E15.49878
M73 Q13 S96
G1 X128.656 Y107.272 E16.86293
G1 X128.656 Y108.095 E16.91277
G1 X111.905 Y91.344 E18.3474
G1 X111.083 Y91.344 E18.39718
G1 X128.656 Y108.917 E19.90221
G1 X128.656 Y109.74 E19.95205
G1 X110.26 Y91.344 E21.52757
G1 X109.438 Y91.344 E21.57735
G1 X128.656 Y110.562 E23.22327
G1 X128.656 Y111.385 E23.27311
G1 X108.615 Y91.344 E24.98951
G1 X107.793 Y91.344 E25.03929
G1 X128.656 Y112.207 E26.82609
G1 X128.656 Y113.029 E26.87587
G1 X106.971 Y91.344 E28.73307
G1 X106.148 Y91.344 E28.78291
G1 X128.656 Y113.852 E30.7106
G1 X128.656 Y114.674 E30.76038
G1 X105.326 Y91.344 E32.75847
G1 X104.503 Y91.344 E32.80831
G1 X128.656 Y115.497 E34.87689
G1 X128.656 Y116.319 E34.92667
G1 X103.681 Y91.344 E37.06565
G1 X102.858 Y91.344 E37.11549
G1 X128.656 Y117.142 E39.32495
G1 X128.656 Y117.964 E39.37473
G1 X102.036 Y91.344 E41.65459
G1 X101.214 Y91.344 E41.70437
G1 X128.656 Y118.786 E44.05463
G1 X128.656 Y119.609 E44.10447
G1 X100.391 Y91.344 E46.52522
G1 X99.569 Y91.344 E46.575
G1 X128.656 Y120.431 E49.06615
G1 X128.656 Y121.254 E49.11599
G1 X98.746 Y91.344 E51.67762
G1 X97.924 Y91.344 E51.7274
G1 X128.656 Y122.076 E54.35943
G1 X128.656 Y122.899 E54.40927
G1 X97.101 Y91.344 E57.11179
G1 X96.279 Y91.344 E57.16157
G1 X128.656 Y123.721 E59.93449
G1 X128.656 Y124.543 E59.98427
G1 X95.457 Y91.344 E62.82759
G1 X94.634 Y91.344 E62.87743
G1 X128.656 Y125.366 E65.79123
G1 X128.656 Y126.188 E65.84101
G1 X93.812 Y91.344 E68.82521
G1 X92.989 Y91.344 E68.87505
G1 X128.656 Y127.011 E71.92974
G1 X128.656 Y127.833 E71.97952
G1 X92.167 Y91.344 E75.10461
G1 X91.344 Y91.344 E75.15445
G1 X128.656 Y128.656 E78.35002
G1 X127.833 Y128.656 E78.39986
G1 X91.344 Y92.167 E81.52495
G1 X91.344 Y92.989 E81.57473
G1 X127.011 Y128.656 E84.62942
G1 X126.188 Y128.656 E84.67926
G1 X91.344 Y93.812 E87.66346
G1 X91.344 Y94.634 E87.71324
G1 X125.366 Y128.656 E90.62704
G1 X124.543 Y128.656 E90.67688
G1 X91.344 Y95.457 E93.5202
G1 X91.344 Y96.279 E93.56998
G1 X123.721 Y128.656 E96.3429
G1 X122.899 Y128.656 E96.39268
G1 X91.344 Y97.101 E99.0952
G1 X91.344 Y97.924 E99.14504
G1 X122.076 Y128.656 E101.77707
G1 X121.254 Y128.656 E101.82685
G1 X91.344 Y98.746 E104.38848
G1 X91.344 Y99.569 E104.43832
G1 X120.431 Y128.656 E106.92947
G1 X119.609 Y128.656 E106.97925
G1 X91.344 Y100.391 E109.4
G1 X91.344 Y101.214 E109.44984
G1 X118.786 Y128.656 E111.8001
G1 X117.964 Y128.656 E111.84988
G1 X91.344 Y102.036 E114.12974
G1 X91.344 Y102.858 E114.17952
G1 X117.142 Y128.656 E116.38898
G1 X116.319 Y128.656 E116.43882
G1 X91.344 Y103.681 E118.5778
G1 X91.344 Y104.503 E118.62758
G1 X115.497 Y128.656 E120.69616
G1 X114.674 Y128.656 E120.746
G1 X91.344 Y105.326 E122.74409
G1 X91.344 Y106.148 E122.79387
G1 X113.852 Y128.656 E124.72156
G1 X113.029 Y128.656 E124.7714
G1 X91.344 Y106.971 E126.6286
G1 X91.344 Y107.793 E126.67838
G1 X112.207 Y128.656 E128.46518
G1 X111.385 Y128.656 E128.51496
G1 X91.344 Y108.615 E130.23136
G1 X91.344 Y109.438 E130.2812
G1 X110.562 Y128.656 E131.92712
G1 X109.74 Y128.656 E131.9769
G1 X91.344 Y110.26 E133.55242
G1 X91.344 Y111.083 E133.60226
G1 X108.917 Y128.656 E135.10729
G1 X108.095 Y128.656 E135.15707
G1 X91.344 Y111.905 E136.5917
G1 X91.344 Y112.728 E136.64154
G1 X107.272 Y128.656 E138.00569
G1 X106.45 Y128.656 E138.05547
G1 X91.344 Y113.55 E139.34922
G1 X91.344 Y114.372 E139.399
G1 X105.628 Y128.656 E140.62235
G1 X104.805 Y128.656 E140.67219
G1 X91.344 Y115.195 E141.82505
G1 X91.344 Y116.017 E141.87483
G1 X103.983 Y128.656 E142.95729
G1 X103.16 Y128.656 E143.00713
G1 X91.344 Y116.84 E144.01911
G1 X91.344 Y117.662 E144.06889
G1 X102.338 Y128.656 E145.01047
G1 X101.516 Y128.656 E145.06025
G1 X91.344 Y118.484 E145.93143
G1 X91.344 Y119.307 E145.98127
G1 X100.693 Y128.656 E146.78196
G1 X99.871 Y128.656 E146.83174
G1 X91.344 Y120.129 E147.56203
G1 X91.344 Y120.952 E147.61187
G1 X99.048 Y128.656 E148.27168
G1 X98.226 Y128.656 E148.32146
G1 X91.344 Y121.774 E148.91087
G1 X91.344 Y122.597 E148.96071
G1 X97.403 Y128.656 E149.47963
G1 X96.581 Y128.656 E149.52941
G1 X91.344 Y123.419 E149.97793
G1 X91.344 Y124.241 E150.02771
G1 X95.759 Y128.656 E150.40583
G1 X94.936 Y128.656 E150.45567
G1 X91.344 Y125.064 E150.76331
G1 X91.344 Y125.886 E150.81309
G1 X94.114 Y128.656 E151.05033
G1 X93.291 Y128.656 E151.10017
G1 X91.344 Y126.709 E151.26692
G1 X91.344 Y127.531 E151.3167
G1 X92.469 Y128.656 E151.41305
G1 X91.646 Y128.656 E151.46289
G1 X91.161 Y128.17 E151.50447
;LAYER_CHANGE
;Z:3.1
;HEIGHT:0.2
G1 E149.50447 F2400
G92 E0
G1 Z3.1 F7800
G1 X128.961 Y128.961
G1 E2 F2400
;TYPE:Perimeter
;WIDTH:0.449999
G1 F3254
G1 X91.039 Y128.961 E3.28361
G1 X91.039 Y91.039 E4.56722
G1 X128.961 Y91.039 E5.85083
G1 X128.961 Y128.901 E7.13241
G1 X129.368 Y129.368 F7800
G1 F3254
G1 X90.632 Y129.368 E8.44358
G1 X90.632 Y90.632 E9.75475
G1 X129.368 Y90.632 E11.06592
G1 X129.368 Y129.308 E12.37505
G1 X129.775 Y129.775 F7800
;TYPE:External perimeter
G1 F2400
G1 X90.225 Y129.775 E13.71377
G1 X90.225 Y90.225 E15.05249
M73 P14 R94
G1 X129.775 Y90.225 E16.39121
M73 P14 R93
G1 X129.775 Y129.715 E17.7279
G1 X129.379 Y129.774 F7800
;LAYER_CHANGE
;Z:3.3
;HEIGHT:0.2
G1 Z3.3 F7800
G1 X128.961 Y128.961
;TYPE:Perimeter
G1 F4800
G1 X91.039 Y128.961 E19.01151
G1 X91.039 Y91.039 E20.29512
G1 X128.961 Y91.039 E21.57873
G1 X128.961 Y128.901 E22.86031
G1 X129.368 Y129.368 F7800
G1 F4800
G1 X90.632 Y129.368 E24.17148
G1 X90.632 Y90.632 E25.48265
G1 X129.368 Y90.632 E26.79382
G1 X129.368 Y129.308 E28.10295
G1 X129.775 Y129.775 F7800
;TYPE:External perimeter
G1 F2400
G1 X90.225 Y129.775 E29.44167
G1 X90.225 Y90.225 E30.78039
G1 X129.775 Y90.225 E32.11911
G1 X129.775 Y129.715 E33.4558
M73 Q14 S96
G1 X129.379 Y129.774 F7800
G1 X128.17 Y128.839
;TYPE:Internal infill
;WIDTH:0.45
;HEIGHT:0.4
G1 F4800
G1 X128.656 Y128.354 E33.49738
G1 X128.656 Y127.531 E33.54722
G1 X127.531 Y128.656 E33.64357
G1 X126.709 Y128.656 E33.69335
G1 X128.656 Y126.709 E33.8601
G1 X128.656 Y125.886 E33.90994
G1 X125.886 Y128.656 E34.14718
G1 X125.064 Y128.656 E34.19696
G1 X128.656 Y125.064 E34.5046
G1 X128.656 Y124.241 E34.55444
G1 X124.241 Y128.656 E34.93256
G1 X123.419 Y128.656 E34.98234
G1 X128.656 Y123.419 E35.43086
G1 X128.656 Y122.597 E35.48064
G1 X122.597 Y128.656 E35.99956
G1 X121.774 Y128.656 E36.0494
G1 X128.656 Y121.774 E36.63881
G1 X128.656 Y120.952 E36.68859
G1 X120.952 Y128.656 E37.3484
G1 X120.129 Y128.656 E37.39824
G1 X128.656 Y120.129 E38.12853
G1 X128.656 Y119.307 E38.17831
G1 X119.307 Y128.656 E38.979
G1 X118.484 Y128.656 E39.02884
G1 X128.656 Y118.484 E39.90002
G1 X128.656 Y117.662 E39.9498
G1 X117.662 Y128.656 E40.89138
G1 X116.84 Y128.656 E40.94116
G1 X128.656 Y116.84 E41.95314
G1 X128.656 Y116.017 E42.00298
G1 X116.017 Y128.656 E43.08544
G1 X115.195 Y128.656 E43.13522
G1 X128.656 Y115.195 E44.28808
G1 X128.656 Y114.372 E44.33792
G1 X114.372 Y128.656 E45.56127
G1 X113.55 Y128.656 E45.61105
G1 X128.656 Y113.55 E46.9048
G1 X128.656 Y112.728 E46.95458
G1 X112.728 Y128.656 E48.31873
G1 X111.905 Y128.656 E48.36857
G1 X128.656 Y111.905 E49.8032
G1 X128.656 Y111.083 E49.85298
G1 X111.083 Y128.656 E51.35801
G1 X110.26 Y128.656 E51.40785
G1 X128.656 Y110.26 E52.98337
G1 X128.656 Y109.438 E53.03315
G1 X109.438 Y128.656 E54.67907
G1 X108.615 Y128.656 E54.72891
G1 X128.656 Y108.615 E56.44531
G1 X128.656 Y107.793 E56.49509
G1 X107.793 Y128.656 E58.28189
G1 X106.971 Y128.656 E58.33167
G1 X128.656 Y106.971 E60.18887
G1 X128.656 Y106.148 E60.23871
M73 Q14 S95
G1 X106.148 Y128.656 E62.1664
G1 X105.326 Y128.656 E62.21618
G1 X128.656 Y105.326 E64.21427
G1 X128.656 Y104.503 E64.26411
G1 X104.503 Y128.656 E66.33269
G1 X103.681 Y128.656 E66.38247
G1 X128.656 Y103.681 E68.52145
G1 X128.656 Y102.858 E68.57129
G1 X102.858 Y128.656 E70.78075
G1 X102.036 Y128.656 E70.83053
G1 X128.656 Y102.036 E73.11039
G1 X128.656 Y101.214 E73.16017
G1 X101.214 Y128.656 E75.51043
G1 X100.391 Y128.656 E75.56027
G1 X128.656 Y100.391 E77.98102
G1 X128.656 Y99.569 E78.0308
G1 X99.569 Y128.656 E80.52195
G1 X98.746 Y128.656 E80.57179
G1 X128.656 Y98.746 E83.13342
G1 X128.656 Y97.924 E83.1832
G1 X97.924 Y128.656 E85.81523
G1 X97.101 Y128.656 E85.86507
G1 X128.656 Y97.101 E88.56759
G1 X128.656 Y96.279 E88.61737
G1 X96.279 Y128.656 E91.39029
G1 X95.457 Y128.656 E91.44007
G1 X128.656 Y95.457 E94.28339
G1 X128.656 Y94.634 E94.33323
G1 X94.634 Y128.656 E97.24703
G1 X93.812 Y128.656 E97.29681
G1 X128.656 Y93.812 E100.28101
G1 X128.656 Y92.989 E100.33085
G1 X92.989 Y128.656 E103.38554
G1 X92.167 Y128.656 E103.43532
G1 X128.656 Y92.167 E106.56041
G1 X128.656 Y91.344 E106.61025
G1 X91.344 Y128.656 E109.80582
G1 X91.344 Y127.833 E109.85566
G1 X127.833 Y91.344 E112.98075
G1 X127.011 Y91.344 E113.03053
G1 X91.344 Y127.011 E116.08522
G1 X91.344 Y126.188 E116.13506
G1 X126.188 Y91.344 E119.11926
G1 X125.366 Y91.344 E119.16904
G1 X91.344 Y125.366 E122.08284
G1 X91.344 Y124.543 E122.13268
G1 X124.543 Y91.344 E124.976
G1 X123.721 Y91.344 E125.02578
G1 X91.344 Y123.721 E127.7987
G1 X91.344 Y122.899 E127.84848
G1 X122.899 Y91.344 E130.551
G1 X122.076 Y91.344 E130.60084
G1 X91.344 Y122.076 E133.23287
G1 X91.344 Y121.254 E133.28265
G1 X121.254 Y91.344 E135.84428
G1 X120.431 Y91.344 E135.89412
G1 X91.344 Y120.431 E138.38527
G1 X91.344 Y119.609 E138.43505
G1 X119.609 Y91.344 E140.8558
G1 X118.786 Y91.344 E140.90564
G1 X91.344 Y118.786 E143.2559
G1 X91.344 Y117.964 E143.30568
G1 X117.964 Y91.344 E145.58554
G1 X117.142 Y91.344 E145.63532
G1 X91.344 Y117.142 E147.84478
G1 X91.344 Y116.319 E147.89462
G1 X116.319 Y91.344 E150.0336
G1 X115.497 Y91.344 E150.08338
G1 X91.344 Y115.497 E152.15196
G1 X91.344 Y114.674 E152.2018
G1 X114.674 Y91.344 E154.19989
G1 X113.852 Y91.344 E154.24967
G1 X91.344 Y113.852 E156.17736
G1 X91.344 Y113.029 E156.2272
G1 X113.029 Y91.344 E158.0844
G1 X112.207 Y91.344 E158.13418
G1 X91.344 Y112.207 E159.92098
G1 X91.344 Y111.385 E159.97076
G1 X111.385 Y91.344 E161.68716
G1 X110.562 Y91.344 E161.737
G1 X91.344 Y110.562 E163.38292
G1 X91.344 Y109.74 E163.4327
G1 X109.74 Y91.344 E165.00822
G1 X108.917 Y91.344 E165.05806
G1 X91.344 Y108.917 E166.56309
G1 X91.344 Y108.095 E166.61287
G1 X108.095 Y91.344 E168.0475
G1 X107.272 Y91.344 E168.09734
G1 X91.344 Y107.272 E169.46149
G1 X91.344 Y106.45 E169.51127
G1 X106.45 Y91.344 E170.80502
G1 X105.628 Y91.344 E170.8548
G1 X91.344 Y105.628 E172.07815
G1 X91.344 Y104.805 E172.12799
G1 X104.805 Y91.344 E173.28085
G1 X103.983 Y91.344 E173.33063
G1 X91.344 Y103.983 E174.41309
G1 X91.344 Y103.16 E174.46293
G1 X103.16 Y91.344 E175.47491
G1 X102.338 Y91.344 E175.52469
G1 X91.344 Y102.338 E176.46627
G1 X91.344 Y101.516 E176.51605
G1 X101.516 Y91.344 E177.38723
G1 X100.693 Y91.344 E177.43707
G1 X91.344 Y100.693 E178.23776
G1 X91.344 Y99.871 E178.28754
G1 X99.871 Y91.344 E179.01783
G1 X99.048 Y91.344 E179.06767
G1 X91.344 Y99.048 E179.72748
G1 X91.344 Y98.226 E179.77726
G1 X98.226 Y91.344 E180.36667
G1 X97.403 Y91.344 E180.41651
G1 X91.344 Y97.403 E180.93543
G1 X91.344 Y96.581 E180.98521
G1 X96.581 Y91.344 E181.43373
G1 X95.759 Y91.344 E181.48351
G1 X91.344 Y95.759 E181.86163
G1 X91.344 Y94.936 E181.91147
G1 X94.936 Y91.344 E182.21911
G1 X94.114 Y91.344 E182.26889
G1 X91.344 Y94.114 E182.50613
G1 X91.344 Y93.291 E182.55597
G1 X93.291 Y91.344 E182.72272
G1 X92.469 Y91.344 E182.7725
G1 X91.344 Y92.469 E182.86885
G1 X91.344 Y91.646 E182.91869
G1 X91.83 Y91.161 E182.96027
;LAYER_CHANGE
;Z:3.5
;HEIGHT:0.2
G1 E180.96027 F2400
G92 E0
G1 Z3.5 F7800
G1 X128.961 Y128.961
G1 E2 F2400
;TYPE:Perimeter
;WIDTH:0.449999
G1 F3323
G1 X91.039 Y128.961 E3.28361
G1 X91.039 Y91.039 E4.56722
G1 X128.961 Y91.039 E5.85083
G1 X128.961 Y128.901 E7.13241
G1 X129.368 Y129.368 F7800
G1 F3323
G1 X90.632 Y129.368 E8.44358
G1 X90.632 Y90.632 E9.75475
G1 X129.368 Y90.632 E11.06592
G1 X129.368 Y129.308 E12.37505
G1 X129.775 Y129.775 F7800
;TYPE:External perimeter
G1 F2400
G1 X90.225 Y129.775 E13.71377
G1 X90.225 Y90.225 E15.05249
G1 X129.775 Y90.225 E16.39121
G1 X129.775 Y129.715 E17.7279
G1 X129.379 Y129.774 F7800
;LAYER_CHANGE
;Z:3.7
;HEIGHT:0.2
G1 Z3.7 F7800
G1 X128.961 Y128.961
;TYPE:Perimeter
G1 F4800
G1 X91.039 Y128.961 E19.01151
G1 X91.039 Y91.039 E20.29512
G1 X128.961 Y91.039 E21.57873
G1 X128.961 Y128.901 E22.86031
G1 X129.368 Y129.368 F7800
M73 P14 R92
G1 F4800
G1 X90.632 Y129.368 E24.17148
G1 X90.632 Y90.632 E25.48265
G1 X129.368 Y90.632 E26.79382
G1 X129.368 Y129.308 E28.10295
G1 X129.775 Y129.775 F7800
;TYPE:External perimeter
G1 F2400
G1 X90.225 Y129.775 E29.44167
G1 X90.225 Y90.225 E30.78039
G1 X129.775 Y90.225 E32.11911
G1 X129.775 Y129.715 E33.4558
M73 P15 R92
G1 X129.379 Y129.774 F7800
G1 E31.4558 F2400
G92 E0
G1 X128.839 Y91.83 F7800
G1 E2 F2400
;TYPE:Internal infill
;WIDTH:0.45
;HEIGHT:0.4
G1 F4800
G1 X128.354 Y91.344 E2.04158
G1 X127.531 Y91.344 E2.09142
G1 X128.656 Y92.469 E2.18777
G1 X128.656 Y93.291 E2.23755
G1 X126.709 Y91.344 E2.4043
G1 X125.886 Y91.344 E2.45414
G1 X128.656 Y94.114 E2.69138
G1 X128.656 Y94.936 E2.74116
G1 X125.064 Y91.344 E3.0488
G1 X124.241 Y91.344 E3.09864
G1 X128.656 Y95.759 E3.47676
G1 X128.656 Y96.581 E3.52654
G1 X123.419 Y91.344 E3.97506
G1 X122.597 Y91.344 E4.02484
G1 X128.656 Y97.403 E4.54376
G1 X128.656 Y98.226 E4.5936
G1 X121.774 Y91.344 E5.18301
G1 X120.952 Y91.344 E5.23279
G1 X128.656 Y99.048 E5.8926
G1 X128.656 Y99.871 E5.94244
G1 X120.129 Y91.344 E6.67273
G1 X119.307 Y91.344 E6.72251
G1 X128.656 Y100.693 E7.5232
G1 X128.656 Y101.516 E7.57304
G1 X118.484 Y91.344 E8.44422
G1 X117.662 Y91.344 E8.494
G1 X128.656 Y102.338 E9.43558
G1 X128.656 Y103.16 E9.48536
G1 X116.84 Y91.344 E10.49734
G1 X116.017 Y91.344 E10.54718
G1 X128.656 Y103.983 E11.62964
G1 X128.656 Y104.805 E11.67942
G1 X115.195 Y91.344 E12.83228
G1 X114.372 Y91.344 E12.88212
G1 X128.656 Y105.628 E14.10547
G1 X128.656 Y106.45 E14.15525
G1 X113.55 Y91.344 E15.449
G1 X112.728 Y91.344 E15.49878
G1 X128.656 Y107.272 E16.86293
G1 X128.656 Y108.095 E16.91277
G1 X111.905 Y91.344 E18.3474
G1 X111.083 Y91.344 E18.39718
G1 X128.656 Y108.917 E19.90221
G1 X128.656 Y109.74 E19.95205
G1 X110.26 Y91.344 E21.52757
G1 X109.438 Y91.344 E21.57735
G1 X128.656 Y110.562 E23.22327
G1 X128.656 Y111.385 E23.27311
G1 X108.615 Y91.344 E24.98951
G1 X107.793 Y91.344 E25.03929
G1 X128.656 Y112.207 E26.82609
G1 X128.656 Y113.029 E26.87587
G1 X106.971 Y91.344 E28.73307
G1 X106.148 Y91.344 E28.78291
G1 X128.656 Y113.852 E30.7106
G1 X128.656 Y114.674 E30.76038
G1 X105.326 Y91.344 E32.75847
G1 X104.503 Y91.344 E32.80831
G1 X128.656 Y115.497 E34.87689
G1 X128.656 Y116.319 E34.92667
M73 Q15 S95
G1 X103.681 Y91.344 E37.06565
G1 X102.858 Y91.344 E37.11549
G1 X128.656 Y117.142 E39.32495
G1 X128.656 Y117.964 E39.37473
M73 Q15 S94
G1 X102.036 Y91.344 E41.65459
G1 X101.214 Y91.344 E41.70437
G1 X128.656 Y118.786 E44.05463
G1 X128.656 Y119.609 E44.10447
G1 X100.391 Y91.344 E46.52522
G1 X99.569 Y91.344 E46.575
G1 X128.656 Y120.431 E49.06615
G1 X128.656 Y121.254 E49.11599
G1 X98.746 Y91.344 E51.67762
G1 X97.924 Y91.344 E51.7274
G1 X128.656 Y122.076 E54.35943
G1 X128.656 Y122.899 E54.40927
G1 X97.101 Y91.344 E57.11179
G1 X96.279 Y91.344 E57.16157
G1 X128.656 Y123.721 E59.93449
G1 X128.656 Y124.543 E59.98427
G1 X95.457 Y91.344 E62.82759
G1 X94.634 Y91.344 E62.87743
G1 X128.656 Y125.366 E65.79123
G1 X128.656 Y126.188 E65.84101
G1 X93.812 Y91.344 E68.82521
G1 X92.989 Y91.344 E68.87505
G1 X128.656 Y127.011 E71.92974
G1 X128.656 Y127.833 E71.97952
G1 X92.167 Y91.344 E75.10461
G1 X91.344 Y91.344 E75.15445
G1 X128.656 Y128.656 E78.35002
G1 X127.833 Y128.656 E78.39986
G1 X91.344 Y92.167 E81.52495
G1 X91.344 Y92.989 E81.57473
G1 X127.011 Y128.656 E84.62942
G1 X126.188 Y128.656 E84.67926
G1 X91.344 Y93.812 E87.66346
G1 X91.344 Y94.634 E87.71324
G1 X125.366 Y128.656 E90.62704
G1 X124.543 Y128.656 E90.67688
G1 X91.344 Y95.457 E93.5202
G1 X91.344 Y96.279 E93.56998
G1 X123.721 Y128.656 E96.3429
G1 X122.899 Y128.656 E96.39268
G1 X91.344 Y97.101 E99.0952
G1 X91.344 Y97.924 E99.14504
G1 X122.076 Y128.656 E101.77707
G1 X121.254 Y128.656 E101.82685
G1 X91.344 Y98.746 E104.38848
G1 X91.344 Y99.569 E104.43832
G1 X120.431 Y128.656 E106.92947
G1 X119.609 Y128.656 E106.97925
G1 X91.344 Y100.391 E109.4
G1 X91.344 Y101.214 E109.44984
G1 X118.786 Y128.656 E111.8001
G1 X117.964 Y128.656 E111.84988
G1 X91.344 Y102.036 E114.12974
G1 X91.344 Y102.858 E114.17952
G1 X117.142 Y128.656 E116.38898
G1 X116.319 Y128.656 E116.43882
G1 X91.344 Y103.681 E118.5778
G1 X91.344 Y104.503 E118.62758
G1 X115.497 Y128.656 E120.69616
G1 X114.674 Y128.656 E120.746
G1 X91.344 Y105.326 E122.74409
G1 X91.344 Y106.148 E122.79387
G1 X113.852 Y128.656 E124.72156
G1 X113.029 Y128.656 E124.7714
G1 X91.344 Y106.971 E126.6286
G1 X91.344 Y107.793 E126.67838
G1 X112.207 Y128.656 E128.46518
G1 X111.385 Y128.656 E128.51496
G1 X91.344 Y108.615 E130.23136
G1 X91.344 Y109.438 E130.2812
G1 X110.562 Y128.656 E131.92712
G1 X109.74 Y128.656 E131.9769
G1 X91.344 Y110.26 E133.55242
G1 X91.344 Y111.083 E133.60226
G1 X108.917 Y128.656 E135.10729
G1 X108.095 Y128.656 E135.15707
G1 X91.344 Y111.905 E136.5917
G1 X91.344 Y112.728 E136.64154
G1 X107.272 Y128.656 E138.00569
G1 X106.45 Y128.656 E138.05547
G1 X91.344 Y113.55 E139.34922
G1 X91.344 Y114.372 E139.399
G1 X105.628 Y128.656 E140.62235
G1 X104.805 Y128.656 E140.67219
G1 X91.344 Y115.195 E141.82505
G1 X91.344 Y116.017 E141.87483
G1 X103.983 Y128.656 E142.95729
G1 X103.16 Y128.656 E143.00713
G1 X91.344 Y116.84 E144.01911
G1 X91.344 Y117.662 E144.06889
G1 X102.338 Y128.656 E145.01047
G1 X101.516 Y128.656 E145.06025
G1 X91.344 Y118.484 E145.93143
G1 X91.344 Y119.307 E145.98127
G1 X100.693 Y128.656 E146.78196
G1 X99.871 Y128.656 E146.83174
G1 X91.344 Y120.129 E147.56203
G1 X91.344 Y120.952 E147.61187
G1 X99.048 Y128.656 E148.27168
G1 X98.226 Y128.656 E148.32146
G1 X91.344 Y121.774 E148.91087
G1 X91.344 Y122.597 E148.96071
G1 X97.403 Y128.656 E149.47963
G1 X96.581 Y128.656 E149.52941
G1 X91.344 Y123.419 E149.97793
G1 X91.344 Y124.241 E150.02771
G1 X95.759 Y128.656 E150.40583
G1 X94.936 Y128.656 E150.45567
G1 X91.344 Y125.064 E150.76331
G1 X91.344 Y125.886 E150.81309
G1 X94.114 Y128.656 E151.05033
G1 X93.291 Y128.656 E151.10017
G1 X91.344 Y126.709 E151.26692
G1 X91.344 Y127.531 E151.3167
G1 X92.469 Y128.656 E151.41305
G1 X91.646 Y128.656 E151.46289
G1 X91.161 Y128.17 E151.50447
;LAYER_CHANGE
;Z:3.9
;HEIGHT:0.2
G1 E149.50447 F2400
G92 E0
G1 Z3.9 F7800
G1 X128.961 Y128.961
G1 E2 F2400
;TYPE:Perimeter
;WIDTH:0.449999
G1 F3254
G1 X91.039 Y128.961 E3.28361
G1 X91.039 Y91.039 E4.56722
G1 X128.961 Y91.039 E5.85083
G1 X128.961 Y128.901 E7.13241
G1 X129.368 Y129.368 F7800
G1 F3254
G1 X90.632 Y129.368 E8.44358
G1 X90.632 Y90.632 E9.75475
G1 X129.368 Y90.632 E11.06592
G1 X129.368 Y129.308 E12.37505
G1 X129.775 Y129.775 F7800
;TYPE:External perimeter
G1 F2400
G1 X90.225 Y129.775 E13.71377
G1 X90.225 Y90.225 E15.05249
G1 X129.775 Y90.225 E16.39121
G1 X129.775 Y129.715 E17.7279
G1 X129.379 Y129.774 F7800
;LAYER_CHANGE
;Z:4.1
;HEIGHT:0.2
G1 Z4.1 F7800
G1 X128.961 Y128.961
;TYPE:Perimeter
G1 F4800
G1 X91.039 Y128.961 E19.01151
G1 X91.039 Y91.039 E20.29512
G1 X128.961 Y91.039 E21.57873
G1 X128.961 Y128.901 E22.86031
G1 X129.368 Y129.368 F7800
G1 F4800
G1 X90.632 Y129.368 E24.17148
G1 X90.632 Y90.632 E25.48265
G1 X129.368 Y90.632 E26.79382
G1 X129.368 Y129.308 E28.10295
G1 X129.775 Y129.775 F7800
;TYPE:External perimeter
G1 F2400
G1 X90.225 Y129.775 E29.44167
G1 X90.225 Y90.225 E30.78039
G1 X129.775 Y90.225 E32.11911
M73 P15 R91
G1 X129.775 Y129.715 E33.4558
G1 X129.379 Y129.774 F7800
G1 X128.17 Y128.839
;TYPE:Internal infill
;WIDTH:0.45
;HEIGHT:0.4
G1 F4800
G1 X128.656 Y128.354 E33.49738
G1 X128.656 Y127.531 E33.54722
G1 X127.531 Y128.656 E33.64357
G1 X126.709 Y128.656 E33.69335
G1 X128.656 Y126.709 E33.8601
G1 X128.656 Y125.886 E33.90994
G1 X125.886 Y128.656 E34.14718
G1 X125.064 Y128.656 E34.19696
G1 X128.656 Y125.064 E34.5046
G1 X128.656 Y124.241 E34.55444
G1 X124.241 Y128.656 E34.93256
G1 X123.419 Y128.656 E34.98234
G1 X128.656 Y123.419 E35.43086
G1 X128.656 Y122.597 E35.48064
G1 X122.597 Y128.656 E35.99956
G1 X121.774 Y128.656 E36.0494
G1 X128.656 Y121.774 E36.63881
G1 X128.656 Y120.952 E36.68859
G1 X120.952 Y128.656 E37.3484
G1 X120.129 Y128.656 E37.39824
G1 X128.656 Y120.129 E38.12853
G1 X128.656 Y119.307 E38.17831
G1 X119.307 Y128.656 E38.979
G1 X118.484 Y128.656 E39.02884
G1 X128.656 Y118.484 E39.90002
G1 X128.656 Y117.662 E39.9498
G1 X117.662 Y128.656 E40.89138
G1 X116.84 Y128.656 E40.94116
G1 X128.656 Y116.84 E41.95314
G1 X128.656 Y116.017 E42.00298
G1 X116.017 Y128.656 E43.08544
G1 X115.195 Y128.656 E43.13522
G1 X128.656 Y115.195 E44.28808
G1 X128.656 Y114.372 E44.33792
G1 X114.372 Y128.656 E45.56127
G1 X113.55 Y128.656 E45.61105
G1 X128.656 Y113.55 E46.9048
G1 X128.656 Y112.728 E46.95458
G1 X112.728 Y128.656 E48.31873
G1 X111.905 Y128.656 E48.36857
G1 X128.656 Y111.905 E49.8032
G1 X128.656 Y111.083 E49.85298
G1 X111.083 Y128.656 E51.35801
G1 X110.26 Y128.656 E51.40785
G1 X128.656 Y110.26 E52.98337
G1 X128.656 Y109.438 E53.03315
G1 X109.438 Y128.656 E54.67907
G1 X108.615 Y128.656 E54.72891
G1 X128.656 Y108.615 E56.44531
G1 X128.656 Y107.793 E56.49509
G1 X107.793 Y128.656 E58.28189
G1 X106.971 Y128.656 E58.33167
G1 X128.656 Y106.971 E60.18887
G1 X128.656 Y106.148 E60.23871
G1 X106.148 Y128.656 E62.1664
G1 X105.326 Y128.656 E62.21618
G1 X128.656 Y105.326 E64.21427
G1 X128.656 Y104.503 E64.26411
M73 P16 R91
G1 X104.503 Y128.656 E66.33269
G1 X103.681 Y128.656 E66.38247
G1 X128.656 Y103.681 E68.52145
G1 X128.656 Y102.858 E68.57129
G1 X102.858 Y128.656 E70.78075
G1 X102.036 Y128.656 E70.83053
G1 X128.656 Y102.036 E73.11039
G1 X128.656 Y101.214 E73.16017
G1 X101.214 Y128.656 E75.51043
G1 X100.391 Y128.656 E75.56027
G1 X128.656 Y100.391 E77.98102
G1 X128.656 Y99.569 E78.0308
G1 X99.569 Y128.656 E80.52195
G1 X98.746 Y128.656 E80.57179
G1 X128.656 Y98.746 E83.13342
G1 X128.656 Y97.924 E83.1832
G1 X97.924 Y128.656 E85.81523
G1 X97.101 Y128.656 E85.86507
M73 Q15 S93
G1 X128.656 Y97.101 E88.56759
G1 X128.656 Y96.279 E88.61737
G1 X96.279 Y128.656 E91.39029
G1 X95.457 Y128.656 E91.44007
G1 X128.656 Y95.457 E94.28339
G1 X128.656 Y94.634 E94.33323
G1 X94.634 Y128.656 E97.24703
G1 X93.812 Y128.656 E97.29681
G1 X128.656 Y93.812 E100.28101
G1 X128.656 Y92.989 E100.33085
G1 X92.989 Y128.656 E103.38554
G1 X92.167 Y128.656 E103.43532
G1 X128.656 Y92.167 E106.56041
G1 X128.656 Y91.344 E106.61025
G1 X91.344 Y128.656 E109.80582
G1 X91.344 Y127.833 E109.85566
M73 Q16 S93
G1 X127.833 Y91.344 E112.98075
G1 X127.011 Y91.344 E113.03053
G1 X91.344 Y127.011 E116.08522
G1 X91.344 Y126.188 E116.13506
G1 X126.188 Y91.344 E119.11926
G1 X125.366 Y91.344 E119.16904
G1 X91.344 Y125.366 E122.08284
G1 X91.344 Y124.543 E122.13268
G1 X124.543 Y91.344 E124.976
G1 X123.721 Y91.344 E125.02578
G1 X91.344 Y123.721 E127.7987
G1 X91.344 Y122.899 E127.84848
G1 X122.899 Y91.344 E130.551
G1 X122.076 Y91.344 E130.60084
G1 X91.344 Y122.076 E133.23287
G1 X91.344 Y121.254 E133.28265
G1 X121.254 Y91.344 E135.84428
G1 X120.431 Y91.344 E135.89412
G1 X91.344 Y120.431 E138.38527
G1 X91.344 Y119.609 E138.43505
G1 X119.609 Y91.344 E140.8558
G1 X118.786 Y91.344 E140.90564
G1 X91.344 Y118.786 E143.2559
G1 X91.344 Y117.964 E143.30568
G1 X117.964 Y91.344 E145.58554
G1 X117.142 Y91.344 E145.63532
G1 X91.344 Y117.142 E147.84478
G1 X91.344 Y116.319 E147.89462
G1 X116.319 Y91.344 E150.0336
G1 X115.497 Y91.344 E150.08338
G1 X91.344 Y115.497 E152.15196
G1 X91.344 Y114.674 E152.2018
G1 X114.674 Y91.344 E154.19989
G1 X113.852 Y91.344 E154.24967
G1 X91.344 Y113.852 E156.17736
G1 X91.344 Y113.029 E156.2272
G1 X113.029 Y91.344 E158.0844
G1 X112.207 Y91.344 E158.13418
G1 X91.344 Y112.207 E159.92098
G1 X91.344 Y111.385 E159.97076
G1 X111.385 Y91.344 E161.68716
G1 X110.562 Y91.344 E161.737
G1 X91.344 Y110.562 E163.38292
G1 X91.344 Y109.74 E163.4327
G1 X109.74 Y91.344 E165.00822
G1 X108.917 Y91.344 E165.05806
G1 X91.344 Y108.917 E166.56309
G1 X91.344 Y108.095 E166.61287
G1 X108.095 Y91.344 E168.0475
G1 X107.272 Y91.344 E168.09734
G1 X91.344 Y107.272 E169.46149
G1 X91.344 Y106.45 E169.51127
G1 X106.45 Y91.344 E170.80502
G1 X105.628 Y91.344 E170.8548
G1 X91.344 Y105.628 E172.07815
G1 X91.344 Y104.805 E172.12799
G1 X104.805 Y91.344 E173.28085
G1 X103.983 Y91.344 E173.33063
G1 X91.344 Y103.983 E174.41309
G1 X91.344 Y103.16 E174.46293
G1 X103.16 Y91.344 E175.47491
G1 X102.338 Y91.344 E175.52469
G1 X91.344 Y102.338 E176.46627
G1 X91.344 Y101.516 E176.51605
G1 X101.516 Y91.344 E177.38723
G1 X100.693 Y91.344 E177.43707
G1 X91.344 Y100.693 E178.23776
G1 X91.344 Y99.871 E178.28754
G1 X99.871 Y91.344 E179.01783
G1 X99.048 Y91.344 E179.06767
G1 X91.344 Y99.048 E179.72748
G1 X91.344 Y98.226 E179.77726
G1 X98.226 Y91.344 E180.36667
G1 X97.403 Y91.344 E180.41651
G1 X91.344 Y97.403 E180.93543
G1 X91.344 Y96.581 E180.98521
G1 X96.581 Y91.344 E181.43373
G1 X95.759 Y91.344 E181.48351
G1 X91.344 Y95.759 E181.86163
G1 X91.344 Y94.936 E181.91147
G1 X94.936 Y91.344 E182.21911
G1 X94.114 Y91.344 E182.26889
G1 X91.344 Y94.114 E182.50613
G1 X91.344 Y93.291 E182.55597
G1 X93.291 Y91.344 E182.72272
G1 X92.469 Y91.344 E182.7725
G1 X91.344 Y92.469 E182.86885
G1 X91.344 Y91.646 E182.91869
G1 X91.83 Y91.161 E182.96027
;LAYER_CHANGE
;Z:4.3
;HEIGHT:0.2
G1 E180.96027 F2400
G92 E0
G1 Z4.3 F7800
G1 X128.961 Y128.961
G1 E2 F2400
;TYPE:Perimeter
;WIDTH:0.449999
G1 F3323
G1 X91.039 Y128.961 E3.28361
G1 X91.039 Y91.039 E4.56722
G1 X128.961 Y91.039 E5.85083
G1 X128.961 Y128.901 E7.13241
G1 X129.368 Y129.368 F7800
G1 F3323
G1 X90.632 Y129.368 E8.44358
G1 X90.632 Y90.632 E9.75475
G1 X129.368 Y90.632 E11.06592
G1 X129.368 Y129.308 E12.37505
G1 X129.775 Y129.775 F7800
;TYPE:External perimeter
G1 F2400
G1 X90.225 Y129.775 E13.71377
G1 X90.225 Y90.225 E15.05249
G1 X129.775 Y90.225 E16.39121
G1 X129.775 Y129.715 E17.7279
G1 X129.379 Y129.774 F7800
;LAYER_CHANGE
;Z:4.5
;HEIGHT:0.2
G1 Z4.5 F7800
G1 X128.961 Y128.961
;TYPE:Perimeter
G1 F4800
G1 X91.039 Y128.961 E19.01151
G1 X91.039 Y91.039 E20.29512
G1 X128.961 Y91.039 E21.57873
G1 X128.961 Y128.901 E22.86031
G1 X129.368 Y129.368 F7800
G1 F4800
G1 X90.632 Y129.368 E24.17148
G1 X90.632 Y90.632 E25.48265
G1 X129.368 Y90.632 E26.79382
G1 X129.368 Y129.308 E28.10295
G1 X129.775 Y129.775 F7800
;TYPE:External perimeter
G1 F2400
G1 X90.225 Y129.775 E29.44167
G1 X90.225 Y90.225 E30.78039
G1 X129.775 Y90.225 E32.11911
G1 X129.775 Y129.715 E33.4558
G1 X129.379 Y129.774 F7800
G1 E31.4558 F2400
G92 E0
G1 X128.839 Y91.83 F7800
G1 E2 F2400
;TYPE:Internal infill
;WIDTH:0.45
;HEIGHT:0.4
G1 F4800
G1 X128.354 Y91.344 E2.04158
G1 X127.531 Y91.344 E2.09142
G1 X128.656 Y92.469 E2.18777
G1 X128.656 Y93.291 E2.23755
G1 X126.709 Y91.344 E2.4043
G1 X125.886 Y91.344 E2.45414
G1 X128.656 Y94.114 E2.69138
G1 X128.656 Y94.936 E2.74116
G1 X125.064 Y91.344 E3.0488
G1 X124.241 Y91.344 E3.09864
G1 X128.656 Y95.759 E3.47676
G1 X128.656 Y96.581 E3.52654
G1 X123.419 Y91.344 E3.97506
G1 X122.597 Y91.344 E4.02484
G1 X128.656 Y97.403 E4.54376
G1 X128.656 Y98.226 E4.5936
G1 X121.774 Y91.344 E5.18301
G1 X120.952 Y91.344 E5.23279
G1 X128.656 Y99.048 E5.8926
G1 X128.656 Y99.871 E5.94244
G1 X120.129 Y91.344 E6.67273
G1 X119.307 Y91.344 E6.72251
G1 X128.656 Y100.693 E7.5232
G1 X128.656 Y101.516 E7.57304
G1 X118.484 Y91.344 E8.44422
G1 X117.662 Y91.344 E8.494
M73 P16 R90
G1 X128.656 Y102.338 E9.43558
G1 X128.656 Y103.16 E9.48536
G1 X116.84 Y91.344 E10.49734
G1 X116.017 Y91.344 E10.54718
G1 X128.656 Y103.983 E11.62964
G1 X128.656 Y104.805 E11.67942
G1 X115.195 Y91.344 E12.83228
G1 X114.372 Y91.344 E12.88212
G1 X128.656 Y105.628 E14.10547
G1 X128.656 Y106.45 E14.15525
G1 X113.55 Y91.344 E15.449
G1 X112.728 Y91.344 E15.49878
G1 X128.656 Y107.272 E16.86293
G1 X128.656 Y108.095 E16.91277
G1 X111.905 Y91.344 E18.3474
G1 X111.083 Y91.344 E18.39718
G1 X128.656 Y108.917 E19.90221
G1 X128.656 Y109.74 E19.95205
G1 X110.26 Y91.344 E21.52757
G1 X109.438 Y91.344 E21.57735
G1 X128.656 Y110.562 E23.22327
G1 X128.656 Y111.385 E23.27311
G1 X108.615 Y91.344 E24.98951
G1 X107.793 Y91.344 E25.03929
G1 X128.656 Y112.207 E26.82609
G1 X128.656 Y113.029 E26.87587
G1 X106.971 Y91.344 E28.73307
G1 X106.148 Y91.344 E28.78291
G1 X128.656 Y113.852 E30.7106
G1 X128.656 Y114.674 E30.76038
G1 X105.326 Y91.344 E32.75847
G1 X104.503 Y91.344 E32.80831
G1 X128.656 Y115.497 E34.87689
G1 X128.656 Y116.319 E34.92667
G1 X103.681 Y91.344 E37.06565
G1 X102.858 Y91.344 E37.11549
G1 X128.656 Y117.142 E39.32495
G1 X128.656 Y117.964 E39.37473
G1 X102.036 Y91.344 E41.65459
G1 X101.214 Y91.344 E41.70437
G1 X128.656 Y118.786 E44.05463
G1 X128.656 Y119.609 E44.10447
G1 X100.391 Y91.344 E46.52522
G1 X99.569 Y91.344 E46.575
G1 X128.656 Y120.431 E49.06615
G1 X128.656 Y121.254 E49.11599
G1 X98.746 Y91.344 E51.67762
G1 X97.924 Y91.344 E51.7274
G1 X128.656 Y122.076 E54.35943
G1 X128.656 Y122.899 E54.40927
G1 X97.101 Y91.344 E57.11179
G1 X96.279 Y91.344 E57.16157
G1 X128.656 Y123.721 E59.93449
G1 X128.656 Y124.543 E59.98427
G1 X95.457 Y91.344 E62.82759
G1 X94.634 Y91.344 E62.87743
G1 X128.656 Y125.366 E65.79123
G1 X128.656 Y126.188 E65.84101
M73 Q16 S92
G1 X93.812 Y91.344 E68.82521
G1 X92.989 Y91.344 E68.87505
G1 X128.656 Y127.011 E71.92974
G1 X128.656 Y127.833 E71.97952
G1 X92.167 Y91.344 E75.10461
G1 X91.344 Y91.344 E75.15445
M73 P17 R90
G1 X128.656 Y128.656 E78.35002
G1 X127.833 Y128.656 E78.39986
G1 X91.344 Y92.167 E81.52495
G1 X91.344 Y92.989 E81.57473
G1 X127.011 Y128.656 E84.62942
G1 X126.188 Y128.656 E84.67926
G1 X91.344 Y93.812 E87.66346
G1 X91.344 Y94.634 E87.71324
G1 X125.366 Y128.656 E90.62704
G1 X124.543 Y128.656 E90.67688
G1 X91.344 Y95.457 E93.5202
G1 X91.344 Y96.279 E93.56998
G1 X123.721 Y128.656 E96.3429
G1 X122.899 Y128.656 E96.39268
G1 X91.344 Y97.101 E99.0952
G1 X91.344 Y97.924 E99.14504
G1 X122.076 Y128.656 E101.77707
G1 X121.254 Y128.656 E101.82685
G1 X91.344 Y98.746 E104.38848
G1 X91.344 Y99.569 E104.43832
G1 X120.431 Y128.656 E106.92947
G1 X119.609 Y128.656 E106.97925
G1 X91.344 Y100.391 E109.4
G1 X91.344 Y101.214 E109.44984
G1 X118.786 Y128.656 E111.8001
G1 X117.964 Y128.656 E111.84988
G1 X91.344 Y102.036 E114.12974
G1 X91.344 Y102.858 E114.17952
G1 X117.142 Y128.656 E116.38898
G1 X116.319 Y128.656 E116.43882
G1 X91.344 Y103.681 E118.5778
G1 X91.344 Y104.503 E118.62758
G1 X115.497 Y128.656 E120.69616
G1 X114.674 Y128.656 E120.746
M73 Q17 S92
G1 X91.344 Y105.326 E122.74409
G1 X91.344 Y106.148 E122.79387
G1 X113.852 Y128.656 E124.72156
G1 X113.029 Y128.656 E124.7714
G1 X91.344 Y106.971 E126.6286
G1 X91.344 Y107.793 E126.67838
G1 X112.207 Y128.656 E128.46518
G1 X111.385 Y128.656 E128.51496
G1 X91.344 Y108.615 E130.23136
G1 X91.344 Y109.438 E130.2812
G1 X110.562 Y128.656 E131.92712
G1 X109.74 Y128.656 E131.9769
G1 X91.344 Y110.26 E133.55242
G1 X91.344 Y111.083 E133.60226
G1 X108.917 Y128.656 E135.10729
G1 X108.095 Y128.656 E135.15707
G1 X91.344 Y111.905 E136.5917
G1 X91.344 Y112.728 E136.64154
G1 X107.272 Y128.656 E138.00569
G1 X106.45 Y128.656 E138.05547
G1 X91.344 Y113.55 E139.34922
G1 X91.344 Y114.372 E139.399
G1 X105.628 Y128.656 E140.62235
G1 X104.805 Y128.656 E140.67219
G1 X91.344 Y115.195 E141.82505
G1 X91.344 Y116.017 E141.87483
G1 X103.983 Y128.656 E142.95729
G1 X103.16 Y128.656 E143.00713
G1 X91.344 Y116.84 E144.01911
G1 X91.344 Y117.662 E144.06889
G1 X102.338 Y128.656 E145.01047
G1 X101.516 Y128.656 E145.06025
G1 X91.344 Y118.484 E145.93143
G1 X91.344 Y119.307 E145.98127
G1 X100.693 Y128.656 E146.78196
G1 X99.871 Y128.656 E146.83174
G1 X91.344 Y120.129 E147.56203
G1 X91.344 Y120.952 E147.61187
G1 X99.048 Y128.656 E148.27168
G1 X98.226 Y128.656 E148.32146
G1 X91.344 Y121.774 E148.91087
G1 X91.344 Y122.597 E148.96071
G1 X97.403 Y128.656 E149.47963
G1 X96.581 Y128.656 E149.52941
G1 X91.344 Y123.419 E149.97793
G1 X91.344 Y124.241 E150.02771
G1 X95.759 Y128.656 E150.40583
G1 X94.936 Y128.656 E150.45567
G1 X91.344 Y125.064 E150.76331
G1 X91.344 Y125.886 E150.81309
G1 X94.114 Y128.656 E151.05033
G1 X93.291 Y128.656 E151.10017
G1 X91.344 Y126.709 E151.26692
G1 X91.344 Y127.531 E151.3167
G1 X92.469 Y128.656 E151.41305
G1 X91.646 Y128.656 E151.46289
G1 X91.161 Y128.17 E151.50447
;LAYER_CHANGE
;Z:4.7
;HEIGHT:0.2
G1 E149.50447 F2400
G92 E0
G1 Z4.7 F7800
G1 X128.961 Y128.961
G1 E2 F2400
;TYPE:Perimeter
;WIDTH:0.449999
G1 F3254
G1 X91.039 Y128.961 E3.28361
G1 X91.039 Y91.039 E4.56722
G1 X128.961 Y91.039 E5.85083
G1 X128.961 Y128.901 E7.13241
G1 X129.368 Y129.368 F7800
G1 F3254
G1 X90.632 Y129.368 E8.44358
G1 X90.632 Y90.632 E9.75475
G1 X129.368 Y90.632 E11.06592
G1 X129.368 Y129.308 E12.37505
G1 X129.775 Y129.775 F7800
;TYPE:External perimeter
G1 F2400
G1 X90.225 Y129.775 E13.71377
G1 X90.225 Y90.225 E15.05249
G1 X129.775 Y90.225 E16.39121
G1 X129.775 Y129.715 E17.7279
G1 X129.379 Y129.774 F7800
;LAYER_CHANGE
;Z:4.9
;HEIGHT:0.2
G1 Z4.9 F7800
G1 X128.961 Y128.961
;TYPE:Perimeter
G1 F4800
G1 X91.039 Y128.961 E19.01151
G1 X91.039 Y91.039 E20.29512
G1 X128.961 Y91.039 E21.57873
G1 X128.961 Y128.901 E22.86031
G1 X129.368 Y129.368 F7800
G1 F4800
G1 X90.632 Y129.368 E24.17148
G1 X90.632 Y90.632 E25.48265
G1 X129.368 Y90.632 E26.79382
G1 X129.368 Y129.308 E28.10295
G1 X129.775 Y129.775 F7800
;TYPE:External perimeter
G1 F2400
G1 X90.225 Y129.775 E29.44167
G1 X90.225 Y90.225 E30.78039
G1 X129.775 Y90.225 E32.11911
G1 X129.775 Y129.715 E33.4558
G1 X129.379 Y129.774 F7800
G1 X128.17 Y128.839
;TYPE:Internal infill
;WIDTH:0.45
;HEIGHT:0.4
G1 F4800
G1 X128.656 Y128.354 E33.49738
G1 X128.656 Y127.531 E33.54722
G1 X127.531 Y128.656 E33.64357
G1 X126.709 Y128.656 E33.69335
G1 X128.656 Y126.709 E33.8601
G1 X128.656 Y125.886 E33.90994
G1 X125.886 Y128.656 E34.14718
G1 X125.064 Y128.656 E34.19696
G1 X128.656 Y125.064 E34.5046
G1 X128.656 Y124.241 E34.55444
G1 X124.241 Y128.656 E34.93256
G1 X123.419 Y128.656 E34.98234
G1 X128.656 Y123.419 E35.43086
G1 X128.656 Y122.597 E35.48064
G1 X122.597 Y128.656 E35.99956
G1 X121.774 Y128.656 E36.0494
G1 X128.656 Y121.774 E36.63881
G1 X128.656 Y120.952 E36.68859
G1 X120.952 Y128.656 E37.3484
G1 X120.129 Y128.656 E37.39824
G1 X128.656 Y120.129 E38.12853
G1 X128.656 Y119.307 E38.17831
G1 X119.307 Y128.656 E38.979
G1 X118.484 Y128.656 E39.02884
G1 X128.656 Y118.484 E39.90002
G1 X128.656 Y117.662 E39.9498
G1 X117.662 Y128.656 E40.89138
G1 X116.84 Y128.656 E40.94116
G1 X128.656 Y116.84 E41.95314
G1 X128.656 Y116.017 E42.00298
G1 X116.017 Y128.656 E43.08544
G1 X115.195 Y128.656 E43.13522
G1 X128.656 Y115.195 E44.28808
G1 X128.656 Y114.372 E44.33792
G1 X114.372 Y128.656 E45.56127
G1 X113.55 Y128.656 E45.61105
G1 X128.656 Y113.55 E46.9048
G1 X128.656 Y112.728 E46.95458
G1 X112.728 Y128.656 E48.31873
G1 X111.905 Y128.656 E48.36857
G1 X128.656 Y111.905 E49.8032
G1 X128.656 Y111.083 E49.85298
G1 X111.083 Y128.656 E51.35801
G1 X110.26 Y128.656 E51.40785
G1 X128.656 Y110.26 E52.98337
G1 X128.656 Y109.438 E53.03315
G1 X109.438 Y128.656 E54.67907
G1 X108.615 Y128.656 E54.72891
G1 X128.656 Y108.615 E56.44531
G1 X128.656 Y107.793 E56.49509
G1 X107.793 Y128.656 E58.28189
G1 X106.971 Y128.656 E58.33167
M73 P17 R89
G1 X128.656 Y106.971 E60.18887
G1 X128.656 Y106.148 E60.23871
G1 X106.148 Y128.656 E62.1664
G1 X105.326 Y128.656 E62.21618
G1 X128.656 Y105.326 E64.21427
G1 X128.656 Y104.503 E64.26411
G1 X104.503 Y128.656 E66.33269
G1 X103.681 Y128.656 E66.38247
G1 X128.656 Y103.681 E68.52145
G1 X128.656 Y102.858 E68.57129
G1 X102.858 Y128.656 E70.78075
G1 X102.036 Y128.656 E70.83053
G1 X128.656 Y102.036 E73.11039
G1 X128.656 Y101.214 E73.16017
G1 X101.214 Y128.656 E75.51043
G1 X100.391 Y128.656 E75.56027
G1 X128.656 Y100.391 E77.98102
G1 X128.656 Y99.569 E78.0308
G1 X99.569 Y128.656 E80.52195
G1 X98.746 Y128.656 E80.57179
G1 X128.656 Y98.746 E83.13342
G1 X128.656 Y97.924 E83.1832
G1 X97.924 Y128.656 E85.81523
G1 X97.101 Y128.656 E85.86507
G1 X128.656 Y97.101 E88.56759
G1 X128.656 Y96.279 E88.61737
G1 X96.279 Y128.656 E91.39029
G1 X95.457 Y128.656 E91.44007
G1 X128.656 Y95.457 E94.28339
G1 X128.656 Y94.634 E94.33323
G1 X94.634 Y128.656 E97.24703
G1 X93.812 Y128.656 E97.29681
G1 X128.656 Y93.812 E100.28101
G1 X128.656 Y92.989 E100.33085
G1 X92.989 Y128.656 E103.38554
G1 X92.167 Y128.656 E103.43532
G1 X128.656 Y92.167 E106.56041
G1 X128.656 Y91.344 E106.61025
G1 X91.344 Y128.656 E109.80582
G1 X91.344 Y127.833 E109.85566
M73 Q17 S91
G1 X127.833 Y91.344 E112.98075
G1 X127.011 Y91.344 E113.03053
G1 X91.344 Y127.011 E116.08522
G1 X91.344 Y126.188 E116.13506
G1 X126.188 Y91.344 E119.11926
G1 X125.366 Y91.344 E119.16904
G1 X91.344 Y125.366 E122.08284
G1 X91.344 Y124.543 E122.13268
G1 X124.543 Y91.344 E124.976
G1 X123.721 Y91.344 E125.02578
G1 X91.344 Y123.721 E127.7987
G1 X91.344 Y122.899 E127.84848
G1 X122.899 Y91.344 E130.551
G1 X122.076 Y91.344 E130.60084
G1 X91.344 Y122.076 E133.23287
G1 X91.344 Y121.254 E133.28265
G1 X121.254 Y91.344 E135.84428
G1 X120.431 Y91.344 E135.89412
G1 X91.344 Y120.431 E138.38527
G1 X91.344 Y119.609 E138.43505
G1 X119.609 Y91.344 E140.8558
G1 X118.786 Y91.344 E140.90564
G1 X91.344 Y118.786 E143.2559
G1 X91.344 Y117.964 E143.30568
G1 X117.964 Y91.344 E145.58554
G1 X117.142 Y91.344 E145.63532
G1 X91.344 Y117.142 E147.84478
G1 X91.344 Y116.319 E147.89462
G1 X116.319 Y91.344 E150.0336
G1 X115.497 Y91.344 E150.08338
G1 X91.344 Y115.497 E152.15196
G1 X91.344 Y114.674 E152.2018
M73 P18 R89
G1 X114.674 Y91.344 E154.19989
G1 X113.852 Y91.344 E154.24967
G1 X91.344 Y113.852 E156.17736
G1 X91.344 Y113.029 E156.2272
G1 X113.029 Y91.344 E158.0844
G1 X112.207 Y91.344 E158.13418
G1 X91.344 Y112.207 E159.92098
G1 X91.344 Y111.385 E159.97076
G1 X111.385 Y91.344 E161.68716
G1 X110.562 Y91.344 E161.737
G1 X91.344 Y110.562 E163.38292
G1 X91.344 Y109.74 E163.4327
G1 X109.74 Y91.344 E165.00822
G1 X108.917 Y91.344 E165.05806
G1 X91.344 Y108.917 E166.56309
G1 X91.344 Y108.095 E166.61287
G1 X108.095 Y91.344 E168.0475
G1 X107.272 Y91.344 E168.09734
G1 X91.344 Y107.272 E169.46149
G1 X91.344 Y106.45 E169.51127
G1 X106.45 Y91.344 E170.80502
G1 X105.628 Y91.344 E170.8548
G1 X91.344 Y105.628 E172.07815
G1 X91.344 Y104.805 E172.12799
G1 X104.805 Y91.344 E173.28085
G1 X103.983 Y91.344 E173.33063
G1 X91.344 Y103.983 E174.41309
G1 X91.344 Y103.16 E174.46293
G1 X103.16 Y91.344 E175.47491
G1 X102.338 Y91.344 E175.52469
G1 X91.344 Y102.338 E176.46627
G1 X91.344 Y101.516 E176.51605
G1 X101.516 Y91.344 E177.38723
G1 X100.693 Y91.344 E177.43707
G1 X91.344 Y100.693 E178.23776
G1 X91.344 Y99.871 E178.28754
G1 X99.871 Y91.344 E179.01783
G1 X99.048 Y91.344 E179.06767
G1 X91.344 Y99.048 E179.72748
G1 X91.344 Y98.226 E179.77726
G1 X98.226 Y91.344 E180.36667
G1 X97.403 Y91.344 E180.41651
G1 X91.344 Y97.403 E180.93543
G1 X91.344 Y96.581 E180.98521
G1 X96.581 Y91.344 E181.43373
G1 X95.759 Y91.344 E181.48351
G1 X91.344 Y95.759 E181.86163
G1 X91.344 Y94.936 E181.91147
G1 X94.936 Y91.344 E182.21911
G1 X94.114 Y91.344 E182.26889
G1 X91.344 Y94.114 E182.50613
G1 X91.344 Y93.291 E182.55597
G1 X93.291 Y91.344 E182.72272
G1 X92.469 Y91.344 E182.7725
G1 X91.344 Y92.469 E182.86885
G1 X91.344 Y91.646 E182.91869
G1 X91.83 Y91.161 E182.96027
;LAYER_CHANGE
;Z:5.1
;HEIGHT:0.2
G1 E180.96027 F2400
G92 E0
G1 Z5.1 F7800
G1 X128.961 Y128.961
G1 E2 F2400
;TYPE:Perimeter
;WIDTH:0.449999
G1 F3323
G1 X91.039 Y128.961 E3.28361
G1 X91.039 Y91.039 E4.56722
M73 Q18 S91
G1 X128.961 Y91.039 E5.85083
G1 X128.961 Y128.901 E7.13241
G1 X129.368 Y129.368 F7800
G1 F3323
G1 X90.632 Y129.368 E8.44358
G1 X90.632 Y90.632 E9.75475
G1 X129.368 Y90.632 E11.06592
G1 X129.368 Y129.308 E12.37505
G1 X129.775 Y129.775 F7800
;TYPE:External perimeter
G1 F2400
G1 X90.225 Y129.775 E13.71377
G1 X90.225 Y90.225 E15.05249
G1 X129.775 Y90.225 E16.39121
G1 X129.775 Y129.715 E17.7279
G1 X129.379 Y129.774 F7800
;LAYER_CHANGE
;Z:5.3
;HEIGHT:0.2
G1 Z5.3 F7800
G1 X128.961 Y128.961
;TYPE:Perimeter
G1 F4800
G1 X91.039 Y128.961 E19.01151
G1 X91.039 Y91.039 E20.29512
G1 X128.961 Y91.039 E21.57873
G1 X128.961 Y128.901 E22.86031
G1 X129.368 Y129.368 F7800
G1 F4800
G1 X90.632 Y129.368 E24.17148
G1 X90.632 Y90.632 E25.48265
G1 X129.368 Y90.632 E26.79382
G1 X129.368 Y129.308 E28.10295
G1 X129.775 Y129.775 F7800
;TYPE:External perimeter
G1 F2400
G1 X90.225 Y129.775 E29.44167
G1 X90.225 Y90.225 E30.78039
G1 X129.775 Y90.225 E32.11911
G1 X129.775 Y129.715 E33.4558
G1 X129.379 Y129.774 F7800
G1 E31.4558 F2400
G92 E0
G1 X128.839 Y91.83 F7800
G1 E2 F2400
;TYPE:Internal infill
;WIDTH:0.45
;HEIGHT:0.4
G1 F4800
G1 X128.354 Y91.344 E2.04158
G1 X127.531 Y91.344 E2.09142
G1 X128.656 Y92.469 E2.18777
G1 X128.656 Y93.291 E2.23755
G1 X126.709 Y91.344 E2.4043
G1 X125.886 Y91.344 E2.45414
G1 X128.656 Y94.114 E2.69138
G1 X128.656 Y94.936 E2.74116
G1 X125.064 Y91.344 E3.0488
G1 X124.241 Y91.344 E3.09864
G1 X128.656 Y95.759 E3.47676
G1 X128.656 Y96.581 E3.52654
G1 X123.419 Y91.344 E3.97506
G1 X122.597 Y91.344 E4.02484
G1 X128.656 Y97.403 E4.54376
G1 X128.656 Y98.226 E4.5936
G1 X121.774 Y91.344 E5.18301
G1 X120.952 Y91.344 E5.23279
G1 X128.656 Y99.048 E5.8926
G1 X128.656 Y99.871 E5.94244
G1 X120.129 Y91.344 E6.67273
G1 X119.307 Y91.344 E6.72251
G1 X128.656 Y100.693 E7.5232
G1 X128.656 Y101.516 E7.57304
G1 X118.484 Y91.344 E8.44422
G1 X117.662 Y91.344 E8.494
G1 X128.656 Y102.338 E9.43558
G1 X128.656 Y103.16 E9.48536
G1 X116.84 Y91.344 E10.49734
G1 X116.017 Y91.344 E10.54718
G1 X128.656 Y103.983 E11.62964
G1 X128.656 Y104.805 E11.67942
G1 X115.195 Y91.344 E12.83228
G1 X114.372 Y91.344 E12.88212
G1 X128.656 Y105.628 E14.10547
G1 X128.656 Y106.45 E14.15525
G1 X113.55 Y91.344 E15.449
G1 X112.728 Y91.344 E15.49878
G1 X128.656 Y107.272 E16.86293
G1 X128.656 Y108.095 E16.91277
G1 X111.905 Y91.344 E18.3474
G1 X111.083 Y91.344 E18.39718
G1 X128.656 Y108.917 E19.90221
G1 X128.656 Y109.74 E19.95205
G1 X110.26 Y91.344 E21.52757
G1 X109.438 Y91.344 E21.57735
G1 X128.656 Y110.562 E23.22327
G1 X128.656 Y111.385 E23.27311
G1 X108.615 Y91.344 E24.98951
G1 X107.793 Y91.344 E25.03929
G1 X128.656 Y112.207 E26.82609
G1 X128.656 Y113.029 E26.87587
G1 X106.971 Y91.344 E28.73307
G1 X106.148 Y91.344 E28.78291
G1 X128.656 Y113.852 E30.7106
G1 X128.656 Y114.674 E30.76038
G1 X105.326 Y91.344 E32.75847
G1 X104.503 Y91.344 E32.80831
G1 X128.656 Y115.497 E34.87689
G1 X128.656 Y116.319 E34.92667
G1 X103.681 Y91.344 E37.06565
G1 X102.858 Y91.344 E37.11549
G1 X128.656 Y117.142 E39.32495
G1 X128.656 Y117.964 E39.37473
G1 X102.036 Y91.344 E41.65459
G1 X101.214 Y91.344 E41.70437
G1 X128.656 Y118.786 E44.05463
G1 X128.656 Y119.609 E44.10447
G1 X100.391 Y91.344 E46.52522
M73 P18 R88
G1 X99.569 Y91.344 E46.575
G1 X128.656 Y120.431 E49.06615
G1 X128.656 Y121.254 E49.11599
G1 X98.746 Y91.344 E51.67762
G1 X97.924 Y91.344 E51.7274
G1 X128.656 Y122.076 E54.35943
G1 X128.656 Y122.899 E54.40927
G1 X97.101 Y91.344 E57.11179
G1 X96.279 Y91.344 E57.16157
G1 X128.656 Y123.721 E59.93449
G1 X128.656 Y124.543 E59.98427
G1 X95.457 Y91.344 E62.82759
G1 X94.634 Y91.344 E62.87743
G1 X128.656 Y125.366 E65.79123
G1 X128.656 Y126.188 E65.84101
G1 X93.812 Y91.344 E68.82521
G1 X92.989 Y91.344 E68.87505
G1 X128.656 Y127.011 E71.92974
G1 X128.656 Y127.833 E71.97952
G1 X92.167 Y91.344 E75.10461
G1 X91.344 Y91.344 E75.15445
G1 X128.656 Y128.656 E78.35002
G1 X127.833 Y128.656 E78.39986
G1 X91.344 Y92.167 E81.52495
G1 X91.344 Y92.989 E81.57473
G1 X127.011 Y128.656 E84.62942
G1 X126.188 Y128.656 E84.67926
G1 X91.344 Y93.812 E87.66346
G1 X91.344 Y94.634 E87.71324
G1 X125.366 Y128.656 E90.62704
G1 X124.543 Y128.656 E90.67688
M73 Q18 S90
G1 X91.344 Y95.457 E93.5202
G1 X91.344 Y96.279 E93.56998
G1 X123.721 Y128.656 E96.3429
G1 X122.899 Y128.656 E96.39268
G1 X91.344 Y97.101 E99.0952
G1 X91.344 Y97.924 E99.14504
G1 X122.076 Y128.656 E101.77707
G1 X121.254 Y128.656 E101.82685
G1 X91.344 Y98.746 E104.38848
G1 X91.344 Y99.569 E104.43832
G1 X120.431 Y128.656 E106.92947
G1 X119.609 Y128.656 E106.97925
G1 X91.344 Y100.391 E109.4
G1 X91.344 Y101.214 E109.44984
G1 X118.786 Y128.656 E111.8001
G1 X117.964 Y128.656 E111.84988
G1 X91.344 Y102.036 E114.12974
G1 X91.344 Y102.858 E114.17952
G1 X117.142 Y128.656 E116.38898
G1 X116.319 Y128.656 E116.43882
G1 X91.344 Y103.681 E118.5778
G1 X91.344 Y104.503 E118.62758
G1 X115.497 Y128.656 E120.69616
G1 X114.674 Y128.656 E120.746
G1 X91.344 Y105.326 E122.74409
G1 X91.344 Y106.148 E122.79387
G1 X113.852 Y128.656 E124.72156
G1 X113.029 Y128.656 E124.7714
G1 X91.344 Y106.971 E126.6286
G1 X91.344 Y107.793 E126.67838
G1 X112.207 Y128.656 E128.46518
G1 X111.385 Y128.656 E128.51496
G1 X91.344 Y108.615 E130.23136
G1 X91.344 Y109.438 E130.2812
G1 X110.562 Y128.656 E131.92712
G1 X109.74 Y128.656 E131.9769
G1 X91.344 Y110.26 E133.55242
G1 X91.344 Y111.083 E133.60226
G1 X108.917 Y128.656 E135.10729
G1 X108.095 Y128.656 E135.15707
G1 X91.344 Y111.905 E136.5917
G1 X91.344 Y112.728 E136.64154
G1 X107.272 Y128.656 E138.00569
G1 X106.45 Y128.656 E138.05547
G1 X91.344 Y113.55 E139.34922
G1 X91.344 Y114.372 E139.399
G1 X105.628 Y128.656 E140.62235
G1 X104.805 Y128.656 E140.67219
G1 X91.344 Y115.195 E141.82505
G1 X91.344 Y116.017 E141.87483
G1 X103.983 Y128.656 E142.95729
G1 X103.16 Y128.656 E143.00713
G1 X91.344 Y116.84 E144.01911
G1 X91.344 Y117.662 E144.06889
G1 X102.338 Y128.656 E145.01047
G1 X101.516 Y128.656 E145.06025
G1 X91.344 Y118.484 E145.93143
G1 X91.344 Y119.307 E145.98127
G1 X100.693 Y128.656 E146.78196
G1 X99.871 Y128.656 E146.83174
G1 X91.344 Y120.129 E147.56203
G1 X91.344 Y120.952 E147.61187
G1 X99.048 Y128.656 E148.27168
G1 X98.226 Y128.656 E148.32146
G1 X91.344 Y121.774 E148.91087
G1 X91.344 Y122.597 E148.96071
G1 X97.403 Y128.656 E149.47963
G1 X96.581 Y128.656 E149.52941
G1 X91.344 Y123.419 E149.97793
G1 X91.344 Y124.241 E150.02771
G1 X95.759 Y128.656 E150.40583
G1 X94.936 Y128.656 E150.45567
G1 X91.344 Y125.064 E150.76331
G1 X91.344 Y125.886 E150.81309
G1 X94.114 Y128.656 E151.05033
G1 X93.291 Y128.656 E151.10017
G1 X91.344 Y126.709 E151.26692
G1 X91.344 Y127.531 E151.3167
G1 X92.469 Y128.656 E151.41305
G1 X91.646 Y128.656 E151.46289
G1 X91.161 Y128.17 E151.50447
;LAYER_CHANGE
;Z:5.5
;HEIGHT:0.2
G1 E149.50447 F2400
G92 E0
G1 Z5.5 F7800
G1 X128.961 Y128.961
G1 E2 F2400
;TYPE:Perimeter
;WIDTH:0.449999
G1 F3254
G1 X91.039 Y128.961 E3.28361
G1 X91.039 Y91.039 E4.56722
M73 P19 R88
G1 X128.961 Y91.039 E5.85083
G1 X128.961 Y128.901 E7.13241
G1 X129.368 Y129.368 F7800
G1 F3254
G1 X90.632 Y129.368 E8.44358
G1 X90.632 Y90.632 E9.75475
G1 X129.368 Y90.632 E11.06592
G1 X129.368 Y129.308 E12.37505
G1 X129.775 Y129.775 F7800
;TYPE:External perimeter
G1 F2400
G1 X90.225 Y129.775 E13.71377
G1 X90.225 Y90.225 E15.05249
G1 X129.775 Y90.225 E16.39121
G1 X129.775 Y129.715 E17.7279
G1 X129.379 Y129.774 F7800
;LAYER_CHANGE
;Z:5.7
;HEIGHT:0.2
G1 Z5.7 F7800
G1 X128.961 Y128.961
;TYPE:Perimeter
G1 F4800
G1 X91.039 Y128.961 E19.01151
G1 X91.039 Y91.039 E20.29512
M73 Q19 S90
G1 X128.961 Y91.039 E21.57873
G1 X128.961 Y128.901 E22.86031
G1 X129.368 Y129.368 F7800
G1 F4800
G1 X90.632 Y129.368 E24.17148
G1 X90.632 Y90.632 E25.48265
G1 X129.368 Y90.632 E26.79382
G1 X129.368 Y129.308 E28.10295
G1 X129.775 Y129.775 F7800
;TYPE:External perimeter
G1 F2400
G1 X90.225 Y129.775 E29.44167
G1 X90.225 Y90.225 E30.78039
G1 X129.775 Y90.225 E32.11911
G1 X129.775 Y129.715 E33.4558
G1 X129.379 Y129.774 F7800
G1 X128.17 Y128.839
;TYPE:Internal infill
;WIDTH:0.45
;HEIGHT:0.4
G1 F4800
G1 X128.656 Y128.354 E33.49738
G1 X128.656 Y127.531 E33.54722
G1 X127.531 Y128.656 E33.64357
G1 X126.709 Y128.656 E33.69335
G1 X128.656 Y126.709 E33.8601
G1 X128.656 Y125.886 E33.90994
G1 X125.886 Y128.656 E34.14718
G1 X125.064 Y128.656 E34.19696
G1 X128.656 Y125.064 E34.5046
G1 X128.656 Y124.241 E34.55444
G1 X124.241 Y128.656 E34.93256
G1 X123.419 Y128.656 E34.98234
G1 X128.656 Y123.419 E35.43086
G1 X128.656 Y122.597 E35.48064
G1 X122.597 Y128.656 E35.99956
G1 X121.774 Y128.656 E36.0494
G1 X128.656 Y121.774 E36.63881
G1 X128.656 Y120.952 E36.68859
G1 X120.952 Y128.656 E37.3484
G1 X120.129 Y128.656 E37.39824
G1 X128.656 Y120.129 E38.12853
G1 X128.656 Y119.307 E38.17831
G1 X119.307 Y128.656 E38.979
G1 X118.484 Y128.656 E39.02884
G1 X128.656 Y118.484 E39.90002
G1 X128.656 Y117.662 E39.9498
G1 X117.662 Y128.656 E40.89138
G1 X116.84 Y128.656 E40.94116
G1 X128.656 Y116.84 E41.95314
G1 X128.656 Y116.017 E42.00298
G1 X116.017 Y128.656 E43.08544
G1 X115.195 Y128.656 E43.13522
G1 X128.656 Y115.195 E44.28808
G1 X128.656 Y114.372 E44.33792
G1 X114.372 Y128.656 E45.56127
G1 X113.55 Y128.656 E45.61105
G1 X128.656 Y113.55 E46.9048
G1 X128.656 Y112.728 E46.95458
G1 X112.728 Y128.656 E48.31873
G1 X111.905 Y128.656 E48.36857
G1 X128.656 Y111.905 E49.8032
G1 X128.656 Y111.083 E49.85298
G1 X111.083 Y128.656 E51.35801
G1 X110.26 Y128.656 E51.40785
G1 X128.656 Y110.26 E52.98337
G1 X128.656 Y109.438 E53.03315
G1 X109.438 Y128.656 E54.67907
G1 X108.615 Y128.656 E54.72891
G1 X128.656 Y108.615 E56.44531
G1 X128.656 Y107.793 E56.49509
G1 X107.793 Y128.656 E58.28189
G1 X106.971 Y128.656 E58.33167
G1 X128.656 Y106.971 E60.18887
G1 X128.656 Y106.148 E60.23871
G1 X106.148 Y128.656 E62.1664
G1 X105.326 Y128.656 E62.21618
G1 X128.656 Y105.326 E64.21427
G1 X128.656 Y104.503 E64.26411
G1 X104.503 Y128.656 E66.33269
G1 X103.681 Y128.656 E66.38247
G1 X128.656 Y103.681 E68.52145
G1 X128.656 Y102.858 E68.57129
G1 X102.858 Y128.656 E70.78075
G1 X102.036 Y128.656 E70.83053
G1 X128.656 Y102.036 E73.11039
G1 X128.656 Y101.214 E73.16017
G1 X101.214 Y128.656 E75.51043
G1 X100.391 Y128.656 E75.56027
G1 X128.656 Y100.391 E77.98102
G1 X128.656 Y99.569 E78.0308
G1 X99.569 Y128.656 E80.52195
G1 X98.746 Y128.656 E80.57179
G1 X128.656 Y98.746 E83.13342
G1 X128.656 Y97.924 E83.1832
G1 X97.924 Y128.656 E85.81523
G1 X97.101 Y128.656 E85.86507
G1 X128.656 Y97.101 E88.56759
G1 X128.656 Y96.279 E88.61737
G1 X96.279 Y128.656 E91.39029
G1 X95.457 Y128.656 E91.44007
G1 X128.656 Y95.457 E94.28339
G1 X128.656 Y94.634 E94.33323
G1 X94.634 Y128.656 E97.24703
G1 X93.812 Y128.656 E97.29681
M73 P19 R87
G1 X128.656 Y93.812 E100.28101
G1 X128.656 Y92.989 E100.33085
G1 X92.989 Y128.656 E103.38554
G1 X92.167 Y128.656 E103.43532
G1 X128.656 Y92.167 E106.56041
G1 X128.656 Y91.344 E106.61025
G1 X91.344 Y128.656 E109.80582
G1 X91.344 Y127.833 E109.85566
G1 X127.833 Y91.344 E112.98075
G1 X127.011 Y91.344 E113.03053
G1 X91.344 Y127.011 E116.08522
G1 X91.344 Y126.188 E116.13506
G1 X126.188 Y91.344 E119.11926
G1 X125.366 Y91.344 E119.16904
G1 X91.344 Y125.366 E122.08284
G1 X91.344 Y124.543 E122.13268
G1 X124.543 Y91.344 E124.976
G1 X123.721 Y91.344 E125.02578
G1 X91.344 Y123.721 E127.7987
G1 X91.344 Y122.899 E127.84848
G1 X122.899 Y91.344 E130.551
G1 X122.076 Y91.344 E130.60084
G1 X91.344 Y122.076 E133.23287
G1 X91.344 Y121.254 E133.28265
G1 X121.254 Y91.344 E135.84428
G1 X120.431 Y91.344 E135.89412
M73 Q19 S89
G1 X91.344 Y120.431 E138.38527
G1 X91.344 Y119.609 E138.43505
G1 X119.609 Y91.344 E140.8558
G1 X118.786 Y91.344 E140.90564
G1 X91.344 Y118.786 E143.2559
G1 X91.344 Y117.964 E143.30568
G1 X117.964 Y91.344 E145.58554
G1 X117.142 Y91.344 E145.63532
G1 X91.344 Y117.142 E147.84478
G1 X91.344 Y116.319 E147.89462
G1 X116.319 Y91.344 E150.0336
G1 X115.497 Y91.344 E150.08338
G1 X91.344 Y115.497 E152.15196
G1 X91.344 Y114.674 E152.2018
G1 X114.674 Y91.344 E154.19989
G1 X113.852 Y91.344 E154.24967
G1 X91.344 Y113.852 E156.17736
G1 X91.344 Y113.029 E156.2272
G1 X113.029 Y91.344 E158.0844
G1 X112.207 Y91.344 E158.13418
G1 X91.344 Y112.207 E159.92098
G1 X91.344 Y111.385 E159.97076
G1 X111.385 Y91.344 E161.68716
G1 X110.562 Y91.344 E161.737
G1 X91.344 Y110.562 E163.38292
G1 X91.344 Y109.74 E163.4327
G1 X109.74 Y91.344 E165.00822
G1 X108.917 Y91.344 E165.05806
G1 X91.344 Y108.917 E166.56309
G1 X91.344 Y108.095 E166.61287
G1 X108.095 Y91.344 E168.0475
G1 X107.272 Y91.344 E168.09734
G1 X91.344 Y107.272 E169.46149
G1 X91.344 Y106.45 E169.51127
G1 X106.45 Y91.344 E170.80502
G1 X105.628 Y91.344 E170.8548
G1 X91.344 Y105.628 E172.07815
G1 X91.344 Y104.805 E172.12799
G1 X104.805 Y91.344 E173.28085
G1 X103.983 Y91.344 E173.33063
G1 X91.344 Y103.983 E174.41309
G1 X91.344 Y103.16 E174.46293
G1 X103.16 Y91.344 E175.47491
G1 X102.338 Y91.344 E175.52469
G1 X91.344 Y102.338 E176.46627
G1 X91.344 Y101.516 E176.51605
G1 X101.516 Y91.344 E177.38723
G1 X100.693 Y91.344 E177.43707
G1 X91.344 Y100.693 E178.23776
G1 X91.344 Y99.871 E178.28754
G1 X99.871 Y91.344 E179.01783
G1 X99.048 Y91.344 E179.06767
G1 X91.344 Y99.048 E179.72748
G1 X91.344 Y98.226 E179.77726
G1 X98.226 Y91.344 E180.36667
G1 X97.403 Y91.344 E180.41651
G1 X91.344 Y97.403 E180.93543
G1 X91.344 Y96.581 E180.98521
G1 X96.581 Y91.344 E181.43373
G1 X95.759 Y91.344 E181.48351
G1 X91.344 Y95.759 E181.86163
G1 X91.344 Y94.936 E181.91147
G1 X94.936 Y91.344 E182.21911
G1 X94.114 Y91.344 E182.26889
G1 X91.344 Y94.114 E182.50613
G1 X91.344 Y93.291 E182.55597
G1 X93.291 Y91.344 E182.72272
G1 X92.469 Y91.344 E182.7725
G1 X91.344 Y92.469 E182.86885
G1 X91.344 Y91.646 E182.91869
G1 X91.83 Y91.161 E182.96027
;LAYER_CHANGE
;Z:5.9
;HEIGHT:0.2
G1 E180.96027 F2400
G92 E0
G1 Z5.9 F7800
G1 X128.961 Y128.961
G1 E2 F2400
;TYPE:Perimeter
;WIDTH:0.449999
G1 F3323
G1 X91.039 Y128.961 E3.28361
G1 X91.039 Y91.039 E4.56722
G1 X128.961 Y91.039 E5.85083
G1 X128.961 Y128.901 E7.13241
G1 X129.368 Y129.368 F7800
G1 F3323
G1 X90.632 Y129.368 E8.44358
G1 X90.632 Y90.632 E9.75475
G1 X129.368 Y90.632 E11.06592
G1 X129.368 Y129.308 E12.37505
G1 X129.775 Y129.775 F7800
;TYPE:External perimeter
G1 F2400
G1 X90.225 Y129.775 E13.71377
G1 X90.225 Y90.225 E15.05249
G1 X129.775 Y90.225 E16.39121
G1 X129.775 Y129.715 E17.7279
G1 X129.379 Y129.774 F7800
;LAYER_CHANGE
;Z:6.1
;HEIGHT:0.2
G1 Z6.1 F7800
G1 X128.961 Y128.961
;TYPE:Perimeter
G1 F4800
G1 X91.039 Y128.961 E19.01151
G1 X91.039 Y91.039 E20.29512
G1 X128.961 Y91.039 E21.57873
M73 P20 R87
G1 X128.961 Y128.901 E22.86031
G1 X129.368 Y129.368 F7800
G1 F4800
G1 X90.632 Y129.368 E24.17148
G1 X90.632 Y90.632 E25.48265
G1 X129.368 Y90.632 E26.79382
G1 X129.368 Y129.308 E28.10295
G1 X129.775 Y129.775 F7800
;TYPE:External perimeter
G1 F2400
G1 X90.225 Y129.775 E29.44167
G1 X90.225 Y90.225 E30.78039
G1 X129.775 Y90.225 E32.11911
G1 X129.775 Y129.715 E33.4558
G1 X129.379 Y129.774 F7800
G1 E31.4558 F2400
G92 E0
G1 X128.839 Y91.83 F7800
G1 E2 F2400
;TYPE:Internal infill
;WIDTH:0.45
;HEIGHT:0.4
G1 F4800
G1 X128.354 Y91.344 E2.04158
G1 X127.531 Y91.344 E2.09142
G1 X128.656 Y92.469 E2.18777
G1 X128.656 Y93.291 E2.23755
G1 X126.709 Y91.344 E2.4043
G1 X125.886 Y91.344 E2.45414
G1 X128.656 Y94.114 E2.69138
G1 X128.656 Y94.936 E2.74116
G1 X125.064 Y91.344 E3.0488
G1 X124.241 Y91.344 E3.09864
G1 X128.656 Y95.759 E3.47676
G1 X128.656 Y96.581 E3.52654
G1 X123.419 Y91.344 E3.97506
G1 X122.597 Y91.344 E4.02484
G1 X128.656 Y97.403 E4.54376
G1 X128.656 Y98.226 E4.5936
G1 X121.774 Y91.344 E5.18301
G1 X120.952 Y91.344 E5.23279
G1 X128.656 Y99.048 E5.8926
G1 X128.656 Y99.871 E5.94244
G1 X120.129 Y91.344 E6.67273
G1 X119.307 Y91.344 E6.72251
M73 Q20 S89
G1 X128.656 Y100.693 E7.5232
G1 X128.656 Y101.516 E7.57304
G1 X118.484 Y91.344 E8.44422
G1 X117.662 Y91.344 E8.494
G1 X128.656 Y102.338 E9.43558
G1 X128.656 Y103.16 E9.48536
G1 X116.84 Y91.344 E10.49734
G1 X116.017 Y91.344 E10.54718
G1 X128.656 Y103.983 E11.62964
G1 X128.656 Y104.805 E11.67942
G1 X115.195 Y91.344 E12.83228
G1 X114.372 Y91.344 E12.88212
G1 X128.656 Y105.628 E14.10547
G1 X128.656 Y106.45 E14.15525
G1 X113.55 Y91.344 E15.449
G1 X112.728 Y91.344 E15.49878
G1 X128.656 Y107.272 E16.86293
G1 X128.656 Y108.095 E16.91277
G1 X111.905 Y91.344 E18.3474
G1 X111.083 Y91.344 E18.39718
G1 X128.656 Y108.917 E19.90221
G1 X128.656 Y109.74 E19.95205
G1 X110.26 Y91.344 E21.52757
G1 X109.438 Y91.344 E21.57735
G1 X128.656 Y110.562 E23.22327
G1 X128.656 Y111.385 E23.27311
G1 X108.615 Y91.344 E24.98951
G1 X107.793 Y91.344 E25.03929
G1 X128.656 Y112.207 E26.82609
G1 X128.656 Y113.029 E26.87587
G1 X106.971 Y91.344 E28.73307
G1 X106.148 Y91.344 E28.78291
G1 X128.656 Y113.852 E30.7106
G1 X128.656 Y114.674 E30.76038
G1 X105.326 Y91.344 E32.75847
G1 X104.503 Y91.344 E32.80831
G1 X128.656 Y115.497 E34.87689
G1 X128.656 Y116.319 E34.92667
G1 X103.681 Y91.344 E37.06565
G1 X102.858 Y91.344 E37.11549
G1 X128.656 Y117.142 E39.32495
G1 X128.656 Y117.964 E39.37473
G1 X102.036 Y91.344 E41.65459
G1 X101.214 Y91.344 E41.70437
G1 X128.656 Y118.786 E44.05463
G1 X128.656 Y119.609 E44.10447
G1 X100.391 Y91.344 E46.52522
G1 X99.569 Y91.344 E46.575
G1 X128.656 Y120.431 E49.06615
G1 X128.656 Y121.254 E49.11599
G1 X98.746 Y91.344 E51.67762
G1 X97.924 Y91.344 E51.7274
G1 X128.656 Y122.076 E54.35943
G1 X128.656 Y122.899 E54.40927
G1 X97.101 Y91.344 E57.11179
G1 X96.279 Y91.344 E57.16157
G1 X128.656 Y123.721 E59.93449
G1 X128.656 Y124.543 E59.98427
G1 X95.457 Y91.344 E62.82759
G1 X94.634 Y91.344 E62.87743
G1 X128.656 Y125.366 E65.79123
G1 X128.656 Y126.188 E65.84101
G1 X93.812 Y91.344 E68.82521
G1 X92.989 Y91.344 E68.87505
G1 X128.656 Y127.011 E71.92974
G1 X128.656 Y127.833 E71.97952
G1 X92.167 Y91.344 E75.10461
G1 X91.344 Y91.344 E75.15445
G1 X128.656 Y128.656 E78.35002
G1 X127.833 Y128.656 E78.39986
G1 X91.344 Y92.167 E81.52495
G1 X91.344 Y92.989 E81.57473
G1 X127.011 Y128.656 E84.62942
G1 X126.188 Y128.656 E84.67926
M73 P20 R86
G1 X91.344 Y93.812 E87.66346
G1 X91.344 Y94.634 E87.71324
G1 X125.366 Y128.656 E90.62704
G1 X124.543 Y128.656 E90.67688
G1 X91.344 Y95.457 E93.5202
G1 X91.344 Y96.279 E93.56998
G1 X123.721 Y128.656 E96.3429
G1 X122.899 Y128.656 E96.39268
G1 X91.344 Y97.101 E99.0952
G1 X91.344 Y97.924 E99.14504
G1 X122.076 Y128.656 E101.77707
G1 X121.254 Y128.656 E101.82685
G1 X91.344 Y98.746 E104.38848
G1 X91.344 Y99.569 E104.43832
G1 X120.431 Y128.656 E106.92947
G1 X119.609 Y128.656 E106.97925
G1 X91.344 Y100.391 E109.4
G1 X91.344 Y101.214 E109.44984
G1 X118.786 Y128.656 E111.8001
G1 X117.964 Y128.656 E111.84988
G1 X91.344 Y102.036 E114.12974
G1 X91.344 Y102.858 E114.17952
G1 X117.142 Y128.656 E116.38898
G1 X116.319 Y128.656 E116.43882
M73 Q20 S88
G1 X91.344 Y103.681 E118.5778
G1 X91.344 Y104.503 E118.62758
G1 X115.497 Y128.656 E120.69616
G1 X114.674 Y128.656 E120.746
G1 X91.344 Y105.326 E122.74409
G1 X91.344 Y106.148 E122.79387
G1 X113.852 Y128.656 E124.72156
G1 X113.029 Y128.656 E124.7714
G1 X91.344 Y106.971 E126.6286
G1 X91.344 Y107.793 E126.67838
G1 X112.207 Y128.656 E128.46518
G1 X111.385 Y128.656 E128.51496
G1 X91.344 Y108.615 E130.23136
G1 X91.344 Y109.438 E130.2812
G1 X110.562 Y128.656 E131.92712
G1 X109.74 Y128.656 E131.9769
G1 X91.344 Y110.26 E133.55242
G1 X91.344 Y111.083 E133.60226
G1 X108.917 Y128.656 E135.10729
G1 X108.095 Y128.656 E135.15707
G1 X91.344 Y111.905 E136.5917
G1 X91.344 Y112.728 E136.64154
G1 X107.272 Y128.656 E138.00569
G1 X106.45 Y128.656 E138.05547
G1 X91.344 Y113.55 E139.34922
G1 X91.344 Y114.372 E139.399
G1 X105.628 Y128.656 E140.62235
G1 X104.805 Y128.656 E140.67219
G1 X91.344 Y115.195 E141.82505
G1 X91.344 Y116.017 E141.87483
G1 X103.983 Y128.656 E142.95729
G1 X103.16 Y128.656 E143.00713
G1 X91.344 Y116.84 E144.01911
G1 X91.344 Y117.662 E144.06889
G1 X102.338 Y128.656 E145.01047
G1 X101.516 Y128.656 E145.06025
G1 X91.344 Y118.484 E145.93143
G1 X91.344 Y119.307 E145.98127
G1 X100.693 Y128.656 E146.78196
G1 X99.871 Y128.656 E146.83174
G1 X91.344 Y120.129 E147.56203
G1 X91.344 Y120.952 E147.61187
G1 X99.048 Y128.656 E148.27168
G1 X98.226 Y128.656 E148.32146
G1 X91.344 Y121.774 E148.91087
G1 X91.344 Y122.597 E148.96071
G1 X97.403 Y128.656 E149.47963
G1 X96.581 Y128.656 E149.52941
G1 X91.344 Y123.419 E149.97793
G1 X91.344 Y124.241 E150.02771
G1 X95.759 Y128.656 E150.40583
G1 X94.936 Y128.656 E150.45567
G1 X91.344 Y125.064 E150.76331
G1 X91.344 Y125.886 E150.81309
G1 X94.114 Y128.656 E151.05033
G1 X93.291 Y128.656 E151.10017
G1 X91.344 Y126.709 E151.26692
G1 X91.344 Y127.531 E151.3167
G1 X92.469 Y128.656 E151.41305
G1 X91.646 Y128.656 E151.46289
G1 X91.161 Y128.17 E151.50447
;LAYER_CHANGE
;Z:6.3
;HEIGHT:0.2
G1 E149.50447 F2400
G92 E0
G1 Z6.3 F7800
G1 X128.961 Y128.961
G1 E2 F2400
;TYPE:Perimeter
;WIDTH:0.449999
G1 F3254
G1 X91.039 Y128.961 E3.28361
G1 X91.039 Y91.039 E4.56722
G1 X128.961 Y91.039 E5.85083
G1 X128.961 Y128.901 E7.13241
G1 X129.368 Y129.368 F7800
G1 F3254
G1 X90.632 Y129.368 E8.44358
G1 X90.632 Y90.632 E9.75475
G1 X129.368 Y90.632 E11.06592
G1 X129.368 Y129.308 E12.37505
G1 X129.775 Y129.775 F7800
;TYPE:External perimeter
G1 F2400
G1 X90.225 Y129.775 E13.71377
G1 X90.225 Y90.225 E15.05249
G1 X129.775 Y90.225 E16.39121
G1 X129.775 Y129.715 E17.7279
G1 X129.379 Y129.774 F7800
;LAYER_CHANGE
;Z:6.5
;HEIGHT:0.2
G1 Z6.5 F7800
G1 X128.961 Y128.961
;TYPE:Perimeter
G1 F4800
G1 X91.039 Y128.961 E19.01151
G1 X91.039 Y91.039 E20.29512
G1 X128.961 Y91.039 E21.57873
G1 X128.961 Y128.901 E22.86031
G1 X129.368 Y129.368 F7800
G1 F4800
G1 X90.632 Y129.368 E24.17148
G1 X90.632 Y90.632 E25.48265
G1 X129.368 Y90.632 E26.79382
G1 X129.368 Y129.308 E28.10295
G1 X129.775 Y129.775 F7800
;TYPE:External perimeter
G1 F2400
G1 X90.225 Y129.775 E29.44167
G1 X90.225 Y90.225 E30.78039
G1 X129.775 Y90.225 E32.11911
G1 X129.775 Y129.715 E33.4558
G1 X129.379 Y129.774 F7800
G1 X128.17 Y128.839
;TYPE:Internal infill
;WIDTH:0.45
;HEIGHT:0.4
G1 F4800
G1 X128.656 Y128.354 E33.49738
G1 X128.656 Y127.531 E33.54722
G1 X127.531 Y128.656 E33.64357
G1 X126.709 Y128.656 E33.69335
G1 X128.656 Y126.709 E33.8601
G1 X128.656 Y125.886 E33.90994
G1 X125.886 Y128.656 E34.14718
G1 X125.064 Y128.656 E34.19696
G1 X128.656 Y125.064 E34.5046
G1 X128.656 Y124.241 E34.55444
G1 X124.241 Y128.656 E34.93256
G1 X123.419 Y128.656 E34.98234
G1 X128.656 Y123.419 E35.43086
G1 X128.656 Y122.597 E35.48064
G1 X122.597 Y128.656 E35.99956
G1 X121.774 Y128.656 E36.0494
G1 X128.656 Y121.774 E36.63881
G1 X128.656 Y120.952 E36.68859
G1 X120.952 Y128.656 E37.3484
G1 X120.129 Y128.656 E37.39824
G1 X128.656 Y120.129 E38.12853
G1 X128.656 Y119.307 E38.17831
G1 X119.307 Y128.656 E38.979
G1 X118.484 Y128.656 E39.02884
G1 X128.656 Y118.484 E39.90002
G1 X128.656 Y117.662 E39.9498
G1 X117.662 Y128.656 E40.89138
G1 X116.84 Y128.656 E40.94116
G1 X128.656 Y116.84 E41.95314
M73 P21 R86
G1 X128.656 Y116.017 E42.00298
G1 X116.017 Y128.656 E43.08544
G1 X115.195 Y128.656 E43.13522
G1 X128.656 Y115.195 E44.28808
G1 X128.656 Y114.372 E44.33792
G1 X114.372 Y128.656 E45.56127
G1 X113.55 Y128.656 E45.61105
G1 X128.656 Y113.55 E46.9048
G1 X128.656 Y112.728 E46.95458
G1 X112.728 Y128.656 E48.31873
G1 X111.905 Y128.656 E48.36857
G1 X128.656 Y111.905 E49.8032
G1 X128.656 Y111.083 E49.85298
G1 X111.083 Y128.656 E51.35801
G1 X110.26 Y128.656 E51.40785
G1 X128.656 Y110.26 E52.98337
G1 X128.656 Y109.438 E53.03315
G1 X109.438 Y128.656 E54.67907
G1 X108.615 Y128.656 E54.72891
G1 X128.656 Y108.615 E56.44531
G1 X128.656 Y107.793 E56.49509
G1 X107.793 Y128.656 E58.28189
G1 X106.971 Y128.656 E58.33167
G1 X128.656 Y106.971 E60.18887
G1 X128.656 Y106.148 E60.23871
G1 X106.148 Y128.656 E62.1664
G1 X105.326 Y128.656 E62.21618
G1 X128.656 Y105.326 E64.21427
G1 X128.656 Y104.503 E64.26411
G1 X104.503 Y128.656 E66.33269
G1 X103.681 Y128.656 E66.38247
G1 X128.656 Y103.681 E68.52145
G1 X128.656 Y102.858 E68.57129
G1 X102.858 Y128.656 E70.78075
G1 X102.036 Y128.656 E70.83053
G1 X128.656 Y102.036 E73.11039
G1 X128.656 Y101.214 E73.16017
G1 X101.214 Y128.656 E75.51043
G1 X100.391 Y128.656 E75.56027
G1 X128.656 Y100.391 E77.98102
G1 X128.656 Y99.569 E78.0308
G1 X99.569 Y128.656 E80.52195
G1 X98.746 Y128.656 E80.57179
M73 Q21 S88
G1 X128.656 Y98.746 E83.13342
G1 X128.656 Y97.924 E83.1832
G1 X97.924 Y128.656 E85.81523
G1 X97.101 Y128.656 E85.86507
G1 X128.656 Y97.101 E88.56759
G1 X128.656 Y96.279 E88.61737
G1 X96.279 Y128.656 E91.39029
G1 X95.457 Y128.656 E91.44007
G1 X128.656 Y95.457 E94.28339
G1 X128.656 Y94.634 E94.33323
G1 X94.634 Y128.656 E97.24703
G1 X93.812 Y128.656 E97.29681
G1 X128.656 Y93.812 E100.28101
G1 X128.656 Y92.989 E100.33085
G1 X92.989 Y128.656 E103.38554
G1 X92.167 Y128.656 E103.43532
G1 X128.656 Y92.167 E106.56041
G1 X128.656 Y91.344 E106.61025
G1 X91.344 Y128.656 E109.80582
G1 X91.344 Y127.833 E109.85566
G1 X127.833 Y91.344 E112.98075
G1 X127.011 Y91.344 E113.03053
G1 X91.344 Y127.011 E116.08522
G1 X91.344 Y126.188 E116.13506
G1 X126.188 Y91.344 E119.11926
G1 X125.366 Y91.344 E119.16904
G1 X91.344 Y125.366 E122.08284
G1 X91.344 Y124.543 E122.13268
G1 X124.543 Y91.344 E124.976
G1 X123.721 Y91.344 E125.02578
G1 X91.344 Y123.721 E127.7987
G1 X91.344 Y122.899 E127.84848
G1 X122.899 Y91.344 E130.551
G1 X122.076 Y91.344 E130.60084
G1 X91.344 Y122.076 E133.23287
G1 X91.344 Y121.254 E133.28265
G1 X121.254 Y91.344 E135.84428
G1 X120.431 Y91.344 E135.89412
M73 P21 R85
G1 X91.344 Y120.431 E138.38527
G1 X91.344 Y119.609 E138.43505
G1 X119.609 Y91.344 E140.8558
G1 X118.786 Y91.344 E140.90564
G1 X91.344 Y118.786 E143.2559
G1 X91.344 Y117.964 E143.30568
G1 X117.964 Y91.344 E145.58554
G1 X117.142 Y91.344 E145.63532
G1 X91.344 Y117.142 E147.84478
G1 X91.344 Y116.319 E147.89462
G1 X116.319 Y91.344 E150.0336
G1 X115.497 Y91.344 E150.08338
G1 X91.344 Y115.497 E152.15196
G1 X91.344 Y114.674 E152.2018
G1 X114.674 Y91.344 E154.19989
G1 X113.852 Y91.344 E154.24967
G1 X91.344 Y113.852 E156.17736
G1 X91.344 Y113.029 E156.2272
G1 X113.029 Y91.344 E158.0844
G1 X112.207 Y91.344 E158.13418
G1 X91.344 Y112.207 E159.92098
G1 X91.344 Y111.385 E159.97076
M73 Q21 S87
G1 X111.385 Y91.344 E161.68716
G1 X110.562 Y91.344 E161.737
G1 X91.344 Y110.562 E163.38292
G1 X91.344 Y109.74 E163.4327
G1 X109.74 Y91.344 E165.00822
G1 X108.917 Y91.344 E165.05806
G1 X91.344 Y108.917 E166.56309
G1 X91.344 Y108.095 E166.61287
G1 X108.095 Y91.344 E168.0475
G1 X107.272 Y91.344 E168.09734
G1 X91.344 Y107.272 E169.46149
G1 X91.344 Y106.45 E169.51127
G1 X106.45 Y91.344 E170.80502
G1 X105.628 Y91.344 E170.8548
G1 X91.344 Y105.628 E172.07815
G1 X91.344 Y104.805 E172.12799
G1 X104.805 Y91.344 E173.28085
G1 X103.983 Y91.344 E173.33063
G1 X91.344 Y103.983 E174.41309
G1 X91.344 Y103.16 E174.46293
G1 X103.16 Y91.344 E175.47491
G1 X102.338 Y91.344 E175.52469
G1 X91.344 Y102.338 E176.46627
G1 X91.344 Y101.516 E176.51605
G1 X101.516 Y91.344 E177.38723
G1 X100.693 Y91.344 E177.43707
G1 X91.344 Y100.693 E178.23776
G1 X91.344 Y99.871 E178.28754
G1 X99.871 Y91.344 E179.01783
G1 X99.048 Y91.344 E179.06767
G1 X91.344 Y99.048 E179.72748
G1 X91.344 Y98.226 E179.77726
G1 X98.226 Y91.344 E180.36667
G1 X97.403 Y91.344 E180.41651
G1 X91.344 Y97.403 E180.93543
G1 X91.344 Y96.581 E180.98521
G1 X96.581 Y91.344 E181.43373
G1 X95.759 Y91.344 E181.48351
G1 X91.344 Y95.759 E181.86163
G1 X91.344 Y94.936 E181.91147
G1 X94.936 Y91.344 E182.21911
G1 X94.114 Y91.344 E182.26889
G1 X91.344 Y94.114 E182.50613
G1 X91.344 Y93.291 E182.55597
G1 X93.291 Y91.344 E182.72272
G1 X92.469 Y91.344 E182.7725
G1 X91.344 Y92.469 E182.86885
G1 X91.344 Y91.646 E182.91869
G1 X91.83 Y91.161 E182.96027
;LAYER_CHANGE
;Z:6.7
;HEIGHT:0.2
G1 E180.96027 F2400
G92 E0
G1 Z6.7 F7800
G1 X128.961 Y128.961
G1 E2 F2400
;TYPE:Perimeter
;WIDTH:0.449999
G1 F3323
G1 X91.039 Y128.961 E3.28361
G1 X91.039 Y91.039 E4.56722
G1 X128.961 Y91.039 E5.85083
G1 X128.961 Y128.901 E7.13241
G1 X129.368 Y129.368 F7800
G1 F3323
G1 X90.632 Y129.368 E8.44358
G1 X90.632 Y90.632 E9.75475
G1 X129.368 Y90.632 E11.06592
G1 X129.368 Y129.308 E12.37505
G1 X129.775 Y129.775 F7800
;TYPE:External perimeter
G1 F2400
G1 X90.225 Y129.775 E13.71377
G1 X90.225 Y90.225 E15.05249
G1 X129.775 Y90.225 E16.39121
G1 X129.775 Y129.715 E17.7279
G1 X129.379 Y129.774 F7800
;LAYER_CHANGE
;Z:6.9
;HEIGHT:0.2
G1 Z6.9 F7800
G1 X128.961 Y128.961
;TYPE:Perimeter
G1 F4800
G1 X91.039 Y128.961 E19.01151
G1 X91.039 Y91.039 E20.29512
G1 X128.961 Y91.039 E21.57873
G1 X128.961 Y128.901 E22.86031
G1 X129.368 Y129.368 F7800
G1 F4800
G1 X90.632 Y129.368 E24.17148
G1 X90.632 Y90.632 E25.48265
G1 X129.368 Y90.632 E26.79382
G1 X129.368 Y129.308 E28.10295
G1 X129.775 Y129.775 F7800
;TYPE:External perimeter
G1 F2400
G1 X90.225 Y129.775 E29.44167
G1 X90.225 Y90.225 E30.78039
G1 X129.775 Y90.225 E32.11911
G1 X129.775 Y129.715 E33.4558
G1 X129.379 Y129.774 F7800
G1 E31.4558 F2400
G92 E0
G1 X128.839 Y91.83 F7800
G1 E2 F2400
;TYPE:Internal infill
;WIDTH:0.45
;HEIGHT:0.4
G1 F4800
G1 X128.354 Y91.344 E2.04158
G1 X127.531 Y91.344 E2.09142
G1 X128.656 Y92.469 E2.18777
G1 X128.656 Y93.291 E2.23755
G1 X126.709 Y91.344 E2.4043
G1 X125.886 Y91.344 E2.45414
G1 X128.656 Y94.114 E2.69138
G1 X128.656 Y94.936 E2.74116
G1 X125.064 Y91.344 E3.0488
G1 X124.241 Y91.344 E3.09864
G1 X128.656 Y95.759 E3.47676
G1 X128.656 Y96.581 E3.52654
G1 X123.419 Y91.344 E3.97506
G1 X122.597 Y91.344 E4.02484
G1 X128.656 Y97.403 E4.54376
G1 X128.656 Y98.226 E4.5936
G1 X121.774 Y91.344 E5.18301
G1 X120.952 Y91.344 E5.23279
G1 X128.656 Y99.048 E5.8926
G1 X128.656 Y99.871 E5.94244
G1 X120.129 Y91.344 E6.67273
G1 X119.307 Y91.344 E6.72251
G1 X128.656 Y100.693 E7.5232
G1 X128.656 Y101.516 E7.57304
G1 X118.484 Y91.344 E8.44422
G1 X117.662 Y91.344 E8.494
G1 X128.656 Y102.338 E9.43558
G1 X128.656 Y103.16 E9.48536
G1 X116.84 Y91.344 E10.49734
G1 X116.017 Y91.344 E10.54718
G1 X128.656 Y103.983 E11.62964
G1 X128.656 Y104.805 E11.67942
G1 X115.195 Y91.344 E12.83228
G1 X114.372 Y91.344 E12.88212
G1 X128.656 Y105.628 E14.10547
G1 X128.656 Y106.45 E14.15525
G1 X113.55 Y91.344 E15.449
G1 X112.728 Y91.344 E15.49878
G1 X128.656 Y107.272 E16.86293
G1 X128.656 Y108.095 E16.91277
G1 X111.905 Y91.344 E18.3474
G1 X111.083 Y91.344 E18.39718
G1 X128.656 Y108.917 E19.90221
G1 X128.656 Y109.74 E19.95205
G1 X110.26 Y91.344 E21.52757
G1 X109.438 Y91.344 E21.57735
G1 X128.656 Y110.562 E23.22327
G1 X128.656 Y111.385 E23.27311
G1 X108.615 Y91.344 E24.98951
G1 X107.793 Y91.344 E25.03929
G1 X128.656 Y112.207 E26.82609
G1 X128.656 Y113.029 E26.87587
G1 X106.971 Y91.344 E28.73307
G1 X106.148 Y91.344 E28.78291
G1 X128.656 Y113.852 E30.7106
G1 X128.656 Y114.674 E30.76038
G1 X105.326 Y91.344 E32.75847
G1 X104.503 Y91.344 E32.80831
G1 X128.656 Y115.497 E34.87689
G1 X128.656 Y116.319 E34.92667
G1 X103.681 Y91.344 E37.06565
G1 X102.858 Y91.344 E37.11549
G1 X128.656 Y117.142 E39.32495
G1 X128.656 Y117.964 E39.37473
G1 X102.036 Y91.344 E41.65459
G1 X101.214 Y91.344 E41.70437
G1 X128.656 Y118.786 E44.05463
G1 X128.656 Y119.609 E44.10447
G1 X100.391 Y91.344 E46.52522
G1 X99.569 Y91.344 E46.575
G1 X128.656 Y120.431 E49.06615
G1 X128.656 Y121.254 E49.11599
G1 X98.746 Y91.344 E51.67762
G1 X97.924 Y91.344 E51.7274
M73 P22 R85
G1 X128.656 Y122.076 E54.35943
G1 X128.656 Y122.899 E54.40927
G1 X97.101 Y91.344 E57.11179
G1 X96.279 Y91.344 E57.16157
G1 X128.656 Y123.721 E59.93449
G1 X128.656 Y124.543 E59.98427
G1 X95.457 Y91.344 E62.82759
G1 X94.634 Y91.344 E62.87743
G1 X128.656 Y125.366 E65.79123
G1 X128.656 Y126.188 E65.84101
G1 X93.812 Y91.344 E68.82521
G1 X92.989 Y91.344 E68.87505
G1 X128.656 Y127.011 E71.92974
G1 X128.656 Y127.833 E71.97952
G1 X92.167 Y91.344 E75.10461
G1 X91.344 Y91.344 E75.15445
G1 X128.656 Y128.656 E78.35002
G1 X127.833 Y128.656 E78.39986
G1 X91.344 Y92.167 E81.52495
G1 X91.344 Y92.989 E81.57473
G1 X127.011 Y128.656 E84.62942
G1 X126.188 Y128.656 E84.67926
G1 X91.344 Y93.812 E87.66346
G1 X91.344 Y94.634 E87.71324
G1 X125.366 Y128.656 E90.62704
G1 X124.543 Y128.656 E90.67688
M73 Q22 S87
G1 X91.344 Y95.457 E93.5202
G1 X91.344 Y96.279 E93.56998
G1 X123.721 Y128.656 E96.3429
G1 X122.899 Y128.656 E96.39268
G1 X91.344 Y97.101 E99.0952
G1 X91.344 Y97.924 E99.14504
G1 X122.076 Y128.656 E101.77707
G1 X121.254 Y128.656 E101.82685
G1 X91.344 Y98.746 E104.38848
G1 X91.344 Y99.569 E104.43832
G1 X120.431 Y128.656 E106.92947
G1 X119.609 Y128.656 E106.97925
G1 X91.344 Y100.391 E109.4
G1 X91.344 Y101.214 E109.44984
G1 X118.786 Y128.656 E111.8001
G1 X117.964 Y128.656 E111.84988
G1 X91.344 Y102.036 E114.12974
G1 X91.344 Y102.858 E114.17952
G1 X117.142 Y128.656 E116.38898
G1 X116.319 Y128.656 E116.43882
G1 X91.344 Y103.681 E118.5778
G1 X91.344 Y104.503 E118.62758
G1 X115.497 Y128.656 E120.69616
G1 X114.674 Y128.656 E120.746
G1 X91.344 Y105.326 E122.74409
G1 X91.344 Y106.148 E122.79387
M73 P22 R84
G1 X113.852 Y128.656 E124.72156
G1 X113.029 Y128.656 E124.7714
G1 X91.344 Y106.971 E126.6286
G1 X91.344 Y107.793 E126.67838
G1 X112.207 Y128.656 E128.46518
G1 X111.385 Y128.656 E128.51496
G1 X91.344 Y108.615 E130.23136
G1 X91.344 Y109.438 E130.2812
G1 X110.562 Y128.656 E131.92712
G1 X109.74 Y128.656 E131.9769
G1 X91.344 Y110.26 E133.55242
G1 X91.344 Y111.083 E133.60226
G1 X108.917 Y128.656 E135.10729
G1 X108.095 Y128.656 E135.15707
G1 X91.344 Y111.905 E136.5917
G1 X91.344 Y112.728 E136.64154
G1 X107.272 Y128.656 E138.00569
G1 X106.45 Y128.656 E138.05547
G1 X91.344 Y113.55 E139.34922
G1 X91.344 Y114.372 E139.399
M73 Q22 S86
G1 X105.628 Y128.656 E140.62235
G1 X104.805 Y128.656 E140.67219
G1 X91.344 Y115.195 E141.82505
G1 X91.344 Y116.017 E141.87483
G1 X103.983 Y128.656 E142.95729
G1 X103.16 Y128.656 E143.00713
G1 X91.344 Y116.84 E144.01911
G1 X91.344 Y117.662 E144.06889
G1 X102.338 Y128.656 E145.01047
G1 X101.516 Y128.656 E145.06025
G1 X91.344 Y118.484 E145.93143
G1 X91.344 Y119.307 E145.98127
G1 X100.693 Y128.656 E146.78196
G1 X99.871 Y128.656 E146.83174
G1 X91.344 Y120.129 E147.56203
G1 X91.344 Y120.952 E147.61187
G1 X99.048 Y128.656 E148.27168
G1 X98.226 Y128.656 E148.32146
G1 X91.344 Y121.774 E148.91087
G1 X91.344 Y122.597 E148.96071
G1 X97.403 Y128.656 E149.47963
G1 X96.581 Y128.656 E149.52941
G1 X91.344 Y123.419 E149.97793
G1 X91.344 Y124.241 E150.02771
G1 X95.759 Y128.656 E150.40583
G1 X94.936 Y128.656 E150.45567
G1 X91.344 Y125.064 E150.76331
G1 X91.344 Y125.886 E150.81309
G1 X94.114 Y128.656 E151.05033
G1 X93.291 Y128.656 E151.10017
G1 X91.344 Y126.709 E151.26692
G1 X91.344 Y127.531 E151.3167
G1 X92.469 Y128.656 E151.41305
G1 X91.646 Y128.656 E151.46289
G1 X91.161 Y128.17 E151.50447
;LAYER_CHANGE
;Z:7.1
;HEIGHT:0.2
G1 E149.50447 F2400
G92 E0
G1 Z7.1 F7800
G1 X128.961 Y128.961
G1 E2 F2400
;TYPE:Perimeter
;WIDTH:0.449999
G1 F3254
G1 X91.039 Y128.961 E3.28361
G1 X91.039 Y91.039 E4.56722
G1 X128.961 Y91.039 E5.85083
G1 X128.961 Y128.901 E7.13241
G1 X129.368 Y129.368 F7800
G1 F3254
G1 X90.632 Y129.368 E8.44358
G1 X90.632 Y90.632 E9.75475
G1 X129.368 Y90.632 E11.06592
G1 X129.368 Y129.308 E12.37505
G1 X129.775 Y129.775 F7800
;TYPE:External perimeter
G1 F2400
G1 X90.225 Y129.775 E13.71377
G1 X90.225 Y90.225 E15.05249
G1 X129.775 Y90.225 E16.39121
G1 X129.775 Y129.715 E17.7279
G1 X129.379 Y129.774 F7800
;LAYER_CHANGE
;Z:7.3
;HEIGHT:0.2
G1 Z7.3 F7800
G1 X128.961 Y128.961
;TYPE:Perimeter
G1 F4800
G1 X91.039 Y128.961 E19.01151
G1 X91.039 Y91.039 E20.29512
G1 X128.961 Y91.039 E21.57873
G1 X128.961 Y128.901 E22.86031
G1 X129.368 Y129.368 F7800
G1 F4800
G1 X90.632 Y129.368 E24.17148
G1 X90.632 Y90.632 E25.48265
G1 X129.368 Y90.632 E26.79382
G1 X129.368 Y129.308 E28.10295
G1 X129.775 Y129.775 F7800
;TYPE:External perimeter
G1 F2400
G1 X90.225 Y129.775 E29.44167
G1 X90.225 Y90.225 E30.78039
G1 X129.775 Y90.225 E32.11911
G1 X129.775 Y129.715 E33.4558
G1 X129.379 Y129.774 F7800
G1 X128.17 Y128.839
;TYPE:Internal infill
;WIDTH:0.45
;HEIGHT:0.4
G1 F4800
G1 X128.656 Y128.354 E33.49738
G1 X128.656 Y127.531 E33.54722
G1 X127.531 Y128.656 E33.64357
G1 X126.709 Y128.656 E33.69335
G1 X128.656 Y126.709 E33.8601
G1 X128.656 Y125.886 E33.90994
G1 X125.886 Y128.656 E34.14718
G1 X125.064 Y128.656 E34.19696
G1 X128.656 Y125.064 E34.5046
G1 X128.656 Y124.241 E34.55444
G1 X124.241 Y128.656 E34.93256
G1 X123.419 Y128.656 E34.98234
G1 X128.656 Y123.419 E35.43086
G1 X128.656 Y122.597 E35.48064
G1 X122.597 Y128.656 E35.99956
G1 X121.774 Y128.656 E36.0494
G1 X128.656 Y121.774 E36.63881
G1 X128.656 Y120.952 E36.68859
G1 X120.952 Y128.656 E37.3484
G1 X120.129 Y128.656 E37.39824
G1 X128.656 Y120.129 E38.12853
G1 X128.656 Y119.307 E38.17831
G1 X119.307 Y128.656 E38.979
G1 X118.484 Y128.656 E39.02884
G1 X128.656 Y118.484 E39.90002
G1 X128.656 Y117.662 E39.9498
G1 X117.662 Y128.656 E40.89138
G1 X116.84 Y128.656 E40.94116
G1 X128.656 Y116.84 E41.95314
G1 X128.656 Y116.017 E42.00298
G1 X116.017 Y128.656 E43.08544
G1 X115.195 Y128.656 E43.13522
G1 X128.656 Y115.195 E44.28808
G1 X128.656 Y114.372 E44.33792
G1 X114.372 Y128.656 E45.56127
G1 X113.55 Y128.656 E45.61105
G1 X128.656 Y113.55 E46.9048
G1 X128.656 Y112.728 E46.95458
G1 X112.728 Y128.656 E48.31873
G1 X111.905 Y128.656 E48.36857
G1 X128.656 Y111.905 E49.8032
G1 X128.656 Y111.083 E49.85298
G1 X111.083 Y128.656 E51.35801
G1 X110.26 Y128.656 E51.40785
G1 X128.656 Y110.26 E52.98337
G1 X128.656 Y109.438 E53.03315
G1 X109.438 Y128.656 E54.67907
G1 X108.615 Y128.656 E54.72891
G1 X128.656 Y108.615 E56.44531
G1 X128.656 Y107.793 E56.49509
G1 X107.793 Y128.656 E58.28189
G1 X106.971 Y128.656 E58.33167
G1 X128.656 Y106.971 E60.18887
G1 X128.656 Y106.148 E60.23871
G1 X106.148 Y128.656 E62.1664
G1 X105.326 Y128.656 E62.21618
G1 X128.656 Y105.326 E64.21427
G1 X128.656 Y104.503 E64.26411
G1 X104.503 Y128.656 E66.33269
G1 X103.681 Y128.656 E66.38247
G1 X128.656 Y103.681 E68.52145
G1 X128.656 Y102.858 E68.57129
G1 X102.858 Y128.656 E70.78075
G1 X102.036 Y128.656 E70.83053
G1 X128.656 Y102.036 E73.11039
G1 X128.656 Y101.214 E73.16017
G1 X101.214 Y128.656 E75.51043
G1 X100.391 Y128.656 E75.56027
G1 X128.656 Y100.391 E77.98102
G1 X128.656 Y99.569 E78.0308
G1 X99.569 Y128.656 E80.52195
G1 X98.746 Y128.656 E80.57179
G1 X128.656 Y98.746 E83.13342
G1 X128.656 Y97.924 E83.1832
G1 X97.924 Y128.656 E85.81523
G1 X97.101 Y128.656 E85.86507
G1 X128.656 Y97.101 E88.56759
G1 X128.656 Y96.279 E88.61737
G1 X96.279 Y128.656 E91.39029
G1 X95.457 Y128.656 E91.44007
G1 X128.656 Y95.457 E94.28339
G1 X128.656 Y94.634 E94.33323
G1 X94.634 Y128.656 E97.24703
G1 X93.812 Y128.656 E97.29681
G1 X128.656 Y93.812 E100.28101
G1 X128.656 Y92.989 E100.33085
G1 X92.989 Y128.656 E103.38554
G1 X92.167 Y128.656 E103.43532
G1 X128.656 Y92.167 E106.56041
G1 X128.656 Y91.344 E106.61025
G1 X91.344 Y128.656 E109.80582
G1 X91.344 Y127.833 E109.85566
G1 X127.833 Y91.344 E112.98075
G1 X127.011 Y91.344 E113.03053
G1 X91.344 Y127.011 E116.08522
G1 X91.344 Y126.188 E116.13506
G1 X126.188 Y91.344 E119.11926
G1 X125.366 Y91.344 E119.16904
G1 X91.344 Y125.366 E122.08284
G1 X91.344 Y124.543 E122.13268
G1 X124.543 Y91.344 E124.976
G1 X123.721 Y91.344 E125.02578
G1 X91.344 Y123.721 E127.7987
G1 X91.344 Y122.899 E127.84848
M73 P23 R84
G1 X122.899 Y91.344 E130.551
G1 X122.076 Y91.344 E130.60084
G1 X91.344 Y122.076 E133.23287
G1 X91.344 Y121.254 E133.28265
G1 X121.254 Y91.344 E135.84428
G1 X120.431 Y91.344 E135.89412
G1 X91.344 Y120.431 E138.38527
G1 X91.344 Y119.609 E138.43505
G1 X119.609 Y91.344 E140.8558
G1 X118.786 Y91.344 E140.90564
G1 X91.344 Y118.786 E143.2559
G1 X91.344 Y117.964 E143.30568
G1 X117.964 Y91.344 E145.58554
G1 X117.142 Y91.344 E145.63532
G1 X91.344 Y117.142 E147.84478
G1 X91.344 Y116.319 E147.89462
G1 X116.319 Y91.344 E150.0336
G1 X115.497 Y91.344 E150.08338
G1 X91.344 Y115.497 E152.15196
G1 X91.344 Y114.674 E152.2018
G1 X114.674 Y91.344 E154.19989
G1 X113.852 Y91.344 E154.24967
G1 X91.344 Y113.852 E156.17736
G1 X91.344 Y113.029 E156.2272
G1 X113.029 Y91.344 E158.0844
G1 X112.207 Y91.344 E158.13418
G1 X91.344 Y112.207 E159.92098
G1 X91.344 Y111.385 E159.97076
G1 X111.385 Y91.344 E161.68716
G1 X110.562 Y91.344 E161.737
G1 X91.344 Y110.562 E163.38292
G1 X91.344 Y109.74 E163.4327
G1 X109.74 Y91.344 E165.00822
G1 X108.917 Y91.344 E165.05806
M73 Q23 S86
G1 X91.344 Y108.917 E166.56309
G1 X91.344 Y108.095 E166.61287
G1 X108.095 Y91.344 E168.0475
G1 X107.272 Y91.344 E168.09734
G1 X91.344 Y107.272 E169.46149
G1 X91.344 Y106.45 E169.51127
G1 X106.45 Y91.344 E170.80502
G1 X105.628 Y91.344 E170.8548
G1 X91.344 Y105.628 E172.07815
G1 X91.344 Y104.805 E172.12799
G1 X104.805 Y91.344 E173.28085
M73 P23 R83
G1 X103.983 Y91.344 E173.33063
G1 X91.344 Y103.983 E174.41309
G1 X91.344 Y103.16 E174.46293
G1 X103.16 Y91.344 E175.47491
G1 X102.338 Y91.344 E175.52469
G1 X91.344 Y102.338 E176.46627
G1 X91.344 Y101.516 E176.51605
G1 X101.516 Y91.344 E177.38723
G1 X100.693 Y91.344 E177.43707
G1 X91.344 Y100.693 E178.23776
G1 X91.344 Y99.871 E178.28754
G1 X99.871 Y91.344 E179.01783
G1 X99.048 Y91.344 E179.06767
G1 X91.344 Y99.048 E179.72748
G1 X91.344 Y98.226 E179.77726
G1 X98.226 Y91.344 E180.36667
G1 X97.403 Y91.344 E180.41651
G1 X91.344 Y97.403 E180.93543
G1 X91.344 Y96.581 E180.98521
G1 X96.581 Y91.344 E181.43373
G1 X95.759 Y91.344 E181.48351
M73 Q23 S85
G1 X91.344 Y95.759 E181.86163
G1 X91.344 Y94.936 E181.91147
G1 X94.936 Y91.344 E182.21911
G1 X94.114 Y91.344 E182.26889
G1 X91.344 Y94.114 E182.50613
G1 X91.344 Y93.291 E182.55597
G1 X93.291 Y91.344 E182.72272
G1 X92.469 Y91.344 E182.7725
G1 X91.344 Y92.469 E182.86885
G1 X91.344 Y91.646 E182.91869
G1 X91.83 Y91.161 E182.96027
;LAYER_CHANGE
;Z:7.5
;HEIGHT:0.2
G1 E180.96027 F2400
G92 E0
G1 Z7.5 F7800
G1 X128.961 Y128.961
G1 E2 F2400
;TYPE:Perimeter
;WIDTH:0.449999
G1 F3323
G1 X91.039 Y128.961 E3.28361
G1 X91.039 Y91.039 E4.56722
G1 X128.961 Y91.039 E5.85083
G1 X128.961 Y128.901 E7.13241
G1 X129.368 Y129.368 F7800
G1 F3323
G1 X90.632 Y129.368 E8.44358
G1 X90.632 Y90.632 E9.75475
G1 X129.368 Y90.632 E11.06592
G1 X129.368 Y129.308 E12.37505
G1 X129.775 Y129.775 F7800
;TYPE:External perimeter
G1 F2400
G1 X90.225 Y129.775 E13.71377
G1 X90.225 Y90.225 E15.05249
G1 X129.775 Y90.225 E16.39121
G1 X129.775 Y129.715 E17.7279
G1 X129.379 Y129.774 F7800
;LAYER_CHANGE
;Z:7.7
;HEIGHT:0.2
G1 Z7.7 F7800
G1 X128.961 Y128.961
;TYPE:Perimeter
G1 F4800
G1 X91.039 Y128.961 E19.01151
G1 X91.039 Y91.039 E20.29512
G1 X128.961 Y91.039 E21.57873
G1 X128.961 Y128.901 E22.86031
G1 X129.368 Y129.368 F7800
G1 F4800
G1 X90.632 Y129.368 E24.17148
G1 X90.632 Y90.632 E25.48265
G1 X129.368 Y90.632 E26.79382
G1 X129.368 Y129.308 E28.10295
G1 X129.775 Y129.775 F7800
;TYPE:External perimeter
G1 F2400
G1 X90.225 Y129.775 E29.44167
G1 X90.225 Y90.225 E30.78039
G1 X129.775 Y90.225 E32.11911
G1 X129.775 Y129.715 E33.4558
G1 X129.379 Y129.774 F7800
G1 E31.4558 F2400
G92 E0
G1 X128.839 Y91.83 F7800
G1 E2 F2400
;TYPE:Internal infill
;WIDTH:0.45
;HEIGHT:0.4
G1 F4800
G1 X128.354 Y91.344 E2.04158
G1 X127.531 Y91.344 E2.09142
G1 X128.656 Y92.469 E2.18777
G1 X128.656 Y93.291 E2.23755
G1 X126.709 Y91.344 E2.4043
G1 X125.886 Y91.344 E2.45414
G1 X128.656 Y94.114 E2.69138
G1 X128.656 Y94.936 E2.74116
G1 X125.064 Y91.344 E3.0488
G1 X124.241 Y91.344 E3.09864
G1 X128.656 Y95.759 E3.47676
G1 X128.656 Y96.581 E3.52654
G1 X123.419 Y91.344 E3.97506
G1 X122.597 Y91.344 E4.02484
G1 X128.656 Y97.403 E4.54376
G1 X128.656 Y98.226 E4.5936
G1 X121.774 Y91.344 E5.18301
G1 X120.952 Y91.344 E5.23279
G1 X128.656 Y99.048 E5.8926
G1 X128.656 Y99.871 E5.94244
G1 X120.129 Y91.344 E6.67273
G1 X119.307 Y91.344 E6.72251
G1 X128.656 Y100.693 E7.5232
G1 X128.656 Y101.516 E7.57304
G1 X118.484 Y91.344 E8.44422
G1 X117.662 Y91.344 E8.494
G1 X128.656 Y102.338 E9.43558
G1 X128.656 Y103.16 E9.48536
G1 X116.84 Y91.344 E10.49734
G1 X116.017 Y91.344 E10.54718
G1 X128.656 Y103.983 E11.62964
G1 X128.656 Y104.805 E11.67942
G1 X115.195 Y91.344 E12.83228
G1 X114.372 Y91.344 E12.88212
G1 X128.656 Y105.628 E14.10547
G1 X128.656 Y106.45 E14.15525
G1 X113.55 Y91.344 E15.449
G1 X112.728 Y91.344 E15.49878
G1 X128.656 Y107.272 E16.86293
G1 X128.656 Y108.095 E16.91277
G1 X111.905 Y91.344 E18.3474
G1 X111.083 Y91.344 E18.39718
G1 X128.656 Y108.917 E19.90221
G1 X128.656 Y109.74 E19.95205
G1 X110.26 Y91.344 E21.52757
G1 X109.438 Y91.344 E21.57735
G1 X128.656 Y110.562 E23.22327
G1 X128.656 Y111.385 E23.27311
G1 X108.615 Y91.344 E24.98951
G1 X107.793 Y91.344 E25.03929
G1 X128.656 Y112.207 E26.82609
G1 X128.656 Y113.029 E26.87587
G1 X106.971 Y91.344 E28.73307
G1 X106.148 Y91.344 E28.78291
G1 X128.656 Y113.852 E30.7106
G1 X128.656 Y114.674 E30.76038
G1 X105.326 Y91.344 E32.75847
G1 X104.503 Y91.344 E32.80831
G1 X128.656 Y115.497 E34.87689
G1 X128.656 Y116.319 E34.92667
G1 X103.681 Y91.344 E37.06565
G1 X102.858 Y91.344 E37.11549
G1 X128.656 Y117.142 E39.32495
G1 X128.656 Y117.964 E39.37473
G1 X102.036 Y91.344 E41.65459
G1 X101.214 Y91.344 E41.70437
G1 X128.656 Y118.786 E44.05463
G1 X128.656 Y119.609 E44.10447
G1 X100.391 Y91.344 E46.52522
G1 X99.569 Y91.344 E46.575
G1 X128.656 Y120.431 E49.06615
G1 X128.656 Y121.254 E49.11599
G1 X98.746 Y91.344 E51.67762
G1 X97.924 Y91.344 E51.7274
G1 X128.656 Y122.076 E54.35943
G1 X128.656 Y122.899 E54.40927
G1 X97.101 Y91.344 E57.11179
G1 X96.279 Y91.344 E57.16157
G1 X128.656 Y123.721 E59.93449
G1 X128.656 Y124.543 E59.98427
G1 X95.457 Y91.344 E62.82759
G1 X94.634 Y91.344 E62.87743
G1 X128.656 Y125.366 E65.79123
G1 X128.656 Y126.188 E65.84101
G1 X93.812 Y91.344 E68.82521
G1 X92.989 Y91.344 E68.87505
G1 X128.656 Y127.011 E71.92974
G1 X128.656 Y127.833 E71.97952
G1 X92.167 Y91.344 E75.10461
G1 X91.344 Y91.344 E75.15445
G1 X128.656 Y128.656 E78.35002
G1 X127.833 Y128.656 E78.39986
G1 X91.344 Y92.167 E81.52495
G1 X91.344 Y92.989 E81.57473
G1 X127.011 Y128.656 E84.62942
G1 X126.188 Y128.656 E84.67926
G1 X91.344 Y93.812 E87.66346
G1 X91.344 Y94.634 E87.71324
G1 X125.366 Y128.656 E90.62704
G1 X124.543 Y128.656 E90.67688
G1 X91.344 Y95.457 E93.5202
G1 X91.344 Y96.279 E93.56998
G1 X123.721 Y128.656 E96.3429
G1 X122.899 Y128.656 E96.39268
G1 X91.344 Y97.101 E99.0952
G1 X91.344 Y97.924 E99.14504
G1 X122.076 Y128.656 E101.77707
G1 X121.254 Y128.656 E101.82685
G1 X91.344 Y98.746 E104.38848
G1 X91.344 Y99.569 E104.43832
G1 X120.431 Y128.656 E106.92947
G1 X119.609 Y128.656 E106.97925
G1 X91.344 Y100.391 E109.4
G1 X91.344 Y101.214 E109.44984
G1 X118.786 Y128.656 E111.8001
G1 X117.964 Y128.656 E111.84988
G1 X91.344 Y102.036 E114.12974
G1 X91.344 Y102.858 E114.17952
G1 X117.142 Y128.656 E116.38898
G1 X116.319 Y128.656 E116.43882
G1 X91.344 Y103.681 E118.5778
G1 X91.344 Y104.503 E118.62758
G1 X115.497 Y128.656 E120.69616
G1 X114.674 Y128.656 E120.746
G1 X91.344 Y105.326 E122.74409
G1 X91.344 Y106.148 E122.79387
G1 X113.852 Y128.656 E124.72156
G1 X113.029 Y128.656 E124.7714
G1 X91.344 Y106.971 E126.6286
G1 X91.344 Y107.793 E126.67838
G1 X112.207 Y128.656 E128.46518
G1 X111.385 Y128.656 E128.51496
G1 X91.344 Y108.615 E130.23136
G1 X91.344 Y109.438 E130.2812
G1 X110.562 Y128.656 E131.92712
G1 X109.74 Y128.656 E131.9769
G1 X91.344 Y110.26 E133.55242
G1 X91.344 Y111.083 E133.60226
G1 X108.917 Y128.656 E135.10729
G1 X108.095 Y128.656 E135.15707
G1 X91.344 Y111.905 E136.5917
G1 X91.344 Y112.728 E136.64154
G1 X107.272 Y128.656 E138.00569
G1 X106.45 Y128.656 E138.05547
M73 P24 R83
G1 X91.344 Y113.55 E139.34922
G1 X91.344 Y114.372 E139.399
G1 X105.628 Y128.656 E140.62235
G1 X104.805 Y128.656 E140.67219
G1 X91.344 Y115.195 E141.82505
G1 X91.344 Y116.017 E141.87483
G1 X103.983 Y128.656 E142.95729
G1 X103.16 Y128.656 E143.00713
G1 X91.344 Y116.84 E144.01911
G1 X91.344 Y117.662 E144.06889
G1 X102.338 Y128.656 E145.01047
G1 X101.516 Y128.656 E145.06025
G1 X91.344 Y118.484 E145.93143
G1 X91.344 Y119.307 E145.98127
G1 X100.693 Y128.656 E146.78196
G1 X99.871 Y128.656 E146.83174
G1 X91.344 Y120.129 E147.56203
G1 X91.344 Y120.952 E147.61187
G1 X99.048 Y128.656 E148.27168
G1 X98.226 Y128.656 E148.32146
G1 X91.344 Y121.774 E148.91087
G1 X91.344 Y122.597 E148.96071
G1 X97.403 Y128.656 E149.47963
G1 X96.581 Y128.656 E149.52941
G1 X91.344 Y123.419 E149.97793
G1 X91.344 Y124.241 E150.02771
G1 X95.759 Y128.656 E150.40583
G1 X94.936 Y128.656 E150.45567
G1 X91.344 Y125.064 E150.76331
G1 X91.344 Y125.886 E150.81309
G1 X94.114 Y128.656 E151.05033
G1 X93.291 Y128.656 E151.10017
G1 X91.344 Y126.709 E151.26692
G1 X91.344 Y127.531 E151.3167
G1 X92.469 Y128.656 E151.41305
G1 X91.646 Y128.656 E151.46289
G1 X91.161 Y128.17 E151.50447
;LAYER_CHANGE
;Z:7.9
;HEIGHT:0.2
G1 E149.50447 F2400
G92 E0
G1 Z7.9 F7800
G1 X128.961 Y128.961
G1 E2 F2400
;TYPE:Perimeter
;WIDTH:0.449999
G1 F3254
G1 X91.039 Y128.961 E3.28361
G1 X91.039 Y91.039 E4.56722
M73 P24 R82
G1 X128.961 Y91.039 E5.85083
M73 Q23 S84
G1 X128.961 Y128.901 E7.13241
G1 X129.368 Y129.368 F7800
G1 F3254
G1 X90.632 Y129.368 E8.44358
G1 X90.632 Y90.632 E9.75475
M73 Q24 S84
G1 X129.368 Y90.632 E11.06592
G1 X129.368 Y129.308 E12.37505
G1 X129.775 Y129.775 F7800
;TYPE:External perimeter
G1 F2400
G1 X90.225 Y129.775 E13.71377
G1 X90.225 Y90.225 E15.05249
G1 X129.775 Y90.225 E16.39121
G1 X129.775 Y129.715 E17.7279
G1 X129.379 Y129.774 F7800
;LAYER_CHANGE
;Z:8.1
;HEIGHT:0.2
G1 Z8.1 F7800
G1 X128.961 Y128.961
;TYPE:Perimeter
G1 F4800
G1 X91.039 Y128.961 E19.01151
G1 X91.039 Y91.039 E20.29512
G1 X128.961 Y91.039 E21.57873
G1 X128.961 Y128.901 E22.86031
G1 X129.368 Y129.368 F7800
G1 F4800
G1 X90.632 Y129.368 E24.17148
G1 X90.632 Y90.632 E25.48265
G1 X129.368 Y90.632 E26.79382
G1 X129.368 Y129.308 E28.10295
G1 X129.775 Y129.775 F7800
;TYPE:External perimeter
G1 F2400
G1 X90.225 Y129.775 E29.44167
G1 X90.225 Y90.225 E30.78039
G1 X129.775 Y90.225 E32.11911
G1 X129.775 Y129.715 E33.4558
G1 X129.379 Y129.774 F7800
G1 X128.17 Y128.839
;TYPE:Internal infill
;WIDTH:0.45
;HEIGHT:0.4
G1 F4800
G1 X128.656 Y128.354 E33.49738
G1 X128.656 Y127.531 E33.54722
G1 X127.531 Y128.656 E33.64357
G1 X126.709 Y128.656 E33.69335
G1 X128.656 Y126.709 E33.8601
G1 X128.656 Y125.886 E33.90994
G1 X125.886 Y128.656 E34.14718
G1 X125.064 Y128.656 E34.19696
G1 X128.656 Y125.064 E34.5046
G1 X128.656 Y124.241 E34.55444
G1 X124.241 Y128.656 E34.93256
G1 X123.419 Y128.656 E34.98234
G1 X128.656 Y123.419 E35.43086
G1 X128.656 Y122.597 E35.48064
G1 X122.597 Y128.656 E35.99956
G1 X121.774 Y128.656 E36.0494
G1 X128.656 Y121.774 E36.63881
G1 X128.656 Y120.952 E36.68859
G1 X120.952 Y128.656 E37.3484
G1 X120.129 Y128.656 E37.39824
G1 X128.656 Y120.129 E38.12853
G1 X128.656 Y119.307 E38.17831
G1 X119.307 Y128.656 E38.979
G1 X118.484 Y128.656 E39.02884
G1 X128.656 Y118.484 E39.90002
G1 X128.656 Y117.662 E39.9498
G1 X117.662 Y128.656 E40.89138
G1 X116.84 Y128.656 E40.94116
G1 X128.656 Y116.84 E41.95314
G1 X128.656 Y116.017 E42.00298
G1 X116.017 Y128.656 E43.08544
G1 X115.195 Y128.656 E43.13522
G1 X128.656 Y115.195 E44.28808
G1 X128.656 Y114.372 E44.33792
G1 X114.372 Y128.656 E45.56127
G1 X113.55 Y128.656 E45.61105
G1 X128.656 Y113.55 E46.9048
G1 X128.656 Y112.728 E46.95458
G1 X112.728 Y128.656 E48.31873
G1 X111.905 Y128.656 E48.36857
G1 X128.656 Y111.905 E49.8032
G1 X128.656 Y111.083 E49.85298
G1 X111.083 Y128.656 E51.35801
G1 X110.26 Y128.656 E51.40785
G1 X128.656 Y110.26 E52.98337
G1 X128.656 Y109.438 E53.03315
G1 X109.438 Y128.656 E54.67907
G1 X108.615 Y128.656 E54.72891
G1 X128.656 Y108.615 E56.44531
G1 X128.656 Y107.793 E56.49509
G1 X107.793 Y128.656 E58.28189
G1 X106.971 Y128.656 E58.33167
G1 X128.656 Y106.971 E60.18887
G1 X128.656 Y106.148 E60.23871
G1 X106.148 Y128.656 E62.1664
G1 X105.326 Y128.656 E62.21618
G1 X128.656 Y105.326 E64.21427
G1 X128.656 Y104.503 E64.26411
G1 X104.503 Y128.656 E66.33269
G1 X103.681 Y128.656 E66.38247
G1 X128.656 Y103.681 E68.52145
G1 X128.656 Y102.858 E68.57129
G1 X102.858 Y128.656 E70.78075
G1 X102.036 Y128.656 E70.83053
G1 X128.656 Y102.036 E73.11039
G1 X128.656 Y101.214 E73.16017
G1 X101.214 Y128.656 E75.51043
G1 X100.391 Y128.656 E75.56027
G1 X128.656 Y100.391 E77.98102
G1 X128.656 Y99.569 E78.0308
G1 X99.569 Y128.656 E80.52195
G1 X98.746 Y128.656 E80.57179
G1 X128.656 Y98.746 E83.13342
G1 X128.656 Y97.924 E83.1832
G1 X97.924 Y128.656 E85.81523
G1 X97.101 Y128.656 E85.86507
G1 X128.656 Y97.101 E88.56759
G1 X128.656 Y96.279 E88.61737
G1 X96.279 Y128.656 E91.39029
G1 X95.457 Y128.656 E91.44007
G1 X128.656 Y95.457 E94.28339
G1 X128.656 Y94.634 E94.33323
G1 X94.634 Y128.656 E97.24703
G1 X93.812 Y128.656 E97.29681
G1 X128.656 Y93.812 E100.28101
G1 X128.656 Y92.989 E100.33085
G1 X92.989 Y128.656 E103.38554
G1 X92.167 Y128.656 E103.43532
G1 X128.656 Y92.167 E106.56041
G1 X128.656 Y91.344 E106.61025
G1 X91.344 Y128.656 E109.80582
G1 X91.344 Y127.833 E109.85566
G1 X127.833 Y91.344 E112.98075
G1 X127.011 Y91.344 E113.03053
G1 X91.344 Y127.011 E116.08522
G1 X91.344 Y126.188 E116.13506
G1 X126.188 Y91.344 E119.11926
G1 X125.366 Y91.344 E119.16904
G1 X91.344 Y125.366 E122.08284
G1 X91.344 Y124.543 E122.13268
G1 X124.543 Y91.344 E124.976
G1 X123.721 Y91.344 E125.02578
G1 X91.344 Y123.721 E127.7987
G1 X91.344 Y122.899 E127.84848
G1 X122.899 Y91.344 E130.551
G1 X122.076 Y91.344 E130.60084
G1 X91.344 Y122.076 E133.23287
G1 X91.344 Y121.254 E133.28265
G1 X121.254 Y91.344 E135.84428
G1 X120.431 Y91.344 E135.89412
G1 X91.344 Y120.431 E138.38527
G1 X91.344 Y119.609 E138.43505
G1 X119.609 Y91.344 E140.8558
G1 X118.786 Y91.344 E140.90564
G1 X91.344 Y118.786 E143.2559
G1 X91.344 Y117.964 E143.30568
G1 X117.964 Y91.344 E145.58554
G1 X117.142 Y91.344 E145.63532
G1 X91.344 Y117.142 E147.84478
G1 X91.344 Y116.319 E147.89462
G1 X116.319 Y91.344 E150.0336
G1 X115.497 Y91.344 E150.08338
G1 X91.344 Y115.497 E152.15196
G1 X91.344 Y114.674 E152.2018
G1 X114.674 Y91.344 E154.19989
G1 X113.852 Y91.344 E154.24967
G1 X91.344 Y113.852 E156.17736
G1 X91.344 Y113.029 E156.2272
G1 X113.029 Y91.344 E158.0844
G1 X112.207 Y91.344 E158.13418
G1 X91.344 Y112.207 E159.92098
G1 X91.344 Y111.385 E159.97076
G1 X111.385 Y91.344 E161.68716
G1 X110.562 Y91.344 E161.737
G1 X91.344 Y110.562 E163.38292
G1 X91.344 Y109.74 E163.4327
G1 X109.74 Y91.344 E165.00822
G1 X108.917 Y91.344 E165.05806
G1 X91.344 Y108.917 E166.56309
G1 X91.344 Y108.095 E166.61287
G1 X108.095 Y91.344 E168.0475
G1 X107.272 Y91.344 E168.09734
G1 X91.344 Y107.272 E169.46149
G1 X91.344 Y106.45 E169.51127
G1 X106.45 Y91.344 E170.80502
G1 X105.628 Y91.344 E170.8548
G1 X91.344 Y105.628 E172.07815
G1 X91.344 Y104.805 E172.12799
G1 X104.805 Y91.344 E173.28085
G1 X103.983 Y91.344 E173.33063
G1 X91.344 Y103.983 E174.41309
G1 X91.344 Y103.16 E174.46293
G1 X103.16 Y91.344 E175.47491
G1 X102.338 Y91.344 E175.52469
G1 X91.344 Y102.338 E176.46627
G1 X91.344 Y101.516 E176.51605
G1 X101.516 Y91.344 E177.38723
G1 X100.693 Y91.344 E177.43707
G1 X91.344 Y100.693 E178.23776
G1 X91.344 Y99.871 E178.28754
G1 X99.871 Y91.344 E179.01783
G1 X99.048 Y91.344 E179.06767
G1 X91.344 Y99.048 E179.72748
G1 X91.344 Y98.226 E179.77726
G1 X98.226 Y91.344 E180.36667
G1 X97.403 Y91.344 E180.41651
G1 X91.344 Y97.403 E180.93543
G1 X91.344 Y96.581 E180.98521
G1 X96.581 Y91.344 E181.43373
G1 X95.759 Y91.344 E181.48351
G1 X91.344 Y95.759 E181.86163
G1 X91.344 Y94.936 E181.91147
G1 X94.936 Y91.344 E182.21911
G1 X94.114 Y91.344 E182.26889
G1 X91.344 Y94.114 E182.50613
G1 X91.344 Y93.291 E182.55597
G1 X93.291 Y91.344 E182.72272
G1 X92.469 Y91.344 E182.7725
G1 X91.344 Y92.469 E182.86885
G1 X91.344 Y91.646 E182.91869
G1 X91.83 Y91.161 E182.96027
;LAYER_CHANGE
;Z:8.3
;HEIGHT:0.2
G1 E180.96027 F2400
G92 E0
G1 Z8.3 F7800
G1 X128.961 Y128.961
G1 E2 F2400
;TYPE:Perimeter
;WIDTH:0.449999
G1 F3323
G1 X91.039 Y128.961 E3.28361
G1 X91.039 Y91.039 E4.56722
G1 X128.961 Y91.039 E5.85083
G1 X128.961 Y128.901 E7.13241
G1 X129.368 Y129.368 F7800
G1 F3323
G1 X90.632 Y129.368 E8.44358
G1 X90.632 Y90.632 E9.75475
G1 X129.368 Y90.632 E11.06592
G1 X129.368 Y129.308 E12.37505
M73 P24 R81
M73 Q24 S83
G1 X129.775 Y129.775 F7800
M73 P25 R81
;TYPE:External perimeter
G1 F2400
G1 X90.225 Y129.775 E13.71377
G1 X90.225 Y90.225 E15.05249
G1 X129.775 Y90.225 E16.39121
G1 X129.775 Y129.715 E17.7279
G1 X129.379 Y129.774 F7800
;LAYER_CHANGE
;Z:8.5
;HEIGHT:0.2
G1 Z8.5 F7800
G1 X128.961 Y128.961
;TYPE:Perimeter
G1 F4800
G1 X91.039 Y128.961 E19.01151
G1 X91.039 Y91.039 E20.29512
G1 X128.961 Y91.039 E21.57873
G1 X128.961 Y128.901 E22.86031
G1 X129.368 Y129.368 F7800
G1 F4800
G1 X90.632 Y129.368 E24.17148
G1 X90.632 Y90.632 E25.48265
G1 X129.368 Y90.632 E26.79382
G1 X129.368 Y129.308 E28.10295
M73 Q25 S83
G1 X129.775 Y129.775 F7800
;TYPE:External perimeter
G1 F2400
G1 X90.225 Y129.775 E29.44167
G1 X90.225 Y90.225 E30.78039
G1 X129.775 Y90.225 E32.11911
G1 X129.775 Y129.715 E33.4558
G1 X129.379 Y129.774 F7800
G1 E31.4558 F2400
G92 E0
G1 X128.839 Y91.83 F7800
G1 E2 F2400
;TYPE:Internal infill
;WIDTH:0.45
;HEIGHT:0.4
G1 F4800
G1 X128.354 Y91.344 E2.04158
G1 X127.531 Y91.344 E2.09142
G1 X128.656 Y92.469 E2.18777
G1 X128.656 Y93.291 E2.23755
G1 X126.709 Y91.344 E2.4043
G1 X125.886 Y91.344 E2.45414
G1 X128.656 Y94.114 E2.69138
G1 X128.656 Y94.936 E2.74116
G1 X125.064 Y91.344 E3.0488
G1 X124.241 Y91.344 E3.09864
G1 X128.656 Y95.759 E3.47676
G1 X128.656 Y96.581 E3.52654
G1 X123.419 Y91.344 E3.97506
G1 X122.597 Y91.344 E4.02484
G1 X128.656 Y97.403 E4.54376
G1 X128.656 Y98.226 E4.5936
G1 X121.774 Y91.344 E5.18301
G1 X120.952 Y91.344 E5.23279
G1 X128.656 Y99.048 E5.8926
G1 X128.656 Y99.871 E5.94244
G1 X120.129 Y91.344 E6.67273
G1 X119.307 Y91.344 E6.72251
G1 X128.656 Y100.693 E7.5232
G1 X128.656 Y101.516 E7.57304
G1 X118.484 Y91.344 E8.44422
G1 X117.662 Y91.344 E8.494
G1 X128.656 Y102.338 E9.43558
G1 X128.656 Y103.16 E9.48536
G1 X116.84 Y91.344 E10.49734
G1 X116.017 Y91.344 E10.54718
G1 X128.656 Y103.983 E11.62964
G1 X128.656 Y104.805 E11.67942
G1 X115.195 Y91.344 E12.83228
G1 X114.372 Y91.344 E12.88212
G1 X128.656 Y105.628 E14.10547
G1 X128.656 Y106.45 E14.15525
G1 X113.55 Y91.344 E15.449
G1 X112.728 Y91.344 E15.49878
G1 X128.656 Y107.272 E16.86293
G1 X128.656 Y108.095 E16.91277
G1 X111.905 Y91.344 E18.3474
G1 X111.083 Y91.344 E18.39718
G1 X128.656 Y108.917 E19.90221
G1 X128.656 Y109.74 E19.95205
G1 X110.26 Y91.344 E21.52757
G1 X109.438 Y91.344 E21.57735
G1 X128.656 Y110.562 E23.22327
G1 X128.656 Y111.385 E23.27311
G1 X108.615 Y91.344 E24.98951
G1 X107.793 Y91.344 E25.03929
G1 X128.656 Y112.207 E26.82609
G1 X128.656 Y113.029 E26.87587
G1 X106.971 Y91.344 E28.73307
G1 X106.148 Y91.344 E28.78291
G1 X128.656 Y113.852 E30.7106
G1 X128.656 Y114.674 E30.76038
G1 X105.326 Y91.344 E32.75847
G1 X104.503 Y91.344 E32.80831
G1 X128.656 Y115.497 E34.87689
G1 X128.656 Y116.319 E34.92667
G1 X103.681 Y91.344 E37.06565
G1 X102.858 Y91.344 E37.11549
G1 X128.656 Y117.142 E39.32495
G1 X128.656 Y117.964 E39.37473
G1 X102.036 Y91.344 E41.65459
G1 X101.214 Y91.344 E41.70437
G1 X128.656 Y118.786 E44.05463
G1 X128.656 Y119.609 E44.10447
G1 X100.391 Y91.344 E46.52522
G1 X99.569 Y91.344 E46.575
G1 X128.656 Y120.431 E49.06615
G1 X128.656 Y121.254 E49.11599
G1 X98.746 Y91.344 E51.67762
G1 X97.924 Y91.344 E51.7274
G1 X128.656 Y122.076 E54.35943
G1 X128.656 Y122.899 E54.40927
G1 X97.101 Y91.344 E57.11179
G1 X96.279 Y91.344 E57.16157
G1 X128.656 Y123.721 E59.93449
G1 X128.656 Y124.543 E59.98427
G1 X95.457 Y91.344 E62.82759
G1 X94.634 Y91.344 E62.87743
G1 X128.656 Y125.366 E65.79123
G1 X128.656 Y126.188 E65.84101
G1 X93.812 Y91.344 E68.82521
G1 X92.989 Y91.344 E68.87505
G1 X128.656 Y127.011 E71.92974
G1 X128.656 Y127.833 E71.97952
G1 X92.167 Y91.344 E75.10461
G1 X91.344 Y91.344 E75.15445
G1 X128.656 Y128.656 E78.35002
G1 X127.833 Y128.656 E78.39986
G1 X91.344 Y92.167 E81.52495
G1 X91.344 Y92.989 E81.57473
G1 X127.011 Y128.656 E84.62942
G1 X126.188 Y128.656 E84.67926
G1 X91.344 Y93.812 E87.66346
G1 X91.344 Y94.634 E87.71324
G1 X125.366 Y128.656 E90.62704
G1 X124.543 Y128.656 E90.67688
G1 X91.344 Y95.457 E93.5202
G1 X91.344 Y96.279 E93.56998
G1 X123.721 Y128.656 E96.3429
G1 X122.899 Y128.656 E96.39268
G1 X91.344 Y97.101 E99.0952
G1 X91.344 Y97.924 E99.14504
G1 X122.076 Y128.656 E101.77707
G1 X121.254 Y128.656 E101.82685
G1 X91.344 Y98.746 E104.38848
G1 X91.344 Y99.569 E104.43832
G1 X120.431 Y128.656 E106.92947
G1 X119.609 Y128.656 E106.97925
G1 X91.344 Y100.391 E109.4
G1 X91.344 Y101.214 E109.44984
G1 X118.786 Y128.656 E111.8001
G1 X117.964 Y128.656 E111.84988
G1 X91.344 Y102.036 E114.12974
G1 X91.344 Y102.858 E114.17952
G1 X117.142 Y128.656 E116.38898
G1 X116.319 Y128.656 E116.43882
G1 X91.344 Y103.681 E118.5778
G1 X91.344 Y104.503 E118.62758
G1 X115.497 Y128.656 E120.69616
G1 X114.674 Y128.656 E120.746
G1 X91.344 Y105.326 E122.74409
G1 X91.344 Y106.148 E122.79387
G1 X113.852 Y128.656 E124.72156
G1 X113.029 Y128.656 E124.7714
G1 X91.344 Y106.971 E126.6286
G1 X91.344 Y107.793 E126.67838
G1 X112.207 Y128.656 E128.46518
G1 X111.385 Y128.656 E128.51496
G1 X91.344 Y108.615 E130.23136
G1 X91.344 Y109.438 E130.2812
G1 X110.562 Y128.656 E131.92712
G1 X109.74 Y128.656 E131.9769
G1 X91.344 Y110.26 E133.55242
G1 X91.344 Y111.083 E133.60226
G1 X108.917 Y128.656 E135.10729
G1 X108.095 Y128.656 E135.15707
G1 X91.344 Y111.905 E136.5917
G1 X91.344 Y112.728 E136.64154
G1 X107.272 Y128.656 E138.00569
G1 X106.45 Y128.656 E138.05547
G1 X91.344 Y113.55 E139.34922
G1 X91.344 Y114.372 E139.399
G1 X105.628 Y128.656 E140.62235
G1 X104.805 Y128.656 E140.67219
G1 X91.344 Y115.195 E141.82505
G1 X91.344 Y116.017 E141.87483
G1 X103.983 Y128.656 E142.95729
G1 X103.16 Y128.656 E143.00713
G1 X91.344 Y116.84 E144.01911
G1 X91.344 Y117.662 E144.06889
G1 X102.338 Y128.656 E145.01047
G1 X101.516 Y128.656 E145.06025
G1 X91.344 Y118.484 E145.93143
G1 X91.344 Y119.307 E145.98127
G1 X100.693 Y128.656 E146.78196
G1 X99.871 Y128.656 E146.83174
G1 X91.344 Y120.129 E147.56203
G1 X91.344 Y120.952 E147.61187
G1 X99.048 Y128.656 E148.27168
G1 X98.226 Y128.656 E148.32146
G1 X91.344 Y121.774 E148.91087
G1 X91.344 Y122.597 E148.96071
G1 X97.403 Y128.656 E149.47963
G1 X96.581 Y128.656 E149.52941
G1 X91.344 Y123.419 E149.97793
G1 X91.344 Y124.241 E150.02771
G1 X95.759 Y128.656 E150.40583
G1 X94.936 Y128.656 E150.45567
G1 X91.344 Y125.064 E150.76331
G1 X91.344 Y125.886 E150.81309
G1 X94.114 Y128.656 E151.05033
G1 X93.291 Y128.656 E151.10017
G1 X91.344 Y126.709 E151.26692
G1 X91.344 Y127.531 E151.3167
G1 X92.469 Y128.656 E151.41305
G1 X91.646 Y128.656 E151.46289
G1 X91.161 Y128.17 E151.50447
;LAYER_CHANGE
;Z:8.7
;HEIGHT:0.2
G1 E149.50447 F2400
G92 E0
G1 Z8.7 F7800
G1 X128.961 Y128.961
G1 E2 F2400
;TYPE:Perimeter
;WIDTH:0.449999
G1 F3254
G1 X91.039 Y128.961 E3.28361
G1 X91.039 Y91.039 E4.56722
G1 X128.961 Y91.039 E5.85083
G1 X128.961 Y128.901 E7.13241
G1 X129.368 Y129.368 F7800
G1 F3254
G1 X90.632 Y129.368 E8.44358
G1 X90.632 Y90.632 E9.75475
G1 X129.368 Y90.632 E11.06592
G1 X129.368 Y129.308 E12.37505
G1 X129.775 Y129.775 F7800
;TYPE:External perimeter
G1 F2400
G1 X90.225 Y129.775 E13.71377
G1 X90.225 Y90.225 E15.05249
G1 X129.775 Y90.225 E16.39121
M73 Q25 S82
G1 X129.775 Y129.715 E17.7279
G1 X129.379 Y129.774 F7800
M73 P25 R80
;LAYER_CHANGE
;Z:8.9
;HEIGHT:0.2
G1 Z8.9 F7800
G1 X128.961 Y128.961
;TYPE:Perimeter
G1 F4800
G1 X91.039 Y128.961 E19.01151
G1 X91.039 Y91.039 E20.29512
G1 X128.961 Y91.039 E21.57873
G1 X128.961 Y128.901 E22.86031
G1 X129.368 Y129.368 F7800
G1 F4800
G1 X90.632 Y129.368 E24.17148
G1 X90.632 Y90.632 E25.48265
G1 X129.368 Y90.632 E26.79382
G1 X129.368 Y129.308 E28.10295
G1 X129.775 Y129.775 F7800
;TYPE:External perimeter
G1 F2400
G1 X90.225 Y129.775 E29.44167
G1 X90.225 Y90.225 E30.78039
M73 P26 R80
G1 X129.775 Y90.225 E32.11911
G1 X129.775 Y129.715 E33.4558
G1 X129.379 Y129.774 F7800
G1 X128.17 Y128.839
;TYPE:Internal infill
;WIDTH:0.45
;HEIGHT:0.4
G1 F4800
G1 X128.656 Y128.354 E33.49738
G1 X128.656 Y127.531 E33.54722
G1 X127.531 Y128.656 E33.64357
G1 X126.709 Y128.656 E33.69335
G1 X128.656 Y126.709 E33.8601
G1 X128.656 Y125.886 E33.90994
G1 X125.886 Y128.656 E34.14718
G1 X125.064 Y128.656 E34.19696
G1 X128.656 Y125.064 E34.5046
G1 X128.656 Y124.241 E34.55444
G1 X124.241 Y128.656 E34.93256
G1 X123.419 Y128.656 E34.98234
G1 X128.656 Y123.419 E35.43086
G1 X128.656 Y122.597 E35.48064
G1 X122.597 Y128.656 E35.99956
G1 X121.774 Y128.656 E36.0494
G1 X128.656 Y121.774 E36.63881
G1 X128.656 Y120.952 E36.68859
G1 X120.952 Y128.656 E37.3484
G1 X120.129 Y128.656 E37.39824
G1 X128.656 Y120.129 E38.12853
G1 X128.656 Y119.307 E38.17831
G1 X119.307 Y128.656 E38.979
G1 X118.484 Y128.656 E39.02884
G1 X128.656 Y118.484 E39.90002
G1 X128.656 Y117.662 E39.9498
G1 X117.662 Y128.656 E40.89138
G1 X116.84 Y128.656 E40.94116
G1 X128.656 Y116.84 E41.95314
G1 X128.656 Y116.017 E42.00298
G1 X116.017 Y128.656 E43.08544
G1 X115.195 Y128.656 E43.13522
G1 X128.656 Y115.195 E44.28808
G1 X128.656 Y114.372 E44.33792
G1 X114.372 Y128.656 E45.56127
G1 X113.55 Y128.656 E45.61105
G1 X128.656 Y113.55 E46.9048
G1 X128.656 Y112.728 E46.95458
G1 X112.728 Y128.656 E48.31873
G1 X111.905 Y128.656 E48.36857
G1 X128.656 Y111.905 E49.8032
G1 X128.656 Y111.083 E49.85298
G1 X111.083 Y128.656 E51.35801
G1 X110.26 Y128.656 E51.40785
M73 Q26 S82
G1 X128.656 Y110.26 E52.98337
G1 X128.656 Y109.438 E53.03315
G1 X109.438 Y128.656 E54.67907
G1 X108.615 Y128.656 E54.72891
G1 X128.656 Y108.615 E56.44531
G1 X128.656 Y107.793 E56.49509
G1 X107.793 Y128.656 E58.28189
G1 X106.971 Y128.656 E58.33167
G1 X128.656 Y106.971 E60.18887
G1 X128.656 Y106.148 E60.23871
G1 X106.148 Y128.656 E62.1664
G1 X105.326 Y128.656 E62.21618
G1 X128.656 Y105.326 E64.21427
G1 X128.656 Y104.503 E64.26411
G1 X104.503 Y128.656 E66.33269
G1 X103.681 Y128.656 E66.38247
G1 X128.656 Y103.681 E68.52145
G1 X128.656 Y102.858 E68.57129
G1 X102.858 Y128.656 E70.78075
G1 X102.036 Y128.656 E70.83053
G1 X128.656 Y102.036 E73.11039
G1 X128.656 Y101.214 E73.16017
G1 X101.214 Y128.656 E75.51043
G1 X100.391 Y128.656 E75.56027
G1 X128.656 Y100.391 E77.98102
G1 X128.656 Y99.569 E78.0308
G1 X99.569 Y128.656 E80.52195
G1 X98.746 Y128.656 E80.57179
G1 X128.656 Y98.746 E83.13342
G1 X128.656 Y97.924 E83.1832
G1 X97.924 Y128.656 E85.81523
G1 X97.101 Y128.656 E85.86507
G1 X128.656 Y97.101 E88.56759
G1 X128.656 Y96.279 E88.61737
G1 X96.279 Y128.656 E91.39029
G1 X95.457 Y128.656 E91.44007
G1 X128.656 Y95.457 E94.28339
G1 X128.656 Y94.634 E94.33323
G1 X94.634 Y128.656 E97.24703
G1 X93.812 Y128.656 E97.29681
G1 X128.656 Y93.812 E100.28101
G1 X128.656 Y92.989 E100.33085
G1 X92.989 Y128.656 E103.38554
G1 X92.167 Y128.656 E103.43532
G1 X128.656 Y92.167 E106.56041
G1 X128.656 Y91.344 E106.61025
G1 X91.344 Y128.656 E109.80582
G1 X91.344 Y127.833 E109.85566
G1 X127.833 Y91.344 E112.98075
G1 X127.011 Y91.344 E113.03053
G1 X91.344 Y127.011 E116.08522
G1 X91.344 Y126.188 E116.13506
G1 X126.188 Y91.344 E119.11926
G1 X125.366 Y91.344 E119.16904
G1 X91.344 Y125.366 E122.08284
G1 X91.344 Y124.543 E122.13268
G1 X124.543 Y91.344 E124.976
G1 X123.721 Y91.344 E125.02578
G1 X91.344 Y123.721 E127.7987
G1 X91.344 Y122.899 E127.84848
G1 X122.899 Y91.344 E130.551
G1 X122.076 Y91.344 E130.60084
G1 X91.344 Y122.076 E133.23287
G1 X91.344 Y121.254 E133.28265
G1 X121.254 Y91.344 E135.84428
G1 X120.431 Y91.344 E135.89412
G1 X91.344 Y120.431 E138.38527
G1 X91.344 Y119.609 E138.43505
G1 X119.609 Y91.344 E140.8558
G1 X118.786 Y91.344 E140.90564
G1 X91.344 Y118.786 E143.2559
G1 X91.344 Y117.964 E143.30568
G1 X117.964 Y91.344 E145.58554
G1 X117.142 Y91.344 E145.63532
G1 X91.344 Y117.142 E147.84478
G1 X91.344 Y116.319 E147.89462
G1 X116.319 Y91.344 E150.0336
G1 X115.497 Y91.344 E150.08338
G1 X91.344 Y115.497 E152.15196
G1 X91.344 Y114.674 E152.2018
G1 X114.674 Y91.344 E154.19989
G1 X113.852 Y91.344 E154.24967
G1 X91.344 Y113.852 E156.17736
G1 X91.344 Y113.029 E156.2272
G1 X113.029 Y91.344 E158.0844
G1 X112.207 Y91.344 E158.13418
G1 X91.344 Y112.207 E159.92098
G1 X91.344 Y111.385 E159.97076
G1 X111.385 Y91.344 E161.68716
G1 X110.562 Y91.344 E161.737
G1 X91.344 Y110.562 E163.38292
G1 X91.344 Y109.74 E163.4327
G1 X109.74 Y91.344 E165.00822
G1 X108.917 Y91.344 E165.05806
G1 X91.344 Y108.917 E166.56309
G1 X91.344 Y108.095 E166.61287
G1 X108.095 Y91.344 E168.0475
G1 X107.272 Y91.344 E168.09734
G1 X91.344 Y107.272 E169.46149
G1 X91.344 Y106.45 E169.51127
G1 X106.45 Y91.344 E170.80502
G1 X105.628 Y91.344 E170.8548
G1 X91.344 Y105.628 E172.07815
G1 X91.344 Y104.805 E172.12799
G1 X104.805 Y91.344 E173.28085
G1 X103.983 Y91.344 E173.33063
G1 X91.344 Y103.983 E174.41309
G1 X91.344 Y103.16 E174.46293
G1 X103.16 Y91.344 E175.47491
G1 X102.338 Y91.344 E175.52469
G1 X91.344 Y102.338 E176.46627
G1 X91.344 Y101.516 E176.51605
G1 X101.516 Y91.344 E177.38723
G1 X100.693 Y91.344 E177.43707
G1 X91.344 Y100.693 E178.23776
G1 X91.344 Y99.871 E178.28754
G1 X99.871 Y91.344 E179.01783
G1 X99.048 Y91.344 E179.06767
G1 X91.344 Y99.048 E179.72748
G1 X91.344 Y98.226 E179.77726
G1 X98.226 Y91.344 E180.36667
G1 X97.403 Y91.344 E180.41651
G1 X91.344 Y97.403 E180.93543
G1 X91.344 Y96.581 E180.98521
G1 X96.581 Y91.344 E181.43373
G1 X95.759 Y91.344 E181.48351
G1 X91.344 Y95.759 E181.86163
G1 X91.344 Y94.936 E181.91147
G1 X94.936 Y91.344 E182.21911
G1 X94.114 Y91.344 E182.26889
G1 X91.344 Y94.114 E182.50613
G1 X91.344 Y93.291 E182.55597
G1 X93.291 Y91.344 E182.72272
G1 X92.469 Y91.344 E182.7725
G1 X91.344 Y92.469 E182.86885
G1 X91.344 Y91.646 E182.91869
G1 X91.83 Y91.161 E182.96027
;LAYER_CHANGE
;Z:9.1
;HEIGHT:0.200001
G1 E180.96027 F2400
G92 E0
G1 Z9.1 F7800
G1 X128.961 Y128.961
G1 E2 F2400
;TYPE:Perimeter
;WIDTH:0.449999
G1 F3323
G1 X91.039 Y128.961 E3.28361
G1 X91.039 Y91.039 E4.56722
G1 X128.961 Y91.039 E5.85083
G1 X128.961 Y128.901 E7.13241
G1 X129.368 Y129.368 F7800
G1 F3323
G1 X90.632 Y129.368 E8.44358
G1 X90.632 Y90.632 E9.75475
G1 X129.368 Y90.632 E11.06592
G1 X129.368 Y129.308 E12.37505
G1 X129.775 Y129.775 F7800
;TYPE:External perimeter
G1 F2400
G1 X90.225 Y129.775 E13.71377
G1 X90.225 Y90.225 E15.05249
G1 X129.775 Y90.225 E16.39121
G1 X129.775 Y129.715 E17.7279
G1 X129.379 Y129.774 F7800
;LAYER_CHANGE
;Z:9.3
;HEIGHT:0.2
G1 Z9.3 F7800
G1 X128.961 Y128.961
;TYPE:Perimeter
G1 F4800
G1 X91.039 Y128.961 E19.01151
G1 X91.039 Y91.039 E20.29512
M73 Q26 S81
G1 X128.961 Y91.039 E21.57873
G1 X128.961 Y128.901 E22.86031
G1 X129.368 Y129.368 F7800
G1 F4800
G1 X90.632 Y129.368 E24.17148
G1 X90.632 Y90.632 E25.48265
G1 X129.368 Y90.632 E26.79382
G1 X129.368 Y129.308 E28.10295
G1 X129.775 Y129.775 F7800
M73 P26 R79
;TYPE:External perimeter
G1 F2400
G1 X90.225 Y129.775 E29.44167
G1 X90.225 Y90.225 E30.78039
G1 X129.775 Y90.225 E32.11911
G1 X129.775 Y129.715 E33.4558
G1 X129.379 Y129.774 F7800
G1 E31.4558 F2400
G92 E0
G1 X128.839 Y91.83 F7800
G1 E2 F2400
;TYPE:Internal infill
;WIDTH:0.45
;HEIGHT:0.4
G1 F4800
G1 X128.354 Y91.344 E2.04158
G1 X127.531 Y91.344 E2.09142
G1 X128.656 Y92.469 E2.18777
G1 X128.656 Y93.291 E2.23755
G1 X126.709 Y91.344 E2.4043
G1 X125.886 Y91.344 E2.45414
G1 X128.656 Y94.114 E2.69138
G1 X128.656 Y94.936 E2.74116
G1 X125.064 Y91.344 E3.0488
G1 X124.241 Y91.344 E3.09864
G1 X128.656 Y95.759 E3.47676
G1 X128.656 Y96.581 E3.52654
G1 X123.419 Y91.344 E3.97506
G1 X122.597 Y91.344 E4.02484
G1 X128.656 Y97.403 E4.54376
G1 X128.656 Y98.226 E4.5936
G1 X121.774 Y91.344 E5.18301
G1 X120.952 Y91.344 E5.23279
G1 X128.656 Y99.048 E5.8926
G1 X128.656 Y99.871 E5.94244
G1 X120.129 Y91.344 E6.67273
G1 X119.307 Y91.344 E6.72251
G1 X128.656 Y100.693 E7.5232
G1 X128.656 Y101.516 E7.57304
G1 X118.484 Y91.344 E8.44422
G1 X117.662 Y91.344 E8.494
G1 X128.656 Y102.338 E9.43558
G1 X128.656 Y103.16 E9.48536
G1 X116.84 Y91.344 E10.49734
G1 X116.017 Y91.344 E10.54718
G1 X128.656 Y103.983 E11.62964
G1 X128.656 Y104.805 E11.67942
G1 X115.195 Y91.344 E12.83228
G1 X114.372 Y91.344 E12.88212
G1 X128.656 Y105.628 E14.10547
G1 X128.656 Y106.45 E14.15525
G1 X113.55 Y91.344 E15.449
G1 X112.728 Y91.344 E15.49878
G1 X128.656 Y107.272 E16.86293
G1 X128.656 Y108.095 E16.91277
G1 X111.905 Y91.344 E18.3474
G1 X111.083 Y91.344 E18.39718
G1 X128.656 Y108.917 E19.90221
G1 X128.656 Y109.74 E19.95205
G1 X110.26 Y91.344 E21.52757
G1 X109.438 Y91.344 E21.57735
G1 X128.656 Y110.562 E23.22327
G1 X128.656 Y111.385 E23.27311
G1 X108.615 Y91.344 E24.98951
G1 X107.793 Y91.344 E25.03929
G1 X128.656 Y112.207 E26.82609
G1 X128.656 Y113.029 E26.87587
M73 P27 R79
G1 X106.971 Y91.344 E28.73307
G1 X106.148 Y91.344 E28.78291
G1 X128.656 Y113.852 E30.7106
G1 X128.656 Y114.674 E30.76038
G1 X105.326 Y91.344 E32.75847
G1 X104.503 Y91.344 E32.80831
G1 X128.656 Y115.497 E34.87689
G1 X128.656 Y116.319 E34.92667
G1 X103.681 Y91.344 E37.06565
G1 X102.858 Y91.344 E37.11549
G1 X128.656 Y117.142 E39.32495
G1 X128.656 Y117.964 E39.37473
G1 X102.036 Y91.344 E41.65459
G1 X101.214 Y91.344 E41.70437
G1 X128.656 Y118.786 E44.05463
G1 X128.656 Y119.609 E44.10447
G1 X100.391 Y91.344 E46.52522
G1 X99.569 Y91.344 E46.575
G1 X128.656 Y120.431 E49.06615
G1 X128.656 Y121.254 E49.11599
G1 X98.746 Y91.344 E51.67762
G1 X97.924 Y91.344 E51.7274
G1 X128.656 Y122.076 E54.35943
G1 X128.656 Y122.899 E54.40927
G1 X97.101 Y91.344 E57.11179
G1 X96.279 Y91.344 E57.16157
G1 X128.656 Y123.721 E59.93449
G1 X128.656 Y124.543 E59.98427
M73 Q27 S81
G1 X95.457 Y91.344 E62.82759
G1 X94.634 Y91.344 E62.87743
G1 X128.656 Y125.366 E65.79123
G1 X128.656 Y126.188 E65.84101
G1 X93.812 Y91.344 E68.82521
G1 X92.989 Y91.344 E68.87505
G1 X128.656 Y127.011 E71.92974
G1 X128.656 Y127.833 E71.97952
G1 X92.167 Y91.344 E75.10461
G1 X91.344 Y91.344 E75.15445
G1 X128.656 Y128.656 E78.35002
G1 X127.833 Y128.656 E78.39986
G1 X91.344 Y92.167 E81.52495
G1 X91.344 Y92.989 E81.57473
G1 X127.011 Y128.656 E84.62942
G1 X126.188 Y128.656 E84.67926
G1 X91.344 Y93.812 E87.66346
G1 X91.344 Y94.634 E87.71324
G1 X125.366 Y128.656 E90.62704
G1 X124.543 Y128.656 E90.67688
G1 X91.344 Y95.457 E93.5202
G1 X91.344 Y96.279 E93.56998
G1 X123.721 Y128.656 E96.3429
G1 X122.899 Y128.656 E96.39268
G1 X91.344 Y97.101 E99.0952
G1 X91.344 Y97.924 E99.14504
G1 X122.076 Y128.656 E101.77707
G1 X121.254 Y128.656 E101.82685
G1 X91.344 Y98.746 E104.38848
G1 X91.344 Y99.569 E104.43832
G1 X120.431 Y128.656 E106.92947
G1 X119.609 Y128.656 E106.97925
G1 X91.344 Y100.391 E109.4
G1 X91.344 Y101.214 E109.44984
G1 X118.786 Y128.656 E111.8001
G1 X117.964 Y128.656 E111.84988
G1 X91.344 Y102.036 E114.12974
G1 X91.344 Y102.858 E114.17952
G1 X117.142 Y128.656 E116.38898
G1 X116.319 Y128.656 E116.43882
G1 X91.344 Y103.681 E118.5778
G1 X91.344 Y104.503 E118.62758
G1 X115.497 Y128.656 E120.69616
G1 X114.674 Y128.656 E120.746
G1 X91.344 Y105.326 E122.74409
G1 X91.344 Y106.148 E122.79387
G1 X113.852 Y128.656 E124.72156
G1 X113.029 Y128.656 E124.7714
G1 X91.344 Y106.971 E126.6286
G1 X91.344 Y107.793 E126.67838
G1 X112.207 Y128.656 E128.46518
G1 X111.385 Y128.656 E128.51496
G1 X91.344 Y108.615 E130.23136
G1 X91.344 Y109.438 E130.2812
G1 X110.562 Y128.656 E131.92712
G1 X109.74 Y128.656 E131.9769
G1 X91.344 Y110.26 E133.55242
G1 X91.344 Y111.083 E133.60226
G1 X108.917 Y128.656 E135.10729
G1 X108.095 Y128.656 E135.15707
G1 X91.344 Y111.905 E136.5917
G1 X91.344 Y112.728 E136.64154
G1 X107.272 Y128.656 E138.00569
G1 X106.45 Y128.656 E138.05547
G1 X91.344 Y113.55 E139.34922
G1 X91.344 Y114.372 E139.399
G1 X105.628 Y128.656 E140.62235
G1 X104.805 Y128.656 E140.67219
G1 X91.344 Y115.195 E141.82505
G1 X91.344 Y116.017 E141.87483
G1 X103.983 Y128.656 E142.95729
G1 X103.16 Y128.656 E143.00713
G1 X91.344 Y116.84 E144.01911
G1 X91.344 Y117.662 E144.06889
G1 X102.338 Y128.656 E145.01047
G1 X101.516 Y128.656 E145.06025
G1 X91.344 Y118.484 E145.93143
G1 X91.344 Y119.307 E145.98127
G1 X100.693 Y128.656 E146.78196
G1 X99.871 Y128.656 E146.83174
G1 X91.344 Y120.129 E147.56203
G1 X91.344 Y120.952 E147.61187
G1 X99.048 Y128.656 E148.27168
G1 X98.226 Y128.656 E148.32146
G1 X91.344 Y121.774 E148.91087
G1 X91.344 Y122.597 E148.96071
G1 X97.403 Y128.656 E149.47963
G1 X96.581 Y128.656 E149.52941
G1 X91.344 Y123.419 E149.97793
G1 X91.344 Y124.241 E150.02771
G1 X95.759 Y128.656 E150.40583
G1 X94.936 Y128.656 E150.45567
G1 X91.344 Y125.064 E150.76331
G1 X91.344 Y125.886 E150.81309
G1 X94.114 Y128.656 E151.05033
G1 X93.291 Y128.656 E151.10017
G1 X91.344 Y126.709 E151.26692
G1 X91.344 Y127.531 E151.3167
G1 X92.469 Y128.656 E151.41305
G1 X91.646 Y128.656 E151.46289
G1 X91.161 Y128.17 E151.50447
;LAYER_CHANGE
;Z:9.5
;HEIGHT:0.2
G1 E149.50447 F2400
G92 E0
G1 Z9.5 F7800
G1 X128.961 Y128.961
G1 E2 F2400
;TYPE:Perimeter
;WIDTH:0.449999
G1 F3254
G1 X91.039 Y128.961 E3.28361
G1 X91.039 Y91.039 E4.56722
G1 X128.961 Y91.039 E5.85083
G1 X128.961 Y128.901 E7.13241
G1 X129.368 Y129.368 F7800
G1 F3254
G1 X90.632 Y129.368 E8.44358
G1 X90.632 Y90.632 E9.75475
G1 X129.368 Y90.632 E11.06592
G1 X129.368 Y129.308 E12.37505
G1 X129.775 Y129.775 F7800
;TYPE:External perimeter
G1 F2400
G1 X90.225 Y129.775 E13.71377
G1 X90.225 Y90.225 E15.05249
G1 X129.775 Y90.225 E16.39121
G1 X129.775 Y129.715 E17.7279
G1 X129.379 Y129.774 F7800
;LAYER_CHANGE
;Z:9.7
;HEIGHT:0.2
G1 Z9.7 F7800
G1 X128.961 Y128.961
;TYPE:Perimeter
G1 F4800
G1 X91.039 Y128.961 E19.01151
G1 X91.039 Y91.039 E20.29512
G1 X128.961 Y91.039 E21.57873
G1 X128.961 Y128.901 E22.86031
G1 X129.368 Y129.368 F7800
G1 F4800
G1 X90.632 Y129.368 E24.17148
G1 X90.632 Y90.632 E25.48265
G1 X129.368 Y90.632 E26.79382
M73 Q27 S80
G1 X129.368 Y129.308 E28.10295
G1 X129.775 Y129.775 F7800
;TYPE:External perimeter
G1 F2400
G1 X90.225 Y129.775 E29.44167
G1 X90.225 Y90.225 E30.78039
G1 X129.775 Y90.225 E32.11911
G1 X129.775 Y129.715 E33.4558
G1 X129.379 Y129.774 F7800
M73 P27 R78
G1 X128.17 Y128.839
;TYPE:Internal infill
;WIDTH:0.45
;HEIGHT:0.4
G1 F4800
G1 X128.656 Y128.354 E33.49738
G1 X128.656 Y127.531 E33.54722
G1 X127.531 Y128.656 E33.64357
G1 X126.709 Y128.656 E33.69335
G1 X128.656 Y126.709 E33.8601
G1 X128.656 Y125.886 E33.90994
G1 X125.886 Y128.656 E34.14718
G1 X125.064 Y128.656 E34.19696
G1 X128.656 Y125.064 E34.5046
G1 X128.656 Y124.241 E34.55444
G1 X124.241 Y128.656 E34.93256
G1 X123.419 Y128.656 E34.98234
G1 X128.656 Y123.419 E35.43086
G1 X128.656 Y122.597 E35.48064
G1 X122.597 Y128.656 E35.99956
G1 X121.774 Y128.656 E36.0494
G1 X128.656 Y121.774 E36.63881
G1 X128.656 Y120.952 E36.68859
G1 X120.952 Y128.656 E37.3484
G1 X120.129 Y128.656 E37.39824
G1 X128.656 Y120.129 E38.12853
G1 X128.656 Y119.307 E38.17831
G1 X119.307 Y128.656 E38.979
G1 X118.484 Y128.656 E39.02884
G1 X128.656 Y118.484 E39.90002
G1 X128.656 Y117.662 E39.9498
G1 X117.662 Y128.656 E40.89138
G1 X116.84 Y128.656 E40.94116
G1 X128.656 Y116.84 E41.95314
G1 X128.656 Y116.017 E42.00298
G1 X116.017 Y128.656 E43.08544
G1 X115.195 Y128.656 E43.13522
G1 X128.656 Y115.195 E44.28808
G1 X128.656 Y114.372 E44.33792
G1 X114.372 Y128.656 E45.56127
G1 X113.55 Y128.656 E45.61105
G1 X128.656 Y113.55 E46.9048
G1 X128.656 Y112.728 E46.95458
G1 X112.728 Y128.656 E48.31873
G1 X111.905 Y128.656 E48.36857
G1 X128.656 Y111.905 E49.8032
G1 X128.656 Y111.083 E49.85298
G1 X111.083 Y128.656 E51.35801
G1 X110.26 Y128.656 E51.40785
G1 X128.656 Y110.26 E52.98337
G1 X128.656 Y109.438 E53.03315
G1 X109.438 Y128.656 E54.67907
G1 X108.615 Y128.656 E54.72891
G1 X128.656 Y108.615 E56.44531
G1 X128.656 Y107.793 E56.49509
G1 X107.793 Y128.656 E58.28189
G1 X106.971 Y128.656 E58.33167
G1 X128.656 Y106.971 E60.18887
G1 X128.656 Y106.148 E60.23871
G1 X106.148 Y128.656 E62.1664
G1 X105.326 Y128.656 E62.21618
G1 X128.656 Y105.326 E64.21427
G1 X128.656 Y104.503 E64.26411
G1 X104.503 Y128.656 E66.33269
G1 X103.681 Y128.656 E66.38247
G1 X128.656 Y103.681 E68.52145
G1 X128.656 Y102.858 E68.57129
G1 X102.858 Y128.656 E70.78075
G1 X102.036 Y128.656 E70.83053
G1 X128.656 Y102.036 E73.11039
G1 X128.656 Y101.214 E73.16017
G1 X101.214 Y128.656 E75.51043
G1 X100.391 Y128.656 E75.56027
G1 X128.656 Y100.391 E77.98102
G1 X128.656 Y99.569 E78.0308
G1 X99.569 Y128.656 E80.52195
G1 X98.746 Y128.656 E80.57179
G1 X128.656 Y98.746 E83.13342
G1 X128.656 Y97.924 E83.1832
G1 X97.924 Y128.656 E85.81523
G1 X97.101 Y128.656 E85.86507
G1 X128.656 Y97.101 E88.56759
G1 X128.656 Y96.279 E88.61737
G1 X96.279 Y128.656 E91.39029
G1 X95.457 Y128.656 E91.44007
G1 X128.656 Y95.457 E94.28339
G1 X128.656 Y94.634 E94.33323
G1 X94.634 Y128.656 E97.24703
G1 X93.812 Y128.656 E97.29681
G1 X128.656 Y93.812 E100.28101
G1 X128.656 Y92.989 E100.33085
G1 X92.989 Y128.656 E103.38554
G1 X92.167 Y128.656 E103.43532
M73 P28 R78
G1 X128.656 Y92.167 E106.56041
G1 X128.656 Y91.344 E106.61025
G1 X91.344 Y128.656 E109.80582
G1 X91.344 Y127.833 E109.85566
G1 X127.833 Y91.344 E112.98075
G1 X127.011 Y91.344 E113.03053
G1 X91.344 Y127.011 E116.08522
G1 X91.344 Y126.188 E116.13506
G1 X126.188 Y91.344 E119.11926
G1 X125.366 Y91.344 E119.16904
G1 X91.344 Y125.366 E122.08284
G1 X91.344 Y124.543 E122.13268
G1 X124.543 Y91.344 E124.976
G1 X123.721 Y91.344 E125.02578
G1 X91.344 Y123.721 E127.7987
G1 X91.344 Y122.899 E127.84848
G1 X122.899 Y91.344 E130.551
G1 X122.076 Y91.344 E130.60084
G1 X91.344 Y122.076 E133.23287
G1 X91.344 Y121.254 E133.28265
G1 X121.254 Y91.344 E135.84428
G1 X120.431 Y91.344 E135.89412
M73 Q28 S80
G1 X91.344 Y120.431 E138.38527
G1 X91.344 Y119.609 E138.43505
G1 X119.609 Y91.344 E140.8558
G1 X118.786 Y91.344 E140.90564
G1 X91.344 Y118.786 E143.2559
G1 X91.344 Y117.964 E143.30568
G1 X117.964 Y91.344 E145.58554
G1 X117.142 Y91.344 E145.63532
G1 X91.344 Y117.142 E147.84478
G1 X91.344 Y116.319 E147.89462
G1 X116.319 Y91.344 E150.0336
G1 X115.497 Y91.344 E150.08338
G1 X91.344 Y115.497 E152.15196
G1 X91.344 Y114.674 E152.2018
G1 X114.674 Y91.344 E154.19989
G1 X113.852 Y91.344 E154.24967
G1 X91.344 Y113.852 E156.17736
G1 X91.344 Y113.029 E156.2272
G1 X113.029 Y91.344 E158.0844
G1 X112.207 Y91.344 E158.13418
G1 X91.344 Y112.207 E159.92098
G1 X91.344 Y111.385 E159.97076
G1 X111.385 Y91.344 E161.68716
G1 X110.562 Y91.344 E161.737
G1 X91.344 Y110.562 E163.38292
G1 X91.344 Y109.74 E163.4327
G1 X109.74 Y91.344 E165.00822
G1 X108.917 Y91.344 E165.05806
G1 X91.344 Y108.917 E166.56309
G1 X91.344 Y108.095 E166.61287
G1 X108.095 Y91.344 E168.0475
G1 X107.272 Y91.344 E168.09734
G1 X91.344 Y107.272 E169.46149
G1 X91.344 Y106.45 E169.51127
G1 X106.45 Y91.344 E170.80502
G1 X105.628 Y91.344 E170.8548
G1 X91.344 Y105.628 E172.07815
G1 X91.344 Y104.805 E172.12799
G1 X104.805 Y91.344 E173.28085
G1 X103.983 Y91.344 E173.33063
G1 X91.344 Y103.983 E174.41309
G1 X91.344 Y103.16 E174.46293
G1 X103.16 Y91.344 E175.47491
G1 X102.338 Y91.344 E175.52469
G1 X91.344 Y102.338 E176.46627
G1 X91.344 Y101.516 E176.51605
G1 X101.516 Y91.344 E177.38723
G1 X100.693 Y91.344 E177.43707
G1 X91.344 Y100.693 E178.23776
G1 X91.344 Y99.871 E178.28754
G1 X99.871 Y91.344 E179.01783
G1 X99.048 Y91.344 E179.06767
G1 X91.344 Y99.048 E179.72748
G1 X91.344 Y98.226 E179.77726
G1 X98.226 Y91.344 E180.36667
G1 X97.403 Y91.344 E180.41651
G1 X91.344 Y97.403 E180.93543
G1 X91.344 Y96.581 E180.98521
G1 X96.581 Y91.344 E181.43373
G1 X95.759 Y91.344 E181.48351
G1 X91.344 Y95.759 E181.86163
G1 X91.344 Y94.936 E181.91147
G1 X94.936 Y91.344 E182.21911
G1 X94.114 Y91.344 E182.26889
G1 X91.344 Y94.114 E182.50613
G1 X91.344 Y93.291 E182.55597
G1 X93.291 Y91.344 E182.72272
G1 X92.469 Y91.344 E182.7725
G1 X91.344 Y92.469 E182.86885
G1 X91.344 Y91.646 E182.91869
G1 X91.83 Y91.161 E182.96027
;LAYER_CHANGE
;Z:9.9
;HEIGHT:0.2
G1 E180.96027 F2400
G92 E0
G1 Z9.9 F7800
G1 X128.961 Y128.961
G1 E2 F2400
;TYPE:Perimeter
;WIDTH:0.449999
G1 F3323
G1 X91.039 Y128.961 E3.28361
G1 X91.039 Y91.039 E4.56722
G1 X128.961 Y91.039 E5.85083
G1 X128.961 Y128.901 E7.13241
G1 X129.368 Y129.368 F7800
G1 F3323
G1 X90.632 Y129.368 E8.44358
G1 X90.632 Y90.632 E9.75475
G1 X129.368 Y90.632 E11.06592
G1 X129.368 Y129.308 E12.37505
G1 X129.775 Y129.775 F7800
;TYPE:External perimeter
G1 F2400
G1 X90.225 Y129.775 E13.71377
G1 X90.225 Y90.225 E15.05249
G1 X129.775 Y90.225 E16.39121
G1 X129.775 Y129.715 E17.7279
G1 X129.379 Y129.774 F7800
;LAYER_CHANGE
;Z:10.1
;HEIGHT:0.200001
G1 Z10.1 F7800
G1 X128.961 Y128.961
;TYPE:Perimeter
G1 F4800
G1 X91.039 Y128.961 E19.01151
G1 X91.039 Y91.039 E20.29512
G1 X128.961 Y91.039 E21.57873
G1 X128.961 Y128.901 E22.86031
G1 X129.368 Y129.368 F7800
G1 F4800
G1 X90.632 Y129.368 E24.17148
G1 X90.632 Y90.632 E25.48265
G1 X129.368 Y90.632 E26.79382
G1 X129.368 Y129.308 E28.10295
G1 X129.775 Y129.775 F7800
;TYPE:External perimeter
G1 F2400
G1 X90.225 Y129.775 E29.44167
G1 X90.225 Y90.225 E30.78039
G1 X129.775 Y90.225 E32.11911
M73 Q28 S79
G1 X129.775 Y129.715 E33.4558
G1 X129.379 Y129.774 F7800
G1 E31.4558 F2400
G92 E0
G1 X128.839 Y91.83 F7800
G1 E2 F2400
;TYPE:Internal infill
;WIDTH:0.45
;HEIGHT:0.4
G1 F4800
G1 X128.354 Y91.344 E2.04158
G1 X127.531 Y91.344 E2.09142
G1 X128.656 Y92.469 E2.18777
G1 X128.656 Y93.291 E2.23755
G1 X126.709 Y91.344 E2.4043
G1 X125.886 Y91.344 E2.45414
G1 X128.656 Y94.114 E2.69138
G1 X128.656 Y94.936 E2.74116
G1 X125.064 Y91.344 E3.0488
G1 X124.241 Y91.344 E3.09864
G1 X128.656 Y95.759 E3.47676
G1 X128.656 Y96.581 E3.52654
G1 X123.419 Y91.344 E3.97506
G1 X122.597 Y91.344 E4.02484
G1 X128.656 Y97.403 E4.54376
G1 X128.656 Y98.226 E4.5936
G1 X121.774 Y91.344 E5.18301
G1 X120.952 Y91.344 E5.23279
G1 X128.656 Y99.048 E5.8926
G1 X128.656 Y99.871 E5.94244
G1 X120.129 Y91.344 E6.67273
G1 X119.307 Y91.344 E6.72251
G1 X128.656 Y100.693 E7.5232
G1 X128.656 Y101.516 E7.57304
G1 X118.484 Y91.344 E8.44422
G1 X117.662 Y91.344 E8.494
G1 X128.656 Y102.338 E9.43558
G1 X128.656 Y103.16 E9.48536
G1 X116.84 Y91.344 E10.49734
G1 X116.017 Y91.344 E10.54718
G1 X128.656 Y103.983 E11.62964
G1 X128.656 Y104.805 E11.67942
G1 X115.195 Y91.344 E12.83228
G1 X114.372 Y91.344 E12.88212
G1 X128.656 Y105.628 E14.10547
G1 X128.656 Y106.45 E14.15525
G1 X113.55 Y91.344 E15.449
G1 X112.728 Y91.344 E15.49878
G1 X128.656 Y107.272 E16.86293
G1 X128.656 Y108.095 E16.91277
M73 P28 R77
G1 X111.905 Y91.344 E18.3474
G1 X111.083 Y91.344 E18.39718
G1 X128.656 Y108.917 E19.90221
G1 X128.656 Y109.74 E19.95205
G1 X110.26 Y91.344 E21.52757
G1 X109.438 Y91.344 E21.57735
G1 X128.656 Y110.562 E23.22327
G1 X128.656 Y111.385 E23.27311
G1 X108.615 Y91.344 E24.98951
G1 X107.793 Y91.344 E25.03929
G1 X128.656 Y112.207 E26.82609
G1 X128.656 Y113.029 E26.87587
G1 X106.971 Y91.344 E28.73307
G1 X106.148 Y91.344 E28.78291
G1 X128.656 Y113.852 E30.7106
G1 X128.656 Y114.674 E30.76038
G1 X105.326 Y91.344 E32.75847
G1 X104.503 Y91.344 E32.80831
G1 X128.656 Y115.497 E34.87689
G1 X128.656 Y116.319 E34.92667
G1 X103.681 Y91.344 E37.06565
G1 X102.858 Y91.344 E37.11549
G1 X128.656 Y117.142 E39.32495
G1 X128.656 Y117.964 E39.37473
G1 X102.036 Y91.344 E41.65459
G1 X101.214 Y91.344 E41.70437
G1 X128.656 Y118.786 E44.05463
G1 X128.656 Y119.609 E44.10447
G1 X100.391 Y91.344 E46.52522
G1 X99.569 Y91.344 E46.575
G1 X128.656 Y120.431 E49.06615
G1 X128.656 Y121.254 E49.11599
G1 X98.746 Y91.344 E51.67762
G1 X97.924 Y91.344 E51.7274
G1 X128.656 Y122.076 E54.35943
G1 X128.656 Y122.899 E54.40927
G1 X97.101 Y91.344 E57.11179
G1 X96.279 Y91.344 E57.16157
G1 X128.656 Y123.721 E59.93449
G1 X128.656 Y124.543 E59.98427
G1 X95.457 Y91.344 E62.82759
G1 X94.634 Y91.344 E62.87743
G1 X128.656 Y125.366 E65.79123
G1 X128.656 Y126.188 E65.84101
G1 X93.812 Y91.344 E68.82521
G1 X92.989 Y91.344 E68.87505
G1 X128.656 Y127.011 E71.92974
G1 X128.656 Y127.833 E71.97952
G1 X92.167 Y91.344 E75.10461
G1 X91.344 Y91.344 E75.15445
G1 X128.656 Y128.656 E78.35002
G1 X127.833 Y128.656 E78.39986
G1 X91.344 Y92.167 E81.52495
G1 X91.344 Y92.989 E81.57473
G1 X127.011 Y128.656 E84.62942
G1 X126.188 Y128.656 E84.67926
G1 X91.344 Y93.812 E87.66346
G1 X91.344 Y94.634 E87.71324
G1 X125.366 Y128.656 E90.62704
G1 X124.543 Y128.656 E90.67688
G1 X91.344 Y95.457 E93.5202
G1 X91.344 Y96.279 E93.56998
G1 X123.721 Y128.656 E96.3429
G1 X122.899 Y128.656 E96.39268
G1 X91.344 Y97.101 E99.0952
G1 X91.344 Y97.924 E99.14504
G1 X122.076 Y128.656 E101.77707
G1 X121.254 Y128.656 E101.82685
G1 X91.344 Y98.746 E104.38848
G1 X91.344 Y99.569 E104.43832
G1 X120.431 Y128.656 E106.92947
G1 X119.609 Y128.656 E106.97925
G1 X91.344 Y100.391 E109.4
G1 X91.344 Y101.214 E109.44984
G1 X118.786 Y128.656 E111.8001
G1 X117.964 Y128.656 E111.84988
G1 X91.344 Y102.036 E114.12974
G1 X91.344 Y102.858 E114.17952
M73 P29 R77
G1 X117.142 Y128.656 E116.38898
G1 X116.319 Y128.656 E116.43882
G1 X91.344 Y103.681 E118.5778
G1 X91.344 Y104.503 E118.62758
G1 X115.497 Y128.656 E120.69616
G1 X114.674 Y128.656 E120.746
G1 X91.344 Y105.326 E122.74409
G1 X91.344 Y106.148 E122.79387
G1 X113.852 Y128.656 E124.72156
G1 X113.029 Y128.656 E124.7714
G1 X91.344 Y106.971 E126.6286
G1 X91.344 Y107.793 E126.67838
G1 X112.207 Y128.656 E128.46518
G1 X111.385 Y128.656 E128.51496
G1 X91.344 Y108.615 E130.23136
G1 X91.344 Y109.438 E130.2812
G1 X110.562 Y128.656 E131.92712
G1 X109.74 Y128.656 E131.9769
G1 X91.344 Y110.26 E133.55242
G1 X91.344 Y111.083 E133.60226
G1 X108.917 Y128.656 E135.10729
G1 X108.095 Y128.656 E135.15707
G1 X91.344 Y111.905 E136.5917
G1 X91.344 Y112.728 E136.64154
G1 X107.272 Y128.656 E138.00569
G1 X106.45 Y128.656 E138.05547
G1 X91.344 Y113.55 E139.34922
G1 X91.344 Y114.372 E139.399
G1 X105.628 Y128.656 E140.62235
G1 X104.805 Y128.656 E140.67219
G1 X91.344 Y115.195 E141.82505
G1 X91.344 Y116.017 E141.87483
G1 X103.983 Y128.656 E142.95729
G1 X103.16 Y128.656 E143.00713
G1 X91.344 Y116.84 E144.01911
G1 X91.344 Y117.662 E144.06889
M73 Q29 S79
G1 X102.338 Y128.656 E145.01047
G1 X101.516 Y128.656 E145.06025
G1 X91.344 Y118.484 E145.93143
G1 X91.344 Y119.307 E145.98127
G1 X100.693 Y128.656 E146.78196
G1 X99.871 Y128.656 E146.83174
G1 X91.344 Y120.129 E147.56203
G1 X91.344 Y120.952 E147.61187
G1 X99.048 Y128.656 E148.27168
G1 X98.226 Y128.656 E148.32146
G1 X91.344 Y121.774 E148.91087
G1 X91.344 Y122.597 E148.96071
G1 X97.403 Y128.656 E149.47963
G1 X96.581 Y128.656 E149.52941
G1 X91.344 Y123.419 E149.97793
G1 X91.344 Y124.241 E150.02771
G1 X95.759 Y128.656 E150.40583
G1 X94.936 Y128.656 E150.45567
G1 X91.344 Y125.064 E150.76331
G1 X91.344 Y125.886 E150.81309
G1 X94.114 Y128.656 E151.05033
G1 X93.291 Y128.656 E151.10017
G1 X91.344 Y126.709 E151.26692
G1 X91.344 Y127.531 E151.3167
G1 X92.469 Y128.656 E151.41305
G1 X91.646 Y128.656 E151.46289
G1 X91.161 Y128.17 E151.50447
;LAYER_CHANGE
;Z:10.3
;HEIGHT:0.2
G1 E149.50447 F2400
G92 E0
G1 Z10.3 F7800
G1 X128.961 Y128.961
G1 E2 F2400
;TYPE:Perimeter
;WIDTH:0.449999
G1 F3254
G1 X91.039 Y128.961 E3.28361
G1 X91.039 Y91.039 E4.56722
G1 X128.961 Y91.039 E5.85083
G1 X128.961 Y128.901 E7.13241
G1 X129.368 Y129.368 F7800
G1 F3254
G1 X90.632 Y129.368 E8.44358
G1 X90.632 Y90.632 E9.75475
G1 X129.368 Y90.632 E11.06592
G1 X129.368 Y129.308 E12.37505
G1 X129.775 Y129.775 F7800
;TYPE:External perimeter
G1 F2400
G1 X90.225 Y129.775 E13.71377
G1 X90.225 Y90.225 E15.05249
G1 X129.775 Y90.225 E16.39121
G1 X129.775 Y129.715 E17.7279
G1 X129.379 Y129.774 F7800
;LAYER_CHANGE
;Z:10.5
;HEIGHT:0.2
G1 Z10.5 F7800
G1 X128.961 Y128.961
;TYPE:Perimeter
G1 F4800
G1 X91.039 Y128.961 E19.01151
G1 X91.039 Y91.039 E20.29512
G1 X128.961 Y91.039 E21.57873
G1 X128.961 Y128.901 E22.86031
G1 X129.368 Y129.368 F7800
G1 F4800
G1 X90.632 Y129.368 E24.17148
G1 X90.632 Y90.632 E25.48265
G1 X129.368 Y90.632 E26.79382
G1 X129.368 Y129.308 E28.10295
G1 X129.775 Y129.775 F7800
;TYPE:External perimeter
G1 F2400
G1 X90.225 Y129.775 E29.44167
G1 X90.225 Y90.225 E30.78039
G1 X129.775 Y90.225 E32.11911
G1 X129.775 Y129.715 E33.4558
G1 X129.379 Y129.774 F7800
G1 X128.17 Y128.839
;TYPE:Internal infill
;WIDTH:0.45
;HEIGHT:0.4
G1 F4800
G1 X128.656 Y128.354 E33.49738
G1 X128.656 Y127.531 E33.54722
G1 X127.531 Y128.656 E33.64357
G1 X126.709 Y128.656 E33.69335
G1 X128.656 Y126.709 E33.8601
G1 X128.656 Y125.886 E33.90994
G1 X125.886 Y128.656 E34.14718
G1 X125.064 Y128.656 E34.19696
M73 Q29 S78
G1 X128.656 Y125.064 E34.5046
G1 X128.656 Y124.241 E34.55444
G1 X124.241 Y128.656 E34.93256
G1 X123.419 Y128.656 E34.98234
G1 X128.656 Y123.419 E35.43086
G1 X128.656 Y122.597 E35.48064
G1 X122.597 Y128.656 E35.99956
G1 X121.774 Y128.656 E36.0494
G1 X128.656 Y121.774 E36.63881
G1 X128.656 Y120.952 E36.68859
G1 X120.952 Y128.656 E37.3484
G1 X120.129 Y128.656 E37.39824
G1 X128.656 Y120.129 E38.12853
G1 X128.656 Y119.307 E38.17831
G1 X119.307 Y128.656 E38.979
G1 X118.484 Y128.656 E39.02884
G1 X128.656 Y118.484 E39.90002
G1 X128.656 Y117.662 E39.9498
G1 X117.662 Y128.656 E40.89138
G1 X116.84 Y128.656 E40.94116
G1 X128.656 Y116.84 E41.95314
G1 X128.656 Y116.017 E42.00298
G1 X116.017 Y128.656 E43.08544
G1 X115.195 Y128.656 E43.13522
G1 X128.656 Y115.195 E44.28808
G1 X128.656 Y114.372 E44.33792
G1 X114.372 Y128.656 E45.56127
G1 X113.55 Y128.656 E45.61105
G1 X128.656 Y113.55 E46.9048
G1 X128.656 Y112.728 E46.95458
G1 X112.728 Y128.656 E48.31873
G1 X111.905 Y128.656 E48.36857
G1 X128.656 Y111.905 E49.8032
G1 X128.656 Y111.083 E49.85298
G1 X111.083 Y128.656 E51.35801
G1 X110.26 Y128.656 E51.40785
G1 X128.656 Y110.26 E52.98337
G1 X128.656 Y109.438 E53.03315
G1 X109.438 Y128.656 E54.67907
G1 X108.615 Y128.656 E54.72891
G1 X128.656 Y108.615 E56.44531
G1 X128.656 Y107.793 E56.49509
G1 X107.793 Y128.656 E58.28189
G1 X106.971 Y128.656 E58.33167
G1 X128.656 Y106.971 E60.18887
G1 X128.656 Y106.148 E60.23871
G1 X106.148 Y128.656 E62.1664
G1 X105.326 Y128.656 E62.21618
G1 X128.656 Y105.326 E64.21427
G1 X128.656 Y104.503 E64.26411
G1 X104.503 Y128.656 E66.33269
G1 X103.681 Y128.656 E66.38247
G1 X128.656 Y103.681 E68.52145
G1 X128.656 Y102.858 E68.57129
M73 P29 R76
G1 X102.858 Y128.656 E70.78075
G1 X102.036 Y128.656 E70.83053
G1 X128.656 Y102.036 E73.11039
G1 X128.656 Y101.214 E73.16017
G1 X101.214 Y128.656 E75.51043
G1 X100.391 Y128.656 E75.56027
G1 X128.656 Y100.391 E77.98102
G1 X128.656 Y99.569 E78.0308
G1 X99.569 Y128.656 E80.52195
G1 X98.746 Y128.656 E80.57179
G1 X128.656 Y98.746 E83.13342
G1 X128.656 Y97.924 E83.1832
G1 X97.924 Y128.656 E85.81523
G1 X97.101 Y128.656 E85.86507
G1 X128.656 Y97.101 E88.56759
G1 X128.656 Y96.279 E88.61737
G1 X96.279 Y128.656 E91.39029
G1 X95.457 Y128.656 E91.44007
G1 X128.656 Y95.457 E94.28339
G1 X128.656 Y94.634 E94.33323
G1 X94.634 Y128.656 E97.24703
G1 X93.812 Y128.656 E97.29681
G1 X128.656 Y93.812 E100.28101
G1 X128.656 Y92.989 E100.33085
G1 X92.989 Y128.656 E103.38554
G1 X92.167 Y128.656 E103.43532
G1 X128.656 Y92.167 E106.56041
G1 X128.656 Y91.344 E106.61025
G1 X91.344 Y128.656 E109.80582
G1 X91.344 Y127.833 E109.85566
G1 X127.833 Y91.344 E112.98075
G1 X127.011 Y91.344 E113.03053
G1 X91.344 Y127.011 E116.08522
G1 X91.344 Y126.188 E116.13506
G1 X126.188 Y91.344 E119.11926
G1 X125.366 Y91.344 E119.16904
G1 X91.344 Y125.366 E122.08284
G1 X91.344 Y124.543 E122.13268
G1 X124.543 Y91.344 E124.976
G1 X123.721 Y91.344 E125.02578
G1 X91.344 Y123.721 E127.7987
G1 X91.344 Y122.899 E127.84848
G1 X122.899 Y91.344 E130.551
G1 X122.076 Y91.344 E130.60084
G1 X91.344 Y122.076 E133.23287
G1 X91.344 Y121.254 E133.28265
G1 X121.254 Y91.344 E135.84428
G1 X120.431 Y91.344 E135.89412
G1 X91.344 Y120.431 E138.38527
G1 X91.344 Y119.609 E138.43505
G1 X119.609 Y91.344 E140.8558
G1 X118.786 Y91.344 E140.90564
G1 X91.344 Y118.786 E143.2559
G1 X91.344 Y117.964 E143.30568
G1 X117.964 Y91.344 E145.58554
G1 X117.142 Y91.344 E145.63532
G1 X91.344 Y117.142 E147.84478
G1 X91.344 Y116.319 E147.89462
G1 X116.319 Y91.344 E150.0336
G1 X115.497 Y91.344 E150.08338
G1 X91.344 Y115.497 E152.15196
G1 X91.344 Y114.674 E152.2018
G1 X114.674 Y91.344 E154.19989
G1 X113.852 Y91.344 E154.24967
G1 X91.344 Y113.852 E156.17736
G1 X91.344 Y113.029 E156.2272
G1 X113.029 Y91.344 E158.0844
G1 X112.207 Y91.344 E158.13418
G1 X91.344 Y112.207 E159.92098
G1 X91.344 Y111.385 E159.97076
G1 X111.385 Y91.344 E161.68716
G1 X110.562 Y91.344 E161.737
G1 X91.344 Y110.562 E163.38292
G1 X91.344 Y109.74 E163.4327
G1 X109.74 Y91.344 E165.00822
G1 X108.917 Y91.344 E165.05806
G1 X91.344 Y108.917 E166.56309
G1 X91.344 Y108.095 E166.61287
G1 X108.095 Y91.344 E168.0475
G1 X107.272 Y91.344 E168.09734
G1 X91.344 Y107.272 E169.46149
G1 X91.344 Y106.45 E169.51127
G1 X106.45 Y91.344 E170.80502
G1 X105.628 Y91.344 E170.8548
G1 X91.344 Y105.628 E172.07815
G1 X91.344 Y104.805 E172.12799
G1 X104.805 Y91.344 E173.28085
G1 X103.983 Y91.344 E173.33063
G1 X91.344 Y103.983 E174.41309
G1 X91.344 Y103.16 E174.46293
G1 X103.16 Y91.344 E175.47491
G1 X102.338 Y91.344 E175.52469
G1 X91.344 Y102.338 E176.46627
G1 X91.344 Y101.516 E176.51605
G1 X101.516 Y91.344 E177.38723
G1 X100.693 Y91.344 E177.43707
G1 X91.344 Y100.693 E178.23776
G1 X91.344 Y99.871 E178.28754
G1 X99.871 Y91.344 E179.01783
G1 X99.048 Y91.344 E179.06767
G1 X91.344 Y99.048 E179.72748
G1 X91.344 Y98.226 E179.77726
G1 X98.226 Y91.344 E180.36667
G1 X97.403 Y91.344 E180.41651
G1 X91.344 Y97.403 E180.93543
G1 X91.344 Y96.581 E180.98521
G1 X96.581 Y91.344 E181.43373
G1 X95.759 Y91.344 E181.48351
G1 X91.344 Y95.759 E181.86163
G1 X91.344 Y94.936 E181.91147
G1 X94.936 Y91.344 E182.21911
G1 X94.114 Y91.344 E182.26889
G1 X91.344 Y94.114 E182.50613
G1 X91.344 Y93.291 E182.55597
G1 X93.291 Y91.344 E182.72272
G1 X92.469 Y91.344 E182.7725
G1 X91.344 Y92.469 E182.86885
G1 X91.344 Y91.646 E182.91869
G1 X91.83 Y91.161 E182.96027
;LAYER_CHANGE
;Z:10.7
;HEIGHT:0.2
G1 E180.96027 F2400
G92 E0
G1 Z10.7 F7800
G1 X128.961 Y128.961
G1 E2 F2400
M73 P30 R76
;TYPE:Perimeter
;WIDTH:0.449999
G1 F3323
G1 X91.039 Y128.961 E3.28361
G1 X91.039 Y91.039 E4.56722
G1 X128.961 Y91.039 E5.85083
G1 X128.961 Y128.901 E7.13241
G1 X129.368 Y129.368 F7800
G1 F3323
G1 X90.632 Y129.368 E8.44358
G1 X90.632 Y90.632 E9.75475
G1 X129.368 Y90.632 E11.06592
G1 X129.368 Y129.308 E12.37505
G1 X129.775 Y129.775 F7800
;TYPE:External perimeter
G1 F2400
G1 X90.225 Y129.775 E13.71377
G1 X90.225 Y90.225 E15.05249
M73 Q30 S78
G1 X129.775 Y90.225 E16.39121
G1 X129.775 Y129.715 E17.7279
G1 X129.379 Y129.774 F7800
;LAYER_CHANGE
;Z:10.9
;HEIGHT:0.2
G1 Z10.9 F7800
G1 X128.961 Y128.961
;TYPE:Perimeter
G1 F4800
G1 X91.039 Y128.961 E19.01151
G1 X91.039 Y91.039 E20.29512
G1 X128.961 Y91.039 E21.57873
G1 X128.961 Y128.901 E22.86031
G1 X129.368 Y129.368 F7800
G1 F4800
G1 X90.632 Y129.368 E24.17148
G1 X90.632 Y90.632 E25.48265
G1 X129.368 Y90.632 E26.79382
G1 X129.368 Y129.308 E28.10295
G1 X129.775 Y129.775 F7800
;TYPE:External perimeter
G1 F2400
G1 X90.225 Y129.775 E29.44167
G1 X90.225 Y90.225 E30.78039
G1 X129.775 Y90.225 E32.11911
G1 X129.775 Y129.715 E33.4558
G1 X129.379 Y129.774 F7800
G1 E31.4558 F2400
G92 E0
G1 X128.839 Y91.83 F7800
G1 E2 F2400
;TYPE:Internal infill
;WIDTH:0.45
;HEIGHT:0.4
G1 F4800
G1 X128.354 Y91.344 E2.04158
G1 X127.531 Y91.344 E2.09142
G1 X128.656 Y92.469 E2.18777
G1 X128.656 Y93.291 E2.23755
G1 X126.709 Y91.344 E2.4043
G1 X125.886 Y91.344 E2.45414
G1 X128.656 Y94.114 E2.69138
G1 X128.656 Y94.936 E2.74116
G1 X125.064 Y91.344 E3.0488
G1 X124.241 Y91.344 E3.09864
G1 X128.656 Y95.759 E3.47676
G1 X128.656 Y96.581 E3.52654
G1 X123.419 Y91.344 E3.97506
G1 X122.597 Y91.344 E4.02484
G1 X128.656 Y97.403 E4.54376
G1 X128.656 Y98.226 E4.5936
G1 X121.774 Y91.344 E5.18301
G1 X120.952 Y91.344 E5.23279
G1 X128.656 Y99.048 E5.8926
G1 X128.656 Y99.871 E5.94244
G1 X120.129 Y91.344 E6.67273
G1 X119.307 Y91.344 E6.72251
G1 X128.656 Y100.693 E7.5232
G1 X128.656 Y101.516 E7.57304
G1 X118.484 Y91.344 E8.44422
G1 X117.662 Y91.344 E8.494
G1 X128.656 Y102.338 E9.43558
G1 X128.656 Y103.16 E9.48536
G1 X116.84 Y91.344 E10.49734
G1 X116.017 Y91.344 E10.54718
G1 X128.656 Y103.983 E11.62964
G1 X128.656 Y104.805 E11.67942
M73 Q30 S77
G1 X115.195 Y91.344 E12.83228
G1 X114.372 Y91.344 E12.88212
G1 X128.656 Y105.628 E14.10547
G1 X128.656 Y106.45 E14.15525
G1 X113.55 Y91.344 E15.449
G1 X112.728 Y91.344 E15.49878
G1 X128.656 Y107.272 E16.86293
G1 X128.656 Y108.095 E16.91277
G1 X111.905 Y91.344 E18.3474
G1 X111.083 Y91.344 E18.39718
G1 X128.656 Y108.917 E19.90221
G1 X128.656 Y109.74 E19.95205
G1 X110.26 Y91.344 E21.52757
G1 X109.438 Y91.344 E21.57735
G1 X128.656 Y110.562 E23.22327
G1 X128.656 Y111.385 E23.27311
G1 X108.615 Y91.344 E24.98951
G1 X107.793 Y91.344 E25.03929
G1 X128.656 Y112.207 E26.82609
G1 X128.656 Y113.029 E26.87587
G1 X106.971 Y91.344 E28.73307
G1 X106.148 Y91.344 E28.78291
G1 X128.656 Y113.852 E30.7106
G1 X128.656 Y114.674 E30.76038
G1 X105.326 Y91.344 E32.75847
G1 X104.503 Y91.344 E32.80831
G1 X128.656 Y115.497 E34.87689
G1 X128.656 Y116.319 E34.92667
G1 X103.681 Y91.344 E37.06565
G1 X102.858 Y91.344 E37.11549
G1 X128.656 Y117.142 E39.32495
G1 X128.656 Y117.964 E39.37473
G1 X102.036 Y91.344 E41.65459
G1 X101.214 Y91.344 E41.70437
G1 X128.656 Y118.786 E44.05463
G1 X128.656 Y119.609 E44.10447
G1 X100.391 Y91.344 E46.52522
G1 X99.569 Y91.344 E46.575
G1 X128.656 Y120.431 E49.06615
G1 X128.656 Y121.254 E49.11599
G1 X98.746 Y91.344 E51.67762
G1 X97.924 Y91.344 E51.7274
G1 X128.656 Y122.076 E54.35943
G1 X128.656 Y122.899 E54.40927
M73 P30 R75
G1 X97.101 Y91.344 E57.11179
G1 X96.279 Y91.344 E57.16157
G1 X128.656 Y123.721 E59.93449
G1 X128.656 Y124.543 E59.98427
G1 X95.457 Y91.344 E62.82759
G1 X94.634 Y91.344 E62.87743
G1 X128.656 Y125.366 E65.79123
G1 X128.656 Y126.188 E65.84101
G1 X93.812 Y91.344 E68.82521
G1 X92.989 Y91.344 E68.87505
G1 X128.656 Y127.011 E71.92974
G1 X128.656 Y127.833 E71.97952
G1 X92.167 Y91.344 E75.10461
G1 X91.344 Y91.344 E75.15445
G1 X128.656 Y128.656 E78.35002
G1 X127.833 Y128.656 E78.39986
G1 X91.344 Y92.167 E81.52495
G1 X91.344 Y92.989 E81.57473
G1 X127.011 Y128.656 E84.62942
G1 X126.188 Y128.656 E84.67926
G1 X91.344 Y93.812 E87.66346
G1 X91.344 Y94.634 E87.71324
G1 X125.366 Y128.656 E90.62704
G1 X124.543 Y128.656 E90.67688
G1 X91.344 Y95.457 E93.5202
G1 X91.344 Y96.279 E93.56998
G1 X123.721 Y128.656 E96.3429
G1 X122.899 Y128.656 E96.39268
G1 X91.344 Y97.101 E99.0952
G1 X91.344 Y97.924 E99.14504
G1 X122.076 Y128.656 E101.77707
G1 X121.254 Y128.656 E101.82685
G1 X91.344 Y98.746 E104.38848
G1 X91.344 Y99.569 E104.43832
G1 X120.431 Y128.656 E106.92947
G1 X119.609 Y128.656 E106.97925
G1 X91.344 Y100.391 E109.4
G1 X91.344 Y101.214 E109.44984
G1 X118.786 Y128.656 E111.8001
G1 X117.964 Y128.656 E111.84988
G1 X91.344 Y102.036 E114.12974
G1 X91.344 Y102.858 E114.17952
G1 X117.142 Y128.656 E116.38898
G1 X116.319 Y128.656 E116.43882
G1 X91.344 Y103.681 E118.5778
G1 X91.344 Y104.503 E118.62758
G1 X115.497 Y128.656 E120.69616
G1 X114.674 Y128.656 E120.746
G1 X91.344 Y105.326 E122.74409
G1 X91.344 Y106.148 E122.79387
G1 X113.852 Y128.656 E124.72156
G1 X113.029 Y128.656 E124.7714
G1 X91.344 Y106.971 E126.6286
G1 X91.344 Y107.793 E126.67838
G1 X112.207 Y128.656 E128.46518
G1 X111.385 Y128.656 E128.51496
G1 X91.344 Y108.615 E130.23136
G1 X91.344 Y109.438 E130.2812
G1 X110.562 Y128.656 E131.92712
G1 X109.74 Y128.656 E131.9769
G1 X91.344 Y110.26 E133.55242
G1 X91.344 Y111.083 E133.60226
G1 X108.917 Y128.656 E135.10729
G1 X108.095 Y128.656 E135.15707
G1 X91.344 Y111.905 E136.5917
G1 X91.344 Y112.728 E136.64154
G1 X107.272 Y128.656 E138.00569
G1 X106.45 Y128.656 E138.05547
G1 X91.344 Y113.55 E139.34922
G1 X91.344 Y114.372 E139.399
G1 X105.628 Y128.656 E140.62235
G1 X104.805 Y128.656 E140.67219
G1 X91.344 Y115.195 E141.82505
G1 X91.344 Y116.017 E141.87483
G1 X103.983 Y128.656 E142.95729
G1 X103.16 Y128.656 E143.00713
G1 X91.344 Y116.84 E144.01911
G1 X91.344 Y117.662 E144.06889
G1 X102.338 Y128.656 E145.01047
G1 X101.516 Y128.656 E145.06025
G1 X91.344 Y118.484 E145.93143
G1 X91.344 Y119.307 E145.98127
G1 X100.693 Y128.656 E146.78196
G1 X99.871 Y128.656 E146.83174
G1 X91.344 Y120.129 E147.56203
G1 X91.344 Y120.952 E147.61187
G1 X99.048 Y128.656 E148.27168
G1 X98.226 Y128.656 E148.32146
G1 X91.344 Y121.774 E148.91087
G1 X91.344 Y122.597 E148.96071
G1 X97.403 Y128.656 E149.47963
G1 X96.581 Y128.656 E149.52941
G1 X91.344 Y123.419 E149.97793
G1 X91.344 Y124.241 E150.02771
G1 X95.759 Y128.656 E150.40583
G1 X94.936 Y128.656 E150.45567
G1 X91.344 Y125.064 E150.76331
G1 X91.344 Y125.886 E150.81309
G1 X94.114 Y128.656 E151.05033
G1 X93.291 Y128.656 E151.10017
G1 X91.344 Y126.709 E151.26692
G1 X91.344 Y127.531 E151.3167
G1 X92.469 Y128.656 E151.41305
G1 X91.646 Y128.656 E151.46289
G1 X91.161 Y128.17 E151.50447
;LAYER_CHANGE
;Z:11.1
;HEIGHT:0.200001
G1 E149.50447 F2400
G92 E0
G1 Z11.1 F7800
G1 X128.961 Y128.961
G1 E2 F2400
;TYPE:Perimeter
;WIDTH:0.449999
G1 F3254
G1 X91.039 Y128.961 E3.28361
G1 X91.039 Y91.039 E4.56722
G1 X128.961 Y91.039 E5.85083
G1 X128.961 Y128.901 E7.13241
G1 X129.368 Y129.368 F7800
G1 F3254
G1 X90.632 Y129.368 E8.44358
G1 X90.632 Y90.632 E9.75475
G1 X129.368 Y90.632 E11.06592
G1 X129.368 Y129.308 E12.37505
G1 X129.775 Y129.775 F7800
;TYPE:External perimeter
G1 F2400
G1 X90.225 Y129.775 E13.71377
G1 X90.225 Y90.225 E15.05249
G1 X129.775 Y90.225 E16.39121
G1 X129.775 Y129.715 E17.7279
G1 X129.379 Y129.774 F7800
M73 P31 R75
;LAYER_CHANGE
;Z:11.3
;HEIGHT:0.2
G1 Z11.3 F7800
G1 X128.961 Y128.961
;TYPE:Perimeter
G1 F4800
G1 X91.039 Y128.961 E19.01151
G1 X91.039 Y91.039 E20.29512
G1 X128.961 Y91.039 E21.57873
G1 X128.961 Y128.901 E22.86031
G1 X129.368 Y129.368 F7800
G1 F4800
G1 X90.632 Y129.368 E24.17148
G1 X90.632 Y90.632 E25.48265
G1 X129.368 Y90.632 E26.79382
G1 X129.368 Y129.308 E28.10295
G1 X129.775 Y129.775 F7800
;TYPE:External perimeter
G1 F2400
G1 X90.225 Y129.775 E29.44167
G1 X90.225 Y90.225 E30.78039
G1 X129.775 Y90.225 E32.11911
G1 X129.775 Y129.715 E33.4558
M73 Q31 S77
G1 X129.379 Y129.774 F7800
G1 X128.17 Y128.839
;TYPE:Internal infill
;WIDTH:0.45
;HEIGHT:0.4
G1 F4800
G1 X128.656 Y128.354 E33.49738
G1 X128.656 Y127.531 E33.54722
G1 X127.531 Y128.656 E33.64357
G1 X126.709 Y128.656 E33.69335
G1 X128.656 Y126.709 E33.8601
G1 X128.656 Y125.886 E33.90994
G1 X125.886 Y128.656 E34.14718
G1 X125.064 Y128.656 E34.19696
G1 X128.656 Y125.064 E34.5046
G1 X128.656 Y124.241 E34.55444
G1 X124.241 Y128.656 E34.93256
G1 X123.419 Y128.656 E34.98234
G1 X128.656 Y123.419 E35.43086
G1 X128.656 Y122.597 E35.48064
G1 X122.597 Y128.656 E35.99956
G1 X121.774 Y128.656 E36.0494
G1 X128.656 Y121.774 E36.63881
G1 X128.656 Y120.952 E36.68859
G1 X120.952 Y128.656 E37.3484
G1 X120.129 Y128.656 E37.39824
G1 X128.656 Y120.129 E38.12853
G1 X128.656 Y119.307 E38.17831
G1 X119.307 Y128.656 E38.979
G1 X118.484 Y128.656 E39.02884
G1 X128.656 Y118.484 E39.90002
G1 X128.656 Y117.662 E39.9498
G1 X117.662 Y128.656 E40.89138
G1 X116.84 Y128.656 E40.94116
G1 X128.656 Y116.84 E41.95314
G1 X128.656 Y116.017 E42.00298
G1 X116.017 Y128.656 E43.08544
G1 X115.195 Y128.656 E43.13522
G1 X128.656 Y115.195 E44.28808
G1 X128.656 Y114.372 E44.33792
G1 X114.372 Y128.656 E45.56127
G1 X113.55 Y128.656 E45.61105
G1 X128.656 Y113.55 E46.9048
G1 X128.656 Y112.728 E46.95458
G1 X112.728 Y128.656 E48.31873
G1 X111.905 Y128.656 E48.36857
G1 X128.656 Y111.905 E49.8032
G1 X128.656 Y111.083 E49.85298
G1 X111.083 Y128.656 E51.35801
G1 X110.26 Y128.656 E51.40785
G1 X128.656 Y110.26 E52.98337
G1 X128.656 Y109.438 E53.03315
G1 X109.438 Y128.656 E54.67907
G1 X108.615 Y128.656 E54.72891
G1 X128.656 Y108.615 E56.44531
G1 X128.656 Y107.793 E56.49509
M73 Q31 S76
G1 X107.793 Y128.656 E58.28189
G1 X106.971 Y128.656 E58.33167
G1 X128.656 Y106.971 E60.18887
G1 X128.656 Y106.148 E60.23871
G1 X106.148 Y128.656 E62.1664
G1 X105.326 Y128.656 E62.21618
G1 X128.656 Y105.326 E64.21427
G1 X128.656 Y104.503 E64.26411
G1 X104.503 Y128.656 E66.33269
G1 X103.681 Y128.656 E66.38247
G1 X128.656 Y103.681 E68.52145
G1 X128.656 Y102.858 E68.57129
G1 X102.858 Y128.656 E70.78075
G1 X102.036 Y128.656 E70.83053
G1 X128.656 Y102.036 E73.11039
G1 X128.656 Y101.214 E73.16017
G1 X101.214 Y128.656 E75.51043
G1 X100.391 Y128.656 E75.56027
G1 X128.656 Y100.391 E77.98102
G1 X128.656 Y99.569 E78.0308
G1 X99.569 Y128.656 E80.52195
G1 X98.746 Y128.656 E80.57179
G1 X128.656 Y98.746 E83.13342
G1 X128.656 Y97.924 E83.1832
G1 X97.924 Y128.656 E85.81523
G1 X97.101 Y128.656 E85.86507
G1 X128.656 Y97.101 E88.56759
G1 X128.656 Y96.279 E88.61737
G1 X96.279 Y128.656 E91.39029
G1 X95.457 Y128.656 E91.44007
G1 X128.656 Y95.457 E94.28339
G1 X128.656 Y94.634 E94.33323
G1 X94.634 Y128.656 E97.24703
G1 X93.812 Y128.656 E97.29681
G1 X128.656 Y93.812 E100.28101
G1 X128.656 Y92.989 E100.33085
G1 X92.989 Y128.656 E103.38554
G1 X92.167 Y128.656 E103.43532
G1 X128.656 Y92.167 E106.56041
G1 X128.656 Y91.344 E106.61025
M73 P31 R74
G1 X91.344 Y128.656 E109.80582
G1 X91.344 Y127.833 E109.85566
G1 X127.833 Y91.344 E112.98075
G1 X127.011 Y91.344 E113.03053
G1 X91.344 Y127.011 E116.08522
G1 X91.344 Y126.188 E116.13506
G1 X126.188 Y91.344 E119.11926
G1 X125.366 Y91.344 E119.16904
G1 X91.344 Y125.366 E122.08284
G1 X91.344 Y124.543 E122.13268
G1 X124.543 Y91.344 E124.976
G1 X123.721 Y91.344 E125.02578
G1 X91.344 Y123.721 E127.7987
G1 X91.344 Y122.899 E127.84848
G1 X122.899 Y91.344 E130.551
G1 X122.076 Y91.344 E130.60084
G1 X91.344 Y122.076 E133.23287
G1 X91.344 Y121.254 E133.28265
G1 X121.254 Y91.344 E135.84428
G1 X120.431 Y91.344 E135.89412
G1 X91.344 Y120.431 E138.38527
G1 X91.344 Y119.609 E138.43505
G1 X119.609 Y91.344 E140.8558
G1 X118.786 Y91.344 E140.90564
G1 X91.344 Y118.786 E143.2559
G1 X91.344 Y117.964 E143.30568
G1 X117.964 Y91.344 E145.58554
G1 X117.142 Y91.344 E145.63532
G1 X91.344 Y117.142 E147.84478
G1 X91.344 Y116.319 E147.89462
G1 X116.319 Y91.344 E150.0336
G1 X115.497 Y91.344 E150.08338
G1 X91.344 Y115.497 E152.15196
G1 X91.344 Y114.674 E152.2018
G1 X114.674 Y91.344 E154.19989
G1 X113.852 Y91.344 E154.24967
G1 X91.344 Y113.852 E156.17736
G1 X91.344 Y113.029 E156.2272
G1 X113.029 Y91.344 E158.0844
G1 X112.207 Y91.344 E158.13418
G1 X91.344 Y112.207 E159.92098
G1 X91.344 Y111.385 E159.97076
G1 X111.385 Y91.344 E161.68716
G1 X110.562 Y91.344 E161.737
G1 X91.344 Y110.562 E163.38292
G1 X91.344 Y109.74 E163.4327
G1 X109.74 Y91.344 E165.00822
G1 X108.917 Y91.344 E165.05806
G1 X91.344 Y108.917 E166.56309
G1 X91.344 Y108.095 E166.61287
G1 X108.095 Y91.344 E168.0475
G1 X107.272 Y91.344 E168.09734
G1 X91.344 Y107.272 E169.46149
G1 X91.344 Y106.45 E169.51127
G1 X106.45 Y91.344 E170.80502
G1 X105.628 Y91.344 E170.8548
G1 X91.344 Y105.628 E172.07815
G1 X91.344 Y104.805 E172.12799
G1 X104.805 Y91.344 E173.28085
G1 X103.983 Y91.344 E173.33063
G1 X91.344 Y103.983 E174.41309
G1 X91.344 Y103.16 E174.46293
G1 X103.16 Y91.344 E175.47491
G1 X102.338 Y91.344 E175.52469
G1 X91.344 Y102.338 E176.46627
G1 X91.344 Y101.516 E176.51605
G1 X101.516 Y91.344 E177.38723
G1 X100.693 Y91.344 E177.43707
G1 X91.344 Y100.693 E178.23776
G1 X91.344 Y99.871 E178.28754
G1 X99.871 Y91.344 E179.01783
G1 X99.048 Y91.344 E179.06767
G1 X91.344 Y99.048 E179.72748
G1 X91.344 Y98.226 E179.77726
G1 X98.226 Y91.344 E180.36667
G1 X97.403 Y91.344 E180.41651
G1 X91.344 Y97.403 E180.93543
G1 X91.344 Y96.581 E180.98521
G1 X96.581 Y91.344 E181.43373
G1 X95.759 Y91.344 E181.48351
G1 X91.344 Y95.759 E181.86163
G1 X91.344 Y94.936 E181.91147
G1 X94.936 Y91.344 E182.21911
G1 X94.114 Y91.344 E182.26889
G1 X91.344 Y94.114 E182.50613
G1 X91.344 Y93.291 E182.55597
G1 X93.291 Y91.344 E182.72272
G1 X92.469 Y91.344 E182.7725
G1 X91.344 Y92.469 E182.86885
G1 X91.344 Y91.646 E182.91869
G1 X91.83 Y91.161 E182.96027
;LAYER_CHANGE
;Z:11.5
;HEIGHT:0.2
G1 E180.96027 F2400
G92 E0
G1 Z11.5 F7800
G1 X128.961 Y128.961
G1 E2 F2400
;TYPE:Perimeter
;WIDTH:0.449999
G1 F3323
G1 X91.039 Y128.961 E3.28361
G1 X91.039 Y91.039 E4.56722
G1 X128.961 Y91.039 E5.85083
G1 X128.961 Y128.901 E7.13241
G1 X129.368 Y129.368 F7800
G1 F3323
G1 X90.632 Y129.368 E8.44358
G1 X90.632 Y90.632 E9.75475
G1 X129.368 Y90.632 E11.06592
G1 X129.368 Y129.308 E12.37505
G1 X129.775 Y129.775 F7800
;TYPE:External perimeter
G1 F2400
G1 X90.225 Y129.775 E13.71377
G1 X90.225 Y90.225 E15.05249
G1 X129.775 Y90.225 E16.39121
G1 X129.775 Y129.715 E17.7279
G1 X129.379 Y129.774 F7800
;LAYER_CHANGE
;Z:11.7
;HEIGHT:0.2
G1 Z11.7 F7800
G1 X128.961 Y128.961
;TYPE:Perimeter
G1 F4800
G1 X91.039 Y128.961 E19.01151
G1 X91.039 Y91.039 E20.29512
G1 X128.961 Y91.039 E21.57873
G1 X128.961 Y128.901 E22.86031
G1 X129.368 Y129.368 F7800
G1 F4800
G1 X90.632 Y129.368 E24.17148
G1 X90.632 Y90.632 E25.48265
G1 X129.368 Y90.632 E26.79382
G1 X129.368 Y129.308 E28.10295
G1 X129.775 Y129.775 F7800
;TYPE:External perimeter
G1 F2400
G1 X90.225 Y129.775 E29.44167
G1 X90.225 Y90.225 E30.78039
G1 X129.775 Y90.225 E32.11911
G1 X129.775 Y129.715 E33.4558
G1 X129.379 Y129.774 F7800
G1 E31.4558 F2400
G92 E0
G1 X128.839 Y91.83 F7800
G1 E2 F2400
;TYPE:Internal infill
;WIDTH:0.45
;HEIGHT:0.4
G1 F4800
G1 X128.354 Y91.344 E2.04158
G1 X127.531 Y91.344 E2.09142
G1 X128.656 Y92.469 E2.18777
G1 X128.656 Y93.291 E2.23755
G1 X126.709 Y91.344 E2.4043
G1 X125.886 Y91.344 E2.45414
G1 X128.656 Y94.114 E2.69138
G1 X128.656 Y94.936 E2.74116
G1 X125.064 Y91.344 E3.0488
G1 X124.241 Y91.344 E3.09864
G1 X128.656 Y95.759 E3.47676
G1 X128.656 Y96.581 E3.52654
G1 X123.419 Y91.344 E3.97506
G1 X122.597 Y91.344 E4.02484
G1 X128.656 Y97.403 E4.54376
G1 X128.656 Y98.226 E4.5936
G1 X121.774 Y91.344 E5.18301
G1 X120.952 Y91.344 E5.23279
G1 X128.656 Y99.048 E5.8926
G1 X128.656 Y99.871 E5.94244
M73 P32 R74
G1 X120.129 Y91.344 E6.67273
G1 X119.307 Y91.344 E6.72251
G1 X128.656 Y100.693 E7.5232
G1 X128.656 Y101.516 E7.57304
G1 X118.484 Y91.344 E8.44422
G1 X117.662 Y91.344 E8.494
G1 X128.656 Y102.338 E9.43558
G1 X128.656 Y103.16 E9.48536
G1 X116.84 Y91.344 E10.49734
G1 X116.017 Y91.344 E10.54718
G1 X128.656 Y103.983 E11.62964
G1 X128.656 Y104.805 E11.67942
G1 X115.195 Y91.344 E12.83228
G1 X114.372 Y91.344 E12.88212
G1 X128.656 Y105.628 E14.10547
G1 X128.656 Y106.45 E14.15525
G1 X113.55 Y91.344 E15.449
G1 X112.728 Y91.344 E15.49878
G1 X128.656 Y107.272 E16.86293
G1 X128.656 Y108.095 E16.91277
G1 X111.905 Y91.344 E18.3474
G1 X111.083 Y91.344 E18.39718
G1 X128.656 Y108.917 E19.90221
G1 X128.656 Y109.74 E19.95205
G1 X110.26 Y91.344 E21.52757
G1 X109.438 Y91.344 E21.57735
G1 X128.656 Y110.562 E23.22327
G1 X128.656 Y111.385 E23.27311
G1 X108.615 Y91.344 E24.98951
G1 X107.793 Y91.344 E25.03929
G1 X128.656 Y112.207 E26.82609
G1 X128.656 Y113.029 E26.87587
G1 X106.971 Y91.344 E28.73307
G1 X106.148 Y91.344 E28.78291
G1 X128.656 Y113.852 E30.7106
G1 X128.656 Y114.674 E30.76038
M73 Q32 S76
G1 X105.326 Y91.344 E32.75847
G1 X104.503 Y91.344 E32.80831
G1 X128.656 Y115.497 E34.87689
G1 X128.656 Y116.319 E34.92667
M73 Q32 S75
G1 X103.681 Y91.344 E37.06565
G1 X102.858 Y91.344 E37.11549
G1 X128.656 Y117.142 E39.32495
G1 X128.656 Y117.964 E39.37473
G1 X102.036 Y91.344 E41.65459
G1 X101.214 Y91.344 E41.70437
G1 X128.656 Y118.786 E44.05463
G1 X128.656 Y119.609 E44.10447
G1 X100.391 Y91.344 E46.52522
G1 X99.569 Y91.344 E46.575
G1 X128.656 Y120.431 E49.06615
G1 X128.656 Y121.254 E49.11599
G1 X98.746 Y91.344 E51.67762
G1 X97.924 Y91.344 E51.7274
G1 X128.656 Y122.076 E54.35943
G1 X128.656 Y122.899 E54.40927
G1 X97.101 Y91.344 E57.11179
G1 X96.279 Y91.344 E57.16157
G1 X128.656 Y123.721 E59.93449
G1 X128.656 Y124.543 E59.98427
G1 X95.457 Y91.344 E62.82759
G1 X94.634 Y91.344 E62.87743
G1 X128.656 Y125.366 E65.79123
G1 X128.656 Y126.188 E65.84101
G1 X93.812 Y91.344 E68.82521
G1 X92.989 Y91.344 E68.87505
G1 X128.656 Y127.011 E71.92974
G1 X128.656 Y127.833 E71.97952
G1 X92.167 Y91.344 E75.10461
G1 X91.344 Y91.344 E75.15445
G1 X128.656 Y128.656 E78.35002
G1 X127.833 Y128.656 E78.39986
G1 X91.344 Y92.167 E81.52495
G1 X91.344 Y92.989 E81.57473
G1 X127.011 Y128.656 E84.62942
G1 X126.188 Y128.656 E84.67926
G1 X91.344 Y93.812 E87.66346
G1 X91.344 Y94.634 E87.71324
G1 X125.366 Y128.656 E90.62704
G1 X124.543 Y128.656 E90.67688
G1 X91.344 Y95.457 E93.5202
G1 X91.344 Y96.279 E93.56998
M73 P32 R73
G1 X123.721 Y128.656 E96.3429
G1 X122.899 Y128.656 E96.39268
G1 X91.344 Y97.101 E99.0952
G1 X91.344 Y97.924 E99.14504
G1 X122.076 Y128.656 E101.77707
G1 X121.254 Y128.656 E101.82685
G1 X91.344 Y98.746 E104.38848
G1 X91.344 Y99.569 E104.43832
G1 X120.431 Y128.656 E106.92947
G1 X119.609 Y128.656 E106.97925
G1 X91.344 Y100.391 E109.4
G1 X91.344 Y101.214 E109.44984
G1 X118.786 Y128.656 E111.8001
G1 X117.964 Y128.656 E111.84988
G1 X91.344 Y102.036 E114.12974
G1 X91.344 Y102.858 E114.17952
G1 X117.142 Y128.656 E116.38898
G1 X116.319 Y128.656 E116.43882
G1 X91.344 Y103.681 E118.5778
G1 X91.344 Y104.503 E118.62758
G1 X115.497 Y128.656 E120.69616
G1 X114.674 Y128.656 E120.746
G1 X91.344 Y105.326 E122.74409
G1 X91.344 Y106.148 E122.79387
G1 X113.852 Y128.656 E124.72156
G1 X113.029 Y128.656 E124.7714
G1 X91.344 Y106.971 E126.6286
G1 X91.344 Y107.793 E126.67838
G1 X112.207 Y128.656 E128.46518
G1 X111.385 Y128.656 E128.51496
G1 X91.344 Y108.615 E130.23136
G1 X91.344 Y109.438 E130.2812
G1 X110.562 Y128.656 E131.92712
G1 X109.74 Y128.656 E131.9769
G1 X91.344 Y110.26 E133.55242
G1 X91.344 Y111.083 E133.60226
G1 X108.917 Y128.656 E135.10729
G1 X108.095 Y128.656 E135.15707
G1 X91.344 Y111.905 E136.5917
G1 X91.344 Y112.728 E136.64154
G1 X107.272 Y128.656 E138.00569
G1 X106.45 Y128.656 E138.05547
G1 X91.344 Y113.55 E139.34922
G1 X91.344 Y114.372 E139.399
G1 X105.628 Y128.656 E140.62235
G1 X104.805 Y128.656 E140.67219
G1 X91.344 Y115.195 E141.82505
G1 X91.344 Y116.017 E141.87483
G1 X103.983 Y128.656 E142.95729
G1 X103.16 Y128.656 E143.00713
G1 X91.344 Y116.84 E144.01911
G1 X91.344 Y117.662 E144.06889
G1 X102.338 Y128.656 E145.01047
G1 X101.516 Y128.656 E145.06025
G1 X91.344 Y118.484 E145.93143
G1 X91.344 Y119.307 E145.98127
G1 X100.693 Y128.656 E146.78196
G1 X99.871 Y128.656 E146.83174
G1 X91.344 Y120.129 E147.56203
G1 X91.344 Y120.952 E147.61187
G1 X99.048 Y128.656 E148.27168
G1 X98.226 Y128.656 E148.32146
G1 X91.344 Y121.774 E148.91087
G1 X91.344 Y122.597 E148.96071
G1 X97.403 Y128.656 E149.47963
G1 X96.581 Y128.656 E149.52941
G1 X91.344 Y123.419 E149.97793
G1 X91.344 Y124.241 E150.02771
G1 X95.759 Y128.656 E150.40583
G1 X94.936 Y128.656 E150.45567
G1 X91.344 Y125.064 E150.76331
G1 X91.344 Y125.886 E150.81309
G1 X94.114 Y128.656 E151.05033
G1 X93.291 Y128.656 E151.10017
G1 X91.344 Y126.709 E151.26692
G1 X91.344 Y127.531 E151.3167
G1 X92.469 Y128.656 E151.41305
G1 X91.646 Y128.656 E151.46289
G1 X91.161 Y128.17 E151.50447
;LAYER_CHANGE
;Z:11.9
;HEIGHT:0.2
G1 E149.50447 F2400
G92 E0
G1 Z11.9 F7800
G1 X128.961 Y128.961
G1 E2 F2400
;TYPE:Perimeter
;WIDTH:0.449999
G1 F3254
G1 X91.039 Y128.961 E3.28361
G1 X91.039 Y91.039 E4.56722
G1 X128.961 Y91.039 E5.85083
G1 X128.961 Y128.901 E7.13241
G1 X129.368 Y129.368 F7800
G1 F3254
G1 X90.632 Y129.368 E8.44358
G1 X90.632 Y90.632 E9.75475
G1 X129.368 Y90.632 E11.06592
G1 X129.368 Y129.308 E12.37505
G1 X129.775 Y129.775 F7800
;TYPE:External perimeter
G1 F2400
G1 X90.225 Y129.775 E13.71377
G1 X90.225 Y90.225 E15.05249
G1 X129.775 Y90.225 E16.39121
G1 X129.775 Y129.715 E17.7279
G1 X129.379 Y129.774 F7800
;LAYER_CHANGE
;Z:12.1
;HEIGHT:0.200001
G1 Z12.1 F7800
G1 X128.961 Y128.961
;TYPE:Perimeter
G1 F4800
G1 X91.039 Y128.961 E19.01151
G1 X91.039 Y91.039 E20.29512
G1 X128.961 Y91.039 E21.57873
G1 X128.961 Y128.901 E22.86031
G1 X129.368 Y129.368 F7800
G1 F4800
G1 X90.632 Y129.368 E24.17148
G1 X90.632 Y90.632 E25.48265
G1 X129.368 Y90.632 E26.79382
G1 X129.368 Y129.308 E28.10295
G1 X129.775 Y129.775 F7800
;TYPE:External perimeter
G1 F2400
G1 X90.225 Y129.775 E29.44167
G1 X90.225 Y90.225 E30.78039
G1 X129.775 Y90.225 E32.11911
G1 X129.775 Y129.715 E33.4558
G1 X129.379 Y129.774 F7800
G1 X128.17 Y128.839
;TYPE:Internal infill
;WIDTH:0.45
;HEIGHT:0.4
G1 F4800
G1 X128.656 Y128.354 E33.49738
G1 X128.656 Y127.531 E33.54722
G1 X127.531 Y128.656 E33.64357
G1 X126.709 Y128.656 E33.69335
G1 X128.656 Y126.709 E33.8601
G1 X128.656 Y125.886 E33.90994
G1 X125.886 Y128.656 E34.14718
G1 X125.064 Y128.656 E34.19696
G1 X128.656 Y125.064 E34.5046
G1 X128.656 Y124.241 E34.55444
G1 X124.241 Y128.656 E34.93256
G1 X123.419 Y128.656 E34.98234
G1 X128.656 Y123.419 E35.43086
G1 X128.656 Y122.597 E35.48064
G1 X122.597 Y128.656 E35.99956
G1 X121.774 Y128.656 E36.0494
G1 X128.656 Y121.774 E36.63881
G1 X128.656 Y120.952 E36.68859
G1 X120.952 Y128.656 E37.3484
G1 X120.129 Y128.656 E37.39824
G1 X128.656 Y120.129 E38.12853
G1 X128.656 Y119.307 E38.17831
G1 X119.307 Y128.656 E38.979
G1 X118.484 Y128.656 E39.02884
G1 X128.656 Y118.484 E39.90002
G1 X128.656 Y117.662 E39.9498
G1 X117.662 Y128.656 E40.89138
G1 X116.84 Y128.656 E40.94116
G1 X128.656 Y116.84 E41.95314
G1 X128.656 Y116.017 E42.00298
G1 X116.017 Y128.656 E43.08544
G1 X115.195 Y128.656 E43.13522
G1 X128.656 Y115.195 E44.28808
G1 X128.656 Y114.372 E44.33792
G1 X114.372 Y128.656 E45.56127
G1 X113.55 Y128.656 E45.61105
G1 X128.656 Y113.55 E46.9048
G1 X128.656 Y112.728 E46.95458
G1 X112.728 Y128.656 E48.31873
G1 X111.905 Y128.656 E48.36857
G1 X128.656 Y111.905 E49.8032
G1 X128.656 Y111.083 E49.85298
G1 X111.083 Y128.656 E51.35801
G1 X110.26 Y128.656 E51.40785
G1 X128.656 Y110.26 E52.98337
G1 X128.656 Y109.438 E53.03315
G1 X109.438 Y128.656 E54.67907
G1 X108.615 Y128.656 E54.72891
G1 X128.656 Y108.615 E56.44531
G1 X128.656 Y107.793 E56.49509
G1 X107.793 Y128.656 E58.28189
G1 X106.971 Y128.656 E58.33167
G1 X128.656 Y106.971 E60.18887
G1 X128.656 Y106.148 E60.23871
G1 X106.148 Y128.656 E62.1664
G1 X105.326 Y128.656 E62.21618
G1 X128.656 Y105.326 E64.21427
G1 X128.656 Y104.503 E64.26411
G1 X104.503 Y128.656 E66.33269
G1 X103.681 Y128.656 E66.38247
G1 X128.656 Y103.681 E68.52145
G1 X128.656 Y102.858 E68.57129
G1 X102.858 Y128.656 E70.78075
G1 X102.036 Y128.656 E70.83053
G1 X128.656 Y102.036 E73.11039
G1 X128.656 Y101.214 E73.16017
G1 X101.214 Y128.656 E75.51043
G1 X100.391 Y128.656 E75.56027
G1 X128.656 Y100.391 E77.98102
G1 X128.656 Y99.569 E78.0308
G1 X99.569 Y128.656 E80.52195
G1 X98.746 Y128.656 E80.57179
M73 P33 R73
M73 Q32 S74
G1 X128.656 Y98.746 E83.13342
G1 X128.656 Y97.924 E83.1832
G1 X97.924 Y128.656 E85.81523
G1 X97.101 Y128.656 E85.86507
G1 X128.656 Y97.101 E88.56759
G1 X128.656 Y96.279 E88.61737
G1 X96.279 Y128.656 E91.39029
G1 X95.457 Y128.656 E91.44007
G1 X128.656 Y95.457 E94.28339
G1 X128.656 Y94.634 E94.33323
G1 X94.634 Y128.656 E97.24703
G1 X93.812 Y128.656 E97.29681
G1 X128.656 Y93.812 E100.28101
G1 X128.656 Y92.989 E100.33085
G1 X92.989 Y128.656 E103.38554
G1 X92.167 Y128.656 E103.43532
G1 X128.656 Y92.167 E106.56041
G1 X128.656 Y91.344 E106.61025
M73 Q33 S74
G1 X91.344 Y128.656 E109.80582
G1 X91.344 Y127.833 E109.85566
G1 X127.833 Y91.344 E112.98075
G1 X127.011 Y91.344 E113.03053
G1 X91.344 Y127.011 E116.08522
G1 X91.344 Y126.188 E116.13506
G1 X126.188 Y91.344 E119.11926
G1 X125.366 Y91.344 E119.16904
G1 X91.344 Y125.366 E122.08284
G1 X91.344 Y124.543 E122.13268
G1 X124.543 Y91.344 E124.976
G1 X123.721 Y91.344 E125.02578
G1 X91.344 Y123.721 E127.7987
G1 X91.344 Y122.899 E127.84848
G1 X122.899 Y91.344 E130.551
G1 X122.076 Y91.344 E130.60084
G1 X91.344 Y122.076 E133.23287
G1 X91.344 Y121.254 E133.28265
G1 X121.254 Y91.344 E135.84428
G1 X120.431 Y91.344 E135.89412
G1 X91.344 Y120.431 E138.38527
G1 X91.344 Y119.609 E138.43505
G1 X119.609 Y91.344 E140.8558
G1 X118.786 Y91.344 E140.90564
G1 X91.344 Y118.786 E143.2559
G1 X91.344 Y117.964 E143.30568
G1 X117.964 Y91.344 E145.58554
G1 X117.142 Y91.344 E145.63532
M73 P33 R72
G1 X91.344 Y117.142 E147.84478
G1 X91.344 Y116.319 E147.89462
G1 X116.319 Y91.344 E150.0336
G1 X115.497 Y91.344 E150.08338
G1 X91.344 Y115.497 E152.15196
G1 X91.344 Y114.674 E152.2018
G1 X114.674 Y91.344 E154.19989
G1 X113.852 Y91.344 E154.24967
G1 X91.344 Y113.852 E156.17736
G1 X91.344 Y113.029 E156.2272
G1 X113.029 Y91.344 E158.0844
G1 X112.207 Y91.344 E158.13418
G1 X91.344 Y112.207 E159.92098
G1 X91.344 Y111.385 E159.97076
G1 X111.385 Y91.344 E161.68716
G1 X110.562 Y91.344 E161.737
G1 X91.344 Y110.562 E163.38292
G1 X91.344 Y109.74 E163.4327
G1 X109.74 Y91.344 E165.00822
G1 X108.917 Y91.344 E165.05806
G1 X91.344 Y108.917 E166.56309
G1 X91.344 Y108.095 E166.61287
G1 X108.095 Y91.344 E168.0475
G1 X107.272 Y91.344 E168.09734
G1 X91.344 Y107.272 E169.46149
G1 X91.344 Y106.45 E169.51127
G1 X106.45 Y91.344 E170.80502
G1 X105.628 Y91.344 E170.8548
G1 X91.344 Y105.628 E172.07815
G1 X91.344 Y104.805 E172.12799
G1 X104.805 Y91.344 E173.28085
G1 X103.983 Y91.344 E173.33063
G1 X91.344 Y103.983 E174.41309
G1 X91.344 Y103.16 E174.46293
G1 X103.16 Y91.344 E175.47491
G1 X102.338 Y91.344 E175.52469
G1 X91.344 Y102.338 E176.46627
G1 X91.344 Y101.516 E176.51605
G1 X101.516 Y91.344 E177.38723
G1 X100.693 Y91.344 E177.43707
G1 X91.344 Y100.693 E178.23776
G1 X91.344 Y99.871 E178.28754
G1 X99.871 Y91.344 E179.01783
G1 X99.048 Y91.344 E179.06767
G1 X91.344 Y99.048 E179.72748
G1 X91.344 Y98.226 E179.77726
G1 X98.226 Y91.344 E180.36667
G1 X97.403 Y91.344 E180.41651
G1 X91.344 Y97.403 E180.93543
G1 X91.344 Y96.581 E180.98521
G1 X96.581 Y91.344 E181.43373
G1 X95.759 Y91.344 E181.48351
G1 X91.344 Y95.759 E181.86163
G1 X91.344 Y94.936 E181.91147
G1 X94.936 Y91.344 E182.21911
G1 X94.114 Y91.344 E182.26889
G1 X91.344 Y94.114 E182.50613
G1 X91.344 Y93.291 E182.55597
G1 X93.291 Y91.344 E182.72272
G1 X92.469 Y91.344 E182.7725
G1 X91.344 Y92.469 E182.86885
G1 X91.344 Y91.646 E182.91869
G1 X91.83 Y91.161 E182.96027
;LAYER_CHANGE
;Z:12.3
;HEIGHT:0.2
G1 E180.96027 F2400
G92 E0
G1 Z12.3 F7800
G1 X128.961 Y128.961
G1 E2 F2400
;TYPE:Perimeter
;WIDTH:0.449999
G1 F3323
G1 X91.039 Y128.961 E3.28361
G1 X91.039 Y91.039 E4.56722
G1 X128.961 Y91.039 E5.85083
G1 X128.961 Y128.901 E7.13241
G1 X129.368 Y129.368 F7800
G1 F3323
G1 X90.632 Y129.368 E8.44358
G1 X90.632 Y90.632 E9.75475
G1 X129.368 Y90.632 E11.06592
G1 X129.368 Y129.308 E12.37505
G1 X129.775 Y129.775 F7800
;TYPE:External perimeter
G1 F2400
G1 X90.225 Y129.775 E13.71377
G1 X90.225 Y90.225 E15.05249
G1 X129.775 Y90.225 E16.39121
G1 X129.775 Y129.715 E17.7279
G1 X129.379 Y129.774 F7800
;LAYER_CHANGE
;Z:12.5
;HEIGHT:0.2
G1 Z12.5 F7800
G1 X128.961 Y128.961
;TYPE:Perimeter
G1 F4800
G1 X91.039 Y128.961 E19.01151
G1 X91.039 Y91.039 E20.29512
G1 X128.961 Y91.039 E21.57873
G1 X128.961 Y128.901 E22.86031
G1 X129.368 Y129.368 F7800
G1 F4800
G1 X90.632 Y129.368 E24.17148
G1 X90.632 Y90.632 E25.48265
G1 X129.368 Y90.632 E26.79382
G1 X129.368 Y129.308 E28.10295
G1 X129.775 Y129.775 F7800
;TYPE:External perimeter
G1 F2400
G1 X90.225 Y129.775 E29.44167
G1 X90.225 Y90.225 E30.78039
G1 X129.775 Y90.225 E32.11911
G1 X129.775 Y129.715 E33.4558
G1 X129.379 Y129.774 F7800
G1 E31.4558 F2400
G92 E0
G1 X128.839 Y91.83 F7800
G1 E2 F2400
;TYPE:Internal infill
;WIDTH:0.45
;HEIGHT:0.4
G1 F4800
G1 X128.354 Y91.344 E2.04158
G1 X127.531 Y91.344 E2.09142
G1 X128.656 Y92.469 E2.18777
G1 X128.656 Y93.291 E2.23755
G1 X126.709 Y91.344 E2.4043
G1 X125.886 Y91.344 E2.45414
G1 X128.656 Y94.114 E2.69138
G1 X128.656 Y94.936 E2.74116
G1 X125.064 Y91.344 E3.0488
G1 X124.241 Y91.344 E3.09864
G1 X128.656 Y95.759 E3.47676
G1 X128.656 Y96.581 E3.52654
G1 X123.419 Y91.344 E3.97506
G1 X122.597 Y91.344 E4.02484
G1 X128.656 Y97.403 E4.54376
G1 X128.656 Y98.226 E4.5936
G1 X121.774 Y91.344 E5.18301
G1 X120.952 Y91.344 E5.23279
G1 X128.656 Y99.048 E5.8926
G1 X128.656 Y99.871 E5.94244
G1 X120.129 Y91.344 E6.67273
G1 X119.307 Y91.344 E6.72251
G1 X128.656 Y100.693 E7.5232
G1 X128.656 Y101.516 E7.57304
G1 X118.484 Y91.344 E8.44422
G1 X117.662 Y91.344 E8.494
G1 X128.656 Y102.338 E9.43558
G1 X128.656 Y103.16 E9.48536
G1 X116.84 Y91.344 E10.49734
G1 X116.017 Y91.344 E10.54718
G1 X128.656 Y103.983 E11.62964
G1 X128.656 Y104.805 E11.67942
G1 X115.195 Y91.344 E12.83228
G1 X114.372 Y91.344 E12.88212
G1 X128.656 Y105.628 E14.10547
G1 X128.656 Y106.45 E14.15525
G1 X113.55 Y91.344 E15.449
G1 X112.728 Y91.344 E15.49878
G1 X128.656 Y107.272 E16.86293
G1 X128.656 Y108.095 E16.91277
G1 X111.905 Y91.344 E18.3474
G1 X111.083 Y91.344 E18.39718
G1 X128.656 Y108.917 E19.90221
G1 X128.656 Y109.74 E19.95205
G1 X110.26 Y91.344 E21.52757
G1 X109.438 Y91.344 E21.57735
G1 X128.656 Y110.562 E23.22327
G1 X128.656 Y111.385 E23.27311
G1 X108.615 Y91.344 E24.98951
G1 X107.793 Y91.344 E25.03929
G1 X128.656 Y112.207 E26.82609
G1 X128.656 Y113.029 E26.87587
G1 X106.971 Y91.344 E28.73307
G1 X106.148 Y91.344 E28.78291
G1 X128.656 Y113.852 E30.7106
G1 X128.656 Y114.674 E30.76038
G1 X105.326 Y91.344 E32.75847
G1 X104.503 Y91.344 E32.80831
G1 X128.656 Y115.497 E34.87689
G1 X128.656 Y116.319 E34.92667
G1 X103.681 Y91.344 E37.06565
G1 X102.858 Y91.344 E37.11549
G1 X128.656 Y117.142 E39.32495
G1 X128.656 Y117.964 E39.37473
G1 X102.036 Y91.344 E41.65459
G1 X101.214 Y91.344 E41.70437
G1 X128.656 Y118.786 E44.05463
G1 X128.656 Y119.609 E44.10447
G1 X100.391 Y91.344 E46.52522
G1 X99.569 Y91.344 E46.575
G1 X128.656 Y120.431 E49.06615
G1 X128.656 Y121.254 E49.11599
G1 X98.746 Y91.344 E51.67762
G1 X97.924 Y91.344 E51.7274
G1 X128.656 Y122.076 E54.35943
G1 X128.656 Y122.899 E54.40927
G1 X97.101 Y91.344 E57.11179
G1 X96.279 Y91.344 E57.16157
G1 X128.656 Y123.721 E59.93449
G1 X128.656 Y124.543 E59.98427
M73 Q33 S73
G1 X95.457 Y91.344 E62.82759
G1 X94.634 Y91.344 E62.87743
G1 X128.656 Y125.366 E65.79123
G1 X128.656 Y126.188 E65.84101
G1 X93.812 Y91.344 E68.82521
G1 X92.989 Y91.344 E68.87505
G1 X128.656 Y127.011 E71.92974
G1 X128.656 Y127.833 E71.97952
G1 X92.167 Y91.344 E75.10461
G1 X91.344 Y91.344 E75.15445
G1 X128.656 Y128.656 E78.35002
G1 X127.833 Y128.656 E78.39986
G1 X91.344 Y92.167 E81.52495
G1 X91.344 Y92.989 E81.57473
G1 X127.011 Y128.656 E84.62942
G1 X126.188 Y128.656 E84.67926
G1 X91.344 Y93.812 E87.66346
G1 X91.344 Y94.634 E87.71324
G1 X125.366 Y128.656 E90.62704
G1 X124.543 Y128.656 E90.67688
M73 P34 R72
G1 X91.344 Y95.457 E93.5202
G1 X91.344 Y96.279 E93.56998
G1 X123.721 Y128.656 E96.3429
G1 X122.899 Y128.656 E96.39268
G1 X91.344 Y97.101 E99.0952
G1 X91.344 Y97.924 E99.14504
G1 X122.076 Y128.656 E101.77707
G1 X121.254 Y128.656 E101.82685
G1 X91.344 Y98.746 E104.38848
G1 X91.344 Y99.569 E104.43832
G1 X120.431 Y128.656 E106.92947
G1 X119.609 Y128.656 E106.97925
G1 X91.344 Y100.391 E109.4
G1 X91.344 Y101.214 E109.44984
G1 X118.786 Y128.656 E111.8001
G1 X117.964 Y128.656 E111.84988
G1 X91.344 Y102.036 E114.12974
G1 X91.344 Y102.858 E114.17952
G1 X117.142 Y128.656 E116.38898
G1 X116.319 Y128.656 E116.43882
M73 Q34 S73
G1 X91.344 Y103.681 E118.5778
G1 X91.344 Y104.503 E118.62758
G1 X115.497 Y128.656 E120.69616
G1 X114.674 Y128.656 E120.746
G1 X91.344 Y105.326 E122.74409
G1 X91.344 Y106.148 E122.79387
G1 X113.852 Y128.656 E124.72156
G1 X113.029 Y128.656 E124.7714
G1 X91.344 Y106.971 E126.6286
G1 X91.344 Y107.793 E126.67838
G1 X112.207 Y128.656 E128.46518
G1 X111.385 Y128.656 E128.51496
G1 X91.344 Y108.615 E130.23136
G1 X91.344 Y109.438 E130.2812
M73 P34 R71
G1 X110.562 Y128.656 E131.92712
G1 X109.74 Y128.656 E131.9769
G1 X91.344 Y110.26 E133.55242
G1 X91.344 Y111.083 E133.60226
G1 X108.917 Y128.656 E135.10729
G1 X108.095 Y128.656 E135.15707
G1 X91.344 Y111.905 E136.5917
G1 X91.344 Y112.728 E136.64154
G1 X107.272 Y128.656 E138.00569
G1 X106.45 Y128.656 E138.05547
G1 X91.344 Y113.55 E139.34922
G1 X91.344 Y114.372 E139.399
G1 X105.628 Y128.656 E140.62235
G1 X104.805 Y128.656 E140.67219
G1 X91.344 Y115.195 E141.82505
G1 X91.344 Y116.017 E141.87483
G1 X103.983 Y128.656 E142.95729
G1 X103.16 Y128.656 E143.00713
G1 X91.344 Y116.84 E144.01911
G1 X91.344 Y117.662 E144.06889
G1 X102.338 Y128.656 E145.01047
G1 X101.516 Y128.656 E145.06025
G1 X91.344 Y118.484 E145.93143
G1 X91.344 Y119.307 E145.98127
G1 X100.693 Y128.656 E146.78196
G1 X99.871 Y128.656 E146.83174
G1 X91.344 Y120.129 E147.56203
G1 X91.344 Y120.952 E147.61187
G1 X99.048 Y128.656 E148.27168
G1 X98.226 Y128.656 E148.32146
G1 X91.344 Y121.774 E148.91087
G1 X91.344 Y122.597 E148.96071
G1 X97.403 Y128.656 E149.47963
G1 X96.581 Y128.656 E149.52941
G1 X91.344 Y123.419 E149.97793
G1 X91.344 Y124.241 E150.02771
G1 X95.759 Y128.656 E150.40583
G1 X94.936 Y128.656 E150.45567
G1 X91.344 Y125.064 E150.76331
G1 X91.344 Y125.886 E150.81309
G1 X94.114 Y128.656 E151.05033
G1 X93.291 Y128.656 E151.10017
G1 X91.344 Y126.709 E151.26692
G1 X91.344 Y127.531 E151.3167
G1 X92.469 Y128.656 E151.41305
G1 X91.646 Y128.656 E151.46289
G1 X91.161 Y128.17 E151.50447
;LAYER_CHANGE
;Z:12.7
;HEIGHT:0.2
G1 E149.50447 F2400
G92 E0
G1 Z12.7 F7800
G1 X128.961 Y128.961
G1 E2 F2400
;TYPE:Perimeter
;WIDTH:0.449999
G1 F3254
G1 X91.039 Y128.961 E3.28361
G1 X91.039 Y91.039 E4.56722
G1 X128.961 Y91.039 E5.85083
G1 X128.961 Y128.901 E7.13241
G1 X129.368 Y129.368 F7800
G1 F3254
G1 X90.632 Y129.368 E8.44358
G1 X90.632 Y90.632 E9.75475
G1 X129.368 Y90.632 E11.06592
G1 X129.368 Y129.308 E12.37505
G1 X129.775 Y129.775 F7800
;TYPE:External perimeter
G1 F2400
G1 X90.225 Y129.775 E13.71377
G1 X90.225 Y90.225 E15.05249
G1 X129.775 Y90.225 E16.39121
G1 X129.775 Y129.715 E17.7279
G1 X129.379 Y129.774 F7800
;LAYER_CHANGE
;Z:12.9
;HEIGHT:0.2
G1 Z12.9 F7800
G1 X128.961 Y128.961
;TYPE:Perimeter
G1 F4800
G1 X91.039 Y128.961 E19.01151
G1 X91.039 Y91.039 E20.29512
G1 X128.961 Y91.039 E21.57873
G1 X128.961 Y128.901 E22.86031
G1 X129.368 Y129.368 F7800
G1 F4800
G1 X90.632 Y129.368 E24.17148
G1 X90.632 Y90.632 E25.48265
G1 X129.368 Y90.632 E26.79382
G1 X129.368 Y129.308 E28.10295
G1 X129.775 Y129.775 F7800
;TYPE:External perimeter
G1 F2400
G1 X90.225 Y129.775 E29.44167
G1 X90.225 Y90.225 E30.78039
G1 X129.775 Y90.225 E32.11911
G1 X129.775 Y129.715 E33.4558
G1 X129.379 Y129.774 F7800
G1 X128.17 Y128.839
;TYPE:Internal infill
;WIDTH:0.45
;HEIGHT:0.4
G1 F4800
G1 X128.656 Y128.354 E33.49738
G1 X128.656 Y127.531 E33.54722
G1 X127.531 Y128.656 E33.64357
G1 X126.709 Y128.656 E33.69335
G1 X128.656 Y126.709 E33.8601
G1 X128.656 Y125.886 E33.90994
G1 X125.886 Y128.656 E34.14718
G1 X125.064 Y128.656 E34.19696
G1 X128.656 Y125.064 E34.5046
G1 X128.656 Y124.241 E34.55444
G1 X124.241 Y128.656 E34.93256
G1 X123.419 Y128.656 E34.98234
G1 X128.656 Y123.419 E35.43086
G1 X128.656 Y122.597 E35.48064
G1 X122.597 Y128.656 E35.99956
G1 X121.774 Y128.656 E36.0494
G1 X128.656 Y121.774 E36.63881
G1 X128.656 Y120.952 E36.68859
G1 X120.952 Y128.656 E37.3484
G1 X120.129 Y128.656 E37.39824
G1 X128.656 Y120.129 E38.12853
G1 X128.656 Y119.307 E38.17831
G1 X119.307 Y128.656 E38.979
G1 X118.484 Y128.656 E39.02884
G1 X128.656 Y118.484 E39.90002
G1 X128.656 Y117.662 E39.9498
G1 X117.662 Y128.656 E40.89138
G1 X116.84 Y128.656 E40.94116
G1 X128.656 Y116.84 E41.95314
G1 X128.656 Y116.017 E42.00298
G1 X116.017 Y128.656 E43.08544
G1 X115.195 Y128.656 E43.13522
G1 X128.656 Y115.195 E44.28808
G1 X128.656 Y114.372 E44.33792
G1 X114.372 Y128.656 E45.56127
G1 X113.55 Y128.656 E45.61105
G1 X128.656 Y113.55 E46.9048
G1 X128.656 Y112.728 E46.95458
G1 X112.728 Y128.656 E48.31873
G1 X111.905 Y128.656 E48.36857
G1 X128.656 Y111.905 E49.8032
G1 X128.656 Y111.083 E49.85298
G1 X111.083 Y128.656 E51.35801
G1 X110.26 Y128.656 E51.40785
G1 X128.656 Y110.26 E52.98337
G1 X128.656 Y109.438 E53.03315
G1 X109.438 Y128.656 E54.67907
G1 X108.615 Y128.656 E54.72891
G1 X128.656 Y108.615 E56.44531
G1 X128.656 Y107.793 E56.49509
G1 X107.793 Y128.656 E58.28189
G1 X106.971 Y128.656 E58.33167
G1 X128.656 Y106.971 E60.18887
G1 X128.656 Y106.148 E60.23871
G1 X106.148 Y128.656 E62.1664
G1 X105.326 Y128.656 E62.21618
G1 X128.656 Y105.326 E64.21427
G1 X128.656 Y104.503 E64.26411
G1 X104.503 Y128.656 E66.33269
G1 X103.681 Y128.656 E66.38247
G1 X128.656 Y103.681 E68.52145
G1 X128.656 Y102.858 E68.57129
G1 X102.858 Y128.656 E70.78075
G1 X102.036 Y128.656 E70.83053
G1 X128.656 Y102.036 E73.11039
G1 X128.656 Y101.214 E73.16017
G1 X101.214 Y128.656 E75.51043
G1 X100.391 Y128.656 E75.56027
G1 X128.656 Y100.391 E77.98102
G1 X128.656 Y99.569 E78.0308
G1 X99.569 Y128.656 E80.52195
G1 X98.746 Y128.656 E80.57179
G1 X128.656 Y98.746 E83.13342
G1 X128.656 Y97.924 E83.1832
G1 X97.924 Y128.656 E85.81523
G1 X97.101 Y128.656 E85.86507
G1 X128.656 Y97.101 E88.56759
G1 X128.656 Y96.279 E88.61737
G1 X96.279 Y128.656 E91.39029
G1 X95.457 Y128.656 E91.44007
G1 X128.656 Y95.457 E94.28339
G1 X128.656 Y94.634 E94.33323
G1 X94.634 Y128.656 E97.24703
G1 X93.812 Y128.656 E97.29681
G1 X128.656 Y93.812 E100.28101
G1 X128.656 Y92.989 E100.33085
G1 X92.989 Y128.656 E103.38554
G1 X92.167 Y128.656 E103.43532
G1 X128.656 Y92.167 E106.56041
G1 X128.656 Y91.344 E106.61025
M73 Q34 S72
G1 X91.344 Y128.656 E109.80582
G1 X91.344 Y127.833 E109.85566
G1 X127.833 Y91.344 E112.98075
G1 X127.011 Y91.344 E113.03053
G1 X91.344 Y127.011 E116.08522
G1 X91.344 Y126.188 E116.13506
G1 X126.188 Y91.344 E119.11926
G1 X125.366 Y91.344 E119.16904
G1 X91.344 Y125.366 E122.08284
G1 X91.344 Y124.543 E122.13268
G1 X124.543 Y91.344 E124.976
G1 X123.721 Y91.344 E125.02578
G1 X91.344 Y123.721 E127.7987
G1 X91.344 Y122.899 E127.84848
G1 X122.899 Y91.344 E130.551
G1 X122.076 Y91.344 E130.60084
G1 X91.344 Y122.076 E133.23287
G1 X91.344 Y121.254 E133.28265
G1 X121.254 Y91.344 E135.84428
G1 X120.431 Y91.344 E135.89412
G1 X91.344 Y120.431 E138.38527
G1 X91.344 Y119.609 E138.43505
G1 X119.609 Y91.344 E140.8558
G1 X118.786 Y91.344 E140.90564
G1 X91.344 Y118.786 E143.2559
G1 X91.344 Y117.964 E143.30568
G1 X117.964 Y91.344 E145.58554
G1 X117.142 Y91.344 E145.63532
G1 X91.344 Y117.142 E147.84478
G1 X91.344 Y116.319 E147.89462
G1 X116.319 Y91.344 E150.0336
G1 X115.497 Y91.344 E150.08338
G1 X91.344 Y115.497 E152.15196
G1 X91.344 Y114.674 E152.2018
G1 X114.674 Y91.344 E154.19989
G1 X113.852 Y91.344 E154.24967
G1 X91.344 Y113.852 E156.17736
G1 X91.344 Y113.029 E156.2272
G1 X113.029 Y91.344 E158.0844
G1 X112.207 Y91.344 E158.13418
G1 X91.344 Y112.207 E159.92098
G1 X91.344 Y111.385 E159.97076
G1 X111.385 Y91.344 E161.68716
G1 X110.562 Y91.344 E161.737
G1 X91.344 Y110.562 E163.38292
G1 X91.344 Y109.74 E163.4327
G1 X109.74 Y91.344 E165.00822
G1 X108.917 Y91.344 E165.05806
G1 X91.344 Y108.917 E166.56309
G1 X91.344 Y108.095 E166.61287
M73 P35 R71
G1 X108.095 Y91.344 E168.0475
G1 X107.272 Y91.344 E168.09734
G1 X91.344 Y107.272 E169.46149
G1 X91.344 Y106.45 E169.51127
G1 X106.45 Y91.344 E170.80502
G1 X105.628 Y91.344 E170.8548
G1 X91.344 Y105.628 E172.07815
G1 X91.344 Y104.805 E172.12799
G1 X104.805 Y91.344 E173.28085
G1 X103.983 Y91.344 E173.33063
G1 X91.344 Y103.983 E174.41309
G1 X91.344 Y103.16 E174.46293
G1 X103.16 Y91.344 E175.47491
G1 X102.338 Y91.344 E175.52469
G1 X91.344 Y102.338 E176.46627
G1 X91.344 Y101.516 E176.51605
G1 X101.516 Y91.344 E177.38723
G1 X100.693 Y91.344 E177.43707
G1 X91.344 Y100.693 E178.23776
G1 X91.344 Y99.871 E178.28754
G1 X99.871 Y91.344 E179.01783
G1 X99.048 Y91.344 E179.06767
G1 X91.344 Y99.048 E179.72748
G1 X91.344 Y98.226 E179.77726
G1 X98.226 Y91.344 E180.36667
M73 P35 R70
G1 X97.403 Y91.344 E180.41651
G1 X91.344 Y97.403 E180.93543
G1 X91.344 Y96.581 E180.98521
G1 X96.581 Y91.344 E181.43373
G1 X95.759 Y91.344 E181.48351
G1 X91.344 Y95.759 E181.86163
G1 X91.344 Y94.936 E181.91147
G1 X94.936 Y91.344 E182.21911
G1 X94.114 Y91.344 E182.26889
G1 X91.344 Y94.114 E182.50613
G1 X91.344 Y93.291 E182.55597
G1 X93.291 Y91.344 E182.72272
G1 X92.469 Y91.344 E182.7725
G1 X91.344 Y92.469 E182.86885
G1 X91.344 Y91.646 E182.91869
G1 X91.83 Y91.161 E182.96027
;LAYER_CHANGE
;Z:13.1
;HEIGHT:0.200001
G1 E180.96027 F2400
G92 E0
G1 Z13.1 F7800
G1 X128.961 Y128.961
G1 E2 F2400
M73 Q35 S72
;TYPE:Perimeter
;WIDTH:0.449999
G1 F3323
G1 X91.039 Y128.961 E3.28361
G1 X91.039 Y91.039 E4.56722
G1 X128.961 Y91.039 E5.85083
G1 X128.961 Y128.901 E7.13241
G1 X129.368 Y129.368 F7800
G1 F3323
G1 X90.632 Y129.368 E8.44358
G1 X90.632 Y90.632 E9.75475
G1 X129.368 Y90.632 E11.06592
G1 X129.368 Y129.308 E12.37505
G1 X129.775 Y129.775 F7800
;TYPE:External perimeter
G1 F2400
G1 X90.225 Y129.775 E13.71377
G1 X90.225 Y90.225 E15.05249
G1 X129.775 Y90.225 E16.39121
G1 X129.775 Y129.715 E17.7279
G1 X129.379 Y129.774 F7800
;LAYER_CHANGE
;Z:13.3
;HEIGHT:0.2
G1 Z13.3 F7800
G1 X128.961 Y128.961
;TYPE:Perimeter
G1 F4800
G1 X91.039 Y128.961 E19.01151
G1 X91.039 Y91.039 E20.29512
G1 X128.961 Y91.039 E21.57873
G1 X128.961 Y128.901 E22.86031
G1 X129.368 Y129.368 F7800
G1 F4800
G1 X90.632 Y129.368 E24.17148
G1 X90.632 Y90.632 E25.48265
G1 X129.368 Y90.632 E26.79382
G1 X129.368 Y129.308 E28.10295
G1 X129.775 Y129.775 F7800
;TYPE:External perimeter
G1 F2400
G1 X90.225 Y129.775 E29.44167
G1 X90.225 Y90.225 E30.78039
G1 X129.775 Y90.225 E32.11911
G1 X129.775 Y129.715 E33.4558
G1 X129.379 Y129.774 F7800
G1 E31.4558 F2400
G92 E0
G1 X128.839 Y91.83 F7800
G1 E2 F2400
;TYPE:Internal infill
;WIDTH:0.45
;HEIGHT:0.4
G1 F4800
G1 X128.354 Y91.344 E2.04158
G1 X127.531 Y91.344 E2.09142
G1 X128.656 Y92.469 E2.18777
G1 X128.656 Y93.291 E2.23755
G1 X126.709 Y91.344 E2.4043
G1 X125.886 Y91.344 E2.45414
G1 X128.656 Y94.114 E2.69138
G1 X128.656 Y94.936 E2.74116
G1 X125.064 Y91.344 E3.0488
G1 X124.241 Y91.344 E3.09864
G1 X128.656 Y95.759 E3.47676
G1 X128.656 Y96.581 E3.52654
G1 X123.419 Y91.344 E3.97506
G1 X122.597 Y91.344 E4.02484
G1 X128.656 Y97.403 E4.54376
G1 X128.656 Y98.226 E4.5936
G1 X121.774 Y91.344 E5.18301
G1 X120.952 Y91.344 E5.23279
G1 X128.656 Y99.048 E5.8926
G1 X128.656 Y99.871 E5.94244
G1 X120.129 Y91.344 E6.67273
G1 X119.307 Y91.344 E6.72251
G1 X128.656 Y100.693 E7.5232
G1 X128.656 Y101.516 E7.57304
G1 X118.484 Y91.344 E8.44422
G1 X117.662 Y91.344 E8.494
G1 X128.656 Y102.338 E9.43558
G1 X128.656 Y103.16 E9.48536
G1 X116.84 Y91.344 E10.49734
G1 X116.017 Y91.344 E10.54718
G1 X128.656 Y103.983 E11.62964
G1 X128.656 Y104.805 E11.67942
G1 X115.195 Y91.344 E12.83228
G1 X114.372 Y91.344 E12.88212
G1 X128.656 Y105.628 E14.10547
G1 X128.656 Y106.45 E14.15525
G1 X113.55 Y91.344 E15.449
G1 X112.728 Y91.344 E15.49878
G1 X128.656 Y107.272 E16.86293
G1 X128.656 Y108.095 E16.91277
G1 X111.905 Y91.344 E18.3474
G1 X111.083 Y91.344 E18.39718
G1 X128.656 Y108.917 E19.90221
G1 X128.656 Y109.74 E19.95205
G1 X110.26 Y91.344 E21.52757
G1 X109.438 Y91.344 E21.57735
G1 X128.656 Y110.562 E23.22327
G1 X128.656 Y111.385 E23.27311
G1 X108.615 Y91.344 E24.98951
G1 X107.793 Y91.344 E25.03929
G1 X128.656 Y112.207 E26.82609
G1 X128.656 Y113.029 E26.87587
G1 X106.971 Y91.344 E28.73307
G1 X106.148 Y91.344 E28.78291
G1 X128.656 Y113.852 E30.7106
G1 X128.656 Y114.674 E30.76038
G1 X105.326 Y91.344 E32.75847
G1 X104.503 Y91.344 E32.80831
G1 X128.656 Y115.497 E34.87689
G1 X128.656 Y116.319 E34.92667
G1 X103.681 Y91.344 E37.06565
G1 X102.858 Y91.344 E37.11549
G1 X128.656 Y117.142 E39.32495
G1 X128.656 Y117.964 E39.37473
G1 X102.036 Y91.344 E41.65459
G1 X101.214 Y91.344 E41.70437
G1 X128.656 Y118.786 E44.05463
G1 X128.656 Y119.609 E44.10447
G1 X100.391 Y91.344 E46.52522
G1 X99.569 Y91.344 E46.575
G1 X128.656 Y120.431 E49.06615
G1 X128.656 Y121.254 E49.11599
G1 X98.746 Y91.344 E51.67762
G1 X97.924 Y91.344 E51.7274
G1 X128.656 Y122.076 E54.35943
G1 X128.656 Y122.899 E54.40927
G1 X97.101 Y91.344 E57.11179
G1 X96.279 Y91.344 E57.16157
G1 X128.656 Y123.721 E59.93449
G1 X128.656 Y124.543 E59.98427
G1 X95.457 Y91.344 E62.82759
G1 X94.634 Y91.344 E62.87743
G1 X128.656 Y125.366 E65.79123
G1 X128.656 Y126.188 E65.84101
G1 X93.812 Y91.344 E68.82521
G1 X92.989 Y91.344 E68.87505
G1 X128.656 Y127.011 E71.92974
G1 X128.656 Y127.833 E71.97952
G1 X92.167 Y91.344 E75.10461
G1 X91.344 Y91.344 E75.15445
G1 X128.656 Y128.656 E78.35002
G1 X127.833 Y128.656 E78.39986
G1 X91.344 Y92.167 E81.52495
G1 X91.344 Y92.989 E81.57473
G1 X127.011 Y128.656 E84.62942
G1 X126.188 Y128.656 E84.67926
G1 X91.344 Y93.812 E87.66346
G1 X91.344 Y94.634 E87.71324
M73 Q35 S71
G1 X125.366 Y128.656 E90.62704
G1 X124.543 Y128.656 E90.67688
G1 X91.344 Y95.457 E93.5202
G1 X91.344 Y96.279 E93.56998
G1 X123.721 Y128.656 E96.3429
G1 X122.899 Y128.656 E96.39268
G1 X91.344 Y97.101 E99.0952
G1 X91.344 Y97.924 E99.14504
G1 X122.076 Y128.656 E101.77707
G1 X121.254 Y128.656 E101.82685
G1 X91.344 Y98.746 E104.38848
G1 X91.344 Y99.569 E104.43832
G1 X120.431 Y128.656 E106.92947
G1 X119.609 Y128.656 E106.97925
G1 X91.344 Y100.391 E109.4
G1 X91.344 Y101.214 E109.44984
G1 X118.786 Y128.656 E111.8001
G1 X117.964 Y128.656 E111.84988
G1 X91.344 Y102.036 E114.12974
G1 X91.344 Y102.858 E114.17952
G1 X117.142 Y128.656 E116.38898
G1 X116.319 Y128.656 E116.43882
G1 X91.344 Y103.681 E118.5778
G1 X91.344 Y104.503 E118.62758
G1 X115.497 Y128.656 E120.69616
G1 X114.674 Y128.656 E120.746
G1 X91.344 Y105.326 E122.74409
G1 X91.344 Y106.148 E122.79387
G1 X113.852 Y128.656 E124.72156
G1 X113.029 Y128.656 E124.7714
G1 X91.344 Y106.971 E126.6286
G1 X91.344 Y107.793 E126.67838
G1 X112.207 Y128.656 E128.46518
G1 X111.385 Y128.656 E128.51496
G1 X91.344 Y108.615 E130.23136
G1 X91.344 Y109.438 E130.2812
G1 X110.562 Y128.656 E131.92712
G1 X109.74 Y128.656 E131.9769
G1 X91.344 Y110.26 E133.55242
G1 X91.344 Y111.083 E133.60226
G1 X108.917 Y128.656 E135.10729
G1 X108.095 Y128.656 E135.15707
G1 X91.344 Y111.905 E136.5917
G1 X91.344 Y112.728 E136.64154
G1 X107.272 Y128.656 E138.00569
G1 X106.45 Y128.656 E138.05547
G1 X91.344 Y113.55 E139.34922
G1 X91.344 Y114.372 E139.399
G1 X105.628 Y128.656 E140.62235
G1 X104.805 Y128.656 E140.67219
G1 X91.344 Y115.195 E141.82505
G1 X91.344 Y116.017 E141.87483
G1 X103.983 Y128.656 E142.95729
G1 X103.16 Y128.656 E143.00713
G1 X91.344 Y116.84 E144.01911
G1 X91.344 Y117.662 E144.06889
G1 X102.338 Y128.656 E145.01047
G1 X101.516 Y128.656 E145.06025
G1 X91.344 Y118.484 E145.93143
G1 X91.344 Y119.307 E145.98127
G1 X100.693 Y128.656 E146.78196
G1 X99.871 Y128.656 E146.83174
G1 X91.344 Y120.129 E147.56203
G1 X91.344 Y120.952 E147.61187
G1 X99.048 Y128.656 E148.27168
G1 X98.226 Y128.656 E148.32146
G1 X91.344 Y121.774 E148.91087
G1 X91.344 Y122.597 E148.96071
G1 X97.403 Y128.656 E149.47963
G1 X96.581 Y128.656 E149.52941
G1 X91.344 Y123.419 E149.97793
G1 X91.344 Y124.241 E150.02771
G1 X95.759 Y128.656 E150.40583
G1 X94.936 Y128.656 E150.45567
G1 X91.344 Y125.064 E150.76331
G1 X91.344 Y125.886 E150.81309
G1 X94.114 Y128.656 E151.05033
G1 X93.291 Y128.656 E151.10017
G1 X91.344 Y126.709 E151.26692
G1 X91.344 Y127.531 E151.3167
G1 X92.469 Y128.656 E151.41305
G1 X91.646 Y128.656 E151.46289
G1 X91.161 Y128.17 E151.50447
;LAYER_CHANGE
;Z:13.5
;HEIGHT:0.2
G1 E149.50447 F2400
G92 E0
G1 Z13.5 F7800
G1 X128.961 Y128.961
G1 E2 F2400
;TYPE:Perimeter
;WIDTH:0.449999
G1 F3254
G1 X91.039 Y128.961 E3.28361
G1 X91.039 Y91.039 E4.56722
G1 X128.961 Y91.039 E5.85083
G1 X128.961 Y128.901 E7.13241
G1 X129.368 Y129.368 F7800
M73 P35 R69
G1 F3254
G1 X90.632 Y129.368 E8.44358
G1 X90.632 Y90.632 E9.75475
G1 X129.368 Y90.632 E11.06592
M73 P36 R69
G1 X129.368 Y129.308 E12.37505
G1 X129.775 Y129.775 F7800
;TYPE:External perimeter
G1 F2400
G1 X90.225 Y129.775 E13.71377
G1 X90.225 Y90.225 E15.05249
G1 X129.775 Y90.225 E16.39121
G1 X129.775 Y129.715 E17.7279
G1 X129.379 Y129.774 F7800
M73 Q36 S71
;LAYER_CHANGE
;Z:13.7
;HEIGHT:0.2
G1 Z13.7 F7800
G1 X128.961 Y128.961
;TYPE:Perimeter
G1 F4800
G1 X91.039 Y128.961 E19.01151
G1 X91.039 Y91.039 E20.29512
G1 X128.961 Y91.039 E21.57873
G1 X128.961 Y128.901 E22.86031
G1 X129.368 Y129.368 F7800
G1 F4800
G1 X90.632 Y129.368 E24.17148
G1 X90.632 Y90.632 E25.48265
G1 X129.368 Y90.632 E26.79382
G1 X129.368 Y129.308 E28.10295
G1 X129.775 Y129.775 F7800
;TYPE:External perimeter
G1 F2400
G1 X90.225 Y129.775 E29.44167
G1 X90.225 Y90.225 E30.78039
G1 X129.775 Y90.225 E32.11911
G1 X129.775 Y129.715 E33.4558
G1 X129.379 Y129.774 F7800
G1 X128.17 Y128.839
;TYPE:Internal infill
;WIDTH:0.45
;HEIGHT:0.4
G1 F4800
G1 X128.656 Y128.354 E33.49738
G1 X128.656 Y127.531 E33.54722
G1 X127.531 Y128.656 E33.64357
G1 X126.709 Y128.656 E33.69335
G1 X128.656 Y126.709 E33.8601
G1 X128.656 Y125.886 E33.90994
G1 X125.886 Y128.656 E34.14718
G1 X125.064 Y128.656 E34.19696
G1 X128.656 Y125.064 E34.5046
G1 X128.656 Y124.241 E34.55444
G1 X124.241 Y128.656 E34.93256
G1 X123.419 Y128.656 E34.98234
G1 X128.656 Y123.419 E35.43086
G1 X128.656 Y122.597 E35.48064
G1 X122.597 Y128.656 E35.99956
G1 X121.774 Y128.656 E36.0494
G1 X128.656 Y121.774 E36.63881
G1 X128.656 Y120.952 E36.68859
G1 X120.952 Y128.656 E37.3484
G1 X120.129 Y128.656 E37.39824
G1 X128.656 Y120.129 E38.12853
G1 X128.656 Y119.307 E38.17831
G1 X119.307 Y128.656 E38.979
G1 X118.484 Y128.656 E39.02884
G1 X128.656 Y118.484 E39.90002
G1 X128.656 Y117.662 E39.9498
G1 X117.662 Y128.656 E40.89138
G1 X116.84 Y128.656 E40.94116
G1 X128.656 Y116.84 E41.95314
G1 X128.656 Y116.017 E42.00298
G1 X116.017 Y128.656 E43.08544
G1 X115.195 Y128.656 E43.13522
G1 X128.656 Y115.195 E44.28808
G1 X128.656 Y114.372 E44.33792
G1 X114.372 Y128.656 E45.56127
G1 X113.55 Y128.656 E45.61105
G1 X128.656 Y113.55 E46.9048
G1 X128.656 Y112.728 E46.95458
G1 X112.728 Y128.656 E48.31873
G1 X111.905 Y128.656 E48.36857
G1 X128.656 Y111.905 E49.8032
G1 X128.656 Y111.083 E49.85298
G1 X111.083 Y128.656 E51.35801
G1 X110.26 Y128.656 E51.40785
G1 X128.656 Y110.26 E52.98337
G1 X128.656 Y109.438 E53.03315
G1 X109.438 Y128.656 E54.67907
G1 X108.615 Y128.656 E54.72891
G1 X128.656 Y108.615 E56.44531
G1 X128.656 Y107.793 E56.49509
G1 X107.793 Y128.656 E58.28189
G1 X106.971 Y128.656 E58.33167
G1 X128.656 Y106.971 E60.18887
G1 X128.656 Y106.148 E60.23871
G1 X106.148 Y128.656 E62.1664
G1 X105.326 Y128.656 E62.21618
G1 X128.656 Y105.326 E64.21427
G1 X128.656 Y104.503 E64.26411
G1 X104.503 Y128.656 E66.33269
G1 X103.681 Y128.656 E66.38247
G1 X128.656 Y103.681 E68.52145
G1 X128.656 Y102.858 E68.57129
G1 X102.858 Y128.656 E70.78075
G1 X102.036 Y128.656 E70.83053
G1 X128.656 Y102.036 E73.11039
G1 X128.656 Y101.214 E73.16017
G1 X101.214 Y128.656 E75.51043
G1 X100.391 Y128.656 E75.56027
G1 X128.656 Y100.391 E77.98102
G1 X128.656 Y99.569 E78.0308
G1 X99.569 Y128.656 E80.52195
G1 X98.746 Y128.656 E80.57179
G1 X128.656 Y98.746 E83.13342
G1 X128.656 Y97.924 E83.1832
G1 X97.924 Y128.656 E85.81523
G1 X97.101 Y128.656 E85.86507
G1 X128.656 Y97.101 E88.56759
G1 X128.656 Y96.279 E88.61737
G1 X96.279 Y128.656 E91.39029
G1 X95.457 Y128.656 E91.44007
G1 X128.656 Y95.457 E94.28339
G1 X128.656 Y94.634 E94.33323
G1 X94.634 Y128.656 E97.24703
G1 X93.812 Y128.656 E97.29681
G1 X128.656 Y93.812 E100.28101
G1 X128.656 Y92.989 E100.33085
G1 X92.989 Y128.656 E103.38554
G1 X92.167 Y128.656 E103.43532
G1 X128.656 Y92.167 E106.56041
G1 X128.656 Y91.344 E106.61025
G1 X91.344 Y128.656 E109.80582
G1 X91.344 Y127.833 E109.85566
G1 X127.833 Y91.344 E112.98075
G1 X127.011 Y91.344 E113.03053
G1 X91.344 Y127.011 E116.08522
G1 X91.344 Y126.188 E116.13506
G1 X126.188 Y91.344 E119.11926
G1 X125.366 Y91.344 E119.16904
G1 X91.344 Y125.366 E122.08284
G1 X91.344 Y124.543 E122.13268
G1 X124.543 Y91.344 E124.976
G1 X123.721 Y91.344 E125.02578
G1 X91.344 Y123.721 E127.7987
G1 X91.344 Y122.899 E127.84848
G1 X122.899 Y91.344 E130.551
G1 X122.076 Y91.344 E130.60084
M73 Q36 S70
G1 X91.344 Y122.076 E133.23287
G1 X91.344 Y121.254 E133.28265
G1 X121.254 Y91.344 E135.84428
G1 X120.431 Y91.344 E135.89412
G1 X91.344 Y120.431 E138.38527
G1 X91.344 Y119.609 E138.43505
G1 X119.609 Y91.344 E140.8558
G1 X118.786 Y91.344 E140.90564
G1 X91.344 Y118.786 E143.2559
G1 X91.344 Y117.964 E143.30568
G1 X117.964 Y91.344 E145.58554
G1 X117.142 Y91.344 E145.63532
G1 X91.344 Y117.142 E147.84478
G1 X91.344 Y116.319 E147.89462
G1 X116.319 Y91.344 E150.0336
G1 X115.497 Y91.344 E150.08338
G1 X91.344 Y115.497 E152.15196
G1 X91.344 Y114.674 E152.2018
G1 X114.674 Y91.344 E154.19989
G1 X113.852 Y91.344 E154.24967
G1 X91.344 Y113.852 E156.17736
G1 X91.344 Y113.029 E156.2272
G1 X113.029 Y91.344 E158.0844
G1 X112.207 Y91.344 E158.13418
G1 X91.344 Y112.207 E159.92098
G1 X91.344 Y111.385 E159.97076
G1 X111.385 Y91.344 E161.68716
G1 X110.562 Y91.344 E161.737
G1 X91.344 Y110.562 E163.38292
G1 X91.344 Y109.74 E163.4327
G1 X109.74 Y91.344 E165.00822
G1 X108.917 Y91.344 E165.05806
G1 X91.344 Y108.917 E166.56309
G1 X91.344 Y108.095 E166.61287
G1 X108.095 Y91.344 E168.0475
G1 X107.272 Y91.344 E168.09734
G1 X91.344 Y107.272 E169.46149
G1 X91.344 Y106.45 E169.51127
G1 X106.45 Y91.344 E170.80502
G1 X105.628 Y91.344 E170.8548
G1 X91.344 Y105.628 E172.07815
G1 X91.344 Y104.805 E172.12799
G1 X104.805 Y91.344 E173.28085
G1 X103.983 Y91.344 E173.33063
G1 X91.344 Y103.983 E174.41309
G1 X91.344 Y103.16 E174.46293
G1 X103.16 Y91.344 E175.47491
G1 X102.338 Y91.344 E175.52469
G1 X91.344 Y102.338 E176.46627
G1 X91.344 Y101.516 E176.51605
G1 X101.516 Y91.344 E177.38723
G1 X100.693 Y91.344 E177.43707
G1 X91.344 Y100.693 E178.23776
G1 X91.344 Y99.871 E178.28754
G1 X99.871 Y91.344 E179.01783
G1 X99.048 Y91.344 E179.06767
G1 X91.344 Y99.048 E179.72748
G1 X91.344 Y98.226 E179.77726
G1 X98.226 Y91.344 E180.36667
G1 X97.403 Y91.344 E180.41651
G1 X91.344 Y97.403 E180.93543
G1 X91.344 Y96.581 E180.98521
G1 X96.581 Y91.344 E181.43373
G1 X95.759 Y91.344 E181.48351
G1 X91.344 Y95.759 E181.86163
G1 X91.344 Y94.936 E181.91147
G1 X94.936 Y91.344 E182.21911
G1 X94.114 Y91.344 E182.26889
G1 X91.344 Y94.114 E182.50613
G1 X91.344 Y93.291 E182.55597
G1 X93.291 Y91.344 E182.72272
G1 X92.469 Y91.344 E182.7725
G1 X91.344 Y92.469 E182.86885
G1 X91.344 Y91.646 E182.91869
G1 X91.83 Y91.161 E182.96027
;LAYER_CHANGE
;Z:13.9
;HEIGHT:0.2
G1 E180.96027 F2400
G92 E0
G1 Z13.9 F7800
G1 X128.961 Y128.961
G1 E2 F2400
;TYPE:Perimeter
;WIDTH:0.449999
G1 F3323
G1 X91.039 Y128.961 E3.28361
G1 X91.039 Y91.039 E4.56722
G1 X128.961 Y91.039 E5.85083
G1 X128.961 Y128.901 E7.13241
G1 X129.368 Y129.368 F7800
G1 F3323
G1 X90.632 Y129.368 E8.44358
G1 X90.632 Y90.632 E9.75475
G1 X129.368 Y90.632 E11.06592
G1 X129.368 Y129.308 E12.37505
G1 X129.775 Y129.775 F7800
;TYPE:External perimeter
G1 F2400
G1 X90.225 Y129.775 E13.71377
G1 X90.225 Y90.225 E15.05249
G1 X129.775 Y90.225 E16.39121
M73 P36 R68
G1 X129.775 Y129.715 E17.7279
G1 X129.379 Y129.774 F7800
;LAYER_CHANGE
;Z:14.1
;HEIGHT:0.200001
G1 Z14.1 F7800
G1 X128.961 Y128.961
;TYPE:Perimeter
G1 F4800
G1 X91.039 Y128.961 E19.01151
G1 X91.039 Y91.039 E20.29512
G1 X128.961 Y91.039 E21.57873
G1 X128.961 Y128.901 E22.86031
G1 X129.368 Y129.368 F7800
G1 F4800
G1 X90.632 Y129.368 E24.17148
G1 X90.632 Y90.632 E25.48265
G1 X129.368 Y90.632 E26.79382
G1 X129.368 Y129.308 E28.10295
G1 X129.775 Y129.775 F7800
;TYPE:External perimeter
G1 F2400
G1 X90.225 Y129.775 E29.44167
G1 X90.225 Y90.225 E30.78039
M73 P37 R68
G1 X129.775 Y90.225 E32.11911
G1 X129.775 Y129.715 E33.4558
G1 X129.379 Y129.774 F7800
G1 E31.4558 F2400
G92 E0
G1 X128.839 Y91.83 F7800
G1 E2 F2400
;TYPE:Internal infill
;WIDTH:0.45
;HEIGHT:0.4
G1 F4800
G1 X128.354 Y91.344 E2.04158
G1 X127.531 Y91.344 E2.09142
G1 X128.656 Y92.469 E2.18777
G1 X128.656 Y93.291 E2.23755
G1 X126.709 Y91.344 E2.4043
G1 X125.886 Y91.344 E2.45414
G1 X128.656 Y94.114 E2.69138
G1 X128.656 Y94.936 E2.74116
G1 X125.064 Y91.344 E3.0488
G1 X124.241 Y91.344 E3.09864
G1 X128.656 Y95.759 E3.47676
G1 X128.656 Y96.581 E3.52654
G1 X123.419 Y91.344 E3.97506
G1 X122.597 Y91.344 E4.02484
M73 Q37 S70
G1 X128.656 Y97.403 E4.54376
G1 X128.656 Y98.226 E4.5936
G1 X121.774 Y91.344 E5.18301
G1 X120.952 Y91.344 E5.23279
G1 X128.656 Y99.048 E5.8926
G1 X128.656 Y99.871 E5.94244
G1 X120.129 Y91.344 E6.67273
G1 X119.307 Y91.344 E6.72251
G1 X128.656 Y100.693 E7.5232
G1 X128.656 Y101.516 E7.57304
G1 X118.484 Y91.344 E8.44422
G1 X117.662 Y91.344 E8.494
G1 X128.656 Y102.338 E9.43558
G1 X128.656 Y103.16 E9.48536
G1 X116.84 Y91.344 E10.49734
G1 X116.017 Y91.344 E10.54718
G1 X128.656 Y103.983 E11.62964
G1 X128.656 Y104.805 E11.67942
G1 X115.195 Y91.344 E12.83228
G1 X114.372 Y91.344 E12.88212
G1 X128.656 Y105.628 E14.10547
G1 X128.656 Y106.45 E14.15525
G1 X113.55 Y91.344 E15.449
G1 X112.728 Y91.344 E15.49878
G1 X128.656 Y107.272 E16.86293
G1 X128.656 Y108.095 E16.91277
G1 X111.905 Y91.344 E18.3474
G1 X111.083 Y91.344 E18.39718
G1 X128.656 Y108.917 E19.90221
G1 X128.656 Y109.74 E19.95205
G1 X110.26 Y91.344 E21.52757
G1 X109.438 Y91.344 E21.57735
G1 X128.656 Y110.562 E23.22327
G1 X128.656 Y111.385 E23.27311
G1 X108.615 Y91.344 E24.98951
G1 X107.793 Y91.344 E25.03929
G1 X128.656 Y112.207 E26.82609
G1 X128.656 Y113.029 E26.87587
G1 X106.971 Y91.344 E28.73307
G1 X106.148 Y91.344 E28.78291
G1 X128.656 Y113.852 E30.7106
G1 X128.656 Y114.674 E30.76038
G1 X105.326 Y91.344 E32.75847
G1 X104.503 Y91.344 E32.80831
G1 X128.656 Y115.497 E34.87689
G1 X128.656 Y116.319 E34.92667
G1 X103.681 Y91.344 E37.06565
G1 X102.858 Y91.344 E37.11549
G1 X128.656 Y117.142 E39.32495
G1 X128.656 Y117.964 E39.37473
G1 X102.036 Y91.344 E41.65459
G1 X101.214 Y91.344 E41.70437
G1 X128.656 Y118.786 E44.05463
G1 X128.656 Y119.609 E44.10447
G1 X100.391 Y91.344 E46.52522
G1 X99.569 Y91.344 E46.575
G1 X128.656 Y120.431 E49.06615
G1 X128.656 Y121.254 E49.11599
G1 X98.746 Y91.344 E51.67762
G1 X97.924 Y91.344 E51.7274
G1 X128.656 Y122.076 E54.35943
G1 X128.656 Y122.899 E54.40927
G1 X97.101 Y91.344 E57.11179
G1 X96.279 Y91.344 E57.16157
G1 X128.656 Y123.721 E59.93449
G1 X128.656 Y124.543 E59.98427
G1 X95.457 Y91.344 E62.82759
G1 X94.634 Y91.344 E62.87743
G1 X128.656 Y125.366 E65.79123
G1 X128.656 Y126.188 E65.84101
G1 X93.812 Y91.344 E68.82521
G1 X92.989 Y91.344 E68.87505
G1 X128.656 Y127.011 E71.92974
G1 X128.656 Y127.833 E71.97952
G1 X92.167 Y91.344 E75.10461
G1 X91.344 Y91.344 E75.15445
G1 X128.656 Y128.656 E78.35002
G1 X127.833 Y128.656 E78.39986
G1 X91.344 Y92.167 E81.52495
G1 X91.344 Y92.989 E81.57473
G1 X127.011 Y128.656 E84.62942
G1 X126.188 Y128.656 E84.67926
G1 X91.344 Y93.812 E87.66346
G1 X91.344 Y94.634 E87.71324
G1 X125.366 Y128.656 E90.62704
G1 X124.543 Y128.656 E90.67688
G1 X91.344 Y95.457 E93.5202
G1 X91.344 Y96.279 E93.56998
G1 X123.721 Y128.656 E96.3429
G1 X122.899 Y128.656 E96.39268
G1 X91.344 Y97.101 E99.0952
G1 X91.344 Y97.924 E99.14504
G1 X122.076 Y128.656 E101.77707
G1 X121.254 Y128.656 E101.82685
G1 X91.344 Y98.746 E104.38848
G1 X91.344 Y99.569 E104.43832
G1 X120.431 Y128.656 E106.92947
G1 X119.609 Y128.656 E106.97925
G1 X91.344 Y100.391 E109.4
G1 X91.344 Y101.214 E109.44984
G1 X118.786 Y128.656 E111.8001
G1 X117.964 Y128.656 E111.84988
M73 Q37 S69
G1 X91.344 Y102.036 E114.12974
G1 X91.344 Y102.858 E114.17952
G1 X117.142 Y128.656 E116.38898
G1 X116.319 Y128.656 E116.43882
G1 X91.344 Y103.681 E118.5778
G1 X91.344 Y104.503 E118.62758
G1 X115.497 Y128.656 E120.69616
G1 X114.674 Y128.656 E120.746
G1 X91.344 Y105.326 E122.74409
G1 X91.344 Y106.148 E122.79387
G1 X113.852 Y128.656 E124.72156
G1 X113.029 Y128.656 E124.7714
G1 X91.344 Y106.971 E126.6286
G1 X91.344 Y107.793 E126.67838
G1 X112.207 Y128.656 E128.46518
G1 X111.385 Y128.656 E128.51496
G1 X91.344 Y108.615 E130.23136
G1 X91.344 Y109.438 E130.2812
G1 X110.562 Y128.656 E131.92712
G1 X109.74 Y128.656 E131.9769
G1 X91.344 Y110.26 E133.55242
G1 X91.344 Y111.083 E133.60226
G1 X108.917 Y128.656 E135.10729
G1 X108.095 Y128.656 E135.15707
G1 X91.344 Y111.905 E136.5917
G1 X91.344 Y112.728 E136.64154
G1 X107.272 Y128.656 E138.00569
G1 X106.45 Y128.656 E138.05547
G1 X91.344 Y113.55 E139.34922
G1 X91.344 Y114.372 E139.399
G1 X105.628 Y128.656 E140.62235
G1 X104.805 Y128.656 E140.67219
G1 X91.344 Y115.195 E141.82505
G1 X91.344 Y116.017 E141.87483
G1 X103.983 Y128.656 E142.95729
G1 X103.16 Y128.656 E143.00713
G1 X91.344 Y116.84 E144.01911
G1 X91.344 Y117.662 E144.06889
G1 X102.338 Y128.656 E145.01047
G1 X101.516 Y128.656 E145.06025
G1 X91.344 Y118.484 E145.93143
G1 X91.344 Y119.307 E145.98127
G1 X100.693 Y128.656 E146.78196
G1 X99.871 Y128.656 E146.83174
G1 X91.344 Y120.129 E147.56203
G1 X91.344 Y120.952 E147.61187
G1 X99.048 Y128.656 E148.27168
G1 X98.226 Y128.656 E148.32146
G1 X91.344 Y121.774 E148.91087
G1 X91.344 Y122.597 E148.96071
G1 X97.403 Y128.656 E149.47963
G1 X96.581 Y128.656 E149.52941
G1 X91.344 Y123.419 E149.97793
G1 X91.344 Y124.241 E150.02771
G1 X95.759 Y128.656 E150.40583
G1 X94.936 Y128.656 E150.45567
G1 X91.344 Y125.064 E150.76331
G1 X91.344 Y125.886 E150.81309
G1 X94.114 Y128.656 E151.05033
G1 X93.291 Y128.656 E151.10017
G1 X91.344 Y126.709 E151.26692
G1 X91.344 Y127.531 E151.3167
G1 X92.469 Y128.656 E151.41305
G1 X91.646 Y128.656 E151.46289
G1 X91.161 Y128.17 E151.50447
;LAYER_CHANGE
;Z:14.3
;HEIGHT:0.2
G1 E149.50447 F2400
G92 E0
G1 Z14.3 F7800
G1 X128.961 Y128.961
G1 E2 F2400
;TYPE:Perimeter
;WIDTH:0.449999
G1 F3254
G1 X91.039 Y128.961 E3.28361
G1 X91.039 Y91.039 E4.56722
G1 X128.961 Y91.039 E5.85083
G1 X128.961 Y128.901 E7.13241
G1 X129.368 Y129.368 F7800
G1 F3254
G1 X90.632 Y129.368 E8.44358
G1 X90.632 Y90.632 E9.75475
G1 X129.368 Y90.632 E11.06592
G1 X129.368 Y129.308 E12.37505
G1 X129.775 Y129.775 F7800
;TYPE:External perimeter
G1 F2400
G1 X90.225 Y129.775 E13.71377
G1 X90.225 Y90.225 E15.05249
G1 X129.775 Y90.225 E16.39121
G1 X129.775 Y129.715 E17.7279
G1 X129.379 Y129.774 F7800
;LAYER_CHANGE
;Z:14.5
;HEIGHT:0.2
G1 Z14.5 F7800
G1 X128.961 Y128.961
;TYPE:Perimeter
G1 F4800
G1 X91.039 Y128.961 E19.01151
G1 X91.039 Y91.039 E20.29512
G1 X128.961 Y91.039 E21.57873
G1 X128.961 Y128.901 E22.86031
M73 P37 R67
G1 X129.368 Y129.368 F7800
G1 F4800
G1 X90.632 Y129.368 E24.17148
G1 X90.632 Y90.632 E25.48265
G1 X129.368 Y90.632 E26.79382
G1 X129.368 Y129.308 E28.10295
G1 X129.775 Y129.775 F7800
;TYPE:External perimeter
G1 F2400
G1 X90.225 Y129.775 E29.44167
G1 X90.225 Y90.225 E30.78039
G1 X129.775 Y90.225 E32.11911
G1 X129.775 Y129.715 E33.4558
G1 X129.379 Y129.774 F7800
G1 X128.17 Y128.839
;TYPE:Internal infill
;WIDTH:0.45
;HEIGHT:0.4
G1 F4800
G1 X128.656 Y128.354 E33.49738
G1 X128.656 Y127.531 E33.54722
G1 X127.531 Y128.656 E33.64357
G1 X126.709 Y128.656 E33.69335
G1 X128.656 Y126.709 E33.8601
G1 X128.656 Y125.886 E33.90994
G1 X125.886 Y128.656 E34.14718
G1 X125.064 Y128.656 E34.19696
G1 X128.656 Y125.064 E34.5046
G1 X128.656 Y124.241 E34.55444
G1 X124.241 Y128.656 E34.93256
G1 X123.419 Y128.656 E34.98234
G1 X128.656 Y123.419 E35.43086
G1 X128.656 Y122.597 E35.48064
G1 X122.597 Y128.656 E35.99956
G1 X121.774 Y128.656 E36.0494
G1 X128.656 Y121.774 E36.63881
G1 X128.656 Y120.952 E36.68859
G1 X120.952 Y128.656 E37.3484
G1 X120.129 Y128.656 E37.39824
G1 X128.656 Y120.129 E38.12853
G1 X128.656 Y119.307 E38.17831
G1 X119.307 Y128.656 E38.979
G1 X118.484 Y128.656 E39.02884
G1 X128.656 Y118.484 E39.90002
G1 X128.656 Y117.662 E39.9498
G1 X117.662 Y128.656 E40.89138
G1 X116.84 Y128.656 E40.94116
G1 X128.656 Y116.84 E41.95314
G1 X128.656 Y116.017 E42.00298
G1 X116.017 Y128.656 E43.08544
G1 X115.195 Y128.656 E43.13522
G1 X128.656 Y115.195 E44.28808
G1 X128.656 Y114.372 E44.33792
G1 X114.372 Y128.656 E45.56127
G1 X113.55 Y128.656 E45.61105
G1 X128.656 Y113.55 E46.9048
G1 X128.656 Y112.728 E46.95458
G1 X112.728 Y128.656 E48.31873
G1 X111.905 Y128.656 E48.36857
G1 X128.656 Y111.905 E49.8032
G1 X128.656 Y111.083 E49.85298
G1 X111.083 Y128.656 E51.35801
G1 X110.26 Y128.656 E51.40785
G1 X128.656 Y110.26 E52.98337
G1 X128.656 Y109.438 E53.03315
G1 X109.438 Y128.656 E54.67907
G1 X108.615 Y128.656 E54.72891
G1 X128.656 Y108.615 E56.44531
G1 X128.656 Y107.793 E56.49509
M73 P38 R67
G1 X107.793 Y128.656 E58.28189
G1 X106.971 Y128.656 E58.33167
G1 X128.656 Y106.971 E60.18887
G1 X128.656 Y106.148 E60.23871
G1 X106.148 Y128.656 E62.1664
G1 X105.326 Y128.656 E62.21618
G1 X128.656 Y105.326 E64.21427
G1 X128.656 Y104.503 E64.26411
G1 X104.503 Y128.656 E66.33269
G1 X103.681 Y128.656 E66.38247
G1 X128.656 Y103.681 E68.52145
G1 X128.656 Y102.858 E68.57129
G1 X102.858 Y128.656 E70.78075
G1 X102.036 Y128.656 E70.83053
G1 X128.656 Y102.036 E73.11039
G1 X128.656 Y101.214 E73.16017
G1 X101.214 Y128.656 E75.51043
G1 X100.391 Y128.656 E75.56027
M73 Q38 S69
G1 X128.656 Y100.391 E77.98102
G1 X128.656 Y99.569 E78.0308
G1 X99.569 Y128.656 E80.52195
G1 X98.746 Y128.656 E80.57179
G1 X128.656 Y98.746 E83.13342
G1 X128.656 Y97.924 E83.1832
G1 X97.924 Y128.656 E85.81523
G1 X97.101 Y128.656 E85.86507
G1 X128.656 Y97.101 E88.56759
G1 X128.656 Y96.279 E88.61737
G1 X96.279 Y128.656 E91.39029
G1 X95.457 Y128.656 E91.44007
G1 X128.656 Y95.457 E94.28339
G1 X128.656 Y94.634 E94.33323
G1 X94.634 Y128.656 E97.24703
G1 X93.812 Y128.656 E97.29681
G1 X128.656 Y93.812 E100.28101
G1 X128.656 Y92.989 E100.33085
G1 X92.989 Y128.656 E103.38554
G1 X92.167 Y128.656 E103.43532
G1 X128.656 Y92.167 E106.56041
G1 X128.656 Y91.344 E106.61025
G1 X91.344 Y128.656 E109.80582
G1 X91.344 Y127.833 E109.85566
G1 X127.833 Y91.344 E112.98075
G1 X127.011 Y91.344 E113.03053
G1 X91.344 Y127.011 E116.08522
G1 X91.344 Y126.188 E116.13506
G1 X126.188 Y91.344 E119.11926
G1 X125.366 Y91.344 E119.16904
G1 X91.344 Y125.366 E122.08284
G1 X91.344 Y124.543 E122.13268
G1 X124.543 Y91.344 E124.976
G1 X123.721 Y91.344 E125.02578
G1 X91.344 Y123.721 E127.7987
G1 X91.344 Y122.899 E127.84848
G1 X122.899 Y91.344 E130.551
G1 X122.076 Y91.344 E130.60084
G1 X91.344 Y122.076 E133.23287
G1 X91.344 Y121.254 E133.28265
G1 X121.254 Y91.344 E135.84428
G1 X120.431 Y91.344 E135.89412
G1 X91.344 Y120.431 E138.38527
G1 X91.344 Y119.609 E138.43505
G1 X119.609 Y91.344 E140.8558
G1 X118.786 Y91.344 E140.90564
G1 X91.344 Y118.786 E143.2559
G1 X91.344 Y117.964 E143.30568
G1 X117.964 Y91.344 E145.58554
G1 X117.142 Y91.344 E145.63532
G1 X91.344 Y117.142 E147.84478
G1 X91.344 Y116.319 E147.89462
G1 X116.319 Y91.344 E150.0336
G1 X115.497 Y91.344 E150.08338
G1 X91.344 Y115.497 E152.15196
G1 X91.344 Y114.674 E152.2018
G1 X114.674 Y91.344 E154.19989
G1 X113.852 Y91.344 E154.24967
G1 X91.344 Y113.852 E156.17736
G1 X91.344 Y113.029 E156.2272
M73 Q38 S68
G1 X113.029 Y91.344 E158.0844
G1 X112.207 Y91.344 E158.13418
G1 X91.344 Y112.207 E159.92098
G1 X91.344 Y111.385 E159.97076
G1 X111.385 Y91.344 E161.68716
G1 X110.562 Y91.344 E161.737
G1 X91.344 Y110.562 E163.38292
G1 X91.344 Y109.74 E163.4327
G1 X109.74 Y91.344 E165.00822
G1 X108.917 Y91.344 E165.05806
G1 X91.344 Y108.917 E166.56309
G1 X91.344 Y108.095 E166.61287
G1 X108.095 Y91.344 E168.0475
G1 X107.272 Y91.344 E168.09734
G1 X91.344 Y107.272 E169.46149
G1 X91.344 Y106.45 E169.51127
G1 X106.45 Y91.344 E170.80502
G1 X105.628 Y91.344 E170.8548
G1 X91.344 Y105.628 E172.07815
G1 X91.344 Y104.805 E172.12799
G1 X104.805 Y91.344 E173.28085
G1 X103.983 Y91.344 E173.33063
G1 X91.344 Y103.983 E174.41309
G1 X91.344 Y103.16 E174.46293
G1 X103.16 Y91.344 E175.47491
G1 X102.338 Y91.344 E175.52469
G1 X91.344 Y102.338 E176.46627
G1 X91.344 Y101.516 E176.51605
G1 X101.516 Y91.344 E177.38723
G1 X100.693 Y91.344 E177.43707
G1 X91.344 Y100.693 E178.23776
G1 X91.344 Y99.871 E178.28754
G1 X99.871 Y91.344 E179.01783
G1 X99.048 Y91.344 E179.06767
G1 X91.344 Y99.048 E179.72748
G1 X91.344 Y98.226 E179.77726
G1 X98.226 Y91.344 E180.36667
G1 X97.403 Y91.344 E180.41651
G1 X91.344 Y97.403 E180.93543
G1 X91.344 Y96.581 E180.98521
G1 X96.581 Y91.344 E181.43373
G1 X95.759 Y91.344 E181.48351
G1 X91.344 Y95.759 E181.86163
G1 X91.344 Y94.936 E181.91147
G1 X94.936 Y91.344 E182.21911
G1 X94.114 Y91.344 E182.26889
G1 X91.344 Y94.114 E182.50613
G1 X91.344 Y93.291 E182.55597
G1 X93.291 Y91.344 E182.72272
G1 X92.469 Y91.344 E182.7725
G1 X91.344 Y92.469 E182.86885
G1 X91.344 Y91.646 E182.91869
G1 X91.83 Y91.161 E182.96027
;LAYER_CHANGE
;Z:14.7
;HEIGHT:0.2
G1 E180.96027 F2400
G92 E0
G1 Z14.7 F7800
G1 X128.961 Y128.961
G1 E2 F2400
;TYPE:Perimeter
;WIDTH:0.449999
G1 F3323
G1 X91.039 Y128.961 E3.28361
G1 X91.039 Y91.039 E4.56722
G1 X128.961 Y91.039 E5.85083
G1 X128.961 Y128.901 E7.13241
G1 X129.368 Y129.368 F7800
G1 F3323
G1 X90.632 Y129.368 E8.44358
G1 X90.632 Y90.632 E9.75475
G1 X129.368 Y90.632 E11.06592
G1 X129.368 Y129.308 E12.37505
G1 X129.775 Y129.775 F7800
;TYPE:External perimeter
G1 F2400
G1 X90.225 Y129.775 E13.71377
G1 X90.225 Y90.225 E15.05249
G1 X129.775 Y90.225 E16.39121
G1 X129.775 Y129.715 E17.7279
G1 X129.379 Y129.774 F7800
;LAYER_CHANGE
;Z:14.9
;HEIGHT:0.2
G1 Z14.9 F7800
G1 X128.961 Y128.961
;TYPE:Perimeter
G1 F4800
G1 X91.039 Y128.961 E19.01151
G1 X91.039 Y91.039 E20.29512
G1 X128.961 Y91.039 E21.57873
G1 X128.961 Y128.901 E22.86031
G1 X129.368 Y129.368 F7800
G1 F4800
G1 X90.632 Y129.368 E24.17148
G1 X90.632 Y90.632 E25.48265
G1 X129.368 Y90.632 E26.79382
G1 X129.368 Y129.308 E28.10295
G1 X129.775 Y129.775 F7800
;TYPE:External perimeter
G1 F2400
G1 X90.225 Y129.775 E29.44167
G1 X90.225 Y90.225 E30.78039
G1 X129.775 Y90.225 E32.11911
M73 P38 R66
G1 X129.775 Y129.715 E33.4558
G1 X129.379 Y129.774 F7800
G1 E31.4558 F2400
G92 E0
G1 X128.839 Y91.83 F7800
G1 E2 F2400
;TYPE:Internal infill
;WIDTH:0.45
;HEIGHT:0.4
G1 F4800
G1 X128.354 Y91.344 E2.04158
G1 X127.531 Y91.344 E2.09142
G1 X128.656 Y92.469 E2.18777
G1 X128.656 Y93.291 E2.23755
G1 X126.709 Y91.344 E2.4043
G1 X125.886 Y91.344 E2.45414
G1 X128.656 Y94.114 E2.69138
G1 X128.656 Y94.936 E2.74116
G1 X125.064 Y91.344 E3.0488
G1 X124.241 Y91.344 E3.09864
G1 X128.656 Y95.759 E3.47676
G1 X128.656 Y96.581 E3.52654
G1 X123.419 Y91.344 E3.97506
G1 X122.597 Y91.344 E4.02484
G1 X128.656 Y97.403 E4.54376
G1 X128.656 Y98.226 E4.5936
G1 X121.774 Y91.344 E5.18301
G1 X120.952 Y91.344 E5.23279
G1 X128.656 Y99.048 E5.8926
G1 X128.656 Y99.871 E5.94244
G1 X120.129 Y91.344 E6.67273
G1 X119.307 Y91.344 E6.72251
G1 X128.656 Y100.693 E7.5232
G1 X128.656 Y101.516 E7.57304
G1 X118.484 Y91.344 E8.44422
G1 X117.662 Y91.344 E8.494
G1 X128.656 Y102.338 E9.43558
G1 X128.656 Y103.16 E9.48536
G1 X116.84 Y91.344 E10.49734
G1 X116.017 Y91.344 E10.54718
G1 X128.656 Y103.983 E11.62964
G1 X128.656 Y104.805 E11.67942
G1 X115.195 Y91.344 E12.83228
G1 X114.372 Y91.344 E12.88212
G1 X128.656 Y105.628 E14.10547
G1 X128.656 Y106.45 E14.15525
G1 X113.55 Y91.344 E15.449
G1 X112.728 Y91.344 E15.49878
G1 X128.656 Y107.272 E16.86293
G1 X128.656 Y108.095 E16.91277
G1 X111.905 Y91.344 E18.3474
G1 X111.083 Y91.344 E18.39718
G1 X128.656 Y108.917 E19.90221
G1 X128.656 Y109.74 E19.95205
G1 X110.26 Y91.344 E21.52757
G1 X109.438 Y91.344 E21.57735
G1 X128.656 Y110.562 E23.22327
G1 X128.656 Y111.385 E23.27311
G1 X108.615 Y91.344 E24.98951
G1 X107.793 Y91.344 E25.03929
G1 X128.656 Y112.207 E26.82609
G1 X128.656 Y113.029 E26.87587
G1 X106.971 Y91.344 E28.73307
G1 X106.148 Y91.344 E28.78291
G1 X128.656 Y113.852 E30.7106
G1 X128.656 Y114.674 E30.76038
G1 X105.326 Y91.344 E32.75847
G1 X104.503 Y91.344 E32.80831
G1 X128.656 Y115.497 E34.87689
G1 X128.656 Y116.319 E34.92667
G1 X103.681 Y91.344 E37.06565
G1 X102.858 Y91.344 E37.11549
G1 X128.656 Y117.142 E39.32495
G1 X128.656 Y117.964 E39.37473
G1 X102.036 Y91.344 E41.65459
G1 X101.214 Y91.344 E41.70437
G1 X128.656 Y118.786 E44.05463
G1 X128.656 Y119.609 E44.10447
G1 X100.391 Y91.344 E46.52522
G1 X99.569 Y91.344 E46.575
G1 X128.656 Y120.431 E49.06615
G1 X128.656 Y121.254 E49.11599
G1 X98.746 Y91.344 E51.67762
G1 X97.924 Y91.344 E51.7274
G1 X128.656 Y122.076 E54.35943
G1 X128.656 Y122.899 E54.40927
G1 X97.101 Y91.344 E57.11179
G1 X96.279 Y91.344 E57.16157
G1 X128.656 Y123.721 E59.93449
G1 X128.656 Y124.543 E59.98427
G1 X95.457 Y91.344 E62.82759
G1 X94.634 Y91.344 E62.87743
G1 X128.656 Y125.366 E65.79123
G1 X128.656 Y126.188 E65.84101
G1 X93.812 Y91.344 E68.82521
G1 X92.989 Y91.344 E68.87505
M73 P39 R66
G1 X128.656 Y127.011 E71.92974
G1 X128.656 Y127.833 E71.97952
G1 X92.167 Y91.344 E75.10461
G1 X91.344 Y91.344 E75.15445
G1 X128.656 Y128.656 E78.35002
G1 X127.833 Y128.656 E78.39986
G1 X91.344 Y92.167 E81.52495
G1 X91.344 Y92.989 E81.57473
G1 X127.011 Y128.656 E84.62942
G1 X126.188 Y128.656 E84.67926
G1 X91.344 Y93.812 E87.66346
G1 X91.344 Y94.634 E87.71324
M73 Q39 S68
G1 X125.366 Y128.656 E90.62704
G1 X124.543 Y128.656 E90.67688
G1 X91.344 Y95.457 E93.5202
G1 X91.344 Y96.279 E93.56998
G1 X123.721 Y128.656 E96.3429
G1 X122.899 Y128.656 E96.39268
G1 X91.344 Y97.101 E99.0952
G1 X91.344 Y97.924 E99.14504
G1 X122.076 Y128.656 E101.77707
G1 X121.254 Y128.656 E101.82685
G1 X91.344 Y98.746 E104.38848
G1 X91.344 Y99.569 E104.43832
G1 X120.431 Y128.656 E106.92947
G1 X119.609 Y128.656 E106.97925
G1 X91.344 Y100.391 E109.4
G1 X91.344 Y101.214 E109.44984
G1 X118.786 Y128.656 E111.8001
G1 X117.964 Y128.656 E111.84988
G1 X91.344 Y102.036 E114.12974
G1 X91.344 Y102.858 E114.17952
G1 X117.142 Y128.656 E116.38898
G1 X116.319 Y128.656 E116.43882
G1 X91.344 Y103.681 E118.5778
G1 X91.344 Y104.503 E118.62758
G1 X115.497 Y128.656 E120.69616
G1 X114.674 Y128.656 E120.746
G1 X91.344 Y105.326 E122.74409
G1 X91.344 Y106.148 E122.79387
G1 X113.852 Y128.656 E124.72156
G1 X113.029 Y128.656 E124.7714
G1 X91.344 Y106.971 E126.6286
G1 X91.344 Y107.793 E126.67838
G1 X112.207 Y128.656 E128.46518
G1 X111.385 Y128.656 E128.51496
G1 X91.344 Y108.615 E130.23136
G1 X91.344 Y109.438 E130.2812
G1 X110.562 Y128.656 E131.92712
G1 X109.74 Y128.656 E131.9769
G1 X91.344 Y110.26 E133.55242
G1 X91.344 Y111.083 E133.60226
G1 X108.917 Y128.656 E135.10729
G1 X108.095 Y128.656 E135.15707
M73 Q39 S67
G1 X91.344 Y111.905 E136.5917
G1 X91.344 Y112.728 E136.64154
G1 X107.272 Y128.656 E138.00569
G1 X106.45 Y128.656 E138.05547
G1 X91.344 Y113.55 E139.34922
G1 X91.344 Y114.372 E139.399
G1 X105.628 Y128.656 E140.62235
G1 X104.805 Y128.656 E140.67219
G1 X91.344 Y115.195 E141.82505
G1 X91.344 Y116.017 E141.87483
G1 X103.983 Y128.656 E142.95729
G1 X103.16 Y128.656 E143.00713
G1 X91.344 Y116.84 E144.01911
G1 X91.344 Y117.662 E144.06889
G1 X102.338 Y128.656 E145.01047
G1 X101.516 Y128.656 E145.06025
G1 X91.344 Y118.484 E145.93143
G1 X91.344 Y119.307 E145.98127
G1 X100.693 Y128.656 E146.78196
G1 X99.871 Y128.656 E146.83174
G1 X91.344 Y120.129 E147.56203
G1 X91.344 Y120.952 E147.61187
G1 X99.048 Y128.656 E148.27168
G1 X98.226 Y128.656 E148.32146
G1 X91.344 Y121.774 E148.91087
G1 X91.344 Y122.597 E148.96071
G1 X97.403 Y128.656 E149.47963
G1 X96.581 Y128.656 E149.52941
G1 X91.344 Y123.419 E149.97793
G1 X91.344 Y124.241 E150.02771
G1 X95.759 Y128.656 E150.40583
G1 X94.936 Y128.656 E150.45567
G1 X91.344 Y125.064 E150.76331
G1 X91.344 Y125.886 E150.81309
G1 X94.114 Y128.656 E151.05033
G1 X93.291 Y128.656 E151.10017
G1 X91.344 Y126.709 E151.26692
G1 X91.344 Y127.531 E151.3167
G1 X92.469 Y128.656 E151.41305
G1 X91.646 Y128.656 E151.46289
G1 X91.161 Y128.17 E151.50447
;LAYER_CHANGE
;Z:15.1
;HEIGHT:0.200001
G1 E149.50447 F2400
G92 E0
G1 Z15.1 F7800
G1 X128.961 Y128.961
G1 E2 F2400
;TYPE:Perimeter
;WIDTH:0.449999
G1 F3254
G1 X91.039 Y128.961 E3.28361
G1 X91.039 Y91.039 E4.56722
G1 X128.961 Y91.039 E5.85083
G1 X128.961 Y128.901 E7.13241
G1 X129.368 Y129.368 F7800
G1 F3254
G1 X90.632 Y129.368 E8.44358
G1 X90.632 Y90.632 E9.75475
G1 X129.368 Y90.632 E11.06592
G1 X129.368 Y129.308 E12.37505
G1 X129.775 Y129.775 F7800
;TYPE:External perimeter
G1 F2400
G1 X90.225 Y129.775 E13.71377
G1 X90.225 Y90.225 E15.05249
G1 X129.775 Y90.225 E16.39121
G1 X129.775 Y129.715 E17.7279
G1 X129.379 Y129.774 F7800
;LAYER_CHANGE
;Z:15.3
;HEIGHT:0.2
G1 Z15.3 F7800
G1 X128.961 Y128.961
;TYPE:Perimeter
G1 F4800
G1 X91.039 Y128.961 E19.01151
G1 X91.039 Y91.039 E20.29512
G1 X128.961 Y91.039 E21.57873
G1 X128.961 Y128.901 E22.86031
G1 X129.368 Y129.368 F7800
G1 F4800
G1 X90.632 Y129.368 E24.17148
G1 X90.632 Y90.632 E25.48265
G1 X129.368 Y90.632 E26.79382
G1 X129.368 Y129.308 E28.10295
G1 X129.775 Y129.775 F7800
;TYPE:External perimeter
G1 F2400
G1 X90.225 Y129.775 E29.44167
G1 X90.225 Y90.225 E30.78039
G1 X129.775 Y90.225 E32.11911
G1 X129.775 Y129.715 E33.4558
G1 X129.379 Y129.774 F7800
G1 X128.17 Y128.839
;TYPE:Internal infill
;WIDTH:0.45
;HEIGHT:0.4
G1 F4800
G1 X128.656 Y128.354 E33.49738
G1 X128.656 Y127.531 E33.54722
G1 X127.531 Y128.656 E33.64357
G1 X126.709 Y128.656 E33.69335
G1 X128.656 Y126.709 E33.8601
G1 X128.656 Y125.886 E33.90994
G1 X125.886 Y128.656 E34.14718
G1 X125.064 Y128.656 E34.19696
G1 X128.656 Y125.064 E34.5046
G1 X128.656 Y124.241 E34.55444
G1 X124.241 Y128.656 E34.93256
G1 X123.419 Y128.656 E34.98234
G1 X128.656 Y123.419 E35.43086
G1 X128.656 Y122.597 E35.48064
G1 X122.597 Y128.656 E35.99956
G1 X121.774 Y128.656 E36.0494
G1 X128.656 Y121.774 E36.63881
G1 X128.656 Y120.952 E36.68859
G1 X120.952 Y128.656 E37.3484
G1 X120.129 Y128.656 E37.39824
G1 X128.656 Y120.129 E38.12853
G1 X128.656 Y119.307 E38.17831
G1 X119.307 Y128.656 E38.979
G1 X118.484 Y128.656 E39.02884
M73 P39 R65
G1 X128.656 Y118.484 E39.90002
G1 X128.656 Y117.662 E39.9498
G1 X117.662 Y128.656 E40.89138
G1 X116.84 Y128.656 E40.94116
G1 X128.656 Y116.84 E41.95314
G1 X128.656 Y116.017 E42.00298
G1 X116.017 Y128.656 E43.08544
G1 X115.195 Y128.656 E43.13522
G1 X128.656 Y115.195 E44.28808
G1 X128.656 Y114.372 E44.33792
G1 X114.372 Y128.656 E45.56127
G1 X113.55 Y128.656 E45.61105
G1 X128.656 Y113.55 E46.9048
G1 X128.656 Y112.728 E46.95458
G1 X112.728 Y128.656 E48.31873
G1 X111.905 Y128.656 E48.36857
G1 X128.656 Y111.905 E49.8032
G1 X128.656 Y111.083 E49.85298
G1 X111.083 Y128.656 E51.35801
G1 X110.26 Y128.656 E51.40785
G1 X128.656 Y110.26 E52.98337
G1 X128.656 Y109.438 E53.03315
G1 X109.438 Y128.656 E54.67907
G1 X108.615 Y128.656 E54.72891
G1 X128.656 Y108.615 E56.44531
G1 X128.656 Y107.793 E56.49509
G1 X107.793 Y128.656 E58.28189
G1 X106.971 Y128.656 E58.33167
G1 X128.656 Y106.971 E60.18887
G1 X128.656 Y106.148 E60.23871
G1 X106.148 Y128.656 E62.1664
G1 X105.326 Y128.656 E62.21618
G1 X128.656 Y105.326 E64.21427
G1 X128.656 Y104.503 E64.26411
G1 X104.503 Y128.656 E66.33269
G1 X103.681 Y128.656 E66.38247
G1 X128.656 Y103.681 E68.52145
G1 X128.656 Y102.858 E68.57129
G1 X102.858 Y128.656 E70.78075
G1 X102.036 Y128.656 E70.83053
G1 X128.656 Y102.036 E73.11039
G1 X128.656 Y101.214 E73.16017
G1 X101.214 Y128.656 E75.51043
G1 X100.391 Y128.656 E75.56027
G1 X128.656 Y100.391 E77.98102
G1 X128.656 Y99.569 E78.0308
G1 X99.569 Y128.656 E80.52195
G1 X98.746 Y128.656 E80.57179
G1 X128.656 Y98.746 E83.13342
G1 X128.656 Y97.924 E83.1832
G1 X97.924 Y128.656 E85.81523
G1 X97.101 Y128.656 E85.86507
G1 X128.656 Y97.101 E88.56759
G1 X128.656 Y96.279 E88.61737
G1 X96.279 Y128.656 E91.39029
G1 X95.457 Y128.656 E91.44007
G1 X128.656 Y95.457 E94.28339
G1 X128.656 Y94.634 E94.33323
G1 X94.634 Y128.656 E97.24703
G1 X93.812 Y128.656 E97.29681
G1 X128.656 Y93.812 E100.28101
G1 X128.656 Y92.989 E100.33085
G1 X92.989 Y128.656 E103.38554
G1 X92.167 Y128.656 E103.43532
G1 X128.656 Y92.167 E106.56041
G1 X128.656 Y91.344 E106.61025
G1 X91.344 Y128.656 E109.80582
G1 X91.344 Y127.833 E109.85566
G1 X127.833 Y91.344 E112.98075
G1 X127.011 Y91.344 E113.03053
G1 X91.344 Y127.011 E116.08522
G1 X91.344 Y126.188 E116.13506
G1 X126.188 Y91.344 E119.11926
G1 X125.366 Y91.344 E119.16904
G1 X91.344 Y125.366 E122.08284
G1 X91.344 Y124.543 E122.13268
G1 X124.543 Y91.344 E124.976
G1 X123.721 Y91.344 E125.02578
G1 X91.344 Y123.721 E127.7987
G1 X91.344 Y122.899 E127.84848
G1 X122.899 Y91.344 E130.551
G1 X122.076 Y91.344 E130.60084
G1 X91.344 Y122.076 E133.23287
G1 X91.344 Y121.254 E133.28265
G1 X121.254 Y91.344 E135.84428
G1 X120.431 Y91.344 E135.89412
G1 X91.344 Y120.431 E138.38527
G1 X91.344 Y119.609 E138.43505
G1 X119.609 Y91.344 E140.8558
G1 X118.786 Y91.344 E140.90564
G1 X91.344 Y118.786 E143.2559
G1 X91.344 Y117.964 E143.30568
M73 P40 R65
G1 X117.964 Y91.344 E145.58554
G1 X117.142 Y91.344 E145.63532
G1 X91.344 Y117.142 E147.84478
G1 X91.344 Y116.319 E147.89462
G1 X116.319 Y91.344 E150.0336
G1 X115.497 Y91.344 E150.08338
G1 X91.344 Y115.497 E152.15196
G1 X91.344 Y114.674 E152.2018
G1 X114.674 Y91.344 E154.19989
G1 X113.852 Y91.344 E154.24967
G1 X91.344 Y113.852 E156.17736
G1 X91.344 Y113.029 E156.2272
G1 X113.029 Y91.344 E158.0844
G1 X112.207 Y91.344 E158.13418
G1 X91.344 Y112.207 E159.92098
G1 X91.344 Y111.385 E159.97076
G1 X111.385 Y91.344 E161.68716
G1 X110.562 Y91.344 E161.737
M73 Q40 S67
G1 X91.344 Y110.562 E163.38292
G1 X91.344 Y109.74 E163.4327
G1 X109.74 Y91.344 E165.00822
G1 X108.917 Y91.344 E165.05806
G1 X91.344 Y108.917 E166.56309
G1 X91.344 Y108.095 E166.61287
G1 X108.095 Y91.344 E168.0475
G1 X107.272 Y91.344 E168.09734
G1 X91.344 Y107.272 E169.46149
G1 X91.344 Y106.45 E169.51127
G1 X106.45 Y91.344 E170.80502
G1 X105.628 Y91.344 E170.8548
G1 X91.344 Y105.628 E172.07815
G1 X91.344 Y104.805 E172.12799
G1 X104.805 Y91.344 E173.28085
G1 X103.983 Y91.344 E173.33063
G1 X91.344 Y103.983 E174.41309
G1 X91.344 Y103.16 E174.46293
G1 X103.16 Y91.344 E175.47491
G1 X102.338 Y91.344 E175.52469
G1 X91.344 Y102.338 E176.46627
G1 X91.344 Y101.516 E176.51605
G1 X101.516 Y91.344 E177.38723
G1 X100.693 Y91.344 E177.43707
G1 X91.344 Y100.693 E178.23776
G1 X91.344 Y99.871 E178.28754
M73 Q40 S66
G1 X99.871 Y91.344 E179.01783
G1 X99.048 Y91.344 E179.06767
G1 X91.344 Y99.048 E179.72748
G1 X91.344 Y98.226 E179.77726
G1 X98.226 Y91.344 E180.36667
G1 X97.403 Y91.344 E180.41651
G1 X91.344 Y97.403 E180.93543
G1 X91.344 Y96.581 E180.98521
G1 X96.581 Y91.344 E181.43373
G1 X95.759 Y91.344 E181.48351
G1 X91.344 Y95.759 E181.86163
G1 X91.344 Y94.936 E181.91147
G1 X94.936 Y91.344 E182.21911
G1 X94.114 Y91.344 E182.26889
G1 X91.344 Y94.114 E182.50613
G1 X91.344 Y93.291 E182.55597
G1 X93.291 Y91.344 E182.72272
G1 X92.469 Y91.344 E182.7725
G1 X91.344 Y92.469 E182.86885
G1 X91.344 Y91.646 E182.91869
G1 X91.83 Y91.161 E182.96027
;LAYER_CHANGE
;Z:15.5
;HEIGHT:0.2
G1 E180.96027 F2400
G92 E0
G1 Z15.5 F7800
G1 X128.961 Y128.961
G1 E2 F2400
;TYPE:Perimeter
;WIDTH:0.449999
G1 F3323
G1 X91.039 Y128.961 E3.28361
G1 X91.039 Y91.039 E4.56722
G1 X128.961 Y91.039 E5.85083
G1 X128.961 Y128.901 E7.13241
G1 X129.368 Y129.368 F7800
G1 F3323
G1 X90.632 Y129.368 E8.44358
G1 X90.632 Y90.632 E9.75475
G1 X129.368 Y90.632 E11.06592
G1 X129.368 Y129.308 E12.37505
G1 X129.775 Y129.775 F7800
;TYPE:External perimeter
G1 F2400
G1 X90.225 Y129.775 E13.71377
G1 X90.225 Y90.225 E15.05249
G1 X129.775 Y90.225 E16.39121
G1 X129.775 Y129.715 E17.7279
G1 X129.379 Y129.774 F7800
;LAYER_CHANGE
;Z:15.7
;HEIGHT:0.2
G1 Z15.7 F7800
G1 X128.961 Y128.961
;TYPE:Perimeter
G1 F4800
G1 X91.039 Y128.961 E19.01151
G1 X91.039 Y91.039 E20.29512
G1 X128.961 Y91.039 E21.57873
G1 X128.961 Y128.901 E22.86031
G1 X129.368 Y129.368 F7800
G1 F4800
G1 X90.632 Y129.368 E24.17148
G1 X90.632 Y90.632 E25.48265
G1 X129.368 Y90.632 E26.79382
G1 X129.368 Y129.308 E28.10295
G1 X129.775 Y129.775 F7800
;TYPE:External perimeter
G1 F2400
G1 X90.225 Y129.775 E29.44167
G1 X90.225 Y90.225 E30.78039
G1 X129.775 Y90.225 E32.11911
G1 X129.775 Y129.715 E33.4558
G1 X129.379 Y129.774 F7800
G1 E31.4558 F2400
G92 E0
G1 X128.839 Y91.83 F7800
G1 E2 F2400
;TYPE:Internal infill
;WIDTH:0.45
;HEIGHT:0.4
G1 F4800
G1 X128.354 Y91.344 E2.04158
G1 X127.531 Y91.344 E2.09142
G1 X128.656 Y92.469 E2.18777
G1 X128.656 Y93.291 E2.23755
G1 X126.709 Y91.344 E2.4043
G1 X125.886 Y91.344 E2.45414
G1 X128.656 Y94.114 E2.69138
G1 X128.656 Y94.936 E2.74116
G1 X125.064 Y91.344 E3.0488
G1 X124.241 Y91.344 E3.09864
G1 X128.656 Y95.759 E3.47676
G1 X128.656 Y96.581 E3.52654
G1 X123.419 Y91.344 E3.97506
G1 X122.597 Y91.344 E4.02484
G1 X128.656 Y97.403 E4.54376
G1 X128.656 Y98.226 E4.5936
G1 X121.774 Y91.344 E5.18301
G1 X120.952 Y91.344 E5.23279
G1 X128.656 Y99.048 E5.8926
G1 X128.656 Y99.871 E5.94244
G1 X120.129 Y91.344 E6.67273
G1 X119.307 Y91.344 E6.72251
G1 X128.656 Y100.693 E7.5232
G1 X128.656 Y101.516 E7.57304
G1 X118.484 Y91.344 E8.44422
G1 X117.662 Y91.344 E8.494
G1 X128.656 Y102.338 E9.43558
G1 X128.656 Y103.16 E9.48536
G1 X116.84 Y91.344 E10.49734
G1 X116.017 Y91.344 E10.54718
G1 X128.656 Y103.983 E11.62964
G1 X128.656 Y104.805 E11.67942
G1 X115.195 Y91.344 E12.83228
G1 X114.372 Y91.344 E12.88212
G1 X128.656 Y105.628 E14.10547
G1 X128.656 Y106.45 E14.15525
G1 X113.55 Y91.344 E15.449
G1 X112.728 Y91.344 E15.49878
G1 X128.656 Y107.272 E16.86293
G1 X128.656 Y108.095 E16.91277
G1 X111.905 Y91.344 E18.3474
G1 X111.083 Y91.344 E18.39718
G1 X128.656 Y108.917 E19.90221
G1 X128.656 Y109.74 E19.95205
G1 X110.26 Y91.344 E21.52757
G1 X109.438 Y91.344 E21.57735
G1 X128.656 Y110.562 E23.22327
G1 X128.656 Y111.385 E23.27311
G1 X108.615 Y91.344 E24.98951
G1 X107.793 Y91.344 E25.03929
M73 P40 R64
G1 X128.656 Y112.207 E26.82609
G1 X128.656 Y113.029 E26.87587
G1 X106.971 Y91.344 E28.73307
G1 X106.148 Y91.344 E28.78291
G1 X128.656 Y113.852 E30.7106
G1 X128.656 Y114.674 E30.76038
G1 X105.326 Y91.344 E32.75847
G1 X104.503 Y91.344 E32.80831
G1 X128.656 Y115.497 E34.87689
G1 X128.656 Y116.319 E34.92667
G1 X103.681 Y91.344 E37.06565
G1 X102.858 Y91.344 E37.11549
G1 X128.656 Y117.142 E39.32495
G1 X128.656 Y117.964 E39.37473
G1 X102.036 Y91.344 E41.65459
G1 X101.214 Y91.344 E41.70437
G1 X128.656 Y118.786 E44.05463
G1 X128.656 Y119.609 E44.10447
G1 X100.391 Y91.344 E46.52522
G1 X99.569 Y91.344 E46.575
G1 X128.656 Y120.431 E49.06615
G1 X128.656 Y121.254 E49.11599
G1 X98.746 Y91.344 E51.67762
G1 X97.924 Y91.344 E51.7274
G1 X128.656 Y122.076 E54.35943
G1 X128.656 Y122.899 E54.40927
G1 X97.101 Y91.344 E57.11179
G1 X96.279 Y91.344 E57.16157
G1 X128.656 Y123.721 E59.93449
G1 X128.656 Y124.543 E59.98427
G1 X95.457 Y91.344 E62.82759
G1 X94.634 Y91.344 E62.87743
G1 X128.656 Y125.366 E65.79123
G1 X128.656 Y126.188 E65.84101
G1 X93.812 Y91.344 E68.82521
G1 X92.989 Y91.344 E68.87505
G1 X128.656 Y127.011 E71.92974
G1 X128.656 Y127.833 E71.97952
G1 X92.167 Y91.344 E75.10461
G1 X91.344 Y91.344 E75.15445
G1 X128.656 Y128.656 E78.35002
G1 X127.833 Y128.656 E78.39986
G1 X91.344 Y92.167 E81.52495
G1 X91.344 Y92.989 E81.57473
G1 X127.011 Y128.656 E84.62942
G1 X126.188 Y128.656 E84.67926
G1 X91.344 Y93.812 E87.66346
G1 X91.344 Y94.634 E87.71324
G1 X125.366 Y128.656 E90.62704
G1 X124.543 Y128.656 E90.67688
G1 X91.344 Y95.457 E93.5202
G1 X91.344 Y96.279 E93.56998
G1 X123.721 Y128.656 E96.3429
G1 X122.899 Y128.656 E96.39268
G1 X91.344 Y97.101 E99.0952
G1 X91.344 Y97.924 E99.14504
G1 X122.076 Y128.656 E101.77707
G1 X121.254 Y128.656 E101.82685
G1 X91.344 Y98.746 E104.38848
G1 X91.344 Y99.569 E104.43832
G1 X120.431 Y128.656 E106.92947
G1 X119.609 Y128.656 E106.97925
G1 X91.344 Y100.391 E109.4
G1 X91.344 Y101.214 E109.44984
G1 X118.786 Y128.656 E111.8001
G1 X117.964 Y128.656 E111.84988
G1 X91.344 Y102.036 E114.12974
G1 X91.344 Y102.858 E114.17952
G1 X117.142 Y128.656 E116.38898
G1 X116.319 Y128.656 E116.43882
G1 X91.344 Y103.681 E118.5778
G1 X91.344 Y104.503 E118.62758
G1 X115.497 Y128.656 E120.69616
G1 X114.674 Y128.656 E120.746
G1 X91.344 Y105.326 E122.74409
G1 X91.344 Y106.148 E122.79387
G1 X113.852 Y128.656 E124.72156
G1 X113.029 Y128.656 E124.7714
G1 X91.344 Y106.971 E126.6286
G1 X91.344 Y107.793 E126.67838
G1 X112.207 Y128.656 E128.46518
G1 X111.385 Y128.656 E128.51496
G1 X91.344 Y108.615 E130.23136
G1 X91.344 Y109.438 E130.2812
G1 X110.562 Y128.656 E131.92712
G1 X109.74 Y128.656 E131.9769
G1 X91.344 Y110.26 E133.55242
G1 X91.344 Y111.083 E133.60226
G1 X108.917 Y128.656 E135.10729
G1 X108.095 Y128.656 E135.15707
G1 X91.344 Y111.905 E136.5917
G1 X91.344 Y112.728 E136.64154
G1 X107.272 Y128.656 E138.00569
G1 X106.45 Y128.656 E138.05547
G1 X91.344 Y113.55 E139.34922
G1 X91.344 Y114.372 E139.399
G1 X105.628 Y128.656 E140.62235
G1 X104.805 Y128.656 E140.67219
G1 X91.344 Y115.195 E141.82505
G1 X91.344 Y116.017 E141.87483
G1 X103.983 Y128.656 E142.95729
G1 X103.16 Y128.656 E143.00713
G1 X91.344 Y116.84 E144.01911
G1 X91.344 Y117.662 E144.06889
G1 X102.338 Y128.656 E145.01047
G1 X101.516 Y128.656 E145.06025
G1 X91.344 Y118.484 E145.93143
G1 X91.344 Y119.307 E145.98127
G1 X100.693 Y128.656 E146.78196
G1 X99.871 Y128.656 E146.83174
G1 X91.344 Y120.129 E147.56203
G1 X91.344 Y120.952 E147.61187
G1 X99.048 Y128.656 E148.27168
G1 X98.226 Y128.656 E148.32146
G1 X91.344 Y121.774 E148.91087
G1 X91.344 Y122.597 E148.96071
G1 X97.403 Y128.656 E149.47963
G1 X96.581 Y128.656 E149.52941
G1 X91.344 Y123.419 E149.97793
G1 X91.344 Y124.241 E150.02771
G1 X95.759 Y128.656 E150.40583
G1 X94.936 Y128.656 E150.45567
M73 P41 R64
G1 X91.344 Y125.064 E150.76331
G1 X91.344 Y125.886 E150.81309
G1 X94.114 Y128.656 E151.05033
G1 X93.291 Y128.656 E151.10017
G1 X91.344 Y126.709 E151.26692
G1 X91.344 Y127.531 E151.3167
G1 X92.469 Y128.656 E151.41305
G1 X91.646 Y128.656 E151.46289
G1 X91.161 Y128.17 E151.50447
;LAYER_CHANGE
;Z:15.9
;HEIGHT:0.2
G1 E149.50447 F2400
G92 E0
G1 Z15.9 F7800
G1 X128.961 Y128.961
G1 E2 F2400
;TYPE:Perimeter
;WIDTH:0.449999
G1 F3254
G1 X91.039 Y128.961 E3.28361
G1 X91.039 Y91.039 E4.56722
M73 Q40 S65
G1 X128.961 Y91.039 E5.85083
G1 X128.961 Y128.901 E7.13241
G1 X129.368 Y129.368 F7800
M73 Q41 S65
G1 F3254
G1 X90.632 Y129.368 E8.44358
G1 X90.632 Y90.632 E9.75475
G1 X129.368 Y90.632 E11.06592
G1 X129.368 Y129.308 E12.37505
G1 X129.775 Y129.775 F7800
;TYPE:External perimeter
G1 F2400
G1 X90.225 Y129.775 E13.71377
G1 X90.225 Y90.225 E15.05249
G1 X129.775 Y90.225 E16.39121
G1 X129.775 Y129.715 E17.7279
G1 X129.379 Y129.774 F7800
;LAYER_CHANGE
;Z:16.1
;HEIGHT:0.200001
G1 Z16.1 F7800
G1 X128.961 Y128.961
;TYPE:Perimeter
G1 F4800
G1 X91.039 Y128.961 E19.01151
G1 X91.039 Y91.039 E20.29512
G1 X128.961 Y91.039 E21.57873
G1 X128.961 Y128.901 E22.86031
G1 X129.368 Y129.368 F7800
G1 F4800
G1 X90.632 Y129.368 E24.17148
G1 X90.632 Y90.632 E25.48265
G1 X129.368 Y90.632 E26.79382
G1 X129.368 Y129.308 E28.10295
G1 X129.775 Y129.775 F7800
;TYPE:External perimeter
G1 F2400
G1 X90.225 Y129.775 E29.44167
G1 X90.225 Y90.225 E30.78039
G1 X129.775 Y90.225 E32.11911
G1 X129.775 Y129.715 E33.4558
G1 X129.379 Y129.774 F7800
G1 X128.17 Y128.839
;TYPE:Internal infill
;WIDTH:0.45
;HEIGHT:0.4
G1 F4800
G1 X128.656 Y128.354 E33.49738
G1 X128.656 Y127.531 E33.54722
G1 X127.531 Y128.656 E33.64357
G1 X126.709 Y128.656 E33.69335
G1 X128.656 Y126.709 E33.8601
G1 X128.656 Y125.886 E33.90994
G1 X125.886 Y128.656 E34.14718
G1 X125.064 Y128.656 E34.19696
G1 X128.656 Y125.064 E34.5046
G1 X128.656 Y124.241 E34.55444
G1 X124.241 Y128.656 E34.93256
G1 X123.419 Y128.656 E34.98234
G1 X128.656 Y123.419 E35.43086
G1 X128.656 Y122.597 E35.48064
G1 X122.597 Y128.656 E35.99956
G1 X121.774 Y128.656 E36.0494
G1 X128.656 Y121.774 E36.63881
G1 X128.656 Y120.952 E36.68859
G1 X120.952 Y128.656 E37.3484
G1 X120.129 Y128.656 E37.39824
G1 X128.656 Y120.129 E38.12853
G1 X128.656 Y119.307 E38.17831
G1 X119.307 Y128.656 E38.979
G1 X118.484 Y128.656 E39.02884
G1 X128.656 Y118.484 E39.90002
G1 X128.656 Y117.662 E39.9498
G1 X117.662 Y128.656 E40.89138
G1 X116.84 Y128.656 E40.94116
G1 X128.656 Y116.84 E41.95314
G1 X128.656 Y116.017 E42.00298
G1 X116.017 Y128.656 E43.08544
G1 X115.195 Y128.656 E43.13522
G1 X128.656 Y115.195 E44.28808
G1 X128.656 Y114.372 E44.33792
G1 X114.372 Y128.656 E45.56127
G1 X113.55 Y128.656 E45.61105
G1 X128.656 Y113.55 E46.9048
G1 X128.656 Y112.728 E46.95458
G1 X112.728 Y128.656 E48.31873
G1 X111.905 Y128.656 E48.36857
G1 X128.656 Y111.905 E49.8032
G1 X128.656 Y111.083 E49.85298
G1 X111.083 Y128.656 E51.35801
G1 X110.26 Y128.656 E51.40785
G1 X128.656 Y110.26 E52.98337
G1 X128.656 Y109.438 E53.03315
G1 X109.438 Y128.656 E54.67907
G1 X108.615 Y128.656 E54.72891
G1 X128.656 Y108.615 E56.44531
G1 X128.656 Y107.793 E56.49509
G1 X107.793 Y128.656 E58.28189
G1 X106.971 Y128.656 E58.33167
G1 X128.656 Y106.971 E60.18887
G1 X128.656 Y106.148 E60.23871
G1 X106.148 Y128.656 E62.1664
G1 X105.326 Y128.656 E62.21618
G1 X128.656 Y105.326 E64.21427
G1 X128.656 Y104.503 E64.26411
G1 X104.503 Y128.656 E66.33269
G1 X103.681 Y128.656 E66.38247
G1 X128.656 Y103.681 E68.52145
G1 X128.656 Y102.858 E68.57129
G1 X102.858 Y128.656 E70.78075
G1 X102.036 Y128.656 E70.83053
G1 X128.656 Y102.036 E73.11039
G1 X128.656 Y101.214 E73.16017
G1 X101.214 Y128.656 E75.51043
G1 X100.391 Y128.656 E75.56027
M73 P41 R63
G1 X128.656 Y100.391 E77.98102
G1 X128.656 Y99.569 E78.0308
G1 X99.569 Y128.656 E80.52195
G1 X98.746 Y128.656 E80.57179
G1 X128.656 Y98.746 E83.13342
G1 X128.656 Y97.924 E83.1832
G1 X97.924 Y128.656 E85.81523
G1 X97.101 Y128.656 E85.86507
G1 X128.656 Y97.101 E88.56759
G1 X128.656 Y96.279 E88.61737
G1 X96.279 Y128.656 E91.39029
G1 X95.457 Y128.656 E91.44007
G1 X128.656 Y95.457 E94.28339
G1 X128.656 Y94.634 E94.33323
G1 X94.634 Y128.656 E97.24703
G1 X93.812 Y128.656 E97.29681
G1 X128.656 Y93.812 E100.28101
G1 X128.656 Y92.989 E100.33085
G1 X92.989 Y128.656 E103.38554
G1 X92.167 Y128.656 E103.43532
G1 X128.656 Y92.167 E106.56041
G1 X128.656 Y91.344 E106.61025
G1 X91.344 Y128.656 E109.80582
G1 X91.344 Y127.833 E109.85566
G1 X127.833 Y91.344 E112.98075
G1 X127.011 Y91.344 E113.03053
G1 X91.344 Y127.011 E116.08522
G1 X91.344 Y126.188 E116.13506
G1 X126.188 Y91.344 E119.11926
G1 X125.366 Y91.344 E119.16904
G1 X91.344 Y125.366 E122.08284
G1 X91.344 Y124.543 E122.13268
G1 X124.543 Y91.344 E124.976
G1 X123.721 Y91.344 E125.02578
G1 X91.344 Y123.721 E127.7987
G1 X91.344 Y122.899 E127.84848
G1 X122.899 Y91.344 E130.551
G1 X122.076 Y91.344 E130.60084
G1 X91.344 Y122.076 E133.23287
G1 X91.344 Y121.254 E133.28265
G1 X121.254 Y91.344 E135.84428
G1 X120.431 Y91.344 E135.89412
G1 X91.344 Y120.431 E138.38527
G1 X91.344 Y119.609 E138.43505
G1 X119.609 Y91.344 E140.8558
G1 X118.786 Y91.344 E140.90564
G1 X91.344 Y118.786 E143.2559
G1 X91.344 Y117.964 E143.30568
G1 X117.964 Y91.344 E145.58554
G1 X117.142 Y91.344 E145.63532
G1 X91.344 Y117.142 E147.84478
G1 X91.344 Y116.319 E147.89462
G1 X116.319 Y91.344 E150.0336
G1 X115.497 Y91.344 E150.08338
G1 X91.344 Y115.497 E152.15196
G1 X91.344 Y114.674 E152.2018
G1 X114.674 Y91.344 E154.19989
G1 X113.852 Y91.344 E154.24967
G1 X91.344 Y113.852 E156.17736
G1 X91.344 Y113.029 E156.2272
G1 X113.029 Y91.344 E158.0844
G1 X112.207 Y91.344 E158.13418
G1 X91.344 Y112.207 E159.92098
G1 X91.344 Y111.385 E159.97076
G1 X111.385 Y91.344 E161.68716
G1 X110.562 Y91.344 E161.737
G1 X91.344 Y110.562 E163.38292
G1 X91.344 Y109.74 E163.4327
G1 X109.74 Y91.344 E165.00822
G1 X108.917 Y91.344 E165.05806
G1 X91.344 Y108.917 E166.56309
G1 X91.344 Y108.095 E166.61287
G1 X108.095 Y91.344 E168.0475
G1 X107.272 Y91.344 E168.09734
G1 X91.344 Y107.272 E169.46149
G1 X91.344 Y106.45 E169.51127
G1 X106.45 Y91.344 E170.80502
G1 X105.628 Y91.344 E170.8548
G1 X91.344 Y105.628 E172.07815
G1 X91.344 Y104.805 E172.12799
G1 X104.805 Y91.344 E173.28085
G1 X103.983 Y91.344 E173.33063
G1 X91.344 Y103.983 E174.41309
G1 X91.344 Y103.16 E174.46293
G1 X103.16 Y91.344 E175.47491
G1 X102.338 Y91.344 E175.52469
G1 X91.344 Y102.338 E176.46627
G1 X91.344 Y101.516 E176.51605
G1 X101.516 Y91.344 E177.38723
G1 X100.693 Y91.344 E177.43707
G1 X91.344 Y100.693 E178.23776
G1 X91.344 Y99.871 E178.28754
G1 X99.871 Y91.344 E179.01783
G1 X99.048 Y91.344 E179.06767
G1 X91.344 Y99.048 E179.72748
G1 X91.344 Y98.226 E179.77726
G1 X98.226 Y91.344 E180.36667
G1 X97.403 Y91.344 E180.41651
G1 X91.344 Y97.403 E180.93543
G1 X91.344 Y96.581 E180.98521
G1 X96.581 Y91.344 E181.43373
G1 X95.759 Y91.344 E181.48351
G1 X91.344 Y95.759 E181.86163
G1 X91.344 Y94.936 E181.91147
G1 X94.936 Y91.344 E182.21911
G1 X94.114 Y91.344 E182.26889
G1 X91.344 Y94.114 E182.50613
G1 X91.344 Y93.291 E182.55597
G1 X93.291 Y91.344 E182.72272
G1 X92.469 Y91.344 E182.7725
G1 X91.344 Y92.469 E182.86885
G1 X91.344 Y91.646 E182.91869
G1 X91.83 Y91.161 E182.96027
;LAYER_CHANGE
;Z:16.3
;HEIGHT:0.199999
G1 E180.96027 F2400
G92 E0
G1 Z16.3 F7800
G1 X128.961 Y128.961
G1 E2 F2400
;TYPE:Perimeter
;WIDTH:0.449999
G1 F3323
G1 X91.039 Y128.961 E3.28361
G1 X91.039 Y91.039 E4.56722
G1 X128.961 Y91.039 E5.85083
G1 X128.961 Y128.901 E7.13241
G1 X129.368 Y129.368 F7800
G1 F3323
G1 X90.632 Y129.368 E8.44358
G1 X90.632 Y90.632 E9.75475
M73 Q41 S64
G1 X129.368 Y90.632 E11.06592
G1 X129.368 Y129.308 E12.37505
G1 X129.775 Y129.775 F7800
;TYPE:External perimeter
G1 F2400
G1 X90.225 Y129.775 E13.71377
G1 X90.225 Y90.225 E15.05249
G1 X129.775 Y90.225 E16.39121
G1 X129.775 Y129.715 E17.7279
G1 X129.379 Y129.774 F7800
M73 P42 R63
;LAYER_CHANGE
;Z:16.5
;HEIGHT:0.200001
G1 Z16.5 F7800
G1 X128.961 Y128.961
;TYPE:Perimeter
G1 F4800
G1 X91.039 Y128.961 E19.01151
G1 X91.039 Y91.039 E20.29512
G1 X128.961 Y91.039 E21.57873
G1 X128.961 Y128.901 E22.86031
G1 X129.368 Y129.368 F7800
G1 F4800
G1 X90.632 Y129.368 E24.17148
G1 X90.632 Y90.632 E25.48265
G1 X129.368 Y90.632 E26.79382
M73 Q42 S64
G1 X129.368 Y129.308 E28.10295
G1 X129.775 Y129.775 F7800
;TYPE:External perimeter
G1 F2400
G1 X90.225 Y129.775 E29.44167
G1 X90.225 Y90.225 E30.78039
G1 X129.775 Y90.225 E32.11911
G1 X129.775 Y129.715 E33.4558
G1 X129.379 Y129.774 F7800
G1 E31.4558 F2400
G92 E0
G1 X128.839 Y91.83 F7800
G1 E2 F2400
;TYPE:Internal infill
;WIDTH:0.45
;HEIGHT:0.4
G1 F4800
G1 X128.354 Y91.344 E2.04158
G1 X127.531 Y91.344 E2.09142
G1 X128.656 Y92.469 E2.18777
G1 X128.656 Y93.291 E2.23755
G1 X126.709 Y91.344 E2.4043
G1 X125.886 Y91.344 E2.45414
G1 X128.656 Y94.114 E2.69138
G1 X128.656 Y94.936 E2.74116
G1 X125.064 Y91.344 E3.0488
G1 X124.241 Y91.344 E3.09864
G1 X128.656 Y95.759 E3.47676
G1 X128.656 Y96.581 E3.52654
G1 X123.419 Y91.344 E3.97506
G1 X122.597 Y91.344 E4.02484
G1 X128.656 Y97.403 E4.54376
G1 X128.656 Y98.226 E4.5936
G1 X121.774 Y91.344 E5.18301
G1 X120.952 Y91.344 E5.23279
G1 X128.656 Y99.048 E5.8926
G1 X128.656 Y99.871 E5.94244
G1 X120.129 Y91.344 E6.67273
G1 X119.307 Y91.344 E6.72251
G1 X128.656 Y100.693 E7.5232
G1 X128.656 Y101.516 E7.57304
G1 X118.484 Y91.344 E8.44422
G1 X117.662 Y91.344 E8.494
G1 X128.656 Y102.338 E9.43558
G1 X128.656 Y103.16 E9.48536
G1 X116.84 Y91.344 E10.49734
G1 X116.017 Y91.344 E10.54718
G1 X128.656 Y103.983 E11.62964
G1 X128.656 Y104.805 E11.67942
G1 X115.195 Y91.344 E12.83228
G1 X114.372 Y91.344 E12.88212
G1 X128.656 Y105.628 E14.10547
G1 X128.656 Y106.45 E14.15525
G1 X113.55 Y91.344 E15.449
G1 X112.728 Y91.344 E15.49878
G1 X128.656 Y107.272 E16.86293
G1 X128.656 Y108.095 E16.91277
G1 X111.905 Y91.344 E18.3474
G1 X111.083 Y91.344 E18.39718
G1 X128.656 Y108.917 E19.90221
G1 X128.656 Y109.74 E19.95205
G1 X110.26 Y91.344 E21.52757
G1 X109.438 Y91.344 E21.57735
G1 X128.656 Y110.562 E23.22327
G1 X128.656 Y111.385 E23.27311
G1 X108.615 Y91.344 E24.98951
G1 X107.793 Y91.344 E25.03929
G1 X128.656 Y112.207 E26.82609
G1 X128.656 Y113.029 E26.87587
G1 X106.971 Y91.344 E28.73307
G1 X106.148 Y91.344 E28.78291
G1 X128.656 Y113.852 E30.7106
G1 X128.656 Y114.674 E30.76038
G1 X105.326 Y91.344 E32.75847
G1 X104.503 Y91.344 E32.80831
G1 X128.656 Y115.497 E34.87689
G1 X128.656 Y116.319 E34.92667
G1 X103.681 Y91.344 E37.06565
G1 X102.858 Y91.344 E37.11549
G1 X128.656 Y117.142 E39.32495
G1 X128.656 Y117.964 E39.37473
G1 X102.036 Y91.344 E41.65459
G1 X101.214 Y91.344 E41.70437
G1 X128.656 Y118.786 E44.05463
G1 X128.656 Y119.609 E44.10447
G1 X100.391 Y91.344 E46.52522
G1 X99.569 Y91.344 E46.575
G1 X128.656 Y120.431 E49.06615
G1 X128.656 Y121.254 E49.11599
G1 X98.746 Y91.344 E51.67762
G1 X97.924 Y91.344 E51.7274
G1 X128.656 Y122.076 E54.35943
G1 X128.656 Y122.899 E54.40927
G1 X97.101 Y91.344 E57.11179
G1 X96.279 Y91.344 E57.16157
G1 X128.656 Y123.721 E59.93449
G1 X128.656 Y124.543 E59.98427
G1 X95.457 Y91.344 E62.82759
G1 X94.634 Y91.344 E62.87743
M73 P42 R62
G1 X128.656 Y125.366 E65.79123
G1 X128.656 Y126.188 E65.84101
G1 X93.812 Y91.344 E68.82521
G1 X92.989 Y91.344 E68.87505
G1 X128.656 Y127.011 E71.92974
G1 X128.656 Y127.833 E71.97952
G1 X92.167 Y91.344 E75.10461
G1 X91.344 Y91.344 E75.15445
G1 X128.656 Y128.656 E78.35002
G1 X127.833 Y128.656 E78.39986
G1 X91.344 Y92.167 E81.52495
G1 X91.344 Y92.989 E81.57473
G1 X127.011 Y128.656 E84.62942
G1 X126.188 Y128.656 E84.67926
G1 X91.344 Y93.812 E87.66346
G1 X91.344 Y94.634 E87.71324
G1 X125.366 Y128.656 E90.62704
G1 X124.543 Y128.656 E90.67688
G1 X91.344 Y95.457 E93.5202
G1 X91.344 Y96.279 E93.56998
G1 X123.721 Y128.656 E96.3429
G1 X122.899 Y128.656 E96.39268
G1 X91.344 Y97.101 E99.0952
G1 X91.344 Y97.924 E99.14504
G1 X122.076 Y128.656 E101.77707
G1 X121.254 Y128.656 E101.82685
G1 X91.344 Y98.746 E104.38848
G1 X91.344 Y99.569 E104.43832
G1 X120.431 Y128.656 E106.92947
G1 X119.609 Y128.656 E106.97925
G1 X91.344 Y100.391 E109.4
G1 X91.344 Y101.214 E109.44984
G1 X118.786 Y128.656 E111.8001
G1 X117.964 Y128.656 E111.84988
G1 X91.344 Y102.036 E114.12974
G1 X91.344 Y102.858 E114.17952
G1 X117.142 Y128.656 E116.38898
G1 X116.319 Y128.656 E116.43882
G1 X91.344 Y103.681 E118.5778
G1 X91.344 Y104.503 E118.62758
G1 X115.497 Y128.656 E120.69616
G1 X114.674 Y128.656 E120.746
G1 X91.344 Y105.326 E122.74409
G1 X91.344 Y106.148 E122.79387
G1 X113.852 Y128.656 E124.72156
G1 X113.029 Y128.656 E124.7714
G1 X91.344 Y106.971 E126.6286
G1 X91.344 Y107.793 E126.67838
G1 X112.207 Y128.656 E128.46518
G1 X111.385 Y128.656 E128.51496
G1 X91.344 Y108.615 E130.23136
G1 X91.344 Y109.438 E130.2812
G1 X110.562 Y128.656 E131.92712
G1 X109.74 Y128.656 E131.9769
G1 X91.344 Y110.26 E133.55242
G1 X91.344 Y111.083 E133.60226
G1 X108.917 Y128.656 E135.10729
G1 X108.095 Y128.656 E135.15707
G1 X91.344 Y111.905 E136.5917
G1 X91.344 Y112.728 E136.64154
G1 X107.272 Y128.656 E138.00569
G1 X106.45 Y128.656 E138.05547
G1 X91.344 Y113.55 E139.34922
G1 X91.344 Y114.372 E139.399
G1 X105.628 Y128.656 E140.62235
G1 X104.805 Y128.656 E140.67219
G1 X91.344 Y115.195 E141.82505
G1 X91.344 Y116.017 E141.87483
G1 X103.983 Y128.656 E142.95729
G1 X103.16 Y128.656 E143.00713
G1 X91.344 Y116.84 E144.01911
G1 X91.344 Y117.662 E144.06889
G1 X102.338 Y128.656 E145.01047
G1 X101.516 Y128.656 E145.06025
G1 X91.344 Y118.484 E145.93143
G1 X91.344 Y119.307 E145.98127
G1 X100.693 Y128.656 E146.78196
G1 X99.871 Y128.656 E146.83174
G1 X91.344 Y120.129 E147.56203
G1 X91.344 Y120.952 E147.61187
G1 X99.048 Y128.656 E148.27168
G1 X98.226 Y128.656 E148.32146
G1 X91.344 Y121.774 E148.91087
G1 X91.344 Y122.597 E148.96071
G1 X97.403 Y128.656 E149.47963
G1 X96.581 Y128.656 E149.52941
G1 X91.344 Y123.419 E149.97793
G1 X91.344 Y124.241 E150.02771
G1 X95.759 Y128.656 E150.40583
G1 X94.936 Y128.656 E150.45567
G1 X91.344 Y125.064 E150.76331
G1 X91.344 Y125.886 E150.81309
G1 X94.114 Y128.656 E151.05033
G1 X93.291 Y128.656 E151.10017
G1 X91.344 Y126.709 E151.26692
G1 X91.344 Y127.531 E151.3167
G1 X92.469 Y128.656 E151.41305
G1 X91.646 Y128.656 E151.46289
G1 X91.161 Y128.17 E151.50447
;LAYER_CHANGE
;Z:16.7
;HEIGHT:0.200001
G1 E149.50447 F2400
G92 E0
G1 Z16.7 F7800
G1 X128.961 Y128.961
G1 E2 F2400
;TYPE:Perimeter
;WIDTH:0.449999
G1 F3254
G1 X91.039 Y128.961 E3.28361
G1 X91.039 Y91.039 E4.56722
G1 X128.961 Y91.039 E5.85083
G1 X128.961 Y128.901 E7.13241
G1 X129.368 Y129.368 F7800
G1 F3254
G1 X90.632 Y129.368 E8.44358
G1 X90.632 Y90.632 E9.75475
G1 X129.368 Y90.632 E11.06592
G1 X129.368 Y129.308 E12.37505
G1 X129.775 Y129.775 F7800
;TYPE:External perimeter
G1 F2400
G1 X90.225 Y129.775 E13.71377
G1 X90.225 Y90.225 E15.05249
M73 Q42 S63
G1 X129.775 Y90.225 E16.39121
G1 X129.775 Y129.715 E17.7279
G1 X129.379 Y129.774 F7800
;LAYER_CHANGE
;Z:16.9
;HEIGHT:0.199999
G1 Z16.9 F7800
G1 X128.961 Y128.961
;TYPE:Perimeter
G1 F4800
G1 X91.039 Y128.961 E19.01151
G1 X91.039 Y91.039 E20.29512
G1 X128.961 Y91.039 E21.57873
G1 X128.961 Y128.901 E22.86031
G1 X129.368 Y129.368 F7800
G1 F4800
G1 X90.632 Y129.368 E24.17148
G1 X90.632 Y90.632 E25.48265
G1 X129.368 Y90.632 E26.79382
G1 X129.368 Y129.308 E28.10295
G1 X129.775 Y129.775 F7800
;TYPE:External perimeter
G1 F2400
G1 X90.225 Y129.775 E29.44167
G1 X90.225 Y90.225 E30.78039
G1 X129.775 Y90.225 E32.11911
G1 X129.775 Y129.715 E33.4558
G1 X129.379 Y129.774 F7800
G1 X128.17 Y128.839
;TYPE:Internal infill
;WIDTH:0.45
;HEIGHT:0.4
G1 F4800
G1 X128.656 Y128.354 E33.49738
G1 X128.656 Y127.531 E33.54722
G1 X127.531 Y128.656 E33.64357
G1 X126.709 Y128.656 E33.69335
G1 X128.656 Y126.709 E33.8601
G1 X128.656 Y125.886 E33.90994
G1 X125.886 Y128.656 E34.14718
G1 X125.064 Y128.656 E34.19696
G1 X128.656 Y125.064 E34.5046
G1 X128.656 Y124.241 E34.55444
G1 X124.241 Y128.656 E34.93256
G1 X123.419 Y128.656 E34.98234
M73 P43 R62
G1 X128.656 Y123.419 E35.43086
G1 X128.656 Y122.597 E35.48064
G1 X122.597 Y128.656 E35.99956
G1 X121.774 Y128.656 E36.0494
G1 X128.656 Y121.774 E36.63881
G1 X128.656 Y120.952 E36.68859
G1 X120.952 Y128.656 E37.3484
G1 X120.129 Y128.656 E37.39824
G1 X128.656 Y120.129 E38.12853
G1 X128.656 Y119.307 E38.17831
G1 X119.307 Y128.656 E38.979
G1 X118.484 Y128.656 E39.02884
G1 X128.656 Y118.484 E39.90002
G1 X128.656 Y117.662 E39.9498
G1 X117.662 Y128.656 E40.89138
G1 X116.84 Y128.656 E40.94116
G1 X128.656 Y116.84 E41.95314
G1 X128.656 Y116.017 E42.00298
G1 X116.017 Y128.656 E43.08544
G1 X115.195 Y128.656 E43.13522
G1 X128.656 Y115.195 E44.28808
G1 X128.656 Y114.372 E44.33792
G1 X114.372 Y128.656 E45.56127
G1 X113.55 Y128.656 E45.61105
G1 X128.656 Y113.55 E46.9048
G1 X128.656 Y112.728 E46.95458
M73 Q43 S63
G1 X112.728 Y128.656 E48.31873
G1 X111.905 Y128.656 E48.36857
G1 X128.656 Y111.905 E49.8032
G1 X128.656 Y111.083 E49.85298
G1 X111.083 Y128.656 E51.35801
G1 X110.26 Y128.656 E51.40785
G1 X128.656 Y110.26 E52.98337
G1 X128.656 Y109.438 E53.03315
G1 X109.438 Y128.656 E54.67907
G1 X108.615 Y128.656 E54.72891
G1 X128.656 Y108.615 E56.44531
G1 X128.656 Y107.793 E56.49509
G1 X107.793 Y128.656 E58.28189
G1 X106.971 Y128.656 E58.33167
G1 X128.656 Y106.971 E60.18887
G1 X128.656 Y106.148 E60.23871
G1 X106.148 Y128.656 E62.1664
G1 X105.326 Y128.656 E62.21618
G1 X128.656 Y105.326 E64.21427
G1 X128.656 Y104.503 E64.26411
G1 X104.503 Y128.656 E66.33269
G1 X103.681 Y128.656 E66.38247
G1 X128.656 Y103.681 E68.52145
G1 X128.656 Y102.858 E68.57129
G1 X102.858 Y128.656 E70.78075
G1 X102.036 Y128.656 E70.83053
G1 X128.656 Y102.036 E73.11039
G1 X128.656 Y101.214 E73.16017
G1 X101.214 Y128.656 E75.51043
G1 X100.391 Y128.656 E75.56027
G1 X128.656 Y100.391 E77.98102
G1 X128.656 Y99.569 E78.0308
G1 X99.569 Y128.656 E80.52195
G1 X98.746 Y128.656 E80.57179
G1 X128.656 Y98.746 E83.13342
G1 X128.656 Y97.924 E83.1832
G1 X97.924 Y128.656 E85.81523
G1 X97.101 Y128.656 E85.86507
G1 X128.656 Y97.101 E88.56759
G1 X128.656 Y96.279 E88.61737
G1 X96.279 Y128.656 E91.39029
G1 X95.457 Y128.656 E91.44007
G1 X128.656 Y95.457 E94.28339
G1 X128.656 Y94.634 E94.33323
G1 X94.634 Y128.656 E97.24703
G1 X93.812 Y128.656 E97.29681
G1 X128.656 Y93.812 E100.28101
G1 X128.656 Y92.989 E100.33085
G1 X92.989 Y128.656 E103.38554
G1 X92.167 Y128.656 E103.43532
G1 X128.656 Y92.167 E106.56041
G1 X128.656 Y91.344 E106.61025
G1 X91.344 Y128.656 E109.80582
G1 X91.344 Y127.833 E109.85566
G1 X127.833 Y91.344 E112.98075
G1 X127.011 Y91.344 E113.03053
G1 X91.344 Y127.011 E116.08522
G1 X91.344 Y126.188 E116.13506
M73 P43 R61
G1 X126.188 Y91.344 E119.11926
G1 X125.366 Y91.344 E119.16904
G1 X91.344 Y125.366 E122.08284
G1 X91.344 Y124.543 E122.13268
G1 X124.543 Y91.344 E124.976
G1 X123.721 Y91.344 E125.02578
G1 X91.344 Y123.721 E127.7987
G1 X91.344 Y122.899 E127.84848
G1 X122.899 Y91.344 E130.551
G1 X122.076 Y91.344 E130.60084
G1 X91.344 Y122.076 E133.23287
G1 X91.344 Y121.254 E133.28265
G1 X121.254 Y91.344 E135.84428
G1 X120.431 Y91.344 E135.89412
G1 X91.344 Y120.431 E138.38527
G1 X91.344 Y119.609 E138.43505
G1 X119.609 Y91.344 E140.8558
G1 X118.786 Y91.344 E140.90564
G1 X91.344 Y118.786 E143.2559
G1 X91.344 Y117.964 E143.30568
G1 X117.964 Y91.344 E145.58554
G1 X117.142 Y91.344 E145.63532
G1 X91.344 Y117.142 E147.84478
G1 X91.344 Y116.319 E147.89462
G1 X116.319 Y91.344 E150.0336
G1 X115.497 Y91.344 E150.08338
G1 X91.344 Y115.497 E152.15196
G1 X91.344 Y114.674 E152.2018
G1 X114.674 Y91.344 E154.19989
G1 X113.852 Y91.344 E154.24967
G1 X91.344 Y113.852 E156.17736
G1 X91.344 Y113.029 E156.2272
G1 X113.029 Y91.344 E158.0844
G1 X112.207 Y91.344 E158.13418
G1 X91.344 Y112.207 E159.92098
G1 X91.344 Y111.385 E159.97076
G1 X111.385 Y91.344 E161.68716
G1 X110.562 Y91.344 E161.737
G1 X91.344 Y110.562 E163.38292
G1 X91.344 Y109.74 E163.4327
G1 X109.74 Y91.344 E165.00822
G1 X108.917 Y91.344 E165.05806
G1 X91.344 Y108.917 E166.56309
G1 X91.344 Y108.095 E166.61287
G1 X108.095 Y91.344 E168.0475
G1 X107.272 Y91.344 E168.09734
G1 X91.344 Y107.272 E169.46149
G1 X91.344 Y106.45 E169.51127
G1 X106.45 Y91.344 E170.80502
G1 X105.628 Y91.344 E170.8548
G1 X91.344 Y105.628 E172.07815
G1 X91.344 Y104.805 E172.12799
G1 X104.805 Y91.344 E173.28085
G1 X103.983 Y91.344 E173.33063
G1 X91.344 Y103.983 E174.41309
G1 X91.344 Y103.16 E174.46293
G1 X103.16 Y91.344 E175.47491
G1 X102.338 Y91.344 E175.52469
G1 X91.344 Y102.338 E176.46627
G1 X91.344 Y101.516 E176.51605
G1 X101.516 Y91.344 E177.38723
G1 X100.693 Y91.344 E177.43707
G1 X91.344 Y100.693 E178.23776
G1 X91.344 Y99.871 E178.28754
G1 X99.871 Y91.344 E179.01783
G1 X99.048 Y91.344 E179.06767
G1 X91.344 Y99.048 E179.72748
G1 X91.344 Y98.226 E179.77726
G1 X98.226 Y91.344 E180.36667
G1 X97.403 Y91.344 E180.41651
G1 X91.344 Y97.403 E180.93543
G1 X91.344 Y96.581 E180.98521
G1 X96.581 Y91.344 E181.43373
G1 X95.759 Y91.344 E181.48351
G1 X91.344 Y95.759 E181.86163
G1 X91.344 Y94.936 E181.91147
G1 X94.936 Y91.344 E182.21911
G1 X94.114 Y91.344 E182.26889
G1 X91.344 Y94.114 E182.50613
G1 X91.344 Y93.291 E182.55597
G1 X93.291 Y91.344 E182.72272
G1 X92.469 Y91.344 E182.7725
G1 X91.344 Y92.469 E182.86885
G1 X91.344 Y91.646 E182.91869
G1 X91.83 Y91.161 E182.96027
;LAYER_CHANGE
;Z:17.1
;HEIGHT:0.200001
G1 E180.96027 F2400
G92 E0
G1 Z17.1 F7800
G1 X128.961 Y128.961
G1 E2 F2400
;TYPE:Perimeter
;WIDTH:0.449999
G1 F3323
G1 X91.039 Y128.961 E3.28361
G1 X91.039 Y91.039 E4.56722
G1 X128.961 Y91.039 E5.85083
G1 X128.961 Y128.901 E7.13241
G1 X129.368 Y129.368 F7800
G1 F3323
G1 X90.632 Y129.368 E8.44358
G1 X90.632 Y90.632 E9.75475
G1 X129.368 Y90.632 E11.06592
G1 X129.368 Y129.308 E12.37505
G1 X129.775 Y129.775 F7800
;TYPE:External perimeter
G1 F2400
G1 X90.225 Y129.775 E13.71377
G1 X90.225 Y90.225 E15.05249
G1 X129.775 Y90.225 E16.39121
G1 X129.775 Y129.715 E17.7279
G1 X129.379 Y129.774 F7800
M73 Q43 S62
;LAYER_CHANGE
;Z:17.3
;HEIGHT:0.199999
G1 Z17.3 F7800
G1 X128.961 Y128.961
;TYPE:Perimeter
G1 F4800
G1 X91.039 Y128.961 E19.01151
G1 X91.039 Y91.039 E20.29512
G1 X128.961 Y91.039 E21.57873
G1 X128.961 Y128.901 E22.86031
G1 X129.368 Y129.368 F7800
G1 F4800
G1 X90.632 Y129.368 E24.17148
G1 X90.632 Y90.632 E25.48265
G1 X129.368 Y90.632 E26.79382
G1 X129.368 Y129.308 E28.10295
G1 X129.775 Y129.775 F7800
;TYPE:External perimeter
G1 F2400
G1 X90.225 Y129.775 E29.44167
G1 X90.225 Y90.225 E30.78039
G1 X129.775 Y90.225 E32.11911
G1 X129.775 Y129.715 E33.4558
G1 X129.379 Y129.774 F7800
G1 E31.4558 F2400
G92 E0
G1 X128.839 Y91.83 F7800
G1 E2 F2400
;TYPE:Internal infill
;WIDTH:0.45
;HEIGHT:0.4
G1 F4800
G1 X128.354 Y91.344 E2.04158
G1 X127.531 Y91.344 E2.09142
G1 X128.656 Y92.469 E2.18777
G1 X128.656 Y93.291 E2.23755
G1 X126.709 Y91.344 E2.4043
G1 X125.886 Y91.344 E2.45414
G1 X128.656 Y94.114 E2.69138
G1 X128.656 Y94.936 E2.74116
G1 X125.064 Y91.344 E3.0488
G1 X124.241 Y91.344 E3.09864
G1 X128.656 Y95.759 E3.47676
G1 X128.656 Y96.581 E3.52654
G1 X123.419 Y91.344 E3.97506
G1 X122.597 Y91.344 E4.02484
G1 X128.656 Y97.403 E4.54376
G1 X128.656 Y98.226 E4.5936
G1 X121.774 Y91.344 E5.18301
G1 X120.952 Y91.344 E5.23279
G1 X128.656 Y99.048 E5.8926
G1 X128.656 Y99.871 E5.94244
G1 X120.129 Y91.344 E6.67273
G1 X119.307 Y91.344 E6.72251
G1 X128.656 Y100.693 E7.5232
G1 X128.656 Y101.516 E7.57304
G1 X118.484 Y91.344 E8.44422
G1 X117.662 Y91.344 E8.494
G1 X128.656 Y102.338 E9.43558
G1 X128.656 Y103.16 E9.48536
G1 X116.84 Y91.344 E10.49734
G1 X116.017 Y91.344 E10.54718
G1 X128.656 Y103.983 E11.62964
G1 X128.656 Y104.805 E11.67942
G1 X115.195 Y91.344 E12.83228
G1 X114.372 Y91.344 E12.88212
G1 X128.656 Y105.628 E14.10547
G1 X128.656 Y106.45 E14.15525
G1 X113.55 Y91.344 E15.449
G1 X112.728 Y91.344 E15.49878
G1 X128.656 Y107.272 E16.86293
G1 X128.656 Y108.095 E16.91277
G1 X111.905 Y91.344 E18.3474
G1 X111.083 Y91.344 E18.39718
G1 X128.656 Y108.917 E19.90221
G1 X128.656 Y109.74 E19.95205
G1 X110.26 Y91.344 E21.52757
G1 X109.438 Y91.344 E21.57735
G1 X128.656 Y110.562 E23.22327
G1 X128.656 Y111.385 E23.27311
G1 X108.615 Y91.344 E24.98951
G1 X107.793 Y91.344 E25.03929
G1 X128.656 Y112.207 E26.82609
G1 X128.656 Y113.029 E26.87587
G1 X106.971 Y91.344 E28.73307
G1 X106.148 Y91.344 E28.78291
G1 X128.656 Y113.852 E30.7106
G1 X128.656 Y114.674 E30.76038
G1 X105.326 Y91.344 E32.75847
G1 X104.503 Y91.344 E32.80831
G1 X128.656 Y115.497 E34.87689
G1 X128.656 Y116.319 E34.92667
G1 X103.681 Y91.344 E37.06565
G1 X102.858 Y91.344 E37.11549
G1 X128.656 Y117.142 E39.32495
G1 X128.656 Y117.964 E39.37473
G1 X102.036 Y91.344 E41.65459
G1 X101.214 Y91.344 E41.70437
G1 X128.656 Y118.786 E44.05463
G1 X128.656 Y119.609 E44.10447
M73 P44 R61
G1 X100.391 Y91.344 E46.52522
G1 X99.569 Y91.344 E46.575
G1 X128.656 Y120.431 E49.06615
G1 X128.656 Y121.254 E49.11599
G1 X98.746 Y91.344 E51.67762
G1 X97.924 Y91.344 E51.7274
G1 X128.656 Y122.076 E54.35943
G1 X128.656 Y122.899 E54.40927
G1 X97.101 Y91.344 E57.11179
G1 X96.279 Y91.344 E57.16157
M73 Q44 S62
G1 X128.656 Y123.721 E59.93449
G1 X128.656 Y124.543 E59.98427
G1 X95.457 Y91.344 E62.82759
G1 X94.634 Y91.344 E62.87743
G1 X128.656 Y125.366 E65.79123
G1 X128.656 Y126.188 E65.84101
G1 X93.812 Y91.344 E68.82521
G1 X92.989 Y91.344 E68.87505
G1 X128.656 Y127.011 E71.92974
G1 X128.656 Y127.833 E71.97952
G1 X92.167 Y91.344 E75.10461
G1 X91.344 Y91.344 E75.15445
G1 X128.656 Y128.656 E78.35002
G1 X127.833 Y128.656 E78.39986
G1 X91.344 Y92.167 E81.52495
G1 X91.344 Y92.989 E81.57473
G1 X127.011 Y128.656 E84.62942
G1 X126.188 Y128.656 E84.67926
G1 X91.344 Y93.812 E87.66346
G1 X91.344 Y94.634 E87.71324
G1 X125.366 Y128.656 E90.62704
G1 X124.543 Y128.656 E90.67688
G1 X91.344 Y95.457 E93.5202
G1 X91.344 Y96.279 E93.56998
G1 X123.721 Y128.656 E96.3429
G1 X122.899 Y128.656 E96.39268
G1 X91.344 Y97.101 E99.0952
G1 X91.344 Y97.924 E99.14504
G1 X122.076 Y128.656 E101.77707
G1 X121.254 Y128.656 E101.82685
M73 P44 R60
G1 X91.344 Y98.746 E104.38848
G1 X91.344 Y99.569 E104.43832
G1 X120.431 Y128.656 E106.92947
G1 X119.609 Y128.656 E106.97925
G1 X91.344 Y100.391 E109.4
G1 X91.344 Y101.214 E109.44984
G1 X118.786 Y128.656 E111.8001
G1 X117.964 Y128.656 E111.84988
G1 X91.344 Y102.036 E114.12974
G1 X91.344 Y102.858 E114.17952
G1 X117.142 Y128.656 E116.38898
G1 X116.319 Y128.656 E116.43882
G1 X91.344 Y103.681 E118.5778
G1 X91.344 Y104.503 E118.62758
G1 X115.497 Y128.656 E120.69616
G1 X114.674 Y128.656 E120.746
G1 X91.344 Y105.326 E122.74409
G1 X91.344 Y106.148 E122.79387
G1 X113.852 Y128.656 E124.72156
G1 X113.029 Y128.656 E124.7714
G1 X91.344 Y106.971 E126.6286
G1 X91.344 Y107.793 E126.67838
G1 X112.207 Y128.656 E128.46518
G1 X111.385 Y128.656 E128.51496
G1 X91.344 Y108.615 E130.23136
G1 X91.344 Y109.438 E130.2812
G1 X110.562 Y128.656 E131.92712
G1 X109.74 Y128.656 E131.9769
G1 X91.344 Y110.26 E133.55242
G1 X91.344 Y111.083 E133.60226
G1 X108.917 Y128.656 E135.10729
G1 X108.095 Y128.656 E135.15707
G1 X91.344 Y111.905 E136.5917
G1 X91.344 Y112.728 E136.64154
G1 X107.272 Y128.656 E138.00569
G1 X106.45 Y128.656 E138.05547
G1 X91.344 Y113.55 E139.34922
G1 X91.344 Y114.372 E139.399
G1 X105.628 Y128.656 E140.62235
G1 X104.805 Y128.656 E140.67219
G1 X91.344 Y115.195 E141.82505
G1 X91.344 Y116.017 E141.87483
G1 X103.983 Y128.656 E142.95729
G1 X103.16 Y128.656 E143.00713
G1 X91.344 Y116.84 E144.01911
G1 X91.344 Y117.662 E144.06889
G1 X102.338 Y128.656 E145.01047
G1 X101.516 Y128.656 E145.06025
G1 X91.344 Y118.484 E145.93143
G1 X91.344 Y119.307 E145.98127
G1 X100.693 Y128.656 E146.78196
G1 X99.871 Y128.656 E146.83174
G1 X91.344 Y120.129 E147.56203
G1 X91.344 Y120.952 E147.61187
G1 X99.048 Y128.656 E148.27168
G1 X98.226 Y128.656 E148.32146
G1 X91.344 Y121.774 E148.91087
G1 X91.344 Y122.597 E148.96071
G1 X97.403 Y128.656 E149.47963
G1 X96.581 Y128.656 E149.52941
G1 X91.344 Y123.419 E149.97793
G1 X91.344 Y124.241 E150.02771
G1 X95.759 Y128.656 E150.40583
G1 X94.936 Y128.656 E150.45567
G1 X91.344 Y125.064 E150.76331
G1 X91.344 Y125.886 E150.81309
G1 X94.114 Y128.656 E151.05033
G1 X93.291 Y128.656 E151.10017
G1 X91.344 Y126.709 E151.26692
G1 X91.344 Y127.531 E151.3167
G1 X92.469 Y128.656 E151.41305
G1 X91.646 Y128.656 E151.46289
G1 X91.161 Y128.17 E151.50447
;LAYER_CHANGE
;Z:17.5
;HEIGHT:0.200001
G1 E149.50447 F2400
G92 E0
G1 Z17.5 F7800
G1 X128.961 Y128.961
G1 E2 F2400
;TYPE:Perimeter
;WIDTH:0.449999
G1 F3254
G1 X91.039 Y128.961 E3.28361
G1 X91.039 Y91.039 E4.56722
G1 X128.961 Y91.039 E5.85083
G1 X128.961 Y128.901 E7.13241
G1 X129.368 Y129.368 F7800
G1 F3254
G1 X90.632 Y129.368 E8.44358
G1 X90.632 Y90.632 E9.75475
G1 X129.368 Y90.632 E11.06592
G1 X129.368 Y129.308 E12.37505
G1 X129.775 Y129.775 F7800
;TYPE:External perimeter
G1 F2400
G1 X90.225 Y129.775 E13.71377
G1 X90.225 Y90.225 E15.05249
G1 X129.775 Y90.225 E16.39121
G1 X129.775 Y129.715 E17.7279
G1 X129.379 Y129.774 F7800
;LAYER_CHANGE
;Z:17.7
;HEIGHT:0.200001
G1 Z17.7 F7800
G1 X128.961 Y128.961
;TYPE:Perimeter
G1 F4800
G1 X91.039 Y128.961 E19.01151
G1 X91.039 Y91.039 E20.29512
G1 X128.961 Y91.039 E21.57873
G1 X128.961 Y128.901 E22.86031
G1 X129.368 Y129.368 F7800
M73 Q44 S61
G1 F4800
G1 X90.632 Y129.368 E24.17148
G1 X90.632 Y90.632 E25.48265
G1 X129.368 Y90.632 E26.79382
G1 X129.368 Y129.308 E28.10295
G1 X129.775 Y129.775 F7800
;TYPE:External perimeter
G1 F2400
G1 X90.225 Y129.775 E29.44167
G1 X90.225 Y90.225 E30.78039
G1 X129.775 Y90.225 E32.11911
G1 X129.775 Y129.715 E33.4558
G1 X129.379 Y129.774 F7800
G1 X128.17 Y128.839
;TYPE:Internal infill
;WIDTH:0.45
;HEIGHT:0.4
G1 F4800
G1 X128.656 Y128.354 E33.49738
G1 X128.656 Y127.531 E33.54722
G1 X127.531 Y128.656 E33.64357
G1 X126.709 Y128.656 E33.69335
G1 X128.656 Y126.709 E33.8601
G1 X128.656 Y125.886 E33.90994
G1 X125.886 Y128.656 E34.14718
G1 X125.064 Y128.656 E34.19696
G1 X128.656 Y125.064 E34.5046
G1 X128.656 Y124.241 E34.55444
G1 X124.241 Y128.656 E34.93256
G1 X123.419 Y128.656 E34.98234
G1 X128.656 Y123.419 E35.43086
G1 X128.656 Y122.597 E35.48064
G1 X122.597 Y128.656 E35.99956
G1 X121.774 Y128.656 E36.0494
G1 X128.656 Y121.774 E36.63881
G1 X128.656 Y120.952 E36.68859
G1 X120.952 Y128.656 E37.3484
G1 X120.129 Y128.656 E37.39824
G1 X128.656 Y120.129 E38.12853
G1 X128.656 Y119.307 E38.17831
G1 X119.307 Y128.656 E38.979
G1 X118.484 Y128.656 E39.02884
G1 X128.656 Y118.484 E39.90002
G1 X128.656 Y117.662 E39.9498
G1 X117.662 Y128.656 E40.89138
G1 X116.84 Y128.656 E40.94116
G1 X128.656 Y116.84 E41.95314
G1 X128.656 Y116.017 E42.00298
G1 X116.017 Y128.656 E43.08544
G1 X115.195 Y128.656 E43.13522
G1 X128.656 Y115.195 E44.28808
G1 X128.656 Y114.372 E44.33792
G1 X114.372 Y128.656 E45.56127
G1 X113.55 Y128.656 E45.61105
G1 X128.656 Y113.55 E46.9048
G1 X128.656 Y112.728 E46.95458
G1 X112.728 Y128.656 E48.31873
G1 X111.905 Y128.656 E48.36857
G1 X128.656 Y111.905 E49.8032
G1 X128.656 Y111.083 E49.85298
G1 X111.083 Y128.656 E51.35801
G1 X110.26 Y128.656 E51.40785
G1 X128.656 Y110.26 E52.98337
G1 X128.656 Y109.438 E53.03315
G1 X109.438 Y128.656 E54.67907
G1 X108.615 Y128.656 E54.72891
G1 X128.656 Y108.615 E56.44531
G1 X128.656 Y107.793 E56.49509
G1 X107.793 Y128.656 E58.28189
G1 X106.971 Y128.656 E58.33167
G1 X128.656 Y106.971 E60.18887
G1 X128.656 Y106.148 E60.23871
G1 X106.148 Y128.656 E62.1664
G1 X105.326 Y128.656 E62.21618
G1 X128.656 Y105.326 E64.21427
G1 X128.656 Y104.503 E64.26411
G1 X104.503 Y128.656 E66.33269
G1 X103.681 Y128.656 E66.38247
G1 X128.656 Y103.681 E68.52145
G1 X128.656 Y102.858 E68.57129
G1 X102.858 Y128.656 E70.78075
G1 X102.036 Y128.656 E70.83053
G1 X128.656 Y102.036 E73.11039
G1 X128.656 Y101.214 E73.16017
G1 X101.214 Y128.656 E75.51043
G1 X100.391 Y128.656 E75.56027
G1 X128.656 Y100.391 E77.98102
G1 X128.656 Y99.569 E78.0308
G1 X99.569 Y128.656 E80.52195
G1 X98.746 Y128.656 E80.57179
G1 X128.656 Y98.746 E83.13342
G1 X128.656 Y97.924 E83.1832
G1 X97.924 Y128.656 E85.81523
G1 X97.101 Y128.656 E85.86507
G1 X128.656 Y97.101 E88.56759
G1 X128.656 Y96.279 E88.61737
G1 X96.279 Y128.656 E91.39029
G1 X95.457 Y128.656 E91.44007
G1 X128.656 Y95.457 E94.28339
G1 X128.656 Y94.634 E94.33323
G1 X94.634 Y128.656 E97.24703
G1 X93.812 Y128.656 E97.29681
G1 X128.656 Y93.812 E100.28101
G1 X128.656 Y92.989 E100.33085
G1 X92.989 Y128.656 E103.38554
G1 X92.167 Y128.656 E103.43532
G1 X128.656 Y92.167 E106.56041
G1 X128.656 Y91.344 E106.61025
G1 X91.344 Y128.656 E109.80582
G1 X91.344 Y127.833 E109.85566
G1 X127.833 Y91.344 E112.98075
G1 X127.011 Y91.344 E113.03053
G1 X91.344 Y127.011 E116.08522
G1 X91.344 Y126.188 E116.13506
G1 X126.188 Y91.344 E119.11926
G1 X125.366 Y91.344 E119.16904
M73 P45 R60
G1 X91.344 Y125.366 E122.08284
G1 X91.344 Y124.543 E122.13268
G1 X124.543 Y91.344 E124.976
G1 X123.721 Y91.344 E125.02578
G1 X91.344 Y123.721 E127.7987
G1 X91.344 Y122.899 E127.84848
G1 X122.899 Y91.344 E130.551
G1 X122.076 Y91.344 E130.60084
G1 X91.344 Y122.076 E133.23287
G1 X91.344 Y121.254 E133.28265
M73 Q45 S61
G1 X121.254 Y91.344 E135.84428
G1 X120.431 Y91.344 E135.89412
G1 X91.344 Y120.431 E138.38527
G1 X91.344 Y119.609 E138.43505
G1 X119.609 Y91.344 E140.8558
G1 X118.786 Y91.344 E140.90564
G1 X91.344 Y118.786 E143.2559
G1 X91.344 Y117.964 E143.30568
G1 X117.964 Y91.344 E145.58554
G1 X117.142 Y91.344 E145.63532
G1 X91.344 Y117.142 E147.84478
G1 X91.344 Y116.319 E147.89462
G1 X116.319 Y91.344 E150.0336
G1 X115.497 Y91.344 E150.08338
G1 X91.344 Y115.497 E152.15196
G1 X91.344 Y114.674 E152.2018
G1 X114.674 Y91.344 E154.19989
G1 X113.852 Y91.344 E154.24967
M73 P45 R59
G1 X91.344 Y113.852 E156.17736
G1 X91.344 Y113.029 E156.2272
G1 X113.029 Y91.344 E158.0844
G1 X112.207 Y91.344 E158.13418
G1 X91.344 Y112.207 E159.92098
G1 X91.344 Y111.385 E159.97076
G1 X111.385 Y91.344 E161.68716
G1 X110.562 Y91.344 E161.737
G1 X91.344 Y110.562 E163.38292
G1 X91.344 Y109.74 E163.4327
G1 X109.74 Y91.344 E165.00822
G1 X108.917 Y91.344 E165.05806
G1 X91.344 Y108.917 E166.56309
G1 X91.344 Y108.095 E166.61287
G1 X108.095 Y91.344 E168.0475
G1 X107.272 Y91.344 E168.09734
G1 X91.344 Y107.272 E169.46149
G1 X91.344 Y106.45 E169.51127
G1 X106.45 Y91.344 E170.80502
G1 X105.628 Y91.344 E170.8548
G1 X91.344 Y105.628 E172.07815
G1 X91.344 Y104.805 E172.12799
G1 X104.805 Y91.344 E173.28085
G1 X103.983 Y91.344 E173.33063
G1 X91.344 Y103.983 E174.41309
G1 X91.344 Y103.16 E174.46293
G1 X103.16 Y91.344 E175.47491
G1 X102.338 Y91.344 E175.52469
G1 X91.344 Y102.338 E176.46627
G1 X91.344 Y101.516 E176.51605
G1 X101.516 Y91.344 E177.38723
G1 X100.693 Y91.344 E177.43707
G1 X91.344 Y100.693 E178.23776
G1 X91.344 Y99.871 E178.28754
G1 X99.871 Y91.344 E179.01783
G1 X99.048 Y91.344 E179.06767
G1 X91.344 Y99.048 E179.72748
G1 X91.344 Y98.226 E179.77726
G1 X98.226 Y91.344 E180.36667
G1 X97.403 Y91.344 E180.41651
G1 X91.344 Y97.403 E180.93543
G1 X91.344 Y96.581 E180.98521
G1 X96.581 Y91.344 E181.43373
G1 X95.759 Y91.344 E181.48351
G1 X91.344 Y95.759 E181.86163
G1 X91.344 Y94.936 E181.91147
G1 X94.936 Y91.344 E182.21911
G1 X94.114 Y91.344 E182.26889
G1 X91.344 Y94.114 E182.50613
G1 X91.344 Y93.291 E182.55597
G1 X93.291 Y91.344 E182.72272
G1 X92.469 Y91.344 E182.7725
G1 X91.344 Y92.469 E182.86885
G1 X91.344 Y91.646 E182.91869
G1 X91.83 Y91.161 E182.96027
;LAYER_CHANGE
;Z:17.9
;HEIGHT:0.199999
G1 E180.96027 F2400
G92 E0
G1 Z17.9 F7800
G1 X128.961 Y128.961
G1 E2 F2400
;TYPE:Perimeter
;WIDTH:0.449999
G1 F3323
G1 X91.039 Y128.961 E3.28361
G1 X91.039 Y91.039 E4.56722
G1 X128.961 Y91.039 E5.85083
G1 X128.961 Y128.901 E7.13241
G1 X129.368 Y129.368 F7800
G1 F3323
G1 X90.632 Y129.368 E8.44358
G1 X90.632 Y90.632 E9.75475
G1 X129.368 Y90.632 E11.06592
G1 X129.368 Y129.308 E12.37505
G1 X129.775 Y129.775 F7800
;TYPE:External perimeter
G1 F2400
G1 X90.225 Y129.775 E13.71377
G1 X90.225 Y90.225 E15.05249
G1 X129.775 Y90.225 E16.39121
G1 X129.775 Y129.715 E17.7279
G1 X129.379 Y129.774 F7800
;LAYER_CHANGE
;Z:18.1
;HEIGHT:0.200001
G1 Z18.1 F7800
G1 X128.961 Y128.961
;TYPE:Perimeter
G1 F4800
G1 X91.039 Y128.961 E19.01151
G1 X91.039 Y91.039 E20.29512
G1 X128.961 Y91.039 E21.57873
G1 X128.961 Y128.901 E22.86031
G1 X129.368 Y129.368 F7800
G1 F4800
G1 X90.632 Y129.368 E24.17148
G1 X90.632 Y90.632 E25.48265
G1 X129.368 Y90.632 E26.79382
G1 X129.368 Y129.308 E28.10295
G1 X129.775 Y129.775 F7800
;TYPE:External perimeter
G1 F2400
G1 X90.225 Y129.775 E29.44167
G1 X90.225 Y90.225 E30.78039
M73 Q45 S60
G1 X129.775 Y90.225 E32.11911
G1 X129.775 Y129.715 E33.4558
G1 X129.379 Y129.774 F7800
G1 E31.4558 F2400
G92 E0
G1 X128.839 Y91.83 F7800
G1 E2 F2400
;TYPE:Internal infill
;WIDTH:0.45
;HEIGHT:0.4
G1 F4800
G1 X128.354 Y91.344 E2.04158
G1 X127.531 Y91.344 E2.09142
G1 X128.656 Y92.469 E2.18777
G1 X128.656 Y93.291 E2.23755
G1 X126.709 Y91.344 E2.4043
G1 X125.886 Y91.344 E2.45414
G1 X128.656 Y94.114 E2.69138
G1 X128.656 Y94.936 E2.74116
G1 X125.064 Y91.344 E3.0488
G1 X124.241 Y91.344 E3.09864
G1 X128.656 Y95.759 E3.47676
G1 X128.656 Y96.581 E3.52654
G1 X123.419 Y91.344 E3.97506
G1 X122.597 Y91.344 E4.02484
G1 X128.656 Y97.403 E4.54376
G1 X128.656 Y98.226 E4.5936
G1 X121.774 Y91.344 E5.18301
G1 X120.952 Y91.344 E5.23279
G1 X128.656 Y99.048 E5.8926
G1 X128.656 Y99.871 E5.94244
G1 X120.129 Y91.344 E6.67273
G1 X119.307 Y91.344 E6.72251
G1 X128.656 Y100.693 E7.5232
G1 X128.656 Y101.516 E7.57304
G1 X118.484 Y91.344 E8.44422
G1 X117.662 Y91.344 E8.494
G1 X128.656 Y102.338 E9.43558
G1 X128.656 Y103.16 E9.48536
G1 X116.84 Y91.344 E10.49734
G1 X116.017 Y91.344 E10.54718
G1 X128.656 Y103.983 E11.62964
G1 X128.656 Y104.805 E11.67942
G1 X115.195 Y91.344 E12.83228
G1 X114.372 Y91.344 E12.88212
G1 X128.656 Y105.628 E14.10547
G1 X128.656 Y106.45 E14.15525
G1 X113.55 Y91.344 E15.449
G1 X112.728 Y91.344 E15.49878
G1 X128.656 Y107.272 E16.86293
G1 X128.656 Y108.095 E16.91277
G1 X111.905 Y91.344 E18.3474
G1 X111.083 Y91.344 E18.39718
G1 X128.656 Y108.917 E19.90221
G1 X128.656 Y109.74 E19.95205
G1 X110.26 Y91.344 E21.52757
G1 X109.438 Y91.344 E21.57735
G1 X128.656 Y110.562 E23.22327
G1 X128.656 Y111.385 E23.27311
G1 X108.615 Y91.344 E24.98951
G1 X107.793 Y91.344 E25.03929
G1 X128.656 Y112.207 E26.82609
G1 X128.656 Y113.029 E26.87587
G1 X106.971 Y91.344 E28.73307
G1 X106.148 Y91.344 E28.78291
G1 X128.656 Y113.852 E30.7106
G1 X128.656 Y114.674 E30.76038
G1 X105.326 Y91.344 E32.75847
G1 X104.503 Y91.344 E32.80831
G1 X128.656 Y115.497 E34.87689
G1 X128.656 Y116.319 E34.92667
G1 X103.681 Y91.344 E37.06565
G1 X102.858 Y91.344 E37.11549
G1 X128.656 Y117.142 E39.32495
G1 X128.656 Y117.964 E39.37473
G1 X102.036 Y91.344 E41.65459
G1 X101.214 Y91.344 E41.70437
G1 X128.656 Y118.786 E44.05463
G1 X128.656 Y119.609 E44.10447
G1 X100.391 Y91.344 E46.52522
G1 X99.569 Y91.344 E46.575
G1 X128.656 Y120.431 E49.06615
G1 X128.656 Y121.254 E49.11599
G1 X98.746 Y91.344 E51.67762
G1 X97.924 Y91.344 E51.7274
G1 X128.656 Y122.076 E54.35943
G1 X128.656 Y122.899 E54.40927
G1 X97.101 Y91.344 E57.11179
G1 X96.279 Y91.344 E57.16157
G1 X128.656 Y123.721 E59.93449
G1 X128.656 Y124.543 E59.98427
G1 X95.457 Y91.344 E62.82759
G1 X94.634 Y91.344 E62.87743
G1 X128.656 Y125.366 E65.79123
G1 X128.656 Y126.188 E65.84101
G1 X93.812 Y91.344 E68.82521
G1 X92.989 Y91.344 E68.87505
G1 X128.656 Y127.011 E71.92974
G1 X128.656 Y127.833 E71.97952
G1 X92.167 Y91.344 E75.10461
G1 X91.344 Y91.344 E75.15445
G1 X128.656 Y128.656 E78.35002
G1 X127.833 Y128.656 E78.39986
G1 X91.344 Y92.167 E81.52495
G1 X91.344 Y92.989 E81.57473
G1 X127.011 Y128.656 E84.62942
G1 X126.188 Y128.656 E84.67926
G1 X91.344 Y93.812 E87.66346
G1 X91.344 Y94.634 E87.71324
G1 X125.366 Y128.656 E90.62704
G1 X124.543 Y128.656 E90.67688
G1 X91.344 Y95.457 E93.5202
G1 X91.344 Y96.279 E93.56998
G1 X123.721 Y128.656 E96.3429
G1 X122.899 Y128.656 E96.39268
G1 X91.344 Y97.101 E99.0952
G1 X91.344 Y97.924 E99.14504
G1 X122.076 Y128.656 E101.77707
G1 X121.254 Y128.656 E101.82685
G1 X91.344 Y98.746 E104.38848
G1 X91.344 Y99.569 E104.43832
G1 X120.431 Y128.656 E106.92947
G1 X119.609 Y128.656 E106.97925
G1 X91.344 Y100.391 E109.4
G1 X91.344 Y101.214 E109.44984
G1 X118.786 Y128.656 E111.8001
G1 X117.964 Y128.656 E111.84988
G1 X91.344 Y102.036 E114.12974
G1 X91.344 Y102.858 E114.17952
G1 X117.142 Y128.656 E116.38898
G1 X116.319 Y128.656 E116.43882
G1 X91.344 Y103.681 E118.5778
G1 X91.344 Y104.503 E118.62758
G1 X115.497 Y128.656 E120.69616
G1 X114.674 Y128.656 E120.746
G1 X91.344 Y105.326 E122.74409
G1 X91.344 Y106.148 E122.79387
G1 X113.852 Y128.656 E124.72156
G1 X113.029 Y128.656 E124.7714
G1 X91.344 Y106.971 E126.6286
G1 X91.344 Y107.793 E126.67838
G1 X112.207 Y128.656 E128.46518
G1 X111.385 Y128.656 E128.51496
G1 X91.344 Y108.615 E130.23136
G1 X91.344 Y109.438 E130.2812
M73 P46 R59
G1 X110.562 Y128.656 E131.92712
G1 X109.74 Y128.656 E131.9769
G1 X91.344 Y110.26 E133.55242
G1 X91.344 Y111.083 E133.60226
G1 X108.917 Y128.656 E135.10729
G1 X108.095 Y128.656 E135.15707
G1 X91.344 Y111.905 E136.5917
G1 X91.344 Y112.728 E136.64154
G1 X107.272 Y128.656 E138.00569
G1 X106.45 Y128.656 E138.05547
G1 X91.344 Y113.55 E139.34922
G1 X91.344 Y114.372 E139.399
M73 P46 R58
G1 X105.628 Y128.656 E140.62235
G1 X104.805 Y128.656 E140.67219
M73 Q46 S60
G1 X91.344 Y115.195 E141.82505
G1 X91.344 Y116.017 E141.87483
G1 X103.983 Y128.656 E142.95729
G1 X103.16 Y128.656 E143.00713
G1 X91.344 Y116.84 E144.01911
G1 X91.344 Y117.662 E144.06889
G1 X102.338 Y128.656 E145.01047
G1 X101.516 Y128.656 E145.06025
G1 X91.344 Y118.484 E145.93143
G1 X91.344 Y119.307 E145.98127
G1 X100.693 Y128.656 E146.78196
G1 X99.871 Y128.656 E146.83174
G1 X91.344 Y120.129 E147.56203
G1 X91.344 Y120.952 E147.61187
G1 X99.048 Y128.656 E148.27168
G1 X98.226 Y128.656 E148.32146
G1 X91.344 Y121.774 E148.91087
G1 X91.344 Y122.597 E148.96071
G1 X97.403 Y128.656 E149.47963
G1 X96.581 Y128.656 E149.52941
G1 X91.344 Y123.419 E149.97793
G1 X91.344 Y124.241 E150.02771
G1 X95.759 Y128.656 E150.40583
G1 X94.936 Y128.656 E150.45567
G1 X91.344 Y125.064 E150.76331
G1 X91.344 Y125.886 E150.81309
G1 X94.114 Y128.656 E151.05033
G1 X93.291 Y128.656 E151.10017
G1 X91.344 Y126.709 E151.26692
G1 X91.344 Y127.531 E151.3167
G1 X92.469 Y128.656 E151.41305
G1 X91.646 Y128.656 E151.46289
G1 X91.161 Y128.17 E151.50447
;LAYER_CHANGE
;Z:18.3
;HEIGHT:0.199999
G1 E149.50447 F2400
G92 E0
G1 Z18.3 F7800
G1 X128.961 Y128.961
G1 E2 F2400
;TYPE:Perimeter
;WIDTH:0.449999
G1 F3254
G1 X91.039 Y128.961 E3.28361
G1 X91.039 Y91.039 E4.56722
G1 X128.961 Y91.039 E5.85083
G1 X128.961 Y128.901 E7.13241
G1 X129.368 Y129.368 F7800
G1 F3254
G1 X90.632 Y129.368 E8.44358
G1 X90.632 Y90.632 E9.75475
G1 X129.368 Y90.632 E11.06592
G1 X129.368 Y129.308 E12.37505
G1 X129.775 Y129.775 F7800
;TYPE:External perimeter
G1 F2400
G1 X90.225 Y129.775 E13.71377
G1 X90.225 Y90.225 E15.05249
G1 X129.775 Y90.225 E16.39121
G1 X129.775 Y129.715 E17.7279
G1 X129.379 Y129.774 F7800
;LAYER_CHANGE
;Z:18.5
;HEIGHT:0.200001
G1 Z18.5 F7800
G1 X128.961 Y128.961
;TYPE:Perimeter
G1 F4800
G1 X91.039 Y128.961 E19.01151
G1 X91.039 Y91.039 E20.29512
G1 X128.961 Y91.039 E21.57873
G1 X128.961 Y128.901 E22.86031
G1 X129.368 Y129.368 F7800
G1 F4800
G1 X90.632 Y129.368 E24.17148
G1 X90.632 Y90.632 E25.48265
G1 X129.368 Y90.632 E26.79382
G1 X129.368 Y129.308 E28.10295
G1 X129.775 Y129.775 F7800
;TYPE:External perimeter
G1 F2400
G1 X90.225 Y129.775 E29.44167
G1 X90.225 Y90.225 E30.78039
G1 X129.775 Y90.225 E32.11911
G1 X129.775 Y129.715 E33.4558
G1 X129.379 Y129.774 F7800
M73 Q46 S59
G1 X128.17 Y128.839
;TYPE:Internal infill
;WIDTH:0.45
;HEIGHT:0.4
G1 F4800
G1 X128.656 Y128.354 E33.49738
G1 X128.656 Y127.531 E33.54722
G1 X127.531 Y128.656 E33.64357
G1 X126.709 Y128.656 E33.69335
G1 X128.656 Y126.709 E33.8601
G1 X128.656 Y125.886 E33.90994
G1 X125.886 Y128.656 E34.14718
G1 X125.064 Y128.656 E34.19696
G1 X128.656 Y125.064 E34.5046
G1 X128.656 Y124.241 E34.55444
G1 X124.241 Y128.656 E34.93256
G1 X123.419 Y128.656 E34.98234
G1 X128.656 Y123.419 E35.43086
G1 X128.656 Y122.597 E35.48064
G1 X122.597 Y128.656 E35.99956
G1 X121.774 Y128.656 E36.0494
G1 X128.656 Y121.774 E36.63881
G1 X128.656 Y120.952 E36.68859
G1 X120.952 Y128.656 E37.3484
G1 X120.129 Y128.656 E37.39824
G1 X128.656 Y120.129 E38.12853
G1 X128.656 Y119.307 E38.17831
G1 X119.307 Y128.656 E38.979
G1 X118.484 Y128.656 E39.02884
G1 X128.656 Y118.484 E39.90002
G1 X128.656 Y117.662 E39.9498
G1 X117.662 Y128.656 E40.89138
G1 X116.84 Y128.656 E40.94116
G1 X128.656 Y116.84 E41.95314
G1 X128.656 Y116.017 E42.00298
G1 X116.017 Y128.656 E43.08544
G1 X115.195 Y128.656 E43.13522
G1 X128.656 Y115.195 E44.28808
G1 X128.656 Y114.372 E44.33792
G1 X114.372 Y128.656 E45.56127
G1 X113.55 Y128.656 E45.61105
G1 X128.656 Y113.55 E46.9048
G1 X128.656 Y112.728 E46.95458
G1 X112.728 Y128.656 E48.31873
G1 X111.905 Y128.656 E48.36857
G1 X128.656 Y111.905 E49.8032
G1 X128.656 Y111.083 E49.85298
G1 X111.083 Y128.656 E51.35801
G1 X110.26 Y128.656 E51.40785
G1 X128.656 Y110.26 E52.98337
G1 X128.656 Y109.438 E53.03315
G1 X109.438 Y128.656 E54.67907
G1 X108.615 Y128.656 E54.72891
G1 X128.656 Y108.615 E56.44531
G1 X128.656 Y107.793 E56.49509
G1 X107.793 Y128.656 E58.28189
G1 X106.971 Y128.656 E58.33167
G1 X128.656 Y106.971 E60.18887
G1 X128.656 Y106.148 E60.23871
G1 X106.148 Y128.656 E62.1664
G1 X105.326 Y128.656 E62.21618
G1 X128.656 Y105.326 E64.21427
G1 X128.656 Y104.503 E64.26411
G1 X104.503 Y128.656 E66.33269
G1 X103.681 Y128.656 E66.38247
G1 X128.656 Y103.681 E68.52145
G1 X128.656 Y102.858 E68.57129
G1 X102.858 Y128.656 E70.78075
G1 X102.036 Y128.656 E70.83053
G1 X128.656 Y102.036 E73.11039
G1 X128.656 Y101.214 E73.16017
G1 X101.214 Y128.656 E75.51043
G1 X100.391 Y128.656 E75.56027
G1 X128.656 Y100.391 E77.98102
G1 X128.656 Y99.569 E78.0308
G1 X99.569 Y128.656 E80.52195
G1 X98.746 Y128.656 E80.57179
G1 X128.656 Y98.746 E83.13342
G1 X128.656 Y97.924 E83.1832
G1 X97.924 Y128.656 E85.81523
G1 X97.101 Y128.656 E85.86507
G1 X128.656 Y97.101 E88.56759
G1 X128.656 Y96.279 E88.61737
G1 X96.279 Y128.656 E91.39029
G1 X95.457 Y128.656 E91.44007
G1 X128.656 Y95.457 E94.28339
G1 X128.656 Y94.634 E94.33323
G1 X94.634 Y128.656 E97.24703
G1 X93.812 Y128.656 E97.29681
G1 X128.656 Y93.812 E100.28101
G1 X128.656 Y92.989 E100.33085
G1 X92.989 Y128.656 E103.38554
G1 X92.167 Y128.656 E103.43532
G1 X128.656 Y92.167 E106.56041
G1 X128.656 Y91.344 E106.61025
G1 X91.344 Y128.656 E109.80582
G1 X91.344 Y127.833 E109.85566
G1 X127.833 Y91.344 E112.98075
G1 X127.011 Y91.344 E113.03053
G1 X91.344 Y127.011 E116.08522
G1 X91.344 Y126.188 E116.13506
G1 X126.188 Y91.344 E119.11926
G1 X125.366 Y91.344 E119.16904
G1 X91.344 Y125.366 E122.08284
G1 X91.344 Y124.543 E122.13268
G1 X124.543 Y91.344 E124.976
G1 X123.721 Y91.344 E125.02578
G1 X91.344 Y123.721 E127.7987
G1 X91.344 Y122.899 E127.84848
G1 X122.899 Y91.344 E130.551
G1 X122.076 Y91.344 E130.60084
G1 X91.344 Y122.076 E133.23287
G1 X91.344 Y121.254 E133.28265
G1 X121.254 Y91.344 E135.84428
G1 X120.431 Y91.344 E135.89412
G1 X91.344 Y120.431 E138.38527
G1 X91.344 Y119.609 E138.43505
G1 X119.609 Y91.344 E140.8558
G1 X118.786 Y91.344 E140.90564
G1 X91.344 Y118.786 E143.2559
G1 X91.344 Y117.964 E143.30568
G1 X117.964 Y91.344 E145.58554
G1 X117.142 Y91.344 E145.63532
G1 X91.344 Y117.142 E147.84478
G1 X91.344 Y116.319 E147.89462
G1 X116.319 Y91.344 E150.0336
G1 X115.497 Y91.344 E150.08338
G1 X91.344 Y115.497 E152.15196
G1 X91.344 Y114.674 E152.2018
G1 X114.674 Y91.344 E154.19989
G1 X113.852 Y91.344 E154.24967
G1 X91.344 Y113.852 E156.17736
G1 X91.344 Y113.029 E156.2272
G1 X113.029 Y91.344 E158.0844
G1 X112.207 Y91.344 E158.13418
G1 X91.344 Y112.207 E159.92098
G1 X91.344 Y111.385 E159.97076
G1 X111.385 Y91.344 E161.68716
G1 X110.562 Y91.344 E161.737
G1 X91.344 Y110.562 E163.38292
G1 X91.344 Y109.74 E163.4327
G1 X109.74 Y91.344 E165.00822
G1 X108.917 Y91.344 E165.05806
G1 X91.344 Y108.917 E166.56309
G1 X91.344 Y108.095 E166.61287
G1 X108.095 Y91.344 E168.0475
G1 X107.272 Y91.344 E168.09734
G1 X91.344 Y107.272 E169.46149
G1 X91.344 Y106.45 E169.51127
G1 X106.45 Y91.344 E170.80502
G1 X105.628 Y91.344 E170.8548
G1 X91.344 Y105.628 E172.07815
G1 X91.344 Y104.805 E172.12799
G1 X104.805 Y91.344 E173.28085
G1 X103.983 Y91.344 E173.33063
G1 X91.344 Y103.983 E174.41309
G1 X91.344 Y103.16 E174.46293
G1 X103.16 Y91.344 E175.47491
G1 X102.338 Y91.344 E175.52469
G1 X91.344 Y102.338 E176.46627
G1 X91.344 Y101.516 E176.51605
G1 X101.516 Y91.344 E177.38723
G1 X100.693 Y91.344 E177.43707
G1 X91.344 Y100.693 E178.23776
G1 X91.344 Y99.871 E178.28754
G1 X99.871 Y91.344 E179.01783
G1 X99.048 Y91.344 E179.06767
G1 X91.344 Y99.048 E179.72748
G1 X91.344 Y98.226 E179.77726
G1 X98.226 Y91.344 E180.36667
G1 X97.403 Y91.344 E180.41651
G1 X91.344 Y97.403 E180.93543
G1 X91.344 Y96.581 E180.98521
G1 X96.581 Y91.344 E181.43373
G1 X95.759 Y91.344 E181.48351
G1 X91.344 Y95.759 E181.86163
G1 X91.344 Y94.936 E181.91147
G1 X94.936 Y91.344 E182.21911
G1 X94.114 Y91.344 E182.26889
G1 X91.344 Y94.114 E182.50613
G1 X91.344 Y93.291 E182.55597
G1 X93.291 Y91.344 E182.72272
G1 X92.469 Y91.344 E182.7725
G1 X91.344 Y92.469 E182.86885
G1 X91.344 Y91.646 E182.91869
G1 X91.83 Y91.161 E182.96027
;LAYER_CHANGE
;Z:18.7
;HEIGHT:0.200001
G1 E180.96027 F2400
G92 E0
G1 Z18.7 F7800
G1 X128.961 Y128.961
G1 E2 F2400
;TYPE:Perimeter
;WIDTH:0.449999
G1 F3323
G1 X91.039 Y128.961 E3.28361
G1 X91.039 Y91.039 E4.56722
M73 P46 R57
G1 X128.961 Y91.039 E5.85083
G1 X128.961 Y128.901 E7.13241
G1 X129.368 Y129.368 F7800
G1 F3323
G1 X90.632 Y129.368 E8.44358
G1 X90.632 Y90.632 E9.75475
M73 P47 R57
G1 X129.368 Y90.632 E11.06592
G1 X129.368 Y129.308 E12.37505
G1 X129.775 Y129.775 F7800
M73 Q47 S59
;TYPE:External perimeter
G1 F2400
G1 X90.225 Y129.775 E13.71377
G1 X90.225 Y90.225 E15.05249
G1 X129.775 Y90.225 E16.39121
G1 X129.775 Y129.715 E17.7279
G1 X129.379 Y129.774 F7800
;LAYER_CHANGE
;Z:18.9
;HEIGHT:0.199999
G1 Z18.9 F7800
G1 X128.961 Y128.961
;TYPE:Perimeter
G1 F4800
G1 X91.039 Y128.961 E19.01151
G1 X91.039 Y91.039 E20.29512
G1 X128.961 Y91.039 E21.57873
G1 X128.961 Y128.901 E22.86031
G1 X129.368 Y129.368 F7800
G1 F4800
G1 X90.632 Y129.368 E24.17148
G1 X90.632 Y90.632 E25.48265
G1 X129.368 Y90.632 E26.79382
G1 X129.368 Y129.308 E28.10295
G1 X129.775 Y129.775 F7800
;TYPE:External perimeter
G1 F2400
G1 X90.225 Y129.775 E29.44167
G1 X90.225 Y90.225 E30.78039
G1 X129.775 Y90.225 E32.11911
G1 X129.775 Y129.715 E33.4558
G1 X129.379 Y129.774 F7800
G1 E31.4558 F2400
G92 E0
G1 X128.839 Y91.83 F7800
G1 E2 F2400
;TYPE:Internal infill
;WIDTH:0.45
;HEIGHT:0.4
G1 F4800
G1 X128.354 Y91.344 E2.04158
G1 X127.531 Y91.344 E2.09142
G1 X128.656 Y92.469 E2.18777
G1 X128.656 Y93.291 E2.23755
G1 X126.709 Y91.344 E2.4043
G1 X125.886 Y91.344 E2.45414
G1 X128.656 Y94.114 E2.69138
G1 X128.656 Y94.936 E2.74116
G1 X125.064 Y91.344 E3.0488
G1 X124.241 Y91.344 E3.09864
G1 X128.656 Y95.759 E3.47676
G1 X128.656 Y96.581 E3.52654
G1 X123.419 Y91.344 E3.97506
G1 X122.597 Y91.344 E4.02484
G1 X128.656 Y97.403 E4.54376
G1 X128.656 Y98.226 E4.5936
G1 X121.774 Y91.344 E5.18301
G1 X120.952 Y91.344 E5.23279
G1 X128.656 Y99.048 E5.8926
G1 X128.656 Y99.871 E5.94244
G1 X120.129 Y91.344 E6.67273
G1 X119.307 Y91.344 E6.72251
G1 X128.656 Y100.693 E7.5232
G1 X128.656 Y101.516 E7.57304
M73 Q47 S58
G1 X118.484 Y91.344 E8.44422
G1 X117.662 Y91.344 E8.494
G1 X128.656 Y102.338 E9.43558
G1 X128.656 Y103.16 E9.48536
G1 X116.84 Y91.344 E10.49734
G1 X116.017 Y91.344 E10.54718
G1 X128.656 Y103.983 E11.62964
G1 X128.656 Y104.805 E11.67942
G1 X115.195 Y91.344 E12.83228
G1 X114.372 Y91.344 E12.88212
G1 X128.656 Y105.628 E14.10547
G1 X128.656 Y106.45 E14.15525
G1 X113.55 Y91.344 E15.449
G1 X112.728 Y91.344 E15.49878
G1 X128.656 Y107.272 E16.86293
G1 X128.656 Y108.095 E16.91277
G1 X111.905 Y91.344 E18.3474
G1 X111.083 Y91.344 E18.39718
G1 X128.656 Y108.917 E19.90221
G1 X128.656 Y109.74 E19.95205
G1 X110.26 Y91.344 E21.52757
G1 X109.438 Y91.344 E21.57735
G1 X128.656 Y110.562 E23.22327
G1 X128.656 Y111.385 E23.27311
G1 X108.615 Y91.344 E24.98951
G1 X107.793 Y91.344 E25.03929
G1 X128.656 Y112.207 E26.82609
G1 X128.656 Y113.029 E26.87587
G1 X106.971 Y91.344 E28.73307
G1 X106.148 Y91.344 E28.78291
G1 X128.656 Y113.852 E30.7106
G1 X128.656 Y114.674 E30.76038
G1 X105.326 Y91.344 E32.75847
G1 X104.503 Y91.344 E32.80831
G1 X128.656 Y115.497 E34.87689
G1 X128.656 Y116.319 E34.92667
G1 X103.681 Y91.344 E37.06565
G1 X102.858 Y91.344 E37.11549
G1 X128.656 Y117.142 E39.32495
G1 X128.656 Y117.964 E39.37473
G1 X102.036 Y91.344 E41.65459
G1 X101.214 Y91.344 E41.70437
G1 X128.656 Y118.786 E44.05463
G1 X128.656 Y119.609 E44.10447
G1 X100.391 Y91.344 E46.52522
G1 X99.569 Y91.344 E46.575
G1 X128.656 Y120.431 E49.06615
G1 X128.656 Y121.254 E49.11599
G1 X98.746 Y91.344 E51.67762
G1 X97.924 Y91.344 E51.7274
G1 X128.656 Y122.076 E54.35943
G1 X128.656 Y122.899 E54.40927
G1 X97.101 Y91.344 E57.11179
G1 X96.279 Y91.344 E57.16157
G1 X128.656 Y123.721 E59.93449
G1 X128.656 Y124.543 E59.98427
G1 X95.457 Y91.344 E62.82759
G1 X94.634 Y91.344 E62.87743
G1 X128.656 Y125.366 E65.79123
G1 X128.656 Y126.188 E65.84101
G1 X93.812 Y91.344 E68.82521
G1 X92.989 Y91.344 E68.87505
G1 X128.656 Y127.011 E71.92974
G1 X128.656 Y127.833 E71.97952
G1 X92.167 Y91.344 E75.10461
G1 X91.344 Y91.344 E75.15445
G1 X128.656 Y128.656 E78.35002
G1 X127.833 Y128.656 E78.39986
G1 X91.344 Y92.167 E81.52495
G1 X91.344 Y92.989 E81.57473
G1 X127.011 Y128.656 E84.62942
G1 X126.188 Y128.656 E84.67926
G1 X91.344 Y93.812 E87.66346
G1 X91.344 Y94.634 E87.71324
G1 X125.366 Y128.656 E90.62704
G1 X124.543 Y128.656 E90.67688
G1 X91.344 Y95.457 E93.5202
G1 X91.344 Y96.279 E93.56998
G1 X123.721 Y128.656 E96.3429
G1 X122.899 Y128.656 E96.39268
G1 X91.344 Y97.101 E99.0952
G1 X91.344 Y97.924 E99.14504
G1 X122.076 Y128.656 E101.77707
G1 X121.254 Y128.656 E101.82685
G1 X91.344 Y98.746 E104.38848
G1 X91.344 Y99.569 E104.43832
G1 X120.431 Y128.656 E106.92947
G1 X119.609 Y128.656 E106.97925
G1 X91.344 Y100.391 E109.4
G1 X91.344 Y101.214 E109.44984
G1 X118.786 Y128.656 E111.8001
G1 X117.964 Y128.656 E111.84988
G1 X91.344 Y102.036 E114.12974
G1 X91.344 Y102.858 E114.17952
G1 X117.142 Y128.656 E116.38898
G1 X116.319 Y128.656 E116.43882
G1 X91.344 Y103.681 E118.5778
G1 X91.344 Y104.503 E118.62758
G1 X115.497 Y128.656 E120.69616
G1 X114.674 Y128.656 E120.746
G1 X91.344 Y105.326 E122.74409
G1 X91.344 Y106.148 E122.79387
G1 X113.852 Y128.656 E124.72156
G1 X113.029 Y128.656 E124.7714
G1 X91.344 Y106.971 E126.6286
G1 X91.344 Y107.793 E126.67838
G1 X112.207 Y128.656 E128.46518
G1 X111.385 Y128.656 E128.51496
G1 X91.344 Y108.615 E130.23136
G1 X91.344 Y109.438 E130.2812
G1 X110.562 Y128.656 E131.92712
G1 X109.74 Y128.656 E131.9769
G1 X91.344 Y110.26 E133.55242
G1 X91.344 Y111.083 E133.60226
G1 X108.917 Y128.656 E135.10729
G1 X108.095 Y128.656 E135.15707
G1 X91.344 Y111.905 E136.5917
G1 X91.344 Y112.728 E136.64154
G1 X107.272 Y128.656 E138.00569
G1 X106.45 Y128.656 E138.05547
G1 X91.344 Y113.55 E139.34922
G1 X91.344 Y114.372 E139.399
G1 X105.628 Y128.656 E140.62235
G1 X104.805 Y128.656 E140.67219
G1 X91.344 Y115.195 E141.82505
G1 X91.344 Y116.017 E141.87483
G1 X103.983 Y128.656 E142.95729
G1 X103.16 Y128.656 E143.00713
G1 X91.344 Y116.84 E144.01911
G1 X91.344 Y117.662 E144.06889
G1 X102.338 Y128.656 E145.01047
G1 X101.516 Y128.656 E145.06025
G1 X91.344 Y118.484 E145.93143
G1 X91.344 Y119.307 E145.98127
G1 X100.693 Y128.656 E146.78196
G1 X99.871 Y128.656 E146.83174
G1 X91.344 Y120.129 E147.56203
G1 X91.344 Y120.952 E147.61187
G1 X99.048 Y128.656 E148.27168
G1 X98.226 Y128.656 E148.32146
G1 X91.344 Y121.774 E148.91087
G1 X91.344 Y122.597 E148.96071
G1 X97.403 Y128.656 E149.47963
G1 X96.581 Y128.656 E149.52941
G1 X91.344 Y123.419 E149.97793
G1 X91.344 Y124.241 E150.02771
G1 X95.759 Y128.656 E150.40583
G1 X94.936 Y128.656 E150.45567
G1 X91.344 Y125.064 E150.76331
G1 X91.344 Y125.886 E150.81309
G1 X94.114 Y128.656 E151.05033
G1 X93.291 Y128.656 E151.10017
G1 X91.344 Y126.709 E151.26692
G1 X91.344 Y127.531 E151.3167
G1 X92.469 Y128.656 E151.41305
G1 X91.646 Y128.656 E151.46289
G1 X91.161 Y128.17 E151.50447
;LAYER_CHANGE
;Z:19.1
;HEIGHT:0.200001
G1 E149.50447 F2400
G92 E0
G1 Z19.1 F7800
G1 X128.961 Y128.961
G1 E2 F2400
;TYPE:Perimeter
;WIDTH:0.449999
G1 F3254
G1 X91.039 Y128.961 E3.28361
G1 X91.039 Y91.039 E4.56722
G1 X128.961 Y91.039 E5.85083
G1 X128.961 Y128.901 E7.13241
G1 X129.368 Y129.368 F7800
G1 F3254
G1 X90.632 Y129.368 E8.44358
G1 X90.632 Y90.632 E9.75475
G1 X129.368 Y90.632 E11.06592
G1 X129.368 Y129.308 E12.37505
M73 P47 R56
G1 X129.775 Y129.775 F7800
;TYPE:External perimeter
G1 F2400
G1 X90.225 Y129.775 E13.71377
G1 X90.225 Y90.225 E15.05249
G1 X129.775 Y90.225 E16.39121
G1 X129.775 Y129.715 E17.7279
G1 X129.379 Y129.774 F7800
;LAYER_CHANGE
;Z:19.3
;HEIGHT:0.199999
G1 Z19.3 F7800
G1 X128.961 Y128.961
;TYPE:Perimeter
G1 F4800
G1 X91.039 Y128.961 E19.01151
G1 X91.039 Y91.039 E20.29512
G1 X128.961 Y91.039 E21.57873
G1 X128.961 Y128.901 E22.86031
G1 X129.368 Y129.368 F7800
G1 F4800
G1 X90.632 Y129.368 E24.17148
G1 X90.632 Y90.632 E25.48265
G1 X129.368 Y90.632 E26.79382
G1 X129.368 Y129.308 E28.10295
M73 P48 R56
G1 X129.775 Y129.775 F7800
;TYPE:External perimeter
G1 F2400
G1 X90.225 Y129.775 E29.44167
G1 X90.225 Y90.225 E30.78039
G1 X129.775 Y90.225 E32.11911
M73 Q48 S58
G1 X129.775 Y129.715 E33.4558
G1 X129.379 Y129.774 F7800
G1 X128.17 Y128.839
;TYPE:Internal infill
;WIDTH:0.45
;HEIGHT:0.4
G1 F4800
G1 X128.656 Y128.354 E33.49738
G1 X128.656 Y127.531 E33.54722
G1 X127.531 Y128.656 E33.64357
G1 X126.709 Y128.656 E33.69335
G1 X128.656 Y126.709 E33.8601
G1 X128.656 Y125.886 E33.90994
G1 X125.886 Y128.656 E34.14718
G1 X125.064 Y128.656 E34.19696
G1 X128.656 Y125.064 E34.5046
G1 X128.656 Y124.241 E34.55444
G1 X124.241 Y128.656 E34.93256
G1 X123.419 Y128.656 E34.98234
G1 X128.656 Y123.419 E35.43086
G1 X128.656 Y122.597 E35.48064
G1 X122.597 Y128.656 E35.99956
G1 X121.774 Y128.656 E36.0494
G1 X128.656 Y121.774 E36.63881
G1 X128.656 Y120.952 E36.68859
G1 X120.952 Y128.656 E37.3484
G1 X120.129 Y128.656 E37.39824
G1 X128.656 Y120.129 E38.12853
G1 X128.656 Y119.307 E38.17831
G1 X119.307 Y128.656 E38.979
G1 X118.484 Y128.656 E39.02884
G1 X128.656 Y118.484 E39.90002
G1 X128.656 Y117.662 E39.9498
G1 X117.662 Y128.656 E40.89138
G1 X116.84 Y128.656 E40.94116
G1 X128.656 Y116.84 E41.95314
G1 X128.656 Y116.017 E42.00298
G1 X116.017 Y128.656 E43.08544
G1 X115.195 Y128.656 E43.13522
G1 X128.656 Y115.195 E44.28808
G1 X128.656 Y114.372 E44.33792
G1 X114.372 Y128.656 E45.56127
G1 X113.55 Y128.656 E45.61105
G1 X128.656 Y113.55 E46.9048
G1 X128.656 Y112.728 E46.95458
G1 X112.728 Y128.656 E48.31873
G1 X111.905 Y128.656 E48.36857
G1 X128.656 Y111.905 E49.8032
G1 X128.656 Y111.083 E49.85298
G1 X111.083 Y128.656 E51.35801
G1 X110.26 Y128.656 E51.40785
M73 Q48 S57
G1 X128.656 Y110.26 E52.98337
G1 X128.656 Y109.438 E53.03315
G1 X109.438 Y128.656 E54.67907
G1 X108.615 Y128.656 E54.72891
G1 X128.656 Y108.615 E56.44531
G1 X128.656 Y107.793 E56.49509
G1 X107.793 Y128.656 E58.28189
G1 X106.971 Y128.656 E58.33167
G1 X128.656 Y106.971 E60.18887
G1 X128.656 Y106.148 E60.23871
G1 X106.148 Y128.656 E62.1664
G1 X105.326 Y128.656 E62.21618
G1 X128.656 Y105.326 E64.21427
G1 X128.656 Y104.503 E64.26411
G1 X104.503 Y128.656 E66.33269
G1 X103.681 Y128.656 E66.38247
G1 X128.656 Y103.681 E68.52145
G1 X128.656 Y102.858 E68.57129
G1 X102.858 Y128.656 E70.78075
G1 X102.036 Y128.656 E70.83053
G1 X128.656 Y102.036 E73.11039
G1 X128.656 Y101.214 E73.16017
G1 X101.214 Y128.656 E75.51043
G1 X100.391 Y128.656 E75.56027
G1 X128.656 Y100.391 E77.98102
G1 X128.656 Y99.569 E78.0308
G1 X99.569 Y128.656 E80.52195
G1 X98.746 Y128.656 E80.57179
G1 X128.656 Y98.746 E83.13342
G1 X128.656 Y97.924 E83.1832
G1 X97.924 Y128.656 E85.81523
G1 X97.101 Y128.656 E85.86507
G1 X128.656 Y97.101 E88.56759
G1 X128.656 Y96.279 E88.61737
G1 X96.279 Y128.656 E91.39029
G1 X95.457 Y128.656 E91.44007
G1 X128.656 Y95.457 E94.28339
G1 X128.656 Y94.634 E94.33323
G1 X94.634 Y128.656 E97.24703
G1 X93.812 Y128.656 E97.29681
G1 X128.656 Y93.812 E100.28101
G1 X128.656 Y92.989 E100.33085
G1 X92.989 Y128.656 E103.38554
G1 X92.167 Y128.656 E103.43532
G1 X128.656 Y92.167 E106.56041
G1 X128.656 Y91.344 E106.61025
G1 X91.344 Y128.656 E109.80582
G1 X91.344 Y127.833 E109.85566
G1 X127.833 Y91.344 E112.98075
G1 X127.011 Y91.344 E113.03053
G1 X91.344 Y127.011 E116.08522
G1 X91.344 Y126.188 E116.13506
G1 X126.188 Y91.344 E119.11926
G1 X125.366 Y91.344 E119.16904
G1 X91.344 Y125.366 E122.08284
G1 X91.344 Y124.543 E122.13268
G1 X124.543 Y91.344 E124.976
G1 X123.721 Y91.344 E125.02578
G1 X91.344 Y123.721 E127.7987
G1 X91.344 Y122.899 E127.84848
G1 X122.899 Y91.344 E130.551
G1 X122.076 Y91.344 E130.60084
G1 X91.344 Y122.076 E133.23287
G1 X91.344 Y121.254 E133.28265
G1 X121.254 Y91.344 E135.84428
G1 X120.431 Y91.344 E135.89412
G1 X91.344 Y120.431 E138.38527
G1 X91.344 Y119.609 E138.43505
G1 X119.609 Y91.344 E140.8558
G1 X118.786 Y91.344 E140.90564
G1 X91.344 Y118.786 E143.2559
G1 X91.344 Y117.964 E143.30568
G1 X117.964 Y91.344 E145.58554
G1 X117.142 Y91.344 E145.63532
G1 X91.344 Y117.142 E147.84478
G1 X91.344 Y116.319 E147.89462
G1 X116.319 Y91.344 E150.0336
G1 X115.497 Y91.344 E150.08338
G1 X91.344 Y115.497 E152.15196
G1 X91.344 Y114.674 E152.2018
G1 X114.674 Y91.344 E154.19989
G1 X113.852 Y91.344 E154.24967
G1 X91.344 Y113.852 E156.17736
G1 X91.344 Y113.029 E156.2272
G1 X113.029 Y91.344 E158.0844
G1 X112.207 Y91.344 E158.13418
G1 X91.344 Y112.207 E159.92098
G1 X91.344 Y111.385 E159.97076
G1 X111.385 Y91.344 E161.68716
G1 X110.562 Y91.344 E161.737
G1 X91.344 Y110.562 E163.38292
G1 X91.344 Y109.74 E163.4327
G1 X109.74 Y91.344 E165.00822
G1 X108.917 Y91.344 E165.05806
G1 X91.344 Y108.917 E166.56309
G1 X91.344 Y108.095 E166.61287
G1 X108.095 Y91.344 E168.0475
G1 X107.272 Y91.344 E168.09734
G1 X91.344 Y107.272 E169.46149
G1 X91.344 Y106.45 E169.51127
G1 X106.45 Y91.344 E170.80502
G1 X105.628 Y91.344 E170.8548
G1 X91.344 Y105.628 E172.07815
G1 X91.344 Y104.805 E172.12799
G1 X104.805 Y91.344 E173.28085
G1 X103.983 Y91.344 E173.33063
G1 X91.344 Y103.983 E174.41309
G1 X91.344 Y103.16 E174.46293
G1 X103.16 Y91.344 E175.47491
G1 X102.338 Y91.344 E175.52469
G1 X91.344 Y102.338 E176.46627
G1 X91.344 Y101.516 E176.51605
G1 X101.516 Y91.344 E177.38723
G1 X100.693 Y91.344 E177.43707
G1 X91.344 Y100.693 E178.23776
G1 X91.344 Y99.871 E178.28754
G1 X99.871 Y91.344 E179.01783
G1 X99.048 Y91.344 E179.06767
G1 X91.344 Y99.048 E179.72748
G1 X91.344 Y98.226 E179.77726
G1 X98.226 Y91.344 E180.36667
G1 X97.403 Y91.344 E180.41651
G1 X91.344 Y97.403 E180.93543
G1 X91.344 Y96.581 E180.98521
G1 X96.581 Y91.344 E181.43373
G1 X95.759 Y91.344 E181.48351
G1 X91.344 Y95.759 E181.86163
G1 X91.344 Y94.936 E181.91147
G1 X94.936 Y91.344 E182.21911
G1 X94.114 Y91.344 E182.26889
G1 X91.344 Y94.114 E182.50613
G1 X91.344 Y93.291 E182.55597
G1 X93.291 Y91.344 E182.72272
G1 X92.469 Y91.344 E182.7725
G1 X91.344 Y92.469 E182.86885
G1 X91.344 Y91.646 E182.91869
G1 X91.83 Y91.161 E182.96027
;LAYER_CHANGE
;Z:19.5
;HEIGHT:0.200001
G1 E180.96027 F2400
G92 E0
G1 Z19.5 F7800
G1 X128.961 Y128.961
G1 E2 F2400
;TYPE:Perimeter
;WIDTH:0.449999
G1 F3323
G1 X91.039 Y128.961 E3.28361
G1 X91.039 Y91.039 E4.56722
G1 X128.961 Y91.039 E5.85083
G1 X128.961 Y128.901 E7.13241
G1 X129.368 Y129.368 F7800
G1 F3323
G1 X90.632 Y129.368 E8.44358
G1 X90.632 Y90.632 E9.75475
G1 X129.368 Y90.632 E11.06592
G1 X129.368 Y129.308 E12.37505
G1 X129.775 Y129.775 F7800
;TYPE:External perimeter
G1 F2400
G1 X90.225 Y129.775 E13.71377
G1 X90.225 Y90.225 E15.05249
G1 X129.775 Y90.225 E16.39121
G1 X129.775 Y129.715 E17.7279
G1 X129.379 Y129.774 F7800
M73 P48 R55
;LAYER_CHANGE
;Z:19.7
;HEIGHT:0.200001
G1 Z19.7 F7800
G1 X128.961 Y128.961
;TYPE:Perimeter
G1 F4800
G1 X91.039 Y128.961 E19.01151
G1 X91.039 Y91.039 E20.29512
G1 X128.961 Y91.039 E21.57873
G1 X128.961 Y128.901 E22.86031
G1 X129.368 Y129.368 F7800
G1 F4800
G1 X90.632 Y129.368 E24.17148
G1 X90.632 Y90.632 E25.48265
G1 X129.368 Y90.632 E26.79382
G1 X129.368 Y129.308 E28.10295
G1 X129.775 Y129.775 F7800
;TYPE:External perimeter
G1 F2400
G1 X90.225 Y129.775 E29.44167
G1 X90.225 Y90.225 E30.78039
G1 X129.775 Y90.225 E32.11911
G1 X129.775 Y129.715 E33.4558
G1 X129.379 Y129.774 F7800
G1 E31.4558 F2400
G92 E0
G1 X128.839 Y91.83 F7800
G1 E2 F2400
;TYPE:Internal infill
;WIDTH:0.45
;HEIGHT:0.4
G1 F4800
G1 X128.354 Y91.344 E2.04158
G1 X127.531 Y91.344 E2.09142
G1 X128.656 Y92.469 E2.18777
G1 X128.656 Y93.291 E2.23755
G1 X126.709 Y91.344 E2.4043
G1 X125.886 Y91.344 E2.45414
G1 X128.656 Y94.114 E2.69138
G1 X128.656 Y94.936 E2.74116
G1 X125.064 Y91.344 E3.0488
G1 X124.241 Y91.344 E3.09864
G1 X128.656 Y95.759 E3.47676
G1 X128.656 Y96.581 E3.52654
G1 X123.419 Y91.344 E3.97506
G1 X122.597 Y91.344 E4.02484
G1 X128.656 Y97.403 E4.54376
G1 X128.656 Y98.226 E4.5936
G1 X121.774 Y91.344 E5.18301
G1 X120.952 Y91.344 E5.23279
G1 X128.656 Y99.048 E5.8926
G1 X128.656 Y99.871 E5.94244
G1 X120.129 Y91.344 E6.67273
G1 X119.307 Y91.344 E6.72251
G1 X128.656 Y100.693 E7.5232
G1 X128.656 Y101.516 E7.57304
G1 X118.484 Y91.344 E8.44422
G1 X117.662 Y91.344 E8.494
G1 X128.656 Y102.338 E9.43558
G1 X128.656 Y103.16 E9.48536
G1 X116.84 Y91.344 E10.49734
G1 X116.017 Y91.344 E10.54718
G1 X128.656 Y103.983 E11.62964
G1 X128.656 Y104.805 E11.67942
G1 X115.195 Y91.344 E12.83228
G1 X114.372 Y91.344 E12.88212
G1 X128.656 Y105.628 E14.10547
G1 X128.656 Y106.45 E14.15525
G1 X113.55 Y91.344 E15.449
G1 X112.728 Y91.344 E15.49878
G1 X128.656 Y107.272 E16.86293
G1 X128.656 Y108.095 E16.91277
G1 X111.905 Y91.344 E18.3474
G1 X111.083 Y91.344 E18.39718
G1 X128.656 Y108.917 E19.90221
G1 X128.656 Y109.74 E19.95205
M73 P49 R55
G1 X110.26 Y91.344 E21.52757
G1 X109.438 Y91.344 E21.57735
G1 X128.656 Y110.562 E23.22327
G1 X128.656 Y111.385 E23.27311
G1 X108.615 Y91.344 E24.98951
G1 X107.793 Y91.344 E25.03929
G1 X128.656 Y112.207 E26.82609
G1 X128.656 Y113.029 E26.87587
M73 Q49 S57
G1 X106.971 Y91.344 E28.73307
G1 X106.148 Y91.344 E28.78291
G1 X128.656 Y113.852 E30.7106
G1 X128.656 Y114.674 E30.76038
M73 Q49 S56
G1 X105.326 Y91.344 E32.75847
G1 X104.503 Y91.344 E32.80831
G1 X128.656 Y115.497 E34.87689
G1 X128.656 Y116.319 E34.92667
G1 X103.681 Y91.344 E37.06565
G1 X102.858 Y91.344 E37.11549
G1 X128.656 Y117.142 E39.32495
G1 X128.656 Y117.964 E39.37473
G1 X102.036 Y91.344 E41.65459
G1 X101.214 Y91.344 E41.70437
G1 X128.656 Y118.786 E44.05463
G1 X128.656 Y119.609 E44.10447
G1 X100.391 Y91.344 E46.52522
G1 X99.569 Y91.344 E46.575
G1 X128.656 Y120.431 E49.06615
G1 X128.656 Y121.254 E49.11599
G1 X98.746 Y91.344 E51.67762
G1 X97.924 Y91.344 E51.7274
G1 X128.656 Y122.076 E54.35943
G1 X128.656 Y122.899 E54.40927
G1 X97.101 Y91.344 E57.11179
G1 X96.279 Y91.344 E57.16157
G1 X128.656 Y123.721 E59.93449
G1 X128.656 Y124.543 E59.98427
G1 X95.457 Y91.344 E62.82759
G1 X94.634 Y91.344 E62.87743
G1 X128.656 Y125.366 E65.79123
G1 X128.656 Y126.188 E65.84101
G1 X93.812 Y91.344 E68.82521
G1 X92.989 Y91.344 E68.87505
G1 X128.656 Y127.011 E71.92974
G1 X128.656 Y127.833 E71.97952
G1 X92.167 Y91.344 E75.10461
G1 X91.344 Y91.344 E75.15445
G1 X128.656 Y128.656 E78.35002
G1 X127.833 Y128.656 E78.39986
G1 X91.344 Y92.167 E81.52495
G1 X91.344 Y92.989 E81.57473
G1 X127.011 Y128.656 E84.62942
G1 X126.188 Y128.656 E84.67926
G1 X91.344 Y93.812 E87.66346
G1 X91.344 Y94.634 E87.71324
G1 X125.366 Y128.656 E90.62704
G1 X124.543 Y128.656 E90.67688
G1 X91.344 Y95.457 E93.5202
G1 X91.344 Y96.279 E93.56998
G1 X123.721 Y128.656 E96.3429
G1 X122.899 Y128.656 E96.39268
G1 X91.344 Y97.101 E99.0952
G1 X91.344 Y97.924 E99.14504
G1 X122.076 Y128.656 E101.77707
G1 X121.254 Y128.656 E101.82685
G1 X91.344 Y98.746 E104.38848
G1 X91.344 Y99.569 E104.43832
G1 X120.431 Y128.656 E106.92947
G1 X119.609 Y128.656 E106.97925
G1 X91.344 Y100.391 E109.4
G1 X91.344 Y101.214 E109.44984
G1 X118.786 Y128.656 E111.8001
G1 X117.964 Y128.656 E111.84988
G1 X91.344 Y102.036 E114.12974
G1 X91.344 Y102.858 E114.17952
G1 X117.142 Y128.656 E116.38898
G1 X116.319 Y128.656 E116.43882
G1 X91.344 Y103.681 E118.5778
G1 X91.344 Y104.503 E118.62758
G1 X115.497 Y128.656 E120.69616
G1 X114.674 Y128.656 E120.746
G1 X91.344 Y105.326 E122.74409
G1 X91.344 Y106.148 E122.79387
G1 X113.852 Y128.656 E124.72156
G1 X113.029 Y128.656 E124.7714
G1 X91.344 Y106.971 E126.6286
G1 X91.344 Y107.793 E126.67838
G1 X112.207 Y128.656 E128.46518
G1 X111.385 Y128.656 E128.51496
G1 X91.344 Y108.615 E130.23136
G1 X91.344 Y109.438 E130.2812
G1 X110.562 Y128.656 E131.92712
G1 X109.74 Y128.656 E131.9769
G1 X91.344 Y110.26 E133.55242
G1 X91.344 Y111.083 E133.60226
G1 X108.917 Y128.656 E135.10729
G1 X108.095 Y128.656 E135.15707
G1 X91.344 Y111.905 E136.5917
G1 X91.344 Y112.728 E136.64154
G1 X107.272 Y128.656 E138.00569
G1 X106.45 Y128.656 E138.05547
G1 X91.344 Y113.55 E139.34922
G1 X91.344 Y114.372 E139.399
G1 X105.628 Y128.656 E140.62235
G1 X104.805 Y128.656 E140.67219
G1 X91.344 Y115.195 E141.82505
G1 X91.344 Y116.017 E141.87483
G1 X103.983 Y128.656 E142.95729
G1 X103.16 Y128.656 E143.00713
G1 X91.344 Y116.84 E144.01911
G1 X91.344 Y117.662 E144.06889
G1 X102.338 Y128.656 E145.01047
G1 X101.516 Y128.656 E145.06025
G1 X91.344 Y118.484 E145.93143
G1 X91.344 Y119.307 E145.98127
G1 X100.693 Y128.656 E146.78196
G1 X99.871 Y128.656 E146.83174
G1 X91.344 Y120.129 E147.56203
G1 X91.344 Y120.952 E147.61187
G1 X99.048 Y128.656 E148.27168
G1 X98.226 Y128.656 E148.32146
G1 X91.344 Y121.774 E148.91087
G1 X91.344 Y122.597 E148.96071
G1 X97.403 Y128.656 E149.47963
G1 X96.581 Y128.656 E149.52941
G1 X91.344 Y123.419 E149.97793
G1 X91.344 Y124.241 E150.02771
G1 X95.759 Y128.656 E150.40583
G1 X94.936 Y128.656 E150.45567
G1 X91.344 Y125.064 E150.76331
G1 X91.344 Y125.886 E150.81309
G1 X94.114 Y128.656 E151.05033
G1 X93.291 Y128.656 E151.10017
G1 X91.344 Y126.709 E151.26692
G1 X91.344 Y127.531 E151.3167
G1 X92.469 Y128.656 E151.41305
G1 X91.646 Y128.656 E151.46289
G1 X91.161 Y128.17 E151.50447
;LAYER_CHANGE
;Z:19.9
;HEIGHT:0.199999
G1 E149.50447 F2400
G92 E0
G1 Z19.9 F7800
G1 X128.961 Y128.961
G1 E2 F2400
;TYPE:Perimeter
;WIDTH:0.449999
G1 F3254
G1 X91.039 Y128.961 E3.28361
G1 X91.039 Y91.039 E4.56722
G1 X128.961 Y91.039 E5.85083
G1 X128.961 Y128.901 E7.13241
G1 X129.368 Y129.368 F7800
G1 F3254
G1 X90.632 Y129.368 E8.44358
G1 X90.632 Y90.632 E9.75475
G1 X129.368 Y90.632 E11.06592
G1 X129.368 Y129.308 E12.37505
G1 X129.775 Y129.775 F7800
;TYPE:External perimeter
G1 F2400
G1 X90.225 Y129.775 E13.71377
G1 X90.225 Y90.225 E15.05249
G1 X129.775 Y90.225 E16.39121
G1 X129.775 Y129.715 E17.7279
G1 X129.379 Y129.774 F7800
;LAYER_CHANGE
;Z:20.1
;HEIGHT:0.200001
G1 Z20.1 F7800
G1 X128.961 Y128.961
;TYPE:Perimeter
G1 F4800
G1 X91.039 Y128.961 E19.01151
G1 X91.039 Y91.039 E20.29512
G1 X128.961 Y91.039 E21.57873
G1 X128.961 Y128.901 E22.86031
G1 X129.368 Y129.368 F7800
G1 F4800
G1 X90.632 Y129.368 E24.17148
G1 X90.632 Y90.632 E25.48265
G1 X129.368 Y90.632 E26.79382
G1 X129.368 Y129.308 E28.10295
M73 P49 R54
G1 X129.775 Y129.775 F7800
;TYPE:External perimeter
G1 F2400
G1 X90.225 Y129.775 E29.44167
G1 X90.225 Y90.225 E30.78039
G1 X129.775 Y90.225 E32.11911
G1 X129.775 Y129.715 E33.4558
G1 X129.379 Y129.774 F7800
G1 X128.17 Y128.839
;TYPE:Internal infill
;WIDTH:0.45
;HEIGHT:0.4
G1 F4800
G1 X128.656 Y128.354 E33.49738
G1 X128.656 Y127.531 E33.54722
G1 X127.531 Y128.656 E33.64357
G1 X126.709 Y128.656 E33.69335
G1 X128.656 Y126.709 E33.8601
G1 X128.656 Y125.886 E33.90994
G1 X125.886 Y128.656 E34.14718
G1 X125.064 Y128.656 E34.19696
G1 X128.656 Y125.064 E34.5046
G1 X128.656 Y124.241 E34.55444
G1 X124.241 Y128.656 E34.93256
G1 X123.419 Y128.656 E34.98234
G1 X128.656 Y123.419 E35.43086
G1 X128.656 Y122.597 E35.48064
G1 X122.597 Y128.656 E35.99956
G1 X121.774 Y128.656 E36.0494
G1 X128.656 Y121.774 E36.63881
G1 X128.656 Y120.952 E36.68859
G1 X120.952 Y128.656 E37.3484
G1 X120.129 Y128.656 E37.39824
G1 X128.656 Y120.129 E38.12853
G1 X128.656 Y119.307 E38.17831
G1 X119.307 Y128.656 E38.979
G1 X118.484 Y128.656 E39.02884
G1 X128.656 Y118.484 E39.90002
G1 X128.656 Y117.662 E39.9498
G1 X117.662 Y128.656 E40.89138
G1 X116.84 Y128.656 E40.94116
G1 X128.656 Y116.84 E41.95314
G1 X128.656 Y116.017 E42.00298
G1 X116.017 Y128.656 E43.08544
G1 X115.195 Y128.656 E43.13522
G1 X128.656 Y115.195 E44.28808
G1 X128.656 Y114.372 E44.33792
G1 X114.372 Y128.656 E45.56127
G1 X113.55 Y128.656 E45.61105
G1 X128.656 Y113.55 E46.9048
G1 X128.656 Y112.728 E46.95458
G1 X112.728 Y128.656 E48.31873
G1 X111.905 Y128.656 E48.36857
G1 X128.656 Y111.905 E49.8032
G1 X128.656 Y111.083 E49.85298
G1 X111.083 Y128.656 E51.35801
G1 X110.26 Y128.656 E51.40785
G1 X128.656 Y110.26 E52.98337
G1 X128.656 Y109.438 E53.03315
G1 X109.438 Y128.656 E54.67907
G1 X108.615 Y128.656 E54.72891
G1 X128.656 Y108.615 E56.44531
G1 X128.656 Y107.793 E56.49509
G1 X107.793 Y128.656 E58.28189
G1 X106.971 Y128.656 E58.33167
G1 X128.656 Y106.971 E60.18887
G1 X128.656 Y106.148 E60.23871
G1 X106.148 Y128.656 E62.1664
G1 X105.326 Y128.656 E62.21618
G1 X128.656 Y105.326 E64.21427
G1 X128.656 Y104.503 E64.26411
G1 X104.503 Y128.656 E66.33269
G1 X103.681 Y128.656 E66.38247
G1 X128.656 Y103.681 E68.52145
G1 X128.656 Y102.858 E68.57129
G1 X102.858 Y128.656 E70.78075
G1 X102.036 Y128.656 E70.83053
G1 X128.656 Y102.036 E73.11039
G1 X128.656 Y101.214 E73.16017
G1 X101.214 Y128.656 E75.51043
G1 X100.391 Y128.656 E75.56027
M73 Q49 S55
G1 X128.656 Y100.391 E77.98102
G1 X128.656 Y99.569 E78.0308
G1 X99.569 Y128.656 E80.52195
G1 X98.746 Y128.656 E80.57179
G1 X128.656 Y98.746 E83.13342
G1 X128.656 Y97.924 E83.1832
G1 X97.924 Y128.656 E85.81523
G1 X97.101 Y128.656 E85.86507
G1 X128.656 Y97.101 E88.56759
G1 X128.656 Y96.279 E88.61737
G1 X96.279 Y128.656 E91.39029
G1 X95.457 Y128.656 E91.44007
G1 X128.656 Y95.457 E94.28339
G1 X128.656 Y94.634 E94.33323
G1 X94.634 Y128.656 E97.24703
G1 X93.812 Y128.656 E97.29681
M73 P50 R54
G1 X128.656 Y93.812 E100.28101
G1 X128.656 Y92.989 E100.33085
G1 X92.989 Y128.656 E103.38554
G1 X92.167 Y128.656 E103.43532
M73 Q50 S55
G1 X128.656 Y92.167 E106.56041
G1 X128.656 Y91.344 E106.61025
G1 X91.344 Y128.656 E109.80582
G1 X91.344 Y127.833 E109.85566
G1 X127.833 Y91.344 E112.98075
G1 X127.011 Y91.344 E113.03053
G1 X91.344 Y127.011 E116.08522
G1 X91.344 Y126.188 E116.13506
G1 X126.188 Y91.344 E119.11926
G1 X125.366 Y91.344 E119.16904
G1 X91.344 Y125.366 E122.08284
G1 X91.344 Y124.543 E122.13268
G1 X124.543 Y91.344 E124.976
G1 X123.721 Y91.344 E125.02578
G1 X91.344 Y123.721 E127.7987
G1 X91.344 Y122.899 E127.84848
G1 X122.899 Y91.344 E130.551
G1 X122.076 Y91.344 E130.60084
G1 X91.344 Y122.076 E133.23287
G1 X91.344 Y121.254 E133.28265
G1 X121.254 Y91.344 E135.84428
G1 X120.431 Y91.344 E135.89412
G1 X91.344 Y120.431 E138.38527
G1 X91.344 Y119.609 E138.43505
G1 X119.609 Y91.344 E140.8558
G1 X118.786 Y91.344 E140.90564
G1 X91.344 Y118.786 E143.2559
G1 X91.344 Y117.964 E143.30568
G1 X117.964 Y91.344 E145.58554
G1 X117.142 Y91.344 E145.63532
G1 X91.344 Y117.142 E147.84478
G1 X91.344 Y116.319 E147.89462
G1 X116.319 Y91.344 E150.0336
G1 X115.497 Y91.344 E150.08338
G1 X91.344 Y115.497 E152.15196
G1 X91.344 Y114.674 E152.2018
G1 X114.674 Y91.344 E154.19989
G1 X113.852 Y91.344 E154.24967
G1 X91.344 Y113.852 E156.17736
G1 X91.344 Y113.029 E156.2272
G1 X113.029 Y91.344 E158.0844
G1 X112.207 Y91.344 E158.13418
G1 X91.344 Y112.207 E159.92098
G1 X91.344 Y111.385 E159.97076
G1 X111.385 Y91.344 E161.68716
G1 X110.562 Y91.344 E161.737
G1 X91.344 Y110.562 E163.38292
G1 X91.344 Y109.74 E163.4327
G1 X109.74 Y91.344 E165.00822
G1 X108.917 Y91.344 E165.05806
G1 X91.344 Y108.917 E166.56309
G1 X91.344 Y108.095 E166.61287
G1 X108.095 Y91.344 E168.0475
G1 X107.272 Y91.344 E168.09734
G1 X91.344 Y107.272 E169.46149
G1 X91.344 Y106.45 E169.51127
G1 X106.45 Y91.344 E170.80502
G1 X105.628 Y91.344 E170.8548
G1 X91.344 Y105.628 E172.07815
G1 X91.344 Y104.805 E172.12799
G1 X104.805 Y91.344 E173.28085
G1 X103.983 Y91.344 E173.33063
G1 X91.344 Y103.983 E174.41309
G1 X91.344 Y103.16 E174.46293
G1 X103.16 Y91.344 E175.47491
G1 X102.338 Y91.344 E175.52469
G1 X91.344 Y102.338 E176.46627
G1 X91.344 Y101.516 E176.51605
G1 X101.516 Y91.344 E177.38723
G1 X100.693 Y91.344 E177.43707
G1 X91.344 Y100.693 E178.23776
G1 X91.344 Y99.871 E178.28754
G1 X99.871 Y91.344 E179.01783
G1 X99.048 Y91.344 E179.06767
G1 X91.344 Y99.048 E179.72748
G1 X91.344 Y98.226 E179.77726
G1 X98.226 Y91.344 E180.36667
G1 X97.403 Y91.344 E180.41651
G1 X91.344 Y97.403 E180.93543
G1 X91.344 Y96.581 E180.98521
G1 X96.581 Y91.344 E181.43373
G1 X95.759 Y91.344 E181.48351
G1 X91.344 Y95.759 E181.86163
G1 X91.344 Y94.936 E181.91147
G1 X94.936 Y91.344 E182.21911
G1 X94.114 Y91.344 E182.26889
G1 X91.344 Y94.114 E182.50613
G1 X91.344 Y93.291 E182.55597
G1 X93.291 Y91.344 E182.72272
G1 X92.469 Y91.344 E182.7725
G1 X91.344 Y92.469 E182.86885
G1 X91.344 Y91.646 E182.91869
G1 X91.83 Y91.161 E182.96027
;LAYER_CHANGE
;Z:20.3
;HEIGHT:0.199999
G1 E180.96027 F2400
G92 E0
G1 Z20.3 F7800
G1 X128.961 Y128.961
G1 E2 F2400
;TYPE:Perimeter
;WIDTH:0.449999
G1 F3323
G1 X91.039 Y128.961 E3.28361
G1 X91.039 Y91.039 E4.56722
G1 X128.961 Y91.039 E5.85083
G1 X128.961 Y128.901 E7.13241
G1 X129.368 Y129.368 F7800
G1 F3323
G1 X90.632 Y129.368 E8.44358
G1 X90.632 Y90.632 E9.75475
G1 X129.368 Y90.632 E11.06592
G1 X129.368 Y129.308 E12.37505
G1 X129.775 Y129.775 F7800
;TYPE:External perimeter
G1 F2400
G1 X90.225 Y129.775 E13.71377
G1 X90.225 Y90.225 E15.05249
G1 X129.775 Y90.225 E16.39121
G1 X129.775 Y129.715 E17.7279
G1 X129.379 Y129.774 F7800
;LAYER_CHANGE
;Z:20.5
;HEIGHT:0.200001
G1 Z20.5 F7800
G1 X128.961 Y128.961
;TYPE:Perimeter
G1 F4800
G1 X91.039 Y128.961 E19.01151
G1 X91.039 Y91.039 E20.29512
G1 X128.961 Y91.039 E21.57873
G1 X128.961 Y128.901 E22.86031
G1 X129.368 Y129.368 F7800
G1 F4800
G1 X90.632 Y129.368 E24.17148
G1 X90.632 Y90.632 E25.48265
G1 X129.368 Y90.632 E26.79382
G1 X129.368 Y129.308 E28.10295
G1 X129.775 Y129.775 F7800
;TYPE:External perimeter
G1 F2400
G1 X90.225 Y129.775 E29.44167
G1 X90.225 Y90.225 E30.78039
G1 X129.775 Y90.225 E32.11911
G1 X129.775 Y129.715 E33.4558
G1 X129.379 Y129.774 F7800
M73 P50 R53
G1 E31.4558 F2400
G92 E0
G1 X128.839 Y91.83 F7800
G1 E2 F2400
;TYPE:Internal infill
;WIDTH:0.45
;HEIGHT:0.4
G1 F4800
G1 X128.354 Y91.344 E2.04158
G1 X127.531 Y91.344 E2.09142
G1 X128.656 Y92.469 E2.18777
G1 X128.656 Y93.291 E2.23755
G1 X126.709 Y91.344 E2.4043
G1 X125.886 Y91.344 E2.45414
G1 X128.656 Y94.114 E2.69138
G1 X128.656 Y94.936 E2.74116
G1 X125.064 Y91.344 E3.0488
G1 X124.241 Y91.344 E3.09864
G1 X128.656 Y95.759 E3.47676
G1 X128.656 Y96.581 E3.52654
G1 X123.419 Y91.344 E3.97506
G1 X122.597 Y91.344 E4.02484
G1 X128.656 Y97.403 E4.54376
G1 X128.656 Y98.226 E4.5936
G1 X121.774 Y91.344 E5.18301
G1 X120.952 Y91.344 E5.23279
G1 X128.656 Y99.048 E5.8926
G1 X128.656 Y99.871 E5.94244
G1 X120.129 Y91.344 E6.67273
G1 X119.307 Y91.344 E6.72251
G1 X128.656 Y100.693 E7.5232
G1 X128.656 Y101.516 E7.57304
G1 X118.484 Y91.344 E8.44422
G1 X117.662 Y91.344 E8.494
G1 X128.656 Y102.338 E9.43558
G1 X128.656 Y103.16 E9.48536
G1 X116.84 Y91.344 E10.49734
G1 X116.017 Y91.344 E10.54718
G1 X128.656 Y103.983 E11.62964
G1 X128.656 Y104.805 E11.67942
G1 X115.195 Y91.344 E12.83228
G1 X114.372 Y91.344 E12.88212
G1 X128.656 Y105.628 E14.10547
G1 X128.656 Y106.45 E14.15525
G1 X113.55 Y91.344 E15.449
G1 X112.728 Y91.344 E15.49878
G1 X128.656 Y107.272 E16.86293
G1 X128.656 Y108.095 E16.91277
G1 X111.905 Y91.344 E18.3474
G1 X111.083 Y91.344 E18.39718
G1 X128.656 Y108.917 E19.90221
G1 X128.656 Y109.74 E19.95205
G1 X110.26 Y91.344 E21.52757
G1 X109.438 Y91.344 E21.57735
G1 X128.656 Y110.562 E23.22327
G1 X128.656 Y111.385 E23.27311
G1 X108.615 Y91.344 E24.98951
G1 X107.793 Y91.344 E25.03929
G1 X128.656 Y112.207 E26.82609
G1 X128.656 Y113.029 E26.87587
G1 X106.971 Y91.344 E28.73307
G1 X106.148 Y91.344 E28.78291
G1 X128.656 Y113.852 E30.7106
G1 X128.656 Y114.674 E30.76038
G1 X105.326 Y91.344 E32.75847
G1 X104.503 Y91.344 E32.80831
G1 X128.656 Y115.497 E34.87689
G1 X128.656 Y116.319 E34.92667
G1 X103.681 Y91.344 E37.06565
G1 X102.858 Y91.344 E37.11549
G1 X128.656 Y117.142 E39.32495
G1 X128.656 Y117.964 E39.37473
G1 X102.036 Y91.344 E41.65459
G1 X101.214 Y91.344 E41.70437
G1 X128.656 Y118.786 E44.05463
G1 X128.656 Y119.609 E44.10447
G1 X100.391 Y91.344 E46.52522
G1 X99.569 Y91.344 E46.575
G1 X128.656 Y120.431 E49.06615
G1 X128.656 Y121.254 E49.11599
G1 X98.746 Y91.344 E51.67762
G1 X97.924 Y91.344 E51.7274
G1 X128.656 Y122.076 E54.35943
G1 X128.656 Y122.899 E54.40927
G1 X97.101 Y91.344 E57.11179
G1 X96.279 Y91.344 E57.16157
M73 Q50 S54
G1 X128.656 Y123.721 E59.93449
G1 X128.656 Y124.543 E59.98427
G1 X95.457 Y91.344 E62.82759
G1 X94.634 Y91.344 E62.87743
G1 X128.656 Y125.366 E65.79123
G1 X128.656 Y126.188 E65.84101
G1 X93.812 Y91.344 E68.82521
G1 X92.989 Y91.344 E68.87505
G1 X128.656 Y127.011 E71.92974
G1 X128.656 Y127.833 E71.97952
G1 X92.167 Y91.344 E75.10461
G1 X91.344 Y91.344 E75.15445
G1 X128.656 Y128.656 E78.35002
G1 X127.833 Y128.656 E78.39986
G1 X91.344 Y92.167 E81.52495
G1 X91.344 Y92.989 E81.57473
G1 X127.011 Y128.656 E84.62942
G1 X126.188 Y128.656 E84.67926
G1 X91.344 Y93.812 E87.66346
G1 X91.344 Y94.634 E87.71324
G1 X125.366 Y128.656 E90.62704
G1 X124.543 Y128.656 E90.67688
G1 X91.344 Y95.457 E93.5202
G1 X91.344 Y96.279 E93.56998
G1 X123.721 Y128.656 E96.3429
G1 X122.899 Y128.656 E96.39268
G1 X91.344 Y97.101 E99.0952
G1 X91.344 Y97.924 E99.14504
G1 X122.076 Y128.656 E101.77707
G1 X121.254 Y128.656 E101.82685
G1 X91.344 Y98.746 E104.38848
G1 X91.344 Y99.569 E104.43832
G1 X120.431 Y128.656 E106.92947
G1 X119.609 Y128.656 E106.97925
M73 P51 R53
G1 X91.344 Y100.391 E109.4
G1 X91.344 Y101.214 E109.44984
G1 X118.786 Y128.656 E111.8001
G1 X117.964 Y128.656 E111.84988
M73 Q51 S54
G1 X91.344 Y102.036 E114.12974
G1 X91.344 Y102.858 E114.17952
G1 X117.142 Y128.656 E116.38898
G1 X116.319 Y128.656 E116.43882
G1 X91.344 Y103.681 E118.5778
G1 X91.344 Y104.503 E118.62758
G1 X115.497 Y128.656 E120.69616
G1 X114.674 Y128.656 E120.746
G1 X91.344 Y105.326 E122.74409
G1 X91.344 Y106.148 E122.79387
G1 X113.852 Y128.656 E124.72156
G1 X113.029 Y128.656 E124.7714
G1 X91.344 Y106.971 E126.6286
G1 X91.344 Y107.793 E126.67838
G1 X112.207 Y128.656 E128.46518
G1 X111.385 Y128.656 E128.51496
G1 X91.344 Y108.615 E130.23136
G1 X91.344 Y109.438 E130.2812
G1 X110.562 Y128.656 E131.92712
G1 X109.74 Y128.656 E131.9769
G1 X91.344 Y110.26 E133.55242
G1 X91.344 Y111.083 E133.60226
G1 X108.917 Y128.656 E135.10729
G1 X108.095 Y128.656 E135.15707
G1 X91.344 Y111.905 E136.5917
G1 X91.344 Y112.728 E136.64154
G1 X107.272 Y128.656 E138.00569
G1 X106.45 Y128.656 E138.05547
G1 X91.344 Y113.55 E139.34922
G1 X91.344 Y114.372 E139.399
G1 X105.628 Y128.656 E140.62235
G1 X104.805 Y128.656 E140.67219
G1 X91.344 Y115.195 E141.82505
G1 X91.344 Y116.017 E141.87483
G1 X103.983 Y128.656 E142.95729
G1 X103.16 Y128.656 E143.00713
G1 X91.344 Y116.84 E144.01911
G1 X91.344 Y117.662 E144.06889
G1 X102.338 Y128.656 E145.01047
G1 X101.516 Y128.656 E145.06025
G1 X91.344 Y118.484 E145.93143
G1 X91.344 Y119.307 E145.98127
G1 X100.693 Y128.656 E146.78196
G1 X99.871 Y128.656 E146.83174
G1 X91.344 Y120.129 E147.56203
G1 X91.344 Y120.952 E147.61187
G1 X99.048 Y128.656 E148.27168
G1 X98.226 Y128.656 E148.32146
G1 X91.344 Y121.774 E148.91087
G1 X91.344 Y122.597 E148.96071
G1 X97.403 Y128.656 E149.47963
G1 X96.581 Y128.656 E149.52941
G1 X91.344 Y123.419 E149.97793
G1 X91.344 Y124.241 E150.02771
G1 X95.759 Y128.656 E150.40583
G1 X94.936 Y128.656 E150.45567
G1 X91.344 Y125.064 E150.76331
G1 X91.344 Y125.886 E150.81309
G1 X94.114 Y128.656 E151.05033
G1 X93.291 Y128.656 E151.10017
G1 X91.344 Y126.709 E151.26692
G1 X91.344 Y127.531 E151.3167
G1 X92.469 Y128.656 E151.41305
G1 X91.646 Y128.656 E151.46289
G1 X91.161 Y128.17 E151.50447
;LAYER_CHANGE
;Z:20.7
;HEIGHT:0.200001
G1 E149.50447 F2400
G92 E0
G1 Z20.7 F7800
G1 X128.961 Y128.961
G1 E2 F2400
;TYPE:Perimeter
;WIDTH:0.449999
G1 F3254
G1 X91.039 Y128.961 E3.28361
G1 X91.039 Y91.039 E4.56722
G1 X128.961 Y91.039 E5.85083
G1 X128.961 Y128.901 E7.13241
G1 X129.368 Y129.368 F7800
G1 F3254
G1 X90.632 Y129.368 E8.44358
G1 X90.632 Y90.632 E9.75475
G1 X129.368 Y90.632 E11.06592
G1 X129.368 Y129.308 E12.37505
G1 X129.775 Y129.775 F7800
;TYPE:External perimeter
G1 F2400
G1 X90.225 Y129.775 E13.71377
G1 X90.225 Y90.225 E15.05249
G1 X129.775 Y90.225 E16.39121
G1 X129.775 Y129.715 E17.7279
G1 X129.379 Y129.774 F7800
;LAYER_CHANGE
;Z:20.9
;HEIGHT:0.199999
G1 Z20.9 F7800
G1 X128.961 Y128.961
;TYPE:Perimeter
G1 F4800
G1 X91.039 Y128.961 E19.01151
G1 X91.039 Y91.039 E20.29512
G1 X128.961 Y91.039 E21.57873
G1 X128.961 Y128.901 E22.86031
G1 X129.368 Y129.368 F7800
G1 F4800
G1 X90.632 Y129.368 E24.17148
G1 X90.632 Y90.632 E25.48265
G1 X129.368 Y90.632 E26.79382
G1 X129.368 Y129.308 E28.10295
G1 X129.775 Y129.775 F7800
;TYPE:External perimeter
G1 F2400
G1 X90.225 Y129.775 E29.44167
G1 X90.225 Y90.225 E30.78039
G1 X129.775 Y90.225 E32.11911
G1 X129.775 Y129.715 E33.4558
G1 X129.379 Y129.774 F7800
G1 X128.17 Y128.839
;TYPE:Internal infill
;WIDTH:0.45
;HEIGHT:0.4
G1 F4800
G1 X128.656 Y128.354 E33.49738
G1 X128.656 Y127.531 E33.54722
G1 X127.531 Y128.656 E33.64357
G1 X126.709 Y128.656 E33.69335
G1 X128.656 Y126.709 E33.8601
G1 X128.656 Y125.886 E33.90994
G1 X125.886 Y128.656 E34.14718
G1 X125.064 Y128.656 E34.19696
G1 X128.656 Y125.064 E34.5046
G1 X128.656 Y124.241 E34.55444
G1 X124.241 Y128.656 E34.93256
G1 X123.419 Y128.656 E34.98234
G1 X128.656 Y123.419 E35.43086
G1 X128.656 Y122.597 E35.48064
G1 X122.597 Y128.656 E35.99956
G1 X121.774 Y128.656 E36.0494
G1 X128.656 Y121.774 E36.63881
G1 X128.656 Y120.952 E36.68859
G1 X120.952 Y128.656 E37.3484
G1 X120.129 Y128.656 E37.39824
G1 X128.656 Y120.129 E38.12853
G1 X128.656 Y119.307 E38.17831
G1 X119.307 Y128.656 E38.979
G1 X118.484 Y128.656 E39.02884
G1 X128.656 Y118.484 E39.90002
G1 X128.656 Y117.662 E39.9498
G1 X117.662 Y128.656 E40.89138
G1 X116.84 Y128.656 E40.94116
G1 X128.656 Y116.84 E41.95314
G1 X128.656 Y116.017 E42.00298
G1 X116.017 Y128.656 E43.08544
G1 X115.195 Y128.656 E43.13522
G1 X128.656 Y115.195 E44.28808
G1 X128.656 Y114.372 E44.33792
G1 X114.372 Y128.656 E45.56127
G1 X113.55 Y128.656 E45.61105
G1 X128.656 Y113.55 E46.9048
G1 X128.656 Y112.728 E46.95458
M73 P51 R52
G1 X112.728 Y128.656 E48.31873
G1 X111.905 Y128.656 E48.36857
G1 X128.656 Y111.905 E49.8032
G1 X128.656 Y111.083 E49.85298
G1 X111.083 Y128.656 E51.35801
G1 X110.26 Y128.656 E51.40785
G1 X128.656 Y110.26 E52.98337
G1 X128.656 Y109.438 E53.03315
G1 X109.438 Y128.656 E54.67907
G1 X108.615 Y128.656 E54.72891
G1 X128.656 Y108.615 E56.44531
G1 X128.656 Y107.793 E56.49509
G1 X107.793 Y128.656 E58.28189
G1 X106.971 Y128.656 E58.33167
G1 X128.656 Y106.971 E60.18887
G1 X128.656 Y106.148 E60.23871
G1 X106.148 Y128.656 E62.1664
G1 X105.326 Y128.656 E62.21618
G1 X128.656 Y105.326 E64.21427
G1 X128.656 Y104.503 E64.26411
G1 X104.503 Y128.656 E66.33269
G1 X103.681 Y128.656 E66.38247
G1 X128.656 Y103.681 E68.52145
G1 X128.656 Y102.858 E68.57129
G1 X102.858 Y128.656 E70.78075
G1 X102.036 Y128.656 E70.83053
G1 X128.656 Y102.036 E73.11039
G1 X128.656 Y101.214 E73.16017
G1 X101.214 Y128.656 E75.51043
G1 X100.391 Y128.656 E75.56027
G1 X128.656 Y100.391 E77.98102
G1 X128.656 Y99.569 E78.0308
G1 X99.569 Y128.656 E80.52195
G1 X98.746 Y128.656 E80.57179
G1 X128.656 Y98.746 E83.13342
G1 X128.656 Y97.924 E83.1832
G1 X97.924 Y128.656 E85.81523
G1 X97.101 Y128.656 E85.86507
G1 X128.656 Y97.101 E88.56759
G1 X128.656 Y96.279 E88.61737
G1 X96.279 Y128.656 E91.39029
G1 X95.457 Y128.656 E91.44007
G1 X128.656 Y95.457 E94.28339
G1 X128.656 Y94.634 E94.33323
G1 X94.634 Y128.656 E97.24703
G1 X93.812 Y128.656 E97.29681
G1 X128.656 Y93.812 E100.28101
G1 X128.656 Y92.989 E100.33085
M73 Q51 S53
G1 X92.989 Y128.656 E103.38554
G1 X92.167 Y128.656 E103.43532
G1 X128.656 Y92.167 E106.56041
G1 X128.656 Y91.344 E106.61025
G1 X91.344 Y128.656 E109.80582
G1 X91.344 Y127.833 E109.85566
G1 X127.833 Y91.344 E112.98075
G1 X127.011 Y91.344 E113.03053
G1 X91.344 Y127.011 E116.08522
G1 X91.344 Y126.188 E116.13506
G1 X126.188 Y91.344 E119.11926
G1 X125.366 Y91.344 E119.16904
G1 X91.344 Y125.366 E122.08284
G1 X91.344 Y124.543 E122.13268
G1 X124.543 Y91.344 E124.976
G1 X123.721 Y91.344 E125.02578
G1 X91.344 Y123.721 E127.7987
G1 X91.344 Y122.899 E127.84848
G1 X122.899 Y91.344 E130.551
G1 X122.076 Y91.344 E130.60084
G1 X91.344 Y122.076 E133.23287
G1 X91.344 Y121.254 E133.28265
G1 X121.254 Y91.344 E135.84428
G1 X120.431 Y91.344 E135.89412
G1 X91.344 Y120.431 E138.38527
G1 X91.344 Y119.609 E138.43505
G1 X119.609 Y91.344 E140.8558
G1 X118.786 Y91.344 E140.90564
G1 X91.344 Y118.786 E143.2559
G1 X91.344 Y117.964 E143.30568
G1 X117.964 Y91.344 E145.58554
G1 X117.142 Y91.344 E145.63532
G1 X91.344 Y117.142 E147.84478
G1 X91.344 Y116.319 E147.89462
G1 X116.319 Y91.344 E150.0336
G1 X115.497 Y91.344 E150.08338
G1 X91.344 Y115.497 E152.15196
G1 X91.344 Y114.674 E152.2018
G1 X114.674 Y91.344 E154.19989
G1 X113.852 Y91.344 E154.24967
G1 X91.344 Y113.852 E156.17736
G1 X91.344 Y113.029 E156.2272
G1 X113.029 Y91.344 E158.0844
G1 X112.207 Y91.344 E158.13418
G1 X91.344 Y112.207 E159.92098
G1 X91.344 Y111.385 E159.97076
G1 X111.385 Y91.344 E161.68716
G1 X110.562 Y91.344 E161.737
G1 X91.344 Y110.562 E163.38292
G1 X91.344 Y109.74 E163.4327
G1 X109.74 Y91.344 E165.00822
G1 X108.917 Y91.344 E165.05806
G1 X91.344 Y108.917 E166.56309
G1 X91.344 Y108.095 E166.61287
G1 X108.095 Y91.344 E168.0475
G1 X107.272 Y91.344 E168.09734
G1 X91.344 Y107.272 E169.46149
G1 X91.344 Y106.45 E169.51127
G1 X106.45 Y91.344 E170.80502
G1 X105.628 Y91.344 E170.8548
G1 X91.344 Y105.628 E172.07815
G1 X91.344 Y104.805 E172.12799
G1 X104.805 Y91.344 E173.28085
G1 X103.983 Y91.344 E173.33063
G1 X91.344 Y103.983 E174.41309
G1 X91.344 Y103.16 E174.46293
G1 X103.16 Y91.344 E175.47491
G1 X102.338 Y91.344 E175.52469
G1 X91.344 Y102.338 E176.46627
G1 X91.344 Y101.516 E176.51605
G1 X101.516 Y91.344 E177.38723
G1 X100.693 Y91.344 E177.43707
G1 X91.344 Y100.693 E178.23776
G1 X91.344 Y99.871 E178.28754
G1 X99.871 Y91.344 E179.01783
G1 X99.048 Y91.344 E179.06767
G1 X91.344 Y99.048 E179.72748
G1 X91.344 Y98.226 E179.77726
M73 P52 R52
G1 X98.226 Y91.344 E180.36667
G1 X97.403 Y91.344 E180.41651
G1 X91.344 Y97.403 E180.93543
G1 X91.344 Y96.581 E180.98521
G1 X96.581 Y91.344 E181.43373
G1 X95.759 Y91.344 E181.48351
G1 X91.344 Y95.759 E181.86163
G1 X91.344 Y94.936 E181.91147
G1 X94.936 Y91.344 E182.21911
G1 X94.114 Y91.344 E182.26889
G1 X91.344 Y94.114 E182.50613
M73 Q52 S53
G1 X91.344 Y93.291 E182.55597
G1 X93.291 Y91.344 E182.72272
G1 X92.469 Y91.344 E182.7725
G1 X91.344 Y92.469 E182.86885
G1 X91.344 Y91.646 E182.91869
G1 X91.83 Y91.161 E182.96027
;LAYER_CHANGE
;Z:21.1
;HEIGHT:0.200001
G1 E180.96027 F2400
G92 E0
G1 Z21.1 F7800
G1 X128.961 Y128.961
G1 E2 F2400
;TYPE:Perimeter
;WIDTH:0.449999
G1 F3323
G1 X91.039 Y128.961 E3.28361
G1 X91.039 Y91.039 E4.56722
G1 X128.961 Y91.039 E5.85083
G1 X128.961 Y128.901 E7.13241
G1 X129.368 Y129.368 F7800
G1 F3323
G1 X90.632 Y129.368 E8.44358
G1 X90.632 Y90.632 E9.75475
G1 X129.368 Y90.632 E11.06592
G1 X129.368 Y129.308 E12.37505
G1 X129.775 Y129.775 F7800
;TYPE:External perimeter
G1 F2400
G1 X90.225 Y129.775 E13.71377
G1 X90.225 Y90.225 E15.05249
G1 X129.775 Y90.225 E16.39121
G1 X129.775 Y129.715 E17.7279
G1 X129.379 Y129.774 F7800
;LAYER_CHANGE
;Z:21.3
;HEIGHT:0.199999
G1 Z21.3 F7800
G1 X128.961 Y128.961
;TYPE:Perimeter
G1 F4800
G1 X91.039 Y128.961 E19.01151
G1 X91.039 Y91.039 E20.29512
G1 X128.961 Y91.039 E21.57873
G1 X128.961 Y128.901 E22.86031
G1 X129.368 Y129.368 F7800
G1 F4800
G1 X90.632 Y129.368 E24.17148
G1 X90.632 Y90.632 E25.48265
G1 X129.368 Y90.632 E26.79382
G1 X129.368 Y129.308 E28.10295
G1 X129.775 Y129.775 F7800
;TYPE:External perimeter
G1 F2400
G1 X90.225 Y129.775 E29.44167
G1 X90.225 Y90.225 E30.78039
G1 X129.775 Y90.225 E32.11911
G1 X129.775 Y129.715 E33.4558
G1 X129.379 Y129.774 F7800
G1 E31.4558 F2400
G92 E0
G1 X128.839 Y91.83 F7800
G1 E2 F2400
;TYPE:Internal infill
;WIDTH:0.45
;HEIGHT:0.4
G1 F4800
G1 X128.354 Y91.344 E2.04158
G1 X127.531 Y91.344 E2.09142
G1 X128.656 Y92.469 E2.18777
G1 X128.656 Y93.291 E2.23755
G1 X126.709 Y91.344 E2.4043
G1 X125.886 Y91.344 E2.45414
G1 X128.656 Y94.114 E2.69138
G1 X128.656 Y94.936 E2.74116
G1 X125.064 Y91.344 E3.0488
G1 X124.241 Y91.344 E3.09864
G1 X128.656 Y95.759 E3.47676
G1 X128.656 Y96.581 E3.52654
G1 X123.419 Y91.344 E3.97506
G1 X122.597 Y91.344 E4.02484
G1 X128.656 Y97.403 E4.54376
G1 X128.656 Y98.226 E4.5936
G1 X121.774 Y91.344 E5.18301
G1 X120.952 Y91.344 E5.23279
G1 X128.656 Y99.048 E5.8926
G1 X128.656 Y99.871 E5.94244
G1 X120.129 Y91.344 E6.67273
G1 X119.307 Y91.344 E6.72251
G1 X128.656 Y100.693 E7.5232
G1 X128.656 Y101.516 E7.57304
G1 X118.484 Y91.344 E8.44422
G1 X117.662 Y91.344 E8.494
G1 X128.656 Y102.338 E9.43558
G1 X128.656 Y103.16 E9.48536
G1 X116.84 Y91.344 E10.49734
G1 X116.017 Y91.344 E10.54718
G1 X128.656 Y103.983 E11.62964
G1 X128.656 Y104.805 E11.67942
G1 X115.195 Y91.344 E12.83228
G1 X114.372 Y91.344 E12.88212
G1 X128.656 Y105.628 E14.10547
G1 X128.656 Y106.45 E14.15525
G1 X113.55 Y91.344 E15.449
G1 X112.728 Y91.344 E15.49878
G1 X128.656 Y107.272 E16.86293
G1 X128.656 Y108.095 E16.91277
G1 X111.905 Y91.344 E18.3474
G1 X111.083 Y91.344 E18.39718
G1 X128.656 Y108.917 E19.90221
G1 X128.656 Y109.74 E19.95205
G1 X110.26 Y91.344 E21.52757
G1 X109.438 Y91.344 E21.57735
G1 X128.656 Y110.562 E23.22327
G1 X128.656 Y111.385 E23.27311
G1 X108.615 Y91.344 E24.98951
G1 X107.793 Y91.344 E25.03929
G1 X128.656 Y112.207 E26.82609
G1 X128.656 Y113.029 E26.87587
G1 X106.971 Y91.344 E28.73307
G1 X106.148 Y91.344 E28.78291
G1 X128.656 Y113.852 E30.7106
G1 X128.656 Y114.674 E30.76038
G1 X105.326 Y91.344 E32.75847
G1 X104.503 Y91.344 E32.80831
M73 P52 R51
G1 X128.656 Y115.497 E34.87689
G1 X128.656 Y116.319 E34.92667
G1 X103.681 Y91.344 E37.06565
G1 X102.858 Y91.344 E37.11549
G1 X128.656 Y117.142 E39.32495
G1 X128.656 Y117.964 E39.37473
G1 X102.036 Y91.344 E41.65459
G1 X101.214 Y91.344 E41.70437
G1 X128.656 Y118.786 E44.05463
G1 X128.656 Y119.609 E44.10447
G1 X100.391 Y91.344 E46.52522
G1 X99.569 Y91.344 E46.575
G1 X128.656 Y120.431 E49.06615
G1 X128.656 Y121.254 E49.11599
G1 X98.746 Y91.344 E51.67762
G1 X97.924 Y91.344 E51.7274
G1 X128.656 Y122.076 E54.35943
G1 X128.656 Y122.899 E54.40927
G1 X97.101 Y91.344 E57.11179
G1 X96.279 Y91.344 E57.16157
G1 X128.656 Y123.721 E59.93449
G1 X128.656 Y124.543 E59.98427
G1 X95.457 Y91.344 E62.82759
G1 X94.634 Y91.344 E62.87743
G1 X128.656 Y125.366 E65.79123
G1 X128.656 Y126.188 E65.84101
G1 X93.812 Y91.344 E68.82521
G1 X92.989 Y91.344 E68.87505
G1 X128.656 Y127.011 E71.92974
G1 X128.656 Y127.833 E71.97952
G1 X92.167 Y91.344 E75.10461
G1 X91.344 Y91.344 E75.15445
G1 X128.656 Y128.656 E78.35002
G1 X127.833 Y128.656 E78.39986
G1 X91.344 Y92.167 E81.52495
G1 X91.344 Y92.989 E81.57473
M73 Q52 S52
G1 X127.011 Y128.656 E84.62942
G1 X126.188 Y128.656 E84.67926
G1 X91.344 Y93.812 E87.66346
G1 X91.344 Y94.634 E87.71324
G1 X125.366 Y128.656 E90.62704
G1 X124.543 Y128.656 E90.67688
G1 X91.344 Y95.457 E93.5202
G1 X91.344 Y96.279 E93.56998
G1 X123.721 Y128.656 E96.3429
G1 X122.899 Y128.656 E96.39268
G1 X91.344 Y97.101 E99.0952
G1 X91.344 Y97.924 E99.14504
G1 X122.076 Y128.656 E101.77707
G1 X121.254 Y128.656 E101.82685
G1 X91.344 Y98.746 E104.38848
G1 X91.344 Y99.569 E104.43832
G1 X120.431 Y128.656 E106.92947
G1 X119.609 Y128.656 E106.97925
G1 X91.344 Y100.391 E109.4
G1 X91.344 Y101.214 E109.44984
G1 X118.786 Y128.656 E111.8001
G1 X117.964 Y128.656 E111.84988
G1 X91.344 Y102.036 E114.12974
G1 X91.344 Y102.858 E114.17952
G1 X117.142 Y128.656 E116.38898
G1 X116.319 Y128.656 E116.43882
G1 X91.344 Y103.681 E118.5778
G1 X91.344 Y104.503 E118.62758
G1 X115.497 Y128.656 E120.69616
G1 X114.674 Y128.656 E120.746
G1 X91.344 Y105.326 E122.74409
G1 X91.344 Y106.148 E122.79387
G1 X113.852 Y128.656 E124.72156
G1 X113.029 Y128.656 E124.7714
G1 X91.344 Y106.971 E126.6286
G1 X91.344 Y107.793 E126.67838
G1 X112.207 Y128.656 E128.46518
G1 X111.385 Y128.656 E128.51496
G1 X91.344 Y108.615 E130.23136
G1 X91.344 Y109.438 E130.2812
G1 X110.562 Y128.656 E131.92712
G1 X109.74 Y128.656 E131.9769
G1 X91.344 Y110.26 E133.55242
G1 X91.344 Y111.083 E133.60226
G1 X108.917 Y128.656 E135.10729
G1 X108.095 Y128.656 E135.15707
G1 X91.344 Y111.905 E136.5917
G1 X91.344 Y112.728 E136.64154
G1 X107.272 Y128.656 E138.00569
G1 X106.45 Y128.656 E138.05547
G1 X91.344 Y113.55 E139.34922
G1 X91.344 Y114.372 E139.399
G1 X105.628 Y128.656 E140.62235
G1 X104.805 Y128.656 E140.67219
G1 X91.344 Y115.195 E141.82505
G1 X91.344 Y116.017 E141.87483
G1 X103.983 Y128.656 E142.95729
G1 X103.16 Y128.656 E143.00713
G1 X91.344 Y116.84 E144.01911
G1 X91.344 Y117.662 E144.06889
G1 X102.338 Y128.656 E145.01047
G1 X101.516 Y128.656 E145.06025
G1 X91.344 Y118.484 E145.93143
G1 X91.344 Y119.307 E145.98127
G1 X100.693 Y128.656 E146.78196
G1 X99.871 Y128.656 E146.83174
G1 X91.344 Y120.129 E147.56203
G1 X91.344 Y120.952 E147.61187
G1 X99.048 Y128.656 E148.27168
G1 X98.226 Y128.656 E148.32146
G1 X91.344 Y121.774 E148.91087
G1 X91.344 Y122.597 E148.96071
G1 X97.403 Y128.656 E149.47963
G1 X96.581 Y128.656 E149.52941
G1 X91.344 Y123.419 E149.97793
G1 X91.344 Y124.241 E150.02771
G1 X95.759 Y128.656 E150.40583
G1 X94.936 Y128.656 E150.45567
G1 X91.344 Y125.064 E150.76331
G1 X91.344 Y125.886 E150.81309
G1 X94.114 Y128.656 E151.05033
G1 X93.291 Y128.656 E151.10017
G1 X91.344 Y126.709 E151.26692
G1 X91.344 Y127.531 E151.3167
G1 X92.469 Y128.656 E151.41305
G1 X91.646 Y128.656 E151.46289
G1 X91.161 Y128.17 E151.50447
;LAYER_CHANGE
;Z:21.5
;HEIGHT:0.200001
G1 E149.50447 F2400
G92 E0
G1 Z21.5 F7800
G1 X128.961 Y128.961
G1 E2 F2400
;TYPE:Perimeter
;WIDTH:0.449999
G1 F3254
G1 X91.039 Y128.961 E3.28361
G1 X91.039 Y91.039 E4.56722
G1 X128.961 Y91.039 E5.85083
G1 X128.961 Y128.901 E7.13241
G1 X129.368 Y129.368 F7800
G1 F3254
G1 X90.632 Y129.368 E8.44358
G1 X90.632 Y90.632 E9.75475
G1 X129.368 Y90.632 E11.06592
G1 X129.368 Y129.308 E12.37505
G1 X129.775 Y129.775 F7800
;TYPE:External perimeter
G1 F2400
G1 X90.225 Y129.775 E13.71377
G1 X90.225 Y90.225 E15.05249
G1 X129.775 Y90.225 E16.39121
G1 X129.775 Y129.715 E17.7279
M73 P53 R51
M73 Q53 S52
G1 X129.379 Y129.774 F7800
;LAYER_CHANGE
;Z:21.7
;HEIGHT:0.200001
G1 Z21.7 F7800
G1 X128.961 Y128.961
;TYPE:Perimeter
G1 F4800
G1 X91.039 Y128.961 E19.01151
G1 X91.039 Y91.039 E20.29512
G1 X128.961 Y91.039 E21.57873
G1 X128.961 Y128.901 E22.86031
G1 X129.368 Y129.368 F7800
G1 F4800
G1 X90.632 Y129.368 E24.17148
G1 X90.632 Y90.632 E25.48265
G1 X129.368 Y90.632 E26.79382
G1 X129.368 Y129.308 E28.10295
G1 X129.775 Y129.775 F7800
;TYPE:External perimeter
G1 F2400
G1 X90.225 Y129.775 E29.44167
G1 X90.225 Y90.225 E30.78039
G1 X129.775 Y90.225 E32.11911
G1 X129.775 Y129.715 E33.4558
G1 X129.379 Y129.774 F7800
G1 X128.17 Y128.839
;TYPE:Internal infill
;WIDTH:0.45
;HEIGHT:0.4
G1 F4800
G1 X128.656 Y128.354 E33.49738
G1 X128.656 Y127.531 E33.54722
G1 X127.531 Y128.656 E33.64357
G1 X126.709 Y128.656 E33.69335
G1 X128.656 Y126.709 E33.8601
G1 X128.656 Y125.886 E33.90994
G1 X125.886 Y128.656 E34.14718
G1 X125.064 Y128.656 E34.19696
G1 X128.656 Y125.064 E34.5046
G1 X128.656 Y124.241 E34.55444
G1 X124.241 Y128.656 E34.93256
G1 X123.419 Y128.656 E34.98234
G1 X128.656 Y123.419 E35.43086
G1 X128.656 Y122.597 E35.48064
G1 X122.597 Y128.656 E35.99956
G1 X121.774 Y128.656 E36.0494
G1 X128.656 Y121.774 E36.63881
G1 X128.656 Y120.952 E36.68859
G1 X120.952 Y128.656 E37.3484
G1 X120.129 Y128.656 E37.39824
G1 X128.656 Y120.129 E38.12853
G1 X128.656 Y119.307 E38.17831
G1 X119.307 Y128.656 E38.979
G1 X118.484 Y128.656 E39.02884
G1 X128.656 Y118.484 E39.90002
G1 X128.656 Y117.662 E39.9498
G1 X117.662 Y128.656 E40.89138
G1 X116.84 Y128.656 E40.94116
G1 X128.656 Y116.84 E41.95314
G1 X128.656 Y116.017 E42.00298
G1 X116.017 Y128.656 E43.08544
G1 X115.195 Y128.656 E43.13522
G1 X128.656 Y115.195 E44.28808
G1 X128.656 Y114.372 E44.33792
G1 X114.372 Y128.656 E45.56127
G1 X113.55 Y128.656 E45.61105
G1 X128.656 Y113.55 E46.9048
G1 X128.656 Y112.728 E46.95458
G1 X112.728 Y128.656 E48.31873
G1 X111.905 Y128.656 E48.36857
G1 X128.656 Y111.905 E49.8032
G1 X128.656 Y111.083 E49.85298
G1 X111.083 Y128.656 E51.35801
G1 X110.26 Y128.656 E51.40785
G1 X128.656 Y110.26 E52.98337
G1 X128.656 Y109.438 E53.03315
G1 X109.438 Y128.656 E54.67907
G1 X108.615 Y128.656 E54.72891
G1 X128.656 Y108.615 E56.44531
G1 X128.656 Y107.793 E56.49509
G1 X107.793 Y128.656 E58.28189
G1 X106.971 Y128.656 E58.33167
G1 X128.656 Y106.971 E60.18887
G1 X128.656 Y106.148 E60.23871
G1 X106.148 Y128.656 E62.1664
G1 X105.326 Y128.656 E62.21618
G1 X128.656 Y105.326 E64.21427
G1 X128.656 Y104.503 E64.26411
G1 X104.503 Y128.656 E66.33269
G1 X103.681 Y128.656 E66.38247
G1 X128.656 Y103.681 E68.52145
G1 X128.656 Y102.858 E68.57129
G1 X102.858 Y128.656 E70.78075
G1 X102.036 Y128.656 E70.83053
G1 X128.656 Y102.036 E73.11039
G1 X128.656 Y101.214 E73.16017
G1 X101.214 Y128.656 E75.51043
G1 X100.391 Y128.656 E75.56027
G1 X128.656 Y100.391 E77.98102
G1 X128.656 Y99.569 E78.0308
G1 X99.569 Y128.656 E80.52195
G1 X98.746 Y128.656 E80.57179
G1 X128.656 Y98.746 E83.13342
G1 X128.656 Y97.924 E83.1832
G1 X97.924 Y128.656 E85.81523
G1 X97.101 Y128.656 E85.86507
M73 P53 R50
G1 X128.656 Y97.101 E88.56759
G1 X128.656 Y96.279 E88.61737
G1 X96.279 Y128.656 E91.39029
G1 X95.457 Y128.656 E91.44007
G1 X128.656 Y95.457 E94.28339
G1 X128.656 Y94.634 E94.33323
G1 X94.634 Y128.656 E97.24703
G1 X93.812 Y128.656 E97.29681
G1 X128.656 Y93.812 E100.28101
G1 X128.656 Y92.989 E100.33085
G1 X92.989 Y128.656 E103.38554
G1 X92.167 Y128.656 E103.43532
G1 X128.656 Y92.167 E106.56041
G1 X128.656 Y91.344 E106.61025
G1 X91.344 Y128.656 E109.80582
G1 X91.344 Y127.833 E109.85566
G1 X127.833 Y91.344 E112.98075
G1 X127.011 Y91.344 E113.03053
G1 X91.344 Y127.011 E116.08522
G1 X91.344 Y126.188 E116.13506
G1 X126.188 Y91.344 E119.11926
G1 X125.366 Y91.344 E119.16904
G1 X91.344 Y125.366 E122.08284
G1 X91.344 Y124.543 E122.13268
G1 X124.543 Y91.344 E124.976
G1 X123.721 Y91.344 E125.02578
G1 X91.344 Y123.721 E127.7987
G1 X91.344 Y122.899 E127.84848
M73 Q53 S51
G1 X122.899 Y91.344 E130.551
G1 X122.076 Y91.344 E130.60084
G1 X91.344 Y122.076 E133.23287
G1 X91.344 Y121.254 E133.28265
G1 X121.254 Y91.344 E135.84428
G1 X120.431 Y91.344 E135.89412
G1 X91.344 Y120.431 E138.38527
G1 X91.344 Y119.609 E138.43505
G1 X119.609 Y91.344 E140.8558
G1 X118.786 Y91.344 E140.90564
G1 X91.344 Y118.786 E143.2559
G1 X91.344 Y117.964 E143.30568
G1 X117.964 Y91.344 E145.58554
G1 X117.142 Y91.344 E145.63532
G1 X91.344 Y117.142 E147.84478
G1 X91.344 Y116.319 E147.89462
G1 X116.319 Y91.344 E150.0336
G1 X115.497 Y91.344 E150.08338
G1 X91.344 Y115.497 E152.15196
G1 X91.344 Y114.674 E152.2018
G1 X114.674 Y91.344 E154.19989
G1 X113.852 Y91.344 E154.24967
G1 X91.344 Y113.852 E156.17736
G1 X91.344 Y113.029 E156.2272
G1 X113.029 Y91.344 E158.0844
G1 X112.207 Y91.344 E158.13418
G1 X91.344 Y112.207 E159.92098
G1 X91.344 Y111.385 E159.97076
G1 X111.385 Y91.344 E161.68716
G1 X110.562 Y91.344 E161.737
G1 X91.344 Y110.562 E163.38292
G1 X91.344 Y109.74 E163.4327
G1 X109.74 Y91.344 E165.00822
G1 X108.917 Y91.344 E165.05806
G1 X91.344 Y108.917 E166.56309
G1 X91.344 Y108.095 E166.61287
G1 X108.095 Y91.344 E168.0475
G1 X107.272 Y91.344 E168.09734
G1 X91.344 Y107.272 E169.46149
G1 X91.344 Y106.45 E169.51127
G1 X106.45 Y91.344 E170.80502
G1 X105.628 Y91.344 E170.8548
G1 X91.344 Y105.628 E172.07815
G1 X91.344 Y104.805 E172.12799
G1 X104.805 Y91.344 E173.28085
G1 X103.983 Y91.344 E173.33063
G1 X91.344 Y103.983 E174.41309
G1 X91.344 Y103.16 E174.46293
G1 X103.16 Y91.344 E175.47491
G1 X102.338 Y91.344 E175.52469
G1 X91.344 Y102.338 E176.46627
G1 X91.344 Y101.516 E176.51605
G1 X101.516 Y91.344 E177.38723
G1 X100.693 Y91.344 E177.43707
G1 X91.344 Y100.693 E178.23776
G1 X91.344 Y99.871 E178.28754
G1 X99.871 Y91.344 E179.01783
G1 X99.048 Y91.344 E179.06767
G1 X91.344 Y99.048 E179.72748
G1 X91.344 Y98.226 E179.77726
G1 X98.226 Y91.344 E180.36667
G1 X97.403 Y91.344 E180.41651
G1 X91.344 Y97.403 E180.93543
G1 X91.344 Y96.581 E180.98521
G1 X96.581 Y91.344 E181.43373
G1 X95.759 Y91.344 E181.48351
G1 X91.344 Y95.759 E181.86163
G1 X91.344 Y94.936 E181.91147
G1 X94.936 Y91.344 E182.21911
G1 X94.114 Y91.344 E182.26889
G1 X91.344 Y94.114 E182.50613
G1 X91.344 Y93.291 E182.55597
G1 X93.291 Y91.344 E182.72272
G1 X92.469 Y91.344 E182.7725
G1 X91.344 Y92.469 E182.86885
G1 X91.344 Y91.646 E182.91869
G1 X91.83 Y91.161 E182.96027
;LAYER_CHANGE
;Z:21.9
;HEIGHT:0.199999
G1 E180.96027 F2400
G92 E0
G1 Z21.9 F7800
G1 X128.961 Y128.961
G1 E2 F2400
;TYPE:Perimeter
;WIDTH:0.449999
G1 F3323
G1 X91.039 Y128.961 E3.28361
G1 X91.039 Y91.039 E4.56722
G1 X128.961 Y91.039 E5.85083
G1 X128.961 Y128.901 E7.13241
G1 X129.368 Y129.368 F7800
G1 F3323
G1 X90.632 Y129.368 E8.44358
G1 X90.632 Y90.632 E9.75475
G1 X129.368 Y90.632 E11.06592
G1 X129.368 Y129.308 E12.37505
G1 X129.775 Y129.775 F7800
;TYPE:External perimeter
G1 F2400
G1 X90.225 Y129.775 E13.71377
G1 X90.225 Y90.225 E15.05249
G1 X129.775 Y90.225 E16.39121
G1 X129.775 Y129.715 E17.7279
G1 X129.379 Y129.774 F7800
;LAYER_CHANGE
;Z:22.1
;HEIGHT:0.200001
G1 Z22.1 F7800
G1 X128.961 Y128.961
;TYPE:Perimeter
G1 F4800
G1 X91.039 Y128.961 E19.01151
G1 X91.039 Y91.039 E20.29512
G1 X128.961 Y91.039 E21.57873
G1 X128.961 Y128.901 E22.86031
G1 X129.368 Y129.368 F7800
G1 F4800
G1 X90.632 Y129.368 E24.17148
G1 X90.632 Y90.632 E25.48265
G1 X129.368 Y90.632 E26.79382
G1 X129.368 Y129.308 E28.10295
G1 X129.775 Y129.775 F7800
;TYPE:External perimeter
G1 F2400
G1 X90.225 Y129.775 E29.44167
G1 X90.225 Y90.225 E30.78039
G1 X129.775 Y90.225 E32.11911
G1 X129.775 Y129.715 E33.4558
G1 X129.379 Y129.774 F7800
M73 P54 R50
G1 E31.4558 F2400
G92 E0
G1 X128.839 Y91.83 F7800
G1 E2 F2400
M73 Q54 S51
;TYPE:Internal infill
;WIDTH:0.45
;HEIGHT:0.4
G1 F4800
G1 X128.354 Y91.344 E2.04158
G1 X127.531 Y91.344 E2.09142
G1 X128.656 Y92.469 E2.18777
G1 X128.656 Y93.291 E2.23755
G1 X126.709 Y91.344 E2.4043
G1 X125.886 Y91.344 E2.45414
G1 X128.656 Y94.114 E2.69138
G1 X128.656 Y94.936 E2.74116
G1 X125.064 Y91.344 E3.0488
G1 X124.241 Y91.344 E3.09864
G1 X128.656 Y95.759 E3.47676
G1 X128.656 Y96.581 E3.52654
G1 X123.419 Y91.344 E3.97506
G1 X122.597 Y91.344 E4.02484
G1 X128.656 Y97.403 E4.54376
G1 X128.656 Y98.226 E4.5936
G1 X121.774 Y91.344 E5.18301
G1 X120.952 Y91.344 E5.23279
G1 X128.656 Y99.048 E5.8926
G1 X128.656 Y99.871 E5.94244
G1 X120.129 Y91.344 E6.67273
G1 X119.307 Y91.344 E6.72251
G1 X128.656 Y100.693 E7.5232
G1 X128.656 Y101.516 E7.57304
G1 X118.484 Y91.344 E8.44422
G1 X117.662 Y91.344 E8.494
G1 X128.656 Y102.338 E9.43558
G1 X128.656 Y103.16 E9.48536
G1 X116.84 Y91.344 E10.49734
G1 X116.017 Y91.344 E10.54718
G1 X128.656 Y103.983 E11.62964
G1 X128.656 Y104.805 E11.67942
G1 X115.195 Y91.344 E12.83228
G1 X114.372 Y91.344 E12.88212
G1 X128.656 Y105.628 E14.10547
G1 X128.656 Y106.45 E14.15525
G1 X113.55 Y91.344 E15.449
G1 X112.728 Y91.344 E15.49878
G1 X128.656 Y107.272 E16.86293
G1 X128.656 Y108.095 E16.91277
G1 X111.905 Y91.344 E18.3474
G1 X111.083 Y91.344 E18.39718
G1 X128.656 Y108.917 E19.90221
G1 X128.656 Y109.74 E19.95205
G1 X110.26 Y91.344 E21.52757
G1 X109.438 Y91.344 E21.57735
G1 X128.656 Y110.562 E23.22327
G1 X128.656 Y111.385 E23.27311
G1 X108.615 Y91.344 E24.98951
G1 X107.793 Y91.344 E25.03929
G1 X128.656 Y112.207 E26.82609
G1 X128.656 Y113.029 E26.87587
G1 X106.971 Y91.344 E28.73307
G1 X106.148 Y91.344 E28.78291
G1 X128.656 Y113.852 E30.7106
G1 X128.656 Y114.674 E30.76038
G1 X105.326 Y91.344 E32.75847
G1 X104.503 Y91.344 E32.80831
G1 X128.656 Y115.497 E34.87689
G1 X128.656 Y116.319 E34.92667
G1 X103.681 Y91.344 E37.06565
G1 X102.858 Y91.344 E37.11549
G1 X128.656 Y117.142 E39.32495
G1 X128.656 Y117.964 E39.37473
G1 X102.036 Y91.344 E41.65459
G1 X101.214 Y91.344 E41.70437
G1 X128.656 Y118.786 E44.05463
G1 X128.656 Y119.609 E44.10447
G1 X100.391 Y91.344 E46.52522
G1 X99.569 Y91.344 E46.575
G1 X128.656 Y120.431 E49.06615
G1 X128.656 Y121.254 E49.11599
G1 X98.746 Y91.344 E51.67762
G1 X97.924 Y91.344 E51.7274
G1 X128.656 Y122.076 E54.35943
G1 X128.656 Y122.899 E54.40927
G1 X97.101 Y91.344 E57.11179
G1 X96.279 Y91.344 E57.16157
G1 X128.656 Y123.721 E59.93449
G1 X128.656 Y124.543 E59.98427
G1 X95.457 Y91.344 E62.82759
G1 X94.634 Y91.344 E62.87743
G1 X128.656 Y125.366 E65.79123
G1 X128.656 Y126.188 E65.84101
G1 X93.812 Y91.344 E68.82521
G1 X92.989 Y91.344 E68.87505
G1 X128.656 Y127.011 E71.92974
G1 X128.656 Y127.833 E71.97952
M73 P54 R49
G1 X92.167 Y91.344 E75.10461
G1 X91.344 Y91.344 E75.15445
G1 X128.656 Y128.656 E78.35002
G1 X127.833 Y128.656 E78.39986
G1 X91.344 Y92.167 E81.52495
G1 X91.344 Y92.989 E81.57473
G1 X127.011 Y128.656 E84.62942
G1 X126.188 Y128.656 E84.67926
G1 X91.344 Y93.812 E87.66346
G1 X91.344 Y94.634 E87.71324
G1 X125.366 Y128.656 E90.62704
G1 X124.543 Y128.656 E90.67688
G1 X91.344 Y95.457 E93.5202
G1 X91.344 Y96.279 E93.56998
G1 X123.721 Y128.656 E96.3429
G1 X122.899 Y128.656 E96.39268
G1 X91.344 Y97.101 E99.0952
G1 X91.344 Y97.924 E99.14504
G1 X122.076 Y128.656 E101.77707
G1 X121.254 Y128.656 E101.82685
G1 X91.344 Y98.746 E104.38848
G1 X91.344 Y99.569 E104.43832
G1 X120.431 Y128.656 E106.92947
G1 X119.609 Y128.656 E106.97925
M73 Q54 S50
G1 X91.344 Y100.391 E109.4
G1 X91.344 Y101.214 E109.44984
G1 X118.786 Y128.656 E111.8001
G1 X117.964 Y128.656 E111.84988
G1 X91.344 Y102.036 E114.12974
G1 X91.344 Y102.858 E114.17952
G1 X117.142 Y128.656 E116.38898
G1 X116.319 Y128.656 E116.43882
G1 X91.344 Y103.681 E118.5778
G1 X91.344 Y104.503 E118.62758
G1 X115.497 Y128.656 E120.69616
G1 X114.674 Y128.656 E120.746
G1 X91.344 Y105.326 E122.74409
G1 X91.344 Y106.148 E122.79387
G1 X113.852 Y128.656 E124.72156
G1 X113.029 Y128.656 E124.7714
G1 X91.344 Y106.971 E126.6286
G1 X91.344 Y107.793 E126.67838
G1 X112.207 Y128.656 E128.46518
G1 X111.385 Y128.656 E128.51496
G1 X91.344 Y108.615 E130.23136
G1 X91.344 Y109.438 E130.2812
G1 X110.562 Y128.656 E131.92712
G1 X109.74 Y128.656 E131.9769
G1 X91.344 Y110.26 E133.55242
G1 X91.344 Y111.083 E133.60226
G1 X108.917 Y128.656 E135.10729
G1 X108.095 Y128.656 E135.15707
G1 X91.344 Y111.905 E136.5917
G1 X91.344 Y112.728 E136.64154
G1 X107.272 Y128.656 E138.00569
G1 X106.45 Y128.656 E138.05547
G1 X91.344 Y113.55 E139.34922
G1 X91.344 Y114.372 E139.399
G1 X105.628 Y128.656 E140.62235
G1 X104.805 Y128.656 E140.67219
G1 X91.344 Y115.195 E141.82505
G1 X91.344 Y116.017 E141.87483
G1 X103.983 Y128.656 E142.95729
G1 X103.16 Y128.656 E143.00713
G1 X91.344 Y116.84 E144.01911
G1 X91.344 Y117.662 E144.06889
G1 X102.338 Y128.656 E145.01047
G1 X101.516 Y128.656 E145.06025
G1 X91.344 Y118.484 E145.93143
G1 X91.344 Y119.307 E145.98127
G1 X100.693 Y128.656 E146.78196
G1 X99.871 Y128.656 E146.83174
G1 X91.344 Y120.129 E147.56203
G1 X91.344 Y120.952 E147.61187
G1 X99.048 Y128.656 E148.27168
G1 X98.226 Y128.656 E148.32146
G1 X91.344 Y121.774 E148.91087
G1 X91.344 Y122.597 E148.96071
G1 X97.403 Y128.656 E149.47963
G1 X96.581 Y128.656 E149.52941
G1 X91.344 Y123.419 E149.97793
G1 X91.344 Y124.241 E150.02771
G1 X95.759 Y128.656 E150.40583
G1 X94.936 Y128.656 E150.45567
G1 X91.344 Y125.064 E150.76331
G1 X91.344 Y125.886 E150.81309
G1 X94.114 Y128.656 E151.05033
G1 X93.291 Y128.656 E151.10017
G1 X91.344 Y126.709 E151.26692
G1 X91.344 Y127.531 E151.3167
G1 X92.469 Y128.656 E151.41305
G1 X91.646 Y128.656 E151.46289
G1 X91.161 Y128.17 E151.50447
;LAYER_CHANGE
;Z:22.3
;HEIGHT:0.199999
G1 E149.50447 F2400
G92 E0
G1 Z22.3 F7800
G1 X128.961 Y128.961
G1 E2 F2400
;TYPE:Perimeter
;WIDTH:0.449999
G1 F3254
G1 X91.039 Y128.961 E3.28361
G1 X91.039 Y91.039 E4.56722
G1 X128.961 Y91.039 E5.85083
G1 X128.961 Y128.901 E7.13241
G1 X129.368 Y129.368 F7800
G1 F3254
G1 X90.632 Y129.368 E8.44358
G1 X90.632 Y90.632 E9.75475
G1 X129.368 Y90.632 E11.06592
G1 X129.368 Y129.308 E12.37505
G1 X129.775 Y129.775 F7800
;TYPE:External perimeter
G1 F2400
G1 X90.225 Y129.775 E13.71377
G1 X90.225 Y90.225 E15.05249
G1 X129.775 Y90.225 E16.39121
G1 X129.775 Y129.715 E17.7279
G1 X129.379 Y129.774 F7800
;LAYER_CHANGE
;Z:22.5
;HEIGHT:0.200001
G1 Z22.5 F7800
G1 X128.961 Y128.961
;TYPE:Perimeter
G1 F4800
G1 X91.039 Y128.961 E19.01151
G1 X91.039 Y91.039 E20.29512
G1 X128.961 Y91.039 E21.57873
G1 X128.961 Y128.901 E22.86031
G1 X129.368 Y129.368 F7800
G1 F4800
G1 X90.632 Y129.368 E24.17148
G1 X90.632 Y90.632 E25.48265
G1 X129.368 Y90.632 E26.79382
G1 X129.368 Y129.308 E28.10295
G1 X129.775 Y129.775 F7800
;TYPE:External perimeter
G1 F2400
G1 X90.225 Y129.775 E29.44167
G1 X90.225 Y90.225 E30.78039
G1 X129.775 Y90.225 E32.11911
G1 X129.775 Y129.715 E33.4558
G1 X129.379 Y129.774 F7800
G1 X128.17 Y128.839
;TYPE:Internal infill
;WIDTH:0.45
;HEIGHT:0.4
G1 F4800
G1 X128.656 Y128.354 E33.49738
G1 X128.656 Y127.531 E33.54722
G1 X127.531 Y128.656 E33.64357
G1 X126.709 Y128.656 E33.69335
G1 X128.656 Y126.709 E33.8601
G1 X128.656 Y125.886 E33.90994
G1 X125.886 Y128.656 E34.14718
G1 X125.064 Y128.656 E34.19696
G1 X128.656 Y125.064 E34.5046
G1 X128.656 Y124.241 E34.55444
G1 X124.241 Y128.656 E34.93256
G1 X123.419 Y128.656 E34.98234
G1 X128.656 Y123.419 E35.43086
G1 X128.656 Y122.597 E35.48064
G1 X122.597 Y128.656 E35.99956
G1 X121.774 Y128.656 E36.0494
G1 X128.656 Y121.774 E36.63881
G1 X128.656 Y120.952 E36.68859
G1 X120.952 Y128.656 E37.3484
G1 X120.129 Y128.656 E37.39824
G1 X128.656 Y120.129 E38.12853
G1 X128.656 Y119.307 E38.17831
G1 X119.307 Y128.656 E38.979
G1 X118.484 Y128.656 E39.02884
G1 X128.656 Y118.484 E39.90002
G1 X128.656 Y117.662 E39.9498
G1 X117.662 Y128.656 E40.89138
G1 X116.84 Y128.656 E40.94116
G1 X128.656 Y116.84 E41.95314
G1 X128.656 Y116.017 E42.00298
G1 X116.017 Y128.656 E43.08544
G1 X115.195 Y128.656 E43.13522
G1 X128.656 Y115.195 E44.28808
G1 X128.656 Y114.372 E44.33792
G1 X114.372 Y128.656 E45.56127
G1 X113.55 Y128.656 E45.61105
G1 X128.656 Y113.55 E46.9048
G1 X128.656 Y112.728 E46.95458
G1 X112.728 Y128.656 E48.31873
G1 X111.905 Y128.656 E48.36857
G1 X128.656 Y111.905 E49.8032
G1 X128.656 Y111.083 E49.85298
G1 X111.083 Y128.656 E51.35801
G1 X110.26 Y128.656 E51.40785
G1 X128.656 Y110.26 E52.98337
G1 X128.656 Y109.438 E53.03315
G1 X109.438 Y128.656 E54.67907
G1 X108.615 Y128.656 E54.72891
G1 X128.656 Y108.615 E56.44531
G1 X128.656 Y107.793 E56.49509
G1 X107.793 Y128.656 E58.28189
G1 X106.971 Y128.656 E58.33167
G1 X128.656 Y106.971 E60.18887
G1 X128.656 Y106.148 E60.23871
G1 X106.148 Y128.656 E62.1664
G1 X105.326 Y128.656 E62.21618
G1 X128.656 Y105.326 E64.21427
G1 X128.656 Y104.503 E64.26411
G1 X104.503 Y128.656 E66.33269
G1 X103.681 Y128.656 E66.38247
G1 X128.656 Y103.681 E68.52145
G1 X128.656 Y102.858 E68.57129
G1 X102.858 Y128.656 E70.78075
G1 X102.036 Y128.656 E70.83053
G1 X128.656 Y102.036 E73.11039
M73 P55 R49
G1 X128.656 Y101.214 E73.16017
M73 Q55 S50
G1 X101.214 Y128.656 E75.51043
G1 X100.391 Y128.656 E75.56027
G1 X128.656 Y100.391 E77.98102
G1 X128.656 Y99.569 E78.0308
G1 X99.569 Y128.656 E80.52195
G1 X98.746 Y128.656 E80.57179
G1 X128.656 Y98.746 E83.13342
G1 X128.656 Y97.924 E83.1832
G1 X97.924 Y128.656 E85.81523
G1 X97.101 Y128.656 E85.86507
G1 X128.656 Y97.101 E88.56759
G1 X128.656 Y96.279 E88.61737
G1 X96.279 Y128.656 E91.39029
G1 X95.457 Y128.656 E91.44007
G1 X128.656 Y95.457 E94.28339
G1 X128.656 Y94.634 E94.33323
G1 X94.634 Y128.656 E97.24703
G1 X93.812 Y128.656 E97.29681
G1 X128.656 Y93.812 E100.28101
G1 X128.656 Y92.989 E100.33085
G1 X92.989 Y128.656 E103.38554
G1 X92.167 Y128.656 E103.43532
G1 X128.656 Y92.167 E106.56041
G1 X128.656 Y91.344 E106.61025
G1 X91.344 Y128.656 E109.80582
G1 X91.344 Y127.833 E109.85566
G1 X127.833 Y91.344 E112.98075
G1 X127.011 Y91.344 E113.03053
G1 X91.344 Y127.011 E116.08522
G1 X91.344 Y126.188 E116.13506
G1 X126.188 Y91.344 E119.11926
G1 X125.366 Y91.344 E119.16904
G1 X91.344 Y125.366 E122.08284
G1 X91.344 Y124.543 E122.13268
G1 X124.543 Y91.344 E124.976
G1 X123.721 Y91.344 E125.02578
M73 P55 R48
G1 X91.344 Y123.721 E127.7987
G1 X91.344 Y122.899 E127.84848
G1 X122.899 Y91.344 E130.551
G1 X122.076 Y91.344 E130.60084
G1 X91.344 Y122.076 E133.23287
G1 X91.344 Y121.254 E133.28265
G1 X121.254 Y91.344 E135.84428
G1 X120.431 Y91.344 E135.89412
G1 X91.344 Y120.431 E138.38527
G1 X91.344 Y119.609 E138.43505
G1 X119.609 Y91.344 E140.8558
G1 X118.786 Y91.344 E140.90564
G1 X91.344 Y118.786 E143.2559
G1 X91.344 Y117.964 E143.30568
G1 X117.964 Y91.344 E145.58554
G1 X117.142 Y91.344 E145.63532
G1 X91.344 Y117.142 E147.84478
G1 X91.344 Y116.319 E147.89462
G1 X116.319 Y91.344 E150.0336
G1 X115.497 Y91.344 E150.08338
G1 X91.344 Y115.497 E152.15196
G1 X91.344 Y114.674 E152.2018
M73 Q55 S49
G1 X114.674 Y91.344 E154.19989
G1 X113.852 Y91.344 E154.24967
G1 X91.344 Y113.852 E156.17736
G1 X91.344 Y113.029 E156.2272
G1 X113.029 Y91.344 E158.0844
G1 X112.207 Y91.344 E158.13418
G1 X91.344 Y112.207 E159.92098
G1 X91.344 Y111.385 E159.97076
G1 X111.385 Y91.344 E161.68716
G1 X110.562 Y91.344 E161.737
G1 X91.344 Y110.562 E163.38292
G1 X91.344 Y109.74 E163.4327
G1 X109.74 Y91.344 E165.00822
G1 X108.917 Y91.344 E165.05806
G1 X91.344 Y108.917 E166.56309
G1 X91.344 Y108.095 E166.61287
G1 X108.095 Y91.344 E168.0475
G1 X107.272 Y91.344 E168.09734
G1 X91.344 Y107.272 E169.46149
G1 X91.344 Y106.45 E169.51127
G1 X106.45 Y91.344 E170.80502
G1 X105.628 Y91.344 E170.8548
G1 X91.344 Y105.628 E172.07815
G1 X91.344 Y104.805 E172.12799
G1 X104.805 Y91.344 E173.28085
G1 X103.983 Y91.344 E173.33063
G1 X91.344 Y103.983 E174.41309
G1 X91.344 Y103.16 E174.46293
G1 X103.16 Y91.344 E175.47491
G1 X102.338 Y91.344 E175.52469
G1 X91.344 Y102.338 E176.46627
G1 X91.344 Y101.516 E176.51605
G1 X101.516 Y91.344 E177.38723
G1 X100.693 Y91.344 E177.43707
G1 X91.344 Y100.693 E178.23776
G1 X91.344 Y99.871 E178.28754
G1 X99.871 Y91.344 E179.01783
G1 X99.048 Y91.344 E179.06767
G1 X91.344 Y99.048 E179.72748
G1 X91.344 Y98.226 E179.77726
G1 X98.226 Y91.344 E180.36667
G1 X97.403 Y91.344 E180.41651
G1 X91.344 Y97.403 E180.93543
G1 X91.344 Y96.581 E180.98521
G1 X96.581 Y91.344 E181.43373
G1 X95.759 Y91.344 E181.48351
G1 X91.344 Y95.759 E181.86163
G1 X91.344 Y94.936 E181.91147
G1 X94.936 Y91.344 E182.21911
G1 X94.114 Y91.344 E182.26889
G1 X91.344 Y94.114 E182.50613
G1 X91.344 Y93.291 E182.55597
G1 X93.291 Y91.344 E182.72272
G1 X92.469 Y91.344 E182.7725
G1 X91.344 Y92.469 E182.86885
G1 X91.344 Y91.646 E182.91869
G1 X91.83 Y91.161 E182.96027
;LAYER_CHANGE
;Z:22.7
;HEIGHT:0.200001
G1 E180.96027 F2400
G92 E0
G1 Z22.7 F7800
G1 X128.961 Y128.961
G1 E2 F2400
;TYPE:Perimeter
;WIDTH:0.449999
G1 F3323
G1 X91.039 Y128.961 E3.28361
G1 X91.039 Y91.039 E4.56722
G1 X128.961 Y91.039 E5.85083
G1 X128.961 Y128.901 E7.13241
G1 X129.368 Y129.368 F7800
G1 F3323
G1 X90.632 Y129.368 E8.44358
G1 X90.632 Y90.632 E9.75475
G1 X129.368 Y90.632 E11.06592
G1 X129.368 Y129.308 E12.37505
G1 X129.775 Y129.775 F7800
;TYPE:External perimeter
G1 F2400
G1 X90.225 Y129.775 E13.71377
G1 X90.225 Y90.225 E15.05249
G1 X129.775 Y90.225 E16.39121
G1 X129.775 Y129.715 E17.7279
G1 X129.379 Y129.774 F7800
;LAYER_CHANGE
;Z:22.9
;HEIGHT:0.199999
G1 Z22.9 F7800
G1 X128.961 Y128.961
;TYPE:Perimeter
G1 F4800
G1 X91.039 Y128.961 E19.01151
G1 X91.039 Y91.039 E20.29512
G1 X128.961 Y91.039 E21.57873
G1 X128.961 Y128.901 E22.86031
G1 X129.368 Y129.368 F7800
G1 F4800
G1 X90.632 Y129.368 E24.17148
G1 X90.632 Y90.632 E25.48265
G1 X129.368 Y90.632 E26.79382
G1 X129.368 Y129.308 E28.10295
G1 X129.775 Y129.775 F7800
;TYPE:External perimeter
G1 F2400
G1 X90.225 Y129.775 E29.44167
G1 X90.225 Y90.225 E30.78039
G1 X129.775 Y90.225 E32.11911
G1 X129.775 Y129.715 E33.4558
G1 X129.379 Y129.774 F7800
G1 E31.4558 F2400
G92 E0
G1 X128.839 Y91.83 F7800
G1 E2 F2400
;TYPE:Internal infill
;WIDTH:0.45
;HEIGHT:0.4
G1 F4800
G1 X128.354 Y91.344 E2.04158
G1 X127.531 Y91.344 E2.09142
G1 X128.656 Y92.469 E2.18777
G1 X128.656 Y93.291 E2.23755
G1 X126.709 Y91.344 E2.4043
G1 X125.886 Y91.344 E2.45414
G1 X128.656 Y94.114 E2.69138
G1 X128.656 Y94.936 E2.74116
G1 X125.064 Y91.344 E3.0488
G1 X124.241 Y91.344 E3.09864
G1 X128.656 Y95.759 E3.47676
G1 X128.656 Y96.581 E3.52654
G1 X123.419 Y91.344 E3.97506
G1 X122.597 Y91.344 E4.02484
G1 X128.656 Y97.403 E4.54376
G1 X128.656 Y98.226 E4.5936
G1 X121.774 Y91.344 E5.18301
G1 X120.952 Y91.344 E5.23279
G1 X128.656 Y99.048 E5.8926
G1 X128.656 Y99.871 E5.94244
G1 X120.129 Y91.344 E6.67273
G1 X119.307 Y91.344 E6.72251
G1 X128.656 Y100.693 E7.5232
G1 X128.656 Y101.516 E7.57304
G1 X118.484 Y91.344 E8.44422
G1 X117.662 Y91.344 E8.494
G1 X128.656 Y102.338 E9.43558
G1 X128.656 Y103.16 E9.48536
G1 X116.84 Y91.344 E10.49734
G1 X116.017 Y91.344 E10.54718
G1 X128.656 Y103.983 E11.62964
G1 X128.656 Y104.805 E11.67942
G1 X115.195 Y91.344 E12.83228
G1 X114.372 Y91.344 E12.88212
G1 X128.656 Y105.628 E14.10547
G1 X128.656 Y106.45 E14.15525
G1 X113.55 Y91.344 E15.449
G1 X112.728 Y91.344 E15.49878
G1 X128.656 Y107.272 E16.86293
G1 X128.656 Y108.095 E16.91277
G1 X111.905 Y91.344 E18.3474
G1 X111.083 Y91.344 E18.39718
G1 X128.656 Y108.917 E19.90221
G1 X128.656 Y109.74 E19.95205
G1 X110.26 Y91.344 E21.52757
G1 X109.438 Y91.344 E21.57735
G1 X128.656 Y110.562 E23.22327
G1 X128.656 Y111.385 E23.27311
G1 X108.615 Y91.344 E24.98951
G1 X107.793 Y91.344 E25.03929
G1 X128.656 Y112.207 E26.82609
G1 X128.656 Y113.029 E26.87587
G1 X106.971 Y91.344 E28.73307
G1 X106.148 Y91.344 E28.78291
G1 X128.656 Y113.852 E30.7106
G1 X128.656 Y114.674 E30.76038
G1 X105.326 Y91.344 E32.75847
G1 X104.503 Y91.344 E32.80831
G1 X128.656 Y115.497 E34.87689
G1 X128.656 Y116.319 E34.92667
G1 X103.681 Y91.344 E37.06565
G1 X102.858 Y91.344 E37.11549
G1 X128.656 Y117.142 E39.32495
G1 X128.656 Y117.964 E39.37473
G1 X102.036 Y91.344 E41.65459
G1 X101.214 Y91.344 E41.70437
G1 X128.656 Y118.786 E44.05463
G1 X128.656 Y119.609 E44.10447
G1 X100.391 Y91.344 E46.52522
G1 X99.569 Y91.344 E46.575
G1 X128.656 Y120.431 E49.06615
G1 X128.656 Y121.254 E49.11599
G1 X98.746 Y91.344 E51.67762
G1 X97.924 Y91.344 E51.7274
G1 X128.656 Y122.076 E54.35943
G1 X128.656 Y122.899 E54.40927
G1 X97.101 Y91.344 E57.11179
G1 X96.279 Y91.344 E57.16157
G1 X128.656 Y123.721 E59.93449
G1 X128.656 Y124.543 E59.98427
G1 X95.457 Y91.344 E62.82759
G1 X94.634 Y91.344 E62.87743
G1 X128.656 Y125.366 E65.79123
G1 X128.656 Y126.188 E65.84101
G1 X93.812 Y91.344 E68.82521
G1 X92.989 Y91.344 E68.87505
G1 X128.656 Y127.011 E71.92974
G1 X128.656 Y127.833 E71.97952
G1 X92.167 Y91.344 E75.10461
G1 X91.344 Y91.344 E75.15445
G1 X128.656 Y128.656 E78.35002
G1 X127.833 Y128.656 E78.39986
G1 X91.344 Y92.167 E81.52495
G1 X91.344 Y92.989 E81.57473
G1 X127.011 Y128.656 E84.62942
M73 Q56 S49
G1 X126.188 Y128.656 E84.67926
M73 P56 R48
G1 X91.344 Y93.812 E87.66346
G1 X91.344 Y94.634 E87.71324
G1 X125.366 Y128.656 E90.62704
G1 X124.543 Y128.656 E90.67688
G1 X91.344 Y95.457 E93.5202
G1 X91.344 Y96.279 E93.56998
G1 X123.721 Y128.656 E96.3429
G1 X122.899 Y128.656 E96.39268
G1 X91.344 Y97.101 E99.0952
G1 X91.344 Y97.924 E99.14504
G1 X122.076 Y128.656 E101.77707
G1 X121.254 Y128.656 E101.82685
G1 X91.344 Y98.746 E104.38848
G1 X91.344 Y99.569 E104.43832
G1 X120.431 Y128.656 E106.92947
G1 X119.609 Y128.656 E106.97925
G1 X91.344 Y100.391 E109.4
G1 X91.344 Y101.214 E109.44984
G1 X118.786 Y128.656 E111.8001
G1 X117.964 Y128.656 E111.84988
M73 P56 R47
G1 X91.344 Y102.036 E114.12974
G1 X91.344 Y102.858 E114.17952
G1 X117.142 Y128.656 E116.38898
G1 X116.319 Y128.656 E116.43882
G1 X91.344 Y103.681 E118.5778
G1 X91.344 Y104.503 E118.62758
G1 X115.497 Y128.656 E120.69616
G1 X114.674 Y128.656 E120.746
G1 X91.344 Y105.326 E122.74409
G1 X91.344 Y106.148 E122.79387
G1 X113.852 Y128.656 E124.72156
G1 X113.029 Y128.656 E124.7714
G1 X91.344 Y106.971 E126.6286
G1 X91.344 Y107.793 E126.67838
G1 X112.207 Y128.656 E128.46518
G1 X111.385 Y128.656 E128.51496
G1 X91.344 Y108.615 E130.23136
G1 X91.344 Y109.438 E130.2812
M73 Q56 S48
G1 X110.562 Y128.656 E131.92712
G1 X109.74 Y128.656 E131.9769
G1 X91.344 Y110.26 E133.55242
G1 X91.344 Y111.083 E133.60226
G1 X108.917 Y128.656 E135.10729
G1 X108.095 Y128.656 E135.15707
G1 X91.344 Y111.905 E136.5917
G1 X91.344 Y112.728 E136.64154
G1 X107.272 Y128.656 E138.00569
G1 X106.45 Y128.656 E138.05547
G1 X91.344 Y113.55 E139.34922
G1 X91.344 Y114.372 E139.399
G1 X105.628 Y128.656 E140.62235
G1 X104.805 Y128.656 E140.67219
G1 X91.344 Y115.195 E141.82505
G1 X91.344 Y116.017 E141.87483
G1 X103.983 Y128.656 E142.95729
G1 X103.16 Y128.656 E143.00713
G1 X91.344 Y116.84 E144.01911
G1 X91.344 Y117.662 E144.06889
G1 X102.338 Y128.656 E145.01047
G1 X101.516 Y128.656 E145.06025
G1 X91.344 Y118.484 E145.93143
G1 X91.344 Y119.307 E145.98127
G1 X100.693 Y128.656 E146.78196
G1 X99.871 Y128.656 E146.83174
G1 X91.344 Y120.129 E147.56203
G1 X91.344 Y120.952 E147.61187
G1 X99.048 Y128.656 E148.27168
G1 X98.226 Y128.656 E148.32146
G1 X91.344 Y121.774 E148.91087
G1 X91.344 Y122.597 E148.96071
G1 X97.403 Y128.656 E149.47963
G1 X96.581 Y128.656 E149.52941
G1 X91.344 Y123.419 E149.97793
G1 X91.344 Y124.241 E150.02771
G1 X95.759 Y128.656 E150.40583
G1 X94.936 Y128.656 E150.45567
G1 X91.344 Y125.064 E150.76331
G1 X91.344 Y125.886 E150.81309
G1 X94.114 Y128.656 E151.05033
G1 X93.291 Y128.656 E151.10017
G1 X91.344 Y126.709 E151.26692
G1 X91.344 Y127.531 E151.3167
G1 X92.469 Y128.656 E151.41305
G1 X91.646 Y128.656 E151.46289
G1 X91.161 Y128.17 E151.50447
;LAYER_CHANGE
;Z:23.1
;HEIGHT:0.200001
G1 E149.50447 F2400
G92 E0
G1 Z23.1 F7800
G1 X128.961 Y128.961
G1 E2 F2400
;TYPE:Perimeter
;WIDTH:0.449999
G1 F3254
G1 X91.039 Y128.961 E3.28361
G1 X91.039 Y91.039 E4.56722
G1 X128.961 Y91.039 E5.85083
G1 X128.961 Y128.901 E7.13241
G1 X129.368 Y129.368 F7800
G1 F3254
G1 X90.632 Y129.368 E8.44358
G1 X90.632 Y90.632 E9.75475
G1 X129.368 Y90.632 E11.06592
G1 X129.368 Y129.308 E12.37505
G1 X129.775 Y129.775 F7800
;TYPE:External perimeter
G1 F2400
G1 X90.225 Y129.775 E13.71377
G1 X90.225 Y90.225 E15.05249
G1 X129.775 Y90.225 E16.39121
G1 X129.775 Y129.715 E17.7279
G1 X129.379 Y129.774 F7800
;LAYER_CHANGE
;Z:23.3
;HEIGHT:0.199999
G1 Z23.3 F7800
G1 X128.961 Y128.961
;TYPE:Perimeter
G1 F4800
G1 X91.039 Y128.961 E19.01151
G1 X91.039 Y91.039 E20.29512
G1 X128.961 Y91.039 E21.57873
G1 X128.961 Y128.901 E22.86031
G1 X129.368 Y129.368 F7800
G1 F4800
G1 X90.632 Y129.368 E24.17148
G1 X90.632 Y90.632 E25.48265
G1 X129.368 Y90.632 E26.79382
G1 X129.368 Y129.308 E28.10295
G1 X129.775 Y129.775 F7800
;TYPE:External perimeter
G1 F2400
G1 X90.225 Y129.775 E29.44167
G1 X90.225 Y90.225 E30.78039
G1 X129.775 Y90.225 E32.11911
G1 X129.775 Y129.715 E33.4558
G1 X129.379 Y129.774 F7800
G1 X128.17 Y128.839
;TYPE:Internal infill
;WIDTH:0.45
;HEIGHT:0.4
G1 F4800
G1 X128.656 Y128.354 E33.49738
G1 X128.656 Y127.531 E33.54722
G1 X127.531 Y128.656 E33.64357
G1 X126.709 Y128.656 E33.69335
G1 X128.656 Y126.709 E33.8601
G1 X128.656 Y125.886 E33.90994
G1 X125.886 Y128.656 E34.14718
G1 X125.064 Y128.656 E34.19696
G1 X128.656 Y125.064 E34.5046
G1 X128.656 Y124.241 E34.55444
G1 X124.241 Y128.656 E34.93256
G1 X123.419 Y128.656 E34.98234
G1 X128.656 Y123.419 E35.43086
G1 X128.656 Y122.597 E35.48064
G1 X122.597 Y128.656 E35.99956
G1 X121.774 Y128.656 E36.0494
G1 X128.656 Y121.774 E36.63881
G1 X128.656 Y120.952 E36.68859
G1 X120.952 Y128.656 E37.3484
G1 X120.129 Y128.656 E37.39824
G1 X128.656 Y120.129 E38.12853
G1 X128.656 Y119.307 E38.17831
G1 X119.307 Y128.656 E38.979
G1 X118.484 Y128.656 E39.02884
G1 X128.656 Y118.484 E39.90002
G1 X128.656 Y117.662 E39.9498
G1 X117.662 Y128.656 E40.89138
G1 X116.84 Y128.656 E40.94116
G1 X128.656 Y116.84 E41.95314
G1 X128.656 Y116.017 E42.00298
G1 X116.017 Y128.656 E43.08544
G1 X115.195 Y128.656 E43.13522
G1 X128.656 Y115.195 E44.28808
G1 X128.656 Y114.372 E44.33792
G1 X114.372 Y128.656 E45.56127
G1 X113.55 Y128.656 E45.61105
G1 X128.656 Y113.55 E46.9048
G1 X128.656 Y112.728 E46.95458
G1 X112.728 Y128.656 E48.31873
G1 X111.905 Y128.656 E48.36857
G1 X128.656 Y111.905 E49.8032
G1 X128.656 Y111.083 E49.85298
G1 X111.083 Y128.656 E51.35801
G1 X110.26 Y128.656 E51.40785
G1 X128.656 Y110.26 E52.98337
G1 X128.656 Y109.438 E53.03315
G1 X109.438 Y128.656 E54.67907
G1 X108.615 Y128.656 E54.72891
G1 X128.656 Y108.615 E56.44531
G1 X128.656 Y107.793 E56.49509
G1 X107.793 Y128.656 E58.28189
G1 X106.971 Y128.656 E58.33167
G1 X128.656 Y106.971 E60.18887
G1 X128.656 Y106.148 E60.23871
G1 X106.148 Y128.656 E62.1664
G1 X105.326 Y128.656 E62.21618
G1 X128.656 Y105.326 E64.21427
G1 X128.656 Y104.503 E64.26411
G1 X104.503 Y128.656 E66.33269
G1 X103.681 Y128.656 E66.38247
G1 X128.656 Y103.681 E68.52145
G1 X128.656 Y102.858 E68.57129
G1 X102.858 Y128.656 E70.78075
G1 X102.036 Y128.656 E70.83053
G1 X128.656 Y102.036 E73.11039
G1 X128.656 Y101.214 E73.16017
G1 X101.214 Y128.656 E75.51043
G1 X100.391 Y128.656 E75.56027
G1 X128.656 Y100.391 E77.98102
G1 X128.656 Y99.569 E78.0308
G1 X99.569 Y128.656 E80.52195
G1 X98.746 Y128.656 E80.57179
G1 X128.656 Y98.746 E83.13342
G1 X128.656 Y97.924 E83.1832
G1 X97.924 Y128.656 E85.81523
G1 X97.101 Y128.656 E85.86507
G1 X128.656 Y97.101 E88.56759
G1 X128.656 Y96.279 E88.61737
G1 X96.279 Y128.656 E91.39029
G1 X95.457 Y128.656 E91.44007
G1 X128.656 Y95.457 E94.28339
G1 X128.656 Y94.634 E94.33323
G1 X94.634 Y128.656 E97.24703
G1 X93.812 Y128.656 E97.29681
G1 X128.656 Y93.812 E100.28101
G1 X128.656 Y92.989 E100.33085
G1 X92.989 Y128.656 E103.38554
G1 X92.167 Y128.656 E103.43532
G1 X128.656 Y92.167 E106.56041
G1 X128.656 Y91.344 E106.61025
G1 X91.344 Y128.656 E109.80582
G1 X91.344 Y127.833 E109.85566
G1 X127.833 Y91.344 E112.98075
G1 X127.011 Y91.344 E113.03053
G1 X91.344 Y127.011 E116.08522
G1 X91.344 Y126.188 E116.13506
G1 X126.188 Y91.344 E119.11926
G1 X125.366 Y91.344 E119.16904
G1 X91.344 Y125.366 E122.08284
G1 X91.344 Y124.543 E122.13268
G1 X124.543 Y91.344 E124.976
G1 X123.721 Y91.344 E125.02578
G1 X91.344 Y123.721 E127.7987
G1 X91.344 Y122.899 E127.84848
G1 X122.899 Y91.344 E130.551
G1 X122.076 Y91.344 E130.60084
G1 X91.344 Y122.076 E133.23287
G1 X91.344 Y121.254 E133.28265
G1 X121.254 Y91.344 E135.84428
G1 X120.431 Y91.344 E135.89412
G1 X91.344 Y120.431 E138.38527
G1 X91.344 Y119.609 E138.43505
G1 X119.609 Y91.344 E140.8558
G1 X118.786 Y91.344 E140.90564
G1 X91.344 Y118.786 E143.2559
G1 X91.344 Y117.964 E143.30568
G1 X117.964 Y91.344 E145.58554
G1 X117.142 Y91.344 E145.63532
G1 X91.344 Y117.142 E147.84478
G1 X91.344 Y116.319 E147.89462
G1 X116.319 Y91.344 E150.0336
G1 X115.497 Y91.344 E150.08338
G1 X91.344 Y115.497 E152.15196
G1 X91.344 Y114.674 E152.2018
G1 X114.674 Y91.344 E154.19989
G1 X113.852 Y91.344 E154.24967
G1 X91.344 Y113.852 E156.17736
G1 X91.344 Y113.029 E156.2272
G1 X113.029 Y91.344 E158.0844
G1 X112.207 Y91.344 E158.13418
M73 Q57 S48
G1 X91.344 Y112.207 E159.92098
M73 P57 R47
G1 X91.344 Y111.385 E159.97076
G1 X111.385 Y91.344 E161.68716
G1 X110.562 Y91.344 E161.737
M73 P57 R46
G1 X91.344 Y110.562 E163.38292
G1 X91.344 Y109.74 E163.4327
G1 X109.74 Y91.344 E165.00822
G1 X108.917 Y91.344 E165.05806
G1 X91.344 Y108.917 E166.56309
G1 X91.344 Y108.095 E166.61287
G1 X108.095 Y91.344 E168.0475
G1 X107.272 Y91.344 E168.09734
G1 X91.344 Y107.272 E169.46149
G1 X91.344 Y106.45 E169.51127
G1 X106.45 Y91.344 E170.80502
G1 X105.628 Y91.344 E170.8548
G1 X91.344 Y105.628 E172.07815
G1 X91.344 Y104.805 E172.12799
G1 X104.805 Y91.344 E173.28085
G1 X103.983 Y91.344 E173.33063
G1 X91.344 Y103.983 E174.41309
G1 X91.344 Y103.16 E174.46293
M73 Q57 S47
G1 X103.16 Y91.344 E175.47491
G1 X102.338 Y91.344 E175.52469
G1 X91.344 Y102.338 E176.46627
G1 X91.344 Y101.516 E176.51605
G1 X101.516 Y91.344 E177.38723
G1 X100.693 Y91.344 E177.43707
G1 X91.344 Y100.693 E178.23776
G1 X91.344 Y99.871 E178.28754
G1 X99.871 Y91.344 E179.01783
G1 X99.048 Y91.344 E179.06767
G1 X91.344 Y99.048 E179.72748
G1 X91.344 Y98.226 E179.77726
G1 X98.226 Y91.344 E180.36667
G1 X97.403 Y91.344 E180.41651
G1 X91.344 Y97.403 E180.93543
G1 X91.344 Y96.581 E180.98521
G1 X96.581 Y91.344 E181.43373
G1 X95.759 Y91.344 E181.48351
G1 X91.344 Y95.759 E181.86163
G1 X91.344 Y94.936 E181.91147
G1 X94.936 Y91.344 E182.21911
G1 X94.114 Y91.344 E182.26889
G1 X91.344 Y94.114 E182.50613
G1 X91.344 Y93.291 E182.55597
G1 X93.291 Y91.344 E182.72272
G1 X92.469 Y91.344 E182.7725
G1 X91.344 Y92.469 E182.86885
G1 X91.344 Y91.646 E182.91869
G1 X91.83 Y91.161 E182.96027
;LAYER_CHANGE
;Z:23.5
;HEIGHT:0.200001
G1 E180.96027 F2400
G92 E0
G1 Z23.5 F7800
G1 X128.961 Y128.961
G1 E2 F2400
;TYPE:Perimeter
;WIDTH:0.449999
G1 F3323
G1 X91.039 Y128.961 E3.28361
G1 X91.039 Y91.039 E4.56722
G1 X128.961 Y91.039 E5.85083
G1 X128.961 Y128.901 E7.13241
G1 X129.368 Y129.368 F7800
G1 F3323
G1 X90.632 Y129.368 E8.44358
G1 X90.632 Y90.632 E9.75475
G1 X129.368 Y90.632 E11.06592
G1 X129.368 Y129.308 E12.37505
G1 X129.775 Y129.775 F7800
;TYPE:External perimeter
G1 F2400
G1 X90.225 Y129.775 E13.71377
G1 X90.225 Y90.225 E15.05249
G1 X129.775 Y90.225 E16.39121
G1 X129.775 Y129.715 E17.7279
G1 X129.379 Y129.774 F7800
;LAYER_CHANGE
;Z:23.7
;HEIGHT:0.200001
G1 Z23.7 F7800
G1 X128.961 Y128.961
;TYPE:Perimeter
G1 F4800
G1 X91.039 Y128.961 E19.01151
G1 X91.039 Y91.039 E20.29512
G1 X128.961 Y91.039 E21.57873
G1 X128.961 Y128.901 E22.86031
G1 X129.368 Y129.368 F7800
G1 F4800
G1 X90.632 Y129.368 E24.17148
G1 X90.632 Y90.632 E25.48265
G1 X129.368 Y90.632 E26.79382
G1 X129.368 Y129.308 E28.10295
G1 X129.775 Y129.775 F7800
;TYPE:External perimeter
G1 F2400
G1 X90.225 Y129.775 E29.44167
G1 X90.225 Y90.225 E30.78039
G1 X129.775 Y90.225 E32.11911
G1 X129.775 Y129.715 E33.4558
G1 X129.379 Y129.774 F7800
G1 E31.4558 F2400
G92 E0
G1 X128.839 Y91.83 F7800
G1 E2 F2400
;TYPE:Internal infill
;WIDTH:0.45
;HEIGHT:0.4
G1 F4800
G1 X128.354 Y91.344 E2.04158
G1 X127.531 Y91.344 E2.09142
G1 X128.656 Y92.469 E2.18777
G1 X128.656 Y93.291 E2.23755
G1 X126.709 Y91.344 E2.4043
G1 X125.886 Y91.344 E2.45414
G1 X128.656 Y94.114 E2.69138
G1 X128.656 Y94.936 E2.74116
G1 X125.064 Y91.344 E3.0488
G1 X124.241 Y91.344 E3.09864
G1 X128.656 Y95.759 E3.47676
G1 X128.656 Y96.581 E3.52654
G1 X123.419 Y91.344 E3.97506
G1 X122.597 Y91.344 E4.02484
G1 X128.656 Y97.403 E4.54376
G1 X128.656 Y98.226 E4.5936
G1 X121.774 Y91.344 E5.18301
G1 X120.952 Y91.344 E5.23279
G1 X128.656 Y99.048 E5.8926
G1 X128.656 Y99.871 E5.94244
G1 X120.129 Y91.344 E6.67273
G1 X119.307 Y91.344 E6.72251
G1 X128.656 Y100.693 E7.5232
G1 X128.656 Y101.516 E7.57304
G1 X118.484 Y91.344 E8.44422
G1 X117.662 Y91.344 E8.494
G1 X128.656 Y102.338 E9.43558
G1 X128.656 Y103.16 E9.48536
G1 X116.84 Y91.344 E10.49734
G1 X116.017 Y91.344 E10.54718
G1 X128.656 Y103.983 E11.62964
G1 X128.656 Y104.805 E11.67942
G1 X115.195 Y91.344 E12.83228
G1 X114.372 Y91.344 E12.88212
G1 X128.656 Y105.628 E14.10547
G1 X128.656 Y106.45 E14.15525
G1 X113.55 Y91.344 E15.449
G1 X112.728 Y91.344 E15.49878
G1 X128.656 Y107.272 E16.86293
G1 X128.656 Y108.095 E16.91277
G1 X111.905 Y91.344 E18.3474
G1 X111.083 Y91.344 E18.39718
G1 X128.656 Y108.917 E19.90221
G1 X128.656 Y109.74 E19.95205
G1 X110.26 Y91.344 E21.52757
G1 X109.438 Y91.344 E21.57735
G1 X128.656 Y110.562 E23.22327
G1 X128.656 Y111.385 E23.27311
G1 X108.615 Y91.344 E24.98951
G1 X107.793 Y91.344 E25.03929
G1 X128.656 Y112.207 E26.82609
G1 X128.656 Y113.029 E26.87587
G1 X106.971 Y91.344 E28.73307
G1 X106.148 Y91.344 E28.78291
G1 X128.656 Y113.852 E30.7106
G1 X128.656 Y114.674 E30.76038
G1 X105.326 Y91.344 E32.75847
G1 X104.503 Y91.344 E32.80831
G1 X128.656 Y115.497 E34.87689
G1 X128.656 Y116.319 E34.92667
G1 X103.681 Y91.344 E37.06565
G1 X102.858 Y91.344 E37.11549
G1 X128.656 Y117.142 E39.32495
G1 X128.656 Y117.964 E39.37473
G1 X102.036 Y91.344 E41.65459
G1 X101.214 Y91.344 E41.70437
G1 X128.656 Y118.786 E44.05463
G1 X128.656 Y119.609 E44.10447
G1 X100.391 Y91.344 E46.52522
G1 X99.569 Y91.344 E46.575
G1 X128.656 Y120.431 E49.06615
G1 X128.656 Y121.254 E49.11599
G1 X98.746 Y91.344 E51.67762
G1 X97.924 Y91.344 E51.7274
G1 X128.656 Y122.076 E54.35943
G1 X128.656 Y122.899 E54.40927
G1 X97.101 Y91.344 E57.11179
G1 X96.279 Y91.344 E57.16157
G1 X128.656 Y123.721 E59.93449
G1 X128.656 Y124.543 E59.98427
G1 X95.457 Y91.344 E62.82759
G1 X94.634 Y91.344 E62.87743
G1 X128.656 Y125.366 E65.79123
G1 X128.656 Y126.188 E65.84101
G1 X93.812 Y91.344 E68.82521
G1 X92.989 Y91.344 E68.87505
G1 X128.656 Y127.011 E71.92974
G1 X128.656 Y127.833 E71.97952
G1 X92.167 Y91.344 E75.10461
G1 X91.344 Y91.344 E75.15445
G1 X128.656 Y128.656 E78.35002
G1 X127.833 Y128.656 E78.39986
G1 X91.344 Y92.167 E81.52495
G1 X91.344 Y92.989 E81.57473
G1 X127.011 Y128.656 E84.62942
G1 X126.188 Y128.656 E84.67926
G1 X91.344 Y93.812 E87.66346
G1 X91.344 Y94.634 E87.71324
G1 X125.366 Y128.656 E90.62704
G1 X124.543 Y128.656 E90.67688
G1 X91.344 Y95.457 E93.5202
G1 X91.344 Y96.279 E93.56998
G1 X123.721 Y128.656 E96.3429
G1 X122.899 Y128.656 E96.39268
G1 X91.344 Y97.101 E99.0952
G1 X91.344 Y97.924 E99.14504
G1 X122.076 Y128.656 E101.77707
G1 X121.254 Y128.656 E101.82685
G1 X91.344 Y98.746 E104.38848
G1 X91.344 Y99.569 E104.43832
G1 X120.431 Y128.656 E106.92947
G1 X119.609 Y128.656 E106.97925
G1 X91.344 Y100.391 E109.4
G1 X91.344 Y101.214 E109.44984
G1 X118.786 Y128.656 E111.8001
G1 X117.964 Y128.656 E111.84988
G1 X91.344 Y102.036 E114.12974
G1 X91.344 Y102.858 E114.17952
G1 X117.142 Y128.656 E116.38898
G1 X116.319 Y128.656 E116.43882
G1 X91.344 Y103.681 E118.5778
G1 X91.344 Y104.503 E118.62758
G1 X115.497 Y128.656 E120.69616
G1 X114.674 Y128.656 E120.746
G1 X91.344 Y105.326 E122.74409
G1 X91.344 Y106.148 E122.79387
G1 X113.852 Y128.656 E124.72156
G1 X113.029 Y128.656 E124.7714
G1 X91.344 Y106.971 E126.6286
G1 X91.344 Y107.793 E126.67838
G1 X112.207 Y128.656 E128.46518
G1 X111.385 Y128.656 E128.51496
G1 X91.344 Y108.615 E130.23136
G1 X91.344 Y109.438 E130.2812
G1 X110.562 Y128.656 E131.92712
G1 X109.74 Y128.656 E131.9769
G1 X91.344 Y110.26 E133.55242
G1 X91.344 Y111.083 E133.60226
G1 X108.917 Y128.656 E135.10729
G1 X108.095 Y128.656 E135.15707
G1 X91.344 Y111.905 E136.5917
G1 X91.344 Y112.728 E136.64154
G1 X107.272 Y128.656 E138.00569
G1 X106.45 Y128.656 E138.05547
G1 X91.344 Y113.55 E139.34922
G1 X91.344 Y114.372 E139.399
G1 X105.628 Y128.656 E140.62235
G1 X104.805 Y128.656 E140.67219
G1 X91.344 Y115.195 E141.82505
G1 X91.344 Y116.017 E141.87483
G1 X103.983 Y128.656 E142.95729
G1 X103.16 Y128.656 E143.00713
G1 X91.344 Y116.84 E144.01911
G1 X91.344 Y117.662 E144.06889
G1 X102.338 Y128.656 E145.01047
G1 X101.516 Y128.656 E145.06025
G1 X91.344 Y118.484 E145.93143
G1 X91.344 Y119.307 E145.98127
G1 X100.693 Y128.656 E146.78196
G1 X99.871 Y128.656 E146.83174
M73 P57 R45
G1 X91.344 Y120.129 E147.56203
G1 X91.344 Y120.952 E147.61187
G1 X99.048 Y128.656 E148.27168
G1 X98.226 Y128.656 E148.32146
G1 X91.344 Y121.774 E148.91087
G1 X91.344 Y122.597 E148.96071
G1 X97.403 Y128.656 E149.47963
G1 X96.581 Y128.656 E149.52941
G1 X91.344 Y123.419 E149.97793
G1 X91.344 Y124.241 E150.02771
G1 X95.759 Y128.656 E150.40583
G1 X94.936 Y128.656 E150.45567
G1 X91.344 Y125.064 E150.76331
G1 X91.344 Y125.886 E150.81309
G1 X94.114 Y128.656 E151.05033
G1 X93.291 Y128.656 E151.10017
G1 X91.344 Y126.709 E151.26692
M73 Q57 S46
G1 X91.344 Y127.531 E151.3167
G1 X92.469 Y128.656 E151.41305
G1 X91.646 Y128.656 E151.46289
G1 X91.161 Y128.17 E151.50447
;LAYER_CHANGE
;Z:23.9
;HEIGHT:0.199999
G1 E149.50447 F2400
G92 E0
G1 Z23.9 F7800
G1 X128.961 Y128.961
G1 E2 F2400
;TYPE:Perimeter
;WIDTH:0.449999
G1 F3254
G1 X91.039 Y128.961 E3.28361
G1 X91.039 Y91.039 E4.56722
G1 X128.961 Y91.039 E5.85083
G1 X128.961 Y128.901 E7.13241
M73 Q58 S46
G1 X129.368 Y129.368 F7800
M73 P58 R45
G1 F3254
G1 X90.632 Y129.368 E8.44358
G1 X90.632 Y90.632 E9.75475
G1 X129.368 Y90.632 E11.06592
G1 X129.368 Y129.308 E12.37505
G1 X129.775 Y129.775 F7800
;TYPE:External perimeter
G1 F2400
G1 X90.225 Y129.775 E13.71377
G1 X90.225 Y90.225 E15.05249
G1 X129.775 Y90.225 E16.39121
G1 X129.775 Y129.715 E17.7279
G1 X129.379 Y129.774 F7800
;LAYER_CHANGE
;Z:24.1
;HEIGHT:0.200001
G1 Z24.1 F7800
G1 X128.961 Y128.961
;TYPE:Perimeter
G1 F4800
G1 X91.039 Y128.961 E19.01151
G1 X91.039 Y91.039 E20.29512
G1 X128.961 Y91.039 E21.57873
G1 X128.961 Y128.901 E22.86031
G1 X129.368 Y129.368 F7800
G1 F4800
G1 X90.632 Y129.368 E24.17148
G1 X90.632 Y90.632 E25.48265
G1 X129.368 Y90.632 E26.79382
G1 X129.368 Y129.308 E28.10295
G1 X129.775 Y129.775 F7800
;TYPE:External perimeter
G1 F2400
G1 X90.225 Y129.775 E29.44167
G1 X90.225 Y90.225 E30.78039
G1 X129.775 Y90.225 E32.11911
G1 X129.775 Y129.715 E33.4558
G1 X129.379 Y129.774 F7800
G1 X128.17 Y128.839
;TYPE:Internal infill
;WIDTH:0.45
;HEIGHT:0.4
G1 F4800
G1 X128.656 Y128.354 E33.49738
G1 X128.656 Y127.531 E33.54722
G1 X127.531 Y128.656 E33.64357
G1 X126.709 Y128.656 E33.69335
G1 X128.656 Y126.709 E33.8601
G1 X128.656 Y125.886 E33.90994
G1 X125.886 Y128.656 E34.14718
G1 X125.064 Y128.656 E34.19696
G1 X128.656 Y125.064 E34.5046
G1 X128.656 Y124.241 E34.55444
G1 X124.241 Y128.656 E34.93256
G1 X123.419 Y128.656 E34.98234
G1 X128.656 Y123.419 E35.43086
G1 X128.656 Y122.597 E35.48064
G1 X122.597 Y128.656 E35.99956
G1 X121.774 Y128.656 E36.0494
G1 X128.656 Y121.774 E36.63881
G1 X128.656 Y120.952 E36.68859
G1 X120.952 Y128.656 E37.3484
G1 X120.129 Y128.656 E37.39824
G1 X128.656 Y120.129 E38.12853
G1 X128.656 Y119.307 E38.17831
G1 X119.307 Y128.656 E38.979
G1 X118.484 Y128.656 E39.02884
G1 X128.656 Y118.484 E39.90002
G1 X128.656 Y117.662 E39.9498
G1 X117.662 Y128.656 E40.89138
G1 X116.84 Y128.656 E40.94116
G1 X128.656 Y116.84 E41.95314
G1 X128.656 Y116.017 E42.00298
G1 X116.017 Y128.656 E43.08544
G1 X115.195 Y128.656 E43.13522
G1 X128.656 Y115.195 E44.28808
G1 X128.656 Y114.372 E44.33792
G1 X114.372 Y128.656 E45.56127
G1 X113.55 Y128.656 E45.61105
G1 X128.656 Y113.55 E46.9048
G1 X128.656 Y112.728 E46.95458
G1 X112.728 Y128.656 E48.31873
G1 X111.905 Y128.656 E48.36857
G1 X128.656 Y111.905 E49.8032
G1 X128.656 Y111.083 E49.85298
G1 X111.083 Y128.656 E51.35801
G1 X110.26 Y128.656 E51.40785
G1 X128.656 Y110.26 E52.98337
G1 X128.656 Y109.438 E53.03315
G1 X109.438 Y128.656 E54.67907
G1 X108.615 Y128.656 E54.72891
G1 X128.656 Y108.615 E56.44531
G1 X128.656 Y107.793 E56.49509
G1 X107.793 Y128.656 E58.28189
G1 X106.971 Y128.656 E58.33167
G1 X128.656 Y106.971 E60.18887
G1 X128.656 Y106.148 E60.23871
G1 X106.148 Y128.656 E62.1664
G1 X105.326 Y128.656 E62.21618
G1 X128.656 Y105.326 E64.21427
G1 X128.656 Y104.503 E64.26411
G1 X104.503 Y128.656 E66.33269
G1 X103.681 Y128.656 E66.38247
G1 X128.656 Y103.681 E68.52145
G1 X128.656 Y102.858 E68.57129
G1 X102.858 Y128.656 E70.78075
G1 X102.036 Y128.656 E70.83053
G1 X128.656 Y102.036 E73.11039
G1 X128.656 Y101.214 E73.16017
G1 X101.214 Y128.656 E75.51043
G1 X100.391 Y128.656 E75.56027
G1 X128.656 Y100.391 E77.98102
G1 X128.656 Y99.569 E78.0308
G1 X99.569 Y128.656 E80.52195
G1 X98.746 Y128.656 E80.57179
G1 X128.656 Y98.746 E83.13342
G1 X128.656 Y97.924 E83.1832
G1 X97.924 Y128.656 E85.81523
G1 X97.101 Y128.656 E85.86507
G1 X128.656 Y97.101 E88.56759
G1 X128.656 Y96.279 E88.61737
G1 X96.279 Y128.656 E91.39029
G1 X95.457 Y128.656 E91.44007
G1 X128.656 Y95.457 E94.28339
G1 X128.656 Y94.634 E94.33323
G1 X94.634 Y128.656 E97.24703
G1 X93.812 Y128.656 E97.29681
G1 X128.656 Y93.812 E100.28101
G1 X128.656 Y92.989 E100.33085
G1 X92.989 Y128.656 E103.38554
G1 X92.167 Y128.656 E103.43532
G1 X128.656 Y92.167 E106.56041
G1 X128.656 Y91.344 E106.61025
G1 X91.344 Y128.656 E109.80582
G1 X91.344 Y127.833 E109.85566
G1 X127.833 Y91.344 E112.98075
G1 X127.011 Y91.344 E113.03053
G1 X91.344 Y127.011 E116.08522
G1 X91.344 Y126.188 E116.13506
G1 X126.188 Y91.344 E119.11926
G1 X125.366 Y91.344 E119.16904
G1 X91.344 Y125.366 E122.08284
G1 X91.344 Y124.543 E122.13268
G1 X124.543 Y91.344 E124.976
G1 X123.721 Y91.344 E125.02578
G1 X91.344 Y123.721 E127.7987
G1 X91.344 Y122.899 E127.84848
G1 X122.899 Y91.344 E130.551
G1 X122.076 Y91.344 E130.60084
G1 X91.344 Y122.076 E133.23287
G1 X91.344 Y121.254 E133.28265
G1 X121.254 Y91.344 E135.84428
G1 X120.431 Y91.344 E135.89412
G1 X91.344 Y120.431 E138.38527
G1 X91.344 Y119.609 E138.43505
G1 X119.609 Y91.344 E140.8558
G1 X118.786 Y91.344 E140.90564
G1 X91.344 Y118.786 E143.2559
G1 X91.344 Y117.964 E143.30568
G1 X117.964 Y91.344 E145.58554
G1 X117.142 Y91.344 E145.63532
G1 X91.344 Y117.142 E147.84478
G1 X91.344 Y116.319 E147.89462
G1 X116.319 Y91.344 E150.0336
G1 X115.497 Y91.344 E150.08338
G1 X91.344 Y115.497 E152.15196
G1 X91.344 Y114.674 E152.2018
G1 X114.674 Y91.344 E154.19989
G1 X113.852 Y91.344 E154.24967
G1 X91.344 Y113.852 E156.17736
G1 X91.344 Y113.029 E156.2272
G1 X113.029 Y91.344 E158.0844
G1 X112.207 Y91.344 E158.13418
G1 X91.344 Y112.207 E159.92098
G1 X91.344 Y111.385 E159.97076
G1 X111.385 Y91.344 E161.68716
G1 X110.562 Y91.344 E161.737
G1 X91.344 Y110.562 E163.38292
G1 X91.344 Y109.74 E163.4327
G1 X109.74 Y91.344 E165.00822
G1 X108.917 Y91.344 E165.05806
G1 X91.344 Y108.917 E166.56309
G1 X91.344 Y108.095 E166.61287
G1 X108.095 Y91.344 E168.0475
G1 X107.272 Y91.344 E168.09734
G1 X91.344 Y107.272 E169.46149
G1 X91.344 Y106.45 E169.51127
G1 X106.45 Y91.344 E170.80502
G1 X105.628 Y91.344 E170.8548
G1 X91.344 Y105.628 E172.07815
G1 X91.344 Y104.805 E172.12799
G1 X104.805 Y91.344 E173.28085
G1 X103.983 Y91.344 E173.33063
G1 X91.344 Y103.983 E174.41309
G1 X91.344 Y103.16 E174.46293
G1 X103.16 Y91.344 E175.47491
G1 X102.338 Y91.344 E175.52469
G1 X91.344 Y102.338 E176.46627
G1 X91.344 Y101.516 E176.51605
G1 X101.516 Y91.344 E177.38723
G1 X100.693 Y91.344 E177.43707
G1 X91.344 Y100.693 E178.23776
G1 X91.344 Y99.871 E178.28754
G1 X99.871 Y91.344 E179.01783
G1 X99.048 Y91.344 E179.06767
G1 X91.344 Y99.048 E179.72748
G1 X91.344 Y98.226 E179.77726
G1 X98.226 Y91.344 E180.36667
G1 X97.403 Y91.344 E180.41651
G1 X91.344 Y97.403 E180.93543
G1 X91.344 Y96.581 E180.98521
G1 X96.581 Y91.344 E181.43373
G1 X95.759 Y91.344 E181.48351
G1 X91.344 Y95.759 E181.86163
G1 X91.344 Y94.936 E181.91147
G1 X94.936 Y91.344 E182.21911
G1 X94.114 Y91.344 E182.26889
G1 X91.344 Y94.114 E182.50613
G1 X91.344 Y93.291 E182.55597
G1 X93.291 Y91.344 E182.72272
G1 X92.469 Y91.344 E182.7725
G1 X91.344 Y92.469 E182.86885
G1 X91.344 Y91.646 E182.91869
G1 X91.83 Y91.161 E182.96027
;LAYER_CHANGE
;Z:24.3
;HEIGHT:0.199999
G1 E180.96027 F2400
G92 E0
G1 Z24.3 F7800
G1 X128.961 Y128.961
G1 E2 F2400
;TYPE:Perimeter
;WIDTH:0.449999
G1 F3323
G1 X91.039 Y128.961 E3.28361
G1 X91.039 Y91.039 E4.56722
G1 X128.961 Y91.039 E5.85083
G1 X128.961 Y128.901 E7.13241
G1 X129.368 Y129.368 F7800
M73 P58 R44
M73 Q58 S45
G1 F3323
G1 X90.632 Y129.368 E8.44358
G1 X90.632 Y90.632 E9.75475
G1 X129.368 Y90.632 E11.06592
G1 X129.368 Y129.308 E12.37505
G1 X129.775 Y129.775 F7800
;TYPE:External perimeter
G1 F2400
G1 X90.225 Y129.775 E13.71377
G1 X90.225 Y90.225 E15.05249
G1 X129.775 Y90.225 E16.39121
G1 X129.775 Y129.715 E17.7279
G1 X129.379 Y129.774 F7800
;LAYER_CHANGE
;Z:24.5
;HEIGHT:0.200001
G1 Z24.5 F7800
G1 X128.961 Y128.961
;TYPE:Perimeter
G1 F4800
G1 X91.039 Y128.961 E19.01151
G1 X91.039 Y91.039 E20.29512
G1 X128.961 Y91.039 E21.57873
G1 X128.961 Y128.901 E22.86031
G1 X129.368 Y129.368 F7800
M73 Q59 S45
G1 F4800
G1 X90.632 Y129.368 E24.17148
G1 X90.632 Y90.632 E25.48265
G1 X129.368 Y90.632 E26.79382
M73 P59 R44
G1 X129.368 Y129.308 E28.10295
G1 X129.775 Y129.775 F7800
;TYPE:External perimeter
G1 F2400
G1 X90.225 Y129.775 E29.44167
G1 X90.225 Y90.225 E30.78039
G1 X129.775 Y90.225 E32.11911
G1 X129.775 Y129.715 E33.4558
G1 X129.379 Y129.774 F7800
G1 E31.4558 F2400
G92 E0
G1 X128.839 Y91.83 F7800
G1 E2 F2400
;TYPE:Internal infill
;WIDTH:0.45
;HEIGHT:0.4
G1 F4800
G1 X128.354 Y91.344 E2.04158
G1 X127.531 Y91.344 E2.09142
G1 X128.656 Y92.469 E2.18777
G1 X128.656 Y93.291 E2.23755
G1 X126.709 Y91.344 E2.4043
G1 X125.886 Y91.344 E2.45414
G1 X128.656 Y94.114 E2.69138
G1 X128.656 Y94.936 E2.74116
G1 X125.064 Y91.344 E3.0488
G1 X124.241 Y91.344 E3.09864
G1 X128.656 Y95.759 E3.47676
G1 X128.656 Y96.581 E3.52654
G1 X123.419 Y91.344 E3.97506
G1 X122.597 Y91.344 E4.02484
G1 X128.656 Y97.403 E4.54376
G1 X128.656 Y98.226 E4.5936
G1 X121.774 Y91.344 E5.18301
G1 X120.952 Y91.344 E5.23279
G1 X128.656 Y99.048 E5.8926
G1 X128.656 Y99.871 E5.94244
G1 X120.129 Y91.344 E6.67273
G1 X119.307 Y91.344 E6.72251
G1 X128.656 Y100.693 E7.5232
G1 X128.656 Y101.516 E7.57304
G1 X118.484 Y91.344 E8.44422
G1 X117.662 Y91.344 E8.494
G1 X128.656 Y102.338 E9.43558
G1 X128.656 Y103.16 E9.48536
G1 X116.84 Y91.344 E10.49734
G1 X116.017 Y91.344 E10.54718
G1 X128.656 Y103.983 E11.62964
G1 X128.656 Y104.805 E11.67942
G1 X115.195 Y91.344 E12.83228
G1 X114.372 Y91.344 E12.88212
G1 X128.656 Y105.628 E14.10547
G1 X128.656 Y106.45 E14.15525
G1 X113.55 Y91.344 E15.449
G1 X112.728 Y91.344 E15.49878
G1 X128.656 Y107.272 E16.86293
G1 X128.656 Y108.095 E16.91277
G1 X111.905 Y91.344 E18.3474
G1 X111.083 Y91.344 E18.39718
G1 X128.656 Y108.917 E19.90221
G1 X128.656 Y109.74 E19.95205
G1 X110.26 Y91.344 E21.52757
G1 X109.438 Y91.344 E21.57735
G1 X128.656 Y110.562 E23.22327
G1 X128.656 Y111.385 E23.27311
G1 X108.615 Y91.344 E24.98951
G1 X107.793 Y91.344 E25.03929
G1 X128.656 Y112.207 E26.82609
G1 X128.656 Y113.029 E26.87587
G1 X106.971 Y91.344 E28.73307
G1 X106.148 Y91.344 E28.78291
G1 X128.656 Y113.852 E30.7106
G1 X128.656 Y114.674 E30.76038
G1 X105.326 Y91.344 E32.75847
G1 X104.503 Y91.344 E32.80831
G1 X128.656 Y115.497 E34.87689
G1 X128.656 Y116.319 E34.92667
G1 X103.681 Y91.344 E37.06565
G1 X102.858 Y91.344 E37.11549
G1 X128.656 Y117.142 E39.32495
G1 X128.656 Y117.964 E39.37473
G1 X102.036 Y91.344 E41.65459
G1 X101.214 Y91.344 E41.70437
G1 X128.656 Y118.786 E44.05463
G1 X128.656 Y119.609 E44.10447
G1 X100.391 Y91.344 E46.52522
G1 X99.569 Y91.344 E46.575
G1 X128.656 Y120.431 E49.06615
G1 X128.656 Y121.254 E49.11599
G1 X98.746 Y91.344 E51.67762
G1 X97.924 Y91.344 E51.7274
G1 X128.656 Y122.076 E54.35943
G1 X128.656 Y122.899 E54.40927
G1 X97.101 Y91.344 E57.11179
G1 X96.279 Y91.344 E57.16157
G1 X128.656 Y123.721 E59.93449
G1 X128.656 Y124.543 E59.98427
G1 X95.457 Y91.344 E62.82759
G1 X94.634 Y91.344 E62.87743
G1 X128.656 Y125.366 E65.79123
G1 X128.656 Y126.188 E65.84101
G1 X93.812 Y91.344 E68.82521
G1 X92.989 Y91.344 E68.87505
G1 X128.656 Y127.011 E71.92974
G1 X128.656 Y127.833 E71.97952
G1 X92.167 Y91.344 E75.10461
G1 X91.344 Y91.344 E75.15445
G1 X128.656 Y128.656 E78.35002
G1 X127.833 Y128.656 E78.39986
G1 X91.344 Y92.167 E81.52495
G1 X91.344 Y92.989 E81.57473
G1 X127.011 Y128.656 E84.62942
G1 X126.188 Y128.656 E84.67926
G1 X91.344 Y93.812 E87.66346
G1 X91.344 Y94.634 E87.71324
G1 X125.366 Y128.656 E90.62704
G1 X124.543 Y128.656 E90.67688
G1 X91.344 Y95.457 E93.5202
G1 X91.344 Y96.279 E93.56998
G1 X123.721 Y128.656 E96.3429
G1 X122.899 Y128.656 E96.39268
G1 X91.344 Y97.101 E99.0952
G1 X91.344 Y97.924 E99.14504
G1 X122.076 Y128.656 E101.77707
G1 X121.254 Y128.656 E101.82685
G1 X91.344 Y98.746 E104.38848
G1 X91.344 Y99.569 E104.43832
G1 X120.431 Y128.656 E106.92947
G1 X119.609 Y128.656 E106.97925
G1 X91.344 Y100.391 E109.4
G1 X91.344 Y101.214 E109.44984
G1 X118.786 Y128.656 E111.8001
G1 X117.964 Y128.656 E111.84988
G1 X91.344 Y102.036 E114.12974
G1 X91.344 Y102.858 E114.17952
G1 X117.142 Y128.656 E116.38898
G1 X116.319 Y128.656 E116.43882
G1 X91.344 Y103.681 E118.5778
G1 X91.344 Y104.503 E118.62758
G1 X115.497 Y128.656 E120.69616
G1 X114.674 Y128.656 E120.746
G1 X91.344 Y105.326 E122.74409
G1 X91.344 Y106.148 E122.79387
G1 X113.852 Y128.656 E124.72156
G1 X113.029 Y128.656 E124.7714
G1 X91.344 Y106.971 E126.6286
G1 X91.344 Y107.793 E126.67838
G1 X112.207 Y128.656 E128.46518
G1 X111.385 Y128.656 E128.51496
G1 X91.344 Y108.615 E130.23136
G1 X91.344 Y109.438 E130.2812
G1 X110.562 Y128.656 E131.92712
G1 X109.74 Y128.656 E131.9769
G1 X91.344 Y110.26 E133.55242
G1 X91.344 Y111.083 E133.60226
G1 X108.917 Y128.656 E135.10729
G1 X108.095 Y128.656 E135.15707
G1 X91.344 Y111.905 E136.5917
G1 X91.344 Y112.728 E136.64154
G1 X107.272 Y128.656 E138.00569
G1 X106.45 Y128.656 E138.05547
G1 X91.344 Y113.55 E139.34922
G1 X91.344 Y114.372 E139.399
G1 X105.628 Y128.656 E140.62235
G1 X104.805 Y128.656 E140.67219
G1 X91.344 Y115.195 E141.82505
G1 X91.344 Y116.017 E141.87483
G1 X103.983 Y128.656 E142.95729
G1 X103.16 Y128.656 E143.00713
G1 X91.344 Y116.84 E144.01911
G1 X91.344 Y117.662 E144.06889
G1 X102.338 Y128.656 E145.01047
G1 X101.516 Y128.656 E145.06025
G1 X91.344 Y118.484 E145.93143
G1 X91.344 Y119.307 E145.98127
G1 X100.693 Y128.656 E146.78196
G1 X99.871 Y128.656 E146.83174
G1 X91.344 Y120.129 E147.56203
G1 X91.344 Y120.952 E147.61187
G1 X99.048 Y128.656 E148.27168
G1 X98.226 Y128.656 E148.32146
G1 X91.344 Y121.774 E148.91087
G1 X91.344 Y122.597 E148.96071
G1 X97.403 Y128.656 E149.47963
G1 X96.581 Y128.656 E149.52941
G1 X91.344 Y123.419 E149.97793
G1 X91.344 Y124.241 E150.02771
G1 X95.759 Y128.656 E150.40583
G1 X94.936 Y128.656 E150.45567
G1 X91.344 Y125.064 E150.76331
G1 X91.344 Y125.886 E150.81309
G1 X94.114 Y128.656 E151.05033
G1 X93.291 Y128.656 E151.10017
G1 X91.344 Y126.709 E151.26692
G1 X91.344 Y127.531 E151.3167
G1 X92.469 Y128.656 E151.41305
G1 X91.646 Y128.656 E151.46289
G1 X91.161 Y128.17 E151.50447
;LAYER_CHANGE
;Z:24.7
;HEIGHT:0.200001
G1 E149.50447 F2400
G92 E0
G1 Z24.7 F7800
G1 X128.961 Y128.961
G1 E2 F2400
;TYPE:Perimeter
;WIDTH:0.449999
G1 F3254
G1 X91.039 Y128.961 E3.28361
G1 X91.039 Y91.039 E4.56722
G1 X128.961 Y91.039 E5.85083
G1 X128.961 Y128.901 E7.13241
G1 X129.368 Y129.368 F7800
G1 F3254
G1 X90.632 Y129.368 E8.44358
G1 X90.632 Y90.632 E9.75475
G1 X129.368 Y90.632 E11.06592
G1 X129.368 Y129.308 E12.37505
M73 Q59 S44
G1 X129.775 Y129.775 F7800
;TYPE:External perimeter
G1 F2400
G1 X90.225 Y129.775 E13.71377
G1 X90.225 Y90.225 E15.05249
M73 P59 R43
G1 X129.775 Y90.225 E16.39121
G1 X129.775 Y129.715 E17.7279
G1 X129.379 Y129.774 F7800
;LAYER_CHANGE
;Z:24.9
;HEIGHT:0.199999
G1 Z24.9 F7800
G1 X128.961 Y128.961
;TYPE:Perimeter
G1 F4800
G1 X91.039 Y128.961 E19.01151
G1 X91.039 Y91.039 E20.29512
G1 X128.961 Y91.039 E21.57873
G1 X128.961 Y128.901 E22.86031
G1 X129.368 Y129.368 F7800
G1 F4800
G1 X90.632 Y129.368 E24.17148
G1 X90.632 Y90.632 E25.48265
G1 X129.368 Y90.632 E26.79382
G1 X129.368 Y129.308 E28.10295
G1 X129.775 Y129.775 F7800
;TYPE:External perimeter
G1 F2400
G1 X90.225 Y129.775 E29.44167
G1 X90.225 Y90.225 E30.78039
G1 X129.775 Y90.225 E32.11911
G1 X129.775 Y129.715 E33.4558
G1 X129.379 Y129.774 F7800
G1 X128.17 Y128.839
;TYPE:Internal infill
;WIDTH:0.45
;HEIGHT:0.4
G1 F4800
G1 X128.656 Y128.354 E33.49738
G1 X128.656 Y127.531 E33.54722
G1 X127.531 Y128.656 E33.64357
G1 X126.709 Y128.656 E33.69335
G1 X128.656 Y126.709 E33.8601
G1 X128.656 Y125.886 E33.90994
G1 X125.886 Y128.656 E34.14718
G1 X125.064 Y128.656 E34.19696
G1 X128.656 Y125.064 E34.5046
G1 X128.656 Y124.241 E34.55444
G1 X124.241 Y128.656 E34.93256
G1 X123.419 Y128.656 E34.98234
G1 X128.656 Y123.419 E35.43086
G1 X128.656 Y122.597 E35.48064
G1 X122.597 Y128.656 E35.99956
G1 X121.774 Y128.656 E36.0494
G1 X128.656 Y121.774 E36.63881
G1 X128.656 Y120.952 E36.68859
G1 X120.952 Y128.656 E37.3484
G1 X120.129 Y128.656 E37.39824
G1 X128.656 Y120.129 E38.12853
G1 X128.656 Y119.307 E38.17831
G1 X119.307 Y128.656 E38.979
G1 X118.484 Y128.656 E39.02884
G1 X128.656 Y118.484 E39.90002
G1 X128.656 Y117.662 E39.9498
G1 X117.662 Y128.656 E40.89138
G1 X116.84 Y128.656 E40.94116
G1 X128.656 Y116.84 E41.95314
G1 X128.656 Y116.017 E42.00298
G1 X116.017 Y128.656 E43.08544
G1 X115.195 Y128.656 E43.13522
G1 X128.656 Y115.195 E44.28808
M73 Q60 S44
G1 X128.656 Y114.372 E44.33792
G1 X114.372 Y128.656 E45.56127
G1 X113.55 Y128.656 E45.61105
G1 X128.656 Y113.55 E46.9048
G1 X128.656 Y112.728 E46.95458
G1 X112.728 Y128.656 E48.31873
G1 X111.905 Y128.656 E48.36857
M73 P60 R43
G1 X128.656 Y111.905 E49.8032
G1 X128.656 Y111.083 E49.85298
G1 X111.083 Y128.656 E51.35801
G1 X110.26 Y128.656 E51.40785
G1 X128.656 Y110.26 E52.98337
G1 X128.656 Y109.438 E53.03315
G1 X109.438 Y128.656 E54.67907
G1 X108.615 Y128.656 E54.72891
G1 X128.656 Y108.615 E56.44531
G1 X128.656 Y107.793 E56.49509
G1 X107.793 Y128.656 E58.28189
G1 X106.971 Y128.656 E58.33167
G1 X128.656 Y106.971 E60.18887
G1 X128.656 Y106.148 E60.23871
G1 X106.148 Y128.656 E62.1664
G1 X105.326 Y128.656 E62.21618
G1 X128.656 Y105.326 E64.21427
G1 X128.656 Y104.503 E64.26411
G1 X104.503 Y128.656 E66.33269
G1 X103.681 Y128.656 E66.38247
G1 X128.656 Y103.681 E68.52145
G1 X128.656 Y102.858 E68.57129
G1 X102.858 Y128.656 E70.78075
G1 X102.036 Y128.656 E70.83053
G1 X128.656 Y102.036 E73.11039
G1 X128.656 Y101.214 E73.16017
G1 X101.214 Y128.656 E75.51043
G1 X100.391 Y128.656 E75.56027
G1 X128.656 Y100.391 E77.98102
G1 X128.656 Y99.569 E78.0308
G1 X99.569 Y128.656 E80.52195
G1 X98.746 Y128.656 E80.57179
G1 X128.656 Y98.746 E83.13342
G1 X128.656 Y97.924 E83.1832
G1 X97.924 Y128.656 E85.81523
G1 X97.101 Y128.656 E85.86507
G1 X128.656 Y97.101 E88.56759
G1 X128.656 Y96.279 E88.61737
G1 X96.279 Y128.656 E91.39029
G1 X95.457 Y128.656 E91.44007
G1 X128.656 Y95.457 E94.28339
G1 X128.656 Y94.634 E94.33323
G1 X94.634 Y128.656 E97.24703
G1 X93.812 Y128.656 E97.29681
G1 X128.656 Y93.812 E100.28101
G1 X128.656 Y92.989 E100.33085
G1 X92.989 Y128.656 E103.38554
G1 X92.167 Y128.656 E103.43532
G1 X128.656 Y92.167 E106.56041
G1 X128.656 Y91.344 E106.61025
G1 X91.344 Y128.656 E109.80582
G1 X91.344 Y127.833 E109.85566
G1 X127.833 Y91.344 E112.98075
G1 X127.011 Y91.344 E113.03053
G1 X91.344 Y127.011 E116.08522
G1 X91.344 Y126.188 E116.13506
G1 X126.188 Y91.344 E119.11926
G1 X125.366 Y91.344 E119.16904
G1 X91.344 Y125.366 E122.08284
G1 X91.344 Y124.543 E122.13268
G1 X124.543 Y91.344 E124.976
G1 X123.721 Y91.344 E125.02578
G1 X91.344 Y123.721 E127.7987
G1 X91.344 Y122.899 E127.84848
G1 X122.899 Y91.344 E130.551
G1 X122.076 Y91.344 E130.60084
G1 X91.344 Y122.076 E133.23287
G1 X91.344 Y121.254 E133.28265
G1 X121.254 Y91.344 E135.84428
G1 X120.431 Y91.344 E135.89412
G1 X91.344 Y120.431 E138.38527
G1 X91.344 Y119.609 E138.43505
G1 X119.609 Y91.344 E140.8558
G1 X118.786 Y91.344 E140.90564
G1 X91.344 Y118.786 E143.2559
G1 X91.344 Y117.964 E143.30568
G1 X117.964 Y91.344 E145.58554
G1 X117.142 Y91.344 E145.63532
G1 X91.344 Y117.142 E147.84478
G1 X91.344 Y116.319 E147.89462
G1 X116.319 Y91.344 E150.0336
G1 X115.497 Y91.344 E150.08338
G1 X91.344 Y115.497 E152.15196
G1 X91.344 Y114.674 E152.2018
G1 X114.674 Y91.344 E154.19989
G1 X113.852 Y91.344 E154.24967
G1 X91.344 Y113.852 E156.17736
G1 X91.344 Y113.029 E156.2272
G1 X113.029 Y91.344 E158.0844
G1 X112.207 Y91.344 E158.13418
G1 X91.344 Y112.207 E159.92098
G1 X91.344 Y111.385 E159.97076
G1 X111.385 Y91.344 E161.68716
G1 X110.562 Y91.344 E161.737
G1 X91.344 Y110.562 E163.38292
G1 X91.344 Y109.74 E163.4327
G1 X109.74 Y91.344 E165.00822
G1 X108.917 Y91.344 E165.05806
G1 X91.344 Y108.917 E166.56309
G1 X91.344 Y108.095 E166.61287
G1 X108.095 Y91.344 E168.0475
G1 X107.272 Y91.344 E168.09734
G1 X91.344 Y107.272 E169.46149
G1 X91.344 Y106.45 E169.51127
G1 X106.45 Y91.344 E170.80502
G1 X105.628 Y91.344 E170.8548
G1 X91.344 Y105.628 E172.07815
G1 X91.344 Y104.805 E172.12799
G1 X104.805 Y91.344 E173.28085
G1 X103.983 Y91.344 E173.33063
G1 X91.344 Y103.983 E174.41309
G1 X91.344 Y103.16 E174.46293
G1 X103.16 Y91.344 E175.47491
G1 X102.338 Y91.344 E175.52469
G1 X91.344 Y102.338 E176.46627
G1 X91.344 Y101.516 E176.51605
G1 X101.516 Y91.344 E177.38723
G1 X100.693 Y91.344 E177.43707
G1 X91.344 Y100.693 E178.23776
G1 X91.344 Y99.871 E178.28754
G1 X99.871 Y91.344 E179.01783
G1 X99.048 Y91.344 E179.06767
G1 X91.344 Y99.048 E179.72748
G1 X91.344 Y98.226 E179.77726
G1 X98.226 Y91.344 E180.36667
G1 X97.403 Y91.344 E180.41651
G1 X91.344 Y97.403 E180.93543
G1 X91.344 Y96.581 E180.98521
G1 X96.581 Y91.344 E181.43373
G1 X95.759 Y91.344 E181.48351
G1 X91.344 Y95.759 E181.86163
G1 X91.344 Y94.936 E181.91147
G1 X94.936 Y91.344 E182.21911
G1 X94.114 Y91.344 E182.26889
G1 X91.344 Y94.114 E182.50613
G1 X91.344 Y93.291 E182.55597
G1 X93.291 Y91.344 E182.72272
G1 X92.469 Y91.344 E182.7725
G1 X91.344 Y92.469 E182.86885
G1 X91.344 Y91.646 E182.91869
G1 X91.83 Y91.161 E182.96027
;LAYER_CHANGE
;Z:25.1
;HEIGHT:0.200001
G1 E180.96027 F2400
G92 E0
G1 Z25.1 F7800
G1 X128.961 Y128.961
G1 E2 F2400
;TYPE:Perimeter
;WIDTH:0.449999
G1 F3323
G1 X91.039 Y128.961 E3.28361
G1 X91.039 Y91.039 E4.56722
G1 X128.961 Y91.039 E5.85083
G1 X128.961 Y128.901 E7.13241
G1 X129.368 Y129.368 F7800
G1 F3323
G1 X90.632 Y129.368 E8.44358
G1 X90.632 Y90.632 E9.75475
G1 X129.368 Y90.632 E11.06592
G1 X129.368 Y129.308 E12.37505
G1 X129.775 Y129.775 F7800
;TYPE:External perimeter
G1 F2400
G1 X90.225 Y129.775 E13.71377
G1 X90.225 Y90.225 E15.05249
G1 X129.775 Y90.225 E16.39121
G1 X129.775 Y129.715 E17.7279
M73 Q60 S43
G1 X129.379 Y129.774 F7800
;LAYER_CHANGE
;Z:25.3
;HEIGHT:0.199999
G1 Z25.3 F7800
G1 X128.961 Y128.961
;TYPE:Perimeter
G1 F4800
G1 X91.039 Y128.961 E19.01151
G1 X91.039 Y91.039 E20.29512
G1 X128.961 Y91.039 E21.57873
G1 X128.961 Y128.901 E22.86031
M73 P60 R42
G1 X129.368 Y129.368 F7800
G1 F4800
G1 X90.632 Y129.368 E24.17148
G1 X90.632 Y90.632 E25.48265
G1 X129.368 Y90.632 E26.79382
G1 X129.368 Y129.308 E28.10295
G1 X129.775 Y129.775 F7800
;TYPE:External perimeter
G1 F2400
G1 X90.225 Y129.775 E29.44167
G1 X90.225 Y90.225 E30.78039
G1 X129.775 Y90.225 E32.11911
G1 X129.775 Y129.715 E33.4558
G1 X129.379 Y129.774 F7800
G1 E31.4558 F2400
G92 E0
G1 X128.839 Y91.83 F7800
G1 E2 F2400
;TYPE:Internal infill
;WIDTH:0.45
;HEIGHT:0.4
G1 F4800
G1 X128.354 Y91.344 E2.04158
G1 X127.531 Y91.344 E2.09142
G1 X128.656 Y92.469 E2.18777
G1 X128.656 Y93.291 E2.23755
G1 X126.709 Y91.344 E2.4043
G1 X125.886 Y91.344 E2.45414
G1 X128.656 Y94.114 E2.69138
G1 X128.656 Y94.936 E2.74116
G1 X125.064 Y91.344 E3.0488
G1 X124.241 Y91.344 E3.09864
G1 X128.656 Y95.759 E3.47676
G1 X128.656 Y96.581 E3.52654
G1 X123.419 Y91.344 E3.97506
G1 X122.597 Y91.344 E4.02484
G1 X128.656 Y97.403 E4.54376
G1 X128.656 Y98.226 E4.5936
G1 X121.774 Y91.344 E5.18301
G1 X120.952 Y91.344 E5.23279
G1 X128.656 Y99.048 E5.8926
G1 X128.656 Y99.871 E5.94244
G1 X120.129 Y91.344 E6.67273
G1 X119.307 Y91.344 E6.72251
G1 X128.656 Y100.693 E7.5232
G1 X128.656 Y101.516 E7.57304
G1 X118.484 Y91.344 E8.44422
G1 X117.662 Y91.344 E8.494
G1 X128.656 Y102.338 E9.43558
G1 X128.656 Y103.16 E9.48536
G1 X116.84 Y91.344 E10.49734
G1 X116.017 Y91.344 E10.54718
G1 X128.656 Y103.983 E11.62964
G1 X128.656 Y104.805 E11.67942
G1 X115.195 Y91.344 E12.83228
G1 X114.372 Y91.344 E12.88212
G1 X128.656 Y105.628 E14.10547
G1 X128.656 Y106.45 E14.15525
G1 X113.55 Y91.344 E15.449
G1 X112.728 Y91.344 E15.49878
G1 X128.656 Y107.272 E16.86293
G1 X128.656 Y108.095 E16.91277
G1 X111.905 Y91.344 E18.3474
G1 X111.083 Y91.344 E18.39718
G1 X128.656 Y108.917 E19.90221
G1 X128.656 Y109.74 E19.95205
G1 X110.26 Y91.344 E21.52757
G1 X109.438 Y91.344 E21.57735
G1 X128.656 Y110.562 E23.22327
G1 X128.656 Y111.385 E23.27311
G1 X108.615 Y91.344 E24.98951
G1 X107.793 Y91.344 E25.03929
G1 X128.656 Y112.207 E26.82609
G1 X128.656 Y113.029 E26.87587
G1 X106.971 Y91.344 E28.73307
G1 X106.148 Y91.344 E28.78291
G1 X128.656 Y113.852 E30.7106
G1 X128.656 Y114.674 E30.76038
G1 X105.326 Y91.344 E32.75847
G1 X104.503 Y91.344 E32.80831
G1 X128.656 Y115.497 E34.87689
G1 X128.656 Y116.319 E34.92667
G1 X103.681 Y91.344 E37.06565
G1 X102.858 Y91.344 E37.11549
G1 X128.656 Y117.142 E39.32495
G1 X128.656 Y117.964 E39.37473
G1 X102.036 Y91.344 E41.65459
G1 X101.214 Y91.344 E41.70437
G1 X128.656 Y118.786 E44.05463
G1 X128.656 Y119.609 E44.10447
G1 X100.391 Y91.344 E46.52522
G1 X99.569 Y91.344 E46.575
G1 X128.656 Y120.431 E49.06615
G1 X128.656 Y121.254 E49.11599
G1 X98.746 Y91.344 E51.67762
G1 X97.924 Y91.344 E51.7274
M73 Q61 S43
G1 X128.656 Y122.076 E54.35943
G1 X128.656 Y122.899 E54.40927
G1 X97.101 Y91.344 E57.11179
G1 X96.279 Y91.344 E57.16157
G1 X128.656 Y123.721 E59.93449
G1 X128.656 Y124.543 E59.98427
M73 P61 R42
G1 X95.457 Y91.344 E62.82759
G1 X94.634 Y91.344 E62.87743
G1 X128.656 Y125.366 E65.79123
G1 X128.656 Y126.188 E65.84101
G1 X93.812 Y91.344 E68.82521
G1 X92.989 Y91.344 E68.87505
G1 X128.656 Y127.011 E71.92974
G1 X128.656 Y127.833 E71.97952
G1 X92.167 Y91.344 E75.10461
G1 X91.344 Y91.344 E75.15445
G1 X128.656 Y128.656 E78.35002
G1 X127.833 Y128.656 E78.39986
G1 X91.344 Y92.167 E81.52495
G1 X91.344 Y92.989 E81.57473
G1 X127.011 Y128.656 E84.62942
G1 X126.188 Y128.656 E84.67926
G1 X91.344 Y93.812 E87.66346
G1 X91.344 Y94.634 E87.71324
G1 X125.366 Y128.656 E90.62704
G1 X124.543 Y128.656 E90.67688
G1 X91.344 Y95.457 E93.5202
G1 X91.344 Y96.279 E93.56998
G1 X123.721 Y128.656 E96.3429
G1 X122.899 Y128.656 E96.39268
G1 X91.344 Y97.101 E99.0952
G1 X91.344 Y97.924 E99.14504
G1 X122.076 Y128.656 E101.77707
G1 X121.254 Y128.656 E101.82685
G1 X91.344 Y98.746 E104.38848
G1 X91.344 Y99.569 E104.43832
G1 X120.431 Y128.656 E106.92947
G1 X119.609 Y128.656 E106.97925
G1 X91.344 Y100.391 E109.4
G1 X91.344 Y101.214 E109.44984
G1 X118.786 Y128.656 E111.8001
G1 X117.964 Y128.656 E111.84988
G1 X91.344 Y102.036 E114.12974
G1 X91.344 Y102.858 E114.17952
G1 X117.142 Y128.656 E116.38898
G1 X116.319 Y128.656 E116.43882
G1 X91.344 Y103.681 E118.5778
G1 X91.344 Y104.503 E118.62758
G1 X115.497 Y128.656 E120.69616
G1 X114.674 Y128.656 E120.746
G1 X91.344 Y105.326 E122.74409
G1 X91.344 Y106.148 E122.79387
G1 X113.852 Y128.656 E124.72156
G1 X113.029 Y128.656 E124.7714
G1 X91.344 Y106.971 E126.6286
G1 X91.344 Y107.793 E126.67838
G1 X112.207 Y128.656 E128.46518
G1 X111.385 Y128.656 E128.51496
G1 X91.344 Y108.615 E130.23136
G1 X91.344 Y109.438 E130.2812
G1 X110.562 Y128.656 E131.92712
G1 X109.74 Y128.656 E131.9769
G1 X91.344 Y110.26 E133.55242
G1 X91.344 Y111.083 E133.60226
G1 X108.917 Y128.656 E135.10729
G1 X108.095 Y128.656 E135.15707
G1 X91.344 Y111.905 E136.5917
G1 X91.344 Y112.728 E136.64154
G1 X107.272 Y128.656 E138.00569
G1 X106.45 Y128.656 E138.05547
G1 X91.344 Y113.55 E139.34922
G1 X91.344 Y114.372 E139.399
G1 X105.628 Y128.656 E140.62235
G1 X104.805 Y128.656 E140.67219
G1 X91.344 Y115.195 E141.82505
G1 X91.344 Y116.017 E141.87483
G1 X103.983 Y128.656 E142.95729
G1 X103.16 Y128.656 E143.00713
G1 X91.344 Y116.84 E144.01911
G1 X91.344 Y117.662 E144.06889
G1 X102.338 Y128.656 E145.01047
G1 X101.516 Y128.656 E145.06025
G1 X91.344 Y118.484 E145.93143
G1 X91.344 Y119.307 E145.98127
G1 X100.693 Y128.656 E146.78196
G1 X99.871 Y128.656 E146.83174
G1 X91.344 Y120.129 E147.56203
G1 X91.344 Y120.952 E147.61187
G1 X99.048 Y128.656 E148.27168
G1 X98.226 Y128.656 E148.32146
G1 X91.344 Y121.774 E148.91087
G1 X91.344 Y122.597 E148.96071
G1 X97.403 Y128.656 E149.47963
G1 X96.581 Y128.656 E149.52941
G1 X91.344 Y123.419 E149.97793
G1 X91.344 Y124.241 E150.02771
G1 X95.759 Y128.656 E150.40583
G1 X94.936 Y128.656 E150.45567
G1 X91.344 Y125.064 E150.76331
G1 X91.344 Y125.886 E150.81309
G1 X94.114 Y128.656 E151.05033
G1 X93.291 Y128.656 E151.10017
G1 X91.344 Y126.709 E151.26692
G1 X91.344 Y127.531 E151.3167
G1 X92.469 Y128.656 E151.41305
G1 X91.646 Y128.656 E151.46289
G1 X91.161 Y128.17 E151.50447
;LAYER_CHANGE
;Z:25.5
;HEIGHT:0.200001
G1 E149.50447 F2400
G92 E0
G1 Z25.5 F7800
G1 X128.961 Y128.961
G1 E2 F2400
;TYPE:Perimeter
;WIDTH:0.449999
G1 F3254
G1 X91.039 Y128.961 E3.28361
G1 X91.039 Y91.039 E4.56722
G1 X128.961 Y91.039 E5.85083
G1 X128.961 Y128.901 E7.13241
G1 X129.368 Y129.368 F7800
G1 F3254
G1 X90.632 Y129.368 E8.44358
G1 X90.632 Y90.632 E9.75475
G1 X129.368 Y90.632 E11.06592
G1 X129.368 Y129.308 E12.37505
G1 X129.775 Y129.775 F7800
;TYPE:External perimeter
G1 F2400
G1 X90.225 Y129.775 E13.71377
G1 X90.225 Y90.225 E15.05249
G1 X129.775 Y90.225 E16.39121
G1 X129.775 Y129.715 E17.7279
G1 X129.379 Y129.774 F7800
;LAYER_CHANGE
;Z:25.7
;HEIGHT:0.200001
G1 Z25.7 F7800
G1 X128.961 Y128.961
;TYPE:Perimeter
G1 F4800
G1 X91.039 Y128.961 E19.01151
G1 X91.039 Y91.039 E20.29512
G1 X128.961 Y91.039 E21.57873
M73 Q61 S42
G1 X128.961 Y128.901 E22.86031
G1 X129.368 Y129.368 F7800
G1 F4800
G1 X90.632 Y129.368 E24.17148
G1 X90.632 Y90.632 E25.48265
G1 X129.368 Y90.632 E26.79382
G1 X129.368 Y129.308 E28.10295
G1 X129.775 Y129.775 F7800
;TYPE:External perimeter
G1 F2400
G1 X90.225 Y129.775 E29.44167
G1 X90.225 Y90.225 E30.78039
G1 X129.775 Y90.225 E32.11911
M73 P61 R41
G1 X129.775 Y129.715 E33.4558
G1 X129.379 Y129.774 F7800
G1 X128.17 Y128.839
;TYPE:Internal infill
;WIDTH:0.45
;HEIGHT:0.4
G1 F4800
G1 X128.656 Y128.354 E33.49738
G1 X128.656 Y127.531 E33.54722
G1 X127.531 Y128.656 E33.64357
G1 X126.709 Y128.656 E33.69335
G1 X128.656 Y126.709 E33.8601
G1 X128.656 Y125.886 E33.90994
G1 X125.886 Y128.656 E34.14718
G1 X125.064 Y128.656 E34.19696
G1 X128.656 Y125.064 E34.5046
G1 X128.656 Y124.241 E34.55444
G1 X124.241 Y128.656 E34.93256
G1 X123.419 Y128.656 E34.98234
G1 X128.656 Y123.419 E35.43086
G1 X128.656 Y122.597 E35.48064
G1 X122.597 Y128.656 E35.99956
G1 X121.774 Y128.656 E36.0494
G1 X128.656 Y121.774 E36.63881
G1 X128.656 Y120.952 E36.68859
G1 X120.952 Y128.656 E37.3484
G1 X120.129 Y128.656 E37.39824
G1 X128.656 Y120.129 E38.12853
G1 X128.656 Y119.307 E38.17831
G1 X119.307 Y128.656 E38.979
G1 X118.484 Y128.656 E39.02884
G1 X128.656 Y118.484 E39.90002
G1 X128.656 Y117.662 E39.9498
G1 X117.662 Y128.656 E40.89138
G1 X116.84 Y128.656 E40.94116
G1 X128.656 Y116.84 E41.95314
G1 X128.656 Y116.017 E42.00298
G1 X116.017 Y128.656 E43.08544
G1 X115.195 Y128.656 E43.13522
G1 X128.656 Y115.195 E44.28808
G1 X128.656 Y114.372 E44.33792
G1 X114.372 Y128.656 E45.56127
G1 X113.55 Y128.656 E45.61105
G1 X128.656 Y113.55 E46.9048
G1 X128.656 Y112.728 E46.95458
G1 X112.728 Y128.656 E48.31873
G1 X111.905 Y128.656 E48.36857
G1 X128.656 Y111.905 E49.8032
G1 X128.656 Y111.083 E49.85298
G1 X111.083 Y128.656 E51.35801
G1 X110.26 Y128.656 E51.40785
G1 X128.656 Y110.26 E52.98337
G1 X128.656 Y109.438 E53.03315
G1 X109.438 Y128.656 E54.67907
G1 X108.615 Y128.656 E54.72891
G1 X128.656 Y108.615 E56.44531
G1 X128.656 Y107.793 E56.49509
G1 X107.793 Y128.656 E58.28189
G1 X106.971 Y128.656 E58.33167
G1 X128.656 Y106.971 E60.18887
G1 X128.656 Y106.148 E60.23871
G1 X106.148 Y128.656 E62.1664
G1 X105.326 Y128.656 E62.21618
G1 X128.656 Y105.326 E64.21427
G1 X128.656 Y104.503 E64.26411
G1 X104.503 Y128.656 E66.33269
G1 X103.681 Y128.656 E66.38247
G1 X128.656 Y103.681 E68.52145
G1 X128.656 Y102.858 E68.57129
G1 X102.858 Y128.656 E70.78075
G1 X102.036 Y128.656 E70.83053
G1 X128.656 Y102.036 E73.11039
G1 X128.656 Y101.214 E73.16017
G1 X101.214 Y128.656 E75.51043
G1 X100.391 Y128.656 E75.56027
G1 X128.656 Y100.391 E77.98102
G1 X128.656 Y99.569 E78.0308
G1 X99.569 Y128.656 E80.52195
G1 X98.746 Y128.656 E80.57179
G1 X128.656 Y98.746 E83.13342
G1 X128.656 Y97.924 E83.1832
G1 X97.924 Y128.656 E85.81523
G1 X97.101 Y128.656 E85.86507
G1 X128.656 Y97.101 E88.56759
G1 X128.656 Y96.279 E88.61737
G1 X96.279 Y128.656 E91.39029
G1 X95.457 Y128.656 E91.44007
G1 X128.656 Y95.457 E94.28339
G1 X128.656 Y94.634 E94.33323
G1 X94.634 Y128.656 E97.24703
G1 X93.812 Y128.656 E97.29681
G1 X128.656 Y93.812 E100.28101
G1 X128.656 Y92.989 E100.33085
G1 X92.989 Y128.656 E103.38554
G1 X92.167 Y128.656 E103.43532
G1 X128.656 Y92.167 E106.56041
G1 X128.656 Y91.344 E106.61025
G1 X91.344 Y128.656 E109.80582
G1 X91.344 Y127.833 E109.85566
G1 X127.833 Y91.344 E112.98075
G1 X127.011 Y91.344 E113.03053
G1 X91.344 Y127.011 E116.08522
G1 X91.344 Y126.188 E116.13506
G1 X126.188 Y91.344 E119.11926
G1 X125.366 Y91.344 E119.16904
G1 X91.344 Y125.366 E122.08284
G1 X91.344 Y124.543 E122.13268
G1 X124.543 Y91.344 E124.976
G1 X123.721 Y91.344 E125.02578
G1 X91.344 Y123.721 E127.7987
G1 X91.344 Y122.899 E127.84848
M73 Q62 S42
G1 X122.899 Y91.344 E130.551
G1 X122.076 Y91.344 E130.60084
G1 X91.344 Y122.076 E133.23287
G1 X91.344 Y121.254 E133.28265
G1 X121.254 Y91.344 E135.84428
G1 X120.431 Y91.344 E135.89412
M73 P62 R41
G1 X91.344 Y120.431 E138.38527
G1 X91.344 Y119.609 E138.43505
G1 X119.609 Y91.344 E140.8558
G1 X118.786 Y91.344 E140.90564
G1 X91.344 Y118.786 E143.2559
G1 X91.344 Y117.964 E143.30568
G1 X117.964 Y91.344 E145.58554
G1 X117.142 Y91.344 E145.63532
G1 X91.344 Y117.142 E147.84478
G1 X91.344 Y116.319 E147.89462
G1 X116.319 Y91.344 E150.0336
G1 X115.497 Y91.344 E150.08338
G1 X91.344 Y115.497 E152.15196
G1 X91.344 Y114.674 E152.2018
G1 X114.674 Y91.344 E154.19989
G1 X113.852 Y91.344 E154.24967
G1 X91.344 Y113.852 E156.17736
G1 X91.344 Y113.029 E156.2272
G1 X113.029 Y91.344 E158.0844
G1 X112.207 Y91.344 E158.13418
G1 X91.344 Y112.207 E159.92098
G1 X91.344 Y111.385 E159.97076
G1 X111.385 Y91.344 E161.68716
G1 X110.562 Y91.344 E161.737
G1 X91.344 Y110.562 E163.38292
G1 X91.344 Y109.74 E163.4327
G1 X109.74 Y91.344 E165.00822
G1 X108.917 Y91.344 E165.05806
G1 X91.344 Y108.917 E166.56309
G1 X91.344 Y108.095 E166.61287
G1 X108.095 Y91.344 E168.0475
G1 X107.272 Y91.344 E168.09734
G1 X91.344 Y107.272 E169.46149
G1 X91.344 Y106.45 E169.51127
G1 X106.45 Y91.344 E170.80502
G1 X105.628 Y91.344 E170.8548
G1 X91.344 Y105.628 E172.07815
G1 X91.344 Y104.805 E172.12799
G1 X104.805 Y91.344 E173.28085
G1 X103.983 Y91.344 E173.33063
G1 X91.344 Y103.983 E174.41309
G1 X91.344 Y103.16 E174.46293
G1 X103.16 Y91.344 E175.47491
G1 X102.338 Y91.344 E175.52469
G1 X91.344 Y102.338 E176.46627
G1 X91.344 Y101.516 E176.51605
G1 X101.516 Y91.344 E177.38723
G1 X100.693 Y91.344 E177.43707
G1 X91.344 Y100.693 E178.23776
G1 X91.344 Y99.871 E178.28754
G1 X99.871 Y91.344 E179.01783
G1 X99.048 Y91.344 E179.06767
G1 X91.344 Y99.048 E179.72748
G1 X91.344 Y98.226 E179.77726
G1 X98.226 Y91.344 E180.36667
G1 X97.403 Y91.344 E180.41651
G1 X91.344 Y97.403 E180.93543
G1 X91.344 Y96.581 E180.98521
G1 X96.581 Y91.344 E181.43373
G1 X95.759 Y91.344 E181.48351
G1 X91.344 Y95.759 E181.86163
G1 X91.344 Y94.936 E181.91147
G1 X94.936 Y91.344 E182.21911
G1 X94.114 Y91.344 E182.26889
G1 X91.344 Y94.114 E182.50613
G1 X91.344 Y93.291 E182.55597
G1 X93.291 Y91.344 E182.72272
G1 X92.469 Y91.344 E182.7725
G1 X91.344 Y92.469 E182.86885
G1 X91.344 Y91.646 E182.91869
G1 X91.83 Y91.161 E182.96027
;LAYER_CHANGE
;Z:25.9
;HEIGHT:0.199999
G1 E180.96027 F2400
G92 E0
G1 Z25.9 F7800
G1 X128.961 Y128.961
G1 E2 F2400
;TYPE:Perimeter
;WIDTH:0.449999
G1 F3323
G1 X91.039 Y128.961 E3.28361
G1 X91.039 Y91.039 E4.56722
G1 X128.961 Y91.039 E5.85083
G1 X128.961 Y128.901 E7.13241
G1 X129.368 Y129.368 F7800
G1 F3323
G1 X90.632 Y129.368 E8.44358
G1 X90.632 Y90.632 E9.75475
G1 X129.368 Y90.632 E11.06592
G1 X129.368 Y129.308 E12.37505
G1 X129.775 Y129.775 F7800
;TYPE:External perimeter
G1 F2400
G1 X90.225 Y129.775 E13.71377
G1 X90.225 Y90.225 E15.05249
G1 X129.775 Y90.225 E16.39121
G1 X129.775 Y129.715 E17.7279
G1 X129.379 Y129.774 F7800
;LAYER_CHANGE
;Z:26.1
;HEIGHT:0.200001
G1 Z26.1 F7800
G1 X128.961 Y128.961
;TYPE:Perimeter
G1 F4800
G1 X91.039 Y128.961 E19.01151
G1 X91.039 Y91.039 E20.29512
G1 X128.961 Y91.039 E21.57873
G1 X128.961 Y128.901 E22.86031
G1 X129.368 Y129.368 F7800
G1 F4800
G1 X90.632 Y129.368 E24.17148
G1 X90.632 Y90.632 E25.48265
G1 X129.368 Y90.632 E26.79382
G1 X129.368 Y129.308 E28.10295
G1 X129.775 Y129.775 F7800
M73 Q62 S41
;TYPE:External perimeter
G1 F2400
G1 X90.225 Y129.775 E29.44167
G1 X90.225 Y90.225 E30.78039
G1 X129.775 Y90.225 E32.11911
G1 X129.775 Y129.715 E33.4558
G1 X129.379 Y129.774 F7800
G1 E31.4558 F2400
G92 E0
G1 X128.839 Y91.83 F7800
G1 E2 F2400
;TYPE:Internal infill
;WIDTH:0.45
;HEIGHT:0.4
G1 F4800
G1 X128.354 Y91.344 E2.04158
G1 X127.531 Y91.344 E2.09142
G1 X128.656 Y92.469 E2.18777
G1 X128.656 Y93.291 E2.23755
G1 X126.709 Y91.344 E2.4043
G1 X125.886 Y91.344 E2.45414
G1 X128.656 Y94.114 E2.69138
G1 X128.656 Y94.936 E2.74116
G1 X125.064 Y91.344 E3.0488
G1 X124.241 Y91.344 E3.09864
G1 X128.656 Y95.759 E3.47676
G1 X128.656 Y96.581 E3.52654
G1 X123.419 Y91.344 E3.97506
G1 X122.597 Y91.344 E4.02484
G1 X128.656 Y97.403 E4.54376
G1 X128.656 Y98.226 E4.5936
G1 X121.774 Y91.344 E5.18301
G1 X120.952 Y91.344 E5.23279
G1 X128.656 Y99.048 E5.8926
G1 X128.656 Y99.871 E5.94244
M73 P62 R40
G1 X120.129 Y91.344 E6.67273
G1 X119.307 Y91.344 E6.72251
G1 X128.656 Y100.693 E7.5232
G1 X128.656 Y101.516 E7.57304
G1 X118.484 Y91.344 E8.44422
G1 X117.662 Y91.344 E8.494
G1 X128.656 Y102.338 E9.43558
G1 X128.656 Y103.16 E9.48536
G1 X116.84 Y91.344 E10.49734
G1 X116.017 Y91.344 E10.54718
G1 X128.656 Y103.983 E11.62964
G1 X128.656 Y104.805 E11.67942
G1 X115.195 Y91.344 E12.83228
G1 X114.372 Y91.344 E12.88212
G1 X128.656 Y105.628 E14.10547
G1 X128.656 Y106.45 E14.15525
G1 X113.55 Y91.344 E15.449
G1 X112.728 Y91.344 E15.49878
G1 X128.656 Y107.272 E16.86293
G1 X128.656 Y108.095 E16.91277
G1 X111.905 Y91.344 E18.3474
G1 X111.083 Y91.344 E18.39718
G1 X128.656 Y108.917 E19.90221
G1 X128.656 Y109.74 E19.95205
G1 X110.26 Y91.344 E21.52757
G1 X109.438 Y91.344 E21.57735
G1 X128.656 Y110.562 E23.22327
G1 X128.656 Y111.385 E23.27311
G1 X108.615 Y91.344 E24.98951
G1 X107.793 Y91.344 E25.03929
G1 X128.656 Y112.207 E26.82609
G1 X128.656 Y113.029 E26.87587
G1 X106.971 Y91.344 E28.73307
G1 X106.148 Y91.344 E28.78291
G1 X128.656 Y113.852 E30.7106
G1 X128.656 Y114.674 E30.76038
G1 X105.326 Y91.344 E32.75847
G1 X104.503 Y91.344 E32.80831
G1 X128.656 Y115.497 E34.87689
G1 X128.656 Y116.319 E34.92667
G1 X103.681 Y91.344 E37.06565
G1 X102.858 Y91.344 E37.11549
G1 X128.656 Y117.142 E39.32495
G1 X128.656 Y117.964 E39.37473
G1 X102.036 Y91.344 E41.65459
G1 X101.214 Y91.344 E41.70437
G1 X128.656 Y118.786 E44.05463
G1 X128.656 Y119.609 E44.10447
G1 X100.391 Y91.344 E46.52522
G1 X99.569 Y91.344 E46.575
G1 X128.656 Y120.431 E49.06615
G1 X128.656 Y121.254 E49.11599
G1 X98.746 Y91.344 E51.67762
G1 X97.924 Y91.344 E51.7274
G1 X128.656 Y122.076 E54.35943
G1 X128.656 Y122.899 E54.40927
G1 X97.101 Y91.344 E57.11179
G1 X96.279 Y91.344 E57.16157
G1 X128.656 Y123.721 E59.93449
G1 X128.656 Y124.543 E59.98427
G1 X95.457 Y91.344 E62.82759
G1 X94.634 Y91.344 E62.87743
G1 X128.656 Y125.366 E65.79123
G1 X128.656 Y126.188 E65.84101
G1 X93.812 Y91.344 E68.82521
G1 X92.989 Y91.344 E68.87505
G1 X128.656 Y127.011 E71.92974
G1 X128.656 Y127.833 E71.97952
G1 X92.167 Y91.344 E75.10461
G1 X91.344 Y91.344 E75.15445
G1 X128.656 Y128.656 E78.35002
G1 X127.833 Y128.656 E78.39986
G1 X91.344 Y92.167 E81.52495
G1 X91.344 Y92.989 E81.57473
G1 X127.011 Y128.656 E84.62942
G1 X126.188 Y128.656 E84.67926
G1 X91.344 Y93.812 E87.66346
G1 X91.344 Y94.634 E87.71324
G1 X125.366 Y128.656 E90.62704
G1 X124.543 Y128.656 E90.67688
G1 X91.344 Y95.457 E93.5202
G1 X91.344 Y96.279 E93.56998
G1 X123.721 Y128.656 E96.3429
G1 X122.899 Y128.656 E96.39268
G1 X91.344 Y97.101 E99.0952
G1 X91.344 Y97.924 E99.14504
G1 X122.076 Y128.656 E101.77707
G1 X121.254 Y128.656 E101.82685
G1 X91.344 Y98.746 E104.38848
G1 X91.344 Y99.569 E104.43832
G1 X120.431 Y128.656 E106.92947
G1 X119.609 Y128.656 E106.97925
G1 X91.344 Y100.391 E109.4
G1 X91.344 Y101.214 E109.44984
G1 X118.786 Y128.656 E111.8001
G1 X117.964 Y128.656 E111.84988
G1 X91.344 Y102.036 E114.12974
G1 X91.344 Y102.858 E114.17952
G1 X117.142 Y128.656 E116.38898
G1 X116.319 Y128.656 E116.43882
G1 X91.344 Y103.681 E118.5778
G1 X91.344 Y104.503 E118.62758
G1 X115.497 Y128.656 E120.69616
G1 X114.674 Y128.656 E120.746
G1 X91.344 Y105.326 E122.74409
G1 X91.344 Y106.148 E122.79387
G1 X113.852 Y128.656 E124.72156
G1 X113.029 Y128.656 E124.7714
G1 X91.344 Y106.971 E126.6286
G1 X91.344 Y107.793 E126.67838
G1 X112.207 Y128.656 E128.46518
G1 X111.385 Y128.656 E128.51496
G1 X91.344 Y108.615 E130.23136
G1 X91.344 Y109.438 E130.2812
G1 X110.562 Y128.656 E131.92712
G1 X109.74 Y128.656 E131.9769
G1 X91.344 Y110.26 E133.55242
G1 X91.344 Y111.083 E133.60226
G1 X108.917 Y128.656 E135.10729
G1 X108.095 Y128.656 E135.15707
G1 X91.344 Y111.905 E136.5917
G1 X91.344 Y112.728 E136.64154
M73 Q63 S41
G1 X107.272 Y128.656 E138.00569
G1 X106.45 Y128.656 E138.05547
G1 X91.344 Y113.55 E139.34922
G1 X91.344 Y114.372 E139.399
G1 X105.628 Y128.656 E140.62235
G1 X104.805 Y128.656 E140.67219
G1 X91.344 Y115.195 E141.82505
G1 X91.344 Y116.017 E141.87483
G1 X103.983 Y128.656 E142.95729
G1 X103.16 Y128.656 E143.00713
G1 X91.344 Y116.84 E144.01911
G1 X91.344 Y117.662 E144.06889
M73 P63 R40
G1 X102.338 Y128.656 E145.01047
G1 X101.516 Y128.656 E145.06025
G1 X91.344 Y118.484 E145.93143
G1 X91.344 Y119.307 E145.98127
G1 X100.693 Y128.656 E146.78196
G1 X99.871 Y128.656 E146.83174
G1 X91.344 Y120.129 E147.56203
G1 X91.344 Y120.952 E147.61187
G1 X99.048 Y128.656 E148.27168
G1 X98.226 Y128.656 E148.32146
G1 X91.344 Y121.774 E148.91087
G1 X91.344 Y122.597 E148.96071
G1 X97.403 Y128.656 E149.47963
G1 X96.581 Y128.656 E149.52941
G1 X91.344 Y123.419 E149.97793
G1 X91.344 Y124.241 E150.02771
G1 X95.759 Y128.656 E150.40583
G1 X94.936 Y128.656 E150.45567
G1 X91.344 Y125.064 E150.76331
G1 X91.344 Y125.886 E150.81309
G1 X94.114 Y128.656 E151.05033
G1 X93.291 Y128.656 E151.10017
G1 X91.344 Y126.709 E151.26692
G1 X91.344 Y127.531 E151.3167
G1 X92.469 Y128.656 E151.41305
G1 X91.646 Y128.656 E151.46289
G1 X91.161 Y128.17 E151.50447
;LAYER_CHANGE
;Z:26.3
;HEIGHT:0.199999
G1 E149.50447 F2400
G92 E0
G1 Z26.3 F7800
G1 X128.961 Y128.961
G1 E2 F2400
;TYPE:Perimeter
;WIDTH:0.449999
G1 F3254
G1 X91.039 Y128.961 E3.28361
G1 X91.039 Y91.039 E4.56722
G1 X128.961 Y91.039 E5.85083
G1 X128.961 Y128.901 E7.13241
G1 X129.368 Y129.368 F7800
G1 F3254
G1 X90.632 Y129.368 E8.44358
G1 X90.632 Y90.632 E9.75475
G1 X129.368 Y90.632 E11.06592
G1 X129.368 Y129.308 E12.37505
G1 X129.775 Y129.775 F7800
;TYPE:External perimeter
G1 F2400
G1 X90.225 Y129.775 E13.71377
G1 X90.225 Y90.225 E15.05249
G1 X129.775 Y90.225 E16.39121
G1 X129.775 Y129.715 E17.7279
G1 X129.379 Y129.774 F7800
;LAYER_CHANGE
;Z:26.5
;HEIGHT:0.200001
G1 Z26.5 F7800
G1 X128.961 Y128.961
;TYPE:Perimeter
G1 F4800
G1 X91.039 Y128.961 E19.01151
G1 X91.039 Y91.039 E20.29512
G1 X128.961 Y91.039 E21.57873
G1 X128.961 Y128.901 E22.86031
G1 X129.368 Y129.368 F7800
G1 F4800
G1 X90.632 Y129.368 E24.17148
G1 X90.632 Y90.632 E25.48265
G1 X129.368 Y90.632 E26.79382
G1 X129.368 Y129.308 E28.10295
G1 X129.775 Y129.775 F7800
;TYPE:External perimeter
G1 F2400
G1 X90.225 Y129.775 E29.44167
G1 X90.225 Y90.225 E30.78039
G1 X129.775 Y90.225 E32.11911
G1 X129.775 Y129.715 E33.4558
M73 Q63 S40
G1 X129.379 Y129.774 F7800
G1 X128.17 Y128.839
;TYPE:Internal infill
;WIDTH:0.45
;HEIGHT:0.4
G1 F4800
G1 X128.656 Y128.354 E33.49738
G1 X128.656 Y127.531 E33.54722
G1 X127.531 Y128.656 E33.64357
G1 X126.709 Y128.656 E33.69335
G1 X128.656 Y126.709 E33.8601
G1 X128.656 Y125.886 E33.90994
G1 X125.886 Y128.656 E34.14718
G1 X125.064 Y128.656 E34.19696
G1 X128.656 Y125.064 E34.5046
G1 X128.656 Y124.241 E34.55444
G1 X124.241 Y128.656 E34.93256
G1 X123.419 Y128.656 E34.98234
G1 X128.656 Y123.419 E35.43086
G1 X128.656 Y122.597 E35.48064
G1 X122.597 Y128.656 E35.99956
G1 X121.774 Y128.656 E36.0494
G1 X128.656 Y121.774 E36.63881
G1 X128.656 Y120.952 E36.68859
G1 X120.952 Y128.656 E37.3484
G1 X120.129 Y128.656 E37.39824
G1 X128.656 Y120.129 E38.12853
G1 X128.656 Y119.307 E38.17831
G1 X119.307 Y128.656 E38.979
G1 X118.484 Y128.656 E39.02884
G1 X128.656 Y118.484 E39.90002
G1 X128.656 Y117.662 E39.9498
G1 X117.662 Y128.656 E40.89138
G1 X116.84 Y128.656 E40.94116
G1 X128.656 Y116.84 E41.95314
G1 X128.656 Y116.017 E42.00298
G1 X116.017 Y128.656 E43.08544
G1 X115.195 Y128.656 E43.13522
G1 X128.656 Y115.195 E44.28808
G1 X128.656 Y114.372 E44.33792
G1 X114.372 Y128.656 E45.56127
G1 X113.55 Y128.656 E45.61105
G1 X128.656 Y113.55 E46.9048
G1 X128.656 Y112.728 E46.95458
G1 X112.728 Y128.656 E48.31873
G1 X111.905 Y128.656 E48.36857
G1 X128.656 Y111.905 E49.8032
G1 X128.656 Y111.083 E49.85298
G1 X111.083 Y128.656 E51.35801
G1 X110.26 Y128.656 E51.40785
G1 X128.656 Y110.26 E52.98337
G1 X128.656 Y109.438 E53.03315
G1 X109.438 Y128.656 E54.67907
G1 X108.615 Y128.656 E54.72891
G1 X128.656 Y108.615 E56.44531
G1 X128.656 Y107.793 E56.49509
M73 P63 R39
G1 X107.793 Y128.656 E58.28189
G1 X106.971 Y128.656 E58.33167
G1 X128.656 Y106.971 E60.18887
G1 X128.656 Y106.148 E60.23871
G1 X106.148 Y128.656 E62.1664
G1 X105.326 Y128.656 E62.21618
G1 X128.656 Y105.326 E64.21427
G1 X128.656 Y104.503 E64.26411
G1 X104.503 Y128.656 E66.33269
G1 X103.681 Y128.656 E66.38247
G1 X128.656 Y103.681 E68.52145
G1 X128.656 Y102.858 E68.57129
G1 X102.858 Y128.656 E70.78075
G1 X102.036 Y128.656 E70.83053
G1 X128.656 Y102.036 E73.11039
G1 X128.656 Y101.214 E73.16017
G1 X101.214 Y128.656 E75.51043
G1 X100.391 Y128.656 E75.56027
G1 X128.656 Y100.391 E77.98102
G1 X128.656 Y99.569 E78.0308
G1 X99.569 Y128.656 E80.52195
G1 X98.746 Y128.656 E80.57179
G1 X128.656 Y98.746 E83.13342
G1 X128.656 Y97.924 E83.1832
G1 X97.924 Y128.656 E85.81523
G1 X97.101 Y128.656 E85.86507
G1 X128.656 Y97.101 E88.56759
G1 X128.656 Y96.279 E88.61737
G1 X96.279 Y128.656 E91.39029
G1 X95.457 Y128.656 E91.44007
G1 X128.656 Y95.457 E94.28339
G1 X128.656 Y94.634 E94.33323
G1 X94.634 Y128.656 E97.24703
G1 X93.812 Y128.656 E97.29681
G1 X128.656 Y93.812 E100.28101
G1 X128.656 Y92.989 E100.33085
G1 X92.989 Y128.656 E103.38554
G1 X92.167 Y128.656 E103.43532
G1 X128.656 Y92.167 E106.56041
G1 X128.656 Y91.344 E106.61025
G1 X91.344 Y128.656 E109.80582
G1 X91.344 Y127.833 E109.85566
G1 X127.833 Y91.344 E112.98075
G1 X127.011 Y91.344 E113.03053
G1 X91.344 Y127.011 E116.08522
G1 X91.344 Y126.188 E116.13506
G1 X126.188 Y91.344 E119.11926
G1 X125.366 Y91.344 E119.16904
G1 X91.344 Y125.366 E122.08284
G1 X91.344 Y124.543 E122.13268
G1 X124.543 Y91.344 E124.976
G1 X123.721 Y91.344 E125.02578
G1 X91.344 Y123.721 E127.7987
G1 X91.344 Y122.899 E127.84848
G1 X122.899 Y91.344 E130.551
G1 X122.076 Y91.344 E130.60084
G1 X91.344 Y122.076 E133.23287
G1 X91.344 Y121.254 E133.28265
G1 X121.254 Y91.344 E135.84428
G1 X120.431 Y91.344 E135.89412
G1 X91.344 Y120.431 E138.38527
G1 X91.344 Y119.609 E138.43505
G1 X119.609 Y91.344 E140.8558
G1 X118.786 Y91.344 E140.90564
G1 X91.344 Y118.786 E143.2559
G1 X91.344 Y117.964 E143.30568
G1 X117.964 Y91.344 E145.58554
G1 X117.142 Y91.344 E145.63532
G1 X91.344 Y117.142 E147.84478
G1 X91.344 Y116.319 E147.89462
G1 X116.319 Y91.344 E150.0336
G1 X115.497 Y91.344 E150.08338
G1 X91.344 Y115.497 E152.15196
G1 X91.344 Y114.674 E152.2018
G1 X114.674 Y91.344 E154.19989
G1 X113.852 Y91.344 E154.24967
G1 X91.344 Y113.852 E156.17736
G1 X91.344 Y113.029 E156.2272
G1 X113.029 Y91.344 E158.0844
G1 X112.207 Y91.344 E158.13418
G1 X91.344 Y112.207 E159.92098
G1 X91.344 Y111.385 E159.97076
G1 X111.385 Y91.344 E161.68716
G1 X110.562 Y91.344 E161.737
G1 X91.344 Y110.562 E163.38292
G1 X91.344 Y109.74 E163.4327
G1 X109.74 Y91.344 E165.00822
G1 X108.917 Y91.344 E165.05806
G1 X91.344 Y108.917 E166.56309
G1 X91.344 Y108.095 E166.61287
G1 X108.095 Y91.344 E168.0475
G1 X107.272 Y91.344 E168.09734
G1 X91.344 Y107.272 E169.46149
G1 X91.344 Y106.45 E169.51127
G1 X106.45 Y91.344 E170.80502
G1 X105.628 Y91.344 E170.8548
G1 X91.344 Y105.628 E172.07815
G1 X91.344 Y104.805 E172.12799
G1 X104.805 Y91.344 E173.28085
G1 X103.983 Y91.344 E173.33063
G1 X91.344 Y103.983 E174.41309
G1 X91.344 Y103.16 E174.46293
G1 X103.16 Y91.344 E175.47491
G1 X102.338 Y91.344 E175.52469
G1 X91.344 Y102.338 E176.46627
G1 X91.344 Y101.516 E176.51605
G1 X101.516 Y91.344 E177.38723
G1 X100.693 Y91.344 E177.43707
G1 X91.344 Y100.693 E178.23776
G1 X91.344 Y99.871 E178.28754
G1 X99.871 Y91.344 E179.01783
G1 X99.048 Y91.344 E179.06767
G1 X91.344 Y99.048 E179.72748
G1 X91.344 Y98.226 E179.77726
G1 X98.226 Y91.344 E180.36667
G1 X97.403 Y91.344 E180.41651
G1 X91.344 Y97.403 E180.93543
G1 X91.344 Y96.581 E180.98521
G1 X96.581 Y91.344 E181.43373
G1 X95.759 Y91.344 E181.48351
G1 X91.344 Y95.759 E181.86163
G1 X91.344 Y94.936 E181.91147
G1 X94.936 Y91.344 E182.21911
G1 X94.114 Y91.344 E182.26889
G1 X91.344 Y94.114 E182.50613
G1 X91.344 Y93.291 E182.55597
G1 X93.291 Y91.344 E182.72272
G1 X92.469 Y91.344 E182.7725
G1 X91.344 Y92.469 E182.86885
G1 X91.344 Y91.646 E182.91869
G1 X91.83 Y91.161 E182.96027
;LAYER_CHANGE
;Z:26.7
;HEIGHT:0.200001
G1 E180.96027 F2400
G92 E0
G1 Z26.7 F7800
G1 X128.961 Y128.961
G1 E2 F2400
;TYPE:Perimeter
;WIDTH:0.449999
G1 F3323
G1 X91.039 Y128.961 E3.28361
G1 X91.039 Y91.039 E4.56722
G1 X128.961 Y91.039 E5.85083
G1 X128.961 Y128.901 E7.13241
G1 X129.368 Y129.368 F7800
G1 F3323
G1 X90.632 Y129.368 E8.44358
G1 X90.632 Y90.632 E9.75475
G1 X129.368 Y90.632 E11.06592
G1 X129.368 Y129.308 E12.37505
M73 Q64 S40
G1 X129.775 Y129.775 F7800
;TYPE:External perimeter
G1 F2400
G1 X90.225 Y129.775 E13.71377
G1 X90.225 Y90.225 E15.05249
G1 X129.775 Y90.225 E16.39121
M73 P64 R39
G1 X129.775 Y129.715 E17.7279
G1 X129.379 Y129.774 F7800
;LAYER_CHANGE
;Z:26.9
;HEIGHT:0.199999
G1 Z26.9 F7800
G1 X128.961 Y128.961
;TYPE:Perimeter
G1 F4800
G1 X91.039 Y128.961 E19.01151
G1 X91.039 Y91.039 E20.29512
G1 X128.961 Y91.039 E21.57873
G1 X128.961 Y128.901 E22.86031
G1 X129.368 Y129.368 F7800
G1 F4800
G1 X90.632 Y129.368 E24.17148
G1 X90.632 Y90.632 E25.48265
G1 X129.368 Y90.632 E26.79382
G1 X129.368 Y129.308 E28.10295
G1 X129.775 Y129.775 F7800
;TYPE:External perimeter
G1 F2400
G1 X90.225 Y129.775 E29.44167
G1 X90.225 Y90.225 E30.78039
G1 X129.775 Y90.225 E32.11911
G1 X129.775 Y129.715 E33.4558
G1 X129.379 Y129.774 F7800
G1 E31.4558 F2400
G92 E0
G1 X128.839 Y91.83 F7800
G1 E2 F2400
;TYPE:Internal infill
;WIDTH:0.45
;HEIGHT:0.4
G1 F4800
G1 X128.354 Y91.344 E2.04158
G1 X127.531 Y91.344 E2.09142
G1 X128.656 Y92.469 E2.18777
G1 X128.656 Y93.291 E2.23755
G1 X126.709 Y91.344 E2.4043
G1 X125.886 Y91.344 E2.45414
G1 X128.656 Y94.114 E2.69138
G1 X128.656 Y94.936 E2.74116
G1 X125.064 Y91.344 E3.0488
G1 X124.241 Y91.344 E3.09864
G1 X128.656 Y95.759 E3.47676
G1 X128.656 Y96.581 E3.52654
G1 X123.419 Y91.344 E3.97506
G1 X122.597 Y91.344 E4.02484
M73 Q64 S39
G1 X128.656 Y97.403 E4.54376
G1 X128.656 Y98.226 E4.5936
G1 X121.774 Y91.344 E5.18301
G1 X120.952 Y91.344 E5.23279
G1 X128.656 Y99.048 E5.8926
G1 X128.656 Y99.871 E5.94244
G1 X120.129 Y91.344 E6.67273
G1 X119.307 Y91.344 E6.72251
G1 X128.656 Y100.693 E7.5232
G1 X128.656 Y101.516 E7.57304
G1 X118.484 Y91.344 E8.44422
G1 X117.662 Y91.344 E8.494
G1 X128.656 Y102.338 E9.43558
G1 X128.656 Y103.16 E9.48536
G1 X116.84 Y91.344 E10.49734
G1 X116.017 Y91.344 E10.54718
G1 X128.656 Y103.983 E11.62964
G1 X128.656 Y104.805 E11.67942
G1 X115.195 Y91.344 E12.83228
G1 X114.372 Y91.344 E12.88212
G1 X128.656 Y105.628 E14.10547
G1 X128.656 Y106.45 E14.15525
G1 X113.55 Y91.344 E15.449
G1 X112.728 Y91.344 E15.49878
G1 X128.656 Y107.272 E16.86293
G1 X128.656 Y108.095 E16.91277
G1 X111.905 Y91.344 E18.3474
G1 X111.083 Y91.344 E18.39718
G1 X128.656 Y108.917 E19.90221
G1 X128.656 Y109.74 E19.95205
G1 X110.26 Y91.344 E21.52757
G1 X109.438 Y91.344 E21.57735
G1 X128.656 Y110.562 E23.22327
G1 X128.656 Y111.385 E23.27311
G1 X108.615 Y91.344 E24.98951
G1 X107.793 Y91.344 E25.03929
G1 X128.656 Y112.207 E26.82609
G1 X128.656 Y113.029 E26.87587
G1 X106.971 Y91.344 E28.73307
G1 X106.148 Y91.344 E28.78291
G1 X128.656 Y113.852 E30.7106
G1 X128.656 Y114.674 E30.76038
G1 X105.326 Y91.344 E32.75847
G1 X104.503 Y91.344 E32.80831
G1 X128.656 Y115.497 E34.87689
G1 X128.656 Y116.319 E34.92667
G1 X103.681 Y91.344 E37.06565
G1 X102.858 Y91.344 E37.11549
G1 X128.656 Y117.142 E39.32495
G1 X128.656 Y117.964 E39.37473
G1 X102.036 Y91.344 E41.65459
G1 X101.214 Y91.344 E41.70437
M73 P64 R38
G1 X128.656 Y118.786 E44.05463
G1 X128.656 Y119.609 E44.10447
G1 X100.391 Y91.344 E46.52522
G1 X99.569 Y91.344 E46.575
G1 X128.656 Y120.431 E49.06615
G1 X128.656 Y121.254 E49.11599
G1 X98.746 Y91.344 E51.67762
G1 X97.924 Y91.344 E51.7274
G1 X128.656 Y122.076 E54.35943
G1 X128.656 Y122.899 E54.40927
G1 X97.101 Y91.344 E57.11179
G1 X96.279 Y91.344 E57.16157
G1 X128.656 Y123.721 E59.93449
G1 X128.656 Y124.543 E59.98427
G1 X95.457 Y91.344 E62.82759
G1 X94.634 Y91.344 E62.87743
G1 X128.656 Y125.366 E65.79123
G1 X128.656 Y126.188 E65.84101
G1 X93.812 Y91.344 E68.82521
G1 X92.989 Y91.344 E68.87505
G1 X128.656 Y127.011 E71.92974
G1 X128.656 Y127.833 E71.97952
G1 X92.167 Y91.344 E75.10461
G1 X91.344 Y91.344 E75.15445
G1 X128.656 Y128.656 E78.35002
G1 X127.833 Y128.656 E78.39986
G1 X91.344 Y92.167 E81.52495
G1 X91.344 Y92.989 E81.57473
G1 X127.011 Y128.656 E84.62942
G1 X126.188 Y128.656 E84.67926
G1 X91.344 Y93.812 E87.66346
G1 X91.344 Y94.634 E87.71324
G1 X125.366 Y128.656 E90.62704
G1 X124.543 Y128.656 E90.67688
G1 X91.344 Y95.457 E93.5202
G1 X91.344 Y96.279 E93.56998
G1 X123.721 Y128.656 E96.3429
G1 X122.899 Y128.656 E96.39268
G1 X91.344 Y97.101 E99.0952
G1 X91.344 Y97.924 E99.14504
G1 X122.076 Y128.656 E101.77707
G1 X121.254 Y128.656 E101.82685
G1 X91.344 Y98.746 E104.38848
G1 X91.344 Y99.569 E104.43832
G1 X120.431 Y128.656 E106.92947
G1 X119.609 Y128.656 E106.97925
G1 X91.344 Y100.391 E109.4
G1 X91.344 Y101.214 E109.44984
G1 X118.786 Y128.656 E111.8001
G1 X117.964 Y128.656 E111.84988
G1 X91.344 Y102.036 E114.12974
G1 X91.344 Y102.858 E114.17952
G1 X117.142 Y128.656 E116.38898
G1 X116.319 Y128.656 E116.43882
G1 X91.344 Y103.681 E118.5778
G1 X91.344 Y104.503 E118.62758
G1 X115.497 Y128.656 E120.69616
G1 X114.674 Y128.656 E120.746
G1 X91.344 Y105.326 E122.74409
G1 X91.344 Y106.148 E122.79387
G1 X113.852 Y128.656 E124.72156
G1 X113.029 Y128.656 E124.7714
G1 X91.344 Y106.971 E126.6286
G1 X91.344 Y107.793 E126.67838
G1 X112.207 Y128.656 E128.46518
G1 X111.385 Y128.656 E128.51496
G1 X91.344 Y108.615 E130.23136
G1 X91.344 Y109.438 E130.2812
G1 X110.562 Y128.656 E131.92712
G1 X109.74 Y128.656 E131.9769
G1 X91.344 Y110.26 E133.55242
G1 X91.344 Y111.083 E133.60226
G1 X108.917 Y128.656 E135.10729
G1 X108.095 Y128.656 E135.15707
G1 X91.344 Y111.905 E136.5917
G1 X91.344 Y112.728 E136.64154
G1 X107.272 Y128.656 E138.00569
G1 X106.45 Y128.656 E138.05547
G1 X91.344 Y113.55 E139.34922
G1 X91.344 Y114.372 E139.399
G1 X105.628 Y128.656 E140.62235
G1 X104.805 Y128.656 E140.67219
G1 X91.344 Y115.195 E141.82505
G1 X91.344 Y116.017 E141.87483
G1 X103.983 Y128.656 E142.95729
G1 X103.16 Y128.656 E143.00713
G1 X91.344 Y116.84 E144.01911
G1 X91.344 Y117.662 E144.06889
G1 X102.338 Y128.656 E145.01047
G1 X101.516 Y128.656 E145.06025
G1 X91.344 Y118.484 E145.93143
G1 X91.344 Y119.307 E145.98127
G1 X100.693 Y128.656 E146.78196
G1 X99.871 Y128.656 E146.83174
G1 X91.344 Y120.129 E147.56203
G1 X91.344 Y120.952 E147.61187
G1 X99.048 Y128.656 E148.27168
G1 X98.226 Y128.656 E148.32146
G1 X91.344 Y121.774 E148.91087
G1 X91.344 Y122.597 E148.96071
G1 X97.403 Y128.656 E149.47963
G1 X96.581 Y128.656 E149.52941
G1 X91.344 Y123.419 E149.97793
G1 X91.344 Y124.241 E150.02771
G1 X95.759 Y128.656 E150.40583
G1 X94.936 Y128.656 E150.45567
G1 X91.344 Y125.064 E150.76331
G1 X91.344 Y125.886 E150.81309
G1 X94.114 Y128.656 E151.05033
G1 X93.291 Y128.656 E151.10017
G1 X91.344 Y126.709 E151.26692
G1 X91.344 Y127.531 E151.3167
G1 X92.469 Y128.656 E151.41305
G1 X91.646 Y128.656 E151.46289
G1 X91.161 Y128.17 E151.50447
;LAYER_CHANGE
;Z:27.1
;HEIGHT:0.200001
G1 E149.50447 F2400
G92 E0
G1 Z27.1 F7800
G1 X128.961 Y128.961
G1 E2 F2400
;TYPE:Perimeter
;WIDTH:0.449999
G1 F3254
G1 X91.039 Y128.961 E3.28361
G1 X91.039 Y91.039 E4.56722
G1 X128.961 Y91.039 E5.85083
G1 X128.961 Y128.901 E7.13241
G1 X129.368 Y129.368 F7800
G1 F3254
G1 X90.632 Y129.368 E8.44358
G1 X90.632 Y90.632 E9.75475
G1 X129.368 Y90.632 E11.06592
G1 X129.368 Y129.308 E12.37505
G1 X129.775 Y129.775 F7800
;TYPE:External perimeter
G1 F2400
G1 X90.225 Y129.775 E13.71377
G1 X90.225 Y90.225 E15.05249
G1 X129.775 Y90.225 E16.39121
G1 X129.775 Y129.715 E17.7279
G1 X129.379 Y129.774 F7800
;LAYER_CHANGE
;Z:27.3
;HEIGHT:0.199999
G1 Z27.3 F7800
G1 X128.961 Y128.961
;TYPE:Perimeter
G1 F4800
G1 X91.039 Y128.961 E19.01151
G1 X91.039 Y91.039 E20.29512
G1 X128.961 Y91.039 E21.57873
G1 X128.961 Y128.901 E22.86031
G1 X129.368 Y129.368 F7800
G1 F4800
G1 X90.632 Y129.368 E24.17148
G1 X90.632 Y90.632 E25.48265
G1 X129.368 Y90.632 E26.79382
G1 X129.368 Y129.308 E28.10295
G1 X129.775 Y129.775 F7800
;TYPE:External perimeter
G1 F2400
G1 X90.225 Y129.775 E29.44167
G1 X90.225 Y90.225 E30.78039
M73 Q65 S39
G1 X129.775 Y90.225 E32.11911
G1 X129.775 Y129.715 E33.4558
M73 P65 R38
G1 X129.379 Y129.774 F7800
G1 X128.17 Y128.839
;TYPE:Internal infill
;WIDTH:0.45
;HEIGHT:0.4
G1 F4800
G1 X128.656 Y128.354 E33.49738
G1 X128.656 Y127.531 E33.54722
G1 X127.531 Y128.656 E33.64357
G1 X126.709 Y128.656 E33.69335
G1 X128.656 Y126.709 E33.8601
G1 X128.656 Y125.886 E33.90994
G1 X125.886 Y128.656 E34.14718
G1 X125.064 Y128.656 E34.19696
G1 X128.656 Y125.064 E34.5046
G1 X128.656 Y124.241 E34.55444
G1 X124.241 Y128.656 E34.93256
G1 X123.419 Y128.656 E34.98234
G1 X128.656 Y123.419 E35.43086
G1 X128.656 Y122.597 E35.48064
G1 X122.597 Y128.656 E35.99956
G1 X121.774 Y128.656 E36.0494
G1 X128.656 Y121.774 E36.63881
G1 X128.656 Y120.952 E36.68859
G1 X120.952 Y128.656 E37.3484
G1 X120.129 Y128.656 E37.39824
G1 X128.656 Y120.129 E38.12853
G1 X128.656 Y119.307 E38.17831
G1 X119.307 Y128.656 E38.979
G1 X118.484 Y128.656 E39.02884
G1 X128.656 Y118.484 E39.90002
G1 X128.656 Y117.662 E39.9498
G1 X117.662 Y128.656 E40.89138
G1 X116.84 Y128.656 E40.94116
G1 X128.656 Y116.84 E41.95314
G1 X128.656 Y116.017 E42.00298
G1 X116.017 Y128.656 E43.08544
G1 X115.195 Y128.656 E43.13522
G1 X128.656 Y115.195 E44.28808
G1 X128.656 Y114.372 E44.33792
G1 X114.372 Y128.656 E45.56127
G1 X113.55 Y128.656 E45.61105
G1 X128.656 Y113.55 E46.9048
G1 X128.656 Y112.728 E46.95458
M73 Q65 S38
G1 X112.728 Y128.656 E48.31873
G1 X111.905 Y128.656 E48.36857
G1 X128.656 Y111.905 E49.8032
G1 X128.656 Y111.083 E49.85298
G1 X111.083 Y128.656 E51.35801
G1 X110.26 Y128.656 E51.40785
G1 X128.656 Y110.26 E52.98337
G1 X128.656 Y109.438 E53.03315
G1 X109.438 Y128.656 E54.67907
G1 X108.615 Y128.656 E54.72891
G1 X128.656 Y108.615 E56.44531
G1 X128.656 Y107.793 E56.49509
G1 X107.793 Y128.656 E58.28189
G1 X106.971 Y128.656 E58.33167
G1 X128.656 Y106.971 E60.18887
G1 X128.656 Y106.148 E60.23871
G1 X106.148 Y128.656 E62.1664
G1 X105.326 Y128.656 E62.21618
G1 X128.656 Y105.326 E64.21427
G1 X128.656 Y104.503 E64.26411
G1 X104.503 Y128.656 E66.33269
G1 X103.681 Y128.656 E66.38247
G1 X128.656 Y103.681 E68.52145
G1 X128.656 Y102.858 E68.57129
G1 X102.858 Y128.656 E70.78075
G1 X102.036 Y128.656 E70.83053
G1 X128.656 Y102.036 E73.11039
G1 X128.656 Y101.214 E73.16017
G1 X101.214 Y128.656 E75.51043
G1 X100.391 Y128.656 E75.56027
G1 X128.656 Y100.391 E77.98102
G1 X128.656 Y99.569 E78.0308
G1 X99.569 Y128.656 E80.52195
G1 X98.746 Y128.656 E80.57179
G1 X128.656 Y98.746 E83.13342
G1 X128.656 Y97.924 E83.1832
G1 X97.924 Y128.656 E85.81523
G1 X97.101 Y128.656 E85.86507
G1 X128.656 Y97.101 E88.56759
G1 X128.656 Y96.279 E88.61737
G1 X96.279 Y128.656 E91.39029
G1 X95.457 Y128.656 E91.44007
G1 X128.656 Y95.457 E94.28339
G1 X128.656 Y94.634 E94.33323
M73 P65 R37
G1 X94.634 Y128.656 E97.24703
G1 X93.812 Y128.656 E97.29681
G1 X128.656 Y93.812 E100.28101
G1 X128.656 Y92.989 E100.33085
G1 X92.989 Y128.656 E103.38554
G1 X92.167 Y128.656 E103.43532
G1 X128.656 Y92.167 E106.56041
G1 X128.656 Y91.344 E106.61025
G1 X91.344 Y128.656 E109.80582
G1 X91.344 Y127.833 E109.85566
G1 X127.833 Y91.344 E112.98075
G1 X127.011 Y91.344 E113.03053
G1 X91.344 Y127.011 E116.08522
G1 X91.344 Y126.188 E116.13506
G1 X126.188 Y91.344 E119.11926
G1 X125.366 Y91.344 E119.16904
G1 X91.344 Y125.366 E122.08284
G1 X91.344 Y124.543 E122.13268
G1 X124.543 Y91.344 E124.976
G1 X123.721 Y91.344 E125.02578
G1 X91.344 Y123.721 E127.7987
G1 X91.344 Y122.899 E127.84848
G1 X122.899 Y91.344 E130.551
G1 X122.076 Y91.344 E130.60084
G1 X91.344 Y122.076 E133.23287
G1 X91.344 Y121.254 E133.28265
G1 X121.254 Y91.344 E135.84428
G1 X120.431 Y91.344 E135.89412
G1 X91.344 Y120.431 E138.38527
G1 X91.344 Y119.609 E138.43505
G1 X119.609 Y91.344 E140.8558
G1 X118.786 Y91.344 E140.90564
G1 X91.344 Y118.786 E143.2559
G1 X91.344 Y117.964 E143.30568
G1 X117.964 Y91.344 E145.58554
G1 X117.142 Y91.344 E145.63532
G1 X91.344 Y117.142 E147.84478
G1 X91.344 Y116.319 E147.89462
G1 X116.319 Y91.344 E150.0336
G1 X115.497 Y91.344 E150.08338
G1 X91.344 Y115.497 E152.15196
G1 X91.344 Y114.674 E152.2018
G1 X114.674 Y91.344 E154.19989
G1 X113.852 Y91.344 E154.24967
G1 X91.344 Y113.852 E156.17736
G1 X91.344 Y113.029 E156.2272
G1 X113.029 Y91.344 E158.0844
G1 X112.207 Y91.344 E158.13418
G1 X91.344 Y112.207 E159.92098
G1 X91.344 Y111.385 E159.97076
G1 X111.385 Y91.344 E161.68716
G1 X110.562 Y91.344 E161.737
G1 X91.344 Y110.562 E163.38292
G1 X91.344 Y109.74 E163.4327
G1 X109.74 Y91.344 E165.00822
G1 X108.917 Y91.344 E165.05806
G1 X91.344 Y108.917 E166.56309
G1 X91.344 Y108.095 E166.61287
G1 X108.095 Y91.344 E168.0475
G1 X107.272 Y91.344 E168.09734
G1 X91.344 Y107.272 E169.46149
G1 X91.344 Y106.45 E169.51127
G1 X106.45 Y91.344 E170.80502
G1 X105.628 Y91.344 E170.8548
G1 X91.344 Y105.628 E172.07815
G1 X91.344 Y104.805 E172.12799
G1 X104.805 Y91.344 E173.28085
G1 X103.983 Y91.344 E173.33063
G1 X91.344 Y103.983 E174.41309
G1 X91.344 Y103.16 E174.46293
G1 X103.16 Y91.344 E175.47491
G1 X102.338 Y91.344 E175.52469
G1 X91.344 Y102.338 E176.46627
G1 X91.344 Y101.516 E176.51605
G1 X101.516 Y91.344 E177.38723
G1 X100.693 Y91.344 E177.43707
G1 X91.344 Y100.693 E178.23776
G1 X91.344 Y99.871 E178.28754
G1 X99.871 Y91.344 E179.01783
G1 X99.048 Y91.344 E179.06767
G1 X91.344 Y99.048 E179.72748
G1 X91.344 Y98.226 E179.77726
G1 X98.226 Y91.344 E180.36667
G1 X97.403 Y91.344 E180.41651
G1 X91.344 Y97.403 E180.93543
G1 X91.344 Y96.581 E180.98521
G1 X96.581 Y91.344 E181.43373
G1 X95.759 Y91.344 E181.48351
G1 X91.344 Y95.759 E181.86163
G1 X91.344 Y94.936 E181.91147
G1 X94.936 Y91.344 E182.21911
G1 X94.114 Y91.344 E182.26889
G1 X91.344 Y94.114 E182.50613
G1 X91.344 Y93.291 E182.55597
G1 X93.291 Y91.344 E182.72272
G1 X92.469 Y91.344 E182.7725
G1 X91.344 Y92.469 E182.86885
G1 X91.344 Y91.646 E182.91869
G1 X91.83 Y91.161 E182.96027
;LAYER_CHANGE
;Z:27.5
;HEIGHT:0.200001
G1 E180.96027 F2400
G92 E0
G1 Z27.5 F7800
G1 X128.961 Y128.961
G1 E2 F2400
;TYPE:Perimeter
;WIDTH:0.449999
G1 F3323
G1 X91.039 Y128.961 E3.28361
G1 X91.039 Y91.039 E4.56722
G1 X128.961 Y91.039 E5.85083
G1 X128.961 Y128.901 E7.13241
G1 X129.368 Y129.368 F7800
G1 F3323
G1 X90.632 Y129.368 E8.44358
G1 X90.632 Y90.632 E9.75475
G1 X129.368 Y90.632 E11.06592
G1 X129.368 Y129.308 E12.37505
G1 X129.775 Y129.775 F7800
;TYPE:External perimeter
G1 F2400
G1 X90.225 Y129.775 E13.71377
G1 X90.225 Y90.225 E15.05249
G1 X129.775 Y90.225 E16.39121
G1 X129.775 Y129.715 E17.7279
G1 X129.379 Y129.774 F7800
;LAYER_CHANGE
;Z:27.7
;HEIGHT:0.200001
G1 Z27.7 F7800
G1 X128.961 Y128.961
;TYPE:Perimeter
G1 F4800
G1 X91.039 Y128.961 E19.01151
G1 X91.039 Y91.039 E20.29512
G1 X128.961 Y91.039 E21.57873
G1 X128.961 Y128.901 E22.86031
G1 X129.368 Y129.368 F7800
G1 F4800
G1 X90.632 Y129.368 E24.17148
G1 X90.632 Y90.632 E25.48265
G1 X129.368 Y90.632 E26.79382
G1 X129.368 Y129.308 E28.10295
G1 X129.775 Y129.775 F7800
;TYPE:External perimeter
G1 F2400
G1 X90.225 Y129.775 E29.44167
G1 X90.225 Y90.225 E30.78039
G1 X129.775 Y90.225 E32.11911
G1 X129.775 Y129.715 E33.4558
G1 X129.379 Y129.774 F7800
G1 E31.4558 F2400
G92 E0
G1 X128.839 Y91.83 F7800
G1 E2 F2400
;TYPE:Internal infill
;WIDTH:0.45
;HEIGHT:0.4
G1 F4800
G1 X128.354 Y91.344 E2.04158
G1 X127.531 Y91.344 E2.09142
G1 X128.656 Y92.469 E2.18777
G1 X128.656 Y93.291 E2.23755
G1 X126.709 Y91.344 E2.4043
G1 X125.886 Y91.344 E2.45414
G1 X128.656 Y94.114 E2.69138
G1 X128.656 Y94.936 E2.74116
G1 X125.064 Y91.344 E3.0488
G1 X124.241 Y91.344 E3.09864
G1 X128.656 Y95.759 E3.47676
G1 X128.656 Y96.581 E3.52654
G1 X123.419 Y91.344 E3.97506
G1 X122.597 Y91.344 E4.02484
G1 X128.656 Y97.403 E4.54376
G1 X128.656 Y98.226 E4.5936
G1 X121.774 Y91.344 E5.18301
G1 X120.952 Y91.344 E5.23279
G1 X128.656 Y99.048 E5.8926
G1 X128.656 Y99.871 E5.94244
G1 X120.129 Y91.344 E6.67273
G1 X119.307 Y91.344 E6.72251
G1 X128.656 Y100.693 E7.5232
G1 X128.656 Y101.516 E7.57304
G1 X118.484 Y91.344 E8.44422
G1 X117.662 Y91.344 E8.494
G1 X128.656 Y102.338 E9.43558
G1 X128.656 Y103.16 E9.48536
G1 X116.84 Y91.344 E10.49734
G1 X116.017 Y91.344 E10.54718
G1 X128.656 Y103.983 E11.62964
G1 X128.656 Y104.805 E11.67942
G1 X115.195 Y91.344 E12.83228
G1 X114.372 Y91.344 E12.88212
G1 X128.656 Y105.628 E14.10547
G1 X128.656 Y106.45 E14.15525
G1 X113.55 Y91.344 E15.449
G1 X112.728 Y91.344 E15.49878
G1 X128.656 Y107.272 E16.86293
G1 X128.656 Y108.095 E16.91277
G1 X111.905 Y91.344 E18.3474
G1 X111.083 Y91.344 E18.39718
G1 X128.656 Y108.917 E19.90221
G1 X128.656 Y109.74 E19.95205
G1 X110.26 Y91.344 E21.52757
G1 X109.438 Y91.344 E21.57735
G1 X128.656 Y110.562 E23.22327
G1 X128.656 Y111.385 E23.27311
M73 Q66 S38
G1 X108.615 Y91.344 E24.98951
G1 X107.793 Y91.344 E25.03929
G1 X128.656 Y112.207 E26.82609
G1 X128.656 Y113.029 E26.87587
M73 Q66 S37
G1 X106.971 Y91.344 E28.73307
G1 X106.148 Y91.344 E28.78291
G1 X128.656 Y113.852 E30.7106
G1 X128.656 Y114.674 E30.76038
G1 X105.326 Y91.344 E32.75847
G1 X104.503 Y91.344 E32.80831
G1 X128.656 Y115.497 E34.87689
G1 X128.656 Y116.319 E34.92667
M73 P66 R37
G1 X103.681 Y91.344 E37.06565
G1 X102.858 Y91.344 E37.11549
G1 X128.656 Y117.142 E39.32495
G1 X128.656 Y117.964 E39.37473
G1 X102.036 Y91.344 E41.65459
G1 X101.214 Y91.344 E41.70437
G1 X128.656 Y118.786 E44.05463
G1 X128.656 Y119.609 E44.10447
G1 X100.391 Y91.344 E46.52522
G1 X99.569 Y91.344 E46.575
G1 X128.656 Y120.431 E49.06615
G1 X128.656 Y121.254 E49.11599
G1 X98.746 Y91.344 E51.67762
G1 X97.924 Y91.344 E51.7274
G1 X128.656 Y122.076 E54.35943
G1 X128.656 Y122.899 E54.40927
G1 X97.101 Y91.344 E57.11179
G1 X96.279 Y91.344 E57.16157
G1 X128.656 Y123.721 E59.93449
G1 X128.656 Y124.543 E59.98427
G1 X95.457 Y91.344 E62.82759
G1 X94.634 Y91.344 E62.87743
G1 X128.656 Y125.366 E65.79123
G1 X128.656 Y126.188 E65.84101
G1 X93.812 Y91.344 E68.82521
G1 X92.989 Y91.344 E68.87505
G1 X128.656 Y127.011 E71.92974
G1 X128.656 Y127.833 E71.97952
G1 X92.167 Y91.344 E75.10461
G1 X91.344 Y91.344 E75.15445
G1 X128.656 Y128.656 E78.35002
G1 X127.833 Y128.656 E78.39986
G1 X91.344 Y92.167 E81.52495
G1 X91.344 Y92.989 E81.57473
M73 P66 R36
G1 X127.011 Y128.656 E84.62942
G1 X126.188 Y128.656 E84.67926
G1 X91.344 Y93.812 E87.66346
G1 X91.344 Y94.634 E87.71324
G1 X125.366 Y128.656 E90.62704
G1 X124.543 Y128.656 E90.67688
G1 X91.344 Y95.457 E93.5202
G1 X91.344 Y96.279 E93.56998
G1 X123.721 Y128.656 E96.3429
G1 X122.899 Y128.656 E96.39268
G1 X91.344 Y97.101 E99.0952
G1 X91.344 Y97.924 E99.14504
G1 X122.076 Y128.656 E101.77707
G1 X121.254 Y128.656 E101.82685
G1 X91.344 Y98.746 E104.38848
G1 X91.344 Y99.569 E104.43832
G1 X120.431 Y128.656 E106.92947
G1 X119.609 Y128.656 E106.97925
G1 X91.344 Y100.391 E109.4
G1 X91.344 Y101.214 E109.44984
G1 X118.786 Y128.656 E111.8001
G1 X117.964 Y128.656 E111.84988
G1 X91.344 Y102.036 E114.12974
G1 X91.344 Y102.858 E114.17952
G1 X117.142 Y128.656 E116.38898
G1 X116.319 Y128.656 E116.43882
G1 X91.344 Y103.681 E118.5778
G1 X91.344 Y104.503 E118.62758
G1 X115.497 Y128.656 E120.69616
G1 X114.674 Y128.656 E120.746
G1 X91.344 Y105.326 E122.74409
G1 X91.344 Y106.148 E122.79387
G1 X113.852 Y128.656 E124.72156
G1 X113.029 Y128.656 E124.7714
G1 X91.344 Y106.971 E126.6286
G1 X91.344 Y107.793 E126.67838
G1 X112.207 Y128.656 E128.46518
G1 X111.385 Y128.656 E128.51496
G1 X91.344 Y108.615 E130.23136
G1 X91.344 Y109.438 E130.2812
G1 X110.562 Y128.656 E131.92712
G1 X109.74 Y128.656 E131.9769
G1 X91.344 Y110.26 E133.55242
G1 X91.344 Y111.083 E133.60226
G1 X108.917 Y128.656 E135.10729
G1 X108.095 Y128.656 E135.15707
G1 X91.344 Y111.905 E136.5917
G1 X91.344 Y112.728 E136.64154
G1 X107.272 Y128.656 E138.00569
G1 X106.45 Y128.656 E138.05547
G1 X91.344 Y113.55 E139.34922
G1 X91.344 Y114.372 E139.399
G1 X105.628 Y128.656 E140.62235
G1 X104.805 Y128.656 E140.67219
G1 X91.344 Y115.195 E141.82505
G1 X91.344 Y116.017 E141.87483
G1 X103.983 Y128.656 E142.95729
G1 X103.16 Y128.656 E143.00713
G1 X91.344 Y116.84 E144.01911
G1 X91.344 Y117.662 E144.06889
G1 X102.338 Y128.656 E145.01047
G1 X101.516 Y128.656 E145.06025
G1 X91.344 Y118.484 E145.93143
G1 X91.344 Y119.307 E145.98127
G1 X100.693 Y128.656 E146.78196
G1 X99.871 Y128.656 E146.83174
G1 X91.344 Y120.129 E147.56203
G1 X91.344 Y120.952 E147.61187
G1 X99.048 Y128.656 E148.27168
G1 X98.226 Y128.656 E148.32146
G1 X91.344 Y121.774 E148.91087
G1 X91.344 Y122.597 E148.96071
G1 X97.403 Y128.656 E149.47963
G1 X96.581 Y128.656 E149.52941
G1 X91.344 Y123.419 E149.97793
G1 X91.344 Y124.241 E150.02771
G1 X95.759 Y128.656 E150.40583
G1 X94.936 Y128.656 E150.45567
G1 X91.344 Y125.064 E150.76331
G1 X91.344 Y125.886 E150.81309
G1 X94.114 Y128.656 E151.05033
G1 X93.291 Y128.656 E151.10017
G1 X91.344 Y126.709 E151.26692
G1 X91.344 Y127.531 E151.3167
G1 X92.469 Y128.656 E151.41305
G1 X91.646 Y128.656 E151.46289
G1 X91.161 Y128.17 E151.50447
;LAYER_CHANGE
;Z:27.9
;HEIGHT:0.199999
G1 E149.50447 F2400
G92 E0
G1 Z27.9 F7800
G1 X128.961 Y128.961
G1 E2 F2400
;TYPE:Perimeter
;WIDTH:0.449999
G1 F3254
G1 X91.039 Y128.961 E3.28361
G1 X91.039 Y91.039 E4.56722
G1 X128.961 Y91.039 E5.85083
G1 X128.961 Y128.901 E7.13241
G1 X129.368 Y129.368 F7800
G1 F3254
G1 X90.632 Y129.368 E8.44358
G1 X90.632 Y90.632 E9.75475
G1 X129.368 Y90.632 E11.06592
G1 X129.368 Y129.308 E12.37505
G1 X129.775 Y129.775 F7800
;TYPE:External perimeter
G1 F2400
G1 X90.225 Y129.775 E13.71377
G1 X90.225 Y90.225 E15.05249
G1 X129.775 Y90.225 E16.39121
G1 X129.775 Y129.715 E17.7279
G1 X129.379 Y129.774 F7800
;LAYER_CHANGE
;Z:28.1
;HEIGHT:0.200001
G1 Z28.1 F7800
G1 X128.961 Y128.961
;TYPE:Perimeter
G1 F4800
G1 X91.039 Y128.961 E19.01151
G1 X91.039 Y91.039 E20.29512
G1 X128.961 Y91.039 E21.57873
G1 X128.961 Y128.901 E22.86031
G1 X129.368 Y129.368 F7800
G1 F4800
G1 X90.632 Y129.368 E24.17148
G1 X90.632 Y90.632 E25.48265
G1 X129.368 Y90.632 E26.79382
G1 X129.368 Y129.308 E28.10295
G1 X129.775 Y129.775 F7800
;TYPE:External perimeter
G1 F2400
G1 X90.225 Y129.775 E29.44167
G1 X90.225 Y90.225 E30.78039
G1 X129.775 Y90.225 E32.11911
G1 X129.775 Y129.715 E33.4558
G1 X129.379 Y129.774 F7800
G1 X128.17 Y128.839
;TYPE:Internal infill
;WIDTH:0.45
;HEIGHT:0.4
G1 F4800
G1 X128.656 Y128.354 E33.49738
G1 X128.656 Y127.531 E33.54722
G1 X127.531 Y128.656 E33.64357
G1 X126.709 Y128.656 E33.69335
G1 X128.656 Y126.709 E33.8601
G1 X128.656 Y125.886 E33.90994
G1 X125.886 Y128.656 E34.14718
G1 X125.064 Y128.656 E34.19696
G1 X128.656 Y125.064 E34.5046
G1 X128.656 Y124.241 E34.55444
G1 X124.241 Y128.656 E34.93256
G1 X123.419 Y128.656 E34.98234
G1 X128.656 Y123.419 E35.43086
G1 X128.656 Y122.597 E35.48064
G1 X122.597 Y128.656 E35.99956
G1 X121.774 Y128.656 E36.0494
G1 X128.656 Y121.774 E36.63881
G1 X128.656 Y120.952 E36.68859
G1 X120.952 Y128.656 E37.3484
G1 X120.129 Y128.656 E37.39824
G1 X128.656 Y120.129 E38.12853
G1 X128.656 Y119.307 E38.17831
G1 X119.307 Y128.656 E38.979
G1 X118.484 Y128.656 E39.02884
G1 X128.656 Y118.484 E39.90002
G1 X128.656 Y117.662 E39.9498
G1 X117.662 Y128.656 E40.89138
G1 X116.84 Y128.656 E40.94116
G1 X128.656 Y116.84 E41.95314
G1 X128.656 Y116.017 E42.00298
G1 X116.017 Y128.656 E43.08544
G1 X115.195 Y128.656 E43.13522
G1 X128.656 Y115.195 E44.28808
G1 X128.656 Y114.372 E44.33792
G1 X114.372 Y128.656 E45.56127
G1 X113.55 Y128.656 E45.61105
G1 X128.656 Y113.55 E46.9048
G1 X128.656 Y112.728 E46.95458
G1 X112.728 Y128.656 E48.31873
G1 X111.905 Y128.656 E48.36857
G1 X128.656 Y111.905 E49.8032
G1 X128.656 Y111.083 E49.85298
G1 X111.083 Y128.656 E51.35801
G1 X110.26 Y128.656 E51.40785
G1 X128.656 Y110.26 E52.98337
G1 X128.656 Y109.438 E53.03315
G1 X109.438 Y128.656 E54.67907
G1 X108.615 Y128.656 E54.72891
G1 X128.656 Y108.615 E56.44531
G1 X128.656 Y107.793 E56.49509
G1 X107.793 Y128.656 E58.28189
G1 X106.971 Y128.656 E58.33167
G1 X128.656 Y106.971 E60.18887
G1 X128.656 Y106.148 E60.23871
G1 X106.148 Y128.656 E62.1664
G1 X105.326 Y128.656 E62.21618
G1 X128.656 Y105.326 E64.21427
G1 X128.656 Y104.503 E64.26411
G1 X104.503 Y128.656 E66.33269
G1 X103.681 Y128.656 E66.38247
G1 X128.656 Y103.681 E68.52145
G1 X128.656 Y102.858 E68.57129
G1 X102.858 Y128.656 E70.78075
G1 X102.036 Y128.656 E70.83053
M73 Q66 S36
G1 X128.656 Y102.036 E73.11039
G1 X128.656 Y101.214 E73.16017
G1 X101.214 Y128.656 E75.51043
G1 X100.391 Y128.656 E75.56027
G1 X128.656 Y100.391 E77.98102
G1 X128.656 Y99.569 E78.0308
G1 X99.569 Y128.656 E80.52195
G1 X98.746 Y128.656 E80.57179
G1 X128.656 Y98.746 E83.13342
G1 X128.656 Y97.924 E83.1832
G1 X97.924 Y128.656 E85.81523
G1 X97.101 Y128.656 E85.86507
G1 X128.656 Y97.101 E88.56759
G1 X128.656 Y96.279 E88.61737
G1 X96.279 Y128.656 E91.39029
G1 X95.457 Y128.656 E91.44007
G1 X128.656 Y95.457 E94.28339
G1 X128.656 Y94.634 E94.33323
G1 X94.634 Y128.656 E97.24703
G1 X93.812 Y128.656 E97.29681
M73 Q67 S36
G1 X128.656 Y93.812 E100.28101
G1 X128.656 Y92.989 E100.33085
G1 X92.989 Y128.656 E103.38554
G1 X92.167 Y128.656 E103.43532
G1 X128.656 Y92.167 E106.56041
G1 X128.656 Y91.344 E106.61025
G1 X91.344 Y128.656 E109.80582
G1 X91.344 Y127.833 E109.85566
G1 X127.833 Y91.344 E112.98075
G1 X127.011 Y91.344 E113.03053
M73 P67 R36
G1 X91.344 Y127.011 E116.08522
G1 X91.344 Y126.188 E116.13506
G1 X126.188 Y91.344 E119.11926
G1 X125.366 Y91.344 E119.16904
G1 X91.344 Y125.366 E122.08284
G1 X91.344 Y124.543 E122.13268
G1 X124.543 Y91.344 E124.976
G1 X123.721 Y91.344 E125.02578
G1 X91.344 Y123.721 E127.7987
G1 X91.344 Y122.899 E127.84848
G1 X122.899 Y91.344 E130.551
G1 X122.076 Y91.344 E130.60084
G1 X91.344 Y122.076 E133.23287
G1 X91.344 Y121.254 E133.28265
M73 P67 R35
G1 X121.254 Y91.344 E135.84428
G1 X120.431 Y91.344 E135.89412
G1 X91.344 Y120.431 E138.38527
G1 X91.344 Y119.609 E138.43505
G1 X119.609 Y91.344 E140.8558
G1 X118.786 Y91.344 E140.90564
G1 X91.344 Y118.786 E143.2559
G1 X91.344 Y117.964 E143.30568
G1 X117.964 Y91.344 E145.58554
G1 X117.142 Y91.344 E145.63532
G1 X91.344 Y117.142 E147.84478
G1 X91.344 Y116.319 E147.89462
G1 X116.319 Y91.344 E150.0336
G1 X115.497 Y91.344 E150.08338
G1 X91.344 Y115.497 E152.15196
G1 X91.344 Y114.674 E152.2018
G1 X114.674 Y91.344 E154.19989
G1 X113.852 Y91.344 E154.24967
G1 X91.344 Y113.852 E156.17736
G1 X91.344 Y113.029 E156.2272
G1 X113.029 Y91.344 E158.0844
G1 X112.207 Y91.344 E158.13418
G1 X91.344 Y112.207 E159.92098
G1 X91.344 Y111.385 E159.97076
G1 X111.385 Y91.344 E161.68716
G1 X110.562 Y91.344 E161.737
G1 X91.344 Y110.562 E163.38292
G1 X91.344 Y109.74 E163.4327
G1 X109.74 Y91.344 E165.00822
G1 X108.917 Y91.344 E165.05806
G1 X91.344 Y108.917 E166.56309
G1 X91.344 Y108.095 E166.61287
G1 X108.095 Y91.344 E168.0475
G1 X107.272 Y91.344 E168.09734
G1 X91.344 Y107.272 E169.46149
G1 X91.344 Y106.45 E169.51127
G1 X106.45 Y91.344 E170.80502
G1 X105.628 Y91.344 E170.8548
G1 X91.344 Y105.628 E172.07815
G1 X91.344 Y104.805 E172.12799
G1 X104.805 Y91.344 E173.28085
G1 X103.983 Y91.344 E173.33063
G1 X91.344 Y103.983 E174.41309
G1 X91.344 Y103.16 E174.46293
G1 X103.16 Y91.344 E175.47491
G1 X102.338 Y91.344 E175.52469
G1 X91.344 Y102.338 E176.46627
G1 X91.344 Y101.516 E176.51605
G1 X101.516 Y91.344 E177.38723
G1 X100.693 Y91.344 E177.43707
G1 X91.344 Y100.693 E178.23776
G1 X91.344 Y99.871 E178.28754
G1 X99.871 Y91.344 E179.01783
G1 X99.048 Y91.344 E179.06767
G1 X91.344 Y99.048 E179.72748
G1 X91.344 Y98.226 E179.77726
G1 X98.226 Y91.344 E180.36667
G1 X97.403 Y91.344 E180.41651
G1 X91.344 Y97.403 E180.93543
G1 X91.344 Y96.581 E180.98521
G1 X96.581 Y91.344 E181.43373
G1 X95.759 Y91.344 E181.48351
G1 X91.344 Y95.759 E181.86163
G1 X91.344 Y94.936 E181.91147
G1 X94.936 Y91.344 E182.21911
G1 X94.114 Y91.344 E182.26889
G1 X91.344 Y94.114 E182.50613
G1 X91.344 Y93.291 E182.55597
G1 X93.291 Y91.344 E182.72272
G1 X92.469 Y91.344 E182.7725
G1 X91.344 Y92.469 E182.86885
G1 X91.344 Y91.646 E182.91869
G1 X91.83 Y91.161 E182.96027
;LAYER_CHANGE
;Z:28.3
;HEIGHT:0.199999
G1 E180.96027 F2400
G92 E0
G1 Z28.3 F7800
G1 X128.961 Y128.961
G1 E2 F2400
;TYPE:Perimeter
;WIDTH:0.449999
G1 F3323
G1 X91.039 Y128.961 E3.28361
G1 X91.039 Y91.039 E4.56722
G1 X128.961 Y91.039 E5.85083
G1 X128.961 Y128.901 E7.13241
G1 X129.368 Y129.368 F7800
G1 F3323
G1 X90.632 Y129.368 E8.44358
G1 X90.632 Y90.632 E9.75475
G1 X129.368 Y90.632 E11.06592
G1 X129.368 Y129.308 E12.37505
G1 X129.775 Y129.775 F7800
;TYPE:External perimeter
G1 F2400
G1 X90.225 Y129.775 E13.71377
G1 X90.225 Y90.225 E15.05249
G1 X129.775 Y90.225 E16.39121
G1 X129.775 Y129.715 E17.7279
G1 X129.379 Y129.774 F7800
;LAYER_CHANGE
;Z:28.5
;HEIGHT:0.200001
G1 Z28.5 F7800
G1 X128.961 Y128.961
;TYPE:Perimeter
G1 F4800
G1 X91.039 Y128.961 E19.01151
G1 X91.039 Y91.039 E20.29512
G1 X128.961 Y91.039 E21.57873
G1 X128.961 Y128.901 E22.86031
G1 X129.368 Y129.368 F7800
G1 F4800
G1 X90.632 Y129.368 E24.17148
G1 X90.632 Y90.632 E25.48265
G1 X129.368 Y90.632 E26.79382
G1 X129.368 Y129.308 E28.10295
G1 X129.775 Y129.775 F7800
;TYPE:External perimeter
G1 F2400
G1 X90.225 Y129.775 E29.44167
G1 X90.225 Y90.225 E30.78039
G1 X129.775 Y90.225 E32.11911
G1 X129.775 Y129.715 E33.4558
G1 X129.379 Y129.774 F7800
G1 E31.4558 F2400
G92 E0
G1 X128.839 Y91.83 F7800
G1 E2 F2400
;TYPE:Internal infill
;WIDTH:0.45
;HEIGHT:0.4
G1 F4800
G1 X128.354 Y91.344 E2.04158
G1 X127.531 Y91.344 E2.09142
G1 X128.656 Y92.469 E2.18777
G1 X128.656 Y93.291 E2.23755
G1 X126.709 Y91.344 E2.4043
G1 X125.886 Y91.344 E2.45414
G1 X128.656 Y94.114 E2.69138
G1 X128.656 Y94.936 E2.74116
G1 X125.064 Y91.344 E3.0488
G1 X124.241 Y91.344 E3.09864
G1 X128.656 Y95.759 E3.47676
G1 X128.656 Y96.581 E3.52654
G1 X123.419 Y91.344 E3.97506
G1 X122.597 Y91.344 E4.02484
G1 X128.656 Y97.403 E4.54376
G1 X128.656 Y98.226 E4.5936
G1 X121.774 Y91.344 E5.18301
G1 X120.952 Y91.344 E5.23279
G1 X128.656 Y99.048 E5.8926
G1 X128.656 Y99.871 E5.94244
G1 X120.129 Y91.344 E6.67273
G1 X119.307 Y91.344 E6.72251
G1 X128.656 Y100.693 E7.5232
G1 X128.656 Y101.516 E7.57304
G1 X118.484 Y91.344 E8.44422
G1 X117.662 Y91.344 E8.494
G1 X128.656 Y102.338 E9.43558
G1 X128.656 Y103.16 E9.48536
G1 X116.84 Y91.344 E10.49734
G1 X116.017 Y91.344 E10.54718
G1 X128.656 Y103.983 E11.62964
G1 X128.656 Y104.805 E11.67942
G1 X115.195 Y91.344 E12.83228
G1 X114.372 Y91.344 E12.88212
G1 X128.656 Y105.628 E14.10547
G1 X128.656 Y106.45 E14.15525
G1 X113.55 Y91.344 E15.449
G1 X112.728 Y91.344 E15.49878
G1 X128.656 Y107.272 E16.86293
G1 X128.656 Y108.095 E16.91277
G1 X111.905 Y91.344 E18.3474
G1 X111.083 Y91.344 E18.39718
G1 X128.656 Y108.917 E19.90221
G1 X128.656 Y109.74 E19.95205
G1 X110.26 Y91.344 E21.52757
G1 X109.438 Y91.344 E21.57735
G1 X128.656 Y110.562 E23.22327
G1 X128.656 Y111.385 E23.27311
G1 X108.615 Y91.344 E24.98951
G1 X107.793 Y91.344 E25.03929
G1 X128.656 Y112.207 E26.82609
G1 X128.656 Y113.029 E26.87587
G1 X106.971 Y91.344 E28.73307
G1 X106.148 Y91.344 E28.78291
G1 X128.656 Y113.852 E30.7106
G1 X128.656 Y114.674 E30.76038
G1 X105.326 Y91.344 E32.75847
G1 X104.503 Y91.344 E32.80831
G1 X128.656 Y115.497 E34.87689
G1 X128.656 Y116.319 E34.92667
G1 X103.681 Y91.344 E37.06565
G1 X102.858 Y91.344 E37.11549
G1 X128.656 Y117.142 E39.32495
G1 X128.656 Y117.964 E39.37473
G1 X102.036 Y91.344 E41.65459
G1 X101.214 Y91.344 E41.70437
G1 X128.656 Y118.786 E44.05463
G1 X128.656 Y119.609 E44.10447
G1 X100.391 Y91.344 E46.52522
G1 X99.569 Y91.344 E46.575
G1 X128.656 Y120.431 E49.06615
G1 X128.656 Y121.254 E49.11599
G1 X98.746 Y91.344 E51.67762
G1 X97.924 Y91.344 E51.7274
M73 Q67 S35
G1 X128.656 Y122.076 E54.35943
G1 X128.656 Y122.899 E54.40927
G1 X97.101 Y91.344 E57.11179
G1 X96.279 Y91.344 E57.16157
G1 X128.656 Y123.721 E59.93449
G1 X128.656 Y124.543 E59.98427
G1 X95.457 Y91.344 E62.82759
G1 X94.634 Y91.344 E62.87743
G1 X128.656 Y125.366 E65.79123
G1 X128.656 Y126.188 E65.84101
G1 X93.812 Y91.344 E68.82521
G1 X92.989 Y91.344 E68.87505
G1 X128.656 Y127.011 E71.92974
G1 X128.656 Y127.833 E71.97952
G1 X92.167 Y91.344 E75.10461
G1 X91.344 Y91.344 E75.15445
G1 X128.656 Y128.656 E78.35002
G1 X127.833 Y128.656 E78.39986
G1 X91.344 Y92.167 E81.52495
G1 X91.344 Y92.989 E81.57473
G1 X127.011 Y128.656 E84.62942
G1 X126.188 Y128.656 E84.67926
G1 X91.344 Y93.812 E87.66346
G1 X91.344 Y94.634 E87.71324
G1 X125.366 Y128.656 E90.62704
G1 X124.543 Y128.656 E90.67688
G1 X91.344 Y95.457 E93.5202
G1 X91.344 Y96.279 E93.56998
G1 X123.721 Y128.656 E96.3429
G1 X122.899 Y128.656 E96.39268
G1 X91.344 Y97.101 E99.0952
G1 X91.344 Y97.924 E99.14504
G1 X122.076 Y128.656 E101.77707
G1 X121.254 Y128.656 E101.82685
G1 X91.344 Y98.746 E104.38848
G1 X91.344 Y99.569 E104.43832
G1 X120.431 Y128.656 E106.92947
G1 X119.609 Y128.656 E106.97925
G1 X91.344 Y100.391 E109.4
G1 X91.344 Y101.214 E109.44984
M73 Q68 S35
G1 X118.786 Y128.656 E111.8001
G1 X117.964 Y128.656 E111.84988
G1 X91.344 Y102.036 E114.12974
G1 X91.344 Y102.858 E114.17952
G1 X117.142 Y128.656 E116.38898
G1 X116.319 Y128.656 E116.43882
G1 X91.344 Y103.681 E118.5778
G1 X91.344 Y104.503 E118.62758
G1 X115.497 Y128.656 E120.69616
G1 X114.674 Y128.656 E120.746
M73 P67 R34
G1 X91.344 Y105.326 E122.74409
G1 X91.344 Y106.148 E122.79387
M73 P68 R34
G1 X113.852 Y128.656 E124.72156
G1 X113.029 Y128.656 E124.7714
G1 X91.344 Y106.971 E126.6286
G1 X91.344 Y107.793 E126.67838
G1 X112.207 Y128.656 E128.46518
G1 X111.385 Y128.656 E128.51496
G1 X91.344 Y108.615 E130.23136
G1 X91.344 Y109.438 E130.2812
G1 X110.562 Y128.656 E131.92712
G1 X109.74 Y128.656 E131.9769
G1 X91.344 Y110.26 E133.55242
G1 X91.344 Y111.083 E133.60226
G1 X108.917 Y128.656 E135.10729
G1 X108.095 Y128.656 E135.15707
G1 X91.344 Y111.905 E136.5917
G1 X91.344 Y112.728 E136.64154
G1 X107.272 Y128.656 E138.00569
G1 X106.45 Y128.656 E138.05547
G1 X91.344 Y113.55 E139.34922
G1 X91.344 Y114.372 E139.399
G1 X105.628 Y128.656 E140.62235
G1 X104.805 Y128.656 E140.67219
G1 X91.344 Y115.195 E141.82505
G1 X91.344 Y116.017 E141.87483
G1 X103.983 Y128.656 E142.95729
G1 X103.16 Y128.656 E143.00713
G1 X91.344 Y116.84 E144.01911
G1 X91.344 Y117.662 E144.06889
G1 X102.338 Y128.656 E145.01047
G1 X101.516 Y128.656 E145.06025
G1 X91.344 Y118.484 E145.93143
G1 X91.344 Y119.307 E145.98127
G1 X100.693 Y128.656 E146.78196
G1 X99.871 Y128.656 E146.83174
G1 X91.344 Y120.129 E147.56203
G1 X91.344 Y120.952 E147.61187
G1 X99.048 Y128.656 E148.27168
G1 X98.226 Y128.656 E148.32146
G1 X91.344 Y121.774 E148.91087
G1 X91.344 Y122.597 E148.96071
G1 X97.403 Y128.656 E149.47963
G1 X96.581 Y128.656 E149.52941
G1 X91.344 Y123.419 E149.97793
G1 X91.344 Y124.241 E150.02771
G1 X95.759 Y128.656 E150.40583
G1 X94.936 Y128.656 E150.45567
G1 X91.344 Y125.064 E150.76331
G1 X91.344 Y125.886 E150.81309
G1 X94.114 Y128.656 E151.05033
G1 X93.291 Y128.656 E151.10017
G1 X91.344 Y126.709 E151.26692
G1 X91.344 Y127.531 E151.3167
G1 X92.469 Y128.656 E151.41305
G1 X91.646 Y128.656 E151.46289
G1 X91.161 Y128.17 E151.50447
;LAYER_CHANGE
;Z:28.7
;HEIGHT:0.200001
G1 E149.50447 F2400
G92 E0
G1 Z28.7 F7800
G1 X128.961 Y128.961
G1 E2 F2400
;TYPE:Perimeter
;WIDTH:0.449999
G1 F3254
G1 X91.039 Y128.961 E3.28361
G1 X91.039 Y91.039 E4.56722
G1 X128.961 Y91.039 E5.85083
G1 X128.961 Y128.901 E7.13241
G1 X129.368 Y129.368 F7800
G1 F3254
G1 X90.632 Y129.368 E8.44358
G1 X90.632 Y90.632 E9.75475
G1 X129.368 Y90.632 E11.06592
G1 X129.368 Y129.308 E12.37505
G1 X129.775 Y129.775 F7800
;TYPE:External perimeter
G1 F2400
G1 X90.225 Y129.775 E13.71377
G1 X90.225 Y90.225 E15.05249
G1 X129.775 Y90.225 E16.39121
G1 X129.775 Y129.715 E17.7279
G1 X129.379 Y129.774 F7800
;LAYER_CHANGE
;Z:28.9
;HEIGHT:0.199999
G1 Z28.9 F7800
G1 X128.961 Y128.961
;TYPE:Perimeter
G1 F4800
G1 X91.039 Y128.961 E19.01151
G1 X91.039 Y91.039 E20.29512
G1 X128.961 Y91.039 E21.57873
G1 X128.961 Y128.901 E22.86031
G1 X129.368 Y129.368 F7800
G1 F4800
G1 X90.632 Y129.368 E24.17148
G1 X90.632 Y90.632 E25.48265
G1 X129.368 Y90.632 E26.79382
G1 X129.368 Y129.308 E28.10295
G1 X129.775 Y129.775 F7800
;TYPE:External perimeter
G1 F2400
G1 X90.225 Y129.775 E29.44167
G1 X90.225 Y90.225 E30.78039
G1 X129.775 Y90.225 E32.11911
G1 X129.775 Y129.715 E33.4558
G1 X129.379 Y129.774 F7800
G1 X128.17 Y128.839
;TYPE:Internal infill
;WIDTH:0.45
;HEIGHT:0.4
G1 F4800
G1 X128.656 Y128.354 E33.49738
G1 X128.656 Y127.531 E33.54722
G1 X127.531 Y128.656 E33.64357
G1 X126.709 Y128.656 E33.69335
G1 X128.656 Y126.709 E33.8601
G1 X128.656 Y125.886 E33.90994
G1 X125.886 Y128.656 E34.14718
G1 X125.064 Y128.656 E34.19696
G1 X128.656 Y125.064 E34.5046
G1 X128.656 Y124.241 E34.55444
G1 X124.241 Y128.656 E34.93256
G1 X123.419 Y128.656 E34.98234
G1 X128.656 Y123.419 E35.43086
G1 X128.656 Y122.597 E35.48064
G1 X122.597 Y128.656 E35.99956
G1 X121.774 Y128.656 E36.0494
G1 X128.656 Y121.774 E36.63881
G1 X128.656 Y120.952 E36.68859
G1 X120.952 Y128.656 E37.3484
G1 X120.129 Y128.656 E37.39824
G1 X128.656 Y120.129 E38.12853
G1 X128.656 Y119.307 E38.17831
G1 X119.307 Y128.656 E38.979
G1 X118.484 Y128.656 E39.02884
G1 X128.656 Y118.484 E39.90002
G1 X128.656 Y117.662 E39.9498
G1 X117.662 Y128.656 E40.89138
G1 X116.84 Y128.656 E40.94116
G1 X128.656 Y116.84 E41.95314
G1 X128.656 Y116.017 E42.00298
G1 X116.017 Y128.656 E43.08544
G1 X115.195 Y128.656 E43.13522
G1 X128.656 Y115.195 E44.28808
G1 X128.656 Y114.372 E44.33792
G1 X114.372 Y128.656 E45.56127
G1 X113.55 Y128.656 E45.61105
G1 X128.656 Y113.55 E46.9048
G1 X128.656 Y112.728 E46.95458
G1 X112.728 Y128.656 E48.31873
G1 X111.905 Y128.656 E48.36857
G1 X128.656 Y111.905 E49.8032
G1 X128.656 Y111.083 E49.85298
G1 X111.083 Y128.656 E51.35801
G1 X110.26 Y128.656 E51.40785
G1 X128.656 Y110.26 E52.98337
G1 X128.656 Y109.438 E53.03315
G1 X109.438 Y128.656 E54.67907
G1 X108.615 Y128.656 E54.72891
G1 X128.656 Y108.615 E56.44531
G1 X128.656 Y107.793 E56.49509
G1 X107.793 Y128.656 E58.28189
G1 X106.971 Y128.656 E58.33167
G1 X128.656 Y106.971 E60.18887
G1 X128.656 Y106.148 E60.23871
G1 X106.148 Y128.656 E62.1664
G1 X105.326 Y128.656 E62.21618
G1 X128.656 Y105.326 E64.21427
G1 X128.656 Y104.503 E64.26411
G1 X104.503 Y128.656 E66.33269
G1 X103.681 Y128.656 E66.38247
G1 X128.656 Y103.681 E68.52145
G1 X128.656 Y102.858 E68.57129
G1 X102.858 Y128.656 E70.78075
G1 X102.036 Y128.656 E70.83053
G1 X128.656 Y102.036 E73.11039
G1 X128.656 Y101.214 E73.16017
G1 X101.214 Y128.656 E75.51043
G1 X100.391 Y128.656 E75.56027
G1 X128.656 Y100.391 E77.98102
G1 X128.656 Y99.569 E78.0308
G1 X99.569 Y128.656 E80.52195
G1 X98.746 Y128.656 E80.57179
G1 X128.656 Y98.746 E83.13342
G1 X128.656 Y97.924 E83.1832
G1 X97.924 Y128.656 E85.81523
G1 X97.101 Y128.656 E85.86507
G1 X128.656 Y97.101 E88.56759
G1 X128.656 Y96.279 E88.61737
G1 X96.279 Y128.656 E91.39029
G1 X95.457 Y128.656 E91.44007
G1 X128.656 Y95.457 E94.28339
G1 X128.656 Y94.634 E94.33323
G1 X94.634 Y128.656 E97.24703
G1 X93.812 Y128.656 E97.29681
M73 Q68 S34
G1 X128.656 Y93.812 E100.28101
G1 X128.656 Y92.989 E100.33085
G1 X92.989 Y128.656 E103.38554
G1 X92.167 Y128.656 E103.43532
G1 X128.656 Y92.167 E106.56041
G1 X128.656 Y91.344 E106.61025
G1 X91.344 Y128.656 E109.80582
G1 X91.344 Y127.833 E109.85566
G1 X127.833 Y91.344 E112.98075
G1 X127.011 Y91.344 E113.03053
G1 X91.344 Y127.011 E116.08522
G1 X91.344 Y126.188 E116.13506
G1 X126.188 Y91.344 E119.11926
G1 X125.366 Y91.344 E119.16904
G1 X91.344 Y125.366 E122.08284
G1 X91.344 Y124.543 E122.13268
G1 X124.543 Y91.344 E124.976
G1 X123.721 Y91.344 E125.02578
G1 X91.344 Y123.721 E127.7987
G1 X91.344 Y122.899 E127.84848
G1 X122.899 Y91.344 E130.551
G1 X122.076 Y91.344 E130.60084
G1 X91.344 Y122.076 E133.23287
G1 X91.344 Y121.254 E133.28265
G1 X121.254 Y91.344 E135.84428
G1 X120.431 Y91.344 E135.89412
G1 X91.344 Y120.431 E138.38527
G1 X91.344 Y119.609 E138.43505
G1 X119.609 Y91.344 E140.8558
G1 X118.786 Y91.344 E140.90564
G1 X91.344 Y118.786 E143.2559
G1 X91.344 Y117.964 E143.30568
G1 X117.964 Y91.344 E145.58554
G1 X117.142 Y91.344 E145.63532
G1 X91.344 Y117.142 E147.84478
G1 X91.344 Y116.319 E147.89462
G1 X116.319 Y91.344 E150.0336
G1 X115.497 Y91.344 E150.08338
G1 X91.344 Y115.497 E152.15196
G1 X91.344 Y114.674 E152.2018
G1 X114.674 Y91.344 E154.19989
G1 X113.852 Y91.344 E154.24967
G1 X91.344 Y113.852 E156.17736
G1 X91.344 Y113.029 E156.2272
G1 X113.029 Y91.344 E158.0844
G1 X112.207 Y91.344 E158.13418
G1 X91.344 Y112.207 E159.92098
G1 X91.344 Y111.385 E159.97076
G1 X111.385 Y91.344 E161.68716
G1 X110.562 Y91.344 E161.737
G1 X91.344 Y110.562 E163.38292
G1 X91.344 Y109.74 E163.4327
G1 X109.74 Y91.344 E165.00822
G1 X108.917 Y91.344 E165.05806
G1 X91.344 Y108.917 E166.56309
G1 X91.344 Y108.095 E166.61287
G1 X108.095 Y91.344 E168.0475
G1 X107.272 Y91.344 E168.09734
G1 X91.344 Y107.272 E169.46149
G1 X91.344 Y106.45 E169.51127
G1 X106.45 Y91.344 E170.80502
G1 X105.628 Y91.344 E170.8548
M73 P68 R33
G1 X91.344 Y105.628 E172.07815
G1 X91.344 Y104.805 E172.12799
G1 X104.805 Y91.344 E173.28085
G1 X103.983 Y91.344 E173.33063
G1 X91.344 Y103.983 E174.41309
G1 X91.344 Y103.16 E174.46293
G1 X103.16 Y91.344 E175.47491
G1 X102.338 Y91.344 E175.52469
G1 X91.344 Y102.338 E176.46627
G1 X91.344 Y101.516 E176.51605
G1 X101.516 Y91.344 E177.38723
G1 X100.693 Y91.344 E177.43707
G1 X91.344 Y100.693 E178.23776
G1 X91.344 Y99.871 E178.28754
G1 X99.871 Y91.344 E179.01783
G1 X99.048 Y91.344 E179.06767
G1 X91.344 Y99.048 E179.72748
G1 X91.344 Y98.226 E179.77726
M73 Q69 S34
G1 X98.226 Y91.344 E180.36667
G1 X97.403 Y91.344 E180.41651
G1 X91.344 Y97.403 E180.93543
G1 X91.344 Y96.581 E180.98521
G1 X96.581 Y91.344 E181.43373
G1 X95.759 Y91.344 E181.48351
G1 X91.344 Y95.759 E181.86163
G1 X91.344 Y94.936 E181.91147
G1 X94.936 Y91.344 E182.21911
G1 X94.114 Y91.344 E182.26889
G1 X91.344 Y94.114 E182.50613
G1 X91.344 Y93.291 E182.55597
G1 X93.291 Y91.344 E182.72272
G1 X92.469 Y91.344 E182.7725
G1 X91.344 Y92.469 E182.86885
G1 X91.344 Y91.646 E182.91869
G1 X91.83 Y91.161 E182.96027
;LAYER_CHANGE
;Z:29.1
;HEIGHT:0.200001
G1 E180.96027 F2400
G92 E0
G1 Z29.1 F7800
G1 X128.961 Y128.961
G1 E2 F2400
;TYPE:Perimeter
;WIDTH:0.449999
G1 F3323
G1 X91.039 Y128.961 E3.28361
G1 X91.039 Y91.039 E4.56722
G1 X128.961 Y91.039 E5.85083
G1 X128.961 Y128.901 E7.13241
M73 P69 R33
G1 X129.368 Y129.368 F7800
G1 F3323
G1 X90.632 Y129.368 E8.44358
G1 X90.632 Y90.632 E9.75475
G1 X129.368 Y90.632 E11.06592
G1 X129.368 Y129.308 E12.37505
G1 X129.775 Y129.775 F7800
;TYPE:External perimeter
G1 F2400
G1 X90.225 Y129.775 E13.71377
G1 X90.225 Y90.225 E15.05249
G1 X129.775 Y90.225 E16.39121
G1 X129.775 Y129.715 E17.7279
G1 X129.379 Y129.774 F7800
;LAYER_CHANGE
;Z:29.3
;HEIGHT:0.199999
G1 Z29.3 F7800
G1 X128.961 Y128.961
;TYPE:Perimeter
G1 F4800
G1 X91.039 Y128.961 E19.01151
G1 X91.039 Y91.039 E20.29512
G1 X128.961 Y91.039 E21.57873
G1 X128.961 Y128.901 E22.86031
G1 X129.368 Y129.368 F7800
G1 F4800
G1 X90.632 Y129.368 E24.17148
G1 X90.632 Y90.632 E25.48265
G1 X129.368 Y90.632 E26.79382
G1 X129.368 Y129.308 E28.10295
G1 X129.775 Y129.775 F7800
;TYPE:External perimeter
G1 F2400
G1 X90.225 Y129.775 E29.44167
G1 X90.225 Y90.225 E30.78039
G1 X129.775 Y90.225 E32.11911
G1 X129.775 Y129.715 E33.4558
G1 X129.379 Y129.774 F7800
G1 E31.4558 F2400
G92 E0
G1 X128.839 Y91.83 F7800
G1 E2 F2400
;TYPE:Internal infill
;WIDTH:0.45
;HEIGHT:0.4
G1 F4800
G1 X128.354 Y91.344 E2.04158
G1 X127.531 Y91.344 E2.09142
G1 X128.656 Y92.469 E2.18777
G1 X128.656 Y93.291 E2.23755
G1 X126.709 Y91.344 E2.4043
G1 X125.886 Y91.344 E2.45414
G1 X128.656 Y94.114 E2.69138
G1 X128.656 Y94.936 E2.74116
G1 X125.064 Y91.344 E3.0488
G1 X124.241 Y91.344 E3.09864
G1 X128.656 Y95.759 E3.47676
G1 X128.656 Y96.581 E3.52654
G1 X123.419 Y91.344 E3.97506
G1 X122.597 Y91.344 E4.02484
G1 X128.656 Y97.403 E4.54376
G1 X128.656 Y98.226 E4.5936
G1 X121.774 Y91.344 E5.18301
G1 X120.952 Y91.344 E5.23279
G1 X128.656 Y99.048 E5.8926
G1 X128.656 Y99.871 E5.94244
G1 X120.129 Y91.344 E6.67273
G1 X119.307 Y91.344 E6.72251
G1 X128.656 Y100.693 E7.5232
G1 X128.656 Y101.516 E7.57304
G1 X118.484 Y91.344 E8.44422
G1 X117.662 Y91.344 E8.494
G1 X128.656 Y102.338 E9.43558
G1 X128.656 Y103.16 E9.48536
G1 X116.84 Y91.344 E10.49734
G1 X116.017 Y91.344 E10.54718
G1 X128.656 Y103.983 E11.62964
G1 X128.656 Y104.805 E11.67942
G1 X115.195 Y91.344 E12.83228
G1 X114.372 Y91.344 E12.88212
G1 X128.656 Y105.628 E14.10547
G1 X128.656 Y106.45 E14.15525
G1 X113.55 Y91.344 E15.449
G1 X112.728 Y91.344 E15.49878
G1 X128.656 Y107.272 E16.86293
G1 X128.656 Y108.095 E16.91277
G1 X111.905 Y91.344 E18.3474
G1 X111.083 Y91.344 E18.39718
G1 X128.656 Y108.917 E19.90221
G1 X128.656 Y109.74 E19.95205
G1 X110.26 Y91.344 E21.52757
G1 X109.438 Y91.344 E21.57735
G1 X128.656 Y110.562 E23.22327
G1 X128.656 Y111.385 E23.27311
G1 X108.615 Y91.344 E24.98951
G1 X107.793 Y91.344 E25.03929
G1 X128.656 Y112.207 E26.82609
G1 X128.656 Y113.029 E26.87587
G1 X106.971 Y91.344 E28.73307
G1 X106.148 Y91.344 E28.78291
G1 X128.656 Y113.852 E30.7106
G1 X128.656 Y114.674 E30.76038
G1 X105.326 Y91.344 E32.75847
G1 X104.503 Y91.344 E32.80831
G1 X128.656 Y115.497 E34.87689
G1 X128.656 Y116.319 E34.92667
G1 X103.681 Y91.344 E37.06565
G1 X102.858 Y91.344 E37.11549
G1 X128.656 Y117.142 E39.32495
G1 X128.656 Y117.964 E39.37473
G1 X102.036 Y91.344 E41.65459
G1 X101.214 Y91.344 E41.70437
G1 X128.656 Y118.786 E44.05463
G1 X128.656 Y119.609 E44.10447
G1 X100.391 Y91.344 E46.52522
G1 X99.569 Y91.344 E46.575
G1 X128.656 Y120.431 E49.06615
G1 X128.656 Y121.254 E49.11599
G1 X98.746 Y91.344 E51.67762
G1 X97.924 Y91.344 E51.7274
G1 X128.656 Y122.076 E54.35943
G1 X128.656 Y122.899 E54.40927
G1 X97.101 Y91.344 E57.11179
G1 X96.279 Y91.344 E57.16157
G1 X128.656 Y123.721 E59.93449
G1 X128.656 Y124.543 E59.98427
G1 X95.457 Y91.344 E62.82759
G1 X94.634 Y91.344 E62.87743
G1 X128.656 Y125.366 E65.79123
G1 X128.656 Y126.188 E65.84101
G1 X93.812 Y91.344 E68.82521
G1 X92.989 Y91.344 E68.87505
G1 X128.656 Y127.011 E71.92974
G1 X128.656 Y127.833 E71.97952
G1 X92.167 Y91.344 E75.10461
G1 X91.344 Y91.344 E75.15445
G1 X128.656 Y128.656 E78.35002
G1 X127.833 Y128.656 E78.39986
M73 Q69 S33
G1 X91.344 Y92.167 E81.52495
G1 X91.344 Y92.989 E81.57473
G1 X127.011 Y128.656 E84.62942
G1 X126.188 Y128.656 E84.67926
G1 X91.344 Y93.812 E87.66346
G1 X91.344 Y94.634 E87.71324
G1 X125.366 Y128.656 E90.62704
G1 X124.543 Y128.656 E90.67688
G1 X91.344 Y95.457 E93.5202
G1 X91.344 Y96.279 E93.56998
G1 X123.721 Y128.656 E96.3429
G1 X122.899 Y128.656 E96.39268
G1 X91.344 Y97.101 E99.0952
G1 X91.344 Y97.924 E99.14504
G1 X122.076 Y128.656 E101.77707
G1 X121.254 Y128.656 E101.82685
G1 X91.344 Y98.746 E104.38848
G1 X91.344 Y99.569 E104.43832
G1 X120.431 Y128.656 E106.92947
G1 X119.609 Y128.656 E106.97925
G1 X91.344 Y100.391 E109.4
G1 X91.344 Y101.214 E109.44984
G1 X118.786 Y128.656 E111.8001
G1 X117.964 Y128.656 E111.84988
G1 X91.344 Y102.036 E114.12974
G1 X91.344 Y102.858 E114.17952
G1 X117.142 Y128.656 E116.38898
G1 X116.319 Y128.656 E116.43882
G1 X91.344 Y103.681 E118.5778
G1 X91.344 Y104.503 E118.62758
G1 X115.497 Y128.656 E120.69616
G1 X114.674 Y128.656 E120.746
G1 X91.344 Y105.326 E122.74409
G1 X91.344 Y106.148 E122.79387
G1 X113.852 Y128.656 E124.72156
G1 X113.029 Y128.656 E124.7714
G1 X91.344 Y106.971 E126.6286
G1 X91.344 Y107.793 E126.67838
G1 X112.207 Y128.656 E128.46518
G1 X111.385 Y128.656 E128.51496
G1 X91.344 Y108.615 E130.23136
G1 X91.344 Y109.438 E130.2812
G1 X110.562 Y128.656 E131.92712
G1 X109.74 Y128.656 E131.9769
G1 X91.344 Y110.26 E133.55242
G1 X91.344 Y111.083 E133.60226
G1 X108.917 Y128.656 E135.10729
G1 X108.095 Y128.656 E135.15707
G1 X91.344 Y111.905 E136.5917
G1 X91.344 Y112.728 E136.64154
G1 X107.272 Y128.656 E138.00569
G1 X106.45 Y128.656 E138.05547
G1 X91.344 Y113.55 E139.34922
G1 X91.344 Y114.372 E139.399
G1 X105.628 Y128.656 E140.62235
G1 X104.805 Y128.656 E140.67219
G1 X91.344 Y115.195 E141.82505
G1 X91.344 Y116.017 E141.87483
G1 X103.983 Y128.656 E142.95729
G1 X103.16 Y128.656 E143.00713
G1 X91.344 Y116.84 E144.01911
G1 X91.344 Y117.662 E144.06889
G1 X102.338 Y128.656 E145.01047
G1 X101.516 Y128.656 E145.06025
G1 X91.344 Y118.484 E145.93143
G1 X91.344 Y119.307 E145.98127
G1 X100.693 Y128.656 E146.78196
G1 X99.871 Y128.656 E146.83174
G1 X91.344 Y120.129 E147.56203
G1 X91.344 Y120.952 E147.61187
G1 X99.048 Y128.656 E148.27168
G1 X98.226 Y128.656 E148.32146
G1 X91.344 Y121.774 E148.91087
G1 X91.344 Y122.597 E148.96071
G1 X97.403 Y128.656 E149.47963
G1 X96.581 Y128.656 E149.52941
G1 X91.344 Y123.419 E149.97793
G1 X91.344 Y124.241 E150.02771
G1 X95.759 Y128.656 E150.40583
G1 X94.936 Y128.656 E150.45567
G1 X91.344 Y125.064 E150.76331
G1 X91.344 Y125.886 E150.81309
G1 X94.114 Y128.656 E151.05033
G1 X93.291 Y128.656 E151.10017
G1 X91.344 Y126.709 E151.26692
G1 X91.344 Y127.531 E151.3167
G1 X92.469 Y128.656 E151.41305
G1 X91.646 Y128.656 E151.46289
G1 X91.161 Y128.17 E151.50447
;LAYER_CHANGE
;Z:29.5
;HEIGHT:0.200001
G1 E149.50447 F2400
G92 E0
G1 Z29.5 F7800
G1 X128.961 Y128.961
G1 E2 F2400
M73 P69 R32
;TYPE:Perimeter
;WIDTH:0.449999
G1 F3254
G1 X91.039 Y128.961 E3.28361
G1 X91.039 Y91.039 E4.56722
G1 X128.961 Y91.039 E5.85083
G1 X128.961 Y128.901 E7.13241
G1 X129.368 Y129.368 F7800
G1 F3254
G1 X90.632 Y129.368 E8.44358
G1 X90.632 Y90.632 E9.75475
G1 X129.368 Y90.632 E11.06592
G1 X129.368 Y129.308 E12.37505
G1 X129.775 Y129.775 F7800
;TYPE:External perimeter
G1 F2400
G1 X90.225 Y129.775 E13.71377
G1 X90.225 Y90.225 E15.05249
G1 X129.775 Y90.225 E16.39121
M73 Q70 S33
G1 X129.775 Y129.715 E17.7279
G1 X129.379 Y129.774 F7800
;LAYER_CHANGE
;Z:29.7
;HEIGHT:0.200001
G1 Z29.7 F7800
G1 X128.961 Y128.961
;TYPE:Perimeter
G1 F4800
G1 X91.039 Y128.961 E19.01151
G1 X91.039 Y91.039 E20.29512
G1 X128.961 Y91.039 E21.57873
G1 X128.961 Y128.901 E22.86031
G1 X129.368 Y129.368 F7800
M73 P70 R32
G1 F4800
G1 X90.632 Y129.368 E24.17148
G1 X90.632 Y90.632 E25.48265
G1 X129.368 Y90.632 E26.79382
G1 X129.368 Y129.308 E28.10295
G1 X129.775 Y129.775 F7800
;TYPE:External perimeter
G1 F2400
G1 X90.225 Y129.775 E29.44167
G1 X90.225 Y90.225 E30.78039
G1 X129.775 Y90.225 E32.11911
G1 X129.775 Y129.715 E33.4558
G1 X129.379 Y129.774 F7800
G1 X128.17 Y128.839
;TYPE:Internal infill
;WIDTH:0.45
;HEIGHT:0.4
G1 F4800
G1 X128.656 Y128.354 E33.49738
G1 X128.656 Y127.531 E33.54722
G1 X127.531 Y128.656 E33.64357
G1 X126.709 Y128.656 E33.69335
G1 X128.656 Y126.709 E33.8601
G1 X128.656 Y125.886 E33.90994
G1 X125.886 Y128.656 E34.14718
G1 X125.064 Y128.656 E34.19696
G1 X128.656 Y125.064 E34.5046
G1 X128.656 Y124.241 E34.55444
G1 X124.241 Y128.656 E34.93256
G1 X123.419 Y128.656 E34.98234
G1 X128.656 Y123.419 E35.43086
G1 X128.656 Y122.597 E35.48064
G1 X122.597 Y128.656 E35.99956
G1 X121.774 Y128.656 E36.0494
G1 X128.656 Y121.774 E36.63881
G1 X128.656 Y120.952 E36.68859
G1 X120.952 Y128.656 E37.3484
G1 X120.129 Y128.656 E37.39824
G1 X128.656 Y120.129 E38.12853
G1 X128.656 Y119.307 E38.17831
G1 X119.307 Y128.656 E38.979
G1 X118.484 Y128.656 E39.02884
G1 X128.656 Y118.484 E39.90002
G1 X128.656 Y117.662 E39.9498
G1 X117.662 Y128.656 E40.89138
G1 X116.84 Y128.656 E40.94116
G1 X128.656 Y116.84 E41.95314
G1 X128.656 Y116.017 E42.00298
G1 X116.017 Y128.656 E43.08544
G1 X115.195 Y128.656 E43.13522
G1 X128.656 Y115.195 E44.28808
G1 X128.656 Y114.372 E44.33792
G1 X114.372 Y128.656 E45.56127
G1 X113.55 Y128.656 E45.61105
G1 X128.656 Y113.55 E46.9048
G1 X128.656 Y112.728 E46.95458
G1 X112.728 Y128.656 E48.31873
G1 X111.905 Y128.656 E48.36857
G1 X128.656 Y111.905 E49.8032
G1 X128.656 Y111.083 E49.85298
G1 X111.083 Y128.656 E51.35801
G1 X110.26 Y128.656 E51.40785
G1 X128.656 Y110.26 E52.98337
G1 X128.656 Y109.438 E53.03315
G1 X109.438 Y128.656 E54.67907
G1 X108.615 Y128.656 E54.72891
G1 X128.656 Y108.615 E56.44531
G1 X128.656 Y107.793 E56.49509
G1 X107.793 Y128.656 E58.28189
G1 X106.971 Y128.656 E58.33167
G1 X128.656 Y106.971 E60.18887
G1 X128.656 Y106.148 E60.23871
G1 X106.148 Y128.656 E62.1664
G1 X105.326 Y128.656 E62.21618
G1 X128.656 Y105.326 E64.21427
G1 X128.656 Y104.503 E64.26411
G1 X104.503 Y128.656 E66.33269
G1 X103.681 Y128.656 E66.38247
G1 X128.656 Y103.681 E68.52145
G1 X128.656 Y102.858 E68.57129
G1 X102.858 Y128.656 E70.78075
G1 X102.036 Y128.656 E70.83053
G1 X128.656 Y102.036 E73.11039
G1 X128.656 Y101.214 E73.16017
G1 X101.214 Y128.656 E75.51043
G1 X100.391 Y128.656 E75.56027
G1 X128.656 Y100.391 E77.98102
G1 X128.656 Y99.569 E78.0308
G1 X99.569 Y128.656 E80.52195
G1 X98.746 Y128.656 E80.57179
G1 X128.656 Y98.746 E83.13342
G1 X128.656 Y97.924 E83.1832
G1 X97.924 Y128.656 E85.81523
G1 X97.101 Y128.656 E85.86507
G1 X128.656 Y97.101 E88.56759
G1 X128.656 Y96.279 E88.61737
G1 X96.279 Y128.656 E91.39029
G1 X95.457 Y128.656 E91.44007
G1 X128.656 Y95.457 E94.28339
G1 X128.656 Y94.634 E94.33323
G1 X94.634 Y128.656 E97.24703
G1 X93.812 Y128.656 E97.29681
G1 X128.656 Y93.812 E100.28101
G1 X128.656 Y92.989 E100.33085
G1 X92.989 Y128.656 E103.38554
G1 X92.167 Y128.656 E103.43532
G1 X128.656 Y92.167 E106.56041
G1 X128.656 Y91.344 E106.61025
G1 X91.344 Y128.656 E109.80582
G1 X91.344 Y127.833 E109.85566
G1 X127.833 Y91.344 E112.98075
G1 X127.011 Y91.344 E113.03053
G1 X91.344 Y127.011 E116.08522
G1 X91.344 Y126.188 E116.13506
G1 X126.188 Y91.344 E119.11926
G1 X125.366 Y91.344 E119.16904
G1 X91.344 Y125.366 E122.08284
G1 X91.344 Y124.543 E122.13268
M73 Q70 S32
G1 X124.543 Y91.344 E124.976
G1 X123.721 Y91.344 E125.02578
G1 X91.344 Y123.721 E127.7987
G1 X91.344 Y122.899 E127.84848
G1 X122.899 Y91.344 E130.551
G1 X122.076 Y91.344 E130.60084
G1 X91.344 Y122.076 E133.23287
G1 X91.344 Y121.254 E133.28265
G1 X121.254 Y91.344 E135.84428
G1 X120.431 Y91.344 E135.89412
G1 X91.344 Y120.431 E138.38527
G1 X91.344 Y119.609 E138.43505
G1 X119.609 Y91.344 E140.8558
G1 X118.786 Y91.344 E140.90564
G1 X91.344 Y118.786 E143.2559
G1 X91.344 Y117.964 E143.30568
G1 X117.964 Y91.344 E145.58554
G1 X117.142 Y91.344 E145.63532
G1 X91.344 Y117.142 E147.84478
G1 X91.344 Y116.319 E147.89462
G1 X116.319 Y91.344 E150.0336
G1 X115.497 Y91.344 E150.08338
G1 X91.344 Y115.497 E152.15196
G1 X91.344 Y114.674 E152.2018
G1 X114.674 Y91.344 E154.19989
G1 X113.852 Y91.344 E154.24967
G1 X91.344 Y113.852 E156.17736
G1 X91.344 Y113.029 E156.2272
G1 X113.029 Y91.344 E158.0844
G1 X112.207 Y91.344 E158.13418
G1 X91.344 Y112.207 E159.92098
G1 X91.344 Y111.385 E159.97076
G1 X111.385 Y91.344 E161.68716
G1 X110.562 Y91.344 E161.737
G1 X91.344 Y110.562 E163.38292
G1 X91.344 Y109.74 E163.4327
G1 X109.74 Y91.344 E165.00822
G1 X108.917 Y91.344 E165.05806
G1 X91.344 Y108.917 E166.56309
G1 X91.344 Y108.095 E166.61287
G1 X108.095 Y91.344 E168.0475
G1 X107.272 Y91.344 E168.09734
G1 X91.344 Y107.272 E169.46149
G1 X91.344 Y106.45 E169.51127
G1 X106.45 Y91.344 E170.80502
G1 X105.628 Y91.344 E170.8548
G1 X91.344 Y105.628 E172.07815
G1 X91.344 Y104.805 E172.12799
G1 X104.805 Y91.344 E173.28085
G1 X103.983 Y91.344 E173.33063
G1 X91.344 Y103.983 E174.41309
G1 X91.344 Y103.16 E174.46293
G1 X103.16 Y91.344 E175.47491
G1 X102.338 Y91.344 E175.52469
G1 X91.344 Y102.338 E176.46627
G1 X91.344 Y101.516 E176.51605
G1 X101.516 Y91.344 E177.38723
G1 X100.693 Y91.344 E177.43707
G1 X91.344 Y100.693 E178.23776
G1 X91.344 Y99.871 E178.28754
G1 X99.871 Y91.344 E179.01783
G1 X99.048 Y91.344 E179.06767
G1 X91.344 Y99.048 E179.72748
G1 X91.344 Y98.226 E179.77726
G1 X98.226 Y91.344 E180.36667
G1 X97.403 Y91.344 E180.41651
G1 X91.344 Y97.403 E180.93543
G1 X91.344 Y96.581 E180.98521
G1 X96.581 Y91.344 E181.43373
G1 X95.759 Y91.344 E181.48351
G1 X91.344 Y95.759 E181.86163
G1 X91.344 Y94.936 E181.91147
G1 X94.936 Y91.344 E182.21911
G1 X94.114 Y91.344 E182.26889
G1 X91.344 Y94.114 E182.50613
G1 X91.344 Y93.291 E182.55597
G1 X93.291 Y91.344 E182.72272
G1 X92.469 Y91.344 E182.7725
G1 X91.344 Y92.469 E182.86885
G1 X91.344 Y91.646 E182.91869
G1 X91.83 Y91.161 E182.96027
;LAYER_CHANGE
;Z:29.9
;HEIGHT:0.199999
G1 E180.96027 F2400
G92 E0
G1 Z29.9 F7800
G1 X128.961 Y128.961
G1 E2 F2400
;TYPE:Perimeter
;WIDTH:0.449999
G1 F3323
G1 X91.039 Y128.961 E3.28361
G1 X91.039 Y91.039 E4.56722
G1 X128.961 Y91.039 E5.85083
G1 X128.961 Y128.901 E7.13241
G1 X129.368 Y129.368 F7800
G1 F3323
G1 X90.632 Y129.368 E8.44358
G1 X90.632 Y90.632 E9.75475
G1 X129.368 Y90.632 E11.06592
M73 P70 R31
G1 X129.368 Y129.308 E12.37505
G1 X129.775 Y129.775 F7800
;TYPE:External perimeter
G1 F2400
G1 X90.225 Y129.775 E13.71377
G1 X90.225 Y90.225 E15.05249
G1 X129.775 Y90.225 E16.39121
G1 X129.775 Y129.715 E17.7279
G1 X129.379 Y129.774 F7800
;LAYER_CHANGE
;Z:30.1
;HEIGHT:0.200001
G1 Z30.1 F7800
G1 X128.961 Y128.961
;TYPE:Perimeter
G1 F4800
G1 X91.039 Y128.961 E19.01151
G1 X91.039 Y91.039 E20.29512
G1 X128.961 Y91.039 E21.57873
G1 X128.961 Y128.901 E22.86031
G1 X129.368 Y129.368 F7800
G1 F4800
G1 X90.632 Y129.368 E24.17148
G1 X90.632 Y90.632 E25.48265
G1 X129.368 Y90.632 E26.79382
G1 X129.368 Y129.308 E28.10295
G1 X129.775 Y129.775 F7800
;TYPE:External perimeter
G1 F2400
G1 X90.225 Y129.775 E29.44167
G1 X90.225 Y90.225 E30.78039
G1 X129.775 Y90.225 E32.11911
G1 X129.775 Y129.715 E33.4558
G1 X129.379 Y129.774 F7800
M73 Q71 S32
G1 E31.4558 F2400
G92 E0
G1 X128.839 Y91.83 F7800
G1 E2 F2400
;TYPE:Internal infill
;WIDTH:0.45
;HEIGHT:0.4
G1 F4800
G1 X128.354 Y91.344 E2.04158
G1 X127.531 Y91.344 E2.09142
G1 X128.656 Y92.469 E2.18777
G1 X128.656 Y93.291 E2.23755
G1 X126.709 Y91.344 E2.4043
G1 X125.886 Y91.344 E2.45414
G1 X128.656 Y94.114 E2.69138
G1 X128.656 Y94.936 E2.74116
G1 X125.064 Y91.344 E3.0488
G1 X124.241 Y91.344 E3.09864
G1 X128.656 Y95.759 E3.47676
G1 X128.656 Y96.581 E3.52654
G1 X123.419 Y91.344 E3.97506
G1 X122.597 Y91.344 E4.02484
G1 X128.656 Y97.403 E4.54376
G1 X128.656 Y98.226 E4.5936
G1 X121.774 Y91.344 E5.18301
G1 X120.952 Y91.344 E5.23279
G1 X128.656 Y99.048 E5.8926
G1 X128.656 Y99.871 E5.94244
G1 X120.129 Y91.344 E6.67273
G1 X119.307 Y91.344 E6.72251
G1 X128.656 Y100.693 E7.5232
G1 X128.656 Y101.516 E7.57304
G1 X118.484 Y91.344 E8.44422
G1 X117.662 Y91.344 E8.494
G1 X128.656 Y102.338 E9.43558
G1 X128.656 Y103.16 E9.48536
G1 X116.84 Y91.344 E10.49734
G1 X116.017 Y91.344 E10.54718
G1 X128.656 Y103.983 E11.62964
G1 X128.656 Y104.805 E11.67942
G1 X115.195 Y91.344 E12.83228
G1 X114.372 Y91.344 E12.88212
M73 P71 R31
G1 X128.656 Y105.628 E14.10547
G1 X128.656 Y106.45 E14.15525
G1 X113.55 Y91.344 E15.449
G1 X112.728 Y91.344 E15.49878
G1 X128.656 Y107.272 E16.86293
G1 X128.656 Y108.095 E16.91277
G1 X111.905 Y91.344 E18.3474
G1 X111.083 Y91.344 E18.39718
G1 X128.656 Y108.917 E19.90221
G1 X128.656 Y109.74 E19.95205
G1 X110.26 Y91.344 E21.52757
G1 X109.438 Y91.344 E21.57735
G1 X128.656 Y110.562 E23.22327
G1 X128.656 Y111.385 E23.27311
G1 X108.615 Y91.344 E24.98951
G1 X107.793 Y91.344 E25.03929
G1 X128.656 Y112.207 E26.82609
G1 X128.656 Y113.029 E26.87587
G1 X106.971 Y91.344 E28.73307
G1 X106.148 Y91.344 E28.78291
G1 X128.656 Y113.852 E30.7106
G1 X128.656 Y114.674 E30.76038
G1 X105.326 Y91.344 E32.75847
G1 X104.503 Y91.344 E32.80831
G1 X128.656 Y115.497 E34.87689
G1 X128.656 Y116.319 E34.92667
G1 X103.681 Y91.344 E37.06565
G1 X102.858 Y91.344 E37.11549
G1 X128.656 Y117.142 E39.32495
G1 X128.656 Y117.964 E39.37473
G1 X102.036 Y91.344 E41.65459
G1 X101.214 Y91.344 E41.70437
G1 X128.656 Y118.786 E44.05463
G1 X128.656 Y119.609 E44.10447
G1 X100.391 Y91.344 E46.52522
G1 X99.569 Y91.344 E46.575
G1 X128.656 Y120.431 E49.06615
G1 X128.656 Y121.254 E49.11599
G1 X98.746 Y91.344 E51.67762
G1 X97.924 Y91.344 E51.7274
G1 X128.656 Y122.076 E54.35943
G1 X128.656 Y122.899 E54.40927
G1 X97.101 Y91.344 E57.11179
G1 X96.279 Y91.344 E57.16157
G1 X128.656 Y123.721 E59.93449
G1 X128.656 Y124.543 E59.98427
G1 X95.457 Y91.344 E62.82759
G1 X94.634 Y91.344 E62.87743
G1 X128.656 Y125.366 E65.79123
G1 X128.656 Y126.188 E65.84101
G1 X93.812 Y91.344 E68.82521
G1 X92.989 Y91.344 E68.87505
G1 X128.656 Y127.011 E71.92974
G1 X128.656 Y127.833 E71.97952
G1 X92.167 Y91.344 E75.10461
G1 X91.344 Y91.344 E75.15445
G1 X128.656 Y128.656 E78.35002
G1 X127.833 Y128.656 E78.39986
G1 X91.344 Y92.167 E81.52495
G1 X91.344 Y92.989 E81.57473
G1 X127.011 Y128.656 E84.62942
G1 X126.188 Y128.656 E84.67926
G1 X91.344 Y93.812 E87.66346
G1 X91.344 Y94.634 E87.71324
G1 X125.366 Y128.656 E90.62704
G1 X124.543 Y128.656 E90.67688
G1 X91.344 Y95.457 E93.5202
G1 X91.344 Y96.279 E93.56998
G1 X123.721 Y128.656 E96.3429
G1 X122.899 Y128.656 E96.39268
G1 X91.344 Y97.101 E99.0952
G1 X91.344 Y97.924 E99.14504
G1 X122.076 Y128.656 E101.77707
G1 X121.254 Y128.656 E101.82685
M73 Q71 S31
G1 X91.344 Y98.746 E104.38848
G1 X91.344 Y99.569 E104.43832
G1 X120.431 Y128.656 E106.92947
G1 X119.609 Y128.656 E106.97925
G1 X91.344 Y100.391 E109.4
G1 X91.344 Y101.214 E109.44984
G1 X118.786 Y128.656 E111.8001
G1 X117.964 Y128.656 E111.84988
G1 X91.344 Y102.036 E114.12974
G1 X91.344 Y102.858 E114.17952
G1 X117.142 Y128.656 E116.38898
G1 X116.319 Y128.656 E116.43882
G1 X91.344 Y103.681 E118.5778
G1 X91.344 Y104.503 E118.62758
G1 X115.497 Y128.656 E120.69616
G1 X114.674 Y128.656 E120.746
G1 X91.344 Y105.326 E122.74409
G1 X91.344 Y106.148 E122.79387
G1 X113.852 Y128.656 E124.72156
G1 X113.029 Y128.656 E124.7714
G1 X91.344 Y106.971 E126.6286
G1 X91.344 Y107.793 E126.67838
G1 X112.207 Y128.656 E128.46518
G1 X111.385 Y128.656 E128.51496
G1 X91.344 Y108.615 E130.23136
G1 X91.344 Y109.438 E130.2812
G1 X110.562 Y128.656 E131.92712
G1 X109.74 Y128.656 E131.9769
G1 X91.344 Y110.26 E133.55242
G1 X91.344 Y111.083 E133.60226
G1 X108.917 Y128.656 E135.10729
G1 X108.095 Y128.656 E135.15707
G1 X91.344 Y111.905 E136.5917
G1 X91.344 Y112.728 E136.64154
G1 X107.272 Y128.656 E138.00569
G1 X106.45 Y128.656 E138.05547
G1 X91.344 Y113.55 E139.34922
G1 X91.344 Y114.372 E139.399
G1 X105.628 Y128.656 E140.62235
G1 X104.805 Y128.656 E140.67219
G1 X91.344 Y115.195 E141.82505
G1 X91.344 Y116.017 E141.87483
G1 X103.983 Y128.656 E142.95729
G1 X103.16 Y128.656 E143.00713
G1 X91.344 Y116.84 E144.01911
G1 X91.344 Y117.662 E144.06889
G1 X102.338 Y128.656 E145.01047
G1 X101.516 Y128.656 E145.06025
G1 X91.344 Y118.484 E145.93143
G1 X91.344 Y119.307 E145.98127
G1 X100.693 Y128.656 E146.78196
G1 X99.871 Y128.656 E146.83174
G1 X91.344 Y120.129 E147.56203
G1 X91.344 Y120.952 E147.61187
G1 X99.048 Y128.656 E148.27168
G1 X98.226 Y128.656 E148.32146
G1 X91.344 Y121.774 E148.91087
G1 X91.344 Y122.597 E148.96071
G1 X97.403 Y128.656 E149.47963
G1 X96.581 Y128.656 E149.52941
G1 X91.344 Y123.419 E149.97793
G1 X91.344 Y124.241 E150.02771
G1 X95.759 Y128.656 E150.40583
G1 X94.936 Y128.656 E150.45567
G1 X91.344 Y125.064 E150.76331
G1 X91.344 Y125.886 E150.81309
G1 X94.114 Y128.656 E151.05033
G1 X93.291 Y128.656 E151.10017
G1 X91.344 Y126.709 E151.26692
G1 X91.344 Y127.531 E151.3167
G1 X92.469 Y128.656 E151.41305
G1 X91.646 Y128.656 E151.46289
G1 X91.161 Y128.17 E151.50447
;LAYER_CHANGE
;Z:30.3
;HEIGHT:0.199999
G1 E149.50447 F2400
G92 E0
G1 Z30.3 F7800
G1 X128.961 Y128.961
G1 E2 F2400
;TYPE:Perimeter
;WIDTH:0.449999
G1 F3254
G1 X91.039 Y128.961 E3.28361
G1 X91.039 Y91.039 E4.56722
G1 X128.961 Y91.039 E5.85083
G1 X128.961 Y128.901 E7.13241
G1 X129.368 Y129.368 F7800
G1 F3254
G1 X90.632 Y129.368 E8.44358
G1 X90.632 Y90.632 E9.75475
G1 X129.368 Y90.632 E11.06592
G1 X129.368 Y129.308 E12.37505
G1 X129.775 Y129.775 F7800
;TYPE:External perimeter
G1 F2400
G1 X90.225 Y129.775 E13.71377
G1 X90.225 Y90.225 E15.05249
G1 X129.775 Y90.225 E16.39121
G1 X129.775 Y129.715 E17.7279
M73 P71 R30
G1 X129.379 Y129.774 F7800
;LAYER_CHANGE
;Z:30.5
;HEIGHT:0.200001
G1 Z30.5 F7800
G1 X128.961 Y128.961
;TYPE:Perimeter
G1 F4800
G1 X91.039 Y128.961 E19.01151
G1 X91.039 Y91.039 E20.29512
G1 X128.961 Y91.039 E21.57873
G1 X128.961 Y128.901 E22.86031
G1 X129.368 Y129.368 F7800
G1 F4800
G1 X90.632 Y129.368 E24.17148
G1 X90.632 Y90.632 E25.48265
G1 X129.368 Y90.632 E26.79382
G1 X129.368 Y129.308 E28.10295
G1 X129.775 Y129.775 F7800
;TYPE:External perimeter
G1 F2400
G1 X90.225 Y129.775 E29.44167
G1 X90.225 Y90.225 E30.78039
G1 X129.775 Y90.225 E32.11911
G1 X129.775 Y129.715 E33.4558
G1 X129.379 Y129.774 F7800
G1 X128.17 Y128.839
;TYPE:Internal infill
;WIDTH:0.45
;HEIGHT:0.4
G1 F4800
G1 X128.656 Y128.354 E33.49738
G1 X128.656 Y127.531 E33.54722
G1 X127.531 Y128.656 E33.64357
G1 X126.709 Y128.656 E33.69335
G1 X128.656 Y126.709 E33.8601
G1 X128.656 Y125.886 E33.90994
G1 X125.886 Y128.656 E34.14718
G1 X125.064 Y128.656 E34.19696
G1 X128.656 Y125.064 E34.5046
G1 X128.656 Y124.241 E34.55444
G1 X124.241 Y128.656 E34.93256
G1 X123.419 Y128.656 E34.98234
G1 X128.656 Y123.419 E35.43086
G1 X128.656 Y122.597 E35.48064
G1 X122.597 Y128.656 E35.99956
G1 X121.774 Y128.656 E36.0494
G1 X128.656 Y121.774 E36.63881
G1 X128.656 Y120.952 E36.68859
G1 X120.952 Y128.656 E37.3484
G1 X120.129 Y128.656 E37.39824
G1 X128.656 Y120.129 E38.12853
G1 X128.656 Y119.307 E38.17831
G1 X119.307 Y128.656 E38.979
G1 X118.484 Y128.656 E39.02884
G1 X128.656 Y118.484 E39.90002
G1 X128.656 Y117.662 E39.9498
G1 X117.662 Y128.656 E40.89138
G1 X116.84 Y128.656 E40.94116
G1 X128.656 Y116.84 E41.95314
G1 X128.656 Y116.017 E42.00298
G1 X116.017 Y128.656 E43.08544
G1 X115.195 Y128.656 E43.13522
G1 X128.656 Y115.195 E44.28808
G1 X128.656 Y114.372 E44.33792
G1 X114.372 Y128.656 E45.56127
G1 X113.55 Y128.656 E45.61105
G1 X128.656 Y113.55 E46.9048
G1 X128.656 Y112.728 E46.95458
G1 X112.728 Y128.656 E48.31873
G1 X111.905 Y128.656 E48.36857
G1 X128.656 Y111.905 E49.8032
G1 X128.656 Y111.083 E49.85298
G1 X111.083 Y128.656 E51.35801
G1 X110.26 Y128.656 E51.40785
G1 X128.656 Y110.26 E52.98337
G1 X128.656 Y109.438 E53.03315
G1 X109.438 Y128.656 E54.67907
G1 X108.615 Y128.656 E54.72891
G1 X128.656 Y108.615 E56.44531
G1 X128.656 Y107.793 E56.49509
G1 X107.793 Y128.656 E58.28189
G1 X106.971 Y128.656 E58.33167
G1 X128.656 Y106.971 E60.18887
G1 X128.656 Y106.148 E60.23871
G1 X106.148 Y128.656 E62.1664
G1 X105.326 Y128.656 E62.21618
G1 X128.656 Y105.326 E64.21427
G1 X128.656 Y104.503 E64.26411
G1 X104.503 Y128.656 E66.33269
G1 X103.681 Y128.656 E66.38247
G1 X128.656 Y103.681 E68.52145
G1 X128.656 Y102.858 E68.57129
M73 Q72 S31
G1 X102.858 Y128.656 E70.78075
G1 X102.036 Y128.656 E70.83053
G1 X128.656 Y102.036 E73.11039
G1 X128.656 Y101.214 E73.16017
G1 X101.214 Y128.656 E75.51043
G1 X100.391 Y128.656 E75.56027
G1 X128.656 Y100.391 E77.98102
G1 X128.656 Y99.569 E78.0308
G1 X99.569 Y128.656 E80.52195
G1 X98.746 Y128.656 E80.57179
G1 X128.656 Y98.746 E83.13342
G1 X128.656 Y97.924 E83.1832
G1 X97.924 Y128.656 E85.81523
G1 X97.101 Y128.656 E85.86507
G1 X128.656 Y97.101 E88.56759
G1 X128.656 Y96.279 E88.61737
M73 P72 R30
G1 X96.279 Y128.656 E91.39029
G1 X95.457 Y128.656 E91.44007
G1 X128.656 Y95.457 E94.28339
G1 X128.656 Y94.634 E94.33323
G1 X94.634 Y128.656 E97.24703
G1 X93.812 Y128.656 E97.29681
G1 X128.656 Y93.812 E100.28101
G1 X128.656 Y92.989 E100.33085
G1 X92.989 Y128.656 E103.38554
G1 X92.167 Y128.656 E103.43532
G1 X128.656 Y92.167 E106.56041
G1 X128.656 Y91.344 E106.61025
G1 X91.344 Y128.656 E109.80582
G1 X91.344 Y127.833 E109.85566
G1 X127.833 Y91.344 E112.98075
G1 X127.011 Y91.344 E113.03053
G1 X91.344 Y127.011 E116.08522
G1 X91.344 Y126.188 E116.13506
G1 X126.188 Y91.344 E119.11926
G1 X125.366 Y91.344 E119.16904
G1 X91.344 Y125.366 E122.08284
G1 X91.344 Y124.543 E122.13268
G1 X124.543 Y91.344 E124.976
G1 X123.721 Y91.344 E125.02578
G1 X91.344 Y123.721 E127.7987
G1 X91.344 Y122.899 E127.84848
G1 X122.899 Y91.344 E130.551
G1 X122.076 Y91.344 E130.60084
G1 X91.344 Y122.076 E133.23287
G1 X91.344 Y121.254 E133.28265
G1 X121.254 Y91.344 E135.84428
G1 X120.431 Y91.344 E135.89412
G1 X91.344 Y120.431 E138.38527
G1 X91.344 Y119.609 E138.43505
G1 X119.609 Y91.344 E140.8558
G1 X118.786 Y91.344 E140.90564
G1 X91.344 Y118.786 E143.2559
G1 X91.344 Y117.964 E143.30568
G1 X117.964 Y91.344 E145.58554
G1 X117.142 Y91.344 E145.63532
G1 X91.344 Y117.142 E147.84478
G1 X91.344 Y116.319 E147.89462
M73 Q72 S30
G1 X116.319 Y91.344 E150.0336
G1 X115.497 Y91.344 E150.08338
G1 X91.344 Y115.497 E152.15196
G1 X91.344 Y114.674 E152.2018
G1 X114.674 Y91.344 E154.19989
G1 X113.852 Y91.344 E154.24967
G1 X91.344 Y113.852 E156.17736
G1 X91.344 Y113.029 E156.2272
G1 X113.029 Y91.344 E158.0844
G1 X112.207 Y91.344 E158.13418
G1 X91.344 Y112.207 E159.92098
G1 X91.344 Y111.385 E159.97076
G1 X111.385 Y91.344 E161.68716
G1 X110.562 Y91.344 E161.737
G1 X91.344 Y110.562 E163.38292
G1 X91.344 Y109.74 E163.4327
G1 X109.74 Y91.344 E165.00822
G1 X108.917 Y91.344 E165.05806
G1 X91.344 Y108.917 E166.56309
G1 X91.344 Y108.095 E166.61287
G1 X108.095 Y91.344 E168.0475
G1 X107.272 Y91.344 E168.09734
G1 X91.344 Y107.272 E169.46149
G1 X91.344 Y106.45 E169.51127
G1 X106.45 Y91.344 E170.80502
G1 X105.628 Y91.344 E170.8548
G1 X91.344 Y105.628 E172.07815
G1 X91.344 Y104.805 E172.12799
G1 X104.805 Y91.344 E173.28085
G1 X103.983 Y91.344 E173.33063
G1 X91.344 Y103.983 E174.41309
G1 X91.344 Y103.16 E174.46293
G1 X103.16 Y91.344 E175.47491
G1 X102.338 Y91.344 E175.52469
G1 X91.344 Y102.338 E176.46627
G1 X91.344 Y101.516 E176.51605
G1 X101.516 Y91.344 E177.38723
G1 X100.693 Y91.344 E177.43707
G1 X91.344 Y100.693 E178.23776
G1 X91.344 Y99.871 E178.28754
G1 X99.871 Y91.344 E179.01783
G1 X99.048 Y91.344 E179.06767
G1 X91.344 Y99.048 E179.72748
G1 X91.344 Y98.226 E179.77726
G1 X98.226 Y91.344 E180.36667
G1 X97.403 Y91.344 E180.41651
G1 X91.344 Y97.403 E180.93543
G1 X91.344 Y96.581 E180.98521
G1 X96.581 Y91.344 E181.43373
G1 X95.759 Y91.344 E181.48351
G1 X91.344 Y95.759 E181.86163
G1 X91.344 Y94.936 E181.91147
G1 X94.936 Y91.344 E182.21911
G1 X94.114 Y91.344 E182.26889
G1 X91.344 Y94.114 E182.50613
G1 X91.344 Y93.291 E182.55597
G1 X93.291 Y91.344 E182.72272
G1 X92.469 Y91.344 E182.7725
G1 X91.344 Y92.469 E182.86885
G1 X91.344 Y91.646 E182.91869
G1 X91.83 Y91.161 E182.96027
;LAYER_CHANGE
;Z:30.7
;HEIGHT:0.200001
G1 E180.96027 F2400
G92 E0
G1 Z30.7 F7800
G1 X128.961 Y128.961
G1 E2 F2400
;TYPE:Perimeter
;WIDTH:0.449999
G1 F3323
G1 X91.039 Y128.961 E3.28361
G1 X91.039 Y91.039 E4.56722
G1 X128.961 Y91.039 E5.85083
G1 X128.961 Y128.901 E7.13241
G1 X129.368 Y129.368 F7800
G1 F3323
G1 X90.632 Y129.368 E8.44358
G1 X90.632 Y90.632 E9.75475
G1 X129.368 Y90.632 E11.06592
G1 X129.368 Y129.308 E12.37505
G1 X129.775 Y129.775 F7800
;TYPE:External perimeter
G1 F2400
G1 X90.225 Y129.775 E13.71377
G1 X90.225 Y90.225 E15.05249
G1 X129.775 Y90.225 E16.39121
G1 X129.775 Y129.715 E17.7279
G1 X129.379 Y129.774 F7800
;LAYER_CHANGE
;Z:30.9
;HEIGHT:0.199999
G1 Z30.9 F7800
G1 X128.961 Y128.961
;TYPE:Perimeter
G1 F4800
G1 X91.039 Y128.961 E19.01151
G1 X91.039 Y91.039 E20.29512
G1 X128.961 Y91.039 E21.57873
G1 X128.961 Y128.901 E22.86031
G1 X129.368 Y129.368 F7800
G1 F4800
G1 X90.632 Y129.368 E24.17148
G1 X90.632 Y90.632 E25.48265
G1 X129.368 Y90.632 E26.79382
G1 X129.368 Y129.308 E28.10295
M73 P72 R29
G1 X129.775 Y129.775 F7800
;TYPE:External perimeter
G1 F2400
G1 X90.225 Y129.775 E29.44167
G1 X90.225 Y90.225 E30.78039
G1 X129.775 Y90.225 E32.11911
G1 X129.775 Y129.715 E33.4558
G1 X129.379 Y129.774 F7800
G1 E31.4558 F2400
G92 E0
G1 X128.839 Y91.83 F7800
G1 E2 F2400
;TYPE:Internal infill
;WIDTH:0.45
;HEIGHT:0.4
G1 F4800
G1 X128.354 Y91.344 E2.04158
G1 X127.531 Y91.344 E2.09142
G1 X128.656 Y92.469 E2.18777
G1 X128.656 Y93.291 E2.23755
G1 X126.709 Y91.344 E2.4043
G1 X125.886 Y91.344 E2.45414
G1 X128.656 Y94.114 E2.69138
G1 X128.656 Y94.936 E2.74116
G1 X125.064 Y91.344 E3.0488
G1 X124.241 Y91.344 E3.09864
G1 X128.656 Y95.759 E3.47676
G1 X128.656 Y96.581 E3.52654
G1 X123.419 Y91.344 E3.97506
G1 X122.597 Y91.344 E4.02484
G1 X128.656 Y97.403 E4.54376
G1 X128.656 Y98.226 E4.5936
G1 X121.774 Y91.344 E5.18301
G1 X120.952 Y91.344 E5.23279
G1 X128.656 Y99.048 E5.8926
G1 X128.656 Y99.871 E5.94244
G1 X120.129 Y91.344 E6.67273
G1 X119.307 Y91.344 E6.72251
G1 X128.656 Y100.693 E7.5232
G1 X128.656 Y101.516 E7.57304
G1 X118.484 Y91.344 E8.44422
G1 X117.662 Y91.344 E8.494
G1 X128.656 Y102.338 E9.43558
G1 X128.656 Y103.16 E9.48536
G1 X116.84 Y91.344 E10.49734
G1 X116.017 Y91.344 E10.54718
G1 X128.656 Y103.983 E11.62964
G1 X128.656 Y104.805 E11.67942
G1 X115.195 Y91.344 E12.83228
G1 X114.372 Y91.344 E12.88212
G1 X128.656 Y105.628 E14.10547
G1 X128.656 Y106.45 E14.15525
G1 X113.55 Y91.344 E15.449
G1 X112.728 Y91.344 E15.49878
G1 X128.656 Y107.272 E16.86293
G1 X128.656 Y108.095 E16.91277
G1 X111.905 Y91.344 E18.3474
G1 X111.083 Y91.344 E18.39718
G1 X128.656 Y108.917 E19.90221
G1 X128.656 Y109.74 E19.95205
G1 X110.26 Y91.344 E21.52757
G1 X109.438 Y91.344 E21.57735
G1 X128.656 Y110.562 E23.22327
G1 X128.656 Y111.385 E23.27311
G1 X108.615 Y91.344 E24.98951
G1 X107.793 Y91.344 E25.03929
G1 X128.656 Y112.207 E26.82609
G1 X128.656 Y113.029 E26.87587
G1 X106.971 Y91.344 E28.73307
G1 X106.148 Y91.344 E28.78291
G1 X128.656 Y113.852 E30.7106
G1 X128.656 Y114.674 E30.76038
G1 X105.326 Y91.344 E32.75847
G1 X104.503 Y91.344 E32.80831
G1 X128.656 Y115.497 E34.87689
G1 X128.656 Y116.319 E34.92667
G1 X103.681 Y91.344 E37.06565
G1 X102.858 Y91.344 E37.11549
G1 X128.656 Y117.142 E39.32495
G1 X128.656 Y117.964 E39.37473
G1 X102.036 Y91.344 E41.65459
G1 X101.214 Y91.344 E41.70437
G1 X128.656 Y118.786 E44.05463
G1 X128.656 Y119.609 E44.10447
G1 X100.391 Y91.344 E46.52522
G1 X99.569 Y91.344 E46.575
G1 X128.656 Y120.431 E49.06615
G1 X128.656 Y121.254 E49.11599
G1 X98.746 Y91.344 E51.67762
G1 X97.924 Y91.344 E51.7274
G1 X128.656 Y122.076 E54.35943
G1 X128.656 Y122.899 E54.40927
G1 X97.101 Y91.344 E57.11179
G1 X96.279 Y91.344 E57.16157
G1 X128.656 Y123.721 E59.93449
G1 X128.656 Y124.543 E59.98427
G1 X95.457 Y91.344 E62.82759
G1 X94.634 Y91.344 E62.87743
G1 X128.656 Y125.366 E65.79123
G1 X128.656 Y126.188 E65.84101
G1 X93.812 Y91.344 E68.82521
G1 X92.989 Y91.344 E68.87505
G1 X128.656 Y127.011 E71.92974
G1 X128.656 Y127.833 E71.97952
G1 X92.167 Y91.344 E75.10461
G1 X91.344 Y91.344 E75.15445
G1 X128.656 Y128.656 E78.35002
G1 X127.833 Y128.656 E78.39986
M73 Q73 S30
G1 X91.344 Y92.167 E81.52495
G1 X91.344 Y92.989 E81.57473
G1 X127.011 Y128.656 E84.62942
G1 X126.188 Y128.656 E84.67926
G1 X91.344 Y93.812 E87.66346
G1 X91.344 Y94.634 E87.71324
G1 X125.366 Y128.656 E90.62704
G1 X124.543 Y128.656 E90.67688
G1 X91.344 Y95.457 E93.5202
G1 X91.344 Y96.279 E93.56998
G1 X123.721 Y128.656 E96.3429
G1 X122.899 Y128.656 E96.39268
G1 X91.344 Y97.101 E99.0952
G1 X91.344 Y97.924 E99.14504
M73 P73 R29
G1 X122.076 Y128.656 E101.77707
G1 X121.254 Y128.656 E101.82685
G1 X91.344 Y98.746 E104.38848
G1 X91.344 Y99.569 E104.43832
G1 X120.431 Y128.656 E106.92947
G1 X119.609 Y128.656 E106.97925
G1 X91.344 Y100.391 E109.4
G1 X91.344 Y101.214 E109.44984
G1 X118.786 Y128.656 E111.8001
G1 X117.964 Y128.656 E111.84988
G1 X91.344 Y102.036 E114.12974
G1 X91.344 Y102.858 E114.17952
G1 X117.142 Y128.656 E116.38898
G1 X116.319 Y128.656 E116.43882
G1 X91.344 Y103.681 E118.5778
G1 X91.344 Y104.503 E118.62758
G1 X115.497 Y128.656 E120.69616
G1 X114.674 Y128.656 E120.746
G1 X91.344 Y105.326 E122.74409
G1 X91.344 Y106.148 E122.79387
G1 X113.852 Y128.656 E124.72156
G1 X113.029 Y128.656 E124.7714
G1 X91.344 Y106.971 E126.6286
G1 X91.344 Y107.793 E126.67838
M73 Q73 S29
G1 X112.207 Y128.656 E128.46518
G1 X111.385 Y128.656 E128.51496
G1 X91.344 Y108.615 E130.23136
G1 X91.344 Y109.438 E130.2812
G1 X110.562 Y128.656 E131.92712
G1 X109.74 Y128.656 E131.9769
G1 X91.344 Y110.26 E133.55242
G1 X91.344 Y111.083 E133.60226
G1 X108.917 Y128.656 E135.10729
G1 X108.095 Y128.656 E135.15707
G1 X91.344 Y111.905 E136.5917
G1 X91.344 Y112.728 E136.64154
G1 X107.272 Y128.656 E138.00569
G1 X106.45 Y128.656 E138.05547
G1 X91.344 Y113.55 E139.34922
G1 X91.344 Y114.372 E139.399
G1 X105.628 Y128.656 E140.62235
G1 X104.805 Y128.656 E140.67219
G1 X91.344 Y115.195 E141.82505
G1 X91.344 Y116.017 E141.87483
G1 X103.983 Y128.656 E142.95729
G1 X103.16 Y128.656 E143.00713
G1 X91.344 Y116.84 E144.01911
G1 X91.344 Y117.662 E144.06889
G1 X102.338 Y128.656 E145.01047
G1 X101.516 Y128.656 E145.06025
G1 X91.344 Y118.484 E145.93143
G1 X91.344 Y119.307 E145.98127
G1 X100.693 Y128.656 E146.78196
G1 X99.871 Y128.656 E146.83174
G1 X91.344 Y120.129 E147.56203
G1 X91.344 Y120.952 E147.61187
G1 X99.048 Y128.656 E148.27168
G1 X98.226 Y128.656 E148.32146
G1 X91.344 Y121.774 E148.91087
G1 X91.344 Y122.597 E148.96071
G1 X97.403 Y128.656 E149.47963
G1 X96.581 Y128.656 E149.52941
G1 X91.344 Y123.419 E149.97793
G1 X91.344 Y124.241 E150.02771
G1 X95.759 Y128.656 E150.40583
G1 X94.936 Y128.656 E150.45567
G1 X91.344 Y125.064 E150.76331
G1 X91.344 Y125.886 E150.81309
G1 X94.114 Y128.656 E151.05033
G1 X93.291 Y128.656 E151.10017
G1 X91.344 Y126.709 E151.26692
G1 X91.344 Y127.531 E151.3167
G1 X92.469 Y128.656 E151.41305
G1 X91.646 Y128.656 E151.46289
G1 X91.161 Y128.17 E151.50447
;LAYER_CHANGE
;Z:31.1
;HEIGHT:0.200001
G1 E149.50447 F2400
G92 E0
G1 Z31.1 F7800
G1 X128.961 Y128.961
G1 E2 F2400
;TYPE:Perimeter
;WIDTH:0.449999
G1 F3254
G1 X91.039 Y128.961 E3.28361
G1 X91.039 Y91.039 E4.56722
G1 X128.961 Y91.039 E5.85083
G1 X128.961 Y128.901 E7.13241
G1 X129.368 Y129.368 F7800
G1 F3254
G1 X90.632 Y129.368 E8.44358
G1 X90.632 Y90.632 E9.75475
G1 X129.368 Y90.632 E11.06592
G1 X129.368 Y129.308 E12.37505
G1 X129.775 Y129.775 F7800
;TYPE:External perimeter
G1 F2400
G1 X90.225 Y129.775 E13.71377
G1 X90.225 Y90.225 E15.05249
G1 X129.775 Y90.225 E16.39121
G1 X129.775 Y129.715 E17.7279
G1 X129.379 Y129.774 F7800
;LAYER_CHANGE
;Z:31.3
;HEIGHT:0.199999
G1 Z31.3 F7800
G1 X128.961 Y128.961
;TYPE:Perimeter
G1 F4800
G1 X91.039 Y128.961 E19.01151
G1 X91.039 Y91.039 E20.29512
G1 X128.961 Y91.039 E21.57873
G1 X128.961 Y128.901 E22.86031
G1 X129.368 Y129.368 F7800
G1 F4800
G1 X90.632 Y129.368 E24.17148
G1 X90.632 Y90.632 E25.48265
G1 X129.368 Y90.632 E26.79382
G1 X129.368 Y129.308 E28.10295
G1 X129.775 Y129.775 F7800
;TYPE:External perimeter
G1 F2400
G1 X90.225 Y129.775 E29.44167
G1 X90.225 Y90.225 E30.78039
G1 X129.775 Y90.225 E32.11911
G1 X129.775 Y129.715 E33.4558
G1 X129.379 Y129.774 F7800
M73 P73 R28
G1 X128.17 Y128.839
;TYPE:Internal infill
;WIDTH:0.45
;HEIGHT:0.4
G1 F4800
G1 X128.656 Y128.354 E33.49738
G1 X128.656 Y127.531 E33.54722
G1 X127.531 Y128.656 E33.64357
G1 X126.709 Y128.656 E33.69335
G1 X128.656 Y126.709 E33.8601
G1 X128.656 Y125.886 E33.90994
G1 X125.886 Y128.656 E34.14718
G1 X125.064 Y128.656 E34.19696
G1 X128.656 Y125.064 E34.5046
G1 X128.656 Y124.241 E34.55444
G1 X124.241 Y128.656 E34.93256
G1 X123.419 Y128.656 E34.98234
G1 X128.656 Y123.419 E35.43086
G1 X128.656 Y122.597 E35.48064
G1 X122.597 Y128.656 E35.99956
G1 X121.774 Y128.656 E36.0494
G1 X128.656 Y121.774 E36.63881
G1 X128.656 Y120.952 E36.68859
G1 X120.952 Y128.656 E37.3484
G1 X120.129 Y128.656 E37.39824
G1 X128.656 Y120.129 E38.12853
G1 X128.656 Y119.307 E38.17831
G1 X119.307 Y128.656 E38.979
G1 X118.484 Y128.656 E39.02884
G1 X128.656 Y118.484 E39.90002
G1 X128.656 Y117.662 E39.9498
G1 X117.662 Y128.656 E40.89138
G1 X116.84 Y128.656 E40.94116
G1 X128.656 Y116.84 E41.95314
G1 X128.656 Y116.017 E42.00298
G1 X116.017 Y128.656 E43.08544
G1 X115.195 Y128.656 E43.13522
G1 X128.656 Y115.195 E44.28808
G1 X128.656 Y114.372 E44.33792
G1 X114.372 Y128.656 E45.56127
G1 X113.55 Y128.656 E45.61105
G1 X128.656 Y113.55 E46.9048
G1 X128.656 Y112.728 E46.95458
G1 X112.728 Y128.656 E48.31873
G1 X111.905 Y128.656 E48.36857
G1 X128.656 Y111.905 E49.8032
G1 X128.656 Y111.083 E49.85298
G1 X111.083 Y128.656 E51.35801
G1 X110.26 Y128.656 E51.40785
G1 X128.656 Y110.26 E52.98337
G1 X128.656 Y109.438 E53.03315
G1 X109.438 Y128.656 E54.67907
G1 X108.615 Y128.656 E54.72891
G1 X128.656 Y108.615 E56.44531
G1 X128.656 Y107.793 E56.49509
G1 X107.793 Y128.656 E58.28189
G1 X106.971 Y128.656 E58.33167
G1 X128.656 Y106.971 E60.18887
G1 X128.656 Y106.148 E60.23871
G1 X106.148 Y128.656 E62.1664
G1 X105.326 Y128.656 E62.21618
G1 X128.656 Y105.326 E64.21427
G1 X128.656 Y104.503 E64.26411
G1 X104.503 Y128.656 E66.33269
G1 X103.681 Y128.656 E66.38247
G1 X128.656 Y103.681 E68.52145
G1 X128.656 Y102.858 E68.57129
G1 X102.858 Y128.656 E70.78075
G1 X102.036 Y128.656 E70.83053
G1 X128.656 Y102.036 E73.11039
G1 X128.656 Y101.214 E73.16017
G1 X101.214 Y128.656 E75.51043
G1 X100.391 Y128.656 E75.56027
G1 X128.656 Y100.391 E77.98102
G1 X128.656 Y99.569 E78.0308
G1 X99.569 Y128.656 E80.52195
G1 X98.746 Y128.656 E80.57179
G1 X128.656 Y98.746 E83.13342
G1 X128.656 Y97.924 E83.1832
G1 X97.924 Y128.656 E85.81523
G1 X97.101 Y128.656 E85.86507
G1 X128.656 Y97.101 E88.56759
G1 X128.656 Y96.279 E88.61737
G1 X96.279 Y128.656 E91.39029
G1 X95.457 Y128.656 E91.44007
G1 X128.656 Y95.457 E94.28339
G1 X128.656 Y94.634 E94.33323
G1 X94.634 Y128.656 E97.24703
G1 X93.812 Y128.656 E97.29681
G1 X128.656 Y93.812 E100.28101
G1 X128.656 Y92.989 E100.33085
G1 X92.989 Y128.656 E103.38554
G1 X92.167 Y128.656 E103.43532
G1 X128.656 Y92.167 E106.56041
G1 X128.656 Y91.344 E106.61025
G1 X91.344 Y128.656 E109.80582
G1 X91.344 Y127.833 E109.85566
G1 X127.833 Y91.344 E112.98075
G1 X127.011 Y91.344 E113.03053
G1 X91.344 Y127.011 E116.08522
G1 X91.344 Y126.188 E116.13506
G1 X126.188 Y91.344 E119.11926
G1 X125.366 Y91.344 E119.16904
G1 X91.344 Y125.366 E122.08284
G1 X91.344 Y124.543 E122.13268
G1 X124.543 Y91.344 E124.976
G1 X123.721 Y91.344 E125.02578
G1 X91.344 Y123.721 E127.7987
G1 X91.344 Y122.899 E127.84848
G1 X122.899 Y91.344 E130.551
G1 X122.076 Y91.344 E130.60084
G1 X91.344 Y122.076 E133.23287
G1 X91.344 Y121.254 E133.28265
G1 X121.254 Y91.344 E135.84428
G1 X120.431 Y91.344 E135.89412
G1 X91.344 Y120.431 E138.38527
G1 X91.344 Y119.609 E138.43505
G1 X119.609 Y91.344 E140.8558
G1 X118.786 Y91.344 E140.90564
G1 X91.344 Y118.786 E143.2559
G1 X91.344 Y117.964 E143.30568
G1 X117.964 Y91.344 E145.58554
G1 X117.142 Y91.344 E145.63532
G1 X91.344 Y117.142 E147.84478
G1 X91.344 Y116.319 E147.89462
G1 X116.319 Y91.344 E150.0336
G1 X115.497 Y91.344 E150.08338
G1 X91.344 Y115.497 E152.15196
G1 X91.344 Y114.674 E152.2018
G1 X114.674 Y91.344 E154.19989
G1 X113.852 Y91.344 E154.24967
M73 Q74 S29
G1 X91.344 Y113.852 E156.17736
G1 X91.344 Y113.029 E156.2272
G1 X113.029 Y91.344 E158.0844
G1 X112.207 Y91.344 E158.13418
G1 X91.344 Y112.207 E159.92098
G1 X91.344 Y111.385 E159.97076
G1 X111.385 Y91.344 E161.68716
G1 X110.562 Y91.344 E161.737
G1 X91.344 Y110.562 E163.38292
G1 X91.344 Y109.74 E163.4327
G1 X109.74 Y91.344 E165.00822
G1 X108.917 Y91.344 E165.05806
G1 X91.344 Y108.917 E166.56309
G1 X91.344 Y108.095 E166.61287
G1 X108.095 Y91.344 E168.0475
G1 X107.272 Y91.344 E168.09734
G1 X91.344 Y107.272 E169.46149
G1 X91.344 Y106.45 E169.51127
G1 X106.45 Y91.344 E170.80502
G1 X105.628 Y91.344 E170.8548
M73 Q74 S28
G1 X91.344 Y105.628 E172.07815
G1 X91.344 Y104.805 E172.12799
G1 X104.805 Y91.344 E173.28085
G1 X103.983 Y91.344 E173.33063
M73 P74 R28
G1 X91.344 Y103.983 E174.41309
G1 X91.344 Y103.16 E174.46293
G1 X103.16 Y91.344 E175.47491
G1 X102.338 Y91.344 E175.52469
G1 X91.344 Y102.338 E176.46627
G1 X91.344 Y101.516 E176.51605
G1 X101.516 Y91.344 E177.38723
G1 X100.693 Y91.344 E177.43707
G1 X91.344 Y100.693 E178.23776
G1 X91.344 Y99.871 E178.28754
G1 X99.871 Y91.344 E179.01783
G1 X99.048 Y91.344 E179.06767
G1 X91.344 Y99.048 E179.72748
G1 X91.344 Y98.226 E179.77726
G1 X98.226 Y91.344 E180.36667
G1 X97.403 Y91.344 E180.41651
G1 X91.344 Y97.403 E180.93543
G1 X91.344 Y96.581 E180.98521
G1 X96.581 Y91.344 E181.43373
G1 X95.759 Y91.344 E181.48351
G1 X91.344 Y95.759 E181.86163
G1 X91.344 Y94.936 E181.91147
G1 X94.936 Y91.344 E182.21911
G1 X94.114 Y91.344 E182.26889
G1 X91.344 Y94.114 E182.50613
G1 X91.344 Y93.291 E182.55597
G1 X93.291 Y91.344 E182.72272
G1 X92.469 Y91.344 E182.7725
G1 X91.344 Y92.469 E182.86885
G1 X91.344 Y91.646 E182.91869
G1 X91.83 Y91.161 E182.96027
;LAYER_CHANGE
;Z:31.5
;HEIGHT:0.200001
G1 E180.96027 F2400
G92 E0
G1 Z31.5 F7800
G1 X128.961 Y128.961
G1 E2 F2400
;TYPE:Perimeter
;WIDTH:0.449999
G1 F3323
G1 X91.039 Y128.961 E3.28361
G1 X91.039 Y91.039 E4.56722
G1 X128.961 Y91.039 E5.85083
G1 X128.961 Y128.901 E7.13241
G1 X129.368 Y129.368 F7800
G1 F3323
G1 X90.632 Y129.368 E8.44358
G1 X90.632 Y90.632 E9.75475
G1 X129.368 Y90.632 E11.06592
G1 X129.368 Y129.308 E12.37505
G1 X129.775 Y129.775 F7800
;TYPE:External perimeter
G1 F2400
G1 X90.225 Y129.775 E13.71377
G1 X90.225 Y90.225 E15.05249
G1 X129.775 Y90.225 E16.39121
G1 X129.775 Y129.715 E17.7279
G1 X129.379 Y129.774 F7800
;LAYER_CHANGE
;Z:31.7
;HEIGHT:0.200001
G1 Z31.7 F7800
G1 X128.961 Y128.961
;TYPE:Perimeter
G1 F4800
G1 X91.039 Y128.961 E19.01151
G1 X91.039 Y91.039 E20.29512
G1 X128.961 Y91.039 E21.57873
G1 X128.961 Y128.901 E22.86031
G1 X129.368 Y129.368 F7800
G1 F4800
G1 X90.632 Y129.368 E24.17148
G1 X90.632 Y90.632 E25.48265
G1 X129.368 Y90.632 E26.79382
G1 X129.368 Y129.308 E28.10295
G1 X129.775 Y129.775 F7800
;TYPE:External perimeter
G1 F2400
G1 X90.225 Y129.775 E29.44167
G1 X90.225 Y90.225 E30.78039
G1 X129.775 Y90.225 E32.11911
G1 X129.775 Y129.715 E33.4558
G1 X129.379 Y129.774 F7800
G1 E31.4558 F2400
G92 E0
G1 X128.839 Y91.83 F7800
G1 E2 F2400
;TYPE:Internal infill
;WIDTH:0.45
;HEIGHT:0.4
G1 F4800
G1 X128.354 Y91.344 E2.04158
G1 X127.531 Y91.344 E2.09142
G1 X128.656 Y92.469 E2.18777
G1 X128.656 Y93.291 E2.23755
G1 X126.709 Y91.344 E2.4043
G1 X125.886 Y91.344 E2.45414
G1 X128.656 Y94.114 E2.69138
G1 X128.656 Y94.936 E2.74116
G1 X125.064 Y91.344 E3.0488
G1 X124.241 Y91.344 E3.09864
G1 X128.656 Y95.759 E3.47676
G1 X128.656 Y96.581 E3.52654
G1 X123.419 Y91.344 E3.97506
G1 X122.597 Y91.344 E4.02484
G1 X128.656 Y97.403 E4.54376
G1 X128.656 Y98.226 E4.5936
G1 X121.774 Y91.344 E5.18301
G1 X120.952 Y91.344 E5.23279
G1 X128.656 Y99.048 E5.8926
G1 X128.656 Y99.871 E5.94244
G1 X120.129 Y91.344 E6.67273
G1 X119.307 Y91.344 E6.72251
G1 X128.656 Y100.693 E7.5232
G1 X128.656 Y101.516 E7.57304
G1 X118.484 Y91.344 E8.44422
G1 X117.662 Y91.344 E8.494
G1 X128.656 Y102.338 E9.43558
G1 X128.656 Y103.16 E9.48536
G1 X116.84 Y91.344 E10.49734
G1 X116.017 Y91.344 E10.54718
G1 X128.656 Y103.983 E11.62964
G1 X128.656 Y104.805 E11.67942
G1 X115.195 Y91.344 E12.83228
G1 X114.372 Y91.344 E12.88212
G1 X128.656 Y105.628 E14.10547
G1 X128.656 Y106.45 E14.15525
M73 P74 R27
G1 X113.55 Y91.344 E15.449
G1 X112.728 Y91.344 E15.49878
G1 X128.656 Y107.272 E16.86293
G1 X128.656 Y108.095 E16.91277
G1 X111.905 Y91.344 E18.3474
G1 X111.083 Y91.344 E18.39718
G1 X128.656 Y108.917 E19.90221
G1 X128.656 Y109.74 E19.95205
G1 X110.26 Y91.344 E21.52757
G1 X109.438 Y91.344 E21.57735
G1 X128.656 Y110.562 E23.22327
G1 X128.656 Y111.385 E23.27311
G1 X108.615 Y91.344 E24.98951
G1 X107.793 Y91.344 E25.03929
G1 X128.656 Y112.207 E26.82609
G1 X128.656 Y113.029 E26.87587
G1 X106.971 Y91.344 E28.73307
G1 X106.148 Y91.344 E28.78291
G1 X128.656 Y113.852 E30.7106
G1 X128.656 Y114.674 E30.76038
G1 X105.326 Y91.344 E32.75847
G1 X104.503 Y91.344 E32.80831
G1 X128.656 Y115.497 E34.87689
G1 X128.656 Y116.319 E34.92667
G1 X103.681 Y91.344 E37.06565
G1 X102.858 Y91.344 E37.11549
G1 X128.656 Y117.142 E39.32495
G1 X128.656 Y117.964 E39.37473
G1 X102.036 Y91.344 E41.65459
G1 X101.214 Y91.344 E41.70437
G1 X128.656 Y118.786 E44.05463
G1 X128.656 Y119.609 E44.10447
G1 X100.391 Y91.344 E46.52522
G1 X99.569 Y91.344 E46.575
G1 X128.656 Y120.431 E49.06615
G1 X128.656 Y121.254 E49.11599
G1 X98.746 Y91.344 E51.67762
G1 X97.924 Y91.344 E51.7274
G1 X128.656 Y122.076 E54.35943
G1 X128.656 Y122.899 E54.40927
G1 X97.101 Y91.344 E57.11179
G1 X96.279 Y91.344 E57.16157
G1 X128.656 Y123.721 E59.93449
G1 X128.656 Y124.543 E59.98427
G1 X95.457 Y91.344 E62.82759
G1 X94.634 Y91.344 E62.87743
G1 X128.656 Y125.366 E65.79123
G1 X128.656 Y126.188 E65.84101
G1 X93.812 Y91.344 E68.82521
G1 X92.989 Y91.344 E68.87505
G1 X128.656 Y127.011 E71.92974
G1 X128.656 Y127.833 E71.97952
G1 X92.167 Y91.344 E75.10461
G1 X91.344 Y91.344 E75.15445
G1 X128.656 Y128.656 E78.35002
G1 X127.833 Y128.656 E78.39986
G1 X91.344 Y92.167 E81.52495
G1 X91.344 Y92.989 E81.57473
G1 X127.011 Y128.656 E84.62942
G1 X126.188 Y128.656 E84.67926
G1 X91.344 Y93.812 E87.66346
G1 X91.344 Y94.634 E87.71324
G1 X125.366 Y128.656 E90.62704
G1 X124.543 Y128.656 E90.67688
G1 X91.344 Y95.457 E93.5202
G1 X91.344 Y96.279 E93.56998
G1 X123.721 Y128.656 E96.3429
G1 X122.899 Y128.656 E96.39268
G1 X91.344 Y97.101 E99.0952
G1 X91.344 Y97.924 E99.14504
G1 X122.076 Y128.656 E101.77707
G1 X121.254 Y128.656 E101.82685
G1 X91.344 Y98.746 E104.38848
G1 X91.344 Y99.569 E104.43832
G1 X120.431 Y128.656 E106.92947
G1 X119.609 Y128.656 E106.97925
G1 X91.344 Y100.391 E109.4
G1 X91.344 Y101.214 E109.44984
G1 X118.786 Y128.656 E111.8001
G1 X117.964 Y128.656 E111.84988
G1 X91.344 Y102.036 E114.12974
G1 X91.344 Y102.858 E114.17952
G1 X117.142 Y128.656 E116.38898
G1 X116.319 Y128.656 E116.43882
G1 X91.344 Y103.681 E118.5778
G1 X91.344 Y104.503 E118.62758
G1 X115.497 Y128.656 E120.69616
G1 X114.674 Y128.656 E120.746
G1 X91.344 Y105.326 E122.74409
G1 X91.344 Y106.148 E122.79387
G1 X113.852 Y128.656 E124.72156
G1 X113.029 Y128.656 E124.7714
G1 X91.344 Y106.971 E126.6286
G1 X91.344 Y107.793 E126.67838
G1 X112.207 Y128.656 E128.46518
G1 X111.385 Y128.656 E128.51496
G1 X91.344 Y108.615 E130.23136
G1 X91.344 Y109.438 E130.2812
G1 X110.562 Y128.656 E131.92712
G1 X109.74 Y128.656 E131.9769
G1 X91.344 Y110.26 E133.55242
G1 X91.344 Y111.083 E133.60226
G1 X108.917 Y128.656 E135.10729
G1 X108.095 Y128.656 E135.15707
G1 X91.344 Y111.905 E136.5917
G1 X91.344 Y112.728 E136.64154
G1 X107.272 Y128.656 E138.00569
G1 X106.45 Y128.656 E138.05547
G1 X91.344 Y113.55 E139.34922
G1 X91.344 Y114.372 E139.399
G1 X105.628 Y128.656 E140.62235
G1 X104.805 Y128.656 E140.67219
G1 X91.344 Y115.195 E141.82505
G1 X91.344 Y116.017 E141.87483
G1 X103.983 Y128.656 E142.95729
G1 X103.16 Y128.656 E143.00713
G1 X91.344 Y116.84 E144.01911
G1 X91.344 Y117.662 E144.06889
G1 X102.338 Y128.656 E145.01047
G1 X101.516 Y128.656 E145.06025
G1 X91.344 Y118.484 E145.93143
G1 X91.344 Y119.307 E145.98127
G1 X100.693 Y128.656 E146.78196
G1 X99.871 Y128.656 E146.83174
G1 X91.344 Y120.129 E147.56203
G1 X91.344 Y120.952 E147.61187
G1 X99.048 Y128.656 E148.27168
G1 X98.226 Y128.656 E148.32146
M73 Q74 S27
G1 X91.344 Y121.774 E148.91087
G1 X91.344 Y122.597 E148.96071
G1 X97.403 Y128.656 E149.47963
G1 X96.581 Y128.656 E149.52941
G1 X91.344 Y123.419 E149.97793
G1 X91.344 Y124.241 E150.02771
G1 X95.759 Y128.656 E150.40583
G1 X94.936 Y128.656 E150.45567
G1 X91.344 Y125.064 E150.76331
G1 X91.344 Y125.886 E150.81309
G1 X94.114 Y128.656 E151.05033
G1 X93.291 Y128.656 E151.10017
G1 X91.344 Y126.709 E151.26692
G1 X91.344 Y127.531 E151.3167
G1 X92.469 Y128.656 E151.41305
G1 X91.646 Y128.656 E151.46289
G1 X91.161 Y128.17 E151.50447
;LAYER_CHANGE
;Z:31.9
;HEIGHT:0.199999
G1 E149.50447 F2400
G92 E0
G1 Z31.9 F7800
G1 X128.961 Y128.961
G1 E2 F2400
;TYPE:Perimeter
;WIDTH:0.449999
G1 F3254
G1 X91.039 Y128.961 E3.28361
G1 X91.039 Y91.039 E4.56722
G1 X128.961 Y91.039 E5.85083
M73 Q75 S27
G1 X128.961 Y128.901 E7.13241
G1 X129.368 Y129.368 F7800
G1 F3254
G1 X90.632 Y129.368 E8.44358
G1 X90.632 Y90.632 E9.75475
G1 X129.368 Y90.632 E11.06592
G1 X129.368 Y129.308 E12.37505
G1 X129.775 Y129.775 F7800
;TYPE:External perimeter
G1 F2400
G1 X90.225 Y129.775 E13.71377
G1 X90.225 Y90.225 E15.05249
M73 P75 R27
G1 X129.775 Y90.225 E16.39121
G1 X129.775 Y129.715 E17.7279
G1 X129.379 Y129.774 F7800
;LAYER_CHANGE
;Z:32.1
;HEIGHT:0.199999
G1 Z32.1 F7800
G1 X128.961 Y128.961
;TYPE:Perimeter
G1 F4800
G1 X91.039 Y128.961 E19.01151
G1 X91.039 Y91.039 E20.29512
G1 X128.961 Y91.039 E21.57873
G1 X128.961 Y128.901 E22.86031
G1 X129.368 Y129.368 F7800
G1 F4800
G1 X90.632 Y129.368 E24.17148
G1 X90.632 Y90.632 E25.48265
G1 X129.368 Y90.632 E26.79382
G1 X129.368 Y129.308 E28.10295
G1 X129.775 Y129.775 F7800
;TYPE:External perimeter
G1 F2400
G1 X90.225 Y129.775 E29.44167
G1 X90.225 Y90.225 E30.78039
G1 X129.775 Y90.225 E32.11911
G1 X129.775 Y129.715 E33.4558
G1 X129.379 Y129.774 F7800
G1 X128.17 Y128.839
;TYPE:Internal infill
;WIDTH:0.45
;HEIGHT:0.4
G1 F4800
G1 X128.656 Y128.354 E33.49738
G1 X128.656 Y127.531 E33.54722
G1 X127.531 Y128.656 E33.64357
G1 X126.709 Y128.656 E33.69335
G1 X128.656 Y126.709 E33.8601
G1 X128.656 Y125.886 E33.90994
G1 X125.886 Y128.656 E34.14718
G1 X125.064 Y128.656 E34.19696
G1 X128.656 Y125.064 E34.5046
G1 X128.656 Y124.241 E34.55444
G1 X124.241 Y128.656 E34.93256
G1 X123.419 Y128.656 E34.98234
G1 X128.656 Y123.419 E35.43086
G1 X128.656 Y122.597 E35.48064
G1 X122.597 Y128.656 E35.99956
G1 X121.774 Y128.656 E36.0494
G1 X128.656 Y121.774 E36.63881
G1 X128.656 Y120.952 E36.68859
G1 X120.952 Y128.656 E37.3484
G1 X120.129 Y128.656 E37.39824
G1 X128.656 Y120.129 E38.12853
G1 X128.656 Y119.307 E38.17831
G1 X119.307 Y128.656 E38.979
G1 X118.484 Y128.656 E39.02884
G1 X128.656 Y118.484 E39.90002
G1 X128.656 Y117.662 E39.9498
G1 X117.662 Y128.656 E40.89138
G1 X116.84 Y128.656 E40.94116
G1 X128.656 Y116.84 E41.95314
G1 X128.656 Y116.017 E42.00298
G1 X116.017 Y128.656 E43.08544
G1 X115.195 Y128.656 E43.13522
G1 X128.656 Y115.195 E44.28808
G1 X128.656 Y114.372 E44.33792
G1 X114.372 Y128.656 E45.56127
G1 X113.55 Y128.656 E45.61105
G1 X128.656 Y113.55 E46.9048
G1 X128.656 Y112.728 E46.95458
G1 X112.728 Y128.656 E48.31873
G1 X111.905 Y128.656 E48.36857
G1 X128.656 Y111.905 E49.8032
G1 X128.656 Y111.083 E49.85298
G1 X111.083 Y128.656 E51.35801
G1 X110.26 Y128.656 E51.40785
G1 X128.656 Y110.26 E52.98337
G1 X128.656 Y109.438 E53.03315
G1 X109.438 Y128.656 E54.67907
G1 X108.615 Y128.656 E54.72891
G1 X128.656 Y108.615 E56.44531
G1 X128.656 Y107.793 E56.49509
G1 X107.793 Y128.656 E58.28189
G1 X106.971 Y128.656 E58.33167
G1 X128.656 Y106.971 E60.18887
G1 X128.656 Y106.148 E60.23871
G1 X106.148 Y128.656 E62.1664
G1 X105.326 Y128.656 E62.21618
G1 X128.656 Y105.326 E64.21427
G1 X128.656 Y104.503 E64.26411
M73 P75 R26
G1 X104.503 Y128.656 E66.33269
G1 X103.681 Y128.656 E66.38247
G1 X128.656 Y103.681 E68.52145
G1 X128.656 Y102.858 E68.57129
G1 X102.858 Y128.656 E70.78075
G1 X102.036 Y128.656 E70.83053
G1 X128.656 Y102.036 E73.11039
G1 X128.656 Y101.214 E73.16017
G1 X101.214 Y128.656 E75.51043
G1 X100.391 Y128.656 E75.56027
G1 X128.656 Y100.391 E77.98102
G1 X128.656 Y99.569 E78.0308
G1 X99.569 Y128.656 E80.52195
G1 X98.746 Y128.656 E80.57179
G1 X128.656 Y98.746 E83.13342
G1 X128.656 Y97.924 E83.1832
G1 X97.924 Y128.656 E85.81523
G1 X97.101 Y128.656 E85.86507
G1 X128.656 Y97.101 E88.56759
G1 X128.656 Y96.279 E88.61737
G1 X96.279 Y128.656 E91.39029
G1 X95.457 Y128.656 E91.44007
G1 X128.656 Y95.457 E94.28339
G1 X128.656 Y94.634 E94.33323
G1 X94.634 Y128.656 E97.24703
G1 X93.812 Y128.656 E97.29681
G1 X128.656 Y93.812 E100.28101
G1 X128.656 Y92.989 E100.33085
G1 X92.989 Y128.656 E103.38554
G1 X92.167 Y128.656 E103.43532
G1 X128.656 Y92.167 E106.56041
G1 X128.656 Y91.344 E106.61025
G1 X91.344 Y128.656 E109.80582
G1 X91.344 Y127.833 E109.85566
G1 X127.833 Y91.344 E112.98075
G1 X127.011 Y91.344 E113.03053
G1 X91.344 Y127.011 E116.08522
G1 X91.344 Y126.188 E116.13506
G1 X126.188 Y91.344 E119.11926
G1 X125.366 Y91.344 E119.16904
G1 X91.344 Y125.366 E122.08284
G1 X91.344 Y124.543 E122.13268
G1 X124.543 Y91.344 E124.976
G1 X123.721 Y91.344 E125.02578
G1 X91.344 Y123.721 E127.7987
G1 X91.344 Y122.899 E127.84848
G1 X122.899 Y91.344 E130.551
G1 X122.076 Y91.344 E130.60084
G1 X91.344 Y122.076 E133.23287
G1 X91.344 Y121.254 E133.28265
G1 X121.254 Y91.344 E135.84428
G1 X120.431 Y91.344 E135.89412
G1 X91.344 Y120.431 E138.38527
G1 X91.344 Y119.609 E138.43505
G1 X119.609 Y91.344 E140.8558
G1 X118.786 Y91.344 E140.90564
G1 X91.344 Y118.786 E143.2559
G1 X91.344 Y117.964 E143.30568
G1 X117.964 Y91.344 E145.58554
G1 X117.142 Y91.344 E145.63532
G1 X91.344 Y117.142 E147.84478
G1 X91.344 Y116.319 E147.89462
G1 X116.319 Y91.344 E150.0336
G1 X115.497 Y91.344 E150.08338
G1 X91.344 Y115.497 E152.15196
G1 X91.344 Y114.674 E152.2018
G1 X114.674 Y91.344 E154.19989
G1 X113.852 Y91.344 E154.24967
G1 X91.344 Y113.852 E156.17736
G1 X91.344 Y113.029 E156.2272
G1 X113.029 Y91.344 E158.0844
G1 X112.207 Y91.344 E158.13418
G1 X91.344 Y112.207 E159.92098
G1 X91.344 Y111.385 E159.97076
G1 X111.385 Y91.344 E161.68716
G1 X110.562 Y91.344 E161.737
G1 X91.344 Y110.562 E163.38292
G1 X91.344 Y109.74 E163.4327
G1 X109.74 Y91.344 E165.00822
G1 X108.917 Y91.344 E165.05806
G1 X91.344 Y108.917 E166.56309
G1 X91.344 Y108.095 E166.61287
G1 X108.095 Y91.344 E168.0475
G1 X107.272 Y91.344 E168.09734
G1 X91.344 Y107.272 E169.46149
G1 X91.344 Y106.45 E169.51127
G1 X106.45 Y91.344 E170.80502
G1 X105.628 Y91.344 E170.8548
G1 X91.344 Y105.628 E172.07815
G1 X91.344 Y104.805 E172.12799
G1 X104.805 Y91.344 E173.28085
G1 X103.983 Y91.344 E173.33063
G1 X91.344 Y103.983 E174.41309
G1 X91.344 Y103.16 E174.46293
G1 X103.16 Y91.344 E175.47491
G1 X102.338 Y91.344 E175.52469
G1 X91.344 Y102.338 E176.46627
G1 X91.344 Y101.516 E176.51605
G1 X101.516 Y91.344 E177.38723
G1 X100.693 Y91.344 E177.43707
G1 X91.344 Y100.693 E178.23776
G1 X91.344 Y99.871 E178.28754
G1 X99.871 Y91.344 E179.01783
G1 X99.048 Y91.344 E179.06767
G1 X91.344 Y99.048 E179.72748
G1 X91.344 Y98.226 E179.77726
G1 X98.226 Y91.344 E180.36667
G1 X97.403 Y91.344 E180.41651
G1 X91.344 Y97.403 E180.93543
G1 X91.344 Y96.581 E180.98521
G1 X96.581 Y91.344 E181.43373
G1 X95.759 Y91.344 E181.48351
G1 X91.344 Y95.759 E181.86163
G1 X91.344 Y94.936 E181.91147
G1 X94.936 Y91.344 E182.21911
G1 X94.114 Y91.344 E182.26889
G1 X91.344 Y94.114 E182.50613
G1 X91.344 Y93.291 E182.55597
G1 X93.291 Y91.344 E182.72272
G1 X92.469 Y91.344 E182.7725
G1 X91.344 Y92.469 E182.86885
G1 X91.344 Y91.646 E182.91869
G1 X91.83 Y91.161 E182.96027
;LAYER_CHANGE
;Z:32.3
;HEIGHT:0.200001
G1 E180.96027 F2400
G92 E0
G1 Z32.3 F7800
G1 X128.961 Y128.961
G1 E2 F2400
;TYPE:Perimeter
;WIDTH:0.449999
G1 F3323
G1 X91.039 Y128.961 E3.28361
G1 X91.039 Y91.039 E4.56722
G1 X128.961 Y91.039 E5.85083
M73 Q75 S26
G1 X128.961 Y128.901 E7.13241
G1 X129.368 Y129.368 F7800
G1 F3323
G1 X90.632 Y129.368 E8.44358
G1 X90.632 Y90.632 E9.75475
G1 X129.368 Y90.632 E11.06592
G1 X129.368 Y129.308 E12.37505
G1 X129.775 Y129.775 F7800
;TYPE:External perimeter
G1 F2400
G1 X90.225 Y129.775 E13.71377
G1 X90.225 Y90.225 E15.05249
G1 X129.775 Y90.225 E16.39121
G1 X129.775 Y129.715 E17.7279
G1 X129.379 Y129.774 F7800
;LAYER_CHANGE
;Z:32.5
;HEIGHT:0.200001
G1 Z32.5 F7800
G1 X128.961 Y128.961
;TYPE:Perimeter
G1 F4800
G1 X91.039 Y128.961 E19.01151
G1 X91.039 Y91.039 E20.29512
G1 X128.961 Y91.039 E21.57873
M73 Q76 S26
G1 X128.961 Y128.901 E22.86031
G1 X129.368 Y129.368 F7800
G1 F4800
G1 X90.632 Y129.368 E24.17148
G1 X90.632 Y90.632 E25.48265
G1 X129.368 Y90.632 E26.79382
G1 X129.368 Y129.308 E28.10295
G1 X129.775 Y129.775 F7800
;TYPE:External perimeter
G1 F2400
G1 X90.225 Y129.775 E29.44167
G1 X90.225 Y90.225 E30.78039
G1 X129.775 Y90.225 E32.11911
G1 X129.775 Y129.715 E33.4558
M73 P76 R26
G1 X129.379 Y129.774 F7800
G1 E31.4558 F2400
G92 E0
G1 X128.839 Y91.83 F7800
G1 E2 F2400
;TYPE:Internal infill
;WIDTH:0.45
;HEIGHT:0.4
G1 F4800
G1 X128.354 Y91.344 E2.04158
G1 X127.531 Y91.344 E2.09142
G1 X128.656 Y92.469 E2.18777
G1 X128.656 Y93.291 E2.23755
G1 X126.709 Y91.344 E2.4043
G1 X125.886 Y91.344 E2.45414
G1 X128.656 Y94.114 E2.69138
G1 X128.656 Y94.936 E2.74116
G1 X125.064 Y91.344 E3.0488
G1 X124.241 Y91.344 E3.09864
G1 X128.656 Y95.759 E3.47676
G1 X128.656 Y96.581 E3.52654
G1 X123.419 Y91.344 E3.97506
G1 X122.597 Y91.344 E4.02484
G1 X128.656 Y97.403 E4.54376
G1 X128.656 Y98.226 E4.5936
G1 X121.774 Y91.344 E5.18301
G1 X120.952 Y91.344 E5.23279
G1 X128.656 Y99.048 E5.8926
G1 X128.656 Y99.871 E5.94244
G1 X120.129 Y91.344 E6.67273
G1 X119.307 Y91.344 E6.72251
G1 X128.656 Y100.693 E7.5232
G1 X128.656 Y101.516 E7.57304
G1 X118.484 Y91.344 E8.44422
G1 X117.662 Y91.344 E8.494
G1 X128.656 Y102.338 E9.43558
G1 X128.656 Y103.16 E9.48536
G1 X116.84 Y91.344 E10.49734
G1 X116.017 Y91.344 E10.54718
G1 X128.656 Y103.983 E11.62964
G1 X128.656 Y104.805 E11.67942
G1 X115.195 Y91.344 E12.83228
G1 X114.372 Y91.344 E12.88212
G1 X128.656 Y105.628 E14.10547
G1 X128.656 Y106.45 E14.15525
G1 X113.55 Y91.344 E15.449
G1 X112.728 Y91.344 E15.49878
G1 X128.656 Y107.272 E16.86293
G1 X128.656 Y108.095 E16.91277
G1 X111.905 Y91.344 E18.3474
G1 X111.083 Y91.344 E18.39718
G1 X128.656 Y108.917 E19.90221
G1 X128.656 Y109.74 E19.95205
G1 X110.26 Y91.344 E21.52757
G1 X109.438 Y91.344 E21.57735
G1 X128.656 Y110.562 E23.22327
G1 X128.656 Y111.385 E23.27311
G1 X108.615 Y91.344 E24.98951
G1 X107.793 Y91.344 E25.03929
G1 X128.656 Y112.207 E26.82609
G1 X128.656 Y113.029 E26.87587
G1 X106.971 Y91.344 E28.73307
G1 X106.148 Y91.344 E28.78291
G1 X128.656 Y113.852 E30.7106
G1 X128.656 Y114.674 E30.76038
G1 X105.326 Y91.344 E32.75847
G1 X104.503 Y91.344 E32.80831
G1 X128.656 Y115.497 E34.87689
G1 X128.656 Y116.319 E34.92667
G1 X103.681 Y91.344 E37.06565
G1 X102.858 Y91.344 E37.11549
G1 X128.656 Y117.142 E39.32495
G1 X128.656 Y117.964 E39.37473
G1 X102.036 Y91.344 E41.65459
G1 X101.214 Y91.344 E41.70437
G1 X128.656 Y118.786 E44.05463
G1 X128.656 Y119.609 E44.10447
G1 X100.391 Y91.344 E46.52522
G1 X99.569 Y91.344 E46.575
G1 X128.656 Y120.431 E49.06615
G1 X128.656 Y121.254 E49.11599
G1 X98.746 Y91.344 E51.67762
G1 X97.924 Y91.344 E51.7274
M73 P76 R25
G1 X128.656 Y122.076 E54.35943
G1 X128.656 Y122.899 E54.40927
G1 X97.101 Y91.344 E57.11179
G1 X96.279 Y91.344 E57.16157
G1 X128.656 Y123.721 E59.93449
G1 X128.656 Y124.543 E59.98427
G1 X95.457 Y91.344 E62.82759
G1 X94.634 Y91.344 E62.87743
G1 X128.656 Y125.366 E65.79123
G1 X128.656 Y126.188 E65.84101
G1 X93.812 Y91.344 E68.82521
G1 X92.989 Y91.344 E68.87505
G1 X128.656 Y127.011 E71.92974
G1 X128.656 Y127.833 E71.97952
G1 X92.167 Y91.344 E75.10461
G1 X91.344 Y91.344 E75.15445
G1 X128.656 Y128.656 E78.35002
G1 X127.833 Y128.656 E78.39986
G1 X91.344 Y92.167 E81.52495
G1 X91.344 Y92.989 E81.57473
G1 X127.011 Y128.656 E84.62942
G1 X126.188 Y128.656 E84.67926
G1 X91.344 Y93.812 E87.66346
G1 X91.344 Y94.634 E87.71324
G1 X125.366 Y128.656 E90.62704
G1 X124.543 Y128.656 E90.67688
G1 X91.344 Y95.457 E93.5202
G1 X91.344 Y96.279 E93.56998
G1 X123.721 Y128.656 E96.3429
G1 X122.899 Y128.656 E96.39268
G1 X91.344 Y97.101 E99.0952
G1 X91.344 Y97.924 E99.14504
G1 X122.076 Y128.656 E101.77707
G1 X121.254 Y128.656 E101.82685
G1 X91.344 Y98.746 E104.38848
G1 X91.344 Y99.569 E104.43832
G1 X120.431 Y128.656 E106.92947
G1 X119.609 Y128.656 E106.97925
G1 X91.344 Y100.391 E109.4
G1 X91.344 Y101.214 E109.44984
G1 X118.786 Y128.656 E111.8001
G1 X117.964 Y128.656 E111.84988
G1 X91.344 Y102.036 E114.12974
G1 X91.344 Y102.858 E114.17952
G1 X117.142 Y128.656 E116.38898
G1 X116.319 Y128.656 E116.43882
G1 X91.344 Y103.681 E118.5778
G1 X91.344 Y104.503 E118.62758
G1 X115.497 Y128.656 E120.69616
G1 X114.674 Y128.656 E120.746
G1 X91.344 Y105.326 E122.74409
G1 X91.344 Y106.148 E122.79387
G1 X113.852 Y128.656 E124.72156
G1 X113.029 Y128.656 E124.7714
G1 X91.344 Y106.971 E126.6286
G1 X91.344 Y107.793 E126.67838
G1 X112.207 Y128.656 E128.46518
G1 X111.385 Y128.656 E128.51496
G1 X91.344 Y108.615 E130.23136
G1 X91.344 Y109.438 E130.2812
G1 X110.562 Y128.656 E131.92712
G1 X109.74 Y128.656 E131.9769
G1 X91.344 Y110.26 E133.55242
G1 X91.344 Y111.083 E133.60226
G1 X108.917 Y128.656 E135.10729
G1 X108.095 Y128.656 E135.15707
G1 X91.344 Y111.905 E136.5917
G1 X91.344 Y112.728 E136.64154
G1 X107.272 Y128.656 E138.00569
G1 X106.45 Y128.656 E138.05547
G1 X91.344 Y113.55 E139.34922
G1 X91.344 Y114.372 E139.399
G1 X105.628 Y128.656 E140.62235
G1 X104.805 Y128.656 E140.67219
G1 X91.344 Y115.195 E141.82505
G1 X91.344 Y116.017 E141.87483
G1 X103.983 Y128.656 E142.95729
G1 X103.16 Y128.656 E143.00713
G1 X91.344 Y116.84 E144.01911
G1 X91.344 Y117.662 E144.06889
G1 X102.338 Y128.656 E145.01047
G1 X101.516 Y128.656 E145.06025
G1 X91.344 Y118.484 E145.93143
G1 X91.344 Y119.307 E145.98127
G1 X100.693 Y128.656 E146.78196
G1 X99.871 Y128.656 E146.83174
G1 X91.344 Y120.129 E147.56203
G1 X91.344 Y120.952 E147.61187
G1 X99.048 Y128.656 E148.27168
G1 X98.226 Y128.656 E148.32146
G1 X91.344 Y121.774 E148.91087
G1 X91.344 Y122.597 E148.96071
G1 X97.403 Y128.656 E149.47963
G1 X96.581 Y128.656 E149.52941
G1 X91.344 Y123.419 E149.97793
G1 X91.344 Y124.241 E150.02771
G1 X95.759 Y128.656 E150.40583
G1 X94.936 Y128.656 E150.45567
G1 X91.344 Y125.064 E150.76331
G1 X91.344 Y125.886 E150.81309
G1 X94.114 Y128.656 E151.05033
G1 X93.291 Y128.656 E151.10017
G1 X91.344 Y126.709 E151.26692
G1 X91.344 Y127.531 E151.3167
G1 X92.469 Y128.656 E151.41305
G1 X91.646 Y128.656 E151.46289
G1 X91.161 Y128.17 E151.50447
;LAYER_CHANGE
;Z:32.7
;HEIGHT:0.200001
G1 E149.50447 F2400
G92 E0
G1 Z32.7 F7800
G1 X128.961 Y128.961
G1 E2 F2400
;TYPE:Perimeter
;WIDTH:0.449999
G1 F3254
G1 X91.039 Y128.961 E3.28361
G1 X91.039 Y91.039 E4.56722
G1 X128.961 Y91.039 E5.85083
G1 X128.961 Y128.901 E7.13241
G1 X129.368 Y129.368 F7800
G1 F3254
G1 X90.632 Y129.368 E8.44358
G1 X90.632 Y90.632 E9.75475
G1 X129.368 Y90.632 E11.06592
M73 Q76 S25
G1 X129.368 Y129.308 E12.37505
G1 X129.775 Y129.775 F7800
;TYPE:External perimeter
G1 F2400
G1 X90.225 Y129.775 E13.71377
G1 X90.225 Y90.225 E15.05249
G1 X129.775 Y90.225 E16.39121
G1 X129.775 Y129.715 E17.7279
G1 X129.379 Y129.774 F7800
;LAYER_CHANGE
;Z:32.9
;HEIGHT:0.200001
G1 Z32.9 F7800
G1 X128.961 Y128.961
;TYPE:Perimeter
G1 F4800
G1 X91.039 Y128.961 E19.01151
G1 X91.039 Y91.039 E20.29512
G1 X128.961 Y91.039 E21.57873
G1 X128.961 Y128.901 E22.86031
G1 X129.368 Y129.368 F7800
G1 F4800
G1 X90.632 Y129.368 E24.17148
G1 X90.632 Y90.632 E25.48265
G1 X129.368 Y90.632 E26.79382
G1 X129.368 Y129.308 E28.10295
G1 X129.775 Y129.775 F7800
;TYPE:External perimeter
G1 F2400
G1 X90.225 Y129.775 E29.44167
G1 X90.225 Y90.225 E30.78039
G1 X129.775 Y90.225 E32.11911
G1 X129.775 Y129.715 E33.4558
G1 X129.379 Y129.774 F7800
G1 X128.17 Y128.839
;TYPE:Internal infill
;WIDTH:0.45
;HEIGHT:0.4
G1 F4800
G1 X128.656 Y128.354 E33.49738
G1 X128.656 Y127.531 E33.54722
G1 X127.531 Y128.656 E33.64357
G1 X126.709 Y128.656 E33.69335
G1 X128.656 Y126.709 E33.8601
G1 X128.656 Y125.886 E33.90994
G1 X125.886 Y128.656 E34.14718
G1 X125.064 Y128.656 E34.19696
G1 X128.656 Y125.064 E34.5046
G1 X128.656 Y124.241 E34.55444
G1 X124.241 Y128.656 E34.93256
G1 X123.419 Y128.656 E34.98234
G1 X128.656 Y123.419 E35.43086
G1 X128.656 Y122.597 E35.48064
G1 X122.597 Y128.656 E35.99956
G1 X121.774 Y128.656 E36.0494
G1 X128.656 Y121.774 E36.63881
G1 X128.656 Y120.952 E36.68859
G1 X120.952 Y128.656 E37.3484
G1 X120.129 Y128.656 E37.39824
G1 X128.656 Y120.129 E38.12853
G1 X128.656 Y119.307 E38.17831
G1 X119.307 Y128.656 E38.979
G1 X118.484 Y128.656 E39.02884
G1 X128.656 Y118.484 E39.90002
G1 X128.656 Y117.662 E39.9498
M73 Q77 S25
G1 X117.662 Y128.656 E40.89138
G1 X116.84 Y128.656 E40.94116
G1 X128.656 Y116.84 E41.95314
G1 X128.656 Y116.017 E42.00298
G1 X116.017 Y128.656 E43.08544
G1 X115.195 Y128.656 E43.13522
G1 X128.656 Y115.195 E44.28808
G1 X128.656 Y114.372 E44.33792
G1 X114.372 Y128.656 E45.56127
G1 X113.55 Y128.656 E45.61105
G1 X128.656 Y113.55 E46.9048
G1 X128.656 Y112.728 E46.95458
G1 X112.728 Y128.656 E48.31873
G1 X111.905 Y128.656 E48.36857
G1 X128.656 Y111.905 E49.8032
G1 X128.656 Y111.083 E49.85298
G1 X111.083 Y128.656 E51.35801
G1 X110.26 Y128.656 E51.40785
G1 X128.656 Y110.26 E52.98337
G1 X128.656 Y109.438 E53.03315
G1 X109.438 Y128.656 E54.67907
G1 X108.615 Y128.656 E54.72891
G1 X128.656 Y108.615 E56.44531
G1 X128.656 Y107.793 E56.49509
G1 X107.793 Y128.656 E58.28189
G1 X106.971 Y128.656 E58.33167
G1 X128.656 Y106.971 E60.18887
G1 X128.656 Y106.148 E60.23871
G1 X106.148 Y128.656 E62.1664
G1 X105.326 Y128.656 E62.21618
G1 X128.656 Y105.326 E64.21427
G1 X128.656 Y104.503 E64.26411
M73 P77 R25
G1 X104.503 Y128.656 E66.33269
G1 X103.681 Y128.656 E66.38247
G1 X128.656 Y103.681 E68.52145
G1 X128.656 Y102.858 E68.57129
G1 X102.858 Y128.656 E70.78075
G1 X102.036 Y128.656 E70.83053
G1 X128.656 Y102.036 E73.11039
G1 X128.656 Y101.214 E73.16017
G1 X101.214 Y128.656 E75.51043
G1 X100.391 Y128.656 E75.56027
G1 X128.656 Y100.391 E77.98102
G1 X128.656 Y99.569 E78.0308
G1 X99.569 Y128.656 E80.52195
G1 X98.746 Y128.656 E80.57179
G1 X128.656 Y98.746 E83.13342
G1 X128.656 Y97.924 E83.1832
G1 X97.924 Y128.656 E85.81523
G1 X97.101 Y128.656 E85.86507
G1 X128.656 Y97.101 E88.56759
G1 X128.656 Y96.279 E88.61737
G1 X96.279 Y128.656 E91.39029
G1 X95.457 Y128.656 E91.44007
G1 X128.656 Y95.457 E94.28339
G1 X128.656 Y94.634 E94.33323
G1 X94.634 Y128.656 E97.24703
G1 X93.812 Y128.656 E97.29681
G1 X128.656 Y93.812 E100.28101
G1 X128.656 Y92.989 E100.33085
G1 X92.989 Y128.656 E103.38554
G1 X92.167 Y128.656 E103.43532
M73 P77 R24
G1 X128.656 Y92.167 E106.56041
G1 X128.656 Y91.344 E106.61025
G1 X91.344 Y128.656 E109.80582
G1 X91.344 Y127.833 E109.85566
G1 X127.833 Y91.344 E112.98075
G1 X127.011 Y91.344 E113.03053
G1 X91.344 Y127.011 E116.08522
G1 X91.344 Y126.188 E116.13506
G1 X126.188 Y91.344 E119.11926
G1 X125.366 Y91.344 E119.16904
G1 X91.344 Y125.366 E122.08284
G1 X91.344 Y124.543 E122.13268
G1 X124.543 Y91.344 E124.976
G1 X123.721 Y91.344 E125.02578
G1 X91.344 Y123.721 E127.7987
G1 X91.344 Y122.899 E127.84848
G1 X122.899 Y91.344 E130.551
G1 X122.076 Y91.344 E130.60084
G1 X91.344 Y122.076 E133.23287
G1 X91.344 Y121.254 E133.28265
G1 X121.254 Y91.344 E135.84428
G1 X120.431 Y91.344 E135.89412
G1 X91.344 Y120.431 E138.38527
G1 X91.344 Y119.609 E138.43505
G1 X119.609 Y91.344 E140.8558
G1 X118.786 Y91.344 E140.90564
G1 X91.344 Y118.786 E143.2559
G1 X91.344 Y117.964 E143.30568
G1 X117.964 Y91.344 E145.58554
G1 X117.142 Y91.344 E145.63532
G1 X91.344 Y117.142 E147.84478
G1 X91.344 Y116.319 E147.89462
G1 X116.319 Y91.344 E150.0336
G1 X115.497 Y91.344 E150.08338
G1 X91.344 Y115.497 E152.15196
G1 X91.344 Y114.674 E152.2018
G1 X114.674 Y91.344 E154.19989
G1 X113.852 Y91.344 E154.24967
G1 X91.344 Y113.852 E156.17736
G1 X91.344 Y113.029 E156.2272
G1 X113.029 Y91.344 E158.0844
G1 X112.207 Y91.344 E158.13418
G1 X91.344 Y112.207 E159.92098
G1 X91.344 Y111.385 E159.97076
G1 X111.385 Y91.344 E161.68716
G1 X110.562 Y91.344 E161.737
G1 X91.344 Y110.562 E163.38292
G1 X91.344 Y109.74 E163.4327
G1 X109.74 Y91.344 E165.00822
G1 X108.917 Y91.344 E165.05806
G1 X91.344 Y108.917 E166.56309
G1 X91.344 Y108.095 E166.61287
G1 X108.095 Y91.344 E168.0475
G1 X107.272 Y91.344 E168.09734
G1 X91.344 Y107.272 E169.46149
G1 X91.344 Y106.45 E169.51127
G1 X106.45 Y91.344 E170.80502
G1 X105.628 Y91.344 E170.8548
G1 X91.344 Y105.628 E172.07815
G1 X91.344 Y104.805 E172.12799
G1 X104.805 Y91.344 E173.28085
G1 X103.983 Y91.344 E173.33063
G1 X91.344 Y103.983 E174.41309
G1 X91.344 Y103.16 E174.46293
G1 X103.16 Y91.344 E175.47491
G1 X102.338 Y91.344 E175.52469
G1 X91.344 Y102.338 E176.46627
G1 X91.344 Y101.516 E176.51605
G1 X101.516 Y91.344 E177.38723
G1 X100.693 Y91.344 E177.43707
G1 X91.344 Y100.693 E178.23776
G1 X91.344 Y99.871 E178.28754
G1 X99.871 Y91.344 E179.01783
G1 X99.048 Y91.344 E179.06767
G1 X91.344 Y99.048 E179.72748
G1 X91.344 Y98.226 E179.77726
G1 X98.226 Y91.344 E180.36667
G1 X97.403 Y91.344 E180.41651
G1 X91.344 Y97.403 E180.93543
G1 X91.344 Y96.581 E180.98521
G1 X96.581 Y91.344 E181.43373
G1 X95.759 Y91.344 E181.48351
G1 X91.344 Y95.759 E181.86163
G1 X91.344 Y94.936 E181.91147
G1 X94.936 Y91.344 E182.21911
G1 X94.114 Y91.344 E182.26889
G1 X91.344 Y94.114 E182.50613
G1 X91.344 Y93.291 E182.55597
G1 X93.291 Y91.344 E182.72272
G1 X92.469 Y91.344 E182.7725
G1 X91.344 Y92.469 E182.86885
G1 X91.344 Y91.646 E182.91869
G1 X91.83 Y91.161 E182.96027
;LAYER_CHANGE
;Z:33.1
;HEIGHT:0.199997
G1 E180.96027 F2400
G92 E0
G1 Z33.1 F7800
G1 X128.961 Y128.961
G1 E2 F2400
;TYPE:Perimeter
;WIDTH:0.449999
G1 F3323
G1 X91.039 Y128.961 E3.28361
G1 X91.039 Y91.039 E4.56722
G1 X128.961 Y91.039 E5.85083
G1 X128.961 Y128.901 E7.13241
G1 X129.368 Y129.368 F7800
G1 F3323
G1 X90.632 Y129.368 E8.44358
G1 X90.632 Y90.632 E9.75475
G1 X129.368 Y90.632 E11.06592
G1 X129.368 Y129.308 E12.37505
G1 X129.775 Y129.775 F7800
;TYPE:External perimeter
G1 F2400
G1 X90.225 Y129.775 E13.71377
G1 X90.225 Y90.225 E15.05249
G1 X129.775 Y90.225 E16.39121
M73 Q77 S24
G1 X129.775 Y129.715 E17.7279
G1 X129.379 Y129.774 F7800
;LAYER_CHANGE
;Z:33.3
;HEIGHT:0.200001
G1 Z33.3 F7800
G1 X128.961 Y128.961
;TYPE:Perimeter
G1 F4800
G1 X91.039 Y128.961 E19.01151
G1 X91.039 Y91.039 E20.29512
G1 X128.961 Y91.039 E21.57873
G1 X128.961 Y128.901 E22.86031
G1 X129.368 Y129.368 F7800
G1 F4800
G1 X90.632 Y129.368 E24.17148
G1 X90.632 Y90.632 E25.48265
G1 X129.368 Y90.632 E26.79382
G1 X129.368 Y129.308 E28.10295
G1 X129.775 Y129.775 F7800
;TYPE:External perimeter
G1 F2400
G1 X90.225 Y129.775 E29.44167
G1 X90.225 Y90.225 E30.78039
G1 X129.775 Y90.225 E32.11911
G1 X129.775 Y129.715 E33.4558
G1 X129.379 Y129.774 F7800
G1 E31.4558 F2400
G92 E0
G1 X128.839 Y91.83 F7800
G1 E2 F2400
;TYPE:Internal infill
;WIDTH:0.45
;HEIGHT:0.4
G1 F4800
G1 X128.354 Y91.344 E2.04158
G1 X127.531 Y91.344 E2.09142
G1 X128.656 Y92.469 E2.18777
G1 X128.656 Y93.291 E2.23755
G1 X126.709 Y91.344 E2.4043
G1 X125.886 Y91.344 E2.45414
G1 X128.656 Y94.114 E2.69138
G1 X128.656 Y94.936 E2.74116
G1 X125.064 Y91.344 E3.0488
G1 X124.241 Y91.344 E3.09864
G1 X128.656 Y95.759 E3.47676
G1 X128.656 Y96.581 E3.52654
G1 X123.419 Y91.344 E3.97506
G1 X122.597 Y91.344 E4.02484
G1 X128.656 Y97.403 E4.54376
G1 X128.656 Y98.226 E4.5936
G1 X121.774 Y91.344 E5.18301
G1 X120.952 Y91.344 E5.23279
G1 X128.656 Y99.048 E5.8926
G1 X128.656 Y99.871 E5.94244
G1 X120.129 Y91.344 E6.67273
G1 X119.307 Y91.344 E6.72251
G1 X128.656 Y100.693 E7.5232
G1 X128.656 Y101.516 E7.57304
G1 X118.484 Y91.344 E8.44422
G1 X117.662 Y91.344 E8.494
G1 X128.656 Y102.338 E9.43558
G1 X128.656 Y103.16 E9.48536
G1 X116.84 Y91.344 E10.49734
G1 X116.017 Y91.344 E10.54718
G1 X128.656 Y103.983 E11.62964
G1 X128.656 Y104.805 E11.67942
G1 X115.195 Y91.344 E12.83228
G1 X114.372 Y91.344 E12.88212
G1 X128.656 Y105.628 E14.10547
G1 X128.656 Y106.45 E14.15525
G1 X113.55 Y91.344 E15.449
G1 X112.728 Y91.344 E15.49878
G1 X128.656 Y107.272 E16.86293
G1 X128.656 Y108.095 E16.91277
G1 X111.905 Y91.344 E18.3474
G1 X111.083 Y91.344 E18.39718
G1 X128.656 Y108.917 E19.90221
G1 X128.656 Y109.74 E19.95205
G1 X110.26 Y91.344 E21.52757
G1 X109.438 Y91.344 E21.57735
G1 X128.656 Y110.562 E23.22327
G1 X128.656 Y111.385 E23.27311
G1 X108.615 Y91.344 E24.98951
G1 X107.793 Y91.344 E25.03929
G1 X128.656 Y112.207 E26.82609
G1 X128.656 Y113.029 E26.87587
G1 X106.971 Y91.344 E28.73307
G1 X106.148 Y91.344 E28.78291
G1 X128.656 Y113.852 E30.7106
G1 X128.656 Y114.674 E30.76038
G1 X105.326 Y91.344 E32.75847
G1 X104.503 Y91.344 E32.80831
G1 X128.656 Y115.497 E34.87689
G1 X128.656 Y116.319 E34.92667
G1 X103.681 Y91.344 E37.06565
G1 X102.858 Y91.344 E37.11549
G1 X128.656 Y117.142 E39.32495
G1 X128.656 Y117.964 E39.37473
G1 X102.036 Y91.344 E41.65459
G1 X101.214 Y91.344 E41.70437
G1 X128.656 Y118.786 E44.05463
G1 X128.656 Y119.609 E44.10447
G1 X100.391 Y91.344 E46.52522
G1 X99.569 Y91.344 E46.575
G1 X128.656 Y120.431 E49.06615
G1 X128.656 Y121.254 E49.11599
M73 Q78 S24
G1 X98.746 Y91.344 E51.67762
G1 X97.924 Y91.344 E51.7274
G1 X128.656 Y122.076 E54.35943
G1 X128.656 Y122.899 E54.40927
G1 X97.101 Y91.344 E57.11179
G1 X96.279 Y91.344 E57.16157
G1 X128.656 Y123.721 E59.93449
G1 X128.656 Y124.543 E59.98427
G1 X95.457 Y91.344 E62.82759
G1 X94.634 Y91.344 E62.87743
G1 X128.656 Y125.366 E65.79123
G1 X128.656 Y126.188 E65.84101
G1 X93.812 Y91.344 E68.82521
G1 X92.989 Y91.344 E68.87505
G1 X128.656 Y127.011 E71.92974
G1 X128.656 Y127.833 E71.97952
G1 X92.167 Y91.344 E75.10461
G1 X91.344 Y91.344 E75.15445
M73 P78 R24
G1 X128.656 Y128.656 E78.35002
G1 X127.833 Y128.656 E78.39986
G1 X91.344 Y92.167 E81.52495
G1 X91.344 Y92.989 E81.57473
G1 X127.011 Y128.656 E84.62942
G1 X126.188 Y128.656 E84.67926
G1 X91.344 Y93.812 E87.66346
G1 X91.344 Y94.634 E87.71324
G1 X125.366 Y128.656 E90.62704
G1 X124.543 Y128.656 E90.67688
M73 P78 R23
G1 X91.344 Y95.457 E93.5202
G1 X91.344 Y96.279 E93.56998
G1 X123.721 Y128.656 E96.3429
G1 X122.899 Y128.656 E96.39268
G1 X91.344 Y97.101 E99.0952
G1 X91.344 Y97.924 E99.14504
G1 X122.076 Y128.656 E101.77707
G1 X121.254 Y128.656 E101.82685
G1 X91.344 Y98.746 E104.38848
G1 X91.344 Y99.569 E104.43832
G1 X120.431 Y128.656 E106.92947
G1 X119.609 Y128.656 E106.97925
G1 X91.344 Y100.391 E109.4
G1 X91.344 Y101.214 E109.44984
G1 X118.786 Y128.656 E111.8001
G1 X117.964 Y128.656 E111.84988
G1 X91.344 Y102.036 E114.12974
G1 X91.344 Y102.858 E114.17952
G1 X117.142 Y128.656 E116.38898
G1 X116.319 Y128.656 E116.43882
G1 X91.344 Y103.681 E118.5778
G1 X91.344 Y104.503 E118.62758
G1 X115.497 Y128.656 E120.69616
G1 X114.674 Y128.656 E120.746
G1 X91.344 Y105.326 E122.74409
G1 X91.344 Y106.148 E122.79387
G1 X113.852 Y128.656 E124.72156
G1 X113.029 Y128.656 E124.7714
G1 X91.344 Y106.971 E126.6286
G1 X91.344 Y107.793 E126.67838
G1 X112.207 Y128.656 E128.46518
G1 X111.385 Y128.656 E128.51496
G1 X91.344 Y108.615 E130.23136
G1 X91.344 Y109.438 E130.2812
G1 X110.562 Y128.656 E131.92712
G1 X109.74 Y128.656 E131.9769
G1 X91.344 Y110.26 E133.55242
G1 X91.344 Y111.083 E133.60226
G1 X108.917 Y128.656 E135.10729
G1 X108.095 Y128.656 E135.15707
G1 X91.344 Y111.905 E136.5917
G1 X91.344 Y112.728 E136.64154
G1 X107.272 Y128.656 E138.00569
G1 X106.45 Y128.656 E138.05547
G1 X91.344 Y113.55 E139.34922
G1 X91.344 Y114.372 E139.399
G1 X105.628 Y128.656 E140.62235
G1 X104.805 Y128.656 E140.67219
G1 X91.344 Y115.195 E141.82505
G1 X91.344 Y116.017 E141.87483
G1 X103.983 Y128.656 E142.95729
G1 X103.16 Y128.656 E143.00713
G1 X91.344 Y116.84 E144.01911
G1 X91.344 Y117.662 E144.06889
G1 X102.338 Y128.656 E145.01047
G1 X101.516 Y128.656 E145.06025
G1 X91.344 Y118.484 E145.93143
G1 X91.344 Y119.307 E145.98127
G1 X100.693 Y128.656 E146.78196
G1 X99.871 Y128.656 E146.83174
G1 X91.344 Y120.129 E147.56203
G1 X91.344 Y120.952 E147.61187
G1 X99.048 Y128.656 E148.27168
G1 X98.226 Y128.656 E148.32146
G1 X91.344 Y121.774 E148.91087
G1 X91.344 Y122.597 E148.96071
G1 X97.403 Y128.656 E149.47963
G1 X96.581 Y128.656 E149.52941
G1 X91.344 Y123.419 E149.97793
G1 X91.344 Y124.241 E150.02771
G1 X95.759 Y128.656 E150.40583
G1 X94.936 Y128.656 E150.45567
G1 X91.344 Y125.064 E150.76331
G1 X91.344 Y125.886 E150.81309
G1 X94.114 Y128.656 E151.05033
G1 X93.291 Y128.656 E151.10017
G1 X91.344 Y126.709 E151.26692
G1 X91.344 Y127.531 E151.3167
G1 X92.469 Y128.656 E151.41305
G1 X91.646 Y128.656 E151.46289
G1 X91.161 Y128.17 E151.50447
;LAYER_CHANGE
;Z:33.5
;HEIGHT:0.200001
G1 E149.50447 F2400
G92 E0
G1 Z33.5 F7800
G1 X128.961 Y128.961
G1 E2 F2400
;TYPE:Perimeter
;WIDTH:0.449999
G1 F3254
G1 X91.039 Y128.961 E3.28361
G1 X91.039 Y91.039 E4.56722
G1 X128.961 Y91.039 E5.85083
G1 X128.961 Y128.901 E7.13241
G1 X129.368 Y129.368 F7800
G1 F3254
G1 X90.632 Y129.368 E8.44358
G1 X90.632 Y90.632 E9.75475
G1 X129.368 Y90.632 E11.06592
G1 X129.368 Y129.308 E12.37505
G1 X129.775 Y129.775 F7800
;TYPE:External perimeter
G1 F2400
G1 X90.225 Y129.775 E13.71377
G1 X90.225 Y90.225 E15.05249
G1 X129.775 Y90.225 E16.39121
G1 X129.775 Y129.715 E17.7279
G1 X129.379 Y129.774 F7800
M73 Q78 S23
;LAYER_CHANGE
;Z:33.7
;HEIGHT:0.200001
G1 Z33.7 F7800
G1 X128.961 Y128.961
;TYPE:Perimeter
G1 F4800
G1 X91.039 Y128.961 E19.01151
G1 X91.039 Y91.039 E20.29512
G1 X128.961 Y91.039 E21.57873
G1 X128.961 Y128.901 E22.86031
G1 X129.368 Y129.368 F7800
G1 F4800
G1 X90.632 Y129.368 E24.17148
G1 X90.632 Y90.632 E25.48265
G1 X129.368 Y90.632 E26.79382
G1 X129.368 Y129.308 E28.10295
G1 X129.775 Y129.775 F7800
;TYPE:External perimeter
G1 F2400
G1 X90.225 Y129.775 E29.44167
G1 X90.225 Y90.225 E30.78039
G1 X129.775 Y90.225 E32.11911
G1 X129.775 Y129.715 E33.4558
G1 X129.379 Y129.774 F7800
G1 X128.17 Y128.839
;TYPE:Internal infill
;WIDTH:0.45
;HEIGHT:0.4
G1 F4800
G1 X128.656 Y128.354 E33.49738
G1 X128.656 Y127.531 E33.54722
G1 X127.531 Y128.656 E33.64357
G1 X126.709 Y128.656 E33.69335
G1 X128.656 Y126.709 E33.8601
G1 X128.656 Y125.886 E33.90994
G1 X125.886 Y128.656 E34.14718
G1 X125.064 Y128.656 E34.19696
G1 X128.656 Y125.064 E34.5046
G1 X128.656 Y124.241 E34.55444
G1 X124.241 Y128.656 E34.93256
G1 X123.419 Y128.656 E34.98234
G1 X128.656 Y123.419 E35.43086
G1 X128.656 Y122.597 E35.48064
G1 X122.597 Y128.656 E35.99956
G1 X121.774 Y128.656 E36.0494
G1 X128.656 Y121.774 E36.63881
G1 X128.656 Y120.952 E36.68859
G1 X120.952 Y128.656 E37.3484
G1 X120.129 Y128.656 E37.39824
G1 X128.656 Y120.129 E38.12853
G1 X128.656 Y119.307 E38.17831
G1 X119.307 Y128.656 E38.979
G1 X118.484 Y128.656 E39.02884
G1 X128.656 Y118.484 E39.90002
G1 X128.656 Y117.662 E39.9498
G1 X117.662 Y128.656 E40.89138
G1 X116.84 Y128.656 E40.94116
G1 X128.656 Y116.84 E41.95314
G1 X128.656 Y116.017 E42.00298
G1 X116.017 Y128.656 E43.08544
G1 X115.195 Y128.656 E43.13522
G1 X128.656 Y115.195 E44.28808
G1 X128.656 Y114.372 E44.33792
G1 X114.372 Y128.656 E45.56127
G1 X113.55 Y128.656 E45.61105
G1 X128.656 Y113.55 E46.9048
G1 X128.656 Y112.728 E46.95458
G1 X112.728 Y128.656 E48.31873
G1 X111.905 Y128.656 E48.36857
G1 X128.656 Y111.905 E49.8032
G1 X128.656 Y111.083 E49.85298
G1 X111.083 Y128.656 E51.35801
G1 X110.26 Y128.656 E51.40785
G1 X128.656 Y110.26 E52.98337
G1 X128.656 Y109.438 E53.03315
G1 X109.438 Y128.656 E54.67907
G1 X108.615 Y128.656 E54.72891
G1 X128.656 Y108.615 E56.44531
G1 X128.656 Y107.793 E56.49509
G1 X107.793 Y128.656 E58.28189
G1 X106.971 Y128.656 E58.33167
G1 X128.656 Y106.971 E60.18887
G1 X128.656 Y106.148 E60.23871
G1 X106.148 Y128.656 E62.1664
G1 X105.326 Y128.656 E62.21618
G1 X128.656 Y105.326 E64.21427
G1 X128.656 Y104.503 E64.26411
G1 X104.503 Y128.656 E66.33269
G1 X103.681 Y128.656 E66.38247
G1 X128.656 Y103.681 E68.52145
G1 X128.656 Y102.858 E68.57129
G1 X102.858 Y128.656 E70.78075
G1 X102.036 Y128.656 E70.83053
G1 X128.656 Y102.036 E73.11039
G1 X128.656 Y101.214 E73.16017
G1 X101.214 Y128.656 E75.51043
G1 X100.391 Y128.656 E75.56027
G1 X128.656 Y100.391 E77.98102
G1 X128.656 Y99.569 E78.0308
G1 X99.569 Y128.656 E80.52195
G1 X98.746 Y128.656 E80.57179
G1 X128.656 Y98.746 E83.13342
G1 X128.656 Y97.924 E83.1832
G1 X97.924 Y128.656 E85.81523
G1 X97.101 Y128.656 E85.86507
G1 X128.656 Y97.101 E88.56759
G1 X128.656 Y96.279 E88.61737
G1 X96.279 Y128.656 E91.39029
G1 X95.457 Y128.656 E91.44007
G1 X128.656 Y95.457 E94.28339
G1 X128.656 Y94.634 E94.33323
G1 X94.634 Y128.656 E97.24703
G1 X93.812 Y128.656 E97.29681
G1 X128.656 Y93.812 E100.28101
G1 X128.656 Y92.989 E100.33085
G1 X92.989 Y128.656 E103.38554
G1 X92.167 Y128.656 E103.43532
G1 X128.656 Y92.167 E106.56041
G1 X128.656 Y91.344 E106.61025
G1 X91.344 Y128.656 E109.80582
G1 X91.344 Y127.833 E109.85566
G1 X127.833 Y91.344 E112.98075
G1 X127.011 Y91.344 E113.03053
G1 X91.344 Y127.011 E116.08522
G1 X91.344 Y126.188 E116.13506
G1 X126.188 Y91.344 E119.11926
G1 X125.366 Y91.344 E119.16904
G1 X91.344 Y125.366 E122.08284
G1 X91.344 Y124.543 E122.13268
G1 X124.543 Y91.344 E124.976
G1 X123.721 Y91.344 E125.02578
M73 Q79 S23
G1 X91.344 Y123.721 E127.7987
G1 X91.344 Y122.899 E127.84848
G1 X122.899 Y91.344 E130.551
G1 X122.076 Y91.344 E130.60084
G1 X91.344 Y122.076 E133.23287
G1 X91.344 Y121.254 E133.28265
G1 X121.254 Y91.344 E135.84428
G1 X120.431 Y91.344 E135.89412
G1 X91.344 Y120.431 E138.38527
G1 X91.344 Y119.609 E138.43505
G1 X119.609 Y91.344 E140.8558
G1 X118.786 Y91.344 E140.90564
G1 X91.344 Y118.786 E143.2559
G1 X91.344 Y117.964 E143.30568
M73 P78 R22
G1 X117.964 Y91.344 E145.58554
G1 X117.142 Y91.344 E145.63532
G1 X91.344 Y117.142 E147.84478
G1 X91.344 Y116.319 E147.89462
G1 X116.319 Y91.344 E150.0336
G1 X115.497 Y91.344 E150.08338
G1 X91.344 Y115.497 E152.15196
G1 X91.344 Y114.674 E152.2018
M73 P79 R22
G1 X114.674 Y91.344 E154.19989
G1 X113.852 Y91.344 E154.24967
G1 X91.344 Y113.852 E156.17736
G1 X91.344 Y113.029 E156.2272
G1 X113.029 Y91.344 E158.0844
G1 X112.207 Y91.344 E158.13418
G1 X91.344 Y112.207 E159.92098
G1 X91.344 Y111.385 E159.97076
G1 X111.385 Y91.344 E161.68716
G1 X110.562 Y91.344 E161.737
G1 X91.344 Y110.562 E163.38292
G1 X91.344 Y109.74 E163.4327
G1 X109.74 Y91.344 E165.00822
G1 X108.917 Y91.344 E165.05806
G1 X91.344 Y108.917 E166.56309
G1 X91.344 Y108.095 E166.61287
G1 X108.095 Y91.344 E168.0475
G1 X107.272 Y91.344 E168.09734
G1 X91.344 Y107.272 E169.46149
G1 X91.344 Y106.45 E169.51127
G1 X106.45 Y91.344 E170.80502
G1 X105.628 Y91.344 E170.8548
G1 X91.344 Y105.628 E172.07815
G1 X91.344 Y104.805 E172.12799
G1 X104.805 Y91.344 E173.28085
G1 X103.983 Y91.344 E173.33063
G1 X91.344 Y103.983 E174.41309
G1 X91.344 Y103.16 E174.46293
G1 X103.16 Y91.344 E175.47491
G1 X102.338 Y91.344 E175.52469
G1 X91.344 Y102.338 E176.46627
G1 X91.344 Y101.516 E176.51605
G1 X101.516 Y91.344 E177.38723
G1 X100.693 Y91.344 E177.43707
G1 X91.344 Y100.693 E178.23776
G1 X91.344 Y99.871 E178.28754
G1 X99.871 Y91.344 E179.01783
G1 X99.048 Y91.344 E179.06767
G1 X91.344 Y99.048 E179.72748
G1 X91.344 Y98.226 E179.77726
G1 X98.226 Y91.344 E180.36667
G1 X97.403 Y91.344 E180.41651
G1 X91.344 Y97.403 E180.93543
G1 X91.344 Y96.581 E180.98521
G1 X96.581 Y91.344 E181.43373
G1 X95.759 Y91.344 E181.48351
G1 X91.344 Y95.759 E181.86163
G1 X91.344 Y94.936 E181.91147
G1 X94.936 Y91.344 E182.21911
G1 X94.114 Y91.344 E182.26889
G1 X91.344 Y94.114 E182.50613
G1 X91.344 Y93.291 E182.55597
G1 X93.291 Y91.344 E182.72272
G1 X92.469 Y91.344 E182.7725
G1 X91.344 Y92.469 E182.86885
G1 X91.344 Y91.646 E182.91869
G1 X91.83 Y91.161 E182.96027
;LAYER_CHANGE
;Z:33.9
;HEIGHT:0.200001
G1 E180.96027 F2400
G92 E0
G1 Z33.9 F7800
G1 X128.961 Y128.961
G1 E2 F2400
;TYPE:Perimeter
;WIDTH:0.449999
G1 F3323
G1 X91.039 Y128.961 E3.28361
G1 X91.039 Y91.039 E4.56722
G1 X128.961 Y91.039 E5.85083
G1 X128.961 Y128.901 E7.13241
G1 X129.368 Y129.368 F7800
G1 F3323
G1 X90.632 Y129.368 E8.44358
G1 X90.632 Y90.632 E9.75475
G1 X129.368 Y90.632 E11.06592
G1 X129.368 Y129.308 E12.37505
G1 X129.775 Y129.775 F7800
;TYPE:External perimeter
G1 F2400
G1 X90.225 Y129.775 E13.71377
G1 X90.225 Y90.225 E15.05249
G1 X129.775 Y90.225 E16.39121
G1 X129.775 Y129.715 E17.7279
G1 X129.379 Y129.774 F7800
;LAYER_CHANGE
;Z:34.1
;HEIGHT:0.199997
G1 Z34.1 F7800
G1 X128.961 Y128.961
;TYPE:Perimeter
G1 F4800
G1 X91.039 Y128.961 E19.01151
G1 X91.039 Y91.039 E20.29512
G1 X128.961 Y91.039 E21.57873
G1 X128.961 Y128.901 E22.86031
G1 X129.368 Y129.368 F7800
G1 F4800
G1 X90.632 Y129.368 E24.17148
G1 X90.632 Y90.632 E25.48265
G1 X129.368 Y90.632 E26.79382
M73 Q79 S22
G1 X129.368 Y129.308 E28.10295
G1 X129.775 Y129.775 F7800
;TYPE:External perimeter
G1 F2400
G1 X90.225 Y129.775 E29.44167
G1 X90.225 Y90.225 E30.78039
G1 X129.775 Y90.225 E32.11911
G1 X129.775 Y129.715 E33.4558
G1 X129.379 Y129.774 F7800
G1 E31.4558 F2400
G92 E0
G1 X128.839 Y91.83 F7800
G1 E2 F2400
;TYPE:Internal infill
;WIDTH:0.45
;HEIGHT:0.4
G1 F4800
G1 X128.354 Y91.344 E2.04158
G1 X127.531 Y91.344 E2.09142
G1 X128.656 Y92.469 E2.18777
G1 X128.656 Y93.291 E2.23755
G1 X126.709 Y91.344 E2.4043
G1 X125.886 Y91.344 E2.45414
G1 X128.656 Y94.114 E2.69138
G1 X128.656 Y94.936 E2.74116
G1 X125.064 Y91.344 E3.0488
G1 X124.241 Y91.344 E3.09864
G1 X128.656 Y95.759 E3.47676
G1 X128.656 Y96.581 E3.52654
G1 X123.419 Y91.344 E3.97506
G1 X122.597 Y91.344 E4.02484
G1 X128.656 Y97.403 E4.54376
G1 X128.656 Y98.226 E4.5936
G1 X121.774 Y91.344 E5.18301
G1 X120.952 Y91.344 E5.23279
G1 X128.656 Y99.048 E5.8926
G1 X128.656 Y99.871 E5.94244
G1 X120.129 Y91.344 E6.67273
G1 X119.307 Y91.344 E6.72251
G1 X128.656 Y100.693 E7.5232
G1 X128.656 Y101.516 E7.57304
G1 X118.484 Y91.344 E8.44422
G1 X117.662 Y91.344 E8.494
G1 X128.656 Y102.338 E9.43558
G1 X128.656 Y103.16 E9.48536
G1 X116.84 Y91.344 E10.49734
G1 X116.017 Y91.344 E10.54718
G1 X128.656 Y103.983 E11.62964
G1 X128.656 Y104.805 E11.67942
G1 X115.195 Y91.344 E12.83228
G1 X114.372 Y91.344 E12.88212
G1 X128.656 Y105.628 E14.10547
G1 X128.656 Y106.45 E14.15525
G1 X113.55 Y91.344 E15.449
G1 X112.728 Y91.344 E15.49878
G1 X128.656 Y107.272 E16.86293
G1 X128.656 Y108.095 E16.91277
G1 X111.905 Y91.344 E18.3474
G1 X111.083 Y91.344 E18.39718
G1 X128.656 Y108.917 E19.90221
G1 X128.656 Y109.74 E19.95205
G1 X110.26 Y91.344 E21.52757
G1 X109.438 Y91.344 E21.57735
G1 X128.656 Y110.562 E23.22327
G1 X128.656 Y111.385 E23.27311
G1 X108.615 Y91.344 E24.98951
G1 X107.793 Y91.344 E25.03929
G1 X128.656 Y112.207 E26.82609
G1 X128.656 Y113.029 E26.87587
G1 X106.971 Y91.344 E28.73307
G1 X106.148 Y91.344 E28.78291
G1 X128.656 Y113.852 E30.7106
G1 X128.656 Y114.674 E30.76038
G1 X105.326 Y91.344 E32.75847
G1 X104.503 Y91.344 E32.80831
G1 X128.656 Y115.497 E34.87689
G1 X128.656 Y116.319 E34.92667
G1 X103.681 Y91.344 E37.06565
G1 X102.858 Y91.344 E37.11549
G1 X128.656 Y117.142 E39.32495
G1 X128.656 Y117.964 E39.37473
G1 X102.036 Y91.344 E41.65459
G1 X101.214 Y91.344 E41.70437
G1 X128.656 Y118.786 E44.05463
G1 X128.656 Y119.609 E44.10447
G1 X100.391 Y91.344 E46.52522
G1 X99.569 Y91.344 E46.575
G1 X128.656 Y120.431 E49.06615
G1 X128.656 Y121.254 E49.11599
G1 X98.746 Y91.344 E51.67762
G1 X97.924 Y91.344 E51.7274
G1 X128.656 Y122.076 E54.35943
G1 X128.656 Y122.899 E54.40927
G1 X97.101 Y91.344 E57.11179
G1 X96.279 Y91.344 E57.16157
G1 X128.656 Y123.721 E59.93449
G1 X128.656 Y124.543 E59.98427
G1 X95.457 Y91.344 E62.82759
G1 X94.634 Y91.344 E62.87743
G1 X128.656 Y125.366 E65.79123
G1 X128.656 Y126.188 E65.84101
G1 X93.812 Y91.344 E68.82521
G1 X92.989 Y91.344 E68.87505
G1 X128.656 Y127.011 E71.92974
G1 X128.656 Y127.833 E71.97952
G1 X92.167 Y91.344 E75.10461
G1 X91.344 Y91.344 E75.15445
G1 X128.656 Y128.656 E78.35002
G1 X127.833 Y128.656 E78.39986
G1 X91.344 Y92.167 E81.52495
G1 X91.344 Y92.989 E81.57473
G1 X127.011 Y128.656 E84.62942
G1 X126.188 Y128.656 E84.67926
G1 X91.344 Y93.812 E87.66346
G1 X91.344 Y94.634 E87.71324
G1 X125.366 Y128.656 E90.62704
G1 X124.543 Y128.656 E90.67688
G1 X91.344 Y95.457 E93.5202
G1 X91.344 Y96.279 E93.56998
G1 X123.721 Y128.656 E96.3429
G1 X122.899 Y128.656 E96.39268
G1 X91.344 Y97.101 E99.0952
G1 X91.344 Y97.924 E99.14504
G1 X122.076 Y128.656 E101.77707
G1 X121.254 Y128.656 E101.82685
G1 X91.344 Y98.746 E104.38848
G1 X91.344 Y99.569 E104.43832
G1 X120.431 Y128.656 E106.92947
G1 X119.609 Y128.656 E106.97925
G1 X91.344 Y100.391 E109.4
G1 X91.344 Y101.214 E109.44984
G1 X118.786 Y128.656 E111.8001
G1 X117.964 Y128.656 E111.84988
G1 X91.344 Y102.036 E114.12974
G1 X91.344 Y102.858 E114.17952
G1 X117.142 Y128.656 E116.38898
G1 X116.319 Y128.656 E116.43882
G1 X91.344 Y103.681 E118.5778
G1 X91.344 Y104.503 E118.62758
G1 X115.497 Y128.656 E120.69616
G1 X114.674 Y128.656 E120.746
G1 X91.344 Y105.326 E122.74409
G1 X91.344 Y106.148 E122.79387
G1 X113.852 Y128.656 E124.72156
G1 X113.029 Y128.656 E124.7714
G1 X91.344 Y106.971 E126.6286
G1 X91.344 Y107.793 E126.67838
G1 X112.207 Y128.656 E128.46518
G1 X111.385 Y128.656 E128.51496
M73 P79 R21
G1 X91.344 Y108.615 E130.23136
G1 X91.344 Y109.438 E130.2812
G1 X110.562 Y128.656 E131.92712
G1 X109.74 Y128.656 E131.9769
G1 X91.344 Y110.26 E133.55242
G1 X91.344 Y111.083 E133.60226
M73 Q80 S22
G1 X108.917 Y128.656 E135.10729
G1 X108.095 Y128.656 E135.15707
G1 X91.344 Y111.905 E136.5917
G1 X91.344 Y112.728 E136.64154
G1 X107.272 Y128.656 E138.00569
G1 X106.45 Y128.656 E138.05547
G1 X91.344 Y113.55 E139.34922
G1 X91.344 Y114.372 E139.399
G1 X105.628 Y128.656 E140.62235
G1 X104.805 Y128.656 E140.67219
G1 X91.344 Y115.195 E141.82505
G1 X91.344 Y116.017 E141.87483
G1 X103.983 Y128.656 E142.95729
G1 X103.16 Y128.656 E143.00713
G1 X91.344 Y116.84 E144.01911
G1 X91.344 Y117.662 E144.06889
G1 X102.338 Y128.656 E145.01047
G1 X101.516 Y128.656 E145.06025
G1 X91.344 Y118.484 E145.93143
G1 X91.344 Y119.307 E145.98127
G1 X100.693 Y128.656 E146.78196
G1 X99.871 Y128.656 E146.83174
G1 X91.344 Y120.129 E147.56203
G1 X91.344 Y120.952 E147.61187
G1 X99.048 Y128.656 E148.27168
G1 X98.226 Y128.656 E148.32146
G1 X91.344 Y121.774 E148.91087
G1 X91.344 Y122.597 E148.96071
G1 X97.403 Y128.656 E149.47963
G1 X96.581 Y128.656 E149.52941
G1 X91.344 Y123.419 E149.97793
G1 X91.344 Y124.241 E150.02771
G1 X95.759 Y128.656 E150.40583
G1 X94.936 Y128.656 E150.45567
G1 X91.344 Y125.064 E150.76331
G1 X91.344 Y125.886 E150.81309
G1 X94.114 Y128.656 E151.05033
G1 X93.291 Y128.656 E151.10017
G1 X91.344 Y126.709 E151.26692
G1 X91.344 Y127.531 E151.3167
G1 X92.469 Y128.656 E151.41305
G1 X91.646 Y128.656 E151.46289
G1 X91.161 Y128.17 E151.50447
;LAYER_CHANGE
;Z:34.3
;HEIGHT:0.200001
G1 E149.50447 F2400
G92 E0
G1 Z34.3 F7800
G1 X128.961 Y128.961
G1 E2 F2400
;TYPE:Perimeter
;WIDTH:0.449999
G1 F3254
G1 X91.039 Y128.961 E3.28361
G1 X91.039 Y91.039 E4.56722
M73 P80 R21
G1 X128.961 Y91.039 E5.85083
G1 X128.961 Y128.901 E7.13241
G1 X129.368 Y129.368 F7800
G1 F3254
G1 X90.632 Y129.368 E8.44358
G1 X90.632 Y90.632 E9.75475
G1 X129.368 Y90.632 E11.06592
G1 X129.368 Y129.308 E12.37505
G1 X129.775 Y129.775 F7800
;TYPE:External perimeter
G1 F2400
G1 X90.225 Y129.775 E13.71377
G1 X90.225 Y90.225 E15.05249
G1 X129.775 Y90.225 E16.39121
G1 X129.775 Y129.715 E17.7279
G1 X129.379 Y129.774 F7800
;LAYER_CHANGE
;Z:34.5
;HEIGHT:0.200001
G1 Z34.5 F7800
G1 X128.961 Y128.961
;TYPE:Perimeter
G1 F4800
G1 X91.039 Y128.961 E19.01151
G1 X91.039 Y91.039 E20.29512
G1 X128.961 Y91.039 E21.57873
G1 X128.961 Y128.901 E22.86031
G1 X129.368 Y129.368 F7800
G1 F4800
G1 X90.632 Y129.368 E24.17148
G1 X90.632 Y90.632 E25.48265
G1 X129.368 Y90.632 E26.79382
G1 X129.368 Y129.308 E28.10295
G1 X129.775 Y129.775 F7800
;TYPE:External perimeter
G1 F2400
G1 X90.225 Y129.775 E29.44167
G1 X90.225 Y90.225 E30.78039
G1 X129.775 Y90.225 E32.11911
M73 Q80 S21
G1 X129.775 Y129.715 E33.4558
G1 X129.379 Y129.774 F7800
G1 X128.17 Y128.839
;TYPE:Internal infill
;WIDTH:0.45
;HEIGHT:0.4
G1 F4800
G1 X128.656 Y128.354 E33.49738
G1 X128.656 Y127.531 E33.54722
G1 X127.531 Y128.656 E33.64357
G1 X126.709 Y128.656 E33.69335
G1 X128.656 Y126.709 E33.8601
G1 X128.656 Y125.886 E33.90994
G1 X125.886 Y128.656 E34.14718
G1 X125.064 Y128.656 E34.19696
G1 X128.656 Y125.064 E34.5046
G1 X128.656 Y124.241 E34.55444
G1 X124.241 Y128.656 E34.93256
G1 X123.419 Y128.656 E34.98234
G1 X128.656 Y123.419 E35.43086
G1 X128.656 Y122.597 E35.48064
G1 X122.597 Y128.656 E35.99956
G1 X121.774 Y128.656 E36.0494
G1 X128.656 Y121.774 E36.63881
G1 X128.656 Y120.952 E36.68859
G1 X120.952 Y128.656 E37.3484
G1 X120.129 Y128.656 E37.39824
G1 X128.656 Y120.129 E38.12853
G1 X128.656 Y119.307 E38.17831
G1 X119.307 Y128.656 E38.979
G1 X118.484 Y128.656 E39.02884
G1 X128.656 Y118.484 E39.90002
G1 X128.656 Y117.662 E39.9498
G1 X117.662 Y128.656 E40.89138
G1 X116.84 Y128.656 E40.94116
G1 X128.656 Y116.84 E41.95314
G1 X128.656 Y116.017 E42.00298
G1 X116.017 Y128.656 E43.08544
G1 X115.195 Y128.656 E43.13522
G1 X128.656 Y115.195 E44.28808
G1 X128.656 Y114.372 E44.33792
G1 X114.372 Y128.656 E45.56127
G1 X113.55 Y128.656 E45.61105
G1 X128.656 Y113.55 E46.9048
G1 X128.656 Y112.728 E46.95458
G1 X112.728 Y128.656 E48.31873
G1 X111.905 Y128.656 E48.36857
G1 X128.656 Y111.905 E49.8032
G1 X128.656 Y111.083 E49.85298
G1 X111.083 Y128.656 E51.35801
G1 X110.26 Y128.656 E51.40785
G1 X128.656 Y110.26 E52.98337
G1 X128.656 Y109.438 E53.03315
G1 X109.438 Y128.656 E54.67907
G1 X108.615 Y128.656 E54.72891
G1 X128.656 Y108.615 E56.44531
G1 X128.656 Y107.793 E56.49509
G1 X107.793 Y128.656 E58.28189
G1 X106.971 Y128.656 E58.33167
G1 X128.656 Y106.971 E60.18887
G1 X128.656 Y106.148 E60.23871
G1 X106.148 Y128.656 E62.1664
G1 X105.326 Y128.656 E62.21618
G1 X128.656 Y105.326 E64.21427
G1 X128.656 Y104.503 E64.26411
G1 X104.503 Y128.656 E66.33269
G1 X103.681 Y128.656 E66.38247
G1 X128.656 Y103.681 E68.52145
G1 X128.656 Y102.858 E68.57129
G1 X102.858 Y128.656 E70.78075
G1 X102.036 Y128.656 E70.83053
G1 X128.656 Y102.036 E73.11039
G1 X128.656 Y101.214 E73.16017
G1 X101.214 Y128.656 E75.51043
G1 X100.391 Y128.656 E75.56027
G1 X128.656 Y100.391 E77.98102
G1 X128.656 Y99.569 E78.0308
G1 X99.569 Y128.656 E80.52195
G1 X98.746 Y128.656 E80.57179
G1 X128.656 Y98.746 E83.13342
G1 X128.656 Y97.924 E83.1832
G1 X97.924 Y128.656 E85.81523
G1 X97.101 Y128.656 E85.86507
G1 X128.656 Y97.101 E88.56759
G1 X128.656 Y96.279 E88.61737
G1 X96.279 Y128.656 E91.39029
G1 X95.457 Y128.656 E91.44007
G1 X128.656 Y95.457 E94.28339
G1 X128.656 Y94.634 E94.33323
G1 X94.634 Y128.656 E97.24703
G1 X93.812 Y128.656 E97.29681
G1 X128.656 Y93.812 E100.28101
G1 X128.656 Y92.989 E100.33085
G1 X92.989 Y128.656 E103.38554
G1 X92.167 Y128.656 E103.43532
G1 X128.656 Y92.167 E106.56041
G1 X128.656 Y91.344 E106.61025
G1 X91.344 Y128.656 E109.80582
G1 X91.344 Y127.833 E109.85566
G1 X127.833 Y91.344 E112.98075
G1 X127.011 Y91.344 E113.03053
G1 X91.344 Y127.011 E116.08522
G1 X91.344 Y126.188 E116.13506
G1 X126.188 Y91.344 E119.11926
G1 X125.366 Y91.344 E119.16904
G1 X91.344 Y125.366 E122.08284
G1 X91.344 Y124.543 E122.13268
G1 X124.543 Y91.344 E124.976
G1 X123.721 Y91.344 E125.02578
G1 X91.344 Y123.721 E127.7987
G1 X91.344 Y122.899 E127.84848
G1 X122.899 Y91.344 E130.551
G1 X122.076 Y91.344 E130.60084
G1 X91.344 Y122.076 E133.23287
G1 X91.344 Y121.254 E133.28265
G1 X121.254 Y91.344 E135.84428
G1 X120.431 Y91.344 E135.89412
G1 X91.344 Y120.431 E138.38527
G1 X91.344 Y119.609 E138.43505
G1 X119.609 Y91.344 E140.8558
G1 X118.786 Y91.344 E140.90564
G1 X91.344 Y118.786 E143.2559
G1 X91.344 Y117.964 E143.30568
G1 X117.964 Y91.344 E145.58554
G1 X117.142 Y91.344 E145.63532
G1 X91.344 Y117.142 E147.84478
G1 X91.344 Y116.319 E147.89462
G1 X116.319 Y91.344 E150.0336
G1 X115.497 Y91.344 E150.08338
G1 X91.344 Y115.497 E152.15196
G1 X91.344 Y114.674 E152.2018
G1 X114.674 Y91.344 E154.19989
G1 X113.852 Y91.344 E154.24967
G1 X91.344 Y113.852 E156.17736
G1 X91.344 Y113.029 E156.2272
G1 X113.029 Y91.344 E158.0844
G1 X112.207 Y91.344 E158.13418
G1 X91.344 Y112.207 E159.92098
G1 X91.344 Y111.385 E159.97076
G1 X111.385 Y91.344 E161.68716
G1 X110.562 Y91.344 E161.737
G1 X91.344 Y110.562 E163.38292
G1 X91.344 Y109.74 E163.4327
G1 X109.74 Y91.344 E165.00822
G1 X108.917 Y91.344 E165.05806
G1 X91.344 Y108.917 E166.56309
G1 X91.344 Y108.095 E166.61287
G1 X108.095 Y91.344 E168.0475
G1 X107.272 Y91.344 E168.09734
G1 X91.344 Y107.272 E169.46149
G1 X91.344 Y106.45 E169.51127
G1 X106.45 Y91.344 E170.80502
G1 X105.628 Y91.344 E170.8548
G1 X91.344 Y105.628 E172.07815
G1 X91.344 Y104.805 E172.12799
G1 X104.805 Y91.344 E173.28085
G1 X103.983 Y91.344 E173.33063
G1 X91.344 Y103.983 E174.41309
G1 X91.344 Y103.16 E174.46293
G1 X103.16 Y91.344 E175.47491
G1 X102.338 Y91.344 E175.52469
G1 X91.344 Y102.338 E176.46627
G1 X91.344 Y101.516 E176.51605
G1 X101.516 Y91.344 E177.38723
G1 X100.693 Y91.344 E177.43707
G1 X91.344 Y100.693 E178.23776
G1 X91.344 Y99.871 E178.28754
M73 P80 R20
G1 X99.871 Y91.344 E179.01783
G1 X99.048 Y91.344 E179.06767
G1 X91.344 Y99.048 E179.72748
G1 X91.344 Y98.226 E179.77726
G1 X98.226 Y91.344 E180.36667
G1 X97.403 Y91.344 E180.41651
G1 X91.344 Y97.403 E180.93543
G1 X91.344 Y96.581 E180.98521
G1 X96.581 Y91.344 E181.43373
G1 X95.759 Y91.344 E181.48351
G1 X91.344 Y95.759 E181.86163
G1 X91.344 Y94.936 E181.91147
G1 X94.936 Y91.344 E182.21911
G1 X94.114 Y91.344 E182.26889
G1 X91.344 Y94.114 E182.50613
G1 X91.344 Y93.291 E182.55597
G1 X93.291 Y91.344 E182.72272
G1 X92.469 Y91.344 E182.7725
G1 X91.344 Y92.469 E182.86885
G1 X91.344 Y91.646 E182.91869
G1 X91.83 Y91.161 E182.96027
;LAYER_CHANGE
;Z:34.7
;HEIGHT:0.200001
G1 E180.96027 F2400
G92 E0
G1 Z34.7 F7800
G1 X128.961 Y128.961
G1 E2 F2400
;TYPE:Perimeter
;WIDTH:0.449999
G1 F3323
G1 X91.039 Y128.961 E3.28361
G1 X91.039 Y91.039 E4.56722
G1 X128.961 Y91.039 E5.85083
G1 X128.961 Y128.901 E7.13241
G1 X129.368 Y129.368 F7800
G1 F3323
G1 X90.632 Y129.368 E8.44358
G1 X90.632 Y90.632 E9.75475
G1 X129.368 Y90.632 E11.06592
M73 Q81 S21
G1 X129.368 Y129.308 E12.37505
G1 X129.775 Y129.775 F7800
;TYPE:External perimeter
G1 F2400
G1 X90.225 Y129.775 E13.71377
G1 X90.225 Y90.225 E15.05249
G1 X129.775 Y90.225 E16.39121
G1 X129.775 Y129.715 E17.7279
G1 X129.379 Y129.774 F7800
;LAYER_CHANGE
;Z:34.9
;HEIGHT:0.200001
G1 Z34.9 F7800
G1 X128.961 Y128.961
;TYPE:Perimeter
G1 F4800
G1 X91.039 Y128.961 E19.01151
G1 X91.039 Y91.039 E20.29512
G1 X128.961 Y91.039 E21.57873
M73 P81 R20
G1 X128.961 Y128.901 E22.86031
G1 X129.368 Y129.368 F7800
G1 F4800
G1 X90.632 Y129.368 E24.17148
G1 X90.632 Y90.632 E25.48265
G1 X129.368 Y90.632 E26.79382
G1 X129.368 Y129.308 E28.10295
G1 X129.775 Y129.775 F7800
;TYPE:External perimeter
G1 F2400
G1 X90.225 Y129.775 E29.44167
G1 X90.225 Y90.225 E30.78039
G1 X129.775 Y90.225 E32.11911
G1 X129.775 Y129.715 E33.4558
G1 X129.379 Y129.774 F7800
G1 E31.4558 F2400
G92 E0
G1 X128.839 Y91.83 F7800
G1 E2 F2400
M73 Q81 S20
;TYPE:Internal infill
;WIDTH:0.45
;HEIGHT:0.4
G1 F4800
G1 X128.354 Y91.344 E2.04158
G1 X127.531 Y91.344 E2.09142
G1 X128.656 Y92.469 E2.18777
G1 X128.656 Y93.291 E2.23755
G1 X126.709 Y91.344 E2.4043
G1 X125.886 Y91.344 E2.45414
G1 X128.656 Y94.114 E2.69138
G1 X128.656 Y94.936 E2.74116
G1 X125.064 Y91.344 E3.0488
G1 X124.241 Y91.344 E3.09864
G1 X128.656 Y95.759 E3.47676
G1 X128.656 Y96.581 E3.52654
G1 X123.419 Y91.344 E3.97506
G1 X122.597 Y91.344 E4.02484
G1 X128.656 Y97.403 E4.54376
G1 X128.656 Y98.226 E4.5936
G1 X121.774 Y91.344 E5.18301
G1 X120.952 Y91.344 E5.23279
G1 X128.656 Y99.048 E5.8926
G1 X128.656 Y99.871 E5.94244
G1 X120.129 Y91.344 E6.67273
G1 X119.307 Y91.344 E6.72251
G1 X128.656 Y100.693 E7.5232
G1 X128.656 Y101.516 E7.57304
G1 X118.484 Y91.344 E8.44422
G1 X117.662 Y91.344 E8.494
G1 X128.656 Y102.338 E9.43558
G1 X128.656 Y103.16 E9.48536
G1 X116.84 Y91.344 E10.49734
G1 X116.017 Y91.344 E10.54718
G1 X128.656 Y103.983 E11.62964
G1 X128.656 Y104.805 E11.67942
G1 X115.195 Y91.344 E12.83228
G1 X114.372 Y91.344 E12.88212
G1 X128.656 Y105.628 E14.10547
G1 X128.656 Y106.45 E14.15525
G1 X113.55 Y91.344 E15.449
G1 X112.728 Y91.344 E15.49878
G1 X128.656 Y107.272 E16.86293
G1 X128.656 Y108.095 E16.91277
G1 X111.905 Y91.344 E18.3474
G1 X111.083 Y91.344 E18.39718
G1 X128.656 Y108.917 E19.90221
G1 X128.656 Y109.74 E19.95205
G1 X110.26 Y91.344 E21.52757
G1 X109.438 Y91.344 E21.57735
G1 X128.656 Y110.562 E23.22327
G1 X128.656 Y111.385 E23.27311
G1 X108.615 Y91.344 E24.98951
G1 X107.793 Y91.344 E25.03929
G1 X128.656 Y112.207 E26.82609
G1 X128.656 Y113.029 E26.87587
G1 X106.971 Y91.344 E28.73307
G1 X106.148 Y91.344 E28.78291
G1 X128.656 Y113.852 E30.7106
G1 X128.656 Y114.674 E30.76038
G1 X105.326 Y91.344 E32.75847
G1 X104.503 Y91.344 E32.80831
G1 X128.656 Y115.497 E34.87689
G1 X128.656 Y116.319 E34.92667
G1 X103.681 Y91.344 E37.06565
G1 X102.858 Y91.344 E37.11549
G1 X128.656 Y117.142 E39.32495
G1 X128.656 Y117.964 E39.37473
G1 X102.036 Y91.344 E41.65459
G1 X101.214 Y91.344 E41.70437
G1 X128.656 Y118.786 E44.05463
G1 X128.656 Y119.609 E44.10447
G1 X100.391 Y91.344 E46.52522
G1 X99.569 Y91.344 E46.575
G1 X128.656 Y120.431 E49.06615
G1 X128.656 Y121.254 E49.11599
G1 X98.746 Y91.344 E51.67762
G1 X97.924 Y91.344 E51.7274
G1 X128.656 Y122.076 E54.35943
G1 X128.656 Y122.899 E54.40927
G1 X97.101 Y91.344 E57.11179
G1 X96.279 Y91.344 E57.16157
G1 X128.656 Y123.721 E59.93449
G1 X128.656 Y124.543 E59.98427
G1 X95.457 Y91.344 E62.82759
G1 X94.634 Y91.344 E62.87743
G1 X128.656 Y125.366 E65.79123
G1 X128.656 Y126.188 E65.84101
G1 X93.812 Y91.344 E68.82521
G1 X92.989 Y91.344 E68.87505
G1 X128.656 Y127.011 E71.92974
G1 X128.656 Y127.833 E71.97952
G1 X92.167 Y91.344 E75.10461
G1 X91.344 Y91.344 E75.15445
G1 X128.656 Y128.656 E78.35002
G1 X127.833 Y128.656 E78.39986
G1 X91.344 Y92.167 E81.52495
G1 X91.344 Y92.989 E81.57473
G1 X127.011 Y128.656 E84.62942
G1 X126.188 Y128.656 E84.67926
G1 X91.344 Y93.812 E87.66346
G1 X91.344 Y94.634 E87.71324
G1 X125.366 Y128.656 E90.62704
G1 X124.543 Y128.656 E90.67688
G1 X91.344 Y95.457 E93.5202
G1 X91.344 Y96.279 E93.56998
G1 X123.721 Y128.656 E96.3429
G1 X122.899 Y128.656 E96.39268
G1 X91.344 Y97.101 E99.0952
G1 X91.344 Y97.924 E99.14504
G1 X122.076 Y128.656 E101.77707
G1 X121.254 Y128.656 E101.82685
G1 X91.344 Y98.746 E104.38848
G1 X91.344 Y99.569 E104.43832
G1 X120.431 Y128.656 E106.92947
G1 X119.609 Y128.656 E106.97925
G1 X91.344 Y100.391 E109.4
G1 X91.344 Y101.214 E109.44984
G1 X118.786 Y128.656 E111.8001
G1 X117.964 Y128.656 E111.84988
G1 X91.344 Y102.036 E114.12974
G1 X91.344 Y102.858 E114.17952
G1 X117.142 Y128.656 E116.38898
G1 X116.319 Y128.656 E116.43882
G1 X91.344 Y103.681 E118.5778
G1 X91.344 Y104.503 E118.62758
G1 X115.497 Y128.656 E120.69616
G1 X114.674 Y128.656 E120.746
G1 X91.344 Y105.326 E122.74409
G1 X91.344 Y106.148 E122.79387
G1 X113.852 Y128.656 E124.72156
G1 X113.029 Y128.656 E124.7714
G1 X91.344 Y106.971 E126.6286
G1 X91.344 Y107.793 E126.67838
G1 X112.207 Y128.656 E128.46518
G1 X111.385 Y128.656 E128.51496
G1 X91.344 Y108.615 E130.23136
G1 X91.344 Y109.438 E130.2812
G1 X110.562 Y128.656 E131.92712
G1 X109.74 Y128.656 E131.9769
G1 X91.344 Y110.26 E133.55242
G1 X91.344 Y111.083 E133.60226
G1 X108.917 Y128.656 E135.10729
G1 X108.095 Y128.656 E135.15707
G1 X91.344 Y111.905 E136.5917
G1 X91.344 Y112.728 E136.64154
G1 X107.272 Y128.656 E138.00569
G1 X106.45 Y128.656 E138.05547
G1 X91.344 Y113.55 E139.34922
G1 X91.344 Y114.372 E139.399
G1 X105.628 Y128.656 E140.62235
G1 X104.805 Y128.656 E140.67219
G1 X91.344 Y115.195 E141.82505
G1 X91.344 Y116.017 E141.87483
G1 X103.983 Y128.656 E142.95729
G1 X103.16 Y128.656 E143.00713
G1 X91.344 Y116.84 E144.01911
G1 X91.344 Y117.662 E144.06889
G1 X102.338 Y128.656 E145.01047
G1 X101.516 Y128.656 E145.06025
G1 X91.344 Y118.484 E145.93143
G1 X91.344 Y119.307 E145.98127
G1 X100.693 Y128.656 E146.78196
G1 X99.871 Y128.656 E146.83174
G1 X91.344 Y120.129 E147.56203
G1 X91.344 Y120.952 E147.61187
G1 X99.048 Y128.656 E148.27168
G1 X98.226 Y128.656 E148.32146
G1 X91.344 Y121.774 E148.91087
G1 X91.344 Y122.597 E148.96071
G1 X97.403 Y128.656 E149.47963
G1 X96.581 Y128.656 E149.52941
G1 X91.344 Y123.419 E149.97793
G1 X91.344 Y124.241 E150.02771
G1 X95.759 Y128.656 E150.40583
G1 X94.936 Y128.656 E150.45567
G1 X91.344 Y125.064 E150.76331
G1 X91.344 Y125.886 E150.81309
G1 X94.114 Y128.656 E151.05033
G1 X93.291 Y128.656 E151.10017
G1 X91.344 Y126.709 E151.26692
G1 X91.344 Y127.531 E151.3167
G1 X92.469 Y128.656 E151.41305
G1 X91.646 Y128.656 E151.46289
G1 X91.161 Y128.17 E151.50447
;LAYER_CHANGE
;Z:35.1
;HEIGHT:0.199997
G1 E149.50447 F2400
G92 E0
G1 Z35.1 F7800
G1 X128.961 Y128.961
G1 E2 F2400
;TYPE:Perimeter
;WIDTH:0.449999
G1 F3254
G1 X91.039 Y128.961 E3.28361
G1 X91.039 Y91.039 E4.56722
G1 X128.961 Y91.039 E5.85083
G1 X128.961 Y128.901 E7.13241
M73 P81 R19
G1 X129.368 Y129.368 F7800
G1 F3254
G1 X90.632 Y129.368 E8.44358
G1 X90.632 Y90.632 E9.75475
G1 X129.368 Y90.632 E11.06592
G1 X129.368 Y129.308 E12.37505
G1 X129.775 Y129.775 F7800
;TYPE:External perimeter
G1 F2400
G1 X90.225 Y129.775 E13.71377
G1 X90.225 Y90.225 E15.05249
G1 X129.775 Y90.225 E16.39121
G1 X129.775 Y129.715 E17.7279
G1 X129.379 Y129.774 F7800
;LAYER_CHANGE
;Z:35.3
;HEIGHT:0.200001
G1 Z35.3 F7800
G1 X128.961 Y128.961
;TYPE:Perimeter
G1 F4800
G1 X91.039 Y128.961 E19.01151
G1 X91.039 Y91.039 E20.29512
G1 X128.961 Y91.039 E21.57873
G1 X128.961 Y128.901 E22.86031
G1 X129.368 Y129.368 F7800
G1 F4800
G1 X90.632 Y129.368 E24.17148
G1 X90.632 Y90.632 E25.48265
G1 X129.368 Y90.632 E26.79382
G1 X129.368 Y129.308 E28.10295
M73 Q82 S20
G1 X129.775 Y129.775 F7800
;TYPE:External perimeter
G1 F2400
G1 X90.225 Y129.775 E29.44167
G1 X90.225 Y90.225 E30.78039
G1 X129.775 Y90.225 E32.11911
G1 X129.775 Y129.715 E33.4558
G1 X129.379 Y129.774 F7800
G1 X128.17 Y128.839
;TYPE:Internal infill
;WIDTH:0.45
;HEIGHT:0.4
G1 F4800
G1 X128.656 Y128.354 E33.49738
G1 X128.656 Y127.531 E33.54722
G1 X127.531 Y128.656 E33.64357
G1 X126.709 Y128.656 E33.69335
G1 X128.656 Y126.709 E33.8601
G1 X128.656 Y125.886 E33.90994
G1 X125.886 Y128.656 E34.14718
G1 X125.064 Y128.656 E34.19696
G1 X128.656 Y125.064 E34.5046
G1 X128.656 Y124.241 E34.55444
G1 X124.241 Y128.656 E34.93256
G1 X123.419 Y128.656 E34.98234
G1 X128.656 Y123.419 E35.43086
G1 X128.656 Y122.597 E35.48064
G1 X122.597 Y128.656 E35.99956
G1 X121.774 Y128.656 E36.0494
G1 X128.656 Y121.774 E36.63881
G1 X128.656 Y120.952 E36.68859
G1 X120.952 Y128.656 E37.3484
G1 X120.129 Y128.656 E37.39824
G1 X128.656 Y120.129 E38.12853
G1 X128.656 Y119.307 E38.17831
G1 X119.307 Y128.656 E38.979
G1 X118.484 Y128.656 E39.02884
G1 X128.656 Y118.484 E39.90002
G1 X128.656 Y117.662 E39.9498
G1 X117.662 Y128.656 E40.89138
G1 X116.84 Y128.656 E40.94116
G1 X128.656 Y116.84 E41.95314
M73 P82 R19
G1 X128.656 Y116.017 E42.00298
G1 X116.017 Y128.656 E43.08544
G1 X115.195 Y128.656 E43.13522
M73 Q82 S19
G1 X128.656 Y115.195 E44.28808
G1 X128.656 Y114.372 E44.33792
G1 X114.372 Y128.656 E45.56127
G1 X113.55 Y128.656 E45.61105
G1 X128.656 Y113.55 E46.9048
G1 X128.656 Y112.728 E46.95458
G1 X112.728 Y128.656 E48.31873
G1 X111.905 Y128.656 E48.36857
G1 X128.656 Y111.905 E49.8032
G1 X128.656 Y111.083 E49.85298
G1 X111.083 Y128.656 E51.35801
G1 X110.26 Y128.656 E51.40785
G1 X128.656 Y110.26 E52.98337
G1 X128.656 Y109.438 E53.03315
G1 X109.438 Y128.656 E54.67907
G1 X108.615 Y128.656 E54.72891
G1 X128.656 Y108.615 E56.44531
G1 X128.656 Y107.793 E56.49509
G1 X107.793 Y128.656 E58.28189
G1 X106.971 Y128.656 E58.33167
G1 X128.656 Y106.971 E60.18887
G1 X128.656 Y106.148 E60.23871
G1 X106.148 Y128.656 E62.1664
G1 X105.326 Y128.656 E62.21618
G1 X128.656 Y105.326 E64.21427
G1 X128.656 Y104.503 E64.26411
G1 X104.503 Y128.656 E66.33269
G1 X103.681 Y128.656 E66.38247
G1 X128.656 Y103.681 E68.52145
G1 X128.656 Y102.858 E68.57129
G1 X102.858 Y128.656 E70.78075
G1 X102.036 Y128.656 E70.83053
G1 X128.656 Y102.036 E73.11039
G1 X128.656 Y101.214 E73.16017
G1 X101.214 Y128.656 E75.51043
G1 X100.391 Y128.656 E75.56027
G1 X128.656 Y100.391 E77.98102
G1 X128.656 Y99.569 E78.0308
G1 X99.569 Y128.656 E80.52195
G1 X98.746 Y128.656 E80.57179
G1 X128.656 Y98.746 E83.13342
G1 X128.656 Y97.924 E83.1832
G1 X97.924 Y128.656 E85.81523
G1 X97.101 Y128.656 E85.86507
G1 X128.656 Y97.101 E88.56759
G1 X128.656 Y96.279 E88.61737
G1 X96.279 Y128.656 E91.39029
G1 X95.457 Y128.656 E91.44007
G1 X128.656 Y95.457 E94.28339
G1 X128.656 Y94.634 E94.33323
G1 X94.634 Y128.656 E97.24703
G1 X93.812 Y128.656 E97.29681
G1 X128.656 Y93.812 E100.28101
G1 X128.656 Y92.989 E100.33085
G1 X92.989 Y128.656 E103.38554
G1 X92.167 Y128.656 E103.43532
G1 X128.656 Y92.167 E106.56041
G1 X128.656 Y91.344 E106.61025
G1 X91.344 Y128.656 E109.80582
G1 X91.344 Y127.833 E109.85566
G1 X127.833 Y91.344 E112.98075
G1 X127.011 Y91.344 E113.03053
G1 X91.344 Y127.011 E116.08522
G1 X91.344 Y126.188 E116.13506
G1 X126.188 Y91.344 E119.11926
G1 X125.366 Y91.344 E119.16904
G1 X91.344 Y125.366 E122.08284
G1 X91.344 Y124.543 E122.13268
G1 X124.543 Y91.344 E124.976
G1 X123.721 Y91.344 E125.02578
G1 X91.344 Y123.721 E127.7987
G1 X91.344 Y122.899 E127.84848
G1 X122.899 Y91.344 E130.551
G1 X122.076 Y91.344 E130.60084
G1 X91.344 Y122.076 E133.23287
G1 X91.344 Y121.254 E133.28265
G1 X121.254 Y91.344 E135.84428
G1 X120.431 Y91.344 E135.89412
G1 X91.344 Y120.431 E138.38527
G1 X91.344 Y119.609 E138.43505
G1 X119.609 Y91.344 E140.8558
G1 X118.786 Y91.344 E140.90564
G1 X91.344 Y118.786 E143.2559
G1 X91.344 Y117.964 E143.30568
G1 X117.964 Y91.344 E145.58554
G1 X117.142 Y91.344 E145.63532
G1 X91.344 Y117.142 E147.84478
G1 X91.344 Y116.319 E147.89462
G1 X116.319 Y91.344 E150.0336
G1 X115.497 Y91.344 E150.08338
G1 X91.344 Y115.497 E152.15196
G1 X91.344 Y114.674 E152.2018
G1 X114.674 Y91.344 E154.19989
G1 X113.852 Y91.344 E154.24967
G1 X91.344 Y113.852 E156.17736
G1 X91.344 Y113.029 E156.2272
G1 X113.029 Y91.344 E158.0844
G1 X112.207 Y91.344 E158.13418
G1 X91.344 Y112.207 E159.92098
G1 X91.344 Y111.385 E159.97076
G1 X111.385 Y91.344 E161.68716
G1 X110.562 Y91.344 E161.737
G1 X91.344 Y110.562 E163.38292
G1 X91.344 Y109.74 E163.4327
G1 X109.74 Y91.344 E165.00822
G1 X108.917 Y91.344 E165.05806
G1 X91.344 Y108.917 E166.56309
G1 X91.344 Y108.095 E166.61287
G1 X108.095 Y91.344 E168.0475
G1 X107.272 Y91.344 E168.09734
G1 X91.344 Y107.272 E169.46149
G1 X91.344 Y106.45 E169.51127
G1 X106.45 Y91.344 E170.80502
G1 X105.628 Y91.344 E170.8548
G1 X91.344 Y105.628 E172.07815
G1 X91.344 Y104.805 E172.12799
G1 X104.805 Y91.344 E173.28085
G1 X103.983 Y91.344 E173.33063
G1 X91.344 Y103.983 E174.41309
G1 X91.344 Y103.16 E174.46293
G1 X103.16 Y91.344 E175.47491
G1 X102.338 Y91.344 E175.52469
G1 X91.344 Y102.338 E176.46627
G1 X91.344 Y101.516 E176.51605
G1 X101.516 Y91.344 E177.38723
G1 X100.693 Y91.344 E177.43707
G1 X91.344 Y100.693 E178.23776
G1 X91.344 Y99.871 E178.28754
G1 X99.871 Y91.344 E179.01783
G1 X99.048 Y91.344 E179.06767
G1 X91.344 Y99.048 E179.72748
G1 X91.344 Y98.226 E179.77726
G1 X98.226 Y91.344 E180.36667
G1 X97.403 Y91.344 E180.41651
G1 X91.344 Y97.403 E180.93543
G1 X91.344 Y96.581 E180.98521
G1 X96.581 Y91.344 E181.43373
G1 X95.759 Y91.344 E181.48351
G1 X91.344 Y95.759 E181.86163
G1 X91.344 Y94.936 E181.91147
G1 X94.936 Y91.344 E182.21911
G1 X94.114 Y91.344 E182.26889
G1 X91.344 Y94.114 E182.50613
G1 X91.344 Y93.291 E182.55597
G1 X93.291 Y91.344 E182.72272
G1 X92.469 Y91.344 E182.7725
G1 X91.344 Y92.469 E182.86885
G1 X91.344 Y91.646 E182.91869
G1 X91.83 Y91.161 E182.96027
;LAYER_CHANGE
;Z:35.5
;HEIGHT:0.200001
G1 E180.96027 F2400
G92 E0
G1 Z35.5 F7800
G1 X128.961 Y128.961
G1 E2 F2400
;TYPE:Perimeter
;WIDTH:0.449999
G1 F3323
G1 X91.039 Y128.961 E3.28361
G1 X91.039 Y91.039 E4.56722
G1 X128.961 Y91.039 E5.85083
G1 X128.961 Y128.901 E7.13241
G1 X129.368 Y129.368 F7800
G1 F3323
G1 X90.632 Y129.368 E8.44358
G1 X90.632 Y90.632 E9.75475
G1 X129.368 Y90.632 E11.06592
G1 X129.368 Y129.308 E12.37505
G1 X129.775 Y129.775 F7800
;TYPE:External perimeter
G1 F2400
G1 X90.225 Y129.775 E13.71377
G1 X90.225 Y90.225 E15.05249
M73 P82 R18
G1 X129.775 Y90.225 E16.39121
G1 X129.775 Y129.715 E17.7279
G1 X129.379 Y129.774 F7800
;LAYER_CHANGE
;Z:35.7
;HEIGHT:0.200001
G1 Z35.7 F7800
G1 X128.961 Y128.961
;TYPE:Perimeter
G1 F4800
G1 X91.039 Y128.961 E19.01151
G1 X91.039 Y91.039 E20.29512
G1 X128.961 Y91.039 E21.57873
G1 X128.961 Y128.901 E22.86031
G1 X129.368 Y129.368 F7800
G1 F4800
G1 X90.632 Y129.368 E24.17148
G1 X90.632 Y90.632 E25.48265
G1 X129.368 Y90.632 E26.79382
G1 X129.368 Y129.308 E28.10295
G1 X129.775 Y129.775 F7800
;TYPE:External perimeter
G1 F2400
G1 X90.225 Y129.775 E29.44167
G1 X90.225 Y90.225 E30.78039
G1 X129.775 Y90.225 E32.11911
G1 X129.775 Y129.715 E33.4558
G1 X129.379 Y129.774 F7800
G1 E31.4558 F2400
G92 E0
G1 X128.839 Y91.83 F7800
G1 E2 F2400
;TYPE:Internal infill
;WIDTH:0.45
;HEIGHT:0.4
G1 F4800
G1 X128.354 Y91.344 E2.04158
G1 X127.531 Y91.344 E2.09142
G1 X128.656 Y92.469 E2.18777
G1 X128.656 Y93.291 E2.23755
G1 X126.709 Y91.344 E2.4043
G1 X125.886 Y91.344 E2.45414
G1 X128.656 Y94.114 E2.69138
G1 X128.656 Y94.936 E2.74116
G1 X125.064 Y91.344 E3.0488
G1 X124.241 Y91.344 E3.09864
G1 X128.656 Y95.759 E3.47676
G1 X128.656 Y96.581 E3.52654
G1 X123.419 Y91.344 E3.97506
G1 X122.597 Y91.344 E4.02484
G1 X128.656 Y97.403 E4.54376
G1 X128.656 Y98.226 E4.5936
G1 X121.774 Y91.344 E5.18301
G1 X120.952 Y91.344 E5.23279
G1 X128.656 Y99.048 E5.8926
G1 X128.656 Y99.871 E5.94244
G1 X120.129 Y91.344 E6.67273
G1 X119.307 Y91.344 E6.72251
G1 X128.656 Y100.693 E7.5232
G1 X128.656 Y101.516 E7.57304
G1 X118.484 Y91.344 E8.44422
G1 X117.662 Y91.344 E8.494
G1 X128.656 Y102.338 E9.43558
G1 X128.656 Y103.16 E9.48536
G1 X116.84 Y91.344 E10.49734
G1 X116.017 Y91.344 E10.54718
G1 X128.656 Y103.983 E11.62964
G1 X128.656 Y104.805 E11.67942
G1 X115.195 Y91.344 E12.83228
G1 X114.372 Y91.344 E12.88212
G1 X128.656 Y105.628 E14.10547
G1 X128.656 Y106.45 E14.15525
G1 X113.55 Y91.344 E15.449
G1 X112.728 Y91.344 E15.49878
G1 X128.656 Y107.272 E16.86293
G1 X128.656 Y108.095 E16.91277
G1 X111.905 Y91.344 E18.3474
G1 X111.083 Y91.344 E18.39718
G1 X128.656 Y108.917 E19.90221
G1 X128.656 Y109.74 E19.95205
M73 Q83 S19
G1 X110.26 Y91.344 E21.52757
G1 X109.438 Y91.344 E21.57735
M73 Q83 S18
G1 X128.656 Y110.562 E23.22327
G1 X128.656 Y111.385 E23.27311
G1 X108.615 Y91.344 E24.98951
G1 X107.793 Y91.344 E25.03929
G1 X128.656 Y112.207 E26.82609
G1 X128.656 Y113.029 E26.87587
G1 X106.971 Y91.344 E28.73307
G1 X106.148 Y91.344 E28.78291
G1 X128.656 Y113.852 E30.7106
G1 X128.656 Y114.674 E30.76038
G1 X105.326 Y91.344 E32.75847
G1 X104.503 Y91.344 E32.80831
G1 X128.656 Y115.497 E34.87689
G1 X128.656 Y116.319 E34.92667
G1 X103.681 Y91.344 E37.06565
G1 X102.858 Y91.344 E37.11549
G1 X128.656 Y117.142 E39.32495
G1 X128.656 Y117.964 E39.37473
G1 X102.036 Y91.344 E41.65459
G1 X101.214 Y91.344 E41.70437
G1 X128.656 Y118.786 E44.05463
G1 X128.656 Y119.609 E44.10447
G1 X100.391 Y91.344 E46.52522
G1 X99.569 Y91.344 E46.575
G1 X128.656 Y120.431 E49.06615
G1 X128.656 Y121.254 E49.11599
G1 X98.746 Y91.344 E51.67762
G1 X97.924 Y91.344 E51.7274
M73 P83 R18
G1 X128.656 Y122.076 E54.35943
G1 X128.656 Y122.899 E54.40927
G1 X97.101 Y91.344 E57.11179
G1 X96.279 Y91.344 E57.16157
G1 X128.656 Y123.721 E59.93449
G1 X128.656 Y124.543 E59.98427
G1 X95.457 Y91.344 E62.82759
G1 X94.634 Y91.344 E62.87743
G1 X128.656 Y125.366 E65.79123
G1 X128.656 Y126.188 E65.84101
G1 X93.812 Y91.344 E68.82521
G1 X92.989 Y91.344 E68.87505
G1 X128.656 Y127.011 E71.92974
G1 X128.656 Y127.833 E71.97952
G1 X92.167 Y91.344 E75.10461
G1 X91.344 Y91.344 E75.15445
G1 X128.656 Y128.656 E78.35002
G1 X127.833 Y128.656 E78.39986
G1 X91.344 Y92.167 E81.52495
G1 X91.344 Y92.989 E81.57473
G1 X127.011 Y128.656 E84.62942
G1 X126.188 Y128.656 E84.67926
G1 X91.344 Y93.812 E87.66346
G1 X91.344 Y94.634 E87.71324
G1 X125.366 Y128.656 E90.62704
G1 X124.543 Y128.656 E90.67688
G1 X91.344 Y95.457 E93.5202
G1 X91.344 Y96.279 E93.56998
G1 X123.721 Y128.656 E96.3429
G1 X122.899 Y128.656 E96.39268
G1 X91.344 Y97.101 E99.0952
G1 X91.344 Y97.924 E99.14504
G1 X122.076 Y128.656 E101.77707
G1 X121.254 Y128.656 E101.82685
G1 X91.344 Y98.746 E104.38848
G1 X91.344 Y99.569 E104.43832
G1 X120.431 Y128.656 E106.92947
G1 X119.609 Y128.656 E106.97925
G1 X91.344 Y100.391 E109.4
G1 X91.344 Y101.214 E109.44984
G1 X118.786 Y128.656 E111.8001
G1 X117.964 Y128.656 E111.84988
G1 X91.344 Y102.036 E114.12974
G1 X91.344 Y102.858 E114.17952
G1 X117.142 Y128.656 E116.38898
G1 X116.319 Y128.656 E116.43882
G1 X91.344 Y103.681 E118.5778
G1 X91.344 Y104.503 E118.62758
G1 X115.497 Y128.656 E120.69616
G1 X114.674 Y128.656 E120.746
G1 X91.344 Y105.326 E122.74409
G1 X91.344 Y106.148 E122.79387
G1 X113.852 Y128.656 E124.72156
G1 X113.029 Y128.656 E124.7714
G1 X91.344 Y106.971 E126.6286
G1 X91.344 Y107.793 E126.67838
G1 X112.207 Y128.656 E128.46518
G1 X111.385 Y128.656 E128.51496
G1 X91.344 Y108.615 E130.23136
G1 X91.344 Y109.438 E130.2812
G1 X110.562 Y128.656 E131.92712
G1 X109.74 Y128.656 E131.9769
G1 X91.344 Y110.26 E133.55242
G1 X91.344 Y111.083 E133.60226
G1 X108.917 Y128.656 E135.10729
G1 X108.095 Y128.656 E135.15707
G1 X91.344 Y111.905 E136.5917
G1 X91.344 Y112.728 E136.64154
G1 X107.272 Y128.656 E138.00569
G1 X106.45 Y128.656 E138.05547
G1 X91.344 Y113.55 E139.34922
G1 X91.344 Y114.372 E139.399
G1 X105.628 Y128.656 E140.62235
G1 X104.805 Y128.656 E140.67219
G1 X91.344 Y115.195 E141.82505
G1 X91.344 Y116.017 E141.87483
G1 X103.983 Y128.656 E142.95729
G1 X103.16 Y128.656 E143.00713
G1 X91.344 Y116.84 E144.01911
G1 X91.344 Y117.662 E144.06889
G1 X102.338 Y128.656 E145.01047
G1 X101.516 Y128.656 E145.06025
G1 X91.344 Y118.484 E145.93143
G1 X91.344 Y119.307 E145.98127
G1 X100.693 Y128.656 E146.78196
G1 X99.871 Y128.656 E146.83174
G1 X91.344 Y120.129 E147.56203
G1 X91.344 Y120.952 E147.61187
G1 X99.048 Y128.656 E148.27168
G1 X98.226 Y128.656 E148.32146
G1 X91.344 Y121.774 E148.91087
G1 X91.344 Y122.597 E148.96071
G1 X97.403 Y128.656 E149.47963
G1 X96.581 Y128.656 E149.52941
G1 X91.344 Y123.419 E149.97793
G1 X91.344 Y124.241 E150.02771
G1 X95.759 Y128.656 E150.40583
G1 X94.936 Y128.656 E150.45567
G1 X91.344 Y125.064 E150.76331
G1 X91.344 Y125.886 E150.81309
G1 X94.114 Y128.656 E151.05033
G1 X93.291 Y128.656 E151.10017
G1 X91.344 Y126.709 E151.26692
G1 X91.344 Y127.531 E151.3167
G1 X92.469 Y128.656 E151.41305
G1 X91.646 Y128.656 E151.46289
G1 X91.161 Y128.17 E151.50447
;LAYER_CHANGE
;Z:35.9
;HEIGHT:0.200001
G1 E149.50447 F2400
G92 E0
G1 Z35.9 F7800
G1 X128.961 Y128.961
G1 E2 F2400
;TYPE:Perimeter
;WIDTH:0.449999
G1 F3254
G1 X91.039 Y128.961 E3.28361
G1 X91.039 Y91.039 E4.56722
G1 X128.961 Y91.039 E5.85083
G1 X128.961 Y128.901 E7.13241
G1 X129.368 Y129.368 F7800
G1 F3254
G1 X90.632 Y129.368 E8.44358
G1 X90.632 Y90.632 E9.75475
G1 X129.368 Y90.632 E11.06592
G1 X129.368 Y129.308 E12.37505
G1 X129.775 Y129.775 F7800
;TYPE:External perimeter
G1 F2400
G1 X90.225 Y129.775 E13.71377
G1 X90.225 Y90.225 E15.05249
G1 X129.775 Y90.225 E16.39121
G1 X129.775 Y129.715 E17.7279
G1 X129.379 Y129.774 F7800
;LAYER_CHANGE
;Z:36.1
;HEIGHT:0.199997
G1 Z36.1 F7800
G1 X128.961 Y128.961
;TYPE:Perimeter
G1 F4800
G1 X91.039 Y128.961 E19.01151
G1 X91.039 Y91.039 E20.29512
G1 X128.961 Y91.039 E21.57873
M73 P83 R17
G1 X128.961 Y128.901 E22.86031
G1 X129.368 Y129.368 F7800
G1 F4800
G1 X90.632 Y129.368 E24.17148
G1 X90.632 Y90.632 E25.48265
G1 X129.368 Y90.632 E26.79382
G1 X129.368 Y129.308 E28.10295
G1 X129.775 Y129.775 F7800
;TYPE:External perimeter
G1 F2400
G1 X90.225 Y129.775 E29.44167
G1 X90.225 Y90.225 E30.78039
G1 X129.775 Y90.225 E32.11911
G1 X129.775 Y129.715 E33.4558
G1 X129.379 Y129.774 F7800
G1 X128.17 Y128.839
;TYPE:Internal infill
;WIDTH:0.45
;HEIGHT:0.4
G1 F4800
G1 X128.656 Y128.354 E33.49738
G1 X128.656 Y127.531 E33.54722
G1 X127.531 Y128.656 E33.64357
G1 X126.709 Y128.656 E33.69335
G1 X128.656 Y126.709 E33.8601
G1 X128.656 Y125.886 E33.90994
G1 X125.886 Y128.656 E34.14718
G1 X125.064 Y128.656 E34.19696
G1 X128.656 Y125.064 E34.5046
G1 X128.656 Y124.241 E34.55444
G1 X124.241 Y128.656 E34.93256
G1 X123.419 Y128.656 E34.98234
G1 X128.656 Y123.419 E35.43086
G1 X128.656 Y122.597 E35.48064
G1 X122.597 Y128.656 E35.99956
G1 X121.774 Y128.656 E36.0494
G1 X128.656 Y121.774 E36.63881
G1 X128.656 Y120.952 E36.68859
G1 X120.952 Y128.656 E37.3484
G1 X120.129 Y128.656 E37.39824
G1 X128.656 Y120.129 E38.12853
G1 X128.656 Y119.307 E38.17831
G1 X119.307 Y128.656 E38.979
G1 X118.484 Y128.656 E39.02884
G1 X128.656 Y118.484 E39.90002
G1 X128.656 Y117.662 E39.9498
G1 X117.662 Y128.656 E40.89138
G1 X116.84 Y128.656 E40.94116
G1 X128.656 Y116.84 E41.95314
G1 X128.656 Y116.017 E42.00298
G1 X116.017 Y128.656 E43.08544
G1 X115.195 Y128.656 E43.13522
G1 X128.656 Y115.195 E44.28808
G1 X128.656 Y114.372 E44.33792
G1 X114.372 Y128.656 E45.56127
G1 X113.55 Y128.656 E45.61105
G1 X128.656 Y113.55 E46.9048
G1 X128.656 Y112.728 E46.95458
G1 X112.728 Y128.656 E48.31873
G1 X111.905 Y128.656 E48.36857
G1 X128.656 Y111.905 E49.8032
G1 X128.656 Y111.083 E49.85298
G1 X111.083 Y128.656 E51.35801
G1 X110.26 Y128.656 E51.40785
G1 X128.656 Y110.26 E52.98337
G1 X128.656 Y109.438 E53.03315
G1 X109.438 Y128.656 E54.67907
G1 X108.615 Y128.656 E54.72891
G1 X128.656 Y108.615 E56.44531
G1 X128.656 Y107.793 E56.49509
G1 X107.793 Y128.656 E58.28189
G1 X106.971 Y128.656 E58.33167
G1 X128.656 Y106.971 E60.18887
G1 X128.656 Y106.148 E60.23871
G1 X106.148 Y128.656 E62.1664
G1 X105.326 Y128.656 E62.21618
G1 X128.656 Y105.326 E64.21427
G1 X128.656 Y104.503 E64.26411
G1 X104.503 Y128.656 E66.33269
G1 X103.681 Y128.656 E66.38247
M73 Q83 S17
G1 X128.656 Y103.681 E68.52145
G1 X128.656 Y102.858 E68.57129
G1 X102.858 Y128.656 E70.78075
G1 X102.036 Y128.656 E70.83053
G1 X128.656 Y102.036 E73.11039
G1 X128.656 Y101.214 E73.16017
G1 X101.214 Y128.656 E75.51043
G1 X100.391 Y128.656 E75.56027
G1 X128.656 Y100.391 E77.98102
G1 X128.656 Y99.569 E78.0308
G1 X99.569 Y128.656 E80.52195
G1 X98.746 Y128.656 E80.57179
G1 X128.656 Y98.746 E83.13342
G1 X128.656 Y97.924 E83.1832
G1 X97.924 Y128.656 E85.81523
G1 X97.101 Y128.656 E85.86507
G1 X128.656 Y97.101 E88.56759
G1 X128.656 Y96.279 E88.61737
G1 X96.279 Y128.656 E91.39029
G1 X95.457 Y128.656 E91.44007
G1 X128.656 Y95.457 E94.28339
G1 X128.656 Y94.634 E94.33323
M73 Q84 S17
G1 X94.634 Y128.656 E97.24703
G1 X93.812 Y128.656 E97.29681
G1 X128.656 Y93.812 E100.28101
G1 X128.656 Y92.989 E100.33085
G1 X92.989 Y128.656 E103.38554
G1 X92.167 Y128.656 E103.43532
G1 X128.656 Y92.167 E106.56041
G1 X128.656 Y91.344 E106.61025
G1 X91.344 Y128.656 E109.80582
G1 X91.344 Y127.833 E109.85566
G1 X127.833 Y91.344 E112.98075
G1 X127.011 Y91.344 E113.03053
G1 X91.344 Y127.011 E116.08522
G1 X91.344 Y126.188 E116.13506
G1 X126.188 Y91.344 E119.11926
G1 X125.366 Y91.344 E119.16904
G1 X91.344 Y125.366 E122.08284
G1 X91.344 Y124.543 E122.13268
G1 X124.543 Y91.344 E124.976
G1 X123.721 Y91.344 E125.02578
G1 X91.344 Y123.721 E127.7987
G1 X91.344 Y122.899 E127.84848
M73 P84 R17
G1 X122.899 Y91.344 E130.551
G1 X122.076 Y91.344 E130.60084
G1 X91.344 Y122.076 E133.23287
G1 X91.344 Y121.254 E133.28265
G1 X121.254 Y91.344 E135.84428
G1 X120.431 Y91.344 E135.89412
G1 X91.344 Y120.431 E138.38527
G1 X91.344 Y119.609 E138.43505
G1 X119.609 Y91.344 E140.8558
G1 X118.786 Y91.344 E140.90564
G1 X91.344 Y118.786 E143.2559
G1 X91.344 Y117.964 E143.30568
G1 X117.964 Y91.344 E145.58554
G1 X117.142 Y91.344 E145.63532
G1 X91.344 Y117.142 E147.84478
G1 X91.344 Y116.319 E147.89462
G1 X116.319 Y91.344 E150.0336
G1 X115.497 Y91.344 E150.08338
G1 X91.344 Y115.497 E152.15196
G1 X91.344 Y114.674 E152.2018
G1 X114.674 Y91.344 E154.19989
G1 X113.852 Y91.344 E154.24967
G1 X91.344 Y113.852 E156.17736
G1 X91.344 Y113.029 E156.2272
G1 X113.029 Y91.344 E158.0844
G1 X112.207 Y91.344 E158.13418
G1 X91.344 Y112.207 E159.92098
G1 X91.344 Y111.385 E159.97076
G1 X111.385 Y91.344 E161.68716
G1 X110.562 Y91.344 E161.737
G1 X91.344 Y110.562 E163.38292
G1 X91.344 Y109.74 E163.4327
G1 X109.74 Y91.344 E165.00822
G1 X108.917 Y91.344 E165.05806
G1 X91.344 Y108.917 E166.56309
G1 X91.344 Y108.095 E166.61287
G1 X108.095 Y91.344 E168.0475
G1 X107.272 Y91.344 E168.09734
G1 X91.344 Y107.272 E169.46149
G1 X91.344 Y106.45 E169.51127
G1 X106.45 Y91.344 E170.80502
G1 X105.628 Y91.344 E170.8548
G1 X91.344 Y105.628 E172.07815
G1 X91.344 Y104.805 E172.12799
G1 X104.805 Y91.344 E173.28085
G1 X103.983 Y91.344 E173.33063
G1 X91.344 Y103.983 E174.41309
G1 X91.344 Y103.16 E174.46293
G1 X103.16 Y91.344 E175.47491
G1 X102.338 Y91.344 E175.52469
G1 X91.344 Y102.338 E176.46627
G1 X91.344 Y101.516 E176.51605
G1 X101.516 Y91.344 E177.38723
G1 X100.693 Y91.344 E177.43707
G1 X91.344 Y100.693 E178.23776
G1 X91.344 Y99.871 E178.28754
G1 X99.871 Y91.344 E179.01783
G1 X99.048 Y91.344 E179.06767
G1 X91.344 Y99.048 E179.72748
G1 X91.344 Y98.226 E179.77726
G1 X98.226 Y91.344 E180.36667
G1 X97.403 Y91.344 E180.41651
G1 X91.344 Y97.403 E180.93543
G1 X91.344 Y96.581 E180.98521
G1 X96.581 Y91.344 E181.43373
G1 X95.759 Y91.344 E181.48351
G1 X91.344 Y95.759 E181.86163
G1 X91.344 Y94.936 E181.91147
G1 X94.936 Y91.344 E182.21911
G1 X94.114 Y91.344 E182.26889
G1 X91.344 Y94.114 E182.50613
G1 X91.344 Y93.291 E182.55597
G1 X93.291 Y91.344 E182.72272
G1 X92.469 Y91.344 E182.7725
G1 X91.344 Y92.469 E182.86885
G1 X91.344 Y91.646 E182.91869
G1 X91.83 Y91.161 E182.96027
;LAYER_CHANGE
;Z:36.3
;HEIGHT:0.200001
G1 E180.96027 F2400
G92 E0
G1 Z36.3 F7800
G1 X128.961 Y128.961
G1 E2 F2400
;TYPE:Perimeter
;WIDTH:0.449999
G1 F3323
G1 X91.039 Y128.961 E3.28361
G1 X91.039 Y91.039 E4.56722
G1 X128.961 Y91.039 E5.85083
G1 X128.961 Y128.901 E7.13241
G1 X129.368 Y129.368 F7800
G1 F3323
G1 X90.632 Y129.368 E8.44358
G1 X90.632 Y90.632 E9.75475
G1 X129.368 Y90.632 E11.06592
G1 X129.368 Y129.308 E12.37505
G1 X129.775 Y129.775 F7800
;TYPE:External perimeter
G1 F2400
G1 X90.225 Y129.775 E13.71377
G1 X90.225 Y90.225 E15.05249
G1 X129.775 Y90.225 E16.39121
G1 X129.775 Y129.715 E17.7279
G1 X129.379 Y129.774 F7800
;LAYER_CHANGE
;Z:36.5
;HEIGHT:0.200001
G1 Z36.5 F7800
G1 X128.961 Y128.961
;TYPE:Perimeter
G1 F4800
G1 X91.039 Y128.961 E19.01151
G1 X91.039 Y91.039 E20.29512
G1 X128.961 Y91.039 E21.57873
G1 X128.961 Y128.901 E22.86031
G1 X129.368 Y129.368 F7800
G1 F4800
G1 X90.632 Y129.368 E24.17148
G1 X90.632 Y90.632 E25.48265
G1 X129.368 Y90.632 E26.79382
G1 X129.368 Y129.308 E28.10295
G1 X129.775 Y129.775 F7800
;TYPE:External perimeter
G1 F2400
G1 X90.225 Y129.775 E29.44167
G1 X90.225 Y90.225 E30.78039
G1 X129.775 Y90.225 E32.11911
M73 P84 R16
G1 X129.775 Y129.715 E33.4558
G1 X129.379 Y129.774 F7800
G1 E31.4558 F2400
G92 E0
G1 X128.839 Y91.83 F7800
G1 E2 F2400
;TYPE:Internal infill
;WIDTH:0.45
;HEIGHT:0.4
G1 F4800
G1 X128.354 Y91.344 E2.04158
G1 X127.531 Y91.344 E2.09142
G1 X128.656 Y92.469 E2.18777
G1 X128.656 Y93.291 E2.23755
G1 X126.709 Y91.344 E2.4043
G1 X125.886 Y91.344 E2.45414
G1 X128.656 Y94.114 E2.69138
G1 X128.656 Y94.936 E2.74116
G1 X125.064 Y91.344 E3.0488
G1 X124.241 Y91.344 E3.09864
G1 X128.656 Y95.759 E3.47676
G1 X128.656 Y96.581 E3.52654
G1 X123.419 Y91.344 E3.97506
G1 X122.597 Y91.344 E4.02484
G1 X128.656 Y97.403 E4.54376
G1 X128.656 Y98.226 E4.5936
G1 X121.774 Y91.344 E5.18301
G1 X120.952 Y91.344 E5.23279
G1 X128.656 Y99.048 E5.8926
G1 X128.656 Y99.871 E5.94244
G1 X120.129 Y91.344 E6.67273
G1 X119.307 Y91.344 E6.72251
G1 X128.656 Y100.693 E7.5232
G1 X128.656 Y101.516 E7.57304
G1 X118.484 Y91.344 E8.44422
G1 X117.662 Y91.344 E8.494
G1 X128.656 Y102.338 E9.43558
G1 X128.656 Y103.16 E9.48536
G1 X116.84 Y91.344 E10.49734
G1 X116.017 Y91.344 E10.54718
G1 X128.656 Y103.983 E11.62964
G1 X128.656 Y104.805 E11.67942
G1 X115.195 Y91.344 E12.83228
G1 X114.372 Y91.344 E12.88212
G1 X128.656 Y105.628 E14.10547
G1 X128.656 Y106.45 E14.15525
G1 X113.55 Y91.344 E15.449
G1 X112.728 Y91.344 E15.49878
G1 X128.656 Y107.272 E16.86293
G1 X128.656 Y108.095 E16.91277
G1 X111.905 Y91.344 E18.3474
G1 X111.083 Y91.344 E18.39718
G1 X128.656 Y108.917 E19.90221
G1 X128.656 Y109.74 E19.95205
G1 X110.26 Y91.344 E21.52757
G1 X109.438 Y91.344 E21.57735
G1 X128.656 Y110.562 E23.22327
G1 X128.656 Y111.385 E23.27311
G1 X108.615 Y91.344 E24.98951
G1 X107.793 Y91.344 E25.03929
G1 X128.656 Y112.207 E26.82609
G1 X128.656 Y113.029 E26.87587
G1 X106.971 Y91.344 E28.73307
G1 X106.148 Y91.344 E28.78291
G1 X128.656 Y113.852 E30.7106
G1 X128.656 Y114.674 E30.76038
G1 X105.326 Y91.344 E32.75847
G1 X104.503 Y91.344 E32.80831
G1 X128.656 Y115.497 E34.87689
G1 X128.656 Y116.319 E34.92667
G1 X103.681 Y91.344 E37.06565
G1 X102.858 Y91.344 E37.11549
G1 X128.656 Y117.142 E39.32495
G1 X128.656 Y117.964 E39.37473
G1 X102.036 Y91.344 E41.65459
G1 X101.214 Y91.344 E41.70437
G1 X128.656 Y118.786 E44.05463
G1 X128.656 Y119.609 E44.10447
G1 X100.391 Y91.344 E46.52522
G1 X99.569 Y91.344 E46.575
M73 Q84 S16
G1 X128.656 Y120.431 E49.06615
G1 X128.656 Y121.254 E49.11599
G1 X98.746 Y91.344 E51.67762
G1 X97.924 Y91.344 E51.7274
G1 X128.656 Y122.076 E54.35943
G1 X128.656 Y122.899 E54.40927
G1 X97.101 Y91.344 E57.11179
G1 X96.279 Y91.344 E57.16157
G1 X128.656 Y123.721 E59.93449
G1 X128.656 Y124.543 E59.98427
G1 X95.457 Y91.344 E62.82759
G1 X94.634 Y91.344 E62.87743
G1 X128.656 Y125.366 E65.79123
G1 X128.656 Y126.188 E65.84101
G1 X93.812 Y91.344 E68.82521
G1 X92.989 Y91.344 E68.87505
G1 X128.656 Y127.011 E71.92974
G1 X128.656 Y127.833 E71.97952
G1 X92.167 Y91.344 E75.10461
G1 X91.344 Y91.344 E75.15445
G1 X128.656 Y128.656 E78.35002
G1 X127.833 Y128.656 E78.39986
G1 X91.344 Y92.167 E81.52495
G1 X91.344 Y92.989 E81.57473
G1 X127.011 Y128.656 E84.62942
G1 X126.188 Y128.656 E84.67926
G1 X91.344 Y93.812 E87.66346
G1 X91.344 Y94.634 E87.71324
G1 X125.366 Y128.656 E90.62704
G1 X124.543 Y128.656 E90.67688
G1 X91.344 Y95.457 E93.5202
G1 X91.344 Y96.279 E93.56998
G1 X123.721 Y128.656 E96.3429
G1 X122.899 Y128.656 E96.39268
G1 X91.344 Y97.101 E99.0952
G1 X91.344 Y97.924 E99.14504
G1 X122.076 Y128.656 E101.77707
G1 X121.254 Y128.656 E101.82685
G1 X91.344 Y98.746 E104.38848
G1 X91.344 Y99.569 E104.43832
M73 Q85 S16
G1 X120.431 Y128.656 E106.92947
G1 X119.609 Y128.656 E106.97925
G1 X91.344 Y100.391 E109.4
G1 X91.344 Y101.214 E109.44984
G1 X118.786 Y128.656 E111.8001
G1 X117.964 Y128.656 E111.84988
G1 X91.344 Y102.036 E114.12974
G1 X91.344 Y102.858 E114.17952
G1 X117.142 Y128.656 E116.38898
G1 X116.319 Y128.656 E116.43882
G1 X91.344 Y103.681 E118.5778
G1 X91.344 Y104.503 E118.62758
G1 X115.497 Y128.656 E120.69616
G1 X114.674 Y128.656 E120.746
G1 X91.344 Y105.326 E122.74409
G1 X91.344 Y106.148 E122.79387
G1 X113.852 Y128.656 E124.72156
G1 X113.029 Y128.656 E124.7714
G1 X91.344 Y106.971 E126.6286
G1 X91.344 Y107.793 E126.67838
G1 X112.207 Y128.656 E128.46518
G1 X111.385 Y128.656 E128.51496
G1 X91.344 Y108.615 E130.23136
G1 X91.344 Y109.438 E130.2812
G1 X110.562 Y128.656 E131.92712
G1 X109.74 Y128.656 E131.9769
G1 X91.344 Y110.26 E133.55242
G1 X91.344 Y111.083 E133.60226
G1 X108.917 Y128.656 E135.10729
G1 X108.095 Y128.656 E135.15707
G1 X91.344 Y111.905 E136.5917
G1 X91.344 Y112.728 E136.64154
G1 X107.272 Y128.656 E138.00569
G1 X106.45 Y128.656 E138.05547
M73 P85 R16
G1 X91.344 Y113.55 E139.34922
G1 X91.344 Y114.372 E139.399
G1 X105.628 Y128.656 E140.62235
G1 X104.805 Y128.656 E140.67219
G1 X91.344 Y115.195 E141.82505
G1 X91.344 Y116.017 E141.87483
G1 X103.983 Y128.656 E142.95729
G1 X103.16 Y128.656 E143.00713
G1 X91.344 Y116.84 E144.01911
G1 X91.344 Y117.662 E144.06889
G1 X102.338 Y128.656 E145.01047
G1 X101.516 Y128.656 E145.06025
G1 X91.344 Y118.484 E145.93143
G1 X91.344 Y119.307 E145.98127
G1 X100.693 Y128.656 E146.78196
G1 X99.871 Y128.656 E146.83174
G1 X91.344 Y120.129 E147.56203
G1 X91.344 Y120.952 E147.61187
G1 X99.048 Y128.656 E148.27168
G1 X98.226 Y128.656 E148.32146
G1 X91.344 Y121.774 E148.91087
G1 X91.344 Y122.597 E148.96071
G1 X97.403 Y128.656 E149.47963
G1 X96.581 Y128.656 E149.52941
G1 X91.344 Y123.419 E149.97793
G1 X91.344 Y124.241 E150.02771
G1 X95.759 Y128.656 E150.40583
G1 X94.936 Y128.656 E150.45567
G1 X91.344 Y125.064 E150.76331
G1 X91.344 Y125.886 E150.81309
G1 X94.114 Y128.656 E151.05033
G1 X93.291 Y128.656 E151.10017
G1 X91.344 Y126.709 E151.26692
G1 X91.344 Y127.531 E151.3167
G1 X92.469 Y128.656 E151.41305
G1 X91.646 Y128.656 E151.46289
G1 X91.161 Y128.17 E151.50447
;LAYER_CHANGE
;Z:36.7
;HEIGHT:0.200001
G1 E149.50447 F2400
G92 E0
G1 Z36.7 F7800
G1 X128.961 Y128.961
G1 E2 F2400
;TYPE:Perimeter
;WIDTH:0.449999
G1 F3254
G1 X91.039 Y128.961 E3.28361
G1 X91.039 Y91.039 E4.56722
G1 X128.961 Y91.039 E5.85083
G1 X128.961 Y128.901 E7.13241
G1 X129.368 Y129.368 F7800
G1 F3254
G1 X90.632 Y129.368 E8.44358
G1 X90.632 Y90.632 E9.75475
G1 X129.368 Y90.632 E11.06592
G1 X129.368 Y129.308 E12.37505
G1 X129.775 Y129.775 F7800
;TYPE:External perimeter
G1 F2400
G1 X90.225 Y129.775 E13.71377
G1 X90.225 Y90.225 E15.05249
G1 X129.775 Y90.225 E16.39121
G1 X129.775 Y129.715 E17.7279
G1 X129.379 Y129.774 F7800
;LAYER_CHANGE
;Z:36.9
;HEIGHT:0.200001
G1 Z36.9 F7800
G1 X128.961 Y128.961
;TYPE:Perimeter
G1 F4800
G1 X91.039 Y128.961 E19.01151
G1 X91.039 Y91.039 E20.29512
G1 X128.961 Y91.039 E21.57873
G1 X128.961 Y128.901 E22.86031
G1 X129.368 Y129.368 F7800
G1 F4800
G1 X90.632 Y129.368 E24.17148
G1 X90.632 Y90.632 E25.48265
G1 X129.368 Y90.632 E26.79382
G1 X129.368 Y129.308 E28.10295
G1 X129.775 Y129.775 F7800
;TYPE:External perimeter
G1 F2400
G1 X90.225 Y129.775 E29.44167
G1 X90.225 Y90.225 E30.78039
G1 X129.775 Y90.225 E32.11911
G1 X129.775 Y129.715 E33.4558
G1 X129.379 Y129.774 F7800
G1 X128.17 Y128.839
;TYPE:Internal infill
;WIDTH:0.45
;HEIGHT:0.4
G1 F4800
G1 X128.656 Y128.354 E33.49738
G1 X128.656 Y127.531 E33.54722
G1 X127.531 Y128.656 E33.64357
G1 X126.709 Y128.656 E33.69335
G1 X128.656 Y126.709 E33.8601
G1 X128.656 Y125.886 E33.90994
G1 X125.886 Y128.656 E34.14718
G1 X125.064 Y128.656 E34.19696
G1 X128.656 Y125.064 E34.5046
G1 X128.656 Y124.241 E34.55444
G1 X124.241 Y128.656 E34.93256
G1 X123.419 Y128.656 E34.98234
G1 X128.656 Y123.419 E35.43086
G1 X128.656 Y122.597 E35.48064
G1 X122.597 Y128.656 E35.99956
G1 X121.774 Y128.656 E36.0494
G1 X128.656 Y121.774 E36.63881
G1 X128.656 Y120.952 E36.68859
G1 X120.952 Y128.656 E37.3484
M73 P85 R15
G1 X120.129 Y128.656 E37.39824
G1 X128.656 Y120.129 E38.12853
G1 X128.656 Y119.307 E38.17831
G1 X119.307 Y128.656 E38.979
G1 X118.484 Y128.656 E39.02884
G1 X128.656 Y118.484 E39.90002
G1 X128.656 Y117.662 E39.9498
G1 X117.662 Y128.656 E40.89138
G1 X116.84 Y128.656 E40.94116
G1 X128.656 Y116.84 E41.95314
G1 X128.656 Y116.017 E42.00298
G1 X116.017 Y128.656 E43.08544
G1 X115.195 Y128.656 E43.13522
G1 X128.656 Y115.195 E44.28808
G1 X128.656 Y114.372 E44.33792
G1 X114.372 Y128.656 E45.56127
G1 X113.55 Y128.656 E45.61105
G1 X128.656 Y113.55 E46.9048
G1 X128.656 Y112.728 E46.95458
G1 X112.728 Y128.656 E48.31873
G1 X111.905 Y128.656 E48.36857
G1 X128.656 Y111.905 E49.8032
G1 X128.656 Y111.083 E49.85298
G1 X111.083 Y128.656 E51.35801
G1 X110.26 Y128.656 E51.40785
G1 X128.656 Y110.26 E52.98337
G1 X128.656 Y109.438 E53.03315
G1 X109.438 Y128.656 E54.67907
G1 X108.615 Y128.656 E54.72891
G1 X128.656 Y108.615 E56.44531
G1 X128.656 Y107.793 E56.49509
G1 X107.793 Y128.656 E58.28189
G1 X106.971 Y128.656 E58.33167
G1 X128.656 Y106.971 E60.18887
G1 X128.656 Y106.148 E60.23871
G1 X106.148 Y128.656 E62.1664
G1 X105.326 Y128.656 E62.21618
G1 X128.656 Y105.326 E64.21427
G1 X128.656 Y104.503 E64.26411
G1 X104.503 Y128.656 E66.33269
G1 X103.681 Y128.656 E66.38247
G1 X128.656 Y103.681 E68.52145
G1 X128.656 Y102.858 E68.57129
G1 X102.858 Y128.656 E70.78075
G1 X102.036 Y128.656 E70.83053
G1 X128.656 Y102.036 E73.11039
G1 X128.656 Y101.214 E73.16017
G1 X101.214 Y128.656 E75.51043
G1 X100.391 Y128.656 E75.56027
G1 X128.656 Y100.391 E77.98102
G1 X128.656 Y99.569 E78.0308
G1 X99.569 Y128.656 E80.52195
G1 X98.746 Y128.656 E80.57179
G1 X128.656 Y98.746 E83.13342
G1 X128.656 Y97.924 E83.1832
G1 X97.924 Y128.656 E85.81523
G1 X97.101 Y128.656 E85.86507
G1 X128.656 Y97.101 E88.56759
G1 X128.656 Y96.279 E88.61737
G1 X96.279 Y128.656 E91.39029
G1 X95.457 Y128.656 E91.44007
M73 Q85 S15
G1 X128.656 Y95.457 E94.28339
G1 X128.656 Y94.634 E94.33323
G1 X94.634 Y128.656 E97.24703
G1 X93.812 Y128.656 E97.29681
G1 X128.656 Y93.812 E100.28101
G1 X128.656 Y92.989 E100.33085
G1 X92.989 Y128.656 E103.38554
G1 X92.167 Y128.656 E103.43532
G1 X128.656 Y92.167 E106.56041
G1 X128.656 Y91.344 E106.61025
G1 X91.344 Y128.656 E109.80582
G1 X91.344 Y127.833 E109.85566
G1 X127.833 Y91.344 E112.98075
G1 X127.011 Y91.344 E113.03053
G1 X91.344 Y127.011 E116.08522
G1 X91.344 Y126.188 E116.13506
G1 X126.188 Y91.344 E119.11926
G1 X125.366 Y91.344 E119.16904
G1 X91.344 Y125.366 E122.08284
G1 X91.344 Y124.543 E122.13268
G1 X124.543 Y91.344 E124.976
G1 X123.721 Y91.344 E125.02578
G1 X91.344 Y123.721 E127.7987
G1 X91.344 Y122.899 E127.84848
G1 X122.899 Y91.344 E130.551
G1 X122.076 Y91.344 E130.60084
G1 X91.344 Y122.076 E133.23287
G1 X91.344 Y121.254 E133.28265
G1 X121.254 Y91.344 E135.84428
G1 X120.431 Y91.344 E135.89412
G1 X91.344 Y120.431 E138.38527
G1 X91.344 Y119.609 E138.43505
G1 X119.609 Y91.344 E140.8558
G1 X118.786 Y91.344 E140.90564
G1 X91.344 Y118.786 E143.2559
G1 X91.344 Y117.964 E143.30568
G1 X117.964 Y91.344 E145.58554
G1 X117.142 Y91.344 E145.63532
G1 X91.344 Y117.142 E147.84478
G1 X91.344 Y116.319 E147.89462
G1 X116.319 Y91.344 E150.0336
G1 X115.497 Y91.344 E150.08338
G1 X91.344 Y115.497 E152.15196
G1 X91.344 Y114.674 E152.2018
G1 X114.674 Y91.344 E154.19989
G1 X113.852 Y91.344 E154.24967
G1 X91.344 Y113.852 E156.17736
G1 X91.344 Y113.029 E156.2272
G1 X113.029 Y91.344 E158.0844
G1 X112.207 Y91.344 E158.13418
G1 X91.344 Y112.207 E159.92098
G1 X91.344 Y111.385 E159.97076
G1 X111.385 Y91.344 E161.68716
G1 X110.562 Y91.344 E161.737
G1 X91.344 Y110.562 E163.38292
G1 X91.344 Y109.74 E163.4327
G1 X109.74 Y91.344 E165.00822
G1 X108.917 Y91.344 E165.05806
G1 X91.344 Y108.917 E166.56309
G1 X91.344 Y108.095 E166.61287
G1 X108.095 Y91.344 E168.0475
G1 X107.272 Y91.344 E168.09734
G1 X91.344 Y107.272 E169.46149
G1 X91.344 Y106.45 E169.51127
G1 X106.45 Y91.344 E170.80502
G1 X105.628 Y91.344 E170.8548
G1 X91.344 Y105.628 E172.07815
G1 X91.344 Y104.805 E172.12799
G1 X104.805 Y91.344 E173.28085
G1 X103.983 Y91.344 E173.33063
G1 X91.344 Y103.983 E174.41309
G1 X91.344 Y103.16 E174.46293
G1 X103.16 Y91.344 E175.47491
G1 X102.338 Y91.344 E175.52469
G1 X91.344 Y102.338 E176.46627
G1 X91.344 Y101.516 E176.51605
G1 X101.516 Y91.344 E177.38723
M73 Q86 S15
G1 X100.693 Y91.344 E177.43707
G1 X91.344 Y100.693 E178.23776
G1 X91.344 Y99.871 E178.28754
G1 X99.871 Y91.344 E179.01783
G1 X99.048 Y91.344 E179.06767
G1 X91.344 Y99.048 E179.72748
G1 X91.344 Y98.226 E179.77726
G1 X98.226 Y91.344 E180.36667
G1 X97.403 Y91.344 E180.41651
G1 X91.344 Y97.403 E180.93543
G1 X91.344 Y96.581 E180.98521
G1 X96.581 Y91.344 E181.43373
G1 X95.759 Y91.344 E181.48351
G1 X91.344 Y95.759 E181.86163
G1 X91.344 Y94.936 E181.91147
G1 X94.936 Y91.344 E182.21911
G1 X94.114 Y91.344 E182.26889
G1 X91.344 Y94.114 E182.50613
G1 X91.344 Y93.291 E182.55597
G1 X93.291 Y91.344 E182.72272
G1 X92.469 Y91.344 E182.7725
G1 X91.344 Y92.469 E182.86885
G1 X91.344 Y91.646 E182.91869
G1 X91.83 Y91.161 E182.96027
;LAYER_CHANGE
;Z:37.1
;HEIGHT:0.199997
G1 E180.96027 F2400
G92 E0
G1 Z37.1 F7800
G1 X128.961 Y128.961
G1 E2 F2400
;TYPE:Perimeter
;WIDTH:0.449999
G1 F3323
G1 X91.039 Y128.961 E3.28361
G1 X91.039 Y91.039 E4.56722
G1 X128.961 Y91.039 E5.85083
G1 X128.961 Y128.901 E7.13241
G1 X129.368 Y129.368 F7800
G1 F3323
G1 X90.632 Y129.368 E8.44358
G1 X90.632 Y90.632 E9.75475
G1 X129.368 Y90.632 E11.06592
G1 X129.368 Y129.308 E12.37505
G1 X129.775 Y129.775 F7800
M73 P86 R15
;TYPE:External perimeter
G1 F2400
G1 X90.225 Y129.775 E13.71377
G1 X90.225 Y90.225 E15.05249
G1 X129.775 Y90.225 E16.39121
G1 X129.775 Y129.715 E17.7279
G1 X129.379 Y129.774 F7800
;LAYER_CHANGE
;Z:37.3
;HEIGHT:0.200001
G1 Z37.3 F7800
G1 X128.961 Y128.961
;TYPE:Perimeter
G1 F4800
G1 X91.039 Y128.961 E19.01151
G1 X91.039 Y91.039 E20.29512
G1 X128.961 Y91.039 E21.57873
G1 X128.961 Y128.901 E22.86031
G1 X129.368 Y129.368 F7800
G1 F4800
G1 X90.632 Y129.368 E24.17148
G1 X90.632 Y90.632 E25.48265
G1 X129.368 Y90.632 E26.79382
G1 X129.368 Y129.308 E28.10295
G1 X129.775 Y129.775 F7800
;TYPE:External perimeter
G1 F2400
G1 X90.225 Y129.775 E29.44167
G1 X90.225 Y90.225 E30.78039
G1 X129.775 Y90.225 E32.11911
G1 X129.775 Y129.715 E33.4558
G1 X129.379 Y129.774 F7800
G1 E31.4558 F2400
G92 E0
G1 X128.839 Y91.83 F7800
G1 E2 F2400
;TYPE:Internal infill
;WIDTH:0.45
;HEIGHT:0.4
G1 F4800
G1 X128.354 Y91.344 E2.04158
G1 X127.531 Y91.344 E2.09142
G1 X128.656 Y92.469 E2.18777
G1 X128.656 Y93.291 E2.23755
G1 X126.709 Y91.344 E2.4043
G1 X125.886 Y91.344 E2.45414
G1 X128.656 Y94.114 E2.69138
G1 X128.656 Y94.936 E2.74116
G1 X125.064 Y91.344 E3.0488
G1 X124.241 Y91.344 E3.09864
G1 X128.656 Y95.759 E3.47676
G1 X128.656 Y96.581 E3.52654
G1 X123.419 Y91.344 E3.97506
G1 X122.597 Y91.344 E4.02484
G1 X128.656 Y97.403 E4.54376
G1 X128.656 Y98.226 E4.5936
G1 X121.774 Y91.344 E5.18301
G1 X120.952 Y91.344 E5.23279
G1 X128.656 Y99.048 E5.8926
G1 X128.656 Y99.871 E5.94244
G1 X120.129 Y91.344 E6.67273
G1 X119.307 Y91.344 E6.72251
G1 X128.656 Y100.693 E7.5232
G1 X128.656 Y101.516 E7.57304
G1 X118.484 Y91.344 E8.44422
G1 X117.662 Y91.344 E8.494
G1 X128.656 Y102.338 E9.43558
G1 X128.656 Y103.16 E9.48536
G1 X116.84 Y91.344 E10.49734
G1 X116.017 Y91.344 E10.54718
G1 X128.656 Y103.983 E11.62964
G1 X128.656 Y104.805 E11.67942
G1 X115.195 Y91.344 E12.83228
G1 X114.372 Y91.344 E12.88212
G1 X128.656 Y105.628 E14.10547
G1 X128.656 Y106.45 E14.15525
G1 X113.55 Y91.344 E15.449
G1 X112.728 Y91.344 E15.49878
G1 X128.656 Y107.272 E16.86293
G1 X128.656 Y108.095 E16.91277
G1 X111.905 Y91.344 E18.3474
G1 X111.083 Y91.344 E18.39718
G1 X128.656 Y108.917 E19.90221
G1 X128.656 Y109.74 E19.95205
G1 X110.26 Y91.344 E21.52757
G1 X109.438 Y91.344 E21.57735
M73 P86 R14
G1 X128.656 Y110.562 E23.22327
G1 X128.656 Y111.385 E23.27311
G1 X108.615 Y91.344 E24.98951
G1 X107.793 Y91.344 E25.03929
G1 X128.656 Y112.207 E26.82609
G1 X128.656 Y113.029 E26.87587
G1 X106.971 Y91.344 E28.73307
G1 X106.148 Y91.344 E28.78291
G1 X128.656 Y113.852 E30.7106
G1 X128.656 Y114.674 E30.76038
G1 X105.326 Y91.344 E32.75847
G1 X104.503 Y91.344 E32.80831
G1 X128.656 Y115.497 E34.87689
G1 X128.656 Y116.319 E34.92667
G1 X103.681 Y91.344 E37.06565
G1 X102.858 Y91.344 E37.11549
G1 X128.656 Y117.142 E39.32495
G1 X128.656 Y117.964 E39.37473
G1 X102.036 Y91.344 E41.65459
G1 X101.214 Y91.344 E41.70437
G1 X128.656 Y118.786 E44.05463
G1 X128.656 Y119.609 E44.10447
G1 X100.391 Y91.344 E46.52522
G1 X99.569 Y91.344 E46.575
G1 X128.656 Y120.431 E49.06615
G1 X128.656 Y121.254 E49.11599
G1 X98.746 Y91.344 E51.67762
G1 X97.924 Y91.344 E51.7274
G1 X128.656 Y122.076 E54.35943
G1 X128.656 Y122.899 E54.40927
G1 X97.101 Y91.344 E57.11179
G1 X96.279 Y91.344 E57.16157
G1 X128.656 Y123.721 E59.93449
G1 X128.656 Y124.543 E59.98427
G1 X95.457 Y91.344 E62.82759
G1 X94.634 Y91.344 E62.87743
G1 X128.656 Y125.366 E65.79123
G1 X128.656 Y126.188 E65.84101
G1 X93.812 Y91.344 E68.82521
G1 X92.989 Y91.344 E68.87505
G1 X128.656 Y127.011 E71.92974
G1 X128.656 Y127.833 E71.97952
M73 Q86 S14
G1 X92.167 Y91.344 E75.10461
G1 X91.344 Y91.344 E75.15445
G1 X128.656 Y128.656 E78.35002
G1 X127.833 Y128.656 E78.39986
G1 X91.344 Y92.167 E81.52495
G1 X91.344 Y92.989 E81.57473
G1 X127.011 Y128.656 E84.62942
G1 X126.188 Y128.656 E84.67926
G1 X91.344 Y93.812 E87.66346
G1 X91.344 Y94.634 E87.71324
G1 X125.366 Y128.656 E90.62704
G1 X124.543 Y128.656 E90.67688
G1 X91.344 Y95.457 E93.5202
G1 X91.344 Y96.279 E93.56998
G1 X123.721 Y128.656 E96.3429
G1 X122.899 Y128.656 E96.39268
G1 X91.344 Y97.101 E99.0952
G1 X91.344 Y97.924 E99.14504
G1 X122.076 Y128.656 E101.77707
G1 X121.254 Y128.656 E101.82685
G1 X91.344 Y98.746 E104.38848
G1 X91.344 Y99.569 E104.43832
G1 X120.431 Y128.656 E106.92947
G1 X119.609 Y128.656 E106.97925
G1 X91.344 Y100.391 E109.4
G1 X91.344 Y101.214 E109.44984
G1 X118.786 Y128.656 E111.8001
G1 X117.964 Y128.656 E111.84988
G1 X91.344 Y102.036 E114.12974
G1 X91.344 Y102.858 E114.17952
G1 X117.142 Y128.656 E116.38898
G1 X116.319 Y128.656 E116.43882
G1 X91.344 Y103.681 E118.5778
G1 X91.344 Y104.503 E118.62758
G1 X115.497 Y128.656 E120.69616
G1 X114.674 Y128.656 E120.746
G1 X91.344 Y105.326 E122.74409
G1 X91.344 Y106.148 E122.79387
G1 X113.852 Y128.656 E124.72156
G1 X113.029 Y128.656 E124.7714
G1 X91.344 Y106.971 E126.6286
G1 X91.344 Y107.793 E126.67838
G1 X112.207 Y128.656 E128.46518
G1 X111.385 Y128.656 E128.51496
G1 X91.344 Y108.615 E130.23136
G1 X91.344 Y109.438 E130.2812
G1 X110.562 Y128.656 E131.92712
G1 X109.74 Y128.656 E131.9769
G1 X91.344 Y110.26 E133.55242
G1 X91.344 Y111.083 E133.60226
G1 X108.917 Y128.656 E135.10729
G1 X108.095 Y128.656 E135.15707
G1 X91.344 Y111.905 E136.5917
G1 X91.344 Y112.728 E136.64154
G1 X107.272 Y128.656 E138.00569
G1 X106.45 Y128.656 E138.05547
G1 X91.344 Y113.55 E139.34922
G1 X91.344 Y114.372 E139.399
G1 X105.628 Y128.656 E140.62235
G1 X104.805 Y128.656 E140.67219
G1 X91.344 Y115.195 E141.82505
G1 X91.344 Y116.017 E141.87483
G1 X103.983 Y128.656 E142.95729
G1 X103.16 Y128.656 E143.00713
G1 X91.344 Y116.84 E144.01911
G1 X91.344 Y117.662 E144.06889
G1 X102.338 Y128.656 E145.01047
G1 X101.516 Y128.656 E145.06025
G1 X91.344 Y118.484 E145.93143
G1 X91.344 Y119.307 E145.98127
G1 X100.693 Y128.656 E146.78196
G1 X99.871 Y128.656 E146.83174
G1 X91.344 Y120.129 E147.56203
G1 X91.344 Y120.952 E147.61187
G1 X99.048 Y128.656 E148.27168
G1 X98.226 Y128.656 E148.32146
G1 X91.344 Y121.774 E148.91087
G1 X91.344 Y122.597 E148.96071
G1 X97.403 Y128.656 E149.47963
G1 X96.581 Y128.656 E149.52941
G1 X91.344 Y123.419 E149.97793
G1 X91.344 Y124.241 E150.02771
G1 X95.759 Y128.656 E150.40583
G1 X94.936 Y128.656 E150.45567
G1 X91.344 Y125.064 E150.76331
G1 X91.344 Y125.886 E150.81309
G1 X94.114 Y128.656 E151.05033
G1 X93.291 Y128.656 E151.10017
G1 X91.344 Y126.709 E151.26692
G1 X91.344 Y127.531 E151.3167
G1 X92.469 Y128.656 E151.41305
G1 X91.646 Y128.656 E151.46289
G1 X91.161 Y128.17 E151.50447
;LAYER_CHANGE
;Z:37.5
;HEIGHT:0.200001
G1 E149.50447 F2400
G92 E0
G1 Z37.5 F7800
G1 X128.961 Y128.961
G1 E2 F2400
;TYPE:Perimeter
;WIDTH:0.449999
G1 F3254
G1 X91.039 Y128.961 E3.28361
G1 X91.039 Y91.039 E4.56722
G1 X128.961 Y91.039 E5.85083
G1 X128.961 Y128.901 E7.13241
G1 X129.368 Y129.368 F7800
G1 F3254
G1 X90.632 Y129.368 E8.44358
G1 X90.632 Y90.632 E9.75475
G1 X129.368 Y90.632 E11.06592
G1 X129.368 Y129.308 E12.37505
G1 X129.775 Y129.775 F7800
;TYPE:External perimeter
G1 F2400
G1 X90.225 Y129.775 E13.71377
G1 X90.225 Y90.225 E15.05249
M73 Q87 S14
G1 X129.775 Y90.225 E16.39121
G1 X129.775 Y129.715 E17.7279
G1 X129.379 Y129.774 F7800
;LAYER_CHANGE
;Z:37.7
;HEIGHT:0.200001
G1 Z37.7 F7800
G1 X128.961 Y128.961
;TYPE:Perimeter
G1 F4800
G1 X91.039 Y128.961 E19.01151
G1 X91.039 Y91.039 E20.29512
G1 X128.961 Y91.039 E21.57873
G1 X128.961 Y128.901 E22.86031
G1 X129.368 Y129.368 F7800
G1 F4800
G1 X90.632 Y129.368 E24.17148
G1 X90.632 Y90.632 E25.48265
G1 X129.368 Y90.632 E26.79382
G1 X129.368 Y129.308 E28.10295
G1 X129.775 Y129.775 F7800
;TYPE:External perimeter
G1 F2400
G1 X90.225 Y129.775 E29.44167
G1 X90.225 Y90.225 E30.78039
M73 P87 R14
G1 X129.775 Y90.225 E32.11911
G1 X129.775 Y129.715 E33.4558
G1 X129.379 Y129.774 F7800
G1 X128.17 Y128.839
;TYPE:Internal infill
;WIDTH:0.45
;HEIGHT:0.4
G1 F4800
G1 X128.656 Y128.354 E33.49738
G1 X128.656 Y127.531 E33.54722
G1 X127.531 Y128.656 E33.64357
G1 X126.709 Y128.656 E33.69335
G1 X128.656 Y126.709 E33.8601
G1 X128.656 Y125.886 E33.90994
G1 X125.886 Y128.656 E34.14718
G1 X125.064 Y128.656 E34.19696
G1 X128.656 Y125.064 E34.5046
G1 X128.656 Y124.241 E34.55444
G1 X124.241 Y128.656 E34.93256
G1 X123.419 Y128.656 E34.98234
G1 X128.656 Y123.419 E35.43086
G1 X128.656 Y122.597 E35.48064
G1 X122.597 Y128.656 E35.99956
G1 X121.774 Y128.656 E36.0494
G1 X128.656 Y121.774 E36.63881
G1 X128.656 Y120.952 E36.68859
G1 X120.952 Y128.656 E37.3484
G1 X120.129 Y128.656 E37.39824
G1 X128.656 Y120.129 E38.12853
G1 X128.656 Y119.307 E38.17831
G1 X119.307 Y128.656 E38.979
G1 X118.484 Y128.656 E39.02884
G1 X128.656 Y118.484 E39.90002
G1 X128.656 Y117.662 E39.9498
G1 X117.662 Y128.656 E40.89138
G1 X116.84 Y128.656 E40.94116
G1 X128.656 Y116.84 E41.95314
G1 X128.656 Y116.017 E42.00298
G1 X116.017 Y128.656 E43.08544
G1 X115.195 Y128.656 E43.13522
G1 X128.656 Y115.195 E44.28808
G1 X128.656 Y114.372 E44.33792
G1 X114.372 Y128.656 E45.56127
G1 X113.55 Y128.656 E45.61105
G1 X128.656 Y113.55 E46.9048
G1 X128.656 Y112.728 E46.95458
G1 X112.728 Y128.656 E48.31873
G1 X111.905 Y128.656 E48.36857
G1 X128.656 Y111.905 E49.8032
G1 X128.656 Y111.083 E49.85298
G1 X111.083 Y128.656 E51.35801
G1 X110.26 Y128.656 E51.40785
G1 X128.656 Y110.26 E52.98337
G1 X128.656 Y109.438 E53.03315
G1 X109.438 Y128.656 E54.67907
G1 X108.615 Y128.656 E54.72891
G1 X128.656 Y108.615 E56.44531
G1 X128.656 Y107.793 E56.49509
G1 X107.793 Y128.656 E58.28189
G1 X106.971 Y128.656 E58.33167
G1 X128.656 Y106.971 E60.18887
G1 X128.656 Y106.148 E60.23871
G1 X106.148 Y128.656 E62.1664
G1 X105.326 Y128.656 E62.21618
G1 X128.656 Y105.326 E64.21427
G1 X128.656 Y104.503 E64.26411
G1 X104.503 Y128.656 E66.33269
G1 X103.681 Y128.656 E66.38247
G1 X128.656 Y103.681 E68.52145
G1 X128.656 Y102.858 E68.57129
G1 X102.858 Y128.656 E70.78075
G1 X102.036 Y128.656 E70.83053
G1 X128.656 Y102.036 E73.11039
G1 X128.656 Y101.214 E73.16017
M73 P87 R13
G1 X101.214 Y128.656 E75.51043
G1 X100.391 Y128.656 E75.56027
G1 X128.656 Y100.391 E77.98102
G1 X128.656 Y99.569 E78.0308
G1 X99.569 Y128.656 E80.52195
G1 X98.746 Y128.656 E80.57179
G1 X128.656 Y98.746 E83.13342
G1 X128.656 Y97.924 E83.1832
G1 X97.924 Y128.656 E85.81523
G1 X97.101 Y128.656 E85.86507
G1 X128.656 Y97.101 E88.56759
G1 X128.656 Y96.279 E88.61737
G1 X96.279 Y128.656 E91.39029
G1 X95.457 Y128.656 E91.44007
G1 X128.656 Y95.457 E94.28339
G1 X128.656 Y94.634 E94.33323
G1 X94.634 Y128.656 E97.24703
G1 X93.812 Y128.656 E97.29681
G1 X128.656 Y93.812 E100.28101
G1 X128.656 Y92.989 E100.33085
G1 X92.989 Y128.656 E103.38554
G1 X92.167 Y128.656 E103.43532
G1 X128.656 Y92.167 E106.56041
G1 X128.656 Y91.344 E106.61025
G1 X91.344 Y128.656 E109.80582
G1 X91.344 Y127.833 E109.85566
G1 X127.833 Y91.344 E112.98075
G1 X127.011 Y91.344 E113.03053
G1 X91.344 Y127.011 E116.08522
G1 X91.344 Y126.188 E116.13506
G1 X126.188 Y91.344 E119.11926
G1 X125.366 Y91.344 E119.16904
M73 Q87 S13
G1 X91.344 Y125.366 E122.08284
G1 X91.344 Y124.543 E122.13268
G1 X124.543 Y91.344 E124.976
G1 X123.721 Y91.344 E125.02578
G1 X91.344 Y123.721 E127.7987
G1 X91.344 Y122.899 E127.84848
G1 X122.899 Y91.344 E130.551
G1 X122.076 Y91.344 E130.60084
G1 X91.344 Y122.076 E133.23287
G1 X91.344 Y121.254 E133.28265
G1 X121.254 Y91.344 E135.84428
G1 X120.431 Y91.344 E135.89412
G1 X91.344 Y120.431 E138.38527
G1 X91.344 Y119.609 E138.43505
G1 X119.609 Y91.344 E140.8558
G1 X118.786 Y91.344 E140.90564
G1 X91.344 Y118.786 E143.2559
G1 X91.344 Y117.964 E143.30568
G1 X117.964 Y91.344 E145.58554
G1 X117.142 Y91.344 E145.63532
G1 X91.344 Y117.142 E147.84478
G1 X91.344 Y116.319 E147.89462
G1 X116.319 Y91.344 E150.0336
G1 X115.497 Y91.344 E150.08338
G1 X91.344 Y115.497 E152.15196
G1 X91.344 Y114.674 E152.2018
G1 X114.674 Y91.344 E154.19989
G1 X113.852 Y91.344 E154.24967
G1 X91.344 Y113.852 E156.17736
G1 X91.344 Y113.029 E156.2272
G1 X113.029 Y91.344 E158.0844
G1 X112.207 Y91.344 E158.13418
G1 X91.344 Y112.207 E159.92098
G1 X91.344 Y111.385 E159.97076
G1 X111.385 Y91.344 E161.68716
G1 X110.562 Y91.344 E161.737
G1 X91.344 Y110.562 E163.38292
G1 X91.344 Y109.74 E163.4327
G1 X109.74 Y91.344 E165.00822
G1 X108.917 Y91.344 E165.05806
G1 X91.344 Y108.917 E166.56309
G1 X91.344 Y108.095 E166.61287
G1 X108.095 Y91.344 E168.0475
G1 X107.272 Y91.344 E168.09734
G1 X91.344 Y107.272 E169.46149
G1 X91.344 Y106.45 E169.51127
G1 X106.45 Y91.344 E170.80502
G1 X105.628 Y91.344 E170.8548
G1 X91.344 Y105.628 E172.07815
G1 X91.344 Y104.805 E172.12799
G1 X104.805 Y91.344 E173.28085
G1 X103.983 Y91.344 E173.33063
G1 X91.344 Y103.983 E174.41309
G1 X91.344 Y103.16 E174.46293
G1 X103.16 Y91.344 E175.47491
G1 X102.338 Y91.344 E175.52469
G1 X91.344 Y102.338 E176.46627
G1 X91.344 Y101.516 E176.51605
G1 X101.516 Y91.344 E177.38723
G1 X100.693 Y91.344 E177.43707
G1 X91.344 Y100.693 E178.23776
G1 X91.344 Y99.871 E178.28754
G1 X99.871 Y91.344 E179.01783
G1 X99.048 Y91.344 E179.06767
G1 X91.344 Y99.048 E179.72748
G1 X91.344 Y98.226 E179.77726
G1 X98.226 Y91.344 E180.36667
G1 X97.403 Y91.344 E180.41651
G1 X91.344 Y97.403 E180.93543
G1 X91.344 Y96.581 E180.98521
G1 X96.581 Y91.344 E181.43373
G1 X95.759 Y91.344 E181.48351
G1 X91.344 Y95.759 E181.86163
G1 X91.344 Y94.936 E181.91147
G1 X94.936 Y91.344 E182.21911
G1 X94.114 Y91.344 E182.26889
G1 X91.344 Y94.114 E182.50613
G1 X91.344 Y93.291 E182.55597
G1 X93.291 Y91.344 E182.72272
G1 X92.469 Y91.344 E182.7725
G1 X91.344 Y92.469 E182.86885
G1 X91.344 Y91.646 E182.91869
G1 X91.83 Y91.161 E182.96027
;LAYER_CHANGE
;Z:37.9
;HEIGHT:0.200001
G1 E180.96027 F2400
G92 E0
G1 Z37.9 F7800
G1 X128.961 Y128.961
G1 E2 F2400
;TYPE:Perimeter
;WIDTH:0.449999
G1 F3323
G1 X91.039 Y128.961 E3.28361
G1 X91.039 Y91.039 E4.56722
G1 X128.961 Y91.039 E5.85083
G1 X128.961 Y128.901 E7.13241
G1 X129.368 Y129.368 F7800
G1 F3323
G1 X90.632 Y129.368 E8.44358
G1 X90.632 Y90.632 E9.75475
G1 X129.368 Y90.632 E11.06592
G1 X129.368 Y129.308 E12.37505
G1 X129.775 Y129.775 F7800
;TYPE:External perimeter
G1 F2400
G1 X90.225 Y129.775 E13.71377
G1 X90.225 Y90.225 E15.05249
G1 X129.775 Y90.225 E16.39121
G1 X129.775 Y129.715 E17.7279
G1 X129.379 Y129.774 F7800
;LAYER_CHANGE
;Z:38.1
;HEIGHT:0.199997
G1 Z38.1 F7800
G1 X128.961 Y128.961
;TYPE:Perimeter
G1 F4800
G1 X91.039 Y128.961 E19.01151
G1 X91.039 Y91.039 E20.29512
G1 X128.961 Y91.039 E21.57873
G1 X128.961 Y128.901 E22.86031
G1 X129.368 Y129.368 F7800
G1 F4800
G1 X90.632 Y129.368 E24.17148
G1 X90.632 Y90.632 E25.48265
G1 X129.368 Y90.632 E26.79382
G1 X129.368 Y129.308 E28.10295
G1 X129.775 Y129.775 F7800
;TYPE:External perimeter
G1 F2400
G1 X90.225 Y129.775 E29.44167
G1 X90.225 Y90.225 E30.78039
G1 X129.775 Y90.225 E32.11911
G1 X129.775 Y129.715 E33.4558
M73 Q88 S13
G1 X129.379 Y129.774 F7800
G1 E31.4558 F2400
G92 E0
G1 X128.839 Y91.83 F7800
G1 E2 F2400
;TYPE:Internal infill
;WIDTH:0.45
;HEIGHT:0.4
G1 F4800
G1 X128.354 Y91.344 E2.04158
G1 X127.531 Y91.344 E2.09142
G1 X128.656 Y92.469 E2.18777
G1 X128.656 Y93.291 E2.23755
G1 X126.709 Y91.344 E2.4043
G1 X125.886 Y91.344 E2.45414
G1 X128.656 Y94.114 E2.69138
G1 X128.656 Y94.936 E2.74116
G1 X125.064 Y91.344 E3.0488
G1 X124.241 Y91.344 E3.09864
G1 X128.656 Y95.759 E3.47676
G1 X128.656 Y96.581 E3.52654
G1 X123.419 Y91.344 E3.97506
G1 X122.597 Y91.344 E4.02484
G1 X128.656 Y97.403 E4.54376
G1 X128.656 Y98.226 E4.5936
G1 X121.774 Y91.344 E5.18301
G1 X120.952 Y91.344 E5.23279
G1 X128.656 Y99.048 E5.8926
G1 X128.656 Y99.871 E5.94244
G1 X120.129 Y91.344 E6.67273
G1 X119.307 Y91.344 E6.72251
G1 X128.656 Y100.693 E7.5232
G1 X128.656 Y101.516 E7.57304
G1 X118.484 Y91.344 E8.44422
G1 X117.662 Y91.344 E8.494
G1 X128.656 Y102.338 E9.43558
G1 X128.656 Y103.16 E9.48536
G1 X116.84 Y91.344 E10.49734
G1 X116.017 Y91.344 E10.54718
G1 X128.656 Y103.983 E11.62964
G1 X128.656 Y104.805 E11.67942
G1 X115.195 Y91.344 E12.83228
G1 X114.372 Y91.344 E12.88212
G1 X128.656 Y105.628 E14.10547
G1 X128.656 Y106.45 E14.15525
G1 X113.55 Y91.344 E15.449
G1 X112.728 Y91.344 E15.49878
G1 X128.656 Y107.272 E16.86293
G1 X128.656 Y108.095 E16.91277
G1 X111.905 Y91.344 E18.3474
G1 X111.083 Y91.344 E18.39718
G1 X128.656 Y108.917 E19.90221
G1 X128.656 Y109.74 E19.95205
G1 X110.26 Y91.344 E21.52757
G1 X109.438 Y91.344 E21.57735
G1 X128.656 Y110.562 E23.22327
G1 X128.656 Y111.385 E23.27311
G1 X108.615 Y91.344 E24.98951
G1 X107.793 Y91.344 E25.03929
G1 X128.656 Y112.207 E26.82609
G1 X128.656 Y113.029 E26.87587
G1 X106.971 Y91.344 E28.73307
M73 P88 R13
G1 X106.148 Y91.344 E28.78291
G1 X128.656 Y113.852 E30.7106
G1 X128.656 Y114.674 E30.76038
G1 X105.326 Y91.344 E32.75847
G1 X104.503 Y91.344 E32.80831
G1 X128.656 Y115.497 E34.87689
G1 X128.656 Y116.319 E34.92667
G1 X103.681 Y91.344 E37.06565
G1 X102.858 Y91.344 E37.11549
G1 X128.656 Y117.142 E39.32495
G1 X128.656 Y117.964 E39.37473
G1 X102.036 Y91.344 E41.65459
G1 X101.214 Y91.344 E41.70437
G1 X128.656 Y118.786 E44.05463
G1 X128.656 Y119.609 E44.10447
G1 X100.391 Y91.344 E46.52522
G1 X99.569 Y91.344 E46.575
G1 X128.656 Y120.431 E49.06615
G1 X128.656 Y121.254 E49.11599
G1 X98.746 Y91.344 E51.67762
G1 X97.924 Y91.344 E51.7274
G1 X128.656 Y122.076 E54.35943
G1 X128.656 Y122.899 E54.40927
G1 X97.101 Y91.344 E57.11179
G1 X96.279 Y91.344 E57.16157
G1 X128.656 Y123.721 E59.93449
G1 X128.656 Y124.543 E59.98427
M73 P88 R12
G1 X95.457 Y91.344 E62.82759
G1 X94.634 Y91.344 E62.87743
G1 X128.656 Y125.366 E65.79123
G1 X128.656 Y126.188 E65.84101
G1 X93.812 Y91.344 E68.82521
G1 X92.989 Y91.344 E68.87505
G1 X128.656 Y127.011 E71.92974
G1 X128.656 Y127.833 E71.97952
G1 X92.167 Y91.344 E75.10461
G1 X91.344 Y91.344 E75.15445
G1 X128.656 Y128.656 E78.35002
G1 X127.833 Y128.656 E78.39986
G1 X91.344 Y92.167 E81.52495
G1 X91.344 Y92.989 E81.57473
G1 X127.011 Y128.656 E84.62942
G1 X126.188 Y128.656 E84.67926
G1 X91.344 Y93.812 E87.66346
G1 X91.344 Y94.634 E87.71324
G1 X125.366 Y128.656 E90.62704
G1 X124.543 Y128.656 E90.67688
G1 X91.344 Y95.457 E93.5202
G1 X91.344 Y96.279 E93.56998
G1 X123.721 Y128.656 E96.3429
G1 X122.899 Y128.656 E96.39268
G1 X91.344 Y97.101 E99.0952
G1 X91.344 Y97.924 E99.14504
M73 Q88 S12
G1 X122.076 Y128.656 E101.77707
G1 X121.254 Y128.656 E101.82685
G1 X91.344 Y98.746 E104.38848
G1 X91.344 Y99.569 E104.43832
G1 X120.431 Y128.656 E106.92947
G1 X119.609 Y128.656 E106.97925
G1 X91.344 Y100.391 E109.4
G1 X91.344 Y101.214 E109.44984
G1 X118.786 Y128.656 E111.8001
G1 X117.964 Y128.656 E111.84988
G1 X91.344 Y102.036 E114.12974
G1 X91.344 Y102.858 E114.17952
G1 X117.142 Y128.656 E116.38898
G1 X116.319 Y128.656 E116.43882
G1 X91.344 Y103.681 E118.5778
G1 X91.344 Y104.503 E118.62758
G1 X115.497 Y128.656 E120.69616
G1 X114.674 Y128.656 E120.746
G1 X91.344 Y105.326 E122.74409
G1 X91.344 Y106.148 E122.79387
G1 X113.852 Y128.656 E124.72156
G1 X113.029 Y128.656 E124.7714
G1 X91.344 Y106.971 E126.6286
G1 X91.344 Y107.793 E126.67838
G1 X112.207 Y128.656 E128.46518
G1 X111.385 Y128.656 E128.51496
G1 X91.344 Y108.615 E130.23136
G1 X91.344 Y109.438 E130.2812
G1 X110.562 Y128.656 E131.92712
G1 X109.74 Y128.656 E131.9769
G1 X91.344 Y110.26 E133.55242
G1 X91.344 Y111.083 E133.60226
G1 X108.917 Y128.656 E135.10729
G1 X108.095 Y128.656 E135.15707
G1 X91.344 Y111.905 E136.5917
G1 X91.344 Y112.728 E136.64154
G1 X107.272 Y128.656 E138.00569
G1 X106.45 Y128.656 E138.05547
G1 X91.344 Y113.55 E139.34922
G1 X91.344 Y114.372 E139.399
G1 X105.628 Y128.656 E140.62235
G1 X104.805 Y128.656 E140.67219
G1 X91.344 Y115.195 E141.82505
G1 X91.344 Y116.017 E141.87483
G1 X103.983 Y128.656 E142.95729
G1 X103.16 Y128.656 E143.00713
G1 X91.344 Y116.84 E144.01911
G1 X91.344 Y117.662 E144.06889
G1 X102.338 Y128.656 E145.01047
G1 X101.516 Y128.656 E145.06025
G1 X91.344 Y118.484 E145.93143
G1 X91.344 Y119.307 E145.98127
G1 X100.693 Y128.656 E146.78196
G1 X99.871 Y128.656 E146.83174
G1 X91.344 Y120.129 E147.56203
G1 X91.344 Y120.952 E147.61187
G1 X99.048 Y128.656 E148.27168
G1 X98.226 Y128.656 E148.32146
G1 X91.344 Y121.774 E148.91087
G1 X91.344 Y122.597 E148.96071
G1 X97.403 Y128.656 E149.47963
G1 X96.581 Y128.656 E149.52941
G1 X91.344 Y123.419 E149.97793
G1 X91.344 Y124.241 E150.02771
G1 X95.759 Y128.656 E150.40583
G1 X94.936 Y128.656 E150.45567
G1 X91.344 Y125.064 E150.76331
G1 X91.344 Y125.886 E150.81309
G1 X94.114 Y128.656 E151.05033
G1 X93.291 Y128.656 E151.10017
G1 X91.344 Y126.709 E151.26692
G1 X91.344 Y127.531 E151.3167
G1 X92.469 Y128.656 E151.41305
G1 X91.646 Y128.656 E151.46289
G1 X91.161 Y128.17 E151.50447
;LAYER_CHANGE
;Z:38.3
;HEIGHT:0.200001
G1 E149.50447 F2400
G92 E0
G1 Z38.3 F7800
G1 X128.961 Y128.961
G1 E2 F2400
;TYPE:Perimeter
;WIDTH:0.449999
G1 F3254
G1 X91.039 Y128.961 E3.28361
G1 X91.039 Y91.039 E4.56722
G1 X128.961 Y91.039 E5.85083
G1 X128.961 Y128.901 E7.13241
G1 X129.368 Y129.368 F7800
G1 F3254
G1 X90.632 Y129.368 E8.44358
G1 X90.632 Y90.632 E9.75475
G1 X129.368 Y90.632 E11.06592
G1 X129.368 Y129.308 E12.37505
G1 X129.775 Y129.775 F7800
;TYPE:External perimeter
G1 F2400
G1 X90.225 Y129.775 E13.71377
G1 X90.225 Y90.225 E15.05249
G1 X129.775 Y90.225 E16.39121
G1 X129.775 Y129.715 E17.7279
G1 X129.379 Y129.774 F7800
;LAYER_CHANGE
;Z:38.5
;HEIGHT:0.200001
G1 Z38.5 F7800
G1 X128.961 Y128.961
;TYPE:Perimeter
G1 F4800
G1 X91.039 Y128.961 E19.01151
G1 X91.039 Y91.039 E20.29512
G1 X128.961 Y91.039 E21.57873
G1 X128.961 Y128.901 E22.86031
G1 X129.368 Y129.368 F7800
G1 F4800
G1 X90.632 Y129.368 E24.17148
G1 X90.632 Y90.632 E25.48265
G1 X129.368 Y90.632 E26.79382
G1 X129.368 Y129.308 E28.10295
G1 X129.775 Y129.775 F7800
;TYPE:External perimeter
G1 F2400
G1 X90.225 Y129.775 E29.44167
G1 X90.225 Y90.225 E30.78039
G1 X129.775 Y90.225 E32.11911
G1 X129.775 Y129.715 E33.4558
G1 X129.379 Y129.774 F7800
G1 X128.17 Y128.839
;TYPE:Internal infill
;WIDTH:0.45
;HEIGHT:0.4
G1 F4800
G1 X128.656 Y128.354 E33.49738
G1 X128.656 Y127.531 E33.54722
G1 X127.531 Y128.656 E33.64357
G1 X126.709 Y128.656 E33.69335
G1 X128.656 Y126.709 E33.8601
G1 X128.656 Y125.886 E33.90994
G1 X125.886 Y128.656 E34.14718
G1 X125.064 Y128.656 E34.19696
G1 X128.656 Y125.064 E34.5046
G1 X128.656 Y124.241 E34.55444
G1 X124.241 Y128.656 E34.93256
G1 X123.419 Y128.656 E34.98234
G1 X128.656 Y123.419 E35.43086
G1 X128.656 Y122.597 E35.48064
G1 X122.597 Y128.656 E35.99956
G1 X121.774 Y128.656 E36.0494
G1 X128.656 Y121.774 E36.63881
G1 X128.656 Y120.952 E36.68859
G1 X120.952 Y128.656 E37.3484
G1 X120.129 Y128.656 E37.39824
G1 X128.656 Y120.129 E38.12853
G1 X128.656 Y119.307 E38.17831
G1 X119.307 Y128.656 E38.979
G1 X118.484 Y128.656 E39.02884
G1 X128.656 Y118.484 E39.90002
G1 X128.656 Y117.662 E39.9498
G1 X117.662 Y128.656 E40.89138
G1 X116.84 Y128.656 E40.94116
G1 X128.656 Y116.84 E41.95314
G1 X128.656 Y116.017 E42.00298
G1 X116.017 Y128.656 E43.08544
G1 X115.195 Y128.656 E43.13522
G1 X128.656 Y115.195 E44.28808
G1 X128.656 Y114.372 E44.33792
G1 X114.372 Y128.656 E45.56127
G1 X113.55 Y128.656 E45.61105
G1 X128.656 Y113.55 E46.9048
G1 X128.656 Y112.728 E46.95458
G1 X112.728 Y128.656 E48.31873
G1 X111.905 Y128.656 E48.36857
G1 X128.656 Y111.905 E49.8032
G1 X128.656 Y111.083 E49.85298
G1 X111.083 Y128.656 E51.35801
G1 X110.26 Y128.656 E51.40785
G1 X128.656 Y110.26 E52.98337
G1 X128.656 Y109.438 E53.03315
G1 X109.438 Y128.656 E54.67907
G1 X108.615 Y128.656 E54.72891
G1 X128.656 Y108.615 E56.44531
G1 X128.656 Y107.793 E56.49509
G1 X107.793 Y128.656 E58.28189
G1 X106.971 Y128.656 E58.33167
G1 X128.656 Y106.971 E60.18887
G1 X128.656 Y106.148 E60.23871
G1 X106.148 Y128.656 E62.1664
G1 X105.326 Y128.656 E62.21618
G1 X128.656 Y105.326 E64.21427
G1 X128.656 Y104.503 E64.26411
M73 Q89 S12
G1 X104.503 Y128.656 E66.33269
G1 X103.681 Y128.656 E66.38247
G1 X128.656 Y103.681 E68.52145
G1 X128.656 Y102.858 E68.57129
G1 X102.858 Y128.656 E70.78075
G1 X102.036 Y128.656 E70.83053
G1 X128.656 Y102.036 E73.11039
G1 X128.656 Y101.214 E73.16017
G1 X101.214 Y128.656 E75.51043
G1 X100.391 Y128.656 E75.56027
G1 X128.656 Y100.391 E77.98102
G1 X128.656 Y99.569 E78.0308
G1 X99.569 Y128.656 E80.52195
G1 X98.746 Y128.656 E80.57179
G1 X128.656 Y98.746 E83.13342
G1 X128.656 Y97.924 E83.1832
G1 X97.924 Y128.656 E85.81523
G1 X97.101 Y128.656 E85.86507
G1 X128.656 Y97.101 E88.56759
G1 X128.656 Y96.279 E88.61737
G1 X96.279 Y128.656 E91.39029
G1 X95.457 Y128.656 E91.44007
G1 X128.656 Y95.457 E94.28339
G1 X128.656 Y94.634 E94.33323
G1 X94.634 Y128.656 E97.24703
G1 X93.812 Y128.656 E97.29681
G1 X128.656 Y93.812 E100.28101
G1 X128.656 Y92.989 E100.33085
G1 X92.989 Y128.656 E103.38554
G1 X92.167 Y128.656 E103.43532
M73 P89 R12
G1 X128.656 Y92.167 E106.56041
G1 X128.656 Y91.344 E106.61025
G1 X91.344 Y128.656 E109.80582
G1 X91.344 Y127.833 E109.85566
G1 X127.833 Y91.344 E112.98075
G1 X127.011 Y91.344 E113.03053
M73 P89 R11
G1 X91.344 Y127.011 E116.08522
G1 X91.344 Y126.188 E116.13506
G1 X126.188 Y91.344 E119.11926
G1 X125.366 Y91.344 E119.16904
G1 X91.344 Y125.366 E122.08284
G1 X91.344 Y124.543 E122.13268
G1 X124.543 Y91.344 E124.976
G1 X123.721 Y91.344 E125.02578
G1 X91.344 Y123.721 E127.7987
G1 X91.344 Y122.899 E127.84848
G1 X122.899 Y91.344 E130.551
G1 X122.076 Y91.344 E130.60084
G1 X91.344 Y122.076 E133.23287
G1 X91.344 Y121.254 E133.28265
G1 X121.254 Y91.344 E135.84428
G1 X120.431 Y91.344 E135.89412
G1 X91.344 Y120.431 E138.38527
G1 X91.344 Y119.609 E138.43505
G1 X119.609 Y91.344 E140.8558
G1 X118.786 Y91.344 E140.90564
G1 X91.344 Y118.786 E143.2559
G1 X91.344 Y117.964 E143.30568
M73 Q89 S11
G1 X117.964 Y91.344 E145.58554
G1 X117.142 Y91.344 E145.63532
G1 X91.344 Y117.142 E147.84478
G1 X91.344 Y116.319 E147.89462
G1 X116.319 Y91.344 E150.0336
G1 X115.497 Y91.344 E150.08338
G1 X91.344 Y115.497 E152.15196
G1 X91.344 Y114.674 E152.2018
G1 X114.674 Y91.344 E154.19989
G1 X113.852 Y91.344 E154.24967
G1 X91.344 Y113.852 E156.17736
G1 X91.344 Y113.029 E156.2272
G1 X113.029 Y91.344 E158.0844
G1 X112.207 Y91.344 E158.13418
G1 X91.344 Y112.207 E159.92098
G1 X91.344 Y111.385 E159.97076
G1 X111.385 Y91.344 E161.68716
G1 X110.562 Y91.344 E161.737
G1 X91.344 Y110.562 E163.38292
G1 X91.344 Y109.74 E163.4327
G1 X109.74 Y91.344 E165.00822
G1 X108.917 Y91.344 E165.05806
G1 X91.344 Y108.917 E166.56309
G1 X91.344 Y108.095 E166.61287
G1 X108.095 Y91.344 E168.0475
G1 X107.272 Y91.344 E168.09734
G1 X91.344 Y107.272 E169.46149
G1 X91.344 Y106.45 E169.51127
G1 X106.45 Y91.344 E170.80502
G1 X105.628 Y91.344 E170.8548
G1 X91.344 Y105.628 E172.07815
G1 X91.344 Y104.805 E172.12799
G1 X104.805 Y91.344 E173.28085
G1 X103.983 Y91.344 E173.33063
G1 X91.344 Y103.983 E174.41309
G1 X91.344 Y103.16 E174.46293
G1 X103.16 Y91.344 E175.47491
G1 X102.338 Y91.344 E175.52469
G1 X91.344 Y102.338 E176.46627
G1 X91.344 Y101.516 E176.51605
G1 X101.516 Y91.344 E177.38723
G1 X100.693 Y91.344 E177.43707
G1 X91.344 Y100.693 E178.23776
G1 X91.344 Y99.871 E178.28754
G1 X99.871 Y91.344 E179.01783
G1 X99.048 Y91.344 E179.06767
G1 X91.344 Y99.048 E179.72748
G1 X91.344 Y98.226 E179.77726
G1 X98.226 Y91.344 E180.36667
G1 X97.403 Y91.344 E180.41651
G1 X91.344 Y97.403 E180.93543
G1 X91.344 Y96.581 E180.98521
G1 X96.581 Y91.344 E181.43373
G1 X95.759 Y91.344 E181.48351
G1 X91.344 Y95.759 E181.86163
G1 X91.344 Y94.936 E181.91147
G1 X94.936 Y91.344 E182.21911
G1 X94.114 Y91.344 E182.26889
G1 X91.344 Y94.114 E182.50613
G1 X91.344 Y93.291 E182.55597
G1 X93.291 Y91.344 E182.72272
G1 X92.469 Y91.344 E182.7725
G1 X91.344 Y92.469 E182.86885
G1 X91.344 Y91.646 E182.91869
G1 X91.83 Y91.161 E182.96027
;LAYER_CHANGE
;Z:38.7
;HEIGHT:0.200001
G1 E180.96027 F2400
G92 E0
G1 Z38.7 F7800
G1 X128.961 Y128.961
G1 E2 F2400
;TYPE:Perimeter
;WIDTH:0.449999
G1 F3323
G1 X91.039 Y128.961 E3.28361
G1 X91.039 Y91.039 E4.56722
G1 X128.961 Y91.039 E5.85083
G1 X128.961 Y128.901 E7.13241
G1 X129.368 Y129.368 F7800
G1 F3323
G1 X90.632 Y129.368 E8.44358
G1 X90.632 Y90.632 E9.75475
G1 X129.368 Y90.632 E11.06592
G1 X129.368 Y129.308 E12.37505
G1 X129.775 Y129.775 F7800
;TYPE:External perimeter
G1 F2400
G1 X90.225 Y129.775 E13.71377
G1 X90.225 Y90.225 E15.05249
G1 X129.775 Y90.225 E16.39121
G1 X129.775 Y129.715 E17.7279
G1 X129.379 Y129.774 F7800
;LAYER_CHANGE
;Z:38.9
;HEIGHT:0.200001
G1 Z38.9 F7800
G1 X128.961 Y128.961
;TYPE:Perimeter
G1 F4800
G1 X91.039 Y128.961 E19.01151
G1 X91.039 Y91.039 E20.29512
G1 X128.961 Y91.039 E21.57873
G1 X128.961 Y128.901 E22.86031
G1 X129.368 Y129.368 F7800
G1 F4800
G1 X90.632 Y129.368 E24.17148
G1 X90.632 Y90.632 E25.48265
G1 X129.368 Y90.632 E26.79382
G1 X129.368 Y129.308 E28.10295
G1 X129.775 Y129.775 F7800
;TYPE:External perimeter
G1 F2400
G1 X90.225 Y129.775 E29.44167
G1 X90.225 Y90.225 E30.78039
G1 X129.775 Y90.225 E32.11911
G1 X129.775 Y129.715 E33.4558
G1 X129.379 Y129.774 F7800
G1 E31.4558 F2400
G92 E0
G1 X128.839 Y91.83 F7800
G1 E2 F2400
;TYPE:Internal infill
;WIDTH:0.45
;HEIGHT:0.4
G1 F4800
G1 X128.354 Y91.344 E2.04158
G1 X127.531 Y91.344 E2.09142
G1 X128.656 Y92.469 E2.18777
G1 X128.656 Y93.291 E2.23755
G1 X126.709 Y91.344 E2.4043
G1 X125.886 Y91.344 E2.45414
G1 X128.656 Y94.114 E2.69138
G1 X128.656 Y94.936 E2.74116
G1 X125.064 Y91.344 E3.0488
G1 X124.241 Y91.344 E3.09864
G1 X128.656 Y95.759 E3.47676
G1 X128.656 Y96.581 E3.52654
G1 X123.419 Y91.344 E3.97506
G1 X122.597 Y91.344 E4.02484
G1 X128.656 Y97.403 E4.54376
G1 X128.656 Y98.226 E4.5936
G1 X121.774 Y91.344 E5.18301
G1 X120.952 Y91.344 E5.23279
G1 X128.656 Y99.048 E5.8926
G1 X128.656 Y99.871 E5.94244
G1 X120.129 Y91.344 E6.67273
G1 X119.307 Y91.344 E6.72251
G1 X128.656 Y100.693 E7.5232
G1 X128.656 Y101.516 E7.57304
G1 X118.484 Y91.344 E8.44422
G1 X117.662 Y91.344 E8.494
G1 X128.656 Y102.338 E9.43558
G1 X128.656 Y103.16 E9.48536
G1 X116.84 Y91.344 E10.49734
G1 X116.017 Y91.344 E10.54718
G1 X128.656 Y103.983 E11.62964
G1 X128.656 Y104.805 E11.67942
G1 X115.195 Y91.344 E12.83228
G1 X114.372 Y91.344 E12.88212
G1 X128.656 Y105.628 E14.10547
G1 X128.656 Y106.45 E14.15525
G1 X113.55 Y91.344 E15.449
G1 X112.728 Y91.344 E15.49878
G1 X128.656 Y107.272 E16.86293
G1 X128.656 Y108.095 E16.91277
G1 X111.905 Y91.344 E18.3474
G1 X111.083 Y91.344 E18.39718
G1 X128.656 Y108.917 E19.90221
G1 X128.656 Y109.74 E19.95205
G1 X110.26 Y91.344 E21.52757
G1 X109.438 Y91.344 E21.57735
G1 X128.656 Y110.562 E23.22327
G1 X128.656 Y111.385 E23.27311
G1 X108.615 Y91.344 E24.98951
G1 X107.793 Y91.344 E25.03929
G1 X128.656 Y112.207 E26.82609
G1 X128.656 Y113.029 E26.87587
G1 X106.971 Y91.344 E28.73307
G1 X106.148 Y91.344 E28.78291
G1 X128.656 Y113.852 E30.7106
G1 X128.656 Y114.674 E30.76038
G1 X105.326 Y91.344 E32.75847
G1 X104.503 Y91.344 E32.80831
G1 X128.656 Y115.497 E34.87689
G1 X128.656 Y116.319 E34.92667
G1 X103.681 Y91.344 E37.06565
G1 X102.858 Y91.344 E37.11549
G1 X128.656 Y117.142 E39.32495
G1 X128.656 Y117.964 E39.37473
G1 X102.036 Y91.344 E41.65459
G1 X101.214 Y91.344 E41.70437
G1 X128.656 Y118.786 E44.05463
G1 X128.656 Y119.609 E44.10447
G1 X100.391 Y91.344 E46.52522
G1 X99.569 Y91.344 E46.575
G1 X128.656 Y120.431 E49.06615
G1 X128.656 Y121.254 E49.11599
G1 X98.746 Y91.344 E51.67762
G1 X97.924 Y91.344 E51.7274
G1 X128.656 Y122.076 E54.35943
G1 X128.656 Y122.899 E54.40927
G1 X97.101 Y91.344 E57.11179
G1 X96.279 Y91.344 E57.16157
G1 X128.656 Y123.721 E59.93449
G1 X128.656 Y124.543 E59.98427
G1 X95.457 Y91.344 E62.82759
G1 X94.634 Y91.344 E62.87743
G1 X128.656 Y125.366 E65.79123
G1 X128.656 Y126.188 E65.84101
G1 X93.812 Y91.344 E68.82521
G1 X92.989 Y91.344 E68.87505
G1 X128.656 Y127.011 E71.92974
G1 X128.656 Y127.833 E71.97952
G1 X92.167 Y91.344 E75.10461
G1 X91.344 Y91.344 E75.15445
M73 Q90 S11
G1 X128.656 Y128.656 E78.35002
G1 X127.833 Y128.656 E78.39986
G1 X91.344 Y92.167 E81.52495
G1 X91.344 Y92.989 E81.57473
G1 X127.011 Y128.656 E84.62942
G1 X126.188 Y128.656 E84.67926
G1 X91.344 Y93.812 E87.66346
G1 X91.344 Y94.634 E87.71324
G1 X125.366 Y128.656 E90.62704
G1 X124.543 Y128.656 E90.67688
G1 X91.344 Y95.457 E93.5202
G1 X91.344 Y96.279 E93.56998
G1 X123.721 Y128.656 E96.3429
G1 X122.899 Y128.656 E96.39268
G1 X91.344 Y97.101 E99.0952
G1 X91.344 Y97.924 E99.14504
M73 P89 R10
G1 X122.076 Y128.656 E101.77707
G1 X121.254 Y128.656 E101.82685
G1 X91.344 Y98.746 E104.38848
G1 X91.344 Y99.569 E104.43832
G1 X120.431 Y128.656 E106.92947
G1 X119.609 Y128.656 E106.97925
G1 X91.344 Y100.391 E109.4
G1 X91.344 Y101.214 E109.44984
G1 X118.786 Y128.656 E111.8001
G1 X117.964 Y128.656 E111.84988
G1 X91.344 Y102.036 E114.12974
G1 X91.344 Y102.858 E114.17952
M73 P90 R10
G1 X117.142 Y128.656 E116.38898
G1 X116.319 Y128.656 E116.43882
G1 X91.344 Y103.681 E118.5778
G1 X91.344 Y104.503 E118.62758
G1 X115.497 Y128.656 E120.69616
G1 X114.674 Y128.656 E120.746
G1 X91.344 Y105.326 E122.74409
G1 X91.344 Y106.148 E122.79387
M73 Q90 S10
G1 X113.852 Y128.656 E124.72156
G1 X113.029 Y128.656 E124.7714
G1 X91.344 Y106.971 E126.6286
G1 X91.344 Y107.793 E126.67838
G1 X112.207 Y128.656 E128.46518
G1 X111.385 Y128.656 E128.51496
G1 X91.344 Y108.615 E130.23136
G1 X91.344 Y109.438 E130.2812
G1 X110.562 Y128.656 E131.92712
G1 X109.74 Y128.656 E131.9769
G1 X91.344 Y110.26 E133.55242
G1 X91.344 Y111.083 E133.60226
G1 X108.917 Y128.656 E135.10729
G1 X108.095 Y128.656 E135.15707
G1 X91.344 Y111.905 E136.5917
G1 X91.344 Y112.728 E136.64154
G1 X107.272 Y128.656 E138.00569
G1 X106.45 Y128.656 E138.05547
G1 X91.344 Y113.55 E139.34922
G1 X91.344 Y114.372 E139.399
G1 X105.628 Y128.656 E140.62235
G1 X104.805 Y128.656 E140.67219
G1 X91.344 Y115.195 E141.82505
G1 X91.344 Y116.017 E141.87483
G1 X103.983 Y128.656 E142.95729
G1 X103.16 Y128.656 E143.00713
G1 X91.344 Y116.84 E144.01911
G1 X91.344 Y117.662 E144.06889
G1 X102.338 Y128.656 E145.01047
G1 X101.516 Y128.656 E145.06025
G1 X91.344 Y118.484 E145.93143
G1 X91.344 Y119.307 E145.98127
G1 X100.693 Y128.656 E146.78196
G1 X99.871 Y128.656 E146.83174
G1 X91.344 Y120.129 E147.56203
G1 X91.344 Y120.952 E147.61187
G1 X99.048 Y128.656 E148.27168
G1 X98.226 Y128.656 E148.32146
G1 X91.344 Y121.774 E148.91087
G1 X91.344 Y122.597 E148.96071
G1 X97.403 Y128.656 E149.47963
G1 X96.581 Y128.656 E149.52941
G1 X91.344 Y123.419 E149.97793
G1 X91.344 Y124.241 E150.02771
G1 X95.759 Y128.656 E150.40583
G1 X94.936 Y128.656 E150.45567
G1 X91.344 Y125.064 E150.76331
G1 X91.344 Y125.886 E150.81309
G1 X94.114 Y128.656 E151.05033
G1 X93.291 Y128.656 E151.10017
G1 X91.344 Y126.709 E151.26692
G1 X91.344 Y127.531 E151.3167
G1 X92.469 Y128.656 E151.41305
G1 X91.646 Y128.656 E151.46289
G1 X91.161 Y128.17 E151.50447
;LAYER_CHANGE
;Z:39.1
;HEIGHT:0.199997
G1 E149.50447 F2400
G92 E0
G1 Z39.1 F7800
G1 X128.961 Y128.961
G1 E2 F2400
;TYPE:Perimeter
;WIDTH:0.449999
G1 F3254
G1 X91.039 Y128.961 E3.28361
G1 X91.039 Y91.039 E4.56722
G1 X128.961 Y91.039 E5.85083
G1 X128.961 Y128.901 E7.13241
G1 X129.368 Y129.368 F7800
G1 F3254
G1 X90.632 Y129.368 E8.44358
G1 X90.632 Y90.632 E9.75475
G1 X129.368 Y90.632 E11.06592
G1 X129.368 Y129.308 E12.37505
G1 X129.775 Y129.775 F7800
;TYPE:External perimeter
G1 F2400
G1 X90.225 Y129.775 E13.71377
G1 X90.225 Y90.225 E15.05249
G1 X129.775 Y90.225 E16.39121
G1 X129.775 Y129.715 E17.7279
G1 X129.379 Y129.774 F7800
;LAYER_CHANGE
;Z:39.3
;HEIGHT:0.200001
G1 Z39.3 F7800
G1 X128.961 Y128.961
;TYPE:Perimeter
G1 F4800
G1 X91.039 Y128.961 E19.01151
G1 X91.039 Y91.039 E20.29512
G1 X128.961 Y91.039 E21.57873
G1 X128.961 Y128.901 E22.86031
G1 X129.368 Y129.368 F7800
G1 F4800
G1 X90.632 Y129.368 E24.17148
G1 X90.632 Y90.632 E25.48265
G1 X129.368 Y90.632 E26.79382
G1 X129.368 Y129.308 E28.10295
G1 X129.775 Y129.775 F7800
;TYPE:External perimeter
G1 F2400
G1 X90.225 Y129.775 E29.44167
G1 X90.225 Y90.225 E30.78039
G1 X129.775 Y90.225 E32.11911
G1 X129.775 Y129.715 E33.4558
G1 X129.379 Y129.774 F7800
G1 X128.17 Y128.839
;TYPE:Internal infill
;WIDTH:0.45
;HEIGHT:0.4
G1 F4800
G1 X128.656 Y128.354 E33.49738
G1 X128.656 Y127.531 E33.54722
G1 X127.531 Y128.656 E33.64357
G1 X126.709 Y128.656 E33.69335
G1 X128.656 Y126.709 E33.8601
G1 X128.656 Y125.886 E33.90994
G1 X125.886 Y128.656 E34.14718
G1 X125.064 Y128.656 E34.19696
G1 X128.656 Y125.064 E34.5046
G1 X128.656 Y124.241 E34.55444
G1 X124.241 Y128.656 E34.93256
G1 X123.419 Y128.656 E34.98234
G1 X128.656 Y123.419 E35.43086
G1 X128.656 Y122.597 E35.48064
G1 X122.597 Y128.656 E35.99956
G1 X121.774 Y128.656 E36.0494
G1 X128.656 Y121.774 E36.63881
G1 X128.656 Y120.952 E36.68859
G1 X120.952 Y128.656 E37.3484
G1 X120.129 Y128.656 E37.39824
G1 X128.656 Y120.129 E38.12853
G1 X128.656 Y119.307 E38.17831
G1 X119.307 Y128.656 E38.979
G1 X118.484 Y128.656 E39.02884
G1 X128.656 Y118.484 E39.90002
G1 X128.656 Y117.662 E39.9498
G1 X117.662 Y128.656 E40.89138
G1 X116.84 Y128.656 E40.94116
G1 X128.656 Y116.84 E41.95314
G1 X128.656 Y116.017 E42.00298
G1 X116.017 Y128.656 E43.08544
G1 X115.195 Y128.656 E43.13522
G1 X128.656 Y115.195 E44.28808
G1 X128.656 Y114.372 E44.33792
G1 X114.372 Y128.656 E45.56127
G1 X113.55 Y128.656 E45.61105
G1 X128.656 Y113.55 E46.9048
G1 X128.656 Y112.728 E46.95458
G1 X112.728 Y128.656 E48.31873
G1 X111.905 Y128.656 E48.36857
G1 X128.656 Y111.905 E49.8032
G1 X128.656 Y111.083 E49.85298
G1 X111.083 Y128.656 E51.35801
G1 X110.26 Y128.656 E51.40785
G1 X128.656 Y110.26 E52.98337
G1 X128.656 Y109.438 E53.03315
G1 X109.438 Y128.656 E54.67907
G1 X108.615 Y128.656 E54.72891
G1 X128.656 Y108.615 E56.44531
G1 X128.656 Y107.793 E56.49509
G1 X107.793 Y128.656 E58.28189
G1 X106.971 Y128.656 E58.33167
G1 X128.656 Y106.971 E60.18887
G1 X128.656 Y106.148 E60.23871
G1 X106.148 Y128.656 E62.1664
G1 X105.326 Y128.656 E62.21618
G1 X128.656 Y105.326 E64.21427
G1 X128.656 Y104.503 E64.26411
G1 X104.503 Y128.656 E66.33269
G1 X103.681 Y128.656 E66.38247
G1 X128.656 Y103.681 E68.52145
G1 X128.656 Y102.858 E68.57129
G1 X102.858 Y128.656 E70.78075
G1 X102.036 Y128.656 E70.83053
G1 X128.656 Y102.036 E73.11039
G1 X128.656 Y101.214 E73.16017
G1 X101.214 Y128.656 E75.51043
G1 X100.391 Y128.656 E75.56027
G1 X128.656 Y100.391 E77.98102
G1 X128.656 Y99.569 E78.0308
G1 X99.569 Y128.656 E80.52195
G1 X98.746 Y128.656 E80.57179
G1 X128.656 Y98.746 E83.13342
G1 X128.656 Y97.924 E83.1832
G1 X97.924 Y128.656 E85.81523
G1 X97.101 Y128.656 E85.86507
G1 X128.656 Y97.101 E88.56759
G1 X128.656 Y96.279 E88.61737
G1 X96.279 Y128.656 E91.39029
G1 X95.457 Y128.656 E91.44007
G1 X128.656 Y95.457 E94.28339
G1 X128.656 Y94.634 E94.33323
G1 X94.634 Y128.656 E97.24703
G1 X93.812 Y128.656 E97.29681
G1 X128.656 Y93.812 E100.28101
G1 X128.656 Y92.989 E100.33085
G1 X92.989 Y128.656 E103.38554
G1 X92.167 Y128.656 E103.43532
G1 X128.656 Y92.167 E106.56041
G1 X128.656 Y91.344 E106.61025
G1 X91.344 Y128.656 E109.80582
G1 X91.344 Y127.833 E109.85566
G1 X127.833 Y91.344 E112.98075
G1 X127.011 Y91.344 E113.03053
G1 X91.344 Y127.011 E116.08522
G1 X91.344 Y126.188 E116.13506
G1 X126.188 Y91.344 E119.11926
G1 X125.366 Y91.344 E119.16904
G1 X91.344 Y125.366 E122.08284
G1 X91.344 Y124.543 E122.13268
G1 X124.543 Y91.344 E124.976
G1 X123.721 Y91.344 E125.02578
G1 X91.344 Y123.721 E127.7987
G1 X91.344 Y122.899 E127.84848
G1 X122.899 Y91.344 E130.551
G1 X122.076 Y91.344 E130.60084
G1 X91.344 Y122.076 E133.23287
G1 X91.344 Y121.254 E133.28265
G1 X121.254 Y91.344 E135.84428
G1 X120.431 Y91.344 E135.89412
G1 X91.344 Y120.431 E138.38527
G1 X91.344 Y119.609 E138.43505
G1 X119.609 Y91.344 E140.8558
G1 X118.786 Y91.344 E140.90564
G1 X91.344 Y118.786 E143.2559
G1 X91.344 Y117.964 E143.30568
G1 X117.964 Y91.344 E145.58554
G1 X117.142 Y91.344 E145.63532
G1 X91.344 Y117.142 E147.84478
G1 X91.344 Y116.319 E147.89462
G1 X116.319 Y91.344 E150.0336
G1 X115.497 Y91.344 E150.08338
M73 Q91 S10
G1 X91.344 Y115.497 E152.15196
M73 P90 R9
G1 X91.344 Y114.674 E152.2018
G1 X114.674 Y91.344 E154.19989
G1 X113.852 Y91.344 E154.24967
G1 X91.344 Y113.852 E156.17736
G1 X91.344 Y113.029 E156.2272
G1 X113.029 Y91.344 E158.0844
G1 X112.207 Y91.344 E158.13418
G1 X91.344 Y112.207 E159.92098
G1 X91.344 Y111.385 E159.97076
G1 X111.385 Y91.344 E161.68716
G1 X110.562 Y91.344 E161.737
G1 X91.344 Y110.562 E163.38292
G1 X91.344 Y109.74 E163.4327
G1 X109.74 Y91.344 E165.00822
G1 X108.917 Y91.344 E165.05806
G1 X91.344 Y108.917 E166.56309
G1 X91.344 Y108.095 E166.61287
M73 Q91 S9
G1 X108.095 Y91.344 E168.0475
G1 X107.272 Y91.344 E168.09734
G1 X91.344 Y107.272 E169.46149
G1 X91.344 Y106.45 E169.51127
G1 X106.45 Y91.344 E170.80502
G1 X105.628 Y91.344 E170.8548
G1 X91.344 Y105.628 E172.07815
G1 X91.344 Y104.805 E172.12799
G1 X104.805 Y91.344 E173.28085
G1 X103.983 Y91.344 E173.33063
G1 X91.344 Y103.983 E174.41309
G1 X91.344 Y103.16 E174.46293
G1 X103.16 Y91.344 E175.47491
G1 X102.338 Y91.344 E175.52469
G1 X91.344 Y102.338 E176.46627
G1 X91.344 Y101.516 E176.51605
G1 X101.516 Y91.344 E177.38723
G1 X100.693 Y91.344 E177.43707
G1 X91.344 Y100.693 E178.23776
G1 X91.344 Y99.871 E178.28754
G1 X99.871 Y91.344 E179.01783
G1 X99.048 Y91.344 E179.06767
G1 X91.344 Y99.048 E179.72748
G1 X91.344 Y98.226 E179.77726
G1 X98.226 Y91.344 E180.36667
G1 X97.403 Y91.344 E180.41651
G1 X91.344 Y97.403 E180.93543
G1 X91.344 Y96.581 E180.98521
G1 X96.581 Y91.344 E181.43373
G1 X95.759 Y91.344 E181.48351
G1 X91.344 Y95.759 E181.86163
G1 X91.344 Y94.936 E181.91147
G1 X94.936 Y91.344 E182.21911
G1 X94.114 Y91.344 E182.26889
G1 X91.344 Y94.114 E182.50613
G1 X91.344 Y93.291 E182.55597
G1 X93.291 Y91.344 E182.72272
G1 X92.469 Y91.344 E182.7725
G1 X91.344 Y92.469 E182.86885
G1 X91.344 Y91.646 E182.91869
G1 X91.83 Y91.161 E182.96027
;LAYER_CHANGE
;Z:39.5
;HEIGHT:0.200001
G1 E180.96027 F2400
G92 E0
G1 Z39.5 F7800
G1 X128.961 Y128.961
G1 E2 F2400
M73 P91 R9
;TYPE:Perimeter
;WIDTH:0.449999
G1 F3323
G1 X91.039 Y128.961 E3.28361
G1 X91.039 Y91.039 E4.56722
G1 X128.961 Y91.039 E5.85083
G1 X128.961 Y128.901 E7.13241
G1 X129.368 Y129.368 F7800
G1 F3323
G1 X90.632 Y129.368 E8.44358
G1 X90.632 Y90.632 E9.75475
G1 X129.368 Y90.632 E11.06592
G1 X129.368 Y129.308 E12.37505
G1 X129.775 Y129.775 F7800
;TYPE:External perimeter
G1 F2400
G1 X90.225 Y129.775 E13.71377
G1 X90.225 Y90.225 E15.05249
G1 X129.775 Y90.225 E16.39121
G1 X129.775 Y129.715 E17.7279
G1 X129.379 Y129.774 F7800
;LAYER_CHANGE
;Z:39.7
;HEIGHT:0.200001
G1 Z39.7 F7800
G1 X128.961 Y128.961
;TYPE:Perimeter
G1 F4800
G1 X91.039 Y128.961 E19.01151
G1 X91.039 Y91.039 E20.29512
G1 X128.961 Y91.039 E21.57873
G1 X128.961 Y128.901 E22.86031
G1 X129.368 Y129.368 F7800
G1 F4800
G1 X90.632 Y129.368 E24.17148
G1 X90.632 Y90.632 E25.48265
G1 X129.368 Y90.632 E26.79382
G1 X129.368 Y129.308 E28.10295
G1 X129.775 Y129.775 F7800
;TYPE:External perimeter
G1 F2400
G1 X90.225 Y129.775 E29.44167
G1 X90.225 Y90.225 E30.78039
G1 X129.775 Y90.225 E32.11911
G1 X129.775 Y129.715 E33.4558
G1 X129.379 Y129.774 F7800
G1 E31.4558 F2400
G92 E0
G1 X92.245 Y128.432 F7800
G1 E2 F2400
;TYPE:Internal infill
;WIDTH:0.45
;HEIGHT:0.4
G1 F4800
G1 X91.752 Y127.938 E2.04227
G1 X91.752 Y127.116 E2.09205
G1 X92.884 Y128.248 E2.189
G1 X93.707 Y128.248 E2.23884
G1 X91.752 Y126.293 E2.40628
G1 X91.752 Y125.471 E2.45606
G1 X94.529 Y128.248 E2.6939
G1 X95.351 Y128.248 E2.74368
G1 X91.752 Y124.649 E3.05192
G1 X91.752 Y123.826 E3.10176
G1 X96.174 Y128.248 E3.48048
G1 X96.996 Y128.248 E3.53026
G1 X91.752 Y123.004 E3.97938
G1 X91.752 Y122.181 E4.02922
G1 X97.819 Y128.248 E4.54883
G1 X98.641 Y128.248 E4.59861
G1 X91.752 Y121.359 E5.18862
G1 X91.752 Y120.536 E5.23846
G1 X99.464 Y128.248 E5.89895
G1 X100.286 Y128.248 E5.94873
G1 X91.752 Y119.714 E6.67962
G1 X91.752 Y118.892 E6.7294
G1 X101.108 Y128.248 E7.53069
G1 X101.931 Y128.248 E7.58053
G1 X91.752 Y118.069 E8.45231
G1 X91.752 Y117.247 E8.50209
G1 X102.753 Y128.248 E9.44427
G1 X103.576 Y128.248 E9.49411
G1 X91.752 Y116.424 E10.50677
G1 X91.752 Y115.602 E10.55655
G1 X104.398 Y128.248 E11.63961
G1 X105.221 Y128.248 E11.68945
G1 X91.752 Y114.779 E12.843
G1 X91.752 Y113.957 E12.89278
G1 X106.043 Y128.248 E14.11673
G1 X106.865 Y128.248 E14.16651
G1 X91.752 Y113.135 E15.46086
G1 X91.752 Y112.312 E15.5107
G1 X107.688 Y128.248 E16.87553
G1 X108.51 Y128.248 E16.92531
G1 X91.752 Y111.49 E18.36054
G1 X91.752 Y110.667 E18.41038
G1 X109.333 Y128.248 E19.9161
G1 X110.155 Y128.248 E19.96588
G1 X91.752 Y109.845 E21.542
G1 X91.752 Y109.022 E21.59184
G1 X110.978 Y128.248 E23.23844
G1 X111.8 Y128.248 E23.28822
G1 X91.752 Y108.2 E25.00522
G1 X91.752 Y107.378 E25.055
G1 X112.622 Y128.248 E26.8424
G1 X113.445 Y128.248 E26.89224
G1 X91.752 Y106.555 E28.75013
G1 X91.752 Y105.733 E28.79991
G1 X114.267 Y128.248 E30.7282
G1 X115.09 Y128.248 E30.77804
G1 X91.752 Y104.91 E32.77682
G1 X91.752 Y104.088 E32.8266
G1 X115.912 Y128.248 E34.89578
G1 X116.735 Y128.248 E34.94562
G1 X91.752 Y103.266 E37.08524
G1 X91.752 Y102.443 E37.13508
G1 X117.557 Y128.248 E39.34514
G1 X118.379 Y128.248 E39.39492
G1 X91.752 Y101.621 E41.67538
G1 X91.752 Y100.798 E41.72522
G1 X119.202 Y128.248 E44.07617
G1 X120.024 Y128.248 E44.12595
G1 X91.752 Y99.976 E46.5473
G1 X91.752 Y99.153 E46.59714
G1 X120.847 Y128.248 E49.08897
G1 X121.669 Y128.248 E49.13875
G1 X91.752 Y98.331 E51.70098
G1 X91.752 Y97.509 E51.75076
G1 X122.491 Y128.248 E54.38339
G1 X123.314 Y128.248 E54.43323
G1 X91.752 Y96.686 E57.13635
G1 X91.752 Y95.864 E57.18613
G1 X124.136 Y128.248 E59.95965
G1 X124.959 Y128.248 E60.00949
G1 X91.752 Y95.041 E62.85349
G1 X91.752 Y94.219 E62.90327
G1 X125.781 Y128.248 E65.81767
G1 X126.604 Y128.248 E65.86751
G1 X91.752 Y93.396 E68.8524
G1 X91.752 Y92.574 E68.90218
G1 X127.426 Y128.248 E71.95747
G1 X128.248 Y128.248 E72.00725
G1 X91.752 Y91.752 E75.13294
G1 X92.574 Y91.752 E75.18272
G1 X128.248 Y127.426 E78.23801
G1 X128.248 Y126.604 E78.28779
G1 X93.396 Y91.752 E81.27268
G1 X94.219 Y91.752 E81.32252
G1 X128.248 Y125.781 E84.23692
G1 X128.248 Y124.959 E84.2867
G1 X95.041 Y91.752 E87.1307
G1 X95.864 Y91.752 E87.18054
G1 X128.248 Y124.136 E89.95406
G1 X128.248 Y123.314 E90.00384
G1 X96.686 Y91.752 E92.70696
G1 X97.509 Y91.752 E92.7568
G1 X128.248 Y122.491 E95.38943
G1 X128.248 Y121.669 E95.43921
G1 X98.331 Y91.752 E98.00144
G1 X99.153 Y91.752 E98.05122
G1 X128.248 Y120.847 E100.54305
G1 X128.248 Y120.024 E100.59289
G1 X99.976 Y91.752 E103.01424
G1 X100.798 Y91.752 E103.06402
G1 X128.248 Y119.202 E105.41497
G1 X128.248 Y118.379 E105.46481
G1 X101.621 Y91.752 E107.74527
G1 X102.443 Y91.752 E107.79505
G1 X128.248 Y117.557 E110.00511
G1 X128.248 Y116.735 E110.05489
G1 X103.266 Y91.752 E112.19451
G1 X104.088 Y91.752 E112.24429
G1 X128.248 Y115.912 E114.31347
G1 X128.248 Y115.09 E114.36325
G1 X104.91 Y91.752 E116.36203
G1 X105.733 Y91.752 E116.41187
G1 X128.248 Y114.267 E118.34016
G1 X128.248 Y113.445 E118.38994
G1 X106.555 Y91.752 E120.24783
G1 X107.378 Y91.752 E120.29767
G1 X128.248 Y112.622 E122.08507
G1 X128.248 Y111.8 E122.13485
G1 X108.2 Y91.752 E123.85185
G1 X109.022 Y91.752 E123.90163
G1 X128.248 Y110.978 E125.54823
G1 X128.248 Y110.155 E125.59807
G1 X109.845 Y91.752 E127.17419
G1 X110.667 Y91.752 E127.22397
G1 X128.248 Y109.333 E128.72969
G1 X128.248 Y108.51 E128.77953
G1 X111.49 Y91.752 E130.21476
G1 X112.312 Y91.752 E130.26454
G1 X128.248 Y107.688 E131.62937
G1 X128.248 Y106.865 E131.67921
G1 X113.135 Y91.752 E132.97356
G1 X113.957 Y91.752 E133.02334
G1 X128.248 Y106.043 E134.24729
G1 X128.248 Y105.221 E134.29707
G1 X114.779 Y91.752 E135.45062
G1 X115.602 Y91.752 E135.50046
M73 P91 R8
G1 X128.248 Y104.398 E136.58352
G1 X128.248 Y103.576 E136.6333
G1 X116.424 Y91.752 E137.64596
G1 X117.247 Y91.752 E137.6958
G1 X128.248 Y102.753 E138.63798
G1 X128.248 Y101.931 E138.68776
G1 X118.069 Y91.752 E139.55954
G1 X118.892 Y91.752 E139.60938
G1 X128.248 Y101.108 E140.41067
G1 X128.248 Y100.286 E140.46045
G1 X119.714 Y91.752 E141.19134
G1 X120.536 Y91.752 E141.24112
G1 X128.248 Y99.464 E141.90161
G1 X128.248 Y98.641 E141.95145
G1 X121.359 Y91.752 E142.54146
G1 X122.181 Y91.752 E142.59124
G1 X128.248 Y97.819 E143.11085
G1 X128.248 Y96.996 E143.16069
M73 Q91 S8
G1 X123.004 Y91.752 E143.60981
G1 X123.826 Y91.752 E143.65959
G1 X128.248 Y96.174 E144.03831
G1 X128.248 Y95.351 E144.08815
G1 X124.649 Y91.752 E144.39639
G1 X125.471 Y91.752 E144.44617
G1 X128.248 Y94.529 E144.68401
G1 X128.248 Y93.707 E144.73379
G1 X126.293 Y91.752 E144.90123
G1 X127.116 Y91.752 E144.95107
G1 X128.248 Y92.884 E145.04802
G1 X128.248 Y92.062 E145.0978
G1 X127.755 Y91.568 E145.14007
G1 E143.14007 F2400
G92 E0
G1 X91.344 Y128.452 F7800
G1 E2 F2400
;TYPE:Solid infill
;WIDTH:0.450008
;HEIGHT:0.2
G1 F1200
G1 X91.344 Y91.548 E3.24918
;WIDTH:0.484931
G1 X91.362 Y91.464 E3.25234
M73 Q92 S8
;WIDTH:0.519854
G1 X91.379 Y91.379 E3.25578
G1 X91.464 Y91.362 E3.25922
;WIDTH:0.484931
G1 X91.548 Y91.344 E3.26238
;WIDTH:0.450008
G1 X128.452 Y91.344 E4.51156
;WIDTH:0.484932
G1 X128.536 Y91.362 E4.51472
;WIDTH:0.519856
G1 X128.621 Y91.379 E4.51816
G1 X128.638 Y91.449 E4.52102
;WIDTH:0.484932
G1 X128.656 Y91.519 E4.52368
;WIDTH:0.450008
G1 X128.656 Y128.452 E5.77384
;WIDTH:0.484931
G1 X128.638 Y128.536 E5.777
;WIDTH:0.519854
G1 X128.621 Y128.621 E5.78044
G1 X128.536 Y128.638 E5.78388
;WIDTH:0.484931
G1 X128.452 Y128.656 E5.78704
;WIDTH:0.450008
G1 X91.548 Y128.656 E7.03622
;WIDTH:0.478577
G1 X91.479 Y128.641 E7.03878
;WIDTH:0.507145
G1 X91.41 Y128.627 E7.0415
;LAYER_CHANGE
;Z:39.9
;HEIGHT:0.200001
G1 E5.0415 F2400
G92 E0
G1 Z39.9 F7800
G1 X128.961 Y128.961
G1 E2 F2400
;TYPE:Perimeter
;WIDTH:0.449999
G1 F4800
G1 X91.039 Y128.961 E3.28361
G1 X91.039 Y91.039 E4.56722
G1 X128.961 Y91.039 E5.85083
G1 X128.961 Y128.901 E7.13241
G1 X129.368 Y129.368 F7800
G1 F4800
G1 X90.632 Y129.368 E8.44358
G1 X90.632 Y90.632 E9.75475
G1 X129.368 Y90.632 E11.06592
G1 X129.368 Y129.308 E12.37505
M73 P92 R8
G1 X129.775 Y129.775 F7800
;TYPE:External perimeter
G1 F2400
G1 X90.225 Y129.775 E13.71377
G1 X90.225 Y90.225 E15.05249
G1 X129.775 Y90.225 E16.39121
G1 X129.775 Y129.715 E17.7279
G1 X129.379 Y129.774 F7800
G1 X127.923 Y128.837
;TYPE:Bridge infill
;WIDTH:0.402046
;HEIGHT:0.4
M106 S89.25
G1 F3600
G1 X128.634 Y128.125 E17.78101
G1 X128.634 Y127.486 E17.81474
G1 X127.486 Y128.634 E17.90043
G1 X126.846 Y128.634 E17.93421
G1 X128.634 Y126.846 E18.06767
G1 X128.634 Y126.207 E18.1014
G1 X126.207 Y128.634 E18.28256
G1 X125.568 Y128.634 E18.31629
G1 X128.634 Y125.568 E18.54515
G1 X128.634 Y124.929 E18.57888
G1 X124.929 Y128.634 E18.85543
G1 X124.289 Y128.634 E18.88921
G1 X128.634 Y124.289 E19.21353
G1 X128.634 Y123.65 E19.24726
G1 X123.65 Y128.634 E19.61928
G1 X123.011 Y128.634 E19.65301
G1 X128.634 Y123.011 E20.07273
G1 X128.634 Y122.371 E20.10651
G1 X122.371 Y128.634 E20.574
G1 X121.732 Y128.634 E20.60773
G1 X128.634 Y121.732 E21.12292
G1 X128.634 Y121.093 E21.15665
G1 X121.093 Y128.634 E21.71953
G1 X120.454 Y128.634 E21.75326
G1 X128.634 Y120.454 E22.36384
G1 X128.634 Y119.814 E22.39762
G1 X119.814 Y128.634 E23.05597
G1 X119.175 Y128.634 E23.0897
G1 X128.634 Y119.175 E23.79575
G1 X128.634 Y118.536 E23.82948
G1 X118.536 Y128.634 E24.58323
G1 X117.896 Y128.634 E24.61701
G1 X128.634 Y117.896 E25.41853
G1 X128.634 Y117.257 E25.45226
G1 X117.257 Y128.634 E26.30148
G1 X116.618 Y128.634 E26.33521
G1 X128.634 Y116.618 E27.23212
G1 X128.634 Y115.979 E27.26585
G1 X115.979 Y128.634 E28.21046
G1 X115.339 Y128.634 E28.24424
G1 X128.634 Y115.339 E29.23662
G1 X128.634 Y114.7 E29.27035
G1 X114.7 Y128.634 E30.31043
G1 X114.061 Y128.634 E30.34416
G1 X128.634 Y114.061 E31.43194
G1 X128.634 Y113.421 E31.46572
G1 X113.421 Y128.634 E32.60127
G1 X112.782 Y128.634 E32.635
G1 X128.634 Y112.782 E33.81824
G1 X128.634 Y112.143 E33.85197
G1 X112.143 Y128.634 E35.08291
G1 X111.504 Y128.634 E35.11664
G1 X128.634 Y111.504 E36.39528
G1 X128.634 Y110.864 E36.42906
G1 X110.864 Y128.634 E37.75547
G1 X110.225 Y128.634 E37.7892
G1 X128.634 Y110.225 E39.16331
G1 X128.634 Y109.586 E39.19704
G1 X109.586 Y128.634 E40.61884
G1 X108.946 Y128.634 E40.65262
G1 X128.634 Y108.946 E42.1222
G1 X128.634 Y108.307 E42.15593
G1 X108.307 Y128.634 E43.6732
G1 X107.668 Y128.634 E43.70693
G1 X128.634 Y107.668 E45.2719
G1 X128.634 Y107.029 E45.30563
G1 X107.029 Y128.634 E46.9183
G1 X106.389 Y128.634 E46.95208
G1 X128.634 Y106.389 E48.61252
G1 X128.634 Y105.75 E48.64625
G1 X105.75 Y128.634 E50.35439
G1 X105.111 Y128.634 E50.38812
G1 X128.634 Y105.111 E52.14395
G1 X128.634 Y104.471 E52.17773
G1 X104.471 Y128.634 E53.98133
G1 X103.832 Y128.634 E54.01506
G1 X128.634 Y103.832 E55.86636
G1 X128.634 Y103.193 E55.90009
G1 X103.193 Y128.634 E57.79909
G1 X102.553 Y128.634 E57.83287
G1 X128.634 Y102.553 E59.77964
G1 X128.634 Y101.914 E59.81337
G1 X101.914 Y128.634 E61.80784
G1 X101.275 Y128.634 E61.84157
G1 X128.634 Y101.275 E63.88373
G1 X128.634 Y100.636 E63.91746
G1 X100.636 Y128.634 E66.00732
G1 X99.996 Y128.634 E66.0411
G1 X128.634 Y99.996 E68.17873
G1 X128.634 Y99.357 E68.21246
G1 X99.357 Y128.634 E70.39779
G1 X98.718 Y128.634 E70.43152
G1 X128.634 Y98.718 E72.66455
G1 X128.634 Y98.078 E72.69833
G1 X98.078 Y128.634 E74.97913
G1 X97.439 Y128.634 E75.01286
G1 X128.634 Y97.439 E77.34136
G1 X128.634 Y96.8 E77.37509
G1 X96.8 Y128.634 E79.75128
G1 X96.161 Y128.634 E79.78501
G1 X128.634 Y96.161 E82.2089
G1 X128.634 Y95.521 E82.24268
G1 X95.521 Y128.634 E84.71434
G1 X94.882 Y128.634 E84.74807
G1 X128.634 Y94.882 E87.26743
G1 X128.634 Y94.243 E87.30116
G1 X94.243 Y128.634 E89.86822
G1 X93.603 Y128.634 E89.902
G1 X128.634 Y93.603 E92.51683
G1 X128.634 Y92.964 E92.55056
G1 X92.964 Y128.634 E95.21308
G1 X92.325 Y128.634 E95.24681
G1 X128.634 Y92.325 E97.95703
G1 X128.634 Y91.686 E97.99076
G1 X91.686 Y128.634 E100.74868
G1 X91.366 Y128.634 E100.76557
G1 X91.366 Y128.314 E100.78246
G1 X128.314 Y91.366 E103.54038
G1 X127.675 Y91.366 E103.57411
G1 X91.366 Y127.675 E106.28433
G1 X91.366 Y127.036 E106.31806
G1 X127.036 Y91.366 E108.98058
G1 X126.397 Y91.366 E109.01431
G1 X91.366 Y126.397 E111.62914
G1 X91.366 Y125.757 E111.66292
G1 X125.757 Y91.366 E114.22998
G1 X125.118 Y91.366 E114.26371
G1 X91.366 Y125.118 E116.78307
G1 X91.366 Y124.479 E116.8168
G1 X124.479 Y91.366 E119.28846
G1 X123.839 Y91.366 E119.32224
G1 X91.366 Y123.839 E121.74613
G1 X91.366 Y123.2 E121.77986
G1 X123.2 Y91.366 E124.15605
G1 X122.561 Y91.366 E124.18978
G1 X91.366 Y122.561 E126.51828
G1 X91.366 Y121.922 E126.55201
G1 X121.922 Y91.366 E128.83281
G1 X121.282 Y91.366 E128.86659
G1 X91.366 Y121.282 E131.09962
G1 X91.366 Y120.643 E131.13335
G1 X120.643 Y91.366 E133.31868
G1 X120.004 Y91.366 E133.35241
G1 X91.366 Y120.004 E135.49004
G1 X91.366 Y119.364 E135.52382
M73 P92 R7
G1 X119.364 Y91.366 E137.61368
G1 X118.725 Y91.366 E137.64741
G1 X91.366 Y118.725 E139.68957
G1 X91.366 Y118.086 E139.7233
M73 Q92 S7
G1 X118.086 Y91.366 E141.71777
G1 X117.446 Y91.366 E141.75155
G1 X91.366 Y117.446 E143.69825
G1 X91.366 Y116.807 E143.73198
G1 X116.807 Y91.366 E145.63098
G1 X116.168 Y91.366 E145.66471
G1 X91.366 Y116.168 E147.51601
G1 X91.366 Y115.529 E147.54974
G1 X115.529 Y91.366 E149.35334
G1 X114.889 Y91.366 E149.38712
G1 X91.366 Y114.889 E151.14295
G1 X91.366 Y114.25 E151.17668
G1 X114.25 Y91.366 E152.88482
G1 X113.611 Y91.366 E152.91855
G1 X91.366 Y113.611 E154.57899
G1 X91.366 Y112.971 E154.61277
G1 X112.971 Y91.366 E156.22544
G1 X112.332 Y91.366 E156.25917
G1 X91.366 Y112.332 E157.82414
G1 X91.366 Y111.693 E157.85787
G1 X111.693 Y91.366 E159.37514
G1 X111.054 Y91.366 E159.40887
G1 X91.366 Y111.054 E160.87845
G1 X91.366 Y110.414 E160.91223
G1 X110.414 Y91.366 E162.33403
G1 X109.775 Y91.366 E162.36776
G1 X91.366 Y109.775 E163.74187
G1 X91.366 Y109.136 E163.7756
G1 X109.136 Y91.366 E165.10201
G1 X108.496 Y91.366 E165.13579
G1 X91.366 Y108.496 E166.41443
G1 X91.366 Y107.857 E166.44816
G1 X107.857 Y91.366 E167.6791
G1 X107.218 Y91.366 E167.71283
M73 Q93 S7
G1 X91.366 Y107.218 E168.89607
G1 X91.366 Y106.579 E168.9298
G1 X106.579 Y91.366 E170.06535
G1 X105.939 Y91.366 E170.09913
G1 X91.366 Y105.939 E171.18691
G1 X91.366 Y105.3 E171.22064
G1 X105.3 Y91.366 E172.26072
G1 X104.661 Y91.366 E172.29445
G1 X91.366 Y104.661 E173.28683
G1 X91.366 Y104.021 E173.32061
G1 X104.021 Y91.366 E174.26522
G1 X103.382 Y91.366 E174.29895
G1 X91.366 Y103.382 E175.19586
G1 X91.366 Y102.743 E175.22959
G1 X102.743 Y91.366 E176.07881
G1 X102.104 Y91.366 E176.11254
G1 X91.366 Y102.104 E176.91406
G1 X91.366 Y101.464 E176.94784
G1 X101.464 Y91.366 E177.70159
G1 X100.825 Y91.366 E177.73532
G1 X91.366 Y100.825 E178.44137
G1 X91.366 Y100.186 E178.4751
G1 X100.186 Y91.366 E179.13345
G1 X99.546 Y91.366 E179.16723
G1 X91.366 Y99.546 E179.77781
G1 X91.366 Y98.907 E179.81154
G1 X98.907 Y91.366 E180.37442
G1 X98.268 Y91.366 E180.40815
G1 X91.366 Y98.268 E180.92334
G1 X91.366 Y97.629 E180.95707
G1 X97.629 Y91.366 E181.42456
G1 X96.989 Y91.366 E181.45834
G1 X91.366 Y96.989 E181.87806
G1 X91.366 Y96.35 E181.91179
G1 X96.35 Y91.366 E182.28381
G1 X95.711 Y91.366 E182.31754
G1 X91.366 Y95.711 E182.64186
G1 X91.366 Y95.071 E182.67564
G1 X95.071 Y91.366 E182.95219
G1 X94.432 Y91.366 E182.98592
G1 X91.366 Y94.432 E183.21478
G1 X91.366 Y93.793 E183.24851
G1 X93.793 Y91.366 E183.42967
G1 X93.153 Y91.366 E183.46345
G1 X91.366 Y93.153 E183.59684
G1 X91.366 Y92.514 E183.63057
G1 X92.514 Y91.366 E183.71626
G1 X91.875 Y91.366 E183.74999
G1 X91.163 Y92.077 E183.8031
M106 S38.25
;LAYER_CHANGE
;Z:40.1
;HEIGHT:0.199997
G1 E181.8031 F2400
G92 E0
G1 Z40.1 F7800
G1 X128.961 Y128.961
G1 E2 F2400
;TYPE:Perimeter
;WIDTH:0.449999
G1 F4800
G1 X91.039 Y128.961 E3.28361
G1 X91.039 Y91.039 E4.56722
G1 X128.961 Y91.039 E5.85083
G1 X128.961 Y128.901 E7.13241
G1 X129.368 Y129.368 F7800
G1 F4800
G1 X90.632 Y129.368 E8.44358
G1 X90.632 Y90.632 E9.75475
M73 P93 R7
G1 X129.368 Y90.632 E11.06592
G1 X129.368 Y129.308 E12.37505
G1 X129.775 Y129.775 F7800
;TYPE:External perimeter
G1 F2400
G1 X90.225 Y129.775 E13.71377
G1 X90.225 Y90.225 E15.05249
G1 X129.775 Y90.225 E16.39121
G1 X129.775 Y129.715 E17.7279
G1 X129.379 Y129.774 F7800
G1 E15.7279 F2400
G92 E0
G1 X91.377 Y128.545 F7800
G1 E2 F2400
;TYPE:Solid infill
;WIDTH:0.548766
G1 F1200
G1 X91.333 Y128.59 E2.00265
G1 X91.349 Y128.651 E2.0053
G1 X91.41 Y128.667 E2.00795
G1 X91.455 Y128.623 E2.0106
G1 X91.439 Y128.561 E2.01329
G1 X92.234 Y128.788 F7800
;WIDTH:0.38292
G1 F1200
G1 X92.215 Y128.859 E2.01537
G1 X92.286 Y128.84 E2.01745
G1 X92.275 Y128.799 E2.01865
;WIDTH:0.41646
G1 X92.182 Y128.727 E2.0223
;WIDTH:0.449999
G1 X92.089 Y128.656 E2.02626
G1 X91.344 Y127.911 E2.06192
G1 X91.273 Y127.818 E2.06588
;WIDTH:0.41646
G1 X91.201 Y127.725 E2.06953
;WIDTH:0.38292
G1 X91.212 Y127.766 E2.07073
G1 X91.141 Y127.785 E2.07281
G1 X91.16 Y127.714 E2.07489
;WIDTH:0.449999
G1 X91.344 Y127.336 E2.08912
G1 X92.664 Y128.656 E2.15231
G1 X93.24 Y128.656 E2.17181
G1 X91.344 Y126.76 E2.26257
G1 X91.344 Y126.184 E2.28207
G1 X93.816 Y128.656 E2.4004
G1 X94.392 Y128.656 E2.4199
G1 X91.344 Y125.608 E2.56581
G1 X91.344 Y125.033 E2.58527
G1 X94.967 Y128.656 E2.7587
G1 X95.543 Y128.656 E2.7782
G1 X91.344 Y124.457 E2.9792
G1 X91.344 Y123.881 E2.9987
G1 X96.119 Y128.656 E3.22728
G1 X96.694 Y128.656 E3.24674
G1 X91.344 Y123.306 E3.50284
G1 X91.344 Y122.73 E3.52234
G1 X97.27 Y128.656 E3.80601
G1 X97.846 Y128.656 E3.82551
G1 X91.344 Y122.154 E4.13676
G1 X91.344 Y121.579 E4.15622
G1 X98.421 Y128.656 E4.49499
G1 X98.997 Y128.656 E4.51449
G1 X91.344 Y121.003 E4.88083
G1 X91.344 Y120.427 E4.90033
G1 X99.573 Y128.656 E5.29425
G1 X100.149 Y128.656 E5.31375
G1 X91.344 Y119.851 E5.73524
G1 X91.344 Y119.276 E5.7547
G1 X100.724 Y128.656 E6.20371
G1 X101.3 Y128.656 E6.22321
G1 X91.344 Y118.7 E6.6998
G1 X91.344 Y118.124 E6.7193
G1 X101.876 Y128.656 E7.22346
G1 X102.451 Y128.656 E7.24292
G1 X91.344 Y117.549 E7.77461
G1 X91.344 Y116.973 E7.79411
G1 X103.027 Y128.656 E8.35337
G1 X103.603 Y128.656 E8.37287
G1 X91.344 Y116.397 E8.9597
G1 X91.344 Y115.822 E8.97916
G1 X104.178 Y128.656 E9.59352
G1 X104.754 Y128.656 E9.61302
G1 X91.344 Y115.246 E10.25495
G1 X91.344 Y114.67 E10.27445
G1 X105.33 Y128.656 E10.94395
G1 X105.906 Y128.656 E10.96345
G1 X91.344 Y114.095 E11.6605
G1 X91.344 Y113.519 E11.68
G1 X106.481 Y128.656 E12.4046
G1 X107.057 Y128.656 E12.4241
G1 X91.344 Y112.943 E13.17627
G1 X91.344 Y112.367 E13.19577
G1 X107.633 Y128.656 E13.97551
G1 X108.208 Y128.656 E13.99497
G1 X91.344 Y111.792 E14.80224
G1 X91.344 Y111.216 E14.82174
G1 X108.784 Y128.656 E15.65658
G1 X109.36 Y128.656 E15.67608
G1 X91.344 Y110.64 E16.53849
G1 X91.344 Y110.065 E16.55795
G1 X109.935 Y128.656 E17.44789
G1 X110.511 Y128.656 E17.46739
G1 X91.344 Y109.489 E18.3849
G1 X91.344 Y108.913 E18.4044
G1 X111.087 Y128.656 E19.34949
G1 X111.662 Y128.656 E19.36895
G1 X91.344 Y108.338 E20.34156
G1 X91.344 Y107.762 E20.36106
G1 X112.238 Y128.656 E21.36124
G1 X112.814 Y128.656 E21.38074
G1 X91.344 Y107.186 E22.4085
G1 X91.344 Y106.61 E22.428
G1 X113.39 Y128.656 E23.48333
G1 X113.965 Y128.656 E23.50279
G1 X91.344 Y106.035 E24.58564
G1 X91.344 Y105.459 E24.60514
M73 P93 R6
M73 Q93 S6
G1 X114.541 Y128.656 E25.71557
G1 X115.117 Y128.656 E25.73507
G1 X91.344 Y104.883 E26.87307
G1 X91.344 Y104.308 E26.89253
G1 X115.692 Y128.656 E28.05805
G1 X116.268 Y128.656 E28.07755
G1 X91.344 Y103.732 E29.27065
G1 X91.344 Y103.156 E29.29015
G1 X116.844 Y128.656 E30.51082
G1 X117.419 Y128.656 E30.53028
G1 X91.344 Y102.581 E31.77847
G1 X91.344 Y102.005 E31.79797
G1 X117.995 Y128.656 E33.07374
G1 X118.571 Y128.656 E33.09324
G1 X91.344 Y101.429 E34.39658
G1 X91.344 Y100.853 E34.41608
G1 X119.147 Y128.656 E35.74699
G1 X119.722 Y128.656 E35.76645
G1 X91.344 Y100.278 E37.12489
G1 X91.344 Y99.702 E37.14439
M73 Q94 S6
G1 X120.298 Y128.656 E38.5304
G1 X120.874 Y128.656 E38.5499
G1 X91.344 Y99.126 E39.96348
G1 X91.344 Y98.551 E39.98294
G1 X121.449 Y128.656 E41.42405
G1 X122.025 Y128.656 E41.44355
G1 X91.344 Y97.975 E42.91223
G1 X91.344 Y97.399 E42.93173
M73 P94 R6
G1 X122.601 Y128.656 E44.42798
G1 X123.176 Y128.656 E44.44744
G1 X91.344 Y96.824 E45.97122
G1 X91.344 Y96.248 E45.99072
G1 X123.752 Y128.656 E47.54207
G1 X124.328 Y128.656 E47.56157
G1 X91.344 Y95.672 E49.14049
G1 X91.344 Y95.097 E49.15995
G1 X124.903 Y128.656 E50.7664
G1 X125.479 Y128.656 E50.7859
G1 X91.344 Y94.521 E52.41992
G1 X91.344 Y93.945 E52.43942
G1 X126.055 Y128.656 E54.10101
G1 X126.631 Y128.656 E54.12051
G1 X91.344 Y93.369 E55.80968
G1 X91.344 Y92.794 E55.82914
G1 X127.206 Y128.656 E57.54583
G1 X127.782 Y128.656 E57.56533
G1 X91.344 Y92.218 E59.30959
G1 X91.344 Y91.642 E59.32909
G1 X128.358 Y128.656 E61.10093
G1 X128.543 Y128.677 E61.10723
;WIDTH:0.41646
G1 X128.729 Y128.699 E61.11305
;WIDTH:0.38292
G1 X128.71 Y128.77 E61.11513
G1 X128.781 Y128.751 E61.11721
G1 X128.77 Y128.71 E61.11841
;WIDTH:0.449999
G1 X128.656 Y128.378 E61.13029
G1 X91.622 Y91.344 E62.90308
G1 X91.456 Y91.287 E62.90902
;WIDTH:0.41646
G1 X91.29 Y91.23 E62.91447
;WIDTH:0.38292
G1 X91.301 Y91.271 E62.91567
G1 X91.23 Y91.29 E62.91775
G1 X91.249 Y91.219 E62.91983
G1 X92.198 Y91.344 F7800
;WIDTH:0.449999
G1 F1200
G1 X128.656 Y127.802 E64.66505
G1 X128.656 Y127.226 E64.68455
G1 X92.774 Y91.344 E66.4022
G1 X93.349 Y91.344 E66.42166
M73 P94 R5
M73 Q94 S5
G1 X128.656 Y126.651 E68.11178
G1 X128.656 Y126.075 E68.13128
G1 X93.925 Y91.344 E69.79383
G1 X94.501 Y91.344 E69.81333
G1 X128.656 Y125.499 E71.44831
G1 X128.656 Y124.924 E71.46777
G1 X95.076 Y91.344 E73.07522
G1 X95.652 Y91.344 E73.09472
G1 X128.656 Y124.348 E74.6746
G1 X128.656 Y123.772 E74.6941
G1 X96.228 Y91.344 E76.24641
G1 X96.804 Y91.344 E76.26591
G1 X128.656 Y123.196 E77.79065
G1 X128.656 Y122.621 E77.81011
G1 X97.379 Y91.344 E79.30732
G1 X97.955 Y91.344 E79.32682
G1 X128.656 Y122.045 E80.79646
G1 X128.656 Y121.469 E80.81596
G1 X98.531 Y91.344 E82.25802
G1 X99.106 Y91.344 E82.27748
M73 Q95 S5
G1 X128.656 Y120.894 E83.69202
G1 X128.656 Y120.318 E83.71152
G1 X99.682 Y91.344 E85.09849
G1 X100.258 Y91.344 E85.11799
G1 X128.656 Y119.742 E86.47738
G1 X128.656 Y119.167 E86.49684
M73 P95 R5
G1 X100.833 Y91.344 E87.82871
G1 X101.409 Y91.344 E87.84821
G1 X128.656 Y118.591 E89.15251
G1 X128.656 Y118.015 E89.17201
G1 X101.985 Y91.344 E90.44873
G1 X102.561 Y91.344 E90.46823
G1 X128.656 Y117.439 E91.71738
G1 X128.656 Y116.864 E91.73684
G1 X103.136 Y91.344 E92.95847
G1 X103.712 Y91.344 E92.97797
G1 X128.656 Y116.288 E94.17202
G1 X128.656 Y115.712 E94.19152
G1 X104.288 Y91.344 E95.358
G1 X104.863 Y91.344 E95.37746
G1 X128.656 Y115.137 E96.51642
G1 X128.656 Y114.561 E96.53592
G1 X105.439 Y91.344 E97.6473
G1 X106.015 Y91.344 E97.6668
G1 X128.656 Y113.985 E98.75061
G1 X128.656 Y113.41 E98.77007
G1 X106.59 Y91.344 E99.82636
G1 X107.166 Y91.344 E99.84586
G1 X128.656 Y112.834 E100.87457
G1 X128.656 Y112.258 E100.89407
G1 X107.742 Y91.344 E101.89521
G1 X108.318 Y91.344 E101.91471
G1 X128.656 Y111.683 E102.8883
G1 X128.656 Y111.107 E102.9078
G1 X108.893 Y91.344 E103.85384
G1 X109.469 Y91.344 E103.87334
G1 X128.656 Y110.531 E104.79181
G1 X128.656 Y109.955 E104.81131
G1 X110.045 Y91.344 E105.70221
G1 X110.62 Y91.344 E105.72167
M73 P95 R4
M73 Q95 S4
G1 X128.656 Y109.38 E106.58504
G1 X128.656 Y108.804 E106.60454
G1 X111.196 Y91.344 E107.44034
G1 X111.772 Y91.344 E107.45984
G1 X128.656 Y108.228 E108.26807
G1 X128.656 Y107.653 E108.28753
G1 X112.347 Y91.344 E109.06823
G1 X112.923 Y91.344 E109.08773
G1 X128.656 Y107.077 E109.84086
G1 X128.656 Y106.501 E109.86036
G1 X113.499 Y91.344 E110.58592
G1 X114.074 Y91.344 E110.60538
G1 X128.656 Y105.926 E111.30341
G1 X128.656 Y105.35 E111.32291
G1 X114.65 Y91.344 E111.99337
G1 X115.226 Y91.344 E112.01287
G1 X128.656 Y104.774 E112.65576
G1 X128.656 Y104.198 E112.67526
G1 X115.802 Y91.344 E113.29057
G1 X116.377 Y91.344 E113.31003
G1 X128.656 Y103.623 E113.89782
G1 X128.656 Y103.047 E113.91732
G1 X116.953 Y91.344 E114.47754
G1 X117.529 Y91.344 E114.49704
G1 X128.656 Y102.471 E115.02968
G1 X128.656 Y101.896 E115.04914
G1 X118.104 Y91.344 E115.55426
G1 X118.68 Y91.344 E115.57376
G1 X128.656 Y101.32 E116.0513
G1 X128.656 Y100.744 E116.0708
G1 X119.256 Y91.344 E116.52077
G1 X119.831 Y91.344 E116.54023
G1 X128.656 Y100.169 E116.96268
G1 X128.656 Y99.593 E116.98218
G1 X120.407 Y91.344 E117.37705
G1 X120.983 Y91.344 E117.39655
G1 X128.656 Y99.017 E117.76385
G1 X128.656 Y98.441 E117.78335
G1 X121.559 Y91.344 E118.12308
G1 X122.134 Y91.344 E118.14254
G1 X128.656 Y97.866 E118.45474
G1 X128.656 Y97.29 E118.47424
G1 X122.71 Y91.344 E118.75887
G1 X123.286 Y91.344 E118.77837
G1 X128.656 Y96.714 E119.03543
G1 X128.656 Y96.139 E119.05489
G1 X123.861 Y91.344 E119.28442
G1 X124.437 Y91.344 E119.30392
G1 X128.656 Y95.563 E119.50588
G1 X128.656 Y94.987 E119.52538
G1 X125.013 Y91.344 E119.69977
G1 X125.588 Y91.344 E119.71923
G1 X128.656 Y94.412 E119.86609
G1 X128.656 Y93.836 E119.88559
G1 X126.164 Y91.344 E120.00488
G1 X126.573 Y91.13 E120.0205
;WIDTH:0.38292
G1 X126.553 Y91.201 E120.02259
G1 X126.625 Y91.182 E120.0247
G1 X126.614 Y91.141 E120.0259
;WIDTH:0.41646
G1 X126.677 Y91.243 E120.02962
;WIDTH:0.449999
G1 X126.74 Y91.344 E120.03365
G1 X128.656 Y93.26 E120.12537
G1 X128.757 Y93.323 E120.1294
;WIDTH:0.41646
G1 X128.859 Y93.386 E120.13312
;WIDTH:0.38292
G1 X128.87 Y93.427 E120.13432
G1 X128.799 Y93.447 E120.13641
G1 X128.818 Y93.375 E120.13852
G1 E118.13852 F2400
G92 E0
G1 X127.459 Y91.488 F7800
G1 E2 F2400
;WIDTH:0.449999
G1 F1200
G1 X128.656 Y92.684 E2.05728
G1 X128.656 Y91.344 E2.10264
G1 X127.316 Y91.344 E2.148
;LAYER_CHANGE
;Z:40.3
;HEIGHT:0.200001
G1 E.148 F2400
G92 E0
G1 Z40.3 F7800
G1 X128.961 Y128.961
G1 E2 F2400
;TYPE:Perimeter
G1 F4800
G1 X91.039 Y128.961 E3.28361
G1 X91.039 Y91.039 E4.56722
G1 X128.961 Y91.039 E5.85083
G1 X128.961 Y128.901 E7.13241
G1 X129.368 Y129.368 F7800
G1 F4800
G1 X90.632 Y129.368 E8.44358
G1 X90.632 Y90.632 E9.75475
G1 X129.368 Y90.632 E11.06592
G1 X129.368 Y129.308 E12.37505
G1 X129.775 Y129.775 F7800
;TYPE:External perimeter
G1 F2400
G1 X90.225 Y129.775 E13.71377
G1 X90.225 Y90.225 E15.05249
G1 X129.775 Y90.225 E16.39121
G1 X129.775 Y129.715 E17.7279
G1 X129.379 Y129.774 F7800
M73 Q96 S4
G1 X128.841 Y128.117
;TYPE:Top solid infill
;WIDTH:0.400916
G1 F900
G1 X128.278 Y128.681 E17.75162
G1 X127.772 Y128.681 E17.76668
G1 X128.681 Y127.772 E17.80495
G1 X128.681 Y127.266 E17.82001
G1 X127.266 Y128.681 E17.87958
G1 X126.759 Y128.681 E17.89467
G1 X128.681 Y126.759 E17.97558
G1 X128.681 Y126.253 E17.99064
G1 X126.253 Y128.681 E18.09285
G1 X125.747 Y128.681 E18.10791
G1 X128.681 Y125.747 E18.23142
G1 X128.681 Y125.24 E18.24651
G1 X125.24 Y128.681 E18.39137
G1 X124.734 Y128.681 E18.40643
G1 X128.681 Y124.734 E18.57259
G1 X128.681 Y124.228 E18.58765
G1 X124.228 Y128.681 E18.77511
G1 X123.722 Y128.681 E18.79017
G1 X128.681 Y123.722 E18.99893
G1 X128.681 Y123.215 E19.01402
G1 X123.215 Y128.681 E19.24413
G1 X122.709 Y128.681 E19.25919
G1 X128.681 Y122.709 E19.5106
G1 X128.681 Y122.203 E19.52566
G1 X122.203 Y128.681 E19.79837
G1 X121.696 Y128.681 E19.81346
G1 X128.681 Y121.696 E20.10751
G1 X128.681 Y121.19 E20.12257
G1 X121.19 Y128.681 E20.43792
G1 X120.684 Y128.681 E20.45298
M73 P96 R4
G1 X128.681 Y120.684 E20.78963
G1 X128.681 Y120.178 E20.80469
G1 X120.178 Y128.681 E21.16265
G1 X119.671 Y128.681 E21.17774
G1 X128.681 Y119.671 E21.55704
G1 X128.681 Y119.165 E21.5721
G1 X119.165 Y128.681 E21.9727
G1 X118.659 Y128.681 E21.98776
G1 X128.681 Y118.659 E22.40966
G1 X128.681 Y118.152 E22.42475
G1 X118.152 Y128.681 E22.868
G1 X117.646 Y128.681 E22.88306
G1 X128.681 Y117.646 E23.34761
G1 X128.681 Y117.14 E23.36267
G1 X117.14 Y128.681 E23.84852
G1 X116.634 Y128.681 E23.86358
G1 X128.681 Y116.634 E24.37073
G1 X128.681 Y116.127 E24.38582
G1 X116.127 Y128.681 E24.91431
G1 X115.621 Y128.681 E24.92937
G1 X128.681 Y115.621 E25.47916
G1 X128.681 Y115.115 E25.49422
G1 X115.115 Y128.681 E26.06532
G1 X114.608 Y128.681 E26.08041
G1 X128.681 Y114.608 E26.67285
G1 X128.681 Y114.102 E26.68791
G1 X114.102 Y128.681 E27.30165
G1 X113.596 Y128.681 E27.31671
G1 X128.681 Y113.596 E27.95175
G1 X128.681 Y113.09 E27.96681
G1 X113.09 Y128.681 E28.62315
G1 X112.583 Y128.681 E28.63824
G1 X128.681 Y112.583 E29.31593
G1 X128.681 Y112.077 E29.33099
G1 X112.077 Y128.681 E30.02998
G1 X111.571 Y128.681 E30.04504
G1 X128.681 Y111.571 E30.76533
G1 X128.681 Y111.065 E30.78039
M73 P96 R3
M73 Q96 S3
G1 X111.064 Y128.681 E31.522
G1 X110.558 Y128.681 E31.53706
G1 X128.681 Y110.558 E32.29999
G1 X128.681 Y110.052 E32.31505
G1 X110.052 Y128.681 E33.09929
G1 X109.546 Y128.681 E33.11435
G1 X128.681 Y109.546 E33.91989
G1 X128.681 Y109.039 E33.93498
G1 X109.039 Y128.681 E34.76186
G1 X108.533 Y128.681 E34.77692
G1 X128.681 Y108.533 E35.6251
G1 X128.681 Y108.027 E35.64016
G1 X108.027 Y128.681 E36.50964
G1 X107.521 Y128.681 E36.5247
G1 X128.681 Y107.521 E37.41548
G1 X128.681 Y107.014 E37.43057
G1 X107.014 Y128.681 E38.3427
G1 X106.508 Y128.681 E38.35776
G1 X128.681 Y106.508 E39.29119
G1 X128.681 Y106.002 E39.30625
G1 X106.002 Y128.681 E40.26098
G1 X105.495 Y128.681 E40.27607
G1 X128.681 Y105.495 E41.25214
G1 X128.681 Y104.989 E41.2672
G1 X104.989 Y128.681 E42.26458
G1 X104.483 Y128.681 E42.27964
G1 X128.681 Y104.483 E43.29832
G1 X128.681 Y103.977 E43.31338
G1 X103.977 Y128.681 E44.35336
G1 X103.47 Y128.681 E44.36845
G1 X128.681 Y103.47 E45.42977
G1 X128.681 Y102.964 E45.44483
G1 X102.964 Y128.681 E46.52745
G1 X102.458 Y128.681 E46.54251
G1 X128.681 Y102.458 E47.64643
G1 X128.681 Y101.951 E47.66152
M73 Q97 S3
G1 X101.951 Y128.681 E48.78679
G1 X101.445 Y128.681 E48.80185
G1 X128.681 Y101.445 E49.94842
G1 X128.681 Y100.939 E49.96348
M73 P97 R3
G1 X100.939 Y128.681 E51.13135
G1 X100.433 Y128.681 E51.14641
G1 X128.681 Y100.433 E52.33558
G1 X128.681 Y99.926 E52.35067
G1 X99.926 Y128.681 E53.56119
G1 X99.42 Y128.681 E53.57625
G1 X128.681 Y99.42 E54.80807
G1 X128.681 Y98.914 E54.82313
G1 X98.914 Y128.681 E56.07625
G1 X98.407 Y128.681 E56.09134
G1 X128.681 Y98.407 E57.3658
G1 X128.681 Y97.901 E57.38086
M73 P97 R2
M73 Q97 S2
G1 X97.901 Y128.681 E58.67662
G1 X97.395 Y128.681 E58.69168
G1 X128.681 Y97.395 E60.00875
G1 X128.681 Y96.889 E60.02381
G1 X96.889 Y128.681 E61.36218
G1 X96.382 Y128.681 E61.37727
G1 X128.681 Y96.382 E62.73698
G1 X128.681 Y95.876 E62.75204
G1 X95.876 Y128.681 E64.13305
G1 X95.37 Y128.681 E64.14811
G1 X128.681 Y95.37 E65.55042
G1 X128.681 Y94.863 E65.56551
G1 X94.863 Y128.681 E66.98917
G1 X94.357 Y128.681 E67.00423
G1 X128.681 Y94.357 E68.44919
G1 X128.681 Y93.851 E68.46425
G1 X93.851 Y128.681 E69.93051
G1 X93.345 Y128.681 E69.94557
G1 X128.681 Y93.345 E71.43313
G1 X128.681 Y92.838 E71.44822
G1 X92.838 Y128.681 E72.95712
G1 X92.332 Y128.681 E72.97218
G1 X128.681 Y92.332 E74.50239
G1 X128.681 Y91.826 E74.51745
G1 X91.826 Y128.681 E76.06896
G1 X91.319 Y128.681 E76.08405
G1 X128.681 Y91.319 E77.6569
G1 X128.174 Y91.319 E77.67199
M73 Q98 S2
G1 X91.319 Y128.174 E79.2235
G1 X91.319 Y127.668 E79.23856
M73 P98 R2
G1 X127.668 Y91.319 E80.76877
G1 X127.162 Y91.319 E80.78383
G1 X91.319 Y127.162 E82.29273
G1 X91.319 Y126.655 E82.30782
G1 X126.655 Y91.319 E83.79538
G1 X126.149 Y91.319 E83.81044
G1 X91.319 Y126.149 E85.2767
G1 X91.319 Y125.643 E85.29176
M73 P98 R1
M73 Q98 S1
G1 X125.643 Y91.319 E86.73672
G1 X125.137 Y91.319 E86.75178
G1 X91.319 Y125.137 E88.17544
G1 X91.319 Y124.63 E88.19053
G1 X124.63 Y91.319 E89.59284
G1 X124.124 Y91.319 E89.6079
G1 X91.319 Y124.124 E90.98891
G1 X91.319 Y123.618 E91.00397
G1 X123.618 Y91.319 E92.36368
G1 X123.111 Y91.319 E92.37877
G1 X91.319 Y123.111 E93.71714
G1 X91.319 Y122.605 E93.7322
G1 X122.605 Y91.319 E95.04927
G1 X122.099 Y91.319 E95.06433
G1 X91.319 Y122.099 E96.36009
G1 X91.319 Y121.593 E96.37515
G1 X121.593 Y91.319 E97.64961
G1 X121.086 Y91.319 E97.6647
G1 X91.319 Y121.086 E98.91782
G1 X91.319 Y120.58 E98.93288
G1 X120.58 Y91.319 E100.1647
G1 X120.074 Y91.319 E100.17976
G1 X91.319 Y120.074 E101.39028
G1 X91.319 Y119.567 E101.40537
G1 X119.567 Y91.319 E102.59454
G1 X119.061 Y91.319 E102.6096
G1 X91.319 Y119.061 E103.77747
G1 X91.319 Y118.555 E103.79253
G1 X118.555 Y91.319 E104.9391
G1 X118.049 Y91.319 E104.95416
G1 X91.319 Y118.049 E106.07943
G1 X91.319 Y117.542 E106.09452
G1 X117.542 Y91.319 E107.19844
G1 X117.036 Y91.319 E107.2135
G1 X91.319 Y117.036 E108.29612
G1 X91.319 Y116.53 E108.31118
M73 P99 R1
M73 Q99 S1
G1 X116.53 Y91.319 E109.3725
G1 X116.023 Y91.319 E109.38759
G1 X91.319 Y116.023 E110.42757
G1 X91.319 Y115.517 E110.44263
G1 X115.517 Y91.319 E111.46131
G1 X115.011 Y91.319 E111.47637
M73 P99 R0
M73 Q99 S0
G1 X91.319 Y115.011 E112.47375
G1 X91.319 Y114.505 E112.48881
G1 X114.505 Y91.319 E113.46488
G1 X113.998 Y91.319 E113.47997
G1 X91.319 Y113.998 E114.4347
G1 X91.319 Y113.492 E114.44976
G1 X113.492 Y91.319 E115.38319
G1 X112.986 Y91.319 E115.39825
G1 X91.319 Y112.986 E116.31038
G1 X91.319 Y112.479 E116.32547
G1 X112.479 Y91.319 E117.21625
G1 X111.973 Y91.319 E117.23131
G1 X91.319 Y111.973 E118.10079
G1 X91.319 Y111.467 E118.11585
G1 X111.467 Y91.319 E118.96403
G1 X110.961 Y91.319 E118.97909
G1 X91.319 Y110.961 E119.80597
G1 X91.319 Y110.454 E119.82106
G1 X110.454 Y91.319 E120.6266
G1 X109.948 Y91.319 E120.64166
G1 X91.319 Y109.948 E121.4259
G1 X91.319 Y109.442 E121.44096
G1 X109.442 Y91.319 E122.20389
G1 X108.936 Y91.319 E122.21895
G1 X91.319 Y108.936 E122.96058
G1 X91.319 Y108.429 E122.97567
G1 X108.429 Y91.319 E123.69596
G1 X107.923 Y91.319 E123.71102
G1 X91.319 Y107.923 E124.41001
G1 X91.319 Y107.417 E124.42507
G1 X107.417 Y91.319 E125.10276
G1 X106.91 Y91.319 E125.11785
G1 X91.319 Y106.91 E125.77419
G1 X91.319 Y106.404 E125.78925
G1 X106.404 Y91.319 E126.42429
G1 X105.898 Y91.319 E126.43935
G1 X91.319 Y105.898 E127.05309
G1 X91.319 Y105.392 E127.06815
G1 X105.392 Y91.319 E127.66059
G1 X104.885 Y91.319 E127.67568
G1 X91.319 Y104.885 E128.24678
G1 X91.319 Y104.379 E128.26184
G1 X104.379 Y91.319 E128.81163
G1 X103.873 Y91.319 E128.82669
G1 X91.319 Y103.873 E129.35518
G1 X91.319 Y103.366 E129.37027
G1 X103.366 Y91.319 E129.87742
G1 X102.86 Y91.319 E129.89248
G1 X91.319 Y102.86 E130.37833
G1 X91.319 Y102.354 E130.39339
G1 X102.354 Y91.319 E130.85794
G1 X101.848 Y91.319 E130.873
G1 X91.319 Y101.848 E131.31625
G1 X91.319 Y101.341 E131.33134
G1 X101.341 Y91.319 E131.75324
G1 X100.835 Y91.319 E131.7683
G1 X91.319 Y100.835 E132.1689
G1 X91.319 Y100.329 E132.18396
G1 X100.329 Y91.319 E132.56326
G1 X99.822 Y91.319 E132.57835
G1 X91.319 Y99.822 E132.93631
G1 X91.319 Y99.316 E132.95137
G1 X99.316 Y91.319 E133.28802
G1 X98.81 Y91.319 E133.30308
G1 X91.319 Y98.81 E133.61843
G1 X91.319 Y98.304 E133.63349
G1 X98.304 Y91.319 E133.92754
G1 X97.797 Y91.319 E133.94263
G1 X91.319 Y97.797 E134.21534
G1 X91.319 Y97.291 E134.2304
G1 X97.291 Y91.319 E134.48181
G1 X96.785 Y91.319 E134.49687
G1 X91.319 Y96.785 E134.72698
G1 X91.319 Y96.278 E134.74207
G1 X96.278 Y91.319 E134.95083
G1 X95.772 Y91.319 E134.96589
G1 X91.319 Y95.772 E135.15335
G1 X91.319 Y95.266 E135.16841
G1 X95.266 Y91.319 E135.33457
G1 X94.76 Y91.319 E135.34963
G1 X91.319 Y94.76 E135.49449
G1 X91.319 Y94.253 E135.50958
G1 X94.253 Y91.319 E135.63309
G1 X93.747 Y91.319 E135.64815
G1 X91.319 Y93.747 E135.75036
G1 X91.319 Y93.241 E135.76542
G1 X93.241 Y91.319 E135.84633
G1 X92.734 Y91.319 E135.86142
G1 X91.319 Y92.734 E135.92099
G1 X91.319 Y92.228 E135.93605
G1 X92.228 Y91.319 E135.97432
G1 X91.722 Y91.319 E135.98938
G1 X91.159 Y91.883 E136.0131
; stop printing object box.stl id:0 copy 0
G1 E134.0131 F2400
G92 E0
M107
;TYPE:Custom
; Filament-specific end gcode
G91 ; Use relative positioning
G1 E-1 F1000 ; Retract filament slightly to prevent oozing
G1 Z+100 F1000 ; Move Z axis up by 10mm
G90 ; Use absolute positioning

G1 X0 Y200 F3000 ; Move bed forward to present the print
M106 S0 ; Turn off cooling fan
#M104 S0 ; Turn off extruder heater
M140 S0 ; Turn off bed heater

M84 ; Disable steppers
M73 P100 R0
M73 Q100 S0
; objects_info = {"objects":[{"name":"box.stl id:0 copy 0","polygon":[[130.000,130.000],[90.000,130.000],[90.000,90.000],[130.000,90.000]]}]}
; filament used [mm] = 18497.09
; filament used [cm3] = 44.49
; filament used [g] = 56.50
; filament cost = 2260.13
; total filament used [g] = 56.50
; total filament cost = 2260.13
; total filament used for wipe tower [g] = 0.00
; estimated printing time (normal mode) = 1h 49m 18s
; estimated printing time (silent mode) = 1h 51m 46s
; estimated first layer printing time (normal mode) = 4m 23s
; estimated first layer printing time (silent mode) = 4m 24s

; prusaslicer_config = begin
; arc_fitting = disabled
; autoemit_temperature_commands = 1
; automatic_extrusion_widths = 0
; automatic_infill_combination = 1
; automatic_infill_combination_max_layer_height = 100%
; avoid_crossing_curled_overhangs = 0
; avoid_crossing_perimeters = 0
; avoid_crossing_perimeters_max_detour = 0
; bed_custom_model = 
; bed_custom_texture = 
; bed_shape = 0x0,220x0,220x220,0x220
; bed_temperature = 80
; bed_temperature_extruder = 0
; before_layer_gcode = 
; between_objects_gcode = 
; binary_gcode = 0
; bottom_fill_pattern = monotonic
; bottom_solid_layers = 3
; bottom_solid_min_thickness = 0
; bridge_acceleration = 0
; bridge_angle = 0
; bridge_fan_speed = 35
; bridge_flow_ratio = 1
; bridge_speed = 60
; brim_separation = 0.2
; brim_type = outer_and_inner
; brim_width = 5
; chamber_minimal_temperature = 0
; chamber_temperature = 0
; color_change_gcode = M600
; colorprint_heights = 
; compatible_printers_condition_cummulative = ;"printer_notes!~/.*NO_TEMPLATES.*/ and printer_notes!~/.*PRINTER_VENDOR_TRILAB.*/ and printer_notes!~/.*PRINTER_MODEL_MK4IS.*/ and ! (printer_notes=~/.*PRINTER_VENDOR_PRUSA3D.*/ and num_extruders>1)"
; complete_objects = 1
; cooling = 1
; cooling_perimeter_transition_distance = 0
; cooling_slowdown_logic = uniform_cooling
; cooling_tube_length = 5
; cooling_tube_retraction = 91.5
; custom_parameters_filament = ""
; custom_parameters_print = 
; custom_parameters_printer = 
; default_acceleration = 0
; default_filament_profile = 
; default_print_profile = 
; deretract_speed = 0
; disable_fan_first_layers = 3
; dont_support_bridges = 1
; draft_shield = disabled
; duplicate_distance = 6
; elefant_foot_compensation = 0
; enable_dynamic_fan_speeds = 0
; enable_dynamic_overhang_speeds = 0
; end_filament_gcode = "; Filament-specific end gcode"
; end_gcode = G91 ; Use relative positioning\nG1 E-1 F1000 ; Retract filament slightly to prevent oozing\nG1 Z+100 F1000 ; Move Z axis up by 10mm\nG90 ; Use absolute positioning\n\nG1 X0 Y200 F3000 ; Move bed forward to present the print\nM106 S0 ; Turn off cooling fan\n#M104 S0 ; Turn off extruder heater\nM140 S0 ; Turn off bed heater\n\nM84 ; Disable steppers
; ensure_vertical_shell_thickness = enabled
; external_perimeter_acceleration = 0
; external_perimeter_extrusion_width = 0
; external_perimeter_speed = 50%
; external_perimeters_first = 0
; extra_loading_move = -2
; extra_perimeters = 1
; extra_perimeters_on_overhangs = 0
; extruder_clearance_height = 20
; extruder_clearance_radius = 25
; extruder_colour = #FF0000
; extruder_offset = 0x0
; extrusion_axis = E
; extrusion_multiplier = 1
; extrusion_width = 0
; fan_always_on = 1
; fan_below_layer_time = 8
; filament_abrasive = 0
; filament_colour = #0000FF
; filament_cooling_final_speed = 2
; filament_cooling_initial_speed = 3
; filament_cooling_moves = 1
; filament_cost = 40000
; filament_density = 1.27
; filament_deretract_speed = nil
; filament_diameter = 1.75
; filament_infill_max_crossing_speed = 0
; filament_infill_max_speed = 0
; filament_load_time = 0
; filament_loading_speed = 14
; filament_loading_speed_start = 19
; filament_max_volumetric_speed = 0
; filament_minimal_purge_on_wipe_tower = 0
; filament_multitool_ramming = 0
; filament_multitool_ramming_flow = 10
; filament_multitool_ramming_volume = 10
; filament_notes = ""
; filament_purge_multiplier = 100%
; filament_ramming_parameters = "130 120 2.70968 2.93548 3.32258 3.83871 4.58065 5.54839 6.51613 7.35484 7.93548 8.16129| 0.05 2.66451 0.45 3.05805 0.95 4.05807 1.45 5.97742 1.95 7.69999 2.45 8.1936 2.95 11.342 3.45 11.4065 3.95 7.6 4.45 7.6 4.95 7.6"
; filament_retract_before_travel = nil
; filament_retract_before_wipe = nil
; filament_retract_layer_change = nil
; filament_retract_length = nil
; filament_retract_length_toolchange = nil
; filament_retract_lift = nil
; filament_retract_lift_above = nil
; filament_retract_lift_below = nil
; filament_retract_restart_extra = nil
; filament_retract_restart_extra_toolchange = nil
; filament_retract_speed = nil
; filament_seam_gap_distance = nil
; filament_settings_id = "PETG Local"
; filament_shrinkage_compensation_xy = 0%
; filament_shrinkage_compensation_z = 0%
; filament_soluble = 0
; filament_spool_weight = 1000
; filament_stamping_distance = 0
; filament_stamping_loading_speed = 20
; filament_toolchange_delay = 0
; filament_travel_lift_before_obstacle = nil
; filament_travel_max_lift = nil
; filament_travel_ramping_lift = nil
; filament_travel_slope = nil
; filament_type = PETG
; filament_unload_time = 0
; filament_unloading_speed = 20
; filament_unloading_speed_start = 100
; filament_vendor = addnorth
; filament_wipe = nil
; fill_angle = 45
; fill_density = 70%
; fill_pattern = supportcubic
; first_layer_acceleration = 0
; first_layer_acceleration_over_raft = 0
; first_layer_bed_temperature = 80
; first_layer_extrusion_width = 200%
; first_layer_height = 0.2
; first_layer_infill_speed = 0
; first_layer_speed = 30
; first_layer_speed_over_raft = 30
; first_layer_temperature = 230
; full_fan_speed_layer = 0
; fuzzy_skin = none
; fuzzy_skin_point_dist = 0.8
; fuzzy_skin_thickness = 0.3
; gap_fill_enabled = 1
; gap_fill_speed = 20
; gcode_comments = 0
; gcode_flavor = marlin
; gcode_label_objects = octoprint
; gcode_resolution = 0.0125
; gcode_substitutions = 
; high_current_on_filament_swap = 0
; host_type = prusalink
; idle_temperature = nil
; infill_acceleration = 0
; infill_anchor = 600%
; infill_anchor_max = 50
; infill_every_layers = 1
; infill_extruder = 1
; infill_extrusion_width = 0
; infill_first = 0
; infill_overlap = 25%
; infill_speed = 80
; inherits_cummulative = ;"addnorth ESD-PETG @Template";
; interface_shells = 0
; interlocking_beam = 0
; interlocking_beam_layer_count = 2
; interlocking_beam_width = 0.8
; interlocking_boundary_avoidance = 2
; interlocking_depth = 2
; interlocking_orientation = 22.5
; ironing = 0
; ironing_flowrate = 15%
; ironing_spacing = 0.1
; ironing_speed = 15
; ironing_type = top
; layer_gcode = 
; layer_height = 0.2
; machine_limits_usage = time_estimate_only
; machine_max_acceleration_e = 10000,5000
; machine_max_acceleration_extruding = 1500,1250
; machine_max_acceleration_retracting = 1500,1250
; machine_max_acceleration_travel = 1500,1250
; machine_max_acceleration_x = 9000,1000
; machine_max_acceleration_y = 9000,1000
; machine_max_acceleration_z = 500,200
; machine_max_feedrate_e = 120,120
; machine_max_feedrate_x = 500,200
; machine_max_feedrate_y = 500,200
; machine_max_feedrate_z = 12,12
; machine_max_jerk_e = 2.5,2.5
; machine_max_jerk_x = 10,10
; machine_max_jerk_y = 10,10
; machine_max_jerk_z = 0.2,0.4
; machine_max_junction_deviation = 0,0
; machine_min_extruding_rate = 0,0
; machine_min_travel_rate = 0,0
; max_fan_speed = 30
; max_layer_height = 0
; max_print_height = 200
; max_print_speed = 80
; max_volumetric_extrusion_rate_slope_negative = 0
; max_volumetric_extrusion_rate_slope_positive = 0
; max_volumetric_speed = 0
; min_bead_width = 85%
; min_fan_speed = 15
; min_feature_size = 25%
; min_layer_height = 0.05
; min_print_speed = 15
; min_skirt_length = 0
; mmu_segmented_region_interlocking_depth = 0
; mmu_segmented_region_max_width = 0
; multimaterial_purging = 140
; notes = 
; nozzle_diameter = 0.4
; nozzle_high_flow = 0
; only_one_perimeter_first_layer = 0
; only_retract_when_crossing_perimeters = 0
; ooze_prevention = 0
; output_filename_format = [print_time],[filament_type],[input_filename_base].gcode
; over_bridge_speed = 0
; overhang_fan_speed_0 = 0
; overhang_fan_speed_1 = 0
; overhang_fan_speed_2 = 0
; overhang_fan_speed_3 = 0
; overhang_speed_0 = 15
; overhang_speed_1 = 15
; overhang_speed_2 = 20
; overhang_speed_3 = 25
; overhangs = 1
; parking_pos_retraction = 92
; pause_print_gcode = M601
; perimeter_acceleration = 0
; perimeter_extruder = 1
; perimeter_extrusion_width = 0
; perimeter_generator = arachne
; perimeter_speed = 80
; perimeters = 3
; physical_printer_settings_id = 
; post_process = 
; prefer_clockwise_movements = 0
; print_settings_id = Anet
; printer_model = 
; printer_notes = 
; printer_settings_id = Anet
; printer_technology = FFF
; printer_variant = 
; printer_vendor = 
; raft_contact_distance = 0.1
; raft_expansion = 1.5
; raft_first_layer_density = 90%
; raft_first_layer_expansion = 3
; raft_layers = 0
; remaining_times = 1
; resolution = 0
; retract_before_travel = 2
; retract_before_wipe = 0%
; retract_layer_change = 0
; retract_length = 2
; retract_length_toolchange = 10
; retract_lift = 0
; retract_lift_above = 0
; retract_lift_below = 0
; retract_restart_extra = 0
; retract_restart_extra_toolchange = 0
; retract_speed = 40
; scarf_seam_entire_loop = 0
; scarf_seam_length = 20
; scarf_seam_max_segment_length = 1
; scarf_seam_on_inner_perimeters = 0
; scarf_seam_only_on_smooth = 1
; scarf_seam_placement = nowhere
; scarf_seam_start_height = 0%
; seam_gap_distance = 15%
; seam_position = aligned
; silent_mode = 1
; single_extruder_multi_material = 0
; single_extruder_multi_material_priming = 1
; skirt_distance = 6
; skirt_height = 1
; skirts = 0
; slice_closing_radius = 0.049
; slicing_mode = regular
; slowdown_below_layer_time = 10
; small_perimeter_speed = 15
; solid_infill_acceleration = 0
; solid_infill_below_area = 70
; solid_infill_every_layers = 0
; solid_infill_extruder = 1
; solid_infill_extrusion_width = 0
; solid_infill_speed = 20
; spiral_vase = 0
; staggered_inner_seams = 0
; standby_temperature_delta = -5
; start_filament_gcode = "; Filament gcode\n"
; start_gcode = M117 Heating and Homing... ; Display message on screen\nG90 ; Use absolute coordinates\nM83 ; Extruder relative mode\nG28 ; Home all axes\nM104 S[first_layer_temperature] ; Set extruder temperature without waiting\nM140 S[first_layer_bed_temperature] ; Set bed temperature without waiting\n\nM190 S[first_layer_bed_temperature] ; Wait for bed to reach temperature\nM109 S[first_layer_temperature] ; Wait for extruder to reach temperature\n\nG92 E0 ; Reset extrusion distance\nG1 Z5 F720 ; Move nozzle above the bed\nG1 Z5 F720 ; Move nozzle slightly above the bed\nG1 X3 Y200 Z0.2 F1000 E10 ; Draw a prime line along the left edge\nG1 X6 Y20 Z0.2 F1000 E10 ;Draw an Second prime line along the left edge \nG28 ; Home all axes\nG1 Z10; Z AXIS FROM SAFE POINT.\nG92 E0 ; Reset extrusion distance\n
; support_material = 0
; support_material_angle = 0
; support_material_auto = 1
; support_material_bottom_contact_distance = 0
; support_material_bottom_interface_layers = -1
; support_material_buildplate_only = 1
; support_material_closing_radius = 2
; support_material_contact_distance = 0.2
; support_material_enforce_layers = 0
; support_material_extruder = 1
; support_material_extrusion_width = 0
; support_material_interface_contact_loops = 0
; support_material_interface_extruder = 1
; support_material_interface_layers = 3
; support_material_interface_pattern = rectilinear
; support_material_interface_spacing = 0
; support_material_interface_speed = 100%
; support_material_pattern = rectilinear
; support_material_spacing = 2.5
; support_material_speed = 60
; support_material_style = grid
; support_material_synchronize_layers = 0
; support_material_threshold = 0
; support_material_with_sheath = 1
; support_material_xy_spacing = 50%
; support_tree_angle = 40
; support_tree_angle_slow = 25
; support_tree_branch_diameter = 2
; support_tree_branch_diameter_angle = 5
; support_tree_branch_diameter_double_wall = 3
; support_tree_branch_distance = 1
; support_tree_tip_diameter = 0.8
; support_tree_top_rate = 15%
; temperature = 230
; template_custom_gcode = 
; thick_bridges = 1
; thin_walls = 1
; thumbnails = 
; thumbnails_format = PNG
; toolchange_gcode = 
; top_fill_pattern = monotonic
; top_infill_extrusion_width = 0
; top_one_perimeter_type = none
; top_solid_infill_acceleration = 0
; top_solid_infill_speed = 15
; top_solid_layers = 3
; top_solid_min_thickness = 0
; travel_acceleration = 0
; travel_lift_before_obstacle = 0
; travel_max_lift = 0
; travel_ramping_lift = 0
; travel_short_distance_acceleration = 0
; travel_slope = 0
; travel_speed = 130
; travel_speed_z = 0
; use_firmware_retraction = 0
; use_relative_e_distances = 0
; use_volumetric_e = 0
; variable_layer_height = 1
; wall_distribution_count = 1
; wall_transition_angle = 10
; wall_transition_filter_deviation = 25%
; wall_transition_length = 100%
; wipe = 0
; wipe_into_infill = 0
; wipe_into_objects = 0
; wipe_tower = 0
; wipe_tower_acceleration = 0
; wipe_tower_bridging = 10
; wipe_tower_brim_width = 2
; wipe_tower_cone_angle = 0
; wipe_tower_extra_flow = 100%
; wipe_tower_extra_spacing = 100%
; wipe_tower_extruder = 0
; wipe_tower_no_sparse_layers = 0
; wipe_tower_width = 60
; wiping_volumes_matrix = 0
; wiping_volumes_use_custom_matrix = 0
; xy_size_compensation = 0
; z_offset = 0.3
; prusaslicer_config = end
