ISO-10303-21;
HEADER;
FILE_DESCRIPTION (( 'STEP AP214' ),
    '1' );
FILE_NAME ('Mold sheet lower.STEP',
    '2026-06-12T14:50:41',
    ( '' ),
    ( '' ),
    'SwSTEP 2.0',
    'SolidWorks 2021',
    '' );
FILE_SCHEMA (( 'AUTOMOTIVE_DESIGN' ));
ENDSEC;

DATA;
#1 = CARTESIAN_POINT ( 'NONE',  ( 54.88684423297739556, -56.13001623236050364, -7.718497068223229677E-15 ) ) ;
#2 = CARTESIAN_POINT ( 'NONE',  ( 9.179953323200049198, -41.87591202975680460, 8.400082666214601090 ) ) ;
#3 = VECTOR ( 'NONE', #106, 1000.000000000000000 ) ;
#4 = CARTESIAN_POINT ( 'NONE',  ( 110.6172451890447945, -57.95386985700429960, 2.965757180493044782E-15 ) ) ;
#5 = EDGE_LOOP ( 'NONE', ( #3373, #7189, #7331, #1473 ) ) ;
#6 = DIRECTION ( 'NONE',  ( -0.000000000000000000, 1.000000000000000000, 0.000000000000000000 ) ) ;
#7 = CARTESIAN_POINT ( 'NONE',  ( 8.049202544767434020, -20.11150594343965992, 48.65361544160023755 ) ) ;
#8 = EDGE_CURVE ( 'NONE', #3046, #4258, #1810, .T. ) ;
#9 = CARTESIAN_POINT ( 'NONE',  ( 4.385782227550326873, -13.24654866613190762, -54.06198839904507736 ) ) ;
#10 = EDGE_LOOP ( 'NONE', ( #5394, #473, #2997, #5000 ) ) ;
#11 = CARTESIAN_POINT ( 'NONE',  ( -6.253931378221007087, -37.79365115165371947, -6.472360527773185268 ) ) ;
#12 = CARTESIAN_POINT ( 'NONE',  ( 23.13850053261343831, -58.99259783589941009, -126.5229989347731561 ) ) ;
#13 = CARTESIAN_POINT ( 'NONE',  ( 110.6172451890447945, -57.95386985700429960, 2.965757180493044782E-15 ) ) ;
#14 = CARTESIAN_POINT ( 'NONE',  ( 83.09315761418768886, -63.39640923772800818, -12.33695426873909184 ) ) ;
#15 = CARTESIAN_POINT ( 'NONE',  ( 9.180046676515591031, -41.87592484815069582, -8.399980644761390280 ) ) ;
#16 = CARTESIAN_POINT ( 'NONE',  ( 110.6172451890449935, -57.95386985700429960, 0.000000000000000000 ) ) ;
#17 = VERTEX_POINT ( 'NONE', #621 ) ;
#18 = CARTESIAN_POINT ( 'NONE',  ( 179.0824426214868765, -13.94371515320614918, 54.74696621714786460 ) ) ;
#19 = EDGE_CURVE ( 'NONE', #2935, #3318, #3684, .T. ) ;
#20 = CARTESIAN_POINT ( 'NONE',  ( 190.4059769341171489, -6.042206017172766508, 9.717340014895471612 ) ) ;
#21 = CARTESIAN_POINT ( 'NONE',  ( 8.782291528975603612, -38.20433808602629000, 1.989311685497564319 ) ) ;
#22 = CARTESIAN_POINT ( 'NONE',  ( -7.490329792674848441, -41.97814419639009031, 4.989495828709941350 ) ) ;
#23 = CARTESIAN_POINT ( 'NONE',  ( -0.3925722894766204840, -36.70784611103911743, 12.93738343105540167 ) ) ;
#24 = CARTESIAN_POINT ( 'NONE',  ( -9.000028474184428973, -42.30708906031859584, -8.070543590473060038E-10 ) ) ;
#25 = CARTESIAN_POINT ( 'NONE',  ( 8.425987665708856156, -42.13264308904449251, -3.176520476730519071 ) ) ;
#26 = ORIENTED_EDGE ( 'NONE', *, *, #5873, .F. ) ;
#27 = CARTESIAN_POINT ( 'NONE',  ( -5.508001134620349681, -41.97551094595849719, 0.2041734575973070120 ) ) ;
#28 = ORIENTED_EDGE ( 'NONE', *, *, #6148, .F. ) ;
#29 = CARTESIAN_POINT ( 'NONE',  ( -9.179953323200081172, -41.87591202997710127, -8.400082666214601090 ) ) ;
#30 = CARTESIAN_POINT ( 'NONE',  ( 7.343970490010160113, -41.94464159687049687, 5.310701536431549741 ) ) ;
#31 = PLANE ( 'NONE',  #2623 ) ;
#32 = CARTESIAN_POINT ( 'NONE',  ( -3.671957657472794789, -41.61891006585364750, -7.620062377348030047 ) ) ;
#33 = B_SPLINE_CURVE_WITH_KNOTS ( 'NONE', 3,
 ( #3368, #5708, #7409, #460, #5136, #2721, #1617, #6209, #5598, #5671 ),
 .UNSPECIFIED., .F., .F.,
 ( 4, 2, 2, 2, 4 ),
 ( 4.308963723461616445E-17, 0.01637162622288459643, 0.03274325244576915123, 0.04911487866865370255, 0.06538600803484834190 ),
 .UNSPECIFIED. ) ;
#34 = CARTESIAN_POINT ( 'NONE',  ( 3.990153807973307654, -41.62086810551991789, 8.072618081836662185 ) ) ;
#35 = DIRECTION ( 'NONE',  ( 0.000000000000000000, 1.000000000000000000, 0.000000000000000000 ) ) ;
#36 = CARTESIAN_POINT ( 'NONE',  ( 11.83971672056366664, -37.91867479863607571, 5.385440304581772253 ) ) ;
#37 = CARTESIAN_POINT ( 'NONE',  ( 190.4059769339606021, -6.042206017376102523, 9.717340014885158084 ) ) ;
#38 = CARTESIAN_POINT ( 'NONE',  ( 44.62853256534969404, -60.86600650612059127, -2.394222511617829494E-15 ) ) ;
#39 = CARTESIAN_POINT ( 'NONE',  ( -18.00000000000000000, -6.042206017373010773, -37.20958915979684889 ) ) ;
#40 = CARTESIAN_POINT ( 'NONE',  ( 3.493117819993507123, -6.042206017369079696, 53.98290812280665563 ) ) ;
#41 = ORIENTED_EDGE ( 'NONE', *, *, #5489, .T. ) ;
#42 = CARTESIAN_POINT ( 'NONE',  ( -8.942025094275400932, -42.26416211029894754, 1.021112263557059530 ) ) ;
#43 = CARTESIAN_POINT ( 'NONE',  ( -0.8509762785970343968, -36.69430548793427249, 12.99989289473107235 ) ) ;
#44 = CARTESIAN_POINT ( 'NONE',  ( 1.880642805692468000, -8.610348138393399964, -57.11573593204998645 ) ) ;
#45 = ORIENTED_EDGE ( 'NONE', *, *, #100, .T. ) ;
#46 = CARTESIAN_POINT ( 'NONE',  ( 18.32470375575404731, -41.55041714750679915, 8.581492260871554478 ) ) ;
#47 = CARTESIAN_POINT ( 'NONE',  ( 226.6457644257074833, -6.042206017375390203, -137.7671940876994086 ) ) ;
#48 = LINE ( 'NONE', #586, #5384 ) ;
#49 = CARTESIAN_POINT ( 'NONE',  ( -8.986975246073107826, -42.28795314563397767, -0.4842487726328822406 ) ) ;
#50 = CARTESIAN_POINT ( 'NONE',  ( 15.32359231327911253, -28.21126938818227003, 33.39418175058044369 ) ) ;
#51 = CARTESIAN_POINT ( 'NONE',  ( 54.50145287833833407, -56.13001623236041127, 17.94620426087494991 ) ) ;
#52 = VERTEX_POINT ( 'NONE', #3560 ) ;
#53 = CARTESIAN_POINT ( 'NONE',  ( 86.14473783712179511, -57.95386985700420013, 24.21589985473444884 ) ) ;
#54 = AXIS2_PLACEMENT_3D ( 'NONE', #6991, #2367, #5824 ) ;
#55 = CARTESIAN_POINT ( 'NONE',  ( 152.8722439315365023, -38.48506133258189976, 8.140502076289799479E-15 ) ) ;
#56 = CARTESIAN_POINT ( 'NONE',  ( -3.123252355812537573, -37.52796893253649557, 8.441294046372883386 ) ) ;
#57 = CARTESIAN_POINT ( 'NONE',  ( -3.492835588497975596, -41.59025383495571049, 8.294608692357197555 ) ) ;
#58 = DIRECTION ( 'NONE',  ( 0.000000000000000000, 1.000000000000000000, 0.000000000000000000 ) ) ;
#59 = DIRECTION ( 'NONE',  ( -0.000000000000000000, 1.000000000000000000, -0.000000000000000000 ) ) ;
#60 = EDGE_CURVE ( 'NONE', #798, #62, #1978, .T. ) ;
#61 = DIRECTION ( 'NONE',  ( 0.000000000000000000, 0.000000000000000000, -1.000000000000000000 ) ) ;
#62 = VERTEX_POINT ( 'NONE', #5448 ) ;
#63 = CARTESIAN_POINT ( 'NONE',  ( -7.343983152636480050, -42.05000831274159623, -3.031908093309129804 ) ) ;
#64 = VERTEX_POINT ( 'NONE', #6593 ) ;
#65 = B_SPLINE_CURVE_WITH_KNOTS ( 'NONE', 3,
 ( #1994, #5479, #4977, #3217 ),
 .UNSPECIFIED., .F., .F.,
 ( 4, 4 ),
 ( 0.000000000000000000, 1.000000000000000000 ),
 .UNSPECIFIED. ) ;
#66 = CARTESIAN_POINT ( 'NONE',  ( 4.025828096541861356, -37.58250421233752547, 8.070810010918021860 ) ) ;
#67 = VECTOR ( 'NONE', #3443, 1000.000000000000000 ) ;
#68 = CARTESIAN_POINT ( 'NONE',  ( 69.65500000000000114, -58.25464714294840007, 3.513069802952424731E-14 ) ) ;
#69 = ADVANCED_FACE ( 'NONE', ( #4868 ), #5562, .T. ) ;
#70 = CARTESIAN_POINT ( 'NONE',  ( -9.180006245850039548, -42.28221066252150706, 1.123991167728281892 ) ) ;
#71 = DIRECTION ( 'NONE',  ( 0.000000000000000000, 1.000000000000000000, 0.000000000000000000 ) ) ;
#72 = CARTESIAN_POINT ( 'NONE',  ( -7.343953323228519459, -41.74792629669014588, -8.400072464069278766 ) ) ;
#73 = CARTESIAN_POINT ( 'NONE',  ( 0.5970213602212840476, -41.48887784308355009, 8.999551339373280001 ) ) ;
#74 = DIRECTION ( 'NONE',  ( 1.500332356076764948E-16, 1.000000000000000000, 0.000000000000000000 ) ) ;
#75 = CARTESIAN_POINT ( 'NONE',  ( -10.27933030265634784, -37.59741763180000618, 7.969805166824110110 ) ) ;
#76 = CARTESIAN_POINT ( 'NONE',  ( -3.672042342413504912, -41.61891558214599485, 7.620021568766750519 ) ) ;
#77 = PLANE ( 'NONE',  #54 ) ;
#78 = CARTESIAN_POINT ( 'NONE',  ( -9.180046676515619453, -41.87592484899965228, 8.399980644761390280 ) ) ;
#79 = CARTESIAN_POINT ( 'NONE',  ( 3.493117819994915774, -6.042206017371507976, -53.98290812280589535 ) ) ;
#80 = ORIENTED_EDGE ( 'NONE', *, *, #389, .T. ) ;
#81 = CARTESIAN_POINT ( 'NONE',  ( -8.995423990466706599, -42.29716037293167119, 0.2880102529082536611 ) ) ;
#82 = CARTESIAN_POINT ( 'NONE',  ( 15.97156541863510881, -36.12213918650270728, 27.34003777163790971 ) ) ;
#83 = CARTESIAN_POINT ( 'NONE',  ( 103.1449999999999960, -58.93658393131480011, 5.007450250832799374E-15 ) ) ;
#84 = CARTESIAN_POINT ( 'NONE',  ( -10.03036517604985356, -38.30041327302686227, 0.1101096365820854323 ) ) ;
#85 = CARTESIAN_POINT ( 'NONE',  ( -6.147876938766351884, -37.78113454908404378, -6.573876416473563467 ) ) ;
#86 = CARTESIAN_POINT ( 'NONE',  ( 226.6457644257074833, 4.000000000000000000, -137.7671940876994086 ) ) ;
#87 = CARTESIAN_POINT ( 'NONE',  ( 92.05009508963856035, -63.39640923772800818, -11.45470350604312770 ) ) ;
#88 = CARTESIAN_POINT ( 'NONE',  ( -5.507953323256949751, -41.64573389326320552, -8.400062261923959994 ) ) ;
#89 = CARTESIAN_POINT ( 'NONE',  ( 34.52997485881824957, -20.95902901126089901, 85.73526420871947096 ) ) ;
#90 = ORIENTED_EDGE ( 'NONE', *, *, #6157, .T. ) ;
#91 = CARTESIAN_POINT ( 'NONE',  ( 17.21383104686380960, -38.99004697956270604, -19.97068973883620302 ) ) ;
#92 = CARTESIAN_POINT ( 'NONE',  ( 189.0500498168717627, -6.042206017172766508, 19.80219901986404452 ) ) ;
#93 = CARTESIAN_POINT ( 'NONE',  ( 5.404687739659142842, -37.69950045057507992, 7.220265683609332186 ) ) ;
#94 = CARTESIAN_POINT ( 'NONE',  ( 8.208845975479109214, -42.09264638430769168, 3.691175253342235507 ) ) ;
#95 = DIRECTION ( 'NONE',  ( 0.000000000000000000, -1.000000000000000000, 0.000000000000000000 ) ) ;
#96 = CARTESIAN_POINT ( 'NONE',  ( 183.0705093214963597, -9.999999999999996447, 28.88037839950205310 ) ) ;
#97 = CARTESIAN_POINT ( 'NONE',  ( 2.047889979110036229, -41.52277654703694054, -8.768935032032757704 ) ) ;
#98 = ORIENTED_EDGE ( 'NONE', *, *, #6013, .T. ) ;
#99 = CARTESIAN_POINT ( 'NONE',  ( 3.672001702001565171, -41.89111615312410208, -0.3062856917592760020 ) ) ;
#100 = EDGE_CURVE ( 'NONE', #5798, #52, #4439, .T. ) ;
#101 = EDGE_LOOP ( 'NONE', ( #6439, #1098, #3921, #7280, #2124 ) ) ;
#102 = CYLINDRICAL_SURFACE ( 'NONE', #6827, 13.99999999999999822 ) ;
#103 = CARTESIAN_POINT ( 'NONE',  ( 16.41162694658498822, -30.44345619716053264, -29.82645136233196226 ) ) ;
#104 = CARTESIAN_POINT ( 'NONE',  ( 7.343988453265270167, -42.08122616298214780, 2.077995540172650202 ) ) ;
#105 = CARTESIAN_POINT ( 'NONE',  ( 18.37807651540333254, -41.66529919722385245, 7.862498589271644356 ) ) ;
#106 = DIRECTION ( 'NONE',  ( 1.000000000000000000, 0.000000000000000000, 0.000000000000000000 ) ) ;
#107 = CARTESIAN_POINT ( 'NONE',  ( 7.344011546507249300, -42.08122902396474529, -2.077913923010084929 ) ) ;
#108 = CARTESIAN_POINT ( 'NONE',  ( -0.2882336427030426917, -41.48877847088234461, 9.000220418553643853 ) ) ;
#109 = EDGE_CURVE ( 'NONE', #3764, #2150, #1344, .T. ) ;
#110 = CARTESIAN_POINT ( 'NONE',  ( 73.65500000000000114, -58.25464714294840007, 2.673877255218193873E-14 ) ) ;
#111 = CARTESIAN_POINT ( 'NONE',  ( 4.206858043412889714, -36.84258816647565737, 12.30246463016742986 ) ) ;
#112 = CARTESIAN_POINT ( 'NONE',  ( 5.507978988445449531, -41.90336194479514376, 3.781299771509710084 ) ) ;
#113 = CARTESIAN_POINT ( 'NONE',  ( 8.852770555387335705, -38.22615856078567020, 1.627860265662523398 ) ) ;
#114 = CARTESIAN_POINT ( 'NONE',  ( -9.180051010703030201, -41.81642451597864607, 9.179970327191989909 ) ) ;
#115 = VERTEX_POINT ( 'NONE', #3829 ) ;
#116 = CARTESIAN_POINT ( 'NONE',  ( -8.800782737120693255, -42.21805269605496846, 1.883671505581982375 ) ) ;
#117 = CARTESIAN_POINT ( 'NONE',  ( 13.96499271039302670, -31.78155597879952410, 35.21357557389210768 ) ) ;
#118 = CARTESIAN_POINT ( 'NONE',  ( 17.14853556823009839, -38.83656321495601560, -20.39179317184912676 ) ) ;
#119 = ORIENTED_EDGE ( 'NONE', *, *, #5966, .T. ) ;
#120 = CARTESIAN_POINT ( 'NONE',  ( -8.223327449181013549, -38.08196212384715551, -3.658469048074497021 ) ) ;
#121 = AXIS2_PLACEMENT_3D ( 'NONE', #2303, #5717, #4560 ) ;
#122 = CIRCLE ( 'NONE', #2081, 13.99999999999999822 ) ;
#123 = CARTESIAN_POINT ( 'NONE',  ( -12.98101139867663889, -38.31026286157674576, 1.765527266346387680 ) ) ;
#124 = CARTESIAN_POINT ( 'NONE',  ( 73.65500000000001535, -63.39640923772800818, -0.8370336954539060459 ) ) ;
#125 = CARTESIAN_POINT ( 'NONE',  ( 81.10593960824935778, -6.042206017373045412, -176.7728494354246607 ) ) ;
#126 = CARTESIAN_POINT ( 'NONE',  ( -12.69257573279303131, -9.999999999999982236, -50.16455915774985641 ) ) ;
#127 = VERTEX_POINT ( 'NONE', #3223 ) ;
#128 = CARTESIAN_POINT ( 'NONE',  ( 61.88658907630036765, -57.95386985700427118, 13.79130773228020601 ) ) ;
#129 = SURFACE_SIDE_STYLE ('',( #3195 ) ) ;
#130 = CARTESIAN_POINT ( 'NONE',  ( 8.218787738442765445, -38.08075449041361793, 3.676215814676345950 ) ) ;
#131 = CARTESIAN_POINT ( 'NONE',  ( 5.728487630522393736, -41.76636057292076032, 6.943409974946314733 ) ) ;
#132 = CARTESIAN_POINT ( 'NONE',  ( 10.15718798920410215, -37.58527682511864754, 8.050230385720977822 ) ) ;
#133 = CARTESIAN_POINT ( 'NONE',  ( 1.702720755803191377, -36.71707844872796045, 12.89514636694807947 ) ) ;
#134 = FACE_OUTER_BOUND ( 'NONE', #2022, .T. ) ;
#135 = ORIENTED_EDGE ( 'NONE', *, *, #1177, .F. ) ;
#136 = CARTESIAN_POINT ( 'NONE',  ( 1.702058427960865117E-06, -41.79055256050195055, -0.3063060960499194851 ) ) ;
#137 = DIRECTION ( 'NONE',  ( -1.500332356076764948E-16, -1.000000000000000000, 0.000000000000000000 ) ) ;
#138 = ORIENTED_EDGE ( 'NONE', *, *, #6200, .F. ) ;
#139 = CARTESIAN_POINT ( 'NONE',  ( 19.81995885809057967, -38.07662755136736621, -5.790870262238857258 ) ) ;
#140 = CARTESIAN_POINT ( 'NONE',  ( 9.180051010703000003, -41.81642451497099700, -9.179970327191989909 ) ) ;
#141 = CARTESIAN_POINT ( 'NONE',  ( 5.507998865209059680, -41.97550274140640170, 0.2042346704692374892 ) ) ;
#142 = CARTESIAN_POINT ( 'NONE',  ( 8.215097582418023237, -42.09340470310474558, -3.684679295200364635 ) ) ;
#143 = B_SPLINE_CURVE_WITH_KNOTS ( 'NONE', 3,
 ( #5305, #3571, #6563, #21, #4795, #705, #7124, #1935, #3645, #1899, #4837, #632, #2463, #5843, #130, #7085, #5992, #3536, #668, #4229, #1321, #4188, #2505, #3609, #1858, #1208, #6408, #6524, #1170, #2929, #4756, #2387, #3036, #745, #4678, #3498, #93, #593, #2424, #171, #1284, #4718, #3081, #7045, #2349, #3001, #5417, #7165, #7008, #5955, #5378, #5270, #1783, #4112, #1819, #4150, #6450, #5882, #56, #6488, #1244, #5342, #5917, #4376, #2582, #1972, #6749, #3120, #251, #5029, #1514, #6639, #6143, #933, #7247, #3840, #2543, #2656, #1479, #7283, #862, #3804, #6677, #4305, #4957, #3196, #1438, #4880, #1399, #3767, #4919, #3729, #6180, #3268, #5572, #5605, #2618, #362, #897, #2693, #4994, #324, #7352, #5457, #785, #3160, #4268, #6602, #1363, #3233, #6071, #7316, #821, #3689, #4414, #5534, #6033, #2009 ),
 .UNSPECIFIED., .F., .F.,
 ( 4, 2, 2, 2, 1, 1, 1, 2, 2, 2, 2, 1, 1, 1, 2, 2, 2, 1, 1, 1, 1, 2, 2, 2, 2, 2, 1, 1, 1, 2, 2, 2, 2, 2, 2, 1, 1, 1, 1, 1, 2, 2, 2, 2, 2, 1, 1, 1, 2, 2, 2, 1, 1, 2, 2, 2, 2, 1, 2, 2, 2, 2, 1, 1, 1, 1, 2, 2, 2, 2, 2, 2, 4 ),
 ( 0.000000000000000000, 0.06250000000000628664, 0.09375000000000939526, 0.1093750000000109357, 0.1171875000000117129, 0.1210937500000120737, 0.1230468750000122125, 0.1240234375000122263, 0.1250000000000122402, 0.1562500000000125733, 0.1718750000000128231, 0.1796875000000129619, 0.1835937500000130451, 0.1855468750000131006, 0.1865234375000131561, 0.1875000000000131839, 0.2187500000000129063, 0.2343750000000127398, 0.2421875000000126565, 0.2460937500000126288, 0.2480468750000125455, 0.2490234375000124623, 0.2500000000000123790, 0.3125000000000119349, 0.3437500000000116573, 0.3593750000000114908, 0.3671875000000114353, 0.3710937500000113798, 0.3730468750000113243, 0.3740234375000113243, 0.3750000000000112688, 0.4375000000000069389, 0.5000000000000025535, 0.5624999999999982236, 0.5937499999999960032, 0.6093749999999948930, 0.6171874999999943379, 0.6210937499999941158, 0.6230468749999938938, 0.6240234374999938938, 0.6245117187499938938, 0.6249999999999937828, 0.6874999999999917843, 0.7187499999999907851, 0.7343749999999903411, 0.7421874999999901190, 0.7460937499999900080, 0.7480468749999898970, 0.7490234374999898970, 0.7499999999999897859, 0.7812499999999906741, 0.7968749999999910072, 0.8046874999999912292, 0.8085937499999913403, 0.8124999999999913403, 0.8437499999999923395, 0.8593749999999930056, 0.8671874999999932276, 0.8710937499999933387, 0.8749999999999935607, 0.9062499999999952260, 0.9218749999999960032, 0.9296874999999964473, 0.9335937499999967804, 0.9355468749999968914, 0.9365234374999967804, 0.9370117187499968914, 0.9374999999999968914, 0.9531249999999977796, 0.9609374999999981126, 0.9648437499999982236, 0.9687499999999984457, 1.000000000000000000 ),
 .UNSPECIFIED. ) ;
#144 = CARTESIAN_POINT ( 'NONE',  ( 5.942223274042757630, -37.00363282978167234, 11.49997529799533602 ) ) ;
#145 = CARTESIAN_POINT ( 'NONE',  ( 9.180046676515591031, -41.87592484815069582, -8.399980644761390280 ) ) ;
#146 = VERTEX_POINT ( 'NONE', #4331 ) ;
#147 = CARTESIAN_POINT ( 'NONE',  ( 7.574999950213425315, -37.97166522061578320, -4.862237596133562434 ) ) ;
#148 = CARTESIAN_POINT ( 'NONE',  ( 20.36082540615130299, -32.29571161549034741, 26.62793936103274817 ) ) ;
#149 = EDGE_CURVE ( 'NONE', #3520, #7356, #6451, .T. ) ;
#150 = CARTESIAN_POINT ( 'NONE',  ( -9.307323006945081190, -37.43036402097524729, 9.078502258855328577 ) ) ;
#151 = CARTESIAN_POINT ( 'NONE',  ( -7.344038008169219367, -41.85265049074519794, 6.840011482045489366 ) ) ;
#152 = CARTESIAN_POINT ( 'NONE',  ( -6.982277095405984291, -37.88560636194748810, 5.680777981463855042 ) ) ;
#153 = CARTESIAN_POINT ( 'NONE',  ( -9.180029509733939719, -42.08224734191440319, 5.310609717123659479 ) ) ;
#154 = ADVANCED_FACE ( 'NONE', ( #5019 ), #5596, .T. ) ;
#155 = DIRECTION ( 'NONE',  ( -1.000000000000000000, 1.500332356076764948E-16, 0.000000000000000000 ) ) ;
#156 = EDGE_LOOP ( 'NONE', ( #6011, #4574, #7552, #5733 ) ) ;
#157 = CARTESIAN_POINT ( 'NONE',  ( -8.268958299573409221, -42.10348847394680405, 3.553331314965251675 ) ) ;
#158 = CARTESIAN_POINT ( 'NONE',  ( 15.98436694987217699, -36.15092913931869134, 27.27732247149945266 ) ) ;
#159 = CARTESIAN_POINT ( 'NONE',  ( 11.20863622935179293, -26.20467366309895141, -42.55445558361739700 ) ) ;
#160 = VERTEX_POINT ( 'NONE', #4403 ) ;
#161 = CARTESIAN_POINT ( 'NONE',  ( 14.32234185140182703, -32.53225671591924595, 34.03395078466920154 ) ) ;
#162 = B_SPLINE_CURVE_WITH_KNOTS ( 'NONE', 3,
 ( #1077, #1338, #4851, #5356, #7179, #5214, #1949, #2875, #7489, #1114 ),
 .UNSPECIFIED., .F., .F.,
 ( 4, 2, 2, 2, 4 ),
 ( 0.000000000000000000, 0.01622524581417373116, 0.03261851711856741248, 0.04901178842296109728, 0.06540505972735477513 ),
 .UNSPECIFIED. ) ;
#163 = CARTESIAN_POINT ( 'NONE',  ( -8.767197443539199497, -42.20836885425361373, 2.055276000542628267 ) ) ;
#164 = CARTESIAN_POINT ( 'NONE',  ( 80.74987728237677231, -63.39640923772800818, -11.45477020587406258 ) ) ;
#165 = CARTESIAN_POINT ( 'NONE',  ( -8.998887288000474882, -38.31026224233492883, 0.1470156075517272953 ) ) ;
#166 = EDGE_CURVE ( 'NONE', #6932, #486, #4653, .T. ) ;
#167 = CARTESIAN_POINT ( 'NONE',  ( -7.415906130416238362, -13.94371515320612609, 52.78106892812668605 ) ) ;
#168 = ORIENTED_EDGE ( 'NONE', *, *, #3342, .T. ) ;
#169 = DIRECTION ( 'NONE',  ( 0.000000000000000000, 0.000000000000000000, 1.000000000000000000 ) ) ;
#170 = CARTESIAN_POINT ( 'NONE',  ( 54.88684423297739556, -56.13001623236050364, -7.718497068223229677E-15 ) ) ;
#171 = CARTESIAN_POINT ( 'NONE',  ( 4.066574688018078199, -37.58805958967985106, 8.030019522340618110 ) ) ;
#172 = CARTESIAN_POINT ( 'NONE',  ( 8.987859919025478206, -42.28863064956993867, 0.4673396379131372069 ) ) ;
#173 = LINE ( 'NONE', #1323, #4752 ) ;
#174 = CARTESIAN_POINT ( 'NONE',  ( 9.000000000000000000, -42.30661100815935072, 1.086142634795535983E-15 ) ) ;
#175 = CARTESIAN_POINT ( 'NONE',  ( 4.189535021202326348, -36.85455589181348302, 12.24415785418667824 ) ) ;
#176 = CARTESIAN_POINT ( 'NONE',  ( -8.971161985275132977, -42.27780166705598930, -0.7360383012757993892 ) ) ;
#177 = CIRCLE ( 'NONE', #909, 13.99999999999999822 ) ;
#178 = ORIENTED_EDGE ( 'NONE', *, *, #7522, .F. ) ;
#179 = CARTESIAN_POINT ( 'NONE',  ( -3.671996594122520108, -41.88853499518950230, -0.6129392051477680070 ) ) ;
#180 = DIRECTION ( 'NONE',  ( 3.074555195481525416E-16, 1.000000000000000000, -5.078222490274110485E-16 ) ) ;
#181 = DIRECTION ( 'NONE',  ( -1.000000000000000000, 0.000000000000000000, 0.000000000000000000 ) ) ;
#182 = VECTOR ( 'NONE', #1001, 1000.000000000000000 ) ;
#183 = FACE_BOUND ( 'NONE', #4147, .T. ) ;
#184 = AXIS2_PLACEMENT_3D ( 'NONE', #3297, #6246, #3945 ) ;
#185 = CARTESIAN_POINT ( 'NONE',  ( -7.343998865180649815, -42.10617315432034502, -0.2042448726145680016 ) ) ;
#186 = CARTESIAN_POINT ( 'NONE',  ( 8.984023630177036424, -42.28517720078281883, -0.5382655206969407802 ) ) ;
#187 = CARTESIAN_POINT ( 'NONE',  ( 155.3202096274209225, -6.042206017375335136, -78.08795942866230178 ) ) ;
#188 = ORIENTED_EDGE ( 'NONE', *, *, #3570, .T. ) ;
#189 = CARTESIAN_POINT ( 'NONE',  ( 172.6772380009915366, -20.95902901126225260, 1.056591433571883900E-14 ) ) ;
#190 = CARTESIAN_POINT ( 'NONE',  ( -18.00000000000000000, -34.34959553575265545, 21.81000826438560125 ) ) ;
#191 = CARTESIAN_POINT ( 'NONE',  ( -0.8175395130432414614, -36.69834945636213774, 12.98140051698825737 ) ) ;
#192 = CARTESIAN_POINT ( 'NONE',  ( -9.180038008140789074, -41.98503258812255012, 6.840001279900169706 ) ) ;
#193 = CARTESIAN_POINT ( 'NONE',  ( -7.338142100775272958, -37.93587735178976317, 5.212775514350373562 ) ) ;
#194 = CARTESIAN_POINT ( 'NONE',  ( 7.343994890303441103, -42.10820886422099107, 0.9195723142456089239 ) ) ;
#195 = CARTESIAN_POINT ( 'NONE',  ( -9.180021011327090363, -42.16513681441784911, 3.781218154347139926 ) ) ;
#196 = ORIENTED_EDGE ( 'NONE', *, *, #5351, .T. ) ;
#197 = CARTESIAN_POINT ( 'NONE',  ( 139.3785805727098648, -6.042206017375247207, 89.52782699229379659 ) ) ;
#198 = CARTESIAN_POINT ( 'NONE',  ( 16.89986370980548358, -38.25188674049947224, 22.11894236640421951 ) ) ;
#199 = CARTESIAN_POINT ( 'NONE',  ( 85.35719728723977084, -6.042206017414779140, 98.92733719604537157 ) ) ;
#200 = ADVANCED_FACE ( 'NONE', ( #6170 ), #5648, .T. ) ;
#201 = CARTESIAN_POINT ( 'NONE',  ( 8.852770555366737071, -38.22615856078108010, 1.627860265738776624 ) ) ;
#202 = CARTESIAN_POINT ( 'NONE',  ( 13.97376852538328151, -31.79990741790073727, 35.18533369962047885 ) ) ;
#203 = CARTESIAN_POINT ( 'NONE',  ( 7.146293724169524353, -41.92985739883884833, 5.478964201216740548 ) ) ;
#204 = CARTESIAN_POINT ( 'NONE',  ( 5.242742583169861526, -41.71982075942381840, -7.316815523877573391 ) ) ;
#205 = CARTESIAN_POINT ( 'NONE',  ( -18.00000000000000000, -38.31026286157670313, 0.1470188481355287902 ) ) ;
#206 = CARTESIAN_POINT ( 'NONE',  ( 54.50145287833833407, -56.13001623236041127, 17.94620426087494991 ) ) ;
#207 = VERTEX_POINT ( 'NONE', #3259 ) ;
#208 = CARTESIAN_POINT ( 'NONE',  ( 96.11412129959387585, -58.93658393131474327, 16.84832778263185915 ) ) ;
#209 = CARTESIAN_POINT ( 'NONE',  ( 103.1449999999999960, -58.93658393131480011, 2.050671065172235212E-15 ) ) ;
#210 = EDGE_CURVE ( 'NONE', #5798, #5235, #3066, .T. ) ;
#211 = FACE_OUTER_BOUND ( 'NONE', #2568, .T. ) ;
#212 = CARTESIAN_POINT ( 'NONE',  ( 8.954490081669785440, -42.26981328303452301, 0.9039518935460394422 ) ) ;
#213 = CARTESIAN_POINT ( 'NONE',  ( 86.40000000000000568, -58.93658393131480722, 0.000000000000000000 ) ) ;
#214 = VECTOR ( 'NONE', #7115, 1000.000000000000000 ) ;
#215 = CARTESIAN_POINT ( 'NONE',  ( 6.314727711776200181, -37.04207132722000040, 11.30076636471685703 ) ) ;
#216 = CARTESIAN_POINT ( 'NONE',  ( 20.36082540615130299, -26.96475769767874908, 35.57686982298324807 ) ) ;
#217 = CARTESIAN_POINT ( 'NONE',  ( 6.245992168675559985E-06, -41.78975016829365074, -1.124042178454895957 ) ) ;
#218 = CARTESIAN_POINT ( 'NONE',  ( 5.438107932617697315, -37.70565844076584483, -7.172511647817031211 ) ) ;
#219 = CARTESIAN_POINT ( 'NONE',  ( 1.920595993667337353, -8.683033718084871566, 57.11476923347311185 ) ) ;
#220 = CARTESIAN_POINT ( 'NONE',  ( 5.907016022951160572, -10.42686351638978337, -51.20485752041883387 ) ) ;
#221 = CARTESIAN_POINT ( 'NONE',  ( 5.907016022951160572, -10.42686351638978337, -51.20485752041883387 ) ) ;
#222 = CARTESIAN_POINT ( 'NONE',  ( -9.180003405678480277, -42.30370947905574752, 0.6128677901305089604 ) ) ;
#223 = CARTESIAN_POINT ( 'NONE',  ( 5.884032106336664292, -41.77835762512044226, -6.843723780850309524 ) ) ;
#224 = CARTESIAN_POINT ( 'NONE',  ( -12.67665810459535791, -38.14790406447106363, 2.818446098710394754 ) ) ;
#225 = ORIENTED_EDGE ( 'NONE', *, *, #6869, .F. ) ;
#226 = B_SPLINE_CURVE_WITH_KNOTS ( 'NONE', 3,
 ( #6709, #1970, #6107, #6637, #1549, #1436, #1474, #6178, #360, #5064, #6215, #6141, #5570, #2654, #5495, #3726, #3265, #4410, #3302, #1512, #6069, #5642, #5027, #3194, #2007, #395, #2727, #4339, #819, #5603, #3156, #7349, #2116, #5532, #249, #2579, #4916, #7244, #4447, #6675, #3765, #895, #2616, #2043, #1691, #2298, #2913, #580, #3409, #2221, #1080, #4483, #3338, #2798, #3486, #4024, #1586, #4556, #6360, #6887, #1655, #6853, #5142, #7453, #3450, #3987, #1117, #3951, #7493, #6321, #7413, #2879, #1041, #2186, #5751, #2839, #465, #5676, #3913, #1729, #4627, #5218, #4062, #3374, #7533, #4520, #1155, #504, #430, #2762, #5789, #5102, #1622, #5829, #2262, #7382, #541, #6286, #5713, #6957, #6818, #2151, #5179, #4593, #6396, #6923, #6252, #1006, #5366, #654, #4099, #4255, #4823, #731, #2372, #157, #6590, #4705, #1350, #3556, #3674, #5943, #4215, #3024, #6436, #6473, #116, #5903, #2952, #7031, #5290, #6549, #4175, #2488, #42, #7111, #1924, #5866, #692, #3068, #7072, #6021, #3633, #617, #1230, #2335, #1882, #1195, #6510, #2410, #1807, #4134, #4743, #2987, #5330, #81, #5253, #772, #1845, #1268, #3596, #2450 ),
 .UNSPECIFIED., .F., .F.,
 ( 4, 2, 1, 1, 1, 2, 2, 2, 1, 1, 1, 2, 2, 2, 1, 1, 2, 2, 2, 2, 1, 1, 2, 2, 2, 2, 1, 2, 2, 2, 1, 1, 1, 1, 2, 2, 2, 2, 2, 1, 1, 1, 1, 2, 2, 2, 2, 2, 2, 1, 1, 1, 1, 2, 2, 2, 2, 2, 1, 1, 1, 2, 2, 2, 1, 1, 1, 1, 2, 2, 2, 2, 1, 1, 1, 2, 2, 2, 2, 1, 1, 2, 2, 2, 1, 1, 1, 1, 1, 2, 2, 2, 2, 1, 1, 2, 2, 2, 1, 1, 2, 2, 4 ),
 ( 0.000000000000000000, 0.007812500000001309716, 0.01171875000000196371, 0.01367187500000227769, 0.01464843750000241474, 0.01513671875000246678, 0.01562500000000251882, 0.02343750000000324740, 0.02734375000000363598, 0.02929687500000382680, 0.03027343750000393088, 0.03076171875000399333, 0.03125000000000405925, 0.04687500000000616174, 0.05468750000000724421, 0.05859375000000775768, 0.06054687500000801442, 0.06250000000000827116, 0.09375000000001174061, 0.1093750000000134476, 0.1171875000000143080, 0.1210937500000147521, 0.1230468750000149603, 0.1250000000000151823, 0.1562500000000178468, 0.1718750000000192069, 0.1796875000000199285, 0.1835937500000203171, 0.1875000000000206779, 0.2187500000000238143, 0.2343750000000253686, 0.2421875000000261735, 0.2460937500000265621, 0.2480468750000268119, 0.2490234375000269507, 0.2500000000000270894, 0.3125000000000365263, 0.3437500000000411893, 0.3593750000000434097, 0.3671875000000445755, 0.3710937500000451306, 0.3730468750000454636, 0.3740234375000456302, 0.3745117187500456857, 0.3750000000000457412, 0.4375000000000422995, 0.5000000000000388578, 0.5625000000000353051, 0.5937500000000336398, 0.6093750000000326406, 0.6171875000000321965, 0.6210937500000319744, 0.6230468750000318634, 0.6240234375000317524, 0.6250000000000317524, 0.6875000000000274225, 0.7187500000000252021, 0.7343750000000240918, 0.7421875000000235367, 0.7460937500000233147, 0.7480468750000232037, 0.7490234375000230926, 0.7500000000000229816, 0.7812500000000218714, 0.7968750000000212053, 0.8046875000000209832, 0.8085937500000208722, 0.8105468750000207612, 0.8115234375000206501, 0.8125000000000206501, 0.8437500000000188738, 0.8593750000000180966, 0.8671875000000176525, 0.8710937500000175415, 0.8730468750000174305, 0.8740234375000174305, 0.8750000000000173195, 0.9062500000000125455, 0.9218750000000102141, 0.9296875000000089928, 0.9335937500000084377, 0.9355468750000082157, 0.9375000000000079936, 0.9531250000000061062, 0.9609375000000052180, 0.9648437500000047740, 0.9667968750000045519, 0.9677734375000043299, 0.9682617187500043299, 0.9685058593750043299, 0.9687500000000044409, 0.9726562500000043299, 0.9746093750000043299, 0.9755859375000042188, 0.9760742187500042188, 0.9763183593750041078, 0.9765625000000041078, 0.9843750000000026645, 0.9882812500000019984, 0.9902343750000016653, 0.9912109375000015543, 0.9921875000000013323, 1.000000000000000000 ),
 .UNSPECIFIED. ) ;
#227 = CARTESIAN_POINT ( 'NONE',  ( 3.999473945978261114, -37.58276873756395275, -8.068007972714877241 ) ) ;
#228 = CARTESIAN_POINT ( 'NONE',  ( -18.00000000000000000, -38.31026286157670313, -0.1470188481355378107 ) ) ;
#229 = B_SPLINE_CURVE_WITH_KNOTS ( 'NONE', 3,
 ( #4545, #1071, #6390, #3098, #2442, #1952, #5895, #5359, #4287, #6619 ),
 .UNSPECIFIED., .F., .F.,
 ( 4, 2, 2, 2, 4 ),
 ( 0.000000000000000000, 0.01622524581417373116, 0.03261851711856741248, 0.04901178842296109728, 0.06540505972735477513 ),
 .UNSPECIFIED. ) ;
#230 = CARTESIAN_POINT ( 'NONE',  ( -9.180006245850039548, -42.28221066252150706, 1.123991167728281892 ) ) ;
#231 = CARTESIAN_POINT ( 'NONE',  ( -4.680107254176164133, -37.63600161727002558, 7.688870018022953445 ) ) ;
#232 = CIRCLE ( 'NONE', #5609, 20.00000000000000000 ) ;
#233 = CARTESIAN_POINT ( 'NONE',  ( 9.179988453236822110, -42.24575219287114436, 2.078005742317974747 ) ) ;
#234 = VECTOR ( 'NONE', #5545, 1000.000000000000000 ) ;
#235 = CARTESIAN_POINT ( 'NONE',  ( 9.179957657387472381, -41.93204332868869955, 7.620092983783989027 ) ) ;
#236 = ORIENTED_EDGE ( 'NONE', *, *, #2117, .F. ) ;
#237 = CARTESIAN_POINT ( 'NONE',  ( 14.30823170195487570, -6.042206017375215232, 74.99800883999863288 ) ) ;
#238 = CARTESIAN_POINT ( 'NONE',  ( 17.38718143935848204, -39.40119164923010686, 18.56186767230859047 ) ) ;
#239 = CARTESIAN_POINT ( 'NONE',  ( 11.01078471152063187, -25.81567111082258137, -42.99334739550130280 ) ) ;
#240 = DIRECTION ( 'NONE',  ( 0.000000000000000000, 1.000000000000000000, 0.000000000000000000 ) ) ;
#241 = CARTESIAN_POINT ( 'NONE',  ( 14.14875501737918917, -32.16670624550411617, 34.61468393907063046 ) ) ;
#242 = CARTESIAN_POINT ( 'NONE',  ( 7.649234699537918125, -42.00108123383073178, 4.751394345857002932 ) ) ;
#243 = CARTESIAN_POINT ( 'NONE',  ( 1.901921713176145667, -41.51854192446743497, -8.797994893842465913 ) ) ;
#244 = CARTESIAN_POINT ( 'NONE',  ( 18.33893971436015136, -34.67225479754897322, 20.24001009770658754 ) ) ;
#245 = CARTESIAN_POINT ( 'NONE',  ( 85.35719728723940136, -6.042206017369100124, 98.92733719608149556 ) ) ;
#246 = EDGE_CURVE ( 'NONE', #1435, #7356, #605, .T. ) ;
#247 = VERTEX_POINT ( 'NONE', #3980 ) ;
#248 = VECTOR ( 'NONE', #6043, 1000.000000000000000 ) ;
#249 = CARTESIAN_POINT ( 'NONE',  ( 8.343697354262111787, -42.11737122974327718, 3.373887220864923986 ) ) ;
#250 = CARTESIAN_POINT ( 'NONE',  ( -18.00000000000000000, -37.24753809675054583, -11.41428795664993778 ) ) ;
#251 = CARTESIAN_POINT ( 'NONE',  ( -5.271900576053139886, -37.68941228425163814, 7.301461827237147872 ) ) ;
#252 = CARTESIAN_POINT ( 'NONE',  ( 7.051750021856650896, -41.91732078302690212, 5.594151774190358140 ) ) ;
#253 = CARTESIAN_POINT ( 'NONE',  ( 18.37388121401234287, -41.65177247672391303, -7.870677005713567986 ) ) ;
#254 = CARTESIAN_POINT ( 'NONE',  ( 6.861647359527117906, -37.10311734398569428, 10.97740196900454634 ) ) ;
#255 = CARTESIAN_POINT ( 'NONE',  ( 12.65744595625910662, -38.31026286157671024, 3.416325691046326440 ) ) ;
#256 = ADVANCED_FACE ( 'NONE', ( #6278 ), #1647, .F. ) ;
#257 = CARTESIAN_POINT ( 'NONE',  ( 8.999999999999991118, -39.64145406821407391, -1.888183232402019824E-14 ) ) ;
#258 = CARTESIAN_POINT ( 'NONE',  ( 5.549445766264612168, -37.71684275709621659, -7.086973741476975341 ) ) ;
#259 = PLANE ( 'NONE',  #3874 ) ;
#260 = CARTESIAN_POINT ( 'NONE',  ( 3.493117819994089768, -6.042206017370068238, 53.98290812280625772 ) ) ;
#261 = CARTESIAN_POINT ( 'NONE',  ( -71.46669839058749574, -6.042206017375298721, -137.7671940876994086 ) ) ;
#262 = CARTESIAN_POINT ( 'NONE',  ( 7.344001134591879421, -42.10616211150964716, -0.2041632554519949849 ) ) ;
#263 = CARTESIAN_POINT ( 'NONE',  ( 8.975250954852917573, -42.28044958681199716, -0.6669865514979079757 ) ) ;
#264 = CARTESIAN_POINT ( 'NONE',  ( -8.354094056823051062, -37.29541627444004348, 9.899628824149717232 ) ) ;
#265 = EDGE_CURVE ( 'NONE', #1959, #3184, #3586, .T. ) ;
#266 = ADVANCED_FACE ( 'NONE', ( #6812 ), #3657, .F. ) ;
#267 = ORIENTED_EDGE ( 'NONE', *, *, #3159, .F. ) ;
#268 = CARTESIAN_POINT ( 'NONE',  ( -5.241330683352900088, -37.68597157950586052, -7.322236040492172471 ) ) ;
#269 = CARTESIAN_POINT ( 'NONE',  ( 20.05280746892552557, -38.25336836445664801, 1.364933239713198354 ) ) ;
#270 = CARTESIAN_POINT ( 'NONE',  ( 3.671996594122490354, -41.88853499550050685, 0.6129392051477599024 ) ) ;
#271 = CARTESIAN_POINT ( 'NONE',  ( -8.497590445325776898, -38.13449808909702199, 3.022752665369545344 ) ) ;
#272 = CARTESIAN_POINT ( 'NONE',  ( 9.179978988388580063, -42.16512765717559574, 3.781320175800355177 ) ) ;
#273 = ORIENTED_EDGE ( 'NONE', *, *, #6513, .T. ) ;
#274 = CARTESIAN_POINT ( 'NONE',  ( -1.670160028345172076, -38.31026286157675287, 12.93934712255603081 ) ) ;
#275 = DIRECTION ( 'NONE',  ( -1.000000000000000000, 1.375504646362802246E-16, 0.000000000000000000 ) ) ;
#276 = DIRECTION ( 'NONE',  ( -0.000000000000000000, 1.000000000000000000, -0.000000000000000000 ) ) ;
#277 = CARTESIAN_POINT ( 'NONE',  ( -10.99072044207001575, -38.30149564127399486, 0.08280630144122290426 ) ) ;
#278 = CARTESIAN_POINT ( 'NONE',  ( 13.99332159376455564, -31.84081099052080788, 35.12227785988979178 ) ) ;
#279 = B_SPLINE_SURFACE_WITH_KNOTS ( 'NONE', 3, 1, ( 
 ( #2575, #4299 ),
 ( #816, #6743 ),
 ( #5599, #4912 ),
 ( #7277, #1966 ) ),
 .UNSPECIFIED., .F., .F., .F.,
 ( 4, 4 ),
 ( 2, 2 ),
 ( 0.000000000000000000, 1.000000000000000000 ),
 ( 0.000000000000000000, 1.000000000000000000 ),
 .UNSPECIFIED. ) ;
#280 = CARTESIAN_POINT ( 'NONE',  ( 8.941583322736942563, -42.26380652048655406, 1.027662312989357840 ) ) ;
#281 = CARTESIAN_POINT ( 'NONE',  ( 0.2882336428184394395, -41.48877847088088089, -9.000220418563477764 ) ) ;
#282 = SURFACE_SIDE_STYLE ('',( #6065 ) ) ;
#283 = CARTESIAN_POINT ( 'NONE',  ( 152.8722439315372696, -38.48506133258121054, 39.26475813504517731 ) ) ;
#284 = ORIENTED_EDGE ( 'NONE', *, *, #1014, .F. ) ;
#285 = CARTESIAN_POINT ( 'NONE',  ( -12.62887738417395767, -38.31026286157675287, 3.453411729463770286 ) ) ;
#286 = CARTESIAN_POINT ( 'NONE',  ( 20.34536719873065280, -38.09024766049640220, -5.834977158582510093 ) ) ;
#287 = CARTESIAN_POINT ( 'NONE',  ( -13.15518455823439936, -37.58412590509600193, 8.970993739684610446 ) ) ;
#288 =( NAMED_UNIT ( * ) PLANE_ANGLE_UNIT ( ) SI_UNIT ( $, .RADIAN. ) );
#289 = CARTESIAN_POINT ( 'NONE',  ( 99.14500000000001023, -64.66763823405520384, -2.673877255218193873E-14 ) ) ;
#290 = B_SPLINE_CURVE_WITH_KNOTS ( 'NONE', 2,
 ( #7318, #6073, #5536 ),
 .UNSPECIFIED., .F., .F.,
 ( 3, 3 ),
 ( 0.000000000000000000, 1.000000000000000000 ),
 .UNSPECIFIED. ) ;
#291 = CARTESIAN_POINT ( 'NONE',  ( 4.788635267206620583, -36.89967327051947876, 12.02343683619337966 ) ) ;
#292 = CARTESIAN_POINT ( 'NONE',  ( 20.36082540615130299, -34.34959553575265545, 21.81000826438560125 ) ) ;
#293 = ORIENTED_EDGE ( 'NONE', *, *, #6663, .F. ) ;
#294 = CARTESIAN_POINT ( 'NONE',  ( 7.344051010731440066, -41.69037129700890176, -9.179980529337310458 ) ) ;
#295 = CARTESIAN_POINT ( 'NONE',  ( 7.571295132275923656, -37.97140474001079724, -4.865878666759186011 ) ) ;
#296 = CARTESIAN_POINT ( 'NONE',  ( -12.69257573279303131, 4.000000000000000000, -50.16455915774985641 ) ) ;
#297 = CYLINDRICAL_SURFACE ( 'NONE', #4503, 16.74499999999999744 ) ;
#298 = ADVANCED_FACE ( 'NONE', ( #4240 ), #5509, .T. ) ;
#299 = DIRECTION ( 'NONE',  ( 0.000000000000000000, 0.000000000000000000, -1.000000000000000000 ) ) ;
#300 = CARTESIAN_POINT ( 'NONE',  ( -3.326287981067786337, -41.58072984647842674, -8.362917798917514745 ) ) ;
#301 = CARTESIAN_POINT ( 'NONE',  ( -2.401166821657549022, -36.75609277997703828, 12.71330896170666946 ) ) ;
#302 = VERTEX_POINT ( 'NONE', #3739 ) ;
#303 = EDGE_CURVE ( 'NONE', #2159, #4409, #2514, .T. ) ;
#304 = FACE_OUTER_BOUND ( 'NONE', #3970, .T. ) ;
#305 = AXIS2_PLACEMENT_3D ( 'NONE', #5667, #5523, #3753 ) ;
#306 = CARTESIAN_POINT ( 'NONE',  ( -8.984023630071726885, -42.28517783086861925, 0.5382655224542636230 ) ) ;
#307 = ADVANCED_FACE ( 'NONE', ( #1829 ), #102, .F. ) ;
#308 = CARTESIAN_POINT ( 'NONE',  ( 9.180001701916260970, -42.31469916670599929, -0.3062550853233114712 ) ) ;
#309 = CARTESIAN_POINT ( 'NONE',  ( 3.213225714577605530, -37.53238910829967523, 8.411982799963279689 ) ) ;
#310 = CARTESIAN_POINT ( 'NONE',  ( -5.508005109497530860, -41.97117035294004950, 0.9195008992283579818 ) ) ;
#311 = ORIENTED_EDGE ( 'NONE', *, *, #4874, .F. ) ;
#312 = CARTESIAN_POINT ( 'NONE',  ( 11.27473573221854330, -6.042206017375217009, 71.95858046739766678 ) ) ;
#313 = CYLINDRICAL_SURFACE ( 'NONE', #4458, 6.000000000000005329 ) ;
#314 = DIRECTION ( 'NONE',  ( 0.000000000000000000, 0.000000000000000000, -1.000000000000000000 ) ) ;
#315 = CARTESIAN_POINT ( 'NONE',  ( 168.6581619331846866, -8.719312995565905666, 51.01117278185919446 ) ) ;
#316 = CARTESIAN_POINT ( 'NONE',  ( 11.39363513528242500, -26.56942381537231057, 42.13643739802350296 ) ) ;
#317 = FACE_OUTER_BOUND ( 'NONE', #2670, .T. ) ;
#318 = CARTESIAN_POINT ( 'NONE',  ( 7.807794425829713170, -42.02388257872164701, -4.515217783712149213 ) ) ;
#319 = CARTESIAN_POINT ( 'NONE',  ( -12.99019127455882128, -38.31026286157670313, 1.771200161839229681 ) ) ;
#320 = CARTESIAN_POINT ( 'NONE',  ( 46.43677164677047386, -38.48506133258121054, 66.05468056303826074 ) ) ;
#321 = ORIENTED_EDGE ( 'NONE', *, *, #4124, .F. ) ;
#322 = CARTESIAN_POINT ( 'NONE',  ( -8.998887288000474882, -38.31026224233492883, 0.1470156075517272953 ) ) ;
#323 = CARTESIAN_POINT ( 'NONE',  ( -9.000000000000017764, -42.29661790959588785, 0.2975081859865764677 ) ) ;
#324 = CARTESIAN_POINT ( 'NONE',  ( -8.773354225686084362, -38.20302379518549429, 2.007577097924224674 ) ) ;
#325 = B_SPLINE_CURVE_WITH_KNOTS ( 'NONE', 3,
 ( #4101, #5791, #44, #3989, #5220, #2374, #1809, #5831, #2915, #5255, #6997, #6475, #6324, #9, #619, #4667, #4558, #1082, #6438, #1232, #3558, #3411, #1769, #1197, #5905, #2841, #656, #5753, #506, #2264, #4908, #3754, #774, #239, #4745, #2452, #1352, #7235, #159, #1999, #5982, #2412, #6551, #7074, #4330, #1884, #7154, #4296, #811, #5524, #6667, #4257, #2490, #3598, #5485, #1847, #3716, #3108, #1427, #3676, #4177, #2571, #3146, #6097, #1270, #848, #1390, #2530, #733, #118, #3187, #1962, #6512, #3070, #5945, #694, #6060, #3026, #6023, #5368, #4784, #7192, #4825, #6629, #7113 ),
 .UNSPECIFIED., .F., .F.,
 ( 4, 2, 2, 1, 1, 1, 1, 1, 2, 2, 2, 2, 1, 1, 1, 1, 1, 2, 2, 2, 2, 1, 1, 1, 1, 1, 2, 2, 2, 2, 1, 1, 1, 1, 1, 2, 2, 2, 2, 1, 1, 1, 1, 2, 2, 2, 2, 1, 1, 1, 2, 2, 2, 2, 2, 4 ),
 ( 0.000000000000000000, 0.06250000000000145717, 0.09375000000000213718, 0.1093750000000024009, 0.1171875000000026090, 0.1210937500000026923, 0.1230468750000026645, 0.1240234375000025396, 0.1245117187500025951, 0.1250000000000026368, 0.1875000000000063283, 0.2187500000000081601, 0.2343750000000091038, 0.2421875000000094647, 0.2460937500000097700, 0.2480468750000099920, 0.2490234375000101030, 0.2495117187500101863, 0.2500000000000102696, 0.3125000000000065503, 0.3437500000000047184, 0.3593750000000037748, 0.3671875000000034417, 0.3710937500000033307, 0.3730468750000032752, 0.3740234375000031086, 0.3745117187500031086, 0.3750000000000031086, 0.4374999999999846234, 0.4687499999999753530, 0.4843749999999708566, 0.4921874999999687472, 0.4960937499999677480, 0.4980468749999673039, 0.4990234374999673039, 0.4995117187499670819, 0.4999999999999668598, 0.5624999999999655831, 0.5937499999999650280, 0.6093749999999646949, 0.6171874999999644729, 0.6210937499999643618, 0.6230468749999644729, 0.6240234374999644729, 0.6249999999999644729, 0.6874999999999710232, 0.7187499999999744649, 0.7343749999999761302, 0.7421874999999769074, 0.7460937499999772404, 0.7480468749999773515, 0.7499999999999774625, 0.8124999999999832356, 0.8437499999999860112, 0.8749999999999888978, 1.000000000000000000 ),
 .UNSPECIFIED. ) ;
#326 = CARTESIAN_POINT ( 'NONE',  ( -10.98554303539359900, -38.30149091368404157, 0.08292593408163023705 ) ) ;
#327 = CARTESIAN_POINT ( 'NONE',  ( 17.42811531126366376, -39.49829469174014207, -18.22808950683836215 ) ) ;
#328 = CARTESIAN_POINT ( 'NONE',  ( 150.9507284234697693, -6.042206017414793351, 83.22540039603180162 ) ) ;
#329 = CARTESIAN_POINT ( 'NONE',  ( -18.00000000000000000, -23.68619686104764810, 39.70994965335955840 ) ) ;
#330 = ORIENTED_EDGE ( 'NONE', *, *, #3719, .T. ) ;
#331 = CARTESIAN_POINT ( 'NONE',  ( 7.344038008169199827, -41.85265049061969478, -6.840011482045489366 ) ) ;
#332 = CARTESIAN_POINT ( 'NONE',  ( -3.428983993254118179, -37.54581811781446987, -8.321185590383569419 ) ) ;
#333 = DIRECTION ( 'NONE',  ( -0.000000000000000000, 1.000000000000000000, 0.000000000000000000 ) ) ;
#334 = DIRECTION ( 'NONE',  ( 0.000000000000000000, 1.000000000000000000, 0.000000000000000000 ) ) ;
#335 = CARTESIAN_POINT ( 'NONE',  ( 99.14500000000001023, -58.25464714294840007, -1.258898010333431831E-14 ) ) ;
#336 = CARTESIAN_POINT ( 'NONE',  ( -6.047590598862250921, -41.79917675026745627, -6.665878459758835639 ) ) ;
#337 = CARTESIAN_POINT ( 'NONE',  ( 0.4580886170879694963, -36.70831670302175098, 12.93521553235870414 ) ) ;
#338 = ORIENTED_EDGE ( 'NONE', *, *, #4124, .T. ) ;
#339 = ADVANCED_FACE ( 'NONE', ( #2395 ), #4765, .F. ) ;
#340 = FACE_OUTER_BOUND ( 'NONE', #6456, .T. ) ;
#341 =( LENGTH_UNIT ( ) NAMED_UNIT ( * ) SI_UNIT ( .MILLI., .METRE. ) );
#342 = ORIENTED_EDGE ( 'NONE', *, *, #4001, .F. ) ;
#343 = CARTESIAN_POINT ( 'NONE',  ( -3.405820646415295385E-06, -41.79101289185604884, 0.6129188008571170299 ) ) ;
#344 = CARTESIAN_POINT ( 'NONE',  ( -2.341796299286712291, -41.53137451156458582, -8.710120429396322805 ) ) ;
#345 = CARTESIAN_POINT ( 'NONE',  ( -7.344011546507279498, -42.08122902362369899, 2.077913923010080044 ) ) ;
#346 = EDGE_CURVE ( 'NONE', #5769, #3884, #974, .T. ) ;
#347 = VERTEX_POINT ( 'NONE', #4314 ) ;
#348 = CARTESIAN_POINT ( 'NONE',  ( 1.714049004257521824, -38.31026286157675287, 12.93329942173999569 ) ) ;
#349 = CARTESIAN_POINT ( 'NONE',  ( 0.000000000000000000, 4.000000000000000000, -131.7671940876994086 ) ) ;
#350 = CARTESIAN_POINT ( 'NONE',  ( 220.6457644257074833, 4.000000000000000000, 0.000000000000000000 ) ) ;
#351 = CARTESIAN_POINT ( 'NONE',  ( 8.922277136221051563, -38.25049303575359261, 1.190057580891046962 ) ) ;
#352 = CARTESIAN_POINT ( 'NONE',  ( 5.241343337348955522, -14.83785961726808011, 52.91645301878393326 ) ) ;
#353 = VECTOR ( 'NONE', #6362, 1000.000000000000000 ) ;
#354 = CARTESIAN_POINT ( 'NONE',  ( -11.26814090712173133, -37.78929520479686488, 6.538015201689841405 ) ) ;
#355 = CARTESIAN_POINT ( 'NONE',  ( 20.13201909064075323, -38.30748449334880235, -0.07350728171799320032 ) ) ;
#356 = CARTESIAN_POINT ( 'NONE',  ( 188.2212584910846829, -6.042206017375316485, -21.91246271644273591 ) ) ;
#357 = DIRECTION ( 'NONE',  ( 1.500332356076764948E-16, 1.000000000000000000, 0.000000000000000000 ) ) ;
#358 = EDGE_CURVE ( 'NONE', #3520, #3383, #7520, .T. ) ;
#359 = ORIENTED_EDGE ( 'NONE', *, *, #2586, .T. ) ;
#360 = CARTESIAN_POINT ( 'NONE',  ( 8.989467599091867100, -42.28991149278148498, 0.4353086825408957750 ) ) ;
#361 = CARTESIAN_POINT ( 'NONE',  ( -2.328825306269830087, -41.53351650630619218, 8.694801021844867250 ) ) ;
#362 = CARTESIAN_POINT ( 'NONE',  ( -8.625218012201894879, -38.16541251853674055, 2.574319805237800463 ) ) ;
#363 = CARTESIAN_POINT ( 'NONE',  ( 0.4875835940445566452, -6.042206017375280069, -58.61996200337880225 ) ) ;
#364 = CARTESIAN_POINT ( 'NONE',  ( 226.6457644257073980, -6.042206017375249871, 137.9613978004091734 ) ) ;
#365 = CARTESIAN_POINT ( 'NONE',  ( 5.109582799404299976E-06, -41.79199488318105438, -0.9195315056643299512 ) ) ;
#366 = VERTEX_POINT ( 'NONE', #1909 ) ;
#367 = CARTESIAN_POINT ( 'NONE',  ( 171.6944912298132806, -9.999999999999996447, 53.88982645011238759 ) ) ;
#368 = CARTESIAN_POINT ( 'NONE',  ( -6.056329477001126449, -37.77067497242944683, -6.657898941862097075 ) ) ;
#369 = B_SPLINE_CURVE_WITH_KNOTS ( 'NONE', 3,
 ( #6865, #1635, #3389, #5728 ),
 .UNSPECIFIED., .F., .F.,
 ( 4, 4 ),
 ( 1.398578778534940505E-17, 0.005038514492241409105 ),
 .UNSPECIFIED. ) ;
#370 = CARTESIAN_POINT ( 'NONE',  ( 3.225185894857590441, -11.09116778369216583, 55.57883730838425862 ) ) ;
#371 = CARTESIAN_POINT ( 'NONE',  ( -12.69257573279303131, -6.042206017375272964, -50.16455915774985641 ) ) ;
#372 = CARTESIAN_POINT ( 'NONE',  ( 13.46096870725145145, -24.51945450749686017, 38.36958820945087467 ) ) ;
#373 = AXIS2_PLACEMENT_3D ( 'NONE', #4407, #6780, #5710 ) ;
#374 = CARTESIAN_POINT ( 'NONE',  ( -8.208845976533954314, -42.09264638450778051, -3.691175250985485157 ) ) ;
#375 = CARTESIAN_POINT ( 'NONE',  ( -1.453193699543083417, -36.72527420606240867, 12.85687936050983993 ) ) ;
#376 = ORIENTED_EDGE ( 'NONE', *, *, #3614, .T. ) ;
#377 = CARTESIAN_POINT ( 'NONE',  ( -1.154662100978626087E-05, -41.78218312135540202, 2.077954731591364901 ) ) ;
#378 = CARTESIAN_POINT ( 'NONE',  ( 139.1842759379911740, -47.26221975847450096, 6.464209457277149827E-15 ) ) ;
#379 = APPLICATION_PROTOCOL_DEFINITION ( 'draft international standard', 'automotive_design', 1998, #6254 ) ;
#380 = CARTESIAN_POINT ( 'NONE',  ( -1.702058459057765057E-06, -41.79055256047669786, 0.3063060960499109919 ) ) ;
#381 = CARTESIAN_POINT ( 'NONE',  ( -8.923586778527223373, -42.25644038533611990, -1.173651834082679812 ) ) ;
#382 = CARTESIAN_POINT ( 'NONE',  ( -9.179996594037220348, -42.30370506481104798, -0.6129698115837330930 ) ) ;
#383 = ORIENTED_EDGE ( 'NONE', *, *, #4084, .T. ) ;
#384 = CARTESIAN_POINT ( 'NONE',  ( -0.001283415555043834018, 11.74493434166574168, -0.06168758558244399198 ) ) ;
#385 = FACE_OUTER_BOUND ( 'NONE', #894, .T. ) ;
#386 = FACE_OUTER_BOUND ( 'NONE', #3790, .T. ) ;
#387 = AXIS2_PLACEMENT_3D ( 'NONE', #7273, #7194, #240 ) ;
#388 = CARTESIAN_POINT ( 'NONE',  ( -7.073756487508631174, -37.89816453837202914, 5.566429104886625012 ) ) ;
#389 = EDGE_CURVE ( 'NONE', #1089, #2136, #2270, .T. ) ;
#390 = DIRECTION ( 'NONE',  ( 0.000000000000000000, -5.078222490274110485E-16, -1.000000000000000000 ) ) ;
#391 = CARTESIAN_POINT ( 'NONE',  ( -4.259443137613194708, -6.042206017373009885, 0.000000000000000000 ) ) ;
#392 = CARTESIAN_POINT ( 'NONE',  ( -18.00000000000000000, -9.999999999999982236, -37.20958915979684889 ) ) ;
#393 = CARTESIAN_POINT ( 'NONE',  ( 0.4875835940452989958, -6.042206017375179705, 137.9613978004092019 ) ) ;
#394 = VERTEX_POINT ( 'NONE', #3091 ) ;
#395 = CARTESIAN_POINT ( 'NONE',  ( 8.833977851277991178, -42.22739161745046488, 1.720803127031071522 ) ) ;
#396 = CARTESIAN_POINT ( 'NONE',  ( -8.695280199610241567, -42.19036314105839836, 2.340918832818897677 ) ) ;
#397 = CARTESIAN_POINT ( 'NONE',  ( 2.309511153573090336, -37.48662622731936978, -8.718593715970664348 ) ) ;
#398 = CARTESIAN_POINT ( 'NONE',  ( -18.00000000000000000, -37.24753809675059557, 11.41428795664992002 ) ) ;
#399 = EDGE_CURVE ( 'NONE', #3686, #6907, #3277, .T. ) ;
#400 = CARTESIAN_POINT ( 'NONE',  ( 10.75137439161489361, -25.30430457706276570, -43.57872919341545526 ) ) ;
#401 = CARTESIAN_POINT ( 'NONE',  ( 2.101146922263804861E-05, -41.73257342393090141, -3.781269165073750216 ) ) ;
#402 = CARTESIAN_POINT ( 'NONE',  ( 186.0053216956796405, -6.042206017375292504, 29.93364541595052586 ) ) ;
#403 = EDGE_LOOP ( 'NONE', ( #710, #1415, #2449, #638, #3193, #5037 ) ) ;
#404 = DIRECTION ( 'NONE',  ( 0.000000000000000000, 1.000000000000000000, 0.000000000000000000 ) ) ;
#405 = CARTESIAN_POINT ( 'NONE',  ( 3.476951393961602133, -37.54874883303978095, -8.301257844783167528 ) ) ;
#406 = CARTESIAN_POINT ( 'NONE',  ( 13.22810880880770590, -33.22972007004717909, -146.3437823823845179 ) ) ;
#407 = DIRECTION ( 'NONE',  ( 0.000000000000000000, -0.000000000000000000, 1.000000000000000000 ) ) ;
#408 = CARTESIAN_POINT ( 'NONE',  ( 74.06304573125760271, -63.39640923772800818, 3.306842385808574480 ) ) ;
#409 = CARTESIAN_POINT ( 'NONE',  ( -6.358410113016079279, -41.83330100664666418, -6.369513768642619311 ) ) ;
#410 = CARTESIAN_POINT ( 'NONE',  ( 185.3328331859748630, -6.042206017375712612, 9.531864139027977245 ) ) ;
#411 = VERTEX_POINT ( 'NONE', #1020 ) ;
#412 = CARTESIAN_POINT ( 'NONE',  ( 5.507970490038600175, -41.83478244423095305, 5.310691334286230081 ) ) ;
#413 = B_SPLINE_CURVE_WITH_KNOTS ( 'NONE', 3,
 ( #6754, #257, #1521, #6296 ),
 .UNSPECIFIED., .F., .F.,
 ( 4, 4 ),
 ( 0.000000000000000000, 1.000000000000000000 ),
 .UNSPECIFIED. ) ;
#414 = CARTESIAN_POINT ( 'NONE',  ( 5.507996594094048959, -41.96905090782664871, 0.6129494072930820048 ) ) ;
#415 = CARTESIAN_POINT ( 'NONE',  ( -7.649234699462774678, -42.00108123381814806, -4.751394345998581237 ) ) ;
#416 = CARTESIAN_POINT ( 'NONE',  ( 5.507998865209059680, -41.97550274140640170, 0.2042346704692374892 ) ) ;
#417 = AXIS2_PLACEMENT_3D ( 'NONE', #6146, #7250, #1367 ) ;
#418 = ORIENTED_EDGE ( 'NONE', *, *, #3704, .T. ) ;
#419 = CARTESIAN_POINT ( 'NONE',  ( 132.1963904380766053, -50.78462308660660085, 5.608440296249299316E-15 ) ) ;
#420 = CARTESIAN_POINT ( 'NONE',  ( -5.747812694102960350E-15, -38.31026286157670313, 0.000000000000000000 ) ) ;
#421 = LINE ( 'NONE', #6845, #963 ) ;
#422 = PLANE ( 'NONE',  #7129 ) ;
#423 = CARTESIAN_POINT ( 'NONE',  ( -7.251324091956644402, -37.92324544674626452, 5.332959627382216183 ) ) ;
#424 = CARTESIAN_POINT ( 'NONE',  ( -9.478499337346978137, -37.45774349468699427, 8.907091325328414300 ) ) ;
#425 = AXIS2_PLACEMENT_3D ( 'NONE', #6738, #6843, #5703 ) ;
#426 = CARTESIAN_POINT ( 'NONE',  ( 190.4059769339625063, -6.042206017374129878, 1.510441131475985042E-14 ) ) ;
#427 = CARTESIAN_POINT ( 'NONE',  ( 176.2725978347991429, -6.042206017375331584, -52.63687738973560215 ) ) ;
#428 = CARTESIAN_POINT ( 'NONE',  ( 179.8382392356312494, 10.00000000000000000, 42.50214150462253571 ) ) ;
#429 = ORIENTED_EDGE ( 'NONE', *, *, #346, .T. ) ;
#430 = CARTESIAN_POINT ( 'NONE',  ( -5.135738537748117061, -41.70954991188514782, 7.396686215967708478 ) ) ;
#431 = EDGE_CURVE ( 'NONE', #1538, #7075, #3172, .T. ) ;
#432 = CARTESIAN_POINT ( 'NONE',  ( -8.879487003438594428, -42.24094220833618607, 1.475556073852260397 ) ) ;
#433 = VECTOR ( 'NONE', #2209, 1000.000000000000000 ) ;
#434 = CARTESIAN_POINT ( 'NONE',  ( 6.873917782766339357, -37.87083465215634703, -5.811282425739302759 ) ) ;
#435 = CARTESIAN_POINT ( 'NONE',  ( 4.536991762352288404, -13.52740795735789625, -53.86387819481130634 ) ) ;
#436 = CARTESIAN_POINT ( 'NONE',  ( 7.344011546507249300, -42.08122902396474529, -2.077913923010084929 ) ) ;
#437 = UNCERTAINTY_MEASURE_WITH_UNIT (LENGTH_MEASURE( 1.000000000000000082E-05 ), #6124, 'distance_accuracy_value', 'NONE');
#438 = CARTESIAN_POINT ( 'NONE',  ( 85.35719728723940136, -6.042206017369100124, 98.92733719608149556 ) ) ;
#439 = VERTEX_POINT ( 'NONE', #2163 ) ;
#440 = CARTESIAN_POINT ( 'NONE',  ( 54.50145287833833407, -56.13001623236041127, 17.94620426087494991 ) ) ;
#441 = EDGE_CURVE ( 'NONE', #411, #3043, #7070, .T. ) ;
#442 = CARTESIAN_POINT ( 'NONE',  ( 4.490237356696307636, -37.62002357989693024, -7.805428428953072206 ) ) ;
#443 = CARTESIAN_POINT ( 'NONE',  ( -22.00000000000000000, -42.30756013076910449, -5.767085840894440826E-15 ) ) ;
#444 = DIRECTION ( 'NONE',  ( 0.000000000000000000, 1.000000000000000000, 0.000000000000000000 ) ) ;
#445 = CARTESIAN_POINT ( 'NONE',  ( -9.430824435927242178, -37.46030243117355951, 8.886954097950093612 ) ) ;
#446 = CARTESIAN_POINT ( 'NONE',  ( 80.01474665271069853, -63.39640923772801528, 11.06183469793383090 ) ) ;
#447 = CARTESIAN_POINT ( 'NONE',  ( 8.426242988981785587, -42.13279135667774256, -3.175857478341778339 ) ) ;
#448 = VERTEX_POINT ( 'NONE', #260 ) ;
#449 = CARTESIAN_POINT ( 'NONE',  ( -2.101146925415175017E-05, -41.73257342363829991, 3.781269165073744887 ) ) ;
#450 = CARTESIAN_POINT ( 'NONE',  ( -7.343961991603340067, -41.85264108029669927, -6.840093099208059080 ) ) ;
#451 = CARTESIAN_POINT ( 'NONE',  ( -5.101084519470870296E-05, -41.43984812856500355, 9.180021337918599755 ) ) ;
#452 = CARTESIAN_POINT ( 'NONE',  ( -7.146293724121918878, -41.92985739883407348, -5.478964201244393095 ) ) ;
#453 = CARTESIAN_POINT ( 'NONE',  ( -7.343998865180649815, -42.10617315432034502, -0.2042448726145680016 ) ) ;
#454 = CARTESIAN_POINT ( 'NONE',  ( 139.1842759379911740, -47.26221975847450096, 6.464209457277149827E-15 ) ) ;
#455 = CARTESIAN_POINT ( 'NONE',  ( -22.00000000000000000, -42.30756013076910449, -5.767085840894440826E-15 ) ) ;
#456 = CARTESIAN_POINT ( 'NONE',  ( -12.99019127455881772, -38.31026286157669603, 1.771200161839230791 ) ) ;
#457 = DIRECTION ( 'NONE',  ( -1.000000000000000000, 0.000000000000000000, 0.000000000000000000 ) ) ;
#458 = CARTESIAN_POINT ( 'NONE',  ( 183.9642609141919820, -6.042206017375712612, 19.12989504551650910 ) ) ;
#459 = CARTESIAN_POINT ( 'NONE',  ( 190.4059769339629895, -6.042206017373039195, 1.869838746202804954E-14 ) ) ;
#460 = CARTESIAN_POINT ( 'NONE',  ( -18.00000000000000000, -23.68619686104764810, 39.70994965335955840 ) ) ;
#461 = CARTESIAN_POINT ( 'NONE',  ( 18.82837672200435364, -42.30756013076910449, -7.696413152913580629E-15 ) ) ;
#462 = CARTESIAN_POINT ( 'NONE',  ( -1.672020900077812344, -38.31026286157671024, 13.00332901501098171 ) ) ;
#463 = CARTESIAN_POINT ( 'NONE',  ( -12.76410641307187177, -38.17725780563053206, 2.402234363643126258 ) ) ;
#464 = EDGE_LOOP ( 'NONE', ( #6922, #2662 ) ) ;
#465 = CARTESIAN_POINT ( 'NONE',  ( -2.001130703663452248, -41.52157541920620787, 8.779659329164209325 ) ) ;
#466 = CARTESIAN_POINT ( 'NONE',  ( 12.99998590255179209, -38.30398727237306389, 0.01914506345061478543 ) ) ;
#467 = CARTESIAN_POINT ( 'NONE',  ( 5.496131902170040995, -41.74118415841905971, 7.151065683193537303 ) ) ;
#468 = CARTESIAN_POINT ( 'NONE',  ( 6.387406360972593511, -37.80973533461760638, -6.340435705635020014 ) ) ;
#469 = CARTESIAN_POINT ( 'NONE',  ( 11.21952556221631880, -26.22611459122337862, -42.53006820621944684 ) ) ;
#470 = CARTESIAN_POINT ( 'NONE',  ( -9.179983152608048869, -42.20094904036890426, -3.031918295454449908 ) ) ;
#471 = VECTOR ( 'NONE', #2327, 1000.000000000000000 ) ;
#472 = CARTESIAN_POINT ( 'NONE',  ( 86.39999999999997726, -10.00000000000000178, 6.480695763056150239E-15 ) ) ;
#473 = ORIENTED_EDGE ( 'NONE', *, *, #2644, .T. ) ;
#474 = CARTESIAN_POINT ( 'NONE',  ( 140.1670044770244488, -13.94371515320614918, 93.25435491082637895 ) ) ;
#475 = AXIS2_PLACEMENT_3D ( 'NONE', #1945, #4804, #2432 ) ;
#476 = CARTESIAN_POINT ( 'NONE',  ( -5.377705074205488600, -37.69863303407983324, -7.223637043231169841 ) ) ;
#477 = CARTESIAN_POINT ( 'NONE',  ( -12.99553091680051509, -38.31026187940302208, 0.0001336912975518972022 ) ) ;
#478 = CARTESIAN_POINT ( 'NONE',  ( 11.35432342940786832, -20.48161912305555177, 42.88747186757296248 ) ) ;
#479 = CARTESIAN_POINT ( 'NONE',  ( 19.07334698233634995, -6.042206017373970006, -58.61996200337829777 ) ) ;
#480 = AXIS2_PLACEMENT_3D ( 'NONE', #3777, #6117, #4966 ) ;
#481 = CARTESIAN_POINT ( 'NONE',  ( 9.000028474184350813, -42.30708906031854610, 9.026024192389750094E-10 ) ) ;
#482 = ADVANCED_FACE ( 'NONE', ( #1598 ), #297, .T. ) ;
#483 = CARTESIAN_POINT ( 'NONE',  ( -3.179293884945006976, -41.57207127757187237, -8.424909787033739050 ) ) ;
#484 = ORIENTED_EDGE ( 'NONE', *, *, #1335, .T. ) ;
#485 = CARTESIAN_POINT ( 'NONE',  ( 7.343999999886249519, -42.08584460787654535, 4.080858128201899867E-05 ) ) ;
#486 = VERTEX_POINT ( 'NONE', #6830 ) ;
#487 = VECTOR ( 'NONE', #4584, 1000.000000000000000 ) ;
#488 = CARTESIAN_POINT ( 'NONE',  ( -5.507978988445479729, -41.90336194457290020, -3.781299771509714969 ) ) ;
#489 = EDGE_CURVE ( 'NONE', #64, #4833, #2338, .T. ) ;
#490 = CARTESIAN_POINT ( 'NONE',  ( -3.672042342413504912, -41.61891558214599485, 7.620021568766750519 ) ) ;
#491 = CARTESIAN_POINT ( 'NONE',  ( 8.426122146427863058, -42.13266915203528384, -3.176170666397250208 ) ) ;
#492 = CARTESIAN_POINT ( 'NONE',  ( 9.179999999857820114, -42.33629126070890436, 5.101072660356800444E-05 ) ) ;
#493 = CARTESIAN_POINT ( 'NONE',  ( -8.695280169003028803, -42.19036313703492169, 2.340918895735391470 ) ) ;
#494 = CARTESIAN_POINT ( 'NONE',  ( -9.000000000000000000, -42.30756013076910449, -3.141681964310334650E-15 ) ) ;
#495 = CARTESIAN_POINT ( 'NONE',  ( -4.259443137613194708, -6.042206017373009885, 58.61996200337879515 ) ) ;
#496 = LINE ( 'NONE', #3480, #487 ) ;
#497 = CARTESIAN_POINT ( 'NONE',  ( 5.271043160036111175, -37.68917882479608039, 7.296435652781533499 ) ) ;
#498 = CARTESIAN_POINT ( 'NONE',  ( 23.13850053261340634, -58.99259783589941009, 126.5229989347730566 ) ) ;
#499 = CARTESIAN_POINT ( 'NONE',  ( -8.999199408005955192, -38.30845943688616018, 0.09798551205580265100 ) ) ;
#500 = CARTESIAN_POINT ( 'NONE',  ( 19.47147941552137596, -37.27370386985156614, -11.40636932845208307 ) ) ;
#501 = CARTESIAN_POINT ( 'NONE',  ( 111.7978034211093359, -6.042206017375335136, -101.0082980960116146 ) ) ;
#502 = DIRECTION ( 'NONE',  ( 0.000000000000000000, 1.000000000000000000, 0.000000000000000000 ) ) ;
#503 = VERTEX_POINT ( 'NONE', #982 ) ;
#504 = CARTESIAN_POINT ( 'NONE',  ( -4.393722367599681711, -41.64792503663123568, 7.876694292585270318 ) ) ;
#505 = CARTESIAN_POINT ( 'NONE',  ( 10.86496070932750868, -25.52953725814731101, 43.31261217044514211 ) ) ;
#506 = CARTESIAN_POINT ( 'NONE',  ( 9.180774168951845837, -22.26566067181637010, -46.68845673685922293 ) ) ;
#507 = CARTESIAN_POINT ( 'NONE',  ( 8.348840209453106453, -38.10629401922344073, -3.361311342475876263 ) ) ;
#508 = CARTESIAN_POINT ( 'NONE',  ( 8.014090300609025164, -20.04492509798652833, -48.71248055125150245 ) ) ;
#509 = CARTESIAN_POINT ( 'NONE',  ( -5.507994890331900706, -41.97116850191185478, -0.9195621121002949261 ) ) ;
#510 = CARTESIAN_POINT ( 'NONE',  ( 190.8134217086287663, -5.512702099187757554, -208.8268434172576917 ) ) ;
#511 = ORIENTED_EDGE ( 'NONE', *, *, #3064, .T. ) ;
#512 = CARTESIAN_POINT ( 'NONE',  ( 152.8722439315374970, -38.48506133258119633, 4.163336342344334502E-14 ) ) ;
#513 = CARTESIAN_POINT ( 'NONE',  ( 185.3328331859785862, -6.042206017371040794, -197.8656663719569906 ) ) ;
#514 = CARTESIAN_POINT ( 'NONE',  ( -10.78209105370023124, -38.30785244987981031, 0.08148052098803455767 ) ) ;
#515 = AXIS2_PLACEMENT_3D ( 'NONE', #6582, #4322, #7103 ) ;
#516 = CARTESIAN_POINT ( 'NONE',  ( -8.320226874691670105, -42.11296704878006381, 3.431315205943763047 ) ) ;
#517 = CARTESIAN_POINT ( 'NONE',  ( 19.07334698233634995, -42.30756013076910449, -5.181181809388050601E-15 ) ) ;
#518 = CARTESIAN_POINT ( 'NONE',  ( 179.1527098683840791, -8.414723312199626548, 28.50214150462322138 ) ) ;
#519 = CARTESIAN_POINT ( 'NONE',  ( -8.711874415147988771, -42.19225098327218149, -2.335010056728991756 ) ) ;
#520 = ORIENTED_EDGE ( 'NONE', *, *, #4623, .T. ) ;
#521 = CARTESIAN_POINT ( 'NONE',  ( 1.134705611842493951E-06, -41.79338277994690287, -0.2042040640332815071 ) ) ;
#522 = EDGE_CURVE ( 'NONE', #5558, #6435, #6803, .T. ) ;
#523 = VERTEX_POINT ( 'NONE', #6794 ) ;
#524 = CARTESIAN_POINT ( 'NONE',  ( 9.180006245850009350, -42.28221066246755555, -1.123991167728289886 ) ) ;
#525 = CARTESIAN_POINT ( 'NONE',  ( -3.672016847192949740, -41.84322007454385073, 3.031846880437194969 ) ) ;
#526 = FACE_OUTER_BOUND ( 'NONE', #101, .T. ) ;
#527 = CARTESIAN_POINT ( 'NONE',  ( -7.343961991603340067, -41.85264108029669927, -6.840093099208059080 ) ) ;
#528 = DIRECTION ( 'NONE',  ( 0.000000000000000000, 0.000000000000000000, 1.000000000000000000 ) ) ;
#529 = PLANE ( 'NONE',  #6413 ) ;
#530 = ADVANCED_FACE ( 'NONE', ( #5581 ), #4929, .T. ) ;
#531 = CARTESIAN_POINT ( 'NONE',  ( -11.32963596097304659, -38.31026286157669603, 6.597087869260944260 ) ) ;
#532 = CARTESIAN_POINT ( 'NONE',  ( 86.40000000000000568, -63.39640923772800818, 0.000000000000000000 ) ) ;
#533 = CARTESIAN_POINT ( 'NONE',  ( 5.956432123831974401, -37.75938647427057759, 6.753359271057401081 ) ) ;
#534 = CARTESIAN_POINT ( 'NONE',  ( -22.00000000000000000, -6.042206017373979776, 58.61996200337829777 ) ) ;
#535 = CARTESIAN_POINT ( 'NONE',  ( 69.65500000000000114, -58.93658393131480011, -2.033582938513375123E-15 ) ) ;
#536 = CARTESIAN_POINT ( 'NONE',  ( 11.39942435760310602, -20.56651642024989712, -42.80336510859244470 ) ) ;
#537 = VECTOR ( 'NONE', #1485, 1000.000000000000000 ) ;
#538 = CARTESIAN_POINT ( 'NONE',  ( 12.54085255167677460, -38.10602350434587748, 3.377346470136350920 ) ) ;
#539 = CARTESIAN_POINT ( 'NONE',  ( -8.027131892129554913, -37.24973181471633410, 10.16489692559060742 ) ) ;
#540 = ORIENTED_EDGE ( 'NONE', *, *, #7153, .T. ) ;
#541 = CARTESIAN_POINT ( 'NONE',  ( -6.332903377944383294, -41.83034976078406686, 6.394876563585930818 ) ) ;
#542 = CARTESIAN_POINT ( 'NONE',  ( 4.346532404418686824, -13.17366694502150892, 54.11316566544616791 ) ) ;
#543 = DIRECTION ( 'NONE',  ( -1.000000000000000000, 0.000000000000000000, 0.000000000000000000 ) ) ;
#544 = AXIS2_PLACEMENT_3D ( 'NONE', #3483, #4210, #3021 ) ;
#545 = CARTESIAN_POINT ( 'NONE',  ( 8.538593959240818876, -38.14565192499968305, -2.848955165721649418 ) ) ;
#546 = CARTESIAN_POINT ( 'NONE',  ( 73.65500000000000114, -63.39640923772800818, -3.121624691026614877E-15 ) ) ;
#547 = VECTOR ( 'NONE', #2423, 1000.000000000000000 ) ;
#548 = CARTESIAN_POINT ( 'NONE',  ( 17.20608349306185758, -38.97170879574920122, -20.02591644603414167 ) ) ;
#549 = CARTESIAN_POINT ( 'NONE',  ( -8.777937933330543174, -42.21186198656708655, -1.988983384230142315 ) ) ;
#550 = CARTESIAN_POINT ( 'NONE',  ( 5.508038008197630120, -41.74731312820915008, -6.840021684190809914 ) ) ;
#551 = CARTESIAN_POINT ( 'NONE',  ( 33.62745298071140354, -47.26221975847409595, -1.112684768943767999 ) ) ;
#552 = ORIENTED_EDGE ( 'NONE', *, *, #2241, .F. ) ;
#553 = CARTESIAN_POINT ( 'NONE',  ( 26.92140908143025158, -6.042206017369097459, 98.31135985159349389 ) ) ;
#554 = DIRECTION ( 'NONE',  ( -1.000000000000000000, 0.000000000000000000, 0.000000000000000000 ) ) ;
#555 = CARTESIAN_POINT ( 'NONE',  ( 152.8722439315365023, -38.48506133258189976, 8.140502076289799479E-15 ) ) ;
#556 = CARTESIAN_POINT ( 'NONE',  ( 3.388692166109678272, -41.58424815189525248, 8.337710328842117491 ) ) ;
#557 = CARTESIAN_POINT ( 'NONE',  ( -8.027131892129554913, -37.24973181471633410, 10.16489692559060742 ) ) ;
#558 = DIRECTION ( 'NONE',  ( 0.000000000000000000, 0.000000000000000000, 1.000000000000000000 ) ) ;
#559 = CARTESIAN_POINT ( 'NONE',  ( 7.314966206452292674, -41.95287628315997353, -5.251525770994948772 ) ) ;
#560 = ORIENTED_EDGE ( 'NONE', *, *, #5766, .T. ) ;
#561 = CARTESIAN_POINT ( 'NONE',  ( -7.344003405706920340, -42.11401879208690247, 0.6128779922758300636 ) ) ;
#562 = ORIENTED_EDGE ( 'NONE', *, *, #5310, .T. ) ;
#563 = ADVANCED_FACE ( 'NONE', ( #907 ), #7424, .T. ) ;
#564 = CARTESIAN_POINT ( 'NONE',  ( -7.343978988417039666, -42.01818542903539822, -3.781309973655035073 ) ) ;
#565 = CARTESIAN_POINT ( 'NONE',  ( -9.180029509733939719, -42.08224734191440319, 5.310609717123659479 ) ) ;
#566 = PLANE ( 'NONE',  #1895 ) ;
#567 = CARTESIAN_POINT ( 'NONE',  ( -3.671970490067059778, -41.75190379149490383, -5.310681132140909533 ) ) ;
#568 = EDGE_CURVE ( 'NONE', #7381, #5675, #844, .T. ) ;
#569 = CARTESIAN_POINT ( 'NONE',  ( 7.652593375642202211, -37.98382211975172851, -4.739188347336018126 ) ) ;
#570 = CARTESIAN_POINT ( 'NONE',  ( -22.00000000000000000, -42.30756013076910449, -5.767085840894440826E-15 ) ) ;
#571 = CARTESIAN_POINT ( 'NONE',  ( 10.39393842179556593, -38.31026286157670313, 7.990510837665210531 ) ) ;
#572 = FACE_OUTER_BOUND ( 'NONE', #5265, .T. ) ;
#573 = CARTESIAN_POINT ( 'NONE',  ( -7.344051010731459606, -41.69037129754194382, 9.179980529337321116 ) ) ;
#574 = CARTESIAN_POINT ( 'NONE',  ( 73.65500000000000114, -63.39640923772800818, -2.064450201827639861E-15 ) ) ;
#575 = B_SPLINE_CURVE_WITH_KNOTS ( 'NONE', 2,
 ( #2680, #6131, #3866 ),
 .UNSPECIFIED., .F., .F.,
 ( 3, 3 ),
 ( 0.000000000000000000, 1.000000000000000000 ),
 .UNSPECIFIED. ) ;
#576 = CARTESIAN_POINT ( 'NONE',  ( -3.672051010788329961, -41.51274637537379419, 9.180000933627960436 ) ) ;
#577 = ADVANCED_FACE ( 'NONE', ( #6685 ), #1448, .T. ) ;
#578 = CARTESIAN_POINT ( 'NONE',  ( 103.1449999999999960, -58.93658393131480011, 2.050671065172235212E-15 ) ) ;
#579 = ORIENTED_EDGE ( 'NONE', *, *, #7164, .F. ) ;
#580 = CARTESIAN_POINT ( 'NONE',  ( 7.145204810497607362, -41.92926019546846561, 5.480227914035321390 ) ) ;
#581 = CARTESIAN_POINT ( 'NONE',  ( 8.583107745158745416, -37.31477964660427205, 9.800991866128358154 ) ) ;
#582 = LINE ( 'NONE', #2337, #7186 ) ;
#583 = EDGE_LOOP ( 'NONE', ( #6214, #4612, #4009, #3615 ) ) ;
#584 = CARTESIAN_POINT ( 'NONE',  ( -3.373717682249500971, -37.54249030888387040, -8.343780873751368787 ) ) ;
#585 = CARTESIAN_POINT ( 'NONE',  ( -17.60597693396296748, -6.042206017372975246, -208.0119538679261098 ) ) ;
#586 = CARTESIAN_POINT ( 'NONE',  ( -17.99999999999999645, -6.042206017373009885, 0.000000000000000000 ) ) ;
#587 = CARTESIAN_POINT ( 'NONE',  ( 73.65500000000000114, -63.39640923772800818, -2.064450201827639861E-15 ) ) ;
#588 = CARTESIAN_POINT ( 'NONE',  ( 9.180042342328178506, -41.93205553827840504, -7.619990962330779105 ) ) ;
#589 = CARTESIAN_POINT ( 'NONE',  ( 104.6814343179371889, -56.13001623236041127, 31.70761288909761788 ) ) ;
#590 = ORIENTED_EDGE ( 'NONE', *, *, #3758, .F. ) ;
#591 = CARTESIAN_POINT ( 'NONE',  ( 159.5718911911934867, -33.22972007004624118, 2.775557561562889773E-14 ) ) ;
#592 = CARTESIAN_POINT ( 'NONE',  ( -12.53283318597848250, -6.042206017371011484, -197.8656663719569906 ) ) ;
#593 = CARTESIAN_POINT ( 'NONE',  ( 4.668828831882938069, -37.63458882407237382, 7.699854470368946657 ) ) ;
#594 = CARTESIAN_POINT ( 'NONE',  ( -5.884032104201158297, -41.77835762487779192, 6.843723782888035956 ) ) ;
#595 = CARTESIAN_POINT ( 'NONE',  ( -2.085589769737465460, -36.74288731590434054, 12.77525096984510000 ) ) ;
#596 = DIRECTION ( 'NONE',  ( -1.000000000000000000, 0.000000000000000000, 0.000000000000000000 ) ) ;
#597 = AXIS2_PLACEMENT_3D ( 'NONE', #996, #1577, #7024 ) ;
#598 = CARTESIAN_POINT ( 'NONE',  ( 8.941509257506091046, -42.26353673586733350, -1.036009159542214952 ) ) ;
#599 = ORIENTED_EDGE ( 'NONE', *, *, #941, .F. ) ;
#600 = CARTESIAN_POINT ( 'NONE',  ( -9.180001701916291168, -42.31469916674569731, 0.3062550853233024784 ) ) ;
#601 = ORIENTED_EDGE ( 'NONE', *, *, #6108, .T. ) ;
#602 = CARTESIAN_POINT ( 'NONE',  ( 7.344038008169199827, -41.85265049061969478, -6.840011482045489366 ) ) ;
#603 = CARTESIAN_POINT ( 'NONE',  ( -9.180046676515619453, -41.87592484899965228, 8.399980644761390280 ) ) ;
#604 = FACE_OUTER_BOUND ( 'NONE', #2707, .T. ) ;
#605 = B_SPLINE_CURVE_WITH_KNOTS ( 'NONE', 3,
 ( #6879, #3296, #5635, #5134 ),
 .UNSPECIFIED., .F., .F.,
 ( 4, 4 ),
 ( 0.000000000000000000, 1.000000000000000000 ),
 .UNSPECIFIED. ) ;
#606 = CARTESIAN_POINT ( 'NONE',  ( -3.671961991660209979, -41.66660398508295060, -6.840072694917419760 ) ) ;
#607 = VECTOR ( 'NONE', #7467, 1000.000000000000000 ) ;
#608 = CARTESIAN_POINT ( 'NONE',  ( 2.051097695484628947, -41.52290498454423329, 8.768140862279414804 ) ) ;
#609 = CARTESIAN_POINT ( 'NONE',  ( 20.34536719873065280, -38.09024766049640220, -5.834977158582510093 ) ) ;
#610 = CARTESIAN_POINT ( 'NONE',  ( 11.35561693001679728, -38.31026286157670313, 6.552265524354087489 ) ) ;
#611 = CARTESIAN_POINT ( 'NONE',  ( -8.046390512828141439, -37.24144243737899984, 10.21295364679266271 ) ) ;
#612 = CARTESIAN_POINT ( 'NONE',  ( 190.4059769339629895, -6.042206017373019655, 1.273705867443711913E-14 ) ) ;
#613 = CARTESIAN_POINT ( 'NONE',  ( -4.234247036814634441E-05, -41.54461856202144787, 7.620041973057389839 ) ) ;
#614 = AXIS2_PLACEMENT_3D ( 'NONE', #1775, #2958, #5835 ) ;
#615 = DIRECTION ( 'NONE',  ( 0.000000000000000000, 1.000000000000000000, 0.000000000000000000 ) ) ;
#616 = ORIENTED_EDGE ( 'NONE', *, *, #4691, .F. ) ;
#617 = CARTESIAN_POINT ( 'NONE',  ( -8.970708109622105297, -42.27808542245517032, 0.7257688170361127344 ) ) ;
#618 = CARTESIAN_POINT ( 'NONE',  ( 12.32768261711739299, -38.03749621191916219, 4.213040300894770773 ) ) ;
#619 = CARTESIAN_POINT ( 'NONE',  ( 5.060575648997039266, -14.49964003998359985, -53.18117648864762259 ) ) ;
#620 = EDGE_CURVE ( 'NONE', #6994, #4746, #2800, .T. ) ;
#621 = CARTESIAN_POINT ( 'NONE',  ( -12.69257573279303131, 4.000000000000000000, -36.16455915774985641 ) ) ;
#622 = CARTESIAN_POINT ( 'NONE',  ( -8.299764768460192954, -38.09665500545519023, -3.480512538592740235 ) ) ;
#623 = CARTESIAN_POINT ( 'NONE',  ( 226.6457644257074833, 10.00000000000000000, -137.7671940876994086 ) ) ;
#624 = CARTESIAN_POINT ( 'NONE',  ( 185.3328331859785010, -6.042206017371060334, 1.387778780781449935E-14 ) ) ;
#625 = CARTESIAN_POINT ( 'NONE',  ( -8.996320277679622279, -42.29542734190330577, -0.2968137813848183981 ) ) ;
#626 = CARTESIAN_POINT ( 'NONE',  ( 7.344051010731440066, -41.69037129700890176, -9.179980529337310458 ) ) ;
#627 = CARTESIAN_POINT ( 'NONE',  ( 71.84055018553705452, -57.95386985700427118, 24.06511801717883259 ) ) ;
#628 = ORIENTED_EDGE ( 'NONE', *, *, #770, .T. ) ;
#629 = CARTESIAN_POINT ( 'NONE',  ( 7.482037612113841440, -19.03579530839261480, -49.60639368445470865 ) ) ;
#630 = DIRECTION ( 'NONE',  ( 0.000000000000000000, 0.000000000000000000, 1.000000000000000000 ) ) ;
#631 = EDGE_CURVE ( 'NONE', #3355, #4664, #6721, .T. ) ;
#632 = CARTESIAN_POINT ( 'NONE',  ( 8.329822329176511886, -38.10250765479516133, 3.407954848268750503 ) ) ;
#633 = AXIS2_PLACEMENT_3D ( 'NONE', #1409, #1294, #181 ) ;
#634 = CARTESIAN_POINT ( 'NONE',  ( -4.395138456692786022, -41.64972074606592400, 7.858566884020694587 ) ) ;
#635 = CARTESIAN_POINT ( 'NONE',  ( 12.99065809163615093, -38.27067789894963568, 0.8765433862777526342 ) ) ;
#636 = CARTESIAN_POINT ( 'NONE',  ( -9.763718536843523310, -37.50594454944363321, 8.593699854880018307 ) ) ;
#637 = CARTESIAN_POINT ( 'NONE',  ( 8.766689236943001617, -42.20824830212622913, -2.057124578540608262 ) ) ;
#638 = ORIENTED_EDGE ( 'NONE', *, *, #7220, .F. ) ;
#639 = CARTESIAN_POINT ( 'NONE',  ( 7.343993753894060283, -42.10689525742390060, 1.124082987036175929 ) ) ;
#640 = ORIENTED_EDGE ( 'NONE', *, *, #2345, .T. ) ;
#641 = CARTESIAN_POINT ( 'NONE',  ( 185.0757965686095474, -7.369671591207912265, 29.47754803827803016 ) ) ;
#642 = CARTESIAN_POINT ( 'NONE',  ( -7.344003405706920340, -42.11401879208690247, 0.6128779922758300636 ) ) ;
#643 = FACE_OUTER_BOUND ( 'NONE', #6998, .T. ) ;
#644 = COLOUR_RGB ( '',0.7921568627450980005, 0.8196078431372548767, 0.9333333333333333481 ) ;
#645 = CARTESIAN_POINT ( 'NONE',  ( 5.508029509790779876, -41.83478860876699912, -5.310630121414299687 ) ) ;
#646 = CARTESIAN_POINT ( 'NONE',  ( 8.200566063425187124, -42.09076459487661737, 3.719977994700883084 ) ) ;
#647 = FACE_OUTER_BOUND ( 'NONE', #913, .T. ) ;
#648 = CARTESIAN_POINT ( 'NONE',  ( -5.335384761712091084, -36.93234573163572065, 11.86235942417139100 ) ) ;
#649 = CARTESIAN_POINT ( 'NONE',  ( -6.245992199551350868E-06, -41.78975016820130151, 1.124042178454889962 ) ) ;
#650 = CARTESIAN_POINT ( 'NONE',  ( 8.922277136220928995, -38.25049303574963488, 1.190057580965204309 ) ) ;
#651 = CARTESIAN_POINT ( 'NONE',  ( 7.343953323228490149, -41.74792629672320032, 8.400072464069278766 ) ) ;
#652 = CARTESIAN_POINT ( 'NONE',  ( 110.6172451890447803, -57.95386985700431381, -48.43449037808966295 ) ) ;
#653 = ORIENTED_EDGE ( 'NONE', *, *, #1465, .T. ) ;
#654 = CARTESIAN_POINT ( 'NONE',  ( -7.665284282875971300, -42.00335263273143482, 4.728203596076784088 ) ) ;
#655 = CARTESIAN_POINT ( 'NONE',  ( 17.00840778788307261, -38.50650700508557378, 21.39036192128195069 ) ) ;
#656 = CARTESIAN_POINT ( 'NONE',  ( 7.990160609535577940, -19.99955989218772245, -48.75250617527250796 ) ) ;
#657 = ORIENTED_EDGE ( 'NONE', *, *, #5439, .T. ) ;
#658 = CARTESIAN_POINT ( 'NONE',  ( -7.457048267636066541, -37.95374570925577729, -5.039098677631514533 ) ) ;
#659 = CARTESIAN_POINT ( 'NONE',  ( 99.14499999999999602, -63.39640923772800818, 1.544179419989875053E-15 ) ) ;
#660 = CARTESIAN_POINT ( 'NONE',  ( -8.942737623539960268, -42.26447269265791107, -1.014817394652321569 ) ) ;
#661 = CARTESIAN_POINT ( 'NONE',  ( -9.179961991574911551, -41.98502101360424632, -6.840103301353379628 ) ) ;
#662 = CARTESIAN_POINT ( 'NONE',  ( 67.45423609069815996, -56.13001623236041127, 31.31519736068919002 ) ) ;
#663 = ADVANCED_FACE ( 'NONE', ( #7325 ), #6212, .F. ) ;
#664 = ORIENTED_EDGE ( 'NONE', *, *, #3376, .F. ) ;
#665 = DIRECTION ( 'NONE',  ( 0.000000000000000000, 1.000000000000000000, 0.000000000000000000 ) ) ;
#666 = AXIS2_PLACEMENT_3D ( 'NONE', #3873, #6250, #1653 ) ;
#667 = CARTESIAN_POINT ( 'NONE',  ( 69.65500000000000114, -58.25464714294840007, 3.513069802952424731E-14 ) ) ;
#668 = CARTESIAN_POINT ( 'NONE',  ( 7.707310187296016579, -37.99254925007990380, 4.647959432110707390 ) ) ;
#669 = CARTESIAN_POINT ( 'NONE',  ( -7.893730125643174667, -42.03930901071053938, 4.325593813185527381 ) ) ;
#670 = CARTESIAN_POINT ( 'NONE',  ( 99.14499999999999602, -63.39640923772800818, 2.291319741699659959E-15 ) ) ;
#671 = CARTESIAN_POINT ( 'NONE',  ( -12.91053371828244067, -38.22361181487638504, 1.742129365556110310 ) ) ;
#672 = B_SPLINE_CURVE_WITH_KNOTS ( 'NONE', 3,
 ( #2109, #499, #6881, #5636 ),
 .UNSPECIFIED., .F., .F.,
 ( 4, 4 ),
 ( 0.000000000000000000, 1.000000000000000000 ),
 .UNSPECIFIED. ) ;
#673 = CARTESIAN_POINT ( 'NONE',  ( 7.151149335026213194, -41.92926854445995843, -5.496148421130448547 ) ) ;
#674 = EDGE_CURVE ( 'NONE', #1293, #5798, #3698, .T. ) ;
#675 = ORIENTED_EDGE ( 'NONE', *, *, #3428, .F. ) ;
#676 = CARTESIAN_POINT ( 'NONE',  ( 3.405820614485210215E-06, -41.79101289190655422, -0.6129188008571250235 ) ) ;
#677 = VERTEX_POINT ( 'NONE', #3538 ) ;
#678 = AXIS2_PLACEMENT_3D ( 'NONE', #2447, #615, #6434 ) ;
#679 = CARTESIAN_POINT ( 'NONE',  ( 18.44150802932643884, -34.90485069150243191, -19.59281012094956154 ) ) ;
#680 = CARTESIAN_POINT ( 'NONE',  ( 5.507993753922509228, -41.96795358764840245, 1.124072784890854049 ) ) ;
#681 = CARTESIAN_POINT ( 'NONE',  ( 17.75841179683910909, -40.28156867833060772, 15.56062431282822267 ) ) ;
#682 = CARTESIAN_POINT ( 'NONE',  ( 12.99065809163615270, -38.27067789894964989, 0.8765433862777454177 ) ) ;
#683 = CARTESIAN_POINT ( 'NONE',  ( -9.179970489981760906, -42.08223716987230745, -5.310711738576870289 ) ) ;
#684 = CARTESIAN_POINT ( 'NONE',  ( 2.336810117976833467, -41.53332240127297581, 8.696428713617534001 ) ) ;
#685 = CARTESIAN_POINT ( 'NONE',  ( 20.36082540615130299, -23.68619686104764810, 39.70994965335955840 ) ) ;
#686 = CARTESIAN_POINT ( 'NONE',  ( -2.088352753548269547, -36.72939125712183284, 12.83832501099898060 ) ) ;
#687 = CARTESIAN_POINT ( 'NONE',  ( 5.507961991631749932, -41.74730526035120448, 6.840082897062740308 ) ) ;
#688 = CARTESIAN_POINT ( 'NONE',  ( 7.814619542127688057, -38.00801537987545231, 4.503057902270452217 ) ) ;
#689 = CARTESIAN_POINT ( 'NONE',  ( 8.199505439508493865, -14.62375297484921433, -48.05483550853269037 ) ) ;
#690 = DIRECTION ( 'NONE',  ( -4.358035504719014162E-17, -1.000000000000000000, -8.999164821510849529E-17 ) ) ;
#691 = ORIENTED_EDGE ( 'NONE', *, *, #6788, .T. ) ;
#692 = CARTESIAN_POINT ( 'NONE',  ( -8.954976007092676937, -42.27004350321495707, 0.8991164035047940484 ) ) ;
#693 = CARTESIAN_POINT ( 'NONE',  ( 18.66623112634056980, -42.19092632590381697, 3.171157954207687091 ) ) ;
#694 = CARTESIAN_POINT ( 'NONE',  ( 17.38189796030462375, -39.38866088590837933, -18.60452717451092397 ) ) ;
#695 = TOROIDAL_SURFACE ( 'NONE', #5693, 20.00000000000000000, 6.000000000000000000 ) ;
#696 = VERTEX_POINT ( 'NONE', #1937 ) ;
#697 = CARTESIAN_POINT ( 'NONE',  ( -8.554639278091331178, -38.14649001833200259, -2.866826305013886245 ) ) ;
#698 = CARTESIAN_POINT ( 'NONE',  ( 132.1963904380766053, -50.78462308660660085, 5.608440296249299316E-15 ) ) ;
#699 = CARTESIAN_POINT ( 'NONE',  ( -8.855196200313150356, -42.23343727972039829, -1.614440787517435805 ) ) ;
#700 = CARTESIAN_POINT ( 'NONE',  ( 9.282365293880118884, -16.61462128644723180, 46.46163416952751390 ) ) ;
#701 = CARTESIAN_POINT ( 'NONE',  ( 96.11412129959387585, -58.93658393131474327, 16.84832778263185915 ) ) ;
#702 = ORIENTED_EDGE ( 'NONE', *, *, #5730, .F. ) ;
#703 = CARTESIAN_POINT ( 'NONE',  ( -4.259443137613194708, -6.042206017373009885, 53.98290812280549744 ) ) ;
#704 = CARTESIAN_POINT ( 'NONE',  ( 69.65500000000000114, -58.93658393131480011, -2.033582938513375123E-15 ) ) ;
#705 = CARTESIAN_POINT ( 'NONE',  ( 8.581596599220931765, -38.15520953477447108, 2.716481714467040565 ) ) ;
#706 = CARTESIAN_POINT ( 'NONE',  ( 8.980326197345901207, -42.28336029224293213, 0.5973155957097201485 ) ) ;
#707 = FACE_OUTER_BOUND ( 'NONE', #4117, .T. ) ;
#708 = CARTESIAN_POINT ( 'NONE',  ( -4.585697346537225272, -36.86969117054763245, 12.17169216913414331 ) ) ;
#709 = CARTESIAN_POINT ( 'NONE',  ( 0.2887713279693934210, -41.48880759172220678, -9.000204209172899539 ) ) ;
#710 = ORIENTED_EDGE ( 'NONE', *, *, #6747, .T. ) ;
#711 = CARTESIAN_POINT ( 'NONE',  ( 5.508001701973130437, -41.96944799685734750, -0.3062754896139545102 ) ) ;
#712 = PRESENTATION_LAYER_ASSIGNMENT (  '', '', ( #7550 ) ) ;
#713 = VERTEX_POINT ( 'NONE', #787 ) ;
#714 = DIRECTION ( 'NONE',  ( 0.000000000000000000, 1.000000000000000000, 0.000000000000000000 ) ) ;
#715 = EDGE_CURVE ( 'NONE', #5624, #3318, #173, .T. ) ;
#716 = CARTESIAN_POINT ( 'NONE',  ( 4.234247034024029508E-05, -41.54461856230044958, -7.620041973057389839 ) ) ;
#717 = CARTESIAN_POINT ( 'NONE',  ( -7.344001134591909619, -42.10616211114324869, 0.2041632554519854925 ) ) ;
#718 = CARTESIAN_POINT ( 'NONE',  ( 8.995393724943705038, -42.29672930112821660, -0.2973208612803695527 ) ) ;
#719 = CARTESIAN_POINT ( 'NONE',  ( 7.307549558611831308, -37.15657147097711288, 10.68731858921313105 ) ) ;
#720 = CARTESIAN_POINT ( 'NONE',  ( -7.343948989041109598, -41.69036013678054786, -9.180062146499889053 ) ) ;
#721 = ORIENTED_EDGE ( 'NONE', *, *, #7336, .F. ) ;
#722 = CARTESIAN_POINT ( 'NONE',  ( 7.802885402849907948, -38.00805492142834652, -4.487547975994682581 ) ) ;
#723 = CARTESIAN_POINT ( 'NONE',  ( 20.36082540615130299, -6.042206017372979687, 53.98290812280559692 ) ) ;
#724 = CARTESIAN_POINT ( 'NONE',  ( -2.614125386566707565, -36.75154455612411653, 12.73490570708300496 ) ) ;
#725 = EDGE_CURVE ( 'NONE', #7071, #7005, #7167, .T. ) ;
#726 = CARTESIAN_POINT ( 'NONE',  ( 9.179961991574881353, -41.98502101336310233, 6.840103301353389398 ) ) ;
#727 = CARTESIAN_POINT ( 'NONE',  ( 2.938428036947189792, -37.51743797996088148, 8.511903947728772124 ) ) ;
#728 = CARTESIAN_POINT ( 'NONE',  ( 171.6944912298133090, -9.999999999999996447, 53.88982645011240180 ) ) ;
#729 = CARTESIAN_POINT ( 'NONE',  ( -5.747812694102960350E-15, -38.31026286157670313, 0.000000000000000000 ) ) ;
#730 = ORIENTED_EDGE ( 'NONE', *, *, #2172, .F. ) ;
#731 = CARTESIAN_POINT ( 'NONE',  ( -8.181584640464489411, -42.08777644866486867, 3.750518071380238183 ) ) ;
#732 = CARTESIAN_POINT ( 'NONE',  ( 18.16887715104982703, -41.22079245585926088, 10.68717129574470093 ) ) ;
#733 = CARTESIAN_POINT ( 'NONE',  ( 16.99369198094186828, -38.47193043318556249, -21.49106298985061869 ) ) ;
#734 = VERTEX_POINT ( 'NONE', #7087 ) ;
#735 = CARTESIAN_POINT ( 'NONE',  ( -3.897636403116356618, -37.57431018099795494, -8.127588511178343467 ) ) ;
#736 = MECHANICAL_DESIGN_GEOMETRIC_PRESENTATION_REPRESENTATION (  '', ( #2080 ), #2810 ) ;
#737 = AXIS2_PLACEMENT_3D ( 'NONE', #6518, #2343, #2306 ) ;
#738 = CARTESIAN_POINT ( 'NONE',  ( -8.695199106758227714, -42.19041312908773023, 2.341126363877499283 ) ) ;
#739 = CARTESIAN_POINT ( 'NONE',  ( 76.79641648567654499, -63.39640923772800818, -8.420619387968189429 ) ) ;
#740 = CARTESIAN_POINT ( 'NONE',  ( -18.00000000000000000, -15.84325058705650058, -47.33309916941539797 ) ) ;
#741 = CARTESIAN_POINT ( 'NONE',  ( 12.33325034156387012, -33.22972007004623407, 41.67014294537386832 ) ) ;
#742 = EDGE_LOOP ( 'NONE', ( #6001, #761 ) ) ;
#743 = CARTESIAN_POINT ( 'NONE',  ( 103.1449999999999108, -58.93658393131474327, 9.891171654269799163 ) ) ;
#744 = CARTESIAN_POINT ( 'NONE',  ( 40.60360956192334925, -50.78462308660660085, -1.121688059249859863E-14 ) ) ;
#745 = CARTESIAN_POINT ( 'NONE',  ( 6.392640454235102077, -37.81031878254536593, 6.335158363903877543 ) ) ;
#746 = CARTESIAN_POINT ( 'NONE',  ( 7.790834242062133264, -42.02321298208750733, 4.515416826898952962 ) ) ;
#747 = CARTESIAN_POINT ( 'NONE',  ( 149.6614994673865908, -58.99259783589949535, 1.137326972296151752E-14 ) ) ;
#748 = DIRECTION ( 'NONE',  ( 0.000000000000000000, 1.000000000000000000, 0.000000000000000000 ) ) ;
#749 = CARTESIAN_POINT ( 'NONE',  ( -0.3925722894766204840, -36.70784611103911743, 12.93738343105540167 ) ) ;
#750 = FACE_OUTER_BOUND ( 'NONE', #6580, .T. ) ;
#751 = VERTEX_POINT ( 'NONE', #5459 ) ;
#752 = CARTESIAN_POINT ( 'NONE',  ( -9.179983152608048869, -42.20094904036890426, -3.031918295454449908 ) ) ;
#753 = CARTESIAN_POINT ( 'NONE',  ( 6.382011782499714236, -37.80908641603779330, -6.345868087725703433 ) ) ;
#754 = ORIENTED_EDGE ( 'NONE', *, *, #3045, .F. ) ;
#755 = CARTESIAN_POINT ( 'NONE',  ( -12.99864817594080080, -38.30611261494834707, 0.03755347317486655567 ) ) ;
#756 =( BOUNDED_CURVE ( )  B_SPLINE_CURVE ( 3, ( #659, #6555, #2416, #2341 ),
 .UNSPECIFIED., .F., .F. ) 
 B_SPLINE_CURVE_WITH_KNOTS ( ( 4, 4 ),
 ( 0.000000000000000000, 1.000000000000000000 ),
 .UNSPECIFIED. ) 
 CURVE ( )  GEOMETRIC_REPRESENTATION_ITEM ( )  RATIONAL_B_SPLINE_CURVE ( ( 1.000000000000000000, 0.3333333333333335369, 0.3333333333333335369, 1.000000000000000000 ) ) 
 REPRESENTATION_ITEM ( '' )  );
#757 = CARTESIAN_POINT ( 'NONE',  ( 17.01964974513818518, -31.73957597865920732, -27.38337647850491763 ) ) ;
#758 = CARTESIAN_POINT ( 'NONE',  ( -3.671999999943150073, -41.88125511300085435, -2.040429064798975216E-05 ) ) ;
#759 = CARTESIAN_POINT ( 'NONE',  ( 7.636156702349115477, -41.99951341889551060, -4.764528609138463544 ) ) ;
#760 = CARTESIAN_POINT ( 'NONE',  ( 0.4875835940445566452, -6.042206017375280069, -58.61996200337880225 ) ) ;
#761 = ORIENTED_EDGE ( 'NONE', *, *, #6874, .T. ) ;
#762 = EDGE_CURVE ( 'NONE', #6520, #115, #6081, .T. ) ;
#763 = CARTESIAN_POINT ( 'NONE',  ( -4.494243848048454559, -37.62077939669993754, -7.799048259728565746 ) ) ;
#764 = CARTESIAN_POINT ( 'NONE',  ( -71.46669839058749574, -6.042206017375310267, -137.7671940876994086 ) ) ;
#765 = CARTESIAN_POINT ( 'NONE',  ( -1.665942862881365283, -36.71602838584379214, 12.89999282206905740 ) ) ;
#766 = CARTESIAN_POINT ( 'NONE',  ( 9.179988453236822110, -42.24575219287114436, 2.078005742317974747 ) ) ;
#767 = CARTESIAN_POINT ( 'NONE',  ( -8.020407270648588494, -38.04457771964995771, 4.093871978307061177 ) ) ;
#768 = CARTESIAN_POINT ( 'NONE',  ( 7.343988453265270167, -42.08122616298214780, 2.077995540172650202 ) ) ;
#770 = EDGE_CURVE ( 'NONE', #6968, #1712, #1464, .T. ) ;
#769 = CARTESIAN_POINT ( 'NONE',  ( 5.507988453293689801, -41.96221732434155172, 2.077985338027330098 ) ) ;
#771 = ORIENTED_EDGE ( 'NONE', *, *, #19, .F. ) ;
#772 = CARTESIAN_POINT ( 'NONE',  ( -8.996760437125015386, -42.29938234871601566, 0.2416355373728440170 ) ) ;
#773 = CARTESIAN_POINT ( 'NONE',  ( 15.41896992180375570, -34.89355102901667038, 29.86839115464590577 ) ) ;
#774 = CARTESIAN_POINT ( 'NONE',  ( 10.80188599223383150, -25.40607446155304316, -43.44831461825565810 ) ) ;
#775 = CARTESIAN_POINT ( 'NONE',  ( -8.999599686198415327, -38.30841755780890878, 0.09801692493570794695 ) ) ;
#776 = CARTESIAN_POINT ( 'NONE',  ( 18.29766347263496584, -41.49486386156812756, 8.963701678953759355 ) ) ;
#777 = CARTESIAN_POINT ( 'NONE',  ( -5.492542446428483771, -41.74082137630377787, 7.154204522162525670 ) ) ;
#778 = CARTESIAN_POINT ( 'NONE',  ( 2.044064863727578452, -41.52319278626904975, -8.766064382400907462 ) ) ;
#779 = DIRECTION ( 'NONE',  ( 1.000000000000000000, 0.000000000000000000, 0.000000000000000000 ) ) ;
#780 = CARTESIAN_POINT ( 'NONE',  ( 132.1963904380772021, -50.78462308660630242, 1.387778780781445991E-14 ) ) ;
#781 = ORIENTED_EDGE ( 'NONE', *, *, #2448, .T. ) ;
#782 = CARTESIAN_POINT ( 'NONE',  ( -18.00000000000000000, -6.042206017372996563, -31.95317545291229777 ) ) ;
#783 = CARTESIAN_POINT ( 'NONE',  ( 0.4875835940444300243, -6.042206017373318971, -58.61996200337869567 ) ) ;
#784 = B_SPLINE_CURVE_WITH_KNOTS ( 'NONE', 3,
 ( #4461, #2017, #4423, #7217 ),
 .UNSPECIFIED., .F., .F.,
 ( 4, 4 ),
 ( 0.000000000000000000, 1.000000000000000000 ),
 .UNSPECIFIED. ) ;
#785 = CARTESIAN_POINT ( 'NONE',  ( -8.795827506700842235, -38.20933602287421849, 1.906157673106584571 ) ) ;
#786 = CARTESIAN_POINT ( 'NONE',  ( 5.346129629418379103, -41.72943890655458432, 7.247409774421711859 ) ) ;
#787 = CARTESIAN_POINT ( 'NONE',  ( 226.6457644257074833, -70.00000000000000000, -137.7671940876994086 ) ) ;
#788 = CARTESIAN_POINT ( 'NONE',  ( 17.39932795357866269, -39.42999906509728447, -18.46341247698636678 ) ) ;
#789 = CARTESIAN_POINT ( 'NONE',  ( 11.81616067885760479, -37.92049667948513303, 5.367639389171193542 ) ) ;
#790 = CARTESIAN_POINT ( 'NONE',  ( -8.075075194963334368, -42.06890620987525864, -3.985078088799907103 ) ) ;
#791 = CARTESIAN_POINT ( 'NONE',  ( 2.101146922263804861E-05, -41.73257342393090141, -3.781269165073750216 ) ) ;
#792 = CARTESIAN_POINT ( 'NONE',  ( 6.873917782766339357, -37.87083465215634703, -5.811282425739302759 ) ) ;
#793 = CARTESIAN_POINT ( 'NONE',  ( 14.14778666441027966, -25.86098040911295115, -36.69781041271787814 ) ) ;
#794 = CARTESIAN_POINT ( 'NONE',  ( -17.99999999999999645, -6.042206017373000115, -53.98290812280549744 ) ) ;
#795 = CARTESIAN_POINT ( 'NONE',  ( -5.507998865209089878, -41.97550274093775613, -0.2042346704692465098 ) ) ;
#796 = CARTESIAN_POINT ( 'NONE',  ( 8.415313772919251534, -42.13106220973394755, -3.192686763143429918 ) ) ;
#797 = CARTESIAN_POINT ( 'NONE',  ( -8.984592505527473350, -37.38925013460760027, 9.334770351991149795 ) ) ;
#798 = VERTEX_POINT ( 'NONE', #1821 ) ;
#799 = CARTESIAN_POINT ( 'NONE',  ( 2.350129294884137465, -37.48792084575956096, -8.707844353606475352 ) ) ;
#800 = B_SPLINE_CURVE_WITH_KNOTS ( 'NONE', 3,
 ( #4067, #2574, #6704, #6670, #6135, #3760, #2073, #163, #738, #6026, #4298, #7238, #6742, #4405, #1468, #4870, #777, #1607, #7308, #3112, #3935, #5451, #3073, #1430, #2002, #5410, #815, #1928, #2495, #4829, #2535, #3796, #7158, #4987, #4260, #6595, #3190, #5527, #1356, #3680, #4334, #6101, #5488, #203, #7196, #242, #1965, #6063, #6632, #1393, #3721, #3151, #4911, #890, #852, #280, #4369, #2612, #3225, #4949, #7276, #5565 ),
 .UNSPECIFIED., .F., .F.,
 ( 4, 2, 2, 2, 2, 2, 2, 2, 2, 2, 2, 2, 2, 2, 2, 2, 2, 2, 2, 2, 2, 2, 2, 2, 2, 2, 2, 2, 2, 2, 4 ),
 ( 0.000000000000000000, 0.01562499999999993755, 0.03124999999999987510, 0.06249999999999980571, 0.09374999999999977796, 0.1249999999999997502, 0.1874999999999997502, 0.2499999999999997224, 0.3124999999999997224, 0.3437499999999997224, 0.3749999999999997780, 0.4062499999999998335, 0.4374999999999998335, 0.4687499999999998890, 0.4999999999999998890, 0.5624999999999998890, 0.6249999999999997780, 0.6562499999999997780, 0.6874999999999997780, 0.7187499999999997780, 0.7499999999999997780, 0.7812499999999997780, 0.8124999999999997780, 0.8437499999999997780, 0.8749999999999996669, 0.9374999999999998890, 0.9531250000000000000, 0.9609374999999998890, 0.9687499999999998890, 0.9843750000000000000, 1.000000000000000000 ),
 .UNSPECIFIED. ) ;
#801 = DIRECTION ( 'NONE',  ( 0.000000000000000000, 0.000000000000000000, -1.000000000000000000 ) ) ;
#802 = CARTESIAN_POINT ( 'NONE',  ( 19.80244648021073672, -37.90130432380733083, 5.660359114249287060 ) ) ;
#803 = CARTESIAN_POINT ( 'NONE',  ( -7.344005109469100567, -42.10820935120749198, 0.9194906970830359905 ) ) ;
#804 = ADVANCED_FACE ( 'NONE', ( #4270 ), #4082, .F. ) ;
#805 = CARTESIAN_POINT ( 'NONE',  ( -6.699752149159826864, -37.84796524349640379, 6.016722713925823030 ) ) ;
#806 = CARTESIAN_POINT ( 'NONE',  ( -3.405820646415295385E-06, -41.79101289185604884, 0.6129188008571170299 ) ) ;
#807 = CARTESIAN_POINT ( 'NONE',  ( -4.234247036814634441E-05, -41.54461856202144787, 7.620041973057389839 ) ) ;
#808 = VERTEX_POINT ( 'NONE', #3003 ) ;
#809 = CARTESIAN_POINT ( 'NONE',  ( 64.85924837549447375, -6.042206017375218785, 101.7737316650793957 ) ) ;
#810 = CARTESIAN_POINT ( 'NONE',  ( 17.23587674188792462, -39.04280789751609149, 19.74888388769836922 ) ) ;
#811 = CARTESIAN_POINT ( 'NONE',  ( 13.88556801504149085, -31.61567152917007917, -35.46740544693015096 ) ) ;
#812 = CARTESIAN_POINT ( 'NONE',  ( 8.427507496110706597, -38.12162924980886913, 3.172344864355341354 ) ) ;
#813 = CARTESIAN_POINT ( 'NONE',  ( 13.98369566551541077, -31.82067221183763195, 35.15333754117659737 ) ) ;
#814 = EDGE_CURVE ( 'NONE', #17, #6994, #1286, .T. ) ;
#815 = CARTESIAN_POINT ( 'NONE',  ( -1.172851373277237874, -41.49943496707153656, 8.928241869315067802 ) ) ;
#816 = CARTESIAN_POINT ( 'NONE',  ( -13.15518455823439936, -37.58412590509600193, 8.970993739684610446 ) ) ;
#817 = CARTESIAN_POINT ( 'NONE',  ( 0.1419332141556104154, -20.95902901126090256, -1.818711480347215081 ) ) ;
#818 = ORIENTED_EDGE ( 'NONE', *, *, #620, .F. ) ;
#819 = CARTESIAN_POINT ( 'NONE',  ( 8.707826085479483780, -42.19347942324065315, 2.293661209732360540 ) ) ;
#820 = CARTESIAN_POINT ( 'NONE',  ( 54.88684423297736714, -56.13001623236052495, -63.02631153404517761 ) ) ;
#821 = CARTESIAN_POINT ( 'NONE',  ( -8.918555528448308678, -38.25004506629297651, 1.208879737467013493 ) ) ;
#822 = CARTESIAN_POINT ( 'NONE',  ( 8.777937932646517893, -42.21186198637946063, 1.988983387272107661 ) ) ;
#823 = CARTESIAN_POINT ( 'NONE',  ( -12.53283318597848250, -6.042206017371011484, -197.8656663719569906 ) ) ;
#824 = CARTESIAN_POINT ( 'NONE',  ( 18.82837672200435364, -42.30756013076910449, -7.696413152913569585E-15 ) ) ;
#825 = CIRCLE ( 'NONE', #5100, 13.99999999999999822 ) ;
#826 = CARTESIAN_POINT ( 'NONE',  ( 7.918562053949468549, -37.23125193343491190, 10.27914008790702027 ) ) ;
#827 = CARTESIAN_POINT ( 'NONE',  ( 3.419772135426968340, -38.31026286157669603, 12.65651523543034962 ) ) ;
#828 = B_SPLINE_SURFACE_WITH_KNOTS ( 'NONE', 2, 1, ( 
 ( #4583, #4092 ),
 ( #5780, #4619 ),
 ( #5246, #5284 ) ),
 .UNSPECIFIED., .F., .F., .F.,
 ( 3, 3 ),
 ( 2, 2 ),
 ( 0.07696326179983789539, 1.000000000000000000 ),
 ( 0.000000000000000000, 1.000000000000000000 ),
 .UNSPECIFIED. ) ;
#829 = CARTESIAN_POINT ( 'NONE',  ( 69.65500000000000114, -58.25464714294840007, 3.718136909469649001E-14 ) ) ;
#830 = CARTESIAN_POINT ( 'NONE',  ( 8.377898039195605051, -38.11210365307605485, -3.288217028859313995 ) ) ;
#831 = CARTESIAN_POINT ( 'NONE',  ( 4.559421404206525530, -13.56908263843092399, 53.83432138339051676 ) ) ;
#832 = CARTESIAN_POINT ( 'NONE',  ( -10.94826979804049927, -38.30791815028960201, 0.08391172956540508820 ) ) ;
#833 = LINE ( 'NONE', #261, #977 ) ;
#834 = CARTESIAN_POINT ( 'NONE',  ( -7.343998297827839750, -42.11316998251304966, -0.3063469046312060073 ) ) ;
#835 = CARTESIAN_POINT ( 'NONE',  ( 8.956149962667433684, -42.27060452142887215, -0.8873462935326446033 ) ) ;
#836 = CARTESIAN_POINT ( 'NONE',  ( -10.27410205676423338, -37.60328503914612241, 7.946820157780663862 ) ) ;
#837 = EDGE_LOOP ( 'NONE', ( #1923, #3656, #3606, #6085 ) ) ;
#838 = CARTESIAN_POINT ( 'NONE',  ( 0.3114436066676191106, -37.44264839152050683, -8.999500640297988241 ) ) ;
#839 = CARTESIAN_POINT ( 'NONE',  ( 19.39529427382022320, -37.09829440406650747, 11.31294689175899570 ) ) ;
#840 = CARTESIAN_POINT ( 'NONE',  ( -5.508001134620349681, -41.97551094595849719, 0.2041734575973070120 ) ) ;
#841 = CARTESIAN_POINT ( 'NONE',  ( -4.298939187799228456, -37.60531239462743258, 7.908375791432393775 ) ) ;
#842 = AXIS2_PLACEMENT_3D ( 'NONE', #3035, #3688, #5954 ) ;
#843 = CARTESIAN_POINT ( 'NONE',  ( -3.672016847192949740, -41.84322007454385073, 3.031846880437194969 ) ) ;
#844 = CIRCLE ( 'NONE', #1824, 12.74499999999999922 ) ;
#845 = VERTEX_POINT ( 'NONE', #3611 ) ;
#846 = CARTESIAN_POINT ( 'NONE',  ( 169.5657399498917641, -6.042206017375270299, 62.49243153138844775 ) ) ;
#847 = DIRECTION ( 'NONE',  ( -1.459419050929604667E-16, -1.000000000000000000, 2.084884358470868432E-17 ) ) ;
#848 = CARTESIAN_POINT ( 'NONE',  ( 16.27156984835227860, -36.79667087389084656, -25.87288447634449540 ) ) ;
#849 = CIRCLE ( 'NONE', #1827, 12.74499999999999922 ) ;
#850 = CARTESIAN_POINT ( 'NONE',  ( 8.089594947910796918, -38.05545425819034477, 3.988094742798911074 ) ) ;
#851 = CARTESIAN_POINT ( 'NONE',  ( 15.72971308943771263, -35.57771439200543284, 28.53165327881884750 ) ) ;
#852 = CARTESIAN_POINT ( 'NONE',  ( 8.923586778539384312, -42.25644038533859259, 1.173651834048647702 ) ) ;
#853 = CARTESIAN_POINT ( 'NONE',  ( 8.978088546079744603, -42.27802430772667464, -0.7415879892960706155 ) ) ;
#854 = CARTESIAN_POINT ( 'NONE',  ( 20.34536719873065280, -11.27713467053115970, -50.82238809104900668 ) ) ;
#855 = CARTESIAN_POINT ( 'NONE',  ( -13.74273608753901321, -6.042206017369085025, 56.34055965669480770 ) ) ;
#856 = VERTEX_POINT ( 'NONE', #5957 ) ;
#857 = CIRCLE ( 'NONE', #1956, 13.99999999999999822 ) ;
#858 = CARTESIAN_POINT ( 'NONE',  ( -7.932325943518835132, -38.31026286157675287, 10.37433737848164661 ) ) ;
#859 = ADVANCED_FACE ( 'NONE', ( #707 ), #7484, .F. ) ;
#860 = CARTESIAN_POINT ( 'NONE',  ( 69.65500000000000114, -58.93658393131480011, -4.101342130344464114E-15 ) ) ;
#861 = VECTOR ( 'NONE', #2960, 1000.000000000000000 ) ;
#862 = CARTESIAN_POINT ( 'NONE',  ( -6.982939393175749743, -37.88529763185297838, 5.679792245108383320 ) ) ;
#863 = CARTESIAN_POINT ( 'NONE',  ( 8.703392006473151810, -42.19297934725424426, 2.295826573664213832 ) ) ;
#864 = CARTESIAN_POINT ( 'NONE',  ( 11.25059793071228498, -37.78813396278130199, 6.527270032027212565 ) ) ;
#865 = CARTESIAN_POINT ( 'NONE',  ( 12.90240308082003473, -38.22508957689770170, 1.717530544802604364 ) ) ;
#866 = B_SPLINE_CURVE_WITH_KNOTS ( 'NONE', 3,
 ( #47, #4140, #5834, #1084 ),
 .UNSPECIFIED., .F., .F.,
 ( 4, 4 ),
 ( 0.000000000000000000, 0.6259866010010477488 ),
 .UNSPECIFIED. ) ;
#867 = FACE_OUTER_BOUND ( 'NONE', #6674, .T. ) ;
#868 = CARTESIAN_POINT ( 'NONE',  ( -3.671948989097970184, -41.51274014766394771, -9.180041742209249733 ) ) ;
#869 = EDGE_CURVE ( 'NONE', #6968, #1959, #5355, .T. ) ;
#870 = DIRECTION ( 'NONE',  ( -0.000000000000000000, -1.000000000000000000, -0.000000000000000000 ) ) ;
#871 = CARTESIAN_POINT ( 'NONE',  ( -12.64710761350915824, -38.13257215423436719, 3.038257161261831207 ) ) ;
#872 = CARTESIAN_POINT ( 'NONE',  ( 186.0054460919095050, -6.042206017375292504, 29.93370645518720607 ) ) ;
#873 = CARTESIAN_POINT ( 'NONE',  ( 19.70935808833037939, -37.73170010312385614, 7.080502682476596199 ) ) ;
#874 = CARTESIAN_POINT ( 'NONE',  ( 7.698787150631723364, -42.00898088716742507, -4.662068561584852056 ) ) ;
#875 = CARTESIAN_POINT ( 'NONE',  ( -4.136972431198504552, -36.84966951480382136, 12.26821071375904815 ) ) ;
#876 = VERTEX_POINT ( 'NONE', #7392 ) ;
#877 = CARTESIAN_POINT ( 'NONE',  ( 4.518126647750682956, -37.62222096532632065, -7.789423261115128838 ) ) ;
#878 = CARTESIAN_POINT ( 'NONE',  ( 0.000000000000000000, 0.000000000000000000, 0.000000000000000000 ) ) ;
#879 = CARTESIAN_POINT ( 'NONE',  ( -12.99864817594080080, -38.30611261494834707, 0.03755347317486755487 ) ) ;
#880 = CARTESIAN_POINT ( 'NONE',  ( 5.507998297856239844, -41.96944676530809915, 0.3063367024858759669 ) ) ;
#881 = CARTESIAN_POINT ( 'NONE',  ( -7.739116177445336753, -37.99725761836097604, 4.603560426549100804 ) ) ;
#882 = CARTESIAN_POINT ( 'NONE',  ( -5.508001701973160635, -41.96944799637174839, 0.3062754896139460170 ) ) ;
#883 = ORIENTED_EDGE ( 'NONE', *, *, #3699, .F. ) ;
#884 = CARTESIAN_POINT ( 'NONE',  ( 58.61028652683128115, -6.042206017375215232, 100.2481226728449428 ) ) ;
#885 = CARTESIAN_POINT ( 'NONE',  ( 184.0984465169088367, -8.689043034566344303, 29.12429474287398179 ) ) ;
#886 = CARTESIAN_POINT ( 'NONE',  ( 103.1449999999999960, -58.93658393131480011, 5.007450250832799374E-15 ) ) ;
#887 = CARTESIAN_POINT ( 'NONE',  ( -12.99864817594080080, -38.30611261494834707, 0.03755347317486755487 ) ) ;
#888 = CARTESIAN_POINT ( 'NONE',  ( 12.28321894486366794, -28.33924827439139449, 40.00635169319085094 ) ) ;
#889 = PRODUCT_DEFINITION_SHAPE ( 'NONE', 'NONE',  #4506 ) ;
#890 = CARTESIAN_POINT ( 'NONE',  ( 8.913684472471304687, -42.25269915812372545, 1.246560045248946480 ) ) ;
#891 = CARTESIAN_POINT ( 'NONE',  ( -4.507258665405525555, -41.65849135655781765, -7.791527797679319356 ) ) ;
#892 = CARTESIAN_POINT ( 'NONE',  ( -18.00000000000000000, -38.09024766049640220, -5.834977158582510093 ) ) ;
#893 = CARTESIAN_POINT ( 'NONE',  ( 179.0824426214870186, -13.94371515320615806, 4.163336342344334502E-14 ) ) ;
#894 = EDGE_LOOP ( 'NONE', ( #3800, #5009, #3432, #1023 ) ) ;
#895 = CARTESIAN_POINT ( 'NONE',  ( 7.676897878070435333, -42.00604723426232567, 4.697918001683576428 ) ) ;
#896 = CARTESIAN_POINT ( 'NONE',  ( -8.524632283627788354, -42.15264578529613004, 2.901450209549411241 ) ) ;
#897 = CARTESIAN_POINT ( 'NONE',  ( -8.665365510306036967, -38.17501835235353980, 2.435504244647038963 ) ) ;
#898 = CARTESIAN_POINT ( 'NONE',  ( 20.36082540615130299, -32.29571161549034741, 26.62793936103274817 ) ) ;
#899 = DIRECTION ( 'NONE',  ( 0.000000000000000000, 4.956352788505163268E-16, 1.000000000000000000 ) ) ;
#900 = CARTESIAN_POINT ( 'NONE',  ( 170.1723395384229889, -6.042206017369098348, 52.62984524453859336 ) ) ;
#901 = EDGE_CURVE ( 'NONE', #3579, #2726, #849, .T. ) ;
#902 = CARTESIAN_POINT ( 'NONE',  ( 12.99708902502160335, -38.31026286157670313, 1.719853551493901733 ) ) ;
#903 = ORIENTED_EDGE ( 'NONE', *, *, #3115, .F. ) ;
#904 = CYLINDRICAL_SURFACE ( 'NONE', #5800, 16.74499999999999744 ) ;
#905 = FACE_OUTER_BOUND ( 'NONE', #3264, .T. ) ;
#906 = DIRECTION ( 'NONE',  ( 1.000000000000000000, 0.000000000000000000, 0.000000000000000000 ) ) ;
#907 = FACE_OUTER_BOUND ( 'NONE', #7421, .T. ) ;
#908 = LINE ( 'NONE', #4931, #248 ) ;
#909 = AXIS2_PLACEMENT_3D ( 'NONE', #3643, #665, #169 ) ;
#910 = EDGE_CURVE ( 'NONE', #7313, #4647, #5816, .T. ) ;
#911 = CARTESIAN_POINT ( 'NONE',  ( -5.728487628163128953, -41.76636057267352697, -6.943409976904568737 ) ) ;
#912 = CARTESIAN_POINT ( 'NONE',  ( -1.769611955047273311, -36.73351915910374998, 12.81866688872417726 ) ) ;
#913 = EDGE_LOOP ( 'NONE', ( #7295, #4490, #1556 ) ) ;
#914 = CARTESIAN_POINT ( 'NONE',  ( 0.6039577602432406600, -37.44498897944143323, -8.984622567314660913 ) ) ;
#915 = CIRCLE ( 'NONE', #3593, 19.99999999999999645 ) ;
#916 = FILL_AREA_STYLE ('',( #4502 ) ) ;
#917 = VECTOR ( 'NONE', #5739, 1000.000000000000000 ) ;
#918 = CARTESIAN_POINT ( 'NONE',  ( 3.672001134648750220, -41.88910343578135098, -0.2041836597426380240 ) ) ;
#919 = CARTESIAN_POINT ( 'NONE',  ( 3.981356381376170539, -41.62033499359360178, -8.076976665173241088 ) ) ;
#920 = CARTESIAN_POINT ( 'NONE',  ( -9.180021011327090363, -42.16513681441784911, 3.781218154347139926 ) ) ;
#921 = ORIENTED_EDGE ( 'NONE', *, *, #7116, .F. ) ;
#922 = CARTESIAN_POINT ( 'NONE',  ( 0.4875835940453340234, -6.042206017375219673, 58.61996200337879515 ) ) ;
#923 = CARTESIAN_POINT ( 'NONE',  ( -18.00000000000000000, -26.96475769767874908, 35.57686982298324807 ) ) ;
#924 = CARTESIAN_POINT ( 'NONE',  ( -71.46669839058749574, -70.00000000000000000, 137.9613978004092019 ) ) ;
#925 = DIRECTION ( 'NONE',  ( 0.000000000000000000, 0.000000000000000000, 1.000000000000000000 ) ) ;
#926 = CARTESIAN_POINT ( 'NONE',  ( 18.28405919940597002, -41.46660063039097821, 9.153084750286165416 ) ) ;
#927 = CARTESIAN_POINT ( 'NONE',  ( 5.934699936940134535, -41.78666077257359035, -6.772552945452147810 ) ) ;
#928 = DIRECTION ( 'NONE',  ( -0.000000000000000000, -1.000000000000000000, -0.000000000000000000 ) ) ;
#929 = CARTESIAN_POINT ( 'NONE',  ( 226.6457644257074833, -6.042206017375248983, 137.9613978004092019 ) ) ;
#930 = EDGE_LOOP ( 'NONE', ( #4319, #4970 ) ) ;
#931 = CARTESIAN_POINT ( 'NONE',  ( -11.30805058077606162, -38.31026286157674576, 6.569230066026495507 ) ) ;
#932 = CARTESIAN_POINT ( 'NONE',  ( 3.724233451663904404, -41.60358024548283140, 8.198606948812638961 ) ) ;
#933 = CARTESIAN_POINT ( 'NONE',  ( -6.179934921154396577, -37.78519113510043326, 6.543068996673391702 ) ) ;
#934 = CARTESIAN_POINT ( 'NONE',  ( -12.40567565322030319, -38.30229695359462738, 0.06248369430271749625 ) ) ;
#935 = CARTESIAN_POINT ( 'NONE',  ( 11.03215915006232173, -37.74287746611000927, 6.889811631293117244 ) ) ;
#936 = CARTESIAN_POINT ( 'NONE',  ( -7.343978988417039666, -42.01818542903539822, -3.781309973655035073 ) ) ;
#937 = CARTESIAN_POINT ( 'NONE',  ( -7.952213677233447520, -38.31026286157669603, 10.42326805731027228 ) ) ;
#938 = ORIENTED_EDGE ( 'NONE', *, *, #1941, .T. ) ;
#939 = LINE ( 'NONE', #5001, #537 ) ;
#940 = CARTESIAN_POINT ( 'NONE',  ( -8.727251208246057601, -38.18736135489523065, -2.276750320696153462 ) ) ;
#941 = EDGE_CURVE ( 'NONE', #6753, #7543, #1880, .T. ) ;
#942 = CARTESIAN_POINT ( 'NONE',  ( -12.81294052768647695, -38.19073389167535026, 2.200254536685751106 ) ) ;
#943 = CARTESIAN_POINT ( 'NONE',  ( -71.46669839058749574, 4.000000000000000000, -137.7671940876994086 ) ) ;
#944 = CARTESIAN_POINT ( 'NONE',  ( 14.32664066837066308, -26.21705898800249912, 36.20710168978786925 ) ) ;
#945 = CARTESIAN_POINT ( 'NONE',  ( -6.254206921452501788, -41.82159213042450574, -6.472118277562878497 ) ) ;
#946 = CARTESIAN_POINT ( 'NONE',  ( 9.000000000000000000, -42.30756013076910449, -3.038700567240354470E-15 ) ) ;
#947 = VERTEX_POINT ( 'NONE', #7464 ) ;
#948 = CARTESIAN_POINT ( 'NONE',  ( -3.672011546564145412, -41.86434211302900366, 2.077934327300719808 ) ) ;
#949 = CARTESIAN_POINT ( 'NONE',  ( 152.8722439315363886, -38.48506133258187845, -132.9444878630724531 ) ) ;
#950 = EDGE_CURVE ( 'NONE', #1538, #5178, #1632, .T. ) ;
#951 =( NAMED_UNIT ( * ) SI_UNIT ( $, .STERADIAN. ) SOLID_ANGLE_UNIT ( ) );
#952 = B_SPLINE_SURFACE_WITH_KNOTS ( 'NONE', 3, 1, ( 
 ( #5105, #3917 ),
 ( #972, #6181 ),
 ( #1480, #6256 ),
 ( #2695, #3306 ),
 ( #5030, #5646 ),
 ( #2731, #898 ),
 ( #4451, #3879 ),
 ( #398, #2046 ),
 ( #3197, #7317 ),
 ( #3341, #4377 ) ),
 .UNSPECIFIED., .F., .F., .F.,
 ( 4, 2, 2, 2, 4 ),
 ( 2, 2 ),
 ( 0.000000000000000000, 0.2500000000000000000, 0.5000000000000000000, 0.7500000000000000000, 1.000000000000000000 ),
 ( 0.000000000000000000, 1.000000000000000000 ),
 .UNSPECIFIED. ) ;
#953 = CARTESIAN_POINT ( 'NONE',  ( -3.672001134648780418, -41.88910343542099923, 0.2041836597426290312 ) ) ;
#954 = CARTESIAN_POINT ( 'NONE',  ( -3.991069150304319191, -41.62098965566505626, -8.072166327261177443 ) ) ;
#955 = CARTESIAN_POINT ( 'NONE',  ( 7.343999999886249519, -42.08584460787654535, 4.080858128201899867E-05 ) ) ;
#956 = B_SPLINE_CURVE_WITH_KNOTS ( 'NONE', 3,
 ( #6207, #4440, #961, #2718 ),
 .UNSPECIFIED., .F., .F.,
 ( 4, 4 ),
 ( 2.492623433475486954E-05, 0.9999604641525182691 ),
 .UNSPECIFIED. ) ;
#957 = VERTEX_POINT ( 'NONE', #4002 ) ;
#958 = PLANE ( 'NONE',  #2999 ) ;
#959 = FACE_OUTER_BOUND ( 'NONE', #3744, .T. ) ;
#960 = EDGE_CURVE ( 'NONE', #5952, #2912, #5993, .T. ) ;
#961 = CARTESIAN_POINT ( 'NONE',  ( -11.51018878249369060, -38.30198186976232932, 0.05472197067475440685 ) ) ;
#962 = CARTESIAN_POINT ( 'NONE',  ( -8.989238954010694727, -38.27529048949670454, 0.7339978097101733656 ) ) ;
#963 = VECTOR ( 'NONE', #7374, 1000.000000000000000 ) ;
#964 = CARTESIAN_POINT ( 'NONE',  ( -12.15951375773012799, -37.99650086751854161, 4.618102713524102398 ) ) ;
#965 = CARTESIAN_POINT ( 'NONE',  ( -8.540508519252142605, -42.15408512293215892, -2.899993811186179382 ) ) ;
#966 = CARTESIAN_POINT ( 'NONE',  ( 10.95479552364282050, -38.30638237426254733, 0.01622593985723659593 ) ) ;
#967 = CARTESIAN_POINT ( 'NONE',  ( 1.248793448865522571, -9.999999999999982236, -51.44449092964283921 ) ) ;
#968 = ORIENTED_EDGE ( 'NONE', *, *, #5966, .F. ) ;
#969 = CARTESIAN_POINT ( 'NONE',  ( -6.493896767346210908, -38.31026286157675287, 11.32506017201200699 ) ) ;
#970 = CARTESIAN_POINT ( 'NONE',  ( 3.179293884902441025, -41.57207127756999654, 8.424909787047131005 ) ) ;
#971 = CARTESIAN_POINT ( 'NONE',  ( 3.778149620731413805, -37.56809666502468303, -8.168880717434511496 ) ) ;
#972 = CARTESIAN_POINT ( 'NONE',  ( -18.00000000000000000, -11.27713467053115970, 50.82238809104900668 ) ) ;
#973 = CARTESIAN_POINT ( 'NONE',  ( 8.260915733422688589, -20.51331515932012550, -48.29586779329927282 ) ) ;
#974 = B_SPLINE_CURVE_WITH_KNOTS ( 'NONE', 3,
 ( #5388, #139, #4278, #6611, #5426, #6042, #3696, #7175, #7134, #1866, #4160, #793, #6649, #3129, #5467, #1982, #7218, #7053, #6574, #220, #2554, #4891 ),
 .UNSPECIFIED., .F., .F.,
 ( 4, 2, 2, 2, 2, 2, 2, 2, 2, 2, 4 ),
 ( 4.201283418381329682E-19, 0.01703952613440984365, 0.02129940766801230109, 0.02555928920161476547, 0.03407905226881968730, 0.03833893380242212739, 0.04259881533602457443, 0.05111857840322945462, 0.05537845993683190859, 0.05963834147043435563, 0.06815810453763923582 ),
 .UNSPECIFIED. ) ;
#975 = CARTESIAN_POINT ( 'NONE',  ( -7.343988453265300365, -42.08122616269734806, -2.077995540172655087 ) ) ;
#976 = DIRECTION ( 'NONE',  ( 0.000000000000000000, 0.000000000000000000, 1.000000000000000000 ) ) ;
#977 = VECTOR ( 'NONE', #1525, 1000.000000000000000 ) ;
#978 = VERTEX_POINT ( 'NONE', #5725 ) ;
#979 = CARTESIAN_POINT ( 'NONE',  ( -5.507948989069539891, -41.58977544978714747, -9.180051944354559623 ) ) ;
#980 = CARTESIAN_POINT ( 'NONE',  ( 3.571520514094926657, -37.55463748507086308, -8.261132385273842971 ) ) ;
#981 = CARTESIAN_POINT ( 'NONE',  ( 132.1963904380766053, -50.78462308660660085, 5.608440296249299316E-15 ) ) ;
#982 = CARTESIAN_POINT ( 'NONE',  ( -9.000000000000000000, -42.30661100815940046, -7.297419675591090932E-16 ) ) ;
#983 = CARTESIAN_POINT ( 'NONE',  ( 178.4528464308195055, -9.215142553923675095, 28.55202887813342727 ) ) ;
#984 = MECHANICAL_DESIGN_GEOMETRIC_PRESENTATION_REPRESENTATION (  '', ( #6608 ), #6119 ) ;
#985 = CARTESIAN_POINT ( 'NONE',  ( 3.492835589137043506, -41.59025383499887596, -8.294608692088299762 ) ) ;
#986 = CARTESIAN_POINT ( 'NONE',  ( 2.044064985433545978, -41.52319278939098268, -8.766064360942280587 ) ) ;
#987 = EDGE_LOOP ( 'NONE', ( #1605, #3077, #3576, #6094 ) ) ;
#988 = CARTESIAN_POINT ( 'NONE',  ( 7.343978988417019238, -42.01818542921504473, 3.781309973655029744 ) ) ;
#989 = EDGE_CURVE ( 'NONE', #4080, #3520, #143, .T. ) ;
#990 = CARTESIAN_POINT ( 'NONE',  ( 3.671998297884675022, -41.89111594139954775, 0.3063265003405539755 ) ) ;
#991 = CARTESIAN_POINT ( 'NONE',  ( -8.980863916448589279, -42.28337929619871716, -0.5991224933487614424 ) ) ;
#992 = CARTESIAN_POINT ( 'NONE',  ( -3.672001134648780418, -41.88910343542099923, 0.2041836597426290312 ) ) ;
#993 = ADVANCED_FACE ( 'NONE', ( #211 ), #5050, .F. ) ;
#994 = ORIENTED_EDGE ( 'NONE', *, *, #2823, .T. ) ;
#995 = CARTESIAN_POINT ( 'NONE',  ( -9.000028474184428973, -42.30708906031859584, -8.070543590473060038E-10 ) ) ;
#996 = CARTESIAN_POINT ( 'NONE',  ( 179.8382392356312494, 4.000000000000000000, 42.50214150462253571 ) ) ;
#997 = CARTESIAN_POINT ( 'NONE',  ( 179.8382392356312494, -6.042206017373009885, 42.50214150462253571 ) ) ;
#998 = CARTESIAN_POINT ( 'NONE',  ( -7.338142100748153318, -37.93587735178538622, 5.212775514393081622 ) ) ;
#999 =( BOUNDED_CURVE ( )  B_SPLINE_CURVE ( 3, ( #6355, #4516, #3946, #5175 ),
 .UNSPECIFIED., .F., .F. ) 
 B_SPLINE_CURVE_WITH_KNOTS ( ( 4, 4 ),
 ( 1.932193069600340051E-17, 0.2523827344788250882 ),
 .UNSPECIFIED. ) 
 CURVE ( )  GEOMETRIC_REPRESENTATION_ITEM ( )  RATIONAL_B_SPLINE_CURVE ( ( 0.6469761212235316528, 0.3682674978800073995, 0.4859421241388302004, 1.000000000000000000 ) ) 
 REPRESENTATION_ITEM ( '' )  );
#1000 = DIRECTION ( 'NONE',  ( 0.000000000000000000, 0.000000000000000000, 1.000000000000000000 ) ) ;
#1001 = DIRECTION ( 'NONE',  ( 0.000000000000000000, 1.000000000000000000, 0.000000000000000000 ) ) ;
#1002 = CARTESIAN_POINT ( 'NONE',  ( 183.4702377264419511, -6.042206017375323590, -37.75041258812491662 ) ) ;
#1003 = EDGE_CURVE ( 'NONE', #1825, #6932, #825, .T. ) ;
#1004 = PLANE ( 'NONE',  #7263 ) ;
#1005 = EDGE_LOOP ( 'NONE', ( #1308, #28, #1158, #664, #2194, #1500 ) ) ;
#1006 = CARTESIAN_POINT ( 'NONE',  ( -7.468480021259368939, -41.97499566259766368, 5.022140007276655105 ) ) ;
#1007 = CARTESIAN_POINT ( 'NONE',  ( -2.891415923634656160, -41.55744571647871055, 8.528049604729041278 ) ) ;
#1008 = CARTESIAN_POINT ( 'NONE',  ( 4.753691104761545105, -37.64180978685143941, -7.648735867934544075 ) ) ;
#1009 =( LENGTH_UNIT ( ) NAMED_UNIT ( * ) SI_UNIT ( .MILLI., .METRE. ) );
#1010 = CARTESIAN_POINT ( 'NONE',  ( 11.44632171540270349, -26.67343769765739481, -42.01644328703887510 ) ) ;
#1011 = AXIS2_PLACEMENT_3D ( 'NONE', #2979, #1302, #74 ) ;
#1012 = CARTESIAN_POINT ( 'NONE',  ( 5.508016847164491026, -41.92984125661909900, -3.031836678291880194 ) ) ;
#1013 = CARTESIAN_POINT ( 'NONE',  ( -22.00000000000000000, -6.042206017373970006, -58.61996200337829777 ) ) ;
#1014 = EDGE_CURVE ( 'NONE', #5798, #5365, #2415, .T. ) ;
#1015 = EDGE_LOOP ( 'NONE', ( #2167, #4420, #6106 ) ) ;
#1016 = CARTESIAN_POINT ( 'NONE',  ( 19.94252651915554964, -38.48506133258115369, -1.401225119901683858 ) ) ;
#1017 = CARTESIAN_POINT ( 'NONE',  ( -5.749163727106287425, -37.73688547624891498, -6.926202237755887836 ) ) ;
#1018 = CARTESIAN_POINT ( 'NONE',  ( -22.00000000000000000, -40.88189669053600284, 38.76238080152555199 ) ) ;
#1019 = CARTESIAN_POINT ( 'NONE',  ( 15.32359231327911253, -28.21126938818227003, 33.39418175058044369 ) ) ;
#1020 = CARTESIAN_POINT ( 'NONE',  ( 170.1723395384229889, -6.042206017369096571, 52.62984524453858626 ) ) ;
#1021 = CARTESIAN_POINT ( 'NONE',  ( 77.97938061203190330, -63.39640923772801528, 9.603583514322163950 ) ) ;
#1022 = CARTESIAN_POINT ( 'NONE',  ( 6.767258734539542075, -41.88123878046909709, -5.940727052411341802 ) ) ;
#1023 = ORIENTED_EDGE ( 'NONE', *, *, #4623, .F. ) ;
#1024 = CARTESIAN_POINT ( 'NONE',  ( 9.179970489981730708, -42.08223716966009675, 5.310711738576870289 ) ) ;
#1025 = CARTESIAN_POINT ( 'NONE',  ( -3.671988453322155177, -41.86434037993399215, -2.077975135882014879 ) ) ;
#1026 = CARTESIAN_POINT ( 'NONE',  ( 3.671957657472765035, -41.61891006581415553, 7.620062377348030047 ) ) ;
#1027 = CARTESIAN_POINT ( 'NONE',  ( 0.4875835940437119875, -6.042206017373253246, 58.61996200337885199 ) ) ;
#1028 = CARTESIAN_POINT ( 'NONE',  ( 3.672003405763750283, -41.88853576701350079, -0.6128983965664819289 ) ) ;
#1029 = CIRCLE ( 'NONE', #4456, 13.99999999999999822 ) ;
#1030 = FACE_OUTER_BOUND ( 'NONE', #6570, .T. ) ;
#1031 = CARTESIAN_POINT ( 'NONE',  ( 18.82837672200435364, -42.30756013076910449, -7.696413152913569585E-15 ) ) ;
#1032 = DIRECTION ( 'NONE',  ( 1.000000000000000000, 0.000000000000000000, 0.000000000000000000 ) ) ;
#1033 = CARTESIAN_POINT ( 'NONE',  ( -3.672051010788329961, -41.51274637537379419, 9.180000933627960436 ) ) ;
#1034 = CARTESIAN_POINT ( 'NONE',  ( -71.46669839058749574, 10.00000000000000000, 137.9613978004092019 ) ) ;
#1035 = CARTESIAN_POINT ( 'NONE',  ( 19.07334698233630021, -40.88189669053600284, 38.76238080152555199 ) ) ;
#1036 = CARTESIAN_POINT ( 'NONE',  ( -4.585697346537225272, -36.86969117054763245, 12.17169216913414331 ) ) ;
#1037 = CARTESIAN_POINT ( 'NONE',  ( 149.6614994673869603, -58.99259783589946693, 1.137326972296158220E-14 ) ) ;
#1038 = CARTESIAN_POINT ( 'NONE',  ( -6.510439734801660272, -38.31026286157670313, 11.37964822929246012 ) ) ;
#1039 = CARTESIAN_POINT ( 'NONE',  ( -12.95620185969696792, -38.25498593308080331, 1.138608646564135407 ) ) ;
#1040 = ORIENTED_EDGE ( 'NONE', *, *, #3478, .T. ) ;
#1041 = CARTESIAN_POINT ( 'NONE',  ( 1.143878847052222980, -41.49717195560300098, 8.946437997796490293 ) ) ;
#1042 = CARTESIAN_POINT ( 'NONE',  ( -3.373553450359074279, -36.78843844695353482, 12.56184277268834037 ) ) ;
#1043 = CARTESIAN_POINT ( 'NONE',  ( 4.885954817938615413, -41.68881359354985960, 7.559695952780172590 ) ) ;
#1044 = EDGE_CURVE ( 'NONE', #3997, #5585, #4220, .T. ) ;
#1045 = AXIS2_PLACEMENT_3D ( 'NONE', #4617, #3939, #6949 ) ;
#1046 = CARTESIAN_POINT ( 'NONE',  ( 3.470143758153652058, -37.54833010708085084, -8.304107143877692110 ) ) ;
#1047 = CARTESIAN_POINT ( 'NONE',  ( 99.14499999999999602, -63.39640923772795134, -25.49000000000011568 ) ) ;
#1048 = CARTESIAN_POINT ( 'NONE',  ( 15.70122550918471838, -35.51431121338084296, -28.66199060324833070 ) ) ;
#1049 = CARTESIAN_POINT ( 'NONE',  ( 5.508029509790779876, -41.83478860876699912, -5.310630121414299687 ) ) ;
#1050 = CARTESIAN_POINT ( 'NONE',  ( 30.67915473062150156, -13.94371515320612609, 92.10023280498641896 ) ) ;
#1051 = B_SPLINE_CURVE_WITH_KNOTS ( 'NONE', 3,
 ( #4186, #6521, #285, #931, #1398, #858, #969, #3876, #2690, #4303, #7314, #4955, #3836, #4375, #7281, #3801, #6783, #2078 ),
 .UNSPECIFIED., .F., .F.,
 ( 4, 2, 2, 2, 2, 2, 2, 2, 4 ),
 ( 0.000000000000000000, 0.1250000000000000000, 0.2500000000000000000, 0.3750000000000000000, 0.5000000000000000000, 0.6250000000000000000, 0.7500000000000000000, 0.8750000000000000000, 1.000000000000000000 ),
 .UNSPECIFIED. ) ;
#1052 = VERTEX_POINT ( 'NONE', #2339 ) ;
#1053 = CARTESIAN_POINT ( 'NONE',  ( 0.4875835940452989958, -6.042206017375280069, -58.61996200337829777 ) ) ;
#1054 = CARTESIAN_POINT ( 'NONE',  ( -7.331836197835109203, -37.93512228336505387, -5.220500515900978300 ) ) ;
#1055 = B_SPLINE_CURVE_WITH_KNOTS ( 'NONE', 3,
 ( #6658, #3549, #4774, #764 ),
 .UNSPECIFIED., .F., .F.,
 ( 4, 4 ),
 ( 0.3740133989989534724, 1.000000000000000000 ),
 .UNSPECIFIED. ) ;
#1056 = EDGE_CURVE ( 'NONE', #4398, #713, #4669, .T. ) ;
#1057 = DIRECTION ( 'NONE',  ( -0.000000000000000000, 5.078222490274110485E-16, 1.000000000000000000 ) ) ;
#1058 = CARTESIAN_POINT ( 'NONE',  ( -8.962530039045986996, -42.27376169441676979, 0.8204897405770722463 ) ) ;
#1059 = CARTESIAN_POINT ( 'NONE',  ( 1.720018386489847728, -36.73130931695818191, 12.82893568888708202 ) ) ;
#1060 = CARTESIAN_POINT ( 'NONE',  ( 89.70684238580055592, -63.39640923772800818, 12.33695426874061063 ) ) ;
#1061 = CARTESIAN_POINT ( 'NONE',  ( -6.772476189508512157, -41.88187927004273803, -5.934833273173129697 ) ) ;
#1062 = ORIENTED_EDGE ( 'NONE', *, *, #5076, .F. ) ;
#1063 = CARTESIAN_POINT ( 'NONE',  ( -5.508005109497530860, -41.97117035294004950, 0.9195008992283579818 ) ) ;
#1064 = VERTEX_POINT ( 'NONE', #3637 ) ;
#1065 = CARTESIAN_POINT ( 'NONE',  ( 3.672038008226059969, -41.66660914958405471, -6.840031886336140232 ) ) ;
#1066 = CARTESIAN_POINT ( 'NONE',  ( -3.672021011412390123, -41.81617290905060003, 3.781248760783105123 ) ) ;
#1067 = CARTESIAN_POINT ( 'NONE',  ( 11.46576343462817960, -26.71096592821838911, 41.97849767408651900 ) ) ;
#1068 = CARTESIAN_POINT ( 'NONE',  ( -7.344001134591909619, -42.10616211114324869, 0.2041632554519854925 ) ) ;
#1069 = CARTESIAN_POINT ( 'NONE',  ( -9.000000000000015987, -42.29661742228877586, 0.2975198349565007505 ) ) ;
#1070 = FACE_BOUND ( 'NONE', #5026, .T. ) ;
#1071 = CARTESIAN_POINT ( 'NONE',  ( -18.00000000000000000, -38.07290899291183450, -5.949309185000988265 ) ) ;
#1072 = CARTESIAN_POINT ( 'NONE',  ( -71.46669839058749574, -70.00000000000000000, 0.000000000000000000 ) ) ;
#1073 = CARTESIAN_POINT ( 'NONE',  ( -6.500619825229245308, -37.82291685426496741, 6.231217415891050493 ) ) ;
#1074 = CARTESIAN_POINT ( 'NONE',  ( -7.344046676544049745, -41.74793702368554449, 8.399990846906709052 ) ) ;
#1075 = CARTESIAN_POINT ( 'NONE',  ( 9.180051010703000003, -41.81642451497099700, -9.179970327191989909 ) ) ;
#1076 = CARTESIAN_POINT ( 'NONE',  ( 14.96237566552063747, -27.48163053770529629, -34.47212565022537234 ) ) ;
#1077 = CARTESIAN_POINT ( 'NONE',  ( -18.00000000000000000, -38.30611622139949901, -0.03690425908144105011 ) ) ;
#1078 = CARTESIAN_POINT ( 'NONE',  ( -12.47440534553085278, -38.08545359367081318, 3.637720403214568243 ) ) ;
#1079 = ORIENTED_EDGE ( 'NONE', *, *, #950, .F. ) ;
#1080 = CARTESIAN_POINT ( 'NONE',  ( 6.544976833909933234, -41.85478385979111238, 6.178412259755885039 ) ) ;
#1081 = CARTESIAN_POINT ( 'NONE',  ( 8.671077941263893862, -21.29097917415363383, 47.60894158857742298 ) ) ;
#1082 = CARTESIAN_POINT ( 'NONE',  ( 6.886001133296709042, -17.91497862139906161, -50.52703835337772631 ) ) ;
#1083 = CARTESIAN_POINT ( 'NONE',  ( 6.130911023986623576, -37.77894115809952780, -6.597794865521610319 ) ) ;
#1084 = CARTESIAN_POINT ( 'NONE',  ( 226.6457644257074833, 4.000000000000000000, -137.7671940876994086 ) ) ;
#1085 = CARTESIAN_POINT ( 'NONE',  ( 8.741271438710134234, -21.42792374395794042, -47.46050705325966135 ) ) ;
#1086 = CARTESIAN_POINT ( 'NONE',  ( 9.180006245850009350, -42.28221066246755555, -1.123991167728289886 ) ) ;
#1087 = CARTESIAN_POINT ( 'NONE',  ( 23.13850053261339923, -58.99259783589939588, -1.549459856639939826E-14 ) ) ;
#1088 = EDGE_CURVE ( 'NONE', #5531, #3652, #1226, .T. ) ;
#1089 = VERTEX_POINT ( 'NONE', #2054 ) ;
#1090 = CARTESIAN_POINT ( 'NONE',  ( 124.9619253871092752, -38.48506133258121054, 66.88242186954947499 ) ) ;
#1091 = CARTESIAN_POINT ( 'NONE',  ( 1.152173401618053594, -37.45155539564589020, -8.945401869410096296 ) ) ;
#1092 = CARTESIAN_POINT ( 'NONE',  ( -12.11430559595274303, -38.30785232897611792, 0.03251988226166430129 ) ) ;
#1093 = CARTESIAN_POINT ( 'NONE',  ( -3.471071036346626837, -41.58898566603957647, 8.303717694146621753 ) ) ;
#1094 = CARTESIAN_POINT ( 'NONE',  ( -4.136972431198507216, -36.84966951480380715, 12.26821071375904459 ) ) ;
#1095 = CARTESIAN_POINT ( 'NONE',  ( 76.79646753552309235, -63.39640923772801528, 8.420568338122935259 ) ) ;
#1096 = CARTESIAN_POINT ( 'NONE',  ( -8.075654084348608208, -42.06903671808057510, -3.983906676005758207 ) ) ;
#1097 = EDGE_CURVE ( 'NONE', #1250, #6414, #1487, .T. ) ;
#1098 = ORIENTED_EDGE ( 'NONE', *, *, #4217, .F. ) ;
#1099 = CARTESIAN_POINT ( 'NONE',  ( 9.179998297799379259, -42.31469511203059852, 0.3063571067765190059 ) ) ;
#1100 = EDGE_LOOP ( 'NONE', ( #4035, #6886, #3090, #1893 ) ) ;
#1101 = CIRCLE ( 'NONE', #4036, 13.99999999999999822 ) ;
#1102 = CIRCLE ( 'NONE', #2747, 12.74499999999999922 ) ;
#1103 = CARTESIAN_POINT ( 'NONE',  ( -5.507994890331900706, -41.97116850191185478, -0.9195621121002949261 ) ) ;
#1104 = CARTESIAN_POINT ( 'NONE',  ( -3.800828295466734567E-05, -41.59064680554690341, 6.840052290626779552 ) ) ;
#1105 = CARTESIAN_POINT ( 'NONE',  ( -13.15518455823439936, -38.13805647533410337, 4.535102704269229790 ) ) ;
#1106 = CARTESIAN_POINT ( 'NONE',  ( 9.180005109440639188, -42.29214137114305316, -0.9194804949377219927 ) ) ;
#1107 = FACE_OUTER_BOUND ( 'NONE', #1289, .T. ) ;
#1108 = CARTESIAN_POINT ( 'NONE',  ( -71.46669839058749574, -6.042206017375310267, -137.7671940876994086 ) ) ;
#1109 = CARTESIAN_POINT ( 'NONE',  ( -0.4819720764772725818, -8.679182101920524417, -57.07643513630282683 ) ) ;
#1110 = CARTESIAN_POINT ( 'NONE',  ( -8.998799112008940781, -38.30460735910270387, 0.1467910492799149869 ) ) ;
#1111 = CARTESIAN_POINT ( 'NONE',  ( 73.65500000000000114, -63.39640923772800818, -7.305073961863510412E-16 ) ) ;
#1112 = CARTESIAN_POINT ( 'NONE',  ( 149.6614994673865908, -58.99259783589949535, 7.747299283199699130E-15 ) ) ;
#1113 = CARTESIAN_POINT ( 'NONE',  ( 47.47541654740999206, -6.042206017172830457, 127.4845284881953802 ) ) ;
#1114 = CARTESIAN_POINT ( 'NONE',  ( -17.99999999999999645, -6.042206017373000115, -53.98290812280549744 ) ) ;
#1115 = CARTESIAN_POINT ( 'NONE',  ( -10.51197141779493904, -37.64947537238085573, 7.596924711121629592 ) ) ;
#1116 = ORIENTED_EDGE ( 'NONE', *, *, #989, .T. ) ;
#1117 = CARTESIAN_POINT ( 'NONE',  ( 3.474366401158430318, -41.58917777570916030, 8.302341225712993378 ) ) ;
#1118 = CARTESIAN_POINT ( 'NONE',  ( 0.8488233726714131677, -36.69879673330287773, 12.97935116557310486 ) ) ;
#1119 = DIRECTION ( 'NONE',  ( 0.000000000000000000, 1.000000000000000000, 0.000000000000000000 ) ) ;
#1120 = CARTESIAN_POINT ( 'NONE',  ( 9.000925373818287056, -38.28431437704301032, -0.5323844891968403381 ) ) ;
#1121 = CARTESIAN_POINT ( 'NONE',  ( 190.4059769339625063, -6.042206017374129878, 1.510441131475985042E-14 ) ) ;
#1122 = CARTESIAN_POINT ( 'NONE',  ( 7.999122956738048629, -20.01654940562004725, -48.73752387557457411 ) ) ;
#1123 = CARTESIAN_POINT ( 'NONE',  ( 1.117494964722689277, -41.48872398770927816, -9.000777874244725751 ) ) ;
#1124 = DIRECTION ( 'NONE',  ( 0.000000000000000000, 0.000000000000000000, 1.000000000000000000 ) ) ;
#1125 = DIRECTION ( 'NONE',  ( -1.448073358296091868E-16, -1.000000000000000000, 1.241205735682367967E-17 ) ) ;
#1126 = EDGE_LOOP ( 'NONE', ( #6833, #2962, #7471, #3860 ) ) ;
#1127 = CARTESIAN_POINT ( 'NONE',  ( 19.11483119594132063, -38.48506133258115369, 37.85480819799125385 ) ) ;
#1128 = CARTESIAN_POINT ( 'NONE',  ( 19.92775606846369740, -38.48506133258184292, -1.628100415257959896E-14 ) ) ;
#1129 = CARTESIAN_POINT ( 'NONE',  ( 179.0824426214854839, -13.94371515320777100, -185.3648852429707858 ) ) ;
#1130 = PRODUCT_DEFINITION_FORMATION_WITH_SPECIFIED_SOURCE ( 'ANY', '', #3213, .NOT_KNOWN. ) ;
#1131 = CARTESIAN_POINT ( 'NONE',  ( -8.415313772243719015, -42.13106220959812021, 3.192686764918161835 ) ) ;
#1132 = CARTESIAN_POINT ( 'NONE',  ( -12.76410641307187177, -38.17725780563053206, 2.402234363643126258 ) ) ;
#1133 = ADVANCED_FACE ( 'NONE', ( #6793 ), #3814, .T. ) ;
#1134 = CARTESIAN_POINT ( 'NONE',  ( 179.8382392356172090, -7.600790049277648563, 28.50214150462254636 ) ) ;
#1135 = CARTESIAN_POINT ( 'NONE',  ( 0.5849125497412530628, -41.49090590471883644, -8.985925222142297386 ) ) ;
#1136 = VERTEX_POINT ( 'NONE', #6152 ) ;
#1137 = CARTESIAN_POINT ( 'NONE',  ( -9.180005109440658728, -42.29214137119174666, 0.9194804949377138881 ) ) ;
#1138 = ORIENTED_EDGE ( 'NONE', *, *, #4372, .T. ) ;
#1139 = ADVANCED_FACE ( 'NONE', ( #6225 ), #259, .F. ) ;
#1140 = CARTESIAN_POINT ( 'NONE',  ( 7.344003405706890142, -42.11401879245455149, -0.6128779922758379461 ) ) ;
#1141 = CARTESIAN_POINT ( 'NONE',  ( -9.180038008140789074, -41.98503258812255012, 6.840001279900169706 ) ) ;
#1142 = FACE_OUTER_BOUND ( 'NONE', #4772, .T. ) ;
#1143 = CARTESIAN_POINT ( 'NONE',  ( 7.344016847136050963, -42.05001507918065329, -3.031826476146554761 ) ) ;
#1144 = CARTESIAN_POINT ( 'NONE',  ( 8.540508519209630833, -42.15408512291676146, 2.899993811385561671 ) ) ;
#1145 = CARTESIAN_POINT ( 'NONE',  ( 20.34536719873065280, -15.84325058705650058, -47.33309916941539797 ) ) ;
#1146 = CARTESIAN_POINT ( 'NONE',  ( -0.9659480370690363138, -7.358215786360577049, -57.86987581302604156 ) ) ;
#1147 = CARTESIAN_POINT ( 'NONE',  ( 1.172683599365327289, -38.30472708429533668, 5.674917458696471240E-13 ) ) ;
#1148 = ADVANCED_FACE ( 'NONE', ( #4384 ), #3168, .F. ) ;
#1149 = LINE ( 'NONE', #2947, #67 ) ;
#1150 = CARTESIAN_POINT ( 'NONE',  ( 185.3328331859785010, -6.042206017371060334, 1.387778780781449935E-14 ) ) ;
#1151 = CARTESIAN_POINT ( 'NONE',  ( 186.0054460919095050, -6.042206017375292504, 29.93370645518720607 ) ) ;
#1152 = VECTOR ( 'NONE', #2288, 1000.000000000000000 ) ;
#1153 = CARTESIAN_POINT ( 'NONE',  ( 185.3328331862115022, -6.042206017076496849, -104.6569119126249774 ) ) ;
#1154 = EDGE_LOOP ( 'NONE', ( #7337, #5375, #2355, #1241, #3632, #4725, #225, #6020 ) ) ;
#1155 = CARTESIAN_POINT ( 'NONE',  ( -3.905258649826521822, -41.61402462420069526, 8.124052664594236361 ) ) ;
#1156 = CARTESIAN_POINT ( 'NONE',  ( 6.510367040514432269, -37.05011255657288416, 11.26038818382122564 ) ) ;
#1157 = CARTESIAN_POINT ( 'NONE',  ( 179.8382392356312494, -9.999999999999996447, 42.50214150462253571 ) ) ;
#1158 = ORIENTED_EDGE ( 'NONE', *, *, #941, .T. ) ;
#1159 = VECTOR ( 'NONE', #6781, 1000.000000000000000 ) ;
#1160 = CARTESIAN_POINT ( 'NONE',  ( -8.268644474620879592, -38.09062710933635287, -3.554057669015810550 ) ) ;
#1161 = CARTESIAN_POINT ( 'NONE',  ( 23.13850053261339923, -58.99259783589939588, -1.549459856639939826E-14 ) ) ;
#1162 = CIRCLE ( 'NONE', #1774, 16.74500000000000099 ) ;
#1163 = CARTESIAN_POINT ( 'NONE',  ( 139.1842759379911740, -47.26221975847450096, 6.464209457277149827E-15 ) ) ;
#1164 = CARTESIAN_POINT ( 'NONE',  ( -6.349129681299095829, -41.83224863212411293, -6.378767613361365107 ) ) ;
#1165 = CARTESIAN_POINT ( 'NONE',  ( 13.46096870725124006, -24.51945450749644451, 38.36958820945140758 ) ) ;
#1166 = CARTESIAN_POINT ( 'NONE',  ( 172.6772380009927872, -20.95902901126089901, 50.96345004025746306 ) ) ;
#1167 = ORIENTED_EDGE ( 'NONE', *, *, #7429, .F. ) ;
#1168 = CARTESIAN_POINT ( 'NONE',  ( 139.1842759379920551, -47.26221975847412438, 31.17935705876518426 ) ) ;
#1169 = CARTESIAN_POINT ( 'NONE',  ( -6.282442621485420098, -13.94371515320776034, -2.270065133871209932E-14 ) ) ;
#1170 = CARTESIAN_POINT ( 'NONE',  ( 6.731684883667853114, -37.85280031469066842, 5.976773710335073098 ) ) ;
#1171 = CARTESIAN_POINT ( 'NONE',  ( -8.532498017756561026, -42.15467864010521737, 2.867048576173331309 ) ) ;
#1172 = CARTESIAN_POINT ( 'NONE',  ( -2.917860457484831027, -36.77904517036741794, 12.60538117023800453 ) ) ;
#1173 = CARTESIAN_POINT ( 'NONE',  ( -10.30595923142393211, -37.60233440889209788, 7.935305991749446619 ) ) ;
#1174 = CARTESIAN_POINT ( 'NONE',  ( 8.981721643051699289, -42.28361955639887526, -0.5935121313771771767 ) ) ;
#1175 = ORIENTED_EDGE ( 'NONE', *, *, #358, .F. ) ;
#1176 = CARTESIAN_POINT ( 'NONE',  ( -7.343999999886289487, -42.08584460751210088, -4.080858129121849476E-05 ) ) ;
#1177 = EDGE_CURVE ( 'NONE', #17, #7492, #4481, .T. ) ;
#1178 = ORIENTED_EDGE ( 'NONE', *, *, #6383, .T. ) ;
#1179 = CARTESIAN_POINT ( 'NONE',  ( 1.684724978767659944E-05, -41.75539727428019887, -3.031867284727844947 ) ) ;
#1180 = CARTESIAN_POINT ( 'NONE',  ( 5.507970490038600175, -41.83478244423095305, 5.310691334286230081 ) ) ;
#1181 = DIRECTION ( 'NONE',  ( 0.000000000000000000, 1.000000000000000000, 0.000000000000000000 ) ) ;
#1182 = CARTESIAN_POINT ( 'NONE',  ( 9.180011546478818119, -42.24575990172670004, -2.077903720864759940 ) ) ;
#1183 = ADVANCED_FACE ( 'NONE', ( #5507 ), #3888, .F. ) ;
#1184 = CARTESIAN_POINT ( 'NONE',  ( -1.465160537673390939, -41.50583853066037676, 8.884901383617217263 ) ) ;
#1185 = CARTESIAN_POINT ( 'NONE',  ( 20.34536719873065280, -23.68619686104764810, -39.70994965335955840 ) ) ;
#1186 = CYLINDRICAL_SURFACE ( 'NONE', #1580, 13.99999999999999822 ) ;
#1187 = CARTESIAN_POINT ( 'NONE',  ( 6.337494268030326339, -37.03218899210205706, 11.35275300564134149 ) ) ;
#1188 = CARTESIAN_POINT ( 'NONE',  ( 149.6614994673865908, -58.99259783589949535, 1.137326972296151752E-14 ) ) ;
#1189 = AXIS2_PLACEMENT_3D ( 'NONE', #5040, #333, #6078 ) ;
#1190 = DIRECTION ( 'NONE',  ( 0.000000000000000000, 1.000000000000000000, 0.000000000000000000 ) ) ;
#1191 = CARTESIAN_POINT ( 'NONE',  ( 5.907016022951165013, -10.42686351638981890, -51.20485752041879834 ) ) ;
#1193 = ADVANCED_FACE ( 'NONE', ( #3738 ), #3243, .F. ) ;
#1192 = CARTESIAN_POINT ( 'NONE',  ( -18.00000000000000000, -38.30611622139949901, -0.03690425908144105011 ) ) ;
#1194 = ORIENTED_EDGE ( 'NONE', *, *, #2023, .F. ) ;
#1195 = CARTESIAN_POINT ( 'NONE',  ( -8.974683241886808105, -42.28018977735467843, 0.6745874740195568764 ) ) ;
#1196 = CARTESIAN_POINT ( 'NONE',  ( 10.68109537064553471, -25.17015587437465740, 43.70456070655318825 ) ) ;
#1197 = CARTESIAN_POINT ( 'NONE',  ( 7.965703894666307683, -19.95320430563611325, -48.79334242285200673 ) ) ;
#1198 = EDGE_LOOP ( 'NONE', ( #3458, #3703 ) ) ;
#1199 = CARTESIAN_POINT ( 'NONE',  ( -2.717805019524197174, -37.50723064660112982, -8.581161116683638568 ) ) ;
#1200 = CARTESIAN_POINT ( 'NONE',  ( 190.4059769339629895, -6.042206017373020543, -208.0119538679261098 ) ) ;
#1201 = CARTESIAN_POINT ( 'NONE',  ( 3.210216636729225304, -11.06352338049827999, -55.59646123393057593 ) ) ;
#1202 = CARTESIAN_POINT ( 'NONE',  ( -8.984841062511458532, -42.28639368506486562, -0.5229466559527730096 ) ) ;
#1203 = CARTESIAN_POINT ( 'NONE',  ( 11.35432342940786832, -20.48161912305555177, 42.88747186757296248 ) ) ;
#1204 = DIRECTION ( 'NONE',  ( 0.000000000000000000, 1.000000000000000000, 0.000000000000000000 ) ) ;
#1205 = ORIENTED_EDGE ( 'NONE', *, *, #3369, .T. ) ;
#1206 = CARTESIAN_POINT ( 'NONE',  ( 69.45021637626102518, -58.93658393131474327, 9.535991652820102971 ) ) ;
#1207 = CARTESIAN_POINT ( 'NONE',  ( 9.000028474184350813, -42.30708906031854610, 9.026024192389750094E-10 ) ) ;
#1208 = CARTESIAN_POINT ( 'NONE',  ( 7.326274260278463402, -37.93379440382810230, 5.235568897347164352 ) ) ;
#1209 = CARTESIAN_POINT ( 'NONE',  ( -7.636156702013912501, -41.99951341884350597, 4.764528609679359761 ) ) ;
#1210 = CARTESIAN_POINT ( 'NONE',  ( -12.63434739478517521, -38.13346830968537660, 3.025976538244153247 ) ) ;
#1211 = LINE ( 'NONE', #1287, #4514 ) ;
#1212 = CARTESIAN_POINT ( 'NONE',  ( -4.259443137613194708, -6.042206017373009885, 0.000000000000000000 ) ) ;
#1213 = ORIENTED_EDGE ( 'NONE', *, *, #3058, .T. ) ;
#1214 = CARTESIAN_POINT ( 'NONE',  ( -7.344001134591909619, -42.10616211114324869, 0.2041632554519854925 ) ) ;
#1215 = EDGE_LOOP ( 'NONE', ( #80, #1349, #6166, #3143 ) ) ;
#1216 = CARTESIAN_POINT ( 'NONE',  ( 7.344042342356609687, -41.80212089860880553, -7.620001164476099653 ) ) ;
#1217 = CARTESIAN_POINT ( 'NONE',  ( -5.507999999914719780, -41.99430005084909823, -3.060643596962835030E-05 ) ) ;
#1218 = CARTESIAN_POINT ( 'NONE',  ( -8.998799112008940781, -38.30460735910270387, 0.1467910492799149869 ) ) ;
#1219 = CARTESIAN_POINT ( 'NONE',  ( 3.672021011412359925, -41.81617290948474874, -3.781248760783105123 ) ) ;
#1220 = CARTESIAN_POINT ( 'NONE',  ( 8.075654161001519782, -42.06903673473281202, 3.983906477223449816 ) ) ;
#1221 = CARTESIAN_POINT ( 'NONE',  ( -22.00000000000000000, -6.042206017373329630, 58.61996200095899212 ) ) ;
#1222 = CARTESIAN_POINT ( 'NONE',  ( -6.467358481990559405, -37.04535379534486594, 11.28527062857528840 ) ) ;
#1223 = CARTESIAN_POINT ( 'NONE',  ( -5.508021011383959831, -41.90336651136514945, 3.781238558637780134 ) ) ;
#1224 = EDGE_CURVE ( 'NONE', #5235, #5365, #784, .T. ) ;
#1225 = CARTESIAN_POINT ( 'NONE',  ( 33.61572406200880181, -47.26221975847439438, -1.292841891455429965E-14 ) ) ;
#1226 = B_SPLINE_CURVE_WITH_KNOTS ( 'NONE', 3,
 ( #1771, #6960, #1732, #4065, #6440, #2956, #5294, #46, #776, #926, #2611, #2534, #7274, #1964, #4910, #4259, #6025, #6631, #6062, #3757, #4948, #3678, #4869, #2037, #3189, #4828, #1506, #6702, #3830, #1467, #1392, #7237, #1429, #851, #3111, #5526, #5409, #6171, #161, #241, #5449, #2492, #278, #813, #4367, #202, #6134, #3795, #2001, #888, #3224, #4332, #5563, #316, #2648, #7195, #2573, #6669, #6100, #4986, #7307, #3718, #4297, #2071, #7156, #3150, #4404, #5487, #6741, #1927, #1354, #6594, #5020, #7343, #3260, #5597, #352, #2682, #3128, #831, #6684, #4965, #1523, #3850, #2702, #370, #219, #7291 ),
 .UNSPECIFIED., .F., .F.,
 ( 4, 2, 2, 1, 2, 2, 2, 2, 1, 1, 1, 2, 2, 2, 2, 1, 1, 1, 1, 2, 2, 2, 2, 1, 1, 1, 1, 1, 2, 2, 2, 2, 1, 1, 1, 1, 1, 2, 2, 2, 2, 1, 1, 1, 1, 1, 2, 2, 2, 2, 1, 1, 1, 1, 1, 2, 2, 4 ),
 ( 0.000000000000000000, 0.06250000000000711931, 0.09375000000001065814, 0.1093750000000124206, 0.1171875000000132949, 0.1250000000000141553, 0.1875000000000215383, 0.2187500000000252021, 0.2343750000000270339, 0.2421875000000279776, 0.2460937500000284772, 0.2480468750000286715, 0.2500000000000288658, 0.3125000000000314748, 0.3437500000000327516, 0.3593750000000334177, 0.3671875000000338063, 0.3710937500000340283, 0.3730468750000341949, 0.3740234375000342504, 0.3750000000000343059, 0.4375000000000410227, 0.4687500000000442424, 0.4843750000000457412, 0.4921875000000464628, 0.4960937500000467404, 0.4980468750000466849, 0.4990234375000467959, 0.4995117187500469069, 0.5000000000000469624, 0.5625000000000636158, 0.5937500000000719425, 0.6093750000000762723, 0.6171875000000786038, 0.6210937500000798250, 0.6230468750000803801, 0.6240234375000806022, 0.6245117187500807132, 0.6250000000000807132, 0.6875000000000792699, 0.7187500000000786038, 0.7343750000000781597, 0.7421875000000779377, 0.7460937500000778266, 0.7480468750000777156, 0.7490234375000777156, 0.7495117187500776046, 0.7500000000000773825, 0.8125000000000555112, 0.8437500000000446310, 0.8593750000000391909, 0.8671875000000365263, 0.8710937500000351941, 0.8730468750000346390, 0.8740234375000343059, 0.8745117187500341949, 0.8750000000000341949, 1.000000000000000000 ),
 .UNSPECIFIED. ) ;
#1227 = CARTESIAN_POINT ( 'NONE',  ( 9.179948989012640226, -41.81641118679824842, 9.180072348645209601 ) ) ;
#1228 = CARTESIAN_POINT ( 'NONE',  ( 9.000000000000000000, -42.30756013076910449, -3.038700567240354470E-15 ) ) ;
#1229 = ORIENTED_EDGE ( 'NONE', *, *, #1649, .T. ) ;
#1230 = CARTESIAN_POINT ( 'NONE',  ( -8.971947752968171486, -42.27876272694312831, 0.7101525765910435828 ) ) ;
#1231 = CARTESIAN_POINT ( 'NONE',  ( 15.64632301364252065, -35.39595705456874697, 28.86574234351146728 ) ) ;
#1232 = CARTESIAN_POINT ( 'NONE',  ( 7.520443126665478317, -19.11064084953765274, -49.52539735965775236 ) ) ;
#1233 = DIRECTION ( 'NONE',  ( 0.000000000000000000, 0.000000000000000000, 1.000000000000000000 ) ) ;
#1234 = CARTESIAN_POINT ( 'NONE',  ( -8.308146893755374407, -38.09828858542320518, -3.460461382733921010 ) ) ;
#1235 = CARTESIAN_POINT ( 'NONE',  ( 169.3807519503101844, -7.397625987614042664, 51.87435254602125667 ) ) ;
#1236 = EDGE_CURVE ( 'NONE', #7075, #523, #6086, .T. ) ;
#1237 = CARTESIAN_POINT ( 'NONE',  ( -10.33986621469312794, -38.31026286157675287, 7.995964574712471240 ) ) ;
#1238 = CARTESIAN_POINT ( 'NONE',  ( 94.82061938796971390, -63.39640923772801528, -9.603583514317987735 ) ) ;
#1239 = CARTESIAN_POINT ( 'NONE',  ( 4.234247034024029508E-05, -41.54461856230044958, -7.620041973057389839 ) ) ;
#1240 = CARTESIAN_POINT ( 'NONE',  ( 117.0212516675358643, -47.26221975847412438, 53.10999001326837998 ) ) ;
#1241 = ORIENTED_EDGE ( 'NONE', *, *, #6323, .F. ) ;
#1242 = LINE ( 'NONE', #703, #4205 ) ;
#1243 = DIRECTION ( 'NONE',  ( 0.000000000000000000, 1.000000000000000000, 0.000000000000000000 ) ) ;
#1244 = CARTESIAN_POINT ( 'NONE',  ( -3.310076273118489620, -37.53863512924472445, 8.369231398606066463 ) ) ;
#1245 = CARTESIAN_POINT ( 'NONE',  ( 1.143878847052223868, -41.49717195560299388, 8.946437997796492070 ) ) ;
#1246 = CARTESIAN_POINT ( 'NONE',  ( 191.2208664832945999, -4.983198181002507887, 209.6417329665889895 ) ) ;
#1247 = CARTESIAN_POINT ( 'NONE',  ( -12.15951375773012799, -37.99650086751854161, 4.618102713524102398 ) ) ;
#1248 =( BOUNDED_SURFACE ( )  B_SPLINE_SURFACE ( 3, 3, ( 
 ( #3459, #5723, #553, #2812, #5761, #5111, #6860 ),
 ( #1742, #2926, #7462, #4072, #474, #18, #7506 ),
 ( #2195, #2309, #1630, #5151, #4676, #6370, #2347 ),
 ( #2231, #4565, #5228, #5686, #6898, #7006, #591 ),
 ( #1016, #1127, #1665, #2889, #1090, #3998, #512 ),
 ( #7544, #4638, #2849, #6969, #6406, #1168, #6330 ),
 ( #2273, #6933, #3496, #5841, #7423, #1702, #6262 ),
 ( #3347, #440, #2771, #1279, #5990, #2500, #7202 ),
 ( #3607, #128, #2460, #53, #4110, #4877, #4793 ),
 ( #5376, #1206, #2384, #7083, #208, #743, #5879 ) ),
 .UNSPECIFIED., .F., .F., .F. ) 
 B_SPLINE_SURFACE_WITH_KNOTS ( ( 4, 2, 2, 2, 4 ),
 ( 4, 3, 4 ),
 ( 0.000000000000000000, 0.2500000000000000000, 0.5000000000000000000, 0.7500000000000000000, 1.000000000000000000 ),
 ( 0.000000000000000000, 0.5000000000000000000, 1.000000000000000000 ),
 .UNSPECIFIED. ) 
 GEOMETRIC_REPRESENTATION_ITEM ( )  RATIONAL_B_SPLINE_SURFACE ( (
 ( 1.000000000000000000, 0.8022468501230819449, 0.8022468501230819449, 1.000000000000000000, 0.8022468501230819449, 0.8022468501230819449, 1.000000000000000000),
 ( 1.000000000000000000, 0.8022468501230819449, 0.8022468501230819449, 1.000000000000000000, 0.8022468501230819449, 0.8022468501230819449, 1.000000000000000000),
 ( 1.000000000000000000, 0.8022468501230819449, 0.8022468501230819449, 1.000000000000000000, 0.8022468501230819449, 0.8022468501230819449, 1.000000000000000000),
 ( 1.000000000000000000, 0.8022468501230819449, 0.8022468501230819449, 1.000000000000000000, 0.8022468501230819449, 0.8022468501230819449, 1.000000000000000000),
 ( 1.000000000000000000, 0.8022468501230819449, 0.8022468501230819449, 1.000000000000000000, 0.8022468501230819449, 0.8022468501230819449, 1.000000000000000000),
 ( 1.000000000000000000, 0.8022468501230819449, 0.8022468501230819449, 1.000000000000000000, 0.8022468501230819449, 0.8022468501230819449, 1.000000000000000000),
 ( 1.000000000000000000, 0.8022468501230819449, 0.8022468501230819449, 1.000000000000000000, 0.8022468501230819449, 0.8022468501230819449, 1.000000000000000000),
 ( 1.000000000000000000, 0.8022468501230819449, 0.8022468501230819449, 1.000000000000000000, 0.8022468501230819449, 0.8022468501230819449, 1.000000000000000000),
 ( 1.000000000000000000, 0.8022468501230819449, 0.8022468501230819449, 1.000000000000000000, 0.8022468501230819449, 0.8022468501230819449, 1.000000000000000000),
 ( 1.000000000000000000, 0.8022468501230819449, 0.8022468501230819449, 1.000000000000000000, 0.8022468501230819449, 0.8022468501230819449, 1.000000000000000000) ) ) 
 REPRESENTATION_ITEM ( '' )  SURFACE ( )  );
#1249 = CARTESIAN_POINT ( 'NONE',  ( 2.331150732925974189, -41.53311183110051275, -8.697917472448146725 ) ) ;
#1250 = VERTEX_POINT ( 'NONE', #1981 ) ;
#1251 = CARTESIAN_POINT ( 'NONE',  ( 9.180005109440639188, -42.29214137114305316, -0.9194804949377219927 ) ) ;
#1252 = ORIENTED_EDGE ( 'NONE', *, *, #1519, .F. ) ;
#1253 = CARTESIAN_POINT ( 'NONE',  ( -10.99469454076684549, -38.30787736874649596, 0.08282529678604848289 ) ) ;
#1254 = CARTESIAN_POINT ( 'NONE',  ( 99.14499999999999602, -63.39640923772800818, 1.743439194559895224E-15 ) ) ;
#1255 = CARTESIAN_POINT ( 'NONE',  ( -1.154662100978626087E-05, -41.78218312135540202, 2.077954731591364901 ) ) ;
#1256 = CARTESIAN_POINT ( 'NONE',  ( 13.15949949251191953, -38.31026286157670313, -0.1470188481355378107 ) ) ;
#1257 = CARTESIAN_POINT ( 'NONE',  ( 11.81688996472372288, -37.92067206685230474, 5.365904675332492602 ) ) ;
#1258 = CARTESIAN_POINT ( 'NONE',  ( -9.179983152608048869, -42.20094904036890426, -3.031918295454449908 ) ) ;
#1259 = CARTESIAN_POINT ( 'NONE',  ( -9.000000000000000000, -38.30472699488110777, -1.718667784195345147E-09 ) ) ;
#1260 = B_SPLINE_CURVE_WITH_KNOTS ( 'NONE', 3,
 ( #6850, #1546, #2148, #5600, #3872, #6249, #5673, #2218 ),
 .UNSPECIFIED., .F., .F.,
 ( 4, 2, 2, 4 ),
 ( 0.000000000000000000, 0.1400170492858799354, 0.5700085246429399399, 1.000000000000000000 ),
 .UNSPECIFIED. ) ;
#1261 = CARTESIAN_POINT ( 'NONE',  ( 73.65500000000000114, -64.66763823405520384, 5.659916979539048169E-14 ) ) ;
#1262 = CARTESIAN_POINT ( 'NONE',  ( 12.91405803531415941, -38.22506593695425181, 1.718707774543063449 ) ) ;
#1263 = CARTESIAN_POINT ( 'NONE',  ( -3.672011546564145412, -41.86434211302900366, 2.077934327300719808 ) ) ;
#1264 = CARTESIAN_POINT ( 'NONE',  ( 18.82837672200435364, -42.30756013076910449, -7.696413152913580629E-15 ) ) ;
#1265 = CARTESIAN_POINT ( 'NONE',  ( -7.344038008169219367, -41.85265049074519794, 6.840011482045489366 ) ) ;
#1266 = DIRECTION ( 'NONE',  ( 0.000000000000000000, 0.000000000000000000, 1.000000000000000000 ) ) ;
#1267 = ORIENTED_EDGE ( 'NONE', *, *, #568, .F. ) ;
#1268 = CARTESIAN_POINT ( 'NONE',  ( -8.999433583251278179, -42.30449636288715709, 0.1344033843734653288 ) ) ;
#1269 = DIRECTION ( 'NONE',  ( 0.000000000000000000, 1.000000000000000000, 0.000000000000000000 ) ) ;
#1270 = CARTESIAN_POINT ( 'NONE',  ( 15.97061113514642727, -36.11999664953304290, -27.34463712364637544 ) ) ;
#1271 = EDGE_LOOP ( 'NONE', ( #1629, #938, #90, #5054, #2261, #2103, #5404, #5902, #691, #2238 ) ) ;
#1272 = CARTESIAN_POINT ( 'NONE',  ( -5.377705074205488600, -37.69863303407983324, -7.223637043231169841 ) ) ;
#1273 = CIRCLE ( 'NONE', #1417, 16.74500000000000099 ) ;
#1274 = DIRECTION ( 'NONE',  ( 0.000000000000000000, 0.000000000000000000, -1.000000000000000000 ) ) ;
#1275 = CARTESIAN_POINT ( 'NONE',  ( -9.000000000000000000, -42.30661100815940046, -7.355114230846949610E-16 ) ) ;
#1276 = CARTESIAN_POINT ( 'NONE',  ( -5.507961991631770360, -41.74730526027870070, -6.840082897062740308 ) ) ;
#1277 = CARTESIAN_POINT ( 'NONE',  ( 85.62873080478189536, -33.22972007004624118, 73.16782629219190426 ) ) ;
#1278 = ORIENTED_EDGE ( 'NONE', *, *, #7341, .T. ) ;
#1279 = CARTESIAN_POINT ( 'NONE',  ( 86.06783520431760337, -56.13001623236039705, 31.51140512489335066 ) ) ;
#1280 = EDGE_CURVE ( 'NONE', #3383, #4080, #2598, .T. ) ;
#1281 = VECTOR ( 'NONE', #390, 1000.000000000000000 ) ;
#1282 = CARTESIAN_POINT ( 'NONE',  ( 20.34536719873065280, -23.68619686104764810, -39.70994965335955840 ) ) ;
#1283 = AXIS2_PLACEMENT_3D ( 'NONE', #7373, #6666, #2143 ) ;
#1284 = CARTESIAN_POINT ( 'NONE',  ( 3.948101707764817281, -37.57960466891682216, 8.088834200176092892 ) ) ;
#1285 = CARTESIAN_POINT ( 'NONE',  ( 8.065835027183807071, -42.06790632593482115, 3.995570511731822094 ) ) ;
#1286 = LINE ( 'NONE', #5344, #4146 ) ;
#1287 = CARTESIAN_POINT ( 'NONE',  ( 179.8382392356312494, -9.999999999999996447, 56.50214150462253571 ) ) ;
#1288 = CARTESIAN_POINT ( 'NONE',  ( 0.5857161313772594191, -41.49093023381961132, -8.985880699570500951 ) ) ;
#1289 = EDGE_LOOP ( 'NONE', ( #4381, #4007 ) ) ;
#1290 = CARTESIAN_POINT ( 'NONE',  ( -7.343988453265300365, -42.08122616269734806, -2.077995540172655087 ) ) ;
#1291 = EDGE_CURVE ( 'NONE', #7260, #5769, #3055, .T. ) ;
#1292 = B_SPLINE_CURVE_WITH_KNOTS ( 'NONE', 3,
 ( #5958, #2932, #671, #6491, #7011, #4115, #1247, #6454, #4153, #1786, #1173, #636, #2969, #3574, #7127, #4721, #5345, #5381, #2427, #708, #5308, #2390, #1902, #1861, #4192, #3501, #6527, #133, #2466, #4798, #4232, #6566, #3649, #3084, #5420, #2508, #2658, #2011, #7208, #935, #864, #3806, #3163, #6111, #1974, #3732, #4343, #2047 ),
 .UNSPECIFIED., .F., .F.,
 ( 4, 2, 2, 2, 2, 2, 2, 2, 2, 2, 2, 2, 2, 2, 2, 2, 2, 2, 2, 2, 2, 2, 2, 4 ),
 ( 0.000000000000000000, 0.002545027146236311742, 0.003817540719354467829, 0.005090054292472625218, 0.007635081438708942597, 0.008907595011827100853, 0.01018010858494526258, 0.01272513573118158429, 0.01399764930429974602, 0.01527016287741790601, 0.01654267645053606600, 0.01781519002365422599, 0.02036021716989054597, 0.02163273074300870596, 0.02290524431612686596, 0.02545027146236318594, 0.02672278503548134940, 0.02799529860859950939, 0.03054032575483582937, 0.03308535290107215282, 0.03435786647419031281, 0.03563038004730846586, 0.03817540719354479278, 0.04072043433978111276 ),
 .UNSPECIFIED. ) ;
#1293 = VERTEX_POINT ( 'NONE', #879 ) ;
#1294 = DIRECTION ( 'NONE',  ( 0.000000000000000000, 1.000000000000000000, 0.000000000000000000 ) ) ;
#1295 = CARTESIAN_POINT ( 'NONE',  ( 3.672046676600889903, -41.56765029199235073, -8.400011251197350148 ) ) ;
#1296 = CARTESIAN_POINT ( 'NONE',  ( -7.344006245878469841, -42.10689846302550166, 1.124001369873603773 ) ) ;
#1297 = CARTESIAN_POINT ( 'NONE',  ( 8.922334955094601838, -42.25590895142378400, -1.189071225633514084 ) ) ;
#1298 = CARTESIAN_POINT ( 'NONE',  ( 7.820320469720257961, -37.22199323589311604, 10.32346283221184535 ) ) ;
#1299 = CARTESIAN_POINT ( 'NONE',  ( 3.672038008226059969, -41.66660914958405471, -6.840031886336140232 ) ) ;
#1300 = EDGE_LOOP ( 'NONE', ( #1881, #2888, #1040, #26 ) ) ;
#1301 = CARTESIAN_POINT ( 'NONE',  ( 8.018869825624582504, -38.04396116491373192, -4.104947587038068058 ) ) ;
#1302 = DIRECTION ( 'NONE',  ( -0.03672652268866424125, 5.510199031599038307E-18, 0.9993253536917788837 ) ) ;
#1303 = CARTESIAN_POINT ( 'NONE',  ( -9.875477856438122259, -37.52585552920039902, 8.457172895312055516 ) ) ;
#1304 = CARTESIAN_POINT ( 'NONE',  ( -7.344029509762370012, -41.94464985508825094, 5.310619919268979139 ) ) ;
#1305 = CARTESIAN_POINT ( 'NONE',  ( 2.379989693629294134, -37.49184321808904485, 8.680920220916027219 ) ) ;
#1306 = CARTESIAN_POINT ( 'NONE',  ( 9.179957657387472381, -41.93204332868869955, 7.620092983783989027 ) ) ;
#1307 = CARTESIAN_POINT ( 'NONE',  ( 22.43424475756537717, -6.042206017414732067, 83.07266697377292530 ) ) ;
#1308 = ORIENTED_EDGE ( 'NONE', *, *, #4237, .T. ) ;
#1309 = DIRECTION ( 'NONE',  ( 1.000000000000000000, 0.000000000000000000, 0.000000000000000000 ) ) ;
#1310 = CARTESIAN_POINT ( 'NONE',  ( 15.25927343900124988, -34.54371676128146618, 30.53640742597394464 ) ) ;
#1311 = DIRECTION ( 'NONE',  ( 0.000000000000000000, 0.000000000000000000, 1.000000000000000000 ) ) ;
#1312 = EDGE_LOOP ( 'NONE', ( #7193, #5631, #4023, #4564, #5454, #5602, #721, #5369, #3856 ) ) ;
#1313 = CARTESIAN_POINT ( 'NONE',  ( -8.727251208246057601, -38.18736135489523065, -2.276750320696153462 ) ) ;
#1314 = B_SPLINE_CURVE_WITH_KNOTS ( 'NONE', 3,
 ( #7405, #885, #5593, #2754 ),
 .UNSPECIFIED., .F., .F.,
 ( 4, 4 ),
 ( 1.388212393908971539E-16, 0.005038514492238431453 ),
 .UNSPECIFIED. ) ;
#1315 = DIRECTION ( 'NONE',  ( -3.074555195481525416E-16, -1.000000000000000000, 5.078222490274110485E-16 ) ) ;
#1316 = CARTESIAN_POINT ( 'NONE',  ( -8.953084838489413499, -42.26915022506256037, -0.9178362038310697857 ) ) ;
#1317 = CARTESIAN_POINT ( 'NONE',  ( 20.13201909064075323, -38.30748449334875261, -0.07350728171799569832 ) ) ;
#1318 = CARTESIAN_POINT ( 'NONE',  ( 85.42307960382289878, -13.94371515320613852, 92.67729385790640606 ) ) ;
#1319 = ORIENTED_EDGE ( 'NONE', *, *, #2084, .T. ) ;
#1320 = CARTESIAN_POINT ( 'NONE',  ( 13.56825112512121123, -30.95543471113733602, -36.45968395580511867 ) ) ;
#1321 = CARTESIAN_POINT ( 'NONE',  ( 7.568223691925890506, -37.97066291837128205, 4.870828146950920257 ) ) ;
#1322 = CARTESIAN_POINT ( 'NONE',  ( 6.309612666757712596, -41.82778858852822879, 6.417916460902258535 ) ) ;
#1323 = CARTESIAN_POINT ( 'NONE',  ( 73.65500000000000114, -64.66763823405520384, 5.659916979539048169E-14 ) ) ;
#1324 = FACE_OUTER_BOUND ( 'NONE', #1621, .T. ) ;
#1325 = CARTESIAN_POINT ( 'NONE',  ( 4.588764902489034014, -36.88393652881713791, 12.10081358881022240 ) ) ;
#1326 = ADVANCED_FACE ( 'NONE', ( #1419 ), #4853, .T. ) ;
#1327 = B_SPLINE_CURVE_WITH_KNOTS ( 'NONE', 3,
 ( #3230, #4992, #6746, #322 ),
 .UNSPECIFIED., .F., .F.,
 ( 4, 4 ),
 ( 6.664114238905806495E-05, 0.9999835186213251736 ),
 .UNSPECIFIED. ) ;
#1328 = CARTESIAN_POINT ( 'NONE',  ( -12.69257573279303131, 20.00000000000000000, -50.16455915774985641 ) ) ;
#1329 = ORIENTED_EDGE ( 'NONE', *, *, #5118, .T. ) ;
#1330 = CARTESIAN_POINT ( 'NONE',  ( 7.344016847136050963, -42.05001507918065329, -3.031826476146554761 ) ) ;
#1331 = CARTESIAN_POINT ( 'NONE',  ( 6.464935145344758993, -37.81911383528801451, -6.261548723323432597 ) ) ;
#1332 = ORIENTED_EDGE ( 'NONE', *, *, #3416, .T. ) ;
#1333 = CARTESIAN_POINT ( 'NONE',  ( -9.443083818365986204, -38.30966232310072428, 0.1306908001299727506 ) ) ;
#1334 = CARTESIAN_POINT ( 'NONE',  ( 4.667665775254480472E-05, -41.49435253703499882, -8.400031655487991245 ) ) ;
#1335 = EDGE_CURVE ( 'NONE', #1435, #5120, #7157, .T. ) ;
#1336 = CARTESIAN_POINT ( 'NONE',  ( 7.343998865180619617, -42.10617315468100230, 0.2042448726145590088 ) ) ;
#1337 = CARTESIAN_POINT ( 'NONE',  ( 7.483795365531229926, -41.97720097454995880, -4.999289050204255958 ) ) ;
#1338 = CARTESIAN_POINT ( 'NONE',  ( -18.00000000000000000, -38.07290899291183450, -5.949309185000988265 ) ) ;
#1339 = CARTESIAN_POINT ( 'NONE',  ( 7.344046676544019547, -41.74793702330200063, -8.399990846906709052 ) ) ;
#1340 = VERTEX_POINT ( 'NONE', #363 ) ;
#1341 = CARTESIAN_POINT ( 'NONE',  ( -8.941484701486459130, -38.25273063445133914, -1.185090330524856794 ) ) ;
#1342 = PLANE ( 'NONE',  #1011 ) ;
#1343 = CARTESIAN_POINT ( 'NONE',  ( 10.69162235605352684, -37.67584644297190266, 7.398239253382141278 ) ) ;
#1344 = B_SPLINE_CURVE_WITH_KNOTS ( 'NONE', 3,
 ( #7306, #6024, #315, #2036 ),
 .UNSPECIFIED., .F., .F.,
 ( 4, 4 ),
 ( 0.000000000000000000, 0.005208215192949714779 ),
 .UNSPECIFIED. ) ;
#1345 = CARTESIAN_POINT ( 'NONE',  ( -7.344011546507279498, -42.08122902362369899, 2.077913923010080044 ) ) ;
#1346 = CARTESIAN_POINT ( 'NONE',  ( -4.806316116920749337, -37.64678904170208540, 7.610561052868286325 ) ) ;
#1347 = CARTESIAN_POINT ( 'NONE',  ( 5.507988453293689801, -41.96221732434155172, 2.077985338027330098 ) ) ;
#1348 = CARTESIAN_POINT ( 'NONE',  ( -9.180038008140789074, -41.98503258812255012, 6.840001279900169706 ) ) ;
#1349 = ORIENTED_EDGE ( 'NONE', *, *, #4639, .F. ) ;
#1350 = CARTESIAN_POINT ( 'NONE',  ( -8.306478130606437915, -42.11040817468575881, 3.464460256679103178 ) ) ;
#1351 = CARTESIAN_POINT ( 'NONE',  ( 13.63565418723942457, -31.09574359622565254, 36.24896523477333687 ) ) ;
#1352 = CARTESIAN_POINT ( 'NONE',  ( 11.19046357284223703, -26.16889925855802090, -42.59510021363092847 ) ) ;
#1353 = DIRECTION ( 'NONE',  ( 0.000000000000000000, 1.000000000000000000, 0.000000000000000000 ) ) ;
#1354 = CARTESIAN_POINT ( 'NONE',  ( 8.067217597738338242, -20.14567414120459432, 48.62335124008350107 ) ) ;
#1355 = VECTOR ( 'NONE', #6036, 1000.000000000000000 ) ;
#1356 = CARTESIAN_POINT ( 'NONE',  ( 5.488067696742813695, -41.74219353952535272, 7.139243302663843771 ) ) ;
#1357 = CARTESIAN_POINT ( 'NONE',  ( 74.30501422232777031, -63.39640923772800818, -4.104505601355670663 ) ) ;
#1358 = CARTESIAN_POINT ( 'NONE',  ( -18.00000000000000000, -23.68619686104764810, -39.70994965335955840 ) ) ;
#1359 = CARTESIAN_POINT ( 'NONE',  ( 85.91728259824829195, -50.78462308660630242, 45.79384632313450254 ) ) ;
#1360 = VERTEX_POINT ( 'NONE', #5606 ) ;
#1361 = CARTESIAN_POINT ( 'NONE',  ( 16.54108925045349565, -37.41592331075671041, -24.37386912572642572 ) ) ;
#1362 = FILL_AREA_STYLE_COLOUR ( '', #4501 ) ;
#1363 = CARTESIAN_POINT ( 'NONE',  ( -8.844840863565908151, -38.22359348091890752, 1.670347874565870860 ) ) ;
#1364 = CARTESIAN_POINT ( 'NONE',  ( 9.000000000000000000, -42.30661100815935072, 1.086142634795535983E-15 ) ) ;
#1365 = CARTESIAN_POINT ( 'NONE',  ( 23.13850053261344897, -58.99259783589939588, -3.625970439761834165E-15 ) ) ;
#1366 = CARTESIAN_POINT ( 'NONE',  ( 18.47495851138567957, -41.84290558361145429, -6.316667579825922196 ) ) ;
#1367 = DIRECTION ( 'NONE',  ( 0.000000000000000000, -0.000000000000000000, 1.000000000000000000 ) ) ;
#1368 = CARTESIAN_POINT ( 'NONE',  ( -18.00000000000000000, -26.96475769767874908, 35.57686982298324807 ) ) ;
#1369 = CARTESIAN_POINT ( 'NONE',  ( 7.344006245878440531, -42.10689846338710396, -1.124001369873609990 ) ) ;
#1370 = AXIS2_PLACEMENT_3D ( 'NONE', #7236, #3149, #2070 ) ;
#1371 = CARTESIAN_POINT ( 'NONE',  ( -4.259443137613194708, -6.042206017373009885, 53.98290812280549744 ) ) ;
#1372 = EDGE_CURVE ( 'NONE', #4664, #302, #4865, .T. ) ;
#1373 = DIRECTION ( 'NONE',  ( 0.000000000000000000, -0.000000000000000000, 1.000000000000000000 ) ) ;
#1374 = DIRECTION ( 'NONE',  ( 1.000000000000000000, 0.000000000000000000, 0.000000000000000000 ) ) ;
#1375 = CARTESIAN_POINT ( 'NONE',  ( -1.134705643865839777E-06, -41.79338277993004880, 0.2042040640332719870 ) ) ;
#1376 = CARTESIAN_POINT ( 'NONE',  ( 8.960756867226102429, -42.27286003085592370, -0.8397411308605989833 ) ) ;
#1377 = CARTESIAN_POINT ( 'NONE',  ( -2.295103840761430813, -36.75192802456849250, 12.73279713474497932 ) ) ;
#1378 = ORIENTED_EDGE ( 'NONE', *, *, #3853, .F. ) ;
#1379 = CARTESIAN_POINT ( 'NONE',  ( 185.3328331859785862, -6.042206017371040794, -197.8656663719569906 ) ) ;
#1380 = ADVANCED_FACE ( 'NONE', ( #7416 ), #952, .F. ) ;
#1381 = CARTESIAN_POINT ( 'NONE',  ( -9.000000000000000000, -38.30472699488110777, -1.718667784195345147E-09 ) ) ;
#1382 = CARTESIAN_POINT ( 'NONE',  ( -8.956149962503332063, -42.27060452135030033, 0.8873462951892370221 ) ) ;
#1383 = CARTESIAN_POINT ( 'NONE',  ( -9.180005109440658728, -42.29214137119174666, 0.9194804949377138881 ) ) ;
#1384 = CARTESIAN_POINT ( 'NONE',  ( 0.6478444760736433716, -37.44537270309876220, 8.981551260729748520 ) ) ;
#1385 = CARTESIAN_POINT ( 'NONE',  ( -9.180005109440658728, -42.29214137119174666, 0.9194804949377138881 ) ) ;
#1386 = CARTESIAN_POINT ( 'NONE',  ( -3.672038008226089723, -41.66660914934225701, 6.840031886336140232 ) ) ;
#1387 = ORIENTED_EDGE ( 'NONE', *, *, #6323, .T. ) ;
#1388 = CARTESIAN_POINT ( 'NONE',  ( 60.68209063117348734, -6.042206017375218785, 100.7995584160845084 ) ) ;
#1389 = CARTESIAN_POINT ( 'NONE',  ( 13.48535897548359763, -30.78524899251014446, 36.70058274753537830 ) ) ;
#1390 = CARTESIAN_POINT ( 'NONE',  ( 16.53353958039605232, -37.39909008921487299, -24.41570337099339127 ) ) ;
#1391 = CARTESIAN_POINT ( 'NONE',  ( 8.878513710821122729, -38.23456794555378480, 1.481316844603057570 ) ) ;
#1392 = CARTESIAN_POINT ( 'NONE',  ( 16.01964495533789190, -36.23033879663712753, 27.10355159338840636 ) ) ;
#1393 = CARTESIAN_POINT ( 'NONE',  ( 8.540573850625854391, -42.15398774952450367, 2.899835226924416531 ) ) ;
#1394 = CARTESIAN_POINT ( 'NONE',  ( 5.123577662923801235, -41.70919107622858490, -7.400739795105789831 ) ) ;
#1395 = CARTESIAN_POINT ( 'NONE',  ( 20.34536719873065280, -26.96475769767874908, -35.57686982298324807 ) ) ;
#1396 = CARTESIAN_POINT ( 'NONE',  ( 185.3328331859800073, -6.042206017369109006, 4.163336342344334502E-14 ) ) ;
#1397 = ORIENTED_EDGE ( 'NONE', *, *, #1660, .T. ) ;
#1398 = CARTESIAN_POINT ( 'NONE',  ( -10.33986621469312794, -38.31026286157675287, 7.995964574712471240 ) ) ;
#1399 = CARTESIAN_POINT ( 'NONE',  ( -7.945123746302190426, -38.03220599231167398, 4.230397389210353687 ) ) ;
#1400 = CARTESIAN_POINT ( 'NONE',  ( 8.820367819256398789, -42.22350495630112022, 1.789244678081518769 ) ) ;
#1401 = CARTESIAN_POINT ( 'NONE',  ( 185.3328331859785862, -6.042206017371040794, -197.8656663719569906 ) ) ;
#1402 = CARTESIAN_POINT ( 'NONE',  ( 73.65500000000000114, -63.39640923772800818, -2.064450201827639861E-15 ) ) ;
#1403 = CARTESIAN_POINT ( 'NONE',  ( -7.261860239778838100, -37.15061757629147365, 10.71997517535353950 ) ) ;
#1404 = CARTESIAN_POINT ( 'NONE',  ( -18.00000000000000000, -37.24753809675059557, 11.41428795664992002 ) ) ;
#1405 = CIRCLE ( 'NONE', #7135, 16.74500000000000099 ) ;
#1406 = CARTESIAN_POINT ( 'NONE',  ( -5.507983152664921001, -41.92983744892940479, -3.031897891163809700 ) ) ;
#1407 = CARTESIAN_POINT ( 'NONE',  ( 7.797588651485117595, -38.00764040017857326, -4.496507773544805353 ) ) ;
#1408 = CARTESIAN_POINT ( 'NONE',  ( -12.75417235284320050, -38.16930386266236042, 2.518401431502582444 ) ) ;
#1409 = CARTESIAN_POINT ( 'NONE',  ( 86.40000000000000568, -64.66763823405520384, 0.000000000000000000 ) ) ;
#1410 = CARTESIAN_POINT ( 'NONE',  ( 3.493117819993507123, -6.042206017369079696, 53.98290812280665563 ) ) ;
#1411 = CIRCLE ( 'NONE', #4212, 12.74499999999999922 ) ;
#1412 = CARTESIAN_POINT ( 'NONE',  ( 1.134705611842493951E-06, -41.79338277994690287, -0.2042040640332815071 ) ) ;
#1413 = CARTESIAN_POINT ( 'NONE',  ( 8.705333591065461007, -42.19288530297211537, -2.302875600314886473 ) ) ;
#1414 = CARTESIAN_POINT ( 'NONE',  ( -5.703847596417388033, -36.97913712863986291, 11.62644589431857867 ) ) ;
#1415 = ORIENTED_EDGE ( 'NONE', *, *, #3769, .T. ) ;
#1416 = CARTESIAN_POINT ( 'NONE',  ( -8.071940326848865865, -38.05372424794953901, -3.991555979628025330 ) ) ;
#1417 = AXIS2_PLACEMENT_3D ( 'NONE', #2175, #6842, #528 ) ;
#1418 = SURFACE_STYLE_USAGE ( .BOTH. , #6692 ) ;
#1419 = FACE_OUTER_BOUND ( 'NONE', #1484, .T. ) ;
#1420 = CARTESIAN_POINT ( 'NONE',  ( -5.508003405735349745, -41.96905124318065106, 0.6128881944211520549 ) ) ;
#1421 = CARTESIAN_POINT ( 'NONE',  ( 8.980504592517423390, -42.28321526838138311, -0.6033876389322442302 ) ) ;
#1422 = CARTESIAN_POINT ( 'NONE',  ( 9.179993753865641537, -42.28220595406965288, 1.124093189181498031 ) ) ;
#1423 = EDGE_CURVE ( 'NONE', #7110, #2088, #1101, .T. ) ;
#1424 = ORIENTED_EDGE ( 'NONE', *, *, #1529, .T. ) ;
#1425 = CARTESIAN_POINT ( 'NONE',  ( 133.7386892265030269, -6.042206017375243654, 92.63312215388249626 ) ) ;
#1426 = FACE_OUTER_BOUND ( 'NONE', #4293, .T. ) ;
#1427 = CARTESIAN_POINT ( 'NONE',  ( 15.72869204476139160, -35.57865219394462031, -28.49435078529817389 ) ) ;
#1428 = CARTESIAN_POINT ( 'NONE',  ( 8.525315472674563466, -38.14237332762940724, 2.899284748694393787 ) ) ;
#1429 = CARTESIAN_POINT ( 'NONE',  ( 16.00562839433093387, -36.19877267647329688, 27.17279561922492093 ) ) ;
#1430 = CARTESIAN_POINT ( 'NONE',  ( -2.330465194168831466, -41.53308563738156778, 8.698098081315720265 ) ) ;
#1431 = CARTESIAN_POINT ( 'NONE',  ( -3.990153808271488689, -41.62086810554147576, -8.072618081678099244 ) ) ;
#1432 = CARTESIAN_POINT ( 'NONE',  ( -12.69257573279303131, 4.000000000000000000, -30.16455915774985996 ) ) ;
#1433 = EDGE_CURVE ( 'NONE', #5235, #1293, #2146, .T. ) ;
#1434 = CARTESIAN_POINT ( 'NONE',  ( 152.8722439315374970, -38.48506133258119633, 4.163336342344334502E-14 ) ) ;
#1435 = VERTEX_POINT ( 'NONE', #2340 ) ;
#1436 = CARTESIAN_POINT ( 'NONE',  ( 8.992011631430255392, -42.29225567160140287, 0.3799013302841726114 ) ) ;
#1437 = CARTESIAN_POINT ( 'NONE',  ( 117.9131557670225874, -56.13001623236050364, 3.859248534111614838E-15 ) ) ;
#1438 = CARTESIAN_POINT ( 'NONE',  ( -7.581570385253500355, -37.97275094390830219, 4.858036793248285967 ) ) ;
#1439 = CARTESIAN_POINT ( 'NONE',  ( 4.349351077184354430, -41.64531798461802481, 7.901198083154197249 ) ) ;
#1440 = CARTESIAN_POINT ( 'NONE',  ( -4.259443137613194708, -6.042206017373009885, 53.98290812280549744 ) ) ;
#1441 = CARTESIAN_POINT ( 'NONE',  ( 7.041135573337122366, -37.12421519031168060, 10.86373162961844407 ) ) ;
#1442 = CARTESIAN_POINT ( 'NONE',  ( -18.00000000000000000, -11.27713467053115970, 50.82238809104900668 ) ) ;
#1443 = B_SPLINE_CURVE_WITH_KNOTS ( 'NONE', 3,
 ( #1027, #5127, #3936, #3973, #6272, #1641, #6309, #1067, #4012, #5892, #5280, #4163, #5853, #6345, #4615, #4732, #2976, #3583, #3436, #681, #3546, #105, #2361, #4579, #1678, #6910 ),
 .UNSPECIFIED., .F., .F.,
 ( 4, 2, 2, 2, 2, 2, 2, 2, 2, 2, 2, 2, 4 ),
 ( 3.421873671373357193E-16, 0.009312417057980918594, 0.01862483411596149718, 0.02793725117394207577, 0.03026535543843721782, 0.03259345970293235639, 0.03724966823192263354, 0.04656208528990319478, 0.05121829381889347887, 0.05587450234788375603, 0.06518691940586432421, 0.06984312793485460136, 0.07449933646384487851 ),
 .UNSPECIFIED. ) ;
#1444 = B_SPLINE_SURFACE_WITH_KNOTS ( 'NONE', 3, 1, ( 
 ( #5168, #6950 ),
 ( #5131, #609 ),
 ( #4510, #1759 ),
 ( #6876, #5820 ),
 ( #7479, #4091 ),
 ( #4544, #5283 ),
 ( #6424, #1185 ),
 ( #6389, #1145 ),
 ( #2904, #1612 ),
 ( #5245, #5857 ) ),
 .UNSPECIFIED., .F., .F., .F.,
 ( 4, 2, 2, 2, 4 ),
 ( 2, 2 ),
 ( 0.000000000000000000, 0.2500000000000000000, 0.5000000000000000000, 0.7500000000000000000, 1.000000000000000000 ),
 ( 0.000000000000000000, 1.000000000000000000 ),
 .UNSPECIFIED. ) ;
#1445 = CARTESIAN_POINT ( 'NONE',  ( 5.508042342385039980, -41.69806081896299332, -7.620011366621420201 ) ) ;
#1446 = CARTESIAN_POINT ( 'NONE',  ( 8.204128900548189662, -38.07788029544551023, -3.712525025941173951 ) ) ;
#1447 = CARTESIAN_POINT ( 'NONE',  ( 179.8382392356312494, -9.999999999999996447, 28.50214150462253926 ) ) ;
#1448 = CYLINDRICAL_SURFACE ( 'NONE', #480, 12.74500000000000632 ) ;
#1449 = CARTESIAN_POINT ( 'NONE',  ( 5.904539818825227826, -10.42243130551525532, 51.20699116563160658 ) ) ;
#1450 = CARTESIAN_POINT ( 'NONE',  ( 7.819439672550764442, -42.02750578903993528, -4.458832881140480708 ) ) ;
#1451 = CARTESIAN_POINT ( 'NONE',  ( 1.720018386489846396, -36.73130931695816770, 12.82893568888707847 ) ) ;
#1452 = ORIENTED_EDGE ( 'NONE', *, *, #3699, .T. ) ;
#1453 = CARTESIAN_POINT ( 'NONE',  ( -3.975771423287776773, -37.58108340857897645, -8.079729976532396662 ) ) ;
#1454 = CARTESIAN_POINT ( 'NONE',  ( 19.70935808833040070, -37.73170010312381351, 7.080502682476710774 ) ) ;
#1455 = CARTESIAN_POINT ( 'NONE',  ( 9.179994890275008146, -42.29213543392165064, 0.9195825163909309152 ) ) ;
#1456 = CARTESIAN_POINT ( 'NONE',  ( -6.500619825262825557, -37.82291685427158967, 6.231217415836281859 ) ) ;
#1457 = AXIS2_PLACEMENT_3D ( 'NONE', #5561, #3329, #6811 ) ;
#1458 = CARTESIAN_POINT ( 'NONE',  ( 3.671978988473880268, -41.81616949228254754, 3.781289569364389980 ) ) ;
#1459 = VECTOR ( 'NONE', #5616, 1000.000000000000000 ) ;
#1460 = ORIENTED_EDGE ( 'NONE', *, *, #4886, .T. ) ;
#1461 = CARTESIAN_POINT ( 'NONE',  ( -6.493896767346210019, -38.31026286157675287, 11.32506017201200699 ) ) ;
#1462 = CARTESIAN_POINT ( 'NONE',  ( 20.13201909064075323, -38.30748449334875261, -0.07350728171799569832 ) ) ;
#1463 = CARTESIAN_POINT ( 'NONE',  ( -71.46669839058749574, 7.514718625761429571, 137.9613978004092019 ) ) ;
#1464 = CIRCLE ( 'NONE', #3782, 16.74500000000000099 ) ;
#1465 = EDGE_CURVE ( 'NONE', #1250, #1064, #5432, .T. ) ;
#1466 = CARTESIAN_POINT ( 'NONE',  ( -10.79305320289023840, -38.30130328904834869, 0.08767092608567558787 ) ) ;
#1467 = CARTESIAN_POINT ( 'NONE',  ( 16.03329761011519849, -36.26109868756177690, 27.03592911006021637 ) ) ;
#1468 = CARTESIAN_POINT ( 'NONE',  ( -6.779177427390131960, -41.88109570676020610, 5.949021816751175251 ) ) ;
#1469 = CARTESIAN_POINT ( 'NONE',  ( -3.724233400214902012, -41.60358023396028671, -8.198607031799268086 ) ) ;
#1470 = CARTESIAN_POINT ( 'NONE',  ( -18.00000000000000000, -34.34959553575265545, -21.81000826438560125 ) ) ;
#1471 = CARTESIAN_POINT ( 'NONE',  ( 19.94252651915554964, -38.48506133258115369, -1.401225119901683858 ) ) ;
#1472 = B_SPLINE_CURVE_WITH_KNOTS ( 'NONE', 3,
 ( #2911, #1879, #3594, #4663 ),
 .UNSPECIFIED., .F., .F.,
 ( 4, 4 ),
 ( 1.115630864829514821E-16, 0.005038514492239874742 ),
 .UNSPECIFIED. ) ;
#1473 = ORIENTED_EDGE ( 'NONE', *, *, #5060, .T. ) ;
#1474 = CARTESIAN_POINT ( 'NONE',  ( 8.990562884674591970, -42.29086356057473495, 0.4122239274831989708 ) ) ;
#1475 = CARTESIAN_POINT ( 'NONE',  ( -22.00000000000000000, -42.30756013076910449, -5.181181809388050601E-15 ) ) ;
#1476 = AXIS2_PLACEMENT_3D ( 'NONE', #6892, #2804, #2957 ) ;
#1477 = EDGE_CURVE ( 'NONE', #677, #2917, #5745, .T. ) ;
#1478 = VECTOR ( 'NONE', #5874, 1000.000000000000000 ) ;
#1479 = CARTESIAN_POINT ( 'NONE',  ( -6.500344082920928024, -37.82288398739328983, 6.231489137449297111 ) ) ;
#1480 = CARTESIAN_POINT ( 'NONE',  ( -18.00000000000000000, -15.84325058705650058, 47.33309916941549744 ) ) ;
#1481 = CARTESIAN_POINT ( 'NONE',  ( 18.52301394989336458, -41.92719248059572834, -5.535419618236544714 ) ) ;
#1482 = FACE_OUTER_BOUND ( 'NONE', #5979, .T. ) ;
#1483 = CARTESIAN_POINT ( 'NONE',  ( 12.99998113673914801, -38.31026286157670313, 0.02214597991004834537 ) ) ;
#1484 = EDGE_LOOP ( 'NONE', ( #293, #2240, #4715, #1252 ) ) ;
#1485 = DIRECTION ( 'NONE',  ( -0.000000000000000000, -1.000000000000000000, -0.000000000000000000 ) ) ;
#1486 = CARTESIAN_POINT ( 'NONE',  ( 6.400379905696846450, -37.81129799279301551, -6.327339252816831738 ) ) ;
#1487 = LINE ( 'NONE', #1447, #7169 ) ;
#1488 = CARTESIAN_POINT ( 'NONE',  ( 186.7343311126194862, -6.042206017375295168, 27.50911040078350922 ) ) ;
#1489 = CARTESIAN_POINT ( 'NONE',  ( -12.69257573279303131, -9.999999999999982236, -50.16455915774985641 ) ) ;
#1490 = CARTESIAN_POINT ( 'NONE',  ( -3.447689632895328593, -41.58763006139767526, -8.313449897253800458 ) ) ;
#1491 = CARTESIAN_POINT ( 'NONE',  ( 5.753716386823804818, -36.98508401056113826, 11.59491936489995823 ) ) ;
#1492 = ORIENTED_EDGE ( 'NONE', *, *, #715, .F. ) ;
#1493 = CARTESIAN_POINT ( 'NONE',  ( 1.189150949861684126, -37.45414947944725270, -8.926038284503528430 ) ) ;
#1494 = CARTESIAN_POINT ( 'NONE',  ( -18.00000000000000000, -37.23864361936993816, 11.44619490345324131 ) ) ;
#1495 = CARTESIAN_POINT ( 'NONE',  ( -8.987123848528318248, -42.28767780546374411, 0.4826823553618631024 ) ) ;
#1496 = CARTESIAN_POINT ( 'NONE',  ( 5.507994890331870508, -41.97116850234994700, 0.9195621121002880427 ) ) ;
#1497 = CARTESIAN_POINT ( 'NONE',  ( 0.2884391820748832269, -41.48880458447123232, -9.000225614999063595 ) ) ;
#1498 = CARTESIAN_POINT ( 'NONE',  ( 7.343993753894060283, -42.10689525742390060, 1.124082987036175929 ) ) ;
#1499 =( BOUNDED_CURVE ( )  B_SPLINE_CURVE ( 3, ( #1402, #4996, #1938, #6182 ),
 .UNSPECIFIED., .F., .F. ) 
 B_SPLINE_CURVE_WITH_KNOTS ( ( 4, 4 ),
 ( 0.000000000000000000, 1.000000000000000000 ),
 .UNSPECIFIED. ) 
 CURVE ( )  GEOMETRIC_REPRESENTATION_ITEM ( )  RATIONAL_B_SPLINE_CURVE ( ( 1.000000000000000000, 0.3333333333333335369, 0.3333333333333335369, 1.000000000000000000 ) ) 
 REPRESENTATION_ITEM ( '' )  );
#1500 = ORIENTED_EDGE ( 'NONE', *, *, #3769, .F. ) ;
#1501 = CARTESIAN_POINT ( 'NONE',  ( 6.531985377273287874, -38.31026286157675287, 11.30178246152880206 ) ) ;
#1502 = CARTESIAN_POINT ( 'NONE',  ( -71.46669839058749574, 10.00000000000000000, 137.9613978004092019 ) ) ;
#1503 = CARTESIAN_POINT ( 'NONE',  ( 179.8382392356312494, -9.999999999999996447, 42.50214150462253571 ) ) ;
#1504 = VECTOR ( 'NONE', #1917, 1000.000000000000000 ) ;
#1505 = CARTESIAN_POINT ( 'NONE',  ( 8.999999999999991118, -39.64113769401082266, -1.888183232402019824E-14 ) ) ;
#1506 = CARTESIAN_POINT ( 'NONE',  ( 16.25029777721732316, -36.75227428997571621, 25.93003158605588254 ) ) ;
#1507 = B_SPLINE_CURVE_WITH_KNOTS ( 'NONE', 3,
 ( #1990, #5435, #7226, #4206 ),
 .UNSPECIFIED., .F., .F.,
 ( 4, 4 ),
 ( 0.000000000000000000, 0.9415623163864406120 ),
 .UNSPECIFIED. ) ;
#1508 = CARTESIAN_POINT ( 'NONE',  ( 8.879487003438583770, -42.24094218492997754, -1.475556485841890364 ) ) ;
#1509 = DIRECTION ( 'NONE',  ( 0.000000000000000000, 0.000000000000000000, 1.000000000000000000 ) ) ;
#1510 = CARTESIAN_POINT ( 'NONE',  ( -22.00000000000000000, -6.042206017373979776, 58.61996200337829777 ) ) ;
#1511 = VERTEX_POINT ( 'NONE', #2883 ) ;
#1512 = CARTESIAN_POINT ( 'NONE',  ( 8.941684770815944816, -42.26364661337586881, 1.033664218204377594 ) ) ;
#1513 = CARTESIAN_POINT ( 'NONE',  ( 19.07334698233634995, -6.042206017373970006, -58.61996200337829777 ) ) ;
#1514 = CARTESIAN_POINT ( 'NONE',  ( -5.781977706923591143, -37.74110762289767962, 6.899081458058030414 ) ) ;
#1515 = CARTESIAN_POINT ( 'NONE',  ( 0.4875835940440632621, -6.042206017373245253, -58.61996200337866014 ) ) ;
#1516 = CARTESIAN_POINT ( 'NONE',  ( 17.73180229108702832, -40.21840306827336065, -15.53327596499823393 ) ) ;
#1517 = CARTESIAN_POINT ( 'NONE',  ( 3.672016847192915101, -41.84322007499505247, -3.031846880437200298 ) ) ;
#1518 = LINE ( 'NONE', #2013, #5806 ) ;
#1519 = EDGE_CURVE ( 'NONE', #7492, #17, #1713, .T. ) ;
#1520 = ORIENTED_EDGE ( 'NONE', *, *, #5031, .T. ) ;
#1521 = CARTESIAN_POINT ( 'NONE',  ( 8.999999999999991118, -40.97450709949158920, -1.888183232402019824E-14 ) ) ;
#1522 = CARTESIAN_POINT ( 'NONE',  ( 3.682397957686390111, -37.56172349712358738, -8.212695751708722014 ) ) ;
#1523 = CARTESIAN_POINT ( 'NONE',  ( 4.432701245500068943, -13.33368284108289537, 54.00067659651076468 ) ) ;
#1524 = CARTESIAN_POINT ( 'NONE',  ( 189.1157133165481810, -6.042206017375297833, 16.38056183728666682 ) ) ;
#1525 = DIRECTION ( 'NONE',  ( -1.000000000000000000, -0.000000000000000000, -0.000000000000000000 ) ) ;
#1526 = VECTOR ( 'NONE', #5914, 1000.000000000000000 ) ;
#1527 = CARTESIAN_POINT ( 'NONE',  ( -5.346129625758415216, -41.72943890618541474, -7.247409777166702760 ) ) ;
#1528 = DIRECTION ( 'NONE',  ( 0.000000000000000000, 0.000000000000000000, 1.000000000000000000 ) ) ;
#1529 = EDGE_CURVE ( 'NONE', #4219, #6599, #5383, .T. ) ;
#1530 = ORIENTED_EDGE ( 'NONE', *, *, #4818, .T. ) ;
#1531 = CARTESIAN_POINT ( 'NONE',  ( -7.344042342356639885, -41.80212089884035720, 7.620001164476099653 ) ) ;
#1532 = CARTESIAN_POINT ( 'NONE',  ( 13.22810880880768103, -33.22972007004714357, -1.792194446697044859E-14 ) ) ;
#1533 = ORIENTED_EDGE ( 'NONE', *, *, #6376, .T. ) ;
#1534 = VECTOR ( 'NONE', #2868, 1000.000000000000000 ) ;
#1535 = CARTESIAN_POINT ( 'NONE',  ( -3.671996594122520108, -41.88853499518950230, -0.6129392051477680070 ) ) ;
#1536 = CARTESIAN_POINT ( 'NONE',  ( -8.075894356033098020, -42.06904543140365149, -3.983412649599631372 ) ) ;
#1537 = CARTESIAN_POINT ( 'NONE',  ( -5.507998297856270042, -41.96944676484329761, -0.3063367024858845156 ) ) ;
#1538 = VERTEX_POINT ( 'NONE', #7457 ) ;
#1539 = CARTESIAN_POINT ( 'NONE',  ( 115.8151054114409959, -6.042206017375234772, 99.78280563210769571 ) ) ;
#1540 = CARTESIAN_POINT ( 'NONE',  ( 86.40000000000000568, -58.93658393131480722, 0.000000000000000000 ) ) ;
#1541 = CARTESIAN_POINT ( 'NONE',  ( 0.000000000000000000, 4.000000000000000000, 131.9613978004092019 ) ) ;
#1542 = CARTESIAN_POINT ( 'NONE',  ( 0.6478444761067082558, -37.44537270310085830, 8.981551260716432949 ) ) ;
#1543 =( BOUNDED_CURVE ( )  B_SPLINE_CURVE ( 3, ( #1150, #4095, #6954, #5286 ),
 .UNSPECIFIED., .F., .F. ) 
 B_SPLINE_CURVE_WITH_KNOTS ( ( 4, 4 ),
 ( 0.000000000000000000, 0.02886279461168055754 ),
 .UNSPECIFIED. ) 
 CURVE ( )  GEOMETRIC_REPRESENTATION_ITEM ( )  RATIONAL_B_SPLINE_CURVE ( ( 1.000000000000000000, 0.9613480978994692894, 0.9302509150887140477, 0.9067084515677342749 ) ) 
 REPRESENTATION_ITEM ( '' )  );
#1544 = CARTESIAN_POINT ( 'NONE',  ( -18.00000000000000000, -38.30611622139949901, -0.03690425908144105011 ) ) ;
#1545 = CARTESIAN_POINT ( 'NONE',  ( -8.200566063403977424, -42.09076459486893640, -3.719977994800578891 ) ) ;
#1546 = CARTESIAN_POINT ( 'NONE',  ( 22.32986575890218361, -39.92365077371957938, -1.569265696386033051E-14 ) ) ;
#1547 = CARTESIAN_POINT ( 'NONE',  ( 103.1449999999999108, -58.93658393131474327, 9.891171654269799163 ) ) ;
#1548 = EDGE_LOOP ( 'NONE', ( #5514, #1452, #4935, #1675, #5123 ) ) ;
#1549 = CARTESIAN_POINT ( 'NONE',  ( 8.994610305804814132, -42.29524889171140956, 0.3152432044657776933 ) ) ;
#1550 = CARTESIAN_POINT ( 'NONE',  ( -3.986897055694953451, -41.61866915829686064, 8.090330568562087876 ) ) ;
#1551 = CARTESIAN_POINT ( 'NONE',  ( 7.513271913362731702, -37.96233473024536664, -4.955008019732145996 ) ) ;
#1552 = SURFACE_STYLE_FILL_AREA ( #4995 ) ;
#1553 = CARTESIAN_POINT ( 'NONE',  ( 11.23250956546158363, -26.25168488102629283, -42.50095258152826716 ) ) ;
#1554 = CARTESIAN_POINT ( 'NONE',  ( 5.508021011383919863, -41.90336651180879102, -3.781238558637785019 ) ) ;
#1555 = CARTESIAN_POINT ( 'NONE',  ( -12.99019127455881772, -38.31026286157669603, 1.771200161839230791 ) ) ;
#1556 = ORIENTED_EDGE ( 'NONE', *, *, #3201, .T. ) ;
#1557 = CARTESIAN_POINT ( 'NONE',  ( 9.180029509733920179, -42.08224734154784841, -5.310609717123659479 ) ) ;
#1558 = CARTESIAN_POINT ( 'NONE',  ( -8.299764768460192954, -38.09665500545519023, -3.480512538592740235 ) ) ;
#1559 = DIRECTION ( 'NONE',  ( 0.000000000000000000, 1.000000000000000000, 0.000000000000000000 ) ) ;
#1560 = AXIS2_PLACEMENT_3D ( 'NONE', #296, #3276, #4313 ) ;
#1561 = CARTESIAN_POINT ( 'NONE',  ( -65.46669839058749574, 10.00000000000000000, -131.7671940876994086 ) ) ;
#1562 = ADVANCED_FACE ( 'NONE', ( #6441 ), #6429, .T. ) ;
#1563 = DIRECTION ( 'NONE',  ( 0.000000000000000000, 1.000000000000000000, 0.000000000000000000 ) ) ;
#1564 = CARTESIAN_POINT ( 'NONE',  ( 3.456573225414040440, -41.58814372736936349, -8.309763126635996144 ) ) ;
#1565 = CARTESIAN_POINT ( 'NONE',  ( 3.168256216715742646, -41.57148380086399442, -8.429080349408494044 ) ) ;
#1566 = VERTEX_POINT ( 'NONE', #7000 ) ;
#1567 = CARTESIAN_POINT ( 'NONE',  ( -9.180011546478839435, -42.24575990181089935, 2.077903720864755055 ) ) ;
#1568 = DIRECTION ( 'NONE',  ( 0.000000000000000000, 1.000000000000000000, 0.000000000000000000 ) ) ;
#1569 = ADVANCED_FACE ( 'NONE', ( #4104 ), #4029, .F. ) ;
#1570 = B_SPLINE_SURFACE_WITH_KNOTS ( 'NONE', 5, 5, ( 
 ( #2038, #2649, #5852, #7517, #451, #6308, #6420, #1716, #4578 ),
 ( #603, #5239, #6384, #6909, #3972, #2360, #6946, #5203, #1794 ),
 ( #7437, #7020, #4692, #490, #1755, #1026, #2940, #6271, #2206 ),
 ( #1141, #3358, #5699, #2284, #1104, #4614, #2783, #4539, #1677 ),
 ( #565, #5126, #3435, #5279, #7473, #6871, #1180, #30, #2861 ),
 ( #2825, #1640, #5164, #1066, #3395, #4086, #5735, #2245, #4050 ),
 ( #4011, #6344, #5774, #525, #7556, #6983, #3472, #5814, #2899 ),
 ( #2322, #4651, #3508, #7177, #1255, #6614, #5470, #104, #5891 ),
 ( #70, #1296, #3013, #2434, #3700, #4767, #680, #4849, #3545 ),
 ( #2975, #5931, #1831, #7097, #2398, #5967, #2516, #2474, #1947 ),
 ( #222, #642, #4121, #4162, #1868, #3049, #2556, #4893, #4281 ),
 ( #5353, #6044, #3093, #4242, #4199, #6498, #7221, #4806, #5390 ),
 ( #6460, #717, #7055, #5317, #1375, #6536, #141, #1336, #3660 ),
 ( #3620, #7138, #1217, #758, #4731, #1911, #6576, #3582, #6008 ),
 ( #5428, #185, #795, #3131, #1412, #6651, #6082, #262, #3741 ),
 ( #5511, #834, #2594, #3173, #4932, #1985, #4316, #5757, #5682 ),
 ( #3881, #3381, #5071, #7418, #2156, #2228, #4417, #4488, #3415 ),
 ( #6822, #2122, #509, #3344, #365, #5608, #5719, #2697, #6220 ),
 ( #2846, #7354, #3994, #3308, #5186, #4562, #6328, #6259, #1086 ),
 ( #2086, #975, #3842, #4453, #5649, #1591, #6751, #436, #6787 ),
 ( #470, #7386, #2192, #3919, #6895, #1517, #1012, #6183, #5148 ),
 ( #2806, #936, #5034, #6293, #401, #2767, #1554, #2733, #5107 ),
 ( #7459, #3271, #4525, #6857, #1627, #3957, #1049, #1662, #5796 ),
 ( #661, #5263, #1276, #1814, #4144, #3493, #550, #5337, #2995 ),
 ( #2419, #3603, #5837, #1699, #1239, #3456, #4673, #6403, #588 ),
 ( #2923, #4069, #88, #6930, #6482, #6367, #1737, #5225, #15 ),
 ( #4750, #7003, #3531, #5876, #2886, #4032, #3565, #626, #7080 ) ),
 .UNSPECIFIED., .F., .F., .F.,
 ( 6, 3, 3, 3, 3, 3, 3, 3, 6 ),
 ( 6, 3, 6 ),
 ( -9.180021338060340597, -5.280072925847080434, -1.533063524059694815, -0.5105101600910710857, 3.552713678800500140E-15, 0.5105101600910760817, 1.533063524059699922, 5.280072925847080434, 9.180021338060329938 ),
 ( -9.179999999999569837, -1.776356839400250070E-15, 9.179999999999560956 ),
 .UNSPECIFIED. ) ;
#1571 = CARTESIAN_POINT ( 'NONE',  ( 3.671994890360305241, -41.88319309293465409, 0.9195519099549659403 ) ) ;
#1572 = CARTESIAN_POINT ( 'NONE',  ( -8.949429683871731100, -42.26731672399410655, -0.9567745974401231646 ) ) ;
#1573 = CARTESIAN_POINT ( 'NONE',  ( -9.179998297799400575, -42.31469511206929468, -0.3063571067765274991 ) ) ;
#1574 = ORIENTED_EDGE ( 'NONE', *, *, #4939, .T. ) ;
#1575 = CARTESIAN_POINT ( 'NONE',  ( 117.9131557670225874, -56.13001623236050364, 3.859248534111614838E-15 ) ) ;
#1576 = FACE_OUTER_BOUND ( 'NONE', #5963, .T. ) ;
#1577 = DIRECTION ( 'NONE',  ( 0.000000000000000000, 1.000000000000000000, 0.000000000000000000 ) ) ;
#1578 = CARTESIAN_POINT ( 'NONE',  ( -3.909882244637774562, -37.57637413233464230, 8.111739598847421462 ) ) ;
#1579 = EDGE_CURVE ( 'NONE', #3835, #3686, #866, .T. ) ;
#1580 = AXIS2_PLACEMENT_3D ( 'NONE', #3514, #7524, #2945 ) ;
#1581 = CARTESIAN_POINT ( 'NONE',  ( -18.00000000000000000, -26.96475769767874908, -35.57686982298324807 ) ) ;
#1582 = CARTESIAN_POINT ( 'NONE',  ( 99.14500000000001023, -64.66763823405520384, -2.673877255218193873E-14 ) ) ;
#1583 = CARTESIAN_POINT ( 'NONE',  ( 6.555357369730600681, -38.31026286157670313, 11.35383235379322997 ) ) ;
#1584 = CARTESIAN_POINT ( 'NONE',  ( -22.00000000000000000, -40.88189669053600284, 38.76238080152555199 ) ) ;
#1585 = ORIENTED_EDGE ( 'NONE', *, *, #1236, .T. ) ;
#1586 = CARTESIAN_POINT ( 'NONE',  ( 5.859713174841147065, -41.77661967289426315, 6.868361224420517885 ) ) ;
#1587 = CARTESIAN_POINT ( 'NONE',  ( -6.152739422883080955, -41.80995600509248078, 6.575047183286577557 ) ) ;
#1588 = CARTESIAN_POINT ( 'NONE',  ( 6.729676606278695239, -37.85199188352656563, -5.979090531462028402 ) ) ;
#1589 = SURFACE_SIDE_STYLE ('',( #1552 ) ) ;
#1590 = CARTESIAN_POINT ( 'NONE',  ( 15.97952276544596018, -36.14003351922858798, -27.30105734041326571 ) ) ;
#1591 = CARTESIAN_POINT ( 'NONE',  ( 3.672011546564115214, -41.86434211346455214, -2.077934327300730022 ) ) ;
#1592 = CARTESIAN_POINT ( 'NONE',  ( -18.01342170862875136, -5.512702099187720250, -2.557391253669899675E-14 ) ) ;
#1593 = CIRCLE ( 'NONE', #5869, 12.74499999999999922 ) ;
#1594 = VERTEX_POINT ( 'NONE', #1121 ) ;
#1595 = CARTESIAN_POINT ( 'NONE',  ( 172.5538384989423264, -8.689043034566408252, 54.50437696171972135 ) ) ;
#1596 = CARTESIAN_POINT ( 'NONE',  ( -7.405343055950828202, -37.94599160566135509, -5.115003032936374261 ) ) ;
#1597 = CARTESIAN_POINT ( 'NONE',  ( 172.6772380009915366, -20.95902901126225260, 1.056591433571883900E-14 ) ) ;
#1598 = FACE_OUTER_BOUND ( 'NONE', #987, .T. ) ;
#1599 = CARTESIAN_POINT ( 'NONE',  ( 98.49498577765213270, -63.39640923772800818, 4.104505601404373039 ) ) ;
#1600 = VECTOR ( 'NONE', #5223, 1000.000000000000000 ) ;
#1601 = B_SPLINE_CURVE_WITH_KNOTS ( 'NONE', 3,
 ( #2177, #5595, #4511, #3828 ),
 .UNSPECIFIED., .F., .F.,
 ( 4, 4 ),
 ( 1.764052576584507069E-16, 0.005208215192949551715 ),
 .UNSPECIFIED. ) ;
#1602 = CARTESIAN_POINT ( 'NONE',  ( -2.336810319106379374, -41.53332240738068037, -8.696428671350648898 ) ) ;
#1603 = ORIENTED_EDGE ( 'NONE', *, *, #5201, .F. ) ;
#1604 = CARTESIAN_POINT ( 'NONE',  ( 5.507953323256919553, -41.64573389331380326, 8.400062261923959994 ) ) ;
#1605 = ORIENTED_EDGE ( 'NONE', *, *, #3758, .T. ) ;
#1606 = CARTESIAN_POINT ( 'NONE',  ( 9.180029509733920179, -42.08224734154784841, -5.310609717123659479 ) ) ;
#1607 = CARTESIAN_POINT ( 'NONE',  ( -4.754055218201177269, -41.67757253416541374, 7.647653562603402122 ) ) ;
#1608 = CARTESIAN_POINT ( 'NONE',  ( -6.156934252167650001, -41.81039601293866070, -6.571125421974501002 ) ) ;
#1609 = CARTESIAN_POINT ( 'NONE',  ( 5.507998297856239844, -41.96944676530809915, 0.3063367024858759669 ) ) ;
#1610 = EDGE_CURVE ( 'NONE', #1511, #5198, #5872, .T. ) ;
#1611 = DIRECTION ( 'NONE',  ( -1.334604752262063986E-16, -1.000000000000000000, 0.000000000000000000 ) ) ;
#1612 = CARTESIAN_POINT ( 'NONE',  ( 20.34536719873065280, -11.27713467053115970, -50.82238809104900668 ) ) ;
#1613 = DIRECTION ( 'NONE',  ( 0.000000000000000000, 1.000000000000000000, 0.000000000000000000 ) ) ;
#1614 = CARTESIAN_POINT ( 'NONE',  ( -17.60597693396299945, -6.042206017373009885, -5.961328787590949350E-15 ) ) ;
#1615 = CARTESIAN_POINT ( 'NONE',  ( -8.148222086623233551, -38.06752097806372603, 3.833150010564277288 ) ) ;
#1616 = CARTESIAN_POINT ( 'NONE',  ( 23.13850053261344897, -58.99259783589939588, -3.625970439761834165E-15 ) ) ;
#1617 = CARTESIAN_POINT ( 'NONE',  ( -18.00000000000000000, -34.34959553575265545, 21.81000826438560125 ) ) ;
#1618 = CARTESIAN_POINT ( 'NONE',  ( -9.000000000000003553, -42.28582700166479924, -0.5908991357870539973 ) ) ;
#1619 = CARTESIAN_POINT ( 'NONE',  ( -22.00000000000000000, -42.30756013076910449, -5.767085840894440826E-15 ) ) ;
#1620 = EDGE_CURVE ( 'NONE', #713, #2096, #7036, .T. ) ;
#1621 = EDGE_LOOP ( 'NONE', ( #6359, #4048 ) ) ;
#1622 = CARTESIAN_POINT ( 'NONE',  ( -6.060981326660107804, -41.80004882671263999, 6.653661425980728517 ) ) ;
#1623 = CARTESIAN_POINT ( 'NONE',  ( 19.07334698233634995, -40.88189669053594599, -38.76238080152555199 ) ) ;
#1624 = CARTESIAN_POINT ( 'NONE',  ( 3.970490675334408248, -37.58124225853951828, -8.078075929719163994 ) ) ;
#1625 = CARTESIAN_POINT ( 'NONE',  ( -10.79305320289023840, -38.30130328904834869, 0.08767092608567558787 ) ) ;
#1626 = CARTESIAN_POINT ( 'NONE',  ( 16.03959348963468301, -36.27527973620877333, -27.00489130681824435 ) ) ;
#1627 = CARTESIAN_POINT ( 'NONE',  ( 2.950987607470884923E-05, -41.67149771645480172, -5.310660727850260443 ) ) ;
#1628 = CARTESIAN_POINT ( 'NONE',  ( 185.3328331859800073, -6.042206017369109006, 4.163336342344334502E-14 ) ) ;
#1629 = ORIENTED_EDGE ( 'NONE', *, *, #3012, .T. ) ;
#1630 = CARTESIAN_POINT ( 'NONE',  ( 34.52997485881824957, -20.95902901126089901, 85.73526420871947096 ) ) ;
#1631 = CARTESIAN_POINT ( 'NONE',  ( -3.373717682249500971, -37.54249030888387040, -8.343780873751368787 ) ) ;
#1632 = LINE ( 'NONE', #6298, #6445 ) ;
#1633 = CARTESIAN_POINT ( 'NONE',  ( -8.965809390968411563, -42.27545310530064882, 0.7841265367258221097 ) ) ;
#1634 = CARTESIAN_POINT ( 'NONE',  ( -4.535693671607009314, -36.87871808804201379, 12.12718643671883534 ) ) ;
#1635 = CARTESIAN_POINT ( 'NONE',  ( 173.4623590920634228, -7.369671591208340367, 55.00894741878929040 ) ) ;
#1636 = CARTESIAN_POINT ( 'NONE',  ( -3.990153890498866041, -41.62086812081370368, -8.072617969365163404 ) ) ;
#1637 = EDGE_LOOP ( 'NONE', ( #3337, #4668, #1926 ) ) ;
#1638 = CARTESIAN_POINT ( 'NONE',  ( 3.671998297884675022, -41.89111594139954775, 0.3063265003405539755 ) ) ;
#1639 = CARTESIAN_POINT ( 'NONE',  ( -3.671961991660209979, -41.66660398508295060, -6.840072694917419760 ) ) ;
#1640 = CARTESIAN_POINT ( 'NONE',  ( -7.344021011355519768, -42.01819183912319744, 3.781228356492460474 ) ) ;
#1641 = CARTESIAN_POINT ( 'NONE',  ( 9.137446488759808361, -22.17441248079730798, 46.83460421283518826 ) ) ;
#1642 = CARTESIAN_POINT ( 'NONE',  ( 3.671999999943119875, -41.88125511334990136, 2.040429063875279689E-05 ) ) ;
#1643 = CARTESIAN_POINT ( 'NONE',  ( 174.4174514072596196, -6.042206017375275628, 55.41008709328143311 ) ) ;
#1644 = DIRECTION ( 'NONE',  ( -0.000000000000000000, 1.000000000000000000, -0.000000000000000000 ) ) ;
#1645 = CARTESIAN_POINT ( 'NONE',  ( -9.000000000000007105, -40.97264965553067384, 0.000000000000000000 ) ) ;
#1646 = CARTESIAN_POINT ( 'NONE',  ( 179.8382392356312494, -6.042206017375283622, 42.50214150462253571 ) ) ;
#1647 = PLANE ( 'NONE',  #6258 ) ;
#1648 = CARTESIAN_POINT ( 'NONE',  ( 19.07334698233630021, -42.30756013076910449, -5.181181809388050601E-15 ) ) ;
#1649 = EDGE_CURVE ( 'NONE', #1825, #3663, #3158, .T. ) ;
#1650 = CARTESIAN_POINT ( 'NONE',  ( -12.30564869124123106, -38.03448325629870652, 4.213389430307817207 ) ) ;
#1651 = CARTESIAN_POINT ( 'NONE',  ( 18.63070844425311989, -35.34014208002222546, -18.23259079401682925 ) ) ;
#1652 = DIRECTION ( 'NONE',  ( 0.000000000000000000, 0.000000000000000000, 1.000000000000000000 ) ) ;
#1653 = DIRECTION ( 'NONE',  ( 0.000000000000000000, 0.000000000000000000, 1.000000000000000000 ) ) ;
#1654 = ORIENTED_EDGE ( 'NONE', *, *, #5772, .T. ) ;
#1655 = CARTESIAN_POINT ( 'NONE',  ( 4.005128830689510977, -41.62273317329167099, 8.060778752639976119 ) ) ;
#1656 = CARTESIAN_POINT ( 'NONE',  ( 7.939159707721101356, -19.90289125848003948, 48.83768775973351239 ) ) ;
#1657 = LINE ( 'NONE', #6398, #353 ) ;
#1658 = CARTESIAN_POINT ( 'NONE',  ( 179.8382392356312494, -6.042206017373009885, 42.50214150462253571 ) ) ;
#1659 = SURFACE_STYLE_USAGE ( .BOTH. , #5222 ) ;
#1660 = EDGE_CURVE ( 'NONE', #2096, #5811, #4066, .T. ) ;
#1661 = CARTESIAN_POINT ( 'NONE',  ( 14.88691663023037393, -33.73632617704444669, -32.00649220750124613 ) ) ;
#1662 = CARTESIAN_POINT ( 'NONE',  ( 7.344029509762339814, -41.94464985518334998, -5.310619919268979139 ) ) ;
#1663 = CARTESIAN_POINT ( 'NONE',  ( 190.4059769339629895, -6.042206017373019655, 1.273705867443711913E-14 ) ) ;
#1664 = ORIENTED_EDGE ( 'NONE', *, *, #1693, .T. ) ;
#1665 = CARTESIAN_POINT ( 'NONE',  ( 46.43677164677047386, -38.48506133258121054, 66.05468056303826074 ) ) ;
#1666 = CARTESIAN_POINT ( 'NONE',  ( -6.329338824306729450, -37.80272044906428164, -6.398404670385652970 ) ) ;
#1667 = CARTESIAN_POINT ( 'NONE',  ( 103.1449999999998965, -58.93658393131480722, -33.48999999999982435 ) ) ;
#1668 = CARTESIAN_POINT ( 'NONE',  ( 2.301197961015114313, -41.53222196220889373, 8.706053664926855618 ) ) ;
#1669 = CARTESIAN_POINT ( 'NONE',  ( -11.63161826774518381, -37.87588062191749572, 5.804120376597326825 ) ) ;
#1670 = CARTESIAN_POINT ( 'NONE',  ( 80.74990491037794982, -63.39640923772800818, 11.45470350604460563 ) ) ;
#1671 = CARTESIAN_POINT ( 'NONE',  ( -2.051097830058421057, -41.52290498848836364, -8.768140835294337521 ) ) ;
#1672 = ORIENTED_EDGE ( 'NONE', *, *, #2301, .F. ) ;
#1673 = CARTESIAN_POINT ( 'NONE',  ( -3.672003405763780481, -41.88853576663194644, 0.6128983965664729361 ) ) ;
#1674 = B_SPLINE_CURVE_WITH_KNOTS ( 'NONE', 2,
 ( #5744, #1112, #6813 ),
 .UNSPECIFIED., .F., .F.,
 ( 3, 3 ),
 ( 0.000000000000000000, 1.000000000000000000 ),
 .UNSPECIFIED. ) ;
#1675 = ORIENTED_EDGE ( 'NONE', *, *, #5076, .T. ) ;
#1676 = CARTESIAN_POINT ( 'NONE',  ( -5.507993753922540314, -41.96795358722095415, -1.124072784890862042 ) ) ;
#1677 = CARTESIAN_POINT ( 'NONE',  ( 9.179961991574881353, -41.98502101336310233, 6.840103301353389398 ) ) ;
#1678 = CARTESIAN_POINT ( 'NONE',  ( 18.74757609822828641, -42.24943900729414281, 1.580255940616864363 ) ) ;
#1679 = CARTESIAN_POINT ( 'NONE',  ( -1.134705643865839777E-06, -41.79338277993004880, 0.2042040640332719870 ) ) ;
#1680 = CARTESIAN_POINT ( 'NONE',  ( -18.00000000000000000, -33.76135606336559647, -31.95317545291229777 ) ) ;
#1681 = LINE ( 'NONE', #4015, #1534 ) ;
#1682 = CARTESIAN_POINT ( 'NONE',  ( -0.07689803140795321845, -9.999999999999982236, -56.23454071742327187 ) ) ;
#1683 = LINE ( 'NONE', #7525, #5557 ) ;
#1684 = CARTESIAN_POINT ( 'NONE',  ( -6.982277095355601482, -37.88560636193835052, 5.680777981546517807 ) ) ;
#1685 = CARTESIAN_POINT ( 'NONE',  ( -17.60597693396299945, -6.042206017373009885, -5.961328787590949350E-15 ) ) ;
#1686 = CARTESIAN_POINT ( 'NONE',  ( 226.6457644257072843, -6.042206017375349347, -58.61996200337829777 ) ) ;
#1687 = CARTESIAN_POINT ( 'NONE',  ( 12.37459413054157942, -22.41455991224604105, -40.87836906866200337 ) ) ;
#1688 = CARTESIAN_POINT ( 'NONE',  ( 10.30711129747144916, -37.60976383808434775, 7.901415990879089080 ) ) ;
#1689 = CARTESIAN_POINT ( 'NONE',  ( -9.430824435927242178, -37.46030243117355951, 8.886954097950093612 ) ) ;
#1690 = ORIENTED_EDGE ( 'NONE', *, *, #2677, .F. ) ;
#1691 = CARTESIAN_POINT ( 'NONE',  ( 7.523762425306390611, -41.98309194651503162, 4.939054899177411251 ) ) ;
#1692 = CARTESIAN_POINT ( 'NONE',  ( 11.83792578777785742, -37.91826114260355496, 5.389237410283527652 ) ) ;
#1693 = EDGE_CURVE ( 'NONE', #7313, #5293, #496, .T. ) ;
#1694 = CARTESIAN_POINT ( 'NONE',  ( 1.172683599365321960, -38.30472708429531536, -1.140648448090531009E-13 ) ) ;
#1695 = CIRCLE ( 'NONE', #6940, 13.99999999999999822 ) ;
#1696 = CARTESIAN_POINT ( 'NONE',  ( 6.464935145344758993, -37.81911383528801451, -6.261548723323432597 ) ) ;
#1697 = CARTESIAN_POINT ( 'NONE',  ( 12.22737508601448297, -28.22721800278317872, -40.14729880105419113 ) ) ;
#1698 = CARTESIAN_POINT ( 'NONE',  ( 3.543743181994237545, -41.59324972189504166, -8.273066969953127625 ) ) ;
#1699 = CARTESIAN_POINT ( 'NONE',  ( -3.671957657472794789, -41.61891006585364750, -7.620062377348030047 ) ) ;
#1700 = CARTESIAN_POINT ( 'NONE',  ( 26.92140908143025158, -6.042206017369097459, 98.31135985159349389 ) ) ;
#1701 = ORIENTED_EDGE ( 'NONE', *, *, #3904, .T. ) ;
#1702 = CARTESIAN_POINT ( 'NONE',  ( 132.1963904380773158, -50.78462308660635927, 27.05165476076345143 ) ) ;
#1703 = EDGE_CURVE ( 'NONE', #115, #3007, #4396, .T. ) ;
#1704 = CARTESIAN_POINT ( 'NONE',  ( 19.92775606846375780, -38.48506133258187845, -132.9444878630724531 ) ) ;
#1705 = CARTESIAN_POINT ( 'NONE',  ( 172.6772380009915366, -20.95902901126225260, 1.056591433571883900E-14 ) ) ;
#1706 = CARTESIAN_POINT ( 'NONE',  ( 3.201260005236211459, -41.57386181536688241, 8.412028582620338923 ) ) ;
#1707 = CARTESIAN_POINT ( 'NONE',  ( -9.285803311735429943, -37.43676645719000362, 9.037306087525630360 ) ) ;
#1708 = CARTESIAN_POINT ( 'NONE',  ( 74.30508092214989802, -63.39640923772801528, 4.104477973339149877 ) ) ;
#1709 = CARTESIAN_POINT ( 'NONE',  ( -8.942374883029597044, -42.25836122176502840, -1.176041312561364016 ) ) ;
#1710 = ORIENTED_EDGE ( 'NONE', *, *, #2358, .F. ) ;
#1711 = CARTESIAN_POINT ( 'NONE',  ( -9.179998297799400575, -42.31469511206929468, -0.3063571067765274991 ) ) ;
#1712 = VERTEX_POINT ( 'NONE', #6391 ) ;
#1713 = CIRCLE ( 'NONE', #6725, 13.99999999999999822 ) ;
#1714 = CIRCLE ( 'NONE', #6000, 16.74500000000000099 ) ;
#1715 = CARTESIAN_POINT ( 'NONE',  ( 3.672016847192915101, -41.84322007499505247, -3.031846880437200298 ) ) ;
#1716 = CARTESIAN_POINT ( 'NONE',  ( 7.343948989041080289, -41.69036013684584674, 9.180062146499889053 ) ) ;
#1717 = CARTESIAN_POINT ( 'NONE',  ( -13.15518455823439936, -37.58412590509600193, 8.970993739684610446 ) ) ;
#1718 = CARTESIAN_POINT ( 'NONE',  ( 9.180021011327060165, -42.16513681420755688, -3.781218154347145255 ) ) ;
#1719 = CARTESIAN_POINT ( 'NONE',  ( 226.6457644257074833, 10.00000000000000000, 137.9613978004090882 ) ) ;
#1720 = DIRECTION ( 'NONE',  ( -1.000000000000000000, 0.000000000000000000, 0.000000000000000000 ) ) ;
#1721 = CARTESIAN_POINT ( 'NONE',  ( -9.000000000000000000, -38.30472699488110777, -1.718667784195345147E-09 ) ) ;
#1722 = CARTESIAN_POINT ( 'NONE',  ( 73.65500000000000114, -63.39640923772800818, -7.305073961863510412E-16 ) ) ;
#1723 = CARTESIAN_POINT ( 'NONE',  ( -9.180042342328199823, -41.93205553898625482, 7.619990962330779105 ) ) ;
#1724 = CARTESIAN_POINT ( 'NONE',  ( 23.13850053261339923, -58.99259783589939588, -1.549459856639939826E-14 ) ) ;
#1725 = CARTESIAN_POINT ( 'NONE',  ( 3.671957657472765035, -41.61891006581415553, 7.620062377348030047 ) ) ;
#1726 = CARTESIAN_POINT ( 'NONE',  ( 47.47541654746176221, -6.042206017375235660, 127.4845284879952345 ) ) ;
#1727 = VECTOR ( 'NONE', #4847, 1000.000000000000000 ) ;
#1728 = ORIENTED_EDGE ( 'NONE', *, *, #8, .F. ) ;
#1729 = CARTESIAN_POINT ( 'NONE',  ( -2.941023556038505404, -41.56033823950323125, 8.508299908029121283 ) ) ;
#1730 = CARTESIAN_POINT ( 'NONE',  ( 7.819785040499224849, -19.67677225995643653, 49.03584746124936089 ) ) ;
#1731 = CARTESIAN_POINT ( 'NONE',  ( 8.200566042194484595, -42.09076459016583982, 3.719978055704277864 ) ) ;
#1732 = CARTESIAN_POINT ( 'NONE',  ( 18.66290839322197570, -42.14821894134152558, 3.159611951856719614 ) ) ;
#1733 = CARTESIAN_POINT ( 'NONE',  ( 149.6614994673866192, -58.99259783589941009, -126.5229989347731561 ) ) ;
#1734 = CARTESIAN_POINT ( 'NONE',  ( -8.998799112008940781, 11.74493434166574168, 0.1470188481355286236 ) ) ;
#1735 = B_SPLINE_CURVE_WITH_KNOTS ( 'NONE', 3,
 ( #5985, #123, #2379, #6480, #1237, #6401, #4633, #4181, #3563, #2455, #4142, #6963, #5261, #3029, #5909, #3529, #7001, #4787 ),
 .UNSPECIFIED., .F., .F.,
 ( 4, 2, 2, 2, 2, 2, 2, 2, 4 ),
 ( 0.000000000000000000, 0.1250000000000000000, 0.2500000000000000000, 0.3750000000000000000, 0.5000000000000000000, 0.6250000000000000000, 0.7500000000000000000, 0.8750000000000000000, 1.000000000000000000 ),
 .UNSPECIFIED. ) ;
#1736 = CARTESIAN_POINT ( 'NONE',  ( -8.820367819619601590, -42.22350495640507972, -1.789244676290038027 ) ) ;
#1737 = CARTESIAN_POINT ( 'NONE',  ( 5.508046676572449840, -41.64574234799879804, -8.400001049052029600 ) ) ;
#1738 = ADVANCED_FACE ( 'NONE', ( #4547 ), #7209, .T. ) ;
#1739 = CARTESIAN_POINT ( 'NONE',  ( 85.91728259824829195, -50.78462308660630242, 45.79384632313450254 ) ) ;
#1740 =( BOUNDED_CURVE ( )  B_SPLINE_CURVE ( 3, ( #4053, #5738, #5666, #2828 ),
 .UNSPECIFIED., .F., .F. ) 
 B_SPLINE_CURVE_WITH_KNOTS ( ( 4, 4 ),
 ( 2.891205793294689173E-16, 1.570796326794896558 ),
 .UNSPECIFIED. ) 
 CURVE ( )  GEOMETRIC_REPRESENTATION_ITEM ( )  RATIONAL_B_SPLINE_CURVE ( ( 1.000000000000000000, 0.8047378541243650485, 0.8047378541243650485, 1.000000000000000000 ) ) 
 REPRESENTATION_ITEM ( '' )  );
#1741 = ORIENTED_EDGE ( 'NONE', *, *, #6554, .T. ) ;
#1742 = CARTESIAN_POINT ( 'NONE',  ( -6.261848139220889564, -13.94371515320611898, -1.953732251145784860 ) ) ;
#1743 = DIRECTION ( 'NONE',  ( 0.000000000000000000, 1.000000000000000000, 0.000000000000000000 ) ) ;
#1744 = CARTESIAN_POINT ( 'NONE',  ( 103.1449999999999960, -58.93658393131480011, 5.007450250832799374E-15 ) ) ;
#1745 = CARTESIAN_POINT ( 'NONE',  ( -8.365068517662150427, -42.12141091263917048, 3.320898975381335827 ) ) ;
#1746 = CARTESIAN_POINT ( 'NONE',  ( -6.816776795983313875, -37.09660181220758801, 11.01441753136028545 ) ) ;
#1747 = CARTESIAN_POINT ( 'NONE',  ( 8.999999999999991118, -40.97387435108509379, -1.888183232402019824E-14 ) ) ;
#1748 = EDGE_CURVE ( 'NONE', #486, #5558, #6165, .T. ) ;
#1749 = FACE_OUTER_BOUND ( 'NONE', #4764, .T. ) ;
#1750 = ORIENTED_EDGE ( 'NONE', *, *, #3719, .F. ) ;
#1751 = CARTESIAN_POINT ( 'NONE',  ( 7.343996594065629324, -42.11401773343364852, 0.6129596094384029970 ) ) ;
#1752 = ORIENTED_EDGE ( 'NONE', *, *, #6432, .T. ) ;
#1753 = CARTESIAN_POINT ( 'NONE',  ( 2.950987607470884923E-05, -41.67149771645480172, -5.310660727850260443 ) ) ;
#1754 = EDGE_CURVE ( 'NONE', #5798, #4896, #6277, .T. ) ;
#1755 = CARTESIAN_POINT ( 'NONE',  ( -4.234247036814634441E-05, -41.54461856202144787, 7.620041973057389839 ) ) ;
#1756 = FACE_OUTER_BOUND ( 'NONE', #6381, .T. ) ;
#1757 = CARTESIAN_POINT ( 'NONE',  ( -7.343957657415930207, -41.80211066434029732, -7.620082781638670255 ) ) ;
#1758 = CARTESIAN_POINT ( 'NONE',  ( 7.318597235227948694, -41.95370573718902563, 5.240277683078572224 ) ) ;
#1759 = CARTESIAN_POINT ( 'NONE',  ( 20.34536719873065280, -37.24753809675054583, -11.41428795664993778 ) ) ;
#1760 = CARTESIAN_POINT ( 'NONE',  ( 3.493117819994089768, -6.042206017370068238, 53.98290812280625772 ) ) ;
#1761 = DIRECTION ( 'NONE',  ( 0.000000000000000000, 0.000000000000000000, 1.000000000000000000 ) ) ;
#1762 = CARTESIAN_POINT ( 'NONE',  ( 7.343948989041080289, -41.69036013684584674, 9.180062146499889053 ) ) ;
#1763 = CARTESIAN_POINT ( 'NONE',  ( 179.8382392356312494, -6.042206017373009885, 42.50214150462253571 ) ) ;
#1764 = CARTESIAN_POINT ( 'NONE',  ( 5.507953323256919553, -41.64573389331380326, 8.400062261923959994 ) ) ;
#1765 = CARTESIAN_POINT ( 'NONE',  ( 40.60360956192334925, -50.78462308660660085, -1.121688059249859863E-14 ) ) ;
#1766 = ORIENTED_EDGE ( 'NONE', *, *, #2636, .F. ) ;
#1767 = CARTESIAN_POINT ( 'NONE',  ( 10.36603187619854793, -38.31026286157675287, 7.958962405054918143 ) ) ;
#1768 = CARTESIAN_POINT ( 'NONE',  ( 12.99871930432295564, -38.27065463894863484, 0.8791975339760262909 ) ) ;
#1769 = CARTESIAN_POINT ( 'NONE',  ( 7.936404120345845747, -19.89767973380579491, -48.84217892801070349 ) ) ;
#1770 = EDGE_LOOP ( 'NONE', ( #7114, #2511 ) ) ;
#1771 = CARTESIAN_POINT ( 'NONE',  ( 18.82837672200435364, -42.30756013076910449, -7.696413152913580629E-15 ) ) ;
#1772 = B_SPLINE_CURVE_WITH_KNOTS ( 'NONE', 3,
 ( #2684, #4370, #853, #5023, #1508, #3191, #3722, #7345, #2039, #2111, #5567, #318, #2003, #6633, #3831, #6174, #3152, #927, #4443, #4335, #204, #1394, #6779, #3761, #2074, #5528, #2536, #6671, #778, #243, #3113, #4871, #5490, #281, #2650, #4406, #7197, #6064, #2613, #6706, #1469, #1431, #3797, #891, #3226, #4988, #7309, #7529, #5213, #2257, #3298, #7410, #6210, #4020, #3909, #4624, #6882, #1545, #965, #3871, #3334, #1618, #2722 ),
 .UNSPECIFIED., .F., .F.,
 ( 4, 1, 2, 2, 2, 2, 2, 2, 2, 2, 2, 2, 2, 2, 2, 2, 2, 2, 2, 2, 2, 2, 2, 2, 2, 2, 2, 2, 2, 2, 2, 4 ),
 ( 0.000000000000000000, 0.03125000000000004857, 0.04687500000000009021, 0.06250000000000012490, 0.09375000000000011102, 0.1250000000000001110, 0.1875000000000001388, 0.2187500000000001665, 0.2500000000000001665, 0.2812500000000002220, 0.2968750000000001665, 0.3125000000000001665, 0.3750000000000002220, 0.4062500000000003331, 0.4218750000000003886, 0.4375000000000003886, 0.4687500000000004441, 0.5000000000000004441, 0.5625000000000005551, 0.5937500000000005551, 0.6250000000000006661, 0.6562500000000006661, 0.6718750000000005551, 0.6875000000000005551, 0.7500000000000004441, 0.7812500000000004441, 0.7968750000000004441, 0.8125000000000004441, 0.8437500000000003331, 0.8750000000000002220, 0.9375000000000001110, 1.000000000000000000 ),
 .UNSPECIFIED. ) ;
#1773 = DIRECTION ( 'NONE',  ( 0.000000000000000000, 1.000000000000000000, 0.000000000000000000 ) ) ;
#1774 = AXIS2_PLACEMENT_3D ( 'NONE', #1540, #6168, #2105 ) ;
#1775 = CARTESIAN_POINT ( 'NONE',  ( 86.40000000000000568, -64.66763823405520384, 0.000000000000000000 ) ) ;
#1776 = CARTESIAN_POINT ( 'NONE',  ( -8.976145500406378375, -42.28090686117300834, -0.6558730959010014017 ) ) ;
#1777 = CARTESIAN_POINT ( 'NONE',  ( 8.187371031915319008, -14.59792089347966026, 48.11685128839628334 ) ) ;
#1778 = CARTESIAN_POINT ( 'NONE',  ( 100.4489254887065499, -57.95386985700427118, 24.36668169229009706 ) ) ;
#1779 = ORIENTED_EDGE ( 'NONE', *, *, #5538, .T. ) ;
#1780 = DIRECTION ( 'NONE',  ( 3.074555195481525416E-16, 1.000000000000000000, -5.078222490274110485E-16 ) ) ;
#1781 = CIRCLE ( 'NONE', #3361, 95.72774478742267945 ) ;
#1782 = CARTESIAN_POINT ( 'NONE',  ( 179.8382392356312494, -9.999999999999996447, 42.50214150462253571 ) ) ;
#1783 = CARTESIAN_POINT ( 'NONE',  ( -0.5000963583086147635, -37.44191955088984258, 9.003512763103392658 ) ) ;
#1784 = CARTESIAN_POINT ( 'NONE',  ( -8.455572639230391374, -42.13905755209992776, 3.083693213176010417 ) ) ;
#1785 = CARTESIAN_POINT ( 'NONE',  ( -12.85711051807311378, -38.21160624825361651, 1.877083977375842316 ) ) ;
#1786 = CARTESIAN_POINT ( 'NONE',  ( -10.56084286835865882, -37.65015857889679296, 7.592612098606609017 ) ) ;
#1787 = CARTESIAN_POINT ( 'NONE',  ( 5.945168765864766058, -41.78635246039504381, -6.782603703463754741 ) ) ;
#1788 = ADVANCED_FACE ( 'NONE', ( #572 ), #5247, .F. ) ;
#1789 = ORIENTED_EDGE ( 'NONE', *, *, #5395, .F. ) ;
#1790 = CARTESIAN_POINT ( 'NONE',  ( -3.405820646415295385E-06, -41.79101289185604884, 0.6129188008571170299 ) ) ;
#1791 = EDGE_CURVE ( 'NONE', #5558, #1064, #3232, .T. ) ;
#1792 = ORIENTED_EDGE ( 'NONE', *, *, #7017, .F. ) ;
#1793 = CARTESIAN_POINT ( 'NONE',  ( 19.47147941552133332, -37.27370386985151640, -11.40636932845209728 ) ) ;
#1794 = CARTESIAN_POINT ( 'NONE',  ( 9.179953323200049198, -41.87591202975680460, 8.400082666214601090 ) ) ;
#1795 = CARTESIAN_POINT ( 'NONE',  ( 0.4875835940453340234, -6.042206017375219673, 58.61996200337879515 ) ) ;
#1796 = CARTESIAN_POINT ( 'NONE',  ( 7.344021011355500228, -42.01819183936184743, -3.781228356492464915 ) ) ;
#1797 = CARTESIAN_POINT ( 'NONE',  ( 5.496131957178481464, -41.74118417099014522, 7.151065585105440547 ) ) ;
#1798 = EDGE_CURVE ( 'NONE', #6944, #6285, #7407, .T. ) ;
#1799 = FACE_OUTER_BOUND ( 'NONE', #6240, .T. ) ;
#1800 = CARTESIAN_POINT ( 'NONE',  ( -7.365424720247339962, -37.15204096606659334, 10.71270293663100581 ) ) ;
#1801 = CARTESIAN_POINT ( 'NONE',  ( 5.507983152664880144, -41.92983744923065359, 3.031897891163805259 ) ) ;
#1802 = AXIS2_PLACEMENT_3D ( 'NONE', #6720, #2590, #4928 ) ;
#1803 = CARTESIAN_POINT ( 'NONE',  ( 179.8382392356312494, 10.00000000000000000, 42.50214150462253571 ) ) ;
#1804 = CARTESIAN_POINT ( 'NONE',  ( 73.65500000000000114, -63.39640923772801528, 2.829958489769524085E-14 ) ) ;
#1805 = CARTESIAN_POINT ( 'NONE',  ( 86.40000000000000568, -63.39640923772801528, 0.000000000000000000 ) ) ;
#1806 = ORIENTED_EDGE ( 'NONE', *, *, #3332, .F. ) ;
#1807 = CARTESIAN_POINT ( 'NONE',  ( -8.975014034964171827, -42.28034591251475405, 0.6701704651597768514 ) ) ;
#1808 = CARTESIAN_POINT ( 'NONE',  ( 11.22774260933731583, -26.24229171448357079, 42.51168771824973902 ) ) ;
#1809 = CARTESIAN_POINT ( 'NONE',  ( 3.867993732598679291, -12.28578098402560848, -54.72864800073097058 ) ) ;
#1810 = LINE ( 'NONE', #4102, #2710 ) ;
#1811 = CARTESIAN_POINT ( 'NONE',  ( -2.934410232837505017, -37.51779488357391301, -8.510588188601428072 ) ) ;
#1812 = CARTESIAN_POINT ( 'NONE',  ( 168.0238501401080953, -9.999999999999996447, 50.01348028672948942 ) ) ;
#1813 = CARTESIAN_POINT ( 'NONE',  ( 98.73695426875512737, -63.39640923772800818, -3.306842385774028337 ) ) ;
#1814 = CARTESIAN_POINT ( 'NONE',  ( -3.671961991660209979, -41.66660398508295060, -6.840072694917419760 ) ) ;
#1815 = CARTESIAN_POINT ( 'NONE',  ( 42.40893209317441404, -33.22972007004630512, 72.71224217743807117 ) ) ;
#1816 = ORIENTED_EDGE ( 'NONE', *, *, #2593, .T. ) ;
#1817 = CARTESIAN_POINT ( 'NONE',  ( 10.28725191854851140, -24.38851012101736160, -44.63294385369206196 ) ) ;
#1818 = CARTESIAN_POINT ( 'NONE',  ( 1.172683599365327289, -38.30472708429533668, 5.674917458696471240E-13 ) ) ;
#1819 = CARTESIAN_POINT ( 'NONE',  ( -1.937719017081339201, -37.47489654487573318, 8.793810581799625936 ) ) ;
#1820 = CARTESIAN_POINT ( 'NONE',  ( -8.838519512636104025, -42.22871349447374456, 1.697322213048348294 ) ) ;
#1821 = CARTESIAN_POINT ( 'NONE',  ( -8.998799112008940781, -38.30460735910270387, 0.1467910492799149869 ) ) ;
#1822 = LINE ( 'NONE', #3612, #3182 ) ;
#1823 = CARTESIAN_POINT ( 'NONE',  ( -0.001283415555043834018, 11.74493434166574168, -0.06168758558244399198 ) ) ;
#1824 = AXIS2_PLACEMENT_3D ( 'NONE', #4495, #2629, #4350 ) ;
#1825 = VERTEX_POINT ( 'NONE', #2328 ) ;
#1826 = CARTESIAN_POINT ( 'NONE',  ( -7.343978988417039666, -42.01818542903539822, -3.781309973655035073 ) ) ;
#1827 = AXIS2_PLACEMENT_3D ( 'NONE', #4494, #3924, #5113 ) ;
#1828 = ORIENTED_EDGE ( 'NONE', *, *, #303, .T. ) ;
#1829 = FACE_OUTER_BOUND ( 'NONE', #4499, .T. ) ;
#1830 = CARTESIAN_POINT ( 'NONE',  ( -9.179948989012670424, -41.81641118698129844, -9.180072348645209601 ) ) ;
#1831 = CARTESIAN_POINT ( 'NONE',  ( -5.508005109497530860, -41.97117035294004950, 0.9195008992283579818 ) ) ;
#1832 = CARTESIAN_POINT ( 'NONE',  ( 9.000000000000000000, -42.30661100815935072, 1.086142634795535983E-15 ) ) ;
#1833 = CARTESIAN_POINT ( 'NONE',  ( 3.599335457580178588, -6.042206017375282734, -63.18049245606964348 ) ) ;
#1834 = CARTESIAN_POINT ( 'NONE',  ( -5.507988453293719999, -41.96221732396909943, -2.077985338027334983 ) ) ;
#1835 = CARTESIAN_POINT ( 'NONE',  ( -3.986897334445601793, -41.61866916517897153, 8.090330519154447231 ) ) ;
#1836 = VECTOR ( 'NONE', #4223, 1000.000000000000000 ) ;
#1837 = CARTESIAN_POINT ( 'NONE',  ( 20.36082540615130299, -37.24753809675059557, 11.41428795664992002 ) ) ;
#1838 = CARTESIAN_POINT ( 'NONE',  ( 12.99998145813961514, -38.30387826367884685, 0.02195650304198450142 ) ) ;
#1839 = CARTESIAN_POINT ( 'NONE',  ( -5.508016847164520335, -41.92984125614904656, 3.031836678291874865 ) ) ;
#1840 = CARTESIAN_POINT ( 'NONE',  ( 181.1205124361627838, -6.042206017369094795, 28.56098748355245931 ) ) ;
#1841 = CARTESIAN_POINT ( 'NONE',  ( 7.343961991603319639, -41.85264108032090746, 6.840093099208069738 ) ) ;
#1842 = EDGE_CURVE ( 'NONE', #7005, #6395, #6989, .T. ) ;
#1843 = CARTESIAN_POINT ( 'NONE',  ( 132.1963904380766337, -50.78462308660662217, -91.59278087615335551 ) ) ;
#1844 = VERTEX_POINT ( 'NONE', #2870 ) ;
#1845 = CARTESIAN_POINT ( 'NONE',  ( -8.996959919319495569, -42.29973919374381808, 0.2341690941938945614 ) ) ;
#1846 = CARTESIAN_POINT ( 'NONE',  ( 15.94153847123501855, -36.05466877113535418, 27.48637043006824499 ) ) ;
#1847 = CARTESIAN_POINT ( 'NONE',  ( 15.22667459392130773, -34.47257054008170485, -30.66988074094328809 ) ) ;
#1848 = ORIENTED_EDGE ( 'NONE', *, *, #5880, .T. ) ;
#1849 = CARTESIAN_POINT ( 'NONE',  ( -7.180963579333121238, -37.91333641350602335, -5.428771503019553357 ) ) ;
#1850 = CARTESIAN_POINT ( 'NONE',  ( 1.912399170775385127, -8.667928198442396592, -57.12337892767808967 ) ) ;
#1851 = CARTESIAN_POINT ( 'NONE',  ( 80.01478676232333953, -63.39640923772800818, -11.06177466967916345 ) ) ;
#1852 = CARTESIAN_POINT ( 'NONE',  ( 170.1723395384229889, -6.042206017369096571, 52.62984524453858626 ) ) ;
#1853 = ADVANCED_FACE ( 'NONE', ( #3401, #5210 ), #422, .T. ) ;
#1854 = CARTESIAN_POINT ( 'NONE',  ( 12.33325034156387012, -33.22972007004623407, 41.67014294537386832 ) ) ;
#1855 = ORIENTED_EDGE ( 'NONE', *, *, #3384, .F. ) ;
#1856 = CARTESIAN_POINT ( 'NONE',  ( 0.4875835940440632621, -6.042206017373245253, -58.61996200337866725 ) ) ;
#1857 = DIRECTION ( 'NONE',  ( 0.000000000000000000, 4.956352788505163268E-16, 1.000000000000000000 ) ) ;
#1858 = CARTESIAN_POINT ( 'NONE',  ( 7.493516310389637169, -37.95921278882621408, 4.984706288116807826 ) ) ;
#1859 = CARTESIAN_POINT ( 'NONE',  ( 6.143137140933131235, -41.80936722422307383, 6.578393440850964780 ) ) ;
#1860 = CARTESIAN_POINT ( 'NONE',  ( 8.570178661412233723, -37.32384228104370294, 9.746223667939682755 ) ) ;
#1861 = CARTESIAN_POINT ( 'NONE',  ( -1.695854979108104565, -36.71247580812391931, 12.91735802495916907 ) ) ;
#1862 = CARTESIAN_POINT ( 'NONE',  ( 1.173423236582501250, -41.49944605723826641, -8.928166886501857746 ) ) ;
#1863 = ORIENTED_EDGE ( 'NONE', *, *, #3376, .T. ) ;
#1864 = CARTESIAN_POINT ( 'NONE',  ( 5.109582799404299976E-06, -41.79199488318105438, -0.9195315056643299512 ) ) ;
#1865 = ORIENTED_EDGE ( 'NONE', *, *, #4779, .T. ) ;
#1866 = CARTESIAN_POINT ( 'NONE',  ( 15.34440927087882578, -28.25355459127764135, -33.32988397658332502 ) ) ;
#1867 = CARTESIAN_POINT ( 'NONE',  ( -5.507948989069539891, -41.58977544978714747, -9.180051944354559623 ) ) ;
#1868 = CARTESIAN_POINT ( 'NONE',  ( -3.405820646415295385E-06, -41.79101289185604884, 0.6129188008571170299 ) ) ;
#1869 = CARTESIAN_POINT ( 'NONE',  ( 8.320226875225191776, -42.11296704887990217, -3.431315204650100092 ) ) ;
#1870 = CARTESIAN_POINT ( 'NONE',  ( 8.556546032182287931, -37.32434034656787958, 9.730812988187597767 ) ) ;
#1871 = CARTESIAN_POINT ( 'NONE',  ( 4.667665775254480472E-05, -41.49435253703499882, -8.400031655487991245 ) ) ;
#1872 = EDGE_LOOP ( 'NONE', ( #6306, #3599, #4852, #376, #6978 ) ) ;
#1873 = CARTESIAN_POINT ( 'NONE',  ( 8.206493394288644438, -38.07834387810370202, -3.706801716926016343 ) ) ;
#1874 = CARTESIAN_POINT ( 'NONE',  ( 20.36082540615130299, -15.84325058705650058, 47.33309916941549744 ) ) ;
#1875 = CARTESIAN_POINT ( 'NONE',  ( -0.3894052183602421113, -36.69403469052601707, 13.00113443124637591 ) ) ;
#1876 = CARTESIAN_POINT ( 'NONE',  ( -5.508006245906900133, -41.96795418391710797, 1.124011572018924099 ) ) ;
#1877 = CARTESIAN_POINT ( 'NONE',  ( 179.8382392356312494, 10.00000000000000000, 62.50214150462253571 ) ) ;
#1878 = CARTESIAN_POINT ( 'NONE',  ( 9.302258724331609940, -16.65789200924621127, -46.37397113846814278 ) ) ;
#1879 = CARTESIAN_POINT ( 'NONE',  ( 184.0984465169091493, -8.689043034565962387, 29.12429474287405284 ) ) ;
#1880 = B_SPLINE_CURVE_WITH_KNOTS ( 'NONE', 2,
 ( #7426, #2197, #6862 ),
 .UNSPECIFIED., .F., .F.,
 ( 3, 3 ),
 ( 0.000000000000000000, 1.000000000000000000 ),
 .UNSPECIFIED. ) ;
#1881 = ORIENTED_EDGE ( 'NONE', *, *, #3201, .F. ) ;
#1882 = CARTESIAN_POINT ( 'NONE',  ( -8.974080811962762638, -42.27989264711915496, 0.6825788329835937862 ) ) ;
#1883 = CARTESIAN_POINT ( 'NONE',  ( 16.29422844587078956, -36.84838308128319539, 25.75146674172742323 ) ) ;
#1884 = CARTESIAN_POINT ( 'NONE',  ( 13.58933078430705699, -30.99982749801245774, -36.38984092546517246 ) ) ;
#1885 = EDGE_CURVE ( 'NONE', #3007, #734, #1683, .T. ) ;
#1886 = EDGE_LOOP ( 'NONE', ( #5922, #1750, #2653, #2699 ) ) ;
#1887 = CARTESIAN_POINT ( 'NONE',  ( -6.306749556624057895, -37.79998789372339019, -6.420723727728525176 ) ) ;
#1888 = AXIS2_PLACEMENT_3D ( 'NONE', #1646, #2831, #5822 ) ;
#1889 = DIRECTION ( 'NONE',  ( -1.734723475976807292E-15, 4.956352788505163268E-16, 1.000000000000000000 ) ) ;
#1890 = CARTESIAN_POINT ( 'NONE',  ( -8.980326197338175831, -42.28336029222883496, -0.5973155958734430726 ) ) ;
#1891 = LINE ( 'NONE', #2457, #1836 ) ;
#1892 = CARTESIAN_POINT ( 'NONE',  ( 85.69934851693989231, -38.48506133258115369, 66.46855121629380392 ) ) ;
#1893 = ORIENTED_EDGE ( 'NONE', *, *, #4045, .T. ) ;
#1894 = CARTESIAN_POINT ( 'NONE',  ( 18.13690681178544395, -41.17934561906999136, -12.46984523788870547 ) ) ;
#1895 = AXIS2_PLACEMENT_3D ( 'NONE', #3509, #3014, #5354 ) ;
#1896 = CARTESIAN_POINT ( 'NONE',  ( 20.34536719873065280, -15.84325058705650058, -47.33309916941539797 ) ) ;
#1897 = CIRCLE ( 'NONE', #3240, 100.8923368198791195 ) ;
#1898 = ADVANCED_FACE ( 'NONE', ( #2292 ), #3886, .T. ) ;
#1899 = CARTESIAN_POINT ( 'NONE',  ( 8.366556987711495808, -38.10978830282019914, 3.317138048631215863 ) ) ;
#1900 = CARTESIAN_POINT ( 'NONE',  ( 8.261718974617835443, -42.10217960694485129, 3.570224198690696404 ) ) ;
#1901 = CARTESIAN_POINT ( 'NONE',  ( 9.469718511016319340, -37.46642487617674533, 8.850548598818646084 ) ) ;
#1902 = CARTESIAN_POINT ( 'NONE',  ( -2.956322774687514254, -36.76616108465048427, 12.66663614641428381 ) ) ;
#1903 = CARTESIAN_POINT ( 'NONE',  ( -0.5948538279484884006, -41.49102731401193012, -8.985221377182613267 ) ) ;
#1904 = B_SPLINE_CURVE_WITH_KNOTS ( 'NONE', 3,
 ( #6431, #4058, #4700, #1840 ),
 .UNSPECIFIED., .F., .F.,
 ( 4, 4 ),
 ( 1.764052576584507069E-16, 0.005208215192949551715 ),
 .UNSPECIFIED. ) ;
#1905 = ORIENTED_EDGE ( 'NONE', *, *, #3384, .T. ) ;
#1906 = CARTESIAN_POINT ( 'NONE',  ( -5.507988453293719999, -41.96221732396909943, -2.077985338027334983 ) ) ;
#1907 = CARTESIAN_POINT ( 'NONE',  ( 7.686063526083902531, -37.98960565507063336, -4.682912577321101999 ) ) ;
#1908 = ORIENTED_EDGE ( 'NONE', *, *, #4587, .T. ) ;
#1909 = CARTESIAN_POINT ( 'NONE',  ( -71.46669839058749574, 4.000000000000000000, 137.9613978004091450 ) ) ;
#1910 = CARTESIAN_POINT ( 'NONE',  ( 14.96237566552061615, -27.48163053770526787, -34.47212565022539366 ) ) ;
#1911 = CARTESIAN_POINT ( 'NONE',  ( 3.671999999943119875, -41.88125511334990136, 2.040429063875279689E-05 ) ) ;
#1912 = CARTESIAN_POINT ( 'NONE',  ( 8.827807762070889908, -42.22561777794834370, -1.752166867156803365 ) ) ;
#1913 = CARTESIAN_POINT ( 'NONE',  ( 142.0935584448089344, -6.042206017375340465, -88.01109163422270854 ) ) ;
#1914 = CARTESIAN_POINT ( 'NONE',  ( 5.101084516543970309E-05, -41.43984812867625322, -9.180021337918599755 ) ) ;
#1915 = VERTEX_POINT ( 'NONE', #829 ) ;
#1916 = CARTESIAN_POINT ( 'NONE',  ( 8.531012895683245389, -38.14362886884734394, -2.882821874213921998 ) ) ;
#1917 = DIRECTION ( 'NONE',  ( -1.000000000000000000, 3.074555195481525416E-16, -1.561327534128339757E-31 ) ) ;
#1918 = CARTESIAN_POINT ( 'NONE',  ( -7.795981180651955000, -37.20730524620547897, 10.40690377590328275 ) ) ;
#1919 = CARTESIAN_POINT ( 'NONE',  ( -9.180016847107648204, -42.20095491708080004, 3.031816274001229772 ) ) ;
#1920 = CARTESIAN_POINT ( 'NONE',  ( 5.956432123820516900, -37.75938647426588091, 6.753359271095026983 ) ) ;
#1921 = CARTESIAN_POINT ( 'NONE',  ( -1.684724981805610017E-05, -41.75539727404530055, 3.031867284727840062 ) ) ;
#1922 = CARTESIAN_POINT ( 'NONE',  ( -9.180016847107648204, -42.20095491708080004, 3.031816274001229772 ) ) ;
#1923 = ORIENTED_EDGE ( 'NONE', *, *, #3668, .F. ) ;
#1924 = CARTESIAN_POINT ( 'NONE',  ( -8.952591704456542843, -42.26891917972535850, 0.9226365139516206071 ) ) ;
#1925 = DIRECTION ( 'NONE',  ( 1.000000000000000000, 0.000000000000000000, 0.000000000000000000 ) ) ;
#1926 = ORIENTED_EDGE ( 'NONE', *, *, #7351, .T. ) ;
#1927 = CARTESIAN_POINT ( 'NONE',  ( 8.076792803807753884, -20.16383711956182623, 48.60724779958220410 ) ) ;
#1928 = CARTESIAN_POINT ( 'NONE',  ( -0.5851226216307606753, -41.49092440190555209, 8.985920722148799555 ) ) ;
#1929 = CARTESIAN_POINT ( 'NONE',  ( -8.955998966692543917, -42.27053191541357791, -0.8888725885053230247 ) ) ;
#1930 = CARTESIAN_POINT ( 'NONE',  ( 17.78528318906839800, -33.42287354489363338, 23.57091827798387129 ) ) ;
#1931 = CARTESIAN_POINT ( 'NONE',  ( 85.84362670746759250, -47.26221975847409595, 52.78134362686709835 ) ) ;
#1932 = EDGE_CURVE ( 'NONE', #1915, #6626, #939, .T. ) ;
#1933 = ORIENTED_EDGE ( 'NONE', *, *, #1423, .F. ) ;
#1934 = LINE ( 'NONE', #7163, #5190 ) ;
#1935 = CARTESIAN_POINT ( 'NONE',  ( 8.456675660160172470, -38.12820398505355968, 3.080682832765379686 ) ) ;
#1936 = CARTESIAN_POINT ( 'NONE',  ( 8.996320277648917951, -42.29542734184489206, 0.2968137825912690042 ) ) ;
#1937 = CARTESIAN_POINT ( 'NONE',  ( -22.00000000000000000, -42.30756013076910449, -5.767085840894440826E-15 ) ) ;
#1938 = CARTESIAN_POINT ( 'NONE',  ( 99.14499999999999602, -63.39640923772795134, 25.49000000000012278 ) ) ;
#1939 = CARTESIAN_POINT ( 'NONE',  ( 12.99065809163615093, -38.27067789894963568, 0.8765433862777526342 ) ) ;
#1940 = CARTESIAN_POINT ( 'NONE',  ( 20.36082540615130299, -6.042206017372979687, 53.98290812280559692 ) ) ;
#1941 = EDGE_CURVE ( 'NONE', #4746, #845, #5067, .T. ) ;
#1942 = CARTESIAN_POINT ( 'NONE',  ( 7.344003405706890142, -42.11401879245455149, -0.6128779922758379461 ) ) ;
#1943 = CARTESIAN_POINT ( 'NONE',  ( -5.747812694102960350E-15, -38.31026286157670313, 0.000000000000000000 ) ) ;
#1944 = AXIS2_PLACEMENT_3D ( 'NONE', #6243, #1613, #6700 ) ;
#1945 = CARTESIAN_POINT ( 'NONE',  ( 179.8382392356312494, -9.999999999999996447, 42.50214150462253571 ) ) ;
#1946 = FACE_OUTER_BOUND ( 'NONE', #3901, .T. ) ;
#1947 = CARTESIAN_POINT ( 'NONE',  ( 9.179994890275008146, -42.29213543392165064, 0.9195825163909309152 ) ) ;
#1948 = CARTESIAN_POINT ( 'NONE',  ( 8.772047932834130535, -42.20977105230284820, -2.030394139332533321 ) ) ;
#1949 = CARTESIAN_POINT ( 'NONE',  ( -18.00000000000000000, -23.68619686104764810, -39.70994965335955840 ) ) ;
#1950 = ORIENTED_EDGE ( 'NONE', *, *, #4771, .F. ) ;
#1951 = CARTESIAN_POINT ( 'NONE',  ( -7.793810974760618571, -38.00620863205167410, -4.510573543201283009 ) ) ;
#1952 = CARTESIAN_POINT ( 'NONE',  ( -18.00000000000000000, -26.96475769767874908, -35.57686982298324807 ) ) ;
#1953 = CARTESIAN_POINT ( 'NONE',  ( 8.187371031915319008, -14.59792089347966026, 48.11685128839628334 ) ) ;
#1954 = CARTESIAN_POINT ( 'NONE',  ( 9.179993753865641537, -42.28220595406965288, 1.124093189181498031 ) ) ;
#1955 = CARTESIAN_POINT ( 'NONE',  ( 8.999391532603539190, -42.30653628321543636, -0.1540681195039420859 ) ) ;
#1956 = AXIS2_PLACEMENT_3D ( 'NONE', #5920, #7048, #5846 ) ;
#1957 = CARTESIAN_POINT ( 'NONE',  ( -7.344003405706920340, -42.11401879208690247, 0.6128779922758300636 ) ) ;
#1958 = CARTESIAN_POINT ( 'NONE',  ( -5.508042342385069290, -41.69806081896500416, 7.620011366621420201 ) ) ;
#1959 = VERTEX_POINT ( 'NONE', #3311 ) ;
#1960 = CARTESIAN_POINT ( 'NONE',  ( 25.85507503111928074, -6.042206017375215232, 84.59435042595293908 ) ) ;
#1961 = CARTESIAN_POINT ( 'NONE',  ( 18.02764345961282189, -40.90601477388927520, 12.40817754361547109 ) ) ;
#1962 = CARTESIAN_POINT ( 'NONE',  ( 17.30694427596702312, -39.21102132721363631, -19.19980362204441349 ) ) ;
#1963 = CARTESIAN_POINT ( 'NONE',  ( 8.999999999999991118, -40.97387435108509379, -1.888183232402019824E-14 ) ) ;
#1964 = CARTESIAN_POINT ( 'NONE',  ( 17.74034628268919533, -40.23828425023198463, 15.45197667766284688 ) ) ;
#1965 = CARTESIAN_POINT ( 'NONE',  ( 7.799899573964489186, -42.02418059112930138, 4.499905701348998477 ) ) ;
#1966 = CARTESIAN_POINT ( 'NONE',  ( 13.15949949251191953, -38.31026286157670313, -0.1470188481355378107 ) ) ;
#1967 = CARTESIAN_POINT ( 'NONE',  ( -18.00000000000000000, -37.24753809675054583, -11.41428795664993778 ) ) ;
#1968 = CARTESIAN_POINT ( 'NONE',  ( 100.4489254887065499, -57.95386985700427118, 24.36668169229009706 ) ) ;
#1969 = EDGE_LOOP ( 'NONE', ( #5158, #6447, #3543 ) ) ;
#1970 = CARTESIAN_POINT ( 'NONE',  ( 8.999999999999992895, -42.30661129622453842, 0.07456475177374309593 ) ) ;
#1971 = CARTESIAN_POINT ( 'NONE',  ( 132.1963904380766053, -50.78462308660660085, 5.608440296249299316E-15 ) ) ;
#1972 = CARTESIAN_POINT ( 'NONE',  ( -3.801298167398966754, -37.56789474684130425, 8.170943809943331360 ) ) ;
#1973 = CARTESIAN_POINT ( 'NONE',  ( 7.641839317432200573, -42.00044897359904184, 4.762613085706930427 ) ) ;
#1974 = CARTESIAN_POINT ( 'NONE',  ( 12.57494566065390984, -38.10718872142815172, 3.404734017612184527 ) ) ;
#1975 = CARTESIAN_POINT ( 'NONE',  ( -3.530908569720301760, -36.81181910616869146, 12.44985269963844488 ) ) ;
#1976 = CARTESIAN_POINT ( 'NONE',  ( -1.468740231804178453, -41.50591053095744343, -8.884286351980961172 ) ) ;
#1977 = CARTESIAN_POINT ( 'NONE',  ( 7.344011546507249300, -42.08122902396474529, -2.077913923010084929 ) ) ;
#1978 = B_SPLINE_CURVE_WITH_KNOTS ( 'NONE', 3,
 ( #2990, #5333, #84, #3188, #1466, #4985, #2681, #2647, #6701, #277, #3677, #2533, #2000, #4909, #887 ),
 .UNSPECIFIED., .F., .F.,
 ( 4, 1, 1, 1, 1, 1, 1, 1, 2, 2, 4 ),
 ( 0.000000000000000000, 0.2500000000000516809, 0.3750000000000774936, 0.4375000000000896505, 0.4687500000000957567, 0.4843750000000988098, 0.4921875000001003087, 0.4960937500001010303, 0.4980468750001014744, 0.5000000000001018075, 1.000000000000000000 ),
 .UNSPECIFIED. ) ;
#1979 = AXIS2_PLACEMENT_3D ( 'NONE', #6668, #1353, #925 ) ;
#1980 = CARTESIAN_POINT ( 'NONE',  ( -12.69257573279303131, 10.00000000000000000, -50.16455915774985641 ) ) ;
#1981 = CARTESIAN_POINT ( 'NONE',  ( 179.8382392356172090, -7.600790049277648563, 28.50214150462254636 ) ) ;
#1982 = CARTESIAN_POINT ( 'NONE',  ( 9.838828905206081998, -17.65283598413146748, -45.50469741701526516 ) ) ;
#1983 = ADVANCED_FACE ( 'NONE', ( #3274 ), #904, .F. ) ;
#1984 = CARTESIAN_POINT ( 'NONE',  ( 12.37459413054157942, -22.41455991224600552, -40.87836906866203179 ) ) ;
#1985 = CARTESIAN_POINT ( 'NONE',  ( 3.672001702001565171, -41.89111615312410208, -0.3062856917592760020 ) ) ;
#1986 = CARTESIAN_POINT ( 'NONE',  ( 8.965810485477671676, -42.27545369739814163, -0.7841140923581026989 ) ) ;
#1987 = CARTESIAN_POINT ( 'NONE',  ( -6.541899166176076363, -37.06621092449749710, 11.17445079770491034 ) ) ;
#1988 = EDGE_LOOP ( 'NONE', ( #2973, #4555, #2711, #4684 ) ) ;
#1989 = CARTESIAN_POINT ( 'NONE',  ( -6.282442621485373024, -13.94371515320773902, -185.3648852429707858 ) ) ;
#1990 = CARTESIAN_POINT ( 'NONE',  ( -22.00000000000000000, -42.30756013076910449, -5.767085840894440826E-15 ) ) ;
#1991 = CARTESIAN_POINT ( 'NONE',  ( 18.01987377499521159, -33.94860274238145337, 22.25601804104100268 ) ) ;
#1992 = EDGE_CURVE ( 'NONE', #146, #3326, #3418, .T. ) ;
#1993 = CARTESIAN_POINT ( 'NONE',  ( 3.671999999943119875, -41.88125511334990136, 2.040429063875279689E-05 ) ) ;
#1994 = CARTESIAN_POINT ( 'NONE',  ( -22.00000000000000000, -6.042206017374059712, 58.61996200176549365 ) ) ;
#1995 = CARTESIAN_POINT ( 'NONE',  ( -5.508006245906900133, -41.96795418391710797, 1.124011572018924099 ) ) ;
#1996 = ORIENTED_EDGE ( 'NONE', *, *, #1529, .F. ) ;
#1997 = CARTESIAN_POINT ( 'NONE',  ( 75.45699922939766680, -6.042206017375218785, 103.4960667340352671 ) ) ;
#1998 = CARTESIAN_POINT ( 'NONE',  ( 17.35877859061898576, -39.33385167424737006, 18.79021118034738436 ) ) ;
#1999 = CARTESIAN_POINT ( 'NONE',  ( 11.21173993494095278, -26.21078435253153316, -42.54750805064942654 ) ) ;
#2000 = CARTESIAN_POINT ( 'NONE',  ( -11.73874078561901158, -38.30217393464800324, 0.06564102831470146338 ) ) ;
#2001 = CARTESIAN_POINT ( 'NONE',  ( 12.51650297471609363, -28.80874578782265871, 39.40642699238239999 ) ) ;
#2002 = CARTESIAN_POINT ( 'NONE',  ( -2.047369122909326933, -41.52275882403534268, 8.769056304860407991 ) ) ;
#2003 = CARTESIAN_POINT ( 'NONE',  ( 7.314966204613027934, -41.95287628165725380, -5.251525786577543542 ) ) ;
#2004 =( LENGTH_UNIT ( ) NAMED_UNIT ( * ) SI_UNIT ( .MILLI., .METRE. ) );
#2005 = CARTESIAN_POINT ( 'NONE',  ( 85.62873080478189536, -33.22972007004624118, 73.16782629219190426 ) ) ;
#2006 = EDGE_LOOP ( 'NONE', ( #3449, #1319, #4675, #4781, #3053 ) ) ;
#2007 = CARTESIAN_POINT ( 'NONE',  ( 8.840832665739208451, -42.22938979914258795, 1.685231691865738846 ) ) ;
#2008 = CYLINDRICAL_SURFACE ( 'NONE', #842, 12.74500000000000632 ) ;
#2009 = CARTESIAN_POINT ( 'NONE',  ( -8.998799112008940781, -38.30460735910270387, 0.1467910492799149869 ) ) ;
#2010 = CARTESIAN_POINT ( 'NONE',  ( 8.961785352862712273, -42.27331523742751074, 0.8303418620148990126 ) ) ;
#2011 = CARTESIAN_POINT ( 'NONE',  ( 9.791407267986377505, -37.50776600526993576, 8.594040018369813794 ) ) ;
#2012 = CARTESIAN_POINT ( 'NONE',  ( 2.140233498953904689, -36.74493199394179754, 12.76572202587570715 ) ) ;
#2013 = CARTESIAN_POINT ( 'NONE',  ( -22.00000000000000000, -9.999999999999980460, -36.44720368503895003 ) ) ;
#2014 = CIRCLE ( 'NONE', #5196, 13.99999999999999822 ) ;
#2015 = CARTESIAN_POINT ( 'NONE',  ( 3.672042342413474714, -41.61891558230554722, -7.620021568766739861 ) ) ;
#2016 = CARTESIAN_POINT ( 'NONE',  ( -8.998887288000474882, -38.31026224233492883, 0.1470156075517272953 ) ) ;
#2017 = CARTESIAN_POINT ( 'NONE',  ( -8.999199408005955192, -38.30845943688616018, 0.09798551205580265100 ) ) ;
#2018 = DIRECTION ( 'NONE',  ( 0.000000000000000000, 0.000000000000000000, 1.000000000000000000 ) ) ;
#2019 = CARTESIAN_POINT ( 'NONE',  ( 11.35432342940817030, -20.48161912305609889, 42.88747186757243668 ) ) ;
#2020 = CARTESIAN_POINT ( 'NONE',  ( 8.831597035906884940, -42.22670491156953432, -1.732981149790616904 ) ) ;
#2021 = LINE ( 'NONE', #2669, #2441 ) ;
#2022 = EDGE_LOOP ( 'NONE', ( #1424, #5620 ) ) ;
#2023 = EDGE_CURVE ( 'NONE', #5482, #2715, #413, .T. ) ;
#2024 = CARTESIAN_POINT ( 'NONE',  ( -5.477333392976753146, -37.70906064979553207, -7.147521516489756088 ) ) ;
#2025 = AXIS2_PLACEMENT_3D ( 'NONE', #729, #7029, #155 ) ;
#2026 = CARTESIAN_POINT ( 'NONE',  ( -8.999227307335273096, -42.30449642086633588, 0.1193881998127234861 ) ) ;
#2027 = CARTESIAN_POINT ( 'NONE',  ( 9.179996594037190150, -42.30370506477029835, 0.6129698115837249883 ) ) ;
#2028 = CARTESIAN_POINT ( 'NONE',  ( 1.231867158076505708, -37.45495791811981690, 8.920226609087238856 ) ) ;
#2029 = CARTESIAN_POINT ( 'NONE',  ( -7.344005109469100567, -42.10820935120749198, 0.9194906970830359905 ) ) ;
#2030 =( BOUNDED_CURVE ( )  B_SPLINE_CURVE ( 3, ( #900, #328, #2660, #2294, #4661, #7107, #2909 ),
 .UNSPECIFIED., .F., .F. ) 
 B_SPLINE_CURVE_WITH_KNOTS ( ( 4, 3, 4 ),
 ( 0.05525476396296154225, 0.1555958556408046367, 0.2523827344788290850 ),
 .UNSPECIFIED. ) 
 CURVE ( )  GEOMETRIC_REPRESENTATION_ITEM ( )  RATIONAL_B_SPLINE_CURVE ( ( 0.8630224892071485243, 0.8281268750575663251, 0.8737860453218501133, 1.000000000000000000, 0.8782567088434471980, 0.8314625598414142615, 0.8596175529939009685 ) ) 
 REPRESENTATION_ITEM ( '' )  );
#2031 = EDGE_CURVE ( 'NONE', #7397, #957, #4686, .T. ) ;
#2032 = ORIENTED_EDGE ( 'NONE', *, *, #1748, .F. ) ;
#2033 = CARTESIAN_POINT ( 'NONE',  ( 66.96685327948075894, -6.042206017375219673, 102.1968678779991677 ) ) ;
#2034 = CARTESIAN_POINT ( 'NONE',  ( -18.00000000000000000, -11.27713467053115970, 50.82238809104900668 ) ) ;
#2035 = DIRECTION ( 'NONE',  ( -1.000000000000000000, 0.000000000000000000, 0.000000000000000000 ) ) ;
#2036 = CARTESIAN_POINT ( 'NONE',  ( 168.0238501401080953, -9.999999999999996447, 50.01348028672948942 ) ) ;
#2037 = CARTESIAN_POINT ( 'NONE',  ( 16.66877598605494626, -37.71365601042480620, 23.57378238548206539 ) ) ;
#2038 = CARTESIAN_POINT ( 'NONE',  ( -9.180051010703030201, -41.81642451597864607, 9.179970327191989909 ) ) ;
#2039 = CARTESIAN_POINT ( 'NONE',  ( 8.524632253027638384, -42.15264578087000302, -2.901450272206996583 ) ) ;
#2040 = CARTESIAN_POINT ( 'NONE',  ( 20.34536719873065280, -38.31026286157670313, 0.1470188481355287902 ) ) ;
#2041 = CARTESIAN_POINT ( 'NONE',  ( 19.11483119594132063, -38.48506133258115369, 37.85480819799125385 ) ) ;
#2042 = ORIENTED_EDGE ( 'NONE', *, *, #5538, .F. ) ;
#2043 = CARTESIAN_POINT ( 'NONE',  ( 7.562553611661322783, -41.98885250473126973, 4.879451526584619003 ) ) ;
#2044 = CARTESIAN_POINT ( 'NONE',  ( -18.00000000000000000, -23.68619686104764810, -39.70994965335955840 ) ) ;
#2045 = CARTESIAN_POINT ( 'NONE',  ( -13.15518455823439936, -38.31026286157670313, -0.1470188481355378107 ) ) ;
#2046 = CARTESIAN_POINT ( 'NONE',  ( 20.36082540615130299, -37.24753809675059557, 11.41428795664992002 ) ) ;
#2047 = CARTESIAN_POINT ( 'NONE',  ( 12.99998590255179209, -38.30398727237306389, 0.01914506345061478543 ) ) ;
#2048 = CARTESIAN_POINT ( 'NONE',  ( 10.15718798920410215, -37.58527682511864754, 8.050230385720977822 ) ) ;
#2049 = CARTESIAN_POINT ( 'NONE',  ( 20.36082540615130299, -38.09024766049640220, 5.834977158582500323 ) ) ;
#2050 = B_SPLINE_SURFACE_WITH_KNOTS ( 'NONE', 3, 1, ( 
 ( #7171, #1940 ),
 ( #1442, #6113 ),
 ( #3200, #5463 ),
 ( #329, #4274 ),
 ( #1368, #216 ),
 ( #4961, #6644 ),
 ( #5539, #292 ),
 ( #1404, #3734 ),
 ( #3844, #2049 ),
 ( #7287, #2087 ) ),
 .UNSPECIFIED., .F., .F., .F.,
 ( 4, 2, 2, 2, 4 ),
 ( 2, 2 ),
 ( 0.000000000000000000, 0.2500000000000000000, 0.5000000000000000000, 0.7500000000000000000, 1.000000000000000000 ),
 ( 0.000000000000000000, 1.000000000000000000 ),
 .UNSPECIFIED. ) ;
#2051 = ORIENTED_EDGE ( 'NONE', *, *, #901, .T. ) ;
#2052 = CARTESIAN_POINT ( 'NONE',  ( 9.180046676515591031, -41.87592484815069582, -8.399980644761390280 ) ) ;
#2053 = CARTESIAN_POINT ( 'NONE',  ( 7.869424103337998133, -38.01953695790619747, -4.369632196758836962 ) ) ;
#2054 = CARTESIAN_POINT ( 'NONE',  ( -65.46669839058749574, 10.00000000000000000, -131.7671940876994086 ) ) ;
#2055 = DIRECTION ( 'NONE',  ( 0.000000000000000000, 1.000000000000000000, 0.000000000000000000 ) ) ;
#2056 = PLANE ( 'NONE',  #3907 ) ;
#2057 = CARTESIAN_POINT ( 'NONE',  ( 3.450999490805541914, -41.58782080051816621, -8.312081293197527643 ) ) ;
#2058 = CARTESIAN_POINT ( 'NONE',  ( 4.190897895966816833, -36.85360337263487196, 12.24916401956169665 ) ) ;
#2059 = ORIENTED_EDGE ( 'NONE', *, *, #431, .F. ) ;
#2060 = CARTESIAN_POINT ( 'NONE',  ( 5.493936544750296136, -37.71113417684927782, -7.130197368583659490 ) ) ;
#2061 = CARTESIAN_POINT ( 'NONE',  ( 17.00988805141601290, -31.71837114915662070, 27.42815013133321145 ) ) ;
#2062 = CARTESIAN_POINT ( 'NONE',  ( -3.671998297884704776, -41.89111594106904590, -0.3063265003405630238 ) ) ;
#2063 = ADVANCED_FACE ( 'NONE', ( #5504, #4603 ), #5266, .F. ) ;
#2064 = CARTESIAN_POINT ( 'NONE',  ( 5.271043160029429409, -37.68917882479316717, 7.296435652803380911 ) ) ;
#2065 = CARTESIAN_POINT ( 'NONE',  ( 5.507993753922509228, -41.96795358764840245, 1.124072784890854049 ) ) ;
#2066 = ORIENTED_EDGE ( 'NONE', *, *, #1280, .T. ) ;
#2067 = CARTESIAN_POINT ( 'NONE',  ( 159.7041430147353935, -6.042206017375262306, 73.81288542721200940 ) ) ;
#2068 = CARTESIAN_POINT ( 'NONE',  ( 62.18275481095519552, -57.95386985700429960, -5.931514360986089564E-15 ) ) ;
#2069 = PLANE ( 'NONE',  #4137 ) ;
#2070 = DIRECTION ( 'NONE',  ( 0.000000000000000000, 4.956352788505163268E-16, 1.000000000000000000 ) ) ;
#2071 = CARTESIAN_POINT ( 'NONE',  ( 8.804475449239227203, -21.54857601239266529, 47.34804283306704775 ) ) ;
#2072 = ADVANCED_FACE ( 'NONE', ( #4528 ), #1248, .F. ) ;
#2073 = CARTESIAN_POINT ( 'NONE',  ( -8.883318497001654990, -42.24139710890890598, 1.475019117114454215 ) ) ;
#2074 = CARTESIAN_POINT ( 'NONE',  ( 3.168256077623239353, -41.57148379743685496, -8.429080374012311694 ) ) ;
#2075 = CYLINDRICAL_SURFACE ( 'NONE', #3665, 16.74499999999999744 ) ;
#2076 = CARTESIAN_POINT ( 'NONE',  ( 67.45423609069815996, -56.13001623236041127, 31.31519736068919002 ) ) ;
#2077 = ORIENTED_EDGE ( 'NONE', *, *, #5403, .T. ) ;
#2078 = CARTESIAN_POINT ( 'NONE',  ( 12.99644523611330982, -38.31026286157675287, 0.02705750318140281996 ) ) ;
#2079 = CARTESIAN_POINT ( 'NONE',  ( 2.051097830130452770, -41.52290498849335165, 8.768140835260266996 ) ) ;
#2080 = STYLED_ITEM ( 'NONE', ( #4670 ), #2242 ) ;
#2081 = AXIS2_PLACEMENT_3D ( 'NONE', #4671, #1315, #1889 ) ;
#2082 = CARTESIAN_POINT ( 'NONE',  ( 13.15949949251191953, -38.31026286157670313, -0.1470188481355378107 ) ) ;
#2083 = CARTESIAN_POINT ( 'NONE',  ( -10.99470430804927545, -38.30149927197509641, 0.08271442440942641805 ) ) ;
#2084 = EDGE_CURVE ( 'NONE', #6520, #302, #3324, .T. ) ;
#2085 = DIRECTION ( 'NONE',  ( 0.000000000000000000, 1.000000000000000000, 0.000000000000000000 ) ) ;
#2086 = CARTESIAN_POINT ( 'NONE',  ( -9.179988453236850532, -42.24575219294279549, -2.078005742317980076 ) ) ;
#2087 = CARTESIAN_POINT ( 'NONE',  ( 20.36082540615130299, -38.31026286157670313, -0.1470188481355378107 ) ) ;
#2088 = VERTEX_POINT ( 'NONE', #3118 ) ;
#2089 = CARTESIAN_POINT ( 'NONE',  ( 3.672051010788299763, -41.51274637520825195, -9.180000933627960436 ) ) ;
#2090 = CARTESIAN_POINT ( 'NONE',  ( 4.099837438948635615, -37.59053833116624332, -8.013305753179521318 ) ) ;
#2091 = CARTESIAN_POINT ( 'NONE',  ( -12.99864817594080080, -38.30611261494834707, 0.03755347317486655567 ) ) ;
#2092 = CARTESIAN_POINT ( 'NONE',  ( 186.0053216956791289, -6.042206017373008997, 29.93364541595027717 ) ) ;
#2093 = CARTESIAN_POINT ( 'NONE',  ( 18.33893971436019754, -34.67225479754908690, 20.24001009770625359 ) ) ;
#2094 = CARTESIAN_POINT ( 'NONE',  ( -3.433219362295867771, -41.58679584630655057, -8.319436759854642816 ) ) ;
#2095 = CARTESIAN_POINT ( 'NONE',  ( -7.084955854950343301, -37.12914828632010966, 10.83700523922793302 ) ) ;
#2096 = VERTEX_POINT ( 'NONE', #5953 ) ;
#2097 = CARTESIAN_POINT ( 'NONE',  ( 3.671978988473880268, -41.81616949228254754, 3.781289569364389980 ) ) ;
#2098 = CARTESIAN_POINT ( 'NONE',  ( 33.61572406200880181, -47.26221975847436596, -105.5685518759823793 ) ) ;
#2099 = APPLICATION_PROTOCOL_DEFINITION ( 'draft international standard', 'automotive_design', 1998, #5326 ) ;
#2100 = CARTESIAN_POINT ( 'NONE',  ( 7.343996594065629324, -42.11401773343364852, 0.6129596094384029970 ) ) ;
#2101 = CARTESIAN_POINT ( 'NONE',  ( -7.322569984088151074, -41.95392963580378165, -5.240855871785584874 ) ) ;
#2102 = CARTESIAN_POINT ( 'NONE',  ( 3.671998865237490417, -41.88910478186475217, 0.2042244683239154979 ) ) ;
#2103 = ORIENTED_EDGE ( 'NONE', *, *, #2483, .T. ) ;
#2104 = CARTESIAN_POINT ( 'NONE',  ( 86.17676934265551836, -6.042206017375225002, 104.0279133133156648 ) ) ;
#2105 = DIRECTION ( 'NONE',  ( 0.000000000000000000, 0.000000000000000000, 1.000000000000000000 ) ) ;
#2106 = CARTESIAN_POINT ( 'NONE',  ( -65.46669839058749574, 10.00000000000000000, 131.9613978004092019 ) ) ;
#2107 =( GEOMETRIC_REPRESENTATION_CONTEXT ( 3 ) GLOBAL_UNCERTAINTY_ASSIGNED_CONTEXT ( ( #3345 ) ) GLOBAL_UNIT_ASSIGNED_CONTEXT ( ( #341, #4974, #3746 ) ) REPRESENTATION_CONTEXT ( 'NONE', 'WORKASPACE' ) );
#2108 = CARTESIAN_POINT ( 'NONE',  ( -9.511568403844728536E-15, -63.39640923772800818, 0.000000000000000000 ) ) ;
#2109 = CARTESIAN_POINT ( 'NONE',  ( -8.998799112008940781, -38.30460735910270387, 0.1467910492799149869 ) ) ;
#2110 = EDGE_CURVE ( 'NONE', #448, #7130, #1242, .T. ) ;
#2111 = CARTESIAN_POINT ( 'NONE',  ( 8.426242966155616188, -42.13279135301335288, -3.175857525774657297 ) ) ;
#2112 = CARTESIAN_POINT ( 'NONE',  ( -12.99864817594080080, -38.30611261494834707, 0.03755347317486655567 ) ) ;
#2113 = B_SPLINE_SURFACE_WITH_KNOTS ( 'NONE', 5, 5, ( 
 ( #6316, #573, #2833, #5135, #5173, #7447, #6990, #1762, #6880 ),
 ( #4094, #1074, #3403, #7526, #7483, #4586, #5248, #6917, #2293 ),
 ( #1723, #4057, #6428, #76, #5362, #6016, #6467, #5938, #6051 ),
 ( #192, #151, #5438, #3628, #4776, #3551, #687, #2563, #726 ),
 ( #7146, #1304, #4814, #4857, #6584, #4738, #4208, #7026, #7105 ),
 ( #6544, #5897, #1223, #7064, #7184, #2482, #112, #3590, #6622 ),
 ( #1919, #2444, #1839, #3138, #4250, #5975, #1801, #4289, #4169 ),
 ( #3708, #1345, #6505, #1263, #2523, #4128, #2981, #3669, #766 ),
 ( #230, #3062, #1876, #5399, #649, #5323, #3100, #5478, #1954 ),
 ( #1383, #803, #3020, #2405, #5051, #1571, #1496, #3898, #1455 ),
 ( #6235, #3748, #1420, #2712, #343, #270, #414, #2100, #2027 ),
 ( #4901, #6126, #3321, #7368, #380, #990, #880, #2138, #4940 ),
 ( #6162, #3180, #840, #953, #5518, #6694, #5662, #5010, #7228 ),
 ( #2603, #3216, #3861, #4324, #3785, #1993, #6804, #5626, #5588 ),
 ( #3822, #2638, #6091, #5554, #6660, #918, #2674, #7333, #6732 ),
 ( #4469, #4433, #7265, #2062, #4358, #4976, #3288, #4393, #308 ),
 ( #7298, #3252, #6767, #1535, #6201, #7472, #4613, #1140, #5851 ),
 ( #2244, #6343, #1103, #6270, #2170, #4049, #3433, #2321, #4010 ),
 ( #6419, #5773, #1676, #2748, #7555, #5124, #6945, #6982, #524 ),
 ( #2782, #5812, #5085, #1025, #5202, #7516, #7400, #3507, #2860 ),
 ( #2283, #4505, #3357, #5734, #1179, #1715, #6838, #5163, #4650 ),
 ( #4577, #564, #488, #2824, #6382, #6908, #3471, #6870, #2898 ),
 ( #7436, #5238, #3971, #2205, #1753, #4085, #3394, #5698, #1606 ),
 ( #3934, #450, #4538, #1639, #6307, #1065, #6575, #602, #3544 ),
 ( #4241, #6459, #2397, #6613, #716, #4279, #2473, #1216, #6497 ),
 ( #29, #7054, #7176, #2515, #1334, #1295, #3659, #4766, #5929 ),
 ( #1830, #3697, #1867, #5965, #3048, #2433, #5389, #6007, #140 ) ),
 .UNSPECIFIED., .F., .F., .F.,
 ( 6, 3, 3, 3, 3, 3, 3, 3, 6 ),
 ( 6, 3, 6 ),
 ( -9.180021338060340597, -5.280072925847080434, -1.533063524059694815, -0.5105101600910710857, 3.552713678800500140E-15, 0.5105101600910760817, 1.533063524059699922, 5.280072925847080434, 9.180021338060329938 ),
 ( -9.179999999999569837, -1.776356839400250070E-15, 9.179999999999560956 ),
 .UNSPECIFIED. ) ;
#2114 = CARTESIAN_POINT ( 'NONE',  ( 69.45021637626102518, -58.93658393131474327, 9.535991652820102971 ) ) ;
#2115 = EDGE_LOOP ( 'NONE', ( #2459, #7120, #640, #3810 ) ) ;
#2116 = CARTESIAN_POINT ( 'NONE',  ( 8.416623671105471161, -42.13131783915650175, 3.189254629969916266 ) ) ;
#2117 = EDGE_CURVE ( 'NONE', #6198, #5585, #3568, .T. ) ;
#2118 = CARTESIAN_POINT ( 'NONE',  ( 3.990153890562745609, -41.62086812081644638, 8.072617969345010636 ) ) ;
#2119 = CARTESIAN_POINT ( 'NONE',  ( 5.029779511426560212, -37.66686939148059565, -7.463332532097627592 ) ) ;
#2120 = CARTESIAN_POINT ( 'NONE',  ( 190.4059769339629895, -6.042206017373067617, -108.0033952379292543 ) ) ;
#2121 = CARTESIAN_POINT ( 'NONE',  ( 16.52643342157652739, -37.38441147300768108, -24.41454637598431532 ) ) ;
#2122 = CARTESIAN_POINT ( 'NONE',  ( -7.343994890303470413, -42.10820886388219719, -0.9195723142456169175 ) ) ;
#2123 = CARTESIAN_POINT ( 'NONE',  ( 191.2208664832945146, -4.983198181002489235, 1.283685386226185869E-14 ) ) ;
#2124 = ORIENTED_EDGE ( 'NONE', *, *, #2117, .T. ) ;
#2125 = CARTESIAN_POINT ( 'NONE',  ( -3.671957657472794789, -41.61891006585364750, -7.620062377348030047 ) ) ;
#2126 = EDGE_CURVE ( 'NONE', #3043, #4159, #177, .T. ) ;
#2127 = CARTESIAN_POINT ( 'NONE',  ( -7.457048267636066541, -37.95374570925577729, -5.039098677631514533 ) ) ;
#2128 = DIRECTION ( 'NONE',  ( -1.000000000000000000, 0.000000000000000000, 0.000000000000000000 ) ) ;
#2129 = CARTESIAN_POINT ( 'NONE',  ( 190.0373301861289406, -6.042206017375303162, 10.11382089927585071 ) ) ;
#2130 = CARTESIAN_POINT ( 'NONE',  ( 18.71838712663621251, -35.54178328715935464, 17.52198456452789443 ) ) ;
#2131 = EDGE_CURVE ( 'NONE', #5811, #7071, #1934, .T. ) ;
#2132 = CARTESIAN_POINT ( 'NONE',  ( -3.877235895373304153, -41.61247407304022516, -8.135110089425172220 ) ) ;
#2133 = CARTESIAN_POINT ( 'NONE',  ( 2.138841809898338830, -36.74487250773795921, 12.76600127530192630 ) ) ;
#2134 = EDGE_LOOP ( 'NONE', ( #6268, #4133, #6261, #1855, #4626, #3202 ) ) ;
#2135 = CARTESIAN_POINT ( 'NONE',  ( -7.344016847136080273, -42.05001507887665468, 3.031826476146554761 ) ) ;
#2136 = VERTEX_POINT ( 'NONE', #2998 ) ;
#2137 = CIRCLE ( 'NONE', #1283, 12.74499999999999922 ) ;
#2138 = CARTESIAN_POINT ( 'NONE',  ( 7.343998297827809552, -42.11316998287139768, 0.3063469046311975141 ) ) ;
#2139 = CARTESIAN_POINT ( 'NONE',  ( -8.941583322734727446, -42.26380652048644038, -1.027662312987098314 ) ) ;
#2140 = CARTESIAN_POINT ( 'NONE',  ( 3.405820614485210215E-06, -41.79101289190655422, -0.6129188008571250235 ) ) ;
#2141 = ORIENTED_EDGE ( 'NONE', *, *, #1620, .T. ) ;
#2142 = CARTESIAN_POINT ( 'NONE',  ( -6.767258731581423881, -41.88123877793008631, 5.940727075868536211 ) ) ;
#2143 = DIRECTION ( 'NONE',  ( 0.000000000000000000, 0.000000000000000000, 1.000000000000000000 ) ) ;
#2144 = CARTESIAN_POINT ( 'NONE',  ( -17.99999999999999645, -6.042206017372994786, 53.98290812280554718 ) ) ;
#2145 = CARTESIAN_POINT ( 'NONE',  ( -18.00000000000000000, -23.68619686104764810, -39.70994965335955840 ) ) ;
#2146 = B_SPLINE_CURVE_WITH_KNOTS ( 'NONE', 3,
 ( #2189, #4486, #3234, #4523, #1625, #3955, #5535, #4958, #326, #4415, #7284, #2083, #2657, #934, #3269 ),
 .UNSPECIFIED., .F., .F.,
 ( 4, 1, 1, 1, 1, 1, 1, 1, 2, 2, 4 ),
 ( 0.000000000000000000, 0.2500000000000516809, 0.3750000000000774936, 0.4375000000000896505, 0.4687500000000957567, 0.4843750000000988098, 0.4921875000001003087, 0.4960937500001010303, 0.4980468750001014744, 0.5000000000001018075, 1.000000000000000000 ),
 .UNSPECIFIED. ) ;
#2147 = CARTESIAN_POINT ( 'NONE',  ( -12.69257573279303131, -6.042206017373010773, -50.16455915774985641 ) ) ;
#2148 = CARTESIAN_POINT ( 'NONE',  ( 24.54315066403443524, -41.44459846639426814, -1.515055850892605667E-14 ) ) ;
#2149 = DIRECTION ( 'NONE',  ( 0.000000000000000000, 1.000000000000000000, 0.000000000000000000 ) ) ;
#2150 = VERTEX_POINT ( 'NONE', #4265 ) ;
#2151 = CARTESIAN_POINT ( 'NONE',  ( -7.047147016367229178, -41.91740635065978893, 5.599932461471801126 ) ) ;
#2152 = CARTESIAN_POINT ( 'NONE',  ( 4.760080493211249930, -41.67843493935293253, 7.639631017084981046 ) ) ;
#2153 = CARTESIAN_POINT ( 'NONE',  ( 8.716178755344749618, -38.18678816272383614, -2.263077362748753707 ) ) ;
#2154 = DIRECTION ( 'NONE',  ( 0.000000000000000000, 1.000000000000000000, 0.000000000000000000 ) ) ;
#2155 = CARTESIAN_POINT ( 'NONE',  ( 14.01721338819626439, -31.89079937003989329, -35.04520301401508675 ) ) ;
#2156 = CARTESIAN_POINT ( 'NONE',  ( 3.405820614485210215E-06, -41.79101289190655422, -0.6129188008571250235 ) ) ;
#2157 = EDGE_CURVE ( 'NONE', #7492, #7075, #2422, .T. ) ;
#2158 = CARTESIAN_POINT ( 'NONE',  ( 23.13850053261343831, -58.99259783589941009, -126.5229989347731561 ) ) ;
#2159 = VERTEX_POINT ( 'NONE', #3687 ) ;
#2160 = CARTESIAN_POINT ( 'NONE',  ( -5.507957657444360500, -41.69805266490379836, -7.620072579493349707 ) ) ;
#2161 = CARTESIAN_POINT ( 'NONE',  ( -1.124365497401530467, -37.45099611957755315, -8.948965502569178554 ) ) ;
#2162 = CARTESIAN_POINT ( 'NONE',  ( -6.282442621485373024, -13.94371515320773902, -185.3648852429707858 ) ) ;
#2163 = CARTESIAN_POINT ( 'NONE',  ( -12.69257573279303131, 10.00000000000000000, -30.16455915774985996 ) ) ;
#2164 = CARTESIAN_POINT ( 'NONE',  ( 92.78521323768214302, -63.39640923772800818, 11.06177466967236356 ) ) ;
#2165 = EDGE_CURVE ( 'NONE', #1293, #5798, #1051, .T. ) ;
#2166 = CARTESIAN_POINT ( 'NONE',  ( 8.524632283717599179, -42.15264578531245121, -2.901450209318451989 ) ) ;
#2167 = ORIENTED_EDGE ( 'NONE', *, *, #674, .T. ) ;
#2168 = CARTESIAN_POINT ( 'NONE',  ( -5.508038008197660318, -41.74731312807935524, 6.840021684190809914 ) ) ;
#2169 = ORIENTED_EDGE ( 'NONE', *, *, #1579, .F. ) ;
#2170 = CARTESIAN_POINT ( 'NONE',  ( 5.109582799404299976E-06, -41.79199488318105438, -0.9195315056643299512 ) ) ;
#2171 = CARTESIAN_POINT ( 'NONE',  ( 8.524545121609259368, -42.15256165985374537, -2.901661860208398558 ) ) ;
#2172 = EDGE_CURVE ( 'NONE', #4264, #3819, #1327, .T. ) ;
#2173 = CARTESIAN_POINT ( 'NONE',  ( -5.507996594094088927, -41.96905090737419641, -0.6129494072930899984 ) ) ;
#2174 = UNCERTAINTY_MEASURE_WITH_UNIT (LENGTH_MEASURE( 1.000000000000000082E-05 ), #2004, 'distance_accuracy_value', 'NONE');
#2175 = CARTESIAN_POINT ( 'NONE',  ( 86.40000000000000568, -58.93658393131480722, 0.000000000000000000 ) ) ;
#2176 = CARTESIAN_POINT ( 'NONE',  ( 86.40000000000000568, -58.93658393131480722, 0.000000000000000000 ) ) ;
#2177 = CARTESIAN_POINT ( 'NONE',  ( 177.7365192291142932, -9.999999999999996447, 28.66079861405710005 ) ) ;
#2178 = DIRECTION ( 'NONE',  ( 0.000000000000000000, 1.000000000000000000, 0.000000000000000000 ) ) ;
#2179 = CARTESIAN_POINT ( 'NONE',  ( 6.172479061366649589, -37.78382667963398944, 6.556434620770361654 ) ) ;
#2180 = AXIS2_PLACEMENT_3D ( 'NONE', #4027, #1119, #2881 ) ;
#2181 = CARTESIAN_POINT ( 'NONE',  ( -5.749293256582229894, -36.97119131972991113, 11.66729539393741355 ) ) ;
#2182 = CARTESIAN_POINT ( 'NONE',  ( 0.4875835940437119320, -6.042206017373253246, 58.61996200337885909 ) ) ;
#2183 = DIRECTION ( 'NONE',  ( 0.000000000000000000, 0.000000000000000000, 1.000000000000000000 ) ) ;
#2184 = CARTESIAN_POINT ( 'NONE',  ( 179.8382392356312494, -9.999999999999996447, 42.50214150462253571 ) ) ;
#2185 = ORIENTED_EDGE ( 'NONE', *, *, #6513, .F. ) ;
#2186 = CARTESIAN_POINT ( 'NONE',  ( 0.5687887272056045829, -41.48889482701360976, 8.999607345197434327 ) ) ;
#2187 = CARTESIAN_POINT ( 'NONE',  ( -8.978088546079767696, -42.27802455707627871, 0.7415828315604329202 ) ) ;
#2188 = CARTESIAN_POINT ( 'NONE',  ( -1.124365497401530467, -37.45099611957755315, -8.948965502569178554 ) ) ;
#2189 = CARTESIAN_POINT ( 'NONE',  ( -8.998799112008940781, -38.30460735910270387, 0.1467910492799149869 ) ) ;
#2190 = CARTESIAN_POINT ( 'NONE',  ( 14.28151547662239018, -32.44602593852261663, -34.17296401592015087 ) ) ;
#2191 = B_SPLINE_CURVE_WITH_KNOTS ( 'NONE', 3,
 ( #4570, #983, #518, #1134 ),
 .UNSPECIFIED., .F., .F.,
 ( 4, 4 ),
 ( 1.764052576584507069E-16, 0.003191807569533288650 ),
 .UNSPECIFIED. ) ;
#2192 = CARTESIAN_POINT ( 'NONE',  ( -5.507983152664921001, -41.92983744892940479, -3.031897891163809700 ) ) ;
#2193 = CARTESIAN_POINT ( 'NONE',  ( 143.7929854930485476, -6.042206017369109006, 99.54331454056968198 ) ) ;
#2194 = ORIENTED_EDGE ( 'NONE', *, *, #2084, .F. ) ;
#2195 = CARTESIAN_POINT ( 'NONE',  ( 0.1419332141556104154, -20.95902901126090256, -1.818711480347215081 ) ) ;
#2196 = CARTESIAN_POINT ( 'NONE',  ( -2.934410232837505017, -37.51779488357391301, -8.510588188601428072 ) ) ;
#2197 = CARTESIAN_POINT ( 'NONE',  ( -22.00000000000000000, -40.88189669053594599, -38.76238080152555199 ) ) ;
#2198 = CARTESIAN_POINT ( 'NONE',  ( -8.977545803356271392, -42.28150944764239227, 0.6354698999379911895 ) ) ;
#2199 = CARTESIAN_POINT ( 'NONE',  ( -12.12469916906931111, -37.99448540899009430, 4.630571462357448986 ) ) ;
#2200 = CARTESIAN_POINT ( 'NONE',  ( 20.13201909064075323, -38.30748449334880235, -0.07350728171799320032 ) ) ;
#2201 = CARTESIAN_POINT ( 'NONE',  ( -5.496131901825639154, -41.74118415838566420, -7.151065683453984079 ) ) ;
#2202 = ORIENTED_EDGE ( 'NONE', *, *, #6884, .T. ) ;
#2203 = CARTESIAN_POINT ( 'NONE',  ( 9.179998865152189325, -42.32168879929979965, 0.2042550747598805283 ) ) ;
#2204 = EDGE_CURVE ( 'NONE', #52, #503, #226, .T. ) ;
#2205 = CARTESIAN_POINT ( 'NONE',  ( -3.671970490067059778, -41.75190379149490383, -5.310681132140909533 ) ) ;
#2206 = CARTESIAN_POINT ( 'NONE',  ( 9.179957657387472381, -41.93204332868869955, 7.620092983783989027 ) ) ;
#2207 = CARTESIAN_POINT ( 'NONE',  ( -4.509811247541350099, -41.65828041190832920, -7.794236667843326138 ) ) ;
#2208 = CARTESIAN_POINT ( 'NONE',  ( 1.134705611842493951E-06, -41.79338277994690287, -0.2042040640332815071 ) ) ;
#2209 = DIRECTION ( 'NONE',  ( 0.000000000000000000, 1.000000000000000000, 0.000000000000000000 ) ) ;
#2210 = CARTESIAN_POINT ( 'NONE',  ( -1.463326508831849004, -42.30756013076910449, -5.181181809388050601E-15 ) ) ;
#2211 = ADVANCED_FACE ( 'NONE', ( #6995 ), #3521, .T. ) ;
#2212 = CARTESIAN_POINT ( 'NONE',  ( 7.993340768577454902, -38.31026286157671024, 10.39176225287707922 ) ) ;
#2213 = DIRECTION ( 'NONE',  ( 1.000000000000000000, 0.000000000000000000, 0.000000000000000000 ) ) ;
#2214 = CARTESIAN_POINT ( 'NONE',  ( 0.3532569770986258573, -37.44280796102231079, 8.997857648416257348 ) ) ;
#2215 = FACE_OUTER_BOUND ( 'NONE', #6867, .T. ) ;
#2216 = CARTESIAN_POINT ( 'NONE',  ( -17.99999999999999645, -9.999999999999984013, -51.44449092964283921 ) ) ;
#2217 = CARTESIAN_POINT ( 'NONE',  ( 18.02026632435244835, -33.94952574078676832, -22.25265600808675970 ) ) ;
#2218 = CARTESIAN_POINT ( 'NONE',  ( 69.65500000000000114, -58.93658393131480011, -2.033582938513375123E-15 ) ) ;
#2219 = DIRECTION ( 'NONE',  ( 0.000000000000000000, -0.000000000000000000, -1.000000000000000000 ) ) ;
#2220 = ORIENTED_EDGE ( 'NONE', *, *, #3251, .T. ) ;
#2221 = CARTESIAN_POINT ( 'NONE',  ( 6.720460720668556043, -41.87556985873654014, 5.989441902246739780 ) ) ;
#2222 = CARTESIAN_POINT ( 'NONE',  ( 6.937078038419659087, -18.01101761913190913, 50.44841243790131102 ) ) ;
#2223 = CARTESIAN_POINT ( 'NONE',  ( 6.574779755236682455, -41.85792682476221671, 6.153007902278305075 ) ) ;
#2224 = CARTESIAN_POINT ( 'NONE',  ( 8.786505254429478384, -38.20550753166779145, -1.970864322604926944 ) ) ;
#2225 = B_SPLINE_CURVE_WITH_KNOTS ( 'NONE', 3,
 ( #6877, #1645, #3400, #1721 ),
 .UNSPECIFIED., .F., .F.,
 ( 4, 4 ),
 ( 0.000000000000000000, 1.000000000000000000 ),
 .UNSPECIFIED. ) ;
#2226 = CARTESIAN_POINT ( 'NONE',  ( 226.6457644257074833, 10.00000000000000000, 131.9613978004092019 ) ) ;
#2227 = CARTESIAN_POINT ( 'NONE',  ( 16.00753459006373447, -36.20306133405399152, -27.16347056557202322 ) ) ;
#2228 = CARTESIAN_POINT ( 'NONE',  ( 3.672003405763750283, -41.88853576701350079, -0.6128983965664819289 ) ) ;
#2229 = CARTESIAN_POINT ( 'NONE',  ( 99.14499999999999602, -63.39640923772800818, 1.560812345513310002E-15 ) ) ;
#2230 = ORIENTED_EDGE ( 'NONE', *, *, #4045, .F. ) ;
#2231 = CARTESIAN_POINT ( 'NONE',  ( 13.24436795318036175, -33.22972007004624118, -1.542452698203079953 ) ) ;
#2232 = CARTESIAN_POINT ( 'NONE',  ( -0.5477586785787001977, -37.44242778477739364, -9.000908713390920468 ) ) ;
#2233 = CARTESIAN_POINT ( 'NONE',  ( 110.6172451890447945, -57.95386985700429960, 2.965757180493044782E-15 ) ) ;
#2234 = CARTESIAN_POINT ( 'NONE',  ( -7.140281808604924230, -41.92929463077755514, 5.486572178242250075 ) ) ;
#2235 = CARTESIAN_POINT ( 'NONE',  ( 2.971402255874940224, -36.78045937981787716, 12.59894382385183675 ) ) ;
#2236 = CARTESIAN_POINT ( 'NONE',  ( 181.1205124361627838, -6.042206017369094795, 28.56098748355245931 ) ) ;
#2237 = CARTESIAN_POINT ( 'NONE',  ( 5.242742585366392483, -41.71982075819859404, -7.316815533573151065 ) ) ;
#2238 = ORIENTED_EDGE ( 'NONE', *, *, #5639, .T. ) ;
#2239 = CARTESIAN_POINT ( 'NONE',  ( -7.343998865180649815, -42.10617315432034502, -0.2042448726145680016 ) ) ;
#2240 = ORIENTED_EDGE ( 'NONE', *, *, #6416, .F. ) ;
#2241 = EDGE_CURVE ( 'NONE', #4080, #3383, #6337, .T. ) ;
#2242 = SHELL_BASED_SURFACE_MODEL ( 'NONE', ( #7095, #6975, #5036, #3809, #6377, #3079, #2461 ) );
#2243 = VECTOR ( 'NONE', #2213, 1000.000000000000000 ) ;
#2244 = CARTESIAN_POINT ( 'NONE',  ( -9.179994890275040120, -42.29213543396684827, -0.9195825163909380207 ) ) ;
#2245 = CARTESIAN_POINT ( 'NONE',  ( 7.343978988417019238, -42.01818542921504473, 3.781309973655029744 ) ) ;
#2246 = CARTESIAN_POINT ( 'NONE',  ( -2.905600945043350425, -41.55626914427964635, -8.538577422881722612 ) ) ;
#2247 = CARTESIAN_POINT ( 'NONE',  ( 3.672005109525934952, -41.88319390070309112, -0.9195111013736859684 ) ) ;
#2248 = EDGE_CURVE ( 'NONE', #5227, #6932, #4972, .T. ) ;
#2249 = AXIS2_PLACEMENT_3D ( 'NONE', #1328, #6412, #61 ) ;
#2250 = CARTESIAN_POINT ( 'NONE',  ( -8.879487003438597981, -42.24094218492966490, 1.475556485847510535 ) ) ;
#2251 = CARTESIAN_POINT ( 'NONE',  ( -9.000028474184428973, -42.30708906031859584, -8.070543590473060038E-10 ) ) ;
#2252 = CARTESIAN_POINT ( 'NONE',  ( 12.65744595625910662, -38.31026286157671024, 3.416325691046326440 ) ) ;
#2253 = DIRECTION ( 'NONE',  ( 0.000000000000000000, -5.078222490274110485E-16, -1.000000000000000000 ) ) ;
#2254 = CARTESIAN_POINT ( 'NONE',  ( -2.260373338267597454, -37.48644500482452457, 8.716544409149982187 ) ) ;
#2255 = FACE_OUTER_BOUND ( 'NONE', #4061, .T. ) ;
#2256 = CARTESIAN_POINT ( 'NONE',  ( -12.99746870457439663, -38.26975623047374597, 0.8974855540865880332 ) ) ;
#2257 = CARTESIAN_POINT ( 'NONE',  ( -6.772476292250867225, -41.88187927764042229, -5.934833202932053631 ) ) ;
#2258 = CARTESIAN_POINT ( 'NONE',  ( 11.01349353275702114, -37.74814730296663612, 6.842587440908400431 ) ) ;
#2259 = EDGE_CURVE ( 'NONE', #4098, #1089, #6347, .T. ) ;
#2260 = CARTESIAN_POINT ( 'NONE',  ( -11.22778743283714320, -37.78847511630031164, 6.543990599626040350 ) ) ;
#2261 = ORIENTED_EDGE ( 'NONE', *, *, #5395, .T. ) ;
#2262 = CARTESIAN_POINT ( 'NONE',  ( -6.257809135835810999, -41.82177530089900586, 6.468609690622820985 ) ) ;
#2263 = CARTESIAN_POINT ( 'NONE',  ( -4.187117516072378365, -36.84015914712933437, 12.31457687599423600 ) ) ;
#2264 = CARTESIAN_POINT ( 'NONE',  ( 9.984590347950939915, -23.81583452566293602, -45.13551838544153583 ) ) ;
#2265 = CARTESIAN_POINT ( 'NONE',  ( 5.276216832106877419, -37.68991143616220540, -7.291503359857252953 ) ) ;
#2266 = CARTESIAN_POINT ( 'NONE',  ( 99.14499999999999602, -63.39640923772800818, 1.560812345513310002E-15 ) ) ;
#2267 = CARTESIAN_POINT ( 'NONE',  ( 17.00079825753248031, -38.48660905054374126, -21.49222002286828115 ) ) ;
#2268 = CARTESIAN_POINT ( 'NONE',  ( -7.443472278465462111, -41.97129647660606366, -5.059256612133913755 ) ) ;
#2269 = CARTESIAN_POINT ( 'NONE',  ( 13.68225210079822141, -24.95057766197672322, 37.83960525419944787 ) ) ;
#2270 =( BOUNDED_CURVE ( )  B_SPLINE_CURVE ( 3, ( #1561, #6265, #3889, #943 ),
 .UNSPECIFIED., .F., .F. ) 
 B_SPLINE_CURVE_WITH_KNOTS ( ( 4, 4 ),
 ( 1.570796326794896558, 3.141592653589793116 ),
 .UNSPECIFIED. ) 
 CURVE ( )  GEOMETRIC_REPRESENTATION_ITEM ( )  RATIONAL_B_SPLINE_CURVE ( ( 1.000000000000000000, 0.8047378541243649375, 0.8047378541243649375, 1.000000000000000000 ) ) 
 REPRESENTATION_ITEM ( '' )  );
#2271 = CARTESIAN_POINT ( 'NONE',  ( -12.69257573279303131, -6.042206017375280069, -64.16455915774986352 ) ) ;
#2272 = ORIENTED_EDGE ( 'NONE', *, *, #7262, .T. ) ;
#2273 = CARTESIAN_POINT ( 'NONE',  ( 40.61378573902864986, -50.78462308660630242, -0.9653811709553810072 ) ) ;
#2274 = DIRECTION ( 'NONE',  ( -3.074555195481525416E-16, -1.000000000000000000, 5.078222490274110485E-16 ) ) ;
#2275 = CARTESIAN_POINT ( 'NONE',  ( 13.22810880880768103, -33.22972007004714357, -1.792194446697044859E-14 ) ) ;
#2276 = CARTESIAN_POINT ( 'NONE',  ( -6.375817764489775108, -41.83530837121387691, 6.352088783593464960 ) ) ;
#2277 = CARTESIAN_POINT ( 'NONE',  ( 19.07334698233634995, -40.88189669053594599, -38.76238080152555199 ) ) ;
#2278 = FACE_OUTER_BOUND ( 'NONE', #3211, .T. ) ;
#2279 = CARTESIAN_POINT ( 'NONE',  ( 8.923309911279101669, -42.25620283134210808, -1.182399595804732195 ) ) ;
#2280 = ORIENTED_EDGE ( 'NONE', *, *, #3291, .T. ) ;
#2281 = CARTESIAN_POINT ( 'NONE',  ( -6.245992199551350868E-06, -41.78975016820130151, 1.124042178454889962 ) ) ;
#2282 = EDGE_LOOP ( 'NONE', ( #6140, #754, #6295, #6905, #1332, #5828, #4866, #3506, #1848 ) ) ;
#2283 = CARTESIAN_POINT ( 'NONE',  ( -9.179983152608048869, -42.20094904036890426, -3.031918295454449908 ) ) ;
#2284 = CARTESIAN_POINT ( 'NONE',  ( -3.672038008226089723, -41.66660914934225701, 6.840031886336140232 ) ) ;
#2285 = CARTESIAN_POINT ( 'NONE',  ( 8.999999999999992895, -42.30661089211212555, -0.03003845664915272620 ) ) ;
#2286 = CARTESIAN_POINT ( 'NONE',  ( -7.343988453265300365, -42.08122616269734806, -2.077995540172655087 ) ) ;
#2287 = B_SPLINE_CURVE_WITH_KNOTS ( 'NONE', 1,
 ( #2408, #4699 ),
 .UNSPECIFIED., .F., .F.,
 ( 2, 2 ),
 ( 0.000000000000000000, 1.000000000000000000 ),
 .UNSPECIFIED. ) ;
#2288 = DIRECTION ( 'NONE',  ( -1.000000000000000000, 0.000000000000000000, 0.000000000000000000 ) ) ;
#2289 = DIRECTION ( 'NONE',  ( 0.000000000000000000, 0.000000000000000000, 1.000000000000000000 ) ) ;
#2290 = CARTESIAN_POINT ( 'NONE',  ( -22.00000000000000000, -30.95840211499900008, -36.44720368503895003 ) ) ;
#2291 = EDGE_CURVE ( 'NONE', #3469, #4398, #7404, .T. ) ;
#2292 = FACE_OUTER_BOUND ( 'NONE', #4338, .T. ) ;
#2293 = CARTESIAN_POINT ( 'NONE',  ( 9.179953323200049198, -41.87591202975680460, 8.400082666214601090 ) ) ;
#2294 = CARTESIAN_POINT ( 'NONE',  ( 85.35719728723977084, -6.042206017414779140, 98.92733719604537157 ) ) ;
#2295 = CARTESIAN_POINT ( 'NONE',  ( 19.81995885809056546, -38.07662755136738753, -5.790870262238843935 ) ) ;
#2296 = CARTESIAN_POINT ( 'NONE',  ( 95.49229278371629448, -6.042206017375334248, -103.7547826117758660 ) ) ;
#2297 = ORIENTED_EDGE ( 'NONE', *, *, #6098, .T. ) ;
#2298 = CARTESIAN_POINT ( 'NONE',  ( 7.505033614239458473, -41.98032353188904153, 4.967476972955017445 ) ) ;
#2299 = CARTESIAN_POINT ( 'NONE',  ( 5.370652633075555293, -36.93553800355653038, 11.84640975036699828 ) ) ;
#2300 = CARTESIAN_POINT ( 'NONE',  ( 9.000000000000010658, -42.28582733322856058, 0.5908932994814981576 ) ) ;
#2301 = EDGE_CURVE ( 'NONE', #6790, #6626, #1273, .T. ) ;
#2302 = CARTESIAN_POINT ( 'NONE',  ( -6.329338824306729450, -37.80272044906428164, -6.398404670385652970 ) ) ;
#2303 = CARTESIAN_POINT ( 'NONE',  ( 86.40000000000000568, -58.25464714294840007, 0.000000000000000000 ) ) ;
#2304 = CARTESIAN_POINT ( 'NONE',  ( 0.4875835940444300243, -6.042206017373318971, -58.61996200337869567 ) ) ;
#2305 = CARTESIAN_POINT ( 'NONE',  ( -7.790834243904103396, -42.02321298238409497, -4.515416823723357176 ) ) ;
#2306 = DIRECTION ( 'NONE',  ( 0.000000000000000000, 0.000000000000000000, 1.000000000000000000 ) ) ;
#2307 = CARTESIAN_POINT ( 'NONE',  ( 85.49059373981739895, -20.95902901126090256, 86.27244506407519964 ) ) ;
#2308 = ORIENTED_EDGE ( 'NONE', *, *, #631, .T. ) ;
#2309 = CARTESIAN_POINT ( 'NONE',  ( -0.9323688128199322245, -20.95902901126089901, 49.13341423743467118 ) ) ;
#2310 = CARTESIAN_POINT ( 'NONE',  ( 171.6944912298133090, -9.999999999999996447, 53.88982645011240180 ) ) ;
#2311 = EDGE_CURVE ( 'NONE', #3109, #6599, #3976, .T. ) ;
#2312 = CARTESIAN_POINT ( 'NONE',  ( 110.6172451890447945, -57.95386985700429960, 2.965757180493044782E-15 ) ) ;
#2313 = CARTESIAN_POINT ( 'NONE',  ( -7.819439672422353382, -42.02750578901800083, 4.458832881371064261 ) ) ;
#2314 = CARTESIAN_POINT ( 'NONE',  ( -7.520552363487274405, -37.18300909826743350, 10.54122487207801484 ) ) ;
#2315 = DIRECTION ( 'NONE',  ( 0.000000000000000000, -1.000000000000000000, 0.000000000000000000 ) ) ;
#2316 = CARTESIAN_POINT ( 'NONE',  ( 68.79978611128889554, -58.25464714294840007, 0.000000000000000000 ) ) ;
#2317 = EDGE_LOOP ( 'NONE', ( #2878, #5887, #2394, #4185, #273, #6418, #1828, #2925, #7389, #2471 ) ) ;
#2318 = CARTESIAN_POINT ( 'NONE',  ( 9.179999999857820114, -42.33629126070890436, 5.101072660356800444E-05 ) ) ;
#2319 = ORIENTED_EDGE ( 'NONE', *, *, #6554, .F. ) ;
#2320 = AXIS2_PLACEMENT_3D ( 'NONE', #6084, #4934, #5619 ) ;
#2321 = CARTESIAN_POINT ( 'NONE',  ( 7.344005109469069481, -42.10820935157229883, -0.9194906970830428738 ) ) ;
#2322 = CARTESIAN_POINT ( 'NONE',  ( -9.180011546478839435, -42.24575990181089935, 2.077903720864755055 ) ) ;
#2323 = CARTESIAN_POINT ( 'NONE',  ( 13.15949949251191953, -37.58412590509600193, 8.970993739684610446 ) ) ;
#2324 = CARTESIAN_POINT ( 'NONE',  ( 1.684724978767659944E-05, -41.75539727428019887, -3.031867284727844947 ) ) ;
#2325 = CARTESIAN_POINT ( 'NONE',  ( 6.165903336956353620, -37.78314176423528892, -6.562689703649654760 ) ) ;
#2326 = CARTESIAN_POINT ( 'NONE',  ( -18.00000000000000000, -6.042206017372999227, 53.98290812280559692 ) ) ;
#2327 = DIRECTION ( 'NONE',  ( 1.000000000000000000, 0.000000000000000000, 0.000000000000000000 ) ) ;
#2328 = CARTESIAN_POINT ( 'NONE',  ( 170.1723395384231878, -6.042206017373009885, 52.62984524453877100 ) ) ;
#2329 = CARTESIAN_POINT ( 'NONE',  ( 99.14499999999999602, -63.39640923772795134, 25.49000000000011568 ) ) ;
#2330 = DIRECTION ( 'NONE',  ( 0.000000000000000000, 0.000000000000000000, 1.000000000000000000 ) ) ;
#2331 = CARTESIAN_POINT ( 'NONE',  ( -3.672042342413504912, -41.61891558214599485, 7.620021568766750519 ) ) ;
#2332 = CARTESIAN_POINT ( 'NONE',  ( 150.9507284234698261, -6.042206017414751607, 83.22540039603187267 ) ) ;
#2333 = AXIS2_PLACEMENT_3D ( 'NONE', #2108, #6133, #6630 ) ;
#2334 = ORIENTED_EDGE ( 'NONE', *, *, #3045, .T. ) ;
#2335 = CARTESIAN_POINT ( 'NONE',  ( -8.973432504391695375, -42.27955353229113200, 0.6910498391100844406 ) ) ;
#2336 = CARTESIAN_POINT ( 'NONE',  ( 3.886004179845612860, -12.31917011712928733, 54.70587000986522241 ) ) ;
#2337 = CARTESIAN_POINT ( 'NONE',  ( 226.6457644257074833, 4.000000000000000000, -137.7671940876994086 ) ) ;
#2338 = LINE ( 'NONE', #2591, #234 ) ;
#2339 = CARTESIAN_POINT ( 'NONE',  ( 177.7365192291142932, -9.999999999999996447, 28.66079861405710005 ) ) ;
#2340 = CARTESIAN_POINT ( 'NONE',  ( -9.000000000000000000, -42.30661100815940046, -7.355114230846949610E-16 ) ) ;
#2341 = CARTESIAN_POINT ( 'NONE',  ( 73.65500000000000114, -63.39640923772800818, -2.064450201827639861E-15 ) ) ;
#2342 = CARTESIAN_POINT ( 'NONE',  ( -8.823443876404089892, -42.22437468458102927, -1.774025088953224749 ) ) ;
#2343 = DIRECTION ( 'NONE',  ( -0.000000000000000000, -1.000000000000000000, -0.000000000000000000 ) ) ;
#2344 = CARTESIAN_POINT ( 'NONE',  ( 69.45021637626102518, -58.93658393131474327, 9.535991652820102971 ) ) ;
#2345 = EDGE_CURVE ( 'NONE', #6907, #5198, #1740, .T. ) ;
#2346 = VERTEX_POINT ( 'NONE', #4509 ) ;
#2347 = CARTESIAN_POINT ( 'NONE',  ( 172.6772380009930146, -20.95902901126090256, 4.163336342344334502E-14 ) ) ;
#2348 = FACE_OUTER_BOUND ( 'NONE', #6825, .T. ) ;
#2349 = CARTESIAN_POINT ( 'NONE',  ( 3.534098126761118230, -37.55219855664502404, 8.277111427899729534 ) ) ;
#2350 = CARTESIAN_POINT ( 'NONE',  ( -8.578991603175719405, -42.16459990277767389, 2.724411920616927496 ) ) ;
#2351 = CARTESIAN_POINT ( 'NONE',  ( 0.4561586926947726051, -36.70831563537313968, 12.93522045074691995 ) ) ;
#2352 = CARTESIAN_POINT ( 'NONE',  ( 73.65500000000000114, -58.25464714294840007, 2.829958489769524085E-14 ) ) ;
#2353 = DIRECTION ( 'NONE',  ( -0.000000000000000000, 1.000000000000000000, 0.000000000000000000 ) ) ;
#2354 = ADVANCED_FACE ( 'NONE', ( #1107 ), #7478, .T. ) ;
#2355 = ORIENTED_EDGE ( 'NONE', *, *, #7422, .F. ) ;
#2356 = CARTESIAN_POINT ( 'NONE',  ( 9.179993753865641537, -42.28220595406965288, 1.124093189181498031 ) ) ;
#2357 = ORIENTED_EDGE ( 'NONE', *, *, #3245, .F. ) ;
#2358 = EDGE_CURVE ( 'NONE', #808, #3109, #3735, .T. ) ;
#2359 = FACE_OUTER_BOUND ( 'NONE', #6897, .T. ) ;
#2360 = CARTESIAN_POINT ( 'NONE',  ( 3.671953323285355175, -41.56764441693415080, 8.400052059778639446 ) ) ;
#2361 = CARTESIAN_POINT ( 'NONE',  ( 18.47851342056614499, -41.85648395214700912, 6.302079596094959157 ) ) ;
#2362 = CARTESIAN_POINT ( 'NONE',  ( 9.180016847107609124, -42.20095491693644618, -3.031816274001235101 ) ) ;
#2363 = CARTESIAN_POINT ( 'NONE',  ( -5.478588609460421921, -41.74165455706872763, 7.142001925664643203 ) ) ;
#2364 = CARTESIAN_POINT ( 'NONE',  ( -7.952213677233447520, -38.31026286157669603, 10.42326805731027228 ) ) ;
#2365 = CARTESIAN_POINT ( 'NONE',  ( 7.065338128244418314, -37.11519604795815042, 10.91295853447022424 ) ) ;
#2366 = CARTESIAN_POINT ( 'NONE',  ( 73.65500000000000114, -63.39640923772801528, 2.673877255218193873E-14 ) ) ;
#2367 = DIRECTION ( 'NONE',  ( -1.500332356076764948E-16, -1.000000000000000000, 0.000000000000000000 ) ) ;
#2368 = CARTESIAN_POINT ( 'NONE',  ( 5.507948989069509693, -41.58977544985609853, 9.180051944354570281 ) ) ;
#2369 = VECTOR ( 'NONE', #5785, 1000.000000000000000 ) ;
#2370 = DIRECTION ( 'NONE',  ( -8.843257074075626778E-15, -9.060714215241421950E-17, 1.000000000000000000 ) ) ;
#2371 = EDGE_LOOP ( 'NONE', ( #5252, #560, #6493 ) ) ;
#2372 = CARTESIAN_POINT ( 'NONE',  ( -8.223337319207882246, -42.09519374356801080, 3.658460097930239741 ) ) ;
#2373 = CARTESIAN_POINT ( 'NONE',  ( 2.868829683862148094, -10.43610890093763821, 55.95811645980461435 ) ) ;
#2374 = CARTESIAN_POINT ( 'NONE',  ( 3.638306303174020151, -11.86020937786048712, -55.01652496315444552 ) ) ;
#2375 = ORIENTED_EDGE ( 'NONE', *, *, #4077, .F. ) ;
#2376 = CARTESIAN_POINT ( 'NONE',  ( -4.385613005714247947, -37.61001374890635418, -7.881231327621543770 ) ) ;
#2377 = DIRECTION ( 'NONE',  ( 1.000000000000000000, -0.000000000000000000, 0.000000000000000000 ) ) ;
#2378 = AXIS2_PLACEMENT_3D ( 'NONE', #6522, #1743, #6487 ) ;
#2379 = CARTESIAN_POINT ( 'NONE',  ( -12.62887738417395767, -38.31026286157675287, 3.453411729463770286 ) ) ;
#2380 = CARTESIAN_POINT ( 'NONE',  ( -8.987859919098742267, -42.28863064962452256, -0.4673396365054932056 ) ) ;
#2381 = CARTESIAN_POINT ( 'NONE',  ( 16.39682016076264404, -30.41224494527493150, 29.88282692401781304 ) ) ;
#2382 = CARTESIAN_POINT ( 'NONE',  ( 46.43677164677047386, -38.48506133258121054, 66.05468056303826074 ) ) ;
#2383 = EDGE_LOOP ( 'NONE', ( #5049, #7268, #484, #2357, #1116 ) ) ;
#2384 = CARTESIAN_POINT ( 'NONE',  ( 76.33287695441657661, -58.93658393131474327, 16.63981175612601149 ) ) ;
#2385 = CIRCLE ( 'NONE', #3975, 13.99999999999999822 ) ;
#2386 = CARTESIAN_POINT ( 'NONE',  ( 152.8722439315363886, -38.48506133258187845, -132.9444878630724531 ) ) ;
#2387 = CARTESIAN_POINT ( 'NONE',  ( 6.424733482145218666, -37.81426256715070622, 6.302648966567675259 ) ) ;
#2388 = CARTESIAN_POINT ( 'NONE',  ( -3.450999490393791724, -41.58782080049433461, 8.312081293368498436 ) ) ;
#2389 = CARTESIAN_POINT ( 'NONE',  ( -18.42086648329454945, -4.983198181002479465, -6.008035954547529540E-15 ) ) ;
#2390 = CARTESIAN_POINT ( 'NONE',  ( -3.373553450359074279, -36.78843844695353482, 12.56184277268834037 ) ) ;
#2391 = CARTESIAN_POINT ( 'NONE',  ( 3.169581400029612528, -41.57158756612786732, -8.428565178938180580 ) ) ;
#2392 = ORIENTED_EDGE ( 'NONE', *, *, #4227, .F. ) ;
#2393 = CARTESIAN_POINT ( 'NONE',  ( -3.671978988473910022, -41.81616949220065038, -3.781289569364395309 ) ) ;
#2394 = ORIENTED_EDGE ( 'NONE', *, *, #5496, .T. ) ;
#2395 = FACE_OUTER_BOUND ( 'NONE', #5731, .T. ) ;
#2396 = ADVANCED_FACE ( 'NONE', ( #6912 ), #958, .T. ) ;
#2397 = CARTESIAN_POINT ( 'NONE',  ( -5.507957657444360500, -41.69805266490379836, -7.620072579493349707 ) ) ;
#2398 = CARTESIAN_POINT ( 'NONE',  ( -5.109582830806989399E-06, -41.79199488310535315, 0.9195315056643229568 ) ) ;
#2399 = CARTESIAN_POINT ( 'NONE',  ( -9.511568403844728536E-15, -63.39640923772800818, 0.000000000000000000 ) ) ;
#2400 = CARTESIAN_POINT ( 'NONE',  ( -5.507953323256949751, -41.64573389326320552, -8.400062261923959994 ) ) ;
#2401 = CARTESIAN_POINT ( 'NONE',  ( 7.052443890594813247, -41.91781713252257902, 5.593453800119078778 ) ) ;
#2402 = DIRECTION ( 'NONE',  ( -0.000000000000000000, -1.000000000000000000, -0.000000000000000000 ) ) ;
#2403 = CARTESIAN_POINT ( 'NONE',  ( 3.396298652983297472, -36.78970689979131947, 12.55583831115972515 ) ) ;
#2404 = EDGE_CURVE ( 'NONE', #808, #2735, #5579, .T. ) ;
#2405 = CARTESIAN_POINT ( 'NONE',  ( -3.672005109525965150, -41.88319390030805067, 0.9195111013736788630 ) ) ;
#2406 = CARTESIAN_POINT ( 'NONE',  ( 8.695003585970759730, -38.18176241064868037, 2.341739087570632982 ) ) ;
#2407 = CARTESIAN_POINT ( 'NONE',  ( -5.508046676572489808, -41.64574234806979547, 8.400001049052029600 ) ) ;
#2408 = CARTESIAN_POINT ( 'NONE',  ( 18.82837672200435364, -42.30756013076910449, -7.696413152913580629E-15 ) ) ;
#2409 = EDGE_LOOP ( 'NONE', ( #5200, #6185, #1806, #4196, #601, #2421, #2499 ) ) ;
#2410 = CARTESIAN_POINT ( 'NONE',  ( -8.975053001372343076, -42.28036214267963544, 0.6696450941364530118 ) ) ;
#2411 = CARTESIAN_POINT ( 'NONE',  ( 15.99680784188675275, -36.17891847820354911, 27.21623603386651524 ) ) ;
#2412 = CARTESIAN_POINT ( 'NONE',  ( 12.23703700500942837, -28.24344871934643919, -40.14808975001925262 ) ) ;
#2413 = ORIENTED_EDGE ( 'NONE', *, *, #814, .F. ) ;
#2414 = CARTESIAN_POINT ( 'NONE',  ( -6.344387613161989847, -37.80454588790033199, -6.383483225704140729 ) ) ;
#2415 = B_SPLINE_CURVE_WITH_KNOTS ( 'NONE', 3,
 ( #3340, #1120, #5221, #2224, #2153, #4028, #545, #6785, #5182, #6820, #507, #6891, #5145, #6289, #3991, #2842, #5792, #5754, #6325, #3378, #1551, #4485, #6855, #434, #1588, #4596, #1696, #3412, #6363, #468, #3453, #1083, #5068, #2882, #7497, #2265, #6255, #6927, #3954, #3916, #2119, #4450, #3878, #1008, #6217, #5680, #1624, #971, #2730, #2764, #5104, #2803, #3305, #1046, #5645, #397, #5716, #7384, #7415, #2188, #7456, #3600, #1199, #1811, #3561, #2991, #584, #5334, #7536, #5984, #735, #2376, #5833, #1272, #3526, #6553, #3072, #85, #11, #1887, #2302, #2414, #4747, #4139, #7076, #5370, #1849, #5259, #4709, #6479, #658, #6515, #4179, #6399, #5871, #4631, #4103, #7035, #120, #1160, #5947, #622, #3490, #1234, #697, #1313, #2918, #5907, #3028 ),
 .UNSPECIFIED., .F., .F.,
 ( 4, 2, 2, 2, 1, 2, 2, 2, 2, 1, 2, 2, 2, 1, 1, 1, 1, 2, 2, 2, 2, 1, 1, 1, 1, 2, 2, 2, 2, 1, 1, 1, 2, 2, 2, 2, 2, 2, 1, 1, 1, 1, 2, 2, 2, 2, 2, 1, 1, 1, 2, 2, 2, 1, 1, 1, 1, 2, 2, 2, 2, 1, 1, 1, 2, 2, 2, 4 ),
 ( 0.000000000000000000, 0.06249999999999604483, 0.09374999999999406031, 0.1093749999999930750, 0.1171874999999925615, 0.1210937499999923117, 0.1249999999999920619, 0.1562499999999894806, 0.1718749999999881761, 0.1796874999999875100, 0.1835937499999872047, 0.1874999999999869271, 0.2187499999999843736, 0.2343749999999830969, 0.2421874999999823752, 0.2460937499999820144, 0.2480468749999817646, 0.2490234374999817368, 0.2499999999999817091, 0.2812499999999811817, 0.2968749999999809597, 0.3046874999999807931, 0.3085937499999806821, 0.3105468749999806821, 0.3115234374999806266, 0.3120117187499805711, 0.3124999999999805711, 0.3437499999999819034, 0.3593749999999825140, 0.3671874999999828471, 0.3710937499999830136, 0.3730468749999830691, 0.3740234374999831246, 0.3749999999999831246, 0.4374999999999883982, 0.4999999999999936717, 0.5624999999999988898, 0.5937500000000016653, 0.6093750000000029976, 0.6171875000000035527, 0.6210937500000038858, 0.6230468750000041078, 0.6240234375000042188, 0.6250000000000044409, 0.6875000000000122125, 0.7187500000000160982, 0.7343750000000180966, 0.7421875000000190958, 0.7460937500000195399, 0.7480468750000197620, 0.7490234375000197620, 0.7500000000000197620, 0.7812500000000217604, 0.7968750000000226485, 0.8046875000000229816, 0.8085937500000232037, 0.8105468750000232037, 0.8115234375000230926, 0.8125000000000230926, 0.8437500000000197620, 0.8593750000000180966, 0.8671875000000173195, 0.8710937500000167644, 0.8730468750000165423, 0.8740234375000165423, 0.8750000000000164313, 0.9375000000000082157, 1.000000000000000000 ),
 .UNSPECIFIED. ) ;
#2416 = CARTESIAN_POINT ( 'NONE',  ( 73.65499999999991587, -63.39640923772795134, -25.49000000000009081 ) ) ;
#2417 = B_SPLINE_CURVE_WITH_KNOTS ( 'NONE', 3,
 ( #3479, #5704, #2252, #610, #571, #2212, #3440, #5209, #5821, #5740, #6914, #6313, #2364, #2905, #531, #7561, #456, #6349 ),
 .UNSPECIFIED., .F., .F.,
 ( 4, 2, 2, 2, 2, 2, 2, 2, 4 ),
 ( 0.000000000000000000, 0.1250000000000000278, 0.2500000000000000555, 0.3750000000000001110, 0.5000000000000001110, 0.6250000000000001110, 0.7500000000000002220, 0.8750000000000002220, 1.000000000000000000 ),
 .UNSPECIFIED. ) ;
#2418 = CARTESIAN_POINT ( 'NONE',  ( 90.50450560134764544, -63.39640923772801528, -12.09498577766955485 ) ) ;
#2419 = CARTESIAN_POINT ( 'NONE',  ( -9.179957657387500802, -41.93204332892645425, -7.620092983783989027 ) ) ;
#2420 = CARTESIAN_POINT ( 'NONE',  ( -10.17797423956177560, -38.30198199073963394, 0.1036826094260935582 ) ) ;
#2421 = ORIENTED_EDGE ( 'NONE', *, *, #431, .T. ) ;
#2422 = LINE ( 'NONE', #4754, #6770 ) ;
#2423 = DIRECTION ( 'NONE',  ( 1.000000000000000000, 0.000000000000000000, 0.000000000000000000 ) ) ;
#2424 = CARTESIAN_POINT ( 'NONE',  ( 4.425277699727462988, -37.61484256216141375, 7.841548964962108847 ) ) ;
#2425 = CARTESIAN_POINT ( 'NONE',  ( 6.573276148277448883, -41.85772243883265276, 6.154582882127805910 ) ) ;
#2426 = CARTESIAN_POINT ( 'NONE',  ( -18.01342170862873715, -5.512702099187741567, 208.8268434172573507 ) ) ;
#2427 = CARTESIAN_POINT ( 'NONE',  ( -5.366785314579817445, -36.93520673196540827, 11.84805156139229432 ) ) ;
#2428 = CARTESIAN_POINT ( 'NONE',  ( 1.465858006129060032, -41.50583811241096299, -8.884777752994315492 ) ) ;
#2429 = ORIENTED_EDGE ( 'NONE', *, *, #2908, .T. ) ;
#2430 = CARTESIAN_POINT ( 'NONE',  ( -5.507996594094088927, -41.96905090737419641, -0.6129494072930899984 ) ) ;
#2431 = EDGE_LOOP ( 'NONE', ( #730, #5311 ) ) ;
#2432 = DIRECTION ( 'NONE',  ( 0.000000000000000000, 0.000000000000000000, 1.000000000000000000 ) ) ;
#2433 = CARTESIAN_POINT ( 'NONE',  ( 3.672051010788299763, -41.51274637520825195, -9.180000933627960436 ) ) ;
#2434 = CARTESIAN_POINT ( 'NONE',  ( -3.672006245935335311, -41.88114297891964810, 1.124021774164245979 ) ) ;
#2435 = CARTESIAN_POINT ( 'NONE',  ( 8.871598843472334295, -42.23864573087209351, -1.517930278221832241 ) ) ;
#2436 = CARTESIAN_POINT ( 'NONE',  ( 10.90136018093579828, -37.72571427437066660, 7.018318653515970063 ) ) ;
#2437 = CARTESIAN_POINT ( 'NONE',  ( 5.508021011383919863, -41.90336651180879102, -3.781238558637785019 ) ) ;
#2438 = ORIENTED_EDGE ( 'NONE', *, *, #4217, .T. ) ;
#2439 = ADVANCED_FACE ( 'NONE', ( #1030 ), #3362, .F. ) ;
#2440 = CARTESIAN_POINT ( 'NONE',  ( 8.431448504409047473, -38.12247083014488425, -3.161887341079204994 ) ) ;
#2441 = VECTOR ( 'NONE', #1528, 1000.000000000000000 ) ;
#2442 = CARTESIAN_POINT ( 'NONE',  ( -18.00000000000000000, -32.29571161549034741, -26.62793936103274817 ) ) ;
#2443 = CARTESIAN_POINT ( 'NONE',  ( -2.716676851092199030, -36.75613612168314148, 12.71342413334926746 ) ) ;
#2444 = CARTESIAN_POINT ( 'NONE',  ( -7.344016847136080273, -42.05001507887665468, 3.031826476146554761 ) ) ;
#2445 = CARTESIAN_POINT ( 'NONE',  ( 7.325362783151938117, -37.93365611216530908, 5.236933326914063436 ) ) ;
#2446 = CARTESIAN_POINT ( 'NONE',  ( 174.4169739717624736, -6.042206017373009885, 55.40988658030364888 ) ) ;
#2448 = EDGE_CURVE ( 'NONE', #3249, #6472, #4840, .T. ) ;
#2447 = CARTESIAN_POINT ( 'NONE',  ( 86.40000000000000568, -64.66763823405520384, 0.000000000000000000 ) ) ;
#2449 = ORIENTED_EDGE ( 'NONE', *, *, #5125, .F. ) ;
#2450 = CARTESIAN_POINT ( 'NONE',  ( -9.000000000000000000, -42.30661100815940046, -7.297419675591090932E-16 ) ) ;
#2451 = CARTESIAN_POINT ( 'NONE',  ( 17.31846515797663244, -39.23832064394568420, 19.10983707579860535 ) ) ;
#2452 = CARTESIAN_POINT ( 'NONE',  ( 11.16497190575032405, -26.11873203190724979, -42.65200056832961906 ) ) ;
#2453 = VERTEX_POINT ( 'NONE', #1259 ) ;
#2454 = CARTESIAN_POINT ( 'NONE',  ( -18.00000000000000000, 20.00000000000000000, -37.20958915979684889 ) ) ;
#2455 = CARTESIAN_POINT ( 'NONE',  ( 1.714049004257521824, -38.31026286157675287, 12.93329942173999392 ) ) ;
#2456 = CARTESIAN_POINT ( 'NONE',  ( 96.53238574791006954, -63.39640923772801528, -7.776272001999588568 ) ) ;
#2457 = CARTESIAN_POINT ( 'NONE',  ( -4.259443137613194708, -6.042206017373009885, -58.61996200337879515 ) ) ;
#2458 = DIRECTION ( 'NONE',  ( 0.000000000000000000, 0.000000000000000000, 1.000000000000000000 ) ) ;
#2459 = ORIENTED_EDGE ( 'NONE', *, *, #7106, .T. ) ;
#2460 = CARTESIAN_POINT ( 'NONE',  ( 71.84055018553705452, -57.95386985700427118, 24.06511801717883259 ) ) ;
#2461 = OPEN_SHELL ( 'NONE', ( #7441 ) ) ;
#2462 = CARTESIAN_POINT ( 'NONE',  ( 20.34536719873065280, -34.34959553575265545, -21.81000826438560125 ) ) ;
#2463 = CARTESIAN_POINT ( 'NONE',  ( 8.322371364531885973, -38.10104167108898565, 3.426110207553998865 ) ) ;
#2464 = CARTESIAN_POINT ( 'NONE',  ( 6.771385655933783276, -41.88150254570224007, 5.935923354655471940 ) ) ;
#2465 = DIRECTION ( 'NONE',  ( 0.000000000000000000, 0.000000000000000000, 1.000000000000000000 ) ) ;
#2466 = CARTESIAN_POINT ( 'NONE',  ( 2.127997359229703456, -36.73081807447239555, 12.83170681138291869 ) ) ;
#2467 = CARTESIAN_POINT ( 'NONE',  ( 7.642466531311495004, -42.00006459581221208, -4.762288740815600718 ) ) ;
#2468 = EDGE_LOOP ( 'NONE', ( #4602, #1267, #330, #5277 ) ) ;
#2469 = CARTESIAN_POINT ( 'NONE',  ( -9.179996594037220348, -42.30370506481104798, -0.6129698115837330930 ) ) ;
#2470 = CARTESIAN_POINT ( 'NONE',  ( 9.000925373818287056, -38.28431437704301032, -0.5323844891968403381 ) ) ;
#2471 = ORIENTED_EDGE ( 'NONE', *, *, #3478, .F. ) ;
#2472 = CARTESIAN_POINT ( 'NONE',  ( -10.99063355583341561, -38.30788088533381597, 0.08291896814041684050 ) ) ;
#2473 = CARTESIAN_POINT ( 'NONE',  ( 5.508042342385039980, -41.69806081896299332, -7.620011366621420201 ) ) ;
#2474 = CARTESIAN_POINT ( 'NONE',  ( 7.343994890303441103, -42.10820886422099107, 0.9195723142456089239 ) ) ;
#2475 = CARTESIAN_POINT ( 'NONE',  ( 6.453090624936044684, -41.84431320488791073, -6.273752918461874550 ) ) ;
#2476 = CARTESIAN_POINT ( 'NONE',  ( 27.49358635572374610, -6.042206017375302274, -85.89403922758663157 ) ) ;
#2477 = CARTESIAN_POINT ( 'NONE',  ( 5.508051010759869470, -41.58978407722754866, -9.179990731482631006 ) ) ;
#2478 = ORIENTED_EDGE ( 'NONE', *, *, #5625, .T. ) ;
#2479 = CARTESIAN_POINT ( 'NONE',  ( 4.507258665132193975, -41.65849135653859747, 7.791527797824942425 ) ) ;
#2480 = LINE ( 'NONE', #4812, #1504 ) ;
#2481 = CARTESIAN_POINT ( 'NONE',  ( 2.984835976871371255, -36.76760612239301196, 12.65984631740986543 ) ) ;
#2482 = CARTESIAN_POINT ( 'NONE',  ( 3.671978988473880268, -41.81616949228254754, 3.781289569364389980 ) ) ;
#2483 = EDGE_CURVE ( 'NONE', #4080, #7356, #6041, .T. ) ;
#2484 = CARTESIAN_POINT ( 'NONE',  ( 9.000028474184350813, -42.30708906031854610, 9.026024192389750094E-10 ) ) ;
#2485 = CARTESIAN_POINT ( 'NONE',  ( -3.672038008226089723, -41.66660914934225701, 6.840031886336140232 ) ) ;
#2486 = CARTESIAN_POINT ( 'NONE',  ( 174.4169739717522987, -6.042206017375277405, 55.40988658031665892 ) ) ;
#2487 = ORIENTED_EDGE ( 'NONE', *, *, #2248, .T. ) ;
#2488 = CARTESIAN_POINT ( 'NONE',  ( -8.926565878158102763, -42.25773187888773919, 1.151631133232827953 ) ) ;
#2489 = CARTESIAN_POINT ( 'NONE',  ( 18.49258373755994000, -41.90422492530086629, 6.297072019322934366 ) ) ;
#2490 = CARTESIAN_POINT ( 'NONE',  ( 13.92368178415668467, -31.69523086842134774, -35.34597887832647700 ) ) ;
#2491 = ORIENTED_EDGE ( 'NONE', *, *, #1649, .F. ) ;
#2492 = CARTESIAN_POINT ( 'NONE',  ( 14.01573075211931396, -31.88771446097197426, 35.04979697049451914 ) ) ;
#2493 = AXIS2_PLACEMENT_3D ( 'NONE', #1053, #1780, #4037 ) ;
#2494 = ADVANCED_FACE ( 'NONE', ( #304 ), #2599, .T. ) ;
#2495 = CARTESIAN_POINT ( 'NONE',  ( -0.2884391821801102762, -41.48880458446444663, 9.000225615030572612 ) ) ;
#2496 = CARTESIAN_POINT ( 'NONE',  ( 0.4875835940444510075, -6.042206017373329630, 58.61996200337869567 ) ) ;
#2497 = FILL_AREA_STYLE ('',( #5491 ) ) ;
#2498 = CARTESIAN_POINT ( 'NONE',  ( 85.69934851693989231, -38.48506133258115369, 66.46855121629380392 ) ) ;
#2499 = ORIENTED_EDGE ( 'NONE', *, *, #2157, .F. ) ;
#2500 = CARTESIAN_POINT ( 'NONE',  ( 117.9131557670228716, -56.13001623236041127, 18.61463320748681838 ) ) ;
#2501 = AXIS2_PLACEMENT_3D ( 'NONE', #2147, #3370, #6814 ) ;
#2502 = PRESENTATION_STYLE_ASSIGNMENT (( #4835 ) ) ;
#2503 = B_SPLINE_CURVE_WITH_KNOTS ( 'NONE', 3,
 ( #3221, #2034, #4983, #2608, #923, #5056, #5017, #4474, #7339, #7270 ),
 .UNSPECIFIED., .F., .F.,
 ( 4, 2, 2, 2, 4 ),
 ( 0.000000000000000000, 0.2502559832925749239, 0.5005119665851498478, 0.7507679498777247717, 0.9994877424861430271 ),
 .UNSPECIFIED. ) ;
#2504 = AXIS2_PLACEMENT_3D ( 'NONE', #1502, #4945, #6699 ) ;
#2505 = CARTESIAN_POINT ( 'NONE',  ( 7.511530720411752071, -37.96195934374429015, 4.957521038825968951 ) ) ;
#2506 = CARTESIAN_POINT ( 'NONE',  ( 8.283957635241028683, -42.10625223202168144, 3.518011442394521460 ) ) ;
#2507 = DIRECTION ( 'NONE',  ( 0.000000000000000000, 1.000000000000000000, 0.000000000000000000 ) ) ;
#2508 = CARTESIAN_POINT ( 'NONE',  ( 7.926729335613369010, -37.22093359839783488, 10.33829785620111785 ) ) ;
#2509 = CARTESIAN_POINT ( 'NONE',  ( -2.711848169892704608, -36.76936094281747103, 12.65102668825033660 ) ) ;
#2510 = CARTESIAN_POINT ( 'NONE',  ( -2.905569126290071136, -41.55627441893458496, -8.538531943228537813 ) ) ;
#2511 = ORIENTED_EDGE ( 'NONE', *, *, #7122, .F. ) ;
#2512 = CARTESIAN_POINT ( 'NONE',  ( 3.672006245935305557, -41.88114297932265373, -1.124021774164253973 ) ) ;
#2513 = CARTESIAN_POINT ( 'NONE',  ( 7.629357958405662110, -37.98054080538753396, -4.775138188819775920 ) ) ;
#2514 = LINE ( 'NONE', #7094, #1727 ) ;
#2515 = CARTESIAN_POINT ( 'NONE',  ( -3.671953323285380044, -41.56764441687349887, -8.400052059778639446 ) ) ;
#2516 = CARTESIAN_POINT ( 'NONE',  ( 5.507994890331870508, -41.97116850234994700, 0.9195621121002880427 ) ) ;
#2517 = CARTESIAN_POINT ( 'NONE',  ( 8.956653833787793673, -42.27084703351751926, -0.8822503115349690228 ) ) ;
#2518 = CARTESIAN_POINT ( 'NONE',  ( 46.86302744982850044, -6.042206017375314708, -96.35638279038764153 ) ) ;
#2519 = ORIENTED_EDGE ( 'NONE', *, *, #1372, .T. ) ;
#2520 = CARTESIAN_POINT ( 'NONE',  ( -2.327583918122198892, -37.48701701941190834, -8.713738826674719107 ) ) ;
#2521 = PLANE ( 'NONE',  #515 ) ;
#2522 = CARTESIAN_POINT ( 'NONE',  ( -11.24784325740495383, -37.78498005031647011, 6.573452498893347595 ) ) ;
#2523 = CARTESIAN_POINT ( 'NONE',  ( -1.154662100978626087E-05, -41.78218312135540202, 2.077954731591364901 ) ) ;
#2524 = CARTESIAN_POINT ( 'NONE',  ( -7.073756487554813788, -37.89816453838029275, 5.566429104810771911 ) ) ;
#2525 = CARTESIAN_POINT ( 'NONE',  ( -2.101146925415175017E-05, -41.73257342363829991, 3.781269165073744887 ) ) ;
#2526 = CARTESIAN_POINT ( 'NONE',  ( 3.671953323285355175, -41.56764441693415080, 8.400052059778639446 ) ) ;
#2527 = ORIENTED_EDGE ( 'NONE', *, *, #5772, .F. ) ;
#2528 = CARTESIAN_POINT ( 'NONE',  ( -10.33986621469312794, -38.31026286157675287, 7.995964574712473016 ) ) ;
#2529 = CARTESIAN_POINT ( 'NONE',  ( 17.96029789510972918, -40.75174859027007557, 13.17112713291109927 ) ) ;
#2530 = CARTESIAN_POINT ( 'NONE',  ( 16.88398358790628961, -38.21472930976597127, -22.22309086070115214 ) ) ;
#2531 = AXIS2_PLACEMENT_3D ( 'NONE', #7254, #2128, #5466 ) ;
#2532 = ORIENTED_EDGE ( 'NONE', *, *, #4491, .F. ) ;
#2533 = CARTESIAN_POINT ( 'NONE',  ( -10.99470430804927545, -38.30149927197509641, 0.08271442440942641805 ) ) ;
#2534 = CARTESIAN_POINT ( 'NONE',  ( 18.03212226102947113, -40.91868122161439913, 12.41017733379857191 ) ) ;
#2535 = CARTESIAN_POINT ( 'NONE',  ( 1.181004411299732437, -41.49750405888082838, 8.941786056773201707 ) ) ;
#2536 = CARTESIAN_POINT ( 'NONE',  ( 2.470215254237638103, -41.53915366805782838, -8.655712380393010719 ) ) ;
#2537 = CARTESIAN_POINT ( 'NONE',  ( 18.01987377499521159, -33.94860274238145337, 22.25601804104100268 ) ) ;
#2538 = CARTESIAN_POINT ( 'NONE',  ( 30.67915473062150156, -13.94371515320612609, 92.10023280498641896 ) ) ;
#2539 = ORIENTED_EDGE ( 'NONE', *, *, #5081, .T. ) ;
#2540 = CARTESIAN_POINT ( 'NONE',  ( 12.24821774641658223, -28.26557155249787101, -40.12064855250449114 ) ) ;
#2541 = ADVANCED_FACE ( 'NONE', ( #340 ), #6477, .F. ) ;
#2542 = FACE_OUTER_BOUND ( 'NONE', #5063, .T. ) ;
#2543 = CARTESIAN_POINT ( 'NONE',  ( -6.274904195789288153, -37.79626812804976765, 6.451798095335472993 ) ) ;
#2544 = CARTESIAN_POINT ( 'NONE',  ( 5.092691338907848753, -41.70687258445905599, 7.426367982538566892 ) ) ;
#2545 = CARTESIAN_POINT ( 'NONE',  ( 190.8134217086287663, -5.512702099187771765, 208.8268434172573507 ) ) ;
#2546 = LINE ( 'NONE', #5461, #7201 ) ;
#2547 = CARTESIAN_POINT ( 'NONE',  ( -5.322493484603421088, -36.94374680974575398, 11.80483386132839918 ) ) ;
#2548 = CARTESIAN_POINT ( 'NONE',  ( -8.199825774505265841, -42.09055638536249688, -3.721636533728902574 ) ) ;
#2549 = CARTESIAN_POINT ( 'NONE',  ( 5.508011546535679592, -41.96222113973674794, -2.077924125155405033 ) ) ;
#2550 = EDGE_CURVE ( 'NONE', #411, #876, #2385, .T. ) ;
#2551 = CARTESIAN_POINT ( 'NONE',  ( 5.276216832106877419, -37.68991143616220540, -7.291503359857252953 ) ) ;
#2552 = DIRECTION ( 'NONE',  ( 0.000000000000000000, 1.000000000000000000, 0.000000000000000000 ) ) ;
#2553 = CIRCLE ( 'NONE', #6823, 16.74500000000000099 ) ;
#2554 = CARTESIAN_POINT ( 'NONE',  ( 4.715131940752513628, -8.260677104220876643, -52.64353508175643981 ) ) ;
#2555 = CARTESIAN_POINT ( 'NONE',  ( 9.282365293880465273, -16.61462128644786773, 46.46163416952696679 ) ) ;
#2556 = CARTESIAN_POINT ( 'NONE',  ( 5.507996594094048959, -41.96905090782664871, 0.6129494072930820048 ) ) ;
#2557 = CARTESIAN_POINT ( 'NONE',  ( 5.383077264295460296, -41.73009153729311294, -7.236683521414046361 ) ) ;
#2558 = CARTESIAN_POINT ( 'NONE',  ( -11.51249959290065839, -37.85219338660255062, 5.978979060576397053 ) ) ;
#2559 = ORIENTED_EDGE ( 'NONE', *, *, #770, .F. ) ;
#2560 = CARTESIAN_POINT ( 'NONE',  ( -4.365843336177410272, -37.61058580128683815, -7.871660793050353710 ) ) ;
#2561 = CARTESIAN_POINT ( 'NONE',  ( -18.00000000000000000, -15.84325058705650058, 47.33309916941549744 ) ) ;
#2562 = CARTESIAN_POINT ( 'NONE',  ( 19.97414238607580828, -38.16215791888830466, 2.803165709359891178 ) ) ;
#2563 = CARTESIAN_POINT ( 'NONE',  ( 7.343961991603319639, -41.85264108032090746, 6.840093099208069738 ) ) ;
#2564 = CARTESIAN_POINT ( 'NONE',  ( 7.151429436535606143, -37.90863480732075175, 5.472131888645216158 ) ) ;
#2565 = CIRCLE ( 'NONE', #4890, 13.99999999999999822 ) ;
#2566 = CARTESIAN_POINT ( 'NONE',  ( 9.179996594037190150, -42.30370506477029835, 0.6129698115837249883 ) ) ;
#2567 = CARTESIAN_POINT ( 'NONE',  ( -5.508016847164520335, -41.92984125614904656, 3.031836678291874865 ) ) ;
#2568 = EDGE_LOOP ( 'NONE', ( #1530, #2809, #6689 ) ) ;
#2569 = CARTESIAN_POINT ( 'NONE',  ( 96.88837834783774383, -6.042206017375225890, 103.5651432032004919 ) ) ;
#2570 = CARTESIAN_POINT ( 'NONE',  ( 11.27136501702753613, -26.32823720086042485, 42.41357817196568902 ) ) ;
#2571 = CARTESIAN_POINT ( 'NONE',  ( 15.94516563415976051, -36.06282458040264771, -27.46855508695037429 ) ) ;
#2572 = CARTESIAN_POINT ( 'NONE',  ( 8.999999999999991118, -38.30840103693655863, -1.888183232402019824E-14 ) ) ;
#2573 = CARTESIAN_POINT ( 'NONE',  ( 11.29511947763204915, -26.37506160710924163, 42.35998113509058527 ) ) ;
#2574 = CARTESIAN_POINT ( 'NONE',  ( -8.999391532603763011, -42.30653628320668247, 0.1540681195577236762 ) ) ;
#2575 = CARTESIAN_POINT ( 'NONE',  ( -13.15518455823439936, -36.65699875535980112, 13.16961417038971938 ) ) ;
#2576 = SURFACE_STYLE_USAGE ( .BOTH. , #282 ) ;
#2577 = CARTESIAN_POINT ( 'NONE',  ( 159.5718911911935436, -33.22972007004630512, 43.22219982320987697 ) ) ;
#2578 = ORIENTED_EDGE ( 'NONE', *, *, #6200, .T. ) ;
#2579 = CARTESIAN_POINT ( 'NONE',  ( 8.328610142736645017, -42.11453346299945366, 3.410960804368839749 ) ) ;
#2580 = CARTESIAN_POINT ( 'NONE',  ( -18.00000000000000000, -34.34959553575265545, -21.81000826438560125 ) ) ;
#2581 = ADVANCED_FACE ( 'NONE', ( #6993 ), #5402, .F. ) ;
#2582 = CARTESIAN_POINT ( 'NONE',  ( -3.368854047004348207, -37.54210833012478332, 8.345707608293817970 ) ) ;
#2583 = CARTESIAN_POINT ( 'NONE',  ( 6.349129680748862192, -41.83224863206207544, 6.378767613908918221 ) ) ;
#2584 = CARTESIAN_POINT ( 'NONE',  ( 18.02528071235618867, -40.90377415868475452, -12.48463858480642585 ) ) ;
#2585 = CARTESIAN_POINT ( 'NONE',  ( 177.7365192291142932, -9.999999999999996447, 28.66079861405710005 ) ) ;
#2586 = EDGE_CURVE ( 'NONE', #3884, #1959, #6234, .T. ) ;
#2587 = CARTESIAN_POINT ( 'NONE',  ( -8.999999999958712138, -42.30661157917158732, -0.1477742393194451664 ) ) ;
#2588 = CARTESIAN_POINT ( 'NONE',  ( -3.671961991660209979, -41.66660398508295060, -6.840072694917419760 ) ) ;
#2589 = CARTESIAN_POINT ( 'NONE',  ( 6.387406360972593511, -37.80973533461760638, -6.340435705635020014 ) ) ;
#2590 = DIRECTION ( 'NONE',  ( 1.000000000000000000, 0.000000000000000000, 0.000000000000000000 ) ) ;
#2591 = CARTESIAN_POINT ( 'NONE',  ( -1.463326508831824802, -9.999999999999982236, -56.23454071742327187 ) ) ;
#2592 = CARTESIAN_POINT ( 'NONE',  ( 179.8382392356312494, 4.000000000000000000, 22.50214150462253926 ) ) ;
#2593 = EDGE_CURVE ( 'NONE', #3239, #3355, #1472, .T. ) ;
#2594 = CARTESIAN_POINT ( 'NONE',  ( -5.507998297856270042, -41.96944676484329761, -0.3063367024858845156 ) ) ;
#2595 = CARTESIAN_POINT ( 'NONE',  ( 8.578991603917597075, -42.16459990295001603, -2.724411918281784306 ) ) ;
#2596 = CARTESIAN_POINT ( 'NONE',  ( -12.89741298316047313, -38.22175524512771005, 1.774327220852870646 ) ) ;
#2597 = VERTEX_POINT ( 'NONE', #1192 ) ;
#2598 = B_SPLINE_CURVE_WITH_KNOTS ( 'NONE', 3,
 ( #2091, #6116, #6757, #6189, #942, #6648, #1408, #871, #3775, #5615, #4349, #3205, #2628, #2522, #6466, #75, #1303, #7025, #6015, #150, #3061, #2946, #611, #1918, #7104, #1800, #7183, #3627, #1222, #5974, #648, #3589, #5285, #4698, #5322, #4737, #2443, #724, #686, #765, #191, #1875, #3515, #4856, #5398, #4093, #2481, #2403, #5937, #111, #4207, #4127, #6543, #6427, #1187, #5859, #6504, #2365, #4813, #7063, #3099, #7145, #3550, #4249, #6583, #3019, #1343, #3667, #5360, #5437, #36, #5896, #2980, #1262, #4775, #1838 ),
 .UNSPECIFIED., .F., .F.,
 ( 4, 1, 1, 2, 2, 1, 2, 2, 2, 2, 2, 2, 2, 1, 2, 2, 2, 2, 2, 1, 2, 2, 2, 2, 2, 2, 2, 2, 2, 2, 1, 2, 2, 2, 2, 2, 2, 2, 2, 2, 4 ),
 ( 0.000000000000000000, 0.03124999999999950040, 0.04687499999999925060, 0.05468749999999913958, 0.06249999999999902855, 0.09374999999999866773, 0.1093749999999985428, 0.1249999999999984179, 0.1874999999999978906, 0.2187499999999976685, 0.2343749999999976408, 0.2499999999999976130, 0.2812499999999975575, 0.2968749999999975020, 0.3046874999999975020, 0.3124999999999975020, 0.3437499999999977240, 0.3749999999999979461, 0.4062499999999981126, 0.4218749999999981126, 0.4296874999999981126, 0.4374999999999981126, 0.4687499999999983347, 0.4999999999999985567, 0.5312499999999986677, 0.5624999999999988898, 0.5937499999999990008, 0.6093749999999991118, 0.6249999999999992228, 0.6562499999999993339, 0.6718749999999994449, 0.6796874999999994449, 0.6874999999999994449, 0.7500000000000000000, 0.7812500000000002220, 0.7968750000000003331, 0.8125000000000003331, 0.8437500000000002220, 0.8750000000000002220, 0.9375000000000001110, 1.000000000000000000 ),
 .UNSPECIFIED. ) ;
#2599 = CYLINDRICAL_SURFACE ( 'NONE', #7275, 12.99803161225499970 ) ;
#2600 = EDGE_CURVE ( 'NONE', #677, #6968, #3519, .T. ) ;
#2601 = B_SPLINE_SURFACE_WITH_KNOTS ( 'NONE', 3, 1, ( 
 ( #5204, #6947 ),
 ( #1717, #2323 ),
 ( #1105, #4051 ),
 ( #7056, #1256 ) ),
 .UNSPECIFIED., .F., .F., .F.,
 ( 4, 4 ),
 ( 2, 2 ),
 ( 0.000000000000000000, 1.000000000000000000 ),
 ( 0.000000000000000000, 1.000000000000000000 ),
 .UNSPECIFIED. ) ;
#2602 = CARTESIAN_POINT ( 'NONE',  ( 20.13201909064075323, -38.30748449334875261, -0.07350728171799569832 ) ) ;
#2603 = CARTESIAN_POINT ( 'NONE',  ( -9.179999999857850312, -42.33629126074694682, -5.101072661278480033E-05 ) ) ;
#2604 = CARTESIAN_POINT ( 'NONE',  ( 1.522490488393399177, -37.46197962930445158, 8.875200478307725405 ) ) ;
#2605 = CARTESIAN_POINT ( 'NONE',  ( -9.180011546478839435, -42.24575990181089935, 2.077903720864755055 ) ) ;
#2606 = ORIENTED_EDGE ( 'NONE', *, *, #2719, .T. ) ;
#2607 = CARTESIAN_POINT ( 'NONE',  ( 24.11968230968668081, -6.042206017375215232, 83.32470332098331767 ) ) ;
#2608 = CARTESIAN_POINT ( 'NONE',  ( -18.00000000000000000, -23.68619686104764810, 39.70994965335955840 ) ) ;
#2609 = CARTESIAN_POINT ( 'NONE',  ( -65.46669839058749574, 4.000000000000000000, 0.000000000000000000 ) ) ;
#2610 = CARTESIAN_POINT ( 'NONE',  ( -9.000000000000000000, -38.30472699488110777, -1.718667784195345147E-09 ) ) ;
#2611 = CARTESIAN_POINT ( 'NONE',  ( 18.15794782687440545, -41.20193441408427759, 10.88034279396110904 ) ) ;
#2612 = CARTESIAN_POINT ( 'NONE',  ( 8.970275439485451585, -42.27742094236218406, 0.7438990237136934303 ) ) ;
#2613 = CARTESIAN_POINT ( 'NONE',  ( -2.900264640103187741, -41.55786833659175983, -8.525080433096830390 ) ) ;
#2614 = CARTESIAN_POINT ( 'NONE',  ( 42.40893209317441404, -33.22972007004630512, 72.71224217743807117 ) ) ;
#2615 = EDGE_LOOP ( 'NONE', ( #1728, #3071, #3419, #1178 ) ) ;
#2616 = CARTESIAN_POINT ( 'NONE',  ( 7.620341275867882125, -41.99747595303209380, 4.789500795519117560 ) ) ;
#2617 = CARTESIAN_POINT ( 'NONE',  ( 20.34536719873065280, -37.24753809675054583, -11.41428795664993778 ) ) ;
#2618 = CARTESIAN_POINT ( 'NONE',  ( -8.492535219410699554, -38.13528054339133888, 2.993806676736948447 ) ) ;
#2619 = PRESENTATION_STYLE_ASSIGNMENT (( #5069 ) ) ;
#2620 = DIRECTION ( 'NONE',  ( -1.000000000000000000, -0.000000000000000000, -0.000000000000000000 ) ) ;
#2621 = CARTESIAN_POINT ( 'NONE',  ( -6.451764254055561310, -37.05562866904148223, 11.23092019515982898 ) ) ;
#2622 = CARTESIAN_POINT ( 'NONE',  ( -5.946845071394003313, -41.78652264733284483, -6.781207549545531954 ) ) ;
#2623 = AXIS2_PLACEMENT_3D ( 'NONE', #2862, #7518, #71 ) ;
#2624 = ORIENTED_EDGE ( 'NONE', *, *, #1620, .F. ) ;
#2625 = AXIS2_PLACEMENT_3D ( 'NONE', #1980, #870, #6077 ) ;
#2626 = CARTESIAN_POINT ( 'NONE',  ( -5.507961991631770360, -41.74730526027870070, -6.840082897062740308 ) ) ;
#2627 = DIRECTION ( 'NONE',  ( -1.000000000000000000, 1.500332356076764948E-16, 0.000000000000000000 ) ) ;
#2628 = CARTESIAN_POINT ( 'NONE',  ( -11.65122263139802605, -37.87319180229332716, 5.829044609955579936 ) ) ;
#2629 = DIRECTION ( 'NONE',  ( -0.000000000000000000, -1.000000000000000000, -0.000000000000000000 ) ) ;
#2630 = CARTESIAN_POINT ( 'NONE',  ( 14.94029696737962354, -27.43725857416334435, 34.53617372092987381 ) ) ;
#2631 = B_SPLINE_CURVE_WITH_KNOTS ( 'NONE', 3,
 ( #929, #3833, #4445, #7380 ),
 .UNSPECIFIED., .F., .F.,
 ( 4, 4 ),
 ( 0.000000000000000000, 0.6259866010010455284 ),
 .UNSPECIFIED. ) ;
#2632 = CARTESIAN_POINT ( 'NONE',  ( -3.419865594552073063, -41.58602837711959666, -8.324943336435916663 ) ) ;
#2633 = CARTESIAN_POINT ( 'NONE',  ( -12.98974298341771139, -38.26818657326767692, 0.9281771661591690092 ) ) ;
#2634 = ORIENTED_EDGE ( 'NONE', *, *, #4639, .T. ) ;
#2635 = CARTESIAN_POINT ( 'NONE',  ( -8.573594396656854855, -38.15260503936097081, -2.765235316844746105 ) ) ;
#2636 = EDGE_CURVE ( 'NONE', #1825, #207, #3837, .T. ) ;
#2637 = CARTESIAN_POINT ( 'NONE',  ( -8.975870179807019511, -42.28072554625772739, 0.6586045060788918715 ) ) ;
#2638 = CARTESIAN_POINT ( 'NONE',  ( -7.343998865180649815, -42.10617315432034502, -0.2042448726145680016 ) ) ;
#2639 = CARTESIAN_POINT ( 'NONE',  ( 0.3532569771645713286, -37.44280796102101050, 8.997857648424517407 ) ) ;
#2640 = CARTESIAN_POINT ( 'NONE',  ( -5.109582830806989399E-06, -41.79199488310535315, 0.9195315056643229568 ) ) ;
#2641 = ORIENTED_EDGE ( 'NONE', *, *, #2165, .F. ) ;
#2642 = CARTESIAN_POINT ( 'NONE',  ( 155.0390506516447147, -6.042206017375257865, 78.25895598959594679 ) ) ;
#2643 = CARTESIAN_POINT ( 'NONE',  ( 33.61572406200880181, -47.26221975847439438, -1.292841891455429965E-14 ) ) ;
#2644 = EDGE_CURVE ( 'NONE', #1052, #2150, #1781, .T. ) ;
#2645 = DIRECTION ( 'NONE',  ( 0.000000000000000000, 0.000000000000000000, 1.000000000000000000 ) ) ;
#2646 = ADVANCED_FACE ( 'NONE', ( #4780 ), #4703, .F. ) ;
#2647 = CARTESIAN_POINT ( 'NONE',  ( -10.97338964175832210, -38.30147973980677278, 0.08320867602088749537 ) ) ;
#2648 = CARTESIAN_POINT ( 'NONE',  ( 11.33627237045177338, -26.45621838515427982, 42.26685389004814652 ) ) ;
#2649 = CARTESIAN_POINT ( 'NONE',  ( -7.344051010731459606, -41.69037129754194382, 9.179980529337321116 ) ) ;
#2650 = CARTESIAN_POINT ( 'NONE',  ( -0.5970213604521374950, -41.48887784308647753, -8.999551339353541124 ) ) ;
#2651 = DIRECTION ( 'NONE',  ( -0.000000000000000000, 1.000000000000000000, -0.000000000000000000 ) ) ;
#2652 = CARTESIAN_POINT ( 'NONE',  ( 61.88658907630036765, -57.95386985700427118, 13.79130773228020601 ) ) ;
#2653 = ORIENTED_EDGE ( 'NONE', *, *, #3802, .F. ) ;
#2654 = CARTESIAN_POINT ( 'NONE',  ( 8.966148832683980885, -42.27550801082267640, 0.7809948974275274791 ) ) ;
#2655 = CARTESIAN_POINT ( 'NONE',  ( 7.052443787925745333, -41.91781712523085446, 5.593453870347076418 ) ) ;
#2656 = CARTESIAN_POINT ( 'NONE',  ( -6.284153924717693407, -37.79735776972116668, 6.442786149371706017 ) ) ;
#2657 = CARTESIAN_POINT ( 'NONE',  ( -11.73874078561901158, -38.30217393464800324, 0.06564102831470146338 ) ) ;
#2658 = CARTESIAN_POINT ( 'NONE',  ( 8.583107745158745416, -37.31477964660427205, 9.800991866128358154 ) ) ;
#2659 = B_SPLINE_CURVE_WITH_KNOTS ( 'NONE', 3,
 ( #4848, #6534, #641, #3619 ),
 .UNSPECIFIED., .F., .F.,
 ( 4, 4 ),
 ( 1.115630864829514821E-16, 0.005038514492239874742 ),
 .UNSPECIFIED. ) ;
#2660 = CARTESIAN_POINT ( 'NONE',  ( 119.5997227445255646, -6.042206017414786245, 99.28829099760035604 ) ) ;
#2661 = CARTESIAN_POINT ( 'NONE',  ( 1.723392542192733190, -38.31026286157669603, 12.99662023406230382 ) ) ;
#2662 = ORIENTED_EDGE ( 'NONE', *, *, #3802, .T. ) ;
#2663 = CARTESIAN_POINT ( 'NONE',  ( 3.672046676600889903, -41.56765029199235073, -8.400011251197350148 ) ) ;
#2664 = CARTESIAN_POINT ( 'NONE',  ( 3.778149620731413805, -37.56809666502468303, -8.168880717434511496 ) ) ;
#2665 = CARTESIAN_POINT ( 'NONE',  ( -12.69257573279303131, -6.042206017375272964, -50.16455915774985641 ) ) ;
#2666 = DIRECTION ( 'NONE',  ( 0.000000000000000000, 4.956352788505163268E-16, 1.000000000000000000 ) ) ;
#2667 = CARTESIAN_POINT ( 'NONE',  ( 18.01987377499526843, -33.94860274238157416, 22.25601804104062609 ) ) ;
#2668 = CARTESIAN_POINT ( 'NONE',  ( -2.734270716059445938, -41.55076026871348915, -8.575924688887079483 ) ) ;
#2669 = CARTESIAN_POINT ( 'NONE',  ( -18.00000000000000000, -9.999999999999980460, -31.95317545291229777 ) ) ;
#2670 = EDGE_LOOP ( 'NONE', ( #418, #1329 ) ) ;
#2671 = AXIS2_PLACEMENT_3D ( 'NONE', #5881, #1243, #554 ) ;
#2672 = CARTESIAN_POINT ( 'NONE',  ( -1.165270584567184020, -37.45422242930138879, -8.925552183616927593 ) ) ;
#2673 = CARTESIAN_POINT ( 'NONE',  ( -18.00000000000000000, -23.68619686104764810, 39.70994965335955840 ) ) ;
#2674 = CARTESIAN_POINT ( 'NONE',  ( 5.508001134620309713, -41.97551094644109781, -0.2041734575973165045 ) ) ;
#2675 = CARTESIAN_POINT ( 'NONE',  ( -5.488067696902755976, -41.74219353954210021, -7.139243302523702539 ) ) ;
#2676 = CARTESIAN_POINT ( 'NONE',  ( 5.109582799404299976E-06, -41.79199488318105438, -0.9195315056643299512 ) ) ;
#2677 = EDGE_CURVE ( 'NONE', #146, #3652, #4917, .T. ) ;
#2678 = ORIENTED_EDGE ( 'NONE', *, *, #7491, .F. ) ;
#2679 = CARTESIAN_POINT ( 'NONE',  ( -12.98101139867664600, -38.31026286157674576, 1.765527266346387680 ) ) ;
#2680 = CARTESIAN_POINT ( 'NONE',  ( -22.00000000000000000, -42.30756013076910449, -5.767085840894440826E-15 ) ) ;
#2681 = CARTESIAN_POINT ( 'NONE',  ( -10.94879174225994589, -38.30145682059415435, 0.08378855626725695283 ) ) ;
#2682 = CARTESIAN_POINT ( 'NONE',  ( 4.997157018347595958, -14.38300284513948135, 53.25093622690125983 ) ) ;
#2683 = LINE ( 'NONE', #1686, #1281 ) ;
#2684 = CARTESIAN_POINT ( 'NONE',  ( 9.000028474184350813, -42.30708906031854610, 9.026024192389750094E-10 ) ) ;
#2685 = CARTESIAN_POINT ( 'NONE',  ( -11.32963596097304304, -38.31026286157670313, 6.597087869260945148 ) ) ;
#2686 = EDGE_CURVE ( 'NONE', #5624, #2346, #7018, .T. ) ;
#2687 = CARTESIAN_POINT ( 'NONE',  ( -12.69257573279303131, 20.00000000000000000, -64.16455915774986352 ) ) ;
#2688 = PRODUCT_RELATED_PRODUCT_CATEGORY ( 'part', '', ( #3213 ) ) ;
#2689 = ORIENTED_EDGE ( 'NONE', *, *, #3332, .T. ) ;
#2690 = CARTESIAN_POINT ( 'NONE',  ( -1.670160028345172076, -38.31026286157675287, 12.93934712255602903 ) ) ;
#2691 = CARTESIAN_POINT ( 'NONE',  ( 5.948536345973407968, -41.78671643279809444, 6.779652500692019856 ) ) ;
#2692 = AXIS2_PLACEMENT_3D ( 'NONE', #3984, #1652, #7379 ) ;
#2693 = CARTESIAN_POINT ( 'NONE',  ( -8.719853225043552314, -38.18876986623121894, 2.229174695245179638 ) ) ;
#2694 = B_SPLINE_CURVE_WITH_KNOTS ( 'NONE', 3,
 ( #6784, #323, #2187, #6142, #432, #7383, #6287, #396, #896, #6748, #6854, #5103, #5715, #5571, #5144, #5677, #1587, #5028, #4411, #7455, #6253, #3914, #3231, #1550, #6216, #1007, #6179, #361, #7315, #3377, #3339, #3877, #2763, #6710, #7350, #4521, #2079, #3303, #3952, #970, #932, #2118, #2728, #5066, #2152, #1043, #467, #2691, #2223, #3803, #2655, #4993, #3266, #5604, #7535, #6889, #2989, #1731, #5181, #6925, #4064, #2300, #4630 ),
 .UNSPECIFIED., .F., .F.,
 ( 4, 1, 2, 2, 2, 2, 2, 2, 2, 2, 2, 2, 2, 2, 2, 2, 2, 2, 2, 2, 2, 2, 2, 2, 2, 2, 2, 2, 2, 2, 2, 4 ),
 ( 0.000000000000000000, 0.03124999999999986816, 0.04687499999999978489, 0.06249999999999969469, 0.09374999999999956979, 0.1249999999999994310, 0.1874999999999991673, 0.2187499999999990563, 0.2499999999999989453, 0.2812499999999988343, 0.2968749999999987232, 0.3124999999999986677, 0.3749999999999987232, 0.4062499999999988343, 0.4218749999999988898, 0.4374999999999989453, 0.4687499999999990008, 0.4999999999999991118, 0.5624999999999993339, 0.5937499999999992228, 0.6249999999999993339, 0.6562499999999994449, 0.6718749999999994449, 0.6874999999999995559, 0.7499999999999995559, 0.7812499999999995559, 0.7968749999999996669, 0.8124999999999996669, 0.8437499999999997780, 0.8749999999999998890, 0.9374999999999998890, 1.000000000000000000 ),
 .UNSPECIFIED. ) ;
#2695 = CARTESIAN_POINT ( 'NONE',  ( -18.00000000000000000, -23.68619686104764810, 39.70994965335955840 ) ) ;
#2696 = CARTESIAN_POINT ( 'NONE',  ( 69.65500000000001535, -64.66763823405520384, 7.436273818939298003E-14 ) ) ;
#2697 = CARTESIAN_POINT ( 'NONE',  ( 7.344005109469069481, -42.10820935157229883, -0.9194906970830428738 ) ) ;
#2698 = CARTESIAN_POINT ( 'NONE',  ( 190.4059769339625063, -6.042206017374129878, 1.510441131475985042E-14 ) ) ;
#2699 = ORIENTED_EDGE ( 'NONE', *, *, #5533, .F. ) ;
#2700 = CARTESIAN_POINT ( 'NONE',  ( 2.950987607470884923E-05, -41.67149771645480172, -5.310660727850260443 ) ) ;
#2701 = CARTESIAN_POINT ( 'NONE',  ( -5.872564548261313355, -37.75011440556519204, -6.822020656863243104 ) ) ;
#2702 = CARTESIAN_POINT ( 'NONE',  ( 4.416144755267277233, -13.30293382136083835, 54.02233177467495295 ) ) ;
#2703 = CARTESIAN_POINT ( 'NONE',  ( 169.3807519503097581, -7.397625987614767418, 51.87435254602085166 ) ) ;
#2704 = CARTESIAN_POINT ( 'NONE',  ( 179.8382392356312494, -9.999999999999996447, 42.50214150462253571 ) ) ;
#2705 = CARTESIAN_POINT ( 'NONE',  ( -6.573276148919255490, -41.85772243890762212, -6.154582881444187414 ) ) ;
#2706 = CARTESIAN_POINT ( 'NONE',  ( -12.55193119091180698, -38.10913750813561052, 3.331061494737351136 ) ) ;
#2707 = EDGE_LOOP ( 'NONE', ( #4214, #4687, #6485, #7505 ) ) ;
#2708 = CARTESIAN_POINT ( 'NONE',  ( 7.343957657415900009, -41.80211066434194578, 7.620082781638670255 ) ) ;
#2709 = CARTESIAN_POINT ( 'NONE',  ( 152.8722439315365023, -38.48506133258189976, 8.140502076289799479E-15 ) ) ;
#2710 = VECTOR ( 'NONE', #5870, 1000.000000000000000 ) ;
#2711 = ORIENTED_EDGE ( 'NONE', *, *, #6483, .F. ) ;
#2712 = CARTESIAN_POINT ( 'NONE',  ( -3.672003405763780481, -41.88853576663194644, 0.6128983965664729361 ) ) ;
#2713 = CARTESIAN_POINT ( 'NONE',  ( 6.779177427041752857, -41.88109570672204995, -5.949021817067363216 ) ) ;
#2714 = CARTESIAN_POINT ( 'NONE',  ( 7.344001134591879421, -42.10616211150964716, -0.2041632554519949849 ) ) ;
#2715 = VERTEX_POINT ( 'NONE', #1228 ) ;
#2716 = CARTESIAN_POINT ( 'NONE',  ( -8.923309911279112328, -42.25620273517622394, 1.182401480799418092 ) ) ;
#2717 = PLANE ( 'NONE',  #305 ) ;
#2718 = CARTESIAN_POINT ( 'NONE',  ( -12.99553091679957895, -38.31026187940302208, 0.0001336912975863206211 ) ) ;
#2719 = EDGE_CURVE ( 'NONE', #5531, #3117, #2287, .T. ) ;
#2720 = CARTESIAN_POINT ( 'NONE',  ( -1.975779789459828129, -37.47586184536267950, 8.785354926546766308 ) ) ;
#2721 = CARTESIAN_POINT ( 'NONE',  ( -18.00000000000000000, -32.29571161549034741, 26.62793936103274817 ) ) ;
#2722 = CARTESIAN_POINT ( 'NONE',  ( -9.000028474184428973, -42.30708906031859584, -8.070543590473060038E-10 ) ) ;
#2723 = CARTESIAN_POINT ( 'NONE',  ( -10.36228150911853341, -38.31026286157670313, 8.031521729330220793 ) ) ;
#2724 = B_SPLINE_SURFACE_WITH_KNOTS ( 'NONE', 2, 1, ( 
 ( #534, #3981 ),
 ( #4549, #1035 ),
 ( #2872, #1648 ) ),
 .UNSPECIFIED., .F., .F., .F.,
 ( 3, 3 ),
 ( 2, 2 ),
 ( 0.07696326179983789539, 1.000000000000000000 ),
 ( 0.000000000000000000, 1.000000000000000000 ),
 .UNSPECIFIED. ) ;
#2725 = CARTESIAN_POINT ( 'NONE',  ( 86.22349912700521202, -58.93658393131480011, 16.74406976937894953 ) ) ;
#2726 = VERTEX_POINT ( 'NONE', #2366 ) ;
#2727 = CARTESIAN_POINT ( 'NONE',  ( 8.830245861181641231, -42.22631607426862388, 1.739838930115357174 ) ) ;
#2728 = CARTESIAN_POINT ( 'NONE',  ( 4.379210532188174909, -41.64883197490139821, 7.864226506076700041 ) ) ;
#2729 = ADVANCED_FACE ( 'NONE', ( #5211 ), #695, .T. ) ;
#2730 = CARTESIAN_POINT ( 'NONE',  ( 3.682397957686390111, -37.56172349712358738, -8.212695751708722014 ) ) ;
#2731 = CARTESIAN_POINT ( 'NONE',  ( -18.00000000000000000, -32.29571161549034741, 26.62793936103274817 ) ) ;
#2732 = CARTESIAN_POINT ( 'NONE',  ( 5.685949384892126979, -15.66687368390987523, -52.29880962881359352 ) ) ;
#2733 = CARTESIAN_POINT ( 'NONE',  ( 7.344021011355500228, -42.01819183936184743, -3.781228356492464915 ) ) ;
#2734 = CARTESIAN_POINT ( 'NONE',  ( 190.8134217086285105, -5.512702099187760219, 1.278695626834949995E-14 ) ) ;
#2735 = VERTEX_POINT ( 'NONE', #4660 ) ;
#2736 = DIRECTION ( 'NONE',  ( -1.000000000000000000, 0.000000000000000000, 0.000000000000000000 ) ) ;
#2737 = CARTESIAN_POINT ( 'NONE',  ( 3.470143758153652058, -37.54833010708085084, -8.304107143877692110 ) ) ;
#2738 = B_SPLINE_CURVE_WITH_KNOTS ( 'NONE', 3,
 ( #624, #4221, #4748, #7078, #6442, #1163, #698, #5948, #13, #5371 ),
 .UNSPECIFIED., .F., .F.,
 ( 4, 2, 2, 2, 4 ),
 ( 0.000000000000000000, 0.2500000000000000000, 0.5000000000000000000, 0.7500000000000000000, 1.000000000000000000 ),
 .UNSPECIFIED. ) ;
#2739 = CARTESIAN_POINT ( 'NONE',  ( 110.6172451890447803, -57.95386985700431381, -48.43449037808966295 ) ) ;
#2740 = CARTESIAN_POINT ( 'NONE',  ( 86.40000000000000568, -64.66763823405520384, 0.000000000000000000 ) ) ;
#2741 = CARTESIAN_POINT ( 'NONE',  ( 73.73673747126400713, -63.39640923772800818, 1.666009922382535313 ) ) ;
#2742 = CARTESIAN_POINT ( 'NONE',  ( -6.771385656578060797, -41.88150254578025056, -5.935923353922428980 ) ) ;
#2743 = CARTESIAN_POINT ( 'NONE',  ( 0.2882336879106884853, -41.48877846956318649, -9.000220427435580817 ) ) ;
#2744 = ORIENTED_EDGE ( 'NONE', *, *, #6788, .F. ) ;
#2745 = CARTESIAN_POINT ( 'NONE',  ( -3.672042342413504912, -41.61891558214599485, 7.620021568766750519 ) ) ;
#2746 = PLANE ( 'NONE',  #4430 ) ;
#2747 = AXIS2_PLACEMENT_3D ( 'NONE', #6848, #7344, #3869 ) ;
#2748 = CARTESIAN_POINT ( 'NONE',  ( -3.671993753950965278, -41.88114169208939330, -1.124062582745539940 ) ) ;
#2749 = CARTESIAN_POINT ( 'NONE',  ( -6.575132109400620983, -41.85793890039212783, -6.152650775306567787 ) ) ;
#2750 = CARTESIAN_POINT ( 'NONE',  ( -5.507999999914719780, -41.99430005084909823, -3.060643596962835030E-05 ) ) ;
#2751 = AXIS2_PLACEMENT_3D ( 'NONE', #5167, #2786, #6311 ) ;
#2752 = ORIENTED_EDGE ( 'NONE', *, *, #1056, .F. ) ;
#2753 = CARTESIAN_POINT ( 'NONE',  ( 152.8722439315365023, -38.48506133258189976, 8.140502076289799479E-15 ) ) ;
#2754 = CARTESIAN_POINT ( 'NONE',  ( 186.0053216956796405, -6.042206017375292504, 29.93364541595052586 ) ) ;
#2755 = CARTESIAN_POINT ( 'NONE',  ( 226.6457644257074833, 4.000000000000001776, 137.9613978004091450 ) ) ;
#2756 = CARTESIAN_POINT ( 'NONE',  ( 0.4875835940452989958, -6.042206017375280069, -58.61996200337829777 ) ) ;
#2757 = CARTESIAN_POINT ( 'NONE',  ( 2.938428037085353939, -37.51743797996417129, 8.511903947706809248 ) ) ;
#2758 = CARTESIAN_POINT ( 'NONE',  ( -18.00000000000000000, -38.07290899291183450, -5.949309185000988265 ) ) ;
#2759 = CARTESIAN_POINT ( 'NONE',  ( 166.8097526389674954, -6.042206017375335136, -66.19664933697634979 ) ) ;
#2760 = FACE_OUTER_BOUND ( 'NONE', #6509, .T. ) ;
#2761 = ORIENTED_EDGE ( 'NONE', *, *, #2817, .F. ) ;
#2762 = CARTESIAN_POINT ( 'NONE',  ( -5.384495423001823156, -41.73188724640447589, 7.218546501122846237 ) ) ;
#2763 = CARTESIAN_POINT ( 'NONE',  ( -0.5849125500158247615, -41.49090590472030016, 8.985925222132543411 ) ) ;
#2764 = CARTESIAN_POINT ( 'NONE',  ( 3.571520514094926657, -37.55463748507086308, -8.261132385273842971 ) ) ;
#2765 = DIRECTION ( 'NONE',  ( 0.000000000000000000, 0.000000000000000000, 1.000000000000000000 ) ) ;
#2766 = CARTESIAN_POINT ( 'NONE',  ( 13.93989078456271180, -31.72908992168353137, -35.29413424730304172 ) ) ;
#2767 = CARTESIAN_POINT ( 'NONE',  ( 3.672021011412359925, -41.81617290948474874, -3.781248760783105123 ) ) ;
#2768 = CARTESIAN_POINT ( 'NONE',  ( -12.99864817594080080, -38.30611261494834707, 0.03755347317486755487 ) ) ;
#2769 = ADVANCED_FACE ( 'NONE', ( #4621 ), #6723, .T. ) ;
#2770 = ORIENTED_EDGE ( 'NONE', *, *, #7351, .F. ) ;
#2771 = CARTESIAN_POINT ( 'NONE',  ( 67.45423609069815996, -56.13001623236041127, 31.31519736068919002 ) ) ;
#2772 = CARTESIAN_POINT ( 'NONE',  ( -7.467317143895059850, -37.95529565855605370, -5.023868929545501238 ) ) ;
#2773 = CARTESIAN_POINT ( 'NONE',  ( 159.5718911911924920, -33.22972007004714357, 8.960972233485210097E-15 ) ) ;
#2774 = AXIS2_PLACEMENT_3D ( 'NONE', #7360, #1559, #4889 ) ;
#2775 = CARTESIAN_POINT ( 'NONE',  ( 9.282365293880118884, -16.61462128644723180, 46.46163416952751390 ) ) ;
#2776 = CARTESIAN_POINT ( 'NONE',  ( -9.854015342967358038, -37.53144973909872562, 8.418941361412020541 ) ) ;
#2777 = CARTESIAN_POINT ( 'NONE',  ( 20.05280746892552202, -38.25336836445663380, 1.364933239713178592 ) ) ;
#2778 = CARTESIAN_POINT ( 'NONE',  ( 181.1205124361630681, -6.042206017373010773, 28.56098748355247707 ) ) ;
#2779 = EDGE_CURVE ( 'NONE', #5178, #5227, #1149, .T. ) ;
#2780 = ORIENTED_EDGE ( 'NONE', *, *, #3668, .T. ) ;
#2781 = CARTESIAN_POINT ( 'NONE',  ( 7.343961991603319639, -41.85264108032090746, 6.840093099208069738 ) ) ;
#2782 = CARTESIAN_POINT ( 'NONE',  ( -9.179988453236850532, -42.24575219294279549, -2.078005742317980076 ) ) ;
#2783 = CARTESIAN_POINT ( 'NONE',  ( 5.507961991631749932, -41.74730526035120448, 6.840082897062740308 ) ) ;
#2784 = CARTESIAN_POINT ( 'NONE',  ( -8.999394573589672319, -42.30653784155533259, -0.1533549763417886291 ) ) ;
#2785 = CARTESIAN_POINT ( 'NONE',  ( -3.671994890360334995, -41.88319309264450396, -0.9195519099549739339 ) ) ;
#2786 = DIRECTION ( 'NONE',  ( -0.000000000000000000, 1.000000000000000000, 0.000000000000000000 ) ) ;
#2787 = DIRECTION ( 'NONE',  ( 1.000000000000000000, 0.000000000000000000, 0.000000000000000000 ) ) ;
#2788 = LINE ( 'NONE', #6426, #3524 ) ;
#2789 = CARTESIAN_POINT ( 'NONE',  ( 23.13850053261344897, -58.99259783589939588, -3.625970439761834165E-15 ) ) ;
#2790 = CARTESIAN_POINT ( 'NONE',  ( -8.676132278143484200, -38.17504459239273018, 2.463730032531559200 ) ) ;
#2791 = CARTESIAN_POINT ( 'NONE',  ( 220.6457644257074833, 10.00000000000000000, -131.7671940876994086 ) ) ;
#2792 = AXIS2_PLACEMENT_3D ( 'NONE', #3978, #4658, #6988 ) ;
#2793 = CARTESIAN_POINT ( 'NONE',  ( 86.40000000000000568, -58.25464714294840007, 0.000000000000000000 ) ) ;
#2794 = CARTESIAN_POINT ( 'NONE',  ( 20.13201909064075323, -38.30748449334880235, -0.07350728171799320032 ) ) ;
#2795 =( NAMED_UNIT ( * ) SI_UNIT ( $, .STERADIAN. ) SOLID_ANGLE_UNIT ( ) );
#2796 = CARTESIAN_POINT ( 'NONE',  ( 19.07334698233630021, -42.30756013076910449, -5.181181809388050601E-15 ) ) ;
#2797 = ORIENTED_EDGE ( 'NONE', *, *, #6157, .F. ) ;
#2798 = CARTESIAN_POINT ( 'NONE',  ( 6.390915526252063827, -41.83700170560516796, 6.336898575055712080 ) ) ;
#2799 = CARTESIAN_POINT ( 'NONE',  ( 3.655191628332356224, -11.89149284158322217, 54.99545098695637790 ) ) ;
#2800 = CIRCLE ( 'NONE', #7065, 13.99999999999999822 ) ;
#2801 = CARTESIAN_POINT ( 'NONE',  ( -18.00000000000000000, -6.042206017372989457, -53.98290812280549744 ) ) ;
#2802 = B_SPLINE_CURVE_WITH_KNOTS ( 'NONE', 3,
 ( #6468, #3552, #5899, #650, #2982, #113, #5324, #2406, #4739, #3591, #7066, #688, #2445, #2564, #7147, #4815, #4941, #1920, #3101, #5440, #2064, #7266, #4394, #7185, #309, #727, #6623, #1305, #3709, #4251, #2604, #2028, #1384, #2639, #3181, #5519, #4858, #6585, #6695, #4359, #6017, #6661, #841, #3670, #231, #1346, #3629, #6052, #1456, #805, #152, #2524, #5976, #193, #3063, #881, #767, #3139, #271, #3786, #5400, #6127, #7229 ),
 .UNSPECIFIED., .F., .F.,
 ( 4, 1, 2, 2, 2, 2, 2, 2, 2, 2, 2, 2, 2, 2, 2, 2, 2, 2, 2, 2, 2, 2, 2, 2, 2, 2, 2, 2, 2, 2, 2, 4 ),
 ( 0.000000000000000000, 0.03125000000000002082, 0.04687500000000004163, 0.06250000000000005551, 0.09375000000000004163, 0.1250000000000000278, 0.1874999999999999445, 0.2187500000000000278, 0.2500000000000001110, 0.2812500000000001665, 0.2968750000000002776, 0.3125000000000003331, 0.3750000000000004996, 0.4062500000000006106, 0.4218750000000006661, 0.4375000000000007216, 0.4687500000000008882, 0.5000000000000009992, 0.5625000000000012212, 0.5937500000000014433, 0.6250000000000015543, 0.6562500000000016653, 0.6718750000000017764, 0.6875000000000018874, 0.7500000000000021094, 0.7812500000000021094, 0.7968750000000019984, 0.8125000000000018874, 0.8437500000000016653, 0.8750000000000013323, 0.9375000000000007772, 1.000000000000000000 ),
 .UNSPECIFIED. ) ;
#2803 = CARTESIAN_POINT ( 'NONE',  ( 3.492685019654689249, -37.54971953113081184, -8.294650333499618000 ) ) ;
#2804 = DIRECTION ( 'NONE',  ( 0.000000000000000000, 1.000000000000000000, 0.000000000000000000 ) ) ;
#2805 = CARTESIAN_POINT ( 'NONE',  ( 8.004523307566099533, -20.02678716090756339, -48.72849163945105033 ) ) ;
#2806 = CARTESIAN_POINT ( 'NONE',  ( -9.179978988388608485, -42.16512765732630186, -3.781320175800360506 ) ) ;
#2807 = CARTESIAN_POINT ( 'NONE',  ( 179.0824426214868765, -13.94371515320614918, 54.74696621714786460 ) ) ;
#2808 =( BOUNDED_CURVE ( )  B_SPLINE_CURVE ( 3, ( #3000, #92, #20, #5762 ),
 .UNSPECIFIED., .F., .F. ) 
 B_SPLINE_CURVE_WITH_KNOTS ( ( 4, 4 ),
 ( 0.2330229151089516781, 0.2630897960627799348 ),
 .UNSPECIFIED. ) 
 CURVE ( )  GEOMETRIC_REPRESENTATION_ITEM ( )  RATIONAL_B_SPLINE_CURVE ( ( 0.7765138881925489622, 0.8400574205436610598, 0.9145527911461447390, 1.000000000000000000 ) ) 
 REPRESENTATION_ITEM ( '' )  );
#2809 = ORIENTED_EDGE ( 'NONE', *, *, #5065, .T. ) ;
#2810 =( GEOMETRIC_REPRESENTATION_CONTEXT ( 3 ) GLOBAL_UNCERTAINTY_ASSIGNED_CONTEXT ( ( #5088 ) ) GLOBAL_UNIT_ASSIGNED_CONTEXT ( ( #2843, #7498, #4632 ) ) REPRESENTATION_CONTEXT ( 'NONE', 'WORKASPACE' ) );
#2811 = ADVANCED_FACE ( 'NONE', ( #2255 ), #2724, .F. ) ;
#2812 = CARTESIAN_POINT ( 'NONE',  ( 85.35719728723940136, -6.042206017369100124, 98.92733719608149556 ) ) ;
#2813 = CARTESIAN_POINT ( 'NONE',  ( -8.268644474620879592, -38.09062710933635287, -3.554057669015810550 ) ) ;
#2814 = CARTESIAN_POINT ( 'NONE',  ( 19.92775606846375780, -38.48506133258187845, -132.9444878630724531 ) ) ;
#2815 = CARTESIAN_POINT ( 'NONE',  ( -8.997464765275815068, -42.30071007647961068, 0.2138080764601481554 ) ) ;
#2816 = CARTESIAN_POINT ( 'NONE',  ( -12.74318064336838674, -38.16999362662625117, 2.508154872020313064 ) ) ;
#2817 = EDGE_CURVE ( 'NONE', #1594, #4482, #4655, .T. ) ;
#2818 = CARTESIAN_POINT ( 'NONE',  ( 220.6457644257074833, 10.00000000000000000, -137.7671940876994086 ) ) ;
#2819 = CARTESIAN_POINT ( 'NONE',  ( 8.978088546079749932, -42.27802455708788898, -0.7415828313046763931 ) ) ;
#2820 = EDGE_LOOP ( 'NONE', ( #3485, #2678 ) ) ;
#2821 = CARTESIAN_POINT ( 'NONE',  ( 7.343998297827809552, -42.11316998287139768, 0.3063469046311975141 ) ) ;
#2822 = ORIENTED_EDGE ( 'NONE', *, *, #3812, .T. ) ;
#2823 = EDGE_CURVE ( 'NONE', #3686, #4098, #5116, .T. ) ;
#2824 = CARTESIAN_POINT ( 'NONE',  ( -3.671978988473910022, -41.81616949220065038, -3.781289569364395309 ) ) ;
#2825 = CARTESIAN_POINT ( 'NONE',  ( -9.180021011327090363, -42.16513681441784911, 3.781218154347139926 ) ) ;
#2826 = CARTESIAN_POINT ( 'NONE',  ( 4.754055218355813572, -41.67757253417741481, -7.647653562541996131 ) ) ;
#2827 = CARTESIAN_POINT ( 'NONE',  ( 9.180001701916260970, -42.31469916670599929, -0.3062550853233114712 ) ) ;
#2828 = CARTESIAN_POINT ( 'NONE',  ( 220.6457644257074833, 10.00000000000000000, 131.9613978004092019 ) ) ;
#2829 = CARTESIAN_POINT ( 'NONE',  ( 73.65500000000000114, -63.39640923772800818, -2.064450201827639861E-15 ) ) ;
#2830 = FACE_OUTER_BOUND ( 'NONE', #156, .T. ) ;
#2831 = DIRECTION ( 'NONE',  ( 3.074555195481525416E-16, 1.000000000000000000, -5.078222490274110485E-16 ) ) ;
#2832 = CARTESIAN_POINT ( 'NONE',  ( 5.153312195188551215, -37.67802702024014394, 7.380053137147590370 ) ) ;
#2833 = CARTESIAN_POINT ( 'NONE',  ( -5.508051010759899668, -41.58978407742775119, 9.179990731482641664 ) ) ;
#2834 = CARTESIAN_POINT ( 'NONE',  ( -12.91053371828244067, -38.22361181487638504, 1.742129365556110310 ) ) ;
#2835 = CARTESIAN_POINT ( 'NONE',  ( 17.78795901344748387, -33.42888436595161750, -23.55568611084970243 ) ) ;
#2836 = CARTESIAN_POINT ( 'NONE',  ( 32.11205117420916366, -6.042206017375306715, -88.88500050702148769 ) ) ;
#2837 = CARTESIAN_POINT ( 'NONE',  ( -12.80287684862083886, -38.19123434666962424, 2.192338634414451981 ) ) ;
#2838 = ORIENTED_EDGE ( 'NONE', *, *, #4077, .T. ) ;
#2839 = CARTESIAN_POINT ( 'NONE',  ( -1.132697539268419984, -41.49695811566251535, 8.947891617684803123 ) ) ;
#2840 = CARTESIAN_POINT ( 'NONE',  ( 7.366685489936842579, -18.82055635692281825, 49.77098861820640963 ) ) ;
#2841 = CARTESIAN_POINT ( 'NONE',  ( 7.986599104362640311, -19.99280893013859028, -48.75845650183669733 ) ) ;
#2842 = CARTESIAN_POINT ( 'NONE',  ( 7.797588651485117595, -38.00764040017857326, -4.496507773544805353 ) ) ;
#2843 =( LENGTH_UNIT ( ) NAMED_UNIT ( * ) SI_UNIT ( .MILLI., .METRE. ) );
#2844 = CARTESIAN_POINT ( 'NONE',  ( 11.22420695703775451, -26.23533330631311600, -42.51957557711689617 ) ) ;
#2845 = ADVANCED_FACE ( 'NONE', ( #2215 ), #2113, .F. ) ;
#2846 = CARTESIAN_POINT ( 'NONE',  ( -9.179993753865669959, -42.28220595411875138, -1.124093189181503805 ) ) ;
#2847 = DIRECTION ( 'NONE',  ( -0.000000000000000000, 1.000000000000000000, -0.000000000000000000 ) ) ;
#2848 = ORIENTED_EDGE ( 'NONE', *, *, #6066, .F. ) ;
#2849 = CARTESIAN_POINT ( 'NONE',  ( 54.66600174739932072, -47.26221975847412438, 52.45269724046585225 ) ) ;
#2850 = CARTESIAN_POINT ( 'NONE',  ( 190.4059769339610000, -6.042206017375310267, -1.387778780781442047E-14 ) ) ;
#2851 = CARTESIAN_POINT ( 'NONE',  ( 117.9131557670225163, -56.13001623236052495, -63.02631153404517761 ) ) ;
#2852 = CARTESIAN_POINT ( 'NONE',  ( -8.772047932353268962, -42.20977105216027070, 2.030394141492641857 ) ) ;
#2853 = CARTESIAN_POINT ( 'NONE',  ( -0.8190358660927143930, -36.71213335687981782, 12.91768088102198853 ) ) ;
#2854 = CARTESIAN_POINT ( 'NONE',  ( 99.14499999999999602, -63.39640923772800818, 1.544179419989875053E-15 ) ) ;
#2855 = CARTESIAN_POINT ( 'NONE',  ( 9.000000000000007105, -42.29661790960128798, -0.2975081858397296553 ) ) ;
#2856 = VERTEX_POINT ( 'NONE', #4730 ) ;
#2857 = CARTESIAN_POINT ( 'NONE',  ( 3.672001134648750220, -41.88910343578135098, -0.2041836597426380240 ) ) ;
#2858 = ORIENTED_EDGE ( 'NONE', *, *, #631, .F. ) ;
#2859 = AXIS2_PLACEMENT_3D ( 'NONE', #997, #6952, #4659 ) ;
#2860 = CARTESIAN_POINT ( 'NONE',  ( 9.180011546478818119, -42.24575990172670004, -2.077903720864759940 ) ) ;
#2861 = CARTESIAN_POINT ( 'NONE',  ( 9.179970489981730708, -42.08223716966009675, 5.310711738576870289 ) ) ;
#2862 = CARTESIAN_POINT ( 'NONE',  ( -18.00000000000000000, -33.76135606336559647, -31.95317545291229777 ) ) ;
#2863 = CARTESIAN_POINT ( 'NONE',  ( 5.508042342385039980, -41.69806081896299332, -7.620011366621420201 ) ) ;
#2864 = ADVANCED_FACE ( 'NONE', ( #2359, #183 ), #5890, .F. ) ;
#2865 = AXIS2_PLACEMENT_3D ( 'NONE', #126, #1204, #2458 ) ;
#2866 = DIRECTION ( 'NONE',  ( -0.000000000000000000, -1.000000000000000000, 0.000000000000000000 ) ) ;
#2867 = CIRCLE ( 'NONE', #3847, 13.99999999999999822 ) ;
#2868 = DIRECTION ( 'NONE',  ( 1.000000000000000000, 0.000000000000000000, 0.000000000000000000 ) ) ;
#2869 = LINE ( 'NONE', #495, #471 ) ;
#2870 = CARTESIAN_POINT ( 'NONE',  ( -22.00000000000000355, -6.042206017375264970, -39.70645925814061883 ) ) ;
#2871 = CARTESIAN_POINT ( 'NONE',  ( 5.504618639308123562, -37.71212498182234896, 7.121938247209169681 ) ) ;
#2872 = CARTESIAN_POINT ( 'NONE',  ( -22.00000000000000000, -42.30756013076910449, -5.181181809388050601E-15 ) ) ;
#2873 = CARTESIAN_POINT ( 'NONE',  ( 24.54315066403444590, -41.44459846639427525, -1.515055850892605352E-14 ) ) ;
#2874 = CARTESIAN_POINT ( 'NONE',  ( 185.3328331859785010, -6.042206017371060334, 1.387778780781449935E-14 ) ) ;
#2875 = CARTESIAN_POINT ( 'NONE',  ( -18.00000000000000000, -15.84325058705650058, -47.33309916941539797 ) ) ;
#2876 = CARTESIAN_POINT ( 'NONE',  ( -9.854015342967358038, -37.53144973909872562, 8.418941361412020541 ) ) ;
#2877 = ADVANCED_FACE ( 'NONE', ( #1946 ), #2939, .T. ) ;
#2878 = ORIENTED_EDGE ( 'NONE', *, *, #6383, .F. ) ;
#2879 = CARTESIAN_POINT ( 'NONE',  ( 2.300593674580921899, -41.53016689402914352, 8.720921993093888602 ) ) ;
#2880 = CARTESIAN_POINT ( 'NONE',  ( 6.873410034906631161, -37.09145151860731460, 11.04239985795417311 ) ) ;
#2881 = DIRECTION ( 'NONE',  ( -1.000000000000000000, 0.000000000000000000, 0.000000000000000000 ) ) ;
#2882 = CARTESIAN_POINT ( 'NONE',  ( 5.549445766264612168, -37.71684275709621659, -7.086973741476975341 ) ) ;
#2883 = CARTESIAN_POINT ( 'NONE',  ( -65.46669839058749574, 10.00000000000000000, 131.9613978004092019 ) ) ;
#2884 = DIRECTION ( 'NONE',  ( 1.500332356076764948E-16, 1.000000000000000000, 0.000000000000000000 ) ) ;
#2885 = CARTESIAN_POINT ( 'NONE',  ( -2.301197958986165304, -41.53222196227579133, -8.706053665479579706 ) ) ;
#2886 = CARTESIAN_POINT ( 'NONE',  ( 5.101084516543970309E-05, -41.43984812867625322, -9.180021337918599755 ) ) ;
#2887 = CARTESIAN_POINT ( 'NONE',  ( -0.9323688128199322245, -20.95902901126089901, 49.13341423743467118 ) ) ;
#2888 = ORIENTED_EDGE ( 'NONE', *, *, #8, .T. ) ;
#2889 = CARTESIAN_POINT ( 'NONE',  ( 85.69934851693989231, -38.48506133258115369, 66.46855121629380392 ) ) ;
#2890 = CARTESIAN_POINT ( 'NONE',  ( 139.1842759379911740, -47.26221975847450096, 6.464209457277149827E-15 ) ) ;
#2891 = CARTESIAN_POINT ( 'NONE',  ( 3.419865594227325278, -41.58602837709501188, 8.324943336569258889 ) ) ;
#2892 = CARTESIAN_POINT ( 'NONE',  ( -12.80287684862083886, -38.19123434666962424, 2.192338634414451981 ) ) ;
#2893 = CARTESIAN_POINT ( 'NONE',  ( 73.65500000000000114, -63.39640923772800818, 0.8366634719051218028 ) ) ;
#2894 = CARTESIAN_POINT ( 'NONE',  ( 7.807794422151187241, -42.02388257571622177, -4.515217814877286351 ) ) ;
#2895 = ORIENTED_EDGE ( 'NONE', *, *, #5925, .T. ) ;
#2896 = CARTESIAN_POINT ( 'NONE',  ( -7.344001701944730343, -42.11316865284370436, 0.3062652874686240256 ) ) ;
#2897 = VERTEX_POINT ( 'NONE', #5316 ) ;
#2898 = CARTESIAN_POINT ( 'NONE',  ( 9.180021011327060165, -42.16513681420755688, -3.781218154347145255 ) ) ;
#2899 = CARTESIAN_POINT ( 'NONE',  ( 9.179983152608029329, -42.20094904025864935, 3.031918295454445023 ) ) ;
#2900 = CARTESIAN_POINT ( 'NONE',  ( 8.999851744484216098, -42.30608223073897989, -0.06365381749033922898 ) ) ;
#2901 = CARTESIAN_POINT ( 'NONE',  ( 9.180029509733920179, -42.08224734154784841, -5.310609717123659479 ) ) ;
#2902 = CARTESIAN_POINT ( 'NONE',  ( 9.000999799688868208, -38.28264873423162129, -0.5758231606311188244 ) ) ;
#2903 = EDGE_CURVE ( 'NONE', #394, #7110, #2659, .T. ) ;
#2904 = CARTESIAN_POINT ( 'NONE',  ( -18.00000000000000000, -11.27713467053115970, -50.82238809104900668 ) ) ;
#2905 = CARTESIAN_POINT ( 'NONE',  ( -10.36228150911853518, -38.31026286157670313, 8.031521729330222570 ) ) ;
#2906 = CARTESIAN_POINT ( 'NONE',  ( 73.65499999999991587, -63.39640923772795134, 25.49000000000009081 ) ) ;
#2907 = CARTESIAN_POINT ( 'NONE',  ( 190.4059769339625063, -6.042206017374129878, 1.510441131475985042E-14 ) ) ;
#2908 = EDGE_CURVE ( 'NONE', #3007, #4664, #3931, .T. ) ;
#2909 = CARTESIAN_POINT ( 'NONE',  ( 3.493117819994089768, -6.042206017370068238, 53.98290812280625772 ) ) ;
#2910 = CARTESIAN_POINT ( 'NONE',  ( 7.343948989041080289, -41.69036013684584674, 9.180062146499889053 ) ) ;
#2911 = CARTESIAN_POINT ( 'NONE',  ( 183.0705093214963597, -9.999999999999996447, 28.88037839950205310 ) ) ;
#2912 = VERTEX_POINT ( 'NONE', #4805 ) ;
#2913 = CARTESIAN_POINT ( 'NONE',  ( 7.320913877492086108, -41.95323773836509673, 5.243192707817454945 ) ) ;
#2914 = CARTESIAN_POINT ( 'NONE',  ( -2.956322774687514254, -36.76616108465048427, 12.66663614641428381 ) ) ;
#2915 = CARTESIAN_POINT ( 'NONE',  ( 4.261463139496354913, -13.01573668357890945, -54.22368950719098279 ) ) ;
#2916 = CIRCLE ( 'NONE', #597, 13.99999999999999822 ) ;
#2917 = VERTEX_POINT ( 'NONE', #68 ) ;
#2918 = CARTESIAN_POINT ( 'NONE',  ( -8.949875829673084482, -38.25592695634315987, -1.117241383075197714 ) ) ;
#2919 = DIRECTION ( 'NONE',  ( 0.000000000000000000, -1.000000000000000000, 0.000000000000000000 ) ) ;
#2920 = EDGE_CURVE ( 'NONE', #4896, #3346, #5033, .T. ) ;
#2921 = CARTESIAN_POINT ( 'NONE',  ( 99.14500000000001023, -63.39640923772801528, -1.258898010333431831E-14 ) ) ;
#2922 = CARTESIAN_POINT ( 'NONE',  ( 86.40000000000000568, -58.25464714294840007, 0.000000000000000000 ) ) ;
#2923 = CARTESIAN_POINT ( 'NONE',  ( -9.179953323200081172, -41.87591202997710127, -8.400082666214601090 ) ) ;
#2924 = CARTESIAN_POINT ( 'NONE',  ( 110.6172451890451356, -57.95386985700427118, 14.30498233254013307 ) ) ;
#2925 = ORIENTED_EDGE ( 'NONE', *, *, #4491, .T. ) ;
#2926 = CARTESIAN_POINT ( 'NONE',  ( -7.415906130416238362, -13.94371515320612609, 52.78106892812668605 ) ) ;
#2927 = EDGE_CURVE ( 'NONE', #2150, #6531, #4277, .T. ) ;
#2928 = CARTESIAN_POINT ( 'NONE',  ( 179.0824426214855123, -13.94371515320779942, 1.135032566935603862E-14 ) ) ;
#2929 = CARTESIAN_POINT ( 'NONE',  ( 6.557977695660026640, -37.83080353314849731, 6.164598778401613188 ) ) ;
#2930 = CARTESIAN_POINT ( 'NONE',  ( -8.327804452373150923, -42.11438430517578979, 3.412883281320399309 ) ) ;
#2931 = CARTESIAN_POINT ( 'NONE',  ( -10.51197141779493904, -37.64947537238085573, 7.596924711121629592 ) ) ;
#2932 = CARTESIAN_POINT ( 'NONE',  ( -12.99746870457439663, -38.26975623047374597, 0.8974855540865880332 ) ) ;
#2933 = VECTOR ( 'NONE', #3890, 1000.000000000000000 ) ;
#2934 = CYLINDRICAL_SURFACE ( 'NONE', #2249, 14.00000000000000533 ) ;
#2935 = VERTEX_POINT ( 'NONE', #335 ) ;
#2936 = CARTESIAN_POINT ( 'NONE',  ( -5.508001701973160635, -41.96944799637174839, 0.3062754896139460170 ) ) ;
#2937 = ORIENTED_EDGE ( 'NONE', *, *, #1088, .T. ) ;
#2938 = COLOUR_RGB ( '',0.7921568627450980005, 0.8196078431372548767, 0.9333333333333333481 ) ;
#2939 = PLANE ( 'NONE',  #4702 ) ;
#2940 = CARTESIAN_POINT ( 'NONE',  ( 5.507957657444329413, -41.69805266500074481, 7.620072579493349707 ) ) ;
#2941 = CARTESIAN_POINT ( 'NONE',  ( 3.493117819995016582, -6.042206017371519522, -53.98290812280589535 ) ) ;
#2942 = CARTESIAN_POINT ( 'NONE',  ( -5.507957657444360500, -41.69805266490379836, -7.620072579493349707 ) ) ;
#2943 = CARTESIAN_POINT ( 'NONE',  ( -2.891415714571675011, -41.55744571121954323, 8.528049641729559482 ) ) ;
#2944 = CARTESIAN_POINT ( 'NONE',  ( 179.8382392356312494, -9.999999999999996447, 42.50214150462253571 ) ) ;
#2945 = DIRECTION ( 'NONE',  ( 0.000000000000000000, 0.000000000000000000, 1.000000000000000000 ) ) ;
#2946 = CARTESIAN_POINT ( 'NONE',  ( -8.537886184161010306, -37.31067301982709239, 9.812610424415042942 ) ) ;
#2947 = CARTESIAN_POINT ( 'NONE',  ( 0.4875835940452989958, -6.042206017375219673, 58.61996200337869567 ) ) ;
#2948 = CARTESIAN_POINT ( 'NONE',  ( 99.14499999999999602, -63.39640923772795134, -25.49000000000011568 ) ) ;
#2949 = CARTESIAN_POINT ( 'NONE',  ( 5.507957657444329413, -41.69805266500074481, 7.620072579493349707 ) ) ;
#2950 = CARTESIAN_POINT ( 'NONE',  ( 117.9131557670225874, -56.13001623236050364, 3.859248534111614838E-15 ) ) ;
#2951 = ORIENTED_EDGE ( 'NONE', *, *, #2110, .T. ) ;
#2952 = CARTESIAN_POINT ( 'NONE',  ( -8.817912165051041029, -42.22281359691934455, 1.801307054617205861 ) ) ;
#2953 = CARTESIAN_POINT ( 'NONE',  ( 4.392965321863194106, -13.25988769226100317, 54.05261284953104450 ) ) ;
#2954 = LINE ( 'NONE', #1694, #5493 ) ;
#2955 = ORIENTED_EDGE ( 'NONE', *, *, #246, .T. ) ;
#2956 = CARTESIAN_POINT ( 'NONE',  ( 18.40311429192462711, -41.70654361378205977, 7.430453204413002943 ) ) ;
#2957 = DIRECTION ( 'NONE',  ( 0.000000000000000000, 0.000000000000000000, 1.000000000000000000 ) ) ;
#2958 = DIRECTION ( 'NONE',  ( 0.000000000000000000, 1.000000000000000000, 0.000000000000000000 ) ) ;
#2959 = CARTESIAN_POINT ( 'NONE',  ( -9.000000000000007105, -40.97328240393717635, 0.000000000000000000 ) ) ;
#2960 = DIRECTION ( 'NONE',  ( -0.000000000000000000, -1.000000000000000000, -0.000000000000000000 ) ) ;
#2961 = CARTESIAN_POINT ( 'NONE',  ( 76.33287695441657661, -58.93658393131474327, 16.63981175612601149 ) ) ;
#2962 = ORIENTED_EDGE ( 'NONE', *, *, #4771, .T. ) ;
#2963 = CARTESIAN_POINT ( 'NONE',  ( 5.668144887840209201, -15.63208282946459704, -52.33790751524917084 ) ) ;
#2964 = EDGE_CURVE ( 'NONE', #6514, #6414, #5508, .T. ) ;
#2965 = CARTESIAN_POINT ( 'NONE',  ( -8.998887288001631291, -38.31026224233491462, 0.1470156075516847738 ) ) ;
#2966 = PRESENTATION_LAYER_ASSIGNMENT (  '', '', ( #6386 ) ) ;
#2967 = CARTESIAN_POINT ( 'NONE',  ( -3.456573224928755739, -41.58814372734045861, 8.309763126837840019 ) ) ;
#2968 = CARTESIAN_POINT ( 'NONE',  ( -71.46669839058749574, 10.00000000000000000, 137.9613978004092019 ) ) ;
#2969 = CARTESIAN_POINT ( 'NONE',  ( -9.478499337346978137, -37.45774349468699427, 8.907091325328414300 ) ) ;
#2970 = CARTESIAN_POINT ( 'NONE',  ( 8.695108374329823420, -42.19038894564207709, -2.341522830611794337 ) ) ;
#2971 = ORIENTED_EDGE ( 'NONE', *, *, #441, .T. ) ;
#2972 = CARTESIAN_POINT ( 'NONE',  ( 9.180001701916260970, -42.31469916670599929, -0.3062550853233114712 ) ) ;
#2973 = ORIENTED_EDGE ( 'NONE', *, *, #1703, .F. ) ;
#2974 = CARTESIAN_POINT ( 'NONE',  ( 149.6614994673865908, -58.99259783589949535, 1.137326972296151752E-14 ) ) ;
#2975 = CARTESIAN_POINT ( 'NONE',  ( -9.180005109440658728, -42.29214137119174666, 0.9194804949377138881 ) ) ;
#2976 = CARTESIAN_POINT ( 'NONE',  ( 16.52276564061158126, -37.37361167012888075, 24.48067474414943234 ) ) ;
#2977 = CARTESIAN_POINT ( 'NONE',  ( 4.234247034024029508E-05, -41.54461856230044958, -7.620041973057389839 ) ) ;
#2978 = CARTESIAN_POINT ( 'NONE',  ( 8.942374883029586385, -42.25836121662300116, 1.176041402705719996 ) ) ;
#2979 = CARTESIAN_POINT ( 'NONE',  ( -8.998799112008940781, 11.74493434166574168, 0.1470188481355286236 ) ) ;
#2980 = CARTESIAN_POINT ( 'NONE',  ( 12.57900403427108138, -38.10836948593867390, 3.390478688708423505 ) ) ;
#2981 = CARTESIAN_POINT ( 'NONE',  ( 5.507988453293689801, -41.96221732434155172, 2.077985338027330098 ) ) ;
#2982 = CARTESIAN_POINT ( 'NONE',  ( 8.878513710821046345, -38.23456794555109184, 1.481316844650128139 ) ) ;
#2983 = PLANE ( 'NONE',  #544 ) ;
#2984 = AXIS2_PLACEMENT_3D ( 'NONE', #472, #1125, #6368 ) ;
#2985 = CARTESIAN_POINT ( 'NONE',  ( 85.35719728723981348, -6.042206017414737396, 98.92733719604539999 ) ) ;
#2986 = VERTEX_POINT ( 'NONE', #3246 ) ;
#2987 = CARTESIAN_POINT ( 'NONE',  ( -8.990799062132881048, -42.29131886705435761, 0.4085459085142292279 ) ) ;
#2988 = CARTESIAN_POINT ( 'NONE',  ( 13.80516555443199067, -31.44804298623750327, 35.72189778111177816 ) ) ;
#2989 = CARTESIAN_POINT ( 'NONE',  ( 8.075654084347066330, -42.06903671807756240, 3.983906676041719663 ) ) ;
#2990 = CARTESIAN_POINT ( 'NONE',  ( -8.998799112008940781, -38.30460735910270387, 0.1467910492799149869 ) ) ;
#2991 = CARTESIAN_POINT ( 'NONE',  ( -3.311165311135392475, -37.53878371813536319, -8.368917411715299792 ) ) ;
#2992 = CARTESIAN_POINT ( 'NONE',  ( 170.1723395384231878, -6.042206017373009885, 52.62984524453877100 ) ) ;
#2993 = CARTESIAN_POINT ( 'NONE',  ( 226.6457644257074833, -6.042206017375351124, -137.7671940876994086 ) ) ;
#2994 = CARTESIAN_POINT ( 'NONE',  ( -8.954490081846957494, -42.26981328311796915, -0.9039518917910933649 ) ) ;
#2995 = CARTESIAN_POINT ( 'NONE',  ( 9.180038008140760653, -41.98503258754269751, -6.840001279900169706 ) ) ;
#2996 = CARTESIAN_POINT ( 'NONE',  ( 86.06783520431760337, -56.13001623236039705, 31.51140512489335066 ) ) ;
#2997 = ORIENTED_EDGE ( 'NONE', *, *, #2927, .T. ) ;
#2998 = CARTESIAN_POINT ( 'NONE',  ( -71.46669839058749574, 4.000000000000000000, -137.7671940876994086 ) ) ;
#2999 = AXIS2_PLACEMENT_3D ( 'NONE', #1680, #5090, #3327 ) ;
#3000 = CARTESIAN_POINT ( 'NONE',  ( 186.0053216956791289, -6.042206017373008997, 29.93364541595027717 ) ) ;
#3001 = CARTESIAN_POINT ( 'NONE',  ( 3.512648569450024016, -37.55086255376232884, 8.286215069900546126 ) ) ;
#3002 = CARTESIAN_POINT ( 'NONE',  ( -7.501887056249368690, -41.97981607405061766, 4.972102133205279273 ) ) ;
#3003 = CARTESIAN_POINT ( 'NONE',  ( 103.1449999999999960, -58.93658393131480011, 5.007450250832799374E-15 ) ) ;
#3004 = FACE_OUTER_BOUND ( 'NONE', #7155, .T. ) ;
#3005 = EDGE_CURVE ( 'NONE', #3835, #6129, #833, .T. ) ;
#3006 = CARTESIAN_POINT ( 'NONE',  ( 8.072998872652497937, -42.06854918618343930, -3.989390841385339836 ) ) ;
#3007 = VERTEX_POINT ( 'NONE', #5582 ) ;
#3008 = CARTESIAN_POINT ( 'NONE',  ( -7.343996594065659522, -42.11401773308335095, -0.6129596094384109906 ) ) ;
#3009 = ORIENTED_EDGE ( 'NONE', *, *, #3141, .F. ) ;
#3010 = CARTESIAN_POINT ( 'NONE',  ( -12.69257573279303131, -9.999999999999982236, -50.16455915774985641 ) ) ;
#3011 = DIRECTION ( 'NONE',  ( 1.000000000000000000, 0.000000000000000000, 0.000000000000000000 ) ) ;
#3012 = EDGE_CURVE ( 'NONE', #2856, #4746, #908, .T. ) ;
#3013 = CARTESIAN_POINT ( 'NONE',  ( -5.508006245906900133, -41.96795418391710797, 1.124011572018924099 ) ) ;
#3014 = DIRECTION ( 'NONE',  ( -0.000000000000000000, 1.000000000000000000, 0.000000000000000000 ) ) ;
#3015 = CARTESIAN_POINT ( 'NONE',  ( 220.6457644257074833, 10.00000000000000000, -131.7671940876994086 ) ) ;
#3016 = CARTESIAN_POINT ( 'NONE',  ( 9.180006245850009350, -42.28221066246755555, -1.123991167728289886 ) ) ;
#3017 = CARTESIAN_POINT ( 'NONE',  ( 6.574779823682705526, -41.85792683005484349, 6.153007855703758189 ) ) ;
#3018 = CARTESIAN_POINT ( 'NONE',  ( -18.00000000000000000, -23.68619686104764810, 39.70994965335955840 ) ) ;
#3019 = CARTESIAN_POINT ( 'NONE',  ( 10.56790706772853206, -37.65204035022764373, 7.574022268643708422 ) ) ;
#3020 = CARTESIAN_POINT ( 'NONE',  ( -5.508005109497530860, -41.97117035294004950, 0.9195008992283579818 ) ) ;
#3021 = DIRECTION ( 'NONE',  ( 0.000000000000000000, 0.000000000000000000, 1.000000000000000000 ) ) ;
#3022 = CARTESIAN_POINT ( 'NONE',  ( 185.3328331859785010, -6.042206017371060334, 1.387778780781449935E-14 ) ) ;
#3023 = ORIENTED_EDGE ( 'NONE', *, *, #2110, .F. ) ;
#3024 = CARTESIAN_POINT ( 'NONE',  ( -8.700954339524466619, -42.19239250680406883, 2.304999915356409357 ) ) ;
#3025 = CARTESIAN_POINT ( 'NONE',  ( 13.17792880013029766, -30.15265272066893942, 37.60349083250743263 ) ) ;
#3026 = CARTESIAN_POINT ( 'NONE',  ( 17.73631445343718127, -40.23112553196208552, -15.53538126978144263 ) ) ;
#3027 = ORIENTED_EDGE ( 'NONE', *, *, #725, .F. ) ;
#3028 = CARTESIAN_POINT ( 'NONE',  ( -9.000000000000000000, -38.30472699488110777, -1.718667784195345147E-09 ) ) ;
#3029 = CARTESIAN_POINT ( 'NONE',  ( 10.36603187619854438, -38.31026286157675287, 7.958962405054918143 ) ) ;
#3030 = CARTESIAN_POINT ( 'NONE',  ( 74.94529649395961712, -63.39640923772800818, -5.650095089630490008 ) ) ;
#3031 = CARTESIAN_POINT ( 'NONE',  ( 12.33149801250227995, -22.33217733694942453, 40.96895585333916756 ) ) ;
#3032 = CARTESIAN_POINT ( 'NONE',  ( 69.65872081913029490, -58.93658393131480011, -0.3529821357756435241 ) ) ;
#3033 = VERTEX_POINT ( 'NONE', #794 ) ;
#3034 = CARTESIAN_POINT ( 'NONE',  ( 5.045374314827017592, -14.47149713503957358, -53.19996690116096971 ) ) ;
#3035 = CARTESIAN_POINT ( 'NONE',  ( 86.40000000000000568, -64.66763823405520384, 0.000000000000000000 ) ) ;
#3036 = CARTESIAN_POINT ( 'NONE',  ( 6.405489535350903374, -37.81189647344807980, 6.322166344329646748 ) ) ;
#3037 = CARTESIAN_POINT ( 'NONE',  ( 8.984841062473075013, -42.28639368504415330, 0.5229466565914203668 ) ) ;
#3038 = CARTESIAN_POINT ( 'NONE',  ( 149.6614994673866192, -58.99259783589941009, 126.5229989347731561 ) ) ;
#3039 = CARTESIAN_POINT ( 'NONE',  ( 86.40000000000000568, -64.66763823405520384, 0.000000000000000000 ) ) ;
#3040 = B_SPLINE_CURVE_WITH_KNOTS ( 'NONE', 3,
 ( #1462, #3792, #5560, #2643, #6206, #7304, #2068, #4400 ),
 .UNSPECIFIED., .F., .F.,
 ( 4, 2, 2, 4 ),
 ( 0.000000000000000000, 0.1400170492858799354, 0.5700085246429399399, 1.000000000000000000 ),
 .UNSPECIFIED. ) ;
#3041 = PLANE ( 'NONE',  #6239 ) ;
#3042 = ADVANCED_FACE ( 'NONE', ( #6192 ), #2056, .T. ) ;
#3043 = VERTEX_POINT ( 'NONE', #7257 ) ;
#3044 = CARTESIAN_POINT ( 'NONE',  ( 1.154662097816547910E-05, -41.78218312152495173, -2.077954731591369786 ) ) ;
#3045 = EDGE_CURVE ( 'NONE', #5293, #876, #3054, .T. ) ;
#3046 = VERTEX_POINT ( 'NONE', #4967 ) ;
#3047 = DIRECTION ( 'NONE',  ( -0.000000000000000000, 1.000000000000000000, -0.000000000000000000 ) ) ;
#3048 = CARTESIAN_POINT ( 'NONE',  ( 5.101084516543970309E-05, -41.43984812867625322, -9.180021337918599755 ) ) ;
#3049 = CARTESIAN_POINT ( 'NONE',  ( 3.671996594122490354, -41.88853499550050685, 0.6129392051477599024 ) ) ;
#3050 = CARTESIAN_POINT ( 'NONE',  ( 8.975529510507598729, -42.28057244686963401, -0.6632310202208752115 ) ) ;
#3051 = CARTESIAN_POINT ( 'NONE',  ( 6.864465694967413434, -37.10241593717536546, 10.98331467570128162 ) ) ;
#3052 = CARTESIAN_POINT ( 'NONE',  ( -3.671948989097970184, -41.51274014766394771, -9.180041742209249733 ) ) ;
#3053 = ORIENTED_EDGE ( 'NONE', *, *, #3103, .T. ) ;
#3054 =( BOUNDED_CURVE ( )  B_SPLINE_CURVE ( 3, ( #4425, #3207, #4892, #4351 ),
 .UNSPECIFIED., .F., .F. ) 
 B_SPLINE_CURVE_WITH_KNOTS ( ( 4, 4 ),
 ( 0.000000000000000000, 0.2050851179863882878 ),
 .UNSPECIFIED. ) 
 CURVE ( )  GEOMETRIC_REPRESENTATION_ITEM ( )  RATIONAL_B_SPLINE_CURVE ( ( 0.6395411310986194309, 0.4492883055586964769, 0.4535810093957520772, 0.6524192426097861208 ) ) 
 REPRESENTATION_ITEM ( '' )  );
#3055 = B_SPLINE_CURVE_WITH_KNOTS ( 'NONE', 3,
 ( #4168, #7264, #4900, #1953, #2775, #478, #4323, #5517, #6731, #7227, #3963, #5689, #1019, #6090, #2061, #3784, #1991, #5114, #3179, #6659, #5553, #3821, #839, #1454, #802, #2562, #269, #2602 ),
 .UNSPECIFIED., .F., .F.,
 ( 4, 2, 2, 2, 2, 2, 2, 2, 2, 2, 2, 2, 2, 4 ),
 ( 5.585755718985645623E-16, 0.008484551161629019095, 0.01696910232325747961, 0.02545365348488593665, 0.02757479127529304658, 0.02969592906570015650, 0.03393820464651435553, 0.04242275580814276054, 0.04666503138895696651, 0.04878616917936406255, 0.05090730696977116554, 0.05939185813139955666, 0.06363413371221376957, 0.06787640929302796167 ),
 .UNSPECIFIED. ) ;
#3056 = CARTESIAN_POINT ( 'NONE',  ( 2.900264639850027582, -41.55786833658179091, 8.525080433167222083 ) ) ;
#3057 = VECTOR ( 'NONE', #5755, 1000.000000000000000 ) ;
#3058 = EDGE_CURVE ( 'NONE', #207, #2897, #4026, .T. ) ;
#3059 = CIRCLE ( 'NONE', #4038, 16.74500000000000099 ) ;
#3060 = CARTESIAN_POINT ( 'NONE',  ( 20.36082540615130299, -11.27713467053115970, 50.82238809104900668 ) ) ;
#3061 = CARTESIAN_POINT ( 'NONE',  ( -8.853119307690247908, -37.35810549100937550, 9.529126816200616190 ) ) ;
#3062 = CARTESIAN_POINT ( 'NONE',  ( -7.344006245878469841, -42.10689846302550166, 1.124001369873603773 ) ) ;
#3063 = CARTESIAN_POINT ( 'NONE',  ( -7.586130578302215710, -37.97297483930429962, 4.851388722761048378 ) ) ;
#3064 = EDGE_CURVE ( 'NONE', #978, #3391, #3834, .T. ) ;
#3065 = CARTESIAN_POINT ( 'NONE',  ( -3.672046676600915216, -41.56765029200165174, 8.400011251197350148 ) ) ;
#3066 = B_SPLINE_CURVE_WITH_KNOTS ( 'NONE', 3,
 ( #3110, #4947, #4366, #351, #1391, #201, #6061, #3717, #1428, #812, #850, #3756, #5486, #6099, #5525, #5172, #2179, #533, #5742, #2871, #497, #2832, #6775, #66, #5058, #2757, #3402, #3868, #3331, #3442, #6351, #7482, #1542, #2214, #7408, #6315, #2720, #2254, #4585, #3943, #4548, #1578, #6916, #5782, #3906, #5314, #5094, #4441, #1073, #4513, #1684, #388, #423, #998, #4018, #6208, #3366, #1615, #5706, #2790, #6847, #962, #1110 ),
 .UNSPECIFIED., .F., .F.,
 ( 4, 1, 2, 2, 2, 2, 2, 2, 2, 2, 2, 2, 2, 2, 2, 2, 2, 2, 2, 2, 2, 2, 2, 2, 2, 2, 2, 2, 2, 2, 2, 4 ),
 ( 0.000000000000000000, 0.03124999999999985428, 0.04687499999999979183, 0.06249999999999973632, 0.09374999999999961142, 0.1249999999999995004, 0.1874999999999993339, 0.2187499999999993061, 0.2499999999999992784, 0.2812499999999992228, 0.2968749999999992228, 0.3124999999999992228, 0.3749999999999991118, 0.4062499999999991673, 0.4218749999999992228, 0.4374999999999992228, 0.4687499999999993894, 0.4999999999999995559, 0.5624999999999997780, 0.5937500000000000000, 0.6250000000000002220, 0.6562500000000003331, 0.6718750000000003331, 0.6875000000000003331, 0.7500000000000003331, 0.7812500000000004441, 0.7968750000000005551, 0.8125000000000005551, 0.8437500000000005551, 0.8750000000000004441, 0.9375000000000003331, 1.000000000000000000 ),
 .UNSPECIFIED. ) ;
#3067 = ORIENTED_EDGE ( 'NONE', *, *, #7220, .T. ) ;
#3068 = CARTESIAN_POINT ( 'NONE',  ( -8.955447366117590846, -42.27026802204075295, 0.8944093399301925595 ) ) ;
#3069 = CARTESIAN_POINT ( 'NONE',  ( 17.39266758140424685, -39.41420149938844730, 18.51747650518724697 ) ) ;
#3070 = CARTESIAN_POINT ( 'NONE',  ( 17.36489543713571493, -39.34834836719799256, -18.74103489816921808 ) ) ;
#3071 = ORIENTED_EDGE ( 'NONE', *, *, #4735, .F. ) ;
#3072 = CARTESIAN_POINT ( 'NONE',  ( -6.056329477001126449, -37.77067497242944683, -6.657898941862097075 ) ) ;
#3073 = CARTESIAN_POINT ( 'NONE',  ( -2.892065331416547647, -41.55750404585192825, 8.527832659307986063 ) ) ;
#3074 = CARTESIAN_POINT ( 'NONE',  ( 76.26767428034234797, -63.39640923772800818, -7.776231892382877042 ) ) ;
#3075 = CARTESIAN_POINT ( 'NONE',  ( -18.00000000000000000, -32.29571161549034741, -26.62793936103274817 ) ) ;
#3076 = CARTESIAN_POINT ( 'NONE',  ( 159.5718911911934867, -33.22972007004624118, 2.775557561562889773E-14 ) ) ;
#3077 = ORIENTED_EDGE ( 'NONE', *, *, #3434, .F. ) ;
#3078 = CARTESIAN_POINT ( 'NONE',  ( 18.50658352280404984, -42.07608936494995788, -6.293461497220425471 ) ) ;
#3079 = OPEN_SHELL ( 'NONE', ( #4727 ) ) ;
#3080 = CARTESIAN_POINT ( 'NONE',  ( 110.6172451890447803, -57.95386985700431381, -48.43449037808966295 ) ) ;
#3081 = CARTESIAN_POINT ( 'NONE',  ( 3.685149900424812053, -37.56182203111838902, 8.211373624002799687 ) ) ;
#3082 = CARTESIAN_POINT ( 'NONE',  ( 8.953084838304585347, -42.26915022497681917, 0.9178362056344033792 ) ) ;
#3083 = CARTESIAN_POINT ( 'NONE',  ( 9.754028361763776189, -37.51413215649087363, 8.538619722215058161 ) ) ;
#3084 = CARTESIAN_POINT ( 'NONE',  ( 6.510367040514432269, -37.05011255657288416, 11.26038818382122564 ) ) ;
#3085 = CARTESIAN_POINT ( 'NONE',  ( 5.755971055176042128, -36.98441358106251187, 11.59957976463457285 ) ) ;
#3086 = DIRECTION ( 'NONE',  ( 0.000000000000000000, 1.000000000000000000, 0.000000000000000000 ) ) ;
#3087 = VERTEX_POINT ( 'NONE', #4005 ) ;
#3088 = CARTESIAN_POINT ( 'NONE',  ( 3.672021011412359925, -41.81617290948474874, -3.781248760783105123 ) ) ;
#3089 = CARTESIAN_POINT ( 'NONE',  ( 5.196547526849473186, -37.68229530133336169, -7.348670275152219489 ) ) ;
#3090 = ORIENTED_EDGE ( 'NONE', *, *, #3468, .T. ) ;
#3091 = CARTESIAN_POINT ( 'NONE',  ( 183.0705093214963597, -9.999999999999996447, 28.88037839950205310 ) ) ;
#3092 = CARTESIAN_POINT ( 'NONE',  ( 14.14778666441027966, -25.86098040911295115, -36.69781041271787814 ) ) ;
#3093 = CARTESIAN_POINT ( 'NONE',  ( -5.508001701973160635, -41.96944799637174839, 0.3062754896139460170 ) ) ;
#3094 = CARTESIAN_POINT ( 'NONE',  ( 7.315454677141677742, -41.95294391132912182, -5.250735323842106617 ) ) ;
#3095 = CARTESIAN_POINT ( 'NONE',  ( 151.1001685884808410, -6.042206017375336025, -81.61886869998335214 ) ) ;
#3096 = ORIENTED_EDGE ( 'NONE', *, *, #1798, .T. ) ;
#3097 = CARTESIAN_POINT ( 'NONE',  ( -8.763088628719737372, -38.20003885227365714, -2.056798720933066704 ) ) ;
#3098 = CARTESIAN_POINT ( 'NONE',  ( -18.00000000000000000, -34.34959553575265545, -21.81000826438560125 ) ) ;
#3099 = CARTESIAN_POINT ( 'NONE',  ( 8.597185046930299279, -37.31690976080803068, 9.788210284652988591 ) ) ;
#3100 = CARTESIAN_POINT ( 'NONE',  ( 5.507993753922509228, -41.96795358764840245, 1.124072784890854049 ) ) ;
#3101 = CARTESIAN_POINT ( 'NONE',  ( 5.619215311215495667, -37.72380573129209580, 7.031899549053657772 ) ) ;
#3102 = CARTESIAN_POINT ( 'NONE',  ( 3.671993753950935080, -41.88114169236509809, 1.124062582745533945 ) ) ;
#3103 = EDGE_CURVE ( 'NONE', #3007, #115, #1593, .T. ) ;
#3104 = CARTESIAN_POINT ( 'NONE',  ( 7.343988453265270167, -42.08122616298214780, 2.077995540172650202 ) ) ;
#3105 = ORIENTED_EDGE ( 'NONE', *, *, #4886, .F. ) ;
#3106 = CARTESIAN_POINT ( 'NONE',  ( 9.801413753031976483, -6.042206017375217009, 70.38832998266948948 ) ) ;
#3107 = CARTESIAN_POINT ( 'NONE',  ( 15.88085518370069593, -35.91854947957717314, 27.77902221316696085 ) ) ;
#3108 = CARTESIAN_POINT ( 'NONE',  ( 15.61710244195939445, -35.33119560152650962, -28.99660938265333954 ) ) ;
#3109 = VERTEX_POINT ( 'NONE', #5656 ) ;
#3110 = CARTESIAN_POINT ( 'NONE',  ( 8.999987150092644939, -38.30413965686235400, 0.01520848997226540572 ) ) ;
#3111 = CARTESIAN_POINT ( 'NONE',  ( 15.42767615729370334, -34.90910123201071258, 29.86915346484464706 ) ) ;
#3112 = CARTESIAN_POINT ( 'NONE',  ( -3.981356381144131262, -41.62033499357906408, 8.076976665265462429 ) ) ;
#3113 = CARTESIAN_POINT ( 'NONE',  ( 1.465160537693322995, -41.50583853065891304, -8.884901383627102689 ) ) ;
#3114 = CARTESIAN_POINT ( 'NONE',  ( 190.4059769339625063, -6.042206017373019655, 1.510441131475985042E-14 ) ) ;
#3115 = EDGE_CURVE ( 'NONE', #1360, #6531, #369, .T. ) ;
#3116 = CARTESIAN_POINT ( 'NONE',  ( 40.04354083764201278, -50.78462308660629532, 26.08026258266927400 ) ) ;
#3117 = VERTEX_POINT ( 'NONE', #481 ) ;
#3118 = CARTESIAN_POINT ( 'NONE',  ( 181.1205124361627838, -6.042206017369094795, 28.56098748355245931 ) ) ;
#3119 = AXIS2_PLACEMENT_3D ( 'NONE', #6059, #1269, #6550 ) ;
#3120 = CARTESIAN_POINT ( 'NONE',  ( -5.018481952294007620, -37.66596236339489678, 7.476653467195062852 ) ) ;
#3121 = CARTESIAN_POINT ( 'NONE',  ( 3.877235898472506381, -41.61247407331813974, 8.135110088163409969 ) ) ;
#3122 = DIRECTION ( 'NONE',  ( 0.000000000000000000, -1.000000000000000000, 0.000000000000000000 ) ) ;
#3123 = CARTESIAN_POINT ( 'NONE',  ( 17.39339173717827691, -39.41591890604728832, -18.51160461027966875 ) ) ;
#3124 = CARTESIAN_POINT ( 'NONE',  ( 10.66478669031755366, -37.67955381834919848, 7.369884176765643780 ) ) ;
#3125 = CARTESIAN_POINT ( 'NONE',  ( -8.927904963373626046, -42.25694665472950362, -1.175111676251992421 ) ) ;
#3126 = CARTESIAN_POINT ( 'NONE',  ( -5.507970490038629485, -41.83478244410004976, -5.310691334286230081 ) ) ;
#3127 = CARTESIAN_POINT ( 'NONE',  ( 6.419810044523909909, -37.81364222698690014, -6.307664678550140458 ) ) ;
#3128 = CARTESIAN_POINT ( 'NONE',  ( 4.706330691472897954, -13.84210911493775420, 53.64005440864175256 ) ) ;
#3129 = CARTESIAN_POINT ( 'NONE',  ( 12.37459413054157942, -22.41455991224600552, -40.87836906866203179 ) ) ;
#3130 = CARTESIAN_POINT ( 'NONE',  ( 17.78528318906844774, -33.42287354489378259, 23.57091827798349115 ) ) ;
#3131 = CARTESIAN_POINT ( 'NONE',  ( -3.671998865237520171, -41.88910478152794781, -0.2042244683239249903 ) ) ;
#3132 = CARTESIAN_POINT ( 'NONE',  ( 6.370339373702754493, -41.83467294005808412, -6.357585089893281527 ) ) ;
#3133 = CARTESIAN_POINT ( 'NONE',  ( -12.62823444666966211, -38.13260285131427452, 3.023971869605430296 ) ) ;
#3134 = ORIENTED_EDGE ( 'NONE', *, *, #3005, .T. ) ;
#3135 = CARTESIAN_POINT ( 'NONE',  ( -8.999999999658850669, -38.28178386090696250, -0.5954889292931463407 ) ) ;
#3136 = CARTESIAN_POINT ( 'NONE',  ( -18.00000000000000000, -6.042206017372979687, 53.98290812280559692 ) ) ;
#3137 = CARTESIAN_POINT ( 'NONE',  ( -8.956653723830617864, -42.27084698045744915, 0.8822514256083513473 ) ) ;
#3138 = CARTESIAN_POINT ( 'NONE',  ( -3.672016847192949740, -41.84322007454385073, 3.031846880437194969 ) ) ;
#3139 = CARTESIAN_POINT ( 'NONE',  ( -8.148222086678126530, -38.06752097807753188, 3.833150010397381013 ) ) ;
#3140 = CARTESIAN_POINT ( 'NONE',  ( -3.672021011412390123, -41.81617290905060003, 3.781248760783105123 ) ) ;
#3141 = EDGE_CURVE ( 'NONE', #5198, #4098, #6336, .T. ) ;
#3142 = CARTESIAN_POINT ( 'NONE',  ( -5.508029509790809186, -41.83478860845939806, 5.310630121414299687 ) ) ;
#3143 = ORIENTED_EDGE ( 'NONE', *, *, #3511, .F. ) ;
#3144 = CARTESIAN_POINT ( 'NONE',  ( 52.45865787259731405, -6.042206017375217897, 98.33526652876562935 ) ) ;
#3145 = CARTESIAN_POINT ( 'NONE',  ( 14.38249043538284333, -32.65463862767795433, 33.86968732722673536 ) ) ;
#3146 = CARTESIAN_POINT ( 'NONE',  ( 15.95807773963913867, -36.09183070586581010, -27.40574390281551231 ) ) ;
#3147 = AXIS2_PLACEMENT_3D ( 'NONE', #5726, #444, #4392 ) ;
#3148 = EDGE_CURVE ( 'NONE', #7142, #1844, #3427, .T. ) ;
#3149 = DIRECTION ( 'NONE',  ( 3.074555195481525416E-16, 1.000000000000000000, -5.078222490274110485E-16 ) ) ;
#3150 = CARTESIAN_POINT ( 'NONE',  ( 8.323817640727634526, -20.63285671401103016, 48.18823090778901275 ) ) ;
#3151 = CARTESIAN_POINT ( 'NONE',  ( 8.856036636407253582, -42.23367245003612425, 1.610322157286325551 ) ) ;
#3152 = CARTESIAN_POINT ( 'NONE',  ( 6.152739420239996093, -41.80995600634835085, -6.575047172239982807 ) ) ;
#3153 = PLANE ( 'NONE',  #2692 ) ;
#3154 = CARTESIAN_POINT ( 'NONE',  ( 172.6772380009927872, -20.95902901126089901, 50.96345004025746306 ) ) ;
#3155 = ORIENTED_EDGE ( 'NONE', *, *, #6612, .T. ) ;
#3156 = CARTESIAN_POINT ( 'NONE',  ( 8.534400988316946268, -42.15507621914929359, 2.861432402283114573 ) ) ;
#3157 =( NAMED_UNIT ( * ) SI_UNIT ( $, .STERADIAN. ) SOLID_ANGLE_UNIT ( ) );
#3158 = B_SPLINE_CURVE_WITH_KNOTS ( 'NONE', 3,
 ( #2992, #1235, #3562, #5908 ),
 .UNSPECIFIED., .F., .F.,
 ( 4, 4 ),
 ( 2.783818948945474540E-15, 0.005208215192949714779 ),
 .UNSPECIFIED. ) ;
#3159 = EDGE_CURVE ( 'NONE', #6495, #1250, #2191, .T. ) ;
#3160 = CARTESIAN_POINT ( 'NONE',  ( -8.797650432521686881, -38.20985594443612854, 1.897726394802270677 ) ) ;
#3161 = CARTESIAN_POINT ( 'NONE',  ( 8.855196199915070565, -42.23343727960932625, 1.614440789648191155 ) ) ;
#3162 = CARTESIAN_POINT ( 'NONE',  ( 185.3328331859785010, -6.042206017371049676, 1.211577774917876053E-14 ) ) ;
#3163 = CARTESIAN_POINT ( 'NONE',  ( 11.83792578777785742, -37.91826114260355496, 5.389237410283527652 ) ) ;
#3164 = CARTESIAN_POINT ( 'NONE',  ( 11.63501412891283060, -37.87923982393881062, 5.745749677028952895 ) ) ;
#3165 = CARTESIAN_POINT ( 'NONE',  ( -3.369731226593762230, -38.31026286157670313, 12.66993018226392032 ) ) ;
#3166 = CARTESIAN_POINT ( 'NONE',  ( 173.4623590920640481, -7.369671591207459294, 55.00894741878956040 ) ) ;
#3167 = CARTESIAN_POINT ( 'NONE',  ( 8.076773241318095486, -38.05484681405614822, -3.981434291925767255 ) ) ;
#3168 = CYLINDRICAL_SURFACE ( 'NONE', #2774, 12.74500000000000632 ) ;
#3169 = AXIS2_PLACEMENT_3D ( 'NONE', #1541, #2035, #2645 ) ;
#3170 = CARTESIAN_POINT ( 'NONE',  ( -10.97311852334446591, -38.30789615478200716, 0.08332572360110071519 ) ) ;
#3171 = CARTESIAN_POINT ( 'NONE',  ( 19.80244648021076870, -37.90130432380735925, 5.660359114249199131 ) ) ;
#3172 = CIRCLE ( 'NONE', #3528, 13.99999999999999822 ) ;
#3173 = CARTESIAN_POINT ( 'NONE',  ( -3.671998297884704776, -41.89111594106904590, -0.3063265003405630238 ) ) ;
#3174 = CARTESIAN_POINT ( 'NONE',  ( 8.987123848623065570, -42.28767744544484941, -0.4826823535977584623 ) ) ;
#3175 = CARTESIAN_POINT ( 'NONE',  ( -8.829169416623260602, -37.36540124650281314, 9.481013618931706688 ) ) ;
#3176 = ORIENTED_EDGE ( 'NONE', *, *, #2126, .F. ) ;
#3177 = CARTESIAN_POINT ( 'NONE',  ( 3.735102285266219013, -37.56455989839636800, -8.193717424854604303 ) ) ;
#3178 = SHAPE_DEFINITION_REPRESENTATION ( #889, #4690 ) ;
#3179 = CARTESIAN_POINT ( 'NONE',  ( 18.43951683366969974, -34.90192059150370341, 19.56265689845710654 ) ) ;
#3180 = CARTESIAN_POINT ( 'NONE',  ( -7.344001134591909619, -42.10616211114324869, 0.2041632554519854925 ) ) ;
#3181 = CARTESIAN_POINT ( 'NONE',  ( -0.5275406682775855005, -37.44189196100408878, 9.003691521873468773 ) ) ;
#3182 = VECTOR ( 'NONE', #6411, 1000.000000000000000 ) ;
#3183 = CARTESIAN_POINT ( 'NONE',  ( -3.672011546564145412, -41.86434211302900366, 2.077934327300719808 ) ) ;
#3184 = VERTEX_POINT ( 'NONE', #2236 ) ;
#3185 = CARTESIAN_POINT ( 'NONE',  ( 172.0764048403814570, -6.042206017375272076, 59.00376988637493270 ) ) ;
#3186 = CYLINDRICAL_SURFACE ( 'NONE', #5930, 13.00000000000000000 ) ;
#3187 = CARTESIAN_POINT ( 'NONE',  ( 17.22352567536182377, -39.01358609721792448, -19.84184970152826821 ) ) ;
#3188 = CARTESIAN_POINT ( 'NONE',  ( -10.56366543738549879, -38.30105577934650540, 0.09392226278349499746 ) ) ;
#3189 = CARTESIAN_POINT ( 'NONE',  ( 16.54623245511847429, -37.43004554454159205, 24.30004199840484702 ) ) ;
#3190 = CARTESIAN_POINT ( 'NONE',  ( 4.763383061830489318, -41.67833587249094052, 7.641786559979114379 ) ) ;
#3191 = CARTESIAN_POINT ( 'NONE',  ( 8.853630442182019777, -42.23287178636572747, -1.623237462677367571 ) ) ;
#3192 = CARTESIAN_POINT ( 'NONE',  ( -0.9323688128199322245, -20.95902901126089901, 49.13341423743467118 ) ) ;
#3193 = ORIENTED_EDGE ( 'NONE', *, *, #3428, .T. ) ;
#3194 = CARTESIAN_POINT ( 'NONE',  ( 8.850963399862958880, -42.23237527543088987, 1.631793744672061841 ) ) ;
#3195 = SURFACE_STYLE_FILL_AREA ( #6676 ) ;
#3196 = CARTESIAN_POINT ( 'NONE',  ( -7.400709244288103505, -37.94517971059287476, 5.121597807642143785 ) ) ;
#3197 = CARTESIAN_POINT ( 'NONE',  ( -18.00000000000000000, -38.09024766049640220, 5.834977158582500323 ) ) ;
#3198 = CARTESIAN_POINT ( 'NONE',  ( 99.14499999999999602, -63.39640923772800818, 1.544179419989875053E-15 ) ) ;
#3199 = DIRECTION ( 'NONE',  ( 0.000000000000000000, 1.000000000000000000, 0.000000000000000000 ) ) ;
#3200 = CARTESIAN_POINT ( 'NONE',  ( -18.00000000000000000, -15.84325058705650058, 47.33309916941549744 ) ) ;
#3201 = EDGE_CURVE ( 'NONE', #3046, #751, #2565, .T. ) ;
#3202 = ORIENTED_EDGE ( 'NONE', *, *, #6376, .F. ) ;
#3203 = CARTESIAN_POINT ( 'NONE',  ( 5.508051010759869470, -41.58978407722754866, -9.179990731482631006 ) ) ;
#3204 = CARTESIAN_POINT ( 'NONE',  ( -11.51018878249369060, -38.30198186976232932, 0.05472197067475440685 ) ) ;
#3205 = CARTESIAN_POINT ( 'NONE',  ( -12.06508163343885265, -37.97348114495279248, 4.845547133462899225 ) ) ;
#3206 = CARTESIAN_POINT ( 'NONE',  ( 188.4491200447706092, -6.042206017375298721, 20.12157960219370878 ) ) ;
#3207 = CARTESIAN_POINT ( 'NONE',  ( 47.47541654740999206, -6.042206017172830457, 127.4845284881953802 ) ) ;
#3208 = CARTESIAN_POINT ( 'NONE',  ( 7.140281809248411271, -41.92929463086041153, -5.486572177406674022 ) ) ;
#3209 = CARTESIAN_POINT ( 'NONE',  ( -11.60914705300976024, -37.87349449576385751, 5.791058151867142456 ) ) ;
#3210 = ADVANCED_FACE ( 'NONE', ( #2278 ), #5805, .F. ) ;
#3211 = EDGE_LOOP ( 'NONE', ( #2413, #5289, #6342, #1585, #3282, #5188, #818 ) ) ;
#3212 = CARTESIAN_POINT ( 'NONE',  ( -9.000000000000000000, -38.30472699488110777, -1.718667784195345147E-09 ) ) ;
#3213 = PRODUCT ( 'Mold sheet lower', 'Mold sheet lower', '', ( #3214 ) ) ;
#3214 = PRODUCT_CONTEXT ( 'NONE', #6254, 'mechanical' ) ;
#3215 = CARTESIAN_POINT ( 'NONE',  ( -8.992636458767906404, -42.29313918963539720, 0.3714819245865138009 ) ) ;
#3216 = CARTESIAN_POINT ( 'NONE',  ( -7.343999999886289487, -42.08584460751210088, -4.080858129121849476E-05 ) ) ;
#3217 = CARTESIAN_POINT ( 'NONE',  ( -22.00000000000000000, -42.30756013076910449, -5.767085840894440826E-15 ) ) ;
#3218 = CARTESIAN_POINT ( 'NONE',  ( 7.343970490010160113, -41.94464159687049687, 5.310701536431549741 ) ) ;
#3219 = EDGE_LOOP ( 'NONE', ( #7150, #98, #4254, #6149, #7091, #2077 ) ) ;
#3220 = CARTESIAN_POINT ( 'NONE',  ( 105.4042725249940133, -6.042206017375229443, 102.3454092246439018 ) ) ;
#3221 = CARTESIAN_POINT ( 'NONE',  ( -18.00000000000000000, -6.042206017372999227, 53.98290812280559692 ) ) ;
#3222 = CYLINDRICAL_SURFACE ( 'NONE', #5855, 6.000000000000005329 ) ;
#3223 = CARTESIAN_POINT ( 'NONE',  ( 179.8382392356312494, 4.000000000000000000, 56.50214150462253571 ) ) ;
#3224 = CARTESIAN_POINT ( 'NONE',  ( 11.91809821178163986, -27.60972020768774016, 40.90444500535537031 ) ) ;
#3225 = CARTESIAN_POINT ( 'NONE',  ( 8.980863916453035500, -42.28337929620295910, 0.5991224932251438817 ) ) ;
#3226 = CARTESIAN_POINT ( 'NONE',  ( -4.760080443258429383, -41.67843493142062528, -7.639631078105650452 ) ) ;
#3227 = CARTESIAN_POINT ( 'NONE',  ( 86.40000000000000568, -58.25464714294840007, 0.000000000000000000 ) ) ;
#3228 = CARTESIAN_POINT ( 'NONE',  ( 128.8485295163892204, -33.22972007004630512, 73.62341040694580840 ) ) ;
#3229 = ORIENTED_EDGE ( 'NONE', *, *, #4227, .T. ) ;
#3230 = CARTESIAN_POINT ( 'NONE',  ( -12.99553091679957895, -38.31026187940302208, 0.0001336912975863206211 ) ) ;
#3231 = CARTESIAN_POINT ( 'NONE',  ( -4.506785025969413105, -41.65634213988825962, 7.812882558016136514 ) ) ;
#3232 = CIRCLE ( 'NONE', #2859, 13.99999999999999822 ) ;
#3233 = CARTESIAN_POINT ( 'NONE',  ( -8.881950006354143667, -38.23607148872756056, 1.454744673677723199 ) ) ;
#3234 = CARTESIAN_POINT ( 'NONE',  ( -10.03036517604985356, -38.30041327302686227, 0.1101096365820854323 ) ) ;
#3235 = CARTESIAN_POINT ( 'NONE',  ( 17.60889374116492334, -39.92737457885508690, -16.67036899129163885 ) ) ;
#3236 = CARTESIAN_POINT ( 'NONE',  ( -4.535693671607009314, -36.87871808804201379, 12.12718643671883534 ) ) ;
#3237 = CARTESIAN_POINT ( 'NONE',  ( -2.340088531522107385, -41.53130319205884291, -8.710612810355510049 ) ) ;
#3238 = AXIS2_PLACEMENT_3D ( 'NONE', #1803, #3482, #2330 ) ;
#3239 = VERTEX_POINT ( 'NONE', #96 ) ;
#3240 = AXIS2_PLACEMENT_3D ( 'NONE', #6096, #5633, #275 ) ;
#3241 = CARTESIAN_POINT ( 'NONE',  ( 3.800828292833609322E-05, -41.59064680588684837, -6.840052290626779552 ) ) ;
#3242 = CARTESIAN_POINT ( 'NONE',  ( 179.8382392356312494, -6.042206017375283622, 42.50214150462253571 ) ) ;
#3243 = PLANE ( 'NONE',  #2531 ) ;
#3244 = CARTESIAN_POINT ( 'NONE',  ( 226.6457644257074833, 4.000000000000000000, 137.9613978004090882 ) ) ;
#3245 = EDGE_CURVE ( 'NONE', #4080, #5120, #3655, .T. ) ;
#3246 = CARTESIAN_POINT ( 'NONE',  ( -12.69257573279303131, 10.00000000000000000, -70.16455915774984931 ) ) ;
#3247 = CARTESIAN_POINT ( 'NONE',  ( -4.349351072615955438, -41.64531798419383790, -7.901198085674529636 ) ) ;
#3248 = CARTESIAN_POINT ( 'NONE',  ( -2.085039218719965337, -36.74423809750319236, 12.76871280136123055 ) ) ;
#3249 = VERTEX_POINT ( 'NONE', #24 ) ;
#3250 = CARTESIAN_POINT ( 'NONE',  ( -3.709229644992686925, -37.56285541153319940, -8.205419755512952662 ) ) ;
#3251 = EDGE_CURVE ( 'NONE', #486, #127, #1211, .T. ) ;
#3252 = CARTESIAN_POINT ( 'NONE',  ( -7.343996594065659522, -42.11401773308335095, -0.6129596094384109906 ) ) ;
#3253 = CARTESIAN_POINT ( 'NONE',  ( 0.5851226219966385589, -41.49092440191354569, -8.985920722101512936 ) ) ;
#3254 = CARTESIAN_POINT ( 'NONE',  ( -5.508016847164520335, -41.92984125614904656, 3.031836678291874865 ) ) ;
#3255 = ORIENTED_EDGE ( 'NONE', *, *, #5925, .F. ) ;
#3256 = CARTESIAN_POINT ( 'NONE',  ( 46.41210468299909309, -6.042206017375213456, 96.10803690123042031 ) ) ;
#3257 = CARTESIAN_POINT ( 'NONE',  ( 86.40000000000000568, -10.00000000000000000, 6.451044764902841457E-15 ) ) ;
#3258 = FACE_OUTER_BOUND ( 'NONE', #3430, .T. ) ;
#3259 = CARTESIAN_POINT ( 'NONE',  ( 3.493117819993507123, -6.042206017369079696, 53.98290812280665563 ) ) ;
#3260 = CARTESIAN_POINT ( 'NONE',  ( 6.035211359375683315, -16.31959894983803494, 51.79807083539076018 ) ) ;
#3261 = LINE ( 'NONE', #7239, #6172 ) ;
#3262 = CARTESIAN_POINT ( 'NONE',  ( 190.4059769339610000, -6.042206017375310267, -1.387778780781442047E-14 ) ) ;
#3263 = LINE ( 'NONE', #2687, #1159 ) ;
#3264 = EDGE_LOOP ( 'NONE', ( #5569, #2641 ) ) ;
#3265 = CARTESIAN_POINT ( 'NONE',  ( 8.957708284096073115, -42.27135563044536326, 0.8714784952687962827 ) ) ;
#3266 = CARTESIAN_POINT ( 'NONE',  ( 7.318597175337655969, -41.95370573312493434, 5.240277724152077710 ) ) ;
#3267 = B_SPLINE_CURVE_WITH_KNOTS ( 'NONE', 3,
 ( #5382, #4722, #4683, #1174, #3575, #598, #5847, #5960, #5274, #637, #2970, #3502, #25, #7012, #3006, #5346, #2467, #673, #5309, #1787, #4234, #3613, #4799, #2391, #4155, #1249, #97, #2428, #1862, #1288, #709, #7128, #1903, #6568, #1976, #3237, #2510, #4418, #3272, #3693, #2622, #3772, #4843, #4380, #6607, #6681, #4923, #790, #2548, #7251, #4885, #5503, #3125, #176, #7213, #4310, #2587, #5575 ),
 .UNSPECIFIED., .F., .F.,
 ( 4, 2, 2, 2, 2, 2, 2, 2, 2, 2, 2, 2, 2, 2, 2, 2, 2, 2, 2, 2, 2, 2, 2, 2, 2, 2, 2, 2, 4 ),
 ( 0.000000000000000000, 0.01562499999999999653, 0.03124999999999999306, 0.04687499999999998612, 0.06249999999999998612, 0.09374999999999997224, 0.1249999999999999722, 0.1562499999999999722, 0.1874999999999999445, 0.2500000000000000555, 0.3125000000000001665, 0.3750000000000002220, 0.4062500000000001665, 0.4375000000000001110, 0.4687500000000000555, 0.5000000000000000000, 0.5312500000000000000, 0.5625000000000000000, 0.6249999999999998890, 0.6874999999999997780, 0.7499999999999996669, 0.7812499999999995559, 0.8124999999999995559, 0.8437499999999995559, 0.8749999999999995559, 0.9374999999999996669, 0.9687499999999997780, 0.9843749999999998890, 1.000000000000000000 ),
 .UNSPECIFIED. ) ;
#3268 = CARTESIAN_POINT ( 'NONE',  ( -8.234893571945207214, -38.08416624341531076, 3.631517061484709874 ) ) ;
#3269 = CARTESIAN_POINT ( 'NONE',  ( -12.99864817594080080, -38.30611261494834707, 0.03755347317486755487 ) ) ;
#3270 = DIRECTION ( 'NONE',  ( -0.000000000000000000, -1.000000000000000000, -0.000000000000000000 ) ) ;
#3271 = CARTESIAN_POINT ( 'NONE',  ( -7.343970490010189422, -41.94464159680104842, -5.310701536431549741 ) ) ;
#3272 = CARTESIAN_POINT ( 'NONE',  ( -4.515587319090279550, -41.65710094540368402, -7.807485423753369957 ) ) ;
#3273 = ORIENTED_EDGE ( 'NONE', *, *, #1842, .T. ) ;
#3274 = FACE_OUTER_BOUND ( 'NONE', #4803, .T. ) ;
#3275 = CARTESIAN_POINT ( 'NONE',  ( -8.949875829673084482, -38.25592695634315987, -1.117241383075197714 ) ) ;
#3276 = DIRECTION ( 'NONE',  ( 0.000000000000000000, 1.000000000000000000, 0.000000000000000000 ) ) ;
#3277 = LINE ( 'NONE', #3244, #1459 ) ;
#3278 = CARTESIAN_POINT ( 'NONE',  ( 18.43951683366974592, -34.90192059150380288, 19.56265689845678324 ) ) ;
#3279 = ADVANCED_FACE ( 'NONE', ( #1324 ), #4078, .T. ) ;
#3280 = CARTESIAN_POINT ( 'NONE',  ( -7.338750820719552870, -41.95626886563181301, -5.210780766754825599 ) ) ;
#3281 = CARTESIAN_POINT ( 'NONE',  ( 185.3328331859785010, -6.042206017371060334, 1.387778780781449935E-14 ) ) ;
#3282 = ORIENTED_EDGE ( 'NONE', *, *, #5505, .T. ) ;
#3283 = CARTESIAN_POINT ( 'NONE',  ( 5.507957657444329413, -41.69805266500074481, 7.620072579493349707 ) ) ;
#3284 = ADVANCED_FACE ( 'NONE', ( #3004 ), #5885, .T. ) ;
#3285 = CARTESIAN_POINT ( 'NONE',  ( 19.92775606846375780, -38.48506133258187845, -132.9444878630724531 ) ) ;
#3286 = DIRECTION ( 'NONE',  ( 1.000000000000000000, 0.000000000000000000, 0.000000000000000000 ) ) ;
#3287 = EDGE_LOOP ( 'NONE', ( #4785, #4466, #5659, #579 ) ) ;
#3288 = CARTESIAN_POINT ( 'NONE',  ( 5.508001701973130437, -41.96944799685734750, -0.3062754896139545102 ) ) ;
#3289 = CARTESIAN_POINT ( 'NONE',  ( -8.881265452336498001, -42.24139308932330295, -1.465025030935598993 ) ) ;
#3290 = CARTESIAN_POINT ( 'NONE',  ( -7.343998297827839750, -42.11316998251304966, -0.3063469046312060073 ) ) ;
#3291 = EDGE_CURVE ( 'NONE', #6395, #5811, #1822, .T. ) ;
#3292 = ORIENTED_EDGE ( 'NONE', *, *, #910, .T. ) ;
#3293 = CARTESIAN_POINT ( 'NONE',  ( 179.0824426214855123, -13.94371515320779942, 1.135032566935603862E-14 ) ) ;
#3294 = DIRECTION ( 'NONE',  ( 0.000000000000000000, 1.000000000000000000, 0.000000000000000000 ) ) ;
#3295 = DIRECTION ( 'NONE',  ( 1.000000000000000000, 0.000000000000000000, 0.000000000000000000 ) ) ;
#3296 = CARTESIAN_POINT ( 'NONE',  ( -9.000000000000007105, -40.97264965553067384, 3.776366464804039648E-14 ) ) ;
#3297 = CARTESIAN_POINT ( 'NONE',  ( 86.39999999999983515, -9.999999999999985789, 7.233246803605738372E-15 ) ) ;
#3298 = CARTESIAN_POINT ( 'NONE',  ( -7.052443890609757737, -41.91781713252828467, -5.593453800063924675 ) ) ;
#3299 = CARTESIAN_POINT ( 'NONE',  ( 189.9692635283527977, -6.042206017375314708, -11.00723376656934605 ) ) ;
#3300 = CARTESIAN_POINT ( 'NONE',  ( 103.1449999999999960, -58.93658393131480011, 1.387778780781445991E-14 ) ) ;
#3301 = ORIENTED_EDGE ( 'NONE', *, *, #4084, .F. ) ;
#3302 = CARTESIAN_POINT ( 'NONE',  ( 8.956797297538775737, -42.27091592224530814, 0.8807972746445679180 ) ) ;
#3303 = CARTESIAN_POINT ( 'NONE',  ( 2.336810319214444043, -41.53332240738808423, 8.696428671299484492 ) ) ;
#3304 = AXIS2_PLACEMENT_3D ( 'NONE', #2316, #6455, #4646 ) ;
#3305 = CARTESIAN_POINT ( 'NONE',  ( 3.476951393961602133, -37.54874883303978095, -8.301257844783167528 ) ) ;
#3306 = CARTESIAN_POINT ( 'NONE',  ( 20.36082540615130299, -23.68619686104764810, 39.70994965335955840 ) ) ;
#3307 = CARTESIAN_POINT ( 'NONE',  ( 8.522541285252076548, -21.01075327898564638, -47.84651888462025937 ) ) ;
#3308 = CARTESIAN_POINT ( 'NONE',  ( -3.671993753950965278, -41.88114169208939330, -1.124062582745539940 ) ) ;
#3309 = CARTESIAN_POINT ( 'NONE',  ( 73.65500000000000114, -63.39640923772800818, -3.121624691026614877E-15 ) ) ;
#3310 = ORIENTED_EDGE ( 'NONE', *, *, #4980, .T. ) ;
#3311 = CARTESIAN_POINT ( 'NONE',  ( 185.3328331859785010, -6.042206017371060334, 1.387778780781449935E-14 ) ) ;
#3312 = CARTESIAN_POINT ( 'NONE',  ( 3.492685019654689249, -37.54971953113081184, -8.294650333499618000 ) ) ;
#3313 = CARTESIAN_POINT ( 'NONE',  ( 40.60360956192334214, -50.78462308660646585, -91.59278087615335551 ) ) ;
#3314 = CARTESIAN_POINT ( 'NONE',  ( 190.4059769339610000, -6.042206017375310267, -1.387778780781442047E-14 ) ) ;
#3315 = DIRECTION ( 'NONE',  ( 0.000000000000000000, 0.000000000000000000, 1.000000000000000000 ) ) ;
#3316 = CARTESIAN_POINT ( 'NONE',  ( -6.309612667096184069, -41.82778858856597282, -6.417916460570240567 ) ) ;
#3317 = CARTESIAN_POINT ( 'NONE',  ( 1.172641220725809230, -41.49943601709804142, -8.928265149332601069 ) ) ;
#3318 = VERTEX_POINT ( 'NONE', #2352 ) ;
#3319 = AXIS2_PLACEMENT_3D ( 'NONE', #3010, #714, #1373 ) ;
#3320 = CARTESIAN_POINT ( 'NONE',  ( 7.343953323228490149, -41.74792629672320032, 8.400072464069278766 ) ) ;
#3321 = CARTESIAN_POINT ( 'NONE',  ( -5.508001701973160635, -41.96944799637174839, 0.3062754896139460170 ) ) ;
#3322 = CARTESIAN_POINT ( 'NONE',  ( -8.995423483502539952, -42.29504149100915100, -0.3038504696081742451 ) ) ;
#3323 = CARTESIAN_POINT ( 'NONE',  ( 5.507999999914679812, -41.99430005132509791, 3.060643596046600169E-05 ) ) ;
#3324 = B_SPLINE_CURVE_WITH_KNOTS ( 'NONE', 3,
 ( #6448, #3078, #1894, #91, #5303, #1361, #4716, #3534, #7121, #4226, #1320, #6561, #7043, #2540, #4834, #1817, #5340, #629, #5415, #2963, #3034, #4148, #6486, #1856 ),
 .UNSPECIFIED., .F., .F.,
 ( 4, 2, 2, 2, 2, 2, 2, 2, 2, 2, 2, 4 ),
 ( 2.757699474585577736E-19, 0.01874628740132324931, 0.02343285925165405209, 0.02811943110198485835, 0.03749257480264647779, 0.03983586072781186704, 0.04217914665297727017, 0.04686571850330807643, 0.05623886220396968894, 0.06092543405430049519, 0.06561200590463130145, 0.07498514960529290008 ),
 .UNSPECIFIED. ) ;
#3325 = UNCERTAINTY_MEASURE_WITH_UNIT (LENGTH_MEASURE( 1.000000000000000082E-05 ), #1009, 'distance_accuracy_value', 'NONE');
#3326 = VERTEX_POINT ( 'NONE', #7088 ) ;
#3327 = DIRECTION ( 'NONE',  ( 0.000000000000000000, 1.000000000000000000, 0.000000000000000000 ) ) ;
#3328 = CARTESIAN_POINT ( 'NONE',  ( -12.99553091680051509, -38.31026187940302208, 0.0001336912975518972022 ) ) ;
#3329 = DIRECTION ( 'NONE',  ( 0.000000000000000000, 1.000000000000000000, 0.000000000000000000 ) ) ;
#3330 = CARTESIAN_POINT ( 'NONE',  ( 0.4875835940452989958, -6.042206017375319149, -137.7671940876994938 ) ) ;
#3331 = CARTESIAN_POINT ( 'NONE',  ( 2.097331582250950177, -37.48075080418085747, 8.753459525290089971 ) ) ;
#3332 = EDGE_CURVE ( 'NONE', #3997, #6994, #857, .T. ) ;
#3333 = CARTESIAN_POINT ( 'NONE',  ( -10.56084286835865882, -37.65015857889679296, 7.592612098606609017 ) ) ;
#3334 = CARTESIAN_POINT ( 'NONE',  ( -8.942374883029598820, -42.25836121662368328, -1.176041402693638993 ) ) ;
#3335 = CARTESIAN_POINT ( 'NONE',  ( 181.3412373420985091, -6.042206017375328031, -42.82421038511292011 ) ) ;
#3336 = DIRECTION ( 'NONE',  ( -0.03672652268866424125, 5.510199031599038307E-18, 0.9993253536917788837 ) ) ;
#3337 = ORIENTED_EDGE ( 'NONE', *, *, #3570, .F. ) ;
#3338 = CARTESIAN_POINT ( 'NONE',  ( 6.410358645768999608, -41.83922270344919525, 6.317269642388420259 ) ) ;
#3339 = CARTESIAN_POINT ( 'NONE',  ( -1.465160477391627136, -41.50583852936667739, 8.884901392467732251 ) ) ;
#3340 = CARTESIAN_POINT ( 'NONE',  ( 8.999986789893075212, -38.30531978232576051, 0.01542017347368647776 ) ) ;
#3341 = CARTESIAN_POINT ( 'NONE',  ( -18.00000000000000000, -38.31026286157670313, -0.1470188481355378107 ) ) ;
#3342 = EDGE_CURVE ( 'NONE', #62, #5482, #1292, .T. ) ;
#3343 = CARTESIAN_POINT ( 'NONE',  ( 7.460681213881411367, -18.99584991530950262, -49.63763356525446113 ) ) ;
#3344 = CARTESIAN_POINT ( 'NONE',  ( -3.671994890360334995, -41.88319309264450396, -0.9195519099549739339 ) ) ;
#3345 = UNCERTAINTY_MEASURE_WITH_UNIT (LENGTH_MEASURE( 1.000000000000000082E-05 ), #341, 'distance_accuracy_value', 'NONE');
#3346 = VERTEX_POINT ( 'NONE', #6679 ) ;
#3347 = CARTESIAN_POINT ( 'NONE',  ( 54.89384660698920015, -56.13001623236039705, -0.6642926860360910402 ) ) ;
#3348 = CARTESIAN_POINT ( 'NONE',  ( -3.897636403116356618, -37.57431018099795494, -8.127588511178343467 ) ) ;
#3349 = CARTESIAN_POINT ( 'NONE',  ( 117.9131557670225874, -56.13001623236050364, 3.859248534111614838E-15 ) ) ;
#3350 = CARTESIAN_POINT ( 'NONE',  ( -8.976378501123623010, -42.28095693146429568, 0.6516645347176460712 ) ) ;
#3351 = CARTESIAN_POINT ( 'NONE',  ( 168.6581619331846866, -8.719312995565905666, 51.01117278185919446 ) ) ;
#3352 = CARTESIAN_POINT ( 'NONE',  ( 99.06336946624642792, -63.39640923772800818, 1.665842413538528133 ) ) ;
#3353 = CIRCLE ( 'NONE', #4571, 13.99999999999999822 ) ;
#3354 = CARTESIAN_POINT ( 'NONE',  ( -4.379210532124307775, -41.64883197489870525, -7.864226506096886560 ) ) ;
#3355 = VERTEX_POINT ( 'NONE', #3841 ) ;
#3356 = CARTESIAN_POINT ( 'NONE',  ( -1.684724981805610017E-05, -41.75539727404530055, 3.031867284727840062 ) ) ;
#3357 = CARTESIAN_POINT ( 'NONE',  ( -5.507983152664921001, -41.92983744892940479, -3.031897891163809700 ) ) ;
#3358 = CARTESIAN_POINT ( 'NONE',  ( -7.344038008169219367, -41.85265049074519794, 6.840011482045489366 ) ) ;
#3359 = CARTESIAN_POINT ( 'NONE',  ( 1.172851373643122086, -41.49943496707811619, -8.928241869267612429 ) ) ;
#3360 = CARTESIAN_POINT ( 'NONE',  ( 5.508003405735320435, -41.96905124367470563, -0.6128881944211599375 ) ) ;
#3361 = AXIS2_PLACEMENT_3D ( 'NONE', #3631, #690, #2370 ) ;
#3362 = PLANE ( 'NONE',  #2751 ) ;
#3363 = CARTESIAN_POINT ( 'NONE',  ( 226.6457644257074833, -6.042206017375248983, 137.9613978004092019 ) ) ;
#3364 = FACE_OUTER_BOUND ( 'NONE', #1215, .T. ) ;
#3365 = CARTESIAN_POINT ( 'NONE',  ( 190.4059769339629895, -6.042206017373039195, 1.869838746202804954E-14 ) ) ;
#3366 = CARTESIAN_POINT ( 'NONE',  ( -8.020407270729963400, -38.04457771966153956, 4.093871978177928028 ) ) ;
#3367 = CARTESIAN_POINT ( 'NONE',  ( 226.6457644257074833, 4.000000000000000000, -137.7671940876994086 ) ) ;
#3368 = CARTESIAN_POINT ( 'NONE',  ( -17.99999999999999645, -6.042206017372994786, 53.98290812280554718 ) ) ;
#3369 = EDGE_CURVE ( 'NONE', #207, #6198, #3692, .T. ) ;
#3370 = DIRECTION ( 'NONE',  ( -0.000000000000000000, -1.000000000000000000, -0.000000000000000000 ) ) ;
#3371 = DIRECTION ( 'NONE',  ( 0.000000000000000000, 1.000000000000000000, 0.000000000000000000 ) ) ;
#3372 = CARTESIAN_POINT ( 'NONE',  ( 76.33287695441657661, -58.93658393131474327, 16.63981175612601149 ) ) ;
#3373 = ORIENTED_EDGE ( 'NONE', *, *, #3115, .T. ) ;
#3374 = CARTESIAN_POINT ( 'NONE',  ( -3.406454398651731719, -41.58526209715830646, 8.330435835675388034 ) ) ;
#3375 = CARTESIAN_POINT ( 'NONE',  ( 11.25059793071228498, -37.78813396278130199, 6.527270032027212565 ) ) ;
#3376 = EDGE_CURVE ( 'NONE', #302, #7543, #2546, .T. ) ;
#3377 = CARTESIAN_POINT ( 'NONE',  ( -1.901921743327018577, -41.51854192511358832, 8.797994889422083631 ) ) ;
#3378 = CARTESIAN_POINT ( 'NONE',  ( 7.532291305386378255, -37.96529820404990119, -4.926040283071988490 ) ) ;
#3379 = DIRECTION ( 'NONE',  ( 0.000000000000000000, 0.000000000000000000, 1.000000000000000000 ) ) ;
#3380 = CARTESIAN_POINT ( 'NONE',  ( 11.85973825746456889, -27.49346674966539084, -41.04540525057031175 ) ) ;
#3381 = CARTESIAN_POINT ( 'NONE',  ( -7.343996594065659522, -42.11401773308335095, -0.6129596094384109906 ) ) ;
#3382 = CARTESIAN_POINT ( 'NONE',  ( 85.42307960382289878, -13.94371515320613852, 92.67729385790640606 ) ) ;
#3383 = VERTEX_POINT ( 'NONE', #5607 ) ;
#3384 = EDGE_CURVE ( 'NONE', #2597, #62, #4378, .T. ) ;
#3385 = CARTESIAN_POINT ( 'NONE',  ( -8.094896881583514059, -38.05822130302560424, -3.935905182364654475 ) ) ;
#3386 = CARTESIAN_POINT ( 'NONE',  ( -22.00000000000000000, -6.042206017373329630, 58.61996200095899212 ) ) ;
#3387 = CARTESIAN_POINT ( 'NONE',  ( -8.960756213525270297, -42.27285970112883717, 0.8397480568329396267 ) ) ;
#3388 = CARTESIAN_POINT ( 'NONE',  ( 4.588764902489034014, -36.88393652881713791, 12.10081358881022240 ) ) ;
#3389 = CARTESIAN_POINT ( 'NONE',  ( 172.5538384989428664, -8.689043034565553825, 54.50437696172012636 ) ) ;
#3390 = CARTESIAN_POINT ( 'NONE',  ( 8.085807884108259458, -42.06940834326483980, -3.996304141141415300 ) ) ;
#3391 = VERTEX_POINT ( 'NONE', #3198 ) ;
#3392 = CARTESIAN_POINT ( 'NONE',  ( 3.671999999943119875, -41.88125511334990136, 2.040429063875279689E-05 ) ) ;
#3393 = ORIENTED_EDGE ( 'NONE', *, *, #2126, .T. ) ;
#3394 = CARTESIAN_POINT ( 'NONE',  ( 5.508029509790779876, -41.83478860876699912, -5.310630121414299687 ) ) ;
#3395 = CARTESIAN_POINT ( 'NONE',  ( -2.101146925415175017E-05, -41.73257342363829991, 3.781269165073744887 ) ) ;
#3396 = CARTESIAN_POINT ( 'NONE',  ( -5.252594475729829959, -41.72030738792415860, -7.314157551165383353 ) ) ;
#3397 = CARTESIAN_POINT ( 'NONE',  ( -7.343999999886289487, -42.08584460751210088, -4.080858129121849476E-05 ) ) ;
#3398 = CARTESIAN_POINT ( 'NONE',  ( -8.766864221545077385, -42.20810047108017926, 2.056420498527924856 ) ) ;
#3399 = CARTESIAN_POINT ( 'NONE',  ( 73.65500000000000114, -63.39640923772800818, -2.064450201827639861E-15 ) ) ;
#3400 = CARTESIAN_POINT ( 'NONE',  ( -9.000000000000007105, -39.63868830290198986, 0.000000000000000000 ) ) ;
#3401 = FACE_BOUND ( 'NONE', #2317, .T. ) ;
#3402 = CARTESIAN_POINT ( 'NONE',  ( 2.520336195268345403, -37.49788340899297623, 8.641235281525679213 ) ) ;
#3403 = CARTESIAN_POINT ( 'NONE',  ( -5.508046676572489808, -41.64574234806979547, 8.400001049052029600 ) ) ;
#3404 = CARTESIAN_POINT ( 'NONE',  ( -9.763718536843523310, -37.50594454944363321, 8.593699854880018307 ) ) ;
#3405 = CARTESIAN_POINT ( 'NONE',  ( 14.14778666441030097, -25.86098040911297957, -36.69781041271784972 ) ) ;
#3406 = CARTESIAN_POINT ( 'NONE',  ( 12.90270100249993668, -38.22519090477588577, 1.716077985511359705 ) ) ;
#3407 = CARTESIAN_POINT ( 'NONE',  ( -12.27045006984481645, -38.03161894441294777, 4.235300149185181162 ) ) ;
#3408 = EDGE_LOOP ( 'NONE', ( #3846, #4203, #5759, #628 ) ) ;
#3409 = CARTESIAN_POINT ( 'NONE',  ( 6.864840444574738854, -41.89344195814379646, 5.821999494500435191 ) ) ;
#3410 = CARTESIAN_POINT ( 'NONE',  ( 9.791407267986377505, -37.50776600526993576, 8.594040018369813794 ) ) ;
#3411 = CARTESIAN_POINT ( 'NONE',  ( 7.877640371337664149, -19.78635463222983759, -48.93983841354743447 ) ) ;
#3412 = CARTESIAN_POINT ( 'NONE',  ( 6.419810044523909909, -37.81364222698690014, -6.307664678550140458 ) ) ;
#3413 = CARTESIAN_POINT ( 'NONE',  ( 180.2713188032443270, -7.086591996747261035, 28.50214150462209162 ) ) ;
#3414 = CARTESIAN_POINT ( 'NONE',  ( 8.128477249453421649, -20.26188487640580504, -48.52027638736766590 ) ) ;
#3415 = CARTESIAN_POINT ( 'NONE',  ( 9.180003405678450079, -42.30370947901290180, -0.6128677901305170650 ) ) ;
#3416 = EDGE_CURVE ( 'NONE', #6230, #947, #1499, .T. ) ;
#3417 = CARTESIAN_POINT ( 'NONE',  ( 190.4059769339609147, -6.042206017375730376, -108.0033952379273643 ) ) ;
#3418 = B_SPLINE_CURVE_WITH_KNOTS ( 'NONE', 3,
 ( #6187, #3166, #1595, #367 ),
 .UNSPECIFIED., .F., .F.,
 ( 4, 4 ),
 ( 3.378988526763615282E-15, 0.005038514492241429055 ),
 .UNSPECIFIED. ) ;
#3419 = ORIENTED_EDGE ( 'NONE', *, *, #1992, .F. ) ;
#3420 = AXIS2_PLACEMENT_3D ( 'NONE', #4710, #2919, #5146 ) ;
#3421 = CARTESIAN_POINT ( 'NONE',  ( -10.78209105369902154, -38.30785244987981031, 0.08148052098807902210 ) ) ;
#3422 = AXIS2_PLACEMENT_3D ( 'NONE', #1823, #5998, #5921 ) ;
#3423 = CYLINDRICAL_SURFACE ( 'NONE', #2671, 16.74499999999999744 ) ;
#3424 = CARTESIAN_POINT ( 'NONE',  ( 69.65500000000015746, -58.93658393131480722, -33.48999999999976040 ) ) ;
#3425 = CARTESIAN_POINT ( 'NONE',  ( -2.302101678614545399, -41.52154692336641517, 8.787637318304504674 ) ) ;
#3426 = CARTESIAN_POINT ( 'NONE',  ( 6.861647359527117906, -37.10311734398569428, 10.97740196900454634 ) ) ;
#3427 = LINE ( 'NONE', #6375, #607 ) ;
#3428 = EDGE_CURVE ( 'NONE', #6852, #6753, #290, .T. ) ;
#3429 = CARTESIAN_POINT ( 'NONE',  ( -8.200566042159662672, -42.09076459016103655, -3.719978055766509417 ) ) ;
#3430 = EDGE_LOOP ( 'NONE', ( #1816, #540, #1792, #6736 ) ) ;
#3431 = CARTESIAN_POINT ( 'NONE',  ( -5.508003405735349745, -41.96905124318065106, 0.6128881944211520549 ) ) ;
#3432 = ORIENTED_EDGE ( 'NONE', *, *, #2291, .F. ) ;
#3433 = CARTESIAN_POINT ( 'NONE',  ( 5.508005109497500662, -41.97117035344019342, -0.9195008992283648652 ) ) ;
#3434 = EDGE_CURVE ( 'NONE', #1712, #2917, #4308, .T. ) ;
#3435 = CARTESIAN_POINT ( 'NONE',  ( -5.508029509790809186, -41.83478860845939806, 5.310630121414299687 ) ) ;
#3436 = CARTESIAN_POINT ( 'NONE',  ( 17.20236769625168805, -38.96290265125569618, 20.05592711517616067 ) ) ;
#3437 = CARTESIAN_POINT ( 'NONE',  ( -5.508001134620349681, -41.97551094595849719, 0.2041734575973070120 ) ) ;
#3438 = CARTESIAN_POINT ( 'NONE',  ( -8.085807929643127778, -42.06940835057309158, 3.996304046541648169 ) ) ;
#3439 = CARTESIAN_POINT ( 'NONE',  ( -4.259443137613194708, -6.042206017373009885, -53.98290812280549744 ) ) ;
#3440 = CARTESIAN_POINT ( 'NONE',  ( 6.555357369730598904, -38.31026286157671024, 11.35383235379323175 ) ) ;
#3441 = CARTESIAN_POINT ( 'NONE',  ( 190.4059769339629895, -6.042206017373035642, 208.0119538679257687 ) ) ;
#3442 = CARTESIAN_POINT ( 'NONE',  ( 1.956343467830890859, -37.47574055957453965, 8.786041906348932784 ) ) ;
#3443 = DIRECTION ( 'NONE',  ( 1.000000000000000000, -3.074555195481525416E-16, 1.561327534128339757E-31 ) ) ;
#3444 = FACE_OUTER_BOUND ( 'NONE', #4239, .T. ) ;
#3445 = CARTESIAN_POINT ( 'NONE',  ( 10.95479552364282050, -38.30638237426254733, 0.01622593985723659593 ) ) ;
#3446 = CARTESIAN_POINT ( 'NONE',  ( 171.6944912298133090, -9.999999999999996447, 53.88982645011240180 ) ) ;
#3447 = CARTESIAN_POINT ( 'NONE',  ( -9.715511820993953052, -37.50773578347171622, 8.577197596357629905 ) ) ;
#3448 =( GEOMETRIC_REPRESENTATION_CONTEXT ( 3 ) GLOBAL_UNCERTAINTY_ASSIGNED_CONTEXT ( ( #437 ) ) GLOBAL_UNIT_ASSIGNED_CONTEXT ( ( #6124, #6802, #951 ) ) REPRESENTATION_CONTEXT ( 'NONE', 'WORKASPACE' ) );
#3449 = ORIENTED_EDGE ( 'NONE', *, *, #762, .F. ) ;
#3450 = CARTESIAN_POINT ( 'NONE',  ( 3.544863139464027313, -41.59332715600932318, 8.272572021152516442 ) ) ;
#3451 = CARTESIAN_POINT ( 'NONE',  ( 3.187904222359330131, -11.02620702597604208, 55.57374447502341752 ) ) ;
#3452 = CARTESIAN_POINT ( 'NONE',  ( -22.00000000000000000, -6.042206017373329630, 58.61996200095899212 ) ) ;
#3453 = CARTESIAN_POINT ( 'NONE',  ( 6.382011782499714236, -37.80908641603779330, -6.345868087725703433 ) ) ;
#3454 = CARTESIAN_POINT ( 'NONE',  ( 4.411926104868545195, -13.29509925356846267, -54.02784619797153454 ) ) ;
#3455 = CARTESIAN_POINT ( 'NONE',  ( -8.703392007569084043, -42.19297934752182755, -2.295826569479319623 ) ) ;
#3456 = CARTESIAN_POINT ( 'NONE',  ( 3.672042342413474714, -41.61891558230554722, -7.620021568766739861 ) ) ;
#3457 = CARTESIAN_POINT ( 'NONE',  ( 139.1842759379920551, -47.26221975847412438, 31.17935705876518426 ) ) ;
#3458 = ORIENTED_EDGE ( 'NONE', *, *, #4170, .F. ) ;
#3459 = CARTESIAN_POINT ( 'NONE',  ( -12.51084983702054032, -6.042206017369079696, -2.085489564426569853 ) ) ;
#3460 = CARTESIAN_POINT ( 'NONE',  ( 139.1842759379911740, -47.26221975847450096, 6.464209457277149827E-15 ) ) ;
#3461 = CARTESIAN_POINT ( 'NONE',  ( 159.5718911911924920, -33.22972007004714357, 8.960972233485210097E-15 ) ) ;
#3462 = CARTESIAN_POINT ( 'NONE',  ( -7.558867568691610472, -41.98810925883779532, 4.885336354085222155 ) ) ;
#3463 = CARTESIAN_POINT ( 'NONE',  ( -12.95620185969696792, -38.25498593308080331, 1.138608646564135407 ) ) ;
#3464 = DIRECTION ( 'NONE',  ( 0.000000000000000000, 1.000000000000000000, 0.000000000000000000 ) ) ;
#3465 = CARTESIAN_POINT ( 'NONE',  ( 5.934699940705616683, -41.78666077058888106, -6.772552962138611576 ) ) ;
#3466 = ORIENTED_EDGE ( 'NONE', *, *, #5201, .T. ) ;
#3467 = CARTESIAN_POINT ( 'NONE',  ( -7.344005109469100567, -42.10820935120749198, 0.9194906970830359905 ) ) ;
#3468 = EDGE_CURVE ( 'NONE', #2935, #2346, #4271, .T. ) ;
#3469 = VERTEX_POINT ( 'NONE', #364 ) ;
#3470 = VECTOR ( 'NONE', #6878, 1000.000000000000000 ) ;
#3471 = CARTESIAN_POINT ( 'NONE',  ( 5.508021011383919863, -41.90336651180879102, -3.781238558637785019 ) ) ;
#3472 = CARTESIAN_POINT ( 'NONE',  ( 5.507983152664880144, -41.92983744923065359, 3.031897891163805259 ) ) ;
#3473 = CARTESIAN_POINT ( 'NONE',  ( 8.998812832262723660, -42.30350531116893364, -0.1486703828281172313 ) ) ;
#3474 = CARTESIAN_POINT ( 'NONE',  ( -5.507978988445479729, -41.90336194457290020, -3.781299771509714969 ) ) ;
#3475 = VECTOR ( 'NONE', #6919, 1000.000000000000000 ) ;
#3476 = CARTESIAN_POINT ( 'NONE',  ( 5.948536209081239257, -41.78671642221284799, 6.779652593841117181 ) ) ;
#3477 = LINE ( 'NONE', #6275, #917 ) ;
#3478 = EDGE_CURVE ( 'NONE', #4258, #4482, #4898, .T. ) ;
#3479 = CARTESIAN_POINT ( 'NONE',  ( 12.99998113673914801, -38.31026286157670313, 0.02214597991004834537 ) ) ;
#3480 = CARTESIAN_POINT ( 'NONE',  ( -4.259443137613194708, -6.042206017373009885, 58.61996200337879515 ) ) ;
#3481 = CARTESIAN_POINT ( 'NONE',  ( 73.65499999999991587, -63.39640923772795134, 25.49000000000009081 ) ) ;
#3482 = DIRECTION ( 'NONE',  ( -0.000000000000000000, -1.000000000000000000, -0.000000000000000000 ) ) ;
#3483 = CARTESIAN_POINT ( 'NONE',  ( 226.6457644257074833, 10.00000000000000000, -137.7671940876994086 ) ) ;
#3484 = DIRECTION ( 'NONE',  ( 0.000000000000000000, 1.000000000000000000, 0.000000000000000000 ) ) ;
#3485 = ORIENTED_EDGE ( 'NONE', *, *, #7060, .T. ) ;
#3486 = CARTESIAN_POINT ( 'NONE',  ( 6.377933391401636953, -41.83552123318442284, 6.349964603765656967 ) ) ;
#3487 = CARTESIAN_POINT ( 'NONE',  ( 7.926729335613369010, -37.22093359839783488, 10.33829785620111785 ) ) ;
#3488 = DIRECTION ( 'NONE',  ( 0.000000000000000000, 1.000000000000000000, 0.000000000000000000 ) ) ;
#3489 = EDGE_LOOP ( 'NONE', ( #520, #5237, #1397, #6057 ) ) ;
#3490 = CARTESIAN_POINT ( 'NONE',  ( -8.305878421824115065, -38.09784608393648142, -3.465897630477680291 ) ) ;
#3491 = PLANE ( 'NONE',  #5630 ) ;
#3492 = CARTESIAN_POINT ( 'NONE',  ( -2.950402707485718867, -41.56080007249801156, -8.505049559671700621 ) ) ;
#3493 = CARTESIAN_POINT ( 'NONE',  ( 3.672038008226059969, -41.66660914958405471, -6.840031886336140232 ) ) ;
#3494 = CARTESIAN_POINT ( 'NONE',  ( 19.94252651915554964, -38.48506133258115369, -1.401225119901683858 ) ) ;
#3495 = ORIENTED_EDGE ( 'NONE', *, *, #4818, .F. ) ;
#3496 = CARTESIAN_POINT ( 'NONE',  ( 58.86713063101178278, -50.78462308660629532, 45.50870803222804284 ) ) ;
#3497 = CARTESIAN_POINT ( 'NONE',  ( 172.6772380009915935, -20.95902901126225615, -172.5544760019827208 ) ) ;
#3498 = CARTESIAN_POINT ( 'NONE',  ( 5.902838304845001716, -37.75033865593659499, 6.827421541297991503 ) ) ;
#3499 = CARTESIAN_POINT ( 'NONE',  ( -8.827807761770049666, -42.22561777786323489, 1.752166868672985878 ) ) ;
#3500 = CARTESIAN_POINT ( 'NONE',  ( -2.711848169892704608, -36.76936094281747103, 12.65102668825033660 ) ) ;
#3501 = CARTESIAN_POINT ( 'NONE',  ( 0.4230314733301681063, -36.69427047971006317, 13.00005339788555503 ) ) ;
#3502 = CARTESIAN_POINT ( 'NONE',  ( 8.524461994222720662, -42.15254313985277435, -2.901933036384904518 ) ) ;
#3503 = ORIENTED_EDGE ( 'NONE', *, *, #1477, .T. ) ;
#3504 = CARTESIAN_POINT ( 'NONE',  ( 5.507993753922509228, -41.96795358764840245, 1.124072784890854049 ) ) ;
#3505 = STYLED_ITEM ( 'NONE', ( #2619 ), #2242 ) ;
#3506 = ORIENTED_EDGE ( 'NONE', *, *, #2903, .F. ) ;
#3507 = CARTESIAN_POINT ( 'NONE',  ( 7.344011546507249300, -42.08122902396474529, -2.077913923010084929 ) ) ;
#3508 = CARTESIAN_POINT ( 'NONE',  ( -5.508011546535709790, -41.96222113922765118, 2.077924125155400148 ) ) ;
#3509 = CARTESIAN_POINT ( 'NONE',  ( 0.000000000000000000, -63.39640923772800818, 0.000000000000000000 ) ) ;
#3510 = CARTESIAN_POINT ( 'NONE',  ( 5.508016847164491026, -41.92984125661909900, -3.031836678291880194 ) ) ;
#3511 = EDGE_CURVE ( 'NONE', #1089, #1511, #6642, .T. ) ;
#3512 = CARTESIAN_POINT ( 'NONE',  ( -0.5849126404384324962, -41.49090590668727430, 8.985925208871739400 ) ) ;
#3513 = DIRECTION ( 'NONE',  ( 1.000000000000000000, 0.000000000000000000, 0.000000000000000000 ) ) ;
#3514 = CARTESIAN_POINT ( 'NONE',  ( 179.8382392356312494, -9.999999999999996447, 42.50214150462253571 ) ) ;
#3515 = CARTESIAN_POINT ( 'NONE',  ( 0.4618835974629266761, -36.69455159705139380, 12.99876454710664753 ) ) ;
#3516 = DIRECTION ( 'NONE',  ( 0.000000000000000000, 0.000000000000000000, 1.000000000000000000 ) ) ;
#3517 = DIRECTION ( 'NONE',  ( 0.000000000000000000, -1.000000000000000000, 0.000000000000000000 ) ) ;
#3518 = EDGE_CURVE ( 'NONE', #7180, #6697, #7476, .T. ) ;
#3519 = LINE ( 'NONE', #5288, #6302 ) ;
#3520 = VERTEX_POINT ( 'NONE', #4711 ) ;
#3521 = PLANE ( 'NONE',  #4449 ) ;
#3522 = CARTESIAN_POINT ( 'NONE',  ( 1.888483363630370615, -8.624810942965158489, 57.10702376095436250 ) ) ;
#3523 = FACE_OUTER_BOUND ( 'NONE', #7093, .T. ) ;
#3524 = VECTOR ( 'NONE', #5170, 1000.000000000000000 ) ;
#3525 = ORIENTED_EDGE ( 'NONE', *, *, #7429, .T. ) ;
#3526 = CARTESIAN_POINT ( 'NONE',  ( -5.749163727106287425, -37.73688547624891498, -6.926202237755887836 ) ) ;
#3527 = FILL_AREA_STYLE ('',( #5260 ) ) ;
#3528 = AXIS2_PLACEMENT_3D ( 'NONE', #371, #3925, #2666 ) ;
#3529 = CARTESIAN_POINT ( 'NONE',  ( 12.63879307361331961, -38.31026286157675287, 3.408257511809163809 ) ) ;
#3530 = CARTESIAN_POINT ( 'NONE',  ( -8.988786243318756419, -42.28935717106628545, -0.4491583642122192743 ) ) ;
#3531 = CARTESIAN_POINT ( 'NONE',  ( -5.507948989069539891, -41.58977544978714747, -9.180051944354559623 ) ) ;
#3532 = CARTESIAN_POINT ( 'NONE',  ( 40.04354083764201278, -50.78462308660629532, 26.08026258266927400 ) ) ;
#3533 = ORIENTED_EDGE ( 'NONE', *, *, #1097, .F. ) ;
#3534 = CARTESIAN_POINT ( 'NONE',  ( 15.43503672511399571, -34.91441559882644441, -29.98294484252845038 ) ) ;
#3535 = CARTESIAN_POINT ( 'NONE',  ( 0.000000000000000000, -70.00000000000000000, -137.7671940876994086 ) ) ;
#3536 = CARTESIAN_POINT ( 'NONE',  ( 7.827115286238996994, -38.01195466135912682, 4.445322836296548452 ) ) ;
#3537 = CARTESIAN_POINT ( 'NONE',  ( -5.383077261130935653, -41.73009153696978757, 7.236683523761848313 ) ) ;
#3538 = CARTESIAN_POINT ( 'NONE',  ( 103.1449999999999960, -58.25464714294840007, -1.654001348217600230E-14 ) ) ;
#3539 = DIRECTION ( 'NONE',  ( 0.000000000000000000, 0.000000000000000000, -1.000000000000000000 ) ) ;
#3540 = CARTESIAN_POINT ( 'NONE',  ( -12.99553091679957895, -38.31026187940302208, 0.0001336912975863206211 ) ) ;
#3541 = ORIENTED_EDGE ( 'NONE', *, *, #2686, .T. ) ;
#3542 = CARTESIAN_POINT ( 'NONE',  ( -9.180001134563481102, -42.32169833820390181, 0.2041530533066639730 ) ) ;
#3543 = ORIENTED_EDGE ( 'NONE', *, *, #6013, .F. ) ;
#3544 = CARTESIAN_POINT ( 'NONE',  ( 9.180038008140760653, -41.98503258754269751, -6.840001279900169706 ) ) ;
#3545 = CARTESIAN_POINT ( 'NONE',  ( 9.179993753865641537, -42.28220595406965288, 1.124093189181498031 ) ) ;
#3546 = CARTESIAN_POINT ( 'NONE',  ( 18.03764526497336007, -40.94908700361597198, 12.50909095040608321 ) ) ;
#3547 = CARTESIAN_POINT ( 'NONE',  ( -5.507961991631770360, -41.74730526027870070, -6.840082897062740308 ) ) ;
#3548 = CARTESIAN_POINT ( 'NONE',  ( 7.143003572635961973, -41.92979768204237701, 5.477307611351658778 ) ) ;
#3549 = CARTESIAN_POINT ( 'NONE',  ( -71.46669839058749574, 0.6525979942082335006, -137.7671940876994086 ) ) ;
#3550 = CARTESIAN_POINT ( 'NONE',  ( 9.781504384718965994, -37.50897627873879969, 8.573562958649304733 ) ) ;
#3551 = CARTESIAN_POINT ( 'NONE',  ( 3.671961991660179780, -41.66660398504500051, 6.840072694917419760 ) ) ;
#3552 = CARTESIAN_POINT ( 'NONE',  ( 8.999487585905123765, -38.29269564666306280, 0.3108375285240777552 ) ) ;
#3553 = CYLINDRICAL_SURFACE ( 'NONE', #3845, 14.00000000000000533 ) ;
#3554 = CARTESIAN_POINT ( 'NONE',  ( 40.60360956192334214, -50.78462308660646585, -91.59278087615335551 ) ) ;
#3555 = ORIENTED_EDGE ( 'NONE', *, *, #5060, .F. ) ;
#3556 = CARTESIAN_POINT ( 'NONE',  ( -8.308759366147775438, -42.11083153926460199, 3.458990835052256685 ) ) ;
#3557 = CARTESIAN_POINT ( 'NONE',  ( 15.99288640979168186, -36.17009449052282832, 27.23551199779194576 ) ) ;
#3558 = CARTESIAN_POINT ( 'NONE',  ( 7.759454931306018821, -19.56259817845598548, -49.13510200638841496 ) ) ;
#3559 = EDGE_CURVE ( 'NONE', #5473, #6790, #2738, .T. ) ;
#3560 = CARTESIAN_POINT ( 'NONE',  ( 9.000000000000000000, -42.30661100815935072, 1.084674837264419952E-15 ) ) ;
#3561 = CARTESIAN_POINT ( 'NONE',  ( -3.185843662900007978, -37.53154920948544060, -8.417881220515312179 ) ) ;
#3562 = CARTESIAN_POINT ( 'NONE',  ( 168.6581619331843740, -8.719312995566589564, 51.01117278185866155 ) ) ;
#3563 = CARTESIAN_POINT ( 'NONE',  ( -1.670160028345172076, -38.31026286157675287, 12.93934712255602903 ) ) ;
#3564 = CARTESIAN_POINT ( 'NONE',  ( 94.17623189238899784, -63.39640923772800818, -10.13232571964908679 ) ) ;
#3565 = CARTESIAN_POINT ( 'NONE',  ( 5.508051010759869470, -41.58978407722754866, -9.179990731482631006 ) ) ;
#3566 = CARTESIAN_POINT ( 'NONE',  ( 40.61378573902864986, -50.78462308660630242, -0.9653811709553810072 ) ) ;
#3567 = ORIENTED_EDGE ( 'NONE', *, *, #3416, .F. ) ;
#3568 = LINE ( 'NONE', #782, #1526 ) ;
#3569 = CYLINDRICAL_SURFACE ( 'NONE', #3895, 13.99999999999999822 ) ;
#3570 = EDGE_CURVE ( 'NONE', #7130, #3033, #48, .T. ) ;
#3571 = CARTESIAN_POINT ( 'NONE',  ( 8.999067180102876762, -38.28306499577007571, 0.5596227021246189537 ) ) ;
#3572 = CARTESIAN_POINT ( 'NONE',  ( -8.831597035451173028, -42.22670491144011606, 1.732981152109451806 ) ) ;
#3573 = CARTESIAN_POINT ( 'NONE',  ( -17.60597693396299945, -6.042206017373009885, -5.961328787590949350E-15 ) ) ;
#3574 = CARTESIAN_POINT ( 'NONE',  ( -8.581698961020197913, -37.31464781671481745, 9.801395064261823720 ) ) ;
#3575 = CARTESIAN_POINT ( 'NONE',  ( 8.970754628820118981, -42.27757129229672728, -0.7412536299947501961 ) ) ;
#3576 = ORIENTED_EDGE ( 'NONE', *, *, #7336, .T. ) ;
#3577 = CARTESIAN_POINT ( 'NONE',  ( -5.507998297856270042, -41.96944676484329761, -0.3063367024858845156 ) ) ;
#3578 = B_SPLINE_CURVE_WITH_KNOTS ( 'NONE', 3,
 ( #2016, #6040, #3204, #4802 ),
 .UNSPECIFIED., .F., .F.,
 ( 4, 4 ),
 ( 2.492623433475486954E-05, 0.9999604641525182691 ),
 .UNSPECIFIED. ) ;
#3579 = VERTEX_POINT ( 'NONE', #2921 ) ;
#3580 = CARTESIAN_POINT ( 'NONE',  ( -11.73814137810605374, -38.30723677049618914, 0.06576237071710418214 ) ) ;
#3581 = CARTESIAN_POINT ( 'NONE',  ( 19.81995885809057967, -38.07662755136736621, -5.790870262238857258 ) ) ;
#3582 = CARTESIAN_POINT ( 'NONE',  ( 7.343999999886249519, -42.08584460787654535, 4.080858128201899867E-05 ) ) ;
#3583 = CARTESIAN_POINT ( 'NONE',  ( 16.99417815004564147, -38.47041016481652775, 21.54068907253085996 ) ) ;
#3584 = CARTESIAN_POINT ( 'NONE',  ( 11.33541457917656992, -37.81466214937019288, 6.300427681268140567 ) ) ;
#3585 = CARTESIAN_POINT ( 'NONE',  ( 5.508006245906869935, -41.96795418442000170, -1.124011572018931870 ) ) ;
#3586 =( BOUNDED_CURVE ( )  B_SPLINE_CURVE ( 3, ( #6245, #5670, #458, #7446 ),
 .UNSPECIFIED., .F., .F. ) 
 B_SPLINE_CURVE_WITH_KNOTS ( ( 4, 4 ),
 ( 0.000000000000000000, 0.02886279461168055754 ),
 .UNSPECIFIED. ) 
 CURVE ( )  GEOMETRIC_REPRESENTATION_ITEM ( )  RATIONAL_B_SPLINE_CURVE ( ( 1.000000000000000000, 0.9613480978994692894, 0.9302509150887140477, 0.9067084515677342749 ) ) 
 REPRESENTATION_ITEM ( '' )  );
#3587 = CARTESIAN_POINT ( 'NONE',  ( 8.772566834852190354, -38.20199517297606207, -2.032214269870636247 ) ) ;
#3588 = FACE_OUTER_BOUND ( 'NONE', #1770, .T. ) ;
#3589 = CARTESIAN_POINT ( 'NONE',  ( -4.546305742581190579, -36.86663569043544442, 12.18659466488117715 ) ) ;
#3590 = CARTESIAN_POINT ( 'NONE',  ( 7.343978988417019238, -42.01818542921504473, 3.781309973655029744 ) ) ;
#3591 = CARTESIAN_POINT ( 'NONE',  ( 8.427507496217867100, -38.12162924982569479, 3.172344864147975230 ) ) ;
#3592 = CARTESIAN_POINT ( 'NONE',  ( -5.508051010759899668, -41.58978407742775119, 9.179990731482641664 ) ) ;
#3593 = AXIS2_PLACEMENT_3D ( 'NONE', #428, #7347, #4518 ) ;
#3594 = CARTESIAN_POINT ( 'NONE',  ( 185.0757965686095474, -7.369671591207912265, 29.47754803827803016 ) ) ;
#3595 = EDGE_LOOP ( 'NONE', ( #3781, #7302 ) ) ;
#3596 = CARTESIAN_POINT ( 'NONE',  ( -9.000000000000005329, -42.30661077624259292, 0.06003002407751580755 ) ) ;
#3597 = PLANE ( 'NONE',  #6535 ) ;
#3598 = CARTESIAN_POINT ( 'NONE',  ( 14.34219269681965336, -32.56933376394736257, -34.00843886720646481 ) ) ;
#3599 = ORIENTED_EDGE ( 'NONE', *, *, #3904, .F. ) ;
#3600 = CARTESIAN_POINT ( 'NONE',  ( -2.283816607646299346, -37.48773575297176563, -8.710645363070133484 ) ) ;
#3601 = CARTESIAN_POINT ( 'NONE',  ( -22.00000000000000000, 20.00000000000000000, -39.70645925814061883 ) ) ;
#3602 = CARTESIAN_POINT ( 'NONE',  ( 85.56351804436945940, -63.39640923772800818, -12.74503609769137213 ) ) ;
#3603 = CARTESIAN_POINT ( 'NONE',  ( -7.343957657415930207, -41.80211066434029732, -7.620082781638670255 ) ) ;
#3604 = CARTESIAN_POINT ( 'NONE',  ( 61.88658907630036765, -57.95386985700427118, 13.79130773228020601 ) ) ;
#3605 = EDGE_CURVE ( 'NONE', #62, #5482, #1735, .T. ) ;
#3606 = ORIENTED_EDGE ( 'NONE', *, *, #5351, .F. ) ;
#3607 = CARTESIAN_POINT ( 'NONE',  ( 62.18813599872329689, -57.95386985700420013, -0.5104959647316559268 ) ) ;
#3608 = CARTESIAN_POINT ( 'NONE',  ( 110.6172451890447945, -57.95386985700429960, 2.965757180493044782E-15 ) ) ;
#3609 = CARTESIAN_POINT ( 'NONE',  ( 7.500029183467010085, -37.96020438526173280, 4.974904105732572468 ) ) ;
#3610 = CARTESIAN_POINT ( 'NONE',  ( 6.358410112380612489, -41.83330100657485673, 6.369513769276958115 ) ) ;
#3611 = CARTESIAN_POINT ( 'NONE',  ( 0.7766562861848333998, -6.042206017373010773, -53.98290812280549744 ) ) ;
#3612 = CARTESIAN_POINT ( 'NONE',  ( -71.46669839058749574, 10.00000000000000000, -137.7671940876994086 ) ) ;
#3613 = CARTESIAN_POINT ( 'NONE',  ( 4.507880486045161561, -41.65649265018735292, -7.812102107008334961 ) ) ;
#3614 = EDGE_CURVE ( 'NONE', #947, #6230, #756, .T. ) ;
#3615 = ORIENTED_EDGE ( 'NONE', *, *, #2259, .T. ) ;
#3616 = CARTESIAN_POINT ( 'NONE',  ( 7.344005109469069481, -42.10820935157229883, -0.9194906970830428738 ) ) ;
#3617 = ORIENTED_EDGE ( 'NONE', *, *, #489, .T. ) ;
#3618 = CARTESIAN_POINT ( 'NONE',  ( -10.02614587538480073, -38.30890966331808301, 0.1104147012084207430 ) ) ;
#3619 = CARTESIAN_POINT ( 'NONE',  ( 186.0053216956791289, -6.042206017373009885, 29.93364541595027717 ) ) ;
#3620 = CARTESIAN_POINT ( 'NONE',  ( -9.179999999857850312, -42.33629126074694682, -5.101072661278480033E-05 ) ) ;
#3621 = CARTESIAN_POINT ( 'NONE',  ( 6.717016578315384123, -41.87574964041029091, -5.993276738590111563 ) ) ;
#3622 = CARTESIAN_POINT ( 'NONE',  ( 7.564894589301595751, -37.18901298780652098, 10.50779727916088113 ) ) ;
#3623 = CARTESIAN_POINT ( 'NONE',  ( 3.672042342413474714, -41.61891558230554722, -7.620021568766739861 ) ) ;
#3624 = EDGE_LOOP ( 'NONE', ( #5408, #6068, #2141, #4157 ) ) ;
#3625 = CARTESIAN_POINT ( 'NONE',  ( 1.182004943341202763, -41.49755503321974714, 8.941581233521294081 ) ) ;
#3626 = DIRECTION ( 'NONE',  ( -8.843257074075626778E-15, -9.060714215241421950E-17, 1.000000000000000000 ) ) ;
#3627 = CARTESIAN_POINT ( 'NONE',  ( -6.833168341746704399, -37.08673482342016570, 11.06757564101566693 ) ) ;
#3628 = CARTESIAN_POINT ( 'NONE',  ( -3.672038008226089723, -41.66660914934225701, 6.840031886336140232 ) ) ;
#3629 = CARTESIAN_POINT ( 'NONE',  ( -5.416906142358697274, -37.70113605851895500, 7.210955222646657781 ) ) ;
#3630 = CARTESIAN_POINT ( 'NONE',  ( -12.69257573279303131, 20.00000000000000000, -50.16455915774985641 ) ) ;
#3631 = CARTESIAN_POINT ( 'NONE',  ( 86.39999999999983515, -9.999999999999985789, 7.233246803605738372E-15 ) ) ;
#3632 = ORIENTED_EDGE ( 'NONE', *, *, #5118, .F. ) ;
#3633 = CARTESIAN_POINT ( 'NONE',  ( -8.966104340618544555, -42.27560320622327339, 0.7812492613937006558 ) ) ;
#3634 = CARTESIAN_POINT ( 'NONE',  ( 17.16165057875841882, -38.86752686061910822, 20.29625096350071800 ) ) ;
#3635 = CARTESIAN_POINT ( 'NONE',  ( 170.1723395384229889, -6.042206017369098348, 52.62984524453859336 ) ) ;
#3636 = ORIENTED_EDGE ( 'NONE', *, *, #1932, .T. ) ;
#3637 = CARTESIAN_POINT ( 'NONE',  ( 181.1205124361630681, -6.042206017373009885, 28.56098748355247707 ) ) ;
#3638 = FACE_OUTER_BOUND ( 'NONE', #3673, .T. ) ;
#3639 = CARTESIAN_POINT ( 'NONE',  ( 97.85477020587653385, -63.39640923772801528, -5.650122717616897106 ) ) ;
#3640 = CARTESIAN_POINT ( 'NONE',  ( 226.6457644257074833, -6.042206017375390203, -137.7671940876994086 ) ) ;
#3641 = CARTESIAN_POINT ( 'NONE',  ( 179.0824426214868765, -13.94371515320614918, 54.74696621714786460 ) ) ;
#3642 = ORIENTED_EDGE ( 'NONE', *, *, #3245, .T. ) ;
#3643 = CARTESIAN_POINT ( 'NONE',  ( 179.8382392356312494, -9.999999999999996447, 42.50214150462253571 ) ) ;
#3644 = CARTESIAN_POINT ( 'NONE',  ( 40.60360956192334214, -50.78462308660646585, -91.59278087615335551 ) ) ;
#3645 = CARTESIAN_POINT ( 'NONE',  ( 8.416370021241579735, -38.11982767680161999, 3.189883261990897445 ) ) ;
#3646 = CARTESIAN_POINT ( 'NONE',  ( 7.443472277836708173, -41.97129647651667739, 5.059256613058916940 ) ) ;
#3647 = CARTESIAN_POINT ( 'NONE',  ( -17.60597693396296748, -6.042206017373006333, 208.0119538679257687 ) ) ;
#3648 = EDGE_CURVE ( 'NONE', #4519, #2159, #122, .T. ) ;
#3649 = CARTESIAN_POINT ( 'NONE',  ( 5.759739681950256873, -36.97220077827862639, 11.66218760990942549 ) ) ;
#3650 = CARTESIAN_POINT ( 'NONE',  ( -4.136972431198507216, -36.84966951480380715, 12.26821071375904459 ) ) ;
#3651 = DIRECTION ( 'NONE',  ( 1.000000000000000000, 0.000000000000000000, 0.000000000000000000 ) ) ;
#3652 = VERTEX_POINT ( 'NONE', #7539 ) ;
#3653 = CARTESIAN_POINT ( 'NONE',  ( -9.179978988388608485, -42.16512765732630186, -3.781320175800360506 ) ) ;
#3654 = CARTESIAN_POINT ( 'NONE',  ( 8.348840209453106453, -38.10629401922344073, -3.361311342475876263 ) ) ;
#3655 = B_SPLINE_CURVE_WITH_KNOTS ( 'NONE', 3,
 ( #4681, #4759, #1747, #174 ),
 .UNSPECIFIED., .F., .F.,
 ( 4, 4 ),
 ( 0.000000000000000000, 1.000000000000000000 ),
 .UNSPECIFIED. ) ;
#3656 = ORIENTED_EDGE ( 'NONE', *, *, #1798, .F. ) ;
#3657 = CYLINDRICAL_SURFACE ( 'NONE', #633, 12.74500000000000632 ) ;
#3658 = ADVANCED_FACE ( 'NONE', ( #3638 ), #7037, .T. ) ;
#3659 = CARTESIAN_POINT ( 'NONE',  ( 5.508046676572449840, -41.64574234799879804, -8.400001049052029600 ) ) ;
#3660 = CARTESIAN_POINT ( 'NONE',  ( 9.179998865152189325, -42.32168879929979965, 0.2042550747598805283 ) ) ;
#3661 = CARTESIAN_POINT ( 'NONE',  ( 8.889354730432700080, -42.24445726243027366, -1.408850713939134858 ) ) ;
#3662 = CARTESIAN_POINT ( 'NONE',  ( 57.28863927657150157, -6.042206017375318261, -100.0014010907394635 ) ) ;
#3663 = VERTEX_POINT ( 'NONE', #1812 ) ;
#3664 = CARTESIAN_POINT ( 'NONE',  ( 179.0824426214855123, -13.94371515320779942, 1.135032566935603862E-14 ) ) ;
#3665 = AXIS2_PLACEMENT_3D ( 'NONE', #6883, #3371, #4444 ) ;
#3666 = FACE_OUTER_BOUND ( 'NONE', #5385, .T. ) ;
#3667 = CARTESIAN_POINT ( 'NONE',  ( 11.04421036157615710, -37.74532811802509258, 6.870550764556181633 ) ) ;
#3668 = EDGE_CURVE ( 'NONE', #6285, #3835, #4105, .T. ) ;
#3669 = CARTESIAN_POINT ( 'NONE',  ( 7.343988453265270167, -42.08122616298214780, 2.077995540172650202 ) ) ;
#3670 = CARTESIAN_POINT ( 'NONE',  ( -4.427047060182892402, -37.61531921459764760, 7.837366210450856130 ) ) ;
#3671 = CARTESIAN_POINT ( 'NONE',  ( -7.344006245878469841, -42.10689846302550166, 1.124001369873603773 ) ) ;
#3672 = CARTESIAN_POINT ( 'NONE',  ( -3.800828295466734567E-05, -41.59064680554690341, 6.840052290626779552 ) ) ;
#3673 = EDGE_LOOP ( 'NONE', ( #5550, #5712, #2578, #5444 ) ) ;
#3674 = CARTESIAN_POINT ( 'NONE',  ( -8.435125115340291302, -42.13434331876258199, 3.154498541585108562 ) ) ;
#3675 = CARTESIAN_POINT ( 'NONE',  ( 13.95034235852339499, -31.75092916721063929, 35.26064500667062163 ) ) ;
#3676 = CARTESIAN_POINT ( 'NONE',  ( 15.85367092286541890, -35.85770672467045728, -27.90821211365230425 ) ) ;
#3677 = CARTESIAN_POINT ( 'NONE',  ( -10.99416511527744333, -38.30149877939885528, 0.08272688912107900583 ) ) ;
#3678 = CARTESIAN_POINT ( 'NONE',  ( 17.21857569495887219, -39.00130600328279229, 19.93210539140947901 ) ) ;
#3679 = B_SPLINE_CURVE_WITH_KNOTS ( 'NONE', 2,
 ( #426, #1037, #5709 ),
 .UNSPECIFIED., .F., .F.,
 ( 3, 3 ),
 ( 0.000000000000000000, 1.000000000000000000 ),
 .UNSPECIFIED. ) ;
#3680 = CARTESIAN_POINT ( 'NONE',  ( 5.940749167428559296, -41.78729603274308602, 6.767215317004387387 ) ) ;
#3681 = ADVANCED_FACE ( 'NONE', ( #5297 ), #3491, .F. ) ;
#3682 = FACE_OUTER_BOUND ( 'NONE', #1015, .T. ) ;
#3683 = CARTESIAN_POINT ( 'NONE',  ( 20.34536719873065280, -6.042206017372989457, -53.98290812280549744 ) ) ;
#3684 = CIRCLE ( 'NONE', #3929, 12.74499999999999922 ) ;
#3685 = CARTESIAN_POINT ( 'NONE',  ( 26.92140908143025158, -6.042206017369097459, 98.31135985159349389 ) ) ;
#3686 = VERTEX_POINT ( 'NONE', #86 ) ;
#3687 = CARTESIAN_POINT ( 'NONE',  ( -1.534342775996960340, -6.042206017375280958, -58.61996200337880225 ) ) ;
#3688 = DIRECTION ( 'NONE',  ( 0.000000000000000000, 1.000000000000000000, 0.000000000000000000 ) ) ;
#3689 = CARTESIAN_POINT ( 'NONE',  ( -8.930192393123686401, -38.25505901351876759, 1.119681541988618800 ) ) ;
#3690 = CARTESIAN_POINT ( 'NONE',  ( 6.254206921406203712, -41.82159213041983747, 6.472118277604817393 ) ) ;
#3691 = CARTESIAN_POINT ( 'NONE',  ( 44.62853256534968693, -60.86600650612058416, -2.394222511617829494E-15 ) ) ;
#3692 = LINE ( 'NONE', #1440, #6233 ) ;
#3693 = CARTESIAN_POINT ( 'NONE',  ( -5.495131855302328283, -41.74109146097780609, -7.151976518824918472 ) ) ;
#3694 = CARTESIAN_POINT ( 'NONE',  ( 3.672011546564115214, -41.86434211346455214, -2.077934327300730022 ) ) ;
#3695 = CARTESIAN_POINT ( 'NONE',  ( 179.8382392356312494, 4.000000000000000000, 28.50214150462253571 ) ) ;
#3696 = CARTESIAN_POINT ( 'NONE',  ( 17.78795901344746966, -33.42888436595161039, -23.55568611084972375 ) ) ;
#3697 = CARTESIAN_POINT ( 'NONE',  ( -7.343948989041109598, -41.69036013678054786, -9.180062146499889053 ) ) ;
#3698 = B_SPLINE_CURVE_WITH_KNOTS ( 'NONE', 3,
 ( #4680, #4569, #3463, #1785, #2892, #1132, #2816, #1210, #5804, #5690, #2199, #4042, #1669, #7548, #2931, #3964, #2776, #6938, #445, #1707, #7010, #5232, #557, #4607, #2314, #4076, #4114, #1746, #4644, #6973, #5115, #1634, #1094, #4004, #6410, #1172, #3500, #5845, #595, #5272, #2853, #23, #2351, #6453, #1059, #7428, #2235, #4532, #7510, #6864, #3388, #5727, #5155, #7466, #6902, #6335, #3426, #5765, #5194, #5884, #1860, #1901, #3083, #132, #4231, #4152, #4758, #6035, #6490, #5995, #4797, #5419, #6565, #4839, #635, #6641 ),
 .UNSPECIFIED., .F., .F.,
 ( 4, 1, 1, 2, 2, 1, 2, 2, 2, 2, 2, 2, 2, 1, 2, 2, 2, 2, 2, 1, 2, 2, 2, 2, 2, 2, 2, 2, 2, 2, 1, 2, 2, 2, 2, 2, 2, 2, 2, 2, 4 ),
 ( 0.000000000000000000, 0.03124999999999968775, 0.04687499999999954203, 0.05468749999999947958, 0.06249999999999941713, 0.09374999999999919509, 0.1093749999999990841, 0.1249999999999989730, 0.1874999999999983902, 0.2187499999999981126, 0.2343749999999980571, 0.2499999999999980016, 0.2812499999999979461, 0.2968749999999980016, 0.3046874999999979461, 0.3124999999999979461, 0.3437499999999978906, 0.3749999999999978351, 0.4062499999999978351, 0.4218749999999978351, 0.4296874999999978906, 0.4374999999999978906, 0.4687499999999981681, 0.4999999999999983347, 0.5312499999999985567, 0.5624999999999987788, 0.5937499999999991118, 0.6093749999999991118, 0.6249999999999992228, 0.6562499999999994449, 0.6718749999999996669, 0.6796874999999996669, 0.6874999999999996669, 0.7499999999999997780, 0.7812500000000000000, 0.7968750000000000000, 0.8125000000000001110, 0.8437500000000001110, 0.8750000000000001110, 0.9375000000000001110, 1.000000000000000000 ),
 .UNSPECIFIED. ) ;
#3699 = EDGE_CURVE ( 'NONE', #4354, #1844, #6516, .T. ) ;
#3700 = CARTESIAN_POINT ( 'NONE',  ( -6.245992199551350868E-06, -41.78975016820130151, 1.124042178454889962 ) ) ;
#3701 = CARTESIAN_POINT ( 'NONE',  ( 6.388748024481084364, -41.83680981908648988, -6.339083747697773497 ) ) ;
#3702 = CARTESIAN_POINT ( 'NONE',  ( -6.813981237579772809, -37.09731583527354815, 11.00847307615895687 ) ) ;
#3703 = ORIENTED_EDGE ( 'NONE', *, *, #2241, .T. ) ;
#3704 = EDGE_CURVE ( 'NONE', #5926, #3117, #800, .T. ) ;
#3705 = CARTESIAN_POINT ( 'NONE',  ( -12.53283318597848250, -6.042206017371011484, -197.8656663719569906 ) ) ;
#3706 = CARTESIAN_POINT ( 'NONE',  ( -18.00000000000000000, -26.96475769767874908, 35.57686982298324807 ) ) ;
#3707 = CARTESIAN_POINT ( 'NONE',  ( -8.940946303301737785, -42.26331491166955345, 1.040389536922838198 ) ) ;
#3708 = CARTESIAN_POINT ( 'NONE',  ( -9.180011546478839435, -42.24575990181089935, 2.077903720864755055 ) ) ;
#3709 = CARTESIAN_POINT ( 'NONE',  ( 2.097331582170374631, -37.48075080417886085, 8.753459525302870858 ) ) ;
#3710 = CARTESIAN_POINT ( 'NONE',  ( 3.671994890360305241, -41.88319309293465409, 0.9195519099549659403 ) ) ;
#3712 = ADVANCED_FACE ( 'NONE', ( #317 ), #1570, .F. ) ;
#3711 = CARTESIAN_POINT ( 'NONE',  ( -2.950987610365085034E-05, -41.67149771610429809, 5.310660727850260443 ) ) ;
#3713 = EDGE_LOOP ( 'NONE', ( #3617, #1865, #1908, #7224 ) ) ;
#3714 = CARTESIAN_POINT ( 'NONE',  ( 29.39375032619552641, -6.042206017375213456, 87.01866748046101918 ) ) ;
#3715 = FACE_OUTER_BOUND ( 'NONE', #6942, .T. ) ;
#3716 = CARTESIAN_POINT ( 'NONE',  ( 15.38776788121581340, -34.82502488481265601, -30.00081737827693473 ) ) ;
#3717 = CARTESIAN_POINT ( 'NONE',  ( 8.695003586032559184, -38.18176241066397836, 2.341739087342987080 ) ) ;
#3718 = CARTESIAN_POINT ( 'NONE',  ( 9.512158483904530115, -22.90439920846234756, 46.05088170608801335 ) ) ;
#3719 = EDGE_CURVE ( 'NONE', #7381, #2726, #7541, .T. ) ;
#3720 = VECTOR ( 'NONE', #7451, 1000.000000000000000 ) ;
#3721 = CARTESIAN_POINT ( 'NONE',  ( 8.711811877261609993, -42.19251550245370908, 2.335076802822009245 ) ) ;
#3722 = CARTESIAN_POINT ( 'NONE',  ( 8.766864221549765190, -42.20810047108133745, -2.056420498507852024 ) ) ;
#3723 = CARTESIAN_POINT ( 'NONE',  ( 0.4875835940444300798, -6.042206017373318971, -58.61996200337868146 ) ) ;
#3724 = CARTESIAN_POINT ( 'NONE',  ( 139.1842759379920551, -47.26221975847412438, 31.17935705876518426 ) ) ;
#3725 = ORIENTED_EDGE ( 'NONE', *, *, #5021, .T. ) ;
#3726 = CARTESIAN_POINT ( 'NONE',  ( 8.958742500917569629, -42.27185596867882111, 0.8608270046619524996 ) ) ;
#3727 = CARTESIAN_POINT ( 'NONE',  ( 117.9131557670225163, -56.13001623236052495, -63.02631153404517761 ) ) ;
#3728 = CIRCLE ( 'NONE', #5808, 13.99999999999999822 ) ;
#3729 = CARTESIAN_POINT ( 'NONE',  ( -8.158453751463383696, -38.06989073050993966, 3.801223382647652915 ) ) ;
#3730 = CARTESIAN_POINT ( 'NONE',  ( 8.436596161087116741, -42.13462442713758094, 3.150785670297906460 ) ) ;
#3731 = CARTESIAN_POINT ( 'NONE',  ( 179.0824426214855123, -13.94371515320779942, 1.135032566935603862E-14 ) ) ;
#3732 = CARTESIAN_POINT ( 'NONE',  ( 12.91106183899524851, -38.22379448183227879, 1.739527030179434552 ) ) ;
#3733 = CARTESIAN_POINT ( 'NONE',  ( 10.54092665941037765, -37.65595039494331786, 7.544681156798019650 ) ) ;
#3734 = CARTESIAN_POINT ( 'NONE',  ( 20.36082540615130299, -37.24753809675059557, 11.41428795664992002 ) ) ;
#3735 = CIRCLE ( 'NONE', #1045, 16.74500000000000099 ) ;
#3736 = CARTESIAN_POINT ( 'NONE',  ( -3.671983152693349961, -41.84321739110304605, -3.031887689018485155 ) ) ;
#3737 = CARTESIAN_POINT ( 'NONE',  ( 8.420675104223867891, -38.12074107260836087, -3.178518764641504291 ) ) ;
#3738 = FACE_OUTER_BOUND ( 'NONE', #7014, .T. ) ;
#3739 = CARTESIAN_POINT ( 'NONE',  ( 0.4875835940440632621, -6.042206017373245253, -58.61996200337866725 ) ) ;
#3740 = CARTESIAN_POINT ( 'NONE',  ( 4.716710544639065361, -8.263542936146528461, 52.64180487303517708 ) ) ;
#3741 = CARTESIAN_POINT ( 'NONE',  ( 9.180001134563450904, -42.32169833816494986, -0.2041530533066729935 ) ) ;
#3742 = CARTESIAN_POINT ( 'NONE',  ( 8.992636458841303693, -42.29313990988428174, -0.3714819228107688054 ) ) ;
#3743 = CARTESIAN_POINT ( 'NONE',  ( -12.99864817594080080, -38.30611261494834707, 0.03755347317486655567 ) ) ;
#3744 = EDGE_LOOP ( 'NONE', ( #4389, #6745, #6329, #4637 ) ) ;
#3745 = CARTESIAN_POINT ( 'NONE',  ( -8.691414426198031506, -38.18143633030168616, -2.341463289025250916 ) ) ;
#3746 =( NAMED_UNIT ( * ) SI_UNIT ( $, .STERADIAN. ) SOLID_ANGLE_UNIT ( ) );
#3747 = CARTESIAN_POINT ( 'NONE',  ( -9.000000000000000000, -42.30661100815940046, -7.355114230846949610E-16 ) ) ;
#3748 = CARTESIAN_POINT ( 'NONE',  ( -7.344003405706920340, -42.11401879208690247, 0.6128779922758300636 ) ) ;
#3749 = CARTESIAN_POINT ( 'NONE',  ( 8.969704778572397785, -42.27715226534115800, -0.7497248535406088044 ) ) ;
#3750 = CARTESIAN_POINT ( 'NONE',  ( 7.343996594065629324, -42.11401773343364852, 0.6129596094384029970 ) ) ;
#3751 = ORIENTED_EDGE ( 'NONE', *, *, #5730, .T. ) ;
#3752 = CARTESIAN_POINT ( 'NONE',  ( 168.2565282306636618, -6.042206017375271188, 64.19813898331366886 ) ) ;
#3753 = DIRECTION ( 'NONE',  ( 1.000000000000000000, 0.000000000000000000, 0.000000000000000000 ) ) ;
#3754 = CARTESIAN_POINT ( 'NONE',  ( 10.61790861572062106, -25.04680288741158734, -43.83800576515800174 ) ) ;
#3755 = VECTOR ( 'NONE', #4786, 1000.000000000000000 ) ;
#3756 = CARTESIAN_POINT ( 'NONE',  ( 7.814619542017915421, -38.00801537986771450, 4.503057902346789376 ) ) ;
#3757 = CARTESIAN_POINT ( 'NONE',  ( 17.40998040256705437, -39.45526423214246137, 18.37659830917176862 ) ) ;
#3758 = EDGE_CURVE ( 'NONE', #677, #2917, #3059, .T. ) ;
#3759 = B_SPLINE_SURFACE_WITH_KNOTS ( 'NONE', 3, 1, ( 
 ( #3136, #723 ),
 ( #5936, #3060 ),
 ( #2561, #1874 ),
 ( #3018, #685 ),
 ( #3706, #6542 ),
 ( #7182, #148 ),
 ( #190, #4248 ),
 ( #6049, #1837 ),
 ( #5476, #7144 ),
 ( #228, #5321 ) ),
 .UNSPECIFIED., .F., .F., .F.,
 ( 4, 2, 2, 2, 4 ),
 ( 2, 2 ),
 ( 0.000000000000000000, 0.2500000000000000000, 0.5000000000000000000, 0.7500000000000000000, 1.000000000000000000 ),
 ( 0.000000000000000000, 1.000000000000000000 ),
 .UNSPECIFIED. ) ;
#3760 = CARTESIAN_POINT ( 'NONE',  ( -8.927170960425586443, -42.25662777940355852, 1.181005590677226991 ) ) ;
#3761 = CARTESIAN_POINT ( 'NONE',  ( 3.986897334281751970, -41.61866916517056580, -8.090330519214752769 ) ) ;
#3762 = CARTESIAN_POINT ( 'NONE',  ( 18.43951683366969974, -34.90192059150370341, 19.56265689845710654 ) ) ;
#3763 = CARTESIAN_POINT ( 'NONE',  ( 54.89384660698920015, -56.13001623236039705, -0.6642926860360910402 ) ) ;
#3764 = VERTEX_POINT ( 'NONE', #1852 ) ;
#3765 = CARTESIAN_POINT ( 'NONE',  ( 7.788278800583077199, -42.02312024062867124, 4.512592563909194610 ) ) ;
#3766 = DIRECTION ( 'NONE',  ( 0.000000000000000000, 0.000000000000000000, -1.000000000000000000 ) ) ;
#3767 = CARTESIAN_POINT ( 'NONE',  ( -8.013066560880528044, -38.04389288660886592, 4.100312599683334724 ) ) ;
#3768 = CARTESIAN_POINT ( 'NONE',  ( 7.464917934246941833, -41.97442212748479307, 5.027549425718831344 ) ) ;
#3769 = EDGE_CURVE ( 'NONE', #2715, #6520, #4820, .T. ) ;
#3770 = CARTESIAN_POINT ( 'NONE',  ( 1.172683599365321960, -38.30472708429531536, -1.140648448090531009E-13 ) ) ;
#3771 = CARTESIAN_POINT ( 'NONE',  ( 7.131479127374634963, -37.13505141806450638, 10.80494002133623077 ) ) ;
#3772 = CARTESIAN_POINT ( 'NONE',  ( -6.573959271822750416, -41.85780025140632432, -6.153897292409377329 ) ) ;
#3773 = CARTESIAN_POINT ( 'NONE',  ( 5.508046676572449840, -41.64574234799879804, -8.400001049052029600 ) ) ;
#3774 = CARTESIAN_POINT ( 'NONE',  ( 8.586066130184381251, -38.15624410941708078, -2.702367706165791361 ) ) ;
#3775 = CARTESIAN_POINT ( 'NONE',  ( -12.48906257341552362, -38.08426678289656309, 3.652522812454963574 ) ) ;
#3776 = AXIS2_PLACEMENT_3D ( 'NONE', #1503, #276, #5092 ) ;
#3777 = CARTESIAN_POINT ( 'NONE',  ( 86.40000000000000568, -64.66763823405520384, 0.000000000000000000 ) ) ;
#3778 = CARTESIAN_POINT ( 'NONE',  ( 15.32359231327926707, -28.21126938818259688, 33.39418175057995342 ) ) ;
#3779 = CARTESIAN_POINT ( 'NONE',  ( 8.979805276219911647, -42.28266447690301533, -0.6030752717244052263 ) ) ;
#3780 = CARTESIAN_POINT ( 'NONE',  ( -7.524394335297283298, -37.18247897209307951, 10.54629727586271670 ) ) ;
#3781 = ORIENTED_EDGE ( 'NONE', *, *, #4413, .T. ) ;
#3782 = AXIS2_PLACEMENT_3D ( 'NONE', #213, #58, #2465 ) ;
#3783 = CARTESIAN_POINT ( 'NONE',  ( -7.642036100498671658, -37.98177607182209670, -4.763052446166352816 ) ) ;
#3784 = CARTESIAN_POINT ( 'NONE',  ( 17.78528318906839800, -33.42287354489363338, 23.57091827798387129 ) ) ;
#3785 = CARTESIAN_POINT ( 'NONE',  ( -1.597721699578914989E-14, -41.80288240122314392, -4.550409309681740226E-15 ) ) ;
#3786 = CARTESIAN_POINT ( 'NONE',  ( -8.676132278146553745, -38.17504459240427650, 2.463730032344243259 ) ) ;
#3787 = CARTESIAN_POINT ( 'NONE',  ( -7.344021011355519768, -42.01819183912319744, 3.781228356492460474 ) ) ;
#3788 = COLOUR_RGB ( '',0.7921568627450980005, 0.8196078431372548767, 0.9333333333333333481 ) ;
#3789 = AXIS2_PLACEMENT_3D ( 'NONE', #6283, #2651, #2183 ) ;
#3790 = EDGE_LOOP ( 'NONE', ( #994, #3009, #4810, #5387 ) ) ;
#3791 = CARTESIAN_POINT ( 'NONE',  ( -12.62887738417395944, -38.31026286157675287, 3.453411729463769397 ) ) ;
#3792 = CARTESIAN_POINT ( 'NONE',  ( 22.32986575890218361, -39.92365077371957938, -1.569265696386033051E-14 ) ) ;
#3793 = CARTESIAN_POINT ( 'NONE',  ( 18.82837672200435364, -42.30756013076910449, -7.696413152913569585E-15 ) ) ;
#3794 = CARTESIAN_POINT ( 'NONE',  ( 9.000000000000000000, -42.30661100815935072, 1.084674837264419952E-15 ) ) ;
#3795 = CARTESIAN_POINT ( 'NONE',  ( 13.18753529535710989, -30.16879912224827365, 37.60428139560085725 ) ) ;
#3796 = CARTESIAN_POINT ( 'NONE',  ( 2.341796299109063284, -41.53137451156327842, 8.710120429454097035 ) ) ;
#3797 = CARTESIAN_POINT ( 'NONE',  ( -4.379210447703608899, -41.64883196061679627, -7.864226613277229383 ) ) ;
#3798 = CARTESIAN_POINT ( 'NONE',  ( -18.00000000000000000, -26.96475769767874908, -35.57686982298324807 ) ) ;
#3799 = CARTESIAN_POINT ( 'NONE',  ( 86.14473783712179511, -57.95386985700420013, 24.21589985473444884 ) ) ;
#3800 = ORIENTED_EDGE ( 'NONE', *, *, #725, .T. ) ;
#3801 = CARTESIAN_POINT ( 'NONE',  ( 12.63879307361331961, -38.31026286157675287, 3.408257511809163809 ) ) ;
#3802 = EDGE_CURVE ( 'NONE', #5675, #7381, #5139, .T. ) ;
#3803 = CARTESIAN_POINT ( 'NONE',  ( 6.772476189566856597, -41.88187927005576938, 5.934833273052719349 ) ) ;
#3804 = CARTESIAN_POINT ( 'NONE',  ( -7.120315388301849069, -37.90411148410035480, 5.508058894910664804 ) ) ;
#3805 = CARTESIAN_POINT ( 'NONE',  ( 190.4059769339625063, -6.042206017373019655, 2.242215695634844533E-14 ) ) ;
#3806 = CARTESIAN_POINT ( 'NONE',  ( 11.65351041485930317, -37.87581631348469813, 5.777274693167512076 ) ) ;
#3807 = CARTESIAN_POINT ( 'NONE',  ( 11.23554806259781458, -37.79313625784730135, 6.485320349347863278 ) ) ;
#3808 = CARTESIAN_POINT ( 'NONE',  ( 10.39393842179556593, -38.31026286157670313, 7.990510837665210531 ) ) ;
#3809 = CLOSED_SHELL ( 'NONE', ( #4504, #1569, #69, #663, #4280, #1853, #3938, #6967, #5924, #2811, #5587, #3712, #4465, #804, #2877, #4361, #3042, #7435, #6238 ) ) ;
#3810 = ORIENTED_EDGE ( 'NONE', *, *, #1610, .F. ) ;
#3811 = CARTESIAN_POINT ( 'NONE',  ( -3.671970490067059778, -41.75190379149490383, -5.310681132140909533 ) ) ;
#3812 = EDGE_CURVE ( 'NONE', #448, #4896, #5469, .T. ) ;
#3813 = CARTESIAN_POINT ( 'NONE',  ( 5.106027006640820431, -37.67386020377745126, -7.411489198565792691 ) ) ;
#3814 = PLANE ( 'NONE',  #1189 ) ;
#3815 = CARTESIAN_POINT ( 'NONE',  ( 179.8382392356312494, 4.000000000000000000, 42.50214150462253571 ) ) ;
#3816 = CARTESIAN_POINT ( 'NONE',  ( 14.11513175758837946, -25.79945633310931541, 36.75832658992526802 ) ) ;
#3817 = CARTESIAN_POINT ( 'NONE',  ( 3.734525819141012004, -41.60490338853698233, -8.188870179933362081 ) ) ;
#3818 = CARTESIAN_POINT ( 'NONE',  ( -4.537243675503461304, -36.87884619530686336, 12.12655139875920085 ) ) ;
#3819 = VERTEX_POINT ( 'NONE', #165 ) ;
#3820 = CARTESIAN_POINT ( 'NONE',  ( -18.00000000000000000, -38.30611622139949901, -0.03690425908144105011 ) ) ;
#3821 = CARTESIAN_POINT ( 'NONE',  ( 19.13940958946785287, -36.51001737939191116, 14.09727398175738244 ) ) ;
#3822 = CARTESIAN_POINT ( 'NONE',  ( -9.179998865152230181, -42.32168879933809791, -0.2042550747598895211 ) ) ;
#3823 = CARTESIAN_POINT ( 'NONE',  ( -3.724843243001956683, -41.60366366002955374, -8.198352839367936795 ) ) ;
#3824 = CARTESIAN_POINT ( 'NONE',  ( 9.179970489981730708, -42.08223716966009675, 5.310711738576870289 ) ) ;
#3825 = ORIENTED_EDGE ( 'NONE', *, *, #3468, .F. ) ;
#3826 = CARTESIAN_POINT ( 'NONE',  ( 79.73397000852979488, -6.042206017375223226, 103.8147015444531860 ) ) ;
#3827 = CARTESIAN_POINT ( 'NONE',  ( -71.46669839058749574, 0.6525979942082851259, 137.9613978004090882 ) ) ;
#3828 = CARTESIAN_POINT ( 'NONE',  ( 181.1205124361627838, -6.042206017369094795, 28.56098748355245931 ) ) ;
#3829 = CARTESIAN_POINT ( 'NONE',  ( 73.65500000000000114, -63.39640923772800818, -1.743439194559895224E-15 ) ) ;
#3830 = CARTESIAN_POINT ( 'NONE',  ( 16.06498078849581645, -36.33254924371750860, 26.87810232984552528 ) ) ;
#3831 = CARTESIAN_POINT ( 'NONE',  ( 6.767258731780638747, -41.88123877795501926, -5.940727075638116084 ) ) ;
#3832 = FACE_OUTER_BOUND ( 'NONE', #5, .T. ) ;
#3833 = CARTESIAN_POINT ( 'NONE',  ( 226.6457644257074833, -2.694804011583499026, 137.9613978004092019 ) ) ;
#3834 = B_SPLINE_CURVE_WITH_KNOTS ( 'NONE', 3,
 ( #5195, #2893, #2741, #408, #1708, #6903, #6831, #6974, #1095, #1021, #5767, #446, #1670, #3965, #4043, #6227, #6301, #5233, #6939, #1060, #3926, #5156, #2164, #7394, #7511, #4497, #5691, #5117, #4645, #1599, #6266, #3352, #4533, #2854 ),
 .UNSPECIFIED., .F., .F.,
 ( 4, 2, 2, 2, 2, 2, 2, 2, 2, 2, 2, 2, 2, 2, 2, 2, 4 ),
 ( 0.000000000000000000, 0.06250000000000000000, 0.1250000000000000000, 0.1875000000000000000, 0.2500000000000000000, 0.3125000000000000000, 0.3750000000000000000, 0.4375000000000000000, 0.5000000000000000000, 0.5625000000000000000, 0.6250000000000000000, 0.6875000000000000000, 0.7500000000000000000, 0.8125000000000000000, 0.8750000000000000000, 0.9375000000000000000, 1.000000000000000000 ),
 .UNSPECIFIED. ) ;
#3835 = VERTEX_POINT ( 'NONE', #3640 ) ;
#3836 = CARTESIAN_POINT ( 'NONE',  ( 7.967007426814302740, -38.31026286157675287, 10.34592470938472530 ) ) ;
#3837 =( BOUNDED_CURVE ( )  B_SPLINE_CURVE ( 3, ( #6547, #2332, #6394, #2985, #5978, #1307, #40 ),
 .UNSPECIFIED., .F., .F. ) 
 B_SPLINE_CURVE_WITH_KNOTS ( ( 4, 3, 4 ),
 ( 0.05525476396296159776, 0.1555958556408046367, 0.2523827344788291405 ),
 .UNSPECIFIED. ) 
 CURVE ( )  GEOMETRIC_REPRESENTATION_ITEM ( )  RATIONAL_B_SPLINE_CURVE ( ( 0.8630224892071483023, 0.8281268750575662141, 0.8737860453218501133, 1.000000000000000000, 0.8782567088434471980, 0.8314625598414142615, 0.8596175529939010795 ) ) 
 REPRESENTATION_ITEM ( '' )  );
#3838 = CARTESIAN_POINT ( 'NONE',  ( -22.00000000000000000, -6.042206017373970006, -58.61996200337829777 ) ) ;
#3839 = AXIS2_PLACEMENT_3D ( 'NONE', #5171, #5781, #457 ) ;
#3840 = CARTESIAN_POINT ( 'NONE',  ( -6.259092912860217517, -37.79441120876735027, 6.467138257180796046 ) ) ;
#3841 = CARTESIAN_POINT ( 'NONE',  ( 186.0053216956791289, -6.042206017373009885, 29.93364541595027717 ) ) ;
#3842 = CARTESIAN_POINT ( 'NONE',  ( -5.507988453293719999, -41.96221732396909943, -2.077985338027334983 ) ) ;
#3843 = ADVANCED_FACE ( 'NONE', ( #4872 ), #7358, .F. ) ;
#3844 = CARTESIAN_POINT ( 'NONE',  ( -18.00000000000000000, -38.09024766049640220, 5.834977158582500323 ) ) ;
#3845 = AXIS2_PLACEMENT_3D ( 'NONE', #3630, #3517, #4172 ) ;
#3846 = ORIENTED_EDGE ( 'NONE', *, *, #3434, .T. ) ;
#3847 = AXIS2_PLACEMENT_3D ( 'NONE', #3242, #180, #7174 ) ;
#3848 = CARTESIAN_POINT ( 'NONE',  ( 9.180042342328178506, -41.93205553827840504, -7.619990962330779105 ) ) ;
#3849 = CARTESIAN_POINT ( 'NONE',  ( -3.418351957230916671, -37.54517403368517137, -8.325560816120598062 ) ) ;
#3850 = CARTESIAN_POINT ( 'NONE',  ( 4.422109321993070274, -13.31401109140379369, 54.01453308892570959 ) ) ;
#3851 = CARTESIAN_POINT ( 'NONE',  ( 190.4059769339625063, -6.042206017373019655, 2.242215695634844533E-14 ) ) ;
#3852 = CARTESIAN_POINT ( 'NONE',  ( 13.68225210079842924, -24.95057766197713889, 37.83960525419891496 ) ) ;
#3853 = EDGE_CURVE ( 'NONE', #439, #17, #6357, .T. ) ;
#3854 = CARTESIAN_POINT ( 'NONE',  ( -7.999001470601067254, -42.05680254636539672, -4.127650336488094318 ) ) ;
#3855 = FACE_OUTER_BOUND ( 'NONE', #2820, .T. ) ;
#3856 = ORIENTED_EDGE ( 'NONE', *, *, #1291, .F. ) ;
#3857 = CARTESIAN_POINT ( 'NONE',  ( 9.179988453236822110, -42.24575219287114436, 2.078005742317974747 ) ) ;
#3858 = CARTESIAN_POINT ( 'NONE',  ( 13.22810880880770590, -33.22972007004717909, -146.3437823823845179 ) ) ;
#3859 = CARTESIAN_POINT ( 'NONE',  ( -18.00000000000000000, -11.27713467053115970, 50.82238809104900668 ) ) ;
#3860 = ORIENTED_EDGE ( 'NONE', *, *, #7271, .T. ) ;
#3861 = CARTESIAN_POINT ( 'NONE',  ( -5.507999999914719780, -41.99430005084909823, -3.060643596962835030E-05 ) ) ;
#3862 = CARTESIAN_POINT ( 'NONE',  ( -8.200543107174075530, -42.09068376483321572, -3.720051315989204355 ) ) ;
#3863 = CARTESIAN_POINT ( 'NONE',  ( -5.507993753922540314, -41.96795358722095415, -1.124072784890862042 ) ) ;
#3864 = ORIENTED_EDGE ( 'NONE', *, *, #1885, .T. ) ;
#3865 = CARTESIAN_POINT ( 'NONE',  ( 117.8740365030999868, -6.042206017375234772, 99.15255646902473075 ) ) ;
#3866 = CARTESIAN_POINT ( 'NONE',  ( -22.00000000000000000, -6.042206018788409239, -58.61996200095899212 ) ) ;
#3867 = CARTESIAN_POINT ( 'NONE',  ( -71.46669839058749574, 4.000000000000000000, 137.9613978004091450 ) ) ;
#3868 = CARTESIAN_POINT ( 'NONE',  ( 2.379989693755932834, -37.49184321809212150, 8.680920220895922412 ) ) ;
#3869 = DIRECTION ( 'NONE',  ( 0.000000000000000000, 0.000000000000000000, 1.000000000000000000 ) ) ;
#3870 = B_SPLINE_CURVE_WITH_KNOTS ( 'NONE', 3,
 ( #2446, #4096, #6546, #728 ),
 .UNSPECIFIED., .F., .F.,
 ( 4, 4 ),
 ( 1.398578778534940505E-17, 0.005038514492241409105 ),
 .UNSPECIFIED. ) ;
#3871 = CARTESIAN_POINT ( 'NONE',  ( -8.711874415147986994, -42.19225098841354082, -2.335009966596707898 ) ) ;
#3872 = CARTESIAN_POINT ( 'NONE',  ( 40.60360956192334925, -50.78462308660660085, -1.121688059249859863E-14 ) ) ;
#3873 = CARTESIAN_POINT ( 'NONE',  ( 86.40000000000000568, -63.39640923772801528, 0.000000000000000000 ) ) ;
#3874 = AXIS2_PLACEMENT_3D ( 'NONE', #7324, #906, #2552 ) ;
#3875 = ORIENTED_EDGE ( 'NONE', *, *, #4554, .T. ) ;
#3876 = CARTESIAN_POINT ( 'NONE',  ( -3.362211073487086033, -38.31026286157675287, 12.60781192738516587 ) ) ;
#3877 = CARTESIAN_POINT ( 'NONE',  ( -1.172641221000366940, -41.49943601709949803, 8.928265149322832883 ) ) ;
#3878 = CARTESIAN_POINT ( 'NONE',  ( 5.021309490917259311, -37.66609904923301855, -7.469034448376035584 ) ) ;
#3879 = CARTESIAN_POINT ( 'NONE',  ( 20.36082540615130299, -34.34959553575265545, 21.81000826438560125 ) ) ;
#3880 = CARTESIAN_POINT ( 'NONE',  ( 14.70825192454744190, -33.35253615936819926, -32.67404038466619909 ) ) ;
#3881 = CARTESIAN_POINT ( 'NONE',  ( -9.179996594037220348, -42.30370506481104798, -0.6129698115837330930 ) ) ;
#3882 = CARTESIAN_POINT ( 'NONE',  ( 190.4059769339629895, -6.042206017373020543, -208.0119538679261098 ) ) ;
#3883 =( BOUNDED_CURVE ( )  B_SPLINE_CURVE ( 3, ( #3281, #410, #5082, #2778 ),
 .UNSPECIFIED., .F., .F. ) 
 B_SPLINE_CURVE_WITH_KNOTS ( ( 4, 4 ),
 ( 0.000000000000000000, 0.02886279461168058877 ),
 .UNSPECIFIED. ) 
 CURVE ( )  GEOMETRIC_REPRESENTATION_ITEM ( )  RATIONAL_B_SPLINE_CURVE ( ( 1.000000000000000000, 0.9613480978994692894, 0.9302509150887140477, 0.9067084515677342749 ) ) 
 REPRESENTATION_ITEM ( '' )  );
#3884 = VERTEX_POINT ( 'NONE', #7240 ) ;
#3885 = CARTESIAN_POINT ( 'NONE',  ( 0.7766562861848333998, -6.042206017373010773, -53.98290812280549744 ) ) ;
#3886 = B_SPLINE_SURFACE_WITH_KNOTS ( 'NONE', 5, 5, ( 
 ( #4512, #3942, #6915, #1033, #5705, #3979, #5133, #6314, #4017 ),
 ( #6269, #4431, #7188, #6625, #4467, #2526, #1604, #3320, #6231 ),
 ( #7367, #1531, #1958, #2745, #807, #4292, #3283, #2708, #235 ),
 ( #1348, #3930, #2168, #1386, #3672, #4500, #6800, #2781, #5660 ),
 ( #4860, #3894, #3142, #6196, #3711, #6056, #412, #6834, #1024 ),
 ( #195, #5047, #7149, #5696, #449, #2097, #5443, #988, #5481 ),
 ( #1922, #2135, #2567, #6019, #3356, #4253, #5084, #4904, #6588 ),
 ( #1567, #7231, #6763, #948, #377, #7398, #769, #3104, #3857 ),
 ( #5621, #7433, #4685, #4575, #2281, #6979, #3504, #639, #2356 ),
 ( #1137, #3467, #1063, #4537, #6415, #5810, #7015, #6380, #6868 ),
 ( #5276, #561, #3431, #1673, #1790, #4081, #4611, #1751, #5849 ),
 ( #600, #2896, #2936, #5236, #6457, #1638, #5121, #2821, #1099 ),
 ( #3542, #1214, #27, #4008, #5159, #5888, #4118, #7470, #2203 ),
 ( #3969, #1176, #7553, #5770, #6305, #3392, #5732, #485, #2318 ),
 ( #4648, #2239, #6906, #6340, #521, #2857, #5199, #7514, #6943 ),
 ( #1711, #4047, #3577, #5348, #136, #99, #711, #5923, #2972 ),
 ( #2469, #3008, #2430, #179, #676, #4887, #6609, #1942, #7092 ),
 ( #4801, #4763, #6039, #4195, #1864, #6571, #6002, #3616, #1251 ),
 ( #7215, #5464, #6530, #7051, #217, #2512, #6076, #1369, #5312 ),
 ( #7172, #1290, #1906, #5962, #3044, #3694, #2549, #1977, #7131 ),
 ( #752, #63, #1406, #3736, #5386, #4236, #4275, #1330, #4311 ),
 ( #3653, #1826, #6646, #2393, #791, #3088, #4726, #4158, #5424 ),
 ( #4845, #6494, #3126, #3811, #2700, #4347, #4382, #4963, #1557 ),
 ( #5038, #7252, #2626, #2588, #3241, #7357, #5577, #331, #6150 ),
 ( #4925, #6682, #2160, #2125, #7390, #2015, #1445, #6223, #3848 ),
 ( #3922, #5613, #5542, #4459, #7289, #2663, #3773, #6114, #2052 ),
 ( #5075, #6718, #979, #868, #4492, #2089, #3203, #294, #6791 ) ),
 .UNSPECIFIED., .F., .F., .F.,
 ( 6, 3, 3, 3, 3, 3, 3, 3, 6 ),
 ( 6, 3, 6 ),
 ( -9.180021338060340597, -5.280072925847080434, -1.533063524059694815, -0.5105101600910710857, 3.552713678800500140E-15, 0.5105101600910760817, 1.533063524059699922, 5.280072925847080434, 9.180021338060329938 ),
 ( -9.179999999999569837, -1.776356839400250070E-15, 9.179999999999560956 ),
 .UNSPECIFIED. ) ;
#3887 = CARTESIAN_POINT ( 'NONE',  ( -8.554639278091331178, -38.14649001833200259, -2.866826305013886245 ) ) ;
#3888 = PLANE ( 'NONE',  #1802 ) ;
#3889 = CARTESIAN_POINT ( 'NONE',  ( -71.46669839058749574, 7.514718625761429571, -137.7671940876993801 ) ) ;
#3890 = DIRECTION ( 'NONE',  ( 0.000000000000000000, 0.000000000000000000, -1.000000000000000000 ) ) ;
#3891 = CARTESIAN_POINT ( 'NONE',  ( 4.032370307847720881, -41.62429543695446910, -8.047270877850257520 ) ) ;
#3892 = CARTESIAN_POINT ( 'NONE',  ( 8.766864242009743791, -42.20810047349650773, -2.056420456272984421 ) ) ;
#3893 = ORIENTED_EDGE ( 'NONE', *, *, #166, .F. ) ;
#3894 = CARTESIAN_POINT ( 'NONE',  ( -7.344029509762370012, -41.94464985508825094, 5.310619919268979139 ) ) ;
#3895 = AXIS2_PLACEMENT_3D ( 'NONE', #1782, #5916, #630 ) ;
#3896 = EDGE_CURVE ( 'NONE', #6122, #3884, #4300, .T. ) ;
#3897 = DIRECTION ( 'NONE',  ( 1.000000000000000000, 0.000000000000000000, 0.000000000000000000 ) ) ;
#3898 = CARTESIAN_POINT ( 'NONE',  ( 7.343994890303441103, -42.10820886422099107, 0.9195723142456089239 ) ) ;
#3899 = CARTESIAN_POINT ( 'NONE',  ( -7.799899573851759804, -42.02418059111069226, -4.499905701561388582 ) ) ;
#3900 = CARTESIAN_POINT ( 'NONE',  ( -3.671998865237520171, -41.88910478152794781, -0.2042244683239249903 ) ) ;
#3901 = EDGE_LOOP ( 'NONE', ( #511, #7042 ) ) ;
#3902 = CARTESIAN_POINT ( 'NONE',  ( 172.6772380009915366, -20.95902901126225260, 1.056591433571883900E-14 ) ) ;
#3903 = PLANE ( 'NONE',  #2504 ) ;
#3904 = EDGE_CURVE ( 'NONE', #160, #6697, #5160, .T. ) ;
#3905 = CARTESIAN_POINT ( 'NONE',  ( -12.69257573279303131, -6.042206017375280069, -64.16455915774986352 ) ) ;
#3906 = CARTESIAN_POINT ( 'NONE',  ( -4.680107254264045835, -37.63600161727494253, 7.688870017987244232 ) ) ;
#3907 = AXIS2_PLACEMENT_3D ( 'NONE', #1489, #6686, #6650 ) ;
#3908 = CARTESIAN_POINT ( 'NONE',  ( -18.00000000000000000, -34.34959553575265545, -21.81000826438560125 ) ) ;
#3909 = CARTESIAN_POINT ( 'NONE',  ( -7.649076369844749479, -42.00105219882841112, -4.751637490501431138 ) ) ;
#3910 = CARTESIAN_POINT ( 'NONE',  ( 12.65744595625910840, -38.31026286157671024, 3.416325691046325552 ) ) ;
#3911 = CARTESIAN_POINT ( 'NONE',  ( -71.46669839058749574, 4.000000000000000000, -137.7671940876994086 ) ) ;
#3912 = ORIENTED_EDGE ( 'NONE', *, *, #3605, .T. ) ;
#3913 = CARTESIAN_POINT ( 'NONE',  ( -2.724688771077176774, -41.55032410251367025, 8.578975453265849538 ) ) ;
#3914 = CARTESIAN_POINT ( 'NONE',  ( -5.123577622567405676, -41.70919107194809072, 7.400739828487224337 ) ) ;
#3915 = AXIS2_PLACEMENT_3D ( 'NONE', #7089, #4079, #3086 ) ;
#3916 = CARTESIAN_POINT ( 'NONE',  ( 5.039240194899941017, -37.66773092758197095, -7.456953785364221154 ) ) ;
#3917 = CARTESIAN_POINT ( 'NONE',  ( 20.36082540615130299, -6.042206017372979687, 53.98290812280559692 ) ) ;
#3918 = CARTESIAN_POINT ( 'NONE',  ( 16.10301288150310128, -36.41841290046832569, -26.68757057409045075 ) ) ;
#3919 = CARTESIAN_POINT ( 'NONE',  ( -3.671983152693349961, -41.84321739110304605, -3.031887689018485155 ) ) ;
#3920 = CARTESIAN_POINT ( 'NONE',  ( 149.6614994673866192, -58.99259783589941009, -126.5229989347731561 ) ) ;
#3921 = ORIENTED_EDGE ( 'NONE', *, *, #5639, .F. ) ;
#3922 = CARTESIAN_POINT ( 'NONE',  ( -9.179953323200081172, -41.87591202997710127, -8.400082666214601090 ) ) ;
#3923 = CARTESIAN_POINT ( 'NONE',  ( -7.441609985172402908, -37.95142036365120219, -5.061919722030869373 ) ) ;
#3924 = DIRECTION ( 'NONE',  ( 0.000000000000000000, 1.000000000000000000, 0.000000000000000000 ) ) ;
#3925 = DIRECTION ( 'NONE',  ( -3.074555195481525416E-16, -1.000000000000000000, 5.078222490274110485E-16 ) ) ;
#3926 = CARTESIAN_POINT ( 'NONE',  ( 90.50447797338868838, -63.39640923772800818, 12.09491907782458142 ) ) ;
#3927 = CARTESIAN_POINT ( 'NONE',  ( -2.900264838055139016, -41.55786834359742699, -8.525080383823514296 ) ) ;
#3928 = ORIENTED_EDGE ( 'NONE', *, *, #2131, .F. ) ;
#3929 = AXIS2_PLACEMENT_3D ( 'NONE', #4708, #6478, #1233 ) ;
#3930 = CARTESIAN_POINT ( 'NONE',  ( -7.344038008169219367, -41.85265049074519794, 6.840011482045489366 ) ) ;
#3931 = B_SPLINE_CURVE_WITH_KNOTS ( 'NONE', 2,
 ( #1254, #2974, #4689 ),
 .UNSPECIFIED., .F., .F.,
 ( 3, 3 ),
 ( 0.000000000000000000, 1.000000000000000000 ),
 .UNSPECIFIED. ) ;
#3932 = ORIENTED_EDGE ( 'NONE', *, *, #1579, .T. ) ;
#3933 = EDGE_CURVE ( 'NONE', #6697, #7461, #1891, .T. ) ;
#3934 = CARTESIAN_POINT ( 'NONE',  ( -9.179961991574911551, -41.98502101360424632, -6.840103301353379628 ) ) ;
#3935 = CARTESIAN_POINT ( 'NONE',  ( -3.713581939454830838, -41.60296283758395219, 8.203433096355441378 ) ) ;
#3936 = CARTESIAN_POINT ( 'NONE',  ( 3.135534900943135916, -10.92484310905078715, 55.69393811263925187 ) ) ;
#3937 = CARTESIAN_POINT ( 'NONE',  ( -3.671996594122520108, -41.88853499518950230, -0.6129392051477680070 ) ) ;
#3938 = ADVANCED_FACE ( 'NONE', ( #3947 ), #3153, .F. ) ;
#3939 = DIRECTION ( 'NONE',  ( 0.000000000000000000, 1.000000000000000000, 0.000000000000000000 ) ) ;
#3940 = DIRECTION ( 'NONE',  ( 0.000000000000000000, 0.000000000000000000, 1.000000000000000000 ) ) ;
#3941 = CARTESIAN_POINT ( 'NONE',  ( -71.46669839058749574, -6.042206017375156613, 137.9613978004092019 ) ) ;
#3942 = CARTESIAN_POINT ( 'NONE',  ( -7.344051010731459606, -41.69037129754194382, 9.179980529337321116 ) ) ;
#3943 = CARTESIAN_POINT ( 'NONE',  ( -3.100212850021933697, -37.52608895793267152, 8.454275367588307333 ) ) ;
#3944 = CARTESIAN_POINT ( 'NONE',  ( 149.6614994673866192, -58.99259783589941009, 126.5229989347731561 ) ) ;
#3945 = DIRECTION ( 'NONE',  ( -8.843257074075626778E-15, -9.060714215241421950E-17, 1.000000000000000000 ) ) ;
#3946 = CARTESIAN_POINT ( 'NONE',  ( 185.3328331862115022, -6.042206017076496849, -104.6569119126249774 ) ) ;
#3947 = FACE_OUTER_BOUND ( 'NONE', #6771, .T. ) ;
#3948 = EDGE_CURVE ( 'NONE', #4219, #6599, #1714, .T. ) ;
#3949 = LINE ( 'NONE', #3911, #6890 ) ;
#3950 = ORIENTED_EDGE ( 'NONE', *, *, #1433, .F. ) ;
#3951 = CARTESIAN_POINT ( 'NONE',  ( 3.464352376543320844, -41.58859550772110936, 8.306520069548692931 ) ) ;
#3952 = CARTESIAN_POINT ( 'NONE',  ( 2.900264838163218784, -41.55786834360472426, 8.525080383772277060 ) ) ;
#3953 = B_SPLINE_CURVE_WITH_KNOTS ( 'NONE', 1,
 ( #2251, #455 ),
 .UNSPECIFIED., .F., .F.,
 ( 2, 2 ),
 ( 0.000000000000000000, 1.000000000000000000 ),
 .UNSPECIFIED. ) ;
#3954 = CARTESIAN_POINT ( 'NONE',  ( 5.061395796987527618, -37.66975525326888885, -7.441954283201417830 ) ) ;
#3955 = CARTESIAN_POINT ( 'NONE',  ( -10.89843149435183101, -38.30140869533460091, 0.08500590158523584072 ) ) ;
#3956 = CARTESIAN_POINT ( 'NONE',  ( 14.42611798984016680, -32.75229020986478901, -33.67361500187564616 ) ) ;
#3957 = CARTESIAN_POINT ( 'NONE',  ( 3.672029509819210169, -41.75190828365010276, -5.310640323559619347 ) ) ;
#3958 = CARTESIAN_POINT ( 'NONE',  ( -6.261848139220889564, -13.94371515320611898, -1.953732251145784860 ) ) ;
#3959 = ORIENTED_EDGE ( 'NONE', *, *, #3064, .F. ) ;
#3960 = CARTESIAN_POINT ( 'NONE',  ( -12.11430559595160439, -38.30785232897611792, 0.03251988226170609425 ) ) ;
#3961 = CARTESIAN_POINT ( 'NONE',  ( -6.567382137367569150, -37.83174282165153102, -6.160833141009256941 ) ) ;
#3962 = CARTESIAN_POINT ( 'NONE',  ( 152.8722439315365023, -38.48506133258189976, 8.140502076289799479E-15 ) ) ;
#3963 = CARTESIAN_POINT ( 'NONE',  ( 14.32664066837046768, -26.21705898800211187, 36.20710168978839505 ) ) ;
#3964 = CARTESIAN_POINT ( 'NONE',  ( -10.25800539720776960, -37.60240943990871898, 7.933926981467864792 ) ) ;
#3965 = CARTESIAN_POINT ( 'NONE',  ( 82.29549439863582450, -63.39640923772801528, 12.09498577766807692 ) ) ;
#3966 = CIRCLE ( 'NONE', #2865, 13.99999999999999822 ) ;
#3967 = CARTESIAN_POINT ( 'NONE',  ( -4.760080493174007721, -41.67843493935139776, -7.639631017096784937 ) ) ;
#3968 = ORIENTED_EDGE ( 'NONE', *, *, #60, .F. ) ;
#3969 = CARTESIAN_POINT ( 'NONE',  ( -9.179999999857850312, -42.33629126074694682, -5.101072661278480033E-05 ) ) ;
#3970 = EDGE_LOOP ( 'NONE', ( #3912, #3495 ) ) ;
#3971 = CARTESIAN_POINT ( 'NONE',  ( -5.507970490038629485, -41.83478244410004976, -5.310691334286230081 ) ) ;
#3972 = CARTESIAN_POINT ( 'NONE',  ( -4.667665778224310122E-05, -41.49435253679070001, 8.400031655487991245 ) ) ;
#3973 = CARTESIAN_POINT ( 'NONE',  ( 5.646491467668699471, -15.58768199645159847, 52.41638268683964696 ) ) ;
#3974 = CARTESIAN_POINT ( 'NONE',  ( -9.179999999857850312, -42.33629126074694682, -5.101072661278480033E-05 ) ) ;
#3975 = AXIS2_PLACEMENT_3D ( 'NONE', #7068, #7109, #1266 ) ;
#3976 = LINE ( 'NONE', #6241, #433 ) ;
#3977 = CARTESIAN_POINT ( 'NONE',  ( 179.8382392356312494, 4.000000000000000000, 62.50214150462253571 ) ) ;
#3978 = CARTESIAN_POINT ( 'NONE',  ( -71.46669839058749574, 10.00000000000000000, -137.7671940876994086 ) ) ;
#3979 = CARTESIAN_POINT ( 'NONE',  ( 3.671948989097939986, -41.51274014781865418, 9.180041742209249733 ) ) ;
#3980 = CARTESIAN_POINT ( 'NONE',  ( 3.493117819995015694, -6.042206017371518634, -53.98290812280588824 ) ) ;
#3981 = CARTESIAN_POINT ( 'NONE',  ( 19.07334698233630021, -6.042206017373979776, 58.61996200337829777 ) ) ;
#3982 = CARTESIAN_POINT ( 'NONE',  ( -11.66808889542283367, -37.87702244825408116, 5.794677861353338066 ) ) ;
#3983 = CARTESIAN_POINT ( 'NONE',  ( 16.41162694658498467, -30.44345619716054685, -29.82645136233194805 ) ) ;
#3984 = CARTESIAN_POINT ( 'NONE',  ( -71.46669839058749574, 10.00000000000000000, -137.7671940876994086 ) ) ;
#3985 = CARTESIAN_POINT ( 'NONE',  ( -12.74318064336838674, -38.16999362662625117, 2.508154872020313064 ) ) ;
#3986 = EDGE_LOOP ( 'NONE', ( #3864, #3255, #7034, #6717 ) ) ;
#3987 = CARTESIAN_POINT ( 'NONE',  ( 3.497789585562729009, -41.59054690164089152, 8.292516975937308743 ) ) ;
#3988 = CARTESIAN_POINT ( 'NONE',  ( 8.052842489777424007, -20.11840917306549059, 48.64750428501334767 ) ) ;
#3989 = CARTESIAN_POINT ( 'NONE',  ( 2.855876032122392605, -10.41215783546334706, -55.97353858273868354 ) ) ;
#3990 = ADVANCED_FACE ( 'NONE', ( #3832 ), #7346, .F. ) ;
#3991 = CARTESIAN_POINT ( 'NONE',  ( 7.869424103337998133, -38.01953695790619747, -4.369632196758836962 ) ) ;
#3992 = CARTESIAN_POINT ( 'NONE',  ( 181.1205124361630681, -6.042206017373009885, 28.56098748355247707 ) ) ;
#3993 = CARTESIAN_POINT ( 'NONE',  ( 15.98449312148950874, -36.15121216271178639, -27.27670808593117258 ) ) ;
#3994 = CARTESIAN_POINT ( 'NONE',  ( -5.507993753922540314, -41.96795358722095415, -1.124072784890862042 ) ) ;
#3995 = AXIS2_PLACEMENT_3D ( 'NONE', #384, #1611, #7521 ) ;
#3996 = CARTESIAN_POINT ( 'NONE',  ( -22.00000000000000000, -40.88189669053594599, -38.76238080152555199 ) ) ;
#3997 = VERTEX_POINT ( 'NONE', #392 ) ;
#3998 = CARTESIAN_POINT ( 'NONE',  ( 152.8722439315372696, -38.48506133258121054, 39.26475813504517731 ) ) ;
#3999 = B_SPLINE_CURVE_WITH_KNOTS ( 'NONE', 3,
 ( #4145, #2420, #4751, #7081 ),
 .UNSPECIFIED., .F., .F.,
 ( 4, 4 ),
 ( 2.492623466204195275E-05, 0.9999604641527288784 ),
 .UNSPECIFIED. ) ;
#4000 = CARTESIAN_POINT ( 'NONE',  ( -8.290541155480488200, -38.09486137124492444, -3.502480624431897560 ) ) ;
#4001 = EDGE_CURVE ( 'NONE', #3383, #4080, #4724, .T. ) ;
#4002 = CARTESIAN_POINT ( 'NONE',  ( -8.998887288000474882, -38.31026224233492883, 0.1470156075517272953 ) ) ;
#4003 = CARTESIAN_POINT ( 'NONE',  ( 2.734270717383524119, -41.55076026865798866, 8.575924688460746736 ) ) ;
#4004 = CARTESIAN_POINT ( 'NONE',  ( -3.530908569720301760, -36.81181910616869146, 12.44985269963844488 ) ) ;
#4005 = CARTESIAN_POINT ( 'NONE',  ( 0.4875835940437119875, -6.042206017373253246, 58.61996200337885199 ) ) ;
#4006 = CARTESIAN_POINT ( 'NONE',  ( -7.318597175303619196, -41.95370573311794260, -5.240277724222676348 ) ) ;
#4007 = ORIENTED_EDGE ( 'NONE', *, *, #674, .F. ) ;
#4008 = CARTESIAN_POINT ( 'NONE',  ( -3.672001134648780418, -41.88910343542099923, 0.2041836597426290312 ) ) ;
#4009 = ORIENTED_EDGE ( 'NONE', *, *, #3141, .T. ) ;
#4010 = CARTESIAN_POINT ( 'NONE',  ( 9.180005109440639188, -42.29214137114305316, -0.9194804949377219927 ) ) ;
#4011 = CARTESIAN_POINT ( 'NONE',  ( -9.180016847107648204, -42.20095491708080004, 3.031816274001229772 ) ) ;
#4012 = CARTESIAN_POINT ( 'NONE',  ( 11.71065362606564619, -27.19613762568728177, 41.40742183003897026 ) ) ;
#4013 = CARTESIAN_POINT ( 'NONE',  ( -3.671999999943150073, -41.88125511300085435, -2.040429064798975216E-05 ) ) ;
#4014 = CARTESIAN_POINT ( 'NONE',  ( -8.978088546079767696, -42.27802430772461406, 0.7415879893390288080 ) ) ;
#4015 = CARTESIAN_POINT ( 'NONE',  ( -71.46669839058749574, -70.00000000000000000, 137.9613978004092019 ) ) ;
#4016 = CARTESIAN_POINT ( 'NONE',  ( 18.82837672200435364, -42.30756013076910449, -7.696413152913569585E-15 ) ) ;
#4017 = CARTESIAN_POINT ( 'NONE',  ( 9.179948989012640226, -41.81641118679824842, 9.180072348645209601 ) ) ;
#4018 = CARTESIAN_POINT ( 'NONE',  ( -7.586130578356460319, -37.97297483931307482, 4.851388722675640253 ) ) ;
#4019 = CARTESIAN_POINT ( 'NONE',  ( -6.498105429578026282, -37.04876725759191913, 11.26742120388084878 ) ) ;
#4020 = CARTESIAN_POINT ( 'NONE',  ( -7.404315333454381864, -41.96573196439874209, -5.118368913384387042 ) ) ;
#4021 = CARTESIAN_POINT ( 'NONE',  ( 9.770868698814227926, -37.51415903194531865, 8.550692271841670689 ) ) ;
#4022 = CARTESIAN_POINT ( 'NONE',  ( -7.520552363487274405, -37.18300909826743350, 10.54122487207801484 ) ) ;
#4023 = ORIENTED_EDGE ( 'NONE', *, *, #2644, .F. ) ;
#4024 = CARTESIAN_POINT ( 'NONE',  ( 6.372815079838990648, -41.83493825899353169, 6.355104454085465981 ) ) ;
#4025 = CARTESIAN_POINT ( 'NONE',  ( 1.702720755803191377, -36.71707844872796045, 12.89514636694807947 ) ) ;
#4026 = B_SPLINE_CURVE_WITH_KNOTS ( 'NONE', 3,
 ( #1410, #3740, #1449, #5004, #2555, #2019, #5042, #372, #3852, #3816, #944, #2630, #3778, #7219, #6118, #3130, #2667, #2093, #3278, #7362, #2130, #5510, #6795, #873, #3171, #5546, #2777, #2200 ),
 .UNSPECIFIED., .F., .F.,
 ( 4, 2, 2, 2, 2, 2, 2, 2, 2, 2, 2, 2, 2, 4 ),
 ( 1.712565556909879929E-15, 0.008484551161629950641, 0.01696910232325819085, 0.02545365348488642931, 0.02757479127529349761, 0.02969592906570056243, 0.03393820464651471636, 0.04242275580814299646, 0.04666503138895714692, 0.04878616917936422909, 0.05090730696977131126, 0.05939185813139962605, 0.06363413371221378345, 0.06787640929302794779 ),
 .UNSPECIFIED. ) ;
#4027 = CARTESIAN_POINT ( 'NONE',  ( -9.511568403844728536E-15, -63.39640923772800818, 0.000000000000000000 ) ) ;
#4028 = CARTESIAN_POINT ( 'NONE',  ( 8.586066130184381251, -38.15624410941708078, -2.702367706165791361 ) ) ;
#4029 = CYLINDRICAL_SURFACE ( 'NONE', #3420, 14.00000000000000533 ) ;
#4030 = CARTESIAN_POINT ( 'NONE',  ( 11.67209941470328616, -27.12023645620531909, -41.49400789059978933 ) ) ;
#4031 = CARTESIAN_POINT ( 'NONE',  ( -5.856291288609677181, -41.77917982538303932, -6.836154116888356391 ) ) ;
#4032 = CARTESIAN_POINT ( 'NONE',  ( 3.672051010788299763, -41.51274637520825195, -9.180000933627960436 ) ) ;
#4033 = CARTESIAN_POINT ( 'NONE',  ( 0.4875835940438230098, -6.042206017374079252, -58.61996200337879515 ) ) ;
#4034 = ADVANCED_FACE ( 'NONE', ( #5024 ), #2075, .T. ) ;
#4035 = ORIENTED_EDGE ( 'NONE', *, *, #715, .T. ) ;
#4036 = AXIS2_PLACEMENT_3D ( 'NONE', #6218, #2154, #2765 ) ;
#4037 = DIRECTION ( 'NONE',  ( 0.000000000000000000, -5.078222490274110485E-16, -1.000000000000000000 ) ) ;
#4038 = AXIS2_PLACEMENT_3D ( 'NONE', #5950, #5911, #1124 ) ;
#4039 = FACE_OUTER_BOUND ( 'NONE', #4235, .T. ) ;
#4040 = CARTESIAN_POINT ( 'NONE',  ( 0.1227619990085692114, -20.95902901126225260, -2.113182867143769694E-14 ) ) ;
#4041 = CARTESIAN_POINT ( 'NONE',  ( -3.646043125790753070, -41.59938879987536353, 8.228822675340120796 ) ) ;
#4042 = CARTESIAN_POINT ( 'NONE',  ( -12.04744192408440639, -37.97541854685472629, 4.825452626121108146 ) ) ;
#4043 = CARTESIAN_POINT ( 'NONE',  ( 83.09317169879805931, -63.39640923772800818, 12.33688346056971064 ) ) ;
#4044 = CARTESIAN_POINT ( 'NONE',  ( -9.000000000000003553, -42.28582733323685972, -0.5908932992552907715 ) ) ;
#4045 = EDGE_CURVE ( 'NONE', #2346, #5624, #5748, .T. ) ;
#4046 = ORIENTED_EDGE ( 'NONE', *, *, #5125, .T. ) ;
#4047 = CARTESIAN_POINT ( 'NONE',  ( -7.343998297827839750, -42.11316998251304966, -0.3063469046312060073 ) ) ;
#4048 = ORIENTED_EDGE ( 'NONE', *, *, #4001, .T. ) ;
#4049 = CARTESIAN_POINT ( 'NONE',  ( 3.672005109525934952, -41.88319390070309112, -0.9195111013736859684 ) ) ;
#4050 = CARTESIAN_POINT ( 'NONE',  ( 9.179978988388580063, -42.16512765717559574, 3.781320175800355177 ) ) ;
#4051 = CARTESIAN_POINT ( 'NONE',  ( 13.15949949251191953, -38.13805647533410337, 4.535102704269229790 ) ) ;
#4052 = CARTESIAN_POINT ( 'NONE',  ( -3.671988453322155177, -41.86434037993399215, -2.077975135882014879 ) ) ;
#4053 = CARTESIAN_POINT ( 'NONE',  ( 226.6457644257074833, 4.000000000000001776, 137.9613978004091450 ) ) ;
#4054 = CARTESIAN_POINT ( 'NONE',  ( 44.62853256534966562, -60.86600650612058416, -1.023105877790649062E-14 ) ) ;
#4055 = CARTESIAN_POINT ( 'NONE',  ( 86.40000000000000568, -58.93658393131480722, 0.000000000000000000 ) ) ;
#4056 = CARTESIAN_POINT ( 'NONE',  ( 99.14499999999999602, -63.39640923772800818, 2.291319741699659959E-15 ) ) ;
#4057 = CARTESIAN_POINT ( 'NONE',  ( -7.344042342356639885, -41.80212089884035720, 7.620001164476099653 ) ) ;
#4058 = CARTESIAN_POINT ( 'NONE',  ( 178.9053823681879578, -8.719312995566303570, 28.48331417026478007 ) ) ;
#4059 = CARTESIAN_POINT ( 'NONE',  ( 9.838828905206092656, -17.65283598413149235, -45.50469741701522253 ) ) ;
#4060 = CARTESIAN_POINT ( 'NONE',  ( 0.4875835940438709715, -6.042206017374069482, 58.61996200337879515 ) ) ;
#4061 = EDGE_LOOP ( 'NONE', ( #2606, #5083, #1387, #1062, #5788, #6458 ) ) ;
#4062 = CARTESIAN_POINT ( 'NONE',  ( -3.379710480488589130, -41.58373893706638569, 8.341355152538737272 ) ) ;
#4063 = CARTESIAN_POINT ( 'NONE',  ( 8.028100352874606216, -20.07148834086731526, 48.68901883068877368 ) ) ;
#4064 = CARTESIAN_POINT ( 'NONE',  ( 8.942374883029614807, -42.25836122175229548, 1.176041312785045978 ) ) ;
#4065 = CARTESIAN_POINT ( 'NONE',  ( 18.52565840303545031, -41.93126864290135103, 5.497911601563131967 ) ) ;
#4066 = LINE ( 'NONE', #3330, #7077 ) ;
#4067 = CARTESIAN_POINT ( 'NONE',  ( -9.000028474184428973, -42.30708906031859584, -8.070543590473060038E-10 ) ) ;
#4068 = CARTESIAN_POINT ( 'NONE',  ( 2.302101680428699559, -41.52154692329722963, -8.787637317621438626 ) ) ;
#4069 = CARTESIAN_POINT ( 'NONE',  ( -7.343953323228519459, -41.74792629669014588, -8.400072464069278766 ) ) ;
#4070 = CARTESIAN_POINT ( 'NONE',  ( 117.9131557670229995, -56.13001623236039705, 1.387778780781445991E-14 ) ) ;
#4071 = EDGE_LOOP ( 'NONE', ( #6405, #4728, #135, #1378 ) ) ;
#4072 = CARTESIAN_POINT ( 'NONE',  ( 85.42307960382289878, -13.94371515320613852, 92.67729385790640606 ) ) ;
#4073 = FACE_OUTER_BOUND ( 'NONE', #4861, .T. ) ;
#4074 = CARTESIAN_POINT ( 'NONE',  ( 172.6772380009915935, -20.95902901126225615, -172.5544760019827208 ) ) ;
#4075 = CARTESIAN_POINT ( 'NONE',  ( -8.848755923042784133, -42.23171565814552508, 1.643727130476765996 ) ) ;
#4076 = CARTESIAN_POINT ( 'NONE',  ( -7.347850548796507120, -37.16125553376144808, 10.66156777631975316 ) ) ;
#4077 = EDGE_CURVE ( 'NONE', #4896, #3109, #1260, .T. ) ;
#4078 = CYLINDRICAL_SURFACE ( 'NONE', #6476, 13.00000000000000000 ) ;
#4079 = DIRECTION ( 'NONE',  ( 1.000000000000000000, 0.000000000000000000, 0.000000000000000000 ) ) ;
#4080 = VERTEX_POINT ( 'NONE', #966 ) ;
#4081 = CARTESIAN_POINT ( 'NONE',  ( 3.671996594122490354, -41.88853499550050685, 0.6129392051477599024 ) ) ;
#4082 =( BOUNDED_SURFACE ( )  B_SPLINE_SURFACE ( 2, 3, ( 
 ( #2389, #4720, #1246, #4191 ),
 ( #7047, #2426, #2545, #4882 ),
 ( #3573, #3647, #6526, #6604 ),
 ( #1365, #7207, #3038, #747 ),
 ( #5380, #4307, #5919, #670 ) ),
 .UNSPECIFIED., .F., .F., .F. ) 
 B_SPLINE_SURFACE_WITH_KNOTS ( ( 3, 2, 3 ),
 ( 4, 4 ),
 ( -0.006114302593204099835, 0.001208225356013006022, 0.7334610202777239740 ),
 ( 0.000000000000000000, 1.000000000000000000 ),
 .UNSPECIFIED. ) 
 GEOMETRIC_REPRESENTATION_ITEM ( )  RATIONAL_B_SPLINE_SURFACE ( (
 ( 1.000000000000000000, 0.3333333333333335369, 0.3333333333333335369, 1.000000000000000000),
 ( 1.000000000000000000, 0.3333333333333335369, 0.3333333333333335369, 1.000000000000000000),
 ( 1.000000000000000000, 0.3333333333333335369, 0.3333333333333335369, 1.000000000000000000),
 ( 1.000000000000000000, 0.3333333333333335369, 0.3333333333333335369, 1.000000000000000000),
 ( 1.000000000000000000, 0.3333333333333335369, 0.3333333333333335369, 1.000000000000000000) ) ) 
 REPRESENTATION_ITEM ( '' )  SURFACE ( )  );
#4083 = ORIENTED_EDGE ( 'NONE', *, *, #620, .T. ) ;
#4084 = EDGE_CURVE ( 'NONE', #6435, #1340, #6199, .T. ) ;
#4085 = CARTESIAN_POINT ( 'NONE',  ( 3.672029509819210169, -41.75190828365010276, -5.310640323559619347 ) ) ;
#4086 = CARTESIAN_POINT ( 'NONE',  ( 3.671978988473880268, -41.81616949228254754, 3.781289569364389980 ) ) ;
#4087 = CYLINDRICAL_SURFACE ( 'NONE', #5928, 9.000000000000000000 ) ;
#4088 = CARTESIAN_POINT ( 'NONE',  ( -9.179988453236850532, -42.24575219294279549, -2.078005742317980076 ) ) ;
#4089 = CARTESIAN_POINT ( 'NONE',  ( -5.594285804733930334, -41.75277436661650654, 7.051770050988809935 ) ) ;
#4090 = CIRCLE ( 'NONE', #7499, 16.74500000000000099 ) ;
#4091 = CARTESIAN_POINT ( 'NONE',  ( 20.34536719873065280, -32.29571161549034741, -26.62793936103274817 ) ) ;
#4092 = CARTESIAN_POINT ( 'NONE',  ( 19.07334698233630021, -6.042206017373979776, 58.61996200337829777 ) ) ;
#4093 = CARTESIAN_POINT ( 'NONE',  ( 2.150918658608151457, -36.73164398068561809, 12.82787669434916822 ) ) ;
#4094 = CARTESIAN_POINT ( 'NONE',  ( -9.180046676515619453, -41.87592484899965228, 8.399980644761390280 ) ) ;
#4095 = CARTESIAN_POINT ( 'NONE',  ( 185.3328331859748346, -6.042206017375709948, 9.531864139027959482 ) ) ;
#4096 = CARTESIAN_POINT ( 'NONE',  ( 173.4623590920634228, -7.369671591208340367, 55.00894741878929040 ) ) ;
#4097 = CARTESIAN_POINT ( 'NONE',  ( 117.9131557670225163, -56.13001623236052495, -63.02631153404517761 ) ) ;
#4098 = VERTEX_POINT ( 'NONE', #3015 ) ;
#4099 = CARTESIAN_POINT ( 'NONE',  ( -7.825006403232597663, -42.02805250191943287, 4.456032239783545457 ) ) ;
#4100 = CARTESIAN_POINT ( 'NONE',  ( -1.695854979108104565, -36.71247580812391931, 12.91735802495916907 ) ) ;
#4101 = CARTESIAN_POINT ( 'NONE',  ( 0.4875835940438230098, -6.042206017374079252, -58.61996200337879515 ) ) ;
#4102 = CARTESIAN_POINT ( 'NONE',  ( 179.8382392356312494, -9.999999999999996447, 56.50214150462253571 ) ) ;
#4103 = CARTESIAN_POINT ( 'NONE',  ( -8.094896881583514059, -38.05822130302560424, -3.935905182364654475 ) ) ;
#4104 = FACE_OUTER_BOUND ( 'NONE', #1126, .T. ) ;
#4105 = LINE ( 'NONE', #2993, #1478 ) ;
#4106 = CARTESIAN_POINT ( 'NONE',  ( -8.967639082019395858, -42.27619549232341711, -0.7660806381888535244 ) ) ;
#4107 = CARTESIAN_POINT ( 'NONE',  ( 18.82837672200435364, -42.30756013076910449, -7.696413152913569585E-15 ) ) ;
#4108 = CARTESIAN_POINT ( 'NONE',  ( 172.6772380009930146, -20.95902901126090256, 4.163336342344334502E-14 ) ) ;
#4109 = ORIENTED_EDGE ( 'NONE', *, *, #1236, .F. ) ;
#4110 = CARTESIAN_POINT ( 'NONE',  ( 100.4489254887065499, -57.95386985700427118, 24.36668169229009706 ) ) ;
#4111 = CARTESIAN_POINT ( 'NONE',  ( 13.22810880880768103, -33.22972007004714357, -1.792194446697044859E-14 ) ) ;
#4112 = CARTESIAN_POINT ( 'NONE',  ( -1.073558232587821459, -37.44994514558924692, 8.954937792757798221 ) ) ;
#4113 = CARTESIAN_POINT ( 'NONE',  ( -6.453090624289181676, -41.84431320481412087, 6.273752919127203675 ) ) ;
#4114 = CARTESIAN_POINT ( 'NONE',  ( -7.261860239778838100, -37.15061757629147365, 10.71997517535353950 ) ) ;
#4115 = CARTESIAN_POINT ( 'NONE',  ( -12.30564869124123106, -38.03448325629870652, 4.213389430307817207 ) ) ;
#4116 = CYLINDRICAL_SURFACE ( 'NONE', #3422, 12.99803161225499970 ) ;
#4117 = EDGE_LOOP ( 'NONE', ( #5665, #5695, #2297, #2559, #5349 ) ) ;
#4118 = CARTESIAN_POINT ( 'NONE',  ( 5.507998865209059680, -41.97550274140640170, 0.2042346704692374892 ) ) ;
#4119 = ORIENTED_EDGE ( 'NONE', *, *, #762, .T. ) ;
#4120 = CARTESIAN_POINT ( 'NONE',  ( 18.63070844425308792, -35.34014208002221125, -18.23259079401685412 ) ) ;
#4121 = CARTESIAN_POINT ( 'NONE',  ( -5.508003405735349745, -41.96905124318065106, 0.6128881944211520549 ) ) ;
#4122 = CARTESIAN_POINT ( 'NONE',  ( 220.6457644257074833, 10.00000000000000000, 131.9613978004092019 ) ) ;
#4123 = CARTESIAN_POINT ( 'NONE',  ( -9.179978988388608485, -42.16512765732630186, -3.781320175800360506 ) ) ;
#4124 = EDGE_CURVE ( 'NONE', #5612, #1293, #6356, .T. ) ;
#4125 = CARTESIAN_POINT ( 'NONE',  ( 7.404315333468916904, -41.96573196439980791, 5.118368913373479323 ) ) ;
#4126 = PLANE ( 'NONE',  #2792 ) ;
#4127 = CARTESIAN_POINT ( 'NONE',  ( 4.807936999355234775, -36.88824698161483440, 12.08009515520688026 ) ) ;
#4128 = CARTESIAN_POINT ( 'NONE',  ( 3.671988453322129864, -41.86434038014104431, 2.077975135882009994 ) ) ;
#4129 = CARTESIAN_POINT ( 'NONE',  ( 99.14499999999999602, -63.39640923772800818, 1.560812345513310002E-15 ) ) ;
#4130 = CARTESIAN_POINT ( 'NONE',  ( -5.508042342385069290, -41.69806081896500416, 7.620011366621420201 ) ) ;
#4132 = EDGE_CURVE ( 'NONE', #2597, #6122, #162, .T. ) ;
#4131 = CARTESIAN_POINT ( 'NONE',  ( 130.4225742747502466, -6.042206017375247207, 125.2936956262178967 ) ) ;
#4133 = ORIENTED_EDGE ( 'NONE', *, *, #6470, .F. ) ;
#4134 = CARTESIAN_POINT ( 'NONE',  ( -8.980694100993009243, -42.28283166793396930, 0.5938373218725876423 ) ) ;
#4135 = CARTESIAN_POINT ( 'NONE',  ( 4.190494652010642973, -36.83652887401760978, 12.33552144363899750 ) ) ;
#4136 = DIRECTION ( 'NONE',  ( 0.000000000000000000, 1.000000000000000000, 0.000000000000000000 ) ) ;
#4137 = AXIS2_PLACEMENT_3D ( 'NONE', #6739, #6169, #3295 ) ;
#4138 = ORIENTED_EDGE ( 'NONE', *, *, #6108, .F. ) ;
#4139 = CARTESIAN_POINT ( 'NONE',  ( -6.567382137367569150, -37.83174282165153102, -6.160833141009256941 ) ) ;
#4140 = CARTESIAN_POINT ( 'NONE',  ( 226.6457644257074833, -2.694804011583567416, -137.7671940876994086 ) ) ;
#4141 = AXIS2_PLACEMENT_3D ( 'NONE', #3815, #7255, #2018 ) ;
#4142 = CARTESIAN_POINT ( 'NONE',  ( 3.404904315947890669, -38.31026286157675287, 12.59571885368061395 ) ) ;
#4143 = CARTESIAN_POINT ( 'NONE',  ( 99.14500000000001023, -63.39640923772800818, -0.8366634718754506483 ) ) ;
#4144 = CARTESIAN_POINT ( 'NONE',  ( 3.800828292833609322E-05, -41.59064680588684837, -6.840052290626779552 ) ) ;
#4145 = CARTESIAN_POINT ( 'NONE',  ( -8.998887288001631291, -38.31026224233491462, 0.1470156075516847738 ) ) ;
#4146 = VECTOR ( 'NONE', #95, 1000.000000000000000 ) ;
#4147 = EDGE_LOOP ( 'NONE', ( #771, #6573 ) ) ;
#4148 = CARTESIAN_POINT ( 'NONE',  ( 3.143783392641443797, -10.93998891340899959, -55.68523084699838677 ) ) ;
#4149 = DIRECTION ( 'NONE',  ( 0.000000000000000000, 0.000000000000000000, 1.000000000000000000 ) ) ;
#4150 = CARTESIAN_POINT ( 'NONE',  ( -2.226391042919319663, -37.48536584584411457, 8.725418861975970941 ) ) ;
#4151 = CARTESIAN_POINT ( 'NONE',  ( -7.315454676505074971, -41.95294391124281219, 5.250735324727084041 ) ) ;
#4152 = CARTESIAN_POINT ( 'NONE',  ( 10.54092665941037765, -37.65595039494331786, 7.544681156798019650 ) ) ;
#4153 = CARTESIAN_POINT ( 'NONE',  ( -11.26814090712173133, -37.78929520479686488, 6.538015201689841405 ) ) ;
#4154 = AXIS2_PLACEMENT_3D ( 'NONE', #2592, #6153, #299 ) ;
#4155 = CARTESIAN_POINT ( 'NONE',  ( 2.892890504129125073, -41.55754358687013195, -8.527554599612640729 ) ) ;
#4156 = VECTOR ( 'NONE', #7285, 1000.000000000000000 ) ;
#4157 = ORIENTED_EDGE ( 'NONE', *, *, #5678, .F. ) ;
#4158 = CARTESIAN_POINT ( 'NONE',  ( 7.344021011355500228, -42.01819183936184743, -3.781228356492464915 ) ) ;
#4159 = VERTEX_POINT ( 'NONE', #3446 ) ;
#4160 = CARTESIAN_POINT ( 'NONE',  ( 14.96237566552061615, -27.48163053770526787, -34.47212565022539366 ) ) ;
#4161 = CARTESIAN_POINT ( 'NONE',  ( 68.79978611128889554, -58.25464714294840007, 0.000000000000000000 ) ) ;
#4162 = CARTESIAN_POINT ( 'NONE',  ( -3.672003405763780481, -41.88853576663194644, 0.6128983965664729361 ) ) ;
#4163 = CARTESIAN_POINT ( 'NONE',  ( 13.10460830674207244, -29.99880861989339564, 37.84046936883341061 ) ) ;
#4164 = CARTESIAN_POINT ( 'NONE',  ( 12.99644658441999212, -38.30368781662100020, 0.02685980811133485691 ) ) ;
#4165 = CARTESIAN_POINT ( 'NONE',  ( 2.101146922263804861E-05, -41.73257342393090141, -3.781269165073750216 ) ) ;
#4166 = CARTESIAN_POINT ( 'NONE',  ( 3.179293954096714891, -41.57207128322914258, 8.424909746172509983 ) ) ;
#4167 = CARTESIAN_POINT ( 'NONE',  ( -12.69257573279303131, 4.000000000000000000, -64.16455915774986352 ) ) ;
#4168 = CARTESIAN_POINT ( 'NONE',  ( 3.493117819994089768, -6.042206017370068238, 53.98290812280625772 ) ) ;
#4169 = CARTESIAN_POINT ( 'NONE',  ( 9.179983152608029329, -42.20094904025864935, 3.031918295454445023 ) ) ;
#4170 = EDGE_CURVE ( 'NONE', #4080, #3383, #7090, .T. ) ;
#4171 = FACE_OUTER_BOUND ( 'NONE', #1872, .T. ) ;
#4172 = DIRECTION ( 'NONE',  ( 0.000000000000000000, 0.000000000000000000, -1.000000000000000000 ) ) ;
#4173 = DIRECTION ( 'NONE',  ( -0.000000000000000000, -1.000000000000000000, -0.000000000000000000 ) ) ;
#4174 = ORIENTED_EDGE ( 'NONE', *, *, #5295, .F. ) ;
#4175 = CARTESIAN_POINT ( 'NONE',  ( -8.911341545969648337, -42.25209172141958192, 1.262331061452183878 ) ) ;
#4176 = FACE_BOUND ( 'NONE', #742, .T. ) ;
#4177 = CARTESIAN_POINT ( 'NONE',  ( 15.91487918872472740, -35.99484763279271959, -27.61511167585570803 ) ) ;
#4178 = ORIENTED_EDGE ( 'NONE', *, *, #3012, .F. ) ;
#4179 = CARTESIAN_POINT ( 'NONE',  ( -7.471677653546951348, -37.95595495445346046, -5.017384221488977225 ) ) ;
#4180 = ADVANCED_FACE ( 'NONE', ( #3855 ), #5513, .T. ) ;
#4181 = CARTESIAN_POINT ( 'NONE',  ( -3.362211073487086033, -38.31026286157675287, 12.60781192738516587 ) ) ;
#4182 = CARTESIAN_POINT ( 'NONE',  ( 88.06602400699813415, -63.39640923772801528, -12.66333333690861629 ) ) ;
#4183 = CARTESIAN_POINT ( 'NONE',  ( 9.000000000000000000, -42.30756013076910449, -3.038700567240354470E-15 ) ) ;
#4184 = CARTESIAN_POINT ( 'NONE',  ( 0.1419332141556104154, -20.95902901126090256, -1.818711480347215081 ) ) ;
#4185 = ORIENTED_EDGE ( 'NONE', *, *, #3148, .T. ) ;
#4186 = CARTESIAN_POINT ( 'NONE',  ( -12.99864817594080080, -38.30611261494834707, 0.03755347317486755487 ) ) ;
#4187 = CYLINDRICAL_SURFACE ( 'NONE', #2378, 9.000000000000000000 ) ;
#4188 = CARTESIAN_POINT ( 'NONE',  ( 7.528703891758905087, -37.96458488942437270, 4.931467621215746000 ) ) ;
#4189 = CIRCLE ( 'NONE', #4546, 95.72774478742267945 ) ;
#4190 = CARTESIAN_POINT ( 'NONE',  ( 8.955419941476980839, -42.27025483022924845, 0.8946928637049160749 ) ) ;
#4191 = CARTESIAN_POINT ( 'NONE',  ( 191.2208664832945146, -4.983198181002509664, 1.884488981680940006E-14 ) ) ;
#4192 = CARTESIAN_POINT ( 'NONE',  ( -0.8509762785970343968, -36.69430548793427249, 12.99989289473107235 ) ) ;
#4193 = CARTESIAN_POINT ( 'NONE',  ( 179.8382392356312494, -6.042206017375277405, 56.50214150462254281 ) ) ;
#4194 = ORIENTED_EDGE ( 'NONE', *, *, #6869, .T. ) ;
#4195 = CARTESIAN_POINT ( 'NONE',  ( -3.671994890360334995, -41.88319309264450396, -0.9195519099549739339 ) ) ;
#4196 = ORIENTED_EDGE ( 'NONE', *, *, #1044, .T. ) ;
#4197 = CARTESIAN_POINT ( 'NONE',  ( -10.56049618750243368, -38.30830118485808100, 0.09413050191723557059 ) ) ;
#4198 = DIRECTION ( 'NONE',  ( -0.000000000000000000, 1.000000000000000000, 0.000000000000000000 ) ) ;
#4199 = CARTESIAN_POINT ( 'NONE',  ( -1.702058459057765057E-06, -41.79055256047669786, 0.3063060960499109919 ) ) ;
#4200 = CARTESIAN_POINT ( 'NONE',  ( 8.315635227087465609, -42.11211087110358164, -3.442422685210500877 ) ) ;
#4201 = CARTESIAN_POINT ( 'NONE',  ( 8.068811255032619201, -37.25580147472214776, 10.13000599269524926 ) ) ;
#4202 = CARTESIAN_POINT ( 'NONE',  ( 2.950987607470884923E-05, -41.67149771645480172, -5.310660727850260443 ) ) ;
#4203 = ORIENTED_EDGE ( 'NONE', *, *, #1477, .F. ) ;
#4204 = CARTESIAN_POINT ( 'NONE',  ( 8.944567155536907066, -38.25402824272521940, -1.160104950362168985 ) ) ;
#4205 = VECTOR ( 'NONE', #6031, 1000.000000000000000 ) ;
#4206 = CARTESIAN_POINT ( 'NONE',  ( -22.00000000000000000, -9.999999999999982236, -56.23454071742327187 ) ) ;
#4207 = CARTESIAN_POINT ( 'NONE',  ( 4.607328753485463224, -36.87231519394246959, 12.15808219245482213 ) ) ;
#4208 = CARTESIAN_POINT ( 'NONE',  ( 5.507970490038600175, -41.83478244423095305, 5.310691334286230081 ) ) ;
#4209 = CARTESIAN_POINT ( 'NONE',  ( 190.4059769339629895, -6.042206017373020543, -208.0119538679261098 ) ) ;
#4210 = DIRECTION ( 'NONE',  ( -1.000000000000000000, 0.000000000000000000, 0.000000000000000000 ) ) ;
#4211 = AXIS2_PLACEMENT_3D ( 'NONE', #4272, #3199, #6606 ) ;
#4212 = AXIS2_PLACEMENT_3D ( 'NONE', #6970, #7545, #4149 ) ;
#4213 = CARTESIAN_POINT ( 'NONE',  ( 103.1449999999998965, -58.93658393131480722, -33.48999999999982435 ) ) ;
#4214 = ORIENTED_EDGE ( 'NONE', *, *, #100, .F. ) ;
#4215 = CARTESIAN_POINT ( 'NONE',  ( -8.663219594673751800, -42.18345683612709962, 2.443387708698703698 ) ) ;
#4216 = CARTESIAN_POINT ( 'NONE',  ( 13.88848128540759141, -31.62173242896353642, 35.45833132206896465 ) ) ;
#4217 = EDGE_CURVE ( 'NONE', #2856, #3997, #2021, .T. ) ;
#4218 = CARTESIAN_POINT ( 'NONE',  ( -12.69257573279303131, 10.00000000000000000, -50.16455915774985641 ) ) ;
#4219 = VERTEX_POINT ( 'NONE', #6121 ) ;
#4220 = LINE ( 'NONE', #2454, #3755 ) ;
#4221 = CARTESIAN_POINT ( 'NONE',  ( 179.0824426214855123, -13.94371515320779942, 1.135032566935603862E-14 ) ) ;
#4222 = CARTESIAN_POINT ( 'NONE',  ( 89.70682830119308449, -63.39640923772800818, -12.33688346056970886 ) ) ;
#4223 = DIRECTION ( 'NONE',  ( -1.000000000000000000, -0.000000000000000000, -0.000000000000000000 ) ) ;
#4224 = FACE_OUTER_BOUND ( 'NONE', #1312, .T. ) ;
#4225 = ORIENTED_EDGE ( 'NONE', *, *, #6139, .F. ) ;
#4226 = CARTESIAN_POINT ( 'NONE',  ( 13.77318215852899996, -31.38043303655609151, -35.83101257631602721 ) ) ;
#4227 = EDGE_CURVE ( 'NONE', #5473, #1064, #3883, .T. ) ;
#4228 = CARTESIAN_POINT ( 'NONE',  ( -18.00000000000000000, -11.27713467053115970, -50.82238809104900668 ) ) ;
#4229 = CARTESIAN_POINT ( 'NONE',  ( 7.645083672568446786, -37.98262599903871717, 4.750184540782890430 ) ) ;
#4230 = CARTESIAN_POINT ( 'NONE',  ( 3.447689632452321629, -41.58763006137256468, 8.313449897437527270 ) ) ;
#4231 = CARTESIAN_POINT ( 'NONE',  ( 10.28769034023739692, -37.60892175790021952, 7.884017555770070906 ) ) ;
#4232 = CARTESIAN_POINT ( 'NONE',  ( 4.190494652010642973, -36.83652887401760978, 12.33552144363899750 ) ) ;
#4233 = CARTESIAN_POINT ( 'NONE',  ( 0.8786768278880695560, -36.71303088488401301, 12.91354528092610998 ) ) ;
#4234 = CARTESIAN_POINT ( 'NONE',  ( 5.491689566265369749, -41.74074434683900137, -7.154814998602751608 ) ) ;
#4235 = EDGE_LOOP ( 'NONE', ( #5850, #1278, #5045, #5141, #45 ) ) ;
#4236 = CARTESIAN_POINT ( 'NONE',  ( 3.672016847192915101, -41.84322007499505247, -3.031846880437200298 ) ) ;
#4237 = EDGE_CURVE ( 'NONE', #2715, #1136, #5096, .T. ) ;
#4238 = CARTESIAN_POINT ( 'NONE',  ( 7.329454266676772356, -37.93383352375716555, -5.231261474611844875 ) ) ;
#4239 = EDGE_LOOP ( 'NONE', ( #552, #342 ) ) ;
#4240 = FACE_OUTER_BOUND ( 'NONE', #5313, .T. ) ;
#4241 = CARTESIAN_POINT ( 'NONE',  ( -9.179957657387500802, -41.93204332892645425, -7.620092983783989027 ) ) ;
#4242 = CARTESIAN_POINT ( 'NONE',  ( -3.672001702001594925, -41.89111615275825073, 0.3062856917592675088 ) ) ;
#4243 = CARTESIAN_POINT ( 'NONE',  ( 7.893730125738495751, -42.03930901072662607, -4.325593813012198474 ) ) ;
#4244 = CARTESIAN_POINT ( 'NONE',  ( 73.48159913886341599, -6.042206017375325366, -103.3482775013136887 ) ) ;
#4245 = CARTESIAN_POINT ( 'NONE',  ( 7.344051010731440066, -41.69037129700890176, -9.179980529337310458 ) ) ;
#4246 = ORIENTED_EDGE ( 'NONE', *, *, #2248, .F. ) ;
#4247 = CARTESIAN_POINT ( 'NONE',  ( -1.018543883570290909, -37.45141969282881433, -8.943499138106465907 ) ) ;
#4248 = CARTESIAN_POINT ( 'NONE',  ( 20.36082540615130299, -34.34959553575265545, 21.81000826438560125 ) ) ;
#4249 = CARTESIAN_POINT ( 'NONE',  ( 10.18449772817874788, -37.58075355445273402, 8.082404210319106497 ) ) ;
#4250 = CARTESIAN_POINT ( 'NONE',  ( -1.684724981805610017E-05, -41.75539727404530055, 3.031867284727840062 ) ) ;
#4251 = CARTESIAN_POINT ( 'NONE',  ( 1.956343467841942019, -37.47574055957524308, 8.786041906344479457 ) ) ;
#4252 = CARTESIAN_POINT ( 'NONE',  ( 5.507978988445449531, -41.90336194479514376, 3.781299771509710084 ) ) ;
#4253 = CARTESIAN_POINT ( 'NONE',  ( 3.671983152693320207, -41.84321739123220141, 3.031887689018485155 ) ) ;
#4254 = ORIENTED_EDGE ( 'NONE', *, *, #3933, .F. ) ;
#4255 = CARTESIAN_POINT ( 'NONE',  ( -8.031177570464327786, -42.06182202829277372, 4.064716959989481460 ) ) ;
#4256 = CARTESIAN_POINT ( 'NONE',  ( 12.29282553457391280, -28.35539467676976244, 40.00714219051920395 ) ) ;
#4257 = CARTESIAN_POINT ( 'NONE',  ( 13.92103268216101242, -31.68969875299544725, -35.35443844184494111 ) ) ;
#4258 = VERTEX_POINT ( 'NONE', #4193 ) ;
#4259 = CARTESIAN_POINT ( 'NONE',  ( 17.55518724091167826, -39.79986517280057967, 17.15331500851934621 ) ) ;
#4260 = CARTESIAN_POINT ( 'NONE',  ( 3.991069150126021814, -41.62098965565269992, 8.072166327347346737 ) ) ;
#4261 = CARTESIAN_POINT ( 'NONE',  ( 84.73399007762131419, -63.39640923772800818, -12.66326252873922797 ) ) ;
#4262 = CARTESIAN_POINT ( 'NONE',  ( 19.70935808833040070, -37.73170010312381351, 7.080502682476710774 ) ) ;
#4263 = CARTESIAN_POINT ( 'NONE',  ( 139.1842759379919983, -47.26221975847409595, 2.775557561562889773E-14 ) ) ;
#4264 = VERTEX_POINT ( 'NONE', #3540 ) ;
#4265 = CARTESIAN_POINT ( 'NONE',  ( 168.0238501401080953, -9.999999999999996447, 50.01348028672948942 ) ) ;
#4266 = FACE_OUTER_BOUND ( 'NONE', #3986, .T. ) ;
#4267 = ADVANCED_FACE ( 'NONE', ( #5422, #134 ), #5886, .T. ) ;
#4268 = CARTESIAN_POINT ( 'NONE',  ( -8.798804044978030703, -38.21018584144375296, 1.892368153714810042 ) ) ;
#4269 = CARTESIAN_POINT ( 'NONE',  ( 8.999999999999991118, -42.30661158428969060, 0.1491295035475050934 ) ) ;
#4270 = FACE_OUTER_BOUND ( 'NONE', #7133, .T. ) ;
#4271 = LINE ( 'NONE', #289, #4286 ) ;
#4272 = CARTESIAN_POINT ( 'NONE',  ( 179.8382392356312494, -9.999999999999996447, 42.50214150462253571 ) ) ;
#4273 = ADVANCED_FACE ( 'NONE', ( #6976 ), #3041, .F. ) ;
#4274 = CARTESIAN_POINT ( 'NONE',  ( 20.36082540615130299, -23.68619686104764810, 39.70994965335955840 ) ) ;
#4275 = CARTESIAN_POINT ( 'NONE',  ( 5.508016847164491026, -41.92984125661909900, -3.031836678291880194 ) ) ;
#4276 = CARTESIAN_POINT ( 'NONE',  ( 8.999986789893075212, -38.30531978232576051, 0.01542017347368647776 ) ) ;
#4277 = CIRCLE ( 'NONE', #6835, 13.99999999999999822 ) ;
#4278 = CARTESIAN_POINT ( 'NONE',  ( 19.47147941552133332, -37.27370386985151640, -11.40636932845209728 ) ) ;
#4279 = CARTESIAN_POINT ( 'NONE',  ( 3.672042342413474714, -41.61891558230554722, -7.620021568766739861 ) ) ;
#4280 = ADVANCED_FACE ( 'NONE', ( #1749 ), #4760, .F. ) ;
#4281 = CARTESIAN_POINT ( 'NONE',  ( 9.179996594037190150, -42.30370506477029835, 0.6129698115837249883 ) ) ;
#4282 = CARTESIAN_POINT ( 'NONE',  ( 7.490329793276355730, -41.97814419647734496, -4.989495827806873507 ) ) ;
#4283 = CARTESIAN_POINT ( 'NONE',  ( 90.00016247648785850, -6.042206017375331584, -104.0902991322629276 ) ) ;
#4284 = EDGE_LOOP ( 'NONE', ( #599, #675, #5258 ) ) ;
#4285 = CARTESIAN_POINT ( 'NONE',  ( 5.258883614667561268, -37.68810024579093465, -7.305217879862216712 ) ) ;
#4286 = VECTOR ( 'NONE', #3270, 1000.000000000000000 ) ;
#4287 = CARTESIAN_POINT ( 'NONE',  ( -18.00000000000000000, -11.27713467053115970, -50.82238809104900668 ) ) ;
#4288 = CARTESIAN_POINT ( 'NONE',  ( -8.998208884440130007, -42.30221689506522864, 0.1798613075992634980 ) ) ;
#4289 = CARTESIAN_POINT ( 'NONE',  ( 7.343983152636440082, -42.05000831296264607, 3.031908093309124919 ) ) ;
#4290 = CARTESIAN_POINT ( 'NONE',  ( 8.995347969532996757, -42.29495517444630792, -0.3055592719139107460 ) ) ;
#4291 = CARTESIAN_POINT ( 'NONE',  ( -5.508003405735349745, -41.96905124318065106, 0.6128881944211520549 ) ) ;
#4292 = CARTESIAN_POINT ( 'NONE',  ( 3.671957657472765035, -41.61891006581415553, 7.620062377348030047 ) ) ;
#4293 = EDGE_LOOP ( 'NONE', ( #1766, #5641, #4246, #6708, #1079, #4138, #236, #6158 ) ) ;
#4294 = CARTESIAN_POINT ( 'NONE',  ( 165.5406431579663433, -6.042206017375266747, 67.51829113421970874 ) ) ;
#4295 = CARTESIAN_POINT ( 'NONE',  ( 18.82837672200435364, -42.30756013076910449, -7.696413152913569585E-15 ) ) ;
#4296 = CARTESIAN_POINT ( 'NONE',  ( 13.84397087800182646, -31.52892744292749683, -35.59919676017448609 ) ) ;
#4297 = CARTESIAN_POINT ( 'NONE',  ( 9.234901159675537485, -22.37176108393342489, 46.57054942348798221 ) ) ;
#4298 = CARTESIAN_POINT ( 'NONE',  ( -8.426122146518292055, -42.13266915204925311, 3.176170666240988094 ) ) ;
#4299 = CARTESIAN_POINT ( 'NONE',  ( 13.15949949251191953, -36.65699875535980112, 13.16961417038971938 ) ) ;
#4300 = LINE ( 'NONE', #4952, #7328 ) ;
#4301 = CARTESIAN_POINT ( 'NONE',  ( 110.6172451890451356, -57.95386985700427118, 14.30498233254013307 ) ) ;
#4302 = ORIENTED_EDGE ( 'NONE', *, *, #4682, .T. ) ;
#4303 = CARTESIAN_POINT ( 'NONE',  ( 1.714049004257521824, -38.31026286157675287, 12.93329942173999392 ) ) ;
#4304 = CARTESIAN_POINT ( 'NONE',  ( 20.34536719873065280, -38.31026286157670313, 0.1470188481355287902 ) ) ;
#4305 = CARTESIAN_POINT ( 'NONE',  ( -7.336954810159215690, -37.93561126943740902, 5.212526908413940063 ) ) ;
#4306 = CARTESIAN_POINT ( 'NONE',  ( 7.999001468891709266, -42.05680254606714641, 4.127650339799957102 ) ) ;
#4307 = CARTESIAN_POINT ( 'NONE',  ( 73.65499999999991587, -63.39640923772795134, 25.49000000000009081 ) ) ;
#4308 = LINE ( 'NONE', #2696, #5267 ) ;
#4309 = CARTESIAN_POINT ( 'NONE',  ( -1.664579644026541017, -36.72965448912327702, 12.83661218700579454 ) ) ;
#4310 = CARTESIAN_POINT ( 'NONE',  ( -8.996395248102610154, -42.29550811116402542, -0.2951943667237130753 ) ) ;
#4311 = CARTESIAN_POINT ( 'NONE',  ( 9.180016847107609124, -42.20095491693644618, -3.031816274001235101 ) ) ;
#4312 = CARTESIAN_POINT ( 'NONE',  ( 5.039240194899941017, -37.66773092758197095, -7.456953785364221154 ) ) ;
#4313 = DIRECTION ( 'NONE',  ( 0.000000000000000000, 0.000000000000000000, 1.000000000000000000 ) ) ;
#4314 = CARTESIAN_POINT ( 'NONE',  ( 103.1449999999999960, -58.25464714294840007, -1.654001348217600230E-14 ) ) ;
#4315 = DIRECTION ( 'NONE',  ( 0.000000000000000000, 0.000000000000000000, 1.000000000000000000 ) ) ;
#4316 = CARTESIAN_POINT ( 'NONE',  ( 5.508001701973130437, -41.96944799685734750, -0.3062754896139545102 ) ) ;
#4317 = CARTESIAN_POINT ( 'NONE',  ( 8.977545803479603848, -42.28150917201953973, -0.6354698981954617354 ) ) ;
#4318 = CARTESIAN_POINT ( 'NONE',  ( -10.98881410583139129, -37.74207041095794324, 6.895509932044320500 ) ) ;
#4319 = ORIENTED_EDGE ( 'NONE', *, *, #7173, .F. ) ;
#4320 = CARTESIAN_POINT ( 'NONE',  ( -8.424848189839819312, -38.12110922347194730, -3.179410262268568932 ) ) ;
#4321 = ADVANCED_FACE ( 'NONE', ( #6528 ), #4116, .F. ) ;
#4322 = DIRECTION ( 'NONE',  ( 0.000000000000000000, 1.000000000000000000, 0.000000000000000000 ) ) ;
#4323 = CARTESIAN_POINT ( 'NONE',  ( 12.33149801250227995, -22.33217733694942453, 40.96895585333916756 ) ) ;
#4324 = CARTESIAN_POINT ( 'NONE',  ( -3.671999999943150073, -41.88125511300085435, -2.040429064798975216E-05 ) ) ;
#4325 = LINE ( 'NONE', #4902, #4688 ) ;
#4326 = CARTESIAN_POINT ( 'NONE',  ( 5.507994890331870508, -41.97116850234994700, 0.9195621121002880427 ) ) ;
#4327 = EDGE_LOOP ( 'NONE', ( #311, #2971, #2527, #3310, #3105, #5946, #138, #2375, #4472 ) ) ;
#4328 = CARTESIAN_POINT ( 'NONE',  ( 31.19913340015602188, -6.042206017375213456, 88.17494283357108031 ) ) ;
#4329 = DIRECTION ( 'NONE',  ( 0.000000000000000000, 0.000000000000000000, -1.000000000000000000 ) ) ;
#4330 = CARTESIAN_POINT ( 'NONE',  ( 13.43796395257743903, -30.68750429424975223, -36.84146596042272392 ) ) ;
#4331 = CARTESIAN_POINT ( 'NONE',  ( 174.4169739717522987, -6.042206017375276517, 55.40988658031666603 ) ) ;
#4332 = CARTESIAN_POINT ( 'NONE',  ( 11.73173838423053361, -27.23863489108700264, 41.35304209913171292 ) ) ;
#4333 = AXIS2_PLACEMENT_3D ( 'NONE', #7460, #2847, #976 ) ;
#4334 = CARTESIAN_POINT ( 'NONE',  ( 6.156934252135822128, -41.81039601293612407, 6.571125421993015969 ) ) ;
#4335 = CARTESIAN_POINT ( 'NONE',  ( 5.478588609467695214, -41.74165455706613415, -7.142001925685493191 ) ) ;
#4336 = CARTESIAN_POINT ( 'NONE',  ( 19.13940958946785287, -36.51001737939191116, 14.09727398175738244 ) ) ;
#4337 = CARTESIAN_POINT ( 'NONE',  ( 117.0212516675358643, -47.26221975847412438, 53.10999001326837998 ) ) ;
#4338 = EDGE_LOOP ( 'NONE', ( #5750, #5889 ) ) ;
#4339 = CARTESIAN_POINT ( 'NONE',  ( 8.774588726548770978, -42.21043068334745385, 2.019566642883538599 ) ) ;
#4340 = CARTESIAN_POINT ( 'NONE',  ( 62.18275481095519552, -57.95386985700429960, -5.931514360986089564E-15 ) ) ;
#4341 = CARTESIAN_POINT ( 'NONE',  ( 13.15949949251191953, -37.58412590509600193, 8.970993739684610446 ) ) ;
#4342 = CARTESIAN_POINT ( 'NONE',  ( 7.401807530426878223, -41.96528358116497515, 5.120019756819295331 ) ) ;
#4343 = CARTESIAN_POINT ( 'NONE',  ( 12.99871930432295564, -38.27065463894863484, 0.8791975339760262909 ) ) ;
#4344 = CARTESIAN_POINT ( 'NONE',  ( 2.971402255874940224, -36.78045937981787716, 12.59894382385183675 ) ) ;
#4345 = DIRECTION ( 'NONE',  ( 0.000000000000000000, 0.000000000000000000, 1.000000000000000000 ) ) ;
#4346 = AXIS2_PLACEMENT_3D ( 'NONE', #1805, #3484, #6471 ) ;
#4347 = CARTESIAN_POINT ( 'NONE',  ( 3.672029509819210169, -41.75190828365010276, -5.310640323559619347 ) ) ;
#4348 = CARTESIAN_POINT ( 'NONE',  ( 5.029779511426560212, -37.66686939148059565, -7.463332532097627592 ) ) ;
#4349 = CARTESIAN_POINT ( 'NONE',  ( -12.14188000672989354, -37.99267990074206836, 4.649804015325684325 ) ) ;
#4350 = DIRECTION ( 'NONE',  ( 0.000000000000000000, 0.000000000000000000, 1.000000000000000000 ) ) ;
#4351 = CARTESIAN_POINT ( 'NONE',  ( 174.4169739717624736, -6.042206017373009885, 55.40988658030364888 ) ) ;
#4352 = CARTESIAN_POINT ( 'NONE',  ( 8.365068518269850983, -42.12141091275684346, -3.320898973852175917 ) ) ;
#4353 = CARTESIAN_POINT ( 'NONE',  ( -0.8190358660927126166, -36.71213335687981072, 12.91768088102198320 ) ) ;
#4354 = VERTEX_POINT ( 'NONE', #6492 ) ;
#4355 = CARTESIAN_POINT ( 'NONE',  ( -5.931646228541266552, -37.75672773061798182, -6.775234317736874345 ) ) ;
#4356 = DIRECTION ( 'NONE',  ( 0.000000000000000000, 0.000000000000000000, 1.000000000000000000 ) ) ;
#4357 = CARTESIAN_POINT ( 'NONE',  ( -8.998813698822056395, -42.30350531134818937, 0.1486180621167906835 ) ) ;
#4358 = CARTESIAN_POINT ( 'NONE',  ( 1.702058427960865117E-06, -41.79055256050195055, -0.3063060960499194851 ) ) ;
#4359 = CARTESIAN_POINT ( 'NONE',  ( -3.100212850122335162, -37.52608895793866139, 8.454275367547722908 ) ) ;
#4360 = CARTESIAN_POINT ( 'NONE',  ( 5.507996594094048959, -41.96905090782664871, 0.6129494072930820048 ) ) ;
#4361 = ADVANCED_FACE ( 'NONE', ( #750 ), #2934, .F. ) ;
#4362 = ORIENTED_EDGE ( 'NONE', *, *, #3614, .F. ) ;
#4363 = CARTESIAN_POINT ( 'NONE',  ( -12.99864817594080080, -38.30611261494834707, 0.03755347317486655567 ) ) ;
#4364 = CARTESIAN_POINT ( 'NONE',  ( -71.46669839058749574, -6.042206017375160165, 137.9613978004092019 ) ) ;
#4365 = CARTESIAN_POINT ( 'NONE',  ( -12.69257573279303131, -9.999999999999982236, -36.16455915774985641 ) ) ;
#4366 = CARTESIAN_POINT ( 'NONE',  ( 8.977106309017822028, -38.27326995035043211, 0.7520828822504909139 ) ) ;
#4367 = CARTESIAN_POINT ( 'NONE',  ( 13.97727348494129984, -31.80723806658114583, 35.17404320116596494 ) ) ;
#4368 = B_SPLINE_SURFACE_WITH_KNOTS ( 'NONE', 2, 1, ( 
 ( #1475, #6819 ),
 ( #4448, #1623 ),
 ( #3838, #1513 ) ),
 .UNSPECIFIED., .F., .F., .F.,
 ( 3, 3 ),
 ( 2, 2 ),
 ( 0.000000000000000000, 0.9230367382001619658 ),
 ( 0.000000000000000000, 1.000000000000000000 ),
 .UNSPECIFIED. ) ;
#4369 = CARTESIAN_POINT ( 'NONE',  ( 8.949429683872692110, -42.26731672399498763, 0.9567745974184909130 ) ) ;
#4370 = CARTESIAN_POINT ( 'NONE',  ( 9.000000000000007105, -42.29661742229244226, -0.2975198348683537053 ) ) ;
#4371 = CARTESIAN_POINT ( 'NONE',  ( 19.80244648021073672, -37.90130432380733083, 5.660359114249287060 ) ) ;
#4372 = EDGE_CURVE ( 'NONE', #52, #503, #3267, .T. ) ;
#4373 = CARTESIAN_POINT ( 'NONE',  ( 58.86713063101178278, -50.78462308660629532, 45.50870803222804284 ) ) ;
#4374 = ORIENTED_EDGE ( 'NONE', *, *, #6066, .T. ) ;
#4375 = CARTESIAN_POINT ( 'NONE',  ( 10.36603187619854438, -38.31026286157675287, 7.958962405054918143 ) ) ;
#4376 = CARTESIAN_POINT ( 'NONE',  ( -3.363335340539034490, -37.54177981886626725, 8.347933771594320262 ) ) ;
#4377 = CARTESIAN_POINT ( 'NONE',  ( 20.36082540615130299, -38.31026286157670313, -0.1470188481355378107 ) ) ;
#4378 = LINE ( 'NONE', #3770, #1355 ) ;
#4379 = CARTESIAN_POINT ( 'NONE',  ( 12.31040445184879140, -38.03935831950234103, 4.192007784998036612 ) ) ;
#4380 = CARTESIAN_POINT ( 'NONE',  ( -7.145001080779731950, -41.92968510982039021, -5.480641975475665895 ) ) ;
#4381 = ORIENTED_EDGE ( 'NONE', *, *, #2165, .T. ) ;
#4382 = CARTESIAN_POINT ( 'NONE',  ( 5.508029509790779876, -41.83478860876699912, -5.310630121414299687 ) ) ;
#4383 = CARTESIAN_POINT ( 'NONE',  ( 7.153980023177566316, -37.90858340369422308, -5.468781060869781996 ) ) ;
#4384 = FACE_OUTER_BOUND ( 'NONE', #2468, .T. ) ;
#4385 = DIRECTION ( 'NONE',  ( 0.000000000000000000, 0.000000000000000000, 1.000000000000000000 ) ) ;
#4386 = CARTESIAN_POINT ( 'NONE',  ( 13.71927194209182055, -25.02024238665634215, -37.77056735847040869 ) ) ;
#4387 = CARTESIAN_POINT ( 'NONE',  ( -0.5681184668556369388, -41.48889475915297709, -8.999607810456859980 ) ) ;
#4388 = CARTESIAN_POINT ( 'NONE',  ( -2.919523374331801424, -36.77778364371865649, 12.61156504335455075 ) ) ;
#4389 = ORIENTED_EDGE ( 'NONE', *, *, #2823, .F. ) ;
#4390 = CARTESIAN_POINT ( 'NONE',  ( -7.148580883059348245, -37.90698341496222668, -5.499742025906593668 ) ) ;
#4391 = CARTESIAN_POINT ( 'NONE',  ( -18.00000000000000000, -34.34959553575265545, 21.81000826438560125 ) ) ;
#4392 = DIRECTION ( 'NONE',  ( 0.000000000000000000, 0.000000000000000000, 1.000000000000000000 ) ) ;
#4393 = CARTESIAN_POINT ( 'NONE',  ( 7.344001701944699256, -42.11316865321069969, -0.3062652874686330184 ) ) ;
#4394 = CARTESIAN_POINT ( 'NONE',  ( 4.541223606957422554, -37.62230263967300203, 7.792687618682405670 ) ) ;
#4395 = CARTESIAN_POINT ( 'NONE',  ( -5.508029509790809186, -41.83478860845939806, 5.310630121414299687 ) ) ;
#4396 = CIRCLE ( 'NONE', #4761, 12.74499999999999922 ) ;
#4397 = EDGE_CURVE ( 'NONE', #64, #4354, #1518, .T. ) ;
#4398 = VERTEX_POINT ( 'NONE', #6038 ) ;
#4399 = CARTESIAN_POINT ( 'NONE',  ( -11.30805058077606517, -38.31026286157675287, 6.569230066026498172 ) ) ;
#4400 = CARTESIAN_POINT ( 'NONE',  ( 69.65500000000000114, -58.93658393131480011, -2.033582938513375123E-15 ) ) ;
#4401 = CARTESIAN_POINT ( 'NONE',  ( 174.4174514072596196, -6.042206017375275628, 55.41008709328143311 ) ) ;
#4402 = ADVANCED_FACE ( 'NONE', ( #867 ), #2050, .F. ) ;
#4403 = CARTESIAN_POINT ( 'NONE',  ( 190.4059769339625063, -6.042206017373019655, 1.510441131475985042E-14 ) ) ;
#4404 = CARTESIAN_POINT ( 'NONE',  ( 8.191275227634156053, -20.38109270185735156, 48.41393475408389691 ) ) ;
#4405 = CARTESIAN_POINT ( 'NONE',  ( -7.151307686686621423, -41.92928521130433950, 5.496028273008924714 ) ) ;
#4406 = CARTESIAN_POINT ( 'NONE',  ( -1.182004943003807762, -41.49755503320606209, -8.941581233614879665 ) ) ;
#4407 = CARTESIAN_POINT ( 'NONE',  ( 86.40000000000000568, -63.39640923772801528, 0.000000000000000000 ) ) ;
#4408 = CARTESIAN_POINT ( 'NONE',  ( 185.3328331859802063, -6.042206017369121440, 58.43903465427121091 ) ) ;
#4409 = VERTEX_POINT ( 'NONE', #6716 ) ;
#4410 = CARTESIAN_POINT ( 'NONE',  ( 8.957021631288284880, -42.27102410801094123, 0.8785078072010275019 ) ) ;
#4411 = CARTESIAN_POINT ( 'NONE',  ( -5.594285808706477958, -41.75277436459217739, 7.051770067503607464 ) ) ;
#4412 = B_SPLINE_CURVE_WITH_KNOTS ( 'NONE', 3,
 ( #6918, #2256, #2834, #7486, #4550, #1650, #964, #3982, #354, #3333, #6777, #3404, #424, #6281, #5095, #4588, #4019, #2181, #6353, #1036, #2263, #1042, #2914, #4100, #43, #4594, #1118, #4025, #5143, #6924, #4135, #2299, #6397, #1156, #2880, #3487, #581, #3410, #7534, #6888, #3375, #7494, #1692, #618, #6361, #5180, #1768, #466 ),
 .UNSPECIFIED., .F., .F.,
 ( 4, 2, 2, 2, 2, 2, 2, 2, 2, 2, 2, 2, 2, 2, 2, 2, 2, 2, 2, 2, 2, 2, 2, 4 ),
 ( 0.000000000000000000, 0.002545027146236311742, 0.003817540719354467829, 0.005090054292472625218, 0.007635081438708942597, 0.008907595011827100853, 0.01018010858494526258, 0.01272513573118158429, 0.01399764930429974602, 0.01527016287741790601, 0.01654267645053606600, 0.01781519002365422599, 0.02036021716989054597, 0.02163273074300870596, 0.02290524431612686596, 0.02545027146236318594, 0.02672278503548134940, 0.02799529860859950939, 0.03054032575483582937, 0.03308535290107215282, 0.03435786647419031281, 0.03563038004730846586, 0.03817540719354479278, 0.04072043433978111276 ),
 .UNSPECIFIED. ) ;
#4413 = EDGE_CURVE ( 'NONE', #5798, #1293, #6735, .T. ) ;
#4414 = CARTESIAN_POINT ( 'NONE',  ( -8.935638208900247292, -38.25752920610653973, 1.075567894609985808 ) ) ;
#4415 = CARTESIAN_POINT ( 'NONE',  ( -10.99072044207001575, -38.30149564127399486, 0.08280630144122290426 ) ) ;
#4416 = CARTESIAN_POINT ( 'NONE',  ( 18.32099509485929545, -41.54521135228135620, -8.641588651863415294 ) ) ;
#4417 = CARTESIAN_POINT ( 'NONE',  ( 5.508003405735320435, -41.96905124367470563, -0.6128881944211599375 ) ) ;
#4418 = CARTESIAN_POINT ( 'NONE',  ( -3.996469771476917732, -41.61937088233587900, -8.085602893018183579 ) ) ;
#4419 =( BOUNDED_CURVE ( )  B_SPLINE_CURVE ( 3, ( #4033, #6260, #3417, #2698 ),
 .UNSPECIFIED., .F., .F. ) 
 B_SPLINE_CURVE_WITH_KNOTS ( ( 4, 4 ),
 ( 3.405499561769564129E-17, 0.2646039478493926733 ),
 .UNSPECIFIED. ) 
 CURVE ( )  GEOMETRIC_REPRESENTATION_ITEM ( )  RATIONAL_B_SPLINE_CURVE ( ( 0.6395411310986210962, 0.3704195871135046447, 0.4905725434139643348, 1.000000000000000000 ) ) 
 REPRESENTATION_ITEM ( '' )  );
#4420 = ORIENTED_EDGE ( 'NONE', *, *, #210, .T. ) ;
#4421 = CARTESIAN_POINT ( 'NONE',  ( 1.005329874609825591, -7.378295188268048754, -53.17626167762821154 ) ) ;
#4422 = CARTESIAN_POINT ( 'NONE',  ( -7.825732886230297503, -38.01142505678363648, -4.454760232971050726 ) ) ;
#4423 = CARTESIAN_POINT ( 'NONE',  ( -8.999599704002974931, -38.30661417470950880, 0.04897923152343841569 ) ) ;
#4424 = CARTESIAN_POINT ( 'NONE',  ( 189.0500498168717627, -6.042206017172766508, 19.80219901986404452 ) ) ;
#4425 = CARTESIAN_POINT ( 'NONE',  ( 0.4875835940444509520, -6.042206017373329630, 58.61996200337870278 ) ) ;
#4426 = CARTESIAN_POINT ( 'NONE',  ( -6.143137140410981800, -41.80936722416468854, -6.578393441348751480 ) ) ;
#4427 = B_SPLINE_CURVE_WITH_KNOTS ( 'NONE', 3,
 ( #1682, #1109, #1146, #6465 ),
 .UNSPECIFIED., .F., .F.,
 ( 4, 4 ),
 ( 3.673134912109153903E-18, 0.004845463146482511391 ),
 .UNSPECIFIED. ) ;
#4428 = CARTESIAN_POINT ( 'NONE',  ( -11.79345348733379240, -37.91519949073440188, 5.410028484558130124 ) ) ;
#4429 = ORIENTED_EDGE ( 'NONE', *, *, #1097, .T. ) ;
#4430 = AXIS2_PLACEMENT_3D ( 'NONE', #5661, #3897, #1568 ) ;
#4431 = CARTESIAN_POINT ( 'NONE',  ( -7.344046676544049745, -41.74793702368554449, 8.399990846906709052 ) ) ;
#4432 = CARTESIAN_POINT ( 'NONE',  ( 0.1227619990085692114, -20.95902901126225260, -2.113182867143769694E-14 ) ) ;
#4433 = CARTESIAN_POINT ( 'NONE',  ( -7.343998297827839750, -42.11316998251304966, -0.3063469046312060073 ) ) ;
#4434 = CARTESIAN_POINT ( 'NONE',  ( 7.151307686836416266, -41.92928521132387232, -5.496028272827305550 ) ) ;
#4435 = CARTESIAN_POINT ( 'NONE',  ( -5.507994890331900706, -41.97116850191185478, -0.9195621121002949261 ) ) ;
#4436 = ORIENTED_EDGE ( 'NONE', *, *, #3933, .T. ) ;
#4437 = CARTESIAN_POINT ( 'NONE',  ( 54.50022785378352808, -6.042206017375217009, 99.01655294888156789 ) ) ;
#4438 = DIRECTION ( 'NONE',  ( -1.000000000000000000, 0.000000000000000000, 0.000000000000000000 ) ) ;
#4439 = B_SPLINE_CURVE_WITH_KNOTS ( 'NONE', 3,
 ( #2572, #1505, #1963, #3794 ),
 .UNSPECIFIED., .F., .F.,
 ( 4, 4 ),
 ( 0.000000000000000000, 1.000000000000000000 ),
 .UNSPECIFIED. ) ;
#4440 = CARTESIAN_POINT ( 'NONE',  ( -10.17797423956065650, -38.30198199073963394, 0.1036826094261347614 ) ) ;
#4441 = CARTESIAN_POINT ( 'NONE',  ( -5.870875774440378336, -37.74856016587646934, 6.846714797067312119 ) ) ;
#4442 = CARTESIAN_POINT ( 'NONE',  ( -71.46669839058749574, -6.042206017375296945, -137.7671940876994370 ) ) ;
#4443 = CARTESIAN_POINT ( 'NONE',  ( 5.594285804741863544, -41.75277436661370700, -7.051770051011572171 ) ) ;
#4444 = DIRECTION ( 'NONE',  ( -1.000000000000000000, 0.000000000000000000, 0.000000000000000000 ) ) ;
#4445 = CARTESIAN_POINT ( 'NONE',  ( 226.6457644257074833, 0.6525979942082517082, 137.9613978004092019 ) ) ;
#4446 = ORIENTED_EDGE ( 'NONE', *, *, #7527, .F. ) ;
#4447 = CARTESIAN_POINT ( 'NONE',  ( 8.068390544501568229, -42.06799906739367856, 3.998394844100291223 ) ) ;
#4448 = CARTESIAN_POINT ( 'NONE',  ( -22.00000000000000000, -40.88189669053594599, -38.76238080152555199 ) ) ;
#4449 = AXIS2_PLACEMENT_3D ( 'NONE', #4782, #6, #1309 ) ;
#4450 = CARTESIAN_POINT ( 'NONE',  ( 5.023480104072098662, -37.66629637453525703, -7.467574041295137910 ) ) ;
#4451 = CARTESIAN_POINT ( 'NONE',  ( -18.00000000000000000, -34.34959553575265545, 21.81000826438560125 ) ) ;
#4452 = CARTESIAN_POINT ( 'NONE',  ( 15.39655357538601343, -34.84069272073318047, -30.00157500932511923 ) ) ;
#4453 = CARTESIAN_POINT ( 'NONE',  ( -3.671988453322155177, -41.86434037993399215, -2.077975135882014879 ) ) ;
#4454 = CARTESIAN_POINT ( 'NONE',  ( 99.14499999999999602, -63.39640923772795134, -25.49000000000011568 ) ) ;
#4455 = EDGE_CURVE ( 'NONE', #751, #3326, #7496, .T. ) ;
#4456 = AXIS2_PLACEMENT_3D ( 'NONE', #5601, #6885, #5640 ) ;
#4457 = ORIENTED_EDGE ( 'NONE', *, *, #3559, .T. ) ;
#4458 = AXIS2_PLACEMENT_3D ( 'NONE', #349, #5091, #4329 ) ;
#4459 = CARTESIAN_POINT ( 'NONE',  ( -3.671953323285380044, -41.56764441687349887, -8.400052059778639446 ) ) ;
#4460 = CARTESIAN_POINT ( 'NONE',  ( -6.352921377681413517, -37.80558424552454966, -6.374988181773980855 ) ) ;
#4461 = CARTESIAN_POINT ( 'NONE',  ( -8.998799112008940781, -38.30460735910270387, 0.1467910492799149869 ) ) ;
#4462 = CARTESIAN_POINT ( 'NONE',  ( 190.4059769339613410, -6.042206017375307603, 5.071416349381022037 ) ) ;
#4463 = CARTESIAN_POINT ( 'NONE',  ( -8.298688820630607310, -42.10896441734907825, -3.483119646182732509 ) ) ;
#4464 = CARTESIAN_POINT ( 'NONE',  ( 8.695280199700041734, -42.19036314107322738, -2.340918832587087550 ) ) ;
#4465 = ADVANCED_FACE ( 'NONE', ( #5072 ), #6430, .F. ) ;
#4466 = ORIENTED_EDGE ( 'NONE', *, *, #4790, .F. ) ;
#4467 = CARTESIAN_POINT ( 'NONE',  ( -4.667665778224310122E-05, -41.49435253679070001, 8.400031655487991245 ) ) ;
#4468 = EDGE_LOOP ( 'NONE', ( #4374, #2634, #3525, #196 ) ) ;
#4469 = CARTESIAN_POINT ( 'NONE',  ( -9.179998297799400575, -42.31469511206929468, -0.3063571067765274991 ) ) ;
#4470 = CARTESIAN_POINT ( 'NONE',  ( -8.856036636385336891, -42.23367245003134940, -1.610322157358902606 ) ) ;
#4471 = CARTESIAN_POINT ( 'NONE',  ( 5.508005109497500662, -41.97117035344019342, -0.9195008992283648652 ) ) ;
#4472 = ORIENTED_EDGE ( 'NONE', *, *, #3812, .F. ) ;
#4473 = CARTESIAN_POINT ( 'NONE',  ( -8.426242966214328334, -42.13279135302366285, 3.175857525641616164 ) ) ;
#4474 = CARTESIAN_POINT ( 'NONE',  ( -18.00000000000000000, -37.23864361937016554, 11.44619490345241175 ) ) ;
#4475 = CARTESIAN_POINT ( 'NONE',  ( -22.00000000000000000, -6.042206017374059712, 58.61996200176549365 ) ) ;
#4476 = DIRECTION ( 'NONE',  ( 0.000000000000000000, 0.000000000000000000, -1.000000000000000000 ) ) ;
#4477 = CARTESIAN_POINT ( 'NONE',  ( -18.00000000000000000, -37.23268663085336527, -11.46756426643774063 ) ) ;
#4478 = DIRECTION ( 'NONE',  ( -0.000000000000000000, 1.000000000000000000, 0.000000000000000000 ) ) ;
#4479 = CARTESIAN_POINT ( 'NONE',  ( 12.99998113673914801, -38.31026286157670313, 0.02214597991005739369 ) ) ;
#4480 = CARTESIAN_POINT ( 'NONE',  ( -12.69257573279303131, -9.999999999999982236, -50.16455915774985641 ) ) ;
#4481 = CIRCLE ( 'NONE', #1560, 13.99999999999999822 ) ;
#4482 = VERTEX_POINT ( 'NONE', #402 ) ;
#4483 = CARTESIAN_POINT ( 'NONE',  ( 6.455514704024933437, -41.84440705624250967, 6.271260219684871018 ) ) ;
#4484 = FACE_OUTER_BOUND ( 'NONE', #1005, .T. ) ;
#4485 = CARTESIAN_POINT ( 'NONE',  ( 7.329454266676772356, -37.93383352375716555, -5.231261474611844875 ) ) ;
#4486 = CARTESIAN_POINT ( 'NONE',  ( -9.445493985774412238, -38.29960695183764585, 0.1302993733953679567 ) ) ;
#4487 = CARTESIAN_POINT ( 'NONE',  ( 13.94960136805665307, -31.74938027602376067, -35.26302507929398189 ) ) ;
#4488 = CARTESIAN_POINT ( 'NONE',  ( 7.344003405706890142, -42.11401879245455149, -0.6128779922758379461 ) ) ;
#4489 = CARTESIAN_POINT ( 'NONE',  ( -17.60597693396299945, -6.042206017372989457, -2.547411734887424772E-14 ) ) ;
#4490 = ORIENTED_EDGE ( 'NONE', *, *, #4735, .T. ) ;
#4491 = EDGE_CURVE ( 'NONE', #4409, #1594, #4419, .T. ) ;
#4492 = CARTESIAN_POINT ( 'NONE',  ( 5.101084516543970309E-05, -41.43984812867625322, -9.180021337918599755 ) ) ;
#4493 = CARTESIAN_POINT ( 'NONE',  ( -2.283816607646299346, -37.48773575297176563, -8.710645363070133484 ) ) ;
#4494 = CARTESIAN_POINT ( 'NONE',  ( 86.40000000000000568, -63.39640923772801528, 0.000000000000000000 ) ) ;
#4495 = CARTESIAN_POINT ( 'NONE',  ( 86.40000000000000568, -58.25464714294840007, 0.000000000000000000 ) ) ;
#4496 = ADVANCED_FACE ( 'NONE', ( #7503 ), #6088, .T. ) ;
#4497 = CARTESIAN_POINT ( 'NONE',  ( 96.00358351432613802, -63.39640923772800818, 8.420619387964203284 ) ) ;
#4498 = CARTESIAN_POINT ( 'NONE',  ( 6.571011841331429792, -41.85747920108688902, -6.157044308962795753 ) ) ;
#4499 = EDGE_LOOP ( 'NONE', ( #4943, #4429, #6817, #6251, #3893, #5722, #1229, #5840 ) ) ;
#4500 = CARTESIAN_POINT ( 'NONE',  ( 3.671961991660179780, -41.66660398504500051, 6.840072694917419760 ) ) ;
#4501 = COLOUR_RGB ( '',0.7921568627450980005, 0.8196078431372548767, 0.9333333333333333481 ) ;
#4502 = FILL_AREA_STYLE_COLOUR ( '', #644 ) ;
#4503 = AXIS2_PLACEMENT_3D ( 'NONE', #2740, #7393, #6226 ) ;
#4504 = ADVANCED_FACE ( 'NONE', ( #5149 ), #7420, .F. ) ;
#4505 = CARTESIAN_POINT ( 'NONE',  ( -7.343983152636480050, -42.05000831274159623, -3.031908093309129804 ) ) ;
#4506 = PRODUCT_DEFINITION ( 'UNKNOWN', '', #1130, #5108 ) ;
#4507 = CARTESIAN_POINT ( 'NONE',  ( -0.5974324343047353603, -41.48890415499061390, -8.999546381583131804 ) ) ;
#4508 = CARTESIAN_POINT ( 'NONE',  ( -9.179998865152230181, -42.32168879933809791, -0.2042550747598895211 ) ) ;
#4509 = CARTESIAN_POINT ( 'NONE',  ( 99.14500000000001023, -63.39640923772801528, -1.258898010333431831E-14 ) ) ;
#4510 = CARTESIAN_POINT ( 'NONE',  ( -18.00000000000000000, -37.24753809675054583, -11.41428795664993778 ) ) ;
#4511 = CARTESIAN_POINT ( 'NONE',  ( 180.0308632155249313, -7.397625987614705245, 28.46076421713619453 ) ) ;
#4512 = CARTESIAN_POINT ( 'NONE',  ( -9.180051010703030201, -41.81642451597864607, 9.179970327191989909 ) ) ;
#4513 = CARTESIAN_POINT ( 'NONE',  ( -6.699752149109440502, -37.84796524348688251, 6.016722714008257533 ) ) ;
#4514 = VECTOR ( 'NONE', #59, 1000.000000000000000 ) ;
#4515 = CARTESIAN_POINT ( 'NONE',  ( 99.14500000000001023, -58.25464714294840007, -1.258898010333431831E-14 ) ) ;
#4516 = CARTESIAN_POINT ( 'NONE',  ( 78.84687356048578977, -6.042206017076479085, -169.7111111089945439 ) ) ;
#4517 = CARTESIAN_POINT ( 'NONE',  ( 11.35561693001679728, -38.31026286157671024, 6.552265524354087489 ) ) ;
#4518 = DIRECTION ( 'NONE',  ( 0.000000000000000000, 0.000000000000000000, 1.000000000000000000 ) ) ;
#4519 = VERTEX_POINT ( 'NONE', #2271 ) ;
#4520 = CARTESIAN_POINT ( 'NONE',  ( -3.434856347306040281, -41.58688958740428632, 8.318763322769264335 ) ) ;
#4521 = CARTESIAN_POINT ( 'NONE',  ( 1.182004674049681237, -41.49755502532153173, 8.941581287559591473 ) ) ;
#4522 = DIRECTION ( 'NONE',  ( 0.000000000000000000, 0.000000000000000000, 1.000000000000000000 ) ) ;
#4523 = CARTESIAN_POINT ( 'NONE',  ( -10.56366543738549879, -38.30105577934650540, 0.09392226278349499746 ) ) ;
#4524 = CARTESIAN_POINT ( 'NONE',  ( 13.97220760687820729, -31.79663673883923636, -35.19042870542613599 ) ) ;
#4525 = CARTESIAN_POINT ( 'NONE',  ( -5.507970490038629485, -41.83478244410004976, -5.310691334286230081 ) ) ;
#4526 = CARTESIAN_POINT ( 'NONE',  ( 185.3328331859802063, -6.042206017369121440, 58.43903465427121091 ) ) ;
#4527 = ORIENTED_EDGE ( 'NONE', *, *, #2358, .T. ) ;
#4528 = FACE_OUTER_BOUND ( 'NONE', #4327, .T. ) ;
#4529 = CARTESIAN_POINT ( 'NONE',  ( -7.665499011121489126, -37.98533260216050422, -4.728021012985055727 ) ) ;
#4530 = CARTESIAN_POINT ( 'NONE',  ( 117.9131557670225874, -56.13001623236050364, 3.859248534111614838E-15 ) ) ;
#4531 = CARTESIAN_POINT ( 'NONE',  ( -8.972242699289962431, -42.27891282786578842, 0.7072753355835625921 ) ) ;
#4532 = CARTESIAN_POINT ( 'NONE',  ( 3.381535135277525583, -36.80229654331479594, 12.49569770670396096 ) ) ;
#4533 = CARTESIAN_POINT ( 'NONE',  ( 99.14500000000001023, -63.39640923772800818, 0.8370336955066748352 ) ) ;
#4534 = B_SPLINE_CURVE_WITH_KNOTS ( 'NONE', 3,
 ( #2484, #1955, #4290, #1421, #3749, #6092, #5555, #5086, #4540, #2171, #491, #6163, #6733, #4434, #2713, #5663, #5165, #2826, #7438, #919, #5052, #7474, #5700, #6839, #7369, #6768, #3359, #3253, #1497, #4507, #6805, #344, #2246, #3823, #954, #2207, #5589, #3396, #2675, #5011, #1608, #2749, #7334, #452, #2101, #415, #3899, #1536, #3862, #6236, #6202, #4470, #3289, #5627, #381, #2139, #1572, #6872, #991, #3322, #2784, #5736 ),
 .UNSPECIFIED., .F., .F.,
 ( 4, 2, 2, 2, 2, 2, 2, 2, 2, 2, 2, 2, 2, 2, 2, 2, 2, 2, 2, 2, 2, 2, 2, 2, 2, 2, 2, 2, 2, 2, 4 ),
 ( 0.000000000000000000, 0.01562500000000003816, 0.03125000000000007633, 0.06250000000000013878, 0.09375000000000019429, 0.1250000000000002498, 0.1875000000000003053, 0.2500000000000003331, 0.3125000000000004441, 0.3437500000000004996, 0.3750000000000004996, 0.4062500000000004996, 0.4375000000000004441, 0.4687500000000004441, 0.5000000000000003331, 0.5625000000000003331, 0.6250000000000003331, 0.6562500000000002220, 0.6875000000000002220, 0.7187500000000002220, 0.7500000000000001110, 0.7812500000000001110, 0.8125000000000001110, 0.8437500000000001110, 0.8750000000000000000, 0.9375000000000000000, 0.9531250000000000000, 0.9609375000000000000, 0.9687500000000000000, 0.9843750000000001110, 1.000000000000000000 ),
 .UNSPECIFIED. ) ;
#4535 = CARTESIAN_POINT ( 'NONE',  ( 2.891415923333284788, -41.55744571646382468, -8.528049604833711328 ) ) ;
#4536 = EDGE_LOOP ( 'NONE', ( #7232, #6552, #2392, #1603, #2797, #5073, #178, #3301 ) ) ;
#4537 = CARTESIAN_POINT ( 'NONE',  ( -3.672005109525965150, -41.88319390030805067, 0.9195111013736788630 ) ) ;
#4538 = CARTESIAN_POINT ( 'NONE',  ( -5.507961991631770360, -41.74730526027870070, -6.840082897062740308 ) ) ;
#4539 = CARTESIAN_POINT ( 'NONE',  ( 7.343961991603319639, -41.85264108032090746, 6.840093099208069738 ) ) ;
#4540 = CARTESIAN_POINT ( 'NONE',  ( 8.695199106833102931, -42.19041312910376007, -2.341126363643414532 ) ) ;
#4541 = CARTESIAN_POINT ( 'NONE',  ( -1.597721699578914989E-14, -41.80288240122314392, -4.550409309681740226E-15 ) ) ;
#4542 = ADVANCED_FACE ( 'NONE', ( #5650 ), #7440, .T. ) ;
#4543 = CARTESIAN_POINT ( 'NONE',  ( 103.1449999999999960, -58.93658393131480011, 5.007450250832799374E-15 ) ) ;
#4544 = CARTESIAN_POINT ( 'NONE',  ( -18.00000000000000000, -26.96475769767874908, -35.57686982298324807 ) ) ;
#4545 = CARTESIAN_POINT ( 'NONE',  ( -18.00000000000000000, -38.30611622139949901, -0.03690425908144105011 ) ) ;
#4546 = AXIS2_PLACEMENT_3D ( 'NONE', #4736, #7062, #3626 ) ;
#4547 = FACE_OUTER_BOUND ( 'NONE', #7162, .T. ) ;
#4548 = CARTESIAN_POINT ( 'NONE',  ( -3.644199847498051259, -37.55852724726262437, 8.234430404326795738 ) ) ;
#4549 = CARTESIAN_POINT ( 'NONE',  ( -22.00000000000000000, -40.88189669053600284, 38.76238080152555199 ) ) ;
#4550 = CARTESIAN_POINT ( 'NONE',  ( -12.55519236721481491, -38.10438435674471691, 3.398350309474818420 ) ) ;
#4551 = CARTESIAN_POINT ( 'NONE',  ( 17.01964974513821005, -31.73957597865921443, -27.38337647850489986 ) ) ;
#4552 = CARTESIAN_POINT ( 'NONE',  ( 173.3674552594681018, -6.042206017375331584, -57.30980081067629328 ) ) ;
#4553 = CARTESIAN_POINT ( 'NONE',  ( 19.07334698233630021, -40.88189669053600284, 38.76238080152555199 ) ) ;
#4554 = EDGE_CURVE ( 'NONE', #2912, #5952, #3999, .T. ) ;
#4555 = ORIENTED_EDGE ( 'NONE', *, *, #7477, .F. ) ;
#4556 = CARTESIAN_POINT ( 'NONE',  ( 5.340471426149021816, -41.72739078440606164, 7.268091282333352332 ) ) ;
#4557 = CARTESIAN_POINT ( 'NONE',  ( 4.150382189254904652, -12.80957411849635719, 54.36734255817366801 ) ) ;
#4558 = CARTESIAN_POINT ( 'NONE',  ( 6.594439258301299844, -17.36735170422222296, -50.97116147773513717 ) ) ;
#4559 = DIRECTION ( 'NONE',  ( 0.000000000000000000, 1.000000000000000000, 0.000000000000000000 ) ) ;
#4560 = DIRECTION ( 'NONE',  ( 0.000000000000000000, 0.000000000000000000, 1.000000000000000000 ) ) ;
#4561 = CARTESIAN_POINT ( 'NONE',  ( 15.99371977732367789, -36.17197053140937157, -27.23141545020252252 ) ) ;
#4562 = CARTESIAN_POINT ( 'NONE',  ( 3.672006245935305557, -41.88114297932265373, -1.124021774164253973 ) ) ;
#4563 = CARTESIAN_POINT ( 'NONE',  ( 179.0824426214870186, -13.94371515320615806, 4.163336342344334502E-14 ) ) ;
#4564 = ORIENTED_EDGE ( 'NONE', *, *, #7017, .T. ) ;
#4565 = CARTESIAN_POINT ( 'NONE',  ( 12.33325034156387012, -33.22972007004623407, 41.67014294537386832 ) ) ;
#4566 = CARTESIAN_POINT ( 'NONE',  ( -1.993464369826580818, -37.47691726430704051, -8.781409063510933422 ) ) ;
#4567 = CARTESIAN_POINT ( 'NONE',  ( 62.18275481095512447, -57.95386985700431381, -48.43449037808966295 ) ) ;
#4568 = CARTESIAN_POINT ( 'NONE',  ( -6.860877431891843514, -41.89362979042424229, 5.826653027930901452 ) ) ;
#4569 = CARTESIAN_POINT ( 'NONE',  ( -12.99407348892058955, -38.28503105431241238, 0.5006780548196582137 ) ) ;
#4570 = CARTESIAN_POINT ( 'NONE',  ( 177.7365192291142932, -9.999999999999996447, 28.66079861405710005 ) ) ;
#4571 = AXIS2_PLACEMENT_3D ( 'NONE', #1763, #1190, #3516 ) ;
#4572 = CARTESIAN_POINT ( 'NONE',  ( -7.052443787867400893, -41.91781712521832759, -5.593453870467777200 ) ) ;
#4573 = CIRCLE ( 'NONE', #425, 13.99999999999999822 ) ;
#4574 = ORIENTED_EDGE ( 'NONE', *, *, #1423, .T. ) ;
#4575 = CARTESIAN_POINT ( 'NONE',  ( -3.672006245935335311, -41.88114297891964810, 1.124021774164245979 ) ) ;
#4576 = EDGE_LOOP ( 'NONE', ( #2051, #5541 ) ) ;
#4577 = CARTESIAN_POINT ( 'NONE',  ( -9.179978988388608485, -42.16512765732630186, -3.781320175800360506 ) ) ;
#4578 = CARTESIAN_POINT ( 'NONE',  ( 9.179948989012640226, -41.81641118679824842, 9.180072348645209601 ) ) ;
#4579 = CARTESIAN_POINT ( 'NONE',  ( 18.66331082096233018, -42.14869417616430525, 3.160174127119386611 ) ) ;
#4580 = CARTESIAN_POINT ( 'NONE',  ( 5.508001701973130437, -41.96944799685734750, -0.3062754896139545102 ) ) ;
#4581 = CARTESIAN_POINT ( 'NONE',  ( -8.524632253020573813, -42.15264578086790692, 2.901450272236894001 ) ) ;
#4582 = DIRECTION ( 'NONE',  ( -1.000000000000000000, -0.000000000000000000, -0.000000000000000000 ) ) ;
#4583 = CARTESIAN_POINT ( 'NONE',  ( -22.00000000000000000, -6.042206017373979776, 58.61996200337829777 ) ) ;
#4584 = DIRECTION ( 'NONE',  ( 1.000000000000000000, 0.000000000000000000, 0.000000000000000000 ) ) ;
#4585 = CARTESIAN_POINT ( 'NONE',  ( -2.821977240243508156, -37.51152202649532086, 8.551252211724639452 ) ) ;
#4586 = CARTESIAN_POINT ( 'NONE',  ( 3.671953323285355175, -41.56764441693415080, 8.400052059778639446 ) ) ;
#4587 = EDGE_CURVE ( 'NONE', #7513, #4354, #3966, .T. ) ;
#4588 = CARTESIAN_POINT ( 'NONE',  ( -6.866363404393941217, -37.09060951184434884, 11.04692844737479085 ) ) ;
#4589 = CARTESIAN_POINT ( 'NONE',  ( 13.71927194209181877, -25.02024238665637057, -37.77056735847038738 ) ) ;
#4590 = CARTESIAN_POINT ( 'NONE',  ( 137.3679026576857325, -6.042206017375340465, -90.82964517144306171 ) ) ;
#4591 = CARTESIAN_POINT ( 'NONE',  ( -9.285803311735429943, -37.43676645719000362, 9.037306087525630360 ) ) ;
#4592 = ORIENTED_EDGE ( 'NONE', *, *, #1754, .F. ) ;
#4593 = CARTESIAN_POINT ( 'NONE',  ( -7.333263490056430634, -41.95585631887991696, 5.218492523730327903 ) ) ;
#4594 = CARTESIAN_POINT ( 'NONE',  ( 0.4230314733301681063, -36.69427047971006317, 13.00005339788555503 ) ) ;
#4595 = FACE_OUTER_BOUND ( 'NONE', #3595, .T. ) ;
#4596 = CARTESIAN_POINT ( 'NONE',  ( 6.554332678617329933, -37.83006396595194332, -6.168487577374095920 ) ) ;
#4597 = ADVANCED_FACE ( 'NONE', ( #4224 ), #4867, .F. ) ;
#4598 = CARTESIAN_POINT ( 'NONE',  ( 5.210217288358412802, -14.77986820673340596, -52.95923012508577443 ) ) ;
#4599 = CARTESIAN_POINT ( 'NONE',  ( -8.665578419826818646, -42.18400364149881199, -2.435062600803993949 ) ) ;
#4600 = CARTESIAN_POINT ( 'NONE',  ( 14.11513175758818761, -25.79945633310893172, 36.75832658992579383 ) ) ;
#4601 = CARTESIAN_POINT ( 'NONE',  ( -13.74273608753901321, -6.042206017369085025, 56.34055965669480770 ) ) ;
#4602 = ORIENTED_EDGE ( 'NONE', *, *, #5533, .T. ) ;
#4603 = FACE_OUTER_BOUND ( 'NONE', #837, .T. ) ;
#4604 = CARTESIAN_POINT ( 'NONE',  ( 0.1227619990085692114, -20.95902901126225260, -2.113182867143769694E-14 ) ) ;
#4605 = CARTESIAN_POINT ( 'NONE',  ( 159.5718911911922078, -33.22972007004717909, -146.3437823823845179 ) ) ;
#4606 = CARTESIAN_POINT ( 'NONE',  ( 2.011414967698742284, -41.52191815942261144, 8.777300994269539913 ) ) ;
#4607 = CARTESIAN_POINT ( 'NONE',  ( -7.777299902437422752, -37.21594475496163312, 10.35765891607925582 ) ) ;
#4608 = DIRECTION ( 'NONE',  ( 0.000000000000000000, 1.000000000000000000, 0.000000000000000000 ) ) ;
#4609 = CARTESIAN_POINT ( 'NONE',  ( -7.143003478469164058, -41.92979767545295289, -5.477307675898026140 ) ) ;
#4610 = ORIENTED_EDGE ( 'NONE', *, *, #6801, .T. ) ;
#4611 = CARTESIAN_POINT ( 'NONE',  ( 5.507996594094048959, -41.96905090782664871, 0.6129494072930820048 ) ) ;
#4612 = ORIENTED_EDGE ( 'NONE', *, *, #1610, .T. ) ;
#4613 = CARTESIAN_POINT ( 'NONE',  ( 5.508003405735320435, -41.96905124367470563, -0.6128881944211599375 ) ) ;
#4614 = CARTESIAN_POINT ( 'NONE',  ( 3.671961991660179780, -41.66660398504500051, 6.840072694917419760 ) ) ;
#4615 = CARTESIAN_POINT ( 'NONE',  ( 15.40142761098088897, -34.84025827444279599, 30.12802903750662153 ) ) ;
#4616 = CARTESIAN_POINT ( 'NONE',  ( -3.671978988473910022, -41.81616949220065038, -3.781289569364395309 ) ) ;
#4617 = CARTESIAN_POINT ( 'NONE',  ( 86.40000000000000568, -58.93658393131480722, 0.000000000000000000 ) ) ;
#4618 = FACE_OUTER_BOUND ( 'NONE', #1271, .T. ) ;
#4619 = CARTESIAN_POINT ( 'NONE',  ( 19.07334698233630021, -40.88189669053600284, 38.76238080152555199 ) ) ;
#4620 = DIRECTION ( 'NONE',  ( 0.000000000000000000, 1.000000000000000000, 0.000000000000000000 ) ) ;
#4621 = FACE_OUTER_BOUND ( 'NONE', #2282, .T. ) ;
#4622 = CARTESIAN_POINT ( 'NONE',  ( -17.60597693396299945, -6.042206017372989457, -2.547411734887424772E-14 ) ) ;
#4623 = EDGE_CURVE ( 'NONE', #7071, #3469, #5062, .T. ) ;
#4624 = CARTESIAN_POINT ( 'NONE',  ( -7.799661537788947996, -42.02413438379421962, -4.500333893229925941 ) ) ;
#4625 = CARTESIAN_POINT ( 'NONE',  ( 41.82942040040224185, -6.042206017375311156, -94.13402667189602369 ) ) ;
#4626 = ORIENTED_EDGE ( 'NONE', *, *, #5766, .F. ) ;
#4627 = CARTESIAN_POINT ( 'NONE',  ( -3.192109844311930456, -41.57337233321062087, 8.415505641187506214 ) ) ;
#4628 = CARTESIAN_POINT ( 'NONE',  ( 4.402240706492491107, -13.27711240911562918, 54.04050087350875486 ) ) ;
#4629 = ADVANCED_FACE ( 'NONE', ( #5099 ), #6691, .T. ) ;
#4630 = CARTESIAN_POINT ( 'NONE',  ( 9.000000000000000000, -42.30756013076910449, -3.038700567240354470E-15 ) ) ;
#4631 = CARTESIAN_POINT ( 'NONE',  ( -8.031879747376766687, -38.04697129671547629, -4.063330371585688994 ) ) ;
#4632 =( NAMED_UNIT ( * ) SI_UNIT ( $, .STERADIAN. ) SOLID_ANGLE_UNIT ( ) );
#4633 = CARTESIAN_POINT ( 'NONE',  ( -6.493896767346210908, -38.31026286157675287, 11.32506017201200699 ) ) ;
#4634 = CARTESIAN_POINT ( 'NONE',  ( -3.442120465610770452, -41.58730849588243217, -8.315757926436258884 ) ) ;
#4635 = CARTESIAN_POINT ( 'NONE',  ( 3.493117819994089768, -6.042206017370068238, 53.98290812280625772 ) ) ;
#4636 = CARTESIAN_POINT ( 'NONE',  ( 139.1842759379919983, -47.26221975847409595, 2.775557561562889773E-14 ) ) ;
#4637 = ORIENTED_EDGE ( 'NONE', *, *, #2259, .F. ) ;
#4638 = CARTESIAN_POINT ( 'NONE',  ( 32.97019672232295306, -47.26221975847412438, 30.05974408747960780 ) ) ;
#4639 = EDGE_CURVE ( 'NONE', #366, #2136, #3949, .T. ) ;
#4640 = AXIS2_PLACEMENT_3D ( 'NONE', #1432, #7118, #6028 ) ;
#4641 = CARTESIAN_POINT ( 'NONE',  ( 18.82837672200435364, -42.30756013076910449, -7.696413152913569585E-15 ) ) ;
#4642 = CARTESIAN_POINT ( 'NONE',  ( 139.1842759379911740, -47.26221975847450096, 6.464209457277149827E-15 ) ) ;
#4643 = CARTESIAN_POINT ( 'NONE',  ( -6.370339373080745382, -41.83467293998773329, 6.357585090516614024 ) ) ;
#4644 = CARTESIAN_POINT ( 'NONE',  ( -6.451764254055561310, -37.05562866904148223, 11.23092019515982898 ) ) ;
#4645 = CARTESIAN_POINT ( 'NONE',  ( 97.85470350606067313, -63.39640923772800818, 5.650095089581766317 ) ) ;
#4646 = DIRECTION ( 'NONE',  ( 1.000000000000000000, 0.000000000000000000, 0.000000000000000000 ) ) ;
#4647 = VERTEX_POINT ( 'NONE', #1619 ) ;
#4648 = CARTESIAN_POINT ( 'NONE',  ( -9.179998865152230181, -42.32168879933809791, -0.2042550747598895211 ) ) ;
#4649 = ORIENTED_EDGE ( 'NONE', *, *, #1932, .F. ) ;
#4650 = CARTESIAN_POINT ( 'NONE',  ( 9.180016847107609124, -42.20095491693644618, -3.031816274001235101 ) ) ;
#4651 = CARTESIAN_POINT ( 'NONE',  ( -7.344011546507279498, -42.08122902362369899, 2.077913923010080044 ) ) ;
#4652 = DIRECTION ( 'NONE',  ( -1.000000000000000000, 0.000000000000000000, 0.000000000000000000 ) ) ;
#4653 = CIRCLE ( 'NONE', #1370, 13.99999999999999822 ) ;
#4654 = CARTESIAN_POINT ( 'NONE',  ( 3.800828292833609322E-05, -41.59064680588684837, -6.840052290626779552 ) ) ;
#4655 =( BOUNDED_CURVE ( )  B_SPLINE_CURVE ( 3, ( #2907, #37, #6392, #5823 ),
 .UNSPECIFIED., .F., .F. ) 
 B_SPLINE_CURVE_WITH_KNOTS ( ( 4, 4 ),
 ( 5.052987889948712803E-17, 0.03035447860491669383 ),
 .UNSPECIFIED. ) 
 CURVE ( )  GEOMETRIC_REPRESENTATION_ITEM ( )  RATIONAL_B_SPLINE_CURVE ( ( 1.000000000000000000, 0.9145527911461101001, 0.8400574205436006636, 0.7765138881924715797 ) ) 
 REPRESENTATION_ITEM ( '' )  );
#4656 = CARTESIAN_POINT ( 'NONE',  ( 5.948552805829432799, -37.75859153987107675, -6.760369596194063746 ) ) ;
#4657 = DIRECTION ( 'NONE',  ( 0.000000000000000000, 0.000000000000000000, 1.000000000000000000 ) ) ;
#4658 = DIRECTION ( 'NONE',  ( 0.000000000000000000, 0.000000000000000000, 1.000000000000000000 ) ) ;
#4659 = DIRECTION ( 'NONE',  ( 0.000000000000000000, 0.000000000000000000, 1.000000000000000000 ) ) ;
#4660 = CARTESIAN_POINT ( 'NONE',  ( 185.3328331859785010, -6.042206017371060334, 1.387778780781449935E-14 ) ) ;
#4661 = CARTESIAN_POINT ( 'NONE',  ( 52.49572030001598932, -6.042206017414778252, 98.58094116114885708 ) ) ;
#4662 = CARTESIAN_POINT ( 'NONE',  ( 3.671948989097939986, -41.51274014781865418, 9.180041742209249733 ) ) ;
#4663 = CARTESIAN_POINT ( 'NONE',  ( 186.0053216956791289, -6.042206017373009885, 29.93364541595027717 ) ) ;
#4664 = VERTEX_POINT ( 'NONE', #7411 ) ;
#4665 = CARTESIAN_POINT ( 'NONE',  ( 12.98489224026336686, -38.31026286157674576, 1.719125281388177440 ) ) ;
#4666 = CARTESIAN_POINT ( 'NONE',  ( 9.244224802454052536, -22.38729163214647144, 46.57152680692119873 ) ) ;
#4667 = CARTESIAN_POINT ( 'NONE',  ( 5.694400498811264200, -15.68127300100857013, -52.29998992530350677 ) ) ;
#4668 = ORIENTED_EDGE ( 'NONE', *, *, #7527, .T. ) ;
#4669 = LINE ( 'NONE', #6999, #214 ) ;
#4670 = PRESENTATION_STYLE_ASSIGNMENT (( #1659 ) ) ;
#4671 = CARTESIAN_POINT ( 'NONE',  ( -12.69257573279303131, -6.042206017375272964, -50.16455915774985641 ) ) ;
#4672 = CARTESIAN_POINT ( 'NONE',  ( -8.927589158925878010, -42.25813964674016887, -1.143559926029073637 ) ) ;
#4673 = CARTESIAN_POINT ( 'NONE',  ( 5.508042342385039980, -41.69806081896299332, -7.620011366621420201 ) ) ;
#4674 = CARTESIAN_POINT ( 'NONE',  ( 112.9674345654848651, -50.78462308660635927, 46.07898461404099777 ) ) ;
#4675 = ORIENTED_EDGE ( 'NONE', *, *, #1372, .F. ) ;
#4676 = CARTESIAN_POINT ( 'NONE',  ( 136.4512126208165341, -20.95902901126089901, 86.80962591943116990 ) ) ;
#4677 = CARTESIAN_POINT ( 'NONE',  ( 185.3328331859785010, -6.042206017371049676, 1.211577774917876053E-14 ) ) ;
#4678 = CARTESIAN_POINT ( 'NONE',  ( 6.387213656519986849, -37.80965318013268472, 6.340631934072917808 ) ) ;
#4679 = CARTESIAN_POINT ( 'NONE',  ( -6.717016577666136357, -41.87574964033371572, 5.993276739317022539 ) ) ;
#4680 = CARTESIAN_POINT ( 'NONE',  ( -12.99864817594080080, -38.30611261494834707, 0.03755347317486755487 ) ) ;
#4681 = CARTESIAN_POINT ( 'NONE',  ( 8.999999999999991118, -38.30840103693655863, -1.888183232402019824E-14 ) ) ;
#4682 = EDGE_CURVE ( 'NONE', #6285, #6907, #2631, .T. ) ;
#4683 = CARTESIAN_POINT ( 'NONE',  ( 8.996344328663983703, -42.29540641636422293, -0.2973016664543491339 ) ) ;
#4684 = ORIENTED_EDGE ( 'NONE', *, *, #1885, .F. ) ;
#4685 = CARTESIAN_POINT ( 'NONE',  ( -5.508006245906900133, -41.96795418391710797, 1.124011572018924099 ) ) ;
#4687 = ORIENTED_EDGE ( 'NONE', *, *, #1014, .T. ) ;
#4686 = B_SPLINE_CURVE_WITH_KNOTS ( 'NONE', 3,
 ( #5799, #3960, #3421, #5189 ),
 .UNSPECIFIED., .F., .F.,
 ( 4, 4 ),
 ( 6.664114238905806495E-05, 0.9999835186213251736 ),
 .UNSPECIFIED. ) ;
#4688 = VECTOR ( 'NONE', #7299, 1000.000000000000000 ) ;
#4689 = CARTESIAN_POINT ( 'NONE',  ( 190.4059769339625063, -6.042206017373019655, 2.242215695634844533E-14 ) ) ;
#4690 = MANIFOLD_SURFACE_SHAPE_REPRESENTATION ( 'Mold sheet lower', ( #2242, #4927 ), #2107 ) ;
#4691 = EDGE_CURVE ( 'NONE', #127, #6414, #1029, .T. ) ;
#4692 = CARTESIAN_POINT ( 'NONE',  ( -5.508042342385069290, -41.69806081896500416, 7.620011366621420201 ) ) ;
#4693 = CARTESIAN_POINT ( 'NONE',  ( 78.84687356048578977, -6.042206017076479085, -169.7111111089945439 ) ) ;
#4694 = CARTESIAN_POINT ( 'NONE',  ( 9.180042342328178506, -41.93205553827840504, -7.619990962330779105 ) ) ;
#4695 = CARTESIAN_POINT ( 'NONE',  ( -3.168256077541344418, -41.57148379743266275, 8.429080374042429824 ) ) ;
#4696 = VECTOR ( 'NONE', #6407, 1000.000000000000000 ) ;
#4697 = FACE_OUTER_BOUND ( 'NONE', #4284, .T. ) ;
#4698 = CARTESIAN_POINT ( 'NONE',  ( -3.538411190403929485, -36.79903612986210248, 12.51111669583246133 ) ) ;
#4699 = CARTESIAN_POINT ( 'NONE',  ( 9.000028474184350813, -42.30708906031854610, 9.026024192389750094E-10 ) ) ;
#4700 = CARTESIAN_POINT ( 'NONE',  ( 180.0308632155249313, -7.397625987614705245, 28.46076421713619453 ) ) ;
#4701 = CARTESIAN_POINT ( 'NONE',  ( 9.179961991574881353, -41.98502101336310233, 6.840103301353389398 ) ) ;
#4702 = AXIS2_PLACEMENT_3D ( 'NONE', #5278, #4198, #3011 ) ;
#4703 = PLANE ( 'NONE',  #2025 ) ;
#4704 = ORIENTED_EDGE ( 'NONE', *, *, #2920, .F. ) ;
#4705 = CARTESIAN_POINT ( 'NONE',  ( -8.300315430146531170, -42.10926592514848465, 3.479199270582746362 ) ) ;
#4706 = CARTESIAN_POINT ( 'NONE',  ( 11.07369412462618286, -25.93920361209298164, 42.85501050541955692 ) ) ;
#4707 = DIRECTION ( 'NONE',  ( 1.000000000000000000, -0.000000000000000000, -0.000000000000000000 ) ) ;
#4708 = CARTESIAN_POINT ( 'NONE',  ( 86.40000000000000568, -58.25464714294840007, 0.000000000000000000 ) ) ;
#4709 = CARTESIAN_POINT ( 'NONE',  ( -7.405343055950828202, -37.94599160566135509, -5.115003032936374261 ) ) ;
#4710 = CARTESIAN_POINT ( 'NONE',  ( -12.69257573279303131, 20.00000000000000000, -50.16455915774985641 ) ) ;
#4711 = CARTESIAN_POINT ( 'NONE',  ( -8.998799112008940781, -38.30460735910270387, 0.1467910492799149869 ) ) ;
#4712 = CARTESIAN_POINT ( 'NONE',  ( -8.880211729521489517, -42.24124126650249877, -1.470846183091591985 ) ) ;
#4713 = CARTESIAN_POINT ( 'NONE',  ( 17.00988805141601290, -31.71837114915662070, 27.42815013133321145 ) ) ;
#4714 = CARTESIAN_POINT ( 'NONE',  ( 132.1963904380772021, -50.78462308660630242, 1.387778780781445991E-14 ) ) ;
#4715 = ORIENTED_EDGE ( 'NONE', *, *, #3853, .T. ) ;
#4716 = CARTESIAN_POINT ( 'NONE',  ( 16.28455695267262726, -36.82661910103990266, -25.79907926125578754 ) ) ;
#4717 = CARTESIAN_POINT ( 'NONE',  ( 179.8382392356312494, 10.00000000000000000, 22.50214150462253926 ) ) ;
#4718 = CARTESIAN_POINT ( 'NONE',  ( 3.772456925134824335, -37.56763139286850617, 8.171459796217606097 ) ) ;
#4719 = CARTESIAN_POINT ( 'NONE',  ( -1.117494968063858618, -41.48872398778406989, 9.000777874247246402 ) ) ;
#4720 = CARTESIAN_POINT ( 'NONE',  ( -18.42086648329450682, -4.983198181002476801, 209.6417329665889895 ) ) ;
#4721 = CARTESIAN_POINT ( 'NONE',  ( -6.866363404393941217, -37.09060951184434884, 11.04692844737479085 ) ) ;
#4722 = CARTESIAN_POINT ( 'NONE',  ( 9.000000000044700244, -42.30661043305759961, -0.1488327001490943602 ) ) ;
#4723 = EDGE_CURVE ( 'NONE', #2726, #3579, #6288, .T. ) ;
#4724 = B_SPLINE_CURVE_WITH_KNOTS ( 'NONE', 3,
 ( #2112, #319, #5138, #2685, #2723, #5098, #1038, #4989, #462, #5061, #6815, #1583, #6175, #7310, #4517, #3910, #7450, #4479 ),
 .UNSPECIFIED., .F., .F.,
 ( 4, 2, 2, 2, 2, 2, 2, 2, 4 ),
 ( 0.000000000000000000, 0.1249999999999999445, 0.2499999999999999445, 0.3749999999999999445, 0.5000000000000000000, 0.6249999999999998890, 0.7500000000000000000, 0.8750000000000000000, 1.000000000000000000 ),
 .UNSPECIFIED. ) ;
#4725 = ORIENTED_EDGE ( 'NONE', *, *, #2719, .F. ) ;
#4726 = CARTESIAN_POINT ( 'NONE',  ( 5.508021011383919863, -41.90336651180879102, -3.781238558637785019 ) ) ;
#4727 = ADVANCED_FACE ( 'NONE', ( #2760 ), #1004, .T. ) ;
#4728 = ORIENTED_EDGE ( 'NONE', *, *, #6663, .T. ) ;
#4729 = CARTESIAN_POINT ( 'NONE',  ( -10.98540041650973187, -38.30788542583763245, 0.08303991554558705357 ) ) ;
#4730 = CARTESIAN_POINT ( 'NONE',  ( -17.99999999999999645, -9.999999999999984013, -51.44449092964283921 ) ) ;
#4731 = CARTESIAN_POINT ( 'NONE',  ( -1.597721699578914989E-14, -41.80288240122314392, -4.550409309681740226E-15 ) ) ;
#4732 = CARTESIAN_POINT ( 'NONE',  ( 16.26214809830334218, -36.77548139610193800, 25.91897764408606264 ) ) ;
#4733 = CARTESIAN_POINT ( 'NONE',  ( -5.507983152664921001, -41.92983744892940479, -3.031897891163809700 ) ) ;
#4734 = CARTESIAN_POINT ( 'NONE',  ( 8.999999999999969802, -42.28582700166196418, 0.5908991358412252204 ) ) ;
#4735 = EDGE_CURVE ( 'NONE', #3326, #3046, #4817, .T. ) ;
#4736 = CARTESIAN_POINT ( 'NONE',  ( 86.39999999999983515, -9.999999999999985789, 7.233246803605738372E-15 ) ) ;
#4737 = CARTESIAN_POINT ( 'NONE',  ( -2.923372883865267724, -36.76592076060462944, 12.66752385240776846 ) ) ;
#4738 = CARTESIAN_POINT ( 'NONE',  ( 3.671970490067030024, -41.75190379147124986, 5.310681132140909533 ) ) ;
#4739 = CARTESIAN_POINT ( 'NONE',  ( 8.525315472612772894, -38.14237332761258159, 2.899284748921053811 ) ) ;
#4740 = CARTESIAN_POINT ( 'NONE',  ( 3.671961991660179780, -41.66660398504500051, 6.840072694917419760 ) ) ;
#4741 = CARTESIAN_POINT ( 'NONE',  ( 54.88684423297739556, -56.13001623236050364, -7.718497068223229677E-15 ) ) ;
#4742 = ORIENTED_EDGE ( 'NONE', *, *, #1754, .T. ) ;
#4743 = CARTESIAN_POINT ( 'NONE',  ( -8.985286031558786135, -42.28585706645421283, 0.5197548182817811613 ) ) ;
#4744 = CYLINDRICAL_SURFACE ( 'NONE', #3119, 9.000000000000000000 ) ;
#4745 = CARTESIAN_POINT ( 'NONE',  ( 11.11381206623821782, -26.01810404834292711, -42.76579358160674360 ) ) ;
#4746 = VERTEX_POINT ( 'NONE', #967 ) ;
#4747 = CARTESIAN_POINT ( 'NONE',  ( -6.352921377681413517, -37.80558424552454966, -6.374988181773980855 ) ) ;
#4748 = CARTESIAN_POINT ( 'NONE',  ( 172.6772380009915366, -20.95902901126225260, 1.056591433571883900E-14 ) ) ;
#4749 = CARTESIAN_POINT ( 'NONE',  ( 78.62372799800708378, -63.39640923772800818, -10.13238574791271240 ) ) ;
#4750 = CARTESIAN_POINT ( 'NONE',  ( -9.179948989012670424, -41.81641118698129844, -9.180072348645209601 ) ) ;
#4751 = CARTESIAN_POINT ( 'NONE',  ( -11.51018878249473687, -38.30198186976232932, 0.05472197067471591680 ) ) ;
#4752 = VECTOR ( 'NONE', #2507, 1000.000000000000000 ) ;
#4753 = ORIENTED_EDGE ( 'NONE', *, *, #5295, .T. ) ;
#4754 = CARTESIAN_POINT ( 'NONE',  ( -12.69257573279303131, 20.00000000000000000, -64.16455915774986352 ) ) ;
#4755 = CARTESIAN_POINT ( 'NONE',  ( 177.7365192291142932, -9.999999999999996447, 28.66079861405710005 ) ) ;
#4756 = CARTESIAN_POINT ( 'NONE',  ( 6.469427675811292744, -37.81978035389675341, 6.256903613195420100 ) ) ;
#4757 = CARTESIAN_POINT ( 'NONE',  ( 8.823443876106905392, -42.22437468449595599, 1.774025090430470852 ) ) ;
#4758 = CARTESIAN_POINT ( 'NONE',  ( 10.66478669031755366, -37.67955381834919848, 7.369884176765643780 ) ) ;
#4759 = CARTESIAN_POINT ( 'NONE',  ( 8.999999999999991118, -39.64113769401082266, -1.888183232402019824E-14 ) ) ;
#4760 = PLANE ( 'NONE',  #3915 ) ;
#4761 = AXIS2_PLACEMENT_3D ( 'NONE', #532, #4620, #1761 ) ;
#4762 = ORIENTED_EDGE ( 'NONE', *, *, #4939, .F. ) ;
#4763 = CARTESIAN_POINT ( 'NONE',  ( -7.343994890303470413, -42.10820886388219719, -0.9195723142456169175 ) ) ;
#4764 = EDGE_LOOP ( 'NONE', ( #5494, #4905, #3027, #3928 ) ) ;
#4765 = CYLINDRICAL_SURFACE ( 'NONE', #475, 13.99999999999999822 ) ;
#4766 = CARTESIAN_POINT ( 'NONE',  ( 7.344046676544019547, -41.74793702330200063, -8.399990846906709052 ) ) ;
#4767 = CARTESIAN_POINT ( 'NONE',  ( 3.671993753950935080, -41.88114169236509809, 1.124062582745533945 ) ) ;
#4768 = CARTESIAN_POINT ( 'NONE',  ( 8.838519513215125301, -42.22871349464015367, -1.697322210036883217 ) ) ;
#4769 = CARTESIAN_POINT ( 'NONE',  ( 12.64617182670748718, -38.13794127230115549, 2.966822268122809803 ) ) ;
#4770 = CARTESIAN_POINT ( 'NONE',  ( -3.671953323285380044, -41.56764441687349887, -8.400052059778639446 ) ) ;
#4771 = EDGE_CURVE ( 'NONE', #4519, #7513, #3263, .T. ) ;
#4772 = EDGE_LOOP ( 'NONE', ( #3567, #4362 ) ) ;
#4773 = CARTESIAN_POINT ( 'NONE',  ( 4.379210447405431417, -41.64883196059564341, 7.864226613436003710 ) ) ;
#4774 = CARTESIAN_POINT ( 'NONE',  ( -71.46669839058749574, -2.694804011583532333, -137.7671940876994086 ) ) ;
#4775 = CARTESIAN_POINT ( 'NONE',  ( 12.99854150976315559, -38.27080732749006131, 0.8745195072164828609 ) ) ;
#4776 = CARTESIAN_POINT ( 'NONE',  ( -3.800828295466734567E-05, -41.59064680554690341, 6.840052290626779552 ) ) ;
#4777 = CARTESIAN_POINT ( 'NONE',  ( 73.65499999999991587, -63.39640923772795134, -25.49000000000009081 ) ) ;
#4778 = CARTESIAN_POINT ( 'NONE',  ( -7.344046676544049745, -41.74793702368554449, 8.399990846906709052 ) ) ;
#4779 = EDGE_CURVE ( 'NONE', #4833, #7513, #2014, .T. ) ;
#4780 = FACE_OUTER_BOUND ( 'NONE', #930, .T. ) ;
#4781 = ORIENTED_EDGE ( 'NONE', *, *, #2908, .F. ) ;
#4782 = CARTESIAN_POINT ( 'NONE',  ( -4.259443137613194708, -6.042206017373009885, 0.000000000000000000 ) ) ;
#4783 = CARTESIAN_POINT ( 'NONE',  ( 18.24180574138122424, -41.37762754508979413, 9.728750081020102414 ) ) ;
#4784 = CARTESIAN_POINT ( 'NONE',  ( 18.14835077620705306, -41.17720181703200666, -10.94943957141277480 ) ) ;
#4785 = ORIENTED_EDGE ( 'NONE', *, *, #2964, .F. ) ;
#4786 = DIRECTION ( 'NONE',  ( -0.000000000000000000, 1.000000000000000000, -0.000000000000000000 ) ) ;
#4787 = CARTESIAN_POINT ( 'NONE',  ( 12.99644523611330982, -38.31026286157675287, 0.02705750318140281996 ) ) ;
#4788 = CARTESIAN_POINT ( 'NONE',  ( 74.06315266876802639, -63.39640923772800818, -3.307009894705361219 ) ) ;
#4789 = CARTESIAN_POINT ( 'NONE',  ( 19.39529427382022320, -37.09829440406650747, 11.31294689175899570 ) ) ;
#4790 = EDGE_CURVE ( 'NONE', #4915, #6514, #915, .T. ) ;
#4791 = CARTESIAN_POINT ( 'NONE',  ( 159.5718911911935436, -33.22972007004630512, 43.22219982320987697 ) ) ;
#4792 = EDGE_LOOP ( 'NONE', ( #4194, #4762, #6636, #2042, #2532 ) ) ;
#4793 = CARTESIAN_POINT ( 'NONE',  ( 110.6172451890449935, -57.95386985700429960, 0.000000000000000000 ) ) ;
#4794 = CARTESIAN_POINT ( 'NONE',  ( -18.00000000000000000, -15.84325058705650058, -47.33309916941539797 ) ) ;
#4795 = CARTESIAN_POINT ( 'NONE',  ( 8.711769031886470671, -38.18566317516354047, 2.279774708658853122 ) ) ;
#4796 = CARTESIAN_POINT ( 'NONE',  ( 7.338750820085674142, -41.95626886554431678, 5.210780767647301914 ) ) ;
#4797 = CARTESIAN_POINT ( 'NONE',  ( 11.81616067885760479, -37.92049667948513303, 5.367639389171193542 ) ) ;
#4798 = CARTESIAN_POINT ( 'NONE',  ( 3.379868194545487370, -36.78432933466405075, 12.58176381928294241 ) ) ;
#4799 = CARTESIAN_POINT ( 'NONE',  ( 3.987117118627790724, -41.61874601634018234, -8.090172964144684897 ) ) ;
#4800 = ORIENTED_EDGE ( 'NONE', *, *, #4455, .F. ) ;
#4801 = CARTESIAN_POINT ( 'NONE',  ( -9.179994890275040120, -42.29213543396684827, -0.9195825163909380207 ) ) ;
#4802 = CARTESIAN_POINT ( 'NONE',  ( -12.99553091679957895, -38.31026187940302208, 0.0001336912975863206211 ) ) ;
#4803 = EDGE_LOOP ( 'NONE', ( #968, #4649, #6222, #7515 ) ) ;
#4804 = DIRECTION ( 'NONE',  ( -0.000000000000000000, 1.000000000000000000, -0.000000000000000000 ) ) ;
#4805 = CARTESIAN_POINT ( 'NONE',  ( -8.998887288001631291, -38.31026224233491462, 0.1470156075516847738 ) ) ;
#4806 = CARTESIAN_POINT ( 'NONE',  ( 7.343998297827809552, -42.11316998287139768, 0.3063469046311975141 ) ) ;
#4807 = CARTESIAN_POINT ( 'NONE',  ( 8.962530868885377089, -42.27376212505567565, -0.8204806927104758563 ) ) ;
#4808 = CARTESIAN_POINT ( 'NONE',  ( 122.3510097528888281, -6.042206017375336913, -97.75109432128409992 ) ) ;
#4809 = CARTESIAN_POINT ( 'NONE',  ( 5.508046676572449840, -41.64574234799879804, -8.400001049052029600 ) ) ;
#4810 = ORIENTED_EDGE ( 'NONE', *, *, #2345, .F. ) ;
#4811 = CARTESIAN_POINT ( 'NONE',  ( 7.164238851134406616, -37.90917876515909057, -5.479563855726477861 ) ) ;
#4812 = CARTESIAN_POINT ( 'NONE',  ( 0.4875835940452989958, -6.042206017375280069, -58.61996200337880225 ) ) ;
#4813 = CARTESIAN_POINT ( 'NONE',  ( 7.155839774417967369, -37.12614362518129951, 10.85380494207423396 ) ) ;
#4814 = CARTESIAN_POINT ( 'NONE',  ( -5.508029509790809186, -41.83478860845939806, 5.310630121414299687 ) ) ;
#4815 = CARTESIAN_POINT ( 'NONE',  ( 6.587044394706339290, -37.83365461835141730, 6.139807389111075153 ) ) ;
#4816 = CARTESIAN_POINT ( 'NONE',  ( 7.343978988417019238, -42.01818542921504473, 3.781309973655029744 ) ) ;
#4817 = CIRCLE ( 'NONE', #6533, 13.99999999999999822 ) ;
#4818 = EDGE_CURVE ( 'NONE', #62, #5482, #6645, .T. ) ;
#4819 = CIRCLE ( 'NONE', #7377, 16.74500000000000099 ) ;
#4820 = B_SPLINE_CURVE_WITH_KNOTS ( 'NONE', 1,
 ( #4183, #4107 ),
 .UNSPECIFIED., .F., .F.,
 ( 2, 2 ),
 ( 0.000000000000000000, 1.000000000000000000 ),
 .UNSPECIFIED. ) ;
#4821 = CARTESIAN_POINT ( 'NONE',  ( 69.65500000000000114, -58.93658393131480011, -4.101342130344464114E-15 ) ) ;
#4822 = VERTEX_POINT ( 'NONE', #2585 ) ;
#4823 = CARTESIAN_POINT ( 'NONE',  ( -8.094335295761304394, -42.07253182418247661, 3.937078644265192384 ) ) ;
#4824 = FACE_BOUND ( 'NONE', #7243, .T. ) ;
#4825 = CARTESIAN_POINT ( 'NONE',  ( 18.48964006438512087, -41.90001966924867816, -6.339664782480953775 ) ) ;
#4826 = EDGE_CURVE ( 'NONE', #3239, #1052, #5315, .T. ) ;
#4827 = ORIENTED_EDGE ( 'NONE', *, *, #6470, .T. ) ;
#4828 = CARTESIAN_POINT ( 'NONE',  ( 16.35086870160395378, -36.98197473097660293, 25.38709255679851395 ) ) ;
#4829 = CARTESIAN_POINT ( 'NONE',  ( 0.5974324345150913151, -41.48890415499094786, 8.999546381519177629 ) ) ;
#4830 = CARTESIAN_POINT ( 'NONE',  ( 75.33816530206584616, -63.39640923772800818, -6.385253347286783843 ) ) ;
#4831 =( NAMED_UNIT ( * ) PLANE_ANGLE_UNIT ( ) SI_UNIT ( $, .RADIAN. ) );
#4832 = CARTESIAN_POINT ( 'NONE',  ( 13.24436795318036175, -33.22972007004624118, -1.542452698203079953 ) ) ;
#4833 = VERTEX_POINT ( 'NONE', #6715 ) ;
#4834 = CARTESIAN_POINT ( 'NONE',  ( 11.77430131814159076, -27.31954411795015503, -41.27936685753387991 ) ) ;
#4835 = SURFACE_STYLE_USAGE ( .BOTH. , #129 ) ;
#4836 = ADVANCED_FACE ( 'NONE', ( #1482 ), #4922, .T. ) ;
#4837 = CARTESIAN_POINT ( 'NONE',  ( 8.340948383042940506, -38.10470186224095812, 3.380717800715996812 ) ) ;
#4838 = CARTESIAN_POINT ( 'NONE',  ( 8.988442634721092617, -42.28908435527755927, 0.4559948064590275685 ) ) ;
#4839 = CARTESIAN_POINT ( 'NONE',  ( 12.90240308082003473, -38.22508957689770170, 1.717530544802604364 ) ) ;
#4840 = B_SPLINE_CURVE_WITH_KNOTS ( 'NONE', 3,
 ( #5130, #1069, #4014, #2716, #2250, #7372, #3398, #493, #4581, #4473, #3438, #5778, #5207, #5055, #2142, #6809, #5819, #6388, #4089, #2363, #5320, #6423, #6541, #1835, #4695, #2943, #5972, #5358, #6502, #7023, #1184, #5856, #3512, #108, #73, #3625, #608, #684, #3056, #4166, #5282, #34, #4773, #2479, #7102, #6986, #1797, #3476, #3017, #5244, #2401, #3548, #1758, #4125, #5894, #6463, #1220, #646, #1144, #5396, #2978, #4734, #7061 ),
 .UNSPECIFIED., .F., .F.,
 ( 4, 1, 2, 2, 2, 2, 2, 2, 2, 2, 2, 2, 2, 2, 2, 2, 2, 2, 2, 2, 2, 2, 2, 2, 2, 2, 2, 2, 2, 2, 2, 4 ),
 ( 0.000000000000000000, 0.03124999999999995837, 0.04687499999999993755, 0.06249999999999991673, 0.09374999999999995837, 0.1250000000000000000, 0.1875000000000001388, 0.2187500000000001665, 0.2500000000000002220, 0.2812500000000002776, 0.2968750000000002776, 0.3125000000000002220, 0.3750000000000002220, 0.4062500000000002220, 0.4218750000000002220, 0.4375000000000001665, 0.4687500000000001665, 0.5000000000000001110, 0.5625000000000000000, 0.5937500000000000000, 0.6249999999999998890, 0.6562499999999998890, 0.6718749999999998890, 0.6874999999999998890, 0.7499999999999997780, 0.7812499999999998890, 0.7968749999999998890, 0.8125000000000000000, 0.8437500000000001110, 0.8750000000000001110, 0.9375000000000001110, 1.000000000000000000 ),
 .UNSPECIFIED. ) ;
#4841 = DIRECTION ( 'NONE',  ( 0.000000000000000000, 1.000000000000000000, 0.000000000000000000 ) ) ;
#4842 = CARTESIAN_POINT ( 'NONE',  ( 10.28769034023739692, -37.60892175790021952, 7.884017555770070906 ) ) ;
#4843 = CARTESIAN_POINT ( 'NONE',  ( -6.771782860337979493, -41.88177437479737364, -5.935604861404478960 ) ) ;
#4844 = ORIENTED_EDGE ( 'NONE', *, *, #4790, .T. ) ;
#4845 = CARTESIAN_POINT ( 'NONE',  ( -9.179970489981760906, -42.08223716987230745, -5.310711738576870289 ) ) ;
#4846 = CARTESIAN_POINT ( 'NONE',  ( 8.716178755344749618, -38.18678816272383614, -2.263077362748753707 ) ) ;
#4847 = DIRECTION ( 'NONE',  ( 1.000000000000000000, -3.074555195481525416E-16, 1.561327534128339757E-31 ) ) ;
#4848 = CARTESIAN_POINT ( 'NONE',  ( 183.0705093214963597, -9.999999999999996447, 28.88037839950205310 ) ) ;
#4849 = CARTESIAN_POINT ( 'NONE',  ( 7.343993753894060283, -42.10689525742390060, 1.124082987036175929 ) ) ;
#4850 = CARTESIAN_POINT ( 'NONE',  ( 6.542202348565979264, -41.85480593795352888, -6.181343386763029635 ) ) ;
#4851 = CARTESIAN_POINT ( 'NONE',  ( -18.00000000000000000, -37.23268663085336527, -11.46756426643774063 ) ) ;
#4852 = ORIENTED_EDGE ( 'NONE', *, *, #5760, .T. ) ;
#4853 = TOROIDAL_SURFACE ( 'NONE', #3147, 20.00000000000000000, 6.000000000000000000 ) ;
#4854 = CARTESIAN_POINT ( 'NONE',  ( -0.2819784947446835610, -37.44249536513961374, -9.000475243218604149 ) ) ;
#4855 = CARTESIAN_POINT ( 'NONE',  ( -22.00000000000000000, -6.042206018788409239, -58.61996200095899212 ) ) ;
#4856 = CARTESIAN_POINT ( 'NONE',  ( 0.8856756454344161256, -36.69933927661916329, 12.97686146972482213 ) ) ;
#4857 = CARTESIAN_POINT ( 'NONE',  ( -3.672029509819239923, -41.75190828326094561, 5.310640323559619347 ) ) ;
#4858 = CARTESIAN_POINT ( 'NONE',  ( -1.975779789480172965, -37.47586184536394427, 8.785354926538582632 ) ) ;
#4859 = CARTESIAN_POINT ( 'NONE',  ( 3.671970490067030024, -41.75190379147124986, 5.310681132140909533 ) ) ;
#4860 = CARTESIAN_POINT ( 'NONE',  ( -9.180029509733939719, -42.08224734191440319, 5.310609717123659479 ) ) ;
#4861 = EDGE_LOOP ( 'NONE', ( #6529, #1996, #657, #4527 ) ) ;
#4862 = CARTESIAN_POINT ( 'NONE',  ( 151.7579227206575183, -6.042206017375256089, 81.01930832645831515 ) ) ;
#4863 = CARTESIAN_POINT ( 'NONE',  ( 18.21290210627425665, -41.31580002110946737, 10.11222807352034714 ) ) ;
#4864 = CARTESIAN_POINT ( 'NONE',  ( 52.49572030001598932, -6.042206017414778252, 98.58094116114885708 ) ) ;
#4865 =( BOUNDED_CURVE ( )  B_SPLINE_CURVE ( 3, ( #3805, #2120, #6144, #1515 ),
 .UNSPECIFIED., .F., .F. ) 
 B_SPLINE_CURVE_WITH_KNOTS ( ( 4, 4 ),
 ( 0.000000000000000000, 0.2630897960627803789 ),
 .UNSPECIFIED. ) 
 CURVE ( )  GEOMETRIC_REPRESENTATION_ITEM ( )  RATIONAL_B_SPLINE_CURVE ( ( 1.000000000000000000, 0.4905725434139648899, 0.3704195871135049223, 0.6395411310986200970 ) ) 
 REPRESENTATION_ITEM ( '' )  );
#4866 = ORIENTED_EDGE ( 'NONE', *, *, #6612, .F. ) ;
#4867 =( BOUNDED_SURFACE ( )  B_SPLINE_SURFACE ( 3, 3, ( 
 ( #6673, #855, #3685, #245, #7161, #4408, #1396 ),
 ( #6067, #167, #2538, #1318, #5453, #3641, #893 ),
 ( #817, #3192, #7279, #5988, #6138, #3154, #4914 ),
 ( #4832, #741, #2614, #2005, #3228, #2577, #3076 ),
 ( #1471, #2041, #320, #2498, #4990, #283, #1434 ),
 ( #6598, #5530, #5413, #1931, #4337, #3724, #4263 ),
 ( #7312, #3116, #4373, #1359, #5568, #6029, #780 ),
 ( #3763, #206, #2076, #7242, #5492, #6104, #4873 ),
 ( #7199, #2652, #4953, #3799, #1968, #4301, #6635 ),
 ( #6744, #2114, #3372, #2725, #5674, #1547, #3300 ) ),
 .UNSPECIFIED., .F., .F., .F. ) 
 B_SPLINE_SURFACE_WITH_KNOTS ( ( 4, 2, 2, 2, 4 ),
 ( 4, 3, 4 ),
 ( 0.000000000000000000, 0.2500000000000000000, 0.5000000000000000000, 0.7500000000000000000, 1.000000000000000000 ),
 ( 0.000000000000000000, 0.5000000000000000000, 1.000000000000000000 ),
 .UNSPECIFIED. ) 
 GEOMETRIC_REPRESENTATION_ITEM ( )  RATIONAL_B_SPLINE_SURFACE ( (
 ( 1.000000000000000000, 0.8022468501230819449, 0.8022468501230819449, 1.000000000000000000, 0.8022468501230819449, 0.8022468501230819449, 1.000000000000000000),
 ( 1.000000000000000000, 0.8022468501230819449, 0.8022468501230819449, 1.000000000000000000, 0.8022468501230819449, 0.8022468501230819449, 1.000000000000000000),
 ( 1.000000000000000000, 0.8022468501230819449, 0.8022468501230819449, 1.000000000000000000, 0.8022468501230819449, 0.8022468501230819449, 1.000000000000000000),
 ( 1.000000000000000000, 0.8022468501230819449, 0.8022468501230819449, 1.000000000000000000, 0.8022468501230819449, 0.8022468501230819449, 1.000000000000000000),
 ( 1.000000000000000000, 0.8022468501230819449, 0.8022468501230819449, 1.000000000000000000, 0.8022468501230819449, 0.8022468501230819449, 1.000000000000000000),
 ( 1.000000000000000000, 0.8022468501230819449, 0.8022468501230819449, 1.000000000000000000, 0.8022468501230819449, 0.8022468501230819449, 1.000000000000000000),
 ( 1.000000000000000000, 0.8022468501230819449, 0.8022468501230819449, 1.000000000000000000, 0.8022468501230819449, 0.8022468501230819449, 1.000000000000000000),
 ( 1.000000000000000000, 0.8022468501230819449, 0.8022468501230819449, 1.000000000000000000, 0.8022468501230819449, 0.8022468501230819449, 1.000000000000000000),
 ( 1.000000000000000000, 0.8022468501230819449, 0.8022468501230819449, 1.000000000000000000, 0.8022468501230819449, 0.8022468501230819449, 1.000000000000000000),
 ( 1.000000000000000000, 0.8022468501230819449, 0.8022468501230819449, 1.000000000000000000, 0.8022468501230819449, 0.8022468501230819449, 1.000000000000000000) ) ) 
 REPRESENTATION_ITEM ( '' )  SURFACE ( )  );
#4868 = FACE_OUTER_BOUND ( 'NONE', #1548, .T. ) ;
#4869 = CARTESIAN_POINT ( 'NONE',  ( 17.01540757202931431, -38.52100210608048059, 21.39152235570433902 ) ) ;
#4870 = CARTESIAN_POINT ( 'NONE',  ( -5.944576281754301306, -41.78629455302101547, 6.783067013500463815 ) ) ;
#4871 = CARTESIAN_POINT ( 'NONE',  ( 1.172641311452917057, -41.49943601905469137, -8.928265136071377839 ) ) ;
#4872 = FACE_OUTER_BOUND ( 'NONE', #4876, .T. ) ;
#4873 = CARTESIAN_POINT ( 'NONE',  ( 117.9131557670229995, -56.13001623236039705, 1.387778780781445991E-14 ) ) ;
#4874 = EDGE_CURVE ( 'NONE', #411, #448, #2030, .T. ) ;
#4875 = AXIS2_PLACEMENT_3D ( 'NONE', #2290, #5858, #6951 ) ;
#4876 = EDGE_LOOP ( 'NONE', ( #5771, #1905, #3968, #3751, #5101, #4827, #429, #7452 ) ) ;
#4877 = CARTESIAN_POINT ( 'NONE',  ( 110.6172451890451356, -57.95386985700427118, 14.30498233254013307 ) ) ;
#4878 = CARTESIAN_POINT ( 'NONE',  ( -12.69257573279303131, 4.000000000000000000, -70.16455915774984931 ) ) ;
#4879 = B_SPLINE_CURVE_WITH_KNOTS ( 'NONE', 1,
 ( #355, #6027 ),
 .UNSPECIFIED., .F., .F.,
 ( 2, 2 ),
 ( 0.000000000000000000, 1.000000000000000000 ),
 .UNSPECIFIED. ) ;
#4880 = CARTESIAN_POINT ( 'NONE',  ( -7.733348322956611121, -37.99680511711431308, 4.613061605332714699 ) ) ;
#4881 = CARTESIAN_POINT ( 'NONE',  ( 8.955998966516091286, -42.27053191532905174, 0.8888725902833857218 ) ) ;
#4882 = CARTESIAN_POINT ( 'NONE',  ( 190.8134217086285105, -5.512702099187779758, 1.877163863941870114E-14 ) ) ;
#4883 = DIRECTION ( 'NONE',  ( 3.074555195481525416E-16, 1.000000000000000000, -5.078222490274110485E-16 ) ) ;
#4884 = CARTESIAN_POINT ( 'NONE',  ( 9.469718511016319340, -37.46642487617674533, 8.850548598818646084 ) ) ;
#4885 = CARTESIAN_POINT ( 'NONE',  ( -8.711619854155134846, -42.19245810605391256, -2.336058875896839471 ) ) ;
#4886 = EDGE_CURVE ( 'NONE', #2735, #2088, #1543, .T. ) ;
#4887 = CARTESIAN_POINT ( 'NONE',  ( 3.672003405763750283, -41.88853576701350079, -0.6128983965664819289 ) ) ;
#4888 = CARTESIAN_POINT ( 'NONE',  ( 8.461038976107630560, -38.12914739840092437, -3.068689057082254035 ) ) ;
#4889 = DIRECTION ( 'NONE',  ( -1.000000000000000000, 0.000000000000000000, 0.000000000000000000 ) ) ;
#4890 = AXIS2_PLACEMENT_3D ( 'NONE', #5080, #3464, #558 ) ;
#4891 = CARTESIAN_POINT ( 'NONE',  ( 3.493117819994915330, -6.042206017371507976, -53.98290812280588824 ) ) ;
#4892 = CARTESIAN_POINT ( 'NONE',  ( 130.4225742748317884, -6.042206017172841115, 125.2936956264049684 ) ) ;
#4893 = CARTESIAN_POINT ( 'NONE',  ( 7.343996594065629324, -42.11401773343364852, 0.6129596094384029970 ) ) ;
#4894 = CARTESIAN_POINT ( 'NONE',  ( 4.641061094257186603, -41.66846666202669525, -7.716691598411347108 ) ) ;
#4895 = CARTESIAN_POINT ( 'NONE',  ( 0.8786768278880687788, -36.71303088488401301, 12.91354528092610643 ) ) ;
#4896 = VERTEX_POINT ( 'NONE', #5363 ) ;
#4897 = CARTESIAN_POINT ( 'NONE',  ( -4.747797953606203158, -37.64183109155034401, -7.647276103828085425 ) ) ;
#4898 = CIRCLE ( 'NONE', #7214, 13.99999999999999822 ) ;
#4899 = CARTESIAN_POINT ( 'NONE',  ( -12.99553091679957895, -38.31026187940302208, 0.0001336912975863206211 ) ) ;
#4900 = CARTESIAN_POINT ( 'NONE',  ( 5.904539818824811270, -10.42243130551445773, 51.20699116563218212 ) ) ;
#4901 = CARTESIAN_POINT ( 'NONE',  ( -9.180001701916291168, -42.31469916674569731, 0.3062550853233024784 ) ) ;
#4902 = CARTESIAN_POINT ( 'NONE',  ( -21.99999999999999289, -6.042206017373009885, 0.000000000000000000 ) ) ;
#4903 = CARTESIAN_POINT ( 'NONE',  ( -9.180001701916291168, -42.31469916674569731, 0.3062550853233024784 ) ) ;
#4904 = CARTESIAN_POINT ( 'NONE',  ( 7.343983152636440082, -42.05000831296264607, 3.031908093309124919 ) ) ;
#4905 = ORIENTED_EDGE ( 'NONE', *, *, #1842, .F. ) ;
#4906 = CARTESIAN_POINT ( 'NONE',  ( 125.9546183096161229, -6.042206017375235660, 96.26327094112956217 ) ) ;
#4907 = CARTESIAN_POINT ( 'NONE',  ( 16.55323212386021581, -37.44454064483809930, 24.30120239620881506 ) ) ;
#4908 = CARTESIAN_POINT ( 'NONE',  ( 10.24326673425071554, -24.31712708040800308, -44.61690141884650984 ) ) ;
#4909 = CARTESIAN_POINT ( 'NONE',  ( -12.40567565322030319, -38.30229695359462738, 0.06248369430271749625 ) ) ;
#4910 = CARTESIAN_POINT ( 'NONE',  ( 17.61819181798729161, -39.94927426579406671, 16.58680298797882102 ) ) ;
#4911 = CARTESIAN_POINT ( 'NONE',  ( 8.881265452359190959, -42.24139308932815595, 1.465025030861803357 ) ) ;
#4912 = CARTESIAN_POINT ( 'NONE',  ( 13.15949949251191953, -38.13805647533410337, 4.535102704269229790 ) ) ;
#4913 = CARTESIAN_POINT ( 'NONE',  ( 20.34536719873065280, -15.84325058705650058, -47.33309916941539797 ) ) ;
#4914 = CARTESIAN_POINT ( 'NONE',  ( 172.6772380009930146, -20.95902901126090256, 4.163336342344334502E-14 ) ) ;
#4915 = VERTEX_POINT ( 'NONE', #1877 ) ;
#4916 = CARTESIAN_POINT ( 'NONE',  ( 8.320548134500528548, -42.11302544963016459, 3.430574130830342128 ) ) ;
#4917 =( BOUNDED_CURVE ( )  B_SPLINE_CURVE ( 3, ( #2486, #4131, #1726, #4060 ),
 .UNSPECIFIED., .F., .F. ) 
 B_SPLINE_CURVE_WITH_KNOTS ( ( 4, 4 ),
 ( 0.05842001874979044218, 0.2645839280248690750 ),
 .UNSPECIFIED. ) 
 CURVE ( )  GEOMETRIC_REPRESENTATION_ITEM ( )  RATIONAL_B_SPLINE_CURVE ( ( 0.6524192426097297215, 0.4535810093957510225, 0.4492883055587145735, 0.6395411310986203191 ) ) 
 REPRESENTATION_ITEM ( '' )  );
#4918 = CARTESIAN_POINT ( 'NONE',  ( 20.34536719873065280, -32.29571161549034741, -26.62793936103274817 ) ) ;
#4919 = CARTESIAN_POINT ( 'NONE',  ( -8.110704132748063344, -38.06125313190173642, 3.901528963378271264 ) ) ;
#4920 = CARTESIAN_POINT ( 'NONE',  ( 8.754092605838867058, -42.20569279233433235, 2.090651971770537632 ) ) ;
#4921 = CARTESIAN_POINT ( 'NONE',  ( 17.80855601805087218, -40.39928768872052700, -14.77269559755849393 ) ) ;
#4922 = PLANE ( 'NONE',  #417 ) ;
#4923 = CARTESIAN_POINT ( 'NONE',  ( -7.798841274815790037, -42.02401491211174545, -4.501747734617215002 ) ) ;
#4924 = B_SPLINE_SURFACE_WITH_KNOTS ( 'NONE', 5, 5, ( 
 ( #114, #5825, #3592, #576, #5863, #4662, #2368, #2910, #1227 ),
 ( #78, #4778, #2407, #3065, #5250, #6507, #1764, #651, #2 ),
 ( #7028, #7108, #4130, #2331, #613, #1725, #2949, #6433, #1306 ),
 ( #6469, #1265, #5977, #2485, #5401, #4740, #7067, #1841, #4701 ),
 ( #153, #5940, #4395, #6093, #6587, #4859, #4979, #3218, #3824 ),
 ( #920, #3787, #4942, #3140, #2525, #1458, #4252, #4816, #272 ),
 ( #6018, #5590, #3254, #843, #1921, #7300, #6128, #7187, #6624 ),
 ( #2605, #345, #7148, #3183, #7230, #5520, #1347, #768, #233 ),
 ( #6696, #3671, #1995, #6734, #6053, #3102, #2065, #1498, #1422 ),
 ( #1385, #2029, #310, #5441, #2640, #3710, #4326, #194, #7267 ),
 ( #6164, #1957, #4291, #6662, #806, #5480, #4360, #3750, #2566 ),
 ( #4903, #5556, #882, #5628, #6873, #6237, #1609, #5053, #6807 ),
 ( #5128, #1068, #3437, #992, #1679, #2102, #416, #5776, #5087 ),
 ( #3974, #3397, #2750, #4013, #4541, #1642, #3323, #955, #492 ),
 ( #4508, #453, #6310, #3900, #2208, #6273, #6840, #2714, #6769 ),
 ( #1573, #3290, #1537, #7370, #5737, #7402, #4580, #5664, #2827 ),
 ( #382, #5166, #2173, #3937, #2140, #1028, #3360, #7439, #7475 ),
 ( #5701, #6346, #4435, #2785, #2676, #2247, #4471, #6911, #1106 ),
 ( #5012, #7335, #3863, #6203, #6387, #5934, #3585, #5241, #3016 ),
 ( #4088, #2286, #1834, #4052, #5281, #6985, #6422, #107, #1182 ),
 ( #1258, #7519, #4733, #6948, #2324, #5817, #3510, #1143, #2362 ),
 ( #4123, #6461, #3474, #4616, #4165, #1219, #2437, #1796, #1718 ),
 ( #683, #6501, #7100, #567, #4202, #7058, #645, #5854, #2901 ),
 ( #7558, #527, #3547, #606, #4654, #1299, #6539, #5893, #5205 ),
 ( #5357, #1757, #2942, #32, #2977, #3623, #2863, #5319, #4694 ),
 ( #7022, #72, #2400, #4770, #1871, #5970, #4809, #1339, #145 ),
 ( #6579, #720, #7141, #3052, #1914, #5393, #2477, #4245, #1075 ) ),
 .UNSPECIFIED., .F., .F., .F.,
 ( 6, 3, 3, 3, 3, 3, 3, 3, 6 ),
 ( 6, 3, 6 ),
 ( -9.180021338060340597, -5.280072925847080434, -1.533063524059694815, -0.5105101600910710857, 3.552713678800500140E-15, 0.5105101600910760817, 1.533063524059699922, 5.280072925847080434, 9.180021338060329938 ),
 ( -9.179999999999569837, -1.776356839400250070E-15, 9.179999999999560956 ),
 .UNSPECIFIED. ) ;
#4925 = CARTESIAN_POINT ( 'NONE',  ( -9.179957657387500802, -41.93204332892645425, -7.620092983783989027 ) ) ;
#4926 = CARTESIAN_POINT ( 'NONE',  ( 5.061395796987527618, -37.66975525326888885, -7.441954283201417830 ) ) ;
#4927 = AXIS2_PLACEMENT_3D ( 'NONE', #878, #4356, #3286 ) ;
#4928 = DIRECTION ( 'NONE',  ( 0.000000000000000000, 1.000000000000000000, 0.000000000000000000 ) ) ;
#4929 = PLANE ( 'NONE',  #6464 ) ;
#4930 = ADVANCED_FACE ( 'NONE', ( #4171 ), #7210, .T. ) ;
#4931 = CARTESIAN_POINT ( 'NONE',  ( 1.172683599365327289, -9.999999999999984013, -51.44449092964283921 ) ) ;
#4932 = CARTESIAN_POINT ( 'NONE',  ( 1.702058427960865117E-06, -41.79055256050195055, -0.3063060960499194851 ) ) ;
#4933 = CARTESIAN_POINT ( 'NONE',  ( 8.967640085248779869, -42.27643125755049169, -0.7627422010488597026 ) ) ;
#4934 = DIRECTION ( 'NONE',  ( 0.000000000000000000, 1.000000000000000000, 0.000000000000000000 ) ) ;
#4935 = ORIENTED_EDGE ( 'NONE', *, *, #3148, .F. ) ;
#4936 = CARTESIAN_POINT ( 'NONE',  ( 172.6772380009915935, -20.95902901126225615, -172.5544760019827208 ) ) ;
#4937 = CARTESIAN_POINT ( 'NONE',  ( -18.00000000000000000, -32.29571161549034741, 26.62793936103274817 ) ) ;
#4938 = CARTESIAN_POINT ( 'NONE',  ( -8.999851988754064891, -42.30608223088292874, 0.06361498166815075794 ) ) ;
#4939 = EDGE_CURVE ( 'NONE', #978, #5531, #7363, .T. ) ;
#4940 = CARTESIAN_POINT ( 'NONE',  ( 9.179998297799379259, -42.31469511203059852, 0.3063571067765190059 ) ) ;
#4941 = CARTESIAN_POINT ( 'NONE',  ( 6.172479061359021024, -37.78382667963097674, 6.556434620795519308 ) ) ;
#4942 = CARTESIAN_POINT ( 'NONE',  ( -5.508021011383959831, -41.90336651136514945, 3.781238558637780134 ) ) ;
#4943 = ORIENTED_EDGE ( 'NONE', *, *, #3159, .T. ) ;
#4944 = CARTESIAN_POINT ( 'NONE',  ( 146.5796312907865513, -6.042206017375250759, 84.85429477466144021 ) ) ;
#4945 = DIRECTION ( 'NONE',  ( 0.000000000000000000, 0.000000000000000000, -1.000000000000000000 ) ) ;
#4946 = FACE_OUTER_BOUND ( 'NONE', #2115, .T. ) ;
#4947 = CARTESIAN_POINT ( 'NONE',  ( 8.999487585905207254, -38.29269564666517311, 0.3108375284696444640 ) ) ;
#4948 = CARTESIAN_POINT ( 'NONE',  ( 17.40406715312591501, -39.44123797946978272, 18.42484632137303890 ) ) ;
#4949 = CARTESIAN_POINT ( 'NONE',  ( 8.995423483506332474, -42.29504149101252608, 0.3038504695440116254 ) ) ;
#4950 = CIRCLE ( 'NONE', #184, 95.72774478742267945 ) ;
#4951 = DIRECTION ( 'NONE',  ( 0.000000000000000000, 0.000000000000000000, 1.000000000000000000 ) ) ;
#4952 = CARTESIAN_POINT ( 'NONE',  ( -4.259443137613194708, -6.042206017373009885, -53.98290812280549744 ) ) ;
#4953 = CARTESIAN_POINT ( 'NONE',  ( 71.84055018553705452, -57.95386985700427118, 24.06511801717883259 ) ) ;
#4954 = ORIENTED_EDGE ( 'NONE', *, *, #441, .F. ) ;
#4955 = CARTESIAN_POINT ( 'NONE',  ( 6.531985377273286097, -38.31026286157675287, 11.30178246152879851 ) ) ;
#4956 = CARTESIAN_POINT ( 'NONE',  ( -18.00000000000000000, -26.96475769767874908, -35.57686982298324807 ) ) ;
#4957 = CARTESIAN_POINT ( 'NONE',  ( -7.379155078208662566, -37.94192410857053943, 5.152612249044662640 ) ) ;
#4958 = CARTESIAN_POINT ( 'NONE',  ( -10.97338964175832210, -38.30147973980677278, 0.08320867602088749537 ) ) ;
#4959 = CARTESIAN_POINT ( 'NONE',  ( 179.8382392356312494, -6.042206017375283622, 42.50214150462253571 ) ) ;
#4960 = CARTESIAN_POINT ( 'NONE',  ( -2.085589769737465460, -36.74288731590434054, 12.77525096984510000 ) ) ;
#4961 = CARTESIAN_POINT ( 'NONE',  ( -18.00000000000000000, -32.29571161549034741, 26.62793936103274817 ) ) ;
#4962 = ORIENTED_EDGE ( 'NONE', *, *, #2483, .F. ) ;
#4963 = CARTESIAN_POINT ( 'NONE',  ( 7.344029509762339814, -41.94464985518334998, -5.310619919268979139 ) ) ;
#4964 = CARTESIAN_POINT ( 'NONE',  ( 8.951774366113305348, -38.25673563871816185, -1.101661815228524022 ) ) ;
#4965 = CARTESIAN_POINT ( 'NONE',  ( 4.448582407358978585, -13.36317885383954263, 53.97989049432083419 ) ) ;
#4966 = DIRECTION ( 'NONE',  ( -1.000000000000000000, 0.000000000000000000, 0.000000000000000000 ) ) ;
#4967 = CARTESIAN_POINT ( 'NONE',  ( 179.8382392356312494, -9.999999999999996447, 56.50214150462254281 ) ) ;
#4968 = CARTESIAN_POINT ( 'NONE',  ( -2.011414965399197285, -41.52191815949251463, -8.777300994797769818 ) ) ;
#4969 = CARTESIAN_POINT ( 'NONE',  ( -11.88162102544398735, -37.93572511453007223, 5.215722788437174628 ) ) ;
#4970 = ORIENTED_EDGE ( 'NONE', *, *, #3605, .F. ) ;
#4971 = ADVANCED_FACE ( 'NONE', ( #3444 ), #77, .T. ) ;
#4972 = B_SPLINE_CURVE_WITH_KNOTS ( 'NONE', 3,
 ( #922, #6130, #6058, #3106, #312, #237, #7303, #7233, #2607, #1960, #3714, #4328, #6167, #7338, #6665, #3256, #3144, #4437, #884, #1388, #809, #2033, #5483, #1997, #3826, #5016, #2104, #7269, #2569, #3220, #5445, #1539, #3865, #5522, #4906, #6737, #1425, #6772, #197, #5559, #6095, #4944, #4862, #2642, #2067, #5592, #7190, #4294, #3752, #846, #3185, #7442, #1643 ),
 .UNSPECIFIED., .F., .F.,
 ( 4, 2, 2, 1, 2, 2, 2, 2, 2, 2, 2, 2, 1, 2, 2, 2, 2, 2, 1, 2, 2, 2, 2, 2, 2, 2, 2, 4 ),
 ( 0.000000000000000000, 0.04868994928617990242, 0.07303492392926989873, 0.09737989857235991586, 0.1217248732154499191, 0.1460698478585399085, 0.1704148225016299256, 0.1947597971447199428, 0.2434497464309000048, 0.2677947210739900497, 0.2921396957170800945, 0.3164846703601701394, 0.3408296450032601843, 0.3651746196463501737, 0.3895195942894402741, 0.4382095435756201973, 0.4868994928618000095, 0.5112444675048901654, 0.5355894421479800993, 0.5599344167910701442, 0.5842793914341601891, 0.6086243660772502340, 0.6329693407203402788, 0.6816592900065205907, 0.7060042646496104135, 0.7303492392927003474, 0.7546942139357903923, 0.7790391885788803261 ),
 .UNSPECIFIED. ) ;
#4973 = CARTESIAN_POINT ( 'NONE',  ( 1.480403539783131883, -37.46096902601125578, -8.882334420385957330 ) ) ;
#4974 =( NAMED_UNIT ( * ) PLANE_ANGLE_UNIT ( ) SI_UNIT ( $, .RADIAN. ) );
#4975 = CARTESIAN_POINT ( 'NONE',  ( -8.975250996855010044, -42.28044961365155530, 0.6669859870436486426 ) ) ;
#4976 = CARTESIAN_POINT ( 'NONE',  ( 3.672001702001565171, -41.89111615312410208, -0.3062856917592760020 ) ) ;
#4977 = CARTESIAN_POINT ( 'NONE',  ( -22.00000000000000000, -41.35711783730872071, 25.84158720024530709 ) ) ;
#4978 = AXIS2_PLACEMENT_3D ( 'NONE', #4161, #7096, #1374 ) ;
#4979 = CARTESIAN_POINT ( 'NONE',  ( 5.507970490038600175, -41.83478244423095305, 5.310691334286230081 ) ) ;
#4980 = EDGE_CURVE ( 'NONE', #4822, #2088, #1904, .T. ) ;
#4981 = ORIENTED_EDGE ( 'NONE', *, *, #5065, .F. ) ;
#4982 = CARTESIAN_POINT ( 'NONE',  ( 7.967007426814306292, -38.31026286157675287, 10.34592470938472353 ) ) ;
#4983 = CARTESIAN_POINT ( 'NONE',  ( -18.00000000000000000, -15.84325058705650058, 47.33309916941549744 ) ) ;
#4984 = CARTESIAN_POINT ( 'NONE',  ( -71.46669839058749574, -6.042206017375160165, 137.9613978004092019 ) ) ;
#4985 = CARTESIAN_POINT ( 'NONE',  ( -10.89843149435183101, -38.30140869533460091, 0.08500590158523584072 ) ) ;
#4986 = CARTESIAN_POINT ( 'NONE',  ( 10.81455038661171741, -25.42783980364967533, 43.44377965369491790 ) ) ;
#4987 = CARTESIAN_POINT ( 'NONE',  ( 3.724843242883058014, -41.60366366002243410, 8.198352839425425032 ) ) ;
#4988 = CARTESIAN_POINT ( 'NONE',  ( -4.885954804104387428, -41.68881359039830414, -7.559695977370591180 ) ) ;
#4989 = CARTESIAN_POINT ( 'NONE',  ( -3.369731226593761786, -38.31026286157671734, 12.66993018226392209 ) ) ;
#4990 = CARTESIAN_POINT ( 'NONE',  ( 124.9619253871092752, -38.48506133258121054, 66.88242186954947499 ) ) ;
#4991 = ORIENTED_EDGE ( 'NONE', *, *, #1660, .F. ) ;
#4992 = CARTESIAN_POINT ( 'NONE',  ( -12.11430559595160439, -38.30785232897611792, 0.03251988226170609425 ) ) ;
#4993 = CARTESIAN_POINT ( 'NONE',  ( 7.143003478522649274, -41.92979767546426473, 5.477307675787282726 ) ) ;
#4994 = CARTESIAN_POINT ( 'NONE',  ( -8.745663869736089779, -38.19548131395816881, 2.126482668078129468 ) ) ;
#4995 = FILL_AREA_STYLE ('',( #6712 ) ) ;
#4996 = CARTESIAN_POINT ( 'NONE',  ( 73.65499999999991587, -63.39640923772795134, 25.49000000000009081 ) ) ;
#4997 = CARTESIAN_POINT ( 'NONE',  ( -5.703847596417389809, -36.97913712863986291, 11.62644589431858044 ) ) ;
#4998 = MECHANICAL_DESIGN_GEOMETRIC_PRESENTATION_REPRESENTATION (  '', ( #7550 ), #7059 ) ;
#4999 = CARTESIAN_POINT ( 'NONE',  ( -1.672020900077810346, -38.31026286157670313, 13.00332901501097638 ) ) ;
#5000 = ORIENTED_EDGE ( 'NONE', *, *, #5959, .F. ) ;
#5001 = CARTESIAN_POINT ( 'NONE',  ( 69.65500000000001535, -64.66763823405520384, 7.436273818939298003E-14 ) ) ;
#5002 = CARTESIAN_POINT ( 'NONE',  ( -6.253931378221007087, -37.79365115165371947, -6.472360527773185268 ) ) ;
#5003 = DIRECTION ( 'NONE',  ( -0.000000000000000000, 1.000000000000000000, -0.000000000000000000 ) ) ;
#5004 = CARTESIAN_POINT ( 'NONE',  ( 8.187371031915686714, -14.59792089348035127, 48.11685128839572911 ) ) ;
#5005 = CARTESIAN_POINT ( 'NONE',  ( -7.051750022498742609, -41.91732078310947429, -5.594151773381492276 ) ) ;
#5006 = CARTESIAN_POINT ( 'NONE',  ( 5.372193275681408586, -36.94943378071728546, 11.77555464856057910 ) ) ;
#5007 = EDGE_LOOP ( 'NONE', ( #6379, #3466, #4457, #6005, #3725 ) ) ;
#5008 = CARTESIAN_POINT ( 'NONE',  ( -1.458072456818505946, -37.46094263372241073, -8.882368217447014658 ) ) ;
#5009 = ORIENTED_EDGE ( 'NONE', *, *, #6331, .T. ) ;
#5010 = CARTESIAN_POINT ( 'NONE',  ( 7.343998865180619617, -42.10617315468100230, 0.2042448726145590088 ) ) ;
#5011 = CARTESIAN_POINT ( 'NONE',  ( -5.940749167588516677, -41.78729603275965587, -6.767215316864216845 ) ) ;
#5012 = CARTESIAN_POINT ( 'NONE',  ( -9.179993753865669959, -42.28220595411875138, -1.124093189181503805 ) ) ;
#5013 =( GEOMETRIC_REPRESENTATION_CONTEXT ( 3 ) GLOBAL_UNCERTAINTY_ASSIGNED_CONTEXT ( ( #3325 ) ) GLOBAL_UNIT_ASSIGNED_CONTEXT ( ( #1009, #288, #6290 ) ) REPRESENTATION_CONTEXT ( 'NONE', 'WORKASPACE' ) );
#5014 = PRESENTATION_LAYER_ASSIGNMENT (  '', '', ( #6608 ) ) ;
#5015 = ORIENTED_EDGE ( 'NONE', *, *, #5813, .F. ) ;
#5016 = CARTESIAN_POINT ( 'NONE',  ( 84.02369990933142674, -6.042206017375225002, 104.0009505078311065 ) ) ;
#5017 = CARTESIAN_POINT ( 'NONE',  ( -18.00000000000000000, -34.34959553575265545, 21.81000826438560125 ) ) ;
#5018 = CARTESIAN_POINT ( 'NONE',  ( 3.493117819994089768, -6.042206017370068238, 53.98290812280625772 ) ) ;
#5019 = FACE_OUTER_BOUND ( 'NONE', #2383, .T. ) ;
#5020 = CARTESIAN_POINT ( 'NONE',  ( 7.518085158393000178, -19.10416710236532012, 49.54583357756740014 ) ) ;
#5021 = EDGE_CURVE ( 'NONE', #6626, #2897, #5644, .T. ) ;
#5022 = CARTESIAN_POINT ( 'NONE',  ( -18.00000000000000000, -13.61379151055186476, -48.98141518066959321 ) ) ;
#5023 = CARTESIAN_POINT ( 'NONE',  ( 8.923309911279099893, -42.25620273517714764, -1.182401480781521297 ) ) ;
#5024 = FACE_OUTER_BOUND ( 'NONE', #3408, .T. ) ;
#5025 = DIRECTION ( 'NONE',  ( 0.000000000000000000, 0.000000000000000000, 1.000000000000000000 ) ) ;
#5026 = EDGE_LOOP ( 'NONE', ( #2895, #6589 ) ) ;
#5027 = CARTESIAN_POINT ( 'NONE',  ( 8.873533754391708328, -42.23925881302155005, 1.506545272641975020 ) ) ;
#5028 = CARTESIAN_POINT ( 'NONE',  ( -5.934699940904749838, -41.78666077060823625, 6.772552961975944363 ) ) ;
#5029 = CARTESIAN_POINT ( 'NONE',  ( -5.654198378494574406, -37.72778416349179054, 7.004006769073472860 ) ) ;
#5030 = CARTESIAN_POINT ( 'NONE',  ( -18.00000000000000000, -26.96475769767874908, 35.57686982298324807 ) ) ;
#5031 = EDGE_CURVE ( 'NONE', #6514, #4915, #5564, .T. ) ;
#5032 = CARTESIAN_POINT ( 'NONE',  ( 13.13801136419384008, -30.06742168998550113, -37.74518126954605890 ) ) ;
#5033 = B_SPLINE_CURVE_WITH_KNOTS ( 'NONE', 3,
 ( #7019, #3581, #1793, #4120, #679, #5352, #7136, #757, #103, #5427, #1910, #3092, #4386, #1984, #5468, #7326, #6724, #5617, #7293, #221, #6080, #6759 ),
 .UNSPECIFIED., .F., .F.,
 ( 4, 2, 2, 2, 2, 2, 2, 2, 2, 2, 4 ),
 ( 4.201283418381329682E-19, 0.01703952613440984365, 0.02129940766801230109, 0.02555928920161476547, 0.03407905226881968730, 0.03833893380242212739, 0.04259881533602457443, 0.05111857840322945462, 0.05537845993683190859, 0.05963834147043435563, 0.06815810453763923582 ),
 .UNSPECIFIED. ) ;
#5034 = CARTESIAN_POINT ( 'NONE',  ( -5.507978988445479729, -41.90336194457290020, -3.781299771509714969 ) ) ;
#5035 = CARTESIAN_POINT ( 'NONE',  ( 19.07334698233634995, -40.88189669053594599, -38.76238080152555199 ) ) ;
#5036 = CLOSED_SHELL ( 'NONE', ( #563, #2729, #307, #5594, #4273, #5257, #6232, #1788, #6621, #2864, #6004, #4542, #1983, #577, #3284, #2063, #7396, #2439, #7204, #1193, #256, #1139, #5827, #3279, #5861, #154, #1898, #4971, #4321, #5169, #298, #3210, #339, #4180, #5999, #6926, #7069, #6935, #1326, #200 ) ) ;
#5037 = ORIENTED_EDGE ( 'NONE', *, *, #6148, .T. ) ;
#5038 = CARTESIAN_POINT ( 'NONE',  ( -9.179961991574911551, -41.98502101360424632, -6.840103301353379628 ) ) ;
#5039 = CARTESIAN_POINT ( 'NONE',  ( -6.147876938766351884, -37.78113454908404378, -6.573876416473563467 ) ) ;
#5040 = CARTESIAN_POINT ( 'NONE',  ( 0.000000000000000000, -63.39640923772800818, 0.000000000000000000 ) ) ;
#5041 = CARTESIAN_POINT ( 'NONE',  ( 168.0238501401080953, -9.999999999999996447, 50.01348028672948942 ) ) ;
#5042 = CARTESIAN_POINT ( 'NONE',  ( 12.33149801250252864, -22.33217733694991836, 40.96895585333863465 ) ) ;
#5043 = CARTESIAN_POINT ( 'NONE',  ( -7.641839318962874827, -42.00044897382650078, -4.762613083350902166 ) ) ;
#5044 = CARTESIAN_POINT ( 'NONE',  ( 2.972793944930507415, -36.78051886602172260, 12.59866457442561938 ) ) ;
#5045 = ORIENTED_EDGE ( 'NONE', *, *, #1224, .F. ) ;
#5046 = VECTOR ( 'NONE', #2402, 1000.000000000000000 ) ;
#5047 = CARTESIAN_POINT ( 'NONE',  ( -7.344021011355519768, -42.01819183912319744, 3.781228356492460474 ) ) ;
#5048 = CARTESIAN_POINT ( 'NONE',  ( 139.1842759379912309, -47.26221975847436596, -105.5685518759823793 ) ) ;
#5049 = ORIENTED_EDGE ( 'NONE', *, *, #149, .T. ) ;
#5050 = B_SPLINE_SURFACE_WITH_KNOTS ( 'NONE', 3, 1, ( 
 ( #7205, #5498 ),
 ( #287, #4341 ),
 ( #6109, #6711 ),
 ( #2045, #2082 ) ),
 .UNSPECIFIED., .F., .F., .F.,
 ( 4, 4 ),
 ( 2, 2 ),
 ( 0.000000000000000000, 1.000000000000000000 ),
 ( 0.000000000000000000, 1.000000000000000000 ),
 .UNSPECIFIED. ) ;
#5051 = CARTESIAN_POINT ( 'NONE',  ( -5.109582830806989399E-06, -41.79199488310535315, 0.9195315056643229568 ) ) ;
#5052 = CARTESIAN_POINT ( 'NONE',  ( 3.713581939387924802, -41.60296283757958946, -8.203433096385619905 ) ) ;
#5053 = CARTESIAN_POINT ( 'NONE',  ( 7.343998297827809552, -42.11316998287139768, 0.3063469046311975141 ) ) ;
#5054 = ORIENTED_EDGE ( 'NONE', *, *, #5547, .F. ) ;
#5055 = CARTESIAN_POINT ( 'NONE',  ( -7.139714280351779685, -41.92899167001515082, 5.487489749016829066 ) ) ;
#5056 = CARTESIAN_POINT ( 'NONE',  ( -18.00000000000000000, -32.29571161549034741, 26.62793936103274817 ) ) ;
#5057 = CARTESIAN_POINT ( 'NONE',  ( 186.0053216956791289, -6.042206017373009885, 29.93364541595027717 ) ) ;
#5058 = CARTESIAN_POINT ( 'NONE',  ( 3.213225714669715405, -37.53238910830183528, 8.411982799948617640 ) ) ;
#5059 = DIRECTION ( 'NONE',  ( 0.000000000000000000, 1.000000000000000000, 0.000000000000000000 ) ) ;
#5060 = EDGE_CURVE ( 'NONE', #3764, #1360, #3353, .T. ) ;
#5061 = CARTESIAN_POINT ( 'NONE',  ( 1.723392542192731858, -38.31026286157670313, 12.99662023406230738 ) ) ;
#5062 = LINE ( 'NONE', #393, #3720 ) ;
#5063 = EDGE_LOOP ( 'NONE', ( #2770, #338, #3950, #7016, #284, #4742, #7052, #6540 ) ) ;
#5064 = CARTESIAN_POINT ( 'NONE',  ( 8.989298634764404383, -42.28977000480869464, 0.4387973733906421758 ) ) ;
#5065 = EDGE_CURVE ( 'NONE', #5482, #798, #2802, .T. ) ;
#5066 = CARTESIAN_POINT ( 'NONE',  ( 4.507258743276181256, -41.65849136941201181, 7.791527700383330313 ) ) ;
#5067 = B_SPLINE_CURVE_WITH_KNOTS ( 'NONE', 3,
 ( #7322, #5652, #4421, #3885 ),
 .UNSPECIFIED., .F., .F.,
 ( 4, 4 ),
 ( 1.748223473168675632E-18, 0.004725527330980769901 ),
 .UNSPECIFIED. ) ;
#5068 = CARTESIAN_POINT ( 'NONE',  ( 5.891674550336088778, -37.75245464587113986, -6.809871620912387513 ) ) ;
#5069 = SURFACE_STYLE_USAGE ( .BOTH. , #1589 ) ;
#5070 = CARTESIAN_POINT ( 'NONE',  ( 4.395625670819868880, -13.26482794014300559, -54.04913969335563451 ) ) ;
#5071 = CARTESIAN_POINT ( 'NONE',  ( -5.507996594094088927, -41.96905090737419641, -0.6129494072930899984 ) ) ;
#5072 = FACE_OUTER_BOUND ( 'NONE', #4792, .T. ) ;
#5073 = ORIENTED_EDGE ( 'NONE', *, *, #5505, .F. ) ;
#5074 = AXIS2_PLACEMENT_3D ( 'NONE', #2944, #1644, #3940 ) ;
#5075 = CARTESIAN_POINT ( 'NONE',  ( -9.179948989012670424, -41.81641118698129844, -9.180072348645209601 ) ) ;
#5076 = EDGE_CURVE ( 'NONE', #7142, #696, #65, .T. ) ;
#5077 = CARTESIAN_POINT ( 'NONE',  ( -2.717805019524197174, -37.50723064660112982, -8.581161116683638568 ) ) ;
#5078 = CARTESIAN_POINT ( 'NONE',  ( 40.60360956192334925, -50.78462308660660085, -1.121688059249859863E-14 ) ) ;
#5079 = CARTESIAN_POINT ( 'NONE',  ( 187.6928397494046976, -6.042206017375293392, 23.83971842335542846 ) ) ;
#5080 = CARTESIAN_POINT ( 'NONE',  ( 179.8382392356312494, -9.999999999999996447, 42.50214150462253571 ) ) ;
#5081 = EDGE_CURVE ( 'NONE', #7461, #7313, #4325, .T. ) ;
#5082 = CARTESIAN_POINT ( 'NONE',  ( 183.9642609141919820, -6.042206017375715277, 19.12989504551653752 ) ) ;
#5083 = ORIENTED_EDGE ( 'NONE', *, *, #3704, .F. ) ;
#5084 = CARTESIAN_POINT ( 'NONE',  ( 5.507983152664880144, -41.92983744923065359, 3.031897891163805259 ) ) ;
#5085 = CARTESIAN_POINT ( 'NONE',  ( -5.507988453293719999, -41.96221732396909943, -2.077985338027334983 ) ) ;
#5086 = CARTESIAN_POINT ( 'NONE',  ( 8.767197443539377133, -42.20836885425534035, -2.055276000501592204 ) ) ;
#5087 = CARTESIAN_POINT ( 'NONE',  ( 9.179998865152189325, -42.32168879929979965, 0.2042550747598805283 ) ) ;
#5088 = UNCERTAINTY_MEASURE_WITH_UNIT (LENGTH_MEASURE( 1.000000000000000082E-05 ), #2843, 'distance_accuracy_value', 'NONE');
#5089 = ORIENTED_EDGE ( 'NONE', *, *, #399, .T. ) ;
#5090 = DIRECTION ( 'NONE',  ( 1.000000000000000000, 0.000000000000000000, 0.000000000000000000 ) ) ;
#5091 = DIRECTION ( 'NONE',  ( 1.000000000000000000, 0.000000000000000000, 0.000000000000000000 ) ) ;
#5092 = DIRECTION ( 'NONE',  ( 0.000000000000000000, 0.000000000000000000, 1.000000000000000000 ) ) ;
#5093 = CARTESIAN_POINT ( 'NONE',  ( 149.6614994673866192, -58.99259783589941009, 126.5229989347731561 ) ) ;
#5094 = CARTESIAN_POINT ( 'NONE',  ( -5.416906142376970656, -37.70113605852728256, 7.210955222585489821 ) ) ;
#5095 = CARTESIAN_POINT ( 'NONE',  ( -7.929382310915684684, -37.22121167322490010, 10.33688513324069369 ) ) ;
#5096 = B_SPLINE_CURVE_WITH_KNOTS ( 'NONE', 3,
 ( #946, #2855, #2819, #2279, #7468, #5807, #3892, #4464, #2166, #447, #3390, #2894, #559, #5197, #1022, #4498, #5234, #3465, #6832, #7551, #2237, #6798, #5157, #5729, #1565, #4535, #5658, #6229, #986, #6267, #7512, #3317, #1135, #2743, #7395, #6904, #1671, #1602, #3927, #483, #6866, #1636, #3354, #5694, #3967, #5119, #2201, #7431, #6303, #1061, #4572, #4609, #4006, #6378, #6338, #6941, #1096, #3429, #5768, #519, #1709, #4044, #7049 ),
 .UNSPECIFIED., .F., .F.,
 ( 4, 1, 2, 2, 2, 2, 2, 2, 2, 2, 2, 2, 2, 2, 2, 2, 2, 2, 2, 2, 2, 2, 2, 2, 2, 2, 2, 2, 2, 2, 2, 4 ),
 ( 0.000000000000000000, 0.03124999999999988204, 0.04687499999999981959, 0.06249999999999976408, 0.09374999999999963918, 0.1249999999999995004, 0.1874999999999992784, 0.2187499999999991118, 0.2499999999999989730, 0.2812499999999988343, 0.2968749999999987788, 0.3124999999999987232, 0.3749999999999986677, 0.4062499999999986677, 0.4218749999999986677, 0.4374999999999986677, 0.4687499999999986677, 0.4999999999999986677, 0.5624999999999986677, 0.5937499999999986677, 0.6249999999999986677, 0.6562499999999986677, 0.6718749999999986677, 0.6874999999999987788, 0.7499999999999991118, 0.7812499999999993339, 0.7968749999999994449, 0.8124999999999994449, 0.8437499999999995559, 0.8749999999999995559, 0.9374999999999997780, 1.000000000000000000 ),
 .UNSPECIFIED. ) ;
#5097 = CARTESIAN_POINT ( 'NONE',  ( 130.4225742748317884, -6.042206017172841115, 125.2936956264049684 ) ) ;
#5098 = CARTESIAN_POINT ( 'NONE',  ( -7.952213677233445743, -38.31026286157668892, 10.42326805731026873 ) ) ;
#5099 = FACE_OUTER_BOUND ( 'NONE', #403, .T. ) ;
#5100 = AXIS2_PLACEMENT_3D ( 'NONE', #1658, #4559, #4522 ) ;
#5101 = ORIENTED_EDGE ( 'NONE', *, *, #6432, .F. ) ;
#5102 = CARTESIAN_POINT ( 'NONE',  ( -5.877881537358602415, -41.78060226167114166, 6.817428304544476347 ) ) ;
#5103 = CARTESIAN_POINT ( 'NONE',  ( -7.807794422164849202, -42.02388257571293195, 4.515217814911602012 ) ) ;
#5104 = CARTESIAN_POINT ( 'NONE',  ( 3.516301793982246959, -37.55118181666912847, -8.284692725692735848 ) ) ;
#5105 = CARTESIAN_POINT ( 'NONE',  ( -18.00000000000000000, -6.042206017372979687, 53.98290812280559692 ) ) ;
#5106 = CARTESIAN_POINT ( 'NONE',  ( 4.464124465785042517, -13.39204597922918261, -53.95954377174309968 ) ) ;
#5107 = CARTESIAN_POINT ( 'NONE',  ( 9.180021011327060165, -42.16513681420755688, -3.781218154347145255 ) ) ;
#5108 = PRODUCT_DEFINITION_CONTEXT ( 'detailed design', #5326, 'design' ) ;
#5109 = CARTESIAN_POINT ( 'NONE',  ( -17.60597693396296748, -6.042206017372975246, -208.0119538679261098 ) ) ;
#5110 = EDGE_LOOP ( 'NONE', ( #5423, #2308, #2519, #1863, #2272, #3067, #41, #3555, #2202, #1533, #5521, #7050, #359, #5162 ) ) ;
#5111 = CARTESIAN_POINT ( 'NONE',  ( 185.3328331859802063, -6.042206017369121440, 58.43903465427121091 ) ) ;
#5112 = CARTESIAN_POINT ( 'NONE',  ( -6.344387613161989847, -37.80454588790033199, -6.383483225704140729 ) ) ;
#5113 = DIRECTION ( 'NONE',  ( 0.000000000000000000, 0.000000000000000000, 1.000000000000000000 ) ) ;
#5114 = CARTESIAN_POINT ( 'NONE',  ( 18.33893971436015136, -34.67225479754897322, 20.24001009770658754 ) ) ;
#5115 = CARTESIAN_POINT ( 'NONE',  ( -5.322493484603421088, -36.94374680974575398, 11.80483386132839918 ) ) ;
#5116 =( BOUNDED_CURVE ( )  B_SPLINE_CURVE ( 3, ( #3367, #6953, #5707, #2791 ),
 .UNSPECIFIED., .F., .F. ) 
 B_SPLINE_CURVE_WITH_KNOTS ( ( 4, 4 ),
 ( 3.141592653589793116, 4.712388980384689674 ),
 .UNSPECIFIED. ) 
 CURVE ( )  GEOMETRIC_REPRESENTATION_ITEM ( )  RATIONAL_B_SPLINE_CURVE ( ( 1.000000000000000000, 0.8047378541243649375, 0.8047378541243649375, 1.000000000000000000 ) ) 
 REPRESENTATION_ITEM ( '' )  );
#5117 = CARTESIAN_POINT ( 'NONE',  ( 97.46183469793416521, -63.39640923772800818, 6.385253347286776737 ) ) ;
#5118 = EDGE_CURVE ( 'NONE', #3117, #5926, #4534, .T. ) ;
#5119 = CARTESIAN_POINT ( 'NONE',  ( -4.885954818024750068, -41.68881359355819427, -7.559695952715092204 ) ) ;
#5120 = VERTEX_POINT ( 'NONE', #7401 ) ;
#5121 = CARTESIAN_POINT ( 'NONE',  ( 5.507998297856239844, -41.96944676530809915, 0.3063367024858759669 ) ) ;
#5122 = AXIS2_PLACEMENT_3D ( 'NONE', #2609, #314, #6774 ) ;
#5123 = ORIENTED_EDGE ( 'NONE', *, *, #7422, .T. ) ;
#5124 = CARTESIAN_POINT ( 'NONE',  ( 3.672006245935305557, -41.88114297932265373, -1.124021774164253973 ) ) ;
#5125 = EDGE_CURVE ( 'NONE', #3087, #6520, #1443, .T. ) ;
#5126 = CARTESIAN_POINT ( 'NONE',  ( -7.344029509762370012, -41.94464985508825094, 5.310619919268979139 ) ) ;
#5127 = CARTESIAN_POINT ( 'NONE',  ( 1.830535571396272321, -8.517065818621018636, 57.20936597003512958 ) ) ;
#5128 = CARTESIAN_POINT ( 'NONE',  ( -9.180001134563481102, -42.32169833820390181, 0.2041530533066639730 ) ) ;
#5129 = VECTOR ( 'NONE', #3122, 1000.000000000000000 ) ;
#5130 = CARTESIAN_POINT ( 'NONE',  ( -9.000028474184428973, -42.30708906031859584, -8.070543590473060038E-10 ) ) ;
#5131 = CARTESIAN_POINT ( 'NONE',  ( -18.00000000000000000, -38.09024766049640220, -5.834977158582510093 ) ) ;
#5132 = DIRECTION ( 'NONE',  ( 0.000000000000000000, 0.000000000000000000, 1.000000000000000000 ) ) ;
#5133 = CARTESIAN_POINT ( 'NONE',  ( 5.507948989069509693, -41.58977544985609853, 9.180051944354570281 ) ) ;
#5134 = CARTESIAN_POINT ( 'NONE',  ( -9.000000000000000000, -38.30472699488110777, -1.718667784195345147E-09 ) ) ;
#5135 = CARTESIAN_POINT ( 'NONE',  ( -3.672051010788329961, -41.51274637537379419, 9.180000933627960436 ) ) ;
#5136 = CARTESIAN_POINT ( 'NONE',  ( -18.00000000000000000, -26.96475769767874908, 35.57686982298324807 ) ) ;
#5137 = FACE_OUTER_BOUND ( 'NONE', #6320, .T. ) ;
#5138 = CARTESIAN_POINT ( 'NONE',  ( -12.64384698155560294, -38.31026286157671024, 3.466316902698127311 ) ) ;
#5139 = CIRCLE ( 'NONE', #737, 12.74499999999999922 ) ;
#5140 = CARTESIAN_POINT ( 'NONE',  ( -8.998799112008940781, 11.74493434166574168, 0.1470188481355286236 ) ) ;
#5141 = ORIENTED_EDGE ( 'NONE', *, *, #210, .F. ) ;
#5142 = CARTESIAN_POINT ( 'NONE',  ( 3.722877358726445873, -41.60425385087778238, 8.194143260714769283 ) ) ;
#5143 = CARTESIAN_POINT ( 'NONE',  ( 2.127997359229703456, -36.73081807447239555, 12.83170681138291869 ) ) ;
#5144 = CARTESIAN_POINT ( 'NONE',  ( -6.767258734529315589, -41.88123878047188953, 5.940727052385796014 ) ) ;
#5145 = CARTESIAN_POINT ( 'NONE',  ( 8.204128900548189662, -38.07788029544551023, -3.712525025941173951 ) ) ;
#5146 = DIRECTION ( 'NONE',  ( 0.000000000000000000, 0.000000000000000000, -1.000000000000000000 ) ) ;
#5147 = CARTESIAN_POINT ( 'NONE',  ( 4.681995846981872766, -13.79687070773893964, -53.67240214597579495 ) ) ;
#5148 = CARTESIAN_POINT ( 'NONE',  ( 9.180016847107609124, -42.20095491693644618, -3.031816274001235101 ) ) ;
#5149 = FACE_OUTER_BOUND ( 'NONE', #1300, .T. ) ;
#5150 = ORIENTED_EDGE ( 'NONE', *, *, #4237, .F. ) ;
#5151 = CARTESIAN_POINT ( 'NONE',  ( 85.49059373981739895, -20.95902901126090256, 86.27244506407519964 ) ) ;
#5152 = CARTESIAN_POINT ( 'NONE',  ( -7.471677653546951348, -37.95595495445346046, -5.017384221488977225 ) ) ;
#5153 = CARTESIAN_POINT ( 'NONE',  ( 33.61572406200880181, -47.26221975847439438, -1.292841891455429965E-14 ) ) ;
#5154 = CARTESIAN_POINT ( 'NONE',  ( -8.958427629459684738, -42.27170887189578252, 0.8640977772457101302 ) ) ;
#5155 = CARTESIAN_POINT ( 'NONE',  ( 5.374447944033645008, -36.94866191865542504, 11.78015037859026570 ) ) ;
#5156 = CARTESIAN_POINT ( 'NONE',  ( 92.05012271759748899, -63.39640923772800818, 11.45477020588810113 ) ) ;
#5157 = CARTESIAN_POINT ( 'NONE',  ( 4.506785025709773684, -41.65634213987098633, -7.812882558150867851 ) ) ;
#5158 = ORIENTED_EDGE ( 'NONE', *, *, #910, .F. ) ;
#5159 = CARTESIAN_POINT ( 'NONE',  ( -1.134705643865839777E-06, -41.79338277993004880, 0.2042040640332719870 ) ) ;
#5160 =( BOUNDED_CURVE ( )  B_SPLINE_CURVE ( 3, ( #3114, #6634, #125, #3723 ),
 .UNSPECIFIED., .F., .F. ) 
 B_SPLINE_CURVE_WITH_KNOTS ( ( 4, 4 ),
 ( 0.000000000000000000, 0.2630897960627802123 ),
 .UNSPECIFIED. ) 
 CURVE ( )  GEOMETRIC_REPRESENTATION_ITEM ( )  RATIONAL_B_SPLINE_CURVE ( ( 1.000000000000000000, 0.4905725434139648899, 0.3704195871135049223, 0.6395411310986200970 ) ) 
 REPRESENTATION_ITEM ( '' )  );
#5161 = ADVANCED_FACE ( 'NONE', ( #604 ), #6984, .F. ) ;
#5162 = ORIENTED_EDGE ( 'NONE', *, *, #265, .T. ) ;
#5163 = CARTESIAN_POINT ( 'NONE',  ( 7.344016847136050963, -42.05001507918065329, -3.031826476146554761 ) ) ;
#5164 = CARTESIAN_POINT ( 'NONE',  ( -5.508021011383959831, -41.90336651136514945, 3.781238558637780134 ) ) ;
#5165 = CARTESIAN_POINT ( 'NONE',  ( 5.492542446118926946, -41.74082137628351319, -7.154204522285613876 ) ) ;
#5166 = CARTESIAN_POINT ( 'NONE',  ( -7.343996594065659522, -42.11401773308335095, -0.6129596094384109906 ) ) ;
#5167 = CARTESIAN_POINT ( 'NONE',  ( 0.000000000000000000, -63.39640923772800818, 0.000000000000000000 ) ) ;
#5168 = CARTESIAN_POINT ( 'NONE',  ( -18.00000000000000000, -38.31026286157670313, 0.1470188481355287902 ) ) ;
#5169 = ADVANCED_FACE ( 'NONE', ( #1756 ), #2601, .T. ) ;
#5170 = DIRECTION ( 'NONE',  ( -0.000000000000000000, -0.000000000000000000, 1.000000000000000000 ) ) ;
#5171 = CARTESIAN_POINT ( 'NONE',  ( 86.40000000000000568, -64.66763823405520384, 0.000000000000000000 ) ) ;
#5172 = CARTESIAN_POINT ( 'NONE',  ( 6.587044394698652994, -37.83365461834841881, 6.139807389136285209 ) ) ;
#5173 = CARTESIAN_POINT ( 'NONE',  ( -5.101084519470870296E-05, -41.43984812856500355, 9.180021337918599755 ) ) ;
#5174 = CARTESIAN_POINT ( 'NONE',  ( -18.00000000000000000, -32.29571161549034741, -26.62793936103274817 ) ) ;
#5175 = CARTESIAN_POINT ( 'NONE',  ( 185.3328331859785010, -6.042206017371060334, 1.387778780781449935E-14 ) ) ;
#5176 = CARTESIAN_POINT ( 'NONE',  ( 106.4279850605143309, -6.042206017375335136, -102.2087636050862187 ) ) ;
#5177 = CARTESIAN_POINT ( 'NONE',  ( -12.04744192408440639, -37.97541854685472629, 4.825452626121108146 ) ) ;
#5178 = VERTEX_POINT ( 'NONE', #6385 ) ;
#5179 = CARTESIAN_POINT ( 'NONE',  ( -7.182690512221626022, -41.93519104092258942, 5.426475355585922422 ) ) ;
#5180 = CARTESIAN_POINT ( 'NONE',  ( 12.91106183899524851, -38.22379448183227879, 1.739527030179434552 ) ) ;
#5181 = CARTESIAN_POINT ( 'NONE',  ( 8.540508561671158461, -42.15408513233833077, 2.899993689378775663 ) ) ;
#5182 = CARTESIAN_POINT ( 'NONE',  ( 8.420675104223867891, -38.12074107260836087, -3.178518764641504291 ) ) ;
#5183 = CARTESIAN_POINT ( 'NONE',  ( 73.65499999999991587, -63.39640923772795134, -25.49000000000009081 ) ) ;
#5184 = CARTESIAN_POINT ( 'NONE',  ( 16.22709167331761293, -36.69949305795389449, -26.05230048096555251 ) ) ;
#5185 = CARTESIAN_POINT ( 'NONE',  ( -8.436596162362205220, -42.13462442736140190, -3.150785667097051768 ) ) ;
#5186 = CARTESIAN_POINT ( 'NONE',  ( 6.245992168675559985E-06, -41.78975016829365074, -1.124042178454895957 ) ) ;
#5187 = CARTESIAN_POINT ( 'NONE',  ( 149.6614994673865908, -58.99259783589949535, 7.747299283199699130E-15 ) ) ;
#5188 = ORIENTED_EDGE ( 'NONE', *, *, #1941, .F. ) ;
#5189 = CARTESIAN_POINT ( 'NONE',  ( -8.998887288000474882, -38.31026224233492883, 0.1470156075517272953 ) ) ;
#5190 = VECTOR ( 'NONE', #5455, 1000.000000000000000 ) ;
#5191 = CARTESIAN_POINT ( 'NONE',  ( 179.0824426214854839, -13.94371515320777100, -185.3648852429707858 ) ) ;
#5192 = CARTESIAN_POINT ( 'NONE',  ( 62.18275481095519552, -57.95386985700429960, -5.931514360986089564E-15 ) ) ;
#5193 = CARTESIAN_POINT ( 'NONE',  ( -8.705333590422766221, -42.19288530280179828, 2.302875602739588690 ) ) ;
#5194 = CARTESIAN_POINT ( 'NONE',  ( 7.131479127374634963, -37.13505141806450638, 10.80494002133623077 ) ) ;
#5195 = CARTESIAN_POINT ( 'NONE',  ( 73.65500000000000114, -63.39640923772800818, -2.064450201827639861E-15 ) ) ;
#5196 = AXIS2_PLACEMENT_3D ( 'NONE', #4480, #2149, #5025 ) ;
#5197 = CARTESIAN_POINT ( 'NONE',  ( 7.139714283309891663, -41.92899167242659786, -5.487489725487441738 ) ) ;
#5198 = VERTEX_POINT ( 'NONE', #4122 ) ;
#5199 = CARTESIAN_POINT ( 'NONE',  ( 5.508001134620309713, -41.97551094644109781, -0.2041734575973165045 ) ) ;
#5200 = ORIENTED_EDGE ( 'NONE', *, *, #1519, .T. ) ;
#5201 = EDGE_CURVE ( 'NONE', #247, #5473, #5456, .T. ) ;
#5202 = CARTESIAN_POINT ( 'NONE',  ( 1.154662097816547910E-05, -41.78218312152495173, -2.077954731591369786 ) ) ;
#5203 = CARTESIAN_POINT ( 'NONE',  ( 7.343953323228490149, -41.74792629672320032, 8.400072464069278766 ) ) ;
#5204 = CARTESIAN_POINT ( 'NONE',  ( -13.15518455823439936, -36.65699875535980112, 13.16961417038971938 ) ) ;
#5205 = CARTESIAN_POINT ( 'NONE',  ( 9.180038008140760653, -41.98503258754269751, -6.840001279900169706 ) ) ;
#5206 = ADVANCED_FACE ( 'NONE', ( #643 ), #4087, .F. ) ;
#5207 = CARTESIAN_POINT ( 'NONE',  ( -7.314966204480226608, -41.95287628164233951, 5.251525786732147871 ) ) ;
#5208 = DIRECTION ( 'NONE',  ( -0.000000000000000000, 1.000000000000000000, 0.000000000000000000 ) ) ;
#5209 = CARTESIAN_POINT ( 'NONE',  ( 3.419772135426968340, -38.31026286157669603, 12.65651523543034962 ) ) ;
#5210 = FACE_OUTER_BOUND ( 'NONE', #3489, .T. ) ;
#5211 = FACE_OUTER_BOUND ( 'NONE', #4071, .T. ) ;
#5212 = CARTESIAN_POINT ( 'NONE',  ( 22.32986575890220848, -39.92365077371959359, -1.569265696386032736E-14 ) ) ;
#5213 = CARTESIAN_POINT ( 'NONE',  ( -6.574779823692688652, -41.85792683005898596, -6.153007855667170567 ) ) ;
#5214 = CARTESIAN_POINT ( 'NONE',  ( -18.00000000000000000, -26.96475769767874908, -35.57686982298324807 ) ) ;
#5215 = ADVANCED_FACE ( 'NONE', ( #1142 ), #566, .F. ) ;
#5216 = CARTESIAN_POINT ( 'NONE',  ( -8.517575139169796472, -37.31825850430189462, 9.766994773429274801 ) ) ;
#5217 = EDGE_LOOP ( 'NONE', ( #4302, #7432, #2848, #3096 ) ) ;
#5218 = CARTESIAN_POINT ( 'NONE',  ( -3.317250445668090908, -41.58022711353587653, 8.366506900978434302 ) ) ;
#5219 = CARTESIAN_POINT ( 'NONE',  ( 4.379046827309331924, -13.23404121727992511, 54.07078013166549368 ) ) ;
#5220 = CARTESIAN_POINT ( 'NONE',  ( 3.173329564671791392, -10.99923940664808342, -55.59141982739494381 ) ) ;
#5221 = CARTESIAN_POINT ( 'NONE',  ( 8.951774366113305348, -38.25673563871816185, -1.101661815228524022 ) ) ;
#5222 = SURFACE_SIDE_STYLE ('',( #6962 ) ) ;
#5223 = DIRECTION ( 'NONE',  ( -0.000000000000000000, 1.000000000000000000, -0.000000000000000000 ) ) ;
#5224 = CARTESIAN_POINT ( 'NONE',  ( -8.803261074653194740, -42.21873120470734619, -1.872060501303972613 ) ) ;
#5225 = CARTESIAN_POINT ( 'NONE',  ( 7.344046676544019547, -41.74793702330200063, -8.399990846906709052 ) ) ;
#5226 = CARTESIAN_POINT ( 'NONE',  ( 159.5718911911934867, -33.22972007004624118, 2.775557561562889773E-14 ) ) ;
#5227 = VERTEX_POINT ( 'NONE', #1795 ) ;
#5228 = CARTESIAN_POINT ( 'NONE',  ( 42.40893209317441404, -33.22972007004630512, 72.71224217743807117 ) ) ;
#5229 = CARTESIAN_POINT ( 'NONE',  ( 172.6772380009915366, -20.95902901126225260, 1.056591433571883900E-14 ) ) ;
#5230 = CARTESIAN_POINT ( 'NONE',  ( 139.1842759379912309, -47.26221975847436596, -105.5685518759823793 ) ) ;
#5231 = CARTESIAN_POINT ( 'NONE',  ( 3.433219361932326130, -41.58679584628276160, 8.319436760004650822 ) ) ;
#5232 = CARTESIAN_POINT ( 'NONE',  ( -8.517575139169796472, -37.31825850430189462, 9.766994773429274801 ) ) ;
#5233 = CARTESIAN_POINT ( 'NONE',  ( 87.23648195563481522, -63.39640923772800818, 12.74503609769137569 ) ) ;
#5234 = CARTESIAN_POINT ( 'NONE',  ( 6.152739422750316045, -41.80995600508009602, -6.575047183395328787 ) ) ;
#5235 = VERTEX_POINT ( 'NONE', #1218 ) ;
#5236 = CARTESIAN_POINT ( 'NONE',  ( -3.672001702001594925, -41.89111615275825073, 0.3062856917592675088 ) ) ;
#5237 = ORIENTED_EDGE ( 'NONE', *, *, #5678, .T. ) ;
#5238 = CARTESIAN_POINT ( 'NONE',  ( -7.343970490010189422, -41.94464159680104842, -5.310701536431549741 ) ) ;
#5239 = CARTESIAN_POINT ( 'NONE',  ( -7.344046676544049745, -41.74793702368554449, 8.399990846906709052 ) ) ;
#5240 = CARTESIAN_POINT ( 'NONE',  ( 8.997463673674943152, -42.30071007631976698, -0.2138539286408595030 ) ) ;
#5241 = CARTESIAN_POINT ( 'NONE',  ( 7.344006245878440531, -42.10689846338710396, -1.124001369873609990 ) ) ;
#5242 = CIRCLE ( 'NONE', #1944, 13.99999999999999822 ) ;
#5243 = B_SPLINE_CURVE_WITH_KNOTS ( 'NONE', 1,
 ( #570, #494 ),
 .UNSPECIFIED., .F., .F.,
 ( 2, 2 ),
 ( 0.000000000000000000, 1.000000000000000000 ),
 .UNSPECIFIED. ) ;
#5244 = CARTESIAN_POINT ( 'NONE',  ( 6.772476292235913853, -41.88187927763444662, 5.934833202987086942 ) ) ;
#5245 = CARTESIAN_POINT ( 'NONE',  ( -18.00000000000000000, -6.042206017372989457, -53.98290812280549744 ) ) ;
#5246 = CARTESIAN_POINT ( 'NONE',  ( -22.00000000000000000, -42.30756013076910449, -5.181181809388050601E-15 ) ) ;
#5247 = CYLINDRICAL_SURFACE ( 'NONE', #3839, 16.74499999999999744 ) ;
#5248 = CARTESIAN_POINT ( 'NONE',  ( 5.507953323256919553, -41.64573389331380326, 8.400062261923959994 ) ) ;
#5249 = CARTESIAN_POINT ( 'NONE',  ( 149.6614994673866192, -58.99259783589941009, -126.5229989347731561 ) ) ;
#5250 = CARTESIAN_POINT ( 'NONE',  ( -4.667665778224310122E-05, -41.49435253679070001, 8.400031655487991245 ) ) ;
#5251 = CARTESIAN_POINT ( 'NONE',  ( 78.84687356048578977, -6.042206017076479085, -169.7111111089945439 ) ) ;
#5252 = ORIENTED_EDGE ( 'NONE', *, *, #7388, .F. ) ;
#5253 = CARTESIAN_POINT ( 'NONE',  ( -8.996243070942702147, -42.29849452152704004, 0.2601859036434296946 ) ) ;
#5254 = CARTESIAN_POINT ( 'NONE',  ( 6.642240151312511998, -17.45706301643600966, 50.89910702671462417 ) ) ;
#5255 = CARTESIAN_POINT ( 'NONE',  ( 4.326338304368328558, -13.13617347185706663, -54.13943767511274530 ) ) ;
#5256 = AXIS2_PLACEMENT_3D ( 'NONE', #7549, #2315, #3539 ) ;
#5257 = ADVANCED_FACE ( 'NONE', ( #526 ), #31, .F. ) ;
#5258 = ORIENTED_EDGE ( 'NONE', *, *, #7262, .F. ) ;
#5259 = CARTESIAN_POINT ( 'NONE',  ( -7.331836197835109203, -37.93512228336505387, -5.220500515900978300 ) ) ;
#5260 = FILL_AREA_STYLE_COLOUR ( '', #3788 ) ;
#5261 = CARTESIAN_POINT ( 'NONE',  ( 7.967007426814302740, -38.31026286157675287, 10.34592470938472530 ) ) ;
#5262 = CARTESIAN_POINT ( 'NONE',  ( 97.46177466968175906, -63.39640923772801528, -6.385213237670071429 ) ) ;
#5263 = CARTESIAN_POINT ( 'NONE',  ( -7.343961991603340067, -41.85264108029669927, -6.840093099208059080 ) ) ;
#5264 = CARTESIAN_POINT ( 'NONE',  ( 136.4512126208165341, -20.95902901126089901, 86.80962591943116990 ) ) ;
#5265 = EDGE_LOOP ( 'NONE', ( #6859, #5651, #3636, #1672 ) ) ;
#5266 = PLANE ( 'NONE',  #2493 ) ;
#5267 = VECTOR ( 'NONE', #2085, 1000.000000000000000 ) ;
#5268 = CARTESIAN_POINT ( 'NONE',  ( 159.5718911911924920, -33.22972007004714357, 8.960972233485210097E-15 ) ) ;
#5269 = EDGE_CURVE ( 'NONE', #5120, #1435, #6247, .T. ) ;
#5270 = CARTESIAN_POINT ( 'NONE',  ( 0.6194118823429958232, -37.44308570447426376, 8.996091782711619800 ) ) ;
#5271 = CARTESIAN_POINT ( 'NONE',  ( -8.315635226560306847, -42.11211087100529937, 3.442422686483910699 ) ) ;
#5272 = CARTESIAN_POINT ( 'NONE',  ( -1.664579644026541017, -36.72965448912327702, 12.83661218700579454 ) ) ;
#5273 = DIRECTION ( 'NONE',  ( -1.000000000000000000, 0.000000000000000000, 0.000000000000000000 ) ) ;
#5274 = CARTESIAN_POINT ( 'NONE',  ( 8.853447039702187382, -42.23290427536120717, -1.624237476656881896 ) ) ;
#5275 = VERTEX_POINT ( 'NONE', #5298 ) ;
#5276 = CARTESIAN_POINT ( 'NONE',  ( -9.180003405678480277, -42.30370947905574752, 0.6128677901305089604 ) ) ;
#5277 = ORIENTED_EDGE ( 'NONE', *, *, #901, .F. ) ;
#5278 = CARTESIAN_POINT ( 'NONE',  ( 0.000000000000000000, -63.39640923772800818, 0.000000000000000000 ) ) ;
#5279 = CARTESIAN_POINT ( 'NONE',  ( -3.672029509819239923, -41.75190828326094561, 5.310640323559619347 ) ) ;
#5280 = CARTESIAN_POINT ( 'NONE',  ( 12.42434533572373034, -28.62274824581179189, 39.64606518200969276 ) ) ;
#5281 = CARTESIAN_POINT ( 'NONE',  ( 1.154662097816547910E-05, -41.78218312152495173, -2.077954731591369786 ) ) ;
#5282 = CARTESIAN_POINT ( 'NONE',  ( 3.724233400016087714, -41.60358023394560689, 8.198607031904828091 ) ) ;
#5283 = CARTESIAN_POINT ( 'NONE',  ( 20.34536719873065280, -26.96475769767874908, -35.57686982298324807 ) ) ;
#5284 = CARTESIAN_POINT ( 'NONE',  ( 19.07334698233630021, -42.30756013076910449, -5.181181809388050601E-15 ) ) ;
#5285 = CARTESIAN_POINT ( 'NONE',  ( -4.146379788449834791, -36.83728242637289441, 12.32843503719368705 ) ) ;
#5286 = CARTESIAN_POINT ( 'NONE',  ( 181.1205124361628123, -6.042206017369094795, 28.56098748355245931 ) ) ;
#5287 = CARTESIAN_POINT ( 'NONE',  ( 4.715131940752496753, -8.260677104220874867, -52.64353508175642560 ) ) ;
#5288 = CARTESIAN_POINT ( 'NONE',  ( 103.1449999999999960, -64.66763823405520384, -3.513069802952425362E-14 ) ) ;
#5289 = ORIENTED_EDGE ( 'NONE', *, *, #1177, .T. ) ;
#5290 = CARTESIAN_POINT ( 'NONE',  ( -8.852999158293027193, -42.23277707434871076, 1.626468249677606170 ) ) ;
#5291 = CARTESIAN_POINT ( 'NONE',  ( 10.30663598497991984, -24.44019140188365924, 44.48796897247938631 ) ) ;
#5292 = DIRECTION ( 'NONE',  ( 0.000000000000000000, 0.000000000000000000, 1.000000000000000000 ) ) ;
#5293 = VERTEX_POINT ( 'NONE', #2496 ) ;
#5294 = CARTESIAN_POINT ( 'NONE',  ( 18.36470010174025802, -41.63163358148816684, 8.007278867275559264 ) ) ;
#5295 = EDGE_CURVE ( 'NONE', #1136, #2453, #6154, .T. ) ;
#5296 = CARTESIAN_POINT ( 'NONE',  ( -12.69257573279303131, 4.000000000000000000, -50.16455915774985641 ) ) ;
#5297 = FACE_OUTER_BOUND ( 'NONE', #2431, .T. ) ;
#5298 = CARTESIAN_POINT ( 'NONE',  ( -18.00000000000000000, -38.30611622139949901, -0.03690425908144105011 ) ) ;
#5299 = CARTESIAN_POINT ( 'NONE',  ( 14.94029696737944057, -27.43725857416298908, 34.53617372093035698 ) ) ;
#5300 = CARTESIAN_POINT ( 'NONE',  ( 13.24436795318036175, -33.22972007004624118, -1.542452698203079953 ) ) ;
#5301 = EDGE_CURVE ( 'NONE', #3391, #978, #7246, .T. ) ;
#5302 = EDGE_LOOP ( 'NONE', ( #6728, #7412 ) ) ;
#5303 = CARTESIAN_POINT ( 'NONE',  ( 17.00542194861171552, -38.49691178929413127, -21.46260581704389381 ) ) ;
#5304 = LINE ( 'NONE', #1818, #547 ) ;
#5305 = CARTESIAN_POINT ( 'NONE',  ( 8.999987150092637833, -38.30413965686235400, 0.01520848997229347528 ) ) ;
#5306 = CARTESIAN_POINT ( 'NONE',  ( -6.408113600300377577, -41.83906161782241639, 6.319546554339317446 ) ) ;
#5307 = CARTESIAN_POINT ( 'NONE',  ( 18.82837672200435364, -42.30756013076910449, -7.696413152913569585E-15 ) ) ;
#5308 = CARTESIAN_POINT ( 'NONE',  ( -4.187117516072378365, -36.84015914712933437, 12.31457687599423600 ) ) ;
#5309 = CARTESIAN_POINT ( 'NONE',  ( 6.780546681006405230, -41.88126064080002919, -5.947524589890755387 ) ) ;
#5310 = EDGE_CURVE ( 'NONE', #1915, #347, #1405, .T. ) ;
#5311 = ORIENTED_EDGE ( 'NONE', *, *, #6425, .F. ) ;
#5312 = CARTESIAN_POINT ( 'NONE',  ( 9.180006245850009350, -42.28221066246755555, -1.123991167728289886 ) ) ;
#5313 = EDGE_LOOP ( 'NONE', ( #2438, #2689, #4083, #4178 ) ) ;
#5314 = CARTESIAN_POINT ( 'NONE',  ( -4.806316116916199199, -37.64678904170001061, 7.610561052883576316 ) ) ;
#5315 = CIRCLE ( 'NONE', #4211, 13.99999999999999822 ) ;
#5316 = CARTESIAN_POINT ( 'NONE',  ( 20.13201909064075323, -38.30748449334880235, -0.07350728171799320032 ) ) ;
#5317 = CARTESIAN_POINT ( 'NONE',  ( -3.672001134648780418, -41.88910343542099923, 0.2041836597426290312 ) ) ;
#5318 = CARTESIAN_POINT ( 'NONE',  ( -9.511568403844728536E-15, -63.39640923772800818, 0.000000000000000000 ) ) ;
#5319 = CARTESIAN_POINT ( 'NONE',  ( 7.344042342356609687, -41.80212089860880553, -7.620001164476099653 ) ) ;
#5320 = CARTESIAN_POINT ( 'NONE',  ( -5.242742583165240333, -41.71982075942550949, 7.316815523864316440 ) ) ;
#5321 = CARTESIAN_POINT ( 'NONE',  ( 20.36082540615130299, -38.31026286157670313, -0.1470188481355378107 ) ) ;
#5322 = CARTESIAN_POINT ( 'NONE',  ( -3.232406974668756927, -36.78135654460059101, 12.59493631026105831 ) ) ;
#5323 = CARTESIAN_POINT ( 'NONE',  ( 3.671993753950935080, -41.88114169236509809, 1.124062582745533945 ) ) ;
#5324 = CARTESIAN_POINT ( 'NONE',  ( 8.766261849579526810, -38.20028563261596588, 2.058754798204769365 ) ) ;
#5325 = B_SPLINE_CURVE_WITH_KNOTS ( 'NONE', 3,
 ( #4276, #2470, #4964, #6003, #4846, #3774, #7290, #4888, #3737, #830, #3654, #7132, #1446, #3167, #2053, #1407, #1907, #2513, #295, #5543, #6719, #4238, #4383, #792, #6572, #5506, #1331, #3127, #1486, #2589, #753, #5465, #7216, #258, #218, #2551, #3089, #3813, #4926, #4312, #4348, #6683, #5425, #6647, #442, #2090, #6828, #2664, #1522, #980, #5653, #3312, #405, #2737, #7463, #6792, #1091, #5724, #2232, #2161, #4566, #4493, #5077, #2196, #6263, #7425, #1631, #5578, #3849, #332, #3348, #5687, #7391, #476, #1017, #2701, #368, #5039, #5002, #6899, #1666, #5112, #4460, #3961, #7323, #7359, #6297, #1054, #1596, #3923, #2127, #2772, #5152, #4529, #4422, #6861, #3385, #6756, #6188, #2813, #4000, #1558, #6332, #5614, #3887, #940, #3275, #6224, #6449 ),
 .UNSPECIFIED., .F., .F.,
 ( 4, 2, 2, 2, 1, 2, 2, 2, 2, 1, 2, 2, 2, 1, 1, 1, 1, 2, 2, 2, 2, 1, 1, 1, 1, 2, 2, 2, 2, 1, 1, 1, 2, 2, 2, 2, 2, 2, 1, 1, 1, 1, 2, 2, 2, 2, 2, 1, 1, 1, 2, 2, 2, 1, 1, 1, 1, 2, 2, 2, 2, 1, 1, 1, 2, 2, 2, 4 ),
 ( 0.000000000000000000, 0.06249999999999604483, 0.09374999999999406031, 0.1093749999999930750, 0.1171874999999925615, 0.1210937499999923117, 0.1249999999999920619, 0.1562499999999894806, 0.1718749999999881761, 0.1796874999999875100, 0.1835937499999872047, 0.1874999999999869271, 0.2187499999999843736, 0.2343749999999830969, 0.2421874999999823752, 0.2460937499999820144, 0.2480468749999817646, 0.2490234374999817368, 0.2499999999999817091, 0.2812499999999811817, 0.2968749999999809597, 0.3046874999999807931, 0.3085937499999806821, 0.3105468749999806821, 0.3115234374999806266, 0.3120117187499805711, 0.3124999999999805711, 0.3437499999999819034, 0.3593749999999825140, 0.3671874999999828471, 0.3710937499999830136, 0.3730468749999830691, 0.3740234374999831246, 0.3749999999999831246, 0.4374999999999883982, 0.4999999999999936717, 0.5624999999999988898, 0.5937500000000016653, 0.6093750000000029976, 0.6171875000000035527, 0.6210937500000038858, 0.6230468750000041078, 0.6240234375000042188, 0.6250000000000044409, 0.6875000000000122125, 0.7187500000000160982, 0.7343750000000180966, 0.7421875000000190958, 0.7460937500000195399, 0.7480468750000197620, 0.7490234375000197620, 0.7500000000000197620, 0.7812500000000217604, 0.7968750000000226485, 0.8046875000000229816, 0.8085937500000232037, 0.8105468750000232037, 0.8115234375000230926, 0.8125000000000230926, 0.8437500000000197620, 0.8593750000000180966, 0.8671875000000173195, 0.8710937500000167644, 0.8730468750000165423, 0.8740234375000165423, 0.8750000000000164313, 0.9375000000000082157, 1.000000000000000000 ),
 .UNSPECIFIED. ) ;
#5326 = APPLICATION_CONTEXT ( 'automotive_design' ) ;
#5327 = FACE_OUTER_BOUND ( 'NONE', #2409, .T. ) ;
#5328 = CARTESIAN_POINT ( 'NONE',  ( 54.88684423297736714, -56.13001623236052495, -63.02631153404517761 ) ) ;
#5329 = ORIENTED_EDGE ( 'NONE', *, *, #960, .T. ) ;
#5330 = CARTESIAN_POINT ( 'NONE',  ( -8.993211611673238792, -42.29403050485924354, 0.3529244019422037026 ) ) ;
#5331 = CARTESIAN_POINT ( 'NONE',  ( 11.26410552087562067, -26.31393109093001925, 42.42993022351615195 ) ) ;
#5332 = CARTESIAN_POINT ( 'NONE',  ( -22.00000000000000000, -42.30756013076910449, -5.767085840894440826E-15 ) ) ;
#5333 = CARTESIAN_POINT ( 'NONE',  ( -9.445493985774412238, -38.29960695183764585, 0.1302993733953679567 ) ) ;
#5334 = CARTESIAN_POINT ( 'NONE',  ( -3.400501555375480933, -37.54409799129540204, -8.332867584350303503 ) ) ;
#5335 = DIRECTION ( 'NONE',  ( -0.03672652268866424125, 5.510199031599038307E-18, 0.9993253536917788837 ) ) ;
#5336 = CARTESIAN_POINT ( 'NONE',  ( -9.000000000000000000, -42.30756013076910449, -3.141681964310334650E-15 ) ) ;
#5337 = CARTESIAN_POINT ( 'NONE',  ( 7.344038008169199827, -41.85265049061969478, -6.840011482045489366 ) ) ;
#5338 = CARTESIAN_POINT ( 'NONE',  ( 86.22349912700521202, -58.93658393131480011, 16.74406976937894953 ) ) ;
#5339 = ORIENTED_EDGE ( 'NONE', *, *, #166, .T. ) ;
#5340 = CARTESIAN_POINT ( 'NONE',  ( 9.208829813742948289, -22.31090597220266503, -46.70557286528439533 ) ) ;
#5341 = FACE_OUTER_BOUND ( 'NONE', #5007, .T. ) ;
#5342 = CARTESIAN_POINT ( 'NONE',  ( -3.341150730729465668, -37.54046432099383424, 8.356845803149511198 ) ) ;
#5343 = CARTESIAN_POINT ( 'NONE',  ( 6.047590599841329961, -41.79917675037440006, 6.665878458865782896 ) ) ;
#5344 = CARTESIAN_POINT ( 'NONE',  ( -12.69257573279303131, 20.00000000000000000, -36.16455915774986352 ) ) ;
#5345 = CARTESIAN_POINT ( 'NONE',  ( -6.498105429578026282, -37.04876725759191913, 11.26742120388084878 ) ) ;
#5346 = CARTESIAN_POINT ( 'NONE',  ( 7.795034039570919226, -42.02341597742190515, -4.508439121268592586 ) ) ;
#5347 = ORIENTED_EDGE ( 'NONE', *, *, #6844, .T. ) ;
#5348 = CARTESIAN_POINT ( 'NONE',  ( -3.671998297884704776, -41.89111594106904590, -0.3063265003405630238 ) ) ;
#5349 = ORIENTED_EDGE ( 'NONE', *, *, #869, .T. ) ;
#5350 = CARTESIAN_POINT ( 'NONE',  ( -10.79119915496017512, -38.30806516111484683, 0.08783069129640413975 ) ) ;
#5351 = EDGE_CURVE ( 'NONE', #6129, #6944, #3261, .T. ) ;
#5352 = CARTESIAN_POINT ( 'NONE',  ( 18.02026632435245546, -33.94952574078673990, -22.25265600808680588 ) ) ;
#5353 = CARTESIAN_POINT ( 'NONE',  ( -9.180001701916291168, -42.31469916674569731, 0.3062550853233024784 ) ) ;
#5354 = DIRECTION ( 'NONE',  ( 1.000000000000000000, 0.000000000000000000, 0.000000000000000000 ) ) ;
#5355 = B_SPLINE_CURVE_WITH_KNOTS ( 'NONE', 3,
 ( #1744, #2312, #3349, #7508, #4642, #3962, #3461, #1597, #6971, #5763 ),
 .UNSPECIFIED., .F., .F.,
 ( 4, 2, 2, 2, 4 ),
 ( 0.000000000000000000, 0.2500000000000000000, 0.5000000000000000000, 0.7500000000000000000, 1.000000000000000000 ),
 .UNSPECIFIED. ) ;
#5356 = CARTESIAN_POINT ( 'NONE',  ( -18.00000000000000000, -34.34959553575265545, -21.81000826438560125 ) ) ;
#5357 = CARTESIAN_POINT ( 'NONE',  ( -9.179957657387500802, -41.93204332892645425, -7.620092983783989027 ) ) ;
#5358 = CARTESIAN_POINT ( 'NONE',  ( -2.328825114628780835, -41.53351650141205909, 8.694801055720583705 ) ) ;
#5359 = CARTESIAN_POINT ( 'NONE',  ( -18.00000000000000000, -15.84325058705650058, -47.33309916941539797 ) ) ;
#5360 = CARTESIAN_POINT ( 'NONE',  ( 11.26126713397610501, -37.79035455942824484, 6.508915350032330238 ) ) ;
#5361 = ADVANCED_FACE ( 'NONE', ( #3682 ), #279, .F. ) ;
#5362 = CARTESIAN_POINT ( 'NONE',  ( -4.234247036814634441E-05, -41.54461856202144787, 7.620041973057389839 ) ) ;
#5363 = CARTESIAN_POINT ( 'NONE',  ( 20.13201909064075323, -38.30748449334875261, -0.07350728171799569832 ) ) ;
#5364 = CARTESIAN_POINT ( 'NONE',  ( 3.493117819995015694, -6.042206017371518634, -53.98290812280588824 ) ) ;
#5365 = VERTEX_POINT ( 'NONE', #6136 ) ;
#5366 = CARTESIAN_POINT ( 'NONE',  ( -7.472863189706648868, -41.97562570191295350, 5.015618167660948146 ) ) ;
#5367 = CARTESIAN_POINT ( 'NONE',  ( 17.74482479791883449, -40.25095069728359931, 15.45397652551053724 ) ) ;
#5368 = CARTESIAN_POINT ( 'NONE',  ( 18.02076827448040319, -40.89105169479869772, -12.48253334140086324 ) ) ;
#5369 = ORIENTED_EDGE ( 'NONE', *, *, #6098, .F. ) ;
#5370 = CARTESIAN_POINT ( 'NONE',  ( -7.045144057071380139, -37.89458185317003114, -5.602458254891097056 ) ) ;
#5371 = CARTESIAN_POINT ( 'NONE',  ( 103.1449999999999960, -58.93658393131480011, 5.007450250832799374E-15 ) ) ;
#5372 = CARTESIAN_POINT ( 'NONE',  ( 73.73663053375359766, -63.39640923772800818, -1.665842413485758788 ) ) ;
#5373 = CARTESIAN_POINT ( 'NONE',  ( -18.00000000000000000, -6.042206017372989457, -53.98290812280549744 ) ) ;
#5374 = CARTESIAN_POINT ( 'NONE',  ( 103.1449999999999960, -58.93658393131480011, 1.387778780781445991E-14 ) ) ;
#5375 = ORIENTED_EDGE ( 'NONE', *, *, #489, .F. ) ;
#5376 = CARTESIAN_POINT ( 'NONE',  ( 69.65872081913029490, -58.93658393131480011, -0.3529821357756435241 ) ) ;
#5377 = DIRECTION ( 'NONE',  ( 1.000000000000000000, -0.000000000000000000, 1.224646799147353207E-16 ) ) ;
#5378 = CARTESIAN_POINT ( 'NONE',  ( 1.189748803868502236, -37.45225716951152606, 8.940261012696199217 ) ) ;
#5379 = CARTESIAN_POINT ( 'NONE',  ( 8.986975246010281637, -42.28795314559036456, 0.4842487737919242696 ) ) ;
#5380 = CARTESIAN_POINT ( 'NONE',  ( 73.65500000000000114, -63.39640923772800818, -7.305073961863510412E-16 ) ) ;
#5381 = CARTESIAN_POINT ( 'NONE',  ( -5.749293256582229894, -36.97119131972991113, 11.66729539393741355 ) ) ;
#5382 = CARTESIAN_POINT ( 'NONE',  ( 9.000000000000000000, -42.30661100815935072, 1.084674837264419952E-15 ) ) ;
#5383 = CIRCLE ( 'NONE', #121, 16.74500000000000099 ) ;
#5384 = VECTOR ( 'NONE', #1274, 1000.000000000000000 ) ;
#5385 = EDGE_LOOP ( 'NONE', ( #1789, #6030, #1205, #5591, #2744, #2066 ) ) ;
#5386 = CARTESIAN_POINT ( 'NONE',  ( 1.684724978767659944E-05, -41.75539727428019887, -3.031867284727844947 ) ) ;
#5387 = ORIENTED_EDGE ( 'NONE', *, *, #399, .F. ) ;
#5388 = CARTESIAN_POINT ( 'NONE',  ( 20.13201909064075323, -38.30748449334875261, -0.07350728171799569832 ) ) ;
#5389 = CARTESIAN_POINT ( 'NONE',  ( 5.508051010759869470, -41.58978407722754866, -9.179990731482631006 ) ) ;
#5390 = CARTESIAN_POINT ( 'NONE',  ( 9.179998297799379259, -42.31469511203059852, 0.3063571067765190059 ) ) ;
#5391 = CARTESIAN_POINT ( 'NONE',  ( 8.958427988747054371, -42.27170904857306510, -0.8640940669780838856 ) ) ;
#5392 = CARTESIAN_POINT ( 'NONE',  ( 6.500979930642922788, -37.06129057593918930, 11.20116189807762552 ) ) ;
#5393 = CARTESIAN_POINT ( 'NONE',  ( 3.672051010788299763, -41.51274637520825195, -9.180000933627960436 ) ) ;
#5394 = ORIENTED_EDGE ( 'NONE', *, *, #4826, .T. ) ;
#5395 = EDGE_CURVE ( 'NONE', #2897, #4080, #4879, .T. ) ;
#5396 = CARTESIAN_POINT ( 'NONE',  ( 8.711874415148033179, -42.19225098841423716, 2.335009966584714380 ) ) ;
#5397 = LINE ( 'NONE', #1261, #5046 ) ;
#5398 = CARTESIAN_POINT ( 'NONE',  ( 1.729555021497223288, -36.71785794455834662, 12.89154612343360284 ) ) ;
#5399 = CARTESIAN_POINT ( 'NONE',  ( -3.672006245935335311, -41.88114297891964810, 1.124021774164245979 ) ) ;
#5400 = CARTESIAN_POINT ( 'NONE',  ( -8.922793555634862983, -38.24570457226027997, 1.314868847804474328 ) ) ;
#5401 = CARTESIAN_POINT ( 'NONE',  ( -3.800828295466734567E-05, -41.59064680554690341, 6.840052290626779552 ) ) ;
#5403 = EDGE_CURVE ( 'NONE', #6472, #3249, #1772, .T. ) ;
#5402 = CYLINDRICAL_SURFACE ( 'NONE', #678, 12.74500000000000632 ) ;
#5404 = ORIENTED_EDGE ( 'NONE', *, *, #149, .F. ) ;
#5405 = CARTESIAN_POINT ( 'NONE',  ( 11.32911082509865786, -38.31026286157674576, 6.528776660758645711 ) ) ;
#5406 = FACE_OUTER_BOUND ( 'NONE', #583, .T. ) ;
#5407 = CARTESIAN_POINT ( 'NONE',  ( 150.9507284234697693, -6.042206017414793351, 83.22540039603180162 ) ) ;
#5408 = ORIENTED_EDGE ( 'NONE', *, *, #2291, .T. ) ;
#5409 = CARTESIAN_POINT ( 'NONE',  ( 14.74535902100223872, -33.43201314711254923, 32.53740707018958034 ) ) ;
#5410 = CARTESIAN_POINT ( 'NONE',  ( -1.465300673532949460, -41.50582460322097234, 8.884868985857389490 ) ) ;
#5411 = CARTESIAN_POINT ( 'NONE',  ( 99.06326252872327132, -63.39640923772800818, -1.666009922417082567 ) ) ;
#5412 = VECTOR ( 'NONE', #801, 1000.000000000000000 ) ;
#5413 = CARTESIAN_POINT ( 'NONE',  ( 54.66600174739932072, -47.26221975847412438, 52.45269724046585225 ) ) ;
#5414 = ORIENTED_EDGE ( 'NONE', *, *, #1791, .F. ) ;
#5415 = CARTESIAN_POINT ( 'NONE',  ( 6.887944888393935372, -17.91697035491133860, -50.53900899687852899 ) ) ;
#5416 = CARTESIAN_POINT ( 'NONE',  ( 103.1449999999998965, -58.93658393131480722, -33.48999999999982435 ) ) ;
#5417 = CARTESIAN_POINT ( 'NONE',  ( 3.498361424092610417, -37.54997557842960987, 8.292257081369761806 ) ) ;
#5418 = CARTESIAN_POINT ( 'NONE',  ( 8.967639082058475708, -42.27619549234614027, 0.7660806377301332404 ) ) ;
#5419 = CARTESIAN_POINT ( 'NONE',  ( 12.31040445184879140, -38.03935831950234103, 4.192007784998036612 ) ) ;
#5420 = CARTESIAN_POINT ( 'NONE',  ( 6.873410034906631161, -37.09145151860731460, 11.04239985795417311 ) ) ;
#5421 = CARTESIAN_POINT ( 'NONE',  ( 9.754028361763776189, -37.51413215649087363, 8.538619722215058161 ) ) ;
#5422 = FACE_BOUND ( 'NONE', #464, .T. ) ;
#5423 = ORIENTED_EDGE ( 'NONE', *, *, #7153, .F. ) ;
#5424 = CARTESIAN_POINT ( 'NONE',  ( 9.180021011327060165, -42.16513681420755688, -3.781218154347145255 ) ) ;
#5425 = CARTESIAN_POINT ( 'NONE',  ( 5.021309490917259311, -37.66609904923301855, -7.469034448376035584 ) ) ;
#5426 = CARTESIAN_POINT ( 'NONE',  ( 18.44150802932643884, -34.90485069150243191, -19.59281012094956154 ) ) ;
#5427 = CARTESIAN_POINT ( 'NONE',  ( 15.34440927087882578, -28.25355459127764135, -33.32988397658332502 ) ) ;
#5428 = CARTESIAN_POINT ( 'NONE',  ( -9.179998865152230181, -42.32168879933809791, -0.2042550747598895211 ) ) ;
#5429 = CARTESIAN_POINT ( 'NONE',  ( 6.860877432540100962, -41.89362979050277147, -5.826653027168006815 ) ) ;
#5430 = CARTESIAN_POINT ( 'NONE',  ( 1.172683599365321960, -38.30472708429531536, -1.140648448090531009E-13 ) ) ;
#5431 = ORIENTED_EDGE ( 'NONE', *, *, #6331, .F. ) ;
#5432 = B_SPLINE_CURVE_WITH_KNOTS ( 'NONE', 3,
 ( #5793, #3413, #6364, #3992 ),
 .UNSPECIFIED., .F., .F.,
 ( 4, 4 ),
 ( 0.003191807569533288650, 0.005208215192946746668 ),
 .UNSPECIFIED. ) ;
#5433 = CARTESIAN_POINT ( 'NONE',  ( -0.001283415555043834018, 11.74493434166574168, -0.06168758558244399198 ) ) ;
#5434 = VECTOR ( 'NONE', #2866, 1000.000000000000000 ) ;
#5435 = CARTESIAN_POINT ( 'NONE',  ( -22.00000000000000000, -41.41265948342923764, -24.33146470112731663 ) ) ;
#5436 = B_SPLINE_CURVE_WITH_KNOTS ( 'NONE', 3,
 ( #5552, #3859, #5516, #2673, #6089, #4937, #4391, #1494, #6730, #3820 ),
 .UNSPECIFIED., .F., .F.,
 ( 4, 2, 2, 2, 4 ),
 ( 4.308963723461616445E-17, 0.01637162622288459643, 0.03274325244576915123, 0.04911487866865370255, 0.06538600803484834190 ),
 .UNSPECIFIED. ) ;
#5437 = CARTESIAN_POINT ( 'NONE',  ( 11.65937688287904095, -37.87711475368429603, 5.765502673867104022 ) ) ;
#5438 = CARTESIAN_POINT ( 'NONE',  ( -5.508038008197660318, -41.74731312807935524, 6.840021684190809914 ) ) ;
#5439 = EDGE_CURVE ( 'NONE', #4219, #808, #6248, .T. ) ;
#5440 = CARTESIAN_POINT ( 'NONE',  ( 5.504618639297617300, -37.71212498181787254, 7.121938247243554621 ) ) ;
#5441 = CARTESIAN_POINT ( 'NONE',  ( -3.672005109525965150, -41.88319390030805067, 0.9195111013736788630 ) ) ;
#5442 = CIRCLE ( 'NONE', #6173, 6.000000000000005329 ) ;
#5443 = CARTESIAN_POINT ( 'NONE',  ( 5.507978988445449531, -41.90336194479514376, 3.781299771509710084 ) ) ;
#5444 = ORIENTED_EDGE ( 'NONE', *, *, #5439, .F. ) ;
#5445 = CARTESIAN_POINT ( 'NONE',  ( 109.6037109048225631, -6.042206017375233884, 101.4760582055304923 ) ) ;
#5446 = CARTESIAN_POINT ( 'NONE',  ( 11.27448960107520115, -26.33439521025749031, 42.40653653271737511 ) ) ;
#5447 = DIRECTION ( 'NONE',  ( -0.000000000000000000, -1.000000000000000000, -0.000000000000000000 ) ) ;
#5448 = CARTESIAN_POINT ( 'NONE',  ( -12.99864817594080080, -38.30611261494834707, 0.03755347317486755487 ) ) ;
#5449 = CARTESIAN_POINT ( 'NONE',  ( 14.06034416349977612, -31.98117383870831887, 34.90480230695741426 ) ) ;
#5450 = ADVANCED_FACE ( 'NONE', ( #5137 ), #7487, .T. ) ;
#5451 = CARTESIAN_POINT ( 'NONE',  ( -3.168688680473746189, -41.57154047107710682, 8.428899662315927799 ) ) ;
#5452 = DIRECTION ( 'NONE',  ( 0.000000000000000000, 0.000000000000000000, 1.000000000000000000 ) ) ;
#5453 = CARTESIAN_POINT ( 'NONE',  ( 140.1670044770244488, -13.94371515320614918, 93.25435491082637895 ) ) ;
#5454 = ORIENTED_EDGE ( 'NONE', *, *, #265, .F. ) ;
#5455 = DIRECTION ( 'NONE',  ( -0.000000000000000000, 5.078222490274110485E-16, 1.000000000000000000 ) ) ;
#5456 =( BOUNDED_CURVE ( )  B_SPLINE_CURVE ( 3, ( #2941, #4693, #7021, #6421 ),
 .UNSPECIFIED., .F., .F. ) 
 B_SPLINE_CURVE_WITH_KNOTS ( ( 4, 4 ),
 ( 4.755682002596558063E-17, 0.2523827344788250882 ),
 .UNSPECIFIED. ) 
 CURVE ( )  GEOMETRIC_REPRESENTATION_ITEM ( )  RATIONAL_B_SPLINE_CURVE ( ( 0.6469761212235316528, 0.3682674978800073995, 0.4859421241388302004, 1.000000000000000000 ) ) 
 REPRESENTATION_ITEM ( '' )  );
#5457 = CARTESIAN_POINT ( 'NONE',  ( -8.793082668427032900, -38.20855485686563924, 1.918808907829727239 ) ) ;
#5458 = CARTESIAN_POINT ( 'NONE',  ( 5.856291290455049925, -41.77917982557993781, 6.836154115288882949 ) ) ;
#5459 = CARTESIAN_POINT ( 'NONE',  ( 183.0705093214963313, -9.999999999999996447, 28.88037839950204599 ) ) ;
#5460 = EDGE_CURVE ( 'NONE', #3346, #2735, #999, .T. ) ;
#5461 = CARTESIAN_POINT ( 'NONE',  ( -4.259443137613194708, -6.042206017373009885, -58.61996200337879515 ) ) ;
#5462 = CARTESIAN_POINT ( 'NONE',  ( 0.4561586926947726051, -36.70831563537313968, 12.93522045074691995 ) ) ;
#5463 = CARTESIAN_POINT ( 'NONE',  ( 20.36082540615130299, -15.84325058705650058, 47.33309916941549744 ) ) ;
#5464 = CARTESIAN_POINT ( 'NONE',  ( -7.343993753894100252, -42.10689525709390324, -1.124082987036183923 ) ) ;
#5465 = CARTESIAN_POINT ( 'NONE',  ( 6.130911023986623576, -37.77894115809952780, -6.597794865521610319 ) ) ;
#5466 = DIRECTION ( 'NONE',  ( 0.000000000000000000, 0.000000000000000000, 1.000000000000000000 ) ) ;
#5467 = CARTESIAN_POINT ( 'NONE',  ( 11.39942435760308470, -20.56651642024986870, -42.80336510859247312 ) ) ;
#5468 = CARTESIAN_POINT ( 'NONE',  ( 11.39942435760308470, -20.56651642024986870, -42.80336510859247312 ) ) ;
#5469 = B_SPLINE_CURVE_WITH_KNOTS ( 'NONE', 3,
 ( #4635, #7039, #6444, #1777, #700, #1203, #3031, #1165, #2269, #4600, #6965, #5299, #50, #2381, #4713, #1930, #2537, #244, #3762, #6137, #5987, #4336, #4789, #4262, #4371, #7278, #6103, #1317 ),
 .UNSPECIFIED., .F., .F.,
 ( 4, 2, 2, 2, 2, 2, 2, 2, 2, 2, 2, 2, 2, 4 ),
 ( 5.585755718985645623E-16, 0.008484551161629019095, 0.01696910232325747961, 0.02545365348488593665, 0.02757479127529304658, 0.02969592906570015650, 0.03393820464651435553, 0.04242275580814276054, 0.04666503138895696651, 0.04878616917936406255, 0.05090730696977116554, 0.05939185813139955666, 0.06363413371221376957, 0.06787640929302796167 ),
 .UNSPECIFIED. ) ;
#5470 = CARTESIAN_POINT ( 'NONE',  ( 5.507988453293689801, -41.96221732434155172, 2.077985338027330098 ) ) ;
#5471 = CARTESIAN_POINT ( 'NONE',  ( 8.339110251202395574, -42.11650441492385255, -3.385252157786654337 ) ) ;
#5472 = CARTESIAN_POINT ( 'NONE',  ( -7.863650809782808615, -37.22688958485450428, 10.29753097631104986 ) ) ;
#5473 = VERTEX_POINT ( 'NONE', #2874 ) ;
#5474 = MECHANICAL_DESIGN_GEOMETRIC_PRESENTATION_REPRESENTATION (  '', ( #3505 ), #5013 ) ;
#5475 = CARTESIAN_POINT ( 'NONE',  ( 5.609250209922183039, -37.72286188575645127, -7.039868283285111161 ) ) ;
#5476 = CARTESIAN_POINT ( 'NONE',  ( -18.00000000000000000, -38.09024766049640220, 5.834977158582500323 ) ) ;
#5477 = CARTESIAN_POINT ( 'NONE',  ( -8.889354729426795387, -42.24445726208936946, 1.408850720285571345 ) ) ;
#5478 = CARTESIAN_POINT ( 'NONE',  ( 7.343993753894060283, -42.10689525742390060, 1.124082987036175929 ) ) ;
#5479 = CARTESIAN_POINT ( 'NONE',  ( -22.00000000000000000, -29.26866646617668977, 45.38157453362952509 ) ) ;
#5480 = CARTESIAN_POINT ( 'NONE',  ( 3.671996594122490354, -41.88853499550050685, 0.6129392051477599024 ) ) ;
#5481 = CARTESIAN_POINT ( 'NONE',  ( 9.179978988388580063, -42.16512765717559574, 3.781320175800355177 ) ) ;
#5482 = VERTEX_POINT ( 'NONE', #3445 ) ;
#5483 = CARTESIAN_POINT ( 'NONE',  ( 71.20554669360450362, -6.042206017375221450, 102.9126602295372237 ) ) ;
#5484 = CARTESIAN_POINT ( 'NONE',  ( 11.25320994716767231, -26.29246139874857136, 42.45445803561607079 ) ) ;
#5485 = CARTESIAN_POINT ( 'NONE',  ( 14.71703764872910369, -33.36820399640377133, -32.67479793908982799 ) ) ;
#5486 = CARTESIAN_POINT ( 'NONE',  ( 7.325362783206788464, -37.93365611216919575, 5.236933326875957917 ) ) ;
#5487 = CARTESIAN_POINT ( 'NONE',  ( 8.124592631104393448, -20.25452499155181130, 48.52671753140401023 ) ) ;
#5488 = CARTESIAN_POINT ( 'NONE',  ( 6.773004003839073306, -41.88192477425906901, 5.934218531132894547 ) ) ;
#5489 = EDGE_CURVE ( 'NONE', #3087, #1360, #5898, .T. ) ;
#5490 = CARTESIAN_POINT ( 'NONE',  ( 0.5849126404683737679, -41.49090590668507161, -8.985925208886497373 ) ) ;
#5491 = FILL_AREA_STYLE_COLOUR ( '', #2938 ) ;
#5492 = CARTESIAN_POINT ( 'NONE',  ( 104.6814343179371889, -56.13001623236041127, 31.70761288909761788 ) ) ;
#5493 = VECTOR ( 'NONE', #7495, 1000.000000000000000 ) ;
#5494 = ORIENTED_EDGE ( 'NONE', *, *, #3291, .F. ) ;
#5495 = CARTESIAN_POINT ( 'NONE',  ( 8.961182662164464574, -42.27304480662967734, 0.8352206615258468414 ) ) ;
#5496 = EDGE_CURVE ( 'NONE', #3652, #7142, #6849, .T. ) ;
#5497 = CARTESIAN_POINT ( 'NONE',  ( -18.00000000000000000, -38.09024766049640220, -5.834977158582510093 ) ) ;
#5498 = CARTESIAN_POINT ( 'NONE',  ( 13.15949949251191953, -36.65699875535980112, 13.16961417038971938 ) ) ;
#5499 = CARTESIAN_POINT ( 'NONE',  ( 8.298688820029079594, -42.10896441723565431, 3.483119647616379932 ) ) ;
#5500 = CARTESIAN_POINT ( 'NONE',  ( -12.53283318597851981, -6.042206017371019477, -2.423155549835754631E-14 ) ) ;
#5501 = DIRECTION ( 'NONE',  ( -1.000000000000000000, -0.000000000000000000, -0.000000000000000000 ) ) ;
#5502 = CARTESIAN_POINT ( 'NONE',  ( 1.720018386489847728, -36.73130931695818191, 12.82893568888708202 ) ) ;
#5503 = CARTESIAN_POINT ( 'NONE',  ( -8.884647941513417635, -42.24184340636783475, -1.466410811908739342 ) ) ;
#5504 = FACE_BOUND ( 'NONE', #5865, .T. ) ;
#5505 = EDGE_CURVE ( 'NONE', #523, #845, #6657, .T. ) ;
#5506 = CARTESIAN_POINT ( 'NONE',  ( 6.554332678617329933, -37.83006396595194332, -6.168487577374095920 ) ) ;
#5507 = FACE_OUTER_BOUND ( 'NONE', #1969, .T. ) ;
#5508 = CIRCLE ( 'NONE', #4154, 6.000000000000001776 ) ;
#5509 = PLANE ( 'NONE',  #3319 ) ;
#5510 = CARTESIAN_POINT ( 'NONE',  ( 19.13940958946784932, -36.51001737939193958, 14.09727398175714796 ) ) ;
#5511 = CARTESIAN_POINT ( 'NONE',  ( -9.179998297799400575, -42.31469511206929468, -0.3063571067765274991 ) ) ;
#5512 = CARTESIAN_POINT ( 'NONE',  ( 8.974149413562209077, -42.27996766562864650, -0.6817899197992117744 ) ) ;
#5513 = PLANE ( 'NONE',  #2320 ) ;
#5514 = ORIENTED_EDGE ( 'NONE', *, *, #4397, .T. ) ;
#5515 = CARTESIAN_POINT ( 'NONE',  ( 4.770923977121324988, -37.64337347965363278, -7.637166171457882236 ) ) ;
#5516 = CARTESIAN_POINT ( 'NONE',  ( -18.00000000000000000, -15.84325058705650058, 47.33309916941549744 ) ) ;
#5517 = CARTESIAN_POINT ( 'NONE',  ( 13.46096870725124006, -24.51945450749644451, 38.36958820945140758 ) ) ;
#5518 = CARTESIAN_POINT ( 'NONE',  ( -1.134705643865839777E-06, -41.79338277993004880, 0.2042040640332719870 ) ) ;
#5519 = CARTESIAN_POINT ( 'NONE',  ( -1.110624349536370348, -37.45031483798588567, 8.950494755199411401 ) ) ;
#5520 = CARTESIAN_POINT ( 'NONE',  ( 3.671988453322129864, -41.86434038014104431, 2.077975135882009994 ) ) ;
#5521 = ORIENTED_EDGE ( 'NONE', *, *, #7388, .T. ) ;
#5522 = CARTESIAN_POINT ( 'NONE',  ( 121.9390366471605489, -6.042206017375239213, 97.76965231002309054 ) ) ;
#5523 = DIRECTION ( 'NONE',  ( -0.000000000000000000, 1.000000000000000000, 0.000000000000000000 ) ) ;
#5524 = CARTESIAN_POINT ( 'NONE',  ( 13.90627688196622636, -31.65889023173309269, -35.40150834515807077 ) ) ;
#5525 = CARTESIAN_POINT ( 'NONE',  ( 6.781867222803054318, -37.85858562342797029, 5.923973947143258201 ) ) ;
#5526 = CARTESIAN_POINT ( 'NONE',  ( 14.92246800262214457, -33.81294782044181346, 31.87091534688752503 ) ) ;
#5527 = CARTESIAN_POINT ( 'NONE',  ( 5.252594475623202364, -41.72030738791276860, 7.314157551258790413 ) ) ;
#5528 = CARTESIAN_POINT ( 'NONE',  ( 2.891415714694523409, -41.55744571122593811, -8.528049641684448900 ) ) ;
#5529 = CARTESIAN_POINT ( 'NONE',  ( 20.34536719873065280, -38.09024766049640220, -5.834977158582510093 ) ) ;
#5530 = CARTESIAN_POINT ( 'NONE',  ( 32.97019672232295306, -47.26221975847412438, 30.05974408747960780 ) ) ;
#5531 = VERTEX_POINT ( 'NONE', #461 ) ;
#5532 = CARTESIAN_POINT ( 'NONE',  ( 8.366083665990059259, -42.12160443879714222, 3.318346381475969942 ) ) ;
#5533 = EDGE_CURVE ( 'NONE', #3579, #5675, #6282, .T. ) ;
#5534 = CARTESIAN_POINT ( 'NONE',  ( -8.986702860783411850, -38.28234587325029281, 0.6306087959300838985 ) ) ;
#5535 = CARTESIAN_POINT ( 'NONE',  ( -10.94879174225994589, -38.30145682059415435, 0.08378855626725695283 ) ) ;
#5536 = CARTESIAN_POINT ( 'NONE',  ( -22.00000000000000000, -42.30756013076910449, -5.767085840894440826E-15 ) ) ;
#5537 = CARTESIAN_POINT ( 'NONE',  ( -2.609650222806134234, -36.76481686193061194, 12.67238748008403171 ) ) ;
#5538 = EDGE_CURVE ( 'NONE', #1594, #3391, #3679, .T. ) ;
#5539 = CARTESIAN_POINT ( 'NONE',  ( -18.00000000000000000, -34.34959553575265545, 21.81000826438560125 ) ) ;
#5540 = B_SPLINE_SURFACE_WITH_KNOTS ( 'NONE', 3, 1, ( 
 ( #7203, #4304 ),
 ( #5497, #286 ),
 ( #250, #2617 ),
 ( #2580, #2462 ),
 ( #6562, #4918 ),
 ( #4956, #7282 ),
 ( #2044, #1282 ),
 ( #4794, #1896 ),
 ( #4228, #5643 ),
 ( #2801, #7414 ) ),
 .UNSPECIFIED., .F., .F., .F.,
 ( 4, 2, 2, 2, 4 ),
 ( 2, 2 ),
 ( 0.000000000000000000, 0.2500000000000000000, 0.5000000000000000000, 0.7500000000000000000, 1.000000000000000000 ),
 ( 0.000000000000000000, 1.000000000000000000 ),
 .UNSPECIFIED. ) ;
#5541 = ORIENTED_EDGE ( 'NONE', *, *, #4723, .T. ) ;
#5542 = CARTESIAN_POINT ( 'NONE',  ( -5.507953323256949751, -41.64573389326320552, -8.400062261923959994 ) ) ;
#5543 = CARTESIAN_POINT ( 'NONE',  ( 7.532291305386378255, -37.96529820404990119, -4.926040283071988490 ) ) ;
#5544 = DIRECTION ( 'NONE',  ( -1.734723475976807292E-15, 4.956352788505163268E-16, 1.000000000000000000 ) ) ;
#5545 = DIRECTION ( 'NONE',  ( 1.000000000000000000, 0.000000000000000000, 0.000000000000000000 ) ) ;
#5546 = CARTESIAN_POINT ( 'NONE',  ( 19.97414238607581183, -38.16215791888831177, 2.803165709359845437 ) ) ;
#5547 = EDGE_CURVE ( 'NONE', #2897, #247, #5692, .T. ) ;
#5548 = CARTESIAN_POINT ( 'NONE',  ( 8.957371480486505888, -42.27119465494115502, -0.8749340952758342116 ) ) ;
#5549 = CARTESIAN_POINT ( 'NONE',  ( -6.264785089646018434, -37.03650578394107384, 11.32980161994951729 ) ) ;
#5550 = ORIENTED_EDGE ( 'NONE', *, *, #3948, .T. ) ;
#5551 = CARTESIAN_POINT ( 'NONE',  ( -2.890122801001401509, -37.51305854867770506, -8.543782010315313258 ) ) ;
#5552 = CARTESIAN_POINT ( 'NONE',  ( -17.99999999999999645, -6.042206017372994786, 53.98290812280554718 ) ) ;
#5553 = CARTESIAN_POINT ( 'NONE',  ( 18.71838712663619475, -35.54178328715928359, 17.52198456452818220 ) ) ;
#5554 = CARTESIAN_POINT ( 'NONE',  ( -3.671998865237520171, -41.88910478152794781, -0.2042244683239249903 ) ) ;
#5555 = CARTESIAN_POINT ( 'NONE',  ( 8.883318497002031577, -42.24139710891282107, -1.475019117010876180 ) ) ;
#5556 = CARTESIAN_POINT ( 'NONE',  ( -7.344001701944730343, -42.11316865284370436, 0.3062652874686240256 ) ) ;
#5557 = VECTOR ( 'NONE', #2178, 1000.000000000000000 ) ;
#5558 = VERTEX_POINT ( 'NONE', #1151 ) ;
#5559 = CARTESIAN_POINT ( 'NONE',  ( 141.2122978034929304, -6.042206017375248095, 88.41700277395990781 ) ) ;
#5560 = CARTESIAN_POINT ( 'NONE',  ( 24.54315066403443524, -41.44459846639426814, -1.515055850892605667E-14 ) ) ;
#5561 = CARTESIAN_POINT ( 'NONE',  ( 179.8382392356312494, -6.042206017373009885, 42.50214150462253571 ) ) ;
#5562 = PLANE ( 'NONE',  #387 ) ;
#5563 = CARTESIAN_POINT ( 'NONE',  ( 11.50748973336669323, -26.79439861089523234, 41.87547361559011705 ) ) ;
#5564 = CIRCLE ( 'NONE', #3238, 19.99999999999999645 ) ;
#5565 = CARTESIAN_POINT ( 'NONE',  ( 9.000028474184350813, -42.30708906031854610, 9.026024192389750094E-10 ) ) ;
#5566 = CIRCLE ( 'NONE', #2625, 20.00000000000000000 ) ;
#5567 = CARTESIAN_POINT ( 'NONE',  ( 8.085807929760601809, -42.06940835059364048, -3.996304046275696020 ) ) ;
#5568 = CARTESIAN_POINT ( 'NONE',  ( 112.9674345654848651, -50.78462308660635927, 46.07898461404099777 ) ) ;
#5569 = ORIENTED_EDGE ( 'NONE', *, *, #4413, .F. ) ;
#5570 = CARTESIAN_POINT ( 'NONE',  ( 8.970474554851884719, -42.27776594863017579, 0.7293447903060626958 ) ) ;
#5571 = CARTESIAN_POINT ( 'NONE',  ( -7.139714283299662512, -41.92899167242923397, 5.487489725461836443 ) ) ;
#5572 = CARTESIAN_POINT ( 'NONE',  ( -8.249294559368577140, -38.08689752592357536, 3.598701049074327862 ) ) ;
#5573 = CARTESIAN_POINT ( 'NONE',  ( 17.54549262515232755, -39.77693367703695770, -17.23796963722918818 ) ) ;
#5574 = CARTESIAN_POINT ( 'NONE',  ( -0.8190358660927143930, -36.71213335687981782, 12.91768088102198853 ) ) ;
#5575 = CARTESIAN_POINT ( 'NONE',  ( -9.000000000000000000, -42.30661100815940046, -7.297419675591090932E-16 ) ) ;
#5576 = ORIENTED_EDGE ( 'NONE', *, *, #1693, .F. ) ;
#5577 = CARTESIAN_POINT ( 'NONE',  ( 5.508038008197630120, -41.74731312820915008, -6.840021684190809914 ) ) ;
#5578 = CARTESIAN_POINT ( 'NONE',  ( -3.400501555375480933, -37.54409799129540204, -8.332867584350303503 ) ) ;
#5579 = B_SPLINE_CURVE_WITH_KNOTS ( 'NONE', 3,
 ( #4543, #5702, #1575, #419, #454, #2753, #6274, #3902, #3293, #5632 ),
 .UNSPECIFIED., .F., .F.,
 ( 4, 2, 2, 2, 4 ),
 ( 0.000000000000000000, 0.2500000000000000000, 0.5000000000000000000, 0.7500000000000000000, 1.000000000000000000 ),
 .UNSPECIFIED. ) ;
#5580 = DIRECTION ( 'NONE',  ( -3.074555195481525416E-16, -1.000000000000000000, 5.078222490274110485E-16 ) ) ;
#5581 = FACE_OUTER_BOUND ( 'NONE', #10, .T. ) ;
#5582 = CARTESIAN_POINT ( 'NONE',  ( 99.14499999999999602, -63.39640923772800818, 1.743439194559895224E-15 ) ) ;
#5583 = CARTESIAN_POINT ( 'NONE',  ( -6.333327191721257243, -41.83046221455767011, -6.394457807963484619 ) ) ;
#5584 = CARTESIAN_POINT ( 'NONE',  ( -12.34821587872498228, -38.05085718249937088, 4.039254508818891587 ) ) ;
#5585 = VERTEX_POINT ( 'NONE', #39 ) ;
#5586 = CARTESIAN_POINT ( 'NONE',  ( 5.140326438903936257, -37.67690131258309094, -7.389115542671063075 ) ) ;
#5587 = ADVANCED_FACE ( 'NONE', ( #6393 ), #2983, .F. ) ;
#5588 = CARTESIAN_POINT ( 'NONE',  ( 9.179999999857820114, -42.33629126070890436, 5.101072660356800444E-05 ) ) ;
#5589 = CARTESIAN_POINT ( 'NONE',  ( -4.763383061723883038, -41.67833587248166793, -7.641786560072612922 ) ) ;
#5590 = CARTESIAN_POINT ( 'NONE',  ( -7.344016847136080273, -42.05001507887665468, 3.031826476146554761 ) ) ;
#5591 = ORIENTED_EDGE ( 'NONE', *, *, #6054, .T. ) ;
#5592 = CARTESIAN_POINT ( 'NONE',  ( 161.2153818264179677, -6.042206017375264970, 72.28095067905219651 ) ) ;
#5593 = CARTESIAN_POINT ( 'NONE',  ( 185.0757965686098032, -7.369671591207525019, 29.47754803827816517 ) ) ;
#5594 = ADVANCED_FACE ( 'NONE', ( #5327 ), #3553, .F. ) ;
#5595 = CARTESIAN_POINT ( 'NONE',  ( 178.9053823681879578, -8.719312995566303570, 28.48331417026478007 ) ) ;
#5596 = CYLINDRICAL_SURFACE ( 'NONE', #2333, 9.000000000000000000 ) ;
#5597 = CARTESIAN_POINT ( 'NONE',  ( 5.723020382833656328, -15.73608948996890433, 52.24634006553928600 ) ) ;
#5598 = CARTESIAN_POINT ( 'NONE',  ( -18.00000000000000000, -38.07987890887378768, 5.903459731060230808 ) ) ;
#5599 = CARTESIAN_POINT ( 'NONE',  ( -13.15518455823439936, -38.13805647533410337, 4.535102704269229790 ) ) ;
#5600 = CARTESIAN_POINT ( 'NONE',  ( 33.61572406200880181, -47.26221975847439438, -1.292841891455429965E-14 ) ) ;
#5601 = CARTESIAN_POINT ( 'NONE',  ( 179.8382392356312494, 4.000000000000000000, 42.50214150462253571 ) ) ;
#5602 = ORIENTED_EDGE ( 'NONE', *, *, #869, .F. ) ;
#5603 = CARTESIAN_POINT ( 'NONE',  ( 8.581083084816556905, -42.16505207716195969, 2.717865396128374300 ) ) ;
#5604 = CARTESIAN_POINT ( 'NONE',  ( 7.404315359020409382, -41.96573197073966099, 5.118368847546602929 ) ) ;
#5605 = CARTESIAN_POINT ( 'NONE',  ( -8.387747381097552690, -38.11343992836771832, 3.277549665898376929 ) ) ;
#5606 = CARTESIAN_POINT ( 'NONE',  ( 174.4169739717624736, -6.042206017373009885, 55.40988658030364888 ) ) ;
#5607 = CARTESIAN_POINT ( 'NONE',  ( -12.99864817594080080, -38.30611261494834707, 0.03755347317486655567 ) ) ;
#5608 = CARTESIAN_POINT ( 'NONE',  ( 3.672005109525934952, -41.88319390070309112, -0.9195111013736859684 ) ) ;
#5609 = AXIS2_PLACEMENT_3D ( 'NONE', #4218, #5447, #1311 ) ;
#5610 = CARTESIAN_POINT ( 'NONE',  ( -18.42086648329450682, -4.983198181002447491, -209.6417329665892453 ) ) ;
#5611 = B_SPLINE_CURVE_WITH_KNOTS ( 'NONE', 3,
 ( #5714, #5752, #3522, #2373, #3451, #2799, #2336, #4557, #5790, #542, #5219, #2953, #4628, #6958, #6437, #7454, #5254, #2222, #2840, #6322, #1730, #1656, #5867, #4063, #5830, #7, #3988, #1081, #4666, #6996, #5291, #1196, #505, #4706, #7032, #1808, #5484, #5331, #2570, #5446, #6591, #4256, #6474, #3025, #1389, #1351, #2988, #4216, #5981, #3675, #6511, #117, #7073, #3145, #6022, #1310, #773, #1231, #7112, #3107, #1846, #82, #158, #3557, #2411, #1883, #4907, #198, #655, #3634, #810, #2451, #1998, #6628, #238, #3069, #7234, #5367, #2529, #1961, #5904, #732, #4863, #4783, #7191, #2489, #693, #4295 ),
 .UNSPECIFIED., .F., .F.,
 ( 4, 2, 2, 1, 1, 1, 1, 1, 2, 2, 2, 2, 1, 1, 1, 1, 1, 2, 2, 2, 2, 1, 1, 1, 1, 1, 2, 2, 2, 2, 1, 1, 1, 1, 1, 2, 2, 2, 2, 1, 1, 1, 1, 2, 2, 2, 2, 1, 1, 1, 2, 2, 2, 2, 1, 2, 2, 4 ),
 ( 0.000000000000000000, 0.06249999999999711342, 0.09374999999999569789, 0.1093749999999949624, 0.1171874999999946987, 0.1210937499999946293, 0.1230468749999946709, 0.1240234374999947403, 0.1245117187499947820, 0.1249999999999948097, 0.1875000000000105194, 0.2187500000000184297, 0.2343750000000223710, 0.2421875000000244804, 0.2460937500000254241, 0.2480468750000258127, 0.2490234375000259515, 0.2495117187500259515, 0.2500000000000259792, 0.3125000000000372480, 0.3437500000000428546, 0.3593750000000457967, 0.3671875000000473510, 0.3710937500000482947, 0.3730468750000486833, 0.3740234375000487943, 0.3745117187500486833, 0.3750000000000486278, 0.4375000000000300870, 0.4687500000000208167, 0.4843750000000162093, 0.4921875000000139333, 0.4960937500000128786, 0.4980468750000122680, 0.4990234375000119904, 0.4995117187500117129, 0.5000000000000115463, 0.5625000000000109912, 0.5937500000000107692, 0.6093750000000106581, 0.6171875000000106581, 0.6210937500000107692, 0.6230468750000106581, 0.6240234375000105471, 0.6250000000000105471, 0.6875000000000096589, 0.7187500000000092149, 0.7343750000000089928, 0.7421875000000088818, 0.7460937500000088818, 0.7480468750000087708, 0.7500000000000086597, 0.8125000000000069944, 0.8437500000000061062, 0.8593750000000055511, 0.8671875000000053291, 0.8750000000000051070, 1.000000000000000000 ),
 .UNSPECIFIED. ) ;
#5612 = VERTEX_POINT ( 'NONE', #5900 ) ;
#5613 = CARTESIAN_POINT ( 'NONE',  ( -7.343953323228519459, -41.74792629669014588, -8.400072464069278766 ) ) ;
#5614 = CARTESIAN_POINT ( 'NONE',  ( -8.308146893755374407, -38.09828858542320518, -3.460461382733921010 ) ) ;
#5615 = CARTESIAN_POINT ( 'NONE',  ( -12.28666650398270654, -38.03007073658754678, 4.252744672725896180 ) ) ;
#5616 = DIRECTION ( 'NONE',  ( -0.000000000000000000, -0.000000000000000000, 1.000000000000000000 ) ) ;
#5617 = CARTESIAN_POINT ( 'NONE',  ( 8.199505439508453009, -14.62375297484915748, -48.05483550853269037 ) ) ;
#5618 = CARTESIAN_POINT ( 'NONE',  ( -8.065835028749635427, -42.06790632621664372, -3.995570508556302691 ) ) ;
#5619 = DIRECTION ( 'NONE',  ( 0.000000000000000000, -0.000000000000000000, 1.000000000000000000 ) ) ;
#5620 = ORIENTED_EDGE ( 'NONE', *, *, #3948, .F. ) ;
#5621 = CARTESIAN_POINT ( 'NONE',  ( -9.180006245850039548, -42.28221066252150706, 1.123991167728281892 ) ) ;
#5622 = CARTESIAN_POINT ( 'NONE',  ( 19.92775606846369740, -38.48506133258184292, -1.628100415257959896E-14 ) ) ;
#5623 = FACE_OUTER_BOUND ( 'NONE', #1637, .T. ) ;
#5624 = VERTEX_POINT ( 'NONE', #1804 ) ;
#5625 = EDGE_CURVE ( 'NONE', #876, #4159, #3870, .T. ) ;
#5626 = CARTESIAN_POINT ( 'NONE',  ( 7.343999999886249519, -42.08584460787654535, 4.080858128201899867E-05 ) ) ;
#5627 = CARTESIAN_POINT ( 'NONE',  ( -8.913684472455502217, -42.25269915812043564, -1.246560045296436048 ) ) ;
#5628 = CARTESIAN_POINT ( 'NONE',  ( -3.672001702001594925, -41.89111615275825073, 0.3062856917592675088 ) ) ;
#5629 = ADVANCED_FACE ( 'NONE', ( #6955 ), #4924, .T. ) ;
#5630 = AXIS2_PLACEMENT_3D ( 'NONE', #1734, #5335, #2884 ) ;
#5631 = ORIENTED_EDGE ( 'NONE', *, *, #109, .T. ) ;
#5632 = CARTESIAN_POINT ( 'NONE',  ( 185.3328331859785010, -6.042206017371060334, 1.387778780781449935E-14 ) ) ;
#5633 = DIRECTION ( 'NONE',  ( -1.459419050929604667E-16, -1.000000000000000000, 2.084884358470868432E-17 ) ) ;
#5634 = FACE_OUTER_BOUND ( 'NONE', #5942, .T. ) ;
#5635 = CARTESIAN_POINT ( 'NONE',  ( -9.000000000000007105, -39.63868830290198986, 3.776366464804039648E-14 ) ) ;
#5636 = CARTESIAN_POINT ( 'NONE',  ( -9.000000000000000000, -38.30472699488110777, -1.718667784195345147E-09 ) ) ;
#5637 = CARTESIAN_POINT ( 'NONE',  ( 103.1449999999999960, -64.66763823405520384, -3.513069802952425362E-14 ) ) ;
#5638 = CARTESIAN_POINT ( 'NONE',  ( 186.9220609593386655, -6.042206017375320037, -27.25925170896125493 ) ) ;
#5639 = EDGE_CURVE ( 'NONE', #5275, #2856, #7504, .T. ) ;
#5640 = DIRECTION ( 'NONE',  ( 0.000000000000000000, 0.000000000000000000, 1.000000000000000000 ) ) ;
#5641 = ORIENTED_EDGE ( 'NONE', *, *, #1003, .T. ) ;
#5642 = CARTESIAN_POINT ( 'NONE',  ( 8.891022810732385651, -42.24501743310135993, 1.398249116894516808 ) ) ;
#5643 = CARTESIAN_POINT ( 'NONE',  ( 20.34536719873065280, -11.27713467053115970, -50.82238809104900668 ) ) ;
#5644 = B_SPLINE_CURVE_WITH_KNOTS ( 'NONE', 3,
 ( #535, #5939, #1, #5784, #1225, #2873, #5212, #7528 ),
 .UNSPECIFIED., .F., .F.,
 ( 4, 2, 2, 4 ),
 ( 0.000000000000000000, 0.4299914753570604486, 0.8599829507141208973, 1.000000000000000000 ),
 .UNSPECIFIED. ) ;
#5645 = CARTESIAN_POINT ( 'NONE',  ( 2.891020672647206968, -37.51285741460866774, -8.545383535690890042 ) ) ;
#5646 = CARTESIAN_POINT ( 'NONE',  ( 20.36082540615130299, -26.96475769767874908, 35.57686982298324807 ) ) ;
#5647 = CARTESIAN_POINT ( 'NONE',  ( 14.10640183994941133, -32.07772740188529070, -34.75462237760223871 ) ) ;
#5648 = TOROIDAL_SURFACE ( 'NONE', #1979, 20.00000000000000000, 6.000000000000000000 ) ;
#5649 = CARTESIAN_POINT ( 'NONE',  ( 1.154662097816547910E-05, -41.78218312152495173, -2.077954731591369786 ) ) ;
#5650 = FACE_OUTER_BOUND ( 'NONE', #6782, .T. ) ;
#5651 = ORIENTED_EDGE ( 'NONE', *, *, #5310, .F. ) ;
#5652 = CARTESIAN_POINT ( 'NONE',  ( 1.167328277274826132, -8.698105147582609220, -52.33183200323251327 ) ) ;
#5653 = CARTESIAN_POINT ( 'NONE',  ( 3.516301793982246959, -37.55118181666912847, -8.284692725692735848 ) ) ;
#5654 = CARTESIAN_POINT ( 'NONE',  ( 33.61572406200880181, -47.26221975847436596, -105.5685518759823793 ) ) ;
#5655 = CARTESIAN_POINT ( 'NONE',  ( 179.8382392356312494, -9.999999999999996447, 42.50214150462253571 ) ) ;
#5656 = CARTESIAN_POINT ( 'NONE',  ( 69.65500000000000114, -58.93658393131480011, -2.033582938513375123E-15 ) ) ;
#5657 = CARTESIAN_POINT ( 'NONE',  ( -3.201260004957491745, -41.57386181540328352, -8.412028582729645265 ) ) ;
#5658 = CARTESIAN_POINT ( 'NONE',  ( 2.470215462876412360, -41.53915367335430631, -8.655712343575451939 ) ) ;
#5659 = ORIENTED_EDGE ( 'NONE', *, *, #6139, .T. ) ;
#5660 = CARTESIAN_POINT ( 'NONE',  ( 9.179961991574881353, -41.98502101336310233, 6.840103301353389398 ) ) ;
#5661 = CARTESIAN_POINT ( 'NONE',  ( -18.00000000000000000, -33.76135606336559647, -31.95317545291229777 ) ) ;
#5662 = CARTESIAN_POINT ( 'NONE',  ( 5.507998865209059680, -41.97550274140640170, 0.2042346704692374892 ) ) ;
#5663 = CARTESIAN_POINT ( 'NONE',  ( 5.944576282102638665, -41.78629455305858187, -6.783067013184250982 ) ) ;
#5664 = CARTESIAN_POINT ( 'NONE',  ( 7.344001701944699256, -42.11316865321069969, -0.3062652874686330184 ) ) ;
#5665 = ORIENTED_EDGE ( 'NONE', *, *, #2586, .F. ) ;
#5666 = CARTESIAN_POINT ( 'NONE',  ( 224.1604830514688729, 9.999999999999998224, 135.4761164261706199 ) ) ;
#5667 = CARTESIAN_POINT ( 'NONE',  ( -4.259443137613194708, -6.042206017373009885, 0.000000000000000000 ) ) ;
#5668 = CYLINDRICAL_SURFACE ( 'NONE', #5122, 6.000000000000005329 ) ;
#5669 = DIRECTION ( 'NONE',  ( 0.000000000000000000, 0.000000000000000000, -1.000000000000000000 ) ) ;
#5670 = CARTESIAN_POINT ( 'NONE',  ( 185.3328331859748346, -6.042206017375709948, 9.531864139027959482 ) ) ;
#5671 = CARTESIAN_POINT ( 'NONE',  ( -18.00000000000000000, -38.30611622139949901, -0.03690425908144105011 ) ) ;
#5672 = CARTESIAN_POINT ( 'NONE',  ( 174.4169739717624736, -6.042206017373009885, 55.40988658030364888 ) ) ;
#5673 = CARTESIAN_POINT ( 'NONE',  ( 62.18275481095519552, -57.95386985700429960, -5.931514360986089564E-15 ) ) ;
#5674 = CARTESIAN_POINT ( 'NONE',  ( 96.11412129959387585, -58.93658393131474327, 16.84832778263185915 ) ) ;
#5675 = VERTEX_POINT ( 'NONE', #4515 ) ;
#5676 = CARTESIAN_POINT ( 'NONE',  ( -2.291201670880701258, -41.53183975297605457, 8.708696217645989890 ) ) ;
#5677 = CARTESIAN_POINT ( 'NONE',  ( -6.571011841198697745, -41.85747920107453268, 6.157044309071492805 ) ) ;
#5678 = EDGE_CURVE ( 'NONE', #3469, #2096, #2683, .T. ) ;
#5679 = AXIS2_PLACEMENT_3D ( 'NONE', #391, #4478, #5746 ) ;
#5680 = CARTESIAN_POINT ( 'NONE',  ( 4.099837438948635615, -37.59053833116624332, -8.013305753179521318 ) ) ;
#5681 = CARTESIAN_POINT ( 'NONE',  ( 4.969092086535642494, -14.33077328751337909, -53.28888403622143244 ) ) ;
#5682 = CARTESIAN_POINT ( 'NONE',  ( 9.180001701916260970, -42.31469916670599929, -0.3062550853233114712 ) ) ;
#5683 = CARTESIAN_POINT ( 'NONE',  ( -12.51084983702054032, -6.042206017369079696, -2.085489564426569853 ) ) ;
#5684 = ORIENTED_EDGE ( 'NONE', *, *, #2023, .T. ) ;
#5685 = VECTOR ( 'NONE', #4582, 1000.000000000000000 ) ;
#5686 = CARTESIAN_POINT ( 'NONE',  ( 85.62873080478189536, -33.22972007004624118, 73.16782629219190426 ) ) ;
#5687 = CARTESIAN_POINT ( 'NONE',  ( -4.385613005714247947, -37.61001374890635418, -7.881231327621543770 ) ) ;
#5688 = CARTESIAN_POINT ( 'NONE',  ( 152.8722439315363886, -38.48506133258187845, -132.9444878630724531 ) ) ;
#5689 = CARTESIAN_POINT ( 'NONE',  ( 14.94029696737944057, -27.43725857416298908, 34.53617372093035698 ) ) ;
#5690 = CARTESIAN_POINT ( 'NONE',  ( -12.27045006984481645, -38.03161894441294777, 4.235300149185181162 ) ) ;
#5691 = CARTESIAN_POINT ( 'NONE',  ( 96.53232571965762077, -63.39640923772800818, 7.776231892382883260 ) ) ;
#5692 = B_SPLINE_CURVE_WITH_KNOTS ( 'NONE', 3,
 ( #2794, #2295, #500, #1651, #7449, #2217, #2835, #4551, #3983, #6318, #1076, #3405, #4589, #1687, #536, #4059, #1878, #689, #6992, #1191, #5287, #5364 ),
 .UNSPECIFIED., .F., .F.,
 ( 4, 2, 2, 2, 2, 2, 2, 2, 2, 2, 4 ),
 ( 0.000000000000000000, 0.01703952613440978814, 0.02129940766801223170, 0.02555928920161467527, 0.03407905226881956240, 0.03833893380242200943, 0.04259881533602445647, 0.05111857840322935748, 0.05537845993683181145, 0.05963834147043425848, 0.06815810453763918031 ),
 .UNSPECIFIED. ) ;
#5693 = AXIS2_PLACEMENT_3D ( 'NONE', #5783, #5860, #5743 ) ;
#5694 = CARTESIAN_POINT ( 'NONE',  ( -4.507258743217642305, -41.65849136940957465, -7.791527700401847056 ) ) ;
#5695 = ORIENTED_EDGE ( 'NONE', *, *, #346, .F. ) ;
#5696 = CARTESIAN_POINT ( 'NONE',  ( -3.672021011412390123, -41.81617290905060003, 3.781248760783105123 ) ) ;
#5697 =( BOUNDED_SURFACE ( )  B_SPLINE_SURFACE ( 3, 3, ( 
 ( #4677, #513, #592, #6371 ),
 ( #2928, #5191, #7507, #1169 ),
 ( #5229, #3497, #5842, #4604 ),
 ( #5268, #6934, #7007, #4111 ),
 ( #55, #2386, #1704, #1128 ),
 ( #3460, #5801, #6638, #6601 ),
 ( #1971, #5991, #3644, #744 ),
 ( #1437, #3727, #820, #170 ),
 ( #3608, #3080, #7245, #4340 ),
 ( #209, #5416, #6070, #860 ) ),
 .UNSPECIFIED., .F., .F., .F. ) 
 B_SPLINE_SURFACE_WITH_KNOTS ( ( 4, 2, 2, 2, 4 ),
 ( 4, 4 ),
 ( 0.000000000000000000, 0.2500000000000000000, 0.5000000000000000000, 0.7500000000000000000, 1.000000000000000000 ),
 ( 0.000000000000000000, 1.000000000000000000 ),
 .UNSPECIFIED. ) 
 GEOMETRIC_REPRESENTATION_ITEM ( )  RATIONAL_B_SPLINE_SURFACE ( (
 ( 1.000000000000000000, 0.3333333333333335369, 0.3333333333333335369, 1.000000000000000000),
 ( 1.000000000000000000, 0.3333333333333335369, 0.3333333333333335369, 1.000000000000000000),
 ( 1.000000000000000000, 0.3333333333333335369, 0.3333333333333335369, 1.000000000000000000),
 ( 1.000000000000000000, 0.3333333333333335369, 0.3333333333333335369, 1.000000000000000000),
 ( 1.000000000000000000, 0.3333333333333335369, 0.3333333333333335369, 1.000000000000000000),
 ( 1.000000000000000000, 0.3333333333333335369, 0.3333333333333335369, 1.000000000000000000),
 ( 1.000000000000000000, 0.3333333333333335369, 0.3333333333333335369, 1.000000000000000000),
 ( 1.000000000000000000, 0.3333333333333335369, 0.3333333333333335369, 1.000000000000000000),
 ( 1.000000000000000000, 0.3333333333333335369, 0.3333333333333335369, 1.000000000000000000),
 ( 1.000000000000000000, 0.3333333333333335369, 0.3333333333333335369, 1.000000000000000000) ) ) 
 REPRESENTATION_ITEM ( '' )  SURFACE ( )  );
#5698 = CARTESIAN_POINT ( 'NONE',  ( 7.344029509762339814, -41.94464985518334998, -5.310619919268979139 ) ) ;
#5699 = CARTESIAN_POINT ( 'NONE',  ( -5.508038008197660318, -41.74731312807935524, 6.840021684190809914 ) ) ;
#5700 = CARTESIAN_POINT ( 'NONE',  ( 2.892065331516885607, -41.55750404585445068, -8.527832659262557513 ) ) ;
#5701 = CARTESIAN_POINT ( 'NONE',  ( -9.179994890275040120, -42.29213543396684827, -0.9195825163909380207 ) ) ;
#5702 = CARTESIAN_POINT ( 'NONE',  ( 110.6172451890447945, -57.95386985700429960, 2.965757180493044782E-15 ) ) ;
#5703 = DIRECTION ( 'NONE',  ( 0.000000000000000000, 0.000000000000000000, 1.000000000000000000 ) ) ;
#5704 = CARTESIAN_POINT ( 'NONE',  ( 12.99708902502160335, -38.31026286157670313, 1.719853551493901733 ) ) ;
#5705 = CARTESIAN_POINT ( 'NONE',  ( -5.101084519470870296E-05, -41.43984812856500355, 9.180021337918599755 ) ) ;
#5706 = CARTESIAN_POINT ( 'NONE',  ( -8.497590445435601936, -38.13449808912461947, 3.022752665035749686 ) ) ;
#5707 = CARTESIAN_POINT ( 'NONE',  ( 224.1604830514689297, 9.999999999999998224, -135.2819127134608550 ) ) ;
#5708 = CARTESIAN_POINT ( 'NONE',  ( -18.00000000000000000, -11.27713467053115970, 50.82238809104900668 ) ) ;
#5709 = CARTESIAN_POINT ( 'NONE',  ( 99.14499999999999602, -63.39640923772800818, 1.544179419989875053E-15 ) ) ;
#5710 = DIRECTION ( 'NONE',  ( 0.000000000000000000, 0.000000000000000000, 1.000000000000000000 ) ) ;
#5711 = CARTESIAN_POINT ( 'NONE',  ( -12.85711051807311378, -38.21160624825361651, 1.877083977375842316 ) ) ;
#5712 = ORIENTED_EDGE ( 'NONE', *, *, #2311, .F. ) ;
#5713 = CARTESIAN_POINT ( 'NONE',  ( -6.356372748296873709, -41.83305557803151231, 6.371546873824759594 ) ) ;
#5714 = CARTESIAN_POINT ( 'NONE',  ( 0.4875835940444510075, -6.042206017373329630, 58.61996200337869567 ) ) ;
#5715 = CARTESIAN_POINT ( 'NONE',  ( -7.314966206445477681, -41.95287628316162198, 5.251525770977837126 ) ) ;
#5716 = CARTESIAN_POINT ( 'NONE',  ( 1.152173401618053594, -37.45155539564589020, -8.945401869410096296 ) ) ;
#5717 = DIRECTION ( 'NONE',  ( 0.000000000000000000, 1.000000000000000000, 0.000000000000000000 ) ) ;
#5718 = CARTESIAN_POINT ( 'NONE',  ( 8.061849622315348185, -20.13548861511836563, -48.63241216386380472 ) ) ;
#5719 = CARTESIAN_POINT ( 'NONE',  ( 5.508005109497500662, -41.97117035344019342, -0.9195008992283648652 ) ) ;
#5720 = CARTESIAN_POINT ( 'NONE',  ( 140.1670044770244488, -13.94371515320614918, 93.25435491082637895 ) ) ;
#5721 = EDGE_CURVE ( 'NONE', #3318, #2935, #1102, .T. ) ;
#5722 = ORIENTED_EDGE ( 'NONE', *, *, #1003, .F. ) ;
#5723 = CARTESIAN_POINT ( 'NONE',  ( -13.74273608753901321, -6.042206017369085025, 56.34055965669480770 ) ) ;
#5724 = CARTESIAN_POINT ( 'NONE',  ( 0.5772237905016057713, -37.44271597188272693, -8.999067170125680803 ) ) ;
#5725 = CARTESIAN_POINT ( 'NONE',  ( 73.65500000000000114, -63.39640923772800818, -2.064450201827639861E-15 ) ) ;
#5726 = CARTESIAN_POINT ( 'NONE',  ( -12.69257573279303131, 4.000000000000000000, -50.16455915774985641 ) ) ;
#5727 = CARTESIAN_POINT ( 'NONE',  ( 4.788635267206620583, -36.89967327051947876, 12.02343683619337966 ) ) ;
#5728 = CARTESIAN_POINT ( 'NONE',  ( 171.6944912298133090, -9.999999999999996447, 53.88982645011240180 ) ) ;
#5729 = CARTESIAN_POINT ( 'NONE',  ( 3.986897056096737835, -41.61866915831630820, -8.090330568422348989 ) ) ;
#5730 = EDGE_CURVE ( 'NONE', #798, #2453, #672, .T. ) ;
#5731 = EDGE_LOOP ( 'NONE', ( #3533, #653, #5414, #2032, #2220, #5848 ) ) ;
#5732 = CARTESIAN_POINT ( 'NONE',  ( 5.507999999914679812, -41.99430005132509791, 3.060643596046600169E-05 ) ) ;
#5733 = ORIENTED_EDGE ( 'NONE', *, *, #6844, .F. ) ;
#5734 = CARTESIAN_POINT ( 'NONE',  ( -3.671983152693349961, -41.84321739110304605, -3.031887689018485155 ) ) ;
#5735 = CARTESIAN_POINT ( 'NONE',  ( 5.507978988445449531, -41.90336194479514376, 3.781299771509710084 ) ) ;
#5736 = CARTESIAN_POINT ( 'NONE',  ( -9.000028474184428973, -42.30708906031859584, -8.070543590473060038E-10 ) ) ;
#5737 = CARTESIAN_POINT ( 'NONE',  ( 1.702058427960865117E-06, -41.79055256050195055, -0.3063060960499194851 ) ) ;
#5738 = CARTESIAN_POINT ( 'NONE',  ( 226.6457644257074548, 7.514718625761430459, 137.9613978004092019 ) ) ;
#5739 = DIRECTION ( 'NONE',  ( 0.000000000000000000, 1.000000000000000000, 0.000000000000000000 ) ) ;
#5740 = CARTESIAN_POINT ( 'NONE',  ( -1.672020900077810346, -38.31026286157670313, 13.00332901501097638 ) ) ;
#5741 = CARTESIAN_POINT ( 'NONE',  ( 23.13850053261340634, -58.99259783589941009, 126.5229989347730566 ) ) ;
#5742 = CARTESIAN_POINT ( 'NONE',  ( 5.619215311226960274, -37.72380573129694170, 7.031899549016116246 ) ) ;
#5743 = DIRECTION ( 'NONE',  ( 0.000000000000000000, 0.000000000000000000, 1.000000000000000000 ) ) ;
#5744 = CARTESIAN_POINT ( 'NONE',  ( 190.4059769339625063, -6.042206017373019655, 1.510441131475985042E-14 ) ) ;
#5745 = CIRCLE ( 'NONE', #1476, 16.74500000000000099 ) ;
#5746 = DIRECTION ( 'NONE',  ( 1.000000000000000000, 0.000000000000000000, 0.000000000000000000 ) ) ;
#5747 = CARTESIAN_POINT ( 'NONE',  ( 127.4631718966209348, -6.042206017375338689, -95.71593710894862284 ) ) ;
#5748 = CIRCLE ( 'NONE', #373, 12.74499999999999922 ) ;
#5749 = CARTESIAN_POINT ( 'NONE',  ( -12.12469916906931111, -37.99448540899009430, 4.630571462357448986 ) ) ;
#5750 = ORIENTED_EDGE ( 'NONE', *, *, #5269, .F. ) ;
#5751 = CARTESIAN_POINT ( 'NONE',  ( -0.5562940812100533039, -41.48878084365440344, 9.000388318241526520 ) ) ;
#5752 = CARTESIAN_POINT ( 'NONE',  ( 1.204089794739071628, -7.362619869357045488, 57.86736561749827956 ) ) ;
#5753 = CARTESIAN_POINT ( 'NONE',  ( 8.607861655776932963, -21.17050763459431195, -47.71989920397511753 ) ) ;
#5754 = CARTESIAN_POINT ( 'NONE',  ( 7.629357958405662110, -37.98054080538753396, -4.775138188819775920 ) ) ;
#5755 = DIRECTION ( 'NONE',  ( 0.000000000000000000, 1.000000000000000000, -0.000000000000000000 ) ) ;
#5756 = CARTESIAN_POINT ( 'NONE',  ( 6.894452177997290931, -17.92937793876397023, -50.52821866144100937 ) ) ;
#5757 = CARTESIAN_POINT ( 'NONE',  ( 7.344001701944699256, -42.11316865321069969, -0.3062652874686330184 ) ) ;
#5758 = CARTESIAN_POINT ( 'NONE',  ( -22.00000000000000000, -42.30756013076910449, -5.181181809388050601E-15 ) ) ;
#5759 = ORIENTED_EDGE ( 'NONE', *, *, #2600, .T. ) ;
#5760 = EDGE_CURVE ( 'NONE', #160, #947, #1674, .T. ) ;
#5761 = CARTESIAN_POINT ( 'NONE',  ( 143.7929854930485476, -6.042206017369109006, 99.54331454056968198 ) ) ;
#5762 = CARTESIAN_POINT ( 'NONE',  ( 190.4059769339625063, -6.042206017373019655, 1.510441131475985042E-14 ) ) ;
#5763 = CARTESIAN_POINT ( 'NONE',  ( 185.3328331859785010, -6.042206017371060334, 1.387778780781449935E-14 ) ) ;
#5764 = CARTESIAN_POINT ( 'NONE',  ( -7.698787150378059607, -42.00898088712698808, 4.662068562005049266 ) ) ;
#5765 = CARTESIAN_POINT ( 'NONE',  ( 7.041135573337122366, -37.12421519031168060, 10.86373162961844407 ) ) ;
#5766 = EDGE_CURVE ( 'NONE', #856, #2597, #33, .T. ) ;
#5767 = CARTESIAN_POINT ( 'NONE',  ( 78.62376810761963952, -63.39640923772800818, 10.13232571965804851 ) ) ;
#5768 = CARTESIAN_POINT ( 'NONE',  ( -8.540508561740766780, -42.15408513234791599, -2.899993689254351636 ) ) ;
#5769 = VERTEX_POINT ( 'NONE', #7448 ) ;
#5770 = CARTESIAN_POINT ( 'NONE',  ( -3.671999999943150073, -41.88125511300085435, -2.040429064798975216E-05 ) ) ;
#5771 = ORIENTED_EDGE ( 'NONE', *, *, #4132, .F. ) ;
#5772 = EDGE_CURVE ( 'NONE', #4822, #3043, #4950, .T. ) ;
#5773 = CARTESIAN_POINT ( 'NONE',  ( -7.343993753894100252, -42.10689525709390324, -1.124082987036183923 ) ) ;
#5774 = CARTESIAN_POINT ( 'NONE',  ( -5.508016847164520335, -41.92984125614904656, 3.031836678291874865 ) ) ;
#5775 = DIRECTION ( 'NONE',  ( -1.000000000000000000, 0.000000000000000000, 0.000000000000000000 ) ) ;
#5776 = CARTESIAN_POINT ( 'NONE',  ( 7.343998865180619617, -42.10617315468100230, 0.2042448726145590088 ) ) ;
#5777 = EDGE_CURVE ( 'NONE', #1915, #347, #4819, .T. ) ;
#5778 = CARTESIAN_POINT ( 'NONE',  ( -7.807794426095409079, -42.02388257875145428, 4.515217783402971641 ) ) ;
#5779 = FACE_OUTER_BOUND ( 'NONE', #2615, .T. ) ;
#5780 = CARTESIAN_POINT ( 'NONE',  ( -22.00000000000000000, -40.88189669053600284, 38.76238080152555199 ) ) ;
#5781 = DIRECTION ( 'NONE',  ( 0.000000000000000000, 1.000000000000000000, 0.000000000000000000 ) ) ;
#5782 = CARTESIAN_POINT ( 'NONE',  ( -4.427047060320982830, -37.61531921460550620, 7.837366210394816513 ) ) ;
#5783 = CARTESIAN_POINT ( 'NONE',  ( -12.69257573279303131, 4.000000000000000000, -50.16455915774985641 ) ) ;
#5784 = CARTESIAN_POINT ( 'NONE',  ( 40.60360956192334925, -50.78462308660660085, -1.121688059249859863E-14 ) ) ;
#5785 = DIRECTION ( 'NONE',  ( -1.000000000000000000, 3.074555195481525416E-16, -1.561327534128339757E-31 ) ) ;
#5786 = CARTESIAN_POINT ( 'NONE',  ( 62.61051836975938301, -6.042206017375320037, -101.3991383919031932 ) ) ;
#5787 = CARTESIAN_POINT ( 'NONE',  ( -8.832242994071267006, -37.36521683838306274, 9.485224898883176436 ) ) ;
#5788 = ORIENTED_EDGE ( 'NONE', *, *, #5496, .F. ) ;
#5789 = CARTESIAN_POINT ( 'NONE',  ( -5.754885243685971652, -41.76808681233546139, 6.921441104951019163 ) ) ;
#5790 = CARTESIAN_POINT ( 'NONE',  ( 4.281351717559090275, -13.05265481582208409, 54.19791742470254547 ) ) ;
#5791 = CARTESIAN_POINT ( 'NONE',  ( 1.199991381259394085, -7.355067105788175574, -57.87167046673666704 ) ) ;
#5792 = CARTESIAN_POINT ( 'NONE',  ( 7.686063526083902531, -37.98960565507063336, -4.682912577321101999 ) ) ;
#5793 = CARTESIAN_POINT ( 'NONE',  ( 179.8382392356172090, -7.600790049277648563, 28.50214150462254636 ) ) ;
#5794 = CARTESIAN_POINT ( 'NONE',  ( 4.401472916146768277, -13.27568655603889169, -54.04150395970520293 ) ) ;
#5795 = CARTESIAN_POINT ( 'NONE',  ( -8.161877094461260640, -42.08442288377970897, -3.793327285493712342 ) ) ;
#5796 = CARTESIAN_POINT ( 'NONE',  ( 9.180029509733920179, -42.08224734154784841, -5.310609717123659479 ) ) ;
#5797 = CARTESIAN_POINT ( 'NONE',  ( 132.1963904380773158, -50.78462308660635927, 27.05165476076345143 ) ) ;
#5798 = VERTEX_POINT ( 'NONE', #7376 ) ;
#5799 = CARTESIAN_POINT ( 'NONE',  ( -12.99553091679957895, -38.31026187940302208, 0.0001336912975863206211 ) ) ;
#5800 = AXIS2_PLACEMENT_3D ( 'NONE', #6826, #404, #2736 ) ;
#5801 = CARTESIAN_POINT ( 'NONE',  ( 139.1842759379912309, -47.26221975847436596, -105.5685518759823793 ) ) ;
#5802 = CARTESIAN_POINT ( 'NONE',  ( 0.1227619990086116220, -20.95902901126222773, -172.5544760019827208 ) ) ;
#5803 = CARTESIAN_POINT ( 'NONE',  ( -3.912457896325598927, -41.61626926099403789, 8.106157220280273634 ) ) ;
#5804 = CARTESIAN_POINT ( 'NONE',  ( -12.47440534553085278, -38.08545359367081318, 3.637720403214568243 ) ) ;
#5805 = CYLINDRICAL_SURFACE ( 'NONE', #5256, 14.00000000000000533 ) ;
#5806 = VECTOR ( 'NONE', #4345, 1000.000000000000000 ) ;
#5807 = CARTESIAN_POINT ( 'NONE',  ( 8.853630431952032254, -42.23287178515815299, -1.623237483794788938 ) ) ;
#5808 = AXIS2_PLACEMENT_3D ( 'NONE', #7084, #2274, #1857 ) ;
#5809 = ORIENTED_EDGE ( 'NONE', *, *, #5777, .F. ) ;
#5810 = CARTESIAN_POINT ( 'NONE',  ( 3.671994890360305241, -41.88319309293465409, 0.9195519099549659403 ) ) ;
#5811 = VERTEX_POINT ( 'NONE', #4442 ) ;
#5812 = CARTESIAN_POINT ( 'NONE',  ( -7.343988453265300365, -42.08122616269734806, -2.077995540172655087 ) ) ;
#5813 = EDGE_CURVE ( 'NONE', #1293, #5798, #4412, .T. ) ;
#5814 = CARTESIAN_POINT ( 'NONE',  ( 7.343983152636440082, -42.05000831296264607, 3.031908093309124919 ) ) ;
#5815 = CARTESIAN_POINT ( 'NONE',  ( 8.997757370426162638, -42.30129188255772021, -0.2011852273578153827 ) ) ;
#5816 = B_SPLINE_CURVE_WITH_KNOTS ( 'NONE', 2,
 ( #3386, #1018, #443 ),
 .UNSPECIFIED., .F., .F.,
 ( 3, 3 ),
 ( 0.000000000000000000, 1.000000000000000000 ),
 .UNSPECIFIED. ) ;
#5817 = CARTESIAN_POINT ( 'NONE',  ( 3.672016847192915101, -41.84322007499505247, -3.031846880437200298 ) ) ;
#5818 = EDGE_CURVE ( 'NONE', #5293, #7180, #5611, .T. ) ;
#5819 = CARTESIAN_POINT ( 'NONE',  ( -6.152739420234714096, -41.80995600635013432, 6.575047172224716796 ) ) ;
#5820 = CARTESIAN_POINT ( 'NONE',  ( 20.34536719873065280, -34.34959553575265545, -21.81000826438560125 ) ) ;
#5821 = CARTESIAN_POINT ( 'NONE',  ( 1.723392542192733190, -38.31026286157669603, 12.99662023406230382 ) ) ;
#5822 = DIRECTION ( 'NONE',  ( 0.000000000000000000, 4.956352788505163268E-16, 1.000000000000000000 ) ) ;
#5823 = CARTESIAN_POINT ( 'NONE',  ( 186.0053216956796689, -6.042206017375292504, 29.93364541595052586 ) ) ;
#5824 = DIRECTION ( 'NONE',  ( -1.000000000000000000, 1.500332356076764948E-16, 0.000000000000000000 ) ) ;
#5825 = CARTESIAN_POINT ( 'NONE',  ( -7.344051010731459606, -41.69037129754194382, 9.179980529337321116 ) ) ;
#5827 = ADVANCED_FACE ( 'NONE', ( #3715 ), #4744, .T. ) ;
#5826 = CARTESIAN_POINT ( 'NONE',  ( 62.18275481095519552, -57.95386985700429960, -5.931514360986089564E-15 ) ) ;
#5828 = ORIENTED_EDGE ( 'NONE', *, *, #5760, .F. ) ;
#5829 = CARTESIAN_POINT ( 'NONE',  ( -6.152181668430497297, -41.80994045699289785, 6.569841726000083426 ) ) ;
#5830 = CARTESIAN_POINT ( 'NONE',  ( 8.040764070796193153, -20.09550293765007467, 48.66777699024964932 ) ) ;
#5831 = CARTESIAN_POINT ( 'NONE',  ( 4.131111067716807028, -12.77381762321138048, -54.39211554670455229 ) ) ;
#5832 = ORIENTED_EDGE ( 'NONE', *, *, #1465, .F. ) ;
#5833 = CARTESIAN_POINT ( 'NONE',  ( -5.128430055570630586, -37.67504386700674246, -7.401760421275685786 ) ) ;
#5834 = CARTESIAN_POINT ( 'NONE',  ( 226.6457644257074833, 0.6525979942082166252, -137.7671940876994086 ) ) ;
#5835 = DIRECTION ( 'NONE',  ( -1.000000000000000000, 0.000000000000000000, 0.000000000000000000 ) ) ;
#5836 = CARTESIAN_POINT ( 'NONE',  ( 82.29552202663704463, -63.39640923772800818, -12.09491907783861997 ) ) ;
#5837 = CARTESIAN_POINT ( 'NONE',  ( -5.507957657444360500, -41.69805266490379836, -7.620072579493349707 ) ) ;
#5838 = COLOUR_RGB ( '',0.7921568627450980005, 0.8196078431372548767, 0.9333333333333333481 ) ;
#5839 = CARTESIAN_POINT ( 'NONE',  ( 54.66600174739932072, -47.26221975847412438, 52.45269724046585225 ) ) ;
#5840 = ORIENTED_EDGE ( 'NONE', *, *, #7060, .F. ) ;
#5841 = CARTESIAN_POINT ( 'NONE',  ( 85.91728259824829195, -50.78462308660630242, 45.79384632313450254 ) ) ;
#5842 = CARTESIAN_POINT ( 'NONE',  ( 0.1227619990086116220, -20.95902901126222773, -172.5544760019827208 ) ) ;
#5843 = CARTESIAN_POINT ( 'NONE',  ( 8.317872550094053352, -38.10015893267109988, 3.437012917872690476 ) ) ;
#5844 = CARTESIAN_POINT ( 'NONE',  ( -8.339110250636121435, -42.11650441481631901, 3.385252159181198817 ) ) ;
#5845 = CARTESIAN_POINT ( 'NONE',  ( -2.609650222806134234, -36.76481686193061194, 12.67238748008403171 ) ) ;
#5846 = DIRECTION ( 'NONE',  ( 0.000000000000000000, 0.000000000000000000, 1.000000000000000000 ) ) ;
#5847 = CARTESIAN_POINT ( 'NONE',  ( 8.923230900423641643, -42.25598984214234832, -1.183023190472107578 ) ) ;
#5848 = ORIENTED_EDGE ( 'NONE', *, *, #4691, .T. ) ;
#5849 = CARTESIAN_POINT ( 'NONE',  ( 9.179996594037190150, -42.30370506477029835, 0.6129698115837249883 ) ) ;
#5850 = ORIENTED_EDGE ( 'NONE', *, *, #2204, .T. ) ;
#5851 = CARTESIAN_POINT ( 'NONE',  ( 9.180003405678450079, -42.30370947901290180, -0.6128677901305170650 ) ) ;
#5852 = CARTESIAN_POINT ( 'NONE',  ( -5.508051010759899668, -41.58978407742775119, 9.179990731482641664 ) ) ;
#5853 = CARTESIAN_POINT ( 'NONE',  ( 13.52988742019620716, -30.87275559786149870, 36.60451452105812820 ) ) ;
#5854 = CARTESIAN_POINT ( 'NONE',  ( 7.344029509762339814, -41.94464985518334998, -5.310619919268979139 ) ) ;
#5855 = AXIS2_PLACEMENT_3D ( 'NONE', #350, #7340, #1032 ) ;
#5856 = CARTESIAN_POINT ( 'NONE',  ( -1.172641311422986110, -41.49943601905687984, 8.928265136056589668 ) ) ;
#5857 = CARTESIAN_POINT ( 'NONE',  ( 20.34536719873065280, -6.042206017372989457, -53.98290812280549744 ) ) ;
#5858 = DIRECTION ( 'NONE',  ( 1.000000000000000000, 0.000000000000000000, 0.000000000000000000 ) ) ;
#5859 = CARTESIAN_POINT ( 'NONE',  ( 6.614058164611183344, -37.06233964856460972, 11.19536308315585416 ) ) ;
#5860 = DIRECTION ( 'NONE',  ( 0.000000000000000000, 1.000000000000000000, 0.000000000000000000 ) ) ;
#5861 = ADVANCED_FACE ( 'NONE', ( #5406, #4176, #4824 ), #3597, .T. ) ;
#5862 = CARTESIAN_POINT ( 'NONE',  ( 23.13850053261343831, -58.99259783589941009, -126.5229989347731561 ) ) ;
#5863 = CARTESIAN_POINT ( 'NONE',  ( -5.101084519470870296E-05, -41.43984812856500355, 9.180021337918599755 ) ) ;
#5864 = CARTESIAN_POINT ( 'NONE',  ( 132.1963904380766053, -50.78462308660660085, 5.608440296249299316E-15 ) ) ;
#5865 = EDGE_LOOP ( 'NONE', ( #2487, #5339, #7288, #6177, #383, #6808, #4109, #2059, #6047, #6195 ) ) ;
#5866 = CARTESIAN_POINT ( 'NONE',  ( -8.954266304479670424, -42.26970655761878248, 0.9061755284742007976 ) ) ;
#5867 = CARTESIAN_POINT ( 'NONE',  ( 7.998509610418753191, -20.01538362583248443, 48.73857972667256888 ) ) ;
#5868 = CYLINDRICAL_SURFACE ( 'NONE', #2180, 9.000000000000000000 ) ;
#5869 = AXIS2_PLACEMENT_3D ( 'NONE', #7430, #4608, #3315 ) ;
#5870 = DIRECTION ( 'NONE',  ( -0.000000000000000000, 1.000000000000000000, -0.000000000000000000 ) ) ;
#5871 = CARTESIAN_POINT ( 'NONE',  ( -7.825732886230297503, -38.01142505678363648, -4.454760232971050726 ) ) ;
#5872 = LINE ( 'NONE', #2226, #7327 ) ;
#5873 = EDGE_CURVE ( 'NONE', #751, #4482, #1314, .T. ) ;
#5874 = DIRECTION ( 'NONE',  ( -0.000000000000000000, -0.000000000000000000, -1.000000000000000000 ) ) ;
#5875 = CARTESIAN_POINT ( 'NONE',  ( -8.955419941649033433, -42.27025483031113140, -0.8946928619827896334 ) ) ;
#5876 = CARTESIAN_POINT ( 'NONE',  ( -3.671948989097970184, -41.51274014766394771, -9.180041742209249733 ) ) ;
#5877 = CARTESIAN_POINT ( 'NONE',  ( 62.18813599872329689, -57.95386985700420013, -0.5104959647316559268 ) ) ;
#5878 = ORIENTED_EDGE ( 'NONE', *, *, #2550, .T. ) ;
#5879 = CARTESIAN_POINT ( 'NONE',  ( 103.1449999999999960, -58.93658393131480011, 1.387778780781445991E-14 ) ) ;
#5880 = EDGE_CURVE ( 'NONE', #394, #4159, #1897, .T. ) ;
#5881 = CARTESIAN_POINT ( 'NONE',  ( 86.40000000000000568, -64.66763823405520384, 0.000000000000000000 ) ) ;
#5882 = CARTESIAN_POINT ( 'NONE',  ( -2.873241832810186747, -37.51457121368937919, 8.531394091148955638 ) ) ;
#5883 = CARTESIAN_POINT ( 'NONE',  ( -4.641061090982494974, -41.66846666171586833, 7.716691600379416371 ) ) ;
#5884 = CARTESIAN_POINT ( 'NONE',  ( 7.918562053949468549, -37.23125193343491190, 10.27914008790702027 ) ) ;
#5885 = CYLINDRICAL_SURFACE ( 'NONE', #7434, 12.74500000000000632 ) ;
#5886 = PLANE ( 'NONE',  #3304 ) ;
#5887 = ORIENTED_EDGE ( 'NONE', *, *, #2677, .T. ) ;
#5888 = CARTESIAN_POINT ( 'NONE',  ( 3.671998865237490417, -41.88910478186475217, 0.2042244683239154979 ) ) ;
#5889 = ORIENTED_EDGE ( 'NONE', *, *, #1335, .F. ) ;
#5890 = PLANE ( 'NONE',  #4978 ) ;
#5891 = CARTESIAN_POINT ( 'NONE',  ( 9.179988453236822110, -42.24575219287114436, 2.078005742317974747 ) ) ;
#5892 = CARTESIAN_POINT ( 'NONE',  ( 12.18996091247788627, -28.15205036719271092, 40.24124937646060118 ) ) ;
#5893 = CARTESIAN_POINT ( 'NONE',  ( 7.344038008169199827, -41.85265049061969478, -6.840011482045489366 ) ) ;
#5894 = CARTESIAN_POINT ( 'NONE',  ( 7.649076369815603016, -42.00105219882630792, 4.751637490523219931 ) ) ;
#5895 = CARTESIAN_POINT ( 'NONE',  ( -18.00000000000000000, -23.68619686104764810, -39.70994965335955840 ) ) ;
#5896 = CARTESIAN_POINT ( 'NONE',  ( 12.33100937268233288, -38.03835134023579911, 4.204032023414578489 ) ) ;
#5897 = CARTESIAN_POINT ( 'NONE',  ( -7.344021011355519768, -42.01819183912319744, 3.781228356492460474 ) ) ;
#5898 =( BOUNDED_CURVE ( )  B_SPLINE_CURVE ( 3, ( #2182, #1113, #5097, #5672 ),
 .UNSPECIFIED., .F., .F. ) 
 B_SPLINE_CURVE_WITH_KNOTS ( ( 4, 4 ),
 ( 2.584440534145863761E-16, 0.2050851179863882878 ),
 .UNSPECIFIED. ) 
 CURVE ( )  GEOMETRIC_REPRESENTATION_ITEM ( )  RATIONAL_B_SPLINE_CURVE ( ( 0.6395411310986194309, 0.4492883055586964769, 0.4535810093957520772, 0.6524192426097861208 ) ) 
 REPRESENTATION_ITEM ( '' )  );
#5899 = CARTESIAN_POINT ( 'NONE',  ( 8.977106309017660379, -38.27326995034589885, 0.7520828823452047063 ) ) ;
#5900 = CARTESIAN_POINT ( 'NONE',  ( -18.00000000000000000, -38.30611622139949901, -0.03690425908144105011 ) ) ;
#5901 = CARTESIAN_POINT ( 'NONE',  ( 33.61572406200880181, -47.26221975847439438, -1.292841891455429965E-14 ) ) ;
#5902 = ORIENTED_EDGE ( 'NONE', *, *, #358, .T. ) ;
#5903 = CARTESIAN_POINT ( 'NONE',  ( -8.811128095672986049, -42.22091847649856078, 1.834203842873238344 ) ) ;
#5904 = CARTESIAN_POINT ( 'NONE',  ( 18.12278089171553930, -41.11894549382760999, 11.26125705938678934 ) ) ;
#5905 = CARTESIAN_POINT ( 'NONE',  ( 7.978243363155031354, -19.97697101612737924, -48.77241106004478155 ) ) ;
#5906 = ORIENTED_EDGE ( 'NONE', *, *, #2550, .F. ) ;
#5907 = CARTESIAN_POINT ( 'NONE',  ( -9.000000000000010658, -38.28362122122785394, -0.5478001574615256608 ) ) ;
#5908 = CARTESIAN_POINT ( 'NONE',  ( 168.0238501401080953, -9.999999999999996447, 50.01348028672948942 ) ) ;
#5909 = CARTESIAN_POINT ( 'NONE',  ( 11.32911082509866141, -38.31026286157675287, 6.528776660758647488 ) ) ;
#5910 = CARTESIAN_POINT ( 'NONE',  ( 92.78525334728060159, -63.39640923772801528, -11.06183469794279439 ) ) ;
#5911 = DIRECTION ( 'NONE',  ( -0.000000000000000000, -1.000000000000000000, -0.000000000000000000 ) ) ;
#5912 = CARTESIAN_POINT ( 'NONE',  ( 54.89384660698920015, -56.13001623236039705, -0.6642926860360910402 ) ) ;
#5913 = ORIENTED_EDGE ( 'NONE', *, *, #5818, .F. ) ;
#5914 = DIRECTION ( 'NONE',  ( -0.000000000000000000, -0.000000000000000000, -1.000000000000000000 ) ) ;
#5915 = ADVANCED_FACE ( 'NONE', ( #1576 ), #3186, .F. ) ;
#5916 = DIRECTION ( 'NONE',  ( -0.000000000000000000, 1.000000000000000000, -0.000000000000000000 ) ) ;
#5917 = CARTESIAN_POINT ( 'NONE',  ( -3.354462311011892517, -37.54125298919936427, 8.351503186363791187 ) ) ;
#5918 = CARTESIAN_POINT ( 'NONE',  ( -8.099901292874905678, -42.07307853708390155, 3.934278533391460719 ) ) ;
#5919 = CARTESIAN_POINT ( 'NONE',  ( 99.14499999999999602, -63.39640923772795134, 25.49000000000011568 ) ) ;
#5920 = CARTESIAN_POINT ( 'NONE',  ( -12.69257573279303131, -9.999999999999982236, -50.16455915774985641 ) ) ;
#5921 = DIRECTION ( 'NONE',  ( 1.000000000000000000, -1.334604752262064725E-16, 0.000000000000000000 ) ) ;
#5922 = ORIENTED_EDGE ( 'NONE', *, *, #4723, .F. ) ;
#5923 = CARTESIAN_POINT ( 'NONE',  ( 7.344001701944699256, -42.11316865321069969, -0.3062652874686330184 ) ) ;
#5924 = ADVANCED_FACE ( 'NONE', ( #385 ), #3903, .F. ) ;
#5925 = EDGE_CURVE ( 'NONE', #1566, #734, #2137, .T. ) ;
#5926 = VERTEX_POINT ( 'NONE', #995 ) ;
#5927 = CARTESIAN_POINT ( 'NONE',  ( -12.40508026624147853, -38.30712065866585903, 0.06271445548520823698 ) ) ;
#5928 = AXIS2_PLACEMENT_3D ( 'NONE', #5318, #1181, #5775 ) ;
#5929 = CARTESIAN_POINT ( 'NONE',  ( 9.180046676515591031, -41.87592484815069582, -8.399980644761390280 ) ) ;
#5930 = AXIS2_PLACEMENT_3D ( 'NONE', #420, #3294, #4438 ) ;
#5931 = CARTESIAN_POINT ( 'NONE',  ( -7.344005109469100567, -42.10820935120749198, 0.9194906970830359905 ) ) ;
#5932 = CARTESIAN_POINT ( 'NONE',  ( 8.999226653582445223, -42.30449642069044813, -0.1194380393565921405 ) ) ;
#5933 = CARTESIAN_POINT ( 'NONE',  ( 14.64218639164724678, -6.042206017375293392, -75.48882849255512895 ) ) ;
#5934 = CARTESIAN_POINT ( 'NONE',  ( 3.672006245935305557, -41.88114297932265373, -1.124021774164253973 ) ) ;
#5935 = CARTESIAN_POINT ( 'NONE',  ( 8.701322670927105207, -38.18334211968125658, -2.318589441512866500 ) ) ;
#5936 = CARTESIAN_POINT ( 'NONE',  ( -18.00000000000000000, -11.27713467053115970, 50.82238809104900668 ) ) ;
#5937 = CARTESIAN_POINT ( 'NONE',  ( 4.005248692621678153, -36.82864558538949495, 12.36958851992118547 ) ) ;
#5938 = CARTESIAN_POINT ( 'NONE',  ( 7.343957657415900009, -41.80211066434194578, 7.620082781638670255 ) ) ;
#5939 = CARTESIAN_POINT ( 'NONE',  ( 62.18275481095519552, -57.95386985700429960, -5.931514360986089564E-15 ) ) ;
#5940 = CARTESIAN_POINT ( 'NONE',  ( -7.344029509762370012, -41.94464985508825094, 5.310619919268979139 ) ) ;
#5941 = CARTESIAN_POINT ( 'NONE',  ( 62.18275481095512447, -57.95386985700431381, -48.43449037808966295 ) ) ;
#5942 = EDGE_LOOP ( 'NONE', ( #1741, #2752, #5431, #3273 ) ) ;
#5943 = CARTESIAN_POINT ( 'NONE',  ( -8.536877607426704984, -42.15517143610296102, 2.864924026576043836 ) ) ;
#5944 = DIRECTION ( 'NONE',  ( -0.000000000000000000, 1.000000000000000000, 0.000000000000000000 ) ) ;
#5945 = CARTESIAN_POINT ( 'NONE',  ( 17.37634051210758557, -39.37548302082073803, -18.64926716633993209 ) ) ;
#5946 = ORIENTED_EDGE ( 'NONE', *, *, #2404, .F. ) ;
#5947 = CARTESIAN_POINT ( 'NONE',  ( -8.290541155480488200, -38.09486137124492444, -3.502480624431897560 ) ) ;
#5948 = CARTESIAN_POINT ( 'NONE',  ( 117.9131557670225874, -56.13001623236050364, 3.859248534111614838E-15 ) ) ;
#5949 = CARTESIAN_POINT ( 'NONE',  ( 77.97943166187842223, -63.39640923772800818, -9.603532464476909780 ) ) ;
#5950 = CARTESIAN_POINT ( 'NONE',  ( 86.40000000000000568, -58.25464714294840007, 0.000000000000000000 ) ) ;
#5951 = CARTESIAN_POINT ( 'NONE',  ( 32.97019672232295306, -47.26221975847412438, 30.05974408747960780 ) ) ;
#5952 = VERTEX_POINT ( 'NONE', #3328 ) ;
#5953 = CARTESIAN_POINT ( 'NONE',  ( 226.6457644257073980, -6.042206017375389315, -137.7671940876994654 ) ) ;
#5954 = DIRECTION ( 'NONE',  ( -1.000000000000000000, 0.000000000000000000, 0.000000000000000000 ) ) ;
#5955 = CARTESIAN_POINT ( 'NONE',  ( 2.339623026450178056, -37.48778767461097061, 8.710334854960873230 ) ) ;
#5956 = CARTESIAN_POINT ( 'NONE',  ( 8.976145500438716951, -42.28090686119830366, 0.6558730954579242711 ) ) ;
#5957 = CARTESIAN_POINT ( 'NONE',  ( -17.99999999999999645, -6.042206017372994786, 53.98290812280554718 ) ) ;
#5958 = CARTESIAN_POINT ( 'NONE',  ( -12.99864817594080080, -38.30611261494834707, 0.03755347317486755487 ) ) ;
#5959 = EDGE_CURVE ( 'NONE', #3239, #6531, #7137, .T. ) ;
#5960 = CARTESIAN_POINT ( 'NONE',  ( 8.879362843407871964, -42.24079634259084060, -1.476323784644209436 ) ) ;
#5961 = ORIENTED_EDGE ( 'NONE', *, *, #989, .F. ) ;
#5962 = CARTESIAN_POINT ( 'NONE',  ( -3.671988453322155177, -41.86434037993399215, -2.077975135882014879 ) ) ;
#5963 = EDGE_LOOP ( 'NONE', ( #6837, #168 ) ) ;
#5964 = CARTESIAN_POINT ( 'NONE',  ( 179.8382392356312494, -9.999999999999996447, 42.50214150462253571 ) ) ;
#5965 = CARTESIAN_POINT ( 'NONE',  ( -3.671948989097970184, -41.51274014766394771, -9.180041742209249733 ) ) ;
#5966 = EDGE_CURVE ( 'NONE', #6626, #6790, #1162, .T. ) ;
#5967 = CARTESIAN_POINT ( 'NONE',  ( 3.671994890360305241, -41.88319309293465409, 0.9195519099549659403 ) ) ;
#5968 = CARTESIAN_POINT ( 'NONE',  ( 7.501887056827288625, -41.97981607413481697, -4.972102132333244384 ) ) ;
#5969 = CARTESIAN_POINT ( 'NONE',  ( 7.393069536776651240, -37.16722442184875064, 10.62866883080903513 ) ) ;
#5970 = CARTESIAN_POINT ( 'NONE',  ( 3.672046676600889903, -41.56765029199235073, -8.400011251197350148 ) ) ;
#5971 = ORIENTED_EDGE ( 'NONE', *, *, #7491, .T. ) ;
#5972 = CARTESIAN_POINT ( 'NONE',  ( -2.470215254114801251, -41.53915366805134823, 8.655712380438078668 ) ) ;
#5973 = CARTESIAN_POINT ( 'NONE',  ( -12.69257573279303131, -9.999999999999982236, -64.16455915774986352 ) ) ;
#5974 = CARTESIAN_POINT ( 'NONE',  ( -5.717660536529886706, -36.96809213097017022, 11.68299378971156344 ) ) ;
#5975 = CARTESIAN_POINT ( 'NONE',  ( 3.671983152693320207, -41.84321739123220141, 3.031887689018485155 ) ) ;
#5976 = CARTESIAN_POINT ( 'NONE',  ( -7.251324091986030673, -37.92324544675135911, 5.332959627333850428 ) ) ;
#5977 = CARTESIAN_POINT ( 'NONE',  ( -5.508038008197660318, -41.74731312807935524, 6.840021684190809914 ) ) ;
#5978 = CARTESIAN_POINT ( 'NONE',  ( 52.49572030001601064, -6.042206017414736507, 98.58094116114891392 ) ) ;
#5979 = EDGE_LOOP ( 'NONE', ( #5347, #1654, #3393, #6560 ) ) ;
#5980 = CARTESIAN_POINT ( 'NONE',  ( 12.99644523611330982, -38.31026286157675287, 0.02705750318140733024 ) ) ;
#5981 = CARTESIAN_POINT ( 'NONE',  ( 13.92978143281711034, -31.70796529728454161, 35.32654143062504204 ) ) ;
#5982 = CARTESIAN_POINT ( 'NONE',  ( 11.74793468284487119, -27.26657512958123419, -41.34642910642595126 ) ) ;
#5983 = ORIENTED_EDGE ( 'NONE', *, *, #2204, .F. ) ;
#5984 = CARTESIAN_POINT ( 'NONE',  ( -3.428983993254118179, -37.54581811781446987, -8.321185590383569419 ) ) ;
#5985 = CARTESIAN_POINT ( 'NONE',  ( -12.99864817594080080, -38.30611261494834707, 0.03755347317486755487 ) ) ;
#5986 = CARTESIAN_POINT ( 'NONE',  ( 87.23648195563053775, -63.39640923772800818, -12.74496390230862630 ) ) ;
#5987 = CARTESIAN_POINT ( 'NONE',  ( 18.71838712663619475, -35.54178328715928359, 17.52198456452818220 ) ) ;
#5988 = CARTESIAN_POINT ( 'NONE',  ( 85.49059373981739895, -20.95902901126090256, 86.27244506407519964 ) ) ;
#5989 = ORIENTED_EDGE ( 'NONE', *, *, #1992, .T. ) ;
#5990 = CARTESIAN_POINT ( 'NONE',  ( 104.6814343179371889, -56.13001623236041127, 31.70761288909761788 ) ) ;
#5991 = CARTESIAN_POINT ( 'NONE',  ( 132.1963904380766337, -50.78462308660662217, -91.59278087615335551 ) ) ;
#5992 = CARTESIAN_POINT ( 'NONE',  ( 7.900788209085969349, -38.02430348114110359, 4.312655636670502446 ) ) ;
#5993 = B_SPLINE_CURVE_WITH_KNOTS ( 'NONE', 3,
 ( #477, #1092, #514, #2965 ),
 .UNSPECIFIED., .F., .F.,
 ( 4, 4 ),
 ( 6.664114203397419629E-05, 0.9999835186211089022 ),
 .UNSPECIFIED. ) ;
#5994 = CARTESIAN_POINT ( 'NONE',  ( 8.927589158621922039, -42.25813964662562938, 1.143559928417948734 ) ) ;
#5995 = CARTESIAN_POINT ( 'NONE',  ( 11.63501412891283060, -37.87923982393881062, 5.745749677028952895 ) ) ;
#5996 = CARTESIAN_POINT ( 'NONE',  ( -5.747812694102960350E-15, -38.31026286157670313, 0.000000000000000000 ) ) ;
#5997 = CARTESIAN_POINT ( 'NONE',  ( 5.374447944033645008, -36.94866191865542504, 11.78015037859026570 ) ) ;
#5998 = DIRECTION ( 'NONE',  ( -1.334604752262063986E-16, -1.000000000000000000, 0.000000000000000000 ) ) ;
#5999 = ADVANCED_FACE ( 'NONE', ( #959 ), #313, .T. ) ;
#6000 = AXIS2_PLACEMENT_3D ( 'NONE', #3227, #928, #1509 ) ;
#6001 = ORIENTED_EDGE ( 'NONE', *, *, #6416, .T. ) ;
#6002 = CARTESIAN_POINT ( 'NONE',  ( 5.508005109497500662, -41.97117035344019342, -0.9195008992283648652 ) ) ;
#6003 = CARTESIAN_POINT ( 'NONE',  ( 8.786505254429478384, -38.20550753166779145, -1.970864322604926944 ) ) ;
#6004 = ADVANCED_FACE ( 'NONE', ( #1426 ), #2717, .F. ) ;
#6005 = ORIENTED_EDGE ( 'NONE', *, *, #2301, .T. ) ;
#6006 = DIRECTION ( 'NONE',  ( 0.000000000000000000, 0.000000000000000000, 1.000000000000000000 ) ) ;
#6007 = CARTESIAN_POINT ( 'NONE',  ( 7.344051010731440066, -41.69037129700890176, -9.179980529337310458 ) ) ;
#6008 = CARTESIAN_POINT ( 'NONE',  ( 9.179999999857820114, -42.33629126070890436, 5.101072660356800444E-05 ) ) ;
#6009 = CARTESIAN_POINT ( 'NONE',  ( 8.975870179934574367, -42.28072545982242048, -0.6586045043402518617 ) ) ;
#6010 = CARTESIAN_POINT ( 'NONE',  ( 11.23108376326115554, -37.79273109955980203, 6.482805248775813212 ) ) ;
#6011 = ORIENTED_EDGE ( 'NONE', *, *, #2903, .T. ) ;
#6012 = CARTESIAN_POINT ( 'NONE',  ( -6.282442621485420098, -13.94371515320776034, -2.270065133871209932E-14 ) ) ;
#6013 = EDGE_CURVE ( 'NONE', #4647, #7461, #575, .T. ) ;
#6014 = LINE ( 'NONE', #6503, #5412 ) ;
#6015 = CARTESIAN_POINT ( 'NONE',  ( -9.452263463463944859, -37.45408845964262667, 8.927515458673381588 ) ) ;
#6016 = CARTESIAN_POINT ( 'NONE',  ( 3.671957657472765035, -41.61891006581415553, 7.620062377348030047 ) ) ;
#6017 = CARTESIAN_POINT ( 'NONE',  ( -3.644199847397620040, -37.55852724725662739, 8.234430404367376610 ) ) ;
#6018 = CARTESIAN_POINT ( 'NONE',  ( -9.180016847107648204, -42.20095491708080004, 3.031816274001229772 ) ) ;
#6019 = CARTESIAN_POINT ( 'NONE',  ( -3.672016847192949740, -41.84322007454385073, 3.031846880437194969 ) ) ;
#6020 = ORIENTED_EDGE ( 'NONE', *, *, #303, .F. ) ;
#6021 = CARTESIAN_POINT ( 'NONE',  ( -8.961871913365893505, -42.27334799171146074, 0.8297479303853859678 ) ) ;
#6022 = CARTESIAN_POINT ( 'NONE',  ( 14.75406528434458231, -33.44756334970873013, 32.53816930802851459 ) ) ;
#6023 = CARTESIAN_POINT ( 'NONE',  ( 17.95303914769309017, -40.73561200192744280, -13.24732425698912941 ) ) ;
#6024 = CARTESIAN_POINT ( 'NONE',  ( 169.3807519503097581, -7.397625987614767418, 51.87435254602085166 ) ) ;
#6025 = CARTESIAN_POINT ( 'NONE',  ( 17.47806944594229606, -39.61682528063861497, 17.81252216229009377 ) ) ;
#6026 = CARTESIAN_POINT ( 'NONE',  ( -8.524545121491614807, -42.15256165982833636, 2.901661860576263408 ) ) ;
#6027 = CARTESIAN_POINT ( 'NONE',  ( 12.03677388591627206, -38.30472708429533668, 5.674917458696471240E-13 ) ) ;
#6028 = DIRECTION ( 'NONE',  ( 0.000000000000000000, 0.000000000000000000, 1.000000000000000000 ) ) ;
#6029 = CARTESIAN_POINT ( 'NONE',  ( 132.1963904380773158, -50.78462308660635927, 27.05165476076345143 ) ) ;
#6030 = ORIENTED_EDGE ( 'NONE', *, *, #3058, .F. ) ;
#6031 = DIRECTION ( 'NONE',  ( -1.000000000000000000, -0.000000000000000000, -0.000000000000000000 ) ) ;
#6032 =( LENGTH_UNIT ( ) NAMED_UNIT ( * ) SI_UNIT ( .MILLI., .METRE. ) );
#6033 = CARTESIAN_POINT ( 'NONE',  ( -8.995704463607342660, -38.29900462258687099, 0.3364375494895438523 ) ) ;
#6034 = CARTESIAN_POINT ( 'NONE',  ( 8.880211729117363006, -42.24124126638055543, 1.470846185529455230 ) ) ;
#6035 = CARTESIAN_POINT ( 'NONE',  ( 11.01795783209368018, -37.74846492464179448, 6.845046009434498480 ) ) ;
#6036 = DIRECTION ( 'NONE',  ( 1.000000000000000000, 0.000000000000000000, 0.000000000000000000 ) ) ;
#6037 = CARTESIAN_POINT ( 'NONE',  ( 12.99644658441999212, -38.30368781662100020, 0.02685980811133485691 ) ) ;
#6038 = CARTESIAN_POINT ( 'NONE',  ( 226.6457644257074833, -70.00000000000000000, 137.9613978004091450 ) ) ;
#6039 = CARTESIAN_POINT ( 'NONE',  ( -5.507994890331900706, -41.97116850191185478, -0.9195621121002949261 ) ) ;
#6040 = CARTESIAN_POINT ( 'NONE',  ( -10.17797423956065650, -38.30198199073963394, 0.1036826094261347614 ) ) ;
#6041 = B_SPLINE_CURVE_WITH_KNOTS ( 'NONE', 3,
 ( #7559, #2902, #4204, #3587, #5935, #1916, #2440, #1873, #1301, #722, #569, #147, #4811, #7143, #2325, #4656, #5475, #2060, #4285, #5586, #5515, #877, #227, #3177, #6618, #799, #4973, #1493, #914, #838, #4854, #7261, #4247, #2672, #5008, #6656, #2520, #5551, #3250, #1453, #2560, #763, #4897, #7332, #268, #2024, #4355, #6087, #6690, #4390, #3783, #1951, #1416, #6581, #4320, #2635, #3745, #3097, #7225, #1341, #3135, #3212 ),
 .UNSPECIFIED., .F., .F.,
 ( 4, 2, 2, 2, 1, 2, 2, 2, 2, 2, 2, 2, 2, 2, 2, 2, 2, 2, 2, 2, 2, 2, 2, 2, 2, 2, 2, 2, 1, 2, 2, 4 ),
 ( 0.000000000000000000, 0.06249999999999972244, 0.09374999999999961142, 0.1249999999999995004, 0.1562499999999993894, 0.1718749999999993894, 0.1874999999999994171, 0.2499999999999993894, 0.2812499999999993339, 0.2968749999999993339, 0.3124999999999993339, 0.3437499999999993339, 0.3749999999999993894, 0.4374999999999994449, 0.4687499999999994449, 0.4999999999999995559, 0.5312499999999996669, 0.5468749999999996669, 0.5624999999999996669, 0.6249999999999997780, 0.6562499999999998890, 0.6718749999999998890, 0.6874999999999998890, 0.7187500000000000000, 0.7500000000000001110, 0.8125000000000001110, 0.8437500000000002220, 0.8750000000000002220, 0.9062500000000002220, 0.9218750000000001110, 0.9375000000000000000, 1.000000000000000000 ),
 .UNSPECIFIED. ) ;
#6042 = CARTESIAN_POINT ( 'NONE',  ( 18.02026632435245546, -33.94952574078673990, -22.25265600808680588 ) ) ;
#6043 = DIRECTION ( 'NONE',  ( 1.000000000000000000, 0.000000000000000000, 0.000000000000000000 ) ) ;
#6044 = CARTESIAN_POINT ( 'NONE',  ( -7.344001701944730343, -42.11316865284370436, 0.3062652874686240256 ) ) ;
#6045 = CARTESIAN_POINT ( 'NONE',  ( 6.375817765135313842, -41.83530837128697044, -6.352088782945491729 ) ) ;
#6046 = CARTESIAN_POINT ( 'NONE',  ( -8.514501561721793621, -37.31857602851670208, 9.762868717267437546 ) ) ;
#6047 = ORIENTED_EDGE ( 'NONE', *, *, #950, .T. ) ;
#6048 = CARTESIAN_POINT ( 'NONE',  ( 0.1227619990086116220, -20.95902901126222773, -172.5544760019827208 ) ) ;
#6049 = CARTESIAN_POINT ( 'NONE',  ( -18.00000000000000000, -37.24753809675059557, 11.41428795664992002 ) ) ;
#6050 = CARTESIAN_POINT ( 'NONE',  ( -8.922334954241071259, -42.25590895108469169, 1.189071232035492809 ) ) ;
#6051 = CARTESIAN_POINT ( 'NONE',  ( 9.179957657387472381, -41.93204332868869955, 7.620092983783989027 ) ) ;
#6052 = CARTESIAN_POINT ( 'NONE',  ( -5.870875774373172540, -37.74856016586323904, 6.846714797176852052 ) ) ;
#6053 = CARTESIAN_POINT ( 'NONE',  ( -6.245992199551350868E-06, -41.78975016820130151, 1.124042178454889962 ) ) ;
#6054 = EDGE_CURVE ( 'NONE', #6198, #5275, #2503, .T. ) ;
#6055 = AXIS2_PLACEMENT_3D ( 'NONE', #1943, #137, #2627 ) ;
#6056 = CARTESIAN_POINT ( 'NONE',  ( 3.671970490067030024, -41.75190379147124986, 5.310681132140909533 ) ) ;
#6057 = ORIENTED_EDGE ( 'NONE', *, *, #2131, .T. ) ;
#6058 = CARTESIAN_POINT ( 'NONE',  ( 5.543642545722488713, -6.042206017375217009, 65.55958010164235361 ) ) ;
#6059 = CARTESIAN_POINT ( 'NONE',  ( -9.511568403844728536E-15, -63.39640923772800818, 0.000000000000000000 ) ) ;
#6060 = CARTESIAN_POINT ( 'NONE',  ( 17.57388435301857399, -39.84396544019264041, -17.05239439064001061 ) ) ;
#6061 = CARTESIAN_POINT ( 'NONE',  ( 8.766261849620724078, -38.20028563262510346, 2.058754798052345514 ) ) ;
#6062 = CARTESIAN_POINT ( 'NONE',  ( 17.42144589470643368, -39.48246332000168479, 18.28264243055745197 ) ) ;
#6063 = CARTESIAN_POINT ( 'NONE',  ( 8.075894356145830955, -42.06904543142203323, 3.983412649387229276 ) ) ;
#6064 = CARTESIAN_POINT ( 'NONE',  ( -2.336810118229991851, -41.53332240128313657, -8.696428713547245337 ) ) ;
#6065 = SURFACE_STYLE_FILL_AREA ( #2497 ) ;
#6066 = EDGE_CURVE ( 'NONE', #6944, #366, #6961, .T. ) ;
#6067 = CARTESIAN_POINT ( 'NONE',  ( -6.261848139220889564, -13.94371515320611898, -1.953732251145784860 ) ) ;
#6068 = ORIENTED_EDGE ( 'NONE', *, *, #1056, .T. ) ;
#6069 = CARTESIAN_POINT ( 'NONE',  ( 8.923456055577455359, -42.25634593326380894, 1.180457910989698433 ) ) ;
#6070 = CARTESIAN_POINT ( 'NONE',  ( 69.65500000000015746, -58.93658393131480722, -33.48999999999976040 ) ) ;
#6071 = CARTESIAN_POINT ( 'NONE',  ( -8.894414655548327886, -38.24051569509363446, 1.377131307960027140 ) ) ;
#6072 = CARTESIAN_POINT ( 'NONE',  ( 8.665578418591838528, -42.18400364121440305, 2.435062605197701124 ) ) ;
#6073 = CARTESIAN_POINT ( 'NONE',  ( -22.00000000000000000, -40.88189669053600284, 38.76238080152555199 ) ) ;
#6074 = CARTESIAN_POINT ( 'NONE',  ( 3.381535135277525583, -36.80229654331479594, 12.49569770670396096 ) ) ;
#6075 = CARTESIAN_POINT ( 'NONE',  ( 6.555357369730598904, -38.31026286157671024, 11.35383235379323175 ) ) ;
#6076 = CARTESIAN_POINT ( 'NONE',  ( 5.508006245906869935, -41.96795418442000170, -1.124011572018931870 ) ) ;
#6077 = DIRECTION ( 'NONE',  ( 0.000000000000000000, 0.000000000000000000, 1.000000000000000000 ) ) ;
#6078 = DIRECTION ( 'NONE',  ( 1.000000000000000000, 0.000000000000000000, 0.000000000000000000 ) ) ;
#6079 = CARTESIAN_POINT ( 'NONE',  ( -8.998799112008940781, -38.30460735910270387, 0.1467910492799149869 ) ) ;
#6080 = CARTESIAN_POINT ( 'NONE',  ( 4.715131940752513628, -8.260677104220876643, -52.64353508175643981 ) ) ;
#6081 = B_SPLINE_CURVE_WITH_KNOTS ( 'NONE', 2,
 ( #5307, #3691, #7126 ),
 .UNSPECIFIED., .F., .F.,
 ( 3, 3 ),
 ( 0.000000000000000000, 1.000000000000000000 ),
 .UNSPECIFIED. ) ;
#6082 = CARTESIAN_POINT ( 'NONE',  ( 5.508001134620309713, -41.97551094644109781, -0.2041734575973165045 ) ) ;
#6083 = CARTESIAN_POINT ( 'NONE',  ( 7.519144692066104696, -41.98231748382929851, -4.946030867135356779 ) ) ;
#6084 = CARTESIAN_POINT ( 'NONE',  ( 179.8382392356312494, -9.999999999999996447, 42.50214150462253571 ) ) ;
#6085 = ORIENTED_EDGE ( 'NONE', *, *, #3005, .F. ) ;
#6086 = CIRCLE ( 'NONE', #7040, 13.99999999999999822 ) ;
#6087 = CARTESIAN_POINT ( 'NONE',  ( -6.151194212000588024, -37.78145391118161456, -6.576425573754347553 ) ) ;
#6088 = B_SPLINE_SURFACE_WITH_KNOTS ( 'NONE', 2, 1, ( 
 ( #5758, #6221 ),
 ( #3996, #5035 ),
 ( #1013, #6789 ) ),
 .UNSPECIFIED., .F., .F., .F.,
 ( 3, 3 ),
 ( 2, 2 ),
 ( 0.000000000000000000, 0.9230367382001619658 ),
 ( 0.000000000000000000, 1.000000000000000000 ),
 .UNSPECIFIED. ) ;
#6089 = CARTESIAN_POINT ( 'NONE',  ( -18.00000000000000000, -26.96475769767874908, 35.57686982298324807 ) ) ;
#6090 = CARTESIAN_POINT ( 'NONE',  ( 16.39682016076264404, -30.41224494527493150, 29.88282692401781304 ) ) ;
#6091 = CARTESIAN_POINT ( 'NONE',  ( -5.507998865209089878, -41.97550274093775613, -0.2042346704692465098 ) ) ;
#6092 = CARTESIAN_POINT ( 'NONE',  ( 8.927170960425602431, -42.25662777940388537, -1.181005590663298355 ) ) ;
#6093 = CARTESIAN_POINT ( 'NONE',  ( -3.672029509819239923, -41.75190828326094561, 5.310640323559619347 ) ) ;
#6094 = ORIENTED_EDGE ( 'NONE', *, *, #2600, .F. ) ;
#6095 = CARTESIAN_POINT ( 'NONE',  ( 144.8113952306143517, -6.042206017375250759, 86.08125412953965849 ) ) ;
#6096 = CARTESIAN_POINT ( 'NONE',  ( 86.40000000000000568, -10.00000000000000000, 6.451044764902841457E-15 ) ) ;
#6097 = CARTESIAN_POINT ( 'NONE',  ( 15.96667077386944023, -36.11113996977728391, -27.36386952572820519 ) ) ;
#6098 = EDGE_CURVE ( 'NONE', #5769, #1712, #3040, .T. ) ;
#6099 = CARTESIAN_POINT ( 'NONE',  ( 7.151429436617892321, -37.90863480732688373, 5.472131888588258164 ) ) ;
#6100 = CARTESIAN_POINT ( 'NONE',  ( 11.28224371461828568, -26.34967882456076538, 42.38904965471108000 ) ) ;
#6101 = CARTESIAN_POINT ( 'NONE',  ( 6.575132109432332506, -41.85793890039538923, 6.152650775288148743 ) ) ;
#6102 = DIRECTION ( 'NONE',  ( -0.000000000000000000, -1.000000000000000000, -0.000000000000000000 ) ) ;
#6103 = CARTESIAN_POINT ( 'NONE',  ( 20.05280746892552557, -38.25336836445664801, 1.364933239713198354 ) ) ;
#6104 = CARTESIAN_POINT ( 'NONE',  ( 117.9131557670228716, -56.13001623236041127, 18.61463320748681838 ) ) ;
#6105 = CIRCLE ( 'NONE', #1457, 13.99999999999999822 ) ;
#6106 = ORIENTED_EDGE ( 'NONE', *, *, #1433, .T. ) ;
#6107 = CARTESIAN_POINT ( 'NONE',  ( 8.999071973986088935, -42.30449830041565207, 0.1489054940978412067 ) ) ;
#6108 = EDGE_CURVE ( 'NONE', #5585, #1538, #4573, .T. ) ;
#6109 = CARTESIAN_POINT ( 'NONE',  ( -13.15518455823439936, -38.13805647533410337, 4.535102704269229790 ) ) ;
#6110 = CARTESIAN_POINT ( 'NONE',  ( 8.803261074154338672, -42.21873120456603345, 1.872060503656770791 ) ) ;
#6111 = CARTESIAN_POINT ( 'NONE',  ( 12.32768261711739299, -38.03749621191916219, 4.213040300894770773 ) ) ;
#6112 = CARTESIAN_POINT ( 'NONE',  ( 8.570178661412233723, -37.32384228104370294, 9.746223667939682755 ) ) ;
#6113 = CARTESIAN_POINT ( 'NONE',  ( 20.36082540615130299, -11.27713467053115970, 50.82238809104900668 ) ) ;
#6114 = CARTESIAN_POINT ( 'NONE',  ( 7.344046676544019547, -41.74793702330200063, -8.399990846906709052 ) ) ;
#6115 = DIRECTION ( 'NONE',  ( -1.000000000000000000, -0.000000000000000000, -0.000000000000000000 ) ) ;
#6116 = CARTESIAN_POINT ( 'NONE',  ( -12.99668636962691437, -38.28500754465346745, 0.5012952729984265776 ) ) ;
#6117 = DIRECTION ( 'NONE',  ( 0.000000000000000000, 1.000000000000000000, 0.000000000000000000 ) ) ;
#6118 = CARTESIAN_POINT ( 'NONE',  ( 17.00988805141610172, -31.71837114915681965, 27.42815013133279578 ) ) ;
#6119 =( GEOMETRIC_REPRESENTATION_CONTEXT ( 3 ) GLOBAL_UNCERTAINTY_ASSIGNED_CONTEXT ( ( #2174 ) ) GLOBAL_UNIT_ASSIGNED_CONTEXT ( ( #2004, #4831, #2795 ) ) REPRESENTATION_CONTEXT ( 'NONE', 'WORKASPACE' ) );
#6120 = CARTESIAN_POINT ( 'NONE',  ( 8.327804452919995271, -42.11438430527874033, -3.412883279986052010 ) ) ;
#6121 = CARTESIAN_POINT ( 'NONE',  ( 103.1449999999999960, -58.25464714294840007, -1.654001348217600230E-14 ) ) ;
#6122 = VERTEX_POINT ( 'NONE', #6348 ) ;
#6123 = DIRECTION ( 'NONE',  ( 1.000000000000000000, -1.334604752262064725E-16, 0.000000000000000000 ) ) ;
#6124 =( LENGTH_UNIT ( ) NAMED_UNIT ( * ) SI_UNIT ( .MILLI., .METRE. ) );
#6125 = CARTESIAN_POINT ( 'NONE',  ( -8.995394815600706195, -42.29672930100064576, 0.2972915262434370764 ) ) ;
#6126 = CARTESIAN_POINT ( 'NONE',  ( -7.344001701944730343, -42.11316865284370436, 0.3062652874686240256 ) ) ;
#6127 = CARTESIAN_POINT ( 'NONE',  ( -8.989238954007603866, -38.27529048948903778, 0.7339978098999881961 ) ) ;
#6128 = CARTESIAN_POINT ( 'NONE',  ( 5.507983152664880144, -41.92983744923065359, 3.031897891163805259 ) ) ;
#6129 = VERTEX_POINT ( 'NONE', #1108 ) ;
#6130 = CARTESIAN_POINT ( 'NONE',  ( 2.912118182427995361, -6.042206017375218785, 62.17331853977054124 ) ) ;
#6131 = CARTESIAN_POINT ( 'NONE',  ( -22.00000000000000000, -40.88189669053594599, -38.76238080152555199 ) ) ;
#6132 = CARTESIAN_POINT ( 'NONE',  ( 9.000028474184350813, -42.30708906031854610, 9.026024192389750094E-10 ) ) ;
#6133 = DIRECTION ( 'NONE',  ( 0.000000000000000000, 1.000000000000000000, 0.000000000000000000 ) ) ;
#6134 = CARTESIAN_POINT ( 'NONE',  ( 13.59649946460753256, -31.01095132605514593, 36.39973561734192486 ) ) ;
#6135 = CARTESIAN_POINT ( 'NONE',  ( -8.969704778572678450, -42.27715226534309778, 0.7497248534899636496 ) ) ;
#6136 = CARTESIAN_POINT ( 'NONE',  ( -9.000000000000000000, -38.30472699488110777, -1.718667784195345147E-09 ) ) ;
#6137 = CARTESIAN_POINT ( 'NONE',  ( 18.62915981464626469, -35.33650225119807686, 18.20414711486618131 ) ) ;
#6138 = CARTESIAN_POINT ( 'NONE',  ( 136.4512126208165341, -20.95902901126089901, 86.80962591943116990 ) ) ;
#6139 = EDGE_CURVE ( 'NONE', #4915, #127, #5442, .T. ) ;
#6140 = ORIENTED_EDGE ( 'NONE', *, *, #5625, .F. ) ;
#6141 = CARTESIAN_POINT ( 'NONE',  ( 8.978980973232131291, -42.28247731748236760, 0.6191372480338561690 ) ) ;
#6142 = CARTESIAN_POINT ( 'NONE',  ( -8.923309911279106998, -42.25620283133194022, 1.182399596005112130 ) ) ;
#6143 = CARTESIAN_POINT ( 'NONE',  ( -6.068830206914700653, -37.77248409316628397, 6.646985806146698650 ) ) ;
#6144 = CARTESIAN_POINT ( 'NONE',  ( 81.10593960824935778, -6.042206017373045412, -176.7728494354246607 ) ) ;
#6145 = CARTESIAN_POINT ( 'NONE',  ( 18.15180810606117845, -41.18926269350091474, -10.95091082522238324 ) ) ;
#6146 = CARTESIAN_POINT ( 'NONE',  ( 179.8382392356312494, -9.999999999999996447, 42.50214150462253571 ) ) ;
#6147 = CARTESIAN_POINT ( 'NONE',  ( 7.993340768577454902, -38.31026286157671024, 10.39176225287707922 ) ) ;
#6148 = EDGE_CURVE ( 'NONE', #6753, #1136, #5243, .T. ) ;
#6149 = ORIENTED_EDGE ( 'NONE', *, *, #3518, .F. ) ;
#6150 = CARTESIAN_POINT ( 'NONE',  ( 9.180038008140760653, -41.98503258754269751, -6.840001279900169706 ) ) ;
#6151 = PLANE ( 'NONE',  #6055 ) ;
#6152 = CARTESIAN_POINT ( 'NONE',  ( -9.000000000000000000, -42.30756013076910449, -3.141681964310334650E-15 ) ) ;
#6153 = DIRECTION ( 'NONE',  ( 1.000000000000000000, -0.000000000000000000, 1.224646799147353207E-16 ) ) ;
#6154 = B_SPLINE_CURVE_WITH_KNOTS ( 'NONE', 3,
 ( #5336, #2959, #7117, #6556 ),
 .UNSPECIFIED., .F., .F.,
 ( 4, 4 ),
 ( 0.000000000000000000, 1.000000000000000000 ),
 .UNSPECIFIED. ) ;
#6155 = CARTESIAN_POINT ( 'NONE',  ( -5.092691334704829487, -41.70687258404715436, -7.426367985422312579 ) ) ;
#6156 = CARTESIAN_POINT ( 'NONE',  ( -5.320943480706966433, -36.94361870248089730, 11.80546889928803722 ) ) ;
#6157 = EDGE_CURVE ( 'NONE', #845, #247, #6987, .T. ) ;
#6158 = ORIENTED_EDGE ( 'NONE', *, *, #3369, .F. ) ;
#6159 = CARTESIAN_POINT ( 'NONE',  ( -12.53283318597851981, -6.042206017371019477, -2.423155549835754631E-14 ) ) ;
#6160 = CARTESIAN_POINT ( 'NONE',  ( -22.00000000000000000, -6.042206018788409239, -58.61996200095899212 ) ) ;
#6161 = CARTESIAN_POINT ( 'NONE',  ( -8.975529510379203657, -42.28057249110694471, 0.6632310219587209676 ) ) ;
#6162 = CARTESIAN_POINT ( 'NONE',  ( -9.180001134563481102, -42.32169833820390181, 0.2041530533066639730 ) ) ;
#6163 = CARTESIAN_POINT ( 'NONE',  ( 8.086068962920393233, -42.06939399073029762, -3.995665832922445038 ) ) ;
#6164 = CARTESIAN_POINT ( 'NONE',  ( -9.180003405678480277, -42.30370947905574752, 0.6128677901305089604 ) ) ;
#6165 = CIRCLE ( 'NONE', #1888, 13.99999999999999822 ) ;
#6166 = ORIENTED_EDGE ( 'NONE', *, *, #7106, .F. ) ;
#6167 = CARTESIAN_POINT ( 'NONE',  ( 34.88199040092179359, -6.042206017375214344, 90.37572719150354317 ) ) ;
#6168 = DIRECTION ( 'NONE',  ( 0.000000000000000000, 1.000000000000000000, 0.000000000000000000 ) ) ;
#6169 = DIRECTION ( 'NONE',  ( -0.000000000000000000, 1.000000000000000000, 0.000000000000000000 ) ) ;
#6170 = FACE_OUTER_BOUND ( 'NONE', #3287, .T. ) ;
#6171 = CARTESIAN_POINT ( 'NONE',  ( 14.46568375382958216, -32.83623835951423331, 33.53539534359801877 ) ) ;
#6172 = VECTOR ( 'NONE', #5452, 1000.000000000000000 ) ;
#6173 = AXIS2_PLACEMENT_3D ( 'NONE', #3977, #1720, #2289 ) ;
#6174 = CARTESIAN_POINT ( 'NONE',  ( 6.571011843841750633, -41.85747919981860576, -6.157044320118179925 ) ) ;
#6175 = CARTESIAN_POINT ( 'NONE',  ( 7.993340768577453126, -38.31026286157671024, 10.39176225287707922 ) ) ;
#6176 = DIRECTION ( 'NONE',  ( 0.000000000000000000, 0.000000000000000000, 1.000000000000000000 ) ) ;
#6177 = ORIENTED_EDGE ( 'NONE', *, *, #522, .T. ) ;
#6178 = CARTESIAN_POINT ( 'NONE',  ( 8.989909981272948158, -42.29028933421223968, 0.4260749849815191892 ) ) ;
#6179 = CARTESIAN_POINT ( 'NONE',  ( -2.470215463177773518, -41.53915367336936271, 8.655712343470863601 ) ) ;
#6180 = CARTESIAN_POINT ( 'NONE',  ( -8.204542828554238554, -38.07846454306081085, 3.699576365415144785 ) ) ;
#6181 = CARTESIAN_POINT ( 'NONE',  ( 20.36082540615130299, -11.27713467053115970, 50.82238809104900668 ) ) ;
#6182 = CARTESIAN_POINT ( 'NONE',  ( 99.14499999999999602, -63.39640923772800818, 1.544179419989875053E-15 ) ) ;
#6183 = CARTESIAN_POINT ( 'NONE',  ( 7.344016847136050963, -42.05001507918065329, -3.031826476146554761 ) ) ;
#6184 = CARTESIAN_POINT ( 'NONE',  ( 11.35561693001679728, -38.31026286157670313, 6.552265524354087489 ) ) ;
#6185 = ORIENTED_EDGE ( 'NONE', *, *, #814, .T. ) ;
#6186 = EDGE_CURVE ( 'NONE', #6230, #7180, #6417, .T. ) ;
#6187 = CARTESIAN_POINT ( 'NONE',  ( 174.4169739717522987, -6.042206017375276517, 55.40988658031666603 ) ) ;
#6188 = CARTESIAN_POINT ( 'NONE',  ( -8.223327449181013549, -38.08196212384715551, -3.658469048074497021 ) ) ;
#6189 = CARTESIAN_POINT ( 'NONE',  ( -12.86609444829453075, -38.21125260838225302, 1.883130841961152102 ) ) ;
#6190 = CARTESIAN_POINT ( 'NONE',  ( -22.00000000000000000, -42.30756013076910449, -5.181181809388050601E-15 ) ) ;
#6191 = ADVANCED_FACE ( 'NONE', ( #1070, #6913 ), #529, .T. ) ;
#6192 = FACE_OUTER_BOUND ( 'NONE', #3713, .T. ) ;
#6193 = CARTESIAN_POINT ( 'NONE',  ( -1.143878844596859290, -41.49717195566832117, -8.946437998115387202 ) ) ;
#6194 = CARTESIAN_POINT ( 'NONE',  ( -9.734712673793655568, -37.50758238284139168, 8.593980381926135337 ) ) ;
#6195 = ORIENTED_EDGE ( 'NONE', *, *, #2779, .T. ) ;
#6196 = CARTESIAN_POINT ( 'NONE',  ( -3.672029509819239923, -41.75190828326094561, 5.310640323559619347 ) ) ;
#6197 = CARTESIAN_POINT ( 'NONE',  ( 159.5718911911924920, -33.22972007004714357, 8.960972233485210097E-15 ) ) ;
#6198 = VERTEX_POINT ( 'NONE', #2326 ) ;
#6199 = B_SPLINE_CURVE_WITH_KNOTS ( 'NONE', 3,
 ( #3262, #6211, #3299, #356, #5638, #1002, #3335, #427, #4552, #2759, #7530, #187, #3095, #1913, #4590, #5747, #4808, #501, #5176, #2296, #4283, #6578, #4244, #5786, #3662, #2518, #4625, #2836, #2476, #6920, #5933, #7057, #1833, #760 ),
 .UNSPECIFIED., .F., .F.,
 ( 4, 2, 2, 2, 2, 2, 2, 2, 2, 2, 2, 2, 2, 2, 2, 2, 4 ),
 ( 0.000000000000000000, 0.06249999999999997224, 0.1249999999999999445, 0.1874999999999998612, 0.2499999999999997780, 0.3124999999999997224, 0.3749999999999996114, 0.4374999999999995559, 0.4999999999999994449, 0.5624999999999995559, 0.6249999999999996669, 0.6874999999999996669, 0.7499999999999997780, 0.8124999999999998890, 0.8749999999999998890, 0.9375000000000000000, 1.000000000000000000 ),
 .UNSPECIFIED. ) ;
#6200 = EDGE_CURVE ( 'NONE', #3109, #808, #4090, .T. ) ;
#6201 = CARTESIAN_POINT ( 'NONE',  ( 3.405820614485210215E-06, -41.79101289190655422, -0.6129188008571250235 ) ) ;
#6202 = CARTESIAN_POINT ( 'NONE',  ( -8.711811877270370985, -42.19251550245544280, -2.335076802794711082 ) ) ;
#6203 = CARTESIAN_POINT ( 'NONE',  ( -3.671993753950965278, -41.88114169208939330, -1.124062582745539940 ) ) ;
#6204 = ORIENTED_EDGE ( 'NONE', *, *, #1703, .T. ) ;
#6205 = CARTESIAN_POINT ( 'NONE',  ( 3.404904315947891114, -38.31026286157675287, 12.59571885368061217 ) ) ;
#6206 = CARTESIAN_POINT ( 'NONE',  ( 40.60360956192334925, -50.78462308660660085, -1.121688059249859863E-14 ) ) ;
#6207 = CARTESIAN_POINT ( 'NONE',  ( -8.998887288000474882, -38.31026224233492883, 0.1470156075517272953 ) ) ;
#6208 = CARTESIAN_POINT ( 'NONE',  ( -7.739116177526707219, -37.99725761837334659, 4.603560426420484575 ) ) ;
#6209 = CARTESIAN_POINT ( 'NONE',  ( -18.00000000000000000, -37.23864361936993816, 11.44619490345324131 ) ) ;
#6210 = CARTESIAN_POINT ( 'NONE',  ( -7.318597235236677712, -41.95370573719221596, -5.240277683046321577 ) ) ;
#6211 = CARTESIAN_POINT ( 'NONE',  ( 190.4059769339613410, -6.042206017375310267, -5.521814902525061797 ) ) ;
#6212 = B_SPLINE_SURFACE_WITH_KNOTS ( 'NONE', 2, 1, ( 
 ( #6190, #517 ),
 ( #6374, #2277 ),
 ( #6300, #479 ) ),
 .UNSPECIFIED., .F., .F., .F.,
 ( 3, 3 ),
 ( 2, 2 ),
 ( 0.000000000000000000, 0.9230367382001619658 ),
 ( 0.000000000000000000, 1.000000000000000000 ),
 .UNSPECIFIED. ) ;
#6213 = CARTESIAN_POINT ( 'NONE',  ( 19.07334698233630021, -6.042206017373979776, 58.61996200337829777 ) ) ;
#6214 = ORIENTED_EDGE ( 'NONE', *, *, #3511, .T. ) ;
#6215 = CARTESIAN_POINT ( 'NONE',  ( 8.984469147925501886, -42.28587888769992986, 0.5364537045916647484 ) ) ;
#6216 = CARTESIAN_POINT ( 'NONE',  ( -3.168256216916669477, -41.57148380087372885, 8.429080349338606837 ) ) ;
#6217 = CARTESIAN_POINT ( 'NONE',  ( 4.490237356696307636, -37.62002357989693024, -7.805428428953072206 ) ) ;
#6218 = CARTESIAN_POINT ( 'NONE',  ( 179.8382392356312494, -6.042206017373009885, 42.50214150462253571 ) ) ;
#6219 = CARTESIAN_POINT ( 'NONE',  ( 11.24495561503656660, -26.27619929157794587, -42.47301687843231832 ) ) ;
#6220 = CARTESIAN_POINT ( 'NONE',  ( 9.180005109440639188, -42.29214137114305316, -0.9194804949377219927 ) ) ;
#6221 = CARTESIAN_POINT ( 'NONE',  ( 19.07334698233634995, -42.30756013076910449, -5.181181809388050601E-15 ) ) ;
#6222 = ORIENTED_EDGE ( 'NONE', *, *, #5777, .T. ) ;
#6223 = CARTESIAN_POINT ( 'NONE',  ( 7.344042342356609687, -41.80212089860880553, -7.620001164476099653 ) ) ;
#6224 = CARTESIAN_POINT ( 'NONE',  ( -9.000000000000010658, -38.28362122122785394, -0.5478001574615256608 ) ) ;
#6225 = FACE_OUTER_BOUND ( 'NONE', #4468, .T. ) ;
#6226 = DIRECTION ( 'NONE',  ( -1.000000000000000000, 0.000000000000000000, 0.000000000000000000 ) ) ;
#6227 = CARTESIAN_POINT ( 'NONE',  ( 84.73397599301098637, -63.39640923772801528, 12.66333333690861629 ) ) ;
#6228 = CARTESIAN_POINT ( 'NONE',  ( 3.912457898415214075, -41.61626926117560998, -8.106157219278410153 ) ) ;
#6229 = CARTESIAN_POINT ( 'NONE',  ( 2.328825305993588390, -41.53351650629233660, -8.694801021940719465 ) ) ;
#6230 = VERTEX_POINT ( 'NONE', #2829 ) ;
#6231 = CARTESIAN_POINT ( 'NONE',  ( 9.179953323200049198, -41.87591202975680460, 8.400082666214601090 ) ) ;
#6232 = ADVANCED_FACE ( 'NONE', ( #4618 ), #1444, .T. ) ;
#6233 = VECTOR ( 'NONE', #2620, 1000.000000000000000 ) ;
#6234 =( BOUNDED_CURVE ( )  B_SPLINE_CURVE ( 3, ( #79, #5251, #1153, #3022 ),
 .UNSPECIFIED., .F., .F. ) 
 B_SPLINE_CURVE_WITH_KNOTS ( ( 4, 4 ),
 ( 1.932193069600340051E-17, 0.2523827344788250882 ),
 .UNSPECIFIED. ) 
 CURVE ( )  GEOMETRIC_REPRESENTATION_ITEM ( )  RATIONAL_B_SPLINE_CURVE ( ( 0.6469761212235316528, 0.3682674978800073995, 0.4859421241388302004, 1.000000000000000000 ) ) 
 REPRESENTATION_ITEM ( '' )  );
#6235 = CARTESIAN_POINT ( 'NONE',  ( -9.180003405678480277, -42.30370947905574752, 0.6128677901305089604 ) ) ;
#6236 = CARTESIAN_POINT ( 'NONE',  ( -8.540573850610243767, -42.15398774951806615, -2.899835227042004249 ) ) ;
#6237 = CARTESIAN_POINT ( 'NONE',  ( 3.671998297884675022, -41.89111594139954775, 0.3063265003405539755 ) ) ;
#6238 = ADVANCED_FACE ( 'NONE', ( #5779 ), #7523, .F. ) ;
#6239 = AXIS2_PLACEMENT_3D ( 'NONE', #1212, #2353, #3651 ) ;
#6240 = EDGE_LOOP ( 'NONE', ( #1167, #6762, #2169, #3134 ) ) ;
#6241 = CARTESIAN_POINT ( 'NONE',  ( 69.65500000000001535, -64.66763823405520384, 7.436273818939298003E-14 ) ) ;
#6242 = CARTESIAN_POINT ( 'NONE',  ( -71.46669839058749574, 4.000000000000000000, 137.9613978004091450 ) ) ;
#6243 = CARTESIAN_POINT ( 'NONE',  ( 179.8382392356312494, -9.999999999999996447, 42.50214150462253571 ) ) ;
#6244 = CARTESIAN_POINT ( 'NONE',  ( -17.60597693396296748, -6.042206017373006333, 208.0119538679257687 ) ) ;
#6245 = CARTESIAN_POINT ( 'NONE',  ( 185.3328331859785010, -6.042206017371060334, 1.387778780781449935E-14 ) ) ;
#6246 = DIRECTION ( 'NONE',  ( -4.358035504719014162E-17, -1.000000000000000000, -8.999164821510849529E-17 ) ) ;
#6247 = B_SPLINE_CURVE_WITH_KNOTS ( 'NONE', 3,
 ( #1832, #2285, #2900, #5932, #3473, #6499, #5815, #5240, #718, #3742, #3174, #186, #3779, #4317, #6652, #6009, #3050, #263, #5512, #7139, #4933, #1986, #4807, #1376, #5391, #5548, #2517, #835, #7178, #1297, #3661, #2435, #6577, #4768, #2020, #1912, #1948, #1413, #2595, #7098, #7258, #796, #4352, #5471, #6120, #1869, #4200, #142, #6687, #4243, #1450, #874, #759, #6537, #6083, #5968, #4282, #1337, #3094, #3208, #5429, #3621, #4850, #2475, #6615, #3701, #6045, #3132, #223, #2557, #4894, #7222, #3891, #6228, #3817, #7294, #1698, #985, #7540, #1564, #2057, #4068, #1123, #4387, #6193, #4968, #2885, #2668, #3492, #5657, #300, #6726, #2632, #2094, #4634, #1490, #2132, #3247, #6155, #1527, #911, #4031, #336, #4426, #945, #3316, #5583, #1164, #409, #2705, #2742, #5005, #7329, #3280, #6402, #2268, #6760, #5043, #2305, #3854, #5618, #5795, #374, #7364, #6366, #4463, #6797, #5185, #7501, #4599, #3455, #6929, #549, #5224, #6964, #1736, #2342, #699, #4712, #6443, #4672, #660, #7159, #1316, #2994, #5875, #1929, #7079, #4106, #1776, #1890, #1202, #49, #2380, #6596, #3530, #625, #6517, #1275 ),
 .UNSPECIFIED., .F., .F.,
 ( 4, 2, 1, 2, 2, 2, 1, 1, 1, 1, 2, 2, 2, 2, 1, 1, 2, 2, 2, 1, 1, 2, 2, 2, 2, 1, 1, 1, 2, 2, 2, 2, 1, 1, 1, 2, 2, 2, 1, 1, 1, 1, 2, 2, 2, 2, 2, 1, 1, 1, 2, 2, 2, 2, 2, 1, 1, 1, 1, 1, 2, 2, 2, 2, 2, 1, 1, 1, 2, 2, 2, 1, 1, 2, 2, 2, 2, 1, 1, 2, 2, 2, 2, 1, 1, 2, 2, 2, 1, 1, 1, 1, 2, 2, 2, 1, 1, 1, 2, 2, 4 ),
 ( 0.000000000000000000, 0.003906250000000664399, 0.005859375000000996599, 0.006835937500001150989, 0.007812500000001306247, 0.01562500000000258474, 0.01953125000000323006, 0.02148437500000355965, 0.02246093750000372619, 0.02294921875000382680, 0.02319335937500387190, 0.02343750000000391701, 0.02734375000000456579, 0.02929687500000489192, 0.03027343750000505845, 0.03076171875000512437, 0.03100585937500515560, 0.03125000000000518335, 0.04687500000000561357, 0.05468750000000584949, 0.05859375000000597439, 0.06054687500000602990, 0.06250000000000607847, 0.09375000000000789646, 0.1093750000000087708, 0.1171875000000092010, 0.1210937500000093953, 0.1230468750000094647, 0.1240234375000095063, 0.1250000000000095479, 0.1562500000000106581, 0.1718750000000111577, 0.1796875000000113520, 0.1835937500000114631, 0.1855468750000114908, 0.1865234375000114908, 0.1875000000000114908, 0.2187500000000115186, 0.2343750000000116296, 0.2421875000000116851, 0.2460937500000117129, 0.2480468750000117684, 0.2490234375000117684, 0.2500000000000117684, 0.3125000000000123790, 0.3437500000000127121, 0.3593750000000129896, 0.3671875000000131561, 0.3710937500000132117, 0.3730468750000132672, 0.3740234375000132672, 0.3750000000000132672, 0.5000000000000138778, 0.5625000000000143219, 0.5937500000000144329, 0.6093750000000145439, 0.6171875000000146549, 0.6210937500000146549, 0.6230468750000146549, 0.6240234375000146549, 0.6245117187500147660, 0.6250000000000147660, 0.6875000000000127676, 0.7187500000000118794, 0.7343750000000114353, 0.7421875000000113243, 0.7460937500000112133, 0.7480468750000112133, 0.7490234375000113243, 0.7500000000000113243, 0.7812500000000103251, 0.7968750000000098810, 0.8046875000000096589, 0.8085937500000095479, 0.8125000000000094369, 0.8437500000000076605, 0.8593750000000067724, 0.8671875000000063283, 0.8710937500000061062, 0.8730468750000059952, 0.8750000000000057732, 0.9062500000000038858, 0.9218750000000028866, 0.9296875000000024425, 0.9335937500000022204, 0.9355468750000021094, 0.9375000000000019984, 0.9531250000000015543, 0.9609375000000013323, 0.9648437500000012212, 0.9667968750000011102, 0.9677734375000011102, 0.9682617187500009992, 0.9687500000000009992, 0.9765625000000008882, 0.9804687500000008882, 0.9824218750000008882, 0.9833984375000008882, 0.9838867187500007772, 0.9843750000000007772, 1.000000000000000000 ),
 .UNSPECIFIED. ) ;
#6248 = LINE ( 'NONE', #5637, #3475 ) ;
#6249 = CARTESIAN_POINT ( 'NONE',  ( 54.88684423297739556, -56.13001623236050364, -7.718497068223229677E-15 ) ) ;
#6250 = DIRECTION ( 'NONE',  ( 0.000000000000000000, 1.000000000000000000, 0.000000000000000000 ) ) ;
#6251 = ORIENTED_EDGE ( 'NONE', *, *, #3251, .F. ) ;
#6252 = CARTESIAN_POINT ( 'NONE',  ( -7.458231024258224373, -41.97352504036764032, 5.037347920228585352 ) ) ;
#6253 = CARTESIAN_POINT ( 'NONE',  ( -5.242742585482565332, -41.71982075821053826, 7.316815533478645328 ) ) ;
#6254 = APPLICATION_CONTEXT ( 'automotive_design' ) ;
#6255 = CARTESIAN_POINT ( 'NONE',  ( 5.196547526849473186, -37.68229530133336169, -7.348670275152219489 ) ) ;
#6256 = CARTESIAN_POINT ( 'NONE',  ( 20.36082540615130299, -15.84325058705650058, 47.33309916941549744 ) ) ;
#6257 = CARTESIAN_POINT ( 'NONE',  ( 13.54988646646000738, -30.91452107189676468, -36.54061007693914576 ) ) ;
#6258 = AXIS2_PLACEMENT_3D ( 'NONE', #1034, #4476, #7375 ) ;
#6259 = CARTESIAN_POINT ( 'NONE',  ( 7.344006245878440531, -42.10689846338710396, -1.124001369873609990 ) ) ;
#6260 = CARTESIAN_POINT ( 'NONE',  ( 81.10593960824914461, -6.042206017375708171, -176.7728494354213638 ) ) ;
#6261 = ORIENTED_EDGE ( 'NONE', *, *, #3342, .F. ) ;
#6262 = CARTESIAN_POINT ( 'NONE',  ( 132.1963904380772021, -50.78462308660630242, 1.387778780781445991E-14 ) ) ;
#6263 = CARTESIAN_POINT ( 'NONE',  ( -3.185843662900007978, -37.53154920948544060, -8.417881220515312179 ) ) ;
#6264 = CARTESIAN_POINT ( 'NONE',  ( 69.65500000000000114, -58.93658393131480011, -4.101342130344464114E-15 ) ) ;
#6265 = CARTESIAN_POINT ( 'NONE',  ( -68.98141701634892797, 9.999999999999998224, -135.2819127134608550 ) ) ;
#6266 = CARTESIAN_POINT ( 'NONE',  ( 98.73684733123198498, -63.39640923772800818, 3.307009894652591431 ) ) ;
#6267 = CARTESIAN_POINT ( 'NONE',  ( 1.901921743418567790, -41.51854192511402886, -8.797994889418886189 ) ) ;
#6268 = ORIENTED_EDGE ( 'NONE', *, *, #1291, .T. ) ;
#6269 = CARTESIAN_POINT ( 'NONE',  ( -9.180046676515619453, -41.87592484899965228, 8.399980644761390280 ) ) ;
#6270 = CARTESIAN_POINT ( 'NONE',  ( -3.671994890360334995, -41.88319309264450396, -0.9195519099549739339 ) ) ;
#6271 = CARTESIAN_POINT ( 'NONE',  ( 7.343957657415900009, -41.80211066434194578, 7.620082781638670255 ) ) ;
#6272 = CARTESIAN_POINT ( 'NONE',  ( 6.852451490718446614, -17.84286153214307546, 50.65439872730153326 ) ) ;
#6273 = CARTESIAN_POINT ( 'NONE',  ( 3.672001134648750220, -41.88910343578135098, -0.2041836597426380240 ) ) ;
#6274 = CARTESIAN_POINT ( 'NONE',  ( 159.5718911911924920, -33.22972007004714357, 8.960972233485210097E-15 ) ) ;
#6275 = CARTESIAN_POINT ( 'NONE',  ( 103.1449999999999960, -64.66763823405520384, -3.513069802952425362E-14 ) ) ;
#6276 = CYLINDRICAL_SURFACE ( 'NONE', #3776, 13.99999999999999822 ) ;
#6277 = LINE ( 'NONE', #1147, #2243 ) ;
#6278 = FACE_OUTER_BOUND ( 'NONE', #5217, .T. ) ;
#6279 = CARTESIAN_POINT ( 'NONE',  ( 99.14499999999999602, -63.39640923772800818, 2.291319741699659959E-15 ) ) ;
#6280 = EDGE_CURVE ( 'NONE', #6790, #347, #3477, .T. ) ;
#6281 = CARTESIAN_POINT ( 'NONE',  ( -8.581698961020197913, -37.31464781671481745, 9.801395064261823720 ) ) ;
#6282 = LINE ( 'NONE', #1582, #182 ) ;
#6283 = CARTESIAN_POINT ( 'NONE',  ( 179.8382392356312494, -9.999999999999996447, 42.50214150462253571 ) ) ;
#6284 = CARTESIAN_POINT ( 'NONE',  ( -12.99407348892058955, -38.28503105431241238, 0.5006780548196582137 ) ) ;
#6285 = VERTEX_POINT ( 'NONE', #3363 ) ;
#6286 = CARTESIAN_POINT ( 'NONE',  ( -6.347888822884907079, -41.83207552522052453, 6.380001485123087512 ) ) ;
#6287 = CARTESIAN_POINT ( 'NONE',  ( -8.766864241949884118, -42.20810047348764726, 2.056420456428091903 ) ) ;
#6288 = CIRCLE ( 'NONE', #666, 12.74499999999999922 ) ;
#6289 = CARTESIAN_POINT ( 'NONE',  ( 8.076773241318095486, -38.05484681405614822, -3.981434291925767255 ) ) ;
#6290 =( NAMED_UNIT ( * ) SI_UNIT ( $, .STERADIAN. ) SOLID_ANGLE_UNIT ( ) );
#6291 = EDGE_CURVE ( 'NONE', #3249, #4647, #3953, .T. ) ;
#6292 = CARTESIAN_POINT ( 'NONE',  ( 16.32882765597785379, -36.93162489235447055, -25.50677401329583205 ) ) ;
#6293 = CARTESIAN_POINT ( 'NONE',  ( -3.671978988473910022, -41.81616949220065038, -3.781289569364395309 ) ) ;
#6294 = CARTESIAN_POINT ( 'NONE',  ( -7.415906130416238362, -13.94371515320612609, 52.78106892812668605 ) ) ;
#6295 = ORIENTED_EDGE ( 'NONE', *, *, #5818, .T. ) ;
#6296 = CARTESIAN_POINT ( 'NONE',  ( 9.000000000000000000, -42.30756013076910449, -3.038700567240354470E-15 ) ) ;
#6297 = CARTESIAN_POINT ( 'NONE',  ( -7.180963579333121238, -37.91333641350602335, -5.428771503019553357 ) ) ;
#6298 = CARTESIAN_POINT ( 'NONE',  ( -22.00000000000000355, -6.042206017375272964, -58.61996200337829777 ) ) ;
#6299 = CARTESIAN_POINT ( 'NONE',  ( -8.979805276102547751, -42.28266494944968201, 0.6030752734721455122 ) ) ;
#6300 = CARTESIAN_POINT ( 'NONE',  ( -22.00000000000000000, -6.042206017373970006, -58.61996200337829777 ) ) ;
#6301 = CARTESIAN_POINT ( 'NONE',  ( 85.56351804436522457, -63.39640923772800818, 12.74496390230862630 ) ) ;
#6302 = VECTOR ( 'NONE', #4173, 1000.000000000000000 ) ;
#6303 = CARTESIAN_POINT ( 'NONE',  ( -6.574779755197788234, -41.85792682475311466, -6.153007902358347714 ) ) ;
#6304 = ORIENTED_EDGE ( 'NONE', *, *, #2593, .F. ) ;
#6305 = CARTESIAN_POINT ( 'NONE',  ( -1.597721699578914989E-14, -41.80288240122314392, -4.550409309681740226E-15 ) ) ;
#6306 = ORIENTED_EDGE ( 'NONE', *, *, #3518, .T. ) ;
#6307 = CARTESIAN_POINT ( 'NONE',  ( 3.800828292833609322E-05, -41.59064680588684837, -6.840052290626779552 ) ) ;
#6308 = CARTESIAN_POINT ( 'NONE',  ( 3.671948989097939986, -41.51274014781865418, 9.180041742209249733 ) ) ;
#6309 = CARTESIAN_POINT ( 'NONE',  ( 10.21642867835960722, -24.25098017292649644, 44.77699610944943487 ) ) ;
#6310 = CARTESIAN_POINT ( 'NONE',  ( -5.507998865209089878, -41.97550274093775613, -0.2042346704692465098 ) ) ;
#6311 = DIRECTION ( 'NONE',  ( 1.000000000000000000, 0.000000000000000000, 0.000000000000000000 ) ) ;
#6312 = DIRECTION ( 'NONE',  ( 0.000000000000000000, 1.000000000000000000, 0.000000000000000000 ) ) ;
#6313 = CARTESIAN_POINT ( 'NONE',  ( -6.510439734801662048, -38.31026286157670313, 11.37964822929245834 ) ) ;
#6314 = CARTESIAN_POINT ( 'NONE',  ( 7.343948989041080289, -41.69036013684584674, 9.180062146499889053 ) ) ;
#6315 = CARTESIAN_POINT ( 'NONE',  ( -1.110624349577107983, -37.45031483798841521, 8.950494755183013851 ) ) ;
#6316 = CARTESIAN_POINT ( 'NONE',  ( -9.180051010703030201, -41.81642451597864607, 9.179970327191989909 ) ) ;
#6317 = CARTESIAN_POINT ( 'NONE',  ( -18.00000000000000000, -16.86544347038442027, -46.33955300555884094 ) ) ;
#6318 = CARTESIAN_POINT ( 'NONE',  ( 15.34440927087883288, -28.25355459127765911, -33.32988397658331081 ) ) ;
#6319 = CARTESIAN_POINT ( 'NONE',  ( -12.63434739478517521, -38.13346830968537660, 3.025976538244153247 ) ) ;
#6320 = EDGE_LOOP ( 'NONE', ( #1933, #3155, #1701, #4436, #2539, #1664, #2334, #5906, #7030, #2951, #188, #4610, #7403, #1460 ) ) ;
#6321 = CARTESIAN_POINT ( 'NONE',  ( 3.455468584325940729, -41.58807997885192265, 8.310220217882053007 ) ) ;
#6322 = CARTESIAN_POINT ( 'NONE',  ( 7.578326699042283288, -19.21997701920112789, 49.43193068252911360 ) ) ;
#6323 = EDGE_CURVE ( 'NONE', #5926, #696, #7443, .T. ) ;
#6324 = CARTESIAN_POINT ( 'NONE',  ( 4.381786424978575845, -13.23912867866851251, -54.06720158823145539 ) ) ;
#6325 = CARTESIAN_POINT ( 'NONE',  ( 7.571295132275923656, -37.97140474001079724, -4.865878666759186011 ) ) ;
#6326 = CARTESIAN_POINT ( 'NONE',  ( -17.60597693396299945, -6.042206017372989457, -2.547411734887424772E-14 ) ) ;
#6327 = CARTESIAN_POINT ( 'NONE',  ( 11.33169335761423113, -26.44716646047268327, -42.27740825713087247 ) ) ;
#6328 = CARTESIAN_POINT ( 'NONE',  ( 5.508006245906869935, -41.96795418442000170, -1.124011572018931870 ) ) ;
#6329 = ORIENTED_EDGE ( 'NONE', *, *, #389, .F. ) ;
#6330 = CARTESIAN_POINT ( 'NONE',  ( 139.1842759379919983, -47.26221975847409595, 2.775557561562889773E-14 ) ) ;
#6331 = EDGE_CURVE ( 'NONE', #7005, #4398, #1681, .T. ) ;
#6332 = CARTESIAN_POINT ( 'NONE',  ( -8.305878421824115065, -38.09784608393648142, -3.465897630477680291 ) ) ;
#6333 = CARTESIAN_POINT ( 'NONE',  ( 132.1963904380766337, -50.78462308660662217, -91.59278087615335551 ) ) ;
#6334 = CARTESIAN_POINT ( 'NONE',  ( -4.032370305461479454, -41.62429543674300447, 8.047270879041175107 ) ) ;
#6335 = CARTESIAN_POINT ( 'NONE',  ( 6.590724037547923686, -37.07190584589513804, 11.14436906657286741 ) ) ;
#6336 = LINE ( 'NONE', #2818, #2933 ) ;
#6337 = B_SPLINE_CURVE_WITH_KNOTS ( 'NONE', 3,
 ( #5980, #4665, #7151, #5405, #1767, #4982, #1501, #6205, #348, #274, #6698, #1461, #6627, #2528, #4399, #3791, #2679, #4363 ),
 .UNSPECIFIED., .F., .F.,
 ( 4, 2, 2, 2, 2, 2, 2, 2, 4 ),
 ( 0.000000000000000000, 0.1250000000000000000, 0.2500000000000000000, 0.3750000000000000000, 0.5000000000000000000, 0.6250000000000000000, 0.7500000000000000000, 0.8750000000000000000, 1.000000000000000000 ),
 .UNSPECIFIED. ) ;
#6338 = CARTESIAN_POINT ( 'NONE',  ( -7.649076318713659894, -42.00105218614891811, -4.751637622153172202 ) ) ;
#6339 = ORIENTED_EDGE ( 'NONE', *, *, #5021, .F. ) ;
#6340 = CARTESIAN_POINT ( 'NONE',  ( -3.671998865237520171, -41.88910478152794781, -0.2042244683239249903 ) ) ;
#6341 = ADVANCED_FACE ( 'NONE', ( #905 ), #6151, .F. ) ;
#6342 = ORIENTED_EDGE ( 'NONE', *, *, #2157, .T. ) ;
#6343 = CARTESIAN_POINT ( 'NONE',  ( -7.343994890303470413, -42.10820886388219719, -0.9195723142456169175 ) ) ;
#6344 = CARTESIAN_POINT ( 'NONE',  ( -7.344016847136080273, -42.05001507887665468, 3.031826476146554761 ) ) ;
#6345 = CARTESIAN_POINT ( 'NONE',  ( 14.72100332400047051, -33.36050938385601938, 32.79780201120885863 ) ) ;
#6346 = CARTESIAN_POINT ( 'NONE',  ( -7.343994890303470413, -42.10820886388219719, -0.9195723142456169175 ) ) ;
#6347 = LINE ( 'NONE', #6875, #1152 ) ;
#6348 = CARTESIAN_POINT ( 'NONE',  ( -17.99999999999999645, -6.042206017373000115, -53.98290812280549744 ) ) ;
#6349 = CARTESIAN_POINT ( 'NONE',  ( -12.99864817594080080, -38.30611261494834707, 0.03755347317486755487 ) ) ;
#6350 = DIRECTION ( 'NONE',  ( -1.000000000000000000, 3.074555195481525416E-16, -1.561327534128339757E-31 ) ) ;
#6351 = CARTESIAN_POINT ( 'NONE',  ( 1.522490488415425558, -37.46197962930580161, 8.875200478298836515 ) ) ;
#6352 = CARTESIAN_POINT ( 'NONE',  ( 190.4059769339629895, -6.042206017373035642, 208.0119538679257687 ) ) ;
#6353 = CARTESIAN_POINT ( 'NONE',  ( -5.366785314579817445, -36.93520673196540827, 11.84805156139229432 ) ) ;
#6354 = PRESENTATION_LAYER_ASSIGNMENT (  '', '', ( #2080 ) ) ;
#6355 = CARTESIAN_POINT ( 'NONE',  ( 3.493117819994915774, -6.042206017371507976, -53.98290812280589535 ) ) ;
#6356 = LINE ( 'NONE', #5430, #3 ) ;
#6357 = CIRCLE ( 'NONE', #4640, 6.000000000000001776 ) ;
#6358 = CARTESIAN_POINT ( 'NONE',  ( -7.347850548796507120, -37.16125553376144808, 10.66156777631975316 ) ) ;
#6359 = ORIENTED_EDGE ( 'NONE', *, *, #1280, .F. ) ;
#6360 = CARTESIAN_POINT ( 'NONE',  ( 4.597131164425523941, -41.66583618456503046, 7.742921382948985354 ) ) ;
#6361 = CARTESIAN_POINT ( 'NONE',  ( 12.57494566065390984, -38.10718872142815172, 3.404734017612184527 ) ) ;
#6362 = DIRECTION ( 'NONE',  ( 1.000000000000000000, 0.000000000000000000, 0.000000000000000000 ) ) ;
#6363 = CARTESIAN_POINT ( 'NONE',  ( 6.400379905696846450, -37.81129799279301551, -6.327339252816831738 ) ) ;
#6364 = CARTESIAN_POINT ( 'NONE',  ( 180.6986448838553656, -6.566969119444841851, 28.52218513937924271 ) ) ;
#6365 = CARTESIAN_POINT ( 'NONE',  ( 11.27394140168815007, -26.33330898357210614, -42.40782514169276141 ) ) ;
#6366 = CARTESIAN_POINT ( 'NONE',  ( -8.283957635921989748, -42.10625223215095758, -3.518011440790580036 ) ) ;
#6367 = CARTESIAN_POINT ( 'NONE',  ( 3.672046676600889903, -41.56765029199235073, -8.400011251197350148 ) ) ;
#6368 = DIRECTION ( 'NONE',  ( -1.000000000000000000, 1.375504646362802246E-16, 0.000000000000000000 ) ) ;
#6369 = ORIENTED_EDGE ( 'NONE', *, *, #5031, .F. ) ;
#6370 = CARTESIAN_POINT ( 'NONE',  ( 172.6772380009927872, -20.95902901126089901, 50.96345004025746306 ) ) ;
#6371 = CARTESIAN_POINT ( 'NONE',  ( -12.53283318597851981, -6.042206017371019477, -2.423155549835754631E-14 ) ) ;
#6372 = CARTESIAN_POINT ( 'NONE',  ( 19.92775606846369740, -38.48506133258184292, -1.628100415257959896E-14 ) ) ;
#6373 = CARTESIAN_POINT ( 'NONE',  ( 3.326287981008625660, -41.58072984644859105, 8.362917798940166847 ) ) ;
#6374 = CARTESIAN_POINT ( 'NONE',  ( -22.00000000000000000, -40.88189669053594599, -38.76238080152555199 ) ) ;
#6375 = CARTESIAN_POINT ( 'NONE',  ( -22.00000000000000355, -6.042206017375272964, -58.61996200337829777 ) ) ;
#6376 = EDGE_CURVE ( 'NONE', #7260, #856, #7253, .T. ) ;
#6377 = OPEN_SHELL ( 'NONE', ( #3681 ) ) ;
#6378 = CARTESIAN_POINT ( 'NONE',  ( -7.404315359019904008, -41.96573197073849570, -5.118368847558540935 ) ) ;
#6379 = ORIENTED_EDGE ( 'NONE', *, *, #5547, .T. ) ;
#6380 = CARTESIAN_POINT ( 'NONE',  ( 7.343994890303441103, -42.10820886422099107, 0.9195723142456089239 ) ) ;
#6381 = EDGE_LOOP ( 'NONE', ( #5961, #6654, #1175 ) ) ;
#6382 = CARTESIAN_POINT ( 'NONE',  ( 2.101146922263804861E-05, -41.73257342393090141, -3.781269165073750216 ) ) ;
#6383 = EDGE_CURVE ( 'NONE', #146, #4258, #2867, .T. ) ;
#6384 = CARTESIAN_POINT ( 'NONE',  ( -5.508046676572489808, -41.64574234806979547, 8.400001049052029600 ) ) ;
#6385 = CARTESIAN_POINT ( 'NONE',  ( -22.00000000000000355, -6.042206017375212568, 58.61996200337869567 ) ) ;
#6386 = STYLED_ITEM ( 'NONE', ( #7399 ), #4690 ) ;
#6387 = CARTESIAN_POINT ( 'NONE',  ( 6.245992168675559985E-06, -41.78975016829365074, -1.124042178454895957 ) ) ;
#6388 = CARTESIAN_POINT ( 'NONE',  ( -5.934699936932200437, -41.78666077257631883, 6.772552945429333171 ) ) ;
#6389 = CARTESIAN_POINT ( 'NONE',  ( -18.00000000000000000, -15.84325058705650058, -47.33309916941539797 ) ) ;
#6390 = CARTESIAN_POINT ( 'NONE',  ( -18.00000000000000000, -37.23268663085336527, -11.46756426643774063 ) ) ;
#6391 = CARTESIAN_POINT ( 'NONE',  ( 69.65500000000000114, -58.93658393131480011, -2.033582938513375123E-15 ) ) ;
#6392 = CARTESIAN_POINT ( 'NONE',  ( 189.0500498167160686, -6.042206017376100746, 19.80219901984315101 ) ) ;
#6393 = FACE_OUTER_BOUND ( 'NONE', #3624, .T. ) ;
#6394 = CARTESIAN_POINT ( 'NONE',  ( 119.5997227445256073, -6.042206017414744501, 99.28829099760037025 ) ) ;
#6395 = VERTEX_POINT ( 'NONE', #6610 ) ;
#6396 = CARTESIAN_POINT ( 'NONE',  ( -7.406626298255511109, -41.96616807602128318, 5.113143961750280297 ) ) ;
#6397 = CARTESIAN_POINT ( 'NONE',  ( 5.759739681950256873, -36.97220077827862639, 11.66218760990942549 ) ) ;
#6398 = CARTESIAN_POINT ( 'NONE',  ( -4.259443137613194708, -6.042206017373009885, -53.98290812280549744 ) ) ;
#6399 = CARTESIAN_POINT ( 'NONE',  ( -7.665499011121489126, -37.98533260216050422, -4.728021012985055727 ) ) ;
#6400 = CARTESIAN_POINT ( 'NONE',  ( 190.4059769339629895, -6.042206017373019655, 1.273705867443711913E-14 ) ) ;
#6401 = CARTESIAN_POINT ( 'NONE',  ( -7.932325943518835132, -38.31026286157675287, 10.37433737848164661 ) ) ;
#6402 = CARTESIAN_POINT ( 'NONE',  ( -7.401807531057756684, -41.96528358125363667, -5.120019755907318171 ) ) ;
#6403 = CARTESIAN_POINT ( 'NONE',  ( 7.344042342356609687, -41.80212089860880553, -7.620001164476099653 ) ) ;
#6404 = CARTESIAN_POINT ( 'NONE',  ( 86.14473783712179511, -57.95386985700420013, 24.21589985473444884 ) ) ;
#6405 = ORIENTED_EDGE ( 'NONE', *, *, #6874, .F. ) ;
#6406 = CARTESIAN_POINT ( 'NONE',  ( 117.0212516675358643, -47.26221975847412438, 53.10999001326837998 ) ) ;
#6407 = DIRECTION ( 'NONE',  ( 1.000000000000000000, 0.000000000000000000, 0.000000000000000000 ) ) ;
#6408 = CARTESIAN_POINT ( 'NONE',  ( 7.152237611290309438, -37.90899518122911616, 5.470920705522118510 ) ) ;
#6409 = CARTESIAN_POINT ( 'NONE',  ( -6.542202347917935867, -41.85480593787886505, 6.181343387448738902 ) ) ;
#6410 = CARTESIAN_POINT ( 'NONE',  ( -3.225881138764839395, -36.79432220945630405, 12.53319861241854483 ) ) ;
#6411 = DIRECTION ( 'NONE',  ( 0.000000000000000000, 1.000000000000000000, 0.000000000000000000 ) ) ;
#6412 = DIRECTION ( 'NONE',  ( 0.000000000000000000, -1.000000000000000000, 0.000000000000000000 ) ) ;
#6413 = AXIS2_PLACEMENT_3D ( 'NONE', #7560, #5208, #3513 ) ;
#6414 = VERTEX_POINT ( 'NONE', #3695 ) ;
#6415 = CARTESIAN_POINT ( 'NONE',  ( -5.109582830806989399E-06, -41.79199488310535315, 0.9195315056643229568 ) ) ;
#6416 = EDGE_CURVE ( 'NONE', #439, #2986, #5566, .T. ) ;
#6417 = B_SPLINE_CURVE_WITH_KNOTS ( 'NONE', 2,
 ( #3399, #4054, #1031 ),
 .UNSPECIFIED., .F., .F.,
 ( 3, 3 ),
 ( 0.000000000000000000, 1.000000000000000000 ),
 .UNSPECIFIED. ) ;
#6418 = ORIENTED_EDGE ( 'NONE', *, *, #3648, .T. ) ;
#6419 = CARTESIAN_POINT ( 'NONE',  ( -9.179993753865669959, -42.28220595411875138, -1.124093189181503805 ) ) ;
#6420 = CARTESIAN_POINT ( 'NONE',  ( 5.507948989069509693, -41.58977544985609853, 9.180051944354570281 ) ) ;
#6421 = CARTESIAN_POINT ( 'NONE',  ( 185.3328331859785010, -6.042206017371060334, 1.387778780781449935E-14 ) ) ;
#6422 = CARTESIAN_POINT ( 'NONE',  ( 5.508011546535679592, -41.96222113973674794, -2.077924125155405033 ) ) ;
#6423 = CARTESIAN_POINT ( 'NONE',  ( -5.123577662894007290, -41.70919107622724198, 7.400739795116281883 ) ) ;
#6424 = CARTESIAN_POINT ( 'NONE',  ( -18.00000000000000000, -23.68619686104764810, -39.70994965335955840 ) ) ;
#6425 = EDGE_CURVE ( 'NONE', #3819, #4264, #3578, .T. ) ;
#6426 = CARTESIAN_POINT ( 'NONE',  ( -21.99999999999999289, -6.042206017373009885, 0.000000000000000000 ) ) ;
#6427 = CARTESIAN_POINT ( 'NONE',  ( 5.777547747338132922, -36.97391567611749963, 11.65347333953519104 ) ) ;
#6428 = CARTESIAN_POINT ( 'NONE',  ( -5.508042342385069290, -41.69806081896500416, 7.620011366621420201 ) ) ;
#6429 =( BOUNDED_SURFACE ( )  B_SPLINE_SURFACE ( 2, 3, ( 
 ( #6400, #1200, #585, #6326 ),
 ( #7537, #1733, #12, #1161 ),
 ( #2266, #1047, #5183, #546 ) ),
 .UNSPECIFIED., .F., .F., .F. ) 
 B_SPLINE_SURFACE_WITH_KNOTS ( ( 3, 3 ),
 ( 4, 4 ),
 ( 0.001208225356012821924, 0.7334610202777239740 ),
 ( 0.000000000000000000, 1.000000000000000000 ),
 .UNSPECIFIED. ) 
 GEOMETRIC_REPRESENTATION_ITEM ( )  RATIONAL_B_SPLINE_SURFACE ( (
 ( 1.000000000000000000, 0.3333333333333335369, 0.3333333333333335369, 1.000000000000000000),
 ( 1.000000000000000000, 0.3333333333333335369, 0.3333333333333335369, 1.000000000000000000),
 ( 1.000000000000000000, 0.3333333333333335369, 0.3333333333333335369, 1.000000000000000000) ) ) 
 REPRESENTATION_ITEM ( '' )  SURFACE ( )  );
#6430 =( BOUNDED_SURFACE ( )  B_SPLINE_SURFACE ( 2, 3, ( 
 ( #2123, #6824, #5610, #6858 ),
 ( #2734, #510, #6931, #1592 ),
 ( #1663, #3882, #5109, #4489 ),
 ( #5187, #3920, #2158, #1087 ),
 ( #2229, #4454, #7387, #3309 ) ),
 .UNSPECIFIED., .F., .F., .F. ) 
 B_SPLINE_SURFACE_WITH_KNOTS ( ( 3, 2, 3 ),
 ( 4, 4 ),
 ( -0.006114302593204289787, 0.001208225356012821924, 0.7334610202777239740 ),
 ( 0.000000000000000000, 1.000000000000000000 ),
 .UNSPECIFIED. ) 
 GEOMETRIC_REPRESENTATION_ITEM ( )  RATIONAL_B_SPLINE_SURFACE ( (
 ( 1.000000000000000000, 0.3333333333333335369, 0.3333333333333335369, 1.000000000000000000),
 ( 1.000000000000000000, 0.3333333333333335369, 0.3333333333333335369, 1.000000000000000000),
 ( 1.000000000000000000, 0.3333333333333335369, 0.3333333333333335369, 1.000000000000000000),
 ( 1.000000000000000000, 0.3333333333333335369, 0.3333333333333335369, 1.000000000000000000),
 ( 1.000000000000000000, 0.3333333333333335369, 0.3333333333333335369, 1.000000000000000000) ) ) 
 REPRESENTATION_ITEM ( '' )  SURFACE ( )  );
#6431 = CARTESIAN_POINT ( 'NONE',  ( 177.7365192291142932, -9.999999999999996447, 28.66079861405710005 ) ) ;
#6432 = EDGE_CURVE ( 'NONE', #5482, #2453, #5325, .T. ) ;
#6433 = CARTESIAN_POINT ( 'NONE',  ( 7.343957657415900009, -41.80211066434194578, 7.620082781638670255 ) ) ;
#6434 = DIRECTION ( 'NONE',  ( -1.000000000000000000, 0.000000000000000000, 0.000000000000000000 ) ) ;
#6435 = VERTEX_POINT ( 'NONE', #2850 ) ;
#6436 = CARTESIAN_POINT ( 'NONE',  ( -8.751604826301752738, -42.20505681882291071, 2.101028491316251579 ) ) ;
#6437 = CARTESIAN_POINT ( 'NONE',  ( 5.089967636310514187, -14.55431085335171026, 53.14168922827378339 ) ) ;
#6438 = CARTESIAN_POINT ( 'NONE',  ( 7.311017052102897651, -18.71556303013260347, -49.85950312325343248 ) ) ;
#6439 = ORIENTED_EDGE ( 'NONE', *, *, #1044, .F. ) ;
#6440 = CARTESIAN_POINT ( 'NONE',  ( 18.47810587591770926, -41.84803766008136705, 6.273537562445266502 ) ) ;
#6441 = FACE_OUTER_BOUND ( 'NONE', #2006, .T. ) ;
#6442 = CARTESIAN_POINT ( 'NONE',  ( 152.8722439315365023, -38.48506133258189976, 8.140502076289799479E-15 ) ) ;
#6443 = CARTESIAN_POINT ( 'NONE',  ( -8.912644974310584445, -42.25256976666302933, -1.253054977149001603 ) ) ;
#6444 = CARTESIAN_POINT ( 'NONE',  ( 5.904539818824811270, -10.42243130551445773, 51.20699116563218212 ) ) ;
#6445 = VECTOR ( 'NONE', #1057, 1000.000000000000000 ) ;
#6446 = CARTESIAN_POINT ( 'NONE',  ( 103.1449999999999108, -58.93658393131474327, 9.891171654269799163 ) ) ;
#6447 = ORIENTED_EDGE ( 'NONE', *, *, #5081, .F. ) ;
#6448 = CARTESIAN_POINT ( 'NONE',  ( 18.82837672200435364, -42.30756013076910449, -7.696413152913569585E-15 ) ) ;
#6449 = CARTESIAN_POINT ( 'NONE',  ( -9.000000000000000000, -38.30472699488110777, -1.718667784195345147E-09 ) ) ;
#6450 = CARTESIAN_POINT ( 'NONE',  ( -2.657880503321209176, -37.50429804910606180, 8.599890061988839207 ) ) ;
#6451 = B_SPLINE_CURVE_WITH_KNOTS ( 'NONE', 3,
 ( #7342, #775, #6740, #2610 ),
 .UNSPECIFIED., .F., .F.,
 ( 4, 4 ),
 ( 0.000000000000000000, 1.000000000000000000 ),
 .UNSPECIFIED. ) ;
#6452 = CARTESIAN_POINT ( 'NONE',  ( -6.388748023835303158, -41.83680981901326845, 6.339083748348628866 ) ) ;
#6453 = CARTESIAN_POINT ( 'NONE',  ( 0.8786768278880695560, -36.71303088488401301, 12.91354528092610998 ) ) ;
#6454 = CARTESIAN_POINT ( 'NONE',  ( -11.66808889542283367, -37.87702244825408116, 5.794677861353338066 ) ) ;
#6455 = DIRECTION ( 'NONE',  ( -0.000000000000000000, 1.000000000000000000, 0.000000000000000000 ) ) ;
#6456 = EDGE_LOOP ( 'NONE', ( #7082, #4704, #2838, #1710, #7366 ) ) ;
#6457 = CARTESIAN_POINT ( 'NONE',  ( -1.702058459057765057E-06, -41.79055256047669786, 0.3063060960499109919 ) ) ;
#6458 = ORIENTED_EDGE ( 'NONE', *, *, #1088, .F. ) ;
#6459 = CARTESIAN_POINT ( 'NONE',  ( -7.343957657415930207, -41.80211066434029732, -7.620082781638670255 ) ) ;
#6460 = CARTESIAN_POINT ( 'NONE',  ( -9.180001134563481102, -42.32169833820390181, 0.2041530533066639730 ) ) ;
#6461 = CARTESIAN_POINT ( 'NONE',  ( -7.343978988417039666, -42.01818542903539822, -3.781309973655035073 ) ) ;
#6462 = AXIS2_PLACEMENT_3D ( 'NONE', #6959, #4136, #543 ) ;
#6463 = CARTESIAN_POINT ( 'NONE',  ( 7.799661537745230078, -42.02413438379124955, 4.500333893262727258 ) ) ;
#6464 = AXIS2_PLACEMENT_3D ( 'NONE', #5655, #334, #407 ) ;
#6465 = CARTESIAN_POINT ( 'NONE',  ( -1.534342775996960340, -6.042206017375280958, -58.61996200337880225 ) ) ;
#6466 = CARTESIAN_POINT ( 'NONE',  ( -10.53307570939706395, -37.64487070752127806, 7.631214811790353103 ) ) ;
#6467 = CARTESIAN_POINT ( 'NONE',  ( 5.507957657444329413, -41.69805266500074481, 7.620072579493349707 ) ) ;
#6468 = CARTESIAN_POINT ( 'NONE',  ( 8.999987150092644939, -38.30413965686235400, 0.01520848997226540572 ) ) ;
#6469 = CARTESIAN_POINT ( 'NONE',  ( -9.180038008140789074, -41.98503258812255012, 6.840001279900169706 ) ) ;
#6470 = EDGE_CURVE ( 'NONE', #5482, #5769, #5304, .T. ) ;
#6471 = DIRECTION ( 'NONE',  ( 0.000000000000000000, 0.000000000000000000, 1.000000000000000000 ) ) ;
#6472 = VERTEX_POINT ( 'NONE', #1207 ) ;
#6473 = CARTESIAN_POINT ( 'NONE',  ( -8.775442139246900197, -42.21120417633317601, 1.999944232519109910 ) ) ;
#6474 = CARTESIAN_POINT ( 'NONE',  ( 12.96385785523637679, -29.71544801118713863, 38.20499659375347790 ) ) ;
#6475 = CARTESIAN_POINT ( 'NONE',  ( 4.372554305657076590, -13.22198550371413006, -54.07924210216519612 ) ) ;
#6476 = AXIS2_PLACEMENT_3D ( 'NONE', #5996, #4841, #5273 ) ;
#6477 =( BOUNDED_SURFACE ( )  B_SPLINE_SURFACE ( 3, 3, ( 
 ( #7296, #1379, #3705, #6159 ),
 ( #3664, #7181, #1989, #6012 ),
 ( #189, #4936, #6048, #4432 ),
 ( #6197, #6764, #3858, #1532 ),
 ( #2709, #949, #3285, #5622 ),
 ( #378, #5048, #2098, #5901 ),
 ( #5864, #1843, #3554, #1765 ),
 ( #2950, #4097, #5328, #4741 ),
 ( #4, #652, #5941, #5826 ),
 ( #578, #4213, #6508, #4821 ) ),
 .UNSPECIFIED., .F., .F., .F. ) 
 B_SPLINE_SURFACE_WITH_KNOTS ( ( 4, 2, 2, 2, 4 ),
 ( 4, 4 ),
 ( 0.000000000000000000, 0.2500000000000000000, 0.5000000000000000000, 0.7500000000000000000, 1.000000000000000000 ),
 ( 0.000000000000000000, 1.000000000000000000 ),
 .UNSPECIFIED. ) 
 GEOMETRIC_REPRESENTATION_ITEM ( )  RATIONAL_B_SPLINE_SURFACE ( (
 ( 1.000000000000000000, 0.3333333333333335369, 0.3333333333333335369, 1.000000000000000000),
 ( 1.000000000000000000, 0.3333333333333335369, 0.3333333333333335369, 1.000000000000000000),
 ( 1.000000000000000000, 0.3333333333333335369, 0.3333333333333335369, 1.000000000000000000),
 ( 1.000000000000000000, 0.3333333333333335369, 0.3333333333333335369, 1.000000000000000000),
 ( 1.000000000000000000, 0.3333333333333335369, 0.3333333333333335369, 1.000000000000000000),
 ( 1.000000000000000000, 0.3333333333333335369, 0.3333333333333335369, 1.000000000000000000),
 ( 1.000000000000000000, 0.3333333333333335369, 0.3333333333333335369, 1.000000000000000000),
 ( 1.000000000000000000, 0.3333333333333335369, 0.3333333333333335369, 1.000000000000000000),
 ( 1.000000000000000000, 0.3333333333333335369, 0.3333333333333335369, 1.000000000000000000),
 ( 1.000000000000000000, 0.3333333333333335369, 0.3333333333333335369, 1.000000000000000000) ) ) 
 REPRESENTATION_ITEM ( '' )  SURFACE ( )  );
#6478 = DIRECTION ( 'NONE',  ( -0.000000000000000000, -1.000000000000000000, -0.000000000000000000 ) ) ;
#6479 = CARTESIAN_POINT ( 'NONE',  ( -7.441609985172402908, -37.95142036365120219, -5.061919722030869373 ) ) ;
#6480 = CARTESIAN_POINT ( 'NONE',  ( -11.30805058077606162, -38.31026286157674576, 6.569230066026495507 ) ) ;
#6481 = CARTESIAN_POINT ( 'NONE',  ( 98.49491907783627198, -63.39640923772801528, -4.104477973369242250 ) ) ;
#6482 = CARTESIAN_POINT ( 'NONE',  ( 4.667665775254480472E-05, -41.49435253703499882, -8.400031655487991245 ) ) ;
#6483 = EDGE_CURVE ( 'NONE', #734, #1566, #1411, .T. ) ;
#6484 = CARTESIAN_POINT ( 'NONE',  ( 128.8485295163892204, -33.22972007004630512, 73.62341040694580840 ) ) ;
#6485 = ORIENTED_EDGE ( 'NONE', *, *, #7341, .F. ) ;
#6486 = CARTESIAN_POINT ( 'NONE',  ( 1.831865837722972179, -8.519517300664258386, -57.20796869862439138 ) ) ;
#6487 = DIRECTION ( 'NONE',  ( -1.000000000000000000, 0.000000000000000000, 0.000000000000000000 ) ) ;
#6488 = CARTESIAN_POINT ( 'NONE',  ( -3.247872127734981795, -37.53502088200170306, 8.393680768999868036 ) ) ;
#6489 = CARTESIAN_POINT ( 'NONE',  ( -7.519144691522837043, -41.98231748374957562, 4.946030867961557220 ) ) ;
#6490 = CARTESIAN_POINT ( 'NONE',  ( 11.23554806259781458, -37.79313625784730135, 6.485320349347863278 ) ) ;
#6491 = CARTESIAN_POINT ( 'NONE',  ( -12.65925148833763103, -38.13643590881432033, 2.987068070756308202 ) ) ;
#6492 = CARTESIAN_POINT ( 'NONE',  ( -22.00000000000000000, -9.999999999999982236, -39.70645925814061883 ) ) ;
#6493 = ORIENTED_EDGE ( 'NONE', *, *, #4132, .T. ) ;
#6494 = CARTESIAN_POINT ( 'NONE',  ( -7.343970490010189422, -41.94464159680104842, -5.310701536431549741 ) ) ;
#6495 = VERTEX_POINT ( 'NONE', #4755 ) ;
#6496 = CARTESIAN_POINT ( 'NONE',  ( -10.99411553112125617, -38.30787787113607124, 0.08283867914969869628 ) ) ;
#6497 = CARTESIAN_POINT ( 'NONE',  ( 9.180042342328178506, -41.93205553827840504, -7.619990962330779105 ) ) ;
#6498 = CARTESIAN_POINT ( 'NONE',  ( 3.671998297884675022, -41.89111594139954775, 0.3063265003405539755 ) ) ;
#6499 = CARTESIAN_POINT ( 'NONE',  ( 8.998207878040258123, -42.30221689490164749, -0.1799115792259893820 ) ) ;
#6500 = CARTESIAN_POINT ( 'NONE',  ( 12.29059490208223160, -38.03692175598845182, 4.185877830717517512 ) ) ;
#6501 = CARTESIAN_POINT ( 'NONE',  ( -7.343970490010189422, -41.94464159680104842, -5.310701536431549741 ) ) ;
#6502 = CARTESIAN_POINT ( 'NONE',  ( -2.044064863655949082, -41.52319278626523413, 8.766064382427147805 ) ) ;
#6503 = CARTESIAN_POINT ( 'NONE',  ( -17.99999999999999645, -6.042206017373009885, 0.000000000000000000 ) ) ;
#6504 = CARTESIAN_POINT ( 'NONE',  ( 6.885508015544172800, -37.09387806683187705, 11.02734373404052448 ) ) ;
#6505 = CARTESIAN_POINT ( 'NONE',  ( -5.508011546535709790, -41.96222113922765118, 2.077924125155400148 ) ) ;
#6506 = CARTESIAN_POINT ( 'NONE',  ( 73.65500000000000114, -63.39640923772800818, -3.121624691026614877E-15 ) ) ;
#6507 = CARTESIAN_POINT ( 'NONE',  ( 3.671953323285355175, -41.56764441693415080, 8.400052059778639446 ) ) ;
#6508 = CARTESIAN_POINT ( 'NONE',  ( 69.65500000000015746, -58.93658393131480722, -33.48999999999976040 ) ) ;
#6509 = EDGE_LOOP ( 'NONE', ( #3875, #5329 ) ) ;
#6510 = CARTESIAN_POINT ( 'NONE',  ( -8.974909323414294704, -42.28029601094195300, 0.6715679906270358712 ) ) ;
#6511 = CARTESIAN_POINT ( 'NONE',  ( 13.95913511072646962, -31.76930960461954356, 35.23240338526254334 ) ) ;
#6512 = CARTESIAN_POINT ( 'NONE',  ( 17.34765784242170028, -39.30748658695551967, -18.87867984972083946 ) ) ;
#6513 = EDGE_CURVE ( 'NONE', #1844, #4519, #3728, .T. ) ;
#6514 = VERTEX_POINT ( 'NONE', #4717 ) ;
#6515 = CARTESIAN_POINT ( 'NONE',  ( -7.467317143895059850, -37.95529565855605370, -5.023868929545501238 ) ) ;
#6516 = LINE ( 'NONE', #3601, #1600 ) ;
#6517 = CARTESIAN_POINT ( 'NONE',  ( -9.000000000000007105, -42.30661158429835922, -0.1491295032509681318 ) ) ;
#6518 = CARTESIAN_POINT ( 'NONE',  ( 86.40000000000000568, -58.25464714294840007, 0.000000000000000000 ) ) ;
#6519 = CARTESIAN_POINT ( 'NONE',  ( 152.8722439315372696, -38.48506133258121054, 39.26475813504517731 ) ) ;
#6520 = VERTEX_POINT ( 'NONE', #4641 ) ;
#6521 = CARTESIAN_POINT ( 'NONE',  ( -12.98101139867663889, -38.31026286157674576, 1.765527266346387680 ) ) ;
#6522 = CARTESIAN_POINT ( 'NONE',  ( -9.511568403844728536E-15, -63.39640923772800818, 0.000000000000000000 ) ) ;
#6523 = ADVANCED_FACE ( 'NONE', ( #4039 ), #4187, .F. ) ;
#6524 = CARTESIAN_POINT ( 'NONE',  ( 6.874626731154206638, -37.87156970979306436, 5.810411032011119303 ) ) ;
#6525 = CARTESIAN_POINT ( 'NONE',  ( 8.305570217834418401, -42.11023774444726797, 3.466685457918404101 ) ) ;
#6526 = CARTESIAN_POINT ( 'NONE',  ( 190.4059769339629895, -6.042206017373035642, 208.0119538679257687 ) ) ;
#6527 = CARTESIAN_POINT ( 'NONE',  ( 0.8488233726714131677, -36.69879673330287773, 12.97935116557310486 ) ) ;
#6528 = FACE_OUTER_BOUND ( 'NONE', #1198, .T. ) ;
#6529 = ORIENTED_EDGE ( 'NONE', *, *, #2311, .T. ) ;
#6530 = CARTESIAN_POINT ( 'NONE',  ( -5.507993753922540314, -41.96795358722095415, -1.124072784890862042 ) ) ;
#6531 = VERTEX_POINT ( 'NONE', #2310 ) ;
#6532 = CARTESIAN_POINT ( 'NONE',  ( -10.89743259153877375, -38.30796429077106779, 0.08514130155958520019 ) ) ;
#6533 = AXIS2_PLACEMENT_3D ( 'NONE', #2184, #502, #6176 ) ;
#6534 = CARTESIAN_POINT ( 'NONE',  ( 184.0984465169091493, -8.689043034565962387, 29.12429474287405284 ) ) ;
#6535 = AXIS2_PLACEMENT_3D ( 'NONE', #7152, #5944, #1925 ) ;
#6536 = CARTESIAN_POINT ( 'NONE',  ( 3.671998865237490417, -41.88910478186475217, 0.2042244683239154979 ) ) ;
#6537 = CARTESIAN_POINT ( 'NONE',  ( 7.558867569159015254, -41.98810925890759904, -4.885336353360954398 ) ) ;
#6538 = CARTESIAN_POINT ( 'NONE',  ( 11.63501412891282882, -37.87923982393882483, 5.745749677028955560 ) ) ;
#6539 = CARTESIAN_POINT ( 'NONE',  ( 5.508038008197630120, -41.74731312820915008, -6.840021684190809914 ) ) ;
#6540 = ORIENTED_EDGE ( 'NONE', *, *, #6801, .F. ) ;
#6541 = CARTESIAN_POINT ( 'NONE',  ( -4.506784864663003987, -41.65634212277167592, 7.812882691499904553 ) ) ;
#6542 = CARTESIAN_POINT ( 'NONE',  ( 20.36082540615130299, -26.96475769767874908, 35.57686982298324807 ) ) ;
#6543 = CARTESIAN_POINT ( 'NONE',  ( 5.395158430169364472, -36.93777596929351859, 11.83521086000122757 ) ) ;
#6544 = CARTESIAN_POINT ( 'NONE',  ( -9.180021011327090363, -42.16513681441784911, 3.781218154347139926 ) ) ;
#6545 = CARTESIAN_POINT ( 'NONE',  ( 149.6614994673865908, -58.99259783589949535, 7.747299283199699130E-15 ) ) ;
#6546 = CARTESIAN_POINT ( 'NONE',  ( 172.5538384989428664, -8.689043034565553825, 54.50437696172012636 ) ) ;
#6547 = CARTESIAN_POINT ( 'NONE',  ( 170.1723395384232163, -6.042206017373009885, 52.62984524453877100 ) ) ;
#6548 = ORIENTED_EDGE ( 'NONE', *, *, #2686, .F. ) ;
#6549 = CARTESIAN_POINT ( 'NONE',  ( -8.878361321155370689, -42.24064003242426679, 1.482110549702266189 ) ) ;
#6550 = DIRECTION ( 'NONE',  ( -1.000000000000000000, 0.000000000000000000, 0.000000000000000000 ) ) ;
#6551 = CARTESIAN_POINT ( 'NONE',  ( 12.91276777472409876, -29.61142844790214212, -38.34590838895240950 ) ) ;
#6552 = ORIENTED_EDGE ( 'NONE', *, *, #1791, .T. ) ;
#6553 = CARTESIAN_POINT ( 'NONE',  ( -5.872564548261313355, -37.75011440556519204, -6.822020656863243104 ) ) ;
#6554 = EDGE_CURVE ( 'NONE', #6395, #713, #7044, .T. ) ;
#6555 = CARTESIAN_POINT ( 'NONE',  ( 99.14499999999999602, -63.39640923772795134, -25.49000000000012278 ) ) ;
#6556 = CARTESIAN_POINT ( 'NONE',  ( -9.000000000000000000, -38.30472699488110777, -1.718667784195345147E-09 ) ) ;
#6557 = PRESENTATION_STYLE_ASSIGNMENT (( #2576 ) ) ;
#6558 = CARTESIAN_POINT ( 'NONE',  ( 85.84362670746759250, -47.26221975847409595, 52.78134362686709835 ) ) ;
#6559 = ADVANCED_FACE ( 'NONE', ( #4073 ), #3423, .T. ) ;
#6560 = ORIENTED_EDGE ( 'NONE', *, *, #5880, .F. ) ;
#6561 = CARTESIAN_POINT ( 'NONE',  ( 13.14372932538585559, -30.08234737456480801, -37.70190741126268819 ) ) ;
#6562 = CARTESIAN_POINT ( 'NONE',  ( -18.00000000000000000, -32.29571161549034741, -26.62793936103274817 ) ) ;
#6563 = CARTESIAN_POINT ( 'NONE',  ( 8.948606360557995743, -38.25548027042452759, 1.125373774208785704 ) ) ;
#6564 = CARTESIAN_POINT ( 'NONE',  ( 8.161877093218212309, -42.08442288354812177, 3.793327288172119172 ) ) ;
#6565 = CARTESIAN_POINT ( 'NONE',  ( 12.56096002312324167, -38.10895938935443183, 3.382284469702035778 ) ) ;
#6566 = CARTESIAN_POINT ( 'NONE',  ( 5.370652633075555293, -36.93553800355653038, 11.84640975036699828 ) ) ;
#6567 = CARTESIAN_POINT ( 'NONE',  ( 6.590724037547923686, -37.07190584589513804, 11.14436906657286741 ) ) ;
#6568 = CARTESIAN_POINT ( 'NONE',  ( -1.179167941964257782, -41.49956582099751046, -8.927353823755835194 ) ) ;
#6569 = ADVANCED_FACE ( 'NONE', ( #2348 ), #3569, .F. ) ;
#6570 = EDGE_LOOP ( 'NONE', ( #6548, #2230 ) ) ;
#6571 = CARTESIAN_POINT ( 'NONE',  ( 3.672005109525934952, -41.88319390070309112, -0.9195111013736859684 ) ) ;
#6572 = CARTESIAN_POINT ( 'NONE',  ( 6.729676606278695239, -37.85199188352656563, -5.979090531462028402 ) ) ;
#6573 = ORIENTED_EDGE ( 'NONE', *, *, #5721, .F. ) ;
#6574 = CARTESIAN_POINT ( 'NONE',  ( 7.633369739316126612, -13.58465535097091426, -48.86615292550745693 ) ) ;
#6575 = CARTESIAN_POINT ( 'NONE',  ( 5.508038008197630120, -41.74731312820915008, -6.840021684190809914 ) ) ;
#6576 = CARTESIAN_POINT ( 'NONE',  ( 5.507999999914679812, -41.99430005132509791, 3.060643596046600169E-05 ) ) ;
#6577 = CARTESIAN_POINT ( 'NONE',  ( 8.848755923786193023, -42.23171565836334196, -1.643727126498598201 ) ) ;
#6578 = CARTESIAN_POINT ( 'NONE',  ( 78.95761429842836776, -6.042206017375325366, -103.8861665378682346 ) ) ;
#6579 = CARTESIAN_POINT ( 'NONE',  ( -9.179948989012670424, -41.81641118698129844, -9.180072348645209601 ) ) ;
#6580 = EDGE_LOOP ( 'NONE', ( #1950, #2185, #883, #6799 ) ) ;
#6581 = CARTESIAN_POINT ( 'NONE',  ( -8.199029978727455870, -38.07695106838711752, -3.723246808500066951 ) ) ;
#6582 = CARTESIAN_POINT ( 'NONE',  ( 179.8382392356312494, -9.999999999999996447, 42.50214150462253571 ) ) ;
#6583 = CARTESIAN_POINT ( 'NONE',  ( 10.31491204188333732, -37.60460569716250490, 7.915255735652308999 ) ) ;
#6584 = CARTESIAN_POINT ( 'NONE',  ( -2.950987610365085034E-05, -41.67149771610429809, 5.310660727850260443 ) ) ;
#6585 = CARTESIAN_POINT ( 'NONE',  ( -2.260373338298120593, -37.48644500482639330, 8.716544409137679139 ) ) ;
#6586 = AXIS2_PLACEMENT_3D ( 'NONE', #4878, #5377, #3766 ) ;
#6587 = CARTESIAN_POINT ( 'NONE',  ( -2.950987610365085034E-05, -41.67149771610429809, 5.310660727850260443 ) ) ;
#6588 = CARTESIAN_POINT ( 'NONE',  ( 9.179983152608029329, -42.20094904025864935, 3.031918295454445023 ) ) ;
#6589 = ORIENTED_EDGE ( 'NONE', *, *, #6483, .T. ) ;
#6590 = CARTESIAN_POINT ( 'NONE',  ( -8.291019044758067835, -42.10754614405080076, 3.501350257410294819 ) ) ;
#6591 = CARTESIAN_POINT ( 'NONE',  ( 11.80707692016781429, -27.38414243454311148, 41.20545926881040089 ) ) ;
#6592 = CARTESIAN_POINT ( 'NONE',  ( 119.5997227445255646, -6.042206017414786245, 99.28829099760035604 ) ) ;
#6593 = CARTESIAN_POINT ( 'NONE',  ( -22.00000000000000000, -9.999999999999982236, -56.23454071742327187 ) ) ;
#6594 = CARTESIAN_POINT ( 'NONE',  ( 8.061850245893294797, -20.13549364237563566, 48.63237231635005031 ) ) ;
#6595 = CARTESIAN_POINT ( 'NONE',  ( 4.509811247363083808, -41.65828041189450914, 7.794236667929457241 ) ) ;
#6596 = CARTESIAN_POINT ( 'NONE',  ( -8.988442634801268483, -42.28908435533969623, -0.4559948048799711828 ) ) ;
#6597 = CARTESIAN_POINT ( 'NONE',  ( 20.34536719873065280, -32.29571161549034741, -26.62793936103274817 ) ) ;
#6598 = CARTESIAN_POINT ( 'NONE',  ( 33.62745298071140354, -47.26221975847409595, -1.112684768943767999 ) ) ;
#6599 = VERTEX_POINT ( 'NONE', #667 ) ;
#6600 = DIRECTION ( 'NONE',  ( 0.000000000000000000, -1.000000000000000000, 0.000000000000000000 ) ) ;
#6601 = CARTESIAN_POINT ( 'NONE',  ( 33.61572406200880181, -47.26221975847439438, -1.292841891455429965E-14 ) ) ;
#6602 = CARTESIAN_POINT ( 'NONE',  ( -8.820546818096580921, -38.21641429076588281, 1.791100603580174866 ) ) ;
#6603 = CARTESIAN_POINT ( 'NONE',  ( 8.942737623302265959, -42.26447269255783112, 1.014817396753398437 ) ) ;
#6604 = CARTESIAN_POINT ( 'NONE',  ( 190.4059769339629895, -6.042206017373039195, 1.869838746202804954E-14 ) ) ;
#6605 = CARTESIAN_POINT ( 'NONE',  ( 17.41087063394158818, -39.45738094469275126, -18.36929720162232726 ) ) ;
#6606 = DIRECTION ( 'NONE',  ( 0.000000000000000000, 0.000000000000000000, 1.000000000000000000 ) ) ;
#6607 = CARTESIAN_POINT ( 'NONE',  ( -7.321104580711446985, -41.95372558306767985, -5.242909992066177693 ) ) ;
#6608 = STYLED_ITEM ( 'NONE', ( #6557 ), #2242 ) ;
#6609 = CARTESIAN_POINT ( 'NONE',  ( 5.508003405735320435, -41.96905124367470563, -0.6128881944211599375 ) ) ;
#6610 = CARTESIAN_POINT ( 'NONE',  ( -71.46669839058749574, -70.00000000000000000, -137.7671940876994086 ) ) ;
#6611 = CARTESIAN_POINT ( 'NONE',  ( 18.63070844425308792, -35.34014208002221125, -18.23259079401685412 ) ) ;
#6612 = EDGE_CURVE ( 'NONE', #7110, #160, #2808, .T. ) ;
#6613 = CARTESIAN_POINT ( 'NONE',  ( -3.671957657472794789, -41.61891006585364750, -7.620062377348030047 ) ) ;
#6614 = CARTESIAN_POINT ( 'NONE',  ( 3.671988453322129864, -41.86434038014104431, 2.077975135882009994 ) ) ;
#6615 = CARTESIAN_POINT ( 'NONE',  ( 6.408113600946502508, -41.83906161789581546, -6.319546553684129542 ) ) ;
#6616 = CARTESIAN_POINT ( 'NONE',  ( 3.381535135277527360, -36.80229654331481015, 12.49569770670396274 ) ) ;
#6617 = ORIENTED_EDGE ( 'NONE', *, *, #6291, .F. ) ;
#6618 = CARTESIAN_POINT ( 'NONE',  ( 2.913497968444953123, -37.51423369262609953, -8.536022523244152893 ) ) ;
#6619 = CARTESIAN_POINT ( 'NONE',  ( -17.99999999999999645, -6.042206017373000115, -53.98290812280549744 ) ) ;
#6620 = CARTESIAN_POINT ( 'NONE',  ( -8.957371267949554294, -42.27119455142506865, 0.8749362689411284144 ) ) ;
#6621 = ADVANCED_FACE ( 'NONE', ( #5341 ), #5697, .T. ) ;
#6622 = CARTESIAN_POINT ( 'NONE',  ( 9.179978988388580063, -42.16512765717559574, 3.781320175800355177 ) ) ;
#6623 = CARTESIAN_POINT ( 'NONE',  ( 2.520336195130188806, -37.49788340898965799, 8.641235281547617220 ) ) ;
#6624 = CARTESIAN_POINT ( 'NONE',  ( 9.179983152608029329, -42.20094904025864935, 3.031918295454445023 ) ) ;
#6625 = CARTESIAN_POINT ( 'NONE',  ( -3.672046676600915216, -41.56765029200165174, 8.400011251197350148 ) ) ;
#6626 = VERTEX_POINT ( 'NONE', #704 ) ;
#6627 = CARTESIAN_POINT ( 'NONE',  ( -7.932325943518833355, -38.31026286157675287, 10.37433737848164839 ) ) ;
#6628 = CARTESIAN_POINT ( 'NONE',  ( 17.37584787191483215, -39.37431881592076621, 18.65320778672090540 ) ) ;
#6629 = CARTESIAN_POINT ( 'NONE',  ( 18.66517746361758867, -42.19016841020512487, -3.191764933456163522 ) ) ;
#6630 = DIRECTION ( 'NONE',  ( -1.000000000000000000, 0.000000000000000000, 0.000000000000000000 ) ) ;
#6631 = CARTESIAN_POINT ( 'NONE',  ( 17.43857561752454899, -39.52310363338446564, 18.14167538293455095 ) ) ;
#6632 = CARTESIAN_POINT ( 'NONE',  ( 8.200543107166247125, -42.09068376482991880, 3.720051316048005319 ) ) ;
#6633 = CARTESIAN_POINT ( 'NONE',  ( 7.139714280550985670, -41.92899167003881900, -5.487489748785679744 ) ) ;
#6634 = CARTESIAN_POINT ( 'NONE',  ( 190.4059769339629895, -6.042206017373067617, -108.0033952379292543 ) ) ;
#6635 = CARTESIAN_POINT ( 'NONE',  ( 110.6172451890449935, -57.95386985700429960, 0.000000000000000000 ) ) ;
#6636 = ORIENTED_EDGE ( 'NONE', *, *, #5301, .F. ) ;
#6637 = CARTESIAN_POINT ( 'NONE',  ( 8.996325346533728506, -42.29817279133149555, 0.2598029428301769084 ) ) ;
#6638 = CARTESIAN_POINT ( 'NONE',  ( 33.61572406200880181, -47.26221975847436596, -105.5685518759823793 ) ) ;
#6639 = CARTESIAN_POINT ( 'NONE',  ( -5.973275552588114046, -37.76189206149530264, 6.732542384933317692 ) ) ;
#6640 = CARTESIAN_POINT ( 'NONE',  ( 8.538835417928913429, -42.15557629513572380, 2.859266791593706891 ) ) ;
#6641 = CARTESIAN_POINT ( 'NONE',  ( 12.99644658441999212, -38.30368781662100020, 0.02685980811133485691 ) ) ;
#6642 = LINE ( 'NONE', #7168, #4156 ) ;
#6643 = CARTESIAN_POINT ( 'NONE',  ( -2.917860457484831027, -36.77904517036741794, 12.60538117023800453 ) ) ;
#6644 = CARTESIAN_POINT ( 'NONE',  ( 20.36082540615130299, -32.29571161549034741, 26.62793936103274817 ) ) ;
#6645 = B_SPLINE_CURVE_WITH_KNOTS ( 'NONE', 3,
 ( #6851, #6284, #1039, #5711, #2837, #463, #3985, #6319, #1078, #3407, #5749, #5177, #7490, #2260, #1115, #7531, #2876, #3447, #1689, #4591, #5787, #5216, #539, #6921, #4022, #6358, #1403, #6680, #2621, #4997, #2547, #3236, #3650, #1975, #7319, #6643, #2509, #5537, #4960, #4309, #5574, #749, #5462, #4233, #5502, #2012, #4344, #6074, #7286, #175, #1325, #291, #5997, #3085, #215, #6567, #254, #1441, #3771, #826, #6112, #4884, #5421, #2048, #4842, #3733, #3124, #7211, #3807, #3164, #789, #4379, #7170, #865, #1939, #6037 ),
 .UNSPECIFIED., .F., .F.,
 ( 4, 1, 1, 2, 2, 1, 2, 2, 2, 2, 2, 2, 2, 1, 2, 2, 2, 2, 2, 1, 2, 2, 2, 2, 2, 2, 2, 2, 2, 2, 1, 2, 2, 2, 2, 2, 2, 2, 2, 2, 4 ),
 ( 0.000000000000000000, 0.03124999999999968775, 0.04687499999999954203, 0.05468749999999947958, 0.06249999999999941713, 0.09374999999999919509, 0.1093749999999990841, 0.1249999999999989730, 0.1874999999999983902, 0.2187499999999981126, 0.2343749999999980571, 0.2499999999999980016, 0.2812499999999979461, 0.2968749999999980016, 0.3046874999999979461, 0.3124999999999979461, 0.3437499999999978906, 0.3749999999999978351, 0.4062499999999978351, 0.4218749999999978351, 0.4296874999999978906, 0.4374999999999978906, 0.4687499999999981681, 0.4999999999999983347, 0.5312499999999985567, 0.5624999999999987788, 0.5937499999999991118, 0.6093749999999991118, 0.6249999999999992228, 0.6562499999999994449, 0.6718749999999996669, 0.6796874999999996669, 0.6874999999999996669, 0.7499999999999997780, 0.7812500000000000000, 0.7968750000000000000, 0.8125000000000001110, 0.8437500000000001110, 0.8750000000000001110, 0.9375000000000001110, 1.000000000000000000 ),
 .UNSPECIFIED. ) ;
#6646 = CARTESIAN_POINT ( 'NONE',  ( -5.507978988445479729, -41.90336194457290020, -3.781299771509714969 ) ) ;
#6647 = CARTESIAN_POINT ( 'NONE',  ( 4.753691104761545105, -37.64180978685143941, -7.648735867934544075 ) ) ;
#6648 = CARTESIAN_POINT ( 'NONE',  ( -12.77484480102415176, -38.17664964296616148, 2.411466483344804956 ) ) ;
#6649 = CARTESIAN_POINT ( 'NONE',  ( 13.71927194209182055, -25.02024238665634215, -37.77056735847040869 ) ) ;
#6650 = DIRECTION ( 'NONE',  ( 0.000000000000000000, -0.000000000000000000, 1.000000000000000000 ) ) ;
#6651 = CARTESIAN_POINT ( 'NONE',  ( 3.672001134648750220, -41.88910343578135098, -0.2041836597426380240 ) ) ;
#6652 = CARTESIAN_POINT ( 'NONE',  ( 8.976378501249916653, -42.28095678384194400, -0.6516645329778212314 ) ) ;
#6653 = CARTESIAN_POINT ( 'NONE',  ( -12.69941411996315495, -38.15530522800185764, 2.716393203316607163 ) ) ;
#6654 = ORIENTED_EDGE ( 'NONE', *, *, #4170, .T. ) ;
#6655 = ADVANCED_FACE ( 'NONE', ( #4266 ), #2008, .F. ) ;
#6656 = CARTESIAN_POINT ( 'NONE',  ( -1.605475313539599380, -37.46490076523279811, -8.856868045238611487 ) ) ;
#6657 = CIRCLE ( 'NONE', #2501, 13.99999999999999822 ) ;
#6658 = CARTESIAN_POINT ( 'NONE',  ( -71.46669839058749574, 4.000000000000000000, -137.7671940876994086 ) ) ;
#6659 = CARTESIAN_POINT ( 'NONE',  ( 18.62915981464626469, -35.33650225119807686, 18.20414711486618131 ) ) ;
#6660 = CARTESIAN_POINT ( 'NONE',  ( 1.134705611842493951E-06, -41.79338277994690287, -0.2042040640332815071 ) ) ;
#6661 = CARTESIAN_POINT ( 'NONE',  ( -3.909882244487137282, -37.57637413232583867, 8.111739598908416227 ) ) ;
#6662 = CARTESIAN_POINT ( 'NONE',  ( -3.672003405763780481, -41.88853576663194644, 0.6128983965664729361 ) ) ;
#6663 = EDGE_CURVE ( 'NONE', #2986, #7492, #7419, .T. ) ;
#6664 = ORIENTED_EDGE ( 'NONE', *, *, #4682, .F. ) ;
#6665 = CARTESIAN_POINT ( 'NONE',  ( 42.48805791687247080, -6.042206017375214344, 94.37968347583137074 ) ) ;
#6666 = DIRECTION ( 'NONE',  ( -0.000000000000000000, -1.000000000000000000, -0.000000000000000000 ) ) ;
#6667 = CARTESIAN_POINT ( 'NONE',  ( 13.91513291897130777, -31.67737971706800693, -35.37326644046096646 ) ) ;
#6668 = CARTESIAN_POINT ( 'NONE',  ( 179.8382392356312494, 4.000000000000000000, 42.50214150462253571 ) ) ;
#6669 = CARTESIAN_POINT ( 'NONE',  ( 11.28687274325273471, -26.35880363922724356, 42.37860409953873386 ) ) ;
#6670 = CARTESIAN_POINT ( 'NONE',  ( -8.980504592517737805, -42.28321526838289657, 0.6033876388838893545 ) ) ;
#6671 = CARTESIAN_POINT ( 'NONE',  ( 2.328825114741376989, -41.53351650141800633, -8.694801055679290513 ) ) ;
#6672 = CARTESIAN_POINT ( 'NONE',  ( 20.34536719873065280, -23.68619686104764810, -39.70994965335955840 ) ) ;
#6673 = CARTESIAN_POINT ( 'NONE',  ( -12.51084983702054032, -6.042206017369079696, -2.085489564426569853 ) ) ;
#6674 = EDGE_LOOP ( 'NONE', ( #2822, #4592, #5015, #321, #4446, #3023 ) ) ;
#6675 = CARTESIAN_POINT ( 'NONE',  ( 7.860223317671992227, -42.03440950341404658, 4.386161331199290636 ) ) ;
#6676 = FILL_AREA_STYLE ('',( #1362 ) ) ;
#6677 = CARTESIAN_POINT ( 'NONE',  ( -7.273105562095897980, -37.92614824399532836, 5.302012324047144176 ) ) ;
#6678 = CARTESIAN_POINT ( 'NONE',  ( 7.187734636680550793, -41.93526692094430075, 5.419822634620307333 ) ) ;
#6679 = CARTESIAN_POINT ( 'NONE',  ( 3.493117819994915330, -6.042206017371507976, -53.98290812280588824 ) ) ;
#6680 = CARTESIAN_POINT ( 'NONE',  ( -6.816776795983313875, -37.09660181220758801, 11.01441753136028545 ) ) ;
#6681 = CARTESIAN_POINT ( 'NONE',  ( -7.648047151965407409, -42.00090241566313409, -4.753314115270470985 ) ) ;
#6682 = CARTESIAN_POINT ( 'NONE',  ( -7.343957657415930207, -41.80211066434029732, -7.620082781638670255 ) ) ;
#6683 = CARTESIAN_POINT ( 'NONE',  ( 5.023480104072098662, -37.66629637453525703, -7.467574041295137910 ) ) ;
#6684 = CARTESIAN_POINT ( 'NONE',  ( 4.485591408591091955, -13.43192164606584349, 53.93138007221111252 ) ) ;
#6685 = FACE_OUTER_BOUND ( 'NONE', #1100, .T. ) ;
#6686 = DIRECTION ( 'NONE',  ( 0.000000000000000000, 1.000000000000000000, 0.000000000000000000 ) ) ;
#6687 = CARTESIAN_POINT ( 'NONE',  ( 8.099901292987679469, -42.07307853710156564, -3.934278533162128610 ) ) ;
#6688 = CARTESIAN_POINT ( 'NONE',  ( -6.994251061820816240, -37.11834767767592780, 10.89544962596576205 ) ) ;
#6689 = ORIENTED_EDGE ( 'NONE', *, *, #60, .T. ) ;
#6690 = CARTESIAN_POINT ( 'NONE',  ( -6.775872141741814403, -37.85622296658557673, -5.952644757743700943 ) ) ;
#6691 = B_SPLINE_SURFACE_WITH_KNOTS ( 'NONE', 2, 1, ( 
 ( #1510, #6213 ),
 ( #1584, #4553 ),
 ( #6816, #2796 ) ),
 .UNSPECIFIED., .F., .F., .F.,
 ( 3, 3 ),
 ( 2, 2 ),
 ( 0.07696326179983789539, 1.000000000000000000 ),
 ( 0.000000000000000000, 1.000000000000000000 ),
 .UNSPECIFIED. ) ;
#6692 = SURFACE_SIDE_STYLE ('',( #6765 ) ) ;
#6693 = CARTESIAN_POINT ( 'NONE',  ( -9.000000000000008882, -42.30661089220096471, 0.03001501203874386639 ) ) ;
#6694 = CARTESIAN_POINT ( 'NONE',  ( 3.671998865237490417, -41.88910478186475217, 0.2042244683239154979 ) ) ;
#6695 = CARTESIAN_POINT ( 'NONE',  ( -2.821977240274030851, -37.51152202649716116, 8.551252211712313311 ) ) ;
#6696 = CARTESIAN_POINT ( 'NONE',  ( -9.180006245850039548, -42.28221066252150706, 1.123991167728281892 ) ) ;
#6697 = VERTEX_POINT ( 'NONE', #783 ) ;
#6698 = CARTESIAN_POINT ( 'NONE',  ( -3.362211073487086921, -38.31026286157675287, 12.60781192738517120 ) ) ;
#6699 = DIRECTION ( 'NONE',  ( 0.000000000000000000, -1.000000000000000000, 0.000000000000000000 ) ) ;
#6700 = DIRECTION ( 'NONE',  ( 0.000000000000000000, 0.000000000000000000, 1.000000000000000000 ) ) ;
#6701 = CARTESIAN_POINT ( 'NONE',  ( -10.98554303539359900, -38.30149091368404157, 0.08292593408163023705 ) ) ;
#6702 = CARTESIAN_POINT ( 'NONE',  ( 16.12765926082611401, -36.47416376924402925, 26.56228734668989588 ) ) ;
#6703 = ADVANCED_FACE ( 'NONE', ( #2542 ), #5540, .F. ) ;
#6704 = CARTESIAN_POINT ( 'NONE',  ( -8.995347969533279198, -42.29495517444624397, 0.3055592719177697703 ) ) ;
#6705 = B_SPLINE_CURVE_WITH_KNOTS ( 'NONE', 1,
 ( #3793, #6132 ),
 .UNSPECIFIED., .F., .F.,
 ( 2, 2 ),
 ( 0.000000000000000000, 1.000000000000000000 ),
 .UNSPECIFIED. ) ;
#6706 = CARTESIAN_POINT ( 'NONE',  ( -3.179293953898028935, -41.57207128321442724, -8.424909746277927880 ) ) ;
#6707 = CARTESIAN_POINT ( 'NONE',  ( 20.34536719873065280, -37.24753809675054583, -11.41428795664993778 ) ) ;
#6708 = ORIENTED_EDGE ( 'NONE', *, *, #2779, .F. ) ;
#6709 = CARTESIAN_POINT ( 'NONE',  ( 9.000000000000000000, -42.30661100815935072, 1.084674837264419952E-15 ) ) ;
#6710 = CARTESIAN_POINT ( 'NONE',  ( -0.2882336879765511894, -41.48877846956414572, 9.000220427429066916 ) ) ;
#6711 = CARTESIAN_POINT ( 'NONE',  ( 13.15949949251191953, -38.13805647533410337, 4.535102704269229790 ) ) ;
#6712 = FILL_AREA_STYLE_COLOUR ( '', #5838 ) ;
#6713 = ADVANCED_FACE ( 'NONE', ( #4484 ), #4368, .T. ) ;
#6714 = CARTESIAN_POINT ( 'NONE',  ( 18.74677709279074023, -42.24886427047256632, -1.595882467124299930 ) ) ;
#6715 = CARTESIAN_POINT ( 'NONE',  ( -0.07689803140795321845, -9.999999999999982236, -56.23454071742327187 ) ) ;
#6716 = CARTESIAN_POINT ( 'NONE',  ( 0.4875835940438230098, -6.042206017374079252, -58.61996200337879515 ) ) ;
#6717 = ORIENTED_EDGE ( 'NONE', *, *, #3103, .F. ) ;
#6718 = CARTESIAN_POINT ( 'NONE',  ( -7.343948989041109598, -41.69036013678054786, -9.180062146499889053 ) ) ;
#6719 = CARTESIAN_POINT ( 'NONE',  ( 7.513271913362731702, -37.96233473024536664, -4.955008019732145996 ) ) ;
#6720 = CARTESIAN_POINT ( 'NONE',  ( -22.00000000000000000, -30.95840211499900008, -36.44720368503895003 ) ) ;
#6721 =( BOUNDED_CURVE ( )  B_SPLINE_CURVE ( 3, ( #2092, #4424, #6758, #3851 ),
 .UNSPECIFIED., .F., .F. ) 
 B_SPLINE_CURVE_WITH_KNOTS ( ( 4, 4 ),
 ( 0.2330229151089516781, 0.2630897960627799348 ),
 .UNSPECIFIED. ) 
 CURVE ( )  GEOMETRIC_REPRESENTATION_ITEM ( )  RATIONAL_B_SPLINE_CURVE ( ( 0.7765138881925489622, 0.8400574205436610598, 0.9145527911461447390, 1.000000000000000000 ) ) 
 REPRESENTATION_ITEM ( '' )  );
#6722 = CARTESIAN_POINT ( 'NONE',  ( 170.1723395384229889, -6.042206017369096571, 52.62984524453858626 ) ) ;
#6723 =( BOUNDED_SURFACE ( )  B_SPLINE_SURFACE ( 2, 3, ( 
 ( #1685, #7563, #6352, #459 ),
 ( #1616, #498, #3944, #1188 ),
 ( #1111, #3481, #2329, #6279 ) ),
 .UNSPECIFIED., .F., .F., .F. ) 
 B_SPLINE_SURFACE_WITH_KNOTS ( ( 3, 3 ),
 ( 4, 4 ),
 ( 0.001208225356013006022, 0.7334610202777239740 ),
 ( 0.000000000000000000, 1.000000000000000000 ),
 .UNSPECIFIED. ) 
 GEOMETRIC_REPRESENTATION_ITEM ( )  RATIONAL_B_SPLINE_SURFACE ( (
 ( 1.000000000000000000, 0.3333333333333335369, 0.3333333333333335369, 1.000000000000000000),
 ( 1.000000000000000000, 0.3333333333333335369, 0.3333333333333335369, 1.000000000000000000),
 ( 1.000000000000000000, 0.3333333333333335369, 0.3333333333333335369, 1.000000000000000000) ) ) 
 REPRESENTATION_ITEM ( '' )  SURFACE ( )  );
#6724 = CARTESIAN_POINT ( 'NONE',  ( 9.302258724331567308, -16.65789200924616509, -46.37397113846815699 ) ) ;
#6725 = AXIS2_PLACEMENT_3D ( 'NONE', #5296, #1773, #3379 ) ;
#6726 = CARTESIAN_POINT ( 'NONE',  ( -3.388692166344748902, -41.58424815192159940, -8.337710328746807065 ) ) ;
#6727 = CARTESIAN_POINT ( 'NONE',  ( -3.328887282560898608, -36.79920230329032194, 12.51040002826490927 ) ) ;
#6728 = ORIENTED_EDGE ( 'NONE', *, *, #2448, .F. ) ;
#6729 = DIRECTION ( 'NONE',  ( -1.334604752262063986E-16, -1.000000000000000000, 0.000000000000000000 ) ) ;
#6730 = CARTESIAN_POINT ( 'NONE',  ( -18.00000000000000000, -38.07987890887378768, 5.903459731060230808 ) ) ;
#6731 = CARTESIAN_POINT ( 'NONE',  ( 13.68225210079822141, -24.95057766197672322, 37.83960525419944787 ) ) ;
#6732 = CARTESIAN_POINT ( 'NONE',  ( 9.180001134563450904, -42.32169833816494986, -0.2041530533066729935 ) ) ;
#6733 = CARTESIAN_POINT ( 'NONE',  ( 7.807176888454066876, -42.02380459547978120, -4.516151283088556845 ) ) ;
#6734 = CARTESIAN_POINT ( 'NONE',  ( -3.672006245935335311, -41.88114297891964810, 1.124021774164245979 ) ) ;
#6735 = B_SPLINE_CURVE_WITH_KNOTS ( 'NONE', 3,
 ( #1483, #902, #255, #6184, #3808, #6147, #6075, #827, #2661, #4999, #3165, #7320, #937, #6752, #7355, #6896, #1555, #2768 ),
 .UNSPECIFIED., .F., .F.,
 ( 4, 2, 2, 2, 2, 2, 2, 2, 4 ),
 ( 0.000000000000000000, 0.1250000000000000278, 0.2500000000000000555, 0.3750000000000001110, 0.5000000000000001110, 0.6250000000000001110, 0.7500000000000002220, 0.8750000000000002220, 1.000000000000000000 ),
 .UNSPECIFIED. ) ;
#6736 = ORIENTED_EDGE ( 'NONE', *, *, #4826, .F. ) ;
#6737 = CARTESIAN_POINT ( 'NONE',  ( 129.8713630088620050, -6.042206017375242766, 94.50993515245195908 ) ) ;
#6738 = CARTESIAN_POINT ( 'NONE',  ( -12.69257573279303131, -6.042206017373010773, -50.16455915774985641 ) ) ;
#6739 = CARTESIAN_POINT ( 'NONE',  ( 0.000000000000000000, -70.00000000000000000, 0.000000000000000000 ) ) ;
#6740 = CARTESIAN_POINT ( 'NONE',  ( -9.000000000000007105, -38.30657225404110733, 0.04900846249693994322 ) ) ;
#6741 = CARTESIAN_POINT ( 'NONE',  ( 8.091148235391793619, -20.19106928975727300, 48.58309137121639765 ) ) ;
#6742 = CARTESIAN_POINT ( 'NONE',  ( -7.807176888603956755, -42.02380459549892322, 4.516151282906873732 ) ) ;
#6743 = CARTESIAN_POINT ( 'NONE',  ( 13.15949949251191953, -37.58412590509600193, 8.970993739684610446 ) ) ;
#6744 = CARTESIAN_POINT ( 'NONE',  ( 69.65872081913029490, -58.93658393131480011, -0.3529821357756435241 ) ) ;
#6745 = ORIENTED_EDGE ( 'NONE', *, *, #6755, .F. ) ;
#6746 = CARTESIAN_POINT ( 'NONE',  ( -10.78209105369902154, -38.30785244987981031, 0.08148052098807902210 ) ) ;
#6747 = EDGE_CURVE ( 'NONE', #1136, #2715, #2694, .T. ) ;
#6748 = CARTESIAN_POINT ( 'NONE',  ( -8.426242989022664887, -42.13279135668466324, 3.175857478252377408 ) ) ;
#6749 = CARTESIAN_POINT ( 'NONE',  ( -4.274604981097037459, -37.60200659673469659, 7.941648755243618574 ) ) ;
#6750 = CARTESIAN_POINT ( 'NONE',  ( 18.66164005396473513, -42.14678255666540707, -3.180555106742801730 ) ) ;
#6751 = CARTESIAN_POINT ( 'NONE',  ( 5.508011546535679592, -41.96222113973674794, -2.077924125155405033 ) ) ;
#6752 = CARTESIAN_POINT ( 'NONE',  ( -10.36228150911853518, -38.31026286157670313, 8.031521729330222570 ) ) ;
#6753 = VERTEX_POINT ( 'NONE', #5332 ) ;
#6754 = CARTESIAN_POINT ( 'NONE',  ( 8.999999999999991118, -38.30840103693655863, -1.888183232402019824E-14 ) ) ;
#6755 = EDGE_CURVE ( 'NONE', #2136, #3686, #582, .T. ) ;
#6756 = CARTESIAN_POINT ( 'NONE',  ( -8.181789602757898905, -38.07419820199009308, -3.750066023180354868 ) ) ;
#6757 = CARTESIAN_POINT ( 'NONE',  ( -12.96219257734862573, -38.25488057632153982, 1.141036768093329323 ) ) ;
#6758 = CARTESIAN_POINT ( 'NONE',  ( 190.4059769341171489, -6.042206017172766508, 9.717340014895471612 ) ) ;
#6759 = CARTESIAN_POINT ( 'NONE',  ( 3.493117819994915330, -6.042206017371507976, -53.98290812280588824 ) ) ;
#6760 = CARTESIAN_POINT ( 'NONE',  ( -7.464917934760350704, -41.97442212755775159, -5.027549424958026592 ) ) ;
#6761 = CARTESIAN_POINT ( 'NONE',  ( -12.12958952756172337, -37.99508265654171879, 4.632112951774709053 ) ) ;
#6762 = ORIENTED_EDGE ( 'NONE', *, *, #6755, .T. ) ;
#6763 = CARTESIAN_POINT ( 'NONE',  ( -5.508011546535709790, -41.96222113922765118, 2.077924125155400148 ) ) ;
#6764 = CARTESIAN_POINT ( 'NONE',  ( 159.5718911911922078, -33.22972007004717909, -146.3437823823845179 ) ) ;
#6765 = SURFACE_STYLE_FILL_AREA ( #916 ) ;
#6766 = ORIENTED_EDGE ( 'NONE', *, *, #5489, .F. ) ;
#6767 = CARTESIAN_POINT ( 'NONE',  ( -5.507996594094088927, -41.96905090737419641, -0.6129494072930899984 ) ) ;
#6768 = CARTESIAN_POINT ( 'NONE',  ( 1.465300673776869456, -41.50582460322486611, -8.884868985825663756 ) ) ;
#6769 = CARTESIAN_POINT ( 'NONE',  ( 9.180001134563450904, -42.32169833816494986, -0.2041530533066729935 ) ) ;
#6770 = VECTOR ( 'NONE', #6600, 1000.000000000000000 ) ;
#6771 = EDGE_LOOP ( 'NONE', ( #2624, #2319, #2280, #4991 ) ) ;
#6772 = CARTESIAN_POINT ( 'NONE',  ( 135.6428090766987395, -6.042206017375246319, 91.63537522120904555 ) ) ;
#6773 = DIRECTION ( 'NONE',  ( -1.000000000000000000, 1.375504646362802246E-16, 0.000000000000000000 ) ) ;
#6774 = DIRECTION ( 'NONE',  ( -1.000000000000000000, 0.000000000000000000, 0.000000000000000000 ) ) ;
#6775 = CARTESIAN_POINT ( 'NONE',  ( 4.541223607308731758, -37.62230263969957633, 7.792687618485544476 ) ) ;
#6776 = AXIS2_PLACEMENT_3D ( 'NONE', #2399, #7557, #4652 ) ;
#6777 = CARTESIAN_POINT ( 'NONE',  ( -10.30595923142393211, -37.60233440889209788, 7.935305991749446619 ) ) ;
#6778 = AXIS2_PLACEMENT_3D ( 'NONE', #3257, #847, #6773 ) ;
#6779 = CARTESIAN_POINT ( 'NONE',  ( 4.506784864543766922, -41.65634212276626869, -7.812882691541918945 ) ) ;
#6780 = DIRECTION ( 'NONE',  ( 0.000000000000000000, 1.000000000000000000, 0.000000000000000000 ) ) ;
#6781 = DIRECTION ( 'NONE',  ( 0.000000000000000000, -1.000000000000000000, 0.000000000000000000 ) ) ;
#6782 = EDGE_LOOP ( 'NONE', ( #2491, #7532, #1213, #6339, #119, #7554, #3229, #5832, #267, #5971 ) ) ;
#6783 = CARTESIAN_POINT ( 'NONE',  ( 12.98489224026337041, -38.31026286157674576, 1.719125281388177662 ) ) ;
#6784 = CARTESIAN_POINT ( 'NONE',  ( -9.000000000000000000, -42.30756013076910449, -3.141681964310334650E-15 ) ) ;
#6785 = CARTESIAN_POINT ( 'NONE',  ( 8.461038976107630560, -38.12914739840092437, -3.068689057082254035 ) ) ;
#6786 = CARTESIAN_POINT ( 'NONE',  ( 5.994413418499281221, -16.24329923555281141, -51.85704710900337489 ) ) ;
#6787 = CARTESIAN_POINT ( 'NONE',  ( 9.180011546478818119, -42.24575990172670004, -2.077903720864759940 ) ) ;
#6788 = EDGE_CURVE ( 'NONE', #3383, #5275, #2954, .T. ) ;
#6789 = CARTESIAN_POINT ( 'NONE',  ( 19.07334698233634995, -6.042206017373970006, -58.61996200337829777 ) ) ;
#6790 = VERTEX_POINT ( 'NONE', #83 ) ;
#6791 = CARTESIAN_POINT ( 'NONE',  ( 9.180051010703000003, -41.81642451497099700, -9.179970327191989909 ) ) ;
#6792 = CARTESIAN_POINT ( 'NONE',  ( 2.309511153573090336, -37.48662622731936978, -8.718593715970664348 ) ) ;
#6793 = FACE_OUTER_BOUND ( 'NONE', #4576, .T. ) ;
#6794 = CARTESIAN_POINT ( 'NONE',  ( -1.534342775996960340, -6.042206017373014326, -58.61996200337880225 ) ) ;
#6795 = CARTESIAN_POINT ( 'NONE',  ( 19.39529427382023030, -37.09829440406655010, 11.31294689175882695 ) ) ;
#6796 = ADVANCED_FACE ( 'NONE', ( #4595 ), #7033, .F. ) ;
#6797 = CARTESIAN_POINT ( 'NONE',  ( -8.305570218307263275, -42.11023774453612845, -3.466685456786355424 ) ) ;
#6798 = CARTESIAN_POINT ( 'NONE',  ( 5.123577622632298656, -41.70919107195242503, -7.400739828453536617 ) ) ;
#6799 = ORIENTED_EDGE ( 'NONE', *, *, #4587, .F. ) ;
#6800 = CARTESIAN_POINT ( 'NONE',  ( 5.507961991631749932, -41.74730526035120448, 6.840082897062740308 ) ) ;
#6801 = EDGE_CURVE ( 'NONE', #3033, #3346, #1657, .T. ) ;
#6802 =( NAMED_UNIT ( * ) PLANE_ANGLE_UNIT ( ) SI_UNIT ( $, .RADIAN. ) );
#6803 = B_SPLINE_CURVE_WITH_KNOTS ( 'NONE', 3,
 ( #872, #1488, #5079, #3206, #7361, #1524, #2129, #4462, #3314 ),
 .UNSPECIFIED., .F., .F.,
 ( 4, 1, 2, 2, 4 ),
 ( 0.8851789389210671377, 0.9138842041908002978, 0.9282368368256669333, 0.9425894694605335689, 1.000000000000000000 ),
 .UNSPECIFIED. ) ;
#6804 = CARTESIAN_POINT ( 'NONE',  ( 5.507999999914679812, -41.99430005132509791, 3.060643596046600169E-05 ) ) ;
#6805 = CARTESIAN_POINT ( 'NONE',  ( -1.181004411122320352, -41.49750405887189686, -8.941786056830435925 ) ) ;
#6806 = PRESENTATION_LAYER_ASSIGNMENT (  '', '', ( #3505 ) ) ;
#6807 = CARTESIAN_POINT ( 'NONE',  ( 9.179998297799379259, -42.31469511203059852, 0.3063571067765190059 ) ) ;
#6808 = ORIENTED_EDGE ( 'NONE', *, *, #7522, .T. ) ;
#6809 = CARTESIAN_POINT ( 'NONE',  ( -6.571011843847064604, -41.85747919981690046, 6.157044320133352677 ) ) ;
#6810 = CARTESIAN_POINT ( 'NONE',  ( -71.46669839058749574, -2.694804011583431969, 137.9613978004090882 ) ) ;
#6811 = DIRECTION ( 'NONE',  ( 0.000000000000000000, 0.000000000000000000, 1.000000000000000000 ) ) ;
#6812 = FACE_OUTER_BOUND ( 'NONE', #1988, .T. ) ;
#6813 = CARTESIAN_POINT ( 'NONE',  ( 99.14499999999999602, -63.39640923772800818, 1.544179419989875053E-15 ) ) ;
#6814 = DIRECTION ( 'NONE',  ( 5.328079247643051376E-15, 0.000000000000000000, 1.000000000000000000 ) ) ;
#6815 = CARTESIAN_POINT ( 'NONE',  ( 3.419772135426971005, -38.31026286157672445, 12.65651523543035140 ) ) ;
#6816 = CARTESIAN_POINT ( 'NONE',  ( -22.00000000000000000, -42.30756013076910449, -5.181181809388050601E-15 ) ) ;
#6817 = ORIENTED_EDGE ( 'NONE', *, *, #7164, .T. ) ;
#6818 = CARTESIAN_POINT ( 'NONE',  ( -6.767742639654152015, -41.88174151030648318, 5.940013311160452503 ) ) ;
#6819 = CARTESIAN_POINT ( 'NONE',  ( 19.07334698233634995, -42.30756013076910449, -5.181181809388050601E-15 ) ) ;
#6820 = CARTESIAN_POINT ( 'NONE',  ( 8.377898039195605051, -38.11210365307605485, -3.288217028859313995 ) ) ;
#6821 = CARTESIAN_POINT ( 'NONE',  ( 9.171511736795515901, -22.25022860698778970, -46.68748592278011245 ) ) ;
#6822 = CARTESIAN_POINT ( 'NONE',  ( -9.179994890275040120, -42.29213543396684827, -0.9195825163909380207 ) ) ;
#6823 = AXIS2_PLACEMENT_3D ( 'NONE', #4055, #35, #5132 ) ;
#6824 = CARTESIAN_POINT ( 'NONE',  ( 191.2208664832945999, -4.983198181002492788, -209.6417329665892453 ) ) ;
#6825 = EDGE_LOOP ( 'NONE', ( #2478, #3176, #4954, #5878 ) ) ;
#6826 = CARTESIAN_POINT ( 'NONE',  ( 86.40000000000000568, -64.66763823405520384, 0.000000000000000000 ) ) ;
#6827 = AXIS2_PLACEMENT_3D ( 'NONE', #5964, #3047, #6006 ) ;
#6828 = CARTESIAN_POINT ( 'NONE',  ( 3.970490675334408248, -37.58124225853951828, -8.078075929719163994 ) ) ;
#6829 = CARTESIAN_POINT ( 'NONE',  ( 54.88684423297739556, -56.13001623236050364, -7.718497068223229677E-15 ) ) ;
#6830 = CARTESIAN_POINT ( 'NONE',  ( 179.8382392356312494, -6.042206017375277405, 56.50214150462254281 ) ) ;
#6831 = CARTESIAN_POINT ( 'NONE',  ( 75.33822533030514990, -63.39640923772801528, 6.385213237659632668 ) ) ;
#6832 = CARTESIAN_POINT ( 'NONE',  ( 5.594285808507346580, -41.75277436457228930, -7.051770067665954045 ) ) ;
#6833 = ORIENTED_EDGE ( 'NONE', *, *, #3648, .F. ) ;
#6834 = CARTESIAN_POINT ( 'NONE',  ( 7.343970490010160113, -41.94464159687049687, 5.310701536431549741 ) ) ;
#6835 = AXIS2_PLACEMENT_3D ( 'NONE', #2704, #1563, #4315 ) ;
#6836 = ADVANCED_FACE ( 'NONE', ( #3523 ), #5868, .F. ) ;
#6837 = ORIENTED_EDGE ( 'NONE', *, *, #7173, .T. ) ;
#6838 = CARTESIAN_POINT ( 'NONE',  ( 5.508016847164491026, -41.92984125661909900, -3.031836678291880194 ) ) ;
#6839 = CARTESIAN_POINT ( 'NONE',  ( 2.330465194269168094, -41.53308563738278281, -8.698098081270250859 ) ) ;
#6840 = CARTESIAN_POINT ( 'NONE',  ( 5.508001134620309713, -41.97551094644109781, -0.2041734575973165045 ) ) ;
#6841 = UNCERTAINTY_MEASURE_WITH_UNIT (LENGTH_MEASURE( 1.000000000000000082E-05 ), #6032, 'distance_accuracy_value', 'NONE');
#6842 = DIRECTION ( 'NONE',  ( 0.000000000000000000, 1.000000000000000000, 0.000000000000000000 ) ) ;
#6843 = DIRECTION ( 'NONE',  ( -0.000000000000000000, -1.000000000000000000, -0.000000000000000000 ) ) ;
#6844 = EDGE_CURVE ( 'NONE', #394, #4822, #1695, .T. ) ;
#6845 = CARTESIAN_POINT ( 'NONE',  ( -71.46669839058749574, 4.000000000000000000, 137.9613978004092019 ) ) ;
#6846 = CARTESIAN_POINT ( 'NONE',  ( 149.6614994673865908, -58.99259783589949535, 1.137326972296151752E-14 ) ) ;
#6847 = CARTESIAN_POINT ( 'NONE',  ( -8.922793555637955620, -38.24570457227180498, 1.314868847617154390 ) ) ;
#6848 = CARTESIAN_POINT ( 'NONE',  ( 86.40000000000000568, -58.25464714294840007, 0.000000000000000000 ) ) ;
#6849 = LINE ( 'NONE', #7378, #2369 ) ;
#6850 = CARTESIAN_POINT ( 'NONE',  ( 20.13201909064075323, -38.30748449334875261, -0.07350728171799569832 ) ) ;
#6851 = CARTESIAN_POINT ( 'NONE',  ( -12.99864817594080080, -38.30611261494834707, 0.03755347317486755487 ) ) ;
#6852 = VERTEX_POINT ( 'NONE', #3452 ) ;
#6853 = CARTESIAN_POINT ( 'NONE',  ( 3.890710471991271291, -41.61503422600382152, 8.116499888750002611 ) ) ;
#6854 = CARTESIAN_POINT ( 'NONE',  ( -8.085807884026456449, -42.06940834325104817, 3.996304141320123904 ) ) ;
#6855 = CARTESIAN_POINT ( 'NONE',  ( 7.153980023177566316, -37.90858340369422308, -5.468781060869781996 ) ) ;
#6856 = CARTESIAN_POINT ( 'NONE',  ( 8.028433466855391387, -20.07211978872926039, -48.68846266292237601 ) ) ;
#6857 = CARTESIAN_POINT ( 'NONE',  ( -3.671970490067059778, -41.75190379149490383, -5.310681132140909533 ) ) ;
#6858 = CARTESIAN_POINT ( 'NONE',  ( -18.42086648329454945, -4.983198181002459926, -2.567370772452374894E-14 ) ) ;
#6859 = ORIENTED_EDGE ( 'NONE', *, *, #6280, .T. ) ;
#6860 = CARTESIAN_POINT ( 'NONE',  ( 185.3328331859800073, -6.042206017369109006, 4.163336342344334502E-14 ) ) ;
#6861 = CARTESIAN_POINT ( 'NONE',  ( -8.031879747376766687, -38.04697129671547629, -4.063330371585688994 ) ) ;
#6862 = CARTESIAN_POINT ( 'NONE',  ( -22.00000000000000000, -6.042206018788409239, -58.61996200095899212 ) ) ;
#6863 = CARTESIAN_POINT ( 'NONE',  ( -8.967638930286398136, -42.27643061163391280, 0.7627557799411502915 ) ) ;
#6864 = CARTESIAN_POINT ( 'NONE',  ( 4.189535021202326348, -36.85455589181348302, 12.24415785418667824 ) ) ;
#6865 = CARTESIAN_POINT ( 'NONE',  ( 174.4169739717624736, -6.042206017373009885, 55.40988658030364888 ) ) ;
#6866 = CARTESIAN_POINT ( 'NONE',  ( -3.724233451621308699, -41.60358024548096978, -8.198606948826055785 ) ) ;
#6867 = EDGE_LOOP ( 'NONE', ( #5983, #1138 ) ) ;
#6868 = CARTESIAN_POINT ( 'NONE',  ( 9.179994890275008146, -42.29213543392165064, 0.9195825163909309152 ) ) ;
#6869 = EDGE_CURVE ( 'NONE', #4409, #5531, #325, .T. ) ;
#6870 = CARTESIAN_POINT ( 'NONE',  ( 7.344021011355500228, -42.01819183936184743, -3.781228356492464915 ) ) ;
#6871 = CARTESIAN_POINT ( 'NONE',  ( 3.671970490067030024, -41.75190379147124986, 5.310681132140909533 ) ) ;
#6872 = CARTESIAN_POINT ( 'NONE',  ( -8.970275439481770974, -42.27742094235774317, -0.7438990238229632457 ) ) ;
#6873 = CARTESIAN_POINT ( 'NONE',  ( -1.702058459057765057E-06, -41.79055256047669786, 0.3063060960499109919 ) ) ;
#6874 = EDGE_CURVE ( 'NONE', #2986, #439, #232, .T. ) ;
#6875 = CARTESIAN_POINT ( 'NONE',  ( -71.46669839058749574, 10.00000000000000000, -131.7671940876994086 ) ) ;
#6876 = CARTESIAN_POINT ( 'NONE',  ( -18.00000000000000000, -34.34959553575265545, -21.81000826438560125 ) ) ;
#6877 = CARTESIAN_POINT ( 'NONE',  ( -9.000000000000000000, -42.30661100815940046, -7.297419675591090932E-16 ) ) ;
#6878 = DIRECTION ( 'NONE',  ( 1.000000000000000000, 0.000000000000000000, 0.000000000000000000 ) ) ;
#6879 = CARTESIAN_POINT ( 'NONE',  ( -9.000000000000000000, -42.30661100815940046, -7.355114230846949610E-16 ) ) ;
#6880 = CARTESIAN_POINT ( 'NONE',  ( 9.179948989012640226, -41.81641118679824842, 9.180072348645209601 ) ) ;
#6881 = CARTESIAN_POINT ( 'NONE',  ( -8.999599704002974931, -38.30661417470950880, 0.04897923152343841569 ) ) ;
#6882 = CARTESIAN_POINT ( 'NONE',  ( -8.075654161045234147, -42.06903673473557603, -3.983906477190528150 ) ) ;
#6883 = CARTESIAN_POINT ( 'NONE',  ( 86.40000000000000568, -64.66763823405520384, 0.000000000000000000 ) ) ;
#6884 = EDGE_CURVE ( 'NONE', #3764, #7260, #7485, .T. ) ;
#6885 = DIRECTION ( 'NONE',  ( 0.000000000000000000, 1.000000000000000000, 0.000000000000000000 ) ) ;
#6886 = ORIENTED_EDGE ( 'NONE', *, *, #5721, .T. ) ;
#6887 = CARTESIAN_POINT ( 'NONE',  ( 4.355001678827449929, -41.64736610676655459, 7.880533267180592105 ) ) ;
#6888 = CARTESIAN_POINT ( 'NONE',  ( 11.03215915006232173, -37.74287746611000927, 6.889811631293117244 ) ) ;
#6889 = CARTESIAN_POINT ( 'NONE',  ( 7.799661461090765080, -42.02413436593200657, 4.500334091399827763 ) ) ;
#6890 = VECTOR ( 'NONE', #2219, 1000.000000000000000 ) ;
#6891 = CARTESIAN_POINT ( 'NONE',  ( 8.333326205448914337, -38.10322323645911524, -3.399571966885269969 ) ) ;
#6892 = CARTESIAN_POINT ( 'NONE',  ( 86.40000000000000568, -58.25464714294840007, 0.000000000000000000 ) ) ;
#6893 = VECTOR ( 'NONE', #2787, 1000.000000000000000 ) ;
#6894 = CARTESIAN_POINT ( 'NONE',  ( 9.448712894483538349, -22.78238528800617146, -46.17081062163474314 ) ) ;
#6895 = CARTESIAN_POINT ( 'NONE',  ( 1.684724978767659944E-05, -41.75539727428019887, -3.031867284727844947 ) ) ;
#6896 = CARTESIAN_POINT ( 'NONE',  ( -12.64384698155560116, -38.31026286157669603, 3.466316902698125535 ) ) ;
#6897 = EDGE_LOOP ( 'NONE', ( #5809, #562 ) ) ;
#6898 = CARTESIAN_POINT ( 'NONE',  ( 128.8485295163892204, -33.22972007004630512, 73.62341040694580840 ) ) ;
#6899 = CARTESIAN_POINT ( 'NONE',  ( -6.306749556624057895, -37.79998789372339019, -6.420723727728525176 ) ) ;
#6900 = CARTESIAN_POINT ( 'NONE',  ( 103.1449999999999960, -58.93658393131480011, 2.050671065172235212E-15 ) ) ;
#6901 = CARTESIAN_POINT ( 'NONE',  ( -3.734525817598949970, -41.60490338840859437, 8.188870180634967966 ) ) ;
#6902 = CARTESIAN_POINT ( 'NONE',  ( 6.314727711776200181, -37.04207132722000040, 11.30076636471685703 ) ) ;
#6903 = CARTESIAN_POINT ( 'NONE',  ( 74.94522979413750363, -63.39640923772801528, 5.650122717646990367 ) ) ;
#6904 = CARTESIAN_POINT ( 'NONE',  ( -1.182004674193811056, -41.49755502533150775, -8.941581287491395358 ) ) ;
#6905 = ORIENTED_EDGE ( 'NONE', *, *, #6186, .F. ) ;
#6906 = CARTESIAN_POINT ( 'NONE',  ( -5.507998865209089878, -41.97550274093775613, -0.2042346704692465098 ) ) ;
#6907 = VERTEX_POINT ( 'NONE', #2755 ) ;
#6908 = CARTESIAN_POINT ( 'NONE',  ( 3.672021011412359925, -41.81617290948474874, -3.781248760783105123 ) ) ;
#6909 = CARTESIAN_POINT ( 'NONE',  ( -3.672046676600915216, -41.56765029200165174, 8.400011251197350148 ) ) ;
#6910 = CARTESIAN_POINT ( 'NONE',  ( 18.82837672200435364, -42.30756013076910449, -7.696413152913569585E-15 ) ) ;
#6911 = CARTESIAN_POINT ( 'NONE',  ( 7.344005109469069481, -42.10820935157229883, -0.9194906970830428738 ) ) ;
#6912 = FACE_OUTER_BOUND ( 'NONE', #2371, .T. ) ;
#6913 = FACE_OUTER_BOUND ( 'NONE', #6980, .T. ) ;
#6914 = CARTESIAN_POINT ( 'NONE',  ( -3.369731226593762230, -38.31026286157670313, 12.66993018226392032 ) ) ;
#6915 = CARTESIAN_POINT ( 'NONE',  ( -5.508051010759899668, -41.58978407742775119, 9.179990731482641664 ) ) ;
#6916 = CARTESIAN_POINT ( 'NONE',  ( -4.298939187949866181, -37.60531239463606568, 7.908375791371300423 ) ) ;
#6917 = CARTESIAN_POINT ( 'NONE',  ( 7.343953323228490149, -41.74792629672320032, 8.400072464069278766 ) ) ;
#6918 = CARTESIAN_POINT ( 'NONE',  ( -12.99864817594080080, -38.30611261494834707, 0.03755347317486755487 ) ) ;
#6919 = DIRECTION ( 'NONE',  ( -0.000000000000000000, -1.000000000000000000, -0.000000000000000000 ) ) ;
#6920 = CARTESIAN_POINT ( 'NONE',  ( 18.72938239621614898, -6.042206017375295168, -79.17330494556664178 ) ) ;
#6921 = CARTESIAN_POINT ( 'NONE',  ( -7.777299902437422752, -37.21594475496163312, 10.35765891607925582 ) ) ;
#6922 = ORIENTED_EDGE ( 'NONE', *, *, #568, .T. ) ;
#6923 = CARTESIAN_POINT ( 'NONE',  ( -7.442822666356942563, -41.97131873413263037, 5.060136295001607110 ) ) ;
#6924 = CARTESIAN_POINT ( 'NONE',  ( 3.379868194545487370, -36.78432933466405075, 12.58176381928294241 ) ) ;
#6925 = CARTESIAN_POINT ( 'NONE',  ( 8.711874415148006534, -42.19225098328497126, 2.335010056505213427 ) ) ;
#6926 = ADVANCED_FACE ( 'NONE', ( #3364 ), #5668, .T. ) ;
#6927 = CARTESIAN_POINT ( 'NONE',  ( 5.106027006640820431, -37.67386020377745126, -7.411489198565792691 ) ) ;
#6928 = CARTESIAN_POINT ( 'NONE',  ( 13.92987167658148273, -31.70815909257818888, -35.32619629075010437 ) ) ;
#6929 = CARTESIAN_POINT ( 'NONE',  ( -8.754092606669658494, -42.20569279255263240, -2.090651968283549600 ) ) ;
#6930 = CARTESIAN_POINT ( 'NONE',  ( -3.671953323285380044, -41.56764441687349887, -8.400052059778639446 ) ) ;
#6931 = CARTESIAN_POINT ( 'NONE',  ( -18.01342170862873715, -5.512702099187712257, -208.8268434172576917 ) ) ;
#6932 = VERTEX_POINT ( 'NONE', #4401 ) ;
#6933 = CARTESIAN_POINT ( 'NONE',  ( 40.04354083764201278, -50.78462308660629532, 26.08026258266927400 ) ) ;
#6934 = CARTESIAN_POINT ( 'NONE',  ( 159.5718911911922078, -33.22972007004717909, -146.3437823823845179 ) ) ;
#6935 = ADVANCED_FACE ( 'NONE', ( #4946 ), #7406, .T. ) ;
#6936 = CARTESIAN_POINT ( 'NONE',  ( -6.282442621485420098, -13.94371515320776034, -2.270065133871209932E-14 ) ) ;
#6937 = CARTESIAN_POINT ( 'NONE',  ( 2.950402708382934502, -41.56080007244996466, 8.505049559349330934 ) ) ;
#6938 = CARTESIAN_POINT ( 'NONE',  ( -9.715511820993953052, -37.50773578347171622, 8.577197596357629905 ) ) ;
#6939 = CARTESIAN_POINT ( 'NONE',  ( 88.06600992239066272, -63.39640923772800818, 12.66326252873770741 ) ) ;
#6940 = AXIS2_PLACEMENT_3D ( 'NONE', #1157, #3488, #5292 ) ;
#6941 = CARTESIAN_POINT ( 'NONE',  ( -7.799661461092315839, -42.02413436593524665, -4.500334091363988875 ) ) ;
#6942 = EDGE_LOOP ( 'NONE', ( #2955, #4962, #3642, #7469 ) ) ;
#6943 = CARTESIAN_POINT ( 'NONE',  ( 9.180001134563450904, -42.32169833816494986, -0.2041530533066729935 ) ) ;
#6944 = VERTEX_POINT ( 'NONE', #4984 ) ;
#6945 = CARTESIAN_POINT ( 'NONE',  ( 5.508006245906869935, -41.96795418442000170, -1.124011572018931870 ) ) ;
#6946 = CARTESIAN_POINT ( 'NONE',  ( 5.507953323256919553, -41.64573389331380326, 8.400062261923959994 ) ) ;
#6947 = CARTESIAN_POINT ( 'NONE',  ( 13.15949949251191953, -36.65699875535980112, 13.16961417038971938 ) ) ;
#6948 = CARTESIAN_POINT ( 'NONE',  ( -3.671983152693349961, -41.84321739110304605, -3.031887689018485155 ) ) ;
#6949 = DIRECTION ( 'NONE',  ( 0.000000000000000000, 0.000000000000000000, 1.000000000000000000 ) ) ;
#6950 = CARTESIAN_POINT ( 'NONE',  ( 20.34536719873065280, -38.31026286157670313, 0.1470188481355287902 ) ) ;
#6951 = DIRECTION ( 'NONE',  ( 0.000000000000000000, 1.000000000000000000, 0.000000000000000000 ) ) ;
#6952 = DIRECTION ( 'NONE',  ( 0.000000000000000000, 1.000000000000000000, 0.000000000000000000 ) ) ;
#6953 = CARTESIAN_POINT ( 'NONE',  ( 226.6457644257075117, 7.514718625761426019, -137.7671940876993801 ) ) ;
#6954 = CARTESIAN_POINT ( 'NONE',  ( 183.9642609141919820, -6.042206017375712612, 19.12989504551650910 ) ) ;
#6955 = FACE_OUTER_BOUND ( 'NONE', #5302, .T. ) ;
#6956 = ORIENTED_EDGE ( 'NONE', *, *, #19, .T. ) ;
#6957 = CARTESIAN_POINT ( 'NONE',  ( -6.570376906579605603, -41.85783767030063984, 6.157616899244479747 ) ) ;
#6958 = CARTESIAN_POINT ( 'NONE',  ( 4.406210229081611196, -13.28448410966177029, 54.03531555228485672 ) ) ;
#6959 = CARTESIAN_POINT ( 'NONE',  ( -5.747812694102960350E-15, -38.31026286157670313, 0.000000000000000000 ) ) ;
#6960 = CARTESIAN_POINT ( 'NONE',  ( 18.74730392420045888, -42.24924322835657620, 1.585578976556347719 ) ) ;
#6961 = B_SPLINE_CURVE_WITH_KNOTS ( 'NONE', 3,
 ( #4364, #6810, #3827, #6242 ),
 .UNSPECIFIED., .F., .F.,
 ( 4, 4 ),
 ( 0.000000000000000000, 0.6259866010010431969 ),
 .UNSPECIFIED. ) ;
#6962 = SURFACE_STYLE_FILL_AREA ( #3527 ) ;
#6963 = CARTESIAN_POINT ( 'NONE',  ( 6.531985377273286097, -38.31026286157675287, 11.30178246152879851 ) ) ;
#6964 = CARTESIAN_POINT ( 'NONE',  ( -8.813593525805190509, -42.22160483215103000, -1.822321087760901959 ) ) ;
#6965 = CARTESIAN_POINT ( 'NONE',  ( 14.32664066837046768, -26.21705898800211187, 36.20710168978839505 ) ) ;
#6966 = CARTESIAN_POINT ( 'NONE',  ( 58.86713063101178278, -50.78462308660629532, 45.50870803222804284 ) ) ;
#6967 = ADVANCED_FACE ( 'NONE', ( #5634 ), #2069, .F. ) ;
#6968 = VERTEX_POINT ( 'NONE', #886 ) ;
#6969 = CARTESIAN_POINT ( 'NONE',  ( 85.84362670746759250, -47.26221975847409595, 52.78134362686709835 ) ) ;
#6970 = CARTESIAN_POINT ( 'NONE',  ( 86.40000000000000568, -58.25464714294840007, 0.000000000000000000 ) ) ;
#6971 = CARTESIAN_POINT ( 'NONE',  ( 179.0824426214855123, -13.94371515320779942, 1.135032566935603862E-14 ) ) ;
#6972 = CARTESIAN_POINT ( 'NONE',  ( -3.543743181146361554, -41.59324972183241442, 8.273066970315452906 ) ) ;
#6973 = CARTESIAN_POINT ( 'NONE',  ( -5.703847596417389809, -36.97913712863986291, 11.62644589431858044 ) ) ;
#6974 = CARTESIAN_POINT ( 'NONE',  ( 76.26761425210303003, -63.39640923772801528, 7.776272002010028217 ) ) ;
#6975 = CLOSED_SHELL ( 'NONE', ( #3658, #4267, #2072, #2581, #1148, #6559, #5450, #2541, #4402, #1133, #7538, #6703, #6796, #5161, #6341, #2845, #6523, #2354, #5361, #5215, #4930, #2769, #4496, #7212, #1183, #5629, #6569, #4836, #7301 ) ) ;
#6976 = FACE_OUTER_BOUND ( 'NONE', #4536, .T. ) ;
#6977 = ADVANCED_FACE ( 'NONE', ( #3258 ), #6276, .F. ) ;
#6978 = ORIENTED_EDGE ( 'NONE', *, *, #6186, .T. ) ;
#6979 = CARTESIAN_POINT ( 'NONE',  ( 3.671993753950935080, -41.88114169236509809, 1.124062582745533945 ) ) ;
#6980 = EDGE_LOOP ( 'NONE', ( #3503, #590 ) ) ;
#6981 = EDGE_CURVE ( 'NONE', #6907, #366, #421, .T. ) ;
#6982 = CARTESIAN_POINT ( 'NONE',  ( 7.344006245878440531, -42.10689846338710396, -1.124001369873609990 ) ) ;
#6983 = CARTESIAN_POINT ( 'NONE',  ( 3.671983152693320207, -41.84321739123220141, 3.031887689018485155 ) ) ;
#6984 = CYLINDRICAL_SURFACE ( 'NONE', #6776, 9.000000000000000000 ) ;
#6985 = CARTESIAN_POINT ( 'NONE',  ( 3.672011546564115214, -41.86434211346455214, -2.077934327300730022 ) ) ;
#6986 = CARTESIAN_POINT ( 'NONE',  ( 4.885954804186503964, -41.68881359040706513, 7.559695977302195224 ) ) ;
#6987 = LINE ( 'NONE', #3439, #6893 ) ;
#6988 = DIRECTION ( 'NONE',  ( 1.000000000000000000, 0.000000000000000000, 0.000000000000000000 ) ) ;
#6989 = LINE ( 'NONE', #1072, #7488 ) ;
#6990 = CARTESIAN_POINT ( 'NONE',  ( 5.507948989069509693, -41.58977544985609853, 9.180051944354570281 ) ) ;
#6991 = CARTESIAN_POINT ( 'NONE',  ( -5.747812694102960350E-15, -38.31026286157670313, 0.000000000000000000 ) ) ;
#6992 = CARTESIAN_POINT ( 'NONE',  ( 7.633369739316148816, -13.58465535097095689, -48.86615292550742851 ) ) ;
#6993 = FACE_OUTER_BOUND ( 'NONE', #1886, .T. ) ;
#6994 = VERTEX_POINT ( 'NONE', #4365 ) ;
#6995 = FACE_OUTER_BOUND ( 'NONE', #5110, .T. ) ;
#6996 = CARTESIAN_POINT ( 'NONE',  ( 10.04802585064162912, -23.93861436882402671, 45.00959149649884239 ) ) ;
#6997 = CARTESIAN_POINT ( 'NONE',  ( 4.358700766103742019, -13.19626143887650649, -54.09730219766908021 ) ) ;
#6998 = EDGE_LOOP ( 'NONE', ( #7101, #4753, #702, #4981, #5684 ) ) ;
#6999 = CARTESIAN_POINT ( 'NONE',  ( 226.6457644257074833, -70.00000000000000000, -137.7671940876994086 ) ) ;
#7000 = CARTESIAN_POINT ( 'NONE',  ( 73.65500000000000114, -58.25464714294840007, 2.673877255218193873E-14 ) ) ;
#7001 = CARTESIAN_POINT ( 'NONE',  ( 12.98489224026337041, -38.31026286157674576, 1.719125281388177662 ) ) ;
#7002 = CARTESIAN_POINT ( 'NONE',  ( 96.00353246447548372, -63.39640923772801528, -8.420568338127111474 ) ) ;
#7003 = CARTESIAN_POINT ( 'NONE',  ( -7.343948989041109598, -41.69036013678054786, -9.180062146499889053 ) ) ;
#7004 = CARTESIAN_POINT ( 'NONE',  ( 19.11483119594132063, -38.48506133258115369, 37.85480819799125385 ) ) ;
#7005 = VERTEX_POINT ( 'NONE', #924 ) ;
#7006 = CARTESIAN_POINT ( 'NONE',  ( 159.5718911911935436, -33.22972007004630512, 43.22219982320987697 ) ) ;
#7007 = CARTESIAN_POINT ( 'NONE',  ( 13.22810880880770590, -33.22972007004717909, -146.3437823823845179 ) ) ;
#7008 = CARTESIAN_POINT ( 'NONE',  ( 2.917416109680905034, -37.51414491491735959, 8.536182637291371833 ) ) ;
#7009 = CARTESIAN_POINT ( 'NONE',  ( -8.871598842480118208, -42.23864573056220451, 1.517930283947784176 ) ) ;
#7010 = CARTESIAN_POINT ( 'NONE',  ( -8.832242994071267006, -37.36521683838306274, 9.485224898883176436 ) ) ;
#7011 = CARTESIAN_POINT ( 'NONE',  ( -12.55519236721481491, -38.10438435674471691, 3.398350309474818420 ) ) ;
#7012 = CARTESIAN_POINT ( 'NONE',  ( 8.199189597880087277, -42.09044494601119624, -3.723007112477722202 ) ) ;
#7013 = VECTOR ( 'NONE', #6115, 1000.000000000000000 ) ;
#7014 = EDGE_LOOP ( 'NONE', ( #3932, #5089, #6664, #2780 ) ) ;
#7015 = CARTESIAN_POINT ( 'NONE',  ( 5.507994890331870508, -41.97116850234994700, 0.9195621121002880427 ) ) ;
#7016 = ORIENTED_EDGE ( 'NONE', *, *, #1224, .T. ) ;
#7017 = EDGE_CURVE ( 'NONE', #1052, #3184, #1601, .T. ) ;
#7018 = CIRCLE ( 'NONE', #4346, 12.74499999999999922 ) ;
#7019 = CARTESIAN_POINT ( 'NONE',  ( 20.13201909064075323, -38.30748449334875261, -0.07350728171799569832 ) ) ;
#7020 = CARTESIAN_POINT ( 'NONE',  ( -7.344042342356639885, -41.80212089884035720, 7.620001164476099653 ) ) ;
#7021 = CARTESIAN_POINT ( 'NONE',  ( 185.3328331862115022, -6.042206017076496849, -104.6569119126249774 ) ) ;
#7022 = CARTESIAN_POINT ( 'NONE',  ( -9.179953323200081172, -41.87591202997710127, -8.400082666214601090 ) ) ;
#7023 = CARTESIAN_POINT ( 'NONE',  ( -1.901921713186200069, -41.51854192446673153, 8.797994893847340236 ) ) ;
#7024 = DIRECTION ( 'NONE',  ( 0.000000000000000000, 0.000000000000000000, 1.000000000000000000 ) ) ;
#7025 = CARTESIAN_POINT ( 'NONE',  ( -9.736987985014186719, -37.50193715905653136, 8.616208778883120090 ) ) ;
#7026 = CARTESIAN_POINT ( 'NONE',  ( 7.343970490010160113, -41.94464159687049687, 5.310701536431549741 ) ) ;
#7027 = CARTESIAN_POINT ( 'NONE',  ( -17.60597693396296748, -6.042206017372975246, -208.0119538679261098 ) ) ;
#7028 = CARTESIAN_POINT ( 'NONE',  ( -9.180042342328199823, -41.93205553898625482, 7.619990962330779105 ) ) ;
#7029 = DIRECTION ( 'NONE',  ( -1.500332356076764948E-16, -1.000000000000000000, 0.000000000000000000 ) ) ;
#7030 = ORIENTED_EDGE ( 'NONE', *, *, #4874, .T. ) ;
#7031 = CARTESIAN_POINT ( 'NONE',  ( -8.820968848493269121, -42.22367418542513917, 1.786291294984002409 ) ) ;
#7032 = CARTESIAN_POINT ( 'NONE',  ( 11.17663039411293013, -26.14165704345287011, 42.62613938843016115 ) ) ;
#7033 = CYLINDRICAL_SURFACE ( 'NONE', #6462, 13.00000000000000000 ) ;
#7034 = ORIENTED_EDGE ( 'NONE', *, *, #7477, .T. ) ;
#7035 = CARTESIAN_POINT ( 'NONE',  ( -8.181789602757898905, -38.07419820199009308, -3.750066023180354868 ) ) ;
#7036 = LINE ( 'NONE', #623, #3057 ) ;
#7037 = CYLINDRICAL_SURFACE ( 'NONE', #614, 16.74499999999999744 ) ;
#7038 = CARTESIAN_POINT ( 'NONE',  ( 99.14499999999999602, -63.39640923772800818, 1.544179419989875053E-15 ) ) ;
#7039 = CARTESIAN_POINT ( 'NONE',  ( 4.716710544639084901, -8.263542936146565765, 52.64180487303515577 ) ) ;
#7040 = AXIS2_PLACEMENT_3D ( 'NONE', #2665, #5580, #5544 ) ;
#7041 = CARTESIAN_POINT ( 'NONE',  ( 117.9131557670228716, -56.13001623236041127, 18.61463320748681838 ) ) ;
#7042 = ORIENTED_EDGE ( 'NONE', *, *, #5301, .T. ) ;
#7043 = CARTESIAN_POINT ( 'NONE',  ( 12.92393357418750632, -29.63385812289489607, -38.31588787706387222 ) ) ;
#7044 = LINE ( 'NONE', #3535, #4696 ) ;
#7045 = CARTESIAN_POINT ( 'NONE',  ( 3.584277760841799942, -37.55535467588953935, 8.255583776275649655 ) ) ;
#7046 = CARTESIAN_POINT ( 'NONE',  ( 0.5681184685285930458, -41.48889475910895897, 8.999607810455598766 ) ) ;
#7047 = CARTESIAN_POINT ( 'NONE',  ( -18.01342170862875136, -5.512702099187750449, -5.984682371069239840E-15 ) ) ;
#7048 = DIRECTION ( 'NONE',  ( 0.000000000000000000, 1.000000000000000000, 0.000000000000000000 ) ) ;
#7049 = CARTESIAN_POINT ( 'NONE',  ( -9.000000000000000000, -42.30756013076910449, -3.141681964310334650E-15 ) ) ;
#7050 = ORIENTED_EDGE ( 'NONE', *, *, #3896, .T. ) ;
#7051 = CARTESIAN_POINT ( 'NONE',  ( -3.671993753950965278, -41.88114169208939330, -1.124062582745539940 ) ) ;
#7052 = ORIENTED_EDGE ( 'NONE', *, *, #2920, .T. ) ;
#7053 = CARTESIAN_POINT ( 'NONE',  ( 8.199505439508453009, -14.62375297484915748, -48.05483550853269037 ) ) ;
#7054 = CARTESIAN_POINT ( 'NONE',  ( -7.343953323228519459, -41.74792629669014588, -8.400072464069278766 ) ) ;
#7055 = CARTESIAN_POINT ( 'NONE',  ( -5.508001134620349681, -41.97551094595849719, 0.2041734575973070120 ) ) ;
#7056 = CARTESIAN_POINT ( 'NONE',  ( -13.15518455823439936, -38.31026286157670313, -0.1470188481355378107 ) ) ;
#7057 = CARTESIAN_POINT ( 'NONE',  ( 7.052606389807837495, -6.042206017375285398, -67.46637184444303159 ) ) ;
#7058 = CARTESIAN_POINT ( 'NONE',  ( 3.672029509819210169, -41.75190828365010276, -5.310640323559619347 ) ) ;
#7059 =( GEOMETRIC_REPRESENTATION_CONTEXT ( 3 ) GLOBAL_UNCERTAINTY_ASSIGNED_CONTEXT ( ( #6841 ) ) GLOBAL_UNIT_ASSIGNED_CONTEXT ( ( #6032, #7123, #3157 ) ) REPRESENTATION_CONTEXT ( 'NONE', 'WORKASPACE' ) );
#7060 = EDGE_CURVE ( 'NONE', #6495, #3663, #5242, .T. ) ;
#7061 = CARTESIAN_POINT ( 'NONE',  ( 9.000028474184350813, -42.30708906031854610, 9.026024192389750094E-10 ) ) ;
#7062 = DIRECTION ( 'NONE',  ( -4.358035504719014162E-17, -1.000000000000000000, -8.999164821510849529E-17 ) ) ;
#7063 = CARTESIAN_POINT ( 'NONE',  ( 7.944453836214652398, -37.22335180715690228, 10.32464828258168943 ) ) ;
#7064 = CARTESIAN_POINT ( 'NONE',  ( -3.672021011412390123, -41.81617290905060003, 3.781248760783105123 ) ) ;
#7065 = AXIS2_PLACEMENT_3D ( 'NONE', #7292, #2055, #4385 ) ;
#7066 = CARTESIAN_POINT ( 'NONE',  ( 8.089594947696552296, -38.05545425815671479, 3.988094743213517646 ) ) ;
#7067 = CARTESIAN_POINT ( 'NONE',  ( 5.507961991631749932, -41.74730526035120448, 6.840082897062740308 ) ) ;
#7069 = ADVANCED_FACE ( 'NONE', ( #386 ), #3222, .T. ) ;
#7068 = CARTESIAN_POINT ( 'NONE',  ( 179.8382392356312494, -6.042206017373009885, 42.50214150462253571 ) ) ;
#7070 = B_SPLINE_CURVE_WITH_KNOTS ( 'NONE', 3,
 ( #6722, #2703, #3351, #5041 ),
 .UNSPECIFIED., .F., .F.,
 ( 4, 4 ),
 ( 0.000000000000000000, 0.005208215192949714779 ),
 .UNSPECIFIED. ) ;
#7071 = VERTEX_POINT ( 'NONE', #3941 ) ;
#7072 = CARTESIAN_POINT ( 'NONE',  ( -8.955543819222087976, -42.27031389737140898, 0.8934478613639690314 ) ) ;
#7073 = CARTESIAN_POINT ( 'NONE',  ( 13.96762797092427277, -31.78706611085720724, 35.20509970188638249 ) ) ;
#7074 = CARTESIAN_POINT ( 'NONE',  ( 13.12834954163002799, -30.05119097491506608, -37.74439025425412808 ) ) ;
#7075 = VERTEX_POINT ( 'NONE', #3905 ) ;
#7076 = CARTESIAN_POINT ( 'NONE',  ( -6.765163732734595037, -37.85696478903188478, -5.942973397217467202 ) ) ;
#7077 = VECTOR ( 'NONE', #6350, 1000.000000000000000 ) ;
#7078 = CARTESIAN_POINT ( 'NONE',  ( 159.5718911911924920, -33.22972007004714357, 8.960972233485210097E-15 ) ) ;
#7079 = CARTESIAN_POINT ( 'NONE',  ( -8.961785352877440047, -42.27331523743969655, -0.8303418617600347718 ) ) ;
#7080 = CARTESIAN_POINT ( 'NONE',  ( 9.180051010703000003, -41.81642451497099700, -9.179970327191989909 ) ) ;
#7081 = CARTESIAN_POINT ( 'NONE',  ( -12.99553091680051509, -38.31026187940302208, 0.0001336912975518972022 ) ) ;
#7082 = ORIENTED_EDGE ( 'NONE', *, *, #5460, .F. ) ;
#7083 = CARTESIAN_POINT ( 'NONE',  ( 86.22349912700521202, -58.93658393131480011, 16.74406976937894953 ) ) ;
#7084 = CARTESIAN_POINT ( 'NONE',  ( -12.69257573279303131, -6.042206017375272964, -50.16455915774985641 ) ) ;
#7085 = CARTESIAN_POINT ( 'NONE',  ( 8.105012306823567769, -38.05958557727462477, 3.923593680236267200 ) ) ;
#7086 = CARTESIAN_POINT ( 'NONE',  ( 8.949732875959234946, -42.26759792864955756, 0.9502031986710635092 ) ) ;
#7087 = CARTESIAN_POINT ( 'NONE',  ( 99.14500000000001023, -58.25464714294840007, -1.258898010333431831E-14 ) ) ;
#7088 = CARTESIAN_POINT ( 'NONE',  ( 171.6944912298132806, -9.999999999999996447, 53.88982645011238759 ) ) ;
#7089 = CARTESIAN_POINT ( 'NONE',  ( -71.46669839058749574, 10.00000000000000000, -137.7671940876994086 ) ) ;
#7090 = B_SPLINE_CURVE_WITH_KNOTS ( 'NONE', 3,
 ( #4164, #682, #3406, #4769, #538, #6500, #7140, #1257, #6538, #3584, #6010, #2258, #2436, #1688, #4021, #7099, #1870, #4201, #1298, #3622, #5969, #719, #3051, #5392, #144, #1491, #5006, #7365, #7223, #2058, #6616, #5044, #2133, #1451, #4895, #337, #7330, #4353, #375, #912, #3248, #1377, #301, #4388, #6727, #875, #3818, #6156, #1414, #5549, #1987, #3702, #6688, #2095, #3780, #5472, #264, #6046, #3175, #797, #6194, #836, #4318, #7259, #2558, #3209, #4428, #4969, #6761, #5584, #2706, #3133, #224, #6653, #2596, #2633, #3743 ),
 .UNSPECIFIED., .F., .F.,
 ( 4, 2, 2, 2, 2, 2, 2, 2, 2, 1, 2, 2, 2, 2, 2, 2, 2, 2, 2, 2, 1, 2, 2, 2, 2, 2, 1, 2, 2, 2, 2, 2, 2, 2, 2, 2, 1, 1, 2, 2, 4 ),
 ( 0.000000000000000000, 0.06249999999999955591, 0.09374999999999934774, 0.1249999999999991118, 0.1562499999999988620, 0.1718749999999987232, 0.1874999999999985845, 0.2499999999999981681, 0.2812499999999978351, 0.2968749999999977796, 0.3046874999999977240, 0.3124999999999976685, 0.3437499999999976130, 0.3593749999999976130, 0.3749999999999976130, 0.4062499999999976685, 0.4374999999999977240, 0.4687499999999977796, 0.4999999999999978906, 0.5312499999999980016, 0.5468749999999980016, 0.5546874999999980016, 0.5624999999999981126, 0.5937499999999982236, 0.6249999999999982236, 0.6562499999999982236, 0.6718749999999983347, 0.6796874999999983347, 0.6874999999999984457, 0.7187499999999984457, 0.7343749999999985567, 0.7499999999999986677, 0.8124999999999988898, 0.8437499999999990008, 0.8593749999999991118, 0.8749999999999992228, 0.9062499999999995559, 0.9218749999999996669, 0.9296874999999996669, 0.9374999999999997780, 1.000000000000000000 ),
 .UNSPECIFIED. ) ;
#7091 = ORIENTED_EDGE ( 'NONE', *, *, #7116, .T. ) ;
#7092 = CARTESIAN_POINT ( 'NONE',  ( 9.180003405678450079, -42.30370947901290180, -0.6128677901305170650 ) ) ;
#7093 = EDGE_LOOP ( 'NONE', ( #1194, #1752, #4174, #5150 ) ) ;
#7094 = CARTESIAN_POINT ( 'NONE',  ( 0.4875835940452989958, -6.042206017375280069, -58.61996200337880225 ) ) ;
#7095 = CLOSED_SHELL ( 'NONE', ( #482, #6191, #4597, #266, #6655, #4034, #2211, #859, #1380, #1738, #1562, #2396, #3843, #4629, #7311, #6713, #5915, #6836, #5206, #2646, #2494, #993, #3990, #530, #6977 ) ) ;
#7096 = DIRECTION ( 'NONE',  ( -0.000000000000000000, 1.000000000000000000, 0.000000000000000000 ) ) ;
#7097 = CARTESIAN_POINT ( 'NONE',  ( -3.672005109525965150, -41.88319390030805067, 0.9195111013736788630 ) ) ;
#7098 = CARTESIAN_POINT ( 'NONE',  ( 8.532498018507348903, -42.15467864027165490, -2.867048573948822288 ) ) ;
#7099 = CARTESIAN_POINT ( 'NONE',  ( 8.869373492315324015, -37.37126650072593748, 9.448314296867653894 ) ) ;
#7100 = CARTESIAN_POINT ( 'NONE',  ( -5.507970490038629485, -41.83478244410004976, -5.310691334286230081 ) ) ;
#7101 = ORIENTED_EDGE ( 'NONE', *, *, #6747, .F. ) ;
#7102 = CARTESIAN_POINT ( 'NONE',  ( 4.760080443084475199, -41.67843493140858158, 7.639631078198424241 ) ) ;
#7103 = DIRECTION ( 'NONE',  ( 0.000000000000000000, -0.000000000000000000, 1.000000000000000000 ) ) ;
#7104 = CARTESIAN_POINT ( 'NONE',  ( -7.538579603711134780, -37.17402386035485762, 10.59161020940446818 ) ) ;
#7105 = CARTESIAN_POINT ( 'NONE',  ( 9.179970489981730708, -42.08223716966009675, 5.310711738576870289 ) ) ;
#7106 = EDGE_CURVE ( 'NONE', #1511, #366, #7256, .T. ) ;
#7107 = CARTESIAN_POINT ( 'NONE',  ( 22.43424475756538072, -6.042206017414773811, 83.07266697377286846 ) ) ;
#7108 = CARTESIAN_POINT ( 'NONE',  ( -7.344042342356639885, -41.80212089884035720, 7.620001164476099653 ) ) ;
#7109 = DIRECTION ( 'NONE',  ( 0.000000000000000000, 1.000000000000000000, 0.000000000000000000 ) ) ;
#7110 = VERTEX_POINT ( 'NONE', #5057 ) ;
#7111 = CARTESIAN_POINT ( 'NONE',  ( -8.949168165560775989, -42.26733973792911314, 0.9555171538853660662 ) ) ;
#7112 = CARTESIAN_POINT ( 'NONE',  ( 15.75695032355482361, -35.64157266793746004, 28.36426048959695123 ) ) ;
#7113 = CARTESIAN_POINT ( 'NONE',  ( 18.82837672200435364, -42.30756013076910449, -7.696413152913580629E-15 ) ) ;
#7114 = ORIENTED_EDGE ( 'NONE', *, *, #2031, .F. ) ;
#7115 = DIRECTION ( 'NONE',  ( -0.000000000000000000, -0.000000000000000000, -1.000000000000000000 ) ) ;
#7116 = EDGE_CURVE ( 'NONE', #7180, #6472, #6705, .T. ) ;
#7117 = CARTESIAN_POINT ( 'NONE',  ( -9.000000000000007105, -39.63900467710524111, 0.000000000000000000 ) ) ;
#7118 = DIRECTION ( 'NONE',  ( -1.000000000000000000, 0.000000000000000000, 0.000000000000000000 ) ) ;
#7119 = CARTESIAN_POINT ( 'NONE',  ( 124.9619253871092752, -38.48506133258121054, 66.88242186954947499 ) ) ;
#7120 = ORIENTED_EDGE ( 'NONE', *, *, #6981, .F. ) ;
#7121 = CARTESIAN_POINT ( 'NONE',  ( 14.76149116098732605, -33.44722524979760436, -32.64968803460893554 ) ) ;
#7122 = EDGE_CURVE ( 'NONE', #957, #7397, #956, .T. ) ;
#7123 =( NAMED_UNIT ( * ) PLANE_ANGLE_UNIT ( ) SI_UNIT ( $, .RADIAN. ) );
#7124 = CARTESIAN_POINT ( 'NONE',  ( 8.534143470504576001, -38.14465144229561133, 2.862215046743999736 ) ) ;
#7125 = CARTESIAN_POINT ( 'NONE',  ( 8.813593525387551253, -42.22160483203183645, 1.822321089781793191 ) ) ;
#7126 = CARTESIAN_POINT ( 'NONE',  ( 73.65500000000000114, -63.39640923772800818, -1.743439194559895224E-15 ) ) ;
#7127 = CARTESIAN_POINT ( 'NONE',  ( -7.929382310915684684, -37.22121167322490010, 10.33688513324069369 ) ) ;
#7128 = CARTESIAN_POINT ( 'NONE',  ( -0.3012659739617580823, -41.48886807895462425, -8.999791454266025781 ) ) ;
#7129 = AXIS2_PLACEMENT_3D ( 'NONE', #2756, #7481, #2253 ) ;
#7130 = VERTEX_POINT ( 'NONE', #2144 ) ;
#7131 = CARTESIAN_POINT ( 'NONE',  ( 9.180011546478818119, -42.24575990172670004, -2.077903720864759940 ) ) ;
#7132 = CARTESIAN_POINT ( 'NONE',  ( 8.333326205448914337, -38.10322323645911524, -3.399571966885269969 ) ) ;
#7133 = EDGE_LOOP ( 'NONE', ( #1690, #5989, #4800, #7321, #2761, #1779, #3959, #1574, #2937 ) ) ;
#7134 = CARTESIAN_POINT ( 'NONE',  ( 16.41162694658498822, -30.44345619716053264, -29.82645136233196226 ) ) ;
#7135 = AXIS2_PLACEMENT_3D ( 'NONE', #2922, #6102, #4951 ) ;
#7136 = CARTESIAN_POINT ( 'NONE',  ( 17.78795901344746966, -33.42888436595161039, -23.55568611084972375 ) ) ;
#7137 = CIRCLE ( 'NONE', #6778, 100.8923368198791195 ) ;
#7138 = CARTESIAN_POINT ( 'NONE',  ( -7.343999999886289487, -42.08584460751210088, -4.080858129121849476E-05 ) ) ;
#7139 = CARTESIAN_POINT ( 'NONE',  ( 8.972243770243826688, -42.27891347377968856, -0.7072617497133797393 ) ) ;
#7140 = CARTESIAN_POINT ( 'NONE',  ( 12.14492724165227600, -37.99956238546276666, 4.585619700227799633 ) ) ;
#7141 = CARTESIAN_POINT ( 'NONE',  ( -5.507948989069539891, -41.58977544978714747, -9.180051944354559623 ) ) ;
#7142 = VERTEX_POINT ( 'NONE', #4475 ) ;
#7143 = CARTESIAN_POINT ( 'NONE',  ( 6.791401331903421656, -37.85823524164839426, -5.935127290222880880 ) ) ;
#7144 = CARTESIAN_POINT ( 'NONE',  ( 20.36082540615130299, -38.09024766049640220, 5.834977158582500323 ) ) ;
#7145 = CARTESIAN_POINT ( 'NONE',  ( 9.497174952617797317, -37.46083263370493199, 8.887288101676436014 ) ) ;
#7146 = CARTESIAN_POINT ( 'NONE',  ( -9.180029509733939719, -42.08224734191440319, 5.310609717123659479 ) ) ;
#7147 = CARTESIAN_POINT ( 'NONE',  ( 6.781867222720768140, -37.85858562342149725, 5.923973947200013690 ) ) ;
#7148 = CARTESIAN_POINT ( 'NONE',  ( -5.508011546535709790, -41.96222113922765118, 2.077924125155400148 ) ) ;
#7149 = CARTESIAN_POINT ( 'NONE',  ( -5.508021011383959831, -41.90336651136514945, 3.781238558637780134 ) ) ;
#7150 = ORIENTED_EDGE ( 'NONE', *, *, #6291, .T. ) ;
#7151 = CARTESIAN_POINT ( 'NONE',  ( 12.63879307361331961, -38.31026286157675287, 3.408257511809163809 ) ) ;
#7152 = CARTESIAN_POINT ( 'NONE',  ( 0.000000000000000000, 10.00000000000000000, 0.000000000000000000 ) ) ;
#7153 = EDGE_CURVE ( 'NONE', #3355, #3184, #6105, .T. ) ;
#7154 = CARTESIAN_POINT ( 'NONE',  ( 13.76005673522559647, -31.35420933177818270, -35.86276631881828081 ) ) ;
#7155 = EDGE_LOOP ( 'NONE', ( #6956, #1492, #3541, #3825 ) ) ;
#7156 = CARTESIAN_POINT ( 'NONE',  ( 8.585627289022157882, -21.13092592223727806, 47.73628670329546964 ) ) ;
#7157 = B_SPLINE_CURVE_WITH_KNOTS ( 'NONE', 3,
 ( #3747, #6693, #4938, #2026, #4357, #4288, #7427, #2815, #6125, #3215, #1495, #306, #6299, #2198, #3350, #2637, #6161, #4975, #7297, #4531, #6863, #1633, #1058, #3387, #5154, #6620, #3137, #1382, #3707, #6050, #5477, #7009, #4075, #1820, #3572, #3499, #2852, #5193, #2350, #1171, #1784, #1131, #1745, #5844, #2930, #516, #5271, #7465, #5918, #669, #2313, #5764, #1209, #3462, #6489, #3002, #22, #7509, #4151, #2234, #4568, #4679, #6409, #4113, #5306, #6452, #2276, #4643, #594, #3537, #5883, #634, #6334, #5803, #6901, #4041, #6972, #57, #1093, #2967, #2388, #3425, #4719, #7046, #1245, #4606, #1668, #4003, #6937, #1706, #6373, #556, #2891, #5231, #7547, #4230, #3121, #1439, #2544, #786, #131, #5458, #5343, #1859, #3690, #1322, #7206, #2583, #3610, #2425, #2464, #252, #6678, #4796, #4342, #3646, #3768, #1973, #746, #4306, #1285, #6564, #94, #1900, #2506, #5499, #6525, #3730, #6640, #6072, #863, #4920, #822, #6110, #7125, #1400, #4757, #3161, #6034, #7248, #5994, #6603, #7086, #3082, #212, #4190, #4881, #2010, #5418, #5956, #706, #3037, #5379, #172, #4838, #7166, #1936, #4269, #1364 ),
 .UNSPECIFIED., .F., .F.,
 ( 4, 2, 1, 2, 2, 2, 1, 1, 1, 1, 2, 2, 2, 2, 1, 1, 2, 2, 2, 1, 1, 2, 2, 2, 2, 1, 1, 1, 2, 2, 2, 2, 1, 1, 1, 2, 2, 2, 1, 1, 1, 1, 2, 2, 2, 2, 2, 1, 1, 1, 2, 2, 2, 2, 2, 1, 1, 1, 1, 1, 2, 2, 2, 2, 2, 1, 1, 1, 2, 2, 2, 1, 1, 2, 2, 2, 2, 1, 1, 2, 2, 2, 2, 1, 1, 2, 2, 2, 1, 1, 1, 1, 2, 2, 2, 1, 1, 1, 2, 2, 4 ),
 ( 0.000000000000000000, 0.003906250000000059848, 0.005859375000000087604, 0.006835937500000089338, 0.007812500000000090206, 0.01562500000000019429, 0.01953125000000023245, 0.02148437500000025674, 0.02246093750000027409, 0.02294921875000028796, 0.02319335937500028103, 0.02343750000000027409, 0.02734375000000020123, 0.02929687500000015266, 0.03027343750000013878, 0.03076171875000014225, 0.03100585937500014225, 0.03125000000000013878, 0.04687500000000003469, 0.05468749999999997918, 0.05859374999999993061, 0.06054687499999993061, 0.06249999999999992367, 0.09374999999999963918, 0.1093749999999995143, 0.1171874999999994588, 0.1210937499999994033, 0.1230468749999993616, 0.1240234374999994033, 0.1249999999999994449, 0.1562500000000009159, 0.1718750000000016931, 0.1796875000000020817, 0.1835937500000023592, 0.1855468750000024980, 0.1865234375000026090, 0.1875000000000026923, 0.2187500000000060785, 0.2343750000000077161, 0.2421875000000085487, 0.2460937500000089651, 0.2480468750000091593, 0.2490234375000091871, 0.2500000000000092149, 0.3125000000000122125, 0.3437500000000136557, 0.3593750000000143774, 0.3671875000000147105, 0.3710937500000149325, 0.3730468750000150435, 0.3740234375000150435, 0.3750000000000150990, 0.5000000000000192069, 0.5625000000000213163, 0.5937500000000223155, 0.6093750000000228706, 0.6171875000000230926, 0.6210937500000233147, 0.6230468750000233147, 0.6240234375000233147, 0.6245117187500233147, 0.6250000000000233147, 0.6875000000000182077, 0.7187500000000156541, 0.7343750000000144329, 0.7421875000000138778, 0.7460937500000136557, 0.7480468750000135447, 0.7490234375000134337, 0.7500000000000134337, 0.7812500000000121014, 0.7968750000000114353, 0.8046875000000109912, 0.8085937500000108802, 0.8125000000000106581, 0.8437500000000091038, 0.8593750000000085487, 0.8671875000000082157, 0.8710937500000081046, 0.8730468750000079936, 0.8750000000000079936, 0.9062500000000063283, 0.9218750000000054401, 0.9296875000000049960, 0.9335937500000047740, 0.9355468750000045519, 0.9375000000000043299, 0.9531250000000028866, 0.9609375000000021094, 0.9648437500000016653, 0.9667968750000014433, 0.9677734375000014433, 0.9682617187500014433, 0.9687500000000014433, 0.9765625000000009992, 0.9804687500000007772, 0.9824218750000007772, 0.9833984375000006661, 0.9838867187500006661, 0.9843750000000006661, 1.000000000000000000 ),
 .UNSPECIFIED. ) ;
#7158 = CARTESIAN_POINT ( 'NONE',  ( 2.905600945280856884, -41.55626914429767993, 8.538577422767042790 ) ) ;
#7159 = CARTESIAN_POINT ( 'NONE',  ( -8.949732876161858641, -42.26759792874040755, -0.9502031967606721086 ) ) ;
#7160 = CARTESIAN_POINT ( 'NONE',  ( 20.34536719873065280, -34.34959553575265545, -21.81000826438560125 ) ) ;
#7161 = CARTESIAN_POINT ( 'NONE',  ( 143.7929854930485476, -6.042206017369109006, 99.54331454056968198 ) ) ;
#7162 = EDGE_LOOP ( 'NONE', ( #903, #6766, #4046, #4119, #6204, #2429, #2858, #6304, #7371 ) ) ;
#7163 = CARTESIAN_POINT ( 'NONE',  ( -71.46669839058749574, -6.042206017375256977, -58.61996200337829777 ) ) ;
#7164 = EDGE_CURVE ( 'NONE', #6414, #127, #2916, .T. ) ;
#7165 = CARTESIAN_POINT ( 'NONE',  ( 3.492947504443977724, -37.54964022466890583, 8.294540972870400708 ) ) ;
#7166 = CARTESIAN_POINT ( 'NONE',  ( 8.988786243229990092, -42.28935717099580671, 0.4491583659884785251 ) ) ;
#7167 = LINE ( 'NONE', #2968, #5129 ) ;
#7168 = CARTESIAN_POINT ( 'NONE',  ( -65.46669839058749574, 10.00000000000000000, 137.9613978004092019 ) ) ;
#7169 = VECTOR ( 'NONE', #5003, 1000.000000000000000 ) ;
#7170 = CARTESIAN_POINT ( 'NONE',  ( 12.56096002312324167, -38.10895938935443183, 3.382284469702035778 ) ) ;
#7171 = CARTESIAN_POINT ( 'NONE',  ( -18.00000000000000000, -6.042206017372979687, 53.98290812280559692 ) ) ;
#7172 = CARTESIAN_POINT ( 'NONE',  ( -9.179988453236850532, -42.24575219294279549, -2.078005742317980076 ) ) ;
#7173 = EDGE_CURVE ( 'NONE', #5482, #62, #2417, .T. ) ;
#7174 = DIRECTION ( 'NONE',  ( 0.000000000000000000, 4.956352788505163268E-16, 1.000000000000000000 ) ) ;
#7175 = CARTESIAN_POINT ( 'NONE',  ( 17.01964974513818518, -31.73957597865920732, -27.38337647850491763 ) ) ;
#7176 = CARTESIAN_POINT ( 'NONE',  ( -5.507953323256949751, -41.64573389326320552, -8.400062261923959994 ) ) ;
#7177 = CARTESIAN_POINT ( 'NONE',  ( -3.672011546564145412, -41.86434211302900366, 2.077934327300719808 ) ) ;
#7178 = CARTESIAN_POINT ( 'NONE',  ( 8.940946303813205986, -42.26331491192230061, -1.040389532065847833 ) ) ;
#7179 = CARTESIAN_POINT ( 'NONE',  ( -18.00000000000000000, -32.29571161549034741, -26.62793936103274817 ) ) ;
#7180 = VERTEX_POINT ( 'NONE', #4016 ) ;
#7181 = CARTESIAN_POINT ( 'NONE',  ( 179.0824426214854839, -13.94371515320777100, -185.3648852429707858 ) ) ;
#7182 = CARTESIAN_POINT ( 'NONE',  ( -18.00000000000000000, -32.29571161549034741, 26.62793936103274817 ) ) ;
#7183 = CARTESIAN_POINT ( 'NONE',  ( -7.279131775224156442, -37.14128173064879235, 10.77152225814716680 ) ) ;
#7184 = CARTESIAN_POINT ( 'NONE',  ( -2.101146925415175017E-05, -41.73257342363829991, 3.781269165073744887 ) ) ;
#7185 = CARTESIAN_POINT ( 'NONE',  ( 4.025828096726081995, -37.58250421234183136, 8.070810010888672892 ) ) ;
#7186 = VECTOR ( 'NONE', #4707, 1000.000000000000000 ) ;
#7187 = CARTESIAN_POINT ( 'NONE',  ( 7.343983152636440082, -42.05000831296264607, 3.031908093309124919 ) ) ;
#7188 = CARTESIAN_POINT ( 'NONE',  ( -5.508046676572489808, -41.64574234806979547, 8.400001049052029600 ) ) ;
#7189 = ORIENTED_EDGE ( 'NONE', *, *, #2927, .F. ) ;
#7190 = CARTESIAN_POINT ( 'NONE',  ( 164.1324138771172727, -6.042206017375266747, 69.13485347336738585 ) ) ;
#7191 = CARTESIAN_POINT ( 'NONE',  ( 18.25613826762528902, -41.40800379475624027, 9.535497953905025526 ) ) ;
#7192 = CARTESIAN_POINT ( 'NONE',  ( 18.20833927381198691, -41.30819733188100429, -10.17928719144212302 ) ) ;
#7193 = ORIENTED_EDGE ( 'NONE', *, *, #6884, .F. ) ;
#7194 = DIRECTION ( 'NONE',  ( 1.000000000000000000, 0.000000000000000000, 0.000000000000000000 ) ) ;
#7195 = CARTESIAN_POINT ( 'NONE',  ( 11.30748175744846939, -26.39943567612879605, 42.33204548250861166 ) ) ;
#7196 = CARTESIAN_POINT ( 'NONE',  ( 7.322569984012936573, -41.95392963579161005, 5.240855871927239562 ) ) ;
#7197 = CARTESIAN_POINT ( 'NONE',  ( -2.051097695653422814, -41.52290498455108292, -8.768140862232597144 ) ) ;
#7198 = CARTESIAN_POINT ( 'NONE',  ( -18.00000000000000000, -11.27713467053115970, -50.82238809104900668 ) ) ;
#7199 = CARTESIAN_POINT ( 'NONE',  ( 62.18813599872329689, -57.95386985700420013, -0.5104959647316559268 ) ) ;
#7200 = EDGE_LOOP ( 'NONE', ( #921, #5913, #5576, #3292, #6617, #781 ) ) ;
#7201 = VECTOR ( 'NONE', #5501, 1000.000000000000000 ) ;
#7202 = CARTESIAN_POINT ( 'NONE',  ( 117.9131557670229995, -56.13001623236039705, 1.387778780781445991E-14 ) ) ;
#7203 = CARTESIAN_POINT ( 'NONE',  ( -18.00000000000000000, -38.31026286157670313, 0.1470188481355287902 ) ) ;
#7204 = ADVANCED_FACE ( 'NONE', ( #1799 ), #4126, .F. ) ;
#7205 = CARTESIAN_POINT ( 'NONE',  ( -13.15518455823439936, -36.65699875535980112, 13.16961417038971938 ) ) ;
#7206 = CARTESIAN_POINT ( 'NONE',  ( 6.333327191255930799, -41.83046221450538127, 6.394457808424232503 ) ) ;
#7207 = CARTESIAN_POINT ( 'NONE',  ( 23.13850053261340634, -58.99259783589941009, 126.5229989347730566 ) ) ;
#7208 = CARTESIAN_POINT ( 'NONE',  ( 10.32715661588989775, -37.60418168390732063, 7.941158324759999942 ) ) ;
#7209 =( BOUNDED_SURFACE ( )  B_SPLINE_SURFACE ( 2, 3, ( 
 ( #1614, #6244, #3441, #3365 ),
 ( #2789, #5741, #5093, #6846 ),
 ( #1722, #2906, #7445, #4056 ) ),
 .UNSPECIFIED., .F., .F., .T. ) 
 B_SPLINE_SURFACE_WITH_KNOTS ( ( 3, 3 ),
 ( 4, 4 ),
 ( 0.001208225356013006022, 0.7334610202777239740 ),
 ( 0.000000000000000000, 1.000000000000000000 ),
 .UNSPECIFIED. ) 
 GEOMETRIC_REPRESENTATION_ITEM ( )  RATIONAL_B_SPLINE_SURFACE ( (
 ( 1.000000000000000000, 0.3333333333333335369, 0.3333333333333335369, 1.000000000000000000),
 ( 1.000000000000000000, 0.3333333333333335369, 0.3333333333333335369, 1.000000000000000000),
 ( 1.000000000000000000, 0.3333333333333335369, 0.3333333333333335369, 1.000000000000000000) ) ) 
 REPRESENTATION_ITEM ( '' )  SURFACE ( )  );
#7210 =( BOUNDED_SURFACE ( )  B_SPLINE_SURFACE ( 2, 3, ( 
 ( #612, #4209, #7027, #4622 ),
 ( #6545, #5249, #5862, #1724 ),
 ( #4129, #2948, #4777, #6506 ) ),
 .UNSPECIFIED., .F., .F., .F. ) 
 B_SPLINE_SURFACE_WITH_KNOTS ( ( 3, 3 ),
 ( 4, 4 ),
 ( 0.001208225356012821924, 0.7334610202777239740 ),
 ( 0.000000000000000000, 1.000000000000000000 ),
 .UNSPECIFIED. ) 
 GEOMETRIC_REPRESENTATION_ITEM ( )  RATIONAL_B_SPLINE_SURFACE ( (
 ( 1.000000000000000000, 0.3333333333333335369, 0.3333333333333335369, 1.000000000000000000),
 ( 1.000000000000000000, 0.3333333333333335369, 0.3333333333333335369, 1.000000000000000000),
 ( 1.000000000000000000, 0.3333333333333335369, 0.3333333333333335369, 1.000000000000000000) ) ) 
 REPRESENTATION_ITEM ( '' )  SURFACE ( )  );
#7211 = CARTESIAN_POINT ( 'NONE',  ( 11.01795783209368018, -37.74846492464179448, 6.845046009434498480 ) ) ;
#7212 = ADVANCED_FACE ( 'NONE', ( #7480 ), #828, .T. ) ;
#7213 = CARTESIAN_POINT ( 'NONE',  ( -8.981976240760825902, -42.28376841590882407, -0.5893263977018887712 ) ) ;
#7214 = AXIS2_PLACEMENT_3D ( 'NONE', #4959, #4883, #899 ) ;
#7215 = CARTESIAN_POINT ( 'NONE',  ( -9.179993753865669959, -42.28220595411875138, -1.124093189181503805 ) ) ;
#7216 = CARTESIAN_POINT ( 'NONE',  ( 5.891674550336088778, -37.75245464587113986, -6.809871620912387513 ) ) ;
#7217 = CARTESIAN_POINT ( 'NONE',  ( -9.000000000000000000, -38.30472699488110777, -1.718667784195345147E-09 ) ) ;
#7218 = CARTESIAN_POINT ( 'NONE',  ( 9.302258724331567308, -16.65789200924616509, -46.37397113846815699 ) ) ;
#7219 = CARTESIAN_POINT ( 'NONE',  ( 16.39682016076275772, -30.41224494527519440, 29.88282692401734764 ) ) ;
#7220 = EDGE_CURVE ( 'NONE', #6852, #3087, #2869, .T. ) ;
#7221 = CARTESIAN_POINT ( 'NONE',  ( 5.507998297856239844, -41.96944676530809915, 0.3063367024858759669 ) ) ;
#7222 = CARTESIAN_POINT ( 'NONE',  ( 4.395138459771031236, -41.64972074635036847, -7.858566882318730684 ) ) ;
#7223 = CARTESIAN_POINT ( 'NONE',  ( 4.590127777253520058, -36.88307306031175870, 12.10587647252892296 ) ) ;
#7224 = ORIENTED_EDGE ( 'NONE', *, *, #4397, .F. ) ;
#7225 = CARTESIAN_POINT ( 'NONE',  ( -8.795196456481912506, -38.20894326095972104, -1.914853311366064847 ) ) ;
#7226 = CARTESIAN_POINT ( 'NONE',  ( -22.00000000000000000, -30.64347277290567817, -43.07631160651588687 ) ) ;
#7227 = CARTESIAN_POINT ( 'NONE',  ( 14.11513175758818761, -25.79945633310893172, 36.75832658992579383 ) ) ;
#7228 = CARTESIAN_POINT ( 'NONE',  ( 9.179998865152189325, -42.32168879929979965, 0.2042550747598805283 ) ) ;
#7229 = CARTESIAN_POINT ( 'NONE',  ( -8.998799112008940781, -38.30460735910270387, 0.1467910492799149869 ) ) ;
#7230 = CARTESIAN_POINT ( 'NONE',  ( -1.154662100978626087E-05, -41.78218312135540202, 2.077954731591364901 ) ) ;
#7231 = CARTESIAN_POINT ( 'NONE',  ( -7.344011546507279498, -42.08122902362369899, 2.077913923010080044 ) ) ;
#7232 = ORIENTED_EDGE ( 'NONE', *, *, #522, .F. ) ;
#7233 = CARTESIAN_POINT ( 'NONE',  ( 20.73070499068895245, -6.042206017375214344, 80.68107026679145122 ) ) ;
#7234 = CARTESIAN_POINT ( 'NONE',  ( 17.58336199005553269, -39.86647336589042823, 16.96793950934315731 ) ) ;
#7235 = CARTESIAN_POINT ( 'NONE',  ( 11.20136968383557452, -26.19036808695912555, -42.57071354176721911 ) ) ;
#7236 = CARTESIAN_POINT ( 'NONE',  ( 179.8382392356312494, -6.042206017375283622, 42.50214150462253571 ) ) ;
#7237 = CARTESIAN_POINT ( 'NONE',  ( 16.01052665774345130, -36.20980144436249049, 27.14862931531929746 ) ) ;
#7238 = CARTESIAN_POINT ( 'NONE',  ( -8.086068962739560106, -42.06939399070235197, 3.995665833234951503 ) ) ;
#7239 = CARTESIAN_POINT ( 'NONE',  ( -71.46669839058749574, -6.042206017375149507, -137.7671940876994086 ) ) ;
#7240 = CARTESIAN_POINT ( 'NONE',  ( 3.493117819994915330, -6.042206017371507976, -53.98290812280588824 ) ) ;
#7241 = MECHANICAL_DESIGN_GEOMETRIC_PRESENTATION_REPRESENTATION (  '', ( #6386 ), #3448 ) ;
#7242 = CARTESIAN_POINT ( 'NONE',  ( 86.06783520431760337, -56.13001623236039705, 31.51140512489335066 ) ) ;
#7243 = EDGE_LOOP ( 'NONE', ( #4844, #1520 ) ) ;
#7244 = CARTESIAN_POINT ( 'NONE',  ( 8.196949494429439653, -42.09002114421140561, 3.728566903706904689 ) ) ;
#7245 = CARTESIAN_POINT ( 'NONE',  ( 62.18275481095512447, -57.95386985700431381, -48.43449037808966295 ) ) ;
#7246 = B_SPLINE_CURVE_WITH_KNOTS ( 'NONE', 3,
 ( #7038, #4143, #5411, #1813, #6481, #3639, #5262, #2456, #7002, #1238, #3564, #5910, #87, #2418, #4222, #4182, #5986, #3602, #4261, #14, #5836, #164, #1851, #4749, #5949, #739, #3074, #4830, #3030, #1357, #4788, #5372, #124, #587 ),
 .UNSPECIFIED., .F., .F.,
 ( 4, 2, 2, 2, 2, 2, 2, 2, 2, 2, 2, 2, 2, 2, 2, 2, 4 ),
 ( 0.000000000000000000, 0.06250000000000000000, 0.1250000000000000000, 0.1875000000000000000, 0.2500000000000000000, 0.3125000000000000000, 0.3750000000000000000, 0.4375000000000000000, 0.5000000000000000000, 0.5625000000000000000, 0.6250000000000000000, 0.6875000000000000000, 0.7500000000000000000, 0.8125000000000000000, 0.8750000000000000000, 0.9375000000000000000, 1.000000000000000000 ),
 .UNSPECIFIED. ) ;
#7247 = CARTESIAN_POINT ( 'NONE',  ( -6.235365818923266801, -37.79163207398035240, 6.490073842126875547 ) ) ;
#7248 = CARTESIAN_POINT ( 'NONE',  ( 8.912644973962432715, -42.25256976654300445, 1.253054979624639076 ) ) ;
#7249 = CARTESIAN_POINT ( 'NONE',  ( 17.46787167731045898, -39.59264909695170331, -17.89836398426899322 ) ) ;
#7250 = DIRECTION ( 'NONE',  ( 0.000000000000000000, 1.000000000000000000, 0.000000000000000000 ) ) ;
#7251 = CARTESIAN_POINT ( 'NONE',  ( -8.540181331332691528, -42.15390399514675579, -2.901036281191401667 ) ) ;
#7252 = CARTESIAN_POINT ( 'NONE',  ( -7.343961991603340067, -41.85264108029669927, -6.840093099208059080 ) ) ;
#7253 = LINE ( 'NONE', #1371, #7013 ) ;
#7254 = CARTESIAN_POINT ( 'NONE',  ( 226.6457644257074833, 10.00000000000000000, -137.7671940876994086 ) ) ;
#7255 = DIRECTION ( 'NONE',  ( 0.000000000000000000, 1.000000000000000000, 0.000000000000000000 ) ) ;
#7256 =( BOUNDED_CURVE ( )  B_SPLINE_CURVE ( 3, ( #2106, #7272, #1463, #3867 ),
 .UNSPECIFIED., .F., .F. ) 
 B_SPLINE_CURVE_WITH_KNOTS ( ( 4, 4 ),
 ( 1.570796326794896558, 3.141592653589793116 ),
 .UNSPECIFIED. ) 
 CURVE ( )  GEOMETRIC_REPRESENTATION_ITEM ( )  RATIONAL_B_SPLINE_CURVE ( ( 1.000000000000000000, 0.8047378541243649375, 0.8047378541243649375, 1.000000000000000000 ) ) 
 REPRESENTATION_ITEM ( '' )  );
#7257 = CARTESIAN_POINT ( 'NONE',  ( 168.0238501401080953, -9.999999999999996447, 50.01348028672948942 ) ) ;
#7258 = CARTESIAN_POINT ( 'NONE',  ( 8.455572639940095669, -42.13905755224761407, -3.083693211232249265 ) ) ;
#7259 = CARTESIAN_POINT ( 'NONE',  ( -11.20907448373209725, -37.78708387269491453, 6.535050310583138788 ) ) ;
#7260 = VERTEX_POINT ( 'NONE', #1760 ) ;
#7261 = CARTESIAN_POINT ( 'NONE',  ( -0.5773864859658932591, -37.44470688531373526, -8.986419776575040430 ) ) ;
#7262 = EDGE_CURVE ( 'NONE', #7543, #6852, #2788, .T. ) ;
#7263 = AXIS2_PLACEMENT_3D ( 'NONE', #5140, #3336, #357 ) ;
#7264 = CARTESIAN_POINT ( 'NONE',  ( 4.716710544639084901, -8.263542936146565765, 52.64180487303515577 ) ) ;
#7265 = CARTESIAN_POINT ( 'NONE',  ( -5.507998297856270042, -41.96944676484329761, -0.3063367024858845156 ) ) ;
#7266 = CARTESIAN_POINT ( 'NONE',  ( 5.153312195276410712, -37.67802702024678752, 7.380053137098366633 ) ) ;
#7267 = CARTESIAN_POINT ( 'NONE',  ( 9.179994890275008146, -42.29213543392165064, 0.9195825163909309152 ) ) ;
#7268 = ORIENTED_EDGE ( 'NONE', *, *, #246, .F. ) ;
#7269 = CARTESIAN_POINT ( 'NONE',  ( 92.61376022064938240, -6.042206017375225002, 103.9095363711863627 ) ) ;
#7270 = CARTESIAN_POINT ( 'NONE',  ( -18.00000000000000000, -38.30611622139949901, -0.03690425908144105011 ) ) ;
#7271 = EDGE_CURVE ( 'NONE', #4833, #2159, #4427, .T. ) ;
#7272 = CARTESIAN_POINT ( 'NONE',  ( -68.98141701634892797, 9.999999999999998224, 135.4761164261706199 ) ) ;
#7273 = CARTESIAN_POINT ( 'NONE',  ( -22.00000000000000000, -30.95840211499900008, -36.44720368503895003 ) ) ;
#7274 = CARTESIAN_POINT ( 'NONE',  ( 17.81664916377610908, -40.41788332863169586, 14.69302672633992657 ) ) ;
#7275 = AXIS2_PLACEMENT_3D ( 'NONE', #5433, #6729, #6123 ) ;
#7276 = CARTESIAN_POINT ( 'NONE',  ( 8.999394573592056190, -42.30653784154718977, 0.1533549763514283903 ) ) ;
#7277 = CARTESIAN_POINT ( 'NONE',  ( -13.15518455823439936, -38.31026286157670313, -0.1470188481355378107 ) ) ;
#7278 = CARTESIAN_POINT ( 'NONE',  ( 19.97414238607580828, -38.16215791888830466, 2.803165709359891178 ) ) ;
#7279 = CARTESIAN_POINT ( 'NONE',  ( 34.52997485881824957, -20.95902901126089901, 85.73526420871947096 ) ) ;
#7280 = ORIENTED_EDGE ( 'NONE', *, *, #6054, .F. ) ;
#7281 = CARTESIAN_POINT ( 'NONE',  ( 11.32911082509866141, -38.31026286157675287, 6.528776660758647488 ) ) ;
#7282 = CARTESIAN_POINT ( 'NONE',  ( 20.34536719873065280, -26.96475769767874908, -35.57686982298324807 ) ) ;
#7283 = CARTESIAN_POINT ( 'NONE',  ( -6.699964364492870139, -37.84776965947988714, 6.016345034982741424 ) ) ;
#7284 = CARTESIAN_POINT ( 'NONE',  ( -10.99416511527744333, -38.30149877939885528, 0.08272688912107900583 ) ) ;
#7285 = DIRECTION ( 'NONE',  ( -0.000000000000000000, 0.000000000000000000, 1.000000000000000000 ) ) ;
#7286 = CARTESIAN_POINT ( 'NONE',  ( 3.988557205794493576, -36.84077666530485118, 12.31079744134726361 ) ) ;
#7287 = CARTESIAN_POINT ( 'NONE',  ( -18.00000000000000000, -38.31026286157670313, -0.1470188481355378107 ) ) ;
#7288 = ORIENTED_EDGE ( 'NONE', *, *, #1748, .T. ) ;
#7289 = CARTESIAN_POINT ( 'NONE',  ( 4.667665775254480472E-05, -41.49435253703499882, -8.400031655487991245 ) ) ;
#7290 = CARTESIAN_POINT ( 'NONE',  ( 8.538593959240818876, -38.14565192499968305, -2.848955165721649418 ) ) ;
#7291 = CARTESIAN_POINT ( 'NONE',  ( 0.4875835940438709715, -6.042206017374069482, 58.61996200337879515 ) ) ;
#7292 = CARTESIAN_POINT ( 'NONE',  ( -12.69257573279303131, -9.999999999999982236, -50.16455915774985641 ) ) ;
#7293 = CARTESIAN_POINT ( 'NONE',  ( 7.633369739316126612, -13.58465535097091426, -48.86615292550745693 ) ) ;
#7294 = CARTESIAN_POINT ( 'NONE',  ( 3.646043127033410602, -41.59938879997509531, -8.228822674792819925 ) ) ;
#7295 = ORIENTED_EDGE ( 'NONE', *, *, #4455, .T. ) ;
#7296 = CARTESIAN_POINT ( 'NONE',  ( 185.3328331859785010, -6.042206017371049676, 1.211577774917876053E-14 ) ) ;
#7297 = CARTESIAN_POINT ( 'NONE',  ( -8.974148739331672786, -42.27996723499645526, 0.6817989805971507167 ) ) ;
#7298 = CARTESIAN_POINT ( 'NONE',  ( -9.179996594037220348, -42.30370506481104798, -0.6129698115837330930 ) ) ;
#7299 = DIRECTION ( 'NONE',  ( -0.000000000000000000, -0.000000000000000000, 1.000000000000000000 ) ) ;
#7300 = CARTESIAN_POINT ( 'NONE',  ( 3.671983152693320207, -41.84321739123220141, 3.031887689018485155 ) ) ;
#7301 = ADVANCED_FACE ( 'NONE', ( #2830 ), #1186, .F. ) ;
#7302 = ORIENTED_EDGE ( 'NONE', *, *, #5813, .T. ) ;
#7303 = CARTESIAN_POINT ( 'NONE',  ( 17.43059800900656597, -6.042206017375214344, 77.93848838299727788 ) ) ;
#7304 = CARTESIAN_POINT ( 'NONE',  ( 54.88684423297739556, -56.13001623236050364, -7.718497068223229677E-15 ) ) ;
#7305 = CARTESIAN_POINT ( 'NONE',  ( 22.43424475756538072, -6.042206017414773811, 83.07266697377286846 ) ) ;
#7306 = CARTESIAN_POINT ( 'NONE',  ( 170.1723395384229889, -6.042206017369096571, 52.62984524453858626 ) ) ;
#7307 = CARTESIAN_POINT ( 'NONE',  ( 10.31595953203764893, -24.45572194518910791, 44.48894639562605136 ) ) ;
#7308 = CARTESIAN_POINT ( 'NONE',  ( -4.501050487026128089, -41.65760848869741295, 7.799311388527931044 ) ) ;
#7309 = CARTESIAN_POINT ( 'NONE',  ( -5.496131957507197185, -41.74118417102520340, -7.151065584831862054 ) ) ;
#7310 = CARTESIAN_POINT ( 'NONE',  ( 10.39393842179556415, -38.31026286157670313, 7.990510837665208754 ) ) ;
#7311 = ADVANCED_FACE ( 'NONE', ( #4697 ), #7444, .F. ) ;
#7312 = CARTESIAN_POINT ( 'NONE',  ( 40.61378573902864986, -50.78462308660630242, -0.9653811709553810072 ) ) ;
#7313 = VERTEX_POINT ( 'NONE', #1221 ) ;
#7314 = CARTESIAN_POINT ( 'NONE',  ( 3.404904315947890669, -38.31026286157675287, 12.59571885368061395 ) ) ;
#7315 = CARTESIAN_POINT ( 'NONE',  ( -2.044064985609327145, -41.52319278939987157, 8.766064360881298256 ) ) ;
#7316 = CARTESIAN_POINT ( 'NONE',  ( -8.912586706280418269, -38.24760931028755806, 1.252027906670946988 ) ) ;
#7317 = CARTESIAN_POINT ( 'NONE',  ( 20.36082540615130299, -38.09024766049640220, 5.834977158582500323 ) ) ;
#7318 = CARTESIAN_POINT ( 'NONE',  ( -22.00000000000000000, -6.042206017373329630, 58.61996200095899212 ) ) ;
#7319 = CARTESIAN_POINT ( 'NONE',  ( -3.225881138764839395, -36.79432220945630405, 12.53319861241854483 ) ) ;
#7320 = CARTESIAN_POINT ( 'NONE',  ( -6.510439734801662048, -38.31026286157670313, 11.37964822929245834 ) ) ;
#7321 = ORIENTED_EDGE ( 'NONE', *, *, #5873, .T. ) ;
#7322 = CARTESIAN_POINT ( 'NONE',  ( 1.248793448865522571, -9.999999999999982236, -51.44449092964283921 ) ) ;
#7323 = CARTESIAN_POINT ( 'NONE',  ( -6.765163732734595037, -37.85696478903188478, -5.942973397217467202 ) ) ;
#7324 = CARTESIAN_POINT ( 'NONE',  ( -71.46669839058749574, 10.00000000000000000, -137.7671940876994086 ) ) ;
#7325 = FACE_OUTER_BOUND ( 'NONE', #1154, .T. ) ;
#7326 = CARTESIAN_POINT ( 'NONE',  ( 9.838828905206081998, -17.65283598413146748, -45.50469741701526516 ) ) ;
#7327 = VECTOR ( 'NONE', #2377, 1000.000000000000000 ) ;
#7328 = VECTOR ( 'NONE', #779, 1000.000000000000000 ) ;
#7329 = CARTESIAN_POINT ( 'NONE',  ( -7.187734637320067677, -41.93526692102916087, -5.419822633773115683 ) ) ;
#7330 = CARTESIAN_POINT ( 'NONE',  ( -0.3945022138698137115, -36.70784504339049192, 12.93738834944361216 ) ) ;
#7331 = ORIENTED_EDGE ( 'NONE', *, *, #109, .F. ) ;
#7332 = CARTESIAN_POINT ( 'NONE',  ( -4.874057181154729967, -37.65278908329381125, -7.567378508932121939 ) ) ;
#7333 = CARTESIAN_POINT ( 'NONE',  ( 7.344001134591879421, -42.10616211150964716, -0.2041632554519949849 ) ) ;
#7334 = CARTESIAN_POINT ( 'NONE',  ( -6.773004003791475824, -41.88192477425430127, -5.934218531160547982 ) ) ;
#7335 = CARTESIAN_POINT ( 'NONE',  ( -7.343993753894100252, -42.10689525709390324, -1.124082987036183923 ) ) ;
#7336 = EDGE_CURVE ( 'NONE', #1712, #6968, #2553, .T. ) ;
#7337 = ORIENTED_EDGE ( 'NONE', *, *, #7271, .F. ) ;
#7338 = CARTESIAN_POINT ( 'NONE',  ( 36.76247080809083201, -6.042206017375214344, 91.42185282716926054 ) ) ;
#7339 = CARTESIAN_POINT ( 'NONE',  ( -18.00000000000000000, -38.07987890887404347, 5.903459731058443793 ) ) ;
#7340 = DIRECTION ( 'NONE',  ( 0.000000000000000000, -0.000000000000000000, 1.000000000000000000 ) ) ;
#7341 = EDGE_CURVE ( 'NONE', #503, #5365, #2225, .T. ) ;
#7342 = CARTESIAN_POINT ( 'NONE',  ( -8.998799112008940781, -38.30460735910270387, 0.1467910492799149869 ) ) ;
#7343 = CARTESIAN_POINT ( 'NONE',  ( 6.945754544274150177, -18.02579504418407552, 50.44962512677069100 ) ) ;
#7344 = DIRECTION ( 'NONE',  ( -0.000000000000000000, -1.000000000000000000, -0.000000000000000000 ) ) ;
#7345 = CARTESIAN_POINT ( 'NONE',  ( 8.695280169010077387, -42.19036313703683305, -2.340918895705376812 ) ) ;
#7346 = CYLINDRICAL_SURFACE ( 'NONE', #3789, 13.99999999999999822 ) ;
#7347 = DIRECTION ( 'NONE',  ( -0.000000000000000000, -1.000000000000000000, -0.000000000000000000 ) ) ;
#7348 = ORIENTED_EDGE ( 'NONE', *, *, #2964, .T. ) ;
#7349 = CARTESIAN_POINT ( 'NONE',  ( 8.457096317085461834, -42.13936231815068822, 3.079524442035590948 ) ) ;
#7350 = CARTESIAN_POINT ( 'NONE',  ( 0.5970214507683037075, -41.48887784571994075, 8.999551321622444533 ) ) ;
#7351 = EDGE_CURVE ( 'NONE', #5612, #3033, #229, .T. ) ;
#7352 = CARTESIAN_POINT ( 'NONE',  ( -8.786604729115735424, -38.20672315051896817, 1.948358543604669535 ) ) ;
#7353 = CARTESIAN_POINT ( 'NONE',  ( 10.25252907344305342, -24.33255914188616842, -44.61787227018847801 ) ) ;
#7354 = CARTESIAN_POINT ( 'NONE',  ( -7.343993753894100252, -42.10689525709390324, -1.124082987036183923 ) ) ;
#7355 = CARTESIAN_POINT ( 'NONE',  ( -11.32963596097304659, -38.31026286157669603, 6.597087869260944260 ) ) ;
#7356 = VERTEX_POINT ( 'NONE', #1381 ) ;
#7357 = CARTESIAN_POINT ( 'NONE',  ( 3.672038008226059969, -41.66660914958405471, -6.840031886336140232 ) ) ;
#7358 = B_SPLINE_SURFACE_WITH_KNOTS ( 'NONE', 3, 1, ( 
 ( #205, #2040 ),
 ( #892, #5529 ),
 ( #1967, #6707 ),
 ( #1470, #7160 ),
 ( #3075, #6597 ),
 ( #3798, #1395 ),
 ( #1358, #6672 ),
 ( #740, #4913 ),
 ( #7198, #854 ),
 ( #5373, #3683 ) ),
 .UNSPECIFIED., .F., .F., .F.,
 ( 4, 2, 2, 2, 4 ),
 ( 2, 2 ),
 ( 0.000000000000000000, 0.2500000000000000000, 0.5000000000000000000, 0.7500000000000000000, 1.000000000000000000 ),
 ( 0.000000000000000000, 1.000000000000000000 ),
 .UNSPECIFIED. ) ;
#7359 = CARTESIAN_POINT ( 'NONE',  ( -7.045144057071380139, -37.89458185317003114, -5.602458254891097056 ) ) ;
#7360 = CARTESIAN_POINT ( 'NONE',  ( 86.40000000000000568, -64.66763823405520384, 0.000000000000000000 ) ) ;
#7361 = CARTESIAN_POINT ( 'NONE',  ( 188.9083672769211546, -6.042206017375298721, 17.63198775614508307 ) ) ;
#7362 = CARTESIAN_POINT ( 'NONE',  ( 18.62915981464630377, -35.33650225119816213, 18.20414711486588644 ) ) ;
#7363 = B_SPLINE_CURVE_WITH_KNOTS ( 'NONE', 2,
 ( #574, #38, #1264 ),
 .UNSPECIFIED., .F., .F.,
 ( 3, 3 ),
 ( 0.000000000000000000, 1.000000000000000000 ),
 .UNSPECIFIED. ) ;
#7364 = CARTESIAN_POINT ( 'NONE',  ( -8.261718975415808686, -42.10217960709699980, -3.570224196840912523 ) ) ;
#7365 = CARTESIAN_POINT ( 'NONE',  ( 5.180795350596682169, -36.93246769969130128, 11.86057378922405370 ) ) ;
#7366 = ORIENTED_EDGE ( 'NONE', *, *, #2404, .T. ) ;
#7367 = CARTESIAN_POINT ( 'NONE',  ( -9.180042342328199823, -41.93205553898625482, 7.619990962330779105 ) ) ;
#7368 = CARTESIAN_POINT ( 'NONE',  ( -3.672001702001594925, -41.89111615275825073, 0.3062856917592675088 ) ) ;
#7369 = CARTESIAN_POINT ( 'NONE',  ( 2.047369122665380292, -41.52275882402562246, -8.769056304891751807 ) ) ;
#7370 = CARTESIAN_POINT ( 'NONE',  ( -3.671998297884704776, -41.89111594106904590, -0.3063265003405630238 ) ) ;
#7371 = ORIENTED_EDGE ( 'NONE', *, *, #5959, .T. ) ;
#7372 = CARTESIAN_POINT ( 'NONE',  ( -8.853630442184384108, -42.23287178636630301, 1.623237462667301845 ) ) ;
#7373 = CARTESIAN_POINT ( 'NONE',  ( 86.40000000000000568, -58.25464714294840007, 0.000000000000000000 ) ) ;
#7374 = DIRECTION ( 'NONE',  ( -1.000000000000000000, -0.000000000000000000, -0.000000000000000000 ) ) ;
#7375 = DIRECTION ( 'NONE',  ( 0.000000000000000000, -1.000000000000000000, 0.000000000000000000 ) ) ;
#7376 = CARTESIAN_POINT ( 'NONE',  ( 10.95479552364282050, -38.30638237426254733, 0.01622593985723659593 ) ) ;
#7377 = AXIS2_PLACEMENT_3D ( 'NONE', #2793, #5059, #1000 ) ;
#7378 = CARTESIAN_POINT ( 'NONE',  ( 0.4875835940452989958, -6.042206017375219673, 58.61996200337869567 ) ) ;
#7379 = DIRECTION ( 'NONE',  ( 1.000000000000000000, 0.000000000000000000, 0.000000000000000000 ) ) ;
#7380 = CARTESIAN_POINT ( 'NONE',  ( 226.6457644257074833, 4.000000000000001776, 137.9613978004091450 ) ) ;
#7381 = VERTEX_POINT ( 'NONE', #110 ) ;
#7382 = CARTESIAN_POINT ( 'NONE',  ( -6.310408791683804530, -41.82776637499681982, 6.417126956265039261 ) ) ;
#7383 = CARTESIAN_POINT ( 'NONE',  ( -8.853630431981976301, -42.23287178516256546, 1.623237483717217433 ) ) ;
#7384 = CARTESIAN_POINT ( 'NONE',  ( 0.5772237905016057713, -37.44271597188272693, -8.999067170125680803 ) ) ;
#7385 = CARTESIAN_POINT ( 'NONE',  ( 16.65035424998152891, -37.67096983000215005, -23.68483253312085068 ) ) ;
#7386 = CARTESIAN_POINT ( 'NONE',  ( -7.343983152636480050, -42.05000831274159623, -3.031908093309129804 ) ) ;
#7387 = CARTESIAN_POINT ( 'NONE',  ( 73.65499999999991587, -63.39640923772795134, -25.49000000000009081 ) ) ;
#7388 = EDGE_CURVE ( 'NONE', #856, #6122, #6014, .T. ) ;
#7389 = ORIENTED_EDGE ( 'NONE', *, *, #2817, .T. ) ;
#7390 = CARTESIAN_POINT ( 'NONE',  ( 4.234247034024029508E-05, -41.54461856230044958, -7.620041973057389839 ) ) ;
#7391 = CARTESIAN_POINT ( 'NONE',  ( -5.128430055570630586, -37.67504386700674246, -7.401760421275685786 ) ) ;
#7392 = CARTESIAN_POINT ( 'NONE',  ( 174.4169739717624736, -6.042206017373009885, 55.40988658030364888 ) ) ;
#7393 = DIRECTION ( 'NONE',  ( 0.000000000000000000, 1.000000000000000000, 0.000000000000000000 ) ) ;
#7394 = CARTESIAN_POINT ( 'NONE',  ( 94.17627200198747062, -63.39640923772800818, 10.13238574791951230 ) ) ;
#7395 = CARTESIAN_POINT ( 'NONE',  ( -0.5970214506366444684, -41.48887784572186632, -8.999551321609333243 ) ) ;
#7396 = ADVANCED_FACE ( 'NONE', ( #3666 ), #3759, .T. ) ;
#7397 = VERTEX_POINT ( 'NONE', #4899 ) ;
#7398 = CARTESIAN_POINT ( 'NONE',  ( 3.671988453322129864, -41.86434038014104431, 2.077975135882009994 ) ) ;
#7399 = PRESENTATION_STYLE_ASSIGNMENT (( #1418 ) ) ;
#7400 = CARTESIAN_POINT ( 'NONE',  ( 5.508011546535679592, -41.96222113973674794, -2.077924125155405033 ) ) ;
#7401 = CARTESIAN_POINT ( 'NONE',  ( 9.000000000000000000, -42.30661100815935072, 1.086142634795535983E-15 ) ) ;
#7402 = CARTESIAN_POINT ( 'NONE',  ( 3.672001702001565171, -41.89111615312410208, -0.3062856917592760020 ) ) ;
#7403 = ORIENTED_EDGE ( 'NONE', *, *, #5460, .T. ) ;
#7404 = LINE ( 'NONE', #1719, #5434 ) ;
#7405 = CARTESIAN_POINT ( 'NONE',  ( 183.0705093214963313, -9.999999999999996447, 28.88037839950204599 ) ) ;
#7406 = CYLINDRICAL_SURFACE ( 'NONE', #3169, 6.000000000000005329 ) ;
#7407 = LINE ( 'NONE', #7562, #3470 ) ;
#7408 = CARTESIAN_POINT ( 'NONE',  ( -0.5275406681456995539, -37.44189196100148820, 9.003691521889990668 ) ) ;
#7409 = CARTESIAN_POINT ( 'NONE',  ( -18.00000000000000000, -15.84325058705650058, 47.33309916941549744 ) ) ;
#7410 = CARTESIAN_POINT ( 'NONE',  ( -7.143003572649663013, -41.92979768204752844, -5.477307611301060142 ) ) ;
#7411 = CARTESIAN_POINT ( 'NONE',  ( 190.4059769339625063, -6.042206017373019655, 2.242215695634844533E-14 ) ) ;
#7412 = ORIENTED_EDGE ( 'NONE', *, *, #5403, .F. ) ;
#7413 = CARTESIAN_POINT ( 'NONE',  ( 2.881530058649283799, -41.55488463596127247, 8.548509071263524106 ) ) ;
#7414 = CARTESIAN_POINT ( 'NONE',  ( 20.34536719873065280, -6.042206017372989457, -53.98290812280549744 ) ) ;
#7415 = CARTESIAN_POINT ( 'NONE',  ( -0.5477586785787001977, -37.44242778477739364, -9.000908713390920468 ) ) ;
#7416 = FACE_OUTER_BOUND ( 'NONE', #2134, .T. ) ;
#7417 = CARTESIAN_POINT ( 'NONE',  ( 13.93341212441752042, -31.71555466076555163, -35.31487289693421161 ) ) ;
#7418 = CARTESIAN_POINT ( 'NONE',  ( -3.671996594122520108, -41.88853499518950230, -0.6129392051477680070 ) ) ;
#7419 = CIRCLE ( 'NONE', #6586, 6.000000000000005329 ) ;
#7420 = CYLINDRICAL_SURFACE ( 'NONE', #4333, 13.99999999999999822 ) ;
#7421 = EDGE_LOOP ( 'NONE', ( #6369, #7348, #616, #4225 ) ) ;
#7422 = EDGE_CURVE ( 'NONE', #696, #64, #1507, .T. ) ;
#7423 = CARTESIAN_POINT ( 'NONE',  ( 112.9674345654848651, -50.78462308660635927, 46.07898461404099777 ) ) ;
#7424 = TOROIDAL_SURFACE ( 'NONE', #4141, 20.00000000000000000, 6.000000000000000000 ) ;
#7425 = CARTESIAN_POINT ( 'NONE',  ( -3.311165311135392475, -37.53878371813536319, -8.368917411715299792 ) ) ;
#7426 = CARTESIAN_POINT ( 'NONE',  ( -22.00000000000000000, -42.30756013076910449, -5.767085840894440826E-15 ) ) ;
#7427 = CARTESIAN_POINT ( 'NONE',  ( -8.997758442699089088, -42.30129188270660023, 0.2011373282754410075 ) ) ;
#7428 = CARTESIAN_POINT ( 'NONE',  ( 2.140233498953904689, -36.74493199394179754, 12.76572202587570715 ) ) ;
#7429 = EDGE_CURVE ( 'NONE', #2136, #6129, #1055, .T. ) ;
#7430 = CARTESIAN_POINT ( 'NONE',  ( 86.40000000000000568, -63.39640923772800818, 0.000000000000000000 ) ) ;
#7431 = CARTESIAN_POINT ( 'NONE',  ( -5.948536346051223944, -41.78671643281627723, -6.779652500531922144 ) ) ;
#7432 = ORIENTED_EDGE ( 'NONE', *, *, #6981, .T. ) ;
#7433 = CARTESIAN_POINT ( 'NONE',  ( -7.344006245878469841, -42.10689846302550166, 1.124001369873603773 ) ) ;
#7434 = AXIS2_PLACEMENT_3D ( 'NONE', #3039, #748, #596 ) ;
#7435 = ADVANCED_FACE ( 'NONE', ( #647 ), #2521, .T. ) ;
#7436 = CARTESIAN_POINT ( 'NONE',  ( -9.179970489981760906, -42.08223716987230745, -5.310711738576870289 ) ) ;
#7437 = CARTESIAN_POINT ( 'NONE',  ( -9.180042342328199823, -41.93205553898625482, 7.619990962330779105 ) ) ;
#7438 = CARTESIAN_POINT ( 'NONE',  ( 4.501050487258140720, -41.65760848871376965, -7.799311388435767434 ) ) ;
#7439 = CARTESIAN_POINT ( 'NONE',  ( 7.344003405706890142, -42.11401879245455149, -0.6128779922758379461 ) ) ;
#7440 =( BOUNDED_SURFACE ( )  B_SPLINE_SURFACE ( 3, 3, ( 
 ( #5683, #4601, #1700, #438, #2193, #4526, #1628 ),
 ( #3958, #6294, #1050, #3382, #5720, #2807, #4563 ),
 ( #4184, #2887, #89, #2307, #5264, #1166, #4108 ),
 ( #5300, #1854, #1815, #1277, #6484, #4791, #5226 ),
 ( #3494, #7004, #2382, #1892, #7119, #6519, #7542 ),
 ( #551, #5951, #5839, #6558, #1240, #3457, #4636 ),
 ( #3566, #3532, #6966, #1739, #4674, #5797, #4714 ),
 ( #5912, #51, #662, #2996, #589, #7041, #4070 ),
 ( #5877, #3604, #627, #6404, #1778, #2924, #16 ),
 ( #3032, #2344, #2961, #5338, #701, #6446, #5374 ) ),
 .UNSPECIFIED., .F., .F., .F. ) 
 B_SPLINE_SURFACE_WITH_KNOTS ( ( 4, 2, 2, 2, 4 ),
 ( 4, 3, 4 ),
 ( 0.000000000000000000, 0.2500000000000000000, 0.5000000000000000000, 0.7500000000000000000, 1.000000000000000000 ),
 ( 0.000000000000000000, 0.5000000000000000000, 1.000000000000000000 ),
 .UNSPECIFIED. ) 
 GEOMETRIC_REPRESENTATION_ITEM ( )  RATIONAL_B_SPLINE_SURFACE ( (
 ( 1.000000000000000000, 0.8022468501230819449, 0.8022468501230819449, 1.000000000000000000, 0.8022468501230819449, 0.8022468501230819449, 1.000000000000000000),
 ( 1.000000000000000000, 0.8022468501230819449, 0.8022468501230819449, 1.000000000000000000, 0.8022468501230819449, 0.8022468501230819449, 1.000000000000000000),
 ( 1.000000000000000000, 0.8022468501230819449, 0.8022468501230819449, 1.000000000000000000, 0.8022468501230819449, 0.8022468501230819449, 1.000000000000000000),
 ( 1.000000000000000000, 0.8022468501230819449, 0.8022468501230819449, 1.000000000000000000, 0.8022468501230819449, 0.8022468501230819449, 1.000000000000000000),
 ( 1.000000000000000000, 0.8022468501230819449, 0.8022468501230819449, 1.000000000000000000, 0.8022468501230819449, 0.8022468501230819449, 1.000000000000000000),
 ( 1.000000000000000000, 0.8022468501230819449, 0.8022468501230819449, 1.000000000000000000, 0.8022468501230819449, 0.8022468501230819449, 1.000000000000000000),
 ( 1.000000000000000000, 0.8022468501230819449, 0.8022468501230819449, 1.000000000000000000, 0.8022468501230819449, 0.8022468501230819449, 1.000000000000000000),
 ( 1.000000000000000000, 0.8022468501230819449, 0.8022468501230819449, 1.000000000000000000, 0.8022468501230819449, 0.8022468501230819449, 1.000000000000000000),
 ( 1.000000000000000000, 0.8022468501230819449, 0.8022468501230819449, 1.000000000000000000, 0.8022468501230819449, 0.8022468501230819449, 1.000000000000000000),
 ( 1.000000000000000000, 0.8022468501230819449, 0.8022468501230819449, 1.000000000000000000, 0.8022468501230819449, 0.8022468501230819449, 1.000000000000000000) ) ) 
 REPRESENTATION_ITEM ( '' )  SURFACE ( )  );
#7441 = ADVANCED_FACE ( 'NONE', ( #3588 ), #1342, .F. ) ;
#7442 = CARTESIAN_POINT ( 'NONE',  ( 173.2751978444225074, -6.042206017375277405, 57.22443201450816730 ) ) ;
#7443 = LINE ( 'NONE', #2210, #5685 ) ;
#7444 = PLANE ( 'NONE',  #4875 ) ;
#7445 = CARTESIAN_POINT ( 'NONE',  ( 99.14499999999999602, -63.39640923772795134, 25.49000000000011568 ) ) ;
#7446 = CARTESIAN_POINT ( 'NONE',  ( 181.1205124361628123, -6.042206017369094795, 28.56098748355245931 ) ) ;
#7447 = CARTESIAN_POINT ( 'NONE',  ( 3.671948989097939986, -41.51274014781865418, 9.180041742209249733 ) ) ;
#7448 = CARTESIAN_POINT ( 'NONE',  ( 20.13201909064075323, -38.30748449334875261, -0.07350728171799569832 ) ) ;
#7449 = CARTESIAN_POINT ( 'NONE',  ( 18.44150802932642819, -34.90485069150243902, -19.59281012094951535 ) ) ;
#7450 = CARTESIAN_POINT ( 'NONE',  ( 12.99708902502160335, -38.31026286157671024, 1.719853551493901733 ) ) ;
#7451 = DIRECTION ( 'NONE',  ( 1.000000000000000000, -3.074555195481525416E-16, 1.561327534128339757E-31 ) ) ;
#7452 = ORIENTED_EDGE ( 'NONE', *, *, #3896, .F. ) ;
#7453 = CARTESIAN_POINT ( 'NONE',  ( 3.639908227113417549, -41.59905567476619126, 8.231480258001143469 ) ) ;
#7454 = CARTESIAN_POINT ( 'NONE',  ( 5.731696966368090784, -15.75086692215773709, 52.24755273530577426 ) ) ;
#7455 = CARTESIAN_POINT ( 'NONE',  ( -5.478588613101927685, -41.74165455519349166, 7.142001940792111370 ) ) ;
#7456 = CARTESIAN_POINT ( 'NONE',  ( -1.993464369826580818, -37.47691726430704051, -8.781409063510933422 ) ) ;
#7457 = CARTESIAN_POINT ( 'NONE',  ( -22.00000000000000355, -6.042206017375264970, -39.70645925814061883 ) ) ;
#7458 = CARTESIAN_POINT ( 'NONE',  ( 4.427599345774931194, -13.32420699615346749, -54.00735823494855481 ) ) ;
#7459 = CARTESIAN_POINT ( 'NONE',  ( -9.179970489981760906, -42.08223716987230745, -5.310711738576870289 ) ) ;
#7460 = CARTESIAN_POINT ( 'NONE',  ( 179.8382392356312494, -9.999999999999996447, 42.50214150462253571 ) ) ;
#7461 = VERTEX_POINT ( 'NONE', #4855 ) ;
#7462 = CARTESIAN_POINT ( 'NONE',  ( 30.67915473062150156, -13.94371515320612609, 92.10023280498641896 ) ) ;
#7463 = CARTESIAN_POINT ( 'NONE',  ( 2.891020672647206968, -37.51285741460866774, -8.545383535690890042 ) ) ;
#7464 = CARTESIAN_POINT ( 'NONE',  ( 99.14499999999999602, -63.39640923772800818, 1.544179419989875053E-15 ) ) ;
#7465 = CARTESIAN_POINT ( 'NONE',  ( -8.215097582139245347, -42.09340470306042192, 3.684679295772204988 ) ) ;
#7466 = CARTESIAN_POINT ( 'NONE',  ( 5.755971055176042128, -36.98441358106251187, 11.59957976463457285 ) ) ;
#7467 = DIRECTION ( 'NONE',  ( 0.000000000000000000, -5.078222490274110485E-16, -1.000000000000000000 ) ) ;
#7468 = CARTESIAN_POINT ( 'NONE',  ( 8.879487003438587323, -42.24094220834310676, -1.475556073724995532 ) ) ;
#7469 = ORIENTED_EDGE ( 'NONE', *, *, #5269, .T. ) ;
#7470 = CARTESIAN_POINT ( 'NONE',  ( 7.343998865180619617, -42.10617315468100230, 0.2042448726145590088 ) ) ;
#7471 = ORIENTED_EDGE ( 'NONE', *, *, #4779, .F. ) ;
#7472 = CARTESIAN_POINT ( 'NONE',  ( 3.672003405763750283, -41.88853576701350079, -0.6128983965664819289 ) ) ;
#7473 = CARTESIAN_POINT ( 'NONE',  ( -2.950987610365085034E-05, -41.67149771610429809, 5.310660727850260443 ) ) ;
#7474 = CARTESIAN_POINT ( 'NONE',  ( 3.168688680540636682, -41.57154047107901107, -8.428899662285626704 ) ) ;
#7475 = CARTESIAN_POINT ( 'NONE',  ( 9.180003405678450079, -42.30370947901290180, -0.6128677901305170650 ) ) ;
#7476 = B_SPLINE_CURVE_WITH_KNOTS ( 'NONE', 3,
 ( #824, #6714, #6750, #1481, #1366, #253, #4416, #6145, #2584, #4921, #1516, #3235, #5573, #7249, #327, #6605, #788, #3123, #548, #2267, #7385, #2121, #6292, #5184, #3918, #1626, #2227, #4561, #3993, #1590, #1048, #4452, #1661, #3880, #3956, #2190, #5647, #2155, #4524, #4487, #2766, #7417, #6928, #6257, #5032, #7500, #1697, #3380, #4030, #1010, #6327, #6365, #6219, #1553, #2844, #469, #400, #7353, #6894, #6821, #1085, #3307, #973, #3414, #5718, #6856, #508, #2805, #1122, #3343, #5756, #6786, #2732, #4598, #5681, #5147, #435, #5106, #7458, #3454, #5794, #5070, #1201, #1850, #2304 ),
 .UNSPECIFIED., .F., .F.,
 ( 4, 2, 2, 2, 2, 2, 1, 1, 1, 2, 2, 2, 2, 1, 1, 1, 1, 2, 2, 2, 2, 1, 1, 1, 1, 1, 2, 2, 2, 2, 1, 1, 1, 1, 1, 2, 2, 2, 2, 1, 1, 1, 1, 1, 2, 2, 2, 2, 1, 1, 1, 1, 1, 2, 2, 4 ),
 ( 0.000000000000000000, 0.06250000000001613987, 0.09375000000002424450, 0.1250000000000323352, 0.1875000000000486555, 0.2187500000000568157, 0.2343750000000608680, 0.2421875000000628386, 0.2460937500000638101, 0.2480468750000643929, 0.2500000000000649480, 0.3125000000000852651, 0.3437500000000954792, 0.3593750000001004752, 0.3671875000001029177, 0.3710937500001040279, 0.3730468750001044720, 0.3740234375001045830, 0.3750000000001046940, 0.4375000000001116329, 0.4687500000001151301, 0.4843750000001169065, 0.4921875000001179057, 0.4960937500001182943, 0.4980468750001183498, 0.4990234375001182388, 0.4995117187501182943, 0.5000000000001182388, 0.5625000000000952571, 0.5937500000000839329, 0.6093750000000782707, 0.6171875000000757172, 0.6210937500000743849, 0.6230468750000737188, 0.6240234375000733857, 0.6245117187500733857, 0.6250000000000732747, 0.6875000000000761613, 0.7187500000000776046, 0.7343750000000782707, 0.7421875000000786038, 0.7460937500000789369, 0.7480468750000791589, 0.7490234375000791589, 0.7495117187500791589, 0.7500000000000791589, 0.8125000000000659472, 0.8437500000000595080, 0.8593750000000561773, 0.8671875000000545120, 0.8710937500000537348, 0.8730468750000534017, 0.8740234375000531797, 0.8745117187500530687, 0.8750000000000529576, 1.000000000000000000 ),
 .UNSPECIFIED. ) ;
#7477 = EDGE_CURVE ( 'NONE', #1566, #115, #5397, .T. ) ;
#7478 = CYLINDRICAL_SURFACE ( 'NONE', #3995, 12.99803161225499970 ) ;
#7479 = CARTESIAN_POINT ( 'NONE',  ( -18.00000000000000000, -32.29571161549034741, -26.62793936103274817 ) ) ;
#7480 = FACE_OUTER_BOUND ( 'NONE', #7200, .T. ) ;
#7481 = DIRECTION ( 'NONE',  ( 3.074555195481525416E-16, 1.000000000000000000, -5.078222490274110485E-16 ) ) ;
#7482 = CARTESIAN_POINT ( 'NONE',  ( 1.231867158109557492, -37.45495791812188457, 8.920226609073912627 ) ) ;
#7483 = CARTESIAN_POINT ( 'NONE',  ( -4.667665778224310122E-05, -41.49435253679070001, 8.400031655487991245 ) ) ;
#7484 =( BOUNDED_SURFACE ( )  B_SPLINE_SURFACE ( 3, 3, ( 
 ( #3162, #1401, #823, #5500 ),
 ( #3731, #1129, #2162, #6936 ),
 ( #1705, #4074, #5802, #4040 ),
 ( #2773, #4605, #406, #2275 ),
 ( #555, #5688, #2814, #6372 ),
 ( #2890, #5230, #5654, #5153 ),
 ( #981, #6333, #3313, #5078 ),
 ( #4530, #2851, #7546, #6829 ),
 ( #2233, #2739, #4567, #5192 ),
 ( #6900, #1667, #3424, #6264 ) ),
 .UNSPECIFIED., .F., .F., .F. ) 
 B_SPLINE_SURFACE_WITH_KNOTS ( ( 4, 2, 2, 2, 4 ),
 ( 4, 4 ),
 ( 0.000000000000000000, 0.2500000000000000000, 0.5000000000000000000, 0.7500000000000000000, 1.000000000000000000 ),
 ( 0.000000000000000000, 1.000000000000000000 ),
 .UNSPECIFIED. ) 
 GEOMETRIC_REPRESENTATION_ITEM ( )  RATIONAL_B_SPLINE_SURFACE ( (
 ( 1.000000000000000000, 0.3333333333333335369, 0.3333333333333335369, 1.000000000000000000),
 ( 1.000000000000000000, 0.3333333333333335369, 0.3333333333333335369, 1.000000000000000000),
 ( 1.000000000000000000, 0.3333333333333335369, 0.3333333333333335369, 1.000000000000000000),
 ( 1.000000000000000000, 0.3333333333333335369, 0.3333333333333335369, 1.000000000000000000),
 ( 1.000000000000000000, 0.3333333333333335369, 0.3333333333333335369, 1.000000000000000000),
 ( 1.000000000000000000, 0.3333333333333335369, 0.3333333333333335369, 1.000000000000000000),
 ( 1.000000000000000000, 0.3333333333333335369, 0.3333333333333335369, 1.000000000000000000),
 ( 1.000000000000000000, 0.3333333333333335369, 0.3333333333333335369, 1.000000000000000000),
 ( 1.000000000000000000, 0.3333333333333335369, 0.3333333333333335369, 1.000000000000000000),
 ( 1.000000000000000000, 0.3333333333333335369, 0.3333333333333335369, 1.000000000000000000) ) ) 
 REPRESENTATION_ITEM ( '' )  SURFACE ( )  );
#7485 =( BOUNDED_CURVE ( )  B_SPLINE_CURVE ( 3, ( #3635, #5407, #6592, #199, #4864, #7305, #5018 ),
 .UNSPECIFIED., .F., .F. ) 
 B_SPLINE_CURVE_WITH_KNOTS ( ( 4, 3, 4 ),
 ( 0.05525476396296154225, 0.1555958556408046367, 0.2523827344788290850 ),
 .UNSPECIFIED. ) 
 CURVE ( )  GEOMETRIC_REPRESENTATION_ITEM ( )  RATIONAL_B_SPLINE_CURVE ( ( 0.8630224892071485243, 0.8281268750575663251, 0.8737860453218501133, 1.000000000000000000, 0.8782567088434471980, 0.8314625598414142615, 0.8596175529939009685 ) ) 
 REPRESENTATION_ITEM ( '' )  );
#7486 = CARTESIAN_POINT ( 'NONE',  ( -12.65925148833763103, -38.13643590881432033, 2.987068070756308202 ) ) ;
#7487 = PLANE ( 'NONE',  #5679 ) ;
#7488 = VECTOR ( 'NONE', #5669, 1000.000000000000000 ) ;
#7489 = CARTESIAN_POINT ( 'NONE',  ( -18.00000000000000000, -11.27713467053115970, -50.82238809104900668 ) ) ;
#7490 = CARTESIAN_POINT ( 'NONE',  ( -11.63161826774518381, -37.87588062191749572, 5.804120376597326825 ) ) ;
#7491 = EDGE_CURVE ( 'NONE', #6495, #3663, #4189, .T. ) ;
#7492 = VERTEX_POINT ( 'NONE', #4167 ) ;
#7493 = CARTESIAN_POINT ( 'NONE',  ( 3.457681816407503383, -41.58820832912206811, 8.309298978323111484 ) ) ;
#7494 = CARTESIAN_POINT ( 'NONE',  ( 11.65351041485930317, -37.87581631348469813, 5.777274693167512076 ) ) ;
#7495 = DIRECTION ( 'NONE',  ( -1.000000000000000000, -0.000000000000000000, -0.000000000000000000 ) ) ;
#7496 = CIRCLE ( 'NONE', #2984, 100.8923368198791195 ) ;
#7497 = CARTESIAN_POINT ( 'NONE',  ( 5.438107932617697315, -37.70565844076584483, -7.172511647817031211 ) ) ;
#7498 =( NAMED_UNIT ( * ) PLANE_ANGLE_UNIT ( ) SI_UNIT ( $, .RADIAN. ) );
#7499 = AXIS2_PLACEMENT_3D ( 'NONE', #2176, #6312, #4657 ) ;
#7500 = CARTESIAN_POINT ( 'NONE',  ( 12.46228059450479897, -28.69944196141443626, -39.54736263063321644 ) ) ;
#7501 = CARTESIAN_POINT ( 'NONE',  ( -8.538835419362150958, -42.15557629542232121, -2.859266787317408909 ) ) ;
#7502 = CARTESIAN_POINT ( 'NONE',  ( 73.65500000000000114, -64.66763823405520384, 5.659916979539048169E-14 ) ) ;
#7503 = FACE_OUTER_BOUND ( 'NONE', #3219, .T. ) ;
#7504 = B_SPLINE_CURVE_WITH_KNOTS ( 'NONE', 3,
 ( #1544, #2758, #4477, #3908, #5174, #1581, #2145, #6317, #5022, #2216 ),
 .UNSPECIFIED., .F., .F.,
 ( 4, 2, 2, 2, 4 ),
 ( 0.000000000000000000, 0.01612567197809335398, 0.03241833827912499189, 0.04871100458015663326, 0.06075673434444822663 ),
 .UNSPECIFIED. ) ;
#7505 = ORIENTED_EDGE ( 'NONE', *, *, #4372, .F. ) ;
#7506 = CARTESIAN_POINT ( 'NONE',  ( 179.0824426214870186, -13.94371515320615806, 4.163336342344334502E-14 ) ) ;
#7507 = CARTESIAN_POINT ( 'NONE',  ( -6.282442621485373024, -13.94371515320773902, -185.3648852429707858 ) ) ;
#7508 = CARTESIAN_POINT ( 'NONE',  ( 132.1963904380766053, -50.78462308660660085, 5.608440296249299316E-15 ) ) ;
#7509 = CARTESIAN_POINT ( 'NONE',  ( -7.483795364905738268, -41.97720097445947829, 4.999289051140625162 ) ) ;
#7510 = CARTESIAN_POINT ( 'NONE',  ( 3.988557205794493576, -36.84077666530485118, 12.31079744134726361 ) ) ;
#7511 = CARTESIAN_POINT ( 'NONE',  ( 94.82056833811907381, -63.39640923772800818, 9.603532464480895925 ) ) ;
#7512 = CARTESIAN_POINT ( 'NONE',  ( 1.465160477208603318, -41.50583852936569684, -8.884901392474258586 ) ) ;
#7513 = VERTEX_POINT ( 'NONE', #5973 ) ;
#7514 = CARTESIAN_POINT ( 'NONE',  ( 7.344001134591879421, -42.10616211150964716, -0.2041632554519949849 ) ) ;
#7515 = ORIENTED_EDGE ( 'NONE', *, *, #6280, .F. ) ;
#7516 = CARTESIAN_POINT ( 'NONE',  ( 3.672011546564115214, -41.86434211346455214, -2.077934327300730022 ) ) ;
#7517 = CARTESIAN_POINT ( 'NONE',  ( -3.672051010788329961, -41.51274637537379419, 9.180000933627960436 ) ) ;
#7518 = DIRECTION ( 'NONE',  ( 1.000000000000000000, 0.000000000000000000, 0.000000000000000000 ) ) ;
#7519 = CARTESIAN_POINT ( 'NONE',  ( -7.343983152636480050, -42.05000831274159623, -3.031908093309129804 ) ) ;
#7520 = B_SPLINE_CURVE_WITH_KNOTS ( 'NONE', 3,
 ( #6079, #1333, #3618, #4197, #5350, #6532, #832, #3170, #4729, #2472, #6496, #1253, #3580, #5927, #755 ),
 .UNSPECIFIED., .F., .F.,
 ( 4, 1, 1, 1, 1, 1, 1, 1, 2, 2, 4 ),
 ( 0.000000000000000000, 0.2499999999999920619, 0.3749999999999881206, 0.4374999999999861222, 0.4687499999999842348, 0.4843749999999832911, 0.4921874999999837352, 0.4960937499999830136, 0.4980468749999826805, 0.4999999999999823475, 1.000000000000000000 ),
 .UNSPECIFIED. ) ;
#7521 = DIRECTION ( 'NONE',  ( 1.000000000000000000, -1.334604752262064725E-16, 0.000000000000000000 ) ) ;
#7522 = EDGE_CURVE ( 'NONE', #1340, #523, #2480, .T. ) ;
#7523 = CYLINDRICAL_SURFACE ( 'NONE', #5074, 13.99999999999999822 ) ;
#7524 = DIRECTION ( 'NONE',  ( -0.000000000000000000, 1.000000000000000000, -0.000000000000000000 ) ) ;
#7525 = CARTESIAN_POINT ( 'NONE',  ( 99.14500000000001023, -64.66763823405520384, -2.673877255218193873E-14 ) ) ;
#7526 = CARTESIAN_POINT ( 'NONE',  ( -3.672046676600915216, -41.56765029200165174, 8.400011251197350148 ) ) ;
#7527 = EDGE_CURVE ( 'NONE', #7130, #5612, #5436, .T. ) ;
#7528 = CARTESIAN_POINT ( 'NONE',  ( 20.13201909064075323, -38.30748449334880235, -0.07350728171799320032 ) ) ;
#7529 = CARTESIAN_POINT ( 'NONE',  ( -5.948536209061421332, -41.78671642220452753, -6.779652593914227587 ) ) ;
#7530 = CARTESIAN_POINT ( 'NONE',  ( 163.2016909086756300, -6.042206017375335136, -70.35091909074229477 ) ) ;
#7531 = CARTESIAN_POINT ( 'NONE',  ( -10.25800539720776960, -37.60240943990871898, 7.933926981467864792 ) ) ;
#7532 = ORIENTED_EDGE ( 'NONE', *, *, #2636, .T. ) ;
#7533 = CARTESIAN_POINT ( 'NONE',  ( -3.424278079617622872, -41.58628155785615377, 8.323125159208448309 ) ) ;
#7534 = CARTESIAN_POINT ( 'NONE',  ( 10.32715661588989775, -37.60418168390732063, 7.941158324759999942 ) ) ;
#7535 = CARTESIAN_POINT ( 'NONE',  ( 7.649076318712620726, -42.00105218614662306, 4.751637622176974496 ) ) ;
#7536 = CARTESIAN_POINT ( 'NONE',  ( -3.418351957230916671, -37.54517403368517137, -8.325560816120598062 ) ) ;
#7537 = CARTESIAN_POINT ( 'NONE',  ( 149.6614994673865908, -58.99259783589949535, 7.747299283199699130E-15 ) ) ;
#7538 = ADVANCED_FACE ( 'NONE', ( #5623 ), #2746, .T. ) ;
#7539 = CARTESIAN_POINT ( 'NONE',  ( 0.4875835940438709715, -6.042206017374069482, 58.61996200337879515 ) ) ;
#7540 = CARTESIAN_POINT ( 'NONE',  ( 3.471071036893752293, -41.58898566607420832, -8.303717693917938902 ) ) ;
#7541 = LINE ( 'NONE', #7502, #861 ) ;
#7542 = CARTESIAN_POINT ( 'NONE',  ( 152.8722439315374970, -38.48506133258119633, 4.163336342344334502E-14 ) ) ;
#7543 = VERTEX_POINT ( 'NONE', #6160 ) ;
#7544 = CARTESIAN_POINT ( 'NONE',  ( 33.62745298071140354, -47.26221975847409595, -1.112684768943767999 ) ) ;
#7545 = DIRECTION ( 'NONE',  ( -0.000000000000000000, -1.000000000000000000, -0.000000000000000000 ) ) ;
#7546 = CARTESIAN_POINT ( 'NONE',  ( 54.88684423297736714, -56.13001623236052495, -63.02631153404517761 ) ) ;
#7547 = CARTESIAN_POINT ( 'NONE',  ( 3.442120465221281567, -41.58730849585915479, 8.315757926597459715 ) ) ;
#7548 = CARTESIAN_POINT ( 'NONE',  ( -11.22778743283714320, -37.78847511630031164, 6.543990599626040350 ) ) ;
#7549 = CARTESIAN_POINT ( 'NONE',  ( -12.69257573279303131, 20.00000000000000000, -50.16455915774985641 ) ) ;
#7550 = STYLED_ITEM ( 'NONE', ( #2502 ), #2242 ) ;
#7551 = CARTESIAN_POINT ( 'NONE',  ( 5.478588612919384815, -41.74165455517505308, -7.142001940940815530 ) ) ;
#7552 = ORIENTED_EDGE ( 'NONE', *, *, #4980, .F. ) ;
#7553 = CARTESIAN_POINT ( 'NONE',  ( -5.507999999914719780, -41.99430005084909823, -3.060643596962835030E-05 ) ) ;
#7554 = ORIENTED_EDGE ( 'NONE', *, *, #3559, .F. ) ;
#7555 = CARTESIAN_POINT ( 'NONE',  ( 6.245992168675559985E-06, -41.78975016829365074, -1.124042178454895957 ) ) ;
#7556 = CARTESIAN_POINT ( 'NONE',  ( -1.684724981805610017E-05, -41.75539727404530055, 3.031867284727840062 ) ) ;
#7557 = DIRECTION ( 'NONE',  ( 0.000000000000000000, 1.000000000000000000, 0.000000000000000000 ) ) ;
#7558 = CARTESIAN_POINT ( 'NONE',  ( -9.179961991574911551, -41.98502101360424632, -6.840103301353379628 ) ) ;
#7559 = CARTESIAN_POINT ( 'NONE',  ( 8.999986789893434036, -38.30531978232574630, 0.01542017347367919192 ) ) ;
#7560 = CARTESIAN_POINT ( 'NONE',  ( 68.79978611128889554, -58.25464714294840007, 0.000000000000000000 ) ) ;
#7561 = CARTESIAN_POINT ( 'NONE',  ( -12.64384698155560116, -38.31026286157669603, 3.466316902698125535 ) ) ;
#7562 = CARTESIAN_POINT ( 'NONE',  ( -71.46669839058749574, -6.042206017375249871, 137.9613978004092019 ) ) ;
#7563 = CARTESIAN_POINT ( 'NONE',  ( -17.60597693396296748, -6.042206017373006333, 208.0119538679257687 ) ) ;
ENDSEC;
END-ISO-10303-21;
