; generated by PrusaSlicer 2.9.4 on 2026-05-23 at 18:47:43 UTC

; 

; external perimeters extrusion width = 0.45mm
; perimeters extrusion width = 0.45mm
; infill extrusion width = 0.45mm
; solid infill extrusion width = 0.45mm
; top infill extrusion width = 0.40mm
; first layer extrusion width = 0.50mm

M73 P0 R21
M73 Q0 S22

; printing object BOT_MID_BODY_SUP.stl id:0 copy 0
; stop printing object BOT_MID_BODY_SUP.stl id:0 copy 0

M190 S60 ; set bed temperature and wait for it to be reached
M104 S180 ; set temperature
;TYPE:Custom
G28 ; home all axes
G1 Z5 F5000 ; lift nozzle
M109 S180 ; set temperature and wait for it to be reached
G21 ; set units to millimeters
G90 ; use absolute coordinates
M82 ; use absolute distances for extrusion
G92 E0
; Filament gcode
M107
;LAYER_CHANGE
;Z:0.55
;HEIGHT:0.55
G1 E-2 F2400
G92 E0
G1 Z.6 F7800
; printing object BOT_MID_BODY_SUP.stl id:0 copy 0
G92 E0
G1 X104.344 Y106.532
G1 Z.55
G1 E2 F2400
;TYPE:Perimeter
;WIDTH:0.499999
;HEIGHT:0.25
G1 F1800
G1 X104.278 Y106.69 E2.00794
G1 X104.133 Y106.942 E2.02143
G1 X103.732 Y107.465 E2.052
G1 X103.115 Y108.001 E2.08992
G1 X102.542 Y108.324 E2.12044
G1 X102.072 Y108.497 E2.14367
G1 X101.205 Y108.633 E2.18438
G1 X100.393 Y108.577 E2.22214
G1 X99.757 Y108.399 E2.25278
G1 X99.119 Y108.075 E2.28598
G1 X98.594 Y107.673 E2.31666
G1 X98.059 Y107.058 E2.35448
G1 X97.735 Y106.483 E2.3851
;WIDTH:0.500148
G1 X97.528 Y105.883 E2.41456
G1 X97.441 Y105.12 E2.4502
;WIDTH:0.493883
G1 X97.485 Y104.335 E2.48618
;WIDTH:0.499999
G1 X97.66 Y103.699 E2.51678
G1 X98.009 Y103.016 E2.55236
G1 X98.417 Y102.497 E2.58299
G1 X99.003 Y101.999 E2.61867
G1 X99.577 Y101.676 E2.64923
G1 X100.176 Y101.469 E2.67863
G1 X100.935 Y101.364 E2.71418
G1 X101.594 Y101.4 E2.7448
G1 X102.084 Y101.506 E2.76806
G1 X102.772 Y101.79 E2.80259
G1 X103.525 Y102.327 E2.8455
G1 X104.059 Y102.942 E2.88329
G1 X104.383 Y103.517 E2.91391
G1 X104.556 Y103.987 E2.93714
G1 X104.692 Y104.854 E2.97785
G1 X104.692 Y105.146 E2.9914
G1 X104.606 Y105.8 E3.022
G1 X104.531 Y106.081 E3.03549
G1 X104.367 Y106.476 E3.05533
G1 X103.934 Y106.341 F7800
G1 F1800
G1 X103.866 Y106.519 E3.06417
G1 X103.377 Y107.194 E3.10284
G1 X102.836 Y107.653 E3.13575
G1 X102.335 Y107.928 E3.16226
G1 X101.856 Y108.095 E3.18579
G1 X101.147 Y108.191 E3.21898
G1 X100.442 Y108.133 E3.2518
G1 X99.891 Y107.973 E3.27842
G1 X99.391 Y107.721 E3.3044
G1 X98.866 Y107.319 E3.33508
G1 X98.407 Y106.779 E3.36796
G1 X98.131 Y106.277 E3.39454
G1 X97.954 Y105.749 E3.42038
G1 X97.867 Y105.073 E3.452
G1 X97.926 Y104.383 E3.48413
G1 X98.086 Y103.833 E3.5107
G1 X98.401 Y103.231 E3.54222
G1 X98.759 Y102.784 E3.56879
G1 X99.282 Y102.347 E3.60041
G1 X99.783 Y102.072 E3.62692
G1 X100.31 Y101.895 E3.65271
G1 X100.984 Y101.808 E3.68424
G1 X101.555 Y101.844 E3.71078
G1 X102.088 Y101.977 E3.73627
G1 X102.592 Y102.199 E3.76182
G1 X103.253 Y102.682 E3.7998
G1 X103.711 Y103.221 E3.83261
G1 X103.987 Y103.723 E3.85919
G1 X104.164 Y104.258 E3.88533
G1 X104.25 Y104.913 E3.91598
G1 X104.164 Y105.742 E3.95465
G1 X103.956 Y106.285 E3.98163
G1 X103.532 Y106.153 F7800
;TYPE:External perimeter
G1 F1800
G1 X103.454 Y106.349 E3.99142
G1 X103.023 Y106.922 E4.02468
G1 X102.556 Y107.305 E4.0527
G1 X102.098 Y107.546 E4.07671
G1 X101.743 Y107.662 E4.09404
G1 X101.089 Y107.748 E4.12464
G1 X100.49 Y107.689 E4.15256
G1 X99.994 Y107.535 E4.17665
G1 X99.662 Y107.367 E4.19391
G1 X99.137 Y106.964 E4.22461
G1 X98.755 Y106.499 E4.25253
G1 X98.512 Y106.034 E4.27687
G1 X98.37 Y105.571 E4.29934
G1 X98.31 Y105.024 E4.32487
G1 X98.37 Y104.431 E4.35252
G1 X98.529 Y103.926 E4.37708
G1 X98.792 Y103.445 E4.40251
G1 X99.132 Y103.04 E4.42704
G1 X99.562 Y102.695 E4.45262
G1 X100.025 Y102.453 E4.47686
G1 X100.487 Y102.311 E4.49928
G1 X101.032 Y102.251 E4.52472
G1 X101.551 Y102.295 E4.54888
G1 X101.908 Y102.386 E4.56597
G1 X102.412 Y102.607 E4.5915
G1 X102.981 Y103.036 E4.62456
G1 X103.363 Y103.501 E4.65248
G1 X103.605 Y103.961 E4.67659
G1 X103.721 Y104.317 E4.69396
G1 X103.807 Y104.971 E4.72456
G1 X103.721 Y105.683 E4.75783
G1 X103.555 Y106.098 E4.77857
G1 X103.366 Y106.451 F7800
G1 E2.77857 F2400
G92 E0
G1 X112.951 Y120.857 F7800
G1 E2 F2400
;TYPE:Perimeter
G1 F1800
G1 X97.05 Y120.857 E2.73769
G1 X97.047 Y105.692 E3.44123
;WIDTH:0.494156
G1 X97.032 Y104.859 E3.47938
;WIDTH:0.493883
G1 X97.046 Y104.311 E3.50446
;WIDTH:0.499999
G1 X97.05 Y89.143 E4.20814
G1 X112.951 Y89.143 E4.94583
G1 X112.951 Y120.797 E6.41434
G1 X113.397 Y121.304 F7800
G1 F1800
G1 X96.603 Y121.304 E7.19346
G1 X96.603 Y88.696 E8.70623
G1 X113.397 Y88.696 E9.48535
G1 X113.397 Y121.244 E10.99534
G1 X113.843 Y121.75 F7800
;TYPE:External perimeter
G1 F1800
G1 X96.157 Y121.75 E11.81584
G1 X96.157 Y88.25 E13.36999
G1 X113.843 Y88.25 E14.19049
G1 X113.843 Y121.69 E15.74186
M73 P1 R21
M73 Q1 S22
G1 X113.448 Y121.749 F7800
G1 E13.74186 F2400
G92 E0
G1 X111.905 Y89.277 F7800
G1 E2 F2400
;TYPE:Solid infill
;WIDTH:0.504375
G1 F1800
G1 X112.616 Y89.987 E2.04707
G1 X112.616 Y90.625 E2.07696
G1 X111.468 Y89.477 E2.15302
G1 X110.831 Y89.477 E2.18286
G1 X112.616 Y91.262 E2.30112
G1 X112.616 Y91.9 E2.33101
G1 X110.194 Y89.477 E2.49151
G1 X109.556 Y89.477 E2.5214
G1 X112.616 Y92.537 E2.72413
G1 X112.616 Y93.174 E2.75397
G1 X108.919 Y89.477 E2.9989
G1 X108.281 Y89.477 E3.02879
G1 X112.616 Y93.812 E3.31599
G1 X112.616 Y94.449 E3.34583
G1 X107.644 Y89.477 E3.67524
G1 X107.007 Y89.477 E3.70508
G1 X112.616 Y95.087 E4.07672
G1 X112.616 Y95.724 E4.10656
G1 X106.369 Y89.477 E4.52044
G1 X105.732 Y89.477 E4.55028
G1 X112.616 Y96.362 E5.00639
G1 X112.616 Y96.999 E5.03623
G1 X105.094 Y89.477 E5.53458
G1 X104.457 Y89.477 E5.56442
G1 X112.616 Y97.636 E6.10497
G1 X112.616 Y98.274 E6.13486
G1 X103.819 Y89.477 E6.71768
G1 X103.182 Y89.477 E6.74752
G1 X112.616 Y98.911 E7.37254
G1 X112.616 Y99.549 E7.40243
G1 X102.545 Y89.477 E8.06969
G1 X101.907 Y89.477 E8.09958
G1 X112.616 Y100.186 E8.80908
G1 X112.616 Y100.823 E8.83892
G1 X101.27 Y89.477 E9.59062
G1 X100.632 Y89.477 E9.62051
G1 X112.616 Y101.461 E10.41448
G1 X112.616 Y102.098 E10.44432
G1 X99.995 Y89.477 E11.28049
G1 X99.357 Y89.477 E11.31038
G1 X112.616 Y102.736 E12.18882
G1 X112.616 Y103.373 E12.21866
G1 X98.72 Y89.477 E13.1393
G1 X98.083 Y89.477 E13.16914
G1 X112.616 Y104.011 E14.13202
G1 X112.616 Y104.648 E14.16186
M73 Q1 S21
G1 X97.445 Y89.477 E15.16697
G1 X97.384 Y89.477 E15.16983
G1 X97.384 Y90.054 E15.19686
G1 X112.616 Y105.285 E16.20598
G1 X112.616 Y105.923 E16.23587
G1 X97.384 Y90.691 E17.24502
G1 X97.383 Y91.328 E17.27486
M73 P2 R21
G1 X112.616 Y106.56 E18.28405
G1 X112.616 Y107.198 E18.31394
M73 Q2 S21
G1 X97.383 Y91.965 E19.32316
G1 X97.383 Y92.602 E19.353
G1 X112.616 Y107.835 E20.36222
G1 X112.616 Y108.473 E20.39211
G1 X97.383 Y93.239 E21.40136
G1 X97.382 Y93.877 E21.43125
G1 X112.616 Y109.11 E22.4405
G1 X112.616 Y109.747 E22.47034
G1 X97.382 Y94.514 E23.47959
G1 X97.382 Y95.151 E23.50943
G1 X112.616 Y110.385 E24.51872
G1 X112.616 Y111.022 E24.54856
G1 X97.382 Y95.788 E25.55785
G1 X97.381 Y96.425 E25.58769
G1 X102.139 Y101.183 E25.90292
G1 X101.631 Y101.067 E25.92733
G1 X101.362 Y101.044 E25.93998
G1 X97.381 Y97.062 E26.20376
G1 X97.381 Y97.7 E26.23365
G1 X100.731 Y101.05 E26.4556
G1 X100.172 Y101.129 E26.48205
G1 X97.381 Y98.337 E26.66699
G1 X97.38 Y98.974 E26.69683
G1 X99.681 Y101.274 E26.84924
G1 X99.242 Y101.473 E26.87182
G1 X97.38 Y99.611 E26.99518
G1 X97.38 Y100.248 E27.02502
G1 X98.839 Y101.707 E27.12168
G1 X98.482 Y101.988 E27.14296
G1 X97.38 Y100.885 E27.216
G1 X97.379 Y101.523 E27.24589
G1 X98.15 Y102.294 E27.29697
G1 X97.861 Y102.642 E27.31816
G1 X97.379 Y102.16 E27.35009
G1 X97.379 Y102.797 E27.37993
G1 X97.765 Y103.183 E27.4055
G1 E25.4055 F2400
G92 E0
G1 X104.566 Y103.609 F7800
G1 E2 F2400
G1 F1800
G1 X112.616 Y111.66 E2.53336
G1 X112.616 Y112.297 E2.5632
G1 X105 Y104.681 E3.06778
G1 X105.037 Y105 E3.08282
G1 X104.999 Y105.318 E3.09782
G1 X112.616 Y112.934 E3.60243
G1 X112.616 Y113.572 E3.63232
G1 X104.931 Y105.887 E4.14147
G1 X104.842 Y106.205 E4.15694
G1 X104.772 Y106.366 E4.16516
G1 X112.616 Y114.209 E4.68481
G1 X112.616 Y114.847 E4.7147
G1 X104.581 Y106.812 E5.24704
G1 X104.503 Y106.992 E5.25623
G1 X104.338 Y107.207 E5.26893
G1 X112.616 Y115.484 E5.81733
G1 X112.616 Y116.122 E5.84722
G1 X104.062 Y107.568 E6.41394
G1 X103.881 Y107.804 E6.42787
G1 X103.759 Y107.903 E6.43523
G1 X112.616 Y116.759 E7.02199
G1 X112.616 Y117.396 E7.05183
G1 X103.407 Y108.188 E7.66191
G1 X103.217 Y108.342 E7.67337
G1 X103.026 Y108.444 E7.68351
G1 X112.616 Y118.034 E8.31887
G1 X112.616 Y118.671 E8.34871
G1 X102.605 Y108.66 E9.01196
G1 X102.131 Y108.824 E9.03546
M73 P3 R21
G1 X112.616 Y119.309 E9.73011
G1 X112.616 Y119.946 E9.75995
M73 Q3 S21
G1 X101.588 Y108.918 E10.49058
G1 X101.243 Y108.966 E10.5069
G1 X101.001 Y108.969 E10.51824
G1 X112.555 Y120.523 E11.28372
G1 X111.917 Y120.523 E11.31361
G1 X100.015 Y108.621 E12.10214
G1 E10.10214 F2400
G92 E0
G1 X97.194 Y106.436 F7800
G1 E2 F2400
G1 F1800
G1 X97.485 Y106.728 E2.01931
G1 X97.645 Y107.035 E2.03553
G1 X97.795 Y107.264 E2.04835
G1 X98.146 Y107.701 E2.07461
G1 X98.385 Y107.935 E2.09028
G1 X98.92 Y108.345 E2.12186
G1 X99.153 Y108.489 E2.13469
G1 X99.325 Y108.568 E2.14356
G1 X111.28 Y120.523 E2.93561
G1 X110.642 Y120.523 E2.9655
G1 X97.385 Y107.265 E3.84384
G1 X97.384 Y107.902 E3.87368
G1 X110.005 Y120.523 E4.70985
G1 X109.368 Y120.523 E4.73969
G1 X97.384 Y108.539 E5.53366
G1 X97.384 Y109.177 E5.56355
G1 X108.73 Y120.523 E6.31525
G1 X108.093 Y120.523 E6.34509
G1 X97.384 Y109.814 E7.05459
G1 X97.384 Y110.452 E7.08448
G1 X107.455 Y120.523 E7.75171
G1 X106.818 Y120.523 E7.78155
G1 X97.384 Y111.089 E8.40657
G1 X97.384 Y111.726 E8.43641
G1 X106.181 Y120.523 E9.01923
G1 X105.543 Y120.523 E9.04912
G1 X97.384 Y112.364 E9.58967
G1 X97.384 Y113.001 E9.61951
G1 X104.906 Y120.523 E10.11786
G1 X104.268 Y120.523 E10.14775
G1 X97.384 Y113.639 E10.60383
G1 X97.384 Y114.276 E10.63367
G1 X103.631 Y120.523 E11.04755
G1 X102.993 Y120.523 E11.07744
G1 X97.384 Y114.913 E11.44908
G1 X97.384 Y115.551 E11.47897
G1 X102.356 Y120.523 E11.80838
G1 X101.719 Y120.523 E11.83822
G1 X97.384 Y116.188 E12.12542
G1 X97.384 Y116.826 E12.15531
G1 X101.081 Y120.523 E12.40024
G1 X100.444 Y120.523 E12.43008
G1 X97.384 Y117.463 E12.63281
G1 X97.384 Y118.101 E12.6627
G1 X99.806 Y120.523 E12.82316
G1 X99.169 Y120.523 E12.853
G1 X97.384 Y118.738 E12.97126
G1 X97.384 Y119.375 E13.0011
G1 X98.531 Y120.523 E13.07712
G1 X97.894 Y120.523 E13.10696
G1 X97.183 Y119.812 E13.15407
;LAYER_CHANGE
;Z:0.75
;HEIGHT:0.2
G1 E11.15407 F2400
G92 E0
G1 Z.75 F7800
G1 X104.254 Y106.49
G1 E2 F2400
;TYPE:Perimeter
;WIDTH:0.449999
G1 F900
G1 X104.175 Y106.669 E2.00662
G1 X103.65 Y107.402 E2.03714
G1 X103.16 Y107.845 E2.0595
G1 X102.513 Y108.222 E2.08485
G1 X101.782 Y108.46 E2.11087
G1 X101.148 Y108.535 E2.13248
G1 X100.533 Y108.497 E2.15334
G1 X99.899 Y108.339 E2.17546
G1 X99.39 Y108.116 E2.19427
G1 X98.657 Y107.591 E2.22479
G1 X98.294 Y107.206 E2.2427
G1 X97.848 Y106.474 E2.27171
;WIDTH:0.482072
G1 X97.74 Y106.236 E2.28125
;WIDTH:0.514145
G1 X97.632 Y105.998 E2.29149
;WIDTH:0.548736
G1 X97.591 Y105.9 E2.29596
;WIDTH:0.583327
G1 X97.551 Y105.803 E2.30067
G1 X97.485 Y105.141 E2.33056
;WIDTH:0.545175
G1 X97.495 Y104.609 E2.35278
;WIDTH:0.566298
G1 X97.519 Y104.401 E2.36189
G1 X97.594 Y104.192 E2.37155
;WIDTH:0.527532
G1 X97.67 Y103.983 E2.38051
;WIDTH:0.488766
G1 X97.746 Y103.773 E2.38879
;WIDTH:0.449999
G1 X98.029 Y103.176 E2.41115
G1 X98.482 Y102.58 E2.43649
G1 X98.958 Y102.155 E2.45809
G1 X99.539 Y101.811 E2.48094
M73 P3 R20
G1 X100.163 Y101.583 E2.50343
G1 X100.94 Y101.467 E2.53002
G1 X101.584 Y101.503 E2.55185
G1 X102.145 Y101.632 E2.57133
G1 X102.729 Y101.885 E2.59287
G1 X103.461 Y102.409 E2.62334
G1 X103.824 Y102.794 E2.64125
G1 X104.27 Y103.526 E2.67026
G1 X104.458 Y104.02 E2.68815
G1 X104.59 Y104.867 E2.71717
G1 X104.556 Y105.526 E2.73951
G1 X104.398 Y106.16 E2.76163
G1 X104.278 Y106.435 E2.77179
G1 X103.885 Y106.318 F7800
G1 F900
G1 X103.802 Y106.506 E2.77875
G1 X103.327 Y107.155 E2.80597
G1 X102.898 Y107.533 E2.82532
G1 X102.318 Y107.865 E2.84794
G1 X101.668 Y108.069 E2.871
G1 X101.112 Y108.13 E2.88993
G1 X100.568 Y108.092 E2.90839
G1 X100.063 Y107.966 E2.92601
G1 X99.554 Y107.743 E2.94482
G1 X98.905 Y107.268 E2.97204
M73 P4 R20
G1 X98.53 Y106.841 E2.99128
G1 X98.201 Y106.271 E3.01356
G1 X98.024 Y105.765 E3.03171
G1 X97.932 Y105.081 E3.05507
G1 X97.968 Y104.521 E3.07406
G1 X98.139 Y103.878 E3.09658
G1 X98.391 Y103.364 E3.11596
G1 X98.8 Y102.835 E3.13859
G1 X99.22 Y102.467 E3.15749
G1 X99.679 Y102.193 E3.17558
G1 X100.303 Y101.965 E3.19807
G1 X100.985 Y101.872 E3.22137
G1 X101.549 Y101.908 E3.2405
G1 X102.063 Y102.036 E3.25843
G1 X102.565 Y102.257 E3.277
G1 X103.214 Y102.732 E3.30422
G1 X103.588 Y103.159 E3.32343
M73 Q4 S21
G1 X103.917 Y103.729 E3.34571
G1 X104.1 Y104.267 E3.36495
G1 X104.186 Y104.92 E3.38724
G1 X104.151 Y105.491 E3.4066
G1 X104.025 Y105.996 E3.42422
G1 X103.909 Y106.263 E3.43407
G1 X103.515 Y106.145 F7800
;TYPE:External perimeter
G1 F900
G1 X103.429 Y106.342 E3.44135
G1 X103.004 Y106.907 E3.46528
G1 X102.62 Y107.234 E3.48235
G1 X102.122 Y107.508 E3.50159
G1 X101.554 Y107.679 E3.52167
G1 X101.041 Y107.724 E3.5391
G1 X100.573 Y107.681 E3.55501
G1 X100.226 Y107.593 E3.56713
G1 X99.717 Y107.37 E3.58594
G1 X99.152 Y106.945 E3.60987
G1 X98.883 Y106.637 E3.62371
G1 X98.553 Y106.067 E3.646
G1 X98.424 Y105.686 E3.65962
G1 X98.336 Y105.027 E3.68212
G1 X98.362 Y104.626 E3.69572
G1 X98.533 Y103.983 E3.71824
G1 X98.773 Y103.518 E3.73595
G1 X99.117 Y103.089 E3.75456
G1 X99.507 Y102.761 E3.77181
G1 X99.818 Y102.576 E3.78406
G1 X100.443 Y102.347 E3.80659
G1 X101.03 Y102.276 E3.8266
G1 X101.545 Y102.319 E3.84409
G1 X101.899 Y102.409 E3.85645
G1 X102.402 Y102.63 E3.87505
G1 X102.966 Y103.055 E3.89895
G1 X103.236 Y103.363 E3.91281
G1 X103.565 Y103.933 E3.93509
G1 X103.696 Y104.321 E3.94895
G1 X103.782 Y104.973 E3.97121
G1 X103.743 Y105.473 E3.98819
G1 X103.652 Y105.833 E4.00076
G1 X103.54 Y106.09 E4.01025
G1 X103.345 Y106.44 F7800
G1 E2.01025 F2400
G92 E0
G1 X113.054 Y120.961 F7800
G1 E2 F2400
;TYPE:Perimeter
G1 F3600
G1 X96.946 Y120.961 E2.54524
G1 X96.946 Y106.429 E3.03713
;WIDTH:0.494442
G1 X96.968 Y106.232 E3.04457
;WIDTH:0.538885
G1 X96.99 Y106.035 E3.05274
;WIDTH:0.583327
G1 X97.013 Y105.839 E3.06161
G1 X96.988 Y104.916 E3.1031
;WIDTH:0.566298
G1 X97.004 Y104.334 E3.12844
G1 X96.985 Y104.112 E3.13814
;WIDTH:0.527532
G1 X96.965 Y103.89 E3.14712
;WIDTH:0.488766
G1 X96.946 Y103.669 E3.15534
;WIDTH:0.449999
G1 X96.946 Y89.039 E3.65055
G1 X113.054 Y89.039 E4.19579
G1 X113.054 Y120.901 E5.27428
G1 X113.461 Y121.368 F7800
G1 F3600
G1 X96.539 Y121.368 E5.84707
G1 X96.539 Y88.632 E6.95514
G1 X113.461 Y88.632 E7.52793
G1 X113.461 Y121.308 E8.63397
G1 X113.868 Y121.775 F7800
;TYPE:External perimeter
G1 F1800
G1 X96.132 Y121.775 E9.23431
G1 X96.132 Y88.225 E10.36994
G1 X113.868 Y88.225 E10.97028
G1 X113.868 Y121.715 E12.10387
G1 X113.473 Y121.774 F7800
G1 E10.10387 F2400
G92 E0
G1 X97.362 Y89.377 F7800
G1 E2 F2400
;TYPE:Solid infill
;WIDTH:0.548766
G1 F1200
G1 X97.317 Y89.333 E2.00265
G1 X97.256 Y89.349 E2.0053
G1 X97.24 Y89.41 E2.00795
G1 X97.284 Y89.455 E2.0106
G1 X97.345 Y89.439 E2.01325
G1 X97.121 Y90.288 F7800
;WIDTH:0.52945
G1 F1200
G1 X97.062 Y90.304 E2.01572
G1 X97.019 Y90.261 E2.01818
G1 X97.035 Y90.202 E2.02065
G1 X97.093 Y90.186 E2.02308
G1 X97.136 Y90.229 E2.02554
G1 X97.194 Y90.159 E2.02922
;WIDTH:0.489725
G1 X97.251 Y90.089 E2.03257
;WIDTH:0.449999
G1 X97.996 Y89.344 E2.06823
G1 X98.089 Y89.273 E2.07219
;WIDTH:0.41646
G1 X98.182 Y89.201 E2.07584
;WIDTH:0.38292
G1 X98.141 Y89.212 E2.07704
G1 X98.122 Y89.141 E2.07912
G1 X98.193 Y89.16 E2.0812
;WIDTH:0.449999
G1 X98.571 Y89.344 E2.09543
G1 X97.251 Y90.664 E2.15862
G1 X97.251 Y91.24 E2.17812
G1 X99.147 Y89.344 E2.26888
G1 X99.723 Y89.344 E2.28838
G1 X97.251 Y91.816 E2.40671
G1 X97.251 Y92.392 E2.42621
G1 X100.298 Y89.344 E2.57209
G1 X100.874 Y89.344 E2.59159
G1 X97.251 Y92.967 E2.76502
G1 X97.251 Y93.543 E2.78452
G1 X101.45 Y89.344 E2.98552
G1 X102.025 Y89.344 E3.00498
G1 X97.251 Y94.119 E3.23353
G1 X97.251 Y94.694 E3.25299
G1 X102.601 Y89.344 E3.50909
G1 X103.177 Y89.344 E3.52859
G1 X97.251 Y95.27 E3.81226
G1 X97.251 Y95.846 E3.83176
G1 X103.753 Y89.344 E4.14301
G1 X104.328 Y89.344 E4.16247
M73 P5 R20
G1 X97.251 Y96.421 E4.50124
G1 X97.251 Y96.997 E4.52074
G1 X104.904 Y89.344 E4.88708
G1 X105.48 Y89.344 E4.90658
M73 Q5 S21
G1 X97.251 Y97.573 E5.3005
G1 X97.251 Y98.149 E5.32
G1 X106.055 Y89.344 E5.74147
G1 X106.631 Y89.344 E5.76097
G1 X97.251 Y98.724 E6.20998
G1 X97.251 Y99.3 E6.22948
G1 X107.207 Y89.344 E6.70607
G1 X107.782 Y89.344 E6.72553
G1 X97.251 Y99.876 E7.22967
G1 X97.251 Y100.451 E7.24913
G1 X108.358 Y89.344 E7.78082
G1 X108.934 Y89.344 E7.80032
G1 X97.251 Y101.027 E8.35958
G1 X97.251 Y101.603 E8.37908
G1 X109.51 Y89.344 E8.96591
G1 X110.085 Y89.344 E8.98537
G1 X97.251 Y102.178 E9.59973
G1 X97.251 Y102.754 E9.61923
G1 X110.661 Y89.344 E10.26116
G1 X111.237 Y89.344 E10.28066
G1 X97.251 Y103.33 E10.95016
G1 X97.384 Y103.834 E10.9678
;WIDTH:0.52945
G1 X97.34 Y103.791 E10.97029
G1 X97.282 Y103.807 E10.97272
G1 X97.266 Y103.865 E10.97515
G1 X97.309 Y103.908 E10.97761
G1 X97.368 Y103.893 E10.98007
G1 E8.98007 F2400
G92 E0
G1 X97.313 Y106.13 F7800
G1 E2 F2400
;WIDTH:0.449999
G1 F1200
G1 X97.489 Y106.416 E2.01137
G1 X97.928 Y107.219 E2.04235
G1 X98.303 Y107.676 E2.06236
G1 X99.023 Y108.251 E2.09355
G1 X99.763 Y108.612 E2.12142
G1 X99.968 Y108.673 E2.12866
G1 X97.251 Y111.39 E2.25872
G1 X97.251 Y106.476 E2.42505
G1 X97.277 Y106.33 E2.43007
G1 X97.658 Y107.532 F7800
G1 F1200
G1 X98.047 Y107.992 E2.45046
G1 X98.728 Y108.543 E2.48011
G1 X99.25 Y108.815 E2.50003
G1 X97.658 Y110.407 E2.57624
G1 X97.658 Y107.736 E2.66665
G1 X98.063 Y108.525 F7800
;WIDTH:0.444612
G1 F1200
G1 X98.573 Y108.92 E2.6882
G1 X98.063 Y109.43 E2.71229
G1 X98.063 Y108.728 E2.73574
G1 E.73574 F2400
G92 E0
G1 X100.433 Y108.783 F7800
G1 E2 F2400
;WIDTH:0.449999
G1 F1200
G1 X97.185 Y112.038 E2.15565
;WIDTH:0.41646
G1 X97.119 Y112.111 E2.15871
;WIDTH:0.38292
G1 X97.047 Y112.091 E2.16082
G1 X97.067 Y112.163 E2.16293
G1 X97.108 Y112.152 E2.16413
;WIDTH:0.449999
G1 X97.251 Y112.541 E2.17816
G1 X100.952 Y108.84 E2.35532
G1 X101.562 Y108.806 E2.376
G1 X97.251 Y113.117 E2.58236
G1 X97.173 Y113.969 F7800
;WIDTH:0.38292
G1 F1200
G1 X97.102 Y113.95 E2.58444
G1 X97.121 Y114.021 E2.58652
G1 X97.162 Y114.01 E2.58772
;WIDTH:0.41646
G1 X97.207 Y113.851 E2.59285
;WIDTH:0.449999
G1 X97.251 Y113.692 E2.59843
G1 X102.323 Y108.62 E2.84122
G1 X102.467 Y108.52 E2.84715
M73 P6 R20
;WIDTH:0.41646
G1 X102.611 Y108.42 E2.8526
;WIDTH:0.38292
G1 X102.535 Y108.409 E2.85477
G1 X102.346 Y108.454 E2.86026
G1 E.86026 F2400
G92 E0
G1 X99.284 Y101.725 F7800
G1 E2 F2400
G1 F1200
G1 X99.012 Y101.93 E2.00963
G1 X99.447 Y101.602 E2.02503
;WIDTH:0.41646
G1 X99.597 Y101.506 E2.03056
;WIDTH:0.449999
G1 X99.747 Y101.41 E2.03659
G1 X111.812 Y89.344 E2.61416
G1 X112.388 Y89.344 E2.63366
M73 Q6 S21
G1 X100.527 Y101.206 E3.20146
G1 X101.148 Y101.16 E3.22254
G1 X112.749 Y89.559 E3.77787
G1 X112.809 Y89.421 E3.78296
;WIDTH:0.41646
G1 X112.87 Y89.283 E3.78765
;WIDTH:0.38292
G1 X112.829 Y89.294 E3.78885
G1 X112.81 Y89.223 E3.79093
G1 X112.881 Y89.242 E3.79301
G1 X112.749 Y90.135 F7800
;WIDTH:0.449999
G1 F1200
G1 X101.672 Y101.212 E4.32326
G1 X102.141 Y101.319 E4.33954
G1 X112.749 Y90.711 E4.84734
G1 X112.749 Y91.287 E4.86684
G1 X102.555 Y101.48 E5.3548
G1 X102.955 Y101.656 E5.36959
M73 Q6 S20
G1 X112.749 Y91.862 E5.83842
G1 X112.749 Y92.438 E5.85792
G1 X103.285 Y101.902 E6.31096
G1 X103.613 Y102.149 E6.32486
G1 X112.749 Y93.014 E6.76217
G1 X112.749 Y93.589 E6.78163
G1 X103.908 Y102.43 E7.20484
G1 X104.166 Y102.748 E7.2187
G1 X112.749 Y94.165 E7.62956
G1 X112.749 Y94.741 E7.64906
G1 X104.381 Y103.108 E8.04961
G1 X104.584 Y103.481 E8.06398
G1 X112.749 Y95.316 E8.45483
G1 X112.749 Y95.892 E8.47433
G1 X104.74 Y103.901 E8.85772
G1 X104.831 Y104.385 E8.87439
G1 X112.749 Y96.468 E9.2534
G1 X112.749 Y97.043 E9.27286
G1 X104.892 Y104.9 E9.64897
G1 X104.86 Y105.508 E9.66958
G1 X112.749 Y97.619 E10.04722
G1 X112.749 Y98.195 E10.06672
G1 X104.687 Y106.257 E10.45264
G1 X104.588 Y106.401 E10.45856
M73 P7 R20
;WIDTH:0.41646
G1 X104.489 Y106.545 E10.46399
;WIDTH:0.38292
G1 X104.108 Y107.052 E10.48192
G1 E8.48192 F2400
G92 E0
G1 X97.251 Y114.268 F7800
G1 E2 F2400
;WIDTH:0.449999
G1 F1200
G1 X112.749 Y98.771 E2.74186
G1 X112.749 Y99.346 E2.76132
M73 Q7 S20
G1 X97.251 Y114.844 E3.5032
G1 X97.251 Y115.419 E3.52266
G1 X112.749 Y99.922 E4.26452
G1 X112.749 Y100.498 E4.28402
G1 X97.251 Y115.995 E5.02588
G1 X97.251 Y116.571 E5.04538
G1 X112.749 Y101.073 E5.78726
G1 X112.749 Y101.649 E5.80676
G1 X97.251 Y117.147 E6.54864
G1 X97.251 Y117.722 E6.5681
G1 X112.749 Y102.225 E7.30996
G1 X112.749 Y102.8 E7.32942
G1 X97.251 Y118.298 E8.0713
G1 X97.251 Y118.874 E8.0908
G1 X112.749 Y103.376 E8.83268
G1 X112.749 Y103.952 E8.85218
G1 X97.251 Y119.449 E9.59404
G1 X97.251 Y120.025 E9.61354
G1 X112.749 Y104.528 E10.3554
G1 X112.749 Y105.103 E10.37486
G1 X97.251 Y120.601 E11.11674
G1 X97.178 Y120.701 E11.12093
M73 P8 R20
;WIDTH:0.41646
G1 X97.105 Y120.802 E11.1248
;WIDTH:0.38292
G1 X97.234 Y120.809 E11.12845
;WIDTH:0.449999
G1 X97.772 Y120.656 E11.14738
G1 X112.749 Y105.679 E11.86432
G1 X112.749 Y106.255 E11.88382
M73 Q8 S20
G1 X98.348 Y120.656 E12.57319
G1 X98.924 Y120.656 E12.59269
G1 X112.749 Y106.83 E13.25451
G1 X112.749 Y107.406 E13.27401
G1 X99.499 Y120.656 E13.90828
G1 X100.075 Y120.656 E13.92778
G1 X112.749 Y107.982 E14.53448
G1 X112.749 Y108.557 E14.55394
G1 X100.651 Y120.656 E15.13309
G1 X101.226 Y120.656 E15.15255
M73 P8 R19
G1 X112.749 Y109.133 E15.70415
G1 X112.749 Y109.709 E15.72365
G1 X101.802 Y120.656 E16.24768
G1 X102.378 Y120.656 E16.26718
G1 X112.749 Y110.285 E16.76363
G1 X112.749 Y110.86 E16.78309
G1 X102.953 Y120.656 E17.25202
G1 X103.529 Y120.656 E17.27152
G1 X112.749 Y111.436 E17.71288
G1 X112.749 Y112.012 E17.73238
G1 X104.105 Y120.656 E18.14616
G1 X104.68 Y120.656 E18.16562
G1 X112.749 Y112.587 E18.55188
G1 X112.749 Y113.163 E18.57138
G1 X105.256 Y120.656 E18.93007
G1 X105.832 Y120.656 E18.94957
G1 X112.749 Y113.739 E19.28068
G1 X112.749 Y114.314 E19.30014
G1 X106.408 Y120.656 E19.6037
G1 X106.983 Y120.656 E19.62316
M73 P9 R19
G1 X112.749 Y114.89 E19.89917
G1 X112.749 Y115.466 E19.91867
G1 X107.559 Y120.656 E20.16711
G1 X108.135 Y120.656 E20.18661
G1 X112.749 Y116.041 E20.4075
G1 X112.749 Y116.617 E20.427
G1 X108.71 Y120.656 E20.62034
G1 X109.286 Y120.656 E20.63984
G1 X112.749 Y117.193 E20.80561
G1 X112.749 Y117.769 E20.82511
M73 Q9 S20
G1 X109.862 Y120.656 E20.96331
G1 X110.437 Y120.656 E20.98277
G1 X112.749 Y118.344 E21.09344
G1 X112.749 Y118.92 E21.11294
G1 X111.013 Y120.656 E21.19604
G1 X112.537 Y119.804 F7800
;WIDTH:0.586175
G1 F1200
G1 X111.753 Y120.587 E21.24609
G1 X112.681 Y120.587 E21.28801
G1 X112.681 Y119.66 E21.32988
;LAYER_CHANGE
;Z:0.95
;HEIGHT:0.2
G1 E19.32988 F2400
G92 E0
G1 Z.95 F7800
G1 X104.243 Y106.485
G1 E2 F2400
;TYPE:Perimeter
;WIDTH:0.449999
G1 F900
G1 X104.024 Y106.925 E2.01664
G1 X103.624 Y107.435 E2.03858
G1 X103.051 Y107.92 E2.06399
G1 X102.494 Y108.232 E2.0856
G1 X101.911 Y108.432 E2.10646
G1 X101.257 Y108.529 E2.12884
G1 X100.708 Y108.517 E2.14743
G1 X99.831 Y108.313 E2.17791
G1 X99.359 Y108.102 E2.19541
G1 X98.659 Y107.592 E2.22473
G1 X98.214 Y107.101 E2.24716
G1 X97.837 Y106.454 E2.27251
;WIDTH:0.485359
G1 X97.702 Y106.1 E2.28645
;WIDTH:0.520718
G1 X97.567 Y105.745 E2.30154
;WIDTH:0.556282
G1 X97.511 Y105.545 E2.31041
G1 X97.481 Y105.096 E2.32962
;WIDTH:0.565922
G1 X97.518 Y104.406 E2.35967
G1 X97.594 Y104.196 E2.36938
;WIDTH:0.527281
G1 X97.67 Y103.985 E2.37841
;WIDTH:0.48864
G1 X97.746 Y103.774 E2.38672
;WIDTH:0.449999
G1 X98.029 Y103.176 E2.40911
G1 X98.482 Y102.58 E2.43445
G1 X99.067 Y102.08 E2.4605
G1 X99.624 Y101.768 E2.48211
G1 X100.207 Y101.568 E2.50297
G1 X100.936 Y101.467 E2.52788
G1 X101.583 Y101.503 E2.54981
G1 X102.145 Y101.632 E2.56933
G1 X102.729 Y101.885 E2.59087
G1 X103.461 Y102.409 E2.62134
G1 X103.825 Y102.794 E2.63927
G1 X104.27 Y103.526 E2.66827
G1 X104.519 Y104.277 E2.69505
G1 X104.594 Y104.911 E2.71666
G1 X104.561 Y105.505 E2.7368
G1 X104.372 Y106.228 E2.7621
G1 X104.27 Y106.431 E2.76979
G1 X103.88 Y106.315 F7800
G1 F900
G1 X103.666 Y106.73 E2.78559
G1 X103.311 Y107.174 E2.80483
G1 X102.796 Y107.603 E2.82752
G1 X102.306 Y107.871 E2.84642
G1 X101.789 Y108.044 E2.86487
G1 X101.266 Y108.122 E2.88277
G1 X100.717 Y108.11 E2.90136
G1 X99.936 Y107.92 E2.92857
G1 X99.438 Y107.674 E2.94737
G1 X98.906 Y107.268 E2.97002
G1 X98.526 Y106.839 E2.98942
G1 X98.194 Y106.259 E3.01204
G1 X97.992 Y105.62 E3.03472
G1 X97.929 Y105.055 E3.05396
G1 X97.968 Y104.526 E3.07191
G1 X98.139 Y103.879 E3.09456
G1 X98.391 Y103.364 E3.11397
G1 X98.8 Y102.835 E3.1366
G1 X99.322 Y102.397 E3.15967
G1 X99.812 Y102.129 E3.17857
G1 X100.329 Y101.956 E3.19702
G1 X100.981 Y101.872 E3.21927
G1 X101.548 Y101.908 E3.2385
G1 X102.063 Y102.036 E3.25646
G1 X102.565 Y102.257 E3.27503
G1 X103.214 Y102.732 E3.30225
G1 X103.588 Y103.159 E3.32146
G1 X103.917 Y103.729 E3.34374
G1 X104.129 Y104.391 E3.36727
G1 X104.189 Y104.947 E3.3862
G1 X104.149 Y105.487 E3.40453
G1 X103.979 Y106.122 E3.42678
G1 X103.907 Y106.262 E3.43211
G1 X103.517 Y106.146 F7800
;TYPE:External perimeter
G1 F900
G1 X103.309 Y106.535 E3.44704
G1 X102.985 Y106.928 E3.46428
G1 X102.541 Y107.285 E3.48356
G1 X102.085 Y107.524 E3.50099
G1 X101.636 Y107.663 E3.5169
G1 X101.275 Y107.715 E3.52925
G1 X100.726 Y107.703 E3.54784
G1 X100.042 Y107.526 E3.57176
G1 X99.685 Y107.351 E3.58522
G1 X99.153 Y106.945 E3.60787
G1 X98.815 Y106.544 E3.62562
G1 X98.551 Y106.063 E3.64419
G1 X98.383 Y105.506 E3.66388
G1 X98.335 Y105.019 E3.68044
G1 X98.361 Y104.63 E3.69364
G1 X98.533 Y103.983 E3.7163
G1 X98.773 Y103.518 E3.73401
G1 X99.117 Y103.09 E3.7526
G1 X99.577 Y102.715 E3.77269
G1 X100.033 Y102.476 E3.79012
G1 X100.49 Y102.336 E3.8063
G1 X101.026 Y102.276 E3.82456
G1 X101.545 Y102.319 E3.84219
G1 X101.899 Y102.409 E3.85455
G1 X102.402 Y102.63 E3.87315
G1 X102.966 Y103.055 E3.89705
G1 X103.236 Y103.363 E3.91091
G1 X103.565 Y103.933 E3.93319
G1 X103.738 Y104.505 E3.95342
G1 X103.784 Y105.013 E3.97069
G1 X103.756 Y105.382 E3.98322
G1 X103.585 Y106.017 E4.00548
G1 X103.545 Y106.093 E4.00839
G1 X103.357 Y106.446 F7800
G1 E2.00839 F2400
G92 E0
G1 X113.054 Y120.961 F7800
G1 E2 F2400
;TYPE:Perimeter
G1 F3600
G1 X96.946 Y120.961 E2.54524
G1 X96.946 Y106.367 E3.03923
;WIDTH:0.485427
G1 X96.964 Y106.101 E3.04904
;WIDTH:0.520855
G1 X96.981 Y105.834 E3.05967
;WIDTH:0.556282
G1 X96.999 Y105.568 E3.07105
G1 X96.988 Y104.917 E3.09884
;WIDTH:0.565922
G1 X97.004 Y104.339 E3.12399
G1 X96.985 Y104.116 E3.13372
;WIDTH:0.527281
G1 X96.965 Y103.893 E3.14274
;WIDTH:0.48864
G1 X96.946 Y103.67 E3.15103
;WIDTH:0.449999
G1 X96.946 Y89.039 E3.64627
G1 X113.054 Y89.039 E4.19151
G1 X113.054 Y120.901 E5.27
G1 X113.461 Y121.368 F7800
G1 F3600
G1 X96.539 Y121.368 E5.84279
G1 X96.539 Y88.632 E6.95086
G1 X113.461 Y88.632 E7.52365
G1 X113.461 Y121.308 E8.62969
G1 X113.868 Y121.775 F7800
;TYPE:External perimeter
G1 F1800
G1 X96.132 Y121.775 E9.23003
G1 X96.132 Y88.225 E10.36566
G1 X113.868 Y88.225 E10.966
G1 X113.868 Y121.715 E12.09959
M73 P10 R19
G1 X113.473 Y121.774 F7800
G1 E10.09959 F2400
G92 E0
G1 X97.251 Y98.814 F7800
G1 E2 F2400
;TYPE:Solid infill
G1 F1200
G1 X97.251 Y103.661 E2.16406
G1 X97.314 Y103.939 E2.17371
M73 Q10 S20
G1 X97.552 Y103.433 E2.19264
G1 X97.885 Y102.841 E2.21563
G1 X98.425 Y102.208 E2.24379
G1 X99.103 Y101.695 E2.27257
G1 X99.673 Y101.418 E2.29402
G1 X99.971 Y101.331 E2.30453
G1 X97.251 Y98.61 E2.43476
G1 X97.067 Y97.837 E2.46166
;WIDTH:0.38292
G1 X97.047 Y97.909 E2.46377
G1 X97.119 Y97.889 E2.46588
G1 X97.108 Y97.848 E2.46708
;WIDTH:0.41646
G1 X97.179 Y97.942 E2.47074
;WIDTH:0.449999
G1 X97.251 Y98.035 E2.47472
G1 X100.433 Y101.216 E2.62702
G1 X100.955 Y101.163 E2.64478
G1 X97.251 Y97.459 E2.82209
G1 X97.251 Y96.883 E2.84159
G1 X101.562 Y101.195 E3.04798
G1 X103.118 Y101.959 F7800
;WIDTH:0.38292
G1 F1200
G1 X102.607 Y101.573 E3.06608
;WIDTH:0.41646
G1 X102.463 Y101.474 E3.07151
;WIDTH:0.449999
G1 X102.32 Y101.376 E3.07738
G1 X97.251 Y96.308 E3.32001
G1 E1.32001 F2400
G92 E0
G1 X97.791 Y102.32 F7800
G1 E2 F2400
G1 F1200
G1 X98.117 Y101.942 E2.0169
G1 X98.925 Y101.329 E2.05123
G1 X99.241 Y101.176 E2.06311
G1 X97.658 Y99.593 E2.13889
G1 X97.658 Y102.474 E2.23641
G1 X98.063 Y101.459 F7800
;WIDTH:0.444869
G1 F1200
G1 X98.063 Y100.57 E2.26612
G1 X98.569 Y101.076 E2.29004
G1 X98.225 Y101.336 E2.30445
G1 E.30445 F2400
G92 E0
G1 X97.284 Y120.545 F7800
G1 E2 F2400
;WIDTH:0.548766
G1 F1200
G1 X97.24 Y120.59 E2.00265
G1 X97.256 Y120.651 E2.0053
G1 X97.317 Y120.667 E2.00795
G1 X97.362 Y120.623 E2.0106
G1 X97.345 Y120.561 E2.0133
;WIDTH:0.449999
G1 X97.251 Y119.911 E2.03553
G1 X98.068 Y120.722 E2.0745
;WIDTH:0.41646
G1 X98.141 Y120.788 E2.07756
;WIDTH:0.38292
G1 X98.122 Y120.859 E2.07964
G1 X98.193 Y120.84 E2.08172
G1 X98.182 Y120.799 E2.08292
;WIDTH:0.449999
G1 X98.571 Y120.656 E2.09695
G1 X97.251 Y119.336 E2.16014
;WIDTH:0.493398
G1 X97.186 Y119.523 E2.16756
;WIDTH:0.536796
G1 X97.121 Y119.711 E2.17573
G1 X97.137 Y119.771 E2.17828
G1 X97.094 Y119.815 E2.18081
G1 X97.034 Y119.799 E2.18336
G1 X97.018 Y119.739 E2.18591
G1 X97.062 Y119.695 E2.18847
G1 X97.251 Y118.76 F7800
;WIDTH:0.449999
G1 F1200
G1 X99.147 Y120.656 E2.27923
G1 X99.723 Y120.656 E2.29873
G1 X97.251 Y118.184 E2.41706
G1 X97.251 Y117.608 E2.43656
G1 X100.298 Y120.656 E2.58244
G1 X100.874 Y120.656 E2.60194
G1 X97.251 Y117.033 E2.77537
G1 X97.251 Y116.457 E2.79487
G1 X101.45 Y120.656 E2.99587
G1 X102.025 Y120.656 E3.01533
G1 X97.251 Y115.881 E3.24388
G1 X97.251 Y115.306 E3.26334
G1 X102.601 Y120.656 E3.51944
G1 X103.177 Y120.656 E3.53894
G1 X97.251 Y114.73 E3.82261
G1 X97.251 Y114.154 E3.84211
G1 X103.753 Y120.656 E4.15336
G1 X104.328 Y120.656 E4.17282
G1 X97.251 Y113.579 E4.51159
G1 X97.251 Y113.003 E4.53109
G1 X104.904 Y120.656 E4.89743
G1 X105.48 Y120.656 E4.91693
G1 X97.251 Y112.427 E5.31085
G1 X97.251 Y111.851 E5.33035
G1 X106.055 Y120.656 E5.75182
G1 X106.631 Y120.656 E5.77132
G1 X97.251 Y111.276 E6.22033
G1 X97.251 Y110.7 E6.23983
G1 X107.207 Y120.656 E6.71642
G1 X107.782 Y120.656 E6.73588
M73 Q10 S19
G1 X97.251 Y110.124 E7.24002
G1 X97.251 Y109.549 E7.25948
M73 P11 R19
G1 X108.358 Y120.656 E7.79117
G1 X108.934 Y120.656 E7.81067
G1 X97.251 Y108.973 E8.36993
G1 X97.251 Y108.397 E8.38943
G1 X109.51 Y120.656 E8.97626
G1 X110.085 Y120.656 E8.99572
M73 Q11 S19
G1 X97.251 Y107.822 E9.61008
G1 X97.251 Y107.246 E9.62958
G1 X110.661 Y120.656 E10.27151
G1 X111.237 Y120.656 E10.29101
G1 X97.251 Y106.67 E10.96051
G1 X97.325 Y106.147 E10.97839
;WIDTH:0.536796
G1 X97.4 Y106.25 E10.98362
;WIDTH:0.498327
G1 X97.475 Y106.354 E10.98848
;WIDTH:0.459858
G1 X97.55 Y106.458 E10.99293
;WIDTH:0.421389
G1 X97.625 Y106.562 E10.99697
;WIDTH:0.38292
G1 X98.035 Y107.095 E11.01598
G1 X99.481 Y108.422 F7800
G1 F1200
G1 X99.595 Y108.413 E11.01921
;WIDTH:0.41646
G1 X99.682 Y108.512 E11.0233
;WIDTH:0.449999
G1 X111.812 Y120.656 E11.60429
G1 X112.388 Y120.656 E11.62379
G1 X100.532 Y108.799 E12.19135
G1 X101.14 Y108.832 E12.21196
G1 X112.749 Y120.441 E12.76768
G1 X112.789 Y120.573 E12.77235
;WIDTH:0.41646
G1 X112.829 Y120.706 E12.77666
;WIDTH:0.38292
G1 X112.81 Y120.777 E12.77874
G1 X112.881 Y120.758 E12.78082
G1 X112.87 Y120.717 E12.78202
G1 X112.749 Y119.865 F7800
;WIDTH:0.449999
G1 F1200
G1 X101.672 Y108.788 E13.31227
G1 X102.138 Y108.679 E13.32847
G1 X112.749 Y119.289 E13.83639
G1 X112.749 Y118.713 E13.85589
G1 X102.567 Y108.532 E14.34327
G1 X102.947 Y108.336 E14.35774
G1 X112.749 Y118.138 E14.82696
G1 X112.749 Y117.562 E14.84646
G1 X103.296 Y108.11 E15.29895
G1 X103.618 Y107.856 E15.31283
G1 X112.749 Y116.986 E15.7499
G1 X112.749 Y116.411 E15.76936
G1 X103.908 Y107.57 E16.19257
G1 X104.168 Y107.254 E16.20642
M73 P12 R19
G1 X112.749 Y115.835 E16.61719
G1 X112.749 Y115.259 E16.63669
G1 X104.385 Y106.896 E17.03705
G1 X104.584 Y106.519 E17.05148
G1 X112.749 Y114.684 E17.44233
G1 X112.749 Y114.108 E17.46183
G1 X104.72 Y106.079 E17.84617
G1 X104.844 Y105.627 E17.86203
M73 Q12 S19
G1 X112.749 Y113.532 E18.24044
G1 X112.749 Y112.957 E18.2599
G1 X104.896 Y105.104 E18.63582
G1 X104.864 Y104.496 E18.65643
G1 X112.749 Y112.381 E19.03388
G1 X112.749 Y111.805 E19.05338
G1 X104.679 Y103.736 E19.43966
G1 X104.579 Y103.592 E19.44559
;WIDTH:0.41646
G1 X104.478 Y103.448 E19.45105
;WIDTH:0.38292
G1 X104.467 Y103.523 E19.45319
G1 X104.52 Y103.74 E19.45951
G1 E17.45951 F2400
G92 E0
G1 X97.251 Y95.732 F7800
G1 E2 F2400
;WIDTH:0.449999
G1 F1200
G1 X112.749 Y111.229 E2.74186
G1 X112.749 Y110.654 E2.76132
G1 X97.251 Y95.156 E3.5032
G1 X97.251 Y94.581 E3.52266
G1 X112.749 Y110.078 E4.26452
G1 X112.749 Y109.502 E4.28402
G1 X97.251 Y94.005 E5.02588
G1 X97.251 Y93.429 E5.04538
G1 X112.749 Y108.927 E5.78726
G1 X112.749 Y108.351 E5.80676
G1 X97.251 Y92.853 E6.54864
G1 X97.251 Y92.278 E6.5681
G1 X112.749 Y107.775 E7.30996
G1 X112.749 Y107.2 E7.32942
M73 P13 R19
G1 X97.251 Y91.702 E8.0713
G1 X97.251 Y91.126 E8.0908
M73 P13 R18
G1 X112.749 Y106.624 E8.83268
G1 X112.749 Y106.048 E8.85218
G1 X97.251 Y90.551 E9.59404
G1 X97.251 Y89.975 E9.61354
M73 Q13 S19
G1 X112.749 Y105.472 E10.3554
G1 X112.749 Y104.897 E10.37486
G1 X97.251 Y89.399 E11.11674
G1 X97.772 Y89.344 E11.13447
G1 X112.749 Y104.321 E11.85141
G1 X112.749 Y103.745 E11.87091
G1 X98.348 Y89.344 E12.56028
G1 X98.924 Y89.344 E12.57978
G1 X112.749 Y103.17 E13.2416
G1 X112.749 Y102.594 E13.2611
G1 X99.499 Y89.344 E13.89537
G1 X100.075 Y89.344 E13.91487
G1 X112.749 Y102.018 E14.52157
G1 X112.749 Y101.443 E14.54103
G1 X100.651 Y89.344 E15.12018
G1 X101.226 Y89.344 E15.13964
G1 X112.749 Y100.867 E15.69124
G1 X112.749 Y100.291 E15.71074
G1 X101.802 Y89.344 E16.23477
G1 X102.378 Y89.344 E16.25427
M73 P14 R18
G1 X112.749 Y99.715 E16.75072
G1 X112.749 Y99.14 E16.77018
G1 X102.953 Y89.344 E17.23911
G1 X103.529 Y89.344 E17.25861
G1 X112.749 Y98.564 E17.69997
G1 X112.749 Y97.988 E17.71947
G1 X104.105 Y89.344 E18.13325
G1 X104.68 Y89.344 E18.15271
M73 Q14 S19
G1 X112.749 Y97.413 E18.53897
G1 X112.749 Y96.837 E18.55847
G1 X105.256 Y89.344 E18.91716
G1 X105.832 Y89.344 E18.93666
G1 X112.749 Y96.261 E19.26777
G1 X112.749 Y95.686 E19.28723
G1 X106.408 Y89.344 E19.59079
G1 X106.983 Y89.344 E19.61025
G1 X112.749 Y95.11 E19.88626
G1 X112.749 Y94.534 E19.90576
G1 X107.559 Y89.344 E20.1542
G1 X108.135 Y89.344 E20.1737
G1 X112.749 Y93.959 E20.39459
G1 X112.749 Y93.383 E20.41409
G1 X108.71 Y89.344 E20.60743
G1 X109.286 Y89.344 E20.62693
G1 X112.749 Y92.807 E20.7927
G1 X112.749 Y92.231 E20.8122
G1 X109.862 Y89.344 E20.9504
G1 X110.437 Y89.344 E20.96986
G1 X112.749 Y91.656 E21.08053
G1 X112.953 Y91.206 E21.09725
;WIDTH:0.38292
G1 X112.964 Y91.247 E21.09845
G1 X112.892 Y91.266 E21.10056
G1 X112.911 Y91.195 E21.10264
;WIDTH:0.41646
G1 X112.83 Y91.138 E21.10572
;WIDTH:0.449999
G1 X112.749 Y91.08 E21.10909
G1 X111.013 Y89.344 E21.19219
G1 X111.753 Y89.413 E21.21735
;WIDTH:0.586176
G1 X112.681 Y89.413 E21.25927
G1 X112.681 Y90.34 E21.30114
G1 X111.897 Y89.556 E21.35122
M106 S226.95
;LAYER_CHANGE
;Z:1.15
;HEIGHT:0.2
G1 E19.35122 F2400
G92 E0
G1 Z1.15 F7800
G1 X104.254 Y106.49
G1 E2 F2400
;TYPE:Perimeter
;WIDTH:0.449999
G1 F900
G1 X104.156 Y106.711 E2.00818
G1 X103.65 Y107.402 E2.03717
G1 X103.265 Y107.765 E2.05508
G1 X102.718 Y108.104 E2.07686
G1 X102.309 Y108.306 E2.0923
G1 X101.782 Y108.46 E2.11088
G1 X101.148 Y108.535 E2.13249
G1 X100.419 Y108.477 E2.15724
G1 X99.792 Y108.301 E2.17928
G1 X99.179 Y107.991 E2.20253
G1 X98.657 Y107.591 E2.22479
G1 X98.149 Y107.006 E2.25102
G1 X97.829 Y106.439 E2.27306
;WIDTH:0.485333
G1 X97.699 Y106.094 E2.28662
;WIDTH:0.520667
G1 X97.569 Y105.749 E2.30127
;WIDTH:0.556727
G1 X97.512 Y105.549 E2.31015
G1 X97.481 Y105.097 E2.32951
;WIDTH:0.565546
G1 X97.518 Y104.411 E2.35936
G1 X97.594 Y104.199 E2.36915
;WIDTH:0.527031
G1 X97.67 Y103.987 E2.37822
;WIDTH:0.488515
G1 X97.746 Y103.775 E2.38656
;WIDTH:0.449999
G1 X98.03 Y103.175 E2.40903
G1 X98.482 Y102.58 E2.43432
G1 X99.053 Y102.089 E2.45981
G1 X99.621 Y101.769 E2.48188
G1 X100.207 Y101.568 E2.50285
G1 X100.931 Y101.467 E2.52759
G1 X101.582 Y101.503 E2.54966
G1 X102.145 Y101.632 E2.56921
G1 X102.729 Y101.885 E2.59075
G1 X103.461 Y102.409 E2.62122
G1 X103.97 Y102.994 E2.64747
G1 X104.289 Y103.561 E2.66949
G1 X104.516 Y104.26 E2.69437
G1 X104.594 Y104.907 E2.71643
G1 X104.561 Y105.505 E2.7367
G1 X104.372 Y106.228 E2.762
G1 X104.279 Y106.435 E2.76968
G1 X103.883 Y106.317 F7800
G1 F900
G1 X103.727 Y106.632 E2.78158
G1 X103.327 Y107.154 E2.80384
G1 X102.949 Y107.497 E2.82112
G1 X102.195 Y107.916 E2.85032
G1 X101.668 Y108.069 E2.86889
G1 X101.113 Y108.13 E2.88779
G1 X100.463 Y108.072 E2.90988
G1 X99.913 Y107.913 E2.92926
G1 X99.427 Y107.668 E2.94768
G1 X98.905 Y107.268 E2.96994
G1 X98.465 Y106.75 E2.99295
G1 X98.189 Y106.249 E3.01231
G1 X97.993 Y105.625 E3.03445
G1 X97.929 Y105.056 E3.05383
G1 X97.967 Y104.53 E3.07168
G1 X98.139 Y103.879 E3.09447
G1 X98.391 Y103.363 E3.11391
G1 X98.8 Y102.835 E3.13652
G1 X99.309 Y102.406 E3.15905
G1 X99.81 Y102.13 E3.17841
G1 X100.329 Y101.956 E3.19694
G1 X100.976 Y101.872 E3.21902
G1 X101.548 Y101.908 E3.23842
G1 X102.063 Y102.036 E3.25638
G1 X102.565 Y102.257 E3.27495
G1 X103.213 Y102.732 E3.30215
G1 X103.653 Y103.25 E3.32516
G1 X103.929 Y103.751 E3.34452
G1 X104.125 Y104.375 E3.36666
G1 X104.189 Y104.944 E3.38604
G1 X104.149 Y105.487 E3.40447
G1 X103.979 Y106.123 E3.42675
G1 X103.909 Y106.263 E3.43205
G1 X103.521 Y106.148 F7800
;TYPE:External perimeter
G1 F900
G1 X103.404 Y106.384 E3.44097
G1 X103.004 Y106.907 E3.46326
G1 X102.696 Y107.177 E3.47712
G1 X102.126 Y107.506 E3.4994
G1 X101.554 Y107.679 E3.51963
G1 X101.038 Y107.724 E3.53716
G1 X100.506 Y107.667 E3.55527
G1 X100.004 Y107.512 E3.57305
G1 X99.675 Y107.345 E3.58554
G1 X99.153 Y106.945 E3.6078
G1 X98.782 Y106.495 E3.62754
G1 X98.534 Y106.023 E3.64559
G1 X98.383 Y105.51 E3.66369
G1 X98.335 Y105.019 E3.68039
G1 X98.361 Y104.634 E3.69345
G1 X98.533 Y103.983 E3.71624
G1 X98.774 Y103.518 E3.73397
G1 X99.117 Y103.09 E3.75254
G1 X99.564 Y102.723 E3.77212
G1 X100.033 Y102.476 E3.79006
G1 X100.49 Y102.336 E3.80624
G1 X101.022 Y102.277 E3.82436
G1 X101.545 Y102.319 E3.84212
G1 X101.899 Y102.409 E3.85448
G1 X102.402 Y102.63 E3.87308
G1 X102.966 Y103.055 E3.89698
G1 X103.336 Y103.505 E3.9167
G1 X103.584 Y103.977 E3.93475
G1 X103.735 Y104.49 E3.95285
G1 X103.784 Y105 E3.97019
G1 X103.756 Y105.382 E3.98315
G1 X103.585 Y106.017 E4.00541
G1 X103.547 Y106.094 E4.00832
G1 X103.35 Y106.442 F7800
G1 E2.00832 F2400
G92 E0
G1 X113.054 Y120.961 F7800
G1 E2 F2400
;TYPE:Perimeter
G1 F3600
G1 X96.946 Y120.961 E2.54524
G1 X96.946 Y106.369 E3.03916
M73 P15 R18
;WIDTH:0.485575
G1 X96.964 Y106.104 E3.04894
;WIDTH:0.521151
G1 X96.982 Y105.838 E3.05954
;WIDTH:0.556727
G1 X96.999 Y105.573 E3.07088
G1 X96.988 Y104.918 E3.09887
;WIDTH:0.565546
G1 X97.004 Y104.344 E3.12382
G1 X96.984 Y104.12 E3.13359
;WIDTH:0.527031
G1 X96.965 Y103.896 E3.14264
;WIDTH:0.488515
G1 X96.946 Y103.671 E3.15101
;WIDTH:0.449999
G1 X96.946 Y89.039 E3.64629
G1 X113.054 Y89.039 E4.19153
G1 X113.054 Y120.901 E5.27002
G1 X113.461 Y121.368 F7800
G1 F3600
G1 X96.539 Y121.368 E5.84281
G1 X96.539 Y88.632 E6.95088
G1 X113.461 Y88.632 E7.52367
G1 X113.461 Y121.308 E8.62971
G1 X113.868 Y121.775 F7800
;TYPE:External perimeter
G1 F1800
G1 X96.132 Y121.775 E9.23005
G1 X96.132 Y88.225 E10.36568
M73 Q15 S19
G1 X113.868 Y88.225 E10.96602
G1 X113.868 Y121.715 E12.09961
G1 X113.473 Y121.774 F7800
M73 Q15 S18
G1 E10.09961 F2400
G92 E0
G1 X110.547 Y118.4 F7800
G1 E2 F2400
;TYPE:Internal infill
;WIDTH:0.45
G1 F4800
G1 X109.274 Y119.751 E2.06283
G1 X109.438 Y119.905 E2.07045
G1 X109.19 Y120.168 E2.08269
G1 X108.931 Y119.967 E2.09379
G1 X108.276 Y119.12 E2.13003
G1 X107.621 Y118.692 E2.15651
G1 X106.965 Y118.551 E2.17922
G1 X106.638 Y118.606 E2.19044
G1 X106.31 Y118.86 E2.20448
G1 X106.118 Y119.109 E2.21512
G1 X105.813 Y118.767 E2.23063
G1 X106.907 Y117.607 E2.2846
G1 X106.177 Y117.45 E2.30987
G1 X106.965 Y116.5 E2.35165
G1 X107.621 Y116.071 E2.37818
G1 X108.276 Y115.93 E2.40086
G1 X108.603 Y115.986 E2.41209
G1 X108.931 Y116.24 E2.42613
G1 X109.184 Y116.566 E2.4401
G1 X108.853 Y116.917 E2.45643
G1 X110.163 Y117.774 E2.50942
G1 X110.543 Y117.882 E2.52279
G1 E.52279 F2400
G92 E0
G1 X110.218 Y112.547 F7800
G1 E2 F2400
G1 F4800
G1 X108.849 Y111.673 E2.05498
G1 X109.181 Y111.321 E2.07136
G1 X108.931 Y110.998 E2.08519
G1 X108.603 Y110.744 E2.09923
G1 X108.276 Y110.689 E2.11045
G1 X107.621 Y110.83 E2.13313
G1 X106.965 Y111.258 E2.15964
G1 X106.177 Y112.209 E2.20144
G1 X106.901 Y112.364 E2.2265
G1 X105.796 Y113.537 E2.28105
G1 X106.105 Y113.884 E2.29678
G1 X106.31 Y113.619 E2.30812
G1 X106.638 Y113.365 E2.32216
G1 X106.965 Y113.309 E2.33339
G1 X107.621 Y113.45 E2.3561
G1 X108.276 Y113.879 E2.3826
G1 X108.931 Y114.726 E2.41884
G1 X109.259 Y114.98 E2.43288
G1 X109.586 Y115.035 E2.4441
G1 X110.241 Y114.894 E2.46678
G1 X110.896 Y114.465 E2.49328
G1 X111.278 Y113.972 E2.51439
G1 X110.545 Y113.154 E2.55157
G1 X110.947 Y112.727 E2.57142
G1 X110.218 Y112.547 E2.59684
G1 E.59684 F2400
G92 E0
G1 X110.225 Y107.306 F7800
G1 E2 F2400
G1 F4800
G1 X108.844 Y106.429 E2.05537
G1 X109.177 Y106.075 E2.07182
G1 X108.931 Y105.757 E2.08543
G1 X108.603 Y105.503 E2.09947
G1 X108.276 Y105.447 E2.1107
G1 X107.621 Y105.588 E2.13338
G1 X106.965 Y106.017 E2.15991
G1 X106.177 Y106.967 E2.20169
G1 X106.895 Y107.122 E2.22655
G1 X105.778 Y108.307 E2.28167
G1 X106.092 Y108.66 E2.29766
G1 X106.31 Y108.378 E2.30972
G1 X106.638 Y108.124 E2.32376
G1 X106.965 Y108.068 E2.33499
G1 X107.621 Y108.209 E2.3577
G1 X108.276 Y108.638 E2.3842
G1 X108.931 Y109.484 E2.42042
G1 X109.259 Y109.738 E2.43446
G1 X109.586 Y109.794 E2.44569
G1 X110.241 Y109.653 E2.46837
G1 X110.896 Y109.224 E2.49487
G1 X111.275 Y108.735 E2.51581
G1 X110.537 Y107.913 E2.5532
G1 X110.943 Y107.482 E2.57324
G1 X110.225 Y107.306 E2.59826
G1 E.59826 F2400
G92 E0
G1 X110.23 Y102.064 F7800
G1 E2 F2400
G1 F4800
G1 X110.939 Y102.238 E2.02471
G1 X110.53 Y102.672 E2.0449
G1 X111.271 Y103.499 E2.08249
G1 X110.896 Y103.983 E2.10321
G1 X110.241 Y104.412 E2.12971
G1 X109.586 Y104.553 E2.15239
G1 X109.259 Y104.497 E2.16362
G1 X108.931 Y104.243 E2.17766
G1 X108.276 Y103.396 E2.2139
G1 X107.621 Y102.968 E2.24038
G1 X106.965 Y102.827 E2.26309
G1 X106.638 Y102.882 E2.27431
G1 X106.176 Y103.31 E2.29563
G1 X105.756 Y102.826 E2.31732
G1 X106.21 Y102.085 E2.34674
G1 X105.854 Y101.898 E2.36035
G1 X105.983 Y101.876 E2.36478
G1 X106.31 Y101.622 E2.3788
G1 X106.965 Y100.776 E2.41502
G1 X107.621 Y100.347 E2.44155
G1 X108.276 Y100.206 E2.46423
G1 X108.603 Y100.262 E2.47546
G1 X108.931 Y100.516 E2.4895
G1 X109.174 Y100.83 E2.50294
G1 X108.84 Y101.184 E2.51941
G1 X110.23 Y102.064 E2.5751
G1 E.5751 F2400
G92 E0
G1 X110.235 Y96.823 F7800
G1 E2 F2400
G1 F4800
G1 X108.836 Y95.94 E2.056
G1 X109.171 Y95.584 E2.07255
G1 X108.931 Y95.275 E2.08579
G1 X108.603 Y95.02 E2.09985
G1 X108.276 Y94.965 E2.11107
G1 X107.621 Y95.106 E2.13375
G1 X106.965 Y95.535 E2.16028
G1 X106.177 Y96.485 E2.20206
G1 X106.883 Y96.637 E2.2265
G1 X105.743 Y97.846 E2.28275
G1 X106.066 Y98.21 E2.29922
G1 X106.31 Y97.895 E2.31271
G1 X106.638 Y97.641 E2.32675
G1 X106.965 Y97.585 E2.33798
G1 X107.621 Y97.726 E2.36069
G1 X108.276 Y98.155 E2.38719
G1 X108.931 Y99.002 E2.42343
G1 X109.259 Y99.256 E2.43747
G1 X109.586 Y99.311 E2.44869
G1 X110.241 Y99.17 E2.47137
G1 X110.896 Y98.742 E2.49785
G1 X111.267 Y98.263 E2.51836
G1 X110.522 Y97.432 E2.55614
G1 X110.934 Y96.995 E2.57647
G1 X110.235 Y96.823 E2.60084
G1 E.60084 F2400
G92 E0
G1 X110.24 Y91.581 F7800
G1 E2 F2400
G1 F4800
G1 X110.928 Y91.752 E2.024
G1 X110.513 Y92.192 E2.04447
G1 X111.262 Y93.028 E2.08246
G1 X110.896 Y93.5 E2.10268
G1 X110.241 Y93.929 E2.12918
G1 X109.586 Y94.07 E2.15186
G1 X109.259 Y94.014 E2.16309
G1 X108.931 Y93.76 E2.17713
G1 X108.276 Y92.914 E2.21335
G1 X107.621 Y92.485 E2.23985
G1 X106.965 Y92.344 E2.26256
G1 X106.638 Y92.4 E2.27379
G1 X106.31 Y92.654 E2.28783
G1 X106.053 Y92.986 E2.30204
G1 X105.726 Y92.616 E2.31875
G1 X106.438 Y91.861 E2.35388
G1 X106.11 Y91.552 E2.36913
G1 X107.721 Y89.843 E2.44863
G1 X108.145 Y89.752 E2.46331
G1 X108.603 Y89.779 E2.47884
G1 X108.931 Y90.033 E2.49288
G1 X109.347 Y90.571 E2.5159
G1 X109.82 Y89.794 E2.54669
G1 X108.645 Y89.752 E2.58649
G1 X107.572 Y89.344 F7800
;TYPE:Solid infill
;WIDTH:0.450028
G1 F1200
G1 X110.621 Y89.344 E2.6897
G1 E.6897 F2400
G92 E0
G1 X104.705 Y106.16 F7800
G1 E2 F2400
;WIDTH:0.443068
G1 F1200
G1 X104.563 Y106.557 E2.01403
;WIDTH:0.461846
G1 X104.409 Y106.869 E2.02615
G1 E.02615 F2400
G92 E0
G1 X105.889 Y120.656 F7800
G1 E2 F2400
;WIDTH:0.45003
G1 F1200
G1 X109.349 Y120.656 E2.11713
M106 S201.45
;LAYER_CHANGE
;Z:1.35
;HEIGHT:0.2
G1 E.11713 F2400
G92 E0
G1 Z1.35 F7800
G1 X104.244 Y106.498
G1 E2 F2400
M73 P16 R18
;TYPE:Perimeter
;WIDTH:0.449999
G1 F900
G1 X104.05 Y106.88 E2.0145
G1 X103.65 Y107.402 E2.03676
G1 X103.16 Y107.845 E2.05912
G1 X102.513 Y108.222 E2.08447
G1 X101.782 Y108.46 E2.11049
G1 X101.148 Y108.535 E2.1321
G1 X100.402 Y108.473 E2.15744
G1 X99.788 Y108.3 E2.17903
G1 X99.179 Y107.991 E2.20215
G1 X98.657 Y107.591 E2.22441
G1 X98.151 Y107.01 E2.25049
G1 X97.829 Y106.439 E2.27268
;WIDTH:0.483977
G1 X97.712 Y106.151 E2.28408
;WIDTH:0.517955
G1 X97.594 Y105.862 E2.29641
;WIDTH:0.544678
G1 X97.563 Y105.788 E2.29976
;WIDTH:0.5714
G1 X97.532 Y105.713 E2.30333
;WIDTH:0.547194
G1 X97.493 Y104.675 E2.34688
;WIDTH:0.56517
G1 X97.517 Y104.416 E2.35818
G1 X97.593 Y104.203 E2.368
;WIDTH:0.52678
G1 X97.669 Y103.99 E2.3771
;WIDTH:0.48839
G1 X97.745 Y103.776 E2.38551
;WIDTH:0.449999
G1 X98.089 Y103.083 E2.4117
G1 X98.493 Y102.567 E2.43388
G1 X99.015 Y102.118 E2.45719
G1 X99.585 Y101.789 E2.47947
G1 X100.207 Y101.568 E2.50181
G1 X100.926 Y101.468 E2.52638
G1 X101.581 Y101.503 E2.54858
G1 X102.122 Y101.625 E2.56735
G1 X102.706 Y101.873 E2.58883
G1 X103.458 Y102.407 E2.62005
G1 X103.824 Y102.794 E2.63808
G1 X104.27 Y103.526 E2.66709
G1 X104.491 Y104.148 E2.68943
G1 X104.592 Y104.889 E2.71474
G1 X104.532 Y105.657 E2.74082
G1 X104.359 Y106.271 E2.76241
G1 X104.271 Y106.444 E2.76898
G1 X103.883 Y106.324 F7800
G1 F900
G1 X103.727 Y106.632 E2.78067
G1 X103.327 Y107.155 E2.80296
G1 X102.898 Y107.533 E2.82231
G1 X102.318 Y107.865 E2.84493
G1 X101.668 Y108.069 E2.86799
G1 X101.113 Y108.13 E2.88689
G1 X100.447 Y108.069 E2.90953
G1 X99.911 Y107.912 E2.92844
G1 X99.427 Y107.668 E2.94679
G1 X98.905 Y107.268 E2.96905
G1 X98.468 Y106.754 E2.99189
G1 X98.189 Y106.249 E3.01142
G1 X98.015 Y105.73 E3.02995
G1 X97.946 Y105.333 E3.04359
G1 X97.946 Y104.681 E3.06566
G1 X98.139 Y103.88 E3.09355
G1 X98.447 Y103.277 E3.11647
G1 X98.806 Y102.827 E3.13596
G1 X99.219 Y102.471 E3.15442
G1 X99.789 Y102.142 E3.1767
G1 X100.329 Y101.956 E3.19603
G1 X100.972 Y101.872 E3.21798
G1 X101.547 Y101.908 E3.23748
G1 X102.041 Y102.029 E3.2547
G1 X102.545 Y102.246 E3.27327
G1 X103.211 Y102.731 E3.30116
G1 X103.588 Y103.159 E3.32047
G1 X103.917 Y103.73 E3.34278
G1 X104.103 Y104.27 E3.36211
G1 X104.188 Y104.934 E3.38477
G1 X104.128 Y105.612 E3.40781
G1 X103.971 Y106.148 E3.42672
G1 X103.91 Y106.27 E3.43134
G1 X103.522 Y106.151 F7800
;TYPE:External perimeter
G1 F900
G1 X103.404 Y106.384 E3.44018
G1 X103.004 Y106.907 E3.46247
G1 X102.62 Y107.234 E3.47954
G1 X102.122 Y107.508 E3.49878
G1 X101.554 Y107.679 E3.51886
G1 X101.037 Y107.724 E3.53643
G1 X100.491 Y107.664 E3.55502
G1 X100.004 Y107.512 E3.57229
G1 X99.675 Y107.345 E3.58478
M73 Q16 S18
G1 X99.153 Y106.945 E3.60704
G1 X98.784 Y106.498 E3.62666
G1 X98.535 Y106.026 E3.64472
G1 X98.396 Y105.577 E3.66063
G1 X98.348 Y105.27 E3.67115
G1 X98.354 Y104.687 E3.69088
G1 X98.532 Y103.984 E3.71543
G1 X98.804 Y103.472 E3.73505
G1 X99.142 Y103.064 E3.75298
G1 X99.422 Y102.823 E3.76548
G1 X99.992 Y102.494 E3.78776
G1 X100.49 Y102.336 E3.80544
G1 X101.018 Y102.277 E3.82342
G1 X101.544 Y102.319 E3.84128
G1 X101.879 Y102.403 E3.85297
G1 X102.384 Y102.62 E3.87157
G1 X102.965 Y103.055 E3.89614
G1 X103.236 Y103.363 E3.91003
G1 X103.565 Y103.933 E3.93231
G1 X103.723 Y104.432 E3.95003
G1 X103.783 Y104.978 E3.96862
G1 X103.723 Y105.568 E3.98869
G1 X103.571 Y106.055 E4.00596
G1 X103.55 Y106.098 E4.00758
G1 X103.349 Y106.444 F7800
G1 E2.00758 F2400
G92 E0
G1 X113.054 Y120.961 F7800
G1 E2 F2400
;TYPE:Perimeter
G1 F3600
G1 X96.946 Y120.961 E2.54524
G1 X96.946 Y106.396 E3.03825
;WIDTH:0.490466
G1 X96.966 Y106.182 E3.04625
;WIDTH:0.530933
G1 X96.986 Y105.968 E3.05497
;WIDTH:0.5714
G1 X97.007 Y105.754 E3.06442
G1 X96.991 Y105.22 E3.0879
;WIDTH:0.56517
G1 X97.004 Y104.35 E3.12568
G1 X96.984 Y104.124 E3.13553
;WIDTH:0.52678
G1 X96.965 Y103.899 E3.14461
;WIDTH:0.48839
G1 X96.946 Y103.673 E3.15301
;WIDTH:0.449999
G1 X96.946 Y89.039 E3.64835
G1 X113.054 Y89.039 E4.19359
G1 X113.054 Y120.901 E5.27208
G1 X113.461 Y121.368 F7800
G1 F3600
G1 X96.539 Y121.368 E5.84487
G1 X96.539 Y88.632 E6.95294
G1 X113.461 Y88.632 E7.52573
G1 X113.461 Y121.308 E8.63177
G1 X113.868 Y121.775 F7800
;TYPE:External perimeter
G1 F1800
G1 X96.132 Y121.775 E9.23211
G1 X96.132 Y88.225 E10.36774
G1 X113.868 Y88.225 E10.96808
G1 X113.868 Y121.715 E12.10167
G1 X113.473 Y121.774 F7800
G1 E10.10167 F2400
G92 E0
G1 X111.355 Y120.656 F7800
G1 E2 F2400
;TYPE:Internal infill
;WIDTH:0.45
;HEIGHT:0.4
G1 F4800
G1 X109.908 Y120.656 E2.08763
G1 X110.591 Y119.931 E2.14795
G1 X110.896 Y119.793 E2.16822
G1 X111.879 Y118.861 E2.25025
G1 X112.207 Y118.727 E2.27171
G1 X112.749 Y118.736 E2.30454
G1 X112.749 Y116.168 E2.46006
G1 X112.207 Y116.414 E2.49611
G1 X111.649 Y116.97 E2.54381
G1 X110.935 Y117.103 E2.58779
G1 X110.523 Y116.985 E2.61374
G1 X110.179 Y116.76 E2.63863
G1 X110.78 Y116.122 E2.69171
G1 X112.749 Y115.937 F7800
G1 F4800
G1 X112.749 Y113.495 E2.8396
G1 X112.207 Y113.486 E2.87243
G1 X112.051 Y113.549 E2.88262
G1 X111.709 Y113.168 E2.91363
G1 X112.303 Y112.538 E2.96607
G1 X111.864 Y111.711 E3.02277
G1 X111.629 Y111.749 E3.03719
G1 X112.207 Y111.172 E3.08665
G1 X112.749 Y110.927 E3.12267
G1 X112.749 Y108.253 E3.28461
G1 X112.207 Y108.244 E3.31744
G1 X112.045 Y108.31 E3.32803
G1 X112.606 Y108.936 E3.37894
G1 X111.507 Y110.102 E3.47598
G1 E1.47598 F2400
G92 E0
G1 X110.796 Y105.608 F7800
G1 E2 F2400
G1 F4800
G1 X110.17 Y106.272 E2.05526
G1 X110.515 Y106.498 E2.08024
G1 X110.929 Y106.619 E2.10636
G1 X111.609 Y106.527 E2.14792
G1 X112.207 Y105.931 E2.19905
G1 X112.749 Y105.686 E2.23507
G1 X112.749 Y103.012 E2.39701
G1 X112.207 Y103.003 E2.42984
G1 X112.04 Y103.071 E2.44076
G1 X111.694 Y102.686 E2.47211
G1 X112.749 Y101.567 E2.56525
G1 X112.749 Y101.954 E2.58869
M73 P17 R18
G1 E.58869 F2400
G92 E0
G1 X110.803 Y100.351 F7800
G1 E2 F2400
G1 F4800
G1 X110.166 Y101.027 E2.05625
G1 X110.511 Y101.254 E2.08126
G1 X110.926 Y101.377 E2.10747
G1 X111.589 Y101.306 E2.14785
G1 X112.207 Y100.69 E2.20069
G1 X112.749 Y100.444 E2.23674
G1 X112.749 Y97.771 E2.39862
G1 X112.207 Y97.762 E2.43145
G1 X112.033 Y97.833 E2.44283
G1 X111.686 Y97.446 E2.47431
G1 X112.749 Y96.318 E2.56818
G1 X112.749 Y96.691 E2.59077
G1 E.59077 F2400
G92 E0
G1 X110.811 Y95.094 F7800
G1 E2 F2400
G1 F4800
G1 X110.161 Y95.783 E2.05736
G1 X110.507 Y96.01 E2.08242
G1 X110.924 Y96.136 E2.1088
G1 X111.568 Y96.085 E2.14792
G1 X112.207 Y95.448 E2.20256
G1 X112.749 Y95.203 E2.23858
G1 X112.749 Y92.529 E2.40052
G1 X112.207 Y92.52 E2.43335
G1 X112.025 Y92.595 E2.44527
G1 X111.677 Y92.207 E2.47683
G1 X112.749 Y91.069 E2.57151
G1 X112.749 Y91.428 E2.59325
G1 E.59325 F2400
G92 E0
G1 X110.875 Y89.709 F7800
G1 E2 F2400
G1 F4800
G1 X110.275 Y90.696 E2.06995
G1 X110.921 Y90.894 E2.11087
G1 X111.552 Y90.86 E2.14914
G1 X112.207 Y90.207 E2.20515
G1 X112.749 Y89.962 E2.24117
G1 X112.749 Y89.344 E2.2786
G1 X111.097 Y89.344 E2.37865
G1 X111.007 Y89.493 E2.38919
G1 E.38919 F2400
G92 E0
G1 X105.254 Y94.492 F7800
G1 E2 F2400
G1 F4800
G1 X105.763 Y93.951 E2.04498
G1 X105.465 Y93.614 E2.07222
G1 X104.737 Y94.15 E2.12697
G1 X104.508 Y93.891 E2.14791
G1 X104.345 Y93.894 E2.15778
G1 X104.017 Y93.76 E2.17924
G1 X103.035 Y92.828 E2.26123
G1 X102.379 Y92.531 E2.30484
G1 X101.724 Y92.52 E2.34451
G1 X101.397 Y92.654 E2.36591
G1 X100.414 Y93.587 E2.44799
G1 X99.759 Y93.883 E2.49152
G1 X99.104 Y93.894 E2.53119
G1 X98.776 Y93.76 E2.55265
G1 X97.793 Y92.828 E2.63468
G1 X97.251 Y92.582 E2.67073
G1 X97.251 Y95.15 E2.82625
G1 X97.793 Y95.141 E2.85908
G1 X98.121 Y95.275 E2.88054
G1 X99.104 Y96.207 E2.96257
G1 X99.759 Y96.504 E3.00612
G1 X100.414 Y96.514 E3.04579
G1 X100.741 Y96.38 E3.06719
G1 X101.724 Y95.448 E3.14922
G1 X102.379 Y95.152 E3.19275
G1 X103.035 Y95.141 E3.23248
G1 X103.362 Y95.275 E3.25388
G1 X103.98 Y95.843 E3.30471
G1 X103.554 Y96.295 E3.34232
G1 X104.771 Y97.059 E3.42934
G1 X105.145 Y97.139 E3.4525
G1 E1.4525 F2400
G92 E0
G1 X105.263 Y99.731 F7800
G1 E2 F2400
G1 F4800
G1 X105.781 Y99.181 E2.04575
G1 X105.482 Y98.844 E2.07303
G1 X104.755 Y99.381 E2.12777
G1 X104.535 Y99.132 E2.14789
G1 X104.345 Y99.135 E2.1594
M73 Q17 S18
G1 X104.017 Y99.001 E2.18086
G1 X103.035 Y98.069 E2.26285
G1 X102.379 Y97.773 E2.30643
G1 X101.724 Y97.762 E2.3461
G1 X101.397 Y97.896 E2.3675
G1 X100.414 Y98.828 E2.44953
G1 X99.759 Y99.124 E2.49306
G1 X99.104 Y99.135 E2.53273
G1 X98.776 Y99.001 E2.55419
G1 X97.793 Y98.069 E2.63622
G1 X97.251 Y97.824 E2.67224
G1 X97.251 Y100.391 E2.8277
G1 X97.793 Y100.382 E2.86053
G1 X98.121 Y100.516 E2.88199
G1 X99.104 Y101.448 E2.96402
G1 X99.357 Y101.563 E2.98085
G1 X99.692 Y101.41 E3.00315
G1 X100.36 Y101.224 E3.04514
G1 X101.245 Y101.168 E3.09884
G1 X101.724 Y100.69 E3.13982
G1 X102.379 Y100.393 E3.18337
G1 X103.035 Y100.382 E3.2231
G1 X103.362 Y100.516 E3.2445
G1 X103.984 Y101.088 E3.29567
G1 X103.556 Y101.542 E3.33346
G1 X104.329 Y102.066 E3.39001
G1 X105.001 Y102.419 E3.43598
G1 X104.935 Y102.526 E3.44359
G1 E1.44359 F2400
G92 E0
G1 X104.886 Y104.787 F7800
G1 E2 F2400
G1 F4800
G1 X104.875 Y105.391 E2.03658
G1 X105.901 Y104.302 E2.12719
G1 X105.679 Y104.046 E2.14771
G1 X105.023 Y104.379 E2.19226
G1 X104.81 Y104.179 E2.20995
G1 X104.886 Y104.787 E2.24706
G1 E.24706 F2400
G92 E0
G1 X105.06 Y107.819 F7800
G1 E2 F2400
G1 F4800
G1 X103.997 Y108.948 E2.09391
G1 X104.589 Y109.614 E2.14787
G1 X104.345 Y109.618 E2.16265
G1 X104.017 Y109.484 E2.18411
G1 X103.035 Y108.552 E2.2661
G1 X102.766 Y108.43 E2.28399
G1 X101.816 Y108.767 E2.34503
G1 X100.891 Y108.834 E2.40119
G1 X100.414 Y109.31 E2.442
G1 X99.759 Y109.607 E2.48555
G1 X99.104 Y109.618 E2.52522
G1 X98.776 Y109.484 E2.54668
G1 X97.793 Y108.552 E2.62871
G1 X97.251 Y108.306 E2.66476
G1 X97.251 Y110.874 E2.82028
G1 X97.793 Y110.865 E2.85311
G1 X98.121 Y110.999 E2.87457
G1 X99.104 Y111.931 E2.9566
G1 X99.759 Y112.227 E3.00013
G1 X100.414 Y112.238 E3.0398
G1 X100.741 Y112.104 E3.0612
G1 X101.724 Y111.172 E3.14323
G1 X102.379 Y110.876 E3.18676
G1 X103.035 Y110.865 E3.22649
G1 X103.362 Y110.999 E3.24789
G1 X103.991 Y111.578 E3.29966
G1 X103.56 Y112.036 E3.33775
G1 X104.34 Y112.555 E3.39449
G1 X104.791 Y112.787 E3.4252
G1 X105.152 Y112.865 E3.44757
G1 E1.44757 F2400
G92 E0
G1 X104.422 Y116.369 F7800
G1 E2 F2400
G1 F4800
G1 X105.836 Y114.87 E2.12479
G1 X105.582 Y114.585 E2.14791
G1 X105.285 Y114.719 E2.16764
G1 X104.811 Y115.073 E2.20347
G1 X104.616 Y114.854 E2.22123
G1 X104.345 Y114.859 E2.23764
G1 X104.017 Y114.725 E2.2591
G1 X103.035 Y113.793 E2.34109
G1 X102.379 Y113.496 E2.3847
G1 X101.724 Y113.486 E2.42437
G1 X101.397 Y113.62 E2.44577
G1 X100.414 Y114.552 E2.5278
G1 X99.759 Y114.848 E2.57133
G1 X99.104 Y114.859 E2.611
G1 X98.776 Y114.725 E2.63246
G1 X97.793 Y113.793 E2.71449
G1 X97.251 Y113.548 E2.75051
G1 X97.251 Y116.115 E2.90597
G1 X97.793 Y116.106 E2.9388
G1 X98.121 Y116.24 E2.96026
G1 X99.104 Y117.172 E3.04229
G1 X99.759 Y117.469 E3.08584
G1 X100.414 Y117.48 E3.12551
G1 X100.741 Y117.346 E3.14691
G1 X101.724 Y116.414 E3.22894
G1 X102.379 Y116.117 E3.27249
G1 X103.035 Y116.106 E3.31222
G1 X103.362 Y116.24 E3.33362
G1 X103.995 Y116.823 E3.38574
G1 X103.562 Y117.282 E3.42395
G1 X104.345 Y117.8 E3.48081
G1 X104.797 Y118.03 E3.51152
G1 X105.155 Y118.106 E3.53368
G1 E1.53368 F2400
G92 E0
G1 X104.03 Y120.656 F7800
G1 E2 F2400
G1 F4800
G1 X105.33 Y120.656 E2.07873
G1 X105.854 Y120.099 E2.12504
G1 X105.602 Y119.817 E2.14794
G1 X105.292 Y119.957 E2.16854
G1 X104.83 Y120.304 E2.20353
G1 X104.644 Y120.095 E2.22047
G1 X104.345 Y120.1 E2.23858
G1 X104.017 Y119.966 E2.26004
G1 X103.035 Y119.034 E2.34203
G1 X102.379 Y118.738 E2.38561
G1 X101.724 Y118.727 E2.42528
G1 X101.397 Y118.861 E2.44668
G1 X100.414 Y119.793 E2.52871
G1 X99.759 Y120.089 E2.57224
G1 X99.104 Y120.1 E2.61191
G1 X98.776 Y119.966 E2.63337
G1 X97.793 Y119.034 E2.7154
G1 X97.251 Y118.789 E2.75142
G1 X97.251 Y120.656 E2.86449
G1 X97.827 Y120.656 E2.89937
G1 E.89937 F2400
G92 E0
G1 X110.181 Y119.738 F7800
G1 E2 F2400
;TYPE:Bridge infill
;WIDTH:0.404412
M106 S255
G1 F3600
G1 X109.337 Y120.634 E2.06574
G1 X108.712 Y120.634 E2.09912
G1 X111.686 Y117.479 E2.33067
G1 X111.646 Y117.407 E2.33507
G1 X111.02 Y117.523 E2.36907
G1 X108.088 Y120.634 E2.59737
G1 X107.463 Y120.634 E2.63075
G1 X110.491 Y117.422 E2.86649
G1 X110.343 Y117.38 E2.87471
G1 X110.073 Y117.203 E2.89195
G1 X106.839 Y120.634 E3.14374
G1 X106.215 Y120.634 E3.17706
G1 X109.687 Y116.95 E3.4474
G1 X109.516 Y116.839 E3.45829
G1 X112.031 Y114.17 E3.65414
G1 X111.861 Y113.98 E3.66776
G1 X106.266 Y119.917 E4.10342
G1 X105.962 Y119.577 E4.12778
G1 X111.557 Y113.641 E4.56341
G1 X111.253 Y113.301 E4.58777
G1 X105.658 Y119.237 E5.0234
G1 X105.61 Y119.183 E5.02726
G1 X104.887 Y119.725 E5.07552
G1 X104.735 Y119.554 E5.08774
G1 X111.649 Y112.218 E5.62609
G1 X111.63 Y112.183 E5.62822
G1 X110.955 Y112.291 E5.66473
G1 X105.764 Y117.799 E6.06892
G1 X105.245 Y117.688 E6.09726
M73 P17 R17
G1 X110.448 Y112.167 E6.5024
G1 X110.338 Y112.135 E6.50852
G1 X110.038 Y111.939 E6.52766
G1 X104.766 Y117.533 E6.93816
G1 X104.561 Y117.429 E6.95044
G1 X104.363 Y117.298 E6.96312
G1 X109.652 Y111.686 E7.37495
G1 X109.512 Y111.594 E7.3839
G1 X112.024 Y108.929 E7.57948
G1 X111.83 Y108.713 E7.59498
G1 X106.224 Y114.661 E8.03148
G1 X105.92 Y114.321 E8.05584
G1 X111.526 Y108.373 E8.49234
G1 X111.221 Y108.034 E8.51669
G1 X105.617 Y113.98 E8.95303
G1 X105.593 Y113.954 E8.95492
G1 X104.87 Y114.495 E9.00314
G1 X104.694 Y114.297 E9.01729
G1 X111.609 Y106.96 E9.55571
G1 X110.894 Y107.056 E9.59424
G1 X105.718 Y112.548 E9.99726
G1 X105.199 Y112.436 E10.02561
G1 X110.405 Y106.912 E10.43098
G1 X110.334 Y106.891 E10.43493
G1 X110.004 Y106.675 E10.45599
G1 X104.728 Y112.273 E10.8668
G1 X104.557 Y112.185 E10.87707
G1 X104.329 Y112.034 E10.89167
G1 X109.618 Y106.422 E11.3035
G1 X109.507 Y106.35 E11.31057
G1 X112.016 Y103.688 E11.50592
G1 X111.799 Y103.445 E11.52332
G1 X106.182 Y109.405 E11.96068
G1 X105.879 Y109.064 E11.98504
G1 X111.495 Y103.106 E12.42229
G1 X111.19 Y102.766 E12.44668
G1 X105.571 Y108.729 E12.88423
G1 X104.852 Y109.264 E12.93209
G1 X104.653 Y109.04 E12.94809
G1 X111.53 Y101.743 E13.48357
G1 X110.886 Y101.813 E13.51816
G1 X110.85 Y101.802 E13.52017
G1 X105.672 Y107.297 E13.92338
G1 X105.152 Y107.185 E13.95179
G1 X110.363 Y101.657 E14.35749
G1 X109.97 Y101.411 E14.38225
G1 X104.691 Y107.013 E14.79332
G1 X104.439 Y106.871 E14.80877
G1 X104.67 Y106.372 E14.83814
G1 X109.583 Y101.159 E15.22069
G1 X109.503 Y101.106 E15.22581
G1 X112.008 Y98.447 E15.4209
G1 X111.767 Y98.179 E15.44015
G1 X106.242 Y104.041 E15.87034
G1 X105.943 Y103.696 E15.89472
G1 X111.463 Y97.839 E16.32453
G1 X111.158 Y97.5 E16.34888
G1 X105.458 Y103.548 E16.7927
G1 X105.062 Y103.827 E16.81857
G1 X104.801 Y103.583 E16.83765
G1 X111.454 Y96.524 E17.35567
G1 X110.877 Y96.569 E17.38658
M73 P18 R17
G1 X110.807 Y96.548 E17.39048
G1 X105.489 Y102.191 E17.80457
G1 X105.071 Y101.971 E17.8298
G1 X110.321 Y96.4 E18.2386
G1 X109.935 Y96.148 E18.26322
G1 X104.653 Y101.752 E18.67448
G1 X104.263 Y101.503 E18.69919
G1 X109.549 Y95.895 E19.11075
G1 X109.498 Y95.862 E19.11399
G1 X112 Y93.208 E19.30878
G1 X111.735 Y92.913 E19.32996
G1 X106.099 Y98.893 E19.7688
G1 X105.796 Y98.552 E19.79316
G1 X111.43 Y92.573 E20.23189
G1 X111.126 Y92.234 E20.25621
G1 X105.207 Y98.514 E20.71707
G1 X104.816 Y98.803 E20.74304
G1 X104.571 Y98.527 E20.76275
G1 X111.38 Y91.301 E21.29298
G1 X110.867 Y91.326 E21.32041
G1 X110.763 Y91.294 E21.32622
G1 X105.579 Y96.794 E21.72985
G1 X105.06 Y96.683 E21.75819
G1 X110.279 Y91.145 E22.16458
G1 X109.794 Y90.997 E22.19166
G1 X104.616 Y96.491 E22.59483
G1 X104.23 Y96.238 E22.61948
G1 X110.356 Y89.738 E23.09647
G1 X110.582 Y89.366 E23.11972
G1 X110.082 Y89.366 E23.14642
G1 X106.057 Y93.637 E23.45983
G1 X105.755 Y93.295 E23.4842
G1 X109.458 Y89.366 E23.77253
G1 X108.834 Y89.366 E23.80585
M73 Q18 S18
G1 X105.029 Y93.402 E24.10207
G1 X104.798 Y93.572 E24.11739
G1 X104.53 Y93.27 E24.13895
G1 X108.209 Y89.366 E24.42543
G1 X107.585 Y89.366 E24.45875
G1 X105.367 Y91.719 E24.63144
M106 S201.45
G1 E22.63144 F2400
G92 E0
G1 X106.878 Y89.488 F7800
G1 E2 F2400
;TYPE:Internal infill
;WIDTH:0.45
G1 F4800
G1 X105.202 Y91.266 E2.14797
G1 X105 Y91.262 E2.16021
G1 X104.345 Y90.966 E2.20374
G1 X103.362 Y90.034 E2.28577
G1 X103.035 Y89.9 E2.30717
G1 X102.379 Y89.911 E2.3469
G1 X101.724 Y90.207 E2.39043
G1 X100.741 Y91.139 E2.47246
G1 X100.414 Y91.273 E2.49386
G1 X99.759 Y91.262 E2.53353
G1 X99.104 Y90.966 E2.57706
G1 X98.121 Y90.034 E2.65909
G1 X97.793 Y89.9 E2.68055
G1 X97.251 Y89.909 E2.71338
G1 X97.251 Y89.344 E2.7476
G1 X99.129 Y89.344 E2.86133
G1 E.86133 F2400
G92 E0
G1 X97.251 Y100.623 F7800
G1 E2 F2400
G1 F4800
G1 X97.251 Y103.065 E2.14789
G1 X97.649 Y103.245 E2.17434
G1 X97.963 Y102.726 E2.21108
G1 X98.398 Y102.227 E2.25117
G1 X99.177 Y101.658 E2.30959
M106 S193.8
;LAYER_CHANGE
;Z:1.55
;HEIGHT:0.2
G1 E.30959 F2400
G92 E0
G1 Z1.55 F7800
G1 X104.246 Y106.486
G1 E2 F2400
;TYPE:Perimeter
;WIDTH:0.449999
G1 F900
G1 X104.031 Y106.914 E2.01621
G1 X103.625 Y107.433 E2.03851
G1 X103.16 Y107.845 E2.05954
G1 X102.732 Y108.118 E2.07672
G1 X102.081 Y108.384 E2.10052
G1 X101.193 Y108.53 E2.13098
G1 X100.402 Y108.473 E2.15782
G1 X99.788 Y108.3 E2.17941
G1 X99.179 Y107.991 E2.20253
G1 X98.657 Y107.591 E2.22479
G1 X98.294 Y107.206 E2.2427
G1 X97.848 Y106.474 E2.27171
;WIDTH:0.481964
G1 X97.743 Y106.245 E2.28091
;WIDTH:0.513928
G1 X97.637 Y106.015 E2.29083
;WIDTH:0.549908
G1 X97.596 Y105.919 E2.29523
;WIDTH:0.585888
G1 X97.554 Y105.822 E2.3
G1 X97.485 Y105.144 E2.33077
;WIDTH:0.545594
G1 X97.496 Y104.601 E2.35347
;WIDTH:0.566959
G1 X97.52 Y104.393 E2.36259
G1 X97.595 Y104.186 E2.37218
;WIDTH:0.527973
G1 X97.671 Y103.979 E2.38107
;WIDTH:0.488986
G1 X97.746 Y103.772 E2.38924
;WIDTH:0.449999
G1 X97.963 Y103.289 E2.40716
G1 X98.469 Y102.598 E2.43615
G1 X98.958 Y102.155 E2.45848
G1 X99.546 Y101.807 E2.48161
G1 X100.165 Y101.582 E2.5039
G1 X100.922 Y101.468 E2.52981
G1 X101.58 Y101.502 E2.55211
G1 X102.145 Y101.632 E2.57173
G1 X102.729 Y101.885 E2.59327
G1 X103.461 Y102.409 E2.62374
G1 X103.824 Y102.794 E2.64165
G1 X104.27 Y103.526 E2.67066
G1 X104.491 Y104.148 E2.693
G1 X104.589 Y104.78 E2.71465
G1 X104.559 Y105.482 E2.73843
G1 X104.366 Y106.25 E2.76523
G1 X104.273 Y106.433 E2.77218
G1 X103.882 Y106.316 F7800
G1 F900
G1 X103.674 Y106.719 E2.78753
G1 X103.312 Y107.173 E2.80718
G1 X102.898 Y107.533 E2.82575
G1 X102.445 Y107.806 E2.84365
G1 X101.933 Y108.005 E2.86224
G1 X101.139 Y108.127 E2.88943
G1 X100.447 Y108.069 E2.91294
G1 X99.911 Y107.912 E2.93185
G1 X99.427 Y107.668 E2.9502
G1 X98.905 Y107.268 E2.97246
G1 X98.53 Y106.841 E2.9917
G1 X98.201 Y106.271 E3.01398
G1 X98.029 Y105.78 E3.03159
G1 X97.933 Y105.083 E3.05541
G1 X97.969 Y104.513 E3.07474
G1 X98.14 Y103.877 E3.09703
G1 X98.391 Y103.368 E3.11624
G1 X98.792 Y102.845 E3.13855
G1 X99.22 Y102.467 E3.15788
G1 X99.686 Y102.19 E3.17623
G1 X100.304 Y101.965 E3.19849
G1 X100.968 Y101.872 E3.22118
G1 X101.547 Y101.908 E3.24082
G1 X102.063 Y102.036 E3.25882
G1 X102.566 Y102.257 E3.27742
G1 X103.214 Y102.732 E3.30462
G1 X103.588 Y103.159 E3.32383
G1 X103.917 Y103.73 E3.34614
G1 X104.103 Y104.27 E3.36547
G1 X104.182 Y104.78 E3.38294
G1 X104.152 Y105.464 E3.40611
G1 X103.975 Y106.136 E3.42963
G1 X103.909 Y106.263 E3.43447
G1 X103.518 Y106.146 F7800
;TYPE:External perimeter
G1 F900
G1 X103.316 Y106.525 E3.44901
G1 X102.999 Y106.913 E3.46597
G1 X102.611 Y107.239 E3.48312
G1 X102.297 Y107.426 E3.49549
G1 X101.786 Y107.625 E3.51405
G1 X101.086 Y107.723 E3.53798
G1 X100.491 Y107.664 E3.55822
G1 X100.004 Y107.512 E3.57549
G1 X99.675 Y107.345 E3.58798
G1 X99.152 Y106.945 E3.61027
G1 X98.883 Y106.637 E3.62411
G1 X98.553 Y106.067 E3.6464
G1 X98.428 Y105.702 E3.65946
G1 X98.336 Y105.028 E3.68249
G1 X98.362 Y104.618 E3.6964
G1 X98.533 Y103.983 E3.71866
G1 X98.714 Y103.616 E3.73251
G1 X99.115 Y103.093 E3.75482
G1 X99.507 Y102.761 E3.77221
G1 X99.825 Y102.572 E3.78473
G1 X100.443 Y102.347 E3.80699
G1 X101.013 Y102.277 E3.82643
G1 X101.513 Y102.314 E3.8434
G1 X101.899 Y102.409 E3.85686
G1 X102.402 Y102.63 E3.87546
G1 X102.966 Y103.055 E3.89936
G1 X103.236 Y103.363 E3.91322
G1 X103.565 Y103.933 E3.9355
G1 X103.722 Y104.423 E3.95292
G1 X103.774 Y104.789 E3.96543
G1 X103.746 Y105.446 E3.98769
G1 X103.584 Y106.022 E4.00794
G1 X103.546 Y106.093 E4.01067
G1 X103.358 Y106.446 F7800
G1 E2.01067 F2400
G92 E0
G1 X113.054 Y120.961 F7800
G1 E2 F2400
;TYPE:Perimeter
G1 F3600
G1 X96.946 Y120.961 E2.54524
G1 X96.946 Y106.432 E3.03703
;WIDTH:0.495296
G1 X96.969 Y106.241 E3.04427
;WIDTH:0.540592
G1 X96.991 Y106.05 E3.05223
;WIDTH:0.585888
G1 X97.014 Y105.859 E3.06092
G1 X97.001 Y105.387 E3.08224
;WIDTH:0.560342
G1 X96.988 Y104.915 E3.10255
;WIDTH:0.566959
G1 X97.004 Y104.325 E3.12827
G1 X96.985 Y104.106 E3.13785
;WIDTH:0.527973
G1 X96.965 Y103.886 E3.14676
;WIDTH:0.488986
G1 X96.946 Y103.667 E3.15491
;WIDTH:0.449999
G1 X96.946 Y89.039 E3.65005
G1 X113.054 Y89.039 E4.19529
G1 X113.054 Y120.901 E5.27378
G1 X113.461 Y121.368 F7800
G1 F3600
G1 X96.539 Y121.368 E5.84657
G1 X96.539 Y88.632 E6.95464
G1 X113.461 Y88.632 E7.52743
G1 X113.461 Y121.308 E8.63347
G1 X113.868 Y121.775 F7800
;TYPE:External perimeter
G1 F1800
G1 X96.132 Y121.775 E9.23381
G1 X96.132 Y88.225 E10.36944
G1 X113.868 Y88.225 E10.96978
M73 P19 R17
G1 X113.868 Y121.715 E12.10337
G1 X113.473 Y121.774 F7800
M73 Q19 S18
G1 E10.10337 F2400
G92 E0
G1 X106.968 Y89.39 F7800
G1 E2 F2400
;TYPE:Solid infill
;WIDTH:0.575692
G1 F1200
G1 X106.921 Y89.343 E2.00294
G1 X106.856 Y89.36 E2.00592
G1 X106.839 Y89.425 E2.0089
G1 X106.886 Y89.472 E2.01184
G1 X106.951 Y89.454 E2.01483
;WIDTH:0.449999
G1 X107.631 Y89.344 E2.03815
G1 X106.841 Y90.135 E2.07599
G1 X106.841 Y90.71 E2.09545
G1 X108.207 Y89.344 E2.16084
G1 X108.782 Y89.344 E2.1803
G1 X106.841 Y91.286 E2.27324
G1 X106.841 Y91.862 E2.29274
G1 X109.358 Y89.344 E2.41325
G1 X109.934 Y89.344 E2.43275
G1 X106.841 Y92.438 E2.58083
G1 X106.841 Y93.013 E2.60029
G1 X109.973 Y89.881 E2.75022
G1 X109.973 Y90.457 E2.76972
G1 X106.841 Y93.589 E2.91965
G1 X106.841 Y94.165 E2.93915
G1 X109.973 Y91.032 E3.0891
G1 X109.973 Y91.608 E3.1086
G1 X106.841 Y94.74 E3.25853
G1 X106.841 Y95.316 E3.27803
G1 X109.973 Y92.184 E3.42796
G1 X109.973 Y92.76 E3.44746
G1 X106.841 Y95.892 E3.59739
G1 X106.841 Y96.467 E3.61685
G1 X109.973 Y93.335 E3.76678
G1 X109.973 Y93.911 E3.78628
G1 X106.841 Y97.043 E3.93621
G1 X106.841 Y97.619 E3.95571
G1 X109.973 Y94.487 E4.10564
G1 X109.973 Y95.062 E4.1251
G1 X106.841 Y98.195 E4.27505
G1 X106.841 Y98.77 E4.29451
G1 X109.973 Y95.638 E4.44444
G1 X109.973 Y96.214 E4.46394
G1 X106.841 Y99.346 E4.61387
G1 X106.841 Y99.922 E4.63337
G1 X109.973 Y96.789 E4.78332
G1 X109.973 Y97.365 E4.80282
G1 X106.841 Y100.497 E4.95275
G1 X106.841 Y101.073 E4.97225
G1 X109.973 Y97.941 E5.12218
G1 X109.973 Y98.517 E5.14168
G1 X106.841 Y101.649 E5.29161
G1 X106.841 Y102.224 E5.31107
G1 X109.973 Y99.092 E5.461
G1 X109.973 Y99.668 E5.4805
G1 X106.841 Y102.8 E5.63043
G1 X106.841 Y103.376 E5.64993
G1 X109.973 Y100.244 E5.79986
G1 X109.973 Y100.819 E5.81932
G1 X106.841 Y103.951 E5.96925
G1 X106.841 Y104.527 E5.98875
G1 X109.973 Y101.395 E6.13868
G1 X109.973 Y101.971 E6.15818
G1 X106.841 Y105.103 E6.30811
G1 X106.841 Y105.679 E6.32761
G1 X109.973 Y102.546 E6.47756
G1 X109.973 Y103.122 E6.49706
G1 X106.841 Y106.254 E6.64699
G1 X106.841 Y106.83 E6.66649
G1 X109.973 Y103.698 E6.81642
G1 X109.973 Y104.274 E6.83592
G1 X106.841 Y107.406 E6.98585
G1 X106.841 Y107.981 E7.00531
G1 X109.973 Y104.849 E7.15524
G1 X109.973 Y105.425 E7.17474
G1 X106.841 Y108.557 E7.32467
G1 X106.841 Y109.133 E7.34417
G1 X109.973 Y106.001 E7.4941
G1 X109.973 Y106.576 E7.51356
G1 X106.841 Y109.708 E7.66349
G1 X106.841 Y110.284 E7.68299
M73 Q19 S17
G1 X109.973 Y107.152 E7.83292
G1 X109.973 Y107.728 E7.85242
G1 X106.841 Y110.86 E8.00235
G1 X106.841 Y111.436 E8.02185
G1 X109.973 Y108.303 E8.1718
G1 X109.973 Y108.879 E8.1913
G1 X106.841 Y112.011 E8.34123
G1 X106.841 Y112.587 E8.36073
G1 X109.973 Y109.455 E8.51066
G1 X109.973 Y110.03 E8.53012
M73 P20 R17
G1 X106.841 Y113.163 E8.68007
G1 X106.841 Y113.738 E8.69953
G1 X109.973 Y110.606 E8.84946
G1 X109.973 Y111.182 E8.86896
G1 X106.841 Y114.314 E9.01889
G1 X106.841 Y114.89 E9.03839
G1 X109.973 Y111.758 E9.18832
G1 X109.973 Y112.333 E9.20778
G1 X106.841 Y115.465 E9.35771
G1 X106.841 Y116.041 E9.37721
G1 X109.973 Y112.909 E9.52714
G1 X109.973 Y113.485 E9.54664
G1 X106.841 Y116.617 E9.69657
G1 X106.841 Y117.192 E9.71603
G1 X109.973 Y114.06 E9.86596
G1 X109.973 Y114.636 E9.88546
G1 X106.841 Y117.768 E10.03539
G1 X106.841 Y118.344 E10.05489
G1 X109.973 Y115.212 E10.20482
G1 X109.973 Y115.787 E10.22428
G1 X106.841 Y118.92 E10.37423
G1 X106.841 Y119.495 E10.39369
G1 X109.973 Y116.363 E10.54362
G1 X109.973 Y116.939 E10.56312
M73 Q20 S17
G1 X106.841 Y120.071 E10.71305
G1 X106.841 Y120.647 E10.73255
G1 X109.973 Y117.515 E10.88248
G1 X109.973 Y118.09 E10.90194
G1 X107.408 Y120.656 E11.02475
G1 X107.983 Y120.656 E11.04421
G1 X109.973 Y118.666 E11.13947
G1 X109.973 Y120.656 E11.20683
G1 X108.559 Y120.656 E11.25469
G1 X109.829 Y119.386 E11.31548
G1 X109.61 Y120.228 F7800
;WIDTH:0.46408
G1 F1200
G1 X109.572 Y120.191 E11.31734
G1 X109.522 Y120.204 E11.31915
G1 X109.508 Y120.255 E11.321
G1 X109.545 Y120.292 E11.32283
G1 X109.596 Y120.279 E11.32467
M106 S140.25
;LAYER_CHANGE
;Z:1.75
;HEIGHT:0.2
G1 E9.32467 F2400
G92 E0
G1 Z1.75 F7800
G1 X104.246 Y106.498
G1 E2 F2400
;TYPE:Perimeter
;WIDTH:0.449999
G1 F900
G1 X104.183 Y106.65 E2.00557
G1 X104.05 Y106.88 E2.01456
G1 X103.65 Y107.402 E2.03682
G1 X103.16 Y107.845 E2.05918
G1 X102.732 Y108.118 E2.07636
G1 X101.953 Y108.418 E2.10462
G1 X101.17 Y108.533 E2.13141
G1 X100.402 Y108.473 E2.15749
G1 X99.788 Y108.3 E2.17908
G1 X99.179 Y107.991 E2.2022
G1 X98.657 Y107.591 E2.22446
G1 X98.294 Y107.206 E2.24237
G1 X97.848 Y106.474 E2.27138
;WIDTH:0.481922
G1 X97.743 Y106.247 E2.28051
;WIDTH:0.513844
G1 X97.638 Y106.02 E2.2903
;WIDTH:0.550186
G1 X97.597 Y105.923 E2.29474
;WIDTH:0.586528
G1 X97.555 Y105.827 E2.29948
G1 X97.485 Y105.145 E2.33047
;WIDTH:0.543967
G1 X97.494 Y104.632 E2.35185
;WIDTH:0.564438
G1 X97.516 Y104.426 E2.36083
G1 X97.592 Y104.21 E2.37076
;WIDTH:0.526292
G1 X97.669 Y103.994 E2.37998
;WIDTH:0.488146
G1 X97.745 Y103.778 E2.38846
;WIDTH:0.449999
G1 X98.03 Y103.175 E2.41104
G1 X98.482 Y102.58 E2.43633
G1 X99.042 Y102.097 E2.46136
G1 X99.618 Y101.771 E2.48376
G1 X100.207 Y101.568 E2.50485
G1 X100.917 Y101.468 E2.52912
G1 X101.579 Y101.502 E2.55156
G1 X102.145 Y101.632 E2.57122
G1 X102.729 Y101.885 E2.59276
G1 X103.461 Y102.409 E2.62323
G1 X103.824 Y102.794 E2.64114
G1 X104.27 Y103.526 E2.67015
G1 X104.458 Y104.02 E2.68804
G1 X104.59 Y104.867 E2.71706
G1 X104.59 Y105.133 E2.72606
G1 X104.504 Y105.786 E2.74835
G1 X104.435 Y106.042 E2.75732
G1 X104.269 Y106.443 E2.77201
G1 X103.874 Y106.32 F7800
G1 F900
G1 X103.807 Y106.494 E2.77832
G1 X103.327 Y107.155 E2.80597
G1 X102.898 Y107.533 E2.82532
G1 X102.432 Y107.81 E2.84367
G1 X101.814 Y108.035 E2.86593
G1 X101.126 Y108.128 E2.88943
G1 X100.447 Y108.069 E2.9125
G1 X99.911 Y107.912 E2.93141
G1 X99.427 Y107.668 E2.94976
G1 X98.905 Y107.268 E2.97202
G1 X98.53 Y106.841 E2.99126
G1 X98.201 Y106.271 E3.01354
G1 X98.03 Y105.784 E3.03101
G1 X97.933 Y105.084 E3.05493
G1 X97.965 Y104.543 E3.07327
G1 X98.139 Y103.881 E3.09644
G1 X98.391 Y103.363 E3.11594
G1 X98.8 Y102.835 E3.13855
G1 X99.298 Y102.414 E3.16062
G1 X99.809 Y102.131 E3.18039
G1 X100.329 Y101.956 E3.19896
G1 X100.963 Y101.872 E3.22061
G1 X101.546 Y101.908 E3.24038
G1 X102.063 Y102.036 E3.25841
G1 X102.565 Y102.257 E3.27698
G1 X103.214 Y102.732 E3.3042
G1 X103.588 Y103.159 E3.32341
G1 X103.917 Y103.729 E3.34569
G1 X104.1 Y104.267 E3.36493
G1 X104.186 Y104.92 E3.38722
G1 X104.1 Y105.733 E3.41489
G1 X103.896 Y106.264 E3.43414
G1 X103.509 Y106.145 F7800
;TYPE:External perimeter
G1 F900
G1 X103.431 Y106.338 E3.44119
G1 X103.004 Y106.907 E3.46527
G1 X102.611 Y107.239 E3.48268
G1 X102.293 Y107.428 E3.4952
G1 X101.675 Y107.653 E3.51746
G1 X101.081 Y107.724 E3.53771
G1 X100.491 Y107.664 E3.55778
G1 X100.004 Y107.512 E3.57505
G1 X99.675 Y107.345 E3.58754
G1 X99.152 Y106.945 E3.60983
G1 X98.883 Y106.637 E3.62367
G1 X98.553 Y106.067 E3.64596
G1 X98.429 Y105.706 E3.65888
G1 X98.336 Y105.028 E3.68204
G1 X98.359 Y104.646 E3.69499
G1 X98.533 Y103.984 E3.71816
G1 X98.774 Y103.518 E3.73592
G1 X99.117 Y103.09 E3.75449
G1 X99.554 Y102.73 E3.77365
G1 X99.999 Y102.49 E3.79076
G1 X100.49 Y102.336 E3.80818
G1 X101.009 Y102.277 E3.82586
G1 X101.513 Y102.314 E3.84297
G1 X101.899 Y102.409 E3.85643
G1 X102.402 Y102.63 E3.87503
G1 X102.966 Y103.055 E3.89893
G1 X103.236 Y103.363 E3.91279
G1 X103.565 Y103.933 E3.93507
G1 X103.696 Y104.321 E3.94893
G1 X103.782 Y104.973 E3.97119
G1 X103.696 Y105.679 E3.99526
G1 X103.531 Y106.089 E4.01022
G1 X103.343 Y106.442 F7800
G1 E2.01022 F2400
G92 E0
G1 X113.054 Y120.961 F7800
G1 E2 F2400
;TYPE:Perimeter
G1 F3600
G1 X96.946 Y120.961 E2.54524
G1 X96.946 Y106.433 E3.03699
;WIDTH:0.495509
G1 X96.969 Y106.244 E3.04416
;WIDTH:0.541019
G1 X96.991 Y106.054 E3.05208
;WIDTH:0.586528
G1 X97.014 Y105.864 E3.06073
G1 X97.001 Y105.392 E3.08207
;WIDTH:0.560583
G1 X96.988 Y104.92 E3.10239
;WIDTH:0.564438
G1 X97.003 Y104.36 E3.12668
G1 X96.984 Y104.132 E3.1366
;WIDTH:0.526292
G1 X96.965 Y103.903 E3.14584
;WIDTH:0.488146
G1 X96.946 Y103.675 E3.15431
;WIDTH:0.449999
G1 X96.946 Y89.039 E3.64972
G1 X113.054 Y89.039 E4.19496
G1 X113.054 Y120.901 E5.27345
G1 X113.461 Y121.368 F7800
G1 F3600
G1 X96.539 Y121.368 E5.84624
G1 X96.539 Y88.632 E6.95431
G1 X113.461 Y88.632 E7.5271
G1 X113.461 Y121.308 E8.63314
G1 X113.868 Y121.775 F7800
;TYPE:External perimeter
G1 F1800
G1 X96.132 Y121.775 E9.23348
G1 X96.132 Y88.225 E10.36911
M73 P21 R17
G1 X113.868 Y88.225 E10.96945
G1 X113.868 Y121.715 E12.10304
G1 X113.473 Y121.774 F7800
G1 X112.738 Y120.656
;TYPE:Internal infill
;WIDTH:0.45
;HEIGHT:0.4
G1 F4800
G1 X111.034 Y120.656 E12.20623
G1 X111.034 Y119.917 E12.25098
M73 Q21 S17
G1 X111.552 Y119.555 E12.28925
G1 X112.207 Y118.976 E12.34219
G1 X112.749 Y118.791 E12.37687
G1 X112.749 Y116.142 E12.53729
G1 X112.207 Y116.193 E12.57026
G1 X111.552 Y116.651 E12.61866
G1 X111.034 Y117.109 E12.66053
G1 X111.034 Y114.676 E12.80787
G1 X111.552 Y114.314 E12.84614
G1 X112.207 Y113.734 E12.89912
G1 X112.749 Y113.55 E12.93378
G1 X112.749 Y110.901 E13.0942
G1 X112.207 Y110.952 E13.12717
G1 X111.552 Y111.41 E13.17557
G1 X111.034 Y111.868 E13.21744
G1 X111.034 Y109.435 E13.36478
G1 X111.552 Y109.073 E13.40305
G1 X112.207 Y108.493 E13.45603
G1 X112.749 Y108.309 E13.49069
G1 X112.749 Y105.66 E13.65111
G1 X112.207 Y105.71 E13.68407
G1 X111.552 Y106.169 E13.73251
G1 X111.034 Y106.627 E13.77438
G1 X111.034 Y104.194 E13.92172
G1 X111.552 Y103.831 E13.96003
G1 X112.207 Y103.252 E14.01297
G1 X112.749 Y103.067 E14.04765
G1 X112.749 Y100.419 E14.20801
G1 X112.207 Y100.469 E14.24097
G1 X111.552 Y100.927 E14.28937
G1 X111.034 Y101.385 E14.33124
G1 X111.034 Y98.952 E14.47858
G1 X111.552 Y98.59 E14.51685
G1 X112.207 Y98.011 E14.56979
G1 X112.749 Y97.826 E14.60447
G1 X112.749 Y95.177 E14.76489
G1 X112.207 Y95.228 E14.79786
G1 X111.552 Y95.686 E14.84626
G1 X111.034 Y96.144 E14.88813
G1 X111.034 Y93.711 E15.03547
G1 X111.552 Y93.349 E15.07374
G1 X112.207 Y92.769 E15.12672
G1 X112.749 Y92.585 E15.16138
G1 X112.749 Y89.936 E15.3218
G1 X112.207 Y89.986 E15.35476
G1 X111.552 Y90.445 E15.4032
G1 X111.034 Y90.903 E15.44507
G1 X111.034 Y89.344 E15.53948
G1 X111.918 Y89.344 E15.59301
G1 X110.813 Y89.929 F7800
;TYPE:Top solid infill
;WIDTH:0.401123
;HEIGHT:0.2
G1 F900
G1 X110.203 Y89.319 E15.6187
G1 X109.697 Y89.319 E15.63377
G1 X110.652 Y90.275 E15.67402
G1 X110.652 Y90.781 E15.68909
G1 X109.19 Y89.319 E15.75067
G1 X108.683 Y89.319 E15.76577
G1 X110.652 Y91.288 E15.84871
G1 X110.652 Y91.795 E15.86381
G1 X108.177 Y89.319 E15.96808
G1 X107.67 Y89.319 E15.98318
G1 X110.652 Y92.301 E16.10879
G1 X110.652 Y92.808 E16.12389
G1 X107.164 Y89.319 E16.27083
G1 X106.657 Y89.319 E16.28593
G1 X110.652 Y93.314 E16.45421
G1 X110.652 Y93.821 E16.46931
G1 X106.162 Y89.331 E16.65844
G1 X106.162 Y89.837 E16.67351
G1 X110.652 Y94.327 E16.86264
G1 X110.652 Y94.834 E16.87774
G1 X106.162 Y90.344 E17.06687
G1 X106.162 Y90.85 E17.08194
G1 X110.652 Y95.341 E17.27109
G1 X110.652 Y95.847 E17.28616
G1 X106.162 Y91.357 E17.47529
G1 X106.162 Y91.864 E17.49039
G1 X110.652 Y96.354 E17.67952
G1 X110.652 Y96.86 E17.69459
G1 X106.162 Y92.37 E17.88372
G1 X106.162 Y92.877 E17.89882
G1 X110.652 Y97.367 E18.08795
G1 X110.652 Y97.873 E18.10302
G1 X106.162 Y93.383 E18.29215
G1 X106.162 Y93.89 E18.30725
G1 X110.652 Y98.38 E18.49638
G1 X110.652 Y98.887 E18.51148
G1 X106.162 Y94.396 E18.70063
G1 X106.162 Y94.903 E18.71573
G1 X110.652 Y99.393 E18.90486
G1 X110.652 Y99.9 E18.91996
G1 X106.162 Y95.41 E19.10909
G1 X106.162 Y95.916 E19.12416
G1 X110.652 Y100.406 E19.31329
G1 X110.652 Y100.913 E19.32839
M73 P22 R17
G1 X106.162 Y96.423 E19.51752
G1 X106.162 Y96.929 E19.53259
G1 X110.652 Y101.42 E19.72174
G1 X110.652 Y101.926 E19.73681
G1 X106.162 Y97.436 E19.92594
G1 X106.162 Y97.942 E19.94101
G1 X110.652 Y102.433 E20.13016
G1 X110.652 Y102.939 E20.14523
G1 X106.162 Y98.449 E20.33436
G1 X106.162 Y98.956 E20.34946
G1 X110.652 Y103.446 E20.53859
G1 X110.652 Y103.952 E20.55366
G1 X106.162 Y99.462 E20.74279
G1 X106.162 Y99.969 E20.75789
M73 P22 R16
M73 Q22 S17
G1 X110.652 Y104.459 E20.94702
G1 X110.652 Y104.966 E20.96212
G1 X106.162 Y100.475 E21.15127
G1 X106.162 Y100.982 E21.16637
G1 X110.652 Y105.472 E21.3555
G1 X110.652 Y105.979 E21.3706
G1 X106.162 Y101.488 E21.55975
G1 X106.162 Y101.995 E21.57485
G1 X110.652 Y106.485 E21.76398
G1 X110.652 Y106.992 E21.77908
G1 X106.162 Y102.502 E21.96821
G1 X106.162 Y103.008 E21.98328
G1 X110.652 Y107.498 E22.17241
G1 X110.652 Y108.005 E22.18751
G1 X106.162 Y103.515 E22.37664
G1 X106.162 Y104.021 E22.39171
G1 X110.652 Y108.512 E22.58086
G1 X110.652 Y109.018 E22.59593
G1 X106.162 Y104.528 E22.78506
G1 X106.162 Y105.035 E22.80016
G1 X110.652 Y109.525 E22.98929
G1 X110.652 Y110.031 E23.00436
G1 X106.162 Y105.541 E23.19349
G1 X106.162 Y106.048 E23.20859
G1 X110.652 Y110.538 E23.39772
G1 X110.652 Y111.044 E23.41279
G1 X106.162 Y106.554 E23.60192
G1 X106.162 Y107.061 E23.61702
G1 X110.652 Y111.551 E23.80615
G1 X110.652 Y112.058 E23.82125
G1 X106.162 Y107.567 E24.0104
G1 X106.162 Y108.074 E24.0255
G1 X110.652 Y112.564 E24.21463
G1 X110.652 Y113.071 E24.22973
G1 X106.162 Y108.581 E24.41886
G1 X106.162 Y109.087 E24.43393
G1 X110.652 Y113.577 E24.62306
G1 X110.652 Y114.084 E24.63816
G1 X106.162 Y109.594 E24.82729
G1 X106.162 Y110.1 E24.84236
G1 X110.652 Y114.59 E25.03149
G1 X110.652 Y115.097 E25.04659
G1 X106.162 Y110.607 E25.23572
G1 X106.162 Y111.113 E25.25079
M73 P23 R16
G1 X110.652 Y115.604 E25.43994
G1 X110.652 Y116.11 E25.45501
G1 X106.162 Y111.62 E25.64414
G1 X106.162 Y112.127 E25.65924
G1 X110.652 Y116.617 E25.84837
G1 X110.652 Y117.123 E25.86344
G1 X106.162 Y112.633 E26.05257
G1 X106.162 Y113.14 E26.06767
G1 X110.652 Y117.63 E26.2568
G1 X110.652 Y118.137 E26.2719
G1 X106.162 Y113.646 E26.46105
G1 X106.162 Y114.153 E26.47615
G1 X110.652 Y118.643 E26.66528
G1 X110.652 Y119.15 E26.68038
M73 Q23 S17
G1 X106.162 Y114.659 E26.86953
G1 X106.162 Y115.166 E26.88463
G1 X110.652 Y119.656 E27.07376
G1 X110.652 Y120.163 E27.08886
G1 X106.162 Y115.673 E27.27799
G1 X106.162 Y116.179 E27.29306
G1 X110.652 Y120.669 E27.48219
G1 X110.156 Y120.681 E27.49697
G1 X106.162 Y116.686 E27.66523
G1 X106.162 Y117.192 E27.6803
G1 X109.65 Y120.681 E27.82724
G1 X109.143 Y120.681 E27.84234
G1 X106.162 Y117.699 E27.96793
G1 X106.162 Y118.205 E27.983
G1 X108.637 Y120.681 E28.08727
G1 X108.13 Y120.681 E28.10237
G1 X106.162 Y118.712 E28.18529
G1 X106.162 Y119.219 E28.20039
G1 X107.624 Y120.681 E28.26197
G1 X107.117 Y120.681 E28.27707
G1 X106.162 Y119.725 E28.31732
G1 X106.162 Y120.232 E28.33242
G1 X106.771 Y120.841 E28.35807
G1 E26.35807 F2400
G92 E0
G1 X104.066 Y120.656 F7800
G1 E2 F2400
;TYPE:Internal infill
;WIDTH:0.45
;HEIGHT:0.4
G1 F4800
G1 X105.78 Y120.656 E2.1038
G1 X105.78 Y119.927 E2.14795
G1 X105.655 Y120.014 E2.15717
G1 X105 Y120.075 E2.19701
G1 X104.345 Y119.851 E2.23893
G1 X103.69 Y119.272 E2.29187
G1 X103.035 Y118.813 E2.34031
G1 X102.379 Y118.753 E2.3802
G1 X101.724 Y118.976 E2.4221
G1 X101.069 Y119.555 E2.47504
G1 X100.414 Y120.014 E2.52348
G1 X99.759 Y120.075 E2.56332
G1 X99.104 Y119.851 E2.60524
G1 X98.448 Y119.272 E2.65823
G1 X97.793 Y118.813 E2.70667
G1 X97.251 Y118.763 E2.73963
G1 X97.251 Y116.17 E2.89666
G1 X97.793 Y116.355 E2.93134
G1 X98.448 Y116.935 E2.98432
G1 X99.104 Y117.393 E3.03277
G1 X99.759 Y117.454 E3.07261
G1 X100.414 Y117.231 E3.11451
G1 X101.069 Y116.651 E3.16749
G1 X101.724 Y116.193 E3.21589
G1 X102.379 Y116.132 E3.25573
G1 X103.035 Y116.355 E3.29769
G1 X103.69 Y116.935 E3.35067
G1 X104.345 Y117.393 E3.39907
G1 X105 Y117.454 E3.43891
G1 X105.655 Y117.231 E3.48081
G1 X105.78 Y117.121 E3.49089
G1 X105.78 Y114.685 E3.63841
G1 X105.655 Y114.772 E3.64763
G1 X105 Y114.833 E3.68747
G1 X104.345 Y114.61 E3.72937
G1 X103.69 Y114.031 E3.78231
G1 X103.035 Y113.572 E3.83075
G1 X102.379 Y113.511 E3.87065
G1 X101.724 Y113.734 E3.91255
G1 X101.069 Y114.314 E3.96553
G1 X100.414 Y114.772 E4.01393
G1 X99.759 Y114.833 E4.05377
G1 X99.104 Y114.61 E4.09567
G1 X98.448 Y114.031 E4.14866
G1 X97.793 Y113.572 E4.1971
G1 X97.251 Y113.522 E4.23006
G1 X97.251 Y110.929 E4.38709
G1 X97.793 Y111.114 E4.42177
G1 X98.448 Y111.693 E4.47471
G1 X99.104 Y112.152 E4.5232
G1 X99.759 Y112.213 E4.56304
G1 X100.414 Y111.989 E4.60496
G1 X101.069 Y111.41 E4.6579
G1 X101.724 Y110.952 E4.7063
G1 X102.379 Y110.891 E4.74614
G1 X103.035 Y111.114 E4.7881
G1 X103.69 Y111.693 E4.84104
G1 X104.345 Y112.152 E4.88948
G1 X105 Y112.213 E4.92932
G1 X105.655 Y111.989 E4.97124
G1 X105.78 Y111.879 E4.98132
G1 X105.78 Y109.444 E5.12878
G1 X105.655 Y109.531 E5.138
G1 X105 Y109.592 E5.17784
G1 X104.345 Y109.369 E5.21974
G1 X103.69 Y108.789 E5.27272
G1 X102.974 Y108.325 E5.32439
G1 X102.186 Y108.671 E5.37651
G1 X101.355 Y108.82 E5.42764
G1 X100.414 Y109.531 E5.49906
G1 X99.759 Y109.592 E5.5389
G1 X99.104 Y109.369 E5.5808
G1 X98.448 Y108.789 E5.63383
G1 X97.793 Y108.331 E5.68223
G1 X97.251 Y108.28 E5.7152
G1 X97.251 Y106.444 E5.82639
G1 X97.315 Y106.143 E5.84503
G1 X97.475 Y106.394 E5.86306
G1 E3.86306 F2400
G92 E0
G1 X104.868 Y104.565 F7800
G1 E2 F2400
G1 F4800
G1 X104.904 Y105 E2.02643
G1 X104.848 Y105.654 E2.06618
G1 X104.657 Y106.34 E2.1093
G1 X104.392 Y106.915 E2.14764
G1 X105 Y106.971 E2.18462
G1 X105.655 Y106.748 E2.22652
G1 X105.78 Y106.638 E2.2366
G1 X105.78 Y104.203 E2.38406
G1 X105.655 Y104.29 E2.39328
G1 X105 Y104.351 E2.43312
G1 X104.834 Y104.294 E2.44375
G1 X104.537 Y103.378 E2.50207
G1 X104.057 Y102.596 E2.55764
G1 X103.673 Y102.195 E2.59126
G1 E.59126 F2400
G92 E0
G1 X98.972 Y101.779 F7800
G1 E2 F2400
G1 F4800
G1 X98.248 Y102.385 E2.05718
G1 X97.732 Y103.084 E2.1098
G1 X97.251 Y103.039 E2.13906
G1 X97.251 Y100.447 E2.29603
G1 X97.793 Y100.631 E2.33069
G1 X98.448 Y101.211 E2.38367
G1 X99.104 Y101.669 E2.43212
G1 X100.12 Y101.275 E2.49811
G1 X100.789 Y101.175 E2.53907
G1 X101.724 Y100.469 E2.61002
G1 X102.379 Y100.408 E2.64986
G1 X103.035 Y100.631 E2.69182
G1 X103.69 Y101.211 E2.7448
G1 X104.345 Y101.669 E2.7932
G1 X105 Y101.73 E2.83304
G1 X105.655 Y101.507 E2.87494
G1 X105.78 Y101.397 E2.88502
G1 X105.78 Y98.961 E3.03254
G1 X105.655 Y99.048 E3.04176
G1 X105 Y99.109 E3.0816
G1 X104.345 Y98.886 E3.1235
G1 X103.69 Y98.307 E3.17644
G1 X103.035 Y97.848 E3.22488
G1 X102.379 Y97.787 E3.26478
G1 X101.724 Y98.011 E3.3067
G1 X101.069 Y98.59 E3.35964
G1 X100.414 Y99.048 E3.40804
G1 X99.759 Y99.109 E3.44788
G1 X99.104 Y98.886 E3.48978
G1 X98.448 Y98.307 E3.54277
G1 X97.793 Y97.848 E3.59121
G1 X97.251 Y97.798 E3.62417
G1 X97.251 Y95.205 E3.7812
G1 X97.793 Y95.39 E3.81588
G1 X98.448 Y95.969 E3.86882
G1 X99.104 Y96.428 E3.91731
G1 X99.759 Y96.489 E3.95715
G1 X100.414 Y96.266 E3.99905
G1 X101.069 Y95.686 E4.05203
G1 X101.724 Y95.228 E4.10043
G1 X102.379 Y95.167 E4.14027
G1 X103.035 Y95.39 E4.18223
G1 X103.69 Y95.969 E4.23517
G1 X104.345 Y96.428 E4.28361
G1 X105 Y96.489 E4.32345
G1 X105.655 Y96.266 E4.36535
G1 X105.78 Y96.155 E4.37547
G1 X105.78 Y93.72 E4.52293
G1 X105.655 Y93.807 E4.53215
G1 X105 Y93.868 E4.57199
G1 X104.345 Y93.645 E4.61389
G1 X103.69 Y93.065 E4.66687
G1 X103.035 Y92.607 E4.71527
G1 X102.379 Y92.546 E4.75517
G1 X101.724 Y92.769 E4.79707
G1 X101.069 Y93.349 E4.85005
G1 X100.414 Y93.807 E4.89845
G1 X99.759 Y93.868 E4.93829
G1 X99.104 Y93.645 E4.98019
G1 X98.448 Y93.065 E5.03322
G1 X97.793 Y92.607 E5.08162
G1 X97.251 Y92.557 E5.11458
G1 X97.251 Y89.964 E5.27161
G1 X97.793 Y90.149 E5.30629
G1 X98.448 Y90.728 E5.35923
G1 X99.104 Y91.187 E5.40772
G1 X99.759 Y91.247 E5.44755
G1 X100.414 Y91.024 E5.48945
G1 X101.069 Y90.445 E5.54239
G1 X101.724 Y89.986 E5.59083
G1 X102.379 Y89.925 E5.63067
G1 X103.035 Y90.149 E5.67265
G1 X103.69 Y90.728 E5.72559
G1 X104.345 Y91.187 E5.77403
G1 X105 Y91.247 E5.81386
G1 X105.655 Y91.024 E5.85576
G1 X105.78 Y90.914 E5.86584
G1 X105.78 Y89.344 E5.96092
G1 X104.907 Y89.344 E6.01379
M106 S201.45
;LAYER_CHANGE
;Z:1.95
;HEIGHT:0.2
G1 E4.01379 F2400
G92 E0
G1 Z1.95 F7800
G1 X109.989 Y120.961
G1 E2 F2400
;TYPE:Perimeter
;WIDTH:0.449999
G1 F3600
G1 X109.989 Y89.039 E3.08052
G1 X113.054 Y89.039 E3.18427
M73 P24 R16
G1 X113.054 Y120.961 E4.26479
G1 X110.049 Y120.961 E4.36651
G1 X109.582 Y121.368 F7800
G1 F3600
G1 X109.582 Y88.632 E5.47458
G1 X113.461 Y88.632 E5.60588
G1 X113.461 Y121.368 E6.71395
G1 X109.642 Y121.368 E6.84322
G1 X109.175 Y121.775 F7800
;TYPE:External perimeter
G1 F1800
G1 X109.175 Y121.1 E6.86607
G1 X109.175 Y88.9 E7.956
G1 X109.175 Y88.225 E7.97885
M73 Q24 S17
G1 X113.868 Y88.225 E8.1377
G1 X113.868 Y121.775 E9.27333
G1 X109.235 Y121.775 E9.43015
G1 X109.176 Y121.379 F7800
G1 E7.43015 F2400
G92 E0
G1 X110.371 Y89.421 F7800
G1 E2 F2400
M73 Q24 S16
;TYPE:Solid infill
;WIDTH:0.603691
G1 F1200
G1 X110.932 Y89.421 E2.02616
G1 X110.932 Y120.579 E3.479
G1 X110.371 Y120.579 E3.50516
G1 X110.371 Y89.625 E4.94849
G1 E2.94849 F2400
G92 E0
G1 X104.25 Y106.488 F7800
G1 E2 F2400
;TYPE:Perimeter
;WIDTH:0.449999
G1 F900
G1 X104.069 Y106.847 E2.01361
G1 X103.654 Y107.397 E2.03693
G1 X103.16 Y107.845 E2.0595
G1 X102.605 Y108.176 E2.08137
G1 X101.96 Y108.416 E2.10466
G1 X101.469 Y108.514 E2.12161
G1 X100.715 Y108.518 E2.14713
G1 X99.831 Y108.313 E2.17785
G1 X99.348 Y108.097 E2.19576
G1 X98.657 Y107.591 E2.22475
G1 X98.294 Y107.206 E2.24266
G1 X97.848 Y106.474 E2.27167
;WIDTH:0.485249
G1 X97.71 Y106.121 E2.28561
;WIDTH:0.520498
G1 X97.573 Y105.768 E2.30065
;WIDTH:0.558505
G1 X97.515 Y105.569 E2.30954
G1 X97.481 Y105.1 E2.3297
;WIDTH:0.564072
G1 X97.516 Y104.431 E2.35873
G1 X97.592 Y104.213 E2.36873
;WIDTH:0.526048
G1 X97.668 Y103.996 E2.37797
;WIDTH:0.488024
G1 X97.745 Y103.778 E2.38653
;WIDTH:0.449999
G1 X98.03 Y103.175 E2.40911
G1 X98.44 Y102.629 E2.43222
G1 X98.925 Y102.184 E2.4545
G1 X99.367 Y101.893 E2.47241
G1 X100.165 Y101.582 E2.5014
G1 X100.912 Y101.468 E2.52698
G1 X101.49 Y101.495 E2.54657
G1 X102.025 Y101.597 E2.56501
G1 X102.723 Y101.882 E2.59053
G1 X103.461 Y102.409 E2.62123
G1 X103.824 Y102.794 E2.63914
G1 X104.27 Y103.526 E2.66815
G1 X104.458 Y104.02 E2.68604
G1 X104.59 Y104.867 E2.71506
G1 X104.532 Y105.657 E2.74187
G1 X104.359 Y106.271 E2.76346
G1 X104.277 Y106.434 E2.76964
G1 X103.886 Y106.318 F7800
G1 F900
G1 X103.745 Y106.602 E2.78037
G1 X103.329 Y107.151 E2.80369
G1 X102.898 Y107.533 E2.82318
G1 X102.463 Y107.794 E2.84035
G1 X101.818 Y108.034 E2.86364
G1 X101.301 Y108.119 E2.88137
G1 X100.721 Y108.111 E2.901
G1 X99.936 Y107.92 E2.92835
G1 X99.427 Y107.668 E2.94757
G1 X98.905 Y107.268 E2.96983
G1 X98.53 Y106.841 E2.98907
G1 X98.201 Y106.271 E3.01135
G1 X97.997 Y105.642 E3.03373
G1 X97.93 Y105.058 E3.05363
G1 X97.965 Y104.548 E3.07093
G1 X98.139 Y103.881 E3.09426
G1 X98.391 Y103.363 E3.11376
G1 X98.715 Y102.929 E3.13209
G1 X99.2 Y102.484 E3.15437
G1 X99.686 Y102.19 E3.1736
G1 X100.304 Y101.965 E3.19586
G1 X100.959 Y101.873 E3.21825
G1 X101.545 Y101.908 E3.23812
G1 X102.029 Y102.026 E3.25498
G1 X102.562 Y102.256 E3.27463
G1 X103.214 Y102.732 E3.30195
G1 X103.588 Y103.159 E3.32116
G1 X103.917 Y103.729 E3.34344
G1 X104.1 Y104.267 E3.36268
G1 X104.186 Y104.92 E3.38497
G1 X104.128 Y105.612 E3.40848
G1 X103.971 Y106.148 E3.42739
G1 X103.913 Y106.265 E3.43181
G1 X103.524 Y106.149 F7800
;TYPE:External perimeter
G1 F900
G1 X103.42 Y106.356 E3.43965
G1 X103.004 Y106.906 E3.46299
G1 X102.612 Y107.239 E3.4804
G1 X102.322 Y107.412 E3.49183
G1 X101.676 Y107.652 E3.51516
G1 X101.307 Y107.712 E3.52781
G1 X100.727 Y107.703 E3.54744
G1 X100.042 Y107.526 E3.57139
G1 X99.675 Y107.345 E3.58524
G1 X99.152 Y106.945 E3.60753
G1 X98.883 Y106.637 E3.62137
G1 X98.553 Y106.067 E3.64366
G1 X98.387 Y105.526 E3.66281
G1 X98.335 Y105.02 E3.68003
G1 X98.359 Y104.65 E3.69258
G1 X98.532 Y103.984 E3.71587
G1 X98.768 Y103.525 E3.73334
G1 X98.99 Y103.229 E3.74586
G1 X99.475 Y102.785 E3.76812
G1 X99.825 Y102.572 E3.78199
G1 X100.443 Y102.347 E3.80425
G1 X101.005 Y102.277 E3.82342
G1 X101.513 Y102.314 E3.84066
G1 X101.868 Y102.4 E3.85302
G1 X102.4 Y102.629 E3.87262
G1 X102.966 Y103.055 E3.8966
G1 X103.236 Y103.363 E3.91046
G1 X103.565 Y103.933 E3.93274
G1 X103.696 Y104.321 E3.9466
G1 X103.782 Y104.973 E3.96886
G1 X103.723 Y105.568 E3.9891
G1 X103.572 Y106.054 E4.00633
G1 X103.551 Y106.096 E4.00792
G1 X103.348 Y106.44 F7800
G1 E2.00792 F2400
G92 E0
G1 X106.824 Y89.039 F7800
G1 E2 F2400
;TYPE:Perimeter
G1 F3600
M73 P25 R16
G1 X106.824 Y120.961 E3.08052
G1 X96.946 Y120.961 E3.41488
G1 X96.946 Y106.373 E3.90867
;WIDTH:0.486168
G1 X96.964 Y106.113 E3.91828
;WIDTH:0.522337
G1 X96.982 Y105.853 E3.92867
;WIDTH:0.558505
G1 X97 Y105.593 E3.93984
G1 X96.988 Y104.921 E3.96865
;WIDTH:0.564072
G1 X97.003 Y104.365 E3.99275
G1 X96.984 Y104.135 E4.00275
;WIDTH:0.526048
G1 X96.965 Y103.906 E4.01198
;WIDTH:0.488024
G1 X96.946 Y103.676 E4.02052
;WIDTH:0.449999
G1 X96.946 Y89.039 E4.51596
G1 X106.764 Y89.039 E4.84829
G1 X107.232 Y88.632 F7800
G1 F3600
G1 X107.232 Y121.368 E5.95636
G1 X96.539 Y121.368 E6.3183
G1 X96.539 Y88.632 E7.42637
G1 X107.172 Y88.632 E7.78628
G1 X107.639 Y88.225 F7800
;TYPE:External perimeter
G1 F1800
G1 X107.639 Y88.9 E7.80913
G1 X107.639 Y121.1 E8.89906
G1 X107.639 Y121.775 E8.92191
M73 Q25 S16
G1 X96.132 Y121.775 E9.31141
G1 X96.132 Y88.225 E10.44704
G1 X107.579 Y88.225 E10.83451
G1 X107.638 Y88.621 F7800
G1 X106.442 Y89.421
;TYPE:Solid infill
;WIDTH:0.603691
G1 F1200
G1 X106.442 Y120.579 E12.28735
G1 X105.882 Y120.579 E12.31346
G1 X105.882 Y89.421 E13.7663
G1 X106.239 Y89.421 E13.78295
M106 S193.8
;LAYER_CHANGE
;Z:2.15
;HEIGHT:0.2
G1 E11.78295 F2400
G92 E0
G1 Z2.15 F7800
G1 X110.643 Y120.961
G1 E2 F2400
;TYPE:Perimeter
;WIDTH:0.449999
G1 F3600
G1 X110.643 Y89.039 E3.08052
G1 X113.054 Y89.039 E3.16213
G1 X113.054 Y120.961 E4.24265
G1 X110.703 Y120.961 E4.32223
G1 X110.236 Y121.368 F7800
G1 F3600
G1 X110.236 Y88.632 E5.4303
G1 X113.461 Y88.632 E5.53946
G1 X113.461 Y121.368 E6.64753
G1 X110.296 Y121.368 E6.75466
G1 X109.829 Y121.775 F7800
;TYPE:External perimeter
G1 F1800
G1 X109.829 Y121.1 E6.77751
G1 X109.829 Y88.9 E7.86744
G1 X109.829 Y88.225 E7.89029
M73 P26 R16
G1 X113.868 Y88.225 E8.02701
G1 X113.868 Y121.775 E9.16264
G1 X109.889 Y121.775 E9.29732
G1 X109.83 Y121.379 F7800
G1 X110.933 Y120.671
;TYPE:Solid infill
;WIDTH:0.418928
G1 F1200
G1 X110.933 Y89.329 E10.27723
G1 X111.309 Y89.329 E10.28899
M73 Q26 S16
G1 X111.309 Y120.671 E11.2689
G1 X111.136 Y120.671 E11.27431
G1 E9.27431 F2400
G92 E0
G1 X111.701 Y117.464 F7800
G1 E2 F2400
;TYPE:Internal infill
;WIDTH:0.45
;HEIGHT:0.4
G1 F4800
G1 X111.701 Y119.906 E2.14789
G1 X112.207 Y119.152 E2.20288
G1 X112.749 Y118.749 E2.24378
G1 X112.749 Y116.01 E2.40965
G1 X112.207 Y115.845 E2.44396
G1 X111.879 Y115.852 E2.46383
G1 X111.701 Y115.976 E2.47697
G1 X111.701 Y114.665 E2.55636
G1 X112.207 Y113.91 E2.6114
G1 X112.749 Y113.508 E2.65227
G1 X112.749 Y110.769 E2.81814
G1 X112.207 Y110.604 E2.85245
G1 X111.879 Y110.611 E2.87232
G1 X111.701 Y110.734 E2.88542
G1 X111.701 Y109.423 E2.96481
G1 X112.207 Y108.669 E3.0198
G1 X112.749 Y108.267 E3.06067
G1 X112.749 Y105.527 E3.2266
G1 X112.207 Y105.362 E3.26091
G1 X111.879 Y105.37 E3.28078
G1 X111.701 Y105.493 E3.29388
G1 X111.701 Y104.182 E3.37327
G1 X112.207 Y103.428 E3.42826
G1 X112.749 Y103.025 E3.46916
G1 X112.749 Y100.286 E3.63503
G1 X112.207 Y100.121 E3.66934
G1 X111.879 Y100.128 E3.68921
G1 X111.701 Y100.252 E3.70235
G1 X111.701 Y98.941 E3.78174
G1 X112.207 Y98.187 E3.83673
G1 X112.749 Y97.784 E3.87763
G1 X112.749 Y95.045 E4.0435
G1 X112.207 Y94.88 E4.07781
G1 X111.879 Y94.887 E4.09768
G1 X111.701 Y95.01 E4.11078
G1 X111.701 Y93.7 E4.19011
G1 X112.207 Y92.945 E4.24515
G1 X112.749 Y92.543 E4.28602
G1 X112.749 Y89.803 E4.45195
G1 X112.207 Y89.638 E4.48626
G1 X111.879 Y89.646 E4.50613
G1 X111.701 Y89.769 E4.51923
G1 X111.701 Y92.212 E4.66718
G1 E2.66718 F2400
G92 E0
G1 X104.246 Y106.486 F7800
G1 E2 F2400
;TYPE:Perimeter
;WIDTH:0.449999
;HEIGHT:0.2
G1 F900
G1 X104.017 Y106.936 E2.01709
G1 X103.622 Y107.437 E2.03869
G1 X103.16 Y107.845 E2.05955
G1 X102.63 Y108.165 E2.08051
G1 X102.088 Y108.381 E2.10026
G1 X101.193 Y108.53 E2.13097
G1 X100.402 Y108.473 E2.15781
G1 X99.788 Y108.3 E2.1794
G1 X99.179 Y107.991 E2.20252
G1 X98.657 Y107.591 E2.22478
G1 X98.139 Y106.992 E2.25159
G1 X97.827 Y106.435 E2.2732
;WIDTH:0.486729
G1 X97.684 Y106.018 E2.28947
;WIDTH:0.523458
G1 X97.541 Y105.602 E2.30705
;WIDTH:0.544185
G1 X97.494 Y105.329 E2.3186
G1 X97.494 Y104.671 E2.34603
;WIDTH:0.566963
G1 X97.52 Y104.393 E2.3582
G1 X97.595 Y104.186 E2.36779
;WIDTH:0.527975
G1 X97.671 Y103.979 E2.37668
;WIDTH:0.488987
G1 X97.746 Y103.772 E2.38485
;WIDTH:0.449999
G1 X98.029 Y103.176 E2.40718
G1 X98.482 Y102.58 E2.43252
G1 X99.034 Y102.103 E2.45721
G1 X99.617 Y101.772 E2.4799
G1 X100.207 Y101.568 E2.50103
G1 X100.908 Y101.468 E2.525
G1 X101.577 Y101.502 E2.54767
G1 X102.309 Y101.693 E2.57328
G1 X102.995 Y102.042 E2.59933
G1 X103.496 Y102.437 E2.62093
G1 X103.941 Y102.956 E2.64407
G1 X104.27 Y103.526 E2.66635
G1 X104.458 Y104.02 E2.68424
G1 X104.59 Y104.867 E2.71326
G1 X104.556 Y105.526 E2.7356
G1 X104.366 Y106.25 E2.76094
G1 X104.273 Y106.432 E2.76786
G1 X103.881 Y106.316 F7800
G1 F900
G1 X103.66 Y106.74 E2.78404
G1 X103.31 Y107.175 E2.80294
G1 X102.898 Y107.533 E2.82141
G1 X102.48 Y107.787 E2.83797
G1 X101.938 Y108.003 E2.85772
G1 X101.139 Y108.127 E2.88509
G1 X100.447 Y108.069 E2.9086
G1 X99.911 Y107.912 E2.92751
G1 X99.427 Y107.668 E2.94586
G1 X98.905 Y107.268 E2.96812
G1 X98.456 Y106.737 E2.99166
G1 X98.188 Y106.247 E3.01056
G1 X97.969 Y105.487 E3.03733
G1 X97.948 Y104.671 E3.06496
G1 X98.14 Y103.877 E3.09261
G1 X98.391 Y103.364 E3.11194
G1 X98.8 Y102.835 E3.13457
G1 X99.29 Y102.419 E3.15633
G1 X99.808 Y102.131 E3.17639
G1 X100.329 Y101.956 E3.19499
G1 X100.954 Y101.873 E3.21633
G1 X101.545 Y101.908 E3.23637
G1 X102.195 Y102.084 E3.25916
G1 X102.799 Y102.399 E3.28222
G1 X103.234 Y102.749 E3.30112
G1 X103.588 Y103.159 E3.31946
G1 X103.917 Y103.729 E3.34174
G1 X104.1 Y104.267 E3.36098
G1 X104.186 Y104.92 E3.38327
G1 X104.151 Y105.491 E3.40263
G1 X103.975 Y106.136 E3.42526
G1 X103.909 Y106.263 E3.4301
G1 X103.517 Y106.146 F7800
;TYPE:External perimeter
G1 F900
G1 X103.303 Y106.544 E3.4454
G1 X102.973 Y106.939 E3.46282
G1 X102.612 Y107.239 E3.47871
G1 X102.329 Y107.409 E3.48988
G1 X101.787 Y107.625 E3.50963
G1 X101.086 Y107.723 E3.53359
G1 X100.491 Y107.664 E3.55383
G1 X100.004 Y107.512 E3.5711
G1 X99.675 Y107.345 E3.58359
G1 X99.153 Y106.945 E3.60585
G1 X98.774 Y106.482 E3.6261
G1 X98.533 Y106.018 E3.6438
G1 X98.362 Y105.382 E3.66609
G1 X98.356 Y104.671 E3.69016
G1 X98.533 Y103.982 E3.71424
G1 X98.773 Y103.518 E3.73192
M73 P26 R15
G1 X99.117 Y103.09 E3.75051
G1 X99.547 Y102.735 E3.76938
G1 X99.999 Y102.491 E3.78677
G1 X100.489 Y102.336 E3.80417
G1 X101.001 Y102.277 E3.82162
G1 X101.513 Y102.314 E3.839
G1 X102.081 Y102.475 E3.85898
G1 X102.603 Y102.756 E3.87905
G1 X102.995 Y103.083 E3.89633
G1 X103.236 Y103.363 E3.90883
G1 X103.565 Y103.933 E3.93111
G1 X103.696 Y104.321 E3.94497
G1 X103.782 Y104.973 E3.96723
G1 X103.743 Y105.473 E3.98421
G1 X103.584 Y106.022 E4.00356
G1 X103.546 Y106.093 E4.00629
G1 X103.356 Y106.446 F7800
G1 E2.00629 F2400
G92 E0
G1 X106.17 Y89.039 F7800
G1 E2 F2400
;TYPE:Perimeter
G1 F3600
G1 X106.17 Y120.961 E3.08052
G1 X96.946 Y120.961 E3.39274
G1 X96.946 Y106.334 E3.88785
;WIDTH:0.497092
G1 X96.97 Y105.831 E3.90687
;WIDTH:0.544185
G1 X96.993 Y105.329 E3.92782
;WIDTH:0.566963
G1 X97.004 Y104.325 E3.97157
G1 X96.985 Y104.105 E3.98119
;WIDTH:0.527975
G1 X96.965 Y103.886 E3.99006
;WIDTH:0.488987
G1 X96.946 Y103.666 E3.99825
;WIDTH:0.449999
G1 X96.946 Y89.039 E4.49336
G1 X106.11 Y89.039 E4.80355
G1 X106.577 Y88.632 F7800
G1 F3600
M73 P27 R15
G1 X106.577 Y121.368 E5.91162
G1 X96.539 Y121.368 E6.25139
G1 X96.539 Y88.632 E7.35946
G1 X106.517 Y88.632 E7.6972
G1 X106.985 Y88.225 F7800
;TYPE:External perimeter
G1 F1800
G1 X106.985 Y88.9 E7.72005
G1 X106.985 Y121.1 E8.80998
G1 X106.985 Y121.775 E8.83283
G1 X96.132 Y121.775 E9.20019
G1 X96.132 Y88.225 E10.33582
G1 X106.925 Y88.225 E10.70115
M73 Q27 S16
G1 X106.984 Y88.621 F7800
G1 X105.505 Y89.329
;TYPE:Solid infill
;WIDTH:0.418927
G1 F1200
G1 X105.881 Y89.329 E10.71291
G1 X105.881 Y120.671 E11.69282
G1 X105.505 Y120.671 E11.70458
G1 X105.505 Y89.532 E12.67814
G1 X104.577 Y89.344 F7800
;TYPE:Internal infill
;WIDTH:0.45
;HEIGHT:0.4
G1 F4800
G1 X105.113 Y89.344 E12.7106
G1 X105.113 Y91.251 E12.82609
G1 X105 Y91.335 E12.83462
G1 X104.345 Y91.534 E12.87608
G1 X104.017 Y91.527 E12.89595
G1 X103.69 Y91.301 E12.92002
G1 X103.035 Y90.325 E12.9912
G1 X102.379 Y89.838 E13.04068
G1 X101.724 Y89.638 E13.08215
G1 X101.397 Y89.646 E13.10196
G1 X101.069 Y89.872 E13.12608
G1 X100.414 Y90.848 E13.19726
G1 X99.759 Y91.335 E13.24669
G1 X99.104 Y91.534 E13.28815
G1 X98.776 Y91.527 E13.30802
G1 X98.448 Y91.301 E13.33214
G1 X97.793 Y90.325 E13.40332
G1 X97.251 Y89.922 E13.44422
G1 X97.251 Y92.424 E13.59574
G1 X97.793 Y92.259 E13.63005
G1 X98.121 Y92.266 E13.64992
G1 X98.448 Y92.493 E13.67403
G1 X99.104 Y93.469 E13.74525
G1 X99.759 Y93.956 E13.79468
G1 X100.414 Y94.155 E13.83614
G1 X100.741 Y94.148 E13.85595
G1 X101.069 Y93.921 E13.88011
G1 X101.724 Y92.945 E13.95129
G1 X102.379 Y92.459 E14.00068
G1 X103.035 Y92.259 E14.04221
G1 X103.362 Y92.266 E14.06202
G1 X103.69 Y92.493 E14.08618
G1 X104.345 Y93.469 E14.15736
G1 X105.113 Y93.99 E14.21356
G1 X105.113 Y96.492 E14.36508
G1 X105 Y96.576 E14.37361
G1 X104.345 Y96.776 E14.41508
G1 X104.017 Y96.769 E14.43495
G1 X103.69 Y96.542 E14.45906
G1 X103.035 Y95.566 E14.53024
G1 X102.379 Y95.079 E14.57972
G1 X101.724 Y94.88 E14.62118
G1 X101.397 Y94.887 E14.64099
G1 X101.069 Y95.113 E14.66511
G1 X100.414 Y96.09 E14.73634
G1 X99.759 Y96.576 E14.78573
G1 X99.104 Y96.776 E14.8272
G1 X98.776 Y96.769 E14.84707
G1 X98.448 Y96.542 E14.87123
G1 X97.793 Y95.566 E14.94241
G1 X97.251 Y95.163 E14.98331
G1 X97.251 Y97.665 E15.13483
G1 X97.793 Y97.5 E15.16914
G1 X98.121 Y97.508 E15.18901
G1 X98.448 Y97.734 E15.21308
G1 X99.104 Y98.71 E15.2843
G1 X99.759 Y99.197 E15.33373
G1 X100.414 Y99.396 E15.37519
G1 X100.741 Y99.389 E15.395
G1 X101.069 Y99.163 E15.41912
G1 X101.724 Y98.187 E15.4903
G1 X102.379 Y97.7 E15.53973
G1 X103.035 Y97.5 E15.58126
G1 X103.362 Y97.508 E15.60107
G1 X103.69 Y97.734 E15.62519
G1 X104.345 Y98.71 E15.69637
G1 X105.113 Y99.231 E15.75257
G1 X105.113 Y101.734 E15.90415
G1 X105 Y101.818 E15.91268
G1 X104.345 Y102.017 E15.95414
G1 X104.017 Y102.01 E15.97401
G1 X103.69 Y101.783 E15.99812
G1 X103.035 Y100.807 E16.0693
G1 X102.379 Y100.321 E16.11874
G1 X101.724 Y100.121 E16.16021
G1 X101.397 Y100.128 E16.18002
G1 X101.069 Y100.355 E16.20418
G1 X100.496 Y101.209 E16.26646
G1 X101.129 Y101.16 E16.30491
G1 X101.607 Y101.198 E16.33395
G1 X102.099 Y101.301 E16.36439
G1 X102.861 Y101.611 E16.41421
G1 E14.41421 F2400
G92 E0
G1 X104.506 Y106.682 F7800
G1 E2 F2400
G1 F4800
G1 X104.846 Y105.667 E2.06483
G1 X104.904 Y104.998 E2.1055
G1 X104.822 Y104.306 E2.1477
G1 X105.113 Y104.473 E2.16802
G1 X105.113 Y106.975 E2.31954
G1 X105 Y107.059 E2.32807
G1 X104.345 Y107.258 E2.36953
G1 X104.168 Y107.254 E2.38025
G1 X103.853 Y107.637 E2.41028
G1 X103.417 Y108.028 E2.44575
G1 X103.69 Y108.217 E2.46586
G1 X104.345 Y109.193 E2.53704
G1 X105.113 Y109.714 E2.59324
G1 X105.113 Y112.216 E2.74476
G1 X105 Y112.3 E2.75329
G1 X104.345 Y112.5 E2.79476
G1 X104.017 Y112.492 E2.81463
G1 X103.69 Y112.266 E2.8387
G1 X103.035 Y111.29 E2.90988
G1 X102.379 Y110.803 E2.95936
G1 X101.724 Y110.604 E3.00082
G1 X101.397 Y110.611 E3.02063
G1 X101.069 Y110.837 E3.04475
G1 X100.414 Y111.813 E3.11593
G1 X99.759 Y112.3 E3.16536
G1 X99.104 Y112.5 E3.20683
G1 X98.776 Y112.492 E3.2267
G1 X98.448 Y112.266 E3.25082
G1 X97.793 Y111.29 E3.322
G1 X97.251 Y110.887 E3.3629
G1 X97.251 Y113.389 E3.51442
G1 X97.793 Y113.224 E3.54873
G1 X98.121 Y113.231 E3.5686
G1 X98.448 Y113.458 E3.59271
G1 X99.104 Y114.434 E3.66393
G1 X99.759 Y114.921 E3.71336
G1 X100.414 Y115.12 E3.75482
G1 X100.741 Y115.113 E3.77463
G1 X101.069 Y114.887 E3.79875
G1 X101.724 Y113.91 E3.86998
G1 X102.379 Y113.424 E3.91937
G1 X103.035 Y113.224 E3.9609
G1 X103.362 Y113.231 E3.98071
G1 X103.69 Y113.458 E4.00487
G1 X104.345 Y114.434 E4.07605
G1 X105.113 Y114.955 E4.13225
G1 X105.113 Y117.457 E4.28377
G1 X105 Y117.541 E4.2923
G1 X104.345 Y117.741 E4.33377
G1 X104.017 Y117.734 E4.35364
G1 X103.69 Y117.507 E4.37775
G1 X103.035 Y116.531 E4.44893
G1 X102.379 Y116.044 E4.49841
G1 X101.724 Y115.845 E4.53987
G1 X101.397 Y115.852 E4.55968
G1 X101.069 Y116.079 E4.58384
G1 X100.414 Y117.055 E4.65502
G1 X99.759 Y117.541 E4.70441
G1 X99.104 Y117.741 E4.74588
G1 X98.776 Y117.734 E4.76575
G1 X98.448 Y117.507 E4.78991
G1 X97.793 Y116.531 E4.86109
G1 X97.251 Y116.129 E4.90196
G1 X97.251 Y118.631 E5.05348
G1 X97.793 Y118.466 E5.08779
G1 X98.121 Y118.473 E5.10766
G1 X98.448 Y118.699 E5.13173
G1 X99.104 Y119.675 E5.20295
G1 X99.759 Y120.162 E5.25238
G1 X100.414 Y120.362 E5.29385
G1 X100.741 Y120.354 E5.31366
G1 X101.069 Y120.128 E5.33778
G1 X101.724 Y119.152 E5.40896
G1 X102.379 Y118.665 E5.45839
G1 X103.035 Y118.466 E5.49991
G1 X103.362 Y118.473 E5.51972
G1 X103.69 Y118.699 E5.54384
G1 X104.345 Y119.675 E5.61502
G1 X105.113 Y120.197 E5.67126
G1 X105.113 Y120.656 E5.69906
G1 X103.13 Y120.656 E5.81915
G1 E3.81915 F2400
G92 E0
G1 X99.273 Y108.4 F7800
G1 E2 F2400
G1 F4800
G1 X99.69 Y108.59 E2.02775
G1 X100.364 Y108.776 E2.07009
G1 X100.921 Y108.837 E2.10402
G1 X101.64 Y108.795 E2.14764
G1 X101.069 Y109.645 E2.20965
G1 X100.741 Y109.872 E2.23381
G1 X100.414 Y109.879 E2.25362
G1 X99.759 Y109.68 E2.29508
G1 X99.104 Y109.193 E2.34451
G1 X98.448 Y108.217 E2.41573
G1 X98.121 Y107.99 E2.43984
G1 X97.793 Y107.983 E2.45971
G1 X97.251 Y108.148 E2.49402
G1 X97.251 Y106.38 E2.60109
G1 X97.296 Y106.052 E2.62114
G1 X97.453 Y106.333 E2.64063
G1 E.64063 F2400
G92 E0
G1 X97.251 Y100.608 F7800
G1 E2 F2400
G1 F4800
G1 X97.251 Y102.907 E2.13923
G1 X97.793 Y102.742 E2.17354
G1 X97.952 Y102.745 E2.18317
G1 X98.247 Y102.385 E2.21136
G1 X98.712 Y101.966 E2.24927
G1 X98.448 Y101.783 E2.26872
G1 X97.793 Y100.807 E2.3399
G1 X97.251 Y100.405 E2.38077
G1 X97.251 Y97.962 E2.52872
M106 S196.35
;LAYER_CHANGE
;Z:2.35
;HEIGHT:0.2
G1 E.52872 F2400
G92 E0
G1 Z2.35 F7800
G1 X111.025 Y120.961
G1 E2 F2400
M73 P28 R15
;TYPE:Perimeter
;WIDTH:0.449999
G1 F3600
G1 X111.025 Y89.039 E3.08052
G1 X113.054 Y89.039 E3.1492
G1 X113.054 Y120.961 E4.22972
G1 X111.085 Y120.961 E4.29637
G1 X110.618 Y121.368 F7800
G1 F3600
G1 X110.618 Y88.632 E5.40444
G1 X113.461 Y88.632 E5.50067
G1 X113.461 Y121.368 E6.60874
G1 X110.678 Y121.368 E6.70294
G1 X110.211 Y121.775 F7800
;TYPE:External perimeter
G1 F1800
G1 X110.211 Y121.1 E6.72579
G1 X110.211 Y88.9 E7.81572
G1 X110.211 Y88.225 E7.83857
M73 Q28 S16
G1 X113.868 Y88.225 E7.96235
G1 X113.868 Y121.775 E9.09798
G1 X110.271 Y121.775 E9.21973
G1 X110.212 Y121.379 F7800
G1 E7.21973 F2400
G92 E0
G1 X111.33 Y89.344 F7800
G1 E2 F2400
;TYPE:Solid infill
G1 F1200
G1 X112.749 Y89.344 E2.04803
G1 X112.749 Y120.656 E3.1079
G1 X111.33 Y120.656 E3.15593
G1 X111.33 Y89.548 E4.2089
G1 X111.787 Y89.801 E4.22658
;WIDTH:0.548509
G1 X112.292 Y89.801 E4.24781
G1 X112.292 Y120.199 E5.52574
G1 X111.787 Y120.199 E5.54697
G1 X111.787 Y90.004 E6.81636
G1 E4.81636 F2400
M73 Q28 S15
G92 E0
G1 X104.248 Y106.487 F7800
G1 E2 F2400
;TYPE:Perimeter
;WIDTH:0.449999
G1 F900
G1 X104.05 Y106.88 E2.0149
G1 X103.65 Y107.402 E2.03716
G1 X103.16 Y107.845 E2.05952
G1 X102.593 Y108.185 E2.0819
G1 X102.081 Y108.384 E2.10049
G1 X101.193 Y108.53 E2.13095
G1 X100.402 Y108.473 E2.15779
G1 X99.788 Y108.3 E2.17938
G1 X99.179 Y107.991 E2.2025
G1 X98.657 Y107.591 E2.22476
G1 X98.294 Y107.206 E2.24267
G1 X97.848 Y106.474 E2.27168
;WIDTH:0.485188
G1 X97.711 Y106.126 E2.28543
M73 P29 R15
;WIDTH:0.520376
G1 X97.575 Y105.777 E2.3003
;WIDTH:0.559392
G1 X97.516 Y105.579 E2.30917
G1 X97.482 Y105.102 E2.32971
;WIDTH:0.563012
G1 X97.521 Y104.382 E2.36089
G1 X97.6 Y104.167 E2.3708
;WIDTH:0.525341
G1 X97.678 Y103.953 E2.37994
;WIDTH:0.48767
G1 X97.756 Y103.738 E2.3884
;WIDTH:0.449999
G1 X98.03 Y103.175 E2.40959
G1 X98.423 Y102.644 E2.43195
G1 X98.82 Y102.265 E2.45053
G1 X99.585 Y101.789 E2.48103
G1 X100.207 Y101.568 E2.50337
G1 X100.903 Y101.468 E2.52717
G1 X101.576 Y101.502 E2.54998
G1 X102.175 Y101.647 E2.57084
G1 X102.681 Y101.86 E2.58942
G1 X103.454 Y102.404 E2.62141
G1 X103.825 Y102.794 E2.63963
G1 X104.27 Y103.526 E2.66863
G1 X104.458 Y104.02 E2.68652
G1 X104.59 Y104.867 E2.71554
G1 X104.541 Y105.612 E2.74081
G1 X104.362 Y106.262 E2.76363
G1 X104.275 Y106.434 E2.77015
G1 X103.885 Y106.318 F7800
G1 F900
G1 X103.727 Y106.632 E2.78205
G1 X103.327 Y107.155 E2.80434
G1 X102.898 Y107.533 E2.82369
G1 X102.445 Y107.806 E2.84159
G1 X101.933 Y108.005 E2.86018
G1 X101.139 Y108.127 E2.88737
G1 X100.447 Y108.069 E2.91088
G1 X99.911 Y107.912 E2.92979
G1 X99.427 Y107.668 E2.94814
G1 X98.905 Y107.268 E2.9704
G1 X98.53 Y106.841 E2.98964
G1 X98.201 Y106.271 E3.01192
G1 X97.998 Y105.651 E3.034
G1 X97.93 Y105.059 E3.05417
G1 X97.982 Y104.43 E3.07553
G1 X98.145 Y103.857 E3.09569
G1 X98.391 Y103.363 E3.11437
G1 X98.705 Y102.938 E3.13226
G1 X99.102 Y102.559 E3.15084
G1 X99.789 Y102.142 E3.17804
G1 X100.329 Y101.956 E3.19737
G1 X100.95 Y101.873 E3.21858
G1 X101.544 Y101.908 E3.23872
G1 X102.017 Y102.022 E3.25519
G1 X102.523 Y102.235 E3.27377
G1 X103.209 Y102.729 E3.30238
G1 X103.588 Y103.159 E3.32178
G1 X103.917 Y103.729 E3.34406
G1 X104.1 Y104.267 E3.3633
G1 X104.186 Y104.92 E3.38559
G1 X104.136 Y105.57 E3.40766
G1 X103.973 Y106.143 E3.42782
G1 X103.912 Y106.264 E3.43241
G1 X103.522 Y106.148 F7800
;TYPE:External perimeter
G1 F900
G1 X103.404 Y106.384 E3.44134
G1 X103.004 Y106.907 E3.46363
G1 X102.611 Y107.239 E3.48104
G1 X102.297 Y107.426 E3.49341
G1 X101.786 Y107.625 E3.51197
G1 X101.086 Y107.723 E3.5359
G1 X100.491 Y107.664 E3.55614
G1 X100.004 Y107.512 E3.57341
G1 X99.675 Y107.345 E3.5859
G1 X99.152 Y106.945 E3.60819
G1 X98.883 Y106.637 E3.62203
G1 X98.553 Y106.067 E3.64432
G1 X98.388 Y105.534 E3.66321
G1 X98.335 Y105.02 E3.6807
G1 X98.387 Y104.471 E3.69937
G1 X98.535 Y103.976 E3.71686
G1 X98.768 Y103.525 E3.73404
G1 X98.987 Y103.232 E3.74642
G1 X99.383 Y102.853 E3.76497
G1 X99.992 Y102.494 E3.7889
G1 X100.489 Y102.336 E3.80655
G1 X100.997 Y102.277 E3.82386
G1 X101.512 Y102.314 E3.84134
G1 X101.859 Y102.397 E3.85342
G1 X102.365 Y102.61 E3.872
G1 X102.964 Y103.054 E3.89724
G1 X103.236 Y103.363 E3.91117
G1 X103.565 Y103.933 E3.93345
G1 X103.696 Y104.321 E3.94731
M73 Q29 S15
G1 X103.782 Y104.973 E3.96957
G1 X103.731 Y105.529 E3.98847
G1 X103.583 Y106.024 E4.00596
G1 X103.548 Y106.095 E4.00864
G1 X103.35 Y106.442 F7800
G1 E2.00864 F2400
G92 E0
G1 X105.788 Y89.039 F7800
G1 E2 F2400
;TYPE:Perimeter
G1 F3600
G1 X105.788 Y120.961 E3.08052
G1 X96.946 Y120.961 E3.37981
G1 X96.946 Y106.375 E3.87353
;WIDTH:0.486464
G1 X96.964 Y106.118 E3.88303
;WIDTH:0.522928
G1 X96.982 Y105.861 E3.89331
;WIDTH:0.559392
G1 X97.001 Y105.603 E3.90442
G1 X96.989 Y104.867 E3.93603
;WIDTH:0.563012
G1 X97.002 Y104.356 E3.95814
G1 X96.984 Y104.109 E3.96885
;WIDTH:0.525341
G1 X96.965 Y103.863 E3.97875
;WIDTH:0.48767
G1 X96.946 Y103.617 E3.98787
;WIDTH:0.449999
G1 X96.946 Y89.039 E4.48132
G1 X105.728 Y89.039 E4.77858
G1 X106.195 Y88.632 F7800
G1 F3600
G1 X106.195 Y121.368 E5.88665
G1 X96.539 Y121.368 E6.21349
G1 X96.539 Y88.632 E7.32156
G1 X106.135 Y88.632 E7.64637
G1 X106.603 Y88.225 F7800
;TYPE:External perimeter
G1 F1800
G1 X106.603 Y88.9 E7.66922
G1 X106.603 Y121.1 E8.75915
G1 X106.603 Y121.775 E8.782
G1 X96.132 Y121.775 E9.13643
G1 X96.132 Y88.225 E10.27206
G1 X106.543 Y88.225 E10.62446
G1 X106.602 Y88.621 F7800
G1 X105.388 Y89.44
;TYPE:Solid infill
;WIDTH:0.64056
G1 F1200
G1 X105.388 Y103.486 E11.32246
G1 X105.361 Y103.548 E11.32582
;WIDTH:0.605766
G1 X105.335 Y103.611 E11.32901
;WIDTH:0.570974
G1 X105.308 Y103.673 E11.33198
;WIDTH:0.536182
G1 X105.279 Y103.742 E11.33505
;WIDTH:0.497961
G1 X105.249 Y103.81 E11.33786
;WIDTH:0.45974
G1 X105.22 Y103.879 E11.34045
;WIDTH:0.421519
G1 X105.191 Y103.947 E11.34278
;WIDTH:0.428226
G1 X105.156 Y104.033 E11.34575
;WIDTH:0.473154
G1 X105.121 Y104.119 E11.34907
;WIDTH:0.518082
G1 X105.086 Y104.205 E11.35274
;WIDTH:0.56301
G1 X105.051 Y104.291 E11.35676
G1 X104.887 Y104.372 E11.36467
G1 X104.945 Y104.971 E11.3907
;WIDTH:0.549419
G1 X104.911 Y105.441 E11.41055
G1 X105.066 Y105.514 E11.41777
G1 X105.19 Y105.653 E11.42561
;WIDTH:0.597254
G1 X105.288 Y105.857 E11.43604
;WIDTH:0.645088
G1 X105.386 Y106.06 E11.44733
G1 X105.409 Y105.674 E11.46669
;WIDTH:0.597254
G1 X105.433 Y105.288 E11.48452
;WIDTH:0.56301
G1 X105.427 Y104.524 E11.51756
G1 X105.449 Y104.397 E11.52313
;WIDTH:0.518082
G1 X105.472 Y104.27 E11.52823
;WIDTH:0.473154
G1 X105.494 Y104.143 E11.53284
;WIDTH:0.428226
G1 X105.516 Y104.016 E11.53697
;WIDTH:0.383297
G1 X105.525 Y103.885 E11.54069
;WIDTH:0.412638
G1 X105.502 Y103.819 E11.54284
;WIDTH:0.458222
G1 X105.479 Y103.752 E11.54529
;WIDTH:0.503806
G1 X105.456 Y103.686 E11.54797
;WIDTH:0.54939
G1 X105.433 Y103.619 E11.55095
;WIDTH:0.594974
G1 X105.411 Y103.553 E11.55414
;WIDTH:0.640558
G1 X105.388 Y103.486 E11.55766
G1 E9.55766 F2400
G92 E0
G1 X105.386 Y106.06 F7800
G1 E2 F2400
;WIDTH:0.645088
G1 F1200
G1 X105.388 Y106.112 E2.00261
;WIDTH:0.64056
G1 X105.388 Y120.56 E2.72059
M106 S191.25
;LAYER_CHANGE
;Z:2.55
;HEIGHT:0.2
G1 E.72059 F2400
G92 E0
G1 Z2.55 F7800
G1 X111.31 Y120.961
G1 E2 F2400
;TYPE:Perimeter
;WIDTH:0.449999
G1 F3600
G1 X111.31 Y89.039 E3.08052
G1 X113.054 Y89.039 E3.13955
G1 X113.054 Y120.961 E4.22007
G1 X111.37 Y120.961 E4.27707
M73 P30 R15
G1 X110.903 Y121.368 F7800
G1 F3600
G1 X110.903 Y88.632 E5.38514
G1 X113.461 Y88.632 E5.47173
G1 X113.461 Y121.368 E6.5798
G1 X110.963 Y121.368 E6.66435
G1 X110.496 Y121.775 F7800
;TYPE:External perimeter
G1 F1800
G1 X110.496 Y121.1 E6.6872
G1 X110.496 Y88.9 E7.77713
G1 X110.496 Y88.225 E7.79998
G1 X113.868 Y88.225 E7.91412
G1 X113.868 Y121.775 E9.04975
G1 X110.556 Y121.775 E9.16186
M73 Q30 S15
G1 X110.496 Y121.379 F7800
G1 E7.16186 F2400
G92 E0
G1 X111.615 Y89.548 F7800
G1 E2 F2400
;TYPE:Solid infill
G1 F1200
G1 X111.615 Y120.656 E3.05297
G1 X112.749 Y120.656 E3.09135
G1 X112.749 Y89.344 E4.15122
G1 X111.615 Y89.344 E4.1896
G1 X112 Y89.73 E4.20805
;WIDTH:0.406253
G1 X112.364 Y89.73 E4.21905
G1 X112.364 Y120.27 E5.1417
G1 X112 Y120.27 E5.1527
G1 X112 Y89.933 E6.06922
G1 E4.06922 F2400
G92 E0
G1 X104.252 Y106.489 F7800
G1 E2 F2400
;TYPE:Perimeter
;WIDTH:0.449999
G1 F900
G1 X104.178 Y106.662 E2.00637
G1 X103.65 Y107.402 E2.03714
G1 X103.265 Y107.765 E2.05505
G1 X102.533 Y108.211 E2.08406
G1 X101.831 Y108.45 E2.10916
G1 X101.158 Y108.534 E2.13212
G1 X100.519 Y108.49 E2.1538
G1 X99.84 Y108.315 E2.17753
G1 X99.348 Y108.097 E2.19575
G1 X98.657 Y107.591 E2.22474
G1 X98.294 Y107.206 E2.24265
G1 X97.848 Y106.474 E2.27166
;WIDTH:0.485372
G1 X97.707 Y106.103 E2.28626
;WIDTH:0.520745
G1 X97.565 Y105.732 E2.30204
;WIDTH:0.555058
G1 X97.51 Y105.531 E2.31091
G1 X97.481 Y105.093 E2.3296
;WIDTH:0.566959
G1 X97.52 Y104.393 E2.36015
G1 X97.595 Y104.186 E2.36974
;WIDTH:0.527973
G1 X97.671 Y103.979 E2.37863
;WIDTH:0.488986
G1 X97.746 Y103.772 E2.3868
;WIDTH:0.449999
G1 X97.963 Y103.289 E2.40472
G1 X98.469 Y102.598 E2.43371
G1 X98.958 Y102.155 E2.45604
G1 X99.546 Y101.807 E2.47917
G1 X100.165 Y101.582 E2.50146
G1 X100.898 Y101.469 E2.52656
G1 X101.575 Y101.502 E2.5495
G1 X102.309 Y101.693 E2.57517
G1 X102.995 Y102.042 E2.60122
G1 X103.496 Y102.437 E2.62282
G1 X103.941 Y102.956 E2.64596
G1 X104.27 Y103.526 E2.66824
G1 X104.458 Y104.02 E2.68613
G1 X104.59 Y104.867 E2.71515
G1 X104.556 Y105.526 E2.73749
G1 X104.411 Y106.118 E2.75812
G1 X104.276 Y106.434 E2.76975
G1 X103.883 Y106.317 F7800
G1 F900
G1 X103.804 Y106.501 E2.77653
G1 X103.327 Y107.154 E2.8039
G1 X102.9 Y107.529 E2.82314
G1 X102.33 Y107.858 E2.84542
G1 X101.714 Y108.06 E2.86736
M73 P31 R15
G1 X101.119 Y108.129 E2.88763
G1 X100.62 Y108.096 E2.90456
G1 X99.942 Y107.921 E2.92826
G1 X99.427 Y107.668 E2.94768
G1 X98.905 Y107.268 E2.96994
G1 X98.53 Y106.841 E2.98918
G1 X98.201 Y106.271 E3.01146
G1 X97.99 Y105.609 E3.03498
G1 X97.929 Y105.053 E3.05391
G1 X97.969 Y104.513 E3.07224
G1 X98.14 Y103.877 E3.09453
G1 X98.391 Y103.368 E3.11374
G1 X98.792 Y102.845 E3.13605
G1 X99.22 Y102.467 E3.15538
G1 X99.686 Y102.19 E3.17373
G1 X100.304 Y101.965 E3.19599
G1 X100.945 Y101.873 E3.21791
G1 X101.544 Y101.908 E3.23822
G1 X102.195 Y102.084 E3.26105
G1 X102.799 Y102.399 E3.28411
G1 X103.234 Y102.749 E3.30301
G1 X103.588 Y103.159 E3.32135
G1 X103.917 Y103.729 E3.34363
G1 X104.1 Y104.267 E3.36287
G1 X104.186 Y104.92 E3.38516
G1 X104.151 Y105.491 E3.40452
G1 X104.037 Y105.957 E3.42076
G1 X103.907 Y106.262 E3.43198
G1 X103.514 Y106.145 F7800
;TYPE:External perimeter
G1 F900
G1 X103.43 Y106.341 E3.4392
G1 X103.004 Y106.907 E3.46318
G1 X102.696 Y107.177 E3.47704
G1 X102.126 Y107.506 E3.49932
G1 X101.597 Y107.67 E3.51807
G1 X101.079 Y107.724 E3.5357
G1 X100.722 Y107.702 E3.54781
G1 X100.044 Y107.527 E3.57151
G1 X99.675 Y107.345 E3.58544
G1 X99.152 Y106.945 E3.60773
G1 X98.883 Y106.637 E3.62157
G1 X98.553 Y106.067 E3.64386
G1 X98.38 Y105.495 E3.66409
G1 X98.335 Y105.018 E3.68031
G1 X98.362 Y104.618 E3.69388
G1 X98.533 Y103.983 E3.71614
G1 X98.714 Y103.616 E3.72999
G1 X99.115 Y103.093 E3.7523
G1 X99.507 Y102.761 E3.76969
G1 X99.825 Y102.572 E3.78221
G1 X100.443 Y102.347 E3.80447
G1 X100.993 Y102.277 E3.82324
G1 X101.512 Y102.314 E3.84085
G1 X102.081 Y102.475 E3.86087
G1 X102.603 Y102.756 E3.88094
G1 X102.995 Y103.083 E3.89822
G1 X103.236 Y103.363 E3.91072
G1 X103.565 Y103.933 E3.933
G1 X103.696 Y104.321 E3.94686
G1 X103.782 Y104.973 E3.96912
G1 X103.743 Y105.473 E3.9861
G1 X103.663 Y105.797 E3.9974
G1 X103.538 Y106.09 E4.00818
G1 X103.345 Y106.44 F7800
G1 E2.00818 F2400
G92 E0
G1 X105.504 Y89.039 F7800
G1 E2 F2400
;TYPE:Perimeter
G1 F3600
G1 X105.504 Y120.961 E3.08052
G1 X96.946 Y120.961 E3.3702
G1 X96.946 Y106.365 E3.86426
M73 Q31 S15
;WIDTH:0.485019
G1 X96.963 Y106.095 E3.87421
;WIDTH:0.520039
G1 X96.981 Y105.824 E3.88498
;WIDTH:0.555058
G1 X96.998 Y105.553 E3.89654
G1 X96.988 Y104.915 E3.92371
;WIDTH:0.566959
G1 X97.004 Y104.325 E3.94943
G1 X96.985 Y104.106 E3.95901
;WIDTH:0.527973
G1 X96.965 Y103.886 E3.96792
;WIDTH:0.488986
G1 X96.946 Y103.667 E3.97607
;WIDTH:0.449999
G1 X96.946 Y89.039 E4.47121
G1 X105.444 Y89.039 E4.75886
G1 X105.911 Y88.632 F7800
G1 F3600
G1 X105.911 Y121.368 E5.86693
G1 X96.539 Y121.368 E6.18416
G1 X96.539 Y88.632 E7.29223
G1 X105.851 Y88.632 E7.60743
M73 P31 R14
G1 X106.318 Y88.225 F7800
;TYPE:External perimeter
G1 F1800
G1 X106.318 Y88.9 E7.63028
G1 X106.318 Y121.1 E8.72021
G1 X106.318 Y121.775 E8.74306
G1 X96.132 Y121.775 E9.08784
G1 X96.132 Y88.225 E10.22347
G1 X106.258 Y88.225 E10.56622
G1 X106.317 Y88.621 F7800
G1 X104.698 Y89.356
;TYPE:Internal infill
;WIDTH:0.45
;HEIGHT:0.4
G1 F4800
G1 X104.698 Y91.799 E10.71417
G1 X104.318 Y92.224 E10.7487
G1 X104.222 Y92.552 E10.7694
G1 X104.302 Y93.207 E10.80936
G1 X104.698 Y93.889 E10.85712
G1 X104.698 Y97.04 E11.04794
G1 X104.318 Y97.466 E11.08251
G1 X104.222 Y97.793 E11.10315
G1 X104.302 Y98.448 E11.14311
G1 X104.698 Y99.13 E11.19087
G1 X104.698 Y102.281 E11.38169
G1 X104.318 Y102.707 E11.41626
G1 X104.261 Y102.9 E11.42845
G1 X103.833 Y102.341 E11.47109
G1 X103.142 Y101.775 E11.52518
G1 X103.077 Y101.069 E11.56812
G1 X102.71 Y100.414 E11.61359
G1 X101.965 Y99.759 E11.67367
G1 X101.697 Y99.431 E11.69932
G1 X101.601 Y99.104 E11.71996
G1 X101.682 Y98.448 E11.75999
G1 X102.049 Y97.793 E11.80546
G1 X102.793 Y97.138 E11.86549
G1 X103.062 Y96.81 E11.89118
G1 X103.157 Y96.483 E11.9118
G1 X103.077 Y95.828 E11.95176
G1 X102.71 Y95.173 E11.99723
G1 X101.965 Y94.517 E12.05735
G1 X101.697 Y94.19 E12.08295
G1 X101.601 Y93.862 E12.10365
G1 X101.682 Y93.207 E12.14362
G1 X102.049 Y92.552 E12.18909
G1 X102.793 Y91.897 E12.24912
G1 X103.062 Y91.569 E12.27481
G1 X103.157 Y91.242 E12.29543
G1 X103.077 Y90.586 E12.33545
G1 X102.71 Y89.931 E12.38092
G1 X102.043 Y89.344 E12.43473
G1 X100.229 Y89.344 E12.54459
G1 X100.441 Y89.604 E12.56491
G1 X100.537 Y89.931 E12.58555
G1 X100.456 Y90.586 E12.62552
G1 X100.089 Y91.242 E12.67104
G1 X99.345 Y91.897 E12.73107
G1 X99.076 Y92.224 E12.75671
G1 X98.981 Y92.552 E12.77739
G1 X99.061 Y93.207 E12.81735
G1 X99.428 Y93.862 E12.86282
G1 X100.173 Y94.517 E12.9229
G1 X100.441 Y94.845 E12.94855
G1 X100.537 Y95.173 E12.96925
G1 X100.456 Y95.828 E13.00922
G1 X100.089 Y96.483 E13.05469
G1 X99.345 Y97.138 E13.11472
G1 X99.076 Y97.466 E13.14041
G1 X98.981 Y97.793 E13.16103
G1 X99.061 Y98.448 E13.20099
G1 X99.428 Y99.104 E13.24651
G1 X100.173 Y99.759 E13.30659
G1 X100.441 Y100.086 E13.33219
G1 X100.537 Y100.414 E13.35289
G1 X100.456 Y101.069 E13.39286
G1 X100.37 Y101.223 E13.40354
G1 X99.691 Y101.41 E13.44619
G1 X99.212 Y101.63 E13.47811
G1 X98.422 Y102.206 E13.53732
G1 X97.862 Y102.867 E13.58978
G1 X97.302 Y103.942 E13.66319
G1 X97.251 Y103.613 E13.68335
G1 X97.251 Y102.644 E13.74203
G1 X97.82 Y102.052 E13.79176
G1 X97.916 Y101.724 E13.81246
G1 X97.836 Y101.069 E13.85242
G1 X97.469 Y100.414 E13.89789
G1 X97.251 Y100.223 E13.91544
G1 X97.251 Y97.403 E14.08622
G1 X97.82 Y96.81 E14.13599
G1 X97.916 Y96.483 E14.15663
G1 X97.836 Y95.828 E14.19659
G1 X97.469 Y95.173 E14.24206
G1 X97.251 Y94.981 E14.25965
G1 X97.251 Y92.161 E14.43043
G1 X97.82 Y91.569 E14.48016
G1 X97.916 Y91.242 E14.5008
G1 X97.836 Y90.586 E14.54082
G1 X97.469 Y89.931 E14.58629
G1 X97.251 Y89.74 E14.60384
G1 X97.251 Y89.344 E14.62782
G1 X99.298 Y89.344 E14.75179
G1 E12.75179 F2400
G92 E0
G1 X105.142 Y106.096 F7800
G1 E2 F2400
;TYPE:Solid infill
;WIDTH:0.563998
;HEIGHT:0.2
G1 F1200
G1 X105.152 Y106.349 E2.01097
;WIDTH:0.544132
G1 X105.152 Y120.609 E2.60527
G1 E.60527 F2400
G92 E0
G1 X104.806 Y104.313 F7800
G1 E2 F2400
;WIDTH:0.427986
G1 F1200
G1 X104.875 Y104.981 E2.0215
;WIDTH:0.422426
G1 X104.834 Y105.647 E2.04256
;WIDTH:0.435516
G1 X104.794 Y105.831 E2.04871
;WIDTH:0.473341
G1 X104.958 Y105.884 E2.05488
;WIDTH:0.516266
G1 X105.049 Y105.978 E2.06003
;WIDTH:0.55919
G1 X105.14 Y106.072 E2.06565
G1 X105.164 Y105.936 E2.07158
;WIDTH:0.513602
G1 X105.188 Y105.8 E2.07698
;WIDTH:0.468014
G1 X105.212 Y105.664 E2.08186
;WIDTH:0.422426
G1 X105.226 Y105.032 E2.10181
;WIDTH:0.437846
G1 X105.205 Y104.244 E2.1277
;WIDTH:0.480989
G1 X105.183 Y104.111 E2.13261
;WIDTH:0.524132
G1 X105.162 Y103.979 E2.13796
;WIDTH:0.567274
G1 X105.14 Y103.847 E2.14379
G1 X105.079 Y103.915 E2.14777
;WIDTH:0.533876
G1 X105.017 Y103.983 E2.15153
;WIDTH:0.500477
G1 X104.956 Y104.052 E2.15503
;WIDTH:0.467078
G1 X104.786 Y104.11 E2.16137
;WIDTH:0.449999
G1 X105.14 Y103.847 E2.1763
;WIDTH:0.567274
G1 X105.152 Y103.583 E2.18782
;WIDTH:0.543844
G1 X105.152 Y89.391 E2.77895
G1 E.77895 F2400
M73 P32 R14
G92 E0
G1 X102.815 Y120.656 F7800
G1 E2 F2400
;TYPE:Internal infill
;WIDTH:0.45
;HEIGHT:0.4
G1 F4800
G1 X104.698 Y120.656 E2.11403
G1 X104.698 Y120.095 E2.148
G1 X104.302 Y119.414 E2.19571
G1 X104.222 Y118.758 E2.23573
G1 X104.318 Y118.431 E2.25637
G1 X104.698 Y118.005 E2.29094
G1 X104.698 Y114.854 E2.48176
G1 X104.302 Y114.172 E2.52952
G1 X104.222 Y113.517 E2.56948
G1 X104.318 Y113.19 E2.59012
G1 X104.698 Y112.764 E2.62469
G1 X104.698 Y109.613 E2.81551
G1 X104.302 Y108.931 E2.86327
G1 X104.222 Y108.276 E2.90323
G1 X104.318 Y107.948 E2.92393
G1 X104.698 Y107.522 E2.9585
G1 X104.688 Y106.247 E3.03572
G1 X104.296 Y107.062 E3.09049
G1 X103.718 Y107.774 E3.14603
G1 X103.196 Y108.194 E3.1866
G1 X102.41 Y108.595 E3.24004
G1 X101.771 Y108.772 E3.28019
G1 X101.682 Y108.931 E3.29122
G1 X101.601 Y109.586 E3.33119
G1 X101.697 Y109.914 E3.35189
G1 X101.965 Y110.241 E3.37749
G1 X102.71 Y110.896 E3.43757
G1 X103.077 Y111.552 E3.48309
G1 X103.157 Y112.207 E3.52305
G1 X103.062 Y112.534 E3.54367
G1 X102.793 Y112.862 E3.56936
G1 X102.049 Y113.517 E3.62939
G1 X101.682 Y114.172 E3.67486
G1 X101.601 Y114.827 E3.71483
G1 X101.697 Y115.155 E3.73553
G1 X101.965 Y115.483 E3.76118
G1 X102.71 Y116.138 E3.82126
G1 X103.077 Y116.793 E3.86673
G1 X103.157 Y117.448 E3.90669
G1 X103.062 Y117.776 E3.92737
G1 X102.793 Y118.103 E3.95301
G1 X102.049 Y118.758 E4.01304
G1 X101.682 Y119.414 E4.05856
G1 X101.601 Y120.069 E4.09853
G1 X101.697 Y120.396 E4.11917
G1 X101.909 Y120.656 E4.13949
G1 X100.095 Y120.656 E4.24935
G1 X99.428 Y120.069 E4.30316
G1 X99.061 Y119.414 E4.34863
G1 X98.981 Y118.758 E4.38865
G1 X99.076 Y118.431 E4.40927
G1 X99.345 Y118.103 E4.43496
G1 X100.089 Y117.448 E4.49499
G1 X100.456 Y116.793 E4.54046
G1 X100.537 Y116.138 E4.58043
G1 X100.441 Y115.81 E4.60113
G1 X100.173 Y115.483 E4.62673
G1 X99.428 Y114.827 E4.68685
G1 X99.061 Y114.172 E4.73232
G1 X98.981 Y113.517 E4.77228
G1 X99.076 Y113.19 E4.7929
G1 X99.345 Y112.862 E4.81859
G1 X100.089 Y112.207 E4.87862
G1 X100.456 Y111.552 E4.92409
G1 X100.537 Y110.896 E4.96412
G1 X100.441 Y110.569 E4.98476
G1 X100.173 Y110.241 E5.01041
G1 X99.428 Y109.586 E5.07049
G1 X99.061 Y108.931 E5.11596
G1 X98.993 Y108.233 E5.15843
G1 X98.285 Y107.659 E5.21363
G1 X97.87 Y107.122 E5.25473
G1 X97.82 Y107.293 E5.26552
G1 X97.251 Y107.885 E5.31525
G1 X97.251 Y110.705 E5.48603
G1 X97.469 Y110.896 E5.50358
G1 X97.836 Y111.552 E5.5491
G1 X97.916 Y112.207 E5.58906
G1 X97.82 Y112.534 E5.6097
G1 X97.251 Y113.127 E5.65947
G1 X97.251 Y115.947 E5.83025
G1 X97.469 Y116.138 E5.8478
G1 X97.836 Y116.793 E5.89327
G1 X97.916 Y117.448 E5.93323
G1 X97.82 Y117.776 E5.95393
G1 X97.251 Y118.368 E6.00366
G1 X97.251 Y120.656 E6.14222
G1 X97.406 Y120.656 E6.15161
M106 S204
;LAYER_CHANGE
;Z:2.75
;HEIGHT:0.2
G1 E4.15161 F2400
G92 E0
G1 Z2.75 F7800
G1 X111.537 Y120.961
G1 E2 F2400
;TYPE:Perimeter
;WIDTH:0.449999
G1 F3600
G1 X111.537 Y89.039 E3.08052
G1 X113.054 Y89.039 E3.13187
M73 Q32 S15
G1 X113.054 Y120.961 E4.21239
G1 X111.597 Y120.961 E4.26171
G1 X111.13 Y121.368 F7800
G1 F3600
G1 X111.13 Y88.632 E5.36978
G1 X113.461 Y88.632 E5.44868
G1 X113.461 Y121.368 E6.55675
G1 X111.19 Y121.368 E6.63362
G1 X110.723 Y121.775 F7800
;TYPE:External perimeter
G1 F1800
G1 X110.723 Y121.1 E6.65647
G1 X110.723 Y88.9 E7.7464
G1 X110.723 Y88.225 E7.76925
G1 X113.868 Y88.225 E7.8757
G1 X113.868 Y121.775 E9.01133
G1 X110.783 Y121.775 E9.11575
G1 X110.724 Y121.379 F7800
G1 E7.11575 F2400
G92 E0
G1 X111.843 Y89.344 F7800
G1 E2 F2400
;TYPE:Solid infill
G1 F1200
G1 X112.749 Y89.344 E2.03067
G1 X112.749 Y120.656 E3.09054
G1 X111.843 Y120.656 E3.12121
G1 X111.843 Y89.548 E4.17418
G1 X112.296 Y89.798 E4.19169
;WIDTH:0.541964
G1 X112.296 Y120.202 E5.45332
G1 E3.45332 F2400
M73 P33 R14
G92 E0
G1 X104.25 Y106.488 F7800
G1 E2 F2400
;TYPE:Perimeter
;WIDTH:0.449999
G1 F900
G1 X104.174 Y106.67 E2.00668
G1 X103.65 Y107.402 E2.03715
G1 X103.265 Y107.765 E2.05506
G1 X102.533 Y108.211 E2.08407
G1 X102.039 Y108.399 E2.10196
G1 X101.192 Y108.53 E2.13097
G1 X100.664 Y108.515 E2.14885
G1 X99.831 Y108.313 E2.17786
G1 X99.348 Y108.097 E2.19577
G1 X98.657 Y107.591 E2.22476
G1 X98.328 Y107.248 E2.24085
G1 X97.854 Y106.483 E2.27131
;WIDTH:0.497738
G1 X97.757 Y106.284 E2.27968
;WIDTH:0.545477
G1 X97.66 Y106.085 E2.28893
;WIDTH:0.593215
G1 X97.564 Y105.886 E2.29904
G1 X97.525 Y105.518 E2.31597
;WIDTH:0.566569
G1 X97.485 Y105.15 E2.33209
;WIDTH:0.562635
G1 X97.514 Y104.45 E2.36237
G1 X97.59 Y104.227 E2.37255
;WIDTH:0.52509
G1 X97.667 Y104.004 E2.38201
;WIDTH:0.487545
G1 X97.744 Y103.782 E2.3907
;WIDTH:0.449999
G1 X98.071 Y103.111 E2.41597
G1 X98.49 Y102.571 E2.43911
G1 X98.958 Y102.155 E2.4603
G1 X99.496 Y101.833 E2.48152
G1 X100.156 Y101.585 E2.50539
G1 X100.893 Y101.469 E2.53064
G1 X101.575 Y101.502 E2.55375
G1 X102.165 Y101.643 E2.57428
G1 X102.671 Y101.855 E2.59285
G1 X103.453 Y102.403 E2.62517
G1 X103.824 Y102.794 E2.64341
G1 X104.27 Y103.526 E2.67242
;WIDTH:0.477583
G1 X104.377 Y103.769 E2.68202
;WIDTH:0.505167
G1 X104.484 Y104.011 E2.69219
;WIDTH:0.548275
G1 X104.521 Y104.075 E2.6953
;WIDTH:0.591383
G1 X104.558 Y104.138 E2.69863
;WIDTH:0.63449
G1 X104.595 Y104.202 E2.70227
G1 X104.66 Y104.858 E2.7347
;WIDTH:0.607218
G1 X104.634 Y105.533 E2.7664
G1 X104.589 Y105.65 E2.77228
;WIDTH:0.567914
G1 X104.543 Y105.767 E2.77777
;WIDTH:0.528609
G1 X104.498 Y105.883 E2.78279
;WIDTH:0.489304
G1 X104.452 Y106 E2.78746
;WIDTH:0.449999
G1 X104.273 Y106.433 E2.80332
G1 X103.885 Y106.318 F7800
G1 F900
G1 X103.802 Y106.506 E2.81028
G1 X103.327 Y107.154 E2.83748
G1 X102.9 Y107.529 E2.85672
G1 X102.33 Y107.858 E2.879
G1 X101.792 Y108.041 E2.89824
G1 X101.139 Y108.127 E2.92053
G1 X100.572 Y108.09 E2.93976
G1 X99.936 Y107.92 E2.96204
G1 X99.427 Y107.668 E2.98126
G1 X98.905 Y107.268 E3.00352
G1 X98.562 Y106.882 E3.021
G1 X98.204 Y106.276 E3.04482
G1 X98.035 Y105.803 E3.06182
G1 X97.933 Y105.086 E3.08633
G1 X97.963 Y104.566 E3.10396
G1 X98.138 Y103.883 E3.12783
G1 X98.43 Y103.303 E3.14981
G1 X98.804 Y102.83 E3.17022
G1 X99.22 Y102.467 E3.18891
G1 X99.639 Y102.214 E3.20548
G1 X100.299 Y101.967 E3.22933
G1 X100.941 Y101.873 E3.25129
G1 X101.543 Y101.908 E3.2717
G1 X102.008 Y102.019 E3.28788
G1 X102.514 Y102.23 E3.30644
G1 X103.209 Y102.729 E3.3354
G1 X103.588 Y103.159 E3.3548
G1 X103.917 Y103.729 E3.37708
G1 X104.1 Y104.267 E3.39632
G1 X104.186 Y104.92 E3.41861
G1 X104.151 Y105.491 E3.43797
G1 X104.023 Y106.004 E3.45587
G1 X103.909 Y106.263 E3.46545
G1 X103.516 Y106.146 F7800
;TYPE:External perimeter
G1 F900
G1 X103.429 Y106.343 E3.47274
G1 X103.004 Y106.907 E3.49664
G1 X102.696 Y107.177 E3.5105
G1 X102.126 Y107.506 E3.53278
G1 X101.739 Y107.637 E3.54661
M73 Q33 S15
G1 X101.086 Y107.723 E3.5689
G1 X100.678 Y107.697 E3.58274
G1 X100.042 Y107.526 E3.60503
G1 X99.675 Y107.345 E3.61888
G1 X99.152 Y106.945 E3.64117
G1 X98.913 Y106.675 E3.65338
G1 X98.554 Y106.069 E3.67722
G1 X98.435 Y105.726 E3.68951
G1 X98.336 Y105.029 E3.71334
G1 X98.357 Y104.667 E3.72561
G1 X98.532 Y103.984 E3.74948
G1 X98.788 Y103.496 E3.76813
G1 X99.119 Y103.088 E3.78591
G1 X99.506 Y102.761 E3.80306
G1 X99.782 Y102.595 E3.81396
G1 X100.442 Y102.348 E3.83781
G1 X100.988 Y102.277 E3.85645
G1 X101.512 Y102.314 E3.87423
G1 X101.851 Y102.394 E3.88602
G1 X102.357 Y102.606 E3.90459
G1 X102.964 Y103.054 E3.93013
G1 X103.236 Y103.363 E3.94406
G1 X103.565 Y103.933 E3.96634
G1 X103.696 Y104.321 E3.9802
G1 X103.782 Y104.973 E4.00246
G1 X103.743 Y105.473 E4.01944
G1 X103.65 Y105.84 E4.03226
G1 X103.54 Y106.091 E4.04154
M73 Q33 S14
G1 X103.346 Y106.44 F7800
G1 E2.04154 F2400
G92 E0
G1 X105.276 Y89.039 F7800
G1 E2 F2400
;TYPE:Perimeter
G1 F3600
G1 X105.276 Y103.555 E2.49135
;WIDTH:0.496122
G1 X105.253 Y103.707 E2.49714
;WIDTH:0.542245
G1 X105.23 Y103.859 E2.50352
;WIDTH:0.588368
G1 X105.207 Y104.011 E2.51049
;WIDTH:0.63449
G1 X105.184 Y104.163 E2.51805
G1 X105.209 Y105 E2.55924
;WIDTH:0.607218
G1 X105.198 Y105.558 E2.58543
G1 X105.217 Y105.693 E2.59183
;WIDTH:0.567914
G1 X105.237 Y105.829 E2.59783
;WIDTH:0.528609
G1 X105.257 Y105.964 E2.60334
;WIDTH:0.489304
G1 X105.276 Y106.099 E2.6084
;WIDTH:0.449999
G1 X105.276 Y120.961 E3.11146
G1 X96.946 Y120.961 E3.39342
G1 X96.946 Y106.438 E3.88501
;WIDTH:0.496573
G1 X96.969 Y106.255 E3.89197
;WIDTH:0.543147
G1 X96.993 Y106.072 E3.89965
;WIDTH:0.589721
G1 X97.016 Y105.889 E3.90804
G1 X97.002 Y105.407 E3.92996
;WIDTH:0.562115
G1 X96.988 Y104.924 E3.95082
;WIDTH:0.562635
G1 X97.002 Y104.386 E3.97408
G1 X96.984 Y104.151 E3.98427
;WIDTH:0.52509
G1 X96.965 Y103.916 E3.99372
;WIDTH:0.487545
G1 X96.946 Y103.681 E4.00244
;WIDTH:0.449999
G1 X96.946 Y89.039 E4.49805
G1 X105.216 Y89.039 E4.77798
G1 X105.683 Y88.632 F7800
G1 F3600
G1 X105.683 Y121.368 E5.88605
G1 X96.539 Y121.368 E6.19556
G1 X96.539 Y88.632 E7.30363
G1 X105.623 Y88.632 E7.61111
G1 X106.09 Y88.225 F7800
;TYPE:External perimeter
G1 F1800
G1 X106.09 Y88.9 E7.63396
G1 X106.09 Y121.1 E8.72389
G1 X106.09 Y121.775 E8.74674
G1 X96.132 Y121.775 E9.08381
G1 X96.132 Y88.225 E10.21944
G1 X106.03 Y88.225 E10.55448
G1 X106.09 Y88.621 F7800
G1 X104.959 Y89.356
;TYPE:Solid infill
;WIDTH:0.473058
G1 F1200
G1 X104.959 Y103.522 E11.06114
;WIDTH:0.515584
G1 X104.922 Y103.624 E11.0654
;WIDTH:0.558109
G1 X104.885 Y103.727 E11.07009
;WIDTH:0.600634
G1 X104.847 Y103.829 E11.07514
G1 E9.07514 F2400
G92 E0
G1 X104.855 Y106.13 F7800
G1 E2 F2400
;WIDTH:0.675704
G1 F1200
G1 X104.876 Y106.2 E2.00385
;WIDTH:0.635175
G1 X104.897 Y106.27 E2.00745
;WIDTH:0.594645
G1 X104.918 Y106.339 E2.01076
;WIDTH:0.554116
G1 X104.938 Y106.409 E2.01385
;WIDTH:0.513586
G1 X104.959 Y106.479 E2.01671
;WIDTH:0.473058
G1 X104.959 Y120.644 E2.52334
M106 S198.9
;LAYER_CHANGE
;Z:2.95
;HEIGHT:0.2
G1 E.52334 F2400
G92 E0
G1 Z2.95 F7800
G1 X111.725 Y120.961
G1 E2 F2400
;TYPE:Perimeter
;WIDTH:0.449999
G1 F3600
G1 X111.725 Y89.039 E3.08052
G1 X113.054 Y89.039 E3.12551
M73 P34 R14
G1 X113.054 Y120.961 E4.20603
G1 X111.785 Y120.961 E4.24898
G1 X111.318 Y121.368 F7800
G1 F3600
G1 X111.318 Y88.632 E5.35705
G1 X113.461 Y88.632 E5.42959
G1 X113.461 Y121.368 E6.53766
G1 X111.378 Y121.368 E6.60817
G1 X110.911 Y121.775 F7800
;TYPE:External perimeter
G1 F1800
G1 X110.911 Y121.1 E6.63102
G1 X110.911 Y88.9 E7.72095
G1 X110.911 Y88.225 E7.7438
G1 X113.868 Y88.225 E7.84389
M73 Q34 S14
G1 X113.868 Y121.775 E8.97952
G1 X110.971 Y121.775 E9.07758
G1 X110.912 Y121.379 F7800
G1 X112.39 Y120.296
;TYPE:Solid infill
;WIDTH:0.354166
G1 F1200
G1 X112.39 Y89.704 E9.86931
;WIDTH:0.402083
G1 X112.21 Y89.626 E9.87517
;WIDTH:0.449999
G1 X112.03 Y89.548 E9.88181
G1 X112.03 Y120.656 E10.93478
G1 X112.749 Y120.656 E10.95912
G1 X112.749 Y89.344 E12.01899
G1 X112.03 Y89.344 E12.04333
G1 E10.04333 F2400
G92 E0
G1 X104.248 Y106.487 F7800
G1 E2 F2400
;TYPE:Perimeter
G1 F900
G1 X104.05 Y106.885 E2.01505
G1 X103.629 Y107.428 E2.03831
G1 X103.16 Y107.845 E2.05955
G1 X102.592 Y108.185 E2.08196
G1 X102.081 Y108.384 E2.10052
G1 X101.192 Y108.53 E2.13101
G1 X100.664 Y108.515 E2.14889
G1 X99.831 Y108.313 E2.1779
G1 X99.235 Y108.029 E2.20025
G1 X98.703 Y107.636 E2.22264
G1 X98.324 Y107.239 E2.24122
G1 X97.848 Y106.474 E2.27172
;WIDTH:0.485084
G1 X97.713 Y106.133 E2.2852
;WIDTH:0.520168
G1 X97.578 Y105.792 E2.29975
;WIDTH:0.560742
G1 X97.518 Y105.594 E2.30866
G1 X97.482 Y105.105 E2.32977
;WIDTH:0.562278
G1 X97.513 Y104.455 E2.35787
G1 X97.59 Y104.231 E2.3681
;WIDTH:0.524852
G1 X97.667 Y104.007 E2.37759
;WIDTH:0.487426
G1 X97.744 Y103.782 E2.38638
;WIDTH:0.449999
G1 X98.03 Y103.175 E2.40909
G1 X98.482 Y102.58 E2.43438
G1 X99.067 Y102.08 E2.46043
G1 X99.624 Y101.768 E2.48204
G1 X100.207 Y101.568 E2.5029
G1 X100.888 Y101.469 E2.52619
G1 X101.574 Y101.502 E2.54944
G1 X102.168 Y101.645 E2.57012
G1 X102.719 Y101.88 E2.5904
G1 X103.461 Y102.409 E2.62125
G1 X103.825 Y102.794 E2.63918
G1 X104.27 Y103.526 E2.66818
;WIDTH:0.48121
G1 X104.473 Y104.015 E2.68748
;WIDTH:0.510699
G1 X104.511 Y104.112 E2.69153
;WIDTH:0.540188
G1 X104.548 Y104.208 E2.69578
G1 X104.613 Y104.864 E2.72304
;WIDTH:0.513137
G1 X104.588 Y105.529 E2.74906
G1 X104.477 Y105.89 E2.76383
;WIDTH:0.481568
G1 X104.366 Y106.25 E2.77757
;WIDTH:0.449999
G1 X104.274 Y106.433 E2.7845
G1 X103.883 Y106.317 F7800
G1 F900
G1 X103.691 Y106.693 E2.79879
G1 X103.314 Y107.17 E2.81937
G1 X102.898 Y107.533 E2.83806
G1 X102.445 Y107.806 E2.85596
G1 X101.933 Y108.005 E2.87455
G1 X101.139 Y108.127 E2.90174
G1 X100.572 Y108.09 E2.92097
G1 X99.936 Y107.919 E2.94326
G1 X99.422 Y107.668 E2.96262
G1 X98.997 Y107.354 E2.98051
G1 X98.618 Y106.957 E2.99909
G1 X98.201 Y106.27 E3.02629
G1 X98.001 Y105.664 E3.04789
G1 X97.93 Y105.061 E3.06844
G1 X97.962 Y104.57 E3.0851
G1 X98.138 Y103.884 E3.10907
G1 X98.391 Y103.363 E3.12867
G1 X98.8 Y102.835 E3.15128
G1 X99.322 Y102.397 E3.17435
G1 X99.812 Y102.129 E3.19325
G1 X100.33 Y101.956 E3.21174
G1 X100.936 Y101.873 E3.23244
G1 X101.543 Y101.908 E3.25302
G1 X102.008 Y102.019 E3.2692
G1 X102.559 Y102.255 E3.28949
G1 X103.214 Y102.732 E3.31692
G1 X103.588 Y103.159 E3.33613
G1 X103.917 Y103.729 E3.35841
G1 X104.1 Y104.267 E3.37765
G1 X104.186 Y104.92 E3.39994
G1 X104.151 Y105.491 E3.4193
G1 X103.975 Y106.136 E3.44193
G1 X103.91 Y106.263 E3.44676
G1 X103.518 Y106.147 F7800
;TYPE:External perimeter
G1 F900
G1 X103.332 Y106.5 E3.46027
G1 X103 Y106.912 E3.47818
G1 X102.611 Y107.239 E3.49538
G1 X102.297 Y107.426 E3.50775
G1 X101.786 Y107.625 E3.52631
G1 X101.086 Y107.723 E3.55024
G1 X100.678 Y107.697 E3.56408
G1 X100.041 Y107.526 E3.58641
G1 X99.584 Y107.291 E3.6038
G1 X99.291 Y107.072 E3.61618
G1 X98.912 Y106.676 E3.63473
G1 X98.553 Y106.067 E3.65866
M73 P35 R14
G1 X98.391 Y105.547 E3.6771
G1 X98.335 Y105.02 E3.69504
G1 X98.356 Y104.671 E3.70687
G1 X98.532 Y103.985 E3.73084
G1 X98.774 Y103.518 E3.74864
G1 X99.117 Y103.09 E3.76721
G1 X99.577 Y102.715 E3.7873
G1 X100.033 Y102.476 E3.80473
G1 X100.489 Y102.336 E3.82088
G1 X101.008 Y102.276 E3.83856
G1 X101.512 Y102.314 E3.85567
G1 X101.848 Y102.394 E3.86736
G1 X102.4 Y102.629 E3.88767
G1 X102.966 Y103.055 E3.91165
G1 X103.236 Y103.363 E3.92551
G1 X103.565 Y103.933 E3.94779
G1 X103.696 Y104.321 E3.96165
G1 X103.782 Y104.973 E3.98391
G1 X103.743 Y105.473 E4.00089
G1 X103.584 Y106.022 E4.02024
G1 X103.546 Y106.094 E4.023
G1 X103.36 Y106.448 F7800
G1 E2.023 F2400
G92 E0
G1 X105.088 Y89.039 F7800
G1 E2 F2400
;TYPE:Perimeter
G1 F3600
G1 X105.088 Y103.586 E2.4924
;WIDTH:0.495094
G1 X105.066 Y103.881 E2.50352
;WIDTH:0.540188
G1 X105.043 Y104.176 E2.51575
G1 X105.067 Y105.11 E2.55438
;WIDTH:0.49509
G1 X105.066 Y105.804 E2.58047
G1 X105.088 Y106.353 E2.60113
;WIDTH:0.449999
G1 X105.088 Y120.961 E3.09559
G1 X96.946 Y120.961 E3.37119
G1 X96.946 Y106.377 E3.86484
;WIDTH:0.486914
G1 X96.964 Y106.125 E3.87417
;WIDTH:0.523828
G1 X96.983 Y105.872 E3.88432
;WIDTH:0.560742
G1 X97.001 Y105.619 E3.89524
G1 X96.988 Y104.925 E3.92513
;WIDTH:0.562278
G1 X97.002 Y104.391 E3.9482
G1 X96.983 Y104.154 E3.95847
;WIDTH:0.524852
G1 X96.965 Y103.918 E3.96795
;WIDTH:0.487426
G1 X96.946 Y103.682 E3.9767
;WIDTH:0.449999
G1 X96.946 Y89.039 E4.47235
G1 X105.028 Y89.039 E4.74592
G1 X105.496 Y88.632 F7800
G1 F3600
G1 X105.496 Y121.368 E5.85399
G1 X96.539 Y121.368 E6.15717
G1 X96.539 Y88.632 E7.26524
G1 X105.436 Y88.632 E7.56639
M73 Q35 S14
G1 X105.903 Y88.225 F7800
;TYPE:External perimeter
G1 F1800
G1 X105.903 Y88.9 E7.58924
G1 X105.903 Y121.1 E8.67917
G1 X105.903 Y121.775 E8.70202
G1 X96.132 Y121.775 E9.03276
G1 X96.132 Y88.225 E10.16839
G1 X105.843 Y88.225 E10.4971
G1 X105.902 Y88.621 F7800
G1 E8.4971 F2400
G92 E0
G1 X104.409 Y101.23 F7800
G1 E2 F2400
;TYPE:Internal infill
;WIDTH:0.45
;HEIGHT:0.4
G1 F4800
G1 X104.409 Y98.787 E2.14795
G1 X104.345 Y98.448 E2.16884
G1 X104.409 Y98.182 E2.18541
G1 X104.409 Y93.546 E2.46617
G1 X104.345 Y93.207 E2.48706
G1 X104.409 Y92.941 E2.50363
G1 X104.409 Y89.344 E2.72146
G1 X102.461 Y89.344 E2.83943
G1 X102.91 Y89.931 E2.88419
G1 X103.035 Y90.586 E2.92457
G1 X102.876 Y91.242 E2.96545
G1 X101.849 Y92.552 E3.06626
G1 X101.724 Y93.207 E3.10664
G1 X101.883 Y93.862 E3.14746
G1 X102.91 Y95.173 E3.24831
G1 X103.035 Y95.828 E3.28869
G1 X102.876 Y96.483 E3.32951
G1 X101.849 Y97.793 E3.43032
G1 X101.724 Y98.448 E3.4707
G1 X101.883 Y99.104 E3.51158
G1 X102.91 Y100.414 E3.61239
G1 X103.035 Y101.069 E3.65277
G1 X102.898 Y101.633 E3.68792
G1 X102.281 Y101.361 E3.72876
G1 X101.796 Y101.228 E3.75922
G1 X101.037 Y101.156 E3.80539
G1 X100.385 Y101.221 E3.84507
G1 X100.414 Y101.069 E3.85444
G1 X100.255 Y100.414 E3.89526
G1 X99.228 Y99.104 E3.99607
G1 X99.103 Y98.448 E4.03651
G1 X99.262 Y97.793 E4.07733
G1 X100.289 Y96.483 E4.17814
G1 X100.414 Y95.828 E4.21852
G1 X100.255 Y95.173 E4.25934
G1 X99.228 Y93.862 E4.36019
G1 X99.103 Y93.207 E4.40057
G1 X99.262 Y92.552 E4.44139
G1 X100.289 Y91.242 E4.5422
G1 X100.414 Y90.586 E4.58264
G1 X100.255 Y89.931 E4.62346
G1 X99.784 Y89.344 E4.66904
G1 X97.251 Y89.344 E4.82244
G1 X97.669 Y89.931 E4.86608
G1 X97.793 Y90.586 E4.90645
G1 X97.635 Y91.242 E4.94731
G1 X97.251 Y91.719 E4.98439
G1 X97.251 Y94.627 E5.1605
G1 X97.669 Y95.173 E5.20214
G1 X97.793 Y95.828 E5.24251
G1 X97.635 Y96.483 E5.28331
G1 X97.251 Y96.96 E5.32039
G1 X97.251 Y99.868 E5.4965
G1 X97.669 Y100.414 E5.53814
G1 X97.793 Y101.069 E5.57851
G1 X97.635 Y101.724 E5.61931
G1 X97.251 Y102.202 E5.65644
G1 X97.251 Y103.673 E5.74552
G1 X97.298 Y103.963 E5.76331
G1 X97.583 Y103.373 E5.80299
G1 E3.80299 F2400
G92 E0
G1 X104.706 Y103.56 F7800
G1 E2 F2400
;TYPE:Solid infill
;WIDTH:0.604852
;HEIGHT:0.2
G1 F1200
G1 X104.729 Y103.479 E2.00393
;WIDTH:0.55789
G1 X104.753 Y103.399 E2.00751
;WIDTH:0.510927
G1 X104.776 Y103.319 E2.01075
;WIDTH:0.463965
G1 X104.8 Y103.239 E2.01367
;WIDTH:0.417002
G1 X104.8 Y89.328 E2.44637
G1 E.44637 F2400
G92 E0
G1 X104.8 Y120.672 F7800
G1 E2 F2400
;WIDTH:0.417004
G1 F1200
G1 X104.8 Y106.765 E2.43258
;WIDTH:0.466489
G1 X104.775 Y106.682 E2.43563
;WIDTH:0.515973
G1 X104.75 Y106.6 E2.439
;WIDTH:0.565458
G1 X104.725 Y106.518 E2.44272
;WIDTH:0.614942
G1 X104.701 Y106.436 E2.44678
G1 E.44678 F2400
G92 E0
G1 X102.87 Y120.656 F7800
G1 E2 F2400
;TYPE:Internal infill
;WIDTH:0.45
;HEIGHT:0.4
G1 F4800
G1 X104.409 Y120.656 E2.0932
G1 X104.409 Y119.752 E2.14795
G1 X104.345 Y119.414 E2.16878
G1 X104.409 Y119.147 E2.18541
G1 X104.409 Y114.511 E2.46617
G1 X104.345 Y114.172 E2.48706
G1 X104.409 Y113.906 E2.50363
G1 X104.409 Y109.27 E2.78439
G1 X104.345 Y108.931 E2.80528
G1 X104.409 Y108.665 E2.82185
G1 X104.409 Y106.87 E2.93056
G1 X103.862 Y107.625 E2.98702
G1 X103.463 Y107.998 E3.0201
G1 X102.707 Y108.468 E3.07401
G1 X102.132 Y108.69 E3.11134
G1 X101.756 Y108.763 E3.13454
G1 X101.724 Y108.931 E3.1449
G1 X101.883 Y109.586 E3.18572
G1 X102.91 Y110.896 E3.28653
G1 X103.035 Y111.552 E3.32697
G1 X102.876 Y112.207 E3.36779
G1 X101.849 Y113.517 E3.4686
G1 X101.724 Y114.172 E3.50898
G1 X101.883 Y114.827 E3.5498
G1 X102.91 Y116.138 E3.65065
G1 X103.035 Y116.793 E3.69103
G1 X102.876 Y117.448 E3.73185
G1 X101.849 Y118.758 E3.83266
G1 X101.724 Y119.414 E3.8731
G1 X101.883 Y120.069 E3.91392
G1 X102.354 Y120.656 E3.9595
G1 X99.677 Y120.656 E4.12162
G1 X99.228 Y120.069 E4.16638
G1 X99.103 Y119.414 E4.20676
G1 X99.262 Y118.758 E4.24764
G1 X100.289 Y117.448 E4.34845
G1 X100.414 Y116.793 E4.38883
G1 X100.255 Y116.138 E4.42965
G1 X99.228 Y114.827 E4.5305
M73 P35 R13
G1 X99.103 Y114.172 E4.57088
G1 X99.262 Y113.517 E4.6117
G1 X100.289 Y112.207 E4.71251
G1 X100.414 Y111.552 E4.75289
G1 X100.255 Y110.896 E4.79377
G1 X99.228 Y109.586 E4.89458
G1 X99.103 Y108.931 E4.93496
G1 X99.236 Y108.382 E4.96917
G1 X98.486 Y107.85 E5.02486
G1 X98.098 Y107.449 E5.05865
G1 X97.678 Y106.789 E5.10603
G1 X97.635 Y106.965 E5.117
G1 X97.251 Y107.443 E5.15413
G1 X97.251 Y110.351 E5.33024
G1 X97.669 Y110.896 E5.37183
G1 X97.793 Y111.552 E5.41226
G1 X97.635 Y112.207 E5.45306
G1 X97.251 Y112.684 E5.49014
G1 X97.251 Y115.592 E5.66625
M73 P36 R13
G1 X97.669 Y116.138 E5.70789
G1 X97.793 Y116.793 E5.74826
G1 X97.635 Y117.448 E5.78906
G1 X97.251 Y117.926 E5.82619
G1 X97.251 Y120.368 E5.97408
M106 S214.2
;LAYER_CHANGE
;Z:3.15
;HEIGHT:0.2
G1 E3.97408 F2400
G92 E0
G1 Z3.15 F7800
G1 X111.882 Y120.961
G1 E2 F2400
;TYPE:Perimeter
;WIDTH:0.449999
G1 F3600
G1 X111.882 Y89.039 E3.08052
G1 X113.054 Y89.039 E3.12019
G1 X113.054 Y120.961 E4.20071
G1 X111.942 Y120.961 E4.23835
G1 X111.475 Y121.368 F7800
G1 F3600
G1 X111.475 Y88.632 E5.34642
G1 X113.461 Y88.632 E5.41364
G1 X113.461 Y121.368 E6.52171
G1 X111.535 Y121.368 E6.5869
G1 X111.068 Y121.775 F7800
;TYPE:External perimeter
G1 F1800
G1 X111.068 Y121.1 E6.60975
G1 X111.068 Y88.9 E7.69968
G1 X111.068 Y88.225 E7.72253
M73 Q36 S14
G1 X113.868 Y88.225 E7.81731
G1 X113.868 Y121.775 E8.95294
G1 X111.128 Y121.775 E9.04569
G1 X111.068 Y121.379 F7800
G1 E7.04569 F2400
G92 E0
G1 X112.226 Y89.383 F7800
G1 E2 F2400
;TYPE:Solid infill
;WIDTH:0.527195
G1 F1200
G1 X112.71 Y89.383 E2.01949
G1 X112.71 Y120.617 E3.27721
G1 X112.226 Y120.617 E3.2967
G1 X112.226 Y89.587 E4.5462
G1 E2.5462 F2400
G92 E0
G1 X104.242 Y106.484 F7800
G1 E2 F2400
;TYPE:Perimeter
;WIDTH:0.449999
G1 F900
G1 X104.017 Y106.936 E2.01709
G1 X103.622 Y107.437 E2.03869
G1 X103.16 Y107.845 E2.05955
G1 X102.592 Y108.185 E2.08196
G1 X102.081 Y108.384 E2.10052
G1 X101.193 Y108.53 E2.13098
G1 X100.402 Y108.473 E2.15782
G1 X99.788 Y108.3 E2.17941
G1 X99.179 Y107.991 E2.20253
G1 X98.657 Y107.59 E2.22481
G1 X98.175 Y107.045 E2.24944
G1 X97.832 Y106.446 E2.2728
;WIDTH:0.485037
G1 X97.706 Y106.121 E2.28561
;WIDTH:0.520074
G1 X97.579 Y105.796 E2.29945
;WIDTH:0.561183
G1 X97.519 Y105.598 E2.30837
G1 X97.482 Y105.105 E2.32967
;WIDTH:0.561184
G1 X97.519 Y104.402 E2.36001
G1 X97.597 Y104.181 E2.37011
;WIDTH:0.524123
G1 X97.676 Y103.961 E2.37946
;WIDTH:0.487061
G1 X97.755 Y103.741 E2.38809
;WIDTH:0.449999
G1 X98.066 Y103.119 E2.41163
G1 X98.488 Y102.572 E2.43501
G1 X98.958 Y102.155 E2.45628
G1 X99.546 Y101.807 E2.47941
G1 X100.165 Y101.582 E2.5017
G1 X100.883 Y101.469 E2.5263
G1 X101.573 Y101.502 E2.54968
G1 X102.154 Y101.64 E2.56989
G1 X102.661 Y101.85 E2.58847
G1 X103.452 Y102.402 E2.62112
G1 X103.824 Y102.794 E2.63941
G1 X104.27 Y103.526 E2.66842
;WIDTH:0.456786
G1 X104.523 Y104.277 E2.69569
G1 X104.568 Y105.243 E2.72897
;WIDTH:0.434613
G1 X104.544 Y105.524 E2.73816
;WIDTH:0.449999
G1 X104.375 Y106.216 E2.76227
G1 X104.268 Y106.43 E2.77037
G1 X103.878 Y106.315 F7800
G1 F900
G1 X103.66 Y106.74 E2.78654
G1 X103.31 Y107.175 E2.80544
G1 X102.898 Y107.533 E2.82391
G1 X102.445 Y107.806 E2.84181
G1 X101.933 Y108.005 E2.8604
G1 X101.139 Y108.127 E2.88759
G1 X100.447 Y108.069 E2.9111
G1 X99.911 Y107.912 E2.93001
G1 X99.427 Y107.668 E2.94836
G1 X98.904 Y107.267 E2.97067
G1 X98.49 Y106.787 E2.99213
G1 X98.191 Y106.253 E3.01285
G1 X98.002 Y105.668 E3.03366
G1 X97.93 Y105.061 E3.05435
G1 X97.979 Y104.448 E3.07517
G1 X98.145 Y103.858 E3.09592
G1 X98.425 Y103.311 E3.11672
G1 X98.803 Y102.83 E3.13743
G1 X99.22 Y102.467 E3.15614
G1 X99.686 Y102.19 E3.17449
G1 X100.305 Y101.964 E3.1968
G1 X100.932 Y101.873 E3.21825
G1 X101.542 Y101.908 E3.23893
G1 X101.998 Y102.016 E3.25479
G1 X102.505 Y102.226 E3.27337
G1 X103.208 Y102.728 E3.30261
G1 X103.588 Y103.159 E3.32206
G1 X103.917 Y103.729 E3.34434
G1 X104.129 Y104.392 E3.3679
G1 X104.175 Y105.255 E3.39715
G1 X103.98 Y106.116 E3.42703
G1 X103.906 Y106.261 E3.43254
G1 X103.516 Y106.146 F7800
;TYPE:External perimeter
G1 F900
G1 X103.303 Y106.544 E3.44782
G1 X102.973 Y106.939 E3.46524
G1 X102.611 Y107.239 E3.48115
G1 X102.297 Y107.426 E3.49352
G1 X101.786 Y107.625 E3.51208
G1 X101.086 Y107.723 E3.53601
G1 X100.491 Y107.664 E3.55625
G1 X100.004 Y107.512 E3.57352
G1 X99.675 Y107.345 E3.58601
G1 X99.152 Y106.944 E3.60832
G1 X98.805 Y106.53 E3.6266
G1 X98.55 Y106.061 E3.64467
G1 X98.392 Y105.551 E3.66274
G1 X98.335 Y105.02 E3.68082
G1 X98.384 Y104.488 E3.6989
G1 X98.535 Y103.976 E3.71697
G1 X98.784 Y103.503 E3.73506
G1 X99.118 Y103.088 E3.75309
M73 P37 R13
G1 X99.507 Y102.761 E3.77029
G1 X99.825 Y102.572 E3.78281
G1 X100.444 Y102.347 E3.8051
G1 X100.98 Y102.278 E3.82339
G1 X101.512 Y102.314 E3.84144
G1 X101.842 Y102.392 E3.85292
G1 X102.349 Y102.602 E3.8715
G1 X102.964 Y103.054 E3.89733
G1 X103.236 Y103.363 E3.91126
G1 X103.565 Y103.933 E3.93354
G1 X103.738 Y104.506 E3.9538
G1 X103.768 Y105.268 E3.97961
G1 X103.586 Y106.015 E4.00563
G1 X103.544 Y106.093 E4.00863
G1 X103.356 Y106.446 F7800
G1 E2.00863 F2400
G92 E0
G1 X104.932 Y89.039 F7800
G1 E2 F2400
;TYPE:Perimeter
G1 F3600
G1 X104.932 Y103.669 E2.49521
G1 X104.94 Y104.524 E2.52415
;WIDTH:0.434613
G1 X104.939 Y105.574 E2.55835
;WIDTH:0.449999
G1 X104.932 Y106.286 E2.58245
G1 X104.932 Y120.961 E3.07918
G1 X96.946 Y120.961 E3.3495
G1 X96.946 Y106.379 E3.84308
;WIDTH:0.487061
G1 X96.964 Y106.127 E3.85241
;WIDTH:0.524122
G1 X96.983 Y105.876 E3.86248
;WIDTH:0.561183
G1 X97.002 Y105.624 E3.87337
G1 X96.988 Y105 E3.90027
G1 X97.002 Y104.376 E3.92717
G1 X96.983 Y104.124 E3.93806
;WIDTH:0.524123
G1 X96.964 Y103.873 E3.94813
;WIDTH:0.487061
G1 X96.946 Y103.621 E3.95746
;WIDTH:0.449999
G1 X96.946 Y89.039 E4.45104
G1 X104.872 Y89.039 E4.71933
G1 X105.339 Y88.632 F7800
G1 F3600
G1 X105.339 Y121.368 E5.8274
G1 X96.539 Y121.368 E6.12527
G1 X96.539 Y88.632 E7.23334
G1 X105.279 Y88.632 E7.52918
M73 Q37 S14
G1 X105.746 Y88.225 F7800
;TYPE:External perimeter
G1 F1800
G1 X105.746 Y88.9 E7.55203
G1 X105.746 Y121.1 E8.64196
G1 X105.746 Y121.775 E8.66481
G1 X96.132 Y121.775 E8.99023
G1 X96.132 Y88.225 E10.12586
G1 X105.686 Y88.225 E10.44925
G1 X105.745 Y88.621 F7800
M106 S206.55
;LAYER_CHANGE
;Z:3.35
;HEIGHT:0.2
G1 E8.44925 F2400
G92 E0
G1 Z3.35 F7800
G1 X112.014 Y120.961
G1 E2 F2400
;TYPE:Perimeter
G1 F3600
G1 X112.014 Y89.039 E3.08052
G1 X113.054 Y89.039 E3.11572
G1 X113.054 Y120.961 E4.19624
G1 X112.074 Y120.961 E4.22941
G1 X111.607 Y121.368 F7800
G1 F3600
G1 X111.607 Y88.632 E5.33748
G1 X113.461 Y88.632 E5.40024
G1 X113.461 Y121.368 E6.50831
G1 X111.667 Y121.368 E6.56903
G1 X111.2 Y121.775 F7800
;TYPE:External perimeter
G1 F1800
G1 X111.2 Y121.1 E6.59188
G1 X111.2 Y88.9 E7.68181
G1 X111.2 Y88.225 E7.70466
M73 Q37 S13
G1 X113.868 Y88.225 E7.79497
G1 X113.868 Y121.775 E8.9306
G1 X111.26 Y121.775 E9.01888
G1 X111.2 Y121.379 F7800
G1 E7.01888 F2400
G92 E0
G1 X112.325 Y89.35 F7800
G1 E2 F2400
;TYPE:Solid infill
;WIDTH:0.461323
G1 F1200
G1 X112.743 Y89.35 E2.01454
G1 X112.743 Y120.65 E3.10348
G1 X112.325 Y120.65 E3.11802
M73 P38 R13
G1 X112.325 Y89.554 E4.19986
G1 E2.19986 F2400
G92 E0
G1 X104.251 Y106.488 F7800
G1 E2 F2400
;TYPE:Perimeter
;WIDTH:0.449999
G1 F900
G1 X104.165 Y106.69 E2.00743
G1 X103.739 Y107.305 E2.03275
G1 X103.232 Y107.789 E2.05648
M73 Q38 S13
G1 X102.645 Y108.16 E2.07999
G1 X102.062 Y108.386 E2.10115
G1 X101.359 Y108.519 E2.12537
G1 X100.817 Y108.529 E2.14372
G1 X99.977 Y108.363 E2.1727
G1 X99.368 Y108.106 E2.19507
G1 X98.797 Y107.712 E2.21855
G1 X98.301 Y107.206 E2.24253
G1 X97.899 Y106.586 E2.26754
G1 X97.652 Y105.935 E2.29111
;WIDTH:0.497083
G1 X97.572 Y105.615 E2.30357
;WIDTH:0.544166
G1 X97.491 Y105.295 E2.31733
;WIDTH:0.549041
G1 X97.501 Y104.562 E2.34818
;WIDTH:0.568691
G1 X97.523 Y104.355 E2.35728
G1 X97.583 Y104.199 E2.36459
;WIDTH:0.529127
G1 X97.643 Y104.043 E2.37135
;WIDTH:0.489563
G1 X97.703 Y103.887 E2.37756
;WIDTH:0.449999
G1 X98.02 Y103.195 E2.40332
G1 X98.393 Y102.677 E2.42493
G1 X98.886 Y102.211 E2.44789
G1 X99.473 Y101.84 E2.4714
G1 X100.187 Y101.574 E2.49719
G1 X100.879 Y101.469 E2.52088
G1 X101.572 Y101.502 E2.54436
G1 X102.185 Y101.648 E2.56569
G1 X102.75 Y101.894 E2.58655
G1 X103.321 Y102.288 E2.61003
G1 X103.817 Y102.794 E2.63401
G1 X104.219 Y103.414 E2.65902
G1 X104.503 Y104.26 E2.68923
;WIDTH:0.429567
G1 X104.521 Y104.718 E2.70397
;WIDTH:0.391089
G1 X104.539 Y105.177 E2.71727
;WIDTH:0.401305
G1 X104.481 Y105.63 E2.73088
;WIDTH:0.449999
G1 X104.422 Y106.083 E2.74634
G1 X104.274 Y106.433 E2.7592
G1 X103.884 Y106.317 F7800
G1 F900
G1 X103.796 Y106.518 E2.76663
G1 X103.41 Y107.065 E2.78929
G1 X102.96 Y107.486 E2.81015
G1 X102.437 Y107.81 E2.83097
G1 X101.987 Y107.986 E2.84733
G1 X101.283 Y108.119 E2.87158
G1 X100.707 Y108.108 E2.89108
G1 X100.065 Y107.966 E2.91334
G1 X99.54 Y107.737 E2.93273
G1 X99.088 Y107.428 E2.95126
G1 X98.592 Y106.921 E2.97527
G1 X98.249 Y106.378 E2.99701
G1 X98.053 Y105.865 E3.0156
G1 X97.939 Y105.216 E3.0379
G1 X97.957 Y104.587 E3.0592
G1 X98.098 Y103.988 E3.08003
G1 X98.385 Y103.375 E3.10294
G1 X98.716 Y102.925 E3.12185
G1 X99.158 Y102.514 E3.14228
G1 X99.681 Y102.19 E3.1631
G1 X100.317 Y101.96 E3.18599
G1 X100.927 Y101.873 E3.20685
G1 X101.542 Y101.908 E3.2277
G1 X102.08 Y102.041 E3.24646
G1 X102.578 Y102.263 E3.26492
G1 X103.03 Y102.572 E3.28345
G1 X103.526 Y103.079 E3.30746
G1 X103.869 Y103.622 E3.3292
G1 X104.125 Y104.379 E3.35625
G1 X104.181 Y105.193 E3.38387
G1 X104.025 Y105.995 E3.41153
G1 X103.908 Y106.262 E3.4214
G1 X103.516 Y106.146 F7800
;TYPE:External perimeter
G1 F900
G1 X103.407 Y106.381 E3.43017
G1 X103.082 Y106.824 E3.44877
G1 X102.689 Y107.182 E3.46676
G1 X102.229 Y107.46 E3.48495
G1 X101.911 Y107.586 E3.49653
G1 X101.207 Y107.719 E3.52078
G1 X100.796 Y107.711 E3.53469
G1 X100.153 Y107.568 E3.55699
G1 X99.685 Y107.353 E3.57442
G1 X99.379 Y107.143 E3.58698
G1 X98.883 Y106.636 E3.61099
G1 X98.599 Y106.17 E3.62946
G1 X98.454 Y105.794 E3.6431
G1 X98.339 Y105.145 E3.66541
G1 X98.364 Y104.609 E3.68357
G1 X98.492 Y104.088 E3.70173
G1 X98.75 Y103.555 E3.72177
G1 X99.064 Y103.145 E3.73925
G1 X99.461 Y102.794 E3.75719
G1 X99.928 Y102.522 E3.77548
G1 X100.448 Y102.345 E3.79407
G1 X100.976 Y102.278 E3.81209
G1 X101.512 Y102.314 E3.83027
G1 X102.007 Y102.446 E3.84761
G1 X102.433 Y102.647 E3.86355
G1 X102.739 Y102.857 E3.87611
G1 X103.235 Y103.364 E3.90012
G1 X103.519 Y103.83 E3.91859
G1 X103.736 Y104.501 E3.94246
G1 X103.774 Y105.211 E3.96653
G1 X103.627 Y105.906 E3.99058
G1 X103.541 Y106.091 E3.99749
G1 X103.351 Y106.443 F7800
G1 E1.99749 F2400
G92 E0
G1 X104.8 Y89.039 F7800
G1 E2 F2400
;TYPE:Perimeter
G1 F3600
G1 X104.8 Y103.554 E2.49131
G1 X104.821 Y104.033 E2.50754
;WIDTH:0.408482
G1 X104.841 Y104.513 E2.52214
;WIDTH:0.371894
G1 X104.839 Y105.465 E2.54818
;WIDTH:0.410947
G1 X104.819 Y105.795 E2.5583
;WIDTH:0.449999
G1 X104.8 Y106.124 E2.56945
G1 X104.8 Y120.961 E3.07166
G1 X96.946 Y120.961 E3.33751
G1 X96.946 Y105.997 E3.84402
;WIDTH:0.492783
G1 X96.967 Y105.518 E3.86195
;WIDTH:0.535567
G1 X96.989 Y105.038 E3.88163
;WIDTH:0.568691
G1 X97.005 Y104.29 E3.91434
G1 X96.986 Y104.124 E3.92164
;WIDTH:0.529127
G1 X96.966 Y103.959 E3.92836
;WIDTH:0.489563
G1 X96.946 Y103.793 E3.93457
;WIDTH:0.449999
G1 X96.946 Y89.039 E4.43397
G1 X104.74 Y89.039 E4.69779
G1 X105.207 Y88.632 F7800
G1 F3600
G1 X105.207 Y121.368 E5.80586
G1 X96.539 Y121.368 E6.09926
G1 X96.539 Y88.632 E7.20733
G1 X105.147 Y88.632 E7.4987
G1 X105.614 Y88.225 F7800
;TYPE:External perimeter
G1 F1800
G1 X105.614 Y88.9 E7.52155
G1 X105.614 Y121.1 E8.61148
G1 X105.614 Y121.775 E8.63433
G1 X96.132 Y121.775 E8.95528
G1 X96.132 Y88.225 E10.09091
G1 X105.554 Y88.225 E10.40983
M73 P39 R13
G1 X105.613 Y88.621 F7800
G1 E8.40983 F2400
G92 E0
G1 X104.495 Y102.196 F7800
G1 E2 F2400
;TYPE:Internal infill
;WIDTH:0.45
;HEIGHT:0.4
G1 F4800
G1 X104.495 Y99.754 E2.14789
G1 X104.238 Y99.431 E2.17289
G1 X104.168 Y99.104 E2.19314
G1 X104.287 Y98.448 E2.23352
G1 X104.495 Y97.883 E2.26998
G1 X104.495 Y94.512 E2.47413
G1 X104.238 Y94.19 E2.49908
G1 X104.168 Y93.862 E2.51939
G1 X104.287 Y93.207 E2.55971
G1 X104.495 Y92.642 E2.59617
G1 X104.495 Y89.344 E2.7959
G1 X102.935 Y89.344 E2.89037
G1 X103.141 Y89.604 E2.91046
G1 X103.212 Y89.931 E2.93072
G1 X103.092 Y90.586 E2.97105
G1 X102.685 Y91.242 E3.0178
G1 X101.878 Y91.897 E3.08074
G1 X101.618 Y92.224 E3.10604
G1 X101.547 Y92.552 E3.12636
G1 X101.667 Y93.207 E3.16669
G1 X102.074 Y93.862 E3.21339
G1 X102.881 Y94.517 E3.27633
G1 X103.141 Y94.845 E3.30168
G1 X103.212 Y95.173 E3.322
G1 X103.092 Y95.828 E3.36233
G1 X102.685 Y96.483 E3.40903
G1 X101.878 Y97.138 E3.47197
G1 X101.618 Y97.466 E3.49732
G1 X101.547 Y97.793 E3.51758
G1 X101.667 Y98.448 E3.55791
G1 X102.074 Y99.104 E3.60466
G1 X102.881 Y99.759 E3.6676
G1 X103.141 Y100.086 E3.6929
G1 X103.212 Y100.414 E3.71322
G1 X103.092 Y101.069 E3.75355
G1 X102.782 Y101.569 E3.78918
G1 X102.268 Y101.354 E3.82292
G1 X101.599 Y101.198 E3.86452
G1 X100.966 Y101.157 E3.90293
G1 X100.497 Y101.208 E3.9315
G1 X100.472 Y101.069 E3.94005
G1 X100.065 Y100.414 E3.98675
G1 X99.257 Y99.759 E4.04974
G1 X98.997 Y99.431 E4.07509
G1 X98.926 Y99.104 E4.09535
G1 X99.046 Y98.448 E4.13574
G1 X99.453 Y97.793 E4.18244
G1 X100.26 Y97.138 E4.24538
G1 X100.52 Y96.81 E4.27073
G1 X100.591 Y96.483 E4.29099
G1 X100.472 Y95.828 E4.33131
G1 X100.065 Y95.173 E4.37801
G1 X99.257 Y94.517 E4.44104
G1 X98.997 Y94.19 E4.46634
G1 X98.926 Y93.862 E4.48666
G1 X99.046 Y93.207 E4.52699
G1 X99.453 Y92.552 E4.57369
G1 X100.26 Y91.897 E4.63663
G1 X100.52 Y91.569 E4.66198
G1 X100.591 Y91.242 E4.68224
G1 X100.472 Y90.586 E4.72262
G1 X100.065 Y89.931 E4.76932
G1 X99.342 Y89.344 E4.82572
G1 X97.694 Y89.344 E4.92552
G1 X97.9 Y89.604 E4.94561
G1 X97.97 Y89.931 E4.96586
G1 X97.851 Y90.586 E5.00618
G1 X97.444 Y91.242 E5.05293
G1 X97.251 Y91.398 E5.06796
G1 X97.251 Y94.202 E5.23777
G1 X97.639 Y94.517 E5.26804
G1 X97.9 Y94.845 E5.29343
G1 X97.97 Y95.173 E5.31374
G1 X97.851 Y95.828 E5.35406
G1 X97.444 Y96.483 E5.40076
G1 X97.251 Y96.639 E5.41579
G1 X97.251 Y99.444 E5.58566
G1 X97.639 Y99.759 E5.61593
G1 X97.9 Y100.086 E5.64127
G1 X97.97 Y100.414 E5.66158
G1 X97.851 Y101.069 E5.7019
G1 X97.444 Y101.724 E5.7486
G1 X97.251 Y101.881 E5.76367
G1 X97.251 Y103.617 E5.8688
G1 X97.304 Y104.003 E5.8924
G1 X97.44 Y103.718 E5.91152
G1 E3.91152 F2400
G92 E0
G1 X99.172 Y108.345 F7800
G1 E2 F2400
G1 F4800
G1 X98.786 Y108.099 E2.02772
G1 X98.256 Y107.626 E2.07074
G1 X97.894 Y107.174 E2.10581
G1 X97.616 Y106.688 E2.13972
G1 X97.444 Y106.965 E2.15947
G1 X97.251 Y107.122 E2.17454
G1 X97.251 Y109.926 E2.34435
G1 X97.639 Y110.241 E2.37462
G1 X97.9 Y110.569 E2.40001
G1 X97.97 Y110.896 E2.42026
G1 X97.851 Y111.552 E2.46064
G1 X97.444 Y112.207 E2.50734
G1 X97.251 Y112.363 E2.52237
G1 X97.251 Y115.168 E2.69224
G1 X97.639 Y115.483 E2.72251
G1 X97.9 Y115.81 E2.74785
G1 X97.97 Y116.138 E2.76816
G1 X97.851 Y116.793 E2.80848
G1 X97.444 Y117.448 E2.85518
G1 X97.251 Y117.604 E2.87021
M73 Q39 S13
G1 X97.251 Y120.409 E3.04008
G1 X97.555 Y120.656 E3.0638
G1 X99.203 Y120.656 E3.1636
G1 X98.997 Y120.396 E3.18369
G1 X98.926 Y120.069 E3.20395
G1 X99.046 Y119.414 E3.24428
G1 X99.453 Y118.758 E3.29103
G1 X100.26 Y118.103 E3.35397
G1 X100.52 Y117.776 E3.37927
G1 X100.591 Y117.448 E3.39959
G1 X100.472 Y116.793 E3.43991
G1 X100.065 Y116.138 E3.48661
G1 X99.257 Y115.483 E3.5496
G1 X98.997 Y115.155 E3.57495
G1 X98.926 Y114.827 E3.59527
G1 X99.046 Y114.172 E3.6356
G1 X99.453 Y113.517 E3.6823
G1 X100.26 Y112.862 E3.74524
G1 X100.52 Y112.534 E3.77059
G1 X100.591 Y112.207 E3.79085
G1 X100.472 Y111.552 E3.83117
G1 X100.065 Y110.896 E3.87792
G1 X99.257 Y110.241 E3.94091
G1 X98.997 Y109.914 E3.96621
G1 X98.926 Y109.586 E3.98653
G1 X99.046 Y108.931 E4.02686
G1 X99.353 Y108.436 E4.06213
G1 X99.69 Y108.59 E4.08457
G1 X100.365 Y108.776 E4.12697
G1 X101.031 Y108.845 E4.16752
G1 X101.638 Y108.777 E4.20451
G1 X101.667 Y108.931 E4.214
G1 X102.074 Y109.586 E4.2607
G1 X102.881 Y110.241 E4.32364
G1 X103.141 Y110.569 E4.34899
G1 X103.212 Y110.896 E4.36925
G1 X103.092 Y111.552 E4.40964
G1 X102.685 Y112.207 E4.45634
G1 X101.878 Y112.862 E4.51928
G1 X101.618 Y113.19 E4.54463
G1 X101.547 Y113.517 E4.56489
G1 X101.667 Y114.172 E4.60522
G1 X102.074 Y114.827 E4.65192
G1 X102.881 Y115.483 E4.7149
G1 X103.141 Y115.81 E4.7402
G1 X103.212 Y116.138 E4.76052
G1 X103.092 Y116.793 E4.80085
G1 X102.685 Y117.448 E4.84755
G1 X101.878 Y118.103 E4.91049
G1 X101.618 Y118.431 E4.93584
G1 X101.547 Y118.758 E4.9561
G1 X101.667 Y119.414 E4.99649
G1 X102.074 Y120.069 E5.04319
G1 X102.797 Y120.656 E5.09959
G1 X104.444 Y120.656 E5.19933
G1 X104.238 Y120.396 E5.21942
G1 X104.168 Y120.069 E5.23967
G1 X104.287 Y119.414 E5.27999
G1 X104.495 Y118.848 E5.31651
G1 X104.495 Y115.478 E5.5206
G1 X104.238 Y115.155 E5.5456
G1 X104.168 Y114.827 E5.56591
G1 X104.287 Y114.172 E5.60623
G1 X104.495 Y113.607 E5.64269
G1 X104.495 Y110.236 E5.84684
G1 X104.238 Y109.914 E5.87179
G1 X104.168 Y109.586 E5.8921
G1 X104.287 Y108.931 E5.93242
G1 X104.495 Y108.366 E5.96888
G1 X104.495 Y106.782 E6.06481
G1 X104.004 Y107.46 E6.11551
M106 S216.75
;LAYER_CHANGE
;Z:3.55
;HEIGHT:0.2
G1 E4.11551 F2400
G92 E0
G1 Z3.55 F7800
G1 X112.124 Y120.961
G1 E2 F2400
;TYPE:Perimeter
;WIDTH:0.449999
G1 F3600
G1 X112.124 Y89.039 E3.08052
G1 X113.054 Y89.039 E3.112
G1 X113.054 Y120.961 E4.19252
G1 X112.184 Y120.961 E4.22197
G1 X111.717 Y121.368 F7800
G1 F3600
G1 X111.717 Y88.632 E5.33004
G1 X113.461 Y88.632 E5.38907
G1 X113.461 Y121.368 E6.49714
G1 X111.777 Y121.368 E6.55414
G1 X111.31 Y121.775 F7800
;TYPE:External perimeter
G1 F1800
G1 X111.31 Y121.1 E6.57699
G1 X111.31 Y88.9 E7.66692
G1 X111.31 Y88.225 E7.68977
G1 X113.868 Y88.225 E7.77636
G1 X113.868 Y121.775 E8.91199
G1 X111.37 Y121.775 E8.99654
G1 X111.311 Y121.379 F7800
G1 E6.99654 F2400
G92 E0
G1 X112.408 Y89.322 F7800
G1 E2 F2400
;TYPE:Solid infill
;WIDTH:0.405984
G1 F1200
G1 X112.771 Y89.322 E2.01096
G1 X112.771 Y120.678 E2.95756
G1 X112.408 Y120.678 E2.96852
G1 X112.408 Y89.526 E3.90896
G1 E1.90896 F2400
M73 P40 R13
G92 E0
G1 X103.87 Y106.311 F7800
G1 E2 F2400
;TYPE:Perimeter
;WIDTH:0.449999
G1 F900
G1 X103.666 Y106.728 E2.01571
G1 X103.13 Y107.344 E2.04335
G1 X102.453 Y107.8 E2.07098
G1 X101.801 Y108.04 E2.0945
G1 X101.249 Y108.125 E2.1134
G1 X100.707 Y108.108 E2.13176
G1 X100.065 Y107.966 E2.15402
G1 X99.434 Y107.674 E2.17755
G1 X98.984 Y107.344 E2.19644
G1 X98.534 Y106.849 E2.21908
G1 X98.245 Y106.371 E2.23799
G1 X98.053 Y105.865 E2.25631
G1 X97.939 Y105.216 E2.27861
G1 X97.956 Y104.591 E2.29977
G1 X98.098 Y103.988 E2.32074
G1 X98.322 Y103.486 E2.33935
G1 X98.7 Y102.946 E2.36166
G1 X99.11 Y102.554 E2.38086
G1 X99.665 Y102.2 E2.40314
G1 X100.317 Y101.96 E2.42666
G1 X100.923 Y101.874 E2.44738
G1 X101.542 Y101.908 E2.46836
G1 X102.08 Y102.041 E2.48712
G1 X102.577 Y102.263 E2.50554
G1 X103.124 Y102.649 E2.5282
G1 X103.542 Y103.095 E2.54889
G1 X103.869 Y103.622 E2.56988
G1 X104.082 Y104.19 E2.59041
G1 X104.182 Y104.802 E2.6114
G1 X104.172 Y105.325 E2.62911
G1 X104.025 Y105.994 E2.6523
G1 X103.896 Y106.257 E2.66222
G1 X103.508 Y106.142 F7800
;TYPE:External perimeter
G1 F900
G1 X103.305 Y106.54 E2.67734
G1 X102.83 Y107.069 E2.70141
G1 X102.234 Y107.457 E2.72548
G1 X101.67 Y107.655 E2.74571
G1 X101.165 Y107.723 E2.76296
G1 X100.796 Y107.711 E2.77546
G1 X100.153 Y107.568 E2.79776
G1 X99.614 Y107.309 E2.818
G1 X99.203 Y106.993 E2.83555
G1 X98.84 Y106.58 E2.85416
G1 X98.584 Y106.14 E2.87139
G1 X98.454 Y105.794 E2.8839
G1 X98.339 Y105.145 E2.90621
G1 X98.363 Y104.613 E2.92424
G1 X98.492 Y104.088 E2.94254
G1 X98.656 Y103.719 E2.95621
G1 X99.033 Y103.18 E2.97847
G1 X99.329 Y102.897 E2.99233
G1 X99.884 Y102.543 E3.01461
G1 X100.448 Y102.345 E3.03484
G1 X100.972 Y102.278 E3.05272
G1 X101.512 Y102.314 E3.07104
G1 X102.007 Y102.446 E3.08838
G1 X102.44 Y102.652 E3.10461
G1 X102.883 Y102.977 E3.12321
G1 X103.239 Y103.367 E3.14108
G1 X103.519 Y103.83 E3.15939
M73 Q40 S13
G1 X103.698 Y104.325 E3.17721
G1 X103.78 Y104.86 E3.19553
G1 X103.77 Y105.264 E3.20921
G1 X103.627 Y105.906 E3.23147
G1 X103.535 Y106.088 E3.23837
G1 X103.354 Y106.445 F7800
G1 E1.23837 F2400
G92 E0
G1 X104.601 Y104.234 F7800
G1 E2 F2400
;TYPE:Perimeter
;WIDTH:0.627182
G1 F900
G1 X104.619 Y104.485 E2.01223
;WIDTH:0.590848
G1 X104.637 Y104.736 E2.0237
;WIDTH:0.554514
G1 X104.639 Y105.243 E2.04527
;WIDTH:0.566734
G1 X104.631 Y105.405 E2.05233
G1 E.05233 F2400
G92 E0
G1 X104.689 Y89.039 F7800
G1 E2 F2400
;WIDTH:0.449999
G1 F3600
G1 X104.689 Y103.531 E2.49054
;WIDTH:0.494295
G1 X104.667 Y103.706 E2.49716
;WIDTH:0.538591
G1 X104.645 Y103.882 E2.50447
;WIDTH:0.582887
G1 X104.623 Y104.058 E2.51243
;WIDTH:0.627182
G1 X104.601 Y104.234 E2.52105
G1 X104.552 Y104.138 E2.52629
;WIDTH:0.57881
G1 X104.504 Y104.042 E2.53107
;WIDTH:0.530438
G1 X104.361 Y103.728 E2.54506
;WIDTH:0.490219
G1 X104.219 Y103.413 E2.55791
;WIDTH:0.449999
G1 X103.845 Y102.823 E2.58156
G1 X103.365 Y102.32 E2.60509
G1 X102.75 Y101.894 E2.63041
G1 X102.185 Y101.648 E2.65127
G1 X101.572 Y101.502 E2.6726
G1 X100.874 Y101.469 E2.69625
G1 X100.187 Y101.574 E2.71977
G1 X99.446 Y101.857 E2.74662
G1 X98.734 Y102.333 E2.77561
G1 X98.366 Y102.713 E2.79352
G1 X97.989 Y103.252 E2.81578
G1 X97.703 Y103.888 E2.83938
;WIDTH:0.489418
G1 X97.643 Y104.045 E2.84562
;WIDTH:0.528837
G1 X97.583 Y104.203 E2.85245
;WIDTH:0.568255
G1 X97.522 Y104.36 E2.85981
G1 X97.501 Y104.567 E2.8689
;WIDTH:0.548708
G1 X97.491 Y105.295 E2.89952
;WIDTH:0.544167
G1 X97.572 Y105.615 E2.91328
;WIDTH:0.497083
G1 X97.652 Y105.935 E2.92574
;WIDTH:0.449999
G1 X97.893 Y106.575 E2.94889
G1 X98.228 Y107.117 E2.97046
G1 X98.736 Y107.667 E2.9958
G1 X99.254 Y108.039 E3.01739
G1 X99.977 Y108.363 E3.04421
G1 X100.619 Y108.506 E3.06647
G1 X101.302 Y108.528 E3.0896
G1 X101.932 Y108.426 E3.1112
G1 X102.672 Y108.143 E3.13802
G1 X103.43 Y107.619 E3.16921
G1 X104.027 Y106.916 E3.20043
G1 X104.422 Y106.083 E3.23164
;WIDTH:0.488911
G1 X104.492 Y105.857 E3.24041
;WIDTH:0.527823
G1 X104.561 Y105.631 E3.24994
;WIDTH:0.566734
G1 X104.631 Y105.405 E3.26024
G1 X104.638 Y105.453 E3.26235
;WIDTH:0.552698
G1 X104.655 Y105.673 E3.2717
;WIDTH:0.518465
G1 X104.672 Y105.892 E3.28039
;WIDTH:0.484232
G1 X104.689 Y106.112 E3.28849
;WIDTH:0.449999
G1 X104.689 Y120.961 E3.79111
G1 X96.946 Y120.961 E4.0532
G1 X96.946 Y105.997 E4.55971
;WIDTH:0.49277
G1 X96.967 Y105.518 E4.57764
;WIDTH:0.53554
G1 X96.989 Y105.039 E4.59728
;WIDTH:0.568255
G1 X97.005 Y104.295 E4.62979
G1 X96.985 Y104.128 E4.63714
;WIDTH:0.528837
G1 X96.966 Y103.961 E4.64393
;WIDTH:0.489418
G1 X96.946 Y103.794 E4.65017
;WIDTH:0.449999
G1 X96.946 Y89.039 E5.14961
G1 X104.629 Y89.039 E5.40967
G1 X105.096 Y88.632 F7800
G1 F3600
G1 X105.096 Y121.368 E6.51774
G1 X96.539 Y121.368 E6.80738
G1 X96.539 Y88.632 E7.91545
G1 X105.036 Y88.632 E8.20306
M73 P40 R12
G1 X105.503 Y88.225 F7800
;TYPE:External perimeter
G1 F1800
G1 X105.503 Y88.9 E8.22591
G1 X105.503 Y121.1 E9.31584
G1 X105.503 Y121.775 E9.33869
G1 X96.132 Y121.775 E9.65589
G1 X96.132 Y88.225 E10.79152
G1 X105.443 Y88.225 E11.10669
G1 X105.503 Y88.621 F7800
M106 S211.65
;LAYER_CHANGE
;Z:3.75
;HEIGHT:0.2
G1 E9.10669 F2400
G92 E0
G1 Z3.75 F7800
G1 X112.217 Y120.961
G1 E2 F2400
;TYPE:Perimeter
G1 F3600
G1 X112.217 Y89.039 E3.08052
G1 X113.054 Y89.039 E3.10885
G1 X113.054 Y120.961 E4.18937
G1 X112.277 Y120.961 E4.21567
G1 X111.81 Y121.368 F7800
G1 F3600
G1 X111.81 Y88.632 E5.32374
G1 X113.461 Y88.632 E5.37962
G1 X113.461 Y121.368 E6.48769
G1 X111.87 Y121.368 E6.54154
M73 P41 R12
G1 X111.403 Y121.775 F7800
;TYPE:External perimeter
G1 F1800
G1 X111.403 Y121.1 E6.56439
G1 X111.403 Y88.9 E7.65432
G1 X111.403 Y88.225 E7.67717
G1 X113.868 Y88.225 E7.76061
G1 X113.868 Y121.775 E8.89624
G1 X111.463 Y121.775 E8.97765
G1 X111.403 Y121.379 F7800
G1 E6.97765 F2400
G92 E0
G1 X112.477 Y89.299 F7800
G1 E2 F2400
M73 Q41 S13
;TYPE:Solid infill
;WIDTH:0.359801
G1 F1200
G1 X112.794 Y89.299 E2.00835
G1 X112.794 Y120.701 E2.83575
G1 X112.477 Y120.701 E2.8441
G1 X112.477 Y89.503 E3.66613
G1 E1.66613 F2400
G92 E0
G1 X103.872 Y106.312 F7800
G1 E2 F2400
;TYPE:Perimeter
;WIDTH:0.449999
G1 F900
G1 X103.666 Y106.728 E2.01571
G1 X103.13 Y107.344 E2.04335
G1 X102.453 Y107.8 E2.07098
G1 X101.924 Y108.006 E2.0902
G1 X101.275 Y108.12 E2.1125
G1 X100.707 Y108.108 E2.13173
G1 X100.064 Y107.966 E2.15402
G1 X99.498 Y107.712 E2.17502
G1 X99.088 Y107.428 E2.1919
G1 X98.598 Y106.928 E2.2156
G1 X98.317 Y106.507 E2.23273
G1 X98.095 Y106.004 E2.25134
G1 X97.939 Y105.216 E2.27853
G1 X97.956 Y104.596 E2.29952
G1 X98.054 Y104.126 E2.31577
G1 X98.253 Y103.615 E2.33433
G1 X98.7 Y102.946 E2.36156
G1 X99.11 Y102.554 E2.38076
G1 X99.665 Y102.2 E2.40304
G1 X100.317 Y101.96 E2.42656
G1 X100.918 Y101.874 E2.44711
G1 X101.411 Y101.892 E2.46381
G1 X102.054 Y102.034 E2.4861
G1 X102.62 Y102.288 E2.5071
G1 X103.026 Y102.568 E2.52379
G1 X103.491 Y103.033 E2.54605
G1 X103.807 Y103.505 E2.56528
G1 X104.059 Y104.113 E2.58756
G1 X104.182 Y104.797 E2.61108
G1 X104.162 Y105.404 E2.63164
G1 X104.02 Y106.012 E2.65277
G1 X103.899 Y106.258 E2.66205
G1 X103.508 Y106.142 F7800
;TYPE:External perimeter
G1 F900
G1 X103.305 Y106.54 E2.67717
G1 X102.83 Y107.069 E2.70124
G1 X102.234 Y107.457 E2.72531
G1 X101.853 Y107.605 E2.73915
G1 X101.205 Y107.72 E2.76143
G1 X100.796 Y107.711 E2.77528
G1 X100.153 Y107.568 E2.79758
G1 X99.674 Y107.345 E2.81546
G1 X99.379 Y107.143 E2.82756
G1 X98.888 Y106.643 E2.85128
G1 X98.689 Y106.343 E2.86347
G1 X98.468 Y105.84 E2.88207
G1 X98.339 Y105.145 E2.906
G1 X98.362 Y104.618 E2.92386
G1 X98.434 Y104.274 E2.93576
G1 X98.633 Y103.762 E2.95435
G1 X99.033 Y103.18 E2.97825
G1 X99.329 Y102.897 E2.99211
G1 X99.884 Y102.543 E3.01439
G1 X100.448 Y102.345 E3.03462
G1 X100.967 Y102.278 E3.05233
G1 X101.323 Y102.289 E3.06439
G1 X101.966 Y102.432 E3.08669
G1 X102.444 Y102.655 E3.10454
G1 X102.738 Y102.856 E3.11659
G1 X103.203 Y103.321 E3.13885
G1 X103.431 Y103.661 E3.15271
G1 X103.683 Y104.269 E3.17499
G1 X103.779 Y104.859 E3.19522
G1 X103.756 Y105.382 E3.21294
G1 X103.626 Y105.913 E3.23144
G1 X103.536 Y106.089 E3.23813
G1 X103.354 Y106.445 F7800
G1 E1.23813 F2400
G92 E0
G1 X104.548 Y104.185 F7800
G1 E2 F2400
;TYPE:Perimeter
;WIDTH:0.547066
G1 F900
G1 X104.569 Y104.46 E2.01156
;WIDTH:0.504979
G1 X104.59 Y104.734 E2.02212
;WIDTH:0.478102
G1 X104.583 Y105.426 E2.04716
;WIDTH:0.492256
G1 X104.576 Y105.551 E2.05184
G1 E.05184 F2400
G92 E0
G1 X104.597 Y89.039 F7800
G1 E2 F2400
;WIDTH:0.449999
G1 F3600
G1 X104.597 Y103.267 E2.4816
;WIDTH:0.498533
G1 X104.573 Y103.726 E2.49901
;WIDTH:0.547066
G1 X104.548 Y104.185 E2.51828
G1 X104.499 Y104.068 E2.5236
;WIDTH:0.515271
G1 X104.45 Y103.951 E2.52858
;WIDTH:0.483475
G1 X104.089 Y103.174 E2.55997
;WIDTH:0.449999
G1 X103.779 Y102.745 E2.57789
G1 X103.313 Y102.28 E2.60017
G1 X102.795 Y101.92 E2.62152
G1 X102.142 Y101.637 E2.64561
G1 X101.499 Y101.494 E2.66791
G1 X100.869 Y101.47 E2.68925
G1 X100.187 Y101.574 E2.7126
G1 X99.446 Y101.857 E2.73945
G1 X98.734 Y102.333 E2.76844
G1 X98.366 Y102.713 E2.78635
G1 X97.874 Y103.467 E2.81682
;WIDTH:0.48703
G1 X97.754 Y103.782 E2.82927
;WIDTH:0.524061
G1 X97.634 Y104.097 E2.84276
;WIDTH:0.561091
G1 X97.514 Y104.413 E2.85732
G1 X97.5 Y104.572 E2.8642
;WIDTH:0.548364
G1 X97.491 Y105.295 E2.89459
;WIDTH:0.54459
G1 X97.607 Y105.732 E2.91345
;WIDTH:0.497295
G1 X97.723 Y106.168 E2.9305
;WIDTH:0.449999
G1 X97.944 Y106.671 E2.9491
G1 X98.307 Y107.214 E2.97121
G1 X98.798 Y107.714 E2.99493
G1 X99.323 Y108.08 E3.01659
G1 X99.976 Y108.363 E3.04068
G1 X100.817 Y108.529 E3.0697
G1 X101.346 Y108.521 E3.08761
G1 X102.186 Y108.353 E3.11661
G1 X102.672 Y108.143 E3.13453
G1 X103.43 Y107.619 E3.16572
G1 X104.027 Y106.917 E3.19691
G1 X104.415 Y106.112 E3.22716
;WIDTH:0.492256
G1 X104.576 Y105.551 E3.24897
G1 X104.58 Y105.628 E3.25185
;WIDTH:0.484083
G1 X104.597 Y106.135 E3.27046
;WIDTH:0.449999
G1 X104.597 Y120.961 E3.7723
G1 X96.946 Y120.961 E4.03128
G1 X96.946 Y105.997 E4.53779
;WIDTH:0.492755
G1 X96.967 Y105.519 E4.55569
;WIDTH:0.53551
G1 X96.989 Y105.04 E4.57533
;WIDTH:0.561091
G1 X97.002 Y104.36 E4.60463
G1 X96.983 Y104.188 E4.61209
;WIDTH:0.524061
G1 X96.964 Y104.015 E4.61905
;WIDTH:0.48703
G1 X96.946 Y103.842 E4.62547
;WIDTH:0.449999
G1 X96.946 Y89.039 E5.12653
G1 X104.537 Y89.039 E5.38348
G1 X105.004 Y88.632 F7800
G1 F3600
G1 X105.004 Y121.368 E6.49155
G1 X96.539 Y121.368 E6.77808
G1 X96.539 Y88.632 E7.88615
G1 X104.944 Y88.632 E8.17065
M73 P42 R12
G1 X105.411 Y88.225 F7800
;TYPE:External perimeter
G1 F1800
G1 X105.411 Y88.9 E8.1935
G1 X105.411 Y121.1 E9.28343
G1 X105.411 Y121.775 E9.30628
G1 X96.132 Y121.775 E9.62036
G1 X96.132 Y88.225 E10.75599
G1 X105.351 Y88.225 E11.06804
G1 X105.41 Y88.621 F7800
G1 E9.06804 F2400
M73 Q42 S12
G92 E0
G1 X102.214 Y89.344 F7800
G1 E2 F2400
;TYPE:Internal infill
;WIDTH:0.45
;HEIGHT:0.4
G1 F4800
G1 X104.292 Y89.344 E2.12584
G1 X104.292 Y89.71 E2.148
G1 X104.017 Y89.747 E2.1648
G1 X103.69 Y89.996 E2.18969
G1 X103.035 Y90.871 E2.25588
G1 X102.379 Y91.315 E2.30385
G1 X101.724 Y91.471 E2.34463
G1 X101.397 Y91.426 E2.36462
G1 X101.069 Y91.177 E2.38956
G1 X100.414 Y90.302 E2.45575
G1 X99.759 Y89.858 E2.50367
G1 X99.104 Y89.702 E2.54445
G1 X98.776 Y89.747 E2.5645
G1 X98.448 Y89.996 E2.58944
G1 X97.793 Y90.871 E2.65563
G1 X97.251 Y91.238 E2.69527
G1 X97.251 Y93.962 E2.86024
G1 X97.793 Y94.091 E2.89398
G1 X98.121 Y94.047 E2.91402
G1 X98.448 Y93.798 E2.93891
G1 X99.104 Y92.922 E3.00519
G1 X99.759 Y92.479 E3.05308
G1 X100.414 Y92.323 E3.09386
G1 X100.741 Y92.367 E3.11384
G1 X101.069 Y92.616 E3.13878
G1 X101.724 Y93.492 E3.20502
G1 X102.379 Y93.935 E3.25291
G1 X103.035 Y94.091 E3.29375
G1 X103.362 Y94.047 E3.31373
G1 X103.69 Y93.798 E3.33867
G1 X104.292 Y92.993 E3.39954
G1 X104.292 Y94.951 E3.51812
G1 X104.017 Y94.988 E3.53492
G1 X103.69 Y95.237 E3.55981
G1 X103.035 Y96.113 E3.62605
G1 X102.379 Y96.556 E3.67399
G1 X101.724 Y96.712 E3.71477
G1 X101.397 Y96.667 E3.73476
G1 X101.069 Y96.418 E3.7597
G1 X100.414 Y95.543 E3.82589
G1 X99.759 Y95.099 E3.87381
G1 X99.104 Y94.944 E3.91457
G1 X98.776 Y94.988 E3.93461
G1 X98.448 Y95.237 E3.95955
G1 X97.793 Y96.113 E4.02579
G1 X97.251 Y96.479 E4.0654
G1 X97.251 Y99.204 E4.23043
G1 X97.793 Y99.332 E4.26416
G1 X98.121 Y99.288 E4.2842
G1 X98.448 Y99.039 E4.30909
G1 X99.104 Y98.163 E4.37537
G1 X99.759 Y97.72 E4.42326
G1 X100.414 Y97.564 E4.46404
G1 X100.741 Y97.609 E4.48403
G1 X101.069 Y97.858 E4.50897
G1 X101.724 Y98.733 E4.57516
G1 X102.379 Y99.177 E4.62308
G1 X103.035 Y99.332 E4.6639
G1 X103.362 Y99.288 E4.68388
G1 X103.69 Y99.039 E4.70882
G1 X104.292 Y98.235 E4.76965
G1 X104.292 Y100.192 E4.88817
G1 X104.017 Y100.229 E4.90497
G1 X103.69 Y100.478 E4.92986
G1 X103.035 Y101.354 E4.9961
G1 X102.741 Y101.553 E5.0176
G1 X101.835 Y101.238 E5.07569
G1 X101.321 Y101.166 E5.10712
G1 X100.711 Y101.182 E5.14407
G1 X100.414 Y100.784 E5.17414
G1 X99.759 Y100.341 E5.22203
G1 X99.104 Y100.185 E5.26281
G1 X98.776 Y100.229 E5.28285
G1 X98.448 Y100.478 E5.30779
G1 X97.793 Y101.354 E5.37403
G1 X97.251 Y101.721 E5.41367
G1 X97.251 Y103.782 E5.53848
G1 X97.304 Y104.005 E5.55236
G1 X97.374 Y103.871 E5.56152
G1 E3.56152 F2400
G92 E0
G1 X99.208 Y108.363 F7800
G1 E2 F2400
G1 F4800
G1 X98.779 Y108.094 E2.03067
G1 X98.364 Y107.735 E2.0639
G1 X97.93 Y107.231 E2.10418
G1 X97.627 Y106.708 E2.14078
G1 X97.251 Y106.962 E2.16826
G1 X97.251 Y109.686 E2.33323
G1 X97.793 Y109.815 E2.36697
G1 X98.121 Y109.771 E2.38701
G1 X98.448 Y109.522 E2.4119
G1 X99.104 Y108.646 E2.47818
G1 X99.392 Y108.451 E2.49924
G1 X99.905 Y108.66 E2.53279
G1 X100.558 Y108.805 E2.5733
G1 X101.428 Y108.82 E2.62599
G1 X101.724 Y109.216 E2.65593
G1 X102.379 Y109.659 E2.70382
G1 X103.035 Y109.815 E2.74466
G1 X103.362 Y109.771 E2.76464
G1 X103.69 Y109.522 E2.78958
G1 X104.292 Y108.717 E2.85045
G1 X104.292 Y110.675 E2.96903
G1 X104.017 Y110.712 E2.98583
G1 X103.69 Y110.961 E3.01072
G1 X103.035 Y111.837 E3.07696
G1 X102.379 Y112.28 E3.1249
G1 X101.724 Y112.436 E3.16568
G1 X101.397 Y112.391 E3.18567
G1 X101.069 Y112.142 E3.21061
G1 X100.414 Y111.267 E3.2768
G1 X99.759 Y110.823 E3.32472
G1 X99.104 Y110.668 E3.36548
G1 X98.776 Y110.712 E3.38552
G1 X98.448 Y110.961 E3.41046
G1 X97.793 Y111.837 E3.4767
G1 X97.251 Y112.203 E3.51631
G1 X97.251 Y114.928 E3.68134
G1 X97.793 Y115.056 E3.71507
G1 X98.121 Y115.012 E3.73511
G1 X98.448 Y114.763 E3.76
G1 X99.104 Y113.887 E3.82628
G1 X99.759 Y113.444 E3.87417
G1 X100.414 Y113.288 E3.91495
G1 X100.741 Y113.333 E3.93494
G1 X101.069 Y113.582 E3.95988
G1 X101.724 Y114.457 E4.02607
G1 X102.379 Y114.901 E4.07399
G1 X103.035 Y115.056 E4.11481
G1 X103.362 Y115.012 E4.13479
G1 X103.69 Y114.763 E4.15973
G1 X104.292 Y113.959 E4.22056
G1 X104.292 Y115.916 E4.33908
G1 X104.017 Y115.953 E4.35588
G1 X103.69 Y116.202 E4.38077
G1 X103.035 Y117.078 E4.44701
G1 X102.379 Y117.521 E4.49495
G1 X101.724 Y117.677 E4.53573
G1 X101.397 Y117.633 E4.55571
G1 X101.069 Y117.384 E4.58065
G1 X100.414 Y116.508 E4.64689
G1 X99.759 Y116.065 E4.69478
G1 X99.104 Y115.909 E4.73556
G1 X98.776 Y115.953 E4.7556
G1 X98.448 Y116.202 E4.78054
G1 X97.793 Y117.078 E4.84678
G1 X97.251 Y117.445 E4.88642
G1 X97.251 Y120.169 E5.05139
G1 X97.793 Y120.298 E5.08513
G1 X98.121 Y120.253 E5.10518
G1 X98.448 Y120.004 E5.13007
G1 X99.104 Y119.129 E5.1963
G1 X99.759 Y118.685 E5.24422
G1 X100.414 Y118.529 E5.285
G1 X100.741 Y118.574 E5.30499
G1 X101.069 Y118.823 E5.32993
G1 X101.724 Y119.698 E5.39612
G1 X102.379 Y120.142 E5.44404
G1 X103.035 Y120.298 E5.48488
G1 X103.362 Y120.253 E5.50487
G1 X103.69 Y120.004 E5.52981
G1 X104.292 Y119.2 E5.59064
G1 X104.292 Y120.656 E5.67882
G1 X103.305 Y120.656 E5.73859
M106 S226.95
;LAYER_CHANGE
;Z:3.95
;HEIGHT:0.2
G1 E3.73859 F2400
G92 E0
G1 Z3.95 F7800
G1 X112.38 Y120.872
G1 E2 F2400
;TYPE:Perimeter
;WIDTH:0.628051
G1 F3600
G1 X112.38 Y89.128 E3.54447
G1 X112.965 Y89.128 E3.57293
G1 X112.965 Y120.872 E5.1174
G1 X112.44 Y120.872 E5.14294
G1 X111.884 Y121.368 F7800
;WIDTH:0.449999
G1 F3600
G1 X111.884 Y88.632 E6.25101
G1 X113.461 Y88.632 E6.30439
G1 X113.461 Y121.368 E7.41246
G1 X111.944 Y121.368 E7.46381
G1 X111.477 Y121.775 F7800
;TYPE:External perimeter
G1 F1800
G1 X111.477 Y121.1 E7.48666
G1 X111.477 Y88.9 E8.57659
G1 X111.477 Y88.225 E8.59944
G1 X113.868 Y88.225 E8.68037
G1 X113.868 Y121.775 E9.816
G1 X111.537 Y121.775 E9.8949
G1 X111.477 Y121.379 F7800
G1 E7.8949 F2400
G92 E0
G1 X103.884 Y106.317 F7800
G1 E2 F2400
;TYPE:Perimeter
G1 F900
G1 X103.796 Y106.519 E2.00746
G1 X103.501 Y106.957 E2.02533
G1 X103.121 Y107.354 E2.04393
G1 X102.453 Y107.8 E2.07112
G1 X101.801 Y108.04 E2.09464
G1 X101.249 Y108.125 E2.11354
G1 X100.707 Y108.108 E2.1319
G1 X100.065 Y107.966 E2.15416
M73 P43 R12
G1 X99.545 Y107.737 E2.17339
G1 X99.006 Y107.359 E2.19567
G1 X98.613 Y106.949 E2.21489
G1 X98.259 Y106.394 E2.23717
G1 X98.053 Y105.865 E2.25639
G1 X97.939 Y105.216 E2.27869
G1 X97.955 Y104.601 E2.29951
G1 X98.054 Y104.126 E2.31593
G1 X98.253 Y103.615 E2.33449
G1 X98.7 Y102.946 E2.36172
G1 X99.11 Y102.554 E2.38092
G1 X99.665 Y102.2 E2.4032
G1 X100.317 Y101.96 E2.42672
G1 X100.913 Y101.874 E2.4471
G1 X101.411 Y101.892 E2.46397
G1 X102.053 Y102.034 E2.48623
G1 X102.573 Y102.263 E2.50546
G1 X103.113 Y102.641 E2.52777
G1 X103.536 Y103.088 E2.5486
G1 X103.802 Y103.493 E2.565
G1 X104.023 Y103.996 E2.5836
G1 X104.18 Y104.784 E2.6108
G1 X104.172 Y105.325 E2.62911
G1 X104.025 Y105.994 E2.6523
G1 X103.908 Y106.262 E2.6622
G1 X103.517 Y106.146 F7800
;TYPE:External perimeter
G1 F900
G1 X103.412 Y106.374 E2.6707
G1 X103.207 Y106.676 E2.68305
G1 X102.827 Y107.072 E2.70163
G1 X102.234 Y107.457 E2.72556
G1 X101.67 Y107.655 E2.74579
G1 X101.165 Y107.723 E2.76304
G1 X100.796 Y107.711 E2.77554
G1 X100.153 Y107.568 E2.79784
G1 X99.778 Y107.403 E2.81171
G1 X99.239 Y107.026 E2.83397
G1 X98.956 Y106.73 E2.84783
G1 X98.602 Y106.175 E2.87011
G1 X98.454 Y105.794 E2.88395
G1 X98.339 Y105.145 E2.90626
G1 X98.362 Y104.622 E2.92398
G1 X98.434 Y104.274 E2.93601
G1 X98.633 Y103.762 E2.9546
G1 X99.033 Y103.18 E2.9785
G1 X99.329 Y102.897 E2.99236
G1 X99.884 Y102.543 E3.01464
G1 X100.448 Y102.345 E3.03487
G1 X100.963 Y102.278 E3.05245
G1 X101.323 Y102.289 E3.06464
G1 X101.965 Y102.432 E3.0869
G1 X102.34 Y102.597 E3.10077
G1 X102.879 Y102.974 E3.12303
G1 X103.234 Y103.36 E3.14078
G1 X103.429 Y103.657 E3.15281
G1 X103.65 Y104.16 E3.17141
G1 X103.779 Y104.854 E3.1953
G1 X103.77 Y105.264 E3.20918
G1 X103.627 Y105.906 E3.23144
G1 X103.542 Y106.092 E3.23836
G1 X103.355 Y106.445 F7800
G1 E1.23836 F2400
G92 E0
G1 X104.523 Y89.039 F7800
G1 E2 F2400
;TYPE:Perimeter
G1 F3600
G1 X104.523 Y104.06 E2.50844
G1 X104.537 Y104.389 E2.51959
;WIDTH:0.420959
G1 X104.552 Y104.718 E2.52994
G1 X104.509 Y104.391 E2.54031
;WIDTH:0.449999
G1 X104.466 Y104.065 E2.55144
G1 X104.395 Y103.832 E2.55968
G1 X104.174 Y103.329 E2.57828
G1 X103.839 Y102.815 E2.59905
G1 X103.346 Y102.307 E2.62301
G1 X102.633 Y101.832 E2.65201
G1 X102.141 Y101.637 E2.66992
G1 X101.499 Y101.494 E2.69218
G1 X100.864 Y101.47 E2.71369
G1 X100.186 Y101.575 E2.73691
G1 X99.446 Y101.857 E2.76372
G1 X98.734 Y102.333 E2.79271
G1 X98.366 Y102.713 E2.81062
G1 X97.874 Y103.467 E2.84109
M73 Q43 S12
;WIDTH:0.486896
G1 X97.754 Y103.784 E2.8536
;WIDTH:0.523793
G1 X97.634 Y104.101 E2.86715
;WIDTH:0.56069
G1 X97.514 Y104.417 E2.8817
G1 X97.5 Y104.577 E2.88861
;WIDTH:0.548031
G1 X97.491 Y105.295 E2.91877
;WIDTH:0.54459
G1 X97.598 Y105.711 E2.93669
;WIDTH:0.497295
G1 X97.706 Y106.127 E2.95293
;WIDTH:0.449999
G1 X97.916 Y106.613 E2.97085
G1 X98.392 Y107.325 E2.99984
G1 X98.772 Y107.693 E3.01775
G1 X99.485 Y108.168 E3.04675
G1 X99.977 Y108.363 E3.06466
G1 X100.619 Y108.506 E3.08692
G1 X101.302 Y108.528 E3.11005
G1 X101.932 Y108.425 E3.13166
G1 X102.672 Y108.143 E3.15847
G1 X103.415 Y107.635 E3.18894
G1 X103.795 Y107.238 E3.20754
G1 X104.165 Y106.691 E3.22989
G1 X104.422 Y106.083 E3.25223
G1 X104.544 Y105.435 E3.27455
G1 X104.523 Y106.094 E3.29687
G1 X104.523 Y120.961 E3.8001
G1 X96.946 Y120.961 E4.05657
G1 X96.946 Y105.997 E4.56308
;WIDTH:0.492741
G1 X96.967 Y105.519 E4.58098
;WIDTH:0.535483
G1 X96.989 Y105.041 E4.60058
;WIDTH:0.56069
G1 X97.001 Y104.365 E4.62969
G1 X96.983 Y104.191 E4.63722
;WIDTH:0.523793
G1 X96.964 Y104.016 E4.64426
;WIDTH:0.486896
G1 X96.946 Y103.842 E4.65072
;WIDTH:0.449999
G1 X96.946 Y89.039 E5.15178
G1 X104.463 Y89.039 E5.40622
G1 E3.40622 F2400
G92 E0
G1 X104.552 Y104.718 F7800
G1 E2 F2400
;WIDTH:0.391918
G1 F900
G1 X104.556 Y105.241 E2.01518
;WIDTH:0.39899
G1 X104.548 Y105.391 E2.01963
G1 E.01963 F2400
G92 E0
G1 X104.93 Y88.632 F7800
G1 E2 F2400
;WIDTH:0.449999
G1 F3600
G1 X104.93 Y121.368 E3.10807
G1 X96.539 Y121.368 E3.39209
G1 X96.539 Y88.632 E4.50016
G1 X104.87 Y88.632 E4.78215
G1 X105.337 Y88.225 F7800
;TYPE:External perimeter
G1 F1800
G1 X105.337 Y88.9 E4.805
G1 X105.337 Y121.1 E5.89493
G1 X105.337 Y121.775 E5.91778
G1 X96.132 Y121.775 E6.22936
G1 X96.132 Y88.225 E7.36499
G1 X105.277 Y88.225 E7.67454
G1 X105.336 Y88.621 F7800
M106 S221.85
;LAYER_CHANGE
;Z:4.15
;HEIGHT:0.2
G1 E5.67454 F2400
G92 E0
G1 Z4.15 F7800
G1 X112.424 Y120.887
G1 E2 F2400
;TYPE:Perimeter
;WIDTH:0.598374
G1 F3600
G1 X112.424 Y89.113 E3.46752
G1 X112.98 Y89.113 E3.4932
G1 X112.98 Y120.887 E4.96072
G1 X112.484 Y120.887 E4.98363
G1 X111.943 Y121.368 F7800
;WIDTH:0.449999
G1 F3600
G1 X111.943 Y88.632 E6.0917
G1 X113.461 Y88.632 E6.14308
G1 X113.461 Y121.368 E7.25115
G1 X112.003 Y121.368 E7.3005
G1 X111.536 Y121.775 F7800
;TYPE:External perimeter
G1 F1800
G1 X111.536 Y121.1 E7.32335
G1 X111.536 Y88.9 E8.41328
G1 X111.536 Y88.225 E8.43613
M73 P44 R12
G1 X113.868 Y88.225 E8.51507
G1 X113.868 Y121.775 E9.6507
G1 X111.596 Y121.775 E9.7276
G1 X111.537 Y121.379 F7800
G1 E7.7276 F2400
G92 E0
G1 X103.868 Y106.31 F7800
G1 E2 F2400
;TYPE:Perimeter
G1 F900
G1 X103.643 Y106.761 E2.01706
G1 X103.128 Y107.347 E2.04347
G1 X102.453 Y107.8 E2.07099
G1 X101.924 Y108.006 E2.09021
G1 X101.276 Y108.12 E2.11248
G1 X100.581 Y108.092 E2.13602
G1 X100.039 Y107.959 E2.15491
G1 X99.506 Y107.717 E2.17472
G1 X98.992 Y107.349 E2.19612
G1 X98.534 Y106.849 E2.21907
G1 X98.245 Y106.371 E2.23798
G1 X98.04 Y105.823 E2.25778
G1 X97.96 Y105.445 E2.27086
G1 X97.954 Y104.632 E2.29838
G1 X98.054 Y104.126 E2.31584
G1 X98.253 Y103.615 E2.3344
M73 Q44 S12
G1 X98.7 Y102.947 E2.36161
G1 X99.21 Y102.475 E2.38513
G1 X99.688 Y102.186 E2.40404
G1 X100.199 Y101.993 E2.42253
G1 X100.882 Y101.878 E2.44597
G1 X101.411 Y101.892 E2.46388
G1 X102.054 Y102.034 E2.48617
G1 X102.578 Y102.263 E2.50553
G1 X103.029 Y102.571 E2.52402
G1 X103.515 Y103.064 E2.54745
G1 X103.802 Y103.493 E2.56492
G1 X104.023 Y103.996 E2.58352
;WIDTH:0.498198
G1 X104.099 Y104.254 E2.5937
;WIDTH:0.546396
G1 X104.175 Y104.513 E2.605
;WIDTH:0.594594
G1 X104.251 Y104.771 E2.61734
;WIDTH:0.598133
G1 X104.245 Y105.338 E2.64352
G1 X104.172 Y105.557 E2.65418
;WIDTH:0.548755
G1 X104.098 Y105.776 E2.6639
;WIDTH:0.499377
G1 X104.025 Y105.994 E2.67263
;WIDTH:0.449999
G1 X103.895 Y106.256 E2.68253
G1 X103.506 Y106.141 F7800
;TYPE:External perimeter
G1 F900
G1 X103.284 Y106.57 E2.69888
G1 X102.829 Y107.07 E2.72176
G1 X102.234 Y107.457 E2.74579
G1 X101.853 Y107.605 E2.75963
G1 X101.205 Y107.72 E2.78191
G1 X100.608 Y107.686 E2.80215
G1 X100.109 Y107.553 E2.81963
G1 X99.647 Y107.329 E2.83701
G1 X99.234 Y107.022 E2.85443
G1 X98.84 Y106.58 E2.87447
G1 X98.582 Y106.134 E2.89191
G1 X98.415 Y105.658 E2.90898
G1 X98.359 Y105.368 E2.91898
G1 X98.361 Y104.635 E2.94379
G1 X98.434 Y104.274 E2.95626
G1 X98.633 Y103.762 E2.97485
G1 X99.033 Y103.18 E2.99875
G1 X99.479 Y102.781 E3.01901
G1 X99.919 Y102.525 E3.03624
G1 X100.267 Y102.395 E3.04881
G1 X100.95 Y102.279 E3.07226
G1 X101.323 Y102.289 E3.08489
G1 X101.965 Y102.432 E3.10715
G1 X102.433 Y102.647 E3.12458
G1 X102.739 Y102.857 E3.13714
G1 X103.225 Y103.35 E3.16057
G1 X103.429 Y103.657 E3.17305
G1 X103.65 Y104.16 E3.19165
G1 X103.779 Y104.854 E3.21554
G1 X103.77 Y105.264 E3.22942
G1 X103.627 Y105.906 E3.25168
G1 X103.533 Y106.088 E3.25861
G1 X103.349 Y106.443 F7800
G1 E1.25861 F2400
G92 E0
G1 X104.463 Y89.039 F7800
G1 E2 F2400
;TYPE:Perimeter
G1 F3600
G1 X104.463 Y104.056 E2.50831
G1 X104.395 Y103.832 E2.51623
G1 X104.174 Y103.329 E2.53483
G1 X103.805 Y102.779 E2.55725
G1 X103.319 Y102.285 E2.58071
G1 X102.75 Y101.894 E2.60408
G1 X102.142 Y101.637 E2.62642
G1 X101.306 Y101.471 E2.65527
G1 X100.815 Y101.477 E2.67189
G1 X100.131 Y101.592 E2.69537
G1 X99.484 Y101.833 E2.71874
G1 X98.942 Y102.169 E2.74033
G1 X98.366 Y102.713 E2.76715
G1 X97.874 Y103.467 E2.79762
;WIDTH:0.486764
G1 X97.754 Y103.785 E2.81016
;WIDTH:0.523529
G1 X97.633 Y104.104 E2.82379
;WIDTH:0.560294
G1 X97.513 Y104.422 E2.83841
G1 X97.498 Y104.629 E2.84734
;WIDTH:0.554181
G1 X97.505 Y105.514 E2.88496
G1 X97.556 Y105.663 E2.89165
;WIDTH:0.519454
G1 X97.606 Y105.811 E2.89784
;WIDTH:0.484727
G1 X97.656 Y105.959 E2.90358
;WIDTH:0.449999
G1 X97.892 Y106.574 E2.92588
G1 X98.228 Y107.117 E2.94749
G1 X98.749 Y107.676 E2.97336
G1 X99.331 Y108.085 E2.99744
G1 X99.933 Y108.352 E3.01973
G1 X100.554 Y108.499 E3.04133
G1 X101.346 Y108.521 E3.06815
G1 X102.186 Y108.353 E3.09715
G1 X102.672 Y108.143 E3.11507
G1 X103.426 Y107.624 E3.14605
G1 X104.003 Y106.951 E3.17606
G1 X104.328 Y106.339 E3.19952
G1 X104.463 Y105.896 E3.2152
G1 X104.463 Y120.961 E3.72513
G1 X96.946 Y120.961 E3.97957
G1 X96.946 Y106.556 E4.46716
;WIDTH:0.470896
G1 X96.956 Y105.877 E4.49133
;WIDTH:0.507565
G1 X96.975 Y105.598 E4.50213
;WIDTH:0.544233
G1 X96.993 Y105.319 E4.51378
;WIDTH:0.560294
G1 X97.001 Y104.37 E4.55461
G1 X96.983 Y104.194 E4.56222
;WIDTH:0.523529
G1 X96.964 Y104.018 E4.56929
;WIDTH:0.486764
G1 X96.946 Y103.842 E4.57582
;WIDTH:0.449999
G1 X96.946 Y89.039 E5.07688
G1 X104.403 Y89.039 E5.32929
G1 X104.87 Y88.632 F7800
G1 F3600
G1 X104.87 Y104.065 E5.85168
;WIDTH:0.495804
G1 X104.848 Y104.347 E5.86233
;WIDTH:0.541609
G1 X104.825 Y104.629 E5.87406
;WIDTH:0.587414
G1 X104.802 Y104.911 E5.88687
G1 X104.804 Y105.429 E5.91032
;WIDTH:0.582206
G1 X104.826 Y105.648 E5.92019
;WIDTH:0.538137
G1 X104.848 Y105.868 E5.92929
;WIDTH:0.494068
G1 X104.87 Y106.087 E5.93755
;WIDTH:0.449999
G1 X104.87 Y121.368 E6.45479
G1 X96.539 Y121.368 E6.73678
G1 X96.539 Y88.632 E7.84485
G1 X104.81 Y88.632 E8.12481
G1 X105.278 Y88.225 F7800
;TYPE:External perimeter
G1 F1800
G1 X105.278 Y88.9 E8.14766
G1 X105.278 Y121.1 E9.23759
G1 X105.278 Y121.775 E9.26044
G1 X96.132 Y121.775 E9.57002
G1 X96.132 Y88.225 E10.70565
G1 X105.218 Y88.225 E11.0132
G1 X105.277 Y88.621 F7800
G1 E9.0132 F2400
G92 E0
G1 X102.532 Y89.344 F7800
G1 E2 F2400
;TYPE:Internal infill
;WIDTH:0.45
;HEIGHT:0.4
G1 F4800
G1 X104.158 Y89.344 E2.09847
G1 X104.158 Y90.161 E2.14795
G1 X103.035 Y91.055 E2.23488
G1 X102.379 Y91.244 E2.27622
G1 X101.724 Y91.149 E2.3163
G1 X100.414 Y90.118 E2.41726
G1 X99.759 Y89.929 E2.45855
G1 X99.104 Y90.024 E2.49863
G1 X97.793 Y91.055 E2.59963
G1 X97.251 Y91.211 E2.63379
G1 X97.251 Y93.848 E2.79349
G1 X97.793 Y93.769 E2.82666
G1 X99.104 Y92.739 E2.92763
G1 X99.759 Y92.55 E2.96892
G1 X100.414 Y92.645 E3.009
G1 X101.724 Y93.676 E3.10996
G1 X102.379 Y93.864 E3.15123
G1 X103.035 Y93.769 E3.19137
G1 X104.158 Y92.895 E3.27755
G1 X104.158 Y95.403 E3.42943
G1 X103.035 Y96.296 E3.51632
G1 X102.379 Y96.485 E3.55766
G1 X101.724 Y96.39 E3.59774
G1 X100.414 Y95.359 E3.6987
G1 X99.759 Y95.171 E3.73997
G1 X99.104 Y95.266 E3.78005
G1 X97.793 Y96.296 E3.88102
G1 X97.251 Y96.452 E3.91518
G1 X97.251 Y99.089 E4.07488
G1 X97.793 Y99.011 E4.10804
G1 X99.104 Y97.98 E4.20904
G1 X99.759 Y97.791 E4.25033
G1 X100.414 Y97.886 E4.29041
G1 X101.724 Y98.917 E4.39137
G1 X102.379 Y99.106 E4.43266
G1 X103.035 Y99.011 E4.4728
G1 X104.158 Y98.137 E4.55898
G1 X104.158 Y100.644 E4.7108
G1 X103.035 Y101.537 E4.79769
G1 X102.833 Y101.595 E4.81042
G1 X102.212 Y101.34 E4.85107
G1 X101.56 Y101.195 E4.89152
G1 X101.084 Y101.162 E4.92042
G1 X100.414 Y100.601 E4.97334
M73 P45 R12
G1 X99.759 Y100.412 E5.01463
G1 X99.104 Y100.507 E5.05471
G1 X97.793 Y101.537 E5.15568
G1 X97.251 Y101.694 E5.18985
G1 X97.277 Y104.034 E5.33157
G1 X97.337 Y103.976 E5.33662
G1 E3.33662 F2400
G92 E0
G1 X99.114 Y108.309 F7800
G1 E2 F2400
G1 F4800
G1 X98.403 Y107.778 E2.05374
G1 X97.995 Y107.315 E2.09111
G1 X97.677 Y106.812 E2.12715
G1 X97.251 Y106.935 E2.154
G1 X97.251 Y109.572 E2.3137
G1 X97.793 Y109.493 E2.34687
G1 X99.104 Y108.463 E2.44784
G1 X99.291 Y108.408 E2.45964
G1 X100.283 Y108.762 E2.52343
G1 X101.056 Y108.84 E2.57048
G1 X101.724 Y109.399 E2.62323
G1 X102.379 Y109.588 E2.66452
G1 X103.035 Y109.493 E2.70466
G1 X104.158 Y108.619 E2.79084
G1 X104.158 Y111.127 E2.94272
G1 X103.035 Y112.02 E3.02961
G1 X102.379 Y112.209 E3.07095
G1 X101.724 Y112.114 E3.11103
G1 X100.414 Y111.083 E3.21199
G1 X99.759 Y110.894 E3.25328
G1 X99.104 Y110.99 E3.29337
G1 X97.793 Y112.02 E3.39434
G1 X97.251 Y112.176 E3.4285
G1 X97.251 Y114.813 E3.5882
G1 X97.793 Y114.734 E3.62137
G1 X99.104 Y113.704 E3.72234
G1 X99.759 Y113.515 E3.76363
G1 X100.414 Y113.61 E3.80371
G1 X101.724 Y114.641 E3.90467
G1 X102.379 Y114.829 E3.94594
G1 X103.035 Y114.734 E3.98608
G1 X104.158 Y113.861 E4.07222
G1 X104.158 Y116.368 E4.22404
G1 X103.035 Y117.261 E4.31093
G1 X102.379 Y117.45 E4.35227
M73 P45 R11
G1 X101.724 Y117.355 E4.39235
G1 X100.414 Y116.325 E4.49327
G1 X99.759 Y116.136 E4.53456
G1 X99.104 Y116.231 E4.57464
G1 X97.793 Y117.261 E4.67561
G1 X97.251 Y117.417 E4.70977
G1 X97.251 Y120.054 E4.86947
G1 X97.793 Y119.976 E4.90263
G1 X99.104 Y118.945 E5.00363
G1 X99.759 Y118.756 E5.04492
G1 X100.414 Y118.851 E5.085
G1 X101.724 Y119.882 E5.18596
G1 X102.379 Y120.071 E5.22725
G1 X103.035 Y119.976 E5.26739
G1 X104.158 Y119.102 E5.35357
G1 X104.158 Y120.656 E5.44768
G1 X103.269 Y120.656 E5.50152
M106 S226.95
;LAYER_CHANGE
;Z:4.35
;HEIGHT:0.2
G1 E3.50152 F2400
G92 E0
G1 Z4.35 F7800
G1 X112.458 Y120.898
G1 E2 F2400
;TYPE:Perimeter
;WIDTH:0.576178
G1 F3600
G1 X112.458 Y89.102 E3.40985
G1 X112.991 Y89.102 E3.43348
M73 Q45 S12
G1 X112.991 Y120.898 E4.84333
G1 X112.518 Y120.898 E4.8643
G1 X111.988 Y121.368 F7800
;WIDTH:0.449999
G1 F3600
G1 X111.988 Y88.632 E5.97237
G1 X113.461 Y88.632 E6.02223
G1 X113.461 Y121.368 E7.1303
G1 X112.048 Y121.368 E7.17813
G1 X111.58 Y121.775 F7800
;TYPE:External perimeter
G1 F1800
G1 X111.58 Y121.1 E7.20098
G1 X111.58 Y88.9 E8.29091
G1 X111.58 Y88.225 E8.31376
G1 X113.868 Y88.225 E8.39121
G1 X113.868 Y121.775 E9.52684
G1 X111.64 Y121.775 E9.60226
G1 X111.581 Y121.379 F7800
G1 E7.60226 F2400
G92 E0
G1 X103.882 Y106.316 F7800
G1 E2 F2400
;TYPE:Perimeter
G1 F900
G1 X103.778 Y106.549 E2.00864
G1 X103.409 Y107.067 E2.03017
G1 X102.908 Y107.525 E2.05315
G1 X102.43 Y107.814 E2.07206
G1 X101.924 Y108.006 E2.09038
G1 X101.275 Y108.12 E2.11268
G1 X100.707 Y108.108 E2.13191
G1 X100.065 Y107.966 E2.15417
G1 X99.545 Y107.737 E2.1734
G1 X99.005 Y107.359 E2.19571
G1 X98.587 Y106.92 E2.21623
G1 X98.31 Y106.491 E2.23352
G1 X98.05 Y105.853 E2.25684
G1 X97.96 Y105.446 E2.27095
G1 X97.953 Y104.637 E2.29833
G1 X98.054 Y104.126 E2.31596
G1 X98.253 Y103.615 E2.33452
G1 X98.7 Y102.946 E2.36175
G1 X99.11 Y102.554 E2.38095
G1 X99.665 Y102.2 E2.40323
G1 X100.317 Y101.96 E2.42675
G1 X100.904 Y101.874 E2.44683
G1 X101.411 Y101.892 E2.464
G1 X102.054 Y102.034 E2.48629
G1 X102.578 Y102.263 E2.50565
G1 X103.026 Y102.568 E2.52399
G1 X103.491 Y103.033 E2.54625
G1 X103.808 Y103.509 E2.56561
G1 X104.068 Y104.147 E2.58893
;WIDTH:0.494467
G1 X104.12 Y104.279 E2.59426
;WIDTH:0.538935
G1 X104.172 Y104.41 E2.60007
;WIDTH:0.583403
G1 X104.224 Y104.542 E2.60645
G1 X104.241 Y105.205 E2.63626
;WIDTH:0.568812
G1 X104.222 Y105.364 E2.64326
;WIDTH:0.562557
G1 X104.156 Y105.574 E2.65277
;WIDTH:0.525038
G1 X104.09 Y105.784 E2.66159
;WIDTH:0.487519
G1 X104.025 Y105.995 E2.66975
;WIDTH:0.449999
G1 X103.906 Y106.261 E2.67961
G1 X103.516 Y106.146 F7800
;TYPE:External perimeter
G1 F900
G1 X103.411 Y106.374 E2.68811
G1 X103.082 Y106.825 E2.70701
G1 X102.639 Y107.219 E2.72708
G1 X102.199 Y107.475 E2.74431
G1 X101.853 Y107.605 E2.75682
G1 X101.205 Y107.72 E2.7791
G1 X100.796 Y107.711 E2.79295
G1 X100.153 Y107.568 E2.81525
G1 X99.778 Y107.403 E2.82912
G1 X99.239 Y107.026 E2.85138
G1 X98.889 Y106.647 E2.86884
G1 X98.687 Y106.338 E2.88134
G1 X98.428 Y105.7 E2.90465
G1 X98.359 Y105.368 E2.91613
G1 X98.36 Y104.639 E2.94081
G1 X98.434 Y104.274 E2.95342
G1 X98.633 Y103.762 E2.97201
G1 X99.033 Y103.18 E2.99591
G1 X99.329 Y102.897 E3.00977
G1 X99.884 Y102.543 E3.03205
G1 X100.448 Y102.345 E3.05228
G1 X100.955 Y102.278 E3.06959
G1 X101.323 Y102.289 E3.08205
G1 X101.966 Y102.432 E3.10435
G1 X102.433 Y102.647 E3.12175
G1 X102.738 Y102.855 E3.13425
G1 X103.203 Y103.321 E3.15653
G1 X103.431 Y103.662 E3.17041
G1 X103.691 Y104.3 E3.19373
G1 X103.762 Y104.666 E3.20635
G1 X103.774 Y105.215 E3.22494
G1 X103.627 Y105.907 E3.24889
G1 X103.542 Y106.091 E3.25575
G1 X103.351 Y106.443 F7800
G1 E1.25575 F2400
G92 E0
G1 X104.419 Y89.039 F7800
G1 E2 F2400
;TYPE:Perimeter
G1 F3600
G1 X104.419 Y103.931 E2.50408
G1 X104.089 Y103.174 E2.53203
G1 X103.779 Y102.745 E2.54995
G1 X103.313 Y102.28 E2.57223
G1 X102.75 Y101.894 E2.59534
G1 X102.142 Y101.637 E2.61768
G1 X101.499 Y101.494 E2.63998
G1 X100.854 Y101.47 E2.66183
G1 X100.186 Y101.575 E2.68472
G1 X99.446 Y101.857 E2.71153
G1 X98.734 Y102.333 E2.74052
G1 X98.366 Y102.713 E2.75843
G1 X97.874 Y103.467 E2.7889
;WIDTH:0.486633
G1 X97.753 Y103.787 E2.80152
;WIDTH:0.523267
G1 X97.633 Y104.107 E2.81517
;WIDTH:0.559901
G1 X97.513 Y104.427 E2.82986
G1 X97.498 Y104.633 E2.83874
;WIDTH:0.54788
G1 X97.512 Y105.533 E2.87653
G1 X97.593 Y105.769 E2.88701
;WIDTH:0.49894
G1 X97.673 Y106.006 E2.89649
;WIDTH:0.449999
G1 X97.933 Y106.644 E2.91981
G1 X98.285 Y107.192 E2.94186
G1 X98.772 Y107.693 E2.96551
G1 X99.485 Y108.168 E2.99451
G1 X99.977 Y108.363 E3.01242
G1 X100.817 Y108.529 E3.0414
G1 X101.346 Y108.521 E3.05931
G1 X101.994 Y108.407 E3.08158
G1 X102.634 Y108.167 E3.10472
G1 X103.176 Y107.831 E3.12631
G1 X103.736 Y107.31 E3.1522
G1 X104.146 Y106.724 E3.17641
G1 X104.419 Y106.092 E3.19971
G1 X104.419 Y120.961 E3.70301
G1 X96.946 Y120.961 E3.95596
G1 X96.946 Y106.837 E4.43404
;WIDTH:0.46963
G1 X96.956 Y105.881 E4.46796
;WIDTH:0.50693
G1 X96.974 Y105.601 E4.47879
;WIDTH:0.54423
G1 X96.993 Y105.321 E4.49049
;WIDTH:0.559901
G1 X97.001 Y104.375 E4.53116
G1 X96.983 Y104.197 E4.53885
;WIDTH:0.523267
G1 X96.964 Y104.02 E4.54596
;WIDTH:0.486633
G1 X96.946 Y103.842 E4.55256
;WIDTH:0.449999
G1 X96.946 Y89.039 E5.05362
G1 X104.359 Y89.039 E5.30454
G1 X104.826 Y88.632 F7800
G1 F3600
G1 X104.826 Y103.999 E5.82469
;WIDTH:0.491608
G1 X104.805 Y104.216 E5.83282
;WIDTH:0.533217
G1 X104.784 Y104.433 E5.84171
;WIDTH:0.574826
G1 X104.764 Y104.65 E5.85135
G1 X104.77 Y105.424 E5.88558
;WIDTH:0.562557
G1 X104.789 Y105.643 E5.89508
;WIDTH:0.525038
G1 X104.807 Y105.863 E5.90393
;WIDTH:0.487519
G1 X104.826 Y106.082 E5.91206
;WIDTH:0.449999
G1 X104.826 Y121.368 E6.42947
G1 X96.539 Y121.368 E6.70997
G1 X96.539 Y88.632 E7.81804
M73 P46 R11
G1 X104.766 Y88.632 E8.09651
G1 X105.233 Y88.225 F7800
;TYPE:External perimeter
G1 F1800
G1 X105.233 Y88.9 E8.11936
G1 X105.233 Y121.1 E9.20929
G1 X105.233 Y121.775 E9.23214
G1 X96.132 Y121.775 E9.5402
G1 X96.132 Y88.225 E10.67583
G1 X105.173 Y88.225 E10.98186
M73 Q46 S12
G1 X105.232 Y88.621 F7800
M106 S221.85
;LAYER_CHANGE
;Z:4.55
;HEIGHT:0.2
G1 E8.98186 F2400
G92 E0
G1 Z4.55 F7800
G1 X112.48 Y120.905
G1 E2 F2400
;TYPE:Perimeter
;WIDTH:0.561056
G1 F3600
G1 X112.48 Y89.095 E3.37048
G1 X112.999 Y89.095 E3.39284
G1 X112.999 Y120.905 E4.76332
G1 X112.54 Y120.905 E4.7831
G1 X112.018 Y121.368 F7800
;WIDTH:0.449999
G1 F3600
G1 X112.018 Y88.632 E5.89117
G1 X113.461 Y88.632 E5.94001
G1 X113.461 Y121.368 E7.04808
G1 X112.078 Y121.368 E7.09489
G1 X111.611 Y121.775 F7800
;TYPE:External perimeter
G1 F1800
G1 X111.611 Y121.1 E7.11774
G1 X111.611 Y88.9 E8.20767
G1 X111.611 Y88.225 E8.23052
G1 X113.868 Y88.225 E8.30692
G1 X113.868 Y121.775 E9.44255
G1 X111.671 Y121.775 E9.51692
M73 Q46 S11
G1 X111.611 Y121.379 F7800
G1 E7.51692 F2400
G92 E0
G1 X103.884 Y106.317 F7800
G1 E2 F2400
;TYPE:Perimeter
G1 F900
G1 X103.796 Y106.519 E2.00746
G1 X103.491 Y106.967 E2.0258
G1 X103.026 Y107.432 E2.04806
G1 X102.566 Y107.742 E2.06684
G1 X102.063 Y107.964 E2.08545
G1 X101.275 Y108.12 E2.11264
G1 X100.707 Y108.108 E2.13187
G1 X100.065 Y107.966 E2.15413
G1 X99.545 Y107.737 E2.17336
G1 X99.006 Y107.36 E2.19562
G1 X98.534 Y106.849 E2.21917
G1 X98.245 Y106.371 E2.23808
G1 X98.042 Y105.832 E2.25758
G1 X97.96 Y105.446 E2.27094
G1 X97.953 Y104.641 E2.29819
G1 X98.054 Y104.126 E2.31595
G1 X98.253 Y103.615 E2.33451
G1 X98.7 Y102.947 E2.36172
G1 X99.21 Y102.475 E2.38524
G1 X99.688 Y102.186 E2.40415
G1 X100.198 Y101.993 E2.42261
G1 X100.873 Y101.878 E2.44579
G1 X101.411 Y101.892 E2.46401
G1 X102.054 Y102.034 E2.4863
G1 X102.577 Y102.263 E2.50563
G1 X103.124 Y102.649 E2.52829
G1 X103.528 Y103.077 E2.54821
G1 X103.802 Y103.493 E2.56507
G1 X104.023 Y103.996 E2.58367
;WIDTH:0.485663
G1 X104.093 Y104.255 E2.59355
;WIDTH:0.521326
G1 X104.162 Y104.515 E2.60425
;WIDTH:0.556989
G1 X104.232 Y104.774 E2.61572
;WIDTH:0.560531
G1 X104.227 Y105.335 E2.63987
G1 X104.159 Y105.555 E2.64978
;WIDTH:0.523687
G1 X104.092 Y105.775 E2.65897
;WIDTH:0.486843
G1 X104.025 Y105.994 E2.66742
;WIDTH:0.449999
G1 X103.908 Y106.262 E2.67732
G1 X103.517 Y106.146 F7800
;TYPE:External perimeter
G1 F900
G1 X103.412 Y106.374 E2.68582
G1 X103.204 Y106.679 E2.69832
G1 X102.738 Y107.144 E2.7206
G1 X102.402 Y107.37 E2.73431
G1 X101.9 Y107.591 E2.75288
G1 X101.205 Y107.72 E2.77681
G1 X100.796 Y107.711 E2.79066
G1 X100.153 Y107.568 E2.81296
G1 X99.778 Y107.403 E2.82683
G1 X99.239 Y107.026 E2.84909
G1 X98.84 Y106.58 E2.86935
G1 X98.582 Y106.134 E2.88679
G1 X98.417 Y105.666 E2.90359
G1 X98.359 Y105.368 E2.91387
G1 X98.36 Y104.643 E2.93841
G1 X98.434 Y104.274 E2.95115
G1 X98.633 Y103.762 E2.96974
G1 X99.033 Y103.18 E2.99364
G1 X99.479 Y102.781 E3.0139
G1 X99.919 Y102.525 E3.03113
G1 X100.266 Y102.395 E3.04367
G1 X100.942 Y102.28 E3.06688
G1 X101.323 Y102.289 E3.07978
G1 X101.965 Y102.432 E3.10204
G1 X102.44 Y102.652 E3.11976
G1 X102.883 Y102.977 E3.13836
G1 X103.226 Y103.35 E3.15551
G1 X103.429 Y103.657 E3.16797
G1 X103.65 Y104.16 E3.18657
G1 X103.779 Y104.854 E3.21046
G1 X103.77 Y105.264 E3.22434
G1 X103.627 Y105.906 E3.2466
G1 X103.542 Y106.092 E3.25352
G1 X103.355 Y106.445 F7800
G1 E1.25352 F2400
G92 E0
G1 X104.389 Y89.039 F7800
G1 E2 F2400
;TYPE:Perimeter
G1 F3600
G1 X104.389 Y103.817 E2.50022
G1 X104.174 Y103.329 E2.51827
G1 X103.83 Y102.804 E2.53952
G1 X103.365 Y102.32 E2.56224
G1 X102.749 Y101.894 E2.58759
G1 X102.142 Y101.637 E2.6099
G1 X101.305 Y101.471 E2.63878
G1 X100.805 Y101.477 E2.65571
G1 X100.13 Y101.592 E2.67889
G1 X99.484 Y101.833 E2.70223
G1 X98.942 Y102.169 E2.72382
G1 X98.366 Y102.713 E2.75064
G1 X97.874 Y103.467 E2.78111
;WIDTH:0.486503
G1 X97.753 Y103.789 E2.7938
;WIDTH:0.523006
G1 X97.633 Y104.11 E2.80748
;WIDTH:0.559509
G1 X97.512 Y104.431 E2.82222
G1 X97.497 Y104.638 E2.83113
;WIDTH:0.554183
G1 X97.505 Y105.514 E2.86837
G1 X97.557 Y105.666 E2.8752
;WIDTH:0.519455
G1 X97.608 Y105.817 E2.88152
;WIDTH:0.484727
G1 X97.659 Y105.969 E2.88741
;WIDTH:0.449999
G1 X97.892 Y106.574 E2.90935
G1 X98.228 Y107.117 E2.93096
G1 X98.772 Y107.693 E2.95778
G1 X99.485 Y108.168 E2.98678
G1 X99.977 Y108.363 E3.00469
G1 X100.817 Y108.529 E3.03367
G1 X101.346 Y108.521 E3.05158
G1 X102.227 Y108.336 E3.08205
G1 X102.885 Y108.03 E3.10661
G1 X103.314 Y107.72 E3.12453
G1 X103.779 Y107.254 E3.14681
G1 X104.165 Y106.691 E3.16992
G1 X104.389 Y106.181 E3.18877
M73 P47 R11
G1 X104.389 Y120.961 E3.68905
G1 X96.946 Y120.961 E3.94099
G1 X96.946 Y106.558 E4.42851
;WIDTH:0.468371
G1 X96.955 Y105.886 E4.45229
;WIDTH:0.506299
G1 X96.974 Y105.604 E4.46318
;WIDTH:0.544226
G1 X96.993 Y105.322 E4.47496
;WIDTH:0.559509
G1 X97.001 Y104.38 E4.51542
G1 X96.982 Y104.201 E4.52315
;WIDTH:0.523006
G1 X96.964 Y104.021 E4.53037
;WIDTH:0.486503
G1 X96.946 Y103.842 E4.53701
;WIDTH:0.449999
G1 X96.946 Y89.039 E5.03807
G1 X104.329 Y89.039 E5.28798
G1 X104.796 Y88.632 F7800
G1 F3600
G1 X104.796 Y104.071 E5.81057
;WIDTH:0.483363
G1 X104.779 Y104.351 E5.82084
;WIDTH:0.516727
G1 X104.762 Y104.63 E5.83185
;WIDTH:0.55009
G1 X104.746 Y104.91 E5.84368
G1 X104.746 Y105.42 E5.86519
;WIDTH:0.549111
G1 X104.771 Y105.75 E5.87912
;WIDTH:0.499555
G1 X104.796 Y106.079 E5.89165
;WIDTH:0.449999
G1 X104.796 Y121.368 E6.40916
G1 X96.539 Y121.368 E6.68865
G1 X96.539 Y88.632 E7.79672
G1 X104.736 Y88.632 E8.07418
G1 X105.203 Y88.225 F7800
;TYPE:External perimeter
G1 F1800
G1 X105.203 Y88.9 E8.09703
G1 X105.203 Y121.1 E9.18696
G1 X105.203 Y121.775 E9.20981
M73 Q47 S11
G1 X96.132 Y121.775 E9.51685
G1 X96.132 Y88.225 E10.65248
G1 X105.143 Y88.225 E10.95749
G1 X105.202 Y88.621 F7800
G1 E8.95749 F2400
G92 E0
G1 X97.757 Y89.344 F7800
G1 E2 F2400
;TYPE:Internal infill
;WIDTH:0.45
;HEIGHT:0.4
G1 F4800
G1 X97.251 Y89.344 E2.03064
G1 X97.251 Y91.281 E2.14794
G1 X97.793 Y91.32 E2.18085
G1 X98.121 Y91.205 E2.2019
G1 X99.104 Y90.234 E2.28558
G1 X99.759 Y89.9 E2.33011
G1 X100.414 Y89.853 E2.36988
G1 X100.741 Y89.968 E2.39087
G1 X101.724 Y90.939 E2.47455
G1 X102.379 Y91.273 E2.51908
G1 X103.035 Y91.32 E2.55891
G1 X103.362 Y91.205 E2.5799
G1 X104.083 Y90.512 E2.64046
G1 X104.083 Y92.565 E2.76479
G1 X103.69 Y92.862 E2.79462
G1 X103.035 Y93.56 E2.85259
G1 X102.379 Y93.893 E2.89714
G1 X101.724 Y93.941 E2.93691
G1 X101.397 Y93.826 E2.9579
G1 X100.414 Y92.854 E3.04162
G1 X99.759 Y92.521 E3.08612
G1 X99.104 Y92.473 E3.12589
G1 X98.776 Y92.588 E3.14694
G1 X97.793 Y93.56 E3.23066
G1 X97.251 Y93.836 E3.26749
G1 X97.251 Y96.522 E3.43015
G1 X97.793 Y96.561 E3.46306
G1 X98.121 Y96.447 E3.48409
G1 X99.104 Y95.475 E3.56781
G1 X99.759 Y95.141 E3.61234
G1 X100.414 Y95.094 E3.65211
G1 X100.741 Y95.209 E3.6731
G1 X101.724 Y96.181 E3.75682
G1 X102.379 Y96.514 E3.80132
G1 X103.035 Y96.561 E3.84115
G1 X103.362 Y96.447 E3.86212
G1 X104.083 Y95.753 E3.92272
G1 X104.083 Y97.806 E4.04705
G1 X103.69 Y98.103 E4.07688
G1 X103.035 Y98.801 E4.13485
G1 X102.379 Y99.135 E4.17943
G1 X101.724 Y99.182 E4.2192
G1 X101.397 Y99.067 E4.24019
G1 X100.414 Y98.095 E4.32391
G1 X99.759 Y97.762 E4.36841
G1 X99.104 Y97.715 E4.40818
G1 X98.776 Y97.829 E4.42921
G1 X97.793 Y98.801 E4.51293
G1 X97.251 Y99.077 E4.54976
G1 X97.251 Y101.764 E4.71248
G1 X97.793 Y101.803 E4.74539
G1 X98.121 Y101.688 E4.76644
G1 X99.104 Y100.716 E4.85016
G1 X99.759 Y100.383 E4.89466
G1 X100.414 Y100.335 E4.93443
G1 X100.741 Y100.45 E4.95542
G1 X101.505 Y101.189 E5.01979
G1 X102.476 Y101.429 E5.08036
G1 X103.133 Y101.768 E5.12513
G1 X103.362 Y101.688 E5.13982
G1 X104.083 Y100.995 E5.20038
G1 X104.083 Y98.552 E5.34833
G1 E3.34833 F2400
G92 E0
G1 X102.899 Y108.367 F7800
G1 E2 F2400
G1 F4800
G1 X102.052 Y108.707 E2.05527
G1 X101.145 Y108.842 E2.1108
G1 X100.636 Y108.815 E2.14167
G1 X101.397 Y109.55 E2.20574
G1 X101.724 Y109.665 E2.22673
G1 X102.379 Y109.617 E2.2665
G1 X103.035 Y109.284 E2.31105
G1 X103.69 Y108.586 E2.36902
G1 X104.083 Y108.289 E2.39885
G1 X104.083 Y107.401 E2.45263
G1 X103.332 Y108.099 E2.51472
G1 X102.899 Y108.367 E2.54556
G1 E.54556 F2400
G92 E0
G1 X97.251 Y109.356 F7800
G1 E2 F2400
G1 F4800
G1 X97.251 Y107.005 E2.14238
G1 X97.806 Y107.039 E2.17605
G1 X98.378 Y107.75 E2.23131
G1 X99.008 Y108.231 E2.27931
G1 X98.776 Y108.312 E2.29419
G1 X98.448 Y108.586 E2.32007
G1 X97.793 Y109.284 E2.37804
G1 X97.251 Y109.56 E2.41487
G1 X97.251 Y112.246 E2.57753
G1 X97.793 Y112.285 E2.61044
G1 X98.121 Y112.171 E2.63147
G1 X99.104 Y111.199 E2.71519
G1 X99.759 Y110.865 E2.75972
G1 X100.414 Y110.818 E2.79949
G1 X100.741 Y110.933 E2.82048
G1 X101.724 Y111.905 E2.9042
G1 X102.379 Y112.238 E2.9487
G1 X103.035 Y112.285 E2.98853
G1 X103.362 Y112.171 E3.0095
G1 X104.083 Y111.477 E3.0701
G1 X104.083 Y113.53 E3.19443
G1 X103.69 Y113.827 E3.22426
G1 X103.035 Y114.525 E3.28223
G1 X102.379 Y114.859 E3.32681
G1 X101.724 Y114.906 E3.36658
G1 X101.397 Y114.791 E3.38757
G1 X100.414 Y113.819 E3.47129
G1 X99.759 Y113.486 E3.51579
G1 X99.104 Y113.439 E3.55556
G1 X98.776 Y113.553 E3.57659
G1 X97.793 Y114.525 E3.66031
G1 X97.251 Y114.801 E3.69714
G1 X97.251 Y117.487 E3.8598
G1 X97.793 Y117.527 E3.89271
G1 X98.121 Y117.412 E3.91376
G1 X99.104 Y116.44 E3.99748
G1 X99.759 Y116.107 E4.04198
G1 X100.414 Y116.059 E4.08175
G1 X100.741 Y116.174 E4.10274
G1 X101.724 Y117.146 E4.18646
G1 X102.379 Y117.479 E4.23096
G1 X103.035 Y117.527 E4.27079
G1 X103.362 Y117.412 E4.29178
G1 X104.083 Y116.719 E4.35234
G1 X104.083 Y118.772 E4.47667
G1 X103.69 Y119.068 E4.50647
G1 X103.035 Y119.766 E4.56444
G1 X102.379 Y120.1 E4.60902
G1 X101.724 Y120.147 E4.64879
G1 X101.397 Y120.032 E4.66978
G1 X100.414 Y119.061 E4.75346
G1 X99.759 Y118.727 E4.79799
G1 X99.104 Y118.68 E4.83776
G1 X98.776 Y118.795 E4.85881
G1 X97.793 Y119.766 E4.94249
G1 X97.251 Y120.042 E4.97932
G1 X97.251 Y120.656 E5.0165
G1 X99.081 Y120.656 E5.12732
M106 S226.95
;LAYER_CHANGE
;Z:4.75
;HEIGHT:0.2
G1 E3.12732 F2400
G92 E0
G1 Z4.75 F7800
G1 X112.493 Y120.91
G1 E2 F2400
;TYPE:Perimeter
;WIDTH:0.552555
G1 F3600
G1 X112.493 Y89.09 E3.34841
G1 X113.003 Y89.09 E3.37002
G1 X113.003 Y120.91 E4.71843
G1 X112.553 Y120.91 E4.7375
G1 X112.035 Y121.368 F7800
;WIDTH:0.449999
G1 F3600
G1 X112.035 Y88.632 E5.84557
G1 X113.461 Y88.632 E5.89384
G1 X113.461 Y121.368 E7.00191
G1 X112.095 Y121.368 E7.04815
G1 X111.628 Y121.775 F7800
;TYPE:External perimeter
G1 F1800
G1 X111.628 Y121.1 E7.071
G1 X111.628 Y88.9 E8.16093
G1 X111.628 Y88.225 E8.18378
M73 P48 R11
G1 X113.868 Y88.225 E8.2596
G1 X113.868 Y121.775 E9.39523
G1 X111.688 Y121.775 E9.46902
G1 X111.628 Y121.379 F7800
G1 E7.46902 F2400
G92 E0
G1 X103.883 Y106.317 F7800
G1 E2 F2400
;TYPE:Perimeter
G1 F900
G1 X103.796 Y106.514 E2.00729
G1 X103.419 Y107.053 E2.02955
G1 X102.908 Y107.525 E2.0531
G1 X102.43 Y107.814 E2.07201
G1 X101.924 Y108.006 E2.09033
G1 X101.275 Y108.12 E2.11263
M73 Q48 S11
G1 X100.707 Y108.108 E2.13186
G1 X100.064 Y107.966 E2.15415
G1 X99.518 Y107.724 E2.17437
G1 X98.993 Y107.35 E2.19619
G1 X98.534 Y106.849 E2.21919
G1 X98.245 Y106.371 E2.2381
G1 X98.053 Y105.865 E2.25642
G1 X97.939 Y105.216 E2.27872
G1 X97.953 Y104.619 E2.29893
G1 X98.054 Y104.126 E2.31596
G1 X98.253 Y103.615 E2.33452
G1 X98.7 Y102.946 E2.36175
G1 X99.11 Y102.554 E2.38095
G1 X99.665 Y102.2 E2.40323
G1 X100.198 Y101.993 E2.42258
G1 X100.869 Y101.879 E2.44562
G1 X101.411 Y101.892 E2.46397
G1 X102.054 Y102.034 E2.48626
G1 X102.6 Y102.276 E2.50648
G1 X103.026 Y102.568 E2.52396
G1 X103.491 Y103.033 E2.54622
G1 X103.867 Y103.618 E2.56976
;WIDTH:0.49292
G1 X103.975 Y103.874 E2.58016
;WIDTH:0.535841
G1 X104.083 Y104.13 E2.59155
;WIDTH:0.578761
G1 X104.191 Y104.385 E2.60389
G1 X104.229 Y105.193 E2.63993
;WIDTH:0.545436
G1 X104.212 Y105.361 E2.64699
;WIDTH:0.541532
G1 X104.118 Y105.678 E2.6607
;WIDTH:0.495766
G1 X104.025 Y105.994 E2.6731
;WIDTH:0.449999
G1 X103.907 Y106.262 E2.68301
G1 X103.521 Y106.148 F7800
;TYPE:External perimeter
G1 F900
G1 X103.463 Y106.281 E2.68792
G1 X103.085 Y106.82 E2.7102
G1 X102.639 Y107.219 E2.73046
G1 X102.199 Y107.475 E2.74769
G1 X101.853 Y107.605 E2.7602
G1 X101.205 Y107.72 E2.78248
G1 X100.796 Y107.711 E2.79633
G1 X100.153 Y107.568 E2.81863
G1 X99.692 Y107.356 E2.83581
G1 X99.235 Y107.023 E2.85495
G1 X98.84 Y106.58 E2.87504
G1 X98.584 Y106.14 E2.89227
G1 X98.454 Y105.794 E2.90478
G1 X98.339 Y105.145 E2.92709
G1 X98.359 Y104.638 E2.94426
G1 X98.434 Y104.274 E2.95684
G1 X98.633 Y103.762 E2.97543
G1 X99.033 Y103.18 E2.99933
G1 X99.329 Y102.897 E3.01319
G1 X99.884 Y102.543 E3.03547
G1 X100.266 Y102.395 E3.04934
G1 X100.937 Y102.28 E3.07238
G1 X101.323 Y102.289 E3.08545
G1 X101.966 Y102.432 E3.10775
G1 X102.426 Y102.644 E3.12489
G1 X102.738 Y102.856 E3.13766
G1 X103.203 Y103.321 E3.15992
G1 X103.519 Y103.829 E3.18017
G1 X103.74 Y104.525 E3.20489
G1 X103.774 Y105.211 E3.22814
G1 X103.627 Y105.906 E3.25219
G1 X103.545 Y106.093 E3.2591
G1 X103.345 Y106.44 F7800
G1 E1.2591 F2400
G92 E0
G1 X104.372 Y89.039 F7800
G1 E2 F2400
;TYPE:Perimeter
G1 F3600
G1 X104.372 Y103.812 E2.50005
G1 X104.215 Y103.407 E2.51475
G1 X103.779 Y102.745 E2.54158
G1 X103.313 Y102.28 E2.56386
G1 X102.774 Y101.908 E2.58603
G1 X102.142 Y101.637 E2.60931
G1 X101.304 Y101.471 E2.63823
G1 X100.8 Y101.477 E2.65529
G1 X99.932 Y101.647 E2.68523
G1 X99.446 Y101.857 E2.70315
G1 X98.734 Y102.333 E2.73214
G1 X98.366 Y102.713 E2.75005
G1 X97.874 Y103.467 E2.78052
;WIDTH:0.486373
G1 X97.753 Y103.79 E2.79324
;WIDTH:0.522747
G1 X97.632 Y104.113 E2.807
;WIDTH:0.559121
G1 X97.512 Y104.436 E2.82179
G1 X97.498 Y104.596 E2.82868
;WIDTH:0.546703
G1 X97.491 Y105.295 E2.85796
;WIDTH:0.544169
G1 X97.572 Y105.615 E2.87172
;WIDTH:0.497084
G1 X97.652 Y105.935 E2.88418
;WIDTH:0.449999
G1 X97.893 Y106.575 E2.90733
G1 X98.228 Y107.117 E2.9289
G1 X98.751 Y107.677 E2.95484
G1 X99.344 Y108.092 E2.97934
G1 X99.976 Y108.363 E3.00262
G1 X100.817 Y108.529 E3.03164
G1 X101.346 Y108.521 E3.04955
G1 X101.994 Y108.407 E3.07182
G1 X102.634 Y108.167 E3.09496
G1 X103.176 Y107.831 E3.11655
G1 X103.752 Y107.287 E3.14337
G1 X104.129 Y106.748 E3.16563
G1 X104.372 Y106.236 E3.18481
G1 X104.372 Y120.961 E3.68323
G1 X96.946 Y120.961 E3.93459
G1 X96.946 Y105.997 E4.4411
;WIDTH:0.492686
G1 X96.967 Y105.521 E4.45892
;WIDTH:0.535372
G1 X96.989 Y105.046 E4.47839
;WIDTH:0.559121
G1 X97.001 Y104.385 E4.50677
G1 X96.982 Y104.204 E4.51458
;WIDTH:0.522747
G1 X96.964 Y104.023 E4.52184
;WIDTH:0.486373
G1 X96.946 Y103.842 E4.52855
;WIDTH:0.449999
G1 X96.946 Y89.039 E5.02961
G1 X104.312 Y89.039 E5.27894
G1 X104.779 Y88.632 F7800
G1 F3600
G1 X104.779 Y103.626 E5.78647
;WIDTH:0.486015
G1 X104.761 Y103.933 E5.7978
;WIDTH:0.52203
G1 X104.743 Y104.241 E5.81009
;WIDTH:0.558045
G1 X104.725 Y104.548 E5.82326
G1 X104.733 Y105.419 E5.86057
;WIDTH:0.541532
G1 X104.756 Y105.748 E5.87424
;WIDTH:0.495766
G1 X104.779 Y106.077 E5.88666
;WIDTH:0.449999
G1 X104.779 Y121.368 E6.40424
G1 X96.539 Y121.368 E6.68315
G1 X96.539 Y88.632 E7.79122
G1 X104.719 Y88.632 E8.0681
G1 X105.186 Y88.225 F7800
;TYPE:External perimeter
G1 F1800
G1 X105.186 Y88.9 E8.09095
G1 X105.186 Y121.1 E9.18088
G1 X105.186 Y121.775 E9.20373
G1 X96.132 Y121.775 E9.5102
G1 X96.132 Y88.225 E10.64583
G1 X105.126 Y88.225 E10.95027
G1 X105.185 Y88.621 F7800
M106 S221.85
;LAYER_CHANGE
;Z:4.95
;HEIGHT:0.2
G1 E8.95027 F2400
G92 E0
G1 Z4.95 F7800
G1 X112.495 Y120.91
G1 E2 F2400
;TYPE:Perimeter
;WIDTH:0.551045
G1 F3600
G1 X112.495 Y89.09 E3.34442
G1 X113.004 Y89.09 E3.36593
G1 X113.004 Y120.91 E4.71035
G1 X112.555 Y120.91 E4.72932
M73 P49 R11
G1 X112.038 Y121.368 F7800
;WIDTH:0.449999
G1 F3600
G1 X112.038 Y88.632 E5.83739
G1 X113.461 Y88.632 E5.88556
G1 X113.461 Y121.368 E6.99363
G1 X112.098 Y121.368 E7.03977
G1 X111.631 Y121.775 F7800
;TYPE:External perimeter
G1 F1800
G1 X111.631 Y121.1 E7.06262
G1 X111.631 Y88.9 E8.15255
G1 X111.631 Y88.225 E8.1754
G1 X113.868 Y88.225 E8.25112
G1 X113.868 Y121.775 E9.38675
M73 Q49 S11
G1 X111.691 Y121.775 E9.46044
G1 X111.631 Y121.379 F7800
G1 E7.46044 F2400
G92 E0
G1 X103.884 Y106.317 F7800
G1 E2 F2400
;TYPE:Perimeter
G1 F900
G1 X103.796 Y106.519 E2.00746
G1 X103.501 Y106.957 E2.02533
G1 X103.121 Y107.354 E2.04393
G1 X102.453 Y107.8 E2.07112
G1 X101.924 Y108.006 E2.09034
G1 X101.275 Y108.12 E2.11264
G1 X100.682 Y108.107 E2.13272
G1 X100.185 Y108.005 E2.14989
G1 X99.674 Y107.806 E2.16845
G1 X99.006 Y107.36 E2.19564
G1 X98.534 Y106.849 E2.21919
G1 X98.245 Y106.371 E2.2381
G1 X98.053 Y105.865 E2.25642
G1 X97.939 Y105.216 E2.27872
G1 X97.952 Y104.623 E2.2988
G1 X98.097 Y103.991 E2.32075
G1 X98.385 Y103.375 E2.34377
G1 X98.715 Y102.925 E2.36266
G1 X99.21 Y102.475 E2.3853
G1 X99.688 Y102.186 E2.40421
G1 X100.197 Y101.994 E2.42262
G1 X100.864 Y101.879 E2.44553
G1 X101.411 Y101.892 E2.46405
G1 X102.054 Y102.034 E2.48634
G1 X102.596 Y102.274 E2.5064
G1 X103.125 Y102.65 E2.52837
G1 X103.584 Y103.151 E2.55137
G1 X103.873 Y103.629 E2.57028
G1 X104.065 Y104.135 E2.5886
;WIDTH:0.498451
G1 X104.146 Y104.455 E2.6011
;WIDTH:0.546902
G1 X104.227 Y104.775 E2.61493
;WIDTH:0.550445
G1 X104.222 Y105.334 E2.63852
G1 X104.156 Y105.554 E2.64821
;WIDTH:0.516963
G1 X104.09 Y105.774 E2.65726
;WIDTH:0.483481
G1 X104.025 Y105.994 E2.66566
;WIDTH:0.449999
G1 X103.908 Y106.262 E2.67556
G1 X103.517 Y106.146 F7800
;TYPE:External perimeter
G1 F900
G1 X103.412 Y106.374 E2.68406
G1 X103.207 Y106.676 E2.69641
G1 X102.827 Y107.072 E2.71499
G1 X102.234 Y107.457 E2.73892
G1 X101.853 Y107.605 E2.75276
G1 X101.204 Y107.72 E2.77507
G1 X100.702 Y107.7 E2.79208
G1 X100.333 Y107.625 E2.80483
G1 X99.821 Y107.426 E2.82342
G1 X99.239 Y107.026 E2.84732
G1 X98.84 Y106.58 E2.86758
G1 X98.584 Y106.14 E2.88481
G1 X98.454 Y105.794 E2.89732
G1 X98.339 Y105.145 E2.91963
G1 X98.359 Y104.643 E2.93664
G1 X98.492 Y104.089 E2.95593
G1 X98.75 Y103.555 E2.976
G1 X99.066 Y103.144 E2.99355
G1 X99.479 Y102.781 E3.01216
G1 X99.919 Y102.525 E3.02939
G1 X100.266 Y102.395 E3.04193
G1 X100.933 Y102.28 E3.06484
G1 X101.323 Y102.289 E3.07804
G1 X101.966 Y102.432 E3.10034
G1 X102.423 Y102.642 E3.11736
G1 X102.883 Y102.977 E3.13662
G1 X103.278 Y103.42 E3.15671
G1 X103.534 Y103.86 E3.17394
G1 X103.664 Y104.206 E3.18645
G1 X103.779 Y104.854 E3.20873
G1 X103.77 Y105.264 E3.22261
G1 X103.627 Y105.906 E3.24487
G1 X103.542 Y106.092 E3.25179
G1 X103.355 Y106.445 F7800
G1 E1.25179 F2400
G92 E0
G1 X104.369 Y89.039 F7800
G1 E2 F2400
;TYPE:Perimeter
G1 F3600
G1 X104.369 Y103.761 E2.49832
G1 X104.226 Y103.425 E2.51068
G1 X103.89 Y102.883 E2.53227
G1 X103.367 Y102.322 E2.55823
G1 X102.77 Y101.906 E2.58286
G1 X102.142 Y101.637 E2.60599
G1 X101.304 Y101.471 E2.63491
G1 X100.795 Y101.478 E2.65214
G1 X100.128 Y101.592 E2.67504
G1 X99.484 Y101.833 E2.69831
G1 X98.942 Y102.169 E2.7199
G1 X98.392 Y102.677 E2.74524
G1 X98.02 Y103.195 E2.76683
G1 X97.702 Y103.893 E2.79279
;WIDTH:0.48842
G1 X97.641 Y104.06 E2.79938
;WIDTH:0.526841
G1 X97.579 Y104.227 E2.80655
;WIDTH:0.565261
G1 X97.518 Y104.394 E2.81427
G1 X97.497 Y104.601 E2.82331
;WIDTH:0.546372
G1 X97.491 Y105.295 E2.85236
;WIDTH:0.544594
G1 X97.572 Y105.615 E2.86613
;WIDTH:0.497297
G1 X97.652 Y105.935 E2.87859
;WIDTH:0.449999
G1 X97.893 Y106.575 E2.90174
G1 X98.228 Y107.117 E2.92331
G1 X98.772 Y107.693 E2.95013
G1 X99.526 Y108.185 E2.9806
G1 X100.205 Y108.433 E3.00507
G1 X100.836 Y108.522 E3.02664
G1 X101.346 Y108.521 E3.0439
G1 X102.186 Y108.353 E3.0729
G1 X102.672 Y108.143 E3.09082
G1 X103.415 Y107.635 E3.12129
G1 X103.795 Y107.238 E3.13989
G1 X104.089 Y106.826 E3.15702
G1 X104.369 Y106.24 E3.179
G1 X104.369 Y120.961 E3.67729
G1 X96.946 Y120.961 E3.92855
G1 X96.946 Y105.997 E4.43506
;WIDTH:0.492671
G1 X96.967 Y105.522 E4.45284
;WIDTH:0.535343
G1 X96.989 Y105.047 E4.47231
;WIDTH:0.565261
G1 X97.004 Y104.331 E4.50341
G1 X96.984 Y104.154 E4.51115
;WIDTH:0.526841
G1 X96.965 Y103.977 E4.51831
;WIDTH:0.48842
G1 X96.946 Y103.8 E4.5249
;WIDTH:0.449999
G1 X96.946 Y89.039 E5.02454
G1 X104.309 Y89.039 E5.27377
G1 X104.776 Y88.632 F7800
G1 F3600
G1 X104.776 Y104.073 E5.79643
;WIDTH:0.495039
G1 X104.753 Y104.491 E5.81217
M73 P49 R10
;WIDTH:0.540079
G1 X104.731 Y104.91 E5.82951
;WIDTH:0.54018
G1 X104.731 Y105.418 E5.85051
G1 X104.753 Y105.747 E5.86414
;WIDTH:0.49509
G1 X104.776 Y106.077 E5.87658
;WIDTH:0.449999
G1 X104.776 Y121.368 E6.39416
G1 X96.539 Y121.368 E6.67297
G1 X96.539 Y88.632 E7.78104
G1 X104.716 Y88.632 E8.05782
G1 X105.183 Y88.225 F7800
;TYPE:External perimeter
G1 F1800
G1 X105.183 Y88.9 E8.08067
G1 X105.183 Y121.1 E9.1706
G1 X105.183 Y121.775 E9.19345
G1 X96.132 Y121.775 E9.49982
G1 X96.132 Y88.225 E10.63545
G1 X105.123 Y88.225 E10.93978
G1 X105.182 Y88.621 F7800
M73 P50 R10
G1 X103.32 Y89.344
;TYPE:Internal infill
;WIDTH:0.45
;HEIGHT:0.4
G1 F4800
G1 X104.063 Y89.344 E10.98478
G1 X104.063 Y91.044 E11.08773
G1 X103.955 Y91.569 E11.12019
G1 X104.063 Y91.761 E11.13353
G1 X104.063 Y96.285 E11.4075
G1 X103.955 Y96.81 E11.43996
G1 X104.063 Y97.002 E11.4533
G1 X104.063 Y101.527 E11.72733
G1 X103.955 Y102.052 E11.75979
G1 X104.063 Y102.243 E11.77308
G1 X104.038 Y102.587 E11.79397
G1 X103.553 Y102.08 E11.83646
G1 X102.905 Y101.632 E11.88417
G1 X102.213 Y101.34 E11.92966
G1 X101.745 Y101.236 E11.95869
G1 X101.611 Y101.069 E11.97166
G1 X101.37 Y100.414 E12.01393
G1 X101.334 Y100.086 E12.03391
G1 X101.52 Y99.759 E12.05669
G1 X102.621 Y99.104 E12.13427
G1 X103.148 Y98.448 E12.18523
G1 X103.388 Y97.793 E12.22748
G1 X103.424 Y97.466 E12.2474
G1 X103.239 Y97.138 E12.27021
G1 X102.137 Y96.483 E12.34785
G1 X101.611 Y95.828 E12.39872
G1 X101.37 Y95.173 E12.44099
G1 X101.334 Y94.845 E12.46097
G1 X101.52 Y94.517 E12.48381
G1 X102.621 Y93.862 E12.56139
G1 X103.148 Y93.207 E12.6123
G1 X103.388 Y92.552 E12.65455
G1 X103.424 Y92.224 E12.67453
G1 X103.239 Y91.897 E12.69728
G1 X102.137 Y91.242 E12.77492
G1 X101.611 Y90.586 E12.82584
G1 X101.37 Y89.931 E12.86811
G1 X101.334 Y89.604 E12.88803
G1 X101.481 Y89.344 E12.90612
G1 X100.503 Y89.344 E12.96535
G1 X99.517 Y89.931 E13.03484
G1 X98.99 Y90.586 E13.08575
G1 X98.75 Y91.242 E13.12805
G1 X98.714 Y91.569 E13.14797
G1 X98.899 Y91.897 E13.17078
G1 X100.001 Y92.552 E13.24842
G1 X100.527 Y93.207 E13.29929
G1 X100.768 Y93.862 E13.34156
G1 X100.804 Y94.19 E13.36154
G1 X100.618 Y94.517 E13.38432
G1 X99.517 Y95.173 E13.46193
G1 X98.99 Y95.828 E13.51284
G1 X98.75 Y96.483 E13.55509
G1 X98.714 Y96.81 E13.57501
G1 X98.899 Y97.138 E13.59782
G1 X100.001 Y97.793 E13.67546
G1 X100.527 Y98.448 E13.72633
G1 X100.768 Y99.104 E13.76865
G1 X100.804 Y99.431 E13.78857
G1 X100.618 Y99.759 E13.81141
G1 X99.517 Y100.414 E13.88899
G1 X98.99 Y101.069 E13.9399
G1 X98.75 Y101.724 E13.98215
G1 X98.724 Y101.954 E13.99617
G1 X98.099 Y102.558 E14.04881
G1 X97.998 Y102.379 E14.06126
G1 X97.251 Y101.936 E14.11386
G1 X97.251 Y99.18 E14.28076
G1 X97.38 Y99.104 E14.28983
G1 X97.907 Y98.448 E14.34079
G1 X98.147 Y97.793 E14.38304
G1 X98.183 Y97.466 E14.40296
G1 X97.998 Y97.138 E14.42577
G1 X97.251 Y96.694 E14.4784
G1 X97.251 Y93.939 E14.64524
G1 X97.38 Y93.862 E14.65434
G1 X97.907 Y93.207 E14.70525
G1 X98.147 Y92.552 E14.7475
G1 X98.183 Y92.224 E14.76748
G1 X97.998 Y91.897 E14.79023
G1 X97.251 Y91.453 E14.84286
G1 X97.251 Y89.344 E14.97058
G1 X97.585 Y89.344 E14.99081
G1 E12.99081 F2400
G92 E0
G1 X97.709 Y106.853 F7800
G1 E2 F2400
G1 F4800
G1 X97.273 Y105.853 E2.06607
G1 X97.251 Y107.177 E2.14626
M73 Q50 S11
G1 X97.998 Y107.621 E2.19889
G1 X98.183 Y107.948 E2.22164
G1 X98.147 Y108.276 E2.24162
G1 X97.907 Y108.931 E2.28387
G1 X97.38 Y109.586 E2.33478
G1 X97.251 Y109.663 E2.34388
G1 X97.251 Y112.418 E2.51072
G1 X97.998 Y112.862 E2.56335
G1 X98.183 Y113.19 E2.58616
G1 X98.147 Y113.517 E2.60608
G1 X97.907 Y114.172 E2.64833
G1 X97.38 Y114.827 E2.69924
G1 X97.251 Y114.904 E2.70834
G1 X97.251 Y117.659 E2.87518
G1 X97.998 Y118.103 E2.92781
G1 X98.183 Y118.431 E2.95062
G1 X98.147 Y118.758 E2.97054
G1 X97.907 Y119.414 E3.01284
G1 X97.38 Y120.069 E3.06375
G1 X97.251 Y120.145 E3.07282
G1 X97.251 Y120.656 E3.10377
G1 X99.184 Y120.656 E3.22083
G1 E1.22083 F2400
G92 E0
G1 X104.063 Y120.41 F7800
G1 E2 F2400
G1 F4800
G1 X104.063 Y117.967 E2.14795
G1 X103.955 Y117.776 E2.16124
G1 X104.063 Y117.251 E2.1937
G1 X104.063 Y112.726 E2.46773
G1 X103.955 Y112.534 E2.48107
G1 X104.063 Y112.009 E2.51353
G1 X104.063 Y107.433 E2.79065
G1 X103.416 Y108.028 E2.84388
G1 X103.388 Y108.276 E2.85899
G1 X103.148 Y108.931 E2.90124
G1 X102.621 Y109.586 E2.95215
G1 X101.52 Y110.241 E3.02973
G1 X101.334 Y110.569 E3.05257
G1 X101.37 Y110.896 E3.07249
G1 X101.611 Y111.552 E3.11481
G1 X102.137 Y112.207 E3.16568
G1 X103.239 Y112.862 E3.24332
G1 X103.424 Y113.19 E3.26613
G1 X103.388 Y113.517 E3.28605
G1 X103.148 Y114.172 E3.3283
G1 X102.621 Y114.827 E3.37921
G1 X101.52 Y115.483 E3.45682
G1 X101.334 Y115.81 E3.4796
G1 X101.37 Y116.138 E3.49958
G1 X101.611 Y116.793 E3.54185
G1 X102.137 Y117.448 E3.59272
G1 X103.239 Y118.103 E3.67036
G1 X103.424 Y118.431 E3.69317
G1 X103.388 Y118.758 E3.71309
G1 X103.148 Y119.414 E3.75539
G1 X102.621 Y120.069 E3.8063
G1 X101.635 Y120.656 E3.87579
G1 X100.657 Y120.656 E3.93502
G1 X100.804 Y120.396 E3.95311
G1 X100.768 Y120.069 E3.97303
G1 X100.527 Y119.414 E4.0153
G1 X100.001 Y118.758 E4.06622
G1 X98.899 Y118.103 E4.14386
G1 X98.714 Y117.776 E4.16661
G1 X98.75 Y117.448 E4.18659
G1 X98.99 Y116.793 E4.22884
G1 X99.517 Y116.138 E4.27975
G1 X100.618 Y115.483 E4.35733
G1 X100.804 Y115.155 E4.38017
G1 X100.768 Y114.827 E4.40015
G1 X100.527 Y114.172 E4.44242
G1 X100.001 Y113.517 E4.49329
G1 X98.899 Y112.862 E4.57093
G1 X98.714 Y112.534 E4.59374
G1 X98.75 Y112.207 E4.61366
G1 X98.99 Y111.552 E4.65591
G1 X99.517 Y110.896 E4.70687
G1 X100.618 Y110.241 E4.78445
G1 X100.804 Y109.914 E4.80723
G1 X100.768 Y109.586 E4.82721
G1 X100.527 Y108.931 E4.86948
G1 X100.41 Y108.784 E4.88086
G1 X101.394 Y108.823 E4.9405
G1 X102.292 Y108.64 E4.996
G1 X102.784 Y108.428 E5.02844
M106 S226.95
;LAYER_CHANGE
;Z:5.15
;HEIGHT:0.2
G1 E3.02844 F2400
G92 E0
G1 Z5.15 F7800
G1 X112.488 Y120.908
G1 E2 F2400
;TYPE:Perimeter
;WIDTH:0.555832
G1 F3600
G1 X112.488 Y89.092 E3.35691
G1 X113.001 Y89.092 E3.37879
G1 X113.001 Y120.908 E4.7357
G1 X112.548 Y120.908 E4.75502
G1 X112.028 Y121.368 F7800
;WIDTH:0.449999
G1 F3600
G1 X112.028 Y88.632 E5.86309
G1 X113.461 Y88.632 E5.9116
G1 X113.461 Y121.368 E7.01967
G1 X112.088 Y121.368 E7.06614
G1 X111.621 Y121.775 F7800
;TYPE:External perimeter
G1 F1800
G1 X111.621 Y88.225 E8.20177
G1 X113.868 Y88.225 E8.27783
G1 X113.868 Y121.775 E9.41346
G1 X111.681 Y121.775 E9.48749
G1 X111.622 Y121.379 F7800
G1 E7.48749 F2400
G92 E0
G1 X103.883 Y106.319 F7800
G1 E2 F2400
;TYPE:Perimeter
G1 F900
G1 X103.796 Y106.519 E2.00738
G1 X103.501 Y106.957 E2.02525
G1 X103.121 Y107.354 E2.04385
G1 X102.453 Y107.8 E2.07104
G1 X101.924 Y108.006 E2.09026
G1 X101.275 Y108.12 E2.11256
G1 X100.707 Y108.108 E2.13179
G1 X100.065 Y107.966 E2.15405
G1 X99.434 Y107.674 E2.17758
G1 X98.984 Y107.344 E2.19647
G1 X98.613 Y106.949 E2.21481
G1 X98.259 Y106.394 E2.23709
G1 X98.045 Y105.845 E2.25703
G1 X97.96 Y105.447 E2.27081
G1 X97.951 Y104.654 E2.29765
G1 X98.097 Y103.991 E2.32063
G1 X98.385 Y103.375 E2.34365
G1 X98.715 Y102.925 E2.36254
G1 X99.21 Y102.475 E2.38518
G1 X99.688 Y102.186 E2.40409
G1 X100.197 Y101.994 E2.4225
G1 X100.86 Y101.879 E2.44528
G1 X101.411 Y101.892 E2.46394
G1 X102.054 Y102.034 E2.48623
G1 X102.592 Y102.271 E2.50613
G1 X103.027 Y102.569 E2.52398
G1 X103.501 Y103.046 E2.54674
G1 X103.802 Y103.493 E2.56498
G1 X104.023 Y103.996 E2.58358
;WIDTH:0.483908
G1 X104.092 Y104.255 E2.59341
;WIDTH:0.517817
G1 X104.161 Y104.515 E2.60403
;WIDTH:0.551726
G1 X104.23 Y104.775 E2.61541
;WIDTH:0.555268
G1 X104.224 Y105.334 E2.63923
G1 X104.158 Y105.554 E2.64902
;WIDTH:0.520179
G1 X104.091 Y105.774 E2.65815
;WIDTH:0.485089
G1 X104.025 Y105.994 E2.66659
;WIDTH:0.449999
G1 X103.907 Y106.264 E2.67656
G1 X103.517 Y106.147 F7800
;TYPE:External perimeter
G1 F900
G1 X103.412 Y106.374 E2.68503
G1 X103.207 Y106.676 E2.69738
G1 X102.827 Y107.072 E2.71596
G1 X102.234 Y107.457 E2.73989
G1 X101.853 Y107.605 E2.75373
G1 X101.205 Y107.72 E2.77601
G1 X100.796 Y107.711 E2.78986
G1 X100.153 Y107.568 E2.81216
G1 X99.614 Y107.309 E2.8324
G1 X99.209 Y107 E2.84964
G1 X98.956 Y106.73 E2.86216
G1 X98.602 Y106.175 E2.88444
G1 X98.42 Y105.678 E2.90236
G1 X98.359 Y105.369 E2.91302
G1 X98.358 Y104.656 E2.93715
G1 X98.492 Y104.089 E2.95687
G1 X98.75 Y103.555 E2.97694
G1 X99.066 Y103.144 E2.99449
G1 X99.479 Y102.781 E3.0131
G1 X99.919 Y102.525 E3.03033
G1 X100.266 Y102.395 E3.04287
G1 X100.929 Y102.28 E3.06565
G1 X101.323 Y102.289 E3.07899
G1 X101.966 Y102.432 E3.10129
G1 X102.446 Y102.655 E3.11921
G1 X102.738 Y102.856 E3.13121
G1 X103.213 Y103.333 E3.154
G1 X103.429 Y103.657 E3.16718
G1 X103.65 Y104.16 E3.18578
G1 X103.779 Y104.854 E3.20967
G1 X103.77 Y105.264 E3.22355
G1 X103.627 Y105.906 E3.24581
G1 X103.542 Y106.092 E3.25273
G1 X103.355 Y106.446 F7800
G1 E1.25273 F2400
G92 E0
G1 X104.378 Y89.039 F7800
G1 E2 F2400
;TYPE:Perimeter
G1 F3600
G1 X104.378 Y103.793 E2.4994
G1 X104.09 Y103.175 E2.52248
M73 P51 R10
G1 X103.79 Y102.76 E2.53981
G1 X103.316 Y102.282 E2.5626
G1 X102.766 Y101.903 E2.58521
G1 X102.142 Y101.637 E2.60817
G1 X101.303 Y101.471 E2.63712
G1 X100.79 Y101.478 E2.65449
G1 X100.127 Y101.592 E2.67726
G1 X99.484 Y101.833 E2.7005
G1 X98.942 Y102.169 E2.72209
G1 X98.392 Y102.677 E2.74743
G1 X98.02 Y103.195 E2.76902
G1 X97.702 Y103.893 E2.79498
;WIDTH:0.488281
G1 X97.64 Y104.062 E2.80165
;WIDTH:0.526563
G1 X97.579 Y104.23 E2.80884
;WIDTH:0.564845
G1 X97.518 Y104.398 E2.8166
G1 X97.496 Y104.653 E2.82771
;WIDTH:0.554181
G1 X97.505 Y105.514 E2.86431
G1 X97.558 Y105.67 E2.87131
;WIDTH:0.519454
G1 X97.61 Y105.827 E2.87786
;WIDTH:0.484727
G1 X97.662 Y105.983 E2.8839
;WIDTH:0.449999
G1 X97.915 Y106.613 E2.90688
G1 X98.269 Y107.168 E2.92916
G1 X98.736 Y107.667 E2.95229
G1 X99.254 Y108.039 E2.97388
G1 X99.977 Y108.363 E3.0007
G1 X100.817 Y108.529 E3.02968
G1 X101.346 Y108.521 E3.04759
G1 X102.186 Y108.353 E3.07659
G1 X102.672 Y108.143 E3.09451
G1 X103.415 Y107.635 E3.12498
G1 X103.795 Y107.238 E3.14358
G1 X104.165 Y106.691 E3.16593
G1 X104.378 Y106.212 E3.18367
G1 X104.378 Y120.961 E3.68291
G1 X96.946 Y120.961 E3.93447
G1 X96.946 Y106.562 E4.42186
;WIDTH:0.464609
G1 X96.953 Y105.901 E4.44504
;WIDTH:0.504413
G1 X96.973 Y105.613 E4.45612
M73 Q50 S10
;WIDTH:0.544217
G1 X96.993 Y105.325 E4.46815
;WIDTH:0.564845
G1 X97.003 Y104.336 E4.51107
G1 X96.984 Y104.157 E4.51888
;WIDTH:0.526563
G1 X96.965 Y103.979 E4.52608
;WIDTH:0.488281
G1 X96.946 Y103.801 E4.53271
;WIDTH:0.449999
G1 X96.946 Y89.039 E5.03239
G1 X104.318 Y89.039 E5.28192
G1 X104.785 Y88.632 F7800
G1 F3600
G1 X104.785 Y104.072 E5.80454
;WIDTH:0.497433
G1 X104.762 Y104.491 E5.8204
;WIDTH:0.544866
G1 X104.738 Y104.91 E5.83792
G1 X104.738 Y105.419 E5.85916
;WIDTH:0.544453
G1 X104.762 Y105.749 E5.87296
;WIDTH:0.497226
G1 X104.785 Y106.078 E5.88542
;WIDTH:0.449999
G1 X104.785 Y121.368 E6.40297
G1 X96.539 Y121.368 E6.68209
M73 Q51 S10
G1 X96.539 Y88.632 E7.79016
G1 X104.725 Y88.632 E8.06725
G1 X105.192 Y88.225 F7800
;TYPE:External perimeter
G1 F1800
G1 X105.192 Y121.775 E9.20288
G1 X104.508 Y121.775 E9.22603
G1 X96.132 Y121.775 E9.50955
G1 X96.132 Y88.225 E10.64518
G1 X104.508 Y88.225 E10.9287
G1 X105.132 Y88.225 E10.94982
G1 X105.192 Y88.621 F7800
M106 S216.75
;LAYER_CHANGE
;Z:5.35
;HEIGHT:0.2
G1 E8.94982 F2400
G92 E0
G1 Z5.35 F7800
G1 X112.47 Y120.902
G1 E2 F2400
;TYPE:Perimeter
;WIDTH:0.567829
G1 F3600
G1 X112.47 Y89.098 E3.38813
G1 X112.995 Y89.098 E3.41104
G1 X112.995 Y120.902 E4.79917
G1 X112.53 Y120.902 E4.81947
G1 X112.004 Y121.368 F7800
;WIDTH:0.449999
G1 F3600
G1 X112.004 Y88.632 E5.92754
G1 X113.461 Y88.632 E5.97686
G1 X113.461 Y121.368 E7.08493
G1 X112.064 Y121.368 E7.13222
G1 X111.597 Y121.775 F7800
;TYPE:External perimeter
G1 F1800
G1 X111.597 Y88.225 E8.26785
G1 X113.868 Y88.225 E8.34472
G1 X113.868 Y121.775 E9.48035
G1 X111.657 Y121.775 E9.55519
G1 X111.598 Y121.379 F7800
G1 E7.55519 F2400
G92 E0
G1 X103.878 Y106.314 F7800
G1 E2 F2400
;TYPE:Perimeter
;WIDTH:0.488924
G1 F900
G1 X103.807 Y106.494 E2.00718
;WIDTH:0.449999
G1 X103.41 Y107.065 E2.03072
G1 X103.007 Y107.451 E2.04961
G1 X102.566 Y107.742 E2.06749
G1 X102.063 Y107.964 E2.0861
G1 X101.275 Y108.12 E2.11329
G1 X100.707 Y108.108 E2.13252
G1 X100.065 Y107.966 E2.15478
G1 X99.53 Y107.731 E2.17456
G1 X99.102 Y107.442 E2.19204
G1 X98.705 Y107.062 E2.21064
G1 X98.259 Y106.394 E2.23783
G1 X98.053 Y105.865 E2.25705
G1 X97.939 Y105.216 E2.27935
G1 X97.951 Y104.632 E2.29912
G1 X98.054 Y104.126 E2.3166
G1 X98.253 Y103.615 E2.33516
G1 X98.7 Y102.946 E2.36239
G1 X99.121 Y102.542 E2.38214
G1 X99.552 Y102.258 E2.39961
G1 X100.055 Y102.036 E2.41822
G1 X100.855 Y101.879 E2.44582
G1 X101.411 Y101.892 E2.46465
G1 X102.054 Y102.034 E2.48694
G1 X102.589 Y102.269 E2.50672
G1 X103.125 Y102.649 E2.52896
G1 X103.584 Y103.151 E2.55198
M73 P52 R10
G1 X103.873 Y103.629 E2.57089
G1 X104.068 Y104.138 E2.58934
;WIDTH:0.491797
G1 X104.119 Y104.272 E2.59469
;WIDTH:0.533594
G1 X104.169 Y104.406 E2.60053
;WIDTH:0.575391
G1 X104.219 Y104.539 E2.60682
G1 X104.228 Y105.329 E2.6418
;WIDTH:0.566773
G1 X104.215 Y105.459 E2.64749
G1 X104.079 Y105.804 E2.66364
;WIDTH:0.527849
G1 X103.943 Y106.149 E2.67859
;WIDTH:0.488924
G1 X103.9 Y106.259 E2.68297
G1 X103.512 Y106.144 F7800
;TYPE:External perimeter
;WIDTH:0.449999
G1 F900
G1 X103.431 Y106.338 E2.69009
G1 X103.082 Y106.824 E2.71034
G1 X102.707 Y107.17 E2.72761
G1 X102.402 Y107.37 E2.73996
G1 X101.899 Y107.591 E2.75856
G1 X101.205 Y107.72 E2.78245
G1 X100.796 Y107.711 E2.7963
G1 X100.153 Y107.568 E2.8186
G1 X99.676 Y107.347 E2.83639
G1 X99.383 Y107.148 E2.84838
G1 X98.987 Y106.768 E2.86696
G1 X98.602 Y106.175 E2.89089
G1 X98.454 Y105.794 E2.90473
G1 X98.339 Y105.145 E2.92704
G1 X98.361 Y104.62 E2.94483
G1 X98.434 Y104.274 E2.9568
G1 X98.633 Y103.762 E2.97539
G1 X99.033 Y103.18 E2.99929
G1 X99.42 Y102.824 E3.01709
G1 X99.716 Y102.63 E3.02907
G1 X100.219 Y102.409 E3.04767
G1 X100.925 Y102.28 E3.07196
G1 X101.323 Y102.289 E3.08544
G1 X101.966 Y102.432 E3.10774
G1 X102.45 Y102.658 E3.12582
G1 X102.883 Y102.977 E3.14402
G1 X103.278 Y103.42 E3.16411
G1 X103.536 Y103.865 E3.18152
G1 X103.694 Y104.307 E3.19741
G1 X103.762 Y104.671 E3.20994
G1 X103.763 Y105.329 E3.23221
G1 X103.683 Y105.73 E3.24605
G1 X103.535 Y106.088 E3.25916
G1 X103.347 Y106.442 F7800
G1 E1.25916 F2400
G92 E0
G1 X104.402 Y89.039 F7800
G1 E2 F2400
;TYPE:Perimeter
G1 F3600
G1 X104.402 Y103.865 E2.50184
G1 X104.226 Y103.426 E2.51785
G1 X103.89 Y102.883 E2.53946
G1 X103.366 Y102.321 E2.56547
G1 X102.762 Y101.901 E2.59037
G1 X102.142 Y101.637 E2.61318
G1 X101.302 Y101.471 E2.64216
G1 X100.785 Y101.478 E2.65966
G1 X99.891 Y101.664 E2.69057
G1 X99.388 Y101.885 E2.70917
G1 X98.847 Y102.241 E2.73109
G1 X98.366 Y102.713 E2.7539
G1 X97.874 Y103.467 E2.78437
;WIDTH:0.485989
G1 X97.753 Y103.795 E2.79725
;WIDTH:0.521979
G1 X97.631 Y104.122 E2.81115
;WIDTH:0.557969
G1 X97.51 Y104.45 E2.82612
G1 X97.496 Y104.611 E2.83304
;WIDTH:0.545707
G1 X97.491 Y105.295 E2.86164
;WIDTH:0.544168
G1 X97.599 Y105.711 E2.87955
M73 Q52 S10
;WIDTH:0.497084
G1 X97.706 Y106.127 E2.89577
;WIDTH:0.449999
G1 X97.916 Y106.613 E2.91369
G1 X98.424 Y107.356 E2.94416
G1 X98.821 Y107.736 E2.96276
G1 X99.357 Y108.099 E2.98467
G1 X99.976 Y108.363 E3.00745
G1 X100.817 Y108.529 E3.03647
G1 X101.346 Y108.521 E3.05438
G1 X102.227 Y108.336 E3.08485
G1 X102.73 Y108.115 E3.10345
G1 X103.282 Y107.751 E3.12583
G1 X103.739 Y107.305 E3.14744
G1 X104.183 Y106.65 E3.17422
G1 X104.402 Y106.121 E3.1936
G1 X104.402 Y120.961 E3.69592
G1 X96.946 Y120.961 E3.9483
G1 X96.946 Y105.997 E4.45481
;WIDTH:0.492643
G1 X96.967 Y105.523 E4.47255
;WIDTH:0.535287
G1 X96.989 Y105.049 E4.49198
;WIDTH:0.557969
G1 X97 Y104.399 E4.51982
G1 X96.982 Y104.213 E4.52782
;WIDTH:0.521979
G1 X96.964 Y104.028 E4.53522
;WIDTH:0.485989
G1 X96.946 Y103.842 E4.5421
;WIDTH:0.449999
G1 X96.946 Y89.039 E5.04316
G1 X104.342 Y89.039 E5.29351
G1 X104.809 Y88.632 F7800
G1 F3600
G1 X104.809 Y103.568 E5.79908
;WIDTH:0.471492
G1 X104.799 Y104.158 E5.82011
;WIDTH:0.518929
G1 X104.775 Y104.414 E5.83029
;WIDTH:0.566365
G1 X104.751 Y104.671 E5.84152
;WIDTH:0.566773
G1 X104.751 Y105.512 E5.87815
G1 X104.77 Y105.687 E5.88582
;WIDTH:0.527849
G1 X104.79 Y105.861 E5.89288
;WIDTH:0.488924
G1 X104.809 Y106.035 E5.89937
;WIDTH:0.449999
G1 X104.809 Y121.368 E6.41837
G1 X96.539 Y121.368 E6.6983
G1 X96.539 Y88.632 E7.80637
G1 X104.749 Y88.632 E8.08427
G1 X105.216 Y88.225 F7800
;TYPE:External perimeter
G1 F1800
G1 X105.216 Y121.775 E9.2199
G1 X104.517 Y121.775 E9.24356
G1 X96.132 Y121.775 E9.52738
G1 X96.132 Y88.225 E10.66301
G1 X104.517 Y88.225 E10.94683
G1 X105.156 Y88.225 E10.96846
G1 X105.216 Y88.621 F7800
G1 E8.96846 F2400
G92 E0
G1 X97.251 Y89.365 F7800
G1 E2 F2400
;TYPE:Internal infill
;WIDTH:0.45
;HEIGHT:0.4
G1 F4800
G1 X97.251 Y91.807 E2.14789
G1 X97.619 Y92.224 E2.18157
G1 X97.774 Y92.552 E2.20354
G1 X97.804 Y93.207 E2.24325
G1 X97.55 Y93.862 E2.28579
G1 X97.251 Y94.184 E2.3124
G1 X97.251 Y97.048 E2.48584
G1 X97.619 Y97.466 E2.51957
G1 X97.774 Y97.793 E2.54149
G1 X97.804 Y98.448 E2.5812
G1 X97.55 Y99.104 E2.6238
G1 X97.251 Y99.425 E2.65037
G1 X97.251 Y100.811 E2.73431
G1 X97.658 Y100.395 E2.76955
G1 X97.658 Y102.354 E2.88819
G1 X98.293 Y101.696 E2.94357
G1 X99.097 Y101.164 E3.00195
G1 X99.347 Y100.414 E3.04983
G1 X100.24 Y99.431 E3.13026
G1 X100.394 Y99.104 E3.15215
G1 X100.425 Y98.448 E3.19192
G1 X100.171 Y97.793 E3.23446
G1 X99.278 Y96.81 E3.31489
G1 X99.123 Y96.483 E3.33681
G1 X99.092 Y95.828 E3.37652
G1 X99.347 Y95.173 E3.41909
G1 X100.24 Y94.19 E3.49952
G1 X100.394 Y93.862 E3.52146
G1 X100.425 Y93.207 E3.56117
G1 X100.171 Y92.552 E3.60371
G1 X99.278 Y91.569 E3.68414
G1 X99.123 Y91.242 E3.70606
G1 X99.092 Y90.586 E3.74583
G1 X99.347 Y89.931 E3.7884
G1 X99.892 Y89.344 E3.83691
G1 X102.123 Y89.344 E3.97202
G1 X101.898 Y89.604 E3.99284
G1 X101.744 Y89.931 E4.01473
G1 X101.713 Y90.586 E4.05444
G1 X101.967 Y91.242 E4.09704
G1 X102.86 Y92.224 E4.17742
G1 X103.015 Y92.552 E4.19939
G1 X103.046 Y93.207 E4.2391
G1 X102.791 Y93.862 E4.28167
G1 X101.898 Y94.845 E4.3621
G1 X101.744 Y95.173 E4.38404
G1 X101.713 Y95.828 E4.42375
G1 X101.967 Y96.483 E4.46629
G1 X102.86 Y97.466 E4.54672
G1 X103.015 Y97.793 E4.56864
G1 X103.046 Y98.448 E4.60835
G1 X102.791 Y99.104 E4.65097
G1 X101.898 Y100.086 E4.73135
G1 X101.744 Y100.414 E4.75329
G1 X101.728 Y100.744 E4.7733
G1 X102.713 Y101.02 E4.83525
G1 X103.218 Y101.27 E4.86938
G1 X103.727 Y101.616 E4.90665
G1 X103.727 Y101.379 E4.921
G1 E2.921 F2400
G92 E0
G1 X97.24 Y103.263 F7800
G1 E2 F2400
;TYPE:Solid infill
;WIDTH:0.406445
;HEIGHT:0.2
G1 F1200
G1 X97.228 Y103.344 E2.00248
;WIDTH:0.431257
G1 X97.245 Y103.356 E2.00315
;WIDTH:0.469211
G1 X97.261 Y103.369 E2.00388
G1 X97.27 Y103.915 E2.02324
G1 X97.293 Y104.064 E2.02858
G1 X97.57 Y103.434 E2.05297
G1 X97.597 Y103.417 E2.0541
;WIDTH:0.423201
G1 X97.624 Y103.401 E2.05509
;WIDTH:0.415431
G1 X97.639 Y103.324 E2.05752
;WIDTH:0.453671
G1 X97.655 Y103.246 E2.06024
;WIDTH:0.491912
G1 X97.67 Y103.169 E2.06317
;WIDTH:0.530152
G1 X97.685 Y103.092 E2.06635
G1 X97.648 Y103.132 E2.06856
;WIDTH:0.515291
G1 X97.585 Y103.142 E2.07107
;WIDTH:0.469258
G1 X97.522 Y103.153 E2.07334
;WIDTH:0.423224
G1 X97.458 Y103.163 E2.07539
G1 X97.447 Y103.186 E2.0762
;WIDTH:0.469211
G1 X97.436 Y103.209 E2.0771
G1 X97.434 Y103.189 E2.07781
;WIDTH:0.431257
G1 X97.432 Y103.17 E2.07843
;WIDTH:0.439228
G1 X97.268 Y103.061 E2.08492
;WIDTH:0.450028
G1 X97.251 Y102.996 E2.08719
G1 X97.251 Y101.393 E2.14145
G1 X97.685 Y103.092 F7800
;WIDTH:0.540686
G1 F1200
G1 X97.999 Y102.652 E2.16382
G1 X98.321 Y102.265 E2.18466
;WIDTH:0.516348
G1 X98.702 Y101.932 E2.20458
;WIDTH:0.525114
G1 X99.125 Y101.655 E2.22485
;WIDTH:0.534996
G1 X99.58 Y101.435 E2.24553
G1 X100.055 Y101.263 E2.2662
;WIDTH:0.531134
G1 X100.553 Y101.172 E2.28675
G1 X101.057 Y101.133 E2.30727
;WIDTH:0.519866
G1 X101.562 Y101.163 E2.32733
;WIDTH:0.540546
G1 X102.055 Y101.274 E2.34824
G1 X102.538 Y101.424 E2.36917
;WIDTH:0.521874
G1 X102.99 Y101.651 E2.38931
;WIDTH:0.53279
G1 X103.408 Y101.936 E2.40992
G1 X103.785 Y102.252 E2.42996
;WIDTH:0.551921
G1 X103.836 Y102.281 E2.43244
;WIDTH:0.589513
G1 X103.887 Y102.311 E2.43513
;WIDTH:0.627106
G1 X103.938 Y102.341 E2.438
;WIDTH:0.664698
G1 X103.99 Y102.371 E2.4411
G1 X104.011 Y102.32 E2.44395
;WIDTH:0.622819
G1 X104.032 Y102.269 E2.44661
;WIDTH:0.580939
G1 X104.052 Y102.218 E2.44906
;WIDTH:0.539059
G1 X104.073 Y102.167 E2.45134
;WIDTH:0.49718
G1 X104.094 Y102.117 E2.45339
;WIDTH:0.4553
G1 X104.115 Y102.066 E2.45528
;WIDTH:0.413426
G1 X104.115 Y98.626 E2.56126
;WIDTH:0.450038
G1 X104.097 Y98.293 E2.57255
G1 E.57255 F2400
G92 E0
G1 X103.69 Y109.993 F7800
G1 E2 F2400
;TYPE:Internal infill
;WIDTH:0.45
;HEIGHT:0.4
G1 F4800
G1 X103.727 Y108.384 E2.09747
G1 X103.041 Y108.827 E2.14692
G1 X102.791 Y109.586 E2.19531
G1 X101.898 Y110.569 E2.27574
G1 X101.744 Y110.896 E2.29763
G1 X101.713 Y111.552 E2.3374
G1 X101.967 Y112.207 E2.37994
G1 X102.86 Y113.19 E2.46037
G1 X103.015 Y113.517 E2.48229
G1 X103.046 Y114.172 E2.522
G1 X102.791 Y114.827 E2.56457
G1 X101.898 Y115.81 E2.645
G1 X101.744 Y116.138 E2.66694
G1 X101.713 Y116.793 E2.70665
G1 X101.967 Y117.448 E2.74919
G1 X102.86 Y118.431 E2.82962
G1 X103.015 Y118.758 E2.85154
G1 X103.046 Y119.414 E2.89131
G1 X102.791 Y120.069 E2.93388
G1 X102.246 Y120.656 E2.98239
G1 X100.015 Y120.656 E3.1175
G1 X100.24 Y120.396 E3.13832
G1 X100.394 Y120.069 E3.16021
G1 X100.425 Y119.414 E3.19992
G1 X100.171 Y118.758 E3.24252
G1 X99.278 Y117.776 E3.3229
G1 X99.123 Y117.448 E3.34487
G1 X99.092 Y116.793 E3.38458
G1 X99.347 Y116.138 E3.42715
G1 X100.24 Y115.155 E3.50758
G1 X100.394 Y114.827 E3.52952
G1 X100.425 Y114.172 E3.56923
G1 X100.171 Y113.517 E3.61177
G1 X99.278 Y112.534 E3.6922
G1 X99.123 Y112.207 E3.71412
G1 X99.092 Y111.552 E3.75383
G1 X99.347 Y110.896 E3.79645
G1 X100.24 Y109.914 E3.87683
G1 X100.394 Y109.586 E3.89877
G1 X100.41 Y109.259 E3.9186
G1 X99.59 Y109.051 E3.96983
G1 X98.9 Y108.73 E4.01592
G1 X98.285 Y108.298 E4.06143
G1 X97.658 Y107.646 E4.11621
G1 X97.658 Y108.032 E4.13959
G1 X97.774 Y108.276 E4.15595
G1 X97.804 Y108.931 E4.19566
G1 X97.658 Y109.307 E4.22009
G1 X97.658 Y113.076 E4.44834
G1 X97.573 Y113.137 E4.45468
G1 X97.774 Y113.517 E4.48071
G1 X97.804 Y114.172 E4.52042
G1 X97.55 Y114.827 E4.56296
G1 X97.251 Y115.149 E4.58957
G1 X97.251 Y118.014 E4.76307
G1 X97.619 Y118.431 E4.79675
G1 X97.774 Y118.758 E4.81867
G1 X97.804 Y119.414 E4.85844
G1 X97.55 Y120.069 E4.90098
G1 X97.251 Y120.39 E4.92755
G1 X97.251 Y120.656 E4.94366
G1 X99.429 Y120.656 E5.07556
G1 E3.07556 F2400
G92 E0
G1 X97.251 Y112.866 F7800
G1 E2 F2400
;TYPE:Solid infill
;WIDTH:0.45003
;HEIGHT:0.2
G1 F1200
G1 X97.251 Y107.004 E2.19844
;WIDTH:0.497058
G1 X97.275 Y106.951 E2.20064
M73 P53 R10
;WIDTH:0.544088
G1 X97.298 Y106.899 E2.20301
;WIDTH:0.591118
G1 X97.322 Y106.847 E2.20562
;WIDTH:0.638148
G1 X97.345 Y106.795 E2.20843
;WIDTH:0.685178
G1 X97.369 Y106.742 E2.21154
;WIDTH:0.732208
G1 X97.392 Y106.69 E2.2148
;WIDTH:0.779238
G1 X97.416 Y106.638 E2.21831
G1 X97.465 Y106.683 E2.22238
;WIDTH:0.731394
G1 X97.513 Y106.728 E2.22615
;WIDTH:0.68355
G1 X97.562 Y106.773 E2.22969
;WIDTH:0.635706
G1 X97.611 Y106.818 E2.23297
;WIDTH:0.587862
G1 X97.66 Y106.863 E2.23598
;WIDTH:0.540018
G1 X97.984 Y107.342 E2.25988
;WIDTH:0.514104
G1 X98.552 Y107.945 E2.29234
G1 X98.982 Y108.265 E2.31334
;WIDTH:0.52209
G1 X99.427 Y108.505 E2.33348
;WIDTH:0.534826
G1 X99.901 Y108.681 E2.35416
G1 X100.391 Y108.804 E2.37482
;WIDTH:0.529732
G1 X100.893 Y108.862 E2.39528
;WIDTH:0.53113
G1 X101.398 Y108.846 E2.41579
G1 X101.897 Y108.77 E2.43628
;WIDTH:0.535248
G1 X102.381 Y108.626 E2.45695
G1 X102.848 Y108.431 E2.47767
;WIDTH:0.514294
G1 X103.279 Y108.17 E2.49742
;WIDTH:0.516392
G1 X103.779 Y107.752 E2.52308
;WIDTH:0.565418
G1 X103.849 Y107.711 E2.5266
;WIDTH:0.614444
G1 X103.92 Y107.671 E2.53047
;WIDTH:0.66347
G1 X103.99 Y107.63 E2.53466
G1 X104.011 Y107.681 E2.53751
;WIDTH:0.621796
G1 X104.032 Y107.731 E2.54012
;WIDTH:0.580122
G1 X104.053 Y107.782 E2.54258
;WIDTH:0.538448
G1 X104.074 Y107.833 E2.54485
;WIDTH:0.496774
G1 X104.094 Y107.883 E2.54688
;WIDTH:0.4551
G1 X104.115 Y107.934 E2.54877
;WIDTH:0.413428
G1 X104.115 Y109.414 E2.59437
;WIDTH:0.45004
G1 X104.097 Y109.535 E2.59851
M106 S221.85
;LAYER_CHANGE
;Z:5.55
;HEIGHT:0.2
G1 E.59851 F2400
G92 E0
G1 Z5.55 F7800
G1 X112.443 Y120.893
G1 E2 F2400
;TYPE:Perimeter
;WIDTH:0.58614
G1 F3600
G1 X112.443 Y89.107 E3.43574
G1 X112.986 Y89.107 E3.46027
G1 X112.986 Y120.893 E4.89601
G1 X112.503 Y120.893 E4.91783
M73 Q53 S10
G1 X111.968 Y121.368 F7800
;WIDTH:0.449999
G1 F3600
G1 X111.968 Y88.632 E6.0259
G1 X113.461 Y88.632 E6.07644
G1 X113.461 Y121.368 E7.18451
G1 X112.028 Y121.368 E7.23302
G1 X111.561 Y121.775 F7800
;TYPE:External perimeter
G1 F1800
G1 X111.561 Y88.225 E8.36865
G1 X113.868 Y88.225 E8.44674
G1 X113.868 Y121.775 E9.58237
G1 X111.621 Y121.775 E9.65843
G1 X111.561 Y121.379 F7800
G1 E7.65843 F2400
G92 E0
G1 X103.88 Y106.324 F7800
G1 E2 F2400
;TYPE:Perimeter
G1 F900
G1 X103.792 Y106.526 E2.00746
G1 X103.491 Y106.967 E2.02553
G1 X103.026 Y107.432 E2.04779
G1 X102.566 Y107.742 E2.06657
G1 X102.063 Y107.964 E2.08518
G1 X101.275 Y108.12 E2.11237
G1 X100.707 Y108.108 E2.1316
G1 X100.065 Y107.966 E2.15386
G1 X99.545 Y107.737 E2.17309
G1 X99.006 Y107.359 E2.19537
G1 X98.613 Y106.949 E2.21459
G1 X98.259 Y106.394 E2.23687
G1 X98.053 Y105.865 E2.25609
G1 X97.939 Y105.216 E2.27839
G1 X97.95 Y104.637 E2.29799
G1 X98.06 Y104.113 E2.31611
G1 X98.315 Y103.499 E2.33861
G1 X98.617 Y103.043 E2.35712
G1 X98.997 Y102.646 E2.37572
G1 X99.665 Y102.2 E2.40291
G1 X100.317 Y101.96 E2.42643
G1 X100.877 Y101.875 E2.4456
G1 X101.411 Y101.892 E2.46368
G1 X102.054 Y102.034 E2.48597
G1 X102.585 Y102.267 E2.5056
G1 X103.026 Y102.568 E2.52367
G1 X103.496 Y103.039 E2.54619
G1 X103.867 Y103.618 E2.56947
;WIDTH:0.49065
G1 X104.002 Y103.932 E2.58219
;WIDTH:0.5313
G1 X104.138 Y104.245 E2.59605
;WIDTH:0.569588
G1 X104.171 Y104.305 E2.59905
;WIDTH:0.607876
G1 X104.205 Y104.364 E2.60225
G1 X104.251 Y104.89 E2.62705
;WIDTH:0.575065
G1 X104.226 Y105.365 E2.6481
;WIDTH:0.571389
G1 X104.159 Y105.575 E2.65779
;WIDTH:0.530926
G1 X104.092 Y105.785 E2.66673
;WIDTH:0.490463
G1 X104.025 Y105.995 E2.67493
;WIDTH:0.449999
G1 X103.904 Y106.269 E2.68507
G1 X103.513 Y106.152 F7800
;TYPE:External perimeter
G1 F900
G1 X103.408 Y106.38 E2.69357
G1 X103.204 Y106.679 E2.70582
G1 X102.738 Y107.144 E2.7281
G1 X102.402 Y107.37 E2.74181
G1 X101.899 Y107.591 E2.76041
G1 X101.205 Y107.72 E2.7843
G1 X100.796 Y107.711 E2.79815
G1 X100.153 Y107.568 E2.82045
G1 X99.778 Y107.403 E2.83432
G1 X99.239 Y107.026 E2.85658
G1 X98.956 Y106.73 E2.87044
G1 X98.602 Y106.175 E2.89272
G1 X98.454 Y105.794 E2.90656
G1 X98.339 Y105.145 E2.92887
G1 X98.361 Y104.624 E2.94652
G1 X98.436 Y104.269 E2.9588
G1 X98.691 Y103.655 E2.9813
G1 X98.911 Y103.324 E2.99475
G1 X99.291 Y102.928 E3.01333
G1 X99.884 Y102.543 E3.03726
G1 X100.448 Y102.345 E3.05749
G1 X100.945 Y102.278 E3.07447
G1 X101.323 Y102.289 E3.08727
G1 X101.966 Y102.432 E3.10957
G1 X102.439 Y102.651 E3.12721
G1 X102.738 Y102.856 E3.13948
G1 X103.208 Y103.327 E3.162
G1 X103.518 Y103.829 E3.18197
G1 X103.714 Y104.389 E3.20205
G1 X103.782 Y104.89 E3.21916
G1 X103.77 Y105.264 E3.23183
G1 X103.627 Y105.906 E3.25409
G1 X103.539 Y106.098 E3.26124
G1 X103.351 Y106.451 F7800
G1 E1.26124 F2400
G92 E0
G1 X104.439 Y89.039 F7800
G1 E2 F2400
;TYPE:Perimeter
G1 F3600
G1 X104.439 Y103.993 E2.50617
G1 X104.215 Y103.407 E2.52741
G1 X103.784 Y102.752 E2.55395
G1 X103.315 Y102.281 E2.57645
G1 X102.757 Y101.898 E2.59936
G1 X102.142 Y101.637 E2.62197
G1 X101.499 Y101.494 E2.64427
G1 X100.825 Y101.472 E2.6671
G1 X100.186 Y101.575 E2.68901
G1 X99.446 Y101.857 E2.71582
G1 X98.703 Y102.365 E2.74629
G1 X98.213 Y102.899 E2.77082
G1 X97.939 Y103.343 E2.78848
G1 X97.684 Y103.957 E2.81098
;WIDTH:0.485863
G1 X97.626 Y104.123 E2.81746
;WIDTH:0.521727
G1 X97.568 Y104.288 E2.82442
;WIDTH:0.55759
G1 X97.509 Y104.454 E2.83196
G1 X97.496 Y104.616 E2.83892
;WIDTH:0.545376
G1 X97.491 Y105.295 E2.86729
;WIDTH:0.544169
G1 X97.599 Y105.711 E2.8852
;WIDTH:0.497084
G1 X97.706 Y106.127 E2.90142
;WIDTH:0.449999
G1 X97.916 Y106.613 E2.91934
G1 X98.392 Y107.325 E2.94833
G1 X98.772 Y107.693 E2.96624
G1 X99.485 Y108.168 E2.99524
G1 X99.977 Y108.363 E3.01315
G1 X100.817 Y108.529 E3.04213
G1 X101.346 Y108.521 E3.06004
G1 X102.227 Y108.336 E3.09051
G1 X102.885 Y108.03 E3.11507
G1 X103.314 Y107.72 E3.13299
G1 X103.779 Y107.254 E3.15527
G1 X104.085 Y106.833 E3.17289
G1 X104.35 Y106.294 E3.19322
G1 X104.439 Y106.007 E3.20339
G1 X104.439 Y120.961 E3.70956
G1 X96.946 Y120.961 E3.96319
G1 X96.946 Y105.997 E4.4697
;WIDTH:0.492629
G1 X96.967 Y105.524 E4.4874
;WIDTH:0.535259
G1 X96.989 Y105.051 E4.50678
;WIDTH:0.55759
G1 X97 Y104.404 E4.53447
G1 X96.982 Y104.206 E4.54298
;WIDTH:0.521727
G1 X96.964 Y104.008 E4.5509
;WIDTH:0.485863
G1 X96.946 Y103.809 E4.55826
;WIDTH:0.449999
G1 X96.946 Y89.039 E5.05821
G1 X104.379 Y89.039 E5.30981
G1 X104.846 Y88.632 F7800
G1 F3600
G1 X104.846 Y103.586 E5.81598
;WIDTH:0.489469
G1 X104.826 Y103.771 E5.82289
;WIDTH:0.528938
G1 X104.807 Y103.957 E5.83045
;WIDTH:0.568407
G1 X104.787 Y104.142 E5.83858
;WIDTH:0.607876
G1 X104.767 Y104.328 E5.84737
G1 X104.783 Y104.91 E5.87472
;WIDTH:0.575177
G1 X104.785 Y105.426 E5.89756
;WIDTH:0.571389
G1 X104.806 Y105.645 E5.90723
;WIDTH:0.530926
G1 X104.826 Y105.865 E5.91619
;WIDTH:0.490463
G1 X104.846 Y106.084 E5.92437
;WIDTH:0.449999
G1 X104.846 Y121.368 E6.44171
G1 X96.539 Y121.368 E6.72289
G1 X96.539 Y88.632 E7.83096
G1 X104.786 Y88.632 E8.11011
G1 X105.253 Y88.225 F7800
;TYPE:External perimeter
G1 F1800
G1 X105.253 Y121.775 E9.24574
G1 X104.541 Y121.775 E9.26984
M73 P54 R10
G1 X96.132 Y121.775 E9.55447
G1 X96.132 Y88.225 E10.6901
G1 X104.541 Y88.225 E10.97473
G1 X105.193 Y88.225 E10.9968
M73 Q54 S10
G1 X105.252 Y88.621 F7800
G1 E8.9968 F2400
G92 E0
G1 X104.315 Y101.796 F7800
G1 E2 F2400
;TYPE:Bridge infill
;WIDTH:0.431307
;HEIGHT:0.4
M106 S255
G1 F3600
G1 X103.809 Y102.314 E2.04399
G1 X103.462 Y101.98 E2.07325
G1 X104.112 Y101.315 E2.12974
G1 X104.112 Y100.627 E2.17153
G1 X103.065 Y101.697 E2.26246
G1 X102.612 Y101.472 E2.29318
G1 X104.112 Y99.938 E2.4235
G1 X104.112 Y99.25 E2.46529
G1 X102.111 Y101.296 E2.63913
G1 X101.558 Y101.173 E2.67354
G1 X104.112 Y98.562 E2.8954
G1 X104.112 Y98.309 E2.91077
G1 X103.302 Y98.782 E2.96775
G1 X103.287 Y98.717 E2.9718
G1 X100.919 Y101.139 E3.17755
G1 X100.335 Y101.206 E3.21326
G1 X100.134 Y101.252 E3.22579
G1 X103.159 Y98.16 E3.48854
G1 X103.031 Y97.602 E3.52331
G1 X97.273 Y103.489 E4.02352
G1 X97.273 Y102.801 E4.06531
M73 P54 R9
G1 X102.804 Y97.146 E4.5458
G1 X102.756 Y97.083 E4.55061
G1 X100.537 Y99.352 E4.74339
G1 X100.486 Y98.827 E4.77543
G1 X97.273 Y102.113 E5.05459
G1 X97.273 Y101.424 E5.09644
G1 X100.611 Y98.011 E5.38643
M106 S221.85
G1 E3.38643 F2400
G92 E0
G1 X101.471 Y112.178 F7800
G1 E2 F2400
;WIDTH:0.415636
M106 S255
G1 F3600
G1 X104.112 Y109.477 E2.21309
G1 X104.112 Y108.812 E2.2506
G1 X101.686 Y111.292 E2.4463
G1 X101.695 Y110.616 E2.48444
G1 X104.112 Y108.146 E2.67938
G1 X104.112 Y107.48 E2.71695
G1 X99.14 Y112.564 E3.11808
G1 X98.885 Y112.158 E3.14512
G1 X102.317 Y108.649 E3.422
G1 X102.058 Y108.727 E3.43726
G1 X101.491 Y108.828 E3.46975
G1 X98.281 Y112.109 E3.72867
G1 X97.273 Y112.824 E3.79838
G1 X97.273 Y112.475 E3.81807
G1 X100.812 Y108.856 E4.1036
G1 X100.554 Y108.826 E4.11825
G1 X100.255 Y108.759 E4.13553
G1 X97.273 Y111.809 E4.37615
G1 X97.273 Y111.143 E4.41372
G1 X99.734 Y108.626 E4.61229
G1 X99.279 Y108.426 E4.64033
G1 X97.273 Y110.477 E4.80216
G1 X97.273 Y109.811 E4.83973
G1 X98.88 Y108.167 E4.96941
G1 X98.501 Y107.889 E4.99592
G1 X97.273 Y109.145 E5.09501
G1 X97.273 Y108.479 E5.13258
G1 X98.168 Y107.563 E5.20482
G1 X97.891 Y107.181 E5.23144
G1 X97.273 Y107.813 E5.2813
G1 X97.273 Y107.147 E5.31887
G1 X97.634 Y106.778 E5.34799
G1 X97.43 Y106.32 E5.37627
G1 X97.07 Y106.688 E5.40531
M106 S221.85
M106 S204
;LAYER_CHANGE
;Z:5.75
;HEIGHT:0.2
G1 E3.40531 F2400
G92 E0
G1 Z5.75 F7800
G1 X112.403 Y120.88
G1 E2 F2400
;TYPE:Perimeter
;WIDTH:0.612329
G1 F3600
G1 X112.403 Y89.12 E3.50373
G1 X112.973 Y89.12 E3.53072
G1 X112.973 Y120.88 E5.03445
G1 X112.463 Y120.88 E5.0586
G1 X111.915 Y121.368 F7800
;WIDTH:0.449999
G1 F3600
G1 X111.915 Y88.632 E6.16667
G1 X113.461 Y88.632 E6.219
G1 X113.461 Y121.368 E7.32707
G1 X111.975 Y121.368 E7.37737
G1 X111.508 Y121.775 F7800
;TYPE:External perimeter
G1 F1800
G1 X111.508 Y88.225 E8.513
G1 X113.868 Y88.225 E8.59288
G1 X113.868 Y121.775 E9.72851
G1 X111.568 Y121.775 E9.80636
G1 X111.509 Y121.379 F7800
G1 E7.80636 F2400
G92 E0
G1 X103.884 Y106.317 F7800
G1 E2 F2400
;TYPE:Perimeter
G1 F900
G1 X103.795 Y106.522 E2.00756
G1 X103.491 Y106.967 E2.0258
G1 X103.023 Y107.434 E2.04818
G1 X102.553 Y107.748 E2.06731
G1 X101.942 Y108.001 E2.08969
G1 X101.402 Y108.11 E2.10834
G1 X100.853 Y108.122 E2.12693
G1 X100.065 Y107.966 E2.15412
G1 X99.545 Y107.737 E2.17335
G1 X99.005 Y107.359 E2.19566
G1 X98.606 Y106.945 E2.21512
G1 X98.317 Y106.507 E2.23288
G1 X98.095 Y106.004 E2.25149
G1 X97.939 Y105.217 E2.27865
G1 X97.967 Y104.522 E2.30219
G1 X98.1 Y103.98 E2.32108
G1 X98.322 Y103.486 E2.33941
G1 X98.699 Y102.947 E2.36167
G1 X99.21 Y102.475 E2.38522
G1 X99.688 Y102.186 E2.40413
G1 X100.195 Y101.994 E2.42248
G1 X100.846 Y101.879 E2.44486
G1 X101.411 Y101.892 E2.46399
G1 X102.054 Y102.034 E2.48628
G1 X102.581 Y102.265 E2.50576
G1 X103.124 Y102.649 E2.52827
G1 X103.584 Y103.151 E2.55132
G1 X103.873 Y103.629 E2.57023
G1 X104.099 Y104.258 E2.59285
G1 X104.184 Y104.81 E2.61175
G1 X104.172 Y105.325 E2.62919
G1 X104.025 Y105.995 E2.65241
G1 X103.908 Y106.262 E2.66228
M73 P55 R9
G1 X103.517 Y106.146 F7800
;TYPE:External perimeter
G1 F900
G1 X103.411 Y106.376 E2.67085
G1 X103.203 Y106.679 E2.68329
G1 X102.736 Y107.146 E2.70564
G1 X102.398 Y107.372 E2.7194
G1 X101.787 Y107.624 E2.74177
G1 X101.393 Y107.703 E2.75537
G1 X100.844 Y107.715 E2.77396
G1 X100.153 Y107.568 E2.79787
G1 X99.778 Y107.403 E2.81174
G1 X99.239 Y107.026 E2.834
G1 X98.888 Y106.646 E2.85151
G1 X98.689 Y106.343 E2.86378
G1 X98.468 Y105.84 E2.88238
G1 X98.34 Y105.146 E2.90627
G1 X98.373 Y104.549 E2.92651
G1 X98.503 Y104.056 E2.94377
G1 X98.656 Y103.719 E2.9563
G1 X99.033 Y103.18 E2.97856
G1 X99.479 Y102.781 E2.99882
G1 X99.919 Y102.525 E3.01605
G1 X100.265 Y102.395 E3.02856
G1 X100.917 Y102.28 E3.05097
G1 X101.323 Y102.289 E3.06472
G1 X101.966 Y102.432 E3.08702
G1 X102.443 Y102.654 E3.10483
G1 X102.883 Y102.977 E3.12331
G1 X103.278 Y103.42 E3.1434
G1 X103.537 Y103.869 E3.16095
G1 X103.714 Y104.389 E3.17954
G1 X103.782 Y104.89 E3.19665
G1 X103.77 Y105.264 E3.20932
G1 X103.627 Y105.906 E3.23158
G1 X103.542 Y106.092 E3.2385
G1 X103.355 Y106.445 F7800
G1 E1.2385 F2400
G92 E0
G1 X104.491 Y89.039 F7800
G1 E2 F2400
;TYPE:Perimeter
G1 F3600
G1 X104.491 Y103.576 E2.49206
G1 X104.511 Y104.324 E2.51739
;WIDTH:0.430574
G1 X104.475 Y104.13 E2.52375
;WIDTH:0.449999
G1 X104.225 Y103.425 E2.54907
G1 X103.89 Y102.883 E2.57064
G1 X103.365 Y102.321 E2.59667
G1 X102.753 Y101.896 E2.62189
G1 X102.142 Y101.637 E2.64435
G1 X101.301 Y101.471 E2.67337
G1 X100.776 Y101.478 E2.69114
M73 Q55 S10
G1 X100.124 Y101.593 E2.71355
G1 X99.484 Y101.833 E2.73669
G1 X98.942 Y102.169 E2.75828
G1 X98.366 Y102.713 E2.7851
G1 X97.989 Y103.252 E2.80736
G1 X97.758 Y103.728 E2.82527
;WIDTH:0.49184
G1 X97.683 Y103.913 E2.83272
;WIDTH:0.53368
G1 X97.608 Y104.097 E2.84083
;WIDTH:0.57552
G1 X97.532 Y104.282 E2.84969
G1 X97.508 Y104.492 E2.85905
;WIDTH:0.553989
G1 X97.491 Y105.296 E2.89322
;WIDTH:0.544192
G1 X97.607 Y105.732 E2.91203
;WIDTH:0.497096
G1 X97.723 Y106.168 E2.92907
;WIDTH:0.449999
G1 X97.944 Y106.671 E2.94767
G1 X98.306 Y107.22 E2.96993
G1 X98.772 Y107.693 E2.99241
G1 X99.485 Y108.168 E3.02141
G1 X99.977 Y108.363 E3.03932
G1 X100.862 Y108.529 E3.0698
G1 X101.587 Y108.498 E3.09436
G1 X102.098 Y108.377 E3.11214
G1 X102.885 Y108.03 E3.14125
G1 X103.311 Y107.722 E3.15904
G1 X103.779 Y107.255 E3.18142
G1 X104.087 Y106.829 E3.19921
G1 X104.351 Y106.293 E3.21943
G1 X104.491 Y105.77 E3.23776
G1 X104.491 Y120.961 E3.75196
G1 X96.946 Y120.961 E4.00735
G1 X96.946 Y105.997 E4.51386
;WIDTH:0.493007
G1 X96.967 Y105.511 E4.53207
;WIDTH:0.536015
G1 X96.989 Y105.025 E4.55202
;WIDTH:0.57552
G1 X97.009 Y104.213 E4.58799
G1 X96.988 Y104.067 E4.59452
;WIDTH:0.53368
G1 X96.967 Y103.921 E4.60054
;WIDTH:0.49184
G1 X96.946 Y103.774 E4.60608
;WIDTH:0.449999
G1 X96.946 Y89.039 E5.10484
G1 X104.431 Y89.039 E5.3582
G1 E3.3582 F2400
G92 E0
G1 X104.511 Y104.324 F7800
G1 E2 F2400
;WIDTH:0.41128
G1 F900
G1 X104.527 Y104.607 E2.00868
;WIDTH:0.378356
G1 X104.544 Y104.89 E2.01659
;WIDTH:0.36731
G1 X104.533 Y105.388 E2.03003
G1 E.03003 F2400
G92 E0
G1 X104.898 Y88.632 F7800
G1 E2 F2400
;WIDTH:0.449999
G1 F3600
G1 X104.898 Y121.368 E3.10807
G1 X96.539 Y121.368 E3.39101
G1 X96.539 Y88.632 E4.49908
G1 X104.838 Y88.632 E4.77999
G1 X105.305 Y88.225 F7800
;TYPE:External perimeter
G1 F1800
G1 X105.305 Y121.775 E5.91562
G1 X104.578 Y121.775 E5.94023
G1 X96.132 Y121.775 E6.22612
G1 X96.132 Y88.225 E7.36175
M73 Q55 S9
G1 X104.578 Y88.225 E7.64764
G1 X105.245 Y88.225 E7.67022
G1 X105.305 Y88.621 F7800
G1 E5.67022 F2400
G92 E0
G1 X97.251 Y89.802 F7800
G1 E2 F2400
;TYPE:Internal infill
;WIDTH:0.45
;HEIGHT:0.4
G1 F4800
G1 X97.251 Y92.245 E2.14795
G1 X97.542 Y92.552 E2.17357
G1 X97.806 Y93.207 E2.21634
G1 X97.786 Y93.862 E2.25603
G1 X97.637 Y94.19 E2.27785
G1 X97.251 Y94.626 E2.31312
G1 X97.251 Y97.486 E2.48632
G1 X97.542 Y97.793 E2.51194
G1 X97.806 Y98.448 E2.55471
G1 X97.786 Y99.104 E2.59446
G1 X97.637 Y99.431 E2.61622
G1 X97.251 Y99.867 E2.65149
G1 X97.251 Y100.811 E2.70866
G1 X100.342 Y97.651 E2.97636
G1 X100.257 Y97.466 E2.98869
G1 X99.355 Y96.483 E3.06948
G1 X99.09 Y95.828 E3.11227
G1 X99.111 Y95.173 E3.15196
G1 X99.26 Y94.845 E3.17378
G1 X100.162 Y93.862 E3.25457
G1 X100.427 Y93.207 E3.29736
G1 X100.407 Y92.552 E3.33705
G1 X100.257 Y92.224 E3.35889
G1 X99.355 Y91.242 E3.43964
G1 X99.09 Y90.586 E3.48249
G1 X99.111 Y89.931 E3.52218
G1 X99.26 Y89.604 E3.54394
G1 X99.484 Y89.344 E3.56472
G1 X102.53 Y89.344 E3.74919
G1 X101.976 Y89.931 E3.79807
G1 X101.711 Y90.586 E3.84086
G1 X101.731 Y91.242 E3.88061
G1 X101.881 Y91.569 E3.9024
G1 X102.783 Y92.552 E3.98319
G1 X103.048 Y93.207 E4.02598
G1 X103.027 Y93.862 E4.06567
G1 X102.878 Y94.19 E4.08749
G1 X101.976 Y95.173 E4.16828
G1 X101.711 Y95.828 E4.21107
G1 X101.731 Y96.483 E4.25076
G1 X101.881 Y96.81 E4.27255
G1 X102.135 Y97.105 E4.29612
G1 X102.798 Y96.427 E4.35355
G1 X103.378 Y97.196 E4.41188
G1 X103.497 Y97.714 E4.44407
G1 X101.953 Y98.517 F7800
;HEIGHT:0.2
G1 F4800
G1 X102.64 Y97.814 E4.47734
G1 X102.966 Y99.238 E4.52679
G1 X102.878 Y99.431 E4.53397
G1 X102.567 Y99.788 E4.55
G1 X103.473 Y100.14 E4.5829
G1 X104.186 Y100.591 E4.61146
G1 X104.186 Y99.965 E4.63265
G1 X104.372 Y101.716 F7800
;TYPE:Top solid infill
;WIDTH:0.401233
G1 F900
G1 X103.031 Y100.375 E4.68915
G1 X102.503 Y100.166 E4.70607
G1 X102.261 Y100.111 E4.71346
G1 X104.211 Y102.062 E4.79564
G1 X104.211 Y102.569 E4.81075
G1 X101.642 Y99.999 E4.91902
G1 X101.095 Y99.96 E4.93536
G1 X102.695 Y101.559 E5.00275
G1 X102.467 Y101.453 E5.01024
G1 X102.206 Y101.364 E5.01846
G1 X101.933 Y101.304 E5.02679
G1 X100.611 Y99.982 E5.08249
G1 X100.476 Y99.989 E5.08652
G1 X100.173 Y100.051 E5.09573
G1 X101.313 Y101.191 E5.14376
G1 X100.811 Y101.196 E5.15872
G1 X99.753 Y100.137 E5.20332
G1 X99.636 Y100.161 E5.20688
G1 X99.364 Y100.255 E5.21545
G1 X100.373 Y101.265 E5.25799
G1 X99.953 Y101.351 E5.27076
G1 X99.005 Y100.403 E5.3107
G1 X98.659 Y100.564 E5.32207
G1 X99.584 Y101.489 E5.36104
G1 X99.24 Y101.651 E5.37237
G1 X98.353 Y100.764 E5.40974
G1 X98.047 Y100.965 E5.42065
G1 X98.922 Y101.84 E5.45752
G1 X98.638 Y102.063 E5.46828
G1 X97.763 Y101.188 E5.50515
G1 X97.547 Y101.377 E5.5137
G1 X97.498 Y101.43 E5.51585
G1 X98.368 Y102.3 E5.55251
G1 X98.127 Y102.566 E5.5632
G1 X97.255 Y101.693 E5.59996
G1 X97.226 Y101.723 E5.6012
G1 X97.226 Y102.171 E5.61455
G1 X97.919 Y102.864 E5.64375
G1 X97.716 Y103.168 E5.65464
G1 X97.226 Y102.678 E5.67529
G1 X97.226 Y103.185 E5.6904
G1 X97.553 Y103.512 E5.70418
G1 X97.396 Y103.862 E5.71561
G1 X97.066 Y103.531 E5.72954
G1 E3.72954 F2400
G92 E0
G1 X99.478 Y99.761 F7800
G1 E2 F2400
;TYPE:Internal infill
;WIDTH:0.45
G1 F4800
G1 X100.086 Y99.139 E2.02944
G1 X99.507 Y99.801 E2.05921
M73 P56 R9
G1 X100.137 Y99.668 E2.081
G1 X100.109 Y99.383 E2.09069
G1 E.09069 F2400
G92 E0
G1 X104.041 Y107.123 F7800
G1 E2 F2400
;TYPE:Top solid infill
;WIDTH:0.420722
G1 F900
G1 X104.211 Y107.293 E2.00755
G1 X104.211 Y107.827 E2.02433
G1 X103.907 Y107.523 E2.03784
G1 X103.639 Y107.79 E2.04972
G1 X104.211 Y108.362 E2.07513
G1 X104.211 Y108.896 E2.09191
G1 X103.359 Y108.044 E2.12976
G1 X103.043 Y108.262 E2.14182
G1 X103.928 Y109.147 E2.18114
G1 X103.599 Y109.353 E2.19333
G1 X102.684 Y108.438 E2.23398
G1 X102.306 Y108.594 E2.24683
G1 X103.244 Y109.532 E2.2885
G1 X102.899 Y109.697 E2.30051
G1 X102.88 Y109.703 E2.30114
G1 X101.9 Y108.722 E2.3447
G1 X101.439 Y108.795 E2.35936
G1 X102.483 Y109.839 E2.40574
G1 X102.052 Y109.943 E2.41967
G1 X100.918 Y108.809 E2.47005
G1 X100.563 Y108.78 E2.48124
G1 X100.296 Y108.721 E2.48983
G1 X101.589 Y110.014 E2.54727
G1 X101.084 Y110.044 E2.56316
G1 X99.539 Y108.498 E2.63182
G1 X99.154 Y108.302 E2.64539
G1 X98.608 Y107.92 E2.66632
G1 X98.401 Y107.738 E2.67498
G1 X98.096 Y107.405 E2.68917
G1 X97.795 Y106.98 E2.70553
M73 Q56 S9
G1 X97.58 Y106.539 E2.72094
G1 X97.226 Y106.186 E2.73664
G1 X97.226 Y106.72 E2.75342
G1 X100.522 Y110.015 E2.89983
G1 X99.875 Y109.903 E2.92046
G1 X97.226 Y107.254 E3.03815
G1 X97.226 Y107.788 E3.05493
G1 X99.071 Y109.633 E3.1369
G1 X98.82 Y109.519 E3.14556
G1 X98.226 Y109.175 E3.16712
G1 X98.088 Y109.076 E3.17246
G1 X97.564 Y108.637 E3.19393
G1 X97.066 Y108.162 E3.21555
G1 E1.21555 F2400
G92 E0
G1 X97.641 Y112.038 F7800
G1 E2 F2400
;TYPE:Internal infill
;WIDTH:0.45
G1 F4800
G1 X97.251 Y112.314 E2.01617
G1 X97.251 Y110.35 E2.08265
G1 X97.637 Y109.914 E2.10236
G1 X97.786 Y109.586 E2.11455
G1 X97.794 Y109.329 E2.12325
G1 X98.639 Y109.856 E2.15696
G1 X99.568 Y110.215 E2.19067
G1 X99.26 Y110.569 E2.20655
G1 X99.111 Y110.896 E2.21871
G1 X99.09 Y111.552 E2.24093
G1 X99.367 Y112.119 E2.26229
G1 X100.899 Y110.552 E2.33647
G1 X102.142 Y110.89 F7800
G1 F4800
G1 X102.926 Y110.089 E2.37441
G1 X102.639 Y110.191 E2.38472
G1 X102.122 Y110.741 E2.41027
G1 X102.128 Y110.318 E2.42459
G1 X102.442 Y110.241 E2.43553
G1 E.43553 F2400
G92 E0
G1 X99.061 Y113.245 F7800
G1 E2 F2400
;HEIGHT:0.4
G1 F4800
G1 X98.556 Y112.44 E2.05755
G1 X97.339 Y113.303 E2.1479
G1 X97.542 Y113.517 E2.16576
G1 X97.806 Y114.172 E2.20853
G1 X97.786 Y114.827 E2.24822
G1 X97.637 Y115.155 E2.27004
G1 X97.251 Y115.591 E2.30531
G1 X97.251 Y118.451 E2.47851
G1 X97.542 Y118.758 E2.50413
G1 X97.806 Y119.414 E2.54695
G1 X97.786 Y120.069 E2.58664
G1 X97.637 Y120.396 E2.6084
G1 X97.413 Y120.656 E2.62918
G1 X99.608 Y120.656 E2.76211
G1 X100.162 Y120.069 E2.81099
G1 X100.427 Y119.414 E2.85378
G1 X100.407 Y118.758 E2.89353
G1 X100.257 Y118.431 E2.91532
G1 X99.355 Y117.448 E2.99611
G1 X99.09 Y116.793 E3.0389
G1 X99.111 Y116.138 E3.07859
G1 X99.26 Y115.81 E3.10041
G1 X100.162 Y114.827 E3.1812
G1 X100.427 Y114.172 E3.22399
G1 X100.407 Y113.517 E3.26368
G1 X100.257 Y113.19 E3.28547
G1 X99.908 Y112.791 E3.31757
G1 X101.256 Y111.413 E3.43431
G1 X101.232 Y113.046 E3.53322
G1 X101.834 Y112.431 E3.58534
G1 X102.783 Y113.517 E3.67268
G1 X103.048 Y114.172 E3.71547
G1 X103.027 Y114.827 E3.75516
G1 X102.878 Y115.155 E3.77698
G1 X101.976 Y116.138 E3.85777
G1 X101.711 Y116.793 E3.90056
G1 X101.731 Y117.448 E3.94025
G1 X101.881 Y117.776 E3.96209
G1 X102.783 Y118.758 E4.04284
G1 X103.048 Y119.414 E4.08569
G1 X103.027 Y120.069 E4.12538
G1 X102.878 Y120.396 E4.14714
G1 X102.654 Y120.656 E4.16792
G1 X104.134 Y120.656 E4.25755
G1 X104.134 Y119.693 E4.31587
M106 S229.5
;LAYER_CHANGE
;Z:5.95
;HEIGHT:0.2
G1 E2.31587 F2400
G92 E0
G1 Z5.95 F7800
G1 X112.354 Y120.863
G1 E2 F2400
;TYPE:Perimeter
;WIDTH:0.645616
G1 F3600
G1 X112.354 Y89.137 E3.58993
G1 X112.956 Y89.137 E3.6201
G1 X112.956 Y120.863 E5.21003
G1 X112.414 Y120.863 E5.23719
G1 X111.849 Y121.368 F7800
;WIDTH:0.449999
G1 F3600
G1 X111.849 Y88.632 E6.34526
G1 X113.461 Y88.632 E6.39982
G1 X113.461 Y121.368 E7.50789
G1 X111.909 Y121.368 E7.56042
G1 X111.442 Y121.775 F7800
;TYPE:External perimeter
G1 F1800
G1 X111.442 Y88.225 E8.69605
G1 X113.868 Y88.225 E8.77817
G1 X113.868 Y121.775 E9.9138
G1 X111.502 Y121.775 E9.99389
G1 X111.442 Y121.379 F7800
G1 E7.99389 F2400
G92 E0
G1 X105.293 Y104.234 F7800
G1 E2 F2400
;WIDTH:0.607162
G1 F900
G1 X105.311 Y104.607 E2.01752
;WIDTH:0.573023
G1 X105.328 Y104.979 E2.03393
;WIDTH:0.586961
G1 X105.304 Y105.441 E2.05486
;WIDTH:0.635038
G1 X105.28 Y105.903 E2.07764
;WIDTH:0.637748
G1 X105.278 Y105.922 E2.07858
G1 X105.289 Y105.522 F7800
G1 E.07858 F2400
G92 E0
G1 X104.557 Y108.624 F7800
G1 E2 F2400
;TYPE:Perimeter
;WIDTH:0.449999
G1 F3600
G1 X104.558 Y120.961 E2.41759
G1 X96.946 Y120.961 E2.67525
G1 X96.946 Y107.888 E3.11775
G1 X97.561 Y108.623 E3.15019
G1 X98.263 Y109.186 E3.18065
G1 X99.214 Y109.686 E3.21702
G1 X100.037 Y109.933 E3.24611
G1 X100.73 Y110.024 E3.26977
G1 X101.804 Y109.981 E3.30615
G1 X102.658 Y109.776 E3.33588
G1 X103.444 Y109.437 E3.36485
G1 X104.02 Y109.074 E3.3879
G1 X104.511 Y108.662 E3.4096
G1 X104.965 Y107.461 F7800
G1 F3600
G1 X104.965 Y121.368 E3.88033
G1 X96.539 Y121.368 E4.16554
G1 X96.539 Y106.741 E4.66065
G1 X96.525 Y105.865 E4.69031
G1 X96.802 Y106.821 E4.724
G1 X97.191 Y107.543 E4.75176
G1 X97.823 Y108.311 E4.78543
G1 X98.459 Y108.83 E4.81322
G1 X99.336 Y109.298 E4.84687
G1 X100.099 Y109.53 E4.87386
G1 X100.722 Y109.617 E4.89515
G1 X101.716 Y109.583 E4.92882
G1 X102.502 Y109.399 E4.95614
G1 X103.233 Y109.089 E4.98302
G1 X103.758 Y108.762 E5.00396
G1 X104.37 Y108.236 E5.03128
G1 X104.821 Y107.699 E5.05502
G1 X104.934 Y107.513 E5.06239
G1 E3.06239 F2400
G92 E0
G1 X96.518 Y105.8 F7800
G1 E2 F2400
M73 P57 R9
;WIDTH:0.40804
G1 F900
G1 X96.501 Y105.424 E2.01143
;WIDTH:0.374115
G1 X96.484 Y105.048 E2.0218
;WIDTH:0.370811
G1 X96.499 Y104.649 E2.03269
;WIDTH:0.401432
G1 X96.515 Y104.25 E2.04459
;WIDTH:0.416218
G1 X96.522 Y104.16 E2.04739
G1 E.04739 F2400
G92 E0
G1 X103.1 Y100.411 F7800
G1 E2 F2400
;WIDTH:0.449999
G1 F3600
G1 X102.51 Y100.176 E2.0215
G1 X101.846 Y100.026 E2.04454
G1 X100.99 Y99.963 E2.07359
G1 X100.314 Y100.019 E2.09655
G1 X99.46 Y100.224 E2.12628
G1 X98.655 Y100.575 E2.15601
G1 X97.938 Y101.046 E2.18505
G1 X97.45 Y101.485 E2.20727
G1 X96.946 Y102.106 E2.23434
G1 X96.946 Y89.039 E2.67664
G1 X104.558 Y89.039 E2.9343
G1 X104.558 Y101.394 E3.3525
G1 X104.209 Y101.073 E3.36855
G1 X103.306 Y100.493 E3.40488
G1 X103.155 Y100.433 E3.41038
G1 E1.41038 F2400
G92 E0
G1 X104.763 Y102.26 F7800
G1 E2 F2400
G1 F3600
M73 Q57 S9
G1 X104.572 Y101.983 E2.01139
G1 X103.983 Y101.412 E2.03916
G1 X103.15 Y100.869 E2.07282
G1 X102.413 Y100.571 E2.09973
G1 X101.811 Y100.431 E2.12065
G1 X101.016 Y100.369 E2.14764
G1 X100.402 Y100.417 E2.16849
G1 X99.616 Y100.601 E2.19581
G1 X98.874 Y100.918 E2.22312
G1 X98.206 Y101.352 E2.25008
G1 X97.756 Y101.754 E2.2705
G1 X97.354 Y102.224 E2.29143
G1 X96.928 Y102.909 E2.31873
G1 X96.631 Y103.646 E2.34563
G1 X96.522 Y104.16 E2.36342
G1 X96.539 Y103.635 E2.3812
G1 X96.539 Y88.632 E2.88903
G1 X104.965 Y88.632 E3.17424
G1 X104.965 Y102.551 E3.64538
G1 X104.798 Y102.309 E3.65533
G1 E1.65533 F2400
G92 E0
G1 X105.372 Y88.225 F7800
G1 E2 F2400
;TYPE:External perimeter
G1 F1800
G1 X105.372 Y103.709 E2.52411
;WIDTH:0.48929
G1 X105.352 Y103.84 E2.52903
;WIDTH:0.528581
G1 X105.333 Y103.972 E2.53442
;WIDTH:0.567872
G1 X105.313 Y104.103 E2.5402
;WIDTH:0.607162
G1 X105.293 Y104.234 E2.54642
G1 X105.241 Y104.104 E2.55299
;WIDTH:0.567872
G1 X105.188 Y103.974 E2.55912
;WIDTH:0.528581
G1 X105.135 Y103.843 E2.56483
;WIDTH:0.48929
G1 X105.083 Y103.713 E2.57003
;WIDTH:0.449999
G1 X104.795 Y103.03 E2.59512
G1 X104.284 Y102.271 E2.62609
G1 X103.757 Y101.75 E2.65117
G1 X102.994 Y101.245 E2.68214
G1 X102.317 Y100.967 E2.70691
G1 X101.775 Y100.837 E2.72578
G1 X101.043 Y100.775 E2.75065
G1 X100.49 Y100.814 E2.76941
G1 X99.772 Y100.977 E2.79433
G1 X99.093 Y101.261 E2.81924
G1 X98.475 Y101.658 E2.8441
G1 X98.062 Y102.022 E2.86273
G1 X97.697 Y102.442 E2.88156
G1 X97.304 Y103.065 E2.90649
G1 X97.026 Y103.743 E2.93129
G1 X96.896 Y104.284 E2.95012
G1 X96.835 Y105.018 E2.97505
G1 X96.903 Y105.755 E3.0001
G1 X97.163 Y106.633 E3.03109
G1 X97.509 Y107.288 E3.05616
G1 X98.084 Y107.999 E3.08711
G1 X98.655 Y108.473 E3.11223
G1 X99.459 Y108.909 E3.14319
G1 X100.16 Y109.128 E3.16805
G1 X100.713 Y109.21 E3.18697
G1 X101.628 Y109.186 E3.21795
G1 X102.346 Y109.023 E3.24287
G1 X103.022 Y108.741 E3.26766
G1 X103.496 Y108.45 E3.28649
G1 X104.059 Y107.974 E3.31145
G1 X104.532 Y107.405 E3.3365
G1 X104.968 Y106.6 E3.36749
;WIDTH:0.496937
G1 X105.046 Y106.431 E3.37452
;WIDTH:0.543874
G1 X105.123 Y106.261 E3.38229
;WIDTH:0.590811
G1 X105.201 Y106.091 E3.39081
;WIDTH:0.637748
G1 X105.278 Y105.922 E3.4
G1 X105.287 Y105.961 E3.40198
;WIDTH:0.619082
G1 X105.309 Y106.137 E3.41048
;WIDTH:0.576812
G1 X105.33 Y106.312 E3.4183
;WIDTH:0.534541
G1 X105.351 Y106.487 E3.42551
;WIDTH:0.49227
G1 X105.372 Y106.663 E3.43213
;WIDTH:0.449999
G1 X105.372 Y121.775 E3.94365
G1 X104.63 Y121.775 E3.96877
G1 X96.132 Y121.775 E4.25642
G1 X96.132 Y88.225 E5.39205
G1 X104.63 Y88.225 E5.6797
G1 X105.312 Y88.225 E5.70278
G1 X105.371 Y88.621 F7800
M106 S211.65
;LAYER_CHANGE
;Z:6.15
;HEIGHT:0.2
G1 E3.70278 F2400
G92 E0
G1 Z6.15 F7800
G1 X112.173 Y120.961
G1 E2 F2400
;TYPE:Perimeter
G1 F3600
G1 X112.173 Y89.039 E3.08052
G1 X113.054 Y89.039 E3.11034
G1 X113.054 Y120.961 E4.19086
G1 X112.233 Y120.961 E4.21865
G1 X111.766 Y121.368 F7800
G1 F3600
G1 X111.766 Y88.632 E5.32672
G1 X113.461 Y88.632 E5.38409
G1 X113.461 Y121.368 E6.49216
G1 X111.826 Y121.368 E6.5475
G1 X111.359 Y121.775 F7800
;TYPE:External perimeter
G1 F1800
G1 X111.359 Y88.225 E7.68313
G1 X113.868 Y88.225 E7.76806
G1 X113.868 Y121.775 E8.90369
G1 X111.419 Y121.775 E8.98659
G1 X111.359 Y121.379 F7800
G1 E6.98659 F2400
G92 E0
G1 X112.444 Y89.31 F7800
G1 E2 F2400
;TYPE:Solid infill
;WIDTH:0.3818
G1 F1200
G1 X112.783 Y89.31 E2.00955
G1 X112.783 Y120.69 E2.89378
G1 X112.444 Y120.69 E2.90333
M73 P58 R9
G1 X112.444 Y89.514 E3.78181
G1 E1.78181 F2400
M73 Q58 S9
G92 E0
G1 X105.102 Y106.087 F7800
G1 E2 F2400
;TYPE:External perimeter
;WIDTH:0.415297
G1 F900
G1 X105.061 Y106.245 E2.00505
;WIDTH:0.449999
G1 X104.968 Y106.6 E2.01747
G1 X104.532 Y107.405 E2.04846
G1 X104.059 Y107.974 E2.07351
G1 X103.496 Y108.45 E2.09847
G1 X102.696 Y108.894 E2.12944
G1 X101.99 Y109.12 E2.15453
G1 X101.081 Y109.224 E2.1855
G1 X100.534 Y109.192 E2.20405
G1 X99.806 Y109.034 E2.22927
G1 X99.124 Y108.755 E2.25421
G1 X98.647 Y108.468 E2.27305
G1 X98.084 Y107.999 E2.29785
G1 X97.724 Y107.592 E2.31624
G1 X97.321 Y106.967 E2.34141
G1 X97.036 Y106.287 E2.36637
G1 X96.901 Y105.747 E2.38521
G1 X96.835 Y105.018 E2.40999
G1 X96.896 Y104.284 E2.43492
G1 X97.026 Y103.743 E2.45375
G1 X97.304 Y103.065 E2.47855
G1 X97.697 Y102.442 E2.50348
G1 X98.062 Y102.022 E2.52231
G1 X98.477 Y101.657 E2.54102
G1 X99.093 Y101.261 E2.56581
G1 X99.772 Y100.977 E2.59072
G1 X100.49 Y100.814 E2.61564
G1 X101.033 Y100.776 E2.63406
G1 X101.775 Y100.837 E2.65926
G1 X102.316 Y100.967 E2.67809
G1 X102.994 Y101.245 E2.70289
G1 X103.757 Y101.75 E2.73386
G1 X104.284 Y102.271 E2.75894
G1 X104.795 Y103.03 E2.78991
G1 X105.083 Y103.713 E2.815
G1 X105.129 Y103.982 E2.82424
;WIDTH:0.409208
G1 X105.175 Y104.25 E2.83252
;WIDTH:0.368417
G1 X105.225 Y104.987 E2.85251
;WIDTH:0.380595
G1 X105.153 Y105.889 E2.87792
;WIDTH:0.415297
G1 X105.117 Y106.029 E2.8824
G1 X105.016 Y106.416 F7800
G1 E.8824 F2400
G92 E0
G1 X104.641 Y108.539 F7800
G1 E2 F2400
;TYPE:Perimeter
;WIDTH:0.449999
G1 F3600
G1 X104.641 Y120.961 E2.42047
G1 X96.946 Y120.961 E2.68094
G1 X96.946 Y107.892 E3.12331
G1 X97.112 Y108.13 E3.13313
G1 X97.561 Y108.623 E3.1557
G1 X98.225 Y109.164 E3.18469
G1 X98.812 Y109.507 E3.2077
G1 X99.631 Y109.829 E3.23749
G1 X100.481 Y110.004 E3.26686
G1 X101.17 Y110.033 E3.2902
G1 X102.235 Y109.897 E3.32654
G1 X103.087 Y109.608 E3.35699
G1 X104.02 Y109.074 E3.39338
G1 X104.595 Y108.578 E3.41908
G1 X105.048 Y107.31 F7800
G1 F3600
G1 X105.048 Y121.368 E3.89493
G1 X96.539 Y121.368 E4.18295
G1 X96.539 Y106.365 E4.69078
G1 X96.522 Y105.84 E4.70856
G1 X96.659 Y106.443 E4.72949
G1 X96.978 Y107.186 E4.75686
G1 X97.418 Y107.861 E4.78413
G1 X97.823 Y108.311 E4.80462
G1 X98.436 Y108.816 E4.8315
G1 X98.968 Y109.131 E4.85243
G1 X99.719 Y109.432 E4.87982
G1 X100.508 Y109.598 E4.90711
G1 X101.125 Y109.628 E4.92802
G1 X102.113 Y109.509 E4.9617
G1 X102.892 Y109.251 E4.98948
G1 X103.758 Y108.762 E5.02314
G1 X104.37 Y108.236 E5.05046
G1 X104.821 Y107.699 E5.0742
G1 X105.018 Y107.362 E5.08741
G1 E3.08741 F2400
G92 E0
G1 X96.518 Y105.8 F7800
G1 E2 F2400
;WIDTH:0.408072
G1 F900
G1 X96.501 Y105.424 E2.01143
;WIDTH:0.374132
G1 X96.484 Y105.048 E2.0218
;WIDTH:0.370812
G1 X96.499 Y104.649 E2.03269
;WIDTH:0.401432
G1 X96.515 Y104.25 E2.04459
;WIDTH:0.416218
G1 X96.522 Y104.16 E2.04739
G1 E.04739 F2400
G92 E0
G1 X104.641 Y101.477 F7800
G1 E2 F2400
;WIDTH:0.449999
G1 F3600
G1 X104.209 Y101.073 E2.02002
G1 X103.306 Y100.493 E2.05635
G1 X102.51 Y100.176 E2.08535
G1 X101.844 Y100.026 E2.10846
G1 X100.979 Y99.963 E2.13782
G1 X100.314 Y100.019 E2.16041
G1 X99.46 Y100.224 E2.19014
G1 X98.655 Y100.575 E2.21987
G1 X97.94 Y101.045 E2.24883
G1 X97.45 Y101.485 E2.27112
G1 X96.946 Y102.106 E2.29819
G1 X96.946 Y89.039 E2.74049
G1 X104.641 Y89.039 E3.00096
G1 X104.641 Y101.417 E3.41994
G1 X105.048 Y102.675 F7800
G1 F3600
G1 X104.572 Y101.983 E3.44837
G1 X103.983 Y101.412 E3.47614
G1 X103.15 Y100.869 E3.5098
G1 X102.413 Y100.571 E3.53671
G1 X101.81 Y100.431 E3.55766
G1 X101.006 Y100.37 E3.58495
G1 X100.402 Y100.417 E3.60546
G1 X99.616 Y100.601 E3.63278
G1 X98.874 Y100.918 E3.66009
G1 X98.208 Y101.351 E3.68698
G1 X97.756 Y101.754 E3.70748
G1 X97.354 Y102.224 E3.72841
G1 X96.928 Y102.909 E3.75571
G1 X96.631 Y103.646 E3.78261
G1 X96.522 Y104.16 E3.8004
G1 X96.539 Y103.635 E3.81818
G1 X96.539 Y88.632 E4.32601
G1 X105.048 Y88.632 E4.61403
G1 X105.048 Y102.615 E5.08734
G1 E3.08734 F2400
G92 E0
G1 X105.455 Y88.225 F7800
G1 E2 F2400
;TYPE:External perimeter
G1 F1800
G1 X105.455 Y103.698 E2.52374
G1 X105.476 Y103.979 E2.53328
;WIDTH:0.407175
G1 X105.498 Y104.261 E2.54185
;WIDTH:0.364351
G1 X105.514 Y105.032 E2.56246
;WIDTH:0.36131
G1 X105.499 Y105.503 E2.57494
;WIDTH:0.389834
G1 X105.485 Y105.974 E2.58853
;WIDTH:0.419917
G1 X105.47 Y106.325 E2.59954
;WIDTH:0.449999
G1 X105.455 Y106.675 E2.6114
G1 X105.455 Y121.775 E3.12252
G1 X104.697 Y121.775 E3.14818
G1 X96.132 Y121.775 E3.43809
G1 X96.132 Y88.225 E4.57372
M73 P58 R8
G1 X104.697 Y88.225 E4.86363
G1 X105.395 Y88.225 E4.88726
G1 X105.454 Y88.621 F7800
G1 E2.88726 F2400
G92 E0
G1 X104.253 Y91.819 F7800
G1 E2 F2400
;TYPE:Internal infill
;WIDTH:0.45
;HEIGHT:0.4
G1 F4800
G1 X104.253 Y94.262 E2.14795
G1 X103.916 Y94.845 E2.18873
G1 X103.969 Y95.173 E2.20885
G1 X104.253 Y95.889 E2.2555
G1 X104.253 Y99.503 E2.47436
G1 X103.916 Y100.086 E2.51514
M73 P59 R8
G1 X104.04 Y100.595 E2.54687
G1 X103.426 Y100.212 E2.59069
G1 X102.882 Y99.997 E2.62611
G1 X103.303 Y99.759 E2.6554
G1 X103.464 Y99.431 E2.67753
G1 X103.41 Y99.104 E2.6976
G1 X103.155 Y98.448 E2.74022
G1 X102.615 Y97.793 E2.79163
G1 X101.456 Y97.138 E2.87225
G1 X101.295 Y96.81 E2.89438
G1 X101.349 Y96.483 E2.91445
G1 X101.603 Y95.828 E2.95699
G1 X102.144 Y95.173 E3.00844
G1 X103.303 Y94.517 E3.08909
G1 X103.464 Y94.19 E3.11116
G1 X103.41 Y93.862 E3.13129
G1 X103.155 Y93.207 E3.17386
G1 X102.615 Y92.552 E3.22527
G1 X101.456 Y91.897 E3.30589
G1 X101.295 Y91.569 E3.32802
G1 X101.349 Y91.242 E3.34809
G1 X101.603 Y90.586 E3.39069
G1 X102.144 Y89.931 E3.44214
G1 X103.182 Y89.344 E3.51436
G1 X104.043 Y89.344 E3.5665
G1 X103.916 Y89.604 E3.58402
G1 X103.969 Y89.931 E3.60408
G1 X104.253 Y90.648 E3.65078
G1 X104.253 Y91.819 E3.7217
G1 E1.7217 F2400
G92 E0
G1 X101.054 Y99.665 F7800
G1 E2 F2400
G1 F4800
G1 X100.442 Y99.693 E2.0371
G1 X99.56 Y99.874 E2.09163
G1 X98.695 Y100.211 E2.14785
G1 X98.674 Y100.086 E2.15553
G1 X98.835 Y99.759 E2.1776
G1 X99.994 Y99.104 E2.25822
G1 X100.535 Y98.448 E2.30971
G1 X100.79 Y97.793 E2.35228
G1 X100.843 Y97.466 E2.37234
G1 X100.682 Y97.138 E2.39447
G1 X99.523 Y96.483 E2.47509
G1 X98.983 Y95.828 E2.5265
G1 X98.728 Y95.173 E2.56907
G1 X98.674 Y94.845 E2.5892
G1 X98.835 Y94.517 E2.61133
G1 X99.994 Y93.862 E2.69195
G1 X100.535 Y93.207 E2.7434
G1 X100.79 Y92.552 E2.78597
G1 X100.843 Y92.224 E2.80609
G1 X100.682 Y91.897 E2.82816
G1 X99.523 Y91.242 E2.90878
G1 X98.983 Y90.586 E2.96024
G1 X98.728 Y89.931 E3.00281
G1 X98.674 Y89.604 E3.02288
G1 X98.802 Y89.344 E3.04043
G1 X97.941 Y89.344 E3.09257
G1 X97.251 Y89.734 E3.14057
G1 X97.251 Y92.483 E3.30705
G1 X97.374 Y92.552 E3.31559
M73 Q59 S9
G1 X97.914 Y93.207 E3.367
G1 X98.169 Y93.862 E3.40957
G1 X98.223 Y94.19 E3.4297
G1 X98.061 Y94.517 E3.4518
G1 X97.251 Y94.975 E3.50815
G1 X97.251 Y97.724 E3.67463
G1 X97.374 Y97.793 E3.68317
G1 X97.914 Y98.448 E3.73458
G1 X98.169 Y99.104 E3.7772
G1 X98.223 Y99.431 E3.79727
G1 X98.061 Y99.759 E3.81942
G1 X97.251 Y100.217 E3.87577
G1 X97.251 Y101.26 E3.93893
G1 X97.744 Y100.81 E3.97935
G1 X98.355 Y100.407 E4.02368
G1 E2.02368 F2400
G92 E0
G1 X97.615 Y109.067 F7800
G1 E2 F2400
G1 F4800
G1 X97.251 Y108.744 E2.02947
G1 X97.251 Y110.699 E2.14786
G1 X98.061 Y110.241 E2.20421
G1 X98.223 Y109.914 E2.22631
G1 X98.118 Y109.455 E2.25483
G1 X98.689 Y109.787 E2.29483
G1 X99.238 Y110.014 E2.33081
G1 X98.835 Y110.241 E2.35882
G1 X98.674 Y110.569 E2.38095
G1 X98.728 Y110.896 E2.40102
G1 X98.983 Y111.552 E2.44364
G1 X99.523 Y112.207 E2.49505
G1 X100.682 Y112.862 E2.57567
G1 X100.843 Y113.19 E2.5978
G1 X100.79 Y113.517 E2.61786
G1 X100.535 Y114.172 E2.66043
G1 X99.994 Y114.827 E2.71188
G1 X98.835 Y115.483 E2.79253
G1 X98.674 Y115.81 E2.8146
G1 X98.728 Y116.138 E2.83473
G1 X98.983 Y116.793 E2.8773
G1 X99.523 Y117.448 E2.92871
G1 X100.682 Y118.103 E3.00933
G1 X100.843 Y118.431 E3.03146
G1 X100.79 Y118.758 E3.05152
G1 X100.535 Y119.414 E3.09414
G1 X99.994 Y120.069 E3.14559
G1 X98.956 Y120.656 E3.21781
G1 X98.095 Y120.656 E3.26995
G1 X98.223 Y120.396 E3.2875
G1 X98.169 Y120.069 E3.30757
G1 X97.914 Y119.414 E3.35014
G1 X97.374 Y118.758 E3.4016
G1 X97.251 Y118.689 E3.41014
G1 X97.251 Y115.941 E3.57656
G1 X98.061 Y115.483 E3.63291
G1 X98.223 Y115.155 E3.65506
G1 X98.169 Y114.827 E3.67519
G1 X97.914 Y114.172 E3.71776
G1 X97.374 Y113.517 E3.76917
G1 X97.251 Y113.448 E3.77771
G1 X97.251 Y111.005 E3.92566
G1 E1.92566 F2400
G92 E0
G1 X104.253 Y119.129 F7800
G1 E2 F2400
G1 F4800
G1 X104.253 Y116.855 E2.13771
G1 X103.969 Y116.138 E2.18441
G1 X103.916 Y115.81 E2.20453
G1 X104.253 Y115.227 E2.24531
G1 X104.253 Y111.613 E2.46417
G1 X103.969 Y110.896 E2.51087
G1 X103.916 Y110.569 E2.53093
G1 X104.253 Y109.986 E2.57171
G1 X104.253 Y109.277 E2.61465
G1 X103.44 Y109.769 E2.6722
G1 X103.464 Y109.914 E2.6811
G1 X103.303 Y110.241 E2.70317
G1 X102.144 Y110.896 E2.78379
G1 X101.603 Y111.552 E2.83528
G1 X101.349 Y112.207 E2.87782
G1 X101.295 Y112.534 E2.89789
G1 X101.456 Y112.862 E2.92002
G1 X102.615 Y113.517 E3.00064
G1 X103.155 Y114.172 E3.05205
G1 X103.41 Y114.827 E3.09462
G1 X103.464 Y115.155 E3.11475
G1 X103.303 Y115.483 E3.13688
G1 X102.144 Y116.138 E3.2175
G1 X101.603 Y116.793 E3.26895
G1 X101.349 Y117.448 E3.31149
G1 X101.295 Y117.776 E3.33162
G1 X101.456 Y118.103 E3.35369
G1 X102.615 Y118.758 E3.43431
G1 X103.155 Y119.414 E3.48577
G1 X103.41 Y120.069 E3.52834
G1 X103.464 Y120.396 E3.54841
G1 X103.336 Y120.656 E3.56596
G1 X104.253 Y120.656 E3.62149
G1 X104.253 Y119.129 E3.71397
M106 S216.75
;LAYER_CHANGE
;Z:6.35
;HEIGHT:0.2
G1 E1.71397 F2400
G92 E0
G1 Z6.35 F7800
G1 X112.071 Y120.961
G1 E2 F2400
;TYPE:Perimeter
;WIDTH:0.449999
G1 F3600
G1 X112.071 Y89.039 E3.08052
G1 X113.054 Y89.039 E3.11379
G1 X113.054 Y120.961 E4.19431
G1 X112.131 Y120.961 E4.22555
G1 X111.664 Y121.368 F7800
G1 F3600
G1 X111.664 Y88.632 E5.33362
G1 X113.461 Y88.632 E5.39445
G1 X113.461 Y121.368 E6.50252
G1 X111.724 Y121.368 E6.56132
G1 X111.257 Y121.775 F7800
;TYPE:External perimeter
G1 F1800
G1 X111.257 Y88.225 E7.69695
G1 X113.868 Y88.225 E7.78533
G1 X113.868 Y121.775 E8.92096
G1 X111.317 Y121.775 E9.00731
G1 X111.258 Y121.379 F7800
G1 E7.00731 F2400
G92 E0
G1 X112.368 Y89.336 F7800
G1 E2 F2400
;TYPE:Solid infill
;WIDTH:0.432437
G1 F1200
G1 X112.758 Y89.336 E2.01263
G1 X112.758 Y120.664 E3.0273
G1 X112.368 Y120.664 E3.03993
G1 X112.368 Y89.539 E4.04802
G1 E2.04802 F2400
M73 P60 R8
M73 Q59 S8
G92 E0
G1 X105.122 Y106.093 F7800
G1 E2 F2400
;TYPE:External perimeter
;WIDTH:0.449999
G1 F900
G1 X105.093 Y106.253 E2.0055
G1 X104.814 Y106.935 E2.03044
G1 X104.54 Y107.393 E2.04851
G1 X104.059 Y107.974 E2.07404
G1 X103.496 Y108.45 E2.099
G1 X102.696 Y108.894 E2.12997
G1 X101.99 Y109.12 E2.15506
G1 X101.081 Y109.224 E2.18603
G1 X100.521 Y109.19 E2.20502
G1 X99.806 Y109.034 E2.22979
G1 X99.124 Y108.755 E2.25473
G1 X98.647 Y108.468 E2.27357
G1 X98.084 Y107.999 E2.29837
G1 X97.716 Y107.583 E2.31717
G1 X97.32 Y106.966 E2.34199
G1 X97.036 Y106.287 E2.3669
G1 X96.905 Y105.769 E2.38499
G1 X96.835 Y105.018 E2.41052
G1 X96.896 Y104.284 E2.43545
G1 X97.026 Y103.743 E2.45428
M73 Q60 S8
G1 X97.304 Y103.065 E2.47908
G1 X97.697 Y102.442 E2.50401
G1 X98.327 Y101.778 E2.53499
G1 X99.089 Y101.264 E2.5661
G1 X99.772 Y100.977 E2.59118
G1 X100.49 Y100.814 E2.6161
G1 X101.023 Y100.776 E2.63419
G1 X101.775 Y100.837 E2.65973
G1 X102.316 Y100.967 E2.67856
G1 X102.994 Y101.245 E2.70336
G1 X103.471 Y101.532 E2.7222
G1 X104.034 Y102.001 E2.747
G1 X104.402 Y102.417 E2.7658
G1 X104.798 Y103.034 E2.79062
G1 X105.083 Y103.713 E2.81555
G1 X105.198 Y104.234 E2.83361
;WIDTH:0.420827
G1 X105.25 Y104.985 E2.85727
;WIDTH:0.398882
G1 X105.226 Y105.514 E2.87294
;WIDTH:0.424441
G1 X105.16 Y105.883 E2.88483
;WIDTH:0.449999
G1 X105.133 Y106.034 E2.89002
G1 X105.019 Y106.418 F7800
G1 E.89002 F2400
G92 E0
G1 X104.742 Y108.426 F7800
G1 E2 F2400
;TYPE:Perimeter
G1 F3600
G1 X104.742 Y120.961 E2.42429
G1 X96.946 Y120.961 E2.68817
G1 X96.946 Y107.894 E3.13047
G1 X97.104 Y108.119 E3.13978
G1 X97.561 Y108.623 E3.16281
G1 X98.225 Y109.164 E3.1918
G1 X98.812 Y109.507 E3.21481
G1 X99.63 Y109.829 E3.24457
G1 X100.468 Y110.003 E3.27354
G1 X101.17 Y110.033 E3.29732
G1 X102.235 Y109.897 E3.33366
G1 X103.087 Y109.608 E3.36411
G1 X104.02 Y109.074 E3.4005
G1 X104.697 Y108.466 E3.4313
G1 X105.149 Y107.173 F7800
G1 F3600
G1 X105.149 Y121.368 E3.91178
G1 X96.539 Y121.368 E4.20322
G1 X96.539 Y106.367 E4.71099
G1 X96.524 Y105.863 E4.72806
G1 X96.659 Y106.443 E4.74822
G1 X96.977 Y107.185 E4.77555
G1 X97.41 Y107.851 E4.80244
G1 X97.823 Y108.311 E4.82337
G1 X98.436 Y108.816 E4.85025
G1 X98.968 Y109.131 E4.87118
G1 X99.718 Y109.432 E4.89853
G1 X100.494 Y109.596 E4.92538
G1 X101.125 Y109.628 E4.94677
G1 X102.113 Y109.509 E4.98045
G1 X102.892 Y109.251 E5.00823
G1 X103.758 Y108.762 E5.04189
G1 X104.372 Y108.235 E5.06928
G1 X104.889 Y107.603 E5.09692
G1 X105.118 Y107.224 E5.11191
G1 E3.11191 F2400
G92 E0
G1 X96.52 Y105.823 F7800
G1 E2 F2400
;WIDTH:0.412496
G1 F900
G1 X96.502 Y105.437 E2.01187
;WIDTH:0.376428
G1 X96.484 Y105.05 E2.02261
;WIDTH:0.370899
G1 X96.499 Y104.65 E2.03353
;WIDTH:0.401438
G1 X96.515 Y104.25 E2.04546
;WIDTH:0.41622
G1 X96.522 Y104.16 E2.04826
G1 E.04826 F2400
G92 E0
G1 X104.742 Y101.57 F7800
G1 E2 F2400
;WIDTH:0.449999
G1 F3600
G1 X104.557 Y101.377 E2.00905
G1 X103.893 Y100.836 E2.03804
G1 X103.306 Y100.493 E2.06105
G1 X102.51 Y100.176 E2.09005
G1 X101.843 Y100.026 E2.11319
G1 X100.968 Y99.964 E2.14288
G1 X100.314 Y100.019 E2.1651
G1 X99.46 Y100.224 E2.19483
G1 X98.637 Y100.587 E2.22528
G1 X97.739 Y101.215 E2.26237
G1 X97.134 Y101.848 E2.29201
G1 X96.946 Y102.106 E2.30282
G1 X96.946 Y89.039 E2.74512
G1 X104.742 Y89.039 E3.009
G1 X104.742 Y101.51 E3.43113
G1 X105.145 Y102.813 F7800
G1 F3600
G1 X104.708 Y102.149 E3.45804
G1 X104.295 Y101.689 E3.47897
G1 X103.682 Y101.184 E3.50585
G1 X103.15 Y100.869 E3.52678
G1 X102.413 Y100.571 E3.55369
G1 X101.809 Y100.431 E3.57468
G1 X100.995 Y100.37 E3.60231
G1 X100.402 Y100.417 E3.62245
G1 X99.616 Y100.6 E3.64977
G1 X98.863 Y100.925 E3.67753
G1 X98.033 Y101.497 E3.71165
G1 X97.354 Y102.224 E3.74532
G1 X96.928 Y102.909 E3.77262
G1 X96.631 Y103.646 E3.79952
G1 X96.522 Y104.16 E3.81731
G1 X96.539 Y103.635 E3.83509
G1 X96.539 Y88.632 E4.34292
G1 X105.149 Y88.632 E4.63436
G1 X105.149 Y102.111 E5.09061
G1 X105.145 Y102.753 E5.11234
G1 E3.11234 F2400
G92 E0
G1 X105.556 Y88.225 F7800
G1 E2 F2400
;TYPE:External perimeter
G1 F1800
G1 X105.556 Y103.686 E2.52334
G1 X105.573 Y104.246 E2.5423
;WIDTH:0.416091
G1 X105.59 Y105.022 E2.56638
;WIDTH:0.403025
G1 X105.58 Y105.579 E2.58306
;WIDTH:0.449999
G1 X105.556 Y106.303 E2.60758
G1 X105.556 Y121.775 E3.13129
G1 X104.78 Y121.775 E3.15756
G1 X96.132 Y121.775 E3.45028
G1 X96.132 Y88.225 E4.58591
G1 X104.78 Y88.225 E4.87863
G1 X105.496 Y88.225 E4.90287
G1 X105.556 Y88.621 F7800
M106 S211.65
;LAYER_CHANGE
;Z:6.55
;HEIGHT:0.2
G1 E2.90287 F2400
G92 E0
G1 Z6.55 F7800
G1 X111.951 Y120.961
G1 E2 F2400
;TYPE:Perimeter
G1 F3600
G1 X111.951 Y89.039 E3.08052
G1 X113.054 Y89.039 E3.11786
G1 X113.054 Y120.961 E4.19838
G1 X112.011 Y120.961 E4.23368
G1 X111.544 Y121.368 F7800
G1 F3600
G1 X111.544 Y88.632 E5.34175
G1 X113.461 Y88.632 E5.40664
G1 X113.461 Y121.368 E6.51471
G1 X111.604 Y121.368 E6.57757
M73 P61 R8
G1 X111.137 Y121.775 F7800
;TYPE:External perimeter
G1 F1800
G1 X111.137 Y88.225 E7.7132
G1 X113.868 Y88.225 E7.80564
M73 Q61 S8
G1 X113.868 Y121.775 E8.94127
G1 X111.197 Y121.775 E9.03168
G1 X111.137 Y121.379 F7800
G1 E7.03168 F2400
G92 E0
G1 X112.277 Y89.366 F7800
G1 E2 F2400
;TYPE:Solid infill
;WIDTH:0.492833
G1 F1200
G1 X112.727 Y89.366 E2.01683
G1 X112.727 Y120.634 E3.18658
G1 X112.277 Y120.634 E3.20341
G1 X112.277 Y89.569 E4.36556
G1 E2.36556 F2400
G92 E0
G1 X105.139 Y106.098 F7800
G1 E2 F2400
;TYPE:External perimeter
;WIDTH:0.491957
G1 F900
G1 X104.968 Y106.6 E2.0198
;WIDTH:0.449999
G1 X104.532 Y107.404 E2.05076
G1 X104.059 Y107.974 E2.07583
G1 X103.496 Y108.45 E2.10079
G1 X103.022 Y108.741 E2.11962
G1 X102.346 Y109.023 E2.14441
G1 X101.628 Y109.186 E2.16933
G1 X101.072 Y109.225 E2.1882
G1 X100.521 Y109.19 E2.20689
G1 X99.806 Y109.034 E2.23166
G1 X99.124 Y108.755 E2.2566
G1 X98.361 Y108.25 E2.28757
G1 X97.743 Y107.615 E2.31756
G1 X97.321 Y106.967 E2.34374
G1 X96.994 Y106.147 E2.37362
G1 X96.853 Y105.387 E2.39978
G1 X96.849 Y104.65 E2.42473
G1 X96.974 Y103.924 E2.44967
G1 X97.302 Y103.069 E2.48067
G1 X97.697 Y102.442 E2.50575
G1 X98.062 Y102.022 E2.52458
G1 X98.771 Y101.45 E2.55542
G1 X99.426 Y101.104 E2.58049
G1 X100.127 Y100.88 E2.6054
G1 X101.003 Y100.777 E2.63526
G1 X101.774 Y100.837 E2.66144
G1 X102.316 Y100.967 E2.68031
G1 X102.994 Y101.245 E2.70511
G1 X103.757 Y101.75 E2.73608
G1 X104.284 Y102.271 E2.76116
G1 X104.795 Y103.03 E2.79213
G1 X105.083 Y103.713 E2.81722
;WIDTH:0.479785
G1 X105.232 Y104.25 E2.83746
G1 X105.28 Y104.983 E2.86414
;WIDTH:0.491957
G1 X105.208 Y105.895 E2.8983
G1 X105.159 Y106.042 E2.90409
G1 X105.03 Y106.42 F7800
G1 X104.863 Y108.282
;TYPE:Perimeter
;WIDTH:0.449999
G1 F3600
G1 X104.863 Y120.961 E3.33326
G1 X96.946 Y120.961 E3.60124
G1 X96.946 Y107.889 E4.04371
G1 X97.156 Y108.18 E4.05586
G1 X97.909 Y108.927 E4.09176
G1 X98.812 Y109.507 E4.12809
G1 X99.63 Y109.829 E4.15785
G1 X100.468 Y110.003 E4.18682
G1 X101.126 Y110.037 E4.20912
G1 X101.804 Y109.981 E4.23215
G1 X102.658 Y109.776 E4.26188
G1 X103.444 Y109.437 E4.29085
G1 X104.02 Y109.074 E4.3139
G1 X104.557 Y108.623 E4.33764
G1 X104.823 Y108.327 E4.35111
G1 X105.27 Y106.905 F7800
G1 F3600
G1 X105.27 Y121.368 E4.84066
G1 X96.539 Y121.368 E5.13619
G1 X96.539 Y105.938 E5.65848
G1 X96.615 Y106.296 E5.67087
G1 X96.979 Y107.187 E5.70345
G1 X97.449 Y107.897 E5.73227
G1 X98.135 Y108.588 E5.76523
G1 X98.968 Y109.131 E5.79889
G1 X99.718 Y109.432 E5.82624
G1 X100.494 Y109.596 E5.85309
G1 X101.099 Y109.631 E5.8736
G1 X101.716 Y109.583 E5.89455
G1 X102.502 Y109.399 E5.92187
G1 X103.233 Y109.089 E5.94875
G1 X103.758 Y108.762 E5.96969
G1 X104.37 Y108.236 E5.99701
G1 X104.889 Y107.6 E6.0248
G1 X105.241 Y106.958 E6.04958
G1 E4.04958 F2400
G92 E0
G1 X96.495 Y105.448 F7800
G1 E2 F2400
;WIDTH:0.361904
G1 F900
G1 X96.495 Y104.551 E2.02379
G1 E.02379 F2400
G92 E0
G1 X104.861 Y101.694 F7800
G1 E2 F2400
;WIDTH:0.449999
G1 F3600
G1 X104.209 Y101.073 E2.03048
G1 X103.306 Y100.493 E2.06681
G1 X102.51 Y100.176 E2.09581
G1 X101.841 Y100.025 E2.11902
G1 X100.912 Y99.968 E2.15052
G1 X99.883 Y100.103 E2.18565
G1 X99.05 Y100.382 E2.21539
G1 X98.261 Y100.815 E2.24585
G1 X97.45 Y101.485 E2.28146
G1 X96.946 Y102.106 E2.30853
G1 X96.946 Y89.039 E2.75083
G1 X104.863 Y89.039 E3.01881
G1 X104.863 Y100.993 E3.42344
G1 X104.861 Y101.634 E3.44514
G1 X105.27 Y103.102 F7800
G1 F3600
G1 X105.134 Y102.804 E3.45623
G1 X104.572 Y101.983 E3.48991
G1 X103.983 Y101.412 E3.51768
G1 X103.15 Y100.869 E3.55134
G1 X102.413 Y100.571 E3.57825
G1 X101.808 Y100.431 E3.59927
G1 X100.958 Y100.372 E3.62811
G1 X100.005 Y100.491 E3.66062
G1 X99.238 Y100.743 E3.68795
G1 X98.516 Y101.132 E3.71571
G1 X97.756 Y101.754 E3.74895
G1 X97.354 Y102.224 E3.76988
G1 X96.923 Y102.922 E3.79765
G1 X96.573 Y103.853 E3.83132
G1 X96.534 Y104.202 E3.84321
;WIDTH:0.405996
G1 X96.495 Y104.551 E3.85381
G1 X96.517 Y104.2 E3.86443
;WIDTH:0.449999
G1 X96.539 Y103.85 E3.8763
G1 X96.539 Y88.632 E4.39141
G1 X105.27 Y88.632 E4.68694
G1 X105.27 Y103.042 E5.1747
G1 E3.1747 F2400
G92 E0
G1 X105.677 Y88.225 F7800
G1 E2 F2400
;TYPE:External perimeter
G1 F1800
M73 P62 R8
G1 X105.677 Y103.672 E2.52286
;WIDTH:0.474346
G1 X105.665 Y104.264 E2.5441
G1 X105.68 Y105.044 E2.57209
;WIDTH:0.487377
G1 X105.658 Y106.008 E2.60773
G1 X105.677 Y106.709 E2.63365
;WIDTH:0.449999
G1 X105.677 Y121.775 E3.14362
G1 X104.881 Y121.775 E3.17056
M73 Q62 S8
G1 X96.132 Y121.775 E3.4667
G1 X96.132 Y88.225 E4.60233
G1 X104.881 Y88.225 E4.89847
G1 X105.617 Y88.225 E4.92338
G1 X105.676 Y88.621 F7800
G1 E2.92338 F2400
G92 E0
G1 X103.642 Y89.344 F7800
G1 E2 F2400
;TYPE:Internal infill
;WIDTH:0.45
;HEIGHT:0.4
G1 F4800
G1 X104.437 Y89.344 E2.04815
G1 X104.437 Y90.992 E2.14795
G1 X103.362 Y89.988 E2.23703
G1 X103.035 Y89.867 E2.25815
G1 X102.379 Y89.903 E2.29794
G1 X101.724 Y90.226 E2.34217
G1 X100.741 Y91.185 E2.42534
G1 X100.414 Y91.306 E2.44646
G1 X99.759 Y91.269 E2.48619
G1 X99.104 Y90.947 E2.53039
G1 X98.121 Y89.988 E2.61356
G1 X97.793 Y89.867 E2.63473
G1 X97.251 Y89.897 E2.6676
G1 X97.251 Y92.58 E2.83008
G1 X97.793 Y92.846 E2.86664
G1 X98.776 Y93.806 E2.94985
G1 X99.104 Y93.926 E2.971
G1 X99.759 Y93.89 E3.01073
G1 X100.414 Y93.568 E3.05493
G1 X101.397 Y92.608 E3.13814
G1 X101.724 Y92.488 E3.15923
G1 X102.379 Y92.524 E3.19896
G1 X103.035 Y92.846 E3.24322
G1 X104.017 Y93.806 E3.32639
G1 X104.437 Y93.921 E3.35276
G1 X104.437 Y96.234 E3.49284
G1 X103.362 Y95.229 E3.58196
G1 X103.035 Y95.108 E3.60308
G1 X102.379 Y95.145 E3.64287
G1 X101.724 Y95.467 E3.68707
G1 X100.741 Y96.426 E3.77024
G1 X100.414 Y96.547 E3.79136
G1 X99.759 Y96.511 E3.83109
G1 X99.104 Y96.188 E3.87532
G1 X98.121 Y95.229 E3.95849
G1 X97.793 Y95.108 E3.97966
G1 X97.251 Y95.138 E4.01253
G1 X97.251 Y97.581 E4.16048
G1 E2.16048 F2400
G92 E0
G1 X100.448 Y99.703 F7800
G1 E2 F2400
G1 F4800
G1 X99.348 Y99.941 E2.06816
G1 X98.691 Y100.213 E2.11122
G1 X98.169 Y100.511 E2.14762
G1 X97.793 Y100.35 E2.17239
G1 X97.251 Y100.38 E2.20526
G1 X97.251 Y97.821 E2.36023
G1 X97.793 Y98.088 E2.39682
G1 X98.776 Y99.047 E2.47999
G1 X99.104 Y99.168 E2.50116
G1 X99.759 Y99.131 E2.54089
G1 X100.414 Y98.809 E2.58509
G1 X101.397 Y97.85 E2.66826
G1 X101.724 Y97.729 E2.68938
G1 X102.379 Y97.765 E2.72911
G1 X103.035 Y98.088 E2.77339
G1 X104.017 Y99.047 E2.85651
G1 X104.437 Y99.163 E2.8829
G1 X104.437 Y100.87 E2.98628
G1 X103.839 Y100.445 E3.03071
G1 E1.03071 F2400
G92 E0
G1 X101.682 Y110.296 F7800
G1 E2 F2400
G1 F4800
G1 X102.771 Y110.059 E2.06749
G1 X103.598 Y109.701 E2.12206
G1 X103.957 Y109.479 E2.14762
G1 X104.437 Y109.645 E2.17838
G1 X104.437 Y111.958 E2.31846
G1 X103.362 Y110.953 E2.40758
G1 X103.035 Y110.832 E2.4287
G1 X102.379 Y110.869 E2.46849
G1 X101.724 Y111.191 E2.51269
G1 X100.741 Y112.15 E2.59586
G1 X100.414 Y112.271 E2.61698
G1 X99.759 Y112.235 E2.65671
G1 X99.104 Y111.912 E2.70094
G1 X98.121 Y110.953 E2.78411
G1 X97.793 Y110.832 E2.80528
G1 X97.251 Y110.862 E2.83815
G1 X97.251 Y113.545 E3.00063
G1 X97.793 Y113.812 E3.03722
G1 X98.776 Y114.771 E3.12039
G1 X99.104 Y114.892 E3.14156
G1 X99.759 Y114.855 E3.18129
G1 X100.414 Y114.533 E3.22549
G1 X101.397 Y113.574 E3.30866
G1 X101.724 Y113.453 E3.32978
G1 X102.379 Y113.489 E3.36951
G1 X103.035 Y113.812 E3.41379
G1 X104.017 Y114.771 E3.49691
G1 X104.437 Y114.887 E3.5233
G1 X104.437 Y117.199 E3.66331
G1 X103.362 Y116.194 E3.75243
G1 X103.035 Y116.074 E3.77352
G1 X102.379 Y116.11 E3.81331
G1 X101.724 Y116.432 E3.85751
G1 X100.741 Y117.392 E3.94072
G1 X100.414 Y117.512 E3.96181
G1 X99.759 Y117.476 E4.00154
G1 X99.104 Y117.154 E4.04574
G1 X98.121 Y116.194 E4.12895
G1 X97.793 Y116.074 E4.1501
G1 X97.251 Y116.104 E4.18297
G1 X97.251 Y118.786 E4.34539
G1 X97.793 Y119.053 E4.38198
G1 X98.776 Y120.012 E4.46515
G1 X99.104 Y120.133 E4.48632
G1 X99.759 Y120.097 E4.52605
G1 X100.414 Y119.774 E4.57028
G1 X101.397 Y118.815 E4.65345
G1 X101.724 Y118.694 E4.67457
G1 X102.379 Y118.731 E4.7143
G1 X103.035 Y119.053 E4.75856
G1 X104.017 Y120.012 E4.84168
G1 X104.437 Y120.128 E4.86807
G1 X104.437 Y120.656 E4.90005
G1 X102.522 Y120.656 E5.01602
M106 S216.75
;LAYER_CHANGE
;Z:6.75
;HEIGHT:0.2
G1 E3.01602 F2400
G92 E0
G1 Z6.75 F7800
G1 X111.807 Y120.961
G1 E2 F2400
;TYPE:Perimeter
;WIDTH:0.449999
G1 F3600
G1 X111.807 Y89.039 E3.08052
G1 X113.054 Y89.039 E3.12273
G1 X113.054 Y120.961 E4.20325
G1 X111.867 Y120.961 E4.24343
G1 X111.4 Y121.368 F7800
G1 F3600
G1 X111.4 Y88.632 E5.3515
G1 X113.461 Y88.632 E5.42126
G1 X113.461 Y121.368 E6.52933
G1 X111.46 Y121.368 E6.59706
G1 X110.993 Y121.775 F7800
;TYPE:External perimeter
G1 F1800
G1 X110.993 Y88.225 E7.73269
G1 X113.868 Y88.225 E7.83001
G1 X113.868 Y121.775 E8.96564
G1 X111.053 Y121.775 E9.06092
G1 X110.993 Y121.379 F7800
G1 E7.06092 F2400
G92 E0
G1 X112.691 Y89.402 F7800
G1 E2 F2400
;TYPE:Solid infill
;WIDTH:0.564677
G1 F1200
G1 X112.691 Y120.598 E3.35342
G1 X112.17 Y120.598 E3.37602
M73 P63 R8
M73 Q63 S8
G1 X112.17 Y89.402 E4.72944
G1 X112.488 Y89.402 E4.74324
G1 E2.74324 F2400
G92 E0
G1 X105.167 Y106.095 F7800
G1 E2 F2400
;TYPE:External perimeter
;WIDTH:0.564019
G1 F900
G1 X105.152 Y106.133 E2.00177
;WIDTH:0.526013
G1 X105.06 Y106.366 E2.01183
;WIDTH:0.488006
G1 X104.968 Y106.6 E2.02114
;WIDTH:0.449999
G1 X104.532 Y107.404 E2.0521
G1 X104.059 Y107.974 E2.07717
G1 X103.496 Y108.45 E2.10213
G1 X102.696 Y108.894 E2.1331
G1 X101.99 Y109.12 E2.15819
G1 X101.081 Y109.224 E2.18916
G1 X100.521 Y109.19 E2.20815
G1 X99.806 Y109.034 E2.23292
G1 X99.124 Y108.755 E2.25786
G1 X98.647 Y108.468 E2.2767
G1 X98.084 Y107.999 E2.3015
G1 X97.716 Y107.583 E2.3203
G1 X97.32 Y106.966 E2.34512
G1 X97.036 Y106.287 E2.37003
G1 X96.873 Y105.569 E2.39495
G1 X96.834 Y105.014 E2.41378
G1 X96.896 Y104.284 E2.43858
G1 X97.148 Y103.404 E2.46956
G1 X97.562 Y102.632 E2.49921
G1 X98.059 Y102.026 E2.52574
G1 X98.771 Y101.45 E2.55674
G1 X99.426 Y101.104 E2.58181
G1 X100.127 Y100.88 E2.60672
G1 X100.993 Y100.777 E2.63624
G1 X101.448 Y100.794 E2.65165
G1 X102.266 Y100.953 E2.67986
G1 X102.993 Y101.244 E2.70637
G1 X103.471 Y101.532 E2.72526
G1 X104.034 Y102.001 E2.75006
G1 X104.609 Y102.712 E2.78101
G1 X104.955 Y103.367 E2.80608
;WIDTH:0.487729
G1 X105.099 Y103.779 E2.82222
;WIDTH:0.525459
G1 X105.242 Y104.191 E2.83972
G1 X105.316 Y104.978 E2.87144
;WIDTH:0.564019
G1 X105.244 Y105.899 E2.91147
G1 X105.189 Y106.04 E2.91803
G1 X105.043 Y106.412 F7800
G1 X105.007 Y108.111
;TYPE:Perimeter
;WIDTH:0.449999
G1 F3600
G1 X105.007 Y120.961 E3.35299
G1 X96.946 Y120.961 E3.62584
G1 X96.946 Y107.894 E4.06814
G1 X97.104 Y108.119 E4.07745
G1 X97.561 Y108.623 E4.10048
G1 X98.225 Y109.164 E4.12947
G1 X98.812 Y109.507 E4.15248
G1 X99.63 Y109.829 E4.18224
G1 X100.468 Y110.003 E4.21121
G1 X101.17 Y110.033 E4.23499
G1 X102.235 Y109.897 E4.27133
G1 X103.087 Y109.608 E4.30178
G1 X104.02 Y109.074 E4.33817
M73 P63 R7
G1 X104.682 Y108.498 E4.36787
G1 X104.968 Y108.157 E4.38293
G1 X105.414 Y106.542 F7800
G1 F3600
G1 X105.414 Y121.368 E4.88477
G1 X96.539 Y121.368 E5.18518
G1 X96.539 Y106.351 E5.69349
G1 X96.523 Y106.001 E5.70535
;WIDTH:0.415553
G1 X96.507 Y105.65 E5.71624
;WIDTH:0.417776
G1 X96.583 Y106.046 E5.72881
;WIDTH:0.449999
G1 X96.66 Y106.443 E5.7425
G1 X96.977 Y107.185 E5.76981
G1 X97.41 Y107.851 E5.7967
G1 X97.823 Y108.311 E5.81763
G1 X98.436 Y108.816 E5.84451
G1 X98.968 Y109.131 E5.86544
G1 X99.718 Y109.432 E5.89279
G1 X100.494 Y109.596 E5.91964
G1 X101.125 Y109.628 E5.94103
G1 X102.113 Y109.509 E5.97471
G1 X102.892 Y109.251 E6.00249
G1 X103.758 Y108.762 E6.03615
G1 X104.37 Y108.236 E6.06347
G1 X104.889 Y107.6 E6.09126
G1 X105.31 Y106.833 E6.12088
G1 X105.393 Y106.599 E6.12928
G1 E4.12928 F2400
G92 E0
G1 X96.504 Y105.624 F7800
G1 E2 F2400
;WIDTH:0.381106
G1 F900
G1 X96.484 Y105.037 E2.01652
;WIDTH:0.370345
G1 X96.499 Y104.643 E2.02725
;WIDTH:0.401434
G1 X96.515 Y104.25 E2.03898
G1 E.03898 F2400
G92 E0
G1 X105.007 Y101.906 F7800
G1 E2 F2400
;WIDTH:0.449999
G1 F3600
G1 X104.557 Y101.377 E2.02351
G1 X103.893 Y100.836 E2.0525
G1 X103.3 Y100.49 E2.07574
G1 X102.421 Y100.154 E2.10759
G1 X101.447 Y99.977 E2.1411
G1 X100.901 Y99.968 E2.15958
G1 X99.883 Y100.103 E2.19434
G1 X99.05 Y100.382 E2.22408
G1 X98.261 Y100.815 E2.25454
G1 X97.432 Y101.507 E2.29109
G1 X96.946 Y102.097 E2.31696
G1 X96.946 Y89.039 E2.75896
G1 X105.007 Y89.039 E3.03181
G1 X105.007 Y101.846 E3.46531
G1 X105.414 Y103.469 F7800
G1 F3600
G1 X105.316 Y103.179 E3.47567
G1 X104.927 Y102.457 E3.50343
G1 X104.295 Y101.689 E3.5371
G1 X103.682 Y101.184 E3.56398
G1 X103.146 Y100.867 E3.58506
G1 X102.344 Y100.553 E3.61421
G1 X101.526 Y100.394 E3.64242
G1 X100.947 Y100.373 E3.66203
G1 X100.005 Y100.491 E3.69416
G1 X99.238 Y100.743 E3.72149
G1 X98.516 Y101.132 E3.74925
G1 X97.745 Y101.767 E3.78306
G1 X97.204 Y102.438 E3.81224
G1 X96.757 Y103.29 E3.84481
G1 X96.525 Y104.134 E3.87444
G1 X96.539 Y103.259 E3.90406
G1 X96.539 Y88.632 E4.39917
G1 X105.414 Y88.632 E4.69958
G1 X105.414 Y103.409 E5.19976
G1 E3.19976 F2400
G92 E0
G1 X105.821 Y88.225 F7800
G1 E2 F2400
;TYPE:External perimeter
G1 F1800
G1 X105.821 Y103.28 E2.50959
;WIDTH:0.483541
G1 X105.804 Y103.591 E2.521
;WIDTH:0.517082
G1 X105.787 Y103.902 E2.53328
;WIDTH:0.550623
G1 X105.77 Y104.212 E2.54639
G1 X105.788 Y105.052 E2.58186
;WIDTH:0.546036
G1 X105.773 Y106.03 E2.62278
G1 X105.797 Y106.381 E2.6375
;WIDTH:0.498018
G1 X105.821 Y106.732 E2.65081
;WIDTH:0.449999
G1 X105.821 Y121.775 E3.16
G1 X105.002 Y121.775 E3.18772
G1 X96.132 Y121.775 E3.48796
G1 X96.132 Y88.225 E4.62359
G1 X105.002 Y88.225 E4.92383
G1 X105.761 Y88.225 E4.94952
G1 X105.82 Y88.621 F7800
M106 S201.45
;LAYER_CHANGE
;Z:6.95
;HEIGHT:0.2
G1 E2.94952 F2400
G92 E0
G1 Z6.95 F7800
G1 X111.636 Y120.961
G1 E2 F2400
;TYPE:Perimeter
G1 F3600
G1 X111.636 Y89.039 E3.08052
G1 X113.054 Y89.039 E3.12852
M73 P64 R7
G1 X113.054 Y120.961 E4.20904
G1 X111.696 Y120.961 E4.25501
M73 Q64 S8
G1 X111.228 Y121.368 F7800
G1 F3600
G1 X111.228 Y88.632 E5.36308
G1 X113.461 Y88.632 E5.43866
G1 X113.461 Y121.368 E6.54673
G1 X111.288 Y121.368 E6.62028
G1 X110.821 Y121.775 F7800
;TYPE:External perimeter
G1 F1800
G1 X110.821 Y88.225 E7.75591
G1 X113.868 Y88.225 E7.85905
G1 X113.868 Y121.775 E8.99468
G1 X110.881 Y121.775 E9.09579
G1 X110.822 Y121.379 F7800
G1 E7.09579 F2400
G92 E0
G1 X111.941 Y89.548 F7800
G1 E2 F2400
M73 Q64 S7
;TYPE:Solid infill
G1 F1200
G1 X111.941 Y120.656 E3.05297
G1 X112.749 Y120.656 E3.08032
G1 X112.749 Y89.344 E4.14019
G1 X111.941 Y89.344 E4.16754
G1 X112.345 Y89.748 E4.18688
;WIDTH:0.44373
G1 X112.345 Y120.252 E5.2035
G1 E3.2035 F2400
G92 E0
G1 X105.125 Y106.094 F7800
G1 E2 F2400
;TYPE:External perimeter
;WIDTH:0.449999
G1 F900
G1 X104.968 Y106.6 E2.01793
G1 X104.532 Y107.404 E2.04889
G1 X104.059 Y107.974 E2.07396
G1 X103.496 Y108.45 E2.09892
G1 X103.022 Y108.741 E2.11775
G1 X102.346 Y109.023 E2.14254
G1 X101.503 Y109.2 E2.1717
G1 X100.71 Y109.21 E2.19854
G1 X99.81 Y109.035 E2.22957
G1 X99.124 Y108.755 E2.25465
G1 X98.647 Y108.468 E2.27349
G1 X98.084 Y107.999 E2.29829
G1 X97.509 Y107.288 E2.32924
G1 X97.163 Y106.633 E2.35431
G1 X96.982 Y106.107 E2.37314
G1 X96.852 Y105.386 E2.39794
G1 X96.849 Y104.649 E2.42289
G1 X97.024 Y103.751 E2.45386
G1 X97.304 Y103.065 E2.47894
G1 X97.697 Y102.442 E2.50387
G1 X98.062 Y102.022 E2.5227
G1 X98.771 Y101.45 E2.55354
G1 X99.426 Y101.104 E2.57861
G1 X100.127 Y100.88 E2.60352
G1 X100.983 Y100.777 E2.6327
G1 X101.774 Y100.837 E2.65955
G1 X102.316 Y100.967 E2.67842
G1 X102.994 Y101.245 E2.70322
G1 X103.471 Y101.532 E2.72206
G1 X104.034 Y102.001 E2.74686
G1 X104.402 Y102.417 E2.76566
G1 X104.798 Y103.034 E2.79048
G1 X105.083 Y103.713 E2.81541
G1 X105.217 Y104.253 E2.83424
G1 X105.283 Y104.982 E2.85902
G1 X105.188 Y105.892 E2.88999
G1 X105.143 Y106.037 E2.89513
G1 X105.025 Y106.419 F7800
G1 X105.178 Y107.895
;TYPE:Perimeter
G1 F3600
G1 X105.178 Y120.961 E3.3374
G1 X96.946 Y120.961 E3.61604
G1 X96.946 Y107.888 E4.05854
G1 X97.561 Y108.623 E4.09098
G1 X98.225 Y109.164 E4.11997
M73 P65 R7
G1 X98.812 Y109.507 E4.14298
G1 X99.651 Y109.834 E4.17346
G1 X100.51 Y110.004 E4.2031
G1 X101.031 Y110.021 E4.22074
G1 X101.666 Y109.997 E4.24225
G1 X102.658 Y109.776 E4.27665
G1 X103.444 Y109.437 E4.30562
G1 X104.02 Y109.074 E4.32867
G1 X104.682 Y108.498 E4.35837
G1 X105.14 Y107.941 E4.38278
G1 X105.515 Y106.208 F7800
G1 F3600
G1 X105.586 Y105.976 E4.39099
;WIDTH:0.448754
G1 X105.586 Y106.057 E4.39372
;WIDTH:0.449999
G1 X105.585 Y106.758 E4.41745
G1 X105.585 Y121.368 E4.91198
G1 X96.539 Y121.368 E5.21818
G1 X96.539 Y106.15 E5.73329
G1 X96.517 Y105.8 E5.74516
;WIDTH:0.405996
G1 X96.495 Y105.449 E5.75578
M73 Q65 S7
G1 X96.546 Y105.843 E5.76777
;WIDTH:0.449999
G1 X96.596 Y106.237 E5.78121
G1 X96.802 Y106.821 E5.80217
G1 X97.191 Y107.543 E5.82993
G1 X97.823 Y108.311 E5.8636
G1 X98.436 Y108.816 E5.89048
G1 X98.968 Y109.131 E5.91141
G1 X99.731 Y109.434 E5.9392
G1 X100.589 Y109.605 E5.96881
G1 X101.584 Y109.599 E6.00249
G1 X102.502 Y109.399 E6.03429
G1 X103.233 Y109.089 E6.06117
G1 X103.758 Y108.762 E6.08211
G1 X104.37 Y108.236 E6.10943
G1 X104.889 Y107.6 E6.13722
G1 X105.357 Y106.723 E6.17087
G1 X105.497 Y106.265 E6.18708
G1 E4.18708 F2400
G92 E0
G1 X96.495 Y105.449 F7800
G1 E2 F2400
;WIDTH:0.361992
G1 F900
G1 X96.491 Y104.649 E2.02123
;WIDTH:0.364302
G1 X96.496 Y104.539 E2.02417
G1 E.02417 F2400
G92 E0
G1 X105.178 Y102.115 F7800
G1 E2 F2400
;WIDTH:0.449999
G1 F3600
G1 X105.015 Y101.881 E2.00965
G1 X104.557 Y101.377 E2.0327
G1 X103.893 Y100.836 E2.06169
G1 X103.306 Y100.493 E2.0847
G1 X102.51 Y100.176 E2.1137
G1 X101.839 Y100.025 E2.13698
G1 X100.89 Y99.969 E2.16916
G1 X99.883 Y100.103 E2.20355
G1 X99.05 Y100.382 E2.23329
G1 X98.261 Y100.815 E2.26375
G1 X97.45 Y101.485 E2.29936
G1 X96.946 Y102.106 E2.32643
G1 X96.946 Y89.039 E2.76873
G1 X105.178 Y89.039 E3.04737
G1 X105.178 Y102.055 E3.48795
G1 E1.48795 F2400
G92 E0
G1 X105.599 Y104.16 F7800
G1 E2 F2400
G1 F3600
G1 X105.459 Y103.557 E2.02095
G1 X105.141 Y102.815 E2.04828
G1 X104.708 Y102.149 E2.07517
G1 X104.295 Y101.689 E2.0961
G1 X103.682 Y101.184 E2.12298
G1 X103.15 Y100.869 E2.14391
G1 X102.413 Y100.571 E2.17082
G1 X101.806 Y100.431 E2.19191
G1 X100.936 Y100.373 E2.22142
G1 X100.005 Y100.491 E2.25319
G1 X99.238 Y100.743 E2.28052
G1 X98.516 Y101.132 E2.30828
G1 X97.756 Y101.754 E2.34152
G1 X97.354 Y102.224 E2.36245
G1 X96.928 Y102.909 E2.38975
G1 X96.625 Y103.672 E2.41754
G1 X96.56 Y104.105 E2.43236
;WIDTH:0.407151
G1 X96.496 Y104.539 E2.44565
G1 X96.517 Y104.101 E2.45893
;WIDTH:0.449999
G1 X96.539 Y103.663 E2.47377
G1 X96.539 Y88.632 E2.98255
G1 X105.585 Y88.632 E3.28875
G1 X105.585 Y103.634 E3.79655
G1 X105.597 Y104.1 E3.81233
G1 X105.599 Y104.16 F7800
;WIDTH:0.422196
G1 F900
G1 X105.618 Y104.556 E3.82483
;WIDTH:0.38414
G1 X105.637 Y104.951 E3.83605
;WIDTH:0.39448
G1 X105.613 Y105.444 E3.85048
;WIDTH:0.442876
G1 X105.589 Y105.936 E3.86686
;WIDTH:0.448436
G1 X105.586 Y105.976 E3.86821
G1 E1.86821 F2400
G92 E0
G1 X105.992 Y88.225 F7800
G1 E2 F2400
;TYPE:External perimeter
;WIDTH:0.449999
G1 F1800
G1 X105.992 Y121.775 E3.13563
G1 X105.146 Y121.775 E3.16427
G1 X96.132 Y121.775 E3.46938
G1 X96.132 Y88.225 E4.60501
G1 X105.146 Y88.225 E4.91012
G1 X105.932 Y88.225 E4.93673
G1 X105.992 Y88.621 F7800
G1 E2.93673 F2400
G92 E0
G1 X99.075 Y89.344 F7800
G1 E2 F2400
;TYPE:Internal infill
;WIDTH:0.45
;HEIGHT:0.4
G1 F4800
G1 X97.251 Y89.344 E2.11046
G1 X97.251 Y89.963 E2.14795
G1 X97.793 Y90.127 E2.18224
G1 X99.104 Y91.16 E2.28332
G1 X99.759 Y91.244 E2.32331
G1 X100.414 Y91.046 E2.36475
G1 X101.724 Y90.013 E2.46578
G1 X102.379 Y89.928 E2.50578
G1 X103.035 Y90.127 E2.5473
G1 X103.69 Y90.685 E2.59941
G1 X104.345 Y91.16 E2.64841
G1 X104.472 Y91.176 E2.65616
G1 X104.472 Y93.705 E2.80932
G1 X104.345 Y93.666 E2.81737
G1 X103.035 Y92.634 E2.91836
G1 X102.379 Y92.549 E2.95842
G1 X101.724 Y92.748 E2.99988
G1 X100.414 Y93.78 E3.10087
G1 X99.759 Y93.865 E3.14087
G1 X99.104 Y93.666 E3.18233
G1 X97.793 Y92.634 E3.28337
G1 X97.251 Y92.564 E3.31647
G1 X97.251 Y95.204 E3.47635
G1 X97.793 Y95.369 E3.51066
G1 X99.104 Y96.401 E3.6117
G1 X99.759 Y96.486 E3.6517
G1 X100.414 Y96.287 E3.69316
G1 X101.724 Y95.255 E3.79415
G1 X102.379 Y95.17 E3.83415
G1 X103.035 Y95.369 E3.87567
G1 X103.69 Y95.927 E3.92778
G1 X104.345 Y96.401 E3.97674
G1 X104.472 Y96.417 E3.98449
G1 X104.472 Y98.946 E4.13765
G1 X104.345 Y98.908 E4.14568
G1 X103.035 Y97.875 E4.24671
G1 X102.379 Y97.79 E4.28677
G1 X101.724 Y97.989 E4.32823
G1 X100.414 Y99.022 E4.42926
G1 X99.759 Y99.106 E4.46925
G1 X99.104 Y98.908 E4.51069
G1 X97.793 Y97.875 E4.61177
G1 X97.251 Y97.805 E4.64487
G1 X97.251 Y100.445 E4.80475
G1 X97.793 Y100.61 E4.83906
G1 X97.907 Y100.707 E4.84812
G1 X98.283 Y100.437 E4.87615
G1 X98.913 Y100.109 E4.91916
G1 X100.126 Y99.75 E4.99577
G1 E2.99577 F2400
G92 E0
G1 X104.876 Y101.277 F7800
G1 E2 F2400
;TYPE:Solid infill
;WIDTH:0.443552
;HEIGHT:0.2
G1 F1200
G1 X104.876 Y89.341 E2.39762
G1 E.39762 F2400
G92 E0
G1 X97.44 Y108.92 F7800
G1 E2 F2400
;TYPE:Internal infill
;WIDTH:0.45
;HEIGHT:0.4
G1 F4800
G1 X97.251 Y108.744 E2.01564
G1 X97.251 Y110.928 E2.1479
G1 X97.793 Y111.092 E2.18219
G1 X99.104 Y112.125 E2.28327
G1 X99.759 Y112.21 E2.32327
G1 X100.414 Y112.011 E2.36473
G1 X101.724 Y110.978 E2.46576
G1 X102.379 Y110.894 E2.50575
G1 X103.035 Y111.092 E2.54725
G1 X103.69 Y111.651 E2.5994
G1 X104.345 Y112.125 E2.64836
G1 X104.472 Y112.141 E2.65611
G1 X104.472 Y114.67 E2.80927
G1 X104.345 Y114.631 E2.81732
G1 X103.035 Y113.599 E2.91831
G1 X102.379 Y113.514 E2.95837
G1 X101.724 Y113.713 E2.99983
G1 X100.414 Y114.745 E3.10082
G1 X99.759 Y114.83 E3.14082
G1 X99.104 Y114.631 E3.18228
G1 X97.793 Y113.599 E3.28332
G1 X97.251 Y113.529 E3.31642
G1 X97.251 Y116.169 E3.4763
G1 X97.793 Y116.334 E3.51061
G1 X99.104 Y117.366 E3.61165
G1 X99.759 Y117.451 E3.65165
G1 X100.414 Y117.252 E3.69311
G1 X101.724 Y116.22 E3.7941
G1 X102.379 Y116.135 E3.8341
G1 X103.035 Y116.334 E3.87562
G1 X103.69 Y116.892 E3.92773
G1 X104.345 Y117.366 E3.97669
G1 X104.472 Y117.383 E3.98445
G1 X104.472 Y119.911 E4.13755
G1 X104.345 Y119.873 E4.14558
G1 X103.035 Y118.84 E4.24661
G1 X102.379 Y118.756 E4.28666
G1 X101.724 Y118.954 E4.3281
G1 X100.414 Y119.987 E4.42913
G1 X99.759 Y120.072 E4.46913
G1 X99.104 Y119.873 E4.51059
G1 X97.793 Y118.84 E4.61167
G1 X97.251 Y118.77 E4.64477
G1 X97.251 Y120.656 E4.75899
G1 X97.808 Y120.656 E4.79272
G1 E2.79272 F2400
G92 E0
G1 X104.876 Y120.659 F7800
G1 E2 F2400
;TYPE:Solid infill
;WIDTH:0.443548
;HEIGHT:0.2
G1 F1200
G1 X104.876 Y108.72 E2.39772
M106 S206.55
;LAYER_CHANGE
;Z:7.15
;HEIGHT:0.2
G1 E.39772 F2400
G92 E0
G1 Z7.15 F7800
G1 X111.429 Y120.961
G1 E2 F2400
;TYPE:Perimeter
;WIDTH:0.449999
G1 F3600
G1 X111.429 Y89.039 E3.08052
G1 X113.054 Y89.039 E3.13552
M73 P66 R7
G1 X113.054 Y120.961 E4.21604
G1 X111.489 Y120.961 E4.26901
M73 Q66 S7
G1 X111.022 Y121.368 F7800
G1 F3600
G1 X111.022 Y88.632 E5.37708
G1 X113.461 Y88.632 E5.45964
G1 X113.461 Y121.368 E6.56771
G1 X111.082 Y121.368 E6.64824
G1 X110.615 Y121.775 F7800
;TYPE:External perimeter
G1 F1800
G1 X110.615 Y88.225 E7.78387
G1 X113.868 Y88.225 E7.89398
G1 X113.868 Y121.775 E9.02961
G1 X110.675 Y121.775 E9.13769
G1 X110.616 Y121.379 F7800
G1 E7.13769 F2400
G92 E0
G1 X111.735 Y89.344 F7800
G1 E2 F2400
;TYPE:Solid infill
G1 F1200
G1 X112.749 Y89.344 E2.03432
G1 X112.749 Y120.656 E3.09419
G1 X111.735 Y120.656 E3.12851
G1 X111.735 Y89.548 E4.18148
G1 X112.242 Y89.852 E4.20149
;WIDTH:0.650076
G1 X112.242 Y120.148 E5.73099
G1 E3.73099 F2400
G92 E0
G1 X105.121 Y106.093 F7800
G1 E2 F2400
;TYPE:External perimeter
;WIDTH:0.449999
G1 F900
G1 X104.969 Y106.599 E2.01788
G1 X104.532 Y107.404 E2.04888
G1 X104.059 Y107.974 E2.07395
G1 X103.4 Y108.515 E2.10281
G1 X102.694 Y108.895 E2.12995
G1 X101.991 Y109.12 E2.15493
G1 X101.081 Y109.224 E2.18593
G1 X100.521 Y109.19 E2.20492
G1 X99.806 Y109.034 E2.22969
G1 X99.124 Y108.755 E2.25463
G1 X98.647 Y108.468 E2.27347
G1 X98.084 Y107.999 E2.29827
G1 X97.509 Y107.288 E2.32922
G1 X97.163 Y106.633 E2.35429
G1 X96.939 Y105.931 E2.37923
G1 X96.835 Y105.022 E2.4102
G1 X96.896 Y104.284 E2.43527
G1 X97.026 Y103.743 E2.4541
G1 X97.304 Y103.065 E2.4789
G1 X97.697 Y102.442 E2.50383
G1 X98.062 Y102.022 E2.52266
G1 X98.771 Y101.45 E2.5535
G1 X99.426 Y101.104 E2.57857
G1 X100.127 Y100.88 E2.60348
G1 X100.973 Y100.778 E2.63232
G1 X101.774 Y100.837 E2.65951
G1 X102.316 Y100.967 E2.67838
G1 X102.994 Y101.245 E2.70318
G1 X103.471 Y101.532 E2.72202
G1 X104.034 Y102.001 E2.74682
G1 X104.609 Y102.712 E2.77777
G1 X104.955 Y103.367 E2.80284
G1 X105.202 Y104.182 E2.83167
G1 X105.283 Y104.98 E2.85882
G1 X105.2 Y105.83 E2.88773
G1 X105.138 Y106.036 E2.89501
G1 X105.023 Y106.419 F7800
G1 X105.384 Y107.543
;TYPE:Perimeter
G1 F3600
G1 X105.384 Y120.961 E3.34919
G1 X96.946 Y120.961 E3.63481
G1 X96.946 Y107.888 E4.07731
G1 X97.561 Y108.623 E4.10975
G1 X98.225 Y109.164 E4.13874
G1 X98.812 Y109.507 E4.16175
M73 P67 R7
G1 X99.63 Y109.829 E4.19151
G1 X100.468 Y110.003 E4.22048
G1 X101.17 Y110.033 E4.24426
G1 X102.235 Y109.897 E4.2806
G1 X103.076 Y109.614 E4.31064
G1 X103.914 Y109.146 E4.34313
G1 X104.682 Y108.498 E4.37714
G1 X105.133 Y107.961 E4.40088
G1 X105.353 Y107.594 E4.41536
G1 X105.569 Y106.224 F7800
;WIDTH:0.595521
G1 F3600
G1 X105.61 Y106.128 E4.42016
;WIDTH:0.644028
G1 X105.694 Y105.931 E4.43086
G1 X105.716 Y106.019 E4.43539
;WIDTH:0.601278
G1 X105.735 Y106.21 E4.4443
;WIDTH:0.563459
G1 X105.754 Y106.4 E4.45256
;WIDTH:0.525639
G1 X105.773 Y106.591 E4.46026
;WIDTH:0.487819
G1 X105.791 Y106.782 E4.46736
;WIDTH:0.449999
G1 X105.791 Y121.368 E4.96108
G1 X105.317 Y121.368 E4.97712
G1 X96.539 Y121.368 E5.27424
G1 X96.539 Y106.757 E5.7688
G1 X96.553 Y106.053 E5.79263
M73 Q67 S7
G1 X96.802 Y106.821 E5.81996
G1 X97.191 Y107.543 E5.84772
G1 X97.823 Y108.311 E5.88139
G1 X98.436 Y108.816 E5.90827
G1 X98.968 Y109.131 E5.9292
G1 X99.718 Y109.432 E5.95655
G1 X100.494 Y109.596 E5.9834
G1 X101.125 Y109.628 E6.00479
G1 X102.113 Y109.509 E6.03847
G1 X102.885 Y109.254 E6.06599
G1 X103.657 Y108.83 E6.0958
G1 X104.37 Y108.236 E6.12721
G1 X104.889 Y107.6 E6.155
G1 X105.358 Y106.718 E6.18881
;WIDTH:0.498507
G1 X105.442 Y106.521 E6.19692
;WIDTH:0.547014
G1 X105.526 Y106.324 E6.2059
;WIDTH:0.595521
G1 X105.546 Y106.279 E6.20816
G1 E4.20816 F2400
G92 E0
G1 X96.535 Y105.975 F7800
G1 E2 F2400
;WIDTH:0.442484
G1 F900
G1 X96.518 Y105.67 E2.01015
;WIDTH:0.408782
G1 X96.501 Y105.365 E2.01944
;WIDTH:0.375079
G1 X96.485 Y105.061 E2.02785
;WIDTH:0.371405
G1 X96.5 Y104.655 E2.03895
;WIDTH:0.401434
G1 X96.515 Y104.25 E2.05103
;WIDTH:0.41622
G1 X96.522 Y104.16 E2.05383
G1 E.05383 F2400
G92 E0
G1 X105.384 Y102.429 F7800
G1 E2 F2400
;WIDTH:0.449999
G1 F3600
G1 X105.244 Y102.202 E2.00903
G1 X104.557 Y101.377 E2.04537
G1 X103.893 Y100.836 E2.07436
G1 X103.306 Y100.493 E2.09737
G1 X102.51 Y100.176 E2.12637
G1 X101.837 Y100.025 E2.14972
G1 X100.879 Y99.969 E2.1822
G1 X99.883 Y100.103 E2.21622
G1 X99.05 Y100.382 E2.24596
G1 X98.261 Y100.815 E2.27642
G1 X97.45 Y101.485 E2.31203
G1 X96.946 Y102.106 E2.3391
G1 X96.946 Y89.039 E2.7814
G1 X105.384 Y89.039 E3.06702
G1 X105.384 Y102.369 E3.51822
G1 X105.703 Y104.173 F7800
;WIDTH:0.626866
G1 F3600
G1 X105.675 Y104.111 E3.52152
;WIDTH:0.59648
G1 X105.648 Y104.049 E3.52463
;WIDTH:0.566094
G1 X105.537 Y103.759 E3.53814
;WIDTH:0.527396
G1 X105.427 Y103.469 E3.55063
;WIDTH:0.488698
G1 X105.316 Y103.179 E3.56214
;WIDTH:0.449999
G1 X104.927 Y102.457 E3.5899
G1 X104.295 Y101.689 E3.62357
G1 X103.682 Y101.184 E3.65045
G1 X103.15 Y100.869 E3.67138
G1 X102.413 Y100.571 E3.69829
G1 X101.805 Y100.431 E3.71941
G1 X100.926 Y100.373 E3.74923
G1 X100.005 Y100.491 E3.78066
G1 X99.238 Y100.743 E3.80799
G1 X98.516 Y101.132 E3.83575
G1 X97.756 Y101.754 E3.86899
G1 X97.354 Y102.224 E3.88992
G1 X96.928 Y102.909 E3.91722
G1 X96.631 Y103.646 E3.94412
G1 X96.522 Y104.16 E3.96191
G1 X96.539 Y103.635 E3.97969
G1 X96.539 Y88.632 E4.48752
G1 X105.317 Y88.632 E4.78464
G1 X105.791 Y88.632 E4.80068
G1 X105.791 Y103.223 E5.29457
;WIDTH:0.494216
G1 X105.769 Y103.461 E5.30354
;WIDTH:0.538433
G1 X105.747 Y103.698 E5.31335
;WIDTH:0.58265
G1 X105.725 Y103.936 E5.32408
;WIDTH:0.626866
G1 X105.709 Y104.113 E5.33271
G1 X105.703 Y104.173 F7800
G1 F900
G1 X105.721 Y104.555 E5.35128
;WIDTH:0.59012
G1 X105.74 Y104.936 E5.36864
;WIDTH:0.595223
G1 X105.719 Y105.409 E5.39038
;WIDTH:0.637072
G1 X105.698 Y105.881 E5.41372
;WIDTH:0.644028
G1 X105.694 Y105.931 E5.41623
G1 E3.41623 F2400
G92 E0
G1 X106.199 Y88.225 F7800
G1 E2 F2400
;TYPE:External perimeter
;WIDTH:0.449999
G1 F1800
G1 X106.199 Y121.775 E3.13563
G1 X105.317 Y121.775 E3.16548
G1 X96.132 Y121.775 E3.47638
G1 X96.132 Y88.225 E4.61201
G1 X105.317 Y88.225 E4.92291
G1 X106.139 Y88.225 E4.95073
G1 X106.198 Y88.621 F7800
G1 X105.051 Y89.373
;TYPE:Solid infill
;WIDTH:0.506208
G1 F1200
G1 X105.051 Y101.429 E5.41516
G1 E3.41516 F2400
G92 E0
G1 X105.051 Y108.577 F7800
G1 E2 F2400
;WIDTH:0.506206
G1 F1200
G1 X105.051 Y120.627 E2.46419
M106 S196.35
;LAYER_CHANGE
;Z:7.35
;HEIGHT:0.2
G1 E.46419 F2400
G92 E0
G1 Z7.35 F7800
G1 X111.177 Y120.961
G1 E2 F2400
;TYPE:Perimeter
;WIDTH:0.449999
G1 F3600
G1 X111.177 Y89.039 E3.08052
G1 X113.054 Y89.039 E3.14405
G1 X113.054 Y120.961 E4.22457
G1 X111.237 Y120.961 E4.28607
G1 X110.77 Y121.368 F7800
G1 F3600
G1 X110.77 Y88.632 E5.39414
G1 X113.461 Y88.632 E5.48523
G1 X113.461 Y121.368 E6.5933
G1 X110.83 Y121.368 E6.68236
G1 X110.363 Y121.775 F7800
;TYPE:External perimeter
G1 F1800
G1 X110.363 Y88.225 E7.81799
G1 X110.39 Y88.225 E7.8189
G1 X113.868 Y88.225 E7.93663
G1 X113.868 Y121.775 E9.07226
G1 X110.423 Y121.775 E9.18887
M73 P68 R6
M73 Q68 S7
G1 X110.363 Y121.379 F7800
G1 E7.18887 F2400
G92 E0
G1 X111.482 Y89.548 F7800
G1 E2 F2400
;TYPE:Solid infill
G1 F1200
G1 X111.482 Y120.656 E3.05297
G1 X112.749 Y120.656 E3.09586
G1 X112.749 Y89.344 E4.15573
G1 X111.482 Y89.344 E4.19862
G1 X111.901 Y89.763 E4.21868
;WIDTH:0.472672
G1 X112.33 Y89.763 E4.23401
G1 X112.33 Y120.237 E5.32297
G1 X111.901 Y120.237 E5.3383
G1 X111.901 Y89.966 E6.42
G1 E4.42 F2400
G92 E0
G1 X105.128 Y106.095 F7800
G1 E2 F2400
;TYPE:External perimeter
;WIDTH:0.449999
G1 F900
G1 X105.093 Y106.253 E2.00548
G1 X104.814 Y106.935 E2.03042
G1 X104.527 Y107.412 E2.04926
G1 X104.059 Y107.974 E2.07402
G1 X103.496 Y108.45 E2.09898
G1 X102.696 Y108.894 E2.12995
G1 X101.991 Y109.12 E2.15501
G1 X101.081 Y109.224 E2.18601
G1 X100.166 Y109.128 E2.21715
G1 X99.459 Y108.909 E2.2422
G1 X98.655 Y108.473 E2.27316
G1 X98.084 Y107.999 E2.29828
G1 X97.509 Y107.288 E2.32923
G1 X97.163 Y106.633 E2.3543
G1 X96.982 Y106.107 E2.37313
G1 X96.852 Y105.386 E2.39793
G1 X96.849 Y104.649 E2.42288
G1 X97.024 Y103.751 E2.45385
G1 X97.304 Y103.065 E2.47893
G1 X97.697 Y102.442 E2.50386
G1 X98.062 Y102.022 E2.52269
G1 X98.771 Y101.45 E2.55353
G1 X99.426 Y101.104 E2.5786
G1 X100.127 Y100.88 E2.60351
G1 X100.963 Y100.778 E2.63202
G1 X101.445 Y100.793 E2.64834
G1 X102.135 Y100.915 E2.67206
G1 X102.99 Y101.243 E2.70306
G1 X103.471 Y101.532 E2.72205
G1 X104.034 Y102.001 E2.74685
G1 X104.609 Y102.712 E2.7778
G1 X104.955 Y103.367 E2.80287
G1 X105.2 Y104.172 E2.83135
G1 X105.283 Y104.98 E2.85884
G1 X105.249 Y105.538 E2.87776
G1 X105.14 Y106.036 E2.89502
G1 X105.02 Y106.418 F7800
G1 E.89502 F2400
G92 E0
G1 X96.495 Y105.449 F7800
G1 E2 F2400
;TYPE:Perimeter
;WIDTH:0.361992
G1 F900
G1 X96.491 Y104.649 E2.02123
;WIDTH:0.364298
G1 X96.496 Y104.539 E2.02417
G1 E.02417 F2400
G92 E0
G1 X105.637 Y107.077 F7800
G1 E2 F2400
;WIDTH:0.449999
G1 F3600
G1 X105.637 Y120.961 E2.46996
G1 X96.946 Y120.961 E2.76414
M73 Q68 S6
G1 X96.946 Y107.888 E3.20664
G1 X97.561 Y108.623 E3.23908
G1 X98.263 Y109.187 E3.26956
G1 X99.214 Y109.686 E3.30591
G1 X100.078 Y109.938 E3.33637
G1 X101.17 Y110.033 E3.37347
G1 X102.235 Y109.897 E3.40981
G1 X103.087 Y109.608 E3.44026
G1 X104.02 Y109.074 E3.47665
G1 X104.682 Y108.498 E3.50635
G1 X105.223 Y107.834 E3.53534
G1 X105.496 Y107.385 E3.55313
G1 X105.612 Y107.131 E3.56258
G1 E1.56258 F2400
G92 E0
G1 X105.637 Y102.914 F7800
G1 E2 F2400
G1 F3600
G1 X105.244 Y102.202 E2.02753
G1 X104.557 Y101.377 E2.06387
G1 X103.893 Y100.836 E2.09286
G1 X103.285 Y100.485 E2.11662
G1 X102.277 Y100.113 E2.15299
G1 X101.442 Y99.977 E2.18163
G1 X100.868 Y99.969 E2.20106
G1 X99.883 Y100.103 E2.23471
G1 X99.05 Y100.382 E2.26445
G1 X98.261 Y100.815 E2.29491
G1 X97.45 Y101.485 E2.33052
G1 X96.946 Y102.106 E2.35759
G1 X96.946 Y89.039 E2.79989
G1 X105.637 Y89.039 E3.09407
G1 X105.637 Y102.854 E3.56169
G1 E1.56169 F2400
G92 E0
G1 X106.044 Y88.632 F7800
G1 E2 F2400
M73 P69 R6
G1 F3600
G1 X106.044 Y103.185 E2.4926
;WIDTH:0.462387
G1 X106.038 Y104.15 E2.52626
G1 X106.057 Y105.052 E2.55773
;WIDTH:0.44642
G1 X106.046 Y105.701 E2.57951
;WIDTH:0.449999
G1 X106.044 Y106.402 E2.60324
G1 X106.044 Y121.368 E3.10982
G1 X105.524 Y121.368 E3.12742
M73 Q69 S6
G1 X96.539 Y121.368 E3.43155
G1 X96.539 Y106.15 E3.94666
G1 X96.517 Y105.8 E3.95853
;WIDTH:0.405996
G1 X96.495 Y105.449 E3.96915
G1 X96.546 Y105.843 E3.98114
;WIDTH:0.449999
G1 X96.596 Y106.237 E3.99458
G1 X96.802 Y106.821 E4.01554
G1 X97.191 Y107.543 E4.0433
G1 X97.823 Y108.311 E4.07697
G1 X98.459 Y108.83 E4.10476
G1 X99.336 Y109.298 E4.13841
G1 X100.122 Y109.533 E4.16618
G1 X101.125 Y109.628 E4.20028
G1 X102.113 Y109.509 E4.23396
G1 X102.892 Y109.251 E4.26174
G1 X103.758 Y108.762 E4.2954
G1 X104.37 Y108.236 E4.32272
G1 X104.875 Y107.623 E4.3496
G1 X105.19 Y107.091 E4.37053
G1 X105.491 Y106.341 E4.39788
G1 X105.651 Y105.564 E4.42473
;WIDTH:0.440833
G1 X105.676 Y104.942 E4.44533
;WIDTH:0.457356
G1 X105.594 Y104.054 E4.47606
G1 X105.316 Y103.179 E4.5077
;WIDTH:0.449999
G1 X104.927 Y102.457 E4.53546
G1 X104.295 Y101.689 E4.56913
G1 X103.682 Y101.184 E4.59601
G1 X103.138 Y100.864 E4.61737
G1 X102.206 Y100.514 E4.65107
G1 X101.429 Y100.384 E4.67774
G1 X100.915 Y100.374 E4.69514
G1 X100.005 Y100.491 E4.7262
G1 X99.238 Y100.743 E4.75353
G1 X98.516 Y101.132 E4.78129
G1 X97.756 Y101.754 E4.81453
G1 X97.354 Y102.224 E4.83546
G1 X96.928 Y102.909 E4.86276
G1 X96.625 Y103.672 E4.89055
G1 X96.56 Y104.105 E4.90537
;WIDTH:0.407149
G1 X96.496 Y104.539 E4.91866
G1 X96.517 Y104.101 E4.93194
;WIDTH:0.449999
G1 X96.539 Y103.663 E4.94678
G1 X96.539 Y88.632 E5.45556
G1 X105.524 Y88.632 E5.75969
G1 X105.984 Y88.632 E5.77526
G1 X106.451 Y88.225 F7800
;TYPE:External perimeter
G1 F1800
G1 X106.451 Y121.775 E6.91089
G1 X106.424 Y121.775 E6.9118
G1 X105.524 Y121.775 E6.94226
G1 X96.132 Y121.775 E7.26017
G1 X96.132 Y88.225 E8.3958
G1 X105.524 Y88.225 E8.71371
G1 X106.391 Y88.225 E8.74306
G1 X106.45 Y88.621 F7800
G1 E6.74306 F2400
G92 E0
G1 X99.107 Y89.344 F7800
G1 E2 F2400
;TYPE:Internal infill
;WIDTH:0.45
;HEIGHT:0.4
G1 F4800
G1 X97.251 Y89.344 E2.1124
G1 X97.251 Y89.931 E2.14795
G1 X97.793 Y90.308 E2.18793
G1 X98.448 Y91.211 E2.25549
G1 X98.776 Y91.454 E2.28021
G1 X99.104 Y91.489 E2.30019
G1 X99.759 Y91.32 E2.34116
G1 X100.414 Y90.864 E2.38949
G1 X101.069 Y89.962 E2.457
G1 X101.397 Y89.718 E2.48176
G1 X101.724 Y89.684 E2.50167
G1 X102.379 Y89.852 E2.54262
G1 X103.035 Y90.308 E2.591
G1 X103.69 Y91.211 E2.65856
G1 X104.017 Y91.454 E2.68323
G1 X104.345 Y91.489 E2.70321
G1 X104.616 Y91.419 E2.72016
G1 X104.616 Y93.674 E2.85672
G1 X104.345 Y93.485 E2.87673
G1 X103.69 Y92.583 E2.94424
G1 X103.362 Y92.339 E2.969
G1 X103.035 Y92.305 E2.98891
G1 X102.379 Y92.473 E3.02992
G1 X101.724 Y92.929 E3.07825
G1 X101.069 Y93.831 E3.14576
G1 X100.741 Y94.075 E3.17052
G1 X100.414 Y94.11 E3.19044
G1 X99.759 Y93.941 E3.23141
G1 X99.104 Y93.485 E3.27974
G1 X98.448 Y92.583 E3.34728
G1 X98.121 Y92.339 E3.37199
G1 X97.793 Y92.305 E3.39196
G1 X97.251 Y92.444 E3.42585
G1 X97.251 Y95.173 E3.59112
G1 X97.793 Y95.55 E3.6311
G1 X98.448 Y96.452 E3.69861
G1 X98.776 Y96.696 E3.72337
G1 X99.104 Y96.73 E3.74334
G1 X99.759 Y96.562 E3.78429
G1 X100.414 Y96.106 E3.83262
G1 X101.069 Y95.204 E3.90013
G1 X101.397 Y94.96 E3.92489
G1 X101.724 Y94.925 E3.94481
G1 X102.379 Y95.094 E3.98578
G1 X103.035 Y95.55 E4.03416
G1 X103.69 Y96.452 E4.10167
G1 X104.017 Y96.696 E4.12638
G1 X104.345 Y96.73 E4.14635
G1 X104.616 Y96.661 E4.16329
G1 X104.616 Y98.915 E4.29979
G1 X104.345 Y98.726 E4.3198
G1 X103.69 Y97.824 E4.38731
G1 X103.362 Y97.58 E4.41207
G1 X103.035 Y97.546 E4.43198
G1 X102.379 Y97.714 E4.47299
G1 X101.724 Y98.17 E4.52132
G1 X101.069 Y99.073 E4.58888
G1 X100.741 Y99.316 E4.6136
G1 X100.414 Y99.351 E4.63352
G1 X99.759 Y99.182 E4.67449
G1 X99.104 Y98.726 E4.72282
G1 X98.448 Y97.824 E4.79036
G1 X98.121 Y97.58 E4.81507
G1 X97.793 Y97.546 E4.83504
G1 X97.251 Y97.685 E4.86893
G1 X97.251 Y100.414 E5.0342
G1 X97.797 Y100.796 E5.07455
G1 X98.283 Y100.437 E5.11114
G1 X98.913 Y100.109 E5.15415
G1 X99.986 Y99.77 E5.2223
G1 E3.2223 F2400
G92 E0
G1 X105.263 Y101.611 F7800
G1 E2 F2400
;TYPE:Solid infill
;WIDTH:0.587118
;HEIGHT:0.2
G1 F1200
G1 X105.263 Y89.413 E2.55196
G1 E.55196 F2400
G92 E0
G1 X105.263 Y120.587 F7800
G1 E2 F2400
G1 F1200
G1 X105.263 Y108.387 E2.55205
G1 E.55205 F2400
G92 E0
G1 X104.616 Y111.84 F7800
G1 E2 F2400
;TYPE:Internal infill
;WIDTH:0.45
;HEIGHT:0.4
G1 F4800
G1 X104.616 Y109.398 E2.14789
G1 X104.341 Y109.203 E2.16831
G1 X103.898 Y109.523 E2.20141
G1 X103 Y109.976 E2.26232
G1 X102.078 Y110.241 E2.32042
G1 X101.085 Y110.345 E2.38088
G1 X100.04 Y110.241 E2.44448
G1 X99.117 Y109.976 E2.50264
G1 X98.064 Y109.424 E2.57464
G1 X97.251 Y108.732 E2.6393
G1 X97.251 Y110.896 E2.77035
G1 X97.793 Y111.274 E2.81037
G1 X98.448 Y112.176 E2.87788
G1 X98.776 Y112.42 E2.90264
G1 X99.104 Y112.454 E2.92261
G1 X99.759 Y112.286 E2.96356
G1 X100.414 Y111.83 E3.01189
G1 X101.069 Y110.927 E3.07945
G1 X101.397 Y110.684 E3.10417
G1 X101.724 Y110.649 E3.12409
G1 X102.379 Y110.818 E3.16506
G1 X103.035 Y111.274 E3.21344
G1 X103.69 Y112.176 E3.28095
G1 X104.017 Y112.42 E3.30566
G1 X104.345 Y112.454 E3.32563
G1 X104.616 Y112.384 E3.34258
G1 X104.616 Y114.639 E3.47914
G1 X104.345 Y114.45 E3.49915
G1 X103.69 Y113.548 E3.56666
G1 X103.362 Y113.304 E3.59142
G1 X103.035 Y113.27 E3.61133
G1 X102.379 Y113.438 E3.65234
G1 X101.724 Y113.894 E3.70067
G1 X101.069 Y114.796 E3.76818
G1 X100.741 Y115.04 E3.79294
G1 X100.414 Y115.075 E3.81286
G1 X99.759 Y114.906 E3.85383
G1 X99.104 Y114.45 E3.90216
G1 X98.448 Y113.548 E3.9697
G1 X98.121 Y113.304 E3.99441
G1 X97.793 Y113.27 E4.01438
G1 X97.251 Y113.409 E4.04827
G1 X97.251 Y116.138 E4.21354
G1 X97.793 Y116.515 E4.25352
G1 X98.448 Y117.417 E4.32103
G1 X98.776 Y117.661 E4.34579
G1 X99.104 Y117.695 E4.36576
G1 X99.759 Y117.527 E4.40671
G1 X100.414 Y117.071 E4.45504
G1 X101.069 Y116.169 E4.52255
G1 X101.397 Y115.925 E4.54731
G1 X101.724 Y115.89 E4.56723
G1 X102.379 Y116.059 E4.6082
G1 X103.035 Y116.515 E4.65658
G1 X103.69 Y117.417 E4.72409
G1 X104.017 Y117.661 E4.7488
G1 X104.345 Y117.695 E4.76877
G1 X104.616 Y117.626 E4.78571
G1 X104.616 Y119.88 E4.92221
G1 X104.345 Y119.692 E4.94218
G1 X103.69 Y118.789 E5.00974
G1 X103.362 Y118.546 E5.03446
G1 X103.035 Y118.511 E5.05438
G1 X102.379 Y118.68 E5.0954
G1 X101.724 Y119.136 E5.14373
G1 X101.069 Y120.038 E5.21124
G1 X100.741 Y120.282 E5.236
G1 X100.414 Y120.316 E5.25591
G1 X99.759 Y120.148 E5.29686
G1 X99.104 Y119.692 E5.34519
G1 X98.448 Y118.789 E5.41278
G1 X98.121 Y118.546 E5.43745
G1 X97.793 Y118.511 E5.45743
G1 X97.251 Y118.65 E5.49132
G1 X97.251 Y120.656 E5.6128
G1 X97.689 Y120.656 E5.63933
M106 S191.25
;LAYER_CHANGE
;Z:7.55
;HEIGHT:0.2
G1 E3.63933 F2400
G92 E0
G1 Z7.55 F7800
G1 X113.054 Y120.961
G1 E2 F2400
;TYPE:Perimeter
;WIDTH:0.449999
G1 F3600
G1 X110.851 Y120.961 E2.07457
G1 X110.851 Y89.039 E3.15509
G1 X113.054 Y89.039 E3.22966
G1 X113.054 Y120.901 E4.30815
G1 X113.461 Y121.368 F7800
G1 F3600
G1 X110.444 Y121.368 E4.41027
G1 X110.444 Y88.632 E5.51834
G1 X113.461 Y88.632 E5.62046
M73 P70 R6
G1 X113.461 Y121.308 E6.7265
G1 X113.868 Y121.775 F7800
M73 Q70 S6
;TYPE:External perimeter
G1 F1800
G1 X110.138 Y121.775 E6.85276
G1 X110.037 Y121.775 E6.85618
G1 X110.037 Y88.225 E7.99181
G1 X110.138 Y88.225 E7.99523
G1 X113.868 Y88.225 E8.12149
G1 X113.868 Y121.715 E9.25508
G1 X113.473 Y121.774 F7800
G1 E7.25508 F2400
G92 E0
G1 X111.157 Y89.344 F7800
G1 E2 F2400
;TYPE:Solid infill
G1 F1200
G1 X112.749 Y89.344 E2.05389
G1 X112.749 Y120.656 E3.11376
G1 X111.157 Y120.656 E3.16765
G1 X111.157 Y89.548 E4.22062
G1 X111.564 Y89.752 E4.23603
G1 X112.342 Y89.752 E4.26236
G1 X112.342 Y120.248 E5.29461
G1 X111.564 Y120.248 E5.32094
G1 X111.564 Y89.955 E6.34632
G1 X111.953 Y90.141 E6.36091
;WIDTH:0.41381
G1 X111.953 Y119.859 E7.2774
G1 E5.2774 F2400
G92 E0
G1 X105.125 Y106.094 F7800
G1 E2 F2400
;TYPE:External perimeter
;WIDTH:0.449999
G1 F900
G1 X104.968 Y106.6 E2.01793
G1 X104.532 Y107.404 E2.04889
G1 X104.059 Y107.974 E2.07396
G1 X103.496 Y108.45 E2.09892
G1 X102.696 Y108.894 E2.12989
G1 X101.897 Y109.139 E2.15818
G1 X101.079 Y109.224 E2.18602
G1 X100.521 Y109.19 E2.20494
G1 X99.806 Y109.034 E2.22971
G1 X99.124 Y108.755 E2.25465
G1 X98.647 Y108.468 E2.27349
G1 X98.084 Y107.999 E2.29829
G1 X97.716 Y107.583 E2.31709
G1 X97.32 Y106.966 E2.34191
G1 X97.036 Y106.287 E2.36682
G1 X96.863 Y105.474 E2.39496
G1 X96.849 Y104.652 E2.42279
G1 X96.974 Y103.924 E2.44779
G1 X97.151 Y103.396 E2.46664
G1 X97.54 Y102.666 E2.49464
G1 X98.058 Y102.027 E2.52248
G1 X98.771 Y101.45 E2.55353
M73 P71 R6
G1 X99.426 Y101.104 E2.5786
G1 X100.127 Y100.88 E2.60351
G1 X100.952 Y100.778 E2.63165
G1 X101.773 Y100.837 E2.65951
G1 X102.316 Y100.967 E2.67841
G1 X102.994 Y101.245 E2.70321
G1 X103.471 Y101.532 E2.72205
G1 X104.034 Y102.001 E2.74685
G1 X104.609 Y102.712 E2.7778
G1 X104.955 Y103.367 E2.80287
G1 X105.198 Y104.162 E2.83101
M73 Q71 S6
G1 X105.283 Y104.98 E2.85885
G1 X105.188 Y105.893 E2.88992
G1 X105.143 Y106.037 E2.89503
G1 X105.025 Y106.419 F7800
G1 X105.896 Y106.319
;TYPE:Perimeter
G1 F3600
G1 X105.975 Y106.044 E2.90471
;WIDTH:0.433057
G1 X105.971 Y106.177 E2.90903
;WIDTH:0.449999
G1 X105.962 Y106.879 E2.93279
G1 X105.962 Y120.961 E3.40945
G1 X96.946 Y120.961 E3.71463
G1 X96.946 Y107.894 E4.15693
G1 X97.104 Y108.119 E4.16624
G1 X97.561 Y108.623 E4.18927
G1 X98.225 Y109.164 E4.21826
G1 X98.812 Y109.507 E4.24127
G1 X99.63 Y109.829 E4.27103
G1 X100.468 Y110.003 E4.3
G1 X101.159 Y110.034 E4.32341
G1 X102.132 Y109.919 E4.35657
G1 X103.087 Y109.608 E4.39057
G1 X104.02 Y109.074 E4.42696
G1 X104.682 Y108.498 E4.45666
G1 X105.246 Y107.796 E4.48714
G1 X105.745 Y106.845 E4.52349
G1 X105.88 Y106.377 E4.53998
G1 E2.53998 F2400
G92 E0
G1 X105.989 Y104.123 F7800
G1 E2 F2400
;WIDTH:0.422326
G1 F3600
G1 X105.964 Y103.931 E2.00611
;WIDTH:0.449999
G1 X105.677 Y102.991 E2.03938
G1 X105.244 Y102.202 E2.06984
G1 X104.557 Y101.377 E2.10618
G1 X103.893 Y100.836 E2.13517
G1 X103.306 Y100.493 E2.15818
G1 X102.51 Y100.176 E2.18718
G1 X101.835 Y100.025 E2.21059
G1 X100.856 Y99.97 E2.24378
G1 X99.883 Y100.103 E2.27702
G1 X99.05 Y100.382 E2.30676
G1 X98.261 Y100.815 E2.33722
G1 X97.429 Y101.511 E2.37394
G1 X96.946 Y102.1 E2.39972
G1 X96.946 Y89.039 E2.84182
G1 X105.962 Y89.039 E3.147
G1 X105.962 Y103.136 E3.62417
G1 X105.976 Y103.629 E3.64086
;WIDTH:0.423046
G1 X105.988 Y104.063 E3.65458
G1 X105.989 Y104.123 F7800
;WIDTH:0.396092
G1 F900
G1 X106.009 Y104.515 E3.66611
;WIDTH:0.357381
G1 X106.028 Y104.906 E3.67635
;WIDTH:0.366998
G1 X106.004 Y105.443 E3.69084
;WIDTH:0.415326
G1 X105.98 Y105.979 E3.70745
;WIDTH:0.424488
G1 X105.975 Y106.044 E3.70952
G1 E1.70952 F2400
G92 E0
G1 X96.539 Y121.368 F7800
G1 E2 F2400
;WIDTH:0.449999
G1 F3600
G1 X96.539 Y105.916 E2.52303
G1 X96.66 Y106.443 E2.54133
G1 X96.977 Y107.185 E2.56864
G1 X97.41 Y107.851 E2.59553
G1 X97.823 Y108.311 E2.61646
G1 X98.436 Y108.816 E2.64334
G1 X98.968 Y109.131 E2.66427
G1 X99.718 Y109.432 E2.69162
G1 X100.494 Y109.596 E2.71847
G1 X101.119 Y109.629 E2.73965
G1 X102.015 Y109.529 E2.77017
G1 X102.892 Y109.251 E2.80131
G1 X103.758 Y108.762 E2.83497
G1 X104.37 Y108.236 E2.86229
G1 X104.889 Y107.6 E2.89008
G1 X105.357 Y106.723 E2.92373
G1 X105.592 Y105.937 E2.9515
G1 X105.688 Y104.94 E2.9854
G1 X105.588 Y104.044 E3.01592
G1 X105.316 Y103.179 E3.04661
G1 X104.927 Y102.457 E3.07437
G1 X104.295 Y101.689 E3.10804
G1 X103.682 Y101.184 E3.13492
G1 X103.15 Y100.869 E3.15585
G1 X102.413 Y100.571 E3.18276
G1 X101.804 Y100.431 E3.20391
G1 X100.904 Y100.374 E3.23443
G1 X100.005 Y100.491 E3.26512
G1 X99.238 Y100.743 E3.29245
G1 X98.516 Y101.132 E3.32021
G1 X97.743 Y101.769 E3.35411
G1 X97.181 Y102.473 E3.3846
G1 X96.765 Y103.265 E3.41488
G1 X96.573 Y103.853 E3.43582
G1 X96.534 Y104.202 E3.44771
;WIDTH:0.405996
G1 X96.495 Y104.551 E3.45831
G1 X96.517 Y104.2 E3.46893
;WIDTH:0.449999
G1 X96.539 Y103.85 E3.4808
G1 X96.539 Y88.632 E3.99591
G1 X105.776 Y88.632 E4.30857
G1 X106.369 Y88.632 E4.32864
G1 X106.369 Y121.368 E5.43671
G1 X105.776 Y121.368 E5.45678
G1 X96.599 Y121.368 E5.76741
G1 E3.76741 F2400
G92 E0
G1 X96.499 Y105.531 F7800
G1 E2 F2400
;WIDTH:0.370964
G1 F900
G1 X96.491 Y104.656 E2.02387
;WIDTH:0.361992
G1 X96.495 Y104.551 E2.02666
G1 E.02666 F2400
G92 E0
G1 X96.132 Y121.775 F7800
G1 E2 F2400
;TYPE:External perimeter
;WIDTH:0.449999
G1 F1800
G1 X96.132 Y88.225 E3.13563
G1 X105.776 Y88.225 E3.46207
G1 X106.676 Y88.225 E3.49253
G1 X106.776 Y88.225 E3.49591
G1 X106.776 Y121.775 E4.63154
G1 X106.676 Y121.775 E4.63492
G1 X105.776 Y121.775 E4.66538
G1 X96.192 Y121.775 E4.98979
G1 X96.132 Y121.379 F7800
G1 E2.98979 F2400
G92 E0
G1 X105.602 Y107.692 F7800
G1 E2 F2400
;TYPE:Solid infill
;WIDTH:0.374618
G1 F1200
G1 X105.695 Y107.715 E2.00264
G1 X105.695 Y120.693 E2.36058
G1 X105.363 Y120.693 E2.36974
G1 X105.363 Y108.135 E2.7161
G1 X105.506 Y107.871 E2.72438
G1 E.72438 F2400
G92 E0
G1 X105.695 Y89.307 F7800
G1 E2 F2400
G1 F1200
G1 X105.695 Y101.482 E2.3358
;WIDTH:0.408226
G1 X105.678 Y101.693 E2.34223
;WIDTH:0.424327
G1 X105.67 Y102.204 E2.35844
G1 X105.615 Y102.25 E2.36071
G1 X105.23 Y101.726 E2.38133
G1 X105.29 Y101.681 E2.38371
G1 X105.363 Y101.482 E2.39043
;WIDTH:0.374618
G1 X105.363 Y89.307 E2.72623
G1 X105.491 Y89.307 E2.72976
M106 S201.45
;LAYER_CHANGE
;Z:7.75
;HEIGHT:0.2
G1 E.72976 F2400
G92 E0
G1 Z7.75 F7800
G1 X113.054 Y120.961
G1 E2 F2400
M73 P72 R6
;TYPE:Perimeter
;WIDTH:0.449999
G1 F3600
G1 X110.381 Y120.961 E2.09048
G1 X110.381 Y89.039 E3.171
G1 X113.054 Y89.039 E3.26148
M73 Q72 S6
G1 X113.054 Y120.901 E4.33997
G1 X113.461 Y121.368 F7800
G1 F3600
G1 X109.974 Y121.368 E4.458
G1 X109.974 Y88.632 E5.56607
G1 X113.461 Y88.632 E5.6841
G1 X113.461 Y121.308 E6.79014
G1 X113.868 Y121.775 F7800
;TYPE:External perimeter
G1 F1800
G1 X110.712 Y121.775 E6.89697
G1 X109.812 Y121.775 E6.92743
G1 X109.612 Y121.775 E6.9342
;TYPE:Overhang perimeter
;WIDTH:0.4
;HEIGHT:0.4
M106 S255
G1 F3600
G1 X109.567 Y121.775 E6.93655
G1 X109.567 Y88.225 E8.68937
G1 X109.612 Y88.225 E8.69172
M106 S201.45
;TYPE:External perimeter
;WIDTH:0.449999
;HEIGHT:0.2
G1 F1800
G1 X109.812 Y88.225 E8.69849
G1 X110.712 Y88.225 E8.72895
G1 X113.868 Y88.225 E8.83578
G1 X113.868 Y121.715 E9.96937
G1 X113.473 Y121.774 F7800
G1 E7.96937 F2400
G92 E0
G1 X111.568 Y118.978 F7800
G1 E2 F2400
;TYPE:Internal infill
;WIDTH:0.45
G1 F4800
G1 X111.568 Y120.656 E2.0568
G1 X112.333 Y120.656 E2.08269
G1 X112.125 Y120.396 E2.09396
G1 X112.046 Y120.069 E2.10535
G1 X112.154 Y119.414 E2.12782
G1 X112.549 Y118.758 E2.15374
G1 X112.749 Y118.592 E2.16254
G1 X112.749 Y115.783 E2.25762
G1 X112.388 Y115.483 E2.27351
G1 X112.125 Y115.155 E2.28774
G1 X112.046 Y114.827 E2.29916
G1 X112.154 Y114.172 E2.32163
G1 X112.549 Y113.517 E2.34752
G1 X112.749 Y113.351 E2.35632
G1 X112.749 Y110.542 E2.4514
G1 X112.388 Y110.241 E2.46731
G1 X112.125 Y109.914 E2.48151
G1 X112.046 Y109.586 E2.49293
G1 X112.154 Y108.931 E2.5154
G1 X112.549 Y108.276 E2.54129
G1 X112.749 Y108.11 E2.55009
G1 X112.749 Y105.3 E2.64521
G1 X112.388 Y105 E2.6611
G1 X112.125 Y104.672 E2.67533
G1 X112.046 Y104.345 E2.68672
G1 X112.154 Y103.69 E2.70919
G1 X112.549 Y103.035 E2.73508
G1 X112.749 Y102.868 E2.7439
G1 X112.749 Y100.059 E2.83898
G1 X112.388 Y99.759 E2.85487
G1 X112.125 Y99.431 E2.8691
G1 X112.046 Y99.104 E2.88049
G1 X112.154 Y98.448 E2.90299
G1 X112.549 Y97.793 E2.92888
G1 X112.749 Y97.627 E2.93768
G1 X112.749 Y94.818 E3.03276
G1 X112.388 Y94.517 E3.04867
G1 X112.125 Y94.19 E3.06287
G1 X112.046 Y93.862 E3.07429
G1 X112.154 Y93.207 E3.09676
G1 X112.549 Y92.552 E3.12265
G1 X112.749 Y92.386 E3.13145
G1 X112.749 Y89.577 E3.22653
G1 X112.47 Y89.344 E3.23883
G1 X111.568 Y89.344 E3.26936
G1 X111.568 Y90.885 E3.32152
G1 X110.703 Y89.361 F7800
;TYPE:Solid infill
;WIDTH:0.483638
G1 F1200
G1 X111.144 Y89.361 E3.33768
G1 X111.144 Y120.639 E4.48389
G1 X110.703 Y120.639 E4.50005
M73 P72 R5
G1 X110.703 Y89.565 E5.63878
G1 E3.63878 F2400
G92 E0
G1 X105.139 Y106.088 F7800
G1 E2 F2400
;TYPE:External perimeter
;WIDTH:0.449999
G1 F900
G1 X104.895 Y106.769 E2.02449
G1 X104.424 Y107.554 E2.05548
G1 X103.926 Y108.103 E2.08057
G1 X103.493 Y108.453 E2.09942
G1 X102.86 Y108.821 E2.1242
G1 X101.995 Y109.119 E2.15517
G1 X101.261 Y109.219 E2.18024
G1 X100.525 Y109.19 E2.20517
G1 X99.635 Y108.977 E2.23615
G1 X98.962 Y108.667 E2.26123
G1 X98.222 Y108.129 E2.2922
G1 X97.668 Y107.517 E2.32014
G1 X97.239 Y106.803 E2.34833
G1 X96.94 Y105.936 E2.37937
G1 X96.84 Y105.202 E2.40444
G1 X96.881 Y104.382 E2.43223
G1 X97.083 Y103.574 E2.46042
G1 X97.436 Y102.83 E2.48829
G1 X97.931 Y102.161 E2.51646
G1 X98.542 Y101.609 E2.54433
G1 X99.256 Y101.18 E2.57252
G1 X100.123 Y100.881 E2.60356
G1 X100.942 Y100.778 E2.6315
G1 X101.445 Y100.793 E2.64853
G1 X102.135 Y100.915 E2.67225
G1 X102.828 Y101.164 E2.69718
G1 X103.613 Y101.635 E2.72817
G1 X104.162 Y102.133 E2.75326
G1 X104.657 Y102.788 E2.78105
G1 X105.021 Y103.536 E2.80921
G1 X105.244 Y104.427 E2.8403
G1 X105.28 Y105.167 E2.86538
G1 X105.151 Y106.03 E2.89492
G1 X105.023 Y106.409 F7800
G1 E.89492 F2400
G92 E0
G1 X96.946 Y120.961 F7800
G1 E2 F2400
;TYPE:Perimeter
G1 F3600
G1 X96.946 Y107.903 E2.442
G1 X97.062 Y108.06 E2.44861
G1 X97.741 Y108.786 E2.48226
G1 X98.618 Y109.405 E2.51859
G1 X99.442 Y109.767 E2.54905
G1 X100.49 Y110.004 E2.58542
G1 X101.367 Y110.027 E2.61512
G1 X102.257 Y109.89 E2.6456
G1 X103.267 Y109.526 E2.68194
G1 X104.003 Y109.088 E2.71093
G1 X104.526 Y108.653 E2.73396
G1 X105.12 Y107.976 E2.76445
G1 X105.66 Y107.048 E2.80079
;WIDTH:0.489506
G1 X105.969 Y106.199 E2.83434
G1 X106.023 Y105.665 E2.85427
;WIDTH:0.45283
G1 X106.077 Y105.132 E2.87253
;WIDTH:0.448361
G1 X106.034 Y104.233 E2.90287
;WIDTH:0.449999
G1 X105.755 Y103.183 E2.93964
G1 X105.308 Y102.3 E2.97314
G1 X104.712 Y101.533 E3.00602
G1 X104.035 Y100.939 E3.03651
G1 X103.107 Y100.399 E3.07285
G1 X102.277 Y100.113 E3.10257
G1 X101.44 Y99.977 E3.13127
G1 X100.845 Y99.97 E3.15141
G1 X99.862 Y100.11 E3.18502
G1 X98.84 Y100.48 E3.22181
G1 X97.999 Y101.002 E3.25531
G1 X97.279 Y101.674 E3.28865
G1 X96.946 Y102.119 E3.30746
G1 X96.946 Y89.039 E3.7502
G1 X106.433 Y89.039 E4.07132
G1 X106.433 Y103.31 E4.55438
G1 X106.442 Y104.422 E4.59202
M73 P73 R5
;WIDTH:0.431457
G1 X106.446 Y105.357 E4.62223
;WIDTH:0.468151
G1 X106.424 Y106.483 E4.66205
G1 X106.433 Y107.184 E4.68684
;WIDTH:0.449999
G1 X106.433 Y120.961 E5.15317
G1 X97.006 Y120.961 E5.47226
M73 Q73 S6
G1 X96.539 Y121.368 F7800
G1 F3600
G1 X96.539 Y106.945 E5.96046
G1 X96.535 Y105.975 E5.99329
;WIDTH:0.444317
G1 X96.557 Y106.066 E5.99641
;WIDTH:0.449999
G1 X96.889 Y107.011 E6.03031
G1 X97.365 Y107.789 E6.06118
G1 X97.981 Y108.457 E6.09194
G1 X98.79 Y109.036 E6.12561
G1 X99.538 Y109.372 E6.15337
G1 X100.507 Y109.597 E6.18704
G1 X101.314 Y109.623 E6.21437
G1 X102.126 Y109.504 E6.24215
G1 X103.064 Y109.174 E6.27581
G1 X103.748 Y108.77 E6.3027
G1 X104.226 Y108.378 E6.32362
G1 X104.772 Y107.765 E6.35141
G1 X105.278 Y106.909 E6.38507
G1 X105.547 Y106.134 E6.41284
G1 X105.687 Y105.149 E6.44652
G1 X105.639 Y104.33 E6.47429
G1 X105.388 Y103.36 E6.5082
G1 X104.982 Y102.544 E6.53905
G1 X104.437 Y101.833 E6.56937
G1 X103.824 Y101.287 E6.59716
G1 X102.968 Y100.782 E6.6308
G1 X102.206 Y100.514 E6.65814
G1 X101.428 Y100.383 E6.68485
G1 X100.894 Y100.374 E6.70293
G1 X99.992 Y100.496 E6.73374
G1 X99.048 Y100.83 E6.76763
G1 X98.27 Y101.306 E6.7985
G1 X97.605 Y101.918 E6.82909
G1 X97.069 Y102.654 E6.85991
G1 X96.688 Y103.474 E6.89052
G1 X96.515 Y104.249 E6.9174
G1 X96.539 Y103.455 E6.94429
G1 X96.539 Y88.632 E7.44603
G1 X106.101 Y88.632 E7.76969
G1 X106.84 Y88.632 E7.7947
G1 X106.84 Y121.368 E8.90277
G1 X106.101 Y121.368 E8.92778
G1 X96.599 Y121.368 E9.24941
G1 E7.24941 F2400
G92 E0
G1 X96.535 Y105.975 F7800
G1 E2 F2400
;WIDTH:0.442554
G1 F900
G1 X96.511 Y105.612 E2.01209
;WIDTH:0.394622
G1 X96.487 Y105.248 E2.02276
;WIDTH:0.38593
G1 X96.507 Y104.361 E2.04806
;WIDTH:0.403176
G1 X96.515 Y104.249 E2.05142
G1 E.05142 F2400
G92 E0
G1 X96.132 Y121.775 F7800
G1 E2 F2400
;TYPE:External perimeter
;WIDTH:0.449999
G1 F1800
M73 Q73 S5
G1 X96.132 Y88.225 E3.13563
G1 X106.101 Y88.225 E3.47307
G1 X107.001 Y88.225 E3.50353
G1 X107.201 Y88.225 E3.5103
;TYPE:Overhang perimeter
;WIDTH:0.4
;HEIGHT:0.4
M106 S255
G1 F3600
G1 X107.247 Y88.225 E3.5127
G1 X107.247 Y121.775 E5.26552
G1 X107.201 Y121.775 E5.26792
M106 S201.45
;TYPE:External perimeter
;WIDTH:0.449999
;HEIGHT:0.2
G1 F1800
G1 X107.001 Y121.775 E5.27469
G1 X106.101 Y121.775 E5.30515
G1 X96.192 Y121.775 E5.64056
G1 X96.132 Y121.379 F7800
G1 E3.64056 F2400
G92 E0
G1 X97.578 Y109.045 F7800
G1 E2 F2400
;TYPE:Internal infill
;WIDTH:0.45
;HEIGHT:0.4
G1 F4800
G1 X97.251 Y108.737 E2.0272
G1 X97.251 Y110.73 E2.1479
G1 X97.451 Y110.896 E2.16364
G1 X97.846 Y111.552 E2.21001
G1 X97.954 Y112.207 E2.25021
G1 X97.875 Y112.534 E2.27058
G1 X97.612 Y112.862 E2.29604
G1 X97.251 Y113.162 E2.32447
G1 X97.251 Y115.971 E2.49458
G1 X97.451 Y116.138 E2.51036
G1 X97.846 Y116.793 E2.55668
G1 X97.954 Y117.448 E2.59688
G1 X97.875 Y117.776 E2.61731
G1 X97.612 Y118.103 E2.64272
G1 X97.251 Y118.404 E2.67118
G1 X97.251 Y120.656 E2.80756
G1 X100.151 Y120.656 E2.98318
G1 X99.446 Y120.069 E3.03874
G1 X99.051 Y119.414 E3.08506
G1 X98.943 Y118.758 E3.12532
G1 X99.022 Y118.431 E3.14569
G1 X99.284 Y118.103 E3.17111
G1 X100.072 Y117.448 E3.23316
G1 X100.467 Y116.793 E3.27948
G1 X100.574 Y116.138 E3.31967
G1 X100.496 Y115.81 E3.34009
G1 X100.233 Y115.483 E3.3655
G1 X99.446 Y114.827 E3.42755
G1 X99.051 Y114.172 E3.47387
G1 X98.943 Y113.517 E3.51407
G1 X99.022 Y113.19 E3.53444
G1 X99.284 Y112.862 E3.55986
G1 X100.072 Y112.207 E3.62191
G1 X100.467 Y111.552 E3.66823
G1 X100.574 Y110.896 E3.70848
G1 X100.496 Y110.569 E3.72884
G1 X100.263 Y110.279 E3.75137
G1 X101.149 Y110.342 E3.80516
G1 X101.933 Y110.264 E3.85287
G1 X102.692 Y110.896 E3.91268
G1 X103.087 Y111.552 E3.95905
G1 X103.195 Y112.207 E3.99925
G1 X103.116 Y112.534 E4.01962
G1 X102.854 Y112.862 E4.04504
G1 X102.066 Y113.517 E4.10709
G1 X101.671 Y114.172 E4.15341
G1 X101.564 Y114.827 E4.1936
G1 X101.642 Y115.155 E4.21402
G1 X101.905 Y115.483 E4.23948
G1 X102.692 Y116.138 E4.30149
G1 X103.087 Y116.793 E4.34781
G1 X103.195 Y117.448 E4.38801
G1 X103.116 Y117.776 E4.40844
G1 X102.854 Y118.103 E4.43382
G1 X102.066 Y118.758 E4.49587
G1 X101.671 Y119.414 E4.54224
G1 X101.564 Y120.069 E4.58243
G1 X101.642 Y120.396 E4.60279
G1 X101.85 Y120.656 E4.62295
G1 X104.994 Y120.656 E4.81335
G1 X104.994 Y120.366 E4.83091
G1 X104.687 Y120.069 E4.85678
G1 X104.292 Y119.414 E4.9031
G1 X104.184 Y118.758 E4.94336
G1 X104.263 Y118.431 E4.96373
G1 X104.526 Y118.103 E4.98919
G1 X104.994 Y117.714 E5.02604
G1 X104.994 Y115.125 E5.18283
G1 X104.687 Y114.827 E5.20874
G1 X104.292 Y114.172 E5.25506
G1 X104.184 Y113.517 E5.29526
G1 X104.263 Y113.19 E5.31563
G1 X104.526 Y112.862 E5.34109
G1 X104.994 Y112.473 E5.37794
G1 X104.994 Y109.884 E5.53473
G1 X104.687 Y109.586 E5.56064
G1 X104.418 Y109.14 E5.59218
G1 X104.033 Y109.436 E5.62159
G1 X103.416 Y109.793 E5.66476
G1 X102.245 Y110.205 E5.73994
G1 E3.73994 F2400
G92 E0
G1 X105.67 Y107.686 F7800
G1 E2 F2400
;TYPE:Solid infill
;WIDTH:0.483638
;HEIGHT:0.2
G1 F1200
G1 X105.95 Y107.184 E2.02106
G1 X106.098 Y106.823 E2.03536
G1 X106.111 Y107.185 E2.04863
G1 X106.111 Y120.639 E2.54166
G1 X105.67 Y120.639 E2.55782
G1 X105.67 Y107.89 E3.02502
G1 E1.02502 F2400
G92 E0
G1 X105.67 Y101.802 F7800
G1 E2 F2400
G1 F1200
G1 X105.67 Y89.361 E2.45591
G1 X106.111 Y89.361 E2.47207
G1 X106.111 Y101.802 E2.92798
;WIDTH:0.525887
G1 X106.089 Y102.075 E2.93898
G1 X106.089 Y103.153 E2.98227
G1 X105.725 Y102.331 E3.01837
G1 X105.545 Y102.059 E3.03147
G1 X105.606 Y101.988 E3.03523
G1 X104.671 Y101.074 F7800
;TYPE:Internal infill
;WIDTH:0.45
;HEIGHT:0.4
G1 F4800
G1 X104.994 Y101.391 E3.06264
G1 X104.994 Y99.401 E3.18315
G1 X104.687 Y99.104 E3.20902
G1 X104.292 Y98.448 E3.25539
G1 X104.184 Y97.793 E3.29559
G1 X104.263 Y97.466 E3.31596
G1 X104.526 Y97.138 E3.34142
G1 X104.994 Y96.749 E3.37827
G1 X104.994 Y94.16 E3.53506
G1 X104.687 Y93.862 E3.56097
G1 X104.292 Y93.207 E3.60729
G1 X104.184 Y92.552 E3.64749
G1 X104.263 Y92.224 E3.66792
G1 X104.526 Y91.897 E3.69333
G1 X104.994 Y91.507 E3.73022
G1 X104.994 Y89.344 E3.86121
G1 X101.987 Y89.344 E4.04331
G1 X102.692 Y89.931 E4.09887
G1 X103.087 Y90.586 E4.14519
G1 X103.195 Y91.242 E4.18545
G1 X103.116 Y91.569 E4.20582
G1 X102.854 Y91.897 E4.23124
G1 X102.066 Y92.552 E4.29329
G1 X101.671 Y93.207 E4.33961
G1 X101.564 Y93.862 E4.3798
G1 X101.642 Y94.19 E4.40022
G1 X101.905 Y94.517 E4.42563
G1 X102.692 Y95.173 E4.48768
G1 X103.087 Y95.828 E4.534
G1 X103.195 Y96.483 E4.5742
G1 X103.116 Y96.81 E4.59457
G1 X102.854 Y97.138 E4.61999
G1 X102.066 Y97.793 E4.68204
G1 X101.671 Y98.448 E4.72836
G1 X101.564 Y99.104 E4.76861
G1 X101.642 Y99.431 E4.78897
G1 X101.877 Y99.723 E4.81167
G1 X101 Y99.658 E4.86493
G1 X100.209 Y99.739 E4.91308
G1 X99.446 Y99.104 E4.9732
G1 X99.051 Y98.448 E5.01957
G1 X98.943 Y97.793 E5.05977
G1 X99.022 Y97.466 E5.08014
G1 X99.284 Y97.138 E5.10556
G1 X100.072 Y96.483 E5.16761
G1 X100.467 Y95.828 E5.21393
G1 X100.574 Y95.173 E5.25412
G1 X100.496 Y94.845 E5.27454
G1 X100.233 Y94.517 E5.3
G1 X99.446 Y93.862 E5.36201
G1 X99.051 Y93.207 E5.40833
G1 X98.943 Y92.552 E5.44853
G1 X99.022 Y92.224 E5.46896
G1 X99.284 Y91.897 E5.49434
G1 X100.072 Y91.242 E5.55639
G1 X100.467 Y90.586 E5.60276
G1 X100.574 Y89.931 E5.64295
G1 X100.496 Y89.604 E5.66331
G1 X100.288 Y89.344 E5.68347
G1 X97.251 Y89.344 E5.86739
G1 X97.251 Y89.765 E5.89289
G1 X97.451 Y89.931 E5.90863
G1 X97.846 Y90.586 E5.95495
G1 X97.954 Y91.242 E5.99521
G1 X97.875 Y91.569 E6.01558
G1 X97.612 Y91.897 E6.04104
G1 X97.251 Y92.197 E6.06947
G1 X97.251 Y95.006 E6.23958
G1 X97.451 Y95.173 E6.25536
G1 X97.846 Y95.828 E6.30168
G1 X97.954 Y96.483 E6.34188
G1 X97.875 Y96.81 E6.36225
G1 X97.612 Y97.138 E6.38771
G1 X97.251 Y97.438 E6.41614
G1 X97.251 Y100.248 E6.58631
M73 P74 R5
G1 X97.451 Y100.414 E6.60205
G1 X97.713 Y100.848 E6.63275
G1 X98.688 Y100.215 E6.70315
G1 X99.889 Y99.791 E6.78028
M73 Q74 S5
M106 S219.3
;LAYER_CHANGE
;Z:7.95
;HEIGHT:0.2
G1 E4.78028 F2400
G92 E0
G1 Z7.95 F7800
G1 X105.136 Y106.097
G1 E2 F2400
;TYPE:External perimeter
;WIDTH:0.449999
G1 F900
G1 X104.895 Y106.769 E2.02416
G1 X104.424 Y107.554 E2.05515
G1 X103.926 Y108.103 E2.08024
G1 X103.493 Y108.453 E2.09909
G1 X102.86 Y108.821 E2.12387
G1 X101.995 Y109.119 E2.15484
G1 X101.261 Y109.219 E2.17991
G1 X100.525 Y109.19 E2.20484
G1 X99.635 Y108.977 E2.23582
G1 X98.898 Y108.629 E2.26341
G1 X98.22 Y108.128 E2.29195
G1 X97.612 Y107.441 E2.323
G1 X97.238 Y106.801 E2.34809
G1 X96.94 Y105.936 E2.37906
G1 X96.84 Y105.202 E2.40413
G1 X96.896 Y104.288 E2.43513
G1 X97.084 Y103.572 E2.46019
G1 X97.485 Y102.749 E2.49118
G1 X97.933 Y102.159 E2.51626
G1 X98.474 Y101.659 E2.5412
G1 X99.254 Y101.181 E2.57217
G1 X100.123 Y100.881 E2.60329
G1 X100.932 Y100.779 E2.63089
G1 X101.772 Y100.837 E2.65939
G1 X102.487 Y101.025 E2.68441
G1 X103.31 Y101.426 E2.7154
G1 X103.9 Y101.874 E2.74048
G1 X104.4 Y102.414 E2.76539
G1 X104.878 Y103.195 E2.79638
G1 X105.084 Y103.717 E2.81538
G1 X105.245 Y104.431 E2.84015
G1 X105.28 Y105.167 E2.86509
G1 X105.15 Y106.039 E2.89493
G1 X105.02 Y106.418 F7800
G1 E.89493 F2400
G92 E0
G1 X113.054 Y120.961 F7800
G1 E2 F2400
;TYPE:Perimeter
G1 F3600
G1 X109.342 Y120.961 E2.12565
G1 X109.142 Y120.961 E2.13242
;TYPE:Overhang perimeter
;WIDTH:0.4
;HEIGHT:0.4
M106 S255
G1 X107.672 Y120.961 E2.20922
M106 S219.3
;TYPE:Perimeter
;WIDTH:0.449999
;HEIGHT:0.2
G1 X107.472 Y120.961 E2.21599
G1 X106.572 Y120.961 E2.24645
G1 X96.946 Y120.961 E2.57228
G1 X96.946 Y107.903 E3.01428
G1 X97 Y107.978 E3.01741
G1 X97.734 Y108.781 E3.05423
G1 X98.547 Y109.363 E3.08807
G1 X99.442 Y109.767 E3.12131
G1 X100.49 Y110.004 E3.15768
G1 X101.19 Y110.034 E3.1814
G1 X101.741 Y109.977 E3.20015
G1 X102.257 Y109.89 E3.21786
G1 X103.267 Y109.526 E3.2542
G1 X104.003 Y109.088 E3.28319
G1 X104.526 Y108.653 E3.30622
G1 X105.12 Y107.976 E3.33671
G1 X105.66 Y107.048 E3.37305
G1 X105.949 Y106.195 E3.40354
G1 X106.093 Y105.131 E3.43988
G1 X106.04 Y104.255 E3.46959
G1 X105.843 Y103.422 E3.49856
G1 X105.574 Y102.773 E3.52234
G1 X105 Y101.864 E3.55873
G1 X104.395 Y101.228 E3.58844
G1 X103.67 Y100.696 E3.61888
G1 X102.698 Y100.238 E3.65525
G1 X101.832 Y100.025 E3.68544
G1 X100.834 Y99.97 E3.71927
G1 X99.861 Y100.11 E3.75254
G1 X98.832 Y100.485 E3.78961
G1 X97.923 Y101.059 E3.826
G1 X97.287 Y101.664 E3.85571
G1 X96.946 Y102.108 E3.87466
G1 X96.946 Y89.039 E4.31703
G1 X106.572 Y89.039 E4.64286
G1 X107.472 Y89.039 E4.67332
G1 X107.672 Y89.039 E4.68009
;TYPE:Overhang perimeter
;WIDTH:0.4
;HEIGHT:0.4
M106 S255
G1 X109.142 Y89.039 E4.75689
M106 S219.3
;TYPE:Perimeter
;WIDTH:0.449999
;HEIGHT:0.2
G1 X109.342 Y89.039 E4.76366
G1 X113.054 Y89.039 E4.88931
G1 X113.054 Y120.901 E5.9678
G1 X113.461 Y121.368 F7800
G1 F3600
G1 X110.242 Y121.368 E6.07676
G1 X109.342 Y121.368 E6.10722
G1 X109.142 Y121.368 E6.11399
;TYPE:Overhang perimeter
;WIDTH:0.4
;HEIGHT:0.4
M106 S255
G1 X107.672 Y121.368 E6.19079
M106 S219.3
;TYPE:Perimeter
;WIDTH:0.449999
;HEIGHT:0.2
G1 X107.472 Y121.368 E6.19756
G1 X106.572 Y121.368 E6.22802
G1 X96.539 Y121.368 E6.56762
G1 X96.539 Y106.945 E7.05582
G1 X96.535 Y105.975 E7.08865
;WIDTH:0.444297
G1 X96.557 Y106.066 E7.09177
;WIDTH:0.449999
G1 X96.885 Y107.005 E7.12544
G1 X97.306 Y107.709 E7.15321
G1 X97.977 Y108.454 E7.18715
G1 X98.722 Y108.996 E7.21833
G1 X99.538 Y109.372 E7.24874
G1 X100.507 Y109.597 E7.28241
G1 X101.314 Y109.623 E7.30974
G1 X102.126 Y109.504 E7.33752
G1 X103.064 Y109.174 E7.37118
G1 X103.748 Y108.77 E7.39807
G1 X104.226 Y108.378 E7.41899
G1 X104.772 Y107.765 E7.44678
G1 X105.278 Y106.908 E7.48047
G1 X105.547 Y106.134 E7.50821
G1 X105.687 Y105.149 E7.54189
G1 X105.642 Y104.343 E7.56921
G1 X105.463 Y103.569 E7.5961
G1 X105.226 Y102.984 E7.61746
G1 X104.7 Y102.139 E7.65115
G1 X104.148 Y101.551 E7.67845
G1 X103.49 Y101.061 E7.70622
G1 X102.593 Y100.631 E7.73989
G1 X101.802 Y100.431 E7.76751
G1 X100.883 Y100.375 E7.79867
G1 X99.992 Y100.496 E7.82911
G1 X99.043 Y100.833 E7.8632
G1 X98.199 Y101.359 E7.89686
G1 X97.61 Y101.911 E7.92418
G1 X97.12 Y102.569 E7.95195
G1 X96.69 Y103.466 E7.98562
G1 X96.524 Y104.148 E8.00938
G1 X96.539 Y103.446 E8.03315
G1 X96.539 Y88.632 E8.53459
G1 X106.572 Y88.632 E8.87419
G1 X107.472 Y88.632 E8.90465
G1 X107.672 Y88.632 E8.91142
;TYPE:Overhang perimeter
;WIDTH:0.4
;HEIGHT:0.4
M106 S255
G1 X109.142 Y88.632 E8.98822
M106 S219.3
;TYPE:Perimeter
;WIDTH:0.449999
;HEIGHT:0.2
G1 X109.342 Y88.632 E8.99499
G1 X110.242 Y88.632 E9.02545
G1 X113.461 Y88.632 E9.13441
G1 X113.461 Y121.308 E10.24045
G1 E8.24045 F2400
G92 E0
G1 X96.535 Y105.975 F7800
G1 E2 F2400
;WIDTH:0.442528
G1 F900
G1 X96.511 Y105.612 E2.01209
;WIDTH:0.394602
G1 X96.487 Y105.248 E2.02276
;WIDTH:0.373536
G1 X96.501 Y104.756 E2.03629
;WIDTH:0.400396
G1 X96.514 Y104.263 E2.05095
;WIDTH:0.41943
G1 X96.524 Y104.148 E2.05456
G1 E.05456 F2400
G92 E0
G1 X113.868 Y121.775 F7800
G1 E2 F2400
;TYPE:External perimeter
;WIDTH:0.449999
G1 F1800
G1 X110.242 Y121.775 E2.12274
G1 X109.342 Y121.775 E2.1532
G1 X109.142 Y121.775 E2.15997
;TYPE:Overhang perimeter
;WIDTH:0.4
;HEIGHT:0.4
M106 S255
G1 F3600
G1 X107.672 Y121.775 E2.23677
M106 S219.3
;TYPE:External perimeter
;WIDTH:0.449999
;HEIGHT:0.2
G1 F1800
G1 X107.472 Y121.775 E2.24354
G1 X106.572 Y121.775 E2.274
G1 X96.132 Y121.775 E2.62738
G1 X96.132 Y88.225 E3.76301
G1 X106.572 Y88.225 E4.11639
G1 X107.472 Y88.225 E4.14685
G1 X107.672 Y88.225 E4.15362
;TYPE:Overhang perimeter
;WIDTH:0.4
;HEIGHT:0.4
M106 S255
G1 F3600
G1 X109.142 Y88.225 E4.23042
M106 S219.3
;TYPE:External perimeter
;WIDTH:0.449999
;HEIGHT:0.2
G1 F1800
G1 X109.342 Y88.225 E4.23719
G1 X110.242 Y88.225 E4.26765
G1 X113.868 Y88.225 E4.39039
G1 X113.868 Y121.715 E5.52398
G1 X113.473 Y121.774 F7800
G1 E3.52398 F2400
G92 E0
G1 X111.016 Y120.632 F7800
G1 E2 F2400
;TYPE:Bridge infill
;WIDTH:0.403116
;HEIGHT:0.4
M106 S255
G1 F3600
G1 X106 Y120.632 E2.26616
G1 X106 Y120.179 E2.2902
G1 X110.814 Y120.179 E2.54564
G1 X110.814 Y119.726 E2.56968
G1 X106 Y119.726 E2.82512
G1 X106 Y119.273 E2.84916
G1 X110.814 Y119.273 E3.1046
G1 X110.814 Y118.82 E3.12864
G1 X106 Y118.82 E3.38408
G1 X106 Y118.367 E3.40812
G1 X110.814 Y118.367 E3.66356
G1 X110.814 Y117.914 E3.6876
G1 X106 Y117.914 E3.94304
G1 X106 Y117.461 E3.96708
G1 X110.814 Y117.461 E4.22252
G1 X110.814 Y117.008 E4.24656
G1 X106 Y117.008 E4.502
G1 X106 Y116.554 E4.52609
G1 X110.814 Y116.554 E4.78153
G1 X110.814 Y116.101 E4.80557
G1 X106 Y116.101 E5.06101
G1 X106 Y115.648 E5.08505
M73 P75 R5
M73 Q75 S5
G1 X110.814 Y115.648 E5.34049
G1 X110.814 Y115.195 E5.36453
G1 X106 Y115.195 E5.61997
G1 X106 Y114.742 E5.64401
G1 X110.814 Y114.742 E5.89945
G1 X110.814 Y114.289 E5.92349
G1 X106 Y114.289 E6.17893
G1 X106 Y113.836 E6.20297
G1 X110.814 Y113.836 E6.45841
G1 X110.814 Y113.383 E6.48245
G1 X106 Y113.383 E6.73789
G1 X106 Y112.929 E6.76198
G1 X110.814 Y112.929 E7.01742
G1 X110.814 Y112.476 E7.04146
G1 X106 Y112.476 E7.2969
G1 X106 Y112.023 E7.32094
G1 X110.814 Y112.023 E7.57638
G1 X110.814 Y111.57 E7.60042
G1 X106 Y111.57 E7.85586
G1 X106 Y111.117 E7.8799
G1 X110.814 Y111.117 E8.13534
G1 X110.814 Y110.664 E8.15938
G1 X106 Y110.664 E8.41482
G1 X106 Y110.211 E8.43886
G1 X110.814 Y110.211 E8.6943
G1 X110.814 Y109.758 E8.71834
G1 X106 Y109.758 E8.97378
G1 X106 Y109.305 E8.99782
G1 X110.814 Y109.305 E9.25326
G1 X110.814 Y108.851 E9.27735
G1 X106 Y108.851 E9.53279
G1 X106 Y108.398 E9.55683
G1 X110.814 Y108.398 E9.81227
G1 X110.814 Y107.945 E9.83631
G1 X106 Y107.945 E10.09175
G1 X106 Y107.65 E10.1074
G1 X105.878 Y107.492 E10.11799
G1 X110.814 Y107.492 E10.3799
G1 X110.814 Y107.039 E10.40394
G1 X106.011 Y107.039 E10.6588
G1 X106.176 Y106.586 E10.68438
G1 X110.814 Y106.586 E10.93048
G1 X110.814 Y106.133 E10.95452
G1 X106.288 Y106.133 E11.19468
G1 X106.352 Y105.68 E11.21896
G1 X110.814 Y105.68 E11.45572
G1 X110.814 Y105.227 E11.47976
G1 X106.415 Y105.227 E11.71318
G1 X106.404 Y104.773 E11.73728
G1 X110.814 Y104.773 E11.97128
G1 X110.814 Y104.32 E11.99532
G1 X106.377 Y104.32 E12.23076
G1 X106.283 Y103.867 E12.25531
G1 X110.814 Y103.867 E12.49573
G1 X110.814 Y103.414 E12.51977
G1 X106.175 Y103.414 E12.76592
G1 X106.014 Y102.961 E12.79143
G1 X110.814 Y102.961 E13.04613
G1 X110.814 Y102.508 E13.07017
G1 X105.857 Y102.508 E13.3332
G1 X106 Y102.316 E13.3459
G1 X106 Y102.055 E13.35975
G1 X110.814 Y102.055 E13.61519
G1 X110.814 Y101.602 E13.63923
G1 X106 Y101.602 E13.89467
G1 X106 Y101.148 E13.91876
G1 X110.814 Y101.148 E14.1742
G1 X110.814 Y100.695 E14.19824
G1 X106 Y100.695 E14.45368
G1 X106 Y100.242 E14.47772
G1 X110.814 Y100.242 E14.73316
G1 X110.814 Y99.789 E14.7572
G1 X106 Y99.789 E15.01264
G1 X106 Y99.336 E15.03668
G1 X110.814 Y99.336 E15.29212
G1 X110.814 Y98.883 E15.31616
G1 X106 Y98.883 E15.5716
G1 X106 Y98.43 E15.59564
G1 X110.814 Y98.43 E15.85108
G1 X110.814 Y97.977 E15.87512
G1 X106 Y97.977 E16.13056
G1 X106 Y97.524 E16.1546
G1 X110.814 Y97.524 E16.41004
G1 X110.814 Y97.07 E16.43413
G1 X106 Y97.07 E16.68957
G1 X106 Y96.617 E16.71361
G1 X110.814 Y96.617 E16.96905
G1 X110.814 Y96.164 E16.99309
G1 X106 Y96.164 E17.24853
G1 X106 Y95.711 E17.27257
G1 X110.814 Y95.711 E17.52801
G1 X110.814 Y95.258 E17.55205
G1 X106 Y95.258 E17.80749
G1 X106 Y94.805 E17.83153
G1 X110.814 Y94.805 E18.08697
G1 X110.814 Y94.352 E18.11101
G1 X106 Y94.352 E18.36645
G1 X106 Y93.899 E18.39049
G1 X110.814 Y93.899 E18.64593
G1 X110.814 Y93.446 E18.66997
G1 X106 Y93.446 E18.92541
G1 X106 Y92.992 E18.9495
G1 X110.814 Y92.992 E19.20494
G1 X110.814 Y92.539 E19.22898
G1 X106 Y92.539 E19.48442
G1 X106 Y92.086 E19.50846
G1 X110.814 Y92.086 E19.7639
G1 X110.814 Y91.633 E19.78794
G1 X106 Y91.633 E20.04338
G1 X106 Y91.18 E20.06742
G1 X110.814 Y91.18 E20.32286
G1 X110.814 Y90.727 E20.3469
G1 X106 Y90.727 E20.60234
G1 X106 Y90.274 E20.62638
G1 X110.814 Y90.274 E20.88182
G1 X110.814 Y89.821 E20.90586
G1 X106 Y89.821 E21.1613
G1 X106 Y89.367 E21.18539
G1 X111.016 Y89.367 E21.45155
M106 S219.3
M106 S178.5
;LAYER_CHANGE
;Z:8.15
;HEIGHT:0.2
G1 E19.45155 F2400
G92 E0
G1 Z8.15 F7800
G1 X105.125 Y106.085
G1 E2 F2400
;TYPE:External perimeter
;WIDTH:0.449999
G1 F900
G1 X105.035 Y106.428 E2.012
G1 X104.633 Y107.251 E2.043
G1 X104.185 Y107.841 E2.06808
G1 X103.593 Y108.379 E2.09516
G1 X102.863 Y108.82 E2.12403
G1 X102.342 Y109.025 E2.14298
G1 X101.628 Y109.186 E2.16775
G1 X100.892 Y109.221 E2.19269
G1 X99.987 Y109.086 E2.22366
G1 X99.29 Y108.836 E2.24872
G1 X98.65 Y108.47 E2.27368
G1 X98.215 Y108.124 E2.29249
G1 X97.612 Y107.441 E2.32333
G1 X97.238 Y106.801 E2.34842
G1 X96.94 Y105.936 E2.37939
G1 X96.84 Y105.202 E2.40446
G1 X96.896 Y104.289 E2.43542
G1 X97.084 Y103.572 E2.46051
G1 X97.485 Y102.749 E2.4915
G1 X97.933 Y102.159 E2.51658
G1 X98.474 Y101.659 E2.54152
G1 X99.254 Y101.181 E2.57249
G1 X100.123 Y100.881 E2.60361
G1 X100.922 Y100.779 E2.63087
G1 X101.772 Y100.837 E2.65971
G1 X102.487 Y101.024 E2.68473
G1 X103.211 Y101.366 E2.71183
G1 X103.897 Y101.872 E2.74068
G1 X104.4 Y102.415 E2.76573
G1 X104.878 Y103.195 E2.7967
G1 X105.178 Y104.064 E2.82782
G1 X105.279 Y104.798 E2.8529
G1 X105.223 Y105.712 E2.8839
G1 X105.14 Y106.027 E2.89493
G1 X105.031 Y106.412 F7800
G1 E.89493 F2400
G92 E0
G1 X113.054 Y120.961 F7800
G1 E2 F2400
;TYPE:Perimeter
G1 F3600
G1 X96.946 Y120.961 E2.54524
G1 X96.946 Y107.903 E2.98724
G1 X97 Y107.978 E2.99037
G1 X97.705 Y108.759 E3.02598
G1 X98.243 Y109.175 E3.049
G1 X99.011 Y109.601 E3.07873
G1 X99.864 Y109.89 E3.10922
G1 X100.928 Y110.034 E3.14556
G1 X101.804 Y109.981 E3.17527
G1 X102.637 Y109.784 E3.20424
G1 X103.127 Y109.593 E3.22204
G1 X103.588 Y109.334 E3.23994
G1 X104.137 Y108.984 E3.26198
G1 X104.831 Y108.336 E3.29412
G1 X105.363 Y107.611 E3.32456
G1 X105.821 Y106.639 E3.36093
G1 X106.035 Y105.765 E3.39139
G1 X106.086 Y104.692 E3.42775
G1 X105.949 Y103.803 E3.4582
G1 X105.574 Y102.773 E3.4953
G1 X105 Y101.865 E3.53166
G1 X104.383 Y101.218 E3.56192
G1 X103.562 Y100.631 E3.59608
G1 X102.698 Y100.238 E3.62821
G1 X101.831 Y100.025 E3.65843
G1 X100.823 Y99.971 E3.6926
G1 X99.862 Y100.11 E3.72547
G1 X98.832 Y100.485 E3.76257
G1 X97.923 Y101.059 E3.79896
G1 X97.287 Y101.664 E3.82867
G1 X96.946 Y102.108 E3.84762
G1 X96.946 Y89.039 E4.28999
G1 X113.054 Y89.039 E4.83523
G1 X113.054 Y120.901 E5.91372
G1 X113.461 Y121.368 F7800
M73 Q76 S5
G1 F3600
G1 X96.539 Y121.368 E6.48651
G1 X96.539 Y106.945 E6.97471
G1 X96.535 Y105.975 E7.00754
M73 P76 R5
;WIDTH:0.444297
G1 X96.557 Y106.066 E7.01066
;WIDTH:0.449999
G1 X96.885 Y107.005 E7.04433
G1 X97.306 Y107.709 E7.0721
G1 X97.96 Y108.441 E7.10533
G1 X98.447 Y108.823 E7.12628
G1 X99.151 Y109.219 E7.15362
G1 X99.925 Y109.488 E7.18136
G1 X100.91 Y109.628 E7.21504
G1 X101.716 Y109.583 E7.24236
G1 X102.49 Y109.404 E7.26925
G1 X102.98 Y109.214 E7.28704
G1 X103.865 Y108.681 E7.32201
G1 X104.508 Y108.089 E7.35159
G1 X104.998 Y107.431 E7.37936
G1 X105.428 Y106.534 E7.41303
G1 X105.629 Y105.738 E7.44082
G1 X105.682 Y104.745 E7.47448
G1 X105.563 Y103.933 E7.50226
G1 X105.226 Y102.984 E7.53635
G1 X104.7 Y102.14 E7.57001
G1 X104.14 Y101.545 E7.59767
G1 X103.386 Y100.999 E7.62918
G1 X102.593 Y100.631 E7.65877
G1 X101.801 Y100.431 E7.68642
G1 X100.872 Y100.375 E7.71792
G1 X99.992 Y100.496 E7.74799
G1 X99.043 Y100.833 E7.78208
G1 X98.198 Y101.359 E7.81577
G1 X97.61 Y101.911 E7.84307
G1 X97.12 Y102.569 E7.87084
G1 X96.69 Y103.466 E7.90451
G1 X96.524 Y104.148 E7.92827
G1 X96.539 Y103.446 E7.95204
G1 X96.539 Y88.632 E8.45348
G1 X113.461 Y88.632 E9.02627
G1 X113.461 Y121.308 E10.13231
G1 E8.13231 F2400
G92 E0
G1 X96.535 Y105.975 F7800
G1 E2 F2400
;WIDTH:0.442528
G1 F900
G1 X96.511 Y105.612 E2.01209
;WIDTH:0.394603
G1 X96.487 Y105.248 E2.02276
;WIDTH:0.373535
G1 X96.501 Y104.756 E2.03629
;WIDTH:0.400392
G1 X96.514 Y104.264 E2.05092
;WIDTH:0.419426
G1 X96.524 Y104.148 E2.05457
G1 E.05457 F2400
G92 E0
G1 X113.868 Y121.775 F7800
G1 E2 F2400
;TYPE:External perimeter
;WIDTH:0.449999
G1 F1800
G1 X96.132 Y121.775 E2.60034
G1 X96.132 Y88.225 E3.73597
G1 X113.868 Y88.225 E4.33631
G1 X113.868 Y121.715 E5.4699
G1 X113.473 Y121.774 F7800
G1 E3.4699 F2400
G92 E0
G1 X111.242 Y119.782 F7800
G1 E2 F2400
;TYPE:Internal infill
;WIDTH:0.45
;HEIGHT:0.4
G1 F4800
G1 X111.242 Y120.656 E2.05293
G1 X112.749 Y120.656 E2.14419
G1 X112.342 Y120.069 E2.18745
G1 X112.207 Y119.414 E2.22795
G1 X112.355 Y118.758 E2.26868
G1 X112.749 Y118.261 E2.30709
G1 X112.749 Y115.352 E2.48326
G1 X112.342 Y114.827 E2.52349
G1 X112.207 Y114.172 E2.56399
G1 X112.355 Y113.517 E2.60466
G1 X112.749 Y113.02 E2.64307
G1 X112.749 Y110.111 E2.81924
G1 X112.342 Y109.586 E2.85947
G1 X112.207 Y108.931 E2.89997
G1 X112.355 Y108.276 E2.94064
G1 X112.749 Y107.779 E2.97905
G1 X112.749 Y104.87 E3.15522
G1 X112.342 Y104.345 E3.19545
G1 X112.207 Y103.69 E3.23595
G1 X112.355 Y103.035 E3.27662
G1 X112.749 Y102.538 E3.31503
G1 X112.749 Y99.628 E3.49126
G1 X112.342 Y99.104 E3.53144
G1 X112.207 Y98.448 E3.572
G1 X112.355 Y97.793 E3.61267
G1 X112.749 Y97.296 E3.65108
G1 X112.749 Y94.387 E3.82725
G1 X112.342 Y93.862 E3.86748
G1 X112.207 Y93.207 E3.90798
G1 X112.355 Y92.552 E3.94865
G1 X112.749 Y92.055 E3.98706
G1 X112.749 Y89.612 E4.13501
G1 E2.13501 F2400
G92 E0
G1 X102.625 Y89.344 F7800
G1 E2 F2400
G1 F4800
G1 X105.065 Y89.344 E2.14777
G1 X105.52 Y89.931 E2.19275
G1 X105.571 Y90.18 E2.20814
G1 X105.571 Y90.955 E2.25507
G1 X105.507 Y91.242 E2.27288
G1 X104.48 Y92.552 E2.37369
G1 X104.345 Y93.207 E2.41419
G1 X104.493 Y93.862 E2.45486
G1 X105.52 Y95.173 E2.55571
G1 X105.571 Y95.421 E2.57104
G1 X105.571 Y96.197 E2.61803
G1 X105.507 Y96.483 E2.63578
G1 X104.48 Y97.793 E2.73659
G1 X104.345 Y98.448 E2.77709
G1 X104.493 Y99.104 E2.81782
G1 X105.52 Y100.414 E2.91863
G1 X105.571 Y100.662 E2.93396
G1 X105.571 Y101.438 E2.98095
G1 X105.507 Y101.724 E2.9987
G1 X105.387 Y101.876 E3.01043
G1 X104.748 Y101.138 E3.06955
G1 X104.021 Y100.556 E3.12595
G1 X102.902 Y99.983 E3.20208
G1 X102.445 Y99.857 E3.23079
G1 X101.859 Y99.104 E3.28857
G1 X101.724 Y98.448 E3.32913
G1 X101.873 Y97.793 E3.36981
G1 X102.9 Y96.483 E3.47062
G1 X103.035 Y95.828 E3.51112
G1 X102.886 Y95.173 E3.5518
G1 X101.859 Y93.862 E3.65265
G1 X101.724 Y93.207 E3.69315
G1 X101.873 Y92.552 E3.73383
G1 X102.9 Y91.242 E3.83464
G1 X103.035 Y90.586 E3.8752
G1 X102.886 Y89.931 E3.91588
G1 X102.422 Y89.344 E3.96119
G1 X99.824 Y89.344 E4.11852
G1 X100.279 Y89.931 E4.1635
G1 X100.414 Y90.586 E4.204
G1 X100.265 Y91.242 E4.24474
G1 X99.238 Y92.552 E4.34555
G1 X99.103 Y93.207 E4.38605
G1 X99.252 Y93.862 E4.42673
G1 X100.279 Y95.173 E4.52758
G1 X100.414 Y95.828 E4.56808
G1 X100.265 Y96.483 E4.60876
G1 X99.238 Y97.793 E4.70957
G1 X99.103 Y98.448 E4.75007
G1 X99.252 Y99.104 E4.79081
G1 X99.81 Y99.81 E4.84531
G1 X98.678 Y100.221 E4.91824
G1 X97.737 Y100.819 E4.98576
G1 X97.645 Y100.414 E5.01091
G1 X97.251 Y99.917 E5.04932
G1 X97.251 Y97.008 E5.22549
G1 X97.658 Y96.483 E5.26572
G1 X97.793 Y95.828 E5.30622
G1 X97.645 Y95.173 E5.34689
G1 X97.251 Y94.676 E5.3853
G1 X97.251 Y91.766 E5.56153
G1 X97.658 Y91.242 E5.60171
G1 X97.793 Y90.586 E5.64227
G1 X97.645 Y89.931 E5.68294
G1 X97.251 Y89.434 E5.72135
G1 X97.251 Y89.344 E5.7268
G1 X99.604 Y89.344 E5.8693
G1 E3.8693 F2400
G92 E0
G1 X105.571 Y118.827 F7800
G1 E2 F2400
G1 F4800
G1 X105.571 Y120.656 E2.11076
G1 X104.958 Y120.656 E2.14788
G1 X104.493 Y120.069 E2.19323
G1 X104.345 Y119.414 E2.2339
G1 X104.48 Y118.758 E2.27446
G1 X105.507 Y117.448 E2.37527
G1 X105.571 Y117.162 E2.39302
G1 X105.571 Y116.386 E2.44001
G1 X105.52 Y116.138 E2.45534
G1 X104.493 Y114.827 E2.55619
G1 X104.345 Y114.172 E2.59686
G1 X104.48 Y113.517 E2.63736
G1 X105.507 Y112.207 E2.73817
G1 X105.571 Y111.921 E2.75592
G1 X105.571 Y111.145 E2.80291
G1 X105.52 Y110.896 E2.8183
G1 X104.493 Y109.586 E2.91911
G1 X104.397 Y109.161 E2.9455
G1 X103.416 Y109.793 E3.01617
G1 X102.323 Y110.184 E3.08647
G1 X102.886 Y110.896 E3.14144
G1 X103.035 Y111.552 E3.18218
G1 X102.9 Y112.207 E3.22268
G1 X101.873 Y113.517 E3.32349
G1 X101.724 Y114.172 E3.36417
G1 X101.859 Y114.827 E3.40467
G1 X102.886 Y116.138 E3.50552
G1 X103.035 Y116.793 E3.5462
G1 X102.9 Y117.448 E3.5867
G1 X101.873 Y118.758 E3.68751
G1 X101.724 Y119.414 E3.72825
G1 X101.859 Y120.069 E3.76875
G1 X102.314 Y120.656 E3.81373
G1 X99.717 Y120.656 E3.971
G1 X99.252 Y120.069 E4.01635
G1 X99.103 Y119.414 E4.05703
G1 X99.238 Y118.758 E4.09759
G1 X100.265 Y117.448 E4.1984
G1 X100.414 Y116.793 E4.23908
G1 X100.279 Y116.138 E4.27958
G1 X99.252 Y114.827 E4.38043
G1 X99.103 Y114.172 E4.42111
G1 X99.238 Y113.517 E4.46161
G1 X100.265 Y112.207 E4.56242
G1 X100.414 Y111.552 E4.6031
G1 X100.279 Y110.896 E4.64366
G1 X99.711 Y110.165 E4.69972
G1 X99.117 Y109.975 E4.73749
G1 X98.41 Y109.636 E4.78497
G1 X97.509 Y108.993 E4.852
G1 X97.251 Y108.728 E4.8744
G1 X97.251 Y110.399 E4.9756
G1 X97.645 Y110.896 E5.01401
G1 X97.793 Y111.552 E5.05474
G1 X97.658 Y112.207 E5.09524
G1 X97.251 Y112.731 E5.13542
G1 X97.251 Y115.641 E5.31165
G1 X97.645 Y116.138 E5.35006
G1 X97.793 Y116.793 E5.39073
G1 X97.658 Y117.448 E5.43123
G1 X97.251 Y117.973 E5.47146
G1 X97.251 Y120.415 E5.61935
G1 E3.61935 F2400
G92 E0
G1 X106.495 Y120.528 F7800
G1 E2 F2400
;TYPE:Solid infill
;WIDTH:0.57569
;HEIGHT:0.2
G1 F1200
G1 X106.447 Y120.575 E2.00298
G1 X106.465 Y120.64 E2.00597
G1 X106.529 Y120.657 E2.0089
G1 X106.576 Y120.61 E2.01184
G1 X106.559 Y120.546 E2.01477
;WIDTH:0.449999
G1 X106.449 Y119.865 E2.03812
G1 X107.312 Y120.722 E2.07929
;WIDTH:0.41646
G1 X107.385 Y120.788 E2.08235
M73 Q77 S5
;WIDTH:0.38292
G1 X107.365 Y120.859 E2.08444
G1 X107.437 Y120.84 E2.08655
G1 X107.426 Y120.799 E2.08775
;WIDTH:0.449999
G1 X107.815 Y120.656 E2.10178
G1 X106.449 Y119.29 E2.16717
G1 X106.449 Y118.714 E2.18667
G1 X108.391 Y120.656 E2.27963
G1 X108.966 Y120.656 E2.29909
G1 X106.449 Y118.138 E2.4196
G1 X106.449 Y117.562 E2.4391
G1 X109.542 Y120.656 E2.58718
G1 X110.481 Y120.712 F7800
;WIDTH:0.38292
G1 F1200
G1 X110.492 Y120.753 E2.58838
G1 X110.421 Y120.772 E2.59046
G1 X110.44 Y120.701 E2.59254
;WIDTH:0.41646
G1 X110.279 Y120.678 E2.59759
;WIDTH:0.449999
G1 X110.118 Y120.656 E2.60309
G1 X106.449 Y116.987 E2.77872
G1 X106.449 Y116.411 E2.79822
G1 X110.365 Y120.327 E2.98568
M73 P77 R5
G1 X110.365 Y119.751 E3.00518
G1 X106.449 Y115.835 E3.19264
G1 X106.449 Y115.26 E3.2121
G1 X110.365 Y119.175 E3.39953
G1 X110.365 Y118.6 E3.41899
G1 X106.449 Y114.684 E3.60645
G1 X106.449 Y114.108 E3.62595
G1 X110.365 Y118.024 E3.81341
G1 X110.365 Y117.448 E3.83291
G1 X106.449 Y113.533 E4.02034
G1 X106.449 Y112.957 E4.03984
G1 X110.365 Y116.873 E4.2273
G1 X110.365 Y116.297 E4.2468
M73 P77 R4
G1 X106.449 Y112.381 E4.43426
G1 X106.449 Y111.806 E4.45372
G1 X110.365 Y115.721 E4.64115
G1 X110.365 Y115.146 E4.66061
G1 X106.449 Y111.23 E4.84807
G1 X106.449 Y110.654 E4.86757
G1 X110.365 Y114.57 E5.05503
G1 X110.365 Y113.994 E5.07453
G1 X106.449 Y110.078 E5.26199
G1 X106.449 Y109.503 E5.28145
G1 X110.365 Y113.418 E5.46888
G1 X110.365 Y112.843 E5.48834
G1 X106.449 Y108.927 E5.6758
G1 X106.449 Y108.351 E5.6953
G1 X110.365 Y112.267 E5.88276
G1 X110.365 Y111.691 E5.90226
G1 X106.449 Y107.776 E6.08969
G1 X106.015 Y106.554 F7800
;WIDTH:0.38292
G1 F1200
G1 X105.996 Y106.625 E6.09177
G1 X106.067 Y106.606 E6.09385
G1 X106.315 Y106.871 E6.10411
G1 X106.296 Y106.942 E6.10619
G1 X106.367 Y106.923 E6.10827
G1 X106.356 Y106.882 E6.10947
;WIDTH:0.41646
G1 X106.402 Y107.041 E6.11461
;WIDTH:0.449999
G1 X106.449 Y107.2 E6.12022
G1 X110.365 Y111.116 E6.30768
G1 X110.365 Y110.54 E6.32718
G1 X106.204 Y106.38 E6.52634
G1 X106.323 Y105.923 E6.54232
G1 X110.365 Y109.964 E6.73578
G1 X110.365 Y109.389 E6.75524
G1 X106.361 Y105.385 E6.94691
G1 X106.398 Y104.847 E6.96516
G1 X110.365 Y108.813 E7.15503
G1 X110.365 Y108.237 E7.17453
G1 X106.326 Y104.198 E7.36787
G1 X106.097 Y103.815 E7.38297
;WIDTH:0.38292
G1 X106.02 Y103.457 E7.39332
;WIDTH:0.41646
G1 X106.126 Y103.493 E7.3968
;WIDTH:0.449999
G1 X106.232 Y103.529 E7.40059
G1 X110.365 Y107.661 E7.59841
G1 X110.365 Y107.086 E7.61787
G1 X106.449 Y103.17 E7.80533
G1 X106.449 Y102.594 E7.82483
G1 X110.365 Y106.51 E8.01229
G1 X110.365 Y105.934 E8.03179
G1 X106.449 Y102.019 E8.21922
G1 X106.449 Y101.443 E8.23872
G1 X110.365 Y105.359 E8.42618
G1 X110.365 Y104.783 E8.44568
M73 Q77 S4
G1 X106.449 Y100.867 E8.63314
G1 X106.449 Y100.292 E8.6526
G1 X110.365 Y104.207 E8.84003
G1 X110.365 Y103.632 E8.85949
G1 X106.449 Y99.716 E9.04695
G1 X106.449 Y99.14 E9.06645
G1 X110.365 Y103.056 E9.25391
G1 X110.365 Y102.48 E9.27341
G1 X106.449 Y98.564 E9.46087
G1 X106.449 Y97.989 E9.48033
G1 X110.365 Y101.904 E9.66776
G1 X110.365 Y101.329 E9.68722
G1 X106.449 Y97.413 E9.87468
G1 X106.449 Y96.837 E9.89418
G1 X110.365 Y100.753 E10.08164
G1 X110.365 Y100.177 E10.10114
G1 X106.449 Y96.262 E10.28857
G1 X106.449 Y95.686 E10.30807
G1 X110.365 Y99.602 E10.49553
G1 X110.365 Y99.026 E10.51503
G1 X106.449 Y95.11 E10.70249
G1 X106.449 Y94.535 E10.72195
G1 X110.365 Y98.45 E10.90938
G1 X110.365 Y97.875 E10.92884
M73 Q78 S4
G1 X106.449 Y93.959 E11.1163
G1 X106.449 Y93.383 E11.1358
G1 X110.365 Y97.299 E11.32326
G1 X110.365 Y96.723 E11.34276
G1 X106.449 Y92.808 E11.53019
G1 X106.449 Y92.232 E11.54969
M73 P78 R4
G1 X110.365 Y96.148 E11.73715
G1 X110.365 Y95.572 E11.75665
G1 X106.449 Y91.656 E11.94411
G1 X106.449 Y91.08 E11.96361
G1 X110.365 Y94.996 E12.15107
G1 X110.365 Y94.42 E12.17057
G1 X106.449 Y90.505 E12.358
G1 X106.449 Y89.929 E12.3775
G1 X110.365 Y93.845 E12.56496
G1 X110.365 Y93.269 E12.58446
G1 X106.449 Y89.353 E12.77192
G1 X107.016 Y89.344 E12.79111
G1 X110.365 Y92.693 E12.95142
G1 X110.365 Y92.118 E12.97088
G1 X107.591 Y89.344 E13.10367
G1 X108.167 Y89.344 E13.12317
G1 X110.365 Y91.542 E13.22839
G1 E11.22839 F2400
G92 E0
G1 X108.887 Y89.488 F7800
G1 E2 F2400
G1 F1200
G1 X110.365 Y90.966 E2.07075
G1 X110.365 Y89.344 E2.12565
G1 X108.743 Y89.344 E2.18055
G1 X109.872 Y89.754 F7800
;WIDTH:0.585846
G1 F1200
G1 X109.824 Y89.802 E2.18361
G1 X109.842 Y89.867 E2.18665
G1 X109.907 Y89.885 E2.18969
G1 X109.955 Y89.837 E2.19275
G1 X109.938 Y89.771 E2.19583
M106 S211.65
;LAYER_CHANGE
;Z:8.35
;HEIGHT:0.200001
G1 E.19583 F2400
G92 E0
G1 Z8.35 F7800
G1 X105.136 Y106.097
G1 E2 F2400
;TYPE:External perimeter
;WIDTH:0.449999
G1 F900
G1 X104.895 Y106.769 E2.02416
G1 X104.424 Y107.554 E2.05515
G1 X103.926 Y108.103 E2.08024
G1 X103.493 Y108.453 E2.09909
G1 X102.86 Y108.821 E2.12387
G1 X102.117 Y109.089 E2.15061
G1 X101.224 Y109.221 E2.18117
G1 X100.472 Y109.182 E2.20666
G1 X99.634 Y108.976 E2.23587
G1 X98.916 Y108.639 E2.26272
G1 X98.221 Y108.128 E2.29192
G1 X97.686 Y107.542 E2.31878
G1 X97.24 Y106.804 E2.34797
G1 X96.94 Y105.936 E2.37906
G1 X96.84 Y105.202 E2.40413
G1 X96.896 Y104.289 E2.43509
G1 X97.084 Y103.572 E2.46018
G1 X97.485 Y102.749 E2.49117
G1 X97.933 Y102.159 E2.51625
G1 X98.517 Y101.627 E2.54299
G1 X99.255 Y101.181 E2.57218
G1 X100.123 Y100.881 E2.60327
G1 X100.911 Y100.779 E2.63017
G1 X101.772 Y100.837 E2.65938
G1 X102.487 Y101.024 E2.6844
G1 X103.202 Y101.361 E2.71116
G1 X103.897 Y101.872 E2.74036
G1 X104.4 Y102.415 E2.76541
G1 X104.711 Y102.876 E2.78423
G1 X105.023 Y103.539 E2.80903
G1 X105.244 Y104.427 E2.84
G1 X105.28 Y105.167 E2.86508
G1 X105.15 Y106.039 E2.89492
G1 X105.02 Y106.418 F7800
G1 E.89492 F2400
G92 E0
G1 X113.054 Y120.961 F7800
G1 E2 F2400
;TYPE:Perimeter
G1 F3600
G1 X96.946 Y120.961 E2.54524
G1 X96.946 Y107.934 E2.98619
G1 X97.736 Y108.782 E3.02542
G1 X98.566 Y109.374 E3.05993
G1 X99.436 Y109.766 E3.09223
G1 X100.43 Y109.995 E3.12676
G1 X101.182 Y110.034 E3.15225
G1 X101.655 Y109.984 E3.16835
G1 X102.389 Y109.856 E3.19357
G1 X103.267 Y109.526 E3.22532
G1 X104.003 Y109.088 E3.25431
G1 X104.526 Y108.653 E3.27734
G1 X105.12 Y107.976 E3.30783
G1 X105.66 Y107.048 E3.34417
G1 X105.949 Y106.195 E3.37466
G1 X106.093 Y105.131 E3.411
G1 X106.035 Y104.233 E3.44146
G1 X105.76 Y103.195 E3.47781
G1 X105.388 Y102.424 E3.50679
G1 X105 Y101.865 E3.52982
G1 X104.382 Y101.218 E3.56011
G1 X103.552 Y100.626 E3.59462
G1 X102.698 Y100.238 E3.62637
G1 X101.83 Y100.024 E3.65663
G1 X100.811 Y99.971 E3.69117
G1 X99.862 Y100.11 E3.72364
G1 X98.837 Y100.482 E3.76055
G1 X97.972 Y101.023 E3.79508
G1 X97.287 Y101.664 E3.82683
G1 X96.946 Y102.108 E3.84578
G1 X96.946 Y89.039 E4.28815
G1 X113.054 Y89.039 E4.83339
G1 X113.054 Y120.901 E5.91188
G1 X113.461 Y121.368 F7800
G1 F3600
G1 X96.539 Y121.368 E6.48467
G1 X96.539 Y106.945 E6.97287
G1 X96.535 Y105.975 E7.0057
;WIDTH:0.444322
G1 X96.557 Y106.066 E7.00882
;WIDTH:0.449999
G1 X96.891 Y107.013 E7.04281
G1 X97.384 Y107.815 E7.07468
G1 X97.978 Y108.455 E7.10424
G1 X98.741 Y109.007 E7.13612
G1 X99.535 Y109.371 E7.16569
G1 X100.451 Y109.589 E7.19756
G1 X101.203 Y109.627 E7.22305
G1 X102.253 Y109.472 E7.25898
G1 X103.064 Y109.174 E7.28823
G1 X103.748 Y108.77 E7.31512
G1 X104.226 Y108.378 E7.33604
G1 X104.772 Y107.765 E7.36383
G1 X105.278 Y106.908 E7.39752
G1 X105.547 Y106.134 E7.42526
G1 X105.687 Y105.149 E7.45894
G1 X105.639 Y104.33 E7.48671
G1 X105.391 Y103.367 E7.52037
G1 X105.049 Y102.65 E7.54726
G1 X104.7 Y102.14 E7.56818
G1 X104.14 Y101.545 E7.59584
G1 X103.377 Y100.993 E7.62772
G1 X102.593 Y100.631 E7.65695
G1 X101.801 Y100.431 E7.6846
G1 X100.861 Y100.375 E7.71647
G1 X99.992 Y100.496 E7.74617
G1 X99.046 Y100.831 E7.78014
G1 X98.244 Y101.325 E7.81202
G1 X97.61 Y101.911 E7.84124
G1 X97.12 Y102.569 E7.86901
G1 X96.69 Y103.466 E7.90268
G1 X96.524 Y104.148 E7.92644
G1 X96.539 Y103.446 E7.95021
G1 X96.539 Y88.632 E8.45165
G1 X113.461 Y88.632 E9.02444
G1 X113.461 Y121.308 E10.13048
G1 E8.13048 F2400
G92 E0
G1 X96.535 Y105.975 F7800
G1 E2 F2400
;WIDTH:0.44256
G1 F900
G1 X96.511 Y105.612 E2.01209
;WIDTH:0.39462
G1 X96.487 Y105.248 E2.02276
;WIDTH:0.373532
G1 X96.501 Y104.756 E2.03629
;WIDTH:0.400384
G1 X96.514 Y104.264 E2.05092
;WIDTH:0.41942
G1 X96.524 Y104.148 E2.05456
G1 E.05456 F2400
G92 E0
G1 X113.868 Y121.775 F7800
G1 E2 F2400
;TYPE:External perimeter
;WIDTH:0.449999
G1 F1800
G1 X96.132 Y121.775 E2.60034
G1 X96.132 Y88.225 E3.73597
G1 X113.868 Y88.225 E4.33631
M73 Q79 S4
G1 X113.868 Y121.715 E5.4699
M73 P79 R4
G1 X113.473 Y121.774 F7800
G1 E3.4699 F2400
G92 E0
G1 X109.041 Y89.344 F7800
G1 E2 F2400
;TYPE:Solid infill
G1 F1200
G1 X107.57 Y89.344 E2.04979
G1 X107.57 Y120.656 E3.10966
G1 X109.244 Y120.656 E3.16632
G1 X109.244 Y89.344 E4.22619
G1 X108.837 Y89.752 E4.2457
G1 X108.837 Y120.248 E5.27795
G1 X107.977 Y120.248 E5.30706
G1 X107.977 Y89.752 E6.33931
G1 X108.633 Y89.752 E6.36151
G1 X108.407 Y90.182 E6.37795
;WIDTH:0.49621
G1 X108.407 Y119.818 E7.49497
M106 S224.4
;LAYER_CHANGE
;Z:8.55
;HEIGHT:0.2
G1 E5.49497 F2400
G92 E0
G1 Z8.55 F7800
G1 X105.119 Y106.083
G1 E2 F2400
;TYPE:External perimeter
;WIDTH:0.449999
G1 F900
G1 X105.036 Y106.425 E2.01191
G1 X104.726 Y107.097 E2.03696
G1 X104.188 Y107.837 E2.06793
G1 X103.5 Y108.447 E2.09905
G1 X102.86 Y108.821 E2.12414
G1 X101.995 Y109.119 E2.15511
G1 X101.261 Y109.219 E2.18018
G1 X100.482 Y109.184 E2.20657
G1 X99.634 Y108.976 E2.23612
G1 X98.925 Y108.644 E2.26262
G1 X98.221 Y108.129 E2.29214
G1 X97.692 Y107.55 E2.31869
G1 X97.24 Y106.804 E2.34821
G1 X96.94 Y105.936 E2.3793
G1 X96.84 Y105.202 E2.40437
G1 X96.896 Y104.289 E2.43533
G1 X97.084 Y103.572 E2.46042
G1 X97.306 Y103.061 E2.47928
G1 X97.697 Y102.443 E2.50403
G1 X98.192 Y101.897 E2.52898
G1 X98.928 Y101.353 E2.55996
G1 X99.598 Y101.036 E2.58505
G1 X100.131 Y100.878 E2.60387
G1 X100.901 Y100.779 E2.63015
G1 X101.772 Y100.837 E2.6597
G1 X102.487 Y101.024 E2.68472
G1 X103.194 Y101.356 E2.71116
G1 X103.897 Y101.871 E2.74066
G1 X104.426 Y102.45 E2.76721
G1 X104.878 Y103.196 E2.79673
G1 X105.178 Y104.064 E2.82782
G1 X105.279 Y104.798 E2.8529
G1 X105.243 Y105.577 E2.8793
G1 X105.133 Y106.025 E2.89491
G1 X105.03 Y106.412 F7800
G1 E.89491 F2400
G92 E0
G1 X113.054 Y120.961 F7800
G1 E2 F2400
;TYPE:Perimeter
G1 F3600
M73 Q80 S4
G1 X96.946 Y120.961 E2.54524
G1 X96.946 Y107.896 E2.98747
G1 X97.089 Y108.097 E2.99582
G1 X97.737 Y108.783 E3.02776
G1 X98.576 Y109.38 E3.06261
G1 X99.437 Y109.766 E3.09455
G1 X100.441 Y109.997 E3.12942
M73 P80 R4
G1 X101.184 Y110.034 E3.1546
G1 X101.741 Y109.977 E3.17355
G1 X102.257 Y109.89 E3.19126
G1 X103.267 Y109.526 E3.2276
G1 X104.037 Y109.059 E3.25808
G1 X104.845 Y108.319 E3.29517
G1 X105.464 Y107.441 E3.33153
G1 X105.825 Y106.622 E3.36183
G1 X106.056 Y105.618 E3.3967
G1 X106.086 Y104.692 E3.42806
G1 X105.949 Y103.803 E3.45851
G1 X105.576 Y102.777 E3.49546
G1 X105.029 Y101.903 E3.53036
G1 X104.381 Y101.217 E3.5623
G1 X103.542 Y100.62 E3.59715
G1 X102.698 Y100.238 E3.62851
G1 X101.829 Y100.024 E3.6588
G1 X100.8 Y99.972 E3.69367
G1 X99.904 Y100.097 E3.72429
G1 X99.254 Y100.299 E3.74733
G1 X98.446 Y100.697 E3.77782
G1 X97.592 Y101.347 E3.81415
G1 X97.118 Y101.864 E3.83789
G1 X96.946 Y102.106 E3.84794
G1 X96.946 Y89.039 E4.29024
G1 X113.054 Y89.039 E4.83548
G1 X113.054 Y120.901 E5.91397
G1 X113.461 Y121.368 F7800
G1 F3600
G1 X96.539 Y121.368 E6.48676
G1 X96.539 Y106.945 E6.97496
G1 X96.535 Y105.975 E7.00779
;WIDTH:0.444297
G1 X96.557 Y106.066 E7.01091
;WIDTH:0.449999
G1 X96.891 Y107.014 E7.04493
G1 X97.391 Y107.823 E7.07712
G1 X97.979 Y108.456 E7.10636
G1 X98.75 Y109.012 E7.13854
G1 X99.536 Y109.371 E7.16779
G1 X100.461 Y109.59 E7.19997
G1 X101.314 Y109.623 E7.22886
G1 X102.126 Y109.504 E7.25664
G1 X103.064 Y109.174 E7.2903
G1 X103.768 Y108.753 E7.31807
G1 X104.517 Y108.078 E7.3522
G1 X105.095 Y107.269 E7.38585
G1 X105.43 Y106.523 E7.41353
G1 X105.65 Y105.598 E7.44571
G1 X105.682 Y104.745 E7.4746
G1 X105.563 Y103.933 E7.50238
G1 X105.227 Y102.986 E7.53639
G1 X104.728 Y102.177 E7.56856
G1 X104.139 Y101.544 E7.59783
G1 X103.368 Y100.988 E7.63001
G1 X102.593 Y100.631 E7.65889
G1 X101.8 Y100.43 E7.68658
G1 X100.85 Y100.376 E7.71879
G1 X100.018 Y100.488 E7.74721
G1 X99.426 Y100.668 E7.76815
G1 X98.687 Y101.025 E7.79593
G1 X97.892 Y101.622 E7.82958
G1 X97.354 Y102.224 E7.85691
G1 X96.933 Y102.897 E7.88378
G1 X96.69 Y103.466 E7.90472
G1 X96.524 Y104.148 E7.92848
G1 X96.539 Y103.446 E7.95225
G1 X96.539 Y88.632 E8.45369
G1 X113.461 Y88.632 E9.02648
G1 X113.461 Y121.308 E10.13252
G1 E8.13252 F2400
G92 E0
G1 X96.535 Y105.975 F7800
G1 E2 F2400
;WIDTH:0.442528
G1 F900
G1 X96.511 Y105.612 E2.01209
;WIDTH:0.394604
G1 X96.487 Y105.248 E2.02276
;WIDTH:0.373532
G1 X96.501 Y104.756 E2.03629
;WIDTH:0.400384
G1 X96.514 Y104.264 E2.05092
;WIDTH:0.419418
G1 X96.524 Y104.148 E2.05456
G1 E.05456 F2400
G92 E0
G1 X113.868 Y121.775 F7800
G1 E2 F2400
;TYPE:External perimeter
;WIDTH:0.449999
G1 F1800
G1 X96.132 Y121.775 E2.60034
G1 X96.132 Y88.225 E3.73597
G1 X113.868 Y88.225 E4.33631
G1 X113.868 Y121.715 E5.4699
G1 X113.473 Y121.774 F7800
G1 E3.4699 F2400
G92 E0
G1 X108.02 Y119.759 F7800
G1 E2 F2400
;TYPE:Internal infill
;WIDTH:0.45
G1 F4800
G1 X108.02 Y117.317 E2.08266
G1 X108.323 Y116.793 E2.10315
G1 X108.414 Y116.138 E2.12553
G1 X108.325 Y115.81 E2.13703
G1 X108.02 Y115.448 E2.15305
G1 X108.02 Y112.076 E2.26719
G1 X108.323 Y111.552 E2.28768
G1 X108.414 Y110.896 E2.3101
G1 X108.325 Y110.569 E2.32157
G1 X108.02 Y110.207 E2.33759
G1 X108.02 Y106.834 E2.45176
G1 X108.323 Y106.31 E2.47225
G1 X108.414 Y105.655 E2.49463
G1 X108.325 Y105.328 E2.5061
G1 X108.02 Y104.966 E2.52212
G1 X108.02 Y101.593 E2.63629
G1 X108.323 Y101.069 E2.65678
G1 X108.414 Y100.414 E2.67916
G1 X108.325 Y100.086 E2.69066
G1 X108.02 Y99.725 E2.70666
G1 X108.02 Y96.352 E2.82083
G1 X108.323 Y95.828 E2.84132
G1 X108.414 Y95.173 E2.8637
G1 X108.325 Y94.845 E2.8752
G1 X108.02 Y94.483 E2.89122
G1 X108.02 Y91.11 E3.00539
G1 X108.323 Y90.586 E3.02588
G1 X108.414 Y89.931 E3.04826
G1 X108.325 Y89.604 E3.05973
G1 X108.133 Y89.344 E3.07067
G1 X108.681 Y89.344 E3.08922
G1 X108.794 Y89.458 E3.09465
G1 X108.794 Y91.178 E3.15287
G1 X109.651 Y91.556 F7800
;HEIGHT:0.4
G1 F4800
G1 X109.651 Y89.344 E3.28683
G1 X109.882 Y89.344 E3.30082
G1 X110.564 Y89.931 E3.35531
G1 X110.943 Y90.586 E3.40114
G1 X111.035 Y91.242 E3.44126
G1 X110.946 Y91.569 E3.46178
G1 X110.68 Y91.897 E3.48735
G1 X109.918 Y92.552 E3.5482
G1 X109.651 Y93.014 E3.58052
G1 X109.651 Y94.331 E3.66028
G1 X110.564 Y95.173 E3.73549
G1 X110.943 Y95.828 E3.78132
G1 X111.035 Y96.483 E3.82138
G1 X110.946 Y96.81 E3.8419
G1 X110.68 Y97.138 E3.86747
G1 X109.918 Y97.793 E3.92832
G1 X109.651 Y98.255 E3.96064
G1 X109.651 Y99.572 E4.0404
G1 X110.564 Y100.414 E4.11561
G1 X110.943 Y101.069 E4.16144
G1 X111.035 Y101.724 E4.2015
G1 X110.946 Y102.052 E4.22208
G1 X110.68 Y102.379 E4.24761
G1 X109.918 Y103.035 E4.3085
G1 X109.651 Y103.496 E4.34076
G1 X109.651 Y104.814 E4.42058
G1 X110.564 Y105.655 E4.49575
G1 X110.943 Y106.31 E4.54158
G1 X111.035 Y106.966 E4.5817
G1 X110.946 Y107.293 E4.60222
G1 X110.68 Y107.621 E4.62779
G1 X109.918 Y108.276 E4.68864
G1 X109.651 Y108.738 E4.72096
G1 X109.651 Y110.055 E4.80072
G1 X110.564 Y110.896 E4.87589
G1 X110.943 Y111.552 E4.92177
G1 X111.035 Y112.207 E4.96183
G1 X110.946 Y112.534 E4.98235
G1 X110.68 Y112.862 E5.00792
G1 X109.918 Y113.517 E5.06877
G1 X109.651 Y113.979 E5.10109
G1 X109.651 Y115.296 E5.18085
G1 X110.564 Y116.138 E5.25606
G1 X110.943 Y116.793 E5.30189
G1 X111.035 Y117.448 E5.34195
G1 X110.946 Y117.776 E5.36253
G1 X110.68 Y118.103 E5.38806
G1 X109.918 Y118.758 E5.44891
G1 X109.651 Y119.22 E5.48123
G1 X109.651 Y120.656 E5.56819
G1 X112.749 Y120.656 E5.7558
G1 X112.749 Y120.249 E5.78045
G1 X112.539 Y120.069 E5.7972
G1 X112.16 Y119.414 E5.84303
G1 X112.068 Y118.758 E5.88315
G1 X112.157 Y118.431 E5.90367
G1 X112.423 Y118.103 E5.92924
G1 X112.749 Y117.823 E5.95526
G1 X112.749 Y115.008 E6.12574
G1 X112.539 Y114.827 E6.14253
G1 X112.16 Y114.172 E6.18836
G1 X112.068 Y113.517 E6.22842
G1 X112.157 Y113.19 E6.24894
G1 X112.423 Y112.862 E6.27451
G1 X112.749 Y112.582 E6.30053
G1 X112.749 Y109.767 E6.47101
G1 X112.539 Y109.586 E6.4878
G1 X112.16 Y108.931 E6.53363
G1 X112.068 Y108.276 E6.57369
G1 X112.157 Y107.948 E6.59427
G1 X112.423 Y107.621 E6.6198
G1 X112.749 Y107.341 E6.64582
G1 X112.749 Y104.525 E6.81636
G1 X112.539 Y104.345 E6.83311
G1 X112.16 Y103.69 E6.87894
G1 X112.068 Y103.035 E6.919
G1 X112.157 Y102.707 E6.93958
G1 X112.423 Y102.379 E6.96515
G1 X112.749 Y102.099 E6.99117
G1 X112.749 Y99.284 E7.16165
G1 X112.539 Y99.104 E7.1784
G1 X112.16 Y98.448 E7.22428
G1 X112.068 Y97.793 E7.26434
G1 X112.157 Y97.466 E7.28486
G1 X112.423 Y97.138 E7.31043
G1 X112.749 Y96.858 E7.33645
G1 X112.749 Y94.043 E7.50693
G1 X112.539 Y93.862 E7.52372
G1 X112.16 Y93.207 E7.56955
G1 X112.068 Y92.552 E7.60961
G1 X112.157 Y92.224 E7.63019
G1 X112.423 Y91.897 E7.65572
G1 X112.749 Y91.617 E7.68174
G1 X112.749 Y89.344 E7.81939
G1 X112.579 Y89.344 E7.82969
G1 E5.82969 F2400
G92 E0
G1 X107.162 Y89.478 F7800
G1 E2 F2400
G1 F4800
G1 X107.162 Y91.921 E2.14795
G1 X106.916 Y92.224 E2.17159
G1 X106.827 Y92.552 E2.19217
G1 X106.919 Y93.207 E2.23223
G1 X107.162 Y93.629 E2.26172
G1 X107.162 Y97.162 E2.47568
G1 X106.916 Y97.466 E2.49936
G1 X106.827 Y97.793 E2.51988
G1 X106.919 Y98.448 E2.55994
G1 X107.162 Y98.87 E2.58943
G1 X107.162 Y102.403 E2.80339
G1 X106.916 Y102.707 E2.82707
M73 Q81 S4
G1 X106.827 Y103.035 E2.84765
G1 X106.919 Y103.69 E2.88771
G1 X107.162 Y104.111 E2.91715
G1 X107.162 Y107.645 E3.13117
G1 X106.916 Y107.948 E3.15481
G1 X106.827 Y108.276 E3.17539
G1 X106.919 Y108.931 E3.21545
G1 X107.162 Y109.352 E3.24489
G1 X107.162 Y112.886 E3.45891
G1 X106.916 Y113.19 E3.48259
G1 X106.827 Y113.517 E3.50311
G1 X106.919 Y114.172 E3.54317
G1 X107.162 Y114.594 E3.57266
G1 X107.162 Y118.127 E3.78662
G1 X106.916 Y118.431 E3.8103
G1 X106.827 Y118.758 E3.83082
G1 X106.919 Y119.414 E3.87094
G1 X107.162 Y119.835 E3.90038
G1 X107.162 Y120.656 E3.9501
G1 X105.54 Y120.656 E4.04833
G1 E2.04833 F2400
G92 E0
G1 X97.251 Y120.226 F7800
G1 E2 F2400
G1 F4800
G1 X97.251 Y120.656 E2.02604
G1 X99.265 Y120.656 E2.14801
G1 X99.054 Y120.396 E2.16829
M73 P81 R4
G1 X98.965 Y120.069 E2.18881
G1 X99.057 Y119.414 E2.22887
G1 X99.436 Y118.758 E2.27475
G1 X100.197 Y118.103 E2.33556
G1 X100.464 Y117.776 E2.36113
G1 X100.552 Y117.448 E2.3817
G1 X100.461 Y116.793 E2.42175
G1 X100.082 Y116.138 E2.46758
G1 X99.32 Y115.483 E2.52843
G1 X99.054 Y115.155 E2.554
G1 X98.965 Y114.827 E2.57458
G1 X99.057 Y114.172 E2.61464
G1 X99.436 Y113.517 E2.66047
G1 X100.197 Y112.862 E2.72128
G1 X100.464 Y112.534 E2.74689
G1 X100.552 Y112.207 E2.7674
G1 X100.461 Y111.552 E2.80745
G1 X100.082 Y110.896 E2.85333
G1 X99.32 Y110.241 E2.91418
G1 X99.095 Y109.964 E2.93579
G1 X98.219 Y109.521 E2.99524
G1 X97.55 Y109.024 E3.04571
G1 X97.251 Y108.731 E3.07106
G1 X97.251 Y109.961 E3.14555
G1 X97.577 Y110.241 E3.17157
G1 X97.843 Y110.569 E3.19714
G1 X97.932 Y110.896 E3.21766
G1 X97.84 Y111.552 E3.25778
G1 X97.461 Y112.207 E3.30361
G1 X97.251 Y112.387 E3.32036
G1 X97.251 Y115.203 E3.4909
G1 X97.577 Y115.483 E3.51692
G1 X97.843 Y115.81 E3.54245
G1 X97.932 Y116.138 E3.56303
G1 X97.84 Y116.793 E3.60309
G1 X97.461 Y117.448 E3.64892
G1 X97.251 Y117.629 E3.66571
G1 X97.251 Y120.071 E3.8136
G1 E1.8136 F2400
G92 E0
G1 X100.228 Y110.273 F7800
G1 E2 F2400
G1 F4800
G1 X101.403 Y110.33 E2.07124
G1 X102.107 Y110.237 E2.11424
G1 X102.639 Y110.087 E2.14771
G1 X103.084 Y110.569 E2.18744
G1 X103.173 Y110.896 E2.20796
G1 X103.081 Y111.552 E2.24808
G1 X102.702 Y112.207 E2.29391
G1 X101.941 Y112.862 E2.35472
G1 X101.675 Y113.19 E2.38029
G1 X101.586 Y113.517 E2.40081
G1 X101.677 Y114.172 E2.44086
G1 X102.056 Y114.827 E2.48669
G1 X102.818 Y115.483 E2.54758
G1 X103.084 Y115.81 E2.57311
G1 X103.173 Y116.138 E2.59369
G1 X103.081 Y116.793 E2.63375
G1 X102.702 Y117.448 E2.67958
G1 X101.941 Y118.103 E2.74039
G1 X101.675 Y118.431 E2.76596
G1 X101.586 Y118.758 E2.78648
G1 X101.677 Y119.414 E2.82659
G1 X102.056 Y120.069 E2.87242
G1 X102.738 Y120.656 E2.92691
G1 X104.506 Y120.656 E3.03398
G1 X104.295 Y120.396 E3.05426
G1 X104.206 Y120.069 E3.07478
G1 X104.298 Y119.414 E3.11484
G1 X104.677 Y118.758 E3.16072
G1 X105.439 Y118.103 E3.22157
G1 X105.705 Y117.776 E3.2471
G1 X105.794 Y117.448 E3.26768
G1 X105.702 Y116.793 E3.30774
G1 X105.323 Y116.138 E3.35357
G1 X104.561 Y115.483 E3.41442
G1 X104.295 Y115.155 E3.43999
G1 X104.206 Y114.827 E3.46057
G1 X104.298 Y114.172 E3.50063
G1 X104.677 Y113.517 E3.54646
G1 X105.439 Y112.862 E3.60731
G1 X105.705 Y112.534 E3.63288
G1 X105.794 Y112.207 E3.6534
G1 X105.702 Y111.552 E3.69346
G1 X105.323 Y110.896 E3.73934
G1 X104.561 Y110.241 E3.80019
G1 X104.295 Y109.914 E3.82572
G1 X104.206 Y109.586 E3.8463
G1 X104.251 Y109.271 E3.86557
G1 X104.609 Y108.993 E3.89302
G1 X105.228 Y108.339 E3.94755
G1 X105.612 Y107.789 E3.98817
G1 X105.945 Y107.157 E4.03143
G1 X106.189 Y106.488 E4.07456
G1 X106.344 Y105.793 E4.11768
G1 X106.4 Y104.821 E4.17664
G1 X106.296 Y103.953 E4.22958
G1 X106.122 Y103.305 E4.27021
G1 X105.841 Y102.624 E4.31482
G1 X105.59 Y102.193 E4.34502
G1 X105.705 Y102.052 E4.35604
G1 X105.794 Y101.724 E4.37662
G1 X105.702 Y101.069 E4.41668
G1 X105.323 Y100.414 E4.46251
G1 X104.561 Y99.759 E4.52336
G1 X104.295 Y99.431 E4.54893
G1 X104.206 Y99.104 E4.56945
G1 X104.298 Y98.448 E4.60957
G1 X104.677 Y97.793 E4.6554
G1 X105.439 Y97.138 E4.71625
G1 X105.705 Y96.81 E4.74182
G1 X105.794 Y96.483 E4.76234
G1 X105.702 Y95.828 E4.8024
G1 X105.323 Y95.173 E4.84823
G1 X104.561 Y94.517 E4.90912
G1 X104.295 Y94.19 E4.93465
G1 X104.206 Y93.862 E4.95523
G1 X104.298 Y93.207 E4.99529
G1 X104.677 Y92.552 E5.04112
G1 X105.439 Y91.897 E5.10197
G1 X105.705 Y91.569 E5.12754
G1 X105.794 Y91.242 E5.14806
G1 X105.702 Y90.586 E5.18818
G1 X105.323 Y89.931 E5.23401
G1 X104.641 Y89.344 E5.2885
G1 X102.874 Y89.344 E5.39551
G1 X103.084 Y89.604 E5.41575
G1 X103.173 Y89.931 E5.43627
G1 X103.081 Y90.586 E5.47633
G1 X102.702 Y91.242 E5.52221
G1 X101.941 Y91.897 E5.58302
G1 X101.675 Y92.224 E5.60855
G1 X101.586 Y92.552 E5.62913
G1 X101.677 Y93.207 E5.66918
G1 X102.056 Y93.862 E5.71501
G1 X102.818 Y94.517 E5.77586
G1 X103.084 Y94.845 E5.80143
G1 X103.173 Y95.173 E5.82201
G1 X103.081 Y95.828 E5.86207
G1 X102.702 Y96.483 E5.9079
G1 X101.941 Y97.138 E5.96871
G1 X101.675 Y97.466 E5.99428
G1 X101.586 Y97.793 E6.0148
G1 X101.677 Y98.448 E6.05485
G1 X102.056 Y99.104 E6.10073
G1 X102.818 Y99.759 E6.16158
G1 X103.063 Y100.06 E6.18508
G1 X103.788 Y100.405 E6.2337
G1 X104.568 Y100.975 E6.29221
G1 X105.037 Y101.457 E6.33294
G1 E4.33294 F2400
G92 E0
G1 X97.251 Y91.795 F7800
G1 E2 F2400
G1 F4800
G1 X97.251 Y94.238 E2.14795
G1 X97.577 Y94.517 E2.17394
G1 X97.843 Y94.845 E2.19951
G1 X97.932 Y95.173 E2.22009
G1 X97.84 Y95.828 E2.26015
G1 X97.461 Y96.483 E2.30598
G1 X97.251 Y96.663 E2.32273
G1 X97.251 Y99.479 E2.49327
G1 X97.577 Y99.759 E2.51929
G1 X97.843 Y100.086 E2.54482
G1 X97.932 Y100.414 E2.5654
G1 X97.891 Y100.704 E2.58314
G1 X98.684 Y100.218 E2.63947
G1 X99.491 Y99.906 E2.69187
G1 X99.054 Y99.431 E2.73096
G1 X98.965 Y99.104 E2.75148
G1 X99.057 Y98.448 E2.7916
G1 X99.436 Y97.793 E2.83743
G1 X100.197 Y97.138 E2.89824
G1 X100.464 Y96.81 E2.92385
G1 X100.552 Y96.483 E2.94436
G1 X100.461 Y95.828 E2.98441
G1 X100.082 Y95.173 E3.03024
G1 X99.32 Y94.517 E3.09113
G1 X99.054 Y94.19 E3.11666
G1 X98.965 Y93.862 E3.13724
G1 X99.057 Y93.207 E3.1773
G1 X99.436 Y92.552 E3.22313
G1 X100.197 Y91.897 E3.28394
G1 X100.464 Y91.569 E3.30955
G1 X100.552 Y91.242 E3.33006
G1 X100.461 Y90.586 E3.37017
G1 X100.082 Y89.931 E3.416
G1 X99.4 Y89.344 E3.47049
G1 X97.632 Y89.344 E3.57756
G1 X97.843 Y89.604 E3.59784
G1 X97.932 Y89.931 E3.61836
G1 X97.84 Y90.586 E3.65842
G1 X97.461 Y91.242 E3.7043
G1 X97.251 Y91.422 E3.72105
G1 X97.251 Y89.344 E3.84689
G1 X97.429 Y89.344 E3.85767
M106 S237.15
;LAYER_CHANGE
;Z:8.75
;HEIGHT:0.2
G1 E1.85767 F2400
G92 E0
G1 Z8.75 F7800
G1 X105.136 Y106.097
G1 E2 F2400
;TYPE:External perimeter
;WIDTH:0.449999
G1 F900
G1 X104.895 Y106.769 E2.02416
G1 X104.424 Y107.554 E2.05515
G1 X103.926 Y108.103 E2.08024
G1 X103.493 Y108.453 E2.09909
G1 X102.86 Y108.821 E2.12387
G1 X101.995 Y109.119 E2.15484
G1 X101.261 Y109.219 E2.17991
G1 X100.492 Y109.185 E2.20597
G1 X99.635 Y108.976 E2.23583
G1 X98.933 Y108.65 E2.26203
G1 X98.221 Y108.129 E2.29189
G1 X97.612 Y107.441 E2.32299
G1 X97.238 Y106.801 E2.34808
G1 X96.94 Y105.936 E2.37905
G1 X96.84 Y105.202 E2.40412
G1 X96.896 Y104.289 E2.43508
G1 X97.084 Y103.572 E2.46017
G1 X97.485 Y102.749 E2.49116
G1 X97.933 Y102.159 E2.51624
G1 X98.618 Y101.553 E2.5472
G1 X99.258 Y101.179 E2.57229
G1 X100.123 Y100.881 E2.60326
G1 X100.891 Y100.78 E2.62948
G1 X101.771 Y100.837 E2.65933
G1 X102.487 Y101.024 E2.68438
G1 X103.31 Y101.426 E2.71538
G1 X103.9 Y101.874 E2.74046
G1 X104.42 Y102.441 E2.7665
G1 X104.878 Y103.196 E2.79639
G1 X105.084 Y103.717 E2.81535
G1 X105.245 Y104.431 E2.84012
G1 X105.28 Y105.167 E2.86506
G1 X105.15 Y106.039 E2.8949
G1 X105.02 Y106.418 F7800
G1 E.8949 F2400
G92 E0
G1 X113.054 Y120.961 F7800
G1 E2 F2400
;TYPE:Perimeter
G1 F3600
G1 X96.946 Y120.961 E2.54524
G1 X96.946 Y107.903 E2.98724
G1 X97 Y107.978 E2.99037
G1 X97.737 Y108.783 E3.02731
G1 X98.586 Y109.386 E3.06256
G1 X99.438 Y109.767 E3.09415
G1 X100.452 Y109.999 E3.12936
G1 X101.185 Y110.034 E3.1542
G1 X101.741 Y109.977 E3.17312
G1 X102.257 Y109.89 E3.19083
G1 X103.267 Y109.526 E3.22717
G1 X104.003 Y109.088 E3.25616
G1 X104.526 Y108.653 E3.27919
G1 X105.12 Y107.976 E3.30968
G1 X105.66 Y107.048 E3.34602
G1 X105.949 Y106.195 E3.37651
G1 X106.093 Y105.131 E3.41285
G1 X106.04 Y104.255 E3.44256
G1 X105.843 Y103.422 E3.47153
G1 X105.576 Y102.776 E3.49519
G1 X105.023 Y101.894 E3.53043
G1 X104.395 Y101.228 E3.56141
G1 X103.67 Y100.695 E3.59187
G1 X102.698 Y100.238 E3.62823
G1 X101.827 Y100.024 E3.65859
G1 X100.788 Y99.972 E3.6938
G1 X99.862 Y100.11 E3.72549
G1 X98.851 Y100.474 E3.76186
G1 X98.081 Y100.941 E3.79234
G1 X97.287 Y101.663 E3.82867
G1 X96.946 Y102.108 E3.84765
G1 X96.946 Y89.039 E4.29002
G1 X113.054 Y89.039 E4.83526
G1 X113.054 Y120.901 E5.91375
G1 X113.461 Y121.368 F7800
G1 F3600
G1 X96.539 Y121.368 E6.48654
G1 X96.539 Y106.945 E6.97474
G1 X96.535 Y105.975 E7.00757
;WIDTH:0.444324
G1 X96.557 Y106.066 E7.01069
;WIDTH:0.449999
G1 X96.886 Y107.005 E7.04437
G1 X97.306 Y107.709 E7.07212
G1 X97.979 Y108.456 E7.10615
G1 X98.76 Y109.018 E7.13872
G1 X99.536 Y109.372 E7.16759
G1 X100.472 Y109.592 E7.20014
G1 X101.314 Y109.623 E7.22866
G1 X102.126 Y109.504 E7.25644
G1 X103.064 Y109.174 E7.2901
G1 X103.748 Y108.77 E7.31699
M73 P81 R3
G1 X104.226 Y108.378 E7.33791
G1 X104.772 Y107.765 E7.3657
G1 X105.278 Y106.908 E7.39939
G1 X105.547 Y106.134 E7.42713
G1 X105.687 Y105.149 E7.46081
G1 X105.642 Y104.343 E7.48813
G1 X105.463 Y103.569 E7.51502
G1 X105.227 Y102.986 E7.53631
G1 X104.721 Y102.168 E7.56887
G1 X104.148 Y101.551 E7.59737
G1 X103.49 Y101.061 E7.62514
G1 X102.593 Y100.631 E7.65881
G1 X101.799 Y100.43 E7.68653
G1 X100.84 Y100.376 E7.71904
G1 X99.992 Y100.496 E7.74803
G1 X99.054 Y100.826 E7.78169
G1 X98.35 Y101.247 E7.80946
G1 X97.61 Y101.911 E7.84311
G1 X97.12 Y102.569 E7.87088
G1 X96.69 Y103.466 E7.90455
G1 X96.524 Y104.148 E7.92831
G1 X96.539 Y103.446 E7.95208
G1 X96.539 Y88.632 E8.45352
G1 X113.461 Y88.632 E9.02631
G1 X113.461 Y121.308 E10.13235
G1 E8.13235 F2400
G92 E0
G1 X96.535 Y105.975 F7800
G1 E2 F2400
;WIDTH:0.442562
G1 F900
G1 X96.511 Y105.612 E2.01209
;WIDTH:0.394622
G1 X96.487 Y105.248 E2.02276
;WIDTH:0.373532
G1 X96.501 Y104.756 E2.03629
;WIDTH:0.400382
G1 X96.514 Y104.264 E2.05092
;WIDTH:0.419418
G1 X96.524 Y104.148 E2.05456
G1 E.05456 F2400
G92 E0
G1 X113.868 Y121.775 F7800
G1 E2 F2400
M73 Q82 S4
;TYPE:External perimeter
;WIDTH:0.449999
G1 F1800
G1 X96.132 Y121.775 E2.60034
G1 X96.132 Y88.225 E3.73597
G1 X113.868 Y88.225 E4.33631
M73 P82 R3
G1 X113.868 Y121.715 E5.4699
M73 Q82 S3
G1 X113.473 Y121.774 F7800
M106 S219.3
;LAYER_CHANGE
;Z:8.95
;HEIGHT:0.2
G1 E3.4699 F2400
G92 E0
G1 Z8.95 F7800
G1 X105.137 Y106.098
G1 E2 F2400
G1 F900
G1 X104.895 Y106.769 E2.02414
G1 X104.529 Y107.409 E2.0491
G1 X103.911 Y108.115 E2.08086
G1 X103.493 Y108.453 E2.09906
G1 X102.86 Y108.821 E2.12384
G1 X102.169 Y109.076 E2.14877
G1 X101.225 Y109.221 E2.1811
G1 X100.502 Y109.187 E2.2056
G1 X99.635 Y108.977 E2.2358
G1 X98.942 Y108.655 E2.26167
G1 X98.221 Y108.129 E2.29188
G1 X97.705 Y107.567 E2.31771
G1 X97.407 Y107.124 E2.33578
G1 X97.096 Y106.461 E2.36057
G1 X96.874 Y105.573 E2.39155
G1 X96.84 Y104.81 E2.4174
G1 X96.896 Y104.279 E2.43547
G1 X97.084 Y103.572 E2.46023
G1 X97.404 Y102.883 E2.48594
G1 X97.93 Y102.162 E2.51615
G1 X98.474 Y101.659 E2.54123
G1 X99.254 Y101.181 E2.5722
G1 X100.123 Y100.881 E2.60332
G1 X100.88 Y100.78 E2.62917
G1 X101.771 Y100.837 E2.65939
G1 X102.487 Y101.024 E2.68444
G1 X103.156 Y101.333 E2.70938
G1 X103.896 Y101.871 E2.74035
G1 X104.4 Y102.415 E2.76545
G1 X104.878 Y103.195 E2.79642
G1 X105.178 Y104.064 E2.82754
G1 X105.279 Y104.798 E2.85262
G1 X105.246 Y105.557 E2.87834
G1 X105.151 Y106.04 E2.895
G1 X105.021 Y106.418 F7800
G1 E.895 F2400
G92 E0
G1 X113.054 Y120.961 F7800
G1 E2 F2400
;TYPE:Perimeter
G1 F3600
G1 X96.946 Y120.961 E2.54524
G1 X96.946 Y107.901 E2.9873
G1 X97.102 Y108.115 E2.99626
G1 X97.738 Y108.784 E3.0275
G1 X98.596 Y109.392 E3.06309
G1 X99.439 Y109.767 E3.09432
G1 X100.464 Y110 E3.1299
G1 X101.187 Y110.034 E3.1544
G1 X101.626 Y109.987 E3.16934
G1 X102.448 Y109.841 E3.1976
G1 X103.267 Y109.526 E3.2273
G1 X104.001 Y109.089 E3.25621
G1 X104.522 Y108.654 E3.27918
G1 X105.234 Y107.816 E3.3164
G1 X105.66 Y107.048 E3.34613
G1 X105.941 Y106.241 E3.37505
G1 X106.059 Y105.595 E3.39728
G1 X106.086 Y104.692 E3.42786
G1 X105.949 Y103.803 E3.45831
G1 X105.574 Y102.773 E3.49541
G1 X105 Y101.865 E3.53177
G1 X104.378 Y101.214 E3.56225
G1 X103.5 Y100.595 E3.59861
G1 X102.698 Y100.238 E3.62832
G1 X101.826 Y100.024 E3.65871
G1 X100.777 Y99.972 E3.69426
G1 X99.862 Y100.11 E3.72558
G1 X98.832 Y100.485 E3.76268
G1 X97.924 Y101.059 E3.79904
G1 X97.275 Y101.679 E3.82942
G1 X96.946 Y102.126 E3.84821
G1 X96.946 Y89.039 E4.29119
G1 X113.054 Y89.039 E4.83643
G1 X113.054 Y120.901 E5.91492
G1 X113.461 Y121.368 F7800
G1 F3600
G1 X96.539 Y121.368 E6.48771
G1 X96.539 Y106.538 E6.98969
G1 X96.524 Y106.1 E7.00452
;WIDTH:0.41889
G1 X96.508 Y105.663 E7.01819
G1 X96.618 Y106.148 E7.03374
;WIDTH:0.449999
G1 X96.727 Y106.633 E7.05057
G1 X97.068 Y107.349 E7.07741
G1 X97.404 Y107.841 E7.09758
G1 X97.98 Y108.457 E7.12613
G1 X98.769 Y109.023 E7.159
G1 X99.537 Y109.372 E7.18755
G1 X100.483 Y109.594 E7.22044
G1 X101.206 Y109.628 E7.24494
G1 X102.309 Y109.458 E7.28272
G1 X103.064 Y109.174 E7.31002
G1 X103.747 Y108.771 E7.33686
G1 X104.217 Y108.384 E7.35747
G1 X104.882 Y107.612 E7.39196
G1 X105.278 Y106.908 E7.4193
G1 X105.542 Y106.161 E7.44612
G1 X105.653 Y105.576 E7.46627
G1 X105.682 Y104.745 E7.49442
G1 X105.563 Y103.933 E7.5222
G1 X105.226 Y102.984 E7.55629
G1 X104.7 Y102.14 E7.58995
G1 X104.137 Y101.543 E7.61773
G1 X103.328 Y100.964 E7.6514
G1 X102.593 Y100.631 E7.67871
G1 X101.799 Y100.43 E7.70643
G1 X100.829 Y100.376 E7.73931
G1 X99.992 Y100.496 E7.76793
G1 X99.043 Y100.833 E7.80202
G1 X98.199 Y101.359 E7.83568
G1 X97.603 Y101.921 E7.86341
G1 X97.036 Y102.71 E7.8963
G1 X96.69 Y103.467 E7.92447
G1 X96.524 Y104.148 E7.9482
G1 X96.539 Y103.447 E7.97193
G1 X96.539 Y88.632 E8.4734
G1 X113.461 Y88.632 E9.04619
G1 X113.461 Y121.308 E10.15223
G1 E8.15223 F2400
G92 E0
G1 X96.504 Y105.624 F7800
G1 E2 F2400
;WIDTH:0.38115
G1 F900
G1 X96.486 Y104.824 E2.0225
;WIDTH:0.373284
G1 X96.501 Y104.531 E2.03056
;WIDTH:0.40274
G1 X96.515 Y104.237 E2.03937
G1 E.03937 F2400
G92 E0
G1 X113.868 Y121.775 F7800
G1 E2 F2400
;TYPE:External perimeter
;WIDTH:0.449999
G1 F1800
G1 X96.132 Y121.775 E2.60034
G1 X96.132 Y88.225 E3.73597
G1 X113.868 Y88.225 E4.33631
M73 Q83 S3
G1 X113.868 Y121.715 E5.4699
G1 X113.473 Y121.774 F7800
M73 P83 R3
G1 E3.4699 F2400
G92 E0
G1 X112.749 Y117.959 F7800
G1 E2 F2400
;TYPE:Solid infill
;WIDTH:0.450028
G1 F1200
G1 X112.749 Y115.387 E2.08707
G1 E.08707 F2400
G92 E0
G1 X112.749 Y112.714 F7800
G1 E2 F2400
;WIDTH:0.450026
G1 F1200
G1 X112.749 Y110.138 E2.0872
G1 X112.342 Y111.74 F7800
;TYPE:Internal infill
;WIDTH:0.45
;HEIGHT:0.4
G1 F4800
G1 X112.342 Y109.297 E2.23515
G1 X112.207 Y109.2 E2.24522
G1 X111.552 Y108.257 E2.31475
G1 X111.224 Y108.022 E2.33919
G1 X110.896 Y108.003 E2.35909
G1 X110.241 Y108.189 E2.40033
G1 X109.586 Y108.662 E2.44926
G1 X108.931 Y109.605 E2.51879
G1 X108.603 Y109.84 E2.54323
G1 X108.276 Y109.859 E2.56307
G1 X107.621 Y109.673 E2.60431
G1 X106.965 Y109.2 E2.65329
G1 X106.31 Y108.257 E2.72282
G1 X105.983 Y108.022 E2.74721
G1 X105.655 Y108.003 E2.76711
G1 X105.429 Y108.067 E2.78133
G1 X105.852 Y107.357 E2.83138
G1 X106.112 Y106.699 E2.87423
G1 X106.31 Y106.985 E2.8953
G1 X106.638 Y107.22 E2.91974
G1 X106.965 Y107.239 E2.93958
G1 X107.621 Y107.053 E2.98087
G1 X108.276 Y106.579 E3.02983
G1 X108.931 Y105.636 E3.09936
G1 X109.259 Y105.401 E3.1238
G1 X109.586 Y105.382 E3.14364
G1 X110.241 Y105.568 E3.18488
G1 X110.896 Y106.042 E3.23384
G1 X111.552 Y106.985 E3.30341
G1 X111.879 Y107.22 E3.3278
G1 X112.342 Y107.2 E3.35587
G1 X112.342 Y104.758 E3.50376
G1 E1.50376 F2400
G92 E0
G1 X112.749 Y102.225 F7800
G1 E2 F2400
;TYPE:Solid infill
;WIDTH:0.450026
;HEIGHT:0.2
G1 F1200
G1 X112.749 Y99.64 E2.0875
G1 E.0875 F2400
G92 E0
G1 X112.749 Y96.981 F7800
G1 E2 F2400
;WIDTH:0.450028
G1 F1200
G1 X112.749 Y94.391 E2.08767
G1 E.08767 F2400
G92 E0
G1 X106.815 Y89.344 F7800
G1 E2 F2400
G1 F1200
G1 X111.871 Y89.344 E2.17115
G1 E.17115 F2400
G92 E0
G1 X104.427 Y100.867 F7800
G1 E2 F2400
;TYPE:Internal infill
;WIDTH:0.45
;HEIGHT:0.4
G1 F4800
G1 X105.228 Y101.662 E2.06834
G1 X105.915 Y102.777 E2.14765
G1 X106.31 Y103.015 E2.17558
G1 X106.965 Y103.958 E2.24511
G1 X107.621 Y104.432 E2.29412
G1 X108.276 Y104.618 E2.33536
G1 X108.603 Y104.599 E2.3552
G1 X108.931 Y104.364 E2.37964
G1 X109.586 Y103.421 E2.44917
G1 X110.241 Y102.947 E2.49813
G1 X110.896 Y102.761 E2.53937
G1 X111.224 Y102.781 E2.55927
G1 X111.552 Y103.015 E2.58367
G1 X112.207 Y103.958 E2.6532
G1 X112.342 Y104.056 E2.6633
G1 X112.342 Y103.154 E2.71793
G1 X112.696 Y103.108 E2.73955
G1 X112.749 Y103.306 E2.75196
G1 X112.749 Y102.689 E2.78933
G1 X112.342 Y102.467 E2.81741
G1 X112.342 Y101.959 E2.84817
G1 X111.879 Y101.978 E2.87623
G1 X111.552 Y101.743 E2.90062
G1 X110.896 Y100.8 E2.97019
G1 X110.241 Y100.327 E3.01912
G1 X109.586 Y100.141 E3.06036
G1 X109.259 Y100.16 E3.0802
G1 X108.931 Y100.395 E3.10464
G1 X108.276 Y101.338 E3.17417
G1 X107.621 Y101.811 E3.2231
G1 X106.965 Y101.997 E3.26439
G1 X106.638 Y101.978 E3.28423
G1 X106.31 Y101.743 E3.30867
G1 X105.655 Y100.8 E3.3782
G1 X105 Y100.327 E3.42713
G1 X104.345 Y100.141 E3.46837
G1 X104.017 Y100.16 E3.48827
G1 X103.724 Y100.37 E3.5101
G1 X102.902 Y99.983 E3.56512
G1 X101.901 Y99.724 E3.62774
G1 X100.742 Y99.669 E3.69801
G1 X99.768 Y99.819 E3.75769
G1 X98.703 Y100.207 E3.82633
G1 X97.921 Y100.681 E3.88171
G1 X97.251 Y101.261 E3.93538
G1 X97.251 Y99.223 E4.0588
G1 X97.793 Y99.377 E4.09292
G1 X98.121 Y99.358 E4.11282
G1 X98.448 Y99.123 E4.13721
G1 X99.104 Y98.18 E4.20678
G1 X99.759 Y97.706 E4.25574
G1 X100.414 Y97.52 E4.29698
G1 X100.741 Y97.539 E4.31682
G1 X101.069 Y97.774 E4.34126
G1 X101.724 Y98.717 E4.41079
G1 X102.379 Y99.191 E4.45975
G1 X103.035 Y99.377 E4.50104
G1 X103.362 Y99.358 E4.52088
G1 X103.69 Y99.123 E4.54532
G1 X104.345 Y98.18 E4.61485
G1 X105 Y97.706 E4.66381
G1 X105.655 Y97.52 E4.70505
G1 X105.983 Y97.539 E4.72495
G1 X106.31 Y97.774 E4.74934
G1 X106.965 Y98.717 E4.81887
G1 X107.621 Y99.191 E4.86788
G1 X108.276 Y99.377 E4.90912
G1 X108.603 Y99.358 E4.92896
G1 X108.931 Y99.123 E4.9534
G1 X109.586 Y98.18 E5.02293
G1 X110.241 Y97.706 E5.07189
G1 X110.896 Y97.52 E5.11313
G1 X111.224 Y97.539 E5.13303
G1 X111.552 Y97.774 E5.15747
G1 X112.207 Y98.717 E5.227
G1 X112.342 Y98.814 E5.23707
G1 X112.342 Y97.905 E5.29212
G1 X112.696 Y97.859 E5.31374
G1 X112.749 Y98.057 E5.32615
G1 X112.749 Y97.442 E5.36339
G1 X112.342 Y97.225 E5.39132
G1 X112.342 Y96.718 E5.42202
G1 X111.879 Y96.737 E5.45008
G1 X111.552 Y96.502 E5.47447
G1 X110.896 Y95.559 E5.54404
G1 X110.241 Y95.085 E5.593
G1 X109.586 Y94.899 E5.63424
G1 X109.259 Y94.919 E5.65408
G1 X108.931 Y95.153 E5.67848
G1 X108.276 Y96.096 E5.74801
G1 X107.621 Y96.57 E5.79697
G1 X106.965 Y96.756 E5.83826
G1 X106.638 Y96.737 E5.8581
G1 X106.31 Y96.502 E5.88254
G1 X105.655 Y95.559 E5.95207
G1 X105 Y95.085 E6.00103
G1 X104.345 Y94.899 E6.04227
G1 X104.017 Y94.919 E6.06217
G1 X103.69 Y95.153 E6.08652
G1 X103.035 Y96.096 E6.15605
G1 X102.379 Y96.57 E6.20506
G1 X101.724 Y96.756 E6.2463
G1 X101.397 Y96.737 E6.26614
G1 X101.069 Y96.502 E6.29058
G1 X100.414 Y95.559 E6.36011
G1 X99.759 Y95.085 E6.40907
G1 X99.104 Y94.899 E6.45031
G1 X98.776 Y94.919 E6.47021
G1 X98.448 Y95.153 E6.49461
G1 X97.793 Y96.096 E6.56414
G1 X97.251 Y96.488 E6.60465
G1 X97.251 Y93.982 E6.75641
G1 X97.793 Y94.136 E6.79053
G1 X98.121 Y94.116 E6.81043
G1 X98.448 Y93.881 E6.83482
G1 X99.104 Y92.938 E6.90439
G1 X99.759 Y92.465 E6.95332
G1 X100.414 Y92.279 E6.99456
G1 X100.741 Y92.298 E7.0144
G1 X101.069 Y92.533 E7.03884
G1 X101.724 Y93.476 E7.10837
G1 X102.379 Y93.949 E7.1573
G1 X103.035 Y94.136 E7.19861
G1 X103.362 Y94.116 E7.21845
G1 X103.69 Y93.881 E7.24289
G1 X104.345 Y92.938 E7.31242
G1 X105 Y92.465 E7.36135
G1 X105.655 Y92.279 E7.40259
G1 X105.983 Y92.298 E7.42249
G1 X106.31 Y92.533 E7.44688
G1 X106.965 Y93.476 E7.51641
G1 X107.621 Y93.949 E7.56539
G1 X108.276 Y94.136 E7.60664
G1 X108.603 Y94.116 E7.62648
G1 X108.931 Y93.881 E7.65092
G1 X109.586 Y92.938 E7.72045
G1 X110.241 Y92.465 E7.76938
G1 X110.896 Y92.279 E7.81062
G1 X111.224 Y92.298 E7.83052
G1 X111.552 Y92.533 E7.85496
G1 X112.207 Y93.476 E7.92449
G1 X112.342 Y93.573 E7.93456
G1 X112.342 Y92.656 E7.99009
G1 X112.696 Y92.61 E8.01171
G1 X112.749 Y92.808 E8.02412
G1 X112.749 Y91.992 E8.07354
G1 X112.342 Y92.1 E8.09904
G1 X112.342 Y91.477 E8.13677
G1 X111.879 Y91.496 E8.16483
G1 X111.552 Y91.261 E8.18922
G1 X110.896 Y90.318 E8.25879
G1 X110.241 Y89.844 E8.30775
G1 X109.915 Y89.752 E8.32826
G1 X109.155 Y89.752 E8.37429
G1 X108.931 Y89.912 E8.39096
G1 X108.276 Y90.855 E8.46049
G1 X107.621 Y91.329 E8.50945
G1 X106.965 Y91.515 E8.55074
G1 X106.638 Y91.496 E8.57058
G1 X106.31 Y91.261 E8.59502
G1 X105.655 Y90.318 E8.66455
G1 X105 Y89.844 E8.71351
G1 X104.345 Y89.658 E8.75475
G1 X104.017 Y89.677 E8.77465
G1 X103.69 Y89.912 E8.79904
G1 X103.035 Y90.855 E8.86857
G1 X102.379 Y91.329 E8.91758
G1 X101.724 Y91.515 E8.95882
G1 X101.397 Y91.496 E8.97866
G1 X101.069 Y91.261 E9.0031
G1 X100.414 Y90.318 E9.07263
G1 X99.759 Y89.844 E9.12159
G1 X99.104 Y89.658 E9.16283
G1 X98.776 Y89.677 E9.18273
G1 X98.448 Y89.912 E9.20717
G1 X97.793 Y90.855 E9.2767
G1 X97.251 Y91.247 E9.31721
G1 X97.251 Y89.344 E9.43246
G1 X97.791 Y89.344 E9.46516
G1 E7.46516 F2400
G92 E0
G1 X106.514 Y104.818 F7800
G1 E2 F2400
;TYPE:Solid infill
;WIDTH:0.38292
;HEIGHT:0.2
G1 F1200
G1 X106.347 Y103.947 E2.02507
G1 X106.275 Y103.679 E2.03292
G1 E.03292 F2400
G92 E0
G1 X112.749 Y107.47 F7800
G1 E2 F2400
;WIDTH:0.450026
G1 F1200
G1 X112.749 Y104.889 E2.08737
G1 E.08737 F2400
G92 E0
G1 X100.729 Y110.318 F7800
G1 E2 F2400
;TYPE:Internal infill
;WIDTH:0.45
;HEIGHT:0.4
G1 F4800
G1 X100.188 Y110.267 E2.03291
G1 X99.36 Y110.062 E2.08457
G1 X98.408 Y109.634 E2.14778
G1 X98.121 Y109.84 E2.16917
G1 X97.793 Y109.859 E2.18907
G1 X97.251 Y109.705 E2.22319
G1 X97.251 Y112.212 E2.37501
G1 X97.793 Y111.82 E2.41552
G1 X98.448 Y110.877 E2.48505
G1 X98.776 Y110.642 E2.50949
G1 X99.104 Y110.623 E2.52939
G1 X99.759 Y110.809 E2.57063
G1 X100.414 Y111.283 E2.61959
G1 X101.069 Y112.226 E2.68912
G1 X101.397 Y112.461 E2.71356
G1 X101.724 Y112.48 E2.7334
G1 X102.379 Y112.294 E2.77464
G1 X103.035 Y111.82 E2.82365
G1 X103.69 Y110.877 E2.89318
G1 X104.017 Y110.642 E2.91757
G1 X104.345 Y110.623 E2.93747
G1 X105 Y110.809 E2.97871
G1 X105.655 Y111.283 E3.02767
G1 X106.31 Y112.226 E3.0972
G1 X106.638 Y112.461 E3.12164
G1 X106.965 Y112.48 E3.14148
G1 X107.621 Y112.294 E3.18277
G1 X108.276 Y111.82 E3.23173
G1 X108.931 Y110.877 E3.30126
G1 X109.259 Y110.642 E3.3257
G1 X109.586 Y110.623 E3.34554
G1 X110.241 Y110.809 E3.38678
G1 X110.896 Y111.283 E3.43574
G1 X111.552 Y112.226 E3.50531
G1 X111.879 Y112.461 E3.5297
G1 X112.342 Y112.442 E3.55776
G1 X112.342 Y112.951 E3.58859
G1 X112.749 Y113.182 E3.61693
G1 X112.749 Y113.804 E3.6546
G1 X112.696 Y113.606 E3.66701
G1 X112.342 Y113.652 E3.68863
G1 X112.342 Y114.538 E3.74229
G1 X112.207 Y114.441 E3.75236
G1 X111.552 Y113.498 E3.82189
G1 X111.224 Y113.263 E3.84633
G1 X110.896 Y113.244 E3.86623
G1 X110.241 Y113.43 E3.90747
G1 X109.586 Y113.904 E3.95643
G1 X108.931 Y114.847 E4.02596
G1 X108.603 Y115.081 E4.05036
G1 X108.276 Y115.101 E4.0702
G1 X107.621 Y114.915 E4.11144
G1 X106.965 Y114.441 E4.16045
G1 X106.31 Y113.498 E4.22998
G1 X105.983 Y113.263 E4.25437
G1 X105.655 Y113.244 E4.27427
G1 X105 Y113.43 E4.31551
G1 X104.345 Y113.904 E4.36447
G1 X103.69 Y114.847 E4.434
G1 X103.362 Y115.081 E4.4584
G1 X103.035 Y115.101 E4.47824
G1 X102.379 Y114.915 E4.51953
G1 X101.724 Y114.441 E4.56849
G1 X101.069 Y113.498 E4.63802
G1 X100.741 Y113.263 E4.66246
G1 X100.414 Y113.244 E4.6823
G1 X99.759 Y113.43 E4.72354
G1 X99.104 Y113.904 E4.7725
G1 X98.448 Y114.847 E4.84207
G1 X98.121 Y115.081 E4.86642
G1 X97.793 Y115.101 E4.88632
G1 X97.251 Y114.947 E4.92044
G1 X97.251 Y117.453 E5.0722
G1 X97.793 Y117.062 E5.11267
G1 X98.448 Y116.119 E5.1822
G1 X98.776 Y115.884 E5.20664
G1 X99.104 Y115.865 E5.22654
G1 X99.759 Y116.051 E5.26778
G1 X100.414 Y116.524 E5.31671
G1 X101.069 Y117.467 E5.38624
G1 X101.397 Y117.702 E5.41068
G1 X101.724 Y117.721 E5.43052
G1 X102.379 Y117.535 E5.47176
G1 X103.035 Y117.062 E5.52074
G1 X103.69 Y116.119 E5.59027
G1 X104.017 Y115.884 E5.61466
G1 X104.345 Y115.865 E5.63456
G1 X105 Y116.051 E5.6758
G1 X105.655 Y116.524 E5.72473
G1 X106.31 Y117.467 E5.79426
G1 X106.638 Y117.702 E5.8187
G1 X106.965 Y117.721 E5.83854
G1 X107.621 Y117.535 E5.87983
G1 X108.276 Y117.062 E5.92876
G1 X108.931 Y116.119 E5.99829
G1 X109.259 Y115.884 E6.02273
G1 X109.586 Y115.865 E6.04257
G1 X110.241 Y116.051 E6.08381
G1 X110.896 Y116.524 E6.13274
G1 X111.552 Y117.467 E6.20231
G1 X111.879 Y117.702 E6.2267
G1 X112.342 Y117.683 E6.25476
G1 X112.342 Y118.193 E6.28565
G1 X112.749 Y118.429 E6.31414
G1 X112.749 Y119.053 E6.35193
G1 X112.696 Y118.854 E6.3644
G1 X112.342 Y118.901 E6.38603
G1 X112.342 Y119.78 E6.43926
G1 X112.207 Y119.682 E6.44936
G1 X111.552 Y118.739 E6.51889
G1 X111.224 Y118.504 E6.54333
G1 X110.896 Y118.485 E6.56323
G1 X110.241 Y118.671 E6.60447
G1 X109.586 Y119.145 E6.65343
G1 X108.931 Y120.088 E6.72296
G1 X108.707 Y120.248 E6.73963
G1 X107.946 Y120.248 E6.78572
G1 X107.621 Y120.156 E6.80618
G1 X106.965 Y119.682 E6.85519
G1 X106.31 Y118.739 E6.92472
G1 X105.983 Y118.504 E6.94911
G1 X105.655 Y118.485 E6.96901
G1 X105 Y118.671 E7.01025
G1 X104.345 Y119.145 E7.05921
G1 X103.69 Y120.088 E7.12874
G1 X103.362 Y120.323 E7.15318
G1 X103.035 Y120.342 E7.17302
G1 X102.379 Y120.156 E7.21431
G1 X101.724 Y119.682 E7.26327
G1 X101.069 Y118.739 E7.3328
G1 X100.741 Y118.504 E7.35724
G1 X100.414 Y118.485 E7.37708
G1 X99.759 Y118.671 E7.41832
G1 X99.104 Y119.145 E7.46728
G1 X98.448 Y120.088 E7.53685
G1 X98.121 Y120.323 E7.56124
G1 X97.793 Y120.342 E7.58114
G1 X97.251 Y120.188 E7.61526
G1 X97.251 Y117.746 E7.76315
G1 E5.76315 F2400
G92 E0
G1 X107.354 Y120.656 F7800
G1 E2 F2400
;TYPE:Solid infill
;WIDTH:0.450028
;HEIGHT:0.2
G1 F1200
G1 X112.545 Y120.656 E2.17572
;WIDTH:0.483561
G1 X112.628 Y120.639 E2.17882
M73 Q84 S3
;WIDTH:0.517094
G1 X112.71 Y120.622 E2.18212
M106 S198.9
;LAYER_CHANGE
;Z:9.15
;HEIGHT:0.2
G1 E.18212 F2400
G92 E0
G1 Z9.15 F7800
G1 X105.116 Y106.092
G1 E2 F2400
;TYPE:External perimeter
;WIDTH:0.449999
G1 F900
G1 X105.036 Y106.424 E2.01156
G1 X104.719 Y107.108 E2.03708
G1 X104.419 Y107.561 E2.05547
G1 X103.916 Y108.111 E2.0807
G1 X103.493 Y108.453 E2.09911
G1 X102.86 Y108.821 E2.12389
G1 X102.157 Y109.079 E2.14924
G1 X101.624 Y109.187 E2.16765
G1 X100.879 Y109.22 E2.19289
G1 X100.339 Y109.163 E2.21127
G1 X99.631 Y108.976 E2.23606
G1 X98.951 Y108.66 E2.26144
G1 X98.222 Y108.129 E2.29197
G1 X97.718 Y107.585 E2.31707
G1 X97.407 Y107.124 E2.33589
G1 X97.091 Y106.449 E2.36112
G1 X96.874 Y105.573 E2.39167
G1 X96.839 Y104.82 E2.41719
G1 X96.896 Y104.28 E2.43557
G1 X97.084 Y103.572 E2.46037
G1 X97.485 Y102.749 E2.49136
G1 X97.933 Y102.159 E2.51644
G1 X98.484 Y101.652 E2.54178
M73 P84 R3
G1 X99.254 Y101.181 E2.57233
G1 X100.123 Y100.881 E2.60345
G1 X100.87 Y100.78 E2.62897
G1 X101.771 Y100.837 E2.65953
G1 X102.487 Y101.024 E2.68458
G1 X103.167 Y101.34 E2.70996
G1 X103.897 Y101.871 E2.74052
G1 X104.407 Y102.425 E2.76601
G1 X104.711 Y102.876 E2.78442
G1 X105.027 Y103.551 E2.80965
G1 X105.181 Y104.073 E2.82807
G1 X105.279 Y104.798 E2.85283
G1 X105.248 Y105.547 E2.8782
G1 X105.13 Y106.033 E2.89513
G1 X105.027 Y106.42 F7800
G1 E.89513 F2400
G92 E0
G1 X113.054 Y120.961 F7800
G1 E2 F2400
;TYPE:Perimeter
G1 F3600
G1 X96.946 Y120.961 E2.54524
G1 X96.946 Y107.899 E2.98737
G1 X97.118 Y108.135 E2.99725
G1 X97.739 Y108.785 E3.02768
G1 X98.606 Y109.398 E3.06362
G1 X99.42 Y109.762 E3.0938
G1 X100.249 Y109.972 E3.12275
G1 X100.913 Y110.034 E3.14532
G1 X101.782 Y109.985 E3.17478
G1 X102.434 Y109.844 E3.19736
G1 X103.267 Y109.526 E3.22754
G1 X104.002 Y109.088 E3.2565
G1 X104.515 Y108.662 E3.27907
G1 X105.095 Y108.014 E3.30851
G1 X105.457 Y107.454 E3.33108
G1 X105.826 Y106.619 E3.36198
G1 X106.061 Y105.584 E3.39791
G1 X106.086 Y104.692 E3.42811
G1 X105.963 Y103.846 E3.45705
G1 X105.765 Y103.208 E3.47966
G1 X105.388 Y102.425 E3.50908
G1 X105.009 Y101.876 E3.53166
G1 X104.379 Y101.215 E3.56257
G1 X103.513 Y100.602 E3.59848
G1 X102.698 Y100.238 E3.62869
G1 X101.825 Y100.024 E3.65911
G1 X100.765 Y99.973 E3.69503
G1 X99.862 Y100.11 E3.72595
G1 X98.833 Y100.484 E3.76301
G1 X97.935 Y101.05 E3.79894
G1 X97.287 Y101.664 E3.82916
G1 X96.946 Y102.108 E3.84811
G1 X96.946 Y89.039 E4.29048
G1 X113.054 Y89.039 E4.83572
G1 X113.054 Y120.901 E5.91421
G1 X113.461 Y121.368 F7800
G1 F3600
G1 X96.539 Y121.368 E6.487
G1 X96.539 Y106.525 E6.98942
G1 X96.524 Y106.094 E7.00402
;WIDTH:0.418826
G1 X96.508 Y105.662 E7.01753
G1 X96.615 Y106.141 E7.03287
;WIDTH:0.449999
G1 X96.722 Y106.62 E7.04948
G1 X97.069 Y107.35 E7.07684
G1 X97.418 Y107.86 E7.09776
G1 X97.98 Y108.457 E7.12551
G1 X98.778 Y109.029 E7.15874
G1 X99.526 Y109.369 E7.18655
G1 X100.294 Y109.567 E7.2134
G1 X100.896 Y109.627 E7.23388
G1 X101.703 Y109.586 E7.26123
G1 X102.295 Y109.462 E7.2817
G1 X103.064 Y109.174 E7.3095
G1 X103.748 Y108.771 E7.33637
G1 X104.216 Y108.387 E7.35686
G1 X104.757 Y107.788 E7.38418
G1 X105.088 Y107.281 E7.40467
G1 X105.431 Y106.521 E7.43289
G1 X105.654 Y105.565 E7.46612
G1 X105.682 Y104.745 E7.49389
G1 X105.572 Y103.959 E7.52075
G1 X105.396 Y103.38 E7.54123
G1 X105.05 Y102.65 E7.56857
G1 X104.708 Y102.15 E7.58907
G1 X104.138 Y101.543 E7.61726
G1 X103.34 Y100.971 E7.65049
G1 X102.593 Y100.631 E7.67827
G1 X101.798 Y100.43 E7.70603
G1 X100.818 Y100.377 E7.73925
G1 X99.992 Y100.496 E7.7675
G1 X99.044 Y100.833 E7.80156
G1 X98.21 Y101.351 E7.83479
G1 X97.61 Y101.911 E7.86257
G1 X97.12 Y102.569 E7.89034
G1 X96.69 Y103.466 E7.92401
G1 X96.524 Y104.148 E7.94777
G1 X96.539 Y103.446 E7.97154
G1 X96.539 Y88.632 E8.47298
G1 X113.461 Y88.632 E9.04577
G1 X113.461 Y121.308 E10.15181
G1 E8.15181 F2400
G92 E0
G1 X96.504 Y105.624 F7800
G1 E2 F2400
;WIDTH:0.381148
G1 F900
G1 X96.485 Y104.835 E2.0222
;WIDTH:0.372946
G1 X96.5 Y104.536 E2.03042
;WIDTH:0.402682
G1 X96.515 Y104.237 E2.03938
G1 E.03938 F2400
G92 E0
G1 X113.868 Y121.775 F7800
G1 E2 F2400
;TYPE:External perimeter
;WIDTH:0.449999
G1 F1800
G1 X96.132 Y121.775 E2.60034
G1 X96.132 Y88.225 E3.73597
G1 X113.868 Y88.225 E4.33631
G1 X113.868 Y121.715 E5.4699
G1 X113.473 Y121.774 F7800
G1 E3.4699 F2400
G92 E0
G1 X107.429 Y120.837 F7800
G1 E2 F2400
;TYPE:Bridge infill
;WIDTH:0.408036
;HEIGHT:0.4
M106 S255
G1 F3600
G1 X106.957 Y119.061 E2.0999
G1 X106.949 Y117.499 E2.18482
G1 X107.011 Y117.483 E2.1883
G1 X107.849 Y120.634 E2.36556
G1 X108.323 Y120.634 E2.39133
G1 X106.599 Y114.157 E2.75571
G1 X106.961 Y114.03 E2.77657
G1 X106.959 Y113.729 E2.79293
G1 X108.797 Y120.634 E3.18139
G1 X109.271 Y120.634 E3.20716
G1 X107.036 Y112.236 E3.67961
G1 X107.218 Y112.187 E3.68986
G1 X106.371 Y109.002 E3.86903
G1 X106.625 Y108.912 E3.88368
G1 X109.745 Y120.634 E4.54314
G1 X110.219 Y120.634 E4.56891
G1 X106.962 Y108.396 E5.25739
G1 X106.954 Y107.017 E5.33236
M73 Q85 S3
G1 X107.061 Y106.988 E5.33839
G1 X110.693 Y120.634 E6.10608
G1 X111.167 Y120.634 E6.13185
G1 X106.648 Y103.655 E7.08705
G1 X106.968 Y103.57 E7.10505
G1 X106.964 Y103.063 E7.13261
G1 X111.641 Y120.634 E8.12112
G1 X112.115 Y120.634 E8.14689
G1 X107.087 Y101.741 E9.20976
G1 X107.222 Y101.705 E9.21736
G1 X106.377 Y98.529 E9.39603
G1 X106.678 Y98.423 E9.41338
G1 X112.589 Y120.634 E10.66291
G1 X112.726 Y120.634 E10.67036
M73 P85 R3
G1 X111.872 Y117.427 E10.85078
G1 X112.271 Y117.657 E10.87582
G1 X106.967 Y97.729 E11.99693
G1 X106.958 Y96.535 E12.06184
G1 X107.112 Y96.494 E12.0705
G1 X112.727 Y117.592 E13.25742
G1 X112.727 Y115.811 E13.35424
G1 X106.704 Y93.179 E14.62746
G1 X106.975 Y93.084 E14.64307
G1 X106.969 Y92.395 E14.68053
G1 X112.303 Y112.436 E15.80799
G1 X112.727 Y112.677 E15.8345
G1 X112.727 Y112.249 E15.85777
G1 X106.908 Y90.386 E17.08774
G1 X106.838 Y89.366 E17.14332
G1 X107.111 Y89.366 E17.15816
G1 X112.727 Y110.468 E18.34531
G1 X112.727 Y110.14 E18.36314
G1 X111.881 Y106.962 E18.54193
G1 X112.335 Y107.215 E18.57019
G1 X107.585 Y89.366 E19.57433
G1 X108.059 Y89.366 E19.6001
G1 X112.727 Y106.907 E20.58691
G1 X112.727 Y105.126 E20.68373
G1 X108.533 Y89.366 E21.57034
G1 X109.007 Y89.366 E21.59611
G1 X112.367 Y101.993 E22.30647
G1 X112.727 Y102.189 E22.32875
G1 X112.727 Y101.564 E22.36273
G1 X109.481 Y89.366 E23.04895
G1 X109.955 Y89.366 E23.07472
G1 X112.727 Y99.783 E23.66075
G1 X112.727 Y99.643 E23.66836
G1 X111.89 Y96.498 E23.84529
G1 X112.399 Y96.77 E23.87667
G1 X110.429 Y89.366 E24.29319
G1 X110.903 Y89.366 E24.31896
G1 X112.727 Y96.221 E24.7046
G1 X112.727 Y94.44 E24.80142
G1 X111.377 Y89.366 E25.08687
G1 X111.851 Y89.366 E25.11264
G1 X112.505 Y91.823 E25.25087
M106 S198.9
G1 E23.25087 F2400
G92 E0
G1 X106.407 Y89.344 F7800
G1 E2 F2400
;TYPE:Solid infill
;WIDTH:0.450014
;HEIGHT:0.2
G1 F1200
G1 X97.455 Y89.344 E2.30303
;WIDTH:0.484936
G1 X97.371 Y89.362 E2.30619
;WIDTH:0.519858
G1 X97.286 Y89.379 E2.30963
G1 X97.269 Y89.464 E2.31307
;WIDTH:0.484935
G1 X97.251 Y89.548 E2.31623
;WIDTH:0.450012
G1 X97.251 Y100.803 E2.69721
;WIDTH:0.492852
G1 X97.273 Y100.869 E2.69981
;WIDTH:0.535698
G1 X97.294 Y100.935 E2.70265
;WIDTH:0.578544
G1 X97.316 Y101.001 E2.70575
;WIDTH:0.62139
G1 X97.337 Y101.067 E2.70908
G1 X97.397 Y101.041 E2.71223
;WIDTH:0.578165
G1 X97.458 Y101.015 E2.71518
;WIDTH:0.53494
G1 X97.518 Y100.989 E2.71786
;WIDTH:0.491715
G1 X97.579 Y100.963 E2.72033
;WIDTH:0.449012
G1 X98.036 Y100.611 E2.73981
;WIDTH:0.450018
G1 X98.522 Y100.316 E2.75905
G1 X99.016 Y100.075 E2.77766
;WIDTH:0.462656
G1 X99.765 Y99.827 E2.8052
;WIDTH:0.4648
G1 X100.647 Y99.688 E2.83652
G1 X100.994 Y99.663 E2.84872
G1 X101.92 Y99.736 E2.8813
G1 X102.822 Y99.965 E2.91395
;WIDTH:0.46007
G1 X103.743 Y100.38 E2.94899
;WIDTH:0.468938
G1 X104.549 Y100.973 E2.98444
G1 X105.316 Y101.78 E3.02388
;WIDTH:0.449846
G1 X105.79 Y102.541 E3.05422
G1 X106.015 Y103.041 E3.07277
;WIDTH:0.445954
G1 X106.129 Y103.358 E3.08406
;WIDTH:0.43427
G1 X106.084 Y103.471 E3.08802
;WIDTH:0.408595
G1 X106.04 Y103.584 E3.09171
;WIDTH:0.38292
G1 X106.306 Y104.815 E3.12731
;WIDTH:0.416465
G1 X106.337 Y105.112 E3.13659
;WIDTH:0.45001
G1 X106.368 Y105.409 E3.1467
G1 X106.342 Y105.785 E3.15946
;WIDTH:0.468326
G1 X106.115 Y106.683 E3.19222
G1 X105.65 Y107.729 E3.23271
;WIDTH:0.449678
G1 X105.238 Y108.325 E3.25722
G1 X104.619 Y108.981 E3.28773
;WIDTH:0.449986
G1 X104.044 Y109.428 E3.31238
;WIDTH:0.463404
G1 X103.415 Y109.785 E3.33767
G1 X102.558 Y110.124 E3.36989
;WIDTH:0.447828
G1 X101.776 Y110.294 E3.39683
;WIDTH:0.4605
G1 X100.91 Y110.333 E3.42693
G1 X100.038 Y110.241 E3.45738
;WIDTH:0.447968
G1 X99.148 Y109.976 E3.48866
;WIDTH:0.430418
G1 X98.597 Y109.72 E3.50824
;WIDTH:0.436418
G1 X98.097 Y109.436 E3.52705
;WIDTH:0.461752
G1 X97.579 Y109.039 E3.54978
;WIDTH:0.501161
G1 X97.518 Y109.015 E3.55228
;WIDTH:0.54057
G1 X97.457 Y108.992 E3.55498
;WIDTH:0.579979
G1 X97.397 Y108.968 E3.55787
;WIDTH:0.619388
G1 X97.336 Y108.945 E3.56099
G1 X97.315 Y109.01 E3.56426
;WIDTH:0.577044
G1 X97.294 Y109.076 E3.56734
;WIDTH:0.534699
G1 X97.272 Y109.142 E3.57018
;WIDTH:0.492355
G1 X97.251 Y109.207 E3.57273
;WIDTH:0.45001
G1 X97.251 Y120.452 E3.95337
;WIDTH:0.48493
G1 X97.269 Y120.536 E3.95653
;WIDTH:0.519852
G1 X97.286 Y120.621 E3.95997
G1 X97.371 Y120.638 E3.96341
;WIDTH:0.484929
G1 X97.455 Y120.656 E3.96657
;WIDTH:0.450008
G1 X106.933 Y120.656 E4.2874
G1 E2.2874 F2400
G92 E0
G1 X99.992 Y120.248 F7800
G1 E2 F2400
;TYPE:Internal infill
;WIDTH:0.45
G1 F4800
G1 X97.658 Y120.248 E2.079
G1 X97.658 Y120.14 E2.08266
G1 X97.793 Y120.15 E2.08724
G1 X98.121 Y120.036 E2.09899
G1 X99.104 Y119.062 E2.14583
G1 X99.759 Y118.727 E2.17073
G1 X100.414 Y118.677 E2.19297
G1 X100.741 Y118.791 E2.20469
G1 X101.724 Y119.765 E2.25153
G1 X102.379 Y120.101 E2.27645
G1 X103.035 Y120.15 E2.29872
G1 X103.362 Y120.036 E2.31044
G1 X104.345 Y119.062 E2.35728
G1 X105 Y118.727 E2.38218
G1 X105.655 Y118.677 E2.40442
G1 X105.983 Y118.791 E2.41617
G1 X106.589 Y119.362 E2.44435
G1 X106.528 Y119.134 E2.45234
G1 X106.52 Y117.317 E2.51384
G1 X105.655 Y116.441 E2.55551
G1 X105 Y116.106 E2.58041
G1 X104.345 Y116.057 E2.60264
G1 X104.017 Y116.17 E2.61438
G1 X103.035 Y117.144 E2.6612
G1 X102.379 Y117.48 E2.68615
G1 X101.724 Y117.529 E2.70838
G1 X101.397 Y117.416 E2.72009
G1 X100.414 Y116.441 E2.76695
G1 X99.759 Y116.106 E2.79185
G1 X99.104 Y116.057 E2.81408
G1 X98.776 Y116.17 E2.82582
G1 X97.793 Y117.144 E2.87266
G1 X97.658 Y117.213 E2.87779
G1 X97.658 Y114.898 E2.95615
G1 X97.793 Y114.909 E2.96073
G1 X98.121 Y114.795 E2.97248
G1 X99.104 Y113.821 E3.01932
G1 X99.759 Y113.485 E3.04424
G1 X100.414 Y113.436 E3.06647
G1 X100.741 Y113.55 E3.07819
G1 X101.724 Y114.524 E3.12503
G1 X102.379 Y114.859 E3.14993
G1 X103.035 Y114.909 E3.1722
G1 X103.362 Y114.795 E3.18392
G1 X104.345 Y113.821 E3.23076
G1 X105 Y113.485 E3.25568
G1 X105.655 Y113.436 E3.27791
G1 X105.983 Y113.55 E3.28966
G1 X106.295 Y113.81 E3.30341
G1 X106.531 Y113.727 E3.31188
G1 X106.522 Y112.078 E3.3677
G1 X105.655 Y111.2 E3.40947
G1 X105 Y110.865 E3.43437
G1 X104.345 Y110.815 E3.45661
G1 X104.017 Y110.929 E3.46836
G1 X103.035 Y111.903 E3.51518
G1 X102.379 Y112.239 E3.54013
G1 X101.724 Y112.288 E3.56236
G1 X101.397 Y112.174 E3.57408
G1 X100.414 Y111.2 E3.62092
G1 X99.759 Y110.865 E3.64582
G1 X99.104 Y110.815 E3.66806
G1 X98.776 Y110.929 E3.67981
G1 X97.793 Y111.903 E3.72665
G1 X97.658 Y111.972 E3.73178
G1 X97.658 Y109.61 E3.81173
G1 X97.723 Y109.657 E3.81445
G1 E1.81445 F2400
G92 E0
G1 X104.034 Y109.906 F7800
G1 E2 F2400
M73 Q86 S3
G1 F4800
G1 X104.875 Y109.302 E2.03505
G1 X105.544 Y108.597 E2.06795
G1 X105.792 Y108.242 E2.08261
G1 X105.983 Y108.308 E2.08945
G1 X106.3 Y108.573 E2.10344
G1 X105.854 Y108.729 E2.11943
G1 X106.361 Y110.633 E2.18612
G1 E.18612 F2400
G92 E0
G1 X106.23 Y102.528 F7800
G1 E2 F2400
G1 F4800
G1 X106.537 Y103.242 E2.02631
G1 X106.526 Y101.599 E2.08192
G1 X105.655 Y100.718 E2.12385
G1 X105 Y100.382 E2.14877
G1 X104.379 Y100.335 E2.16985
G1 X105.056 Y100.871 E2.19908
G1 X105.636 Y101.527 E2.22872
G1 X106.011 Y102.12 E2.25247
G1 E.25247 F2400
G92 E0
G1 X98.731 Y99.761 F7800
G1 E2 F2400
G1 F4800
G1 X97.658 Y100.378 E2.0419
G1 X97.658 Y99.175 E2.08262
G1 X97.793 Y99.185 E2.0872
G1 X98.121 Y99.071 E2.09895
G1 X99.104 Y98.097 E2.14579
G1 X99.759 Y97.761 E2.17071
G1 X100.414 Y97.712 E2.19294
G1 X100.741 Y97.826 E2.20466
G1 X101.724 Y98.8 E2.2515
G1 X102.379 Y99.135 E2.2764
G1 X103.035 Y99.185 E2.29867
G1 X103.362 Y99.071 E2.31039
G1 X104.345 Y98.097 E2.35723
G1 X105 Y97.761 E2.38215
G1 X105.655 Y97.712 E2.40438
G1 X105.983 Y97.826 E2.41613
G1 X106.309 Y98.098 E2.4305
G1 X106.54 Y98.017 E2.43879
G1 X106.528 Y96.359 E2.49491
G1 X105.655 Y95.476 E2.53694
G1 X105 Y95.141 E2.56184
G1 X104.345 Y95.091 E2.58408
G1 X104.017 Y95.205 E2.59583
G1 X103.035 Y96.179 E2.64265
G1 X102.379 Y96.515 E2.6676
G1 X101.724 Y96.564 E2.68983
G1 X101.397 Y96.45 E2.70155
G1 X100.414 Y95.476 E2.74839
G1 X99.759 Y95.141 E2.77329
G1 X99.104 Y95.091 E2.79553
G1 X98.776 Y95.205 E2.80728
G1 X97.793 Y96.179 E2.85412
G1 X97.658 Y96.248 E2.85925
G1 X97.658 Y93.933 E2.93761
G1 X97.793 Y93.943 E2.94219
G1 X98.121 Y93.83 E2.95393
G1 X99.104 Y92.856 E3.00077
M73 P86 R3
G1 X99.759 Y92.52 E3.02569
G1 X100.414 Y92.471 E3.04792
G1 X100.741 Y92.584 E3.05963
G1 X101.724 Y93.559 E3.10649
G1 X102.379 Y93.894 E3.13139
G1 X103.035 Y93.943 E3.15366
G1 X103.362 Y93.83 E3.16537
G1 X104.345 Y92.856 E3.21221
G1 X105 Y92.52 E3.23713
G1 X105.655 Y92.471 E3.25936
G1 X105.983 Y92.584 E3.2711
G1 X106.314 Y92.861 E3.28571
G1 X106.544 Y92.781 E3.29395
G1 X106.53 Y91.119 E3.35021
G1 X105.655 Y90.235 E3.39231
G1 X105 Y89.899 E3.41723
G1 X104.345 Y89.85 E3.43946
G1 X104.017 Y89.964 E3.45121
G1 X103.035 Y90.938 E3.49803
G1 X102.379 Y91.273 E3.52296
G1 X101.724 Y91.323 E3.5452
G1 X101.397 Y91.209 E3.55692
G1 X100.414 Y90.235 E3.60376
G1 X99.759 Y89.899 E3.62868
G1 X99.104 Y89.85 E3.65091
G1 X98.776 Y89.964 E3.66266
G1 X97.793 Y90.938 E3.7095
G1 X97.658 Y91.007 E3.71463
G1 X97.658 Y93.449 E3.79729
M106 S135.15
;LAYER_CHANGE
;Z:9.35
;HEIGHT:0.200001
G1 E1.79729 F2400
G92 E0
G1 Z9.35 F7800
G1 X105.116 Y106.091
G1 E2 F2400
;TYPE:External perimeter
;WIDTH:0.449999
G1 F900
G1 X105.036 Y106.424 E2.01159
G1 X104.725 Y107.099 E2.03675
G1 X104.419 Y107.561 E2.05551
G1 X103.926 Y108.103 E2.08031
G1 X103.493 Y108.453 E2.09916
G1 X102.86 Y108.821 E2.12394
G1 X102.169 Y109.076 E2.14887
G1 X101.624 Y109.187 E2.1677
G1 X100.893 Y109.221 E2.19247
G1 X100.159 Y109.127 E2.21752
G1 X99.294 Y108.837 E2.2484
G1 X98.648 Y108.469 E2.27357
G1 X98.215 Y108.124 E2.29231
G1 X97.717 Y107.583 E2.3172
G1 X97.407 Y107.124 E2.33595
G1 X97.096 Y106.461 E2.36074
G1 X96.902 Y105.748 E2.38575
G1 X96.839 Y105.198 E2.40449
G1 X96.869 Y104.463 E2.42939
G1 X97.082 Y103.576 E2.46027
G1 X97.485 Y102.749 E2.49141
G1 X97.933 Y102.159 E2.51649
G1 X98.476 Y101.658 E2.5415
G1 X98.935 Y101.348 E2.56025
G1 X99.598 Y101.036 E2.58505
G1 X100.131 Y100.878 E2.60387
G1 X100.86 Y100.78 E2.62877
G1 X101.771 Y100.837 E2.65967
G1 X102.487 Y101.024 E2.68472
G1 X103.158 Y101.334 E2.70974
G1 X103.896 Y101.871 E2.74063
G1 X104.4 Y102.415 E2.76573
G1 X104.878 Y103.195 E2.7967
G1 X105.178 Y104.064 E2.82782
G1 X105.279 Y104.798 E2.8529
G1 X105.249 Y105.537 E2.87793
G1 X105.13 Y106.033 E2.8952
G1 X105.027 Y106.42 F7800
G1 E.8952 F2400
G92 E0
G1 X113.054 Y120.961 F7800
G1 E2 F2400
;TYPE:Perimeter
G1 F3600
G1 X96.946 Y120.961 E2.54524
G1 X96.946 Y107.899 E2.98737
G1 X97.116 Y108.133 E2.99716
G1 X97.705 Y108.759 E3.02625
G1 X98.241 Y109.174 E3.0492
G1 X99.032 Y109.608 E3.07974
G1 X100.053 Y109.934 E3.11602
G1 X100.928 Y110.034 E3.14583
G1 X101.783 Y109.985 E3.17482
G1 X102.448 Y109.841 E3.19785
G1 X103.267 Y109.526 E3.22755
G1 X104.003 Y109.088 E3.25654
G1 X104.526 Y108.653 E3.27957
G1 X105.096 Y108.014 E3.30855
G1 X105.463 Y107.444 E3.3315
G1 X105.826 Y106.618 E3.36204
G1 X106.062 Y105.572 E3.39834
G1 X106.086 Y104.692 E3.42814
G1 X105.949 Y103.803 E3.45859
G1 X105.574 Y102.773 E3.49569
M73 P86 R2
G1 X105 Y101.865 E3.53205
G1 X104.378 Y101.215 E3.5625
G1 X103.503 Y100.597 E3.59876
G1 X102.698 Y100.238 E3.6286
G1 X101.824 Y100.024 E3.65906
G1 X100.754 Y99.973 E3.69532
G1 X99.904 Y100.097 E3.7244
G1 X99.254 Y100.299 E3.74744
G1 X98.483 Y100.671 E3.77642
G1 X97.926 Y101.057 E3.79936
G1 X97.287 Y101.664 E3.82919
G1 X96.946 Y102.108 E3.84814
G1 X96.946 Y89.039 E4.29051
G1 X113.054 Y89.039 E4.83575
G1 X113.054 Y120.901 E5.91424
G1 X113.461 Y121.368 F7800
G1 F3600
G1 X96.539 Y121.368 E6.48703
G1 X96.539 Y106.553 E6.9885
G1 X96.523 Y105.849 E7.01234
G1 X96.727 Y106.633 E7.03976
G1 X97.069 Y107.35 E7.06665
G1 X97.417 Y107.858 E7.08749
G1 X97.96 Y108.441 E7.11446
G1 X98.445 Y108.821 E7.13532
G1 X99.163 Y109.223 E7.16317
G1 X100.106 Y109.531 E7.19675
G1 X100.91 Y109.628 E7.22416
G1 X101.703 Y109.586 E7.25104
G1 X102.309 Y109.458 E7.272
G1 X103.064 Y109.174 E7.2993
G1 X103.748 Y108.77 E7.32619
G1 X104.226 Y108.378 E7.34711
G1 X104.757 Y107.787 E7.374
G1 X105.094 Y107.271 E7.39486
G1 X105.431 Y106.521 E7.42269
G1 X105.656 Y105.555 E7.45626
G1 X105.682 Y104.745 E7.48369
G1 X105.563 Y103.933 E7.51147
G1 X105.226 Y102.984 E7.54556
G1 X104.7 Y102.14 E7.57922
G1 X104.137 Y101.543 E7.607
G1 X103.33 Y100.965 E7.6406
G1 X102.593 Y100.631 E7.66799
G1 X101.797 Y100.43 E7.69578
G1 X100.807 Y100.377 E7.72934
M73 Q86 S2
G1 X100.018 Y100.488 E7.75631
G1 X99.426 Y100.668 E7.77725
G1 X98.709 Y101.01 E7.80414
G1 X98.201 Y101.358 E7.82498
G1 X97.61 Y101.911 E7.85238
G1 X97.12 Y102.569 E7.88015
G1 X96.687 Y103.479 E7.91426
G1 X96.598 Y103.907 E7.92906
;WIDTH:0.419779
G1 X96.509 Y104.334 E7.94273
G1 X96.524 Y103.898 E7.9564
;WIDTH:0.449999
G1 X96.539 Y103.461 E7.9712
G1 X96.539 Y88.632 E8.47314
G1 X113.461 Y88.632 E9.04593
G1 X113.461 Y121.308 E10.15197
G1 E8.15197 F2400
G92 E0
G1 X96.518 Y105.797 F7800
G1 E2 F2400
;WIDTH:0.407606
G1 F900
G1 X96.502 Y105.517 E2.0085
;WIDTH:0.376409
G1 X96.486 Y105.236 E2.0163
;WIDTH:0.373436
G1 X96.501 Y104.447 E2.03799
;WIDTH:0.389558
G1 X96.509 Y104.334 E2.04126
G1 E.04126 F2400
G92 E0
G1 X113.868 Y121.775 F7800
G1 E2 F2400
;TYPE:External perimeter
;WIDTH:0.449999
G1 F1800
G1 X96.132 Y121.775 E2.60034
G1 X96.132 Y88.225 E3.73597
G1 X113.868 Y88.225 E4.33631
G1 X113.868 Y121.715 E5.4699
G1 X113.473 Y121.774 F7800
M73 Q87 S2
G1 E3.4699 F2400
G92 E0
G1 X107.942 Y120.24 F7800
G1 E2 F2400
;TYPE:Solid infill
G1 F1200
G1 X108.358 Y120.656 E2.01991
G1 X108.159 Y120.677 E2.02668
;WIDTH:0.41646
G1 X107.961 Y120.698 E2.03286
;WIDTH:0.38292
G1 X107.942 Y120.769 E2.03494
G1 X108.013 Y120.75 E2.03702
G1 X108.002 Y120.709 E2.03822
G1 X108.934 Y120.656 F7800
;WIDTH:0.449999
G1 F1200
G1 X107.734 Y119.455 E2.09569
G1 X107.742 Y120.081 E2.11688
;WIDTH:0.38292
G1 X107.541 Y119.324 E2.13902
G1 X107.456 Y118.852 E2.15258
;WIDTH:0.41646
G1 X107.532 Y118.803 E2.15539
;WIDTH:0.449999
G1 X107.609 Y118.755 E2.15846
G1 X109.51 Y120.656 E2.24946
G1 X110.085 Y120.656 E2.26892
G1 X107.606 Y118.176 E2.38761
G1 X107.922 Y117.917 E2.40144
G1 X110.661 Y120.656 E2.53255
G1 X111.237 Y120.656 E2.55205
M73 P87 R2
G1 X107.85 Y117.269 E2.71418
G1 X107.641 Y116.485 E2.74164
G1 X111.812 Y120.656 E2.9413
G1 X112.388 Y120.656 E2.9608
G1 X107.433 Y115.7 E3.19802
G1 X107.656 Y117.135 F7800
;WIDTH:0.38292
G1 F1200
G1 X107.031 Y114.785 E3.26677
G1 X107.048 Y114.599 E3.27205
;WIDTH:0.41646
G1 X107.136 Y114.757 E3.27767
;WIDTH:0.449999
G1 X107.224 Y114.916 E3.28382
G1 X112.749 Y120.441 E3.5483
G1 X112.809 Y120.579 E3.55339
;WIDTH:0.41646
G1 X112.87 Y120.717 E3.55808
;WIDTH:0.38292
G1 X112.881 Y120.758 E3.55928
G1 X112.81 Y120.777 E3.56136
G1 X112.829 Y120.706 E3.56344
G1 X112.749 Y119.865 F7800
;WIDTH:0.449999
G1 F1200
G1 X107.439 Y114.555 E3.81763
G1 X107.615 Y114.156 E3.83239
G1 X112.749 Y119.289 E4.07813
G1 X112.749 Y118.714 E4.09759
G1 X107.612 Y113.577 E4.34349
G1 X107.609 Y112.998 E4.36309
G1 X112.749 Y118.138 E4.60914
G1 X112.749 Y117.562 E4.62864
G1 X107.875 Y112.689 E4.86193
G1 X107.875 Y112.112 E4.88146
G1 X112.749 Y116.986 E5.11478
G1 X112.749 Y116.411 E5.13424
G1 X107.666 Y111.328 E5.37756
G1 X107.457 Y110.543 E5.40506
G1 X112.749 Y115.835 E5.65838
G1 X112.749 Y115.259 E5.67788
G1 X107.248 Y109.759 E5.94119
G1 E3.94119 F2400
G92 E0
G1 X107.68 Y111.973 F7800
G1 E2 F2400
;WIDTH:0.38292
G1 F1200
G1 X107.055 Y109.628 E2.06861
G1 X107.061 Y109.367 E2.07599
;WIDTH:0.41646
G1 X107.23 Y109.35 E2.08127
;WIDTH:0.449999
G1 X107.399 Y109.333 E2.08702
G1 X112.749 Y114.684 E2.34315
G1 X112.749 Y114.108 E2.36265
G1 X107.619 Y108.978 E2.60822
G1 X107.616 Y108.399 E2.62782
G1 X112.749 Y113.532 E2.87353
G1 X112.749 Y112.957 E2.89299
G1 X107.612 Y107.82 E3.13889
G1 X107.488 Y107.392 E3.15397
;WIDTH:0.38292
G1 X107.469 Y107.464 E3.15608
G1 X107.54 Y107.444 E3.15817
G1 X107.529 Y107.403 E3.15937
;WIDTH:0.41646
G1 X107.679 Y107.432 E3.16412
;WIDTH:0.449999
G1 X107.828 Y107.46 E3.16925
G1 X112.749 Y112.381 E3.40482
G1 X112.749 Y111.805 E3.42432
G1 X107.899 Y106.956 E3.65646
G1 X107.69 Y106.171 E3.68396
G1 X112.749 Y111.229 E3.92611
G1 X112.749 Y110.654 E3.94557
G1 X107.482 Y105.387 E4.1977
G1 X107.273 Y104.602 E4.2252
G1 X112.749 Y110.078 E4.48733
G1 X112.749 Y109.502 E4.50683
G1 X107.383 Y104.136 E4.7637
G1 X107.23 Y104.14 E4.76888
;WIDTH:0.41646
G1 X107.077 Y104.144 E4.77363
;WIDTH:0.38292
G1 X107.08 Y104.471 E4.78288
G1 X107.703 Y106.812 E4.85137
G1 E2.85137 F2400
G92 E0
G1 X107.438 Y103.603 F7800
G1 E2 F2400
G1 F1200
G1 X107.419 Y103.674 E2.00208
G1 X107.49 Y103.655 E2.00416
G1 X107.479 Y103.614 E2.00536
;WIDTH:0.41646
G1 X107.551 Y103.707 E2.00901
;WIDTH:0.449999
G1 X107.623 Y103.801 E2.01302
G1 X112.749 Y108.927 E2.2584
G1 X112.851 Y108.99 E2.26246
;WIDTH:0.41646
G1 X112.953 Y109.053 E2.26618
;WIDTH:0.38292
G1 X112.964 Y109.094 E2.26738
G1 X112.892 Y109.113 E2.26949
G1 X112.911 Y109.042 E2.27157
G1 E.27157 F2400
G92 E0
G1 X111.489 Y106.364 F7800
G1 E2 F2400
G1 F1200
G1 X111.5 Y106.405 E2.0012
G1 X111.429 Y106.424 E2.00328
G1 X111.448 Y106.353 E2.00536
G1 X111.142 Y106.126 E2.01613
G1 X111.344 Y106.891 E2.0385
G1 X111.245 Y107.039 E2.04353
;WIDTH:0.41646
G1 X111.197 Y106.895 E2.04824
;WIDTH:0.449999
G1 X111.149 Y106.751 E2.05338
G1 X107.619 Y103.221 E2.22236
G1 X107.615 Y102.642 E2.24196
G1 X110.94 Y105.967 E2.40113
G1 X111.537 Y107.14 F7800
M73 Q88 S2
G1 F1200
G1 X112.749 Y108.351 E2.45912
G1 X112.803 Y108.474 E2.46367
;WIDTH:0.41646
G1 X112.857 Y108.598 E2.46787
;WIDTH:0.38292
G1 X112.838 Y108.669 E2.46995
G1 X112.909 Y108.65 E2.47203
G1 X112.898 Y108.609 E2.47323
;WIDTH:0.449999
G1 X112.953 Y107.901 E2.49727
;WIDTH:0.38292
G1 X112.964 Y107.943 E2.4985
G1 X112.892 Y107.962 E2.50061
G1 X112.911 Y107.89 E2.50272
;WIDTH:0.41646
G1 X112.83 Y107.833 E2.5058
;WIDTH:0.449999
G1 X112.749 Y107.775 E2.50917
G1 X111.679 Y106.705 E2.56039
G1 X112.857 Y107.446 F7800
;WIDTH:0.38292
G1 F1200
G1 X112.838 Y107.517 E2.56247
G1 X112.909 Y107.498 E2.56455
G1 X112.898 Y107.457 E2.56575
;WIDTH:0.41646
G1 X112.823 Y107.328 E2.57038
;WIDTH:0.449999
G1 X112.749 Y107.2 E2.57538
G1 X107.781 Y102.232 E2.8132
G1 X107.655 Y102.196 E2.81764
;WIDTH:0.41646
G1 X107.528 Y102.16 E2.82174
;WIDTH:0.38292
G1 X107.539 Y102.201 E2.82294
G1 X107.468 Y102.22 E2.82502
G1 X107.487 Y102.149 E2.8271
;WIDTH:0.449999
G1 X107.924 Y101.799 E2.84605
G1 X112.749 Y106.624 E3.07702
G1 X112.749 Y106.048 E3.09652
G1 X107.715 Y101.014 E3.33749
G1 X107.506 Y100.23 E3.36495
G1 X112.749 Y105.472 E3.61591
G1 X112.83 Y105.53 E3.61928
M73 P88 R2
;WIDTH:0.41646
G1 X112.911 Y105.588 E3.62237
;WIDTH:0.38292
G1 X112.892 Y105.659 E3.62445
G1 X112.964 Y105.64 E3.62656
G1 X112.953 Y105.599 E3.62776
;WIDTH:0.449999
G1 X112.898 Y105.155 E3.6429
;WIDTH:0.38292
G1 X112.909 Y105.196 E3.6441
G1 X112.838 Y105.215 E3.64618
G1 X112.857 Y105.144 E3.64826
;WIDTH:0.41646
G1 X112.803 Y105.02 E3.65246
;WIDTH:0.449999
G1 X112.749 Y104.897 E3.65701
G1 X111.884 Y104.032 E3.69842
G1 E1.69842 F2400
G92 E0
G1 X111.174 Y101.001 F7800
G1 E2 F2400
;WIDTH:0.38292
G1 F1200
G1 X111.892 Y103.7 E2.07896
;WIDTH:0.41646
G1 X111.846 Y103.824 E2.08307
;WIDTH:0.449999
G1 X111.8 Y103.948 E2.08755
G1 X107.297 Y99.445 E2.30311
G1 E.30311 F2400
G92 E0
G1 X107.726 Y101.65 F7800
G1 E2 F2400
;WIDTH:0.38292
G1 F1200
G1 X107.104 Y99.315 E2.06832
G1 X107.056 Y98.888 E2.08047
;WIDTH:0.41646
G1 X107.187 Y98.889 E2.08454
;WIDTH:0.449999
G1 X107.319 Y98.891 E2.08901
G1 X111.591 Y103.163 E2.29351
G1 X111.382 Y102.379 E2.32097
G1 X107.627 Y98.624 E2.50072
G1 X107.555 Y98.53 E2.50473
;WIDTH:0.41646
G1 X107.483 Y98.436 E2.50841
;WIDTH:0.38292
G1 X107.494 Y98.477 E2.50961
G1 X107.423 Y98.496 E2.51169
G1 X107.442 Y98.425 E2.51377
;WIDTH:0.449999
G1 X107.623 Y98.044 E2.52805
G1 X111.173 Y101.594 E2.69799
G1 X110.965 Y100.81 E2.72545
G1 X107.618 Y97.464 E2.88564
G1 X107.482 Y96.902 E2.90521
;WIDTH:0.38292
G1 X107.463 Y96.973 E2.90729
G1 X107.534 Y96.954 E2.90937
G1 X107.523 Y96.913 E2.91057
;WIDTH:0.41646
G1 X107.629 Y96.958 E2.91415
;WIDTH:0.449999
G1 X107.735 Y97.004 E2.91806
G1 X111.512 Y100.781 E3.09886
G1 E1.09886 F2400
G92 E0
G1 X112.203 Y103.775 F7800
G1 E2 F2400
G1 F1200
G1 X112.749 Y104.321 E2.02614
G1 E.02614 F2400
G92 E0
G1 X111.971 Y102.036 F7800
G1 E2 F2400
;WIDTH:0.557123
G1 F1200
G1 X112.17 Y102.786 E2.03318
;WIDTH:0.562853
G1 X112.305 Y102.827 E2.03928
G1 X112.327 Y102.919 E2.04337
;WIDTH:0.520599
G1 X112.348 Y103.011 E2.04712
;WIDTH:0.478345
G1 X112.369 Y103.103 E2.05054
;WIDTH:0.449273
G1 X112.314 Y103.342 E2.05883
G1 X112.749 Y103.746 E2.07889
G1 X112.756 Y103.152 E2.09896
;WIDTH:0.478345
G1 X112.735 Y102.968 E2.10567
;WIDTH:0.520599
G1 X112.713 Y102.784 E2.11303
;WIDTH:0.562853
G1 X112.692 Y102.6 E2.12104
G1 X112.692 Y102.281 E2.13483
G1 X112.457 Y102.336 E2.14526
;WIDTH:0.557123
G1 X112.351 Y102.272 E2.15055
G1 X111.918 Y101.839 E2.17673
;WIDTH:0.449999
G1 X112.532 Y101.802 E2.19755
G1 X111.567 Y100.836 E2.24377
G1 X112.749 Y101.443 F7800
G1 F1200
G1 X107.948 Y96.642 E2.47359
G1 X107.74 Y95.858 E2.50105
G1 X112.749 Y100.867 E2.74083
G1 X112.749 Y100.291 E2.76033
G1 X107.531 Y95.073 E3.01011
G1 X107.322 Y94.289 E3.03757
G1 X112.749 Y99.716 E3.29736
G1 X112.83 Y99.773 E3.30071
;WIDTH:0.41646
G1 X112.911 Y99.831 E3.3038
;WIDTH:0.38292
G1 X112.892 Y99.902 E3.30588
G1 X112.964 Y99.883 E3.30799
G1 X112.953 Y99.842 E3.30919
G1 E1.30919 F2400
G92 E0
G1 X111.996 Y96.881 F7800
G1 E2 F2400
;WIDTH:0.558212
G1 F1200
G1 X112.151 Y97.461 E2.02572
G1 X112.298 Y97.512 E2.03239
G1 X112.316 Y97.603 E2.03636
;WIDTH:0.521367
G1 X112.334 Y97.693 E2.04001
;WIDTH:0.484521
G1 X112.353 Y97.784 E2.04342
;WIDTH:0.490145
G1 X112.29 Y98.083 E2.05478
;WIDTH:0.532614
G1 X112.227 Y98.382 E2.06722
G1 X112.171 Y98.448 E2.07074
;WIDTH:0.503956
G1 X112.115 Y98.514 E2.07406
;WIDTH:0.475297
G1 X112.015 Y98.514 E2.07766
;WIDTH:0.429109
G1 X111.916 Y98.513 E2.08084
;WIDTH:0.432818
G1 X112.04 Y98.55 E2.08504
;WIDTH:0.482716
G1 X112.165 Y98.586 E2.0898
;WIDTH:0.532614
G1 X112.289 Y98.622 E2.09506
G1 X112.707 Y99.04 E2.11913
G1 X112.707 Y98.449 E2.14319
G1 X112.729 Y98.144 E2.15564
;WIDTH:0.490145
G1 X112.75 Y97.839 E2.16701
;WIDTH:0.484521
G1 X112.731 Y97.658 E2.17369
;WIDTH:0.521367
G1 X112.713 Y97.477 E2.18093
;WIDTH:0.558212
G1 X112.695 Y97.295 E2.18877
G1 X112.695 Y96.856 E2.20758
G1 X112.587 Y96.963 E2.21409
G1 X112.374 Y97.037 E2.22375
G1 X112.223 Y96.963 E2.23096
G1 X111.944 Y96.684 E2.24787
G1 X111.616 Y98.007 F7800
;WIDTH:0.449999
G1 F1200
G1 X107.279 Y93.67 E2.45548
G1 X107.161 Y93.656 E2.4595
;WIDTH:0.41646
G1 X107.043 Y93.642 E2.46319
;WIDTH:0.38292
G1 X107.129 Y94.158 E2.47798
G1 X107.75 Y96.491 E2.54623
G1 E.54623 F2400
G92 E0
G1 X107.631 Y93.446 F7800
G1 E2 F2400
;WIDTH:0.449999
G1 F1200
G1 X111.407 Y97.222 E2.18075
G1 X111.198 Y96.438 E2.20821
G1 X107.626 Y92.866 E2.3792
G1 X107.622 Y92.286 E2.39883
G1 X110.989 Y95.653 E2.56001
G1 E.56001 F2400
G92 E0
G1 X111.916 Y98.513 F7800
G1 E2 F2400
;WIDTH:0.38292
G1 F1200
G1 X111.781 Y98.294 E2.00727
G1 X111.809 Y98.138 E2.01175
G1 X111.201 Y95.856 E2.07852
G1 X111.318 Y95.756 E2.08287
G1 X111.299 Y95.827 E2.08495
G1 X111.37 Y95.808 E2.08703
G1 X111.359 Y95.767 E2.08823
;WIDTH:0.41646
G1 X111.386 Y95.634 E2.09245
;WIDTH:0.449999
G1 X111.414 Y95.502 E2.09702
G1 X107.617 Y91.705 E2.27878
G1 E.27878 F2400
G92 E0
G1 X111.521 Y95.609 F7800
G1 E2 F2400
G1 F1200
G1 X112.405 Y96.493 E2.04232
G1 X112.749 Y96.261 E2.05636
G1 X107.612 Y91.125 E2.30224
G1 X107.572 Y90.509 E2.32313
G1 X112.749 Y95.686 E2.57095
G1 X112.749 Y95.11 E2.59045
G1 X107.529 Y89.89 E2.84033
G1 X107.348 Y89.496 E2.85501
;WIDTH:0.38292
G1 X107.346 Y89.209 E2.86312
;WIDTH:0.41646
G1 X107.453 Y89.277 E2.86706
;WIDTH:0.449999
G1 X107.559 Y89.344 E2.8713
G1 X112.749 Y94.534 E3.11974
G1 X112.823 Y94.375 E3.12568
;WIDTH:0.41646
G1 X112.898 Y94.216 E3.13114
;WIDTH:0.38292
G1 X112.909 Y94.257 E3.13234
G1 X112.838 Y94.276 E3.13442
G1 X112.857 Y94.205 E3.1365
;WIDTH:0.449999
G1 X112.749 Y93.959 E3.14559
G1 X108.135 Y89.344 E3.36648
G1 X108.71 Y89.344 E3.38594
G1 X111.54 Y92.172 E3.52136
;WIDTH:0.41646
G1 X111.65 Y92.278 E3.5261
;WIDTH:0.38292
G1 X111.833 Y92.981 E3.54664
G1 X111.806 Y93.138 E3.55114
;WIDTH:0.449999
G1 X112.229 Y92.864 E3.5682
G1 X112.749 Y93.383 E3.59307
G1 X112.134 Y92.193 F7800
G1 F1200
G1 X109.286 Y89.344 E3.72943
G1 E1.72943 F2400
G92 E0
G1 X112.348 Y92.406 F7800
M73 Q89 S2
G1 E2 F2400
G1 F1200
G1 X112.749 Y92.807 E2.0192
G1 X112.83 Y92.865 E2.02257
;WIDTH:0.41646
G1 X112.911 Y92.922 E2.02565
;WIDTH:0.38292
G1 X112.892 Y92.993 E2.02773
G1 X112.964 Y92.974 E2.02984
G1 X112.953 Y92.933 E2.03104
;WIDTH:0.449999
G1 X112.88 Y92.445 E2.04774
;WIDTH:0.38292
G1 X112.891 Y92.486 E2.04894
G1 X112.82 Y92.505 E2.05102
G1 X112.839 Y92.434 E2.0531
;WIDTH:0.41646
G1 X112.794 Y92.333 E2.05653
;WIDTH:0.449999
G1 X112.749 Y92.231 E2.0603
G1 X109.862 Y89.344 E2.1985
G1 X109.799 Y89.243 E2.20253
;WIDTH:0.41646
G1 X109.736 Y89.141 E2.20625
;WIDTH:0.38292
G1 X109.747 Y89.182 E2.20745
G1 X109.675 Y89.201 E2.20956
G1 X109.694 Y89.13 E2.21164
;WIDTH:0.449999
G1 X110.437 Y89.344 E2.23781
G1 X112.749 Y89.344 E2.31607
G1 X112.749 Y91.656 E2.39433
G1 X110.581 Y89.488 E2.49811
G1 X111.5 Y89.785 F7800
;WIDTH:0.516343
G1 F1200
G1 X112.308 Y89.785 E2.52992
G1 X112.308 Y90.593 E2.56173
G1 X111.644 Y89.929 E2.5987
G1 E.5987 F2400
G92 E0
G1 X107.484 Y119.395 F7800
G1 E2 F2400
;TYPE:Bridge infill
;WIDTH:0.408796
;HEIGHT:0.4
M106 S255
G1 F3600
G1 X107.164 Y120.634 E2.06983
G1 X106.69 Y120.634 E2.0957
G1 X107.18 Y118.734 E2.20277
G1 X107.175 Y117.672 E2.26072
G1 X107.475 Y117.592 E2.27766
G1 X107.484 Y117.558 E2.27958
G1 X107.243 Y116.654 E2.33063
G1 X106.216 Y120.634 E2.55492
M73 P89 R2
G1 X105.742 Y120.634 E2.58079
G1 X107.106 Y115.35 E2.87858
M106 S135.15
G1 E.87858 F2400
G92 E0
G1 X107.553 Y111.781 F7800
G1 E2 F2400
M106 S255
G1 F3600
G1 X105.268 Y120.634 E2.49892
G1 X104.795 Y120.634 E2.52473
G1 X107.209 Y111.277 E3.05204
G1 X106.968 Y110.373 E3.10309
G1 X104.321 Y120.634 E3.68134
G1 X103.847 Y120.634 E3.70721
G1 X107.415 Y106.804 E4.48659
G1 X107.175 Y105.9 E4.53763
G1 X103.373 Y120.634 E5.36797
G1 X102.899 Y120.634 E5.39384
G1 X107.037 Y104.597 E6.29761
M106 S135.15
G1 E4.29761 F2400
G92 E0
G1 X107.485 Y101.027 F7800
G1 E2 F2400
M106 S255
G1 F3600
G1 X102.426 Y120.634 E3.10495
G1 X101.952 Y120.634 E3.13082
G1 X105.074 Y108.532 E3.81282
G1 X104.623 Y109.009 E3.84864
G1 X104.441 Y109.149 E3.86117
G1 X101.478 Y120.634 E4.5084
G1 X101.004 Y120.634 E4.53427
G1 X103.861 Y109.56 E5.15834
G1 X103.309 Y109.867 E5.19281
G1 X100.53 Y120.634 E5.7996
G1 X100.056 Y120.634 E5.82547
G1 X102.783 Y110.067 E6.42098
G1 X102.552 Y110.151 E6.43439
G1 X102.272 Y110.211 E6.45002
G1 X99.583 Y120.634 E7.0374
G1 X99.109 Y120.634 E7.06327
G1 X101.77 Y110.318 E7.64462
G1 X101.29 Y110.344 E7.67085
G1 X98.635 Y120.634 E8.25074
G1 X98.161 Y120.634 E8.27661
G1 X100.813 Y110.356 E8.85583
G1 X100.353 Y110.304 E8.88109
G1 X97.687 Y120.634 E9.46325
G1 X97.273 Y120.634 E9.48584
G1 X97.273 Y120.404 E9.49839
G1 X99.897 Y110.233 E10.07157
G1 X99.458 Y110.098 E10.09663
G1 X97.273 Y118.568 E10.57395
G1 X97.273 Y116.732 E10.67414
G1 X99.023 Y109.95 E11.05634
G1 X98.598 Y109.758 E11.08179
G1 X97.273 Y114.895 E11.37128
G1 X97.273 Y113.059 E11.47147
G1 X98.186 Y109.519 E11.67096
G1 X98.07 Y109.453 E11.67824
G1 X97.786 Y109.233 E11.69784
G1 X97.273 Y111.223 E11.80998
G1 X97.273 Y109.386 E11.91022
G1 X97.456 Y108.676 E11.95023
M106 S135.15
G1 E9.95023 F2400
G92 E0
G1 X106.159 Y104.329 F7800
G1 E2 F2400
M106 S255
G1 F3600
G1 X107.141 Y100.523 E2.21449
G1 X106.9 Y99.619 E2.26554
G1 X105.933 Y103.369 E2.47686
M106 S135.15
G1 E.47686 F2400
G92 E0
G1 X107.133 Y98.716 F7800
G1 E2 F2400
M106 S255
G1 F3600
G1 X107.197 Y98.468 E2.01398
G1 X107.184 Y96.707 E2.11008
G1 X107.5 Y96.623 E2.12792
G1 X107.347 Y96.05 E2.16028
G1 X105.715 Y102.376 E2.51678
G1 X105.382 Y101.831 E2.55163
G1 X107.21 Y94.747 E2.95085
M106 S135.15
G1 E.95085 F2400
G92 E0
G1 X107.395 Y92.193 F7800
G1 E2 F2400
M106 S255
G1 F3600
G1 X107.117 Y93.272 E2.0608
G1 X106.651 Y93.435 E2.08774
G1 X106.866 Y94.242 E2.13331
G1 X105.019 Y101.402 E2.53681
G1 X104.645 Y101.016 E2.56614
G1 X107.184 Y91.173 E3.12083
G1 X107.087 Y89.713 E3.20067
G1 X104.248 Y100.717 E3.8208
G1 X103.849 Y100.427 E3.84772
G1 X106.703 Y89.366 E4.47106
G1 X106.229 Y89.366 E4.49693
G1 X103.432 Y100.207 E5.10787
G1 X103.01 Y100.006 E5.13338
G1 X105.755 Y89.366 E5.73299
G1 X105.282 Y89.366 E5.7588
G1 X102.571 Y99.869 E6.35071
G1 X102.126 Y99.758 E6.37574
G1 X104.808 Y89.366 E6.96139
G1 X104.334 Y89.366 E6.98726
G1 X101.671 Y99.687 E7.5689
G1 X101.205 Y99.656 E7.59438
G1 X103.86 Y89.366 E8.17427
G1 X103.386 Y89.366 E8.20014
G1 X100.733 Y99.648 E8.77958
G1 X100.241 Y99.719 E8.80671
G1 X102.912 Y89.366 E9.39015
G1 X102.439 Y89.366 E9.41596
G1 X99.745 Y99.804 E10.0042
G1 X99.23 Y99.966 E10.03366
G1 X101.965 Y89.366 E10.63102
G1 X101.491 Y89.366 E10.65689
G1 X98.694 Y100.208 E11.26789
G1 X98.307 Y100.395 E11.29134
M73 Q90 S2
G1 X98.141 Y100.511 E11.30239
G1 X101.017 Y89.366 E11.93047
G1 X100.543 Y89.366 E11.95634
G1 X97.551 Y100.963 E12.60989
G1 X97.273 Y101.227 E12.63081
G1 X97.273 Y100.205 E12.68658
G1 X100.069 Y89.366 E13.2974
G1 X99.596 Y89.366 E13.32321
G1 X97.273 Y98.369 E13.83058
G1 X97.273 Y96.532 E13.93082
G1 X99.122 Y89.366 E14.33466
G1 X98.648 Y89.366 E14.36053
G1 X97.273 Y94.696 E14.6609
G1 X97.273 Y92.86 E14.76109
G1 X98.174 Y89.366 E14.95799
G1 X97.7 Y89.366 E14.98386
G1 X97.07 Y91.808 E15.12148
M106 S135.15
M106 S89.25
;LAYER_CHANGE
;Z:9.55
;HEIGHT:0.2
G1 E13.12148 F2400
G92 E0
G1 Z9.55 F7800
G1 X105.269 Y106.12
G1 E2 F2400
;TYPE:External perimeter
;WIDTH:0.449999
G1 F900
G1 X105.108 Y106.656 E2.01894
G1 X104.655 Y107.491 E2.0511
G1 X104.165 Y108.081 E2.07706
G1 X103.582 Y108.573 E2.10288
G1 X102.753 Y109.032 E2.13495
G1 X102.023 Y109.267 E2.16091
M73 P90 R2
G1 X101.081 Y109.374 E2.193
G1 X100.193 Y109.287 E2.2232
G1 X99.403 Y109.049 E2.25113
G1 X98.619 Y108.629 E2.28124
G1 X97.98 Y108.107 E2.30917
G1 X97.382 Y107.369 E2.34132
G1 X97.024 Y106.69 E2.3673
G1 X96.837 Y106.145 E2.3868
;WIDTH:0.458633
G1 X96.699 Y105.4 E2.41299
;WIDTH:0.462213
G1 X96.707 Y104.511 E2.44399
G1 X96.882 Y103.703 E2.47281
;WIDTH:0.449999
G1 X97.171 Y102.996 E2.49866
G1 X97.468 Y102.502 E2.51817
G1 X97.954 Y101.919 E2.54386
G1 X98.69 Y101.323 E2.57592
G1 X99.369 Y100.966 E2.60189
G1 X100.095 Y100.733 E2.6277
G1 X100.976 Y100.628 E2.65773
G1 X101.458 Y100.644 E2.67405
G1 X102.174 Y100.77 E2.69866
G1 X103.059 Y101.11 E2.73075
G1 X103.557 Y101.409 E2.75041
G1 X104.14 Y101.895 E2.7761
G1 X104.521 Y102.326 E2.79557
G1 X104.931 Y102.964 E2.82124
G1 X105.226 Y103.668 E2.84708
G1 X105.365 Y104.227 E2.86658
G1 X105.433 Y104.982 E2.89224
G1 X105.346 Y105.866 E2.92231
G1 X105.286 Y106.063 E2.92928
G1 X105.171 Y106.446 F7800
G1 E.92928 F2400
G92 E0
G1 X113.054 Y120.811 F7800
G1 E2 F2400
;TYPE:Perimeter
G1 F3600
G1 X97.096 Y120.811 E2.54016
G1 X97.096 Y108.313 E2.9632
G1 X97.461 Y108.734 E2.98206
G1 X98.232 Y109.345 E3.01536
G1 X99.165 Y109.827 E3.05091
G1 X100.11 Y110.096 E3.08417
G1 X101.17 Y110.183 E3.12017
G1 X102.268 Y110.043 E3.15764
G1 X103.145 Y109.746 E3.18898
G1 X104.106 Y109.197 E3.22644
G1 X104.788 Y108.604 E3.25703
G1 X105.368 Y107.882 E3.28838
G1 X105.886 Y106.895 E3.32611
G1 X106.156 Y105.949 E3.35941
G1 X106.244 Y104.911 E3.39467
G1 X106.156 Y104.033 E3.42454
G1 X105.978 Y103.356 E3.44823
G1 X105.618 Y102.527 E3.47882
G1 X105.134 Y101.789 E3.50869
G1 X104.663 Y101.271 E3.53239
G1 X103.979 Y100.713 E3.56227
G1 X103.354 Y100.351 E3.58672
G1 X102.316 Y99.968 E3.62417
G1 X101.458 Y99.827 E3.6536
G1 X100.883 Y99.819 E3.67306
G1 X99.85 Y99.957 E3.70834
G1 X98.993 Y100.243 E3.73892
G1 X98.181 Y100.688 E3.77026
G1 X97.473 Y101.256 E3.80098
G1 X97.096 Y101.675 E3.82006
G1 X97.096 Y89.189 E4.2427
G1 X113.054 Y89.189 E4.78286
G1 X113.054 Y120.751 E5.85119
G1 X113.461 Y121.218 F7800
G1 F3600
G1 X96.689 Y121.218 E6.4189
G1 X96.689 Y106.927 E6.90263
G1 X97.065 Y107.624 E6.92944
G1 X97.721 Y108.42 E6.96435
G1 X98.425 Y108.987 E6.99495
G1 X99.284 Y109.438 E7.02779
G1 X100.152 Y109.692 E7.0584
G1 X101.126 Y109.778 E7.0915
G1 X102.145 Y109.655 E7.12624
G1 X102.949 Y109.389 E7.15491
G1 X103.844 Y108.885 E7.18968
G1 X104.477 Y108.342 E7.21791
G1 X105.011 Y107.686 E7.24654
G1 X105.497 Y106.775 E7.28149
G1 X105.751 Y105.908 E7.31207
G1 X105.839 Y104.947 E7.34473
G1 X105.76 Y104.13 E7.37251
G1 X105.602 Y103.512 E7.3941
G1 X105.274 Y102.746 E7.42231
G1 X104.827 Y102.058 E7.45008
G1 X104.401 Y101.583 E7.47168
G1 X103.768 Y101.061 E7.49945
G1 X103.207 Y100.731 E7.52148
G1 X102.245 Y100.369 E7.55627
G1 X101.444 Y100.234 E7.58377
G1 X100.93 Y100.223 E7.60117
G1 X99.973 Y100.345 E7.63383
G1 X99.181 Y100.604 E7.66204
G1 X98.436 Y101.006 E7.69069
G1 X97.642 Y101.658 E7.72547
G1 X97.12 Y102.291 E7.75324
G1 X96.837 Y102.757 E7.77169
G1 X96.689 Y103.096 E7.78421
G1 X96.689 Y88.782 E8.26872
G1 X113.461 Y88.782 E8.83643
G1 X113.461 Y121.158 E9.93232
G1 X113.868 Y121.625 F7800
;TYPE:External perimeter
G1 F1800
G1 X113.193 Y121.625 E9.95517
G1 X96.282 Y121.625 E10.52759
G1 X96.282 Y106.163 E11.05096
;WIDTH:0.455541
G1 X96.285 Y105.357 E11.07861
;WIDTH:0.466842
G1 X96.29 Y104.426 E11.11143
G1 X96.282 Y103.64 E11.13914
;WIDTH:0.449999
G1 X96.282 Y88.375 E11.65584
G1 X113.193 Y88.375 E12.22826
G1 X113.868 Y88.375 E12.25111
G1 X113.868 Y121.565 E13.37455
G1 X113.473 Y121.624 F7800
G1 X112.206 Y120.691
;TYPE:Top solid infill
;WIDTH:0.403103
G1 F900
G1 X112.774 Y120.123 E13.39861
G1 X112.774 Y119.614 E13.41385
G1 X111.857 Y120.531 E13.45269
G1 X111.348 Y120.531 E13.46793
G1 X112.774 Y119.105 E13.52833
G1 X112.774 Y118.595 E13.5436
G1 X110.839 Y120.531 E13.62558
G1 X110.329 Y120.531 E13.64085
G1 X112.774 Y118.086 E13.74441
G1 X112.774 Y117.577 E13.75965
G1 X109.82 Y120.531 E13.88477
G1 X109.31 Y120.531 E13.90004
M73 Q91 S2
G1 X112.774 Y117.067 E14.04676
G1 X112.774 Y116.558 E14.062
G1 X108.801 Y120.531 E14.23028
G1 X108.292 Y120.531 E14.24552
M73 P90 R1
G1 X112.774 Y116.048 E14.43538
G1 X112.774 Y115.539 E14.45062
G1 X107.782 Y120.531 E14.66205
G1 X107.273 Y120.531 E14.67729
M73 Q91 S1
G1 X112.774 Y115.03 E14.91028
G1 X112.774 Y114.52 E14.92555
M73 P91 R1
G1 X106.764 Y120.531 E15.18012
G1 X106.254 Y120.531 E15.19539
G1 X112.774 Y114.011 E15.47154
G1 X112.774 Y113.502 E15.48678
G1 X105.836 Y120.439 E15.78062
G1 X105.836 Y119.93 E15.79586
G1 X112.774 Y112.992 E16.08972
G1 X112.774 Y112.483 E16.10496
G1 X105.836 Y119.42 E16.3988
G1 X105.836 Y118.911 E16.41404
G1 X112.774 Y111.973 E16.7079
G1 X112.774 Y111.464 E16.72314
G1 X105.836 Y118.402 E17.017
G1 X105.836 Y117.892 E17.03227
G1 X112.774 Y110.955 E17.32611
G1 X112.774 Y110.445 E17.34138
G1 X105.836 Y117.383 E17.63524
G1 X105.836 Y116.873 E17.65051
G1 X112.774 Y109.936 E17.94435
G1 X112.774 Y109.427 E17.95959
G1 X105.836 Y116.364 E18.25343
G1 X105.836 Y115.855 E18.26867
G1 X112.774 Y108.917 E18.56253
G1 X112.774 Y108.408 E18.57777
G1 X105.836 Y115.345 E18.87161
G1 X105.836 Y114.836 E18.88685
G1 X112.774 Y107.898 E19.18071
G1 X112.774 Y107.389 E19.19595
G1 X105.836 Y114.327 E19.48981
G1 X105.836 Y113.817 E19.50508
G1 X112.774 Y106.88 E19.79892
G1 X112.774 Y106.37 E19.81419
G1 X105.836 Y113.308 E20.10805
G1 X105.836 Y112.798 E20.12332
M73 Q92 S1
G1 X112.774 Y105.861 E20.41716
G1 X112.774 Y105.352 E20.4324
G1 X105.836 Y112.289 E20.72624
G1 X105.836 Y111.78 E20.74148
M73 P92 R1
G1 X112.774 Y104.842 E21.03534
G1 X112.774 Y104.333 E21.05058
G1 X105.836 Y111.27 E21.34442
G1 X105.836 Y110.761 E21.35966
G1 X112.774 Y103.823 E21.65352
G1 X112.774 Y103.314 E21.66876
G1 X105.836 Y110.252 E21.96262
G1 X105.836 Y109.742 E21.97789
G1 X112.774 Y102.805 E22.27173
G1 X112.774 Y102.295 E22.287
G1 X105.836 Y109.233 E22.58086
G1 X105.836 Y108.723 E22.59613
G1 X112.774 Y101.786 E22.88997
G1 X112.774 Y101.277 E22.90521
G1 X105.836 Y108.214 E23.19905
G1 X105.836 Y107.705 E23.21429
G1 X112.774 Y100.767 E23.50815
G1 X112.774 Y100.258 E23.52339
G1 X106.198 Y106.834 E23.80191
G1 X106.407 Y106.115 E23.82433
G1 X112.774 Y99.748 E24.094
G1 X112.774 Y99.239 E24.10924
G1 X106.477 Y105.536 E24.37595
G1 X106.527 Y104.977 E24.39276
G1 X112.774 Y98.73 E24.65735
G1 X112.774 Y98.22 E24.67262
G1 X106.488 Y104.506 E24.93886
G1 X106.436 Y104.049 E24.95264
G1 X112.774 Y97.711 E25.22108
G1 X112.774 Y97.202 E25.23632
G1 X106.342 Y103.633 E25.50872
G1 X106.297 Y103.433 E25.51486
G1 X106.222 Y103.244 E25.52095
G1 X112.774 Y96.692 E25.79846
G1 X112.774 Y96.183 E25.8137
G1 X106.078 Y102.879 E26.09731
G1 X105.928 Y102.519 E26.10899
M73 Q93 S1
G1 X112.774 Y95.673 E26.39895
G1 X112.774 Y95.164 E26.41419
G1 X105.836 Y102.101 E26.70803
G1 X105.836 Y101.592 E26.72327
M73 P93 R1
G1 X112.774 Y94.655 E27.01711
G1 X112.774 Y94.145 E27.03238
G1 X105.836 Y101.083 E27.32624
G1 X105.836 Y100.573 E27.34151
G1 X112.774 Y93.636 E27.63535
G1 X112.774 Y93.127 E27.65059
G1 X105.836 Y100.064 E27.94443
G1 X105.836 Y99.555 E27.95967
G1 X112.774 Y92.617 E28.25353
G1 X112.774 Y92.108 E28.26877
G1 X105.836 Y99.045 E28.56261
G1 X105.836 Y98.536 E28.57785
G1 X112.774 Y91.598 E28.87171
G1 X112.774 Y91.089 E28.88695
G1 X105.836 Y98.026 E29.18079
G1 X105.836 Y97.517 E29.19603
G1 X112.774 Y90.58 E29.48987
G1 X112.774 Y90.07 E29.50514
G1 X105.836 Y97.008 E29.799
G1 X105.836 Y96.498 E29.81427
G1 X112.774 Y89.561 E30.10811
G1 X112.774 Y89.469 E30.11087
G1 X112.356 Y89.469 E30.12339
G1 X105.836 Y95.989 E30.39954
G1 X105.836 Y95.48 E30.41478
G1 X111.846 Y89.469 E30.66935
G1 X111.337 Y89.469 E30.68459
G1 X105.836 Y94.97 E30.91758
G1 X105.836 Y94.461 E30.93282
G1 X110.828 Y89.469 E31.14425
G1 X110.318 Y89.469 E31.15952
G1 X105.836 Y93.951 E31.34935
G1 X105.836 Y93.442 E31.36459
G1 X109.809 Y89.469 E31.53287
G1 X109.3 Y89.469 E31.54811
G1 X105.836 Y92.933 E31.69483
G1 X105.836 Y92.423 E31.7101
G1 X108.79 Y89.469 E31.83522
G1 X108.281 Y89.469 E31.85046
G1 X105.836 Y91.914 E31.95402
G1 X105.836 Y91.405 E31.96926
M73 Q94 S1
G1 X107.771 Y89.469 E32.05124
G1 X107.262 Y89.469 E32.06648
G1 X105.836 Y90.895 E32.12688
G1 X105.836 Y90.386 E32.14212
G1 X106.753 Y89.469 E32.18096
G1 X106.243 Y89.469 E32.19623
G1 X105.676 Y90.037 E32.22027
G1 E30.22027 F2400
G92 E0
G1 X97.512 Y89.527 F7800
G1 E2 F2400
;TYPE:Solid infill
;WIDTH:0.548766
G1 F1200
G1 X97.467 Y89.483 E2.00265
G1 X97.406 Y89.499 E2.0053
G1 X97.39 Y89.56 E2.00795
G1 X97.434 Y89.605 E2.0106
G1 X97.495 Y89.589 E2.01325
G1 X97.269 Y90.384 F7800
;WIDTH:0.38292
G1 F1200
G1 X97.197 Y90.365 E2.01536
G1 X97.217 Y90.436 E2.01745
G1 X97.258 Y90.425 E2.01865
;WIDTH:0.41646
G1 X97.329 Y90.332 E2.02228
;WIDTH:0.449999
G1 X97.401 Y90.239 E2.02626
G1 X98.146 Y89.494 E2.06192
G1 X98.239 Y89.423 E2.06588
;WIDTH:0.41646
G1 X98.332 Y89.351 E2.06953
;WIDTH:0.38292
G1 X98.291 Y89.362 E2.07073
G1 X98.272 Y89.291 E2.07281
G1 X98.343 Y89.31 E2.07489
;WIDTH:0.449999
G1 X98.721 Y89.494 E2.08912
G1 X97.401 Y90.814 E2.15231
G1 X97.401 Y91.39 E2.17181
M73 P94 R1
G1 X99.297 Y89.494 E2.26257
G1 X99.873 Y89.494 E2.28207
G1 X97.401 Y91.966 E2.4004
G1 X97.401 Y92.542 E2.4199
G1 X100.448 Y89.494 E2.56578
G1 X101.024 Y89.494 E2.58528
G1 X97.401 Y93.117 E2.75871
G1 X97.401 Y93.693 E2.77821
G1 X101.6 Y89.494 E2.97921
G1 X102.175 Y89.494 E2.99867
G1 X97.401 Y94.269 E3.22722
G1 X97.401 Y94.844 E3.24668
G1 X102.751 Y89.494 E3.50278
G1 X103.327 Y89.494 E3.52228
G1 X97.401 Y95.42 E3.80595
G1 X97.401 Y95.996 E3.82545
G1 X103.903 Y89.494 E4.1367
G1 X104.478 Y89.494 E4.15616
G1 X97.401 Y96.571 E4.49493
G1 X97.401 Y97.147 E4.51443
G1 X105.054 Y89.494 E4.88077
G1 X105.596 Y89.383 E4.8995
;WIDTH:0.38292
G1 X105.525 Y89.364 E4.90158
G1 X105.544 Y89.435 E4.90366
G1 X105.585 Y89.424 E4.90486
;WIDTH:0.41646
G1 X105.519 Y89.547 E4.9092
;WIDTH:0.449999
G1 X105.454 Y89.67 E4.91391
G1 X97.401 Y97.723 E5.2994
G1 X97.401 Y98.299 E5.3189
G1 X105.454 Y90.246 E5.70439
G1 X105.454 Y90.821 E5.72385
G1 X97.401 Y98.874 E6.10934
G1 X97.401 Y99.45 E6.12884
G1 X105.454 Y91.397 E6.51433
G1 X105.454 Y91.973 E6.53383
G1 X97.401 Y100.026 E6.91932
G1 X97.401 Y100.601 E6.93878
G1 X105.454 Y92.548 E7.32427
G1 X105.454 Y93.124 E7.34377
G1 X98.339 Y100.24 E7.68438
G1 X98.195 Y100.352 E7.69055
;WIDTH:0.41646
G1 X98.051 Y100.464 E7.69622
;WIDTH:0.38292
G1 X97.484 Y100.972 E7.71774
G1 X97.351 Y101.034 E7.72189
G1 E5.72189 F2400
G92 E0
G1 X99.54 Y99.906 F7800
G1 E2 F2400
G1 F1200
G1 X99.234 Y99.988 E2.00896
G1 X99.078 Y99.966 E2.01341
;WIDTH:0.41646
G1 X99.221 Y99.878 E2.01863
;WIDTH:0.449999
G1 X99.364 Y99.79 E2.02431
G1 X105.454 Y93.7 E2.31583
G1 X105.454 Y94.275 E2.33529
G1 X100.131 Y99.598 E2.5901
G1 X100.782 Y99.523 E2.61228
G1 X105.454 Y94.851 E2.83593
G1 X105.454 Y95.427 E2.85543
G1 X101.357 Y99.524 E3.05155
G1 X101.874 Y99.582 E3.06916
G1 X105.454 Y96.003 E3.24051
G1 X105.454 Y96.578 E3.25997
G1 X102.361 Y99.672 E3.40805
G1 X102.797 Y99.811 E3.42354
G1 X105.454 Y97.154 E3.55073
G1 X105.669 Y97.562 E3.56634
;WIDTH:0.38292
G1 X105.598 Y97.543 E3.56842
G1 X105.617 Y97.614 E3.5705
G1 X105.658 Y97.603 E3.5717
;WIDTH:0.41646
G1 X105.556 Y97.667 E3.57544
;WIDTH:0.449999
G1 X105.454 Y97.73 E3.5795
G1 X103.213 Y99.971 E3.68678
G1 E1.68678 F2400
G92 E0
G1 X105.31 Y98.449 F7800
G1 E2 F2400
G1 F1200
G1 X103.617 Y100.143 E2.08107
G1 X104.132 Y100.448 E2.10133
G1 X104.852 Y101.031 E2.13269
G1 X105.356 Y101.581 E2.15794
G1 X105.454 Y101.719 E2.16367
G1 X105.454 Y98.305 E2.27923
G1 X104.996 Y99.41 F7800
;WIDTH:0.551374
G1 F1200
G1 X104.996 Y100.559 E2.32781
G1 X104.357 Y100.05 E2.36235
G1 X104.853 Y99.554 E2.39201
G1 E.39201 F2400
G92 E0
G1 X97.401 Y109.076 F7800
M73 Q95 S1
G1 E2 F2400
;WIDTH:0.449999
G1 F1200
G1 X97.899 Y109.487 E2.02186
G1 X98.843 Y110.023 E2.0586
G1 X99.818 Y110.346 E2.09337
G1 X100.162 Y110.396 E2.10514
G1 X97.401 Y113.157 E2.23731
G1 X97.401 Y109.28 E2.36854
G1 X97.808 Y109.904 E2.39376
G1 X98.734 Y110.416 E2.42958
G1 X99.36 Y110.623 E2.4519
G1 X97.808 Y112.174 E2.52617
G1 X97.808 Y110.108 E2.5961
G1 X98.185 Y110.551 E2.61579
M73 P95 R1
;WIDTH:0.388879
G1 X98.662 Y110.789 E2.63112
G1 X98.185 Y111.265 E2.65051
G1 X98.185 Y110.754 E2.66521
G1 E.66521 F2400
G92 E0
G1 X100.673 Y110.462 F7800
G1 E2 F2400
;WIDTH:0.449999
G1 F1200
G1 X97.335 Y113.806 E2.15993
;WIDTH:0.41646
G1 X97.269 Y113.878 E2.16296
;WIDTH:0.38292
G1 X97.197 Y113.859 E2.16507
G1 X97.217 Y113.93 E2.16716
G1 X97.258 Y113.919 E2.16836
;WIDTH:0.449999
G1 X97.401 Y114.309 E2.18242
G1 X101.226 Y110.484 E2.36552
G1 X101.877 Y110.409 E2.3877
G1 X97.401 Y114.884 E2.60194
G1 X97.401 Y115.46 E2.62144
G1 X102.613 Y110.248 E2.87094
G1 X102.756 Y110.161 E2.87661
;WIDTH:0.41646
G1 X102.898 Y110.073 E2.8818
;WIDTH:0.38292
G1 X102.81 Y110.051 E2.88436
G1 X102.648 Y110.077 E2.889
G1 E.889 F2400
G92 E0
G1 X105.504 Y108.125 F7800
G1 E2 F2400
G1 F1200
G1 X105.385 Y108.202 E2.00401
G1 X104.768 Y108.862 E2.02955
G1 X103.879 Y109.627 E2.06271
;WIDTH:0.41646
G1 X103.735 Y109.736 E2.06832
;WIDTH:0.449999
G1 X103.591 Y109.846 E2.07445
G1 X97.401 Y116.036 E2.37076
G1 X97.401 Y116.611 E2.39022
G1 X105.454 Y108.558 E2.77571
G1 X105.454 Y109.134 E2.79521
G1 X97.401 Y117.187 E3.1807
G1 X97.401 Y117.763 E3.2002
G1 X105.454 Y109.71 E3.58569
G1 X105.454 Y110.286 E3.60519
G1 X97.401 Y118.339 E3.99068
G1 X97.401 Y118.914 E4.01014
G1 X105.454 Y110.861 E4.39563
G1 X105.454 Y111.437 E4.41513
G1 X97.401 Y119.49 E4.80062
G1 X97.401 Y120.066 E4.82012
M73 P95 R0
G1 X105.454 Y112.013 E5.20561
G1 X105.454 Y112.588 E5.22507
M73 Q95 S0
G1 X97.537 Y120.506 E5.60408
G1 X97.433 Y120.556 E5.60799
;WIDTH:0.41646
G1 X97.33 Y120.607 E5.61156
;WIDTH:0.38292
G1 X97.258 Y120.588 E5.61367
G1 X97.278 Y120.659 E5.61576
G1 X97.319 Y120.648 E5.61696
;WIDTH:0.449999
G1 X98.113 Y120.506 E5.64426
G1 X105.454 Y113.164 E5.99569
G1 X105.454 Y113.74 E6.01519
G1 X98.688 Y120.506 E6.33907
G1 X99.264 Y120.506 E6.35857
G1 X105.454 Y114.315 E6.65491
G1 X105.454 Y114.891 E6.67441
G1 X99.84 Y120.506 E6.94317
G1 X100.416 Y120.506 E6.96267
G1 X105.454 Y115.467 E7.20386
G1 X105.454 Y116.043 E7.22336
G1 X100.991 Y120.506 E7.437
G1 X101.567 Y120.506 E7.4565
G1 X105.454 Y116.618 E7.64259
G1 X105.454 Y117.194 E7.66209
G1 X102.143 Y120.506 E7.82061
G1 X102.718 Y120.506 E7.84007
G1 X105.454 Y117.77 E7.97104
G1 X105.454 Y118.345 E7.9905
G1 X103.294 Y120.506 E8.09392
G1 X103.236 Y120.587 E8.09729
;WIDTH:0.41646
G1 X103.179 Y120.668 E8.10037
;WIDTH:0.38292
G1 X103.108 Y120.649 E8.10245
G1 X103.127 Y120.72 E8.10453
G1 X103.168 Y120.709 E8.10573
G1 E6.10573 F2400
G92 E0
G1 X105.31 Y119.065 F7800
G1 E2 F2400
;WIDTH:0.449999
G1 F1200
G1 X103.87 Y120.506 E2.06896
G1 X105.454 Y120.506 E2.12258
G1 X105.454 Y118.921 E2.17623
G1 X105.053 Y120.025 F7800
;WIDTH:0.564032
G1 F1200
G1 X105.007 Y119.979 E2.17905
G1 X104.944 Y119.995 E2.18187
G1 X104.927 Y120.058 E2.1847
G1 X104.973 Y120.104 E2.18752
G1 X105.036 Y120.087 E2.19035
M106 S119.85
;LAYER_CHANGE
;Z:9.75
;HEIGHT:0.2
G1 E.19035 F2400
G92 E0
G1 Z9.75 F7800
G1 X113.069 Y120.626
G1 E2 F2400
;TYPE:Perimeter
;WIDTH:0.420204
G1 F3600
G1 X112.692 Y120.626 E2.01183
G1 X112.692 Y89.374 E2.99225
G1 X113.069 Y89.374 E3.00408
M73 Q96 S0
G1 X113.069 Y120.566 E3.98261
G1 X113.461 Y121.018 F7800
M73 P96 R0
;WIDTH:0.449999
G1 F3600
G1 X112.299 Y121.018 E4.02194
G1 X112.299 Y88.982 E5.10632
G1 X113.461 Y88.982 E5.14565
G1 X113.461 Y120.958 E6.228
G1 X113.868 Y121.425 F7800
;TYPE:External perimeter
G1 F1800
G1 X111.892 Y121.425 E6.29489
G1 X111.892 Y120.95 E6.31097
G1 X111.892 Y89.05 E7.39075
G1 X111.892 Y88.575 E7.40683
G1 X113.868 Y88.575 E7.47372
G1 X113.868 Y121.365 E8.58362
G1 X113.473 Y121.424 F7800
G1 E6.58362 F2400
G92 E0
G1 X96.537 Y105.991 F7800
G1 E2 F2400
;WIDTH:0.559748
G1 F900
G1 X96.52 Y105.733 E2.01111
;WIDTH:0.525891
G1 X96.503 Y105.475 E2.02149
;WIDTH:0.492034
G1 X96.486 Y105.218 E2.03111
;WIDTH:0.497932
G1 X96.506 Y104.366 E2.06335
;WIDTH:0.50454
G1 X96.509 Y104.321 E2.06508
G1 X96.51 Y104.721 F7800
G1 E.06508 F2400
G92 E0
G1 X106.664 Y89.389 F7800
G1 E2 F2400
;TYPE:Perimeter
;WIDTH:0.449999
G1 F3600
G1 X106.664 Y102.714 E2.45103
G1 X106.683 Y103.9 E2.49118
;WIDTH:0.411172
G1 X106.697 Y104.367 E2.50549
;WIDTH:0.38384
G1 X106.711 Y104.834 E2.51873
;WIDTH:0.371282
G1 X106.703 Y105.579 E2.53907
;WIDTH:0.407992
G1 X106.685 Y106.071 E2.55402
;WIDTH:0.444701
G1 X106.667 Y106.563 E2.57047
;WIDTH:0.449999
G1 X106.664 Y107.378 E2.59806
G1 X106.664 Y120.611 E3.04598
G1 X97.296 Y120.611 E3.36308
G1 X97.296 Y108.833 E3.76175
G1 X97.865 Y109.335 E3.78743
G1 X98.81 Y109.892 E3.82456
G1 X99.768 Y110.228 E3.85892
G1 X100.853 Y110.381 E3.89601
G1 X101.85 Y110.328 E3.9298
G1 X102.743 Y110.118 E3.96085
G1 X103.43 Y109.835 E3.986
G1 X104.36 Y109.254 E4.02312
G1 X105.089 Y108.573 E4.05689
G1 X105.636 Y107.842 E4.08779
G1 X105.952 Y107.25 E4.1105
G1 X106.278 Y106.307 E4.14427
;WIDTH:0.437964
G1 X106.333 Y105.855 E4.15923
;WIDTH:0.400352
G1 X106.388 Y105.402 E4.17279
;WIDTH:0.36274
G1 X106.391 Y104.683 E4.19191
;WIDTH:0.397646
G1 X106.337 Y104.206 E4.20607
;WIDTH:0.434074
G1 X106.283 Y103.729 E4.22168
;WIDTH:0.449999
G1 X105.891 Y102.625 E4.26133
G1 X105.278 Y101.651 E4.30028
G1 X104.632 Y100.97 E4.33205
G1 X103.901 Y100.423 E4.36295
G1 X103.309 Y100.108 E4.38565
G1 X102.367 Y99.775 E4.41947
G1 X101.467 Y99.628 E4.45034
G1 X100.795 Y99.622 E4.47309
G1 X99.832 Y99.754 E4.50599
G1 X99.19 Y99.95 E4.52871
G1 X98.272 Y100.393 E4.56321
G1 X97.504 Y100.956 E4.59544
G1 X97.296 Y101.154 E4.60516
G1 X97.296 Y89.389 E5.00339
G1 X106.604 Y89.389 E5.31845
G1 X107.071 Y88.982 F7800
G1 F3600
G1 X107.071 Y121.018 E6.40283
G1 X96.889 Y121.018 E6.74748
G1 X96.889 Y107.708 E7.19801
G1 X97 Y107.888 E7.20517
G1 X97.386 Y108.361 E7.22584
G1 X98.078 Y108.989 E7.25747
G1 X98.951 Y109.511 E7.2919
G1 X99.832 Y109.826 E7.32357
G1 X100.838 Y109.974 E7.35799
G1 X101.762 Y109.93 E7.3893
G1 X102.595 Y109.738 E7.41824
G1 X103.22 Y109.486 E7.44105
G1 X104.087 Y108.952 E7.47552
G1 X104.766 Y108.325 E7.5068
G1 X105.28 Y107.645 E7.53565
G1 X105.57 Y107.108 E7.55631
G1 X105.883 Y106.237 E7.58764
G1 X106.024 Y105.394 E7.61657
G1 X106.032 Y104.73 E7.63905
G1 X105.905 Y103.858 E7.66888
G1 X105.543 Y102.836 E7.70558
G1 X104.978 Y101.926 E7.74184
G1 X104.384 Y101.293 E7.77122
G1 X103.704 Y100.779 E7.80007
G1 X103.167 Y100.489 E7.82073
G1 X102.296 Y100.176 E7.85206
G1 X101.456 Y100.035 E7.88089
G1 X100.846 Y100.026 E7.90154
G1 X99.944 Y100.145 E7.93234
G1 X99.36 Y100.32 E7.95298
G1 X98.512 Y100.722 E7.98475
G1 X97.656 Y101.364 E8.02097
G1 X97.141 Y101.926 E8.04677
G1 X96.889 Y102.288 E8.0617
G1 X96.889 Y88.982 E8.51209
G1 X107.011 Y88.982 E8.85471
G1 X107.478 Y88.575 F7800
;TYPE:External perimeter
G1 F1800
G1 X107.478 Y89.05 E8.87079
G1 X107.478 Y120.95 E9.95057
G1 X107.478 Y121.425 E9.96665
G1 X96.482 Y121.425 E10.33885
G1 X96.482 Y106.982 E10.82773
;WIDTH:0.486582
G1 X96.5 Y106.652 E10.83992
;WIDTH:0.523165
G1 X96.518 Y106.321 E10.85316
;WIDTH:0.559748
G1 X96.537 Y105.991 E10.86737
G1 X96.552 Y106.027 E10.86905
;WIDTH:0.548679
G1 X96.736 Y106.488 E10.88992
;WIDTH:0.499339
G1 X96.921 Y106.949 E10.90877
;WIDTH:0.449999
G1 X97.319 Y107.634 E10.93559
G1 X97.663 Y108.063 E10.9542
G1 X98.291 Y108.642 E10.98311
G1 X99.093 Y109.129 E11.01487
G1 X99.896 Y109.424 E11.04383
G1 X100.823 Y109.567 E11.07558
G1 X101.674 Y109.533 E11.10441
G1 X102.448 Y109.359 E11.13126
G1 X103.011 Y109.137 E11.15174
G1 X103.814 Y108.65 E11.18353
G1 X104.444 Y108.077 E11.21236
G1 X104.924 Y107.447 E11.23917
G1 X105.188 Y106.966 E11.25774
G1 X105.482 Y106.167 E11.28656
G1 X105.617 Y105.385 E11.31342
G1 X105.628 Y104.783 E11.3338
G1 X105.52 Y103.988 E11.36096
G1 X105.195 Y103.047 E11.39466
G1 X104.677 Y102.201 E11.42824
G1 X104.136 Y101.616 E11.45521
G1 X103.506 Y101.135 E11.48204
G1 X103.025 Y100.871 E11.50061
G1 X102.226 Y100.577 E11.52943
G1 X101.445 Y100.442 E11.55626
G1 X100.896 Y100.43 E11.57485
G1 X100.057 Y100.537 E11.60348
G1 X99.529 Y100.69 E11.62209
G1 X98.753 Y101.05 E11.65105
G1 X97.956 Y101.639 E11.68459
G1 X97.422 Y102.225 E11.71143
G1 X97.117 Y102.682 E11.73003
G1 X96.754 Y103.455 E11.75894
;WIDTH:0.47727
G1 X96.631 Y103.888 E11.7752
;WIDTH:0.50454
G1 X96.509 Y104.321 E11.79247
G1 X96.495 Y103.872 E11.80971
;WIDTH:0.47727
G1 X96.482 Y103.422 E11.82597
;WIDTH:0.449999
G1 X96.482 Y88.575 E12.32852
G1 X107.418 Y88.575 E12.69869
G1 X107.477 Y88.971 F7800
M73 Q97 S0
G1 X105.808 Y89.509
;TYPE:Top solid infill
;WIDTH:0.406752
G1 F900
G1 X106.384 Y90.084 E12.72331
G1 X106.384 Y90.599 E12.73889
G1 X105.454 Y89.669 E12.77868
G1 X104.94 Y89.669 E12.79423
G1 X106.384 Y91.113 E12.85601
G1 X106.384 Y91.628 E12.87159
G1 X104.425 Y89.669 E12.9554
G1 X103.911 Y89.669 E12.97095
G1 X106.384 Y92.142 E13.07675
G1 X106.384 Y92.657 E13.09233
M73 P97 R0
G1 X103.396 Y89.669 E13.22017
G1 X102.882 Y89.669 E13.23572
G1 X106.384 Y93.171 E13.38555
G1 X106.384 Y93.686 E13.40113
G1 X102.367 Y89.669 E13.57299
G1 X101.853 Y89.669 E13.58854
G1 X106.384 Y94.201 E13.78242
G1 X106.384 Y94.715 E13.79797
G1 X101.338 Y89.669 E14.01386
G1 X100.823 Y89.669 E14.02944
G1 X106.384 Y95.23 E14.26736
G1 X106.384 Y95.744 E14.28291
G1 X100.309 Y89.669 E14.54282
G1 X99.794 Y89.669 E14.5584
G1 X106.384 Y96.259 E14.84035
G1 X106.384 Y96.773 E14.8559
G1 X99.28 Y89.669 E15.15984
G1 X98.765 Y89.669 E15.17542
G1 X106.384 Y97.288 E15.50139
G1 X106.384 Y97.802 E15.51694
G1 X98.251 Y89.669 E15.8649
G1 X97.736 Y89.669 E15.88048
G1 X106.384 Y98.317 E16.25047
G1 X106.384 Y98.831 E16.26602
G1 X97.576 Y90.024 E16.64284
G1 X97.576 Y90.539 E16.65842
G1 X106.384 Y99.346 E17.03524
G1 X106.384 Y99.86 E17.05079
G1 X97.576 Y91.053 E17.42761
G1 X97.576 Y91.568 E17.44319
G1 X106.384 Y100.375 E17.82001
G1 X106.384 Y100.89 E17.83559
G1 X97.576 Y92.082 E18.21243
G1 X97.576 Y92.597 E18.22801
G1 X106.384 Y101.404 E18.60483
G1 X106.384 Y101.919 E18.62041
G1 X97.576 Y93.111 E18.99725
G1 X97.576 Y93.626 E19.01283
M73 P98 R0
M73 Q98 S0
G1 X106.544 Y102.594 E19.39652
G1 X105.985 Y102.549 F7800
G1 F900
G1 X106.486 Y103.05 E19.41795
G1 E17.41795 F2400
G92 E0
G1 X103.502 Y100.066 F7800
G1 E2 F2400
G1 F900
G1 X97.576 Y94.14 E2.25354
G1 X97.576 Y94.655 E2.26912
G1 X102.422 Y99.501 E2.47645
G1 X101.8 Y99.394 E2.49554
G1 X97.576 Y95.169 E2.67628
G1 X97.576 Y95.684 E2.69186
G1 X101.235 Y99.343 E2.84841
G1 X100.95 Y99.334 E2.85704
G1 X100.735 Y99.358 E2.86358
G1 X97.576 Y96.198 E2.99876
G1 X97.576 Y96.713 E3.01434
G1 X100.272 Y99.409 E3.12969
G1 X99.82 Y99.471 E3.14349
G1 X97.576 Y97.228 E3.23948
G1 X97.576 Y97.742 E3.25503
G1 X99.421 Y99.587 E3.33397
G1 X99.033 Y99.713 E3.34631
G1 X97.576 Y98.257 E3.40862
G1 X97.576 Y98.771 E3.42417
G1 X98.68 Y99.875 E3.4714
G1 X98.327 Y100.037 E3.48315
G1 X97.576 Y99.286 E3.51528
G1 X97.576 Y99.8 E3.53083
G1 X98.012 Y100.236 E3.54948
G1 X97.715 Y100.454 E3.56063
G1 X97.416 Y100.154 E3.57344
G1 E1.57344 F2400
G92 E0
G1 X106.549 Y107.656 F7800
G1 E2 F2400
;WIDTH:0.400607
G1 F900
G1 X106.212 Y107.319 E2.01417
G1 X106.135 Y107.52 E2.02057
G1 X106.052 Y107.664 E2.02551
G1 X106.388 Y108.001 E2.03966
G1 X106.388 Y108.507 E2.05471
G1 X105.866 Y107.985 E2.07667
G1 X105.662 Y108.287 E2.08751
G1 X106.388 Y109.013 E2.11805
G1 X106.388 Y109.518 E2.13307
G1 X105.443 Y108.573 E2.17282
G1 X105.214 Y108.85 E2.18351
G1 X106.388 Y110.024 E2.23289
G1 X106.387 Y110.53 E2.24794
G1 X104.954 Y109.096 E2.30823
G1 X104.688 Y109.336 E2.31889
G1 X106.387 Y111.035 E2.39035
G1 X106.387 Y111.541 E2.4054
G1 X104.411 Y109.565 E2.48851
G1 X104.1 Y109.76 E2.49943
G1 X106.387 Y112.047 E2.59562
G1 X106.387 Y112.552 E2.61064
G1 X103.784 Y109.949 E2.72013
G1 X103.46 Y110.131 E2.73118
G1 X106.386 Y113.058 E2.85427
G1 X106.386 Y113.564 E2.86932
G1 X103.102 Y110.279 E3.00747
G1 X102.725 Y110.408 E3.01932
G1 X106.386 Y114.069 E3.17331
G1 X106.386 Y114.575 E3.18836
G1 X102.316 Y110.505 E3.35955
G1 X101.907 Y110.602 E3.37205
G1 X106.386 Y115.08 E3.56042
G1 X106.385 Y115.586 E3.57547
G1 X101.439 Y110.64 E3.7835
G1 X100.951 Y110.658 E3.79802
G1 X106.385 Y116.092 E4.02658
G1 X106.385 Y116.597 E4.0416
G1 X100.4 Y110.612 E4.29334
G1 X99.798 Y110.516 E4.31147
G1 X106.385 Y117.103 E4.58853
G1 X106.385 Y117.609 E4.60358
G1 X99.061 Y110.285 E4.91164
G1 X98.708 Y110.154 E4.92284
G1 X98.488 Y110.047 E4.93012
G1 X98.044 Y109.774 E4.94562
G1 X106.385 Y118.114 E5.29643
G1 X106.384 Y118.62 E5.31148
G1 X97.576 Y109.812 E5.68196
G1 X97.576 Y110.318 E5.69701
M73 P99 R0
M73 Q99 S0
G1 X106.384 Y119.126 E6.06749
G1 X106.384 Y119.631 E6.08251
G1 X97.576 Y110.824 E6.45296
G1 X97.576 Y111.33 E6.46801
G1 X106.384 Y120.137 E6.83846
G1 X106.384 Y120.331 E6.84423
G1 X106.071 Y120.331 E6.85354
G1 X97.576 Y111.835 E7.21087
G1 X97.576 Y112.341 E7.22592
G1 X105.566 Y120.331 E7.56199
G1 X105.06 Y120.331 E7.57704
G1 X97.576 Y112.847 E7.89183
G1 X97.576 Y113.353 E7.90688
G1 X104.554 Y120.331 E8.20038
G1 X104.048 Y120.331 E8.21543
G1 X97.576 Y113.859 E8.48765
G1 X97.576 Y114.365 E8.5027
G1 X103.542 Y120.331 E8.75364
G1 X103.036 Y120.331 E8.76869
G1 X97.576 Y114.87 E8.99837
G1 X97.576 Y115.376 E9.01342
G1 X102.531 Y120.331 E9.22183
G1 X102.025 Y120.331 E9.23688
G1 X97.576 Y115.882 E9.42401
G1 X97.576 Y116.388 E9.43906
G1 X101.519 Y120.331 E9.60491
G1 X101.013 Y120.331 E9.61996
G1 X97.576 Y116.894 E9.76452
G1 X97.576 Y117.4 E9.77957
G1 X100.507 Y120.331 E9.90285
G1 X100.001 Y120.331 E9.9179
G1 X97.576 Y117.906 E10.0199
G1 X97.576 Y118.411 E10.03492
G1 X99.495 Y120.331 E10.11566
G1 X98.99 Y120.331 E10.13068
G1 X97.576 Y118.917 E10.19015
G1 X97.576 Y119.423 E10.2052
G1 X98.484 Y120.331 E10.24339
G1 X97.978 Y120.331 E10.25844
G1 X97.416 Y119.768 E10.2821
; stop printing object BOT_MID_BODY_SUP.stl id:0 copy 0
G1 E8.2821 F2400
G92 E0
M107
;TYPE:Custom
; Filament-specific end gcode 
;END gcode for filament
#M104 S0 ; turn off temperature
G00 Z100; Z Axis to safe point
G00 Y100; Y Axis to Front
G28 X0  ; home X axis
M84     ; disable motors
M73 P100 R0
M73 Q100 S0
; objects_info = {"objects":[{"name":"BOT_MID_BODY_SUP.stl id:0 copy 0","polygon":[[114.093,122.000],[95.907,122.000],[95.907,88.000],[114.093,88.000]]}]}
; filament used [mm] = 1345.99
; filament used [cm3] = 3.24
; filament used [g] = 3.98
; filament cost = 39.82
; total filament used [g] = 3.98
; total filament cost = 39.82
; total filament used for wipe tower [g] = 0.00
; estimated printing time (normal mode) = 21m 50s
; estimated printing time (silent mode) = 22m 23s
; estimated first layer printing time (normal mode) = 50s
; estimated first layer printing time (silent mode) = 51s

; prusaslicer_config = begin
; arc_fitting = disabled
; autoemit_temperature_commands = 1
; automatic_extrusion_widths = 0
; automatic_infill_combination = 1
; automatic_infill_combination_max_layer_height = 100%
; avoid_crossing_curled_overhangs = 0
; avoid_crossing_perimeters = 0
; avoid_crossing_perimeters_max_detour = 0
; bed_custom_model = 
; bed_custom_texture = 
; bed_shape = 0x0,210x0,210x210,0x210
; bed_temperature = 60
; bed_temperature_extruder = 0
; before_layer_gcode = 
; between_objects_gcode = 
; binary_gcode = 0
; bottom_fill_pattern = monotonic
; bottom_solid_layers = 3
; bottom_solid_min_thickness = 0
; bridge_acceleration = 0
; bridge_angle = 0
; bridge_fan_speed = 100
; bridge_flow_ratio = 1
; bridge_speed = 60
; brim_separation = 0
; brim_type = outer_only
; brim_width = 0
; chamber_minimal_temperature = 0
; chamber_temperature = 0
; color_change_gcode = M600
; colorprint_heights = 
; complete_objects = 1
; cooling = 1
; cooling_perimeter_transition_distance = 0
; cooling_slowdown_logic = uniform_cooling
; cooling_tube_length = 5
; cooling_tube_retraction = 91.5
; custom_parameters_filament = ""
; custom_parameters_print = 
; custom_parameters_printer = 
; default_acceleration = 0
; default_filament_profile = 
; default_print_profile = 
; deretract_speed = 0
; disable_fan_first_layers = 3
; dont_support_bridges = 1
; draft_shield = disabled
; duplicate_distance = 6
; elefant_foot_compensation = 0
; enable_dynamic_fan_speeds = 1
; enable_dynamic_overhang_speeds = 0
; end_filament_gcode = "; Filament-specific end gcode \n;END gcode for filament\n"
; end_gcode = #M104 S0 ; turn off temperature\nG00 Z100; Z Axis to safe point\nG00 Y100; Y Axis to Front\nG28 X0  ; home X axis\nM84     ; disable motors\n
; ensure_vertical_shell_thickness = enabled
; external_perimeter_acceleration = 0
; external_perimeter_extrusion_width = 0
; external_perimeter_speed = 50%
; external_perimeters_first = 0
; extra_loading_move = -2
; extra_perimeters = 1
; extra_perimeters_on_overhangs = 0
; extruder_clearance_height = 20
; extruder_clearance_radius = 25
; extruder_colour = #FF0000
; extruder_offset = 0x0
; extrusion_axis = E
; extrusion_multiplier = 1
; extrusion_width = 0
; fan_always_on = 1
; fan_below_layer_time = 60
; filament_abrasive = 0
; filament_colour = #FF0000
; filament_cooling_final_speed = 3.4
; filament_cooling_initial_speed = 2.2
; filament_cooling_moves = 4
; filament_cost = 10000
; filament_density = 1.23
; filament_deretract_speed = nil
; filament_diameter = 1.75
; filament_infill_max_crossing_speed = 0
; filament_infill_max_speed = 0
; filament_load_time = 0
; filament_loading_speed = 28
; filament_loading_speed_start = 3
; filament_max_volumetric_speed = 0
; filament_minimal_purge_on_wipe_tower = 15
; filament_multitool_ramming = 0
; filament_multitool_ramming_flow = 10
; filament_multitool_ramming_volume = 10
; filament_notes = ""
; filament_purge_multiplier = 100%
; filament_ramming_parameters = "120 100 6.6 6.8 7.2 7.6 7.9 8.2 8.7 9.4 9.9 10.0| 0.05 6.6 0.45 6.8 0.95 7.8 1.45 8.3 1.95 9.7 2.45 10 2.95 7.6 3.45 7.6 3.95 7.6 4.45 7.6 4.95 7.6"
; filament_retract_before_travel = nil
; filament_retract_before_wipe = nil
; filament_retract_layer_change = nil
; filament_retract_length = nil
; filament_retract_length_toolchange = nil
; filament_retract_lift = nil
; filament_retract_lift_above = nil
; filament_retract_lift_below = nil
; filament_retract_restart_extra = nil
; filament_retract_restart_extra_toolchange = nil
; filament_retract_speed = nil
; filament_seam_gap_distance = nil
; filament_settings_id = "PLA Local"
; filament_shrinkage_compensation_xy = 0%
; filament_shrinkage_compensation_z = 0%
; filament_soluble = 0
; filament_spool_weight = 1000
; filament_stamping_distance = 0
; filament_stamping_loading_speed = 20
; filament_toolchange_delay = 0
; filament_travel_lift_before_obstacle = nil
; filament_travel_max_lift = nil
; filament_travel_ramping_lift = nil
; filament_travel_slope = nil
; filament_type = PLA
; filament_unload_time = 0
; filament_unloading_speed = 90
; filament_unloading_speed_start = 100
; filament_vendor = (Unknown)
; filament_wipe = nil
; fill_angle = 45
; fill_density = 20%
; fill_pattern = gyroid
; first_layer_acceleration = 0
; first_layer_acceleration_over_raft = 0
; first_layer_bed_temperature = 60
; first_layer_extrusion_width = 200%
; first_layer_height = 0.25
; first_layer_infill_speed = 0
; first_layer_speed = 30
; first_layer_speed_over_raft = 30
; first_layer_temperature = 180
; full_fan_speed_layer = 0
; fuzzy_skin = none
; fuzzy_skin_point_dist = 0.8
; fuzzy_skin_thickness = 0.3
; gap_fill_enabled = 1
; gap_fill_speed = 20
; gcode_comments = 0
; gcode_flavor = marlin
; gcode_label_objects = octoprint
; gcode_resolution = 0.0125
; gcode_substitutions = 
; high_current_on_filament_swap = 0
; host_type = prusalink
; idle_temperature = nil
; infill_acceleration = 0
; infill_anchor = 600%
; infill_anchor_max = 50
; infill_every_layers = 1
; infill_extruder = 1
; infill_extrusion_width = 0
; infill_first = 0
; infill_overlap = 25%
; infill_speed = 80
; interface_shells = 0
; interlocking_beam = 0
; interlocking_beam_layer_count = 2
; interlocking_beam_width = 0.8
; interlocking_boundary_avoidance = 2
; interlocking_depth = 2
; interlocking_orientation = 22.5
; ironing = 0
; ironing_flowrate = 15%
; ironing_spacing = 0.1
; ironing_speed = 15
; ironing_type = top
; layer_gcode = 
; layer_height = 0.2
; machine_limits_usage = time_estimate_only
; machine_max_acceleration_e = 10000,5000
; machine_max_acceleration_extruding = 1500,1250
; machine_max_acceleration_retracting = 1500,1250
; machine_max_acceleration_travel = 1500,1250
; machine_max_acceleration_x = 9000,1000
; machine_max_acceleration_y = 9000,1000
; machine_max_acceleration_z = 500,200
; machine_max_feedrate_e = 120,120
; machine_max_feedrate_x = 500,200
; machine_max_feedrate_y = 500,200
; machine_max_feedrate_z = 12,12
; machine_max_jerk_e = 2.5,2.5
; machine_max_jerk_x = 10,10
; machine_max_jerk_y = 10,10
; machine_max_jerk_z = 0.2,0.4
; machine_max_junction_deviation = 0,0
; machine_min_extruding_rate = 0,0
; machine_min_travel_rate = 0,0
; max_fan_speed = 100
; max_layer_height = 0
; max_print_height = 200
; max_print_speed = 80
; max_volumetric_extrusion_rate_slope_negative = 0
; max_volumetric_extrusion_rate_slope_positive = 0
; max_volumetric_speed = 0
; min_bead_width = 85%
; min_fan_speed = 35
; min_feature_size = 25%
; min_layer_height = 0.05
; min_print_speed = 10
; min_skirt_length = 0
; mmu_segmented_region_interlocking_depth = 0
; mmu_segmented_region_max_width = 0
; multimaterial_purging = 140
; notes = 
; nozzle_diameter = 0.4
; nozzle_high_flow = 0
; only_one_perimeter_first_layer = 0
; only_retract_when_crossing_perimeters = 0
; ooze_prevention = 0
; output_filename_format = [print_time],[filament_type],[input_filename_base].gcode
; over_bridge_speed = 0
; overhang_fan_speed_0 = 0
; overhang_fan_speed_1 = 0
; overhang_fan_speed_2 = 0
; overhang_fan_speed_3 = 0
; overhang_speed_0 = 15
; overhang_speed_1 = 15
; overhang_speed_2 = 20
; overhang_speed_3 = 25
; overhangs = 1
; parking_pos_retraction = 92
; pause_print_gcode = M601
; perimeter_acceleration = 0
; perimeter_extruder = 1
; perimeter_extrusion_width = 0
; perimeter_generator = arachne
; perimeter_speed = 60
; perimeters = 3
; physical_printer_settings_id = 
; post_process = 
; prefer_clockwise_movements = 0
; print_settings_id = Anet
; printer_model = 
; printer_notes = 
; printer_settings_id = Anet
; printer_technology = FFF
; printer_variant = 
; printer_vendor = 
; raft_contact_distance = 0.1
; raft_expansion = 1.5
; raft_first_layer_density = 90%
; raft_first_layer_expansion = 3
; raft_layers = 0
; remaining_times = 1
; resolution = 0
; retract_before_travel = 2
; retract_before_wipe = 0%
; retract_layer_change = 0
; retract_length = 2
; retract_length_toolchange = 10
; retract_lift = 0
; retract_lift_above = 0
; retract_lift_below = 0
; retract_restart_extra = 0
; retract_restart_extra_toolchange = 0
; retract_speed = 40
; scarf_seam_entire_loop = 0
; scarf_seam_length = 20
; scarf_seam_max_segment_length = 1
; scarf_seam_on_inner_perimeters = 0
; scarf_seam_only_on_smooth = 1
; scarf_seam_placement = nowhere
; scarf_seam_start_height = 0%
; seam_gap_distance = 15%
; seam_position = aligned
; silent_mode = 1
; single_extruder_multi_material = 0
; single_extruder_multi_material_priming = 1
; skirt_distance = 6
; skirt_height = 1
; skirts = 0
; slice_closing_radius = 0.049
; slicing_mode = regular
; slowdown_below_layer_time = 5
; small_perimeter_speed = 15
; solid_infill_acceleration = 0
; solid_infill_below_area = 70
; solid_infill_every_layers = 0
; solid_infill_extruder = 1
; solid_infill_extrusion_width = 0
; solid_infill_speed = 20
; spiral_vase = 0
; staggered_inner_seams = 0
; standby_temperature_delta = -5
; start_filament_gcode = "; Filament gcode\n"
; start_gcode = G28 ; home all axes\nG1 Z5 F5000 ; lift nozzle\n
; support_material = 0
; support_material_angle = 0
; support_material_auto = 1
; support_material_bottom_contact_distance = 0
; support_material_bottom_interface_layers = -1
; support_material_buildplate_only = 0
; support_material_closing_radius = 2
; support_material_contact_distance = 0.2
; support_material_enforce_layers = 0
; support_material_extruder = 1
; support_material_extrusion_width = 0
; support_material_interface_contact_loops = 0
; support_material_interface_extruder = 1
; support_material_interface_layers = 3
; support_material_interface_pattern = rectilinear
; support_material_interface_spacing = 0
; support_material_interface_speed = 100%
; support_material_pattern = rectilinear
; support_material_spacing = 2.5
; support_material_speed = 60
; support_material_style = grid
; support_material_synchronize_layers = 0
; support_material_threshold = 0
; support_material_with_sheath = 1
; support_material_xy_spacing = 50%
; support_tree_angle = 40
; support_tree_angle_slow = 25
; support_tree_branch_diameter = 2
; support_tree_branch_diameter_angle = 5
; support_tree_branch_diameter_double_wall = 3
; support_tree_branch_distance = 1
; support_tree_tip_diameter = 0.8
; support_tree_top_rate = 15%
; temperature = 180
; template_custom_gcode = 
; thick_bridges = 1
; thin_walls = 1
; thumbnails = 
; thumbnails_format = PNG
; toolchange_gcode = 
; top_fill_pattern = monotonic
; top_infill_extrusion_width = 0
; top_one_perimeter_type = none
; top_solid_infill_acceleration = 0
; top_solid_infill_speed = 15
; top_solid_layers = 3
; top_solid_min_thickness = 0
; travel_acceleration = 0
; travel_lift_before_obstacle = 0
; travel_max_lift = 0
; travel_ramping_lift = 0
; travel_short_distance_acceleration = 0
; travel_slope = 0
; travel_speed = 130
; travel_speed_z = 0
; use_firmware_retraction = 0
; use_relative_e_distances = 0
; use_volumetric_e = 0
; variable_layer_height = 1
; wall_distribution_count = 1
; wall_transition_angle = 10
; wall_transition_filter_deviation = 25%
; wall_transition_length = 100%
; wipe = 0
; wipe_into_infill = 0
; wipe_into_objects = 0
; wipe_tower = 1
; wipe_tower_acceleration = 0
; wipe_tower_bridging = 10
; wipe_tower_brim_width = 2
; wipe_tower_cone_angle = 0
; wipe_tower_extra_flow = 100%
; wipe_tower_extra_spacing = 100%
; wipe_tower_extruder = 0
; wipe_tower_no_sparse_layers = 0
; wipe_tower_width = 60
; wiping_volumes_matrix = 0
; wiping_volumes_use_custom_matrix = 0
; xy_size_compensation = 0
; z_offset = 0.3
; prusaslicer_config = end
