ISO-10303-21;
HEADER;
FILE_DESCRIPTION (( 'STEP AP203' ),
    '1' );
FILE_NAME ('low sldp.STEP',
    '2026-06-05T12:55:00',
    ( '' ),
    ( '' ),
    'SwSTEP 2.0',
    'SolidWorks 2024',
    '' );
FILE_SCHEMA (( 'CONFIG_CONTROL_DESIGN' ));
ENDSEC;

DATA;
#1 = B_SPLINE_CURVE_WITH_KNOTS ( 'NONE', 3,
 ( #5396, #4477, #68, #1989 ),
 .UNSPECIFIED., .F., .F.,
 ( 4, 4 ),
 ( 0.000000000000000000, 1.000000000000000000 ),
 .UNSPECIFIED. ) ;
#2 = B_SPLINE_CURVE_WITH_KNOTS ( 'NONE', 3,
 ( #4128, #263, #3684, #3655, #3566, #4601, #6039, #3097, #1711, #3627, #5559, #5618, #6067, #5084, #1289, #234, #4071, #1740 ),
 .UNSPECIFIED., .F., .F.,
 ( 4, 2, 2, 2, 2, 2, 2, 2, 4 ),
 ( 0.000000000000000000, 0.1249999999999999445, 0.2499999999999999445, 0.3749999999999999445, 0.5000000000000000000, 0.6249999999999998890, 0.7500000000000000000, 0.8750000000000000000, 1.000000000000000000 ),
 .UNSPECIFIED. ) ;
#3 = CARTESIAN_POINT ( 'NONE',  ( 9.770868698814227926, -37.51415903194531865, 8.550692271841670689 ) ) ;
#4 = CARTESIAN_POINT ( 'NONE',  ( 7.877640371337664149, -19.78635463222983759, -48.93983841354743447 ) ) ;
#5 = CARTESIAN_POINT ( 'NONE',  ( -6.717016577666136357, -41.87574964033371572, 5.993276739317022539 ) ) ;
#6 = LINE ( 'NONE', #5687, #3696 ) ;
#7 = CARTESIAN_POINT ( 'NONE',  ( 6.408113600946502508, -41.83906161789581546, -6.319546553684129542 ) ) ;
#8 = CARTESIAN_POINT ( 'NONE',  ( -7.344046676544049745, -41.74793702368554449, 8.399990846906709052 ) ) ;
#9 = CARTESIAN_POINT ( 'NONE',  ( 5.507988453293689801, -41.96221732434155172, 2.077985338027330098 ) ) ;
#10 = VERTEX_POINT ( 'NONE', #2228 ) ;
#11 = ORIENTED_EDGE ( 'NONE', *, *, #3614, .F. ) ;
#12 = CARTESIAN_POINT ( 'NONE',  ( -7.343988453265300365, -42.08122616269734806, -2.077995540172655087 ) ) ;
#13 = CARTESIAN_POINT ( 'NONE',  ( -9.000000000000000000, -38.30472699488110777, -1.718667784195345147E-09 ) ) ;
#14 = CARTESIAN_POINT ( 'NONE',  ( -5.508016847164520335, -41.92984125614904656, 3.031836678291874865 ) ) ;
#15 = CARTESIAN_POINT ( 'NONE',  ( 137.3678455714792790, -6.042206017375245430, 90.82952945304801062 ) ) ;
#16 = CARTESIAN_POINT ( 'NONE',  ( 19.07334698233630021, -42.30756013076910449, -5.181181809388050601E-15 ) ) ;
#17 = CARTESIAN_POINT ( 'NONE',  ( 1.702058427960865117E-06, -41.79055256050195055, -0.3063060960499194851 ) ) ;
#18 = CARTESIAN_POINT ( 'NONE',  ( -7.863650809782808615, -37.22688958485450428, 10.29753097631104986 ) ) ;
#19 = ORIENTED_EDGE ( 'NONE', *, *, #986, .T. ) ;
#20 = CARTESIAN_POINT ( 'NONE',  ( 110.6172451890451356, -57.95386985700427118, 14.30498233254013307 ) ) ;
#21 = PERSON_AND_ORGANIZATION ( #1411, #5735 ) ;
#22 = EDGE_CURVE ( 'NONE', #5132, #3521, #6132, .T. ) ;
#23 = CARTESIAN_POINT ( 'NONE',  ( -7.365424720247339962, -37.15204096606659334, 10.71270293663100581 ) ) ;
#24 = FACE_OUTER_BOUND ( 'NONE', #1047, .T. ) ;
#25 = ADVANCED_FACE ( 'NONE', ( #297 ), #2200, .F. ) ;
#26 = CARTESIAN_POINT ( 'NONE',  ( -22.00000000000000000, -6.042206018788409239, -51.03729223149981920 ) ) ;
#27 = CARTESIAN_POINT ( 'NONE',  ( 3.512648569450024016, -37.55086255376232884, 8.286215069900546126 ) ) ;
#28 = CARTESIAN_POINT ( 'NONE',  ( -1.465300673532949460, -41.50582460322097234, 8.884868985857389490 ) ) ;
#29 = CARTESIAN_POINT ( 'NONE',  ( 226.6457644257074833, -6.042206017375248983, 137.9613978004092019 ) ) ;
#30 = CIRCLE ( 'NONE', #4348, 16.74500000000000099 ) ;
#31 = CARTESIAN_POINT ( 'NONE',  ( -8.941583322734727446, -42.26380652048644038, -1.027662312987098314 ) ) ;
#32 = CIRCLE ( 'NONE', #2260, 16.74500000000000099 ) ;
#33 = CARTESIAN_POINT ( 'NONE',  ( 5.508046676572449840, -41.64574234799879804, -8.400001049052029600 ) ) ;
#34 = CARTESIAN_POINT ( 'NONE',  ( -8.773354225686084362, -38.20302379518549429, 2.007577097924224674 ) ) ;
#35 = CARTESIAN_POINT ( 'NONE',  ( -11.51249959290065839, -37.85219338660255062, 5.978979060576397053 ) ) ;
#36 = CARTESIAN_POINT ( 'NONE',  ( -18.42086648329454945, -4.983198181002459926, -2.567370772452374894E-14 ) ) ;
#37 = CARTESIAN_POINT ( 'NONE',  ( -8.455572639230391374, -42.13905755209992776, 3.083693213176010417 ) ) ;
#38 = FACE_BOUND ( 'NONE', #1762, .T. ) ;
#39 = CARTESIAN_POINT ( 'NONE',  ( 6.717016578315384123, -41.87574964041029091, -5.993276738590111563 ) ) ;
#40 = CARTESIAN_POINT ( 'NONE',  ( 9.234901159675537485, -22.37176108393342489, 46.57054942348798221 ) ) ;
#41 = CARTESIAN_POINT ( 'NONE',  ( -7.344029509762370012, -41.94464985508825094, 5.310619919268979139 ) ) ;
#42 = EDGE_LOOP ( 'NONE', ( #3503, #2861, #4362, #3876 ) ) ;
#43 = ORIENTED_EDGE ( 'NONE', *, *, #992, .F. ) ;
#44 = CARTESIAN_POINT ( 'NONE',  ( 122.3510097528888281, -6.042206017375336913, -97.75109432128409992 ) ) ;
#45 = CARTESIAN_POINT ( 'NONE',  ( 179.0824426214855123, -13.94371515320779942, 1.135032566935603862E-14 ) ) ;
#46 = CARTESIAN_POINT ( 'NONE',  ( 7.343988453265270167, -42.08122616298214780, 2.077995540172650202 ) ) ;
#47 = CARTESIAN_POINT ( 'NONE',  ( -9.000000000000007105, -40.97264965553067384, 3.776366464804039648E-14 ) ) ;
#48 = CARTESIAN_POINT ( 'NONE',  ( 19.07334698233630021, -6.042206017373979776, 58.61996200337829777 ) ) ;
#49 = LINE ( 'NONE', #3883, #3476 ) ;
#50 = CARTESIAN_POINT ( 'NONE',  ( -1.597721699578914989E-14, -41.80288240122314392, -4.550409309681740226E-15 ) ) ;
#51 = CARTESIAN_POINT ( 'NONE',  ( -0.8190358660927126166, -36.71213335687981072, 12.91768088102198320 ) ) ;
#52 = ORIENTED_EDGE ( 'NONE', *, *, #4337, .T. ) ;
#53 = CARTESIAN_POINT ( 'NONE',  ( 76.33287695441657661, -58.93658393131474327, 16.63981175612601149 ) ) ;
#54 = CARTESIAN_POINT ( 'NONE',  ( -22.00000000000000000, -29.26866646720753096, -45.38157453125277385 ) ) ;
#55 = CARTESIAN_POINT ( 'NONE',  ( 10.69162235605352684, -37.67584644297190266, 7.398239253382141278 ) ) ;
#56 = CARTESIAN_POINT ( 'NONE',  ( -22.00000000000000000, -6.042206018788403910, -1.037292231499814976 ) ) ;
#57 = CARTESIAN_POINT ( 'NONE',  ( -18.00000000000000000, -23.68619686104764810, -39.70994965335955840 ) ) ;
#58 = CARTESIAN_POINT ( 'NONE',  ( 7.528703891758905087, -37.96458488942437270, 4.931467621215746000 ) ) ;
#59 = EDGE_LOOP ( 'NONE', ( #336, #4427 ) ) ;
#60 = CARTESIAN_POINT ( 'NONE',  ( -4.501050487026128089, -41.65760848869741295, 7.799311388527931044 ) ) ;
#61 = CARTESIAN_POINT ( 'NONE',  ( -36.66631066811986273, -6.042206018788409239, -44.78729223149981920 ) ) ;
#62 = CARTESIAN_POINT ( 'NONE',  ( -18.00000000000000000, -34.34959553575265545, -21.81000826438560125 ) ) ;
#63 = CARTESIAN_POINT ( 'NONE',  ( 226.6457644257074833, -6.042206017375351124, -137.7671940876994086 ) ) ;
#64 = CARTESIAN_POINT ( 'NONE',  ( -7.733348322956611121, -37.99680511711431308, 4.613061605332714699 ) ) ;
#65 = CARTESIAN_POINT ( 'NONE',  ( -5.252594475729829959, -41.72030738792415860, -7.314157551165383353 ) ) ;
#66 = FACE_OUTER_BOUND ( 'NONE', #2891, .T. ) ;
#67 = CARTESIAN_POINT ( 'NONE',  ( 3.433219361932326130, -41.58679584628276160, 8.319436760004650822 ) ) ;
#68 = CARTESIAN_POINT ( 'NONE',  ( -9.000000000000007105, -38.30657225404110733, 0.04900846249693994322 ) ) ;
#69 = CARTESIAN_POINT ( 'NONE',  ( 6.453090624936044684, -41.84431320488791073, -6.273752918461874550 ) ) ;
#70 = EDGE_CURVE ( 'NONE', #564, #1020, #520, .T. ) ;
#71 = CARTESIAN_POINT ( 'NONE',  ( 7.802885402849907948, -38.00805492142834652, -4.487547975994682581 ) ) ;
#72 = CARTESIAN_POINT ( 'NONE',  ( 10.31595953203764893, -24.45572194518910791, 44.48894639562605136 ) ) ;
#73 = CARTESIAN_POINT ( 'NONE',  ( -1.684724981805610017E-05, -41.75539727404530055, 3.031867284727840062 ) ) ;
#74 = ORIENTED_EDGE ( 'NONE', *, *, #2863, .F. ) ;
#75 = VERTEX_POINT ( 'NONE', #803 ) ;
#76 = CARTESIAN_POINT ( 'NONE',  ( 189.9692635283527977, -6.042206017375314708, -11.00723376656934605 ) ) ;
#77 = DIRECTION ( 'NONE',  ( -1.000000000000000000, 0.000000000000000000, 0.000000000000000000 ) ) ;
#78 = CARTESIAN_POINT ( 'NONE',  ( -5.241330683352900088, -37.68597157950586052, -7.322236040492172471 ) ) ;
#79 = CARTESIAN_POINT ( 'NONE',  ( -24.58201287620220654, -6.042206017375216121, 48.70597788994605537 ) ) ;
#80 = CARTESIAN_POINT ( 'NONE',  ( 86.14473783712179511, -57.95386985700420013, 24.21589985473444884 ) ) ;
#81 = CARTESIAN_POINT ( 'NONE',  ( 18.03212226102947113, -40.91868122161439913, 12.41017733379857191 ) ) ;
#82 = CARTESIAN_POINT ( 'NONE',  ( -7.343999999886289487, -42.08584460751210088, -4.080858129121849476E-05 ) ) ;
#83 = ORIENTED_EDGE ( 'NONE', *, *, #3405, .T. ) ;
#84 = CARTESIAN_POINT ( 'NONE',  ( 7.965703894666307683, -19.95320430563611325, -48.79334242285200673 ) ) ;
#85 = CALENDAR_DATE ( 2026, 5, 6 ) ;
#86 = CARTESIAN_POINT ( 'NONE',  ( 5.140326438903936257, -37.67690131258309094, -7.389115542671063075 ) ) ;
#87 = DIRECTION ( 'NONE',  ( -1.000000000000000000, 1.500332356076764948E-16, 0.000000000000000000 ) ) ;
#88 = CARTESIAN_POINT ( 'NONE',  ( 86.40000000000000568, -63.39640923772801528, 0.000000000000000000 ) ) ;
#89 = CARTESIAN_POINT ( 'NONE',  ( -6.259092912860217517, -37.79441120876735027, 6.467138257180796046 ) ) ;
#90 = ORIENTED_EDGE ( 'NONE', *, *, #329, .F. ) ;
#91 = DIRECTION ( 'NONE',  ( -0.000000000000000000, -0.000000000000000000, -1.000000000000000000 ) ) ;
#92 = CARTESIAN_POINT ( 'NONE',  ( 4.763383061830489318, -41.67833587249094052, 7.641786559979114379 ) ) ;
#93 = PLANE ( 'NONE',  #2958 ) ;
#94 = AXIS2_PLACEMENT_3D ( 'NONE', #904, #3762, #2272 ) ;
#95 = DIRECTION ( 'NONE',  ( -1.000000000000000000, 0.000000000000000000, 0.000000000000000000 ) ) ;
#96 = APPROVAL_PERSON_ORGANIZATION ( #4804, #3099, #3857 ) ;
#97 = CARTESIAN_POINT ( 'NONE',  ( 18.82837672200435364, -42.30756013076910449, -7.696413152913580629E-15 ) ) ;
#98 = CARTESIAN_POINT ( 'NONE',  ( -9.000000000000008882, -42.30661089220096471, 0.03001501203874386639 ) ) ;
#99 = CARTESIAN_POINT ( 'NONE',  ( -8.935638208900247292, -38.25752920610653973, 1.075567894609985808 ) ) ;
#100 = CARTESIAN_POINT ( 'NONE',  ( -8.540573850610243767, -42.15398774951806615, -2.899835227042004249 ) ) ;
#101 = CARTESIAN_POINT ( 'NONE',  ( 13.92103268216101242, -31.68969875299544725, -35.35443844184494111 ) ) ;
#102 = CARTESIAN_POINT ( 'NONE',  ( 3.877235898472506381, -41.61247407331813974, 8.135110088163409969 ) ) ;
#103 = CARTESIAN_POINT ( 'NONE',  ( 185.3328331862115022, -6.042206017076496849, -104.6569119126249774 ) ) ;
#104 = CARTESIAN_POINT ( 'NONE',  ( -6.573276148919255490, -41.85772243890762212, -6.154582881444187414 ) ) ;
#105 = CARTESIAN_POINT ( 'NONE',  ( 8.772566834852190354, -38.20199517297606207, -2.032214269870636247 ) ) ;
#106 = CARTESIAN_POINT ( 'NONE',  ( -3.672005109525965150, -41.88319390030805067, 0.9195111013736788630 ) ) ;
#107 = CARTESIAN_POINT ( 'NONE',  ( -1.154662100978626087E-05, -41.78218312135540202, 2.077954731591364901 ) ) ;
#108 = VERTEX_POINT ( 'NONE', #5122 ) ;
#109 = VERTEX_POINT ( 'NONE', #2725 ) ;
#110 = CARTESIAN_POINT ( 'NONE',  ( 7.344051010731440066, -41.69037129700890176, -9.179980529337310458 ) ) ;
#111 = CARTESIAN_POINT ( 'NONE',  ( 62.18275481095512447, -57.95386985700431381, -48.43449037808966295 ) ) ;
#112 = CARTESIAN_POINT ( 'NONE',  ( 12.03677388591627206, -38.30472708429533668, 5.674917458696471240E-13 ) ) ;
#113 = CARTESIAN_POINT ( 'NONE',  ( -43.21588586921777164, -6.042206017375221450, 32.99510839236916837 ) ) ;
#114 = DIRECTION ( 'NONE',  ( 1.000000000000000000, -3.074555195481525416E-16, 1.561327534128339757E-31 ) ) ;
#115 = CARTESIAN_POINT ( 'NONE',  ( 18.74730392420045888, -42.24924322835657620, 1.585578976556347719 ) ) ;
#116 = CARTESIAN_POINT ( 'NONE',  ( 3.672005109525934952, -41.88319390070309112, -0.9195111013736859684 ) ) ;
#117 = ORIENTED_EDGE ( 'NONE', *, *, #2578, .F. ) ;
#118 = CARTESIAN_POINT ( 'NONE',  ( 11.16497190575032405, -26.11873203190724979, -42.65200056832961906 ) ) ;
#119 = ADVANCED_FACE ( 'NONE', ( #4608 ), #861, .T. ) ;
#120 = SECURITY_CLASSIFICATION_LEVEL ( 'unclassified' ) ;
#121 = CARTESIAN_POINT ( 'NONE',  ( 6.337494268030326339, -37.03218899210205706, 11.35275300564134149 ) ) ;
#122 = CARTESIAN_POINT ( 'NONE',  ( -50.44155606044894569, -4.209426036610667943, 15.20596206432331599 ) ) ;
#123 = DIRECTION ( 'NONE',  ( 0.000000000000000000, 0.000000000000000000, 1.000000000000000000 ) ) ;
#124 = CARTESIAN_POINT ( 'NONE',  ( -7.273105562095897980, -37.92614824399532836, 5.302012324047144176 ) ) ;
#125 = ORIENTED_EDGE ( 'NONE', *, *, #5849, .F. ) ;
#126 = CARTESIAN_POINT ( 'NONE',  ( 8.962530868885377089, -42.27376212505567565, -0.8204806927104758563 ) ) ;
#127 = CARTESIAN_POINT ( 'NONE',  ( -53.58330569984575931, -6.261272240627560492, 15.42164038722743058 ) ) ;
#128 = CARTESIAN_POINT ( 'NONE',  ( -7.343957657415930207, -41.80211066434029732, -7.620082781638670255 ) ) ;
#129 = CARTESIAN_POINT ( 'NONE',  ( 96.53232571965762077, -63.39640923772800818, 7.776231892382883260 ) ) ;
#130 = CARTESIAN_POINT ( 'NONE',  ( 9.000028474184350813, -42.30708906031854610, 9.026024192389750094E-10 ) ) ;
#131 = CARTESIAN_POINT ( 'NONE',  ( 0.5681184685285930458, -41.48889475910895897, 8.999607810455598766 ) ) ;
#132 = CARTESIAN_POINT ( 'NONE',  ( -8.158453751463383696, -38.06989073050993966, 3.801223382647652915 ) ) ;
#133 = CARTESIAN_POINT ( 'NONE',  ( -8.075894356033098020, -42.06904543140365149, -3.983412649599631372 ) ) ;
#134 = CARTESIAN_POINT ( 'NONE',  ( 17.37634051210758557, -39.37548302082073803, -18.64926716633993209 ) ) ;
#135 = EDGE_CURVE ( 'NONE', #1303, #1666, #1804, .T. ) ;
#136 = CARTESIAN_POINT ( 'NONE',  ( 8.855196199915070565, -42.23343727960932625, 1.614440789648191155 ) ) ;
#137 = CARTESIAN_POINT ( 'NONE',  ( 99.14500000000001023, -58.25464714294840007, -1.258898010333431831E-14 ) ) ;
#138 = CARTESIAN_POINT ( 'NONE',  ( -3.388692166344748902, -41.58424815192159940, -8.337710328746807065 ) ) ;
#139 = CARTESIAN_POINT ( 'NONE',  ( -7.148580883059348245, -37.90698341496222668, -5.499742025906593668 ) ) ;
#140 = CARTESIAN_POINT ( 'NONE',  ( -9.180003405678480277, -42.30370947905574752, 0.6128677901305089604 ) ) ;
#141 = CARTESIAN_POINT ( 'NONE',  ( 5.508001701973130437, -41.96944799685734750, -0.3062754896139545102 ) ) ;
#142 = ORIENTED_EDGE ( 'NONE', *, *, #2832, .F. ) ;
#143 = ORIENTED_EDGE ( 'NONE', *, *, #2810, .F. ) ;
#144 = CARTESIAN_POINT ( 'NONE',  ( 190.4059769339610000, -6.042206017375310267, -1.387778780781442047E-14 ) ) ;
#145 = DIRECTION ( 'NONE',  ( 1.000000000000000000, 0.000000000000000000, 0.000000000000000000 ) ) ;
#146 = CARTESIAN_POINT ( 'NONE',  ( -57.90782485227417453, -6.042206017375238325, -16.16674075582951886 ) ) ;
#147 = CARTESIAN_POINT ( 'NONE',  ( 85.69934851693989231, -38.48506133258115369, 66.46855121629380392 ) ) ;
#148 = CARTESIAN_POINT ( 'NONE',  ( -71.46669839058749574, -6.042206017375156613, 137.9613978004092019 ) ) ;
#149 =( BOUNDED_SURFACE ( )  B_SPLINE_SURFACE ( 3, 3, ( 
 ( #4097, #2747, #795, #2220 ),
 ( #3124, #6037, #5082, #4543 ),
 ( #5616, #320, #5051, #2250 ),
 ( #1229, #6094, #349, #4659 ),
 ( #1768, #3095, #2658, #4573 ),
 ( #4155, #2279, #4182, #6123 ),
 ( #5023, #708, #2628, #231 ),
 ( #5557, #2159, #3152, #2688 ),
 ( #4600, #5737, #435, #2394 ),
 ( #3710, #2305, #6152, #4210 ) ),
 .UNSPECIFIED., .F., .F., .F. ) 
 B_SPLINE_SURFACE_WITH_KNOTS ( ( 4, 2, 2, 2, 4 ),
 ( 4, 4 ),
 ( 0.000000000000000000, 0.2500000000000000000, 0.5000000000000000000, 0.7500000000000000000, 1.000000000000000000 ),
 ( 0.000000000000000000, 1.000000000000000000 ),
 .UNSPECIFIED. ) 
 GEOMETRIC_REPRESENTATION_ITEM ( )  RATIONAL_B_SPLINE_SURFACE ( (
 ( 1.000000000000000000, 0.3333333333333335369, 0.3333333333333335369, 1.000000000000000000),
 ( 1.000000000000000000, 0.3333333333333335369, 0.3333333333333335369, 1.000000000000000000),
 ( 1.000000000000000000, 0.3333333333333335369, 0.3333333333333335369, 1.000000000000000000),
 ( 1.000000000000000000, 0.3333333333333335369, 0.3333333333333335369, 1.000000000000000000),
 ( 1.000000000000000000, 0.3333333333333335369, 0.3333333333333335369, 1.000000000000000000),
 ( 1.000000000000000000, 0.3333333333333335369, 0.3333333333333335369, 1.000000000000000000),
 ( 1.000000000000000000, 0.3333333333333335369, 0.3333333333333335369, 1.000000000000000000),
 ( 1.000000000000000000, 0.3333333333333335369, 0.3333333333333335369, 1.000000000000000000),
 ( 1.000000000000000000, 0.3333333333333335369, 0.3333333333333335369, 1.000000000000000000),
 ( 1.000000000000000000, 0.3333333333333335369, 0.3333333333333335369, 1.000000000000000000) ) ) 
 REPRESENTATION_ITEM ( '' )  SURFACE ( )  );
#150 = CARTESIAN_POINT ( 'NONE',  ( 12.03677388591627206, -38.30472708429533668, 5.674917458696471240E-13 ) ) ;
#151 = CARTESIAN_POINT ( 'NONE',  ( 7.343999999886249519, -42.08584460787654535, 4.080858128201899867E-05 ) ) ;
#152 = ORIENTED_EDGE ( 'NONE', *, *, #2678, .F. ) ;
#153 = CARTESIAN_POINT ( 'NONE',  ( 4.381786424978575845, -13.23912867866851251, -54.06720158823145539 ) ) ;
#154 = CARTESIAN_POINT ( 'NONE',  ( -1.458072456818505946, -37.46094263372241073, -8.882368217447014658 ) ) ;
#155 = DIRECTION ( 'NONE',  ( 1.000000000000000000, 0.000000000000000000, 0.000000000000000000 ) ) ;
#156 = CARTESIAN_POINT ( 'NONE',  ( 20.34536719873065280, -26.96475769767874908, -35.57686982298324807 ) ) ;
#157 = CARTESIAN_POINT ( 'NONE',  ( -18.00000000000000000, -34.34959553575265545, 21.81000826438560125 ) ) ;
#158 = ORIENTED_EDGE ( 'NONE', *, *, #6172, .F. ) ;
#159 = CARTESIAN_POINT ( 'NONE',  ( 8.974149413562209077, -42.27996766562864650, -0.6817899197992117744 ) ) ;
#160 = CARTESIAN_POINT ( 'NONE',  ( -22.46164942964194466, -6.042206017375265859, -49.06926472679662510 ) ) ;
#161 = CARTESIAN_POINT ( 'NONE',  ( -18.00000000000000000, -37.23268663085336527, -11.46756426643774063 ) ) ;
#162 = CARTESIAN_POINT ( 'NONE',  ( 8.665578418591838528, -42.18400364121440305, 2.435062605197701124 ) ) ;
#163 = CARTESIAN_POINT ( 'NONE',  ( -7.519144691522837043, -41.98231748374957562, 4.946030867961557220 ) ) ;
#164 = CARTESIAN_POINT ( 'NONE',  ( -5.747812694102960350E-15, -38.31026286157670313, 0.000000000000000000 ) ) ;
#165 = EDGE_CURVE ( 'NONE', #5412, #3618, #2783, .T. ) ;
#166 = CARTESIAN_POINT ( 'NONE',  ( 1.465300673776869456, -41.50582460322486611, -8.884868985825663756 ) ) ;
#167 = CARTESIAN_POINT ( 'NONE',  ( 11.01078471152063187, -25.81567111082258137, -42.99334739550130280 ) ) ;
#168 = EDGE_CURVE ( 'NONE', #2487, #4701, #382, .T. ) ;
#169 = CARTESIAN_POINT ( 'NONE',  ( 6.309612666757712596, -41.82778858852822879, 6.417916460902258535 ) ) ;
#170 = DIRECTION ( 'NONE',  ( 0.000000000000000000, 1.000000000000000000, 0.000000000000000000 ) ) ;
#171 = CARTESIAN_POINT ( 'NONE',  ( -8.961785352877440047, -42.27331523743969655, -0.8303418617600347718 ) ) ;
#172 = CARTESIAN_POINT ( 'NONE',  ( -5.477333392976753146, -37.70906064979553207, -7.147521516489756088 ) ) ;
#173 = CARTESIAN_POINT ( 'NONE',  ( 9.179996594037190150, -42.30370506477029835, 0.6129698115837249883 ) ) ;
#174 = CARTESIAN_POINT ( 'NONE',  ( 7.344003405706890142, -42.11401879245455149, -0.6128779922758379461 ) ) ;
#175 = DIRECTION ( 'NONE',  ( 0.000000000000000000, 1.000000000000000000, 0.000000000000000000 ) ) ;
#176 = VERTEX_POINT ( 'NONE', #1827 ) ;
#177 = ORIENTED_EDGE ( 'NONE', *, *, #1440, .T. ) ;
#178 = CARTESIAN_POINT ( 'NONE',  ( 4.234247034024029508E-05, -41.54461856230044958, -7.620041973057389839 ) ) ;
#179 = CARTESIAN_POINT ( 'NONE',  ( -8.424848189839819312, -38.12110922347194730, -3.179410262268568932 ) ) ;
#180 = CARTESIAN_POINT ( 'NONE',  ( -44.03691592518383402, -6.042206017375220561, 31.93973917264472817 ) ) ;
#181 = CARTESIAN_POINT ( 'NONE',  ( 124.9619253871092752, -38.48506133258121054, 66.88242186954947499 ) ) ;
#182 = CARTESIAN_POINT ( 'NONE',  ( 14.14875501737918917, -32.16670624550411617, 34.61468393907063046 ) ) ;
#183 = CARTESIAN_POINT ( 'NONE',  ( 12.37459413054157942, -22.41455991224604105, -40.87836906866200337 ) ) ;
#184 = CARTESIAN_POINT ( 'NONE',  ( 7.344029509762339814, -41.94464985518334998, -5.310619919268979139 ) ) ;
#185 = ORIENTED_EDGE ( 'NONE', *, *, #2106, .F. ) ;
#186 = VECTOR ( 'NONE', #748, 1000.000000000000000 ) ;
#187 = ORIENTED_EDGE ( 'NONE', *, *, #5917, .T. ) ;
#188 = CARTESIAN_POINT ( 'NONE',  ( 4.131111067716807028, -12.77381762321138048, -54.39211554670455229 ) ) ;
#189 = APPROVAL_ROLE ( '' ) ;
#190 = CARTESIAN_POINT ( 'NONE',  ( 11.26126713397610501, -37.79035455942824484, 6.508915350032330238 ) ) ;
#191 = DIRECTION ( 'NONE',  ( -0.000000000000000000, 1.000000000000000000, 0.000000000000000000 ) ) ;
#192 = CARTESIAN_POINT ( 'NONE',  ( -9.180046676515619453, -41.87592484899965228, 8.399980644761390280 ) ) ;
#193 = CARTESIAN_POINT ( 'NONE',  ( -8.986702860783411850, -38.28234587325029281, 0.6306087959300838985 ) ) ;
#194 = EDGE_LOOP ( 'NONE', ( #1994, #392, #1209, #1124, #5520 ) ) ;
#195 = CARTESIAN_POINT ( 'NONE',  ( 7.501887056827288625, -41.97981607413481697, -4.972102132333244384 ) ) ;
#196 = CARTESIAN_POINT ( 'NONE',  ( -22.00000000000000711, -6.042206018788411903, 36.46270776850018080 ) ) ;
#197 = CARTESIAN_POINT ( 'NONE',  ( 179.0824426214870186, -13.94371515320615806, 4.163336342344334502E-14 ) ) ;
#198 = CARTESIAN_POINT ( 'NONE',  ( 8.820367819256398789, -42.22350495630112022, 1.789244678081518769 ) ) ;
#199 = CARTESIAN_POINT ( 'NONE',  ( -8.827807761770049666, -42.22561777786323489, 1.752166868672985878 ) ) ;
#200 = CARTESIAN_POINT ( 'NONE',  ( -30.10090426739241920, -6.042206017375271188, -48.45724523092746239 ) ) ;
#201 = CARTESIAN_POINT ( 'NONE',  ( -8.881265452336498001, -42.24139308932330295, -1.465025030935598993 ) ) ;
#202 = CARTESIAN_POINT ( 'NONE',  ( 11.19046357284223703, -26.16889925855802090, -42.59510021363092847 ) ) ;
#203 = CARTESIAN_POINT ( 'NONE',  ( 8.984841062473075013, -42.28639368504415330, 0.5229466565914203668 ) ) ;
#204 = CARTESIAN_POINT ( 'NONE',  ( -4.754055218201177269, -41.67757253416541374, 7.647653562603402122 ) ) ;
#205 = CARTESIAN_POINT ( 'NONE',  ( -8.976145500406378375, -42.28090686117300834, -0.6558730959010014017 ) ) ;
#206 = CARTESIAN_POINT ( 'NONE',  ( -2.890122801001401509, -37.51305854867770506, -8.543782010315313258 ) ) ;
#207 = CARTESIAN_POINT ( 'NONE',  ( 9.179970489981730708, -42.08223716966009675, 5.310711738576870289 ) ) ;
#208 = CARTESIAN_POINT ( 'NONE',  ( -3.671994890360334995, -41.88319309264450396, -0.9195519099549739339 ) ) ;
#209 = CYLINDRICAL_SURFACE ( 'NONE', #5864, 16.74499999999999744 ) ;
#210 = VERTEX_POINT ( 'NONE', #269 ) ;
#211 = VERTEX_POINT ( 'NONE', #1378 ) ;
#212 = CARTESIAN_POINT ( 'NONE',  ( 9.000000000000000000, -42.30661100815935072, 1.086142634795535983E-15 ) ) ;
#213 = CARTESIAN_POINT ( 'NONE',  ( 14.11513175758837946, -25.79945633310931541, 36.75832658992526802 ) ) ;
#214 = CARTESIAN_POINT ( 'NONE',  ( -61.68110501901242060, -6.042206017375235660, -9.936028996158208670 ) ) ;
#215 = CARTESIAN_POINT ( 'NONE',  ( 54.89384660698920015, -56.13001623236039705, -0.6642926860360910402 ) ) ;
#216 = CARTESIAN_POINT ( 'NONE',  ( 11.73173838423053361, -27.23863489108700264, 41.35304209913171292 ) ) ;
#217 = CARTESIAN_POINT ( 'NONE',  ( -18.00000000000000000, -23.68619686104764810, 39.70994965335955840 ) ) ;
#218 = CARTESIAN_POINT ( 'NONE',  ( -9.179957657387500802, -41.93204332892645425, -7.620092983783989027 ) ) ;
#219 = ORIENTED_EDGE ( 'NONE', *, *, #168, .F. ) ;
#220 = ORIENTED_EDGE ( 'NONE', *, *, #2075, .T. ) ;
#221 = CARTESIAN_POINT ( 'NONE',  ( 13.91513291897130777, -31.67737971706800693, -35.37326644046096646 ) ) ;
#222 = CARTESIAN_POINT ( 'NONE',  ( -4.747797953606203158, -37.64183109155034401, -7.647276103828085425 ) ) ;
#223 = CARTESIAN_POINT ( 'NONE',  ( -7.344051010731459606, -41.69037129754194382, 9.179980529337321116 ) ) ;
#224 = CARTESIAN_POINT ( 'NONE',  ( 4.715131940752496753, -8.260677104220874867, -52.64353508175642560 ) ) ;
#225 = CARTESIAN_POINT ( 'NONE',  ( 8.998207878040258123, -42.30221689490164749, -0.1799115792259893820 ) ) ;
#226 = DIRECTION ( 'NONE',  ( -0.000000000000000000, 1.000000000000000000, 0.000000000000000000 ) ) ;
#227 = EDGE_CURVE ( 'NONE', #481, #1812, #2559, .T. ) ;
#228 = CARTESIAN_POINT ( 'NONE',  ( -3.447689632895328593, -41.58763006139767526, -8.313449897253800458 ) ) ;
#229 = CARTESIAN_POINT ( 'NONE',  ( -4.395138456692786022, -41.64972074606592400, 7.858566884020694587 ) ) ;
#230 = CARTESIAN_POINT ( 'NONE',  ( -60.14644169926764050, -6.042206017375240101, -12.86978727084672158 ) ) ;
#231 = CARTESIAN_POINT ( 'NONE',  ( 40.60360956192334925, -50.78462308660660085, -1.121688059249859863E-14 ) ) ;
#232 = CARTESIAN_POINT ( 'NONE',  ( 19.07334698233634995, -6.042206017373970006, -58.61996200337829777 ) ) ;
#233 = AXIS2_PLACEMENT_3D ( 'NONE', #470, #2527, #4441 ) ;
#234 = CARTESIAN_POINT ( 'NONE',  ( 12.65744595625910840, -38.31026286157671024, 3.416325691046325552 ) ) ;
#235 = PLANE ( 'NONE',  #4506 ) ;
#236 = CARTESIAN_POINT ( 'NONE',  ( -71.46669839058749574, -0.6948040115835329988, -137.7671940876994086 ) ) ;
#237 = CARTESIAN_POINT ( 'NONE',  ( 5.507983152664880144, -41.92983744923065359, 3.031897891163805259 ) ) ;
#238 = CARTESIAN_POINT ( 'NONE',  ( 3.671999999943119875, -41.88125511334990136, 2.040429063875279689E-05 ) ) ;
#239 = CARTESIAN_POINT ( 'NONE',  ( 12.33149801250252864, -22.33217733694991836, 40.96895585333863465 ) ) ;
#240 = ORIENTED_EDGE ( 'NONE', *, *, #2241, .F. ) ;
#241 = CARTESIAN_POINT ( 'NONE',  ( -22.00000000000000000, -29.26866646617668977, 45.38157453362952509 ) ) ;
#242 = CARTESIAN_POINT ( 'NONE',  ( 20.36082540615130299, -6.042206017372979687, 53.98290812280559692 ) ) ;
#243 = CARTESIAN_POINT ( 'NONE',  ( -71.46669839058749574, -6.042206017375298721, -137.7671940876994086 ) ) ;
#244 = VECTOR ( 'NONE', #1174, 1000.000000000000000 ) ;
#245 = CARTESIAN_POINT ( 'NONE',  ( -6.833168341746704399, -37.08673482342016570, 11.06757564101566693 ) ) ;
#246 = CARTESIAN_POINT ( 'NONE',  ( 6.945754544274150177, -18.02579504418407552, 50.44962512677069100 ) ) ;
#247 = CARTESIAN_POINT ( 'NONE',  ( -18.00000000000000000, -37.24753809675059557, 11.41428795664992002 ) ) ;
#248 = CARTESIAN_POINT ( 'NONE',  ( -3.671983152693349961, -41.84321739110304605, -3.031887689018485155 ) ) ;
#249 = ORIENTED_EDGE ( 'NONE', *, *, #1539, .F. ) ;
#250 = CARTESIAN_POINT ( 'NONE',  ( -7.343998297827839750, -42.11316998251304966, -0.3063469046312060073 ) ) ;
#251 = CARTESIAN_POINT ( 'NONE',  ( -22.00000000000002132, -6.042206018788412791, -26.03729223149981564 ) ) ;
#252 = CARTESIAN_POINT ( 'NONE',  ( -7.344046676544049745, -41.74793702368554449, 8.399990846906709052 ) ) ;
#253 = CARTESIAN_POINT ( 'NONE',  ( -7.945123746302190426, -38.03220599231167398, 4.230397389210353687 ) ) ;
#254 = ORIENTED_EDGE ( 'NONE', *, *, #1412, .T. ) ;
#255 = CARTESIAN_POINT ( 'NONE',  ( 6.860877432540100962, -41.89362979050277147, -5.826653027168006815 ) ) ;
#256 = CARTESIAN_POINT ( 'NONE',  ( -52.51937634892737350, -5.577323505955266825, 15.42164038722743058 ) ) ;
#257 = CARTESIAN_POINT ( 'NONE',  ( -5.728487628163128953, -41.76636057267352697, -6.943409976904568737 ) ) ;
#258 = CARTESIAN_POINT ( 'NONE',  ( 1.143878847052223868, -41.49717195560299388, 8.946437997796492070 ) ) ;
#259 = CARTESIAN_POINT ( 'NONE',  ( -63.84608139925698822, -6.042206017375228555, 0.7502448603726915577 ) ) ;
#260 = B_SPLINE_CURVE_WITH_KNOTS ( 'NONE', 3,
 ( #3651, #3209, #823, #2776 ),
 .UNSPECIFIED., .F., .F.,
 ( 4, 4 ),
 ( 0.000000000000000000, 1.000000000000000000 ),
 .UNSPECIFIED. ) ;
#261 = DIRECTION ( 'NONE',  ( 0.000000000000000000, 0.000000000000000000, 1.000000000000000000 ) ) ;
#262 = CARTESIAN_POINT ( 'NONE',  ( -62.09474050719287419, -8.377687633864463024, 15.42164038722742880 ) ) ;
#263 = CARTESIAN_POINT ( 'NONE',  ( -12.99019127455882128, -38.31026286157670313, 1.771200161839229681 ) ) ;
#264 = CARTESIAN_POINT ( 'NONE',  ( 9.000028474184350813, -42.30708906031854610, 9.026024192389750094E-10 ) ) ;
#265 = CARTESIAN_POINT ( 'NONE',  ( -9.000000000000000000, -38.30472699488110777, -1.718667784195345147E-09 ) ) ;
#266 = CARTESIAN_POINT ( 'NONE',  ( -1.134705643865839777E-06, -41.79338277993004880, 0.2042040640332719870 ) ) ;
#267 = CARTESIAN_POINT ( 'NONE',  ( 9.179996594037190150, -42.30370506477029835, 0.6129698115837249883 ) ) ;
#268 = LINE ( 'NONE', #6015, #5066 ) ;
#269 = CARTESIAN_POINT ( 'NONE',  ( -22.00000000000000000, -6.042206018788409239, 48.29523378308750381 ) ) ;
#270 = CARTESIAN_POINT ( 'NONE',  ( -22.00000000000000000, -42.30756013076910449, -5.767085840894440826E-15 ) ) ;
#271 = CARTESIAN_POINT ( 'NONE',  ( -18.00000000000000000, -34.34959553575265545, 21.81000826438560125 ) ) ;
#272 = CARTESIAN_POINT ( 'NONE',  ( -8.997464765275815068, -42.30071007647961068, 0.2138080764601481554 ) ) ;
#273 = EDGE_CURVE ( 'NONE', #590, #3341, #1396, .T. ) ;
#274 = CARTESIAN_POINT ( 'NONE',  ( -0.8175395130432414614, -36.69834945636213774, 12.98140051698825737 ) ) ;
#275 = CARTESIAN_POINT ( 'NONE',  ( 14.06034416349977612, -31.98117383870831887, 34.90480230695741426 ) ) ;
#276 = CARTESIAN_POINT ( 'NONE',  ( -7.343961991603340067, -41.85264108029669927, -6.840093099208059080 ) ) ;
#277 = VERTEX_POINT ( 'NONE', #5709 ) ;
#278 = CARTESIAN_POINT ( 'NONE',  ( 3.671998865237490417, -41.88910478186475217, 0.2042244683239154979 ) ) ;
#279 = CARTESIAN_POINT ( 'NONE',  ( -22.00000000000000000, -6.042206018788409239, 48.29523378308750381 ) ) ;
#280 = COORDINATED_UNIVERSAL_TIME_OFFSET ( 5, 0, .AHEAD. ) ;
#281 = CARTESIAN_POINT ( 'NONE',  ( 74.94522979413750363, -63.39640923772801528, 5.650122717646990367 ) ) ;
#282 = CARTESIAN_POINT ( 'NONE',  ( -3.672051010788329961, -41.51274637537379419, 9.180000933627960436 ) ) ;
#283 = CARTESIAN_POINT ( 'NONE',  ( 19.81995885809056546, -38.07662755136738753, -5.790870262238843935 ) ) ;
#284 = CARTESIAN_POINT ( 'NONE',  ( 4.395138459771031236, -41.64972074635036847, -7.858566882318730684 ) ) ;
#285 = CARTESIAN_POINT ( 'NONE',  ( 152.8722439315374970, -38.48506133258119633, 4.163336342344334502E-14 ) ) ;
#286 = B_SPLINE_CURVE_WITH_KNOTS ( 'NONE', 3,
 ( #1778, #4610, #5569, #1806, #3720, #299, #2230, #4137, #1688, #6076, #1750, #3664, #5598, #6223, #3, #1353, #1829, #1923, #4750, #3747, #5326, #1413, #1380, #2904, #5683, #2811, #1890, #473, #4720, #3334, #3275, #4343, #2875, #946, #6160, #4694, #5772, #3836, #5743, #6190, #5205, #3365, #4783, #441, #889, #3868, #1858, #919, #1443, #413, #2340, #2401, #2841, #4247, #5711, #3776, #3305, #2431, #5803, #5296, #3804, #976, #5234, #4817, #35, #4309, #5265, #504, #2369, #2786, #4277, #1956, #1474, #3395, #385, #2313, #4218 ),
 .UNSPECIFIED., .F., .F.,
 ( 4, 2, 2, 2, 2, 2, 2, 2, 2, 1, 2, 2, 2, 2, 2, 2, 2, 2, 2, 2, 1, 2, 2, 2, 2, 2, 1, 2, 2, 2, 2, 2, 2, 2, 2, 2, 1, 1, 2, 2, 4 ),
 ( 0.000000000000000000, 0.06249999999999955591, 0.09374999999999934774, 0.1249999999999991118, 0.1562499999999988620, 0.1718749999999987232, 0.1874999999999985845, 0.2499999999999981681, 0.2812499999999978351, 0.2968749999999977796, 0.3046874999999977240, 0.3124999999999976685, 0.3437499999999976130, 0.3593749999999976130, 0.3749999999999976130, 0.4062499999999976685, 0.4374999999999977240, 0.4687499999999977796, 0.4999999999999978906, 0.5312499999999980016, 0.5468749999999980016, 0.5546874999999980016, 0.5624999999999981126, 0.5937499999999982236, 0.6249999999999982236, 0.6562499999999982236, 0.6718749999999983347, 0.6796874999999983347, 0.6874999999999984457, 0.7187499999999984457, 0.7343749999999985567, 0.7499999999999986677, 0.8124999999999988898, 0.8437499999999990008, 0.8593749999999991118, 0.8749999999999992228, 0.9062499999999995559, 0.9218749999999996669, 0.9296874999999996669, 0.9374999999999997780, 1.000000000000000000 ),
 .UNSPECIFIED. ) ;
#287 = CARTESIAN_POINT ( 'NONE',  ( -8.065835028749635427, -42.06790632621664372, -3.995570508556302691 ) ) ;
#288 = CARTESIAN_POINT ( 'NONE',  ( -50.84140505267982491, -6.042206017375221450, 23.70107457105140725 ) ) ;
#289 = CARTESIAN_POINT ( 'NONE',  ( -22.00000000000000355, -6.042206017375272964, -58.61996200337829777 ) ) ;
#290 = CARTESIAN_POINT ( 'NONE',  ( 0.4875835940438709715, -6.042206017374069482, 58.61996200337878093 ) ) ;
#291 = CYLINDRICAL_SURFACE ( 'NONE', #4355, 9.000000000000000000 ) ;
#292 = CARTESIAN_POINT ( 'NONE',  ( 4.763383061830489318, -41.67833587249094052, 7.641786559979114379 ) ) ;
#293 = DIRECTION ( 'NONE',  ( 0.000000000000000000, 0.000000000000000000, 1.000000000000000000 ) ) ;
#294 = CARTESIAN_POINT ( 'NONE',  ( 7.344001701944699256, -42.11316865321069969, -0.3062652874686330184 ) ) ;
#295 = CARTESIAN_POINT ( 'NONE',  ( 1.684724978767659944E-05, -41.75539727428019887, -3.031867284727844947 ) ) ;
#296 = CARTESIAN_POINT ( 'NONE',  ( 8.711769031886470671, -38.18566317516354047, 2.279774708658853122 ) ) ;
#297 = FACE_OUTER_BOUND ( 'NONE', #2850, .T. ) ;
#298 = CARTESIAN_POINT ( 'NONE',  ( 226.6457644257074833, 10.00000000000000000, -137.7671940876994086 ) ) ;
#299 = CARTESIAN_POINT ( 'NONE',  ( 12.29059490208223160, -38.03692175598845182, 4.185877830717517512 ) ) ;
#300 = CARTESIAN_POINT ( 'NONE',  ( 20.13201909064075323, -38.30748449334880235, -0.07350728171799320032 ) ) ;
#301 = CARTESIAN_POINT ( 'NONE',  ( -6.467358481990559405, -37.04535379534486594, 11.28527062857528840 ) ) ;
#302 = CARTESIAN_POINT ( 'NONE',  ( 11.91809821178163986, -27.60972020768774016, 40.90444500535537031 ) ) ;
#303 = OPEN_SHELL ( 'NONE', ( #4121 ) ) ;
#304 = EDGE_CURVE ( 'NONE', #3976, #5484, #3302, .T. ) ;
#305 = CARTESIAN_POINT ( 'NONE',  ( 16.00562839433093387, -36.19877267647329688, 27.17279561922492093 ) ) ;
#306 = CARTESIAN_POINT ( 'NONE',  ( -3.671957657472794789, -41.61891006585364750, -7.620062377348030047 ) ) ;
#307 = ORIENTED_EDGE ( 'NONE', *, *, #548, .F. ) ;
#308 = CARTESIAN_POINT ( 'NONE',  ( 5.507998865209059680, -41.97550274140640170, 0.2042346704692374892 ) ) ;
#309 = CARTESIAN_POINT ( 'NONE',  ( -22.00000000000001776, -6.042206018788412791, -32.28729223149981209 ) ) ;
#310 = CARTESIAN_POINT ( 'NONE',  ( -12.11430559595274303, -38.30785232897611792, 0.03251988226166430129 ) ) ;
#311 = CARTESIAN_POINT ( 'NONE',  ( -9.180038008140789074, -41.98503258812255012, 6.840001279900169706 ) ) ;
#312 = CARTESIAN_POINT ( 'NONE',  ( -22.63986487163187178, -6.042206018788416344, 48.96270776850018080 ) ) ;
#313 = VERTEX_POINT ( 'NONE', #3774 ) ;
#314 = EDGE_CURVE ( 'NONE', #481, #4768, #4800, .T. ) ;
#315 = B_SPLINE_CURVE_WITH_KNOTS ( 'NONE', 3,
 ( #931, #5785, #2887, #5247, #516, #901, #425, #5756, #1904, #4291, #1395, #2856, #1969, #4323, #4797, #3760, #2324, #3378, #3850, #15, #1936, #4229, #1455, #2945, #2383, #4733, #1486, #3788, #4764, #5309, #5695, #2351, #989, #6236 ),
 .UNSPECIFIED., .F., .F.,
 ( 4, 2, 2, 2, 2, 2, 2, 2, 2, 2, 2, 2, 2, 2, 2, 2, 4 ),
 ( 0.000000000000000000, 0.06250000000000000000, 0.1250000000000000000, 0.1875000000000000000, 0.2500000000000000000, 0.3125000000000000000, 0.3750000000000000000, 0.4375000000000000000, 0.5000000000000000000, 0.5625000000000000000, 0.6250000000000000000, 0.6875000000000000000, 0.7500000000000000000, 0.8125000000000000000, 0.8750000000000000000, 0.9375000000000000000, 1.000000000000000000 ),
 .UNSPECIFIED. ) ;
#316 = CARTESIAN_POINT ( 'NONE',  ( -22.00000000000000355, -6.042206017375267635, -48.91981981132212809 ) ) ;
#317 = CARTESIAN_POINT ( 'NONE',  ( -8.283957635921989748, -42.10625223215095758, -3.518011440790580036 ) ) ;
#318 = CARTESIAN_POINT ( 'NONE',  ( -8.665578419826818646, -42.18400364149881199, -2.435062600803993949 ) ) ;
#319 = CARTESIAN_POINT ( 'NONE',  ( -46.52372868451179500, -6.042206017375217009, 28.79519101414247118 ) ) ;
#320 = CARTESIAN_POINT ( 'NONE',  ( 172.6772380009915935, -20.95902901126225615, -172.5544760019827208 ) ) ;
#321 = CARTESIAN_POINT ( 'NONE',  ( 8.996320277648917951, -42.29542734184489206, 0.2968137825912690042 ) ) ;
#322 = CARTESIAN_POINT ( 'NONE',  ( 6.773004003839073306, -41.88192477425906901, 5.934218531132894547 ) ) ;
#323 = CARTESIAN_POINT ( 'NONE',  ( -38.05161031703013208, -6.042206018788409239, -48.95395889816647639 ) ) ;
#324 = CARTESIAN_POINT ( 'NONE',  ( -3.671994890360334995, -41.88319309264450396, -0.9195519099549739339 ) ) ;
#325 = CARTESIAN_POINT ( 'NONE',  ( -7.343993753894100252, -42.10689525709390324, -1.124082987036183923 ) ) ;
#326 = CARTESIAN_POINT ( 'NONE',  ( 3.492947504443977724, -37.54964022466890583, 8.294540972870400708 ) ) ;
#327 = CARTESIAN_POINT ( 'NONE',  ( 99.14500000000001023, -64.66763823405520384, -2.673877255218193873E-14 ) ) ;
#328 = CYLINDRICAL_SURFACE ( 'NONE', #3258, 13.00000000000000000 ) ;
#329 = EDGE_CURVE ( 'NONE', #3976, #4384, #3369, .T. ) ;
#330 = CARTESIAN_POINT ( 'NONE',  ( -18.00000000000000000, -23.68619686104764810, 39.70994965335955840 ) ) ;
#331 = CARTESIAN_POINT ( 'NONE',  ( -9.000000000000000000, -42.30661100815940046, -7.355114230846949610E-16 ) ) ;
#332 = CARTESIAN_POINT ( 'NONE',  ( -7.795981180651955000, -37.20730524620547897, 10.40690377590328275 ) ) ;
#333 = CARTESIAN_POINT ( 'NONE',  ( 1.920595993667337353, -8.683033718084871566, 57.11476923347311185 ) ) ;
#334 = CARTESIAN_POINT ( 'NONE',  ( 17.42144589470643368, -39.48246332000168479, 18.28264243055745197 ) ) ;
#335 = CARTESIAN_POINT ( 'NONE',  ( -12.98101139867664600, -38.31026286157674576, 1.765527266346387680 ) ) ;
#336 = ORIENTED_EDGE ( 'NONE', *, *, #1536, .T. ) ;
#337 = CARTESIAN_POINT ( 'NONE',  ( -5.507996594094088927, -41.96905090737419641, -0.6129494072930899984 ) ) ;
#338 = CARTESIAN_POINT ( 'NONE',  ( 15.72869204476139160, -35.57865219394462031, -28.49435078529817389 ) ) ;
#339 = CARTESIAN_POINT ( 'NONE',  ( 76.26761425210303003, -63.39640923772801528, 7.776272002010028217 ) ) ;
#340 = EDGE_CURVE ( 'NONE', #581, #5853, #1920, .T. ) ;
#341 = VECTOR ( 'NONE', #4139, 1000.000000000000000 ) ;
#342 = CARTESIAN_POINT ( 'NONE',  ( -5.508016847164520335, -41.92984125614904656, 3.031836678291874865 ) ) ;
#343 = PLANE ( 'NONE',  #4414 ) ;
#344 = CARTESIAN_POINT ( 'NONE',  ( 140.1670044770244488, -13.94371515320614918, 93.25435491082637895 ) ) ;
#345 = CARTESIAN_POINT ( 'NONE',  ( -8.665578419826818646, -42.18400364149881199, -2.435062600803993949 ) ) ;
#346 =( BOUNDED_CURVE ( )  B_SPLINE_CURVE ( 3, ( #5940, #1075, #103, #2092 ),
 .UNSPECIFIED., .F., .F. ) 
 B_SPLINE_CURVE_WITH_KNOTS ( ( 4, 4 ),
 ( 4.755682002596558063E-17, 0.2523827344788250882 ),
 .UNSPECIFIED. ) 
 CURVE ( )  GEOMETRIC_REPRESENTATION_ITEM ( )  RATIONAL_B_SPLINE_CURVE ( ( 0.6469761212235316528, 0.3682674978800073995, 0.4859421241388302004, 1.000000000000000000 ) ) 
 REPRESENTATION_ITEM ( '' )  );
#347 = CARTESIAN_POINT ( 'NONE',  ( -8.820367819619601590, -42.22350495640507972, -1.789244676290038027 ) ) ;
#348 = CARTESIAN_POINT ( 'NONE',  ( 190.8134217086285105, -5.512702099187779758, 1.877163863941870114E-14 ) ) ;
#349 = CARTESIAN_POINT ( 'NONE',  ( 13.22810880880770590, -33.22972007004717909, -146.3437823823845179 ) ) ;
#350 = CARTESIAN_POINT ( 'NONE',  ( 8.999999999999991118, -42.30661158428969060, 0.1491295035475050934 ) ) ;
#351 = CARTESIAN_POINT ( 'NONE',  ( 7.799899573964489186, -42.02418059112930138, 4.499905701348998477 ) ) ;
#352 = CARTESIAN_POINT ( 'NONE',  ( -30.99349643202463866, -6.042206018788411903, -19.78729223149981564 ) ) ;
#353 = CARTESIAN_POINT ( 'NONE',  ( -7.344001134591909619, -42.10616211114324869, 0.2041632554519854925 ) ) ;
#354 = CARTESIAN_POINT ( 'NONE',  ( -9.179978988388608485, -42.16512765732630186, -3.781320175800360506 ) ) ;
#355 = CARTESIAN_POINT ( 'NONE',  ( -3.341150730729465668, -37.54046432099383424, 8.356845803149511198 ) ) ;
#356 = CARTESIAN_POINT ( 'NONE',  ( 98.49491907783627198, -63.39640923772801528, -4.104477973369242250 ) ) ;
#357 = CARTESIAN_POINT ( 'NONE',  ( -22.00000000000000000, -6.042206018788405686, 5.212707768500186134 ) ) ;
#358 = EDGE_CURVE ( 'NONE', #1276, #176, #5727, .T. ) ;
#359 = CARTESIAN_POINT ( 'NONE',  ( -18.00000000000000000, -37.24753809675059557, 11.41428795664992002 ) ) ;
#360 = CARTESIAN_POINT ( 'NONE',  ( -8.972242699289962431, -42.27891282786578842, 0.7072753355835625921 ) ) ;
#361 = CARTESIAN_POINT ( 'NONE',  ( 1.684724978767659944E-05, -41.75539727428019887, -3.031867284727844947 ) ) ;
#362 = CARTESIAN_POINT ( 'NONE',  ( -2.088352753548269547, -36.72939125712183284, 12.83832501099898060 ) ) ;
#363 = CARTESIAN_POINT ( 'NONE',  ( 7.558867569159015254, -41.98810925890759904, -4.885336353360954398 ) ) ;
#364 = DIRECTION ( 'NONE',  ( 0.000000000000000000, 1.000000000000000000, 0.000000000000000000 ) ) ;
#365 = CARTESIAN_POINT ( 'NONE',  ( -4.667665778224310122E-05, -41.49435253679070001, 8.400031655487991245 ) ) ;
#366 = ORIENTED_EDGE ( 'NONE', *, *, #1702, .T. ) ;
#367 = CARTESIAN_POINT ( 'NONE',  ( -3.672003405763780481, -41.88853576663194644, 0.6128983965664729361 ) ) ;
#368 = CARTESIAN_POINT ( 'NONE',  ( 18.14835077620705306, -41.17720181703200666, -10.94943957141277480 ) ) ;
#369 = CARTESIAN_POINT ( 'NONE',  ( 13.15949949251191953, -37.58412590509600193, 8.970993739684610446 ) ) ;
#370 = CARTESIAN_POINT ( 'NONE',  ( -5.508006245906900133, -41.96795418391710797, 1.124011572018924099 ) ) ;
#371 = CARTESIAN_POINT ( 'NONE',  ( 4.349351077184354430, -41.64531798461802481, 7.901198083154197249 ) ) ;
#372 = CARTESIAN_POINT ( 'NONE',  ( 4.590127777253520058, -36.88307306031175870, 12.10587647252892296 ) ) ;
#373 = CARTESIAN_POINT ( 'NONE',  ( 104.6814343179371889, -56.13001623236041127, 31.70761288909761788 ) ) ;
#374 = CARTESIAN_POINT ( 'NONE',  ( -12.48906257341552362, -38.08426678289656309, 3.652522812454963574 ) ) ;
#375 = CARTESIAN_POINT ( 'NONE',  ( 89.70682830119308449, -63.39640923772800818, -12.33688346056970886 ) ) ;
#376 = CARTESIAN_POINT ( 'NONE',  ( -18.01342170862875136, -5.512702099187750449, -5.984682371069239840E-15 ) ) ;
#377 = FACE_OUTER_BOUND ( 'NONE', #1361, .T. ) ;
#378 = CARTESIAN_POINT ( 'NONE',  ( -5.252594475729829959, -41.72030738792415860, -7.314157551165383353 ) ) ;
#379 = CARTESIAN_POINT ( 'NONE',  ( -7.343998297827839750, -42.11316998251304966, -0.3063469046312060073 ) ) ;
#380 = CARTESIAN_POINT ( 'NONE',  ( 3.672021011412359925, -41.81617290948474874, -3.781248760783105123 ) ) ;
#381 = CARTESIAN_POINT ( 'NONE',  ( 7.326274260278463402, -37.93379440382810230, 5.235568897347164352 ) ) ;
#382 = LINE ( 'NONE', #4216, #3803 ) ;
#383 = CARTESIAN_POINT ( 'NONE',  ( -29.74179517757891134, -6.042206018788405686, -7.287292231499815642 ) ) ;
#384 = ADVANCED_FACE ( 'NONE', ( #428 ), #4681, .F. ) ;
#385 = CARTESIAN_POINT ( 'NONE',  ( -12.89741298316047313, -38.22175524512771005, 1.774327220852870646 ) ) ;
#386 = CARTESIAN_POINT ( 'NONE',  ( 73.65500000000000114, -63.39640923772800818, -3.121624691026614877E-15 ) ) ;
#387 = CARTESIAN_POINT ( 'NONE',  ( -4.395138456692786022, -41.64972074606592400, 7.858566884020694587 ) ) ;
#388 = CARTESIAN_POINT ( 'NONE',  ( 12.57900403427108138, -38.10836948593867390, 3.390478688708423505 ) ) ;
#389 = CARTESIAN_POINT ( 'NONE',  ( 8.972243770243826688, -42.27891347377968856, -0.7072617497133797393 ) ) ;
#390 = CARTESIAN_POINT ( 'NONE',  ( 11.91809821178163986, -27.60972020768774016, 40.90444500535537031 ) ) ;
#391 = CARTESIAN_POINT ( 'NONE',  ( -9.180046676515619453, -41.87592484899965228, 8.399980644761390280 ) ) ;
#392 = ORIENTED_EDGE ( 'NONE', *, *, #4081, .F. ) ;
#393 = CARTESIAN_POINT ( 'NONE',  ( 5.508021011383919863, -41.90336651180879102, -3.781238558637785019 ) ) ;
#394 = DIRECTION ( 'NONE',  ( -1.000000000000000000, 0.000000000000000000, 0.000000000000000000 ) ) ;
#395 = CARTESIAN_POINT ( 'NONE',  ( -5.507953323256949751, -41.64573389326320552, -8.400062261923959994 ) ) ;
#396 = CARTESIAN_POINT ( 'NONE',  ( -13.15518455823439936, -38.31026286157670313, -0.1470188481355378107 ) ) ;
#397 = CARTESIAN_POINT ( 'NONE',  ( -1.684724981805610017E-05, -41.75539727404530055, 3.031867284727840062 ) ) ;
#398 = CARTESIAN_POINT ( 'NONE',  ( 8.068811255032619201, -37.25580147472214776, 10.13000599269524926 ) ) ;
#399 = CARTESIAN_POINT ( 'NONE',  ( 86.14473783712179511, -57.95386985700420013, 24.21589985473444884 ) ) ;
#400 = FACE_OUTER_BOUND ( 'NONE', #512, .T. ) ;
#401 = CARTESIAN_POINT ( 'NONE',  ( -8.853119307690247908, -37.35810549100937550, 9.529126816200616190 ) ) ;
#402 = CARTESIAN_POINT ( 'NONE',  ( -8.823443876404089892, -42.22437468458102927, -1.774025088953224749 ) ) ;
#403 = CARTESIAN_POINT ( 'NONE',  ( 73.65499999999991587, -63.39640923772795134, 25.49000000000009081 ) ) ;
#404 = ADVANCED_FACE ( 'NONE', ( #4177 ), #5137, .T. ) ;
#405 = CARTESIAN_POINT ( 'NONE',  ( -5.508046676572489808, -41.64574234806979547, 8.400001049052029600 ) ) ;
#406 = CARTESIAN_POINT ( 'NONE',  ( 7.344021011355500228, -42.01819183936184743, -3.781228356492464915 ) ) ;
#407 = CARTESIAN_POINT ( 'NONE',  ( 185.3328331859785010, -6.042206017371060334, 1.387778780781449935E-14 ) ) ;
#408 = CARTESIAN_POINT ( 'NONE',  ( -3.671993753950965278, -41.88114169208939330, -1.124062582745539940 ) ) ;
#409 = CARTESIAN_POINT ( 'NONE',  ( 7.344011546507249300, -42.08122902396474529, -2.077913923010084929 ) ) ;
#410 = CARTESIAN_POINT ( 'NONE',  ( 7.152237611290309438, -37.90899518122911616, 5.470920705522118510 ) ) ;
#411 = CARTESIAN_POINT ( 'NONE',  ( 8.329822329176511886, -38.10250765479516133, 3.407954848268750503 ) ) ;
#412 = DIRECTION ( 'NONE',  ( 0.000000000000000000, 0.000000000000000000, -1.000000000000000000 ) ) ;
#413 = CARTESIAN_POINT ( 'NONE',  ( -6.264785089646018434, -37.03650578394107384, 11.32980161994951729 ) ) ;
#414 = LINE ( 'NONE', #3805, #3737 ) ;
#415 = CARTESIAN_POINT ( 'NONE',  ( -1.117494968063858618, -41.48872398778406989, 9.000777874247246402 ) ) ;
#416 = CARTESIAN_POINT ( 'NONE',  ( -18.01342170862873715, -5.512702099187741567, 208.8268434172573507 ) ) ;
#417 = CARTESIAN_POINT ( 'NONE',  ( 8.532498018507348903, -42.15467864027165490, -2.867048573948822288 ) ) ;
#418 = VECTOR ( 'NONE', #3672, 1000.000000000000000 ) ;
#419 = CARTESIAN_POINT ( 'NONE',  ( 11.73173838423053361, -27.23863489108700264, 41.35304209913171292 ) ) ;
#420 = CARTESIAN_POINT ( 'NONE',  ( 5.507957657444329413, -41.69805266500074481, 7.620072579493349707 ) ) ;
#421 = VERTEX_POINT ( 'NONE', #4231 ) ;
#422 = CARTESIAN_POINT ( 'NONE',  ( 5.508016847164491026, -41.92984125661909900, -3.031836678291880194 ) ) ;
#423 = CARTESIAN_POINT ( 'NONE',  ( 172.6772380009915935, -20.95902901126225615, -172.5544760019827208 ) ) ;
#424 = CARTESIAN_POINT ( 'NONE',  ( -2.950987610365085034E-05, -41.67149771610429809, 5.310660727850260443 ) ) ;
#425 = CARTESIAN_POINT ( 'NONE',  ( 32.11198985110596738, -6.042206017375215232, 88.88511403668070443 ) ) ;
#426 = AXIS2_PLACEMENT_3D ( 'NONE', #4550, #3159, #1208 ) ;
#427 = CARTESIAN_POINT ( 'NONE',  ( -6.245992199551350868E-06, -41.78975016820130151, 1.124042178454889962 ) ) ;
#428 = FACE_OUTER_BOUND ( 'NONE', #4197, .T. ) ;
#429 = CARTESIAN_POINT ( 'NONE',  ( -17.60597693396296748, -6.042206017372975246, -208.0119538679261098 ) ) ;
#430 = EDGE_CURVE ( 'NONE', #2606, #1654, #2240, .T. ) ;
#431 = CARTESIAN_POINT ( 'NONE',  ( -12.99553091679957895, -38.31026187940302208, 0.0001336912975863206211 ) ) ;
#432 = CARTESIAN_POINT ( 'NONE',  ( 3.396298652983297472, -36.78970689979131947, 12.55583831115972515 ) ) ;
#433 = CARTESIAN_POINT ( 'NONE',  ( 69.65500000000000114, -58.93658393131480011, -2.033582938513375123E-15 ) ) ;
#434 = CARTESIAN_POINT ( 'NONE',  ( 191.2208664832945146, -4.983198181002509664, 1.884488981680940006E-14 ) ) ;
#435 = CARTESIAN_POINT ( 'NONE',  ( 62.18275481095512447, -57.95386985700431381, -48.43449037808966295 ) ) ;
#436 = CARTESIAN_POINT ( 'NONE',  ( 8.086068962920393233, -42.06939399073029762, -3.995665832922445038 ) ) ;
#437 = CARTESIAN_POINT ( 'NONE',  ( -8.958427629459684738, -42.27170887189578252, 0.8640977772457101302 ) ) ;
#438 = CARTESIAN_POINT ( 'NONE',  ( 8.416370021241579735, -38.11982767680161999, 3.189883261990897445 ) ) ;
#439 = CARTESIAN_POINT ( 'NONE',  ( 7.827115286238996994, -38.01195466135912682, 4.445322836296548452 ) ) ;
#440 = PLANE ( 'NONE',  #6185 ) ;
#441 = CARTESIAN_POINT ( 'NONE',  ( -2.919523374331801424, -36.77778364371865649, 12.61156504335455075 ) ) ;
#442 = CARTESIAN_POINT ( 'NONE',  ( 191.2208664832945146, -4.983198181002489235, 1.283685386226185869E-14 ) ) ;
#443 = CARTESIAN_POINT ( 'NONE',  ( 2.011414967698742284, -41.52191815942261144, 8.777300994269539913 ) ) ;
#444 = CARTESIAN_POINT ( 'NONE',  ( 73.65499999999991587, -63.39640923772795134, 25.49000000000009081 ) ) ;
#445 = CARTESIAN_POINT ( 'NONE',  ( 4.416144755267277233, -13.30293382136083835, 54.02233177467495295 ) ) ;
#446 = CARTESIAN_POINT ( 'NONE',  ( 8.999999999999991118, -42.30661158428969060, 0.1491295035475050934 ) ) ;
#447 = CARTESIAN_POINT ( 'NONE',  ( 8.124592631104393448, -20.25452499155181130, 48.52671753140401023 ) ) ;
#448 = FACE_OUTER_BOUND ( 'NONE', #4369, .T. ) ;
#449 = VERTEX_POINT ( 'NONE', #1790 ) ;
#450 = ORIENTED_EDGE ( 'NONE', *, *, #4779, .F. ) ;
#451 = CARTESIAN_POINT ( 'NONE',  ( 3.672016847192915101, -41.84322007499505247, -3.031846880437200298 ) ) ;
#452 = CARTESIAN_POINT ( 'NONE',  ( -9.000000000000000000, -42.30661100815940046, -7.355114230846949610E-16 ) ) ;
#453 = ADVANCED_FACE ( 'NONE', ( #2826 ), #343, .F. ) ;
#454 = CARTESIAN_POINT ( 'NONE',  ( -7.344021011355519768, -42.01819183912319744, 3.781228356492460474 ) ) ;
#455 = DIRECTION ( 'NONE',  ( -1.334604752262063986E-16, -1.000000000000000000, 0.000000000000000000 ) ) ;
#456 = CARTESIAN_POINT ( 'NONE',  ( 185.3328331859785010, -6.042206017371060334, 1.387778780781449935E-14 ) ) ;
#457 = CARTESIAN_POINT ( 'NONE',  ( -7.344003405706920340, -42.11401879208690247, 0.6128779922758300636 ) ) ;
#458 = CARTESIAN_POINT ( 'NONE',  ( -0.3945022138698137115, -36.70784504339049192, 12.93738834944361216 ) ) ;
#459 = ORIENTED_EDGE ( 'NONE', *, *, #2038, .T. ) ;
#460 = CARTESIAN_POINT ( 'NONE',  ( 73.65499999999991587, -63.39640923772795134, -25.49000000000009081 ) ) ;
#461 = CALENDAR_DATE ( 2026, 5, 6 ) ;
#462 = CARTESIAN_POINT ( 'NONE',  ( 103.1449999999999960, -58.93658393131480011, 5.007450250832799374E-15 ) ) ;
#463 = CARTESIAN_POINT ( 'NONE',  ( -22.00000000000000355, -6.042206018788409239, 48.96270776850018080 ) ) ;
#464 = CARTESIAN_POINT ( 'NONE',  ( -8.987859919098742267, -42.28863064962452256, -0.4673396365054932056 ) ) ;
#465 = CARTESIAN_POINT ( 'NONE',  ( 3.724843242883058014, -41.60366366002243410, 8.198352839425425032 ) ) ;
#466 = CARTESIAN_POINT ( 'NONE',  ( 226.6457644257074833, 4.652597994208250043, 137.9613978004092019 ) ) ;
#467 = CARTESIAN_POINT ( 'NONE',  ( 3.672021011412359925, -41.81617290948474874, -3.781248760783105123 ) ) ;
#468 = CARTESIAN_POINT ( 'NONE',  ( -8.540573850610243767, -42.15398774951806615, -2.899835227042004249 ) ) ;
#469 = CARTESIAN_POINT ( 'NONE',  ( 3.672051010788299763, -41.51274637520825195, -9.180000933627960436 ) ) ;
#470 = CARTESIAN_POINT ( 'NONE',  ( 86.40000000000000568, -58.25464714294840007, 0.000000000000000000 ) ) ;
#471 = AXIS2_PLACEMENT_3D ( 'NONE', #2078, #1560, #5488 ) ;
#472 = CARTESIAN_POINT ( 'NONE',  ( 8.999987150092637833, -38.30413965686235400, 0.01520848997229347528 ) ) ;
#473 = CARTESIAN_POINT ( 'NONE',  ( 5.180795350596682169, -36.93246769969130128, 11.86057378922405370 ) ) ;
#474 = CARTESIAN_POINT ( 'NONE',  ( 7.520443126665478317, -19.11064084953765274, -49.52539735965775236 ) ) ;
#475 = CARTESIAN_POINT ( 'NONE',  ( -8.099901292874905678, -42.07307853708390155, 3.934278533391460719 ) ) ;
#476 = CARTESIAN_POINT ( 'NONE',  ( -17.60597693396299945, -6.042206017373009885, -5.961328787590949350E-15 ) ) ;
#477 = CARTESIAN_POINT ( 'NONE',  ( 7.140281809248411271, -41.92929463086041153, -5.486572177406674022 ) ) ;
#478 = CARTESIAN_POINT ( 'NONE',  ( 8.585627289022157882, -21.13092592223727806, 47.73628670329546964 ) ) ;
#479 = CARTESIAN_POINT ( 'NONE',  ( 3.671970490067030024, -41.75190379147124986, 5.310681132140909533 ) ) ;
#480 = EDGE_LOOP ( 'NONE', ( #1013, #3322, #5242, #5252, #3419 ) ) ;
#481 = VERTEX_POINT ( 'NONE', #3705 ) ;
#482 = CARTESIAN_POINT ( 'NONE',  ( 9.180029509733920179, -42.08224734154784841, -5.310609717123659479 ) ) ;
#483 = CARTESIAN_POINT ( 'NONE',  ( 0.1227619990086116220, -20.95902901126222773, -172.5544760019827208 ) ) ;
#484 = EDGE_CURVE ( 'NONE', #724, #5485, #5609, .T. ) ;
#485 = CARTESIAN_POINT ( 'NONE',  ( -9.180021011327090363, -42.16513681441784911, 3.781218154347139926 ) ) ;
#486 = CARTESIAN_POINT ( 'NONE',  ( -0.001283415555043834018, 11.74493434166574168, -0.06168758558244399198 ) ) ;
#487 = EDGE_CURVE ( 'NONE', #481, #4590, #1392, .T. ) ;
#488 = CARTESIAN_POINT ( 'NONE',  ( -12.99553091679957895, -38.31026187940302208, 0.0001336912975863206211 ) ) ;
#489 = CARTESIAN_POINT ( 'NONE',  ( -7.343994890303470413, -42.10820886388219719, -0.9195723142456169175 ) ) ;
#490 = CARTESIAN_POINT ( 'NONE',  ( -6.994251061820816240, -37.11834767767592780, 10.89544962596576205 ) ) ;
#491 = ORIENTED_EDGE ( 'NONE', *, *, #3680, .T. ) ;
#492 = CARTESIAN_POINT ( 'NONE',  ( 20.13201909064075323, -38.30748449334880235, -0.07350728171799320032 ) ) ;
#493 = PERSON_AND_ORGANIZATION ( #1411, #5735 ) ;
#494 = B_SPLINE_SURFACE_WITH_KNOTS ( 'NONE', 5, 5, ( 
 ( #6081, #1302, #5157, #3725, #2735, #3669, #840, #5659, #4700 ),
 ( #391, #6166, #2319, #4171, #365, #4225, #1835, #3282, #5211 ),
 ( #895, #3198, #1783, #2818, #5631, #4727, #420, #4253, #3782 ),
 ( #5718, #1387, #3312, #5241, #4855, #982, #1011, #5400, #4316 ),
 ( #6230, #41, #5749, #1993, #5809, #479, #1480, #578, #2910 ),
 ( #614, #2881, #4789, #1449, #3810, #4284, #4823, #3466, #2502 ),
 ( #4350, #2939, #3843, #1546, #73, #1897, #510, #5332, #3401 ),
 ( #1079, #1420, #2437, #2971, #107, #3907, #9, #5778, #4382 ),
 ( #547, #2471, #5841, #5876, #3372, #3433, #5302, #1962, #2407 ),
 ( #1511, #5367, #1045, #3875, #4891, #3003, #4416, #2028, #1929 ),
 ( #3939, #4926, #3340, #5271, #952, #2133, #4579, #2664, #267 ),
 ( #1180, #1147, #2198, #5434, #2569, #1652, #5944, #6014, #4075 ),
 ( #4103, #2635, #714, #5909, #2166, #4549, #3070, #2062, #1617 ),
 ( #3130, #4043, #5088, #5979, #3102, #238, #1114, #3975, #3535 ),
 ( #5504, #2535, #5058, #3631, #6043, #1684, #2097, #4450, #4482 ),
 ( #3599, #5533, #1716, #1207, #5564, #682, #141, #742, #4997 ),
 ( #1237, #3158, #648, #1580, #3501, #3037, #4959, #174, #4008 ),
 ( #5470, #2604, #4518, #208, #3571, #5030, #5595, #2806, #4636 ),
 ( #5679, #325, #2694, #4690, #6156, #5120, #801, #1266, #5649 ),
 ( #3300, #2255, #5707, #4187, #4214, #3186, #5201, #409, #4160 ),
 ( #772, #885, #3716, #1744, #295, #3688, #1854, #3215, #3772 ),
 ( #354, #2336, #859, #5176, #4132, #380, #2781, #5622, #2226 ),
 ( #2309, #1349, #2284, #4606, #6130, #1320, #1825, #2723, #6072 ),
 ( #1293, #3245, #3660, #5147, #3743, #829, #3271, #6100, #4716 ),
 ( #1774, #2753, #4664, #4243, #1802, #6186, #1376, #5323, #3898 ),
 ( #4780, #3832, #4815, #2931, #4306, #3866, #33, #2462, #2872 ),
 ( #502, #4273, #4373, #5358, #537, #469, #5801, #2837, #972 ) ),
 .UNSPECIFIED., .F., .F., .F.,
 ( 6, 3, 3, 3, 3, 3, 3, 3, 6 ),
 ( 6, 3, 6 ),
 ( -9.180021338060340597, -5.280072925847080434, -1.533063524059694815, -0.5105101600910710857, 3.552713678800500140E-15, 0.5105101600910760817, 1.533063524059699922, 5.280072925847080434, 9.180021338060329938 ),
 ( -9.179999999999569837, -1.776356839400250070E-15, 9.179999999999560956 ),
 .UNSPECIFIED. ) ;
#495 = CARTESIAN_POINT ( 'NONE',  ( -12.14188000672989354, -37.99267990074206836, 4.649804015325684325 ) ) ;
#496 = CARTESIAN_POINT ( 'NONE',  ( -53.58330569984575931, -6.261272240627560492, 15.42164038722743058 ) ) ;
#497 = CARTESIAN_POINT ( 'NONE',  ( -8.855196200313150356, -42.23343727972039829, -1.614440787517435805 ) ) ;
#498 = CARTESIAN_POINT ( 'NONE',  ( 6.731684883667853114, -37.85280031469066842, 5.976773710335073098 ) ) ;
#499 = CARTESIAN_POINT ( 'NONE',  ( 5.940749167428559296, -41.78729603274308602, 6.767215317004387387 ) ) ;
#500 = LINE ( 'NONE', #3739, #1040 ) ;
#501 = CARTESIAN_POINT ( 'NONE',  ( -8.980863916448589279, -42.28337929619871716, -0.5991224933487614424 ) ) ;
#502 = CARTESIAN_POINT ( 'NONE',  ( -9.179948989012670424, -41.81641118698129844, -9.180072348645209601 ) ) ;
#503 = CARTESIAN_POINT ( 'NONE',  ( -8.820546818096580921, -38.21641429076588281, 1.791100603580174866 ) ) ;
#504 = CARTESIAN_POINT ( 'NONE',  ( -11.88162102544398735, -37.93572511453007223, 5.215722788437174628 ) ) ;
#505 = CARTESIAN_POINT ( 'NONE',  ( 7.759454931306018821, -19.56259817845598548, -49.13510200638841496 ) ) ;
#506 = CARTESIAN_POINT ( 'NONE',  ( -3.456573224928755739, -41.58814372734045861, 8.309763126837840019 ) ) ;
#507 = CARTESIAN_POINT ( 'NONE',  ( 226.6457644257074833, -0.6948040115835000252, 137.9613978004092019 ) ) ;
#508 = CARTESIAN_POINT ( 'NONE',  ( -4.349351072615955438, -41.64531798419383790, -7.901198085674529636 ) ) ;
#509 = CARTESIAN_POINT ( 'NONE',  ( 4.416144755267277233, -13.30293382136083835, 54.02233177467495295 ) ) ;
#510 = CARTESIAN_POINT ( 'NONE',  ( 5.507983152664880144, -41.92983744923065359, 3.031897891163805259 ) ) ;
#511 = ORIENTED_EDGE ( 'NONE', *, *, #4405, .F. ) ;
#512 = EDGE_LOOP ( 'NONE', ( #1655, #927, #74 ) ) ;
#513 = CARTESIAN_POINT ( 'NONE',  ( 9.180042342328178506, -41.93205553827840504, -7.619990962330779105 ) ) ;
#514 = CARTESIAN_POINT ( 'NONE',  ( -7.932325943518833355, -38.31026286157675287, 10.37433737848164839 ) ) ;
#515 = CARTESIAN_POINT ( 'NONE',  ( -3.672006245935335311, -41.88114297891964810, 1.124021774164245979 ) ) ;
#516 = CARTESIAN_POINT ( 'NONE',  ( 18.72930387904082039, -6.042206017375215232, 79.17340733974266698 ) ) ;
#517 = CARTESIAN_POINT ( 'NONE',  ( -69.00494608707319344, -10.65509899405392957, -8.511434807347109555 ) ) ;
#518 = CARTESIAN_POINT ( 'NONE',  ( -10.79119915496017512, -38.30806516111484683, 0.08783069129640413975 ) ) ;
#519 = CARTESIAN_POINT ( 'NONE',  ( -7.343998297827839750, -42.11316998251304966, -0.3063469046312060073 ) ) ;
#520 = B_SPLINE_CURVE_WITH_KNOTS ( 'NONE', 3,
 ( #6074, #5624, #831, #1747, #356, #3662, #2311, #2696, #6045, #1239, #1776, #5597, #1268, #3690, #3718, #3745, #5681, #1295, #2755, #3217, #3188, #5651, #5090, #1718, #1351, #5178, #3160, #1322, #2286, #4666, #4189, #5149, #2666, #774 ),
 .UNSPECIFIED., .F., .F.,
 ( 4, 2, 2, 2, 2, 2, 2, 2, 2, 2, 2, 2, 2, 2, 2, 2, 4 ),
 ( 0.000000000000000000, 0.06250000000000000000, 0.1250000000000000000, 0.1875000000000000000, 0.2500000000000000000, 0.3125000000000000000, 0.3750000000000000000, 0.4375000000000000000, 0.5000000000000000000, 0.5625000000000000000, 0.6250000000000000000, 0.6875000000000000000, 0.7500000000000000000, 0.8125000000000000000, 0.8750000000000000000, 0.9375000000000000000, 1.000000000000000000 ),
 .UNSPECIFIED. ) ;
#521 = CARTESIAN_POINT ( 'NONE',  ( -12.12958952756172337, -37.99508265654171879, 4.632112951774709053 ) ) ;
#522 = ORIENTED_EDGE ( 'NONE', *, *, #959, .T. ) ;
#523 = CARTESIAN_POINT ( 'NONE',  ( 226.6457644257074833, -6.042206017375390203, -137.7671940876994086 ) ) ;
#524 = AXIS2_PLACEMENT_3D ( 'NONE', #2491, #1102, #2017 ) ;
#525 = DATE_TIME_ROLE ( 'classification_date' ) ;
#526 = EDGE_CURVE ( 'NONE', #3844, #3005, #6218, .T. ) ;
#527 = CARTESIAN_POINT ( 'NONE',  ( -1.605475313539599380, -37.46490076523279811, -8.856868045238611487 ) ) ;
#528 = CARTESIAN_POINT ( 'NONE',  ( 13.15949949251191953, -38.13805647533410337, 4.535102704269229790 ) ) ;
#529 = B_SPLINE_CURVE_WITH_KNOTS ( 'NONE', 3,
 ( #4820, #507, #2434, #4346 ),
 .UNSPECIFIED., .F., .F.,
 ( 4, 4 ),
 ( 0.000000000000000000, 1.000000000000000000 ),
 .UNSPECIFIED. ) ;
#530 = CARTESIAN_POINT ( 'NONE',  ( 20.34536719873065280, -38.31026286157670313, 0.1470188481355287902 ) ) ;
#531 = CARTESIAN_POINT ( 'NONE',  ( -3.310076273118489620, -37.53863512924472445, 8.369231398606066463 ) ) ;
#532 = CARTESIAN_POINT ( 'NONE',  ( -2.330465194168831466, -41.53308563738156778, 8.698098081315720265 ) ) ;
#533 = ADVANCED_FACE ( 'NONE', ( #5561 ), #2224, .F. ) ;
#534 = AXIS2_PLACEMENT_3D ( 'NONE', #2170, #1720, #6134 ) ;
#535 = CARTESIAN_POINT ( 'NONE',  ( 99.14499999999999602, -63.39640923772800818, 1.544179419989875053E-15 ) ) ;
#536 = VECTOR ( 'NONE', #2824, 1000.000000000000000 ) ;
#537 = CARTESIAN_POINT ( 'NONE',  ( 5.101084516543970309E-05, -41.43984812867625322, -9.180021337918599755 ) ) ;
#538 = CARTESIAN_POINT ( 'NONE',  ( -6.068830206914700653, -37.77248409316628397, 6.646985806146698650 ) ) ;
#539 = CARTESIAN_POINT ( 'NONE',  ( 5.492542446118926946, -41.74082137628351319, -7.154204522285613876 ) ) ;
#540 = CARTESIAN_POINT ( 'NONE',  ( 18.14835077620705306, -41.17720181703200666, -10.94943957141277480 ) ) ;
#541 = CARTESIAN_POINT ( 'NONE',  ( 5.728487630522393736, -41.76636057292076032, 6.943409974946314733 ) ) ;
#542 = AXIS2_PLACEMENT_3D ( 'NONE', #4063, #226, #5523 ) ;
#543 = CARTESIAN_POINT ( 'NONE',  ( -9.000028474184428973, -42.30708906031859584, -8.070543590473060038E-10 ) ) ;
#544 = CARTESIAN_POINT ( 'NONE',  ( 4.032370307847720881, -41.62429543695446910, -8.047270877850257520 ) ) ;
#545 = CARTESIAN_POINT ( 'NONE',  ( -5.241330683352900088, -37.68597157950586052, -7.322236040492172471 ) ) ;
#546 = CARTESIAN_POINT ( 'NONE',  ( -7.344042342356639885, -41.80212089884035720, 7.620001164476099653 ) ) ;
#547 = CARTESIAN_POINT ( 'NONE',  ( -9.180006245850039548, -42.28221066252150706, 1.123991167728281892 ) ) ;
#548 = EDGE_CURVE ( 'NONE', #812, #2472, #2196, .T. ) ;
#549 = VERTEX_POINT ( 'NONE', #5118 ) ;
#550 = VERTEX_POINT ( 'NONE', #1235 ) ;
#551 = CARTESIAN_POINT ( 'NONE',  ( 181.3412373420985091, -6.042206017375328031, -42.82421038511292011 ) ) ;
#552 = CARTESIAN_POINT ( 'NONE',  ( -7.344029509762370012, -41.94464985508825094, 5.310619919268979139 ) ) ;
#553 = CARTESIAN_POINT ( 'NONE',  ( -63.25965496765329021, -6.042206017375230331, -5.535763006845511924 ) ) ;
#554 = CARTESIAN_POINT ( 'NONE',  ( 226.6457644257074833, -6.042206017375390203, -137.7671940876994086 ) ) ;
#555 = CARTESIAN_POINT ( 'NONE',  ( -10.97311852334446591, -38.30789615478200716, 0.08332572360110071519 ) ) ;
#556 = CARTESIAN_POINT ( 'NONE',  ( -5.508001134620349681, -41.97551094595849719, 0.2041734575973070120 ) ) ;
#557 = EDGE_LOOP ( 'NONE', ( #4352, #1629, #3877, #896, #220, #2185, #1513, #6111, #3402, #4972 ) ) ;
#558 = CARTESIAN_POINT ( 'NONE',  ( 139.1842759379911740, -47.26221975847450096, 6.464209457277149827E-15 ) ) ;
#559 = MECHANICAL_CONTEXT ( 'NONE', #2461, 'mechanical' ) ;
#560 = CARTESIAN_POINT ( 'NONE',  ( 10.31491204188333732, -37.60460569716250490, 7.915255735652308999 ) ) ;
#561 = CARTESIAN_POINT ( 'NONE',  ( -32.95247407159062902, -6.042206018788412791, 30.21270776850018436 ) ) ;
#562 = FACE_OUTER_BOUND ( 'NONE', #1182, .T. ) ;
#563 = CARTESIAN_POINT ( 'NONE',  ( 3.492947504443977724, -37.54964022466890583, 8.294540972870400708 ) ) ;
#564 = VERTEX_POINT ( 'NONE', #6069 ) ;
#565 = CARTESIAN_POINT ( 'NONE',  ( 8.923586778539384312, -42.25644038533859259, 1.173651834048647702 ) ) ;
#566 = DIRECTION ( 'NONE',  ( 1.000000000000000000, 0.000000000000000000, 0.000000000000000000 ) ) ;
#567 = CARTESIAN_POINT ( 'NONE',  ( 85.35719728723940136, -6.042206017369100124, 98.92733719608149556 ) ) ;
#568 = CARTESIAN_POINT ( 'NONE',  ( -71.46669839058749574, -70.00000000000000000, -137.7671940876994086 ) ) ;
#569 = CARTESIAN_POINT ( 'NONE',  ( -8.998208884440130007, -42.30221689506522864, 0.1798613075992634980 ) ) ;
#570 = CARTESIAN_POINT ( 'NONE',  ( -7.336954810159215690, -37.93561126943740902, 5.212526908413940063 ) ) ;
#571 = CARTESIAN_POINT ( 'NONE',  ( 2.330465194269168094, -41.53308563738278281, -8.698098081270250859 ) ) ;
#572 = CARTESIAN_POINT ( 'NONE',  ( 15.95807773963913867, -36.09183070586581010, -27.40574390281551231 ) ) ;
#573 = CARTESIAN_POINT ( 'NONE',  ( 8.161877093218212309, -42.08442288354812177, 3.793327288172119172 ) ) ;
#574 = CARTESIAN_POINT ( 'NONE',  ( -12.99553091679957895, -38.31026187940302208, 0.0001336912975863206211 ) ) ;
#575 = CARTESIAN_POINT ( 'NONE',  ( -6.309612667096184069, -41.82778858856597282, -6.417916460570240567 ) ) ;
#576 = CARTESIAN_POINT ( 'NONE',  ( 8.944567155536907066, -38.25402824272521940, -1.160104950362168985 ) ) ;
#577 = CARTESIAN_POINT ( 'NONE',  ( 5.507957657444329413, -41.69805266500074481, 7.620072579493349707 ) ) ;
#578 = CARTESIAN_POINT ( 'NONE',  ( 7.343970490010160113, -41.94464159687049687, 5.310701536431549741 ) ) ;
#579 = EDGE_CURVE ( 'NONE', #277, #2606, #5411, .T. ) ;
#580 = ORIENTED_EDGE ( 'NONE', *, *, #6058, .F. ) ;
#581 = VERTEX_POINT ( 'NONE', #5028 ) ;
#582 = CARTESIAN_POINT ( 'NONE',  ( 0.4875835940445566452, -6.042206017375280069, -58.61996200337880225 ) ) ;
#583 = CARTESIAN_POINT ( 'NONE',  ( 117.9131557670225874, -56.13001623236050364, 3.859248534111614838E-15 ) ) ;
#584 = CARTESIAN_POINT ( 'NONE',  ( 19.97414238607581183, -38.16215791888831177, 2.803165709359845437 ) ) ;
#585 = CARTESIAN_POINT ( 'NONE',  ( -29.00908261417727374, -6.042206017375219673, 47.01492867328759928 ) ) ;
#586 = CARTESIAN_POINT ( 'NONE',  ( 96.11412129959387585, -58.93658393131474327, 16.84832778263185915 ) ) ;
#587 = CARTESIAN_POINT ( 'NONE',  ( -22.00000000000000000, -6.042206017373979776, 58.61996200337829777 ) ) ;
#588 = CARTESIAN_POINT ( 'NONE',  ( 78.84687356048578977, -6.042206017076479085, -169.7111111089945439 ) ) ;
#589 = CARTESIAN_POINT ( 'NONE',  ( -3.672001134648780418, -41.88910343542099923, 0.2041836597426290312 ) ) ;
#590 = VERTEX_POINT ( 'NONE', #4577 ) ;
#591 = CARTESIAN_POINT ( 'NONE',  ( 3.638306303174020151, -11.86020937786048712, -55.01652496315444552 ) ) ;
#592 = APPROVAL_DATE_TIME ( #1492, #3099 ) ;
#593 = CARTESIAN_POINT ( 'NONE',  ( 1.189150949861684126, -37.45414947944725270, -8.926038284503528430 ) ) ;
#594 = CARTESIAN_POINT ( 'NONE',  ( -47.53715543443613001, -2.465018383046231776, 14.29568559494096114 ) ) ;
#595 = FACE_OUTER_BOUND ( 'NONE', #5826, .T. ) ;
#596 = CARTESIAN_POINT ( 'NONE',  ( -7.120315388301849069, -37.90411148410035480, 5.508058894910664804 ) ) ;
#597 = ORIENTED_EDGE ( 'NONE', *, *, #873, .T. ) ;
#598 = CARTESIAN_POINT ( 'NONE',  ( 8.975250954852917573, -42.28044958681199716, -0.6669865514979079757 ) ) ;
#599 = CARTESIAN_POINT ( 'NONE',  ( -47.53715543443613001, 9.999999999999998224, 14.29568559494096114 ) ) ;
#600 = AXIS2_PLACEMENT_3D ( 'NONE', #5566, #4163, #4134 ) ;
#601 = CARTESIAN_POINT ( 'NONE',  ( 90.50447797338868838, -63.39640923772800818, 12.09491907782458142 ) ) ;
#602 = CC_DESIGN_APPROVAL ( #3099, ( #5410 ) ) ;
#603 = CARTESIAN_POINT ( 'NONE',  ( 8.208845975479109214, -42.09264638430769168, 3.691175253342235507 ) ) ;
#604 = EDGE_CURVE ( 'NONE', #6239, #4701, #3344, .T. ) ;
#605 = CARTESIAN_POINT ( 'NONE',  ( -6.388748023835303158, -41.83680981901326845, 6.339083748348628866 ) ) ;
#606 = CARTESIAN_POINT ( 'NONE',  ( -8.894414655548327886, -38.24051569509363446, 1.377131307960027140 ) ) ;
#607 = CARTESIAN_POINT ( 'NONE',  ( 8.980504592517423390, -42.28321526838138311, -0.6033876389322442302 ) ) ;
#608 = CARTESIAN_POINT ( 'NONE',  ( 15.96667077386944023, -36.11113996977728391, -27.36386952572820519 ) ) ;
#609 = CARTESIAN_POINT ( 'NONE',  ( 8.823443876106905392, -42.22437468449595599, 1.774025090430470852 ) ) ;
#610 = CARTESIAN_POINT ( 'NONE',  ( 9.000028474184350813, -42.30708906031854610, 9.026024192389750094E-10 ) ) ;
#611 = CARTESIAN_POINT ( 'NONE',  ( -0.5681184668556369388, -41.48889475915297709, -8.999607810456859980 ) ) ;
#612 = CARTESIAN_POINT ( 'NONE',  ( 7.164238851134406616, -37.90917876515909057, -5.479563855726477861 ) ) ;
#613 = CARTESIAN_POINT ( 'NONE',  ( 9.179994890275008146, -42.29213543392165064, 0.9195825163909309152 ) ) ;
#614 = CARTESIAN_POINT ( 'NONE',  ( -9.180021011327090363, -42.16513681441784911, 3.781218154347139926 ) ) ;
#616 = ORIENTED_EDGE ( 'NONE', *, *, #2959, .T. ) ;
#615 = B_SPLINE_CURVE_WITH_KNOTS ( 'NONE', 3,
 ( #1646, #1176, #4038, #1233, #6096, #2631 ),
 .UNSPECIFIED., .F., .F.,
 ( 4, 2, 4 ),
 ( 0.02025134865772947740, 0.02123398677335625387, 0.02221662488898303034 ),
 .UNSPECIFIED. ) ;
#617 = VERTEX_POINT ( 'NONE', #5056 ) ;
#618 = CARTESIAN_POINT ( 'NONE',  ( 9.180046676515591031, -41.87592484815069582, -8.399980644761390280 ) ) ;
#619 = DIRECTION ( 'NONE',  ( 0.000000000000000000, 1.000000000000000000, 0.000000000000000000 ) ) ;
#620 = CARTESIAN_POINT ( 'NONE',  ( -53.64956321262690153, -6.042206017375247207, -21.31507402080530156 ) ) ;
#621 = CARTESIAN_POINT ( 'NONE',  ( 19.94252651915554964, -38.48506133258115369, -1.401225119901683858 ) ) ;
#622 = CARTESIAN_POINT ( 'NONE',  ( -71.46669839058749574, 10.00000000000000000, 137.9613978004092019 ) ) ;
#623 = CARTESIAN_POINT ( 'NONE',  ( 14.96237566552063747, -27.48163053770529629, -34.47212565022537234 ) ) ;
#624 = CARTESIAN_POINT ( 'NONE',  ( -9.179994890275040120, -42.29213543396684827, -0.9195825163909380207 ) ) ;
#625 = VERTEX_POINT ( 'NONE', #4662 ) ;
#626 = CARTESIAN_POINT ( 'NONE',  ( 4.385782227550326873, -13.24654866613190762, -54.06198839904507736 ) ) ;
#627 =( BOUNDED_SURFACE ( )  B_SPLINE_SURFACE ( 2, 3, ( 
 ( #6151, #909, #2746, #434 ),
 ( #376, #794, #5586, #348 ),
 ( #2278, #2304, #3738, #2249 ),
 ( #2716, #2831, #5673, #880 ),
 ( #4711, #403, #4181, #1259 ) ),
 .UNSPECIFIED., .F., .F., .T. ) 
 B_SPLINE_SURFACE_WITH_KNOTS ( ( 3, 2, 3 ),
 ( 4, 4 ),
 ( -0.006114302593204099835, 0.001208225356013006022, 0.7334610202777239740 ),
 ( 0.000000000000000000, 1.000000000000000000 ),
 .UNSPECIFIED. ) 
 GEOMETRIC_REPRESENTATION_ITEM ( )  RATIONAL_B_SPLINE_SURFACE ( (
 ( 1.000000000000000000, 0.3333333333333335369, 0.3333333333333335369, 1.000000000000000000),
 ( 1.000000000000000000, 0.3333333333333335369, 0.3333333333333335369, 1.000000000000000000),
 ( 1.000000000000000000, 0.3333333333333335369, 0.3333333333333335369, 1.000000000000000000),
 ( 1.000000000000000000, 0.3333333333333335369, 0.3333333333333335369, 1.000000000000000000),
 ( 1.000000000000000000, 0.3333333333333335369, 0.3333333333333335369, 1.000000000000000000) ) ) 
 REPRESENTATION_ITEM ( '' )  SURFACE ( )  );
#628 = CARTESIAN_POINT ( 'NONE',  ( 8.597185046930299279, -37.31690976080803068, 9.788210284652988591 ) ) ;
#629 = LINE ( 'NONE', #4464, #1282 ) ;
#630 = CARTESIAN_POINT ( 'NONE',  ( 190.4059769339610000, -6.042206017375310267, -1.387778780781442047E-14 ) ) ;
#631 = ADVANCED_FACE ( 'NONE', ( #3686 ), #1264, .T. ) ;
#632 = CARTESIAN_POINT ( 'NONE',  ( 6.392640454235102077, -37.81031878254536593, 6.335158363903877543 ) ) ;
#633 = ORIENTED_EDGE ( 'NONE', *, *, #1963, .F. ) ;
#634 = ADVANCED_FACE ( 'NONE', ( #3213 ), #5889, .F. ) ;
#635 = CARTESIAN_POINT ( 'NONE',  ( 8.977545803479603848, -42.28150917201953973, -0.6354698981954617354 ) ) ;
#636 = CARTESIAN_POINT ( 'NONE',  ( 69.65500000000001535, -64.66763823405520384, 7.436273818939298003E-14 ) ) ;
#637 = CARTESIAN_POINT ( 'NONE',  ( 96.00358351432613802, -63.39640923772800818, 8.420619387964203284 ) ) ;
#638 = CARTESIAN_POINT ( 'NONE',  ( 6.573276148277448883, -41.85772243883265276, 6.154582882127805910 ) ) ;
#639 = CARTESIAN_POINT ( 'NONE',  ( 3.388692166109678272, -41.58424815189525248, 8.337710328842117491 ) ) ;
#640 = CARTESIAN_POINT ( 'NONE',  ( -63.53859668664014748, -6.042206017375227667, 3.723643908253804202 ) ) ;
#641 = CARTESIAN_POINT ( 'NONE',  ( 3.168688680540636682, -41.57154047107901107, -8.428899662285626704 ) ) ;
#642 = CARTESIAN_POINT ( 'NONE',  ( 13.91513291897130777, -31.67737971706800693, -35.37326644046096646 ) ) ;
#643 = CARTESIAN_POINT ( 'NONE',  ( 8.953084838304585347, -42.26915022497681917, 0.9178362056344033792 ) ) ;
#644 = LINE ( 'NONE', #2967, #974 ) ;
#645 = CARTESIAN_POINT ( 'NONE',  ( -8.988786243318756419, -42.28935717106628545, -0.4491583642122192743 ) ) ;
#646 = CARTESIAN_POINT ( 'NONE',  ( 9.000999799688868208, -38.28264873423162129, -0.5758231606311188244 ) ) ;
#647 = CARTESIAN_POINT ( 'NONE',  ( -2.101146925415175017E-05, -41.73257342363829991, 3.781269165073744887 ) ) ;
#648 = CARTESIAN_POINT ( 'NONE',  ( -5.507996594094088927, -41.96905090737419641, -0.6129494072930899984 ) ) ;
#649 = CARTESIAN_POINT ( 'NONE',  ( 5.508051010759869470, -41.58978407722754866, -9.179990731482631006 ) ) ;
#650 = ORIENTED_EDGE ( 'NONE', *, *, #135, .F. ) ;
#651 = ORIENTED_EDGE ( 'NONE', *, *, #3089, .F. ) ;
#652 = CARTESIAN_POINT ( 'NONE',  ( 62.61051836975938301, -6.042206017375320037, -101.3991383919031932 ) ) ;
#653 = CARTESIAN_POINT ( 'NONE',  ( -7.148580883059348245, -37.90698341496222668, -5.499742025906593668 ) ) ;
#654 = CARTESIAN_POINT ( 'NONE',  ( -59.40753889300869872, -6.042206017375227667, 13.46529240597967458 ) ) ;
#655 = CARTESIAN_POINT ( 'NONE',  ( 40.61378573902864986, -50.78462308660630242, -0.9653811709553810072 ) ) ;
#656 = CARTESIAN_POINT ( 'NONE',  ( 5.241343337348955522, -14.83785961726808011, 52.91645301878393326 ) ) ;
#657 = DIRECTION ( 'NONE',  ( 0.000000000000000000, 1.000000000000000000, 0.000000000000000000 ) ) ;
#658 = CARTESIAN_POINT ( 'NONE',  ( 5.508006245906869935, -41.96795418442000170, -1.124011572018931870 ) ) ;
#659 = ORIENTED_EDGE ( 'NONE', *, *, #4405, .T. ) ;
#660 = ORIENTED_EDGE ( 'NONE', *, *, #1659, .T. ) ;
#661 = DIRECTION ( 'NONE',  ( 0.000000000000000000, 0.000000000000000000, 1.000000000000000000 ) ) ;
#662 = B_SPLINE_SURFACE_WITH_KNOTS ( 'NONE', 3, 1, ( 
 ( #5635, #844 ),
 ( #4677, #369 ),
 ( #6144, #5664 ),
 ( #396, #958 ) ),
 .UNSPECIFIED., .F., .F., .F.,
 ( 4, 4 ),
 ( 2, 2 ),
 ( 0.000000000000000000, 1.000000000000000000 ),
 ( 0.000000000000000000, 1.000000000000000000 ),
 .UNSPECIFIED. ) ;
#663 = CARTESIAN_POINT ( 'NONE',  ( 226.6457644257074833, 10.00000000000000000, -45.85766345832988122 ) ) ;
#664 = DIRECTION ( 'NONE',  ( 0.000000000000000000, 0.000000000000000000, 1.000000000000000000 ) ) ;
#665 = CARTESIAN_POINT ( 'NONE',  ( 226.6457644257074833, -0.6948040115835676378, -137.7671940876994086 ) ) ;
#666 = CARTESIAN_POINT ( 'NONE',  ( 9.838828905206092656, -17.65283598413149235, -45.50469741701522253 ) ) ;
#667 = ORIENTED_EDGE ( 'NONE', *, *, #912, .T. ) ;
#668 = CARTESIAN_POINT ( 'NONE',  ( 8.339110251202395574, -42.11650441492385255, -3.385252157786654337 ) ) ;
#669 = CARTESIAN_POINT ( 'NONE',  ( -22.00000000000000711, -6.042206018788412791, 30.21270776850018436 ) ) ;
#670 = DIRECTION ( 'NONE',  ( 1.500332356076764948E-16, 1.000000000000000000, 0.000000000000000000 ) ) ;
#671 = CARTESIAN_POINT ( 'NONE',  ( 8.261718974617835443, -42.10217960694485129, 3.570224198690696404 ) ) ;
#672 = CARTESIAN_POINT ( 'NONE',  ( -8.099901292874905678, -42.07307853708390155, 3.934278533391460719 ) ) ;
#673 = CARTESIAN_POINT ( 'NONE',  ( -35.24832723876814100, -6.042206017375271188, -44.20523727187885754 ) ) ;
#674 = CARTESIAN_POINT ( 'NONE',  ( 3.713581939387924802, -41.60296283757958946, -8.203433096385619905 ) ) ;
#675 = CARTESIAN_POINT ( 'NONE',  ( 11.20863622935179293, -26.20467366309895141, -42.55445558361739700 ) ) ;
#676 = CARTESIAN_POINT ( 'NONE',  ( 3.442120465221281567, -41.58730849585915479, 8.315757926597459715 ) ) ;
#677 = PLANE ( 'NONE',  #1789 ) ;
#678 = CC_DESIGN_DATE_AND_TIME_ASSIGNMENT ( #3414, #2421, ( #5410 ) ) ;
#679 = CARTESIAN_POINT ( 'NONE',  ( -8.813593525805190509, -42.22160483215103000, -1.822321087760901959 ) ) ;
#680 = CARTESIAN_POINT ( 'NONE',  ( 8.999986789893434036, -38.30531978232574630, 0.01542017347367919192 ) ) ;
#681 = CARTESIAN_POINT ( 'NONE',  ( -1.684724981805610017E-05, -41.75539727404530055, 3.031867284727840062 ) ) ;
#682 = CARTESIAN_POINT ( 'NONE',  ( 3.672001702001565171, -41.89111615312410208, -0.3062856917592760020 ) ) ;
#683 = PLANE ( 'NONE',  #4235 ) ;
#684 = ORIENTED_EDGE ( 'NONE', *, *, #3965, .T. ) ;
#685 = ORIENTED_EDGE ( 'NONE', *, *, #2364, .T. ) ;
#686 = DIRECTION ( 'NONE',  ( -0.000000000000000000, -1.000000000000000000, 0.000000000000000000 ) ) ;
#687 = CARTESIAN_POINT ( 'NONE',  ( 86.40000000000000568, -64.66763823405520384, 0.000000000000000000 ) ) ;
#688 = CARTESIAN_POINT ( 'NONE',  ( 18.71838712663621251, -35.54178328715935464, 17.52198456452789443 ) ) ;
#689 = CARTESIAN_POINT ( 'NONE',  ( -30.74727672156334179, -6.042206017375217897, 45.95517132025863560 ) ) ;
#690 = CARTESIAN_POINT ( 'NONE',  ( 103.1449999999999108, -58.93658393131474327, 9.891171654269799163 ) ) ;
#691 = CARTESIAN_POINT ( 'NONE',  ( 10.81455038661171741, -25.42783980364967533, 43.44377965369491790 ) ) ;
#692 = DIRECTION ( 'NONE',  ( -1.000000000000000000, -0.000000000000000000, -0.000000000000000000 ) ) ;
#693 = CARTESIAN_POINT ( 'NONE',  ( 7.344038008169199827, -41.85265049061969478, -6.840011482045489366 ) ) ;
#694 = ORIENTED_EDGE ( 'NONE', *, *, #912, .F. ) ;
#695 = ADVANCED_FACE ( 'NONE', ( #24 ), #3962, .T. ) ;
#696 = VERTEX_POINT ( 'NONE', #2454 ) ;
#697 = CARTESIAN_POINT ( 'NONE',  ( 13.90627688196622636, -31.65889023173309269, -35.40150834515807077 ) ) ;
#698 = CARTESIAN_POINT ( 'NONE',  ( -3.709229644992686925, -37.56285541153319940, -8.205419755512952662 ) ) ;
#699 = CARTESIAN_POINT ( 'NONE',  ( 0.000000000000000000, -70.00000000000000000, 0.000000000000000000 ) ) ;
#700 = LINE ( 'NONE', #3615, #737 ) ;
#701 = CARTESIAN_POINT ( 'NONE',  ( 18.44150802932642819, -34.90485069150243902, -19.59281012094951535 ) ) ;
#702 = ORIENTED_EDGE ( 'NONE', *, *, #4209, .T. ) ;
#703 = CARTESIAN_POINT ( 'NONE',  ( 8.772047932834130535, -42.20977105230284820, -2.030394139332533321 ) ) ;
#704 = CARTESIAN_POINT ( 'NONE',  ( -22.00000000000000355, -6.042206017375267635, -48.91981981132212809 ) ) ;
#705 = CARTESIAN_POINT ( 'NONE',  ( -6.143137140410981800, -41.80936722416468854, -6.578393441348751480 ) ) ;
#706 = CARTESIAN_POINT ( 'NONE',  ( -8.889354729426795387, -42.24445726208936946, 1.408850720285571345 ) ) ;
#707 = CARTESIAN_POINT ( 'NONE',  ( 9.000000000000000000, -42.30661100815935072, 1.086142634795535983E-15 ) ) ;
#708 = CARTESIAN_POINT ( 'NONE',  ( 132.1963904380766337, -50.78462308660662217, -91.59278087615335551 ) ) ;
#709 = CARTESIAN_POINT ( 'NONE',  ( -22.00000000000000000, -41.35711783739616720, -25.84158719786856651 ) ) ;
#710 = CARTESIAN_POINT ( 'NONE',  ( 7.993340768577453126, -38.31026286157671024, 10.39176225287707922 ) ) ;
#711 = CARTESIAN_POINT ( 'NONE',  ( -1.465300673532949460, -41.50582460322097234, 8.884868985857389490 ) ) ;
#712 = CARTESIAN_POINT ( 'NONE',  ( -71.46669839058749574, 4.652597994208234056, -137.7671940876994086 ) ) ;
#713 = CARTESIAN_POINT ( 'NONE',  ( 5.507993753922509228, -41.96795358764840245, 1.124072784890854049 ) ) ;
#714 = CARTESIAN_POINT ( 'NONE',  ( -5.508001134620349681, -41.97551094595849719, 0.2041734575973070120 ) ) ;
#715 = CARTESIAN_POINT ( 'NONE',  ( 18.82837672200435364, -42.30756013076910449, -7.696413152913580629E-15 ) ) ;
#716 = ORIENTED_EDGE ( 'NONE', *, *, #70, .F. ) ;
#717 = DIRECTION ( 'NONE',  ( 0.000000000000000000, 1.000000000000000000, 0.000000000000000000 ) ) ;
#718 = CARTESIAN_POINT ( 'NONE',  ( 20.13201909064075323, -38.30748449334880235, -0.07350728171799320032 ) ) ;
#719 = CARTESIAN_POINT ( 'NONE',  ( -8.975250996855010044, -42.28044961365155530, 0.6669859870436486426 ) ) ;
#720 = CARTESIAN_POINT ( 'NONE',  ( 110.6172451890451356, -57.95386985700427118, 14.30498233254013307 ) ) ;
#721 = CARTESIAN_POINT ( 'NONE',  ( 14.32234185140182703, -32.53225671591924595, 34.03395078466920154 ) ) ;
#722 = CARTESIAN_POINT ( 'NONE',  ( -18.00000000000000000, -26.96475769767874908, 35.57686982298324807 ) ) ;
#723 = CARTESIAN_POINT ( 'NONE',  ( 5.508042342385039980, -41.69806081896299332, -7.620011366621420201 ) ) ;
#724 = VERTEX_POINT ( 'NONE', #3354 ) ;
#725 = CARTESIAN_POINT ( 'NONE',  ( -5.507999999914719780, -41.99430005084909823, -3.060643596962835030E-05 ) ) ;
#726 = CARTESIAN_POINT ( 'NONE',  ( 15.95807773963913867, -36.09183070586581010, -27.40574390281551231 ) ) ;
#727 = CARTESIAN_POINT ( 'NONE',  ( 3.671948989097939986, -41.51274014781865418, 9.180041742209249733 ) ) ;
#728 = CARTESIAN_POINT ( 'NONE',  ( -18.00000000000000000, -15.84325058705650058, 47.33309916941549744 ) ) ;
#729 = CARTESIAN_POINT ( 'NONE',  ( 8.960756867226102429, -42.27286003085592370, -0.8397411308605989833 ) ) ;
#730 = DIRECTION ( 'NONE',  ( -0.000000000000000000, 1.000000000000000000, 0.000000000000000000 ) ) ;
#731 = CARTESIAN_POINT ( 'NONE',  ( -5.346129625758415216, -41.72943890618541474, -7.247409777166702760 ) ) ;
#732 = CARTESIAN_POINT ( 'NONE',  ( -6.408113600300377577, -41.83906161782241639, 6.319546554339317446 ) ) ;
#733 = CARTESIAN_POINT ( 'NONE',  ( -71.46669839058749574, 10.00000000000000000, 137.9613978004092019 ) ) ;
#734 = ADVANCED_FACE ( 'NONE', ( #6244 ), #4366, .T. ) ;
#735 = CARTESIAN_POINT ( 'NONE',  ( 0.4875835940452989958, -6.042206017375219673, 58.61996200337869567 ) ) ;
#736 = CARTESIAN_POINT ( 'NONE',  ( -12.11430559595160439, -38.30785232897611792, 0.03251988226170609425 ) ) ;
#737 = VECTOR ( 'NONE', #2587, 1000.000000000000000 ) ;
#738 = CARTESIAN_POINT ( 'NONE',  ( -22.00000000000000000, -6.042206018788416344, 48.96270776850018080 ) ) ;
#739 = CARTESIAN_POINT ( 'NONE',  ( -2.330465194168831466, -41.53308563738156778, 8.698098081315720265 ) ) ;
#740 = CARTESIAN_POINT ( 'NONE',  ( 226.6457644257074833, 10.00000000000000000, 137.9613978004090882 ) ) ;
#741 = CARTESIAN_POINT ( 'NONE',  ( 9.179999999857820114, -42.33629126070890436, 5.101072660356800444E-05 ) ) ;
#742 = CARTESIAN_POINT ( 'NONE',  ( 7.344001701944699256, -42.11316865321069969, -0.3062652874686330184 ) ) ;
#743 = CARTESIAN_POINT ( 'NONE',  ( 7.344051010731440066, -41.69037129700890176, -9.179980529337310458 ) ) ;
#744 = EDGE_LOOP ( 'NONE', ( #2736, #5860 ) ) ;
#745 = DIRECTION ( 'NONE',  ( 1.000000000000000000, 0.000000000000000000, 0.000000000000000000 ) ) ;
#746 = CYLINDRICAL_SURFACE ( 'NONE', #534, 16.74499999999999744 ) ;
#747 = CARTESIAN_POINT ( 'NONE',  ( -8.956653723830617864, -42.27084698045744915, 0.8822514256083513473 ) ) ;
#748 = DIRECTION ( 'NONE',  ( 0.000000000000000000, 1.000000000000000000, 0.000000000000000000 ) ) ;
#749 = CARTESIAN_POINT ( 'NONE',  ( 12.51650297471609363, -28.80874578782265871, 39.40642699238239999 ) ) ;
#750 = DIRECTION ( 'NONE',  ( 0.000000000000000000, 1.000000000000000000, 0.000000000000000000 ) ) ;
#751 = CARTESIAN_POINT ( 'NONE',  ( 7.344006245878440531, -42.10689846338710396, -1.124001369873609990 ) ) ;
#752 = ORIENTED_EDGE ( 'NONE', *, *, #4031, .F. ) ;
#753 = CARTESIAN_POINT ( 'NONE',  ( 3.405820614485210215E-06, -41.79101289190655422, -0.6129188008571250235 ) ) ;
#754 = CARTESIAN_POINT ( 'NONE',  ( -22.00000000000000000, -6.042206018788409239, -47.54231061804802039 ) ) ;
#755 = CARTESIAN_POINT ( 'NONE',  ( 92.78521323768214302, -63.39640923772800818, 11.06177466967236356 ) ) ;
#756 = AXIS2_PLACEMENT_3D ( 'NONE', #5033, #745, #717 ) ;
#757 = CARTESIAN_POINT ( 'NONE',  ( 226.6457644257074833, 10.00000000000000000, -137.7671940876994086 ) ) ;
#758 = CARTESIAN_POINT ( 'NONE',  ( 15.34440927087883288, -28.25355459127765911, -33.32988397658331081 ) ) ;
#759 = ORIENTED_EDGE ( 'NONE', *, *, #5614, .T. ) ;
#760 = CARTESIAN_POINT ( 'NONE',  ( 6.375817765135313842, -41.83530837128697044, -6.352088782945491729 ) ) ;
#761 = CARTESIAN_POINT ( 'NONE',  ( 99.14500000000001023, -58.25464714294840007, -1.258898010333431831E-14 ) ) ;
#762 = B_SPLINE_CURVE_WITH_KNOTS ( 'NONE', 3,
 ( #4265, #1878, #1369, #1230 ),
 .UNSPECIFIED., .F., .F.,
 ( 4, 4 ),
 ( 0.03935467104315316239, 1.000000000000000000 ),
 .UNSPECIFIED. ) ;
#763 = CARTESIAN_POINT ( 'NONE',  ( -7.338750820719552870, -41.95626886563181301, -5.210780766754825599 ) ) ;
#764 = B_SPLINE_CURVE_WITH_KNOTS ( 'NONE', 3,
 ( #2734, #1834, #2345, #1274, #3197, #1782, #781, #894, #5130, #3697, #4170, #1754, #839, #6139, #6109, #2704, #4644, #810, #334, #5689, #2817, #6080, #2264, #3639, #5630, #6165, #1359, #1810, #1301, #1330, #2318, #4614, #305, #2234, #4142, #4672, #4726, #5602, #3753, #1723, #3224, #2292, #5096, #5184, #3281, #3254, #4195, #3724, #5573, #5658, #390, #419, #1246, #867, #5210, #3166, #2790, #4699, #4224, #6052, #72, #1510, #40, #1863, #478, #5301, #1448, #447, #3432, #4252, #4788, #2938, #1992, #1961, #6229, #5748, #4349, #1419, #981, #4822, #3371, #3781, #2406, #2909, #509, #2376, #5366, #6196 ),
 .UNSPECIFIED., .F., .F.,
 ( 4, 2, 2, 1, 2, 2, 2, 2, 1, 1, 1, 2, 2, 2, 2, 1, 1, 1, 1, 2, 2, 2, 2, 1, 1, 1, 1, 1, 2, 2, 2, 2, 1, 1, 1, 1, 1, 2, 2, 2, 2, 1, 1, 1, 1, 1, 2, 2, 2, 2, 1, 1, 1, 1, 1, 2, 2, 4 ),
 ( 0.000000000000000000, 0.06250000000000711931, 0.09375000000001065814, 0.1093750000000124206, 0.1171875000000132949, 0.1250000000000141553, 0.1875000000000215383, 0.2187500000000252021, 0.2343750000000270339, 0.2421875000000279776, 0.2460937500000284772, 0.2480468750000286715, 0.2500000000000288658, 0.3125000000000314748, 0.3437500000000327516, 0.3593750000000334177, 0.3671875000000338063, 0.3710937500000340283, 0.3730468750000341949, 0.3740234375000342504, 0.3750000000000343059, 0.4375000000000410227, 0.4687500000000442424, 0.4843750000000457412, 0.4921875000000464628, 0.4960937500000467404, 0.4980468750000466849, 0.4990234375000467959, 0.4995117187500469069, 0.5000000000000469624, 0.5625000000000636158, 0.5937500000000719425, 0.6093750000000762723, 0.6171875000000786038, 0.6210937500000798250, 0.6230468750000803801, 0.6240234375000806022, 0.6245117187500807132, 0.6250000000000807132, 0.6875000000000792699, 0.7187500000000786038, 0.7343750000000781597, 0.7421875000000779377, 0.7460937500000778266, 0.7480468750000777156, 0.7490234375000777156, 0.7495117187500776046, 0.7500000000000773825, 0.8125000000000555112, 0.8437500000000446310, 0.8593750000000391909, 0.8671875000000365263, 0.8710937500000351941, 0.8730468750000346390, 0.8740234375000343059, 0.8745117187500341949, 0.8750000000000341949, 1.000000000000000000 ),
 .UNSPECIFIED. ) ;
#765 = CARTESIAN_POINT ( 'NONE',  ( -36.17093052586115220, -6.042206017375254312, -43.24116541399303770 ) ) ;
#766 = CARTESIAN_POINT ( 'NONE',  ( 27.90412254817749371, 10.00000000000000000, 137.9613978004092019 ) ) ;
#767 = DIRECTION ( 'NONE',  ( 0.000000000000000000, 1.000000000000000000, 0.000000000000000000 ) ) ;
#768 = CARTESIAN_POINT ( 'NONE',  ( 3.419772135426971005, -38.31026286157672445, 12.65651523543035140 ) ) ;
#769 = CARTESIAN_POINT ( 'NONE',  ( 0.000000000000000000, -70.00000000000000000, 0.000000000000000000 ) ) ;
#770 = DIRECTION ( 'NONE',  ( -1.500332356076764948E-16, -1.000000000000000000, 0.000000000000000000 ) ) ;
#771 = CARTESIAN_POINT ( 'NONE',  ( -7.344001701944730343, -42.11316865284370436, 0.3062652874686240256 ) ) ;
#772 = CARTESIAN_POINT ( 'NONE',  ( -9.179983152608048869, -42.20094904036890426, -3.031918295454449908 ) ) ;
#773 = CARTESIAN_POINT ( 'NONE',  ( 8.782291528975603612, -38.20433808602629000, 1.989311685497564319 ) ) ;
#774 = CARTESIAN_POINT ( 'NONE',  ( 73.65500000000000114, -63.39640923772800818, -2.064450201827639861E-15 ) ) ;
#775 = DIRECTION ( 'NONE',  ( 0.000000000000000000, -5.078222490274110485E-16, -1.000000000000000000 ) ) ;
#776 = CARTESIAN_POINT ( 'NONE',  ( -18.00000000000000000, -38.30611622139949901, -0.03690425908144105011 ) ) ;
#777 = CARTESIAN_POINT ( 'NONE',  ( 81.10593960824914461, -6.042206017375708171, -176.7728494354213638 ) ) ;
#778 = CARTESIAN_POINT ( 'NONE',  ( -0.3894052183602421113, -36.69403469052601707, 13.00113443124637591 ) ) ;
#779 = CARTESIAN_POINT ( 'NONE',  ( 17.40406715312591501, -39.44123797946978272, 18.42484632137303890 ) ) ;
#780 = EDGE_CURVE ( 'NONE', #4728, #421, #4771, .T. ) ;
#781 = CARTESIAN_POINT ( 'NONE',  ( 18.36470010174025802, -41.63163358148816684, 8.007278867275559264 ) ) ;
#782 = CARTESIAN_POINT ( 'NONE',  ( -3.671970490067059778, -41.75190379149490383, -5.310681132140909533 ) ) ;
#783 = ORIENTED_EDGE ( 'NONE', *, *, #1702, .F. ) ;
#784 = CARTESIAN_POINT ( 'NONE',  ( 5.507996594094048959, -41.96905090782664871, 0.6129494072930820048 ) ) ;
#785 = CARTESIAN_POINT ( 'NONE',  ( 17.38189796030462375, -39.38866088590837933, -18.60452717451092397 ) ) ;
#786 = CARTESIAN_POINT ( 'NONE',  ( 83.09317169879805931, -63.39640923772800818, 12.33688346056971064 ) ) ;
#787 = CARTESIAN_POINT ( 'NONE',  ( 5.507957657444329413, -41.69805266500074481, 7.620072579493349707 ) ) ;
#788 = CARTESIAN_POINT ( 'NONE',  ( -8.912586706280418269, -38.24760931028755806, 1.252027906670946988 ) ) ;
#789 = ORIENTED_EDGE ( 'NONE', *, *, #3865, .T. ) ;
#790 = CARTESIAN_POINT ( 'NONE',  ( 12.33325034156387012, -33.22972007004623407, 41.67014294537386832 ) ) ;
#791 = CARTESIAN_POINT ( 'NONE',  ( -8.987859919098742267, -42.28863064962452256, -0.4673396365054932056 ) ) ;
#792 = CARTESIAN_POINT ( 'NONE',  ( -8.208845976533954314, -42.09264638450778051, -3.691175250985485157 ) ) ;
#793 = ADVANCED_FACE ( 'NONE', ( #3447 ), #1632, .F. ) ;
#794 = CARTESIAN_POINT ( 'NONE',  ( -18.01342170862873715, -5.512702099187741567, 208.8268434172573507 ) ) ;
#795 = CARTESIAN_POINT ( 'NONE',  ( -12.53283318597848250, -6.042206017371011484, -197.8656663719569906 ) ) ;
#796 = CARTESIAN_POINT ( 'NONE',  ( -38.26127224062755516, -6.042206018788416344, 48.96270776850018080 ) ) ;
#797 = CARTESIAN_POINT ( 'NONE',  ( 10.39393842179556415, -38.31026286157670313, 7.990510837665208754 ) ) ;
#798 = CARTESIAN_POINT ( 'NONE',  ( -2.047369122909326933, -41.52275882403534268, 8.769056304860407991 ) ) ;
#799 = DIRECTION ( 'NONE',  ( -1.000000000000000000, 1.500332356076764948E-16, 0.000000000000000000 ) ) ;
#800 = CARTESIAN_POINT ( 'NONE',  ( -5.507996594094088927, -41.96905090737419641, -0.6129494072930899984 ) ) ;
#801 = CARTESIAN_POINT ( 'NONE',  ( 5.508006245906869935, -41.96795418442000170, -1.124011572018931870 ) ) ;
#802 = CARTESIAN_POINT ( 'NONE',  ( 6.405489535350903374, -37.81189647344807980, 6.322166344329646748 ) ) ;
#803 = CARTESIAN_POINT ( 'NONE',  ( -23.91435553702712014, -6.042206163896855386, 48.81099545576654464 ) ) ;
#804 = DIRECTION ( 'NONE',  ( 1.000000000000000000, 0.000000000000000000, 0.000000000000000000 ) ) ;
#805 = CARTESIAN_POINT ( 'NONE',  ( 20.36082540615130299, -38.09024766049640220, 5.834977158582500323 ) ) ;
#806 = ADVANCED_FACE ( 'NONE', ( #4978, #5891 ), #5925, .F. ) ;
#807 = CARTESIAN_POINT ( 'NONE',  ( -8.998813698822056395, -42.30350531134818937, 0.1486180621167906835 ) ) ;
#808 = CARTESIAN_POINT ( 'NONE',  ( -9.452263463463944859, -37.45408845964262667, 8.927515458673381588 ) ) ;
#809 = CARTESIAN_POINT ( 'NONE',  ( 7.636156702349115477, -41.99951341889551060, -4.764528609138463544 ) ) ;
#810 = CARTESIAN_POINT ( 'NONE',  ( 17.43857561752454899, -39.52310363338446564, 18.14167538293455095 ) ) ;
#811 = CARTESIAN_POINT ( 'NONE',  ( 4.667665775254480472E-05, -41.49435253703499882, -8.400031655487991245 ) ) ;
#812 = VERTEX_POINT ( 'NONE', #2113 ) ;
#813 = CARTESIAN_POINT ( 'NONE',  ( 1.134705611842493951E-06, -41.79338277994690287, -0.2042040640332815071 ) ) ;
#814 = CARTESIAN_POINT ( 'NONE',  ( 15.22667459392130773, -34.47257054008170485, -30.66988074094328809 ) ) ;
#815 = B_SPLINE_CURVE_WITH_KNOTS ( 'NONE', 3,
 ( #1998, #3438, #5034, #3505 ),
 .UNSPECIFIED., .F., .F.,
 ( 4, 4 ),
 ( 0.000000000000000000, 1.000000000000000000 ),
 .UNSPECIFIED. ) ;
#816 = CARTESIAN_POINT ( 'NONE',  ( 82.29549439863582450, -63.39640923772801528, 12.09498577766807692 ) ) ;
#817 = CARTESIAN_POINT ( 'NONE',  ( -9.180016847107648204, -42.20095491708080004, 3.031816274001229772 ) ) ;
#818 = DIRECTION ( 'NONE',  ( 1.000000000000000000, 0.000000000000000000, 0.000000000000000000 ) ) ;
#819 = CARTESIAN_POINT ( 'NONE',  ( 132.1963904380772021, -50.78462308660630242, 1.387778780781445991E-14 ) ) ;
#820 = CARTESIAN_POINT ( 'NONE',  ( -8.967639082019395858, -42.27619549232341711, -0.7660806381888535244 ) ) ;
#821 = CARTESIAN_POINT ( 'NONE',  ( -8.283957635921989748, -42.10625223215095758, -3.518011440790580036 ) ) ;
#822 = EDGE_CURVE ( 'NONE', #4701, #4902, #629, .T. ) ;
#823 = CARTESIAN_POINT ( 'NONE',  ( -71.46669839058749574, 4.652597994208283794, 137.9613978004090882 ) ) ;
#824 = CARTESIAN_POINT ( 'NONE',  ( -9.000000000000000000, -38.30472699488110777, -1.718667784195345147E-09 ) ) ;
#825 = CARTESIAN_POINT ( 'NONE',  ( -9.511568403844728536E-15, -63.39640923772800818, 0.000000000000000000 ) ) ;
#826 = CARTESIAN_POINT ( 'NONE',  ( -3.168688680473746189, -41.57154047107710682, 8.428899662315927799 ) ) ;
#827 = CARTESIAN_POINT ( 'NONE',  ( -42.61420186904449281, -0.03511162100600095926, -10.96746882930053424 ) ) ;
#828 = CARTESIAN_POINT ( 'NONE',  ( 9.179998297799379259, -42.31469511203059852, 0.3063571067765190059 ) ) ;
#829 = CARTESIAN_POINT ( 'NONE',  ( 3.672038008226059969, -41.66660914958405471, -6.840031886336140232 ) ) ;
#830 = CARTESIAN_POINT ( 'NONE',  ( 7.500029183467010085, -37.96020438526173280, 4.974904105732572468 ) ) ;
#831 = CARTESIAN_POINT ( 'NONE',  ( 99.06326252872327132, -63.39640923772800818, -1.666009922417082567 ) ) ;
#832 = CARTESIAN_POINT ( 'NONE',  ( -38.37760923698963467, 2.352175254748100297, 3.153003375569618516 ) ) ;
#833 = AXIS2_PLACEMENT_3D ( 'NONE', #164, #4572, #3562 ) ;
#834 = CARTESIAN_POINT ( 'NONE',  ( 3.493117819993507123, -6.042206017369079696, 53.98290812280665563 ) ) ;
#835 = CARTESIAN_POINT ( 'NONE',  ( -8.975529510379203657, -42.28057249110694471, 0.6632310219587209676 ) ) ;
#836 = CARTESIAN_POINT ( 'NONE',  ( 2.984835976871371255, -36.76760612239301196, 12.65984631740986543 ) ) ;
#837 = CARTESIAN_POINT ( 'NONE',  ( 8.339110251202395574, -42.11650441492385255, -3.385252157786654337 ) ) ;
#838 = B_SPLINE_CURVE_WITH_KNOTS ( 'NONE', 3,
 ( #1008, #1648, #2129, #574 ),
 .UNSPECIFIED., .F., .F.,
 ( 4, 4 ),
 ( 2.492623433475486954E-05, 0.9999604641525182691 ),
 .UNSPECIFIED. ) ;
#839 = CARTESIAN_POINT ( 'NONE',  ( 17.81664916377610908, -40.41788332863169586, 14.69302672633992657 ) ) ;
#840 = CARTESIAN_POINT ( 'NONE',  ( 5.507948989069509693, -41.58977544985609853, 9.180051944354570281 ) ) ;
#841 = EDGE_LOOP ( 'NONE', ( #1497, #953, #2029, #3412 ) ) ;
#842 = CARTESIAN_POINT ( 'NONE',  ( -3.672001702001594925, -41.89111615275825073, 0.3062856917592675088 ) ) ;
#843 = CARTESIAN_POINT ( 'NONE',  ( -22.00000000000000000, -6.042206018788405686, 5.212707768500186134 ) ) ;
#844 = CARTESIAN_POINT ( 'NONE',  ( 13.15949949251191953, -36.65699875535980112, 13.16961417038971938 ) ) ;
#845 = VECTOR ( 'NONE', #3673, 1000.000000000000000 ) ;
#846 = CARTESIAN_POINT ( 'NONE',  ( 5.507994890331870508, -41.97116850234994700, 0.9195621121002880427 ) ) ;
#847 = CARTESIAN_POINT ( 'NONE',  ( 5.346129629418379103, -41.72943890655458432, 7.247409774421711859 ) ) ;
#848 = CARTESIAN_POINT ( 'NONE',  ( 5.180795350596682169, -36.93246769969130128, 11.86057378922405370 ) ) ;
#849 = CARTESIAN_POINT ( 'NONE',  ( 67.45423609069815996, -56.13001623236041127, 31.31519736068919002 ) ) ;
#850 = CARTESIAN_POINT ( 'NONE',  ( -8.208845976533954314, -42.09264638450778051, -3.691175250985485157 ) ) ;
#851 = CARTESIAN_POINT ( 'NONE',  ( 74.06315266876802639, -63.39640923772800818, -3.307009894705361219 ) ) ;
#852 = ADVANCED_FACE ( 'NONE', ( #3552 ), #1164, .F. ) ;
#853 = CARTESIAN_POINT ( 'NONE',  ( -30.74727672156334179, -6.042206017375217897, 45.95517132025863560 ) ) ;
#854 = DIRECTION ( 'NONE',  ( -1.000000000000000000, 0.000000000000000000, 0.000000000000000000 ) ) ;
#855 = CARTESIAN_POINT ( 'NONE',  ( -9.179978988388608485, -42.16512765732630186, -3.781320175800360506 ) ) ;
#856 = FACE_OUTER_BOUND ( 'NONE', #5069, .T. ) ;
#857 = CARTESIAN_POINT ( 'NONE',  ( -13.15518455823439936, -37.58412590509600193, 8.970993739684610446 ) ) ;
#858 = CARTESIAN_POINT ( 'NONE',  ( -9.179998297799400575, -42.31469511206929468, -0.3063571067765274991 ) ) ;
#859 = CARTESIAN_POINT ( 'NONE',  ( -5.507978988445479729, -41.90336194457290020, -3.781299771509714969 ) ) ;
#860 = CARTESIAN_POINT ( 'NONE',  ( -3.123252355812537573, -37.52796893253649557, 8.441294046372883386 ) ) ;
#861 = PLANE ( 'NONE',  #3515 ) ;
#862 = CARTESIAN_POINT ( 'NONE',  ( -30.04118759533337979, -6.042206018788407462, 11.46270776850018436 ) ) ;
#863 = CARTESIAN_POINT ( 'NONE',  ( 20.36082540615130299, -15.84325058705650058, 47.33309916941549744 ) ) ;
#864 = CARTESIAN_POINT ( 'NONE',  ( -7.636156702013912501, -41.99951341884350597, 4.764528609679359761 ) ) ;
#865 = DIRECTION ( 'NONE',  ( 0.000000000000000000, 1.000000000000000000, 0.000000000000000000 ) ) ;
#866 = CARTESIAN_POINT ( 'NONE',  ( 8.967640085248779869, -42.27643125755049169, -0.7627422010488597026 ) ) ;
#867 = CARTESIAN_POINT ( 'NONE',  ( 11.39363513528242500, -26.56942381537231057, 42.13643739802350296 ) ) ;
#868 = CARTESIAN_POINT ( 'NONE',  ( 5.101084516543970309E-05, -41.43984812867625322, -9.180021337918599755 ) ) ;
#869 = ORIENTED_EDGE ( 'NONE', *, *, #2364, .F. ) ;
#870 = CARTESIAN_POINT ( 'NONE',  ( -7.343961991603340067, -41.85264108029669927, -6.840093099208059080 ) ) ;
#871 = CARTESIAN_POINT ( 'NONE',  ( 19.92775606846369740, -38.48506133258184292, -1.628100415257959896E-14 ) ) ;
#872 = CARTESIAN_POINT ( 'NONE',  ( 103.1449999999999960, -64.66763823405520384, -3.513069802952425362E-14 ) ) ;
#873 = EDGE_CURVE ( 'NONE', #1159, #4011, #5960, .T. ) ;
#874 = CARTESIAN_POINT ( 'NONE',  ( 9.180006245850009350, -42.28221066246755555, -1.123991167728289886 ) ) ;
#875 = CARTESIAN_POINT ( 'NONE',  ( -7.344016847136080273, -42.05001507887665468, 3.031826476146554761 ) ) ;
#876 = CARTESIAN_POINT ( 'NONE',  ( 10.30711129747144916, -37.60976383808434775, 7.901415990879089080 ) ) ;
#877 = CARTESIAN_POINT ( 'NONE',  ( 0.1419332141556104154, -20.95902901126090256, -1.818711480347215081 ) ) ;
#878 = CARTESIAN_POINT ( 'NONE',  ( 1.729555021497223288, -36.71785794455834662, 12.89154612343360284 ) ) ;
#879 = CARTESIAN_POINT ( 'NONE',  ( 94.82061938796971390, -63.39640923772801528, -9.603583514317987735 ) ) ;
#880 = CARTESIAN_POINT ( 'NONE',  ( 149.6614994673865908, -58.99259783589949535, 1.137326972296151752E-14 ) ) ;
#881 = LINE ( 'NONE', #4303, #3841 ) ;
#882 = B_SPLINE_CURVE_WITH_KNOTS ( 'NONE', 3,
 ( #4166, #3162, #4107, #330, #2288, #4583, #271, #5062, #4191, #776 ),
 .UNSPECIFIED., .F., .F.,
 ( 4, 2, 2, 2, 4 ),
 ( 0.000000000000000000, 0.2502559832925749239, 0.5005119665851498478, 0.7507679498777247717, 1.000000000000000000 ),
 .UNSPECIFIED. ) ;
#883 = CARTESIAN_POINT ( 'NONE',  ( -8.995423483502539952, -42.29504149100915100, -0.3038504696081742451 ) ) ;
#884 = CARTESIAN_POINT ( 'NONE',  ( -7.343993753894100252, -42.10689525709390324, -1.124082987036183923 ) ) ;
#885 = CARTESIAN_POINT ( 'NONE',  ( -7.343983152636480050, -42.05000831274159623, -3.031908093309129804 ) ) ;
#886 = CARTESIAN_POINT ( 'NONE',  ( 8.329822329176511886, -38.10250765479516133, 3.407954848268750503 ) ) ;
#887 = CARTESIAN_POINT ( 'NONE',  ( 8.340948383042940506, -38.10470186224095812, 3.380717800715996812 ) ) ;
#888 = CARTESIAN_POINT ( 'NONE',  ( -22.00000000000000711, -6.042206018788408350, 11.46270776850018436 ) ) ;
#889 = CARTESIAN_POINT ( 'NONE',  ( -3.328887282560898608, -36.79920230329032194, 12.51040002826490927 ) ) ;
#890 = CARTESIAN_POINT ( 'NONE',  ( -17.60597693396299945, -6.042206017372989457, -2.547411734887424772E-14 ) ) ;
#891 = CARTESIAN_POINT ( 'NONE',  ( -6.408113600300377577, -41.83906161782241639, 6.319546554339317446 ) ) ;
#892 = CARTESIAN_POINT ( 'NONE',  ( 190.4059769339629895, -6.042206017373039195, 1.869838746202804954E-14 ) ) ;
#893 = CARTESIAN_POINT ( 'NONE',  ( 8.215097582418023237, -42.09340470310474558, -3.684679295200364635 ) ) ;
#894 = CARTESIAN_POINT ( 'NONE',  ( 18.32470375575404731, -41.55041714750679915, 8.581492260871554478 ) ) ;
#895 = CARTESIAN_POINT ( 'NONE',  ( -9.180042342328199823, -41.93205553898625482, 7.619990962330779105 ) ) ;
#896 = ORIENTED_EDGE ( 'NONE', *, *, #2536, .T. ) ;
#897 = CARTESIAN_POINT ( 'NONE',  ( -7.343978988417039666, -42.01818542903539822, -3.781309973655035073 ) ) ;
#898 = DIRECTION ( 'NONE',  ( 0.000000000000000000, -5.078222490274110485E-16, -1.000000000000000000 ) ) ;
#899 = B_SPLINE_CURVE_WITH_KNOTS ( 'NONE', 3,
 ( #1296, #241, #5001, #270 ),
 .UNSPECIFIED., .F., .F.,
 ( 4, 4 ),
 ( 0.000000000000000000, 1.000000000000000000 ),
 .UNSPECIFIED. ) ;
#900 = CARTESIAN_POINT ( 'NONE',  ( -1.154662100978626087E-05, -41.78218312135540202, 2.077954731591364901 ) ) ;
#901 = CARTESIAN_POINT ( 'NONE',  ( 27.49366487289908534, -6.042206017375212568, 85.89393683341069163 ) ) ;
#902 = LOCAL_TIME ( 17, 55, 0.000000000000000000, #280 ) ;
#903 = CARTESIAN_POINT ( 'NONE',  ( 3.671988453322129864, -41.86434038014104431, 2.077975135882009994 ) ) ;
#904 = CARTESIAN_POINT ( 'NONE',  ( -0.001283415555043834018, 11.74493434166574168, -0.06168758558244399198 ) ) ;
#905 = LINE ( 'NONE', #5819, #3931 ) ;
#906 = PLANE ( 'NONE',  #5356 ) ;
#907 = CARTESIAN_POINT ( 'NONE',  ( -12.77484480102415176, -38.17664964296616148, 2.411466483344804956 ) ) ;
#908 = CARTESIAN_POINT ( 'NONE',  ( 97.46177466968175906, -63.39640923772801528, -6.385213237670071429 ) ) ;
#909 = CARTESIAN_POINT ( 'NONE',  ( -18.42086648329450682, -4.983198181002476801, 209.6417329665889895 ) ) ;
#910 = PLANE ( 'NONE',  #2459 ) ;
#911 = CARTESIAN_POINT ( 'NONE',  ( 9.180038008140760653, -41.98503258754269751, -6.840001279900169706 ) ) ;
#912 = EDGE_CURVE ( 'NONE', #1582, #5485, #5415, .T. ) ;
#913 = CARTESIAN_POINT ( 'NONE',  ( 4.754055218355813572, -41.67757253417741481, -7.647653562541996131 ) ) ;
#914 = EDGE_CURVE ( 'NONE', #4226, #1276, #3989, .T. ) ;
#915 = CARTESIAN_POINT ( 'NONE',  ( -8.960756213525270297, -42.27285970112883717, 0.8397480568329396267 ) ) ;
#916 = CARTESIAN_POINT ( 'NONE',  ( 6.469427675811292744, -37.81978035389675341, 6.256903613195420100 ) ) ;
#917 = CARTESIAN_POINT ( 'NONE',  ( 8.218787738442765445, -38.08075449041361793, 3.676215814676345950 ) ) ;
#918 = CARTESIAN_POINT ( 'NONE',  ( -44.90729918175797053, 9.999999999999998224, -12.86410655089384392 ) ) ;
#919 = CARTESIAN_POINT ( 'NONE',  ( -5.320943480706966433, -36.94361870248089730, 11.80546889928803722 ) ) ;
#920 = CARTESIAN_POINT ( 'NONE',  ( 23.13850053261343831, -58.99259783589941009, -126.5229989347731561 ) ) ;
#921 = CARTESIAN_POINT ( 'NONE',  ( 1.143878847052223868, -41.49717195560299388, 8.946437997796492070 ) ) ;
#922 = CARTESIAN_POINT ( 'NONE',  ( 8.960756867226102429, -42.27286003085592370, -0.8397411308605989833 ) ) ;
#923 = CIRCLE ( 'NONE', #2034, 12.74499999999999922 ) ;
#924 = CARTESIAN_POINT ( 'NONE',  ( 8.987859919025478206, -42.28863064956993867, 0.4673396379131372069 ) ) ;
#925 = CARTESIAN_POINT ( 'NONE',  ( -7.344038008169219367, -41.85265049074519794, 6.840011482045489366 ) ) ;
#926 = CARTESIAN_POINT ( 'NONE',  ( 7.344046676544019547, -41.74793702330200063, -8.399990846906709052 ) ) ;
#927 = ORIENTED_EDGE ( 'NONE', *, *, #6242, .T. ) ;
#928 = ORIENTED_EDGE ( 'NONE', *, *, #430, .F. ) ;
#929 = CARTESIAN_POINT ( 'NONE',  ( 9.180016847107609124, -42.20095491693644618, -3.031816274001235101 ) ) ;
#930 = CARTESIAN_POINT ( 'NONE',  ( -5.508011546535709790, -41.96222113922765118, 2.077924125155400148 ) ) ;
#931 = CARTESIAN_POINT ( 'NONE',  ( 0.4875835940453340234, -6.042206017375219673, 58.61996200337879515 ) ) ;
#932 = CARTESIAN_POINT ( 'NONE',  ( -5.109582830806989399E-06, -41.79199488310535315, 0.9195315056643229568 ) ) ;
#933 = CARTESIAN_POINT ( 'NONE',  ( -22.00000000000000000, -30.95840211499900008, -36.44720368503895003 ) ) ;
#934 = ORIENTED_EDGE ( 'NONE', *, *, #5337, .T. ) ;
#935 = CARTESIAN_POINT ( 'NONE',  ( 23.13850053261343831, -58.99259783589941009, -126.5229989347731561 ) ) ;
#936 = PERSON_AND_ORGANIZATION ( #1411, #5735 ) ;
#937 = CARTESIAN_POINT ( 'NONE',  ( -12.28666650398270654, -38.03007073658754678, 4.252744672725896180 ) ) ;
#938 = CARTESIAN_POINT ( 'NONE',  ( -9.000000000000007105, -42.30661158429835922, -0.1491295032509681318 ) ) ;
#939 = CARTESIAN_POINT ( 'NONE',  ( 8.995423483506332474, -42.29504149101252608, 0.3038504695440116254 ) ) ;
#940 = CARTESIAN_POINT ( 'NONE',  ( -9.180051010703030201, -41.81642451597864607, 9.179970327191989909 ) ) ;
#941 = CARTESIAN_POINT ( 'NONE',  ( 5.944576282102638665, -41.78629455305858187, -6.783067013184250982 ) ) ;
#942 = CARTESIAN_POINT ( 'NONE',  ( -8.975870179807019511, -42.28072554625772739, 0.6586045060788918715 ) ) ;
#943 = CARTESIAN_POINT ( 'NONE',  ( -8.998799112008940781, -38.30460735910270387, 0.1467910492799149869 ) ) ;
#944 = CARTESIAN_POINT ( 'NONE',  ( 8.999999999999991118, -40.97387435108509379, -1.888183232402019824E-14 ) ) ;
#945 = EDGE_CURVE ( 'NONE', #1582, #5437, #5451, .T. ) ;
#946 = CARTESIAN_POINT ( 'NONE',  ( 1.720018386489846396, -36.73130931695816770, 12.82893568888707847 ) ) ;
#947 = CARTESIAN_POINT ( 'NONE',  ( 5.060575648997039266, -14.49964003998359985, -53.18117648864762259 ) ) ;
#948 = CARTESIAN_POINT ( 'NONE',  ( 3.326287981008625660, -41.58072984644859105, 8.362917798940166847 ) ) ;
#949 = CARTESIAN_POINT ( 'NONE',  ( 12.99998145813961514, -38.30387826367884685, 0.02195650304198450142 ) ) ;
#950 = CARTESIAN_POINT ( 'NONE',  ( 2.302101680428699559, -41.52154692329722963, -8.787637317621438626 ) ) ;
#951 = CARTESIAN_POINT ( 'NONE',  ( -5.508051010759899668, -41.58978407742775119, 9.179990731482641664 ) ) ;
#952 = CARTESIAN_POINT ( 'NONE',  ( -3.405820646415295385E-06, -41.79101289185604884, 0.6129188008571170299 ) ) ;
#953 = ORIENTED_EDGE ( 'NONE', *, *, #5521, .T. ) ;
#954 = ORIENTED_EDGE ( 'NONE', *, *, #273, .T. ) ;
#955 = CARTESIAN_POINT ( 'NONE',  ( 9.180038008140760653, -41.98503258754269751, -6.840001279900169706 ) ) ;
#956 = CARTESIAN_POINT ( 'NONE',  ( 190.4059769339625063, -6.042206017374129878, 1.510441131475985042E-14 ) ) ;
#957 = CARTESIAN_POINT ( 'NONE',  ( 3.671978988473880268, -41.81616949228254754, 3.781289569364389980 ) ) ;
#958 = CARTESIAN_POINT ( 'NONE',  ( 13.15949949251191953, -38.31026286157670313, -0.1470188481355378107 ) ) ;
#959 = EDGE_CURVE ( 'NONE', #5877, #176, #4105, .T. ) ;
#960 = CARTESIAN_POINT ( 'NONE',  ( 9.179998865152189325, -42.32168879929979965, 0.2042550747598805283 ) ) ;
#961 = CARTESIAN_POINT ( 'NONE',  ( -6.813981237579772809, -37.09731583527354815, 11.00847307615895687 ) ) ;
#962 = VERTEX_POINT ( 'NONE', #5154 ) ;
#963 = CARTESIAN_POINT ( 'NONE',  ( 69.65872081913029490, -58.93658393131480011, -0.3529821357756435241 ) ) ;
#964 = CARTESIAN_POINT ( 'NONE',  ( -12.96219257734862573, -38.25488057632153982, 1.141036768093329323 ) ) ;
#965 = CARTESIAN_POINT ( 'NONE',  ( -44.90729918175801316, 9.999999999999980460, 12.86410655089382615 ) ) ;
#966 = CARTESIAN_POINT ( 'NONE',  ( 82.29552202663704463, -63.39640923772800818, -12.09491907783861997 ) ) ;
#967 = CARTESIAN_POINT ( 'NONE',  ( -6.235365818923266801, -37.79163207398035240, 6.490073842126875547 ) ) ;
#968 = CARTESIAN_POINT ( 'NONE',  ( 8.980863916453035500, -42.28337929620295910, 0.5991224932251438817 ) ) ;
#969 = DIRECTION ( 'NONE',  ( 0.000000000000000000, 0.000000000000000000, 1.000000000000000000 ) ) ;
#970 = DIRECTION ( 'NONE',  ( -1.000000000000000000, -0.000000000000000000, -0.000000000000000000 ) ) ;
#971 = ADVANCED_FACE ( 'NONE', ( #4140 ), #2730, .T. ) ;
#972 = CARTESIAN_POINT ( 'NONE',  ( 9.180051010703000003, -41.81642451497099700, -9.179970327191989909 ) ) ;
#973 = CARTESIAN_POINT ( 'NONE',  ( -6.235365818923266801, -37.79163207398035240, 6.490073842126875547 ) ) ;
#974 = VECTOR ( 'NONE', #3567, 1000.000000000000000 ) ;
#975 = B_SPLINE_CURVE_WITH_KNOTS ( 'NONE', 3,
 ( #2045, #5858, #1061, #2987 ),
 .UNSPECIFIED., .F., .F.,
 ( 4, 4 ),
 ( 0.000000000000000000, 1.000000000000000000 ),
 .UNSPECIFIED. ) ;
#976 = CARTESIAN_POINT ( 'NONE',  ( -10.27410205676423338, -37.60328503914612241, 7.946820157780663862 ) ) ;
#977 = CARTESIAN_POINT ( 'NONE',  ( -6.542202347917935867, -41.85480593787886505, 6.181343387448738902 ) ) ;
#978 = CARTESIAN_POINT ( 'NONE',  ( 9.781504384718965994, -37.50897627873879969, 8.573562958649304733 ) ) ;
#979 = CARTESIAN_POINT ( 'NONE',  ( -3.326287981067786337, -41.58072984647842674, -8.362917798917514745 ) ) ;
#980 =( BOUNDED_CURVE ( )  B_SPLINE_CURVE ( 3, ( #956, #1934, #5693, #1393 ),
 .UNSPECIFIED., .F., .F. ) 
 B_SPLINE_CURVE_WITH_KNOTS ( ( 4, 4 ),
 ( 5.052987889948712803E-17, 0.2645839280248690750 ),
 .UNSPECIFIED. ) 
 CURVE ( )  GEOMETRIC_REPRESENTATION_ITEM ( )  RATIONAL_B_SPLINE_CURVE ( ( 1.000000000000000000, 0.4905725434139648344, 0.3704195871135049223, 0.6395411310986200970 ) ) 
 REPRESENTATION_ITEM ( '' )  );
#981 = CARTESIAN_POINT ( 'NONE',  ( 4.706330691472897954, -13.84210911493775420, 53.64005440864175256 ) ) ;
#982 = CARTESIAN_POINT ( 'NONE',  ( 3.671961991660179780, -41.66660398504500051, 6.840072694917419760 ) ) ;
#983 = EDGE_LOOP ( 'NONE', ( #5369, #2521, #4328, #3199, #2553 ) ) ;
#984 = ORIENTED_EDGE ( 'NONE', *, *, #5492, .F. ) ;
#985 = CARTESIAN_POINT ( 'NONE',  ( -5.507978988445479729, -41.90336194457290020, -3.781299771509714969 ) ) ;
#986 = EDGE_CURVE ( 'NONE', #5345, #3844, #2273, .T. ) ;
#987 = CARTESIAN_POINT ( 'NONE',  ( -71.46669839058749574, 10.00000000000000000, 137.9613978004092019 ) ) ;
#988 = CARTESIAN_POINT ( 'NONE',  ( -3.672038008226089723, -41.66660914934225701, 6.840031886336140232 ) ) ;
#989 = CARTESIAN_POINT ( 'NONE',  ( 190.4059769339613126, -6.042206017375306715, 5.520999699147868256 ) ) ;
#990 = CARTESIAN_POINT ( 'NONE',  ( -53.58330569984575931, 10.00000000000000000, -15.42164038722743058 ) ) ;
#991 = CARTESIAN_POINT ( 'NONE',  ( -9.180001134563481102, -42.32169833820390181, 0.2041530533066639730 ) ) ;
#992 = EDGE_CURVE ( 'NONE', #6055, #2012, #4807, .T. ) ;
#993 = CARTESIAN_POINT ( 'NONE',  ( -11.88162102544398735, -37.93572511453007223, 5.215722788437174628 ) ) ;
#994 = ORIENTED_EDGE ( 'NONE', *, *, #2142, .T. ) ;
#995 = PLANE ( 'NONE',  #5562 ) ;
#996 = CARTESIAN_POINT ( 'NONE',  ( -0.8175395130432414614, -36.69834945636213774, 12.98140051698825737 ) ) ;
#997 = CARTESIAN_POINT ( 'NONE',  ( -40.72007806292534582, 9.999999999999987566, 8.679063920228786699 ) ) ;
#998 = DIRECTION ( 'NONE',  ( -1.000000000000000000, 3.074555195481525416E-16, -1.561327534128339757E-31 ) ) ;
#999 = CARTESIAN_POINT ( 'NONE',  ( -3.341150730729465668, -37.54046432099383424, 8.356845803149511198 ) ) ;
#1000 = CARTESIAN_POINT ( 'NONE',  ( -8.883318497001654990, -42.24139710890890598, 1.475019117114454215 ) ) ;
#1001 = CARTESIAN_POINT ( 'NONE',  ( 92.78521323768214302, -63.39640923772800818, 11.06177466967236356 ) ) ;
#1002 = EDGE_CURVE ( 'NONE', #1725, #4875, #6, .T. ) ;
#1003 = CARTESIAN_POINT ( 'NONE',  ( -8.999227307335273096, -42.30449642086633588, 0.1193881998127234861 ) ) ;
#1004 = CARTESIAN_POINT ( 'NONE',  ( 8.999999999999991118, -39.64113769401082266, -1.888183232402019824E-14 ) ) ;
#1005 = CARTESIAN_POINT ( 'NONE',  ( 226.6457644257074833, 10.00000000000000000, -137.7671940876994086 ) ) ;
#1006 = CARTESIAN_POINT ( 'NONE',  ( 23.13850053261339923, -58.99259783589939588, -1.549459856639939826E-14 ) ) ;
#1007 = CARTESIAN_POINT ( 'NONE',  ( 8.988786243229990092, -42.28935717099580671, 0.4491583659884785251 ) ) ;
#1008 = CARTESIAN_POINT ( 'NONE',  ( -8.998887288000474882, -38.31026224233492883, 0.1470156075517272953 ) ) ;
#1009 = CARTESIAN_POINT ( 'NONE',  ( -7.338750820719552870, -41.95626886563181301, -5.210780766754825599 ) ) ;
#1010 = FACE_OUTER_BOUND ( 'NONE', #744, .T. ) ;
#1011 = CARTESIAN_POINT ( 'NONE',  ( 5.507961991631749932, -41.74730526035120448, 6.840082897062740308 ) ) ;
#1012 = ORIENTED_EDGE ( 'NONE', *, *, #1911, .F. ) ;
#1013 = ORIENTED_EDGE ( 'NONE', *, *, #1536, .F. ) ;
#1014 = CARTESIAN_POINT ( 'NONE',  ( 3.672046676600889903, -41.56765029199235073, -8.400011251197350148 ) ) ;
#1015 = CARTESIAN_POINT ( 'NONE',  ( 54.88684423297739556, -56.13001623236050364, -7.718497068223229677E-15 ) ) ;
#1016 = CARTESIAN_POINT ( 'NONE',  ( 5.507988453293689801, -41.96221732434155172, 2.077985338027330098 ) ) ;
#1017 = CARTESIAN_POINT ( 'NONE',  ( -33.78306536391283288, -6.042206017375270299, -45.58048747119148203 ) ) ;
#1018 = CARTESIAN_POINT ( 'NONE',  ( -8.998887288000474882, -38.31026224233492883, 0.1470156075517272953 ) ) ;
#1019 = CARTESIAN_POINT ( 'NONE',  ( 7.344001701944699256, -42.11316865321069969, -0.3062652874686330184 ) ) ;
#1020 = VERTEX_POINT ( 'NONE', #1357 ) ;
#1021 = CARTESIAN_POINT ( 'NONE',  ( 103.1449999999999108, -58.93658393131474327, 9.891171654269799163 ) ) ;
#1022 = VECTOR ( 'NONE', #6251, 1000.000000000000000 ) ;
#1023 = PERSON_AND_ORGANIZATION ( #1411, #5735 ) ;
#1024 = CARTESIAN_POINT ( 'NONE',  ( 9.000999799688868208, -38.28264873423162129, -0.5758231606311188244 ) ) ;
#1025 = CARTESIAN_POINT ( 'NONE',  ( -29.64782474525188860, -6.042206018788405686, 5.212707768500187022 ) ) ;
#1026 = LINE ( 'NONE', #5318, #1637 ) ;
#1027 = CARTESIAN_POINT ( 'NONE',  ( 6.387213656519986849, -37.80965318013268472, 6.340631934072917808 ) ) ;
#1028 = ORIENTED_EDGE ( 'NONE', *, *, #3409, .T. ) ;
#1029 = CARTESIAN_POINT ( 'NONE',  ( -8.927170960425586443, -42.25662777940355852, 1.181005590677226991 ) ) ;
#1030 = CARTESIAN_POINT ( 'NONE',  ( -22.00000000000000355, -6.042206018788409239, -44.78729223149981209 ) ) ;
#1031 = VECTOR ( 'NONE', #3625, 1000.000000000000000 ) ;
#1032 = CARTESIAN_POINT ( 'NONE',  ( -18.00000000000000000, -6.042206017372996563, -53.98290812280549744 ) ) ;
#1033 = ADVANCED_FACE ( 'NONE', ( #2815 ), #4883, .F. ) ;
#1034 = CARTESIAN_POINT ( 'NONE',  ( 8.283957635241028683, -42.10625223202168144, 3.518011442394521460 ) ) ;
#1035 = LINE ( 'NONE', #4881, #5665 ) ;
#1036 = CARTESIAN_POINT ( 'NONE',  ( -8.798804044978030703, -38.21018584144375296, 1.892368153714810042 ) ) ;
#1037 = CARTESIAN_POINT ( 'NONE',  ( 0.5851226219966385589, -41.49092440191354569, -8.985920722101512936 ) ) ;
#1038 = CARTESIAN_POINT ( 'NONE',  ( 10.61790861572062106, -25.04680288741158734, -43.83800576515800174 ) ) ;
#1039 = CARTESIAN_POINT ( 'NONE',  ( 6.047590599841329961, -41.79917675037440006, 6.665878458865782896 ) ) ;
#1040 = VECTOR ( 'NONE', #1315, 1000.000000000000000 ) ;
#1041 = CARTESIAN_POINT ( 'NONE',  ( -3.713581939454830838, -41.60296283758395219, 8.203433096355441378 ) ) ;
#1042 = CARTESIAN_POINT ( 'NONE',  ( -6.143137140410981800, -41.80936722416468854, -6.578393441348751480 ) ) ;
#1043 = CARTESIAN_POINT ( 'NONE',  ( -8.199029978727455870, -38.07695106838711752, -3.723246808500066951 ) ) ;
#1044 = CARTESIAN_POINT ( 'NONE',  ( -3.672046676600915216, -41.56765029200165174, 8.400011251197350148 ) ) ;
#1045 = CARTESIAN_POINT ( 'NONE',  ( -5.508005109497530860, -41.97117035294004950, 0.9195008992283579818 ) ) ;
#1046 = VERTEX_POINT ( 'NONE', #1926 ) ;
#1047 = EDGE_LOOP ( 'NONE', ( #3435, #4286, #4529 ) ) ;
#1048 = CARTESIAN_POINT ( 'NONE',  ( 190.4059769339613410, -6.042206017375310267, -5.521814902525061797 ) ) ;
#1049 = CARTESIAN_POINT ( 'NONE',  ( 4.716710544639065361, -8.263542936146528461, 52.64180487303517708 ) ) ;
#1050 = CARTESIAN_POINT ( 'NONE',  ( -32.41153990314140287, -6.042206017375218785, 44.77443512931716896 ) ) ;
#1051 = CARTESIAN_POINT ( 'NONE',  ( 85.62873080478189536, -33.22972007004624118, 73.16782629219190426 ) ) ;
#1052 = CARTESIAN_POINT ( 'NONE',  ( -71.46669839058749574, 10.00000000000000000, -137.7671940876994086 ) ) ;
#1053 = CARTESIAN_POINT ( 'NONE',  ( -10.56049618750243368, -38.30830118485808100, 0.09413050191723557059 ) ) ;
#1054 = CARTESIAN_POINT ( 'NONE',  ( -5.508001701973160635, -41.96944799637174839, 0.3062754896139460170 ) ) ;
#1055 = ORIENTED_EDGE ( 'NONE', *, *, #6011, .F. ) ;
#1056 = CARTESIAN_POINT ( 'NONE',  ( 7.311017052102897651, -18.71556303013260347, -49.85950312325343248 ) ) ;
#1057 =( BOUNDED_CURVE ( )  B_SPLINE_CURVE ( 3, ( #4629, #4154, #1737, #6122 ),
 .UNSPECIFIED., .F., .T. ) 
 B_SPLINE_CURVE_WITH_KNOTS ( ( 4, 4 ),
 ( 3.405499561769564129E-17, 0.2646039478493926733 ),
 .UNSPECIFIED. ) 
 CURVE ( )  GEOMETRIC_REPRESENTATION_ITEM ( )  RATIONAL_B_SPLINE_CURVE ( ( 0.6395411310986210962, 0.3704195871135046447, 0.4905725434139643348, 1.000000000000000000 ) ) 
 REPRESENTATION_ITEM ( '' )  );
#1058 = ADVANCED_FACE ( 'NONE', ( #5237 ), #2844, .F. ) ;
#1059 = CARTESIAN_POINT ( 'NONE',  ( 7.652593375642202211, -37.98382211975172851, -4.739188347336018126 ) ) ;
#1060 = CARTESIAN_POINT ( 'NONE',  ( -29.55026775103748804, -6.042206018788403910, -1.037292231499814976 ) ) ;
#1061 = CARTESIAN_POINT ( 'NONE',  ( 27.90412254817749371, 10.00000000000000000, -137.7671940876994086 ) ) ;
#1062 = AXIS2_PLACEMENT_3D ( 'NONE', #1122, #657, #5067 ) ;
#1063 = CARTESIAN_POINT ( 'NONE',  ( 7.326274260278463402, -37.93379440382810230, 5.235568897347164352 ) ) ;
#1064 = VERTEX_POINT ( 'NONE', #5775 ) ;
#1065 = CARTESIAN_POINT ( 'NONE',  ( 8.200543107166247125, -42.09068376482991880, 3.720051316048005319 ) ) ;
#1066 = DIRECTION ( 'NONE',  ( -0.000000000000000000, -1.000000000000000000, -0.000000000000000000 ) ) ;
#1067 = CARTESIAN_POINT ( 'NONE',  ( -12.51084983702054032, -6.042206017369079696, -2.085489564426569853 ) ) ;
#1068 = B_SPLINE_CURVE_WITH_KNOTS ( 'NONE', 3,
 ( #4174, #754, #1728, #3259, #309, #251, #1334, #2181, #1219, #2238, #843, #4199, #6113, #4146, #1786, #3228, #3142, #4592, #279 ),
 .UNSPECIFIED., .F., .F.,
 ( 4, 1, 1, 1, 1, 1, 1, 1, 1, 1, 1, 1, 1, 1, 1, 1, 4 ),
 ( 0.02117472420177700723, 0.06250000000000006939, 0.1250000000000000555, 0.1875000000000000555, 0.2500000000000000555, 0.3125000000000000000, 0.3750000000000000000, 0.4375000000000000000, 0.5000000000000000000, 0.5625000000000001110, 0.6250000000000000000, 0.6875000000000001110, 0.7500000000000000000, 0.8125000000000000000, 0.8750000000000000000, 0.9375000000000000000, 0.9933252601458731901 ),
 .UNSPECIFIED. ) ;
#1069 = CARTESIAN_POINT ( 'NONE',  ( 8.803261074154338672, -42.21873120456603345, 1.872060503656770791 ) ) ;
#1070 = CARTESIAN_POINT ( 'NONE',  ( -2.302101678614545399, -41.52154692336641517, 8.787637318304504674 ) ) ;
#1071 = PLANE ( 'NONE',  #3940 ) ;
#1072 = CARTESIAN_POINT ( 'NONE',  ( 4.501050487258140720, -41.65760848871376965, -7.799311388435767434 ) ) ;
#1073 = CARTESIAN_POINT ( 'NONE',  ( 11.20136968383557452, -26.19036808695912555, -42.57071354176721911 ) ) ;
#1074 = CARTESIAN_POINT ( 'NONE',  ( 8.261718974617835443, -42.10217960694485129, 3.570224198690696404 ) ) ;
#1075 = CARTESIAN_POINT ( 'NONE',  ( 78.84687356048578977, -6.042206017076479085, -169.7111111089945439 ) ) ;
#1076 = CARTESIAN_POINT ( 'NONE',  ( -5.346129625758415216, -41.72943890618541474, -7.247409777166702760 ) ) ;
#1077 = CARTESIAN_POINT ( 'NONE',  ( -4.365843336177410272, -37.61058580128683815, -7.871660793050353710 ) ) ;
#1078 = CARTESIAN_POINT ( 'NONE',  ( -9.180006245850039548, -42.28221066252150706, 1.123991167728281892 ) ) ;
#1079 = CARTESIAN_POINT ( 'NONE',  ( -9.180011546478839435, -42.24575990181089935, 2.077903720864755055 ) ) ;
#1080 = VERTEX_POINT ( 'NONE', #1416 ) ;
#1081 = EDGE_LOOP ( 'NONE', ( #2572, #5454, #5946, #4616 ) ) ;
#1082 = CARTESIAN_POINT ( 'NONE',  ( -3.671953323285380044, -41.56764441687349887, -8.400052059778639446 ) ) ;
#1083 = CARTESIAN_POINT ( 'NONE',  ( -8.691414426198031506, -38.18143633030168616, -2.341463289025250916 ) ) ;
#1084 = CARTESIAN_POINT ( 'NONE',  ( -50.84140505267982491, -6.042206017375221450, 23.70107457105140725 ) ) ;
#1085 = CARTESIAN_POINT ( 'NONE',  ( 139.1842759379919983, -47.26221975847409595, 2.775557561562889773E-14 ) ) ;
#1086 = CARTESIAN_POINT ( 'NONE',  ( 18.52565840303545031, -41.93126864290135103, 5.497911601563131967 ) ) ;
#1087 = EDGE_CURVE ( 'NONE', #313, #109, #529, .T. ) ;
#1088 = CARTESIAN_POINT ( 'NONE',  ( 11.39942435760310602, -20.56651642024989712, -42.80336510859244470 ) ) ;
#1089 = CARTESIAN_POINT ( 'NONE',  ( -9.179993753865669959, -42.28220595411875138, -1.124093189181503805 ) ) ;
#1090 = ORIENTED_EDGE ( 'NONE', *, *, #3266, .T. ) ;
#1091 = CARTESIAN_POINT ( 'NONE',  ( -12.99553091679957895, -38.31026187940302208, 0.0001336912975863206211 ) ) ;
#1092 = CARTESIAN_POINT ( 'NONE',  ( 6.614058164611183344, -37.06233964856460972, 11.19536308315585416 ) ) ;
#1093 = CARTESIAN_POINT ( 'NONE',  ( 226.6457644257074833, 10.00000000000000000, -137.7671940876994086 ) ) ;
#1094 = CARTESIAN_POINT ( 'NONE',  ( -18.00000000000000000, -26.96475769767874908, -35.57686982298324807 ) ) ;
#1095 = CARTESIAN_POINT ( 'NONE',  ( -5.018481952294007620, -37.66596236339489678, 7.476653467195062852 ) ) ;
#1096 = ORIENTED_EDGE ( 'NONE', *, *, #6115, .T. ) ;
#1097 = CARTESIAN_POINT ( 'NONE',  ( 8.976378501249916653, -42.28095678384194400, -0.6516645329778212314 ) ) ;
#1098 = CARTESIAN_POINT ( 'NONE',  ( -26.76264787207809448, -6.042206022897471662, -49.74990552700328550 ) ) ;
#1099 = VECTOR ( 'NONE', #6102, 1000.000000000000000 ) ;
#1100 = CARTESIAN_POINT ( 'NONE',  ( 84.73397599301098637, -63.39640923772801528, 12.66333333690861629 ) ) ;
#1101 = APPROVAL_PERSON_ORGANIZATION ( #3987, #5792, #189 ) ;
#1102 = DIRECTION ( 'NONE',  ( 1.000000000000000000, 0.000000000000000000, 0.000000000000000000 ) ) ;
#1103 = CARTESIAN_POINT ( 'NONE',  ( -6.453090624289181676, -41.84431320481412087, 6.273752919127203675 ) ) ;
#1104 = CYLINDRICAL_SURFACE ( 'NONE', #833, 13.00000000000000000 ) ;
#1105 = B_SPLINE_CURVE_WITH_KNOTS ( 'NONE', 2,
 ( #4798, #1589, #3408 ),
 .UNSPECIFIED., .F., .F.,
 ( 3, 3 ),
 ( 0.000000000000000000, 1.000000000000000000 ),
 .UNSPECIFIED. ) ;
#1106 = CARTESIAN_POINT ( 'NONE',  ( 8.426122146427863058, -42.13266915203528384, -3.176170666397250208 ) ) ;
#1107 = CARTESIAN_POINT ( 'NONE',  ( 18.66517746361758867, -42.19016841020512487, -3.191764933456163522 ) ) ;
#1108 = CARTESIAN_POINT ( 'NONE',  ( 8.942737623302265959, -42.26447269255783112, 1.014817396753398437 ) ) ;
#1109 = CARTESIAN_POINT ( 'NONE',  ( -71.46669839058749574, -70.00000000000000000, 137.9613978004092019 ) ) ;
#1110 = CARTESIAN_POINT ( 'NONE',  ( -22.00000000000000000, -6.042206018788409239, 48.96270776850018791 ) ) ;
#1111 = ADVANCED_FACE ( 'NONE', ( #5299, #38 ), #677, .F. ) ;
#1112 = CARTESIAN_POINT ( 'NONE',  ( -1.165270584567184020, -37.45422242930138879, -8.925552183616927593 ) ) ;
#1113 = CARTESIAN_POINT ( 'NONE',  ( -5.508011546535709790, -41.96222113922765118, 2.077924125155400148 ) ) ;
#1114 = CARTESIAN_POINT ( 'NONE',  ( 5.507999999914679812, -41.99430005132509791, 3.060643596046600169E-05 ) ) ;
#1115 = VERTEX_POINT ( 'NONE', #4887 ) ;
#1116 = VERTEX_POINT ( 'NONE', #2531 ) ;
#1117 = CARTESIAN_POINT ( 'NONE',  ( -9.179953323200081172, -41.87591202997710127, -8.400082666214601090 ) ) ;
#1118 = CARTESIAN_POINT ( 'NONE',  ( -8.941484701486459130, -38.25273063445133914, -1.185090330524856794 ) ) ;
#1119 = CARTESIAN_POINT ( 'NONE',  ( -63.86703993366062093, -6.042206017375206351, -0.5911226955407464789 ) ) ;
#1120 = CARTESIAN_POINT ( 'NONE',  ( 40.04354083764201278, -50.78462308660629532, 26.08026258266927400 ) ) ;
#1121 = CARTESIAN_POINT ( 'NONE',  ( 6.035211359375683315, -16.31959894983803494, 51.79807083539076018 ) ) ;
#1122 = CARTESIAN_POINT ( 'NONE',  ( -9.511568403844728536E-15, -63.39640923772800818, 0.000000000000000000 ) ) ;
#1123 = CARTESIAN_POINT ( 'NONE',  ( 5.508011546535679592, -41.96222113973674794, -2.077924125155405033 ) ) ;
#1124 = ORIENTED_EDGE ( 'NONE', *, *, #2742, .T. ) ;
#1125 = ORIENTED_EDGE ( 'NONE', *, *, #3229, .T. ) ;
#1126 = CARTESIAN_POINT ( 'NONE',  ( 1.880642805692468000, -8.610348138393399964, -57.11573593204998645 ) ) ;
#1127 = CARTESIAN_POINT ( 'NONE',  ( 5.493936544750296136, -37.71113417684927782, -7.130197368583659490 ) ) ;
#1128 = CARTESIAN_POINT ( 'NONE',  ( 0.000000000000000000, -70.00000000000000000, -137.7671940876994086 ) ) ;
#1129 = CARTESIAN_POINT ( 'NONE',  ( 19.07334698233630021, -42.30756013076910449, -5.181181809388050601E-15 ) ) ;
#1130 = CARTESIAN_POINT ( 'NONE',  ( -8.204542828554238554, -38.07846454306081085, 3.699576365415144785 ) ) ;
#1131 = ORIENTED_EDGE ( 'NONE', *, *, #5663, .F. ) ;
#1132 = CARTESIAN_POINT ( 'NONE',  ( 8.956653833787793673, -42.27084703351751926, -0.8822503115349690228 ) ) ;
#1133 = DIRECTION ( 'NONE',  ( 0.000000000000000000, 0.000000000000000000, 1.000000000000000000 ) ) ;
#1134 = CARTESIAN_POINT ( 'NONE',  ( 140.1670044770244488, -13.94371515320614918, 93.25435491082637895 ) ) ;
#1135 = CARTESIAN_POINT ( 'NONE',  ( 8.955998966516091286, -42.27053191532905174, 0.8888725902833857218 ) ) ;
#1136 = CARTESIAN_POINT ( 'NONE',  ( -8.871598842480118208, -42.23864573056220451, 1.517930283947784176 ) ) ;
#1137 = CARTESIAN_POINT ( 'NONE',  ( -63.05957058847812391, -6.042206017375225890, 5.660463447668892201 ) ) ;
#1138 = CARTESIAN_POINT ( 'NONE',  ( -0.5974324343047353603, -41.48890415499061390, -8.999546381583131804 ) ) ;
#1139 = CARTESIAN_POINT ( 'NONE',  ( 17.73631445343718127, -40.23112553196208552, -15.53538126978144263 ) ) ;
#1140 = CARTESIAN_POINT ( 'NONE',  ( 8.967639082058475708, -42.27619549234614027, 0.7660806377301332404 ) ) ;
#1141 = CARTESIAN_POINT ( 'NONE',  ( -8.524545121491614807, -42.15256165982833636, 2.901661860576263408 ) ) ;
#1142 = AXIS2_PLACEMENT_3D ( 'NONE', #6077, #2699, #4584 ) ;
#1143 = CARTESIAN_POINT ( 'NONE',  ( -8.436596162362205220, -42.13462442736140190, -3.150785667097051768 ) ) ;
#1144 = EDGE_CURVE ( 'NONE', #3072, #4172, #838, .T. ) ;
#1145 = CARTESIAN_POINT ( 'NONE',  ( -12.67665810459535791, -38.14790406447106363, 2.818446098710394754 ) ) ;
#1146 = CARTESIAN_POINT ( 'NONE',  ( -7.344011546507279498, -42.08122902362369899, 2.077913923010080044 ) ) ;
#1147 = CARTESIAN_POINT ( 'NONE',  ( -7.344001701944730343, -42.11316865284370436, 0.3062652874686240256 ) ) ;
#1148 = ADVANCED_FACE ( 'NONE', ( #3970 ), #1575, .F. ) ;
#1149 = CARTESIAN_POINT ( 'NONE',  ( 14.94029696737962354, -27.43725857416334435, 34.53617372092987381 ) ) ;
#1150 = ORIENTED_EDGE ( 'NONE', *, *, #579, .F. ) ;
#1151 = EDGE_LOOP ( 'NONE', ( #3351, #4144, #2538, #1217, #2244, #3168 ) ) ;
#1152 = CARTESIAN_POINT ( 'NONE',  ( 5.508046676572449840, -41.64574234799879804, -8.400001049052029600 ) ) ;
#1153 = CARTESIAN_POINT ( 'NONE',  ( 17.78528318906844774, -33.42287354489378259, 23.57091827798349115 ) ) ;
#1154 = CARTESIAN_POINT ( 'NONE',  ( -50.15499805291921120, -6.042206017375243654, -25.36348420368016576 ) ) ;
#1155 = CARTESIAN_POINT ( 'NONE',  ( 86.22349912700521202, -58.93658393131480011, 16.74406976937894953 ) ) ;
#1156 = CARTESIAN_POINT ( 'NONE',  ( 4.997157018347595958, -14.38300284513948135, 53.25093622690125983 ) ) ;
#1157 = CARTESIAN_POINT ( 'NONE',  ( 20.36082540615130299, -32.29571161549034741, 26.62793936103274817 ) ) ;
#1158 = CARTESIAN_POINT ( 'NONE',  ( -9.179988453236850532, -42.24575219294279549, -2.078005742317980076 ) ) ;
#1159 = VERTEX_POINT ( 'NONE', #1542 ) ;
#1160 = ORIENTED_EDGE ( 'NONE', *, *, #168, .T. ) ;
#1161 = CARTESIAN_POINT ( 'NONE',  ( 13.88556801504149085, -31.61567152917007917, -35.46740544693015096 ) ) ;
#1162 = B_SPLINE_SURFACE_WITH_KNOTS ( 'NONE', 3, 3, ( 
 ( #1499, #6189, #3218, #2840 ),
 ( #2784, #3775, #2368, #3248 ),
 ( #3719, #5150, #61, #1030 ),
 ( #2015, #2339, #1981, #1805 ),
 ( #918, #2957, #4217, #5862 ),
 ( #1857, #4190, #2756, #6159 ),
 ( #5682, #5710, #1379, #2489 ),
 ( #4693, #3746, #3274, #1352 ),
 ( #3895, #5652, #383, #5828 ),
 ( #5204, #3926, #4877, #4246 ),
 ( #2312, #832, #4667, #357 ),
 ( #5179, #6133, #862, #888 ),
 ( #2809, #4719, #4505, #2523 ),
 ( #4469, #2653, #3994, #2118 ),
 ( #3959, #1674, #5420, #669 ),
 ( #599, #4567, #1602, #196 ),
 ( #1531, #5896, #2153, #1638 ),
 ( #4437, #256, #4946, #5931 ),
 ( #4911, #127, #3558, #3523 ) ),
 .UNSPECIFIED., .F., .F., .F.,
 ( 4, 1, 1, 1, 1, 1, 1, 1, 1, 1, 1, 1, 1, 1, 1, 1, 4 ),
 ( 4, 4 ),
 ( 0.000000000000000000, 0.06250000000000000000, 0.1250000000000000000, 0.1875000000000000000, 0.2500000000000000000, 0.3125000000000000000, 0.3750000000000000000, 0.4375000000000000000, 0.5000000000000000000, 0.5625000000000000000, 0.6250000000000000000, 0.6875000000000000000, 0.7500000000000000000, 0.8125000000000000000, 0.8750000000000000000, 0.9375000000000000000, 1.000000000000000000 ),
 ( 0.000000000000000000, 1.000000000000000000 ),
 .UNSPECIFIED. ) ;
#1163 = CARTESIAN_POINT ( 'NONE',  ( 8.944567155536907066, -38.25402824272521940, -1.160104950362168985 ) ) ;
#1164 = PLANE ( 'NONE',  #471 ) ;
#1165 = CARTESIAN_POINT ( 'NONE',  ( -9.180029509733939719, -42.08224734191440319, 5.310609717123659479 ) ) ;
#1166 = CARTESIAN_POINT ( 'NONE',  ( -18.00000000000000000, -6.042206017372999227, 53.98290812280559692 ) ) ;
#1167 = VERTEX_POINT ( 'NONE', #2936 ) ;
#1168 = CARTESIAN_POINT ( 'NONE',  ( 8.965810485477671676, -42.27545369739814163, -0.7841140923581026989 ) ) ;
#1169 = CARTESIAN_POINT ( 'NONE',  ( -25.79150187190958832, -6.042206017375256977, -49.71050083627356031 ) ) ;
#1170 = CARTESIAN_POINT ( 'NONE',  ( -2.011414965399197285, -41.52191815949251463, -8.777300994797769818 ) ) ;
#1171 = B_SPLINE_CURVE_WITH_KNOTS ( 'NONE', 3,
 ( #5802, #5262, #1472, #3394 ),
 .UNSPECIFIED., .F., .F.,
 ( 4, 4 ),
 ( 0.8839475578125295385, 1.000000000000000000 ),
 .UNSPECIFIED. ) ;
#1172 = CARTESIAN_POINT ( 'NONE',  ( -7.819439672422353382, -42.02750578901800083, 4.458832881371064261 ) ) ;
#1173 = CARTESIAN_POINT ( 'NONE',  ( -62.87109843381058738, -6.042206017375225890, 6.301294268364831197 ) ) ;
#1174 = DIRECTION ( 'NONE',  ( 0.000000000000000000, -5.078222490274110485E-16, -1.000000000000000000 ) ) ;
#1175 = DIRECTION ( 'NONE',  ( -0.000000000000000000, -0.000000000000000000, -1.000000000000000000 ) ) ;
#1176 = CARTESIAN_POINT ( 'NONE',  ( -23.59061879362516834, -6.042206017375215232, 48.74530178259649205 ) ) ;
#1177 = CARTESIAN_POINT ( 'NONE',  ( 7.322569984012936573, -41.95392963579161005, 5.240855871927239562 ) ) ;
#1178 = CARTESIAN_POINT ( 'NONE',  ( -4.874057181154729967, -37.65278908329381125, -7.567378508932121939 ) ) ;
#1179 = CARTESIAN_POINT ( 'NONE',  ( -5.508021011383959831, -41.90336651136514945, 3.781238558637780134 ) ) ;
#1180 = CARTESIAN_POINT ( 'NONE',  ( -9.180001701916291168, -42.31469916674569731, 0.3062550853233024784 ) ) ;
#1181 = CARTESIAN_POINT ( 'NONE',  ( 19.70935808833037939, -37.73170010312385614, 7.080502682476596199 ) ) ;
#1182 = EDGE_LOOP ( 'NONE', ( #5779, #1090, #1979, #5552, #5878, #2473, #5045, #4999 ) ) ;
#1183 = LINE ( 'NONE', #4047, #5677 ) ;
#1184 = CARTESIAN_POINT ( 'NONE',  ( 9.282365293880465273, -16.61462128644786773, 46.46163416952696679 ) ) ;
#1185 = CARTESIAN_POINT ( 'NONE',  ( -63.74292612481356457, -6.042206017375227667, 2.413355618706136685 ) ) ;
#1186 = CARTESIAN_POINT ( 'NONE',  ( 159.5718911911934867, -33.22972007004624118, 2.775557561562889773E-14 ) ) ;
#1187 = CARTESIAN_POINT ( 'NONE',  ( 11.30748175744846939, -26.39943567612879605, 42.33204548250861166 ) ) ;
#1188 = CARTESIAN_POINT ( 'NONE',  ( 18.63070844425311989, -35.34014208002222546, -18.23259079401682925 ) ) ;
#1189 = CARTESIAN_POINT ( 'NONE',  ( 3.672006245935305557, -41.88114297932265373, -1.124021774164253973 ) ) ;
#1190 = ORIENTED_EDGE ( 'NONE', *, *, #2075, .F. ) ;
#1191 = CARTESIAN_POINT ( 'NONE',  ( -5.507998865209089878, -41.97550274093775613, -0.2042346704692465098 ) ) ;
#1192 = LINE ( 'NONE', #5378, #5857 ) ;
#1193 = EDGE_CURVE ( 'NONE', #2109, #3005, #1, .T. ) ;
#1194 = CARTESIAN_POINT ( 'NONE',  ( -18.00000000000000000, -6.042206017372989457, -53.98290812280549744 ) ) ;
#1195 = CARTESIAN_POINT ( 'NONE',  ( -8.797650432521686881, -38.20985594443612854, 1.897726394802270677 ) ) ;
#1196 = CARTESIAN_POINT ( 'NONE',  ( 7.315454677141677742, -41.95294391132912182, -5.250735323842106617 ) ) ;
#1197 = FACE_OUTER_BOUND ( 'NONE', #2266, .T. ) ;
#1198 = CARTESIAN_POINT ( 'NONE',  ( 3.543743181994237545, -41.59324972189504166, -8.273066969953127625 ) ) ;
#1199 = CARTESIAN_POINT ( 'NONE',  ( -3.912457896325598927, -41.61626926099403789, 8.106157220280273634 ) ) ;
#1200 = CARTESIAN_POINT ( 'NONE',  ( -50.15499805291921120, -6.042206017375243654, -25.36348420368016576 ) ) ;
#1201 = LINE ( 'NONE', #735, #1031 ) ;
#1202 = DIRECTION ( 'NONE',  ( -0.000000000000000000, 1.000000000000000000, 0.000000000000000000 ) ) ;
#1203 = CARTESIAN_POINT ( 'NONE',  ( -71.46669839058749574, 10.00000000000000000, -137.7671940876994086 ) ) ;
#1204 = CARTESIAN_POINT ( 'NONE',  ( 8.540573850625854391, -42.15398774952450367, 2.899835226924416531 ) ) ;
#1205 = CARTESIAN_POINT ( 'NONE',  ( -42.61420186904449281, 9.999999999999996447, -10.96746882930053602 ) ) ;
#1206 = CARTESIAN_POINT ( 'NONE',  ( -7.344005109469100567, -42.10820935120749198, 0.9194906970830359905 ) ) ;
#1207 = CARTESIAN_POINT ( 'NONE',  ( -3.671998297884704776, -41.89111594106904590, -0.3063265003405630238 ) ) ;
#1208 = DIRECTION ( 'NONE',  ( 1.500332356076764948E-16, 1.000000000000000000, 0.000000000000000000 ) ) ;
#1209 = ORIENTED_EDGE ( 'NONE', *, *, #2810, .T. ) ;
#1210 = DIRECTION ( 'NONE',  ( 0.000000000000000000, 1.000000000000000000, 0.000000000000000000 ) ) ;
#1211 = CARTESIAN_POINT ( 'NONE',  ( 85.35719728723985611, -6.042206017417941055, 98.92733719604291309 ) ) ;
#1212 = DIRECTION ( 'NONE',  ( -0.000000000000000000, -0.000000000000000000, -1.000000000000000000 ) ) ;
#1213 = CARTESIAN_POINT ( 'NONE',  ( -1.665942862881365283, -36.71602838584379214, 12.89999282206905740 ) ) ;
#1214 = CARTESIAN_POINT ( 'NONE',  ( 16.25029777721732316, -36.75227428997571621, 25.93003158605588254 ) ) ;
#1215 = CARTESIAN_POINT ( 'NONE',  ( -18.00000000000000000, -38.31026286157670313, -0.1470188481355378107 ) ) ;
#1216 = CARTESIAN_POINT ( 'NONE',  ( -5.507953323256949751, -41.64573389326320552, -8.400062261923959994 ) ) ;
#1217 = ORIENTED_EDGE ( 'NONE', *, *, #2832, .T. ) ;
#1218 = CARTESIAN_POINT ( 'NONE',  ( 7.344001134591879421, -42.10616211150964716, -0.2041632554519949849 ) ) ;
#1219 = CARTESIAN_POINT ( 'NONE',  ( -22.00000000000000355, -6.042206018788404798, -7.287292231499815642 ) ) ;
#1220 = CARTESIAN_POINT ( 'NONE',  ( 73.65500000000000114, -63.39640923772800818, -2.064450201827639861E-15 ) ) ;
#1221 = FACE_OUTER_BOUND ( 'NONE', #1695, .T. ) ;
#1222 = CARTESIAN_POINT ( 'NONE',  ( -18.00000000000000000, -38.30611622139949901, -0.03690425908144105011 ) ) ;
#1223 = ORIENTED_EDGE ( 'NONE', *, *, #6242, .F. ) ;
#1224 = CARTESIAN_POINT ( 'NONE',  ( 6.408113600946502508, -41.83906161789581546, -6.319546553684129542 ) ) ;
#1225 = CARTESIAN_POINT ( 'NONE',  ( -0.9323688128199322245, -20.95902901126089901, 49.13341423743467118 ) ) ;
#1226 = VECTOR ( 'NONE', #898, 1000.000000000000000 ) ;
#1227 = CARTESIAN_POINT ( 'NONE',  ( -2.734270716059445938, -41.55076026871348915, -8.575924688887079483 ) ) ;
#1228 = CARTESIAN_POINT ( 'NONE',  ( -57.90782485227417453, -6.042206017375238325, -16.16674075582951886 ) ) ;
#1229 = CARTESIAN_POINT ( 'NONE',  ( 159.5718911911924920, -33.22972007004714357, 8.960972233485210097E-15 ) ) ;
#1230 = CARTESIAN_POINT ( 'NONE',  ( -53.58330569984575931, 10.00000000000000000, 15.42164038722743058 ) ) ;
#1231 = CIRCLE ( 'NONE', #233, 12.74499999999999922 ) ;
#1232 = EDGE_CURVE ( 'NONE', #2942, #5132, #1881, .T. ) ;
#1233 = CARTESIAN_POINT ( 'NONE',  ( -22.62902544604195043, -6.042206017375217897, 48.49724126834589555 ) ) ;
#1234 = CARTESIAN_POINT ( 'NONE',  ( -23.87206615386361008, -6.042206017375266747, -49.42813727898040099 ) ) ;
#1235 = CARTESIAN_POINT ( 'NONE',  ( 103.1449999999999960, -58.25464714294840007, -1.654001348217600230E-14 ) ) ;
#1236 = CARTESIAN_POINT ( 'NONE',  ( -3.671999999943150073, -41.88125511300085435, -2.040429064798975216E-05 ) ) ;
#1237 = CARTESIAN_POINT ( 'NONE',  ( -9.179996594037220348, -42.30370506481104798, -0.6129698115837330930 ) ) ;
#1238 = CARTESIAN_POINT ( 'NONE',  ( 8.948606360557995743, -38.25548027042452759, 1.125373774208785704 ) ) ;
#1239 = CARTESIAN_POINT ( 'NONE',  ( 94.82061938796971390, -63.39640923772801528, -9.603583514317987735 ) ) ;
#1240 = CARTESIAN_POINT ( 'NONE',  ( -71.46669839058749574, 10.00000000000000000, 137.9613978004092019 ) ) ;
#1241 = CARTESIAN_POINT ( 'NONE',  ( -18.00000000000000000, -26.96475769767874908, 35.57686982298324807 ) ) ;
#1242 = LINE ( 'NONE', #3721, #4657 ) ;
#1243 = CARTESIAN_POINT ( 'NONE',  ( -8.853119307690247908, -37.35810549100937550, 9.529126816200616190 ) ) ;
#1244 = CARTESIAN_POINT ( 'NONE',  ( 17.40998040256705437, -39.45526423214246137, 18.37659830917176862 ) ) ;
#1245 = B_SPLINE_CURVE_WITH_KNOTS ( 'NONE', 3,
 ( #4372, #5355, #161, #62, #4438, #1982, #3927, #2960, #3896, #1032 ),
 .UNSPECIFIED., .F., .F.,
 ( 4, 2, 2, 2, 4 ),
 ( 0.000000000000000000, 0.01622524581417373116, 0.03261851711856741248, 0.04901178842296109728, 0.06540505972735477513 ),
 .UNSPECIFIED. ) ;
#1246 = CARTESIAN_POINT ( 'NONE',  ( 11.50748973336669323, -26.79439861089523234, 41.87547361559011705 ) ) ;
#1247 = CARTESIAN_POINT ( 'NONE',  ( 3.672042342413474714, -41.61891558230554722, -7.620021568766739861 ) ) ;
#1248 = VERTEX_POINT ( 'NONE', #1109 ) ;
#1249 = CARTESIAN_POINT ( 'NONE',  ( 3.671998297884675022, -41.89111594139954775, 0.3063265003405539755 ) ) ;
#1250 = CARTESIAN_POINT ( 'NONE',  ( 17.73631445343718127, -40.23112553196208552, -15.53538126978144263 ) ) ;
#1251 = DIRECTION ( 'NONE',  ( -1.000000000000000000, 0.000000000000000000, 0.000000000000000000 ) ) ;
#1252 = ADVANCED_FACE ( 'NONE', ( #4446, #3497 ), #2565, .T. ) ;
#1253 = CARTESIAN_POINT ( 'NONE',  ( -7.344042342356639885, -41.80212089884035720, 7.620001164476099653 ) ) ;
#1254 = CARTESIAN_POINT ( 'NONE',  ( -8.745663869736089779, -38.19548131395816881, 2.126482668078129468 ) ) ;
#1255 = EDGE_LOOP ( 'NONE', ( #4461, #3485, #651, #1635 ) ) ;
#1256 = CARTESIAN_POINT ( 'NONE',  ( -7.415906130416238362, -13.94371515320612609, 52.78106892812668605 ) ) ;
#1257 = CARTESIAN_POINT ( 'NONE',  ( -12.99864817594080080, -38.30611261494834707, 0.03755347317486655567 ) ) ;
#1258 = CARTESIAN_POINT ( 'NONE',  ( -7.641839318962874827, -42.00044897382650078, -4.762613083350902166 ) ) ;
#1259 = CARTESIAN_POINT ( 'NONE',  ( 99.14499999999999602, -63.39640923772800818, 2.291319741699659959E-15 ) ) ;
#1260 = CARTESIAN_POINT ( 'NONE',  ( 86.40000000000000568, -58.25464714294840007, 0.000000000000000000 ) ) ;
#1261 = CARTESIAN_POINT ( 'NONE',  ( -40.37768763386446125, -21.18324305483737646, 36.78323677006540038 ) ) ;
#1262 = FACE_OUTER_BOUND ( 'NONE', #5010, .T. ) ;
#1263 = CARTESIAN_POINT ( 'NONE',  ( -22.00000000000000355, -6.042206017375267635, -48.91981981132212809 ) ) ;
#1264 = PLANE ( 'NONE',  #6221 ) ;
#1265 = CARTESIAN_POINT ( 'NONE',  ( 1.134705611842493951E-06, -41.79338277994690287, -0.2042040640332815071 ) ) ;
#1266 = CARTESIAN_POINT ( 'NONE',  ( 7.344006245878440531, -42.10689846338710396, -1.124001369873609990 ) ) ;
#1267 = CARTESIAN_POINT ( 'NONE',  ( -9.179948989012670424, -41.81641118698129844, -9.180072348645209601 ) ) ;
#1268 = CARTESIAN_POINT ( 'NONE',  ( 92.05009508963856035, -63.39640923772800818, -11.45470350604312770 ) ) ;
#1269 = FACE_OUTER_BOUND ( 'NONE', #3082, .T. ) ;
#1270 = CARTESIAN_POINT ( 'NONE',  ( -18.00000000000000000, -23.68619686104764810, 39.70994965335955840 ) ) ;
#1271 = DIRECTION ( 'NONE',  ( -1.000000000000000000, -0.000000000000000000, -0.000000000000000000 ) ) ;
#1272 = CARTESIAN_POINT ( 'NONE',  ( -10.27933030265634784, -37.59741763180000618, 7.969805166824110110 ) ) ;
#1273 = CARTESIAN_POINT ( 'NONE',  ( 8.099901292987679469, -42.07307853710156564, -3.934278533162128610 ) ) ;
#1274 = CARTESIAN_POINT ( 'NONE',  ( 18.52565840303545031, -41.93126864290135103, 5.497911601563131967 ) ) ;
#1275 = CARTESIAN_POINT ( 'NONE',  ( 6.531985377273287874, -38.31026286157675287, 11.30178246152880206 ) ) ;
#1276 = VERTEX_POINT ( 'NONE', #4411 ) ;
#1277 = CARTESIAN_POINT ( 'NONE',  ( -3.671998865237520171, -41.88910478152794781, -0.2042244683239249903 ) ) ;
#1278 = CARTESIAN_POINT ( 'NONE',  ( 7.967007426814306292, -38.31026286157675287, 10.34592470938472353 ) ) ;
#1279 = CARTESIAN_POINT ( 'NONE',  ( 88.06600992239066272, -63.39640923772800818, 12.66326252873770741 ) ) ;
#1280 = EDGE_CURVE ( 'NONE', #4875, #1489, #346, .T. ) ;
#1281 = CARTESIAN_POINT ( 'NONE',  ( -3.800828295466734567E-05, -41.59064680554690341, 6.840052290626779552 ) ) ;
#1282 = VECTOR ( 'NONE', #664, 1000.000000000000000 ) ;
#1283 = CARTESIAN_POINT ( 'NONE',  ( 0.8786768278880687788, -36.71303088488401301, 12.91354528092610643 ) ) ;
#1284 = CARTESIAN_POINT ( 'NONE',  ( 85.42307960382289878, -13.94371515320613852, 92.67729385790640606 ) ) ;
#1285 = CARTESIAN_POINT ( 'NONE',  ( 0.000000000000000000, 10.00000000000000000, 0.000000000000000000 ) ) ;
#1286 = CARTESIAN_POINT ( 'NONE',  ( -8.754092606669658494, -42.20569279255263240, -2.090651968283549600 ) ) ;
#1287 = CARTESIAN_POINT ( 'NONE',  ( -32.41153990314140287, -6.042206017375218785, 44.77443512931716896 ) ) ;
#1288 = DIRECTION ( 'NONE',  ( -0.000000000000000000, -1.000000000000000000, -0.000000000000000000 ) ) ;
#1289 = CARTESIAN_POINT ( 'NONE',  ( 11.35561693001679728, -38.31026286157671024, 6.552265524354087489 ) ) ;
#1290 = CARTESIAN_POINT ( 'NONE',  ( 8.923586778539384312, -42.25644038533859259, 1.173651834048647702 ) ) ;
#1291 = CARTESIAN_POINT ( 'NONE',  ( -53.58330569984575931, 10.00000000000000000, -15.42164038722743058 ) ) ;
#1292 = CARTESIAN_POINT ( 'NONE',  ( 3.671998297884675022, -41.89111594139954775, 0.3063265003405539755 ) ) ;
#1293 = CARTESIAN_POINT ( 'NONE',  ( -9.179961991574911551, -41.98502101360424632, -6.840103301353379628 ) ) ;
#1294 = CARTESIAN_POINT ( 'NONE',  ( 7.528703891758905087, -37.96458488942437270, 4.931467621215746000 ) ) ;
#1295 = CARTESIAN_POINT ( 'NONE',  ( 85.56351804436945940, -63.39640923772800818, -12.74503609769137213 ) ) ;
#1296 = CARTESIAN_POINT ( 'NONE',  ( -22.00000000000000000, -6.042206017374059712, 58.61996200176549365 ) ) ;
#1297 = CARTESIAN_POINT ( 'NONE',  ( -18.00000000000000000, -38.09024766049640220, 5.834977158582500323 ) ) ;
#1298 = CARTESIAN_POINT ( 'NONE',  ( -12.99553091679957895, -38.31026187940302208, 0.0001336912975863206211 ) ) ;
#1299 = CARTESIAN_POINT ( 'NONE',  ( -2.716676851092199030, -36.75613612168314148, 12.71342413334926746 ) ) ;
#1300 = CARTESIAN_POINT ( 'NONE',  ( 8.889354730432700080, -42.24445726243027366, -1.408850713939134858 ) ) ;
#1301 = CARTESIAN_POINT ( 'NONE',  ( 16.06498078849581645, -36.33254924371750860, 26.87810232984552528 ) ) ;
#1302 = CARTESIAN_POINT ( 'NONE',  ( -7.344051010731459606, -41.69037129754194382, 9.179980529337321116 ) ) ;
#1303 = VERTEX_POINT ( 'NONE', #137 ) ;
#1304 = CARTESIAN_POINT ( 'NONE',  ( -9.180003405678480277, -42.30370947905574752, 0.6128677901305089604 ) ) ;
#1305 = CARTESIAN_POINT ( 'NONE',  ( 15.97061113514642727, -36.11999664953304290, -27.34463712364637544 ) ) ;
#1306 = CARTESIAN_POINT ( 'NONE',  ( 80.74990491037794982, -63.39640923772800818, 11.45470350604460563 ) ) ;
#1307 = CARTESIAN_POINT ( 'NONE',  ( 3.671983152693320207, -41.84321739123220141, 3.031887689018485155 ) ) ;
#1308 = CARTESIAN_POINT ( 'NONE',  ( 3.442120465221281567, -41.58730849585915479, 8.315757926597459715 ) ) ;
#1309 = CARTESIAN_POINT ( 'NONE',  ( 11.63501412891282882, -37.87923982393882483, 5.745749677028955560 ) ) ;
#1310 = B_SPLINE_CURVE_WITH_KNOTS ( 'NONE', 1,
 ( #97, #130 ),
 .UNSPECIFIED., .F., .F.,
 ( 2, 2 ),
 ( 0.000000000000000000, 1.000000000000000000 ),
 .UNSPECIFIED. ) ;
#1311 = CARTESIAN_POINT ( 'NONE',  ( 19.11483119594132063, -38.48506133258115369, 37.85480819799125385 ) ) ;
#1312 = CARTESIAN_POINT ( 'NONE',  ( -8.305570218307263275, -42.11023774453612845, -3.466685456786355424 ) ) ;
#1313 = CARTESIAN_POINT ( 'NONE',  ( 78.62372799800708378, -63.39640923772800818, -10.13238574791271240 ) ) ;
#1314 = CARTESIAN_POINT ( 'NONE',  ( -48.22026380061686979, -6.042206017375219673, 26.73163483859935141 ) ) ;
#1315 = DIRECTION ( 'NONE',  ( 1.000000000000000000, 0.000000000000000000, 0.000000000000000000 ) ) ;
#1316 = CARTESIAN_POINT ( 'NONE',  ( 2.101146922263804861E-05, -41.73257342393090141, -3.781269165073750216 ) ) ;
#1317 = CARTESIAN_POINT ( 'NONE',  ( -8.913684472455502217, -42.25269915812043564, -1.246560045296436048 ) ) ;
#1318 = CARTESIAN_POINT ( 'NONE',  ( -22.00000000000000711, -6.042206018788411015, 17.71270776850018791 ) ) ;
#1319 = CARTESIAN_POINT ( 'NONE',  ( 7.343998865180619617, -42.10617315468100230, 0.2042448726145590088 ) ) ;
#1320 = CARTESIAN_POINT ( 'NONE',  ( 3.672029509819210169, -41.75190828365010276, -5.310640323559619347 ) ) ;
#1321 = CARTESIAN_POINT ( 'NONE',  ( 7.827115286238996994, -38.01195466135912682, 4.445322836296548452 ) ) ;
#1322 = CARTESIAN_POINT ( 'NONE',  ( 75.33816530206584616, -63.39640923772800818, -6.385253347286783843 ) ) ;
#1323 = FACE_OUTER_BOUND ( 'NONE', #1255, .T. ) ;
#1324 = VECTOR ( 'NONE', #1175, 1000.000000000000000 ) ;
#1325 = CARTESIAN_POINT ( 'NONE',  ( 20.36082540615130299, -26.96475769767874908, 35.57686982298324807 ) ) ;
#1326 = CARTESIAN_POINT ( 'NONE',  ( -7.501887056249368690, -41.97981607405061766, 4.972102133205279273 ) ) ;
#1327 = EDGE_CURVE ( 'NONE', #2146, #2150, #644, .T. ) ;
#1328 = CARTESIAN_POINT ( 'NONE',  ( -12.86609444829453075, -38.21125260838225302, 1.883130841961152102 ) ) ;
#1329 = CARTESIAN_POINT ( 'NONE',  ( 8.999851744484216098, -42.30608223073897989, -0.06365381749033922898 ) ) ;
#1330 = CARTESIAN_POINT ( 'NONE',  ( 16.03329761011519849, -36.26109868756177690, 27.03592911006021637 ) ) ;
#1331 = CARTESIAN_POINT ( 'NONE',  ( 1.714049004257521824, -38.31026286157675287, 12.93329942173999569 ) ) ;
#1332 = ORIENTED_EDGE ( 'NONE', *, *, #4922, .F. ) ;
#1333 = CARTESIAN_POINT ( 'NONE',  ( -7.343970490010189422, -41.94464159680104842, -5.310701536431549741 ) ) ;
#1334 = CARTESIAN_POINT ( 'NONE',  ( -22.00000000000001421, -6.042206018788411015, -19.78729223149981564 ) ) ;
#1335 = AXIS2_PLACEMENT_3D ( 'NONE', #1260, #5114, #3593 ) ;
#1336 = CARTESIAN_POINT ( 'NONE',  ( 226.6457644257074833, 10.00000000000000000, -137.7671940876994086 ) ) ;
#1337 = VECTOR ( 'NONE', #4829, 1000.000000000000000 ) ;
#1338 = CARTESIAN_POINT ( 'NONE',  ( 5.507993753922509228, -41.96795358764840245, 1.124072784890854049 ) ) ;
#1339 = CARTESIAN_POINT ( 'NONE',  ( 11.01349353275702114, -37.74814730296663612, 6.842587440908400431 ) ) ;
#1340 = CARTESIAN_POINT ( 'NONE',  ( 62.18813599872329689, -57.95386985700420013, -0.5104959647316559268 ) ) ;
#1341 = VECTOR ( 'NONE', #2539, 1000.000000000000000 ) ;
#1342 = CARTESIAN_POINT ( 'NONE',  ( -5.717660536529886706, -36.96809213097017022, 11.68299378971156344 ) ) ;
#1343 = CARTESIAN_POINT ( 'NONE',  ( 74.30501422232777031, -63.39640923772800818, -4.104505601355670663 ) ) ;
#1344 = CARTESIAN_POINT ( 'NONE',  ( 149.6614994673869603, -58.99259783589946693, 1.137326972296158220E-14 ) ) ;
#1345 = CARTESIAN_POINT ( 'NONE',  ( -18.00000000000000000, -26.96475769767874908, -35.57686982298324807 ) ) ;
#1346 = CARTESIAN_POINT ( 'NONE',  ( 5.508038008197630120, -41.74731312820915008, -6.840021684190809914 ) ) ;
#1347 = CARTESIAN_POINT ( 'NONE',  ( 5.492542446118926946, -41.74082137628351319, -7.154204522285613876 ) ) ;
#1348 = CARTESIAN_POINT ( 'NONE',  ( -9.179993753865669959, -42.28220595411875138, -1.124093189181503805 ) ) ;
#1349 = CARTESIAN_POINT ( 'NONE',  ( -7.343970490010189422, -41.94464159680104842, -5.310701536431549741 ) ) ;
#1350 = CARTESIAN_POINT ( 'NONE',  ( -5.271900576053139886, -37.68941228425163814, 7.301461827237147872 ) ) ;
#1351 = CARTESIAN_POINT ( 'NONE',  ( 77.97943166187842223, -63.39640923772800818, -9.603532464476909780 ) ) ;
#1352 = CARTESIAN_POINT ( 'NONE',  ( -22.00000000000000711, -6.042206018788408350, -13.53729223149981564 ) ) ;
#1353 = CARTESIAN_POINT ( 'NONE',  ( 8.869373492315324015, -37.37126650072593748, 9.448314296867653894 ) ) ;
#1354 = CARTESIAN_POINT ( 'NONE',  ( 9.984590347950939915, -23.81583452566293602, -45.13551838544153583 ) ) ;
#1355 = CARTESIAN_POINT ( 'NONE',  ( -8.215097582139245347, -42.09340470306042192, 3.684679295772204988 ) ) ;
#1356 = CARTESIAN_POINT ( 'NONE',  ( 3.672016847192915101, -41.84322007499505247, -3.031846880437200298 ) ) ;
#1357 = CARTESIAN_POINT ( 'NONE',  ( 73.65500000000000114, -63.39640923772800818, -2.064450201827639861E-15 ) ) ;
#1358 = CARTESIAN_POINT ( 'NONE',  ( 8.987123848623065570, -42.28767744544484941, -0.4826823535977584623 ) ) ;
#1359 = CARTESIAN_POINT ( 'NONE',  ( 16.25029777721732316, -36.75227428997571621, 25.93003158605588254 ) ) ;
#1360 = CARTESIAN_POINT ( 'NONE',  ( -7.343948989041109598, -41.69036013678054786, -9.180062146499889053 ) ) ;
#1361 = EDGE_LOOP ( 'NONE', ( #5843, #616 ) ) ;
#1362 = CARTESIAN_POINT ( 'NONE',  ( 7.344038008169199827, -41.85265049061969478, -6.840011482045489366 ) ) ;
#1363 = CARTESIAN_POINT ( 'NONE',  ( 132.1963904380766053, -50.78462308660660085, 5.608440296249299316E-15 ) ) ;
#1364 = CARTESIAN_POINT ( 'NONE',  ( 7.343983152636440082, -42.05000831296264607, 3.031908093309124919 ) ) ;
#1365 = CARTESIAN_POINT ( 'NONE',  ( 9.000000000000000000, -42.30661100815935072, 1.086142634795535983E-15 ) ) ;
#1366 = CARTESIAN_POINT ( 'NONE',  ( -2.101146925415175017E-05, -41.73257342363829991, 3.781269165073744887 ) ) ;
#1367 = DIRECTION ( 'NONE',  ( 0.000000000000000000, 1.000000000000000000, 0.000000000000000000 ) ) ;
#1368 = CARTESIAN_POINT ( 'NONE',  ( 103.1449999999999960, -58.93658393131480011, 1.387778780781445991E-14 ) ) ;
#1369 = CARTESIAN_POINT ( 'NONE',  ( -53.58330569984575931, -5.621315220854503636, 15.42164038722743058 ) ) ;
#1370 = EDGE_CURVE ( 'NONE', #3006, #5514, #3490, .T. ) ;
#1371 = CARTESIAN_POINT ( 'NONE',  ( 4.005248692621678153, -36.82864558538949495, 12.36958851992118547 ) ) ;
#1372 = CARTESIAN_POINT ( 'NONE',  ( -12.99864817594080080, -38.30611261494834707, 0.03755347317486655567 ) ) ;
#1373 = CARTESIAN_POINT ( 'NONE',  ( -45.69057363448145992, -6.042206017375218785, 29.83978354540462163 ) ) ;
#1374 = CARTESIAN_POINT ( 'NONE',  ( 5.507953323256919553, -41.64573389331380326, 8.400062261923959994 ) ) ;
#1375 = CARTESIAN_POINT ( 'NONE',  ( -7.146293724121918878, -41.92985739883407348, -5.478964201244393095 ) ) ;
#1376 = CARTESIAN_POINT ( 'NONE',  ( 5.508042342385039980, -41.69806081896299332, -7.620011366621420201 ) ) ;
#1377 = CARTESIAN_POINT ( 'NONE',  ( 6.392640454235102077, -37.81031878254536593, 6.335158363903877543 ) ) ;
#1378 = CARTESIAN_POINT ( 'NONE',  ( -22.00000000000000000, -42.30756013076910449, -5.767085840894440826E-15 ) ) ;
#1379 = CARTESIAN_POINT ( 'NONE',  ( -30.99349643202463866, -6.042206018788411903, -19.78729223149981564 ) ) ;
#1380 = CARTESIAN_POINT ( 'NONE',  ( 6.864465694967413434, -37.10241593717536546, 10.98331467570128162 ) ) ;
#1381 = CARTESIAN_POINT ( 'NONE',  ( 149.6614994673866192, -58.99259783589941009, -126.5229989347731561 ) ) ;
#1382 = CARTESIAN_POINT ( 'NONE',  ( -3.734525817598949970, -41.60490338840859437, 8.188870180634967966 ) ) ;
#1383 = CARTESIAN_POINT ( 'NONE',  ( 73.65500000000000114, -63.39640923772800818, -7.305073961863510412E-16 ) ) ;
#1384 = CARTESIAN_POINT ( 'NONE',  ( 8.772047932834130535, -42.20977105230284820, -2.030394139332533321 ) ) ;
#1385 = CARTESIAN_POINT ( 'NONE',  ( 7.464917934246941833, -41.97442212748479307, 5.027549425718831344 ) ) ;
#1386 = CARTESIAN_POINT ( 'NONE',  ( -4.667665778224310122E-05, -41.49435253679070001, 8.400031655487991245 ) ) ;
#1387 = CARTESIAN_POINT ( 'NONE',  ( -7.344038008169219367, -41.85265049074519794, 6.840011482045489366 ) ) ;
#1388 = ORIENTED_EDGE ( 'NONE', *, *, #1726, .F. ) ;
#1389 = ORIENTED_EDGE ( 'NONE', *, *, #2270, .F. ) ;
#1390 = CARTESIAN_POINT ( 'NONE',  ( 3.800828292833609322E-05, -41.59064680588684837, -6.840052290626779552 ) ) ;
#1391 = CC_DESIGN_PERSON_AND_ORGANIZATION_ASSIGNMENT ( #5379, #4429, ( #5225 ) ) ;
#1392 = B_SPLINE_CURVE_WITH_KNOTS ( 'NONE', 3,
 ( #3204, #5667, #4707, #1817, #5638, #3321, #3732, #2300, #1309, #1399, #5250, #1339, #6175, #876, #2797, #6087, #3233, #398, #1761, #5165, #6206, #4652, #1875, #3676, #2741, #2771, #2326, #848, #372, #5697, #3790, #4203, #5218, #4622, #1283, #4801, #458, #51, #2890, #5758, #3853, #1972, #3885, #1428, #4833, #3382, #2859, #3349, #5788, #4767, #2447, #961, #490, #2385, #4294, #18, #3818, #5281, #6238, #2418, #1907, #2920, #4327, #4361, #1458, #5312, #1940, #993, #521, #1577, #4852, #4923, #1145, #2094, #2500, #2060, #3972 ),
 .UNSPECIFIED., .F., .F.,
 ( 4, 2, 2, 2, 2, 2, 2, 2, 2, 1, 2, 2, 2, 2, 2, 2, 2, 2, 2, 2, 1, 2, 2, 2, 2, 2, 1, 2, 2, 2, 2, 2, 2, 2, 2, 2, 1, 1, 2, 2, 4 ),
 ( 0.000000000000000000, 0.06249999999999955591, 0.09374999999999934774, 0.1249999999999991118, 0.1562499999999988620, 0.1718749999999987232, 0.1874999999999985845, 0.2499999999999981681, 0.2812499999999978351, 0.2968749999999977796, 0.3046874999999977240, 0.3124999999999976685, 0.3437499999999976130, 0.3593749999999976130, 0.3749999999999976130, 0.4062499999999976685, 0.4374999999999977240, 0.4687499999999977796, 0.4999999999999978906, 0.5312499999999980016, 0.5468749999999980016, 0.5546874999999980016, 0.5624999999999981126, 0.5937499999999982236, 0.6249999999999982236, 0.6562499999999982236, 0.6718749999999983347, 0.6796874999999983347, 0.6874999999999984457, 0.7187499999999984457, 0.7343749999999985567, 0.7499999999999986677, 0.8124999999999988898, 0.8437499999999990008, 0.8593749999999991118, 0.8749999999999992228, 0.9062499999999995559, 0.9218749999999996669, 0.9296874999999996669, 0.9374999999999997780, 1.000000000000000000 ),
 .UNSPECIFIED. ) ;
#1393 = CARTESIAN_POINT ( 'NONE',  ( 0.4875835940438709715, -6.042206017374069482, 58.61996200337878093 ) ) ;
#1394 = CARTESIAN_POINT ( 'NONE',  ( -7.344038008169219367, -41.85265049074519794, 6.840011482045489366 ) ) ;
#1395 = CARTESIAN_POINT ( 'NONE',  ( 62.61049560065988828, -6.042206017375217897, 101.3992654001201714 ) ) ;
#1396 = CIRCLE ( 'NONE', #4621, 16.74500000000000099 ) ;
#1397 =( GEOMETRIC_REPRESENTATION_CONTEXT ( 3 ) GLOBAL_UNCERTAINTY_ASSIGNED_CONTEXT ( ( #5109 ) ) GLOBAL_UNIT_ASSIGNED_CONTEXT ( ( #1462, #3820, #1944 ) ) REPRESENTATION_CONTEXT ( 'NONE', 'WORKASPACE' ) );
#1398 = CARTESIAN_POINT ( 'NONE',  ( 7.343983152636440082, -42.05000831296264607, 3.031908093309124919 ) ) ;
#1399 = CARTESIAN_POINT ( 'NONE',  ( 11.33541457917656992, -37.81466214937019288, 6.300427681268140567 ) ) ;
#1400 = ORIENTED_EDGE ( 'NONE', *, *, #227, .F. ) ;
#1401 = CARTESIAN_POINT ( 'NONE',  ( 132.1963904380766053, -50.78462308660660085, 5.608440296249299316E-15 ) ) ;
#1402 = CARTESIAN_POINT ( 'NONE',  ( 5.777547747338132922, -36.97391567611749963, 11.65347333953519104 ) ) ;
#1403 = EDGE_CURVE ( 'NONE', #2819, #5514, #4624, .T. ) ;
#1404 = CARTESIAN_POINT ( 'NONE',  ( -8.961785352877440047, -42.27331523743969655, -0.8303418617600347718 ) ) ;
#1405 = CARTESIAN_POINT ( 'NONE',  ( 7.649234699537918125, -42.00108123383073178, 4.751394345857002932 ) ) ;
#1406 = DIRECTION ( 'NONE',  ( 0.000000000000000000, 1.000000000000000000, 0.000000000000000000 ) ) ;
#1407 = CARTESIAN_POINT ( 'NONE',  ( -8.711811877270370985, -42.19251550245544280, -2.335076802794711082 ) ) ;
#1408 = CARTESIAN_POINT ( 'NONE',  ( -8.956653723830617864, -42.27084698045744915, 0.8822514256083513473 ) ) ;
#1409 = CARTESIAN_POINT ( 'NONE',  ( -8.719853225043552314, -38.18876986623121894, 2.229174695245179638 ) ) ;
#1410 = CARTESIAN_POINT ( 'NONE',  ( 9.000000000000000000, -42.30661100815935072, 1.086142634795535983E-15 ) ) ;
#1411 = PERSON ( 'UNSPECIFIED', 'UNSPECIFIED', 'UNSPECIFIED', ('UNSPECIFIED'), ('UNSPECIFIED'), ('UNSPECIFIED') ) ;
#1412 = EDGE_CURVE ( 'NONE', #962, #4535, #4927, .T. ) ;
#1413 = CARTESIAN_POINT ( 'NONE',  ( 7.307549558611831308, -37.15657147097711288, 10.68731858921313105 ) ) ;
#1414 = CARTESIAN_POINT ( 'NONE',  ( 3.638306303174020151, -11.86020937786048712, -55.01652496315444552 ) ) ;
#1415 = CARTESIAN_POINT ( 'NONE',  ( -6.375817764489775108, -41.83530837121387691, 6.352088783593464960 ) ) ;
#1416 = CARTESIAN_POINT ( 'NONE',  ( -22.00000000000000355, -6.042206017375212568, 58.61996200337869567 ) ) ;
#1417 = CARTESIAN_POINT ( 'NONE',  ( -7.464917934760350704, -41.97442212755775159, -5.027549424958026592 ) ) ;
#1418 = VECTOR ( 'NONE', #661, 1000.000000000000000 ) ;
#1419 = CARTESIAN_POINT ( 'NONE',  ( 4.997157018347595958, -14.38300284513948135, 53.25093622690125983 ) ) ;
#1420 = CARTESIAN_POINT ( 'NONE',  ( -7.344011546507279498, -42.08122902362369899, 2.077913923010080044 ) ) ;
#1421 = VERTEX_POINT ( 'NONE', #4157 ) ;
#1422 = ORIENTED_EDGE ( 'NONE', *, *, #604, .F. ) ;
#1423 = CARTESIAN_POINT ( 'NONE',  ( -9.179988453236850532, -42.24575219294279549, -2.078005742317980076 ) ) ;
#1424 = CARTESIAN_POINT ( 'NONE',  ( -6.282442621485373024, -13.94371515320773902, -185.3648852429707858 ) ) ;
#1425 = CARTESIAN_POINT ( 'NONE',  ( -9.180005109440658728, -42.29214137119174666, 0.9194804949377138881 ) ) ;
#1426 = CARTESIAN_POINT ( 'NONE',  ( -36.17093052586115220, -6.042206017375254312, -43.24116541399303770 ) ) ;
#1427 = CARTESIAN_POINT ( 'NONE',  ( 9.179970489981730708, -42.08223716966009675, 5.310711738576870289 ) ) ;
#1428 = CARTESIAN_POINT ( 'NONE',  ( -2.919523374331801424, -36.77778364371865649, 12.61156504335455075 ) ) ;
#1429 = VERTEX_POINT ( 'NONE', #4546 ) ;
#1430 = CARTESIAN_POINT ( 'NONE',  ( 190.8134217086285105, -5.512702099187760219, 1.278695626834949995E-14 ) ) ;
#1431 = ADVANCED_FACE ( 'NONE', ( #5085 ), #235, .F. ) ;
#1432 = CALENDAR_DATE ( 2026, 5, 6 ) ;
#1433 = CARTESIAN_POINT ( 'NONE',  ( -9.000028474184428973, -42.30708906031859584, -8.070543590473060038E-10 ) ) ;
#1434 = CARTESIAN_POINT ( 'NONE',  ( -52.51937634892737350, -5.577323505955266825, 15.42164038722743058 ) ) ;
#1435 = CARTESIAN_POINT ( 'NONE',  ( -8.980326197338175831, -42.28336029222883496, -0.5973155958734430726 ) ) ;
#1436 = CARTESIAN_POINT ( 'NONE',  ( -5.654198378494574406, -37.72778416349179054, 7.004006769073472860 ) ) ;
#1437 = CARTESIAN_POINT ( 'NONE',  ( 8.856036636407253582, -42.23367245003612425, 1.610322157286325551 ) ) ;
#1438 = CARTESIAN_POINT ( 'NONE',  ( -18.00000000000000000, -15.84325058705650058, -47.33309916941539797 ) ) ;
#1439 = LINE ( 'NONE', #2804, #5308 ) ;
#1440 = EDGE_CURVE ( 'NONE', #5514, #2819, #2972, .T. ) ;
#1441 = CARTESIAN_POINT ( 'NONE',  ( -8.997464765275815068, -42.30071007647961068, 0.2138080764601481554 ) ) ;
#1442 = CARTESIAN_POINT ( 'NONE',  ( -7.400709244288103505, -37.94517971059287476, 5.121597807642143785 ) ) ;
#1443 = CARTESIAN_POINT ( 'NONE',  ( -5.703847596417388033, -36.97913712863986291, 11.62644589431857867 ) ) ;
#1444 = CARTESIAN_POINT ( 'NONE',  ( 4.326338304368328558, -13.13617347185706663, -54.13943767511274530 ) ) ;
#1445 = CARTESIAN_POINT ( 'NONE',  ( -8.940946303301737785, -42.26331491166955345, 1.040389536922838198 ) ) ;
#1446 = CARTESIAN_POINT ( 'NONE',  ( 12.33100937268233288, -38.03835134023579911, 4.204032023414578489 ) ) ;
#1447 = CARTESIAN_POINT ( 'NONE',  ( 6.375817765135313842, -41.83530837128697044, -6.352088782945491729 ) ) ;
#1448 = CARTESIAN_POINT ( 'NONE',  ( 8.191275227634156053, -20.38109270185735156, 48.41393475408389691 ) ) ;
#1449 = CARTESIAN_POINT ( 'NONE',  ( -3.672021011412390123, -41.81617290905060003, 3.781248760783105123 ) ) ;
#1450 = ORIENTED_EDGE ( 'NONE', *, *, #4779, .T. ) ;
#1451 = EDGE_LOOP ( 'NONE', ( #4963, #2712, #3699, #254 ) ) ;
#1452 = CARTESIAN_POINT ( 'NONE',  ( -9.179970489981760906, -42.08223716987230745, -5.310711738576870289 ) ) ;
#1453 = CARTESIAN_POINT ( 'NONE',  ( 13.22810880880768103, -33.22972007004714357, -1.792194446697044859E-14 ) ) ;
#1454 = CARTESIAN_POINT ( 'NONE',  ( -1.684724981805610017E-05, -41.75539727404530055, 3.031867284727840062 ) ) ;
#1455 = CARTESIAN_POINT ( 'NONE',  ( 155.3203000195188110, -6.042206017375256977, 78.08805150984500187 ) ) ;
#1456 = CARTESIAN_POINT ( 'NONE',  ( -22.00000000000000000, -40.88189669053600284, 38.76238080152555199 ) ) ;
#1457 = CARTESIAN_POINT ( 'NONE',  ( -1.702058459057765057E-06, -41.79055256047669786, 0.3063060960499109919 ) ) ;
#1458 = CARTESIAN_POINT ( 'NONE',  ( -11.51249959290065839, -37.85219338660255062, 5.978979060576397053 ) ) ;
#1459 = ORIENTED_EDGE ( 'NONE', *, *, #2536, .F. ) ;
#1460 = CARTESIAN_POINT ( 'NONE',  ( 86.22349912700521202, -58.93658393131480011, 16.74406976937894953 ) ) ;
#1461 = EDGE_CURVE ( 'NONE', #2651, #211, #1439, .T. ) ;
#1462 =( LENGTH_UNIT ( ) NAMED_UNIT ( * ) SI_UNIT ( .MILLI., .METRE. ) );
#1463 = CARTESIAN_POINT ( 'NONE',  ( -2.716676851092199030, -36.75613612168314148, 12.71342413334926746 ) ) ;
#1464 = CARTESIAN_POINT ( 'NONE',  ( -22.00000000000000355, -6.042206018788404798, -7.287292231499815642 ) ) ;
#1465 = CARTESIAN_POINT ( 'NONE',  ( 86.40000000000000568, -58.93658393131480722, 0.000000000000000000 ) ) ;
#1466 = CARTESIAN_POINT ( 'NONE',  ( -2.226391042919319663, -37.48536584584411457, 8.725418861975970941 ) ) ;
#1467 = CARTESIAN_POINT ( 'NONE',  ( 8.949429683872692110, -42.26731672399498763, 0.9567745974184909130 ) ) ;
#1468 = CARTESIAN_POINT ( 'NONE',  ( -3.672042342413504912, -41.61891558214599485, 7.620021568766750519 ) ) ;
#1469 = CARTESIAN_POINT ( 'NONE',  ( -5.507957657444360500, -41.69805266490379836, -7.620072579493349707 ) ) ;
#1470 = CARTESIAN_POINT ( 'NONE',  ( 85.56351804436522457, -63.39640923772800818, 12.74496390230862630 ) ) ;
#1471 = CARTESIAN_POINT ( 'NONE',  ( -22.00000000000000000, -6.042206017373970006, -58.61996200337829777 ) ) ;
#1472 = CARTESIAN_POINT ( 'NONE',  ( -23.94321228204168150, -6.042206018788388810, -51.03729223149983341 ) ) ;
#1473 = B_SPLINE_CURVE_WITH_KNOTS ( 'NONE', 3,
 ( #4917, #3063, #4847, #607, #2933, #5937, #4989, #3030, #2964, #2494, #1106, #4408, #3966, #2089, #5462, #2596, #539, #2020, #1072, #5393, #674, #641, #3932, #571, #1572, #166, #5360, #1037, #1504, #1138, #5869, #2464, #4375, #5972, #4443, #4474, #5834, #65, #4001, #2996, #1986, #1610, #5902, #1537, #4511, #3900, #4884, #133, #4952, #100, #3494, #3459, #201, #2561, #5426, #2528, #2055, #3528, #2126, #4036, #1644, #3564 ),
 .UNSPECIFIED., .F., .F.,
 ( 4, 2, 2, 2, 2, 2, 2, 2, 2, 2, 2, 2, 2, 2, 2, 2, 2, 2, 2, 2, 2, 2, 2, 2, 2, 2, 2, 2, 2, 2, 4 ),
 ( 0.000000000000000000, 0.01562500000000003816, 0.03125000000000007633, 0.06250000000000013878, 0.09375000000000019429, 0.1250000000000002498, 0.1875000000000003053, 0.2500000000000003331, 0.3125000000000004441, 0.3437500000000004996, 0.3750000000000004996, 0.4062500000000004996, 0.4375000000000004441, 0.4687500000000004441, 0.5000000000000003331, 0.5625000000000003331, 0.6250000000000003331, 0.6562500000000002220, 0.6875000000000002220, 0.7187500000000002220, 0.7500000000000001110, 0.7812500000000001110, 0.8125000000000001110, 0.8437500000000001110, 0.8750000000000000000, 0.9375000000000000000, 0.9531250000000000000, 0.9609375000000000000, 0.9687500000000000000, 0.9843750000000001110, 1.000000000000000000 ),
 .UNSPECIFIED. ) ;
#1474 = CARTESIAN_POINT ( 'NONE',  ( -12.67665810459535791, -38.14790406447106363, 2.818446098710394754 ) ) ;
#1475 = CARTESIAN_POINT ( 'NONE',  ( -18.42086648329450682, -4.983198181002447491, -209.6417329665892453 ) ) ;
#1476 = CARTESIAN_POINT ( 'NONE',  ( 8.986975246010281637, -42.28795314559036456, 0.4842487737919242696 ) ) ;
#1477 = CARTESIAN_POINT ( 'NONE',  ( -10.17797423956065650, -38.30198199073963394, 0.1036826094261347614 ) ) ;
#1478 = CARTESIAN_POINT ( 'NONE',  ( -6.349129681299095829, -41.83224863212411293, -6.378767613361365107 ) ) ;
#1479 = CARTESIAN_POINT ( 'NONE',  ( -9.180051010703030201, -41.81642451597864607, 9.179970327191989909 ) ) ;
#1480 = CARTESIAN_POINT ( 'NONE',  ( 5.507970490038600175, -41.83478244423095305, 5.310691334286230081 ) ) ;
#1481 = ORIENTED_EDGE ( 'NONE', *, *, #2630, .T. ) ;
#1482 = ORIENTED_EDGE ( 'NONE', *, *, #3055, .T. ) ;
#1483 = CARTESIAN_POINT ( 'NONE',  ( 90.00016247648785850, -6.042206017375331584, -104.0902991322629276 ) ) ;
#1484 = CARTESIAN_POINT ( 'NONE',  ( 152.8722439315365023, -38.48506133258189976, 8.140502076289799479E-15 ) ) ;
#1485 = CARTESIAN_POINT ( 'NONE',  ( -5.508005109497530860, -41.97117035294004950, 0.9195008992283579818 ) ) ;
#1486 = CARTESIAN_POINT ( 'NONE',  ( 176.2727124757118133, -6.042206017375278293, 52.63693660816243636 ) ) ;
#1487 = PLANE ( 'NONE',  #4654 ) ;
#1488 = CARTESIAN_POINT ( 'NONE',  ( 9.180001701916260970, -42.31469916670599929, -0.3062550853233114712 ) ) ;
#1489 = VERTEX_POINT ( 'NONE', #407 ) ;
#1490 = CARTESIAN_POINT ( 'NONE',  ( 100.4489254887065499, -57.95386985700427118, 24.36668169229009706 ) ) ;
#1491 = ADVANCED_FACE ( 'NONE', ( #856 ), #2901, .F. ) ;
#1492 = DATE_AND_TIME ( #85, #6054 ) ;
#1493 = CARTESIAN_POINT ( 'NONE',  ( 0.6039577602432406600, -37.44498897944143323, -8.984622567314660913 ) ) ;
#1494 = CARTESIAN_POINT ( 'NONE',  ( -5.747812694102960350E-15, -38.31026286157670313, 0.000000000000000000 ) ) ;
#1495 = LINE ( 'NONE', #2953, #5974 ) ;
#1496 = CARTESIAN_POINT ( 'NONE',  ( -5.973275552588114046, -37.76189206149530264, 6.732542384933317692 ) ) ;
#1497 = ORIENTED_EDGE ( 'NONE', *, *, #2678, .T. ) ;
#1498 = CARTESIAN_POINT ( 'NONE',  ( 3.991069150126021814, -41.62098965565269992, 8.072166327347346737 ) ) ;
#1499 = CARTESIAN_POINT ( 'NONE',  ( -53.58330569984575931, 10.00000000000000000, -15.42164038722743058 ) ) ;
#1500 = CARTESIAN_POINT ( 'NONE',  ( 82.29549439863582450, -63.39640923772801528, 12.09498577766807692 ) ) ;
#1501 = CARTESIAN_POINT ( 'NONE',  ( 8.538835417928913429, -42.15557629513572380, 2.859266791593706891 ) ) ;
#1502 = CARTESIAN_POINT ( 'NONE',  ( -8.975529510379203657, -42.28057249110694471, 0.6632310219587209676 ) ) ;
#1503 = CARTESIAN_POINT ( 'NONE',  ( -8.912586706280418269, -38.24760931028755806, 1.252027906670946988 ) ) ;
#1504 = CARTESIAN_POINT ( 'NONE',  ( 0.2884391820748832269, -41.48880458447123232, -9.000225614999063595 ) ) ;
#1505 = CARTESIAN_POINT ( 'NONE',  ( 17.57388435301857399, -39.84396544019264041, -17.05239439064001061 ) ) ;
#1506 = CARTESIAN_POINT ( 'NONE',  ( 8.777937932646517893, -42.21186198637946063, 1.988983387272107661 ) ) ;
#1507 = CARTESIAN_POINT ( 'NONE',  ( -8.999391532603763011, -42.30653628320668247, 0.1540681195577236762 ) ) ;
#1508 = CARTESIAN_POINT ( 'NONE',  ( -3.447689632895328593, -41.58763006139767526, -8.313449897253800458 ) ) ;
#1509 = CARTESIAN_POINT ( 'NONE',  ( 5.258883614667561268, -37.68810024579093465, -7.305217879862216712 ) ) ;
#1510 = CARTESIAN_POINT ( 'NONE',  ( 9.512158483904530115, -22.90439920846234756, 46.05088170608801335 ) ) ;
#1511 = CARTESIAN_POINT ( 'NONE',  ( -9.180005109440658728, -42.29214137119174666, 0.9194804949377138881 ) ) ;
#1512 = ORIENTED_EDGE ( 'NONE', *, *, #487, .T. ) ;
#1513 = ORIENTED_EDGE ( 'NONE', *, *, #5990, .T. ) ;
#1514 = CARTESIAN_POINT ( 'NONE',  ( -9.179948989012670424, -41.81641118698129844, -9.180072348645209601 ) ) ;
#1515 = ADVANCED_FACE ( 'NONE', ( #2992 ), #2592, .F. ) ;
#1516 = CARTESIAN_POINT ( 'NONE',  ( -8.573594396656854855, -38.15260503936097081, -2.765235316844746105 ) ) ;
#1517 = CARTESIAN_POINT ( 'NONE',  ( -61.40363736092153601, -6.042206017375221450, 10.02857581168663792 ) ) ;
#1518 = AXIS2_PLACEMENT_3D ( 'NONE', #687, #5475, #77 ) ;
#1519 = CARTESIAN_POINT ( 'NONE',  ( 139.1842759379920551, -47.26221975847412438, 31.17935705876518426 ) ) ;
#1520 = CARTESIAN_POINT ( 'NONE',  ( -22.00000000000000000, -29.99108561764705172, 18.39439622649887340 ) ) ;
#1521 = CARTESIAN_POINT ( 'NONE',  ( 9.180003405678450079, -42.30370947901290180, -0.6128677901305170650 ) ) ;
#1522 = ORIENTED_EDGE ( 'NONE', *, *, #5435, .F. ) ;
#1523 = CARTESIAN_POINT ( 'NONE',  ( -71.46669839058749574, -6.042206017375149507, -137.7671940876994086 ) ) ;
#1524 = APPROVAL_DATE_TIME ( #4330, #4272 ) ;
#1525 = CARTESIAN_POINT ( 'NONE',  ( 7.065338128244418314, -37.11519604795815042, 10.91295853447022424 ) ) ;
#1526 = CARTESIAN_POINT ( 'NONE',  ( -44.90729918175801316, -0.9524740715906218069, 12.86410655089382615 ) ) ;
#1527 = CARTESIAN_POINT ( 'NONE',  ( -18.00000000000000000, -11.27713467053115970, -50.82238809104900668 ) ) ;
#1528 = CARTESIAN_POINT ( 'NONE',  ( 3.948101707764817281, -37.57960466891682216, 8.088834200176092892 ) ) ;
#1529 = EDGE_LOOP ( 'NONE', ( #5283, #4503 ) ) ;
#1530 = CARTESIAN_POINT ( 'NONE',  ( 7.322569984012936573, -41.95392963579161005, 5.240855871927239562 ) ) ;
#1531 = CARTESIAN_POINT ( 'NONE',  ( -50.44155606044894569, 10.00000000000000711, 15.20596206432331599 ) ) ;
#1532 = CARTESIAN_POINT ( 'NONE',  ( 74.06304573125760271, -63.39640923772800818, 3.306842385808574480 ) ) ;
#1533 = CARTESIAN_POINT ( 'NONE',  ( 7.999001468891709266, -42.05680254606714641, 4.127650339799957102 ) ) ;
#1534 = CARTESIAN_POINT ( 'NONE',  ( -22.00000000000000000, -42.30756013076910449, -5.181181809388050601E-15 ) ) ;
#1535 = CARTESIAN_POINT ( 'NONE',  ( -6.274904195789288153, -37.79626812804976765, 6.451798095335472993 ) ) ;
#1536 = EDGE_CURVE ( 'NONE', #1020, #564, #2076, .T. ) ;
#1537 = CARTESIAN_POINT ( 'NONE',  ( -7.146293724121918878, -41.92985739883407348, -5.478964201244393095 ) ) ;
#1538 = CARTESIAN_POINT ( 'NONE',  ( 16.88398358790628961, -38.21472930976597127, -22.22309086070115214 ) ) ;
#1539 = EDGE_CURVE ( 'NONE', #4384, #5484, #1245, .T. ) ;
#1540 = CARTESIAN_POINT ( 'NONE',  ( 6.349129680748862192, -41.83224863206207544, 6.378767613908918221 ) ) ;
#1541 = VECTOR ( 'NONE', #3133, 1000.000000000000000 ) ;
#1542 = CARTESIAN_POINT ( 'NONE',  ( 190.4059769339625063, -6.042206017374129878, 1.510441131475985042E-14 ) ) ;
#1543 = CARTESIAN_POINT ( 'NONE',  ( 5.884032106336664292, -41.77835762512044226, -6.843723780850309524 ) ) ;
#1544 = CARTESIAN_POINT ( 'NONE',  ( -1.605475313539599380, -37.46490076523279811, -8.856868045238611487 ) ) ;
#1545 = CARTESIAN_POINT ( 'NONE',  ( 3.671994890360305241, -41.88319309293465409, 0.9195519099549659403 ) ) ;
#1546 = CARTESIAN_POINT ( 'NONE',  ( -3.672016847192949740, -41.84322007454385073, 3.031846880437194969 ) ) ;
#1547 = ORIENTED_EDGE ( 'NONE', *, *, #4292, .T. ) ;
#1548 = ORIENTED_EDGE ( 'NONE', *, *, #3455, .F. ) ;
#1549 = CARTESIAN_POINT ( 'NONE',  ( 7.344042342356609687, -41.80212089860880553, -7.620001164476099653 ) ) ;
#1550 = CARTESIAN_POINT ( 'NONE',  ( 18.33893971436019754, -34.67225479754908690, 20.24001009770625359 ) ) ;
#1551 = CARTESIAN_POINT ( 'NONE',  ( -60.14644169926764050, -6.042206017375240101, -12.86978727084672158 ) ) ;
#1552 = CARTESIAN_POINT ( 'NONE',  ( 7.344011546507249300, -42.08122902396474529, -2.077913923010084929 ) ) ;
#1553 = CARTESIAN_POINT ( 'NONE',  ( 76.33287695441657661, -58.93658393131474327, 16.63981175612601149 ) ) ;
#1554 = CARTESIAN_POINT ( 'NONE',  ( 18.36470010174025802, -41.63163358148816684, 8.007278867275559264 ) ) ;
#1555 = CARTESIAN_POINT ( 'NONE',  ( 5.907016022951165013, -10.42686351638981890, -51.20485752041879834 ) ) ;
#1556 = CARTESIAN_POINT ( 'NONE',  ( 3.671998865237490417, -41.88910478186475217, 0.2042244683239154979 ) ) ;
#1557 = ORIENTED_EDGE ( 'NONE', *, *, #2729, .F. ) ;
#1558 = CARTESIAN_POINT ( 'NONE',  ( 7.759454931306018821, -19.56259817845598548, -49.13510200638841496 ) ) ;
#1559 = CARTESIAN_POINT ( 'NONE',  ( 8.018869825624582504, -38.04396116491373192, -4.104947587038068058 ) ) ;
#1560 = DIRECTION ( 'NONE',  ( -1.000000000000000000, 0.000000000000000000, 0.000000000000000000 ) ) ;
#1561 = CARTESIAN_POINT ( 'NONE',  ( -22.00000000000000000, -42.30756013076910449, -5.181181809388050601E-15 ) ) ;
#1562 = CIRCLE ( 'NONE', #2041, 16.74500000000000099 ) ;
#1563 = CARTESIAN_POINT ( 'NONE',  ( -7.379155078208662566, -37.94192410857053943, 5.152612249044662640 ) ) ;
#1564 = EDGE_LOOP ( 'NONE', ( #2503, #6088, #3942, #219 ) ) ;
#1565 = CARTESIAN_POINT ( 'NONE',  ( 8.999226653582445223, -42.30449642069044813, -0.1194380393565921405 ) ) ;
#1566 = CARTESIAN_POINT ( 'NONE',  ( -27.73244183007833641, -6.042206017375246319, -49.70959486204271371 ) ) ;
#1567 = ADVANCED_FACE ( 'NONE', ( #3960 ), #3563, .T. ) ;
#1568 = CARTESIAN_POINT ( 'NONE',  ( 99.14500000000001023, -63.39640923772800818, 0.8370336955066748352 ) ) ;
#1569 = CARTESIAN_POINT ( 'NONE',  ( 8.855196199915070565, -42.23343727960932625, 1.614440789648191155 ) ) ;
#1570 = CARTESIAN_POINT ( 'NONE',  ( 2.950402708382934502, -41.56080007244996466, 8.505049559349330934 ) ) ;
#1571 = CARTESIAN_POINT ( 'NONE',  ( -49.08405175083348837, -6.042206017375220561, 25.71302594841989730 ) ) ;
#1572 = CARTESIAN_POINT ( 'NONE',  ( 2.047369122665380292, -41.52275882402562246, -8.769056304891751807 ) ) ;
#1573 = CARTESIAN_POINT ( 'NONE',  ( 17.14853556823009839, -38.83656321495601560, -20.39179317184912676 ) ) ;
#1574 = CARTESIAN_POINT ( 'NONE',  ( 7.443472277836708173, -41.97129647651667739, 5.059256613058916940 ) ) ;
#1575 = PLANE ( 'NONE',  #5921 ) ;
#1576 = DIRECTION ( 'NONE',  ( 1.000000000000000000, 0.000000000000000000, 0.000000000000000000 ) ) ;
#1577 = CARTESIAN_POINT ( 'NONE',  ( -12.34821587872498228, -38.05085718249937088, 4.039254508818891587 ) ) ;
#1578 = AXIS2_PLACEMENT_3D ( 'NONE', #2373, #3807, #5746 ) ;
#1579 = CARTESIAN_POINT ( 'NONE',  ( -3.672003405763780481, -41.88853576663194644, 0.6128983965664729361 ) ) ;
#1580 = CARTESIAN_POINT ( 'NONE',  ( -3.671996594122520108, -41.88853499518950230, -0.6129392051477680070 ) ) ;
#1581 = B_SPLINE_CURVE_WITH_KNOTS ( 'NONE', 3,
 ( #4742, #2488, #2014, #4370, #2458, #1029, #1000, #5320, #3326, #2928, #5290, #4841, #3451, #2393, #4401, #4269, #4336, #3797, #60, #3862, #4775, #3894, #6247, #532, #6214, #28, #2956, #5385, #1884, #1916, #3925, #5736, #4302, #465, #1498, #5827, #92, #1980, #5861, #499, #2360, #3390, #5797, #3828, #1530, #1405, #2899, #4876, #1065, #3420, #5766, #1437, #5353, #3357, #565, #2990, #1467, #5258, #968, #939, #2868, #4811 ),
 .UNSPECIFIED., .F., .F.,
 ( 4, 2, 2, 2, 2, 2, 2, 2, 2, 2, 2, 2, 2, 2, 2, 2, 2, 2, 2, 2, 2, 2, 2, 2, 2, 2, 2, 2, 2, 2, 4 ),
 ( 0.000000000000000000, 0.01562499999999993755, 0.03124999999999987510, 0.06249999999999980571, 0.09374999999999977796, 0.1249999999999997502, 0.1874999999999997502, 0.2499999999999997224, 0.3124999999999997224, 0.3437499999999997224, 0.3749999999999997780, 0.4062499999999998335, 0.4374999999999998335, 0.4687499999999998890, 0.4999999999999998890, 0.5624999999999998890, 0.6249999999999997780, 0.6562499999999997780, 0.6874999999999997780, 0.7187499999999997780, 0.7499999999999997780, 0.7812499999999997780, 0.8124999999999997780, 0.8437499999999997780, 0.8749999999999996669, 0.9374999999999998890, 0.9531250000000000000, 0.9609374999999998890, 0.9687499999999998890, 0.9843750000000000000, 1.000000000000000000 ),
 .UNSPECIFIED. ) ;
#1582 = VERTEX_POINT ( 'NONE', #4050 ) ;
#1583 = VERTEX_POINT ( 'NONE', #3913 ) ;
#1584 = CARTESIAN_POINT ( 'NONE',  ( 137.3679026576857325, -6.042206017375340465, -90.82964517144306171 ) ) ;
#1585 = CARTESIAN_POINT ( 'NONE',  ( 40.60360956192334925, -50.78462308660660085, -1.121688059249859863E-14 ) ) ;
#1586 = CARTESIAN_POINT ( 'NONE',  ( 19.39529427382023030, -37.09829440406655010, 11.31294689175882695 ) ) ;
#1587 = CARTESIAN_POINT ( 'NONE',  ( -63.83610489759440298, -6.042206017375204574, -1.596331404476510896 ) ) ;
#1588 = CARTESIAN_POINT ( 'NONE',  ( 172.6772380009927872, -20.95902901126089901, 50.96345004025746306 ) ) ;
#1589 = CARTESIAN_POINT ( 'NONE',  ( 44.62853256534969404, -60.86600650612059127, -2.394222511617829494E-15 ) ) ;
#1590 = CARTESIAN_POINT ( 'NONE',  ( 19.81995885809056546, -38.07662755136738753, -5.790870262238843935 ) ) ;
#1591 = CARTESIAN_POINT ( 'NONE',  ( 7.344021011355500228, -42.01819183936184743, -3.781228356492464915 ) ) ;
#1592 = EDGE_LOOP ( 'NONE', ( #6016, #684, #152, #4418 ) ) ;
#1593 = ORIENTED_EDGE ( 'NONE', *, *, #1280, .F. ) ;
#1594 = CARTESIAN_POINT ( 'NONE',  ( 12.91276777472409876, -29.61142844790214212, -38.34590838895240950 ) ) ;
#1595 = B_SPLINE_CURVE_WITH_KNOTS ( 'NONE', 3,
 ( #4264, #4835, #4329, #6240, #5219, #558, #1401, #1909, #2387, #6209 ),
 .UNSPECIFIED., .F., .F.,
 ( 4, 2, 2, 2, 4 ),
 ( 0.000000000000000000, 0.2500000000000000000, 0.5000000000000000000, 0.7500000000000000000, 1.000000000000000000 ),
 .UNSPECIFIED. ) ;
#1596 = CARTESIAN_POINT ( 'NONE',  ( 8.701322670927105207, -38.18334211968125658, -2.318589441512866500 ) ) ;
#1597 = CARTESIAN_POINT ( 'NONE',  ( -4.259443137613194708, -6.042206017373009885, 0.000000000000000000 ) ) ;
#1598 = CARTESIAN_POINT ( 'NONE',  ( -18.00000000000000000, -37.24753809675054583, -11.41428795664993778 ) ) ;
#1599 = CARTESIAN_POINT ( 'NONE',  ( -8.234893571945207214, -38.08416624341531076, 3.631517061484709874 ) ) ;
#1600 = ORIENTED_EDGE ( 'NONE', *, *, #2863, .T. ) ;
#1601 = CARTESIAN_POINT ( 'NONE',  ( 7.893730125738495751, -42.03930901072662607, -4.325593813012198474 ) ) ;
#1602 = CARTESIAN_POINT ( 'NONE',  ( -34.46501838304624243, -6.042206018788411903, 36.46270776850018080 ) ) ;
#1603 = ADVANCED_FACE ( 'NONE', ( #5988 ), #2508, .T. ) ;
#1604 = CARTESIAN_POINT ( 'NONE',  ( -13.74273608753901321, -6.042206017369085025, 56.34055965669480770 ) ) ;
#1605 = EDGE_CURVE ( 'NONE', #2440, #812, #3577, .T. ) ;
#1606 = CARTESIAN_POINT ( 'NONE',  ( 8.953084838304585347, -42.26915022497681917, 0.9178362056344033792 ) ) ;
#1607 = B_SPLINE_SURFACE_WITH_KNOTS ( 'NONE', 3, 3, ( 
 ( #5591, #5529, #5054, #738 ),
 ( #3711, #1797, #6125, #5645 ),
 ( #4183, #2280, #3441, #1520 ),
 ( #3011, #517, #2001, #4935 ),
 ( #2543, #3949, #5848, #4359 ),
 ( #990, #3475, #2980, #4863 ) ),
 .UNSPECIFIED., .F., .F., .F.,
 ( 4, 2, 4 ),
 ( 4, 4 ),
 ( 0.000000000000000000, 0.5000000000000000000, 1.000000000000000000 ),
 ( 0.000000000000000000, 1.000000000000000000 ),
 .UNSPECIFIED. ) ;
#1608 = CARTESIAN_POINT ( 'NONE',  ( -6.542202347917935867, -41.85480593787886505, 6.181343387448738902 ) ) ;
#1609 = CARTESIAN_POINT ( 'NONE',  ( -37.94484822375412847, -6.042206017375252536, -41.25093286438477236 ) ) ;
#1610 = CARTESIAN_POINT ( 'NONE',  ( -6.575132109400620983, -41.85793890039212783, -6.152650775306567787 ) ) ;
#1611 = CARTESIAN_POINT ( 'NONE',  ( 13.58933078430705699, -30.99982749801245774, -36.38984092546517246 ) ) ;
#1612 = CARTESIAN_POINT ( 'NONE',  ( 8.927589158621922039, -42.25813964662562938, 1.143559928417948734 ) ) ;
#1613 = CARTESIAN_POINT ( 'NONE',  ( -8.995347969533279198, -42.29495517444624397, 0.3055592719177697703 ) ) ;
#1614 = CARTESIAN_POINT ( 'NONE',  ( -8.820367819619601590, -42.22350495640507972, -1.789244676290038027 ) ) ;
#1615 = CARTESIAN_POINT ( 'NONE',  ( -1.018543883570290909, -37.45141969282881433, -8.943499138106465907 ) ) ;
#1616 = CARTESIAN_POINT ( 'NONE',  ( -5.508029509790809186, -41.83478860845939806, 5.310630121414299687 ) ) ;
#1617 = CARTESIAN_POINT ( 'NONE',  ( 9.179998865152189325, -42.32168879929979965, 0.2042550747598805283 ) ) ;
#1618 = CARTESIAN_POINT ( 'NONE',  ( -71.46669839058749574, -6.042206017375160165, 137.9613978004092019 ) ) ;
#1619 = ORIENTED_EDGE ( 'NONE', *, *, #6145, .F. ) ;
#1620 = ORIENTED_EDGE ( 'NONE', *, *, #5078, .T. ) ;
#1621 = CARTESIAN_POINT ( 'NONE',  ( 3.599335457580178588, -6.042206017375282734, -63.18049245606964348 ) ) ;
#1622 = CARTESIAN_POINT ( 'NONE',  ( 18.01987377499526843, -33.94860274238157416, 22.25601804104062609 ) ) ;
#1623 = CARTESIAN_POINT ( 'NONE',  ( -63.54087064469138113, -6.042206017375233884, -4.238634335490428562 ) ) ;
#1624 = CARTESIAN_POINT ( 'NONE',  ( 54.50145287833833407, -56.13001623236041127, 17.94620426087494991 ) ) ;
#1625 = CARTESIAN_POINT ( 'NONE',  ( 8.076792803807753884, -20.16383711956182623, 48.60724779958220410 ) ) ;
#1626 = CARTESIAN_POINT ( 'NONE',  ( 20.36082540615130299, -23.68619686104764810, 39.70994965335955840 ) ) ;
#1627 = CARTESIAN_POINT ( 'NONE',  ( -3.671961991660209979, -41.66660398508295060, -6.840072694917419760 ) ) ;
#1628 = ORIENTED_EDGE ( 'NONE', *, *, #3824, .F. ) ;
#1629 = ORIENTED_EDGE ( 'NONE', *, *, #5568, .T. ) ;
#1630 = CARTESIAN_POINT ( 'NONE',  ( 12.23703700500942837, -28.24344871934643919, -40.14808975001925262 ) ) ;
#1631 = CARTESIAN_POINT ( 'NONE',  ( 4.518126647750682956, -37.62222096532632065, -7.789423261115128838 ) ) ;
#1632 = PLANE ( 'NONE',  #5113 ) ;
#1633 = CARTESIAN_POINT ( 'NONE',  ( 20.34536719873065280, -23.68619686104764810, -39.70994965335955840 ) ) ;
#1634 = CARTESIAN_POINT ( 'NONE',  ( -7.733348322956611121, -37.99680511711431308, 4.613061605332714699 ) ) ;
#1635 = ORIENTED_EDGE ( 'NONE', *, *, #5126, .F. ) ;
#1636 = CARTESIAN_POINT ( 'NONE',  ( 7.483795365531229926, -41.97720097454995880, -4.999289050204255958 ) ) ;
#1637 = VECTOR ( 'NONE', #998, 1000.000000000000000 ) ;
#1638 = CARTESIAN_POINT ( 'NONE',  ( -22.00000000000000711, -6.042206018788410127, 42.71270776850018080 ) ) ;
#1639 = CARTESIAN_POINT ( 'NONE',  ( 85.49059373981739895, -20.95902901126090256, 86.27244506407519964 ) ) ;
#1640 = CARTESIAN_POINT ( 'NONE',  ( -0.5681184668556369388, -41.48889475915297709, -8.999607810456859980 ) ) ;
#1641 = CARTESIAN_POINT ( 'NONE',  ( -8.327804452373150923, -42.11438430517578979, 3.412883281320399309 ) ) ;
#1642 = CARTESIAN_POINT ( 'NONE',  ( -63.85908778190749047, -6.042206017375212568, 0.4163582243194691723 ) ) ;
#1643 = AXIS2_PLACEMENT_3D ( 'NONE', #3798, #1885, #854 ) ;
#1644 = CARTESIAN_POINT ( 'NONE',  ( -8.999394573589672319, -42.30653784155533259, -0.1533549763417886291 ) ) ;
#1645 = CARTESIAN_POINT ( 'NONE',  ( 17.36489543713571493, -39.34834836719799256, -18.74103489816921808 ) ) ;
#1646 = CARTESIAN_POINT ( 'NONE',  ( -23.91435553702712014, -6.042206163896855386, 48.81099545576654464 ) ) ;
#1647 = EDGE_CURVE ( 'NONE', #5994, #1116, #32, .T. ) ;
#1648 = CARTESIAN_POINT ( 'NONE',  ( -10.17797423956065650, -38.30198199073963394, 0.1036826094261347614 ) ) ;
#1649 = AXIS2_PLACEMENT_3D ( 'NONE', #4912, #3059, #95 ) ;
#1650 = CARTESIAN_POINT ( 'NONE',  ( -4.747797953606203158, -37.64183109155034401, -7.647276103828085425 ) ) ;
#1651 = CARTESIAN_POINT ( 'NONE',  ( -9.180011546478839435, -42.24575990181089935, 2.077903720864755055 ) ) ;
#1652 = CARTESIAN_POINT ( 'NONE',  ( 3.671998297884675022, -41.89111594139954775, 0.3063265003405539755 ) ) ;
#1653 = CARTESIAN_POINT ( 'NONE',  ( 17.00988805141610172, -31.71837114915681965, 27.42815013133279578 ) ) ;
#1654 = VERTEX_POINT ( 'NONE', #4705 ) ;
#1655 = ORIENTED_EDGE ( 'NONE', *, *, #3455, .T. ) ;
#1656 = CARTESIAN_POINT ( 'NONE',  ( 22.43424475756700787, -6.042206017417935726, 83.07266697377080789 ) ) ;
#1657 = CARTESIAN_POINT ( 'NONE',  ( 17.00988805141610172, -31.71837114915681965, 27.42815013133279578 ) ) ;
#1658 = CARTESIAN_POINT ( 'NONE',  ( -63.05957058847812391, -6.042206017375225890, 5.660463447668892201 ) ) ;
#1659 = EDGE_CURVE ( 'NONE', #1303, #3022, #5769, .T. ) ;
#1660 = DIRECTION ( 'NONE',  ( -1.000000000000000000, 0.000000000000000000, 0.000000000000000000 ) ) ;
#1661 = CARTESIAN_POINT ( 'NONE',  ( 13.98369566551541077, -31.82067221183763195, 35.15333754117659737 ) ) ;
#1662 = CARTESIAN_POINT ( 'NONE',  ( 16.41162694658498467, -30.44345619716054685, -29.82645136233194805 ) ) ;
#1663 = CARTESIAN_POINT ( 'NONE',  ( -5.507983152664921001, -41.92983744892940479, -3.031897891163809700 ) ) ;
#1664 = VERTEX_POINT ( 'NONE', #5189 ) ;
#1665 = CARTESIAN_POINT ( 'NONE',  ( -7.344001134591909619, -42.10616211114324869, 0.2041632554519854925 ) ) ;
#1666 = VERTEX_POINT ( 'NONE', #4593 ) ;
#1667 = CARTESIAN_POINT ( 'NONE',  ( 14.34219269681965336, -32.56933376394736257, -34.00843886720646481 ) ) ;
#1668 = B_SPLINE_SURFACE_WITH_KNOTS ( 'NONE', 2, 1, ( 
 ( #587, #48 ),
 ( #1456, #4457 ),
 ( #4898, #16 ) ),
 .UNSPECIFIED., .F., .F., .F.,
 ( 3, 3 ),
 ( 2, 2 ),
 ( 0.07696326179983789539, 1.000000000000000000 ),
 ( 0.000000000000000000, 1.000000000000000000 ),
 .UNSPECIFIED. ) ;
#1669 = CARTESIAN_POINT ( 'NONE',  ( 5.507953323256919553, -41.64573389331380326, 8.400062261923959994 ) ) ;
#1670 = CARTESIAN_POINT ( 'NONE',  ( 8.199505439508493865, -14.62375297484921433, -48.05483550853269037 ) ) ;
#1671 = ORIENTED_EDGE ( 'NONE', *, *, #4136, .T. ) ;
#1672 = ADVANCED_FACE ( 'NONE', ( #2679 ), #2767, .F. ) ;
#1673 = CARTESIAN_POINT ( 'NONE',  ( 8.956149962667433684, -42.27060452142887215, -0.8873462935326446033 ) ) ;
#1674 = CARTESIAN_POINT ( 'NONE',  ( -44.90729918175801316, -0.9524740715906218069, 12.86410655089382615 ) ) ;
#1675 = CARTESIAN_POINT ( 'NONE',  ( -8.298688820630607310, -42.10896441734907825, -3.483119646182732509 ) ) ;
#1676 = CARTESIAN_POINT ( 'NONE',  ( -3.492835588497975596, -41.59025383495571049, 8.294608692357197555 ) ) ;
#1677 = CARTESIAN_POINT ( 'NONE',  ( -47.64127566420130933, -6.042206017375282734, -28.48542109035697223 ) ) ;
#1678 = DIRECTION ( 'NONE',  ( 0.000000000000000000, -5.078222490274110485E-16, -1.000000000000000000 ) ) ;
#1679 = CARTESIAN_POINT ( 'NONE',  ( 190.4059769339625063, -6.042206017374129878, 1.510441131475985042E-14 ) ) ;
#1680 = DIRECTION ( 'NONE',  ( 0.000000000000000000, 1.000000000000000000, 0.000000000000000000 ) ) ;
#1681 = CARTESIAN_POINT ( 'NONE',  ( 9.000028474184350813, -42.30708906031854610, 9.026024192389750094E-10 ) ) ;
#1682 = CARTESIAN_POINT ( 'NONE',  ( -50.44155606044890305, 10.00000000000001243, -15.20596206432331243 ) ) ;
#1683 = CARTESIAN_POINT ( 'NONE',  ( -7.344006245878469841, -42.10689846302550166, 1.124001369873603773 ) ) ;
#1684 = CARTESIAN_POINT ( 'NONE',  ( 3.672001134648750220, -41.88910343578135098, -0.2041836597426380240 ) ) ;
#1685 = CARTESIAN_POINT ( 'NONE',  ( 17.78528318906844774, -33.42287354489378259, 23.57091827798349115 ) ) ;
#1686 = ORIENTED_EDGE ( 'NONE', *, *, #5282, .F. ) ;
#1687 = CYLINDRICAL_SURFACE ( 'NONE', #4864, 12.74500000000000632 ) ;
#1688 = CARTESIAN_POINT ( 'NONE',  ( 11.63501412891282882, -37.87923982393882483, 5.745749677028955560 ) ) ;
#1689 = CARTESIAN_POINT ( 'NONE',  ( -8.998208884440130007, -42.30221689506522864, 0.1798613075992634980 ) ) ;
#1690 = CARTESIAN_POINT ( 'NONE',  ( -3.671983152693349961, -41.84321739110304605, -3.031887689018485155 ) ) ;
#1691 = CARTESIAN_POINT ( 'NONE',  ( -5.717660536529886706, -36.96809213097017022, 11.68299378971156344 ) ) ;
#1692 = CARTESIAN_POINT ( 'NONE',  ( 17.21857569495887219, -39.00130600328279229, 19.93210539140947901 ) ) ;
#1693 = CARTESIAN_POINT ( 'NONE',  ( -71.46669839058749574, -6.042206017375310267, -137.7671940876994086 ) ) ;
#1694 = CARTESIAN_POINT ( 'NONE',  ( -9.179961991574911551, -41.98502101360424632, -6.840103301353379628 ) ) ;
#1695 = EDGE_LOOP ( 'NONE', ( #3342, #125 ) ) ;
#1696 = CARTESIAN_POINT ( 'NONE',  ( 9.180001701916260970, -42.31469916670599929, -0.3062550853233114712 ) ) ;
#1697 = CARTESIAN_POINT ( 'NONE',  ( 16.88398358790628961, -38.21472930976597127, -22.22309086070115214 ) ) ;
#1698 = CARTESIAN_POINT ( 'NONE',  ( 76.79646753552309235, -63.39640923772801528, 8.420568338122935259 ) ) ;
#1699 = CARTESIAN_POINT ( 'NONE',  ( 20.34536719873065280, -11.27713467053115970, -50.82238809104900668 ) ) ;
#1700 = CARTESIAN_POINT ( 'NONE',  ( -18.00000000000000000, -38.08334154604070676, 5.880626755295375041 ) ) ;
#1701 = ORIENTED_EDGE ( 'NONE', *, *, #1605, .F. ) ;
#1702 = EDGE_CURVE ( 'NONE', #3618, #1080, #3613, .T. ) ;
#1703 = CARTESIAN_POINT ( 'NONE',  ( 8.365068518269850983, -42.12141091275684346, -3.320898973852175917 ) ) ;
#1704 = CARTESIAN_POINT ( 'NONE',  ( 85.49059373981739895, -20.95902901126090256, 86.27244506407519964 ) ) ;
#1705 = CARTESIAN_POINT ( 'NONE',  ( -1.143878844596859290, -41.49717195566832117, -8.946437998115387202 ) ) ;
#1706 = CARTESIAN_POINT ( 'NONE',  ( 3.447689632452321629, -41.58763006137256468, 8.313449897437527270 ) ) ;
#1707 = CARTESIAN_POINT ( 'NONE',  ( -63.54087064469138113, -6.042206017375233884, -4.238634335490428562 ) ) ;
#1708 = VECTOR ( 'NONE', #5191, 1000.000000000000000 ) ;
#1709 = PLANE ( 'NONE',  #4059 ) ;
#1710 = CARTESIAN_POINT ( 'NONE',  ( -62.09474050719286708, 10.00000000000000000, -15.42164038722743058 ) ) ;
#1711 = CARTESIAN_POINT ( 'NONE',  ( -1.672020900077812344, -38.31026286157671024, 13.00332901501098171 ) ) ;
#1712 = CARTESIAN_POINT ( 'NONE',  ( 8.711811877261609993, -42.19251550245370908, 2.335076802822009245 ) ) ;
#1713 = AXIS2_PLACEMENT_3D ( 'NONE', #2893, #5820, #4836 ) ;
#1714 = CARTESIAN_POINT ( 'NONE',  ( -22.00000000000000000, -6.042206018788409239, -48.95395889816647639 ) ) ;
#1715 = CARTESIAN_POINT ( 'NONE',  ( 5.109582799404299976E-06, -41.79199488318105438, -0.9195315056643299512 ) ) ;
#1716 = CARTESIAN_POINT ( 'NONE',  ( -5.507998297856270042, -41.96944676484329761, -0.3063367024858845156 ) ) ;
#1717 = CARTESIAN_POINT ( 'NONE',  ( 8.999067180102876762, -38.28306499577007571, 0.5596227021246189537 ) ) ;
#1718 = CARTESIAN_POINT ( 'NONE',  ( 78.62372799800708378, -63.39640923772800818, -10.13238574791271240 ) ) ;
#1719 = LINE ( 'NONE', #2667, #1541 ) ;
#1720 = DIRECTION ( 'NONE',  ( 0.000000000000000000, 1.000000000000000000, 0.000000000000000000 ) ) ;
#1721 = CARTESIAN_POINT ( 'NONE',  ( 4.206858043412889714, -36.84258816647565737, 12.30246463016742986 ) ) ;
#1722 = CARTESIAN_POINT ( 'NONE',  ( 12.28321894486366794, -28.33924827439139449, 40.00635169319085094 ) ) ;
#1723 = CARTESIAN_POINT ( 'NONE',  ( 14.14875501737918917, -32.16670624550411617, 34.61468393907063046 ) ) ;
#1724 = CARTESIAN_POINT ( 'NONE',  ( 9.180006245850009350, -42.28221066246755555, -1.123991167728289886 ) ) ;
#1725 = VERTEX_POINT ( 'NONE', #4089 ) ;
#1726 = EDGE_CURVE ( 'NONE', #590, #1908, #2211, .T. ) ;
#1727 = CARTESIAN_POINT ( 'NONE',  ( 3.672003405763750283, -41.88853576701350079, -0.6128983965664819289 ) ) ;
#1728 = CARTESIAN_POINT ( 'NONE',  ( -22.00000000000000711, -6.042206018788409239, -44.08146809144057698 ) ) ;
#1729 = CARTESIAN_POINT ( 'NONE',  ( 96.53232571965762077, -63.39640923772800818, 7.776231892382883260 ) ) ;
#1730 = CARTESIAN_POINT ( 'NONE',  ( 7.343953323228490149, -41.74792629672320032, 8.400072464069278766 ) ) ;
#1731 = CARTESIAN_POINT ( 'NONE',  ( -8.387747381097552690, -38.11343992836771832, 3.277549665898376929 ) ) ;
#1732 = EDGE_LOOP ( 'NONE', ( #3548, #5186, #3047, #4496, #1190 ) ) ;
#1733 = CARTESIAN_POINT ( 'NONE',  ( 85.84362670746759250, -47.26221975847409595, 52.78134362686709835 ) ) ;
#1734 = AXIS2_PLACEMENT_3D ( 'NONE', #2950, #4296, #2892 ) ;
#1735 = CARTESIAN_POINT ( 'NONE',  ( -10.94826979804049927, -38.30791815028960201, 0.08391172956540508820 ) ) ;
#1736 = CARTESIAN_POINT ( 'NONE',  ( 3.912457898415214075, -41.61626926117560998, -8.106157219278410153 ) ) ;
#1737 = CARTESIAN_POINT ( 'NONE',  ( 190.4059769339609147, -6.042206017375730376, -108.0033952379273643 ) ) ;
#1738 = FACE_BOUND ( 'NONE', #557, .T. ) ;
#1739 = CARTESIAN_POINT ( 'NONE',  ( -42.49410302710136023, -29.99108561764705527, 18.39439622649887340 ) ) ;
#1740 = CARTESIAN_POINT ( 'NONE',  ( 12.99998113673914801, -38.31026286157670313, 0.02214597991005739369 ) ) ;
#1741 = CARTESIAN_POINT ( 'NONE',  ( 8.881265452359190959, -42.24139308932815595, 1.465025030861803357 ) ) ;
#1742 = CARTESIAN_POINT ( 'NONE',  ( -8.763088628719737372, -38.20003885227365714, -2.056798720933066704 ) ) ;
#1743 = CARTESIAN_POINT ( 'NONE',  ( 3.671999999943119875, -41.88125511334990136, 2.040429063875279689E-05 ) ) ;
#1744 = CARTESIAN_POINT ( 'NONE',  ( -3.671983152693349961, -41.84321739110304605, -3.031887689018485155 ) ) ;
#1745 = EDGE_CURVE ( 'NONE', #5981, #4011, #4809, .T. ) ;
#1746 = CARTESIAN_POINT ( 'NONE',  ( 19.39529427382023030, -37.09829440406655010, 11.31294689175882695 ) ) ;
#1747 = CARTESIAN_POINT ( 'NONE',  ( 98.73695426875512737, -63.39640923772800818, -3.306842385774028337 ) ) ;
#1748 = DIRECTION ( 'NONE',  ( 0.000000000000000000, -5.078222490274110485E-16, -1.000000000000000000 ) ) ;
#1749 = EDGE_CURVE ( 'NONE', #421, #4728, #3683, .T. ) ;
#1750 = CARTESIAN_POINT ( 'NONE',  ( 11.23108376326115554, -37.79273109955980203, 6.482805248775813212 ) ) ;
#1751 = LINE ( 'NONE', #3191, #1945 ) ;
#1752 = CARTESIAN_POINT ( 'NONE',  ( 86.40000000000000568, -64.66763823405520384, 0.000000000000000000 ) ) ;
#1753 = CARTESIAN_POINT ( 'NONE',  ( 9.512158483904530115, -22.90439920846234756, 46.05088170608801335 ) ) ;
#1754 = CARTESIAN_POINT ( 'NONE',  ( 18.03212226102947113, -40.91868122161439913, 12.41017733379857191 ) ) ;
#1755 = CARTESIAN_POINT ( 'NONE',  ( 10.36603187619854793, -38.31026286157675287, 7.958962405054918143 ) ) ;
#1756 = ORIENTED_EDGE ( 'NONE', *, *, #3405, .F. ) ;
#1757 = CARTESIAN_POINT ( 'NONE',  ( 3.671999999943119875, -41.88125511334990136, 2.040429063875279689E-05 ) ) ;
#1758 = CARTESIAN_POINT ( 'NONE',  ( 17.36489543713571493, -39.34834836719799256, -18.74103489816921808 ) ) ;
#1759 = DIRECTION ( 'NONE',  ( 0.000000000000000000, 0.000000000000000000, 1.000000000000000000 ) ) ;
#1760 = CARTESIAN_POINT ( 'NONE',  ( 20.34536719873065280, -34.34959553575265545, -21.81000826438560125 ) ) ;
#1761 = CARTESIAN_POINT ( 'NONE',  ( 7.820320469720257961, -37.22199323589311604, 10.32346283221184535 ) ) ;
#1762 = EDGE_LOOP ( 'NONE', ( #1973, #366, #5243, #5965, #1995 ) ) ;
#1763 = CARTESIAN_POINT ( 'NONE',  ( 139.1842759379919983, -47.26221975847409595, 2.775557561562889773E-14 ) ) ;
#1764 = DESIGN_CONTEXT ( 'detailed design', #4260, 'design' ) ;
#1765 = FACE_OUTER_BOUND ( 'NONE', #5009, .T. ) ;
#1766 = CARTESIAN_POINT ( 'NONE',  ( 3.646043127033410602, -41.59938879997509531, -8.228822674792819925 ) ) ;
#1767 = DIRECTION ( 'NONE',  ( 0.000000000000000000, 1.000000000000000000, 0.000000000000000000 ) ) ;
#1768 = CARTESIAN_POINT ( 'NONE',  ( 152.8722439315365023, -38.48506133258189976, 8.140502076289799479E-15 ) ) ;
#1769 = CARTESIAN_POINT ( 'NONE',  ( -71.46669839058749574, -6.042206017375160165, 137.9613978004092019 ) ) ;
#1770 = CARTESIAN_POINT ( 'NONE',  ( 2.905600945280856884, -41.55626914429767993, 8.538577422767042790 ) ) ;
#1771 = B_SPLINE_CURVE_WITH_KNOTS ( 'NONE', 3,
 ( #2088, #3999, #2190, #733 ),
 .UNSPECIFIED., .F., .F.,
 ( 4, 4 ),
 ( 0.000000000000000000, 1.000000000000000000 ),
 .UNSPECIFIED. ) ;
#1772 = CARTESIAN_POINT ( 'NONE',  ( -47.53715543443616554, 9.999999999999991118, -14.29568559494096291 ) ) ;
#1773 = CARTESIAN_POINT ( 'NONE',  ( 9.180003405678450079, -42.30370947901290180, -0.6128677901305170650 ) ) ;
#1774 = CARTESIAN_POINT ( 'NONE',  ( -9.179957657387500802, -41.93204332892645425, -7.620092983783989027 ) ) ;
#1775 = CARTESIAN_POINT ( 'NONE',  ( 6.874626731154206638, -37.87156970979306436, 5.810411032011119303 ) ) ;
#1776 = CARTESIAN_POINT ( 'NONE',  ( 94.17623189238899784, -63.39640923772800818, -10.13232571964908679 ) ) ;
#1777 = CARTESIAN_POINT ( 'NONE',  ( 86.40000000000000568, -64.66763823405520384, 0.000000000000000000 ) ) ;
#1778 = CARTESIAN_POINT ( 'NONE',  ( 12.99644658441999212, -38.30368781662100020, 0.02685980811133485691 ) ) ;
#1779 = CARTESIAN_POINT ( 'NONE',  ( -8.997758442699089088, -42.30129188270660023, 0.2011373282754410075 ) ) ;
#1780 = CARTESIAN_POINT ( 'NONE',  ( -4.146379788449834791, -36.83728242637289441, 12.32843503719368705 ) ) ;
#1781 = CARTESIAN_POINT ( 'NONE',  ( 8.979805276219911647, -42.28266447690301533, -0.6030752717244052263 ) ) ;
#1782 = CARTESIAN_POINT ( 'NONE',  ( 18.40311429192462711, -41.70654361378205977, 7.430453204413002943 ) ) ;
#1783 = CARTESIAN_POINT ( 'NONE',  ( -5.508042342385069290, -41.69806081896500416, 7.620011366621420201 ) ) ;
#1784 = ORIENTED_EDGE ( 'NONE', *, *, #5617, .F. ) ;
#1785 = CARTESIAN_POINT ( 'NONE',  ( -7.343999999886289487, -42.08584460751210088, -4.080858129121849476E-05 ) ) ;
#1786 = CARTESIAN_POINT ( 'NONE',  ( -22.00000000000000711, -6.042206018788412791, 30.21270776850018436 ) ) ;
#1787 = CARTESIAN_POINT ( 'NONE',  ( -12.99553091680051509, -38.31026187940302208, 0.0001336912975518972022 ) ) ;
#1788 = CARTESIAN_POINT ( 'NONE',  ( 3.671996594122490354, -41.88853499550050685, 0.6129392051477599024 ) ) ;
#1789 = AXIS2_PLACEMENT_3D ( 'NONE', #3033, #3462, #4955 ) ;
#1790 = CARTESIAN_POINT ( 'NONE',  ( -9.000000000000000000, -42.30661100815940046, -7.355114230846949610E-16 ) ) ;
#1791 = CARTESIAN_POINT ( 'NONE',  ( 172.6772380009927872, -20.95902901126089901, 50.96345004025746306 ) ) ;
#1792 = CARTESIAN_POINT ( 'NONE',  ( -10.79119915496017512, -38.30806516111484683, 0.08783069129640413975 ) ) ;
#1793 = CARTESIAN_POINT ( 'NONE',  ( -8.953084838489413499, -42.26915022506256037, -0.9178362038310697857 ) ) ;
#1794 = CARTESIAN_POINT ( 'NONE',  ( 226.6457644257074833, 10.00000000000000000, 137.9613978004092019 ) ) ;
#1795 = ADVANCED_FACE ( 'NONE', ( #4619 ), #662, .T. ) ;
#1796 = CARTESIAN_POINT ( 'NONE',  ( -71.46669839058749574, 10.00000000000000000, 137.9613978004092019 ) ) ;
#1797 = CARTESIAN_POINT ( 'NONE',  ( -62.09474050719287419, -8.377687633864463024, 15.42164038722742880 ) ) ;
#1798 = CARTESIAN_POINT ( 'NONE',  ( -24.34996617687545495, -6.042206017375260529, -49.51564294715978320 ) ) ;
#1799 = CARTESIAN_POINT ( 'NONE',  ( -32.03511162100602405, -6.042206018788412791, -26.03729223149981920 ) ) ;
#1800 = B_SPLINE_CURVE_WITH_KNOTS ( 'NONE', 3,
 ( #1796, #766, #2717, #4630 ),
 .UNSPECIFIED., .F., .F.,
 ( 4, 4 ),
 ( 0.000000000000000000, 1.000000000000000000 ),
 .UNSPECIFIED. ) ;
#1801 = CARTESIAN_POINT ( 'NONE',  ( 1.702058427960865117E-06, -41.79055256050195055, -0.3063060960499194851 ) ) ;
#1802 = CARTESIAN_POINT ( 'NONE',  ( 4.234247034024029508E-05, -41.54461856230044958, -7.620041973057389839 ) ) ;
#1803 = CARTESIAN_POINT ( 'NONE',  ( -3.368854047004348207, -37.54210833012478332, 8.345707608293817970 ) ) ;
#1804 = LINE ( 'NONE', #327, #5432 ) ;
#1805 = CARTESIAN_POINT ( 'NONE',  ( -22.00000000000001066, -6.042206018788411015, -38.53729223149981209 ) ) ;
#1806 = CARTESIAN_POINT ( 'NONE',  ( 12.64617182670748718, -38.13794127230115549, 2.966822268122809803 ) ) ;
#1807 = PLANE ( 'NONE',  #1142 ) ;
#1808 = CARTESIAN_POINT ( 'NONE',  ( 6.337494268030326339, -37.03218899210205706, 11.35275300564134149 ) ) ;
#1809 = CARTESIAN_POINT ( 'NONE',  ( 8.965810485477671676, -42.27545369739814163, -0.7841140923581026989 ) ) ;
#1810 = CARTESIAN_POINT ( 'NONE',  ( 16.12765926082611401, -36.47416376924402925, 26.56228734668989588 ) ) ;
#1811 = CARTESIAN_POINT ( 'NONE',  ( 7.967007426814306292, -38.31026286157675287, 10.34592470938472353 ) ) ;
#1812 = VERTEX_POINT ( 'NONE', #1365 ) ;
#1813 = CARTESIAN_POINT ( 'NONE',  ( -5.507983152664921001, -41.92983744892940479, -3.031897891163809700 ) ) ;
#1814 = CARTESIAN_POINT ( 'NONE',  ( 16.99369198094186828, -38.47193043318556249, -21.49106298985061869 ) ) ;
#1815 = CARTESIAN_POINT ( 'NONE',  ( 73.65500000000000114, -63.39640923772800818, 0.8366634719051218028 ) ) ;
#1816 = CARTESIAN_POINT ( 'NONE',  ( 3.671978988473880268, -41.81616949228254754, 3.781289569364389980 ) ) ;
#1817 = CARTESIAN_POINT ( 'NONE',  ( 12.64617182670748718, -38.13794127230115549, 2.966822268122809803 ) ) ;
#1818 = CARTESIAN_POINT ( 'NONE',  ( 112.9674345654848651, -50.78462308660635927, 46.07898461404099777 ) ) ;
#1819 = CARTESIAN_POINT ( 'NONE',  ( 0.8856756454344161256, -36.69933927661916329, 12.97686146972482213 ) ) ;
#1820 = CARTESIAN_POINT ( 'NONE',  ( 87.23648195563053775, -63.39640923772800818, -12.74496390230862630 ) ) ;
#1821 = CARTESIAN_POINT ( 'NONE',  ( -25.24069552840675357, -6.042206017375223226, 48.54877886342892168 ) ) ;
#1822 = DIRECTION ( 'NONE',  ( -0.000000000000000000, 5.078222490274110485E-16, 1.000000000000000000 ) ) ;
#1823 = CARTESIAN_POINT ( 'NONE',  ( -8.075894356033098020, -42.06904543140365149, -3.983412649599631372 ) ) ;
#1824 = CARTESIAN_POINT ( 'NONE',  ( 3.672001134648750220, -41.88910343578135098, -0.2041836597426380240 ) ) ;
#1825 = CARTESIAN_POINT ( 'NONE',  ( 5.508029509790779876, -41.83478860876699912, -5.310630121414299687 ) ) ;
#1826 = CARTESIAN_POINT ( 'NONE',  ( -4.274604981097037459, -37.60200659673469659, 7.941648755243618574 ) ) ;
#1827 = CARTESIAN_POINT ( 'NONE',  ( -71.46669839058749574, -6.042206017375296945, -137.7671940876994370 ) ) ;
#1828 = FACE_OUTER_BOUND ( 'NONE', #5334, .T. ) ;
#1829 = CARTESIAN_POINT ( 'NONE',  ( 8.556546032182287931, -37.32434034656787958, 9.730812988187597767 ) ) ;
#1830 = CARTESIAN_POINT ( 'NONE',  ( 4.385782227550326873, -13.24654866613190762, -54.06198839904507736 ) ) ;
#1831 = CARTESIAN_POINT ( 'NONE',  ( -3.450999490393791724, -41.58782080049433461, 8.312081293368498436 ) ) ;
#1832 = CARTESIAN_POINT ( 'NONE',  ( 10.69162235605352684, -37.67584644297190266, 7.398239253382141278 ) ) ;
#1833 = CARTESIAN_POINT ( 'NONE',  ( 8.827807762070889908, -42.22561777794834370, -1.752166867156803365 ) ) ;
#1834 = CARTESIAN_POINT ( 'NONE',  ( 18.74730392420045888, -42.24924322835657620, 1.585578976556347719 ) ) ;
#1835 = CARTESIAN_POINT ( 'NONE',  ( 5.507953323256919553, -41.64573389331380326, 8.400062261923959994 ) ) ;
#1836 = ORIENTED_EDGE ( 'NONE', *, *, #5800, .F. ) ;
#1837 = CARTESIAN_POINT ( 'NONE',  ( 9.180021011327060165, -42.16513681420755688, -3.781218154347145255 ) ) ;
#1838 = CARTESIAN_POINT ( 'NONE',  ( -12.53283318597848250, -6.042206017371011484, -197.8656663719569906 ) ) ;
#1839 = EDGE_CURVE ( 'NONE', #2440, #1248, #3347, .T. ) ;
#1840 = CARTESIAN_POINT ( 'NONE',  ( 9.179957657387472381, -41.93204332868869955, 7.620092983783989027 ) ) ;
#1841 = CARTESIAN_POINT ( 'NONE',  ( 4.667665775254480472E-05, -41.49435253703499882, -8.400031655487991245 ) ) ;
#1842 = CARTESIAN_POINT ( 'NONE',  ( -37.94484822375412847, -6.042206017375252536, -41.25093286438477236 ) ) ;
#1843 = CARTESIAN_POINT ( 'NONE',  ( -9.180021011327090363, -42.16513681441784911, 3.781218154347139926 ) ) ;
#1844 = CARTESIAN_POINT ( 'NONE',  ( 3.493117819995015694, -6.042206017371518634, -53.98290812280588824 ) ) ;
#1845 = CARTESIAN_POINT ( 'NONE',  ( -18.42086648329450682, -4.983198181002447491, -209.6417329665892453 ) ) ;
#1846 = CARTESIAN_POINT ( 'NONE',  ( -22.00000000000000000, -21.18324305483737646, 36.78323677006540038 ) ) ;
#1847 = AXIS2_PLACEMENT_3D ( 'NONE', #5019, #5386, #1133 ) ;
#1848 = CARTESIAN_POINT ( 'NONE',  ( 110.6172451890447945, -57.95386985700429960, 2.965757180493044782E-15 ) ) ;
#1849 = CARTESIAN_POINT ( 'NONE',  ( 80.01478676232333953, -63.39640923772800818, -11.06177466967916345 ) ) ;
#1850 = CARTESIAN_POINT ( 'NONE',  ( 99.14499999999999602, -63.39640923772800818, 1.544179419989875053E-15 ) ) ;
#1851 = CARTESIAN_POINT ( 'NONE',  ( 226.6457644257074833, 10.00000000000000000, 137.9613978004092019 ) ) ;
#1852 = CARTESIAN_POINT ( 'NONE',  ( 5.508021011383919863, -41.90336651180879102, -3.781238558637785019 ) ) ;
#1853 = CARTESIAN_POINT ( 'NONE',  ( -4.509811247541350099, -41.65828041190832920, -7.794236667843326138 ) ) ;
#1854 = CARTESIAN_POINT ( 'NONE',  ( 5.508016847164491026, -41.92984125661909900, -3.031836678291880194 ) ) ;
#1855 = CARTESIAN_POINT ( 'NONE',  ( 0.6194118823429958232, -37.44308570447426376, 8.996091782711619800 ) ) ;
#1856 = CARTESIAN_POINT ( 'NONE',  ( 86.40000000000000568, -58.93658393131480722, 0.000000000000000000 ) ) ;
#1857 = CARTESIAN_POINT ( 'NONE',  ( -42.61420186904449281, 9.999999999999996447, -10.96746882930053602 ) ) ;
#1858 = CARTESIAN_POINT ( 'NONE',  ( -4.537243675503461304, -36.87884619530686336, 12.12655139875920085 ) ) ;
#1859 = CARTESIAN_POINT ( 'NONE',  ( 99.14499999999999602, -63.39640923772795134, -25.49000000000011568 ) ) ;
#1860 = CARTESIAN_POINT ( 'NONE',  ( -3.912457896325598927, -41.61626926099403789, 8.106157220280273634 ) ) ;
#1861 = CARTESIAN_POINT ( 'NONE',  ( -11.51018878249369060, -38.30198186976232932, 0.05472197067475440685 ) ) ;
#1862 = CARTESIAN_POINT ( 'NONE',  ( 3.225185894857590441, -11.09116778369216583, 55.57883730838425862 ) ) ;
#1863 = CARTESIAN_POINT ( 'NONE',  ( 8.804475449239227203, -21.54857601239266529, 47.34804283306704775 ) ) ;
#1864 = CARTESIAN_POINT ( 'NONE',  ( 3.672051010788299763, -41.51274637520825195, -9.180000933627960436 ) ) ;
#1865 = ORIENTED_EDGE ( 'NONE', *, *, #2352, .F. ) ;
#1866 = ORIENTED_EDGE ( 'NONE', *, *, #1745, .T. ) ;
#1867 = CARTESIAN_POINT ( 'NONE',  ( -3.671970490067059778, -41.75190379149490383, -5.310681132140909533 ) ) ;
#1868 = CARTESIAN_POINT ( 'NONE',  ( 44.62853256534969404, -60.86600650612059127, -2.394222511617829494E-15 ) ) ;
#1869 = CARTESIAN_POINT ( 'NONE',  ( 3.671961991660179780, -41.66660398504500051, 6.840072694917419760 ) ) ;
#1870 = CARTESIAN_POINT ( 'NONE',  ( -7.343953323228519459, -41.74792629669014588, -8.400072464069278766 ) ) ;
#1871 = CARTESIAN_POINT ( 'NONE',  ( -31.72490640734855560, -6.042206017375268523, -47.29320129875067380 ) ) ;
#1872 = B_SPLINE_CURVE_WITH_KNOTS ( 'NONE', 3,
 ( #1987, #3901, #5835, #6008 ),
 .UNSPECIFIED., .F., .F.,
 ( 4, 4 ),
 ( 0.000000000000000000, 1.000000000000000000 ),
 .UNSPECIFIED. ) ;
#1873 = CARTESIAN_POINT ( 'NONE',  ( 7.344006245878440531, -42.10689846338710396, -1.124001369873609990 ) ) ;
#1874 = CARTESIAN_POINT ( 'NONE',  ( 3.671994890360305241, -41.88319309293465409, 0.9195519099549659403 ) ) ;
#1875 = CARTESIAN_POINT ( 'NONE',  ( 6.864465694967413434, -37.10241593717536546, 10.98331467570128162 ) ) ;
#1876 = ORIENTED_EDGE ( 'NONE', *, *, #5053, .F. ) ;
#1877 = CARTESIAN_POINT ( 'NONE',  ( -17.60597693396299945, -6.042206017372989457, -2.547411734887424772E-14 ) ) ;
#1878 = CARTESIAN_POINT ( 'NONE',  ( -39.44352879938917056, -6.033923991384943619, 46.37466049625527376 ) ) ;
#1879 = B_SPLINE_CURVE_WITH_KNOTS ( 'NONE', 3,
 ( #3131, #3572, #4483, #4044, #5059, #5565, #239, #4961, #4076, #5535, #2665, #1149, #2098, #5980, #1653, #1685, #2570, #5505, #4580, #3071, #2134, #4607, #1746, #1181, #4133, #4009, #4998, #3632 ),
 .UNSPECIFIED., .F., .F.,
 ( 4, 2, 2, 2, 2, 2, 2, 2, 2, 2, 2, 2, 2, 4 ),
 ( 1.712565556909879929E-15, 0.008484551161629950641, 0.01696910232325819085, 0.02545365348488642931, 0.02757479127529349761, 0.02969592906570056243, 0.03393820464651471636, 0.04242275580814299646, 0.04666503138895714692, 0.04878616917936422909, 0.05090730696977131126, 0.05939185813139962605, 0.06363413371221378345, 0.06787640929302794779 ),
 .UNSPECIFIED. ) ;
#1880 = CARTESIAN_POINT ( 'NONE',  ( 4.807936999355234775, -36.88824698161483440, 12.08009515520688026 ) ) ;
#1881 = CIRCLE ( 'NONE', #3195, 12.74499999999999922 ) ;
#1882 = CARTESIAN_POINT ( 'NONE',  ( 40.60360956192334925, -50.78462308660660085, -1.121688059249859863E-14 ) ) ;
#1883 = ADVANCED_FACE ( 'NONE', ( #2414 ), #3287, .F. ) ;
#1884 = CARTESIAN_POINT ( 'NONE',  ( -0.2884391821801102762, -41.48880458446444663, 9.000225615030572612 ) ) ;
#1885 = DIRECTION ( 'NONE',  ( 0.000000000000000000, 1.000000000000000000, 0.000000000000000000 ) ) ;
#1886 = CARTESIAN_POINT ( 'NONE',  ( 8.695199106833102931, -42.19041312910376007, -2.341126363643414532 ) ) ;
#1887 = CARTESIAN_POINT ( 'NONE',  ( -8.987123848528318248, -42.28767780546374411, 0.4826823553618631024 ) ) ;
#1888 = CARTESIAN_POINT ( 'NONE',  ( 7.493516310389637169, -37.95921278882621408, 4.984706288116807826 ) ) ;
#1889 = CARTESIAN_POINT ( 'NONE',  ( 8.999999999999991118, -38.30840103693655863, -1.888183232402019824E-14 ) ) ;
#1890 = CARTESIAN_POINT ( 'NONE',  ( 5.372193275681408586, -36.94943378071728546, 11.77555464856057910 ) ) ;
#1891 = CARTESIAN_POINT ( 'NONE',  ( 4.131111067716807028, -12.77381762321138048, -54.39211554670455229 ) ) ;
#1892 = CARTESIAN_POINT ( 'NONE',  ( 2.734270717383524119, -41.55076026865798866, 8.575924688460746736 ) ) ;
#1893 = CARTESIAN_POINT ( 'NONE',  ( 190.4059769339629895, -6.042206017373035642, 208.0119538679257687 ) ) ;
#1894 = CARTESIAN_POINT ( 'NONE',  ( 7.893730125738495751, -42.03930901072662607, -4.325593813012198474 ) ) ;
#1895 = CARTESIAN_POINT ( 'NONE',  ( 7.443472277836708173, -41.97129647651667739, 5.059256613058916940 ) ) ;
#1896 = CARTESIAN_POINT ( 'NONE',  ( -7.344051010731459606, -41.69037129754194382, 9.179980529337321116 ) ) ;
#1897 = CARTESIAN_POINT ( 'NONE',  ( 3.671983152693320207, -41.84321739123220141, 3.031887689018485155 ) ) ;
#1898 = ORIENTED_EDGE ( 'NONE', *, *, #604, .T. ) ;
#1900 = EDGE_CURVE ( 'NONE', #2582, #5544, #315, .T. ) ;
#1899 = ORIENTED_EDGE ( 'NONE', *, *, #4869, .F. ) ;
#1901 = CARTESIAN_POINT ( 'NONE',  ( 2.950987607470884923E-05, -41.67149771645480172, -5.310660727850260443 ) ) ;
#1902 = CARTESIAN_POINT ( 'NONE',  ( 185.3328331859785862, -6.042206017371040794, -197.8656663719569906 ) ) ;
#1903 = CARTESIAN_POINT ( 'NONE',  ( 3.671994890360305241, -41.88319309293465409, 0.9195519099549659403 ) ) ;
#1904 = CARTESIAN_POINT ( 'NONE',  ( 46.86298486623458359, -6.042206017375215232, 96.35650459431039394 ) ) ;
#1905 = VECTOR ( 'NONE', #4735, 1000.000000000000000 ) ;
#1906 = CARTESIAN_POINT ( 'NONE',  ( -9.180005109440658728, -42.29214137119174666, 0.9194804949377138881 ) ) ;
#1907 = CARTESIAN_POINT ( 'NONE',  ( -9.734712673793655568, -37.50758238284139168, 8.593980381926135337 ) ) ;
#1908 = VERTEX_POINT ( 'NONE', #3319 ) ;
#1909 = CARTESIAN_POINT ( 'NONE',  ( 117.9131557670225874, -56.13001623236050364, 3.859248534111614838E-15 ) ) ;
#1910 = CARTESIAN_POINT ( 'NONE',  ( -71.46669839058749574, 10.00000000000000000, -137.7671940876994086 ) ) ;
#1911 = EDGE_CURVE ( 'NONE', #1664, #5877, #2917, .T. ) ;
#1912 = CARTESIAN_POINT ( 'NONE',  ( -11.65122263139802605, -37.87319180229332716, 5.829044609955579936 ) ) ;
#1913 = CARTESIAN_POINT ( 'NONE',  ( -30.72912478003081205, -6.042206018788411903, 17.71270776850018791 ) ) ;
#1914 = CARTESIAN_POINT ( 'NONE',  ( -8.996320277679622279, -42.29542734190330577, -0.2968137813848183981 ) ) ;
#1915 = CARTESIAN_POINT ( 'NONE',  ( -3.368854047004348207, -37.54210833012478332, 8.345707608293817970 ) ) ;
#1916 = CARTESIAN_POINT ( 'NONE',  ( 0.5974324345150913151, -41.48890415499094786, 8.999546381519177629 ) ) ;
#1917 = CARTESIAN_POINT ( 'NONE',  ( 7.343953323228490149, -41.74792629672320032, 8.400072464069278766 ) ) ;
#1918 = CARTESIAN_POINT ( 'NONE',  ( 3.800828292833609322E-05, -41.59064680588684837, -6.840052290626779552 ) ) ;
#1919 = CARTESIAN_POINT ( 'NONE',  ( 8.426122146427863058, -42.13266915203528384, -3.176170666397250208 ) ) ;
#1920 = B_SPLINE_CURVE_WITH_KNOTS ( 'NONE', 3,
 ( #2682, #283, #3991, #5075, #701, #5453, #2213, #2149, #3053, #758, #4119, #6062, #3646, #5964, #5581, #666, #2588, #1670, #4502, #4534, #224, #1844 ),
 .UNSPECIFIED., .F., .F.,
 ( 4, 2, 2, 2, 2, 2, 2, 2, 2, 2, 4 ),
 ( 0.000000000000000000, 0.01703952613440978814, 0.02129940766801223170, 0.02555928920161467527, 0.03407905226881956240, 0.03833893380242200943, 0.04259881533602445647, 0.05111857840322935748, 0.05537845993683181145, 0.05963834147043425848, 0.06815810453763918031 ),
 .UNSPECIFIED. ) ;
#1921 = CARTESIAN_POINT ( 'NONE',  ( -8.998813698822056395, -42.30350531134818937, 0.1486180621167906835 ) ) ;
#1922 = CARTESIAN_POINT ( 'NONE',  ( -7.581570385253500355, -37.97275094390830219, 4.858036793248285967 ) ) ;
#1923 = CARTESIAN_POINT ( 'NONE',  ( 8.068811255032619201, -37.25580147472214776, 10.13000599269524926 ) ) ;
#1924 = CARTESIAN_POINT ( 'NONE',  ( 73.65500000000000114, -63.39640923772800818, -2.064450201827639861E-15 ) ) ;
#1925 = CARTESIAN_POINT ( 'NONE',  ( -2.302101678614545399, -41.52154692336641517, 8.787637318304504674 ) ) ;
#1926 = CARTESIAN_POINT ( 'NONE',  ( 226.6457644257074833, -70.00000000000000000, 137.9613978004091450 ) ) ;
#1927 = CARTESIAN_POINT ( 'NONE',  ( 3.646043127033410602, -41.59938879997509531, -8.228822674792819925 ) ) ;
#1928 = CARTESIAN_POINT ( 'NONE',  ( 9.179957657387472381, -41.93204332868869955, 7.620092983783989027 ) ) ;
#1929 = CARTESIAN_POINT ( 'NONE',  ( 9.179994890275008146, -42.29213543392165064, 0.9195825163909309152 ) ) ;
#1930 = EDGE_CURVE ( 'NONE', #449, #3005, #6176, .T. ) ;
#1931 = ORIENTED_EDGE ( 'NONE', *, *, #1327, .T. ) ;
#1932 = ORIENTED_EDGE ( 'NONE', *, *, #4383, .F. ) ;
#1933 = CARTESIAN_POINT ( 'NONE',  ( -3.671994890360334995, -41.88319309264450396, -0.9195519099549739339 ) ) ;
#1934 = CARTESIAN_POINT ( 'NONE',  ( 190.4059769339606589, -6.042206017376072325, 108.0033952379267248 ) ) ;
#1935 = CARTESIAN_POINT ( 'NONE',  ( -7.344016847136080273, -42.05001507887665468, 3.031826476146554761 ) ) ;
#1936 = CARTESIAN_POINT ( 'NONE',  ( 142.0936331236586341, -6.042206017375248095, 88.01119686070367720 ) ) ;
#1937 = DIRECTION ( 'NONE',  ( 1.000000000000000000, -3.074555195481525416E-16, 1.561327534128339757E-31 ) ) ;
#1938 = CARTESIAN_POINT ( 'NONE',  ( -10.99411553112125617, -38.30787787113607124, 0.08283867914969869628 ) ) ;
#1939 = CARTESIAN_POINT ( 'NONE',  ( -1.134705643865839777E-06, -41.79338277993004880, 0.2042040640332719870 ) ) ;
#1940 = CARTESIAN_POINT ( 'NONE',  ( -11.79345348733379240, -37.91519949073440188, 5.410028484558130124 ) ) ;
#1941 = AXIS2_PLACEMENT_3D ( 'NONE', #1285, #5906, #1576 ) ;
#1942 = EDGE_LOOP ( 'NONE', ( #3845, #5751 ) ) ;
#1943 = DIRECTION ( 'NONE',  ( 1.500332356076764948E-16, 1.000000000000000000, 0.000000000000000000 ) ) ;
#1944 =( NAMED_UNIT ( * ) SI_UNIT ( $, .STERADIAN. ) SOLID_ANGLE_UNIT ( ) );
#1945 = VECTOR ( 'NONE', #6135, 1000.000000000000000 ) ;
#1946 = CARTESIAN_POINT ( 'NONE',  ( -6.467358481990559405, -37.04535379534486594, 11.28527062857528840 ) ) ;
#1947 = CARTESIAN_POINT ( 'NONE',  ( 13.15949949251191953, -38.31026286157670313, -0.1470188481355378107 ) ) ;
#1948 = CARTESIAN_POINT ( 'NONE',  ( -18.00000000000000000, -38.31026286157670313, 0.1470188481355287902 ) ) ;
#1949 = CARTESIAN_POINT ( 'NONE',  ( 3.498361424092610417, -37.54997557842960987, 8.292257081369761806 ) ) ;
#1950 = CARTESIAN_POINT ( 'NONE',  ( 8.999999999999992895, -42.30661089211212555, -0.03003845664915272620 ) ) ;
#1951 = CARTESIAN_POINT ( 'NONE',  ( -5.508042342385069290, -41.69806081896500416, 7.620011366621420201 ) ) ;
#1952 = CARTESIAN_POINT ( 'NONE',  ( 77.97938061203190330, -63.39640923772801528, 9.603583514322163950 ) ) ;
#1953 = B_SPLINE_SURFACE_WITH_KNOTS ( 'NONE', 2, 1, ( 
 ( #3793, #3594 ),
 ( #5558, #2828 ),
 ( #4737, #232 ) ),
 .UNSPECIFIED., .F., .F., .F.,
 ( 3, 3 ),
 ( 2, 2 ),
 ( 0.000000000000000000, 0.9230367382001619658 ),
 ( 0.000000000000000000, 1.000000000000000000 ),
 .UNSPECIFIED. ) ;
#1954 = CARTESIAN_POINT ( 'NONE',  ( 19.07334698233634995, -40.88189669053594599, -38.76238080152555199 ) ) ;
#1955 = CARTESIAN_POINT ( 'NONE',  ( -8.995704463607342660, -38.29900462258687099, 0.3364375494895438523 ) ) ;
#1956 = CARTESIAN_POINT ( 'NONE',  ( -12.62823444666966211, -38.13260285131427452, 3.023971869605430296 ) ) ;
#1957 = CARTESIAN_POINT ( 'NONE',  ( 7.990160609535577940, -19.99955989218772245, -48.75250617527250796 ) ) ;
#1958 = CARTESIAN_POINT ( 'NONE',  ( -8.339110250636121435, -42.11650441481631901, 3.385252159181198817 ) ) ;
#1959 = CARTESIAN_POINT ( 'NONE',  ( 99.14499999999999602, -63.39640923772800818, 2.291319741699659959E-15 ) ) ;
#1960 = CARTESIAN_POINT ( 'NONE',  ( -2.734270716059445938, -41.55076026871348915, -8.575924688887079483 ) ) ;
#1961 = CARTESIAN_POINT ( 'NONE',  ( 6.945754544274150177, -18.02579504418407552, 50.44962512677069100 ) ) ;
#1962 = CARTESIAN_POINT ( 'NONE',  ( 7.343993753894060283, -42.10689525742390060, 1.124082987036175929 ) ) ;
#1963 = EDGE_CURVE ( 'NONE', #4535, #75, #4276, .T. ) ;
#1964 = ORIENTED_EDGE ( 'NONE', *, *, #1370, .T. ) ;
#1965 = ORIENTED_EDGE ( 'NONE', *, *, #4136, .F. ) ;
#1966 = CARTESIAN_POINT ( 'NONE',  ( 7.344046676544019547, -41.74793702330200063, -8.399990846906709052 ) ) ;
#1967 = CARTESIAN_POINT ( 'NONE',  ( -9.000000000000007105, -39.63868830290198986, 3.776366464804039648E-14 ) ) ;
#1968 = CARTESIAN_POINT ( 'NONE',  ( -5.508021011383959831, -41.90336651136514945, 3.781238558637780134 ) ) ;
#1969 = CARTESIAN_POINT ( 'NONE',  ( 78.95761191618856856, -6.042206017375222338, 103.8862955488640267 ) ) ;
#1970 = CARTESIAN_POINT ( 'NONE',  ( 9.000028474184350813, -42.30708906031854610, 9.026024192389750094E-10 ) ) ;
#1971 = CARTESIAN_POINT ( 'NONE',  ( 9.180001134563450904, -42.32169833816494986, -0.2041530533066729935 ) ) ;
#1972 = CARTESIAN_POINT ( 'NONE',  ( -2.295103840761430813, -36.75192802456849250, 12.73279713474497932 ) ) ;
#1973 = ORIENTED_EDGE ( 'NONE', *, *, #165, .T. ) ;
#1974 = LINE ( 'NONE', #3291, #5251 ) ;
#1975 = CARTESIAN_POINT ( 'NONE',  ( 8.999986789893434036, -38.30531978232574630, 0.01542017347367919192 ) ) ;
#1976 = DIRECTION ( 'NONE',  ( -1.500332356076764948E-16, -1.000000000000000000, 0.000000000000000000 ) ) ;
#1977 = CARTESIAN_POINT ( 'NONE',  ( -18.00000000000000000, -6.042206017372996563, -53.98290812280549744 ) ) ;
#1978 = CARTESIAN_POINT ( 'NONE',  ( 3.584277760841799942, -37.55535467588953935, 8.255583776275649655 ) ) ;
#1979 = ORIENTED_EDGE ( 'NONE', *, *, #1002, .T. ) ;
#1980 = CARTESIAN_POINT ( 'NONE',  ( 5.252594475623202364, -41.72030738791276860, 7.314157551258790413 ) ) ;
#1981 = CARTESIAN_POINT ( 'NONE',  ( -34.88860805684244326, -6.042206018788411903, -38.53729223149981209 ) ) ;
#1982 = CARTESIAN_POINT ( 'NONE',  ( -18.00000000000000000, -26.96475769767874908, -35.57686982298324807 ) ) ;
#1983 = EDGE_CURVE ( 'NONE', #2974, #3811, #4641, .T. ) ;
#1984 = CARTESIAN_POINT ( 'NONE',  ( -8.977545803356271392, -42.28150944764239227, 0.6354698999379911895 ) ) ;
#1985 = CARTESIAN_POINT ( 'NONE',  ( -5.973275552588114046, -37.76189206149530264, 6.732542384933317692 ) ) ;
#1986 = CARTESIAN_POINT ( 'NONE',  ( -6.156934252167650001, -41.81039601293866070, -6.571125421974501002 ) ) ;
#1987 = CARTESIAN_POINT ( 'NONE',  ( 226.6457644257074833, 10.00000000000000000, -137.7671940876994086 ) ) ;
#1988 = CARTESIAN_POINT ( 'NONE',  ( 7.401807530426878223, -41.96528358116497515, 5.120019756819295331 ) ) ;
#1989 = CARTESIAN_POINT ( 'NONE',  ( -9.000000000000000000, -38.30472699488110777, -1.718667784195345147E-09 ) ) ;
#1990 = CARTESIAN_POINT ( 'NONE',  ( -2.011414965399197285, -41.52191815949251463, -8.777300994797769818 ) ) ;
#1991 = CARTESIAN_POINT ( 'NONE',  ( 5.948552805829432799, -37.75859153987107675, -6.760369596194063746 ) ) ;
#1992 = CARTESIAN_POINT ( 'NONE',  ( 7.518085158393000178, -19.10416710236532012, 49.54583357756740014 ) ) ;
#1993 = CARTESIAN_POINT ( 'NONE',  ( -3.672029509819239923, -41.75190828326094561, 5.310640323559619347 ) ) ;
#1994 = ORIENTED_EDGE ( 'NONE', *, *, #5422, .T. ) ;
#1995 = ORIENTED_EDGE ( 'NONE', *, *, #3364, .T. ) ;
#1996 = CARTESIAN_POINT ( 'NONE',  ( 27.49358635572374610, -6.042206017375302274, -85.89403922758663157 ) ) ;
#1997 = CARTESIAN_POINT ( 'NONE',  ( -27.73244183007833641, -6.042206017375246319, -49.70959486204271371 ) ) ;
#1998 = CARTESIAN_POINT ( 'NONE',  ( -71.46669839058749574, 10.00000000000000000, -137.7671940876994086 ) ) ;
#1999 = CARTESIAN_POINT ( 'NONE',  ( -47.64127566420130933, -6.042206017375282734, -28.48542109035697223 ) ) ;
#2000 = CARTESIAN_POINT ( 'NONE',  ( 100.4489254887065499, -57.95386985700427118, 24.36668169229009706 ) ) ;
#2001 = CARTESIAN_POINT ( 'NONE',  ( -42.65509899405392957, -29.99108561764705527, -20.46898068949853666 ) ) ;
#2002 = CARTESIAN_POINT ( 'NONE',  ( -12.40508026624147853, -38.30712065866585903, 0.06271445548520823698 ) ) ;
#2003 = CARTESIAN_POINT ( 'NONE',  ( 7.343998297827809552, -42.11316998287139768, 0.3063469046311975141 ) ) ;
#2004 = EDGE_LOOP ( 'NONE', ( #2921, #3054, #1482, #5368 ) ) ;
#2005 = CARTESIAN_POINT ( 'NONE',  ( 7.986599104362640311, -19.99280893013859028, -48.75845650183669733 ) ) ;
#2006 = PERSON_AND_ORGANIZATION ( #1411, #5735 ) ;
#2007 = LOCAL_TIME ( 17, 55, 0.000000000000000000, #3919 ) ;
#2008 = CARTESIAN_POINT ( 'NONE',  ( 2.913497968444953123, -37.51423369262609953, -8.536022523244152893 ) ) ;
#2009 = CARTESIAN_POINT ( 'NONE',  ( -34.46501838304624243, -6.042206018788411903, 36.46270776850018080 ) ) ;
#2010 = CARTESIAN_POINT ( 'NONE',  ( 20.34536719873065280, -37.24753809675054583, -11.41428795664993778 ) ) ;
#2011 = CARTESIAN_POINT ( 'NONE',  ( 6.469427675811292744, -37.81978035389675341, 6.256903613195420100 ) ) ;
#2012 = VERTEX_POINT ( 'NONE', #1298 ) ;
#2013 = CARTESIAN_POINT ( 'NONE',  ( 8.416370021241579735, -38.11982767680161999, 3.189883261990897445 ) ) ;
#2014 = CARTESIAN_POINT ( 'NONE',  ( -8.995347969533279198, -42.29495517444624397, 0.3055592719177697703 ) ) ;
#2015 = CARTESIAN_POINT ( 'NONE',  ( -47.53715543443616554, 9.999999999999991118, -14.29568559494096291 ) ) ;
#2016 = CARTESIAN_POINT ( 'NONE',  ( 74.30508092214989802, -63.39640923772801528, 4.104477973339149877 ) ) ;
#2017 = DIRECTION ( 'NONE',  ( 0.000000000000000000, 1.000000000000000000, 0.000000000000000000 ) ) ;
#2018 = CARTESIAN_POINT ( 'NONE',  ( -8.984023630071726885, -42.28517783086861925, 0.5382655224542636230 ) ) ;
#2019 = CARTESIAN_POINT ( 'NONE',  ( -8.986702860783411850, -38.28234587325029281, 0.6306087959300838985 ) ) ;
#2020 = CARTESIAN_POINT ( 'NONE',  ( 4.754055218355813572, -41.67757253417741481, -7.647653562541996131 ) ) ;
#2021 = CARTESIAN_POINT ( 'NONE',  ( 15.38776788121581340, -34.82502488481265601, -30.00081737827693473 ) ) ;
#2022 = CARTESIAN_POINT ( 'NONE',  ( 8.065835027183807071, -42.06790632593482115, 3.995570511731822094 ) ) ;
#2023 = CARTESIAN_POINT ( 'NONE',  ( -8.883318497001654990, -42.24139710890890598, 1.475019117114454215 ) ) ;
#2024 = CARTESIAN_POINT ( 'NONE',  ( 1.117494964722689277, -41.48872398770927816, -9.000777874244725751 ) ) ;
#2025 = B_SPLINE_CURVE_WITH_KNOTS ( 'NONE', 3,
 ( #29, #3268, #466, #1851 ),
 .UNSPECIFIED., .F., .F.,
 ( 4, 4 ),
 ( 0.000000000000000000, 1.000000000000000000 ),
 .UNSPECIFIED. ) ;
#2026 = CARTESIAN_POINT ( 'NONE',  ( 8.531012895683245389, -38.14362886884734394, -2.882821874213921998 ) ) ;
#2027 = CARTESIAN_POINT ( 'NONE',  ( 3.671983152693320207, -41.84321739123220141, 3.031887689018485155 ) ) ;
#2028 = CARTESIAN_POINT ( 'NONE',  ( 7.343994890303441103, -42.10820886422099107, 0.9195723142456089239 ) ) ;
#2029 = ORIENTED_EDGE ( 'NONE', *, *, #2729, .T. ) ;
#2030 = VERTEX_POINT ( 'NONE', #6048 ) ;
#2031 = LINE ( 'NONE', #6046, #3453 ) ;
#2032 = CARTESIAN_POINT ( 'NONE',  ( -8.199029978727455870, -38.07695106838711752, -3.723246808500066951 ) ) ;
#2033 = CARTESIAN_POINT ( 'NONE',  ( -62.87109843381058738, -6.042206017375225890, 6.301294268364831197 ) ) ;
#2034 = AXIS2_PLACEMENT_3D ( 'NONE', #5284, #2984, #5517 ) ;
#2035 = CARTESIAN_POINT ( 'NONE',  ( 86.40000000000000568, -58.93658393131480722, 0.000000000000000000 ) ) ;
#2036 = DIRECTION ( 'NONE',  ( -0.000000000000000000, 1.000000000000000000, 0.000000000000000000 ) ) ;
#2037 = CARTESIAN_POINT ( 'NONE',  ( 5.508005109497500662, -41.97117035344019342, -0.9195008992283648652 ) ) ;
#2038 = EDGE_CURVE ( 'NONE', #1064, #1664, #3665, .T. ) ;
#2039 = ORIENTED_EDGE ( 'NONE', *, *, #1193, .F. ) ;
#2040 = CARTESIAN_POINT ( 'NONE',  ( 11.19046357284223703, -26.16889925855802090, -42.59510021363092847 ) ) ;
#2041 = AXIS2_PLACEMENT_3D ( 'NONE', #2762, #364, #5156 ) ;
#2042 = APPLICATION_PROTOCOL_DEFINITION ( 'international standard', 'config_control_design', 1994, #4260 ) ;
#2043 = CARTESIAN_POINT ( 'NONE',  ( -1.165270584567184020, -37.45422242930138879, -8.925552183616927593 ) ) ;
#2044 = CARTESIAN_POINT ( 'NONE',  ( -22.00000000000000711, -6.042206018788412791, 23.96270776850018791 ) ) ;
#2045 = CARTESIAN_POINT ( 'NONE',  ( 226.6457644257074833, 10.00000000000000000, -137.7671940876994086 ) ) ;
#2046 = CARTESIAN_POINT ( 'NONE',  ( 1.189748803868502236, -37.45225716951152606, 8.940261012696199217 ) ) ;
#2047 = ORIENTED_EDGE ( 'NONE', *, *, #4319, .T. ) ;
#2048 = CARTESIAN_POINT ( 'NONE',  ( 6.453090624936044684, -41.84431320488791073, -6.273752918461874550 ) ) ;
#2049 = CARTESIAN_POINT ( 'NONE',  ( -23.16319744807282532, -6.042206017375265859, -49.26278633055355272 ) ) ;
#2050 = CARTESIAN_POINT ( 'NONE',  ( 7.344046676544019547, -41.74793702330200063, -8.399990846906709052 ) ) ;
#2051 = CARTESIAN_POINT ( 'NONE',  ( 98.49498577765213270, -63.39640923772800818, 4.104505601404373039 ) ) ;
#2052 = CARTESIAN_POINT ( 'NONE',  ( 8.161877093218212309, -42.08442288354812177, 3.793327288172119172 ) ) ;
#2053 = CARTESIAN_POINT ( 'NONE',  ( -7.698787150378059607, -42.00898088712698808, 4.662068562005049266 ) ) ;
#2054 = FACE_OUTER_BOUND ( 'NONE', #2912, .T. ) ;
#2055 = CARTESIAN_POINT ( 'NONE',  ( -8.949429683871731100, -42.26731672399410655, -0.9567745974401231646 ) ) ;
#2056 = CARTESIAN_POINT ( 'NONE',  ( 14.71703764872910369, -33.36820399640377133, -32.67479793908982799 ) ) ;
#2057 = CARTESIAN_POINT ( 'NONE',  ( 8.283957635241028683, -42.10625223202168144, 3.518011442394521460 ) ) ;
#2058 = CARTESIAN_POINT ( 'NONE',  ( -7.151307686686621423, -41.92928521130433950, 5.496028273008924714 ) ) ;
#2059 = CARTESIAN_POINT ( 'NONE',  ( -10.99469454076684549, -38.30787736874649596, 0.08282529678604848289 ) ) ;
#2060 = CARTESIAN_POINT ( 'NONE',  ( -12.98974298341771139, -38.26818657326767692, 0.9281771661591690092 ) ) ;
#2061 = CARTESIAN_POINT ( 'NONE',  ( -2.950987610365085034E-05, -41.67149771610429809, 5.310660727850260443 ) ) ;
#2062 = CARTESIAN_POINT ( 'NONE',  ( 7.343998865180619617, -42.10617315468100230, 0.2042448726145590088 ) ) ;
#2063 = ORIENTED_EDGE ( 'NONE', *, *, #5387, .T. ) ;
#2064 = ORIENTED_EDGE ( 'NONE', *, *, #5285, .T. ) ;
#2065 = CARTESIAN_POINT ( 'NONE',  ( 166.8097526389674954, -6.042206017375335136, -66.19664933697634979 ) ) ;
#2066 = CARTESIAN_POINT ( 'NONE',  ( -9.000000000000000000, -38.30472699488110777, -1.718667784195345147E-09 ) ) ;
#2067 = B_SPLINE_SURFACE_WITH_KNOTS ( 'NONE', 5, 5, ( 
 ( #2681, #223, #4148, #282, #4501, #727, #4117, #4090, #3086 ),
 ( #192, #252, #5580, #2710, #6061, #5999, #1669, #1730, #5518 ),
 ( #3645, #1253, #2242, #2183, #3172, #5105, #787, #5015, #4620 ),
 ( #311, #6086, #3675, #5608, #1281, #2114, #4026, #3554, #5489 ),
 ( #1165, #2325, #2353, #3704, #3320, #4766, #4679, #2740, #1427 ),
 ( #1843, #3761, #5696, #6116, #1366, #1816, #3289, #6237, #5163 ),
 ( #817, #875, #342, #2825, #397, #1307, #4230, #1398, #3731 ),
 ( #5136, #5636, #3231, #4261, #5217, #903, #4651, #4293, #5249 ),
 ( #5190, #4734, #370, #2384, #427, #2271, #1338, #6174, #6205 ),
 ( #1906, #4176, #5666, #3789, #932, #1874, #846, #2298, #5726 ),
 ( #2858, #457, #3817, #5757, #4201, #1788, #6146, #2796, #2769 ),
 ( #3261, #4706, #1054, #2511, #1457, #3381, #3852, #2003, #5311 ),
 ( #991, #2072, #556, #589, #1939, #1556, #3012, #2919, #960 ),
 ( #3477, #82, #4325, #2889, #50, #4459, #5817, #151, #2981 ),
 ( #2479, #4832, #4392, #5409, #2417, #3984, #3410, #3915, #1971 ),
 ( #5919, #519, #2446, #5344, #17, #3348, #4360, #1019, #1488 ),
 ( #5851, #3442, #2947, #5787, #3884, #5280, #4799, #4866, #1521 ),
 ( #624, #489, #5376, #4901, #4426, #116, #2037, #3950, #5886 ),
 ( #1089, #4937, #2545, #5483, #4528, #1189, #658, #751, #1724 ),
 ( #1158, #2178, #5445, #3580, #2207, #2705, #1123, #4143, #2144 ),
 ( #6053, #4559, #1663, #248, #3080, #5097, #3608, #3046, #4054 ),
 ( #2674, #3640, #5068, #5956, #4615, #4971, #2108, #1591, #4019 ),
 ( #5992, #3167, #4112, #782, #2580, #4493, #3511, #184, #5574 ),
 ( #1694, #276, #5008, #1627, #5542, #4589, #3546, #693, #2615 ),
 ( #218, #5513, #3111, #306, #5039, #1247, #723, #2235, #2645 ),
 ( #4085, #6023, #1216, #3139, #811, #5603, #2763, #926, #2293 ),
 ( #3754, #1360, #5185, #3698, #868, #1864, #5131, #2848, #6140 ) ),
 .UNSPECIFIED., .F., .F., .F.,
 ( 6, 3, 3, 3, 3, 3, 3, 3, 6 ),
 ( 6, 3, 6 ),
 ( -9.180021338060340597, -5.280072925847080434, -1.533063524059694815, -0.5105101600910710857, 3.552713678800500140E-15, 0.5105101600910760817, 1.533063524059699922, 5.280072925847080434, 9.180021338060329938 ),
 ( -9.179999999999569837, -1.776356839400250070E-15, 9.179999999999560956 ),
 .UNSPECIFIED. ) ;
#2068 = CARTESIAN_POINT ( 'NONE',  ( -63.53859668664014748, -6.042206017375227667, 3.723643908253804202 ) ) ;
#2069 = CARTESIAN_POINT ( 'NONE',  ( 117.9131557670229995, -56.13001623236039705, 1.387778780781445991E-14 ) ) ;
#2070 = CARTESIAN_POINT ( 'NONE',  ( 18.28405919940597002, -41.46660063039097821, 9.153084750286165416 ) ) ;
#2071 = FACE_OUTER_BOUND ( 'NONE', #3088, .T. ) ;
#2072 = CARTESIAN_POINT ( 'NONE',  ( -7.344001134591909619, -42.10616211114324869, 0.2041632554519854925 ) ) ;
#2073 = EDGE_LOOP ( 'NONE', ( #3039, #6232, #5660, #2355, #3641 ) ) ;
#2074 = CARTESIAN_POINT ( 'NONE',  ( 6.886001133296709042, -17.91497862139906161, -50.52703835337772631 ) ) ;
#2075 = EDGE_CURVE ( 'NONE', #617, #1159, #4442, .T. ) ;
#2076 = B_SPLINE_CURVE_WITH_KNOTS ( 'NONE', 3,
 ( #5829, #2524, #3392, #1532, #2016, #2460, #3996, #4507, #4470, #1952, #3864, #5799, #4984, #1500, #2084, #1100, #1470, #3422, #3026, #5322, #601, #5933, #1001, #3454, #2930, #637, #129, #2556, #4842, #2051, #2490, #4947, #1568, #535 ),
 .UNSPECIFIED., .F., .F.,
 ( 4, 2, 2, 2, 2, 2, 2, 2, 2, 2, 2, 2, 2, 2, 2, 2, 4 ),
 ( 0.000000000000000000, 0.06250000000000000000, 0.1250000000000000000, 0.1875000000000000000, 0.2500000000000000000, 0.3125000000000000000, 0.3750000000000000000, 0.4375000000000000000, 0.5000000000000000000, 0.5625000000000000000, 0.6250000000000000000, 0.6875000000000000000, 0.7500000000000000000, 0.8125000000000000000, 0.8750000000000000000, 0.9375000000000000000, 1.000000000000000000 ),
 .UNSPECIFIED. ) ;
#2077 = CARTESIAN_POINT ( 'NONE',  ( 12.33100937268233288, -38.03835134023579911, 4.204032023414578489 ) ) ;
#2078 = CARTESIAN_POINT ( 'NONE',  ( 226.6457644257074833, 10.00000000000000000, -137.7671940876994086 ) ) ;
#2079 = CARTESIAN_POINT ( 'NONE',  ( 20.34536719873065280, -6.042206017372989457, -53.98290812280549744 ) ) ;
#2080 = CARTESIAN_POINT ( 'NONE',  ( -8.492535219410699554, -38.13528054339133888, 2.993806676736948447 ) ) ;
#2081 = ORIENTED_EDGE ( 'NONE', *, *, #165, .F. ) ;
#2082 = CARTESIAN_POINT ( 'NONE',  ( 8.848755923786193023, -42.23171565836334196, -1.643727126498598201 ) ) ;
#2083 = CARTESIAN_POINT ( 'NONE',  ( -53.58330569984575931, -4.801047859443565713, -15.42164038722743058 ) ) ;
#2084 = CARTESIAN_POINT ( 'NONE',  ( 83.09317169879805931, -63.39640923772800818, 12.33688346056971064 ) ) ;
#2085 = ADVANCED_FACE ( 'NONE', ( #2231, #6106 ), #1807, .T. ) ;
#2086 = CARTESIAN_POINT ( 'NONE',  ( 8.823443876106905392, -42.22437468449595599, 1.774025090430470852 ) ) ;
#2087 = CARTESIAN_POINT ( 'NONE',  ( -8.415313772243719015, -42.13106220959812021, 3.192686764918161835 ) ) ;
#2088 = CARTESIAN_POINT ( 'NONE',  ( -71.46669839058749574, -6.042206017375160165, 137.9613978004092019 ) ) ;
#2089 = CARTESIAN_POINT ( 'NONE',  ( 7.151307686836416266, -41.92928521132387232, -5.496028272827305550 ) ) ;
#2090 = CARTESIAN_POINT ( 'NONE',  ( 10.80188599223383150, -25.40607446155304316, -43.44831461825565810 ) ) ;
#2091 = CARTESIAN_POINT ( 'NONE',  ( 8.961785352862712273, -42.27331523742751074, 0.8303418620148990126 ) ) ;
#2092 = CARTESIAN_POINT ( 'NONE',  ( 185.3328331859785010, -6.042206017371060334, 1.387778780781449935E-14 ) ) ;
#2093 = CARTESIAN_POINT ( 'NONE',  ( -10.97311852334446591, -38.30789615478200716, 0.08332572360110071519 ) ) ;
#2094 = CARTESIAN_POINT ( 'NONE',  ( -12.69941411996315495, -38.15530522800185764, 2.716393203316607163 ) ) ;
#2095 = AXIS2_PLACEMENT_3D ( 'NONE', #1597, #4500, #4941 ) ;
#2096 = CARTESIAN_POINT ( 'NONE',  ( -3.672021011412390123, -41.81617290905060003, 3.781248760783105123 ) ) ;
#2097 = CARTESIAN_POINT ( 'NONE',  ( 5.508001134620309713, -41.97551094644109781, -0.2041734575973165045 ) ) ;
#2098 = CARTESIAN_POINT ( 'NONE',  ( 15.32359231327926707, -28.21126938818259688, 33.39418175057995342 ) ) ;
#2099 = ORIENTED_EDGE ( 'NONE', *, *, #3364, .F. ) ;
#2100 = ORIENTED_EDGE ( 'NONE', *, *, #1745, .F. ) ;
#2101 = CARTESIAN_POINT ( 'NONE',  ( -7.343948989041109598, -41.69036013678054786, -9.180062146499889053 ) ) ;
#2102 = CARTESIAN_POINT ( 'NONE',  ( 20.13201909064075323, -38.30748449334880235, -0.07350728171799320032 ) ) ;
#2103 = CARTESIAN_POINT ( 'NONE',  ( -63.78457947537187778, -6.042206017375232108, -2.260913941997169996 ) ) ;
#2104 = CARTESIAN_POINT ( 'NONE',  ( 117.0212516675358643, -47.26221975847412438, 53.10999001326837998 ) ) ;
#2105 = CARTESIAN_POINT ( 'NONE',  ( 13.97727348494129984, -31.80723806658114583, 35.17404320116596494 ) ) ;
#2106 = EDGE_CURVE ( 'NONE', #1046, #4226, #1242, .T. ) ;
#2107 = CARTESIAN_POINT ( 'NONE',  ( -18.00000000000000000, -15.84325058705650058, 47.33309916941549744 ) ) ;
#2108 = CARTESIAN_POINT ( 'NONE',  ( 5.508021011383919863, -41.90336651180879102, -3.781238558637785019 ) ) ;
#2109 = VERTEX_POINT ( 'NONE', #4192 ) ;
#2110 = ORIENTED_EDGE ( 'NONE', *, *, #314, .T. ) ;
#2111 = CARTESIAN_POINT ( 'NONE',  ( 6.594439258301299844, -17.36735170422222296, -50.97116147773513717 ) ) ;
#2112 = CARTESIAN_POINT ( 'NONE',  ( 8.431448504409047473, -38.12247083014488425, -3.161887341079204994 ) ) ;
#2113 = CARTESIAN_POINT ( 'NONE',  ( 226.6457644257073980, -6.042206017375249871, 137.9613978004091734 ) ) ;
#2114 = CARTESIAN_POINT ( 'NONE',  ( 3.671961991660179780, -41.66660398504500051, 6.840072694917419760 ) ) ;
#2115 = CARTESIAN_POINT ( 'NONE',  ( -7.581570385253500355, -37.97275094390830219, 4.858036793248285967 ) ) ;
#2116 = ORIENTED_EDGE ( 'NONE', *, *, #6058, .T. ) ;
#2117 = CARTESIAN_POINT ( 'NONE',  ( 7.490329793276355730, -41.97814419647734496, -4.989495827806873507 ) ) ;
#2118 = CARTESIAN_POINT ( 'NONE',  ( -22.00000000000000711, -6.042206018788412791, 23.96270776850018791 ) ) ;
#2119 = EDGE_CURVE ( 'NONE', #1116, #4028, #5129, .T. ) ;
#2120 = CARTESIAN_POINT ( 'NONE',  ( 179.0824426214868765, -13.94371515320614918, 54.74696621714786460 ) ) ;
#2121 =( BOUNDED_CURVE ( )  B_SPLINE_CURVE ( 3, ( #5983, #5625, #2169, #5061, #2229, #1656, #3105 ),
 .UNSPECIFIED., .F., .F. ) 
 B_SPLINE_CURVE_WITH_KNOTS ( ( 4, 3, 4 ),
 ( 0.000000000000000000, 0.1562129473376817068, 0.2523827344788291405 ),
 .UNSPECIFIED. ) 
 CURVE ( )  GEOMETRIC_REPRESENTATION_ITEM ( )  RATIONAL_B_SPLINE_CURVE ( ( 1.000000000000000000, 0.8022468501230819449, 0.8022468501230819449, 1.000000000000000000, 0.8782567088434471980, 0.8314625598414141505, 0.8596175529939008575 ) ) 
 REPRESENTATION_ITEM ( '' )  );
#2122 = CARTESIAN_POINT ( 'NONE',  ( 8.942737623302265959, -42.26447269255783112, 1.014817396753398437 ) ) ;
#2123 = CARTESIAN_POINT ( 'NONE',  ( -8.940946303301737785, -42.26331491166955345, 1.040389536922838198 ) ) ;
#2124 = CARTESIAN_POINT ( 'NONE',  ( 8.999999999999991118, -40.97387435108509379, -1.888183232402019824E-14 ) ) ;
#2125 = EDGE_CURVE ( 'NONE', #4590, #4467, #1751, .T. ) ;
#2126 = CARTESIAN_POINT ( 'NONE',  ( -8.980863916448589279, -42.28337929619871716, -0.5991224933487614424 ) ) ;
#2127 = CARTESIAN_POINT ( 'NONE',  ( 12.91276777472409876, -29.61142844790214212, -38.34590838895240950 ) ) ;
#2128 = CARTESIAN_POINT ( 'NONE',  ( 4.349351077184354430, -41.64531798461802481, 7.901198083154197249 ) ) ;
#2129 = CARTESIAN_POINT ( 'NONE',  ( -11.51018878249369060, -38.30198186976232932, 0.05472197067475440685 ) ) ;
#2130 = CARTESIAN_POINT ( 'NONE',  ( -8.754092606669658494, -42.20569279255263240, -2.090651968283549600 ) ) ;
#2131 = CARTESIAN_POINT ( 'NONE',  ( -3.709229644992686925, -37.56285541153319940, -8.205419755512952662 ) ) ;
#2132 = CARTESIAN_POINT ( 'NONE',  ( -5.508016847164520335, -41.92984125614904656, 3.031836678291874865 ) ) ;
#2133 = CARTESIAN_POINT ( 'NONE',  ( 3.671996594122490354, -41.88853499550050685, 0.6129392051477599024 ) ) ;
#2134 = CARTESIAN_POINT ( 'NONE',  ( 18.71838712663621251, -35.54178328715935464, 17.52198456452789443 ) ) ;
#2135 = ORIENTED_EDGE ( 'NONE', *, *, #4292, .F. ) ;
#2136 = VERTEX_POINT ( 'NONE', #2261 ) ;
#2137 = CARTESIAN_POINT ( 'NONE',  ( -22.00000000000000000, -41.35711783730872071, 25.84158720024530709 ) ) ;
#2138 = CARTESIAN_POINT ( 'NONE',  ( 15.32359231327926707, -28.21126938818259688, 33.39418175057995342 ) ) ;
#2139 = CARTESIAN_POINT ( 'NONE',  ( -27.48706490186448193, -6.042206017375219673, 47.75248706468540405 ) ) ;
#2140 = CARTESIAN_POINT ( 'NONE',  ( 62.18813599872329689, -57.95386985700420013, -0.5104959647316559268 ) ) ;
#2141 = CARTESIAN_POINT ( 'NONE',  ( 16.06498078849581645, -36.33254924371750860, 26.87810232984552528 ) ) ;
#2142 = EDGE_CURVE ( 'NONE', #549, #1812, #2867, .T. ) ;
#2143 = CARTESIAN_POINT ( 'NONE',  ( 18.02026632435244835, -33.94952574078676832, -22.25265600808675970 ) ) ;
#2144 = CARTESIAN_POINT ( 'NONE',  ( 9.180011546478818119, -42.24575990172670004, -2.077903720864759940 ) ) ;
#2145 = ORIENTED_EDGE ( 'NONE', *, *, #4383, .T. ) ;
#2146 = VERTEX_POINT ( 'NONE', #5500 ) ;
#2147 = CARTESIAN_POINT ( 'NONE',  ( 9.984590347950939915, -23.81583452566293602, -45.13551838544153583 ) ) ;
#2148 = CARTESIAN_POINT ( 'NONE',  ( 20.34536719873065280, -26.96475769767874908, -35.57686982298324807 ) ) ;
#2149 = CARTESIAN_POINT ( 'NONE',  ( 17.01964974513821005, -31.73957597865921443, -27.38337647850489986 ) ) ;
#2150 = VERTEX_POINT ( 'NONE', #2193 ) ;
#2151 = CARTESIAN_POINT ( 'NONE',  ( 8.831597035906884940, -42.22670491156953432, -1.732981149790616904 ) ) ;
#2152 = VECTOR ( 'NONE', #5266, 1000.000000000000000 ) ;
#2153 = CARTESIAN_POINT ( 'NONE',  ( -36.20942603661067238, -6.042206018788410127, 42.71270776850018791 ) ) ;
#2154 = B_SPLINE_CURVE_WITH_KNOTS ( 'NONE', 3,
 ( #6219, #98, #2429, #1003, #1921, #569, #5229, #1441, #3362, #4341, #1887, #2018, #4845, #1984, #5832, #942, #1502, #2492, #4406, #5740, #3929, #5867, #4745, #915, #437, #2365, #1408, #3331, #2123, #5390, #706, #1136, #3561, #2156, #4034, #199, #4440, #2594, #5525, #2526, #4571, #2087, #2994, #2558, #1641, #4067, #4987, #6035, #672, #5970, #1172, #2053, #4914, #4472, #163, #5496, #3457, #3998, #3093, #5935, #5021, #3061, #1608, #1103, #732, #605, #3963, #4509, #2626, #3526, #4540, #229, #3028, #1199, #4949, #5460, #6005, #1676, #3591, #3122, #5049, #1070, #2656, #131, #258, #2189, #5900, #4095, #1570, #3492, #5424, #639, #3623, #5637, #1308, #1706, #3232, #371, #5164, #847, #2770, #4680, #2299, #4202, #4985, #5865, #4033, #3997, #3928, #638, #3525, #4948, #5830, #4508, #4755, #1895, #1385, #3897, #4471, #1533, #3060, #2052, #603, #671, #1034, #2557, #2961, #3456, #1501, #162, #2525, #3961, #3027, #1069, #5389, #198, #2086, #1569, #3423, #5357, #5934, #2122, #4913, #1606, #6228, #5459, #1135, #4880, #5239, #3310, #2593, #4439, #2375, #924, #4404, #2846, #2993, #446, #5423 ),
 .UNSPECIFIED., .F., .F.,
 ( 4, 2, 1, 2, 2, 2, 1, 1, 1, 1, 2, 2, 2, 2, 1, 1, 2, 2, 2, 1, 1, 2, 2, 2, 2, 1, 1, 1, 2, 2, 2, 2, 1, 1, 1, 2, 2, 2, 1, 1, 1, 1, 2, 2, 2, 2, 2, 1, 1, 1, 2, 2, 2, 2, 2, 1, 1, 1, 1, 1, 2, 2, 2, 2, 2, 1, 1, 1, 2, 2, 2, 1, 1, 2, 2, 2, 2, 1, 1, 2, 2, 2, 2, 1, 1, 2, 2, 2, 1, 1, 1, 1, 2, 2, 2, 1, 1, 1, 2, 2, 4 ),
 ( 0.000000000000000000, 0.003906250000000059848, 0.005859375000000087604, 0.006835937500000089338, 0.007812500000000090206, 0.01562500000000019429, 0.01953125000000023245, 0.02148437500000025674, 0.02246093750000027409, 0.02294921875000028796, 0.02319335937500028103, 0.02343750000000027409, 0.02734375000000020123, 0.02929687500000015266, 0.03027343750000013878, 0.03076171875000014225, 0.03100585937500014225, 0.03125000000000013878, 0.04687500000000003469, 0.05468749999999997918, 0.05859374999999993061, 0.06054687499999993061, 0.06249999999999992367, 0.09374999999999963918, 0.1093749999999995143, 0.1171874999999994588, 0.1210937499999994033, 0.1230468749999993616, 0.1240234374999994033, 0.1249999999999994449, 0.1562500000000009159, 0.1718750000000016931, 0.1796875000000020817, 0.1835937500000023592, 0.1855468750000024980, 0.1865234375000026090, 0.1875000000000026923, 0.2187500000000060785, 0.2343750000000077161, 0.2421875000000085487, 0.2460937500000089651, 0.2480468750000091593, 0.2490234375000091871, 0.2500000000000092149, 0.3125000000000122125, 0.3437500000000136557, 0.3593750000000143774, 0.3671875000000147105, 0.3710937500000149325, 0.3730468750000150435, 0.3740234375000150435, 0.3750000000000150990, 0.5000000000000192069, 0.5625000000000213163, 0.5937500000000223155, 0.6093750000000228706, 0.6171875000000230926, 0.6210937500000233147, 0.6230468750000233147, 0.6240234375000233147, 0.6245117187500233147, 0.6250000000000233147, 0.6875000000000182077, 0.7187500000000156541, 0.7343750000000144329, 0.7421875000000138778, 0.7460937500000136557, 0.7480468750000135447, 0.7490234375000134337, 0.7500000000000134337, 0.7812500000000121014, 0.7968750000000114353, 0.8046875000000109912, 0.8085937500000108802, 0.8125000000000106581, 0.8437500000000091038, 0.8593750000000085487, 0.8671875000000082157, 0.8710937500000081046, 0.8730468750000079936, 0.8750000000000079936, 0.9062500000000063283, 0.9218750000000054401, 0.9296875000000049960, 0.9335937500000047740, 0.9355468750000045519, 0.9375000000000043299, 0.9531250000000028866, 0.9609375000000021094, 0.9648437500000016653, 0.9667968750000014433, 0.9677734375000014433, 0.9682617187500014433, 0.9687500000000014433, 0.9765625000000009992, 0.9804687500000007772, 0.9824218750000007772, 0.9833984375000006661, 0.9838867187500006661, 0.9843750000000006661, 1.000000000000000000 ),
 .UNSPECIFIED. ) ;
#2155 = CARTESIAN_POINT ( 'NONE',  ( -2.950402707485718867, -41.56080007249801156, -8.505049559671700621 ) ) ;
#2156 = CARTESIAN_POINT ( 'NONE',  ( -8.838519512636104025, -42.22871349447374456, 1.697322213048348294 ) ) ;
#2157 = CARTESIAN_POINT ( 'NONE',  ( -63.86703993366062093, -6.042206017375206351, -0.5911226955407464789 ) ) ;
#2158 = VECTOR ( 'NONE', #5816, 1000.000000000000000 ) ;
#2159 = CARTESIAN_POINT ( 'NONE',  ( 117.9131557670225163, -56.13001623236052495, -63.02631153404517761 ) ) ;
#2160 = CARTESIAN_POINT ( 'NONE',  ( -69.00494608707319344, 10.00000000000000000, -8.511434807347109555 ) ) ;
#2161 = FACE_OUTER_BOUND ( 'NONE', #5273, .T. ) ;
#2162 = CARTESIAN_POINT ( 'NONE',  ( 8.941583322736942563, -42.26380652048655406, 1.027662312989357840 ) ) ;
#2163 = AXIS2_PLACEMENT_3D ( 'NONE', #4339, #4212, #670 ) ;
#2164 = CARTESIAN_POINT ( 'NONE',  ( -22.00000000000000355, -6.042206018788409239, -51.03729223149981209 ) ) ;
#2165 = CARTESIAN_POINT ( 'NONE',  ( -3.672011546564145412, -41.86434211302900366, 2.077934327300719808 ) ) ;
#2166 = CARTESIAN_POINT ( 'NONE',  ( -1.134705643865839777E-06, -41.79338277993004880, 0.2042040640332719870 ) ) ;
#2167 = CARTESIAN_POINT ( 'NONE',  ( -3.671948989097970184, -41.51274014766394771, -9.180041742209249733 ) ) ;
#2168 = VERTEX_POINT ( 'NONE', #2251 ) ;
#2169 = CARTESIAN_POINT ( 'NONE',  ( 143.7929854930261513, -6.042206017417952602, 99.54331454053081529 ) ) ;
#2170 = CARTESIAN_POINT ( 'NONE',  ( 86.40000000000000568, -64.66763823405520384, 0.000000000000000000 ) ) ;
#2171 = VECTOR ( 'NONE', #2555, 1000.000000000000000 ) ;
#2172 = CARTESIAN_POINT ( 'NONE',  ( 22.32986575890220848, -39.92365077371959359, -1.569265696386032736E-14 ) ) ;
#2173 = CARTESIAN_POINT ( 'NONE',  ( -7.343983152636480050, -42.05000831274159623, -3.031908093309129804 ) ) ;
#2174 = CARTESIAN_POINT ( 'NONE',  ( 6.614058164611183344, -37.06233964856460972, 11.19536308315585416 ) ) ;
#2175 = CARTESIAN_POINT ( 'NONE',  ( 16.01052665774345130, -36.20980144436249049, 27.14862931531929746 ) ) ;
#2176 = ADVANCED_FACE ( 'NONE', ( #1262 ), #291, .T. ) ;
#2177 = CARTESIAN_POINT ( 'NONE',  ( -4.259443137613194708, -6.042206017373009885, 53.98290812280549744 ) ) ;
#2178 = CARTESIAN_POINT ( 'NONE',  ( -7.343988453265300365, -42.08122616269734806, -2.077995540172655087 ) ) ;
#2179 = EDGE_LOOP ( 'NONE', ( #450, #3502, #1125, #1388 ) ) ;
#2180 = CARTESIAN_POINT ( 'NONE',  ( 3.672001702001565171, -41.89111615312410208, -0.3062856917592760020 ) ) ;
#2181 = CARTESIAN_POINT ( 'NONE',  ( -22.00000000000000711, -6.042206018788408350, -13.53729223149981564 ) ) ;
#2182 = DIRECTION ( 'NONE',  ( -0.000000000000000000, -1.000000000000000000, -0.000000000000000000 ) ) ;
#2183 = CARTESIAN_POINT ( 'NONE',  ( -3.672042342413504912, -41.61891558214599485, 7.620021568766750519 ) ) ;
#2184 = CARTESIAN_POINT ( 'NONE',  ( -7.400709244288103505, -37.94517971059287476, 5.121597807642143785 ) ) ;
#2185 = ORIENTED_EDGE ( 'NONE', *, *, #6172, .T. ) ;
#2186 = CARTESIAN_POINT ( 'NONE',  ( 8.578991603917597075, -42.16459990295001603, -2.724411918281784306 ) ) ;
#2187 = CARTESIAN_POINT ( 'NONE',  ( 10.95479552364282050, -38.30638237426254733, 0.01622593985723659593 ) ) ;
#2188 = CARTESIAN_POINT ( 'NONE',  ( -3.419865594552073063, -41.58602837711959666, -8.324943336435916663 ) ) ;
#2189 = CARTESIAN_POINT ( 'NONE',  ( 2.011414967698742284, -41.52191815942261144, 8.777300994269539913 ) ) ;
#2190 = CARTESIAN_POINT ( 'NONE',  ( -71.46669839058749574, 4.652597994208283794, 137.9613978004090882 ) ) ;
#2191 = CARTESIAN_POINT ( 'NONE',  ( -71.46669839058749574, 10.00000000000000000, -137.7671940876994086 ) ) ;
#2192 = CARTESIAN_POINT ( 'NONE',  ( -69.00494608707319344, -10.65509899405392957, -8.511434807347109555 ) ) ;
#2193 = CARTESIAN_POINT ( 'NONE',  ( 0.4875835940438230098, -6.042206017374079252, -58.61996200337879515 ) ) ;
#2194 = CARTESIAN_POINT ( 'NONE',  ( 6.156934252135822128, -41.81039601293612407, 6.571125421993015969 ) ) ;
#2195 = EDGE_CURVE ( 'NONE', #4590, #481, #5342, .T. ) ;
#2196 = LINE ( 'NONE', #740, #2703 ) ;
#2197 = CARTESIAN_POINT ( 'NONE',  ( -1.597721699578914989E-14, -41.80288240122314392, -4.550409309681740226E-15 ) ) ;
#2198 = CARTESIAN_POINT ( 'NONE',  ( -5.508001701973160635, -41.96944799637174839, 0.3062754896139460170 ) ) ;
#2199 = CARTESIAN_POINT ( 'NONE',  ( 5.101084516543970309E-05, -41.43984812867625322, -9.180021337918599755 ) ) ;
#2200 = PLANE ( 'NONE',  #600 ) ;
#2201 = CARTESIAN_POINT ( 'NONE',  ( 73.65500000000000114, -58.25464714294840007, 2.829958489769524085E-14 ) ) ;
#2202 = CARTESIAN_POINT ( 'NONE',  ( 20.36082540615130299, -34.34959553575265545, 21.81000826438560125 ) ) ;
#2203 = CARTESIAN_POINT ( 'NONE',  ( -8.976378501123623010, -42.28095693146429568, 0.6516645347176460712 ) ) ;
#2204 = CARTESIAN_POINT ( 'NONE',  ( 1.729555021497223288, -36.71785794455834662, 12.89154612343360284 ) ) ;
#2205 = CARTESIAN_POINT ( 'NONE',  ( 10.31595953203764893, -24.45572194518910791, 44.48894639562605136 ) ) ;
#2206 = CARTESIAN_POINT ( 'NONE',  ( 20.36082540615130299, -38.31026286157670313, -0.1470188481355378107 ) ) ;
#2207 = CARTESIAN_POINT ( 'NONE',  ( 1.154662097816547910E-05, -41.78218312152495173, -2.077954731591369786 ) ) ;
#2208 = VERTEX_POINT ( 'NONE', #1769 ) ;
#2209 = CARTESIAN_POINT ( 'NONE',  ( -5.508001701973160635, -41.96944799637174839, 0.3062754896139460170 ) ) ;
#2210 = CARTESIAN_POINT ( 'NONE',  ( 185.3328331859785010, -6.042206017371060334, 1.387778780781449935E-14 ) ) ;
#2211 = LINE ( 'NONE', #872, #845 ) ;
#2212 = CARTESIAN_POINT ( 'NONE',  ( 20.34536719873065280, -38.09024766049640220, -5.834977158582510093 ) ) ;
#2213 = CARTESIAN_POINT ( 'NONE',  ( 17.78795901344748387, -33.42888436595161750, -23.55568611084970243 ) ) ;
#2214 = VERTEX_POINT ( 'NONE', #3182 ) ;
#2215 = CARTESIAN_POINT ( 'NONE',  ( 5.383077264295460296, -41.73009153729311294, -7.236683521414046361 ) ) ;
#2216 = CARTESIAN_POINT ( 'NONE',  ( 4.032370307847720881, -41.62429543695446910, -8.047270877850257520 ) ) ;
#2217 = EDGE_CURVE ( 'NONE', #3038, #3811, #5644, .T. ) ;
#2218 = CARTESIAN_POINT ( 'NONE',  ( -33.78306536391283288, -6.042206017375270299, -45.58048747119148203 ) ) ;
#2219 = OPEN_SHELL ( 'NONE', ( #4916 ) ) ;
#2220 = CARTESIAN_POINT ( 'NONE',  ( -12.53283318597851981, -6.042206017371019477, -2.423155549835754631E-14 ) ) ;
#2221 = CARTESIAN_POINT ( 'NONE',  ( 226.6457644257074833, -6.042206017375351124, -137.7671940876994086 ) ) ;
#2222 = CARTESIAN_POINT ( 'NONE',  ( -10.36228150911853341, -38.31026286157670313, 8.031521729330220793 ) ) ;
#2223 = CARTESIAN_POINT ( 'NONE',  ( 0.5974324345150913151, -41.48890415499094786, 8.999546381519177629 ) ) ;
#2224 = PLANE ( 'NONE',  #4238 ) ;
#2225 = CARTESIAN_POINT ( 'NONE',  ( 9.180001701916260970, -42.31469916670599929, -0.3062550853233114712 ) ) ;
#2226 = CARTESIAN_POINT ( 'NONE',  ( 9.180021011327060165, -42.16513681420755688, -3.781218154347145255 ) ) ;
#2227 = CARTESIAN_POINT ( 'NONE',  ( 86.40000000000000568, -64.66763823405520384, 0.000000000000000000 ) ) ;
#2228 = CARTESIAN_POINT ( 'NONE',  ( -22.00000000000000000, -6.042206018789235245, -58.61996200176569971 ) ) ;
#2229 = CARTESIAN_POINT ( 'NONE',  ( 52.49572030001687750, -6.042206017417941055, 98.58094116114641281 ) ) ;
#2230 = CARTESIAN_POINT ( 'NONE',  ( 12.14492724165227600, -37.99956238546276666, 4.585619700227799633 ) ) ;
#2231 = FACE_BOUND ( 'NONE', #3450, .T. ) ;
#2232 = CARTESIAN_POINT ( 'NONE',  ( -12.06508163343885265, -37.97348114495279248, 4.845547133462899225 ) ) ;
#2233 = CARTESIAN_POINT ( 'NONE',  ( 11.50748973336669323, -26.79439861089523234, 41.87547361559011705 ) ) ;
#2234 = CARTESIAN_POINT ( 'NONE',  ( 15.72971308943771263, -35.57771439200543284, 28.53165327881884750 ) ) ;
#2235 = CARTESIAN_POINT ( 'NONE',  ( 7.344042342356609687, -41.80212089860880553, -7.620001164476099653 ) ) ;
#2236 = EDGE_LOOP ( 'NONE', ( #2100, #52, #6167, #158, #597 ) ) ;
#2237 = CARTESIAN_POINT ( 'NONE',  ( 7.343999999886249519, -42.08584460787654535, 4.080858128201899867E-05 ) ) ;
#2238 = CARTESIAN_POINT ( 'NONE',  ( -22.00000000000000000, -6.042206018788403910, -1.037292231499814976 ) ) ;
#2239 = CARTESIAN_POINT ( 'NONE',  ( -10.78209105370023124, -38.30785244987981031, 0.08148052098803455767 ) ) ;
#2240 = B_SPLINE_CURVE_WITH_KNOTS ( 'NONE', 3,
 ( #3290, #312, #6117, #6147 ),
 .UNSPECIFIED., .F., .F.,
 ( 4, 4 ),
 ( 0.000000000000000000, 0.03934900431918374880 ),
 .UNSPECIFIED. ) ;
#2241 = EDGE_CURVE ( 'NONE', #75, #210, #615, .T. ) ;
#2242 = CARTESIAN_POINT ( 'NONE',  ( -5.508042342385069290, -41.69806081896500416, 7.620011366621420201 ) ) ;
#2243 = CARTESIAN_POINT ( 'NONE',  ( -71.46669839058749574, 10.00000000000000000, 137.9613978004092019 ) ) ;
#2244 = ORIENTED_EDGE ( 'NONE', *, *, #2125, .F. ) ;
#2245 = FACE_OUTER_BOUND ( 'NONE', #194, .T. ) ;
#2246 = B_SPLINE_CURVE_WITH_KNOTS ( 'NONE', 3,
 ( #3386, #3353, #964, #5670, #4298, #907, #2894, #6243, #374, #937, #495, #2864, #1912, #4772, #2829, #5762, #5256, #5222, #4332, #3264, #401, #4740, #3822, #4805, #2799, #23, #4234, #5733, #1946, #1342, #3858, #5793, #3324, #3765, #6149, #4709, #1463, #5316, #2358, #5194, #996, #3735, #2924, #1819, #878, #6179, #5700, #432, #1371, #3293, #4267, #1880, #3795, #1402, #121, #1092, #3517, #1525, #4977, #4499, #628, #3481, #2951, #3018, #560, #4940, #55, #5855, #190, #5414, #5890, #2077, #2483, #3446, #4430, #3889 ),
 .UNSPECIFIED., .F., .F.,
 ( 4, 1, 1, 2, 2, 1, 2, 2, 2, 2, 2, 2, 2, 1, 2, 2, 2, 2, 2, 1, 2, 2, 2, 2, 2, 2, 2, 2, 2, 2, 1, 2, 2, 2, 2, 2, 2, 2, 2, 2, 4 ),
 ( 0.000000000000000000, 0.03124999999999950040, 0.04687499999999925060, 0.05468749999999913958, 0.06249999999999902855, 0.09374999999999866773, 0.1093749999999985428, 0.1249999999999984179, 0.1874999999999978906, 0.2187499999999976685, 0.2343749999999976408, 0.2499999999999976130, 0.2812499999999975575, 0.2968749999999975020, 0.3046874999999975020, 0.3124999999999975020, 0.3437499999999977240, 0.3749999999999979461, 0.4062499999999981126, 0.4218749999999981126, 0.4296874999999981126, 0.4374999999999981126, 0.4687499999999983347, 0.4999999999999985567, 0.5312499999999986677, 0.5624999999999988898, 0.5937499999999990008, 0.6093749999999991118, 0.6249999999999992228, 0.6562499999999993339, 0.6718749999999994449, 0.6796874999999994449, 0.6874999999999994449, 0.7500000000000000000, 0.7812500000000002220, 0.7968750000000003331, 0.8125000000000003331, 0.8437500000000002220, 0.8750000000000002220, 0.9375000000000001110, 1.000000000000000000 ),
 .UNSPECIFIED. ) ;
#2247 = CARTESIAN_POINT ( 'NONE',  ( -8.880211729521489517, -42.24124126650249877, -1.470846183091591985 ) ) ;
#2248 = CARTESIAN_POINT ( 'NONE',  ( -3.326287981067786337, -41.58072984647842674, -8.362917798917514745 ) ) ;
#2249 = CARTESIAN_POINT ( 'NONE',  ( 190.4059769339629895, -6.042206017373039195, 1.869838746202804954E-14 ) ) ;
#2250 = CARTESIAN_POINT ( 'NONE',  ( 0.1227619990085692114, -20.95902901126225260, -2.113182867143769694E-14 ) ) ;
#2251 = CARTESIAN_POINT ( 'NONE',  ( -18.00000000000000000, -6.042206017372999227, 53.98290812280559692 ) ) ;
#2252 = CARTESIAN_POINT ( 'NONE',  ( -23.16319744807282532, -6.042206017375265859, -49.26278633055355272 ) ) ;
#2253 = CARTESIAN_POINT ( 'NONE',  ( -36.66631066811986273, -6.042206018788409239, -44.78729223149981920 ) ) ;
#2254 = CARTESIAN_POINT ( 'NONE',  ( 9.179998865152189325, -42.32168879929979965, 0.2042550747598805283 ) ) ;
#2255 = CARTESIAN_POINT ( 'NONE',  ( -7.343988453265300365, -42.08122616269734806, -2.077995540172655087 ) ) ;
#2256 = CARTESIAN_POINT ( 'NONE',  ( -2.657880503321209176, -37.50429804910606180, 8.599890061988839207 ) ) ;
#2257 = CARTESIAN_POINT ( 'NONE',  ( 0.4875835940452989958, -6.042206017375280069, -58.61996200337880225 ) ) ;
#2258 = CARTESIAN_POINT ( 'NONE',  ( -5.747812694102960350E-15, -38.31026286157670313, 0.000000000000000000 ) ) ;
#2259 = CARTESIAN_POINT ( 'NONE',  ( 0.4875835940438709715, -6.042206017374069482, 58.61996200337879515 ) ) ;
#2260 = AXIS2_PLACEMENT_3D ( 'NONE', #2035, #5406, #1759 ) ;
#2261 = CARTESIAN_POINT ( 'NONE',  ( 73.65500000000000114, -63.39640923772801528, 2.829958489769524085E-14 ) ) ;
#2262 = CARTESIAN_POINT ( 'NONE',  ( -5.335384761712091084, -36.93234573163572065, 11.86235942417139100 ) ) ;
#2263 = CARTESIAN_POINT ( 'NONE',  ( 8.999226653582445223, -42.30449642069044813, -0.1194380393565921405 ) ) ;
#2264 = CARTESIAN_POINT ( 'NONE',  ( 17.01540757202931431, -38.52100210608048059, 21.39152235570433902 ) ) ;
#2265 = CARTESIAN_POINT ( 'NONE',  ( -1.670160028345172076, -38.31026286157675287, 12.93934712255603081 ) ) ;
#2266 = EDGE_LOOP ( 'NONE', ( #5632, #2589 ) ) ;
#2267 = CARTESIAN_POINT ( 'NONE',  ( 3.671996594122490354, -41.88853499550050685, 0.6129392051477599024 ) ) ;
#2268 = CARTESIAN_POINT ( 'NONE',  ( 17.37634051210758557, -39.37548302082073803, -18.64926716633993209 ) ) ;
#2269 = CARTESIAN_POINT ( 'NONE',  ( 92.05012271759748899, -63.39640923772800818, 11.45477020588810113 ) ) ;
#2270 = EDGE_CURVE ( 'NONE', #5345, #3844, #2, .T. ) ;
#2271 = CARTESIAN_POINT ( 'NONE',  ( 3.671993753950935080, -41.88114169236509809, 1.124062582745533945 ) ) ;
#2272 = DIRECTION ( 'NONE',  ( 1.000000000000000000, -1.334604752262064725E-16, 0.000000000000000000 ) ) ;
#2273 = B_SPLINE_CURVE_WITH_KNOTS ( 'NONE', 3,
 ( #5540, #3694, #5127, #1328, #3136, #5600, #4642, #6078, #5571, #3252, #3666, #2232, #6049, #5656, #5182, #1272, #4168, #3193, #808, #4082, #1243, #2671, #5064, #332, #4555, #4585, #4670, #245, #301, #1691, #2262, #6107, #1780, #3722, #5094, #5628, #1299, #3164, #362, #1213, #274, #778, #2701, #4612, #2204, #3222, #836, #2760, #4109, #1721, #4193, #2290, #6136, #3637, #1808, #2174, #5268, #5329, #4753, #3751, #3871, #6163, #978, #5806, #2316, #4697, #1832, #3779, #3308, #3337, #6194, #1446, #388, #4250, #4280, #949 ),
 .UNSPECIFIED., .F., .F.,
 ( 4, 1, 1, 2, 2, 1, 2, 2, 2, 2, 2, 2, 2, 1, 2, 2, 2, 2, 2, 1, 2, 2, 2, 2, 2, 2, 2, 2, 2, 2, 1, 2, 2, 2, 2, 2, 2, 2, 2, 2, 4 ),
 ( 0.000000000000000000, 0.03124999999999950040, 0.04687499999999925060, 0.05468749999999913958, 0.06249999999999902855, 0.09374999999999866773, 0.1093749999999985428, 0.1249999999999984179, 0.1874999999999978906, 0.2187499999999976685, 0.2343749999999976408, 0.2499999999999976130, 0.2812499999999975575, 0.2968749999999975020, 0.3046874999999975020, 0.3124999999999975020, 0.3437499999999977240, 0.3749999999999979461, 0.4062499999999981126, 0.4218749999999981126, 0.4296874999999981126, 0.4374999999999981126, 0.4687499999999983347, 0.4999999999999985567, 0.5312499999999986677, 0.5624999999999988898, 0.5937499999999990008, 0.6093749999999991118, 0.6249999999999992228, 0.6562499999999993339, 0.6718749999999994449, 0.6796874999999994449, 0.6874999999999994449, 0.7500000000000000000, 0.7812500000000002220, 0.7968750000000003331, 0.8125000000000003331, 0.8437500000000002220, 0.8750000000000002220, 0.9375000000000001110, 1.000000000000000000 ),
 .UNSPECIFIED. ) ;
#2274 = ADVANCED_FACE ( 'NONE', ( #2161 ), #1607, .F. ) ;
#2275 = CARTESIAN_POINT ( 'NONE',  ( 54.50145287833833407, -56.13001623236041127, 17.94620426087494991 ) ) ;
#2276 = CARTESIAN_POINT ( 'NONE',  ( -8.996320277679622279, -42.29542734190330577, -0.2968137813848183981 ) ) ;
#2277 = CARTESIAN_POINT ( 'NONE',  ( -3.433219362295867771, -41.58679584630655057, -8.319436759854642816 ) ) ;
#2278 = CARTESIAN_POINT ( 'NONE',  ( -17.60597693396299945, -6.042206017373009885, -5.961328787590949350E-15 ) ) ;
#2279 = CARTESIAN_POINT ( 'NONE',  ( 139.1842759379912309, -47.26221975847436596, -105.5685518759823793 ) ) ;
#2280 = CARTESIAN_POINT ( 'NONE',  ( -69.00494608707319344, -10.49410302710136200, 8.511434807347107778 ) ) ;
#2281 = CARTESIAN_POINT ( 'NONE',  ( -22.46164942964194466, -6.042206017375265859, -49.06926472679662510 ) ) ;
#2282 = CARTESIAN_POINT ( 'NONE',  ( -22.00000000000001421, -6.042206018788411015, -19.78729223149981564 ) ) ;
#2283 = CARTESIAN_POINT ( 'NONE',  ( -5.507999999914719780, -41.99430005084909823, -3.060643596962835030E-05 ) ) ;
#2284 = CARTESIAN_POINT ( 'NONE',  ( -5.507970490038629485, -41.83478244410004976, -5.310691334286230081 ) ) ;
#2285 = CARTESIAN_POINT ( 'NONE',  ( -3.363335340539034490, -37.54177981886626725, 8.347933771594320262 ) ) ;
#2286 = CARTESIAN_POINT ( 'NONE',  ( 74.94529649395961712, -63.39640923772800818, -5.650095089630490008 ) ) ;
#2287 = DIRECTION ( 'NONE',  ( -1.000000000000000000, 0.000000000000000000, 0.000000000000000000 ) ) ;
#2288 = CARTESIAN_POINT ( 'NONE',  ( -18.00000000000000000, -26.96475769767874908, 35.57686982298324807 ) ) ;
#2289 = CARTESIAN_POINT ( 'NONE',  ( -8.967638930286398136, -42.27643061163391280, 0.7627557799411502915 ) ) ;
#2290 = CARTESIAN_POINT ( 'NONE',  ( 4.807936999355234775, -36.88824698161483440, 12.08009515520688026 ) ) ;
#2291 = CARTESIAN_POINT ( 'NONE',  ( 4.706330691472897954, -13.84210911493775420, 53.64005440864175256 ) ) ;
#2292 = CARTESIAN_POINT ( 'NONE',  ( 14.01573075211931396, -31.88771446097197426, 35.04979697049451914 ) ) ;
#2293 = CARTESIAN_POINT ( 'NONE',  ( 9.180046676515591031, -41.87592484815069582, -8.399980644761390280 ) ) ;
#2294 = ORIENTED_EDGE ( 'NONE', *, *, #3968, .F. ) ;
#2295 = CARTESIAN_POINT ( 'NONE',  ( -9.179983152608048869, -42.20094904036890426, -3.031918295454449908 ) ) ;
#2296 = CARTESIAN_POINT ( 'NONE',  ( 14.71703764872910369, -33.36820399640377133, -32.67479793908982799 ) ) ;
#2297 = CARTESIAN_POINT ( 'NONE',  ( 84.73397599301098637, -63.39640923772801528, 12.66333333690861629 ) ) ;
#2298 = CARTESIAN_POINT ( 'NONE',  ( 7.343994890303441103, -42.10820886422099107, 0.9195723142456089239 ) ) ;
#2299 = CARTESIAN_POINT ( 'NONE',  ( 6.047590599841329961, -41.79917675037440006, 6.665878458865782896 ) ) ;
#2300 = CARTESIAN_POINT ( 'NONE',  ( 11.81688996472372288, -37.92067206685230474, 5.365904675332492602 ) ) ;
#2301 = CARTESIAN_POINT ( 'NONE',  ( 124.9619253871092752, -38.48506133258121054, 66.88242186954947499 ) ) ;
#2302 = CARTESIAN_POINT ( 'NONE',  ( 159.5718911911924920, -33.22972007004714357, 8.960972233485210097E-15 ) ) ;
#2303 = CARTESIAN_POINT ( 'NONE',  ( -8.955419941649033433, -42.27025483031113140, -0.8946928619827896334 ) ) ;
#2304 = CARTESIAN_POINT ( 'NONE',  ( -17.60597693396296748, -6.042206017373006333, 208.0119538679257687 ) ) ;
#2305 = CARTESIAN_POINT ( 'NONE',  ( 103.1449999999998965, -58.93658393131480722, -33.48999999999982435 ) ) ;
#2306 = CARTESIAN_POINT ( 'NONE',  ( -8.970275439481770974, -42.27742094235774317, -0.7438990238229632457 ) ) ;
#2307 = EDGE_CURVE ( 'NONE', #4172, #3072, #4725, .T. ) ;
#2308 = CARTESIAN_POINT ( 'NONE',  ( 7.343998297827809552, -42.11316998287139768, 0.3063469046311975141 ) ) ;
#2309 = CARTESIAN_POINT ( 'NONE',  ( -9.179970489981760906, -42.08223716987230745, -5.310711738576870289 ) ) ;
#2310 = CARTESIAN_POINT ( 'NONE',  ( 8.581596599220931765, -38.15520953477447108, 2.716481714467040565 ) ) ;
#2311 = CARTESIAN_POINT ( 'NONE',  ( 97.46177466968175906, -63.39640923772801528, -6.385213237670071429 ) ) ;
#2312 = CARTESIAN_POINT ( 'NONE',  ( -38.37760923698963467, 9.999999999999991118, 3.153003375569618516 ) ) ;
#2313 = CARTESIAN_POINT ( 'NONE',  ( -12.98974298341771139, -38.26818657326767692, 0.9281771661591690092 ) ) ;
#2314 = LINE ( 'NONE', #2370, #2152 ) ;
#2315 = CARTESIAN_POINT ( 'NONE',  ( -8.578991603175719405, -42.16459990277767389, 2.724411920616927496 ) ) ;
#2316 = CARTESIAN_POINT ( 'NONE',  ( 10.31491204188333732, -37.60460569716250490, 7.915255735652308999 ) ) ;
#2317 = CARTESIAN_POINT ( 'NONE',  ( 8.957371480486505888, -42.27119465494115502, -0.8749340952758342116 ) ) ;
#2318 = CARTESIAN_POINT ( 'NONE',  ( 16.01964495533789190, -36.23033879663712753, 27.10355159338840636 ) ) ;
#2319 = CARTESIAN_POINT ( 'NONE',  ( -5.508046676572489808, -41.64574234806979547, 8.400001049052029600 ) ) ;
#2320 = ORIENTED_EDGE ( 'NONE', *, *, #2732, .F. ) ;
#2321 = CARTESIAN_POINT ( 'NONE',  ( 6.245992168675559985E-06, -41.78975016829365074, -1.124042178454895957 ) ) ;
#2322 = CARTESIAN_POINT ( 'NONE',  ( -12.53283318597851981, -6.042206017371019477, -2.423155549835754631E-14 ) ) ;
#2323 = CARTESIAN_POINT ( 'NONE',  ( -3.671953323285380044, -41.56764441687349887, -8.400052059778639446 ) ) ;
#2324 = CARTESIAN_POINT ( 'NONE',  ( 111.7978414744932252, -6.042206017375232996, 101.0084213902533463 ) ) ;
#2325 = CARTESIAN_POINT ( 'NONE',  ( -7.344029509762370012, -41.94464985508825094, 5.310619919268979139 ) ) ;
#2326 = CARTESIAN_POINT ( 'NONE',  ( 5.372193275681408586, -36.94943378071728546, 11.77555464856057910 ) ) ;
#2327 = CARTESIAN_POINT ( 'NONE',  ( -6.261848139220889564, -13.94371515320611898, -1.953732251145784860 ) ) ;
#2328 = CARTESIAN_POINT ( 'NONE',  ( -62.09474050719285998, -8.699679567769591060, -15.42164038722743058 ) ) ;
#2329 = B_SPLINE_CURVE_WITH_KNOTS ( 'NONE', 3,
 ( #144, #1048, #76, #4930, #5912, #4858, #551, #2943, #4354, #2065, #4964, #2505, #3074, #3943, #1584, #5335, #44, #4453, #4487, #2975, #1483, #3504, #4894, #652, #3404, #2474, #5879, #2573, #1996, #4012, #5844, #5948, #1621, #582 ),
 .UNSPECIFIED., .F., .F.,
 ( 4, 2, 2, 2, 2, 2, 2, 2, 2, 2, 2, 2, 2, 2, 2, 2, 4 ),
 ( 0.000000000000000000, 0.06249999999999997224, 0.1249999999999999445, 0.1874999999999998612, 0.2499999999999997780, 0.3124999999999997224, 0.3749999999999996114, 0.4374999999999995559, 0.4999999999999994449, 0.5624999999999995559, 0.6249999999999996669, 0.6874999999999996669, 0.7499999999999997780, 0.8124999999999998890, 0.8749999999999998890, 0.9375000000000000000, 1.000000000000000000 ),
 .UNSPECIFIED. ) ;
#2330 = CARTESIAN_POINT ( 'NONE',  ( 117.9131557670225874, -56.13001623236050364, 3.859248534111614838E-15 ) ) ;
#2331 = CARTESIAN_POINT ( 'NONE',  ( -8.984841062511458532, -42.28639368506486562, -0.5229466559527730096 ) ) ;
#2332 = CIRCLE ( 'NONE', #1734, 15.42164038722743058 ) ;
#2333 = CARTESIAN_POINT ( 'NONE',  ( -3.672046676600915216, -41.56765029200165174, 8.400011251197350148 ) ) ;
#2334 = CARTESIAN_POINT ( 'NONE',  ( -1.181004411122320352, -41.49750405887189686, -8.941786056830435925 ) ) ;
#2335 = CARTESIAN_POINT ( 'NONE',  ( 6.245992168675559985E-06, -41.78975016829365074, -1.124042178454895957 ) ) ;
#2336 = CARTESIAN_POINT ( 'NONE',  ( -7.343978988417039666, -42.01818542903539822, -3.781309973655035073 ) ) ;
#2337 = CARTESIAN_POINT ( 'NONE',  ( 1.189748803868502236, -37.45225716951152606, 8.940261012696199217 ) ) ;
#2338 = CARTESIAN_POINT ( 'NONE',  ( 8.322371364531885973, -38.10104167108898565, 3.426110207553998865 ) ) ;
#2339 = CARTESIAN_POINT ( 'NONE',  ( -47.53715543443617264, -2.888608056842446814, -14.29568559494096469 ) ) ;
#2340 = CARTESIAN_POINT ( 'NONE',  ( -6.541899166176076363, -37.06621092449749710, 11.17445079770491034 ) ) ;
#2341 = CARTESIAN_POINT ( 'NONE',  ( -18.01342170862873715, -5.512702099187712257, -208.8268434172576917 ) ) ;
#2342 = CARTESIAN_POINT ( 'NONE',  ( -7.140281808604924230, -41.92929463077755514, 5.486572178242250075 ) ) ;
#2343 = CARTESIAN_POINT ( 'NONE',  ( 191.2208664832945999, -4.983198181002507887, 209.6417329665889895 ) ) ;
#2344 = CARTESIAN_POINT ( 'NONE',  ( 8.415313772919251534, -42.13106220973394755, -3.192686763143429918 ) ) ;
#2345 = CARTESIAN_POINT ( 'NONE',  ( 18.66290839322197570, -42.14821894134152558, 3.159611951856719614 ) ) ;
#2346 = CARTESIAN_POINT ( 'NONE',  ( -6.493896767346210019, -38.31026286157675287, 11.32506017201200699 ) ) ;
#2347 = EDGE_LOOP ( 'NONE', ( #660, #752, #2537, #650 ) ) ;
#2348 = CARTESIAN_POINT ( 'NONE',  ( -3.671978988473910022, -41.81616949220065038, -3.781289569364395309 ) ) ;
#2349 = CARTESIAN_POINT ( 'NONE',  ( 152.8722439315363886, -38.48506133258187845, -132.9444878630724531 ) ) ;
#2350 = CARTESIAN_POINT ( 'NONE',  ( 5.507961991631749932, -41.74730526035120448, 6.840082897062740308 ) ) ;
#2351 = CARTESIAN_POINT ( 'NONE',  ( 189.9690716258804741, -6.042206017375303162, 11.00761577964990501 ) ) ;
#2352 = EDGE_CURVE ( 'NONE', #3941, #2942, #5374, .T. ) ;
#2353 = CARTESIAN_POINT ( 'NONE',  ( -5.508029509790809186, -41.83478860845939806, 5.310630121414299687 ) ) ;
#2354 = DIRECTION ( 'NONE',  ( 0.000000000000000000, 0.000000000000000000, -1.000000000000000000 ) ) ;
#2355 = ORIENTED_EDGE ( 'NONE', *, *, #1647, .T. ) ;
#2356 = CARTESIAN_POINT ( 'NONE',  ( 96.11412129959387585, -58.93658393131474327, 16.84832778263185915 ) ) ;
#2357 = FACE_OUTER_BOUND ( 'NONE', #3436, .T. ) ;
#2358 = CARTESIAN_POINT ( 'NONE',  ( -2.088352753548269547, -36.72939125712183284, 12.83832501099898060 ) ) ;
#2359 = CARTESIAN_POINT ( 'NONE',  ( 54.88684423297739556, -56.13001623236050364, -7.718497068223229677E-15 ) ) ;
#2360 = CARTESIAN_POINT ( 'NONE',  ( 6.156934252135822128, -41.81039601293612407, 6.571125421993015969 ) ) ;
#2361 = CARTESIAN_POINT ( 'NONE',  ( -18.00000000000000000, -37.23268663085336527, -11.46756426643774063 ) ) ;
#2362 = CARTESIAN_POINT ( 'NONE',  ( -9.179957657387500802, -41.93204332892645425, -7.620092983783989027 ) ) ;
#2363 = CARTESIAN_POINT ( 'NONE',  ( 3.981356381376170539, -41.62033499359360178, -8.076976665173241088 ) ) ;
#2364 = EDGE_CURVE ( 'NONE', #3038, #3048, #2834, .T. ) ;
#2365 = CARTESIAN_POINT ( 'NONE',  ( -8.957371267949554294, -42.27119455142506865, 0.8749362689411284144 ) ) ;
#2366 = CARTESIAN_POINT ( 'NONE',  ( 3.498361424092610417, -37.54997557842960987, 8.292257081369761806 ) ) ;
#2367 = CARTESIAN_POINT ( 'NONE',  ( 7.707310187296016579, -37.99254925007990380, 4.647959432110707390 ) ) ;
#2368 = CARTESIAN_POINT ( 'NONE',  ( -38.05161031703013208, -6.042206018788409239, -48.95395889816647639 ) ) ;
#2369 = CARTESIAN_POINT ( 'NONE',  ( -12.12958952756172337, -37.99508265654171879, 4.632112951774709053 ) ) ;
#2370 = CARTESIAN_POINT ( 'NONE',  ( 0.4875835940452989958, -6.042206017375219673, 58.61996200337869567 ) ) ;
#2371 = CARTESIAN_POINT ( 'NONE',  ( 2.301197961015114313, -41.53222196220889373, 8.706053664926855618 ) ) ;
#2372 = ADVANCED_FACE ( 'NONE', ( #2445 ), #1668, .F. ) ;
#2373 = CARTESIAN_POINT ( 'NONE',  ( -71.46669839058749574, 10.00000000000000000, -137.7671940876994086 ) ) ;
#2374 = CARTESIAN_POINT ( 'NONE',  ( 8.998812832262723660, -42.30350531116893364, -0.1486703828281172313 ) ) ;
#2375 = CARTESIAN_POINT ( 'NONE',  ( 8.986975246010281637, -42.28795314559036456, 0.4842487737919242696 ) ) ;
#2376 = CARTESIAN_POINT ( 'NONE',  ( 3.225185894857590441, -11.09116778369216583, 55.57883730838425862 ) ) ;
#2377 = CARTESIAN_POINT ( 'NONE',  ( -11.30805058077606517, -38.31026286157675287, 6.569230066026498172 ) ) ;
#2378 = ORIENTED_EDGE ( 'NONE', *, *, #1144, .F. ) ;
#2379 = ORIENTED_EDGE ( 'NONE', *, *, #3361, .T. ) ;
#2380 = CARTESIAN_POINT ( 'NONE',  ( 2.101146922263804861E-05, -41.73257342393090141, -3.781269165073750216 ) ) ;
#2381 = FACE_OUTER_BOUND ( 'NONE', #4565, .T. ) ;
#2382 = CARTESIAN_POINT ( 'NONE',  ( 5.507983152664880144, -41.92983744923065359, 3.031897891163805259 ) ) ;
#2383 = CARTESIAN_POINT ( 'NONE',  ( 166.8098564663081333, -6.042206017375268523, 66.19672594917938113 ) ) ;
#2384 = CARTESIAN_POINT ( 'NONE',  ( -3.672006245935335311, -41.88114297891964810, 1.124021774164245979 ) ) ;
#2385 = CARTESIAN_POINT ( 'NONE',  ( -7.084955854950343301, -37.12914828632010966, 10.83700523922793302 ) ) ;
#2386 = EDGE_LOOP ( 'NONE', ( #2792, #3146 ) ) ;
#2387 = CARTESIAN_POINT ( 'NONE',  ( 110.6172451890447945, -57.95386985700429960, 2.965757180493044782E-15 ) ) ;
#2388 = PERSON_AND_ORGANIZATION_ROLE ( 'classification_officer' ) ;
#2389 = CARTESIAN_POINT ( 'NONE',  ( 132.1963904380766053, -50.78462308660660085, 5.608440296249299316E-15 ) ) ;
#2390 = VECTOR ( 'NONE', #3051, 1000.000000000000000 ) ;
#2391 = CARTESIAN_POINT ( 'NONE',  ( 13.15949949251191953, -37.58412590509600193, 8.970993739684610446 ) ) ;
#2392 = CARTESIAN_POINT ( 'NONE',  ( 97.85477020587653385, -63.39640923772801528, -5.650122717616897106 ) ) ;
#2393 = CARTESIAN_POINT ( 'NONE',  ( -7.151307686686621423, -41.92928521130433950, 5.496028273008924714 ) ) ;
#2394 = CARTESIAN_POINT ( 'NONE',  ( 62.18275481095519552, -57.95386985700429960, -5.931514360986089564E-15 ) ) ;
#2395 = CARTESIAN_POINT ( 'NONE',  ( -7.343970490010189422, -41.94464159680104842, -5.310701536431549741 ) ) ;
#2396 = CARTESIAN_POINT ( 'NONE',  ( -8.923586778527223373, -42.25644038533611990, -1.173651834082679812 ) ) ;
#2397 = EDGE_CURVE ( 'NONE', #1020, #3006, #1105, .T. ) ;
#2398 = CARTESIAN_POINT ( 'NONE',  ( 19.07334698233634995, -6.042206017373970006, -58.61996200337829777 ) ) ;
#2399 = CARTESIAN_POINT ( 'NONE',  ( -6.284153924717693407, -37.79735776972116668, 6.442786149371706017 ) ) ;
#2400 = CARTESIAN_POINT ( 'NONE',  ( 8.534143470504576001, -38.14465144229561133, 2.862215046743999736 ) ) ;
#2401 = CARTESIAN_POINT ( 'NONE',  ( -6.813981237579772809, -37.09731583527354815, 11.00847307615895687 ) ) ;
#2402 = CARTESIAN_POINT ( 'NONE',  ( 190.4059769339629895, -6.042206017373020543, -208.0119538679261098 ) ) ;
#2403 = CARTESIAN_POINT ( 'NONE',  ( -7.698787150378059607, -42.00898088712698808, 4.662068562005049266 ) ) ;
#2404 = CARTESIAN_POINT ( 'NONE',  ( 149.6614994673866192, -58.99259783589941009, 126.5229989347731561 ) ) ;
#2405 = CARTESIAN_POINT ( 'NONE',  ( -7.443472278465462111, -41.97129647660606366, -5.059256612133913755 ) ) ;
#2406 = CARTESIAN_POINT ( 'NONE',  ( 4.432701245500068943, -13.33368284108289537, 54.00067659651076468 ) ) ;
#2407 = CARTESIAN_POINT ( 'NONE',  ( 9.179993753865641537, -42.28220595406965288, 1.124093189181498031 ) ) ;
#2408 = ORIENTED_EDGE ( 'NONE', *, *, #4351, .T. ) ;
#2409 = ORIENTED_EDGE ( 'NONE', *, *, #6128, .F. ) ;
#2410 = CARTESIAN_POINT ( 'NONE',  ( -5.507994890331900706, -41.97116850191185478, -0.9195621121002949261 ) ) ;
#2411 = CARTESIAN_POINT ( 'NONE',  ( 27.90412254817749371, 10.00000000000000000, 137.9613978004092019 ) ) ;
#2412 = CARTESIAN_POINT ( 'NONE',  ( -5.508038008197660318, -41.74731312807935524, 6.840021684190809914 ) ) ;
#2413 = B_SPLINE_SURFACE_WITH_KNOTS ( 'NONE', 5, 5, ( 
 ( #1479, #1896, #951, #3842, #3311, #3400, #4381, #5808, #3809 ),
 ( #5717, #8, #4854, #1044, #1386, #3339, #5840, #5240, #5270 ),
 ( #5331, #546, #3906, #3874, #2970, #4315, #577, #2470, #1928 ),
 ( #4890, #925, #4283, #2847, #4756, #2880, #5777, #2436, #5503 ),
 ( #5469, #3069, #1616, #4074, #2061, #6013, #2634, #3465, #207 ),
 ( #4996, #5057, #1179, #2096, #647, #5532, #3570, #5943, #4548 ),
 ( #2501, #3101, #2132, #4415, #681, #2027, #237, #4958, #2603 ),
 ( #1651, #1146, #1113, #2165, #5399, #2534, #3534, #4042, #4449 ),
 ( #1078, #1683, #4517, #5978, #5875, #5029, #713, #3036, #3938 ),
 ( #3598, #1206, #4007, #106, #3129, #1545, #3002, #4925, #613 ),
 ( #140, #3974, #5908, #1579, #3500, #5433, #2568, #4481, #173 ),
 ( #3630, #771, #6099, #4663, #2693, #1292, #5563, #2308, #828 ),
 ( #4102, #353, #5146, #5594, #266, #6071, #2752, #1319, #2254 ),
 ( #4159, #3214, #2283, #1236, #2197, #1743, #3659, #3687, #741 ),
 ( #4186, #5087, #4131, #3270, #1265, #1824, #4605, #3185, #4578 ),
 ( #858, #379, #6129, #5119, #1801, #3244, #3157, #294, #2225 ),
 ( #5621, #3742, #800, #2780, #2663, #2722, #6042, #3715, #1773 ),
 ( #5648, #5175, #4635, #324, #1715, #4689, #4213, #6155, #5678 ),
 ( #1348, #884, #2805, #408, #2335, #5200, #4715, #1873, #874 ),
 ( #5731, #5221, #4266, #5255, #6211, #4205, #4738, #1552, #3473 ),
 ( #4015, #2173, #3192, #1690, #361, #1356, #4221, #5686, #6124 ),
 ( #855, #2870, #3769, #2835, #1316, #467, #1852, #406, #5292 ),
 ( #5705, #2395, #5675, #2778, #4304, #6249, #4687, #4241, #3298 ),
 ( #4211, #3359, #6153, #6183, #1918, #3830, #1346, #5198, #911 ),
 ( #2362, #128, #1469, #4879, #2855, #2823, #4763, #4704, #6170 ),
 ( #6203, #1870, #395, #2323, #1841, #4138, #6105, #2050, #3600 ),
 ( #1267, #2605, #3661, #2167, #2199, #3536, #649, #743, #2695 ) ),
 .UNSPECIFIED., .F., .F., .F.,
 ( 6, 3, 3, 3, 3, 3, 3, 3, 6 ),
 ( 6, 3, 6 ),
 ( -9.180021338060340597, -5.280072925847080434, -1.533063524059694815, -0.5105101600910710857, 3.552713678800500140E-15, 0.5105101600910760817, 1.533063524059699922, 5.280072925847080434, 9.180021338060329938 ),
 ( -9.179999999999569837, -1.776356839400250070E-15, 9.179999999999560956 ),
 .UNSPECIFIED. ) ;
#2414 = FACE_OUTER_BOUND ( 'NONE', #4046, .T. ) ;
#2415 = FACE_OUTER_BOUND ( 'NONE', #5759, .T. ) ;
#2416 = CARTESIAN_POINT ( 'NONE',  ( -10.99063355583341561, -38.30788088533381597, 0.08291896814041684050 ) ) ;
#2417 = CARTESIAN_POINT ( 'NONE',  ( 1.134705611842493951E-06, -41.79338277994690287, -0.2042040640332815071 ) ) ;
#2418 = CARTESIAN_POINT ( 'NONE',  ( -8.984592505527473350, -37.38925013460760027, 9.334770351991149795 ) ) ;
#2419 = ORIENTED_EDGE ( 'NONE', *, *, #1647, .F. ) ;
#2420 = FACE_OUTER_BOUND ( 'NONE', #2439, .T. ) ;
#2421 = DATE_TIME_ROLE ( 'creation_date' ) ;
#2422 = CARTESIAN_POINT ( 'NONE',  ( 139.1842759379911740, -47.26221975847450096, 6.464209457277149827E-15 ) ) ;
#2423 = CARTESIAN_POINT ( 'NONE',  ( -38.05369335043265266, 2.449732248962527059, 9.540979117872439019E-15 ) ) ;
#2424 = CARTESIAN_POINT ( 'NONE',  ( 20.34536719873065280, -32.29571161549034741, -26.62793936103274817 ) ) ;
#2425 = CARTESIAN_POINT ( 'NONE',  ( 3.534098126761118230, -37.55219855664502404, 8.277111427899729534 ) ) ;
#2426 = CARTESIAN_POINT ( 'NONE',  ( 9.000000000000000000, -42.30661100815935072, 1.086142634795535983E-15 ) ) ;
#2427 = CARTESIAN_POINT ( 'NONE',  ( -3.672051010788329961, -41.51274637537379419, 9.180000933627960436 ) ) ;
#2428 = CARTESIAN_POINT ( 'NONE',  ( -9.000028474184428973, -42.30708906031859584, -8.070543590473060038E-10 ) ) ;
#2429 = CARTESIAN_POINT ( 'NONE',  ( -8.999851988754064891, -42.30608223088292874, 0.06361498166815075794 ) ) ;
#2430 = CARTESIAN_POINT ( 'NONE',  ( -8.665365510306036967, -38.17501835235353980, 2.435504244647038963 ) ) ;
#2431 = CARTESIAN_POINT ( 'NONE',  ( -8.514501561721793621, -37.31857602851670208, 9.762868717267437546 ) ) ;
#2432 = CARTESIAN_POINT ( 'NONE',  ( 7.965703894666307683, -19.95320430563611325, -48.79334242285200673 ) ) ;
#2433 = CARTESIAN_POINT ( 'NONE',  ( -7.483795364905738268, -41.97720097445947829, 4.999289051140625162 ) ) ;
#2434 = CARTESIAN_POINT ( 'NONE',  ( 226.6457644257074833, 4.652597994208250043, 137.9613978004092019 ) ) ;
#2435 = CARTESIAN_POINT ( 'NONE',  ( 7.483795365531229926, -41.97720097454995880, -4.999289050204255958 ) ) ;
#2436 = CARTESIAN_POINT ( 'NONE',  ( 7.343961991603319639, -41.85264108032090746, 6.840093099208069738 ) ) ;
#2437 = CARTESIAN_POINT ( 'NONE',  ( -5.508011546535709790, -41.96222113922765118, 2.077924125155400148 ) ) ;
#2438 = CIRCLE ( 'NONE', #4844, 12.74499999999999922 ) ;
#2439 = EDGE_LOOP ( 'NONE', ( #2581, #2378 ) ) ;
#2440 = VERTEX_POINT ( 'NONE', #148 ) ;
#2441 = CARTESIAN_POINT ( 'NONE',  ( 69.65500000000000114, -58.93658393131480011, -2.033582938513375123E-15 ) ) ;
#2442 = CARTESIAN_POINT ( 'NONE',  ( -11.30805058077606517, -38.31026286157675287, 6.569230066026498172 ) ) ;
#2443 = CARTESIAN_POINT ( 'NONE',  ( -6.245992199551350868E-06, -41.78975016820130151, 1.124042178454889962 ) ) ;
#2444 = CARTESIAN_POINT ( 'NONE',  ( -27.73244183007833641, -6.042206017375246319, -49.70959486204271371 ) ) ;
#2445 = FACE_OUTER_BOUND ( 'NONE', #3755, .T. ) ;
#2446 = CARTESIAN_POINT ( 'NONE',  ( -5.507998297856270042, -41.96944676484329761, -0.3063367024858845156 ) ) ;
#2447 = CARTESIAN_POINT ( 'NONE',  ( -6.541899166176076363, -37.06621092449749710, 11.17445079770491034 ) ) ;
#2448 = CIRCLE ( 'NONE', #3243, 16.74500000000000099 ) ;
#2449 = EDGE_LOOP ( 'NONE', ( #5447, #3443, #6030, #2546, #4928 ) ) ;
#2450 = CARTESIAN_POINT ( 'NONE',  ( 226.6457644257074833, 4.652597994208217180, -137.7671940876994086 ) ) ;
#2451 = APPLICATION_PROTOCOL_DEFINITION ( 'international standard', 'config_control_design', 1994, #2461 ) ;
#2452 = ADVANCED_FACE ( 'NONE', ( #2415 ), #1487, .T. ) ;
#2453 = CARTESIAN_POINT ( 'NONE',  ( -2.327583918122198892, -37.48701701941190834, -8.713738826674719107 ) ) ;
#2454 = CARTESIAN_POINT ( 'NONE',  ( -22.00000000000000000, -6.042206017374059712, 58.61996200176549365 ) ) ;
#2455 = FACE_OUTER_BOUND ( 'NONE', #5957, .T. ) ;
#2456 = CARTESIAN_POINT ( 'NONE',  ( -3.354462311011892517, -37.54125298919936427, 8.351503186363791187 ) ) ;
#2457 = VERTEX_POINT ( 'NONE', #1970 ) ;
#2458 = CARTESIAN_POINT ( 'NONE',  ( -8.969704778572678450, -42.27715226534309778, 0.7497248534899636496 ) ) ;
#2459 = AXIS2_PLACEMENT_3D ( 'NONE', #3358, #5197, #3240 ) ;
#2460 = CARTESIAN_POINT ( 'NONE',  ( 74.94522979413750363, -63.39640923772801528, 5.650122717646990367 ) ) ;
#2461 = APPLICATION_CONTEXT ( 'configuration controlled 3d designs of mechanical parts and assemblies' ) ;
#2462 = CARTESIAN_POINT ( 'NONE',  ( 7.344046676544019547, -41.74793702330200063, -8.399990846906709052 ) ) ;
#2463 = CARTESIAN_POINT ( 'NONE',  ( -8.797650432521686881, -38.20985594443612854, 1.897726394802270677 ) ) ;
#2464 = CARTESIAN_POINT ( 'NONE',  ( -2.341796299286712291, -41.53137451156458582, -8.710120429396322805 ) ) ;
#2465 = CARTESIAN_POINT ( 'NONE',  ( -9.000000000000007105, -38.30657225404110733, 0.04900846249693994322 ) ) ;
#2466 = CARTESIAN_POINT ( 'NONE',  ( 6.358410112380612489, -41.83330100657485673, 6.369513769276958115 ) ) ;
#2467 = DIRECTION ( 'NONE',  ( 1.000000000000000000, 0.000000000000000000, 0.000000000000000000 ) ) ;
#2468 = CARTESIAN_POINT ( 'NONE',  ( 7.490329793276355730, -41.97814419647734496, -4.989495827806873507 ) ) ;
#2469 = CARTESIAN_POINT ( 'NONE',  ( -6.151194212000588024, -37.78145391118161456, -6.576425573754347553 ) ) ;
#2470 = CARTESIAN_POINT ( 'NONE',  ( 7.343957657415900009, -41.80211066434194578, 7.620082781638670255 ) ) ;
#2471 = CARTESIAN_POINT ( 'NONE',  ( -7.344006245878469841, -42.10689846302550166, 1.124001369873603773 ) ) ;
#2472 = VERTEX_POINT ( 'NONE', #4324 ) ;
#2473 = ORIENTED_EDGE ( 'NONE', *, *, #2680, .T. ) ;
#2474 = CARTESIAN_POINT ( 'NONE',  ( 46.86302744982850044, -6.042206017375314708, -96.35638279038764153 ) ) ;
#2475 = CARTESIAN_POINT ( 'NONE',  ( 7.343994890303441103, -42.10820886422099107, 0.9195723142456089239 ) ) ;
#2476 = CARTESIAN_POINT ( 'NONE',  ( -26.21676196204818154, -6.042206017375221450, 48.24345566756052506 ) ) ;
#2477 = CARTESIAN_POINT ( 'NONE',  ( 18.29766347263496584, -41.49486386156812756, 8.963701678953759355 ) ) ;
#2478 = CARTESIAN_POINT ( 'NONE',  ( -10.98540041650973187, -38.30788542583763245, 0.08303991554558705357 ) ) ;
#2479 = CARTESIAN_POINT ( 'NONE',  ( -9.179998865152230181, -42.32168879933809791, -0.2042550747598895211 ) ) ;
#2480 = ORIENTED_EDGE ( 'NONE', *, *, #22, .F. ) ;
#2481 = CARTESIAN_POINT ( 'NONE',  ( 3.173329564671791392, -10.99923940664808342, -55.59141982739494381 ) ) ;
#2482 = APPROVAL_STATUS ( 'not_yet_approved' ) ;
#2483 = CARTESIAN_POINT ( 'NONE',  ( 12.57900403427108138, -38.10836948593867390, 3.390478688708423505 ) ) ;
#2484 = CARTESIAN_POINT ( 'NONE',  ( -13.15518455823439936, -38.13805647533410337, 4.535102704269229790 ) ) ;
#2485 = CARTESIAN_POINT ( 'NONE',  ( -18.00000000000000000, -33.76135606336559647, -31.95317545291229777 ) ) ;
#2486 = CARTESIAN_POINT ( 'NONE',  ( 7.152237611290309438, -37.90899518122911616, 5.470920705522118510 ) ) ;
#2487 = VERTEX_POINT ( 'NONE', #554 ) ;
#2488 = CARTESIAN_POINT ( 'NONE',  ( -8.999391532603763011, -42.30653628320668247, 0.1540681195577236762 ) ) ;
#2489 = CARTESIAN_POINT ( 'NONE',  ( -22.00000000000001421, -6.042206018788411015, -19.78729223149981564 ) ) ;
#2490 = CARTESIAN_POINT ( 'NONE',  ( 98.73684733123198498, -63.39640923772800818, 3.307009894652591431 ) ) ;
#2491 = CARTESIAN_POINT ( 'NONE',  ( -71.46669839058749574, 10.00000000000000000, -137.7671940876994086 ) ) ;
#2492 = CARTESIAN_POINT ( 'NONE',  ( -8.975250996855010044, -42.28044961365155530, 0.6669859870436486426 ) ) ;
#2493 = CARTESIAN_POINT ( 'NONE',  ( -7.120315388301849069, -37.90411148410035480, 5.508058894910664804 ) ) ;
#2494 = CARTESIAN_POINT ( 'NONE',  ( 8.524545121609259368, -42.15256165985374537, -2.901661860208398558 ) ) ;
#2495 = CARTESIAN_POINT ( 'NONE',  ( 11.21173993494095278, -26.21078435253153316, -42.54750805064942654 ) ) ;
#2496 = CARTESIAN_POINT ( 'NONE',  ( 7.790834242062133264, -42.02321298208750733, 4.515416826898952962 ) ) ;
#2497 = CARTESIAN_POINT ( 'NONE',  ( 0.000000000000000000, 10.00000000000000000, 0.000000000000000000 ) ) ;
#2498 = CARTESIAN_POINT ( 'NONE',  ( -3.877235895373304153, -41.61247407304022516, -8.135110089425172220 ) ) ;
#2499 = EDGE_CURVE ( 'NONE', #6024, #3341, #5407, .T. ) ;
#2500 = CARTESIAN_POINT ( 'NONE',  ( -12.89741298316047313, -38.22175524512771005, 1.774327220852870646 ) ) ;
#2501 = CARTESIAN_POINT ( 'NONE',  ( -9.180016847107648204, -42.20095491708080004, 3.031816274001229772 ) ) ;
#2502 = CARTESIAN_POINT ( 'NONE',  ( 9.179978988388580063, -42.16512765717559574, 3.781320175800355177 ) ) ;
#2503 = ORIENTED_EDGE ( 'NONE', *, *, #5750, .F. ) ;
#2504 = ORIENTED_EDGE ( 'NONE', *, *, #2654, .F. ) ;
#2505 = CARTESIAN_POINT ( 'NONE',  ( 155.3202096274209225, -6.042206017375335136, -78.08795942866230178 ) ) ;
#2506 = CARTESIAN_POINT ( 'NONE',  ( 13.68225210079842924, -24.95057766197713889, 37.83960525419891496 ) ) ;
#2507 = CARTESIAN_POINT ( 'NONE',  ( -28.41086482563838089, -6.042206017375220561, 47.33038058119881697 ) ) ;
#2508 = CYLINDRICAL_SURFACE ( 'NONE', #5170, 9.000000000000000000 ) ;
#2509 = DIRECTION ( 'NONE',  ( 1.000000000000000000, 0.000000000000000000, 0.000000000000000000 ) ) ;
#2510 = CARTESIAN_POINT ( 'NONE',  ( 185.3328331862115022, -6.042206017076496849, -104.6569119126249774 ) ) ;
#2511 = CARTESIAN_POINT ( 'NONE',  ( -3.672001702001594925, -41.89111615275825073, 0.3062856917592675088 ) ) ;
#2512 = ORIENTED_EDGE ( 'NONE', *, *, #4301, .T. ) ;
#2513 = CARTESIAN_POINT ( 'NONE',  ( 11.11381206623821782, -26.01810404834292711, -42.76579358160674360 ) ) ;
#2514 = OPEN_SHELL ( 'NONE', ( #1491 ) ) ;
#2515 = APPROVAL_ROLE ( '' ) ;
#2516 = CARTESIAN_POINT ( 'NONE',  ( -0.5773864859658932591, -37.44470688531373526, -8.986419776575040430 ) ) ;
#2517 = CARTESIAN_POINT ( 'NONE',  ( -50.44155606044894569, 10.00000000000000711, 15.20596206432331599 ) ) ;
#2518 = PLANE ( 'NONE',  #4340 ) ;
#2519 =( BOUNDED_SURFACE ( )  B_SPLINE_SURFACE ( 2, 3, ( 
 ( #6177, #3413, #1845, #5760 ),
 ( #1430, #3763, #2827, #5698 ),
 ( #4736, #5253, #429, #1877 ),
 ( #3792, #5729, #935, #3323 ),
 ( #2862, #4769, #460, #3352 ) ),
 .UNSPECIFIED., .F., .F., .F. ) 
 B_SPLINE_SURFACE_WITH_KNOTS ( ( 3, 2, 3 ),
 ( 4, 4 ),
 ( -0.006114302593204289787, 0.001208225356012821924, 0.7334610202777239740 ),
 ( 0.000000000000000000, 1.000000000000000000 ),
 .UNSPECIFIED. ) 
 GEOMETRIC_REPRESENTATION_ITEM ( )  RATIONAL_B_SPLINE_SURFACE ( (
 ( 1.000000000000000000, 0.3333333333333335369, 0.3333333333333335369, 1.000000000000000000),
 ( 1.000000000000000000, 0.3333333333333335369, 0.3333333333333335369, 1.000000000000000000),
 ( 1.000000000000000000, 0.3333333333333335369, 0.3333333333333335369, 1.000000000000000000),
 ( 1.000000000000000000, 0.3333333333333335369, 0.3333333333333335369, 1.000000000000000000),
 ( 1.000000000000000000, 0.3333333333333335369, 0.3333333333333335369, 1.000000000000000000) ) ) 
 REPRESENTATION_ITEM ( '' )  SURFACE ( )  );
#2520 = CARTESIAN_POINT ( 'NONE',  ( -6.500344082920928024, -37.82288398739328983, 6.231489137449297111 ) ) ;
#2521 = ORIENTED_EDGE ( 'NONE', *, *, #5954, .F. ) ;
#2522 = CARTESIAN_POINT ( 'NONE',  ( 8.992636458841303693, -42.29313990988428174, -0.3714819228107688054 ) ) ;
#2523 = CARTESIAN_POINT ( 'NONE',  ( -22.00000000000000711, -6.042206018788411015, 17.71270776850018791 ) ) ;
#2524 = CARTESIAN_POINT ( 'NONE',  ( 73.65500000000000114, -63.39640923772800818, 0.8366634719051218028 ) ) ;
#2525 = CARTESIAN_POINT ( 'NONE',  ( 8.703392006473151810, -42.19297934725424426, 2.295826573664213832 ) ) ;
#2526 = CARTESIAN_POINT ( 'NONE',  ( -8.532498017756561026, -42.15467864010521737, 2.867048576173331309 ) ) ;
#2527 = DIRECTION ( 'NONE',  ( -0.000000000000000000, -1.000000000000000000, -0.000000000000000000 ) ) ;
#2528 = CARTESIAN_POINT ( 'NONE',  ( -8.941583322734727446, -42.26380652048644038, -1.027662312987098314 ) ) ;
#2529 = CARTESIAN_POINT ( 'NONE',  ( 17.34765784242170028, -39.30748658695551967, -18.87867984972083946 ) ) ;
#2530 = CARTESIAN_POINT ( 'NONE',  ( 5.346129629418379103, -41.72943890655458432, 7.247409774421711859 ) ) ;
#2531 = CARTESIAN_POINT ( 'NONE',  ( 69.65500000000000114, -58.93658393131480011, -2.033582938513375123E-15 ) ) ;
#2532 = CARTESIAN_POINT ( 'NONE',  ( -7.051750022498742609, -41.91732078310947429, -5.594151773381492276 ) ) ;
#2533 = CARTESIAN_POINT ( 'NONE',  ( 1.480403539783131883, -37.46096902601125578, -8.882334420385957330 ) ) ;
#2534 = CARTESIAN_POINT ( 'NONE',  ( 3.671988453322129864, -41.86434038014104431, 2.077975135882009994 ) ) ;
#2535 = CARTESIAN_POINT ( 'NONE',  ( -7.343998865180649815, -42.10617315432034502, -0.2042448726145680016 ) ) ;
#2536 = EDGE_CURVE ( 'NONE', #10, #617, #5883, .T. ) ;
#2537 = ORIENTED_EDGE ( 'NONE', *, *, #4165, .T. ) ;
#2538 = ORIENTED_EDGE ( 'NONE', *, *, #4678, .T. ) ;
#2539 = DIRECTION ( 'NONE',  ( -0.000000000000000000, 5.078222490274110485E-16, 1.000000000000000000 ) ) ;
#2540 = CARTESIAN_POINT ( 'NONE',  ( 11.35432342940817030, -20.48161912305609889, 42.88747186757243668 ) ) ;
#2541 = CARTESIAN_POINT ( 'NONE',  ( -58.69645202498565340, -6.042206017375240990, -15.09047425549012900 ) ) ;
#2542 = CARTESIAN_POINT ( 'NONE',  ( 19.11483119594132063, -38.48506133258115369, 37.85480819799125385 ) ) ;
#2543 = CARTESIAN_POINT ( 'NONE',  ( -62.09474050719286708, 10.00000000000000000, -15.42164038722743058 ) ) ;
#2544 = CARTESIAN_POINT ( 'NONE',  ( 9.302258724331609940, -16.65789200924621127, -46.37397113846814278 ) ) ;
#2545 = CARTESIAN_POINT ( 'NONE',  ( -5.507993753922540314, -41.96795358722095415, -1.124072784890862042 ) ) ;
#2546 = ORIENTED_EDGE ( 'NONE', *, *, #5014, .F. ) ;
#2547 = CARTESIAN_POINT ( 'NONE',  ( 1.199991381259394085, -7.355067105788175574, -57.87167046673666704 ) ) ;
#2548 = EDGE_CURVE ( 'NONE', #3006, #108, #3733, .T. ) ;
#2549 = CARTESIAN_POINT ( 'NONE',  ( 6.165903336956353620, -37.78314176423528892, -6.562689703649654760 ) ) ;
#2550 = CARTESIAN_POINT ( 'NONE',  ( -71.46669839058749574, 10.00000000000000000, -137.7671940876994086 ) ) ;
#2551 = CARTESIAN_POINT ( 'NONE',  ( 24.54315066403444590, -41.44459846639427525, -1.515055850892605352E-14 ) ) ;
#2552 = CARTESIAN_POINT ( 'NONE',  ( 4.425277699727462988, -37.61484256216141375, 7.841548964962108847 ) ) ;
#2553 = ORIENTED_EDGE ( 'NONE', *, *, #4319, .F. ) ;
#2554 = CARTESIAN_POINT ( 'NONE',  ( 8.975529510507598729, -42.28057244686963401, -0.6632310202208752115 ) ) ;
#2555 = DIRECTION ( 'NONE',  ( -0.000000000000000000, -1.000000000000000000, -0.000000000000000000 ) ) ;
#2556 = CARTESIAN_POINT ( 'NONE',  ( 97.46183469793416521, -63.39640923772800818, 6.385253347286776737 ) ) ;
#2557 = CARTESIAN_POINT ( 'NONE',  ( 8.298688820029079594, -42.10896441723565431, 3.483119647616379932 ) ) ;
#2558 = CARTESIAN_POINT ( 'NONE',  ( -8.339110250636121435, -42.11650441481631901, 3.385252159181198817 ) ) ;
#2559 = B_SPLINE_CURVE_WITH_KNOTS ( 'NONE', 3,
 ( #1889, #3333, #944, #1410 ),
 .UNSPECIFIED., .F., .F.,
 ( 4, 4 ),
 ( 0.000000000000000000, 1.000000000000000000 ),
 .UNSPECIFIED. ) ;
#2560 = CARTESIAN_POINT ( 'NONE',  ( -52.76613086239826345, -6.042206017375244542, -22.31935576836590229 ) ) ;
#2561 = CARTESIAN_POINT ( 'NONE',  ( -8.913684472455502217, -42.25269915812043564, -1.246560045296436048 ) ) ;
#2562 = CARTESIAN_POINT ( 'NONE',  ( 69.65500000000000114, -58.25464714294840007, 3.718136909469649001E-14 ) ) ;
#2563 = EDGE_CURVE ( 'NONE', #3468, #449, #5392, .T. ) ;
#2564 = CARTESIAN_POINT ( 'NONE',  ( 8.955419941476980839, -42.27025483022924845, 0.8946928637049160749 ) ) ;
#2565 = PLANE ( 'NONE',  #3995 ) ;
#2566 = CARTESIAN_POINT ( 'NONE',  ( -8.855196200313150356, -42.23343727972039829, -1.614440787517435805 ) ) ;
#2567 = CARTESIAN_POINT ( 'NONE',  ( 2.350129294884137465, -37.48792084575956096, -8.707844353606475352 ) ) ;
#2568 = CARTESIAN_POINT ( 'NONE',  ( 5.507996594094048959, -41.96905090782664871, 0.6129494072930820048 ) ) ;
#2569 = CARTESIAN_POINT ( 'NONE',  ( -1.702058459057765057E-06, -41.79055256047669786, 0.3063060960499109919 ) ) ;
#2570 = CARTESIAN_POINT ( 'NONE',  ( 18.01987377499526843, -33.94860274238157416, 22.25601804104062609 ) ) ;
#2571 = ORIENTED_EDGE ( 'NONE', *, *, #5990, .F. ) ;
#2572 = ORIENTED_EDGE ( 'NONE', *, *, #6095, .F. ) ;
#2573 = CARTESIAN_POINT ( 'NONE',  ( 32.11205117420916366, -6.042206017375306715, -88.88500050702148769 ) ) ;
#2574 = CARTESIAN_POINT ( 'NONE',  ( -8.795196456481912506, -38.20894326095972104, -1.914853311366064847 ) ) ;
#2575 = CARTESIAN_POINT ( 'NONE',  ( -58.64614868650247104, -6.042206017375222338, 14.55960313695963926 ) ) ;
#2576 = CARTESIAN_POINT ( 'NONE',  ( 85.84362670746759250, -47.26221975847409595, 52.78134362686709835 ) ) ;
#2577 = CARTESIAN_POINT ( 'NONE',  ( 16.12765926082611401, -36.47416376924402925, 26.56228734668989588 ) ) ;
#2578 = EDGE_CURVE ( 'NONE', #4768, #4590, #4777, .T. ) ;
#2579 = FACE_OUTER_BOUND ( 'NONE', #1151, .T. ) ;
#2580 = CARTESIAN_POINT ( 'NONE',  ( 2.950987607470884923E-05, -41.67149771645480172, -5.310660727850260443 ) ) ;
#2581 = ORIENTED_EDGE ( 'NONE', *, *, #2307, .F. ) ;
#2582 = VERTEX_POINT ( 'NONE', #6091 ) ;
#2583 = CARTESIAN_POINT ( 'NONE',  ( 226.6457644257074833, -70.00000000000000000, -137.7671940876994086 ) ) ;
#2584 = SHAPE_DEFINITION_REPRESENTATION ( #4870, #3973 ) ;
#2585 = CARTESIAN_POINT ( 'NONE',  ( 3.999473945978261114, -37.58276873756395275, -8.068007972714877241 ) ) ;
#2586 = CARTESIAN_POINT ( 'NONE',  ( 149.6614994673869603, -58.99259783589946693, 1.137326972296158220E-14 ) ) ;
#2587 = DIRECTION ( 'NONE',  ( 0.000000000000000000, 0.000000000000000000, -1.000000000000000000 ) ) ;
#2588 = CARTESIAN_POINT ( 'NONE',  ( 9.302258724331609940, -16.65789200924621127, -46.37397113846814278 ) ) ;
#2589 = ORIENTED_EDGE ( 'NONE', *, *, #1232, .F. ) ;
#2590 = CARTESIAN_POINT ( 'NONE',  ( 7.819439672550764442, -42.02750578903993528, -4.458832881140480708 ) ) ;
#2591 = CARTESIAN_POINT ( 'NONE',  ( -24.34996617687545495, -6.042206017375260529, -49.51564294715978320 ) ) ;
#2592 = CYLINDRICAL_SURFACE ( 'NONE', #1649, 16.74499999999999744 ) ;
#2593 = CARTESIAN_POINT ( 'NONE',  ( 8.980326197345901207, -42.28336029224293213, 0.5973155957097201485 ) ) ;
#2594 = CARTESIAN_POINT ( 'NONE',  ( -8.705333590422766221, -42.19288530280179828, 2.302875602739588690 ) ) ;
#2595 = CARTESIAN_POINT ( 'NONE',  ( -42.85244011772191186, -6.042206017375249871, -34.91988858660459982 ) ) ;
#2596 = CARTESIAN_POINT ( 'NONE',  ( 5.944576282102638665, -41.78629455305858187, -6.783067013184250982 ) ) ;
#2597 = CARTESIAN_POINT ( 'NONE',  ( 13.76005673522559647, -31.35420933177818270, -35.86276631881828081 ) ) ;
#2598 = ADVANCED_FACE ( 'NONE', ( #1765 ), #5611, .T. ) ;
#2599 = CARTESIAN_POINT ( 'NONE',  ( 6.573276148277448883, -41.85772243883265276, 6.154582882127805910 ) ) ;
#2600 = DIRECTION ( 'NONE',  ( 0.000000000000000000, 0.000000000000000000, 1.000000000000000000 ) ) ;
#2601 = CARTESIAN_POINT ( 'NONE',  ( -8.261718975415808686, -42.10217960709699980, -3.570224196840912523 ) ) ;
#2602 = CARTESIAN_POINT ( 'NONE',  ( 6.165903336956353620, -37.78314176423528892, -6.562689703649654760 ) ) ;
#2603 = CARTESIAN_POINT ( 'NONE',  ( 9.179983152608029329, -42.20094904025864935, 3.031918295454445023 ) ) ;
#2604 = CARTESIAN_POINT ( 'NONE',  ( -7.343994890303470413, -42.10820886388219719, -0.9195723142456169175 ) ) ;
#2605 = CARTESIAN_POINT ( 'NONE',  ( -7.343948989041109598, -41.69036013678054786, -9.180062146499889053 ) ) ;
#2606 = VERTEX_POINT ( 'NONE', #1110 ) ;
#2607 = EDGE_LOOP ( 'NONE', ( #702, #3256, #869, #4393 ) ) ;
#2608 = DIRECTION ( 'NONE',  ( -1.000000000000000000, 0.000000000000000000, 0.000000000000000000 ) ) ;
#2609 = B_SPLINE_CURVE_WITH_KNOTS ( 'NONE', 3,
 ( #2627, #5901, #200, #4068, #5936, #3062, #2218, #673, #765, #1609, #4988, #3493, #2595, #6036, #5556, #1677, #4035, #1200, #4096, #2560, #4473, #3029, #4510, #1228, #4541, #230, #3123, #3527, #5971, #5497, #4950, #5050, #1707, #2657, #5461, #2157, #5425, #1642, #259, #2687, #640, #1137, #1173, #5081, #3624, #6006, #3094, #3592, #5022, #3150, #5526, #4599, #288, #1571, #1314, #319, #1373, #4125, #4658, #2802, #6181, #6093, #5613, #4208, #1287, #853, #4685, #3239, #5703, #3681, #3295, #4239, #5112, #1821, #3267, #5171 ),
 .UNSPECIFIED., .F., .F.,
 ( 4, 2, 2, 2, 2, 2, 2, 2, 2, 2, 2, 2, 2, 2, 2, 2, 2, 2, 2, 2, 2, 2, 2, 2, 2, 2, 2, 2, 2, 2, 2, 2, 2, 2, 2, 2, 2, 4 ),
 ( 0.000000000000000000, 0.003994811418628394124, 0.005992217127942590753, 0.007989622837256788249, 0.01198443425588518151, 0.01597924567451357650, 0.02396886851177036301, 0.02796367993039875280, 0.03195849134902713912, 0.03595330276765552197, 0.03994811418628391175, 0.04394292560491230154, 0.04793773702354068439, 0.05193254844216908112, 0.05392995415148327948, 0.05592735986079747090, 0.05992217127942587457, 0.06191957698874006599, 0.06291827984339716517, 0.06391698269805426436, 0.06791179411668266108, 0.06990919982599684557, 0.07190660553531103005, 0.07590141695393942678, 0.07989622837256779575, 0.08788585120982456145, 0.09188066262845294430, 0.09587547404708134102, 0.09987028546570975163, 0.1038650968843381345, 0.1118547197215949141, 0.1158495311402233108, 0.1198443425588517214, 0.1218417482681659197, 0.1238391539774801042, 0.1248378568321372173, 0.1258365596867943303, 0.1278339653961085287 ),
 .UNSPECIFIED. ) ;
#2610 = CARTESIAN_POINT ( 'NONE',  ( 19.80244648021076870, -37.90130432380735925, 5.660359114249199131 ) ) ;
#2611 = CARTESIAN_POINT ( 'NONE',  ( -46.02154643184272231, -6.042206017375282734, -30.61151187695066511 ) ) ;
#2612 = CARTESIAN_POINT ( 'NONE',  ( 71.84055018553705452, -57.95386985700427118, 24.06511801717883259 ) ) ;
#2613 = CARTESIAN_POINT ( 'NONE',  ( 17.61819181798729161, -39.94927426579406671, 16.58680298797882102 ) ) ;
#2614 = CARTESIAN_POINT ( 'NONE',  ( 19.47147941552137596, -37.27370386985156614, -11.40636932845208307 ) ) ;
#2615 = CARTESIAN_POINT ( 'NONE',  ( 9.180038008140760653, -41.98503258754269751, -6.840001279900169706 ) ) ;
#2616 = ORIENTED_EDGE ( 'NONE', *, *, #1983, .T. ) ;
#2617 = ORIENTED_EDGE ( 'NONE', *, *, #5917, .F. ) ;
#2618 = CARTESIAN_POINT ( 'NONE',  ( 9.180774168951845837, -22.26566067181637010, -46.68845673685922293 ) ) ;
#2619 = CARTESIAN_POINT ( 'NONE',  ( -4.365843336177410272, -37.61058580128683815, -7.871660793050353710 ) ) ;
#2620 = CARTESIAN_POINT ( 'NONE',  ( -18.00000000000000000, -11.27713467053115970, -50.82238809104900668 ) ) ;
#2621 = CARTESIAN_POINT ( 'NONE',  ( -8.625218012201894879, -38.16541251853674055, 2.574319805237800463 ) ) ;
#2622 = CARTESIAN_POINT ( 'NONE',  ( 8.532498018507348903, -42.15467864027165490, -2.867048573948822288 ) ) ;
#2623 = LINE ( 'NONE', #636, #2171 ) ;
#2624 = CARTESIAN_POINT ( 'NONE',  ( -7.051750022498742609, -41.91732078310947429, -5.594151773381492276 ) ) ;
#2625 = B_SPLINE_SURFACE_WITH_KNOTS ( 'NONE', 3, 1, ( 
 ( #3692, #242 ),
 ( #5626, #3249 ),
 ( #5653, #863 ),
 ( #1270, #5538 ),
 ( #1241, #1325 ),
 ( #5124, #3190 ),
 ( #4668, #2202 ),
 ( #359, #3603 ),
 ( #1297, #805 ),
 ( #4553, #2668 ) ),
 .UNSPECIFIED., .F., .F., .F.,
 ( 4, 2, 2, 2, 4 ),
 ( 2, 2 ),
 ( 0.000000000000000000, 0.2500000000000000000, 0.5000000000000000000, 0.7500000000000000000, 1.000000000000000000 ),
 ( 0.000000000000000000, 1.000000000000000000 ),
 .UNSPECIFIED. ) ;
#2626 = CARTESIAN_POINT ( 'NONE',  ( -5.884032104201158297, -41.77835762487779192, 6.843723782888035956 ) ) ;
#2627 = CARTESIAN_POINT ( 'NONE',  ( -27.73244183007833641, -6.042206017375246319, -49.70959486204271371 ) ) ;
#2628 = CARTESIAN_POINT ( 'NONE',  ( 40.60360956192334214, -50.78462308660646585, -91.59278087615335551 ) ) ;
#2629 = CARTESIAN_POINT ( 'NONE',  ( -62.09474050719287419, 10.00000000000000000, 15.42164038722742880 ) ) ;
#2630 = EDGE_CURVE ( 'NONE', #4318, #590, #3658, .T. ) ;
#2631 = CARTESIAN_POINT ( 'NONE',  ( -22.00000000000000000, -6.042206018788409239, 48.29523378308750381 ) ) ;
#2632 = CARTESIAN_POINT ( 'NONE',  ( -27.73244183007833641, -6.042206017375246319, -49.70959486204271371 ) ) ;
#2633 = CARTESIAN_POINT ( 'NONE',  ( -38.74426014148524899, -6.042206018788409239, -51.03729223149981209 ) ) ;
#2634 = CARTESIAN_POINT ( 'NONE',  ( 5.507970490038600175, -41.83478244423095305, 5.310691334286230081 ) ) ;
#2635 = CARTESIAN_POINT ( 'NONE',  ( -7.344001134591909619, -42.10616211114324869, 0.2041632554519854925 ) ) ;
#2636 = PLANE ( 'NONE',  #426 ) ;
#2637 = EDGE_LOOP ( 'NONE', ( #1160, #1422, #3556, #5098 ) ) ;
#2638 = DIRECTION ( 'NONE',  ( -0.000000000000000000, -1.000000000000000000, -0.000000000000000000 ) ) ;
#2639 = CARTESIAN_POINT ( 'NONE',  ( 19.13940958946784932, -36.51001737939193958, 14.09727398175714796 ) ) ;
#2640 = B_SPLINE_CURVE_WITH_KNOTS ( 'NONE', 3,
 ( #523, #3855, #2450, #5790 ),
 .UNSPECIFIED., .F., .F.,
 ( 4, 4 ),
 ( 0.000000000000000000, 1.000000000000000000 ),
 .UNSPECIFIED. ) ;
#2641 = CARTESIAN_POINT ( 'NONE',  ( -8.965809390968411563, -42.27545310530064882, 0.7841265367258221097 ) ) ;
#2642 = CARTESIAN_POINT ( 'NONE',  ( 13.24436795318036175, -33.22972007004624118, -1.542452698203079953 ) ) ;
#2643 = CARTESIAN_POINT ( 'NONE',  ( 17.55518724091167826, -39.79986517280057967, 17.15331500851934621 ) ) ;
#2644 = CARTESIAN_POINT ( 'NONE',  ( -18.00000000000000000, -34.34959553575265545, 21.81000826438560125 ) ) ;
#2645 = CARTESIAN_POINT ( 'NONE',  ( 9.180042342328178506, -41.93205553827840504, -7.619990962330779105 ) ) ;
#2646 = EDGE_LOOP ( 'NONE', ( #3383, #3977 ) ) ;
#2647 = CARTESIAN_POINT ( 'NONE',  ( 9.179999999857820114, -42.33629126070890436, 5.101072660356800444E-05 ) ) ;
#2648 = CARTESIAN_POINT ( 'NONE',  ( 18.66517746361758867, -42.19016841020512487, -3.191764933456163522 ) ) ;
#2649 = CARTESIAN_POINT ( 'NONE',  ( -18.00000000000000000, -23.68619686104764810, -39.70994965335955840 ) ) ;
#2650 = CARTESIAN_POINT ( 'NONE',  ( -8.998799112008940781, -38.30460735910270387, 0.1467910492799149869 ) ) ;
#2651 = VERTEX_POINT ( 'NONE', #1433 ) ;
#2652 = CARTESIAN_POINT ( 'NONE',  ( 8.889354730432700080, -42.24445726243027366, -1.408850713939134858 ) ) ;
#2653 = CARTESIAN_POINT ( 'NONE',  ( -42.61420186904452123, 0.2948983912058379953, 10.96746882930054667 ) ) ;
#2654 = EDGE_CURVE ( 'NONE', #4590, #481, #2246, .T. ) ;
#2655 = CARTESIAN_POINT ( 'NONE',  ( -3.388692166344748902, -41.58424815192159940, -8.337710328746807065 ) ) ;
#2656 = CARTESIAN_POINT ( 'NONE',  ( -1.117494968063858618, -41.48872398778406989, 9.000777874247246402 ) ) ;
#2657 = CARTESIAN_POINT ( 'NONE',  ( -63.78457947537187778, -6.042206017375232108, -2.260913941997169996 ) ) ;
#2658 = CARTESIAN_POINT ( 'NONE',  ( 19.92775606846375780, -38.48506133258187845, -132.9444878630724531 ) ) ;
#2659 = CARTESIAN_POINT ( 'NONE',  ( -8.998887288000474882, -38.31026224233492883, 0.1470156075517272953 ) ) ;
#2660 = CARTESIAN_POINT ( 'NONE',  ( 11.35561693001679728, -38.31026286157671024, 6.552265524354087489 ) ) ;
#2661 = CARTESIAN_POINT ( 'NONE',  ( 8.969704778572397785, -42.27715226534115800, -0.7497248535406088044 ) ) ;
#2662 = CARTESIAN_POINT ( 'NONE',  ( -40.72007806292530319, 10.00000000000000000, -8.679063920228790252 ) ) ;
#2663 = CARTESIAN_POINT ( 'NONE',  ( 3.405820614485210215E-06, -41.79101289190655422, -0.6129188008571250235 ) ) ;
#2664 = CARTESIAN_POINT ( 'NONE',  ( 7.343996594065629324, -42.11401773343364852, 0.6129596094384029970 ) ) ;
#2665 = CARTESIAN_POINT ( 'NONE',  ( 14.32664066837066308, -26.21705898800249912, 36.20710168978786925 ) ) ;
#2666 = CARTESIAN_POINT ( 'NONE',  ( 73.65500000000001535, -63.39640923772800818, -0.8370336954539060459 ) ) ;
#2667 = CARTESIAN_POINT ( 'NONE',  ( -71.46669839058749574, -70.00000000000000000, 137.9613978004092019 ) ) ;
#2668 = CARTESIAN_POINT ( 'NONE',  ( 20.36082540615130299, -38.31026286157670313, -0.1470188481355378107 ) ) ;
#2669 = AXIS2_PLACEMENT_3D ( 'NONE', #3634, #6103, #804 ) ;
#2670 = CARTESIAN_POINT ( 'NONE',  ( -8.956149962503332063, -42.27060452135030033, 0.8873462951892370221 ) ) ;
#2671 = CARTESIAN_POINT ( 'NONE',  ( -8.537886184161010306, -37.31067301982709239, 9.812610424415042942 ) ) ;
#2672 = CARTESIAN_POINT ( 'NONE',  ( 11.33627237045177338, -26.45621838515427982, 42.26685389004814652 ) ) ;
#2673 = CARTESIAN_POINT ( 'NONE',  ( 3.493117819995015694, -6.042206017371518634, -53.98290812280588824 ) ) ;
#2674 = CARTESIAN_POINT ( 'NONE',  ( -9.179978988388608485, -42.16512765732630186, -3.781320175800360506 ) ) ;
#2675 = ORIENTED_EDGE ( 'NONE', *, *, #5852, .F. ) ;
#2676 = CARTESIAN_POINT ( 'NONE',  ( -9.179999999857850312, -42.33629126074694682, -5.101072661278480033E-05 ) ) ;
#2677 = CARTESIAN_POINT ( 'NONE',  ( 17.34765784242170028, -39.30748658695551967, -18.87867984972083946 ) ) ;
#2678 = EDGE_CURVE ( 'NONE', #109, #2973, #5926, .T. ) ;
#2679 = FACE_OUTER_BOUND ( 'NONE', #5780, .T. ) ;
#2680 = EDGE_CURVE ( 'NONE', #481, #2030, #3350, .T. ) ;
#2681 = CARTESIAN_POINT ( 'NONE',  ( -9.180051010703030201, -41.81642451597864607, 9.179970327191989909 ) ) ;
#2682 = CARTESIAN_POINT ( 'NONE',  ( 20.13201909064075323, -38.30748449334880235, -0.07350728171799320032 ) ) ;
#2683 = ORIENTED_EDGE ( 'NONE', *, *, #227, .T. ) ;
#2684 = CARTESIAN_POINT ( 'NONE',  ( 6.370339373702754493, -41.83467294005808412, -6.357585089893281527 ) ) ;
#2685 = CARTESIAN_POINT ( 'NONE',  ( 85.62873080478189536, -33.22972007004624118, 73.16782629219190426 ) ) ;
#2686 = CARTESIAN_POINT ( 'NONE',  ( -7.443472278465462111, -41.97129647660606366, -5.059256612133913755 ) ) ;
#2687 = CARTESIAN_POINT ( 'NONE',  ( -63.74292612481356457, -6.042206017375227667, 2.413355618706136685 ) ) ;
#2688 = CARTESIAN_POINT ( 'NONE',  ( 54.88684423297739556, -56.13001623236050364, -7.718497068223229677E-15 ) ) ;
#2689 = CARTESIAN_POINT ( 'NONE',  ( -69.00494608707319344, -10.49410302710136200, 8.511434807347107778 ) ) ;
#2690 = CARTESIAN_POINT ( 'NONE',  ( -71.46669839058749574, -6.042206017375310267, -137.7671940876994086 ) ) ;
#2691 = CARTESIAN_POINT ( 'NONE',  ( 4.509811247363083808, -41.65828041189450914, 7.794236667929457241 ) ) ;
#2692 = CARTESIAN_POINT ( 'NONE',  ( -33.33474041576556601, -6.042206018788412791, -32.28729223149981209 ) ) ;
#2693 = CARTESIAN_POINT ( 'NONE',  ( -1.702058459057765057E-06, -41.79055256047669786, 0.3063060960499109919 ) ) ;
#2694 = CARTESIAN_POINT ( 'NONE',  ( -5.507993753922540314, -41.96795358722095415, -1.124072784890862042 ) ) ;
#2695 = CARTESIAN_POINT ( 'NONE',  ( 9.180051010703000003, -41.81642451497099700, -9.179970327191989909 ) ) ;
#2696 = CARTESIAN_POINT ( 'NONE',  ( 96.53238574791006954, -63.39640923772801528, -7.776272001999588568 ) ) ;
#2697 = FACE_OUTER_BOUND ( 'NONE', #3314, .T. ) ;
#2698 = CARTESIAN_POINT ( 'NONE',  ( -22.00000000000000355, -6.042206017375272964, -58.61996200337829777 ) ) ;
#2699 = DIRECTION ( 'NONE',  ( 3.074555195481525416E-16, 1.000000000000000000, -5.078222490274110485E-16 ) ) ;
#2700 = ADVANCED_FACE ( 'NONE', ( #5476 ), #5845, .F. ) ;
#2701 = CARTESIAN_POINT ( 'NONE',  ( 0.4618835974629266761, -36.69455159705139380, 12.99876454710664753 ) ) ;
#2702 = CARTESIAN_POINT ( 'NONE',  ( 16.03329761011519849, -36.26109868756177690, 27.03592911006021637 ) ) ;
#2703 = VECTOR ( 'NONE', #4547, 1000.000000000000000 ) ;
#2704 = CARTESIAN_POINT ( 'NONE',  ( 17.55518724091167826, -39.79986517280057967, 17.15331500851934621 ) ) ;
#2705 = CARTESIAN_POINT ( 'NONE',  ( 3.672011546564115214, -41.86434211346455214, -2.077934327300730022 ) ) ;
#2706 = ORIENTED_EDGE ( 'NONE', *, *, #3680, .F. ) ;
#2707 = CARTESIAN_POINT ( 'NONE',  ( -9.180001701916291168, -42.31469916674569731, 0.3062550853233024784 ) ) ;
#2708 = CARTESIAN_POINT ( 'NONE',  ( 16.53353958039605232, -37.39909008921487299, -24.41570337099339127 ) ) ;
#2709 = CARTESIAN_POINT ( 'NONE',  ( 99.14500000000001023, -63.39640923772800818, 0.8370336955066748352 ) ) ;
#2710 = CARTESIAN_POINT ( 'NONE',  ( -3.672046676600915216, -41.56765029200165174, 8.400011251197350148 ) ) ;
#2711 = CARTESIAN_POINT ( 'NONE',  ( -18.00000000000000000, -11.27713467053115970, 50.82238809104900668 ) ) ;
#2712 = ORIENTED_EDGE ( 'NONE', *, *, #2241, .T. ) ;
#2713 = CARTESIAN_POINT ( 'NONE',  ( 159.5718911911934867, -33.22972007004624118, 2.775557561562889773E-14 ) ) ;
#2714 = CARTESIAN_POINT ( 'NONE',  ( -8.065835028749635427, -42.06790632621664372, -3.995570508556302691 ) ) ;
#2715 = CARTESIAN_POINT ( 'NONE',  ( -8.261718975415808686, -42.10217960709699980, -3.570224196840912523 ) ) ;
#2716 = CARTESIAN_POINT ( 'NONE',  ( 23.13850053261344897, -58.99259783589939588, -3.625970439761834165E-15 ) ) ;
#2717 = CARTESIAN_POINT ( 'NONE',  ( 127.2749434869425187, 10.00000000000000000, 137.9613978004092019 ) ) ;
#2718 = DIRECTION ( 'NONE',  ( 1.000000000000000000, 0.000000000000000000, 0.000000000000000000 ) ) ;
#2719 = CARTESIAN_POINT ( 'NONE',  ( -71.46669839058749574, 4.652597994208234056, -137.7671940876994086 ) ) ;
#2720 = CARTESIAN_POINT ( 'NONE',  ( 3.724843242883058014, -41.60366366002243410, 8.198352839425425032 ) ) ;
#2721 = CARTESIAN_POINT ( 'NONE',  ( -71.46669839058749574, 10.00000000000000000, -137.7671940876994086 ) ) ;
#2722 = CARTESIAN_POINT ( 'NONE',  ( 3.672003405763750283, -41.88853576701350079, -0.6128983965664819289 ) ) ;
#2723 = CARTESIAN_POINT ( 'NONE',  ( 7.344029509762339814, -41.94464985518334998, -5.310619919268979139 ) ) ;
#2724 = CARTESIAN_POINT ( 'NONE',  ( 5.404687739659142842, -37.69950045057507992, 7.220265683609332186 ) ) ;
#2725 = CARTESIAN_POINT ( 'NONE',  ( 226.6457644257074833, 10.00000000000000000, 137.9613978004092019 ) ) ;
#2726 =( BOUNDED_SURFACE ( )  B_SPLINE_SURFACE ( 3, 3, ( 
 ( #4178, #3148, #5639, #6118, #4625, #5554, #3175 ),
 ( #2327, #1256, #6032, #1284, #344, #3706, #5077 ),
 ( #877, #1225, #2743, #1704, #4151, #1791, #4122 ),
 ( #3620, #790, #5610, #2685, #4204, #2772, #2713 ),
 ( #5668, #1311, #6090, #3234, #2301, #4597, #285 ),
 ( #6063, #4653, #2798, #1733, #6148, #3648, #1763 ),
 ( #5166, #3205, #5583, #5138, #1818, #3677, #819 ),
 ( #5108, #2275, #849, #4682, #373, #3734, #5192 ),
 ( #1340, #3263, #4708, #399, #1490, #20, #5314 ),
 ( #963, #5346, #53, #1460, #2356, #1021, #1368 ) ),
 .UNSPECIFIED., .F., .F., .F. ) 
 B_SPLINE_SURFACE_WITH_KNOTS ( ( 4, 2, 2, 2, 4 ),
 ( 4, 3, 4 ),
 ( 0.000000000000000000, 0.2500000000000000000, 0.5000000000000000000, 0.7500000000000000000, 1.000000000000000000 ),
 ( 0.000000000000000000, 0.5000000000000000000, 1.000000000000000000 ),
 .UNSPECIFIED. ) 
 GEOMETRIC_REPRESENTATION_ITEM ( )  RATIONAL_B_SPLINE_SURFACE ( (
 ( 1.000000000000000000, 0.8022468501230819449, 0.8022468501230819449, 1.000000000000000000, 0.8022468501230819449, 0.8022468501230819449, 1.000000000000000000),
 ( 1.000000000000000000, 0.8022468501230819449, 0.8022468501230819449, 1.000000000000000000, 0.8022468501230819449, 0.8022468501230819449, 1.000000000000000000),
 ( 1.000000000000000000, 0.8022468501230819449, 0.8022468501230819449, 1.000000000000000000, 0.8022468501230819449, 0.8022468501230819449, 1.000000000000000000),
 ( 1.000000000000000000, 0.8022468501230819449, 0.8022468501230819449, 1.000000000000000000, 0.8022468501230819449, 0.8022468501230819449, 1.000000000000000000),
 ( 1.000000000000000000, 0.8022468501230819449, 0.8022468501230819449, 1.000000000000000000, 0.8022468501230819449, 0.8022468501230819449, 1.000000000000000000),
 ( 1.000000000000000000, 0.8022468501230819449, 0.8022468501230819449, 1.000000000000000000, 0.8022468501230819449, 0.8022468501230819449, 1.000000000000000000),
 ( 1.000000000000000000, 0.8022468501230819449, 0.8022468501230819449, 1.000000000000000000, 0.8022468501230819449, 0.8022468501230819449, 1.000000000000000000),
 ( 1.000000000000000000, 0.8022468501230819449, 0.8022468501230819449, 1.000000000000000000, 0.8022468501230819449, 0.8022468501230819449, 1.000000000000000000),
 ( 1.000000000000000000, 0.8022468501230819449, 0.8022468501230819449, 1.000000000000000000, 0.8022468501230819449, 0.8022468501230819449, 1.000000000000000000),
 ( 1.000000000000000000, 0.8022468501230819449, 0.8022468501230819449, 1.000000000000000000, 0.8022468501230819449, 0.8022468501230819449, 1.000000000000000000) ) ) 
 REPRESENTATION_ITEM ( '' )  SURFACE ( )  );
#2727 = PLANE ( 'NONE',  #756 ) ;
#2728 = CARTESIAN_POINT ( 'NONE',  ( 54.88684423297739556, -56.13001623236050364, -7.718497068223229677E-15 ) ) ;
#2729 = EDGE_CURVE ( 'NONE', #6239, #3573, #815, .T. ) ;
#2730 = CYLINDRICAL_SURFACE ( 'NONE', #4290, 12.74500000000000632 ) ;
#2731 = CARTESIAN_POINT ( 'NONE',  ( 4.422109321993070274, -13.31401109140379369, 54.01453308892570959 ) ) ;
#2732 = EDGE_CURVE ( 'NONE', #581, #3844, #4568, .T. ) ;
#2733 = B_SPLINE_CURVE_WITH_KNOTS ( 'NONE', 2,
 ( #2821, #1868, #4761 ),
 .UNSPECIFIED., .F., .F.,
 ( 3, 3 ),
 ( 0.000000000000000000, 1.000000000000000000 ),
 .UNSPECIFIED. ) ;
#2734 = CARTESIAN_POINT ( 'NONE',  ( 18.82837672200435364, -42.30756013076910449, -7.696413152913580629E-15 ) ) ;
#2735 = CARTESIAN_POINT ( 'NONE',  ( -5.101084519470870296E-05, -41.43984812856500355, 9.180021337918599755 ) ) ;
#2736 = ORIENTED_EDGE ( 'NONE', *, *, #5285, .F. ) ;
#2737 = CARTESIAN_POINT ( 'NONE',  ( -3.671998297884704776, -41.89111594106904590, -0.3063265003405630238 ) ) ;
#2738 = CARTESIAN_POINT ( 'NONE',  ( 15.85367092286541890, -35.85770672467045728, -27.90821211365230425 ) ) ;
#2739 = CARTESIAN_POINT ( 'NONE',  ( 94.82056833811907381, -63.39640923772800818, 9.603532464480895925 ) ) ;
#2740 = CARTESIAN_POINT ( 'NONE',  ( 7.343970490010160113, -41.94464159687049687, 5.310701536431549741 ) ) ;
#2741 = CARTESIAN_POINT ( 'NONE',  ( 5.942223274042757630, -37.00363282978167234, 11.49997529799533602 ) ) ;
#2742 = EDGE_CURVE ( 'NONE', #3854, #4028, #5101, .T. ) ;
#2743 = CARTESIAN_POINT ( 'NONE',  ( 34.52997485881824957, -20.95902901126089901, 85.73526420871947096 ) ) ;
#2744 = CARTESIAN_POINT ( 'NONE',  ( -8.298688820630607310, -42.10896441734907825, -3.483119646182732509 ) ) ;
#2745 = CARTESIAN_POINT ( 'NONE',  ( -8.803261074653194740, -42.21873120470734619, -1.872060501303972613 ) ) ;
#2746 = CARTESIAN_POINT ( 'NONE',  ( 191.2208664832945999, -4.983198181002507887, 209.6417329665889895 ) ) ;
#2747 = CARTESIAN_POINT ( 'NONE',  ( 185.3328331859785862, -6.042206017371040794, -197.8656663719569906 ) ) ;
#2748 = CARTESIAN_POINT ( 'NONE',  ( -12.64384698155560294, -38.31026286157671024, 3.466316902698127311 ) ) ;
#2749 = CARTESIAN_POINT ( 'NONE',  ( 8.075894356145830955, -42.06904543142203323, 3.983412649387229276 ) ) ;
#2750 = CARTESIAN_POINT ( 'NONE',  ( -40.72007806292530319, 1.006503567975383318, -8.679063920228790252 ) ) ;
#2751 = AXIS2_PLACEMENT_3D ( 'NONE', #3575, #3471, #5913 ) ;
#2752 = CARTESIAN_POINT ( 'NONE',  ( 5.507998865209059680, -41.97550274140640170, 0.2042346704692374892 ) ) ;
#2753 = CARTESIAN_POINT ( 'NONE',  ( -7.343957657415930207, -41.80211066434029732, -7.620082781638670255 ) ) ;
#2754 = CARTESIAN_POINT ( 'NONE',  ( 8.456675660160172470, -38.12820398505355968, 3.080682832765379686 ) ) ;
#2755 = CARTESIAN_POINT ( 'NONE',  ( 84.73399007762131419, -63.39640923772800818, -12.66326252873922797 ) ) ;
#2756 = CARTESIAN_POINT ( 'NONE',  ( -32.03511162100602405, -6.042206018788412791, -26.03729223149981920 ) ) ;
#2757 = FACE_OUTER_BOUND ( 'NONE', #4520, .T. ) ;
#2758 = VECTOR ( 'NONE', #5310, 1000.000000000000000 ) ;
#2759 = CARTESIAN_POINT ( 'NONE',  ( -8.992636458767906404, -42.29313918963539720, 0.3714819245865138009 ) ) ;
#2760 = CARTESIAN_POINT ( 'NONE',  ( 3.396298652983297472, -36.78970689979131947, 12.55583831115972515 ) ) ;
#2761 = CARTESIAN_POINT ( 'NONE',  ( 8.998207878040258123, -42.30221689490164749, -0.1799115792259893820 ) ) ;
#2762 = CARTESIAN_POINT ( 'NONE',  ( 86.40000000000000568, -58.93658393131480722, 0.000000000000000000 ) ) ;
#2763 = CARTESIAN_POINT ( 'NONE',  ( 5.508046676572449840, -41.64574234799879804, -8.400001049052029600 ) ) ;
#2764 = ORIENTED_EDGE ( 'NONE', *, *, #4991, .F. ) ;
#2765 = CARTESIAN_POINT ( 'NONE',  ( 9.180003405678450079, -42.30370947901290180, -0.6128677901305170650 ) ) ;
#2766 = CARTESIAN_POINT ( 'NONE',  ( 11.32911082509865786, -38.31026286157674576, 6.528776660758645711 ) ) ;
#2767 = PLANE ( 'NONE',  #3058 ) ;
#2768 = ADVANCED_FACE ( 'NONE', ( #4048 ), #5508, .F. ) ;
#2769 = CARTESIAN_POINT ( 'NONE',  ( 9.179996594037190150, -42.30370506477029835, 0.6129698115837249883 ) ) ;
#2770 = CARTESIAN_POINT ( 'NONE',  ( 5.728487630522393736, -41.76636057292076032, 6.943409974946314733 ) ) ;
#2771 = CARTESIAN_POINT ( 'NONE',  ( 5.753716386823804818, -36.98508401056113826, 11.59491936489995823 ) ) ;
#2772 = CARTESIAN_POINT ( 'NONE',  ( 159.5718911911935436, -33.22972007004630512, 43.22219982320987697 ) ) ;
#2773 = EDGE_CURVE ( 'NONE', #5132, #2942, #5987, .T. ) ;
#2774 = CARTESIAN_POINT ( 'NONE',  ( -10.56049618750243368, -38.30830118485808100, 0.09413050191723557059 ) ) ;
#2775 = CARTESIAN_POINT ( 'NONE',  ( -8.880211729521489517, -42.24124126650249877, -1.470846183091591985 ) ) ;
#2776 = CARTESIAN_POINT ( 'NONE',  ( -71.46669839058749574, 10.00000000000000000, 137.9613978004092019 ) ) ;
#2777 = CARTESIAN_POINT ( 'NONE',  ( -18.00000000000000000, -11.27713467053115970, -50.82238809104900668 ) ) ;
#2778 = CARTESIAN_POINT ( 'NONE',  ( -3.671970490067059778, -41.75190379149490383, -5.310681132140909533 ) ) ;
#2779 = CARTESIAN_POINT ( 'NONE',  ( 3.168688680540636682, -41.57154047107901107, -8.428899662285626704 ) ) ;
#2780 = CARTESIAN_POINT ( 'NONE',  ( -3.671996594122520108, -41.88853499518950230, -0.6129392051477680070 ) ) ;
#2781 = CARTESIAN_POINT ( 'NONE',  ( 5.508021011383919863, -41.90336651180879102, -3.781238558637785019 ) ) ;
#2782 = CARTESIAN_POINT ( 'NONE',  ( 7.900788209085969349, -38.02430348114110359, 4.312655636670502446 ) ) ;
#2783 = LINE ( 'NONE', #2257, #5223 ) ;
#2784 = CARTESIAN_POINT ( 'NONE',  ( -52.51937634892737350, 9.999999999999998224, -15.42164038722743058 ) ) ;
#2785 = ADVANCED_FACE ( 'NONE', ( #2757 ), #2625, .T. ) ;
#2786 = CARTESIAN_POINT ( 'NONE',  ( -12.34821587872498228, -38.05085718249937088, 4.039254508818891587 ) ) ;
#2787 = CARTESIAN_POINT ( 'NONE',  ( -8.871598842480118208, -42.23864573056220451, 1.517930283947784176 ) ) ;
#2788 = CARTESIAN_POINT ( 'NONE',  ( -18.42086648329450682, -4.983198181002476801, 209.6417329665889895 ) ) ;
#2789 = CARTESIAN_POINT ( 'NONE',  ( 8.922334955094601838, -42.25590895142378400, -1.189071225633514084 ) ) ;
#2790 = CARTESIAN_POINT ( 'NONE',  ( 11.29511947763204915, -26.37506160710924163, 42.35998113509058527 ) ) ;
#2791 = CARTESIAN_POINT ( 'NONE',  ( 12.99644523611330982, -38.31026286157675287, 0.02705750318140733024 ) ) ;
#2792 = ORIENTED_EDGE ( 'NONE', *, *, #3220, .F. ) ;
#2793 = CARTESIAN_POINT ( 'NONE',  ( -7.343993753894100252, -42.10689525709390324, -1.124082987036183923 ) ) ;
#2794 = CARTESIAN_POINT ( 'NONE',  ( 139.1842759379911740, -47.26221975847450096, 6.464209457277149827E-15 ) ) ;
#2795 = CARTESIAN_POINT ( 'NONE',  ( 80.01474665271069853, -63.39640923772801528, 11.06183469793383090 ) ) ;
#2796 = CARTESIAN_POINT ( 'NONE',  ( 7.343996594065629324, -42.11401773343364852, 0.6129596094384029970 ) ) ;
#2797 = CARTESIAN_POINT ( 'NONE',  ( 9.770868698814227926, -37.51415903194531865, 8.550692271841670689 ) ) ;
#2798 = CARTESIAN_POINT ( 'NONE',  ( 54.66600174739932072, -47.26221975847412438, 52.45269724046585225 ) ) ;
#2799 = CARTESIAN_POINT ( 'NONE',  ( -7.538579603711134780, -37.17402386035485762, 10.59161020940446818 ) ) ;
#2800 = CARTESIAN_POINT ( 'NONE',  ( 80.74987728237677231, -63.39640923772800818, -11.45477020587406258 ) ) ;
#2801 = B_SPLINE_CURVE_WITH_KNOTS ( 'NONE', 3,
 ( #6026, #5606, #5634, #2766, #5160, #1278, #3201, #4676, #6143, #3728, #5754, #4288, #514, #4731, #2442, #5306, #6169, #2885 ),
 .UNSPECIFIED., .F., .F.,
 ( 4, 2, 2, 2, 2, 2, 2, 2, 4 ),
 ( 0.000000000000000000, 0.1250000000000000000, 0.2500000000000000000, 0.3750000000000000000, 0.5000000000000000000, 0.6250000000000000000, 0.7500000000000000000, 0.8750000000000000000, 1.000000000000000000 ),
 .UNSPECIFIED. ) ;
#2802 = CARTESIAN_POINT ( 'NONE',  ( -40.73448779060400682, -6.042206017375217897, 36.14419435670693304 ) ) ;
#2803 = CARTESIAN_POINT ( 'NONE',  ( -7.344046676544049745, -41.74793702368554449, 8.399990846906709052 ) ) ;
#2804 = CARTESIAN_POINT ( 'NONE',  ( -1.463326508831849004, -42.30756013076910449, -5.181181809388050601E-15 ) ) ;
#2805 = CARTESIAN_POINT ( 'NONE',  ( -5.507993753922540314, -41.96795358722095415, -1.124072784890862042 ) ) ;
#2806 = CARTESIAN_POINT ( 'NONE',  ( 7.344005109469069481, -42.10820935157229883, -0.9194906970830428738 ) ) ;
#2807 = CARTESIAN_POINT ( 'NONE',  ( -1.073558232587821459, -37.44994514558924692, 8.954937792757798221 ) ) ;
#2808 = DIRECTION ( 'NONE',  ( 0.000000000000000000, 1.000000000000000000, 0.000000000000000000 ) ) ;
#2809 = CARTESIAN_POINT ( 'NONE',  ( -40.72007806292534582, 9.999999999999987566, 8.679063920228786699 ) ) ;
#2810 = EDGE_CURVE ( 'NONE', #1489, #3854, #4000, .T. ) ;
#2811 = CARTESIAN_POINT ( 'NONE',  ( 5.753716386823804818, -36.98508401056113826, 11.59491936489995823 ) ) ;
#2812 = CARTESIAN_POINT ( 'NONE',  ( -18.01342170862875136, -5.512702099187720250, -2.557391253669899675E-14 ) ) ;
#2813 = LOCAL_TIME ( 17, 55, 0.000000000000000000, #3385 ) ;
#2814 = CARTESIAN_POINT ( 'NONE',  ( -6.388748023835303158, -41.83680981901326845, 6.339083748348628866 ) ) ;
#2815 = FACE_OUTER_BOUND ( 'NONE', #2236, .T. ) ;
#2816 = CARTESIAN_POINT ( 'NONE',  ( 8.997463673674943152, -42.30071007631976698, -0.2138539286408595030 ) ) ;
#2817 = CARTESIAN_POINT ( 'NONE',  ( 17.40406715312591501, -39.44123797946978272, 18.42484632137303890 ) ) ;
#2818 = CARTESIAN_POINT ( 'NONE',  ( -3.672042342413504912, -41.61891558214599485, 7.620021568766750519 ) ) ;
#2819 = VERTEX_POINT ( 'NONE', #3134 ) ;
#2820 = CARTESIAN_POINT ( 'NONE',  ( 3.672005109525934952, -41.88319390070309112, -0.9195111013736859684 ) ) ;
#2821 = CARTESIAN_POINT ( 'NONE',  ( 73.65500000000000114, -63.39640923772800818, -2.064450201827639861E-15 ) ) ;
#2822 = CARTESIAN_POINT ( 'NONE',  ( -7.344005109469100567, -42.10820935120749198, 0.9194906970830359905 ) ) ;
#2823 = CARTESIAN_POINT ( 'NONE',  ( 3.672042342413474714, -41.61891558230554722, -7.620021568766739861 ) ) ;
#2824 = DIRECTION ( 'NONE',  ( 0.000000000000000000, -1.000000000000000000, 0.000000000000000000 ) ) ;
#2825 = CARTESIAN_POINT ( 'NONE',  ( -3.672016847192949740, -41.84322007454385073, 3.031846880437194969 ) ) ;
#2826 = FACE_OUTER_BOUND ( 'NONE', #3140, .T. ) ;
#2827 = CARTESIAN_POINT ( 'NONE',  ( -18.01342170862873715, -5.512702099187712257, -208.8268434172576917 ) ) ;
#2828 = CARTESIAN_POINT ( 'NONE',  ( 19.07334698233634995, -40.88189669053594599, -38.76238080152555199 ) ) ;
#2829 = CARTESIAN_POINT ( 'NONE',  ( -10.53307570939706395, -37.64487070752127806, 7.631214811790353103 ) ) ;
#2830 = CARTESIAN_POINT ( 'NONE',  ( 90.50450560134764544, -63.39640923772801528, -12.09498577766955485 ) ) ;
#2831 = CARTESIAN_POINT ( 'NONE',  ( 23.13850053261340634, -58.99259783589941009, 126.5229989347730566 ) ) ;
#2832 = EDGE_CURVE ( 'NONE', #2168, #4467, #882, .T. ) ;
#2833 = CARTESIAN_POINT ( 'NONE',  ( -18.00000000000000000, -23.68619686104764810, -39.70994965335955840 ) ) ;
#2834 = B_SPLINE_CURVE_WITH_KNOTS ( 'NONE', 3,
 ( #1052, #3982, #4830, #622 ),
 .UNSPECIFIED., .F., .F.,
 ( 4, 4 ),
 ( 0.000000000000000000, 1.000000000000000000 ),
 .UNSPECIFIED. ) ;
#2835 = CARTESIAN_POINT ( 'NONE',  ( -3.671978988473910022, -41.81616949220065038, -3.781289569364395309 ) ) ;
#2836 = CARTESIAN_POINT ( 'NONE',  ( 8.524545121609259368, -42.15256165985374537, -2.901661860208398558 ) ) ;
#2837 = CARTESIAN_POINT ( 'NONE',  ( 7.344051010731440066, -41.69037129700890176, -9.179980529337310458 ) ) ;
#2838 = CARTESIAN_POINT ( 'NONE',  ( -2.873241832810186747, -37.51457121368937919, 8.531394091148955638 ) ) ;
#2839 = CARTESIAN_POINT ( 'NONE',  ( 8.317872550094053352, -38.10015893267109988, 3.437012917872690476 ) ) ;
#2840 = CARTESIAN_POINT ( 'NONE',  ( -22.00000000000000355, -6.042206018788409239, -51.03729223149981209 ) ) ;
#2841 = CARTESIAN_POINT ( 'NONE',  ( -6.994251061820816240, -37.11834767767592780, 10.89544962596576205 ) ) ;
#2842 = LINE ( 'NONE', #4721, #2940 ) ;
#2843 = CARTESIAN_POINT ( 'NONE',  ( -8.838519512636104025, -42.22871349447374456, 1.697322213048348294 ) ) ;
#2844 = PLANE ( 'NONE',  #1578 ) ;
#2845 = CARTESIAN_POINT ( 'NONE',  ( 8.365068518269850983, -42.12141091275684346, -3.320898973852175917 ) ) ;
#2846 = CARTESIAN_POINT ( 'NONE',  ( 8.988786243229990092, -42.28935717099580671, 0.4491583659884785251 ) ) ;
#2847 = CARTESIAN_POINT ( 'NONE',  ( -3.672038008226089723, -41.66660914934225701, 6.840031886336140232 ) ) ;
#2848 = CARTESIAN_POINT ( 'NONE',  ( 7.344051010731440066, -41.69037129700890176, -9.179980529337310458 ) ) ;
#2849 = ORIENTED_EDGE ( 'NONE', *, *, #1412, .F. ) ;
#2850 = EDGE_LOOP ( 'NONE', ( #459, #1028, #1756, #1836 ) ) ;
#2851 = CARTESIAN_POINT ( 'NONE',  ( 1.154662097816547910E-05, -41.78218312152495173, -2.077954731591369786 ) ) ;
#2852 = LINE ( 'NONE', #4703, #1226 ) ;
#2853 = B_SPLINE_CURVE_WITH_KNOTS ( 'NONE', 3,
 ( #5091, #3161, #2137, #4609 ),
 .UNSPECIFIED., .F., .F.,
 ( 4, 4 ),
 ( 0.000000000000000000, 1.000000000000000000 ),
 .UNSPECIFIED. ) ;
#2854 = CARTESIAN_POINT ( 'NONE',  ( 9.179970489981730708, -42.08223716966009675, 5.310711738576870289 ) ) ;
#2855 = CARTESIAN_POINT ( 'NONE',  ( 4.234247034024029508E-05, -41.54461856230044958, -7.620041973057389839 ) ) ;
#2856 = CARTESIAN_POINT ( 'NONE',  ( 73.48162190796291782, -6.042206017375220561, 103.3481504930962416 ) ) ;
#2857 = CARTESIAN_POINT ( 'NONE',  ( 3.493117819995016582, -6.042206017371519522, -53.98290812280589535 ) ) ;
#2858 = CARTESIAN_POINT ( 'NONE',  ( -9.180003405678480277, -42.30370947905574752, 0.6128677901305089604 ) ) ;
#2859 = CARTESIAN_POINT ( 'NONE',  ( -4.537243675503461304, -36.87884619530686336, 12.12655139875920085 ) ) ;
#2860 = ADVANCED_FACE ( 'NONE', ( #6104 ), #746, .F. ) ;
#2861 = ORIENTED_EDGE ( 'NONE', *, *, #5617, .T. ) ;
#2862 = CARTESIAN_POINT ( 'NONE',  ( 99.14499999999999602, -63.39640923772800818, 1.560812345513310002E-15 ) ) ;
#2863 = EDGE_CURVE ( 'NONE', #696, #2146, #4079, .T. ) ;
#2864 = CARTESIAN_POINT ( 'NONE',  ( -12.06508163343885265, -37.97348114495279248, 4.845547133462899225 ) ) ;
#2865 = CARTESIAN_POINT ( 'NONE',  ( -38.05369335043265266, 10.00000000000000178, 9.540979117872439019E-15 ) ) ;
#2866 = CARTESIAN_POINT ( 'NONE',  ( 76.26767428034234797, -63.39640923772800818, -7.776231892382877042 ) ) ;
#2867 = B_SPLINE_CURVE_WITH_KNOTS ( 'NONE', 3,
 ( #331, #4080, #6019, #5125, #807, #1689, #1779, #272, #3693, #2759, #5655, #5035, #5627, #3221, #2203, #5152, #835, #719, #4669, #360, #2289, #2641, #3604, #5539, #3135, #5063, #747, #2670, #1445, #3251, #3307, #2787, #5267, #2843, #3749, #4752, #3838, #4249, #2315, #5181, #37, #5685, #3367, #1958, #5774, #3870, #3278, #1355, #475, #4785, #5298, #2403, #864, #5207, #4312, #1326, #4279, #2433, #5714, #2342, #4696, #5, #977, #3336, #891, #2814, #1415, #4722, #6225, #6192, #4220, #387, #2906, #1860, #1382, #5236, #4819, #6162, #4345, #506, #1831, #1925, #415, #3778, #921, #443, #2371, #1892, #3806, #5745, #948, #2877, #4377, #67, #676, #4410, #102, #2128, #4003, #2530, #541, #4445, #1039, #5805, #3902, #169, #5904, #1540, #2466, #2599, #2966, #3934, #3032, #2935, #1988, #1574, #5871, #5836, #2496, #4886, #2022, #573, #3461, #1074, #2057, #4476, #5395, #5939, #5464, #3496, #2998, #5428, #1506, #4919, #3428, #5362, #609, #136, #4513, #3969, #1612, #1108, #4954, #643, #4849, #2564, #3530, #2091, #1140, #3065, #4992, #203, #1476, #3397, #5328, #1007, #321, #350, #6009 ),
 .UNSPECIFIED., .F., .F.,
 ( 4, 2, 1, 2, 2, 2, 1, 1, 1, 1, 2, 2, 2, 2, 1, 1, 2, 2, 2, 1, 1, 2, 2, 2, 2, 1, 1, 1, 2, 2, 2, 2, 1, 1, 1, 2, 2, 2, 1, 1, 1, 1, 2, 2, 2, 2, 2, 1, 1, 1, 2, 2, 2, 2, 2, 1, 1, 1, 1, 1, 2, 2, 2, 2, 2, 1, 1, 1, 2, 2, 2, 1, 1, 2, 2, 2, 2, 1, 1, 2, 2, 2, 2, 1, 1, 2, 2, 2, 1, 1, 1, 1, 2, 2, 2, 1, 1, 1, 2, 2, 4 ),
 ( 0.000000000000000000, 0.003906250000000059848, 0.005859375000000087604, 0.006835937500000089338, 0.007812500000000090206, 0.01562500000000019429, 0.01953125000000023245, 0.02148437500000025674, 0.02246093750000027409, 0.02294921875000028796, 0.02319335937500028103, 0.02343750000000027409, 0.02734375000000020123, 0.02929687500000015266, 0.03027343750000013878, 0.03076171875000014225, 0.03100585937500014225, 0.03125000000000013878, 0.04687500000000003469, 0.05468749999999997918, 0.05859374999999993061, 0.06054687499999993061, 0.06249999999999992367, 0.09374999999999963918, 0.1093749999999995143, 0.1171874999999994588, 0.1210937499999994033, 0.1230468749999993616, 0.1240234374999994033, 0.1249999999999994449, 0.1562500000000009159, 0.1718750000000016931, 0.1796875000000020817, 0.1835937500000023592, 0.1855468750000024980, 0.1865234375000026090, 0.1875000000000026923, 0.2187500000000060785, 0.2343750000000077161, 0.2421875000000085487, 0.2460937500000089651, 0.2480468750000091593, 0.2490234375000091871, 0.2500000000000092149, 0.3125000000000122125, 0.3437500000000136557, 0.3593750000000143774, 0.3671875000000147105, 0.3710937500000149325, 0.3730468750000150435, 0.3740234375000150435, 0.3750000000000150990, 0.5000000000000192069, 0.5625000000000213163, 0.5937500000000223155, 0.6093750000000228706, 0.6171875000000230926, 0.6210937500000233147, 0.6230468750000233147, 0.6240234375000233147, 0.6245117187500233147, 0.6250000000000233147, 0.6875000000000182077, 0.7187500000000156541, 0.7343750000000144329, 0.7421875000000138778, 0.7460937500000136557, 0.7480468750000135447, 0.7490234375000134337, 0.7500000000000134337, 0.7812500000000121014, 0.7968750000000114353, 0.8046875000000109912, 0.8085937500000108802, 0.8125000000000106581, 0.8437500000000091038, 0.8593750000000085487, 0.8671875000000082157, 0.8710937500000081046, 0.8730468750000079936, 0.8750000000000079936, 0.9062500000000063283, 0.9218750000000054401, 0.9296875000000049960, 0.9335937500000047740, 0.9355468750000045519, 0.9375000000000043299, 0.9531250000000028866, 0.9609375000000021094, 0.9648437500000016653, 0.9667968750000014433, 0.9677734375000014433, 0.9682617187500014433, 0.9687500000000014433, 0.9765625000000009992, 0.9804687500000007772, 0.9824218750000007772, 0.9833984375000006661, 0.9838867187500006661, 0.9843750000000006661, 1.000000000000000000 ),
 .UNSPECIFIED. ) ;
#2868 = CARTESIAN_POINT ( 'NONE',  ( 8.999394573592056190, -42.30653784154718977, 0.1533549763514283903 ) ) ;
#2869 = CARTESIAN_POINT ( 'NONE',  ( 3.671948989097939986, -41.51274014781865418, 9.180041742209249733 ) ) ;
#2870 = CARTESIAN_POINT ( 'NONE',  ( -7.343978988417039666, -42.01818542903539822, -3.781309973655035073 ) ) ;
#2871 = CARTESIAN_POINT ( 'NONE',  ( -3.724843243001956683, -41.60366366002955374, -8.198352839367936795 ) ) ;
#2872 = CARTESIAN_POINT ( 'NONE',  ( 9.180046676515591031, -41.87592484815069582, -8.399980644761390280 ) ) ;
#2873 = DIRECTION ( 'NONE',  ( 1.000000000000000000, 0.000000000000000000, 0.000000000000000000 ) ) ;
#2874 = DIRECTION ( 'NONE',  ( 0.000000000000000000, 0.000000000000000000, 1.000000000000000000 ) ) ;
#2875 = CARTESIAN_POINT ( 'NONE',  ( 2.138841809898338830, -36.74487250773795921, 12.76600127530192630 ) ) ;
#2876 = CARTESIAN_POINT ( 'NONE',  ( 6.886001133296709042, -17.91497862139906161, -50.52703835337772631 ) ) ;
#2877 = CARTESIAN_POINT ( 'NONE',  ( 3.388692166109678272, -41.58424815189525248, 8.337710328842117491 ) ) ;
#2878 = CARTESIAN_POINT ( 'NONE',  ( -17.60597693396296748, -6.042206017373006333, 208.0119538679257687 ) ) ;
#2879 = CARTESIAN_POINT ( 'NONE',  ( 5.383077264295460296, -41.73009153729311294, -7.236683521414046361 ) ) ;
#2880 = CARTESIAN_POINT ( 'NONE',  ( 3.671961991660179780, -41.66660398504500051, 6.840072694917419760 ) ) ;
#2881 = CARTESIAN_POINT ( 'NONE',  ( -7.344021011355519768, -42.01819183912319744, 3.781228356492460474 ) ) ;
#2882 = VERTEX_POINT ( 'NONE', #3635 ) ;
#2883 = VERTEX_POINT ( 'NONE', #2259 ) ;
#2884 = CARTESIAN_POINT ( 'NONE',  ( 7.344011546507249300, -42.08122902396474529, -2.077913923010084929 ) ) ;
#2885 = CARTESIAN_POINT ( 'NONE',  ( -12.99864817594080080, -38.30611261494834707, 0.03755347317486655567 ) ) ;
#2886 = CARTESIAN_POINT ( 'NONE',  ( 9.179994890275008146, -42.29213543392165064, 0.9195825163909309152 ) ) ;
#2887 = CARTESIAN_POINT ( 'NONE',  ( 7.052232562570936558, -6.042206017375218785, 67.46616445029683007 ) ) ;
#2888 = CARTESIAN_POINT ( 'NONE',  ( 18.32470375575404731, -41.55041714750679915, 8.581492260871554478 ) ) ;
#2889 = CARTESIAN_POINT ( 'NONE',  ( -3.671999999943150073, -41.88125511300085435, -2.040429064798975216E-05 ) ) ;
#2890 = CARTESIAN_POINT ( 'NONE',  ( -1.453193699543083417, -36.72527420606240867, 12.85687936050983993 ) ) ;
#2891 = EDGE_LOOP ( 'NONE', ( #5982, #4938, #2675, #1055, #1459, #4485 ) ) ;
#2892 = DIRECTION ( 'NONE',  ( 0.000000000000000000, 0.000000000000000000, 1.000000000000000000 ) ) ;
#2893 = CARTESIAN_POINT ( 'NONE',  ( 0.000000000000000000, 0.000000000000000000, 0.000000000000000000 ) ) ;
#2894 = CARTESIAN_POINT ( 'NONE',  ( -12.75417235284320050, -38.16930386266236042, 2.518401431502582444 ) ) ;
#2895 = AXIS2_PLACEMENT_3D ( 'NONE', #1494, #1976, #87 ) ;
#2896 = CARTESIAN_POINT ( 'NONE',  ( -42.61420186904452123, 10.00000000000001066, 10.96746882930054667 ) ) ;
#2897 = CARTESIAN_POINT ( 'NONE',  ( 77.97943166187842223, -63.39640923772800818, -9.603532464476909780 ) ) ;
#2898 = CARTESIAN_POINT ( 'NONE',  ( 7.493516310389637169, -37.95921278882621408, 4.984706288116807826 ) ) ;
#2899 = CARTESIAN_POINT ( 'NONE',  ( 7.799899573964489186, -42.02418059112930138, 4.499905701348998477 ) ) ;
#2900 = CARTESIAN_POINT ( 'NONE',  ( -7.344051010731459606, -41.69037129754194382, 9.179980529337321116 ) ) ;
#2901 = PLANE ( 'NONE',  #2163 ) ;
#2902 = CARTESIAN_POINT ( 'NONE',  ( 0.4875835940452989958, -6.042206017375179705, 137.9613978004092019 ) ) ;
#2903 = CARTESIAN_POINT ( 'NONE',  ( -5.654198378494574406, -37.72778416349179054, 7.004006769073472860 ) ) ;
#2904 = CARTESIAN_POINT ( 'NONE',  ( 6.500979930642922788, -37.06129057593918930, 11.20116189807762552 ) ) ;
#2905 = CARTESIAN_POINT ( 'NONE',  ( 149.6614994673865908, -58.99259783589949535, 7.747299283199699130E-15 ) ) ;
#2906 = CARTESIAN_POINT ( 'NONE',  ( -4.032370305461479454, -41.62429543674300447, 8.047270879041175107 ) ) ;
#2907 = CARTESIAN_POINT ( 'NONE',  ( 191.2208664832945146, -4.983198181002509664, 1.884488981680940006E-14 ) ) ;
#2908 = CARTESIAN_POINT ( 'NONE',  ( -3.433219362295867771, -41.58679584630655057, -8.319436759854642816 ) ) ;
#2909 = CARTESIAN_POINT ( 'NONE',  ( 4.422109321993070274, -13.31401109140379369, 54.01453308892570959 ) ) ;
#2910 = CARTESIAN_POINT ( 'NONE',  ( 9.179970489981730708, -42.08223716966009675, 5.310711738576870289 ) ) ;
#2911 = EDGE_LOOP ( 'NONE', ( #5203, #185, #4759, #5929 ) ) ;
#2912 = EDGE_LOOP ( 'NONE', ( #4020, #5472 ) ) ;
#2913 = CARTESIAN_POINT ( 'NONE',  ( -5.507970490038629485, -41.83478244410004976, -5.310691334286230081 ) ) ;
#2914 = EDGE_CURVE ( 'NONE', #3844, #5345, #286, .T. ) ;
#2915 = CARTESIAN_POINT ( 'NONE',  ( 3.671983152693320207, -41.84321739123220141, 3.031887689018485155 ) ) ;
#2916 = B_SPLINE_SURFACE_WITH_KNOTS ( 'NONE', 2, 1, ( 
 ( #1534, #5770 ),
 ( #3424, #1954 ),
 ( #1471, #2398 ) ),
 .UNSPECIFIED., .F., .F., .F.,
 ( 3, 3 ),
 ( 2, 2 ),
 ( 0.000000000000000000, 0.9230367382001619658 ),
 ( 0.000000000000000000, 1.000000000000000000 ),
 .UNSPECIFIED. ) ;
#2917 = LINE ( 'NONE', #4259, #1337 ) ;
#2918 = CARTESIAN_POINT ( 'NONE',  ( 99.14500000000001023, -64.66763823405520384, -2.673877255218193873E-14 ) ) ;
#2919 = CARTESIAN_POINT ( 'NONE',  ( 7.343998865180619617, -42.10617315468100230, 0.2042448726145590088 ) ) ;
#2920 = CARTESIAN_POINT ( 'NONE',  ( -10.27410205676423338, -37.60328503914612241, 7.946820157780663862 ) ) ;
#2921 = ORIENTED_EDGE ( 'NONE', *, *, #5422, .F. ) ;
#2922 = CARTESIAN_POINT ( 'NONE',  ( -8.998799112008940781, 11.74493434166574168, 0.1470188481355286236 ) ) ;
#2923 = DATE_AND_TIME ( #4364, #4123 ) ;
#2924 = CARTESIAN_POINT ( 'NONE',  ( 0.4618835974629266761, -36.69455159705139380, 12.99876454710664753 ) ) ;
#2925 = CARTESIAN_POINT ( 'NONE',  ( -13.15518455823439936, -36.65699875535980112, 13.16961417038971938 ) ) ;
#2926 = DIRECTION ( 'NONE',  ( 1.000000000000000000, 0.000000000000000000, 0.000000000000000000 ) ) ;
#2927 = CARTESIAN_POINT ( 'NONE',  ( 6.405489535350903374, -37.81189647344807980, 6.322166344329646748 ) ) ;
#2928 = CARTESIAN_POINT ( 'NONE',  ( -8.524545121491614807, -42.15256165982833636, 2.901661860576263408 ) ) ;
#2929 = B_SPLINE_CURVE_WITH_KNOTS ( 'NONE', 3,
 ( #704, #5494, #160, #3589, #2049, #3487, #2591, #1169, #1098, #3091 ),
 .UNSPECIFIED., .F., .F.,
 ( 4, 2, 2, 2, 4 ),
 ( -0.0001366085972632370270, 0.0005909845821222179611, 0.001318577761507672922, 0.002773764120278582844, 0.005684136837820400086 ),
 .UNSPECIFIED. ) ;
#2930 = CARTESIAN_POINT ( 'NONE',  ( 94.82056833811907381, -63.39640923772800818, 9.603532464480895925 ) ) ;
#2931 = CARTESIAN_POINT ( 'NONE',  ( -3.671953323285380044, -41.56764441687349887, -8.400052059778639446 ) ) ;
#2932 = CARTESIAN_POINT ( 'NONE',  ( -6.699964364492870139, -37.84776965947988714, 6.016345034982741424 ) ) ;
#2933 = CARTESIAN_POINT ( 'NONE',  ( 8.969704778572397785, -42.27715226534115800, -0.7497248535406088044 ) ) ;
#2934 = CARTESIAN_POINT ( 'NONE',  ( 13.12834954163002799, -30.05119097491506608, -37.74439025425412808 ) ) ;
#2935 = CARTESIAN_POINT ( 'NONE',  ( 7.338750820085674142, -41.95626886554431678, 5.210780767647301914 ) ) ;
#2936 = CARTESIAN_POINT ( 'NONE',  ( -53.58330569984575931, 10.00000000000000000, -15.42164038722743058 ) ) ;
#2937 = CARTESIAN_POINT ( 'NONE',  ( 6.370339373702754493, -41.83467294005808412, -6.357585089893281527 ) ) ;
#2938 = CARTESIAN_POINT ( 'NONE',  ( 8.061850245893294797, -20.13549364237563566, 48.63237231635005031 ) ) ;
#2939 = CARTESIAN_POINT ( 'NONE',  ( -7.344016847136080273, -42.05001507887665468, 3.031826476146554761 ) ) ;
#2940 = VECTOR ( 'NONE', #5773, 1000.000000000000000 ) ;
#2941 = ORIENTED_EDGE ( 'NONE', *, *, #4460, .T. ) ;
#2942 = VERTEX_POINT ( 'NONE', #3426 ) ;
#2943 = CARTESIAN_POINT ( 'NONE',  ( 176.2725978347991429, -6.042206017375331584, -52.63687738973560215 ) ) ;
#2944 = CARTESIAN_POINT ( 'NONE',  ( -3.672005109525965150, -41.88319390030805067, 0.9195111013736788630 ) ) ;
#2945 = CARTESIAN_POINT ( 'NONE',  ( 163.2016005165787931, -6.042206017375264970, 70.35082700955963730 ) ) ;
#2946 = CARTESIAN_POINT ( 'NONE',  ( -10.78209105369902154, -38.30785244987981031, 0.08148052098807902210 ) ) ;
#2947 = CARTESIAN_POINT ( 'NONE',  ( -5.507996594094088927, -41.96905090737419641, -0.6129494072930899984 ) ) ;
#2948 = AXIS2_PLACEMENT_3D ( 'NONE', #5404, #619, #6047 ) ;
#2949 = ORIENTED_EDGE ( 'NONE', *, *, #1726, .T. ) ;
#2950 = CARTESIAN_POINT ( 'NONE',  ( -53.58330569984575931, 10.00000000000000000, 0.000000000000000000 ) ) ;
#2951 = CARTESIAN_POINT ( 'NONE',  ( 9.781504384718965994, -37.50897627873879969, 8.573562958649304733 ) ) ;
#2952 = CARTESIAN_POINT ( 'NONE',  ( -38.26127224062755516, -6.042206018788409239, 48.96270776850018080 ) ) ;
#2953 = CARTESIAN_POINT ( 'NONE',  ( -18.00000000000000000, -6.042206017372996563, -31.95317545291229777 ) ) ;
#2954 = CARTESIAN_POINT ( 'NONE',  ( 6.557977695660026640, -37.83080353314849731, 6.164598778401613188 ) ) ;
#2955 = EDGE_LOOP ( 'NONE', ( #4451, #5887, #511, #1876 ) ) ;
#2956 = CARTESIAN_POINT ( 'NONE',  ( -1.172851373277237874, -41.49943496707153656, 8.928241869315067802 ) ) ;
#2957 = CARTESIAN_POINT ( 'NONE',  ( -44.90729918175797764, -1.334740415765574673, -12.86410655089384392 ) ) ;
#2958 = AXIS2_PLACEMENT_3D ( 'NONE', #4371, #412, #3421 ) ;
#2959 = EDGE_CURVE ( 'NONE', #2457, #2651, #1473, .T. ) ;
#2960 = CARTESIAN_POINT ( 'NONE',  ( -18.00000000000000000, -15.84325058705650058, -47.33309916941539797 ) ) ;
#2961 = CARTESIAN_POINT ( 'NONE',  ( 8.305570217834418401, -42.11023774444726797, 3.466685457918404101 ) ) ;
#2962 = DIRECTION ( 'NONE',  ( -1.000000000000000000, -0.000000000000000000, -0.000000000000000000 ) ) ;
#2963 = CARTESIAN_POINT ( 'NONE',  ( -7.273105562095897980, -37.92614824399532836, 5.302012324047144176 ) ) ;
#2964 = CARTESIAN_POINT ( 'NONE',  ( 8.695199106833102931, -42.19041312910376007, -2.341126363643414532 ) ) ;
#2965 = CARTESIAN_POINT ( 'NONE',  ( 15.91487918872472740, -35.99484763279271959, -27.61511167585570803 ) ) ;
#2966 = CARTESIAN_POINT ( 'NONE',  ( 6.771385655933783276, -41.88150254570224007, 5.935923354655471940 ) ) ;
#2967 = CARTESIAN_POINT ( 'NONE',  ( 0.4875835940452989958, -6.042206017375280069, -58.61996200337880225 ) ) ;
#2968 = CARTESIAN_POINT ( 'NONE',  ( 7.501887056827288625, -41.97981607413481697, -4.972102132333244384 ) ) ;
#2969 = CARTESIAN_POINT ( 'NONE',  ( -8.424848189839819312, -38.12110922347194730, -3.179410262268568932 ) ) ;
#2970 = CARTESIAN_POINT ( 'NONE',  ( -4.234247036814634441E-05, -41.54461856202144787, 7.620041973057389839 ) ) ;
#2971 = CARTESIAN_POINT ( 'NONE',  ( -3.672011546564145412, -41.86434211302900366, 2.077934327300719808 ) ) ;
#2972 = B_SPLINE_CURVE_WITH_KNOTS ( 'NONE', 3,
 ( #1681, #3596, #3183, #5055, #2661, #4576, #5260, #5173, #1886, #2836, #1919, #436, #3712, #3770, #6250, #941, #1347, #913, #4744, #2363, #3241, #2779, #3799, #4242, #4778, #3329, #5646, #4271, #4813, #5293, #2334, #5676, #6184, #2871, #6216, #1853, #3831, #378, #3740, #5739, #5768, #5706, #4688, #1375, #3299, #4713, #3269, #1823, #3360, #468, #1407, #5199, #6154, #1317, #2396, #31, #5228, #2306, #501, #883, #4305, #2428 ),
 .UNSPECIFIED., .F., .F.,
 ( 4, 2, 2, 2, 2, 2, 2, 2, 2, 2, 2, 2, 2, 2, 2, 2, 2, 2, 2, 2, 2, 2, 2, 2, 2, 2, 2, 2, 2, 2, 4 ),
 ( 0.000000000000000000, 0.01562500000000003816, 0.03125000000000007633, 0.06250000000000013878, 0.09375000000000019429, 0.1250000000000002498, 0.1875000000000003053, 0.2500000000000003331, 0.3125000000000004441, 0.3437500000000004996, 0.3750000000000004996, 0.4062500000000004996, 0.4375000000000004441, 0.4687500000000004441, 0.5000000000000003331, 0.5625000000000003331, 0.6250000000000003331, 0.6562500000000002220, 0.6875000000000002220, 0.7187500000000002220, 0.7500000000000001110, 0.7812500000000001110, 0.8125000000000001110, 0.8437500000000001110, 0.8750000000000000000, 0.9375000000000000000, 0.9531250000000000000, 0.9609375000000000000, 0.9687500000000000000, 0.9843750000000001110, 1.000000000000000000 ),
 .UNSPECIFIED. ) ;
#2973 = VERTEX_POINT ( 'NONE', #1005 ) ;
#2974 = VERTEX_POINT ( 'NONE', #5142 ) ;
#2975 = CARTESIAN_POINT ( 'NONE',  ( 95.49229278371629448, -6.042206017375334248, -103.7547826117758660 ) ) ;
#2976 = CYLINDRICAL_SURFACE ( 'NONE', #1518, 12.74500000000000632 ) ;
#2977 = CARTESIAN_POINT ( 'NONE',  ( 16.39682016076275772, -30.41224494527519440, 29.88282692401734764 ) ) ;
#2978 = CARTESIAN_POINT ( 'NONE',  ( -30.17645526901734598, -6.042206017375218785, 46.32795754404583022 ) ) ;
#2979 = CARTESIAN_POINT ( 'NONE',  ( 46.43677164677047386, -38.48506133258121054, 66.05468056303826074 ) ) ;
#2980 = CARTESIAN_POINT ( 'NONE',  ( -38.74426014148524899, -6.042206018788388810, -51.03729223149983341 ) ) ;
#2981 = CARTESIAN_POINT ( 'NONE',  ( 9.179999999857820114, -42.33629126070890436, 5.101072660356800444E-05 ) ) ;
#2982 = CC_DESIGN_PERSON_AND_ORGANIZATION_ASSIGNMENT ( #21, #2388, ( #3016 ) ) ;
#2983 = ORIENTED_EDGE ( 'NONE', *, *, #4991, .T. ) ;
#2984 = DIRECTION ( 'NONE',  ( 0.000000000000000000, 1.000000000000000000, 0.000000000000000000 ) ) ;
#2985 = CARTESIAN_POINT ( 'NONE',  ( 8.531012895683245389, -38.14362886884734394, -2.882821874213921998 ) ) ;
#2986 = CARTESIAN_POINT ( 'NONE',  ( -22.00000000000000000, -6.042206018788405686, 5.212707768500186134 ) ) ;
#2987 = CARTESIAN_POINT ( 'NONE',  ( -71.46669839058749574, 10.00000000000000000, -137.7671940876994086 ) ) ;
#2988 = CARTESIAN_POINT ( 'NONE',  ( -6.179934921154396577, -37.78519113510043326, 6.543068996673391702 ) ) ;
#2989 = EDGE_LOOP ( 'NONE', ( #3587, #4021, #1481, #954, #2063 ) ) ;
#2990 = CARTESIAN_POINT ( 'NONE',  ( 8.941583322736942563, -42.26380652048655406, 1.027662312989357840 ) ) ;
#2991 = DIRECTION ( 'NONE',  ( 0.000000000000000000, 0.000000000000000000, 1.000000000000000000 ) ) ;
#2992 = FACE_OUTER_BOUND ( 'NONE', #2004, .T. ) ;
#2993 = CARTESIAN_POINT ( 'NONE',  ( 8.996320277648917951, -42.29542734184489206, 0.2968137825912690042 ) ) ;
#2994 = CARTESIAN_POINT ( 'NONE',  ( -8.365068517662150427, -42.12141091263917048, 3.320898975381335827 ) ) ;
#2995 = CARTESIAN_POINT ( 'NONE',  ( -6.179934921154396577, -37.78519113510043326, 6.543068996673391702 ) ) ;
#2996 = CARTESIAN_POINT ( 'NONE',  ( -5.940749167588516677, -41.78729603275965587, -6.767215316864216845 ) ) ;
#2997 = CARTESIAN_POINT ( 'NONE',  ( 11.74793468284487119, -27.26657512958123419, -41.34642910642595126 ) ) ;
#2998 = CARTESIAN_POINT ( 'NONE',  ( 8.703392006473151810, -42.19297934725424426, 2.295826573664213832 ) ) ;
#2999 = CARTESIAN_POINT ( 'NONE',  ( -8.927170960425586443, -42.25662777940355852, 1.181005590677226991 ) ) ;
#3000 = CARTESIAN_POINT ( 'NONE',  ( -6.358410113016079279, -41.83330100664666418, -6.369513768642619311 ) ) ;
#3001 = CARTESIAN_POINT ( 'NONE',  ( 6.791401331903421656, -37.85823524164839426, -5.935127290222880880 ) ) ;
#3002 = CARTESIAN_POINT ( 'NONE',  ( 5.507994890331870508, -41.97116850234994700, 0.9195621121002880427 ) ) ;
#3003 = CARTESIAN_POINT ( 'NONE',  ( 3.671994890360305241, -41.88319309293465409, 0.9195519099549659403 ) ) ;
#3004 = EDGE_CURVE ( 'NONE', #6024, #1908, #30, .T. ) ;
#3005 = VERTEX_POINT ( 'NONE', #824 ) ;
#3006 = VERTEX_POINT ( 'NONE', #4069 ) ;
#3007 = CARTESIAN_POINT ( 'NONE',  ( -5.507948989069539891, -41.58977544978714747, -9.180051944354559623 ) ) ;
#3008 = CARTESIAN_POINT ( 'NONE',  ( -71.46669839058749574, 10.00000000000000000, -137.7671940876994086 ) ) ;
#3009 = CARTESIAN_POINT ( 'NONE',  ( -45.22651191964336448, -6.042206017375248983, -31.68640310168131791 ) ) ;
#3010 = CARTESIAN_POINT ( 'NONE',  ( 159.5718911911935436, -33.22972007004630512, 43.22219982320987697 ) ) ;
#3011 = CARTESIAN_POINT ( 'NONE',  ( -69.00494608707319344, 10.00000000000000000, -8.511434807347109555 ) ) ;
#3012 = CARTESIAN_POINT ( 'NONE',  ( 5.507998865209059680, -41.97550274140640170, 0.2042346704692374892 ) ) ;
#3013 = B_SPLINE_CURVE_WITH_KNOTS ( 'NONE', 3,
 ( #5279, #5850, #4865, #1053, #518, #3380, #4391, #555, #2478, #2416, #1938, #4831, #5248, #2002, #4900 ),
 .UNSPECIFIED., .F., .F.,
 ( 4, 1, 1, 1, 1, 1, 1, 1, 2, 2, 4 ),
 ( 0.000000000000000000, 0.2499999999999920619, 0.3749999999999881206, 0.4374999999999861222, 0.4687499999999842348, 0.4843749999999832911, 0.4921874999999837352, 0.4960937499999830136, 0.4980468749999826805, 0.4999999999999823475, 1.000000000000000000 ),
 .UNSPECIFIED. ) ;
#3014 = EDGE_LOOP ( 'NONE', ( #1547, #3112, #716, #4077, #6198 ) ) ;
#3015 = CARTESIAN_POINT ( 'NONE',  ( 7.520443126665478317, -19.11064084953765274, -49.52539735965775236 ) ) ;
#3016 = SECURITY_CLASSIFICATION ( '', '', #120 ) ;
#3017 = B_SPLINE_SURFACE_WITH_KNOTS ( 'NONE', 2, 1, ( 
 ( #3922, #4432 ),
 ( #3483, #3955 ),
 ( #1561, #1129 ) ),
 .UNSPECIFIED., .F., .F., .F.,
 ( 3, 3 ),
 ( 2, 2 ),
 ( 0.07696326179983789539, 1.000000000000000000 ),
 ( 0.000000000000000000, 1.000000000000000000 ),
 .UNSPECIFIED. ) ;
#3018 = CARTESIAN_POINT ( 'NONE',  ( 10.18449772817874788, -37.58075355445273402, 8.082404210319106497 ) ) ;
#3019 = DIRECTION ( 'NONE',  ( 0.000000000000000000, 1.000000000000000000, -0.000000000000000000 ) ) ;
#3020 = CARTESIAN_POINT ( 'NONE',  ( -22.00000000000000355, -6.042206017375267635, -48.91981981132212809 ) ) ;
#3021 = CARTESIAN_POINT ( 'NONE',  ( 4.668828831882938069, -37.63458882407237382, 7.699854470368946657 ) ) ;
#3022 = VERTEX_POINT ( 'NONE', #3210 ) ;
#3023 = CARTESIAN_POINT ( 'NONE',  ( 7.698787150631723364, -42.00898088716742507, -4.662068561584852056 ) ) ;
#3024 = CARTESIAN_POINT ( 'NONE',  ( 3.493117819993507123, -6.042206017369079696, 53.98290812280665563 ) ) ;
#3025 = ADVANCED_FACE ( 'NONE', ( #1738, #3652 ), #1709, .T. ) ;
#3026 = CARTESIAN_POINT ( 'NONE',  ( 88.06600992239066272, -63.39640923772800818, 12.66326252873770741 ) ) ;
#3027 = CARTESIAN_POINT ( 'NONE',  ( 8.777937932646517893, -42.21186198637946063, 1.988983387272107661 ) ) ;
#3028 = CARTESIAN_POINT ( 'NONE',  ( -4.032370305461479454, -41.62429543674300447, 8.047270879041175107 ) ) ;
#3029 = CARTESIAN_POINT ( 'NONE',  ( -55.39467991858228402, -6.042206017375245430, -19.28913889583996877 ) ) ;
#3030 = CARTESIAN_POINT ( 'NONE',  ( 8.767197443539377133, -42.20836885425534035, -2.055276000501592204 ) ) ;
#3031 = CARTESIAN_POINT ( 'NONE',  ( 11.16497190575032405, -26.11873203190724979, -42.65200056832961906 ) ) ;
#3032 = CARTESIAN_POINT ( 'NONE',  ( 7.187734636680550793, -41.93526692094430075, 5.419822634620307333 ) ) ;
#3033 = CARTESIAN_POINT ( 'NONE',  ( 0.4875835940452989958, -6.042206017375280069, -58.61996200337829777 ) ) ;
#3034 = CARTESIAN_POINT ( 'NONE',  ( 185.3328331859785010, -6.042206017371060334, 1.387778780781449935E-14 ) ) ;
#3035 = CARTESIAN_POINT ( 'NONE',  ( -2.327583918122198892, -37.48701701941190834, -8.713738826674719107 ) ) ;
#3036 = CARTESIAN_POINT ( 'NONE',  ( 7.343993753894060283, -42.10689525742390060, 1.124082987036175929 ) ) ;
#3037 = CARTESIAN_POINT ( 'NONE',  ( 3.672003405763750283, -41.88853576701350079, -0.6128983965664819289 ) ) ;
#3038 = VERTEX_POINT ( 'NONE', #2191 ) ;
#3039 = ORIENTED_EDGE ( 'NONE', *, *, #4714, .T. ) ;
#3040 = LINE ( 'NONE', #3878, #1341 ) ;
#3041 = CARTESIAN_POINT ( 'NONE',  ( 3.493117819993507123, -6.042206017369079696, 53.98290812280665563 ) ) ;
#3042 = CARTESIAN_POINT ( 'NONE',  ( -62.44620187960032354, -6.042206017375240990, -8.087282188717457743 ) ) ;
#3043 = CARTESIAN_POINT ( 'NONE',  ( 42.40893209317441404, -33.22972007004630512, 72.71224217743807117 ) ) ;
#3044 = CARTESIAN_POINT ( 'NONE',  ( 13.97376852538328151, -31.79990741790073727, 35.18533369962047885 ) ) ;
#3045 = CARTESIAN_POINT ( 'NONE',  ( 7.633369739316148816, -13.58465535097095689, -48.86615292550742851 ) ) ;
#3046 = CARTESIAN_POINT ( 'NONE',  ( 7.344016847136050963, -42.05001507918065329, -3.031826476146554761 ) ) ;
#3047 = ORIENTED_EDGE ( 'NONE', *, *, #5337, .F. ) ;
#3048 = VERTEX_POINT ( 'NONE', #3179 ) ;
#3049 = CARTESIAN_POINT ( 'NONE',  ( 13.12834954163002799, -30.05119097491506608, -37.74439025425412808 ) ) ;
#3050 = CARTESIAN_POINT ( 'NONE',  ( 6.791401331903421656, -37.85823524164839426, -5.935127290222880880 ) ) ;
#3051 = DIRECTION ( 'NONE',  ( 1.000000000000000000, 0.000000000000000000, 0.000000000000000000 ) ) ;
#3052 = CARTESIAN_POINT ( 'NONE',  ( -22.00000000000000355, -6.042206017375269411, -50.33146809144058409 ) ) ;
#3053 = CARTESIAN_POINT ( 'NONE',  ( 16.41162694658498467, -30.44345619716054685, -29.82645136233194805 ) ) ;
#3054 = ORIENTED_EDGE ( 'NONE', *, *, #3865, .F. ) ;
#3055 = EDGE_CURVE ( 'NONE', #1583, #550, #3741, .T. ) ;
#3056 = CARTESIAN_POINT ( 'NONE',  ( 8.958427988747054371, -42.27170904857306510, -0.8640940669780838856 ) ) ;
#3057 = FACE_BOUND ( 'NONE', #3081, .T. ) ;
#3058 = AXIS2_PLACEMENT_3D ( 'NONE', #1336, #1251, #3260 ) ;
#3059 = DIRECTION ( 'NONE',  ( 0.000000000000000000, 1.000000000000000000, 0.000000000000000000 ) ) ;
#3060 = CARTESIAN_POINT ( 'NONE',  ( 8.065835027183807071, -42.06790632593482115, 3.995570511731822094 ) ) ;
#3061 = CARTESIAN_POINT ( 'NONE',  ( -6.717016577666136357, -41.87574964033371572, 5.993276739317022539 ) ) ;
#3062 = CARTESIAN_POINT ( 'NONE',  ( -33.28009064659159577, -6.042206017375264082, -46.02761928272502701 ) ) ;
#3063 = CARTESIAN_POINT ( 'NONE',  ( 8.999391532603539190, -42.30653628321543636, -0.1540681195039420859 ) ) ;
#3064 = CARTESIAN_POINT ( 'NONE',  ( 18.82837672200435364, -42.30756013076910449, -7.696413152913580629E-15 ) ) ;
#3065 = CARTESIAN_POINT ( 'NONE',  ( 8.976145500438716951, -42.28090686119830366, 0.6558730954579242711 ) ) ;
#3066 = CARTESIAN_POINT ( 'NONE',  ( -8.086068962739560106, -42.06939399070235197, 3.995665833234951503 ) ) ;
#3067 = CARTESIAN_POINT ( 'NONE',  ( -8.942737623539960268, -42.26447269265791107, -1.014817394652321569 ) ) ;
#3068 = CARTESIAN_POINT ( 'NONE',  ( 7.652593375642202211, -37.98382211975172851, -4.739188347336018126 ) ) ;
#3069 = CARTESIAN_POINT ( 'NONE',  ( -7.344029509762370012, -41.94464985508825094, 5.310619919268979139 ) ) ;
#3070 = CARTESIAN_POINT ( 'NONE',  ( 5.507998865209059680, -41.97550274140640170, 0.2042346704692374892 ) ) ;
#3071 = CARTESIAN_POINT ( 'NONE',  ( 18.62915981464630377, -35.33650225119816213, 18.20414711486588644 ) ) ;
#3072 = VERTEX_POINT ( 'NONE', #6007 ) ;
#3073 = ORIENTED_EDGE ( 'NONE', *, *, #5663, .T. ) ;
#3074 = CARTESIAN_POINT ( 'NONE',  ( 151.1001685884808410, -6.042206017375336025, -81.61886869998335214 ) ) ;
#3075 = CARTESIAN_POINT ( 'NONE',  ( 19.70935808833037939, -37.73170010312385614, 7.080502682476596199 ) ) ;
#3076 = CARTESIAN_POINT ( 'NONE',  ( -35.41269655314443554, -6.042206017375216121, 42.10859227926727044 ) ) ;
#3077 = CARTESIAN_POINT ( 'NONE',  ( 33.62745298071140354, -47.26221975847409595, -1.112684768943767999 ) ) ;
#3078 = CARTESIAN_POINT ( 'NONE',  ( 16.35086870160395378, -36.98197473097660293, 25.38709255679851395 ) ) ;
#3079 = CARTESIAN_POINT ( 'NONE',  ( 4.715131940752496753, -8.260677104220874867, -52.64353508175642560 ) ) ;
#3080 = CARTESIAN_POINT ( 'NONE',  ( 1.684724978767659944E-05, -41.75539727428019887, -3.031867284727844947 ) ) ;
#3081 = EDGE_LOOP ( 'NONE', ( #4086, #4856 ) ) ;
#3082 = EDGE_LOOP ( 'NONE', ( #2504, #3467 ) ) ;
#3083 = CARTESIAN_POINT ( 'NONE',  ( 3.867993732598679291, -12.28578098402560848, -54.72864800073097058 ) ) ;
#3084 = CARTESIAN_POINT ( 'NONE',  ( -4.874057181154729967, -37.65278908329381125, -7.567378508932121939 ) ) ;
#3085 = CARTESIAN_POINT ( 'NONE',  ( 99.14499999999999602, -63.39640923772800818, 1.544179419989875053E-15 ) ) ;
#3086 = CARTESIAN_POINT ( 'NONE',  ( 9.179948989012640226, -41.81641118679824842, 9.180072348645209601 ) ) ;
#3087 = CARTESIAN_POINT ( 'NONE',  ( -18.00000000000000000, -26.96475769767874908, 35.57686982298324807 ) ) ;
#3088 = EDGE_LOOP ( 'NONE', ( #694, #5996, #4254, #3512 ) ) ;
#3089 = EDGE_CURVE ( 'NONE', #3573, #109, #1800, .T. ) ;
#3090 = CARTESIAN_POINT ( 'NONE',  ( 8.957371480486505888, -42.27119465494115502, -0.8749340952758342116 ) ) ;
#3091 = CARTESIAN_POINT ( 'NONE',  ( -27.73244183007833641, -6.042206017375246319, -49.70959486204271371 ) ) ;
#3092 = CARTESIAN_POINT ( 'NONE',  ( -5.092691334704829487, -41.70687258404715436, -7.426367985422312579 ) ) ;
#3093 = CARTESIAN_POINT ( 'NONE',  ( -7.315454676505074971, -41.95294391124281219, 5.250735324727084041 ) ) ;
#3094 = CARTESIAN_POINT ( 'NONE',  ( -60.78567880730051343, -6.042206017375226779, 11.20025844044312002 ) ) ;
#3095 = CARTESIAN_POINT ( 'NONE',  ( 152.8722439315363886, -38.48506133258187845, -132.9444878630724531 ) ) ;
#3096 = CARTESIAN_POINT ( 'NONE',  ( -53.58330569984575931, 10.00000000000000000, 15.42164038722743058 ) ) ;
#3097 = CARTESIAN_POINT ( 'NONE',  ( -3.369731226593761786, -38.31026286157671734, 12.66993018226392209 ) ) ;
#3098 = CARTESIAN_POINT ( 'NONE',  ( -25.79150187190958832, -6.042206017375256977, -49.71050083627356031 ) ) ;
#3099 = APPROVAL ( #2482, 'UNSPECIFIED' ) ;
#3100 = CARTESIAN_POINT ( 'NONE',  ( -39.28714233003042011, 1.773663917891478814, -6.040382153670527110 ) ) ;
#3101 = CARTESIAN_POINT ( 'NONE',  ( -7.344016847136080273, -42.05001507887665468, 3.031826476146554761 ) ) ;
#3102 = CARTESIAN_POINT ( 'NONE',  ( -1.597721699578914989E-14, -41.80288240122314392, -4.550409309681740226E-15 ) ) ;
#3103 = CARTESIAN_POINT ( 'NONE',  ( 3.493117819995015694, -6.042206017371518634, -53.98290812280588824 ) ) ;
#3104 = EDGE_LOOP ( 'NONE', ( #5402, #491, #3909, #4551 ) ) ;
#3105 = CARTESIAN_POINT ( 'NONE',  ( 3.493117819993507123, -6.042206017369079696, 53.98290812280665563 ) ) ;
#3106 = CARTESIAN_POINT ( 'NONE',  ( -6.775872141741814403, -37.85622296658557673, -5.952644757743700943 ) ) ;
#3107 = CARTESIAN_POINT ( 'NONE',  ( 40.60360956192334925, -50.78462308660660085, -1.121688059249859863E-14 ) ) ;
#3108 = CARTESIAN_POINT ( 'NONE',  ( 110.6172451890449935, -57.95386985700429960, 0.000000000000000000 ) ) ;
#3109 = CARTESIAN_POINT ( 'NONE',  ( 8.585627289022157882, -21.13092592223727806, 47.73628670329546964 ) ) ;
#3110 = CARTESIAN_POINT ( 'NONE',  ( 14.14778666441030097, -25.86098040911297957, -36.69781041271784972 ) ) ;
#3111 = CARTESIAN_POINT ( 'NONE',  ( -5.507957657444360500, -41.69805266490379836, -7.620072579493349707 ) ) ;
#3112 = ORIENTED_EDGE ( 'NONE', *, *, #2397, .F. ) ;
#3113 = EDGE_CURVE ( 'NONE', #277, #10, #5527, .T. ) ;
#3114 = CARTESIAN_POINT ( 'NONE',  ( -7.344003405706920340, -42.11401879208690247, 0.6128779922758300636 ) ) ;
#3115 = CARTESIAN_POINT ( 'NONE',  ( 4.358700766103742019, -13.19626143887650649, -54.09730219766908021 ) ) ;
#3116 = CARTESIAN_POINT ( 'NONE',  ( 20.34536719873065280, -38.31026286157670313, 0.1470188481355287902 ) ) ;
#3117 = CARTESIAN_POINT ( 'NONE',  ( -8.110704132748063344, -38.06125313190173642, 3.901528963378271264 ) ) ;
#3118 = ORIENTED_EDGE ( 'NONE', *, *, #780, .T. ) ;
#3119 = CARTESIAN_POINT ( 'NONE',  ( 8.998812832262723660, -42.30350531116893364, -0.1486703828281172313 ) ) ;
#3120 = PLANE ( 'NONE',  #5375 ) ;
#3121 = CARTESIAN_POINT ( 'NONE',  ( -3.877235895373304153, -41.61247407304022516, -8.135110089425172220 ) ) ;
#3122 = CARTESIAN_POINT ( 'NONE',  ( -3.456573224928755739, -41.58814372734045861, 8.309763126837840019 ) ) ;
#3123 = CARTESIAN_POINT ( 'NONE',  ( -60.80921491143843838, -6.042206017375235660, -11.72408047576432821 ) ) ;
#3124 = CARTESIAN_POINT ( 'NONE',  ( 179.0824426214855123, -13.94371515320779942, 1.135032566935603862E-14 ) ) ;
#3125 = DIRECTION ( 'NONE',  ( 1.000000000000000000, 0.000000000000000000, 0.000000000000000000 ) ) ;
#3126 = CARTESIAN_POINT ( 'NONE',  ( -3.369731226593761786, -38.31026286157671734, 12.66993018226392209 ) ) ;
#3127 = CARTESIAN_POINT ( 'NONE',  ( 3.991069150126021814, -41.62098965565269992, 8.072166327347346737 ) ) ;
#3128 = CARTESIAN_POINT ( 'NONE',  ( -22.00000000000002132, -6.042206018788412791, -26.03729223149981564 ) ) ;
#3129 = CARTESIAN_POINT ( 'NONE',  ( -5.109582830806989399E-06, -41.79199488310535315, 0.9195315056643229568 ) ) ;
#3130 = CARTESIAN_POINT ( 'NONE',  ( -9.179999999857850312, -42.33629126074694682, -5.101072661278480033E-05 ) ) ;
#3131 = CARTESIAN_POINT ( 'NONE',  ( 3.493117819993507123, -6.042206017369079696, 53.98290812280665563 ) ) ;
#3132 = ORIENTED_EDGE ( 'NONE', *, *, #3834, .T. ) ;
#3133 = DIRECTION ( 'NONE',  ( 1.000000000000000000, 0.000000000000000000, 0.000000000000000000 ) ) ;
#3134 = CARTESIAN_POINT ( 'NONE',  ( -9.000028474184428973, -42.30708906031859584, -8.070543590473060038E-10 ) ) ;
#3135 = CARTESIAN_POINT ( 'NONE',  ( -8.958427629459684738, -42.27170887189578252, 0.8640977772457101302 ) ) ;
#3136 = CARTESIAN_POINT ( 'NONE',  ( -12.81294052768647695, -38.19073389167535026, 2.200254536685751106 ) ) ;
#3137 = CARTESIAN_POINT ( 'NONE',  ( 16.01964495533789190, -36.23033879663712753, 27.10355159338840636 ) ) ;
#3138 = CARTESIAN_POINT ( 'NONE',  ( 17.01964974513821005, -31.73957597865921443, -27.38337647850489986 ) ) ;
#3139 = CARTESIAN_POINT ( 'NONE',  ( -3.671953323285380044, -41.56764441687349887, -8.400052059778639446 ) ) ;
#3140 = EDGE_LOOP ( 'NONE', ( #5017, #187, #307, #1701 ) ) ;
#3141 = CARTESIAN_POINT ( 'NONE',  ( -9.179996594037220348, -42.30370506481104798, -0.6129698115837330930 ) ) ;
#3142 = CARTESIAN_POINT ( 'NONE',  ( -22.00000000000000711, -6.042206018788410127, 42.49021644002928610 ) ) ;
#3143 = CARTESIAN_POINT ( 'NONE',  ( 78.62376810761963952, -63.39640923772800818, 10.13232571965804851 ) ) ;
#3144 = CARTESIAN_POINT ( 'NONE',  ( 226.6457644257074833, -6.042206017375390203, -137.7671940876994086 ) ) ;
#3145 = CARTESIAN_POINT ( 'NONE',  ( -8.995704463607342660, -38.29900462258687099, 0.3364375494895438523 ) ) ;
#3146 = ORIENTED_EDGE ( 'NONE', *, *, #3674, .F. ) ;
#3147 = CARTESIAN_POINT ( 'NONE',  ( 8.999851744484216098, -42.30608223073897989, -0.06365381749033922898 ) ) ;
#3148 = CARTESIAN_POINT ( 'NONE',  ( -13.74273608753901321, -6.042206017369085025, 56.34055965669480770 ) ) ;
#3149 = CARTESIAN_POINT ( 'NONE',  ( -3.201260004957491745, -41.57386181540328352, -8.412028582729645265 ) ) ;
#3150 = CARTESIAN_POINT ( 'NONE',  ( -56.21464882896928827, -6.042206017375222338, 17.75107589755527826 ) ) ;
#3151 = EDGE_CURVE ( 'NONE', #1080, #2582, #1201, .T. ) ;
#3152 = CARTESIAN_POINT ( 'NONE',  ( 54.88684423297736714, -56.13001623236052495, -63.02631153404517761 ) ) ;
#3153 = LINE ( 'NONE', #4395, #4557 ) ;
#3154 = DIRECTION ( 'NONE',  ( -1.000000000000000000, 0.000000000000000000, 0.000000000000000000 ) ) ;
#3155 = CARTESIAN_POINT ( 'NONE',  ( -26.76264787207809448, -6.042206022897471662, -49.74990552700328550 ) ) ;
#3156 = CARTESIAN_POINT ( 'NONE',  ( -50.44155606044890305, -4.666310668119850291, -15.20596206432331243 ) ) ;
#3157 = CARTESIAN_POINT ( 'NONE',  ( 5.508001701973130437, -41.96944799685734750, -0.3062754896139545102 ) ) ;
#3158 = CARTESIAN_POINT ( 'NONE',  ( -7.343996594065659522, -42.11401773308335095, -0.6129596094384109906 ) ) ;
#3159 = DIRECTION ( 'NONE',  ( -0.03672652268866424125, 5.510199031599038307E-18, 0.9993253536917788837 ) ) ;
#3160 = CARTESIAN_POINT ( 'NONE',  ( 76.26767428034234797, -63.39640923772800818, -7.776231892382877042 ) ) ;
#3161 = CARTESIAN_POINT ( 'NONE',  ( -22.00000000000000000, -29.26866646617668977, 45.38157453362952509 ) ) ;
#3162 = CARTESIAN_POINT ( 'NONE',  ( -18.00000000000000000, -11.27713467053115970, 50.82238809104900668 ) ) ;
#3163 = CARTESIAN_POINT ( 'NONE',  ( 69.65500000000000114, -58.93658393131480011, -2.033582938513375123E-15 ) ) ;
#3164 = CARTESIAN_POINT ( 'NONE',  ( -2.614125386566707565, -36.75154455612411653, 12.73490570708300496 ) ) ;
#3165 = CARTESIAN_POINT ( 'NONE',  ( 9.234901159675537485, -22.37176108393342489, 46.57054942348798221 ) ) ;
#3166 = CARTESIAN_POINT ( 'NONE',  ( 11.30748175744846939, -26.39943567612879605, 42.33204548250861166 ) ) ;
#3167 = CARTESIAN_POINT ( 'NONE',  ( -7.343970490010189422, -41.94464159680104842, -5.310701536431549741 ) ) ;
#3168 = ORIENTED_EDGE ( 'NONE', *, *, #2654, .T. ) ;
#3169 = CARTESIAN_POINT ( 'NONE',  ( -3.405820646415295385E-06, -41.79101289185604884, 0.6129188008571170299 ) ) ;
#3170 = CARTESIAN_POINT ( 'NONE',  ( 18.02076827448040319, -40.89105169479869772, -12.48253334140086324 ) ) ;
#3171 = DIRECTION ( 'NONE',  ( -0.000000000000000000, 5.078222490274110485E-16, 1.000000000000000000 ) ) ;
#3172 = CARTESIAN_POINT ( 'NONE',  ( -4.234247036814634441E-05, -41.54461856202144787, 7.620041973057389839 ) ) ;
#3173 = CARTESIAN_POINT ( 'NONE',  ( -18.00000000000000000, -32.29571161549034741, 26.62793936103274817 ) ) ;
#3174 = EDGE_LOOP ( 'NONE', ( #2512, #240, #4452, #5818, #4120, #2849 ) ) ;
#3175 = CARTESIAN_POINT ( 'NONE',  ( 185.3328331859800073, -6.042206017369109006, 4.163336342344334502E-14 ) ) ;
#3176 = CARTESIAN_POINT ( 'NONE',  ( -8.986975246073107826, -42.28795314563397767, -0.4842487726328822406 ) ) ;
#3177 = CARTESIAN_POINT ( 'NONE',  ( -8.161877094461260640, -42.08442288377970897, -3.793327285493712342 ) ) ;
#3178 = FACE_OUTER_BOUND ( 'NONE', #480, .T. ) ;
#3179 = CARTESIAN_POINT ( 'NONE',  ( -71.46669839058749574, 10.00000000000000000, 137.9613978004092019 ) ) ;
#3180 = CARTESIAN_POINT ( 'NONE',  ( -22.00000000000000000, -29.26866646720753096, -45.38157453125277385 ) ) ;
#3181 = ADVANCED_FACE ( 'NONE', ( #3682 ), #149, .T. ) ;
#3182 = CARTESIAN_POINT ( 'NONE',  ( -22.00000000000000000, -42.30756013076910449, -5.767085840894440826E-15 ) ) ;
#3183 = CARTESIAN_POINT ( 'NONE',  ( 8.995347969532996757, -42.29495517444630792, -0.3055592719139107460 ) ) ;
#3184 = CARTESIAN_POINT ( 'NONE',  ( -71.46669839058749574, -6.042206017375310267, -137.7671940876994086 ) ) ;
#3185 = CARTESIAN_POINT ( 'NONE',  ( 7.344001134591879421, -42.10616211150964716, -0.2041632554519949849 ) ) ;
#3186 = CARTESIAN_POINT ( 'NONE',  ( 3.672011546564115214, -41.86434211346455214, -2.077934327300730022 ) ) ;
#3187 = CARTESIAN_POINT ( 'NONE',  ( 7.511530720411752071, -37.96195934374429015, 4.957521038825968951 ) ) ;
#3188 = CARTESIAN_POINT ( 'NONE',  ( 82.29552202663704463, -63.39640923772800818, -12.09491907783861997 ) ) ;
#3189 = FACE_OUTER_BOUND ( 'NONE', #4057, .T. ) ;
#3190 = CARTESIAN_POINT ( 'NONE',  ( 20.36082540615130299, -32.29571161549034741, 26.62793936103274817 ) ) ;
#3191 = CARTESIAN_POINT ( 'NONE',  ( 1.172683599365321960, -38.30472708429531536, -1.140648448090531009E-13 ) ) ;
#3192 = CARTESIAN_POINT ( 'NONE',  ( -5.507983152664921001, -41.92983744892940479, -3.031897891163809700 ) ) ;
#3193 = CARTESIAN_POINT ( 'NONE',  ( -9.736987985014186719, -37.50193715905653136, 8.616208778883120090 ) ) ;
#3194 = CARTESIAN_POINT ( 'NONE',  ( 7.819439672550764442, -42.02750578903993528, -4.458832881140480708 ) ) ;
#3195 = AXIS2_PLACEMENT_3D ( 'NONE', #4004, #170, #5905 ) ;
#3196 = EDGE_CURVE ( 'NONE', #5485, #2440, #881, .T. ) ;
#3197 = CARTESIAN_POINT ( 'NONE',  ( 18.47810587591770926, -41.84803766008136705, 6.273537562445266502 ) ) ;
#3198 = CARTESIAN_POINT ( 'NONE',  ( -7.344042342356639885, -41.80212089884035720, 7.620001164476099653 ) ) ;
#3199 = ORIENTED_EDGE ( 'NONE', *, *, #4587, .F. ) ;
#3200 = CARTESIAN_POINT ( 'NONE',  ( 9.179998865152189325, -42.32168879929979965, 0.2042550747598805283 ) ) ;
#3201 = CARTESIAN_POINT ( 'NONE',  ( 6.531985377273287874, -38.31026286157675287, 11.30178246152880206 ) ) ;
#3202 = CARTESIAN_POINT ( 'NONE',  ( 90.50447797338868838, -63.39640923772800818, 12.09491907782458142 ) ) ;
#3203 = CARTESIAN_POINT ( 'NONE',  ( -18.00000000000000000, -26.96475769767874908, -35.57686982298324807 ) ) ;
#3204 = CARTESIAN_POINT ( 'NONE',  ( 12.99644658441999212, -38.30368781662100020, 0.02685980811133485691 ) ) ;
#3205 = CARTESIAN_POINT ( 'NONE',  ( 40.04354083764201278, -50.78462308660629532, 26.08026258266927400 ) ) ;
#3206 = CARTESIAN_POINT ( 'NONE',  ( -8.823443876404089892, -42.22437468458102927, -1.774025088953224749 ) ) ;
#3207 = CARTESIAN_POINT ( 'NONE',  ( -6.771385656578060797, -41.88150254578025056, -5.935923353922428980 ) ) ;
#3208 = ADVANCED_FACE ( 'NONE', ( #3297 ), #5291, .F. ) ;
#3209 = CARTESIAN_POINT ( 'NONE',  ( -71.46669839058749574, -0.6948040115834333008, 137.9613978004090882 ) ) ;
#3210 = CARTESIAN_POINT ( 'NONE',  ( 73.65500000000000114, -58.25464714294840007, 2.829958489769524085E-14 ) ) ;
#3211 = CARTESIAN_POINT ( 'NONE',  ( -6.510439734801660272, -38.31026286157670313, 11.37964822929246012 ) ) ;
#3212 = CARTESIAN_POINT ( 'NONE',  ( 8.980863916453035500, -42.28337929620295910, 0.5991224932251438817 ) ) ;
#3213 = FACE_OUTER_BOUND ( 'NONE', #3174, .T. ) ;
#3214 = CARTESIAN_POINT ( 'NONE',  ( -7.343999999886289487, -42.08584460751210088, -4.080858129121849476E-05 ) ) ;
#3215 = CARTESIAN_POINT ( 'NONE',  ( 7.344016847136050963, -42.05001507918065329, -3.031826476146554761 ) ) ;
#3216 = CARTESIAN_POINT ( 'NONE',  ( 2.339623026450178056, -37.48778767461097061, 8.710334854960873230 ) ) ;
#3217 = CARTESIAN_POINT ( 'NONE',  ( 83.09315761418768886, -63.39640923772800818, -12.33695426873909184 ) ) ;
#3218 = CARTESIAN_POINT ( 'NONE',  ( -38.74426014148524899, -6.042206018788409239, -51.03729223149981209 ) ) ;
#3219 = CARTESIAN_POINT ( 'NONE',  ( 185.3328331859416096, -6.042206017417965036, 58.43903465424840249 ) ) ;
#3220 = EDGE_CURVE ( 'NONE', #3941, #3521, #3553, .T. ) ;
#3221 = CARTESIAN_POINT ( 'NONE',  ( -8.977545803356271392, -42.28150944764239227, 0.6354698999379911895 ) ) ;
#3222 = CARTESIAN_POINT ( 'NONE',  ( 2.150918658608151457, -36.73164398068561809, 12.82787669434916822 ) ) ;
#3223 = CARTESIAN_POINT ( 'NONE',  ( 8.578991603917597075, -42.16459990295001603, -2.724411918281784306 ) ) ;
#3224 = CARTESIAN_POINT ( 'NONE',  ( 14.06034416349977612, -31.98117383870831887, 34.90480230695741426 ) ) ;
#3225 = CARTESIAN_POINT ( 'NONE',  ( -12.99864817594080080, -38.30611261494834707, 0.03755347317486655567 ) ) ;
#3226 = ORIENTED_EDGE ( 'NONE', *, *, #22, .T. ) ;
#3227 = CARTESIAN_POINT ( 'NONE',  ( 7.344003405706890142, -42.11401879245455149, -0.6128779922758379461 ) ) ;
#3228 = CARTESIAN_POINT ( 'NONE',  ( -22.00000000000000711, -6.042206018788411903, 36.46270776850018080 ) ) ;
#3229 = EDGE_CURVE ( 'NONE', #6024, #1908, #2448, .T. ) ;
#3230 = CARTESIAN_POINT ( 'NONE',  ( 73.73673747126400713, -63.39640923772800818, 1.666009922382535313 ) ) ;
#3231 = CARTESIAN_POINT ( 'NONE',  ( -5.508011546535709790, -41.96222113922765118, 2.077924125155400148 ) ) ;
#3232 = CARTESIAN_POINT ( 'NONE',  ( 3.877235898472506381, -41.61247407331813974, 8.135110088163409969 ) ) ;
#3233 = CARTESIAN_POINT ( 'NONE',  ( 8.556546032182287931, -37.32434034656787958, 9.730812988187597767 ) ) ;
#3234 = CARTESIAN_POINT ( 'NONE',  ( 85.69934851693989231, -38.48506133258115369, 66.46855121629380392 ) ) ;
#3235 = CARTESIAN_POINT ( 'NONE',  ( -8.538835419362150958, -42.15557629542232121, -2.859266787317408909 ) ) ;
#3236 = CARTESIAN_POINT ( 'NONE',  ( 83.09315761418768886, -63.39640923772800818, -12.33695426873909184 ) ) ;
#3237 = EDGE_CURVE ( 'NONE', #4902, #313, #500, .T. ) ;
#3238 = VECTOR ( 'NONE', #3393, 1000.000000000000000 ) ;
#3239 = CARTESIAN_POINT ( 'NONE',  ( -29.00908261417727374, -6.042206017375219673, 47.01492867328759928 ) ) ;
#3240 = DIRECTION ( 'NONE',  ( 1.000000000000000000, 0.000000000000000000, 0.000000000000000000 ) ) ;
#3241 = CARTESIAN_POINT ( 'NONE',  ( 3.713581939387924802, -41.60296283757958946, -8.203433096385619905 ) ) ;
#3242 = CARTESIAN_POINT ( 'NONE',  ( -31.70510160879418748, -6.042206018788412791, 23.96270776850019146 ) ) ;
#3243 = AXIS2_PLACEMENT_3D ( 'NONE', #5767, #1406, #969 ) ;
#3244 = CARTESIAN_POINT ( 'NONE',  ( 3.672001702001565171, -41.89111615312410208, -0.3062856917592760020 ) ) ;
#3245 = CARTESIAN_POINT ( 'NONE',  ( -7.343961991603340067, -41.85264108029669927, -6.840093099208059080 ) ) ;
#3246 = CARTESIAN_POINT ( 'NONE',  ( -2.226391042919319663, -37.48536584584411457, 8.725418861975970941 ) ) ;
#3247 = DIRECTION ( 'NONE',  ( -0.000000000000000000, -1.000000000000000000, -0.000000000000000000 ) ) ;
#3248 = CARTESIAN_POINT ( 'NONE',  ( -22.00000000000000000, -6.042206018788409239, -48.95395889816647639 ) ) ;
#3249 = CARTESIAN_POINT ( 'NONE',  ( 20.36082540615130299, -11.27713467053115970, 50.82238809104900668 ) ) ;
#3250 = VECTOR ( 'NONE', #3171, 1000.000000000000000 ) ;
#3251 = CARTESIAN_POINT ( 'NONE',  ( -8.922334954241071259, -42.25590895108469169, 1.189071232035492809 ) ) ;
#3252 = CARTESIAN_POINT ( 'NONE',  ( -12.28666650398270654, -38.03007073658754678, 4.252744672725896180 ) ) ;
#3253 = CARTESIAN_POINT ( 'NONE',  ( 8.984023630177036424, -42.28517720078281883, -0.5382655206969407802 ) ) ;
#3254 = CARTESIAN_POINT ( 'NONE',  ( 13.97376852538328151, -31.79990741790073727, 35.18533369962047885 ) ) ;
#3255 = CARTESIAN_POINT ( 'NONE',  ( -3.362211073487086921, -38.31026286157675287, 12.60781192738517120 ) ) ;
#3256 = ORIENTED_EDGE ( 'NONE', *, *, #5053, .T. ) ;
#3257 = CARTESIAN_POINT ( 'NONE',  ( 5.508029509790779876, -41.83478860876699912, -5.310630121414299687 ) ) ;
#3258 = AXIS2_PLACEMENT_3D ( 'NONE', #2258, #4164, #2287 ) ;
#3259 = CARTESIAN_POINT ( 'NONE',  ( -22.00000000000001066, -6.042206018788411015, -38.53729223149981209 ) ) ;
#3260 = DIRECTION ( 'NONE',  ( 0.000000000000000000, 0.000000000000000000, 1.000000000000000000 ) ) ;
#3261 = CARTESIAN_POINT ( 'NONE',  ( -9.180001701916291168, -42.31469916674569731, 0.3062550853233024784 ) ) ;
#3262 = CARTESIAN_POINT ( 'NONE',  ( 0.4875835940452989958, -6.042206017375319149, -137.7671940876994938 ) ) ;
#3263 = CARTESIAN_POINT ( 'NONE',  ( 61.88658907630036765, -57.95386985700427118, 13.79130773228020601 ) ) ;
#3264 = CARTESIAN_POINT ( 'NONE',  ( -9.307323006945081190, -37.43036402097524729, 9.078502258855328577 ) ) ;
#3265 = CARTESIAN_POINT ( 'NONE',  ( 73.73663053375359766, -63.39640923772800818, -1.665842413485758788 ) ) ;
#3266 = EDGE_CURVE ( 'NONE', #4467, #1725, #4878, .T. ) ;
#3267 = CARTESIAN_POINT ( 'NONE',  ( -24.58201287620220654, -6.042206017375216121, 48.70597788994605537 ) ) ;
#3268 = CARTESIAN_POINT ( 'NONE',  ( 226.6457644257074833, -0.6948040115835000252, 137.9613978004092019 ) ) ;
#3269 = CARTESIAN_POINT ( 'NONE',  ( -7.799899573851759804, -42.02418059111069226, -4.499905701561388582 ) ) ;
#3270 = CARTESIAN_POINT ( 'NONE',  ( -3.671998865237520171, -41.88910478152794781, -0.2042244683239249903 ) ) ;
#3271 = CARTESIAN_POINT ( 'NONE',  ( 5.508038008197630120, -41.74731312820915008, -6.840021684190809914 ) ) ;
#3272 = CARTESIAN_POINT ( 'NONE',  ( 7.568223691925890506, -37.97066291837128205, 4.870828146950920257 ) ) ;
#3273 = DIRECTION ( 'NONE',  ( -0.000000000000000000, 1.000000000000000000, 0.000000000000000000 ) ) ;
#3274 = CARTESIAN_POINT ( 'NONE',  ( -30.22633608210852429, -6.042206018788407462, -13.53729223149981742 ) ) ;
#3275 = CARTESIAN_POINT ( 'NONE',  ( 3.381535135277527360, -36.80229654331481015, 12.49569770670396274 ) ) ;
#3276 = CARTESIAN_POINT ( 'NONE',  ( 10.24326673425071554, -24.31712708040800308, -44.61690141884650984 ) ) ;
#3277 = CC_DESIGN_DATE_AND_TIME_ASSIGNMENT ( #2923, #525, ( #3016 ) ) ;
#3278 = CARTESIAN_POINT ( 'NONE',  ( -8.315635226560306847, -42.11211087100529937, 3.442422686483910699 ) ) ;
#3279 = CARTESIAN_POINT ( 'NONE',  ( -18.01342170862875136, -5.512702099187750449, -5.984682371069239840E-15 ) ) ;
#3280 = CARTESIAN_POINT ( 'NONE',  ( 8.958427988747054371, -42.27170904857306510, -0.8640940669780838856 ) ) ;
#3281 = CARTESIAN_POINT ( 'NONE',  ( 13.97727348494129984, -31.80723806658114583, 35.17404320116596494 ) ) ;
#3282 = CARTESIAN_POINT ( 'NONE',  ( 7.343953323228490149, -41.74792629672320032, 8.400072464069278766 ) ) ;
#3283 = ORIENTED_EDGE ( 'NONE', *, *, #5702, .T. ) ;
#3284 = CARTESIAN_POINT ( 'NONE',  ( -9.179957657387500802, -41.93204332892645425, -7.620092983783989027 ) ) ;
#3285 = CARTESIAN_POINT ( 'NONE',  ( 127.2749434869425187, 10.00000000000000000, 137.9613978004092019 ) ) ;
#3286 = CARTESIAN_POINT ( 'NONE',  ( -3.672011546564145412, -41.86434211302900366, 2.077934327300719808 ) ) ;
#3287 = CYLINDRICAL_SURFACE ( 'NONE', #4064, 12.99803161225499970 ) ;
#3288 = EDGE_CURVE ( 'NONE', #5377, #1429, #2025, .T. ) ;
#3289 = CARTESIAN_POINT ( 'NONE',  ( 5.507978988445449531, -41.90336194479514376, 3.781299771509710084 ) ) ;
#3290 = CARTESIAN_POINT ( 'NONE',  ( -22.00000000000000000, -6.042206018788409239, 48.96270776850018791 ) ) ;
#3291 = CARTESIAN_POINT ( 'NONE',  ( 73.65500000000000114, -64.66763823405520384, 5.659916979539048169E-14 ) ) ;
#3292 = FACE_OUTER_BOUND ( 'NONE', #3812, .T. ) ;
#3293 = CARTESIAN_POINT ( 'NONE',  ( 4.206858043412889714, -36.84258816647565737, 12.30246463016742986 ) ) ;
#3294 = CARTESIAN_POINT ( 'NONE',  ( 85.56351804436945940, -63.39640923772800818, -12.74503609769137213 ) ) ;
#3295 = CARTESIAN_POINT ( 'NONE',  ( -27.17470522686114620, -6.042206017375214344, 47.88465001192133741 ) ) ;
#3296 = B_SPLINE_CURVE_WITH_KNOTS ( 'NONE', 3,
 ( #6066, #709, #3180, #4127 ),
 .UNSPECIFIED., .F., .F.,
 ( 4, 4 ),
 ( 0.000000000000000000, 1.000000000000000000 ),
 .UNSPECIFIED. ) ;
#3297 = FACE_OUTER_BOUND ( 'NONE', #4892, .T. ) ;
#3298 = CARTESIAN_POINT ( 'NONE',  ( 9.180029509733920179, -42.08224734154784841, -5.310609717123659479 ) ) ;
#3299 = CARTESIAN_POINT ( 'NONE',  ( -7.322569984088151074, -41.95392963580378165, -5.240855871785584874 ) ) ;
#3300 = CARTESIAN_POINT ( 'NONE',  ( -9.179988453236850532, -42.24575219294279549, -2.078005742317980076 ) ) ;
#3301 = CARTESIAN_POINT ( 'NONE',  ( 8.366556987711495808, -38.10978830282019914, 3.317138048631215863 ) ) ;
#3302 = LINE ( 'NONE', #3802, #6245 ) ;
#3303 = CLOSED_SHELL ( 'NONE', ( #4843, #3181, #6193, #806, #3945, #1515, #3509, #971, #1111, #5478, #5457, #4765, #3888, #3480, #2768, #4899, #2700, #4749, #3730, #2598, #2176, #4814, #734, #384, #1795 ) ) ;
#3304 = FACE_BOUND ( 'NONE', #983, .T. ) ;
#3305 = CARTESIAN_POINT ( 'NONE',  ( -8.354094056823051062, -37.29541627444004348, 9.899628824149717232 ) ) ;
#3306 = CARTESIAN_POINT ( 'NONE',  ( 4.372554305657076590, -13.22198550371413006, -54.07924210216519612 ) ) ;
#3307 = CARTESIAN_POINT ( 'NONE',  ( -8.889354729426795387, -42.24445726208936946, 1.408850720285571345 ) ) ;
#3308 = CARTESIAN_POINT ( 'NONE',  ( 11.26126713397610501, -37.79035455942824484, 6.508915350032330238 ) ) ;
#3309 = CARTESIAN_POINT ( 'NONE',  ( 4.432701245500068943, -13.33368284108289537, 54.00067659651076468 ) ) ;
#3310 = CARTESIAN_POINT ( 'NONE',  ( 8.976145500438716951, -42.28090686119830366, 0.6558730954579242711 ) ) ;
#3311 = CARTESIAN_POINT ( 'NONE',  ( -5.101084519470870296E-05, -41.43984812856500355, 9.180021337918599755 ) ) ;
#3312 = CARTESIAN_POINT ( 'NONE',  ( -5.508038008197660318, -41.74731312807935524, 6.840021684190809914 ) ) ;
#3313 = ADVANCED_FACE ( 'NONE', ( #4686 ), #910, .F. ) ;
#3314 = EDGE_LOOP ( 'NONE', ( #2616, #3373, #580, #1784 ) ) ;
#3315 = ORIENTED_EDGE ( 'NONE', *, *, #3674, .T. ) ;
#3316 = CARTESIAN_POINT ( 'NONE',  ( -7.343957657415930207, -41.80211066434029732, -7.620082781638670255 ) ) ;
#3317 = CARTESIAN_POINT ( 'NONE',  ( -9.000000000000007105, -40.97264965553067384, 3.776366464804039648E-14 ) ) ;
#3318 = CARTESIAN_POINT ( 'NONE',  ( -7.344011546507279498, -42.08122902362369899, 2.077913923010080044 ) ) ;
#3319 = CARTESIAN_POINT ( 'NONE',  ( 103.1449999999999960, -58.25464714294840007, -1.654001348217600230E-14 ) ) ;
#3320 = CARTESIAN_POINT ( 'NONE',  ( -2.950987610365085034E-05, -41.67149771610429809, 5.310660727850260443 ) ) ;
#3321 = CARTESIAN_POINT ( 'NONE',  ( 12.29059490208223160, -38.03692175598845182, 4.185877830717517512 ) ) ;
#3322 = ORIENTED_EDGE ( 'NONE', *, *, #2397, .T. ) ;
#3323 = CARTESIAN_POINT ( 'NONE',  ( 23.13850053261339923, -58.99259783589939588, -1.549459856639939826E-14 ) ) ;
#3324 = CARTESIAN_POINT ( 'NONE',  ( -4.146379788449834791, -36.83728242637289441, 12.32843503719368705 ) ) ;
#3325 = CARTESIAN_POINT ( 'NONE',  ( -8.955998966692543917, -42.27053191541357791, -0.8888725885053230247 ) ) ;
#3326 = CARTESIAN_POINT ( 'NONE',  ( -8.695199106758227714, -42.19041312908773023, 2.341126363877499283 ) ) ;
#3327 = CIRCLE ( 'NONE', #6070, 16.74500000000000099 ) ;
#3328 = CARTESIAN_POINT ( 'NONE',  ( -5.508051010759899668, -41.58978407742775119, 9.179990731482641664 ) ) ;
#3329 = CARTESIAN_POINT ( 'NONE',  ( 1.465300673776869456, -41.50582460322486611, -8.884868985825663756 ) ) ;
#3330 = ADVANCED_FACE ( 'NONE', ( #377 ), #5277, .F. ) ;
#3331 = CARTESIAN_POINT ( 'NONE',  ( -8.956149962503332063, -42.27060452135030033, 0.8873462951892370221 ) ) ;
#3332 = CARTESIAN_POINT ( 'NONE',  ( -8.387747381097552690, -38.11343992836771832, 3.277549665898376929 ) ) ;
#3333 = CARTESIAN_POINT ( 'NONE',  ( 8.999999999999991118, -39.64113769401082266, -1.888183232402019824E-14 ) ) ;
#3334 = CARTESIAN_POINT ( 'NONE',  ( 4.190897895966816833, -36.85360337263487196, 12.24916401956169665 ) ) ;
#3335 = CARTESIAN_POINT ( 'NONE',  ( 3.173329564671791392, -10.99923940664808342, -55.59141982739494381 ) ) ;
#3336 = CARTESIAN_POINT ( 'NONE',  ( -6.453090624289181676, -41.84431320481412087, 6.273752919127203675 ) ) ;
#3337 = CARTESIAN_POINT ( 'NONE',  ( 11.65937688287904095, -37.87711475368429603, 5.765502673867104022 ) ) ;
#3338 = CARTESIAN_POINT ( 'NONE',  ( -1.143878844596859290, -41.49717195566832117, -8.946437998115387202 ) ) ;
#3339 = CARTESIAN_POINT ( 'NONE',  ( 3.671953323285355175, -41.56764441693415080, 8.400052059778639446 ) ) ;
#3340 = CARTESIAN_POINT ( 'NONE',  ( -5.508003405735349745, -41.96905124318065106, 0.6128881944211520549 ) ) ;
#3341 = VERTEX_POINT ( 'NONE', #2441 ) ;
#3342 = ORIENTED_EDGE ( 'NONE', *, *, #2563, .F. ) ;
#3343 = CARTESIAN_POINT ( 'NONE',  ( 7.344016847136050963, -42.05001507918065329, -3.031826476146554761 ) ) ;
#3344 = B_SPLINE_CURVE_WITH_KNOTS ( 'NONE', 3,
 ( #6041, #712, #236, #3184 ),
 .UNSPECIFIED., .F., .F.,
 ( 4, 4 ),
 ( 0.000000000000000000, 1.000000000000000000 ),
 .UNSPECIFIED. ) ;
#3345 = CARTESIAN_POINT ( 'NONE',  ( 86.40000000000000568, -64.66763823405520384, 0.000000000000000000 ) ) ;
#3346 = CARTESIAN_POINT ( 'NONE',  ( 5.507994890331870508, -41.97116850234994700, 0.9195621121002880427 ) ) ;
#3347 = LINE ( 'NONE', #5278, #536 ) ;
#3348 = CARTESIAN_POINT ( 'NONE',  ( 3.672001702001565171, -41.89111615312410208, -0.3062856917592760020 ) ) ;
#3349 = CARTESIAN_POINT ( 'NONE',  ( -5.320943480706966433, -36.94361870248089730, 11.80546889928803722 ) ) ;
#3350 = B_SPLINE_CURVE_WITH_KNOTS ( 'NONE', 3,
 ( #1975, #1024, #1163, #4396, #1596, #2985, #2112, #5450, #1559, #5821, #1059, #3415, #3953, #3050, #2549, #4837, #4905, #1127, #3988, #86, #5924, #1631, #2585, #4024, #2008, #5961, #4463, #593, #1493, #3551, #3920, #2516, #5487, #2043, #154, #527, #2453, #4365, #698, #5012, #2619, #4532, #222, #3084, #78, #3911, #5002, #3979, #3106, #653, #4966, #4422, #4488, #2032, #179, #1516, #1083, #5985, #2574, #1118, #3541, #2066 ),
 .UNSPECIFIED., .F., .F.,
 ( 4, 2, 2, 2, 1, 2, 2, 2, 2, 2, 2, 2, 2, 2, 2, 2, 2, 2, 2, 2, 2, 2, 2, 2, 2, 2, 2, 2, 1, 2, 2, 4 ),
 ( 0.000000000000000000, 0.06249999999999972244, 0.09374999999999961142, 0.1249999999999995004, 0.1562499999999993894, 0.1718749999999993894, 0.1874999999999994171, 0.2499999999999993894, 0.2812499999999993339, 0.2968749999999993339, 0.3124999999999993339, 0.3437499999999993339, 0.3749999999999993894, 0.4374999999999994449, 0.4687499999999994449, 0.4999999999999995559, 0.5312499999999996669, 0.5468749999999996669, 0.5624999999999996669, 0.6249999999999997780, 0.6562499999999998890, 0.6718749999999998890, 0.6874999999999998890, 0.7187500000000000000, 0.7500000000000001110, 0.8125000000000001110, 0.8437500000000002220, 0.8750000000000002220, 0.9062500000000002220, 0.9218750000000001110, 0.9375000000000000000, 1.000000000000000000 ),
 .UNSPECIFIED. ) ;
#3351 = ORIENTED_EDGE ( 'NONE', *, *, #4603, .F. ) ;
#3352 = CARTESIAN_POINT ( 'NONE',  ( 73.65500000000000114, -63.39640923772800818, -3.121624691026614877E-15 ) ) ;
#3353 = CARTESIAN_POINT ( 'NONE',  ( -12.99668636962691437, -38.28500754465346745, 0.5012952729984265776 ) ) ;
#3354 = CARTESIAN_POINT ( 'NONE',  ( 226.6457644257073980, -6.042206017375389315, -137.7671940876994654 ) ) ;
#3355 = CARTESIAN_POINT ( 'NONE',  ( 84.73399007762131419, -63.39640923772800818, -12.66326252873922797 ) ) ;
#3356 = CARTESIAN_POINT ( 'NONE',  ( -5.781977706923591143, -37.74110762289767962, 6.899081458058030414 ) ) ;
#3357 = CARTESIAN_POINT ( 'NONE',  ( 8.913684472471304687, -42.25269915812372545, 1.246560045248946480 ) ) ;
#3358 = CARTESIAN_POINT ( 'NONE',  ( -71.46669839058749574, 10.00000000000000000, -137.7671940876994086 ) ) ;
#3359 = CARTESIAN_POINT ( 'NONE',  ( -7.343961991603340067, -41.85264108029669927, -6.840093099208059080 ) ) ;
#3360 = CARTESIAN_POINT ( 'NONE',  ( -8.200543107174075530, -42.09068376483321572, -3.720051315989204355 ) ) ;
#3361 = EDGE_CURVE ( 'NONE', #176, #1064, #3040, .T. ) ;
#3362 = CARTESIAN_POINT ( 'NONE',  ( -8.995394815600706195, -42.29672930100064576, 0.2972915262434370764 ) ) ;
#3363 = CARTESIAN_POINT ( 'NONE',  ( -7.945123746302190426, -38.03220599231167398, 4.230397389210353687 ) ) ;
#3364 = EDGE_CURVE ( 'NONE', #5544, #5412, #2329, .T. ) ;
#3365 = CARTESIAN_POINT ( 'NONE',  ( -2.295103840761430813, -36.75192802456849250, 12.73279713474497932 ) ) ;
#3366 = CARTESIAN_POINT ( 'NONE',  ( 2.855876032122392605, -10.41215783546334706, -55.97353858273868354 ) ) ;
#3367 = CARTESIAN_POINT ( 'NONE',  ( -8.365068517662150427, -42.12141091263917048, 3.320898975381335827 ) ) ;
#3368 = CARTESIAN_POINT ( 'NONE',  ( 190.8134217086285105, -5.512702099187779758, 1.877163863941870114E-14 ) ) ;
#3369 = B_SPLINE_CURVE_WITH_KNOTS ( 'NONE', 3,
 ( #1166, #2711, #728, #6000, #3087, #3173, #157, #4564, #1700, #1222 ),
 .UNSPECIFIED., .F., .F.,
 ( 4, 2, 2, 2, 4 ),
 ( 0.000000000000000000, 0.2502559832925749239, 0.5005119665851498478, 0.7507679498777247717, 1.000000000000000000 ),
 .UNSPECIFIED. ) ;
#3370 = CARTESIAN_POINT ( 'NONE',  ( -6.047590598862250921, -41.79917675026745627, -6.665878459758835639 ) ) ;
#3371 = CARTESIAN_POINT ( 'NONE',  ( 4.485591408591091955, -13.43192164606584349, 53.93138007221111252 ) ) ;
#3372 = CARTESIAN_POINT ( 'NONE',  ( -6.245992199551350868E-06, -41.78975016820130151, 1.124042178454889962 ) ) ;
#3373 = ORIENTED_EDGE ( 'NONE', *, *, #2217, .F. ) ;
#3374 = ORIENTED_EDGE ( 'NONE', *, *, #4331, .T. ) ;
#3375 = CARTESIAN_POINT ( 'NONE',  ( -3.671993753950965278, -41.88114169208939330, -1.124062582745539940 ) ) ;
#3376 = CARTESIAN_POINT ( 'NONE',  ( 185.3328331859785010, -6.042206017371049676, 1.211577774917876053E-14 ) ) ;
#3377 = CARTESIAN_POINT ( 'NONE',  ( 9.179961991574881353, -41.98502101336310233, 6.840103301353389398 ) ) ;
#3378 = CARTESIAN_POINT ( 'NONE',  ( 122.3509716995049672, -6.042206017375237437, 97.75097102704205554 ) ) ;
#3379 = CARTESIAN_POINT ( 'NONE',  ( 0.4875835940452989958, -6.042206017375280069, -58.61996200337880225 ) ) ;
#3380 = CARTESIAN_POINT ( 'NONE',  ( -10.89743259153877375, -38.30796429077106779, 0.08514130155958520019 ) ) ;
#3381 = CARTESIAN_POINT ( 'NONE',  ( 3.671998297884675022, -41.89111594139954775, 0.3063265003405539755 ) ) ;
#3382 = CARTESIAN_POINT ( 'NONE',  ( -4.136972431198504552, -36.84966951480382136, 12.26821071375904815 ) ) ;
#3383 = ORIENTED_EDGE ( 'NONE', *, *, #4165, .F. ) ;
#3384 = CARTESIAN_POINT ( 'NONE',  ( -18.00000000000000000, -6.042206017372999227, 53.98290812280559692 ) ) ;
#3385 = COORDINATED_UNIVERSAL_TIME_OFFSET ( 5, 0, .AHEAD. ) ;
#3386 = CARTESIAN_POINT ( 'NONE',  ( -12.99864817594080080, -38.30611261494834707, 0.03755347317486655567 ) ) ;
#3387 = CARTESIAN_POINT ( 'NONE',  ( -40.72007806292534582, 1.270875219969197945, 8.679063920228786699 ) ) ;
#3388 = DIRECTION ( 'NONE',  ( 0.000000000000000000, 0.000000000000000000, 1.000000000000000000 ) ) ;
#3389 = CARTESIAN_POINT ( 'NONE',  ( 5.404687739659142842, -37.69950045057507992, 7.220265683609332186 ) ) ;
#3390 = CARTESIAN_POINT ( 'NONE',  ( 6.575132109432332506, -41.85793890039538923, 6.152650775288148743 ) ) ;
#3391 = CARTESIAN_POINT ( 'NONE',  ( 7.343957657415900009, -41.80211066434194578, 7.620082781638670255 ) ) ;
#3392 = CARTESIAN_POINT ( 'NONE',  ( 73.73673747126400713, -63.39640923772800818, 1.666009922382535313 ) ) ;
#3393 = DIRECTION ( 'NONE',  ( -0.000000000000000000, -0.000000000000000000, -1.000000000000000000 ) ) ;
#3394 = CARTESIAN_POINT ( 'NONE',  ( -22.00000000000000000, -6.042206018788409239, -51.03729223149981920 ) ) ;
#3395 = CARTESIAN_POINT ( 'NONE',  ( -12.69941411996315495, -38.15530522800185764, 2.716393203316607163 ) ) ;
#3396 = CARTESIAN_POINT ( 'NONE',  ( 4.358700766103742019, -13.19626143887650649, -54.09730219766908021 ) ) ;
#3397 = CARTESIAN_POINT ( 'NONE',  ( 8.987859919025478206, -42.28863064956993867, 0.4673396379131372069 ) ) ;
#3398 = CARTESIAN_POINT ( 'NONE',  ( -18.42086648329454945, -4.983198181002479465, -6.008035954547529540E-15 ) ) ;
#3399 = CARTESIAN_POINT ( 'NONE',  ( -7.187734637320067677, -41.93526692102916087, -5.419822633773115683 ) ) ;
#3400 = CARTESIAN_POINT ( 'NONE',  ( 3.671948989097939986, -41.51274014781865418, 9.180041742209249733 ) ) ;
#3401 = CARTESIAN_POINT ( 'NONE',  ( 9.179983152608029329, -42.20094904025864935, 3.031918295454445023 ) ) ;
#3402 = ORIENTED_EDGE ( 'NONE', *, *, #430, .T. ) ;
#3403 = ORIENTED_EDGE ( 'NONE', *, *, #1327, .F. ) ;
#3404 = CARTESIAN_POINT ( 'NONE',  ( 57.28863927657150157, -6.042206017375318261, -100.0014010907394635 ) ) ;
#3405 = EDGE_CURVE ( 'NONE', #3819, #1046, #2031, .T. ) ;
#3406 = CARTESIAN_POINT ( 'NONE',  ( -9.180016847107648204, -42.20095491708080004, 3.031816274001229772 ) ) ;
#3407 = CARTESIAN_POINT ( 'NONE',  ( -28.96065364147202814, -6.042206022897471662, -49.14831377533711532 ) ) ;
#3408 = CARTESIAN_POINT ( 'NONE',  ( 18.82837672200435364, -42.30756013076910449, -7.696413152913580629E-15 ) ) ;
#3409 = EDGE_CURVE ( 'NONE', #1664, #1046, #1719, .T. ) ;
#3410 = CARTESIAN_POINT ( 'NONE',  ( 5.508001134620309713, -41.97551094644109781, -0.2041734575973165045 ) ) ;
#3411 = ADVANCED_FACE ( 'NONE', ( #3189 ), #3574, .T. ) ;
#3412 = ORIENTED_EDGE ( 'NONE', *, *, #3089, .T. ) ;
#3413 = CARTESIAN_POINT ( 'NONE',  ( 191.2208664832945999, -4.983198181002492788, -209.6417329665892453 ) ) ;
#3414 = DATE_AND_TIME ( #1432, #2813 ) ;
#3415 = CARTESIAN_POINT ( 'NONE',  ( 7.574999950213425315, -37.97166522061578320, -4.862237596133562434 ) ) ;
#3416 = CARTESIAN_POINT ( 'NONE',  ( -38.37760923698960625, 2.258204822421081115, -3.153003375569637168 ) ) ;
#3417 = CARTESIAN_POINT ( 'NONE',  ( 9.000028474184350813, -42.30708906031854610, 9.026024192389750094E-10 ) ) ;
#3418 = CARTESIAN_POINT ( 'NONE',  ( 6.424733482145218666, -37.81426256715070622, 6.302648966567675259 ) ) ;
#3419 = ORIENTED_EDGE ( 'NONE', *, *, #5104, .T. ) ;
#3420 = CARTESIAN_POINT ( 'NONE',  ( 8.540573850625854391, -42.15398774952450367, 2.899835226924416531 ) ) ;
#3421 = DIRECTION ( 'NONE',  ( 0.000000000000000000, -1.000000000000000000, 0.000000000000000000 ) ) ;
#3422 = CARTESIAN_POINT ( 'NONE',  ( 87.23648195563481522, -63.39640923772800818, 12.74503609769137569 ) ) ;
#3423 = CARTESIAN_POINT ( 'NONE',  ( 8.880211729117363006, -42.24124126638055543, 1.470846185529455230 ) ) ;
#3424 = CARTESIAN_POINT ( 'NONE',  ( -22.00000000000000000, -40.88189669053594599, -38.76238080152555199 ) ) ;
#3425 = CARTESIAN_POINT ( 'NONE',  ( -8.492535219410699554, -38.13528054339133888, 2.993806676736948447 ) ) ;
#3426 = CARTESIAN_POINT ( 'NONE',  ( 99.14500000000001023, -63.39640923772801528, -1.258898010333431831E-14 ) ) ;
#3427 = CARTESIAN_POINT ( 'NONE',  ( 16.99369198094186828, -38.47193043318556249, -21.49106298985061869 ) ) ;
#3428 = CARTESIAN_POINT ( 'NONE',  ( 8.813593525387551253, -42.22160483203183645, 1.822321089781793191 ) ) ;
#3429 = CARTESIAN_POINT ( 'NONE',  ( -8.695199106758227714, -42.19041312908773023, 2.341126363877499283 ) ) ;
#3430 = CARTESIAN_POINT ( 'NONE',  ( -5.728487628163128953, -41.76636057267352697, -6.943409976904568737 ) ) ;
#3431 = CARTESIAN_POINT ( 'NONE',  ( -0.2819784947446835610, -37.44249536513961374, -9.000475243218604149 ) ) ;
#3432 = CARTESIAN_POINT ( 'NONE',  ( 8.091148235391793619, -20.19106928975727300, 48.58309137121639765 ) ) ;
#3433 = CARTESIAN_POINT ( 'NONE',  ( 3.671993753950935080, -41.88114169236509809, 1.124062582745533945 ) ) ;
#3434 = AXIS2_PLACEMENT_3D ( 'NONE', #1465, #4979, #3388 ) ;
#3435 = ORIENTED_EDGE ( 'NONE', *, *, #4960, .F. ) ;
#3436 = EDGE_LOOP ( 'NONE', ( #1628, #4317, #1619, #633 ) ) ;
#3437 = CARTESIAN_POINT ( 'NONE',  ( -3.671957657472794789, -41.61891006585364750, -7.620062377348030047 ) ) ;
#3438 = CARTESIAN_POINT ( 'NONE',  ( -71.46669839058749574, 10.00000000000000000, -45.85766345832988122 ) ) ;
#3439 = CARTESIAN_POINT ( 'NONE',  ( -60.78567880730051343, -6.042206017375226779, 11.20025844044312002 ) ) ;
#3440 = CARTESIAN_POINT ( 'NONE',  ( 152.8722439315374970, -38.48506133258119633, 4.163336342344334502E-14 ) ) ;
#3441 = CARTESIAN_POINT ( 'NONE',  ( -42.49410302710136023, -29.99108561764705527, 18.39439622649887340 ) ) ;
#3442 = CARTESIAN_POINT ( 'NONE',  ( -7.343996594065659522, -42.11401773308335095, -0.6129596094384109906 ) ) ;
#3443 = ORIENTED_EDGE ( 'NONE', *, *, #1930, .F. ) ;
#3444 = CARTESIAN_POINT ( 'NONE',  ( 4.326338304368328558, -13.13617347185706663, -54.13943767511274530 ) ) ;
#3445 = PERSON_AND_ORGANIZATION_ROLE ( 'creator' ) ;
#3446 = CARTESIAN_POINT ( 'NONE',  ( 12.91405803531415941, -38.22506593695425181, 1.718707774543063449 ) ) ;
#3447 = FACE_OUTER_BOUND ( 'NONE', #2911, .T. ) ;
#3448 = DIRECTION ( 'NONE',  ( -0.000000000000000000, -0.000000000000000000, -1.000000000000000000 ) ) ;
#3449 = CARTESIAN_POINT ( 'NONE',  ( -6.699964364492870139, -37.84776965947988714, 6.016345034982741424 ) ) ;
#3450 = EDGE_LOOP ( 'NONE', ( #1600, #1931, #4560, #2941, #3601 ) ) ;
#3451 = CARTESIAN_POINT ( 'NONE',  ( -7.807176888603956755, -42.02380459549892322, 4.516151282906873732 ) ) ;
#3452 = CARTESIAN_POINT ( 'NONE',  ( 86.40000000000000568, -58.25464714294840007, 0.000000000000000000 ) ) ;
#3453 = VECTOR ( 'NONE', #686, 1000.000000000000000 ) ;
#3454 = CARTESIAN_POINT ( 'NONE',  ( 94.17627200198747062, -63.39640923772800818, 10.13238574791951230 ) ) ;
#3455 = EDGE_CURVE ( 'NONE', #696, #2214, #899, .T. ) ;
#3456 = CARTESIAN_POINT ( 'NONE',  ( 8.436596161087116741, -42.13462442713758094, 3.150785670297906460 ) ) ;
#3457 = CARTESIAN_POINT ( 'NONE',  ( -7.490329792674848441, -41.97814419639009031, 4.989495828709941350 ) ) ;
#3458 = CARTESIAN_POINT ( 'NONE',  ( -8.786604729115735424, -38.20672315051896817, 1.948358543604669535 ) ) ;
#3459 = CARTESIAN_POINT ( 'NONE',  ( -8.856036636385336891, -42.23367245003134940, -1.610322157358902606 ) ) ;
#3460 = CARTESIAN_POINT ( 'NONE',  ( 13.43796395257743903, -30.68750429424975223, -36.84146596042272392 ) ) ;
#3461 = CARTESIAN_POINT ( 'NONE',  ( 8.208845975479109214, -42.09264638430769168, 3.691175253342235507 ) ) ;
#3462 = DIRECTION ( 'NONE',  ( 3.074555195481525416E-16, 1.000000000000000000, -5.078222490274110485E-16 ) ) ;
#3463 = CARTESIAN_POINT ( 'NONE',  ( 4.641061094257186603, -41.66846666202669525, -7.716691598411347108 ) ) ;
#3464 = CARTESIAN_POINT ( 'NONE',  ( 8.206493394288644438, -38.07834387810370202, -3.706801716926016343 ) ) ;
#3465 = CARTESIAN_POINT ( 'NONE',  ( 7.343970490010160113, -41.94464159687049687, 5.310701536431549741 ) ) ;
#3466 = CARTESIAN_POINT ( 'NONE',  ( 7.343978988417019238, -42.01818542921504473, 3.781309973655029744 ) ) ;
#3467 = ORIENTED_EDGE ( 'NONE', *, *, #2195, .T. ) ;
#3468 = VERTEX_POINT ( 'NONE', #212 ) ;
#3469 = CARTESIAN_POINT ( 'NONE',  ( -3.671948989097970184, -41.51274014766394771, -9.180041742209249733 ) ) ;
#3470 = FACE_OUTER_BOUND ( 'NONE', #2347, .T. ) ;
#3471 = DIRECTION ( 'NONE',  ( -1.000000000000000000, 0.000000000000000000, 0.000000000000000000 ) ) ;
#3472 = CARTESIAN_POINT ( 'NONE',  ( -54.41982516213338528, -6.042206017375162830, 19.73123332054568380 ) ) ;
#3473 = CARTESIAN_POINT ( 'NONE',  ( 9.180011546478818119, -42.24575990172670004, -2.077903720864759940 ) ) ;
#3474 = DIRECTION ( 'NONE',  ( 0.000000000000000000, 1.000000000000000000, 0.000000000000000000 ) ) ;
#3475 = CARTESIAN_POINT ( 'NONE',  ( -53.58330569984575931, -6.744260141485248994, -15.42164038722743058 ) ) ;
#3476 = VECTOR ( 'NONE', #5885, 1000.000000000000000 ) ;
#3477 = CARTESIAN_POINT ( 'NONE',  ( -9.179999999857850312, -42.33629126074694682, -5.101072661278480033E-05 ) ) ;
#3478 = EDGE_LOOP ( 'NONE', ( #6001, #4623, #1557, #1898 ) ) ;
#3479 = CARTESIAN_POINT ( 'NONE',  ( 7.936404120345845747, -19.89767973380579491, -48.84217892801070349 ) ) ;
#3480 = ADVANCED_FACE ( 'NONE', ( #2697 ), #3691, .F. ) ;
#3481 = CARTESIAN_POINT ( 'NONE',  ( 9.497174952617797317, -37.46083263370493199, 8.887288101676436014 ) ) ;
#3482 = CARTESIAN_POINT ( 'NONE',  ( 190.4059769339625063, -6.042206017374129878, 1.510441131475985042E-14 ) ) ;
#3483 = CARTESIAN_POINT ( 'NONE',  ( -22.00000000000000000, -40.88189669053600284, 38.76238080152555199 ) ) ;
#3484 = CARTESIAN_POINT ( 'NONE',  ( -3.363335340539034490, -37.54177981886626725, 8.347933771594320262 ) ) ;
#3485 = ORIENTED_EDGE ( 'NONE', *, *, #1087, .T. ) ;
#3486 = CARTESIAN_POINT ( 'NONE',  ( 8.871598843472334295, -42.23864573087209351, -1.517930278221832241 ) ) ;
#3487 = CARTESIAN_POINT ( 'NONE',  ( -23.87206615386361008, -6.042206017375266747, -49.42813727898040099 ) ) ;
#3488 = VECTOR ( 'NONE', #4025, 1000.000000000000000 ) ;
#3489 = CARTESIAN_POINT ( 'NONE',  ( -7.415906130416238362, -13.94371515320612609, 52.78106892812668605 ) ) ;
#3490 = B_SPLINE_CURVE_WITH_KNOTS ( 'NONE', 1,
 ( #4850, #610 ),
 .UNSPECIFIED., .F., .F.,
 ( 2, 2 ),
 ( 0.000000000000000000, 1.000000000000000000 ),
 .UNSPECIFIED. ) ;
#3491 = PLANE ( 'NONE',  #524 ) ;
#3492 = CARTESIAN_POINT ( 'NONE',  ( 3.201260005236211459, -41.57386181536688241, 8.412028582620338923 ) ) ;
#3493 = CARTESIAN_POINT ( 'NONE',  ( -41.28288212481136554, -6.042206017375257865, -37.08774178010254730 ) ) ;
#3494 = CARTESIAN_POINT ( 'NONE',  ( -8.711811877270370985, -42.19251550245544280, -2.335076802794711082 ) ) ;
#3495 = CARTESIAN_POINT ( 'NONE',  ( 14.34219269681965336, -32.56933376394736257, -34.00843886720646481 ) ) ;
#3496 = CARTESIAN_POINT ( 'NONE',  ( 8.665578418591838528, -42.18400364121440305, 2.435062605197701124 ) ) ;
#3497 = FACE_OUTER_BOUND ( 'NONE', #841, .T. ) ;
#3498 = CARTESIAN_POINT ( 'NONE',  ( -8.949732876161858641, -42.26759792874040755, -0.9502031967606721086 ) ) ;
#3499 = CARTESIAN_POINT ( 'NONE',  ( 8.431448504409047473, -38.12247083014488425, -3.161887341079204994 ) ) ;
#3500 = CARTESIAN_POINT ( 'NONE',  ( -3.405820646415295385E-06, -41.79101289185604884, 0.6129188008571170299 ) ) ;
#3501 = CARTESIAN_POINT ( 'NONE',  ( 3.405820614485210215E-06, -41.79101289190655422, -0.6129188008571250235 ) ) ;
#3502 = ORIENTED_EDGE ( 'NONE', *, *, #2499, .F. ) ;
#3503 = ORIENTED_EDGE ( 'NONE', *, *, #6095, .T. ) ;
#3504 = CARTESIAN_POINT ( 'NONE',  ( 78.95761429842836776, -6.042206017375325366, -103.8861665378682346 ) ) ;
#3505 = CARTESIAN_POINT ( 'NONE',  ( -71.46669839058749574, 10.00000000000000000, 137.9613978004092019 ) ) ;
#3506 = CARTESIAN_POINT ( 'NONE',  ( -63.84608139925698822, -6.042206017375228555, 0.7502448603726915577 ) ) ;
#3507 = CARTESIAN_POINT ( 'NONE',  ( 117.9131557670228716, -56.13001623236041127, 18.61463320748681838 ) ) ;
#3508 = CARTESIAN_POINT ( 'NONE',  ( 69.65500000000001535, -64.66763823405520384, 7.436273818939298003E-14 ) ) ;
#3509 = ADVANCED_FACE ( 'NONE', ( #5123 ), #1687, .T. ) ;
#3510 = CARTESIAN_POINT ( 'NONE',  ( 18.44150802932642819, -34.90485069150243902, -19.59281012094951535 ) ) ;
#3511 = CARTESIAN_POINT ( 'NONE',  ( 5.508029509790779876, -41.83478860876699912, -5.310630121414299687 ) ) ;
#3512 = ORIENTED_EDGE ( 'NONE', *, *, #3196, .F. ) ;
#3513 = ORIENTED_EDGE ( 'NONE', *, *, #358, .T. ) ;
#3514 = CARTESIAN_POINT ( 'NONE',  ( 5.694400498811264200, -15.68127300100857013, -52.29998992530350677 ) ) ;
#3515 = AXIS2_PLACEMENT_3D ( 'NONE', #4638, #3273, #4581 ) ;
#3516 = DATE_AND_TIME ( #5548, #902 ) ;
#3517 = CARTESIAN_POINT ( 'NONE',  ( 6.885508015544172800, -37.09387806683187705, 11.02734373404052448 ) ) ;
#3518 = CARTESIAN_POINT ( 'NONE',  ( -11.51018878249473687, -38.30198186976232932, 0.05472197067471591680 ) ) ;
#3519 = CARTESIAN_POINT ( 'NONE',  ( -18.00000000000000000, -32.29571161549034741, -26.62793936103274817 ) ) ;
#3520 = CARTESIAN_POINT ( 'NONE',  ( -8.719853225043552314, -38.18876986623121894, 2.229174695245179638 ) ) ;
#3521 = VERTEX_POINT ( 'NONE', #2201 ) ;
#3522 = CARTESIAN_POINT ( 'NONE',  ( 8.320226875225191776, -42.11296704887990217, -3.431315204650100092 ) ) ;
#3523 = CARTESIAN_POINT ( 'NONE',  ( -22.00000000000000355, -6.042206018788409239, 48.96270776850018080 ) ) ;
#3524 = CARTESIAN_POINT ( 'NONE',  ( 185.3328331859802063, -6.042206017369121440, 58.43903465427121091 ) ) ;
#3525 = CARTESIAN_POINT ( 'NONE',  ( 6.771385655933783276, -41.88150254570224007, 5.935923354655471940 ) ) ;
#3526 = CARTESIAN_POINT ( 'NONE',  ( -5.383077261130935653, -41.73009153696978757, 7.236683523761848313 ) ) ;
#3527 = CARTESIAN_POINT ( 'NONE',  ( -61.68110501901242060, -6.042206017375235660, -9.936028996158208670 ) ) ;
#3528 = CARTESIAN_POINT ( 'NONE',  ( -8.970275439481770974, -42.27742094235774317, -0.7438990238229632457 ) ) ;
#3529 = CARTESIAN_POINT ( 'NONE',  ( 17.38189796030462375, -39.38866088590837933, -18.60452717451092397 ) ) ;
#3530 = CARTESIAN_POINT ( 'NONE',  ( 8.955998966516091286, -42.27053191532905174, 0.8888725902833857218 ) ) ;
#3531 = CARTESIAN_POINT ( 'NONE',  ( -8.969704778572678450, -42.27715226534309778, 0.7497248534899636496 ) ) ;
#3532 = CARTESIAN_POINT ( 'NONE',  ( -9.000000000000000000, -42.30661100815940046, -7.355114230846949610E-16 ) ) ;
#3533 = CARTESIAN_POINT ( 'NONE',  ( 5.140326438903936257, -37.67690131258309094, -7.389115542671063075 ) ) ;
#3534 = CARTESIAN_POINT ( 'NONE',  ( 5.507988453293689801, -41.96221732434155172, 2.077985338027330098 ) ) ;
#3535 = CARTESIAN_POINT ( 'NONE',  ( 9.179999999857820114, -42.33629126070890436, 5.101072660356800444E-05 ) ) ;
#3536 = CARTESIAN_POINT ( 'NONE',  ( 3.672051010788299763, -41.51274637520825195, -9.180000933627960436 ) ) ;
#3537 = ORIENTED_EDGE ( 'NONE', *, *, #4922, .T. ) ;
#3538 = ORIENTED_EDGE ( 'NONE', *, *, #526, .T. ) ;
#3539 = CARTESIAN_POINT ( 'NONE',  ( 3.672042342413474714, -41.61891558230554722, -7.620021568766739861 ) ) ;
#3540 = CARTESIAN_POINT ( 'NONE',  ( 62.18275481095519552, -57.95386985700429960, -5.931514360986089564E-15 ) ) ;
#3541 = CARTESIAN_POINT ( 'NONE',  ( -8.999999999658850669, -38.28178386090696250, -0.5954889292931463407 ) ) ;
#3542 = CARTESIAN_POINT ( 'NONE',  ( -40.73448779060400682, -6.042206017375217897, 36.14419435670693304 ) ) ;
#3543 = CARTESIAN_POINT ( 'NONE',  ( 32.97019672232295306, -47.26221975847412438, 30.05974408747960780 ) ) ;
#3544 = CARTESIAN_POINT ( 'NONE',  ( 8.061850245893294797, -20.13549364237563566, 48.63237231635005031 ) ) ;
#3545 = CARTESIAN_POINT ( 'NONE',  ( 20.36082540615130299, -26.96475769767874908, 35.57686982298324807 ) ) ;
#3546 = CARTESIAN_POINT ( 'NONE',  ( 5.508038008197630120, -41.74731312820915008, -6.840021684190809914 ) ) ;
#3547 = ORIENTED_EDGE ( 'NONE', *, *, #6034, .T. ) ;
#3548 = ORIENTED_EDGE ( 'NONE', *, *, #6011, .T. ) ;
#3549 = CARTESIAN_POINT ( 'NONE',  ( 13.58933078430705699, -30.99982749801245774, -36.38984092546517246 ) ) ;
#3550 = B_SPLINE_CURVE_WITH_KNOTS ( 'NONE', 3,
 ( #3584, #2547, #1126, #5413, #2481, #591, #3083, #188, #4462, #3444, #3115, #5888, #153, #626, #4428, #3514, #2111, #2074, #1056, #3015, #1558, #5042, #3479, #84, #4394, #2005, #4903, #4939, #2618, #2147, #4022, #3986, #5959, #5011, #2513, #118, #2040, #3952, #5448, #3917, #5923, #1630, #1594, #3049, #4974, #3549, #5486, #4531, #1161, #697, #221, #4058, #5997, #1667, #2296, #814, #5134, #4088, #338, #2738, #5577, #3643, #726, #5071, #1305, #4648, #2708, #1697, #1814, #4115, #4618, #5100, #2677, #1758, #2268, #785, #3612, #1250, #6057, #3170, #368, #4562, #5662, #2648, #5547 ),
 .UNSPECIFIED., .F., .F.,
 ( 4, 2, 2, 1, 1, 1, 1, 1, 2, 2, 2, 2, 1, 1, 1, 1, 1, 2, 2, 2, 2, 1, 1, 1, 1, 1, 2, 2, 2, 2, 1, 1, 1, 1, 1, 2, 2, 2, 2, 1, 1, 1, 1, 2, 2, 2, 2, 1, 1, 1, 2, 2, 2, 2, 2, 4 ),
 ( 0.000000000000000000, 0.06250000000000145717, 0.09375000000000213718, 0.1093750000000024009, 0.1171875000000026090, 0.1210937500000026923, 0.1230468750000026645, 0.1240234375000025396, 0.1245117187500025951, 0.1250000000000026368, 0.1875000000000063283, 0.2187500000000081601, 0.2343750000000091038, 0.2421875000000094647, 0.2460937500000097700, 0.2480468750000099920, 0.2490234375000101030, 0.2495117187500101863, 0.2500000000000102696, 0.3125000000000065503, 0.3437500000000047184, 0.3593750000000037748, 0.3671875000000034417, 0.3710937500000033307, 0.3730468750000032752, 0.3740234375000031086, 0.3745117187500031086, 0.3750000000000031086, 0.4374999999999846234, 0.4687499999999753530, 0.4843749999999708566, 0.4921874999999687472, 0.4960937499999677480, 0.4980468749999673039, 0.4990234374999673039, 0.4995117187499670819, 0.4999999999999668598, 0.5624999999999655831, 0.5937499999999650280, 0.6093749999999646949, 0.6171874999999644729, 0.6210937499999643618, 0.6230468749999644729, 0.6240234374999644729, 0.6249999999999644729, 0.6874999999999710232, 0.7187499999999744649, 0.7343749999999761302, 0.7421874999999769074, 0.7460937499999772404, 0.7480468749999773515, 0.7499999999999774625, 0.8124999999999832356, 0.8437499999999860112, 0.8749999999999888978, 1.000000000000000000 ),
 .UNSPECIFIED. ) ;
#3551 = CARTESIAN_POINT ( 'NONE',  ( 0.3114436066676191106, -37.44264839152050683, -8.999500640297988241 ) ) ;
#3552 = FACE_OUTER_BOUND ( 'NONE', #1592, .T. ) ;
#3553 = CIRCLE ( 'NONE', #5167, 12.74499999999999922 ) ;
#3554 = CARTESIAN_POINT ( 'NONE',  ( 7.343961991603319639, -41.85264108032090746, 6.840093099208069738 ) ) ;
#3555 = CARTESIAN_POINT ( 'NONE',  ( -8.013066560880528044, -38.04389288660886592, 4.100312599683334724 ) ) ;
#3556 = ORIENTED_EDGE ( 'NONE', *, *, #5521, .F. ) ;
#3557 = CARTESIAN_POINT ( 'NONE',  ( 7.140281809248411271, -41.92929463086041153, -5.486572177406674022 ) ) ;
#3558 = CARTESIAN_POINT ( 'NONE',  ( -38.26127224062755516, -6.042206018788409239, 48.96270776850018080 ) ) ;
#3559 = CARTESIAN_POINT ( 'NONE',  ( -0.9323688128199322245, -20.95902901126089901, 49.13341423743467118 ) ) ;
#3560 = CARTESIAN_POINT ( 'NONE',  ( -4.349351072615955438, -41.64531798419383790, -7.901198085674529636 ) ) ;
#3561 = CARTESIAN_POINT ( 'NONE',  ( -8.848755923042784133, -42.23171565814552508, 1.643727130476765996 ) ) ;
#3562 = DIRECTION ( 'NONE',  ( -1.000000000000000000, 0.000000000000000000, 0.000000000000000000 ) ) ;
#3563 =( BOUNDED_SURFACE ( )  B_SPLINE_SURFACE ( 3, 3, ( 
 ( #1067, #1604, #5897, #567, #5863, #3524, #5421 ),
 ( #5388, #3489, #5458, #4403, #1134, #2120, #197 ),
 ( #4032, #3559, #5968, #1639, #4456, #1588, #4016 ),
 ( #2642, #4525, #3043, #1051, #5847, #3010, #1186 ),
 ( #621, #2542, #2979, #147, #181, #4490, #3440 ),
 ( #3077, #3543, #4968, #2576, #2104, #1519, #1085 ),
 ( #655, #1120, #5480, #3948, #4934, #5915, #5373 ),
 ( #215, #1624, #5882, #5952, #4897, #3507, #2069 ),
 ( #2140, #5036, #2612, #80, #2000, #720, #3108 ),
 ( #5004, #3981, #1553, #1155, #586, #690, #5442 ) ),
 .UNSPECIFIED., .F., .F., .F. ) 
 B_SPLINE_SURFACE_WITH_KNOTS ( ( 4, 2, 2, 2, 4 ),
 ( 4, 3, 4 ),
 ( 0.000000000000000000, 0.2500000000000000000, 0.5000000000000000000, 0.7500000000000000000, 1.000000000000000000 ),
 ( 0.000000000000000000, 0.5000000000000000000, 1.000000000000000000 ),
 .UNSPECIFIED. ) 
 GEOMETRIC_REPRESENTATION_ITEM ( )  RATIONAL_B_SPLINE_SURFACE ( (
 ( 1.000000000000000000, 0.8022468501230819449, 0.8022468501230819449, 1.000000000000000000, 0.8022468501230819449, 0.8022468501230819449, 1.000000000000000000),
 ( 1.000000000000000000, 0.8022468501230819449, 0.8022468501230819449, 1.000000000000000000, 0.8022468501230819449, 0.8022468501230819449, 1.000000000000000000),
 ( 1.000000000000000000, 0.8022468501230819449, 0.8022468501230819449, 1.000000000000000000, 0.8022468501230819449, 0.8022468501230819449, 1.000000000000000000),
 ( 1.000000000000000000, 0.8022468501230819449, 0.8022468501230819449, 1.000000000000000000, 0.8022468501230819449, 0.8022468501230819449, 1.000000000000000000),
 ( 1.000000000000000000, 0.8022468501230819449, 0.8022468501230819449, 1.000000000000000000, 0.8022468501230819449, 0.8022468501230819449, 1.000000000000000000),
 ( 1.000000000000000000, 0.8022468501230819449, 0.8022468501230819449, 1.000000000000000000, 0.8022468501230819449, 0.8022468501230819449, 1.000000000000000000),
 ( 1.000000000000000000, 0.8022468501230819449, 0.8022468501230819449, 1.000000000000000000, 0.8022468501230819449, 0.8022468501230819449, 1.000000000000000000),
 ( 1.000000000000000000, 0.8022468501230819449, 0.8022468501230819449, 1.000000000000000000, 0.8022468501230819449, 0.8022468501230819449, 1.000000000000000000),
 ( 1.000000000000000000, 0.8022468501230819449, 0.8022468501230819449, 1.000000000000000000, 0.8022468501230819449, 0.8022468501230819449, 1.000000000000000000),
 ( 1.000000000000000000, 0.8022468501230819449, 0.8022468501230819449, 1.000000000000000000, 0.8022468501230819449, 0.8022468501230819449, 1.000000000000000000) ) ) 
 REPRESENTATION_ITEM ( '' )  SURFACE ( )  );
#3564 = CARTESIAN_POINT ( 'NONE',  ( -9.000028474184428973, -42.30708906031859584, -8.070543590473060038E-10 ) ) ;
#3565 = CARTESIAN_POINT ( 'NONE',  ( -8.998887288000474882, -38.31026224233492883, 0.1470156075517272953 ) ) ;
#3566 = CARTESIAN_POINT ( 'NONE',  ( -10.36228150911853341, -38.31026286157670313, 8.031521729330220793 ) ) ;
#3567 = DIRECTION ( 'NONE',  ( 1.000000000000000000, -3.074555195481525416E-16, 1.561327534128339757E-31 ) ) ;
#3568 = EDGE_CURVE ( 'NONE', #1421, #211, #2853, .T. ) ;
#3569 = CARTESIAN_POINT ( 'NONE',  ( 3.735102285266219013, -37.56455989839636800, -8.193717424854604303 ) ) ;
#3570 = CARTESIAN_POINT ( 'NONE',  ( 5.507978988445449531, -41.90336194479514376, 3.781299771509710084 ) ) ;
#3571 = CARTESIAN_POINT ( 'NONE',  ( 5.109582799404299976E-06, -41.79199488318105438, -0.9195315056643299512 ) ) ;
#3572 = CARTESIAN_POINT ( 'NONE',  ( 4.716710544639065361, -8.263542936146528461, 52.64180487303517708 ) ) ;
#3573 = VERTEX_POINT ( 'NONE', #1240 ) ;
#3574 = CYLINDRICAL_SURFACE ( 'NONE', #5080, 9.000000000000000000 ) ;
#3575 = CARTESIAN_POINT ( 'NONE',  ( 226.6457644257074833, 10.00000000000000000, -137.7671940876994086 ) ) ;
#3576 = CARTESIAN_POINT ( 'NONE',  ( -48.22026380061686979, -6.042206017375219673, 26.73163483859935141 ) ) ;
#3577 = LINE ( 'NONE', #5510, #3847 ) ;
#3578 = CARTESIAN_POINT ( 'NONE',  ( 13.18753529535710989, -30.16879912224827365, 37.60428139560085725 ) ) ;
#3579 = CARTESIAN_POINT ( 'NONE',  ( 13.71927194209181877, -25.02024238665637057, -37.77056735847038738 ) ) ;
#3580 = CARTESIAN_POINT ( 'NONE',  ( -3.671988453322155177, -41.86434037993399215, -2.077975135882014879 ) ) ;
#3581 = EDGE_LOOP ( 'NONE', ( #5920, #1671, #4285, #2706 ) ) ;
#3582 = CARTESIAN_POINT ( 'NONE',  ( -3.672001134648780418, -41.88910343542099923, 0.2041836597426290312 ) ) ;
#3583 = EDGE_LOOP ( 'NONE', ( #1450, #4893, #5842, #4758, #5040 ) ) ;
#3584 = CARTESIAN_POINT ( 'NONE',  ( 0.4875835940438230098, -6.042206017374079252, -58.61996200337879515 ) ) ;
#3585 = CARTESIAN_POINT ( 'NONE',  ( 20.34536719873065280, -32.29571161549034741, -26.62793936103274817 ) ) ;
#3586 = CARTESIAN_POINT ( 'NONE',  ( -8.793082668427032900, -38.20855485686563924, 1.918808907829727239 ) ) ;
#3587 = ORIENTED_EDGE ( 'NONE', *, *, #340, .T. ) ;
#3588 = CARTESIAN_POINT ( 'NONE',  ( 8.327804452919995271, -42.11438430527874033, -3.412883279986052010 ) ) ;
#3589 = CARTESIAN_POINT ( 'NONE',  ( -22.92819933413028366, -6.042206017375267635, -49.20199396977101003 ) ) ;
#3590 = CARTESIAN_POINT ( 'NONE',  ( -6.573276148919255490, -41.85772243890762212, -6.154582881444187414 ) ) ;
#3591 = CARTESIAN_POINT ( 'NONE',  ( -3.471071036346626837, -41.58898566603957647, 8.303717694146621753 ) ) ;
#3592 = CARTESIAN_POINT ( 'NONE',  ( -59.40753889300869872, -6.042206017375227667, 13.46529240597967458 ) ) ;
#3593 = DIRECTION ( 'NONE',  ( 0.000000000000000000, 0.000000000000000000, 1.000000000000000000 ) ) ;
#3594 = CARTESIAN_POINT ( 'NONE',  ( 19.07334698233634995, -42.30756013076910449, -5.181181809388050601E-15 ) ) ;
#3595 = CARTESIAN_POINT ( 'NONE',  ( 12.65744595625910840, -38.31026286157671024, 3.416325691046325552 ) ) ;
#3596 = CARTESIAN_POINT ( 'NONE',  ( 8.999391532603539190, -42.30653628321543636, -0.1540681195039420859 ) ) ;
#3597 = CARTESIAN_POINT ( 'NONE',  ( -22.00000000000001776, -6.042206018788412791, -32.28729223149981209 ) ) ;
#3598 = CARTESIAN_POINT ( 'NONE',  ( -9.180005109440658728, -42.29214137119174666, 0.9194804949377138881 ) ) ;
#3599 = CARTESIAN_POINT ( 'NONE',  ( -9.179998297799400575, -42.31469511206929468, -0.3063571067765274991 ) ) ;
#3600 = CARTESIAN_POINT ( 'NONE',  ( 9.180046676515591031, -41.87592484815069582, -8.399980644761390280 ) ) ;
#3601 = ORIENTED_EDGE ( 'NONE', *, *, #5435, .T. ) ;
#3602 = FACE_OUTER_BOUND ( 'NONE', #3581, .T. ) ;
#3603 = CARTESIAN_POINT ( 'NONE',  ( 20.36082540615130299, -37.24753809675059557, 11.41428795664992002 ) ) ;
#3604 = CARTESIAN_POINT ( 'NONE',  ( -8.962530039045986996, -42.27376169441676979, 0.8204897405770722463 ) ) ;
#3605 = CARTESIAN_POINT ( 'NONE',  ( -71.46669839058749574, 10.00000000000000000, -137.7671940876994086 ) ) ;
#3606 = CARTESIAN_POINT ( 'NONE',  ( 17.47806944594229606, -39.61682528063861497, 17.81252216229009377 ) ) ;
#3607 = CARTESIAN_POINT ( 'NONE',  ( 20.36082540615130299, -37.24753809675059557, 11.41428795664992002 ) ) ;
#3608 = CARTESIAN_POINT ( 'NONE',  ( 5.508016847164491026, -41.92984125661909900, -3.031836678291880194 ) ) ;
#3609 = ORIENTED_EDGE ( 'NONE', *, *, #914, .T. ) ;
#3610 = CARTESIAN_POINT ( 'NONE',  ( 7.343998297827809552, -42.11316998287139768, 0.3063469046311975141 ) ) ;
#3611 = B_SPLINE_CURVE_WITH_KNOTS ( 'NONE', 3,
 ( #431, #736, #5699, #2659 ),
 .UNSPECIFIED., .F., .F.,
 ( 4, 4 ),
 ( 6.664114238905806495E-05, 0.9999835186213251736 ),
 .UNSPECIFIED. ) ;
#3612 = CARTESIAN_POINT ( 'NONE',  ( 17.57388435301857399, -39.84396544019264041, -17.05239439064001061 ) ) ;
#3613 = LINE ( 'NONE', #5549, #3250 ) ;
#3614 = EDGE_CURVE ( 'NONE', #1421, #2606, #1183, .T. ) ;
#3615 = CARTESIAN_POINT ( 'NONE',  ( -71.46669839058749574, -70.00000000000000000, 0.000000000000000000 ) ) ;
#3616 = AXIS2_PLACEMENT_3D ( 'NONE', #933, #818, #1367 ) ;
#3617 = CARTESIAN_POINT ( 'NONE',  ( -8.773354225686084362, -38.20302379518549429, 2.007577097924224674 ) ) ;
#3618 = VERTEX_POINT ( 'NONE', #4522 ) ;
#3619 = CARTESIAN_POINT ( 'NONE',  ( 7.636156702349115477, -41.99951341889551060, -4.764528609138463544 ) ) ;
#3620 = CARTESIAN_POINT ( 'NONE',  ( 13.24436795318036175, -33.22972007004624118, -1.542452698203079953 ) ) ;
#3621 = APPROVAL_PERSON_ORGANIZATION ( #2006, #4272, #2515 ) ;
#3622 = CARTESIAN_POINT ( 'NONE',  ( -6.358410113016079279, -41.83330100664666418, -6.369513768642619311 ) ) ;
#3623 = CARTESIAN_POINT ( 'NONE',  ( 3.419865594227325278, -41.58602837709501188, 8.324943336569258889 ) ) ;
#3624 = CARTESIAN_POINT ( 'NONE',  ( -62.19607936826370320, -6.042206017375223226, 8.196976326052359596 ) ) ;
#3625 = DIRECTION ( 'NONE',  ( 1.000000000000000000, -3.074555195481525416E-16, 1.561327534128339757E-31 ) ) ;
#3626 = CARTESIAN_POINT ( 'NONE',  ( -40.69967956776959284, -21.18324305483734804, -38.85782123306505298 ) ) ;
#3627 = CARTESIAN_POINT ( 'NONE',  ( 1.723392542192731858, -38.31026286157670313, 12.99662023406230738 ) ) ;
#3628 = CARTESIAN_POINT ( 'NONE',  ( 8.913684472471304687, -42.25269915812372545, 1.246560045248946480 ) ) ;
#3629 = CARTESIAN_POINT ( 'NONE',  ( -52.51937634892737350, -6.051610317030106323, -15.42164038722743058 ) ) ;
#3630 = CARTESIAN_POINT ( 'NONE',  ( -9.180001701916291168, -42.31469916674569731, 0.3062550853233024784 ) ) ;
#3631 = CARTESIAN_POINT ( 'NONE',  ( -3.671998865237520171, -41.88910478152794781, -0.2042244683239249903 ) ) ;
#3632 = CARTESIAN_POINT ( 'NONE',  ( 20.13201909064075323, -38.30748449334880235, -0.07350728171799320032 ) ) ;
#3633 = CARTESIAN_POINT ( 'NONE',  ( 73.65500000000000114, -64.66763823405520384, 5.659916979539048169E-14 ) ) ;
#3634 = CARTESIAN_POINT ( 'NONE',  ( -71.46669839058749574, 10.00000000000000000, -137.7671940876994086 ) ) ;
#3635 = CARTESIAN_POINT ( 'NONE',  ( 3.493117819993507123, -6.042206017369079696, 53.98290812280665563 ) ) ;
#3636 = CARTESIAN_POINT ( 'NONE',  ( 190.4059769339625063, -6.042206017374129878, 1.510441131475985042E-14 ) ) ;
#3637 = CARTESIAN_POINT ( 'NONE',  ( 5.777547747338132922, -36.97391567611749963, 11.65347333953519104 ) ) ;
#3638 = CARTESIAN_POINT ( 'NONE',  ( 13.99332159376455564, -31.84081099052080788, 35.12227785988979178 ) ) ;
#3639 = CARTESIAN_POINT ( 'NONE',  ( 16.66877598605494626, -37.71365601042480620, 23.57378238548206539 ) ) ;
#3640 = CARTESIAN_POINT ( 'NONE',  ( -7.343978988417039666, -42.01818542903539822, -3.781309973655035073 ) ) ;
#3641 = ORIENTED_EDGE ( 'NONE', *, *, #2119, .T. ) ;
#3642 = CARTESIAN_POINT ( 'NONE',  ( -7.344001701944730343, -42.11316865284370436, 0.3062652874686240256 ) ) ;
#3643 = CARTESIAN_POINT ( 'NONE',  ( 15.94516563415976051, -36.06282458040264771, -27.46855508695037429 ) ) ;
#3644 = CARTESIAN_POINT ( 'NONE',  ( 74.30508092214989802, -63.39640923772801528, 4.104477973339149877 ) ) ;
#3645 = CARTESIAN_POINT ( 'NONE',  ( -9.180042342328199823, -41.93205553898625482, 7.619990962330779105 ) ) ;
#3646 = CARTESIAN_POINT ( 'NONE',  ( 13.71927194209181877, -25.02024238665637057, -37.77056735847038738 ) ) ;
#3647 = EDGE_CURVE ( 'NONE', #4318, #2882, #2121, .T. ) ;
#3648 = CARTESIAN_POINT ( 'NONE',  ( 139.1842759379920551, -47.26221975847412438, 31.17935705876518426 ) ) ;
#3649 = CARTESIAN_POINT ( 'NONE',  ( -10.99063355583341561, -38.30788088533381597, 0.08291896814041684050 ) ) ;
#3650 = CARTESIAN_POINT ( 'NONE',  ( 3.456573225414040440, -41.58814372736936349, -8.309763126635996144 ) ) ;
#3651 = CARTESIAN_POINT ( 'NONE',  ( -71.46669839058749574, -6.042206017375160165, 137.9613978004092019 ) ) ;
#3652 = FACE_OUTER_BOUND ( 'NONE', #3992, .T. ) ;
#3653 = CARTESIAN_POINT ( 'NONE',  ( -22.00000000000000000, -29.99108561764705172, -20.46898068949853666 ) ) ;
#3654 = ADVANCED_FACE ( 'NONE', ( #4135 ), #2727, .F. ) ;
#3655 = CARTESIAN_POINT ( 'NONE',  ( -11.32963596097304304, -38.31026286157670313, 6.597087869260945148 ) ) ;
#3656 = CARTESIAN_POINT ( 'NONE',  ( -1.172851373277237874, -41.49943496707153656, 8.928241869315067802 ) ) ;
#3657 = CARTESIAN_POINT ( 'NONE',  ( -8.691414426198031506, -38.18143633030168616, -2.341463289025250916 ) ) ;
#3658 = B_SPLINE_CURVE_WITH_KNOTS ( 'NONE', 3,
 ( #3034, #4206, #6212, #2302, #5286, #2422, #2389, #2330, #1848, #462 ),
 .UNSPECIFIED., .F., .F.,
 ( 4, 2, 2, 2, 4 ),
 ( 0.000000000000000000, 0.2500000000000000000, 0.5000000000000000000, 0.7500000000000000000, 1.000000000000000000 ),
 .UNSPECIFIED. ) ;
#3659 = CARTESIAN_POINT ( 'NONE',  ( 5.507999999914679812, -41.99430005132509791, 3.060643596046600169E-05 ) ) ;
#3660 = CARTESIAN_POINT ( 'NONE',  ( -5.507961991631770360, -41.74730526027870070, -6.840082897062740308 ) ) ;
#3661 = CARTESIAN_POINT ( 'NONE',  ( -5.507948989069539891, -41.58977544978714747, -9.180051944354559623 ) ) ;
#3662 = CARTESIAN_POINT ( 'NONE',  ( 97.85477020587653385, -63.39640923772801528, -5.650122717616897106 ) ) ;
#3663 = CARTESIAN_POINT ( 'NONE',  ( 226.6457644257074833, 10.00000000000000000, -137.7671940876994086 ) ) ;
#3664 = CARTESIAN_POINT ( 'NONE',  ( 11.01349353275702114, -37.74814730296663612, 6.842587440908400431 ) ) ;
#3665 = LINE ( 'NONE', #5570, #341 ) ;
#3666 = CARTESIAN_POINT ( 'NONE',  ( -12.14188000672989354, -37.99267990074206836, 4.649804015325684325 ) ) ;
#3667 = CARTESIAN_POINT ( 'NONE',  ( 8.067217597738338242, -20.14567414120459432, 48.62335124008350107 ) ) ;
#3668 = CARTESIAN_POINT ( 'NONE',  ( -8.998799112008940781, -38.30460735910270387, 0.1467910492799149869 ) ) ;
#3669 = CARTESIAN_POINT ( 'NONE',  ( 3.671948989097939986, -41.51274014781865418, 9.180041742209249733 ) ) ;
#3670 = ORIENTED_EDGE ( 'NONE', *, *, #135, .T. ) ;
#3671 = CARTESIAN_POINT ( 'NONE',  ( 9.179996594037190150, -42.30370506477029835, 0.6129698115837249883 ) ) ;
#3672 = DIRECTION ( 'NONE',  ( 1.000000000000000000, 0.000000000000000000, 0.000000000000000000 ) ) ;
#3673 = DIRECTION ( 'NONE',  ( 0.000000000000000000, 1.000000000000000000, 0.000000000000000000 ) ) ;
#3674 = EDGE_CURVE ( 'NONE', #3521, #3941, #5884, .T. ) ;
#3675 = CARTESIAN_POINT ( 'NONE',  ( -5.508038008197660318, -41.74731312807935524, 6.840021684190809914 ) ) ;
#3676 = CARTESIAN_POINT ( 'NONE',  ( 6.500979930642922788, -37.06129057593918930, 11.20116189807762552 ) ) ;
#3677 = CARTESIAN_POINT ( 'NONE',  ( 132.1963904380773158, -50.78462308660635927, 27.05165476076345143 ) ) ;
#3678 = CARTESIAN_POINT ( 'NONE',  ( -7.790834243904103396, -42.02321298238409497, -4.515416823723357176 ) ) ;
#3679 = CARTESIAN_POINT ( 'NONE',  ( -7.999001470601067254, -42.05680254636539672, -4.127650336488094318 ) ) ;
#3680 = EDGE_CURVE ( 'NONE', #812, #724, #6017, .T. ) ;
#3681 = CARTESIAN_POINT ( 'NONE',  ( -27.48706490186448193, -6.042206017375219673, 47.75248706468540405 ) ) ;
#3682 = FACE_OUTER_BOUND ( 'NONE', #2073, .T. ) ;
#3683 = B_SPLINE_CURVE_WITH_KNOTS ( 'NONE', 3,
 ( #1787, #310, #2239, #3702 ),
 .UNSPECIFIED., .F., .F.,
 ( 4, 4 ),
 ( 6.664114203397419629E-05, 0.9999835186211089022 ),
 .UNSPECIFIED. ) ;
#3684 = CARTESIAN_POINT ( 'NONE',  ( -12.64384698155560294, -38.31026286157671024, 3.466316902698127311 ) ) ;
#3685 = CARTESIAN_POINT ( 'NONE',  ( -0.2884391821801102762, -41.48880458446444663, 9.000225615030572612 ) ) ;
#3686 = FACE_OUTER_BOUND ( 'NONE', #4825, .T. ) ;
#3687 = CARTESIAN_POINT ( 'NONE',  ( 7.343999999886249519, -42.08584460787654535, 4.080858128201899867E-05 ) ) ;
#3688 = CARTESIAN_POINT ( 'NONE',  ( 3.672016847192915101, -41.84322007499505247, -3.031846880437200298 ) ) ;
#3689 = CARTESIAN_POINT ( 'NONE',  ( -3.247872127734981795, -37.53502088200170306, 8.393680768999868036 ) ) ;
#3690 = CARTESIAN_POINT ( 'NONE',  ( 90.50450560134764544, -63.39640923772801528, -12.09498577766955485 ) ) ;
#3691 = PLANE ( 'NONE',  #2669 ) ;
#3692 = CARTESIAN_POINT ( 'NONE',  ( -18.00000000000000000, -6.042206017372979687, 53.98290812280559692 ) ) ;
#3693 = CARTESIAN_POINT ( 'NONE',  ( -8.995394815600706195, -42.29672930100064576, 0.2972915262434370764 ) ) ;
#3694 = CARTESIAN_POINT ( 'NONE',  ( -12.99668636962691437, -38.28500754465346745, 0.5012952729984265776 ) ) ;
#3695 = CARTESIAN_POINT ( 'NONE',  ( 8.956149962667433684, -42.27060452142887215, -0.8873462935326446033 ) ) ;
#3696 = VECTOR ( 'NONE', #6226, 1000.000000000000000 ) ;
#3697 = CARTESIAN_POINT ( 'NONE',  ( 18.28405919940597002, -41.46660063039097821, 9.153084750286165416 ) ) ;
#3698 = CARTESIAN_POINT ( 'NONE',  ( -3.671948989097970184, -41.51274014766394771, -9.180041742209249733 ) ) ;
#3699 = ORIENTED_EDGE ( 'NONE', *, *, #4301, .F. ) ;
#3700 = CARTESIAN_POINT ( 'NONE',  ( 5.508001701973130437, -41.96944799685734750, -0.3062754896139545102 ) ) ;
#3701 = CARTESIAN_POINT ( 'NONE',  ( -4.259443137613194708, -6.042206017373009885, -53.98290812280549744 ) ) ;
#3702 = CARTESIAN_POINT ( 'NONE',  ( -8.998887288001631291, -38.31026224233491462, 0.1470156075516847738 ) ) ;
#3703 = ADVANCED_FACE ( 'NONE', ( #3602 ), #5537, .F. ) ;
#3704 = CARTESIAN_POINT ( 'NONE',  ( -3.672029509819239923, -41.75190828326094561, 5.310640323559619347 ) ) ;
#3705 = CARTESIAN_POINT ( 'NONE',  ( 10.95479552364282050, -38.30638237426254733, 0.01622593985723659593 ) ) ;
#3706 = CARTESIAN_POINT ( 'NONE',  ( 179.0824426214868765, -13.94371515320614918, 54.74696621714786460 ) ) ;
#3707 = CARTESIAN_POINT ( 'NONE',  ( -8.980326197338175831, -42.28336029222883496, -0.5973155958734430726 ) ) ;
#3708 = CARTESIAN_POINT ( 'NONE',  ( 98.49491907783627198, -63.39640923772801528, -4.104477973369242250 ) ) ;
#3709 = CARTESIAN_POINT ( 'NONE',  ( 226.6457644257074833, 10.00000000000000000, 46.05186717103966743 ) ) ;
#3710 = CARTESIAN_POINT ( 'NONE',  ( 103.1449999999999960, -58.93658393131480011, 2.050671065172235212E-15 ) ) ;
#3711 = CARTESIAN_POINT ( 'NONE',  ( -62.09474050719287419, 10.00000000000000000, 15.42164038722742880 ) ) ;
#3712 = CARTESIAN_POINT ( 'NONE',  ( 7.807176888454066876, -42.02380459547978120, -4.516151283088556845 ) ) ;
#3713 = B_SPLINE_CURVE_WITH_KNOTS ( 'NONE', 2,
 ( #5196, #1344, #1850 ),
 .UNSPECIFIED., .F., .F.,
 ( 3, 3 ),
 ( 0.000000000000000000, 1.000000000000000000 ),
 .UNSPECIFIED. ) ;
#3714 = CARTESIAN_POINT ( 'NONE',  ( -39.28714233003042011, 10.00000000000000178, -6.040382153670526222 ) ) ;
#3715 = CARTESIAN_POINT ( 'NONE',  ( 7.344003405706890142, -42.11401879245455149, -0.6128779922758379461 ) ) ;
#3716 = CARTESIAN_POINT ( 'NONE',  ( -5.507983152664921001, -41.92983744892940479, -3.031897891163809700 ) ) ;
#3717 = CARTESIAN_POINT ( 'NONE',  ( -3.354462311011892517, -37.54125298919936427, 8.351503186363791187 ) ) ;
#3718 = CARTESIAN_POINT ( 'NONE',  ( 89.70682830119308449, -63.39640923772800818, -12.33688346056970886 ) ) ;
#3719 = CARTESIAN_POINT ( 'NONE',  ( -50.44155606044890305, 10.00000000000001243, -15.20596206432331243 ) ) ;
#3720 = CARTESIAN_POINT ( 'NONE',  ( 12.54085255167677460, -38.10602350434587748, 3.377346470136350920 ) ) ;
#3721 = CARTESIAN_POINT ( 'NONE',  ( 226.6457644257074833, -70.00000000000000000, -137.7671940876994086 ) ) ;
#3722 = CARTESIAN_POINT ( 'NONE',  ( -3.538411190403929485, -36.79903612986210248, 12.51111669583246133 ) ) ;
#3723 = CARTESIAN_POINT ( 'NONE',  ( 4.448582407358978585, -13.36317885383954263, 53.97989049432083419 ) ) ;
#3724 = CARTESIAN_POINT ( 'NONE',  ( 13.18753529535710989, -30.16879912224827365, 37.60428139560085725 ) ) ;
#3725 = CARTESIAN_POINT ( 'NONE',  ( -3.672051010788329961, -41.51274637537379419, 9.180000933627960436 ) ) ;
#3726 = VERTEX_POINT ( 'NONE', #3663 ) ;
#3727 = CARTESIAN_POINT ( 'NONE',  ( 9.180006245850009350, -42.28221066246755555, -1.123991167728289886 ) ) ;
#3728 = CARTESIAN_POINT ( 'NONE',  ( -1.670160028345172076, -38.31026286157675287, 12.93934712255603081 ) ) ;
#3729 = CARTESIAN_POINT ( 'NONE',  ( 97.46183469793416521, -63.39640923772800818, 6.385253347286776737 ) ) ;
#3730 = ADVANCED_FACE ( 'NONE', ( #1269 ), #328, .T. ) ;
#3731 = CARTESIAN_POINT ( 'NONE',  ( 9.179983152608029329, -42.20094904025864935, 3.031918295454445023 ) ) ;
#3732 = CARTESIAN_POINT ( 'NONE',  ( 12.14492724165227600, -37.99956238546276666, 4.585619700227799633 ) ) ;
#3733 = B_SPLINE_CURVE_WITH_KNOTS ( 'NONE', 3,
 ( #4425, #115, #3851, #1086, #5916, #5786, #1554, #2888, #2477, #2070, #4390, #81, #5443, #3914, #2613, #2643, #3606, #6050, #4051, #1244, #779, #1692, #6021, #5481, #5541, #3078, #1214, #2577, #2141, #2702, #3137, #2175, #4613, #5065, #4083, #4586, #5005, #5989, #721, #182, #275, #4556, #3638, #1661, #2105, #3044, #6079, #3578, #749, #1722, #302, #216, #2233, #5572, #2672, #1187, #4017, #4110, #5511, #691, #2205, #1753, #3165, #4141, #3109, #5037, #4491, #4526, #5953, #1625, #3667, #3544, #5095, #246, #1121, #4969, #656, #1156, #2291, #4169, #4698, #3723, #3309, #2731, #445, #1862, #333, #5183 ),
 .UNSPECIFIED., .F., .F.,
 ( 4, 2, 2, 1, 2, 2, 2, 2, 1, 1, 1, 2, 2, 2, 2, 1, 1, 1, 1, 2, 2, 2, 2, 1, 1, 1, 1, 1, 2, 2, 2, 2, 1, 1, 1, 1, 1, 2, 2, 2, 2, 1, 1, 1, 1, 1, 2, 2, 2, 2, 1, 1, 1, 1, 1, 2, 2, 4 ),
 ( 0.000000000000000000, 0.06250000000000711931, 0.09375000000001065814, 0.1093750000000124206, 0.1171875000000132949, 0.1250000000000141553, 0.1875000000000215383, 0.2187500000000252021, 0.2343750000000270339, 0.2421875000000279776, 0.2460937500000284772, 0.2480468750000286715, 0.2500000000000288658, 0.3125000000000314748, 0.3437500000000327516, 0.3593750000000334177, 0.3671875000000338063, 0.3710937500000340283, 0.3730468750000341949, 0.3740234375000342504, 0.3750000000000343059, 0.4375000000000410227, 0.4687500000000442424, 0.4843750000000457412, 0.4921875000000464628, 0.4960937500000467404, 0.4980468750000466849, 0.4990234375000467959, 0.4995117187500469069, 0.5000000000000469624, 0.5625000000000636158, 0.5937500000000719425, 0.6093750000000762723, 0.6171875000000786038, 0.6210937500000798250, 0.6230468750000803801, 0.6240234375000806022, 0.6245117187500807132, 0.6250000000000807132, 0.6875000000000792699, 0.7187500000000786038, 0.7343750000000781597, 0.7421875000000779377, 0.7460937500000778266, 0.7480468750000777156, 0.7490234375000777156, 0.7495117187500776046, 0.7500000000000773825, 0.8125000000000555112, 0.8437500000000446310, 0.8593750000000391909, 0.8671875000000365263, 0.8710937500000351941, 0.8730468750000346390, 0.8740234375000343059, 0.8745117187500341949, 0.8750000000000341949, 1.000000000000000000 ),
 .UNSPECIFIED. ) ;
#3734 = CARTESIAN_POINT ( 'NONE',  ( 117.9131557670228716, -56.13001623236041127, 18.61463320748681838 ) ) ;
#3735 = CARTESIAN_POINT ( 'NONE',  ( -0.3894052183602421113, -36.69403469052601707, 13.00113443124637591 ) ) ;
#3736 = CARTESIAN_POINT ( 'NONE',  ( -8.927589158925878010, -42.25813964674016887, -1.143559926029073637 ) ) ;
#3737 = VECTOR ( 'NONE', #5744, 1000.000000000000000 ) ;
#3738 = CARTESIAN_POINT ( 'NONE',  ( 190.4059769339629895, -6.042206017373035642, 208.0119538679257687 ) ) ;
#3739 = CARTESIAN_POINT ( 'NONE',  ( -71.46669839058749574, -6.042206017375249871, 137.9613978004092019 ) ) ;
#3740 = CARTESIAN_POINT ( 'NONE',  ( -5.488067696902755976, -41.74219353954210021, -7.139243302523702539 ) ) ;
#3741 = CIRCLE ( 'NONE', #1335, 16.74500000000000099 ) ;
#3742 = CARTESIAN_POINT ( 'NONE',  ( -7.343996594065659522, -42.11401773308335095, -0.6129596094384109906 ) ) ;
#3743 = CARTESIAN_POINT ( 'NONE',  ( 3.800828292833609322E-05, -41.59064680588684837, -6.840052290626779552 ) ) ;
#3744 = CARTESIAN_POINT ( 'NONE',  ( 8.317872550094053352, -38.10015893267109988, 3.437012917872690476 ) ) ;
#3745 = CARTESIAN_POINT ( 'NONE',  ( 88.06602400699813415, -63.39640923772801528, -12.66333333690861629 ) ) ;
#3746 = CARTESIAN_POINT ( 'NONE',  ( -39.28714233003042011, 1.773663917891478814, -6.040382153670527110 ) ) ;
#3747 = CARTESIAN_POINT ( 'NONE',  ( 7.564894589301595751, -37.18901298780652098, 10.50779727916088113 ) ) ;
#3748 = CARTESIAN_POINT ( 'NONE',  ( 5.694400498811264200, -15.68127300100857013, -52.29998992530350677 ) ) ;
#3749 = CARTESIAN_POINT ( 'NONE',  ( -8.831597035451173028, -42.22670491144011606, 1.732981152109451806 ) ) ;
#3750 = ADVANCED_FACE ( 'NONE', ( #4748, #3304, #4402 ), #440, .F. ) ;
#3751 = CARTESIAN_POINT ( 'NONE',  ( 7.944453836214652398, -37.22335180715690228, 10.32464828258168943 ) ) ;
#3752 = CARTESIAN_POINT ( 'NONE',  ( 8.320226875225191776, -42.11296704887990217, -3.431315204650100092 ) ) ;
#3753 = CARTESIAN_POINT ( 'NONE',  ( 14.32234185140182703, -32.53225671591924595, 34.03395078466920154 ) ) ;
#3754 = CARTESIAN_POINT ( 'NONE',  ( -9.179948989012670424, -41.81641118698129844, -9.180072348645209601 ) ) ;
#3755 = EDGE_LOOP ( 'NONE', ( #1964, #5446, #3283, #1548, #1522, #4434 ) ) ;
#3756 = CARTESIAN_POINT ( 'NONE',  ( 5.508038008197630120, -41.74731312820915008, -6.840021684190809914 ) ) ;
#3757 = CIRCLE ( 'NONE', #1847, 15.42164038722743058 ) ;
#3758 = CARTESIAN_POINT ( 'NONE',  ( 139.1842759379912309, -47.26221975847436596, -105.5685518759823793 ) ) ;
#3759 = CARTESIAN_POINT ( 'NONE',  ( 7.343961991603319639, -41.85264108032090746, 6.840093099208069738 ) ) ;
#3760 = CARTESIAN_POINT ( 'NONE',  ( 106.4279669976079674, -6.042206017375230331, 102.2086358426248580 ) ) ;
#3761 = CARTESIAN_POINT ( 'NONE',  ( -7.344021011355519768, -42.01819183912319744, 3.781228356492460474 ) ) ;
#3762 = DIRECTION ( 'NONE',  ( -1.334604752262063986E-16, -1.000000000000000000, 0.000000000000000000 ) ) ;
#3763 = CARTESIAN_POINT ( 'NONE',  ( 190.8134217086287663, -5.512702099187757554, -208.8268434172576917 ) ) ;
#3764 = CARTESIAN_POINT ( 'NONE',  ( -53.58330569984575931, -6.744260141485248994, -15.42164038722743058 ) ) ;
#3765 = CARTESIAN_POINT ( 'NONE',  ( -3.538411190403929485, -36.79903612986210248, 12.51111669583246133 ) ) ;
#3766 = CARTESIAN_POINT ( 'NONE',  ( 76.79641648567654499, -63.39640923772800818, -8.420619387968189429 ) ) ;
#3767 = LINE ( 'NONE', #5141, #4237 ) ;
#3768 = CARTESIAN_POINT ( 'NONE',  ( -5.101084519470870296E-05, -41.43984812856500355, 9.180021337918599755 ) ) ;
#3769 = CARTESIAN_POINT ( 'NONE',  ( -5.507978988445479729, -41.90336194457290020, -3.781299771509714969 ) ) ;
#3770 = CARTESIAN_POINT ( 'NONE',  ( 7.151307686836416266, -41.92928521132387232, -5.496028272827305550 ) ) ;
#3771 = ADVANCED_FACE ( 'NONE', ( #1323 ), #93, .F. ) ;
#3772 = CARTESIAN_POINT ( 'NONE',  ( 9.180016847107609124, -42.20095491693644618, -3.031816274001235101 ) ) ;
#3773 = CARTESIAN_POINT ( 'NONE',  ( 3.685149900424812053, -37.56182203111838902, 8.211373624002799687 ) ) ;
#3774 = CARTESIAN_POINT ( 'NONE',  ( 226.6457644257074833, -6.042206017375248983, 137.9613978004092019 ) ) ;
#3775 = CARTESIAN_POINT ( 'NONE',  ( -52.51937634892737350, -6.051610317030106323, -15.42164038722743058 ) ) ;
#3776 = CARTESIAN_POINT ( 'NONE',  ( -7.863650809782808615, -37.22688958485450428, 10.29753097631104986 ) ) ;
#3777 = CARTESIAN_POINT ( 'NONE',  ( 0.4875835940438230098, -6.042206017374079252, -58.61996200337879515 ) ) ;
#3778 = CARTESIAN_POINT ( 'NONE',  ( 0.5681184685285930458, -41.48889475910895897, 8.999607810455598766 ) ) ;
#3779 = CARTESIAN_POINT ( 'NONE',  ( 11.04421036157615710, -37.74532811802509258, 6.870550764556181633 ) ) ;
#3780 = CARTESIAN_POINT ( 'NONE',  ( 8.848755923786193023, -42.23171565836334196, -1.643727126498598201 ) ) ;
#3781 = CARTESIAN_POINT ( 'NONE',  ( 4.448582407358978585, -13.36317885383954263, 53.97989049432083419 ) ) ;
#3782 = CARTESIAN_POINT ( 'NONE',  ( 9.179957657387472381, -41.93204332868869955, 7.620092983783989027 ) ) ;
#3783 = EDGE_LOOP ( 'NONE', ( #90, #5752, #249 ) ) ;
#3784 = ORIENTED_EDGE ( 'NONE', *, *, #2773, .T. ) ;
#3785 = CARTESIAN_POINT ( 'NONE',  ( 3.672029509819210169, -41.75190828365010276, -5.310640323559619347 ) ) ;
#3786 = CARTESIAN_POINT ( 'NONE',  ( -18.00000000000000000, -38.30611622139949901, -0.03690425908144105011 ) ) ;
#3787 = CARTESIAN_POINT ( 'NONE',  ( -2.101146925415175017E-05, -41.73257342363829991, 3.781269165073744887 ) ) ;
#3788 = CARTESIAN_POINT ( 'NONE',  ( 181.3411227011858387, -6.042206017375282734, 42.82415116668614985 ) ) ;
#3789 = CARTESIAN_POINT ( 'NONE',  ( -3.672005109525965150, -41.88319390030805067, 0.9195111013736788630 ) ) ;
#3790 = CARTESIAN_POINT ( 'NONE',  ( 3.381535135277527360, -36.80229654331481015, 12.49569770670396274 ) ) ;
#3791 = ORIENTED_EDGE ( 'NONE', *, *, #5006, .T. ) ;
#3792 = CARTESIAN_POINT ( 'NONE',  ( 149.6614994673865908, -58.99259783589949535, 7.747299283199699130E-15 ) ) ;
#3793 = CARTESIAN_POINT ( 'NONE',  ( -22.00000000000000000, -42.30756013076910449, -5.181181809388050601E-15 ) ) ;
#3794 = ADVANCED_FACE ( 'NONE', ( #1828 ), #1162, .F. ) ;
#3795 = CARTESIAN_POINT ( 'NONE',  ( 5.395158430169364472, -36.93777596929351859, 11.83521086000122757 ) ) ;
#3796 = CARTESIAN_POINT ( 'NONE',  ( 226.6457644257074833, -6.042206017375248983, 137.9613978004092019 ) ) ;
#3797 = CARTESIAN_POINT ( 'NONE',  ( -4.754055218201177269, -41.67757253416541374, 7.647653562603402122 ) ) ;
#3798 = CARTESIAN_POINT ( 'NONE',  ( 86.40000000000000568, -64.66763823405520384, 0.000000000000000000 ) ) ;
#3799 = CARTESIAN_POINT ( 'NONE',  ( 2.892065331516885607, -41.55750404585445068, -8.527832659262557513 ) ) ;
#3800 = LINE ( 'NONE', #2902, #1022 ) ;
#3801 = CARTESIAN_POINT ( 'NONE',  ( -1.937719017081339201, -37.47489654487573318, 8.793810581799625936 ) ) ;
#3802 = CARTESIAN_POINT ( 'NONE',  ( -18.00000000000000000, -6.042206017372996563, -31.95317545291229777 ) ) ;
#3803 = VECTOR ( 'NONE', #6158, 1000.000000000000000 ) ;
#3804 = CARTESIAN_POINT ( 'NONE',  ( -9.734712673793655568, -37.50758238284139168, 8.593980381926135337 ) ) ;
#3805 = CARTESIAN_POINT ( 'NONE',  ( -71.46669839058749574, -70.00000000000000000, 137.9613978004092019 ) ) ;
#3806 = CARTESIAN_POINT ( 'NONE',  ( 2.950402708382934502, -41.56080007244996466, 8.505049559349330934 ) ) ;
#3807 = DIRECTION ( 'NONE',  ( 1.000000000000000000, 0.000000000000000000, 0.000000000000000000 ) ) ;
#3808 = CARTESIAN_POINT ( 'NONE',  ( 3.734525819141012004, -41.60490338853698233, -8.188870179933362081 ) ) ;
#3809 = CARTESIAN_POINT ( 'NONE',  ( 9.179948989012640226, -41.81641118679824842, 9.180072348645209601 ) ) ;
#3810 = CARTESIAN_POINT ( 'NONE',  ( -2.101146925415175017E-05, -41.73257342363829991, 3.781269165073744887 ) ) ;
#3811 = VERTEX_POINT ( 'NONE', #6003 ) ;
#3812 = EDGE_LOOP ( 'NONE', ( #5947, #4962 ) ) ;
#3813 = CARTESIAN_POINT ( 'NONE',  ( 5.508005109497500662, -41.97117035344019342, -0.9195008992283648652 ) ) ;
#3814 = CARTESIAN_POINT ( 'NONE',  ( 190.4059769339625063, -6.042206017374129878, 1.510441131475985042E-14 ) ) ;
#3815 = CARTESIAN_POINT ( 'NONE',  ( -9.180029509733939719, -42.08224734191440319, 5.310609717123659479 ) ) ;
#3816 = CARTESIAN_POINT ( 'NONE',  ( -35.24832723876814100, -6.042206017375271188, -44.20523727187885754 ) ) ;
#3817 = CARTESIAN_POINT ( 'NONE',  ( -5.508003405735349745, -41.96905124318065106, 0.6128881944211520549 ) ) ;
#3818 = CARTESIAN_POINT ( 'NONE',  ( -8.354094056823051062, -37.29541627444004348, 9.899628824149717232 ) ) ;
#3819 = VERTEX_POINT ( 'NONE', #5456 ) ;
#3820 =( NAMED_UNIT ( * ) PLANE_ANGLE_UNIT ( ) SI_UNIT ( $, .RADIAN. ) );
#3821 = B_SPLINE_CURVE_WITH_KNOTS ( 'NONE', 1,
 ( #5512, #150 ),
 .UNSPECIFIED., .F., .F.,
 ( 2, 2 ),
 ( 0.000000000000000000, 1.000000000000000000 ),
 .UNSPECIFIED. ) ;
#3822 = CARTESIAN_POINT ( 'NONE',  ( -8.046390512828141439, -37.24144243737899984, 10.21295364679266271 ) ) ;
#3823 = CARTESIAN_POINT ( 'NONE',  ( -29.74179517757891134, -6.042206018788405686, -7.287292231499815642 ) ) ;
#3824 = EDGE_CURVE ( 'NONE', #1167, #4535, #5498, .T. ) ;
#3825 = CARTESIAN_POINT ( 'NONE',  ( 99.06326252872327132, -63.39640923772800818, -1.666009922417082567 ) ) ;
#3826 = B_SPLINE_CURVE_WITH_KNOTS ( 'NONE', 3,
 ( #433, #5224, #2359, #1882, #5734, #2551, #4334, #4398 ),
 .UNSPECIFIED., .F., .F.,
 ( 4, 2, 2, 4 ),
 ( 0.000000000000000000, 0.4299914753570604486, 0.8599829507141208973, 1.000000000000000000 ),
 .UNSPECIFIED. ) ;
#3827 = CARTESIAN_POINT ( 'NONE',  ( 0.6194118823429958232, -37.44308570447426376, 8.996091782711619800 ) ) ;
#3828 = CARTESIAN_POINT ( 'NONE',  ( 7.146293724169524353, -41.92985739883884833, 5.478964201216740548 ) ) ;
#3829 = CARTESIAN_POINT ( 'NONE',  ( -18.00000000000000000, -32.29571161549034741, -26.62793936103274817 ) ) ;
#3830 = CARTESIAN_POINT ( 'NONE',  ( 3.672038008226059969, -41.66660914958405471, -6.840031886336140232 ) ) ;
#3831 = CARTESIAN_POINT ( 'NONE',  ( -4.763383061723883038, -41.67833587248166793, -7.641786560072612922 ) ) ;
#3832 = CARTESIAN_POINT ( 'NONE',  ( -7.343953323228519459, -41.74792629669014588, -8.400072464069278766 ) ) ;
#3833 = CARTESIAN_POINT ( 'NONE',  ( -8.881950006354143667, -38.23607148872756056, 1.454744673677723199 ) ) ;
#3834 = EDGE_CURVE ( 'NONE', #3924, #1115, #2929, .T. ) ;
#3835 = B_SPLINE_CURVE_WITH_KNOTS ( 'NONE', 3,
 ( #452, #3317, #1967, #13 ),
 .UNSPECIFIED., .F., .F.,
 ( 4, 4 ),
 ( 0.000000000000000000, 1.000000000000000000 ),
 .UNSPECIFIED. ) ;
#3836 = CARTESIAN_POINT ( 'NONE',  ( -0.8190358660927126166, -36.71213335687981072, 12.91768088102198320 ) ) ;
#3837 = CARTESIAN_POINT ( 'NONE',  ( 3.867993732598679291, -12.28578098402560848, -54.72864800073097058 ) ) ;
#3838 = CARTESIAN_POINT ( 'NONE',  ( -8.772047932353268962, -42.20977105216027070, 2.030394141492641857 ) ) ;
#3839 = CARTESIAN_POINT ( 'NONE',  ( 23.13850053261340634, -58.99259783589941009, 126.5229989347730566 ) ) ;
#3840 = CARTESIAN_POINT ( 'NONE',  ( 6.860877432540100962, -41.89362979050277147, -5.826653027168006815 ) ) ;
#3841 = VECTOR ( 'NONE', #1822, 1000.000000000000000 ) ;
#3842 = CARTESIAN_POINT ( 'NONE',  ( -3.672051010788329961, -41.51274637537379419, 9.180000933627960436 ) ) ;
#3843 = CARTESIAN_POINT ( 'NONE',  ( -5.508016847164520335, -41.92984125614904656, 3.031836678291874865 ) ) ;
#3844 = VERTEX_POINT ( 'NONE', #2187 ) ;
#3845 = ORIENTED_EDGE ( 'NONE', *, *, #4331, .F. ) ;
#3846 = CARTESIAN_POINT ( 'NONE',  ( -3.671983152693349961, -41.84321739110304605, -3.031887689018485155 ) ) ;
#3847 = VECTOR ( 'NONE', #114, 1000.000000000000000 ) ;
#3848 = FACE_OUTER_BOUND ( 'NONE', #2989, .T. ) ;
#3849 = CARTESIAN_POINT ( 'NONE',  ( 5.507970490038600175, -41.83478244423095305, 5.310691334286230081 ) ) ;
#3850 = CARTESIAN_POINT ( 'NONE',  ( 127.4632289828273031, -6.042206017375240990, 95.71605282734344655 ) ) ;
#3851 = CARTESIAN_POINT ( 'NONE',  ( 18.66290839322197570, -42.14821894134152558, 3.159611951856719614 ) ) ;
#3852 = CARTESIAN_POINT ( 'NONE',  ( 5.507998297856239844, -41.96944676530809915, 0.3063367024858759669 ) ) ;
#3853 = CARTESIAN_POINT ( 'NONE',  ( -2.085039218719965337, -36.74423809750319236, 12.76871280136123055 ) ) ;
#3854 = VERTEX_POINT ( 'NONE', #3024 ) ;
#3855 = CARTESIAN_POINT ( 'NONE',  ( 226.6457644257074833, -0.6948040115835676378, -137.7671940876994086 ) ) ;
#3856 = EDGE_CURVE ( 'NONE', #1167, #625, #3757, .T. ) ;
#3857 = APPROVAL_ROLE ( '' ) ;
#3858 = CARTESIAN_POINT ( 'NONE',  ( -5.335384761712091084, -36.93234573163572065, 11.86235942417139100 ) ) ;
#3859 = CARTESIAN_POINT ( 'NONE',  ( -38.37760923698960625, 9.999999999999991118, -3.153003375569637168 ) ) ;
#3860 = DIRECTION ( 'NONE',  ( 0.000000000000000000, 1.000000000000000000, 0.000000000000000000 ) ) ;
#3861 = CARTESIAN_POINT ( 'NONE',  ( 2.339623026450178056, -37.48778767461097061, 8.710334854960873230 ) ) ;
#3862 = CARTESIAN_POINT ( 'NONE',  ( -3.981356381144131262, -41.62033499357906408, 8.076976665265462429 ) ) ;
#3863 = CARTESIAN_POINT ( 'NONE',  ( -4.234247036814634441E-05, -41.54461856202144787, 7.620041973057389839 ) ) ;
#3864 = CARTESIAN_POINT ( 'NONE',  ( 78.62376810761963952, -63.39640923772800818, 10.13232571965804851 ) ) ;
#3865 = EDGE_CURVE ( 'NONE', #1583, #1116, #2623, .T. ) ;
#3866 = CARTESIAN_POINT ( 'NONE',  ( 3.672046676600889903, -41.56765029199235073, -8.400011251197350148 ) ) ;
#3867 = DIRECTION ( 'NONE',  ( -0.000000000000000000, 1.000000000000000000, 0.000000000000000000 ) ) ;
#3868 = CARTESIAN_POINT ( 'NONE',  ( -4.136972431198504552, -36.84966951480382136, 12.26821071375904815 ) ) ;
#3869 = CARTESIAN_POINT ( 'NONE',  ( 8.607861655776932963, -21.17050763459431195, -47.71989920397511753 ) ) ;
#3870 = CARTESIAN_POINT ( 'NONE',  ( -8.320226874691670105, -42.11296704878006381, 3.431315205943763047 ) ) ;
#3871 = CARTESIAN_POINT ( 'NONE',  ( 8.597185046930299279, -37.31690976080803068, 9.788210284652988591 ) ) ;
#3872 = CARTESIAN_POINT ( 'NONE',  ( -6.254206921452501788, -41.82159213042450574, -6.472118277562878497 ) ) ;
#3873 = ADVANCED_FACE ( 'NONE', ( #4537, #3057 ), #4983, .F. ) ;
#3874 = CARTESIAN_POINT ( 'NONE',  ( -3.672042342413504912, -41.61891558214599485, 7.620021568766750519 ) ) ;
#3875 = CARTESIAN_POINT ( 'NONE',  ( -3.672005109525965150, -41.88319390030805067, 0.9195111013736788630 ) ) ;
#3876 = ORIENTED_EDGE ( 'NONE', *, *, #3288, .F. ) ;
#3877 = ORIENTED_EDGE ( 'NONE', *, *, #3113, .T. ) ;
#3878 = CARTESIAN_POINT ( 'NONE',  ( -71.46669839058749574, -6.042206017375256977, -58.61996200337829777 ) ) ;
#3879 = CARTESIAN_POINT ( 'NONE',  ( 226.6457644257074833, 10.00000000000000000, 137.9613978004092019 ) ) ;
#3880 = CARTESIAN_POINT ( 'NONE',  ( 9.179993753865641537, -42.28220595406965288, 1.124093189181498031 ) ) ;
#3881 = CARTESIAN_POINT ( 'NONE',  ( -9.000000000000007105, -39.63868830290198986, 3.776366464804039648E-14 ) ) ;
#3882 = CARTESIAN_POINT ( 'NONE',  ( -12.11430559595160439, -38.30785232897611792, 0.03251988226170609425 ) ) ;
#3883 = CARTESIAN_POINT ( 'NONE',  ( 226.6457644257074833, 10.00000000000000000, -137.7671940876994086 ) ) ;
#3884 = CARTESIAN_POINT ( 'NONE',  ( 3.405820614485210215E-06, -41.79101289190655422, -0.6129188008571250235 ) ) ;
#3885 = CARTESIAN_POINT ( 'NONE',  ( -2.401166821657549022, -36.75609277997703828, 12.71330896170666946 ) ) ;
#3886 = ORIENTED_EDGE ( 'NONE', *, *, #4542, .F. ) ;
#3887 = DIRECTION ( 'NONE',  ( -0.03672652268866424125, 5.510199031599038307E-18, 0.9993253536917788837 ) ) ;
#3888 = ADVANCED_FACE ( 'NONE', ( #1197 ), #3120, .F. ) ;
#3889 = CARTESIAN_POINT ( 'NONE',  ( 12.99998145813961514, -38.30387826367884685, 0.02195650304198450142 ) ) ;
#3890 = CARTESIAN_POINT ( 'NONE',  ( -47.53715543443613001, 9.999999999999998224, 14.29568559494096114 ) ) ;
#3891 = CARTESIAN_POINT ( 'NONE',  ( 20.34536719873065280, -23.68619686104764810, -39.70994965335955840 ) ) ;
#3892 = CARTESIAN_POINT ( 'NONE',  ( -1.073558232587821459, -37.44994514558924692, 8.954937792757798221 ) ) ;
#3893 = ORIENTED_EDGE ( 'NONE', *, *, #579, .T. ) ;
#3894 = CARTESIAN_POINT ( 'NONE',  ( -3.168688680473746189, -41.57154047107710682, 8.428899662315927799 ) ) ;
#3895 = CARTESIAN_POINT ( 'NONE',  ( -38.37760923698960625, 9.999999999999991118, -3.153003375569637168 ) ) ;
#3896 = CARTESIAN_POINT ( 'NONE',  ( -18.00000000000000000, -11.27713467053115970, -50.82238809104900668 ) ) ;
#3897 = CARTESIAN_POINT ( 'NONE',  ( 7.641839317432200573, -42.00044897359904184, 4.762613085706930427 ) ) ;
#3898 = CARTESIAN_POINT ( 'NONE',  ( 9.180042342328178506, -41.93205553827840504, -7.619990962330779105 ) ) ;
#3899 = CARTESIAN_POINT ( 'NONE',  ( -6.982939393175749743, -37.88529763185297838, 5.679792245108383320 ) ) ;
#3900 = CARTESIAN_POINT ( 'NONE',  ( -7.649234699462774678, -42.00108123381814806, -4.751394345998581237 ) ) ;
#3901 = CARTESIAN_POINT ( 'NONE',  ( 127.2749434869425187, 10.00000000000000000, -137.7671940876994086 ) ) ;
#3902 = CARTESIAN_POINT ( 'NONE',  ( 6.254206921406203712, -41.82159213041983747, 6.472118277604817393 ) ) ;
#3903 = CARTESIAN_POINT ( 'NONE',  ( -8.980504592517737805, -42.28321526838289657, 0.6033876388838893545 ) ) ;
#3904 = CARTESIAN_POINT ( 'NONE',  ( 3.492835589137043506, -41.59025383499887596, -8.294608692088299762 ) ) ;
#3905 = CARTESIAN_POINT ( 'NONE',  ( -6.775872141741814403, -37.85622296658557673, -5.952644757743700943 ) ) ;
#3906 = CARTESIAN_POINT ( 'NONE',  ( -5.508042342385069290, -41.69806081896500416, 7.620011366621420201 ) ) ;
#3907 = CARTESIAN_POINT ( 'NONE',  ( 3.671988453322129864, -41.86434038014104431, 2.077975135882009994 ) ) ;
#3908 = ORIENTED_EDGE ( 'NONE', *, *, #1749, .T. ) ;
#3909 = ORIENTED_EDGE ( 'NONE', *, *, #484, .T. ) ;
#3910 = CARTESIAN_POINT ( 'NONE',  ( -5.507957657444360500, -41.69805266490379836, -7.620072579493349707 ) ) ;
#3911 = CARTESIAN_POINT ( 'NONE',  ( -5.477333392976753146, -37.70906064979553207, -7.147521516489756088 ) ) ;
#3912 = CARTESIAN_POINT ( 'NONE',  ( -62.67121415827168818, -6.042206017375228555, -7.451496011062921809 ) ) ;
#3913 = CARTESIAN_POINT ( 'NONE',  ( 69.65500000000000114, -58.25464714294840007, 3.718136909469649001E-14 ) ) ;
#3914 = CARTESIAN_POINT ( 'NONE',  ( 17.74034628268919533, -40.23828425023198463, 15.45197667766284688 ) ) ;
#3915 = CARTESIAN_POINT ( 'NONE',  ( 7.344001134591879421, -42.10616211150964716, -0.2041632554519949849 ) ) ;
#3916 = ORIENTED_EDGE ( 'NONE', *, *, #329, .T. ) ;
#3917 = CARTESIAN_POINT ( 'NONE',  ( 11.21173993494095278, -26.21078435253153316, -42.54750805064942654 ) ) ;
#3918 = EDGE_CURVE ( 'NONE', #1583, #550, #3327, .T. ) ;
#3919 = COORDINATED_UNIVERSAL_TIME_OFFSET ( 5, 0, .AHEAD. ) ;
#3920 = CARTESIAN_POINT ( 'NONE',  ( -0.2819784947446835610, -37.44249536513961374, -9.000475243218604149 ) ) ;
#3921 = CARTESIAN_POINT ( 'NONE',  ( -30.04118759533337979, -6.042206018788407462, 11.46270776850018436 ) ) ;
#3922 = CARTESIAN_POINT ( 'NONE',  ( -22.00000000000000000, -6.042206017373979776, 58.61996200337829777 ) ) ;
#3923 = CARTESIAN_POINT ( 'NONE',  ( 3.772456925134824335, -37.56763139286850617, 8.171459796217606097 ) ) ;
#3924 = VERTEX_POINT ( 'NONE', #316 ) ;
#3925 = CARTESIAN_POINT ( 'NONE',  ( 1.181004411299732437, -41.49750405888082838, 8.941786056773201707 ) ) ;
#3926 = CARTESIAN_POINT ( 'NONE',  ( -38.05369335043265266, 2.449732248962527059, 9.540979117872439019E-15 ) ) ;
#3927 = CARTESIAN_POINT ( 'NONE',  ( -18.00000000000000000, -23.68619686104764810, -39.70994965335955840 ) ) ;
#3928 = CARTESIAN_POINT ( 'NONE',  ( 6.358410112380612489, -41.83330100657485673, 6.369513769276958115 ) ) ;
#3929 = CARTESIAN_POINT ( 'NONE',  ( -8.967638930286398136, -42.27643061163391280, 0.7627557799411502915 ) ) ;
#3930 = CARTESIAN_POINT ( 'NONE',  ( 0.000000000000000000, -63.39640923772800818, 0.000000000000000000 ) ) ;
#3931 = VECTOR ( 'NONE', #4232, 1000.000000000000000 ) ;
#3932 = CARTESIAN_POINT ( 'NONE',  ( 2.892065331516885607, -41.55750404585445068, -8.527832659262557513 ) ) ;
#3933 = CARTESIAN_POINT ( 'NONE',  ( 15.72869204476139160, -35.57865219394462031, -28.49435078529817389 ) ) ;
#3934 = CARTESIAN_POINT ( 'NONE',  ( 7.051750021856650896, -41.91732078302690212, 5.594151774190358140 ) ) ;
#3935 = CARTESIAN_POINT ( 'NONE',  ( -4.501050487026128089, -41.65760848869741295, 7.799311388527931044 ) ) ;
#3936 = CARTESIAN_POINT ( 'NONE',  ( 7.315454677141677742, -41.95294391132912182, -5.250735323842106617 ) ) ;
#3937 = CARTESIAN_POINT ( 'NONE',  ( 2.913497968444953123, -37.51423369262609953, -8.536022523244152893 ) ) ;
#3938 = CARTESIAN_POINT ( 'NONE',  ( 9.179993753865641537, -42.28220595406965288, 1.124093189181498031 ) ) ;
#3939 = CARTESIAN_POINT ( 'NONE',  ( -9.180003405678480277, -42.30370947905574752, 0.6128677901305089604 ) ) ;
#3940 = AXIS2_PLACEMENT_3D ( 'NONE', #3930, #3867, #2873 ) ;
#3941 = VERTEX_POINT ( 'NONE', #761 ) ;
#3942 = ORIENTED_EDGE ( 'NONE', *, *, #822, .F. ) ;
#3943 = CARTESIAN_POINT ( 'NONE',  ( 142.0935584448089344, -6.042206017375340465, -88.01109163422270854 ) ) ;
#3944 = CARTESIAN_POINT ( 'NONE',  ( 103.1449999999998965, -58.93658393131480722, -33.48999999999982435 ) ) ;
#3945 = ADVANCED_FACE ( 'NONE', ( #2245 ), #2726, .T. ) ;
#3946 = CARTESIAN_POINT ( 'NONE',  ( 14.32664066837066308, -26.21705898800249912, 36.20710168978786925 ) ) ;
#3947 = CARTESIAN_POINT ( 'NONE',  ( -51.73494208881768230, -6.042206017375161053, 22.70770805790328950 ) ) ;
#3948 = CARTESIAN_POINT ( 'NONE',  ( 85.91728259824829195, -50.78462308660630242, 45.79384632313450254 ) ) ;
#3949 = CARTESIAN_POINT ( 'NONE',  ( -62.09474050719285998, -8.699679567769591060, -15.42164038722743058 ) ) ;
#3950 = CARTESIAN_POINT ( 'NONE',  ( 7.344005109469069481, -42.10820935157229883, -0.9194906970830428738 ) ) ;
#3951 = EDGE_LOOP ( 'NONE', ( #984, #5958, #143, #1593, #5789 ) ) ;
#3952 = CARTESIAN_POINT ( 'NONE',  ( 11.20136968383557452, -26.19036808695912555, -42.57071354176721911 ) ) ;
#3953 = CARTESIAN_POINT ( 'NONE',  ( 7.164238851134406616, -37.90917876515909057, -5.479563855726477861 ) ) ;
#3954 = CARTESIAN_POINT ( 'NONE',  ( -52.51937634892737350, 9.999999999999998224, 15.42164038722743058 ) ) ;
#3955 = CARTESIAN_POINT ( 'NONE',  ( 19.07334698233630021, -40.88189669053600284, 38.76238080152555199 ) ) ;
#3956 = CARTESIAN_POINT ( 'NONE',  ( -6.068830206914700653, -37.77248409316628397, 6.646985806146698650 ) ) ;
#3957 = ORIENTED_EDGE ( 'NONE', *, *, #484, .F. ) ;
#3958 = CARTESIAN_POINT ( 'NONE',  ( 6.388748024481084364, -41.83680981908648988, -6.339083747697773497 ) ) ;
#3959 = CARTESIAN_POINT ( 'NONE',  ( -44.90729918175801316, 9.999999999999980460, 12.86410655089382615 ) ) ;
#3960 = FACE_OUTER_BOUND ( 'NONE', #3583, .T. ) ;
#3961 = CARTESIAN_POINT ( 'NONE',  ( 8.754092605838867058, -42.20569279233433235, 2.090651971770537632 ) ) ;
#3962 = B_SPLINE_SURFACE_WITH_KNOTS ( 'NONE', 3, 1, ( 
 ( #2925, #5822 ),
 ( #857, #2391 ),
 ( #2484, #528 ),
 ( #4299, #1947 ) ),
 .UNSPECIFIED., .F., .F., .F.,
 ( 4, 4 ),
 ( 2, 2 ),
 ( 0.000000000000000000, 1.000000000000000000 ),
 ( 0.000000000000000000, 1.000000000000000000 ),
 .UNSPECIFIED. ) ;
#3963 = CARTESIAN_POINT ( 'NONE',  ( -6.375817764489775108, -41.83530837121387691, 6.352088783593464960 ) ) ;
#3964 = CARTESIAN_POINT ( 'NONE',  ( -8.013066560880528044, -38.04389288660886592, 4.100312599683334724 ) ) ;
#3965 = EDGE_CURVE ( 'NONE', #2487, #2973, #2640, .T. ) ;
#3966 = CARTESIAN_POINT ( 'NONE',  ( 7.807176888454066876, -42.02380459547978120, -4.516151283088556845 ) ) ;
#3967 = CARTESIAN_POINT ( 'NONE',  ( 15.94516563415976051, -36.06282458040264771, -27.46855508695037429 ) ) ;
#3968 = EDGE_CURVE ( 'NONE', #625, #1167, #2332, .T. ) ;
#3969 = CARTESIAN_POINT ( 'NONE',  ( 8.912644973962432715, -42.25256976654300445, 1.253054979624639076 ) ) ;
#3970 = FACE_OUTER_BOUND ( 'NONE', #2637, .T. ) ;
#3971 = CARTESIAN_POINT ( 'NONE',  ( -8.161877094461260640, -42.08442288377970897, -3.793327285493712342 ) ) ;
#3972 = CARTESIAN_POINT ( 'NONE',  ( -12.99864817594080080, -38.30611261494834707, 0.03755347317486655567 ) ) ;
#3973 = MANIFOLD_SURFACE_SHAPE_REPRESENTATION ( 'low sldp', ( #4326, #1713 ), #1397 ) ;
#3974 = CARTESIAN_POINT ( 'NONE',  ( -7.344003405706920340, -42.11401879208690247, 0.6128779922758300636 ) ) ;
#3975 = CARTESIAN_POINT ( 'NONE',  ( 7.343999999886249519, -42.08584460787654535, 4.080858128201899867E-05 ) ) ;
#3976 = VERTEX_POINT ( 'NONE', #3384 ) ;
#3977 = ORIENTED_EDGE ( 'NONE', *, *, #5465, .F. ) ;
#3978 = CARTESIAN_POINT ( 'NONE',  ( 5.101084516543970309E-05, -41.43984812867625322, -9.180021337918599755 ) ) ;
#3979 = CARTESIAN_POINT ( 'NONE',  ( -6.151194212000588024, -37.78145391118161456, -6.576425573754347553 ) ) ;
#3980 = CARTESIAN_POINT ( 'NONE',  ( -56.25583259594022678, -6.042206017375240990, -18.26706083008895121 ) ) ;
#3981 = CARTESIAN_POINT ( 'NONE',  ( 69.45021637626102518, -58.93658393131474327, 9.535991652820102971 ) ) ;
#3982 = CARTESIAN_POINT ( 'NONE',  ( -71.46669839058749574, 10.00000000000000000, -45.85766345832988122 ) ) ;
#3983 = CARTESIAN_POINT ( 'NONE',  ( 17.78795901344748387, -33.42888436595161750, -23.55568611084970243 ) ) ;
#3984 = CARTESIAN_POINT ( 'NONE',  ( 3.672001134648750220, -41.88910343578135098, -0.2041836597426380240 ) ) ;
#3985 = ORIENTED_EDGE ( 'NONE', *, *, #358, .F. ) ;
#3986 = CARTESIAN_POINT ( 'NONE',  ( 10.61790861572062106, -25.04680288741158734, -43.83800576515800174 ) ) ;
#3987 = PERSON_AND_ORGANIZATION ( #1411, #5735 ) ;
#3988 = CARTESIAN_POINT ( 'NONE',  ( 5.258883614667561268, -37.68810024579093465, -7.305217879862216712 ) ) ;
#3989 = LINE ( 'NONE', #1093, #5615 ) ;
#3990 = CARTESIAN_POINT ( 'NONE',  ( 20.34536719873065280, -11.27713467053115970, -50.82238809104900668 ) ) ;
#3991 = CARTESIAN_POINT ( 'NONE',  ( 19.47147941552137596, -37.27370386985156614, -11.40636932845208307 ) ) ;
#3992 = EDGE_LOOP ( 'NONE', ( #5691, #2408, #3513, #2379 ) ) ;
#3993 = CARTESIAN_POINT ( 'NONE',  ( 8.827807762070889908, -42.22561777794834370, -1.752166867156803365 ) ) ;
#3994 = CARTESIAN_POINT ( 'NONE',  ( -31.70510160879418748, -6.042206018788412791, 23.96270776850019146 ) ) ;
#3995 = AXIS2_PLACEMENT_3D ( 'NONE', #2497, #5429, #2467 ) ;
#3996 = CARTESIAN_POINT ( 'NONE',  ( 75.33822533030514990, -63.39640923772801528, 6.385213237659632668 ) ) ;
#3997 = CARTESIAN_POINT ( 'NONE',  ( 6.349129680748862192, -41.83224863206207544, 6.378767613908918221 ) ) ;
#3998 = CARTESIAN_POINT ( 'NONE',  ( -7.483795364905738268, -41.97720097445947829, 4.999289051140625162 ) ) ;
#3999 = CARTESIAN_POINT ( 'NONE',  ( -71.46669839058749574, -0.6948040115834333008, 137.9613978004090882 ) ) ;
#4000 =( BOUNDED_CURVE ( )  B_SPLINE_CURVE ( 3, ( #5180, #3219, #5151, #1211, #4640, #5092, #834 ),
 .UNSPECIFIED., .F., .F. ) 
 B_SPLINE_CURVE_WITH_KNOTS ( ( 4, 3, 4 ),
 ( 0.000000000000000000, 0.1562129473376817068, 0.2523827344788291405 ),
 .UNSPECIFIED. ) 
 CURVE ( )  GEOMETRIC_REPRESENTATION_ITEM ( )  RATIONAL_B_SPLINE_CURVE ( ( 1.000000000000000000, 0.8022468501230819449, 0.8022468501230819449, 1.000000000000000000, 0.8782567088434471980, 0.8314625598414141505, 0.8596175529939008575 ) ) 
 REPRESENTATION_ITEM ( '' )  );
#4001 = CARTESIAN_POINT ( 'NONE',  ( -5.488067696902755976, -41.74219353954210021, -7.139243302523702539 ) ) ;
#4002 = CARTESIAN_POINT ( 'NONE',  ( 15.61710244195939445, -35.33119560152650962, -28.99660938265333954 ) ) ;
#4003 = CARTESIAN_POINT ( 'NONE',  ( 5.092691338907848753, -41.70687258445905599, 7.426367982538566892 ) ) ;
#4004 = CARTESIAN_POINT ( 'NONE',  ( 86.40000000000000568, -63.39640923772801528, 0.000000000000000000 ) ) ;
#4005 = CARTESIAN_POINT ( 'NONE',  ( -11.73814137810605374, -38.30723677049618914, 0.06576237071710418214 ) ) ;
#4006 = CARTESIAN_POINT ( 'NONE',  ( 0.3114436066676191106, -37.44264839152050683, -8.999500640297988241 ) ) ;
#4007 = CARTESIAN_POINT ( 'NONE',  ( -5.508005109497530860, -41.97117035294004950, 0.9195008992283579818 ) ) ;
#4008 = CARTESIAN_POINT ( 'NONE',  ( 9.180003405678450079, -42.30370947901290180, -0.6128677901305170650 ) ) ;
#4009 = CARTESIAN_POINT ( 'NONE',  ( 19.97414238607581183, -38.16215791888831177, 2.803165709359845437 ) ) ;
#4010 = ORIENTED_EDGE ( 'NONE', *, *, #4031, .T. ) ;
#4011 = VERTEX_POINT ( 'NONE', #4803 ) ;
#4012 = CARTESIAN_POINT ( 'NONE',  ( 18.72938239621614898, -6.042206017375295168, -79.17330494556664178 ) ) ;
#4013 = CARTESIAN_POINT ( 'NONE',  ( 12.33149801250252864, -22.33217733694991836, 40.96895585333863465 ) ) ;
#4014 = CARTESIAN_POINT ( 'NONE',  ( -62.19607936826370320, -6.042206017375223226, 8.196976326052359596 ) ) ;
#4015 = CARTESIAN_POINT ( 'NONE',  ( -9.179983152608048869, -42.20094904036890426, -3.031918295454449908 ) ) ;
#4016 = CARTESIAN_POINT ( 'NONE',  ( 172.6772380009930146, -20.95902901126090256, 4.163336342344334502E-14 ) ) ;
#4017 = CARTESIAN_POINT ( 'NONE',  ( 11.29511947763204915, -26.37506160710924163, 42.35998113509058527 ) ) ;
#4018 = DIRECTION ( 'NONE',  ( 1.000000000000000000, 0.000000000000000000, 0.000000000000000000 ) ) ;
#4019 = CARTESIAN_POINT ( 'NONE',  ( 9.180021011327060165, -42.16513681420755688, -3.781218154347145255 ) ) ;
#4020 = ORIENTED_EDGE ( 'NONE', *, *, #986, .F. ) ;
#4021 = ORIENTED_EDGE ( 'NONE', *, *, #4587, .T. ) ;
#4022 = CARTESIAN_POINT ( 'NONE',  ( 10.24326673425071554, -24.31712708040800308, -44.61690141884650984 ) ) ;
#4023 = B_SPLINE_SURFACE_WITH_KNOTS ( 'NONE', 3, 1, ( 
 ( #1948, #3116 ),
 ( #4594, #2212 ),
 ( #4533, #6028 ),
 ( #5963, #1760 ),
 ( #5550, #3585 ),
 ( #3203, #2148 ),
 ( #2649, #1633 ),
 ( #4060, #4563 ),
 ( #2620, #1699 ),
 ( #1194, #5074 ) ),
 .UNSPECIFIED., .F., .F., .F.,
 ( 4, 2, 2, 2, 4 ),
 ( 2, 2 ),
 ( 0.000000000000000000, 0.2500000000000000000, 0.5000000000000000000, 0.7500000000000000000, 1.000000000000000000 ),
 ( 0.000000000000000000, 1.000000000000000000 ),
 .UNSPECIFIED. ) ;
#4024 = CARTESIAN_POINT ( 'NONE',  ( 3.735102285266219013, -37.56455989839636800, -8.193717424854604303 ) ) ;
#4025 = DIRECTION ( 'NONE',  ( 0.000000000000000000, 1.000000000000000000, 0.000000000000000000 ) ) ;
#4026 = CARTESIAN_POINT ( 'NONE',  ( 5.507961991631749932, -41.74730526035120448, 6.840082897062740308 ) ) ;
#4027 = CARTESIAN_POINT ( 'NONE',  ( -8.786604729115735424, -38.20672315051896817, 1.948358543604669535 ) ) ;
#4028 = VERTEX_POINT ( 'NONE', #492 ) ;
#4029 = CARTESIAN_POINT ( 'NONE',  ( 8.967640085248779869, -42.27643125755049169, -0.7627422010488597026 ) ) ;
#4030 = CARTESIAN_POINT ( 'NONE',  ( -53.58330569984575931, 10.00000000000000000, -15.42164038722743058 ) ) ;
#4031 = EDGE_CURVE ( 'NONE', #2136, #3022, #1974, .T. ) ;
#4032 = CARTESIAN_POINT ( 'NONE',  ( 0.1419332141556104154, -20.95902901126090256, -1.818711480347215081 ) ) ;
#4033 = CARTESIAN_POINT ( 'NONE',  ( 6.333327191255930799, -41.83046221450538127, 6.394457808424232503 ) ) ;
#4034 = CARTESIAN_POINT ( 'NONE',  ( -8.831597035451173028, -42.22670491144011606, 1.732981152109451806 ) ) ;
#4035 = CARTESIAN_POINT ( 'NONE',  ( -48.46643077523673071, -6.042206017375248095, -27.43458927458117813 ) ) ;
#4036 = CARTESIAN_POINT ( 'NONE',  ( -8.995423483502539952, -42.29504149100915100, -0.3038504696081742451 ) ) ;
#4037 = CARTESIAN_POINT ( 'NONE',  ( 15.97061113514642727, -36.11999664953304290, -27.34463712364637544 ) ) ;
#4038 = CARTESIAN_POINT ( 'NONE',  ( -23.26812479073453233, -6.042206017375218785, 48.66936761048937399 ) ) ;
#4039 = CARTESIAN_POINT ( 'NONE',  ( -71.46669839058749574, 10.00000000000000000, -137.7671940876994086 ) ) ;
#4040 = CARTESIAN_POINT ( 'NONE',  ( -8.988442634801268483, -42.28908435533969623, -0.4559948048799711828 ) ) ;
#4041 = CARTESIAN_POINT ( 'NONE',  ( -4.494243848048454559, -37.62077939669993754, -7.799048259728565746 ) ) ;
#4042 = CARTESIAN_POINT ( 'NONE',  ( 7.343988453265270167, -42.08122616298214780, 2.077995540172650202 ) ) ;
#4043 = CARTESIAN_POINT ( 'NONE',  ( -7.343999999886289487, -42.08584460751210088, -4.080858129121849476E-05 ) ) ;
#4044 = CARTESIAN_POINT ( 'NONE',  ( 8.187371031915686714, -14.59792089348035127, 48.11685128839572911 ) ) ;
#4045 = EDGE_LOOP ( 'NONE', ( #5401, #1012, #4944, #5384 ) ) ;
#4046 = EDGE_LOOP ( 'NONE', ( #4150, #3073 ) ) ;
#4047 = CARTESIAN_POINT ( 'NONE',  ( -22.00000000000000355, -6.042206017375272964, -58.61996200337829777 ) ) ;
#4048 = FACE_OUTER_BOUND ( 'NONE', #42, .T. ) ;
#4049 = CARTESIAN_POINT ( 'NONE',  ( -26.54013226232455125, -6.042206017375213456, 48.12996661029961842 ) ) ;
#4050 = CARTESIAN_POINT ( 'NONE',  ( -71.46669839058749574, -70.00000000000000000, -137.7671940876994086 ) ) ;
#4051 = CARTESIAN_POINT ( 'NONE',  ( 17.42144589470643368, -39.48246332000168479, 18.28264243055745197 ) ) ;
#4052 = AXIS2_PLACEMENT_3D ( 'NONE', #4631, #2718, #767 ) ;
#4053 = CARTESIAN_POINT ( 'NONE',  ( -18.00000000000000000, -11.27713467053115970, 50.82238809104900668 ) ) ;
#4054 = CARTESIAN_POINT ( 'NONE',  ( 9.180016847107609124, -42.20095491693644618, -3.031816274001235101 ) ) ;
#4055 = EDGE_LOOP ( 'NONE', ( #5575, #4674, #4824, #2135, #3403, #1223 ) ) ;
#4056 = CARTESIAN_POINT ( 'NONE',  ( 7.343996594065629324, -42.11401773343364852, 0.6129596094384029970 ) ) ;
#4057 = EDGE_LOOP ( 'NONE', ( #4646, #5810, #4521, #6231 ) ) ;
#4058 = CARTESIAN_POINT ( 'NONE',  ( 13.92103268216101242, -31.68969875299544725, -35.35443844184494111 ) ) ;
#4059 = AXIS2_PLACEMENT_3D ( 'NONE', #5588, #4126, #1678 ) ;
#4060 = CARTESIAN_POINT ( 'NONE',  ( -18.00000000000000000, -15.84325058705650058, -47.33309916941539797 ) ) ;
#4061 = CARTESIAN_POINT ( 'NONE',  ( -8.894414655548327886, -38.24051569509363446, 1.377131307960027140 ) ) ;
#4062 = CARTESIAN_POINT ( 'NONE',  ( 8.455572639940095669, -42.13905755224761407, -3.083693211232249265 ) ) ;
#4063 = CARTESIAN_POINT ( 'NONE',  ( 68.79978611128889554, -58.25464714294840007, 0.000000000000000000 ) ) ;
#4064 = AXIS2_PLACEMENT_3D ( 'NONE', #486, #455, #5216 ) ;
#4065 = CARTESIAN_POINT ( 'NONE',  ( -7.187734637320067677, -41.93526692102916087, -5.419822633773115683 ) ) ;
#4066 = AXIS2_PLACEMENT_3D ( 'NONE', #298, #4582, #4106 ) ;
#4067 = CARTESIAN_POINT ( 'NONE',  ( -8.320226874691670105, -42.11296704878006381, 3.431315205943763047 ) ) ;
#4068 = CARTESIAN_POINT ( 'NONE',  ( -31.72490640734855560, -6.042206017375268523, -47.29320129875067380 ) ) ;
#4069 = CARTESIAN_POINT ( 'NONE',  ( 18.82837672200435364, -42.30756013076910449, -7.696413152913580629E-15 ) ) ;
#4070 = CARTESIAN_POINT ( 'NONE',  ( 190.4059769339606589, -6.042206017376072325, 108.0033952379267248 ) ) ;
#4071 = CARTESIAN_POINT ( 'NONE',  ( 12.99708902502160335, -38.31026286157671024, 1.719853551493901733 ) ) ;
#4072 = DIRECTION ( 'NONE',  ( -0.000000000000000000, 1.000000000000000000, 0.000000000000000000 ) ) ;
#4073 = CARTESIAN_POINT ( 'NONE',  ( -5.747812694102960350E-15, -38.31026286157670313, 0.000000000000000000 ) ) ;
#4074 = CARTESIAN_POINT ( 'NONE',  ( -3.672029509819239923, -41.75190828326094561, 5.310640323559619347 ) ) ;
#4075 = CARTESIAN_POINT ( 'NONE',  ( 9.179998297799379259, -42.31469511203059852, 0.3063571067765190059 ) ) ;
#4076 = CARTESIAN_POINT ( 'NONE',  ( 13.68225210079842924, -24.95057766197713889, 37.83960525419891496 ) ) ;
#4077 = ORIENTED_EDGE ( 'NONE', *, *, #5104, .F. ) ;
#4078 = DIRECTION ( 'NONE',  ( 0.000000000000000000, 0.000000000000000000, 1.000000000000000000 ) ) ;
#4079 = LINE ( 'NONE', #2698, #4853 ) ;
#4080 = CARTESIAN_POINT ( 'NONE',  ( -9.000000000000008882, -42.30661089220096471, 0.03001501203874386639 ) ) ;
#4081 = EDGE_CURVE ( 'NONE', #1489, #5994, #1595, .T. ) ;
#4082 = CARTESIAN_POINT ( 'NONE',  ( -9.307323006945081190, -37.43036402097524729, 9.078502258855328577 ) ) ;
#4083 = CARTESIAN_POINT ( 'NONE',  ( 15.42767615729370334, -34.90910123201071258, 29.86915346484464706 ) ) ;
#4084 = CARTESIAN_POINT ( 'NONE',  ( -18.00000000000000000, -38.09024766049640220, 5.834977158582500323 ) ) ;
#4085 = CARTESIAN_POINT ( 'NONE',  ( -9.179953323200081172, -41.87591202997710127, -8.400082666214601090 ) ) ;
#4086 = ORIENTED_EDGE ( 'NONE', *, *, #1659, .F. ) ;
#4087 = CARTESIAN_POINT ( 'NONE',  ( -3.671999999943150073, -41.88125511300085435, -2.040429064798975216E-05 ) ) ;
#4088 = CARTESIAN_POINT ( 'NONE',  ( 15.61710244195939445, -35.33119560152650962, -28.99660938265333954 ) ) ;
#4089 = CARTESIAN_POINT ( 'NONE',  ( -18.00000000000000000, -6.042206017372996563, -53.98290812280549744 ) ) ;
#4090 = CARTESIAN_POINT ( 'NONE',  ( 7.343948989041080289, -41.69036013684584674, 9.180062146499889053 ) ) ;
#4091 = CARTESIAN_POINT ( 'NONE',  ( -8.881950006354143667, -38.23607148872756056, 1.454744673677723199 ) ) ;
#4092 = CARTESIAN_POINT ( 'NONE',  ( 6.717016578315384123, -41.87574964041029091, -5.993276738590111563 ) ) ;
#4093 = DIRECTION ( 'NONE',  ( 1.000000000000000000, 0.000000000000000000, 0.000000000000000000 ) ) ;
#4094 = CARTESIAN_POINT ( 'NONE',  ( -6.254206921452501788, -41.82159213042450574, -6.472118277562878497 ) ) ;
#4095 = CARTESIAN_POINT ( 'NONE',  ( 2.734270717383524119, -41.55076026865798866, 8.575924688460746736 ) ) ;
#4096 = CARTESIAN_POINT ( 'NONE',  ( -51.01862778508009910, -6.042206017375243654, -24.34338473320316965 ) ) ;
#4097 = CARTESIAN_POINT ( 'NONE',  ( 185.3328331859785010, -6.042206017371049676, 1.211577774917876053E-14 ) ) ;
#4098 = LINE ( 'NONE', #2221, #1324 ) ;
#4099 = CARTESIAN_POINT ( 'NONE',  ( 6.555357369730600681, -38.31026286157670313, 11.35383235379322997 ) ) ;
#4100 = CARTESIAN_POINT ( 'NONE',  ( 8.200543107166247125, -42.09068376482991880, 3.720051316048005319 ) ) ;
#4101 = CARTESIAN_POINT ( 'NONE',  ( -52.51937634892737350, 9.999999999999998224, -15.42164038722743058 ) ) ;
#4102 = CARTESIAN_POINT ( 'NONE',  ( -9.180001134563481102, -42.32169833820390181, 0.2041530533066639730 ) ) ;
#4103 = CARTESIAN_POINT ( 'NONE',  ( -9.180001134563481102, -42.32169833820390181, 0.2041530533066639730 ) ) ;
#4104 = DIRECTION ( 'NONE',  ( -1.000000000000000000, -0.000000000000000000, -0.000000000000000000 ) ) ;
#4105 = LINE ( 'NONE', #3605, #186 ) ;
#4106 = DIRECTION ( 'NONE',  ( 0.000000000000000000, 0.000000000000000000, 1.000000000000000000 ) ) ;
#4107 = CARTESIAN_POINT ( 'NONE',  ( -18.00000000000000000, -15.84325058705650058, 47.33309916941549744 ) ) ;
#4108 = CARTESIAN_POINT ( 'NONE',  ( 190.4059769339609147, -6.042206017375730376, -108.0033952379273643 ) ) ;
#4109 = CARTESIAN_POINT ( 'NONE',  ( 4.005248692621678153, -36.82864558538949495, 12.36958851992118547 ) ) ;
#4110 = CARTESIAN_POINT ( 'NONE',  ( 11.28687274325273471, -26.35880363922724356, 42.37860409953873386 ) ) ;
#4111 = CARTESIAN_POINT ( 'NONE',  ( 8.199505439508493865, -14.62375297484921433, -48.05483550853269037 ) ) ;
#4112 = CARTESIAN_POINT ( 'NONE',  ( -5.507970490038629485, -41.83478244410004976, -5.310691334286230081 ) ) ;
#4113 = ORIENTED_EDGE ( 'NONE', *, *, #2732, .T. ) ;
#4114 = CARTESIAN_POINT ( 'NONE',  ( 3.672001134648750220, -41.88910343578135098, -0.2041836597426380240 ) ) ;
#4115 = CARTESIAN_POINT ( 'NONE',  ( 17.14853556823009839, -38.83656321495601560, -20.39179317184912676 ) ) ;
#4116 = CARTESIAN_POINT ( 'NONE',  ( 87.23648195563481522, -63.39640923772800818, 12.74503609769137569 ) ) ;
#4117 = CARTESIAN_POINT ( 'NONE',  ( 5.507948989069509693, -41.58977544985609853, 9.180051944354570281 ) ) ;
#4118 = CLOSED_SHELL ( 'NONE', ( #4628, #2085, #533, #1431, #453, #5725, #6089, #2372, #3703, #5672, #4161, #5193, #119 ) ) ;
#4119 = CARTESIAN_POINT ( 'NONE',  ( 14.96237566552063747, -27.48163053770529629, -34.47212565022537234 ) ) ;
#4120 = ORIENTED_EDGE ( 'NONE', *, *, #3824, .T. ) ;
#4121 = ADVANCED_FACE ( 'NONE', ( #2420 ), #995, .F. ) ;
#4122 = CARTESIAN_POINT ( 'NONE',  ( 172.6772380009930146, -20.95902901126090256, 4.163336342344334502E-14 ) ) ;
#4123 = LOCAL_TIME ( 17, 55, 0.000000000000000000, #4297 ) ;
#4124 = CARTESIAN_POINT ( 'NONE',  ( -7.464917934760350704, -41.97442212755775159, -5.027549424958026592 ) ) ;
#4125 = CARTESIAN_POINT ( 'NONE',  ( -44.03691592518383402, -6.042206017375220561, 31.93973917264472817 ) ) ;
#4126 = DIRECTION ( 'NONE',  ( 3.074555195481525416E-16, 1.000000000000000000, -5.078222490274110485E-16 ) ) ;
#4127 = CARTESIAN_POINT ( 'NONE',  ( -22.00000000000000000, -6.042206018789235245, -58.61996200176569971 ) ) ;
#4128 = CARTESIAN_POINT ( 'NONE',  ( -12.99864817594080080, -38.30611261494834707, 0.03755347317486655567 ) ) ;
#4129 = CARTESIAN_POINT ( 'NONE',  ( 5.252594475623202364, -41.72030738791276860, 7.314157551258790413 ) ) ;
#4130 = DIRECTION ( 'NONE',  ( 1.000000000000000000, 0.000000000000000000, 0.000000000000000000 ) ) ;
#4131 = CARTESIAN_POINT ( 'NONE',  ( -5.507998865209089878, -41.97550274093775613, -0.2042346704692465098 ) ) ;
#4132 = CARTESIAN_POINT ( 'NONE',  ( 2.101146922263804861E-05, -41.73257342393090141, -3.781269165073750216 ) ) ;
#4133 = CARTESIAN_POINT ( 'NONE',  ( 19.80244648021076870, -37.90130432380735925, 5.660359114249199131 ) ) ;
#4134 = DIRECTION ( 'NONE',  ( 0.000000000000000000, -1.000000000000000000, 0.000000000000000000 ) ) ;
#4135 = FACE_OUTER_BOUND ( 'NONE', #3783, .T. ) ;
#4136 = EDGE_CURVE ( 'NONE', #2472, #5437, #905, .T. ) ;
#4137 = CARTESIAN_POINT ( 'NONE',  ( 11.81688996472372288, -37.92067206685230474, 5.365904675332492602 ) ) ;
#4138 = CARTESIAN_POINT ( 'NONE',  ( 3.672046676600889903, -41.56765029199235073, -8.400011251197350148 ) ) ;
#4139 = DIRECTION ( 'NONE',  ( 0.000000000000000000, -1.000000000000000000, 0.000000000000000000 ) ) ;
#4140 = FACE_OUTER_BOUND ( 'NONE', #5032, .T. ) ;
#4141 = CARTESIAN_POINT ( 'NONE',  ( 8.804475449239227203, -21.54857601239266529, 47.34804283306704775 ) ) ;
#4142 = CARTESIAN_POINT ( 'NONE',  ( 15.42767615729370334, -34.90910123201071258, 29.86915346484464706 ) ) ;
#4143 = CARTESIAN_POINT ( 'NONE',  ( 7.344011546507249300, -42.08122902396474529, -2.077913923010084929 ) ) ;
#4144 = ORIENTED_EDGE ( 'NONE', *, *, #2742, .F. ) ;
#4145 = CARTESIAN_POINT ( 'NONE',  ( -9.179998865152230181, -42.32168879933809791, -0.2042550747598895211 ) ) ;
#4146 = CARTESIAN_POINT ( 'NONE',  ( -22.00000000000000711, -6.042206018788412791, 23.96270776850018791 ) ) ;
#4147 = DIRECTION ( 'NONE',  ( 0.000000000000000000, 0.000000000000000000, 1.000000000000000000 ) ) ;
#4148 = CARTESIAN_POINT ( 'NONE',  ( -5.508051010759899668, -41.58978407742775119, 9.179990731482641664 ) ) ;
#4149 = CARTESIAN_POINT ( 'NONE',  ( 0.4875835940452989958, -6.042206017375319149, -137.7671940876994938 ) ) ;
#4150 = ORIENTED_EDGE ( 'NONE', *, *, #2914, .F. ) ;
#4151 = CARTESIAN_POINT ( 'NONE',  ( 136.4512126208165341, -20.95902901126089901, 86.80962591943116990 ) ) ;
#4152 = CARTESIAN_POINT ( 'NONE',  ( -12.40508026624147853, -38.30712065866585903, 0.06271445548520823698 ) ) ;
#4153 = CARTESIAN_POINT ( 'NONE',  ( -8.703392007569084043, -42.19297934752182755, -2.295826569479319623 ) ) ;
#4154 = CARTESIAN_POINT ( 'NONE',  ( 81.10593960824914461, -6.042206017375708171, -176.7728494354213638 ) ) ;
#4155 = CARTESIAN_POINT ( 'NONE',  ( 139.1842759379911740, -47.26221975847450096, 6.464209457277149827E-15 ) ) ;
#4156 = CARTESIAN_POINT ( 'NONE',  ( 1.723392542192731858, -38.31026286157670313, 12.99662023406230738 ) ) ;
#4157 = CARTESIAN_POINT ( 'NONE',  ( -22.00000000000000000, -6.042206017374059712, 58.61996200176549365 ) ) ;
#4158 = DIRECTION ( 'NONE',  ( -1.000000000000000000, 0.000000000000000000, 0.000000000000000000 ) ) ;
#4159 = CARTESIAN_POINT ( 'NONE',  ( -9.179999999857850312, -42.33629126074694682, -5.101072661278480033E-05 ) ) ;
#4160 = CARTESIAN_POINT ( 'NONE',  ( 9.180011546478818119, -42.24575990172670004, -2.077903720864759940 ) ) ;
#4161 = ADVANCED_FACE ( 'NONE', ( #4363 ), #2519, .F. ) ;
#4162 = CARTESIAN_POINT ( 'NONE',  ( 8.340948383042940506, -38.10470186224095812, 3.380717800715996812 ) ) ;
#4163 = DIRECTION ( 'NONE',  ( 0.000000000000000000, 0.000000000000000000, -1.000000000000000000 ) ) ;
#4164 = DIRECTION ( 'NONE',  ( 0.000000000000000000, 1.000000000000000000, 0.000000000000000000 ) ) ;
#4165 = EDGE_CURVE ( 'NONE', #2136, #1666, #923, .T. ) ;
#4166 = CARTESIAN_POINT ( 'NONE',  ( -18.00000000000000000, -6.042206017372999227, 53.98290812280559692 ) ) ;
#4167 = CARTESIAN_POINT ( 'NONE',  ( 62.18275481095519552, -57.95386985700429960, -5.931514360986089564E-15 ) ) ;
#4168 = CARTESIAN_POINT ( 'NONE',  ( -9.875477856438122259, -37.52585552920039902, 8.457172895312055516 ) ) ;
#4169 = CARTESIAN_POINT ( 'NONE',  ( 4.559421404206525530, -13.56908263843092399, 53.83432138339051676 ) ) ;
#4170 = CARTESIAN_POINT ( 'NONE',  ( 18.15794782687440545, -41.20193441408427759, 10.88034279396110904 ) ) ;
#4171 = CARTESIAN_POINT ( 'NONE',  ( -3.672046676600915216, -41.56765029200165174, 8.400011251197350148 ) ) ;
#4172 = VERTEX_POINT ( 'NONE', #1091 ) ;
#4173 = CARTESIAN_POINT ( 'NONE',  ( 5.507998297856239844, -41.96944676530809915, 0.3063367024858759669 ) ) ;
#4174 = CARTESIAN_POINT ( 'NONE',  ( -22.00000000000000355, -6.042206017375267635, -48.91981981132212809 ) ) ;
#4175 = CARTESIAN_POINT ( 'NONE',  ( 98.49498577765213270, -63.39640923772800818, 4.104505601404373039 ) ) ;
#4176 = CARTESIAN_POINT ( 'NONE',  ( -7.344005109469100567, -42.10820935120749198, 0.9194906970830359905 ) ) ;
#4177 = FACE_OUTER_BOUND ( 'NONE', #4417, .T. ) ;
#4178 = CARTESIAN_POINT ( 'NONE',  ( -12.51084983702054032, -6.042206017369079696, -2.085489564426569853 ) ) ;
#4179 = CARTESIAN_POINT ( 'NONE',  ( -8.927589158925878010, -42.25813964674016887, -1.143559926029073637 ) ) ;
#4180 = CARTESIAN_POINT ( 'NONE',  ( -8.986975246073107826, -42.28795314563397767, -0.4842487726328822406 ) ) ;
#4181 = CARTESIAN_POINT ( 'NONE',  ( 99.14499999999999602, -63.39640923772795134, 25.49000000000011568 ) ) ;
#4182 = CARTESIAN_POINT ( 'NONE',  ( 33.61572406200880181, -47.26221975847436596, -105.5685518759823793 ) ) ;
#4183 = CARTESIAN_POINT ( 'NONE',  ( -69.00494608707319344, 10.00000000000000000, 8.511434807347107778 ) ) ;
#4184 = CARTESIAN_POINT ( 'NONE',  ( 8.999394573592056190, -42.30653784154718977, 0.1533549763514283903 ) ) ;
#4185 = CARTESIAN_POINT ( 'NONE',  ( -53.58330569984575931, -6.744260141485237448, -15.42164038722743058 ) ) ;
#4186 = CARTESIAN_POINT ( 'NONE',  ( -9.179998865152230181, -42.32168879933809791, -0.2042550747598895211 ) ) ;
#4187 = CARTESIAN_POINT ( 'NONE',  ( -3.671988453322155177, -41.86434037993399215, -2.077975135882014879 ) ) ;
#4188 = CARTESIAN_POINT ( 'NONE',  ( 6.424733482145218666, -37.81426256715070622, 6.302648966567675259 ) ) ;
#4189 = CARTESIAN_POINT ( 'NONE',  ( 74.06315266876802639, -63.39640923772800818, -3.307009894705361219 ) ) ;
#4190 = CARTESIAN_POINT ( 'NONE',  ( -42.61420186904449281, -0.03511162100600095926, -10.96746882930053424 ) ) ;
#4191 = CARTESIAN_POINT ( 'NONE',  ( -18.00000000000000000, -38.08334154604070676, 5.880626755295375041 ) ) ;
#4192 = CARTESIAN_POINT ( 'NONE',  ( -8.998799112008940781, -38.30460735910270387, 0.1467910492799149869 ) ) ;
#4193 = CARTESIAN_POINT ( 'NONE',  ( 4.607328753485463224, -36.87231519394246959, 12.15808219245482213 ) ) ;
#4194 = CARTESIAN_POINT ( 'NONE',  ( 8.977545803479603848, -42.28150917201953973, -0.6354698981954617354 ) ) ;
#4195 = CARTESIAN_POINT ( 'NONE',  ( 13.59649946460753256, -31.01095132605514593, 36.39973561734192486 ) ) ;
#4196 = CARTESIAN_POINT ( 'NONE',  ( -10.33986621469312794, -38.31026286157675287, 7.995964574712473016 ) ) ;
#4197 = EDGE_LOOP ( 'NONE', ( #5304, #3374 ) ) ;
#4198 = CARTESIAN_POINT ( 'NONE',  ( 5.508006245906869935, -41.96795418442000170, -1.124011572018931870 ) ) ;
#4199 = CARTESIAN_POINT ( 'NONE',  ( -22.00000000000000711, -6.042206018788408350, 11.46270776850018436 ) ) ;
#4200 = CARTESIAN_POINT ( 'NONE',  ( 96.00358351432613802, -63.39640923772800818, 8.420619387964203284 ) ) ;
#4201 = CARTESIAN_POINT ( 'NONE',  ( -3.405820646415295385E-06, -41.79101289185604884, 0.6129188008571170299 ) ) ;
#4202 = CARTESIAN_POINT ( 'NONE',  ( 6.143137140933131235, -41.80936722422307383, 6.578393440850964780 ) ) ;
#4203 = CARTESIAN_POINT ( 'NONE',  ( 2.972793944930507415, -36.78051886602172260, 12.59866457442561938 ) ) ;
#4204 = CARTESIAN_POINT ( 'NONE',  ( 128.8485295163892204, -33.22972007004630512, 73.62341040694580840 ) ) ;
#4205 = CARTESIAN_POINT ( 'NONE',  ( 3.672011546564115214, -41.86434211346455214, -2.077934327300730022 ) ) ;
#4206 = CARTESIAN_POINT ( 'NONE',  ( 179.0824426214855123, -13.94371515320779942, 1.135032566935603862E-14 ) ) ;
#4207 = CARTESIAN_POINT ( 'NONE',  ( -9.000000000000000000, -42.30661100815940046, -7.355114230846949610E-16 ) ) ;
#4208 = CARTESIAN_POINT ( 'NONE',  ( -33.44431107294845873, -6.042206017375214344, 43.91593122535243054 ) ) ;
#4209 = EDGE_CURVE ( 'NONE', #3811, #2208, #5854, .T. ) ;
#4210 = CARTESIAN_POINT ( 'NONE',  ( 69.65500000000000114, -58.93658393131480011, -4.101342130344464114E-15 ) ) ;
#4211 = CARTESIAN_POINT ( 'NONE',  ( -9.179961991574911551, -41.98502101360424632, -6.840103301353379628 ) ) ;
#4212 = DIRECTION ( 'NONE',  ( -0.03672652268866424125, 5.510199031599038307E-18, 0.9993253536917788837 ) ) ;
#4213 = CARTESIAN_POINT ( 'NONE',  ( 5.508005109497500662, -41.97117035344019342, -0.9195008992283648652 ) ) ;
#4214 = CARTESIAN_POINT ( 'NONE',  ( 1.154662097816547910E-05, -41.78218312152495173, -2.077954731591369786 ) ) ;
#4215 = CARTESIAN_POINT ( 'NONE',  ( 4.668828831882938069, -37.63458882407237382, 7.699854470368946657 ) ) ;
#4216 = CARTESIAN_POINT ( 'NONE',  ( -71.46669839058749574, -6.042206017375298721, -137.7671940876994086 ) ) ;
#4217 = CARTESIAN_POINT ( 'NONE',  ( -33.33474041576556601, -6.042206018788412791, -32.28729223149981209 ) ) ;
#4218 = CARTESIAN_POINT ( 'NONE',  ( -12.99864817594080080, -38.30611261494834707, 0.03755347317486655567 ) ) ;
#4219 = CARTESIAN_POINT ( 'NONE',  ( 73.65499999999991587, -63.39640923772795134, -25.49000000000009081 ) ) ;
#4220 = CARTESIAN_POINT ( 'NONE',  ( -4.641061090982494974, -41.66846666171586833, 7.716691600379416371 ) ) ;
#4221 = CARTESIAN_POINT ( 'NONE',  ( 5.508016847164491026, -41.92984125661909900, -3.031836678291880194 ) ) ;
#4222 = CARTESIAN_POINT ( 'NONE',  ( -8.998887288000474882, -38.31026224233492883, 0.1470156075517272953 ) ) ;
#4223 = CARTESIAN_POINT ( 'NONE',  ( 8.871598843472334295, -42.23864573087209351, -1.517930278221832241 ) ) ;
#4224 = CARTESIAN_POINT ( 'NONE',  ( 11.28224371461828568, -26.34967882456076538, 42.38904965471108000 ) ) ;
#4225 = CARTESIAN_POINT ( 'NONE',  ( 3.671953323285355175, -41.56764441693415080, 8.400052059778639446 ) ) ;
#4226 = VERTEX_POINT ( 'NONE', #2583 ) ;
#4227 = CARTESIAN_POINT ( 'NONE',  ( 7.344029509762339814, -41.94464985518334998, -5.310619919268979139 ) ) ;
#4228 = CARTESIAN_POINT ( 'NONE',  ( 33.61572406200880181, -47.26221975847436596, -105.5685518759823793 ) ) ;
#4229 = CARTESIAN_POINT ( 'NONE',  ( 151.1000939096311981, -6.042206017375256089, 81.61876347350211347 ) ) ;
#4230 = CARTESIAN_POINT ( 'NONE',  ( 5.507983152664880144, -41.92983744923065359, 3.031897891163805259 ) ) ;
#4231 = CARTESIAN_POINT ( 'NONE',  ( -12.99553091680051509, -38.31026187940302208, 0.0001336912975518972022 ) ) ;
#4232 = DIRECTION ( 'NONE',  ( -0.000000000000000000, -0.000000000000000000, -1.000000000000000000 ) ) ;
#4233 = CARTESIAN_POINT ( 'NONE',  ( -22.00000000000000000, -21.18324305483734804, -38.85782123306505298 ) ) ;
#4234 = CARTESIAN_POINT ( 'NONE',  ( -7.279131775224156442, -37.14128173064879235, 10.77152225814716680 ) ) ;
#4235 = AXIS2_PLACEMENT_3D ( 'NONE', #6073, #5945, #5031 ) ;
#4236 = CARTESIAN_POINT ( 'NONE',  ( -8.988442634801268483, -42.28908435533969623, -0.4559948048799711828 ) ) ;
#4237 = VECTOR ( 'NONE', #1767, 1000.000000000000000 ) ;
#4238 = AXIS2_PLACEMENT_3D ( 'NONE', #2721, #293, #4130 ) ;
#4239 = CARTESIAN_POINT ( 'NONE',  ( -26.54013226232455125, -6.042206017375213456, 48.12996661029961842 ) ) ;
#4240 = CARTESIAN_POINT ( 'NONE',  ( -4.667665778224310122E-05, -41.49435253679070001, 8.400031655487991245 ) ) ;
#4241 = CARTESIAN_POINT ( 'NONE',  ( 7.344029509762339814, -41.94464985518334998, -5.310619919268979139 ) ) ;
#4242 = CARTESIAN_POINT ( 'NONE',  ( 2.330465194269168094, -41.53308563738278281, -8.698098081270250859 ) ) ;
#4243 = CARTESIAN_POINT ( 'NONE',  ( -3.671957657472794789, -41.61891006585364750, -7.620062377348030047 ) ) ;
#4244 = CARTESIAN_POINT ( 'NONE',  ( 7.645083672568446786, -37.98262599903871717, 4.750184540782890430 ) ) ;
#4245 = CARTESIAN_POINT ( 'NONE',  ( 7.900788209085969349, -38.02430348114110359, 4.312655636670502446 ) ) ;
#4246 = CARTESIAN_POINT ( 'NONE',  ( -22.00000000000000000, -6.042206018788403910, -1.037292231499814976 ) ) ;
#4247 = CARTESIAN_POINT ( 'NONE',  ( -7.084955854950343301, -37.12914828632010966, 10.83700523922793302 ) ) ;
#4248 = CARTESIAN_POINT ( 'NONE',  ( 190.8134217086285105, -5.512702099187760219, 1.278695626834949995E-14 ) ) ;
#4249 = CARTESIAN_POINT ( 'NONE',  ( -8.705333590422766221, -42.19288530280179828, 2.302875602739588690 ) ) ;
#4250 = CARTESIAN_POINT ( 'NONE',  ( 12.91405803531415941, -38.22506593695425181, 1.718707774543063449 ) ) ;
#4251 = CARTESIAN_POINT ( 'NONE',  ( 8.956653833787793673, -42.27084703351751926, -0.8822503115349690228 ) ) ;
#4252 = CARTESIAN_POINT ( 'NONE',  ( 8.076792803807753884, -20.16383711956182623, 48.60724779958220410 ) ) ;
#4253 = CARTESIAN_POINT ( 'NONE',  ( 7.343957657415900009, -41.80211066434194578, 7.620082781638670255 ) ) ;
#4254 = ORIENTED_EDGE ( 'NONE', *, *, #1839, .F. ) ;
#4255 = CARTESIAN_POINT ( 'NONE',  ( 7.344006245878440531, -42.10689846338710396, -1.124001369873609990 ) ) ;
#4256 = CARTESIAN_POINT ( 'NONE',  ( 33.61572406200880181, -47.26221975847439438, -1.292841891455429965E-14 ) ) ;
#4257 = EDGE_CURVE ( 'NONE', #5877, #4226, #1192, .T. ) ;
#4258 = CARTESIAN_POINT ( 'NONE',  ( 3.671993753950935080, -41.88114169236509809, 1.124062582745533945 ) ) ;
#4259 = CARTESIAN_POINT ( 'NONE',  ( -71.46669839058749574, -70.00000000000000000, 0.000000000000000000 ) ) ;
#4260 = APPLICATION_CONTEXT ( 'configuration controlled 3d designs of mechanical parts and assemblies' ) ;
#4261 = CARTESIAN_POINT ( 'NONE',  ( -3.672011546564145412, -41.86434211302900366, 2.077934327300719808 ) ) ;
#4262 = DIRECTION ( 'NONE',  ( 0.000000000000000000, -1.000000000000000000, 0.000000000000000000 ) ) ;
#4263 = ORIENTED_EDGE ( 'NONE', *, *, #1232, .T. ) ;
#4264 = CARTESIAN_POINT ( 'NONE',  ( 185.3328331859785010, -6.042206017371060334, 1.387778780781449935E-14 ) ) ;
#4265 = CARTESIAN_POINT ( 'NONE',  ( -23.91435553702712014, -6.042206163896855386, 48.81099545576654464 ) ) ;
#4266 = CARTESIAN_POINT ( 'NONE',  ( -5.507988453293719999, -41.96221732396909943, -2.077985338027334983 ) ) ;
#4267 = CARTESIAN_POINT ( 'NONE',  ( 4.607328753485463224, -36.87231519394246959, 12.15808219245482213 ) ) ;
#4268 = CARTESIAN_POINT ( 'NONE',  ( -8.976145500406378375, -42.28090686117300834, -0.6558730959010014017 ) ) ;
#4269 = CARTESIAN_POINT ( 'NONE',  ( -5.944576281754301306, -41.78629455302101547, 6.783067013500463815 ) ) ;
#4270 = CARTESIAN_POINT ( 'NONE',  ( -18.00000000000000000, -38.07290899291183450, -5.949309185000988265 ) ) ;
#4271 = CARTESIAN_POINT ( 'NONE',  ( 0.5851226219966385589, -41.49092440191354569, -8.985920722101512936 ) ) ;
#4272 = APPROVAL ( #5791, 'UNSPECIFIED' ) ;
#4273 = CARTESIAN_POINT ( 'NONE',  ( -7.343948989041109598, -41.69036013678054786, -9.180062146499889053 ) ) ;
#4274 = CARTESIAN_POINT ( 'NONE',  ( 3.584277760841799942, -37.55535467588953935, 8.255583776275649655 ) ) ;
#4275 = CARTESIAN_POINT ( 'NONE',  ( 7.645083672568446786, -37.98262599903871717, 4.750184540782890430 ) ) ;
#4276 = B_SPLINE_CURVE_WITH_KNOTS ( 'NONE', 3,
 ( #2444, #3407, #6204, #1871, #5340, #5724, #1017, #3816, #1426, #1842, #6171, #5881, #4933, #3009, #2611, #1999, #5986, #1154, #5846, #4455, #620, #4896, #3980, #146, #2541, #1551, #5405, #214, #4967, #3042, #3912, #553, #1623, #2103, #1587, #1119, #4423, #5441, #3506, #1185, #2068, #1658, #2033, #5914, #4014, #1517, #3439, #654, #2575, #5372, #3472, #3947, #1084, #4524, #3576, #5509, #4489, #180, #113, #3542, #5951, #5477, #3076, #5003, #1050, #689, #2978, #585, #2507, #2139, #4862, #4049, #2476, #4389, #79, #4554 ),
 .UNSPECIFIED., .F., .F.,
 ( 4, 2, 2, 2, 2, 2, 2, 2, 2, 2, 2, 2, 2, 2, 2, 2, 2, 2, 2, 2, 2, 2, 2, 2, 2, 2, 2, 2, 2, 2, 2, 2, 2, 2, 2, 2, 2, 4 ),
 ( 0.000000000000000000, 0.003994811418628394124, 0.005992217127942590753, 0.007989622837256788249, 0.01198443425588518151, 0.01597924567451357650, 0.02396886851177036301, 0.02796367993039875280, 0.03195849134902713912, 0.03595330276765552197, 0.03994811418628391175, 0.04394292560491230154, 0.04793773702354068439, 0.05193254844216908112, 0.05392995415148327948, 0.05592735986079747090, 0.05992217127942587457, 0.06191957698874006599, 0.06291827984339716517, 0.06391698269805426436, 0.06791179411668266108, 0.06990919982599684557, 0.07190660553531103005, 0.07590141695393942678, 0.07989622837256779575, 0.08788585120982456145, 0.09188066262845294430, 0.09587547404708134102, 0.09987028546570975163, 0.1038650968843381345, 0.1118547197215949141, 0.1158495311402233108, 0.1198443425588517214, 0.1218417482681659197, 0.1238391539774801042, 0.1248378568321372173, 0.1258365596867943303, 0.1278339653961085287 ),
 .UNSPECIFIED. ) ;
#4277 = CARTESIAN_POINT ( 'NONE',  ( -12.55193119091180698, -38.10913750813561052, 3.331061494737351136 ) ) ;
#4278 = CARTESIAN_POINT ( 'NONE',  ( 1.199991381259394085, -7.355067105788175574, -57.87167046673666704 ) ) ;
#4279 = CARTESIAN_POINT ( 'NONE',  ( -7.490329792674848441, -41.97814419639009031, 4.989495828709941350 ) ) ;
#4280 = CARTESIAN_POINT ( 'NONE',  ( 12.99854150976315559, -38.27080732749006131, 0.8745195072164828609 ) ) ;
#4281 = CARTESIAN_POINT ( 'NONE',  ( 8.975250954852917573, -42.28044958681199716, -0.6669865514979079757 ) ) ;
#4282 = CARTESIAN_POINT ( 'NONE',  ( 3.493117819995015694, -6.042206017371518634, -53.98290812280588824 ) ) ;
#4283 = CARTESIAN_POINT ( 'NONE',  ( -5.508038008197660318, -41.74731312807935524, 6.840021684190809914 ) ) ;
#4284 = CARTESIAN_POINT ( 'NONE',  ( 3.671978988473880268, -41.81616949228254754, 3.781289569364389980 ) ) ;
#4285 = ORIENTED_EDGE ( 'NONE', *, *, #4542, .T. ) ;
#4286 = ORIENTED_EDGE ( 'NONE', *, *, #2914, .T. ) ;
#4287 = CARTESIAN_POINT ( 'NONE',  ( 5.109582799404299976E-06, -41.79199488318105438, -0.9195315056643299512 ) ) ;
#4288 = CARTESIAN_POINT ( 'NONE',  ( -6.493896767346210019, -38.31026286157675287, 11.32506017201200699 ) ) ;
#4289 = CARTESIAN_POINT ( 'NONE',  ( 3.671988453322129864, -41.86434038014104431, 2.077975135882009994 ) ) ;
#4290 = AXIS2_PLACEMENT_3D ( 'NONE', #1752, #865, #6020 ) ;
#4291 = CARTESIAN_POINT ( 'NONE',  ( 57.28868186016522657, -6.042206017375216121, 100.0012792868170521 ) ) ;
#4292 = EDGE_CURVE ( 'NONE', #2150, #3006, #3550, .T. ) ;
#4293 = CARTESIAN_POINT ( 'NONE',  ( 7.343988453265270167, -42.08122616298214780, 2.077995540172650202 ) ) ;
#4294 = CARTESIAN_POINT ( 'NONE',  ( -7.524394335297283298, -37.18247897209307951, 10.54629727586271670 ) ) ;
#4295 = ORIENTED_EDGE ( 'NONE', *, *, #5465, .T. ) ;
#4296 = DIRECTION ( 'NONE',  ( 0.000000000000000000, 1.000000000000000000, 0.000000000000000000 ) ) ;
#4297 = COORDINATED_UNIVERSAL_TIME_OFFSET ( 5, 0, .AHEAD. ) ;
#4298 = CARTESIAN_POINT ( 'NONE',  ( -12.81294052768647695, -38.19073389167535026, 2.200254536685751106 ) ) ;
#4299 = CARTESIAN_POINT ( 'NONE',  ( -13.15518455823439936, -38.31026286157670313, -0.1470188481355378107 ) ) ;
#4300 = CARTESIAN_POINT ( 'NONE',  ( 88.06602400699813415, -63.39640923772801528, -12.66333333690861629 ) ) ;
#4301 = EDGE_CURVE ( 'NONE', #962, #210, #1068, .T. ) ;
#4302 = CARTESIAN_POINT ( 'NONE',  ( 2.905600945280856884, -41.55626914429767993, 8.538577422767042790 ) ) ;
#4303 = CARTESIAN_POINT ( 'NONE',  ( -71.46669839058749574, -6.042206017375256977, -58.61996200337829777 ) ) ;
#4304 = CARTESIAN_POINT ( 'NONE',  ( 2.950987607470884923E-05, -41.67149771645480172, -5.310660727850260443 ) ) ;
#4305 = CARTESIAN_POINT ( 'NONE',  ( -8.999394573589672319, -42.30653784155533259, -0.1533549763417886291 ) ) ;
#4306 = CARTESIAN_POINT ( 'NONE',  ( 4.667665775254480472E-05, -41.49435253703499882, -8.400031655487991245 ) ) ;
#4307 = CARTESIAN_POINT ( 'NONE',  ( -8.793082668427032900, -38.20855485686563924, 1.918808907829727239 ) ) ;
#4308 = CARTESIAN_POINT ( 'NONE',  ( 8.456675660160172470, -38.12820398505355968, 3.080682832765379686 ) ) ;
#4309 = CARTESIAN_POINT ( 'NONE',  ( -11.60914705300976024, -37.87349449576385751, 5.791058151867142456 ) ) ;
#4310 = CARTESIAN_POINT ( 'NONE',  ( 6.594439258301299844, -17.36735170422222296, -50.97116147773513717 ) ) ;
#4311 = B_SPLINE_CURVE_WITH_KNOTS ( 'NONE', 3,
 ( #5324, #1004, #2124, #707 ),
 .UNSPECIFIED., .F., .F.,
 ( 4, 4 ),
 ( 0.000000000000000000, 1.000000000000000000 ),
 .UNSPECIFIED. ) ;
#4312 = CARTESIAN_POINT ( 'NONE',  ( -7.519144691522837043, -41.98231748374957562, 4.946030867961557220 ) ) ;
#4313 = CARTESIAN_POINT ( 'NONE',  ( 99.14499999999999602, -63.39640923772795134, 25.49000000000011568 ) ) ;
#4314 = CARTESIAN_POINT ( 'NONE',  ( -7.641839318962874827, -42.00044897382650078, -4.762613083350902166 ) ) ;
#4315 = CARTESIAN_POINT ( 'NONE',  ( 3.671957657472765035, -41.61891006581415553, 7.620062377348030047 ) ) ;
#4316 = CARTESIAN_POINT ( 'NONE',  ( 9.179961991574881353, -41.98502101336310233, 6.840103301353389398 ) ) ;
#4317 = ORIENTED_EDGE ( 'NONE', *, *, #3856, .T. ) ;
#4319 = EDGE_CURVE ( 'NONE', #5484, #5853, #6084, .T. ) ;
#4318 = VERTEX_POINT ( 'NONE', #2210 ) ;
#4320 = CARTESIAN_POINT ( 'NONE',  ( 3.672006245935305557, -41.88114297932265373, -1.124021774164253973 ) ) ;
#4321 = CARTESIAN_POINT ( 'NONE',  ( 159.5718911911922078, -33.22972007004717909, -146.3437823823845179 ) ) ;
#4322 = CARTESIAN_POINT ( 'NONE',  ( 9.179978988388580063, -42.16512765717559574, 3.781320175800355177 ) ) ;
#4323 = CARTESIAN_POINT ( 'NONE',  ( 90.00016485872785665, -6.042206017375225002, 104.0901701212673629 ) ) ;
#4324 = CARTESIAN_POINT ( 'NONE',  ( 226.6457644257074833, -70.00000000000000000, 137.9613978004091450 ) ) ;
#4325 = CARTESIAN_POINT ( 'NONE',  ( -5.507999999914719780, -41.99430005084909823, -3.060643596962835030E-05 ) ) ;
#4326 = SHELL_BASED_SURFACE_MODEL ( 'NONE', ( #3303, #4118, #6051, #4924, #303, #2219, #2514 ) );
#4327 = CARTESIAN_POINT ( 'NONE',  ( -10.98881410583139129, -37.74207041095794324, 6.895509932044320500 ) ) ;
#4328 = ORIENTED_EDGE ( 'NONE', *, *, #3647, .F. ) ;
#4329 = CARTESIAN_POINT ( 'NONE',  ( 172.6772380009915366, -20.95902901126225260, 1.056591433571883900E-14 ) ) ;
#4330 = DATE_AND_TIME ( #461, #2007 ) ;
#4331 = EDGE_CURVE ( 'NONE', #481, #4590, #2801, .T. ) ;
#4332 = CARTESIAN_POINT ( 'NONE',  ( -9.452263463463944859, -37.45408845964262667, 8.927515458673381588 ) ) ;
#4333 = CARTESIAN_POINT ( 'NONE',  ( -22.00000000000000711, -6.042206018788408350, 11.46270776850018436 ) ) ;
#4334 = CARTESIAN_POINT ( 'NONE',  ( 22.32986575890220848, -39.92365077371959359, -1.569265696386032736E-14 ) ) ;
#4335 = CARTESIAN_POINT ( 'NONE',  ( 3.685149900424812053, -37.56182203111838902, 8.211373624002799687 ) ) ;
#4336 = CARTESIAN_POINT ( 'NONE',  ( -5.492542446428483771, -41.74082137630377787, 7.154204522162525670 ) ) ;
#4337 = EDGE_CURVE ( 'NONE', #5981, #4909, #2733, .T. ) ;
#4338 = CARTESIAN_POINT ( 'NONE',  ( 5.507948989069509693, -41.58977544985609853, 9.180051944354570281 ) ) ;
#4339 = CARTESIAN_POINT ( 'NONE',  ( -8.998799112008940781, 11.74493434166574168, 0.1470188481355286236 ) ) ;
#4340 = AXIS2_PLACEMENT_3D ( 'NONE', #2485, #2926, #5350 ) ;
#4341 = CARTESIAN_POINT ( 'NONE',  ( -8.992636458767906404, -42.29313918963539720, 0.3714819245865138009 ) ) ;
#4342 = FACE_OUTER_BOUND ( 'NONE', #2646, .T. ) ;
#4343 = CARTESIAN_POINT ( 'NONE',  ( 2.972793944930507415, -36.78051886602172260, 12.59866457442561938 ) ) ;
#4344 = CARTESIAN_POINT ( 'NONE',  ( 7.978243363155031354, -19.97697101612737924, -48.77241106004478155 ) ) ;
#4345 = CARTESIAN_POINT ( 'NONE',  ( -3.471071036346626837, -41.58898566603957647, 8.303717694146621753 ) ) ;
#4346 = CARTESIAN_POINT ( 'NONE',  ( 226.6457644257074833, 10.00000000000000000, 137.9613978004092019 ) ) ;
#4347 = CARTESIAN_POINT ( 'NONE',  ( 7.519144692066104696, -41.98231748382929851, -4.946030867135356779 ) ) ;
#4348 = AXIS2_PLACEMENT_3D ( 'NONE', #6065, #1288, #261 ) ;
#4349 = CARTESIAN_POINT ( 'NONE',  ( 5.241343337348955522, -14.83785961726808011, 52.91645301878393326 ) ) ;
#4350 = CARTESIAN_POINT ( 'NONE',  ( -9.180016847107648204, -42.20095491708080004, 3.031816274001229772 ) ) ;
#4351 = EDGE_CURVE ( 'NONE', #3819, #1276, #2852, .T. ) ;
#4352 = ORIENTED_EDGE ( 'NONE', *, *, #3834, .F. ) ;
#4353 = ORIENTED_EDGE ( 'NONE', *, *, #4538, .T. ) ;
#4354 = CARTESIAN_POINT ( 'NONE',  ( 173.3674552594681018, -6.042206017375331584, -57.30980081067629328 ) ) ;
#4355 = AXIS2_PLACEMENT_3D ( 'NONE', #825, #1680, #3154 ) ;
#4356 = CARTESIAN_POINT ( 'NONE',  ( 0.1227619990085692114, -20.95902901126225260, -2.113182867143769694E-14 ) ) ;
#4357 = CARTESIAN_POINT ( 'NONE',  ( 5.507993753922509228, -41.96795358764840245, 1.124072784890854049 ) ) ;
#4358 = CARTESIAN_POINT ( 'NONE',  ( -9.000000000000000000, -42.30661100815940046, -7.355114230846949610E-16 ) ) ;
#4359 = CARTESIAN_POINT ( 'NONE',  ( -22.00000000000000000, -21.18324305483734804, -38.85782123306505298 ) ) ;
#4360 = CARTESIAN_POINT ( 'NONE',  ( 5.508001701973130437, -41.96944799685734750, -0.3062754896139545102 ) ) ;
#4361 = CARTESIAN_POINT ( 'NONE',  ( -11.20907448373209725, -37.78708387269491453, 6.535050310583138788 ) ) ;
#4362 = ORIENTED_EDGE ( 'NONE', *, *, #5254, .F. ) ;
#4363 = FACE_OUTER_BOUND ( 'NONE', #3014, .T. ) ;
#4364 = CALENDAR_DATE ( 2026, 5, 6 ) ;
#4365 = CARTESIAN_POINT ( 'NONE',  ( -2.890122801001401509, -37.51305854867770506, -8.543782010315313258 ) ) ;
#4366 = PLANE ( 'NONE',  #2895 ) ;
#4367 = CARTESIAN_POINT ( 'NONE',  ( -18.00000000000000000, -38.31026286157670313, 0.1470188481355287902 ) ) ;
#4368 = CARTESIAN_POINT ( 'NONE',  ( -4.274604981097037459, -37.60200659673469659, 7.941648755243618574 ) ) ;
#4369 = EDGE_LOOP ( 'NONE', ( #4981, #177 ) ) ;
#4370 = CARTESIAN_POINT ( 'NONE',  ( -8.980504592517737805, -42.28321526838289657, 0.6033876388838893545 ) ) ;
#4371 = CARTESIAN_POINT ( 'NONE',  ( -71.46669839058749574, 10.00000000000000000, 137.9613978004092019 ) ) ;
#4372 = CARTESIAN_POINT ( 'NONE',  ( -18.00000000000000000, -38.30611622139949901, -0.03690425908144105011 ) ) ;
#4373 = CARTESIAN_POINT ( 'NONE',  ( -5.507948989069539891, -41.58977544978714747, -9.180051944354559623 ) ) ;
#4374 = CARTESIAN_POINT ( 'NONE',  ( -5.781977706923591143, -37.74110762289767962, 6.899081458058030414 ) ) ;
#4375 = CARTESIAN_POINT ( 'NONE',  ( -2.905600945043350425, -41.55626914427964635, -8.538577422881722612 ) ) ;
#4376 = CARTESIAN_POINT ( 'NONE',  ( -9.000000000000000000, -38.30472699488110777, -1.718667784195345147E-09 ) ) ;
#4377 = CARTESIAN_POINT ( 'NONE',  ( 3.419865594227325278, -41.58602837709501188, 8.324943336569258889 ) ) ;
#4378 = CARTESIAN_POINT ( 'NONE',  ( -7.807176888603956755, -42.02380459549892322, 4.516151282906873732 ) ) ;
#4379 = CARTESIAN_POINT ( 'NONE',  ( 6.542202348565979264, -41.85480593795352888, -6.181343386763029635 ) ) ;
#4380 = CARTESIAN_POINT ( 'NONE',  ( 3.999473945978261114, -37.58276873756395275, -8.068007972714877241 ) ) ;
#4381 = CARTESIAN_POINT ( 'NONE',  ( 5.507948989069509693, -41.58977544985609853, 9.180051944354570281 ) ) ;
#4382 = CARTESIAN_POINT ( 'NONE',  ( 9.179988453236822110, -42.24575219287114436, 2.078005742317974747 ) ) ;
#4383 = EDGE_CURVE ( 'NONE', #549, #2030, #3835, .T. ) ;
#4384 = VERTEX_POINT ( 'NONE', #3786 ) ;
#4385 = EDGE_LOOP ( 'NONE', ( #2145, #5536, #2683, #2064 ) ) ;
#4386 = CARTESIAN_POINT ( 'NONE',  ( 3.672051010788299763, -41.51274637520825195, -9.180000933627960436 ) ) ;
#4387 = CARTESIAN_POINT ( 'NONE',  ( 110.6172451890447803, -57.95386985700431381, -48.43449037808966295 ) ) ;
#4388 = CARTESIAN_POINT ( 'NONE',  ( -9.180011546478839435, -42.24575990181089935, 2.077903720864755055 ) ) ;
#4389 = CARTESIAN_POINT ( 'NONE',  ( -25.24069552840675357, -6.042206017375223226, 48.54877886342892168 ) ) ;
#4390 = CARTESIAN_POINT ( 'NONE',  ( 18.15794782687440545, -41.20193441408427759, 10.88034279396110904 ) ) ;
#4391 = CARTESIAN_POINT ( 'NONE',  ( -10.94826979804049927, -38.30791815028960201, 0.08391172956540508820 ) ) ;
#4392 = CARTESIAN_POINT ( 'NONE',  ( -5.507998865209089878, -41.97550274093775613, -0.2042346704692465098 ) ) ;
#4393 = ORIENTED_EDGE ( 'NONE', *, *, #2217, .T. ) ;
#4394 = CARTESIAN_POINT ( 'NONE',  ( 7.978243363155031354, -19.97697101612737924, -48.77241106004478155 ) ) ;
#4395 = CARTESIAN_POINT ( 'NONE',  ( -71.46669839058749574, -6.042206017375249871, 137.9613978004092019 ) ) ;
#4396 = CARTESIAN_POINT ( 'NONE',  ( 8.772566834852190354, -38.20199517297606207, -2.032214269870636247 ) ) ;
#4397 = CARTESIAN_POINT ( 'NONE',  ( -37.57732350595525617, -6.042206018788409239, 46.87937443516684510 ) ) ;
#4398 = CARTESIAN_POINT ( 'NONE',  ( 20.13201909064075323, -38.30748449334880235, -0.07350728171799320032 ) ) ;
#4399 = CARTESIAN_POINT ( 'NONE',  ( -1.937719017081339201, -37.47489654487573318, 8.793810581799625936 ) ) ;
#4400 = VERTEX_POINT ( 'NONE', #3814 ) ;
#4401 = CARTESIAN_POINT ( 'NONE',  ( -6.779177427390131960, -41.88109570676020610, 5.949021816751175251 ) ) ;
#4402 = FACE_OUTER_BOUND ( 'NONE', #1564, .T. ) ;
#4403 = CARTESIAN_POINT ( 'NONE',  ( 85.42307960382289878, -13.94371515320613852, 92.67729385790640606 ) ) ;
#4404 = CARTESIAN_POINT ( 'NONE',  ( 8.988442634721092617, -42.28908435527755927, 0.4559948064590275685 ) ) ;
#4405 = EDGE_CURVE ( 'NONE', #3048, #1429, #5590, .T. ) ;
#4406 = CARTESIAN_POINT ( 'NONE',  ( -8.974148739331672786, -42.27996723499645526, 0.6817989805971507167 ) ) ;
#4407 = CARTESIAN_POINT ( 'NONE',  ( -8.918555528448308678, -38.25004506629297651, 1.208879737467013493 ) ) ;
#4408 = CARTESIAN_POINT ( 'NONE',  ( 8.086068962920393233, -42.06939399073029762, -3.995665832922445038 ) ) ;
#4409 = CARTESIAN_POINT ( 'NONE',  ( 13.90627688196622636, -31.65889023173309269, -35.40150834515807077 ) ) ;
#4410 = CARTESIAN_POINT ( 'NONE',  ( 3.447689632452321629, -41.58763006137256468, 8.313449897437527270 ) ) ;
#4411 = CARTESIAN_POINT ( 'NONE',  ( 226.6457644257073980, -6.042206017375389315, -137.7671940876994654 ) ) ;
#4412 = CARTESIAN_POINT ( 'NONE',  ( 3.543743181994237545, -41.59324972189504166, -8.273066969953127625 ) ) ;
#4413 = CARTESIAN_POINT ( 'NONE',  ( -8.573594396656854855, -38.15260503936097081, -2.765235316844746105 ) ) ;
#4414 = AXIS2_PLACEMENT_3D ( 'NONE', #2243, #2354, #4262 ) ;
#4415 = CARTESIAN_POINT ( 'NONE',  ( -3.672016847192949740, -41.84322007454385073, 3.031846880437194969 ) ) ;
#4416 = CARTESIAN_POINT ( 'NONE',  ( 5.507994890331870508, -41.97116850234994700, 0.9195621121002880427 ) ) ;
#4417 = EDGE_LOOP ( 'NONE', ( #3893, #11, #4929, #1096, #5473 ) ) ;
#4418 = ORIENTED_EDGE ( 'NONE', *, *, #1087, .F. ) ;
#4419 = CARTESIAN_POINT ( 'NONE',  ( -7.343953323228519459, -41.74792629669014588, -8.400072464069278766 ) ) ;
#4420 = CC_DESIGN_APPROVAL ( #5792, ( #3016 ) ) ;
#4421 = CARTESIAN_POINT ( 'NONE',  ( 54.88684423297736714, -56.13001623236052495, -63.02631153404517761 ) ) ;
#4422 = CARTESIAN_POINT ( 'NONE',  ( -7.793810974760618571, -38.00620863205167410, -4.510573543201283009 ) ) ;
#4423 = CARTESIAN_POINT ( 'NONE',  ( -63.86958765794813075, -6.042206017375209015, -0.2539877231291587933 ) ) ;
#4424 = CARTESIAN_POINT ( 'NONE',  ( -9.511568403844728536E-15, -63.39640923772800818, 0.000000000000000000 ) ) ;
#4425 = CARTESIAN_POINT ( 'NONE',  ( 18.82837672200435364, -42.30756013076910449, -7.696413152913580629E-15 ) ) ;
#4426 = CARTESIAN_POINT ( 'NONE',  ( 5.109582799404299976E-06, -41.79199488318105438, -0.9195315056643299512 ) ) ;
#4427 = ORIENTED_EDGE ( 'NONE', *, *, #70, .T. ) ;
#4428 = CARTESIAN_POINT ( 'NONE',  ( 5.060575648997039266, -14.49964003998359985, -53.18117648864762259 ) ) ;
#4429 = PERSON_AND_ORGANIZATION_ROLE ( 'design_supplier' ) ;
#4430 = CARTESIAN_POINT ( 'NONE',  ( 12.99854150976315559, -38.27080732749006131, 0.8745195072164828609 ) ) ;
#4431 = CARTESIAN_POINT ( 'NONE',  ( -30.22633608210852429, -6.042206018788407462, -13.53729223149981742 ) ) ;
#4432 = CARTESIAN_POINT ( 'NONE',  ( 19.07334698233630021, -6.042206017373979776, 58.61996200337829777 ) ) ;
#4433 = CARTESIAN_POINT ( 'NONE',  ( -3.123252355812537573, -37.52796893253649557, 8.441294046372883386 ) ) ;
#4434 = ORIENTED_EDGE ( 'NONE', *, *, #2548, .F. ) ;
#4435 = ADVANCED_FACE ( 'NONE', ( #2381 ), #4794, .T. ) ;
#4436 = CARTESIAN_POINT ( 'NONE',  ( 8.215097582418023237, -42.09340470310474558, -3.684679295200364635 ) ) ;
#4437 = CARTESIAN_POINT ( 'NONE',  ( -52.51937634892737350, 9.999999999999998224, 15.42164038722743058 ) ) ;
#4438 = CARTESIAN_POINT ( 'NONE',  ( -18.00000000000000000, -32.29571161549034741, -26.62793936103274817 ) ) ;
#4439 = CARTESIAN_POINT ( 'NONE',  ( 8.984841062473075013, -42.28639368504415330, 0.5229466565914203668 ) ) ;
#4440 = CARTESIAN_POINT ( 'NONE',  ( -8.772047932353268962, -42.20977105216027070, 2.030394141492641857 ) ) ;
#4441 = DIRECTION ( 'NONE',  ( 0.000000000000000000, 0.000000000000000000, 1.000000000000000000 ) ) ;
#4442 =( BOUNDED_CURVE ( )  B_SPLINE_CURVE ( 3, ( #4611, #777, #4108, #3636 ),
 .UNSPECIFIED., .F., .F. ) 
 B_SPLINE_CURVE_WITH_KNOTS ( ( 4, 4 ),
 ( 3.405499561769564129E-17, 0.2646039478493926733 ),
 .UNSPECIFIED. ) 
 CURVE ( )  GEOMETRIC_REPRESENTATION_ITEM ( )  RATIONAL_B_SPLINE_CURVE ( ( 0.6395411310986210962, 0.3704195871135046447, 0.4905725434139643348, 1.000000000000000000 ) ) 
 REPRESENTATION_ITEM ( '' )  );
#4443 = CARTESIAN_POINT ( 'NONE',  ( -3.991069150304319191, -41.62098965566505626, -8.072166327261177443 ) ) ;
#4444 = CARTESIAN_POINT ( 'NONE',  ( 18.02076827448040319, -40.89105169479869772, -12.48253334140086324 ) ) ;
#4445 = CARTESIAN_POINT ( 'NONE',  ( 5.856291290455049925, -41.77917982557993781, 6.836154115288882949 ) ) ;
#4446 = FACE_BOUND ( 'NONE', #5894, .T. ) ;
#4447 = CARTESIAN_POINT ( 'NONE',  ( -7.401807531057756684, -41.96528358125363667, -5.120019755907318171 ) ) ;
#4448 = CARTESIAN_POINT ( 'NONE',  ( -5.931646228541266552, -37.75672773061798182, -6.775234317736874345 ) ) ;
#4449 = CARTESIAN_POINT ( 'NONE',  ( 9.179988453236822110, -42.24575219287114436, 2.078005742317974747 ) ) ;
#4450 = CARTESIAN_POINT ( 'NONE',  ( 7.344001134591879421, -42.10616211150964716, -0.2041632554519949849 ) ) ;
#4451 = ORIENTED_EDGE ( 'NONE', *, *, #6217, .T. ) ;
#4452 = ORIENTED_EDGE ( 'NONE', *, *, #6145, .T. ) ;
#4453 = CARTESIAN_POINT ( 'NONE',  ( 111.7978034211093359, -6.042206017375335136, -101.0082980960116146 ) ) ;
#4454 = DIRECTION ( 'NONE',  ( 0.000000000000000000, 1.000000000000000000, 0.000000000000000000 ) ) ;
#4455 = CARTESIAN_POINT ( 'NONE',  ( -52.76613086239826345, -6.042206017375244542, -22.31935576836590229 ) ) ;
#4456 = CARTESIAN_POINT ( 'NONE',  ( 136.4512126208165341, -20.95902901126089901, 86.80962591943116990 ) ) ;
#4457 = CARTESIAN_POINT ( 'NONE',  ( 19.07334698233630021, -40.88189669053600284, 38.76238080152555199 ) ) ;
#4458 = CARTESIAN_POINT ( 'NONE',  ( 20.13201909064075323, -38.30748449334880235, -0.07350728171799320032 ) ) ;
#4459 = CARTESIAN_POINT ( 'NONE',  ( 3.671999999943119875, -41.88125511334990136, 2.040429063875279689E-05 ) ) ;
#4460 = EDGE_CURVE ( 'NONE', #4400, #108, #980, .T. ) ;
#4461 = ORIENTED_EDGE ( 'NONE', *, *, #3237, .T. ) ;
#4462 = CARTESIAN_POINT ( 'NONE',  ( 4.261463139496354913, -13.01573668357890945, -54.22368950719098279 ) ) ;
#4463 = CARTESIAN_POINT ( 'NONE',  ( 1.480403539783131883, -37.46096902601125578, -8.882334420385957330 ) ) ;
#4464 = CARTESIAN_POINT ( 'NONE',  ( -71.46669839058749574, -6.042206017375149507, -137.7671940876994086 ) ) ;
#4465 = CARTESIAN_POINT ( 'NONE',  ( 20.34536719873065280, -38.09024766049640220, -5.834977158582510093 ) ) ;
#4466 = CARTESIAN_POINT ( 'NONE',  ( 2.917416109680905034, -37.51414491491735959, 8.536182637291371833 ) ) ;
#4467 = VERTEX_POINT ( 'NONE', #5245 ) ;
#4468 = CARTESIAN_POINT ( 'NONE',  ( 8.995393724943705038, -42.29672930112821660, -0.2973208612803695527 ) ) ;
#4469 = CARTESIAN_POINT ( 'NONE',  ( -42.61420186904452123, 10.00000000000001066, 10.96746882930054667 ) ) ;
#4470 = CARTESIAN_POINT ( 'NONE',  ( 76.79646753552309235, -63.39640923772801528, 8.420568338122935259 ) ) ;
#4471 = CARTESIAN_POINT ( 'NONE',  ( 7.790834242062133264, -42.02321298208750733, 4.515416826898952962 ) ) ;
#4472 = CARTESIAN_POINT ( 'NONE',  ( -7.558867568691610472, -41.98810925883779532, 4.885336354085222155 ) ) ;
#4473 = CARTESIAN_POINT ( 'NONE',  ( -53.64956321262690153, -6.042206017375247207, -21.31507402080530156 ) ) ;
#4474 = CARTESIAN_POINT ( 'NONE',  ( -4.509811247541350099, -41.65828041190832920, -7.794236667843326138 ) ) ;
#4475 = CARTESIAN_POINT ( 'NONE',  ( -8.998799112008940781, -38.30460735910270387, 0.1467910492799149869 ) ) ;
#4476 = CARTESIAN_POINT ( 'NONE',  ( 8.298688820029079594, -42.10896441723565431, 3.483119647616379932 ) ) ;
#4477 = CARTESIAN_POINT ( 'NONE',  ( -8.999599686198415327, -38.30841755780890878, 0.09801692493570794695 ) ) ;
#4478 = CC_DESIGN_PERSON_AND_ORGANIZATION_ASSIGNMENT ( #936, #5761, ( #5831 ) ) ;
#4479 = CARTESIAN_POINT ( 'NONE',  ( -8.955419941649033433, -42.27025483031113140, -0.8946928619827896334 ) ) ;
#4480 = CARTESIAN_POINT ( 'NONE',  ( 4.770923977121324988, -37.64337347965363278, -7.637166171457882236 ) ) ;
#4481 = CARTESIAN_POINT ( 'NONE',  ( 7.343996594065629324, -42.11401773343364852, 0.6129596094384029970 ) ) ;
#4482 = CARTESIAN_POINT ( 'NONE',  ( 9.180001134563450904, -42.32169833816494986, -0.2041530533066729935 ) ) ;
#4483 = CARTESIAN_POINT ( 'NONE',  ( 5.904539818825227826, -10.42243130551525532, 51.20699116563160658 ) ) ;
#4484 = EDGE_LOOP ( 'NONE', ( #3226, #3315, #5516, #4263 ) ) ;
#4485 = ORIENTED_EDGE ( 'NONE', *, *, #6115, .F. ) ;
#4486 =( BOUNDED_SURFACE ( )  B_SPLINE_SURFACE ( 2, 3, ( 
 ( #442, #5297, #1475, #36 ),
 ( #4248, #4695, #2341, #2812 ),
 ( #6161, #2402, #6224, #890 ),
 ( #2905, #1381, #920, #1006 ),
 ( #5206, #1859, #4219, #386 ) ),
 .UNSPECIFIED., .F., .F., .F. ) 
 B_SPLINE_SURFACE_WITH_KNOTS ( ( 3, 2, 3 ),
 ( 4, 4 ),
 ( -0.006114302593204289787, 0.001208225356012821924, 0.7334610202777239740 ),
 ( 0.000000000000000000, 1.000000000000000000 ),
 .UNSPECIFIED. ) 
 GEOMETRIC_REPRESENTATION_ITEM ( )  RATIONAL_B_SPLINE_SURFACE ( (
 ( 1.000000000000000000, 0.3333333333333335369, 0.3333333333333335369, 1.000000000000000000),
 ( 1.000000000000000000, 0.3333333333333335369, 0.3333333333333335369, 1.000000000000000000),
 ( 1.000000000000000000, 0.3333333333333335369, 0.3333333333333335369, 1.000000000000000000),
 ( 1.000000000000000000, 0.3333333333333335369, 0.3333333333333335369, 1.000000000000000000),
 ( 1.000000000000000000, 0.3333333333333335369, 0.3333333333333335369, 1.000000000000000000) ) ) 
 REPRESENTATION_ITEM ( '' )  SURFACE ( )  );
#4487 = CARTESIAN_POINT ( 'NONE',  ( 106.4279850605143309, -6.042206017375335136, -102.2087636050862187 ) ) ;
#4488 = CARTESIAN_POINT ( 'NONE',  ( -8.071940326848865865, -38.05372424794953901, -3.991555979628025330 ) ) ;
#4489 = CARTESIAN_POINT ( 'NONE',  ( -45.69057363448145992, -6.042206017375218785, 29.83978354540462163 ) ) ;
#4490 = CARTESIAN_POINT ( 'NONE',  ( 152.8722439315372696, -38.48506133258121054, 39.26475813504517731 ) ) ;
#4491 = CARTESIAN_POINT ( 'NONE',  ( 8.191275227634156053, -20.38109270185735156, 48.41393475408389691 ) ) ;
#4492 = CARTESIAN_POINT ( 'NONE',  ( 20.36082540615130299, -6.042206017372979687, 53.98290812280559692 ) ) ;
#4493 = CARTESIAN_POINT ( 'NONE',  ( 3.672029509819210169, -41.75190828365010276, -5.310640323559619347 ) ) ;
#4494 = ORIENTED_EDGE ( 'NONE', *, *, #5568, .F. ) ;
#4495 = ADVANCED_FACE ( 'NONE', ( #3848 ), #5325, .T. ) ;
#4496 = ORIENTED_EDGE ( 'NONE', *, *, #873, .F. ) ;
#4497 = DIRECTION ( 'NONE',  ( 1.000000000000000000, 0.000000000000000000, 0.000000000000000000 ) ) ;
#4498 = ADVANCED_FACE ( 'NONE', ( #3470 ), #2976, .T. ) ;
#4499 = CARTESIAN_POINT ( 'NONE',  ( 7.944453836214652398, -37.22335180715690228, 10.32464828258168943 ) ) ;
#4500 = DIRECTION ( 'NONE',  ( -0.000000000000000000, 1.000000000000000000, 0.000000000000000000 ) ) ;
#4501 = CARTESIAN_POINT ( 'NONE',  ( -5.101084519470870296E-05, -41.43984812856500355, 9.180021337918599755 ) ) ;
#4502 = CARTESIAN_POINT ( 'NONE',  ( 7.633369739316148816, -13.58465535097095689, -48.86615292550742851 ) ) ;
#4503 = ORIENTED_EDGE ( 'NONE', *, *, #3004, .T. ) ;
#4504 = CARTESIAN_POINT ( 'NONE',  ( 7.519144692066104696, -41.98231748382929851, -4.946030867135356779 ) ) ;
#4505 = CARTESIAN_POINT ( 'NONE',  ( -30.72912478003081205, -6.042206018788411903, 17.71270776850018791 ) ) ;
#4506 = AXIS2_PLACEMENT_3D ( 'NONE', #769, #4072, #6010 ) ;
#4507 = CARTESIAN_POINT ( 'NONE',  ( 76.26761425210303003, -63.39640923772801528, 7.776272002010028217 ) ) ;
#4508 = CARTESIAN_POINT ( 'NONE',  ( 7.338750820085674142, -41.95626886554431678, 5.210780767647301914 ) ) ;
#4509 = CARTESIAN_POINT ( 'NONE',  ( -6.370339373080745382, -41.83467293998773329, 6.357585090516614024 ) ) ;
#4510 = CARTESIAN_POINT ( 'NONE',  ( -56.25583259594022678, -6.042206017375240990, -18.26706083008895121 ) ) ;
#4511 = CARTESIAN_POINT ( 'NONE',  ( -7.322569984088151074, -41.95392963580378165, -5.240855871785584874 ) ) ;
#4512 = CARTESIAN_POINT ( 'NONE',  ( 15.22667459392130773, -34.47257054008170485, -30.66988074094328809 ) ) ;
#4513 = CARTESIAN_POINT ( 'NONE',  ( 8.880211729117363006, -42.24124126638055543, 1.470846185529455230 ) ) ;
#4514 = CARTESIAN_POINT ( 'NONE',  ( -5.492542446428483771, -41.74082137630377787, 7.154204522162525670 ) ) ;
#4515 = CARTESIAN_POINT ( 'NONE',  ( -9.000000000000007105, -42.30661158429835922, -0.1491295032509681318 ) ) ;
#4516 = CARTESIAN_POINT ( 'NONE',  ( -1.458072456818505946, -37.46094263372241073, -8.882368217447014658 ) ) ;
#4517 = CARTESIAN_POINT ( 'NONE',  ( -5.508006245906900133, -41.96795418391710797, 1.124011572018924099 ) ) ;
#4518 = CARTESIAN_POINT ( 'NONE',  ( -5.507994890331900706, -41.97116850191185478, -0.9195621121002949261 ) ) ;
#4519 = FACE_OUTER_BOUND ( 'NONE', #4857, .T. ) ;
#4520 = EDGE_LOOP ( 'NONE', ( #2320, #1899, #4790, #3916, #1332, #19 ) ) ;
#4521 = ORIENTED_EDGE ( 'NONE', *, *, #5014, .T. ) ;
#4522 = CARTESIAN_POINT ( 'NONE',  ( -22.00000000000000355, -6.042206017375272964, -58.61996200337880225 ) ) ;
#4523 = CARTESIAN_POINT ( 'NONE',  ( 20.05280746892552202, -38.25336836445663380, 1.364933239713178592 ) ) ;
#4524 = CARTESIAN_POINT ( 'NONE',  ( -49.08405175083348837, -6.042206017375220561, 25.71302594841989730 ) ) ;
#4525 = CARTESIAN_POINT ( 'NONE',  ( 12.33325034156387012, -33.22972007004623407, 41.67014294537386832 ) ) ;
#4526 = CARTESIAN_POINT ( 'NONE',  ( 8.124592631104393448, -20.25452499155181130, 48.52671753140401023 ) ) ;
#4527 = LINE ( 'NONE', #2177, #5102 ) ;
#4528 = CARTESIAN_POINT ( 'NONE',  ( 6.245992168675559985E-06, -41.78975016829365074, -1.124042178454895957 ) ) ;
#4529 = ORIENTED_EDGE ( 'NONE', *, *, #4538, .F. ) ;
#4530 = EDGE_LOOP ( 'NONE', ( #3118, #3908 ) ) ;
#4531 = CARTESIAN_POINT ( 'NONE',  ( 13.84397087800182646, -31.52892744292749683, -35.59919676017448609 ) ) ;
#4532 = CARTESIAN_POINT ( 'NONE',  ( -4.494243848048454559, -37.62077939669993754, -7.799048259728565746 ) ) ;
#4533 = CARTESIAN_POINT ( 'NONE',  ( -18.00000000000000000, -37.24753809675054583, -11.41428795664993778 ) ) ;
#4534 = CARTESIAN_POINT ( 'NONE',  ( 5.907016022951165013, -10.42686351638981890, -51.20485752041879834 ) ) ;
#4535 = VERTEX_POINT ( 'NONE', #1997 ) ;
#4536 = CARTESIAN_POINT ( 'NONE',  ( 8.987123848623065570, -42.28767744544484941, -0.4826823535977584623 ) ) ;
#4537 = FACE_OUTER_BOUND ( 'NONE', #1529, .T. ) ;
#4538 = EDGE_CURVE ( 'NONE', #2109, #5345, #3013, .T. ) ;
#4539 = CARTESIAN_POINT ( 'NONE',  ( -3.442120465610770452, -41.58730849588243217, -8.315757926436258884 ) ) ;
#4540 = CARTESIAN_POINT ( 'NONE',  ( -4.641061090982494974, -41.66846666171586833, 7.716691600379416371 ) ) ;
#4541 = CARTESIAN_POINT ( 'NONE',  ( -58.69645202498565340, -6.042206017375240990, -15.09047425549012900 ) ) ;
#4542 = EDGE_CURVE ( 'NONE', #5437, #724, #49, .T. ) ;
#4543 = CARTESIAN_POINT ( 'NONE',  ( -6.282442621485420098, -13.94371515320776034, -2.270065133871209932E-14 ) ) ;
#4544 = CARTESIAN_POINT ( 'NONE',  ( -53.58330569984575931, -6.261272240627560492, 15.42164038722743058 ) ) ;
#4545 = CARTESIAN_POINT ( 'NONE',  ( 12.99998113673914801, -38.31026286157670313, 0.02214597991005739369 ) ) ;
#4546 = CARTESIAN_POINT ( 'NONE',  ( 226.6457644257074833, 10.00000000000000000, 137.9613978004092019 ) ) ;
#4547 = DIRECTION ( 'NONE',  ( -0.000000000000000000, -1.000000000000000000, 0.000000000000000000 ) ) ;
#4548 = CARTESIAN_POINT ( 'NONE',  ( 9.179978988388580063, -42.16512765717559574, 3.781320175800355177 ) ) ;
#4549 = CARTESIAN_POINT ( 'NONE',  ( 3.671998865237490417, -41.88910478186475217, 0.2042244683239154979 ) ) ;
#4550 = CARTESIAN_POINT ( 'NONE',  ( -8.998799112008940781, 11.74493434166574168, 0.1470188481355286236 ) ) ;
#4551 = ORIENTED_EDGE ( 'NONE', *, *, #3196, .T. ) ;
#4552 = DIRECTION ( 'NONE',  ( 0.000000000000000000, 1.000000000000000000, 0.000000000000000000 ) ) ;
#4553 = CARTESIAN_POINT ( 'NONE',  ( -18.00000000000000000, -38.31026286157670313, -0.1470188481355378107 ) ) ;
#4554 = CARTESIAN_POINT ( 'NONE',  ( -23.91435553702712014, -6.042206163896855386, 48.81099545576654464 ) ) ;
#4555 = CARTESIAN_POINT ( 'NONE',  ( -7.538579603711134780, -37.17402386035485762, 10.59161020940446818 ) ) ;
#4556 = CARTESIAN_POINT ( 'NONE',  ( 14.01573075211931396, -31.88771446097197426, 35.04979697049451914 ) ) ;
#4557 = VECTOR ( 'NONE', #6241, 1000.000000000000000 ) ;
#4558 = CARTESIAN_POINT ( 'NONE',  ( 20.36082540615130299, -34.34959553575265545, 21.81000826438560125 ) ) ;
#4559 = CARTESIAN_POINT ( 'NONE',  ( -7.343983152636480050, -42.05000831274159623, -3.031908093309129804 ) ) ;
#4560 = ORIENTED_EDGE ( 'NONE', *, *, #5233, .T. ) ;
#4561 = CARTESIAN_POINT ( 'NONE',  ( 9.180001134563450904, -42.32169833816494986, -0.2041530533066729935 ) ) ;
#4562 = CARTESIAN_POINT ( 'NONE',  ( 18.20833927381198691, -41.30819733188100429, -10.17928719144212302 ) ) ;
#4563 = CARTESIAN_POINT ( 'NONE',  ( 20.34536719873065280, -15.84325058705650058, -47.33309916941539797 ) ) ;
#4564 = CARTESIAN_POINT ( 'NONE',  ( -18.00000000000000000, -37.24160956814003498, 11.43555522609179498 ) ) ;
#4565 = EDGE_LOOP ( 'NONE', ( #4010, #3791, #3670, #4295 ) ) ;
#4566 = CARTESIAN_POINT ( 'NONE',  ( 8.315635227087465609, -42.11211087110358164, -3.442422685210500877 ) ) ;
#4567 = CARTESIAN_POINT ( 'NONE',  ( -47.53715543443613001, -2.465018383046231776, 14.29568559494096114 ) ) ;
#4568 = B_SPLINE_CURVE_WITH_KNOTS ( 'NONE', 1,
 ( #2102, #112 ),
 .UNSPECIFIED., .F., .F.,
 ( 2, 2 ),
 ( 0.000000000000000000, 1.000000000000000000 ),
 .UNSPECIFIED. ) ;
#4569 = CARTESIAN_POINT ( 'NONE',  ( 3.492835589137043506, -41.59025383499887596, -8.294608692088299762 ) ) ;
#4570 = VECTOR ( 'NONE', #1748, 1000.000000000000000 ) ;
#4571 = CARTESIAN_POINT ( 'NONE',  ( -8.455572639230391374, -42.13905755209992776, 3.083693213176010417 ) ) ;
#4572 = DIRECTION ( 'NONE',  ( 0.000000000000000000, 1.000000000000000000, 0.000000000000000000 ) ) ;
#4573 = CARTESIAN_POINT ( 'NONE',  ( 19.92775606846369740, -38.48506133258184292, -1.628100415257959896E-14 ) ) ;
#4574 = PLANE ( 'NONE',  #4052 ) ;
#4575 = CARTESIAN_POINT ( 'NONE',  ( -11.32963596097304304, -38.31026286157670313, 6.597087869260945148 ) ) ;
#4576 = CARTESIAN_POINT ( 'NONE',  ( 8.927170960425602431, -42.25662777940388537, -1.181005590663298355 ) ) ;
#4577 = CARTESIAN_POINT ( 'NONE',  ( 103.1449999999999960, -58.93658393131480011, 5.007450250832799374E-15 ) ) ;
#4578 = CARTESIAN_POINT ( 'NONE',  ( 9.180001134563450904, -42.32169833816494986, -0.2041530533066729935 ) ) ;
#4579 = CARTESIAN_POINT ( 'NONE',  ( 5.507996594094048959, -41.96905090782664871, 0.6129494072930820048 ) ) ;
#4580 = CARTESIAN_POINT ( 'NONE',  ( 18.43951683366974592, -34.90192059150380288, 19.56265689845678324 ) ) ;
#4581 = DIRECTION ( 'NONE',  ( 1.000000000000000000, 0.000000000000000000, 0.000000000000000000 ) ) ;
#4582 = DIRECTION ( 'NONE',  ( -1.000000000000000000, 0.000000000000000000, 0.000000000000000000 ) ) ;
#4583 = CARTESIAN_POINT ( 'NONE',  ( -18.00000000000000000, -32.29571161549034741, 26.62793936103274817 ) ) ;
#4584 = DIRECTION ( 'NONE',  ( 0.000000000000000000, -5.078222490274110485E-16, -1.000000000000000000 ) ) ;
#4585 = CARTESIAN_POINT ( 'NONE',  ( -7.365424720247339962, -37.15204096606659334, 10.71270293663100581 ) ) ;
#4586 = CARTESIAN_POINT ( 'NONE',  ( 14.92246800262214457, -33.81294782044181346, 31.87091534688752503 ) ) ;
#4587 = EDGE_CURVE ( 'NONE', #5853, #4318, #5738, .T. ) ;
#4588 = CYLINDRICAL_SURFACE ( 'NONE', #1062, 9.000000000000000000 ) ;
#4589 = CARTESIAN_POINT ( 'NONE',  ( 3.672038008226059969, -41.66660914958405471, -6.840031886336140232 ) ) ;
#4590 = VERTEX_POINT ( 'NONE', #5343 ) ;
#4591 = CARTESIAN_POINT ( 'NONE',  ( 7.343998865180619617, -42.10617315468100230, 0.2042448726145590088 ) ) ;
#4592 = CARTESIAN_POINT ( 'NONE',  ( -22.00000000000000711, -6.042206018788409239, 46.43439177822506281 ) ) ;
#4593 = CARTESIAN_POINT ( 'NONE',  ( 99.14500000000001023, -63.39640923772801528, -1.258898010333431831E-14 ) ) ;
#4594 = CARTESIAN_POINT ( 'NONE',  ( -18.00000000000000000, -38.09024766049640220, -5.834977158582510093 ) ) ;
#4595 = CARTESIAN_POINT ( 'NONE',  ( -8.249294559368577140, -38.08689752592357536, 3.598701049074327862 ) ) ;
#4596 = CARTESIAN_POINT ( 'NONE',  ( 4.641061094257186603, -41.66846666202669525, -7.716691598411347108 ) ) ;
#4597 = CARTESIAN_POINT ( 'NONE',  ( 152.8722439315372696, -38.48506133258121054, 39.26475813504517731 ) ) ;
#4598 = CARTESIAN_POINT ( 'NONE',  ( -7.790834243904103396, -42.02321298238409497, -4.515416823723357176 ) ) ;
#4599 = CARTESIAN_POINT ( 'NONE',  ( -51.73494208881768230, -6.042206017375161053, 22.70770805790328950 ) ) ;
#4600 = CARTESIAN_POINT ( 'NONE',  ( 110.6172451890447945, -57.95386985700429960, 2.965757180493044782E-15 ) ) ;
#4601 = CARTESIAN_POINT ( 'NONE',  ( -7.952213677233445743, -38.31026286157668892, 10.42326805731026873 ) ) ;
#4602 = CARTESIAN_POINT ( 'NONE',  ( -0.5851226216307606753, -41.49092440190555209, 8.985920722148799555 ) ) ;
#4603 = EDGE_CURVE ( 'NONE', #4028, #481, #3821, .T. ) ;
#4604 = CARTESIAN_POINT ( 'NONE',  ( -8.941484701486459130, -38.25273063445133914, -1.185090330524856794 ) ) ;
#4605 = CARTESIAN_POINT ( 'NONE',  ( 5.508001134620309713, -41.97551094644109781, -0.2041734575973165045 ) ) ;
#4606 = CARTESIAN_POINT ( 'NONE',  ( -3.671970490067059778, -41.75190379149490383, -5.310681132140909533 ) ) ;
#4607 = CARTESIAN_POINT ( 'NONE',  ( 19.13940958946784932, -36.51001737939193958, 14.09727398175714796 ) ) ;
#4608 = FACE_OUTER_BOUND ( 'NONE', #59, .T. ) ;
#4609 = CARTESIAN_POINT ( 'NONE',  ( -22.00000000000000000, -42.30756013076910449, -5.767085840894440826E-15 ) ) ;
#4610 = CARTESIAN_POINT ( 'NONE',  ( 12.99065809163615270, -38.27067789894964989, 0.8765433862777454177 ) ) ;
#4611 = CARTESIAN_POINT ( 'NONE',  ( 0.4875835940438230098, -6.042206017374079252, -58.61996200337879515 ) ) ;
#4612 = CARTESIAN_POINT ( 'NONE',  ( 0.8856756454344161256, -36.69933927661916329, 12.97686146972482213 ) ) ;
#4613 = CARTESIAN_POINT ( 'NONE',  ( 16.00562839433093387, -36.19877267647329688, 27.17279561922492093 ) ) ;
#4614 = CARTESIAN_POINT ( 'NONE',  ( 16.01052665774345130, -36.20980144436249049, 27.14862931531929746 ) ) ;
#4615 = CARTESIAN_POINT ( 'NONE',  ( 2.101146922263804861E-05, -41.73257342393090141, -3.781269165073750216 ) ) ;
#4616 = ORIENTED_EDGE ( 'NONE', *, *, #1983, .F. ) ;
#4617 = CARTESIAN_POINT ( 'NONE',  ( -5.508001134620349681, -41.97551094595849719, 0.2041734575973070120 ) ) ;
#4618 = CARTESIAN_POINT ( 'NONE',  ( 17.22352567536182377, -39.01358609721792448, -19.84184970152826821 ) ) ;
#4619 = FACE_OUTER_BOUND ( 'NONE', #6082, .T. ) ;
#4620 = CARTESIAN_POINT ( 'NONE',  ( 9.179957657387472381, -41.93204332868869955, 7.620092983783989027 ) ) ;
#4621 = AXIS2_PLACEMENT_3D ( 'NONE', #1856, #2808, #2874 ) ;
#4622 = CARTESIAN_POINT ( 'NONE',  ( 1.720018386489846396, -36.73130931695816770, 12.82893568888707847 ) ) ;
#4623 = ORIENTED_EDGE ( 'NONE', *, *, #5126, .T. ) ;
#4624 = B_SPLINE_CURVE_WITH_KNOTS ( 'NONE', 3,
 ( #543, #1507, #1613, #3903, #3531, #2999, #2023, #5466, #3429, #1141, #4920, #3066, #4378, #2058, #5837, #4993, #4514, #204, #3935, #5363, #1041, #826, #6097, #739, #798, #711, #3656, #4602, #3685, #2223, #5501, #5560, #1770, #2720, #3127, #2691, #292, #4129, #5027, #5619, #2194, #6040, #322, #5117, #1177, #6068, #351, #2749, #4100, #1204, #1712, #4633, #1741, #3628, #1290, #2162, #5530, #5592, #3212, #5144, #4184, #264 ),
 .UNSPECIFIED., .F., .F.,
 ( 4, 2, 2, 2, 2, 2, 2, 2, 2, 2, 2, 2, 2, 2, 2, 2, 2, 2, 2, 2, 2, 2, 2, 2, 2, 2, 2, 2, 2, 2, 4 ),
 ( 0.000000000000000000, 0.01562499999999993755, 0.03124999999999987510, 0.06249999999999980571, 0.09374999999999977796, 0.1249999999999997502, 0.1874999999999997502, 0.2499999999999997224, 0.3124999999999997224, 0.3437499999999997224, 0.3749999999999997780, 0.4062499999999998335, 0.4374999999999998335, 0.4687499999999998890, 0.4999999999999998890, 0.5624999999999998890, 0.6249999999999997780, 0.6562499999999997780, 0.6874999999999997780, 0.7187499999999997780, 0.7499999999999997780, 0.7812499999999997780, 0.8124999999999997780, 0.8437499999999997780, 0.8749999999999996669, 0.9374999999999998890, 0.9531250000000000000, 0.9609374999999998890, 0.9687499999999998890, 0.9843750000000000000, 1.000000000000000000 ),
 .UNSPECIFIED. ) ;
#4625 = CARTESIAN_POINT ( 'NONE',  ( 143.7929854930485476, -6.042206017369109006, 99.54331454056968198 ) ) ;
#4626 = CARTESIAN_POINT ( 'NONE',  ( -10.89743259153877375, -38.30796429077106779, 0.08514130155958520019 ) ) ;
#4627 = CARTESIAN_POINT ( 'NONE',  ( -8.538835419362150958, -42.15557629542232121, -2.859266787317408909 ) ) ;
#4628 = ADVANCED_FACE ( 'NONE', ( #2071 ), #5408, .F. ) ;
#4629 = CARTESIAN_POINT ( 'NONE',  ( 0.4875835940438230098, -6.042206017374079252, -58.61996200337879515 ) ) ;
#4630 = CARTESIAN_POINT ( 'NONE',  ( 226.6457644257074833, 10.00000000000000000, 137.9613978004092019 ) ) ;
#4631 = CARTESIAN_POINT ( 'NONE',  ( -22.00000000000000000, -30.95840211499900008, -36.44720368503895003 ) ) ;
#4632 = CARTESIAN_POINT ( 'NONE',  ( -7.952213677233445743, -38.31026286157668892, 10.42326805731026873 ) ) ;
#4633 = CARTESIAN_POINT ( 'NONE',  ( 8.856036636407253582, -42.23367245003612425, 1.610322157286325551 ) ) ;
#4634 = DIRECTION ( 'NONE',  ( 0.000000000000000000, 0.000000000000000000, 1.000000000000000000 ) ) ;
#4635 = CARTESIAN_POINT ( 'NONE',  ( -5.507994890331900706, -41.97116850191185478, -0.9195621121002949261 ) ) ;
#4636 = CARTESIAN_POINT ( 'NONE',  ( 9.180005109440639188, -42.29214137114305316, -0.9194804949377219927 ) ) ;
#4637 = CARTESIAN_POINT ( 'NONE',  ( 3.534098126761118230, -37.55219855664502404, 8.277111427899729534 ) ) ;
#4638 = CARTESIAN_POINT ( 'NONE',  ( 0.000000000000000000, -63.39640923772800818, 0.000000000000000000 ) ) ;
#4639 = CARTESIAN_POINT ( 'NONE',  ( 226.6457644257072843, -6.042206017375349347, -58.61996200337829777 ) ) ;
#4640 = CARTESIAN_POINT ( 'NONE',  ( 52.49572030001687750, -6.042206017417941055, 98.58094116114641281 ) ) ;
#4641 = LINE ( 'NONE', #243, #4859 ) ;
#4642 = CARTESIAN_POINT ( 'NONE',  ( -12.75417235284320050, -38.16930386266236042, 2.518401431502582444 ) ) ;
#4643 = CARTESIAN_POINT ( 'NONE',  ( 8.995393724943705038, -42.29672930112821660, -0.2973208612803695527 ) ) ;
#4644 = CARTESIAN_POINT ( 'NONE',  ( 17.47806944594229606, -39.61682528063861497, 17.81252216229009377 ) ) ;
#4645 = CARTESIAN_POINT ( 'NONE',  ( -12.62887738417395944, -38.31026286157675287, 3.453411729463769397 ) ) ;
#4646 = ORIENTED_EDGE ( 'NONE', *, *, #1930, .T. ) ;
#4647 = CARTESIAN_POINT ( 'NONE',  ( 1.702058427960865117E-06, -41.79055256050195055, -0.3063060960499194851 ) ) ;
#4648 = CARTESIAN_POINT ( 'NONE',  ( 16.27156984835227860, -36.79667087389084656, -25.87288447634449540 ) ) ;
#4649 =( BOUNDED_CURVE ( )  B_SPLINE_CURVE ( 3, ( #1679, #4070, #5083, #290 ),
 .UNSPECIFIED., .F., .F. ) 
 B_SPLINE_CURVE_WITH_KNOTS ( ( 4, 4 ),
 ( 5.052987889948712803E-17, 0.2645839280248690750 ),
 .UNSPECIFIED. ) 
 CURVE ( )  GEOMETRIC_REPRESENTATION_ITEM ( )  RATIONAL_B_SPLINE_CURVE ( ( 1.000000000000000000, 0.4905725434139648344, 0.3704195871135049223, 0.6395411310986200970 ) ) 
 REPRESENTATION_ITEM ( '' )  );
#4650 = CARTESIAN_POINT ( 'NONE',  ( 86.40000000000000568, -58.25464714294840007, 0.000000000000000000 ) ) ;
#4651 = CARTESIAN_POINT ( 'NONE',  ( 5.507988453293689801, -41.96221732434155172, 2.077985338027330098 ) ) ;
#4652 = CARTESIAN_POINT ( 'NONE',  ( 7.307549558611831308, -37.15657147097711288, 10.68731858921313105 ) ) ;
#4653 = CARTESIAN_POINT ( 'NONE',  ( 32.97019672232295306, -47.26221975847412438, 30.05974408747960780 ) ) ;
#4654 = AXIS2_PLACEMENT_3D ( 'NONE', #5341, #2036, #2509 ) ;
#4655 = CARTESIAN_POINT ( 'NONE',  ( -8.984841062511458532, -42.28639368506486562, -0.5229466559527730096 ) ) ;
#4656 = CARTESIAN_POINT ( 'NONE',  ( -8.813593525805190509, -42.22160483215103000, -1.822321087760901959 ) ) ;
#4657 = VECTOR ( 'NONE', #1212, 1000.000000000000000 ) ;
#4658 = CARTESIAN_POINT ( 'NONE',  ( -43.21588586921777164, -6.042206017375221450, 32.99510839236916837 ) ) ;
#4659 = CARTESIAN_POINT ( 'NONE',  ( 13.22810880880768103, -33.22972007004714357, -1.792194446697044859E-14 ) ) ;
#4660 = CARTESIAN_POINT ( 'NONE',  ( -71.46669839058749574, -0.6948040115835329988, -137.7671940876994086 ) ) ;
#4661 = CARTESIAN_POINT ( 'NONE',  ( -22.23028114285383694, -6.042206018788406574, -48.99592441178300106 ) ) ;
#4662 = CARTESIAN_POINT ( 'NONE',  ( -53.58330569984575931, 10.00000000000000000, 15.42164038722743058 ) ) ;
#4663 = CARTESIAN_POINT ( 'NONE',  ( -3.672001702001594925, -41.89111615275825073, 0.3062856917592675088 ) ) ;
#4664 = CARTESIAN_POINT ( 'NONE',  ( -5.507957657444360500, -41.69805266490379836, -7.620072579493349707 ) ) ;
#4665 = CARTESIAN_POINT ( 'NONE',  ( 3.512648569450024016, -37.55086255376232884, 8.286215069900546126 ) ) ;
#4666 = CARTESIAN_POINT ( 'NONE',  ( 74.30501422232777031, -63.39640923772800818, -4.104505601355670663 ) ) ;
#4667 = CARTESIAN_POINT ( 'NONE',  ( -29.64782474525188860, -6.042206018788405686, 5.212707768500187022 ) ) ;
#4668 = CARTESIAN_POINT ( 'NONE',  ( -18.00000000000000000, -34.34959553575265545, 21.81000826438560125 ) ) ;
#4669 = CARTESIAN_POINT ( 'NONE',  ( -8.974148739331672786, -42.27996723499645526, 0.6817989805971507167 ) ) ;
#4670 = CARTESIAN_POINT ( 'NONE',  ( -7.279131775224156442, -37.14128173064879235, 10.77152225814716680 ) ) ;
#4671 = CARTESIAN_POINT ( 'NONE',  ( 8.976378501249916653, -42.28095678384194400, -0.6516645329778212314 ) ) ;
#4672 = CARTESIAN_POINT ( 'NONE',  ( 14.92246800262214457, -33.81294782044181346, 31.87091534688752503 ) ) ;
#4673 = CARTESIAN_POINT ( 'NONE',  ( -7.932325943518833355, -38.31026286157675287, 10.37433737848164839 ) ) ;
#4674 = ORIENTED_EDGE ( 'NONE', *, *, #1440, .F. ) ;
#4675 = CARTESIAN_POINT ( 'NONE',  ( -9.179994890275040120, -42.29213543396684827, -0.9195825163909380207 ) ) ;
#4676 = CARTESIAN_POINT ( 'NONE',  ( 3.404904315947891114, -38.31026286157675287, 12.59571885368061217 ) ) ;
#4677 = CARTESIAN_POINT ( 'NONE',  ( -13.15518455823439936, -37.58412590509600193, 8.970993739684610446 ) ) ;
#4678 = EDGE_CURVE ( 'NONE', #3854, #2168, #4527, .T. ) ;
#4679 = CARTESIAN_POINT ( 'NONE',  ( 5.507970490038600175, -41.83478244423095305, 5.310691334286230081 ) ) ;
#4680 = CARTESIAN_POINT ( 'NONE',  ( 5.856291290455049925, -41.77917982557993781, 6.836154115288882949 ) ) ;
#4681 = CYLINDRICAL_SURFACE ( 'NONE', #94, 12.99803161225499970 ) ;
#4682 = CARTESIAN_POINT ( 'NONE',  ( 86.06783520431760337, -56.13001623236039705, 31.51140512489335066 ) ) ;
#4683 = CARTESIAN_POINT ( 'NONE',  ( -8.955998966692543917, -42.27053191541357791, -0.8888725885053230247 ) ) ;
#4684 = CARTESIAN_POINT ( 'NONE',  ( -8.912644974310584445, -42.25256976666302933, -1.253054977149001603 ) ) ;
#4685 = CARTESIAN_POINT ( 'NONE',  ( -30.17645526901734598, -6.042206017375218785, 46.32795754404583022 ) ) ;
#4686 = FACE_OUTER_BOUND ( 'NONE', #6199, .T. ) ;
#4687 = CARTESIAN_POINT ( 'NONE',  ( 5.508029509790779876, -41.83478860876699912, -5.310630121414299687 ) ) ;
#4688 = CARTESIAN_POINT ( 'NONE',  ( -6.773004003791475824, -41.88192477425430127, -5.934218531160547982 ) ) ;
#4689 = CARTESIAN_POINT ( 'NONE',  ( 3.672005109525934952, -41.88319390070309112, -0.9195111013736859684 ) ) ;
#4690 = CARTESIAN_POINT ( 'NONE',  ( -3.671993753950965278, -41.88114169208939330, -1.124062582745539940 ) ) ;
#4691 = CARTESIAN_POINT ( 'NONE',  ( 8.322371364531885973, -38.10104167108898565, 3.426110207553998865 ) ) ;
#4692 = DIRECTION ( 'NONE',  ( -1.000000000000000000, 3.074555195481525416E-16, -1.561327534128339757E-31 ) ) ;
#4693 = CARTESIAN_POINT ( 'NONE',  ( -39.28714233003042011, 10.00000000000000178, -6.040382153670526222 ) ) ;
#4694 = CARTESIAN_POINT ( 'NONE',  ( 0.4580886170879694963, -36.70831670302175098, 12.93521553235870414 ) ) ;
#4695 = CARTESIAN_POINT ( 'NONE',  ( 190.8134217086287663, -5.512702099187757554, -208.8268434172576917 ) ) ;
#4696 = CARTESIAN_POINT ( 'NONE',  ( -6.860877431891843514, -41.89362979042424229, 5.826653027930901452 ) ) ;
#4697 = CARTESIAN_POINT ( 'NONE',  ( 10.56790706772853206, -37.65204035022764373, 7.574022268643708422 ) ) ;
#4698 = CARTESIAN_POINT ( 'NONE',  ( 4.485591408591091955, -13.43192164606584349, 53.93138007221111252 ) ) ;
#4699 = CARTESIAN_POINT ( 'NONE',  ( 11.28687274325273471, -26.35880363922724356, 42.37860409953873386 ) ) ;
#4700 = CARTESIAN_POINT ( 'NONE',  ( 9.179948989012640226, -41.81641118679824842, 9.180072348645209601 ) ) ;
#4701 = VERTEX_POINT ( 'NONE', #1693 ) ;
#4702 = CARTESIAN_POINT ( 'NONE',  ( -9.179993753865669959, -42.28220595411875138, -1.124093189181503805 ) ) ;
#4703 = CARTESIAN_POINT ( 'NONE',  ( 226.6457644257072843, -6.042206017375349347, -58.61996200337829777 ) ) ;
#4704 = CARTESIAN_POINT ( 'NONE',  ( 7.344042342356609687, -41.80212089860880553, -7.620001164476099653 ) ) ;
#4705 = CARTESIAN_POINT ( 'NONE',  ( -23.91435553702712014, -6.042206163896855386, 48.81099545576654464 ) ) ;
#4706 = CARTESIAN_POINT ( 'NONE',  ( -7.344001701944730343, -42.11316865284370436, 0.3062652874686240256 ) ) ;
#4707 = CARTESIAN_POINT ( 'NONE',  ( 12.90270100249993668, -38.22519090477588577, 1.716077985511359705 ) ) ;
#4708 = CARTESIAN_POINT ( 'NONE',  ( 71.84055018553705452, -57.95386985700427118, 24.06511801717883259 ) ) ;
#4709 = CARTESIAN_POINT ( 'NONE',  ( -2.923372883865267724, -36.76592076060462944, 12.66752385240776846 ) ) ;
#4710 = CARTESIAN_POINT ( 'NONE',  ( 73.65500000000001535, -63.39640923772800818, -0.8370336954539060459 ) ) ;
#4711 = CARTESIAN_POINT ( 'NONE',  ( 73.65500000000000114, -63.39640923772800818, -7.305073961863510412E-16 ) ) ;
#4712 = CARTESIAN_POINT ( 'NONE',  ( -9.180046676515619453, -41.87592484899965228, 8.399980644761390280 ) ) ;
#4713 = CARTESIAN_POINT ( 'NONE',  ( -7.649234699462774678, -42.00108123381814806, -4.751394345998581237 ) ) ;
#4714 = EDGE_CURVE ( 'NONE', #4028, #4875, #4730, .T. ) ;
#4715 = CARTESIAN_POINT ( 'NONE',  ( 5.508006245906869935, -41.96795418442000170, -1.124011572018931870 ) ) ;
#4716 = CARTESIAN_POINT ( 'NONE',  ( 9.180038008140760653, -41.98503258754269751, -6.840001279900169706 ) ) ;
#4717 = CARTESIAN_POINT ( 'NONE',  ( -3.801298167398966754, -37.56789474684130425, 8.170943809943331360 ) ) ;
#4718 = CARTESIAN_POINT ( 'NONE',  ( 8.711769031886470671, -38.18566317516354047, 2.279774708658853122 ) ) ;
#4719 = CARTESIAN_POINT ( 'NONE',  ( -40.72007806292534582, 1.270875219969197945, 8.679063920228786699 ) ) ;
#4720 = CARTESIAN_POINT ( 'NONE',  ( 4.590127777253520058, -36.88307306031175870, 12.10587647252892296 ) ) ;
#4721 = CARTESIAN_POINT ( 'NONE',  ( -4.259443137613194708, -6.042206017373009885, 53.98290812280549744 ) ) ;
#4722 = CARTESIAN_POINT ( 'NONE',  ( -6.370339373080745382, -41.83467293998773329, 6.357585090516614024 ) ) ;
#4723 = CARTESIAN_POINT ( 'NONE',  ( 23.13850053261344897, -58.99259783589939588, -3.625970439761834165E-15 ) ) ;
#4724 = CARTESIAN_POINT ( 'NONE',  ( 8.705333591065461007, -42.19288530297211537, -2.302875600314886473 ) ) ;
#4725 = B_SPLINE_CURVE_WITH_KNOTS ( 'NONE', 3,
 ( #488, #3882, #2946, #1018 ),
 .UNSPECIFIED., .F., .F.,
 ( 4, 4 ),
 ( 6.664114238905806495E-05, 0.9999835186213251736 ),
 .UNSPECIFIED. ) ;
#4726 = CARTESIAN_POINT ( 'NONE',  ( 14.74535902100223872, -33.43201314711254923, 32.53740707018958034 ) ) ;
#4727 = CARTESIAN_POINT ( 'NONE',  ( 3.671957657472765035, -41.61891006581415553, 7.620062377348030047 ) ) ;
#4728 = VERTEX_POINT ( 'NONE', #5918 ) ;
#4729 = CARTESIAN_POINT ( 'NONE',  ( 1.684724978767659944E-05, -41.75539727428019887, -3.031867284727844947 ) ) ;
#4730 = B_SPLINE_CURVE_WITH_KNOTS ( 'NONE', 3,
 ( #4458, #1590, #2614, #1188, #3510, #2143, #3983, #3138, #1662, #5991, #623, #3110, #3579, #183, #1088, #4970, #2544, #4111, #3045, #1555, #3079, #2673 ),
 .UNSPECIFIED., .F., .F.,
 ( 4, 2, 2, 2, 2, 2, 2, 2, 2, 2, 4 ),
 ( 0.000000000000000000, 0.01703952613440978814, 0.02129940766801223170, 0.02555928920161467527, 0.03407905226881956240, 0.03833893380242200943, 0.04259881533602445647, 0.05111857840322935748, 0.05537845993683181145, 0.05963834147043425848, 0.06815810453763918031 ),
 .UNSPECIFIED. ) ;
#4731 = CARTESIAN_POINT ( 'NONE',  ( -10.33986621469312794, -38.31026286157675287, 7.995964574712473016 ) ) ;
#4732 = CARTESIAN_POINT ( 'NONE',  ( -3.672021011412390123, -41.81617290905060003, 3.781248760783105123 ) ) ;
#4733 = CARTESIAN_POINT ( 'NONE',  ( 173.3673514321274638, -6.042206017375273852, 57.30972419847324772 ) ) ;
#4734 = CARTESIAN_POINT ( 'NONE',  ( -7.344006245878469841, -42.10689846302550166, 1.124001369873603773 ) ) ;
#4735 = DIRECTION ( 'NONE',  ( -1.000000000000000000, 3.074555195481525416E-16, -1.561327534128339757E-31 ) ) ;
#4736 = CARTESIAN_POINT ( 'NONE',  ( 190.4059769339629895, -6.042206017373019655, 1.273705867443711913E-14 ) ) ;
#4737 = CARTESIAN_POINT ( 'NONE',  ( -22.00000000000000000, -6.042206017373970006, -58.61996200337829777 ) ) ;
#4738 = CARTESIAN_POINT ( 'NONE',  ( 5.508011546535679592, -41.96222113973674794, -2.077924125155405033 ) ) ;
#4739 = PRODUCT_RELATED_PRODUCT_CATEGORY ( 'detail', '', ( #5831 ) ) ;
#4740 = CARTESIAN_POINT ( 'NONE',  ( -8.537886184161010306, -37.31067301982709239, 9.812610424415042942 ) ) ;
#4741 = CARTESIAN_POINT ( 'NONE',  ( 92.05009508963856035, -63.39640923772800818, -11.45470350604312770 ) ) ;
#4742 = CARTESIAN_POINT ( 'NONE',  ( -9.000028474184428973, -42.30708906031859584, -8.070543590473060038E-10 ) ) ;
#4743 = DIRECTION ( 'NONE',  ( -0.000000000000000000, -1.000000000000000000, -0.000000000000000000 ) ) ;
#4744 = CARTESIAN_POINT ( 'NONE',  ( 4.501050487258140720, -41.65760848871376965, -7.799311388435767434 ) ) ;
#4745 = CARTESIAN_POINT ( 'NONE',  ( -8.962530039045986996, -42.27376169441676979, 0.8204897405770722463 ) ) ;
#4746 = CARTESIAN_POINT ( 'NONE',  ( 8.534143470504576001, -38.14465144229561133, 2.862215046743999736 ) ) ;
#4747 = CARTESIAN_POINT ( 'NONE',  ( 8.105012306823567769, -38.05958557727462477, 3.923593680236267200 ) ) ;
#4748 = FACE_BOUND ( 'NONE', #1451, .T. ) ;
#4749 = ADVANCED_FACE ( 'NONE', ( #5444 ), #4588, .T. ) ;
#4750 = CARTESIAN_POINT ( 'NONE',  ( 7.820320469720257961, -37.22199323589311604, 10.32346283221184535 ) ) ;
#4751 = CARTESIAN_POINT ( 'NONE',  ( 9.180774168951845837, -22.26566067181637010, -46.68845673685922293 ) ) ;
#4752 = CARTESIAN_POINT ( 'NONE',  ( -8.827807761770049666, -42.22561777786323489, 1.752166868672985878 ) ) ;
#4753 = CARTESIAN_POINT ( 'NONE',  ( 7.155839774417967369, -37.12614362518129951, 10.85380494207423396 ) ) ;
#4754 = CARTESIAN_POINT ( 'NONE',  ( 8.315635227087465609, -42.11211087110358164, -3.442422685210500877 ) ) ;
#4755 = CARTESIAN_POINT ( 'NONE',  ( 7.401807530426878223, -41.96528358116497515, 5.120019756819295331 ) ) ;
#4756 = CARTESIAN_POINT ( 'NONE',  ( -3.800828295466734567E-05, -41.59064680554690341, 6.840052290626779552 ) ) ;
#4757 = CARTESIAN_POINT ( 'NONE',  ( 12.98489224026336686, -38.31026286157674576, 1.719125281388177440 ) ) ;
#4758 = ORIENTED_EDGE ( 'NONE', *, *, #4869, .T. ) ;
#4759 = ORIENTED_EDGE ( 'NONE', *, *, #3409, .F. ) ;
#4760 = CARTESIAN_POINT ( 'NONE',  ( -7.343983152636480050, -42.05000831274159623, -3.031908093309129804 ) ) ;
#4761 = CARTESIAN_POINT ( 'NONE',  ( 18.82837672200435364, -42.30756013076910449, -7.696413152913580629E-15 ) ) ;
#4762 = CARTESIAN_POINT ( 'NONE',  ( -9.180038008140789074, -41.98503258812255012, 6.840001279900169706 ) ) ;
#4763 = CARTESIAN_POINT ( 'NONE',  ( 5.508042342385039980, -41.69806081896299332, -7.620011366621420201 ) ) ;
#4764 = CARTESIAN_POINT ( 'NONE',  ( 183.4703602951029779, -6.042206017375286287, 37.75045291781447077 ) ) ;
#4765 = ADVANCED_FACE ( 'NONE', ( #2579 ), #4986, .T. ) ;
#4766 = CARTESIAN_POINT ( 'NONE',  ( 3.671970490067030024, -41.75190379147124986, 5.310681132140909533 ) ) ;
#4767 = CARTESIAN_POINT ( 'NONE',  ( -6.264785089646018434, -37.03650578394107384, 11.32980161994951729 ) ) ;
#4768 = VERTEX_POINT ( 'NONE', #3668 ) ;
#4769 = CARTESIAN_POINT ( 'NONE',  ( 99.14499999999999602, -63.39640923772795134, -25.49000000000011568 ) ) ;
#4770 = PERSON_AND_ORGANIZATION_ROLE ( 'creator' ) ;
#4771 = B_SPLINE_CURVE_WITH_KNOTS ( 'NONE', 3,
 ( #5381, #5962, #3518, #5013 ),
 .UNSPECIFIED., .F., .F.,
 ( 4, 4 ),
 ( 2.492623466204195275E-05, 0.9999604641527288784 ),
 .UNSPECIFIED. ) ;
#4772 = CARTESIAN_POINT ( 'NONE',  ( -11.24784325740495383, -37.78498005031647011, 6.573452498893347595 ) ) ;
#4773 = CARTESIAN_POINT ( 'NONE',  ( -22.00000000000000711, -6.042206018788410127, 42.71270776850018080 ) ) ;
#4774 = CARTESIAN_POINT ( 'NONE',  ( 74.94529649395961712, -63.39640923772800818, -5.650095089630490008 ) ) ;
#4775 = CARTESIAN_POINT ( 'NONE',  ( -3.713581939454830838, -41.60296283758395219, 8.203433096355441378 ) ) ;
#4776 = CARTESIAN_POINT ( 'NONE',  ( -7.344042342356639885, -41.80212089884035720, 7.620001164476099653 ) ) ;
#4777 = B_SPLINE_CURVE_WITH_KNOTS ( 'NONE', 3,
 ( #6119, #5168, #4994, #2774, #1792, #4626, #1735, #2093, #5640, #3649, #5584, #2059, #4005, #4152, #1257 ),
 .UNSPECIFIED., .F., .F.,
 ( 4, 1, 1, 1, 1, 1, 1, 1, 2, 2, 4 ),
 ( 0.000000000000000000, 0.2499999999999920619, 0.3749999999999881206, 0.4374999999999861222, 0.4687499999999842348, 0.4843749999999832911, 0.4921874999999837352, 0.4960937499999830136, 0.4980468749999826805, 0.4999999999999823475, 1.000000000000000000 ),
 .UNSPECIFIED. ) ;
#4778 = CARTESIAN_POINT ( 'NONE',  ( 2.047369122665380292, -41.52275882402562246, -8.769056304891751807 ) ) ;
#4779 = EDGE_CURVE ( 'NONE', #3341, #590, #1562, .T. ) ;
#4780 = CARTESIAN_POINT ( 'NONE',  ( -9.179953323200081172, -41.87591202997710127, -8.400082666214601090 ) ) ;
#4781 = CARTESIAN_POINT ( 'NONE',  ( -8.930192393123686401, -38.25505901351876759, 1.119681541988618800 ) ) ;
#4782 = CARTESIAN_POINT ( 'NONE',  ( 8.999067180102876762, -38.28306499577007571, 0.5596227021246189537 ) ) ;
#4783 = CARTESIAN_POINT ( 'NONE',  ( -2.401166821657549022, -36.75609277997703828, 12.71330896170666946 ) ) ;
#4784 = CARTESIAN_POINT ( 'NONE',  ( 1.880642805692468000, -8.610348138393399964, -57.11573593204998645 ) ) ;
#4785 = CARTESIAN_POINT ( 'NONE',  ( -7.893730125643174667, -42.03930901071053938, 4.325593813185527381 ) ) ;
#4786 = CARTESIAN_POINT ( 'NONE',  ( -12.99553091679957895, -38.31026187940302208, 0.0001336912975863206211 ) ) ;
#4787 = CARTESIAN_POINT ( 'NONE',  ( 3.456573225414040440, -41.58814372736936349, -8.309763126635996144 ) ) ;
#4788 = CARTESIAN_POINT ( 'NONE',  ( 8.067217597738338242, -20.14567414120459432, 48.62335124008350107 ) ) ;
#4789 = CARTESIAN_POINT ( 'NONE',  ( -5.508021011383959831, -41.90336651136514945, 3.781238558637780134 ) ) ;
#4790 = ORIENTED_EDGE ( 'NONE', *, *, #5954, .T. ) ;
#4791 = ORIENTED_EDGE ( 'NONE', *, *, #4351, .F. ) ;
#4792 = CARTESIAN_POINT ( 'NONE',  ( 7.344005109469069481, -42.10820935157229883, -0.9194906970830428738 ) ) ;
#4793 = EDGE_CURVE ( 'NONE', #4909, #2883, #764, .T. ) ;
#4794 = CYLINDRICAL_SURFACE ( 'NONE', #4951, 12.74500000000000632 ) ;
#4795 = CARTESIAN_POINT ( 'NONE',  ( 9.179988453236822110, -42.24575219287114436, 2.078005742317974747 ) ) ;
#4796 = AXIS2_PLACEMENT_3D ( 'NONE', #6012, #4158, #4634 ) ;
#4797 = CARTESIAN_POINT ( 'NONE',  ( 95.49231084662264379, -6.042206017375226779, 103.7549103742375678 ) ) ;
#4798 = CARTESIAN_POINT ( 'NONE',  ( 73.65500000000000114, -63.39640923772800818, -2.064450201827639861E-15 ) ) ;
#4799 = CARTESIAN_POINT ( 'NONE',  ( 5.508003405735320435, -41.96905124367470563, -0.6128881944211599375 ) ) ;
#4800 = B_SPLINE_CURVE_WITH_KNOTS ( 'NONE', 3,
 ( #472, #4782, #5231, #5263, #4718, #5742, #2400, #4308, #2013, #6188, #887, #411, #2338, #2839, #917, #4747, #4245, #439, #2367, #4275, #6222, #58, #5383, #5289, #2898, #1063, #2486, #4943, #498, #2954, #2011, #3418, #2927, #632, #1027, #5825, #3389, #3021, #2552, #4874, #1528, #3923, #4335, #1978, #2425, #27, #1949, #563, #4466, #3861, #2046, #3827, #5796, #3892, #4399, #1466, #5319, #5351, #4433, #4840, #531, #999, #2456, #3484, #1915, #5417, #4368, #1095, #5765, #1436, #3356, #1496, #3956, #2988, #967, #89, #5859, #4810, #2520, #3449, #4908, #596, #124, #5893, #1563, #2184, #2115, #1634, #253, #3555, #3117, #5016, #1130, #1599, #4595, #1731, #2080, #2621, #6029, #3520, #1254, #3617, #4027, #3586, #5519, #1195, #5928, #5106, #5490, #4091, #4061, #788, #5044, #5551, #4980, #193, #3145, #2650 ),
 .UNSPECIFIED., .F., .F.,
 ( 4, 2, 2, 2, 1, 1, 1, 2, 2, 2, 2, 1, 1, 1, 2, 2, 2, 1, 1, 1, 1, 2, 2, 2, 2, 2, 1, 1, 1, 2, 2, 2, 2, 2, 2, 1, 1, 1, 1, 1, 2, 2, 2, 2, 2, 1, 1, 1, 2, 2, 2, 1, 1, 2, 2, 2, 2, 1, 2, 2, 2, 2, 1, 1, 1, 1, 2, 2, 2, 2, 2, 2, 4 ),
 ( 0.000000000000000000, 0.06250000000000628664, 0.09375000000000939526, 0.1093750000000109357, 0.1171875000000117129, 0.1210937500000120737, 0.1230468750000122125, 0.1240234375000122263, 0.1250000000000122402, 0.1562500000000125733, 0.1718750000000128231, 0.1796875000000129619, 0.1835937500000130451, 0.1855468750000131006, 0.1865234375000131561, 0.1875000000000131839, 0.2187500000000129063, 0.2343750000000127398, 0.2421875000000126565, 0.2460937500000126288, 0.2480468750000125455, 0.2490234375000124623, 0.2500000000000123790, 0.3125000000000119349, 0.3437500000000116573, 0.3593750000000114908, 0.3671875000000114353, 0.3710937500000113798, 0.3730468750000113243, 0.3740234375000113243, 0.3750000000000112688, 0.4375000000000069389, 0.5000000000000025535, 0.5624999999999982236, 0.5937499999999960032, 0.6093749999999948930, 0.6171874999999943379, 0.6210937499999941158, 0.6230468749999938938, 0.6240234374999938938, 0.6245117187499938938, 0.6249999999999937828, 0.6874999999999917843, 0.7187499999999907851, 0.7343749999999903411, 0.7421874999999901190, 0.7460937499999900080, 0.7480468749999898970, 0.7490234374999898970, 0.7499999999999897859, 0.7812499999999906741, 0.7968749999999910072, 0.8046874999999912292, 0.8085937499999913403, 0.8124999999999913403, 0.8437499999999923395, 0.8593749999999930056, 0.8671874999999932276, 0.8710937499999933387, 0.8749999999999935607, 0.9062499999999952260, 0.9218749999999960032, 0.9296874999999964473, 0.9335937499999967804, 0.9355468749999968914, 0.9365234374999967804, 0.9370117187499968914, 0.9374999999999968914, 0.9531249999999977796, 0.9609374999999981126, 0.9648437499999982236, 0.9687499999999984457, 1.000000000000000000 ),
 .UNSPECIFIED. ) ;
#4801 = CARTESIAN_POINT ( 'NONE',  ( 0.4580886170879694963, -36.70831670302175098, 12.93521553235870414 ) ) ;
#4802 = ORIENTED_EDGE ( 'NONE', *, *, #5852, .T. ) ;
#4803 = CARTESIAN_POINT ( 'NONE',  ( 99.14499999999999602, -63.39640923772800818, 1.544179419989875053E-15 ) ) ;
#4804 = PERSON_AND_ORGANIZATION ( #1411, #5735 ) ;
#4805 = CARTESIAN_POINT ( 'NONE',  ( -7.795981180651955000, -37.20730524620547897, 10.40690377590328275 ) ) ;
#4806 = CARTESIAN_POINT ( 'NONE',  ( -22.00000000000000711, -6.042206018788411903, 36.46270776850018080 ) ) ;
#4807 = B_SPLINE_CURVE_WITH_KNOTS ( 'NONE', 3,
 ( #4222, #1477, #1861, #4786 ),
 .UNSPECIFIED., .F., .F.,
 ( 4, 4 ),
 ( 2.492623433475486954E-05, 0.9999604641525182691 ),
 .UNSPECIFIED. ) ;
#4808 = CARTESIAN_POINT ( 'NONE',  ( 75.33816530206584616, -63.39640923772800818, -6.385253347286783843 ) ) ;
#4809 = B_SPLINE_CURVE_WITH_KNOTS ( 'NONE', 3,
 ( #1220, #1815, #3230, #5135, #3644, #281, #6027, #339, #1698, #6085, #3143, #2795, #1306, #816, #786, #2297, #5073, #4116, #1279, #5607, #3202, #2269, #755, #6059, #2739, #4200, #1729, #3729, #5161, #4175, #5578, #5103, #2709, #6114 ),
 .UNSPECIFIED., .F., .F.,
 ( 4, 2, 2, 2, 2, 2, 2, 2, 2, 2, 2, 2, 2, 2, 2, 2, 4 ),
 ( 0.000000000000000000, 0.06250000000000000000, 0.1250000000000000000, 0.1875000000000000000, 0.2500000000000000000, 0.3125000000000000000, 0.3750000000000000000, 0.4375000000000000000, 0.5000000000000000000, 0.5625000000000000000, 0.6250000000000000000, 0.6875000000000000000, 0.7500000000000000000, 0.8125000000000000000, 0.8750000000000000000, 0.9375000000000000000, 1.000000000000000000 ),
 .UNSPECIFIED. ) ;
#4810 = CARTESIAN_POINT ( 'NONE',  ( -6.284153924717693407, -37.79735776972116668, 6.442786149371706017 ) ) ;
#4811 = CARTESIAN_POINT ( 'NONE',  ( 9.000028474184350813, -42.30708906031854610, 9.026024192389750094E-10 ) ) ;
#4812 = CARTESIAN_POINT ( 'NONE',  ( -18.00000000000000000, -6.042206017372996563, -53.98290812280549744 ) ) ;
#4813 = CARTESIAN_POINT ( 'NONE',  ( 0.2884391820748832269, -41.48880458447123232, -9.000225614999063595 ) ) ;
#4814 = ADVANCED_FACE ( 'NONE', ( #1010 ), #2413, .T. ) ;
#4815 = CARTESIAN_POINT ( 'NONE',  ( -5.507953323256949751, -41.64573389326320552, -8.400062261923959994 ) ) ;
#4816 = CARTESIAN_POINT ( 'NONE',  ( -8.795827506700842235, -38.20933602287421849, 1.906157673106584571 ) ) ;
#4817 = CARTESIAN_POINT ( 'NONE',  ( -11.20907448373209725, -37.78708387269491453, 6.535050310583138788 ) ) ;
#4818 = CARTESIAN_POINT ( 'NONE',  ( 4.381786424978575845, -13.23912867866851251, -54.06720158823145539 ) ) ;
#4819 = CARTESIAN_POINT ( 'NONE',  ( -3.543743181146361554, -41.59324972183241442, 8.273066970315452906 ) ) ;
#4820 = CARTESIAN_POINT ( 'NONE',  ( 226.6457644257074833, -6.042206017375248983, 137.9613978004092019 ) ) ;
#4821 = CARTESIAN_POINT ( 'NONE',  ( -3.419865594552073063, -41.58602837711959666, -8.324943336435916663 ) ) ;
#4822 = CARTESIAN_POINT ( 'NONE',  ( 4.559421404206525530, -13.56908263843092399, 53.83432138339051676 ) ) ;
#4823 = CARTESIAN_POINT ( 'NONE',  ( 5.507978988445449531, -41.90336194479514376, 3.781299771509710084 ) ) ;
#4824 = ORIENTED_EDGE ( 'NONE', *, *, #1370, .F. ) ;
#4825 = EDGE_LOOP ( 'NONE', ( #1131, #1389 ) ) ;
#4826 = CARTESIAN_POINT ( 'NONE',  ( -5.507961991631770360, -41.74730526027870070, -6.840082897062740308 ) ) ;
#4827 = CARTESIAN_POINT ( 'NONE',  ( 172.6772380009915366, -20.95902901126225260, 1.056591433571883900E-14 ) ) ;
#4828 = CARTESIAN_POINT ( 'NONE',  ( -9.180006245850039548, -42.28221066252150706, 1.123991167728281892 ) ) ;
#4829 = DIRECTION ( 'NONE',  ( 0.000000000000000000, 0.000000000000000000, -1.000000000000000000 ) ) ;
#4830 = CARTESIAN_POINT ( 'NONE',  ( -71.46669839058749574, 10.00000000000000000, 46.05186717103966743 ) ) ;
#4831 = CARTESIAN_POINT ( 'NONE',  ( -10.99469454076684549, -38.30787736874649596, 0.08282529678604848289 ) ) ;
#4832 = CARTESIAN_POINT ( 'NONE',  ( -7.343998865180649815, -42.10617315432034502, -0.2042448726145680016 ) ) ;
#4833 = CARTESIAN_POINT ( 'NONE',  ( -3.328887282560898608, -36.79920230329032194, 12.51040002826490927 ) ) ;
#4834 = ORIENTED_EDGE ( 'NONE', *, *, #5153, .T. ) ;
#4835 = CARTESIAN_POINT ( 'NONE',  ( 179.0824426214855123, -13.94371515320779942, 1.135032566935603862E-14 ) ) ;
#4836 = DIRECTION ( 'NONE',  ( 1.000000000000000000, 0.000000000000000000, 0.000000000000000000 ) ) ;
#4837 = CARTESIAN_POINT ( 'NONE',  ( 5.948552805829432799, -37.75859153987107675, -6.760369596194063746 ) ) ;
#4838 = CARTESIAN_POINT ( 'NONE',  ( -39.28714233003034906, 1.958812404666622653, 6.040382153670546650 ) ) ;
#4839 = CARTESIAN_POINT ( 'NONE',  ( -71.46669839058749574, -6.042206017375296945, -137.7671940876994370 ) ) ;
#4840 = CARTESIAN_POINT ( 'NONE',  ( -3.247872127734981795, -37.53502088200170306, 8.393680768999868036 ) ) ;
#4841 = CARTESIAN_POINT ( 'NONE',  ( -8.086068962739560106, -42.06939399070235197, 3.995665833234951503 ) ) ;
#4842 = CARTESIAN_POINT ( 'NONE',  ( 97.85470350606067313, -63.39640923772800818, 5.650095089581766317 ) ) ;
#4843 = ADVANCED_FACE ( 'NONE', ( #4519 ), #209, .F. ) ;
#4844 = AXIS2_PLACEMENT_3D ( 'NONE', #88, #3860, #123 ) ;
#4845 = CARTESIAN_POINT ( 'NONE',  ( -8.979805276102547751, -42.28266494944968201, 0.6030752734721455122 ) ) ;
#4846 = CARTESIAN_POINT ( 'NONE',  ( -8.204542828554238554, -38.07846454306081085, 3.699576365415144785 ) ) ;
#4847 = CARTESIAN_POINT ( 'NONE',  ( 8.995347969532996757, -42.29495517444630792, -0.3055592719139107460 ) ) ;
#4848 = CARTESIAN_POINT ( 'NONE',  ( -8.999599686198415327, -38.30841755780890878, 0.09801692493570794695 ) ) ;
#4849 = CARTESIAN_POINT ( 'NONE',  ( 8.954490081669785440, -42.26981328303452301, 0.9039518935460394422 ) ) ;
#4850 = CARTESIAN_POINT ( 'NONE',  ( 18.82837672200435364, -42.30756013076910449, -7.696413152913580629E-15 ) ) ;
#4851 = CARTESIAN_POINT ( 'NONE',  ( -6.771385656578060797, -41.88150254578025056, -5.935923353922428980 ) ) ;
#4852 = CARTESIAN_POINT ( 'NONE',  ( -12.55193119091180698, -38.10913750813561052, 3.331061494737351136 ) ) ;
#4853 = VECTOR ( 'NONE', #6018, 1000.000000000000000 ) ;
#4854 = CARTESIAN_POINT ( 'NONE',  ( -5.508046676572489808, -41.64574234806979547, 8.400001049052029600 ) ) ;
#4855 = CARTESIAN_POINT ( 'NONE',  ( -3.800828295466734567E-05, -41.59064680554690341, 6.840052290626779552 ) ) ;
#4856 = ORIENTED_EDGE ( 'NONE', *, *, #5006, .F. ) ;
#4857 = EDGE_LOOP ( 'NONE', ( #4834, #5436, #789, #2419 ) ) ;
#4858 = CARTESIAN_POINT ( 'NONE',  ( 183.4702377264419511, -6.042206017375323590, -37.75041258812491662 ) ) ;
#4859 = VECTOR ( 'NONE', #1271, 1000.000000000000000 ) ;
#4860 = CC_DESIGN_PERSON_AND_ORGANIZATION_ASSIGNMENT ( #493, #4770, ( #5410 ) ) ;
#4861 = CARTESIAN_POINT ( 'NONE',  ( -5.109582830806989399E-06, -41.79199488310535315, 0.9195315056643229568 ) ) ;
#4862 = CARTESIAN_POINT ( 'NONE',  ( -27.17470522686114620, -6.042206017375214344, 47.88465001192133741 ) ) ;
#4863 = CARTESIAN_POINT ( 'NONE',  ( -22.00000000000000000, -6.042206018788388810, -51.03729223149983341 ) ) ;
#4864 = AXIS2_PLACEMENT_3D ( 'NONE', #1777, #1210, #5567 ) ;
#4865 = CARTESIAN_POINT ( 'NONE',  ( -10.02614587538480073, -38.30890966331808301, 0.1104147012084207430 ) ) ;
#4866 = CARTESIAN_POINT ( 'NONE',  ( 7.344003405706890142, -42.11401879245455149, -0.6128779922758379461 ) ) ;
#4867 = ORIENTED_EDGE ( 'NONE', *, *, #5492, .T. ) ;
#4868 = DIRECTION ( 'NONE',  ( 0.000000000000000000, 1.000000000000000000, 0.000000000000000000 ) ) ;
#4869 = EDGE_CURVE ( 'NONE', #2882, #581, #1879, .T. ) ;
#4870 = PRODUCT_DEFINITION_SHAPE ( 'NONE', 'NONE',  #5410 ) ;
#4871 = CARTESIAN_POINT ( 'NONE',  ( 226.6457644257074833, 10.00000000000000000, 137.9613978004092019 ) ) ;
#4872 = CARTESIAN_POINT ( 'NONE',  ( -38.37760923698963467, 9.999999999999991118, 3.153003375569618516 ) ) ;
#4873 = CARTESIAN_POINT ( 'NONE',  ( 20.34536719873065280, -34.34959553575265545, -21.81000826438560125 ) ) ;
#4874 = CARTESIAN_POINT ( 'NONE',  ( 4.066574688018078199, -37.58805958967985106, 8.030019522340618110 ) ) ;
#4875 = VERTEX_POINT ( 'NONE', #3103 ) ;
#4876 = CARTESIAN_POINT ( 'NONE',  ( 8.075894356145830955, -42.06904543142203323, 3.983412649387229276 ) ) ;
#4877 = CARTESIAN_POINT ( 'NONE',  ( -29.55026775103748804, -6.042206018788403910, -1.037292231499814976 ) ) ;
#4878 = B_SPLINE_CURVE_WITH_KNOTS ( 'NONE', 3,
 ( #6182, #4270, #2361, #5674, #3829, #1345, #2833, #1438, #2777, #4812 ),
 .UNSPECIFIED., .F., .F.,
 ( 4, 2, 2, 2, 4 ),
 ( 0.000000000000000000, 0.01622524581417373116, 0.03261851711856741248, 0.04901178842296109728, 0.06540505972735477513 ),
 .UNSPECIFIED. ) ;
#4879 = CARTESIAN_POINT ( 'NONE',  ( -3.671957657472794789, -41.61891006585364750, -7.620062377348030047 ) ) ;
#4880 = CARTESIAN_POINT ( 'NONE',  ( 8.961785352862712273, -42.27331523742751074, 0.8303418620148990126 ) ) ;
#4881 = CARTESIAN_POINT ( 'NONE',  ( -1.463326508831849004, -42.30756013076910449, -5.181181809388050601E-15 ) ) ;
#4882 = CARTESIAN_POINT ( 'NONE',  ( -8.234893571945207214, -38.08416624341531076, 3.631517061484709874 ) ) ;
#4883 =( BOUNDED_SURFACE ( )  B_SPLINE_SURFACE ( 2, 3, ( 
 ( #3398, #2788, #2343, #2907 ),
 ( #3279, #416, #5208, #3368 ),
 ( #476, #2878, #1893, #892 ),
 ( #4723, #3839, #2404, #5715 ),
 ( #1383, #444, #4313, #1959 ) ),
 .UNSPECIFIED., .F., .F., .F. ) 
 B_SPLINE_SURFACE_WITH_KNOTS ( ( 3, 2, 3 ),
 ( 4, 4 ),
 ( -0.006114302593204099835, 0.001208225356013006022, 0.7334610202777239740 ),
 ( 0.000000000000000000, 1.000000000000000000 ),
 .UNSPECIFIED. ) 
 GEOMETRIC_REPRESENTATION_ITEM ( )  RATIONAL_B_SPLINE_SURFACE ( (
 ( 1.000000000000000000, 0.3333333333333335369, 0.3333333333333335369, 1.000000000000000000),
 ( 1.000000000000000000, 0.3333333333333335369, 0.3333333333333335369, 1.000000000000000000),
 ( 1.000000000000000000, 0.3333333333333335369, 0.3333333333333335369, 1.000000000000000000),
 ( 1.000000000000000000, 0.3333333333333335369, 0.3333333333333335369, 1.000000000000000000),
 ( 1.000000000000000000, 0.3333333333333335369, 0.3333333333333335369, 1.000000000000000000) ) ) 
 REPRESENTATION_ITEM ( '' )  SURFACE ( )  );
#4884 = CARTESIAN_POINT ( 'NONE',  ( -7.799899573851759804, -42.02418059111069226, -4.499905701561388582 ) ) ;
#4885 = CARTESIAN_POINT ( 'NONE',  ( 13.88556801504149085, -31.61567152917007917, -35.46740544693015096 ) ) ;
#4886 = CARTESIAN_POINT ( 'NONE',  ( 7.999001468891709266, -42.05680254606714641, 4.127650339799957102 ) ) ;
#4887 = CARTESIAN_POINT ( 'NONE',  ( -27.73244183007833641, -6.042206017375246319, -49.70959486204271371 ) ) ;
#4888 = CARTESIAN_POINT ( 'NONE',  ( 4.395138459771031236, -41.64972074635036847, -7.858566882318730684 ) ) ;
#4889 = CARTESIAN_POINT ( 'NONE',  ( -0.5773864859658932591, -37.44470688531373526, -8.986419776575040430 ) ) ;
#4890 = CARTESIAN_POINT ( 'NONE',  ( -9.180038008140789074, -41.98503258812255012, 6.840001279900169706 ) ) ;
#4891 = CARTESIAN_POINT ( 'NONE',  ( -5.109582830806989399E-06, -41.79199488310535315, 0.9195315056643229568 ) ) ;
#4892 = EDGE_LOOP ( 'NONE', ( #2949, #5158, #5811, #5212 ) ) ;
#4893 = ORIENTED_EDGE ( 'NONE', *, *, #2630, .F. ) ;
#4894 = CARTESIAN_POINT ( 'NONE',  ( 73.48159913886341599, -6.042206017375325366, -103.3482775013136887 ) ) ;
#4895 = CARTESIAN_POINT ( 'NONE',  ( 18.43951683366974592, -34.90192059150380288, 19.56265689845678324 ) ) ;
#4896 = CARTESIAN_POINT ( 'NONE',  ( -55.39467991858228402, -6.042206017375245430, -19.28913889583996877 ) ) ;
#4897 = CARTESIAN_POINT ( 'NONE',  ( 104.6814343179371889, -56.13001623236041127, 31.70761288909761788 ) ) ;
#4898 = CARTESIAN_POINT ( 'NONE',  ( -22.00000000000000000, -42.30756013076910449, -5.181181809388050601E-15 ) ) ;
#4899 = ADVANCED_FACE ( 'NONE', ( #5089 ), #683, .F. ) ;
#4900 = CARTESIAN_POINT ( 'NONE',  ( -12.99864817594080080, -38.30611261494834707, 0.03755347317486655567 ) ) ;
#4901 = CARTESIAN_POINT ( 'NONE',  ( -3.671994890360334995, -41.88319309264450396, -0.9195519099549739339 ) ) ;
#4902 = VERTEX_POINT ( 'NONE', #1618 ) ;
#4903 = CARTESIAN_POINT ( 'NONE',  ( 7.990160609535577940, -19.99955989218772245, -48.75250617527250796 ) ) ;
#4904 = COORDINATED_UNIVERSAL_TIME_OFFSET ( 5, 0, .AHEAD. ) ;
#4905 = CARTESIAN_POINT ( 'NONE',  ( 5.609250209922183039, -37.72286188575645127, -7.039868283285111161 ) ) ;
#4906 = CARTESIAN_POINT ( 'NONE',  ( -42.61420186904452123, 0.2948983912058379953, 10.96746882930054667 ) ) ;
#4907 = CARTESIAN_POINT ( 'NONE',  ( 226.6457644257074833, -70.00000000000000000, -137.7671940876994086 ) ) ;
#4908 = CARTESIAN_POINT ( 'NONE',  ( -6.982939393175749743, -37.88529763185297838, 5.679792245108383320 ) ) ;
#4909 = VERTEX_POINT ( 'NONE', #715 ) ;
#4910 = CARTESIAN_POINT ( 'NONE',  ( 226.6457644257074833, 10.00000000000000000, -137.7671940876994086 ) ) ;
#4911 = CARTESIAN_POINT ( 'NONE',  ( -53.58330569984575931, 10.00000000000000000, 15.42164038722743058 ) ) ;
#4912 = CARTESIAN_POINT ( 'NONE',  ( 86.40000000000000568, -64.66763823405520384, 0.000000000000000000 ) ) ;
#4913 = CARTESIAN_POINT ( 'NONE',  ( 8.949732875959234946, -42.26759792864955756, 0.9502031986710635092 ) ) ;
#4914 = CARTESIAN_POINT ( 'NONE',  ( -7.636156702013912501, -41.99951341884350597, 4.764528609679359761 ) ) ;
#4915 = CARTESIAN_POINT ( 'NONE',  ( -6.259092912860217517, -37.79441120876735027, 6.467138257180796046 ) ) ;
#4916 = ADVANCED_FACE ( 'NONE', ( #5596 ), #2636, .T. ) ;
#4917 = CARTESIAN_POINT ( 'NONE',  ( 9.000028474184350813, -42.30708906031854610, 9.026024192389750094E-10 ) ) ;
#4918 = CARTESIAN_POINT ( 'NONE',  ( 15.85367092286541890, -35.85770672467045728, -27.90821211365230425 ) ) ;
#4919 = CARTESIAN_POINT ( 'NONE',  ( 8.803261074154338672, -42.21873120456603345, 1.872060503656770791 ) ) ;
#4920 = CARTESIAN_POINT ( 'NONE',  ( -8.426122146518292055, -42.13266915204925311, 3.176170666240988094 ) ) ;
#4921 = CARTESIAN_POINT ( 'NONE',  ( 3.450999490805541914, -41.58782080051816621, -8.312081293197527643 ) ) ;
#4922 = EDGE_CURVE ( 'NONE', #5345, #4384, #268, .T. ) ;
#4923 = CARTESIAN_POINT ( 'NONE',  ( -12.62823444666966211, -38.13260285131427452, 3.023971869605430296 ) ) ;
#4924 = CLOSED_SHELL ( 'NONE', ( #5898, #3025, #3313, #793, #25, #6060, #404, #5545, #1672, #3330, #5932, #1033, #2452, #3794, #2274 ) ) ;
#4925 = CARTESIAN_POINT ( 'NONE',  ( 7.343994890303441103, -42.10820886422099107, 0.9195723142456089239 ) ) ;
#4926 = CARTESIAN_POINT ( 'NONE',  ( -7.344003405706920340, -42.11401879208690247, 0.6128779922758300636 ) ) ;
#4927 = B_SPLINE_CURVE_WITH_KNOTS ( 'NONE', 3,
 ( #1263, #4661, #2281, #6126, #2252, #1234, #1798, #3098, #3155, #2632 ),
 .UNSPECIFIED., .F., .F.,
 ( 4, 2, 2, 2, 4 ),
 ( -0.0001366085972632370270, 0.0005909845821222179611, 0.001318577761507672922, 0.002773764120278582844, 0.005684136837820400086 ),
 .UNSPECIFIED. ) ;
#4928 = ORIENTED_EDGE ( 'NONE', *, *, #4960, .T. ) ;
#4929 = ORIENTED_EDGE ( 'NONE', *, *, #3568, .T. ) ;
#4930 = CARTESIAN_POINT ( 'NONE',  ( 188.2212584910846829, -6.042206017375316485, -21.91246271644273591 ) ) ;
#4931 = CC_DESIGN_SECURITY_CLASSIFICATION ( #3016, ( #5225 ) ) ;
#4932 = CARTESIAN_POINT ( 'NONE',  ( 8.187371031915686714, -14.59792089348035127, 48.11685128839572911 ) ) ;
#4933 = CARTESIAN_POINT ( 'NONE',  ( -42.85244011772191186, -6.042206017375249871, -34.91988858660459982 ) ) ;
#4934 = CARTESIAN_POINT ( 'NONE',  ( 112.9674345654848651, -50.78462308660635927, 46.07898461404099777 ) ) ;
#4935 = CARTESIAN_POINT ( 'NONE',  ( -22.00000000000000000, -29.99108561764705172, -20.46898068949853666 ) ) ;
#4936 = CARTESIAN_POINT ( 'NONE',  ( -71.46669839058749574, 10.00000000000000000, -137.7671940876994086 ) ) ;
#4937 = CARTESIAN_POINT ( 'NONE',  ( -7.343993753894100252, -42.10689525709390324, -1.124082987036183923 ) ) ;
#4938 = ORIENTED_EDGE ( 'NONE', *, *, #2959, .F. ) ;
#4939 = CARTESIAN_POINT ( 'NONE',  ( 8.607861655776932963, -21.17050763459431195, -47.71989920397511753 ) ) ;
#4940 = CARTESIAN_POINT ( 'NONE',  ( 10.56790706772853206, -37.65204035022764373, 7.574022268643708422 ) ) ;
#4941 = DIRECTION ( 'NONE',  ( 1.000000000000000000, 0.000000000000000000, 0.000000000000000000 ) ) ;
#4942 = CARTESIAN_POINT ( 'NONE',  ( -18.00000000000000000, -34.34959553575265545, -21.81000826438560125 ) ) ;
#4943 = CARTESIAN_POINT ( 'NONE',  ( 6.874626731154206638, -37.87156970979306436, 5.810411032011119303 ) ) ;
#4944 = ORIENTED_EDGE ( 'NONE', *, *, #2038, .F. ) ;
#4945 = CARTESIAN_POINT ( 'NONE',  ( 8.979805276219911647, -42.28266447690301533, -0.6030752717244052263 ) ) ;
#4946 = CARTESIAN_POINT ( 'NONE',  ( -37.57732350595525617, -6.042206018788409239, 46.87937443516684510 ) ) ;
#4947 = CARTESIAN_POINT ( 'NONE',  ( 99.06336946624642792, -63.39640923772800818, 1.665842413538528133 ) ) ;
#4948 = CARTESIAN_POINT ( 'NONE',  ( 7.051750021856650896, -41.91732078302690212, 5.594151774190358140 ) ) ;
#4949 = CARTESIAN_POINT ( 'NONE',  ( -3.734525817598949970, -41.60490338840859437, 8.188870180634967966 ) ) ;
#4950 = CARTESIAN_POINT ( 'NONE',  ( -62.67121415827168818, -6.042206017375228555, -7.451496011062921809 ) ) ;
#4951 = AXIS2_PLACEMENT_3D ( 'NONE', #3345, #5722, #394 ) ;
#4952 = CARTESIAN_POINT ( 'NONE',  ( -8.200543107174075530, -42.09068376483321572, -3.720051315989204355 ) ) ;
#4953 = CARTESIAN_POINT ( 'NONE',  ( 13.84397087800182646, -31.52892744292749683, -35.59919676017448609 ) ) ;
#4954 = CARTESIAN_POINT ( 'NONE',  ( 8.949732875959234946, -42.26759792864955756, 0.9502031986710635092 ) ) ;
#4955 = DIRECTION ( 'NONE',  ( 0.000000000000000000, -5.078222490274110485E-16, -1.000000000000000000 ) ) ;
#4956 = CARTESIAN_POINT ( 'NONE',  ( -8.777937933330543174, -42.21186198656708655, -1.988983384230142315 ) ) ;
#4957 = CARTESIAN_POINT ( 'NONE',  ( 8.701322670927105207, -38.18334211968125658, -2.318589441512866500 ) ) ;
#4958 = CARTESIAN_POINT ( 'NONE',  ( 7.343983152636440082, -42.05000831296264607, 3.031908093309124919 ) ) ;
#4959 = CARTESIAN_POINT ( 'NONE',  ( 5.508003405735320435, -41.96905124367470563, -0.6128881944211599375 ) ) ;
#4960 = EDGE_CURVE ( 'NONE', #3844, #2109, #5579, .T. ) ;
#4961 = CARTESIAN_POINT ( 'NONE',  ( 13.46096870725145145, -24.51945450749686017, 38.36958820945087467 ) ) ;
#4962 = ORIENTED_EDGE ( 'NONE', *, *, #3918, .T. ) ;
#4963 = ORIENTED_EDGE ( 'NONE', *, *, #1963, .T. ) ;
#4964 = CARTESIAN_POINT ( 'NONE',  ( 163.2016909086756300, -6.042206017375335136, -70.35091909074229477 ) ) ;
#4965 = CARTESIAN_POINT ( 'NONE',  ( 69.65500000000015746, -58.93658393131480722, -33.48999999999976040 ) ) ;
#4966 = CARTESIAN_POINT ( 'NONE',  ( -7.642036100498671658, -37.98177607182209670, -4.763052446166352816 ) ) ;
#4967 = CARTESIAN_POINT ( 'NONE',  ( -61.95138147706970955, -6.042206017375240990, -9.328443997385008402 ) ) ;
#4968 = CARTESIAN_POINT ( 'NONE',  ( 54.66600174739932072, -47.26221975847412438, 52.45269724046585225 ) ) ;
#4969 = CARTESIAN_POINT ( 'NONE',  ( 5.723020382833656328, -15.73608948996890433, 52.24634006553928600 ) ) ;
#4970 = CARTESIAN_POINT ( 'NONE',  ( 9.838828905206092656, -17.65283598413149235, -45.50469741701522253 ) ) ;
#4971 = CARTESIAN_POINT ( 'NONE',  ( 3.672021011412359925, -41.81617290948474874, -3.781248760783105123 ) ) ;
#4972 = ORIENTED_EDGE ( 'NONE', *, *, #5078, .F. ) ;
#4973 = ORIENTED_EDGE ( 'NONE', *, *, #3266, .F. ) ;
#4974 = CARTESIAN_POINT ( 'NONE',  ( 13.43796395257743903, -30.68750429424975223, -36.84146596042272392 ) ) ;
#4975 = ADVANCED_FACE ( 'NONE', ( #4342 ), #1071, .F. ) ;
#4976 = B_SPLINE_CURVE_WITH_KNOTS ( 'NONE', 3,
 ( #6120, #6213, #3825, #5195, #3708, #2392, #908, #5169, #5641, #879, #5288, #6180, #4741, #2830, #375, #4300, #1820, #3294, #3355, #3236, #966, #2800, #1849, #1313, #2897, #3766, #2866, #4808, #4774, #1343, #851, #3265, #4710, #5701 ),
 .UNSPECIFIED., .F., .F.,
 ( 4, 2, 2, 2, 2, 2, 2, 2, 2, 2, 2, 2, 2, 2, 2, 2, 4 ),
 ( 0.000000000000000000, 0.06250000000000000000, 0.1250000000000000000, 0.1875000000000000000, 0.2500000000000000000, 0.3125000000000000000, 0.3750000000000000000, 0.4375000000000000000, 0.5000000000000000000, 0.5625000000000000000, 0.6250000000000000000, 0.6875000000000000000, 0.7500000000000000000, 0.8125000000000000000, 0.8750000000000000000, 0.9375000000000000000, 1.000000000000000000 ),
 .UNSPECIFIED. ) ;
#4977 = CARTESIAN_POINT ( 'NONE',  ( 7.155839774417967369, -37.12614362518129951, 10.85380494207423396 ) ) ;
#4978 = FACE_OUTER_BOUND ( 'NONE', #5719, .T. ) ;
#4979 = DIRECTION ( 'NONE',  ( 0.000000000000000000, 1.000000000000000000, 0.000000000000000000 ) ) ;
#4980 = CARTESIAN_POINT ( 'NONE',  ( -8.935638208900247292, -38.25752920610653973, 1.075567894609985808 ) ) ;
#4981 = ORIENTED_EDGE ( 'NONE', *, *, #1403, .T. ) ;
#4982 = CARTESIAN_POINT ( 'NONE',  ( 7.558867569159015254, -41.98810925890759904, -4.885336353360954398 ) ) ;
#4983 = PLANE ( 'NONE',  #542 ) ;
#4984 = CARTESIAN_POINT ( 'NONE',  ( 80.74990491037794982, -63.39640923772800818, 11.45470350604460563 ) ) ;
#4985 = CARTESIAN_POINT ( 'NONE',  ( 6.254206921406203712, -41.82159213041983747, 6.472118277604817393 ) ) ;
#4986 = B_SPLINE_SURFACE_WITH_KNOTS ( 'NONE', 3, 1, ( 
 ( #5007, #4492 ),
 ( #4053, #5038 ),
 ( #2107, #5955 ),
 ( #217, #1626 ),
 ( #722, #3545 ),
 ( #5482, #1157 ),
 ( #2644, #4558 ),
 ( #247, #3607 ),
 ( #4084, #6022 ),
 ( #1215, #2206 ) ),
 .UNSPECIFIED., .F., .F., .F.,
 ( 4, 2, 2, 2, 4 ),
 ( 2, 2 ),
 ( 0.000000000000000000, 0.2500000000000000000, 0.5000000000000000000, 0.7500000000000000000, 1.000000000000000000 ),
 ( 0.000000000000000000, 1.000000000000000000 ),
 .UNSPECIFIED. ) ;
#4987 = CARTESIAN_POINT ( 'NONE',  ( -8.315635226560306847, -42.11211087100529937, 3.442422686483910699 ) ) ;
#4988 = CARTESIAN_POINT ( 'NONE',  ( -38.79583562937321517, -6.042206017375259641, -40.22448736847695017 ) ) ;
#4989 = CARTESIAN_POINT ( 'NONE',  ( 8.883318497002031577, -42.24139710891282107, -1.475019117010876180 ) ) ;
#4990 = CARTESIAN_POINT ( 'NONE',  ( 11.11381206623821782, -26.01810404834292711, -42.76579358160674360 ) ) ;
#4991 = EDGE_CURVE ( 'NONE', #1115, #277, #1171, .T. ) ;
#4992 = CARTESIAN_POINT ( 'NONE',  ( 8.980326197345901207, -42.28336029224293213, 0.5973155957097201485 ) ) ;
#4993 = CARTESIAN_POINT ( 'NONE',  ( -5.944576281754301306, -41.78629455302101547, 6.783067013500463815 ) ) ;
#4994 = CARTESIAN_POINT ( 'NONE',  ( -10.02614587538480073, -38.30890966331808301, 0.1104147012084207430 ) ) ;
#4995 = CARTESIAN_POINT ( 'NONE',  ( 5.493936544750296136, -37.71113417684927782, -7.130197368583659490 ) ) ;
#4996 = CARTESIAN_POINT ( 'NONE',  ( -9.180021011327090363, -42.16513681441784911, 3.781218154347139926 ) ) ;
#4997 = CARTESIAN_POINT ( 'NONE',  ( 9.180001701916260970, -42.31469916670599929, -0.3062550853233114712 ) ) ;
#4998 = CARTESIAN_POINT ( 'NONE',  ( 20.05280746892552202, -38.25336836445663380, 1.364933239713178592 ) ) ;
#4999 = ORIENTED_EDGE ( 'NONE', *, *, #2578, .T. ) ;
#5000 = ORIENTED_EDGE ( 'NONE', *, *, #914, .F. ) ;
#5001 = CARTESIAN_POINT ( 'NONE',  ( -22.00000000000000000, -41.35711783730872071, 25.84158720024530709 ) ) ;
#5002 = CARTESIAN_POINT ( 'NONE',  ( -5.931646228541266552, -37.75672773061798182, -6.775234317736874345 ) ) ;
#5003 = CARTESIAN_POINT ( 'NONE',  ( -33.44431107294845873, -6.042206017375214344, 43.91593122535243054 ) ) ;
#5004 = CARTESIAN_POINT ( 'NONE',  ( 69.65872081913029490, -58.93658393131480011, -0.3529821357756435241 ) ) ;
#5005 = CARTESIAN_POINT ( 'NONE',  ( 14.74535902100223872, -33.43201314711254923, 32.53740707018958034 ) ) ;
#5006 = EDGE_CURVE ( 'NONE', #3022, #1303, #1231, .T. ) ;
#5007 = CARTESIAN_POINT ( 'NONE',  ( -18.00000000000000000, -6.042206017372979687, 53.98290812280559692 ) ) ;
#5008 = CARTESIAN_POINT ( 'NONE',  ( -5.507961991631770360, -41.74730526027870070, -6.840082897062740308 ) ) ;
#5009 = EDGE_LOOP ( 'NONE', ( #5303, #2116, #685, #659 ) ) ;
#5010 = EDGE_LOOP ( 'NONE', ( #3547, #1932, #994, #1400, #2110 ) ) ;
#5011 = CARTESIAN_POINT ( 'NONE',  ( 11.01078471152063187, -25.81567111082258137, -42.99334739550130280 ) ) ;
#5012 = CARTESIAN_POINT ( 'NONE',  ( -3.975771423287776773, -37.58108340857897645, -8.079729976532396662 ) ) ;
#5013 = CARTESIAN_POINT ( 'NONE',  ( -12.99553091680051509, -38.31026187940302208, 0.0001336912975518972022 ) ) ;
#5014 = EDGE_CURVE ( 'NONE', #3844, #3468, #4311, .T. ) ;
#5015 = CARTESIAN_POINT ( 'NONE',  ( 7.343957657415900009, -41.80211066434194578, 7.620082781638670255 ) ) ;
#5016 = CARTESIAN_POINT ( 'NONE',  ( -8.158453751463383696, -38.06989073050993966, 3.801223382647652915 ) ) ;
#5017 = ORIENTED_EDGE ( 'NONE', *, *, #1839, .T. ) ;
#5018 = CARTESIAN_POINT ( 'NONE',  ( 8.940946303813205986, -42.26331491192230061, -1.040389532065847833 ) ) ;
#5019 = CARTESIAN_POINT ( 'NONE',  ( -53.58330569984575931, 10.00000000000000000, 0.000000000000000000 ) ) ;
#5020 = CARTESIAN_POINT ( 'NONE',  ( -6.333327191721257243, -41.83046221455767011, -6.394457807963484619 ) ) ;
#5021 = CARTESIAN_POINT ( 'NONE',  ( -6.860877431891843514, -41.89362979042424229, 5.826653027930901452 ) ) ;
#5022 = CARTESIAN_POINT ( 'NONE',  ( -58.64614868650247104, -6.042206017375222338, 14.55960313695963926 ) ) ;
#5023 = CARTESIAN_POINT ( 'NONE',  ( 132.1963904380766053, -50.78462308660660085, 5.608440296249299316E-15 ) ) ;
#5024 = CARTESIAN_POINT ( 'NONE',  ( -69.00494608707319344, 10.00000000000000000, 8.511434807347107778 ) ) ;
#5025 = ADVANCED_FACE ( 'NONE', ( #2054 ), #1104, .T. ) ;
#5026 = CARTESIAN_POINT ( 'NONE',  ( -12.99864817594080080, -38.30611261494834707, 0.03755347317486655567 ) ) ;
#5027 = CARTESIAN_POINT ( 'NONE',  ( 5.488067696742813695, -41.74219353952535272, 7.139243302663843771 ) ) ;
#5028 = CARTESIAN_POINT ( 'NONE',  ( 20.13201909064075323, -38.30748449334880235, -0.07350728171799320032 ) ) ;
#5029 = CARTESIAN_POINT ( 'NONE',  ( 3.671993753950935080, -41.88114169236509809, 1.124062582745533945 ) ) ;
#5030 = CARTESIAN_POINT ( 'NONE',  ( 3.672005109525934952, -41.88319390070309112, -0.9195111013736859684 ) ) ;
#5031 = DIRECTION ( 'NONE',  ( 0.000000000000000000, -1.000000000000000000, 0.000000000000000000 ) ) ;
#5032 = EDGE_LOOP ( 'NONE', ( #5107, #2480, #3784, #1865 ) ) ;
#5033 = CARTESIAN_POINT ( 'NONE',  ( -18.00000000000000000, -33.76135606336559647, -31.95317545291229777 ) ) ;
#5034 = CARTESIAN_POINT ( 'NONE',  ( -71.46669839058749574, 10.00000000000000000, 46.05186717103966743 ) ) ;
#5035 = CARTESIAN_POINT ( 'NONE',  ( -8.984023630071726885, -42.28517783086861925, 0.5382655224542636230 ) ) ;
#5036 = CARTESIAN_POINT ( 'NONE',  ( 61.88658907630036765, -57.95386985700427118, 13.79130773228020601 ) ) ;
#5037 = CARTESIAN_POINT ( 'NONE',  ( 8.323817640727634526, -20.63285671401103016, 48.18823090778901275 ) ) ;
#5038 = CARTESIAN_POINT ( 'NONE',  ( 20.36082540615130299, -11.27713467053115970, 50.82238809104900668 ) ) ;
#5039 = CARTESIAN_POINT ( 'NONE',  ( 4.234247034024029508E-05, -41.54461856230044958, -7.620041973057389839 ) ) ;
#5040 = ORIENTED_EDGE ( 'NONE', *, *, #5387, .F. ) ;
#5041 = CARTESIAN_POINT ( 'NONE',  ( -5.508003405735349745, -41.96905124318065106, 0.6128881944211520549 ) ) ;
#5042 = CARTESIAN_POINT ( 'NONE',  ( 7.877640371337664149, -19.78635463222983759, -48.93983841354743447 ) ) ;
#5043 = CARTESIAN_POINT ( 'NONE',  ( 226.6457644257074833, 4.652597994208217180, -137.7671940876994086 ) ) ;
#5044 = CARTESIAN_POINT ( 'NONE',  ( -8.918555528448308678, -38.25004506629297651, 1.208879737467013493 ) ) ;
#5045 = ORIENTED_EDGE ( 'NONE', *, *, #6034, .F. ) ;
#5046 = CARTESIAN_POINT ( 'NONE',  ( 8.997757370426162638, -42.30129188255772021, -0.2011852273578153827 ) ) ;
#5047 = CARTESIAN_POINT ( 'NONE',  ( 0.000000000000000000, -63.39640923772800818, 0.000000000000000000 ) ) ;
#5048 = CARTESIAN_POINT ( 'NONE',  ( 3.450999490805541914, -41.58782080051816621, -8.312081293197527643 ) ) ;
#5049 = CARTESIAN_POINT ( 'NONE',  ( -3.450999490393791724, -41.58782080049433461, 8.312081293368498436 ) ) ;
#5050 = CARTESIAN_POINT ( 'NONE',  ( -63.25965496765329021, -6.042206017375230331, -5.535763006845511924 ) ) ;
#5051 = CARTESIAN_POINT ( 'NONE',  ( 0.1227619990086116220, -20.95902901126222773, -172.5544760019827208 ) ) ;
#5052 = CARTESIAN_POINT ( 'NONE',  ( -22.00000000000000000, -6.042206018788388810, -51.03729223149983341 ) ) ;
#5053 = EDGE_CURVE ( 'NONE', #2208, #3048, #1771, .T. ) ;
#5054 = CARTESIAN_POINT ( 'NONE',  ( -38.26127224062755516, -6.042206018788416344, 48.96270776850018080 ) ) ;
#5055 = CARTESIAN_POINT ( 'NONE',  ( 8.980504592517423390, -42.28321526838138311, -0.6033876389322442302 ) ) ;
#5056 = CARTESIAN_POINT ( 'NONE',  ( 0.4875835940438230098, -6.042206017374079252, -58.61996200337879515 ) ) ;
#5057 = CARTESIAN_POINT ( 'NONE',  ( -7.344021011355519768, -42.01819183912319744, 3.781228356492460474 ) ) ;
#5058 = CARTESIAN_POINT ( 'NONE',  ( -5.507998865209089878, -41.97550274093775613, -0.2042346704692465098 ) ) ;
#5059 = CARTESIAN_POINT ( 'NONE',  ( 9.282365293880465273, -16.61462128644786773, 46.46163416952696679 ) ) ;
#5060 = ORIENTED_EDGE ( 'NONE', *, *, #1461, .T. ) ;
#5061 = CARTESIAN_POINT ( 'NONE',  ( 85.35719728723985611, -6.042206017417941055, 98.92733719604291309 ) ) ;
#5062 = CARTESIAN_POINT ( 'NONE',  ( -18.00000000000000000, -37.24160956814003498, 11.43555522609179498 ) ) ;
#5063 = CARTESIAN_POINT ( 'NONE',  ( -8.957371267949554294, -42.27119455142506865, 0.8749362689411284144 ) ) ;
#5064 = CARTESIAN_POINT ( 'NONE',  ( -8.046390512828141439, -37.24144243737899984, 10.21295364679266271 ) ) ;
#5065 = CARTESIAN_POINT ( 'NONE',  ( 15.72971308943771263, -35.57771439200543284, 28.53165327881884750 ) ) ;
#5066 = VECTOR ( 'NONE', #4104, 1000.000000000000000 ) ;
#5067 = DIRECTION ( 'NONE',  ( -1.000000000000000000, 0.000000000000000000, 0.000000000000000000 ) ) ;
#5068 = CARTESIAN_POINT ( 'NONE',  ( -5.507978988445479729, -41.90336194457290020, -3.781299771509714969 ) ) ;
#5069 = EDGE_LOOP ( 'NONE', ( #2409, #43 ) ) ;
#5070 = CARTESIAN_POINT ( 'NONE',  ( -3.671996594122520108, -41.88853499518950230, -0.6129392051477680070 ) ) ;
#5071 = CARTESIAN_POINT ( 'NONE',  ( 15.96667077386944023, -36.11113996977728391, -27.36386952572820519 ) ) ;
#5072 = APPROVAL_STATUS ( 'not_yet_approved' ) ;
#5073 = CARTESIAN_POINT ( 'NONE',  ( 85.56351804436522457, -63.39640923772800818, 12.74496390230862630 ) ) ;
#5074 = CARTESIAN_POINT ( 'NONE',  ( 20.34536719873065280, -6.042206017372989457, -53.98290812280549744 ) ) ;
#5075 = CARTESIAN_POINT ( 'NONE',  ( 18.63070844425311989, -35.34014208002222546, -18.23259079401682925 ) ) ;
#5076 = CARTESIAN_POINT ( 'NONE',  ( 5.884032106336664292, -41.77835762512044226, -6.843723780850309524 ) ) ;
#5077 = CARTESIAN_POINT ( 'NONE',  ( 179.0824426214870186, -13.94371515320615806, 4.163336342344334502E-14 ) ) ;
#5078 = EDGE_CURVE ( 'NONE', #1115, #1654, #2609, .T. ) ;
#5079 = CARTESIAN_POINT ( 'NONE',  ( -6.349129681299095829, -41.83224863212411293, -6.378767613361365107 ) ) ;
#5080 = AXIS2_PLACEMENT_3D ( 'NONE', #5507, #4552, #2608 ) ;
#5081 = CARTESIAN_POINT ( 'NONE',  ( -62.43796600976600786, -6.042206017375224114, 7.573637608387309150 ) ) ;
#5082 = CARTESIAN_POINT ( 'NONE',  ( -6.282442621485373024, -13.94371515320773902, -185.3648852429707858 ) ) ;
#5083 = CARTESIAN_POINT ( 'NONE',  ( 81.10593960824945725, -6.042206017376056337, 176.7728494354204827 ) ) ;
#5084 = CARTESIAN_POINT ( 'NONE',  ( 10.39393842179556415, -38.31026286157670313, 7.990510837665208754 ) ) ;
#5085 = FACE_OUTER_BOUND ( 'NONE', #5333, .T. ) ;
#5086 = CARTESIAN_POINT ( 'NONE',  ( -22.00000000000001066, -6.042206018788411015, -38.53729223149981209 ) ) ;
#5087 = CARTESIAN_POINT ( 'NONE',  ( -7.343998865180649815, -42.10617315432034502, -0.2042448726145680016 ) ) ;
#5088 = CARTESIAN_POINT ( 'NONE',  ( -5.507999999914719780, -41.99430005084909823, -3.060643596962835030E-05 ) ) ;
#5089 = FACE_OUTER_BOUND ( 'NONE', #2955, .T. ) ;
#5090 = CARTESIAN_POINT ( 'NONE',  ( 80.01478676232333953, -63.39640923772800818, -11.06177466967916345 ) ) ;
#5091 = CARTESIAN_POINT ( 'NONE',  ( -22.00000000000000000, -6.042206017374059712, 58.61996200176549365 ) ) ;
#5092 = CARTESIAN_POINT ( 'NONE',  ( 22.43424475756700787, -6.042206017417935726, 83.07266697377080789 ) ) ;
#5093 = CARTESIAN_POINT ( 'NONE',  ( 24.54315066403444590, -41.44459846639427525, -1.515055850892605352E-14 ) ) ;
#5094 = CARTESIAN_POINT ( 'NONE',  ( -3.232406974668756927, -36.78135654460059101, 12.59493631026105831 ) ) ;
#5095 = CARTESIAN_POINT ( 'NONE',  ( 7.518085158393000178, -19.10416710236532012, 49.54583357756740014 ) ) ;
#5096 = CARTESIAN_POINT ( 'NONE',  ( 13.99332159376455564, -31.84081099052080788, 35.12227785988979178 ) ) ;
#5097 = CARTESIAN_POINT ( 'NONE',  ( 3.672016847192915101, -41.84322007499505247, -3.031846880437200298 ) ) ;
#5098 = ORIENTED_EDGE ( 'NONE', *, *, #3965, .F. ) ;
#5099 = CARTESIAN_POINT ( 'NONE',  ( -1.597721699578914989E-14, -41.80288240122314392, -4.550409309681740226E-15 ) ) ;
#5100 = CARTESIAN_POINT ( 'NONE',  ( 17.30694427596702312, -39.21102132721363631, -19.19980362204441349 ) ) ;
#5101 = B_SPLINE_CURVE_WITH_KNOTS ( 'NONE', 3,
 ( #3041, #1049, #5371, #4932, #1184, #2540, #4013, #5950, #2506, #213, #3946, #5440, #2138, #2977, #1657, #1153, #1622, #1550, #4895, #5880, #688, #2639, #1586, #3075, #2610, #584, #4523, #718 ),
 .UNSPECIFIED., .F., .F.,
 ( 4, 2, 2, 2, 2, 2, 2, 2, 2, 2, 2, 2, 2, 4 ),
 ( 1.712565556909879929E-15, 0.008484551161629950641, 0.01696910232325819085, 0.02545365348488642931, 0.02757479127529349761, 0.02969592906570056243, 0.03393820464651471636, 0.04242275580814299646, 0.04666503138895714692, 0.04878616917936422909, 0.05090730696977131126, 0.05939185813139962605, 0.06363413371221378345, 0.06787640929302794779 ),
 .UNSPECIFIED. ) ;
#5102 = VECTOR ( 'NONE', #692, 1000.000000000000000 ) ;
#5103 = CARTESIAN_POINT ( 'NONE',  ( 99.06336946624642792, -63.39640923772800818, 1.665842413538528133 ) ) ;
#5104 = EDGE_CURVE ( 'NONE', #4400, #564, #3713, .T. ) ;
#5105 = CARTESIAN_POINT ( 'NONE',  ( 3.671957657472765035, -41.61891006581415553, 7.620062377348030047 ) ) ;
#5106 = CARTESIAN_POINT ( 'NONE',  ( -8.820546818096580921, -38.21641429076588281, 1.791100603580174866 ) ) ;
#5107 = ORIENTED_EDGE ( 'NONE', *, *, #3220, .T. ) ;
#5108 = CARTESIAN_POINT ( 'NONE',  ( 54.89384660698920015, -56.13001623236039705, -0.6642926860360910402 ) ) ;
#5109 = UNCERTAINTY_MEASURE_WITH_UNIT (LENGTH_MEASURE( 1.000000000000000082E-05 ), #1462, 'distance_accuracy_value', 'NONE');
#5110 = CARTESIAN_POINT ( 'NONE',  ( -8.703392007569084043, -42.19297934752182755, -2.295826569479319623 ) ) ;
#5111 = CARTESIAN_POINT ( 'NONE',  ( -7.401807531057756684, -41.96528358125363667, -5.120019755907318171 ) ) ;
#5112 = CARTESIAN_POINT ( 'NONE',  ( -26.21676196204818154, -6.042206017375221450, 48.24345566756052506 ) ) ;
#5113 = AXIS2_PLACEMENT_3D ( 'NONE', #699, #191, #155 ) ;
#5114 = DIRECTION ( 'NONE',  ( 0.000000000000000000, 1.000000000000000000, 0.000000000000000000 ) ) ;
#5115 = CARTESIAN_POINT ( 'NONE',  ( -22.00000000000000000, -29.99108561764705172, 18.39439622649887340 ) ) ;
#5116 = CARTESIAN_POINT ( 'NONE',  ( 12.99708902502160335, -38.31026286157671024, 1.719853551493901733 ) ) ;
#5117 = CARTESIAN_POINT ( 'NONE',  ( 7.146293724169524353, -41.92985739883884833, 5.478964201216740548 ) ) ;
#5118 = CARTESIAN_POINT ( 'NONE',  ( -9.000000000000000000, -42.30661100815940046, -7.355114230846949610E-16 ) ) ;
#5119 = CARTESIAN_POINT ( 'NONE',  ( -3.671998297884704776, -41.89111594106904590, -0.3063265003405630238 ) ) ;
#5120 = CARTESIAN_POINT ( 'NONE',  ( 3.672006245935305557, -41.88114297932265373, -1.124021774164253973 ) ) ;
#5121 = CARTESIAN_POINT ( 'NONE',  ( 6.731684883667853114, -37.85280031469066842, 5.976773710335073098 ) ) ;
#5122 = CARTESIAN_POINT ( 'NONE',  ( 0.4875835940438709715, -6.042206017374069482, 58.61996200337879515 ) ) ;
#5123 = FACE_OUTER_BOUND ( 'NONE', #4484, .T. ) ;
#5124 = CARTESIAN_POINT ( 'NONE',  ( -18.00000000000000000, -32.29571161549034741, 26.62793936103274817 ) ) ;
#5125 = CARTESIAN_POINT ( 'NONE',  ( -8.999227307335273096, -42.30449642086633588, 0.1193881998127234861 ) ) ;
#5126 = EDGE_CURVE ( 'NONE', #4902, #3573, #260, .T. ) ;
#5127 = CARTESIAN_POINT ( 'NONE',  ( -12.96219257734862573, -38.25488057632153982, 1.141036768093329323 ) ) ;
#5128 = CARTESIAN_POINT ( 'NONE',  ( 7.698787150631723364, -42.00898088716742507, -4.662068561584852056 ) ) ;
#5129 = B_SPLINE_CURVE_WITH_KNOTS ( 'NONE', 3,
 ( #3163, #4167, #2728, #3107, #5599, #5093, #2172, #300 ),
 .UNSPECIFIED., .F., .F.,
 ( 4, 2, 2, 4 ),
 ( 0.000000000000000000, 0.4299914753570604486, 0.8599829507141208973, 1.000000000000000000 ),
 .UNSPECIFIED. ) ;
#5130 = CARTESIAN_POINT ( 'NONE',  ( 18.29766347263496584, -41.49486386156812756, 8.963701678953759355 ) ) ;
#5131 = CARTESIAN_POINT ( 'NONE',  ( 5.508051010759869470, -41.58978407722754866, -9.179990731482631006 ) ) ;
#5132 = VERTEX_POINT ( 'NONE', #5226 ) ;
#5133 = CARTESIAN_POINT ( 'NONE',  ( -1.702058459057765057E-06, -41.79055256047669786, 0.3063060960499109919 ) ) ;
#5134 = CARTESIAN_POINT ( 'NONE',  ( 15.38776788121581340, -34.82502488481265601, -30.00081737827693473 ) ) ;
#5135 = CARTESIAN_POINT ( 'NONE',  ( 74.06304573125760271, -63.39640923772800818, 3.306842385808574480 ) ) ;
#5136 = CARTESIAN_POINT ( 'NONE',  ( -9.180011546478839435, -42.24575990181089935, 2.077903720864755055 ) ) ;
#5137 = PLANE ( 'NONE',  #3616 ) ;
#5138 = CARTESIAN_POINT ( 'NONE',  ( 85.91728259824829195, -50.78462308660630242, 45.79384632313450254 ) ) ;
#5139 = CARTESIAN_POINT ( 'NONE',  ( -8.803261074653194740, -42.21873120470734619, -1.872060501303972613 ) ) ;
#5140 = CARTESIAN_POINT ( 'NONE',  ( -8.777937933330543174, -42.21186198656708655, -1.988983384230142315 ) ) ;
#5141 = CARTESIAN_POINT ( 'NONE',  ( 103.1449999999999960, -64.66763823405520384, -3.513069802952425362E-14 ) ) ;
#5142 = CARTESIAN_POINT ( 'NONE',  ( 226.6457644257074833, -6.042206017375390203, -137.7671940876994086 ) ) ;
#5143 = CARTESIAN_POINT ( 'NONE',  ( -1.672020900077812344, -38.31026286157671024, 13.00332901501098171 ) ) ;
#5144 = CARTESIAN_POINT ( 'NONE',  ( 8.995423483506332474, -42.29504149101252608, 0.3038504695440116254 ) ) ;
#5145 = CARTESIAN_POINT ( 'NONE',  ( -44.90729918175797053, 9.999999999999998224, -12.86410655089384392 ) ) ;
#5146 = CARTESIAN_POINT ( 'NONE',  ( -5.508001134620349681, -41.97551094595849719, 0.2041734575973070120 ) ) ;
#5147 = CARTESIAN_POINT ( 'NONE',  ( -3.671961991660209979, -41.66660398508295060, -6.840072694917419760 ) ) ;
#5148 = CARTESIAN_POINT ( 'NONE',  ( 2.917416109680905034, -37.51414491491735959, 8.536182637291371833 ) ) ;
#5149 = CARTESIAN_POINT ( 'NONE',  ( 73.73663053375359766, -63.39640923772800818, -1.665842413485758788 ) ) ;
#5150 = CARTESIAN_POINT ( 'NONE',  ( -50.44155606044890305, -4.666310668119850291, -15.20596206432331243 ) ) ;
#5151 = CARTESIAN_POINT ( 'NONE',  ( 143.7929854930261513, -6.042206017417952602, 99.54331454053081529 ) ) ;
#5152 = CARTESIAN_POINT ( 'NONE',  ( -8.975870179807019511, -42.28072554625772739, 0.6586045060788918715 ) ) ;
#5153 = EDGE_CURVE ( 'NONE', #5994, #550, #3767, .T. ) ;
#5154 = CARTESIAN_POINT ( 'NONE',  ( -22.00000000000000355, -6.042206017375267635, -48.91981981132212809 ) ) ;
#5155 = CARTESIAN_POINT ( 'NONE',  ( 8.455572639940095669, -42.13905755224761407, -3.083693211232249265 ) ) ;
#5156 = DIRECTION ( 'NONE',  ( 0.000000000000000000, 0.000000000000000000, 1.000000000000000000 ) ) ;
#5157 = CARTESIAN_POINT ( 'NONE',  ( -5.508051010759899668, -41.58978407742775119, 9.179990731482641664 ) ) ;
#5158 = ORIENTED_EDGE ( 'NONE', *, *, #3004, .F. ) ;
#5159 = CARTESIAN_POINT ( 'NONE',  ( 7.344001701944699256, -42.11316865321069969, -0.3062652874686330184 ) ) ;
#5160 = CARTESIAN_POINT ( 'NONE',  ( 10.36603187619854793, -38.31026286157675287, 7.958962405054918143 ) ) ;
#5161 = CARTESIAN_POINT ( 'NONE',  ( 97.85470350606067313, -63.39640923772800818, 5.650095089581766317 ) ) ;
#5162 = CIRCLE ( 'NONE', #3434, 16.74500000000000099 ) ;
#5163 = CARTESIAN_POINT ( 'NONE',  ( 9.179978988388580063, -42.16512765717559574, 3.781320175800355177 ) ) ;
#5164 = CARTESIAN_POINT ( 'NONE',  ( 5.092691338907848753, -41.70687258445905599, 7.426367982538566892 ) ) ;
#5165 = CARTESIAN_POINT ( 'NONE',  ( 7.564894589301595751, -37.18901298780652098, 10.50779727916088113 ) ) ;
#5166 = CARTESIAN_POINT ( 'NONE',  ( 40.61378573902864986, -50.78462308660630242, -0.9653811709553810072 ) ) ;
#5167 = AXIS2_PLACEMENT_3D ( 'NONE', #6248, #4743, #5643 ) ;
#5168 = CARTESIAN_POINT ( 'NONE',  ( -9.443083818365986204, -38.30966232310072428, 0.1306908001299727506 ) ) ;
#5169 = CARTESIAN_POINT ( 'NONE',  ( 96.53238574791006954, -63.39640923772801528, -7.776272001999588568 ) ) ;
#5170 = AXIS2_PLACEMENT_3D ( 'NONE', #4424, #3474, #1660 ) ;
#5171 = CARTESIAN_POINT ( 'NONE',  ( -23.91435553702712014, -6.042206163896855386, 48.81099545576654464 ) ) ;
#5172 = CARTESIAN_POINT ( 'NONE',  ( 9.179948989012640226, -41.81641118679824842, 9.180072348645209601 ) ) ;
#5173 = CARTESIAN_POINT ( 'NONE',  ( 8.767197443539377133, -42.20836885425534035, -2.055276000501592204 ) ) ;
#5174 = CARTESIAN_POINT ( 'NONE',  ( -22.00000000000000711, -6.042206018788412791, 30.21270776850018436 ) ) ;
#5175 = CARTESIAN_POINT ( 'NONE',  ( -7.343994890303470413, -42.10820886388219719, -0.9195723142456169175 ) ) ;
#5176 = CARTESIAN_POINT ( 'NONE',  ( -3.671978988473910022, -41.81616949220065038, -3.781289569364395309 ) ) ;
#5177 = CARTESIAN_POINT ( 'NONE',  ( 3.772456925134824335, -37.56763139286850617, 8.171459796217606097 ) ) ;
#5178 = CARTESIAN_POINT ( 'NONE',  ( 76.79641648567654499, -63.39640923772800818, -8.420619387968189429 ) ) ;
#5179 = CARTESIAN_POINT ( 'NONE',  ( -39.28714233003034906, 10.00000000000000533, 6.040382153670546650 ) ) ;
#5180 = CARTESIAN_POINT ( 'NONE',  ( 185.3328331859785010, -6.042206017371060334, 1.387778780781449935E-14 ) ) ;
#5181 = CARTESIAN_POINT ( 'NONE',  ( -8.532498017756561026, -42.15467864010521737, 2.867048576173331309 ) ) ;
#5182 = CARTESIAN_POINT ( 'NONE',  ( -10.53307570939706395, -37.64487070752127806, 7.631214811790353103 ) ) ;
#5183 = CARTESIAN_POINT ( 'NONE',  ( 0.4875835940438709715, -6.042206017374069482, 58.61996200337879515 ) ) ;
#5184 = CARTESIAN_POINT ( 'NONE',  ( 13.98369566551541077, -31.82067221183763195, 35.15333754117659737 ) ) ;
#5185 = CARTESIAN_POINT ( 'NONE',  ( -5.507948989069539891, -41.58977544978714747, -9.180051944354559623 ) ) ;
#5186 = ORIENTED_EDGE ( 'NONE', *, *, #4337, .F. ) ;
#5187 = CARTESIAN_POINT ( 'NONE',  ( 9.180005109440639188, -42.29214137114305316, -0.9194804949377219927 ) ) ;
#5188 = CARTESIAN_POINT ( 'NONE',  ( 19.92775606846375780, -38.48506133258187845, -132.9444878630724531 ) ) ;
#5189 = CARTESIAN_POINT ( 'NONE',  ( -71.46669839058749574, -70.00000000000000000, 137.9613978004092019 ) ) ;
#5190 = CARTESIAN_POINT ( 'NONE',  ( -9.180006245850039548, -42.28221066252150706, 1.123991167728281892 ) ) ;
#5191 = DIRECTION ( 'NONE',  ( -1.000000000000000000, 3.074555195481525416E-16, -1.561327534128339757E-31 ) ) ;
#5192 = CARTESIAN_POINT ( 'NONE',  ( 117.9131557670229995, -56.13001623236039705, 1.387778780781445991E-14 ) ) ;
#5193 = ADVANCED_FACE ( 'NONE', ( #3178 ), #627, .F. ) ;
#5194 = CARTESIAN_POINT ( 'NONE',  ( -1.665942862881365283, -36.71602838584379214, 12.89999282206905740 ) ) ;
#5195 = CARTESIAN_POINT ( 'NONE',  ( 98.73695426875512737, -63.39640923772800818, -3.306842385774028337 ) ) ;
#5196 = CARTESIAN_POINT ( 'NONE',  ( 190.4059769339625063, -6.042206017374129878, 1.510441131475985042E-14 ) ) ;
#5197 = DIRECTION ( 'NONE',  ( 0.000000000000000000, 0.000000000000000000, 1.000000000000000000 ) ) ;
#5198 = CARTESIAN_POINT ( 'NONE',  ( 7.344038008169199827, -41.85265049061969478, -6.840011482045489366 ) ) ;
#5199 = CARTESIAN_POINT ( 'NONE',  ( -8.856036636385336891, -42.23367245003134940, -1.610322157358902606 ) ) ;
#5200 = CARTESIAN_POINT ( 'NONE',  ( 3.672006245935305557, -41.88114297932265373, -1.124021774164253973 ) ) ;
#5201 = CARTESIAN_POINT ( 'NONE',  ( 5.508011546535679592, -41.96222113973674794, -2.077924125155405033 ) ) ;
#5202 = CARTESIAN_POINT ( 'NONE',  ( 6.557977695660026640, -37.83080353314849731, 6.164598778401613188 ) ) ;
#5203 = ORIENTED_EDGE ( 'NONE', *, *, #4257, .T. ) ;
#5204 = CARTESIAN_POINT ( 'NONE',  ( -38.05369335043265266, 10.00000000000000178, 9.540979117872439019E-15 ) ) ;
#5205 = CARTESIAN_POINT ( 'NONE',  ( -2.085039218719965337, -36.74423809750319236, 12.76871280136123055 ) ) ;
#5206 = CARTESIAN_POINT ( 'NONE',  ( 99.14499999999999602, -63.39640923772800818, 1.560812345513310002E-15 ) ) ;
#5207 = CARTESIAN_POINT ( 'NONE',  ( -7.558867568691610472, -41.98810925883779532, 4.885336354085222155 ) ) ;
#5208 = CARTESIAN_POINT ( 'NONE',  ( 190.8134217086287663, -5.512702099187771765, 208.8268434172573507 ) ) ;
#5209 = CARTESIAN_POINT ( 'NONE',  ( 8.327804452919995271, -42.11438430527874033, -3.412883279986052010 ) ) ;
#5210 = CARTESIAN_POINT ( 'NONE',  ( 11.33627237045177338, -26.45621838515427982, 42.26685389004814652 ) ) ;
#5211 = CARTESIAN_POINT ( 'NONE',  ( 9.179953323200049198, -41.87591202975680460, 8.400082666214601090 ) ) ;
#5212 = ORIENTED_EDGE ( 'NONE', *, *, #273, .F. ) ;
#5213 = CARTESIAN_POINT ( 'NONE',  ( -7.343994890303470413, -42.10820886388219719, -0.9195723142456169175 ) ) ;
#5214 = CARTESIAN_POINT ( 'NONE',  ( 132.1963904380766337, -50.78462308660662217, -91.59278087615335551 ) ) ;
#5215 = CARTESIAN_POINT ( 'NONE',  ( -3.672016847192949740, -41.84322007454385073, 3.031846880437194969 ) ) ;
#5216 = DIRECTION ( 'NONE',  ( 1.000000000000000000, -1.334604752262064725E-16, 0.000000000000000000 ) ) ;
#5217 = CARTESIAN_POINT ( 'NONE',  ( -1.154662100978626087E-05, -41.78218312135540202, 2.077954731591364901 ) ) ;
#5218 = CARTESIAN_POINT ( 'NONE',  ( 2.138841809898338830, -36.74487250773795921, 12.76600127530192630 ) ) ;
#5219 = CARTESIAN_POINT ( 'NONE',  ( 152.8722439315365023, -38.48506133258189976, 8.140502076289799479E-15 ) ) ;
#5220 = FACE_BOUND ( 'NONE', #2386, .T. ) ;
#5221 = CARTESIAN_POINT ( 'NONE',  ( -7.343988453265300365, -42.08122616269734806, -2.077995540172655087 ) ) ;
#5222 = CARTESIAN_POINT ( 'NONE',  ( -9.736987985014186719, -37.50193715905653136, 8.616208778883120090 ) ) ;
#5223 = VECTOR ( 'NONE', #4692, 1000.000000000000000 ) ;
#5224 = CARTESIAN_POINT ( 'NONE',  ( 62.18275481095519552, -57.95386985700429960, -5.931514360986089564E-15 ) ) ;
#5225 = PRODUCT_DEFINITION_FORMATION_WITH_SPECIFIED_SOURCE ( 'ANY', '', #5831, .NOT_KNOWN. ) ;
#5226 = CARTESIAN_POINT ( 'NONE',  ( 73.65500000000000114, -63.39640923772801528, 2.829958489769524085E-14 ) ) ;
#5227 = CARTESIAN_POINT ( 'NONE',  ( 9.179953323200049198, -41.87591202975680460, 8.400082666214601090 ) ) ;
#5228 = CARTESIAN_POINT ( 'NONE',  ( -8.949429683871731100, -42.26731672399410655, -0.9567745974401231646 ) ) ;
#5229 = CARTESIAN_POINT ( 'NONE',  ( -8.997758442699089088, -42.30129188270660023, 0.2011373282754410075 ) ) ;
#5230 = CARTESIAN_POINT ( 'NONE',  ( -0.5000963583086147635, -37.44191955088984258, 9.003512763103392658 ) ) ;
#5231 = CARTESIAN_POINT ( 'NONE',  ( 8.948606360557995743, -38.25548027042452759, 1.125373774208785704 ) ) ;
#5232 = DIRECTION ( 'NONE',  ( -0.000000000000000000, 1.000000000000000000, 0.000000000000000000 ) ) ;
#5233 = EDGE_CURVE ( 'NONE', #2150, #4400, #1057, .T. ) ;
#5234 = CARTESIAN_POINT ( 'NONE',  ( -10.98881410583139129, -37.74207041095794324, 6.895509932044320500 ) ) ;
#5235 = CARTESIAN_POINT ( 'NONE',  ( 7.311017052102897651, -18.71556303013260347, -49.85950312325343248 ) ) ;
#5236 = CARTESIAN_POINT ( 'NONE',  ( -3.646043125790753070, -41.59938879987536353, 8.228822675340120796 ) ) ;
#5237 = FACE_OUTER_BOUND ( 'NONE', #3478, .T. ) ;
#5238 = CARTESIAN_POINT ( 'NONE',  ( 8.975529510507598729, -42.28057244686963401, -0.6632310202208752115 ) ) ;
#5239 = CARTESIAN_POINT ( 'NONE',  ( 8.967639082058475708, -42.27619549234614027, 0.7660806377301332404 ) ) ;
#5240 = CARTESIAN_POINT ( 'NONE',  ( 7.343953323228490149, -41.74792629672320032, 8.400072464069278766 ) ) ;
#5241 = CARTESIAN_POINT ( 'NONE',  ( -3.672038008226089723, -41.66660914934225701, 6.840031886336140232 ) ) ;
#5242 = ORIENTED_EDGE ( 'NONE', *, *, #2548, .T. ) ;
#5243 = ORIENTED_EDGE ( 'NONE', *, *, #3151, .T. ) ;
#5244 = CARTESIAN_POINT ( 'NONE',  ( -5.507993753922540314, -41.96795358722095415, -1.124072784890862042 ) ) ;
#5245 = CARTESIAN_POINT ( 'NONE',  ( -18.00000000000000000, -38.30611622139949901, -0.03690425908144105011 ) ) ;
#5246 = CARTESIAN_POINT ( 'NONE',  ( 9.179983152608029329, -42.20094904025864935, 3.031918295454445023 ) ) ;
#5247 = CARTESIAN_POINT ( 'NONE',  ( 14.64256021888410331, -6.042206017375214344, 75.48903588670135889 ) ) ;
#5248 = CARTESIAN_POINT ( 'NONE',  ( -11.73814137810605374, -38.30723677049618914, 0.06576237071710418214 ) ) ;
#5249 = CARTESIAN_POINT ( 'NONE',  ( 9.179988453236822110, -42.24575219287114436, 2.078005742317974747 ) ) ;
#5250 = CARTESIAN_POINT ( 'NONE',  ( 11.23108376326115554, -37.79273109955980203, 6.482805248775813212 ) ) ;
#5251 = VECTOR ( 'NONE', #4868, 1000.000000000000000 ) ;
#5252 = ORIENTED_EDGE ( 'NONE', *, *, #4460, .F. ) ;
#5253 = CARTESIAN_POINT ( 'NONE',  ( 190.4059769339629895, -6.042206017373020543, -208.0119538679261098 ) ) ;
#5254 = EDGE_CURVE ( 'NONE', #1429, #3726, #5582, .T. ) ;
#5255 = CARTESIAN_POINT ( 'NONE',  ( -3.671988453322155177, -41.86434037993399215, -2.077975135882014879 ) ) ;
#5256 = CARTESIAN_POINT ( 'NONE',  ( -9.875477856438122259, -37.52585552920039902, 8.457172895312055516 ) ) ;
#5257 = CARTESIAN_POINT ( 'NONE',  ( -8.988786243318756419, -42.28935717106628545, -0.4491583642122192743 ) ) ;
#5258 = CARTESIAN_POINT ( 'NONE',  ( 8.970275439485451585, -42.27742094236218406, 0.7438990237136934303 ) ) ;
#5259 = CARTESIAN_POINT ( 'NONE',  ( -9.180042342328199823, -41.93205553898625482, 7.619990962330779105 ) ) ;
#5260 = CARTESIAN_POINT ( 'NONE',  ( 8.883318497002031577, -42.24139710891282107, -1.475019117010876180 ) ) ;
#5261 = LINE ( 'NONE', #63, #3238 ) ;
#5262 = CARTESIAN_POINT ( 'NONE',  ( -25.86076481145322958, -6.051661402597082962, -50.55761460138945296 ) ) ;
#5263 = CARTESIAN_POINT ( 'NONE',  ( 8.782291528975603612, -38.20433808602629000, 1.989311685497564319 ) ) ;
#5264 = B_SPLINE_CURVE_WITH_KNOTS ( 'NONE', 3,
 ( #2426, #1950, #3147, #1565, #3119, #225, #5046, #5522, #4468, #2522, #4536, #6002, #4945, #635, #1097, #5493, #2554, #598, #159, #5553, #4029, #1168, #126, #729, #3056, #3090, #1132, #1673, #5018, #5455, #2652, #3486, #2082, #5966, #2151, #3993, #703, #5419, #2186, #2622, #4062, #5895, #1703, #668, #3588, #3522, #4566, #4436, #5930, #1601, #2590, #3023, #3619, #4982, #4504, #195, #2117, #1636, #1196, #3557, #255, #4092, #6031, #2048, #1224, #3958, #760, #2684, #5076, #2215, #4596, #284, #2216, #1736, #5524, #1766, #1198, #4569, #5555, #3650, #5048, #6004, #6092, #1640, #1705, #1170, #5585, #1227, #2155, #3149, #2248, #2655, #2188, #2277, #4539, #228, #3121, #3560, #3092, #731, #257, #6064, #6033, #705, #4094, #5969, #5020, #5079, #3622, #3590, #3207, #2624, #4065, #763, #5111, #2686, #4124, #1258, #4598, #3679, #287, #3177, #792, #2715, #821, #1675, #5612, #5495, #4627, #318, #4153, #1286, #5140, #2745, #4656, #347, #402, #497, #2775, #4684, #3736, #5671, #5764, #1793, #6150, #2303, #3325, #1404, #6246, #4268, #1435, #2331, #4180, #464, #4236, #5257, #1914, #938, #4207 ),
 .UNSPECIFIED., .F., .F.,
 ( 4, 2, 1, 2, 2, 2, 1, 1, 1, 1, 2, 2, 2, 2, 1, 1, 2, 2, 2, 1, 1, 2, 2, 2, 2, 1, 1, 1, 2, 2, 2, 2, 1, 1, 1, 2, 2, 2, 1, 1, 1, 1, 2, 2, 2, 2, 2, 1, 1, 1, 2, 2, 2, 2, 2, 1, 1, 1, 1, 1, 2, 2, 2, 2, 2, 1, 1, 1, 2, 2, 2, 1, 1, 2, 2, 2, 2, 1, 1, 2, 2, 2, 2, 1, 1, 2, 2, 2, 1, 1, 1, 1, 2, 2, 2, 1, 1, 1, 2, 2, 4 ),
 ( 0.000000000000000000, 0.003906250000000664399, 0.005859375000000996599, 0.006835937500001150989, 0.007812500000001306247, 0.01562500000000258474, 0.01953125000000323006, 0.02148437500000355965, 0.02246093750000372619, 0.02294921875000382680, 0.02319335937500387190, 0.02343750000000391701, 0.02734375000000456579, 0.02929687500000489192, 0.03027343750000505845, 0.03076171875000512437, 0.03100585937500515560, 0.03125000000000518335, 0.04687500000000561357, 0.05468750000000584949, 0.05859375000000597439, 0.06054687500000602990, 0.06250000000000607847, 0.09375000000000789646, 0.1093750000000087708, 0.1171875000000092010, 0.1210937500000093953, 0.1230468750000094647, 0.1240234375000095063, 0.1250000000000095479, 0.1562500000000106581, 0.1718750000000111577, 0.1796875000000113520, 0.1835937500000114631, 0.1855468750000114908, 0.1865234375000114908, 0.1875000000000114908, 0.2187500000000115186, 0.2343750000000116296, 0.2421875000000116851, 0.2460937500000117129, 0.2480468750000117684, 0.2490234375000117684, 0.2500000000000117684, 0.3125000000000123790, 0.3437500000000127121, 0.3593750000000129896, 0.3671875000000131561, 0.3710937500000132117, 0.3730468750000132672, 0.3740234375000132672, 0.3750000000000132672, 0.5000000000000138778, 0.5625000000000143219, 0.5937500000000144329, 0.6093750000000145439, 0.6171875000000146549, 0.6210937500000146549, 0.6230468750000146549, 0.6240234375000146549, 0.6245117187500147660, 0.6250000000000147660, 0.6875000000000127676, 0.7187500000000118794, 0.7343750000000114353, 0.7421875000000113243, 0.7460937500000112133, 0.7480468750000112133, 0.7490234375000113243, 0.7500000000000113243, 0.7812500000000103251, 0.7968750000000098810, 0.8046875000000096589, 0.8085937500000095479, 0.8125000000000094369, 0.8437500000000076605, 0.8593750000000067724, 0.8671875000000063283, 0.8710937500000061062, 0.8730468750000059952, 0.8750000000000057732, 0.9062500000000038858, 0.9218750000000028866, 0.9296875000000024425, 0.9335937500000022204, 0.9355468750000021094, 0.9375000000000019984, 0.9531250000000015543, 0.9609375000000013323, 0.9648437500000012212, 0.9667968750000011102, 0.9677734375000011102, 0.9682617187500009992, 0.9687500000000009992, 0.9765625000000008882, 0.9804687500000008882, 0.9824218750000008882, 0.9833984375000008882, 0.9838867187500007772, 0.9843750000000007772, 1.000000000000000000 ),
 .UNSPECIFIED. ) ;
#5265 = CARTESIAN_POINT ( 'NONE',  ( -11.79345348733379240, -37.91519949073440188, 5.410028484558130124 ) ) ;
#5266 = DIRECTION ( 'NONE',  ( -1.000000000000000000, 3.074555195481525416E-16, -1.561327534128339757E-31 ) ) ;
#5267 = CARTESIAN_POINT ( 'NONE',  ( -8.848755923042784133, -42.23171565814552508, 1.643727130476765996 ) ) ;
#5268 = CARTESIAN_POINT ( 'NONE',  ( 6.885508015544172800, -37.09387806683187705, 11.02734373404052448 ) ) ;
#5269 = CARTESIAN_POINT ( 'NONE',  ( -6.333327191721257243, -41.83046221455767011, -6.394457807963484619 ) ) ;
#5270 = CARTESIAN_POINT ( 'NONE',  ( 9.179953323200049198, -41.87591202975680460, 8.400082666214601090 ) ) ;
#5271 = CARTESIAN_POINT ( 'NONE',  ( -3.672003405763780481, -41.88853576663194644, 0.6128983965664729361 ) ) ;
#5272 = ORIENTED_EDGE ( 'NONE', *, *, #1900, .F. ) ;
#5273 = EDGE_LOOP ( 'NONE', ( #1620, #928, #1150, #2764 ) ) ;
#5274 = CARTESIAN_POINT ( 'NONE',  ( 3.672038008226059969, -41.66660914958405471, -6.840031886336140232 ) ) ;
#5275 = CARTESIAN_POINT ( 'NONE',  ( -6.282442621485420098, -13.94371515320776034, -2.270065133871209932E-14 ) ) ;
#5276 = CARTESIAN_POINT ( 'NONE',  ( -5.508029509790809186, -41.83478860845939806, 5.310630121414299687 ) ) ;
#5277 = B_SPLINE_SURFACE_WITH_KNOTS ( 'NONE', 5, 5, ( 
 ( #940, #2900, #3328, #2427, #3768, #2869, #4338, #6215, #5172 ),
 ( #4712, #2803, #405, #2333, #4240, #5704, #1374, #1917, #5227 ),
 ( #5259, #4776, #1951, #1468, #3863, #5321, #5798, #3391, #1840 ),
 ( #4762, #1394, #2412, #988, #6202, #1869, #2350, #3759, #3377 ),
 ( #3815, #552, #5276, #5307, #424, #5694, #3849, #5814, #2854 ),
 ( #485, #454, #1968, #4732, #3787, #957, #5783, #5723, #4322 ),
 ( #3406, #1935, #14, #5215, #1454, #2915, #2382, #1364, #5246 ),
 ( #4388, #3318, #930, #3286, #900, #4289, #1016, #46, #4795 ),
 ( #4828, #6235, #5338, #515, #2443, #4258, #4357, #5755, #3880 ),
 ( #1425, #2822, #1485, #2944, #4861, #1903, #3346, #2475, #2886 ),
 ( #1304, #3114, #5041, #367, #3169, #2267, #784, #4056, #3671 ),
 ( #2707, #3642, #2209, #842, #5133, #1249, #4173, #3610, #5995 ),
 ( #5605, #1665, #4617, #3582, #6112, #278, #308, #4591, #3200 ),
 ( #2676, #1785, #725, #4087, #5099, #1757, #6025, #2237, #2647 ),
 ( #4145, #6083, #1191, #1277, #813, #4114, #5515, #1218, #4561 ),
 ( #5546, #250, #5576, #2737, #4647, #2180, #3700, #5159, #1696 ),
 ( #3141, #6056, #337, #5070, #753, #1727, #5633, #3227, #2765 ),
 ( #4675, #5213, #2410, #1933, #4287, #2820, #3813, #4792, #5187 ),
 ( #4702, #2793, #5244, #3375, #2321, #4320, #4198, #4255, #3727 ),
 ( #1423, #12, #5753, #6168, #2851, #6142, #6200, #2884, #5305 ),
 ( #2295, #4760, #1813, #3846, #4729, #451, #422, #3343, #929 ),
 ( #5661, #897, #985, #2348, #2380, #6233, #393, #5781, #1837 ),
 ( #1452, #1333, #2913, #1867, #1901, #3785, #3257, #4227, #482 ),
 ( #5721, #870, #4826, #5692, #1390, #5274, #3756, #1362, #955 ),
 ( #3284, #3316, #3910, #3437, #178, #3539, #5438, #1549, #513 ),
 ( #1117, #4419, #5474, #1082, #5403, #1014, #1152, #1966, #618 ),
 ( #1514, #2101, #3007, #3469, #3978, #4386, #5370, #110, #5812 ) ),
 .UNSPECIFIED., .F., .F., .F.,
 ( 6, 3, 3, 3, 3, 3, 3, 3, 6 ),
 ( 6, 3, 6 ),
 ( -9.180021338060340597, -5.280072925847080434, -1.533063524059694815, -0.5105101600910710857, 3.552713678800500140E-15, 0.5105101600910760817, 1.533063524059699922, 5.280072925847080434, 9.180021338060329938 ),
 ( -9.179999999999569837, -1.776356839400250070E-15, 9.179999999999560956 ),
 .UNSPECIFIED. ) ;
#5278 = CARTESIAN_POINT ( 'NONE',  ( -71.46669839058749574, 10.00000000000000000, 137.9613978004092019 ) ) ;
#5279 = CARTESIAN_POINT ( 'NONE',  ( -8.998799112008940781, -38.30460735910270387, 0.1467910492799149869 ) ) ;
#5280 = CARTESIAN_POINT ( 'NONE',  ( 3.672003405763750283, -41.88853576701350079, -0.6128983965664819289 ) ) ;
#5281 = CARTESIAN_POINT ( 'NONE',  ( -8.514501561721793621, -37.31857602851670208, 9.762868717267437546 ) ) ;
#5282 = EDGE_CURVE ( 'NONE', #2651, #2457, #1581, .T. ) ;
#5283 = ORIENTED_EDGE ( 'NONE', *, *, #3229, .F. ) ;
#5284 = CARTESIAN_POINT ( 'NONE',  ( 86.40000000000000568, -63.39640923772801528, 0.000000000000000000 ) ) ;
#5285 = EDGE_CURVE ( 'NONE', #1812, #549, #5264, .T. ) ;
#5286 = CARTESIAN_POINT ( 'NONE',  ( 152.8722439315365023, -38.48506133258189976, 8.140502076289799479E-15 ) ) ;
#5287 = CARTESIAN_POINT ( 'NONE',  ( -38.37760923698963467, 2.352175254748100297, 3.153003375569618516 ) ) ;
#5288 = CARTESIAN_POINT ( 'NONE',  ( 94.17623189238899784, -63.39640923772800818, -10.13232571964908679 ) ) ;
#5289 = CARTESIAN_POINT ( 'NONE',  ( 7.500029183467010085, -37.96020438526173280, 4.974904105732572468 ) ) ;
#5290 = CARTESIAN_POINT ( 'NONE',  ( -8.426122146518292055, -42.13266915204925311, 3.176170666240988094 ) ) ;
#5291 = CYLINDRICAL_SURFACE ( 'NONE', #1643, 16.74499999999999744 ) ;
#5292 = CARTESIAN_POINT ( 'NONE',  ( 9.180021011327060165, -42.16513681420755688, -3.781218154347145255 ) ) ;
#5293 = CARTESIAN_POINT ( 'NONE',  ( -0.5974324343047353603, -41.48890415499061390, -8.999546381583131804 ) ) ;
#5294 = FACE_OUTER_BOUND ( 'NONE', #4055, .T. ) ;
#5295 = CARTESIAN_POINT ( 'NONE',  ( -8.110704132748063344, -38.06125313190173642, 3.901528963378271264 ) ) ;
#5296 = CARTESIAN_POINT ( 'NONE',  ( -8.984592505527473350, -37.38925013460760027, 9.334770351991149795 ) ) ;
#5297 = CARTESIAN_POINT ( 'NONE',  ( 191.2208664832945999, -4.983198181002492788, -209.6417329665892453 ) ) ;
#5298 = CARTESIAN_POINT ( 'NONE',  ( -7.819439672422353382, -42.02750578901800083, 4.458832881371064261 ) ) ;
#5299 = FACE_OUTER_BOUND ( 'NONE', #1081, .T. ) ;
#5300 = CARTESIAN_POINT ( 'NONE',  ( 3.912457898415214075, -41.61626926117560998, -8.106157219278410153 ) ) ;
#5301 = CARTESIAN_POINT ( 'NONE',  ( 8.323817640727634526, -20.63285671401103016, 48.18823090778901275 ) ) ;
#5302 = CARTESIAN_POINT ( 'NONE',  ( 5.507993753922509228, -41.96795358764840245, 1.124072784890854049 ) ) ;
#5303 = ORIENTED_EDGE ( 'NONE', *, *, #5254, .T. ) ;
#5304 = ORIENTED_EDGE ( 'NONE', *, *, #487, .F. ) ;
#5305 = CARTESIAN_POINT ( 'NONE',  ( 9.180011546478818119, -42.24575990172670004, -2.077903720864759940 ) ) ;
#5306 = CARTESIAN_POINT ( 'NONE',  ( -12.62887738417395944, -38.31026286157675287, 3.453411729463769397 ) ) ;
#5307 = CARTESIAN_POINT ( 'NONE',  ( -3.672029509819239923, -41.75190828326094561, 5.310640323559619347 ) ) ;
#5308 = VECTOR ( 'NONE', #970, 1000.000000000000000 ) ;
#5309 = CARTESIAN_POINT ( 'NONE',  ( 186.9219383906775818, -6.042206017375293392, 27.25921137927154092 ) ) ;
#5310 = DIRECTION ( 'NONE',  ( -0.000000000000000000, -1.000000000000000000, -0.000000000000000000 ) ) ;
#5311 = CARTESIAN_POINT ( 'NONE',  ( 9.179998297799379259, -42.31469511203059852, 0.3063571067765190059 ) ) ;
#5312 = CARTESIAN_POINT ( 'NONE',  ( -11.60914705300976024, -37.87349449576385751, 5.791058151867142456 ) ) ;
#5313 = EDGE_LOOP ( 'NONE', ( #3537, #5604, #2047, #5352, #4113, #3538, #2039, #4353 ) ) ;
#5314 = CARTESIAN_POINT ( 'NONE',  ( 110.6172451890449935, -57.95386985700429960, 0.000000000000000000 ) ) ;
#5315 = CARTESIAN_POINT ( 'NONE',  ( -22.00000000000000000, -6.042206018789235245, -58.61996200176569971 ) ) ;
#5316 = CARTESIAN_POINT ( 'NONE',  ( -2.614125386566707565, -36.75154455612411653, 12.73490570708300496 ) ) ;
#5317 = CARTESIAN_POINT ( 'NONE',  ( -22.00000000000000711, -6.042206018788409239, 46.87937443516684510 ) ) ;
#5318 = CARTESIAN_POINT ( 'NONE',  ( 0.4875835940452989958, -6.042206017375219673, 58.61996200337869567 ) ) ;
#5319 = CARTESIAN_POINT ( 'NONE',  ( -2.657880503321209176, -37.50429804910606180, 8.599890061988839207 ) ) ;
#5320 = CARTESIAN_POINT ( 'NONE',  ( -8.767197443539199497, -42.20836885425361373, 2.055276000542628267 ) ) ;
#5321 = CARTESIAN_POINT ( 'NONE',  ( 3.671957657472765035, -41.61891006581415553, 7.620062377348030047 ) ) ;
#5322 = CARTESIAN_POINT ( 'NONE',  ( 89.70684238580055592, -63.39640923772800818, 12.33695426874061063 ) ) ;
#5323 = CARTESIAN_POINT ( 'NONE',  ( 7.344042342356609687, -41.80212089860880553, -7.620001164476099653 ) ) ;
#5324 = CARTESIAN_POINT ( 'NONE',  ( 8.999999999999991118, -38.30840103693655863, -1.888183232402019824E-14 ) ) ;
#5325 =( BOUNDED_SURFACE ( )  B_SPLINE_SURFACE ( 3, 3, ( 
 ( #3376, #1902, #1838, #2322 ),
 ( #45, #6234, #1424, #5275 ),
 ( #4827, #423, #483, #4356 ),
 ( #5813, #4321, #5782, #1453 ),
 ( #1484, #2349, #5188, #871 ),
 ( #2794, #3758, #4228, #4256 ),
 ( #1363, #5214, #6201, #1585 ),
 ( #583, #5984, #4421, #1015 ),
 ( #5336, #4387, #111, #3540 ),
 ( #5439, #3944, #4965, #5949 ) ),
 .UNSPECIFIED., .F., .F., .F. ) 
 B_SPLINE_SURFACE_WITH_KNOTS ( ( 4, 2, 2, 2, 4 ),
 ( 4, 4 ),
 ( 0.000000000000000000, 0.2500000000000000000, 0.5000000000000000000, 0.7500000000000000000, 1.000000000000000000 ),
 ( 0.000000000000000000, 1.000000000000000000 ),
 .UNSPECIFIED. ) 
 GEOMETRIC_REPRESENTATION_ITEM ( )  RATIONAL_B_SPLINE_SURFACE ( (
 ( 1.000000000000000000, 0.3333333333333335369, 0.3333333333333335369, 1.000000000000000000),
 ( 1.000000000000000000, 0.3333333333333335369, 0.3333333333333335369, 1.000000000000000000),
 ( 1.000000000000000000, 0.3333333333333335369, 0.3333333333333335369, 1.000000000000000000),
 ( 1.000000000000000000, 0.3333333333333335369, 0.3333333333333335369, 1.000000000000000000),
 ( 1.000000000000000000, 0.3333333333333335369, 0.3333333333333335369, 1.000000000000000000),
 ( 1.000000000000000000, 0.3333333333333335369, 0.3333333333333335369, 1.000000000000000000),
 ( 1.000000000000000000, 0.3333333333333335369, 0.3333333333333335369, 1.000000000000000000),
 ( 1.000000000000000000, 0.3333333333333335369, 0.3333333333333335369, 1.000000000000000000),
 ( 1.000000000000000000, 0.3333333333333335369, 0.3333333333333335369, 1.000000000000000000),
 ( 1.000000000000000000, 0.3333333333333335369, 0.3333333333333335369, 1.000000000000000000) ) ) 
 REPRESENTATION_ITEM ( '' )  SURFACE ( )  );
#5326 = CARTESIAN_POINT ( 'NONE',  ( 7.393069536776651240, -37.16722442184875064, 10.62866883080903513 ) ) ;
#5327 = CARTESIAN_POINT ( 'NONE',  ( 7.986599104362640311, -19.99280893013859028, -48.75845650183669733 ) ) ;
#5328 = CARTESIAN_POINT ( 'NONE',  ( 8.988442634721092617, -42.28908435527755927, 0.4559948064590275685 ) ) ;
#5329 = CARTESIAN_POINT ( 'NONE',  ( 7.065338128244418314, -37.11519604795815042, 10.91295853447022424 ) ) ;
#5330 = CARTESIAN_POINT ( 'NONE',  ( -3.442120465610770452, -41.58730849588243217, -8.315757926436258884 ) ) ;
#5331 = CARTESIAN_POINT ( 'NONE',  ( -9.180042342328199823, -41.93205553898625482, 7.619990962330779105 ) ) ;
#5332 = CARTESIAN_POINT ( 'NONE',  ( 7.343983152636440082, -42.05000831296264607, 3.031908093309124919 ) ) ;
#5333 = EDGE_LOOP ( 'NONE', ( #5720, #1965, #2617, #759 ) ) ;
#5334 = EDGE_LOOP ( 'NONE', ( #3132, #2983, #4494 ) ) ;
#5335 = CARTESIAN_POINT ( 'NONE',  ( 127.4631718966209348, -6.042206017375338689, -95.71593710894862284 ) ) ;
#5336 = CARTESIAN_POINT ( 'NONE',  ( 110.6172451890447945, -57.95386985700429960, 2.965757180493044782E-15 ) ) ;
#5337 = EDGE_CURVE ( 'NONE', #4011, #5981, #4976, .T. ) ;
#5338 = CARTESIAN_POINT ( 'NONE',  ( -5.508006245906900133, -41.96795418391710797, 1.124011572018924099 ) ) ;
#5339 = B_SPLINE_CURVE_WITH_KNOTS ( 'NONE', 3,
 ( #3777, #4278, #4784, #3366, #3335, #1414, #3837, #1891, #5712, #1444, #3396, #3306, #4818, #1830, #947, #3748, #4310, #2876, #5235, #474, #505, #4, #5684, #2432, #4344, #5327, #1957, #3869, #4751, #1354, #3276, #1038, #2090, #167, #4990, #3031, #202, #1073, #675, #2495, #2997, #5361, #2127, #2934, #3460, #1611, #2597, #4953, #4885, #4409, #642, #101, #5903, #3495, #2056, #4512, #2021, #4002, #3933, #4918, #2965, #3967, #572, #608, #4037, #5938, #5870, #1538, #3427, #1573, #5394, #5499, #2529, #1645, #134, #3529, #1505, #1139, #5973, #4444, #540, #5463, #5427, #1107, #3064 ),
 .UNSPECIFIED., .F., .F.,
 ( 4, 2, 2, 1, 1, 1, 1, 1, 2, 2, 2, 2, 1, 1, 1, 1, 1, 2, 2, 2, 2, 1, 1, 1, 1, 1, 2, 2, 2, 2, 1, 1, 1, 1, 1, 2, 2, 2, 2, 1, 1, 1, 1, 2, 2, 2, 2, 1, 1, 1, 2, 2, 2, 2, 2, 4 ),
 ( 0.000000000000000000, 0.06250000000000145717, 0.09375000000000213718, 0.1093750000000024009, 0.1171875000000026090, 0.1210937500000026923, 0.1230468750000026645, 0.1240234375000025396, 0.1245117187500025951, 0.1250000000000026368, 0.1875000000000063283, 0.2187500000000081601, 0.2343750000000091038, 0.2421875000000094647, 0.2460937500000097700, 0.2480468750000099920, 0.2490234375000101030, 0.2495117187500101863, 0.2500000000000102696, 0.3125000000000065503, 0.3437500000000047184, 0.3593750000000037748, 0.3671875000000034417, 0.3710937500000033307, 0.3730468750000032752, 0.3740234375000031086, 0.3745117187500031086, 0.3750000000000031086, 0.4374999999999846234, 0.4687499999999753530, 0.4843749999999708566, 0.4921874999999687472, 0.4960937499999677480, 0.4980468749999673039, 0.4990234374999673039, 0.4995117187499670819, 0.4999999999999668598, 0.5624999999999655831, 0.5937499999999650280, 0.6093749999999646949, 0.6171874999999644729, 0.6210937499999643618, 0.6230468749999644729, 0.6240234374999644729, 0.6249999999999644729, 0.6874999999999710232, 0.7187499999999744649, 0.7343749999999761302, 0.7421874999999769074, 0.7460937499999772404, 0.7480468749999773515, 0.7499999999999774625, 0.8124999999999832356, 0.8437499999999860112, 0.8749999999999888978, 1.000000000000000000 ),
 .UNSPECIFIED. ) ;
#5340 = CARTESIAN_POINT ( 'NONE',  ( -32.25151044369661690, -6.042206017375265859, -46.88345310853817693 ) ) ;
#5341 = CARTESIAN_POINT ( 'NONE',  ( 0.000000000000000000, -63.39640923772800818, 0.000000000000000000 ) ) ;
#5342 = B_SPLINE_CURVE_WITH_KNOTS ( 'NONE', 3,
 ( #5026, #5975, #2748, #4575, #2222, #4632, #3211, #3126, #5143, #4156, #768, #4099, #710, #797, #2660, #3595, #5116, #4545 ),
 .UNSPECIFIED., .F., .F.,
 ( 4, 2, 2, 2, 2, 2, 2, 2, 4 ),
 ( 0.000000000000000000, 0.1249999999999999445, 0.2499999999999999445, 0.3749999999999999445, 0.5000000000000000000, 0.6249999999999998890, 0.7500000000000000000, 0.8750000000000000000, 1.000000000000000000 ),
 .UNSPECIFIED. ) ;
#5343 = CARTESIAN_POINT ( 'NONE',  ( -12.99864817594080080, -38.30611261494834707, 0.03755347317486655567 ) ) ;
#5344 = CARTESIAN_POINT ( 'NONE',  ( -3.671998297884704776, -41.89111594106904590, -0.3063265003405630238 ) ) ;
#5345 = VERTEX_POINT ( 'NONE', #1372 ) ;
#5346 = CARTESIAN_POINT ( 'NONE',  ( 69.45021637626102518, -58.93658393131474327, 9.535991652820102971 ) ) ;
#5347 = CARTESIAN_POINT ( 'NONE',  ( -22.00000000000000000, -42.30756013076910449, -5.767085840894440826E-15 ) ) ;
#5348 = CARTESIAN_POINT ( 'NONE',  ( 226.6457644257074833, 10.00000000000000000, 46.05186717103966743 ) ) ;
#5349 = CARTESIAN_POINT ( 'NONE',  ( -22.00000000000000711, -6.042206018788408350, -13.53729223149981564 ) ) ;
#5350 = DIRECTION ( 'NONE',  ( 0.000000000000000000, 1.000000000000000000, 0.000000000000000000 ) ) ;
#5351 = CARTESIAN_POINT ( 'NONE',  ( -2.873241832810186747, -37.51457121368937919, 8.531394091148955638 ) ) ;
#5352 = ORIENTED_EDGE ( 'NONE', *, *, #340, .F. ) ;
#5353 = CARTESIAN_POINT ( 'NONE',  ( 8.881265452359190959, -42.24139308932815595, 1.465025030861803357 ) ) ;
#5354 = CARTESIAN_POINT ( 'NONE',  ( -4.259443137613194708, -6.042206017373009885, 0.000000000000000000 ) ) ;
#5355 = CARTESIAN_POINT ( 'NONE',  ( -18.00000000000000000, -38.07290899291183450, -5.949309185000988265 ) ) ;
#5356 = AXIS2_PLACEMENT_3D ( 'NONE', #5528, #1202, #3125 ) ;
#5357 = CARTESIAN_POINT ( 'NONE',  ( 8.912644973962432715, -42.25256976654300445, 1.253054979624639076 ) ) ;
#5358 = CARTESIAN_POINT ( 'NONE',  ( -3.671948989097970184, -41.51274014766394771, -9.180041742209249733 ) ) ;
#5359 = CARTESIAN_POINT ( 'NONE',  ( -6.500344082920928024, -37.82288398739328983, 6.231489137449297111 ) ) ;
#5360 = CARTESIAN_POINT ( 'NONE',  ( 1.172851373643122086, -41.49943496707811619, -8.928241869267612429 ) ) ;
#5361 = CARTESIAN_POINT ( 'NONE',  ( 12.23703700500942837, -28.24344871934643919, -40.14808975001925262 ) ) ;
#5362 = CARTESIAN_POINT ( 'NONE',  ( 8.820367819256398789, -42.22350495630112022, 1.789244678081518769 ) ) ;
#5363 = CARTESIAN_POINT ( 'NONE',  ( -3.981356381144131262, -41.62033499357906408, 8.076976665265462429 ) ) ;
#5364 = CARTESIAN_POINT ( 'NONE',  ( -5.856291288609677181, -41.77917982538303932, -6.836154116888356391 ) ) ;
#5365 = CARTESIAN_POINT ( 'NONE',  ( -7.642036100498671658, -37.98177607182209670, -4.763052446166352816 ) ) ;
#5366 = CARTESIAN_POINT ( 'NONE',  ( 1.920595993667337353, -8.683033718084871566, 57.11476923347311185 ) ) ;
#5367 = CARTESIAN_POINT ( 'NONE',  ( -7.344005109469100567, -42.10820935120749198, 0.9194906970830359905 ) ) ;
#5368 = ORIENTED_EDGE ( 'NONE', *, *, #5153, .F. ) ;
#5369 = ORIENTED_EDGE ( 'NONE', *, *, #304, .F. ) ;
#5370 = CARTESIAN_POINT ( 'NONE',  ( 5.508051010759869470, -41.58978407722754866, -9.179990731482631006 ) ) ;
#5371 = CARTESIAN_POINT ( 'NONE',  ( 5.904539818825227826, -10.42243130551525532, 51.20699116563160658 ) ) ;
#5372 = CARTESIAN_POINT ( 'NONE',  ( -56.21464882896928827, -6.042206017375222338, 17.75107589755527826 ) ) ;
#5373 = CARTESIAN_POINT ( 'NONE',  ( 132.1963904380772021, -50.78462308660630242, 1.387778780781445991E-14 ) ) ;
#5374 = LINE ( 'NONE', #2918, #2758 ) ;
#5375 = AXIS2_PLACEMENT_3D ( 'NONE', #5047, #730, #4093 ) ;
#5376 = CARTESIAN_POINT ( 'NONE',  ( -5.507994890331900706, -41.97116850191185478, -0.9195621121002949261 ) ) ;
#5377 = VERTEX_POINT ( 'NONE', #3796 ) ;
#5378 = CARTESIAN_POINT ( 'NONE',  ( 0.000000000000000000, -70.00000000000000000, -137.7671940876994086 ) ) ;
#5379 = PERSON_AND_ORGANIZATION ( #1411, #5735 ) ;
#5380 = CARTESIAN_POINT ( 'NONE',  ( 226.6457644257074833, 10.00000000000000000, -137.7671940876994086 ) ) ;
#5381 = CARTESIAN_POINT ( 'NONE',  ( -8.998887288001631291, -38.31026224233491462, 0.1470156075516847738 ) ) ;
#5382 = CARTESIAN_POINT ( 'NONE',  ( 20.34536719873065280, -15.84325058705650058, -47.33309916941539797 ) ) ;
#5383 = CARTESIAN_POINT ( 'NONE',  ( 7.511530720411752071, -37.96195934374429015, 4.957521038825968951 ) ) ;
#5384 = ORIENTED_EDGE ( 'NONE', *, *, #3361, .F. ) ;
#5385 = CARTESIAN_POINT ( 'NONE',  ( -0.5851226216307606753, -41.49092440190555209, 8.985920722148799555 ) ) ;
#5386 = DIRECTION ( 'NONE',  ( 0.000000000000000000, 1.000000000000000000, 0.000000000000000000 ) ) ;
#5387 = EDGE_CURVE ( 'NONE', #3341, #581, #3826, .T. ) ;
#5388 = CARTESIAN_POINT ( 'NONE',  ( -6.261848139220889564, -13.94371515320611898, -1.953732251145784860 ) ) ;
#5389 = CARTESIAN_POINT ( 'NONE',  ( 8.813593525387551253, -42.22160483203183645, 1.822321089781793191 ) ) ;
#5390 = CARTESIAN_POINT ( 'NONE',  ( -8.922334954241071259, -42.25590895108469169, 1.189071232035492809 ) ) ;
#5391 = CARTESIAN_POINT ( 'NONE',  ( -8.625218012201894879, -38.16541251853674055, 2.574319805237800463 ) ) ;
#5392 = B_SPLINE_CURVE_WITH_KNOTS ( 'NONE', 3,
 ( #6195, #5688, #1329, #2263, #2374, #2761, #5657, #2816, #4643, #6108, #1358, #3253, #1781, #4194, #4671, #6137, #5238, #4281, #6227, #389, #866, #1809, #5716, #922, #3280, #2317, #4251, #3695, #5629, #2789, #1300, #4223, #3780, #6164, #5601, #1833, #1384, #4724, #3223, #417, #5155, #2344, #2845, #837, #5209, #3752, #4754, #893, #1273, #1894, #3194, #5128, #809, #363, #4347, #2968, #2468, #2435, #3936, #477, #3840, #39, #4379, #69, #7, #5873, #1447, #2937, #1543, #2879, #3463, #4888, #544, #5300, #3808, #1927, #4412, #3904, #5807, #4787, #4921, #950, #2024, #611, #3338, #1990, #5747, #1960, #5838, #5776, #979, #138, #4821, #2908, #5330, #1508, #2498, #508, #5397, #1076, #3430, #5364, #3370, #1042, #3872, #575, #5269, #1478, #3000, #104, #4851, #2532, #3399, #1009, #4447, #2405, #1417, #4314, #3678, #5941, #2714, #3971, #850, #2601, #317, #2744, #1312, #1143, #3235, #345, #5110, #2130, #4956, #5139, #679, #1614, #3206, #2566, #2247, #5976, #4179, #3067, #3498, #5467, #5430, #4479, #4683, #171, #820, #205, #3707, #4655, #3176, #791, #4040, #645, #2276, #4515, #3532 ),
 .UNSPECIFIED., .F., .F.,
 ( 4, 2, 1, 2, 2, 2, 1, 1, 1, 1, 2, 2, 2, 2, 1, 1, 2, 2, 2, 1, 1, 2, 2, 2, 2, 1, 1, 1, 2, 2, 2, 2, 1, 1, 1, 2, 2, 2, 1, 1, 1, 1, 2, 2, 2, 2, 2, 1, 1, 1, 2, 2, 2, 2, 2, 1, 1, 1, 1, 1, 2, 2, 2, 2, 2, 1, 1, 1, 2, 2, 2, 1, 1, 2, 2, 2, 2, 1, 1, 2, 2, 2, 2, 1, 1, 2, 2, 2, 1, 1, 1, 1, 2, 2, 2, 1, 1, 1, 2, 2, 4 ),
 ( 0.000000000000000000, 0.003906250000000664399, 0.005859375000000996599, 0.006835937500001150989, 0.007812500000001306247, 0.01562500000000258474, 0.01953125000000323006, 0.02148437500000355965, 0.02246093750000372619, 0.02294921875000382680, 0.02319335937500387190, 0.02343750000000391701, 0.02734375000000456579, 0.02929687500000489192, 0.03027343750000505845, 0.03076171875000512437, 0.03100585937500515560, 0.03125000000000518335, 0.04687500000000561357, 0.05468750000000584949, 0.05859375000000597439, 0.06054687500000602990, 0.06250000000000607847, 0.09375000000000789646, 0.1093750000000087708, 0.1171875000000092010, 0.1210937500000093953, 0.1230468750000094647, 0.1240234375000095063, 0.1250000000000095479, 0.1562500000000106581, 0.1718750000000111577, 0.1796875000000113520, 0.1835937500000114631, 0.1855468750000114908, 0.1865234375000114908, 0.1875000000000114908, 0.2187500000000115186, 0.2343750000000116296, 0.2421875000000116851, 0.2460937500000117129, 0.2480468750000117684, 0.2490234375000117684, 0.2500000000000117684, 0.3125000000000123790, 0.3437500000000127121, 0.3593750000000129896, 0.3671875000000131561, 0.3710937500000132117, 0.3730468750000132672, 0.3740234375000132672, 0.3750000000000132672, 0.5000000000000138778, 0.5625000000000143219, 0.5937500000000144329, 0.6093750000000145439, 0.6171875000000146549, 0.6210937500000146549, 0.6230468750000146549, 0.6240234375000146549, 0.6245117187500147660, 0.6250000000000147660, 0.6875000000000127676, 0.7187500000000118794, 0.7343750000000114353, 0.7421875000000113243, 0.7460937500000112133, 0.7480468750000112133, 0.7490234375000113243, 0.7500000000000113243, 0.7812500000000103251, 0.7968750000000098810, 0.8046875000000096589, 0.8085937500000095479, 0.8125000000000094369, 0.8437500000000076605, 0.8593750000000067724, 0.8671875000000063283, 0.8710937500000061062, 0.8730468750000059952, 0.8750000000000057732, 0.9062500000000038858, 0.9218750000000028866, 0.9296875000000024425, 0.9335937500000022204, 0.9355468750000021094, 0.9375000000000019984, 0.9531250000000015543, 0.9609375000000013323, 0.9648437500000012212, 0.9667968750000011102, 0.9677734375000011102, 0.9682617187500009992, 0.9687500000000009992, 0.9765625000000008882, 0.9804687500000008882, 0.9824218750000008882, 0.9833984375000008882, 0.9838867187500007772, 0.9843750000000007772, 1.000000000000000000 ),
 .UNSPECIFIED. ) ;
#5393 = CARTESIAN_POINT ( 'NONE',  ( 3.981356381376170539, -41.62033499359360178, -8.076976665173241088 ) ) ;
#5394 = CARTESIAN_POINT ( 'NONE',  ( 17.22352567536182377, -39.01358609721792448, -19.84184970152826821 ) ) ;
#5395 = CARTESIAN_POINT ( 'NONE',  ( 8.305570217834418401, -42.11023774444726797, 3.466685457918404101 ) ) ;
#5396 = CARTESIAN_POINT ( 'NONE',  ( -8.998799112008940781, -38.30460735910270387, 0.1467910492799149869 ) ) ;
#5397 = CARTESIAN_POINT ( 'NONE',  ( -5.092691334704829487, -41.70687258404715436, -7.426367985422312579 ) ) ;
#5398 = CARTESIAN_POINT ( 'NONE',  ( -3.975771423287776773, -37.58108340857897645, -8.079729976532396662 ) ) ;
#5399 = CARTESIAN_POINT ( 'NONE',  ( -1.154662100978626087E-05, -41.78218312135540202, 2.077954731591364901 ) ) ;
#5400 = CARTESIAN_POINT ( 'NONE',  ( 7.343961991603319639, -41.85264108032090746, 6.840093099208069738 ) ) ;
#5401 = ORIENTED_EDGE ( 'NONE', *, *, #959, .F. ) ;
#5402 = ORIENTED_EDGE ( 'NONE', *, *, #1605, .T. ) ;
#5403 = CARTESIAN_POINT ( 'NONE',  ( 4.667665775254480472E-05, -41.49435253703499882, -8.400031655487991245 ) ) ;
#5404 = CARTESIAN_POINT ( 'NONE',  ( 86.40000000000000568, -63.39640923772801528, 0.000000000000000000 ) ) ;
#5405 = CARTESIAN_POINT ( 'NONE',  ( -60.80921491143843838, -6.042206017375235660, -11.72408047576432821 ) ) ;
#5406 = DIRECTION ( 'NONE',  ( 0.000000000000000000, 1.000000000000000000, 0.000000000000000000 ) ) ;
#5407 = LINE ( 'NONE', #3508, #2158 ) ;
#5408 = PLANE ( 'NONE',  #6207 ) ;
#5409 = CARTESIAN_POINT ( 'NONE',  ( -3.671998865237520171, -41.88910478152794781, -0.2042244683239249903 ) ) ;
#5410 = PRODUCT_DEFINITION ( 'UNKNOWN', '', #5225, #1764 ) ;
#5411 = CIRCLE ( 'NONE', #4796, 64.16894830827715168 ) ;
#5412 = VERTEX_POINT ( 'NONE', #5927 ) ;
#5413 = CARTESIAN_POINT ( 'NONE',  ( 2.855876032122392605, -10.41215783546334706, -55.97353858273868354 ) ) ;
#5414 = CARTESIAN_POINT ( 'NONE',  ( 11.65937688287904095, -37.87711475368429603, 5.765502673867104022 ) ) ;
#5415 = LINE ( 'NONE', #2550, #3488 ) ;
#5416 = FACE_OUTER_BOUND ( 'NONE', #5313, .T. ) ;
#5417 = CARTESIAN_POINT ( 'NONE',  ( -3.801298167398966754, -37.56789474684130425, 8.170943809943331360 ) ) ;
#5418 = ORIENTED_EDGE ( 'NONE', *, *, #4257, .F. ) ;
#5419 = CARTESIAN_POINT ( 'NONE',  ( 8.705333591065461007, -42.19288530297211537, -2.302875600314886473 ) ) ;
#5420 = CARTESIAN_POINT ( 'NONE',  ( -32.95247407159062902, -6.042206018788412791, 30.21270776850018436 ) ) ;
#5421 = CARTESIAN_POINT ( 'NONE',  ( 185.3328331859800073, -6.042206017369109006, 4.163336342344334502E-14 ) ) ;
#5422 = EDGE_CURVE ( 'NONE', #1116, #5994, #5162, .T. ) ;
#5423 = CARTESIAN_POINT ( 'NONE',  ( 9.000000000000000000, -42.30661100815935072, 1.086142634795535983E-15 ) ) ;
#5424 = CARTESIAN_POINT ( 'NONE',  ( 3.326287981008625660, -41.58072984644859105, 8.362917798940166847 ) ) ;
#5425 = CARTESIAN_POINT ( 'NONE',  ( -63.86958765794813075, -6.042206017375209015, -0.2539877231291587933 ) ) ;
#5426 = CARTESIAN_POINT ( 'NONE',  ( -8.923586778527223373, -42.25644038533611990, -1.173651834082679812 ) ) ;
#5427 = CARTESIAN_POINT ( 'NONE',  ( 18.48964006438512087, -41.90001966924867816, -6.339664782480953775 ) ) ;
#5428 = CARTESIAN_POINT ( 'NONE',  ( 8.754092605838867058, -42.20569279233433235, 2.090651971770537632 ) ) ;
#5429 = DIRECTION ( 'NONE',  ( -0.000000000000000000, 1.000000000000000000, 0.000000000000000000 ) ) ;
#5430 = CARTESIAN_POINT ( 'NONE',  ( -8.954490081846957494, -42.26981328311796915, -0.9039518917910933649 ) ) ;
#5431 = CARTESIAN_POINT ( 'NONE',  ( 0.6039577602432406600, -37.44498897944143323, -8.984622567314660913 ) ) ;
#5432 = VECTOR ( 'NONE', #3247, 1000.000000000000000 ) ;
#5433 = CARTESIAN_POINT ( 'NONE',  ( 3.671996594122490354, -41.88853499550050685, 0.6129392051477599024 ) ) ;
#5434 = CARTESIAN_POINT ( 'NONE',  ( -3.672001702001594925, -41.89111615275825073, 0.3062856917592675088 ) ) ;
#5435 = EDGE_CURVE ( 'NONE', #108, #696, #1026, .T. ) ;
#5436 = ORIENTED_EDGE ( 'NONE', *, *, #3918, .F. ) ;
#5437 = VERTEX_POINT ( 'NONE', #4907 ) ;
#5438 = CARTESIAN_POINT ( 'NONE',  ( 5.508042342385039980, -41.69806081896299332, -7.620011366621420201 ) ) ;
#5439 = CARTESIAN_POINT ( 'NONE',  ( 103.1449999999999960, -58.93658393131480011, 2.050671065172235212E-15 ) ) ;
#5440 = CARTESIAN_POINT ( 'NONE',  ( 14.94029696737962354, -27.43725857416334435, 34.53617372092987381 ) ) ;
#5441 = CARTESIAN_POINT ( 'NONE',  ( -63.85908778190749047, -6.042206017375212568, 0.4163582243194691723 ) ) ;
#5442 = CARTESIAN_POINT ( 'NONE',  ( 103.1449999999999960, -58.93658393131480011, 1.387778780781445991E-14 ) ) ;
#5443 = CARTESIAN_POINT ( 'NONE',  ( 17.81664916377610908, -40.41788332863169586, 14.69302672633992657 ) ) ;
#5444 = FACE_OUTER_BOUND ( 'NONE', #4385, .T. ) ;
#5445 = CARTESIAN_POINT ( 'NONE',  ( -5.507988453293719999, -41.96221732396909943, -2.077985338027334983 ) ) ;
#5446 = ORIENTED_EDGE ( 'NONE', *, *, #1403, .F. ) ;
#5447 = ORIENTED_EDGE ( 'NONE', *, *, #1193, .T. ) ;
#5448 = CARTESIAN_POINT ( 'NONE',  ( 11.20863622935179293, -26.20467366309895141, -42.55445558361739700 ) ) ;
#5449 = APPROVAL_DATE_TIME ( #3516, #5792 ) ;
#5450 = CARTESIAN_POINT ( 'NONE',  ( 8.206493394288644438, -38.07834387810370202, -3.706801716926016343 ) ) ;
#5451 = LINE ( 'NONE', #1128, #2390 ) ;
#5452 = CARTESIAN_POINT ( 'NONE',  ( -18.00000000000000000, -6.042206017372989457, -53.98290812280549744 ) ) ;
#5453 = CARTESIAN_POINT ( 'NONE',  ( 18.02026632435244835, -33.94952574078676832, -22.25265600808675970 ) ) ;
#5454 = ORIENTED_EDGE ( 'NONE', *, *, #6217, .F. ) ;
#5455 = CARTESIAN_POINT ( 'NONE',  ( 8.922334955094601838, -42.25590895142378400, -1.189071225633514084 ) ) ;
#5456 = CARTESIAN_POINT ( 'NONE',  ( 226.6457644257073980, -6.042206017375249871, 137.9613978004091734 ) ) ;
#5457 = ADVANCED_FACE ( 'NONE', ( #2455 ), #2518, .F. ) ;
#5458 = CARTESIAN_POINT ( 'NONE',  ( 30.67915473062150156, -13.94371515320612609, 92.10023280498641896 ) ) ;
#5459 = CARTESIAN_POINT ( 'NONE',  ( 8.955419941476980839, -42.27025483022924845, 0.8946928637049160749 ) ) ;
#5460 = CARTESIAN_POINT ( 'NONE',  ( -3.646043125790753070, -41.59938879987536353, 8.228822675340120796 ) ) ;
#5461 = CARTESIAN_POINT ( 'NONE',  ( -63.83610489759440298, -6.042206017375204574, -1.596331404476510896 ) ) ;
#5462 = CARTESIAN_POINT ( 'NONE',  ( 6.779177427041752857, -41.88109570672204995, -5.949021817067363216 ) ) ;
#5463 = CARTESIAN_POINT ( 'NONE',  ( 18.20833927381198691, -41.30819733188100429, -10.17928719144212302 ) ) ;
#5464 = CARTESIAN_POINT ( 'NONE',  ( 8.538835417928913429, -42.15557629513572380, 2.859266791593706891 ) ) ;
#5465 = EDGE_CURVE ( 'NONE', #1666, #2136, #2438, .T. ) ;
#5466 = CARTESIAN_POINT ( 'NONE',  ( -8.767197443539199497, -42.20836885425361373, 2.055276000542628267 ) ) ;
#5467 = CARTESIAN_POINT ( 'NONE',  ( -8.953084838489413499, -42.26915022506256037, -0.9178362038310697857 ) ) ;
#5468 = CARTESIAN_POINT ( 'NONE',  ( -7.793810974760618571, -38.00620863205167410, -4.510573543201283009 ) ) ;
#5469 = CARTESIAN_POINT ( 'NONE',  ( -9.180029509733939719, -42.08224734191440319, 5.310609717123659479 ) ) ;
#5470 = CARTESIAN_POINT ( 'NONE',  ( -9.179994890275040120, -42.29213543396684827, -0.9195825163909380207 ) ) ;
#5471 = DIRECTION ( 'NONE',  ( -1.000000000000000000, 0.000000000000000000, 0.000000000000000000 ) ) ;
#5472 = ORIENTED_EDGE ( 'NONE', *, *, #2270, .T. ) ;
#5473 = ORIENTED_EDGE ( 'NONE', *, *, #3113, .F. ) ;
#5474 = CARTESIAN_POINT ( 'NONE',  ( -5.507953323256949751, -41.64573389326320552, -8.400062261923959994 ) ) ;
#5475 = DIRECTION ( 'NONE',  ( 0.000000000000000000, 1.000000000000000000, 0.000000000000000000 ) ) ;
#5476 = FACE_OUTER_BOUND ( 'NONE', #2607, .T. ) ;
#5477 = CARTESIAN_POINT ( 'NONE',  ( -36.34758702378299944, -6.042206017375219673, 41.15908425050574238 ) ) ;
#5478 = ADVANCED_FACE ( 'NONE', ( #562 ), #5732, .T. ) ;
#5479 = AXIS2_PLACEMENT_3D ( 'NONE', #3008, #145, #4454 ) ;
#5480 = CARTESIAN_POINT ( 'NONE',  ( 58.86713063101178278, -50.78462308660629532, 45.50870803222804284 ) ) ;
#5481 = CARTESIAN_POINT ( 'NONE',  ( 16.66877598605494626, -37.71365601042480620, 23.57378238548206539 ) ) ;
#5482 = CARTESIAN_POINT ( 'NONE',  ( -18.00000000000000000, -32.29571161549034741, 26.62793936103274817 ) ) ;
#5483 = CARTESIAN_POINT ( 'NONE',  ( -3.671993753950965278, -41.88114169208939330, -1.124062582745539940 ) ) ;
#5484 = VERTEX_POINT ( 'NONE', #1977 ) ;
#5485 = VERTEX_POINT ( 'NONE', #4839 ) ;
#5486 = CARTESIAN_POINT ( 'NONE',  ( 13.76005673522559647, -31.35420933177818270, -35.86276631881828081 ) ) ;
#5487 = CARTESIAN_POINT ( 'NONE',  ( -1.018543883570290909, -37.45141969282881433, -8.943499138106465907 ) ) ;
#5488 = DIRECTION ( 'NONE',  ( 0.000000000000000000, 0.000000000000000000, 1.000000000000000000 ) ) ;
#5489 = CARTESIAN_POINT ( 'NONE',  ( 9.179961991574881353, -41.98502101336310233, 6.840103301353389398 ) ) ;
#5490 = CARTESIAN_POINT ( 'NONE',  ( -8.844840863565908151, -38.22359348091890752, 1.670347874565870860 ) ) ;
#5491 = ORIENTED_EDGE ( 'NONE', *, *, #4793, .F. ) ;
#5492 = EDGE_CURVE ( 'NONE', #2168, #1725, #1495, .T. ) ;
#5493 = CARTESIAN_POINT ( 'NONE',  ( 8.975870179934574367, -42.28072545982242048, -0.6586045043402518617 ) ) ;
#5494 = CARTESIAN_POINT ( 'NONE',  ( -22.23028114285383694, -6.042206018788406574, -48.99592441178300106 ) ) ;
#5495 = CARTESIAN_POINT ( 'NONE',  ( -8.436596162362205220, -42.13462442736140190, -3.150785667097051768 ) ) ;
#5496 = CARTESIAN_POINT ( 'NONE',  ( -7.501887056249368690, -41.97981607405061766, 4.972102133205279273 ) ) ;
#5497 = CARTESIAN_POINT ( 'NONE',  ( -62.44620187960032354, -6.042206017375240990, -8.087282188717457743 ) ) ;
#5498 = B_SPLINE_CURVE_WITH_KNOTS ( 'NONE', 3,
 ( #4030, #2083, #5967, #1566 ),
 .UNSPECIFIED., .F., .F.,
 ( 4, 4 ),
 ( 0.000000000000000000, 0.8839475578125295385 ),
 .UNSPECIFIED. ) ;
#5499 = CARTESIAN_POINT ( 'NONE',  ( 17.30694427596702312, -39.21102132721363631, -19.19980362204441349 ) ) ;
#5500 = CARTESIAN_POINT ( 'NONE',  ( -22.00000000000000000, -6.042206018789235245, -58.61996200176569971 ) ) ;
#5501 = CARTESIAN_POINT ( 'NONE',  ( 1.181004411299732437, -41.49750405888082838, 8.941786056773201707 ) ) ;
#5502 = CARTESIAN_POINT ( 'NONE',  ( 1.189150949861684126, -37.45414947944725270, -8.926038284503528430 ) ) ;
#5503 = CARTESIAN_POINT ( 'NONE',  ( 9.179961991574881353, -41.98502101336310233, 6.840103301353389398 ) ) ;
#5504 = CARTESIAN_POINT ( 'NONE',  ( -9.179998865152230181, -42.32168879933809791, -0.2042550747598895211 ) ) ;
#5505 = CARTESIAN_POINT ( 'NONE',  ( 18.33893971436019754, -34.67225479754908690, 20.24001009770625359 ) ) ;
#5506 = ORIENTED_EDGE ( 'NONE', *, *, #2106, .T. ) ;
#5507 = CARTESIAN_POINT ( 'NONE',  ( -9.511568403844728536E-15, -63.39640923772800818, 0.000000000000000000 ) ) ;
#5508 = PLANE ( 'NONE',  #2751 ) ;
#5509 = CARTESIAN_POINT ( 'NONE',  ( -46.52372868451179500, -6.042206017375217009, 28.79519101414247118 ) ) ;
#5510 = CARTESIAN_POINT ( 'NONE',  ( 0.4875835940452989958, -6.042206017375179705, 137.9613978004092019 ) ) ;
#5511 = CARTESIAN_POINT ( 'NONE',  ( 11.28224371461828568, -26.34967882456076538, 42.38904965471108000 ) ) ;
#5512 = CARTESIAN_POINT ( 'NONE',  ( 20.13201909064075323, -38.30748449334880235, -0.07350728171799320032 ) ) ;
#5513 = CARTESIAN_POINT ( 'NONE',  ( -7.343957657415930207, -41.80211066434029732, -7.620082781638670255 ) ) ;
#5514 = VERTEX_POINT ( 'NONE', #3417 ) ;
#5515 = CARTESIAN_POINT ( 'NONE',  ( 5.508001134620309713, -41.97551094644109781, -0.2041734575973165045 ) ) ;
#5516 = ORIENTED_EDGE ( 'NONE', *, *, #2352, .T. ) ;
#5517 = DIRECTION ( 'NONE',  ( 0.000000000000000000, 0.000000000000000000, 1.000000000000000000 ) ) ;
#5518 = CARTESIAN_POINT ( 'NONE',  ( 9.179953323200049198, -41.87591202975680460, 8.400082666214601090 ) ) ;
#5519 = CARTESIAN_POINT ( 'NONE',  ( -8.795827506700842235, -38.20933602287421849, 1.906157673106584571 ) ) ;
#5520 = ORIENTED_EDGE ( 'NONE', *, *, #2119, .F. ) ;
#5521 = EDGE_CURVE ( 'NONE', #2973, #6239, #975, .T. ) ;
#5522 = CARTESIAN_POINT ( 'NONE',  ( 8.997463673674943152, -42.30071007631976698, -0.2138539286408595030 ) ) ;
#5523 = DIRECTION ( 'NONE',  ( 1.000000000000000000, 0.000000000000000000, 0.000000000000000000 ) ) ;
#5524 = CARTESIAN_POINT ( 'NONE',  ( 3.734525819141012004, -41.60490338853698233, -8.188870179933362081 ) ) ;
#5525 = CARTESIAN_POINT ( 'NONE',  ( -8.578991603175719405, -42.16459990277767389, 2.724411920616927496 ) ) ;
#5526 = CARTESIAN_POINT ( 'NONE',  ( -54.41982516213338528, -6.042206017375162830, 19.73123332054568380 ) ) ;
#5527 = LINE ( 'NONE', #289, #244 ) ;
#5528 = CARTESIAN_POINT ( 'NONE',  ( 68.79978611128889554, -58.25464714294840007, 0.000000000000000000 ) ) ;
#5529 = CARTESIAN_POINT ( 'NONE',  ( -53.58330569984575931, -6.261272240627560492, 15.42164038722743058 ) ) ;
#5530 = CARTESIAN_POINT ( 'NONE',  ( 8.949429683872692110, -42.26731672399498763, 0.9567745974184909130 ) ) ;
#5531 = CARTESIAN_POINT ( 'NONE',  ( -44.90729918175797764, -1.334740415765574673, -12.86410655089384392 ) ) ;
#5532 = CARTESIAN_POINT ( 'NONE',  ( 3.671978988473880268, -41.81616949228254754, 3.781289569364389980 ) ) ;
#5533 = CARTESIAN_POINT ( 'NONE',  ( -7.343998297827839750, -42.11316998251304966, -0.3063469046312060073 ) ) ;
#5534 = B_SPLINE_CURVE_WITH_KNOTS ( 'NONE', 3,
 ( #2791, #4757, #6110, #6197, #1755, #1811, #1275, #5690, #1331, #2265, #3255, #2346, #4673, #4196, #2377, #4645, #335, #3225 ),
 .UNSPECIFIED., .F., .F.,
 ( 4, 2, 2, 2, 2, 2, 2, 2, 4 ),
 ( 0.000000000000000000, 0.1250000000000000000, 0.2500000000000000000, 0.3750000000000000000, 0.5000000000000000000, 0.6250000000000000000, 0.7500000000000000000, 0.8750000000000000000, 1.000000000000000000 ),
 .UNSPECIFIED. ) ;
#5535 = CARTESIAN_POINT ( 'NONE',  ( 14.11513175758837946, -25.79945633310931541, 36.75832658992526802 ) ) ;
#5536 = ORIENTED_EDGE ( 'NONE', *, *, #2680, .F. ) ;
#5537 = PLANE ( 'NONE',  #4066 ) ;
#5538 = CARTESIAN_POINT ( 'NONE',  ( 20.36082540615130299, -23.68619686104764810, 39.70994965335955840 ) ) ;
#5539 = CARTESIAN_POINT ( 'NONE',  ( -8.960756213525270297, -42.27285970112883717, 0.8397480568329396267 ) ) ;
#5540 = CARTESIAN_POINT ( 'NONE',  ( -12.99864817594080080, -38.30611261494834707, 0.03755347317486655567 ) ) ;
#5541 = CARTESIAN_POINT ( 'NONE',  ( 16.54623245511847429, -37.43004554454159205, 24.30004199840484702 ) ) ;
#5542 = CARTESIAN_POINT ( 'NONE',  ( 3.800828292833609322E-05, -41.59064680588684837, -6.840052290626779552 ) ) ;
#5543 = CC_DESIGN_APPROVAL ( #4272, ( #5225 ) ) ;
#5544 = VERTEX_POINT ( 'NONE', #630 ) ;
#5545 = ADVANCED_FACE ( 'NONE', ( #595 ), #3017, .F. ) ;
#5546 = CARTESIAN_POINT ( 'NONE',  ( -9.179998297799400575, -42.31469511206929468, -0.3063571067765274991 ) ) ;
#5547 = CARTESIAN_POINT ( 'NONE',  ( 18.82837672200435364, -42.30756013076910449, -7.696413152913580629E-15 ) ) ;
#5548 = CALENDAR_DATE ( 2026, 5, 6 ) ;
#5549 = CARTESIAN_POINT ( 'NONE',  ( -22.00000000000000355, -6.042206017375272964, -58.61996200337829777 ) ) ;
#5550 = CARTESIAN_POINT ( 'NONE',  ( -18.00000000000000000, -32.29571161549034741, -26.62793936103274817 ) ) ;
#5551 = CARTESIAN_POINT ( 'NONE',  ( -8.930192393123686401, -38.25505901351876759, 1.119681541988618800 ) ) ;
#5552 = ORIENTED_EDGE ( 'NONE', *, *, #4714, .F. ) ;
#5553 = CARTESIAN_POINT ( 'NONE',  ( 8.972243770243826688, -42.27891347377968856, -0.7072617497133797393 ) ) ;
#5554 = CARTESIAN_POINT ( 'NONE',  ( 185.3328331859802063, -6.042206017369121440, 58.43903465427121091 ) ) ;
#5555 = CARTESIAN_POINT ( 'NONE',  ( 3.471071036893752293, -41.58898566607420832, -8.303717693917938902 ) ) ;
#5556 = CARTESIAN_POINT ( 'NONE',  ( -46.02154643184272231, -6.042206017375282734, -30.61151187695066511 ) ) ;
#5557 = CARTESIAN_POINT ( 'NONE',  ( 117.9131557670225874, -56.13001623236050364, 3.859248534111614838E-15 ) ) ;
#5558 = CARTESIAN_POINT ( 'NONE',  ( -22.00000000000000000, -40.88189669053594599, -38.76238080152555199 ) ) ;
#5559 = CARTESIAN_POINT ( 'NONE',  ( 3.419772135426971005, -38.31026286157672445, 12.65651523543035140 ) ) ;
#5560 = CARTESIAN_POINT ( 'NONE',  ( 2.341796299109063284, -41.53137451156327842, 8.710120429454097035 ) ) ;
#5561 = FACE_OUTER_BOUND ( 'NONE', #5911, .T. ) ;
#5562 = AXIS2_PLACEMENT_3D ( 'NONE', #2922, #3887, #1943 ) ;
#5563 = CARTESIAN_POINT ( 'NONE',  ( 5.507998297856239844, -41.96944676530809915, 0.3063367024858759669 ) ) ;
#5564 = CARTESIAN_POINT ( 'NONE',  ( 1.702058427960865117E-06, -41.79055256050195055, -0.3063060960499194851 ) ) ;
#5565 = CARTESIAN_POINT ( 'NONE',  ( 11.35432342940817030, -20.48161912305609889, 42.88747186757243668 ) ) ;
#5566 = CARTESIAN_POINT ( 'NONE',  ( -71.46669839058749574, 10.00000000000000000, 137.9613978004092019 ) ) ;
#5567 = DIRECTION ( 'NONE',  ( -1.000000000000000000, 0.000000000000000000, 0.000000000000000000 ) ) ;
#5568 = EDGE_CURVE ( 'NONE', #3924, #277, #5824, .T. ) ;
#5569 = CARTESIAN_POINT ( 'NONE',  ( 12.90270100249993668, -38.22519090477588577, 1.716077985511359705 ) ) ;
#5570 = CARTESIAN_POINT ( 'NONE',  ( -71.46669839058749574, 10.00000000000000000, 137.9613978004092019 ) ) ;
#5571 = CARTESIAN_POINT ( 'NONE',  ( -12.48906257341552362, -38.08426678289656309, 3.652522812454963574 ) ) ;
#5572 = CARTESIAN_POINT ( 'NONE',  ( 11.39363513528242500, -26.56942381537231057, 42.13643739802350296 ) ) ;
#5573 = CARTESIAN_POINT ( 'NONE',  ( 12.51650297471609363, -28.80874578782265871, 39.40642699238239999 ) ) ;
#5574 = CARTESIAN_POINT ( 'NONE',  ( 9.180029509733920179, -42.08224734154784841, -5.310609717123659479 ) ) ;
#5575 = ORIENTED_EDGE ( 'NONE', *, *, #5702, .F. ) ;
#5576 = CARTESIAN_POINT ( 'NONE',  ( -5.507998297856270042, -41.96944676484329761, -0.3063367024858845156 ) ) ;
#5577 = CARTESIAN_POINT ( 'NONE',  ( 15.91487918872472740, -35.99484763279271959, -27.61511167585570803 ) ) ;
#5578 = CARTESIAN_POINT ( 'NONE',  ( 98.73684733123198498, -63.39640923772800818, 3.307009894652591431 ) ) ;
#5579 = B_SPLINE_CURVE_WITH_KNOTS ( 'NONE', 3,
 ( #6044, #1717, #1238, #773, #296, #2310, #4746, #2754, #438, #3301, #4162, #886, #4691, #3744, #5741, #6187, #2782, #1321, #6220, #4244, #3272, #1294, #3187, #830, #1888, #381, #410, #1775, #5121, #5202, #916, #4188, #802, #1377, #6157, #6101, #2724, #4215, #5708, #6131, #5650, #5177, #3773, #4274, #4637, #4665, #2366, #326, #5148, #3216, #2337, #1855, #5230, #2807, #3801, #3246, #2256, #2838, #860, #3689, #5623, #355, #3717, #2285, #1803, #4717, #1826, #5680, #1350, #2903, #4374, #1985, #538, #2995, #973, #4915, #1535, #2399, #5359, #2932, #3899, #2493, #2963, #570, #5771, #1442, #1922, #64, #3363, #3964, #5295, #132, #4846, #4882, #6252, #3332, #3425, #5391, #2430, #1409, #5868, #34, #3458, #4307, #4816, #2463, #1036, #503, #5833, #3833, #606, #1503, #4407, #4781, #99, #2019, #1955, #943 ),
 .UNSPECIFIED., .F., .F.,
 ( 4, 2, 2, 2, 1, 1, 1, 2, 2, 2, 2, 1, 1, 1, 2, 2, 2, 1, 1, 1, 1, 2, 2, 2, 2, 2, 1, 1, 1, 2, 2, 2, 2, 2, 2, 1, 1, 1, 1, 1, 2, 2, 2, 2, 2, 1, 1, 1, 2, 2, 2, 1, 1, 2, 2, 2, 2, 1, 2, 2, 2, 2, 1, 1, 1, 1, 2, 2, 2, 2, 2, 2, 4 ),
 ( 0.000000000000000000, 0.06250000000000628664, 0.09375000000000939526, 0.1093750000000109357, 0.1171875000000117129, 0.1210937500000120737, 0.1230468750000122125, 0.1240234375000122263, 0.1250000000000122402, 0.1562500000000125733, 0.1718750000000128231, 0.1796875000000129619, 0.1835937500000130451, 0.1855468750000131006, 0.1865234375000131561, 0.1875000000000131839, 0.2187500000000129063, 0.2343750000000127398, 0.2421875000000126565, 0.2460937500000126288, 0.2480468750000125455, 0.2490234375000124623, 0.2500000000000123790, 0.3125000000000119349, 0.3437500000000116573, 0.3593750000000114908, 0.3671875000000114353, 0.3710937500000113798, 0.3730468750000113243, 0.3740234375000113243, 0.3750000000000112688, 0.4375000000000069389, 0.5000000000000025535, 0.5624999999999982236, 0.5937499999999960032, 0.6093749999999948930, 0.6171874999999943379, 0.6210937499999941158, 0.6230468749999938938, 0.6240234374999938938, 0.6245117187499938938, 0.6249999999999937828, 0.6874999999999917843, 0.7187499999999907851, 0.7343749999999903411, 0.7421874999999901190, 0.7460937499999900080, 0.7480468749999898970, 0.7490234374999898970, 0.7499999999999897859, 0.7812499999999906741, 0.7968749999999910072, 0.8046874999999912292, 0.8085937499999913403, 0.8124999999999913403, 0.8437499999999923395, 0.8593749999999930056, 0.8671874999999932276, 0.8710937499999933387, 0.8749999999999935607, 0.9062499999999952260, 0.9218749999999960032, 0.9296874999999964473, 0.9335937499999967804, 0.9355468749999968914, 0.9365234374999967804, 0.9370117187499968914, 0.9374999999999968914, 0.9531249999999977796, 0.9609374999999981126, 0.9648437499999982236, 0.9687499999999984457, 1.000000000000000000 ),
 .UNSPECIFIED. ) ;
#5580 = CARTESIAN_POINT ( 'NONE',  ( -5.508046676572489808, -41.64574234806979547, 8.400001049052029600 ) ) ;
#5581 = CARTESIAN_POINT ( 'NONE',  ( 11.39942435760310602, -20.56651642024989712, -42.80336510859244470 ) ) ;
#5582 = B_SPLINE_CURVE_WITH_KNOTS ( 'NONE', 3,
 ( #1794, #3709, #5642, #4910 ),
 .UNSPECIFIED., .F., .F.,
 ( 4, 4 ),
 ( 0.000000000000000000, 1.000000000000000000 ),
 .UNSPECIFIED. ) ;
#5583 = CARTESIAN_POINT ( 'NONE',  ( 58.86713063101178278, -50.78462308660629532, 45.50870803222804284 ) ) ;
#5584 = CARTESIAN_POINT ( 'NONE',  ( -10.99411553112125617, -38.30787787113607124, 0.08283867914969869628 ) ) ;
#5585 = CARTESIAN_POINT ( 'NONE',  ( -2.301197958986165304, -41.53222196227579133, -8.706053665479579706 ) ) ;
#5586 = CARTESIAN_POINT ( 'NONE',  ( 190.8134217086287663, -5.512702099187771765, 208.8268434172573507 ) ) ;
#5587 = ADVANCED_FACE ( 'NONE', ( #5416 ), #4023, .T. ) ;
#5588 = CARTESIAN_POINT ( 'NONE',  ( 0.4875835940452989958, -6.042206017375280069, -58.61996200337829777 ) ) ;
#5589 = CARTESIAN_POINT ( 'NONE',  ( -22.00000000000000000, -6.042206018788416344, 48.96270776850018080 ) ) ;
#5590 = B_SPLINE_CURVE_WITH_KNOTS ( 'NONE', 3,
 ( #987, #2411, #3285, #3879 ),
 .UNSPECIFIED., .F., .F.,
 ( 4, 4 ),
 ( 0.000000000000000000, 1.000000000000000000 ),
 .UNSPECIFIED. ) ;
#5591 = CARTESIAN_POINT ( 'NONE',  ( -53.58330569984575931, 10.00000000000000000, 15.42164038722743058 ) ) ;
#5592 = CARTESIAN_POINT ( 'NONE',  ( 8.970275439485451585, -42.27742094236218406, 0.7438990237136934303 ) ) ;
#5593 = CARTESIAN_POINT ( 'NONE',  ( -8.999999999658850669, -38.28178386090696250, -0.5954889292931463407 ) ) ;
#5594 = CARTESIAN_POINT ( 'NONE',  ( -3.672001134648780418, -41.88910343542099923, 0.2041836597426290312 ) ) ;
#5595 = CARTESIAN_POINT ( 'NONE',  ( 5.508005109497500662, -41.97117035344019342, -0.9195008992283648652 ) ) ;
#5596 = FACE_OUTER_BOUND ( 'NONE', #4530, .T. ) ;
#5597 = CARTESIAN_POINT ( 'NONE',  ( 92.78525334728060159, -63.39640923772801528, -11.06183469794279439 ) ) ;
#5598 = CARTESIAN_POINT ( 'NONE',  ( 10.90136018093579828, -37.72571427437066660, 7.018318653515970063 ) ) ;
#5599 = CARTESIAN_POINT ( 'NONE',  ( 33.61572406200880181, -47.26221975847439438, -1.292841891455429965E-14 ) ) ;
#5600 = CARTESIAN_POINT ( 'NONE',  ( -12.77484480102415176, -38.17664964296616148, 2.411466483344804956 ) ) ;
#5601 = CARTESIAN_POINT ( 'NONE',  ( 8.831597035906884940, -42.22670491156953432, -1.732981149790616904 ) ) ;
#5602 = CARTESIAN_POINT ( 'NONE',  ( 14.46568375382958216, -32.83623835951423331, 33.53539534359801877 ) ) ;
#5603 = CARTESIAN_POINT ( 'NONE',  ( 3.672046676600889903, -41.56765029199235073, -8.400011251197350148 ) ) ;
#5604 = ORIENTED_EDGE ( 'NONE', *, *, #1539, .T. ) ;
#5605 = CARTESIAN_POINT ( 'NONE',  ( -9.180001134563481102, -42.32169833820390181, 0.2041530533066639730 ) ) ;
#5606 = CARTESIAN_POINT ( 'NONE',  ( 12.98489224026336686, -38.31026286157674576, 1.719125281388177440 ) ) ;
#5607 = CARTESIAN_POINT ( 'NONE',  ( 89.70684238580055592, -63.39640923772800818, 12.33695426874061063 ) ) ;
#5608 = CARTESIAN_POINT ( 'NONE',  ( -3.672038008226089723, -41.66660914934225701, 6.840031886336140232 ) ) ;
#5609 = LINE ( 'NONE', #4149, #1708 ) ;
#5610 = CARTESIAN_POINT ( 'NONE',  ( 42.40893209317441404, -33.22972007004630512, 72.71224217743807117 ) ) ;
#5611 = PLANE ( 'NONE',  #1941 ) ;
#5612 = CARTESIAN_POINT ( 'NONE',  ( -8.305570218307263275, -42.11023774453612845, -3.466685456786355424 ) ) ;
#5613 = CARTESIAN_POINT ( 'NONE',  ( -35.41269655314443554, -6.042206017375216121, 42.10859227926727044 ) ) ;
#5614 = EDGE_CURVE ( 'NONE', #1248, #1582, #700, .T. ) ;
#5615 = VECTOR ( 'NONE', #3019, 1000.000000000000000 ) ;
#5616 = CARTESIAN_POINT ( 'NONE',  ( 172.6772380009915366, -20.95902901126225260, 1.056591433571883900E-14 ) ) ;
#5617 = EDGE_CURVE ( 'NONE', #2974, #3726, #6138, .T. ) ;
#5618 = CARTESIAN_POINT ( 'NONE',  ( 6.555357369730600681, -38.31026286157670313, 11.35383235379322997 ) ) ;
#5619 = CARTESIAN_POINT ( 'NONE',  ( 5.940749167428559296, -41.78729603274308602, 6.767215317004387387 ) ) ;
#5620 = CARTESIAN_POINT ( 'NONE',  ( -34.88860805684244326, -6.042206018788411903, -38.53729223149981209 ) ) ;
#5621 = CARTESIAN_POINT ( 'NONE',  ( -9.179996594037220348, -42.30370506481104798, -0.6129698115837330930 ) ) ;
#5622 = CARTESIAN_POINT ( 'NONE',  ( 7.344021011355500228, -42.01819183936184743, -3.781228356492464915 ) ) ;
#5623 = CARTESIAN_POINT ( 'NONE',  ( -3.310076273118489620, -37.53863512924472445, 8.369231398606066463 ) ) ;
#5624 = CARTESIAN_POINT ( 'NONE',  ( 99.14500000000001023, -63.39640923772800818, -0.8366634718754506483 ) ) ;
#5625 = CARTESIAN_POINT ( 'NONE',  ( 185.3328331859416096, -6.042206017417965036, 58.43903465424840249 ) ) ;
#5626 = CARTESIAN_POINT ( 'NONE',  ( -18.00000000000000000, -11.27713467053115970, 50.82238809104900668 ) ) ;
#5627 = CARTESIAN_POINT ( 'NONE',  ( -8.979805276102547751, -42.28266494944968201, 0.6030752734721455122 ) ) ;
#5628 = CARTESIAN_POINT ( 'NONE',  ( -2.923372883865267724, -36.76592076060462944, 12.66752385240776846 ) ) ;
#5629 = CARTESIAN_POINT ( 'NONE',  ( 8.940946303813205986, -42.26331491192230061, -1.040389532065847833 ) ) ;
#5630 = CARTESIAN_POINT ( 'NONE',  ( 16.54623245511847429, -37.43004554454159205, 24.30004199840484702 ) ) ;
#5631 = CARTESIAN_POINT ( 'NONE',  ( -4.234247036814634441E-05, -41.54461856202144787, 7.620041973057389839 ) ) ;
#5632 = ORIENTED_EDGE ( 'NONE', *, *, #2773, .F. ) ;
#5633 = CARTESIAN_POINT ( 'NONE',  ( 5.508003405735320435, -41.96905124367470563, -0.6128881944211599375 ) ) ;
#5634 = CARTESIAN_POINT ( 'NONE',  ( 12.63879307361331961, -38.31026286157675287, 3.408257511809163809 ) ) ;
#5635 = CARTESIAN_POINT ( 'NONE',  ( -13.15518455823439936, -36.65699875535980112, 13.16961417038971938 ) ) ;
#5636 = CARTESIAN_POINT ( 'NONE',  ( -7.344011546507279498, -42.08122902362369899, 2.077913923010080044 ) ) ;
#5637 = CARTESIAN_POINT ( 'NONE',  ( 3.433219361932326130, -41.58679584628276160, 8.319436760004650822 ) ) ;
#5638 = CARTESIAN_POINT ( 'NONE',  ( 12.54085255167677460, -38.10602350434587748, 3.377346470136350920 ) ) ;
#5639 = CARTESIAN_POINT ( 'NONE',  ( 26.92140908143025158, -6.042206017369097459, 98.31135985159349389 ) ) ;
#5640 = CARTESIAN_POINT ( 'NONE',  ( -10.98540041650973187, -38.30788542583763245, 0.08303991554558705357 ) ) ;
#5641 = CARTESIAN_POINT ( 'NONE',  ( 96.00353246447548372, -63.39640923772801528, -8.420568338127111474 ) ) ;
#5642 = CARTESIAN_POINT ( 'NONE',  ( 226.6457644257074833, 10.00000000000000000, -45.85766345832988122 ) ) ;
#5643 = DIRECTION ( 'NONE',  ( 0.000000000000000000, 0.000000000000000000, 1.000000000000000000 ) ) ;
#5644 = B_SPLINE_CURVE_WITH_KNOTS ( 'NONE', 3,
 ( #1203, #2719, #4660, #2690 ),
 .UNSPECIFIED., .F., .F.,
 ( 4, 4 ),
 ( 0.000000000000000000, 1.000000000000000000 ),
 .UNSPECIFIED. ) ;
#5645 = CARTESIAN_POINT ( 'NONE',  ( -22.00000000000000000, -21.18324305483737646, 36.78323677006540038 ) ) ;
#5646 = CARTESIAN_POINT ( 'NONE',  ( 1.172851373643122086, -41.49943496707811619, -8.928241869267612429 ) ) ;
#5647 = CARTESIAN_POINT ( 'NONE',  ( -8.795196456481912506, -38.20894326095972104, -1.914853311366064847 ) ) ;
#5648 = CARTESIAN_POINT ( 'NONE',  ( -9.179994890275040120, -42.29213543396684827, -0.9195825163909380207 ) ) ;
#5649 = CARTESIAN_POINT ( 'NONE',  ( 9.180006245850009350, -42.28221066246755555, -1.123991167728289886 ) ) ;
#5650 = CARTESIAN_POINT ( 'NONE',  ( 3.948101707764817281, -37.57960466891682216, 8.088834200176092892 ) ) ;
#5651 = CARTESIAN_POINT ( 'NONE',  ( 80.74987728237677231, -63.39640923772800818, -11.45477020587406258 ) ) ;
#5652 = CARTESIAN_POINT ( 'NONE',  ( -38.37760923698960625, 2.258204822421081115, -3.153003375569637168 ) ) ;
#5653 = CARTESIAN_POINT ( 'NONE',  ( -18.00000000000000000, -15.84325058705650058, 47.33309916941549744 ) ) ;
#5654 = ADVANCED_FACE ( 'NONE', ( #1221 ), #2067, .T. ) ;
#5655 = CARTESIAN_POINT ( 'NONE',  ( -8.987123848528318248, -42.28767780546374411, 0.4826823553618631024 ) ) ;
#5656 = CARTESIAN_POINT ( 'NONE',  ( -11.24784325740495383, -37.78498005031647011, 6.573452498893347595 ) ) ;
#5657 = CARTESIAN_POINT ( 'NONE',  ( 8.997757370426162638, -42.30129188255772021, -0.2011852273578153827 ) ) ;
#5658 = CARTESIAN_POINT ( 'NONE',  ( 12.28321894486366794, -28.33924827439139449, 40.00635169319085094 ) ) ;
#5659 = CARTESIAN_POINT ( 'NONE',  ( 7.343948989041080289, -41.69036013684584674, 9.180062146499889053 ) ) ;
#5660 = ORIENTED_EDGE ( 'NONE', *, *, #4081, .T. ) ;
#5661 = CARTESIAN_POINT ( 'NONE',  ( -9.179978988388608485, -42.16512765732630186, -3.781320175800360506 ) ) ;
#5662 = CARTESIAN_POINT ( 'NONE',  ( 18.48964006438512087, -41.90001966924867816, -6.339664782480953775 ) ) ;
#5663 = EDGE_CURVE ( 'NONE', #3844, #5345, #5534, .T. ) ;
#5664 = CARTESIAN_POINT ( 'NONE',  ( 13.15949949251191953, -38.13805647533410337, 4.535102704269229790 ) ) ;
#5665 = VECTOR ( 'NONE', #2962, 1000.000000000000000 ) ;
#5666 = CARTESIAN_POINT ( 'NONE',  ( -5.508005109497530860, -41.97117035294004950, 0.9195008992283579818 ) ) ;
#5667 = CARTESIAN_POINT ( 'NONE',  ( 12.99065809163615270, -38.27067789894964989, 0.8765433862777454177 ) ) ;
#5668 = CARTESIAN_POINT ( 'NONE',  ( 19.94252651915554964, -38.48506133258115369, -1.401225119901683858 ) ) ;
#5669 = VECTOR ( 'NONE', #1937, 1000.000000000000000 ) ;
#5670 = CARTESIAN_POINT ( 'NONE',  ( -12.86609444829453075, -38.21125260838225302, 1.883130841961152102 ) ) ;
#5671 = CARTESIAN_POINT ( 'NONE',  ( -8.942737623539960268, -42.26447269265791107, -1.014817394652321569 ) ) ;
#5672 = ADVANCED_FACE ( 'NONE', ( #448 ), #494, .F. ) ;
#5673 = CARTESIAN_POINT ( 'NONE',  ( 149.6614994673866192, -58.99259783589941009, 126.5229989347731561 ) ) ;
#5674 = CARTESIAN_POINT ( 'NONE',  ( -18.00000000000000000, -34.34959553575265545, -21.81000826438560125 ) ) ;
#5675 = CARTESIAN_POINT ( 'NONE',  ( -5.507970490038629485, -41.83478244410004976, -5.310691334286230081 ) ) ;
#5676 = CARTESIAN_POINT ( 'NONE',  ( -2.341796299286712291, -41.53137451156458582, -8.710120429396322805 ) ) ;
#5677 = VECTOR ( 'NONE', #775, 1000.000000000000000 ) ;
#5678 = CARTESIAN_POINT ( 'NONE',  ( 9.180005109440639188, -42.29214137114305316, -0.9194804949377219927 ) ) ;
#5679 = CARTESIAN_POINT ( 'NONE',  ( -9.179993753865669959, -42.28220595411875138, -1.124093189181503805 ) ) ;
#5680 = CARTESIAN_POINT ( 'NONE',  ( -5.018481952294007620, -37.66596236339489678, 7.476653467195062852 ) ) ;
#5681 = CARTESIAN_POINT ( 'NONE',  ( 87.23648195563053775, -63.39640923772800818, -12.74496390230862630 ) ) ;
#5682 = CARTESIAN_POINT ( 'NONE',  ( -40.72007806292530319, 10.00000000000000000, -8.679063920228790252 ) ) ;
#5683 = CARTESIAN_POINT ( 'NONE',  ( 5.942223274042757630, -37.00363282978167234, 11.49997529799533602 ) ) ;
#5684 = CARTESIAN_POINT ( 'NONE',  ( 7.936404120345845747, -19.89767973380579491, -48.84217892801070349 ) ) ;
#5685 = CARTESIAN_POINT ( 'NONE',  ( -8.415313772243719015, -42.13106220959812021, 3.192686764918161835 ) ) ;
#5686 = CARTESIAN_POINT ( 'NONE',  ( 7.344016847136050963, -42.05001507918065329, -3.031826476146554761 ) ) ;
#5687 = CARTESIAN_POINT ( 'NONE',  ( -4.259443137613194708, -6.042206017373009885, -53.98290812280549744 ) ) ;
#5688 = CARTESIAN_POINT ( 'NONE',  ( 8.999999999999992895, -42.30661089211212555, -0.03003845664915272620 ) ) ;
#5689 = CARTESIAN_POINT ( 'NONE',  ( 17.40998040256705437, -39.45526423214246137, 18.37659830917176862 ) ) ;
#5690 = CARTESIAN_POINT ( 'NONE',  ( 3.404904315947891114, -38.31026286157675287, 12.59571885368061217 ) ) ;
#5691 = ORIENTED_EDGE ( 'NONE', *, *, #5800, .T. ) ;
#5692 = CARTESIAN_POINT ( 'NONE',  ( -3.671961991660209979, -41.66660398508295060, -6.840072694917419760 ) ) ;
#5693 = CARTESIAN_POINT ( 'NONE',  ( 81.10593960824945725, -6.042206017376056337, 176.7728494354204827 ) ) ;
#5694 = CARTESIAN_POINT ( 'NONE',  ( 3.671970490067030024, -41.75190379147124986, 5.310681132140909533 ) ) ;
#5695 = CARTESIAN_POINT ( 'NONE',  ( 188.2214503935571770, -6.042206017375296945, 21.91208070336230662 ) ) ;
#5696 = CARTESIAN_POINT ( 'NONE',  ( -5.508021011383959831, -41.90336651136514945, 3.781238558637780134 ) ) ;
#5697 = CARTESIAN_POINT ( 'NONE',  ( 4.190897895966816833, -36.85360337263487196, 12.24916401956169665 ) ) ;
#5698 = CARTESIAN_POINT ( 'NONE',  ( -18.01342170862875136, -5.512702099187720250, -2.557391253669899675E-14 ) ) ;
#5699 = CARTESIAN_POINT ( 'NONE',  ( -10.78209105369902154, -38.30785244987981031, 0.08148052098807902210 ) ) ;
#5700 = CARTESIAN_POINT ( 'NONE',  ( 2.984835976871371255, -36.76760612239301196, 12.65984631740986543 ) ) ;
#5701 = CARTESIAN_POINT ( 'NONE',  ( 73.65500000000000114, -63.39640923772800818, -2.064450201827639861E-15 ) ) ;
#5702 = EDGE_CURVE ( 'NONE', #2819, #2214, #1035, .T. ) ;
#5703 = CARTESIAN_POINT ( 'NONE',  ( -28.41086482563838089, -6.042206017375220561, 47.33038058119881697 ) ) ;
#5704 = CARTESIAN_POINT ( 'NONE',  ( 3.671953323285355175, -41.56764441693415080, 8.400052059778639446 ) ) ;
#5705 = CARTESIAN_POINT ( 'NONE',  ( -9.179970489981760906, -42.08223716987230745, -5.310711738576870289 ) ) ;
#5706 = CARTESIAN_POINT ( 'NONE',  ( -6.575132109400620983, -41.85793890039212783, -6.152650775306567787 ) ) ;
#5707 = CARTESIAN_POINT ( 'NONE',  ( -5.507988453293719999, -41.96221732396909943, -2.077985338027334983 ) ) ;
#5708 = CARTESIAN_POINT ( 'NONE',  ( 4.425277699727462988, -37.61484256216141375, 7.841548964962108847 ) ) ;
#5709 = CARTESIAN_POINT ( 'NONE',  ( -22.00000000000000000, -6.042206018788409239, -51.03729223149981920 ) ) ;
#5710 = CARTESIAN_POINT ( 'NONE',  ( -40.72007806292530319, 1.006503567975383318, -8.679063920228790252 ) ) ;
#5711 = CARTESIAN_POINT ( 'NONE',  ( -7.524394335297283298, -37.18247897209307951, 10.54629727586271670 ) ) ;
#5712 = CARTESIAN_POINT ( 'NONE',  ( 4.261463139496354913, -13.01573668357890945, -54.22368950719098279 ) ) ;
#5713 = CC_DESIGN_PERSON_AND_ORGANIZATION_ASSIGNMENT ( #1023, #3445, ( #5225 ) ) ;
#5714 = CARTESIAN_POINT ( 'NONE',  ( -7.315454676505074971, -41.95294391124281219, 5.250735324727084041 ) ) ;
#5715 = CARTESIAN_POINT ( 'NONE',  ( 149.6614994673865908, -58.99259783589949535, 1.137326972296151752E-14 ) ) ;
#5716 = CARTESIAN_POINT ( 'NONE',  ( 8.962530868885377089, -42.27376212505567565, -0.8204806927104758563 ) ) ;
#5717 = CARTESIAN_POINT ( 'NONE',  ( -9.180046676515619453, -41.87592484899965228, 8.399980644761390280 ) ) ;
#5718 = CARTESIAN_POINT ( 'NONE',  ( -9.180038008140789074, -41.98503258812255012, 6.840001279900169706 ) ) ;
#5719 = EDGE_LOOP ( 'NONE', ( #2099, #5272, #5910, #783, #2081 ) ) ;
#5720 = ORIENTED_EDGE ( 'NONE', *, *, #945, .T. ) ;
#5721 = CARTESIAN_POINT ( 'NONE',  ( -9.179961991574911551, -41.98502101360424632, -6.840103301353379628 ) ) ;
#5722 = DIRECTION ( 'NONE',  ( 0.000000000000000000, 1.000000000000000000, 0.000000000000000000 ) ) ;
#5723 = CARTESIAN_POINT ( 'NONE',  ( 7.343978988417019238, -42.01818542921504473, 3.781309973655029744 ) ) ;
#5724 = CARTESIAN_POINT ( 'NONE',  ( -33.28009064659159577, -6.042206017375264082, -46.02761928272502701 ) ) ;
#5725 = ADVANCED_FACE ( 'NONE', ( #5294 ), #2916, .F. ) ;
#5726 = CARTESIAN_POINT ( 'NONE',  ( 9.179994890275008146, -42.29213543392165064, 0.9195825163909309152 ) ) ;
#5727 = LINE ( 'NONE', #3262, #1905 ) ;
#5728 = ORIENTED_EDGE ( 'NONE', *, *, #3856, .F. ) ;
#5729 = CARTESIAN_POINT ( 'NONE',  ( 149.6614994673866192, -58.99259783589941009, -126.5229989347731561 ) ) ;
#5730 = CARTESIAN_POINT ( 'NONE',  ( -22.00000000000000000, -41.35711783739616720, -25.84158719786856651 ) ) ;
#5731 = CARTESIAN_POINT ( 'NONE',  ( -9.179988453236850532, -42.24575219294279549, -2.078005742317980076 ) ) ;
#5732 = B_SPLINE_SURFACE_WITH_KNOTS ( 'NONE', 3, 1, ( 
 ( #4367, #530 ),
 ( #5892, #4465 ),
 ( #1598, #2010 ),
 ( #4942, #4873 ),
 ( #3519, #2424 ),
 ( #1094, #156 ),
 ( #57, #3891 ),
 ( #5823, #5382 ),
 ( #1527, #3990 ),
 ( #5452, #2079 ) ),
 .UNSPECIFIED., .F., .F., .F.,
 ( 4, 2, 2, 2, 4 ),
 ( 2, 2 ),
 ( 0.000000000000000000, 0.2500000000000000000, 0.5000000000000000000, 0.7500000000000000000, 1.000000000000000000 ),
 ( 0.000000000000000000, 1.000000000000000000 ),
 .UNSPECIFIED. ) ;
#5733 = CARTESIAN_POINT ( 'NONE',  ( -6.833168341746704399, -37.08673482342016570, 11.06757564101566693 ) ) ;
#5734 = CARTESIAN_POINT ( 'NONE',  ( 33.61572406200880181, -47.26221975847439438, -1.292841891455429965E-14 ) ) ;
#5735 = ORGANIZATION ( 'UNSPECIFIED', 'UNSPECIFIED', '' ) ;
#5736 = CARTESIAN_POINT ( 'NONE',  ( 2.341796299109063284, -41.53137451156327842, 8.710120429454097035 ) ) ;
#5737 = CARTESIAN_POINT ( 'NONE',  ( 110.6172451890447803, -57.95386985700431381, -48.43449037808966295 ) ) ;
#5738 =( BOUNDED_CURVE ( )  B_SPLINE_CURVE ( 3, ( #2857, #588, #2510, #456 ),
 .UNSPECIFIED., .F., .T. ) 
 B_SPLINE_CURVE_WITH_KNOTS ( ( 4, 4 ),
 ( 4.755682002596558063E-17, 0.2523827344788250882 ),
 .UNSPECIFIED. ) 
 CURVE ( )  GEOMETRIC_REPRESENTATION_ITEM ( )  RATIONAL_B_SPLINE_CURVE ( ( 0.6469761212235316528, 0.3682674978800073995, 0.4859421241388302004, 1.000000000000000000 ) ) 
 REPRESENTATION_ITEM ( '' )  );
#5739 = CARTESIAN_POINT ( 'NONE',  ( -5.940749167588516677, -41.78729603275965587, -6.767215316864216845 ) ) ;
#5740 = CARTESIAN_POINT ( 'NONE',  ( -8.972242699289962431, -42.27891282786578842, 0.7072753355835625921 ) ) ;
#5741 = CARTESIAN_POINT ( 'NONE',  ( 8.218787738442765445, -38.08075449041361793, 3.676215814676345950 ) ) ;
#5742 = CARTESIAN_POINT ( 'NONE',  ( 8.581596599220931765, -38.15520953477447108, 2.716481714467040565 ) ) ;
#5743 = CARTESIAN_POINT ( 'NONE',  ( -1.453193699543083417, -36.72527420606240867, 12.85687936050983993 ) ) ;
#5744 = DIRECTION ( 'NONE',  ( 1.000000000000000000, 0.000000000000000000, 0.000000000000000000 ) ) ;
#5745 = CARTESIAN_POINT ( 'NONE',  ( 3.201260005236211459, -41.57386181536688241, 8.412028582620338923 ) ) ;
#5746 = DIRECTION ( 'NONE',  ( 0.000000000000000000, 1.000000000000000000, 0.000000000000000000 ) ) ;
#5747 = CARTESIAN_POINT ( 'NONE',  ( -2.301197958986165304, -41.53222196227579133, -8.706053665479579706 ) ) ;
#5748 = CARTESIAN_POINT ( 'NONE',  ( 5.723020382833656328, -15.73608948996890433, 52.24634006553928600 ) ) ;
#5749 = CARTESIAN_POINT ( 'NONE',  ( -5.508029509790809186, -41.83478860845939806, 5.310630121414299687 ) ) ;
#5750 = EDGE_CURVE ( 'NONE', #313, #2487, #5261, .T. ) ;
#5751 = ORIENTED_EDGE ( 'NONE', *, *, #2195, .F. ) ;
#5752 = ORIENTED_EDGE ( 'NONE', *, *, #304, .T. ) ;
#5753 = CARTESIAN_POINT ( 'NONE',  ( -5.507988453293719999, -41.96221732396909943, -2.077985338027334983 ) ) ;
#5754 = CARTESIAN_POINT ( 'NONE',  ( -3.362211073487086921, -38.31026286157675287, 12.60781192738517120 ) ) ;
#5755 = CARTESIAN_POINT ( 'NONE',  ( 7.343993753894060283, -42.10689525742390060, 1.124082987036175929 ) ) ;
#5756 = CARTESIAN_POINT ( 'NONE',  ( 41.82948172350543103, -6.042206017375212568, 94.13391314223669326 ) ) ;
#5757 = CARTESIAN_POINT ( 'NONE',  ( -3.672003405763780481, -41.88853576663194644, 0.6128983965664729361 ) ) ;
#5758 = CARTESIAN_POINT ( 'NONE',  ( -1.769611955047273311, -36.73351915910374998, 12.81866688872417726 ) ) ;
#5759 = EDGE_LOOP ( 'NONE', ( #1866, #934 ) ) ;
#5760 = CARTESIAN_POINT ( 'NONE',  ( -18.42086648329454945, -4.983198181002459926, -2.567370772452374894E-14 ) ) ;
#5761 = PERSON_AND_ORGANIZATION_ROLE ( 'design_owner' ) ;
#5762 = CARTESIAN_POINT ( 'NONE',  ( -10.27933030265634784, -37.59741763180000618, 7.969805166824110110 ) ) ;
#5763 = CARTESIAN_POINT ( 'NONE',  ( -39.28714233003034906, 10.00000000000000533, 6.040382153670546650 ) ) ;
#5764 = CARTESIAN_POINT ( 'NONE',  ( -8.949732876161858641, -42.26759792874040755, -0.9502031967606721086 ) ) ;
#5765 = CARTESIAN_POINT ( 'NONE',  ( -5.271900576053139886, -37.68941228425163814, 7.301461827237147872 ) ) ;
#5766 = CARTESIAN_POINT ( 'NONE',  ( 8.711811877261609993, -42.19251550245370908, 2.335076802822009245 ) ) ;
#5767 = CARTESIAN_POINT ( 'NONE',  ( 86.40000000000000568, -58.25464714294840007, 0.000000000000000000 ) ) ;
#5768 = CARTESIAN_POINT ( 'NONE',  ( -6.156934252167650001, -41.81039601293866070, -6.571125421974501002 ) ) ;
#5769 = CIRCLE ( 'NONE', #5993, 12.74499999999999922 ) ;
#5770 = CARTESIAN_POINT ( 'NONE',  ( 19.07334698233634995, -42.30756013076910449, -5.181181809388050601E-15 ) ) ;
#5771 = CARTESIAN_POINT ( 'NONE',  ( -7.379155078208662566, -37.94192410857053943, 5.152612249044662640 ) ) ;
#5772 = CARTESIAN_POINT ( 'NONE',  ( -0.3945022138698137115, -36.70784504339049192, 12.93738834944361216 ) ) ;
#5773 = DIRECTION ( 'NONE',  ( -1.000000000000000000, -0.000000000000000000, -0.000000000000000000 ) ) ;
#5774 = CARTESIAN_POINT ( 'NONE',  ( -8.327804452373150923, -42.11438430517578979, 3.412883281320399309 ) ) ;
#5775 = CARTESIAN_POINT ( 'NONE',  ( -71.46669839058749574, -6.042206017375156613, 137.9613978004092019 ) ) ;
#5776 = CARTESIAN_POINT ( 'NONE',  ( -3.201260004957491745, -41.57386181540328352, -8.412028582729645265 ) ) ;
#5777 = CARTESIAN_POINT ( 'NONE',  ( 5.507961991631749932, -41.74730526035120448, 6.840082897062740308 ) ) ;
#5778 = CARTESIAN_POINT ( 'NONE',  ( 7.343988453265270167, -42.08122616298214780, 2.077995540172650202 ) ) ;
#5779 = ORIENTED_EDGE ( 'NONE', *, *, #2125, .T. ) ;
#5780 = EDGE_LOOP ( 'NONE', ( #83, #5506, #3609, #4791 ) ) ;
#5781 = CARTESIAN_POINT ( 'NONE',  ( 7.344021011355500228, -42.01819183936184743, -3.781228356492464915 ) ) ;
#5782 = CARTESIAN_POINT ( 'NONE',  ( 13.22810880880770590, -33.22972007004717909, -146.3437823823845179 ) ) ;
#5783 = CARTESIAN_POINT ( 'NONE',  ( 5.507978988445449531, -41.90336194479514376, 3.781299771509710084 ) ) ;
#5784 = B_SPLINE_SURFACE_WITH_KNOTS ( 'NONE', 3, 3, ( 
 ( #3096, #4544, #796, #5589 ),
 ( #2629, #262, #1261, #1846 ),
 ( #5024, #2689, #1739, #5115 ),
 ( #2160, #2192, #6038, #3653 ),
 ( #1710, #2328, #3626, #4233 ),
 ( #6178, #3764, #6210, #5052 ) ),
 .UNSPECIFIED., .F., .F., .F.,
 ( 4, 2, 4 ),
 ( 4, 4 ),
 ( 0.000000000000000000, 0.5000000000000000000, 1.000000000000000000 ),
 ( 0.000000000000000000, 1.000000000000000000 ),
 .UNSPECIFIED. ) ;
#5785 = CARTESIAN_POINT ( 'NONE',  ( 3.599794922984363321, -6.042206017375217009, 63.18116584072859609 ) ) ;
#5786 = CARTESIAN_POINT ( 'NONE',  ( 18.40311429192462711, -41.70654361378205977, 7.430453204413002943 ) ) ;
#5787 = CARTESIAN_POINT ( 'NONE',  ( -3.671996594122520108, -41.88853499518950230, -0.6129392051477680070 ) ) ;
#5788 = CARTESIAN_POINT ( 'NONE',  ( -5.703847596417388033, -36.97913712863986291, 11.62644589431857867 ) ) ;
#5789 = ORIENTED_EDGE ( 'NONE', *, *, #1002, .F. ) ;
#5790 = CARTESIAN_POINT ( 'NONE',  ( 226.6457644257074833, 10.00000000000000000, -137.7671940876994086 ) ) ;
#5791 = APPROVAL_STATUS ( 'not_yet_approved' ) ;
#5792 = APPROVAL ( #5072, 'UNSPECIFIED' ) ;
#5793 = CARTESIAN_POINT ( 'NONE',  ( -4.546305742581190579, -36.86663569043544442, 12.18659466488117715 ) ) ;
#5794 = CARTESIAN_POINT ( 'NONE',  ( -36.20942603661067238, -6.042206018788410127, 42.71270776850018791 ) ) ;
#5795 = CARTESIAN_POINT ( 'NONE',  ( -22.00000000000000355, -6.042206017375267635, -49.62564395138136319 ) ) ;
#5796 = CARTESIAN_POINT ( 'NONE',  ( -0.5000963583086147635, -37.44191955088984258, 9.003512763103392658 ) ) ;
#5797 = CARTESIAN_POINT ( 'NONE',  ( 6.773004003839073306, -41.88192477425906901, 5.934218531132894547 ) ) ;
#5798 = CARTESIAN_POINT ( 'NONE',  ( 5.507957657444329413, -41.69805266500074481, 7.620072579493349707 ) ) ;
#5799 = CARTESIAN_POINT ( 'NONE',  ( 80.01474665271069853, -63.39640923772801528, 11.06183469793383090 ) ) ;
#5800 = EDGE_CURVE ( 'NONE', #1064, #3819, #3800, .T. ) ;
#5801 = CARTESIAN_POINT ( 'NONE',  ( 5.508051010759869470, -41.58978407722754866, -9.179990731482631006 ) ) ;
#5802 = CARTESIAN_POINT ( 'NONE',  ( -27.73244183007833641, -6.042206017375246319, -49.70959486204271371 ) ) ;
#5803 = CARTESIAN_POINT ( 'NONE',  ( -8.829169416623260602, -37.36540124650281314, 9.481013618931706688 ) ) ;
#5804 = FACE_OUTER_BOUND ( 'NONE', #1732, .T. ) ;
#5805 = CARTESIAN_POINT ( 'NONE',  ( 6.143137140933131235, -41.80936722422307383, 6.578393440850964780 ) ) ;
#5806 = CARTESIAN_POINT ( 'NONE',  ( 10.18449772817874788, -37.58075355445273402, 8.082404210319106497 ) ) ;
#5807 = CARTESIAN_POINT ( 'NONE',  ( 3.471071036893752293, -41.58898566607420832, -8.303717693917938902 ) ) ;
#5808 = CARTESIAN_POINT ( 'NONE',  ( 7.343948989041080289, -41.69036013684584674, 9.180062146499889053 ) ) ;
#5809 = CARTESIAN_POINT ( 'NONE',  ( -2.950987610365085034E-05, -41.67149771610429809, 5.310660727850260443 ) ) ;
#5810 = ORIENTED_EDGE ( 'NONE', *, *, #526, .F. ) ;
#5811 = ORIENTED_EDGE ( 'NONE', *, *, #2499, .T. ) ;
#5812 = CARTESIAN_POINT ( 'NONE',  ( 9.180051010703000003, -41.81642451497099700, -9.179970327191989909 ) ) ;
#5813 = CARTESIAN_POINT ( 'NONE',  ( 159.5718911911924920, -33.22972007004714357, 8.960972233485210097E-15 ) ) ;
#5814 = CARTESIAN_POINT ( 'NONE',  ( 7.343970490010160113, -41.94464159687049687, 5.310701536431549741 ) ) ;
#5815 = CARTESIAN_POINT ( 'NONE',  ( -9.000000000000000000, -38.30472699488110777, -1.718667784195345147E-09 ) ) ;
#5816 = DIRECTION ( 'NONE',  ( -0.000000000000000000, -1.000000000000000000, -0.000000000000000000 ) ) ;
#5817 = CARTESIAN_POINT ( 'NONE',  ( 5.507999999914679812, -41.99430005132509791, 3.060643596046600169E-05 ) ) ;
#5818 = ORIENTED_EDGE ( 'NONE', *, *, #3968, .T. ) ;
#5819 = CARTESIAN_POINT ( 'NONE',  ( 226.6457644257074833, -70.00000000000000000, -137.7671940876994086 ) ) ;
#5820 = DIRECTION ( 'NONE',  ( 0.000000000000000000, 0.000000000000000000, 1.000000000000000000 ) ) ;
#5821 = CARTESIAN_POINT ( 'NONE',  ( 7.802885402849907948, -38.00805492142834652, -4.487547975994682581 ) ) ;
#5822 = CARTESIAN_POINT ( 'NONE',  ( 13.15949949251191953, -36.65699875535980112, 13.16961417038971938 ) ) ;
#5823 = CARTESIAN_POINT ( 'NONE',  ( -18.00000000000000000, -15.84325058705650058, -47.33309916941539797 ) ) ;
#5824 = B_SPLINE_CURVE_WITH_KNOTS ( 'NONE', 3,
 ( #3020, #5795, #3052, #26 ),
 .UNSPECIFIED., .F., .F.,
 ( 4, 4 ),
 ( 0.000000000000000000, 1.000000000000000000 ),
 .UNSPECIFIED. ) ;
#5825 = CARTESIAN_POINT ( 'NONE',  ( 5.902838304845001716, -37.75033865593659499, 6.827421541297991503 ) ) ;
#5826 = EDGE_LOOP ( 'NONE', ( #4802, #1686, #5060, #5922, #2571, #5491 ) ) ;
#5827 = CARTESIAN_POINT ( 'NONE',  ( 4.509811247363083808, -41.65828041189450914, 7.794236667929457241 ) ) ;
#5828 = CARTESIAN_POINT ( 'NONE',  ( -22.00000000000000355, -6.042206018788404798, -7.287292231499815642 ) ) ;
#5829 = CARTESIAN_POINT ( 'NONE',  ( 73.65500000000000114, -63.39640923772800818, -2.064450201827639861E-15 ) ) ;
#5830 = CARTESIAN_POINT ( 'NONE',  ( 7.187734636680550793, -41.93526692094430075, 5.419822634620307333 ) ) ;
#5831 = PRODUCT ( 'low sldp', 'low sldp', '', ( #559 ) ) ;
#5832 = CARTESIAN_POINT ( 'NONE',  ( -8.976378501123623010, -42.28095693146429568, 0.6516645347176460712 ) ) ;
#5833 = CARTESIAN_POINT ( 'NONE',  ( -8.844840863565908151, -38.22359348091890752, 1.670347874565870860 ) ) ;
#5834 = CARTESIAN_POINT ( 'NONE',  ( -4.763383061723883038, -41.67833587248166793, -7.641786560072612922 ) ) ;
#5835 = CARTESIAN_POINT ( 'NONE',  ( 27.90412254817749371, 10.00000000000000000, -137.7671940876994086 ) ) ;
#5836 = CARTESIAN_POINT ( 'NONE',  ( 7.641839317432200573, -42.00044897359904184, 4.762613085706930427 ) ) ;
#5837 = CARTESIAN_POINT ( 'NONE',  ( -6.779177427390131960, -41.88109570676020610, 5.949021816751175251 ) ) ;
#5838 = CARTESIAN_POINT ( 'NONE',  ( -2.950402707485718867, -41.56080007249801156, -8.505049559671700621 ) ) ;
#5839 = CARTESIAN_POINT ( 'NONE',  ( 8.018869825624582504, -38.04396116491373192, -4.104947587038068058 ) ) ;
#5840 = CARTESIAN_POINT ( 'NONE',  ( 5.507953323256919553, -41.64573389331380326, 8.400062261923959994 ) ) ;
#5841 = CARTESIAN_POINT ( 'NONE',  ( -5.508006245906900133, -41.96795418391710797, 1.124011572018924099 ) ) ;
#5842 = ORIENTED_EDGE ( 'NONE', *, *, #3647, .T. ) ;
#5843 = ORIENTED_EDGE ( 'NONE', *, *, #5282, .T. ) ;
#5844 = CARTESIAN_POINT ( 'NONE',  ( 14.64218639164724678, -6.042206017375293392, -75.48882849255512895 ) ) ;
#5845 = PLANE ( 'NONE',  #5479 ) ;
#5846 = CARTESIAN_POINT ( 'NONE',  ( -51.01862778508009910, -6.042206017375243654, -24.34338473320316965 ) ) ;
#5847 = CARTESIAN_POINT ( 'NONE',  ( 128.8485295163892204, -33.22972007004630512, 73.62341040694580840 ) ) ;
#5848 = CARTESIAN_POINT ( 'NONE',  ( -40.69967956776959284, -21.18324305483734804, -38.85782123306505298 ) ) ;
#5849 = EDGE_CURVE ( 'NONE', #449, #3468, #2154, .T. ) ;
#5850 = CARTESIAN_POINT ( 'NONE',  ( -9.443083818365986204, -38.30966232310072428, 0.1306908001299727506 ) ) ;
#5851 = CARTESIAN_POINT ( 'NONE',  ( -9.179996594037220348, -42.30370506481104798, -0.6129698115837330930 ) ) ;
#5852 = EDGE_CURVE ( 'NONE', #4909, #2457, #1310, .T. ) ;
#5853 = VERTEX_POINT ( 'NONE', #4282 ) ;
#5854 = LINE ( 'NONE', #1523, #1418 ) ;
#5855 = CARTESIAN_POINT ( 'NONE',  ( 11.04421036157615710, -37.74532811802509258, 6.870550764556181633 ) ) ;
#5856 = CARTESIAN_POINT ( 'NONE',  ( -53.58330569984575931, 10.00000000000000000, 15.42164038722743058 ) ) ;
#5857 = VECTOR ( 'NONE', #4497, 1000.000000000000000 ) ;
#5858 = CARTESIAN_POINT ( 'NONE',  ( 127.2749434869425187, 10.00000000000000000, -137.7671940876994086 ) ) ;
#5859 = CARTESIAN_POINT ( 'NONE',  ( -6.274904195789288153, -37.79626812804976765, 6.451798095335472993 ) ) ;
#5860 = ORIENTED_EDGE ( 'NONE', *, *, #2142, .F. ) ;
#5861 = CARTESIAN_POINT ( 'NONE',  ( 5.488067696742813695, -41.74219353952535272, 7.139243302663843771 ) ) ;
#5862 = CARTESIAN_POINT ( 'NONE',  ( -22.00000000000001776, -6.042206018788412791, -32.28729223149981209 ) ) ;
#5863 = CARTESIAN_POINT ( 'NONE',  ( 143.7929854930485476, -6.042206017369109006, 99.54331454056968198 ) ) ;
#5864 = AXIS2_PLACEMENT_3D ( 'NONE', #2227, #175, #5471 ) ;
#5865 = CARTESIAN_POINT ( 'NONE',  ( 6.309612666757712596, -41.82778858852822879, 6.417916460902258535 ) ) ;
#5867 = CARTESIAN_POINT ( 'NONE',  ( -8.965809390968411563, -42.27545310530064882, 0.7841265367258221097 ) ) ;
#5866 = B_SPLINE_CURVE_WITH_KNOTS ( 'NONE', 3,
 ( #4475, #4848, #2465, #4376 ),
 .UNSPECIFIED., .F., .F.,
 ( 4, 4 ),
 ( 0.000000000000000000, 1.000000000000000000 ),
 .UNSPECIFIED. ) ;
#5868 = CARTESIAN_POINT ( 'NONE',  ( -8.745663869736089779, -38.19548131395816881, 2.126482668078129468 ) ) ;
#5869 = CARTESIAN_POINT ( 'NONE',  ( -1.181004411122320352, -41.49750405887189686, -8.941786056830435925 ) ) ;
#5870 = CARTESIAN_POINT ( 'NONE',  ( 16.53353958039605232, -37.39909008921487299, -24.41570337099339127 ) ) ;
#5871 = CARTESIAN_POINT ( 'NONE',  ( 7.464917934246941833, -41.97442212748479307, 5.027549425718831344 ) ) ;
#5872 = DIRECTION ( 'NONE',  ( 1.000000000000000000, 0.000000000000000000, 0.000000000000000000 ) ) ;
#5873 = CARTESIAN_POINT ( 'NONE',  ( 6.388748024481084364, -41.83680981908648988, -6.339083747697773497 ) ) ;
#5874 = CARTESIAN_POINT ( 'NONE',  ( 7.574999950213425315, -37.97166522061578320, -4.862237596133562434 ) ) ;
#5875 = CARTESIAN_POINT ( 'NONE',  ( -6.245992199551350868E-06, -41.78975016820130151, 1.124042178454889962 ) ) ;
#5876 = CARTESIAN_POINT ( 'NONE',  ( -3.672006245935335311, -41.88114297891964810, 1.124021774164245979 ) ) ;
#5877 = VERTEX_POINT ( 'NONE', #568 ) ;
#5878 = ORIENTED_EDGE ( 'NONE', *, *, #4603, .T. ) ;
#5879 = CARTESIAN_POINT ( 'NONE',  ( 41.82942040040224185, -6.042206017375311156, -94.13402667189602369 ) ) ;
#5880 = CARTESIAN_POINT ( 'NONE',  ( 18.62915981464630377, -35.33650225119816213, 18.20414711486588644 ) ) ;
#5881 = CARTESIAN_POINT ( 'NONE',  ( -41.28288212481136554, -6.042206017375257865, -37.08774178010254730 ) ) ;
#5882 = CARTESIAN_POINT ( 'NONE',  ( 67.45423609069815996, -56.13001623236041127, 31.31519736068919002 ) ) ;
#5883 = LINE ( 'NONE', #3379, #5669 ) ;
#5884 = CIRCLE ( 'NONE', #5998, 12.74499999999999922 ) ;
#5885 = DIRECTION ( 'NONE',  ( 0.000000000000000000, 1.000000000000000000, -0.000000000000000000 ) ) ;
#5886 = CARTESIAN_POINT ( 'NONE',  ( 9.180005109440639188, -42.29214137114305316, -0.9194804949377219927 ) ) ;
#5887 = ORIENTED_EDGE ( 'NONE', *, *, #3288, .T. ) ;
#5888 = CARTESIAN_POINT ( 'NONE',  ( 4.372554305657076590, -13.22198550371413006, -54.07924210216519612 ) ) ;
#5889 = B_SPLINE_SURFACE_WITH_KNOTS ( 'NONE', 3, 3, ( 
 ( #1291, #4185, #2633, #2164 ),
 ( #4101, #3629, #323, #1714 ),
 ( #1682, #3156, #2253, #6098 ),
 ( #1772, #6127, #5620, #5086 ),
 ( #5145, #5531, #2692, #3597 ),
 ( #1205, #827, #1799, #3128 ),
 ( #2662, #2750, #352, #2282 ),
 ( #3714, #3100, #4431, #5349 ),
 ( #3859, #3416, #3823, #1464 ),
 ( #2865, #2423, #1060, #56 ),
 ( #4872, #5287, #1025, #2986 ),
 ( #5763, #4838, #3921, #4333 ),
 ( #997, #3387, #1913, #1318 ),
 ( #2896, #4906, #3242, #2044 ),
 ( #965, #1526, #561, #5174 ),
 ( #3890, #594, #2009, #4806 ),
 ( #2517, #122, #5794, #4773 ),
 ( #3954, #1434, #4397, #5317 ),
 ( #5856, #496, #2952, #463 ) ),
 .UNSPECIFIED., .F., .F., .F.,
 ( 4, 1, 1, 1, 1, 1, 1, 1, 1, 1, 1, 1, 1, 1, 1, 1, 4 ),
 ( 4, 4 ),
 ( 0.000000000000000000, 0.06250000000000000000, 0.1250000000000000000, 0.1875000000000000000, 0.2500000000000000000, 0.3125000000000000000, 0.3750000000000000000, 0.4375000000000000000, 0.5000000000000000000, 0.5625000000000000000, 0.6250000000000000000, 0.6875000000000000000, 0.7500000000000000000, 0.8125000000000000000, 0.8750000000000000000, 0.9375000000000000000, 1.000000000000000000 ),
 ( 0.000000000000000000, 1.000000000000000000 ),
 .UNSPECIFIED. ) ;
#5890 = CARTESIAN_POINT ( 'NONE',  ( 11.83971672056366664, -37.91867479863607571, 5.385440304581772253 ) ) ;
#5891 = FACE_BOUND ( 'NONE', #3951, .T. ) ;
#5892 = CARTESIAN_POINT ( 'NONE',  ( -18.00000000000000000, -38.09024766049640220, -5.834977158582510093 ) ) ;
#5893 = CARTESIAN_POINT ( 'NONE',  ( -7.336954810159215690, -37.93561126943740902, 5.212526908413940063 ) ) ;
#5894 = EDGE_LOOP ( 'NONE', ( #5728, #2294 ) ) ;
#5895 = CARTESIAN_POINT ( 'NONE',  ( 8.415313772919251534, -42.13106220973394755, -3.192686763143429918 ) ) ;
#5896 = CARTESIAN_POINT ( 'NONE',  ( -50.44155606044894569, -4.209426036610667943, 15.20596206432331599 ) ) ;
#5897 = CARTESIAN_POINT ( 'NONE',  ( 26.92140908143025158, -6.042206017369097459, 98.31135985159349389 ) ) ;
#5898 = ADVANCED_FACE ( 'NONE', ( #5899 ), #3491, .F. ) ;
#5899 = FACE_OUTER_BOUND ( 'NONE', #4045, .T. ) ;
#5900 = CARTESIAN_POINT ( 'NONE',  ( 2.301197961015114313, -41.53222196220889373, 8.706053664926855618 ) ) ;
#5901 = CARTESIAN_POINT ( 'NONE',  ( -28.96065364147202814, -6.042206022897471662, -49.14831377533711532 ) ) ;
#5902 = CARTESIAN_POINT ( 'NONE',  ( -6.773004003791475824, -41.88192477425430127, -5.934218531160547982 ) ) ;
#5903 = CARTESIAN_POINT ( 'NONE',  ( 13.92368178415668467, -31.69523086842134774, -35.34597887832647700 ) ) ;
#5904 = CARTESIAN_POINT ( 'NONE',  ( 6.333327191255930799, -41.83046221450538127, 6.394457808424232503 ) ) ;
#5905 = DIRECTION ( 'NONE',  ( 0.000000000000000000, 0.000000000000000000, 1.000000000000000000 ) ) ;
#5906 = DIRECTION ( 'NONE',  ( -0.000000000000000000, 1.000000000000000000, 0.000000000000000000 ) ) ;
#5907 = CARTESIAN_POINT ( 'NONE',  ( 4.518126647750682956, -37.62222096532632065, -7.789423261115128838 ) ) ;
#5908 = CARTESIAN_POINT ( 'NONE',  ( -5.508003405735349745, -41.96905124318065106, 0.6128881944211520549 ) ) ;
#5909 = CARTESIAN_POINT ( 'NONE',  ( -3.672001134648780418, -41.88910343542099923, 0.2041836597426290312 ) ) ;
#5910 = ORIENTED_EDGE ( 'NONE', *, *, #3151, .F. ) ;
#5911 = EDGE_LOOP ( 'NONE', ( #3886, #6208, #667, #3957 ) ) ;
#5912 = CARTESIAN_POINT ( 'NONE',  ( 186.9220609593386655, -6.042206017375320037, -27.25925170896125493 ) ) ;
#5913 = DIRECTION ( 'NONE',  ( 0.000000000000000000, 0.000000000000000000, 1.000000000000000000 ) ) ;
#5914 = CARTESIAN_POINT ( 'NONE',  ( -62.43796600976600786, -6.042206017375224114, 7.573637608387309150 ) ) ;
#5915 = CARTESIAN_POINT ( 'NONE',  ( 132.1963904380773158, -50.78462308660635927, 27.05165476076345143 ) ) ;
#5916 = CARTESIAN_POINT ( 'NONE',  ( 18.47810587591770926, -41.84803766008136705, 6.273537562445266502 ) ) ;
#5917 = EDGE_CURVE ( 'NONE', #1248, #2472, #414, .T. ) ;
#5918 = CARTESIAN_POINT ( 'NONE',  ( -8.998887288001631291, -38.31026224233491462, 0.1470156075516847738 ) ) ;
#5919 = CARTESIAN_POINT ( 'NONE',  ( -9.179998297799400575, -42.31469511206929468, -0.3063571067765274991 ) ) ;
#5920 = ORIENTED_EDGE ( 'NONE', *, *, #548, .T. ) ;
#5921 = AXIS2_PLACEMENT_3D ( 'NONE', #4039, #2600, #5872 ) ;
#5922 = ORIENTED_EDGE ( 'NONE', *, *, #3568, .F. ) ;
#5923 = CARTESIAN_POINT ( 'NONE',  ( 11.74793468284487119, -27.26657512958123419, -41.34642910642595126 ) ) ;
#5924 = CARTESIAN_POINT ( 'NONE',  ( 4.770923977121324988, -37.64337347965363278, -7.637166171457882236 ) ) ;
#5925 = PLANE ( 'NONE',  #2095 ) ;
#5926 = B_SPLINE_CURVE_WITH_KNOTS ( 'NONE', 3,
 ( #4871, #5348, #663, #5380 ),
 .UNSPECIFIED., .F., .F.,
 ( 4, 4 ),
 ( 0.000000000000000000, 1.000000000000000000 ),
 .UNSPECIFIED. ) ;
#5927 = CARTESIAN_POINT ( 'NONE',  ( 0.4875835940445566452, -6.042206017375280069, -58.61996200337880225 ) ) ;
#5928 = CARTESIAN_POINT ( 'NONE',  ( -8.798804044978030703, -38.21018584144375296, 1.892368153714810042 ) ) ;
#5929 = ORIENTED_EDGE ( 'NONE', *, *, #1911, .T. ) ;
#5930 = CARTESIAN_POINT ( 'NONE',  ( 8.099901292987679469, -42.07307853710156564, -3.934278533162128610 ) ) ;
#5931 = CARTESIAN_POINT ( 'NONE',  ( -22.00000000000000711, -6.042206018788409239, 46.87937443516684510 ) ) ;
#5932 = ADVANCED_FACE ( 'NONE', ( #5804 ), #4486, .F. ) ;
#5933 = CARTESIAN_POINT ( 'NONE',  ( 92.05012271759748899, -63.39640923772800818, 11.45477020588810113 ) ) ;
#5934 = CARTESIAN_POINT ( 'NONE',  ( 8.927589158621922039, -42.25813964662562938, 1.143559928417948734 ) ) ;
#5935 = CARTESIAN_POINT ( 'NONE',  ( -7.140281808604924230, -41.92929463077755514, 5.486572178242250075 ) ) ;
#5936 = CARTESIAN_POINT ( 'NONE',  ( -32.25151044369661690, -6.042206017375265859, -46.88345310853817693 ) ) ;
#5937 = CARTESIAN_POINT ( 'NONE',  ( 8.927170960425602431, -42.25662777940388537, -1.181005590663298355 ) ) ;
#5938 = CARTESIAN_POINT ( 'NONE',  ( 16.27156984835227860, -36.79667087389084656, -25.87288447634449540 ) ) ;
#5939 = CARTESIAN_POINT ( 'NONE',  ( 8.436596161087116741, -42.13462442713758094, 3.150785670297906460 ) ) ;
#5940 = CARTESIAN_POINT ( 'NONE',  ( 3.493117819995016582, -6.042206017371519522, -53.98290812280589535 ) ) ;
#5941 = CARTESIAN_POINT ( 'NONE',  ( -7.999001470601067254, -42.05680254636539672, -4.127650336488094318 ) ) ;
#5942 = CARTESIAN_POINT ( 'NONE',  ( -8.071940326848865865, -38.05372424794953901, -3.991555979628025330 ) ) ;
#5943 = CARTESIAN_POINT ( 'NONE',  ( 7.343978988417019238, -42.01818542921504473, 3.781309973655029744 ) ) ;
#5944 = CARTESIAN_POINT ( 'NONE',  ( 5.507998297856239844, -41.96944676530809915, 0.3063367024858759669 ) ) ;
#5945 = DIRECTION ( 'NONE',  ( 0.000000000000000000, 0.000000000000000000, -1.000000000000000000 ) ) ;
#5946 = ORIENTED_EDGE ( 'NONE', *, *, #4209, .F. ) ;
#5947 = ORIENTED_EDGE ( 'NONE', *, *, #3055, .F. ) ;
#5948 = CARTESIAN_POINT ( 'NONE',  ( 7.052606389807837495, -6.042206017375285398, -67.46637184444303159 ) ) ;
#5949 = CARTESIAN_POINT ( 'NONE',  ( 69.65500000000000114, -58.93658393131480011, -4.101342130344464114E-15 ) ) ;
#5950 = CARTESIAN_POINT ( 'NONE',  ( 13.46096870725145145, -24.51945450749686017, 38.36958820945087467 ) ) ;
#5951 = CARTESIAN_POINT ( 'NONE',  ( -39.05641636343595025, -6.042206017375219673, 38.22145144330826128 ) ) ;
#5952 = CARTESIAN_POINT ( 'NONE',  ( 86.06783520431760337, -56.13001623236039705, 31.51140512489335066 ) ) ;
#5953 = CARTESIAN_POINT ( 'NONE',  ( 8.091148235391793619, -20.19106928975727300, 48.58309137121639765 ) ) ;
#5954 = EDGE_CURVE ( 'NONE', #2882, #3976, #2842, .T. ) ;
#5955 = CARTESIAN_POINT ( 'NONE',  ( 20.36082540615130299, -15.84325058705650058, 47.33309916941549744 ) ) ;
#5956 = CARTESIAN_POINT ( 'NONE',  ( -3.671978988473910022, -41.81616949220065038, -3.781289569364395309 ) ) ;
#5957 = EDGE_LOOP ( 'NONE', ( #142, #4867, #4973 ) ) ;
#5958 = ORIENTED_EDGE ( 'NONE', *, *, #4678, .F. ) ;
#5959 = CARTESIAN_POINT ( 'NONE',  ( 10.80188599223383150, -25.40607446155304316, -43.44831461825565810 ) ) ;
#5960 = B_SPLINE_CURVE_WITH_KNOTS ( 'NONE', 2,
 ( #3482, #2586, #3085 ),
 .UNSPECIFIED., .F., .F.,
 ( 3, 3 ),
 ( 0.000000000000000000, 1.000000000000000000 ),
 .UNSPECIFIED. ) ;
#5961 = CARTESIAN_POINT ( 'NONE',  ( 2.350129294884137465, -37.48792084575956096, -8.707844353606475352 ) ) ;
#5962 = CARTESIAN_POINT ( 'NONE',  ( -10.17797423956177560, -38.30198199073963394, 0.1036826094260935582 ) ) ;
#5963 = CARTESIAN_POINT ( 'NONE',  ( -18.00000000000000000, -34.34959553575265545, -21.81000826438560125 ) ) ;
#5964 = CARTESIAN_POINT ( 'NONE',  ( 12.37459413054157942, -22.41455991224604105, -40.87836906866200337 ) ) ;
#5965 = ORIENTED_EDGE ( 'NONE', *, *, #1900, .T. ) ;
#5966 = CARTESIAN_POINT ( 'NONE',  ( 8.838519513215125301, -42.22871349464015367, -1.697322210036883217 ) ) ;
#5967 = CARTESIAN_POINT ( 'NONE',  ( -41.98862031665350258, -5.970186294933574445, -43.25040310835720447 ) ) ;
#5968 = CARTESIAN_POINT ( 'NONE',  ( 34.52997485881824957, -20.95902901126089901, 85.73526420871947096 ) ) ;
#5969 = CARTESIAN_POINT ( 'NONE',  ( -6.309612667096184069, -41.82778858856597282, -6.417916460570240567 ) ) ;
#5970 = CARTESIAN_POINT ( 'NONE',  ( -7.893730125643174667, -42.03930901071053938, 4.325593813185527381 ) ) ;
#5971 = CARTESIAN_POINT ( 'NONE',  ( -61.95138147706970955, -6.042206017375240990, -9.328443997385008402 ) ) ;
#5972 = CARTESIAN_POINT ( 'NONE',  ( -3.724843243001956683, -41.60366366002955374, -8.198352839367936795 ) ) ;
#5973 = CARTESIAN_POINT ( 'NONE',  ( 17.95303914769309017, -40.73561200192744280, -13.24732425698912941 ) ) ;
#5974 = VECTOR ( 'NONE', #3448, 1000.000000000000000 ) ;
#5975 = CARTESIAN_POINT ( 'NONE',  ( -12.99019127455882128, -38.31026286157670313, 1.771200161839229681 ) ) ;
#5976 = CARTESIAN_POINT ( 'NONE',  ( -8.912644974310584445, -42.25256976666302933, -1.253054977149001603 ) ) ;
#5977 = CARTESIAN_POINT ( 'NONE',  ( 5.609250209922183039, -37.72286188575645127, -7.039868283285111161 ) ) ;
#5978 = CARTESIAN_POINT ( 'NONE',  ( -3.672006245935335311, -41.88114297891964810, 1.124021774164245979 ) ) ;
#5979 = CARTESIAN_POINT ( 'NONE',  ( -3.671999999943150073, -41.88125511300085435, -2.040429064798975216E-05 ) ) ;
#5980 = CARTESIAN_POINT ( 'NONE',  ( 16.39682016076275772, -30.41224494527519440, 29.88282692401734764 ) ) ;
#5981 = VERTEX_POINT ( 'NONE', #1924 ) ;
#5982 = ORIENTED_EDGE ( 'NONE', *, *, #1461, .F. ) ;
#5983 = CARTESIAN_POINT ( 'NONE',  ( 185.3328331859785010, -6.042206017371060334, 1.387778780781449935E-14 ) ) ;
#5984 = CARTESIAN_POINT ( 'NONE',  ( 117.9131557670225163, -56.13001623236052495, -63.02631153404517761 ) ) ;
#5985 = CARTESIAN_POINT ( 'NONE',  ( -8.763088628719737372, -38.20003885227365714, -2.056798720933066704 ) ) ;
#5986 = CARTESIAN_POINT ( 'NONE',  ( -48.46643077523673071, -6.042206017375248095, -27.43458927458117813 ) ) ;
#5987 = CIRCLE ( 'NONE', #2948, 12.74499999999999922 ) ;
#5988 = FACE_OUTER_BOUND ( 'NONE', #2449, .T. ) ;
#5989 = CARTESIAN_POINT ( 'NONE',  ( 14.46568375382958216, -32.83623835951423331, 33.53539534359801877 ) ) ;
#5990 = EDGE_CURVE ( 'NONE', #2883, #1421, #2314, .T. ) ;
#5991 = CARTESIAN_POINT ( 'NONE',  ( 15.34440927087883288, -28.25355459127765911, -33.32988397658331081 ) ) ;
#5992 = CARTESIAN_POINT ( 'NONE',  ( -9.179970489981760906, -42.08223716987230745, -5.310711738576870289 ) ) ;
#5993 = AXIS2_PLACEMENT_3D ( 'NONE', #4650, #2182, #4147 ) ;
#5994 = VERTEX_POINT ( 'NONE', #6191 ) ;
#5995 = CARTESIAN_POINT ( 'NONE',  ( 9.179998297799379259, -42.31469511203059852, 0.3063571067765190059 ) ) ;
#5996 = ORIENTED_EDGE ( 'NONE', *, *, #5614, .F. ) ;
#5997 = CARTESIAN_POINT ( 'NONE',  ( 13.92368178415668467, -31.69523086842134774, -35.34597887832647700 ) ) ;
#5998 = AXIS2_PLACEMENT_3D ( 'NONE', #6075, #2638, #4078 ) ;
#5999 = CARTESIAN_POINT ( 'NONE',  ( 3.671953323285355175, -41.56764441693415080, 8.400052059778639446 ) ) ;
#6000 = CARTESIAN_POINT ( 'NONE',  ( -18.00000000000000000, -23.68619686104764810, 39.70994965335955840 ) ) ;
#6001 = ORIENTED_EDGE ( 'NONE', *, *, #822, .T. ) ;
#6002 = CARTESIAN_POINT ( 'NONE',  ( 8.984023630177036424, -42.28517720078281883, -0.5382655206969407802 ) ) ;
#6003 = CARTESIAN_POINT ( 'NONE',  ( -71.46669839058749574, -6.042206017375310267, -137.7671940876994086 ) ) ;
#6004 = CARTESIAN_POINT ( 'NONE',  ( 2.302101680428699559, -41.52154692329722963, -8.787637317621438626 ) ) ;
#6005 = CARTESIAN_POINT ( 'NONE',  ( -3.543743181146361554, -41.59324972183241442, 8.273066970315452906 ) ) ;
#6006 = CARTESIAN_POINT ( 'NONE',  ( -61.40363736092153601, -6.042206017375221450, 10.02857581168663792 ) ) ;
#6007 = CARTESIAN_POINT ( 'NONE',  ( -8.998887288000474882, -38.31026224233492883, 0.1470156075517272953 ) ) ;
#6008 = CARTESIAN_POINT ( 'NONE',  ( -71.46669839058749574, 10.00000000000000000, -137.7671940876994086 ) ) ;
#6009 = CARTESIAN_POINT ( 'NONE',  ( 9.000000000000000000, -42.30661100815935072, 1.086142634795535983E-15 ) ) ;
#6010 = DIRECTION ( 'NONE',  ( 1.000000000000000000, 0.000000000000000000, 0.000000000000000000 ) ) ;
#6011 = EDGE_CURVE ( 'NONE', #617, #4909, #5339, .T. ) ;
#6012 = CARTESIAN_POINT ( 'NONE',  ( -22.00000000000000000, 34.17786269063009286, -1.037292231499814532 ) ) ;
#6013 = CARTESIAN_POINT ( 'NONE',  ( 3.671970490067030024, -41.75190379147124986, 5.310681132140909533 ) ) ;
#6014 = CARTESIAN_POINT ( 'NONE',  ( 7.343998297827809552, -42.11316998287139768, 0.3063469046311975141 ) ) ;
#6015 = CARTESIAN_POINT ( 'NONE',  ( 1.172683599365321960, -38.30472708429531536, -1.140648448090531009E-13 ) ) ;
#6016 = ORIENTED_EDGE ( 'NONE', *, *, #5750, .T. ) ;
#6017 = LINE ( 'NONE', #4639, #4570 ) ;
#6018 = DIRECTION ( 'NONE',  ( 0.000000000000000000, -5.078222490274110485E-16, -1.000000000000000000 ) ) ;
#6019 = CARTESIAN_POINT ( 'NONE',  ( -8.999851988754064891, -42.30608223088292874, 0.06361498166815075794 ) ) ;
#6020 = DIRECTION ( 'NONE',  ( -1.000000000000000000, 0.000000000000000000, 0.000000000000000000 ) ) ;
#6021 = CARTESIAN_POINT ( 'NONE',  ( 17.01540757202931431, -38.52100210608048059, 21.39152235570433902 ) ) ;
#6022 = CARTESIAN_POINT ( 'NONE',  ( 20.36082540615130299, -38.09024766049640220, 5.834977158582500323 ) ) ;
#6023 = CARTESIAN_POINT ( 'NONE',  ( -7.343953323228519459, -41.74792629669014588, -8.400072464069278766 ) ) ;
#6024 = VERTEX_POINT ( 'NONE', #2562 ) ;
#6025 = CARTESIAN_POINT ( 'NONE',  ( 5.507999999914679812, -41.99430005132509791, 3.060643596046600169E-05 ) ) ;
#6026 = CARTESIAN_POINT ( 'NONE',  ( 12.99644523611330982, -38.31026286157675287, 0.02705750318140733024 ) ) ;
#6027 = CARTESIAN_POINT ( 'NONE',  ( 75.33822533030514990, -63.39640923772801528, 6.385213237659632668 ) ) ;
#6028 = CARTESIAN_POINT ( 'NONE',  ( 20.34536719873065280, -37.24753809675054583, -11.41428795664993778 ) ) ;
#6029 = CARTESIAN_POINT ( 'NONE',  ( -8.665365510306036967, -38.17501835235353980, 2.435504244647038963 ) ) ;
#6030 = ORIENTED_EDGE ( 'NONE', *, *, #5849, .T. ) ;
#6031 = CARTESIAN_POINT ( 'NONE',  ( 6.542202348565979264, -41.85480593795352888, -6.181343386763029635 ) ) ;
#6032 = CARTESIAN_POINT ( 'NONE',  ( 30.67915473062150156, -13.94371515320612609, 92.10023280498641896 ) ) ;
#6033 = CARTESIAN_POINT ( 'NONE',  ( -6.047590598862250921, -41.79917675026745627, -6.665878459758835639 ) ) ;
#6034 = EDGE_CURVE ( 'NONE', #4768, #2030, #5866, .T. ) ;
#6035 = CARTESIAN_POINT ( 'NONE',  ( -8.215097582139245347, -42.09340470306042192, 3.684679295772204988 ) ) ;
#6036 = CARTESIAN_POINT ( 'NONE',  ( -45.22651191964336448, -6.042206017375248983, -31.68640310168131791 ) ) ;
#6037 = CARTESIAN_POINT ( 'NONE',  ( 179.0824426214854839, -13.94371515320777100, -185.3648852429707858 ) ) ;
#6038 = CARTESIAN_POINT ( 'NONE',  ( -42.65509899405392957, -29.99108561764705527, -20.46898068949853666 ) ) ;
#6039 = CARTESIAN_POINT ( 'NONE',  ( -6.510439734801660272, -38.31026286157670313, 11.37964822929246012 ) ) ;
#6040 = CARTESIAN_POINT ( 'NONE',  ( 6.575132109432332506, -41.85793890039538923, 6.152650775288148743 ) ) ;
#6041 = CARTESIAN_POINT ( 'NONE',  ( -71.46669839058749574, 10.00000000000000000, -137.7671940876994086 ) ) ;
#6042 = CARTESIAN_POINT ( 'NONE',  ( 5.508003405735320435, -41.96905124367470563, -0.6128881944211599375 ) ) ;
#6043 = CARTESIAN_POINT ( 'NONE',  ( 1.134705611842493951E-06, -41.79338277994690287, -0.2042040640332815071 ) ) ;
#6044 = CARTESIAN_POINT ( 'NONE',  ( 8.999987150092637833, -38.30413965686235400, 0.01520848997229347528 ) ) ;
#6045 = CARTESIAN_POINT ( 'NONE',  ( 96.00353246447548372, -63.39640923772801528, -8.420568338127111474 ) ) ;
#6046 = CARTESIAN_POINT ( 'NONE',  ( 226.6457644257074833, 10.00000000000000000, 137.9613978004090882 ) ) ;
#6047 = DIRECTION ( 'NONE',  ( 0.000000000000000000, 0.000000000000000000, 1.000000000000000000 ) ) ;
#6048 = CARTESIAN_POINT ( 'NONE',  ( -9.000000000000000000, -38.30472699488110777, -1.718667784195345147E-09 ) ) ;
#6049 = CARTESIAN_POINT ( 'NONE',  ( -11.65122263139802605, -37.87319180229332716, 5.829044609955579936 ) ) ;
#6050 = CARTESIAN_POINT ( 'NONE',  ( 17.43857561752454899, -39.52310363338446564, 18.14167538293455095 ) ) ;
#6051 = CLOSED_SHELL ( 'NONE', ( #3208, #4495, #3873, #3750, #1567, #2860, #4435, #4498, #5587, #3654, #2785, #4975, #1148, #852, #3771, #1058, #3411, #5025, #1252, #1603, #5654, #631, #1883, #695, #6121, #634 ) ) ;
#6052 = CARTESIAN_POINT ( 'NONE',  ( 10.81455038661171741, -25.42783980364967533, 43.44377965369491790 ) ) ;
#6053 = CARTESIAN_POINT ( 'NONE',  ( -9.179983152608048869, -42.20094904036890426, -3.031918295454449908 ) ) ;
#6054 = LOCAL_TIME ( 17, 55, 0.000000000000000000, #4904 ) ;
#6055 = VERTEX_POINT ( 'NONE', #3565 ) ;
#6056 = CARTESIAN_POINT ( 'NONE',  ( -7.343996594065659522, -42.11401773308335095, -0.6129596094384109906 ) ) ;
#6057 = CARTESIAN_POINT ( 'NONE',  ( 17.95303914769309017, -40.73561200192744280, -13.24732425698912941 ) ) ;
#6058 = EDGE_CURVE ( 'NONE', #3726, #3038, #1872, .T. ) ;
#6059 = CARTESIAN_POINT ( 'NONE',  ( 94.17627200198747062, -63.39640923772800818, 10.13238574791951230 ) ) ;
#6060 = ADVANCED_FACE ( 'NONE', ( #66 ), #1953, .F. ) ;
#6061 = CARTESIAN_POINT ( 'NONE',  ( -4.667665778224310122E-05, -41.49435253679070001, 8.400031655487991245 ) ) ;
#6062 = CARTESIAN_POINT ( 'NONE',  ( 14.14778666441030097, -25.86098040911297957, -36.69781041271784972 ) ) ;
#6063 = CARTESIAN_POINT ( 'NONE',  ( 33.62745298071140354, -47.26221975847409595, -1.112684768943767999 ) ) ;
#6064 = CARTESIAN_POINT ( 'NONE',  ( -5.856291288609677181, -41.77917982538303932, -6.836154116888356391 ) ) ;
#6065 = CARTESIAN_POINT ( 'NONE',  ( 86.40000000000000568, -58.25464714294840007, 0.000000000000000000 ) ) ;
#6066 = CARTESIAN_POINT ( 'NONE',  ( -22.00000000000000000, -42.30756013076910449, -5.767085840894440826E-15 ) ) ;
#6067 = CARTESIAN_POINT ( 'NONE',  ( 7.993340768577453126, -38.31026286157671024, 10.39176225287707922 ) ) ;
#6068 = CARTESIAN_POINT ( 'NONE',  ( 7.649234699537918125, -42.00108123383073178, 4.751394345857002932 ) ) ;
#6069 = CARTESIAN_POINT ( 'NONE',  ( 99.14499999999999602, -63.39640923772800818, 1.544179419989875053E-15 ) ) ;
#6070 = AXIS2_PLACEMENT_3D ( 'NONE', #3452, #1066, #2991 ) ;
#6071 = CARTESIAN_POINT ( 'NONE',  ( 3.671998865237490417, -41.88910478186475217, 0.2042244683239154979 ) ) ;
#6072 = CARTESIAN_POINT ( 'NONE',  ( 9.180029509733920179, -42.08224734154784841, -5.310609717123659479 ) ) ;
#6073 = CARTESIAN_POINT ( 'NONE',  ( -71.46669839058749574, 10.00000000000000000, 137.9613978004092019 ) ) ;
#6074 = CARTESIAN_POINT ( 'NONE',  ( 99.14499999999999602, -63.39640923772800818, 1.544179419989875053E-15 ) ) ;
#6075 = CARTESIAN_POINT ( 'NONE',  ( 86.40000000000000568, -58.25464714294840007, 0.000000000000000000 ) ) ;
#6076 = CARTESIAN_POINT ( 'NONE',  ( 11.33541457917656992, -37.81466214937019288, 6.300427681268140567 ) ) ;
#6077 = CARTESIAN_POINT ( 'NONE',  ( 0.4875835940452989958, -6.042206017375280069, -58.61996200337829777 ) ) ;
#6078 = CARTESIAN_POINT ( 'NONE',  ( -12.64710761350915824, -38.13257215423436719, 3.038257161261831207 ) ) ;
#6079 = CARTESIAN_POINT ( 'NONE',  ( 13.59649946460753256, -31.01095132605514593, 36.39973561734192486 ) ) ;
#6080 = CARTESIAN_POINT ( 'NONE',  ( 17.21857569495887219, -39.00130600328279229, 19.93210539140947901 ) ) ;
#6081 = CARTESIAN_POINT ( 'NONE',  ( -9.180051010703030201, -41.81642451597864607, 9.179970327191989909 ) ) ;
#6082 = EDGE_LOOP ( 'NONE', ( #6141, #1512, #117 ) ) ;
#6083 = CARTESIAN_POINT ( 'NONE',  ( -7.343998865180649815, -42.10617315432034502, -0.2042448726145680016 ) ) ;
#6084 = LINE ( 'NONE', #3701, #418 ) ;
#6085 = CARTESIAN_POINT ( 'NONE',  ( 77.97938061203190330, -63.39640923772801528, 9.603583514322163950 ) ) ;
#6086 = CARTESIAN_POINT ( 'NONE',  ( -7.344038008169219367, -41.85265049074519794, 6.840011482045489366 ) ) ;
#6087 = CARTESIAN_POINT ( 'NONE',  ( 8.869373492315324015, -37.37126650072593748, 9.448314296867653894 ) ) ;
#6088 = ORIENTED_EDGE ( 'NONE', *, *, #3237, .F. ) ;
#6089 = ADVANCED_FACE ( 'NONE', ( #400 ), #4574, .T. ) ;
#6090 = CARTESIAN_POINT ( 'NONE',  ( 46.43677164677047386, -38.48506133258121054, 66.05468056303826074 ) ) ;
#6091 = CARTESIAN_POINT ( 'NONE',  ( 0.4875835940453340234, -6.042206017375219673, 58.61996200337879515 ) ) ;
#6092 = CARTESIAN_POINT ( 'NONE',  ( 1.117494964722689277, -41.48872398770927816, -9.000777874244725751 ) ) ;
#6093 = CARTESIAN_POINT ( 'NONE',  ( -36.34758702378299944, -6.042206017375219673, 41.15908425050574238 ) ) ;
#6094 = CARTESIAN_POINT ( 'NONE',  ( 159.5718911911922078, -33.22972007004717909, -146.3437823823845179 ) ) ;
#6095 = EDGE_CURVE ( 'NONE', #5377, #2974, #4098, .T. ) ;
#6096 = CARTESIAN_POINT ( 'NONE',  ( -22.31083034219277295, -6.042206018788408350, 48.39853385925892582 ) ) ;
#6097 = CARTESIAN_POINT ( 'NONE',  ( -2.892065331416547647, -41.55750404585192825, 8.527832659307986063 ) ) ;
#6098 = CARTESIAN_POINT ( 'NONE',  ( -22.00000000000000355, -6.042206018788409239, -44.78729223149981209 ) ) ;
#6099 = CARTESIAN_POINT ( 'NONE',  ( -5.508001701973160635, -41.96944799637174839, 0.3062754896139460170 ) ) ;
#6100 = CARTESIAN_POINT ( 'NONE',  ( 7.344038008169199827, -41.85265049061969478, -6.840011482045489366 ) ) ;
#6101 = CARTESIAN_POINT ( 'NONE',  ( 5.902838304845001716, -37.75033865593659499, 6.827421541297991503 ) ) ;
#6102 = DIRECTION ( 'NONE',  ( 0.000000000000000000, 1.000000000000000000, 0.000000000000000000 ) ) ;
#6103 = DIRECTION ( 'NONE',  ( 0.000000000000000000, 0.000000000000000000, 1.000000000000000000 ) ) ;
#6104 = FACE_OUTER_BOUND ( 'NONE', #2179, .T. ) ;
#6105 = CARTESIAN_POINT ( 'NONE',  ( 5.508046676572449840, -41.64574234799879804, -8.400001049052029600 ) ) ;
#6106 = FACE_OUTER_BOUND ( 'NONE', #3104, .T. ) ;
#6107 = CARTESIAN_POINT ( 'NONE',  ( -4.546305742581190579, -36.86663569043544442, 12.18659466488117715 ) ) ;
#6108 = CARTESIAN_POINT ( 'NONE',  ( 8.992636458841303693, -42.29313990988428174, -0.3714819228107688054 ) ) ;
#6109 = CARTESIAN_POINT ( 'NONE',  ( 17.61819181798729161, -39.94927426579406671, 16.58680298797882102 ) ) ;
#6110 = CARTESIAN_POINT ( 'NONE',  ( 12.63879307361331961, -38.31026286157675287, 3.408257511809163809 ) ) ;
#6111 = ORIENTED_EDGE ( 'NONE', *, *, #3614, .T. ) ;
#6112 = CARTESIAN_POINT ( 'NONE',  ( -1.134705643865839777E-06, -41.79338277993004880, 0.2042040640332719870 ) ) ;
#6113 = CARTESIAN_POINT ( 'NONE',  ( -22.00000000000000711, -6.042206018788411015, 17.71270776850018791 ) ) ;
#6114 = CARTESIAN_POINT ( 'NONE',  ( 99.14499999999999602, -63.39640923772800818, 1.544179419989875053E-15 ) ) ;
#6115 = EDGE_CURVE ( 'NONE', #211, #10, #3296, .T. ) ;
#6116 = CARTESIAN_POINT ( 'NONE',  ( -3.672021011412390123, -41.81617290905060003, 3.781248760783105123 ) ) ;
#6117 = CARTESIAN_POINT ( 'NONE',  ( -23.27827547839963529, -6.042545208689472425, 48.91077465334048213 ) ) ;
#6118 = CARTESIAN_POINT ( 'NONE',  ( 85.35719728723940136, -6.042206017369100124, 98.92733719608149556 ) ) ;
#6119 = CARTESIAN_POINT ( 'NONE',  ( -8.998799112008940781, -38.30460735910270387, 0.1467910492799149869 ) ) ;
#6120 = CARTESIAN_POINT ( 'NONE',  ( 99.14499999999999602, -63.39640923772800818, 1.544179419989875053E-15 ) ) ;
#6121 = ADVANCED_FACE ( 'NONE', ( #2357 ), #5784, .F. ) ;
#6122 = CARTESIAN_POINT ( 'NONE',  ( 190.4059769339625063, -6.042206017374129878, 1.510441131475985042E-14 ) ) ;
#6123 = CARTESIAN_POINT ( 'NONE',  ( 33.61572406200880181, -47.26221975847439438, -1.292841891455429965E-14 ) ) ;
#6124 = CARTESIAN_POINT ( 'NONE',  ( 9.180016847107609124, -42.20095491693644618, -3.031816274001235101 ) ) ;
#6125 = CARTESIAN_POINT ( 'NONE',  ( -40.37768763386446125, -21.18324305483737646, 36.78323677006540038 ) ) ;
#6126 = CARTESIAN_POINT ( 'NONE',  ( -22.92819933413028366, -6.042206017375267635, -49.20199396977101003 ) ) ;
#6127 = CARTESIAN_POINT ( 'NONE',  ( -47.53715543443617264, -2.888608056842446814, -14.29568559494096469 ) ) ;
#6128 = EDGE_CURVE ( 'NONE', #2012, #6055, #3611, .T. ) ;
#6129 = CARTESIAN_POINT ( 'NONE',  ( -5.507998297856270042, -41.96944676484329761, -0.3063367024858845156 ) ) ;
#6130 = CARTESIAN_POINT ( 'NONE',  ( 2.950987607470884923E-05, -41.67149771645480172, -5.310660727850260443 ) ) ;
#6131 = CARTESIAN_POINT ( 'NONE',  ( 4.066574688018078199, -37.58805958967985106, 8.030019522340618110 ) ) ;
#6132 = LINE ( 'NONE', #3633, #1099 ) ;
#6133 = CARTESIAN_POINT ( 'NONE',  ( -39.28714233003034906, 1.958812404666622653, 6.040382153670546650 ) ) ;
#6134 = DIRECTION ( 'NONE',  ( -1.000000000000000000, 0.000000000000000000, 0.000000000000000000 ) ) ;
#6135 = DIRECTION ( 'NONE',  ( -1.000000000000000000, -0.000000000000000000, -0.000000000000000000 ) ) ;
#6136 = CARTESIAN_POINT ( 'NONE',  ( 5.395158430169364472, -36.93777596929351859, 11.83521086000122757 ) ) ;
#6137 = CARTESIAN_POINT ( 'NONE',  ( 8.975870179934574367, -42.28072545982242048, -0.6586045043402518617 ) ) ;
#6138 = B_SPLINE_CURVE_WITH_KNOTS ( 'NONE', 3,
 ( #3144, #665, #5043, #757 ),
 .UNSPECIFIED., .F., .F.,
 ( 4, 4 ),
 ( 0.000000000000000000, 1.000000000000000000 ),
 .UNSPECIFIED. ) ;
#6139 = CARTESIAN_POINT ( 'NONE',  ( 17.74034628268919533, -40.23828425023198463, 15.45197667766284688 ) ) ;
#6140 = CARTESIAN_POINT ( 'NONE',  ( 9.180051010703000003, -41.81642451497099700, -9.179970327191989909 ) ) ;
#6141 = ORIENTED_EDGE ( 'NONE', *, *, #314, .F. ) ;
#6142 = CARTESIAN_POINT ( 'NONE',  ( 3.672011546564115214, -41.86434211346455214, -2.077934327300730022 ) ) ;
#6143 = CARTESIAN_POINT ( 'NONE',  ( 1.714049004257521824, -38.31026286157675287, 12.93329942173999569 ) ) ;
#6144 = CARTESIAN_POINT ( 'NONE',  ( -13.15518455823439936, -38.13805647533410337, 4.535102704269229790 ) ) ;
#6145 = EDGE_CURVE ( 'NONE', #75, #625, #762, .T. ) ;
#6146 = CARTESIAN_POINT ( 'NONE',  ( 5.507996594094048959, -41.96905090782664871, 0.6129494072930820048 ) ) ;
#6147 = CARTESIAN_POINT ( 'NONE',  ( -23.91435553702712014, -6.042206163896855386, 48.81099545576654464 ) ) ;
#6148 = CARTESIAN_POINT ( 'NONE',  ( 117.0212516675358643, -47.26221975847412438, 53.10999001326837998 ) ) ;
#6149 = CARTESIAN_POINT ( 'NONE',  ( -3.232406974668756927, -36.78135654460059101, 12.59493631026105831 ) ) ;
#6150 = CARTESIAN_POINT ( 'NONE',  ( -8.954490081846957494, -42.26981328311796915, -0.9039518917910933649 ) ) ;
#6151 = CARTESIAN_POINT ( 'NONE',  ( -18.42086648329454945, -4.983198181002479465, -6.008035954547529540E-15 ) ) ;
#6152 = CARTESIAN_POINT ( 'NONE',  ( 69.65500000000015746, -58.93658393131480722, -33.48999999999976040 ) ) ;
#6153 = CARTESIAN_POINT ( 'NONE',  ( -5.507961991631770360, -41.74730526027870070, -6.840082897062740308 ) ) ;
#6154 = CARTESIAN_POINT ( 'NONE',  ( -8.881265452336498001, -42.24139308932330295, -1.465025030935598993 ) ) ;
#6155 = CARTESIAN_POINT ( 'NONE',  ( 7.344005109469069481, -42.10820935157229883, -0.9194906970830428738 ) ) ;
#6156 = CARTESIAN_POINT ( 'NONE',  ( 6.245992168675559985E-06, -41.78975016829365074, -1.124042178454895957 ) ) ;
#6157 = CARTESIAN_POINT ( 'NONE',  ( 6.387213656519986849, -37.80965318013268472, 6.340631934072917808 ) ) ;
#6158 = DIRECTION ( 'NONE',  ( -1.000000000000000000, -0.000000000000000000, -0.000000000000000000 ) ) ;
#6159 = CARTESIAN_POINT ( 'NONE',  ( -22.00000000000002132, -6.042206018788412791, -26.03729223149981564 ) ) ;
#6160 = CARTESIAN_POINT ( 'NONE',  ( 0.8786768278880687788, -36.71303088488401301, 12.91354528092610643 ) ) ;
#6161 = CARTESIAN_POINT ( 'NONE',  ( 190.4059769339629895, -6.042206017373019655, 1.273705867443711913E-14 ) ) ;
#6162 = CARTESIAN_POINT ( 'NONE',  ( -3.492835588497975596, -41.59025383495571049, 8.294608692357197555 ) ) ;
#6163 = CARTESIAN_POINT ( 'NONE',  ( 9.497174952617797317, -37.46083263370493199, 8.887288101676436014 ) ) ;
#6164 = CARTESIAN_POINT ( 'NONE',  ( 8.838519513215125301, -42.22871349464015367, -1.697322210036883217 ) ) ;
#6165 = CARTESIAN_POINT ( 'NONE',  ( 16.35086870160395378, -36.98197473097660293, 25.38709255679851395 ) ) ;
#6166 = CARTESIAN_POINT ( 'NONE',  ( -7.344046676544049745, -41.74793702368554449, 8.399990846906709052 ) ) ;
#6167 = ORIENTED_EDGE ( 'NONE', *, *, #4793, .T. ) ;
#6168 = CARTESIAN_POINT ( 'NONE',  ( -3.671988453322155177, -41.86434037993399215, -2.077975135882014879 ) ) ;
#6169 = CARTESIAN_POINT ( 'NONE',  ( -12.98101139867664600, -38.31026286157674576, 1.765527266346387680 ) ) ;
#6170 = CARTESIAN_POINT ( 'NONE',  ( 9.180042342328178506, -41.93205553827840504, -7.619990962330779105 ) ) ;
#6171 = CARTESIAN_POINT ( 'NONE',  ( -38.79583562937321517, -6.042206017375259641, -40.22448736847695017 ) ) ;
#6172 = EDGE_CURVE ( 'NONE', #1159, #2883, #4649, .T. ) ;
#6173 = B_SPLINE_CURVE_WITH_KNOTS ( 'NONE', 3,
 ( #5347, #5730, #54, #5315 ),
 .UNSPECIFIED., .F., .F.,
 ( 4, 4 ),
 ( 0.000000000000000000, 1.000000000000000000 ),
 .UNSPECIFIED. ) ;
#6174 = CARTESIAN_POINT ( 'NONE',  ( 7.343993753894060283, -42.10689525742390060, 1.124082987036175929 ) ) ;
#6175 = CARTESIAN_POINT ( 'NONE',  ( 10.90136018093579828, -37.72571427437066660, 7.018318653515970063 ) ) ;
#6176 = B_SPLINE_CURVE_WITH_KNOTS ( 'NONE', 3,
 ( #4358, #47, #3881, #5815 ),
 .UNSPECIFIED., .F., .F.,
 ( 4, 4 ),
 ( 0.000000000000000000, 1.000000000000000000 ),
 .UNSPECIFIED. ) ;
#6177 = CARTESIAN_POINT ( 'NONE',  ( 191.2208664832945146, -4.983198181002489235, 1.283685386226185869E-14 ) ) ;
#6178 = CARTESIAN_POINT ( 'NONE',  ( -53.58330569984575931, 10.00000000000000000, -15.42164038722743058 ) ) ;
#6179 = CARTESIAN_POINT ( 'NONE',  ( 2.150918658608151457, -36.73164398068561809, 12.82787669434916822 ) ) ;
#6180 = CARTESIAN_POINT ( 'NONE',  ( 92.78525334728060159, -63.39640923772801528, -11.06183469794279439 ) ) ;
#6181 = CARTESIAN_POINT ( 'NONE',  ( -39.05641636343595025, -6.042206017375219673, 38.22145144330826128 ) ) ;
#6182 = CARTESIAN_POINT ( 'NONE',  ( -18.00000000000000000, -38.30611622139949901, -0.03690425908144105011 ) ) ;
#6183 = CARTESIAN_POINT ( 'NONE',  ( -3.671961991660209979, -41.66660398508295060, -6.840072694917419760 ) ) ;
#6184 = CARTESIAN_POINT ( 'NONE',  ( -2.905600945043350425, -41.55626914427964635, -8.538577422881722612 ) ) ;
#6185 = AXIS2_PLACEMENT_3D ( 'NONE', #5354, #5232, #566 ) ;
#6186 = CARTESIAN_POINT ( 'NONE',  ( 3.672042342413474714, -41.61891558230554722, -7.620021568766739861 ) ) ;
#6187 = CARTESIAN_POINT ( 'NONE',  ( 8.105012306823567769, -38.05958557727462477, 3.923593680236267200 ) ) ;
#6188 = CARTESIAN_POINT ( 'NONE',  ( 8.366556987711495808, -38.10978830282019914, 3.317138048631215863 ) ) ;
#6189 = CARTESIAN_POINT ( 'NONE',  ( -53.58330569984575931, -6.744260141485237448, -15.42164038722743058 ) ) ;
#6190 = CARTESIAN_POINT ( 'NONE',  ( -1.769611955047273311, -36.73351915910374998, 12.81866688872417726 ) ) ;
#6191 = CARTESIAN_POINT ( 'NONE',  ( 103.1449999999999960, -58.93658393131480011, 5.007450250832799374E-15 ) ) ;
#6192 = CARTESIAN_POINT ( 'NONE',  ( -5.383077261130935653, -41.73009153696978757, 7.236683523761848313 ) ) ;
#6193 = ADVANCED_FACE ( 'NONE', ( #3292, #5220 ), #906, .F. ) ;
#6194 = CARTESIAN_POINT ( 'NONE',  ( 11.83971672056366664, -37.91867479863607571, 5.385440304581772253 ) ) ;
#6195 = CARTESIAN_POINT ( 'NONE',  ( 9.000000000000000000, -42.30661100815935072, 1.086142634795535983E-15 ) ) ;
#6196 = CARTESIAN_POINT ( 'NONE',  ( 0.4875835940438709715, -6.042206017374069482, 58.61996200337879515 ) ) ;
#6197 = CARTESIAN_POINT ( 'NONE',  ( 11.32911082509865786, -38.31026286157674576, 6.528776660758645711 ) ) ;
#6198 = ORIENTED_EDGE ( 'NONE', *, *, #5233, .F. ) ;
#6199 = EDGE_LOOP ( 'NONE', ( #5000, #5418, #522, #3985 ) ) ;
#6200 = CARTESIAN_POINT ( 'NONE',  ( 5.508011546535679592, -41.96222113973674794, -2.077924125155405033 ) ) ;
#6201 = CARTESIAN_POINT ( 'NONE',  ( 40.60360956192334214, -50.78462308660646585, -91.59278087615335551 ) ) ;
#6202 = CARTESIAN_POINT ( 'NONE',  ( -3.800828295466734567E-05, -41.59064680554690341, 6.840052290626779552 ) ) ;
#6203 = CARTESIAN_POINT ( 'NONE',  ( -9.179953323200081172, -41.87591202997710127, -8.400082666214601090 ) ) ;
#6204 = CARTESIAN_POINT ( 'NONE',  ( -30.10090426739241920, -6.042206017375271188, -48.45724523092746239 ) ) ;
#6205 = CARTESIAN_POINT ( 'NONE',  ( 9.179993753865641537, -42.28220595406965288, 1.124093189181498031 ) ) ;
#6206 = CARTESIAN_POINT ( 'NONE',  ( 7.393069536776651240, -37.16722442184875064, 10.62866883080903513 ) ) ;
#6207 = AXIS2_PLACEMENT_3D ( 'NONE', #4936, #4018, #750 ) ;
#6208 = ORIENTED_EDGE ( 'NONE', *, *, #945, .F. ) ;
#6209 = CARTESIAN_POINT ( 'NONE',  ( 103.1449999999999960, -58.93658393131480011, 5.007450250832799374E-15 ) ) ;
#6210 = CARTESIAN_POINT ( 'NONE',  ( -38.74426014148524899, -6.042206018788388810, -51.03729223149983341 ) ) ;
#6211 = CARTESIAN_POINT ( 'NONE',  ( 1.154662097816547910E-05, -41.78218312152495173, -2.077954731591369786 ) ) ;
#6212 = CARTESIAN_POINT ( 'NONE',  ( 172.6772380009915366, -20.95902901126225260, 1.056591433571883900E-14 ) ) ;
#6213 = CARTESIAN_POINT ( 'NONE',  ( 99.14500000000001023, -63.39640923772800818, -0.8366634718754506483 ) ) ;
#6214 = CARTESIAN_POINT ( 'NONE',  ( -2.047369122909326933, -41.52275882403534268, 8.769056304860407991 ) ) ;
#6215 = CARTESIAN_POINT ( 'NONE',  ( 7.343948989041080289, -41.69036013684584674, 9.180062146499889053 ) ) ;
#6216 = CARTESIAN_POINT ( 'NONE',  ( -3.991069150304319191, -41.62098965566505626, -8.072166327261177443 ) ) ;
#6217 = EDGE_CURVE ( 'NONE', #2208, #5377, #3153, .T. ) ;
#6218 = B_SPLINE_CURVE_WITH_KNOTS ( 'NONE', 3,
 ( #680, #646, #576, #105, #4957, #2026, #3499, #3464, #5839, #71, #3068, #5874, #612, #3001, #2602, #1991, #5977, #4995, #1509, #3533, #4480, #5907, #4380, #3569, #3937, #2567, #2533, #5502, #5431, #4006, #3431, #4889, #1615, #1112, #4516, #1544, #3035, #206, #2131, #5398, #1077, #4041, #1650, #1178, #545, #172, #4448, #2469, #3905, #139, #5365, #5468, #5942, #1043, #2969, #4413, #3657, #1742, #5647, #4604, #5593, #265 ),
 .UNSPECIFIED., .F., .F.,
 ( 4, 2, 2, 2, 1, 2, 2, 2, 2, 2, 2, 2, 2, 2, 2, 2, 2, 2, 2, 2, 2, 2, 2, 2, 2, 2, 2, 2, 1, 2, 2, 4 ),
 ( 0.000000000000000000, 0.06249999999999972244, 0.09374999999999961142, 0.1249999999999995004, 0.1562499999999993894, 0.1718749999999993894, 0.1874999999999994171, 0.2499999999999993894, 0.2812499999999993339, 0.2968749999999993339, 0.3124999999999993339, 0.3437499999999993339, 0.3749999999999993894, 0.4374999999999994449, 0.4687499999999994449, 0.4999999999999995559, 0.5312499999999996669, 0.5468749999999996669, 0.5624999999999996669, 0.6249999999999997780, 0.6562499999999998890, 0.6718749999999998890, 0.6874999999999998890, 0.7187500000000000000, 0.7500000000000001110, 0.8125000000000001110, 0.8437500000000002220, 0.8750000000000002220, 0.9062500000000002220, 0.9218750000000001110, 0.9375000000000000000, 1.000000000000000000 ),
 .UNSPECIFIED. ) ;
#6219 = CARTESIAN_POINT ( 'NONE',  ( -9.000000000000000000, -42.30661100815940046, -7.355114230846949610E-16 ) ) ;
#6220 = CARTESIAN_POINT ( 'NONE',  ( 7.707310187296016579, -37.99254925007990380, 4.647959432110707390 ) ) ;
#6221 = AXIS2_PLACEMENT_3D ( 'NONE', #4073, #770, #799 ) ;
#6222 = CARTESIAN_POINT ( 'NONE',  ( 7.568223691925890506, -37.97066291837128205, 4.870828146950920257 ) ) ;
#6223 = CARTESIAN_POINT ( 'NONE',  ( 10.30711129747144916, -37.60976383808434775, 7.901415990879089080 ) ) ;
#6224 = CARTESIAN_POINT ( 'NONE',  ( -17.60597693396296748, -6.042206017372975246, -208.0119538679261098 ) ) ;
#6225 = CARTESIAN_POINT ( 'NONE',  ( -5.884032104201158297, -41.77835762487779192, 6.843723782888035956 ) ) ;
#6226 = DIRECTION ( 'NONE',  ( 1.000000000000000000, 0.000000000000000000, 0.000000000000000000 ) ) ;
#6227 = CARTESIAN_POINT ( 'NONE',  ( 8.974149413562209077, -42.27996766562864650, -0.6817899197992117744 ) ) ;
#6228 = CARTESIAN_POINT ( 'NONE',  ( 8.954490081669785440, -42.26981328303452301, 0.9039518935460394422 ) ) ;
#6229 = CARTESIAN_POINT ( 'NONE',  ( 6.035211359375683315, -16.31959894983803494, 51.79807083539076018 ) ) ;
#6230 = CARTESIAN_POINT ( 'NONE',  ( -9.180029509733939719, -42.08224734191440319, 5.310609717123659479 ) ) ;
#6231 = ORIENTED_EDGE ( 'NONE', *, *, #2563, .T. ) ;
#6232 = ORIENTED_EDGE ( 'NONE', *, *, #1280, .T. ) ;
#6233 = CARTESIAN_POINT ( 'NONE',  ( 3.672021011412359925, -41.81617290948474874, -3.781248760783105123 ) ) ;
#6234 = CARTESIAN_POINT ( 'NONE',  ( 179.0824426214854839, -13.94371515320777100, -185.3648852429707858 ) ) ;
#6235 = CARTESIAN_POINT ( 'NONE',  ( -7.344006245878469841, -42.10689846302550166, 1.124001369873603773 ) ) ;
#6236 = CARTESIAN_POINT ( 'NONE',  ( 190.4059769339610000, -6.042206017375310267, -1.387778780781442047E-14 ) ) ;
#6237 = CARTESIAN_POINT ( 'NONE',  ( 7.343978988417019238, -42.01818542921504473, 3.781309973655029744 ) ) ;
#6238 = CARTESIAN_POINT ( 'NONE',  ( -8.829169416623260602, -37.36540124650281314, 9.481013618931706688 ) ) ;
#6239 = VERTEX_POINT ( 'NONE', #1910 ) ;
#6240 = CARTESIAN_POINT ( 'NONE',  ( 159.5718911911924920, -33.22972007004714357, 8.960972233485210097E-15 ) ) ;
#6241 = DIRECTION ( 'NONE',  ( 1.000000000000000000, 0.000000000000000000, 0.000000000000000000 ) ) ;
#6242 = EDGE_CURVE ( 'NONE', #2214, #2146, #6173, .T. ) ;
#6243 = CARTESIAN_POINT ( 'NONE',  ( -12.64710761350915824, -38.13257215423436719, 3.038257161261831207 ) ) ;
#6244 = FACE_OUTER_BOUND ( 'NONE', #1942, .T. ) ;
#6245 = VECTOR ( 'NONE', #91, 1000.000000000000000 ) ;
#6246 = CARTESIAN_POINT ( 'NONE',  ( -8.967639082019395858, -42.27619549232341711, -0.7660806381888535244 ) ) ;
#6247 = CARTESIAN_POINT ( 'NONE',  ( -2.892065331416547647, -41.55750404585192825, 8.527832659307986063 ) ) ;
#6248 = CARTESIAN_POINT ( 'NONE',  ( 86.40000000000000568, -58.25464714294840007, 0.000000000000000000 ) ) ;
#6249 = CARTESIAN_POINT ( 'NONE',  ( 3.672029509819210169, -41.75190828365010276, -5.310640323559619347 ) ) ;
#6250 = CARTESIAN_POINT ( 'NONE',  ( 6.779177427041752857, -41.88109570672204995, -5.949021817067363216 ) ) ;
#6251 = DIRECTION ( 'NONE',  ( 1.000000000000000000, -3.074555195481525416E-16, 1.561327534128339757E-31 ) ) ;
#6252 = CARTESIAN_POINT ( 'NONE',  ( -8.249294559368577140, -38.08689752592357536, 3.598701049074327862 ) ) ;
ENDSEC;
END-ISO-10303-21;
