ISO-10303-21;
HEADER;
FILE_DESCRIPTION (( 'STEP AP203' ),
    '1' );
FILE_NAME ('Mold sheet.STEP',
    '2026-06-03T05:31:08',
    ( '' ),
    ( '' ),
    'SwSTEP 2.0',
    'SolidWorks 2021',
    '' );
FILE_SCHEMA (( 'CONFIG_CONTROL_DESIGN' ));
ENDSEC;

DATA;
#1 = EDGE_CURVE ( 'NONE', #3703, #4132, #2547, .T. ) ;
#2 = CARTESIAN_POINT ( 'NONE',  ( 179.3866620610898792, -6.042206017375325366, -46.59103621858400146 ) ) ;
#3 = CARTESIAN_POINT ( 'NONE',  ( -9.000000000000007105, -42.28567507404407877, 0.5950330763198471429 ) ) ;
#4 = CARTESIAN_POINT ( 'NONE',  ( 19.07334698233630021, -6.042206017373979776, 58.61996200337829777 ) ) ;
#5 = CARTESIAN_POINT ( 'NONE',  ( 0.4875835940452988293, -6.042206017375276517, -58.61996200337829066 ) ) ;
#6 = LOCAL_TIME ( 10, 31, 8.000000000000000000, #2854 ) ;
#7 = CARTESIAN_POINT ( 'NONE',  ( -9.740329990348840283, -37.50846921141016566, 8.588428609533494296 ) ) ;
#8 = CARTESIAN_POINT ( 'NONE',  ( -9.179994890275036568, -42.29213543396684116, -0.9195825163909381317 ) ) ;
#9 = DIRECTION ( 'NONE',  ( -1.490420224606775841E-16, -1.000000000000000000, 0.000000000000000000 ) ) ;
#10 = CARTESIAN_POINT ( 'NONE',  ( -6.838387421857592408, -37.08737352017158884, 11.06410911388349660 ) ) ;
#11 = CARTESIAN_POINT ( 'NONE',  ( 103.1449999999999960, -64.66763823405520384, 2.050671065172243101E-15 ) ) ;
#12 = CARTESIAN_POINT ( 'NONE',  ( -8.537991188101415219, -42.15348289942002680, 2.906631325862950366 ) ) ;
#13 = CYLINDRICAL_SURFACE ( 'NONE', #2038, 9.000000000000000000 ) ;
#14 = CARTESIAN_POINT ( 'NONE',  ( -5.249855858355575222, -41.72046422809255972, -7.311708412123762102 ) ) ;
#15 = CARTESIAN_POINT ( 'NONE',  ( 5.508042342385040868, -41.69806081896300043, -7.620011366621421089 ) ) ;
#16 = ORIENTED_EDGE ( 'NONE', *, *, #2472, .F. ) ;
#17 = CARTESIAN_POINT ( 'NONE',  ( 226.6457644257072843, -6.042206017375342242, -137.7671940876994938 ) ) ;
#18 = CARTESIAN_POINT ( 'NONE',  ( 86.40000000000000568, -6.042206017372989457, 0.000000000000000000 ) ) ;
#19 = DIRECTION ( 'NONE',  ( 1.000000000000000000, 0.000000000000000000, 0.000000000000000000 ) ) ;
#20 = ORIENTED_EDGE ( 'NONE', *, *, #4762, .F. ) ;
#21 = CARTESIAN_POINT ( 'NONE',  ( 11.46576343462801795, -26.71096592821820082, -41.97849767408668953 ) ) ;
#22 = CARTESIAN_POINT ( 'NONE',  ( 120.3750184896427129, -6.042206017375234772, 98.32367555119839153 ) ) ;
#23 = SHELL_BASED_SURFACE_MODEL ( 'NONE', ( #939, #3548, #2996, #4719, #846 ) );
#24 = CARTESIAN_POINT ( 'NONE',  ( 104.6814343179371889, -56.13001623236041127, 31.70761288909761788 ) ) ;
#25 = CARTESIAN_POINT ( 'NONE',  ( -7.344001701944726790, -42.11316865284367594, 0.3062652874686241367 ) ) ;
#26 = CARTESIAN_POINT ( 'NONE',  ( 3.672006245935305113, -41.88114297932266084, -1.124021774164253751 ) ) ;
#27 = EDGE_LOOP ( 'NONE', ( #4525, #2563, #2246, #266 ) ) ;
#28 = CARTESIAN_POINT ( 'NONE',  ( -7.811457353150882632, -42.02448171351483808, -4.508613366748392082 ) ) ;
#29 = CIRCLE ( 'NONE', #3191, 16.74499999999999744 ) ;
#30 = CARTESIAN_POINT ( 'NONE',  ( 114.6826259196226658, -6.042206017375332472, -100.0867382505719831 ) ) ;
#31 = CARTESIAN_POINT ( 'NONE',  ( -8.998799112008940781, -38.31026286157670313, 0.1470188481355286236 ) ) ;
#32 = CARTESIAN_POINT ( 'NONE',  ( 19.07334698233630021, -42.30756013076910449, -5.181181809388050601E-15 ) ) ;
#33 = CARTESIAN_POINT ( 'NONE',  ( -71.46669839058749574, 9.999999999999980460, -137.7671940876994938 ) ) ;
#34 = ADVANCED_FACE ( 'NONE', ( #564 ), #4029, .T. ) ;
#35 = AXIS2_PLACEMENT_3D ( 'NONE', #2220, #3494, #3833 ) ;
#36 = DIRECTION ( 'NONE',  ( 1.000000000000000000, 0.000000000000000000, 0.000000000000000000 ) ) ;
#37 = CARTESIAN_POINT ( 'NONE',  ( 3.672038008226062189, -41.66660914958403339, -6.840031886336136679 ) ) ;
#38 = CARTESIAN_POINT ( 'NONE',  ( 86.40000000000000568, -58.93658393131480011, 0.000000000000000000 ) ) ;
#39 = CARTESIAN_POINT ( 'NONE',  ( -11.63196383084670416, -37.87096542094595009, 5.820494752484576928 ) ) ;
#40 = CIRCLE ( 'NONE', #3198, 104.0059769339611933 ) ;
#41 = CARTESIAN_POINT ( 'NONE',  ( 86.40000000000000568, -63.39640923772802950, 0.000000000000000000 ) ) ;
#42 = CARTESIAN_POINT ( 'NONE',  ( -3.671993753950963946, -41.88114169208937909, -1.124062582745540828 ) ) ;
#43 = CARTESIAN_POINT ( 'NONE',  ( -3.715326732465706883, -41.60306826832275817, 8.202669985214532389 ) ) ;
#44 = CARTESIAN_POINT ( 'NONE',  ( 86.40000000000000568, -6.042206017375288951, 0.000000000000000000 ) ) ;
#45 = ADVANCED_FACE ( 'NONE', ( #2362 ), #1504, .F. ) ;
#46 = CARTESIAN_POINT ( 'NONE',  ( -2.340896608653987077, -41.53135840178089921, -8.710303913994064118 ) ) ;
#47 = CARTESIAN_POINT ( 'NONE',  ( -1.467355885949308103, -41.50590262049315982, 8.884462932091370391 ) ) ;
#48 = CIRCLE ( 'NONE', #1505, 12.74500000000000632 ) ;
#49 = ORIENTED_EDGE ( 'NONE', *, *, #4665, .T. ) ;
#50 = CARTESIAN_POINT ( 'NONE',  ( -8.201069337722923791, -42.09085802351509642, -3.718768118406605705 ) ) ;
#51 = DIRECTION ( 'NONE',  ( -0.000000000000000000, -1.000000000000000000, -0.000000000000000000 ) ) ;
#52 = DIRECTION ( 'NONE',  ( -1.000000000000000000, 0.000000000000000000, 0.000000000000000000 ) ) ;
#53 = EDGE_LOOP ( 'NONE', ( #5524, #3561, #546, #597, #689 ) ) ;
#54 = CARTESIAN_POINT ( 'NONE',  ( 13.10460830674192323, -29.99880861989323222, -37.84046936883358825 ) ) ;
#55 = CARTESIAN_POINT ( 'NONE',  ( 133.1763328942476790, -6.042206017375240990, 92.89367162009163792 ) ) ;
#56 = CARTESIAN_POINT ( 'NONE',  ( 103.1449999999999960, -58.93658393131480011, 1.387778780781445991E-14 ) ) ;
#57 = CARTESIAN_POINT ( 'NONE',  ( 9.180001701916264523, -42.31469916670601350, -0.3062550853233113601 ) ) ;
#58 = CARTESIAN_POINT ( 'NONE',  ( -7.343996594065657746, -42.11401773308335805, -0.6129596094384111016 ) ) ;
#59 = ADVANCED_FACE ( 'NONE', ( #3118 ), #1475, .F. ) ;
#60 = ORIENTED_EDGE ( 'NONE', *, *, #2429, .F. ) ;
#61 = CARTESIAN_POINT ( 'NONE',  ( 8.882422377169380212, -42.24113918584030358, -1.479653920331612804 ) ) ;
#62 = CARTESIAN_POINT ( 'NONE',  ( -1.611982377650401421, -41.51010902789442980, 8.855686047161430707 ) ) ;
#63 = CARTESIAN_POINT ( 'NONE',  ( 15.54974212796940058, -28.67460971393541769, 32.65848056906735053 ) ) ;
#64 = CARTESIAN_POINT ( 'NONE',  ( 149.6614994673854255, -58.99259783589960193, 7.747299283199558712E-15 ) ) ;
#65 = ORIENTED_EDGE ( 'NONE', *, *, #195, .F. ) ;
#66 = PLANE ( 'NONE',  #818 ) ;
#67 = CARTESIAN_POINT ( 'NONE',  ( 2.950987607470884923E-05, -41.67149771645478751, -5.310660727850263996 ) ) ;
#68 = CARTESIAN_POINT ( 'NONE',  ( 2.386290973843062435, -37.48937812489861443, 8.697682629365335316 ) ) ;
#69 = CARTESIAN_POINT ( 'NONE',  ( -0.8133793080363451722, -36.69830525507467911, 12.98160394831510089 ) ) ;
#70 = DIRECTION ( 'NONE',  ( -1.000000000000000000, 0.000000000000000000, 0.000000000000000000 ) ) ;
#71 = CARTESIAN_POINT ( 'NONE',  ( 9.180021011327060165, -42.16513681420752846, -3.781218154347142146 ) ) ;
#72 = CARTESIAN_POINT ( 'NONE',  ( -8.199887352861534140, -42.09057457643679356, 3.721330030852938897 ) ) ;
#73 = CARTESIAN_POINT ( 'NONE',  ( 7.321135122294765374, -41.95373014220245977, 5.242861398016385621 ) ) ;
#74 = CARTESIAN_POINT ( 'NONE',  ( 3.980504045079991116, -41.62021811120493453, -8.077393295549958552 ) ) ;
#75 = CARTESIAN_POINT ( 'NONE',  ( -4.667665778224308089E-05, -41.49435253679071423, 8.400031655487994797 ) ) ;
#76 = CARTESIAN_POINT ( 'NONE',  ( -7.796524940587627128, -42.02397829704092658, -4.498586441912368450 ) ) ;
#77 = ADVANCED_FACE ( 'NONE', ( #140 ), #1858, .T. ) ;
#78 = CARTESIAN_POINT ( 'NONE',  ( 20.34536719873065280, -38.09024766049640220, -5.834977158582510093 ) ) ;
#79 = DIRECTION ( 'NONE',  ( 0.000000000000000000, 1.000000000000000000, 0.000000000000000000 ) ) ;
#80 = VERTEX_POINT ( 'NONE', #5271 ) ;
#81 = CARTESIAN_POINT ( 'NONE',  ( 16.52276564061150665, -37.37361167012878838, -24.48067474414954958 ) ) ;
#82 = CARTESIAN_POINT ( 'NONE',  ( 156.3744689258768119, -6.042206017375256089, 77.04299598514771219 ) ) ;
#83 = CARTESIAN_POINT ( 'NONE',  ( 1.172911223686570859, -41.49944815647746310, -8.928183188070709875 ) ) ;
#84 = CARTESIAN_POINT ( 'NONE',  ( -3.405820646415292420E-06, -41.79101289185603463, 0.6129188008571166968 ) ) ;
#85 = CARTESIAN_POINT ( 'NONE',  ( 7.344016847136053627, -42.05001507918063908, -3.031826476146556981 ) ) ;
#86 = B_SPLINE_CURVE_WITH_KNOTS ( 'NONE', 3,
 ( #3046, #4382, #4777, #917, #832, #2623, #2230, #1371, #4806, #3956, #94, #3389, #5116, #2537, #4865, #4959, #1520, #4929, #5347, #3624, #3532, #2747, #1489, #611, #2261, #3984, #3564, #3199, #549, #1035, #3105, #3594, #2290, #2346, #5287, #4044, #1932, #4508, #1430, #638, #125, #1844, #5256, #4106, #3658 ),
 .UNSPECIFIED., .F., .F.,
 ( 4, 2, 2, 2, 2, 2, 2, 2, 1, 2, 2, 2, 2, 2, 2, 2, 2, 2, 2, 2, 2, 2, 4 ),
 ( 0.000000000000000000, 0.001751888710563958857, 0.002627833065845938936, 0.003503777421127919449, 0.005255666131691881342, 0.007007554842255843235, 0.008759443552819804260, 0.009635387908101786941, 0.01051133226338376962, 0.01138727661866575230, 0.01226322097394773152, 0.01401510968451169514, 0.01489105403979367782, 0.01576699839507566051, 0.01751888710563962587, 0.01839483146092161028, 0.01927077581620359123, 0.02102266452676755659, 0.02277455323733152195, 0.02365049759261350290, 0.02452644194789548385, 0.02627833065845944574, 0.02803021936902340416 ),
 .UNSPECIFIED. ) ;
#87 = VERTEX_POINT ( 'NONE', #4972 ) ;
#88 = DIRECTION ( 'NONE',  ( -1.000000000000000000, 0.000000000000000000, 0.000000000000000000 ) ) ;
#89 = DIRECTION ( 'NONE',  ( 0.000000000000000000, -1.000000000000000000, 0.000000000000000000 ) ) ;
#90 = CARTESIAN_POINT ( 'NONE',  ( 0.6031235084679215097, -37.44272310930666237, -8.999024773508397246 ) ) ;
#91 = VERTEX_POINT ( 'NONE', #5302 ) ;
#92 = PLANE ( 'NONE',  #950 ) ;
#93 = ORIENTED_EDGE ( 'NONE', *, *, #5211, .T. ) ;
#94 = CARTESIAN_POINT ( 'NONE',  ( -6.707647502814263696, -37.84736100262507108, 6.028877725584833591 ) ) ;
#95 = CARTESIAN_POINT ( 'NONE',  ( -7.343957657415930207, -41.80211066434029732, -7.620082781638671143 ) ) ;
#96 = AXIS2_PLACEMENT_3D ( 'NONE', #2157, #504, #4705 ) ;
#97 = DIRECTION ( 'NONE',  ( 0.000000000000000000, 0.000000000000000000, 1.000000000000000000 ) ) ;
#98 = FACE_OUTER_BOUND ( 'NONE', #2995, .T. ) ;
#99 = B_SPLINE_CURVE_WITH_KNOTS ( 'NONE', 3,
 ( #3875, #1378, #4298, #1439, #5296, #895, #3143, #3935, #3904, #4874, #2571, #2238, #5179, #73, #3451, #1793, #438, #2210, #4360, #2153, #500, #1733, #467, #3081, #3991, #3484, #1764, #4813, #954, #2662, #4389, #5263, #528, #1409, #3112, #4845, #2268, #4546, #5389, #1469, #5444, #1997, #4143, #3603, #618, #1970, #5325, #3208, #2327, #4516, #4052, #3632, #588 ),
 .UNSPECIFIED., .F., .F.,
 ( 4, 2, 2, 2, 2, 2, 2, 2, 2, 2, 2, 2, 2, 2, 2, 2, 2, 1, 2, 2, 2, 2, 2, 2, 2, 2, 4 ),
 ( 0.000000000000000000, 0.0004407418224920719822, 0.0008814836449841439645, 0.001762967289968288363, 0.002644450934952432761, 0.003525934579936577159, 0.005288901869904864654, 0.006170385514889006884, 0.007051869159873149114, 0.008814836449841436175, 0.01057780373980972237, 0.01145928738479386720, 0.01234077102977801030, 0.01410373831974629823, 0.01586670560971458616, 0.01762967289968287929, 0.01851115654466702065, 0.01939264018965116548, 0.02027412383463531032, 0.02115560747961945515, 0.02291857476958774134, 0.02380005841457188270, 0.02468154205955602754, 0.02644450934952431373, 0.02732599299450845509, 0.02776673481700052751, 0.02820747663949259992 ),
 .UNSPECIFIED. ) ;
#100 = CARTESIAN_POINT ( 'NONE',  ( 151.0991277036578992, -6.042206017375333360, -81.61957186830755973 ) ) ;
#101 = CARTESIAN_POINT ( 'NONE',  ( -5.507957657444362276, -41.69805266490380546, -7.620072579493352372 ) ) ;
#102 = CARTESIAN_POINT ( 'NONE',  ( -18.00000000000000000, -38.31026286157670313, -0.1470188481355378107 ) ) ;
#103 = CARTESIAN_POINT ( 'NONE',  ( -18.00000000000000000, -34.34959553575265545, -21.81000826438560125 ) ) ;
#104 = LOCAL_TIME ( 10, 31, 8.000000000000000000, #1662 ) ;
#105 = CARTESIAN_POINT ( 'NONE',  ( 69.65500000000001535, -58.25464714294840007, 0.000000000000000000 ) ) ;
#106 = CARTESIAN_POINT ( 'NONE',  ( -7.344029509762373564, -41.94464985508827226, 5.310619919268975586 ) ) ;
#107 = CARTESIAN_POINT ( 'NONE',  ( -18.00000000000000000, -34.34959553575265545, 21.81000826438560125 ) ) ;
#108 = CARTESIAN_POINT ( 'NONE',  ( 9.000000000030370373, -42.30661043197876836, -0.1491425190502290443 ) ) ;
#109 = CARTESIAN_POINT ( 'NONE',  ( 190.4059769339629895, -6.042206017373039195, 1.869838746202804954E-14 ) ) ;
#110 = B_SPLINE_CURVE_WITH_KNOTS ( 'NONE', 3,
 ( #5060, #4589, #1203, #723, #4157, #3763, #4635, #2478, #4659, #2009, #3735, #2553, #5158, #476, #3464, #2951, #931, #3403, #2975, #2609, #5551, #3913, #2525, #3520 ),
 .UNSPECIFIED., .F., .F.,
 ( 4, 2, 2, 2, 2, 2, 2, 2, 2, 2, 2, 4 ),
 ( 5.900336203592303786E-16, 0.008463394458080052141, 0.01692678891615951448, 0.02539018337423898028, 0.02750603198875884933, 0.02962188060327871839, 0.03385357783231845996, 0.04231697229039789454, 0.04654866951943762571, 0.04866451813395748088, 0.05078036674847733606, 0.06770715566463622603 ),
 .UNSPECIFIED. ) ;
#111 = EDGE_CURVE ( 'NONE', #3195, #850, #5333, .T. ) ;
#112 = CYLINDRICAL_SURFACE ( 'NONE', #821, 13.00000000000000000 ) ;
#113 = ORIENTED_EDGE ( 'NONE', *, *, #837, .F. ) ;
#114 = CARTESIAN_POINT ( 'NONE',  ( 3.671957657472766368, -41.61891006581415553, 7.620062377348030047 ) ) ;
#115 = CARTESIAN_POINT ( 'NONE',  ( 56.67065575009770129, -6.042206017375214344, 99.66650258810904006 ) ) ;
#116 = CARTESIAN_POINT ( 'NONE',  ( 3.983580675414160055, -41.62043749698337081, -8.075788158952066809 ) ) ;
#117 = CARTESIAN_POINT ( 'NONE',  ( 3.671998297884674134, -41.89111594139953354, 0.3063265003405541420 ) ) ;
#118 = CARTESIAN_POINT ( 'NONE',  ( -3.671953323285381821, -41.56764441687351308, -8.400052059778637670 ) ) ;
#119 = CARTESIAN_POINT ( 'NONE',  ( 62.18275481095519552, -57.95386985700429960, -5.931514360986089564E-15 ) ) ;
#120 = CARTESIAN_POINT ( 'NONE',  ( 7.344006245878439643, -42.10689846338708264, -1.124001369873610434 ) ) ;
#121 = CARTESIAN_POINT ( 'NONE',  ( 8.999999999999991118, -63.39640923772800818, 1.102182119232617714E-15 ) ) ;
#122 = ORIENTED_EDGE ( 'NONE', *, *, #1055, .F. ) ;
#123 = DIRECTION ( 'NONE',  ( -0.000000000000000000, -1.000000000000000000, -0.000000000000000000 ) ) ;
#124 = ORIENTED_EDGE ( 'NONE', *, *, #1834, .F. ) ;
#125 = CARTESIAN_POINT ( 'NONE',  ( 8.539537729232689500, -38.14356932681963741, 2.901885968678453054 ) ) ;
#126 = CARTESIAN_POINT ( 'NONE',  ( 9.180016847107614453, -42.20095491693643908, -3.031816274001235101 ) ) ;
#127 = CARTESIAN_POINT ( 'NONE',  ( 0.3518836752336879647, -37.44280678004268026, 8.997865169907097282 ) ) ;
#128 = CARTESIAN_POINT ( 'NONE',  ( 4.877850758413698529, -41.68813646077200730, -7.564934346352965022 ) ) ;
#129 = CARTESIAN_POINT ( 'NONE',  ( 103.1449999999999960, -58.93658393131480011, 2.050671065172245467E-15 ) ) ;
#130 = CARTESIAN_POINT ( 'NONE',  ( -9.179988453236848756, -42.24575219294280259, -2.078005742317978299 ) ) ;
#131 = DIRECTION ( 'NONE',  ( -1.000000000000000000, 0.000000000000000000, 0.000000000000000000 ) ) ;
#132 = DIRECTION ( 'NONE',  ( -1.000000000000000000, 0.000000000000000000, 0.000000000000000000 ) ) ;
#133 = EDGE_CURVE ( 'NONE', #2521, #4332, #1624, .T. ) ;
#134 = CARTESIAN_POINT ( 'NONE',  ( -18.00000000000000000, -32.29571161549034741, 26.62793936103274817 ) ) ;
#135 = CARTESIAN_POINT ( 'NONE',  ( -8.709182079294491174, -42.19163343938001987, 2.344384165418774035 ) ) ;
#136 = AXIS2_PLACEMENT_3D ( 'NONE', #3534, #4901, #522 ) ;
#137 = CARTESIAN_POINT ( 'NONE',  ( -22.00000000000000000, -42.30756013076910449, -5.181181809388050601E-15 ) ) ;
#138 = CARTESIAN_POINT ( 'NONE',  ( -0.9323688128199322245, -20.95902901126089901, 49.13341423743467118 ) ) ;
#139 = CARTESIAN_POINT ( 'NONE',  ( -8.663172219880289404, -38.17396141349787797, 2.456751096046654315 ) ) ;
#140 = FACE_OUTER_BOUND ( 'NONE', #2036, .T. ) ;
#141 = AXIS2_PLACEMENT_3D ( 'NONE', #857, #5199, #1340 ) ;
#142 = LINE ( 'NONE', #2699, #2160 ) ;
#143 = ORIENTED_EDGE ( 'NONE', *, *, #5215, .F. ) ;
#144 = CARTESIAN_POINT ( 'NONE',  ( 3.671970490067029136, -41.75190379147125697, 5.310681132140905092 ) ) ;
#145 = CARTESIAN_POINT ( 'NONE',  ( 13.22810880880770590, -33.22972007004717909, -146.3437823823845179 ) ) ;
#146 = CARTESIAN_POINT ( 'NONE',  ( 188.0610687472513973, -6.042206017375315596, -21.96085607126045147 ) ) ;
#147 = CARTESIAN_POINT ( 'NONE',  ( -13.15518455823439936, -36.65699875535980112, 13.16961417038971938 ) ) ;
#148 = CARTESIAN_POINT ( 'NONE',  ( 7.344021011355494899, -42.01819183936183322, -3.781228356492464471 ) ) ;
#149 = CARTESIAN_POINT ( 'NONE',  ( 12.90107823330493275, -38.22463790601428713, 1.724005354598582951 ) ) ;
#150 = EDGE_CURVE ( 'NONE', #2227, #2959, #3363, .T. ) ;
#151 = CARTESIAN_POINT ( 'NONE',  ( -5.507983152664914783, -41.92983744892937636, -3.031897891163808367 ) ) ;
#152 = DIRECTION ( 'NONE',  ( -1.000000000000000000, 0.000000000000000000, 0.000000000000000000 ) ) ;
#153 = ORIENTED_EDGE ( 'NONE', *, *, #2577, .F. ) ;
#154 = CARTESIAN_POINT ( 'NONE',  ( 7.343961991603315198, -41.85264108032092167, 6.840093099208063521 ) ) ;
#155 = ORIENTED_EDGE ( 'NONE', *, *, #5253, .T. ) ;
#156 = CARTESIAN_POINT ( 'NONE',  ( -18.00000000000000000, -38.31026286157670313, -0.07350942406777120908 ) ) ;
#157 = CARTESIAN_POINT ( 'NONE',  ( 186.9215734864901322, -6.042206017375290728, 27.26041335218867800 ) ) ;
#158 = CARTESIAN_POINT ( 'NONE',  ( -1.597721699578917197E-14, -41.80288240122314392, -4.550409309681739437E-15 ) ) ;
#159 = CARTESIAN_POINT ( 'NONE',  ( 3.754282100531237010, -37.56575758035754120, 8.184817459359363667 ) ) ;
#160 = CARTESIAN_POINT ( 'NONE',  ( 12.03677388591628095, -38.30840103693655152, 0.02050511841944360064 ) ) ;
#161 = CARTESIAN_POINT ( 'NONE',  ( -8.426069860403147871, -42.13266516055623612, -3.176164278936525420 ) ) ;
#162 = CARTESIAN_POINT ( 'NONE',  ( -5.507993753922534985, -41.96795358722093283, -1.124072784890862042 ) ) ;
#163 = DIRECTION ( 'NONE',  ( 1.000000000000000000, 0.000000000000000000, 0.000000000000000000 ) ) ;
#164 = DIRECTION ( 'NONE',  ( 0.000000000000000000, 0.000000000000000000, -1.000000000000000000 ) ) ;
#165 = CARTESIAN_POINT ( 'NONE',  ( -6.282442621485420098, -13.94371515320776034, -2.270065133871209932E-14 ) ) ;
#166 = CARTESIAN_POINT ( 'NONE',  ( -2.334292192147153333, -41.53111713860746335, 8.711965307129249325 ) ) ;
#167 = CARTESIAN_POINT ( 'NONE',  ( 179.0824426214870186, -13.94371515320615806, 4.163336342344334502E-14 ) ) ;
#168 = CARTESIAN_POINT ( 'NONE',  ( 85.62873080478189536, -33.22972007004624118, 73.16782629219190426 ) ) ;
#169 = CARTESIAN_POINT ( 'NONE',  ( 1.524443225117138923, -37.46204131177812968, 8.874800830815669173 ) ) ;
#170 = DIRECTION ( 'NONE',  ( -1.000000000000000000, 0.000000000000000000, 0.000000000000000000 ) ) ;
#171 = PERSON_AND_ORGANIZATION ( #238, #2522 ) ;
#172 = EDGE_LOOP ( 'NONE', ( #1899, #1663, #944 ) ) ;
#173 = CARTESIAN_POINT ( 'NONE',  ( -7.344021011355524209, -42.01819183912317612, 3.781228356492460474 ) ) ;
#174 = CC_DESIGN_PERSON_AND_ORGANIZATION_ASSIGNMENT ( #171, #4060, ( #4606 ) ) ;
#175 = CARTESIAN_POINT ( 'NONE',  ( 17.78458933354202998, -6.042206017375212568, 78.25509034896889204 ) ) ;
#176 = CARTESIAN_POINT ( 'NONE',  ( 14.98355150545738645, -27.52725808520383310, 34.38502359846197010 ) ) ;
#177 = CARTESIAN_POINT ( 'NONE',  ( 0.2871153952214821059, -41.48877835809575743, -9.000221177952585805 ) ) ;
#178 = CARTESIAN_POINT ( 'NONE',  ( -7.343961991603344508, -41.85264108029671348, -6.840093099208062632 ) ) ;
#179 = CARTESIAN_POINT ( 'NONE',  ( 8.981610197137454676, -42.28359600961560005, -0.5939037888411192734 ) ) ;
#180 = CARTESIAN_POINT ( 'NONE',  ( -9.179993753865668182, -42.28220595411872296, -1.124093189181505137 ) ) ;
#181 = CARTESIAN_POINT ( 'NONE',  ( -4.752636660081681619, -37.64181870578644151, -7.648424413516580422 ) ) ;
#182 = VERTEX_POINT ( 'NONE', #4089 ) ;
#183 = CARTESIAN_POINT ( 'NONE',  ( -5.101084519470870974E-05, -41.43984812856498223, 9.180021337918599755 ) ) ;
#184 = EDGE_LOOP ( 'NONE', ( #5367, #3335 ) ) ;
#185 = CARTESIAN_POINT ( 'NONE',  ( 3.389058749210884791, -36.80275266901687559, 12.49352868352808876 ) ) ;
#186 = EDGE_CURVE ( 'NONE', #3610, #276, #5374, .T. ) ;
#187 = CARTESIAN_POINT ( 'NONE',  ( 3.599691612716402922, -6.042206017375215232, 63.18101443096215064 ) ) ;
#188 = CARTESIAN_POINT ( 'NONE',  ( 3.671998297884674134, -41.89111594139953354, 0.3063265003405541420 ) ) ;
#189 = DIRECTION ( 'NONE',  ( 0.000000000000000000, 0.000000000000000000, 1.000000000000000000 ) ) ;
#190 = CARTESIAN_POINT ( 'NONE',  ( -1.180565342426951325, -41.49959745947545287, -8.927171361827936025 ) ) ;
#191 = CARTESIAN_POINT ( 'NONE',  ( -3.992442026444701142, -41.61913769371161465, -8.087278595891907784 ) ) ;
#192 = CARTESIAN_POINT ( 'NONE',  ( -11.00733381027235680, -37.73783482650254939, 6.929377664114724666 ) ) ;
#193 = DIRECTION ( 'NONE',  ( -0.000000000000000000, 1.000000000000000000, 0.000000000000000000 ) ) ;
#194 = CARTESIAN_POINT ( 'NONE',  ( 13.22810880880768103, -33.22972007004714357, -1.792194446697044859E-14 ) ) ;
#195 = EDGE_CURVE ( 'NONE', #2365, #719, #4573, .T. ) ;
#196 = CARTESIAN_POINT ( 'NONE',  ( -3.672029509819238591, -41.75190828326095271, 5.310640323559619347 ) ) ;
#197 = CARTESIAN_POINT ( 'NONE',  ( 44.62853256534964430, -60.86600650612059837, 0.000000000000000000 ) ) ;
#198 = CARTESIAN_POINT ( 'NONE',  ( 139.1842759379920551, -47.26221975847412438, 31.17935705876518426 ) ) ;
#199 = VECTOR ( 'NONE', #2174, 1000.000000000000000 ) ;
#200 = CARTESIAN_POINT ( 'NONE',  ( -6.707647502814263696, -37.84736100262507108, 6.028877725584833591 ) ) ;
#201 = EDGE_LOOP ( 'NONE', ( #1183, #3884 ) ) ;
#202 = CARTESIAN_POINT ( 'NONE',  ( -18.00000000000000000, -38.31026286157670313, 0.1470188481355287902 ) ) ;
#203 = ORIENTED_EDGE ( 'NONE', *, *, #3730, .T. ) ;
#204 = CARTESIAN_POINT ( 'NONE',  ( -9.180016847107648204, -42.20095491708082136, 3.031816274001231548 ) ) ;
#205 = CARTESIAN_POINT ( 'NONE',  ( 6.890013383576841122, -6.042206017375215232, 67.26417044624048458 ) ) ;
#206 = CARTESIAN_POINT ( 'NONE',  ( 9.319709557639560771, -16.69018250385106583, 46.34637179230581694 ) ) ;
#207 = CARTESIAN_POINT ( 'NONE',  ( 8.199822702981485634, -42.09063620671297912, -3.721525004167579365 ) ) ;
#208 = CARTESIAN_POINT ( 'NONE',  ( -9.179953323200084725, -41.87591202997710127, -8.400082666214601090 ) ) ;
#209 = ADVANCED_FACE ( 'NONE', ( #788 ), #485, .F. ) ;
#210 = CARTESIAN_POINT ( 'NONE',  ( 10.29320247497560636, -37.60931740282962465, 7.885192628957511829 ) ) ;
#211 = CARTESIAN_POINT ( 'NONE',  ( -5.507993753922534985, -41.96795358722093283, -1.124072784890862042 ) ) ;
#212 = CARTESIAN_POINT ( 'NONE',  ( -8.198908025914436237, -38.07692688375885837, -3.723544658006315178 ) ) ;
#213 = ORIENTED_EDGE ( 'NONE', *, *, #1607, .T. ) ;
#214 = CARTESIAN_POINT ( 'NONE',  ( -9.180021011327092140, -42.16513681441785621, 3.781218154347138594 ) ) ;
#215 = ORIENTED_EDGE ( 'NONE', *, *, #2248, .F. ) ;
#216 = CARTESIAN_POINT ( 'NONE',  ( 1.718632709076772347, -36.72691184539859677, 12.85031502083233157 ) ) ;
#217 = DIRECTION ( 'NONE',  ( 0.000000000000000000, 1.000000000000000000, 0.000000000000000000 ) ) ;
#218 = CARTESIAN_POINT ( 'NONE',  ( -3.671996594122520996, -41.88853499518947388, -0.6129392051477680070 ) ) ;
#219 = DIRECTION ( 'NONE',  ( -1.000000000000000000, 0.000000000000000000, 0.000000000000000000 ) ) ;
#220 = CYLINDRICAL_SURFACE ( 'NONE', #1749, 12.99803161225499970 ) ;
#221 = DIRECTION ( 'NONE',  ( 1.000000000000000000, 0.000000000000000000, 0.000000000000000000 ) ) ;
#222 = CARTESIAN_POINT ( 'NONE',  ( 4.216036697491239771, -36.84220867071736194, 12.30469028439630641 ) ) ;
#223 = CARTESIAN_POINT ( 'NONE',  ( 13.56825112512138354, -30.95543471113757406, 36.45968395580479893 ) ) ;
#224 = CARTESIAN_POINT ( 'NONE',  ( 5.507978988445447754, -41.90336194479513665, 3.781299771509710528 ) ) ;
#225 = FACE_OUTER_BOUND ( 'NONE', #4407, .T. ) ;
#226 = CARTESIAN_POINT ( 'NONE',  ( 104.6814343179371889, -56.13001623236041127, 31.70761288909761788 ) ) ;
#227 = VECTOR ( 'NONE', #665, 1000.000000000000000 ) ;
#228 = CARTESIAN_POINT ( 'NONE',  ( -4.426912740023742465, -37.61483797276869723, 7.841447640103940131 ) ) ;
#229 = EDGE_CURVE ( 'NONE', #1872, #5435, #4427, .T. ) ;
#230 = CARTESIAN_POINT ( 'NONE',  ( 7.818397126198569858, -38.00869111235326159, -4.496445440260064430 ) ) ;
#231 = CARTESIAN_POINT ( 'NONE',  ( 190.4059769339610000, -6.042206017375299609, 1.273705867443689982E-14 ) ) ;
#232 = APPROVAL_ROLE ( '' ) ;
#233 = CIRCLE ( 'NONE', #35, 16.74499999999999744 ) ;
#234 = ORIENTED_EDGE ( 'NONE', *, *, #4083, .T. ) ;
#235 = CARTESIAN_POINT ( 'NONE',  ( -3.672006245935334423, -41.88114297891964100, 1.124021774164246645 ) ) ;
#236 = CARTESIAN_POINT ( 'NONE',  ( 23.67926056928144973, -6.042206017375212568, 82.96606723826438667 ) ) ;
#237 = CARTESIAN_POINT ( 'NONE',  ( 4.771605979074466930, -37.64343563567626205, -7.636706319473804072 ) ) ;
#238 = PERSON ( 'UNSPECIFIED', 'UNSPECIFIED', 'UNSPECIFIED', ('UNSPECIFIED'), ('UNSPECIFIED'), ('UNSPECIFIED') ) ;
#239 = VECTOR ( 'NONE', #2401, 1000.000000000000000 ) ;
#240 = CARTESIAN_POINT ( 'NONE',  ( -18.00000000000000000, -38.06945898554211283, -5.971949508083570279 ) ) ;
#241 = CARTESIAN_POINT ( 'NONE',  ( 9.180042342328176730, -41.93205553827837662, -7.619990962330779105 ) ) ;
#242 = CARTESIAN_POINT ( 'NONE',  ( 4.198469165667044756, -36.85416588738164023, 12.24643793436761285 ) ) ;
#243 = CARTESIAN_POINT ( 'NONE',  ( 9.180021011327060165, -42.16513681420752846, -3.781218154347142146 ) ) ;
#244 = CARTESIAN_POINT ( 'NONE',  ( -8.940152554761295889, -38.25233284915204734, -1.191719844071799317 ) ) ;
#245 = EDGE_LOOP ( 'NONE', ( #4344, #2653, #1767 ) ) ;
#246 = CARTESIAN_POINT ( 'NONE',  ( -3.672021011412389679, -41.81617290905057871, 3.781248760783102458 ) ) ;
#247 = EDGE_LOOP ( 'NONE', ( #4824, #4897, #1519, #5453, #2288, #4535 ) ) ;
#248 = CARTESIAN_POINT ( 'NONE',  ( 3.493117819995029016, -6.042206017372022231, 53.98290812280603745 ) ) ;
#249 = DIRECTION ( 'NONE',  ( -1.000000000000000000, 0.000000000000000000, 0.000000000000000000 ) ) ;
#250 = CARTESIAN_POINT ( 'NONE',  ( -7.344001701944726790, -42.11316865284367594, 0.3062652874686241367 ) ) ;
#251 = CARTESIAN_POINT ( 'NONE',  ( 159.5044672492493589, -6.042206017375260529, 74.03647220440007004 ) ) ;
#252 = CARTESIAN_POINT ( 'NONE',  ( 25.84876463433692351, -6.042206017375296945, -84.61778383257092173 ) ) ;
#253 = CARTESIAN_POINT ( 'NONE',  ( -8.698278372677425097, -42.19114928585015889, -2.329688924423373386 ) ) ;
#254 = CARTESIAN_POINT ( 'NONE',  ( -3.343379709855677007, -36.78227081311913338, 12.59146485387022096 ) ) ;
#255 = B_SPLINE_CURVE_WITH_KNOTS ( 'NONE', 2,
 ( #1061, #2672, #4004 ),
 .UNSPECIFIED., .F., .F.,
 ( 3, 3 ),
 ( 0.000000000000000000, 0.9230367380877019245 ),
 .UNSPECIFIED. ) ;
#256 = CARTESIAN_POINT ( 'NONE',  ( 18.13690681178550079, -41.17934561907002688, 12.46984523788857047 ) ) ;
#257 = DIRECTION ( 'NONE',  ( 0.000000000000000000, 1.000000000000000000, 0.000000000000000000 ) ) ;
#258 = CARTESIAN_POINT ( 'NONE',  ( 7.343978988417015685, -42.01818542921503763, 3.781309973655031964 ) ) ;
#259 = CARTESIAN_POINT ( 'NONE',  ( 86.22349912700521202, -58.93658393131480011, 16.74406976937894953 ) ) ;
#260 = CARTESIAN_POINT ( 'NONE',  ( 69.65500000000001535, -64.66763823405520384, 0.000000000000000000 ) ) ;
#261 = CARTESIAN_POINT ( 'NONE',  ( 8.539537729232689500, -38.14356932681963741, 2.901885968678453054 ) ) ;
#262 = CARTESIAN_POINT ( 'NONE',  ( 86.40000000000000568, -63.39640923772802950, 0.000000000000000000 ) ) ;
#263 = CARTESIAN_POINT ( 'NONE',  ( 16.98944841176231080, -31.67444757863924210, -27.51488045751494127 ) ) ;
#264 = DIRECTION ( 'NONE',  ( -1.000000000000000000, 0.000000000000000000, 0.000000000000000000 ) ) ;
#265 = EDGE_CURVE ( 'NONE', #744, #3519, #2098, .T. ) ;
#266 = ORIENTED_EDGE ( 'NONE', *, *, #1379, .F. ) ;
#267 = CARTESIAN_POINT ( 'NONE',  ( 23.94651338921596917, -6.042206017375211680, 83.16772892374775950 ) ) ;
#268 = CARTESIAN_POINT ( 'NONE',  ( 8.093929932258774329, -38.05626422716583335, -3.979458645473548550 ) ) ;
#269 = PLANE ( 'NONE',  #3556 ) ;
#270 = CARTESIAN_POINT ( 'NONE',  ( 8.999999999999992895, -42.28582793665278672, 0.5908768929721021079 ) ) ;
#271 = CARTESIAN_POINT ( 'NONE',  ( 17.00542194861179013, -38.49691178929423074, 21.46260581704366999 ) ) ;
#272 = CARTESIAN_POINT ( 'NONE',  ( 140.1670044770244488, -13.94371515320614918, 93.25435491082637895 ) ) ;
#273 = CARTESIAN_POINT ( 'NONE',  ( -7.344046676544051522, -41.74793702368555159, 8.399990846906709052 ) ) ;
#274 = VERTEX_POINT ( 'NONE', #2180 ) ;
#275 = CARTESIAN_POINT ( 'NONE',  ( -3.671999999943150961, -41.88125511300086146, -2.040429064798977249E-05 ) ) ;
#276 = VERTEX_POINT ( 'NONE', #3824 ) ;
#277 = CARTESIAN_POINT ( 'NONE',  ( 19.83184094113954643, -38.09925573020343847, 5.590056558374393525 ) ) ;
#278 = CARTESIAN_POINT ( 'NONE',  ( 4.713663528457435525, -8.258011316513639954, -52.64514451638422798 ) ) ;
#279 = CARTESIAN_POINT ( 'NONE',  ( -3.671999999943150961, -41.88125511300086146, -2.040429064798977249E-05 ) ) ;
#280 = CARTESIAN_POINT ( 'NONE',  ( 188.1147240800356997, -6.042206017375294280, 21.71078489384538557 ) ) ;
#281 = CARTESIAN_POINT ( 'NONE',  ( 59.77199010686826597, -6.042206017375317373, -100.5932462817672501 ) ) ;
#282 = CARTESIAN_POINT ( 'NONE',  ( 5.933463137261278497, -41.78654078324650811, -6.773509523950106193 ) ) ;
#283 = CARTESIAN_POINT ( 'NONE',  ( 0.1227619990085692114, -20.95902901126225260, -2.113182867143769694E-14 ) ) ;
#284 = CARTESIAN_POINT ( 'NONE',  ( 0.4875835940445613637, -6.042206017374149418, 58.61996200337879515 ) ) ;
#285 = CARTESIAN_POINT ( 'NONE',  ( 149.6614994673866192, -58.99259783589941009, -126.5229989347731561 ) ) ;
#286 = CARTESIAN_POINT ( 'NONE',  ( -5.508016847164520335, -41.92984125614903945, 3.031836678291873977 ) ) ;
#287 = CARTESIAN_POINT ( 'NONE',  ( 112.9674345654848651, -50.78462308660635927, 46.07898461404099777 ) ) ;
#288 = DIRECTION ( 'NONE',  ( -0.03672652268866424125, 5.510199031599038307E-18, 0.9993253536917788837 ) ) ;
#289 = CARTESIAN_POINT ( 'NONE',  ( 7.053168250408108797, -6.042206017375281846, -67.46700796453788485 ) ) ;
#290 = CARTESIAN_POINT ( 'NONE',  ( -2.328296004503946026, -37.48703933759543361, -8.713594390634986198 ) ) ;
#291 = CARTESIAN_POINT ( 'NONE',  ( 20.34536719873065280, -34.34959553575265545, -21.81000826438560125 ) ) ;
#292 = ORIENTED_EDGE ( 'NONE', *, *, #4189, .F. ) ;
#293 = AXIS2_PLACEMENT_3D ( 'NONE', #2753, #554, #1041 ) ;
#294 = CARTESIAN_POINT ( 'NONE',  ( 11.42231038834606238, -20.60960552378089972, 42.76061510883908312 ) ) ;
#295 = EDGE_CURVE ( 'NONE', #5435, #4318, #4326, .T. ) ;
#296 = CARTESIAN_POINT ( 'NONE',  ( -18.00000000000000000, -26.96475769767874908, 35.57686982298324807 ) ) ;
#297 = CARTESIAN_POINT ( 'NONE',  ( -5.507957657444362276, -41.69805266490380546, -7.620072579493352372 ) ) ;
#298 = CARTESIAN_POINT ( 'NONE',  ( -9.180016847107648204, -42.20095491708082136, 3.031816274001231548 ) ) ;
#299 = CARTESIAN_POINT ( 'NONE',  ( -5.508003405735345304, -41.96905124318064395, 0.6128881944211516108 ) ) ;
#300 = ORIENTED_EDGE ( 'NONE', *, *, #4156, .T. ) ;
#301 = CARTESIAN_POINT ( 'NONE',  ( 17.04597530752000623, -31.79623648468892583, 27.27060800572569477 ) ) ;
#302 = VECTOR ( 'NONE', #3074, 1000.000000000000000 ) ;
#303 = CARTESIAN_POINT ( 'NONE',  ( 11.33683284255226198, -20.44871086040759067, -42.91995591155826872 ) ) ;
#304 = CARTESIAN_POINT ( 'NONE',  ( 5.646491467668744768, -15.58768199645178321, -52.41638268683951907 ) ) ;
#305 = CARTESIAN_POINT ( 'NONE',  ( 188.1135388355710631, -6.042206017375293392, 21.71633764224827701 ) ) ;
#306 = CARTESIAN_POINT ( 'NONE',  ( 56.52701488276283470, -6.042206017375314708, -99.62354333144845953 ) ) ;
#307 = CARTESIAN_POINT ( 'NONE',  ( -18.00000000000000000, -38.31026286157670313, -0.07350942406777120908 ) ) ;
#308 = CARTESIAN_POINT ( 'NONE',  ( -5.934681024747201938, -41.78665892407673255, 6.772568486711455726 ) ) ;
#309 = CARTESIAN_POINT ( 'NONE',  ( 12.14496657718509276, -37.99957143651050728, 4.585530178513473665 ) ) ;
#310 = CARTESIAN_POINT ( 'NONE',  ( 7.343994890303435774, -42.10820886422101239, 0.9195723142456094790 ) ) ;
#311 = B_SPLINE_CURVE_WITH_KNOTS ( 'NONE', 3,
 ( #1091, #4154, #1450, #4065, #3678, #3156, #5428, #3614, #1923, #2428, #3645, #176, #4888, #2368, #1119, #4464, #294, #1149, #206, #1511, #3220, #1025, #1479, #1060 ),
 .UNSPECIFIED., .F., .F.,
 ( 4, 2, 2, 2, 2, 2, 2, 2, 2, 2, 2, 4 ),
 ( 2.570176658107556321E-17, 0.01709521515602934610, 0.02136901894503667743, 0.02564282273404401222, 0.03419043031205867833, 0.03632733220656234052, 0.03846423410106600271, 0.04273803789007335485, 0.05128564546808807301, 0.05555944925709543208, 0.05983325304610279116, 0.06838086062411752319 ),
 .UNSPECIFIED. ) ;
#312 = CARTESIAN_POINT ( 'NONE',  ( 117.9131557670229995, -56.13001623236039705, 1.387778780781445991E-14 ) ) ;
#313 = DIRECTION ( 'NONE',  ( 1.500332356076764948E-16, 1.000000000000000000, 0.000000000000000000 ) ) ;
#314 = CARTESIAN_POINT ( 'NONE',  ( 95.49354028530815697, -6.042206017375330696, -103.7546355468785890 ) ) ;
#315 = CARTESIAN_POINT ( 'NONE',  ( 4.516283000745636045, -37.62208781278298630, -7.790377421486629039 ) ) ;
#316 = EDGE_CURVE ( 'NONE', #3610, #719, #1491, .T. ) ;
#317 = CARTESIAN_POINT ( 'NONE',  ( 20.13203320690989884, -38.31026286157670313, -0.1470188481355546029 ) ) ;
#318 = ORIENTED_EDGE ( 'NONE', *, *, #3265, .T. ) ;
#319 = VECTOR ( 'NONE', #5178, 1000.000000000000000 ) ;
#320 = CARTESIAN_POINT ( 'NONE',  ( -8.708755656204363760, -38.18306862216404340, -2.346081586323864432 ) ) ;
#321 = VECTOR ( 'NONE', #2888, 1000.000000000000000 ) ;
#322 = B_SPLINE_SURFACE_WITH_KNOTS ( 'NONE', 3, 1, ( 
 ( #4213, #3793 ),
 ( #353, #3317 ),
 ( #2958, #5047 ),
 ( #5113, #2892 ),
 ( #1652, #5092 ),
 ( #4668, #2937 ),
 ( #755, #4622 ),
 ( #2462, #803 ),
 ( #4690, #2509 ),
 ( #5490, #4235 ) ),
 .UNSPECIFIED., .F., .F., .F.,
 ( 4, 2, 2, 2, 4 ),
 ( 2, 2 ),
 ( 0.000000000000000000, 0.2500000000000000000, 0.5000000000000000000, 0.7500000000000000000, 1.000000000000000000 ),
 ( 0.000000000000000000, 1.000000000000000000 ),
 .UNSPECIFIED. ) ;
#323 = CARTESIAN_POINT ( 'NONE',  ( 20.36082540615130299, -26.96475769767874908, 35.57686982298324807 ) ) ;
#324 = AXIS2_PLACEMENT_3D ( 'NONE', #1217, #740, #5448 ) ;
#325 = CARTESIAN_POINT ( 'NONE',  ( 3.672042342413475602, -41.61891558230553301, -7.620021568766741638 ) ) ;
#326 = CARTESIAN_POINT ( 'NONE',  ( 5.507978988445447754, -41.90336194479513665, 3.781299771509710528 ) ) ;
#327 = CARTESIAN_POINT ( 'NONE',  ( 5.507996594094051623, -41.96905090782666292, 0.6129494072930820048 ) ) ;
#328 = ORIENTED_EDGE ( 'NONE', *, *, #295, .F. ) ;
#329 = CIRCLE ( 'NONE', #2477, 98.93283318597700315 ) ;
#330 = CARTESIAN_POINT ( 'NONE',  ( 190.4059769339629895, -6.042206017373035642, 208.0119538679257687 ) ) ;
#331 = EDGE_CURVE ( 'NONE', #3259, #519, #4455, .T. ) ;
#332 = CARTESIAN_POINT ( 'NONE',  ( 4.539119537802433157, -37.62385357052294665, 7.777076744640967654 ) ) ;
#333 = CARTESIAN_POINT ( 'NONE',  ( 23.34065653424210751, -6.042206017375295168, -82.70890435028465504 ) ) ;
#334 = CARTESIAN_POINT ( 'NONE',  ( 73.65500000000000114, -58.25464714294840007, 0.000000000000000000 ) ) ;
#335 = CARTESIAN_POINT ( 'NONE',  ( -8.691838609723532727, -42.19008138590020707, 2.339882324912852418 ) ) ;
#336 = CARTESIAN_POINT ( 'NONE',  ( 4.198469165667044756, -36.85416588738164023, 12.24643793436761285 ) ) ;
#337 = CARTESIAN_POINT ( 'NONE',  ( -5.507998297856273595, -41.96944676484330472, -0.3063367024858845156 ) ) ;
#338 = CARTESIAN_POINT ( 'NONE',  ( 33.62745298071140354, -47.26221975847409595, -1.112684768943767999 ) ) ;
#339 = CARTESIAN_POINT ( 'NONE',  ( 86.40000000000000568, -58.25464714294840007, 0.000000000000000000 ) ) ;
#340 = CARTESIAN_POINT ( 'NONE',  ( -12.90389235640842003, -38.22066860129703514, 1.791447667858799830 ) ) ;
#341 = CARTESIAN_POINT ( 'NONE',  ( 8.526534156173891432, -42.15297736831763586, 2.895809457949347188 ) ) ;
#342 = CARTESIAN_POINT ( 'NONE',  ( 99.14499999999999602, -63.39640923772801528, 1.560812345513315327E-15 ) ) ;
#343 = VERTEX_POINT ( 'NONE', #4754 ) ;
#344 = DIRECTION ( 'NONE',  ( 1.000000000000000000, 0.000000000000000000, 0.000000000000000000 ) ) ;
#345 = DIRECTION ( 'NONE',  ( 0.000000000000000000, 0.000000000000000000, 1.000000000000000000 ) ) ;
#346 = CARTESIAN_POINT ( 'NONE',  ( 0.1419332141556104154, -20.95902901126090256, -1.818711480347215081 ) ) ;
#347 = CARTESIAN_POINT ( 'NONE',  ( -5.508011546535711567, -41.96222113922765118, 2.077924125155399704 ) ) ;
#348 = CARTESIAN_POINT ( 'NONE',  ( 5.507993753922505675, -41.96795358764842376, 1.124072784890855159 ) ) ;
#349 = VERTEX_POINT ( 'NONE', #4726 ) ;
#350 = PLANE ( 'NONE',  #1303 ) ;
#351 = CARTESIAN_POINT ( 'NONE',  ( 148.7642104314870721, -6.042206017375249871, 83.23438575356392732 ) ) ;
#352 = CARTESIAN_POINT ( 'NONE',  ( 10.56432597308766752, -6.042206017375286287, -71.17720322186028170 ) ) ;
#353 = CARTESIAN_POINT ( 'NONE',  ( -18.00000000000000000, -11.27713467053115970, 50.82238809104900668 ) ) ;
#354 = CARTESIAN_POINT ( 'NONE',  ( -18.00000000000000000, -6.042206017372999227, -53.98290812280544770 ) ) ;
#355 = EDGE_CURVE ( 'NONE', #2345, #4618, #2837, .T. ) ;
#356 = PLANE ( 'NONE',  #3431 ) ;
#357 = CARTESIAN_POINT ( 'NONE',  ( -1.702058459057762940E-06, -41.79055256047667655, 0.3063060960499107699 ) ) ;
#358 = CARTESIAN_POINT ( 'NONE',  ( 128.8485295163892204, -33.22972007004630512, 73.62341040694580840 ) ) ;
#359 = CARTESIAN_POINT ( 'NONE',  ( 12.16653525268366742, -37.99828663529475392, 4.599537889202230723 ) ) ;
#360 = FACE_OUTER_BOUND ( 'NONE', #2802, .T. ) ;
#361 = CARTESIAN_POINT ( 'NONE',  ( 8.981716450599041224, -42.28366107153038911, 0.5921155856104466375 ) ) ;
#362 = DIRECTION ( 'NONE',  ( -1.000000000000000000, 1.501116738099047975E-16, -8.881784197001251337E-16 ) ) ;
#363 = B_SPLINE_CURVE_WITH_KNOTS ( 'NONE', 2,
 ( #1286, #4810, #436 ),
 .UNSPECIFIED., .F., .F.,
 ( 3, 3 ),
 ( 0.3127131036599309910, 0.7334610202777239740 ),
 .UNSPECIFIED. ) ;
#364 = CARTESIAN_POINT ( 'NONE',  ( 6.780445274228772412, -41.88131362961311055, 5.947206269542722801 ) ) ;
#365 = ORIENTED_EDGE ( 'NONE', *, *, #4634, .F. ) ;
#366 = CARTESIAN_POINT ( 'NONE',  ( 16.98944841176231080, -31.67444757863924210, -27.51488045751494127 ) ) ;
#367 = CARTESIAN_POINT ( 'NONE',  ( 86.40000000000000568, -58.25464714294840007, 0.000000000000000000 ) ) ;
#368 = LOCAL_TIME ( 10, 31, 8.000000000000000000, #1087 ) ;
#369 = CARTESIAN_POINT ( 'NONE',  ( 4.667665775254481827E-05, -41.49435253703499171, -8.400031655487991245 ) ) ;
#370 = CARTESIAN_POINT ( 'NONE',  ( 7.343993753894062060, -42.10689525742388639, 1.124082987036177039 ) ) ;
#371 = CARTESIAN_POINT ( 'NONE',  ( -9.180003405678478501, -42.30370947905574752, 0.6128677901305084053 ) ) ;
#372 = ADVANCED_FACE ( 'NONE', ( #437 ), #3543, .F. ) ;
#373 = ORIENTED_EDGE ( 'NONE', *, *, #5480, .T. ) ;
#374 = LOCAL_TIME ( 10, 31, 8.000000000000000000, #3303 ) ;
#375 = CARTESIAN_POINT ( 'NONE',  ( 14.72100332400046518, -33.36050938385606912, -32.79780201120875915 ) ) ;
#376 = CARTESIAN_POINT ( 'NONE',  ( 157.9289345611636293, -6.042206017375330696, -75.52886723664337865 ) ) ;
#377 = CARTESIAN_POINT ( 'NONE',  ( 152.8722439315363886, -38.48506133258187845, -132.9444878630724531 ) ) ;
#378 = CARTESIAN_POINT ( 'NONE',  ( -6.778213828583659506, -41.88102053370987932, 5.949980274317970164 ) ) ;
#379 = CARTESIAN_POINT ( 'NONE',  ( 0.000000000000000000, -63.39640923772802950, 0.000000000000000000 ) ) ;
#380 = CARTESIAN_POINT ( 'NONE',  ( 5.508001701973130437, -41.96944799685734750, -0.3062754896139544547 ) ) ;
#381 = FACE_OUTER_BOUND ( 'NONE', #4537, .T. ) ;
#382 = CARTESIAN_POINT ( 'NONE',  ( -7.645935911960625830, -42.00093709181099655, -4.749920812102245371 ) ) ;
#383 = CARTESIAN_POINT ( 'NONE',  ( -11.81769973034336552, -37.91353415401361104, 5.433423300048362492 ) ) ;
#384 = CARTESIAN_POINT ( 'NONE',  ( -9.000000000000000000, -38.30472695027329877, -3.659182332138580620E-15 ) ) ;
#385 = DIRECTION ( 'NONE',  ( -1.000000000000000000, 0.000000000000000000, 0.000000000000000000 ) ) ;
#386 = CARTESIAN_POINT ( 'NONE',  ( 8.426751844260673252, -42.13289616780961211, 3.174385206824342109 ) ) ;
#387 = EDGE_LOOP ( 'NONE', ( #4246, #4770, #1547, #1772 ) ) ;
#388 = EDGE_CURVE ( 'NONE', #3828, #343, #980, .T. ) ;
#389 = CARTESIAN_POINT ( 'NONE',  ( -4.752636660081681619, -37.64181870578644151, -7.648424413516580422 ) ) ;
#390 = CARTESIAN_POINT ( 'NONE',  ( 14.17456829232305360, -25.91376156373214101, 36.62883335124013229 ) ) ;
#391 = CARTESIAN_POINT ( 'NONE',  ( -9.180042342328205152, -41.93205553898624061, 7.619990962330779105 ) ) ;
#392 = VECTOR ( 'NONE', #2545, 1000.000000000000000 ) ;
#393 = DIRECTION ( 'NONE',  ( 0.000000000000000000, 1.000000000000000000, 0.000000000000000000 ) ) ;
#394 = CARTESIAN_POINT ( 'NONE',  ( 9.179957657387467052, -41.93204332868869244, 7.620092983783994356 ) ) ;
#395 = CARTESIAN_POINT ( 'NONE',  ( -9.179978988388608485, -42.16512765732627344, -3.781320175800359618 ) ) ;
#396 = ORIENTED_EDGE ( 'NONE', *, *, #5143, .T. ) ;
#397 = VECTOR ( 'NONE', #702, 1000.000000000000000 ) ;
#398 = CARTESIAN_POINT ( 'NONE',  ( 1.179929238847199358, -41.49751671558132671, -8.941689940042484963 ) ) ;
#399 = CARTESIAN_POINT ( 'NONE',  ( 161.0708631252198302, -6.042206017375331584, -72.39864874394292826 ) ) ;
#400 = CARTESIAN_POINT ( 'NONE',  ( 2.340896608653964872, -41.53135840178090632, 8.710303913994067671 ) ) ;
#401 = DIRECTION ( 'NONE',  ( 0.000000000000000000, 0.000000000000000000, 1.000000000000000000 ) ) ;
#402 = EDGE_LOOP ( 'NONE', ( #3593, #5346 ) ) ;
#403 = CARTESIAN_POINT ( 'NONE',  ( 190.4059769339629895, -6.042206017373019655, 1.273705867443711913E-14 ) ) ;
#404 = VECTOR ( 'NONE', #344, 1000.000000000000000 ) ;
#405 = CARTESIAN_POINT ( 'NONE',  ( -10.98672761658436769, -37.74166560017503258, 6.898576405909704334 ) ) ;
#406 = CARTESIAN_POINT ( 'NONE',  ( -1.134705643865838718E-06, -41.79338277993002748, 0.2042040640332722090 ) ) ;
#407 = CC_DESIGN_DATE_AND_TIME_ASSIGNMENT ( #2364, #1950, ( #2828 ) ) ;
#408 = CARTESIAN_POINT ( 'NONE',  ( 11.77430131814156766, -27.31954411794999871, 41.27936685753413570 ) ) ;
#409 = CARTESIAN_POINT ( 'NONE',  ( -9.761770562783528504, -37.50266064995104642, 8.627640105346747745 ) ) ;
#410 = CARTESIAN_POINT ( 'NONE',  ( -8.998799112008940781, -38.31026286157670313, 0.1470188481355286236 ) ) ;
#411 = CARTESIAN_POINT ( 'NONE',  ( -6.153669097138974031, -41.81004026977596055, 6.574180258556712175 ) ) ;
#412 = DIRECTION ( 'NONE',  ( 0.000000000000000000, 1.000000000000000000, 0.000000000000000000 ) ) ;
#413 = CARTESIAN_POINT ( 'NONE',  ( -1.180565342426951325, -41.49959745947545287, -8.927171361827936025 ) ) ;
#414 = CARTESIAN_POINT ( 'NONE',  ( 2.904845145309510102, -41.55810467756131033, 8.523418581855949583 ) ) ;
#415 = ORIENTED_EDGE ( 'NONE', *, *, #3950, .T. ) ;
#416 = LINE ( 'NONE', #3057, #3254 ) ;
#417 = PLANE ( 'NONE',  #3466 ) ;
#418 = ADVANCED_FACE ( 'NONE', ( #1851 ), #3441, .F. ) ;
#419 = CARTESIAN_POINT ( 'NONE',  ( 9.857774622473982618, -17.68803333724909876, 45.47342545291090232 ) ) ;
#420 = CARTESIAN_POINT ( 'NONE',  ( 7.343953323228487484, -41.74792629672320743, 8.400072464069282319 ) ) ;
#421 = CARTESIAN_POINT ( 'NONE',  ( 152.8722439315374970, -38.48506133258119633, 4.163336342344334502E-14 ) ) ;
#422 = CARTESIAN_POINT ( 'NONE',  ( 5.507998297856242509, -41.96944676530809915, 0.3063367024858758558 ) ) ;
#423 = CARTESIAN_POINT ( 'NONE',  ( -7.343994890303467749, -42.10820886388217588, -0.9195723142456169175 ) ) ;
#424 = B_SPLINE_CURVE_WITH_KNOTS ( 'NONE', 3,
 ( #501, #2212, #3936, #4271, #2663, #529, #2239, #3964 ),
 .UNSPECIFIED., .F., .F.,
 ( 4, 2, 2, 4 ),
 ( 0.000000000000000000, 0.1400170492858799354, 0.5700085246429399399, 1.000000000000000000 ),
 .UNSPECIFIED. ) ;
#425 = ORIENTED_EDGE ( 'NONE', *, *, #3714, .T. ) ;
#426 = CARTESIAN_POINT ( 'NONE',  ( 4.504629801283507540, -41.65788995804766159, -7.797124061014431007 ) ) ;
#427 = CARTESIAN_POINT ( 'NONE',  ( 179.3545573200102865, -6.042206017375323590, -46.65508173495395994 ) ) ;
#428 = CARTESIAN_POINT ( 'NONE',  ( -5.480795515149516461, -41.74147697904597720, 7.144857920950235197 ) ) ;
#429 = CARTESIAN_POINT ( 'NONE',  ( 8.773123002061213427, -38.20216390308923593, -2.029386239448868423 ) ) ;
#430 = CARTESIAN_POINT ( 'NONE',  ( 226.6457644257072843, -6.042206017375387539, -137.7671940876994938 ) ) ;
#431 = CARTESIAN_POINT ( 'NONE',  ( -5.709178181538215213, -36.97967422498111745, 11.62372452446348703 ) ) ;
#432 = CARTESIAN_POINT ( 'NONE',  ( 3.671999999943118986, -41.88125511334990847, 2.040429063875279011E-05 ) ) ;
#433 = CARTESIAN_POINT ( 'NONE',  ( 1.831865837722755463, -8.519517300663322246, 57.20796869862481770 ) ) ;
#434 = CARTESIAN_POINT ( 'NONE',  ( -11.81769973034336552, -37.91353415401361104, 5.433423300048362492 ) ) ;
#435 = B_SPLINE_CURVE_WITH_KNOTS ( 'NONE', 3,
 ( #769, #1619, #3282, #5105, #271, #1985, #3808, #3353, #3709, #5431, #4180, #2430, #5482, #1570, #4205, #1594, #2928, #3308, #3331, #5082, #1179, #5526, #2883, #2039 ),
 .UNSPECIFIED., .F., .F.,
 ( 4, 2, 2, 2, 2, 2, 2, 2, 2, 2, 2, 4 ),
 ( 6.926792910075964646E-18, 0.01874628740132304461, 0.02343285925165379882, 0.02811943110198455650, 0.03749257480264606840, 0.03983586072781144377, 0.04217914665297682608, 0.04686571850330758376, 0.05623886220396910607, 0.06092543405429987069, 0.06561200590463063531, 0.07498514960529215068 ),
 .UNSPECIFIED. ) ;
#436 = CARTESIAN_POINT ( 'NONE',  ( 73.65500000000000114, -63.39640923772800818, 0.000000000000000000 ) ) ;
#437 = FACE_OUTER_BOUND ( 'NONE', #3529, .T. ) ;
#438 = CARTESIAN_POINT ( 'NONE',  ( 6.571933751220771391, -41.85756989883699930, 6.155925684349171867 ) ) ;
#439 = CARTESIAN_POINT ( 'NONE',  ( 6.778213828583642631, -41.88102053370987221, -5.949980274317961282 ) ) ;
#440 = CARTESIAN_POINT ( 'NONE',  ( -71.46669839058749574, 9.999999999999980460, 137.9613978004092303 ) ) ;
#441 = EDGE_LOOP ( 'NONE', ( #2258, #5460, #517, #5222 ) ) ;
#442 = CARTESIAN_POINT ( 'NONE',  ( 1.180412703075659930, -6.042206017373009885, 53.98290812280549744 ) ) ;
#443 = CARTESIAN_POINT ( 'NONE',  ( 73.65499999999991587, -63.39640923772795134, 25.49000000000009081 ) ) ;
#444 = FACE_OUTER_BOUND ( 'NONE', #1117, .T. ) ;
#445 = VERTEX_POINT ( 'NONE', #556 ) ;
#446 = CARTESIAN_POINT ( 'NONE',  ( 5.507953323256919553, -41.64573389331381748, 8.400062261923959994 ) ) ;
#447 = CARTESIAN_POINT ( 'NONE',  ( 117.7136312064338597, -6.042206017375232108, 99.18599676920632646 ) ) ;
#448 = ADVANCED_FACE ( 'NONE', ( #1820 ), #3990, .F. ) ;
#449 = CARTESIAN_POINT ( 'NONE',  ( 117.0212516675358643, -47.26221975847412438, 53.10999001326837998 ) ) ;
#450 = CARTESIAN_POINT ( 'NONE',  ( 5.508001701973130437, -41.96944799685734750, -0.3062754896139544547 ) ) ;
#451 = CARTESIAN_POINT ( 'NONE',  ( -9.179993753865668182, -42.28220595411872296, -1.124093189181505137 ) ) ;
#452 = EDGE_LOOP ( 'NONE', ( #2608, #292 ) ) ;
#453 = CARTESIAN_POINT ( 'NONE',  ( -8.884254645883663315, -42.24173083329595357, -1.468395674395617245 ) ) ;
#454 = VECTOR ( 'NONE', #2668, 1000.000000000000000 ) ;
#455 = CARTESIAN_POINT ( 'NONE',  ( 144.1361788978811092, -6.042206017375334248, -86.53320682143814224 ) ) ;
#456 = EDGE_CURVE ( 'NONE', #3610, #719, #4420, .T. ) ;
#457 = CARTESIAN_POINT ( 'NONE',  ( -8.199965639377182924, -42.09066281855113800, 3.721180533423434689 ) ) ;
#458 = CARTESIAN_POINT ( 'NONE',  ( 13.74570485429425304, -25.07187321893884047, 37.70619940813257642 ) ) ;
#459 = CARTESIAN_POINT ( 'NONE',  ( 99.14499999999999602, -63.39640923772800818, 1.560812345513310002E-15 ) ) ;
#460 = CARTESIAN_POINT ( 'NONE',  ( -18.00000000000000000, -38.30472708429532958, -1.149457590741975732E-13 ) ) ;
#461 = CARTESIAN_POINT ( 'NONE',  ( 7.344021011355494899, -42.01819183936183322, -3.781228356492464471 ) ) ;
#462 = CARTESIAN_POINT ( 'NONE',  ( -9.511568403844728536E-15, -63.39640923772800818, 0.000000000000000000 ) ) ;
#463 = CARTESIAN_POINT ( 'NONE',  ( -5.485067765921950667, -41.74227069445703364, -7.137021259140585272 ) ) ;
#464 = CARTESIAN_POINT ( 'NONE',  ( 188.2214503935570917, -6.042206017375315596, -21.91144879838673276 ) ) ;
#465 = CARTESIAN_POINT ( 'NONE',  ( 3.672011546564111661, -41.86434211346455925, -2.077934327300727357 ) ) ;
#466 = CARTESIAN_POINT ( 'NONE',  ( 2.339016405248373509, -41.53341710587686464, 8.695754458222708649 ) ) ;
#467 = CARTESIAN_POINT ( 'NONE',  ( 2.903818414304327522, -41.55807192236952119, 8.523789178438670788 ) ) ;
#468 = CARTESIAN_POINT ( 'NONE',  ( 6.153706533769464748, -41.81006613777030623, -6.574078482109622534 ) ) ;
#469 = CARTESIAN_POINT ( 'NONE',  ( -9.180038008140790851, -41.98503258812255723, 6.840001279900168818 ) ) ;
#470 = ORIENTED_EDGE ( 'NONE', *, *, #4279, .T. ) ;
#471 = CARTESIAN_POINT ( 'NONE',  ( -8.526628952994453670, -42.15305379382460416, -2.895745575118182646 ) ) ;
#472 = ADVANCED_FACE ( 'NONE', ( #1042 ), #5501, .F. ) ;
#473 = FACE_OUTER_BOUND ( 'NONE', #5556, .T. ) ;
#474 = DIRECTION ( 'NONE',  ( 0.000000000000000000, 0.000000000000000000, 1.000000000000000000 ) ) ;
#475 = VERTEX_POINT ( 'NONE', #334 ) ;
#476 = CARTESIAN_POINT ( 'NONE',  ( 16.37564660047238263, -30.36788505558332929, -29.96086667691612249 ) ) ;
#477 = CC_DESIGN_PERSON_AND_ORGANIZATION_ASSIGNMENT ( #5035, #718, ( #2828 ) ) ;
#478 = CARTESIAN_POINT ( 'NONE',  ( 98.56699941164798418, -6.042206017375223226, 103.2977962723393546 ) ) ;
#479 = CARTESIAN_POINT ( 'NONE',  ( 62.18813599872329689, -57.95386985700420013, -0.5104959647316559268 ) ) ;
#480 = CARTESIAN_POINT ( 'NONE',  ( 9.180001134563447351, -42.32169833816495697, -0.2041530533066731601 ) ) ;
#481 = CARTESIAN_POINT ( 'NONE',  ( 3.672003405763748507, -41.88853576701349368, -0.6128983965664814848 ) ) ;
#482 = EDGE_LOOP ( 'NONE', ( #1709, #4639 ) ) ;
#483 = CARTESIAN_POINT ( 'NONE',  ( -8.769689178904320315, -42.20903244589710113, -2.044191325413953653 ) ) ;
#484 = AXIS2_PLACEMENT_3D ( 'NONE', #4457, #4426, #3150 ) ;
#485 =( BOUNDED_SURFACE ( )  B_SPLINE_SURFACE ( 2, 3, ( 
 ( #742, #3802, #2449, #762 ),
 ( #4176, #4630, #2494, #2471 ),
 ( #1143, #4221, #2423, #5520 ) ),
 .UNSPECIFIED., .F., .F., .F. ) 
 B_SPLINE_SURFACE_WITH_KNOTS ( ( 3, 3 ),
 ( 4, 4 ),
 ( 0.001208225356013006022, 0.7334610202777239740 ),
 ( 0.000000000000000000, 1.000000000000000000 ),
 .UNSPECIFIED. ) 
 GEOMETRIC_REPRESENTATION_ITEM ( )  RATIONAL_B_SPLINE_SURFACE ( (
 ( 1.000000000000000000, 0.3333333333333335369, 0.3333333333333335369, 1.000000000000000000),
 ( 1.000000000000000000, 0.3333333333333335369, 0.3333333333333335369, 1.000000000000000000),
 ( 1.000000000000000000, 0.3333333333333335369, 0.3333333333333335369, 1.000000000000000000) ) ) 
 REPRESENTATION_ITEM ( '' )  SURFACE ( )  );
#486 = CARTESIAN_POINT ( 'NONE',  ( 143.7929854930485476, -6.042206017369109006, 99.54331454056968198 ) ) ;
#487 = CARTESIAN_POINT ( 'NONE',  ( 15.36539930183137770, -28.29901634284275858, 33.23846483402756746 ) ) ;
#488 = DIRECTION ( 'NONE',  ( 0.9555190878284732792, -1.440079736887271935E-16, 0.2949292674446576945 ) ) ;
#489 = ORIENTED_EDGE ( 'NONE', *, *, #3325, .F. ) ;
#490 = VECTOR ( 'NONE', #3718, 1000.000000000000000 ) ;
#491 = CARTESIAN_POINT ( 'NONE',  ( -6.459245638230300735, -37.05646852639482347, 11.22652054377295983 ) ) ;
#492 = EDGE_CURVE ( 'NONE', #3399, #3713, #2123, .T. ) ;
#493 = CARTESIAN_POINT ( 'NONE',  ( -7.343970490010194752, -41.94464159680104842, -5.310701536431548853 ) ) ;
#494 = CARTESIAN_POINT ( 'NONE',  ( 18.13690681178545461, -41.17934561906999136, 12.46984523788876942 ) ) ;
#495 = CARTESIAN_POINT ( 'NONE',  ( -9.000000000000012434, -42.28582793665280803, -0.5908768929720934482 ) ) ;
#496 = VECTOR ( 'NONE', #972, 1000.000000000000000 ) ;
#497 = CARTESIAN_POINT ( 'NONE',  ( -18.00000000000000000, -38.31026286157670313, 0.1470188481355287902 ) ) ;
#498 = CARTESIAN_POINT ( 'NONE',  ( 9.180029509733914850, -42.08224734154786262, -5.310609717123657703 ) ) ;
#499 = CARTESIAN_POINT ( 'NONE',  ( 86.40000000000000568, -58.25464714294840007, 0.000000000000000000 ) ) ;
#500 = CARTESIAN_POINT ( 'NONE',  ( 3.992442025971406849, -41.61913769367968996, 8.087278596120132335 ) ) ;
#501 = CARTESIAN_POINT ( 'NONE',  ( 20.13197640251884124, -38.31034024885575917, -1.623098459689531492E-14 ) ) ;
#502 = EDGE_CURVE ( 'NONE', #2167, #2521, #5070, .T. ) ;
#503 = CARTESIAN_POINT ( 'NONE',  ( -4.756563197138826027, -41.67774424023688340, 7.645978143649893255 ) ) ;
#504 = DIRECTION ( 'NONE',  ( -0.000000000000000000, 1.000000000000000000, 0.000000000000000000 ) ) ;
#505 = CARTESIAN_POINT ( 'NONE',  ( -8.999600155019559011, -38.30845953681825478, 0.09798822911038929107 ) ) ;
#506 = CARTESIAN_POINT ( 'NONE',  ( 185.3328331859785010, -6.042206017371060334, 1.211577774917876053E-14 ) ) ;
#507 = ORIENTED_EDGE ( 'NONE', *, *, #2845, .F. ) ;
#508 = CARTESIAN_POINT ( 'NONE',  ( 3.671953323285353399, -41.56764441693417211, 8.400052059778637670 ) ) ;
#509 = CARTESIAN_POINT ( 'NONE',  ( 39.20476913805712371, -6.042206017375212568, 92.68155802633107498 ) ) ;
#510 = CARTESIAN_POINT ( 'NONE',  ( 139.1842759379919983, -47.26221975847409595, 2.775557561562889773E-14 ) ) ;
#511 = CARTESIAN_POINT ( 'NONE',  ( 7.343994890303435774, -42.10820886422101239, 0.9195723142456094790 ) ) ;
#512 = CARTESIAN_POINT ( 'NONE',  ( 3.672016847192917322, -41.84322007499505247, -3.031846880437199854 ) ) ;
#513 = VERTEX_POINT ( 'NONE', #2021 ) ;
#514 = CARTESIAN_POINT ( 'NONE',  ( -2.339016405537988508, -41.53341710588342295, -8.695754458146106813 ) ) ;
#515 = CARTESIAN_POINT ( 'NONE',  ( 86.40000000000000568, -58.25464714294840007, 0.000000000000000000 ) ) ;
#516 = CARTESIAN_POINT ( 'NONE',  ( 6.788417015644983010, -37.85787642546585374, -5.938125946794079013 ) ) ;
#517 = ORIENTED_EDGE ( 'NONE', *, *, #3540, .T. ) ;
#518 = CARTESIAN_POINT ( 'NONE',  ( 226.6457644257072843, 9.999999999999980460, -137.7671940876994938 ) ) ;
#519 = VERTEX_POINT ( 'NONE', #1605 ) ;
#520 = CARTESIAN_POINT ( 'NONE',  ( -0.8146945529702064315, -36.71208915939585893, 12.91788512345484286 ) ) ;
#521 = CARTESIAN_POINT ( 'NONE',  ( -5.507970490038628597, -41.83478244410004265, -5.310691334286227416 ) ) ;
#522 = DIRECTION ( 'NONE',  ( -1.000000000000000000, 1.500332356076764948E-16, 0.000000000000000000 ) ) ;
#523 = CARTESIAN_POINT ( 'NONE',  ( 8.425563602004006114, -42.13266455252907150, -3.177498865126621830 ) ) ;
#524 = DIRECTION ( 'NONE',  ( 0.000000000000000000, 1.000000000000000000, 0.000000000000000000 ) ) ;
#525 = CARTESIAN_POINT ( 'NONE',  ( 9.180038008140764205, -41.98503258754270462, -6.840001279900170594 ) ) ;
#526 = ADVANCED_FACE ( 'NONE', ( #3771 ), #322, .T. ) ;
#527 = CARTESIAN_POINT ( 'NONE',  ( -18.00000000000000000, -23.68619686104764810, 39.70994965335955840 ) ) ;
#528 = CARTESIAN_POINT ( 'NONE',  ( -3.984947420362916493, -41.62058394732132882, 8.075086830888229983 ) ) ;
#529 = CARTESIAN_POINT ( 'NONE',  ( 54.88684423297739556, -56.13001623236050364, -7.718497068223229677E-15 ) ) ;
#530 = CARTESIAN_POINT ( 'NONE',  ( 5.507961991631746379, -41.74730526035119027, 6.840082897062743861 ) ) ;
#531 = B_SPLINE_CURVE_WITH_KNOTS ( 'NONE', 3,
 ( #2679, #4861, #1810, #2650, #3439, #4317, #884, #2589, #998, #63, #487, #2226, #3528, #4833, #458, #1397, #2144, #2172, #3560, #3894, #4347, #5283, #1426, #2257 ),
 .UNSPECIFIED., .F., .F.,
 ( 4, 2, 2, 2, 2, 2, 2, 2, 2, 2, 2, 4 ),
 ( 2.570176658107556321E-17, 0.01709521515602934610, 0.02136901894503667743, 0.02564282273404401222, 0.03419043031205867833, 0.03632733220656234052, 0.03846423410106600271, 0.04273803789007335485, 0.05128564546808807301, 0.05555944925709543208, 0.05983325304610279116, 0.06838086062411752319 ),
 .UNSPECIFIED. ) ;
#532 = CARTESIAN_POINT ( 'NONE',  ( -22.00000000000000000, -42.30756013076910449, -5.181181809388050601E-15 ) ) ;
#533 = CARTESIAN_POINT ( 'NONE',  ( 3.493117819995517070, -6.042206017372497406, -53.98290812280571060 ) ) ;
#534 = CARTESIAN_POINT ( 'NONE',  ( -17.60597693396296748, -6.042206017373006333, 208.0119538679257687 ) ) ;
#535 = CARTESIAN_POINT ( 'NONE',  ( -22.00000000000000000, -42.30756013076910449, -5.181181809388050601E-15 ) ) ;
#536 = VERTEX_POINT ( 'NONE', #1676 ) ;
#537 = CARTESIAN_POINT ( 'NONE',  ( 5.507961991631746379, -41.74730526035119027, 6.840082897062743861 ) ) ;
#538 = CARTESIAN_POINT ( 'NONE',  ( 142.2448018744224498, -6.042206017375245430, 87.83625551302399970 ) ) ;
#539 = CARTESIAN_POINT ( 'NONE',  ( 2.895900250578061108, -41.55578605752123167, -8.541776478174821108 ) ) ;
#540 = CARTESIAN_POINT ( 'NONE',  ( -9.179999999857848536, -42.33629126074696103, -5.101072661278475967E-05 ) ) ;
#541 = CARTESIAN_POINT ( 'NONE',  ( 4.234247034024030864E-05, -41.54461856230044958, -7.620041973057387175 ) ) ;
#542 = CARTESIAN_POINT ( 'NONE',  ( 33.61572406200880181, -47.26221975847439438, -1.292841891455429965E-14 ) ) ;
#543 = EDGE_CURVE ( 'NONE', #4885, #2743, #3736, .T. ) ;
#544 = CARTESIAN_POINT ( 'NONE',  ( -3.671994890360334995, -41.88319309264451107, -0.9195519099549736008 ) ) ;
#545 = CARTESIAN_POINT ( 'NONE',  ( 7.818397126198569858, -38.00869111235326159, -4.496445440260064430 ) ) ;
#546 = ORIENTED_EDGE ( 'NONE', *, *, #3881, .T. ) ;
#547 = CARTESIAN_POINT ( 'NONE',  ( 149.6614994673866192, -58.99259783589941009, -126.5229989347731561 ) ) ;
#548 = ORIENTED_EDGE ( 'NONE', *, *, #4733, .F. ) ;
#549 = CARTESIAN_POINT ( 'NONE',  ( 3.754282100531237010, -37.56575758035754120, 8.184817459359363667 ) ) ;
#550 = CARTESIAN_POINT ( 'NONE',  ( 5.508011546535679592, -41.96222113973674084, -2.077924125155405921 ) ) ;
#551 = CIRCLE ( 'NONE', #3710, 12.74499999999999922 ) ;
#552 = DIRECTION ( 'NONE',  ( 0.000000000000000000, 1.000000000000000000, 0.000000000000000000 ) ) ;
#553 = CARTESIAN_POINT ( 'NONE',  ( 86.40000000000000568, -63.39640923772802950, 0.000000000000000000 ) ) ;
#554 = DIRECTION ( 'NONE',  ( 0.000000000000000000, -1.000000000000000000, 0.000000000000000000 ) ) ;
#555 = CARTESIAN_POINT ( 'NONE',  ( -9.179993753865668182, -42.28220595411872296, -1.124093189181505137 ) ) ;
#556 = CARTESIAN_POINT ( 'NONE',  ( -22.00000000000000000, -42.30756013076910449, -5.181181809388050601E-15 ) ) ;
#557 = DIRECTION ( 'NONE',  ( -1.501116738099044771E-16, -1.000000000000000000, -6.966711849907200125E-35 ) ) ;
#558 = CARTESIAN_POINT ( 'NONE',  ( -6.282442621485373024, -13.94371515320773902, -185.3648852429707858 ) ) ;
#559 =( BOUNDED_SURFACE ( )  B_SPLINE_SURFACE ( 3, 3, ( 
 ( #3695, #983, #619, #4486 ),
 ( #4937, #2356, #558, #165 ),
 ( #3666, #3209, #2692, #678 ),
 ( #1882, #5390, #1440, #194 ),
 ( #5356, #1499, #1528, #1079 ),
 ( #1109, #2815, #2784, #4547 ),
 ( #4517, #2389, #4418, #3724 ),
 ( #4144, #5492, #1630, #737 ),
 ( #5539, #2846, #5470, #5072 ),
 ( #1237, #3297, #3319, #3818 ) ),
 .UNSPECIFIED., .F., .F., .F. ) 
 B_SPLINE_SURFACE_WITH_KNOTS ( ( 4, 2, 2, 2, 4 ),
 ( 4, 4 ),
 ( 0.000000000000000000, 0.2500000000000000000, 0.5000000000000000000, 0.7500000000000000000, 1.000000000000000000 ),
 ( 0.000000000000000000, 1.000000000000000000 ),
 .UNSPECIFIED. ) 
 GEOMETRIC_REPRESENTATION_ITEM ( )  RATIONAL_B_SPLINE_SURFACE ( (
 ( 1.000000000000000000, 0.3333333333333335369, 0.3333333333333335369, 1.000000000000000000),
 ( 1.000000000000000000, 0.3333333333333335369, 0.3333333333333335369, 1.000000000000000000),
 ( 1.000000000000000000, 0.3333333333333335369, 0.3333333333333335369, 1.000000000000000000),
 ( 1.000000000000000000, 0.3333333333333335369, 0.3333333333333335369, 1.000000000000000000),
 ( 1.000000000000000000, 0.3333333333333335369, 0.3333333333333335369, 1.000000000000000000),
 ( 1.000000000000000000, 0.3333333333333335369, 0.3333333333333335369, 1.000000000000000000),
 ( 1.000000000000000000, 0.3333333333333335369, 0.3333333333333335369, 1.000000000000000000),
 ( 1.000000000000000000, 0.3333333333333335369, 0.3333333333333335369, 1.000000000000000000),
 ( 1.000000000000000000, 0.3333333333333335369, 0.3333333333333335369, 1.000000000000000000),
 ( 1.000000000000000000, 0.3333333333333335369, 0.3333333333333335369, 1.000000000000000000) ) ) 
 REPRESENTATION_ITEM ( '' )  SURFACE ( )  );
#560 = CARTESIAN_POINT ( 'NONE',  ( -9.180042342328205152, -41.93205553898624061, 7.619990962330779105 ) ) ;
#561 = CARTESIAN_POINT ( 'NONE',  ( -18.00000000000000000, -11.27713467053115970, 50.82238809104900668 ) ) ;
#562 = CARTESIAN_POINT ( 'NONE',  ( 86.14473783712179511, -57.95386985700420013, 24.21589985473444884 ) ) ;
#563 = CARTESIAN_POINT ( 'NONE',  ( 8.202536105449812709, -38.07757171549423703, 3.715449251415457343 ) ) ;
#564 = FACE_OUTER_BOUND ( 'NONE', #5079, .T. ) ;
#565 = DIRECTION ( 'NONE',  ( 0.000000000000000000, 1.000000000000000000, 0.000000000000000000 ) ) ;
#566 = EDGE_CURVE ( 'NONE', #4461, #1517, #5167, .T. ) ;
#567 = ORIENTED_EDGE ( 'NONE', *, *, #3780, .F. ) ;
#568 = CARTESIAN_POINT ( 'NONE',  ( -9.180005109440665834, -42.29214137119175376, 0.9194804949377145542 ) ) ;
#569 = CARTESIAN_POINT ( 'NONE',  ( 3.525948571918195995, -6.042206017375215232, 63.07293788823854896 ) ) ;
#570 = CARTESIAN_POINT ( 'NONE',  ( 188.0099501438266145, -6.042206017375314708, -22.19678297745522855 ) ) ;
#571 = DIRECTION ( 'NONE',  ( -1.000000000000000000, 1.490420224606776581E-16, 0.000000000000000000 ) ) ;
#572 = CARTESIAN_POINT ( 'NONE',  ( 5.508021011383923415, -41.90336651180881944, -3.781238558637783687 ) ) ;
#573 = CARTESIAN_POINT ( 'NONE',  ( -10.27827503525826103, -37.60409466071193663, 7.940687210049911293 ) ) ;
#574 = CARTESIAN_POINT ( 'NONE',  ( -3.671983152693349961, -41.84321739110305316, -3.031887689018486487 ) ) ;
#575 = CARTESIAN_POINT ( 'NONE',  ( -8.708755656204363760, -38.18306862216404340, -2.346081586323864432 ) ) ;
#576 = VERTEX_POINT ( 'NONE', #5251 ) ;
#577 = CARTESIAN_POINT ( 'NONE',  ( 5.507957657444332966, -41.69805266500075902, 7.620072579493354148 ) ) ;
#578 = B_SPLINE_SURFACE_WITH_KNOTS ( 'NONE', 2, 1, ( 
 ( #2901, #3245 ),
 ( #5451, #4121 ),
 ( #655, #1977 ) ),
 .UNSPECIFIED., .F., .F., .F.,
 ( 3, 3 ),
 ( 2, 2 ),
 ( 0.07696326179983789539, 1.000000000000000000 ),
 ( 0.000000000000000000, 1.000000000000000000 ),
 .UNSPECIFIED. ) ;
#579 = ORIENTED_EDGE ( 'NONE', *, *, #4279, .F. ) ;
#580 = CARTESIAN_POINT ( 'NONE',  ( 10.54723838071140918, -37.65661802855270679, 7.544566873513754324 ) ) ;
#581 = CARTESIAN_POINT ( 'NONE',  ( -5.507983152664914783, -41.92983744892937636, -3.031897891163808367 ) ) ;
#582 = CARTESIAN_POINT ( 'NONE',  ( 5.508001134620313266, -41.97551094644108360, -0.2041734575973163102 ) ) ;
#583 = CARTESIAN_POINT ( 'NONE',  ( 0.6446331004365536410, -37.44534527353704334, 8.981726447991524864 ) ) ;
#584 = CARTESIAN_POINT ( 'NONE',  ( 8.999999999999992895, -42.28567507404407877, -0.5950330763198534711 ) ) ;
#585 = CARTESIAN_POINT ( 'NONE',  ( -18.00000000000000000, -23.68619686104764810, -39.70994965335955840 ) ) ;
#586 = CARTESIAN_POINT ( 'NONE',  ( 2.101146922263804183E-05, -41.73257342393088720, -3.781269165073749328 ) ) ;
#587 = CARTESIAN_POINT ( 'NONE',  ( -18.00000000000000000, -37.24753809675059557, 11.41428795664992002 ) ) ;
#588 = CARTESIAN_POINT ( 'NONE',  ( -8.999999999999994671, -42.30661100815937914, 2.485838006965530312E-17 ) ) ;
#589 = AXIS2_PLACEMENT_3D ( 'NONE', #1976, #1114, #1887 ) ;
#590 = DIRECTION ( 'NONE',  ( 1.000000000000000000, 0.000000000000000000, 0.000000000000000000 ) ) ;
#591 = CARTESIAN_POINT ( 'NONE',  ( -7.344042342356637221, -41.80212089884034299, 7.620001164476101430 ) ) ;
#592 = CARTESIAN_POINT ( 'NONE',  ( 143.7929854930485476, -6.042206017369109006, 99.54331454056968198 ) ) ;
#593 = CARTESIAN_POINT ( 'NONE',  ( 112.9674345654848651, -50.78462308660635927, 46.07898461404099777 ) ) ;
#594 = CARTESIAN_POINT ( 'NONE',  ( 7.165607224024223676, -37.90937524258560387, 5.476569004110114491 ) ) ;
#595 = CARTESIAN_POINT ( 'NONE',  ( -22.00000000000000000, -40.88189669057855014, 38.76238080036794997 ) ) ;
#596 = AXIS2_PLACEMENT_3D ( 'NONE', #3982, #1280, #916 ) ;
#597 = ORIENTED_EDGE ( 'NONE', *, *, #4654, .T. ) ;
#598 = CARTESIAN_POINT ( 'NONE',  ( 3.671988453322127199, -41.86434038014102299, 2.077975135882008662 ) ) ;
#599 = CARTESIAN_POINT ( 'NONE',  ( 23.43046139697743868, -6.042206017375212568, 82.77729712597086120 ) ) ;
#600 = DIRECTION ( 'NONE',  ( -1.500332356076764948E-16, -1.000000000000000000, 0.000000000000000000 ) ) ;
#601 = CARTESIAN_POINT ( 'NONE',  ( -4.506917958259580637, -41.65801680894593773, -7.795794276624078201 ) ) ;
#602 = EDGE_CURVE ( 'NONE', #3999, #4618, #941, .T. ) ;
#603 = CARTESIAN_POINT ( 'NONE',  ( -3.671978988473910022, -41.81616949220065749, -3.781289569364393977 ) ) ;
#604 = CARTESIAN_POINT ( 'NONE',  ( 8.996312573587502470, -42.29540052423367769, -0.2973272978297388791 ) ) ;
#605 = CARTESIAN_POINT ( 'NONE',  ( -9.179983152608054198, -42.20094904036889005, -3.031918295454451240 ) ) ;
#606 = CARTESIAN_POINT ( 'NONE',  ( -7.344042342356637221, -41.80212089884034299, 7.620001164476101430 ) ) ;
#607 = ORIENTED_EDGE ( 'NONE', *, *, #2010, .F. ) ;
#608 = ADVANCED_FACE ( 'NONE', ( #1307 ), #3084, .T. ) ;
#609 = CARTESIAN_POINT ( 'NONE',  ( -9.180038008140790851, -41.98503258812255723, 6.840001279900168818 ) ) ;
#610 = ORIENTED_EDGE ( 'NONE', *, *, #2773, .F. ) ;
#611 = CARTESIAN_POINT ( 'NONE',  ( 0.6446331004365536410, -37.44534527353704334, 8.981726447991524864 ) ) ;
#612 = CARTESIAN_POINT ( 'NONE',  ( 62.61173681847792238, -6.042206017375213456, 101.3994584422865444 ) ) ;
#613 = CARTESIAN_POINT ( 'NONE',  ( -5.508003405735345304, -41.96905124318064395, 0.6128881944211516108 ) ) ;
#614 = CARTESIAN_POINT ( 'NONE',  ( -4.426912740023742465, -37.61483797276869723, 7.841447640103940131 ) ) ;
#615 = CARTESIAN_POINT ( 'NONE',  ( 8.795493096744259276, -42.21627410394685143, -1.913485855845840744 ) ) ;
#616 = CARTESIAN_POINT ( 'NONE',  ( 132.1963904380766053, -50.78462308660660085, 5.608440296249299316E-15 ) ) ;
#617 = CARTESIAN_POINT ( 'NONE',  ( -12.99495676117195764, -38.26802162074011449, 0.9323984954243936807 ) ) ;
#618 = CARTESIAN_POINT ( 'NONE',  ( -8.537991188101415219, -42.15348289942002680, 2.906631325862950366 ) ) ;
#619 = CARTESIAN_POINT ( 'NONE',  ( -12.53283318597848250, -6.042206017371011484, -197.8656663719569906 ) ) ;
#620 = CARTESIAN_POINT ( 'NONE',  ( -3.672006245935334423, -41.88114297891964100, 1.124021774164246645 ) ) ;
#621 = FACE_OUTER_BOUND ( 'NONE', #1369, .T. ) ;
#622 = CARTESIAN_POINT ( 'NONE',  ( 19.94252651915554964, -38.48506133258115369, -1.401225119901683858 ) ) ;
#623 = CARTESIAN_POINT ( 'NONE',  ( 5.964198006522588358, -37.75879218262950587, 6.765756006551455926 ) ) ;
#624 = CARTESIAN_POINT ( 'NONE',  ( 8.773123002061213427, -38.20216390308923593, -2.029386239448868423 ) ) ;
#625 = ORIENTED_EDGE ( 'NONE', *, *, #1129, .F. ) ;
#626 = CARTESIAN_POINT ( 'NONE',  ( 7.343970490010161889, -41.94464159687048976, 5.310701536431547964 ) ) ;
#627 = CARTESIAN_POINT ( 'NONE',  ( 0.1227619990085692114, -20.95902901126225260, -2.113182867143769694E-14 ) ) ;
#628 = CARTESIAN_POINT ( 'NONE',  ( 190.4059769339630748, -6.042206017375312044, -7.322533288545394647 ) ) ;
#629 = CARTESIAN_POINT ( 'NONE',  ( 13.15949949251191953, -36.65699875535980112, 13.16961417038971938 ) ) ;
#630 = CARTESIAN_POINT ( 'NONE',  ( -9.179948989012672200, -41.81641118698128423, -9.180072348645209601 ) ) ;
#631 = CARTESIAN_POINT ( 'NONE',  ( -9.740329990348840283, -37.50846921141016566, 8.588428609533494296 ) ) ;
#632 = EDGE_CURVE ( 'NONE', #5227, #3942, #531, .T. ) ;
#633 = CARTESIAN_POINT ( 'NONE',  ( 9.180016847107614453, -42.20095491693643908, -3.031816274001235101 ) ) ;
#634 = CARTESIAN_POINT ( 'NONE',  ( -5.101084519470870974E-05, -41.43984812856498223, 9.180021337918599755 ) ) ;
#635 = ORIENTED_EDGE ( 'NONE', *, *, #3030, .T. ) ;
#636 = CARTESIAN_POINT ( 'NONE',  ( 5.507970490038600175, -41.83478244423097436, 5.310691334286226528 ) ) ;
#637 = VERTEX_POINT ( 'NONE', #970 ) ;
#638 = CARTESIAN_POINT ( 'NONE',  ( 8.202536105449812709, -38.07757171549423703, 3.715449251415457343 ) ) ;
#639 = CARTESIAN_POINT ( 'NONE',  ( -3.671948989097968408, -41.51274014766395482, -9.180041742209246181 ) ) ;
#640 = CARTESIAN_POINT ( 'NONE',  ( 3.671996594122491242, -41.88853499550050685, 0.6129392051477600134 ) ) ;
#641 = EDGE_CURVE ( 'NONE', #1339, #2345, #3922, .T. ) ;
#642 = CYLINDRICAL_SURFACE ( 'NONE', #4724, 9.000000000000000000 ) ;
#643 = DIRECTION ( 'NONE',  ( 1.000000000000000000, 0.000000000000000000, 0.000000000000000000 ) ) ;
#644 = CARTESIAN_POINT ( 'NONE',  ( 20.34536719873065280, -6.042206017372989457, -53.98290812280549744 ) ) ;
#645 = CARTESIAN_POINT ( 'NONE',  ( -0.3879967540961757888, -36.69403519756542664, 13.00113210660045659 ) ) ;
#646 = CARTESIAN_POINT ( 'NONE',  ( 5.668144887840552038, -15.63208282946508909, 52.33790751524883689 ) ) ;
#647 = DIRECTION ( 'NONE',  ( -0.000000000000000000, -1.000000000000000000, 0.000000000000000000 ) ) ;
#648 = CARTESIAN_POINT ( 'NONE',  ( 9.179994890275006370, -42.29213543392166486, 0.9195825163909308042 ) ) ;
#649 = B_SPLINE_CURVE_WITH_KNOTS ( 'NONE', 3,
 ( #4780, #495, #3447, #4809, #3018, #4240, #891, #920, #1681, #4356, #382, #2096, #835, #2595, #2206, #4265, #4323, #463, #3929, #5543, #5119, #2125, #5292, #1817, #1074, #1435, #3599, #190, #5321, #4079, #1464, #3662, #5386, #2294, #3139, #2718, #1040, #4049, #2234, #3987, #1007, #2751, #1936, #128, #977, #4512, #4480, #2686, #4869, #5351, #3959, #4963, #4841, #3204, #523, #1847, #4933, #1907, #615, #3568, #584, #4445 ),
 .UNSPECIFIED., .F., .F.,
 ( 4, 2, 2, 2, 1, 2, 2, 2, 2, 2, 2, 2, 2, 2, 2, 2, 2, 2, 2, 2, 2, 2, 2, 2, 2, 2, 2, 2, 1, 2, 2, 4 ),
 ( 0.000000000000000000, 0.06250000000000015266, 0.09375000000000026368, 0.1250000000000003608, 0.1562500000000004718, 0.1718750000000004996, 0.1875000000000005551, 0.2500000000000007216, 0.2812500000000007772, 0.2968750000000007772, 0.3125000000000007772, 0.3437500000000007216, 0.3750000000000007216, 0.4375000000000007216, 0.4687500000000007216, 0.5000000000000006661, 0.5312500000000006661, 0.5468750000000006661, 0.5625000000000006661, 0.6250000000000006661, 0.6562500000000005551, 0.6718750000000006661, 0.6875000000000006661, 0.7187500000000006661, 0.7500000000000005551, 0.8125000000000004441, 0.8437500000000004441, 0.8750000000000003331, 0.9062500000000003331, 0.9218750000000002220, 0.9375000000000002220, 1.000000000000000000 ),
 .UNSPECIFIED. ) ;
#650 = CARTESIAN_POINT ( 'NONE',  ( -18.00000000000000000, -37.24160956814002787, 11.43555522609180386 ) ) ;
#651 = CARTESIAN_POINT ( 'NONE',  ( 132.1963904380773158, -50.78462308660635927, 27.05165476076345143 ) ) ;
#652 = AXIS2_PLACEMENT_3D ( 'NONE', #3239, #590, #257 ) ;
#653 = CARTESIAN_POINT ( 'NONE',  ( 9.779656908747119459, -37.50868738838819638, 8.575539781156971131 ) ) ;
#654 = DIRECTION ( 'NONE',  ( 0.000000000000000000, 1.000000000000000000, 0.000000000000000000 ) ) ;
#655 = CARTESIAN_POINT ( 'NONE',  ( -22.00000000000000000, -42.30756013076910449, -5.181181809388050601E-15 ) ) ;
#656 = CALENDAR_DATE ( 2026, 3, 6 ) ;
#657 = ORIENTED_EDGE ( 'NONE', *, *, #295, .T. ) ;
#658 = CARTESIAN_POINT ( 'NONE',  ( -2.101146925415174000E-05, -41.73257342363827860, 3.781269165073745331 ) ) ;
#659 = CARTESIAN_POINT ( 'NONE',  ( 10.61069305923523309, -6.042206017375216121, 71.22657259860929457 ) ) ;
#660 = CARTESIAN_POINT ( 'NONE',  ( 7.167298334596688747, -37.90964474669562634, -5.474960255844161239 ) ) ;
#661 = CARTESIAN_POINT ( 'NONE',  ( 86.40000000000000568, -6.042206017372989457, 0.000000000000000000 ) ) ;
#662 = CARTESIAN_POINT ( 'NONE',  ( 172.6772380009915366, -20.95902901126230233, 1.056591433571883900E-14 ) ) ;
#663 = CARTESIAN_POINT ( 'NONE',  ( -8.528903088012558698, -37.31736395709852161, 9.784796106422810169 ) ) ;
#664 = CARTESIAN_POINT ( 'NONE',  ( -7.343983152636476497, -42.05000831274161044, -3.031908093309130248 ) ) ;
#665 = DIRECTION ( 'NONE',  ( -0.000000000000000000, -1.000000000000000000, -0.000000000000000000 ) ) ;
#666 = ORIENTED_EDGE ( 'NONE', *, *, #982, .T. ) ;
#667 = CARTESIAN_POINT ( 'NONE',  ( -3.800828295466733889E-05, -41.59064680554686788, 6.840052290626776887 ) ) ;
#668 = ORIENTED_EDGE ( 'NONE', *, *, #1, .T. ) ;
#669 = CARTESIAN_POINT ( 'NONE',  ( 12.54216999123165088, -38.10645303078716495, 3.372065032339940149 ) ) ;
#670 = CARTESIAN_POINT ( 'NONE',  ( 95.49355022239409152, -6.042206017375222338, 103.7547058304133429 ) ) ;
#671 = CARTESIAN_POINT ( 'NONE',  ( -7.343999999886286822, -42.08584460751211509, -4.080858129121848799E-05 ) ) ;
#672 = CARTESIAN_POINT ( 'NONE',  ( 4.021599247017395129, -37.58427363291532686, 8.056877085253578485 ) ) ;
#673 = CARTESIAN_POINT ( 'NONE',  ( 0.4875835940439003369, -6.042206017373686677, -58.61996200337900120 ) ) ;
#674 = CARTESIAN_POINT ( 'NONE',  ( 226.6457644257072843, 9.999999999999980460, -137.7671940876994938 ) ) ;
#675 = CARTESIAN_POINT ( 'NONE',  ( -10.29932705565437168, -37.59905181235391325, 7.977126794244509433 ) ) ;
#676 = CARTESIAN_POINT ( 'NONE',  ( 8.526628952994428801, -42.15305379382459705, 2.895745575118188420 ) ) ;
#677 = EDGE_CURVE ( 'NONE', #1517, #2745, #2602, .T. ) ;
#678 = CARTESIAN_POINT ( 'NONE',  ( 0.1227619990085692114, -20.95902901126225260, -2.113182867143769694E-14 ) ) ;
#679 = CARTESIAN_POINT ( 'NONE',  ( 9.179988453236818557, -42.24575219287115146, 2.078005742317972970 ) ) ;
#680 = CARTESIAN_POINT ( 'NONE',  ( 86.14473783712179511, -57.95386985700420013, 24.21589985473444884 ) ) ;
#681 = CARTESIAN_POINT ( 'NONE',  ( 128.8485295163892204, -33.22972007004630512, 73.62341040694580840 ) ) ;
#682 = VECTOR ( 'NONE', #3781, 1000.000000000000000 ) ;
#683 = CARTESIAN_POINT ( 'NONE',  ( 10.57422407947335330, -37.65271134777179896, 7.573942032793381074 ) ) ;
#684 = VERTEX_POINT ( 'NONE', #2316 ) ;
#685 = EDGE_CURVE ( 'NONE', #3519, #1308, #4025, .T. ) ;
#686 = CARTESIAN_POINT ( 'NONE',  ( 18.70268926057537939, -35.50567489436954105, -17.64390015095344921 ) ) ;
#687 = PERSON_AND_ORGANIZATION_ROLE ( 'design_supplier' ) ;
#688 = AXIS2_PLACEMENT_3D ( 'NONE', #4252, #393, #2110 ) ;
#689 = ORIENTED_EDGE ( 'NONE', *, *, #713, .T. ) ;
#690 = CARTESIAN_POINT ( 'NONE',  ( -12.53283318597848250, -6.042206017371011484, -197.8656663719569906 ) ) ;
#691 = CARTESIAN_POINT ( 'NONE',  ( 190.4059769339626200, -6.042206017374392779, 1.602714576394022305E-14 ) ) ;
#692 = AXIS2_PLACEMENT_3D ( 'NONE', #4998, #164, #1881 ) ;
#693 = CARTESIAN_POINT ( 'NONE',  ( -18.00000000000000000, -11.27713467053115970, -50.82238809104900668 ) ) ;
#694 = CARTESIAN_POINT ( 'NONE',  ( 8.697710430906242962, -42.19093338049966491, 2.332075982718690543 ) ) ;
#695 = CARTESIAN_POINT ( 'NONE',  ( 20.36082540615130299, -15.84325058705650058, 47.33309916941549744 ) ) ;
#696 = CARTESIAN_POINT ( 'NONE',  ( 85.42307960382289878, -13.94371515320613852, 92.67729385790640606 ) ) ;
#697 = DIRECTION ( 'NONE',  ( 0.000000000000000000, -1.000000000000000000, 0.000000000000000000 ) ) ;
#698 = VERTEX_POINT ( 'NONE', #4010 ) ;
#699 = CARTESIAN_POINT ( 'NONE',  ( 3.671953323285353399, -41.56764441693417211, 8.400052059778637670 ) ) ;
#700 = ORIENTED_EDGE ( 'NONE', *, *, #3289, .T. ) ;
#701 = DIRECTION ( 'NONE',  ( 1.000000000000000000, -3.074555195481524923E-16, 0.000000000000000000 ) ) ;
#702 = DIRECTION ( 'NONE',  ( 0.000000000000000000, 1.000000000000000000, 0.000000000000000000 ) ) ;
#703 = CARTESIAN_POINT ( 'NONE',  ( 9.180003405678450079, -42.30370947901290890, -0.6128677901305166209 ) ) ;
#704 = CARTESIAN_POINT ( 'NONE',  ( 188.1177084536650455, -6.042206017375294280, 21.69679823577511968 ) ) ;
#705 = CARTESIAN_POINT ( 'NONE',  ( 38.59565781431536635, -6.042206017375305827, -92.36884923109705881 ) ) ;
#706 = CARTESIAN_POINT ( 'NONE',  ( 8.199887353409597068, -42.09057457653384660, -3.721330029647813564 ) ) ;
#707 = CARTESIAN_POINT ( 'NONE',  ( 13.22810880880770590, -33.22972007004717909, -146.3437823823845179 ) ) ;
#708 = CARTESIAN_POINT ( 'NONE',  ( 16.54108925045359157, -37.41592331075683830, 24.37386912572618058 ) ) ;
#709 = CARTESIAN_POINT ( 'NONE',  ( 12.64698321130497760, -38.13821777168192284, 2.962858583579206950 ) ) ;
#710 = CARTESIAN_POINT ( 'NONE',  ( 3.671996594122491242, -41.88853499550050685, 0.6129392051477600134 ) ) ;
#711 = CARTESIAN_POINT ( 'NONE',  ( 86.06783520431760337, -56.13001623236039705, 31.51140512489335066 ) ) ;
#712 = LINE ( 'NONE', #260, #3461 ) ;
#713 = EDGE_CURVE ( 'NONE', #4403, #2615, #29, .T. ) ;
#714 = CARTESIAN_POINT ( 'NONE',  ( -6.474937489299053439, -37.04621303776234953, 11.28078738781670509 ) ) ;
#715 = CARTESIAN_POINT ( 'NONE',  ( -5.484171725498937278, -37.70791233452062130, -7.160144231323325670 ) ) ;
#716 = B_SPLINE_CURVE_WITH_KNOTS ( 'NONE', 3,
 ( #1822, #3541, #1971, #3604, #134, #4967, #5327, #1911, #4084, #3633 ),
 .UNSPECIFIED., .F., .F.,
 ( 4, 2, 2, 2, 4 ),
 ( 0.000000000000000000, 0.01632845032885143696, 0.03272398369097691273, 0.04911951705310239197, 0.06551505041522787121 ),
 .UNSPECIFIED. ) ;
#717 = CARTESIAN_POINT ( 'NONE',  ( 20.34536719873065280, -37.24753809675054583, -11.41428795664993778 ) ) ;
#718 = PERSON_AND_ORGANIZATION_ROLE ( 'creator' ) ;
#719 = VERTEX_POINT ( 'NONE', #1572 ) ;
#720 =( BOUNDED_SURFACE ( )  B_SPLINE_SURFACE ( 2, 3, ( 
 ( #928, #534, #5185, #109 ),
 ( #3489, #2133, #2244, #1739 ),
 ( #3427, #443, #5213, #1352 ) ),
 .UNSPECIFIED., .F., .F., .F. ) 
 B_SPLINE_SURFACE_WITH_KNOTS ( ( 3, 3 ),
 ( 4, 4 ),
 ( 0.001208225356013006022, 0.7334610202777239740 ),
 ( 0.000000000000000000, 1.000000000000000000 ),
 .UNSPECIFIED. ) 
 GEOMETRIC_REPRESENTATION_ITEM ( )  RATIONAL_B_SPLINE_SURFACE ( (
 ( 1.000000000000000000, 0.3333333333333335369, 0.3333333333333335369, 1.000000000000000000),
 ( 1.000000000000000000, 0.3333333333333335369, 0.3333333333333335369, 1.000000000000000000),
 ( 1.000000000000000000, 0.3333333333333335369, 0.3333333333333335369, 1.000000000000000000) ) ) 
 REPRESENTATION_ITEM ( '' )  SURFACE ( )  );
#721 = CARTESIAN_POINT ( 'NONE',  ( 110.6172451890447803, -57.95386985700431381, -48.43449037808966295 ) ) ;
#722 = DIRECTION ( 'NONE',  ( 1.000000000000000000, 0.000000000000000000, 0.000000000000000000 ) ) ;
#723 = CARTESIAN_POINT ( 'NONE',  ( 8.176227077149007982, -14.57746935544425426, -48.13279595186145343 ) ) ;
#724 = B_SPLINE_CURVE_WITH_KNOTS ( 'NONE', 3,
 ( #1876, #2717, #5258, #3928, #1373, #3076, #3203, #4479, #4808, #1403, #3138, #3107, #1006, #2685, #614, #4412, #4048, #2263, #4444, #2323, #3986, #1073, #127, #583, #1493, #3567, #68, #2293, #159, #672, #332, #3690, #2018, #3263, #5441, #4994, #2438, #1626, #5413, #2383, #4187, #3746, #1104, #1580, #3661 ),
 .UNSPECIFIED., .F., .F.,
 ( 4, 2, 2, 2, 2, 2, 2, 2, 1, 2, 2, 2, 2, 2, 2, 2, 2, 2, 2, 2, 2, 2, 4 ),
 ( 0.000000000000000000, 0.001751888710563958857, 0.002627833065845938936, 0.003503777421127919449, 0.005255666131691881342, 0.007007554842255843235, 0.008759443552819804260, 0.009635387908101786941, 0.01051133226338376962, 0.01138727661866575230, 0.01226322097394773152, 0.01401510968451169514, 0.01489105403979367782, 0.01576699839507566051, 0.01751888710563962587, 0.01839483146092161028, 0.01927077581620359123, 0.02102266452676755659, 0.02277455323733152195, 0.02365049759261350290, 0.02452644194789548385, 0.02627833065845944574, 0.02803021936902340416 ),
 .UNSPECIFIED. ) ;
#725 = CARTESIAN_POINT ( 'NONE',  ( 143.7929854930485476, -6.042206017369109006, 99.54331454056968198 ) ) ;
#726 = CARTESIAN_POINT ( 'NONE',  ( 9.179983152608031105, -42.20094904025863514, 3.031918295454446799 ) ) ;
#727 = CARTESIAN_POINT ( 'NONE',  ( -5.508005109497532636, -41.97117035294004950, 0.9195008992283580929 ) ) ;
#728 = ORIENTED_EDGE ( 'NONE', *, *, #4502, .F. ) ;
#729 = CARTESIAN_POINT ( 'NONE',  ( -71.46669839058749574, -6.042206017375154836, 137.9613978004092303 ) ) ;
#730 = CARTESIAN_POINT ( 'NONE',  ( 173.3666291565810411, -6.042206017375272076, 57.31075191885216213 ) ) ;
#731 = LINE ( 'NONE', #1602, #3650 ) ;
#732 = EDGE_CURVE ( 'NONE', #637, #3953, #765, .T. ) ;
#733 = CARTESIAN_POINT ( 'NONE',  ( -22.00000000000000000, -6.042206017373009885, 58.61996200337879515 ) ) ;
#734 = CARTESIAN_POINT ( 'NONE',  ( 73.02695553888281665, -6.042206017375319149, -103.1485794190421643 ) ) ;
#735 = CARTESIAN_POINT ( 'NONE',  ( 12.66341726133212120, -38.13776934015889708, 2.969302031335119718 ) ) ;
#736 = CARTESIAN_POINT ( 'NONE',  ( 5.939966243711367611, -41.78721274102245076, 6.767907428371106704 ) ) ;
#737 = CARTESIAN_POINT ( 'NONE',  ( 54.88684423297739556, -56.13001623236050364, -7.718497068223229677E-15 ) ) ;
#738 = CARTESIAN_POINT ( 'NONE',  ( 3.671970490067029136, -41.75190379147125697, 5.310681132140905092 ) ) ;
#739 = CARTESIAN_POINT ( 'NONE',  ( 11.46576343462818137, -26.71096592821849924, -41.97849767408635557 ) ) ;
#740 = DIRECTION ( 'NONE',  ( 0.000000000000000000, 1.000000000000000000, 0.000000000000000000 ) ) ;
#741 = CARTESIAN_POINT ( 'NONE',  ( 27.49260747736418153, -6.042206017375297833, -85.89325202700001682 ) ) ;
#742 = CARTESIAN_POINT ( 'NONE',  ( -17.60597693396299945, -6.042206017373009885, -5.961328787590949350E-15 ) ) ;
#743 = DIRECTION ( 'NONE',  ( -1.334604752262063986E-16, -1.000000000000000000, 0.000000000000000000 ) ) ;
#744 = VERTEX_POINT ( 'NONE', #1097 ) ;
#745 = CARTESIAN_POINT ( 'NONE',  ( -1.460697549432166786, -37.46046635530522906, -8.885566106971269917 ) ) ;
#746 = EDGE_CURVE ( 'NONE', #5134, #1488, #1898, .T. ) ;
#747 = CARTESIAN_POINT ( 'NONE',  ( 20.36082540615130299, -37.24753809675059557, 11.41428795664992002 ) ) ;
#748 = CARTESIAN_POINT ( 'NONE',  ( -71.46669839058749574, 9.999999999999980460, -137.7671940876994938 ) ) ;
#749 = CARTESIAN_POINT ( 'NONE',  ( 3.671970490067029136, -41.75190379147125697, 5.310681132140905092 ) ) ;
#750 = CARTESIAN_POINT ( 'NONE',  ( 5.507994890331871396, -41.97116850234993990, 0.9195621121002879317 ) ) ;
#751 = ORIENTED_EDGE ( 'NONE', *, *, #4390, .F. ) ;
#752 = CARTESIAN_POINT ( 'NONE',  ( 1.830535571396050498, -8.517065818620990214, -57.20936597003516511 ) ) ;
#753 = CARTESIAN_POINT ( 'NONE',  ( 167.5746061895177377, -6.042206017375263194, 65.12085203712814518 ) ) ;
#754 = CARTESIAN_POINT ( 'NONE',  ( 75.67568911993177494, -6.042206017375320926, -103.4518006001556358 ) ) ;
#755 = CARTESIAN_POINT ( 'NONE',  ( -18.00000000000000000, -34.34959553575265545, 21.81000826438560125 ) ) ;
#756 = CARTESIAN_POINT ( 'NONE',  ( -5.480795515149516461, -41.74147697904597720, 7.144857920950235197 ) ) ;
#757 = CARTESIAN_POINT ( 'NONE',  ( 7.924217404616029192, -37.23194247446210881, 10.27536582095292772 ) ) ;
#758 = CARTESIAN_POINT ( 'NONE',  ( -3.671998297884706108, -41.89111594106902459, -0.3063265003405628573 ) ) ;
#759 = CARTESIAN_POINT ( 'NONE',  ( 69.45021637626102518, -58.93658393131474327, 9.535991652820102971 ) ) ;
#760 = CARTESIAN_POINT ( 'NONE',  ( 12.99853023011491260, -38.27054827061422770, 0.8811979485841956450 ) ) ;
#761 = CARTESIAN_POINT ( 'NONE',  ( -2.091766435016654047, -36.72953543792593933, 12.83765192486416851 ) ) ;
#762 = CARTESIAN_POINT ( 'NONE',  ( 190.4059769339629895, -6.042206017373039195, 1.869838746202804954E-14 ) ) ;
#763 = DIRECTION ( 'NONE',  ( 0.000000000000000000, 0.000000000000000000, 1.000000000000000000 ) ) ;
#764 = VERTEX_POINT ( 'NONE', #2771 ) ;
#765 = CIRCLE ( 'NONE', #5361, 16.74499999999999744 ) ;
#766 = CARTESIAN_POINT ( 'NONE',  ( -3.979162835945147858, -37.58133748245202099, -8.077969332130066960 ) ) ;
#767 = VECTOR ( 'NONE', #2078, 1000.000000000000000 ) ;
#768 = B_SPLINE_CURVE_WITH_KNOTS ( 'NONE', 3,
 ( #5550, #277, #3313, #1991, #2950, #4735, #4681, #301, #4990, #817, #3428, #4278, #2524, #390, #3717, #2578, #5019, #419, #2106, #873, #5576, #3402, #5129, #248 ),
 .UNSPECIFIED., .F., .F.,
 ( 4, 2, 2, 2, 2, 2, 2, 2, 2, 2, 2, 4 ),
 ( 2.570176658107556321E-17, 0.01709521515602934610, 0.02136901894503667743, 0.02564282273404401222, 0.03419043031205867833, 0.03632733220656234052, 0.03846423410106600271, 0.04273803789007335485, 0.05128564546808807301, 0.05555944925709543208, 0.05983325304610279116, 0.06838086062411752319 ),
 .UNSPECIFIED. ) ;
#769 = CARTESIAN_POINT ( 'NONE',  ( 18.82837672200436074, -42.30756013076909738, -4.854139997231178318E-15 ) ) ;
#770 = AXIS2_PLACEMENT_3D ( 'NONE', #1243, #4653, #4127 ) ;
#771 = ADVANCED_FACE ( 'NONE', ( #2831 ), #3133, .T. ) ;
#772 = CARTESIAN_POINT ( 'NONE',  ( 5.508042342385040868, -41.69806081896300043, -7.620011366621421089 ) ) ;
#773 = CARTESIAN_POINT ( 'NONE',  ( -5.508016847164520335, -41.92984125614903945, 3.031836678291873977 ) ) ;
#774 = CARTESIAN_POINT ( 'NONE',  ( 7.343998865180619617, -42.10617315468100230, 0.2042448726145588422 ) ) ;
#775 = ORIENTED_EDGE ( 'NONE', *, *, #1867, .F. ) ;
#776 = VECTOR ( 'NONE', #5032, 1000.000000000000000 ) ;
#777 = CARTESIAN_POINT ( 'NONE',  ( 16.26214809830329955, -36.77548139610195221, -25.91897764408593829 ) ) ;
#778 = CARTESIAN_POINT ( 'NONE',  ( 56.96738787230815859, -6.042206017375213456, 99.75461594401515697 ) ) ;
#779 = CARTESIAN_POINT ( 'NONE',  ( 12.55764118833904774, -6.042206017375285398, -73.30008598457992264 ) ) ;
#780 = EDGE_CURVE ( 'NONE', #3713, #3861, #2994, .T. ) ;
#781 = DIRECTION ( 'NONE',  ( -1.000000000000000000, 0.000000000000000000, 0.000000000000000000 ) ) ;
#782 = CARTESIAN_POINT ( 'NONE',  ( -8.199965639377182924, -42.09066281855113800, 3.721180533423434689 ) ) ;
#783 = CARTESIAN_POINT ( 'NONE',  ( 1.718632709076772347, -36.72691184539859677, 12.85031502083233157 ) ) ;
#784 = CARTESIAN_POINT ( 'NONE',  ( -5.507998865209090766, -41.97550274093773481, -0.2042346704692464265 ) ) ;
#785 = CARTESIAN_POINT ( 'NONE',  ( 14.72100332400046518, -33.36050938385606912, -32.79780201120875915 ) ) ;
#786 = CARTESIAN_POINT ( 'NONE',  ( -18.00000000000000000, -38.31026286157670313, -0.07350942406777120908 ) ) ;
#787 = CARTESIAN_POINT ( 'NONE',  ( 46.86420331811363837, -6.042206017375307603, -96.35682463171968948 ) ) ;
#788 = FACE_OUTER_BOUND ( 'NONE', #936, .T. ) ;
#789 = LINE ( 'NONE', #5429, #767 ) ;
#790 = CARTESIAN_POINT ( 'NONE',  ( 8.527288702875678084, -42.15321216461038745, 2.893538716403913469 ) ) ;
#791 = EDGE_LOOP ( 'NONE', ( #2196, #4704, #1748, #2306 ) ) ;
#792 = ADVANCED_FACE ( 'NONE', ( #2924 ), #4757, .F. ) ;
#793 = CARTESIAN_POINT ( 'NONE',  ( -7.151508109835861937, -37.90742653524890926, -5.495377398261807933 ) ) ;
#794 = VERTEX_POINT ( 'NONE', #2970 ) ;
#795 = CARTESIAN_POINT ( 'NONE',  ( -9.000000000000008882, -42.30708556946424181, 1.275516048117262778E-10 ) ) ;
#796 = CARTESIAN_POINT ( 'NONE',  ( 12.33325034156387012, -33.22972007004623407, 41.67014294537386832 ) ) ;
#797 = CARTESIAN_POINT ( 'NONE',  ( 3.671993753950932415, -41.88114169236510520, 1.124062582745533501 ) ) ;
#798 = CARTESIAN_POINT ( 'NONE',  ( 7.343994890303435774, -42.10820886422101239, 0.9195723142456094790 ) ) ;
#799 = ORIENTED_EDGE ( 'NONE', *, *, #732, .F. ) ;
#800 = CARTESIAN_POINT ( 'NONE',  ( 18.66331082096231242, -42.14869417616428393, -3.160174127119365739 ) ) ;
#801 = CARTESIAN_POINT ( 'NONE',  ( 87.44279283546622139, -6.042206017375219673, 104.0940275072916705 ) ) ;
#802 = CARTESIAN_POINT ( 'NONE',  ( 112.2541364899694116, -6.042206017375333360, -100.7473785955470760 ) ) ;
#803 = CARTESIAN_POINT ( 'NONE',  ( 20.36082540615130299, -37.24753809675059557, 11.41428795664992002 ) ) ;
#804 = CARTESIAN_POINT ( 'NONE',  ( 7.156838644002446514, -41.93001929965763708, 5.489174956065975053 ) ) ;
#805 = CARTESIAN_POINT ( 'NONE',  ( 6.866290476516417662, -37.10263930909409424, 10.98209379928966456 ) ) ;
#806 = ADVANCED_FACE ( 'NONE', ( #4201 ), #4703, .F. ) ;
#807 = CARTESIAN_POINT ( 'NONE',  ( -1.597721699578917197E-14, -41.80288240122314392, -4.550409309681739437E-15 ) ) ;
#808 = DIRECTION ( 'NONE',  ( -0.000000000000000000, 5.078222490274107526E-16, 1.000000000000000000 ) ) ;
#809 = CARTESIAN_POINT ( 'NONE',  ( 86.40000000000000568, -6.042206017372989457, 0.000000000000000000 ) ) ;
#810 = CARTESIAN_POINT ( 'NONE',  ( 19.07334698233634995, -6.042206017373970006, -58.61996200337829777 ) ) ;
#811 = CARTESIAN_POINT ( 'NONE',  ( 3.466779027732671992, -37.54611594013237408, -8.321001093523131331 ) ) ;
#812 = FACE_BOUND ( 'NONE', #3463, .T. ) ;
#813 = CARTESIAN_POINT ( 'NONE',  ( -3.671948989097968408, -41.51274014766395482, -9.180041742209246181 ) ) ;
#814 = PERSON_AND_ORGANIZATION ( #238, #2522 ) ;
#815 = ORIENTED_EDGE ( 'NONE', *, *, #4248, .T. ) ;
#816 = CARTESIAN_POINT ( 'NONE',  ( 18.32173300881392208, -34.63307224963323705, -20.35292093998019425 ) ) ;
#817 = CARTESIAN_POINT ( 'NONE',  ( 15.54974212796940058, -28.67460971393541769, 32.65848056906735053 ) ) ;
#818 = AXIS2_PLACEMENT_3D ( 'NONE', #2120, #1312, #3504 ) ;
#819 = CC_DESIGN_PERSON_AND_ORGANIZATION_ASSIGNMENT ( #1145, #2730, ( #3518 ) ) ;
#820 = CARTESIAN_POINT ( 'NONE',  ( -5.508051010759896116, -41.58978407742775119, 9.179990731482636335 ) ) ;
#821 = AXIS2_PLACEMENT_3D ( 'NONE', #1828, #3702, #264 ) ;
#822 = CARTESIAN_POINT ( 'NONE',  ( -8.998799112008940781, -38.31026286157670313, 0.1470188481355286236 ) ) ;
#823 = CARTESIAN_POINT ( 'NONE',  ( -1.684724981805607984E-05, -41.75539727404530765, 3.031867284727839174 ) ) ;
#824 = CARTESIAN_POINT ( 'NONE',  ( 3.671998297884674134, -41.89111594139953354, 0.3063265003405541420 ) ) ;
#825 = ORIENTED_EDGE ( 'NONE', *, *, #4083, .F. ) ;
#826 = CARTESIAN_POINT ( 'NONE',  ( 16.99417815004559174, -38.47041016481652775, -21.54068907253074983 ) ) ;
#827 = CARTESIAN_POINT ( 'NONE',  ( 132.7863887765706750, -6.042206017375335136, -93.08892833569582592 ) ) ;
#828 = CARTESIAN_POINT ( 'NONE',  ( -13.74273608753901321, -6.042206017369085025, 56.34055965669480770 ) ) ;
#829 = CARTESIAN_POINT ( 'NONE',  ( 86.40000000000000568, -58.25464714294840007, 0.000000000000000000 ) ) ;
#830 = ORIENTED_EDGE ( 'NONE', *, *, #4712, .F. ) ;
#831 = CARTESIAN_POINT ( 'NONE',  ( -7.795234552015084972, -42.02343803032544400, 4.508098723760178395 ) ) ;
#832 = CARTESIAN_POINT ( 'NONE',  ( -8.663172219880289404, -38.17396141349787797, 2.456751096046654315 ) ) ;
#833 = CARTESIAN_POINT ( 'NONE',  ( -9.179998865152223075, -42.32168879933809080, -0.2042550747598895489 ) ) ;
#834 = CARTESIAN_POINT ( 'NONE',  ( 12.24821774641656980, -28.26557155249772535, 40.12064855250469719 ) ) ;
#835 = CARTESIAN_POINT ( 'NONE',  ( -7.156838644002470495, -41.93001929965763708, -5.489174956065978606 ) ) ;
#836 = DIRECTION ( 'NONE',  ( 0.000000000000000000, 1.000000000000000000, 0.000000000000000000 ) ) ;
#837 = EDGE_CURVE ( 'NONE', #1159, #698, #1161, .T. ) ;
#838 = CARTESIAN_POINT ( 'NONE',  ( 7.143861420427948694, -41.92953908106957073, 5.482008034644186623 ) ) ;
#839 = CARTESIAN_POINT ( 'NONE',  ( 149.6614994673865908, -58.99259783589949535, 7.747299283199699130E-15 ) ) ;
#840 = CARTESIAN_POINT ( 'NONE',  ( 4.762332555758350239, -41.67820303550887928, 7.642486642618676385 ) ) ;
#841 = EDGE_LOOP ( 'NONE', ( #1715, #1623 ) ) ;
#842 = CARTESIAN_POINT ( 'NONE',  ( -9.000000000000007105, -63.39640923772800818, 0.000000000000000000 ) ) ;
#843 = CARTESIAN_POINT ( 'NONE',  ( -8.198908025914436237, -38.07692688375885837, -3.723544658006315178 ) ) ;
#844 = LINE ( 'NONE', #729, #2969 ) ;
#845 = CARTESIAN_POINT ( 'NONE',  ( 0.4875835940439003369, -6.042206017373686677, -58.61996200337900120 ) ) ;
#846 = OPEN_SHELL ( 'NONE', ( #1259, #2529, #1690, #4892, #59, #1965, #3048, #1152, #3773, #3442, #4242, #4973, #2371, #4872, #2314, #2138, #77, #4062, #4005, #2243 ) ) ;
#847 = LINE ( 'NONE', #2555, #3822 ) ;
#848 = CARTESIAN_POINT ( 'NONE',  ( 1.702058427960866175E-06, -41.79055256050192213, -0.3063060960499194296 ) ) ;
#849 = CARTESIAN_POINT ( 'NONE',  ( 5.508005109497503327, -41.97117035344019342, -0.9195008992283650873 ) ) ;
#850 = VERTEX_POINT ( 'NONE', #2155 ) ;
#851 = AXIS2_PLACEMENT_3D ( 'NONE', #5057, #4631, #763 ) ;
#852 = CARTESIAN_POINT ( 'NONE',  ( 5.933463137261278497, -41.78654078324650811, -6.773509523950106193 ) ) ;
#853 = CARTESIAN_POINT ( 'NONE',  ( 178.3755178906123433, -6.042206017375325366, -48.56523847214112521 ) ) ;
#854 = CARTESIAN_POINT ( 'NONE',  ( 0.3033896137948252636, -41.48884512254560519, 8.999771648780324540 ) ) ;
#855 = CARTESIAN_POINT ( 'NONE',  ( 110.6172451890447945, -57.95386985700429960, 2.965757180493044782E-15 ) ) ;
#856 = ORIENTED_EDGE ( 'NONE', *, *, #4354, .T. ) ;
#857 = CARTESIAN_POINT ( 'NONE',  ( -5.747812694102960350E-15, -38.31026286157670313, 0.000000000000000000 ) ) ;
#858 = CIRCLE ( 'NONE', #3827, 12.74499999999999922 ) ;
#859 = LINE ( 'NONE', #2985, #302 ) ;
#860 = CARTESIAN_POINT ( 'NONE',  ( 9.180003405678450079, -42.30370947901290890, -0.6128677901305166209 ) ) ;
#861 = CARTESIAN_POINT ( 'NONE',  ( 16.52276564061153863, -37.37361167012889496, -24.48067474414930444 ) ) ;
#862 = CARTESIAN_POINT ( 'NONE',  ( 8.600991977705881197, -37.31751787010021815, 9.784403668373055751 ) ) ;
#863 = CARTESIAN_POINT ( 'NONE',  ( -18.00000000000000000, -38.09024766049640220, -5.834977158582510093 ) ) ;
#864 = DIRECTION ( 'NONE',  ( 0.000000000000000000, 0.000000000000000000, 1.000000000000000000 ) ) ;
#865 = LINE ( 'NONE', #1954, #3374 ) ;
#866 = CARTESIAN_POINT ( 'NONE',  ( -5.131119223686060771, -41.70985580369719514, -7.395510517189014976 ) ) ;
#867 = CARTESIAN_POINT ( 'NONE',  ( 5.508051010759867694, -41.58978407722752735, -9.179990731482631006 ) ) ;
#868 = B_SPLINE_CURVE_WITH_KNOTS ( 'NONE', 3,
 ( #2100, #5102, #5077, #4245, #1220, #790, #386, #1685, #3397, #4223, #364, #3804, #5522, #840, #1661, #4272, #3373, #414, #2130, #3850, #1708, #5266, #1350, #5328, #2183, #47, #166, #5298, #1766, #3906, #2240, #503, #3542, #5209, #2270, #3513, #1014, #5237, #1411, #3993, #1381, #135, #3114, #2302, #4847 ),
 .UNSPECIFIED., .F., .F.,
 ( 4, 2, 2, 2, 2, 2, 2, 2, 1, 2, 2, 2, 2, 2, 2, 2, 2, 2, 2, 2, 2, 2, 4 ),
 ( 0.000000000000000000, 0.001761535969097783629, 0.002642303953646675009, 0.003523071938195567257, 0.005284607907293349151, 0.007046143876391131045, 0.008807679845488913806, 0.009688447830037803452, 0.01056921581458669136, 0.01144998379913558101, 0.01233075178368446892, 0.01409228775278224648, 0.01497305573733113959, 0.01585382372188002750, 0.01761535969097781026, 0.01849612767552669471, 0.01937689566007558609, 0.02113843162917336191, 0.02289996759827114120, 0.02378073558282002911, 0.02466150356736891702, 0.02642303953646669631, 0.02818457550556446867 ),
 .UNSPECIFIED. ) ;
#869 = EDGE_CURVE ( 'NONE', #2227, #475, #4655, .T. ) ;
#870 = VERTEX_POINT ( 'NONE', #1637 ) ;
#871 = PLANE ( 'NONE',  #1904 ) ;
#872 = DIRECTION ( 'NONE',  ( -1.000000000000000000, 0.000000000000000000, 0.000000000000000000 ) ) ;
#873 = CARTESIAN_POINT ( 'NONE',  ( 8.213627385772714007, -14.64970447037534917, 48.03428212229612626 ) ) ;
#874 = EDGE_CURVE ( 'NONE', #1176, #274, #868, .T. ) ;
#875 = ORIENTED_EDGE ( 'NONE', *, *, #5334, .T. ) ;
#876 = CARTESIAN_POINT ( 'NONE',  ( 16.99417815004555976, -38.47041016481645670, -21.54068907253097365 ) ) ;
#877 = CARTESIAN_POINT ( 'NONE',  ( 69.65872081913029490, -58.93658393131480011, -0.3529821357756435241 ) ) ;
#878 = CARTESIAN_POINT ( 'NONE',  ( 7.343999999886255736, -42.08584460787655956, 4.080858128201898512E-05 ) ) ;
#879 = CARTESIAN_POINT ( 'NONE',  ( -7.343998297827839750, -42.11316998251306387, -0.3063469046312061184 ) ) ;
#880 = ORIENTED_EDGE ( 'NONE', *, *, #1017, .T. ) ;
#881 = CARTESIAN_POINT ( 'NONE',  ( -22.00000000000000000, -6.042206017372999227, -58.61996200337879515 ) ) ;
#882 = CARTESIAN_POINT ( 'NONE',  ( 187.2470573120445465, -6.042206017375317373, -25.48318607693864735 ) ) ;
#883 = CARTESIAN_POINT ( 'NONE',  ( -1.172282623739720364, -41.49996931327272165, 8.924633496118103082 ) ) ;
#884 = CARTESIAN_POINT ( 'NONE',  ( 17.81196531878218181, -33.48232464763101035, 23.42621141121202299 ) ) ;
#885 = ORIENTED_EDGE ( 'NONE', *, *, #2060, .F. ) ;
#886 = CARTESIAN_POINT ( 'NONE',  ( -71.46669839058749574, -6.042206017375296945, -137.7671940876994938 ) ) ;
#887 = DIRECTION ( 'NONE',  ( -0.000000000000000000, 1.000000000000000000, 0.000000000000000000 ) ) ;
#888 = CARTESIAN_POINT ( 'NONE',  ( -5.507961991631773913, -41.74730526027871491, -6.840082897062743861 ) ) ;
#889 = ADVANCED_FACE ( 'NONE', ( #2693 ), #4350, .F. ) ;
#890 = LINE ( 'NONE', #2205, #3751 ) ;
#891 = CARTESIAN_POINT ( 'NONE',  ( -8.426691092983810805, -42.13288485159824859, -3.174531748784985563 ) ) ;
#892 = CARTESIAN_POINT ( 'NONE',  ( 190.4059769339613410, -6.042206017375307603, -5.521631604123331982 ) ) ;
#893 = CARTESIAN_POINT ( 'NONE',  ( 1.684724978767657911E-05, -41.75539727428017756, -3.031867284727843170 ) ) ;
#894 = CARTESIAN_POINT ( 'NONE',  ( 86.40000000000000568, -58.25464714294840007, 0.000000000000000000 ) ) ;
#895 = CARTESIAN_POINT ( 'NONE',  ( 8.927404844418395768, -42.25677792589067394, 1.178109203658399107 ) ) ;
#896 = CARTESIAN_POINT ( 'NONE',  ( 1.172282623739713259, -41.49996931327271454, -8.924633496118106635 ) ) ;
#897 = CARTESIAN_POINT ( 'NONE',  ( -3.800828295466733889E-05, -41.59064680554686788, 6.840052290626776887 ) ) ;
#898 = ORIENTED_EDGE ( 'NONE', *, *, #543, .T. ) ;
#899 = CARTESIAN_POINT ( 'NONE',  ( 69.65500000000000114, -58.93658393131480011, 0.000000000000000000 ) ) ;
#900 = DIRECTION ( 'NONE',  ( -1.000000000000000000, 1.490420224606776581E-16, 0.000000000000000000 ) ) ;
#901 = B_SPLINE_CURVE_WITH_KNOTS ( 'NONE', 3,
 ( #4647, #4999, #2871, #709, #4600, #1137, #309, #4670, #3752, #2418, #5049, #2895, #4624, #1213, #757, #805, #2465, #4193, #1654, #4215, #336, #3774, #2915, #783, #2093, #1756, #520, #4291, #4320, #1700, #4352, #5170, #431, #491, #2203, #4262, #1257, #7, #3896, #405, #1786, #3015, #2147, #2961, #1726, #946, #3926, #3443 ),
 .UNSPECIFIED., .F., .F.,
 ( 4, 2, 2, 2, 2, 2, 2, 2, 2, 2, 2, 2, 2, 2, 2, 2, 2, 2, 2, 2, 2, 2, 2, 4 ),
 ( 6.968529709805215028E-18, 0.002534206776740140742, 0.003801310165110208944, 0.005068413553480276279, 0.007602620330220410082, 0.008869723718590474815, 0.01013682710696054215, 0.01267103388370067855, 0.01393813727207074242, 0.01520524066044081149, 0.01647234404881087882, 0.01773944743718094269, 0.02027365421392107736, 0.02154075760229114470, 0.02280786099066121550, 0.02534206776740135017, 0.02660917115577141057, 0.02787627454414147790, 0.03041048132088161951, 0.03294468809762175765, 0.03421179148599182845, 0.03547889487436189232, 0.03801310165110202699, 0.04054730842784216860 ),
 .UNSPECIFIED. ) ;
#902 = DIRECTION ( 'NONE',  ( -0.000000000000000000, -1.000000000000000000, 0.000000000000000000 ) ) ;
#903 = VERTEX_POINT ( 'NONE', #1933 ) ;
#904 = CARTESIAN_POINT ( 'NONE',  ( 18.37807651540326859, -41.66529919722383113, -7.862498589271682548 ) ) ;
#905 = CARTESIAN_POINT ( 'NONE',  ( 150.5286910048526750, -6.042206017375251648, 81.88833917741104074 ) ) ;
#906 = CARTESIAN_POINT ( 'NONE',  ( 152.8722439315372696, -38.48506133258121054, 39.26475813504517731 ) ) ;
#907 = CARTESIAN_POINT ( 'NONE',  ( -3.672001702001593149, -41.89111615275824363, 0.3062856917592672867 ) ) ;
#908 = EDGE_CURVE ( 'NONE', #719, #3610, #3817, .T. ) ;
#909 = CARTESIAN_POINT ( 'NONE',  ( -5.507983152664914783, -41.92983744892937636, -3.031897891163808367 ) ) ;
#910 = EDGE_LOOP ( 'NONE', ( #4178, #3026, #1302 ) ) ;
#911 = CARTESIAN_POINT ( 'NONE',  ( 8.708738562008603523, -42.19177848116813578, -2.346291691191162432 ) ) ;
#912 = CARTESIAN_POINT ( 'NONE',  ( 161.4011429069754797, -6.042206017375331584, -72.05605672200307765 ) ) ;
#913 = CARTESIAN_POINT ( 'NONE',  ( 4.761732256982611489, -41.67815151217669012, 7.642888662210557627 ) ) ;
#914 = CARTESIAN_POINT ( 'NONE',  ( 8.943454821118816511, -38.25369078249886456, -1.165761011205608710 ) ) ;
#915 = ORIENTED_EDGE ( 'NONE', *, *, #1672, .T. ) ;
#916 = DIRECTION ( 'NONE',  ( 0.000000000000000000, 0.000000000000000000, 1.000000000000000000 ) ) ;
#917 = CARTESIAN_POINT ( 'NONE',  ( -8.738258153050290744, -38.19284197328402541, 2.174362272533394425 ) ) ;
#918 = CARTESIAN_POINT ( 'NONE',  ( 7.344042342356608799, -41.80212089860879843, -7.620001164476099653 ) ) ;
#919 = CARTESIAN_POINT ( 'NONE',  ( 13.77318215852902483, -31.38043303655598137, 35.83101257631624037 ) ) ;
#920 = CARTESIAN_POINT ( 'NONE',  ( -8.201069337722923791, -42.09085802351509642, -3.718768118406605705 ) ) ;
#921 = CARTESIAN_POINT ( 'NONE',  ( 176.2731999368990330, -6.042206017375326255, -52.63577495860454292 ) ) ;
#922 = CARTESIAN_POINT ( 'NONE',  ( 3.672029509819209725, -41.75190828365008855, -5.310640323559622011 ) ) ;
#923 = CARTESIAN_POINT ( 'NONE',  ( -9.000000000000007105, -63.39640923772800818, 0.000000000000000000 ) ) ;
#924 = CARTESIAN_POINT ( 'NONE',  ( -18.00000000000000000, -26.96475769767874908, -35.57686982298324807 ) ) ;
#925 = LINE ( 'NONE', #5265, #1270 ) ;
#926 = CARTESIAN_POINT ( 'NONE',  ( 5.507948989069507917, -41.58977544985609853, 9.180051944354566729 ) ) ;
#927 = CARTESIAN_POINT ( 'NONE',  ( -8.769362083285741960, -42.20873865712452044, -2.045967102195765719 ) ) ;
#928 = CARTESIAN_POINT ( 'NONE',  ( -17.60597693396299945, -6.042206017373009885, -5.961328787590949350E-15 ) ) ;
#929 = DIRECTION ( 'NONE',  ( -1.000000000000000000, 0.000000000000000000, 0.000000000000000000 ) ) ;
#930 = ORIENTED_EDGE ( 'NONE', *, *, #3453, .T. ) ;
#931 = CARTESIAN_POINT ( 'NONE',  ( 18.00167271112637124, -33.90767862203537675, -22.36151038148295100 ) ) ;
#932 = CARTESIAN_POINT ( 'NONE',  ( 115.0782055542164954, -6.042206017375232996, 99.97402821465503564 ) ) ;
#933 = CARTESIAN_POINT ( 'NONE',  ( -18.00000000000000000, -33.76135606336559647, -31.95317545291229777 ) ) ;
#934 = CARTESIAN_POINT ( 'NONE',  ( -3.671998297884706108, -41.89111594106902459, -0.3063265003405628573 ) ) ;
#935 = CARTESIAN_POINT ( 'NONE',  ( -3.671998297884706108, -41.89111594106902459, -0.3063265003405628573 ) ) ;
#936 = EDGE_LOOP ( 'NONE', ( #3435, #5531, #20, #1067, #4473 ) ) ;
#937 = CARTESIAN_POINT ( 'NONE',  ( 8.926559020248902243, -42.25641629497408758, -1.185214964646852165 ) ) ;
#938 = EDGE_CURVE ( 'NONE', #5380, #1737, #2348, .T. ) ;
#939 = CLOSED_SHELL ( 'NONE', ( #34, #4610, #448, #5054, #472, #1483, #1946, #4311, #418, #4293, #608, #1395, #2357, #45, #3202, #1984, #4423, #3605, #1540, #2889, #4274, #2731, #3307 ) ) ;
#940 = CARTESIAN_POINT ( 'NONE',  ( -8.795493096744282369, -42.21627410394685143, 1.913485855845824091 ) ) ;
#941 = LINE ( 'NONE', #5197, #2638 ) ;
#942 = ORIENTED_EDGE ( 'NONE', *, *, #4156, .F. ) ;
#943 = CARTESIAN_POINT ( 'NONE',  ( 99.14499999999999602, -63.39640923772795134, -25.49000000000011568 ) ) ;
#944 = ORIENTED_EDGE ( 'NONE', *, *, #2275, .T. ) ;
#945 = CIRCLE ( 'NONE', #4267, 16.74499999999999744 ) ;
#946 = CARTESIAN_POINT ( 'NONE',  ( -12.89519475017610972, -38.22101184881444169, 1.784866396138511391 ) ) ;
#947 = CARTESIAN_POINT ( 'NONE',  ( 2.101146922263804183E-05, -41.73257342393088720, -3.781269165073749328 ) ) ;
#948 = CARTESIAN_POINT ( 'NONE',  ( -8.998799112008940781, -38.31026286157670313, 0.1470188481355286236 ) ) ;
#949 = CARTESIAN_POINT ( 'NONE',  ( -8.550072984936745613, -37.30989503868888590, 9.829780783927454024 ) ) ;
#950 = AXIS2_PLACEMENT_3D ( 'NONE', #5, #2621, #488 ) ;
#951 = DIRECTION ( 'NONE',  ( -1.000000000000000000, 0.000000000000000000, 0.000000000000000000 ) ) ;
#952 = CARTESIAN_POINT ( 'NONE',  ( -5.507970490038628597, -41.83478244410004265, -5.310691334286227416 ) ) ;
#953 = CARTESIAN_POINT ( 'NONE',  ( -8.708738561612994644, -42.19177848107344175, 2.346291692637187509 ) ) ;
#954 = CARTESIAN_POINT ( 'NONE',  ( -1.179929238692410509, -41.49751671558019694, 8.941689940058139996 ) ) ;
#955 = CARTESIAN_POINT ( 'NONE',  ( 7.795234552015067209, -42.02343803032544400, -4.508098723760181947 ) ) ;
#956 = CARTESIAN_POINT ( 'NONE',  ( -9.180029509733941495, -42.08224734191441030, 5.310609717123655038 ) ) ;
#957 = CARTESIAN_POINT ( 'NONE',  ( 85.49059373981739895, -20.95902901126090256, 86.27244506407519964 ) ) ;
#958 = CARTESIAN_POINT ( 'NONE',  ( -7.156838644002470495, -41.93001929965763708, -5.489174956065978606 ) ) ;
#959 = CARTESIAN_POINT ( 'NONE',  ( 152.8722439315365023, -38.48506133258189976, 8.140502076289788435E-15 ) ) ;
#960 = ORIENTED_EDGE ( 'NONE', *, *, #1562, .T. ) ;
#961 = EDGE_CURVE ( 'NONE', #3953, #637, #945, .T. ) ;
#962 = CARTESIAN_POINT ( 'NONE',  ( -5.508038008197656765, -41.74731312807932682, 6.840021684190814355 ) ) ;
#963 = CARTESIAN_POINT ( 'NONE',  ( 39.07126433273316479, -6.042206017375210791, 92.61337105528372149 ) ) ;
#964 = CARTESIAN_POINT ( 'NONE',  ( -8.527288702875695847, -42.15321216461037324, -2.893538716403916577 ) ) ;
#965 = CARTESIAN_POINT ( 'NONE',  ( -3.671998865237520171, -41.88910478152792649, -0.2042244683239247405 ) ) ;
#966 = CARTESIAN_POINT ( 'NONE',  ( 3.672005109525934063, -41.88319390070309112, -0.9195111013736865235 ) ) ;
#967 = VERTEX_POINT ( 'NONE', #5382 ) ;
#968 = CARTESIAN_POINT ( 'NONE',  ( -2.903818414660002567, -41.55807192238326309, -8.523789178318832427 ) ) ;
#969 = CARTESIAN_POINT ( 'NONE',  ( 3.672029509819209725, -41.75190828365008855, -5.310640323559622011 ) ) ;
#970 = CARTESIAN_POINT ( 'NONE',  ( 103.1449999999999960, -58.93658393131480011, 2.050671065172245467E-15 ) ) ;
#971 = VERTEX_POINT ( 'NONE', #3232 ) ;
#972 = DIRECTION ( 'NONE',  ( -0.000000000000000000, -1.000000000000000000, -0.000000000000000000 ) ) ;
#973 = EDGE_LOOP ( 'NONE', ( #2535, #4104 ) ) ;
#974 = CARTESIAN_POINT ( 'NONE',  ( 11.25305445130594073, -37.79433650423481339, 6.495680615938269398 ) ) ;
#975 = CARTESIAN_POINT ( 'NONE',  ( -3.671970490067058890, -41.75190379149490383, -5.310681132140907756 ) ) ;
#976 = DIRECTION ( 'NONE',  ( 0.000000000000000000, 0.000000000000000000, -1.000000000000000000 ) ) ;
#977 = CARTESIAN_POINT ( 'NONE',  ( 5.244955792915980908, -41.71959093506438876, -7.319636430473098976 ) ) ;
#978 = CARTESIAN_POINT ( 'NONE',  ( 185.3328331859785010, -6.042206017371060334, 1.211577774917876053E-14 ) ) ;
#979 = CARTESIAN_POINT ( 'NONE',  ( -9.179983152608054198, -42.20094904036889005, -3.031918295454451240 ) ) ;
#980 = LINE ( 'NONE', #4021, #1298 ) ;
#981 = CARTESIAN_POINT ( 'NONE',  ( -9.511568403844728536E-15, -63.39640923772800818, 0.000000000000000000 ) ) ;
#982 = EDGE_CURVE ( 'NONE', #513, #5561, #4500, .T. ) ;
#983 = CARTESIAN_POINT ( 'NONE',  ( 185.3328331859785862, -6.042206017371040794, -197.8656663719569906 ) ) ;
#984 = CARTESIAN_POINT ( 'NONE',  ( -9.180051010703031977, -41.81642451597864607, 9.179970327191995239 ) ) ;
#985 = LINE ( 'NONE', #532, #3296 ) ;
#986 = CARTESIAN_POINT ( 'NONE',  ( 54.89384660698920015, -56.13001623236039705, -0.6642926860360910402 ) ) ;
#987 = CARTESIAN_POINT ( 'NONE',  ( 20.34536719873065280, -26.96475769767874908, -35.57686982298324807 ) ) ;
#988 = CARTESIAN_POINT ( 'NONE',  ( 9.001007416506560332, -38.28247827068744868, -0.5802687175275909048 ) ) ;
#989 = DIRECTION ( 'NONE',  ( 0.000000000000000000, 1.000000000000000000, 0.000000000000000000 ) ) ;
#990 = ORIENTED_EDGE ( 'NONE', *, *, #1281, .F. ) ;
#991 = CARTESIAN_POINT ( 'NONE',  ( 5.507957657444332966, -41.69805266500075902, 7.620072579493354148 ) ) ;
#992 = CARTESIAN_POINT ( 'NONE',  ( 11.01361729224125341, -6.042206017375211680, 71.65329695804183530 ) ) ;
#993 = CARTESIAN_POINT ( 'NONE',  ( -2.341222758610819188, -41.53350865490458688, -8.695140345866674281 ) ) ;
#994 = CARTESIAN_POINT ( 'NONE',  ( -5.507994890331902482, -41.97116850191184056, -0.9195621121002953702 ) ) ;
#995 = CARTESIAN_POINT ( 'NONE',  ( -3.671957657472793901, -41.61891006585366171, -7.620062377348028271 ) ) ;
#996 = DIRECTION ( 'NONE',  ( 1.000000000000000000, 0.000000000000000000, 0.000000000000000000 ) ) ;
#997 = CARTESIAN_POINT ( 'NONE',  ( -5.507961991631773913, -41.74730526027871491, -6.840082897062743861 ) ) ;
#998 = CARTESIAN_POINT ( 'NONE',  ( 16.43896709016467739, -30.50080451290473604, 29.72496085214667616 ) ) ;
#999 = ORIENTED_EDGE ( 'NONE', *, *, #4800, .F. ) ;
#1000 = CARTESIAN_POINT ( 'NONE',  ( -5.508021011383955390, -41.90336651136516366, 3.781238558637780578 ) ) ;
#1001 = ORIENTED_EDGE ( 'NONE', *, *, #566, .F. ) ;
#1002 = CARTESIAN_POINT ( 'NONE',  ( 3.493117819995517070, -6.042206017372497406, -53.98290812280571060 ) ) ;
#1003 = CARTESIAN_POINT ( 'NONE',  ( 1.684724978767657911E-05, -41.75539727428017756, -3.031867284727843170 ) ) ;
#1004 = AXIS2_PLACEMENT_3D ( 'NONE', #3938, #2633, #3880 ) ;
#1005 = CARTESIAN_POINT ( 'NONE',  ( 3.672001134648748444, -41.88910343578137230, -0.2041836597426380240 ) ) ;
#1006 = CARTESIAN_POINT ( 'NONE',  ( -5.419998196718193384, -37.70141076692020476, 7.208935331120504664 ) ) ;
#1007 = CARTESIAN_POINT ( 'NONE',  ( 4.370274696764580469, -41.64816892468464715, -7.869200210347657709 ) ) ;
#1008 = CARTESIAN_POINT ( 'NONE',  ( -8.996312644066728481, -42.29542115968414606, -0.2969681395302828930 ) ) ;
#1009 = CARTESIAN_POINT ( 'NONE',  ( 5.508011546535679592, -41.96222113973674084, -2.077924125155405921 ) ) ;
#1010 = CARTESIAN_POINT ( 'NONE',  ( 20.36082540615130299, -23.68619686104764810, 39.70994965335955840 ) ) ;
#1011 = CARTESIAN_POINT ( 'NONE',  ( 7.482037612114138092, -19.03579530839306955, 49.60639368445434627 ) ) ;
#1012 = AXIS2_PLACEMENT_3D ( 'NONE', #4091, #4152, #1564 ) ;
#1013 = DIRECTION ( 'NONE',  ( 0.000000000000000000, -1.000000000000000000, 0.000000000000000000 ) ) ;
#1014 = CARTESIAN_POINT ( 'NONE',  ( -7.642104353420840823, -42.00000981592700100, 4.762769156237396828 ) ) ;
#1015 = CARTESIAN_POINT ( 'NONE',  ( -18.00000000000000000, -6.042206017372994786, 53.98290812280554718 ) ) ;
#1016 = CARTESIAN_POINT ( 'NONE',  ( 85.84362670746759250, -47.26221975847409595, 52.78134362686709835 ) ) ;
#1017 = EDGE_CURVE ( 'NONE', #3102, #2745, #4570, .T. ) ;
#1018 = CARTESIAN_POINT ( 'NONE',  ( -4.682652084653411428, -37.63578228413813065, 7.691492164675702625 ) ) ;
#1019 = ORIENTED_EDGE ( 'NONE', *, *, #632, .T. ) ;
#1020 = AXIS2_PLACEMENT_3D ( 'NONE', #3992, #3269, #3145 ) ;
#1021 = FACE_OUTER_BOUND ( 'NONE', #2647, .T. ) ;
#1022 = EDGE_LOOP ( 'NONE', ( #2834, #3471, #4976, #4803, #5017 ) ) ;
#1023 = CARTESIAN_POINT ( 'NONE',  ( 9.179961991574879576, -41.98502101336311654, 6.840103301353384957 ) ) ;
#1024 = CARTESIAN_POINT ( 'NONE',  ( 10.64162278716778331, -6.042206017375214344, 71.25946918245506367 ) ) ;
#1025 = CARTESIAN_POINT ( 'NONE',  ( 5.914612970970391181, -10.44067060246189982, 51.19568186320252323 ) ) ;
#1026 = CARTESIAN_POINT ( 'NONE',  ( -2.052269624041227480, -41.52293940755561152, -8.767905345461413091 ) ) ;
#1027 = CARTESIAN_POINT ( 'NONE',  ( 9.180021011327060165, -42.16513681420752846, -3.781218154347142146 ) ) ;
#1028 = CARTESIAN_POINT ( 'NONE',  ( 0.8772535945963195747, -36.70854790205775231, 12.93415045665127572 ) ) ;
#1029 = CARTESIAN_POINT ( 'NONE',  ( -3.671993753950963946, -41.88114169208937909, -1.124062582745540828 ) ) ;
#1030 = CARTESIAN_POINT ( 'NONE',  ( 86.40000000000000568, -58.93658393131480011, 0.000000000000000000 ) ) ;
#1031 = ORIENTED_EDGE ( 'NONE', *, *, #5403, .F. ) ;
#1032 = CARTESIAN_POINT ( 'NONE',  ( 7.343978988417015685, -42.01818542921503763, 3.781309973655031964 ) ) ;
#1033 = B_SPLINE_SURFACE_WITH_KNOTS ( 'NONE', 3, 1, ( 
 ( #3969, #2576 ),
 ( #2635, #78 ),
 ( #2158, #4850 ),
 ( #5270, #4365 ),
 ( #1827, #2215 ),
 ( #3117, #987 ),
 ( #3854, #5575 ),
 ( #5155, #3149 ),
 ( #3670, #3699 ),
 ( #3637, #1113 ) ),
 .UNSPECIFIED., .F., .F., .F.,
 ( 4, 2, 2, 2, 4 ),
 ( 2, 2 ),
 ( 0.000000000000000000, 0.2500000000000000000, 0.5000000000000000000, 0.7500000000000000000, 1.000000000000000000 ),
 ( 0.000000000000000000, 1.000000000000000000 ),
 .UNSPECIFIED. ) ;
#1034 = ORIENTED_EDGE ( 'NONE', *, *, #2790, .F. ) ;
#1035 = CARTESIAN_POINT ( 'NONE',  ( 4.021599247017395129, -37.58427363291532686, 8.056877085253578485 ) ) ;
#1036 = CARTESIAN_POINT ( 'NONE',  ( 41.82836301126382494, -6.042206017375211680, 94.13334185366645102 ) ) ;
#1037 = VECTOR ( 'NONE', #781, 1000.000000000000000 ) ;
#1038 = CARTESIAN_POINT ( 'NONE',  ( 3.671998865237487752, -41.88910478186475217, 0.2042244683239155256 ) ) ;
#1039 = LINE ( 'NONE', #4868, #1146 ) ;
#1040 = CARTESIAN_POINT ( 'NONE',  ( 2.333743762807968913, -41.53110118774531401, -8.712074430207607634 ) ) ;
#1041 = DIRECTION ( 'NONE',  ( 0.000000000000000000, 0.000000000000000000, 1.000000000000000000 ) ) ;
#1042 = FACE_OUTER_BOUND ( 'NONE', #1545, .T. ) ;
#1043 = CARTESIAN_POINT ( 'NONE',  ( 8.769362083285727749, -42.20873865712452044, 2.045967102195764387 ) ) ;
#1044 = VECTOR ( 'NONE', #2502, 1000.000000000000000 ) ;
#1045 = FACE_OUTER_BOUND ( 'NONE', #53, .T. ) ;
#1046 = CARTESIAN_POINT ( 'NONE',  ( 9.179983152608031105, -42.20094904025863514, 3.031918295454446799 ) ) ;
#1047 = MANIFOLD_SURFACE_SHAPE_REPRESENTATION ( 'Mold sheet', ( #23, #1012 ), #3800 ) ;
#1048 = CIRCLE ( 'NONE', #770, 12.99803161225499970 ) ;
#1049 = CARTESIAN_POINT ( 'NONE',  ( 172.6772380009930146, -20.95902901126090256, 4.163336342344334502E-14 ) ) ;
#1050 = CARTESIAN_POINT ( 'NONE',  ( 54.50145287833833407, -56.13001623236041127, 17.94620426087494991 ) ) ;
#1051 = CARTESIAN_POINT ( 'NONE',  ( 0.3518836752336879647, -37.44280678004268026, 8.997865169907097282 ) ) ;
#1052 = CARTESIAN_POINT ( 'NONE',  ( -22.00000000000000355, -6.042206017373002780, 58.61996200015259717 ) ) ;
#1053 = B_SPLINE_CURVE_WITH_KNOTS ( 'NONE', 2,
 ( #3923, #64, #3103 ),
 .UNSPECIFIED., .F., .F.,
 ( 3, 3 ),
 ( 0.001208225356028573864, 0.7334610202777239740 ),
 .UNSPECIFIED. ) ;
#1054 = VECTOR ( 'NONE', #51, 1000.000000000000000 ) ;
#1055 = EDGE_CURVE ( 'NONE', #5086, #5227, #2999, .T. ) ;
#1056 = CARTESIAN_POINT ( 'NONE',  ( 0.4875835940453335238, -6.042206017375217009, 58.61996200337832619 ) ) ;
#1057 = ORIENTED_EDGE ( 'NONE', *, *, #780, .F. ) ;
#1058 = CARTESIAN_POINT ( 'NONE',  ( -5.508042342385070178, -41.69806081896501126, 7.620011366621423754 ) ) ;
#1059 = CARTESIAN_POINT ( 'NONE',  ( 0.4875835940439392502, -6.042206017373562332, 58.61996200337903673 ) ) ;
#1060 = CARTESIAN_POINT ( 'NONE',  ( 3.493117819995029016, -6.042206017372022231, 53.98290812280603745 ) ) ;
#1061 = CARTESIAN_POINT ( 'NONE',  ( -22.00000000000000000, -42.30756013076910449, -5.181181809388050601E-15 ) ) ;
#1062 = CARTESIAN_POINT ( 'NONE',  ( 9.180051010703001779, -41.81642451497097568, -9.179970327191993462 ) ) ;
#1063 = CARTESIAN_POINT ( 'NONE',  ( -12.89519475017610972, -38.22101184881444169, 1.784866396138511391 ) ) ;
#1064 = B_SPLINE_CURVE_WITH_KNOTS ( 'NONE', 3,
 ( #3769, #2839, #1551, #3720, #1209, #1966, #2351, #3315, #4572, #1186, #2810, #704, #280, #305, #1164, #4542, #2911, #5385, #1523, #3337, #2890, #4620, #4962, #2413, #4139, #1994, #3292, #5022, #1935, #753, #2460, #5488, #2046, #4642, #4078, #2867, #4596, #3234, #4109, #251, #82, #3465, #905, #4794, #2219, #351, #2163, #4766, #1802, #3063, #2485, #538, #2935, #2507, #3944, #5090, #55, #2067, #2610, #1330, #1388, #4211, #22, #447, #2641, #5218, #3123, #4339, #3886, #932, #3791, #3359, #4399, #478, #4826, #1420, #3521, #4371, #5511, #801, #1650, #1233, #2671, #1774, #5276, #2191, #2249, #4666, #4308, #1357, #5243, #1743, #778, #3974, #3033, #115, #3551, #1831, #3914, #5189, #3092, #3493, #509, #963, #3704, #4094, #4125, #1478, #4064, #1537, #4463, #267, #236, #1892, #3155, #2824, #599, #4527, #175, #2336, #3613, #1510, #992, #4556, #1449, #1024, #659, #3583, #205, #569, #1059 ),
 .UNSPECIFIED., .F., .F.,
 ( 4, 1, 1, 1, 1, 1, 1, 1, 1, 1, 2, 2, 1, 1, 1, 1, 1, 1, 1, 1, 1, 2, 2, 1, 1, 1, 1, 1, 1, 1, 1, 2, 2, 1, 1, 1, 1, 1, 1, 1, 2, 2, 1, 1, 1, 1, 1, 1, 2, 2, 1, 1, 1, 1, 1, 1, 2, 2, 1, 1, 1, 1, 2, 2, 1, 1, 1, 1, 2, 2, 1, 1, 1, 1, 1, 1, 2, 2, 1, 1, 1, 1, 1, 1, 2, 2, 1, 1, 1, 1, 1, 1, 1, 2, 2, 1, 1, 1, 1, 1, 1, 1, 2, 2, 4 ),
 ( 0.000000000000000000, 0.06250000000003141931, 0.09375000000004715672, 0.1093750000000550532, 0.1171875000000589945, 0.1210937500000610068, 0.1230468750000619921, 0.1240234375000624223, 0.1245117187500626305, 0.1247558593750627415, 0.1248779296875627970, 0.1250000000000628386, 0.1875000000001214584, 0.2187500000001507683, 0.2343750000001653955, 0.2421875000001727229, 0.2460937500001764422, 0.2480468750001784684, 0.2490234375001795786, 0.2495117187501800504, 0.2497558593751801614, 0.2498779296876802447, 0.2500000000001803557, 0.3125000000002531308, 0.3437500000002894351, 0.3593750000003075873, 0.3671875000003166356, 0.3710937500003211320, 0.3730468750003234635, 0.3740234375003246847, 0.3745117187503252398, 0.3747558593753254619, 0.3750000000003256839, 0.4062500000003483325, 0.4218750000003596567, 0.4296875000003651524, 0.4335937500003679834, 0.4355468750003691492, 0.4365234375003697043, 0.4370117187503699818, 0.4372558593753700373, 0.4375000000003700928, 0.4687500000003651524, 0.4843750000003628209, 0.4921875000003615996, 0.4960937500003611555, 0.4980468750003609890, 0.4990234375003609335, 0.4995117187503607670, 0.5000000000003606004, 0.5312500000003389511, 0.5468750000003281819, 0.5546875000003228529, 0.5585937500003201883, 0.5605468750003188561, 0.5615234375003181899, 0.5620117187503177458, 0.5625000000003173017, 0.5937500000002948752, 0.6093750000002836620, 0.6171875000002781109, 0.6210937500002752243, 0.6230468750002737810, 0.6250000000002723377, 0.6562500000002479128, 0.6718750000002358114, 0.6796875000002298162, 0.6835937500002267075, 0.6855468750002251532, 0.6875000000002235989, 0.7187500000001992850, 0.7343750000001871836, 0.7421875000001811884, 0.7460937500001780798, 0.7480468750001765255, 0.7490234375001758593, 0.7495117187501755263, 0.7500000000001751932, 0.7812500000001511014, 0.7968750000001391109, 0.8046875000001331157, 0.8085937500001300071, 0.8105468750001284528, 0.8115234375001277867, 0.8120117187501274536, 0.8125000000001271205, 0.8437500000001033618, 0.8593750000000915934, 0.8671875000000857092, 0.8710937500000827116, 0.8730468750000812683, 0.8740234375000806022, 0.8745117187500801581, 0.8747558593750799361, 0.8750000000000797140, 0.9062500000000602851, 0.9218750000000506262, 0.9296875000000459632, 0.9335937500000435207, 0.9355468750000422995, 0.9365234375000417444, 0.9370117187500415223, 0.9372558593750413003, 0.9375000000000410783, 1.000000000000000000 ),
 .UNSPECIFIED. ) ;
#1065 = CARTESIAN_POINT ( 'NONE',  ( 7.344038008169198051, -41.85265049061969478, -6.840011482045492031 ) ) ;
#1066 = CARTESIAN_POINT ( 'NONE',  ( -3.979162835945147858, -37.58133748245202099, -8.077969332130066960 ) ) ;
#1067 = ORIENTED_EDGE ( 'NONE', *, *, #1431, .T. ) ;
#1068 = CARTESIAN_POINT ( 'NONE',  ( 3.671961991660179336, -41.66660398504498630, 6.840072694917421536 ) ) ;
#1069 = EDGE_LOOP ( 'NONE', ( #4041, #2319, #635, #2700 ) ) ;
#1070 = CARTESIAN_POINT ( 'NONE',  ( 12.99061253846061526, -38.27041812380080898, 0.8832300639048783486 ) ) ;
#1071 = CARTESIAN_POINT ( 'NONE',  ( 151.0990866191096984, -6.042206017375251648, 81.61951398412102776 ) ) ;
#1072 = CARTESIAN_POINT ( 'NONE',  ( -7.344001134591914060, -42.10616211114324159, 0.2041632554519856035 ) ) ;
#1073 = CARTESIAN_POINT ( 'NONE',  ( -0.5247940644157629286, -37.44189432296073505, 9.003676478908325009 ) ) ;
#1074 = CARTESIAN_POINT ( 'NONE',  ( -2.904281199171590000, -41.55616928414696787, -8.539120644115714143 ) ) ;
#1075 = CARTESIAN_POINT ( 'NONE',  ( -18.00000000000000000, -6.042206017372989457, -53.98290812280549744 ) ) ;
#1076 = CARTESIAN_POINT ( 'NONE',  ( -7.893042421870794634, -37.21637000726599354, 10.36398057639569181 ) ) ;
#1077 = CARTESIAN_POINT ( 'NONE',  ( 9.208829813743212966, -22.31090597220307714, 46.70557286528404717 ) ) ;
#1078 = EDGE_CURVE ( 'NONE', #764, #698, #1940, .T. ) ;
#1079 = CARTESIAN_POINT ( 'NONE',  ( 19.92775606846369740, -38.48506133258184292, -1.628100415257959896E-14 ) ) ;
#1080 = CARTESIAN_POINT ( 'NONE',  ( -3.672005109525966038, -41.88319390030806488, 0.9195111013736793071 ) ) ;
#1081 = CARTESIAN_POINT ( 'NONE',  ( -18.00000000000000000, -38.31026286157670313, -0.07350942406777120908 ) ) ;
#1082 = CARTESIAN_POINT ( 'NONE',  ( 103.1449999999999960, -58.93658393131480011, 1.387778780781445991E-14 ) ) ;
#1083 = CARTESIAN_POINT ( 'NONE',  ( 12.66341726133212120, -38.13776934015889708, 2.969302031335119718 ) ) ;
#1084 =( BOUNDED_SURFACE ( )  B_SPLINE_SURFACE ( 3, 3, ( 
 ( #1571, #3785, #1123, #2431, #725, #1204, #2906 ),
 ( #1180, #4159, #4636, #696, #272, #1227, #4206 ),
 ( #346, #2062, #5506, #5528, #1155, #2405, #1986 ),
 ( #5083, #796, #3711, #3255, #2952, #4309, #4281 ),
 ( #5552, #3064, #5107, #1717, #2193, #906, #421 ),
 ( #2136, #3887, #5131, #4683, #449, #3378, #510 ),
 ( #2612, #3432, #3858, #4341, #3005, #1272, #2164 ),
 ( #3035, #5579, #1775, #5159, #24, #4767, #1299 ),
 ( #479, #1745, #4795, #3467, #2644, #4372, #4739 ),
 ( #877, #5190, #3916, #1248, #2976, #2582, #56 ) ),
 .UNSPECIFIED., .F., .F., .F. ) 
 B_SPLINE_SURFACE_WITH_KNOTS ( ( 4, 2, 2, 2, 4 ),
 ( 4, 3, 4 ),
 ( 0.000000000000000000, 0.2500000000000000000, 0.5000000000000000000, 0.7500000000000000000, 1.000000000000000000 ),
 ( 0.000000000000000000, 0.5000000000000000000, 1.000000000000000000 ),
 .UNSPECIFIED. ) 
 GEOMETRIC_REPRESENTATION_ITEM ( )  RATIONAL_B_SPLINE_SURFACE ( (
 ( 1.000000000000000000, 0.8022468501230819449, 0.8022468501230819449, 1.000000000000000000, 0.8022468501230819449, 0.8022468501230819449, 1.000000000000000000),
 ( 1.000000000000000000, 0.8022468501230819449, 0.8022468501230819449, 1.000000000000000000, 0.8022468501230819449, 0.8022468501230819449, 1.000000000000000000),
 ( 1.000000000000000000, 0.8022468501230819449, 0.8022468501230819449, 1.000000000000000000, 0.8022468501230819449, 0.8022468501230819449, 1.000000000000000000),
 ( 1.000000000000000000, 0.8022468501230819449, 0.8022468501230819449, 1.000000000000000000, 0.8022468501230819449, 0.8022468501230819449, 1.000000000000000000),
 ( 1.000000000000000000, 0.8022468501230819449, 0.8022468501230819449, 1.000000000000000000, 0.8022468501230819449, 0.8022468501230819449, 1.000000000000000000),
 ( 1.000000000000000000, 0.8022468501230819449, 0.8022468501230819449, 1.000000000000000000, 0.8022468501230819449, 0.8022468501230819449, 1.000000000000000000),
 ( 1.000000000000000000, 0.8022468501230819449, 0.8022468501230819449, 1.000000000000000000, 0.8022468501230819449, 0.8022468501230819449, 1.000000000000000000),
 ( 1.000000000000000000, 0.8022468501230819449, 0.8022468501230819449, 1.000000000000000000, 0.8022468501230819449, 0.8022468501230819449, 1.000000000000000000),
 ( 1.000000000000000000, 0.8022468501230819449, 0.8022468501230819449, 1.000000000000000000, 0.8022468501230819449, 0.8022468501230819449, 1.000000000000000000),
 ( 1.000000000000000000, 0.8022468501230819449, 0.8022468501230819449, 1.000000000000000000, 0.8022468501230819449, 0.8022468501230819449, 1.000000000000000000) ) ) 
 REPRESENTATION_ITEM ( '' )  SURFACE ( )  );
#1085 = ORIENTED_EDGE ( 'NONE', *, *, #5106, .T. ) ;
#1086 = CYLINDRICAL_SURFACE ( 'NONE', #5012, 12.99803161225499970 ) ;
#1087 = COORDINATED_UNIVERSAL_TIME_OFFSET ( 5, 0, .AHEAD. ) ;
#1088 = ORIENTED_EDGE ( 'NONE', *, *, #1615, .T. ) ;
#1089 = CARTESIAN_POINT ( 'NONE',  ( -5.508021011383955390, -41.90336651136516366, 3.781238558637780578 ) ) ;
#1090 = CARTESIAN_POINT ( 'NONE',  ( 139.1842759379911740, -47.26221975847450096, 6.464209457277149827E-15 ) ) ;
#1091 = CARTESIAN_POINT ( 'NONE',  ( 20.13203320690989884, -38.31026286157670313, -0.1470188481355546029 ) ) ;
#1092 = CARTESIAN_POINT ( 'NONE',  ( 1.467355885949281236, -41.50590262049313139, -8.884462932091375720 ) ) ;
#1093 = CARTESIAN_POINT ( 'NONE',  ( 117.9131557670225874, -56.13001623236050364, 3.859248534111614838E-15 ) ) ;
#1094 = CARTESIAN_POINT ( 'NONE',  ( -12.29544994587105755, -38.03478636456834039, 4.241741757634646781 ) ) ;
#1095 = ADVANCED_FACE ( 'NONE', ( #1144 ), #3731, .T. ) ;
#1096 = CARTESIAN_POINT ( 'NONE',  ( -5.507970490038628597, -41.83478244410004265, -5.310691334286227416 ) ) ;
#1097 = CARTESIAN_POINT ( 'NONE',  ( -22.00000000000000000, -6.042206025863530172, -58.61996199853950884 ) ) ;
#1098 = ORIENTED_EDGE ( 'NONE', *, *, #3933, .F. ) ;
#1099 = CARTESIAN_POINT ( 'NONE',  ( -2.950987610365085712E-05, -41.67149771610429099, 5.310660727850260443 ) ) ;
#1100 = ORIENTED_EDGE ( 'NONE', *, *, #3121, .F. ) ;
#1101 = CARTESIAN_POINT ( 'NONE',  ( 0.8772535945963195747, -36.70854790205775231, 12.93415045665127572 ) ) ;
#1102 = CARTESIAN_POINT ( 'NONE',  ( -7.343948989041104269, -41.69036013678056207, -9.180062146499889053 ) ) ;
#1103 = CARTESIAN_POINT ( 'NONE',  ( 5.507996594094051623, -41.96905090782666292, 0.6129494072930820048 ) ) ;
#1104 = CARTESIAN_POINT ( 'NONE',  ( 8.938918814989067485, -38.25192463397208797, 1.198745324041163407 ) ) ;
#1105 = CARTESIAN_POINT ( 'NONE',  ( 46.08828985247887289, -6.042206017375309379, -95.96992429411493220 ) ) ;
#1106 = CARTESIAN_POINT ( 'NONE',  ( 12.03677388591628272, -38.30472708429529405, 5.696872552689302704E-13 ) ) ;
#1107 = CARTESIAN_POINT ( 'NONE',  ( -1.666506365922115096, -36.71605729125442252, 12.89985982489704774 ) ) ;
#1108 = CARTESIAN_POINT ( 'NONE',  ( 8.999999999999992895, -42.28582793665278672, 0.5908768929721021079 ) ) ;
#1109 = CARTESIAN_POINT ( 'NONE',  ( 139.1842759379911740, -47.26221975847450096, 6.464209457277149827E-15 ) ) ;
#1110 = CARTESIAN_POINT ( 'NONE',  ( -9.180016847107648204, -42.20095491708082136, 3.031816274001231548 ) ) ;
#1111 = CARTESIAN_POINT ( 'NONE',  ( 54.66600174739932072, -47.26221975847412438, 52.45269724046585225 ) ) ;
#1112 = CARTESIAN_POINT ( 'NONE',  ( 69.65872081913029490, -58.93658393131480011, -0.3529821357756435241 ) ) ;
#1113 = CARTESIAN_POINT ( 'NONE',  ( 20.34536719873065280, -6.042206017372989457, -53.98290812280549744 ) ) ;
#1114 = DIRECTION ( 'NONE',  ( 1.000000000000000000, 0.000000000000000000, 0.000000000000000000 ) ) ;
#1115 = CARTESIAN_POINT ( 'NONE',  ( 17.76646193702536181, -33.38102390654465523, -23.67160685290986422 ) ) ;
#1116 = PERSON_AND_ORGANIZATION ( #238, #2522 ) ;
#1117 = EDGE_LOOP ( 'NONE', ( #960, #3382, #1617, #2505 ) ) ;
#1118 = DIRECTION ( 'NONE',  ( 0.000000000000000000, 1.000000000000000000, 0.000000000000000000 ) ) ;
#1119 = CARTESIAN_POINT ( 'NONE',  ( 13.74570485429425304, -25.07187321893884047, 37.70619940813257642 ) ) ;
#1120 = CARTESIAN_POINT ( 'NONE',  ( 86.40000000000000568, -6.042206017375288951, 0.000000000000000000 ) ) ;
#1121 = CARTESIAN_POINT ( 'NONE',  ( 7.796524940587611141, -42.02397829704092658, 4.498586441912359568 ) ) ;
#1122 = CARTESIAN_POINT ( 'NONE',  ( 8.970594580210825342, -42.27753041289838620, -0.7419437250185868526 ) ) ;
#1123 = CARTESIAN_POINT ( 'NONE',  ( 26.92140908143025158, -6.042206017369097459, 98.31135985159349389 ) ) ;
#1124 = CARTESIAN_POINT ( 'NONE',  ( -22.00000000000000000, -6.042206017372999227, 58.61996199853950884 ) ) ;
#1125 = EDGE_LOOP ( 'NONE', ( #5407, #1592, #3611, #885, #203 ) ) ;
#1126 = CARTESIAN_POINT ( 'NONE',  ( -5.508029509790806522, -41.83478860845939096, 5.310630121414297022 ) ) ;
#1127 = VERTEX_POINT ( 'NONE', #231 ) ;
#1128 = CARTESIAN_POINT ( 'NONE',  ( -10.27827503525826103, -37.60409466071193663, 7.940687210049911293 ) ) ;
#1129 = EDGE_CURVE ( 'NONE', #182, #3304, #2677, .T. ) ;
#1130 = CARTESIAN_POINT ( 'NONE',  ( 78.95886804222155320, -6.042206017375217897, 103.8862897248125705 ) ) ;
#1131 = CARTESIAN_POINT ( 'NONE',  ( 7.344003405706884813, -42.11401879245456570, -0.6128779922758382792 ) ) ;
#1132 = DIRECTION ( 'NONE',  ( -1.000000000000000000, 0.000000000000000000, 0.000000000000000000 ) ) ;
#1133 = CARTESIAN_POINT ( 'NONE',  ( 74.45284155856649022, -6.042206017375321814, -103.3189992275128475 ) ) ;
#1134 = CARTESIAN_POINT ( 'NONE',  ( 6.153669097783160069, -41.81004026984589217, -6.574180257955132056 ) ) ;
#1135 = CARTESIAN_POINT ( 'NONE',  ( 159.5718911911924920, -33.22972007004714357, 8.960972233485210097E-15 ) ) ;
#1136 = CARTESIAN_POINT ( 'NONE',  ( 8.942649780694916117, -42.25844099330684855, 1.174642849543988454 ) ) ;
#1137 = CARTESIAN_POINT ( 'NONE',  ( 12.29150737529177029, -38.03720140311203579, 4.182858913372355047 ) ) ;
#1138 = EDGE_CURVE ( 'NONE', #519, #3259, #4099, .T. ) ;
#1139 = CARTESIAN_POINT ( 'NONE',  ( -2.101146925415174000E-05, -41.73257342363827860, 3.781269165073745331 ) ) ;
#1140 = CARTESIAN_POINT ( 'NONE',  ( 104.6814343179371889, -56.13001623236041127, 31.70761288909761788 ) ) ;
#1141 = CARTESIAN_POINT ( 'NONE',  ( 149.6614994673854255, -58.99259783589960193, 7.747299283199558712E-15 ) ) ;
#1142 = CARTESIAN_POINT ( 'NONE',  ( 2.386290973843062435, -37.48937812489861443, 8.697682629365335316 ) ) ;
#1143 = CARTESIAN_POINT ( 'NONE',  ( 73.65500000000000114, -63.39640923772800818, -7.305073961863510412E-16 ) ) ;
#1144 = FACE_OUTER_BOUND ( 'NONE', #4691, .T. ) ;
#1145 = PERSON_AND_ORGANIZATION ( #238, #2522 ) ;
#1146 = VECTOR ( 'NONE', #552, 1000.000000000000000 ) ;
#1147 = ORIENTED_EDGE ( 'NONE', *, *, #456, .T. ) ;
#1148 = CARTESIAN_POINT ( 'NONE',  ( 103.1449999999999960, -58.93658393131480011, 2.050671065172235212E-15 ) ) ;
#1149 = CARTESIAN_POINT ( 'NONE',  ( 9.857774622473982618, -17.68803333724909876, 45.47342545291090232 ) ) ;
#1150 = VECTOR ( 'NONE', #2599, 1000.000000000000000 ) ;
#1151 = CARTESIAN_POINT ( 'NONE',  ( 86.40000000000000568, -58.25464714294840007, 0.000000000000000000 ) ) ;
#1152 = ADVANCED_FACE ( 'NONE', ( #4608 ), #1086, .T. ) ;
#1153 =( BOUNDED_SURFACE ( )  B_SPLINE_SURFACE ( 3, 3, ( 
 ( #1442, #5358, #2241, #4453, #592, #3635, #3668 ),
 ( #2303, #3178, #3966, #5392, #4026, #3085, #167 ),
 ( #3211, #1884, #4818, #957, #3607, #4908, #1049 ),
 ( #2758, #4218, #5074, #5030, #358, #4626, #4969 ),
 ( #2073, #2420, #2445, #5420, #2467, #3299, #4147 ),
 ( #338, #2392, #1111, #3726, #3756, #1216, #2052 ),
 ( #1558, #3344, #3322, #3271, #287, #4196, #2817 ),
 ( #3697, #3776, #4549, #711, #1140, #5052, #312 ),
 ( #1170, #4580, #5473, #680, #4116, #2917, #2873 ),
 ( #3798, #759, #1611, #259, #5001, #1973, #2849 ) ),
 .UNSPECIFIED., .F., .F., .T. ) 
 B_SPLINE_SURFACE_WITH_KNOTS ( ( 4, 2, 2, 2, 4 ),
 ( 4, 3, 4 ),
 ( 0.000000000000000000, 0.2500000000000000000, 0.5000000000000000000, 0.7500000000000000000, 1.000000000000000000 ),
 ( 0.000000000000000000, 0.5000000000000000000, 1.000000000000000000 ),
 .UNSPECIFIED. ) 
 GEOMETRIC_REPRESENTATION_ITEM ( )  RATIONAL_B_SPLINE_SURFACE ( (
 ( 1.000000000000000000, 0.8022468501230819449, 0.8022468501230819449, 1.000000000000000000, 0.8022468501230819449, 0.8022468501230819449, 1.000000000000000000),
 ( 1.000000000000000000, 0.8022468501230819449, 0.8022468501230819449, 1.000000000000000000, 0.8022468501230819449, 0.8022468501230819449, 1.000000000000000000),
 ( 1.000000000000000000, 0.8022468501230819449, 0.8022468501230819449, 1.000000000000000000, 0.8022468501230819449, 0.8022468501230819449, 1.000000000000000000),
 ( 1.000000000000000000, 0.8022468501230819449, 0.8022468501230819449, 1.000000000000000000, 0.8022468501230819449, 0.8022468501230819449, 1.000000000000000000),
 ( 1.000000000000000000, 0.8022468501230819449, 0.8022468501230819449, 1.000000000000000000, 0.8022468501230819449, 0.8022468501230819449, 1.000000000000000000),
 ( 1.000000000000000000, 0.8022468501230819449, 0.8022468501230819449, 1.000000000000000000, 0.8022468501230819449, 0.8022468501230819449, 1.000000000000000000),
 ( 1.000000000000000000, 0.8022468501230819449, 0.8022468501230819449, 1.000000000000000000, 0.8022468501230819449, 0.8022468501230819449, 1.000000000000000000),
 ( 1.000000000000000000, 0.8022468501230819449, 0.8022468501230819449, 1.000000000000000000, 0.8022468501230819449, 0.8022468501230819449, 1.000000000000000000),
 ( 1.000000000000000000, 0.8022468501230819449, 0.8022468501230819449, 1.000000000000000000, 0.8022468501230819449, 0.8022468501230819449, 1.000000000000000000),
 ( 1.000000000000000000, 0.8022468501230819449, 0.8022468501230819449, 1.000000000000000000, 0.8022468501230819449, 0.8022468501230819449, 1.000000000000000000) ) ) 
 REPRESENTATION_ITEM ( '' )  SURFACE ( )  );
#1154 = LINE ( 'NONE', #5011, #4460 ) ;
#1155 = CARTESIAN_POINT ( 'NONE',  ( 136.4512126208165341, -20.95902901126089901, 86.80962591943116990 ) ) ;
#1156 = CARTESIAN_POINT ( 'NONE',  ( -9.180006245850035995, -42.28221066252147864, 1.123991167728281892 ) ) ;
#1157 = ORIENTED_EDGE ( 'NONE', *, *, #3180, .F. ) ;
#1158 = CARTESIAN_POINT ( 'NONE',  ( 7.343999999886255736, -42.08584460787655956, 4.080858128201898512E-05 ) ) ;
#1159 = VERTEX_POINT ( 'NONE', #2792 ) ;
#1160 = CARTESIAN_POINT ( 'NONE',  ( -4.144990330531938660, -36.84642591583126148, 12.28726131754633144 ) ) ;
#1161 = B_SPLINE_CURVE_WITH_KNOTS ( 'NONE', 2,
 ( #2573, #2079, #342 ),
 .UNSPECIFIED., .F., .F.,
 ( 3, 3 ),
 ( 0.001208225356028573864, 0.7334610202777239740 ),
 .UNSPECIFIED. ) ;
#1162 = CARTESIAN_POINT ( 'NONE',  ( 137.3667322016423782, -6.042206017375241878, 90.83011109231738089 ) ) ;
#1163 = CARTESIAN_POINT ( 'NONE',  ( -17.60597693396299945, -6.042206017373009885, -5.961328787590949350E-15 ) ) ;
#1164 = CARTESIAN_POINT ( 'NONE',  ( 187.1894631520371490, -6.042206017375288951, 26.04281503559194277 ) ) ;
#1165 = CARTESIAN_POINT ( 'NONE',  ( 23.28680127683837142, -6.042206017375295168, -82.66783443726335179 ) ) ;
#1166 = CARTESIAN_POINT ( 'NONE',  ( -5.334285984052018037, -36.93225387966910489, 11.86281265238372207 ) ) ;
#1167 = CARTESIAN_POINT ( 'NONE',  ( 8.012963945778968977, -42.05812882122486229, 4.116443057286931051 ) ) ;
#1168 = CARTESIAN_POINT ( 'NONE',  ( 73.65499999999991587, -63.39640923772795134, -25.49000000000009081 ) ) ;
#1169 = CARTESIAN_POINT ( 'NONE',  ( -5.508003405735345304, -41.96905124318064395, 0.6128881944211516108 ) ) ;
#1170 = CARTESIAN_POINT ( 'NONE',  ( 62.18813599872329689, -57.95386985700420013, -0.5104959647316559268 ) ) ;
#1171 = DIRECTION ( 'NONE',  ( 0.000000000000000000, -1.000000000000000000, 0.000000000000000000 ) ) ;
#1172 = CARTESIAN_POINT ( 'NONE',  ( -0.8133793080363451722, -36.69830525507467911, 12.98160394831510089 ) ) ;
#1173 = EDGE_CURVE ( 'NONE', #349, #3259, #3760, .T. ) ;
#1174 = CARTESIAN_POINT ( 'NONE',  ( -1.460697549432166786, -37.46046635530522906, -8.885566106971269917 ) ) ;
#1175 = CARTESIAN_POINT ( 'NONE',  ( 18.00167271112637124, -33.90767862203537675, -22.36151038148295100 ) ) ;
#1176 = VERTEX_POINT ( 'NONE', #1949 ) ;
#1177 = CARTESIAN_POINT ( 'NONE',  ( -4.500489974407376970, -37.62080656854831773, -7.799545845500212238 ) ) ;
#1178 = ADVANCED_FACE ( 'NONE', ( #3327 ), #578, .F. ) ;
#1179 = CARTESIAN_POINT ( 'NONE',  ( 5.045374314827374640, -14.47149713504008339, 53.19996690116064997 ) ) ;
#1180 = CARTESIAN_POINT ( 'NONE',  ( -6.261848139220889564, -13.94371515320611898, -1.953732251145784860 ) ) ;
#1181 = CARTESIAN_POINT ( 'NONE',  ( 3.671988453322127199, -41.86434038014102299, 2.077975135882008662 ) ) ;
#1182 = CARTESIAN_POINT ( 'NONE',  ( -3.672006245935334423, -41.88114297891964100, 1.124021774164246645 ) ) ;
#1183 = ORIENTED_EDGE ( 'NONE', *, *, #2020, .T. ) ;
#1184 = CARTESIAN_POINT ( 'NONE',  ( -5.321145201891835264, -36.94363571542519509, 11.80538456476227083 ) ) ;
#1185 = CARTESIAN_POINT ( 'NONE',  ( -22.00000000000000000, -6.042206025863530172, -58.61996199853950884 ) ) ;
#1186 = CARTESIAN_POINT ( 'NONE',  ( 188.1326077129205601, -6.042206017375292504, 21.62686256319726397 ) ) ;
#1187 = CARTESIAN_POINT ( 'NONE',  ( 92.81261857449567287, -6.042206017375328919, -103.8141171036069608 ) ) ;
#1188 = CARTESIAN_POINT ( 'NONE',  ( 40.60360956192334214, -50.78462308660646585, -91.59278087615335551 ) ) ;
#1189 = CARTESIAN_POINT ( 'NONE',  ( 7.568168270979975354, -41.98937689492972680, 4.872862643179437292 ) ) ;
#1190 = CARTESIAN_POINT ( 'NONE',  ( -17.60597693396296748, -6.042206017372975246, -208.0119538679261098 ) ) ;
#1191 = CARTESIAN_POINT ( 'NONE',  ( 9.179998297799375706, -42.31469511203059142, 0.3063571067765188949 ) ) ;
#1192 = CARTESIAN_POINT ( 'NONE',  ( -5.109582830806991940E-06, -41.79199488310535315, 0.9195315056643229568 ) ) ;
#1193 = CARTESIAN_POINT ( 'NONE',  ( 13.52988742019620361, -30.87275559786155554, -36.60451452105797188 ) ) ;
#1194 = CARTESIAN_POINT ( 'NONE',  ( -18.00000000000000000, -11.27713467053115970, 50.82238809104900668 ) ) ;
#1195 = CARTESIAN_POINT ( 'NONE',  ( -6.838387421857592408, -37.08737352017158884, 11.06410911388349660 ) ) ;
#1196 = CARTESIAN_POINT ( 'NONE',  ( -8.999999999658744088, -38.28177645344616309, -0.5956811891528690506 ) ) ;
#1197 = B_SPLINE_CURVE_WITH_KNOTS ( 'NONE', 3,
 ( #4349, #4380, #2228, #4290 ),
 .UNSPECIFIED., .F., .F.,
 ( 4, 4 ),
 ( 0.02833646188918180139, 0.02848157221526879945 ),
 .UNSPECIFIED. ) ;
#1198 = CARTESIAN_POINT ( 'NONE',  ( 14.30525896053716473, -26.17475898216962094, -36.26352401252749758 ) ) ;
#1199 = ADVANCED_FACE ( 'NONE', ( #3215 ), #5364, .T. ) ;
#1200 = VERTEX_POINT ( 'NONE', #4059 ) ;
#1201 = AXIS2_PLACEMENT_3D ( 'NONE', #4695, #887, #36 ) ;
#1202 = CARTESIAN_POINT ( 'NONE',  ( 86.40000000000000568, -6.042206017375288951, 0.000000000000000000 ) ) ;
#1203 = CARTESIAN_POINT ( 'NONE',  ( 5.898621856989717749, -10.41167568218925510, -51.21413579077877642 ) ) ;
#1204 = CARTESIAN_POINT ( 'NONE',  ( 185.3328331859802063, -6.042206017369121440, 58.43903465427121091 ) ) ;
#1205 = CARTESIAN_POINT ( 'NONE',  ( -7.344005109469097903, -42.10820935120748487, 0.9194906970830358794 ) ) ;
#1206 = CARTESIAN_POINT ( 'NONE',  ( -3.672005109525966038, -41.88319390030806488, 0.9195111013736793071 ) ) ;
#1207 = ORIENTED_EDGE ( 'NONE', *, *, #2484, .T. ) ;
#1208 = CARTESIAN_POINT ( 'NONE',  ( -17.60597693396296748, -6.042206017373006333, 208.0119538679257687 ) ) ;
#1209 = CARTESIAN_POINT ( 'NONE',  ( 188.7390686086287133, -6.042206017375296057, 18.58742210967016106 ) ) ;
#1210 = CARTESIAN_POINT ( 'NONE',  ( 56.43129346632407106, -6.042206017375313820, -99.59479070041690818 ) ) ;
#1211 = CARTESIAN_POINT ( 'NONE',  ( 103.1449999999999960, -58.93658393131480011, 2.050671065172235212E-15 ) ) ;
#1212 = CARTESIAN_POINT ( 'NONE',  ( 5.600455814370366880, -41.75337542051633477, 7.046864324533404833 ) ) ;
#1213 = CARTESIAN_POINT ( 'NONE',  ( 8.573943548412808369, -37.32443971852515574, 9.742470686329330221 ) ) ;
#1214 = CARTESIAN_POINT ( 'NONE',  ( -9.179993753865668182, -42.28220595411872296, -1.124093189181505137 ) ) ;
#1215 = ADVANCED_FACE ( 'NONE', ( #3701 ), #3398, .T. ) ;
#1216 = CARTESIAN_POINT ( 'NONE',  ( 139.1842759379920551, -47.26221975847412438, 31.17935705876518426 ) ) ;
#1217 = CARTESIAN_POINT ( 'NONE',  ( -5.747812694102960350E-15, -38.31026286157670313, 0.000000000000000000 ) ) ;
#1218 = CARTESIAN_POINT ( 'NONE',  ( 2.987501993607653450, -36.76772144345349602, 12.65930748850978560 ) ) ;
#1219 = CARTESIAN_POINT ( 'NONE',  ( 1.188343578768132458, -37.45191893448763665, -8.940926051268814234 ) ) ;
#1220 = CARTESIAN_POINT ( 'NONE',  ( 8.698638991810801357, -42.19117814708649661, 2.328282331605917133 ) ) ;
#1221 = ORIENTED_EDGE ( 'NONE', *, *, #2347, .F. ) ;
#1222 = AXIS2_PLACEMENT_3D ( 'NONE', #894, #3483, #864 ) ;
#1223 = CARTESIAN_POINT ( 'NONE',  ( 13.44039251819839187, -24.47945999565357411, -38.41812254179244235 ) ) ;
#1224 = AXIS2_PLACEMENT_3D ( 'NONE', #3813, #3768, #3291 ) ;
#1225 = CARTESIAN_POINT ( 'NONE',  ( -18.00000000000000000, -32.29571161549034741, 26.62793936103274817 ) ) ;
#1226 = VECTOR ( 'NONE', #643, 1000.000000000000000 ) ;
#1227 = CARTESIAN_POINT ( 'NONE',  ( 179.0824426214868765, -13.94371515320614918, 54.74696621714786460 ) ) ;
#1228 = CARTESIAN_POINT ( 'NONE',  ( 7.343983152636445411, -42.05000831296262476, 3.031908093309124919 ) ) ;
#1229 = EDGE_CURVE ( 'NONE', #3713, #3654, #3749, .T. ) ;
#1230 = CARTESIAN_POINT ( 'NONE',  ( 7.343988453265270167, -42.08122616298213359, 2.077995540172650646 ) ) ;
#1231 = EDGE_LOOP ( 'NONE', ( #1800, #4836 ) ) ;
#1232 = CARTESIAN_POINT ( 'NONE',  ( 0.4875835940445613637, -6.042206017374149418, 58.61996200337879515 ) ) ;
#1233 = CARTESIAN_POINT ( 'NONE',  ( 78.77172211260065637, -6.042206017375217009, 103.7318753614218281 ) ) ;
#1234 = CARTESIAN_POINT ( 'NONE',  ( 188.0864593618786103, -6.042206017375314708, -21.84283342678003592 ) ) ;
#1235 = CARTESIAN_POINT ( 'NONE',  ( 103.1449999999998965, -58.93658393131480722, -33.48999999999982435 ) ) ;
#1236 = CARTESIAN_POINT ( 'NONE',  ( 3.990175535694601816, -41.62086968798676878, 8.072606449228089787 ) ) ;
#1237 = CARTESIAN_POINT ( 'NONE',  ( 103.1449999999999960, -58.93658393131480011, 2.050671065172235212E-15 ) ) ;
#1238 = CARTESIAN_POINT ( 'NONE',  ( -3.671998865237520171, -41.88910478152792649, -0.2042244683239247405 ) ) ;
#1239 = CARTESIAN_POINT ( 'NONE',  ( 6.887944888393858989, -17.91697035491106504, 50.53900899687877057 ) ) ;
#1240 = DIRECTION ( 'NONE',  ( 1.000000000000000000, -3.074555195481524923E-16, 0.000000000000000000 ) ) ;
#1241 = CARTESIAN_POINT ( 'NONE',  ( -9.761770562783528504, -37.50266064995104642, 8.627640105346747745 ) ) ;
#1242 = CARTESIAN_POINT ( 'NONE',  ( 3.997140869949340480, -37.58261839734927179, -8.069055544350483444 ) ) ;
#1243 = CARTESIAN_POINT ( 'NONE',  ( -0.001283415555051344069, -38.31026286157670313, -0.06168758558244399198 ) ) ;
#1244 = DIRECTION ( 'NONE',  ( -1.000000000000000000, 0.000000000000000000, -0.000000000000000000 ) ) ;
#1245 = ORIENTED_EDGE ( 'NONE', *, *, #5215, .T. ) ;
#1246 = CARTESIAN_POINT ( 'NONE',  ( -22.00000000000000000, -42.30756013076910449, -5.181181809388050601E-15 ) ) ;
#1247 = CARTESIAN_POINT ( 'NONE',  ( 9.179953323200054527, -41.87591202975677618, 8.400082666214604643 ) ) ;
#1248 = CARTESIAN_POINT ( 'NONE',  ( 86.22349912700521202, -58.93658393131480011, 16.74406976937894953 ) ) ;
#1249 = CARTESIAN_POINT ( 'NONE',  ( 3.671994890360303909, -41.88319309293466119, 0.9195519099549662734 ) ) ;
#1250 = CARTESIAN_POINT ( 'NONE',  ( 5.507988453293688025, -41.96221732434155882, 2.077985338027329654 ) ) ;
#1251 = ORIENTED_EDGE ( 'NONE', *, *, #2472, .T. ) ;
#1252 = CARTESIAN_POINT ( 'NONE',  ( 149.6614994673865908, -58.99259783589949535, 1.137326972296151752E-14 ) ) ;
#1253 = ADVANCED_FACE ( 'NONE', ( #225 ), #2359, .F. ) ;
#1254 = CARTESIAN_POINT ( 'NONE',  ( 131.6184373623058832, -6.042206017375334248, -93.66337317634318538 ) ) ;
#1255 = CARTESIAN_POINT ( 'NONE',  ( 69.65500000000000114, -58.93658393131480011, -4.101342130344464114E-15 ) ) ;
#1256 = ORIENTED_EDGE ( 'NONE', *, *, #4539, .T. ) ;
#1257 = CARTESIAN_POINT ( 'NONE',  ( -8.528903088012558698, -37.31736395709852161, 9.784796106422810169 ) ) ;
#1258 = CARTESIAN_POINT ( 'NONE',  ( 1.134705611842493951E-06, -41.79338277994687445, -0.2042040640332813128 ) ) ;
#1259 = ADVANCED_FACE ( 'NONE', ( #3115 ), #4848, .T. ) ;
#1260 = PLANE ( 'NONE',  #4363 ) ;
#1261 = CARTESIAN_POINT ( 'NONE',  ( 10.57422407947335330, -37.65271134777179896, 7.573942032793381074 ) ) ;
#1262 = DIRECTION ( 'NONE',  ( 0.000000000000000000, 0.000000000000000000, 1.000000000000000000 ) ) ;
#1263 = CARTESIAN_POINT ( 'NONE',  ( -8.926559020026717306, -42.25641629488558237, 1.185214966311494367 ) ) ;
#1264 = CARTESIAN_POINT ( 'NONE',  ( 190.4059769339629895, -6.042206017373020543, -208.0119538679261098 ) ) ;
#1265 = CARTESIAN_POINT ( 'NONE',  ( 7.344046676544021324, -41.74793702330202194, -8.399990846906705499 ) ) ;
#1266 = ORIENTED_EDGE ( 'NONE', *, *, #3488, .F. ) ;
#1267 = DIRECTION ( 'NONE',  ( 0.000000000000000000, 0.000000000000000000, 1.000000000000000000 ) ) ;
#1268 = CARTESIAN_POINT ( 'NONE',  ( 0.000000000000000000, -70.00000000000000000, 0.000000000000000000 ) ) ;
#1269 = CARTESIAN_POINT ( 'NONE',  ( -6.459245638230300735, -37.05646852639482347, 11.22652054377295983 ) ) ;
#1270 = VECTOR ( 'NONE', #2544, 1000.000000000000000 ) ;
#1271 = CARTESIAN_POINT ( 'NONE',  ( -9.180046676515619453, -41.87592484899965228, 8.399980644761388504 ) ) ;
#1272 = CARTESIAN_POINT ( 'NONE',  ( 132.1963904380773158, -50.78462308660635927, 27.05165476076345143 ) ) ;
#1273 = CARTESIAN_POINT ( 'NONE',  ( -7.343998297827839750, -42.11316998251306387, -0.3063469046312061184 ) ) ;
#1274 = CARTESIAN_POINT ( 'NONE',  ( 9.180006245850007573, -42.28221066246754845, -1.123991167728288998 ) ) ;
#1275 = ORIENTED_EDGE ( 'NONE', *, *, #3289, .F. ) ;
#1276 = CARTESIAN_POINT ( 'NONE',  ( -5.498245137743829503, -41.74135816121949460, -7.149896993931758260 ) ) ;
#1277 = CARTESIAN_POINT ( 'NONE',  ( 113.6430069678899173, -6.042206017375332472, -100.3761402191806980 ) ) ;
#1278 = CARTESIAN_POINT ( 'NONE',  ( -8.574155806482504971, -42.16263390447734594, 2.763461232792275624 ) ) ;
#1279 = CARTESIAN_POINT ( 'NONE',  ( -18.00000000000000000, -34.34959553575265545, -21.81000826438560125 ) ) ;
#1280 = DIRECTION ( 'NONE',  ( 0.000000000000000000, -1.000000000000000000, 0.000000000000000000 ) ) ;
#1281 = EDGE_CURVE ( 'NONE', #1508, #764, #3128, .T. ) ;
#1282 = DIRECTION ( 'NONE',  ( 0.000000000000000000, -1.000000000000000000, 0.000000000000000000 ) ) ;
#1283 = CARTESIAN_POINT ( 'NONE',  ( -7.344001134591914060, -42.10616211114324159, 0.2041632554519856035 ) ) ;
#1284 = FACE_OUTER_BOUND ( 'NONE', #4289, .T. ) ;
#1285 = CARTESIAN_POINT ( 'NONE',  ( 5.775231352419548436, -36.97372082732830023, 11.65446467817319309 ) ) ;
#1286 = CARTESIAN_POINT ( 'NONE',  ( 18.82837672200436074, -42.30756013076909738, -4.854139997231178318E-15 ) ) ;
#1287 = CARTESIAN_POINT ( 'NONE',  ( 6.571933751220771391, -41.85756989883699930, 6.155925684349171867 ) ) ;
#1288 = CARTESIAN_POINT ( 'NONE',  ( 8.999999999999989342, -42.28566622599510794, -0.5952736460320098288 ) ) ;
#1289 = CARTESIAN_POINT ( 'NONE',  ( -4.761732256982641687, -41.67815151217669012, -7.642888662210546080 ) ) ;
#1290 = CARTESIAN_POINT ( 'NONE',  ( 7.344042342356608799, -41.80212089860879843, -7.620001164476099653 ) ) ;
#1291 = ORIENTED_EDGE ( 'NONE', *, *, #1615, .F. ) ;
#1292 = CARTESIAN_POINT ( 'NONE',  ( -9.000000000000012434, -42.28582793665280803, -0.5908768929720934482 ) ) ;
#1293 = DIRECTION ( 'NONE',  ( 1.000000000000000000, 0.000000000000000000, 0.000000000000000000 ) ) ;
#1294 = CARTESIAN_POINT ( 'NONE',  ( -12.29544994587105755, -38.03478636456834039, 4.241741757634646781 ) ) ;
#1295 = AXIS2_PLACEMENT_3D ( 'NONE', #829, #4259, #401 ) ;
#1296 = ORIENTED_EDGE ( 'NONE', *, *, #5305, .F. ) ;
#1297 = CARTESIAN_POINT ( 'NONE',  ( 17.75841179683907711, -40.28156867833057220, -15.56062431282831149 ) ) ;
#1298 = VECTOR ( 'NONE', #163, 1000.000000000000000 ) ;
#1299 = CARTESIAN_POINT ( 'NONE',  ( 117.9131557670229995, -56.13001623236039705, 1.387778780781445991E-14 ) ) ;
#1300 = CARTESIAN_POINT ( 'NONE',  ( 3.672003405763748507, -41.88853576701349368, -0.6128983965664814848 ) ) ;
#1301 = CARTESIAN_POINT ( 'NONE',  ( -3.671998865237520171, -41.88910478152792649, -0.2042244683239247405 ) ) ;
#1302 = ORIENTED_EDGE ( 'NONE', *, *, #1917, .T. ) ;
#1303 = AXIS2_PLACEMENT_3D ( 'NONE', #4664, #2506, #4233 ) ;
#1304 = CARTESIAN_POINT ( 'NONE',  ( -8.927404844636422254, -42.25677792597788596, -1.178109202016740520 ) ) ;
#1305 = CARTESIAN_POINT ( 'NONE',  ( 179.4148746725010426, -6.042206017375323590, -46.53467944306902382 ) ) ;
#1306 = CARTESIAN_POINT ( 'NONE',  ( 5.131119223686044784, -41.70985580369718804, 7.395510517189014976 ) ) ;
#1307 = FACE_OUTER_BOUND ( 'NONE', #5500, .T. ) ;
#1308 = VERTEX_POINT ( 'NONE', #137 ) ;
#1309 = B_SPLINE_CURVE_WITH_KNOTS ( 'NONE', 3,
 ( #4096, #693, #4701, #3679, #5010, #2922, #3825, #4677, #240, #5521 ),
 .UNSPECIFIED., .F., .F.,
 ( 4, 2, 2, 2, 4 ),
 ( 4.049752731053163438E-17, 0.01636899988670016334, 0.03273799977340028505, 0.04910699966010040329, 0.06527498529413122696 ),
 .UNSPECIFIED. ) ;
#1310 = CARTESIAN_POINT ( 'NONE',  ( -8.999999999999994671, -42.30661100815937914, 2.485838006965530312E-17 ) ) ;
#1311 = VECTOR ( 'NONE', #123, 1000.000000000000000 ) ;
#1312 = DIRECTION ( 'NONE',  ( 0.000000000000000000, 0.000000000000000000, 1.000000000000000000 ) ) ;
#1313 = CARTESIAN_POINT ( 'NONE',  ( 7.344038008169198051, -41.85265049061969478, -6.840011482045492031 ) ) ;
#1314 =( BOUNDED_SURFACE ( )  B_SPLINE_SURFACE ( 2, 3, ( 
 ( #1163, #1208, #330, #1648 ),
 ( #2910, #4210, #3358, #1252 ),
 ( #3744, #5533, #5089, #5465 ) ),
 .UNSPECIFIED., .F., .F., .F. ) 
 B_SPLINE_SURFACE_WITH_KNOTS ( ( 3, 3 ),
 ( 4, 4 ),
 ( 0.001208225356013006022, 0.7334610202777239740 ),
 ( 0.000000000000000000, 1.000000000000000000 ),
 .UNSPECIFIED. ) 
 GEOMETRIC_REPRESENTATION_ITEM ( )  RATIONAL_B_SPLINE_SURFACE ( (
 ( 1.000000000000000000, 0.3333333333333335369, 0.3333333333333335369, 1.000000000000000000),
 ( 1.000000000000000000, 0.3333333333333335369, 0.3333333333333335369, 1.000000000000000000),
 ( 1.000000000000000000, 0.3333333333333335369, 0.3333333333333335369, 1.000000000000000000) ) ) 
 REPRESENTATION_ITEM ( '' )  SURFACE ( )  );
#1315 = CARTESIAN_POINT ( 'NONE',  ( 86.40000000000000568, -6.042206017372989457, 0.000000000000000000 ) ) ;
#1316 = CARTESIAN_POINT ( 'NONE',  ( -0.3879967540961757888, -36.69403519756542664, 13.00113210660045659 ) ) ;
#1317 = CARTESIAN_POINT ( 'NONE',  ( -9.000000000000000000, -38.30472695027329877, -3.659182332138580620E-15 ) ) ;
#1318 = CARTESIAN_POINT ( 'NONE',  ( 3.672006245935305113, -41.88114297932266084, -1.124021774164253751 ) ) ;
#1319 = CARTESIAN_POINT ( 'NONE',  ( 19.07334698233634995, -42.30756013076910449, -5.181181809388050601E-15 ) ) ;
#1320 = CARTESIAN_POINT ( 'NONE',  ( 69.65500000000001535, -58.25464714294840007, 0.000000000000000000 ) ) ;
#1321 = CARTESIAN_POINT ( 'NONE',  ( 8.073075332794617864, -42.06859304322124871, -3.989247356482459317 ) ) ;
#1322 = CARTESIAN_POINT ( 'NONE',  ( -9.179948989012672200, -41.81641118698128423, -9.180072348645209601 ) ) ;
#1323 = ORIENTED_EDGE ( 'NONE', *, *, #2453, .T. ) ;
#1324 = PLANE ( 'NONE',  #3795 ) ;
#1325 = EDGE_CURVE ( 'NONE', #4332, #2103, #985, .T. ) ;
#1326 = CARTESIAN_POINT ( 'NONE',  ( -8.998799112008940781, -38.31026286157670313, 0.1470188481355286236 ) ) ;
#1327 = CARTESIAN_POINT ( 'NONE',  ( 185.3328331859785010, -6.042206017371060334, 1.211577774917876053E-14 ) ) ;
#1328 = EDGE_LOOP ( 'NONE', ( #4313, #4226 ) ) ;
#1329 = CARTESIAN_POINT ( 'NONE',  ( 12.03677388591628272, -38.30472708429529405, 5.696872552689302704E-13 ) ) ;
#1330 = CARTESIAN_POINT ( 'NONE',  ( 132.9208217897103452, -6.042206017375241878, 93.02181895228687836 ) ) ;
#1331 = CARTESIAN_POINT ( 'NONE',  ( 103.1449999999999960, -58.25464714294840007, 2.050671065172243495E-15 ) ) ;
#1332 = CARTESIAN_POINT ( 'NONE',  ( -5.508001134620344352, -41.97551094595849719, 0.2041734575973071786 ) ) ;
#1333 = CARTESIAN_POINT ( 'NONE',  ( -9.179983152608054198, -42.20094904036889005, -3.031918295454451240 ) ) ;
#1334 = VERTEX_POINT ( 'NONE', #1944 ) ;
#1335 = CARTESIAN_POINT ( 'NONE',  ( -8.426069860403147871, -42.13266516055623612, -3.176164278936525420 ) ) ;
#1336 = CARTESIAN_POINT ( 'NONE',  ( 181.3939989943756927, -6.042206017375323590, -42.57798959789953130 ) ) ;
#1337 = CARTESIAN_POINT ( 'NONE',  ( -8.425563602004029207, -42.13266455252909282, 3.177498865126604066 ) ) ;
#1338 = CARTESIAN_POINT ( 'NONE',  ( 8.093929932258774329, -38.05626422716583335, -3.979458645473548550 ) ) ;
#1339 = VERTEX_POINT ( 'NONE', #3575 ) ;
#1340 = DIRECTION ( 'NONE',  ( 1.000000000000000000, 0.000000000000000000, 0.000000000000000000 ) ) ;
#1341 = DIRECTION ( 'NONE',  ( 0.000000000000000000, 0.000000000000000000, 1.000000000000000000 ) ) ;
#1342 = CARTESIAN_POINT ( 'NONE',  ( 3.672021011412359481, -41.81617290948472743, -3.781248760783106899 ) ) ;
#1343 = CARTESIAN_POINT ( 'NONE',  ( 18.74757609822827931, -42.24943900729414992, -1.580255940616882793 ) ) ;
#1344 = CARTESIAN_POINT ( 'NONE',  ( -10.29932705565437168, -37.59905181235391325, 7.977126794244509433 ) ) ;
#1345 = LINE ( 'NONE', #11, #4738 ) ;
#1346 = CARTESIAN_POINT ( 'NONE',  ( -7.343970490010194752, -41.94464159680104842, -5.310701536431548853 ) ) ;
#1347 = CARTESIAN_POINT ( 'NONE',  ( -3.984947420362916493, -41.62058394732132882, 8.075086830888229983 ) ) ;
#1348 = CARTESIAN_POINT ( 'NONE',  ( 3.493117819995029016, -6.042206017372022231, 53.98290812280603745 ) ) ;
#1349 = CARTESIAN_POINT ( 'NONE',  ( 3.714099161848771757, -41.60294520991210732, -8.203214826712343921 ) ) ;
#1350 = CARTESIAN_POINT ( 'NONE',  ( -0.2871153952215060312, -41.48877835809577164, 9.000221177952580476 ) ) ;
#1351 = CARTESIAN_POINT ( 'NONE',  ( -5.747812694102960350E-15, -38.31026286157670313, 0.000000000000000000 ) ) ;
#1352 = CARTESIAN_POINT ( 'NONE',  ( 99.14499999999999602, -63.39640923772800818, 2.291319741699659959E-15 ) ) ;
#1353 = ADVANCED_FACE ( 'NONE', ( #621 ), #1153, .T. ) ;
#1354 = CARTESIAN_POINT ( 'NONE',  ( -22.00000000000000000, -42.30756013076910449, -5.181181809388050601E-15 ) ) ;
#1355 = ORIENTED_EDGE ( 'NONE', *, *, #2050, .T. ) ;
#1356 = CARTESIAN_POINT ( 'NONE',  ( 9.137446488759630725, -22.17441248079708060, -46.83460421283538722 ) ) ;
#1357 = CARTESIAN_POINT ( 'NONE',  ( 59.38541746502199459, -6.042206017375215232, 100.4424221510036261 ) ) ;
#1358 = PLANE ( 'NONE',  #2388 ) ;
#1359 = CARTESIAN_POINT ( 'NONE',  ( -7.343996594065657746, -42.11401773308335805, -0.6129596094384111016 ) ) ;
#1360 = CARTESIAN_POINT ( 'NONE',  ( -3.671994890360334995, -41.88319309264451107, -0.9195519099549736008 ) ) ;
#1361 = EDGE_CURVE ( 'NONE', #2286, #1508, #1600, .T. ) ;
#1362 = ORIENTED_EDGE ( 'NONE', *, *, #3030, .F. ) ;
#1363 = CARTESIAN_POINT ( 'NONE',  ( 13.15949949251191953, -38.13805647533410337, 4.535102704269229790 ) ) ;
#1364 = VECTOR ( 'NONE', #4023, 1000.000000000000000 ) ;
#1365 = CARTESIAN_POINT ( 'NONE',  ( -1.464809999216595271, -41.50635418471077998, 8.881258892691503704 ) ) ;
#1366 = CARTESIAN_POINT ( 'NONE',  ( 3.466779027732671992, -37.54611594013237408, -8.321001093523131331 ) ) ;
#1367 = ORIENTED_EDGE ( 'NONE', *, *, #2395, .T. ) ;
#1368 = FACE_OUTER_BOUND ( 'NONE', #4759, .T. ) ;
#1369 = EDGE_LOOP ( 'NONE', ( #3073, #1988, #5274, #1221, #2680 ) ) ;
#1370 = APPROVAL_PERSON_ORGANIZATION ( #3673, #1649, #5397 ) ;
#1371 = CARTESIAN_POINT ( 'NONE',  ( -8.032606958652793949, -38.04535716137957735, 4.101323688453797800 ) ) ;
#1372 = CARTESIAN_POINT ( 'NONE',  ( -3.671953323285381821, -41.56764441687351308, -8.400052059778637670 ) ) ;
#1373 = CARTESIAN_POINT ( 'NONE',  ( -8.663172219880289404, -38.17396141349787797, 2.456751096046654315 ) ) ;
#1374 = CARTESIAN_POINT ( 'NONE',  ( -11.22682310912777304, -37.78314118236261265, 6.568042676641265842 ) ) ;
#1375 = CARTESIAN_POINT ( 'NONE',  ( 20.34536719873065280, -32.29571161549034741, -26.62793936103274817 ) ) ;
#1376 = CARTESIAN_POINT ( 'NONE',  ( 7.344011546507243970, -42.08122902396473108, -2.077913923010083597 ) ) ;
#1377 = CARTESIAN_POINT ( 'NONE',  ( 19.07334698233634995, -40.88189669053594599, -38.76238080152555199 ) ) ;
#1378 = CARTESIAN_POINT ( 'NONE',  ( 8.999999999969618969, -42.30661158411304257, 0.1490837845215094160 ) ) ;
#1379 = EDGE_CURVE ( 'NONE', #4945, #87, #890, .T. ) ;
#1380 = CARTESIAN_POINT ( 'NONE',  ( -5.939966243711382710, -41.78721274102245076, -6.767907428371115586 ) ) ;
#1381 = CARTESIAN_POINT ( 'NONE',  ( -8.538648456108807849, -42.15371864319436668, 2.904969089489911838 ) ) ;
#1382 = FACE_BOUND ( 'NONE', #2947, .T. ) ;
#1383 = CARTESIAN_POINT ( 'NONE',  ( -4.259443137613194708, -6.042206017373009885, 0.000000000000000000 ) ) ;
#1384 = B_SPLINE_CURVE_WITH_KNOTS ( 'NONE', 3,
 ( #4966, #1108, #1136, #1043, #2814, #676, #2843, #4577, #1167, #4692, #1606, #1189, #804, #3750, #4214, #736, #1212, #5491, #5537, #2893, #1653, #4623, #1236, #3794, #1699, #2914, #2463, #3362, #2441, #2022, #2960, #4645, #3388, #2510, #4236, #4669, #3841, #5048, #4170, #5469, #5026, #3318, #3340, #5562, #5071, #756, #308, #5514, #378, #4191, #2870, #831, #1629, #782, #2488, #2049, #335, #3772, #5093, #2938, #2536, #4599 ),
 .UNSPECIFIED., .F., .F.,
 ( 4, 2, 2, 2, 1, 2, 2, 2, 2, 2, 2, 2, 2, 2, 2, 2, 2, 2, 2, 2, 2, 2, 2, 2, 2, 2, 2, 2, 1, 2, 2, 4 ),
 ( 0.000000000000000000, 0.06249999999999981959, 0.09374999999999972244, 0.1249999999999996392, 0.1562499999999995559, 0.1718749999999995004, 0.1874999999999994449, 0.2499999999999992784, 0.2812499999999991673, 0.2968749999999992228, 0.3124999999999992228, 0.3437499999999992228, 0.3749999999999992228, 0.4374999999999993894, 0.4687499999999995004, 0.4999999999999995559, 0.5312499999999995559, 0.5468749999999996669, 0.5624999999999996669, 0.6249999999999998890, 0.6562500000000000000, 0.6718750000000001110, 0.6875000000000001110, 0.7187500000000001110, 0.7500000000000001110, 0.8125000000000002220, 0.8437500000000002220, 0.8750000000000002220, 0.9062500000000002220, 0.9218750000000002220, 0.9375000000000002220, 1.000000000000000000 ),
 .UNSPECIFIED. ) ;
#1385 = CARTESIAN_POINT ( 'NONE',  ( -71.46669839058749574, -70.00000000000000000, -137.7671940876994938 ) ) ;
#1386 = ORIENTED_EDGE ( 'NONE', *, *, #1727, .T. ) ;
#1387 = CARTESIAN_POINT ( 'NONE',  ( 5.507983152664885473, -41.92983744923066070, 3.031897891163803926 ) ) ;
#1388 = CARTESIAN_POINT ( 'NONE',  ( 130.0087523577097954, -6.042206017375238325, 94.47644113171429581 ) ) ;
#1389 = B_SPLINE_SURFACE_WITH_KNOTS ( 'NONE', 3, 1, ( 
 ( #3498, #3408 ),
 ( #1394, #3526 ),
 ( #5583, #1363 ),
 ( #2586, #1721 ) ),
 .UNSPECIFIED., .F., .F., .F.,
 ( 4, 4 ),
 ( 2, 2 ),
 ( 0.000000000000000000, 1.000000000000000000 ),
 ( 0.000000000000000000, 1.000000000000000000 ),
 .UNSPECIFIED. ) ;
#1390 = CARTESIAN_POINT ( 'NONE',  ( -12.99840399442346062, -38.31026286157670313, 0.07350942406776220239 ) ) ;
#1391 = CARTESIAN_POINT ( 'NONE',  ( -7.344001134591914060, -42.10616211114324159, 0.2041632554519856035 ) ) ;
#1392 = CARTESIAN_POINT ( 'NONE',  ( 5.508003405735315106, -41.96905124367469142, -0.6128881944211597155 ) ) ;
#1393 = ORIENTED_EDGE ( 'NONE', *, *, #641, .F. ) ;
#1394 = CARTESIAN_POINT ( 'NONE',  ( -13.15518455823439936, -37.58412590509600193, 8.970993739684610446 ) ) ;
#1395 = ADVANCED_FACE ( 'NONE', ( #1284 ), #1260, .F. ) ;
#1396 = CARTESIAN_POINT ( 'NONE',  ( 5.485067765921941785, -41.74227069445703364, 7.137021259140582607 ) ) ;
#1397 = CARTESIAN_POINT ( 'NONE',  ( 12.39938298041205478, -22.46180992702187140, 40.82735526813848281 ) ) ;
#1398 = ORIENTED_EDGE ( 'NONE', *, *, #4786, .F. ) ;
#1399 = DIRECTION ( 'NONE',  ( 0.000000000000000000, -5.078222490274107526E-16, -1.000000000000000000 ) ) ;
#1400 = ORIENTED_EDGE ( 'NONE', *, *, #3380, .F. ) ;
#1401 = LINE ( 'NONE', #3135, #5426 ) ;
#1402 = CARTESIAN_POINT ( 'NONE',  ( 3.672046676600888127, -41.56765029199235784, -8.400011251197348372 ) ) ;
#1403 = CARTESIAN_POINT ( 'NONE',  ( -7.090475100566769662, -37.89882850921774349, 5.573688429112046983 ) ) ;
#1404 = LINE ( 'NONE', #1494, #1226 ) ;
#1405 = CIRCLE ( 'NONE', #141, 13.00000000000000000 ) ;
#1406 = CARTESIAN_POINT ( 'NONE',  ( 5.007853742081249671, -41.69763285053055313, -7.495221434735123367 ) ) ;
#1407 = CARTESIAN_POINT ( 'NONE',  ( 5.508029509790777212, -41.83478860876699201, -5.310630121414299687 ) ) ;
#1408 = CARTESIAN_POINT ( 'NONE',  ( 20.36082540615130299, -15.84325058705650058, 47.33309916941549744 ) ) ;
#1409 = CARTESIAN_POINT ( 'NONE',  ( -4.504629800761464686, -41.65788995800652117, 7.797124061314743670 ) ) ;
#1410 = CARTESIAN_POINT ( 'NONE',  ( 1.464809999216585057, -41.50635418471077287, -8.881258892691519691 ) ) ;
#1411 = CARTESIAN_POINT ( 'NONE',  ( -8.072138544150488926, -42.06845266271101735, 3.990947712476687670 ) ) ;
#1412 = DIRECTION ( 'NONE',  ( 1.000000000000000000, 0.000000000000000000, 0.000000000000000000 ) ) ;
#1413 = CARTESIAN_POINT ( 'NONE',  ( 13.24436795318036175, -33.22972007004624118, -1.542452698203079953 ) ) ;
#1414 = CARTESIAN_POINT ( 'NONE',  ( 0.4875835940445563677, -6.042206017372999227, -58.61996200337879515 ) ) ;
#1415 = ORIENTED_EDGE ( 'NONE', *, *, #1361, .T. ) ;
#1416 = CARTESIAN_POINT ( 'NONE',  ( 132.1963904380766053, -50.78462308660660085, 5.608440296249299316E-15 ) ) ;
#1417 = VERTEX_POINT ( 'NONE', #2964 ) ;
#1418 = CARTESIAN_POINT ( 'NONE',  ( -7.344006245878466288, -42.10689846302548744, 1.124001369873603551 ) ) ;
#1419 = APPROVAL ( #1919, 'UNSPECIFIED' ) ;
#1420 = CARTESIAN_POINT ( 'NONE',  ( 96.52403873416859881, -6.042206017375225890, 103.5122856904731918 ) ) ;
#1421 = FACE_OUTER_BOUND ( 'NONE', #245, .T. ) ;
#1422 = CARTESIAN_POINT ( 'NONE',  ( 9.180003405678450079, -42.30370947901290890, -0.6128677901305166209 ) ) ;
#1423 = CARTESIAN_POINT ( 'NONE',  ( -3.671948989097968408, -41.51274014766395482, -9.180041742209246181 ) ) ;
#1424 = CARTESIAN_POINT ( 'NONE',  ( 12.14496657718509276, -37.99957143651050728, 4.585530178513473665 ) ) ;
#1425 = CARTESIAN_POINT ( 'NONE',  ( 5.508011546535679592, -41.96222113973674084, -2.077924125155405921 ) ) ;
#1426 = CARTESIAN_POINT ( 'NONE',  ( 4.719057447404620298, -8.267803554611552030, 52.63923258009709372 ) ) ;
#1427 = ORIENTED_EDGE ( 'NONE', *, *, #2076, .F. ) ;
#1428 = CARTESIAN_POINT ( 'NONE',  ( -7.344038008169223808, -41.85265049074520505, 6.840011482045491142 ) ) ;
#1429 = ORIENTED_EDGE ( 'NONE', *, *, #1770, .T. ) ;
#1430 = CARTESIAN_POINT ( 'NONE',  ( 8.075784174716597263, -38.05439774034254441, 3.983402176646325454 ) ) ;
#1431 = EDGE_CURVE ( 'NONE', #3716, #2167, #2059, .T. ) ;
#1432 = CARTESIAN_POINT ( 'NONE',  ( -9.179957657387497250, -41.93204332892645425, -7.620092983783992580 ) ) ;
#1433 = CARTESIAN_POINT ( 'NONE',  ( 5.507999999914684253, -41.99430005132508370, 3.060643596046598813E-05 ) ) ;
#1434 = CARTESIAN_POINT ( 'NONE',  ( -22.00000000000000000, -42.30756013076910449, -5.181181809388050601E-15 ) ) ;
#1435 = CARTESIAN_POINT ( 'NONE',  ( -2.340896608653987077, -41.53135840178089921, -8.710303913994064118 ) ) ;
#1436 = CARTESIAN_POINT ( 'NONE',  ( -8.970806591207514558, -42.27765449736904202, -0.7390898058603316834 ) ) ;
#1437 = CARTESIAN_POINT ( 'NONE',  ( 9.180006245850007573, -42.28221066246754845, -1.123991167728288998 ) ) ;
#1438 = CARTESIAN_POINT ( 'NONE',  ( 20.36082540615130299, -38.31026286157670313, -0.1470188481355378107 ) ) ;
#1439 = CARTESIAN_POINT ( 'NONE',  ( 8.981716450599041224, -42.28366107153038911, 0.5921155856104466375 ) ) ;
#1440 = CARTESIAN_POINT ( 'NONE',  ( 13.22810880880770590, -33.22972007004717909, -146.3437823823845179 ) ) ;
#1441 = CARTESIAN_POINT ( 'NONE',  ( -5.508046676572485367, -41.64574234806982389, 8.400001049052029600 ) ) ;
#1442 = CARTESIAN_POINT ( 'NONE',  ( -12.51084983702054032, -6.042206017369079696, -2.085489564426569853 ) ) ;
#1443 = CARTESIAN_POINT ( 'NONE',  ( 40.04354083764201278, -50.78462308660629532, 26.08026258266927400 ) ) ;
#1444 = CARTESIAN_POINT ( 'NONE',  ( -2.264828242052438600, -37.48663712169098972, 8.715289160492686094 ) ) ;
#1445 = ORIENTED_EDGE ( 'NONE', *, *, #3595, .T. ) ;
#1446 = DIRECTION ( 'NONE',  ( -1.000000000000000000, 1.490420224606776581E-16, 0.000000000000000000 ) ) ;
#1447 = ORIENTED_EDGE ( 'NONE', *, *, #3745, .F. ) ;
#1448 = CARTESIAN_POINT ( 'NONE',  ( -3.672016847192949740, -41.84322007454385783, 3.031846880437195413 ) ) ;
#1449 = CARTESIAN_POINT ( 'NONE',  ( 10.68803207678386613, -6.042206017375213456, 71.30879772084540491 ) ) ;
#1450 = CARTESIAN_POINT ( 'NONE',  ( 19.48700562421814553, -37.30927522980476851, 11.22635585858393270 ) ) ;
#1451 = CARTESIAN_POINT ( 'NONE',  ( -6.780445274228794617, -41.88131362961308923, -5.947206269542728130 ) ) ;
#1452 = CARTESIAN_POINT ( 'NONE',  ( 5.508038008197629232, -41.74731312820914297, -6.840021684190814355 ) ) ;
#1453 = CARTESIAN_POINT ( 'NONE',  ( 9.752251458258893280, -37.51385676491651822, 8.540515757740516634 ) ) ;
#1454 = CARTESIAN_POINT ( 'NONE',  ( 2.101146922263804183E-05, -41.73257342393088720, -3.781269165073749328 ) ) ;
#1455 = CARTESIAN_POINT ( 'NONE',  ( -22.00000000000000000, -40.88189669057855014, 38.76238080036794997 ) ) ;
#1456 = EDGE_LOOP ( 'NONE', ( #5425, #2317, #2775, #700 ) ) ;
#1457 = CARTESIAN_POINT ( 'NONE',  ( -9.180046676515619453, -41.87592484899965228, 8.399980644761388504 ) ) ;
#1458 = EDGE_LOOP ( 'NONE', ( #4348, #4792, #2832 ) ) ;
#1459 = CARTESIAN_POINT ( 'NONE',  ( 6.866290476516417662, -37.10263930909409424, 10.98209379928966456 ) ) ;
#1460 = CARTESIAN_POINT ( 'NONE',  ( 142.0946404141805601, -6.042206017375244542, 88.01044635008489081 ) ) ;
#1461 = CIRCLE ( 'NONE', #4531, 12.74499999999999922 ) ;
#1462 = CARTESIAN_POINT ( 'NONE',  ( -9.179996594037218571, -42.30370506481105508, -0.6129698115837330930 ) ) ;
#1463 = DIRECTION ( 'NONE',  ( 1.000000000000000000, 0.000000000000000000, 0.000000000000000000 ) ) ;
#1464 = CARTESIAN_POINT ( 'NONE',  ( 0.2896868972513228502, -41.48877806735323759, -9.000223135540009523 ) ) ;
#1465 = CARTESIAN_POINT ( 'NONE',  ( 20.34536719873065280, -11.27713467053115970, -50.82238809104900668 ) ) ;
#1466 = CARTESIAN_POINT ( 'NONE',  ( 9.779656908747119459, -37.50868738838819638, 8.575539781156971131 ) ) ;
#1467 = EDGE_CURVE ( 'NONE', #3195, #4945, #2124, .T. ) ;
#1468 = CARTESIAN_POINT ( 'NONE',  ( -18.00000000000000000, -15.84325058705650058, 47.33309916941549744 ) ) ;
#1469 = CARTESIAN_POINT ( 'NONE',  ( -7.152709494693254122, -41.92949305366843049, 5.493823730147739504 ) ) ;
#1470 = LINE ( 'NONE', #3176, #4158 ) ;
#1471 = CARTESIAN_POINT ( 'NONE',  ( 7.343957657415900009, -41.80211066434193867, 7.620082781638672920 ) ) ;
#1472 = CARTESIAN_POINT ( 'NONE',  ( 20.34536719873065280, -26.96475769767874908, -35.57686982298324807 ) ) ;
#1473 = CARTESIAN_POINT ( 'NONE',  ( 117.0212516675358643, -47.26221975847412438, 53.10999001326837998 ) ) ;
#1474 = CARTESIAN_POINT ( 'NONE',  ( -3.907487887994427478, -37.57622251205216912, 8.112792115261735049 ) ) ;
#1475 = CYLINDRICAL_SURFACE ( 'NONE', #3648, 9.000000000000000000 ) ;
#1476 = EDGE_LOOP ( 'NONE', ( #4134, #1415, #1870, #4351, #113 ) ) ;
#1477 = CARTESIAN_POINT ( 'NONE',  ( -9.180006245850035995, -42.28221066252147864, 1.123991167728281892 ) ) ;
#1478 = CARTESIAN_POINT ( 'NONE',  ( 32.19202784311335819, -6.042206017375209903, 88.85517503100878400 ) ) ;
#1479 = CARTESIAN_POINT ( 'NONE',  ( 4.719057447404620298, -8.267803554611552030, 52.63923258009709372 ) ) ;
#1480 = CARTESIAN_POINT ( 'NONE',  ( -8.998799112008940781, -38.31026286157670313, 0.1470188481355286236 ) ) ;
#1481 = CARTESIAN_POINT ( 'NONE',  ( 4.667665775254481827E-05, -41.49435253703499171, -8.400031655487991245 ) ) ;
#1482 = CARTESIAN_POINT ( 'NONE',  ( 7.924217404616029192, -37.23194247446210881, 10.27536582095292772 ) ) ;
#1483 = ADVANCED_FACE ( 'NONE', ( #5566, #381 ), #3871, .T. ) ;
#1484 = CARTESIAN_POINT ( 'NONE',  ( 5.508005109497503327, -41.97117035344019342, -0.9195008992283650873 ) ) ;
#1485 = CARTESIAN_POINT ( 'NONE',  ( -5.484171725498937278, -37.70791233452062130, -7.160144231323325670 ) ) ;
#1486 = ORIENTED_EDGE ( 'NONE', *, *, #2880, .T. ) ;
#1487 = CARTESIAN_POINT ( 'NONE',  ( -5.508038008197656765, -41.74731312807932682, 6.840021684190814355 ) ) ;
#1488 = VERTEX_POINT ( 'NONE', #4239 ) ;
#1489 = CARTESIAN_POINT ( 'NONE',  ( 0.3518836752336879647, -37.44280678004268026, 8.997865169907097282 ) ) ;
#1490 = CARTESIAN_POINT ( 'NONE',  ( 5.101084516543969631E-05, -41.43984812867622480, -9.180021337918599755 ) ) ;
#1491 = CIRCLE ( 'NONE', #3998, 13.00000000000000000 ) ;
#1492 = CARTESIAN_POINT ( 'NONE',  ( -5.507998865209090766, -41.97550274093773481, -0.2042346704692464265 ) ) ;
#1493 = CARTESIAN_POINT ( 'NONE',  ( 1.231207489032481783, -37.45495229521282710, 8.920262885121667651 ) ) ;
#1494 = CARTESIAN_POINT ( 'NONE',  ( -71.46669839058749574, -70.00000000000000000, 137.9613978004092303 ) ) ;
#1495 = CARTESIAN_POINT ( 'NONE',  ( 0.5823425401913141508, -41.48877771616404431, -9.000406399705410010 ) ) ;
#1496 = CARTESIAN_POINT ( 'NONE',  ( -12.56162645354437046, -38.10324644065654098, 3.453297487050126957 ) ) ;
#1497 = CARTESIAN_POINT ( 'NONE',  ( 12.24821774641676697, -28.26557155249814812, 40.12064855250413586 ) ) ;
#1498 = CIRCLE ( 'NONE', #2554, 104.0059769339611933 ) ;
#1499 = CARTESIAN_POINT ( 'NONE',  ( 152.8722439315363886, -38.48506133258187845, -132.9444878630724531 ) ) ;
#1500 = CARTESIAN_POINT ( 'NONE',  ( 7.343993753894062060, -42.10689525742388639, 1.124082987036177039 ) ) ;
#1501 = DIRECTION ( 'NONE',  ( -1.000000000000000000, 0.000000000000000000, 0.000000000000000000 ) ) ;
#1502 = LINE ( 'NONE', #2818, #4469 ) ;
#1503 = CARTESIAN_POINT ( 'NONE',  ( -5.419998196718193384, -37.70141076692020476, 7.208935331120504664 ) ) ;
#1504 = PLANE ( 'NONE',  #3089 ) ;
#1505 = AXIS2_PLACEMENT_3D ( 'NONE', #3939, #4790, #872 ) ;
#1506 = DIRECTION ( 'NONE',  ( -0.000000000000000000, -1.000000000000000000, 0.000000000000000000 ) ) ;
#1507 = EDGE_CURVE ( 'NONE', #4586, #794, #5366, .T. ) ;
#1508 = VERTEX_POINT ( 'NONE', #3391 ) ;
#1509 = CARTESIAN_POINT ( 'NONE',  ( 5.507988453293688025, -41.96221732434155882, 2.077985338027329654 ) ) ;
#1510 = CARTESIAN_POINT ( 'NONE',  ( 11.44965141457075930, -6.042206017375212568, 72.11049452354075129 ) ) ;
#1511 = CARTESIAN_POINT ( 'NONE',  ( 8.213627385772714007, -14.64970447037534917, 48.03428212229612626 ) ) ;
#1512 = DIRECTION ( 'NONE',  ( -0.000000000000000000, -1.000000000000000000, -0.000000000000000000 ) ) ;
#1513 = CARTESIAN_POINT ( 'NONE',  ( -9.179957657387497250, -41.93204332892645425, -7.620092983783992580 ) ) ;
#1514 = CARTESIAN_POINT ( 'NONE',  ( 1.718632709076772347, -36.72691184539859677, 12.85031502083233157 ) ) ;
#1515 = CARTESIAN_POINT ( 'NONE',  ( 3.672011546564111661, -41.86434211346455925, -2.077934327300727357 ) ) ;
#1516 = CARTESIAN_POINT ( 'NONE',  ( -3.672046676600916992, -41.56765029200163752, 8.400011251197351925 ) ) ;
#1517 = VERTEX_POINT ( 'NONE', #3017 ) ;
#1518 = CARTESIAN_POINT ( 'NONE',  ( -3.672042342413503135, -41.61891558214598064, 7.620021568766746078 ) ) ;
#1519 = ORIENTED_EDGE ( 'NONE', *, *, #2929, .T. ) ;
#1520 = CARTESIAN_POINT ( 'NONE',  ( -3.377443571600498462, -37.54062516104274039, 8.357473775205296107 ) ) ;
#1521 = CARTESIAN_POINT ( 'NONE',  ( 9.180046676515589255, -41.87592484815071003, -8.399980644761386728 ) ) ;
#1522 = CARTESIAN_POINT ( 'NONE',  ( 3.405820614485210638E-06, -41.79101289190654711, -0.6129188008571245794 ) ) ;
#1523 = CARTESIAN_POINT ( 'NONE',  ( 180.2685693420480959, -6.042206017375277405, 44.79408324128967678 ) ) ;
#1524 = CARTESIAN_POINT ( 'NONE',  ( 86.40000000000000568, -6.042206017375288951, 0.000000000000000000 ) ) ;
#1525 = CARTESIAN_POINT ( 'NONE',  ( -7.321135122932191486, -41.95373014229069497, -5.242861397128299572 ) ) ;
#1526 = CARTESIAN_POINT ( 'NONE',  ( 5.775231352419548436, -36.97372082732830023, 11.65446467817319309 ) ) ;
#1527 = DIRECTION ( 'NONE',  ( 0.000000000000000000, 1.000000000000000000, 0.000000000000000000 ) ) ;
#1528 = CARTESIAN_POINT ( 'NONE',  ( 19.92775606846375780, -38.48506133258187845, -132.9444878630724531 ) ) ;
#1529 = CARTESIAN_POINT ( 'NONE',  ( 5.507970490038600175, -41.83478244423097436, 5.310691334286226528 ) ) ;
#1530 = CARTESIAN_POINT ( 'NONE',  ( 3.135534900943200309, -10.92484310905101275, -55.69393811263910266 ) ) ;
#1531 = CARTESIAN_POINT ( 'NONE',  ( -7.415906130416238362, -13.94371515320612609, 52.78106892812668605 ) ) ;
#1532 = CARTESIAN_POINT ( 'NONE',  ( 8.938918814989067485, -38.25192463397208797, 1.198745324041163407 ) ) ;
#1533 = ORIENTED_EDGE ( 'NONE', *, *, #5027, .T. ) ;
#1534 = CARTESIAN_POINT ( 'NONE',  ( -11.66341518422806978, -38.30283550052052988, 0.04909069863806468648 ) ) ;
#1535 = COORDINATED_UNIVERSAL_TIME_OFFSET ( 5, 0, .AHEAD. ) ;
#1536 = ORIENTED_EDGE ( 'NONE', *, *, #2050, .F. ) ;
#1537 = CARTESIAN_POINT ( 'NONE',  ( 25.56032391521679159, -6.042206017375210791, 84.36133238374007703 ) ) ;
#1538 = CARTESIAN_POINT ( 'NONE',  ( 2.914237793221814865, -37.51628721578812531, -8.520218693467809246 ) ) ;
#1539 = CARTESIAN_POINT ( 'NONE',  ( 0.4875835940452988293, -6.042206017375276517, -58.61996200337829066 ) ) ;
#1540 = ADVANCED_FACE ( 'NONE', ( #4750 ), #4322, .F. ) ;
#1541 = CARTESIAN_POINT ( 'NONE',  ( -7.343970490010194752, -41.94464159680104842, -5.310701536431548853 ) ) ;
#1542 = CARTESIAN_POINT ( 'NONE',  ( -6.459245638230300735, -37.05646852639482347, 11.22652054377295983 ) ) ;
#1543 = CARTESIAN_POINT ( 'NONE',  ( -7.343978988417044107, -42.01818542903541243, -3.781309973655036849 ) ) ;
#1544 = DIRECTION ( 'NONE',  ( -1.000000000000000000, 0.000000000000000000, 0.000000000000000000 ) ) ;
#1545 = EDGE_LOOP ( 'NONE', ( #2379, #5286, #3230, #4958, #5036 ) ) ;
#1546 = CARTESIAN_POINT ( 'NONE',  ( -3.672029509819238591, -41.75190828326095271, 5.310640323559619347 ) ) ;
#1547 = ORIENTED_EDGE ( 'NONE', *, *, #2708, .F. ) ;
#1548 = CARTESIAN_POINT ( 'NONE',  ( -22.00000000000000000, -40.88189669057855014, 38.76238080036794997 ) ) ;
#1549 = CARTESIAN_POINT ( 'NONE',  ( 14.64183023651125914, -6.042206017375211680, 75.48830651766242283 ) ) ;
#1550 = CARTESIAN_POINT ( 'NONE',  ( 7.343998297827808663, -42.11316998287140478, 0.3063469046311974031 ) ) ;
#1551 = CARTESIAN_POINT ( 'NONE',  ( 190.1191970070238142, -6.042206017375300497, 9.122494578559058098 ) ) ;
#1552 = CARTESIAN_POINT ( 'NONE',  ( 94.25881664889669764, -6.042206017375328031, -103.7101512600797548 ) ) ;
#1553 = CARTESIAN_POINT ( 'NONE',  ( 8.708738562008603523, -42.19177848116813578, -2.346291691191162432 ) ) ;
#1554 = CARTESIAN_POINT ( 'NONE',  ( 172.6772380009915935, -20.95902901126225615, -172.5544760019827208 ) ) ;
#1555 = CARTESIAN_POINT ( 'NONE',  ( 11.77430131814180925, -27.31954411795046767, 41.27936685753356016 ) ) ;
#1556 = CARTESIAN_POINT ( 'NONE',  ( 86.40000000000000568, -63.39640923772802950, 0.000000000000000000 ) ) ;
#1557 = CARTESIAN_POINT ( 'NONE',  ( -3.672001702001593149, -41.89111615275824363, 0.3062856917592672867 ) ) ;
#1558 = CARTESIAN_POINT ( 'NONE',  ( 40.61378573902864986, -50.78462308660630242, -0.9653811709553810072 ) ) ;
#1559 = CARTESIAN_POINT ( 'NONE',  ( 69.65500000000000114, -58.93658393131480011, 0.000000000000000000 ) ) ;
#1560 = CARTESIAN_POINT ( 'NONE',  ( -3.377443571600498462, -37.54062516104274039, 8.357473775205296107 ) ) ;
#1561 = CARTESIAN_POINT ( 'NONE',  ( -1.166090125108862896, -37.45367400534252056, -8.929085467461014503 ) ) ;
#1562 = EDGE_CURVE ( 'NONE', #3999, #1339, #5169, .T. ) ;
#1563 = CARTESIAN_POINT ( 'NONE',  ( -10.33111549128002871, -38.30090601453613885, 0.09805446676462414857 ) ) ;
#1564 = DIRECTION ( 'NONE',  ( 1.000000000000000000, 0.000000000000000000, 0.000000000000000000 ) ) ;
#1565 = VERTEX_POINT ( 'NONE', #2779 ) ;
#1566 = CARTESIAN_POINT ( 'NONE',  ( 0.1227619990086116220, -20.95902901126222773, -172.5544760019827208 ) ) ;
#1567 = CARTESIAN_POINT ( 'NONE',  ( 7.818397126198569858, -38.00869111235326159, -4.496445440260064430 ) ) ;
#1568 = CARTESIAN_POINT ( 'NONE',  ( -22.00000000000000355, -6.042206017373002780, 58.61996200015259717 ) ) ;
#1569 = CARTESIAN_POINT ( 'NONE',  ( 8.526628952994428801, -42.15305379382459705, 2.895745575118188420 ) ) ;
#1570 = CARTESIAN_POINT ( 'NONE',  ( 12.24821774641676697, -28.26557155249814812, 40.12064855250413586 ) ) ;
#1571 = CARTESIAN_POINT ( 'NONE',  ( -12.51084983702054032, -6.042206017369079696, -2.085489564426569853 ) ) ;
#1572 = CARTESIAN_POINT ( 'NONE',  ( -12.99840399442346062, -38.31026286157670313, 0.07350942406776220239 ) ) ;
#1573 = ORIENTED_EDGE ( 'NONE', *, *, #4539, .F. ) ;
#1574 = CARTESIAN_POINT ( 'NONE',  ( -5.109582830806991940E-06, -41.79199488310535315, 0.9195315056643229568 ) ) ;
#1575 = ORIENTED_EDGE ( 'NONE', *, *, #3099, .F. ) ;
#1576 = CARTESIAN_POINT ( 'NONE',  ( -22.00000000000000000, -42.30756013076910449, -5.181181809388050601E-15 ) ) ;
#1577 = CARTESIAN_POINT ( 'NONE',  ( 111.7990328613817894, -6.042206017375229443, 101.0080232818511519 ) ) ;
#1578 = CARTESIAN_POINT ( 'NONE',  ( 18.82837672200436074, -42.30756013076909738, -4.854139997231178318E-15 ) ) ;
#1579 = EDGE_CURVE ( 'NONE', #1417, #1737, #4840, .T. ) ;
#1580 = CARTESIAN_POINT ( 'NONE',  ( 8.998986806224843704, -38.28122379197094460, 0.6071858639393984403 ) ) ;
#1581 = CARTESIAN_POINT ( 'NONE',  ( 22.91053639130045028, -6.042206017375296945, -82.37954608103747489 ) ) ;
#1582 = CARTESIAN_POINT ( 'NONE',  ( 9.495271487230038332, -37.46052857905883826, 8.889191409816440625 ) ) ;
#1583 = CARTESIAN_POINT ( 'NONE',  ( 3.143783392641824825, -10.93998891340955559, 55.68523084699803860 ) ) ;
#1584 = CARTESIAN_POINT ( 'NONE',  ( 99.14499999999999602, -63.39640923772800818, 1.560812345513310002E-15 ) ) ;
#1585 = CARTESIAN_POINT ( 'NONE',  ( -7.344011546507276833, -42.08122902362369899, 2.077913923010078712 ) ) ;
#1586 = CARTESIAN_POINT ( 'NONE',  ( 1.830535571396050498, -8.517065818620990214, -57.20936597003516511 ) ) ;
#1587 = CARTESIAN_POINT ( 'NONE',  ( 20.13197640251888032, -38.31034024885579470, 1.109840369284500829E-15 ) ) ;
#1588 = CARTESIAN_POINT ( 'NONE',  ( -18.00000000000000000, -38.30472708429532958, -1.149457590741975732E-13 ) ) ;
#1589 = CARTESIAN_POINT ( 'NONE',  ( -4.752636660081681619, -37.64181870578644151, -7.648424413516580422 ) ) ;
#1590 = CARTESIAN_POINT ( 'NONE',  ( 86.40000000000000568, -63.39640923772802950, 0.000000000000000000 ) ) ;
#1591 = VECTOR ( 'NONE', #219, 1000.000000000000000 ) ;
#1592 = ORIENTED_EDGE ( 'NONE', *, *, #3253, .T. ) ;
#1593 = CARTESIAN_POINT ( 'NONE',  ( 19.81477884072433326, -38.06806383250290082, -5.880423305735157591 ) ) ;
#1594 = CARTESIAN_POINT ( 'NONE',  ( 10.28725191854876009, -24.38851012101772398, 44.63294385369171380 ) ) ;
#1595 = CARTESIAN_POINT ( 'NONE',  ( -5.507948989069535450, -41.58977544978713325, -9.180051944354563176 ) ) ;
#1596 = CARTESIAN_POINT ( 'NONE',  ( -7.344038008169223808, -41.85265049074520505, 6.840011482045491142 ) ) ;
#1597 = CARTESIAN_POINT ( 'NONE',  ( -7.344006245878466288, -42.10689846302548744, 1.124001369873603551 ) ) ;
#1598 = VERTEX_POINT ( 'NONE', #3598 ) ;
#1599 = CARTESIAN_POINT ( 'NONE',  ( -11.79869081628931404, -37.91587326051674722, 5.410908385507219975 ) ) ;
#1600 = B_SPLINE_CURVE_WITH_KNOTS ( 'NONE', 3,
 ( #2001, #1586, #1530, #5494, #5447, #1632, #4602, #739, #4173, #2897, #4649, #2027, #1193, #785, #2491, #3241, #861, #4355, #5145, #1758, #2095, #2539, #5542, #3820, #1343, #3367 ),
 .UNSPECIFIED., .F., .F.,
 ( 4, 2, 2, 2, 2, 2, 2, 2, 2, 2, 2, 2, 4 ),
 ( 7.492709735946706917E-16, 0.009312417057981284621, 0.01862483411596181984, 0.02793725117394235680, 0.03026535543843748843, 0.03259345970293262007, 0.03724966823192287640, 0.04656208528990338907, 0.05121829381889365235, 0.05587450234788390868, 0.06518691940586443523, 0.06984312793485468462, 0.07449933646384494790 ),
 .UNSPECIFIED. ) ;
#1601 = CARTESIAN_POINT ( 'NONE',  ( 8.176227077149007982, -14.57746935544425426, -48.13279595186145343 ) ) ;
#1602 = CARTESIAN_POINT ( 'NONE',  ( -22.00000000000000000, -6.042206017372999227, -36.44720368503895003 ) ) ;
#1603 = CARTESIAN_POINT ( 'NONE',  ( -71.46669839058749574, -70.00000000000000000, 137.9613978004092303 ) ) ;
#1604 = CARTESIAN_POINT ( 'NONE',  ( 84.13790048263646781, -6.042206017375322702, -104.0746697305714576 ) ) ;
#1605 = CARTESIAN_POINT ( 'NONE',  ( 99.14500000000001023, -58.25464714294840007, 1.560812345513300931E-15 ) ) ;
#1606 = CARTESIAN_POINT ( 'NONE',  ( 7.645935911960610731, -42.00093709181101076, 4.749920812102234713 ) ) ;
#1607 = EDGE_CURVE ( 'NONE', #1200, #684, #3627, .T. ) ;
#1608 = CARTESIAN_POINT ( 'NONE',  ( 23.13850053261339923, -58.99259783589939588, -1.549459856639939826E-14 ) ) ;
#1609 = CARTESIAN_POINT ( 'NONE',  ( -2.950987610365085712E-05, -41.67149771610429099, 5.310660727850260443 ) ) ;
#1610 = CARTESIAN_POINT ( 'NONE',  ( -3.672005109525966038, -41.88319390030806488, 0.9195111013736793071 ) ) ;
#1611 = CARTESIAN_POINT ( 'NONE',  ( 76.33287695441657661, -58.93658393131474327, 16.63981175612601149 ) ) ;
#1612 = CARTESIAN_POINT ( 'NONE',  ( 99.14499999999999602, -63.39640923772801528, 1.560812345513315327E-15 ) ) ;
#1613 = CARTESIAN_POINT ( 'NONE',  ( -3.343379709855677007, -36.78227081311913338, 12.59146485387022096 ) ) ;
#1614 = CARTESIAN_POINT ( 'NONE',  ( 2.350415430926081406, -37.49019362352901652, -8.692666783100872152 ) ) ;
#1615 = EDGE_CURVE ( 'NONE', #719, #2365, #2119, .T. ) ;
#1616 = DIRECTION ( 'NONE',  ( 0.000000000000000000, 1.000000000000000000, 0.000000000000000000 ) ) ;
#1617 = ORIENTED_EDGE ( 'NONE', *, *, #2122, .F. ) ;
#1618 = CARTESIAN_POINT ( 'NONE',  ( 1.188343578768132458, -37.45191893448763665, -8.940926051268814234 ) ) ;
#1619 = CARTESIAN_POINT ( 'NONE',  ( 18.50658352280409957, -42.07608936494997920, 6.293461497220356193 ) ) ;
#1620 = CARTESIAN_POINT ( 'NONE',  ( 9.180046676515589255, -41.87592484815071003, -8.399980644761386728 ) ) ;
#1621 = CARTESIAN_POINT ( 'NONE',  ( 7.343978988417015685, -42.01818542921503763, 3.781309973655031964 ) ) ;
#1622 = CARTESIAN_POINT ( 'NONE',  ( -9.180001134563481102, -42.32169833820387339, 0.2041530533066639730 ) ) ;
#1623 = ORIENTED_EDGE ( 'NONE', *, *, #4950, .F. ) ;
#1624 = B_SPLINE_CURVE_WITH_KNOTS ( 'NONE', 2,
 ( #1052, #595, #1916 ),
 .UNSPECIFIED., .F., .F.,
 ( 3, 3 ),
 ( 0.07696326182740430288, 1.000000000000000000 ),
 .UNSPECIFIED. ) ;
#1625 = CARTESIAN_POINT ( 'NONE',  ( 69.65500000000000114, -58.93658393131480011, -4.101342130344464114E-15 ) ) ;
#1626 = CARTESIAN_POINT ( 'NONE',  ( 7.799707327707635862, -38.00715512972990240, 4.500038726457531446 ) ) ;
#1627 = CARTESIAN_POINT ( 'NONE',  ( -18.00000000000000000, -38.31026286157670313, -0.07350942406777120908 ) ) ;
#1628 = CARTESIAN_POINT ( 'NONE',  ( -18.00000000000000000, -6.042206017372999227, -53.98290812280544770 ) ) ;
#1629 = CARTESIAN_POINT ( 'NONE',  ( -8.073075332794635628, -42.06859304322122739, 3.989247356482452656 ) ) ;
#1630 = CARTESIAN_POINT ( 'NONE',  ( 54.88684423297736714, -56.13001623236052495, -63.02631153404517761 ) ) ;
#1631 = CARTESIAN_POINT ( 'NONE',  ( 5.508001134620313266, -41.97551094644108360, -0.2041734575973163102 ) ) ;
#1632 = CARTESIAN_POINT ( 'NONE',  ( 9.137446488759819019, -22.17441248079744653, -46.83460421283503905 ) ) ;
#1633 = CARTESIAN_POINT ( 'NONE',  ( -18.00000000000000000, -23.68619686104764810, 39.70994965335955840 ) ) ;
#1634 = EDGE_CURVE ( 'NONE', #445, #274, #1846, .T. ) ;
#1635 = CARTESIAN_POINT ( 'NONE',  ( 19.07334698233634995, -40.88189669053594599, -38.76238080152555199 ) ) ;
#1636 = CARTESIAN_POINT ( 'NONE',  ( 7.811457352546346655, -42.02448171342079064, 4.508613367786495019 ) ) ;
#1637 = CARTESIAN_POINT ( 'NONE',  ( -18.00000000000000000, -6.042206017372999227, -53.98290812280544770 ) ) ;
#1638 = ORIENTED_EDGE ( 'NONE', *, *, #1325, .T. ) ;
#1639 = AXIS2_PLACEMENT_3D ( 'NONE', #5214, #565, #3941 ) ;
#1640 = ADVANCED_FACE ( 'NONE', ( #2657 ), #1788, .F. ) ;
#1641 = CARTESIAN_POINT ( 'NONE',  ( -8.538001201022025199, -38.14323667027081655, -2.906896290140423389 ) ) ;
#1642 = CARTESIAN_POINT ( 'NONE',  ( 20.36082540615130299, -38.09024766049640220, 5.834977158582500323 ) ) ;
#1643 = CARTESIAN_POINT ( 'NONE',  ( -22.00000000000000355, -6.042206020203176209, -58.61996200015260428 ) ) ;
#1644 = CARTESIAN_POINT ( 'NONE',  ( -9.180011546478842988, -42.24575990181087803, 2.077903720864756831 ) ) ;
#1645 = CARTESIAN_POINT ( 'NONE',  ( -7.344005109469097903, -42.10820935120748487, 0.9194906970830358794 ) ) ;
#1646 = ORIENTED_EDGE ( 'NONE', *, *, #2617, .T. ) ;
#1647 = B_SPLINE_CURVE_WITH_KNOTS ( 'NONE', 3,
 ( #5338, #5308, #3188, #4126, #2765, #2310, #3279, #268, #1567, #660, #4918, #4095, #4497, #237, #3705, #1953, #5400, #1538, #4980, #4612, #1618, #3305, #3352, #3329, #4657, #745, #3376, #4633, #2973, #766, #1177, #389, #2476, #2927, #5104, #793, #3401, #2499, #4706, #843, #1641, #320, #5549, #5059, #1665 ),
 .UNSPECIFIED., .F., .F.,
 ( 4, 2, 2, 2, 2, 2, 2, 2, 1, 2, 2, 2, 2, 2, 2, 2, 2, 2, 2, 2, 2, 2, 4 ),
 ( 7.471771137815555915E-17, 0.001762844571196333678, 0.002644266856794461919, 0.003525689142392590594, 0.005288533713588849244, 0.007051378284785108329, 0.008814222855981365679, 0.009695645141579497389, 0.01057706742717762390, 0.01145848971277575214, 0.01233991199837387864, 0.01410275656957013513, 0.01498417885516826163, 0.01586560114076638814, 0.01762844571196264115, 0.01850986799756076939, 0.01939129028315889763, 0.02115413485435516106, 0.02291697942555142101, 0.02379840171114954925, 0.02467982399674767749, 0.02644266856794394438, 0.02820551313914020433 ),
 .UNSPECIFIED. ) ;
#1648 = CARTESIAN_POINT ( 'NONE',  ( 190.4059769339629895, -6.042206017373039195, 1.869838746202804954E-14 ) ) ;
#1649 = APPROVAL ( #5452, 'UNSPECIFIED' ) ;
#1650 = CARTESIAN_POINT ( 'NONE',  ( 81.66173903750278384, -6.042206017375220561, 103.9217825467006264 ) ) ;
#1651 = CARTESIAN_POINT ( 'NONE',  ( 23.37656986116826019, -6.042206017375295168, -82.73627342202568968 ) ) ;
#1652 = CARTESIAN_POINT ( 'NONE',  ( -18.00000000000000000, -26.96475769767874908, 35.57686982298324807 ) ) ;
#1653 = CARTESIAN_POINT ( 'NONE',  ( 4.761732256982611489, -41.67815151217669012, 7.642888662210557627 ) ) ;
#1654 = CARTESIAN_POINT ( 'NONE',  ( 5.372679166929627215, -36.94851366575121432, 11.78088662923742014 ) ) ;
#1655 = CARTESIAN_POINT ( 'NONE',  ( -7.343993753894094922, -42.10689525709392456, -1.124082987036183923 ) ) ;
#1656 = CARTESIAN_POINT ( 'NONE',  ( 18.50658352280410313, -42.07608936494997920, 6.293461497220460998 ) ) ;
#1657 = CARTESIAN_POINT ( 'NONE',  ( -8.998799112008940781, 11.74493434166574168, 0.1470188481355286236 ) ) ;
#1658 = CARTESIAN_POINT ( 'NONE',  ( -5.334285984052018037, -36.93225387966910489, 11.86281265238372207 ) ) ;
#1659 = CARTESIAN_POINT ( 'NONE',  ( 2.914237793221814865, -37.51628721578812531, -8.520218693467809246 ) ) ;
#1660 = LINE ( 'NONE', #5122, #5182 ) ;
#1661 = CARTESIAN_POINT ( 'NONE',  ( 4.506917958259554879, -41.65801680894594483, 7.795794276624078201 ) ) ;
#1662 = COORDINATED_UNIVERSAL_TIME_OFFSET ( 5, 0, .AHEAD. ) ;
#1663 = ORIENTED_EDGE ( 'NONE', *, *, #133, .T. ) ;
#1664 = AXIS2_PLACEMENT_3D ( 'NONE', #440, #4729, #1244 ) ;
#1665 = CARTESIAN_POINT ( 'NONE',  ( -9.000000000000000000, -38.30472695027329877, -3.659182332138580620E-15 ) ) ;
#1666 = ADVANCED_FACE ( 'NONE', ( #3171 ), #4384, .T. ) ;
#1667 = CARTESIAN_POINT ( 'NONE',  ( 20.36082540615130299, -34.34959553575265545, 21.81000826438560125 ) ) ;
#1668 = VECTOR ( 'NONE', #1981, 1000.000000000000000 ) ;
#1669 = DIRECTION ( 'NONE',  ( 0.000000000000000000, 1.000000000000000000, 0.000000000000000000 ) ) ;
#1670 = CARTESIAN_POINT ( 'NONE',  ( 5.507970490038600175, -41.83478244423097436, 5.310691334286226528 ) ) ;
#1671 = CARTESIAN_POINT ( 'NONE',  ( -7.344001134591914060, -42.10616211114324159, 0.2041632554519856035 ) ) ;
#1672 = EDGE_CURVE ( 'NONE', #4132, #3591, #1039, .T. ) ;
#1673 = ORIENTED_EDGE ( 'NONE', *, *, #1579, .F. ) ;
#1674 = CARTESIAN_POINT ( 'NONE',  ( 226.6457644257073412, -6.042206017375389315, -137.7671940876994938 ) ) ;
#1675 = CARTESIAN_POINT ( 'NONE',  ( 188.0991124974209470, -6.042206017375315596, -21.78380730669407583 ) ) ;
#1676 = CARTESIAN_POINT ( 'NONE',  ( 0.4875835940445613637, -6.042206017374149418, 58.61996200337879515 ) ) ;
#1677 = CARTESIAN_POINT ( 'NONE',  ( 99.14499999999999602, -63.39640923772800818, 1.560812345513314933E-15 ) ) ;
#1678 = DIRECTION ( 'NONE',  ( 0.000000000000000000, 1.000000000000000000, 0.000000000000000000 ) ) ;
#1679 = CARTESIAN_POINT ( 'NONE',  ( 5.507999999914684253, -41.99430005132508370, 3.060643596046598813E-05 ) ) ;
#1680 = CARTESIAN_POINT ( 'NONE',  ( 17.00542194861174394, -38.49691178929410285, 21.46260581704402881 ) ) ;
#1681 = CARTESIAN_POINT ( 'NONE',  ( -8.012963945778979635, -42.05812882122484808, -4.116443057286949703 ) ) ;
#1682 = CARTESIAN_POINT ( 'NONE',  ( 18.73036127457574196, -6.042206017375290728, -79.17409214615335600 ) ) ;
#1683 = CARTESIAN_POINT ( 'NONE',  ( 2.049199085896829864, -41.52282603431727637, 8.768593366063917927 ) ) ;
#1684 = DIRECTION ( 'NONE',  ( 0.000000000000000000, 0.000000000000000000, 1.000000000000000000 ) ) ;
#1685 = CARTESIAN_POINT ( 'NONE',  ( 8.088136957538713645, -42.06982197705080750, 3.991179387138668488 ) ) ;
#1686 = ORIENTED_EDGE ( 'NONE', *, *, #2708, .T. ) ;
#1687 = CARTESIAN_POINT ( 'NONE',  ( 18.61312154021309340, -35.29966205353923669, -18.32354953918688167 ) ) ;
#1688 = CARTESIAN_POINT ( 'NONE',  ( -22.00000000000000000, -6.042206017372999227, 58.61996199853950884 ) ) ;
#1689 = CARTESIAN_POINT ( 'NONE',  ( 3.135534900942912540, -10.92484310905048517, -55.69393811263944372 ) ) ;
#1690 = ADVANCED_FACE ( 'NONE', ( #2750 ), #642, .F. ) ;
#1691 = CARTESIAN_POINT ( 'NONE',  ( 12.03677388591628095, -38.30840103693655152, 0.02050511841944360064 ) ) ;
#1692 = CARTESIAN_POINT ( 'NONE',  ( -9.180021011327092140, -42.16513681441785621, 3.781218154347138594 ) ) ;
#1693 = CARTESIAN_POINT ( 'NONE',  ( 7.344006245878439643, -42.10689846338708264, -1.124001369873610434 ) ) ;
#1694 = EDGE_LOOP ( 'NONE', ( #1447, #2202, #657, #1840 ) ) ;
#1695 = CARTESIAN_POINT ( 'NONE',  ( -6.769217468848776953, -41.88146356654309699, -5.938422597427624794 ) ) ;
#1696 = CARTESIAN_POINT ( 'NONE',  ( 170.0927902358201322, -6.042206017375328031, -62.14200741890583402 ) ) ;
#1697 = CARTESIAN_POINT ( 'NONE',  ( -7.795234552015084972, -42.02343803032544400, 4.508098723760178395 ) ) ;
#1698 = CARTESIAN_POINT ( 'NONE',  ( 132.1963904380766337, -50.78462308660662217, -91.59278087615335551 ) ) ;
#1699 = CARTESIAN_POINT ( 'NONE',  ( 2.904281199171577121, -41.55616928414698208, 8.539120644115719472 ) ) ;
#1700 = CARTESIAN_POINT ( 'NONE',  ( -3.336973297844470832, -36.79525272577237871, 12.52962396072490669 ) ) ;
#1701 = CARTESIAN_POINT ( 'NONE',  ( -7.343998297827839750, -42.11316998251306387, -0.3063469046312061184 ) ) ;
#1702 = DIRECTION ( 'NONE',  ( -0.000000000000000000, 1.000000000000000000, 0.000000000000000000 ) ) ;
#1703 = CARTESIAN_POINT ( 'NONE',  ( 6.522518191605461979, -37.05146502262662267, 11.25329287581781657 ) ) ;
#1704 = DIRECTION ( 'NONE',  ( -0.000000000000000000, -1.000000000000000000, 0.000000000000000000 ) ) ;
#1705 = DIRECTION ( 'NONE',  ( 0.000000000000000000, -1.000000000000000000, 0.000000000000000000 ) ) ;
#1706 = CARTESIAN_POINT ( 'NONE',  ( 99.14499999999999602, -63.39640923772795134, -25.49000000000011568 ) ) ;
#1707 = CARTESIAN_POINT ( 'NONE',  ( -5.485067765921950667, -41.74227069445703364, -7.137021259140585272 ) ) ;
#1708 = CARTESIAN_POINT ( 'NONE',  ( 1.179661086228142253, -41.49748618719700488, 8.942052267157260204 ) ) ;
#1709 = ORIENTED_EDGE ( 'NONE', *, *, #5211, .F. ) ;
#1710 = CARTESIAN_POINT ( 'NONE',  ( 8.999999999999969802, -42.30661100815936493, 1.050015935142030061E-15 ) ) ;
#1711 = EDGE_CURVE ( 'NONE', #2365, #3610, #724, .T. ) ;
#1712 = DIRECTION ( 'NONE',  ( 0.000000000000000000, 1.000000000000000000, 0.000000000000000000 ) ) ;
#1713 = CARTESIAN_POINT ( 'NONE',  ( 226.6457644257072843, 9.999999999999980460, -137.7671940876994938 ) ) ;
#1714 = VECTOR ( 'NONE', #19, 1000.000000000000000 ) ;
#1715 = ORIENTED_EDGE ( 'NONE', *, *, #2689, .F. ) ;
#1716 = CARTESIAN_POINT ( 'NONE',  ( 12.18996091247773528, -28.15205036719251908, -40.24124937646078592 ) ) ;
#1717 = CARTESIAN_POINT ( 'NONE',  ( 85.69934851693989231, -38.48506133258115369, 66.46855121629380392 ) ) ;
#1718 = CARTESIAN_POINT ( 'NONE',  ( 3.672001702001563395, -41.89111615312409498, -0.3062856917592762240 ) ) ;
#1719 = CARTESIAN_POINT ( 'NONE',  ( 1.702058427960866175E-06, -41.79055256050192213, -0.3063060960499194296 ) ) ;
#1720 = VERTEX_POINT ( 'NONE', #5045 ) ;
#1721 = CARTESIAN_POINT ( 'NONE',  ( 13.15949949251191953, -38.31026286157670313, -0.1470188481355378107 ) ) ;
#1722 = CARTESIAN_POINT ( 'NONE',  ( 114.9298982736128778, -6.042206017375331584, -100.0164520407183915 ) ) ;
#1723 = CARTESIAN_POINT ( 'NONE',  ( -4.877850758413728727, -41.68813646077202151, 7.564934346352963246 ) ) ;
#1724 = CARTESIAN_POINT ( 'NONE',  ( 19.07334698233630021, -40.88189669053600284, 38.76238080152555199 ) ) ;
#1725 = DIRECTION ( 'NONE',  ( 0.000000000000000000, 1.000000000000000000, 0.000000000000000000 ) ) ;
#1726 = CARTESIAN_POINT ( 'NONE',  ( -12.54763323712737488, -38.10436527766170656, 3.438572014391693799 ) ) ;
#1727 = EDGE_CURVE ( 'NONE', #1931, #3501, #5466, .T. ) ;
#1728 = CARTESIAN_POINT ( 'NONE',  ( -7.343961991603344508, -41.85264108029671348, -6.840093099208062632 ) ) ;
#1729 = DIRECTION ( 'NONE',  ( -1.000000000000000000, 1.490420224606776581E-16, 0.000000000000000000 ) ) ;
#1730 = CARTESIAN_POINT ( 'NONE',  ( -12.99495676117195764, -38.26802162074011449, 0.9323984954243936807 ) ) ;
#1731 = CARTESIAN_POINT ( 'NONE',  ( 86.40000000000000568, -64.66763823405520384, 0.000000000000000000 ) ) ;
#1732 = CARTESIAN_POINT ( 'NONE',  ( -5.747812694102960350E-15, -38.31026286157670313, 0.000000000000000000 ) ) ;
#1733 = CARTESIAN_POINT ( 'NONE',  ( 3.180308159716247474, -41.57216512907886141, 8.424461829383734113 ) ) ;
#1734 = CARTESIAN_POINT ( 'NONE',  ( 7.150532840394252965, -41.92918539723041249, -5.497191150349647337 ) ) ;
#1735 = CARTESIAN_POINT ( 'NONE',  ( -5.507948989069535450, -41.58977544978713325, -9.180051944354563176 ) ) ;
#1736 = B_SPLINE_SURFACE_WITH_KNOTS ( 'NONE', 2, 1, ( 
 ( #1760, #3481 ),
 ( #3418, #2989 ),
 ( #4386, #3051 ) ),
 .UNSPECIFIED., .F., .F., .F.,
 ( 3, 3 ),
 ( 2, 2 ),
 ( 0.000000000000000000, 0.9230367382001619658 ),
 ( 0.000000000000000000, 1.000000000000000000 ),
 .UNSPECIFIED. ) ;
#1737 = VERTEX_POINT ( 'NONE', #1603 ) ;
#1738 = DIRECTION ( 'NONE',  ( -1.000000000000000000, -0.000000000000000000, -0.000000000000000000 ) ) ;
#1739 = CARTESIAN_POINT ( 'NONE',  ( 149.6614994673865908, -58.99259783589949535, 1.137326972296151752E-14 ) ) ;
#1740 = CARTESIAN_POINT ( 'NONE',  ( 86.40000000000000568, -64.66763823405520384, 0.000000000000000000 ) ) ;
#1741 = ORIENTED_EDGE ( 'NONE', *, *, #3453, .F. ) ;
#1742 = CARTESIAN_POINT ( 'NONE',  ( 13.52988742019609703, -30.87275559786135304, -36.60451452105829873 ) ) ;
#1743 = CARTESIAN_POINT ( 'NONE',  ( 57.31220456741025515, -6.042206017375214344, 99.85599528265544222 ) ) ;
#1744 = AXIS2_PLACEMENT_3D ( 'NONE', #661, #3522, #571 ) ;
#1745 = CARTESIAN_POINT ( 'NONE',  ( 61.88658907630036765, -57.95386985700427118, 13.79130773228020601 ) ) ;
#1746 = CARTESIAN_POINT ( 'NONE',  ( -7.344003405706915899, -42.11401879208689536, 0.6128779922758300636 ) ) ;
#1747 = CARTESIAN_POINT ( 'NONE',  ( -3.671996594122520996, -41.88853499518947388, -0.6129392051477680070 ) ) ;
#1748 = ORIENTED_EDGE ( 'NONE', *, *, #331, .F. ) ;
#1749 = AXIS2_PLACEMENT_3D ( 'NONE', #3535, #4018, #2780 ) ;
#1750 = CARTESIAN_POINT ( 'NONE',  ( 7.793223046373214835, -42.02313980636652246, -4.511454606730658234 ) ) ;
#1751 = CARTESIAN_POINT ( 'NONE',  ( 132.8330915888096229, -6.042206017375334248, -93.06564062525582415 ) ) ;
#1752 = CARTESIAN_POINT ( 'NONE',  ( -5.244955792916005777, -41.71959093506438876, 7.319636430473094535 ) ) ;
#1753 = DIRECTION ( 'NONE',  ( 0.000000000000000000, 1.000000000000000000, 0.000000000000000000 ) ) ;
#1754 = ORIENTED_EDGE ( 'NONE', *, *, #4216, .F. ) ;
#1755 = CARTESIAN_POINT ( 'NONE',  ( -8.998799112008940781, -38.31026286157670313, 0.1470188481355286236 ) ) ;
#1756 = CARTESIAN_POINT ( 'NONE',  ( -0.3909369948845362597, -36.70784735878029892, 12.93737768302609581 ) ) ;
#1757 = CARTESIAN_POINT ( 'NONE',  ( 5.508006245906871712, -41.96795418442002301, -1.124011572018932315 ) ) ;
#1758 = CARTESIAN_POINT ( 'NONE',  ( 17.75841179683909843, -40.28156867833060062, -15.56062431282815517 ) ) ;
#1759 = CARTESIAN_POINT ( 'NONE',  ( 0.8847110768463966046, -36.69480903623529144, 12.99758425432861664 ) ) ;
#1760 = CARTESIAN_POINT ( 'NONE',  ( -22.00000000000000000, -42.30756013076910449, -5.181181809388050601E-15 ) ) ;
#1761 = CARTESIAN_POINT ( 'NONE',  ( 3.672005109525934063, -41.88319390070309112, -0.9195111013736865235 ) ) ;
#1762 = EDGE_CURVE ( 'NONE', #5198, #684, #5068, .T. ) ;
#1763 = CARTESIAN_POINT ( 'NONE',  ( -8.970594580067759338, -42.27753041282081625, 0.7419437267450402773 ) ) ;
#1764 = CARTESIAN_POINT ( 'NONE',  ( 0.5948371861080481438, -41.48889795450872953, 8.999589263733493993 ) ) ;
#1765 = CARTESIAN_POINT ( 'NONE',  ( 8.574155806482496089, -42.16263390447735304, -2.763461232792314703 ) ) ;
#1766 = CARTESIAN_POINT ( 'NONE',  ( -3.713754619475111429, -41.60292535126153268, 8.203357394532257985 ) ) ;
#1767 = ORIENTED_EDGE ( 'NONE', *, *, #4950, .T. ) ;
#1768 = CARTESIAN_POINT ( 'NONE',  ( -8.012963945778979635, -42.05812882122484808, -4.116443057286949703 ) ) ;
#1769 = LINE ( 'NONE', #4395, #1054 ) ;
#1770 = EDGE_CURVE ( 'NONE', #5577, #2167, #1064, .T. ) ;
#1771 = FACE_OUTER_BOUND ( 'NONE', #1069, .T. ) ;
#1772 = ORIENTED_EDGE ( 'NONE', *, *, #111, .F. ) ;
#1773 = FACE_OUTER_BOUND ( 'NONE', #2855, .T. ) ;
#1774 = CARTESIAN_POINT ( 'NONE',  ( 76.70763376273890799, -6.042206017375217009, 103.5536015109616841 ) ) ;
#1775 = CARTESIAN_POINT ( 'NONE',  ( 67.45423609069815996, -56.13001623236041127, 31.31519736068919002 ) ) ;
#1776 = CARTESIAN_POINT ( 'NONE',  ( -5.508003405735345304, -41.96905124318064395, 0.6128881944211516108 ) ) ;
#1777 = CARTESIAN_POINT ( 'NONE',  ( -7.343993753894094922, -42.10689525709392456, -1.124082987036183923 ) ) ;
#1778 = ORIENTED_EDGE ( 'NONE', *, *, #3788, .T. ) ;
#1779 = CARTESIAN_POINT ( 'NONE',  ( -8.981716450713863154, -42.28366107159003917, -0.5921155838743785704 ) ) ;
#1780 = EDGE_CURVE ( 'NONE', #3703, #4989, #4947, .T. ) ;
#1781 = CARTESIAN_POINT ( 'NONE',  ( -5.934681024747201938, -41.78665892407673255, 6.772568486711455726 ) ) ;
#1782 = CARTESIAN_POINT ( 'NONE',  ( 4.516283000745636045, -37.62208781278298630, -7.790377421486629039 ) ) ;
#1783 = CARTESIAN_POINT ( 'NONE',  ( -13.15518455823439936, -37.58412590509600193, 8.970993739684610446 ) ) ;
#1784 = B_SPLINE_CURVE_WITH_KNOTS ( 'NONE', 3,
 ( #4641, #752, #2017, #304, #3384, #5440, #2045, #2066, #2531, #2089, #5044, #5066, #3790, #375, #1993, #777, #3719, #826, #4687, #4166, #4256, #2459, #2934, #800, #2866, #1578 ),
 .UNSPECIFIED., .F., .F.,
 ( 4, 2, 2, 2, 2, 2, 2, 2, 2, 2, 2, 2, 4 ),
 ( 7.492709735946706917E-16, 0.009312417057981284621, 0.01862483411596181984, 0.02793725117394235680, 0.03026535543843748843, 0.03259345970293262007, 0.03724966823192287640, 0.04656208528990338907, 0.05121829381889365235, 0.05587450234788390868, 0.06518691940586443523, 0.06984312793485468462, 0.07449933646384494790 ),
 .UNSPECIFIED. ) ;
#1785 = EDGE_LOOP ( 'NONE', ( #3328, #1398, #2651, #3686, #2498 ) ) ;
#1786 = CARTESIAN_POINT ( 'NONE',  ( -11.20641827319521333, -37.78656947980276470, 6.539293826075908811 ) ) ;
#1787 = CARTESIAN_POINT ( 'NONE',  ( -7.343953323228517682, -41.74792629669013877, -8.400072464069278766 ) ) ;
#1788 = PLANE ( 'NONE',  #5088 ) ;
#1789 = CARTESIAN_POINT ( 'NONE',  ( 11.27900691473648820, -37.79159830842532841, 6.519145205733683390 ) ) ;
#1790 = CARTESIAN_POINT ( 'NONE',  ( -18.00000000000000000, -34.34959553575265545, -21.81000826438560125 ) ) ;
#1791 = CARTESIAN_POINT ( 'NONE',  ( 3.672038008226062189, -41.66660914958403339, -6.840031886336136679 ) ) ;
#1792 = CARTESIAN_POINT ( 'NONE',  ( -22.00000000000000000, -40.88189669053594599, -38.76238080152555199 ) ) ;
#1793 = CARTESIAN_POINT ( 'NONE',  ( 6.769217468203624577, -41.88146356646399937, 5.938422598160995491 ) ) ;
#1794 = CARTESIAN_POINT ( 'NONE',  ( 5.244955792915980908, -41.71959093506438876, -7.319636430473098976 ) ) ;
#1795 = CARTESIAN_POINT ( 'NONE',  ( -3.672038008226089278, -41.66660914934224280, 6.840031886336134903 ) ) ;
#1796 = CARTESIAN_POINT ( 'NONE',  ( -7.645935911960625830, -42.00093709181099655, -4.749920812102245371 ) ) ;
#1797 = CARTESIAN_POINT ( 'NONE',  ( -71.46669839058749574, 9.999999999999980460, -137.7671940876994938 ) ) ;
#1798 = DIRECTION ( 'NONE',  ( -1.490420224606775841E-16, -1.000000000000000000, 0.000000000000000000 ) ) ;
#1799 = ADVANCED_FACE ( 'NONE', ( #4917 ), #2636, .T. ) ;
#1800 = ORIENTED_EDGE ( 'NONE', *, *, #2122, .T. ) ;
#1801 = CARTESIAN_POINT ( 'NONE',  ( -5.508046676572485367, -41.64574234806982389, 8.400001049052029600 ) ) ;
#1802 = CARTESIAN_POINT ( 'NONE',  ( 148.5463068541258451, -6.042206017375247207, 83.39712365700989949 ) ) ;
#1803 = CARTESIAN_POINT ( 'NONE',  ( 13.15949949251191953, -38.31026286157670313, -0.1470188481355378107 ) ) ;
#1804 = CARTESIAN_POINT ( 'NONE',  ( 7.343996594065630212, -42.11401773343362720, 0.6129596094384031080 ) ) ;
#1805 = CARTESIAN_POINT ( 'NONE',  ( 9.180016847107614453, -42.20095491693643908, -3.031816274001235101 ) ) ;
#1806 = VECTOR ( 'NONE', #2132, 1000.000000000000000 ) ;
#1807 = ORIENTED_EDGE ( 'NONE', *, *, #2076, .T. ) ;
#1808 = CARTESIAN_POINT ( 'NONE',  ( -8.970806591207514558, -42.27765449736904202, -0.7390898058603316834 ) ) ;
#1809 = FACE_OUTER_BOUND ( 'NONE', #1125, .T. ) ;
#1810 = CARTESIAN_POINT ( 'NONE',  ( 19.48700562421814553, -37.30927522980476851, 11.22635585858393270 ) ) ;
#1811 = ORIENTED_EDGE ( 'NONE', *, *, #2767, .F. ) ;
#1812 = CARTESIAN_POINT ( 'NONE',  ( -5.747812694102960350E-15, -38.31026286157670313, 0.000000000000000000 ) ) ;
#1813 = ORIENTED_EDGE ( 'NONE', *, *, #3714, .F. ) ;
#1814 = DIRECTION ( 'NONE',  ( -1.000000000000000000, 3.074555195481524923E-16, 0.000000000000000000 ) ) ;
#1815 = CARTESIAN_POINT ( 'NONE',  ( 9.180042342328176730, -41.93205553827837662, -7.619990962330779105 ) ) ;
#1816 = DIRECTION ( 'NONE',  ( -1.000000000000000000, 0.000000000000000000, 0.000000000000000000 ) ) ;
#1817 = CARTESIAN_POINT ( 'NONE',  ( -3.725504915998866906, -41.60365399580756929, -8.198077261500072765 ) ) ;
#1818 = CARTESIAN_POINT ( 'NONE',  ( 189.9690716258804741, -6.042206017375311156, -11.00824768462534209 ) ) ;
#1819 = CARTESIAN_POINT ( 'NONE',  ( -7.343983152636476497, -42.05000831274161044, -3.031908093309130248 ) ) ;
#1820 = FACE_OUTER_BOUND ( 'NONE', #3907, .T. ) ;
#1821 = DIRECTION ( 'NONE',  ( 0.000000000000000000, 0.000000000000000000, 1.000000000000000000 ) ) ;
#1822 = CARTESIAN_POINT ( 'NONE',  ( -18.00000000000000000, -38.31026286157670313, -0.07350942406777120908 ) ) ;
#1823 = CC_DESIGN_PERSON_AND_ORGANIZATION_ASSIGNMENT ( #4554, #687, ( #4694 ) ) ;
#1824 = CARTESIAN_POINT ( 'NONE',  ( -5.508029509790806522, -41.83478860845939096, 5.310630121414297022 ) ) ;
#1825 = CARTESIAN_POINT ( 'NONE',  ( 20.34536719873065280, -6.042206017372989457, -53.98290812280549744 ) ) ;
#1826 = CARTESIAN_POINT ( 'NONE',  ( 85.69934851693989231, -38.48506133258115369, 66.46855121629380392 ) ) ;
#1827 = CARTESIAN_POINT ( 'NONE',  ( -18.00000000000000000, -32.29571161549034741, -26.62793936103274817 ) ) ;
#1828 = CARTESIAN_POINT ( 'NONE',  ( -5.747812694102960350E-15, -38.31026286157670313, 0.000000000000000000 ) ) ;
#1829 = ORIENTED_EDGE ( 'NONE', *, *, #3330, .F. ) ;
#1830 = CARTESIAN_POINT ( 'NONE',  ( -9.180038008140790851, -41.98503258812255723, 6.840001279900168818 ) ) ;
#1831 = CARTESIAN_POINT ( 'NONE',  ( 49.04412744594251450, -6.042206017375210791, 97.15863046699065819 ) ) ;
#1832 = CARTESIAN_POINT ( 'NONE',  ( 6.781729618141670635, -41.88141998576816150, -5.946466787797692888 ) ) ;
#1833 = CARTESIAN_POINT ( 'NONE',  ( 1.134705611842493951E-06, -41.79338277994687445, -0.2042040640332813128 ) ) ;
#1834 = EDGE_CURVE ( 'NONE', #903, #2376, #731, .T. ) ;
#1835 = CARTESIAN_POINT ( 'NONE',  ( 9.180046676515589255, -41.87592484815071003, -8.399980644761386728 ) ) ;
#1836 = CARTESIAN_POINT ( 'NONE',  ( 69.65500000000000114, -58.93658393131480011, 0.000000000000000000 ) ) ;
#1837 = AXIS2_PLACEMENT_3D ( 'NONE', #2333, #654, #170 ) ;
#1838 = CARTESIAN_POINT ( 'NONE',  ( -7.343988453265295924, -42.08122616269734806, -2.077995540172656419 ) ) ;
#1839 = DIRECTION ( 'NONE',  ( 0.000000000000000000, 1.000000000000000000, 0.000000000000000000 ) ) ;
#1840 = ORIENTED_EDGE ( 'NONE', *, *, #3806, .F. ) ;
#1841 = CARTESIAN_POINT ( 'NONE',  ( -7.344042342356637221, -41.80212089884034299, 7.620001164476101430 ) ) ;
#1842 = ORIENTED_EDGE ( 'NONE', *, *, #2948, .T. ) ;
#1843 = AXIS2_PLACEMENT_3D ( 'NONE', #2821, #3640, #2397 ) ;
#1844 = CARTESIAN_POINT ( 'NONE',  ( 8.708949825247078280, -38.18314386881943534, 2.344238228978649197 ) ) ;
#1845 = CARTESIAN_POINT ( 'NONE',  ( -9.179970489981760906, -42.08223716987231455, -5.310711738576871177 ) ) ;
#1846 = LINE ( 'NONE', #1434, #2105 ) ;
#1847 = CARTESIAN_POINT ( 'NONE',  ( 8.574155806482496089, -42.16263390447735304, -2.763461232792314703 ) ) ;
#1848 = CIRCLE ( 'NONE', #5018, 16.74500000000000099 ) ;
#1849 = CARTESIAN_POINT ( 'NONE',  ( -8.999999999971750597, -42.30661158412170408, -0.1490837844135032841 ) ) ;
#1850 = CARTESIAN_POINT ( 'NONE',  ( 9.180011546478814566, -42.24575990172672135, -2.077903720864762160 ) ) ;
#1851 = FACE_OUTER_BOUND ( 'NONE', #3197, .T. ) ;
#1852 = DIRECTION ( 'NONE',  ( 0.000000000000000000, -1.000000000000000000, 0.000000000000000000 ) ) ;
#1853 = DIRECTION ( 'NONE',  ( -1.000000000000000000, 0.000000000000000000, 0.000000000000000000 ) ) ;
#1854 = CARTESIAN_POINT ( 'NONE',  ( 9.179957657387467052, -41.93204332868869244, 7.620092983783994356 ) ) ;
#1855 = CARTESIAN_POINT ( 'NONE',  ( 18.82837672200436074, -42.30756013076909738, -4.854139997231178318E-15 ) ) ;
#1856 = CARTESIAN_POINT ( 'NONE',  ( 30.67915473062150156, -13.94371515320612609, 92.10023280498641896 ) ) ;
#1857 = CARTESIAN_POINT ( 'NONE',  ( -7.090475100566769662, -37.89882850921774349, 5.573688429112046983 ) ) ;
#1858 = PLANE ( 'NONE',  #589 ) ;
#1859 = CARTESIAN_POINT ( 'NONE',  ( 86.40000000000000568, -64.66763823405520384, 0.000000000000000000 ) ) ;
#1860 = ORIENTED_EDGE ( 'NONE', *, *, #2347, .T. ) ;
#1861 = CARTESIAN_POINT ( 'NONE',  ( 9.179970489981730708, -42.08223716966010386, 5.310711738576870289 ) ) ;
#1862 = CARTESIAN_POINT ( 'NONE',  ( 99.14500000000001023, -64.66763823405520384, 1.560812345513301719E-15 ) ) ;
#1863 = CARTESIAN_POINT ( 'NONE',  ( 132.5621721076906852, -6.042206017375334248, -93.20040215192753408 ) ) ;
#1864 = CARTESIAN_POINT ( 'NONE',  ( -9.000000000000007105, -42.30756013076910449, -5.181181809388050601E-15 ) ) ;
#1865 = CARTESIAN_POINT ( 'NONE',  ( 7.344042342356608799, -41.80212089860879843, -7.620001164476099653 ) ) ;
#1866 = CARTESIAN_POINT ( 'NONE',  ( -1.664322398973016925, -36.72966200320942676, 12.83657767480388046 ) ) ;
#1867 = EDGE_CURVE ( 'NONE', #343, #3456, #1784, .T. ) ;
#1868 = CARTESIAN_POINT ( 'NONE',  ( -5.507994890331902482, -41.97116850191184056, -0.9195621121002953702 ) ) ;
#1869 = CARTESIAN_POINT ( 'NONE',  ( -4.500489974407376970, -37.62080656854831773, -7.799545845500212238 ) ) ;
#1870 = ORIENTED_EDGE ( 'NONE', *, *, #1281, .T. ) ;
#1871 = CARTESIAN_POINT ( 'NONE',  ( -7.344046676544051522, -41.74793702368555159, 8.399990846906709052 ) ) ;
#1872 = VERTEX_POINT ( 'NONE', #3336 ) ;
#1873 = CARTESIAN_POINT ( 'NONE',  ( 8.573943548412808369, -37.32443971852515574, 9.742470686329330221 ) ) ;
#1874 = CARTESIAN_POINT ( 'NONE',  ( 181.3405721734426095, -6.042206017375278293, 42.82528024119850585 ) ) ;
#1875 = CARTESIAN_POINT ( 'NONE',  ( 5.507998297856242509, -41.96944676530809915, 0.3063367024858758558 ) ) ;
#1876 = CARTESIAN_POINT ( 'NONE',  ( -8.998799112008940781, -38.31026286157670313, 0.1470188481355286236 ) ) ;
#1877 = DIRECTION ( 'NONE',  ( -0.000000000000000000, -1.000000000000000000, 0.000000000000000000 ) ) ;
#1878 = CARTESIAN_POINT ( 'NONE',  ( -5.498245137743829503, -41.74135816121949460, -7.149896993931758260 ) ) ;
#1879 = CARTESIAN_POINT ( 'NONE',  ( -2.091766435016654047, -36.72953543792593933, 12.83765192486416851 ) ) ;
#1880 = CARTESIAN_POINT ( 'NONE',  ( -18.00000000000000000, -26.96475769767874908, 35.57686982298324807 ) ) ;
#1881 = DIRECTION ( 'NONE',  ( -1.000000000000000000, 0.000000000000000000, -0.000000000000000000 ) ) ;
#1882 = CARTESIAN_POINT ( 'NONE',  ( 159.5718911911924920, -33.22972007004714357, 8.960972233485210097E-15 ) ) ;
#1883 = CARTESIAN_POINT ( 'NONE',  ( -7.344051010731464046, -41.69037129754193671, 9.179980529337315787 ) ) ;
#1884 = CARTESIAN_POINT ( 'NONE',  ( -0.9323688128199322245, -20.95902901126089901, 49.13341423743467118 ) ) ;
#1885 = CARTESIAN_POINT ( 'NONE',  ( 85.42307960382289878, -13.94371515320613852, 92.67729385790640606 ) ) ;
#1886 = CARTESIAN_POINT ( 'NONE',  ( 12.99998145813962935, -38.30387826367884685, 0.02195650304199129460 ) ) ;
#1887 = DIRECTION ( 'NONE',  ( 0.000000000000000000, 1.000000000000000000, 0.000000000000000000 ) ) ;
#1888 =( NAMED_UNIT ( * ) SI_UNIT ( $, .STERADIAN. ) SOLID_ANGLE_UNIT ( ) );
#1889 = ORIENTED_EDGE ( 'NONE', *, *, #2929, .F. ) ;
#1890 = EDGE_CURVE ( 'NONE', #2343, #182, #5456, .T. ) ;
#1891 = CARTESIAN_POINT ( 'NONE',  ( -3.672021011412389679, -41.81617290905057871, 3.781248760783102458 ) ) ;
#1892 = CARTESIAN_POINT ( 'NONE',  ( 23.54581797371408314, -6.042206017375211680, 82.86494413386367341 ) ) ;
#1893 = CARTESIAN_POINT ( 'NONE',  ( 188.1081333818532642, -6.042206017375317373, -21.74163980274272490 ) ) ;
#1894 = CARTESIAN_POINT ( 'NONE',  ( 3.713754619475082119, -41.60292535126150426, -8.203357394532257985 ) ) ;
#1895 = CARTESIAN_POINT ( 'NONE',  ( -3.671961991660208646, -41.66660398508292928, -6.840072694917422425 ) ) ;
#1896 = CARTESIAN_POINT ( 'NONE',  ( 12.99061253846061526, -38.27041812380080898, 0.8832300639048783486 ) ) ;
#1897 = CARTESIAN_POINT ( 'NONE',  ( 3.800828292833608645E-05, -41.59064680588684126, -6.840052290626778664 ) ) ;
#1898 = LINE ( 'NONE', #4925, #227 ) ;
#1899 = ORIENTED_EDGE ( 'NONE', *, *, #2248, .T. ) ;
#1900 = CARTESIAN_POINT ( 'NONE',  ( 5.507948989069507917, -41.58977544985609853, 9.180051944354566729 ) ) ;
#1901 = VERTEX_POINT ( 'NONE', #5021 ) ;
#1902 = CARTESIAN_POINT ( 'NONE',  ( 2.974410461583242071, -36.78058760762045409, 12.59834187687948415 ) ) ;
#1903 = CARTESIAN_POINT ( 'NONE',  ( -9.000000000000007105, -63.39640923772800818, 0.000000000000000000 ) ) ;
#1904 = AXIS2_PLACEMENT_3D ( 'NONE', #2604, #5126, #1267 ) ;
#1905 = CARTESIAN_POINT ( 'NONE',  ( -5.508001134620344352, -41.97551094595849719, 0.2041734575973071786 ) ) ;
#1906 = CARTESIAN_POINT ( 'NONE',  ( -71.46669839058749574, -70.00000000000000000, -137.7671940876994938 ) ) ;
#1907 = CARTESIAN_POINT ( 'NONE',  ( 8.763425056053637974, -42.20779382259517121, -2.055361693402036227 ) ) ;
#1908 = CARTESIAN_POINT ( 'NONE',  ( -2.339016405537988508, -41.53341710588342295, -8.695754458146106813 ) ) ;
#1909 = CARTESIAN_POINT ( 'NONE',  ( 18.82837672200436074, -42.30756013076909738, -4.854139997231178318E-15 ) ) ;
#1910 = EDGE_CURVE ( 'NONE', #1488, #1979, #5510, .T. ) ;
#1911 = CARTESIAN_POINT ( 'NONE',  ( -18.00000000000000000, -15.84325058705650058, 47.33309916941549744 ) ) ;
#1912 = CARTESIAN_POINT ( 'NONE',  ( -1.684724981805607984E-05, -41.75539727404530765, 3.031867284727839174 ) ) ;
#1913 = CARTESIAN_POINT ( 'NONE',  ( 73.65500000000000114, -63.39640923772801528, 0.000000000000000000 ) ) ;
#1914 = CARTESIAN_POINT ( 'NONE',  ( 76.33287695441657661, -58.93658393131474327, 16.63981175612601149 ) ) ;
#1915 = CARTESIAN_POINT ( 'NONE',  ( 12.99853023011491260, -38.27054827061422770, 0.8811979485841956450 ) ) ;
#1916 = CARTESIAN_POINT ( 'NONE',  ( -22.00000000000000000, -42.30756013076910449, -5.181181809388050601E-15 ) ) ;
#1917 = EDGE_CURVE ( 'NONE', #1308, #744, #4155, .T. ) ;
#1918 = CARTESIAN_POINT ( 'NONE',  ( 18.61312154021309340, -35.29966205353923669, -18.32354953918688167 ) ) ;
#1919 = APPROVAL_STATUS ( 'not_yet_approved' ) ;
#1920 = ORIENTED_EDGE ( 'NONE', *, *, #2611, .T. ) ;
#1921 = CARTESIAN_POINT ( 'NONE',  ( -1.684724981805607984E-05, -41.75539727404530765, 3.031867284727839174 ) ) ;
#1922 = CARTESIAN_POINT ( 'NONE',  ( 13.22810880880768103, -33.22972007004714357, -1.792194446697044859E-14 ) ) ;
#1923 = CARTESIAN_POINT ( 'NONE',  ( 16.43896709016467739, -30.50080451290473604, 29.72496085214667616 ) ) ;
#1924 = CARTESIAN_POINT ( 'NONE',  ( 8.538648456108786533, -42.15371864319434536, -2.904969089489922940 ) ) ;
#1925 = CARTESIAN_POINT ( 'NONE',  ( 7.344046676544021324, -41.74793702330202194, -8.399990846906705499 ) ) ;
#1926 = CARTESIAN_POINT ( 'NONE',  ( 8.999999999999978684, -42.30661100815936493, 1.054571528968089291E-15 ) ) ;
#1927 = CARTESIAN_POINT ( 'NONE',  ( 3.672006245935305113, -41.88114297932266084, -1.124021774164253751 ) ) ;
#1928 = CARTESIAN_POINT ( 'NONE',  ( 3.671948989097941318, -41.51274014781866128, 9.180041742209247957 ) ) ;
#1929 = ORIENTED_EDGE ( 'NONE', *, *, #3674, .F. ) ;
#1930 = CARTESIAN_POINT ( 'NONE',  ( -9.180016847107648204, -42.20095491708082136, 3.031816274001231548 ) ) ;
#1931 = VERTEX_POINT ( 'NONE', #1232 ) ;
#1932 = CARTESIAN_POINT ( 'NONE',  ( 7.649868942203690736, -37.98297618081021909, 4.750177775994198548 ) ) ;
#1933 = CARTESIAN_POINT ( 'NONE',  ( -22.00000000000000000, -6.042206017372999227, -58.61996200095914844 ) ) ;
#1934 = CARTESIAN_POINT ( 'NONE',  ( 1.134705611842493951E-06, -41.79338277994687445, -0.2042040640332813128 ) ) ;
#1935 = CARTESIAN_POINT ( 'NONE',  ( 173.0778869970431515, -6.042206017375268523, 57.90556191559879551 ) ) ;
#1936 = CARTESIAN_POINT ( 'NONE',  ( 4.751848120813992438, -41.67776657638364668, -7.644759034772629747 ) ) ;
#1937 = CARTESIAN_POINT ( 'NONE',  ( -8.981716450713863154, -42.28366107159003917, -0.5921155838743785704 ) ) ;
#1938 = CARTESIAN_POINT ( 'NONE',  ( 185.3328331859785862, -6.042206017371040794, -197.8656663719569906 ) ) ;
#1939 = PLANE ( 'NONE',  #692 ) ;
#1940 = CIRCLE ( 'NONE', #3093, 12.74499999999999922 ) ;
#1941 = CARTESIAN_POINT ( 'NONE',  ( 44.62853256534964430, -60.86600650612059837, 0.000000000000000000 ) ) ;
#1942 = CARTESIAN_POINT ( 'NONE',  ( -7.344016847136085602, -42.05001507887666179, 3.031826476146552984 ) ) ;
#1943 = CIRCLE ( 'NONE', #3657, 16.74500000000000099 ) ;
#1944 = CARTESIAN_POINT ( 'NONE',  ( 99.14500000000001023, -63.39640923772802950, 1.560812345513300931E-15 ) ) ;
#1945 = CARTESIAN_POINT ( 'NONE',  ( 110.6172451890449935, -57.95386985700429960, 0.000000000000000000 ) ) ;
#1946 = ADVANCED_FACE ( 'NONE', ( #4186 ), #1314, .T. ) ;
#1947 = CARTESIAN_POINT ( 'NONE',  ( 7.799707327707635862, -38.00715512972990240, 4.500038726457531446 ) ) ;
#1948 = CARTESIAN_POINT ( 'NONE',  ( -71.46669839058749574, 9.999999999999980460, -137.7671940876994938 ) ) ;
#1949 = CARTESIAN_POINT ( 'NONE',  ( 8.999999999999987566, -42.30756013076910449, -5.181181809388050601E-15 ) ) ;
#1950 = DATE_TIME_ROLE ( 'creation_date' ) ;
#1951 = ORIENTED_EDGE ( 'NONE', *, *, #3558, .F. ) ;
#1952 = CARTESIAN_POINT ( 'NONE',  ( 159.5718911911922078, -33.22972007004717909, -146.3437823823845179 ) ) ;
#1953 = CARTESIAN_POINT ( 'NONE',  ( 3.997140869949340480, -37.58261839734927179, -8.069055544350483444 ) ) ;
#1954 = CARTESIAN_POINT ( 'NONE',  ( -18.00000000000000000, -6.042206017372999227, -31.95317545291229777 ) ) ;
#1955 = CARTESIAN_POINT ( 'NONE',  ( 3.672046676600888127, -41.56765029199235784, -8.400011251197348372 ) ) ;
#1956 = CARTESIAN_POINT ( 'NONE',  ( 22.32986575890218361, -39.92365077371957938, -1.569265696386033051E-14 ) ) ;
#1957 = CARTESIAN_POINT ( 'NONE',  ( 9.180005109440637412, -42.29214137114303895, -0.9194804949377219927 ) ) ;
#1958 = CARTESIAN_POINT ( 'NONE',  ( -4.234247036814637151E-05, -41.54461856202146919, 7.620041973057389839 ) ) ;
#1959 = ORIENTED_EDGE ( 'NONE', *, *, #1890, .T. ) ;
#1960 = CARTESIAN_POINT ( 'NONE',  ( 5.507983152664885473, -41.92983744923066070, 3.031897891163803926 ) ) ;
#1961 = ORIENTED_EDGE ( 'NONE', *, *, #5067, .F. ) ;
#1962 = CARTESIAN_POINT ( 'NONE',  ( 0.4875835940445613637, -6.042206017374149418, 58.61996200337879515 ) ) ;
#1963 = CARTESIAN_POINT ( 'NONE',  ( 7.344046676544021324, -41.74793702330202194, -8.399990846906705499 ) ) ;
#1964 = CARTESIAN_POINT ( 'NONE',  ( 3.672003405763748507, -41.88853576701349368, -0.6128983965664814848 ) ) ;
#1965 = ADVANCED_FACE ( 'NONE', ( #2437 ), #350, .F. ) ;
#1966 = CARTESIAN_POINT ( 'NONE',  ( 188.4358585817085157, -6.042206017375292504, 20.15719838002362962 ) ) ;
#1967 = CARTESIAN_POINT ( 'NONE',  ( 36.52557221256087416, -6.042206017375304050, -91.27344544647755242 ) ) ;
#1968 = CARTESIAN_POINT ( 'NONE',  ( 20.34536719873065280, -15.84325058705650058, -47.33309916941539797 ) ) ;
#1969 = CARTESIAN_POINT ( 'NONE',  ( -6.282442621485420098, -13.94371515320776034, -2.270065133871209932E-14 ) ) ;
#1970 = CARTESIAN_POINT ( 'NONE',  ( -8.708738561612994644, -42.19177848107344175, 2.346291692637187509 ) ) ;
#1971 = CARTESIAN_POINT ( 'NONE',  ( -18.00000000000000000, -37.24160956814002787, 11.43555522609180386 ) ) ;
#1972 = CARTESIAN_POINT ( 'NONE',  ( 9.179996594037186597, -42.30370506477028414, 0.6129698115837249883 ) ) ;
#1973 = CARTESIAN_POINT ( 'NONE',  ( 103.1449999999999108, -58.93658393131474327, 9.891171654269799163 ) ) ;
#1974 = CARTESIAN_POINT ( 'NONE',  ( -18.00000000000000000, -37.24160956814002787, 11.43555522609180386 ) ) ;
#1975 = CARTESIAN_POINT ( 'NONE',  ( 9.495271487230038332, -37.46052857905883826, 8.889191409816440625 ) ) ;
#1976 = CARTESIAN_POINT ( 'NONE',  ( -18.00000000000000000, -33.76135606336559647, -31.95317545291229777 ) ) ;
#1977 = CARTESIAN_POINT ( 'NONE',  ( 19.07334698233630021, -42.30756013076910449, -5.181181809388050601E-15 ) ) ;
#1978 = PERSON_AND_ORGANIZATION ( #238, #2522 ) ;
#1979 = VERTEX_POINT ( 'NONE', #1674 ) ;
#1980 = CARTESIAN_POINT ( 'NONE',  ( 54.88684423297739556, -56.13001623236050364, -7.718497068223229677E-15 ) ) ;
#1981 = DIRECTION ( 'NONE',  ( 1.000000000000000000, 0.000000000000000000, 0.000000000000000000 ) ) ;
#1982 = CARTESIAN_POINT ( 'NONE',  ( 23.13850053261343831, -58.99259783589941009, -126.5229989347731561 ) ) ;
#1983 = CARTESIAN_POINT ( 'NONE',  ( 8.012963945778968977, -42.05812882122486229, 4.116443057286931051 ) ) ;
#1984 = ADVANCED_FACE ( 'NONE', ( #5111 ), #1389, .F. ) ;
#1985 = CARTESIAN_POINT ( 'NONE',  ( 16.54108925045359157, -37.41592331075683830, 24.37386912572618058 ) ) ;
#1986 = CARTESIAN_POINT ( 'NONE',  ( 172.6772380009930146, -20.95902901126090256, 4.163336342344334502E-14 ) ) ;
#1987 = CARTESIAN_POINT ( 'NONE',  ( -5.508046676572485367, -41.64574234806982389, 8.400001049052029600 ) ) ;
#1988 = ORIENTED_EDGE ( 'NONE', *, *, #632, .F. ) ;
#1989 = CARTESIAN_POINT ( 'NONE',  ( -1.597721699578917197E-14, -41.80288240122314392, -4.550409309681739437E-15 ) ) ;
#1990 = VERTEX_POINT ( 'NONE', #3009 ) ;
#1991 = CARTESIAN_POINT ( 'NONE',  ( 18.65092101011278203, -35.38665753033456696, 18.08101892501845853 ) ) ;
#1992 = CARTESIAN_POINT ( 'NONE',  ( 89.99890873269488623, -6.042206017375222338, 104.0901759453188191 ) ) ;
#1993 = CARTESIAN_POINT ( 'NONE',  ( 15.40142761098085344, -34.84025827444284573, -30.12802903750649008 ) ) ;
#1994 = CARTESIAN_POINT ( 'NONE',  ( 179.4264479928738467, -6.042206017375277405, 46.51153907891738015 ) ) ;
#1995 = CARTESIAN_POINT ( 'NONE',  ( 75.47334582501396483, -6.042206017375322702, -103.4306244023575658 ) ) ;
#1996 = CARTESIAN_POINT ( 'NONE',  ( 152.8722439315365023, -38.48506133258189976, 8.140502076289799479E-15 ) ) ;
#1997 = CARTESIAN_POINT ( 'NONE',  ( -7.793223045766656476, -42.02313980627197054, 4.511454607775469583 ) ) ;
#1998 = AXIS2_PLACEMENT_3D ( 'NONE', #3997, #902, #474 ) ;
#1999 = DIRECTION ( 'NONE',  ( 0.000000000000000000, 0.000000000000000000, 1.000000000000000000 ) ) ;
#2000 = CARTESIAN_POINT ( 'NONE',  ( -7.344005109469097903, -42.10820935120748487, 0.9194906970830358794 ) ) ;
#2001 = CARTESIAN_POINT ( 'NONE',  ( 0.4875835940445548689, -6.042206017374144089, -58.61996200337879515 ) ) ;
#2002 = CARTESIAN_POINT ( 'NONE',  ( 22.32986575890195979, -39.92365077371941595, 7.107235744927015843E-16 ) ) ;
#2003 = CARTESIAN_POINT ( 'NONE',  ( 78.95886935388563188, -6.042206017375323590, -103.8862187544049789 ) ) ;
#2004 = CARTESIAN_POINT ( 'NONE',  ( -8.998799112008940781, -38.31026286157670313, 0.1470188481355286236 ) ) ;
#2005 = CARTESIAN_POINT ( 'NONE',  ( -18.00000000000000000, -32.29571161549034741, -26.62793936103274817 ) ) ;
#2006 = LINE ( 'NONE', #3732, #2447 ) ;
#2007 = VERTEX_POINT ( 'NONE', #4314 ) ;
#2008 = CARTESIAN_POINT ( 'NONE',  ( 14.30525896053716473, -26.17475898216962094, -36.26352401252749758 ) ) ;
#2009 = CARTESIAN_POINT ( 'NONE',  ( 14.09384130852986949, -25.75753288789929130, -36.81290612106347027 ) ) ;
#2010 = EDGE_CURVE ( 'NONE', #1200, #80, #4743, .T. ) ;
#2011 = CARTESIAN_POINT ( 'NONE',  ( 4.234247034024030864E-05, -41.54461856230044958, -7.620041973057387175 ) ) ;
#2012 = CARTESIAN_POINT ( 'NONE',  ( -5.508029509790806522, -41.83478860845939096, 5.310630121414297022 ) ) ;
#2013 = CARTESIAN_POINT ( 'NONE',  ( -9.180005109440665834, -42.29214137119175376, 0.9194804949377145542 ) ) ;
#2014 = ORIENTED_EDGE ( 'NONE', *, *, #3265, .F. ) ;
#2015 = CARTESIAN_POINT ( 'NONE',  ( -6.822001852406477163, -37.09723559353736988, 11.01096276086694559 ) ) ;
#2016 = CARTESIAN_POINT ( 'NONE',  ( 12.31236700618257451, -22.29575468936765148, -41.00798506064737836 ) ) ;
#2017 = CARTESIAN_POINT ( 'NONE',  ( 3.135534900943200309, -10.92484310905101275, -55.69393811263910266 ) ) ;
#2018 = CARTESIAN_POINT ( 'NONE',  ( 5.514254520928799863, -37.71088761638348785, 7.136723109706553991 ) ) ;
#2019 = CARTESIAN_POINT ( 'NONE',  ( 56.28775158762256581, -6.042206017375315596, -99.55156196040775285 ) ) ;
#2020 = EDGE_CURVE ( 'NONE', #3861, #1517, #3000, .T. ) ;
#2021 = CARTESIAN_POINT ( 'NONE',  ( 190.4059769339612558, -6.042206017375304938, -1.418643613812169708E-14 ) ) ;
#2022 = CARTESIAN_POINT ( 'NONE',  ( 0.3033896137948252636, -41.48884512254560519, 8.999771648780324540 ) ) ;
#2023 = VECTOR ( 'NONE', #4912, 1000.000000000000000 ) ;
#2024 = CARTESIAN_POINT ( 'NONE',  ( -17.60597693396299945, -6.042206017372989457, -2.547411734887424772E-14 ) ) ;
#2025 = CARTESIAN_POINT ( 'NONE',  ( 9.179970489981730708, -42.08223716966010386, 5.310711738576870289 ) ) ;
#2026 = CARTESIAN_POINT ( 'NONE',  ( 5.507993753922505675, -41.96795358764842376, 1.124072784890855159 ) ) ;
#2027 = CARTESIAN_POINT ( 'NONE',  ( 13.10460830674205468, -29.99880861989347380, -37.84046936883328272 ) ) ;
#2028 = CARTESIAN_POINT ( 'NONE',  ( -18.00000000000000000, -26.96475769767874908, 35.57686982298324807 ) ) ;
#2029 = AXIS2_PLACEMENT_3D ( 'NONE', #2271, #1412, #4939 ) ;
#2030 = CARTESIAN_POINT ( 'NONE',  ( 106.4267375589224969, -6.042206017375329807, -102.2089106699834815 ) ) ;
#2031 = CARTESIAN_POINT ( 'NONE',  ( -7.151508109835861937, -37.90742653524890926, -5.495377398261807933 ) ) ;
#2032 = PRODUCT_DEFINITION_SHAPE ( 'NONE', 'NONE',  #2828 ) ;
#2033 = DIRECTION ( 'NONE',  ( 1.000000000000000000, -1.334604752262064725E-16, 0.000000000000000000 ) ) ;
#2034 = CALENDAR_DATE ( 2026, 3, 6 ) ;
#2035 = VECTOR ( 'NONE', #1118, 1000.000000000000000 ) ;
#2036 = EDGE_LOOP ( 'NONE', ( #3852, #2933, #2713 ) ) ;
#2037 = DIRECTION ( 'NONE',  ( 0.000000000000000000, -0.000000000000000000, 1.000000000000000000 ) ) ;
#2038 = AXIS2_PLACEMENT_3D ( 'NONE', #981, #3572, #132 ) ;
#2039 = CARTESIAN_POINT ( 'NONE',  ( 0.4875835940445613637, -6.042206017374149418, 58.61996200337879515 ) ) ;
#2040 = CARTESIAN_POINT ( 'NONE',  ( -9.179953323200084725, -41.87591202997710127, -8.400082666214601090 ) ) ;
#2041 = CARTESIAN_POINT ( 'NONE',  ( 3.671983152693320207, -41.84321739123220851, 3.031887689018482490 ) ) ;
#2042 = CARTESIAN_POINT ( 'NONE',  ( 3.671994890360303909, -41.88319309293466119, 0.9195519099549662734 ) ) ;
#2043 = ORIENTED_EDGE ( 'NONE', *, *, #2275, .F. ) ;
#2044 = EDGE_CURVE ( 'NONE', #5435, #1872, #4340, .T. ) ;
#2045 = CARTESIAN_POINT ( 'NONE',  ( 10.21642867835961788, -24.25098017292662433, -44.77699610944927855 ) ) ;
#2046 = CARTESIAN_POINT ( 'NONE',  ( 162.2995630655967716, -6.042206017375258753, 71.11054136579581098 ) ) ;
#2047 = CARTESIAN_POINT ( 'NONE',  ( 38.84889815987892803, -6.042206017375302274, -92.49939656303361346 ) ) ;
#2048 = CARTESIAN_POINT ( 'NONE',  ( -18.00000000000000000, -38.06945898554211283, -5.971949508083570279 ) ) ;
#2049 = CARTESIAN_POINT ( 'NONE',  ( -8.574155806482504971, -42.16263390447734594, 2.763461232792275624 ) ) ;
#2050 = EDGE_CURVE ( 'NONE', #3610, #719, #2455, .T. ) ;
#2051 = CARTESIAN_POINT ( 'NONE',  ( 7.344001701944698368, -42.11316865321070679, -0.3062652874686329074 ) ) ;
#2052 = CARTESIAN_POINT ( 'NONE',  ( 139.1842759379919983, -47.26221975847409595, 2.775557561562889773E-14 ) ) ;
#2053 = FACE_OUTER_BOUND ( 'NONE', #2223, .T. ) ;
#2054 = CARTESIAN_POINT ( 'NONE',  ( 73.65500000000000114, -63.39640923772802950, 0.000000000000000000 ) ) ;
#2055 = CARTESIAN_POINT ( 'NONE',  ( 8.426069859908162485, -42.13266516045914756, 3.176164280245761695 ) ) ;
#2056 = CARTESIAN_POINT ( 'NONE',  ( 73.65500000000000114, -64.66763823405520384, 0.000000000000000000 ) ) ;
#2057 = ORIENTED_EDGE ( 'NONE', *, *, #3151, .T. ) ;
#2058 = CARTESIAN_POINT ( 'NONE',  ( 5.898621856989717749, -10.41167568218925510, -51.21413579077877642 ) ) ;
#2059 = B_SPLINE_CURVE_WITH_KNOTS ( 'NONE', 3,
 ( #2567, #1656, #494, #2625, #1680, #5517, #2987, #4697, #5097, #919, #5172, #2514, #5202, #834, #408, #3479, #4722, #4264, #1239, #3844, #3049, #2941, #433, #4779 ),
 .UNSPECIFIED., .F., .F.,
 ( 4, 2, 2, 2, 2, 2, 2, 2, 2, 2, 2, 4 ),
 ( 0.000000000000000000, 0.01874628740132331869, 0.02343285925165414924, 0.02811943110198497631, 0.03749257480264663045, 0.03983586072781204052, 0.04217914665297746446, 0.04686571850330831235, 0.05623886220397001506, 0.06092543405430086989, 0.06561200590463171778, 0.07498514960529342743 ),
 .UNSPECIFIED. ) ;
#2060 = EDGE_CURVE ( 'NONE', #5255, #3953, #5087, .T. ) ;
#2061 = CARTESIAN_POINT ( 'NONE',  ( -18.00000000000000000, -6.042206017372979687, 53.98290812280559692 ) ) ;
#2062 = CARTESIAN_POINT ( 'NONE',  ( -0.9323688128199322245, -20.95902901126089901, 49.13341423743467118 ) ) ;
#2063 = CARTESIAN_POINT ( 'NONE',  ( 7.343957657415900009, -41.80211066434193867, 7.620082781638672920 ) ) ;
#2064 = CARTESIAN_POINT ( 'NONE',  ( 5.507999999914684253, -41.99430005132508370, 3.060643596046598813E-05 ) ) ;
#2065 = ORIENTED_EDGE ( 'NONE', *, *, #3638, .T. ) ;
#2066 = CARTESIAN_POINT ( 'NONE',  ( 11.46576343462818137, -26.71096592821849924, -41.97849767408635557 ) ) ;
#2067 = CARTESIAN_POINT ( 'NONE',  ( 133.0476797817103431, -6.042206017375241878, 92.95826730507334901 ) ) ;
#2068 = CARTESIAN_POINT ( 'NONE',  ( 23.16124214046129381, -6.042206017375295168, -82.57189050234555339 ) ) ;
#2069 = CARTESIAN_POINT ( 'NONE',  ( -22.00000000000000000, -6.042206017373009885, 58.61996200337879515 ) ) ;
#2070 = CARTESIAN_POINT ( 'NONE',  ( -12.99840399442346062, -38.31026286157670313, 0.07350942406776220239 ) ) ;
#2071 = CARTESIAN_POINT ( 'NONE',  ( 190.4059769339629895, -6.042206017373020543, -208.0119538679261098 ) ) ;
#2072 = CARTESIAN_POINT ( 'NONE',  ( -3.672001134648780418, -41.88910343542097792, 0.2041836597426287814 ) ) ;
#2073 = CARTESIAN_POINT ( 'NONE',  ( 19.94252651915554964, -38.48506133258115369, -1.401225119901683858 ) ) ;
#2074 = CARTESIAN_POINT ( 'NONE',  ( 24.54315066403393786, -41.44459846639392708, 3.261958650459996236E-16 ) ) ;
#2075 = CARTESIAN_POINT ( 'NONE',  ( 6.522518191605461979, -37.05146502262662267, 11.25329287581781657 ) ) ;
#2076 = EDGE_CURVE ( 'NONE', #1517, #3104, #3557, .T. ) ;
#2077 = CARTESIAN_POINT ( 'NONE',  ( 7.321135122294765374, -41.95373014220245977, 5.242861398016385621 ) ) ;
#2078 = DIRECTION ( 'NONE',  ( 1.000000000000000000, 0.000000000000000000, 0.000000000000000000 ) ) ;
#2079 = CARTESIAN_POINT ( 'NONE',  ( 149.6614994673854255, -58.99259783589960193, 7.747299283199558712E-15 ) ) ;
#2080 = ORIENTED_EDGE ( 'NONE', *, *, #229, .F. ) ;
#2081 = VECTOR ( 'NONE', #836, 1000.000000000000000 ) ;
#2082 = PLANE ( 'NONE',  #2848 ) ;
#2083 = CC_DESIGN_APPROVAL ( #4820, ( #3518 ) ) ;
#2084 = FACE_OUTER_BOUND ( 'NONE', #4656, .T. ) ;
#2085 = PLANE ( 'NONE',  #2469 ) ;
#2086 = CARTESIAN_POINT ( 'NONE',  ( -5.508005109497532636, -41.97117035294004950, 0.9195008992283580929 ) ) ;
#2087 = CARTESIAN_POINT ( 'NONE',  ( -3.672003405763780481, -41.88853576663195355, 0.6128983965664731581 ) ) ;
#2088 = ORIENTED_EDGE ( 'NONE', *, *, #4369, .T. ) ;
#2089 = CARTESIAN_POINT ( 'NONE',  ( 12.18996091247786318, -28.15205036719281040, -40.24124937646044486 ) ) ;
#2090 = CARTESIAN_POINT ( 'NONE',  ( 148.3751475113471372, -6.042206017375332472, -83.52441727435162022 ) ) ;
#2091 = CARTESIAN_POINT ( 'NONE',  ( 62.18275481095519552, -57.95386985700429960, -5.931514360986089564E-15 ) ) ;
#2092 = CARTESIAN_POINT ( 'NONE',  ( -11.66341518422806978, -38.30283550052052988, 0.04909069863806468648 ) ) ;
#2093 = CARTESIAN_POINT ( 'NONE',  ( 0.8772535945963195747, -36.70854790205775231, 12.93415045665127572 ) ) ;
#2094 = CARTESIAN_POINT ( 'NONE',  ( 3.672001134648748444, -41.88910343578137230, -0.2041836597426380240 ) ) ;
#2095 = CARTESIAN_POINT ( 'NONE',  ( 18.03764526497331744, -40.94908700361598619, -12.50909095040602281 ) ) ;
#2096 = CARTESIAN_POINT ( 'NONE',  ( -7.568168270979996670, -41.98937689492970549, -4.872862643179433739 ) ) ;
#2097 = LINE ( 'NONE', #1588, #776 ) ;
#2098 = LINE ( 'NONE', #3934, #319 ) ;
#2099 = DIRECTION ( 'NONE',  ( -1.490420224606775841E-16, -1.000000000000000000, 0.000000000000000000 ) ) ;
#2100 = CARTESIAN_POINT ( 'NONE',  ( 8.999999999999987566, -42.30756013076910449, -5.181181809388050601E-15 ) ) ;
#2101 = DATE_TIME_ROLE ( 'classification_date' ) ;
#2102 = EDGE_CURVE ( 'NONE', #1979, #4945, #1154, .T. ) ;
#2103 = VERTEX_POINT ( 'NONE', #795 ) ;
#2104 = CARTESIAN_POINT ( 'NONE',  ( 18.42274672510727385, -34.86359414897515308, -19.67742451850964969 ) ) ;
#2105 = VECTOR ( 'NONE', #1463, 1000.000000000000000 ) ;
#2106 = CARTESIAN_POINT ( 'NONE',  ( 9.319709557639560771, -16.69018250385106583, 46.34637179230581694 ) ) ;
#2107 = CARTESIAN_POINT ( 'NONE',  ( -7.344051010731464046, -41.69037129754193671, 9.179980529337315787 ) ) ;
#2108 = B_SPLINE_CURVE_WITH_KNOTS ( 'NONE', 3,
 ( #786, #2468, #1974, #5518, #4174, #2028, #1633, #4581, #1194, #3272 ),
 .UNSPECIFIED., .F., .F.,
 ( 4, 2, 2, 2, 4 ),
 ( 0.000000000000000000, 0.01632845032885143696, 0.03272398369097691273, 0.04911951705310239197, 0.06551505041522787121 ),
 .UNSPECIFIED. ) ;
#2109 = VECTOR ( 'NONE', #722, 1000.000000000000000 ) ;
#2110 = DIRECTION ( 'NONE',  ( -1.000000000000000000, 0.000000000000000000, 0.000000000000000000 ) ) ;
#2111 = CARTESIAN_POINT ( 'NONE',  ( -9.180029509733941495, -42.08224734191441030, 5.310609717123655038 ) ) ;
#2112 = CARTESIAN_POINT ( 'NONE',  ( 9.180005109440637412, -42.29214137114303895, -0.9194804949377219927 ) ) ;
#2113 = ORIENTED_EDGE ( 'NONE', *, *, #1467, .F. ) ;
#2114 = DIRECTION ( 'NONE',  ( 0.000000000000000000, 1.000000000000000000, 0.000000000000000000 ) ) ;
#2115 = CARTESIAN_POINT ( 'NONE',  ( 160.6285766226313285, -6.042206017375332472, -72.85326691151637135 ) ) ;
#2116 = CARTESIAN_POINT ( 'NONE',  ( 1.471651862828293522, -41.50600330026365725, 8.883779522043013799 ) ) ;
#2117 = CARTESIAN_POINT ( 'NONE',  ( 19.92775606846369740, -38.48506133258184292, -1.628100415257959896E-14 ) ) ;
#2118 = CARTESIAN_POINT ( 'NONE',  ( 190.4059769339629895, -6.042206017373020543, -208.0119538679261098 ) ) ;
#2119 = B_SPLINE_CURVE_WITH_KNOTS ( 'NONE', 3,
 ( #3506, #3958, #5230, #948 ),
 .UNSPECIFIED., .F., .F.,
 ( 4, 4 ),
 ( 6.943573370654010692E-18, 0.003999601577011589748 ),
 .UNSPECIFIED. ) ;
#2120 = CARTESIAN_POINT ( 'NONE',  ( -71.46669839058749574, 9.999999999999980460, -137.7671940876994938 ) ) ;
#2121 = CARTESIAN_POINT ( 'NONE',  ( 5.507998297856242509, -41.96944676530809915, 0.3063367024858758558 ) ) ;
#2122 = EDGE_CURVE ( 'NONE', #4618, #2345, #2919, .T. ) ;
#2123 = B_SPLINE_CURVE_WITH_KNOTS ( 'NONE', 3,
 ( #1628, #5535, #2913, #3361, #4644, #3815, #1279, #3339, #2048, #307 ),
 .UNSPECIFIED., .F., .F.,
 ( 4, 2, 2, 2, 4 ),
 ( 4.049752731053163438E-17, 0.01636899988670016334, 0.03273799977340028505, 0.04910699966010040329, 0.06527498529413122696 ),
 .UNSPECIFIED. ) ;
#2124 = LINE ( 'NONE', #2594, #4465 ) ;
#2125 = CARTESIAN_POINT ( 'NONE',  ( -4.508917721604124296, -41.65815478812389472, -7.794751135416710497 ) ) ;
#2126 = CARTESIAN_POINT ( 'NONE',  ( 186.9216409137989672, -6.042206017375318261, -27.26043553594395163 ) ) ;
#2127 = CARTESIAN_POINT ( 'NONE',  ( 1.179170822678516029, -41.49747218533141790, 8.941998782320771610 ) ) ;
#2128 = DIRECTION ( 'NONE',  ( -1.501116738099044771E-16, -1.000000000000000000, -6.966711849907200125E-35 ) ) ;
#2129 = CARTESIAN_POINT ( 'NONE',  ( 0.2896868972513228502, -41.48877806735323759, -9.000223135540009523 ) ) ;
#2130 = CARTESIAN_POINT ( 'NONE',  ( 2.341222758610798316, -41.53350865490460819, 8.695140345866672504 ) ) ;
#2131 = ORIENTED_EDGE ( 'NONE', *, *, #4216, .T. ) ;
#2132 = DIRECTION ( 'NONE',  ( -1.000000000000000000, 0.000000000000000000, 0.000000000000000000 ) ) ;
#2133 = CARTESIAN_POINT ( 'NONE',  ( 23.13850053261340634, -58.99259783589941009, 126.5229989347730566 ) ) ;
#2134 = CARTESIAN_POINT ( 'NONE',  ( 20.13203320690989884, -38.31026286157670313, -0.1470188481355546029 ) ) ;
#2135 = CARTESIAN_POINT ( 'NONE',  ( 18.47851342056613078, -41.85648395214700201, -6.302079596095008007 ) ) ;
#2136 = CARTESIAN_POINT ( 'NONE',  ( 33.62745298071140354, -47.26221975847409595, -1.112684768943767999 ) ) ;
#2137 = CARTESIAN_POINT ( 'NONE',  ( -5.507999999914715339, -41.99430005084909823, -3.060643596962831642E-05 ) ) ;
#2138 = ADVANCED_FACE ( 'NONE', ( #2084 ), #2882, .F. ) ;
#2139 = CARTESIAN_POINT ( 'NONE',  ( 5.508011546535679592, -41.96222113973674084, -2.077924125155405921 ) ) ;
#2140 = ORIENTED_EDGE ( 'NONE', *, *, #5081, .F. ) ;
#2141 = CARTESIAN_POINT ( 'NONE',  ( 5.007853742081249671, -41.69763285053055313, -7.495221434735123367 ) ) ;
#2142 = CARTESIAN_POINT ( 'NONE',  ( 159.7374431823206180, -6.042206017375334248, -73.75505914947562758 ) ) ;
#2143 = CARTESIAN_POINT ( 'NONE',  ( 5.939966243711367611, -41.78721274102245076, 6.767907428371106704 ) ) ;
#2144 = CARTESIAN_POINT ( 'NONE',  ( 11.42231038834606238, -20.60960552378089972, 42.76061510883908312 ) ) ;
#2145 = EDGE_CURVE ( 'NONE', #3456, #1931, #435, .T. ) ;
#2146 = CARTESIAN_POINT ( 'NONE',  ( -71.46669839058749574, 9.999999999999980460, -137.7671940876994938 ) ) ;
#2147 = CARTESIAN_POINT ( 'NONE',  ( -11.79869081628931404, -37.91587326051674722, 5.410908385507219975 ) ) ;
#2148 = CARTESIAN_POINT ( 'NONE',  ( 9.179998865152192877, -42.32168879929979965, 0.2042550747598803063 ) ) ;
#2149 = DIRECTION ( 'NONE',  ( -0.000000000000000000, -1.000000000000000000, -0.000000000000000000 ) ) ;
#2150 = CARTESIAN_POINT ( 'NONE',  ( 6.890005024063375672, -37.09337526582174860, 11.03218082796515453 ) ) ;
#2151 = CARTESIAN_POINT ( 'NONE',  ( 127.4643109465497872, -6.042206017375332472, -95.71540753125572110 ) ) ;
#2152 = CARTESIAN_POINT ( 'NONE',  ( -7.641686450539224573, -41.99995234107239384, 4.763451087709173137 ) ) ;
#2153 = CARTESIAN_POINT ( 'NONE',  ( 4.512474036120750931, -41.65683424512047139, 7.809564948946116303 ) ) ;
#2154 = CARTESIAN_POINT ( 'NONE',  ( -6.157434908599674905, -41.81047012373412031, -6.570622305703884614 ) ) ;
#2155 = CARTESIAN_POINT ( 'NONE',  ( -71.46669839058749574, 9.999999999999980460, 137.9613978004092303 ) ) ;
#2156 = EDGE_LOOP ( 'NONE', ( #1256, #668 ) ) ;
#2157 = CARTESIAN_POINT ( 'NONE',  ( 68.79978611128889554, -58.25464714294840007, 0.000000000000000000 ) ) ;
#2158 = CARTESIAN_POINT ( 'NONE',  ( -18.00000000000000000, -37.24753809675054583, -11.41428795664993778 ) ) ;
#2159 = DIRECTION ( 'NONE',  ( 0.000000000000000000, -0.000000000000000000, 1.000000000000000000 ) ) ;
#2160 = VECTOR ( 'NONE', #5303, 1000.000000000000000 ) ;
#2161 = ORIENTED_EDGE ( 'NONE', *, *, #4583, .F. ) ;
#2162 = CARTESIAN_POINT ( 'NONE',  ( 12.42434533572357935, -28.62274824581160715, -39.64606518200987040 ) ) ;
#2163 = CARTESIAN_POINT ( 'NONE',  ( 148.6371485354679578, -6.042206017375250759, 83.32937101842291838 ) ) ;
#2164 = CARTESIAN_POINT ( 'NONE',  ( 132.1963904380772021, -50.78462308660630242, 1.387778780781445991E-14 ) ) ;
#2165 = CARTESIAN_POINT ( 'NONE',  ( 5.507994890331871396, -41.97116850234993990, 0.9195621121002879317 ) ) ;
#2166 = CARTESIAN_POINT ( 'NONE',  ( -7.343998865180651592, -42.10617315432034502, -0.2042448726145680293 ) ) ;
#2167 = VERTEX_POINT ( 'NONE', #2454 ) ;
#2168 = CARTESIAN_POINT ( 'NONE',  ( 5.478802849532520725, -41.74131763139191520, -7.146267235993599698 ) ) ;
#2169 = EDGE_CURVE ( 'NONE', #4586, #5255, #110, .T. ) ;
#2170 = CARTESIAN_POINT ( 'NONE',  ( 132.6967177440463956, -6.042206017375334248, -93.13355816337579540 ) ) ;
#2171 = DIRECTION ( 'NONE',  ( 0.000000000000000000, 0.000000000000000000, 1.000000000000000000 ) ) ;
#2172 = CARTESIAN_POINT ( 'NONE',  ( 9.857774622473982618, -17.68803333724909876, 45.47342545291090232 ) ) ;
#2173 = DIRECTION ( 'NONE',  ( 0.000000000000000000, 0.000000000000000000, 1.000000000000000000 ) ) ;
#2174 = DIRECTION ( 'NONE',  ( 1.000000000000000000, 0.000000000000000000, 0.000000000000000000 ) ) ;
#2175 = CARTESIAN_POINT ( 'NONE',  ( 3.800828292833608645E-05, -41.59064680588684126, -6.840052290626778664 ) ) ;
#2176 = DIRECTION ( 'NONE',  ( 0.000000000000000000, 1.000000000000000000, 0.000000000000000000 ) ) ;
#2177 = CARTESIAN_POINT ( 'NONE',  ( -12.99840399442346062, -38.31026286157670313, 0.07350942406776220239 ) ) ;
#2178 = CARTESIAN_POINT ( 'NONE',  ( 137.3667636077566385, -6.042206017375331584, -90.83017474913590661 ) ) ;
#2179 = CARTESIAN_POINT ( 'NONE',  ( 3.672016847192917322, -41.84322007499505247, -3.031846880437199854 ) ) ;
#2180 = CARTESIAN_POINT ( 'NONE',  ( -9.000000000000007105, -42.30756013076910449, -5.181181809388050601E-15 ) ) ;
#2181 = CARTESIAN_POINT ( 'NONE',  ( 86.40000000000000568, -58.25464714294840007, 0.000000000000000000 ) ) ;
#2182 = CARTESIAN_POINT ( 'NONE',  ( 8.199965639377168714, -42.09066281855114511, -3.721180533423433801 ) ) ;
#2183 = CARTESIAN_POINT ( 'NONE',  ( -1.172911223686596394, -41.49944815647751284, 8.928183188070720533 ) ) ;
#2184 = ORIENTED_EDGE ( 'NONE', *, *, #1507, .T. ) ;
#2185 = DIRECTION ( 'NONE',  ( -1.500332356076764948E-16, -1.000000000000000000, 0.000000000000000000 ) ) ;
#2186 = DIRECTION ( 'NONE',  ( 0.000000000000000000, 0.000000000000000000, 1.000000000000000000 ) ) ;
#2187 = CARTESIAN_POINT ( 'NONE',  ( 159.5718911911924920, -33.22972007004719330, 8.960972233485210097E-15 ) ) ;
#2188 = ORIENTED_EDGE ( 'NONE', *, *, #1917, .F. ) ;
#2189 = EDGE_CURVE ( 'NONE', #3610, #5255, #3943, .T. ) ;
#2190 = CARTESIAN_POINT ( 'NONE',  ( 11.71065362606549343, -27.19613762568710058, -41.40742183003914789 ) ) ;
#2191 = CARTESIAN_POINT ( 'NONE',  ( 76.08641785163094085, -6.042206017375217009, 103.4935509821569326 ) ) ;
#2192 = AXIS2_PLACEMENT_3D ( 'NONE', #4519, #4877, #1501 ) ;
#2193 = CARTESIAN_POINT ( 'NONE',  ( 124.9619253871092752, -38.48506133258121054, 66.88242186954947499 ) ) ;
#2194 = CARTESIAN_POINT ( 'NONE',  ( -5.507998297856273595, -41.96944676484330472, -0.3063367024858845156 ) ) ;
#2195 = CARTESIAN_POINT ( 'NONE',  ( -9.179994890275036568, -42.29213543396684116, -0.9195825163909381317 ) ) ;
#2196 = ORIENTED_EDGE ( 'NONE', *, *, #4838, .T. ) ;
#2197 = AXIS2_PLACEMENT_3D ( 'NONE', #553, #1877, #2264 ) ;
#2198 = CARTESIAN_POINT ( 'NONE',  ( -3.180308160102847559, -41.57216512909701578, -8.424461829239099586 ) ) ;
#2199 = CARTESIAN_POINT ( 'NONE',  ( 185.3328331859802063, -6.042206017369121440, 58.43903465427121091 ) ) ;
#2200 = CARTESIAN_POINT ( 'NONE',  ( 8.431491457893868002, -38.12247891760351592, -3.161787470767092767 ) ) ;
#2201 = LINE ( 'NONE', #33, #1311 ) ;
#2202 = ORIENTED_EDGE ( 'NONE', *, *, #2044, .F. ) ;
#2203 = CARTESIAN_POINT ( 'NONE',  ( -6.822001852406477163, -37.09723559353736988, 11.01096276086694559 ) ) ;
#2204 = CARTESIAN_POINT ( 'NONE',  ( -3.671983152693349961, -41.84321739110305316, -3.031887689018486487 ) ) ;
#2205 = CARTESIAN_POINT ( 'NONE',  ( -71.46669839058749574, -6.042206017375296945, -137.7671940876994938 ) ) ;
#2206 = CARTESIAN_POINT ( 'NONE',  ( -6.157434908599674905, -41.81047012373412031, -6.570622305703884614 ) ) ;
#2207 = DIRECTION ( 'NONE',  ( 0.000000000000000000, 1.000000000000000000, 0.000000000000000000 ) ) ;
#2208 = CARTESIAN_POINT ( 'NONE',  ( -9.179961991574909774, -41.98502101360423211, -6.840103301353384069 ) ) ;
#2209 = CARTESIAN_POINT ( 'NONE',  ( -22.00000000000000000, -42.30756013076910449, -5.181181809388050601E-15 ) ) ;
#2210 = CARTESIAN_POINT ( 'NONE',  ( 5.950896110690950813, -41.78698335225576699, 6.777150767573482781 ) ) ;
#2211 = EDGE_CURVE ( 'NONE', #91, #3716, #3868, .T. ) ;
#2212 = CARTESIAN_POINT ( 'NONE',  ( 22.32986575890218361, -39.92365077371957938, -1.569265696386033051E-14 ) ) ;
#2213 = CARTESIAN_POINT ( 'NONE',  ( -5.508051010759896116, -41.58978407742775119, 9.179990731482636335 ) ) ;
#2214 = CARTESIAN_POINT ( 'NONE',  ( -8.426691092983810805, -42.13288485159824859, -3.174531748784985563 ) ) ;
#2215 = CARTESIAN_POINT ( 'NONE',  ( 20.34536719873065280, -32.29571161549034741, -26.62793936103274817 ) ) ;
#2216 = LINE ( 'NONE', #1354, #1714 ) ;
#2217 = ORIENTED_EDGE ( 'NONE', *, *, #869, .F. ) ;
#2218 = CARTESIAN_POINT ( 'NONE',  ( 16.26214809830324981, -36.77548139610184563, -25.91897764408618698 ) ) ;
#2219 = CARTESIAN_POINT ( 'NONE',  ( 149.0179231957854142, -6.042206017375248983, 83.04395085618517669 ) ) ;
#2220 = CARTESIAN_POINT ( 'NONE',  ( 86.40000000000000568, -58.93658393131480011, 0.000000000000000000 ) ) ;
#2221 = CARTESIAN_POINT ( 'NONE',  ( 5.507996594094051623, -41.96905090782666292, 0.6129494072930820048 ) ) ;
#2222 = CARTESIAN_POINT ( 'NONE',  ( -7.343983152636476497, -42.05000831274161044, -3.031908093309130248 ) ) ;
#2223 = EDGE_LOOP ( 'NONE', ( #625, #1575 ) ) ;
#2224 = CARTESIAN_POINT ( 'NONE',  ( -8.526534156639577589, -42.15297736841467469, -2.895809456581608821 ) ) ;
#2225 = CARTESIAN_POINT ( 'NONE',  ( -0.5848881927590164898, -41.49090554926058871, 8.985927618551066587 ) ) ;
#2226 = CARTESIAN_POINT ( 'NONE',  ( 14.98355150545738645, -27.52725808520383310, 34.38502359846197010 ) ) ;
#2227 = VERTEX_POINT ( 'NONE', #4280 ) ;
#2228 = CARTESIAN_POINT ( 'NONE',  ( -8.999600155019559011, -38.30845953681825478, 0.09798822911038929107 ) ) ;
#2229 = ORIENTED_EDGE ( 'NONE', *, *, #3881, .F. ) ;
#2230 = CARTESIAN_POINT ( 'NONE',  ( -8.380713830014622445, -38.11209144193623644, 3.293864498855267442 ) ) ;
#2231 = CARTESIAN_POINT ( 'NONE',  ( 7.344029509762343366, -41.94464985518333577, -5.310619919268977362 ) ) ;
#2232 = CARTESIAN_POINT ( 'NONE',  ( -22.00000000000000000, -6.042206017372999227, -36.44720368503895003 ) ) ;
#2233 = B_SPLINE_CURVE_WITH_KNOTS ( 'NONE', 3,
 ( #506, #4791, #4852, #2187, #959, #4428, #1416, #3911, #3119, #2606 ),
 .UNSPECIFIED., .F., .F.,
 ( 4, 2, 2, 2, 4 ),
 ( 0.01855567530512835031, 0.1890535387050875094, 0.3595514021050465470, 0.5300492655050060842, 0.7005471289049649553 ),
 .UNSPECIFIED. ) ;
#2234 = CARTESIAN_POINT ( 'NONE',  ( 3.714099161848771757, -41.60294520991210732, -8.203214826712343921 ) ) ;
#2235 = CARTESIAN_POINT ( 'NONE',  ( 173.3666862740194574, -6.042206017375328919, -57.31079406274683663 ) ) ;
#2236 = CARTESIAN_POINT ( 'NONE',  ( -9.179957657387497250, -41.93204332892645425, -7.620092983783992580 ) ) ;
#2237 = CARTESIAN_POINT ( 'NONE',  ( -18.00000000000000000, -11.27713467053115970, 50.82238809104900668 ) ) ;
#2238 = CARTESIAN_POINT ( 'NONE',  ( 8.087693158966796858, -42.06968644466294194, 3.991980791918941840 ) ) ;
#2239 = CARTESIAN_POINT ( 'NONE',  ( 62.18275481095519552, -57.95386985700429960, -5.931514360986089564E-15 ) ) ;
#2240 = CARTESIAN_POINT ( 'NONE',  ( -4.504591133929644720, -41.65783475387777202, 7.797174366520619238 ) ) ;
#2241 = CARTESIAN_POINT ( 'NONE',  ( 26.92140908143025158, -6.042206017369097459, 98.31135985159349389 ) ) ;
#2242 = CARTESIAN_POINT ( 'NONE',  ( 8.970594580210825342, -42.27753041289838620, -0.7419437250185868526 ) ) ;
#2243 = ADVANCED_FACE ( 'NONE', ( #1773 ), #4301, .F. ) ;
#2244 = CARTESIAN_POINT ( 'NONE',  ( 149.6614994673866192, -58.99259783589941009, 126.5229989347731561 ) ) ;
#2245 = DIRECTION ( 'NONE',  ( 1.000000000000000000, 0.000000000000000000, 0.000000000000000000 ) ) ;
#2246 = ORIENTED_EDGE ( 'NONE', *, *, #5177, .F. ) ;
#2247 = CARTESIAN_POINT ( 'NONE',  ( -3.672011546564143192, -41.86434211302899655, 2.077934327300721140 ) ) ;
#2248 = EDGE_CURVE ( 'NONE', #2789, #2521, #3283, .T. ) ;
#2249 = CARTESIAN_POINT ( 'NONE',  ( 72.61208227101464274, -6.042206017375216121, 103.1404166234437980 ) ) ;
#2250 = B_SPLINE_CURVE_WITH_KNOTS ( 'NONE', 3,
 ( #1480, #4400, #4889, #1390 ),
 .UNSPECIFIED., .F., .F.,
 ( 4, 4 ),
 ( 0.000000000000000000, 0.003999602307528099879 ),
 .UNSPECIFIED. ) ;
#2251 = CARTESIAN_POINT ( 'NONE',  ( -9.000000000000010658, -42.28566607010847633, -0.5952778844354991161 ) ) ;
#2252 = CARTESIAN_POINT ( 'NONE',  ( -5.508001701973159747, -41.96944799637172707, 0.3062754896139457395 ) ) ;
#2253 = CARTESIAN_POINT ( 'NONE',  ( 7.344038008169198051, -41.85265049061969478, -6.840011482045492031 ) ) ;
#2254 = AXIS2_PLACEMENT_3D ( 'NONE', #2565, #1282, #1341 ) ;
#2255 = CARTESIAN_POINT ( 'NONE',  ( 40.60360956192334925, -50.78462308660660085, -1.121688059249859863E-14 ) ) ;
#2256 = CARTESIAN_POINT ( 'NONE',  ( 5.508021011383923415, -41.90336651180881944, -3.781238558637783687 ) ) ;
#2257 = CARTESIAN_POINT ( 'NONE',  ( 3.493117819995029016, -6.042206017372022231, 53.98290812280603745 ) ) ;
#2258 = ORIENTED_EDGE ( 'NONE', *, *, #3651, .F. ) ;
#2259 = CARTESIAN_POINT ( 'NONE',  ( 226.6457644257072843, 9.999999999999980460, -137.7671940876994938 ) ) ;
#2260 = ORIENTED_EDGE ( 'NONE', *, *, #746, .F. ) ;
#2261 = CARTESIAN_POINT ( 'NONE',  ( 1.231207489032481783, -37.45495229521282710, 8.920262885121667651 ) ) ;
#2262 = CARTESIAN_POINT ( 'NONE',  ( -7.343978988417044107, -42.01818542903541243, -3.781309973655036849 ) ) ;
#2263 = CARTESIAN_POINT ( 'NONE',  ( -2.826450363844471791, -37.51176006517432882, 8.549671950298629142 ) ) ;
#2264 = DIRECTION ( 'NONE',  ( 0.000000000000000000, 0.000000000000000000, 1.000000000000000000 ) ) ;
#2265 = CARTESIAN_POINT ( 'NONE',  ( 152.8722439315365023, -38.48506133258189976, 8.140502076289788435E-15 ) ) ;
#2266 = CARTESIAN_POINT ( 'NONE',  ( 3.800828292833608645E-05, -41.59064680588684126, -6.840052290626778664 ) ) ;
#2267 = CARTESIAN_POINT ( 'NONE',  ( 20.36082540615130299, -32.29571161549034741, 26.62793936103274817 ) ) ;
#2268 = CARTESIAN_POINT ( 'NONE',  ( -5.933463136633855051, -41.78654078318118081, 6.773509524497942635 ) ) ;
#2269 = PLANE ( 'NONE',  #652 ) ;
#2270 = CARTESIAN_POINT ( 'NONE',  ( -6.781729618141698168, -41.88141998576819702, 5.946466787797689335 ) ) ;
#2271 = CARTESIAN_POINT ( 'NONE',  ( -18.00000000000000000, -33.76135606336559647, -31.95317545291229777 ) ) ;
#2272 = CARTESIAN_POINT ( 'NONE',  ( 117.9131557670228716, -56.13001623236041127, 18.61463320748681838 ) ) ;
#2273 = CARTESIAN_POINT ( 'NONE',  ( 12.31192599521090436, -38.03615675785520267, 4.194969801741929238 ) ) ;
#2274 = CARTESIAN_POINT ( 'NONE',  ( -9.511568403844728536E-15, -63.39640923772800818, 0.000000000000000000 ) ) ;
#2275 = EDGE_CURVE ( 'NONE', #4332, #2789, #4628, .T. ) ;
#2276 = CARTESIAN_POINT ( 'NONE',  ( 0.000000000000000000, 9.999999999999980460, 0.000000000000000000 ) ) ;
#2277 = ORIENTED_EDGE ( 'NONE', *, *, #5554, .T. ) ;
#2278 = CARTESIAN_POINT ( 'NONE',  ( -3.672042342413503135, -41.61891558214598064, 7.620021568766746078 ) ) ;
#2279 = CARTESIAN_POINT ( 'NONE',  ( 185.3328331859785010, -6.042206017371049676, 1.211577774917876053E-14 ) ) ;
#2280 = CARTESIAN_POINT ( 'NONE',  ( 179.2902452752899478, -6.042206017375324478, -46.78310045315248544 ) ) ;
#2281 = CARTESIAN_POINT ( 'NONE',  ( 13.15949949251191953, -37.58412590509600193, 8.970993739684610446 ) ) ;
#2282 = CARTESIAN_POINT ( 'NONE',  ( 3.672051010788300207, -41.51274637520823774, -9.180000933627960436 ) ) ;
#2283 = CARTESIAN_POINT ( 'NONE',  ( -12.54763323712737488, -38.10436527766170656, 3.438572014391693799 ) ) ;
#2284 = CARTESIAN_POINT ( 'NONE',  ( 5.508016847164489249, -41.92984125661909900, -3.031836678291879306 ) ) ;
#2285 = CARTESIAN_POINT ( 'NONE',  ( -3.709089493005392146, -37.56284714288648985, -8.205475939734149904 ) ) ;
#2286 = VERTEX_POINT ( 'NONE', #4615 ) ;
#2287 = CARTESIAN_POINT ( 'NONE',  ( -2.101146925415174000E-05, -41.73257342363827860, 3.781269165073745331 ) ) ;
#2288 = ORIENTED_EDGE ( 'NONE', *, *, #133, .F. ) ;
#2289 = AXIS2_PLACEMENT_3D ( 'NONE', #38, #4017, #4511 ) ;
#2290 = CARTESIAN_POINT ( 'NONE',  ( 5.514254520928799863, -37.71088761638348785, 7.136723109706553991 ) ) ;
#2291 = CARTESIAN_POINT ( 'NONE',  ( 1.154662097816548079E-05, -41.78218312152492331, -2.077954731591370674 ) ) ;
#2292 = CARTESIAN_POINT ( 'NONE',  ( -9.180003405678478501, -42.30370947905574752, 0.6128677901305084053 ) ) ;
#2293 = CARTESIAN_POINT ( 'NONE',  ( 2.943715324818910961, -37.51576726822612073, 8.525140692096480066 ) ) ;
#2294 = CARTESIAN_POINT ( 'NONE',  ( 1.172282623739713259, -41.49996931327271454, -8.924633496118106635 ) ) ;
#2295 = CIRCLE ( 'NONE', #596, 12.74499999999999922 ) ;
#2296 = CARTESIAN_POINT ( 'NONE',  ( -7.811457353150882632, -42.02448171351483808, -4.508613366748392082 ) ) ;
#2297 = CARTESIAN_POINT ( 'NONE',  ( 7.344021011355494899, -42.01819183936183322, -3.781228356492464471 ) ) ;
#2298 = CARTESIAN_POINT ( 'NONE',  ( 20.36082540615130299, -11.27713467053115970, 50.82238809104900668 ) ) ;
#2299 = CARTESIAN_POINT ( 'NONE',  ( 13.14372932538603855, -30.08234737456506735, 37.70190741126234713 ) ) ;
#2300 = ADVANCED_FACE ( 'NONE', ( #2859 ), #2085, .F. ) ;
#2301 = CARTESIAN_POINT ( 'NONE',  ( 18.82837672200436074, -42.30756013076909738, -4.854139997231178318E-15 ) ) ;
#2302 = CARTESIAN_POINT ( 'NONE',  ( -9.000000000000012434, -42.28566622599513636, 0.5952736460319980605 ) ) ;
#2303 = CARTESIAN_POINT ( 'NONE',  ( -6.261848139220889564, -13.94371515320611898, -1.953732251145784860 ) ) ;
#2304 = CARTESIAN_POINT ( 'NONE',  ( 172.6772380009930146, -20.95902901126090256, 4.163336342344334502E-14 ) ) ;
#2305 = CARTESIAN_POINT ( 'NONE',  ( 8.075784174716597263, -38.05439774034254441, 3.983402176646325454 ) ) ;
#2306 = ORIENTED_EDGE ( 'NONE', *, *, #1173, .F. ) ;
#2307 = ORIENTED_EDGE ( 'NONE', *, *, #2809, .T. ) ;
#2308 = CARTESIAN_POINT ( 'NONE',  ( -9.180029509733941495, -42.08224734191441030, 5.310609717123655038 ) ) ;
#2309 = CARTESIAN_POINT ( 'NONE',  ( 152.8722439315363886, -38.48506133258187845, -132.9444878630724531 ) ) ;
#2310 = CARTESIAN_POINT ( 'NONE',  ( 8.531657345119242564, -38.14379231956974081, -2.880649526580702613 ) ) ;
#2311 = CARTESIAN_POINT ( 'NONE',  ( -13.15518455823439936, -38.13805647533410337, 4.535102704269229790 ) ) ;
#2312 = CARTESIAN_POINT ( 'NONE',  ( 3.672038008226062189, -41.66660914958403339, -6.840031886336136679 ) ) ;
#2313 = CARTESIAN_POINT ( 'NONE',  ( -11.61215521754525071, -37.87360395253069356, 5.796269291410643731 ) ) ;
#2314 = ADVANCED_FACE ( 'NONE', ( #3809 ), #1084, .F. ) ;
#2315 = CARTESIAN_POINT ( 'NONE',  ( 1.684724978767657911E-05, -41.75539727428017756, -3.031867284727843170 ) ) ;
#2316 = CARTESIAN_POINT ( 'NONE',  ( -22.00000000000000000, -6.042206017372999227, 58.61996199853950884 ) ) ;
#2317 = ORIENTED_EDGE ( 'NONE', *, *, #713, .F. ) ;
#2318 = CARTESIAN_POINT ( 'NONE',  ( 3.671948989097941318, -41.51274014781866128, 9.180041742209247957 ) ) ;
#2319 = ORIENTED_EDGE ( 'NONE', *, *, #1780, .T. ) ;
#2320 = CARTESIAN_POINT ( 'NONE',  ( 6.499391511412015099, -37.06114703815592293, 11.20192006265142304 ) ) ;
#2321 = CARTESIAN_POINT ( 'NONE',  ( 166.8105787418545560, -6.042206017375264082, 66.19569822880035304 ) ) ;
#2322 = CARTESIAN_POINT ( 'NONE',  ( -3.405820646415292420E-06, -41.79101289185603463, 0.6129188008571166968 ) ) ;
#2323 = CARTESIAN_POINT ( 'NONE',  ( -1.977508687156214862, -37.47591264097945896, 8.785026575780246816 ) ) ;
#2324 = DIRECTION ( 'NONE',  ( -1.501116738099044771E-16, -1.000000000000000000, 0.000000000000000000 ) ) ;
#2325 = CARTESIAN_POINT ( 'NONE',  ( 110.6172451890449935, -57.95386985700429960, 2.965757180493044782E-15 ) ) ;
#2326 = CARTESIAN_POINT ( 'NONE',  ( -6.838387421857592408, -37.08737352017158884, 11.06410911388349660 ) ) ;
#2327 = CARTESIAN_POINT ( 'NONE',  ( -8.970594580067759338, -42.27753041282081625, 0.7419437267450402773 ) ) ;
#2328 = CARTESIAN_POINT ( 'NONE',  ( -18.00000000000000000, -6.042206017372999227, -31.95317545291229777 ) ) ;
#2329 = CARTESIAN_POINT ( 'NONE',  ( -9.180011546478842988, -42.24575990181087803, 2.077903720864756831 ) ) ;
#2330 = CARTESIAN_POINT ( 'NONE',  ( -18.00000000000000000, -15.84325058705650058, -47.33309916941539797 ) ) ;
#2331 = CARTESIAN_POINT ( 'NONE',  ( 67.45423609069815996, -56.13001623236041127, 31.31519736068919002 ) ) ;
#2332 = CARTESIAN_POINT ( 'NONE',  ( 8.998986806224843704, -38.28122379197094460, 0.6071858639393984403 ) ) ;
#2333 = CARTESIAN_POINT ( 'NONE',  ( 86.40000000000000568, -64.66763823405520384, 0.000000000000000000 ) ) ;
#2334 = EDGE_LOOP ( 'NONE', ( #2080, #5314, #2140, #1157, #328 ) ) ;
#2335 = CARTESIAN_POINT ( 'NONE',  ( -9.180021011327092140, -42.16513681441785621, 3.781218154347138594 ) ) ;
#2336 = CARTESIAN_POINT ( 'NONE',  ( 14.11194818981939036, -6.042206017375213456, 74.80244589822297030 ) ) ;
#2337 = LINE ( 'NONE', #3249, #1668 ) ;
#2338 = CARTESIAN_POINT ( 'NONE',  ( 7.793363356594768199, -42.02316387074252901, -4.511160816438321675 ) ) ;
#2339 = CARTESIAN_POINT ( 'NONE',  ( 159.5718911911924920, -33.22972007004719330, 8.960972233485210097E-15 ) ) ;
#2340 = CARTESIAN_POINT ( 'NONE',  ( 9.000000000030370373, -42.30661043197876836, -0.1491425190502290443 ) ) ;
#2341 = CARTESIAN_POINT ( 'NONE',  ( 3.672021011412359481, -41.81617290948472743, -3.781248760783106899 ) ) ;
#2342 = CARTESIAN_POINT ( 'NONE',  ( -2.328296004503946026, -37.48703933759543361, -8.713594390634986198 ) ) ;
#2343 = VERTEX_POINT ( 'NONE', #1691 ) ;
#2344 = CARTESIAN_POINT ( 'NONE',  ( 9.179970489981730708, -42.08223716966010386, 5.310711738576870289 ) ) ;
#2345 = VERTEX_POINT ( 'NONE', #1331 ) ;
#2346 = CARTESIAN_POINT ( 'NONE',  ( 5.964198006522588358, -37.75879218262950587, 6.765756006551455926 ) ) ;
#2347 = EDGE_CURVE ( 'NONE', #1339, #3999, #233, .T. ) ;
#2348 = LINE ( 'NONE', #5439, #490 ) ;
#2349 = AXIS2_PLACEMENT_3D ( 'NONE', #1859, #989, #4367 ) ;
#2350 = CARTESIAN_POINT ( 'NONE',  ( -9.179998865152223075, -42.32168879933809080, -0.2042550747598895489 ) ) ;
#2351 = CARTESIAN_POINT ( 'NONE',  ( 188.2764119296213039, -6.042206017375291616, 20.94126026682556585 ) ) ;
#2352 = CARTESIAN_POINT ( 'NONE',  ( 19.07334698233630021, -6.042206017373979776, 58.61996200337829777 ) ) ;
#2353 = CARTESIAN_POINT ( 'NONE',  ( -0.5948371861836685426, -41.48889795451277251, -8.999589263733524191 ) ) ;
#2354 = CARTESIAN_POINT ( 'NONE',  ( 6.890005024063375672, -37.09337526582174860, 11.03218082796515453 ) ) ;
#2355 = CARTESIAN_POINT ( 'NONE',  ( 1.831865837722733259, -8.519517300663279613, 57.20796869862483902 ) ) ;
#2356 = CARTESIAN_POINT ( 'NONE',  ( 179.0824426214854839, -13.94371515320777100, -185.3648852429707858 ) ) ;
#2357 = ADVANCED_FACE ( 'NONE', ( #5219 ), #1358, .T. ) ;
#2358 = CARTESIAN_POINT ( 'NONE',  ( -7.344003405706915899, -42.11401879208689536, 0.6128779922758300636 ) ) ;
#2359 = PLANE ( 'NONE',  #2029 ) ;
#2360 = CARTESIAN_POINT ( 'NONE',  ( 132.1963904380772021, -50.78462308660630242, 1.387778780781445991E-14 ) ) ;
#2361 = CARTESIAN_POINT ( 'NONE',  ( -8.998799112008940781, -38.31026286157670313, 0.1470188481355286236 ) ) ;
#2362 = FACE_OUTER_BOUND ( 'NONE', #3525, .T. ) ;
#2363 = CARTESIAN_POINT ( 'NONE',  ( 15.30204328233866917, -28.16756659163982945, -33.46010282993505314 ) ) ;
#2364 = DATE_AND_TIME ( #656, #368 ) ;
#2365 = VERTEX_POINT ( 'NONE', #822 ) ;
#2366 = CARTESIAN_POINT ( 'NONE',  ( 3.671978988473880712, -41.81616949228254754, 3.781289569364389092 ) ) ;
#2367 = CARTESIAN_POINT ( 'NONE',  ( 179.0824426214854839, -13.94371515320777100, -185.3648852429707858 ) ) ;
#2368 = CARTESIAN_POINT ( 'NONE',  ( 14.17456829232305360, -25.91376156373214101, 36.62883335124013229 ) ) ;
#2369 = CARTESIAN_POINT ( 'NONE',  ( -8.426751844260691016, -42.13289616780959790, -3.174385206824356320 ) ) ;
#2370 = CARTESIAN_POINT ( 'NONE',  ( 103.1449999999999960, -58.93658393131480011, 2.050671065172245467E-15 ) ) ;
#2371 = ADVANCED_FACE ( 'NONE', ( #2526 ), #4709, .T. ) ;
#2372 = APPLICATION_CONTEXT ( 'configuration controlled 3d designs of mechanical parts and assemblies' ) ;
#2373 = CARTESIAN_POINT ( 'NONE',  ( -0.8146945529702064315, -36.71208915939585893, 12.91788512345484286 ) ) ;
#2374 = CARTESIAN_POINT ( 'NONE',  ( -3.671970490067058890, -41.75190379149490383, -5.310681132140907756 ) ) ;
#2375 = CARTESIAN_POINT ( 'NONE',  ( 9.179948989012643779, -41.81641118679826974, 9.180072348645213154 ) ) ;
#2376 = VERTEX_POINT ( 'NONE', #3404 ) ;
#2377 = B_SPLINE_CURVE_WITH_KNOTS ( 'NONE', 3,
 ( #5293, #1849, #1008, #1937, #1436, #3140, #2719, #4050, #253, #4446, #161, #5353, #2296, #1525, #4019, #3600, #4111, #5322, #1878, #3173, #191, #4903, #2812, #1908, #3629, #3663, #2353, #1495, #3206, #4934, #2781, #5387, #4964, #2385, #1406, #5260, #282, #1134, #4996, #3692, #3266, #2841, #4575, #706, #5415, #1553, #2415, #4141, #2242, #4760, #4732, #108, #4394 ),
 .UNSPECIFIED., .F., .F.,
 ( 4, 2, 2, 2, 2, 2, 2, 2, 2, 2, 2, 2, 2, 2, 2, 2, 2, 1, 2, 2, 2, 2, 2, 2, 2, 2, 4 ),
 ( 0.02820747663949259992, 0.02864839211185351772, 0.02908930758421443552, 0.02997113852893627459, 0.03085296947365811018, 0.03173480041837994925, 0.03349846230782362044, 0.03438029325254545604, 0.03526212419726729164, 0.03702578608671096283, 0.03878944797615463402, 0.03967127892087646268, 0.04055310986559829828, 0.04231677175504196947, 0.04408043364448563373, 0.04584409553392930492, 0.04672592647865113358, 0.04760775742337296917, 0.04848958836809480477, 0.04937141931281664037, 0.05113508120226030462, 0.05201691214698213328, 0.05289874309170396194, 0.05466240498114763313, 0.05554423592586946179, 0.05598515139823038306, 0.05642606687059129739 ),
 .UNSPECIFIED. ) ;
#2378 = CARTESIAN_POINT ( 'NONE',  ( 9.179978988388580063, -42.16512765717559574, 3.781320175800353844 ) ) ;
#2379 = ORIENTED_EDGE ( 'NONE', *, *, #3253, .F. ) ;
#2380 = CARTESIAN_POINT ( 'NONE',  ( -1.664322398973016925, -36.72966200320942676, 12.83657767480388046 ) ) ;
#2381 = CARTESIAN_POINT ( 'NONE',  ( 32.11310856334764452, -6.042206017375212568, 88.88568532525103194 ) ) ;
#2382 = CARTESIAN_POINT ( 'NONE',  ( -7.343998297827839750, -42.11316998251306387, -0.3063469046312061184 ) ) ;
#2383 = CARTESIAN_POINT ( 'NONE',  ( 8.202536105449812709, -38.07757171549423703, 3.715449251415457343 ) ) ;
#2384 = CARTESIAN_POINT ( 'NONE',  ( 23.39346458738257084, -6.042206017375295168, -82.74914058176156573 ) ) ;
#2385 = CARTESIAN_POINT ( 'NONE',  ( 4.504629801283507540, -41.65788995804766159, -7.797124061014431007 ) ) ;
#2386 = CARTESIAN_POINT ( 'NONE',  ( -12.53283318597848250, -6.042206017371011484, -197.8656663719569906 ) ) ;
#2387 = CARTESIAN_POINT ( 'NONE',  ( 14.76149116098748593, -33.44722524979781042, 32.64968803460865843 ) ) ;
#2388 = AXIS2_PLACEMENT_3D ( 'NONE', #933, #3945, #1669 ) ;
#2389 = CARTESIAN_POINT ( 'NONE',  ( 132.1963904380766337, -50.78462308660662217, -91.59278087615335551 ) ) ;
#2390 = CARTESIAN_POINT ( 'NONE',  ( 9.179993753865637984, -42.28220595406965288, 1.124093189181498254 ) ) ;
#2391 = AXIS2_PLACEMENT_3D ( 'NONE', #1202, #5502, #2903 ) ;
#2392 = CARTESIAN_POINT ( 'NONE',  ( 32.97019672232295306, -47.26221975847412438, 30.05974408747960780 ) ) ;
#2393 = CARTESIAN_POINT ( 'NONE',  ( 136.4512126208165341, -20.95902901126089901, 86.80962591943116990 ) ) ;
#2394 = CARTESIAN_POINT ( 'NONE',  ( 4.539119537802433157, -37.62385357052294665, 7.777076744640967654 ) ) ;
#2395 = EDGE_CURVE ( 'NONE', #4440, #1565, #847, .T. ) ;
#2396 = CARTESIAN_POINT ( 'NONE',  ( 8.431491457893868002, -38.12247891760351592, -3.161787470767092767 ) ) ;
#2397 = DIRECTION ( 'NONE',  ( 0.000000000000000000, 0.000000000000000000, 1.000000000000000000 ) ) ;
#2398 = SECURITY_CLASSIFICATION_LEVEL ( 'unclassified' ) ;
#2399 = ORIENTED_EDGE ( 'NONE', *, *, #5143, .F. ) ;
#2400 = CARTESIAN_POINT ( 'NONE',  ( 19.92775606846375780, -38.48506133258187845, -132.9444878630724531 ) ) ;
#2401 = DIRECTION ( 'NONE',  ( 0.000000000000000000, 1.000000000000000000, 0.000000000000000000 ) ) ;
#2402 = CARTESIAN_POINT ( 'NONE',  ( 86.40000000000000568, -64.66763823405520384, 0.000000000000000000 ) ) ;
#2403 = CARTESIAN_POINT ( 'NONE',  ( 8.201069337722911357, -42.09085802351510353, 3.718768118406593270 ) ) ;
#2404 = CARTESIAN_POINT ( 'NONE',  ( -18.00000000000000000, -38.31026286157670313, -0.1470188481355378107 ) ) ;
#2405 = CARTESIAN_POINT ( 'NONE',  ( 172.6772380009927872, -20.95902901126089901, 50.96345004025746306 ) ) ;
#2406 = CARTESIAN_POINT ( 'NONE',  ( -0.2794629202917650046, -37.44249626284177168, -9.000469525883255884 ) ) ;
#2407 = ORIENTED_EDGE ( 'NONE', *, *, #2634, .T. ) ;
#2408 = CARTESIAN_POINT ( 'NONE',  ( 9.179953323200054527, -41.87591202975677618, 8.400082666214604643 ) ) ;
#2409 = EDGE_LOOP ( 'NONE', ( #5398, #5183, #2458, #5548 ) ) ;
#2410 = DIRECTION ( 'NONE',  ( -1.000000000000000000, 0.000000000000000000, 0.000000000000000000 ) ) ;
#2411 = CARTESIAN_POINT ( 'NONE',  ( 3.672051010788300207, -41.51274637520823774, -9.180000933627960436 ) ) ;
#2412 = CARTESIAN_POINT ( 'NONE',  ( -3.671998297884706108, -41.89111594106902459, -0.3063265003405628573 ) ) ;
#2413 = CARTESIAN_POINT ( 'NONE',  ( 179.4457258929388104, -6.042206017375280958, 46.47296659089661830 ) ) ;
#2414 = CARTESIAN_POINT ( 'NONE',  ( 19.07334698233630021, -40.88189669053600284, 38.76238080152555199 ) ) ;
#2415 = CARTESIAN_POINT ( 'NONE',  ( 8.882422377169380212, -42.24113918584030358, -1.479653920331612804 ) ) ;
#2416 = CARTESIAN_POINT ( 'NONE',  ( 13.22810880880768103, -33.22972007004714357, -1.792194446697044859E-14 ) ) ;
#2417 = CARTESIAN_POINT ( 'NONE',  ( 86.40000000000000568, -64.66763823405520384, 0.000000000000000000 ) ) ;
#2418 = CARTESIAN_POINT ( 'NONE',  ( 10.54723838071140918, -37.65661802855270679, 7.544566873513754324 ) ) ;
#2419 = CARTESIAN_POINT ( 'NONE',  ( -5.508021011383955390, -41.90336651136516366, 3.781238558637780578 ) ) ;
#2420 = CARTESIAN_POINT ( 'NONE',  ( 19.11483119594132063, -38.48506133258115369, 37.85480819799125385 ) ) ;
#2421 = DIRECTION ( 'NONE',  ( -1.490420224606775841E-16, -1.000000000000000000, 0.000000000000000000 ) ) ;
#2422 = CARTESIAN_POINT ( 'NONE',  ( -22.00000000000000000, -40.88189669053594599, -38.76238080152555199 ) ) ;
#2423 = CARTESIAN_POINT ( 'NONE',  ( 99.14499999999999602, -63.39640923772795134, 25.49000000000011568 ) ) ;
#2424 = CARTESIAN_POINT ( 'NONE',  ( -18.00000000000000000, -34.34959553575265545, -21.81000826438560125 ) ) ;
#2425 = CALENDAR_DATE ( 2026, 3, 6 ) ;
#2426 = ADVANCED_FACE ( 'NONE', ( #1421 ), #4758, .T. ) ;
#2427 = ORIENTED_EDGE ( 'NONE', *, *, #780, .T. ) ;
#2428 = CARTESIAN_POINT ( 'NONE',  ( 15.54974212796940058, -28.67460971393541769, 32.65848056906735053 ) ) ;
#2429 = EDGE_CURVE ( 'NONE', #445, #3828, #255, .T. ) ;
#2430 = CARTESIAN_POINT ( 'NONE',  ( 13.14372932538603855, -30.08234737456506735, 37.70190741126234713 ) ) ;
#2431 = CARTESIAN_POINT ( 'NONE',  ( 85.35719728723940136, -6.042206017369100124, 98.92733719608149556 ) ) ;
#2432 = CARTESIAN_POINT ( 'NONE',  ( 9.179961991574879576, -41.98502101336311654, 6.840103301353384957 ) ) ;
#2433 = CARTESIAN_POINT ( 'NONE',  ( -5.508001134620344352, -41.97551094595849719, 0.2041734575973071786 ) ) ;
#2434 = EDGE_LOOP ( 'NONE', ( #942, #3131, #3167, #65, #4031, #4306, #2669, #3013 ) ) ;
#2435 = CARTESIAN_POINT ( 'NONE',  ( -11.20641827319521333, -37.78656947980276470, 6.539293826075908811 ) ) ;
#2436 = CARTESIAN_POINT ( 'NONE',  ( 163.2007246951361310, -6.042206017375262306, 70.35172747450980069 ) ) ;
#2437 = FACE_OUTER_BOUND ( 'NONE', #4429, .T. ) ;
#2438 = CARTESIAN_POINT ( 'NONE',  ( 7.649868942203690736, -37.98297618081021909, 4.750177775994198548 ) ) ;
#2439 = CARTESIAN_POINT ( 'NONE',  ( 9.777036615441600631, -6.042206017375284510, -70.33041990618964689 ) ) ;
#2440 = CARTESIAN_POINT ( 'NONE',  ( 12.16653525268366742, -37.99828663529475392, 4.599537889202230723 ) ) ;
#2441 = CARTESIAN_POINT ( 'NONE',  ( 0.5957157580385472606, -41.49101828938496084, 8.985167972132979131 ) ) ;
#2442 = AXIS2_PLACEMENT_3D ( 'NONE', #2276, #3152, #2159 ) ;
#2443 = FACE_OUTER_BOUND ( 'NONE', #910, .T. ) ;
#2444 = CARTESIAN_POINT ( 'NONE',  ( 7.343970490010161889, -41.94464159687048976, 5.310701536431547964 ) ) ;
#2445 = CARTESIAN_POINT ( 'NONE',  ( 46.43677164677047386, -38.48506133258121054, 66.05468056303826074 ) ) ;
#2446 = DIRECTION ( 'NONE',  ( 0.000000000000000000, 0.000000000000000000, 1.000000000000000000 ) ) ;
#2447 = VECTOR ( 'NONE', #5365, 1000.000000000000000 ) ;
#2448 = CARTESIAN_POINT ( 'NONE',  ( 89.99890742103076491, -6.042206017375324478, -104.0902469157262686 ) ) ;
#2449 = CARTESIAN_POINT ( 'NONE',  ( 190.4059769339629895, -6.042206017373035642, 208.0119538679257687 ) ) ;
#2450 = DIRECTION ( 'NONE',  ( 0.000000000000000000, 0.000000000000000000, 1.000000000000000000 ) ) ;
#2451 = VERTEX_POINT ( 'NONE', #4433 ) ;
#2452 = CARTESIAN_POINT ( 'NONE',  ( 3.493117819995029016, -6.042206017372022231, 53.98290812280603745 ) ) ;
#2453 = EDGE_CURVE ( 'NONE', #3424, #3861, #2250, .T. ) ;
#2454 = CARTESIAN_POINT ( 'NONE',  ( 0.4875835940439392502, -6.042206017373562332, 58.61996200337903673 ) ) ;
#2455 = B_SPLINE_CURVE_WITH_KNOTS ( 'NONE', 3,
 ( #3252, #1896, #149, #4404, #5404, #4069, #1424, #3618, #5280, #3127, #210, #1453, #4532, #3161, #1482, #3649, #4891, #5341, #5375, #3192, #242, #4008, #3681, #1514, #1028, #2707, #2373, #1866, #3224, #5311, #4923, #2739, #4501, #1542, #3588, #4435, #663, #631, #573, #4470, #4952, #2313, #4037, #1094, #2283, #1063, #4098, #2769 ),
 .UNSPECIFIED., .F., .F.,
 ( 4, 2, 2, 2, 2, 2, 2, 2, 2, 2, 2, 2, 2, 2, 2, 2, 2, 2, 2, 2, 2, 2, 2, 4 ),
 ( 6.968529709805215028E-18, 0.002534206776740140742, 0.003801310165110208944, 0.005068413553480276279, 0.007602620330220410082, 0.008869723718590474815, 0.01013682710696054215, 0.01267103388370067855, 0.01393813727207074242, 0.01520524066044081149, 0.01647234404881087882, 0.01773944743718094269, 0.02027365421392107736, 0.02154075760229114470, 0.02280786099066121550, 0.02534206776740135017, 0.02660917115577141057, 0.02787627454414147790, 0.03041048132088161951, 0.03294468809762175765, 0.03421179148599182845, 0.03547889487436189232, 0.03801310165110202699, 0.04054730842784216860 ),
 .UNSPECIFIED. ) ;
#2456 = CARTESIAN_POINT ( 'NONE',  ( -5.508038008197656765, -41.74731312807932682, 6.840021684190814355 ) ) ;
#2457 = CARTESIAN_POINT ( 'NONE',  ( -5.508011546535711567, -41.96222113922765118, 2.077924125155399704 ) ) ;
#2458 = ORIENTED_EDGE ( 'NONE', *, *, #1579, .T. ) ;
#2459 = CARTESIAN_POINT ( 'NONE',  ( 18.37807651540328280, -41.66529919722384534, -7.862498589271611493 ) ) ;
#2460 = CARTESIAN_POINT ( 'NONE',  ( 164.6128298235441605, -6.042206017375262306, 68.58052474238631646 ) ) ;
#2461 = CARTESIAN_POINT ( 'NONE',  ( 19.07334698233630021, -42.30756013076910449, -5.181181809388050601E-15 ) ) ;
#2462 = CARTESIAN_POINT ( 'NONE',  ( -18.00000000000000000, -37.24753809675059557, 11.41428795664992002 ) ) ;
#2463 = CARTESIAN_POINT ( 'NONE',  ( 1.471651862828293522, -41.50600330026365725, 8.883779522043013799 ) ) ;
#2464 = AXIS2_PLACEMENT_3D ( 'NONE', #262, #4522, #5363 ) ;
#2465 = CARTESIAN_POINT ( 'NONE',  ( 6.499391511412015099, -37.06114703815592293, 11.20192006265142304 ) ) ;
#2466 = CARTESIAN_POINT ( 'NONE',  ( -5.507994890331902482, -41.97116850191184056, -0.9195621121002953702 ) ) ;
#2467 = CARTESIAN_POINT ( 'NONE',  ( 124.9619253871092752, -38.48506133258121054, 66.88242186954947499 ) ) ;
#2468 = CARTESIAN_POINT ( 'NONE',  ( -18.00000000000000000, -38.08334154604071387, 5.880626755295395469 ) ) ;
#2469 = AXIS2_PLACEMENT_3D ( 'NONE', #748, #5039, #4563 ) ;
#2470 = CARTESIAN_POINT ( 'NONE',  ( -11.63196383084670416, -37.87096542094595009, 5.820494752484576928 ) ) ;
#2471 = CARTESIAN_POINT ( 'NONE',  ( 149.6614994673865908, -58.99259783589949535, 1.137326972296151752E-14 ) ) ;
#2472 = EDGE_CURVE ( 'NONE', #5086, #1720, #2844, .T. ) ;
#2473 = DIRECTION ( 'NONE',  ( -1.000000000000000000, 0.000000000000000000, 0.000000000000000000 ) ) ;
#2474 = VECTOR ( 'NONE', #5421, 1000.000000000000000 ) ;
#2475 = ORIENTED_EDGE ( 'NONE', *, *, #2145, .T. ) ;
#2476 = CARTESIAN_POINT ( 'NONE',  ( -5.484171725498937278, -37.70791233452062130, -7.160144231323325670 ) ) ;
#2477 = AXIS2_PLACEMENT_3D ( 'NONE', #18, #3459, #900 ) ;
#2478 = CARTESIAN_POINT ( 'NONE',  ( 13.44039251819839187, -24.47945999565357411, -38.41812254179244235 ) ) ;
#2479 = CARTESIAN_POINT ( 'NONE',  ( -3.671948989097968408, -41.51274014766395482, -9.180041742209246181 ) ) ;
#2480 = CARTESIAN_POINT ( 'NONE',  ( -2.950987610365085712E-05, -41.67149771610429099, 5.310660727850260443 ) ) ;
#2481 = CARTESIAN_POINT ( 'NONE',  ( -7.343999999886286822, -42.08584460751211509, -4.080858129121848799E-05 ) ) ;
#2482 = EDGE_LOOP ( 'NONE', ( #1001, #2585, #880, #470, #234 ) ) ;
#2483 = CARTESIAN_POINT ( 'NONE',  ( 226.6457644257072843, -6.042206017375387539, -137.7671940876994938 ) ) ;
#2484 = EDGE_CURVE ( 'NONE', #274, #1176, #4266, .T. ) ;
#2485 = CARTESIAN_POINT ( 'NONE',  ( 146.0465744060906559, -6.042206017375248095, 85.25823262911259803 ) ) ;
#2486 = CARTESIAN_POINT ( 'NONE',  ( 70.18513627601942062, -6.042206017375319149, -102.7578178126131263 ) ) ;
#2487 = CARTESIAN_POINT ( 'NONE',  ( 117.9131557670225874, -56.13001623236050364, 3.859248534111614838E-15 ) ) ;
#2488 = CARTESIAN_POINT ( 'NONE',  ( -8.425563602004029207, -42.13266455252909282, 3.177498865126604066 ) ) ;
#2489 = CARTESIAN_POINT ( 'NONE',  ( -71.46669839058749574, -6.042206017375342242, -137.7671940876994938 ) ) ;
#2490 = CARTESIAN_POINT ( 'NONE',  ( 9.180005109440637412, -42.29214137114303895, -0.9194804949377219927 ) ) ;
#2491 = CARTESIAN_POINT ( 'NONE',  ( 15.40142761098085344, -34.84025827444284573, -30.12802903750649008 ) ) ;
#2492 = CARTESIAN_POINT ( 'NONE',  ( 12.56003827796484096, -38.10583052543307048, 3.380344923988495065 ) ) ;
#2493 = CARTESIAN_POINT ( 'NONE',  ( 57.28746340828638495, -6.042206017375314708, -100.0009592494074440 ) ) ;
#2494 = CARTESIAN_POINT ( 'NONE',  ( 149.6614994673866192, -58.99259783589941009, 126.5229989347731561 ) ) ;
#2495 = DIRECTION ( 'NONE',  ( 0.000000000000000000, 0.000000000000000000, 1.000000000000000000 ) ) ;
#2496 = CARTESIAN_POINT ( 'NONE',  ( 5.508046676572454281, -41.64574234799878383, -8.400001049052026048 ) ) ;
#2497 = DATE_AND_TIME ( #2034, #104 ) ;
#2498 = ORIENTED_EDGE ( 'NONE', *, *, #982, .F. ) ;
#2499 = CARTESIAN_POINT ( 'NONE',  ( -7.792002288640100360, -38.00593087038204487, -4.513525414486247556 ) ) ;
#2500 = EDGE_LOOP ( 'NONE', ( #4284, #2057 ) ) ;
#2501 = DIRECTION ( 'NONE',  ( 0.000000000000000000, -1.000000000000000000, 0.000000000000000000 ) ) ;
#2502 = DIRECTION ( 'NONE',  ( 0.000000000000000000, 0.000000000000000000, 1.000000000000000000 ) ) ;
#2503 = CARTESIAN_POINT ( 'NONE',  ( -3.672016847192949740, -41.84322007454385783, 3.031846880437195413 ) ) ;
#2504 = CARTESIAN_POINT ( 'NONE',  ( -1.154662100978625748E-05, -41.78218312135541623, 2.077954731591365345 ) ) ;
#2505 = ORIENTED_EDGE ( 'NONE', *, *, #602, .F. ) ;
#2506 = DIRECTION ( 'NONE',  ( -0.03672652268866424125, 5.510199031599038307E-18, 0.9993253536917788837 ) ) ;
#2507 = CARTESIAN_POINT ( 'NONE',  ( 135.2649015015314546, -6.042206017375240990, 91.81791011520736845 ) ) ;
#2508 = CARTESIAN_POINT ( 'NONE',  ( 135.6234852153536963, -6.042206017375333360, -91.67185406171276441 ) ) ;
#2509 = CARTESIAN_POINT ( 'NONE',  ( 20.36082540615130299, -38.09024766049640220, 5.834977158582500323 ) ) ;
#2510 = CARTESIAN_POINT ( 'NONE',  ( -1.172282623739720364, -41.49996931327272165, 8.924633496118103082 ) ) ;
#2511 = EDGE_CURVE ( 'NONE', #744, #2286, #789, .T. ) ;
#2512 = FACE_OUTER_BOUND ( 'NONE', #452, .T. ) ;
#2513 = CARTESIAN_POINT ( 'NONE',  ( 1.702058427960866175E-06, -41.79055256050192213, -0.3063060960499194296 ) ) ;
#2514 = CARTESIAN_POINT ( 'NONE',  ( 13.14372932538583605, -30.08234737456468011, 37.70190741126290135 ) ) ;
#2515 = DIRECTION ( 'NONE',  ( -1.000000000000000000, 1.490420224606776581E-16, 0.000000000000000000 ) ) ;
#2516 = LINE ( 'NONE', #4241, #4195 ) ;
#2517 = CARTESIAN_POINT ( 'NONE',  ( 2.061296397841177797, -37.47896998164721083, -8.765793571554771901 ) ) ;
#2518 = DIRECTION ( 'NONE',  ( 0.9555190878284732792, -1.440079736887271935E-16, 0.2949292674446576945 ) ) ;
#2519 = CIRCLE ( 'NONE', #293, 16.74500000000000099 ) ;
#2520 = DIRECTION ( 'NONE',  ( 0.000000000000000000, 1.000000000000000000, 0.000000000000000000 ) ) ;
#2521 = VERTEX_POINT ( 'NONE', #1568 ) ;
#2522 = ORGANIZATION ( 'UNSPECIFIED', 'UNSPECIFIED', '' ) ;
#2523 = CARTESIAN_POINT ( 'NONE',  ( 15.30204328233866917, -28.16756659163982945, -33.46010282993505314 ) ) ;
#2524 = CARTESIAN_POINT ( 'NONE',  ( 14.78573987706091231, -27.13048470727568429, 34.95243013824976686 ) ) ;
#2525 = CARTESIAN_POINT ( 'NONE',  ( 19.81477884072433326, -38.06806383250290082, -5.880423305735157591 ) ) ;
#2526 = FACE_OUTER_BOUND ( 'NONE', #1456, .T. ) ;
#2527 = CARTESIAN_POINT ( 'NONE',  ( 5.507988453293688025, -41.96221732434155882, 2.077985338027329654 ) ) ;
#2528 = CARTESIAN_POINT ( 'NONE',  ( 7.343996594065630212, -42.11401773343362720, 0.6129596094384031080 ) ) ;
#2529 = ADVANCED_FACE ( 'NONE', ( #3420 ), #3280, .F. ) ;
#2530 = ORIENTED_EDGE ( 'NONE', *, *, #2948, .F. ) ;
#2531 = CARTESIAN_POINT ( 'NONE',  ( 11.71065362606562843, -27.19613762568739190, -41.40742183003878552 ) ) ;
#2532 = CARTESIAN_POINT ( 'NONE',  ( 127.8106648225649451, -6.042206017375334248, -95.43062478063947651 ) ) ;
#2533 = CARTESIAN_POINT ( 'NONE',  ( -6.261848139220889564, -13.94371515320611898, -1.953732251145784860 ) ) ;
#2534 = CARTESIAN_POINT ( 'NONE',  ( 33.61572406200880181, -47.26221975847439438, -1.292841891455429965E-14 ) ) ;
#2535 = ORIENTED_EDGE ( 'NONE', *, *, #2044, .T. ) ;
#2536 = CARTESIAN_POINT ( 'NONE',  ( -9.000000000000007105, -42.28567507404407877, 0.5950330763198471429 ) ) ;
#2537 = CARTESIAN_POINT ( 'NONE',  ( -4.682652084653411428, -37.63578228413813065, 7.691492164675702625 ) ) ;
#2538 = CARTESIAN_POINT ( 'NONE',  ( -3.671996594122520996, -41.88853499518947388, -0.6129392051477680070 ) ) ;
#2539 = CARTESIAN_POINT ( 'NONE',  ( 18.37807651540328280, -41.66529919722384534, -7.862498589271611493 ) ) ;
#2540 = CARTESIAN_POINT ( 'NONE',  ( -7.893042421870794634, -37.21637000726599354, 10.36398057639569181 ) ) ;
#2541 = FACE_OUTER_BOUND ( 'NONE', #2558, .T. ) ;
#2542 = CARTESIAN_POINT ( 'NONE',  ( -8.999999999999989342, -42.30661100815937914, 2.158147822363234170E-17 ) ) ;
#2543 = CARTESIAN_POINT ( 'NONE',  ( 149.6614994673866192, -58.99259783589941009, -126.5229989347731561 ) ) ;
#2544 = DIRECTION ( 'NONE',  ( -1.000000000000000000, 0.000000000000000000, 0.000000000000000000 ) ) ;
#2545 = DIRECTION ( 'NONE',  ( 1.000000000000000000, 0.000000000000000000, 0.000000000000000000 ) ) ;
#2546 = ORIENTED_EDGE ( 'NONE', *, *, #3409, .T. ) ;
#2547 = CIRCLE ( 'NONE', #2464, 12.74499999999999922 ) ;
#2548 = DIRECTION ( 'NONE',  ( -1.334604752262063986E-16, -1.000000000000000000, 0.000000000000000000 ) ) ;
#2549 = EDGE_CURVE ( 'NONE', #1127, #1931, #1498, .T. ) ;
#2550 = FACE_OUTER_BOUND ( 'NONE', #4736, .T. ) ;
#2551 = VECTOR ( 'NONE', #189, 1000.000000000000000 ) ;
#2552 = DIRECTION ( 'NONE',  ( -0.000000000000000000, -1.000000000000000000, 0.000000000000000000 ) ) ;
#2553 = CARTESIAN_POINT ( 'NONE',  ( 14.91873754753283166, -27.39399073556680619, -34.59820507905678966 ) ) ;
#2554 = AXIS2_PLACEMENT_3D ( 'NONE', #1120, #2128, #362 ) ;
#2555 = CARTESIAN_POINT ( 'NONE',  ( 226.6457644257072843, 9.999999999999980460, -137.7671940876994938 ) ) ;
#2556 = CARTESIAN_POINT ( 'NONE',  ( 9.179998865152192877, -42.32168879929979965, 0.2042550747598803063 ) ) ;
#2557 = CARTESIAN_POINT ( 'NONE',  ( 9.180001701916264523, -42.31469916670601350, -0.3062550853233113601 ) ) ;
#2558 = EDGE_LOOP ( 'NONE', ( #1031, #3375, #3285, #5478 ) ) ;
#2559 = CARTESIAN_POINT ( 'NONE',  ( -7.143861421073083307, -41.92953908115529060, -5.482008033805689351 ) ) ;
#2560 = CARTESIAN_POINT ( 'NONE',  ( 178.9015012552490873, -6.042206017375324478, -47.54918795518554475 ) ) ;
#2561 = CARTESIAN_POINT ( 'NONE',  ( -0.2896868972513361173, -41.48877806735324469, 9.000223135540005970 ) ) ;
#2562 = CARTESIAN_POINT ( 'NONE',  ( 40.60360956192334925, -50.78462308660660085, -1.121688059249859863E-14 ) ) ;
#2563 = ORIENTED_EDGE ( 'NONE', *, *, #1910, .F. ) ;
#2564 = FACE_OUTER_BOUND ( 'NONE', #27, .T. ) ;
#2565 = CARTESIAN_POINT ( 'NONE',  ( 86.40000000000000568, -58.25464714294840007, 0.000000000000000000 ) ) ;
#2566 = CARTESIAN_POINT ( 'NONE',  ( 9.179999999857820114, -42.33629126070889015, 5.101072660356796378E-05 ) ) ;
#2567 = CARTESIAN_POINT ( 'NONE',  ( 18.82837672200436074, -42.30756013076909738, -4.854139997231178318E-15 ) ) ;
#2568 = CARTESIAN_POINT ( 'NONE',  ( -4.153963788335810037, -36.83396437376853072, 12.34780582881149513 ) ) ;
#2569 = CARTESIAN_POINT ( 'NONE',  ( 163.2007744229287880, -6.042206017375328919, -70.35177812718973200 ) ) ;
#2570 = CARTESIAN_POINT ( 'NONE',  ( 5.950896110690950813, -41.78698335225576699, 6.777150767573482781 ) ) ;
#2571 = CARTESIAN_POINT ( 'NONE',  ( 8.426069859908162485, -42.13266516045914756, 3.176164280245761695 ) ) ;
#2572 = CARTESIAN_POINT ( 'NONE',  ( -3.725504915998866906, -41.60365399580756929, -8.198077261500072765 ) ) ;
#2573 = CARTESIAN_POINT ( 'NONE',  ( 190.4059769339610000, -6.042206017375299609, 1.273705867443689982E-14 ) ) ;
#2574 = ORIENTED_EDGE ( 'NONE', *, *, #3638, .F. ) ;
#2575 = CYLINDRICAL_SURFACE ( 'NONE', #5061, 12.99803161225499970 ) ;
#2576 = CARTESIAN_POINT ( 'NONE',  ( 20.34536719873065280, -38.31026286157670313, 0.1470188481355287902 ) ) ;
#2577 = EDGE_CURVE ( 'NONE', #2955, #3491, #865, .T. ) ;
#2578 = CARTESIAN_POINT ( 'NONE',  ( 12.39938298041205478, -22.46180992702187140, 40.82735526813848281 ) ) ;
#2579 = ORIENTED_EDGE ( 'NONE', *, *, #2211, .F. ) ;
#2580 = CARTESIAN_POINT ( 'NONE',  ( -4.667665778224308089E-05, -41.49435253679071423, 8.400031655487994797 ) ) ;
#2581 = B_SPLINE_SURFACE_WITH_KNOTS ( 'NONE', 2, 1, ( 
 ( #4175, #5496 ),
 ( #2422, #1635 ),
 ( #4149, #810 ) ),
 .UNSPECIFIED., .F., .F., .F.,
 ( 3, 3 ),
 ( 2, 2 ),
 ( 0.000000000000000000, 0.9230367382001619658 ),
 ( 0.000000000000000000, 1.000000000000000000 ),
 .UNSPECIFIED. ) ;
#2582 = CARTESIAN_POINT ( 'NONE',  ( 103.1449999999999108, -58.93658393131474327, 9.891171654269799163 ) ) ;
#2583 = CARTESIAN_POINT ( 'NONE',  ( -9.180001701916292944, -42.31469916674568310, 0.3062550853233024784 ) ) ;
#2584 = CARTESIAN_POINT ( 'NONE',  ( 7.344003405706884813, -42.11401879245456570, -0.6128779922758382792 ) ) ;
#2585 = ORIENTED_EDGE ( 'NONE', *, *, #2845, .T. ) ;
#2586 = CARTESIAN_POINT ( 'NONE',  ( -13.15518455823439936, -38.31026286157670313, -0.1470188481355378107 ) ) ;
#2587 = CARTESIAN_POINT ( 'NONE',  ( 187.6937920465111631, -6.042206017375315596, -23.60902969717527355 ) ) ;
#2588 = CARTESIAN_POINT ( 'NONE',  ( -3.714099161848807729, -41.60294520991212863, 8.203214826712340368 ) ) ;
#2589 = CARTESIAN_POINT ( 'NONE',  ( 17.04597530752000623, -31.79623648468892583, 27.27060800572569477 ) ) ;
#2590 = EDGE_LOOP ( 'NONE', ( #1085, #2277, #5241, #2909 ) ) ;
#2591 = CARTESIAN_POINT ( 'NONE',  ( 20.13203320690989884, -38.31026286157670313, -0.1470188481355546029 ) ) ;
#2592 = CARTESIAN_POINT ( 'NONE',  ( 99.14500000000001023, -58.25464714294840007, 1.560812345513300931E-15 ) ) ;
#2593 = CARTESIAN_POINT ( 'NONE',  ( 3.672011546564111661, -41.86434211346455925, -2.077934327300727357 ) ) ;
#2594 = CARTESIAN_POINT ( 'NONE',  ( -71.46669839058749574, 9.999999999999980460, -137.7671940876994938 ) ) ;
#2595 = CARTESIAN_POINT ( 'NONE',  ( -6.783226039247423067, -41.88162983485430857, -5.944423693840856338 ) ) ;
#2596 = CARTESIAN_POINT ( 'NONE',  ( 155.3211261131682193, -6.042206017375332472, -78.08710039221473664 ) ) ;
#2597 = CARTESIAN_POINT ( 'NONE',  ( 5.508021011383923415, -41.90336651180881944, -3.781238558637783687 ) ) ;
#2598 = CARTESIAN_POINT ( 'NONE',  ( -5.478802848935722558, -41.74131763133468098, 7.146267236449463489 ) ) ;
#2599 = DIRECTION ( 'NONE',  ( 1.000000000000000000, 0.000000000000000000, 0.000000000000000000 ) ) ;
#2600 = CARTESIAN_POINT ( 'NONE',  ( 1.611982377650377662, -41.51010902789440848, -8.855686047161437813 ) ) ;
#2601 = CARTESIAN_POINT ( 'NONE',  ( 3.671953323285353399, -41.56764441693417211, 8.400052059778637670 ) ) ;
#2602 = B_SPLINE_CURVE_WITH_KNOTS ( 'NONE', 3,
 ( #4288, #3130, #914, #429, #3475, #3980, #2200, #1338, #545, #3042, #516, #4774, #2619, #5225, #1782, #3500, #1366, #3071, #4802, #4378, #3952, #90, #2406, #3620, #3194, #4564, #2342, #5343, #2285, #1066, #1869, #181, #1485, #5434, #4071, #3683, #3284, #3590, #5406, #212, #2742, #575, #244, #3164, #4040 ),
 .UNSPECIFIED., .F., .F.,
 ( 4, 2, 2, 2, 2, 2, 2, 2, 1, 2, 2, 2, 2, 2, 2, 2, 2, 2, 2, 2, 2, 2, 4 ),
 ( 7.471771137815555915E-17, 0.001762844571196333678, 0.002644266856794461919, 0.003525689142392590594, 0.005288533713588849244, 0.007051378284785108329, 0.008814222855981365679, 0.009695645141579497389, 0.01057706742717762390, 0.01145848971277575214, 0.01233991199837387864, 0.01410275656957013513, 0.01498417885516826163, 0.01586560114076638814, 0.01762844571196264115, 0.01850986799756076939, 0.01939129028315889763, 0.02115413485435516106, 0.02291697942555142101, 0.02379840171114954925, 0.02467982399674767749, 0.02644266856794394438, 0.02820551313914020433 ),
 .UNSPECIFIED. ) ;
#2603 = ORIENTED_EDGE ( 'NONE', *, *, #3651, .T. ) ;
#2604 = CARTESIAN_POINT ( 'NONE',  ( 0.000000000000000000, -63.39640923772802950, 0.000000000000000000 ) ) ;
#2605 = CARTESIAN_POINT ( 'NONE',  ( 73.65500000000000114, -63.39640923772801528, 0.000000000000000000 ) ) ;
#2606 = CARTESIAN_POINT ( 'NONE',  ( 103.1449999999999960, -58.93658393131480011, 2.050671065172245467E-15 ) ) ;
#2607 = CIRCLE ( 'NONE', #1020, 104.0059769339611933 ) ;
#2608 = ORIENTED_EDGE ( 'NONE', *, *, #4838, .F. ) ;
#2609 = CARTESIAN_POINT ( 'NONE',  ( 18.61312154021309340, -35.29966205353923669, -18.32354953918688167 ) ) ;
#2610 = CARTESIAN_POINT ( 'NONE',  ( 132.9618763037898077, -6.042206017375241878, 93.00127477220357264 ) ) ;
#2611 = EDGE_CURVE ( 'NONE', #850, #5134, #4981, .T. ) ;
#2612 = CARTESIAN_POINT ( 'NONE',  ( 40.61378573902864986, -50.78462308660630242, -0.9653811709553810072 ) ) ;
#2613 = CARTESIAN_POINT ( 'NONE',  ( 9.179998297799375706, -42.31469511203059142, 0.3063571067765188949 ) ) ;
#2614 = CARTESIAN_POINT ( 'NONE',  ( 5.508006245906871712, -41.96795418442002301, -1.124011572018932315 ) ) ;
#2615 = VERTEX_POINT ( 'NONE', #4558 ) ;
#2616 = CARTESIAN_POINT ( 'NONE',  ( -0.001283415555051344069, -38.31026286157670313, -0.06168758558244399198 ) ) ;
#2617 = EDGE_CURVE ( 'NONE', #794, #3890, #2925, .T. ) ;
#2618 = CARTESIAN_POINT ( 'NONE',  ( -3.980504045080021314, -41.62021811120494164, 8.077393295549951446 ) ) ;
#2619 = CARTESIAN_POINT ( 'NONE',  ( 5.508364896780361342, -37.71030483346733320, -7.141984617852354944 ) ) ;
#2620 = ORIENTED_EDGE ( 'NONE', *, *, #677, .F. ) ;
#2621 = DIRECTION ( 'NONE',  ( 3.074555195481524923E-16, 1.000000000000000000, -5.078222490274108513E-16 ) ) ;
#2622 = EDGE_LOOP ( 'NONE', ( #3002, #3642 ) ) ;
#2623 = CARTESIAN_POINT ( 'NONE',  ( -8.484659204490414552, -38.13362835366428527, 3.016079747435091996 ) ) ;
#2624 = CARTESIAN_POINT ( 'NONE',  ( -5.507953323256950640, -41.64573389326320552, -8.400062261923958218 ) ) ;
#2625 = CARTESIAN_POINT ( 'NONE',  ( 17.21383104686383092, -38.99004697956268473, 19.97068973883633447 ) ) ;
#2626 = CARTESIAN_POINT ( 'NONE',  ( 3.403938303609467031, -36.79017392656413676, 12.55362786029321320 ) ) ;
#2627 = CARTESIAN_POINT ( 'NONE',  ( 20.34536719873065280, -38.09024766049640220, -5.834977158582510093 ) ) ;
#2628 = CARTESIAN_POINT ( 'NONE',  ( 5.508006245906871712, -41.96795418442002301, -1.124011572018932315 ) ) ;
#2629 = CARTESIAN_POINT ( 'NONE',  ( -8.996312573528099321, -42.29540052415297424, 0.2973272996179495142 ) ) ;
#2630 = CARTESIAN_POINT ( 'NONE',  ( -18.00000000000000000, -37.22974446970523843, -11.47811861102963427 ) ) ;
#2631 = CARTESIAN_POINT ( 'NONE',  ( -0.3033896137948596805, -41.48884512254558388, -8.999771648780328093 ) ) ;
#2632 = CARTESIAN_POINT ( 'NONE',  ( -3.672042342413503135, -41.61891558214598064, 7.620021568766746078 ) ) ;
#2633 = DIRECTION ( 'NONE',  ( -0.000000000000000000, -1.000000000000000000, 0.000000000000000000 ) ) ;
#2634 = EDGE_CURVE ( 'NONE', #475, #4834, #4273, .T. ) ;
#2635 = CARTESIAN_POINT ( 'NONE',  ( -18.00000000000000000, -38.09024766049640220, -5.834977158582510093 ) ) ;
#2636 =( BOUNDED_SURFACE ( )  B_SPLINE_SURFACE ( 3, 3, ( 
 ( #2279, #5307, #690, #2764 ),
 ( #5427, #2367, #3219, #4431 ),
 ( #4001, #4887, #1566, #627 ),
 ( #2795, #1952, #145, #1922 ),
 ( #2734, #2309, #2400, #2702 ),
 ( #1090, #4855, #4979, #4033 ),
 ( #3677, #3248, #3187, #3644 ),
 ( #5369, #4496, #5399, #1980 ),
 ( #4587, #721, #3278, #5008 ),
 ( #1148, #2856, #2956, #1625 ) ),
 .UNSPECIFIED., .F., .F., .F. ) 
 B_SPLINE_SURFACE_WITH_KNOTS ( ( 4, 2, 2, 2, 4 ),
 ( 4, 4 ),
 ( 0.000000000000000000, 0.2500000000000000000, 0.5000000000000000000, 0.7500000000000000000, 1.000000000000000000 ),
 ( 0.000000000000000000, 1.000000000000000000 ),
 .UNSPECIFIED. ) 
 GEOMETRIC_REPRESENTATION_ITEM ( )  RATIONAL_B_SPLINE_SURFACE ( (
 ( 1.000000000000000000, 0.3333333333333335369, 0.3333333333333335369, 1.000000000000000000),
 ( 1.000000000000000000, 0.3333333333333335369, 0.3333333333333335369, 1.000000000000000000),
 ( 1.000000000000000000, 0.3333333333333335369, 0.3333333333333335369, 1.000000000000000000),
 ( 1.000000000000000000, 0.3333333333333335369, 0.3333333333333335369, 1.000000000000000000),
 ( 1.000000000000000000, 0.3333333333333335369, 0.3333333333333335369, 1.000000000000000000),
 ( 1.000000000000000000, 0.3333333333333335369, 0.3333333333333335369, 1.000000000000000000),
 ( 1.000000000000000000, 0.3333333333333335369, 0.3333333333333335369, 1.000000000000000000),
 ( 1.000000000000000000, 0.3333333333333335369, 0.3333333333333335369, 1.000000000000000000),
 ( 1.000000000000000000, 0.3333333333333335369, 0.3333333333333335369, 1.000000000000000000),
 ( 1.000000000000000000, 0.3333333333333335369, 0.3333333333333335369, 1.000000000000000000) ) ) 
 REPRESENTATION_ITEM ( '' )  SURFACE ( )  );
#2637 = CYLINDRICAL_SURFACE ( 'NONE', #2349, 12.74500000000000632 ) ;
#2638 = VECTOR ( 'NONE', #3101, 1000.000000000000000 ) ;
#2639 = ORIENTED_EDGE ( 'NONE', *, *, #4712, .T. ) ;
#2640 = CARTESIAN_POINT ( 'NONE',  ( 14.72100332400038525, -33.36050938385591280, -32.79780201120904337 ) ) ;
#2641 = CARTESIAN_POINT ( 'NONE',  ( 116.3741379033945833, -6.042206017375231220, 99.59460593186943811 ) ) ;
#2642 = B_SPLINE_CURVE_WITH_KNOTS ( 'NONE', 3,
 ( #1886, #1915, #4088, #1083, #3609, #2273, #5332, #2788, #3995, #683, #4521, #653, #1975, #4119, #2899, #3370, #2075, #5475, #5055, #4629, #2920, #3324, #1218, #5544, #3758, #3778, #1172, #3801, #761, #1613, #5519, #1658, #3728, #714, #1195, #3346, #5449, #1241, #3301, #5099, #2943, #2470, #383, #4675, #4198, #340, #2876, #5120 ),
 .UNSPECIFIED., .F., .F.,
 ( 4, 2, 2, 2, 2, 2, 2, 2, 2, 2, 2, 2, 2, 2, 2, 2, 2, 2, 2, 2, 2, 2, 2, 4 ),
 ( 1.433179746754276174E-18, 0.002542643071596859330, 0.003813964607395288996, 0.005085286143193719528, 0.007627929214790575389, 0.008899250750589005055, 0.01017057228638743385, 0.01271321535798429318, 0.01398453689378272545, 0.01525585842958115425, 0.01652717996537958478, 0.01779850150117801705, 0.02034114457277487811, 0.02161246610857331038, 0.02288378764437174612, 0.02542643071596861065, 0.02669775225176704292, 0.02796907378756547866, 0.03051171685916233972, 0.03305435993075921119, 0.03432568146655764346, 0.03559700300235607573, 0.03813964607395294720, 0.04068228914554981174 ),
 .UNSPECIFIED. ) ;
#2643 = VECTOR ( 'NONE', #3949, 1000.000000000000000 ) ;
#2644 = CARTESIAN_POINT ( 'NONE',  ( 100.4489254887065499, -57.95386985700427118, 24.36668169229009706 ) ) ;
#2645 = CARTESIAN_POINT ( 'NONE',  ( 7.343998865180619617, -42.10617315468100230, 0.2042448726145588422 ) ) ;
#2646 = CARTESIAN_POINT ( 'NONE',  ( -7.343988453265295924, -42.08122616269734806, -2.077995540172656419 ) ) ;
#2647 = EDGE_LOOP ( 'NONE', ( #4505, #1920, #1245, #3733 ) ) ;
#2648 = CARTESIAN_POINT ( 'NONE',  ( 7.152709495335535017, -41.92949305375417168, -5.493823729320014948 ) ) ;
#2649 = CARTESIAN_POINT ( 'NONE',  ( -8.941569456212658196, -42.25797699056728618, 1.184215616387587433 ) ) ;
#2650 = CARTESIAN_POINT ( 'NONE',  ( 18.65092101011278203, -35.38665753033456696, 18.08101892501845853 ) ) ;
#2651 = ORIENTED_EDGE ( 'NONE', *, *, #1834, .T. ) ;
#2652 = CARTESIAN_POINT ( 'NONE',  ( -10.33109922673685688, -38.30846199499498539, 0.09805506450800315077 ) ) ;
#2653 = ORIENTED_EDGE ( 'NONE', *, *, #5081, .T. ) ;
#2654 = FACE_BOUND ( 'NONE', #5304, .T. ) ;
#2655 = EDGE_CURVE ( 'NONE', #2955, #576, #1309, .T. ) ;
#2656 = CARTESIAN_POINT ( 'NONE',  ( 3.672029509819209725, -41.75190828365008855, -5.310640323559622011 ) ) ;
#2657 = FACE_OUTER_BOUND ( 'NONE', #2409, .T. ) ;
#2658 = FACE_OUTER_BOUND ( 'NONE', #4555, .T. ) ;
#2659 = LINE ( 'NONE', #5175, #2081 ) ;
#2660 = CARTESIAN_POINT ( 'NONE',  ( -5.507961991631773913, -41.74730526027871491, -6.840082897062743861 ) ) ;
#2661 = CARTESIAN_POINT ( 'NONE',  ( 3.180308159716247474, -41.57216512907886141, 8.424461829383734113 ) ) ;
#2662 = CARTESIAN_POINT ( 'NONE',  ( -2.333818746100761121, -41.53109794386055142, 8.712022845057674658 ) ) ;
#2663 = CARTESIAN_POINT ( 'NONE',  ( 40.60360956192334925, -50.78462308660660085, -1.121688059249859863E-14 ) ) ;
#2664 = CARTESIAN_POINT ( 'NONE',  ( -5.508042342385070178, -41.69806081896501126, 7.620011366621423754 ) ) ;
#2665 = CARTESIAN_POINT ( 'NONE',  ( -18.00000000000000000, -23.68619686104764810, -39.70994965335955840 ) ) ;
#2666 = DIRECTION ( 'NONE',  ( -1.000000000000000000, 0.000000000000000000, 0.000000000000000000 ) ) ;
#2667 = CARTESIAN_POINT ( 'NONE',  ( -9.000000000000000000, -38.30472695027329877, -3.659182332138580620E-15 ) ) ;
#2668 = DIRECTION ( 'NONE',  ( -1.000000000000000000, -0.000000000000000000, -0.000000000000000000 ) ) ;
#2669 = ORIENTED_EDGE ( 'NONE', *, *, #2189, .T. ) ;
#2670 = CARTESIAN_POINT ( 'NONE',  ( 7.343961991603315198, -41.85264108032092167, 6.840093099208063521 ) ) ;
#2671 = CARTESIAN_POINT ( 'NONE',  ( 77.32684114366941230, -6.042206017375219673, 103.6109755925366187 ) ) ;
#2672 = CARTESIAN_POINT ( 'NONE',  ( -22.00000000000000000, -40.88189669070970211, -38.76238079680285153 ) ) ;
#2673 = CARTESIAN_POINT ( 'NONE',  ( -7.343999999886286822, -42.08584460751211509, -4.080858129121848799E-05 ) ) ;
#2674 = CARTESIAN_POINT ( 'NONE',  ( 3.800828292833608645E-05, -41.59064680588684126, -6.840052290626778664 ) ) ;
#2675 = EDGE_LOOP ( 'NONE', ( #4302, #5007, #1100, #143 ) ) ;
#2676 = CARTESIAN_POINT ( 'NONE',  ( -4.512474036648734810, -41.65683424516197420, -7.809564948646570137 ) ) ;
#2677 = B_SPLINE_CURVE_WITH_KNOTS ( 'NONE', 3,
 ( #4177, #1534, #1563, #4151 ),
 .UNSPECIFIED., .F., .F.,
 ( 4, 4 ),
 ( 6.943573370654010692E-18, 0.003999601577011589748 ),
 .UNSPECIFIED. ) ;
#2678 = CARTESIAN_POINT ( 'NONE',  ( 9.180006245850007573, -42.28221066246754845, -1.123991167728288998 ) ) ;
#2679 = CARTESIAN_POINT ( 'NONE',  ( 20.13203320690989884, -38.31026286157670313, -0.1470188481355546029 ) ) ;
#2680 = ORIENTED_EDGE ( 'NONE', *, *, #4369, .F. ) ;
#2681 = FACE_BOUND ( 'NONE', #1785, .T. ) ;
#2682 = ORIENTED_EDGE ( 'NONE', *, *, #5463, .F. ) ;
#2683 = CARTESIAN_POINT ( 'NONE',  ( 9.467836067516044452, -37.46612615743603669, 8.852425089623826793 ) ) ;
#2684 = CARTESIAN_POINT ( 'NONE',  ( -3.671988453322156509, -41.86434037993402768, -2.077975135882013102 ) ) ;
#2685 = CARTESIAN_POINT ( 'NONE',  ( -4.682652084653411428, -37.63578228413813065, 7.691492164675702625 ) ) ;
#2686 = CARTESIAN_POINT ( 'NONE',  ( 6.153706533769464748, -41.81006613777030623, -6.574078482109622534 ) ) ;
#2687 = CARTESIAN_POINT ( 'NONE',  ( 139.1842759379911740, -47.26221975847439438, 6.464209457277149827E-15 ) ) ;
#2688 = CARTESIAN_POINT ( 'NONE',  ( 2.950987607470884923E-05, -41.67149771645478751, -5.310660727850263996 ) ) ;
#2689 = EDGE_CURVE ( 'NONE', #182, #2343, #1048, .T. ) ;
#2690 = CARTESIAN_POINT ( 'NONE',  ( -18.00000000000000000, -38.09024766049640220, 5.834977158582500323 ) ) ;
#2691 = CARTESIAN_POINT ( 'NONE',  ( -18.00000000000000000, -23.68619686104764810, -39.70994965335955840 ) ) ;
#2692 = CARTESIAN_POINT ( 'NONE',  ( 0.1227619990086116220, -20.95902901126222773, -172.5544760019827208 ) ) ;
#2693 = FACE_OUTER_BOUND ( 'NONE', #2971, .T. ) ;
#2694 = CARTESIAN_POINT ( 'NONE',  ( -18.00000000000000000, -32.29571161549034741, 26.62793936103274817 ) ) ;
#2695 = CARTESIAN_POINT ( 'NONE',  ( 46.43677164677047386, -38.48506133258121054, 66.05468056303826074 ) ) ;
#2696 = FACE_BOUND ( 'NONE', #3623, .T. ) ;
#2697 = ADVANCED_FACE ( 'NONE', ( #812, #5401 ), #269, .T. ) ;
#2698 = CARTESIAN_POINT ( 'NONE',  ( 8.093929932258774329, -38.05626422716583335, -3.979458645473548550 ) ) ;
#2699 = CARTESIAN_POINT ( 'NONE',  ( 99.14500000000001023, -64.66763823405520384, 1.560812345513301719E-15 ) ) ;
#2700 = ORIENTED_EDGE ( 'NONE', *, *, #1672, .F. ) ;
#2701 = CARTESIAN_POINT ( 'NONE',  ( -5.508016847164520335, -41.92984125614903945, 3.031836678291873977 ) ) ;
#2702 = CARTESIAN_POINT ( 'NONE',  ( 19.92775606846369740, -38.48506133258184292, -1.628100415257959896E-14 ) ) ;
#2703 = CARTESIAN_POINT ( 'NONE',  ( 183.9620743921457233, -6.042206017375321814, -36.51598243880026473 ) ) ;
#2704 = CARTESIAN_POINT ( 'NONE',  ( -13.15518455823439936, -37.58412590509600193, 8.970993739684610446 ) ) ;
#2705 = CARTESIAN_POINT ( 'NONE',  ( 5.101084516543969631E-05, -41.43984812867622480, -9.180021337918599755 ) ) ;
#2706 = VECTOR ( 'NONE', #221, 1000.000000000000000 ) ;
#2707 = CARTESIAN_POINT ( 'NONE',  ( -0.3909369948845362597, -36.70784735878029892, 12.93737768302609581 ) ) ;
#2708 = EDGE_CURVE ( 'NONE', #850, #87, #1660, .T. ) ;
#2709 = CARTESIAN_POINT ( 'NONE',  ( -3.671961991660208646, -41.66660398508292928, -6.840072694917422425 ) ) ;
#2710 = CARTESIAN_POINT ( 'NONE',  ( 7.343953323228487484, -41.74792629672320743, 8.400072464069282319 ) ) ;
#2711 = ORIENTED_EDGE ( 'NONE', *, *, #4118, .T. ) ;
#2712 = CARTESIAN_POINT ( 'NONE',  ( -7.344051010731464046, -41.69037129754193671, 9.179980529337315787 ) ) ;
#2713 = ORIENTED_EDGE ( 'NONE', *, *, #1229, .F. ) ;
#2714 = CARTESIAN_POINT ( 'NONE',  ( 12.99644658441998679, -38.30368781662100020, 0.02685980811133491936 ) ) ;
#2715 = CARTESIAN_POINT ( 'NONE',  ( -9.179978988388608485, -42.16512765732627344, -3.781320175800359618 ) ) ;
#2716 = CARTESIAN_POINT ( 'NONE',  ( 3.672001702001563395, -41.89111615312409498, -0.3062856917592762240 ) ) ;
#2717 = CARTESIAN_POINT ( 'NONE',  ( -8.989166845844984266, -38.27511202111345057, 0.7384285762543776332 ) ) ;
#2718 = CARTESIAN_POINT ( 'NONE',  ( 1.611982377650377662, -41.51010902789440848, -8.855686047161437813 ) ) ;
#2719 = CARTESIAN_POINT ( 'NONE',  ( -8.884254645883663315, -42.24173083329595357, -1.468395674395617245 ) ) ;
#2720 = VECTOR ( 'NONE', #2756, 1000.000000000000000 ) ;
#2721 = CARTESIAN_POINT ( 'NONE',  ( -9.179978988388608485, -42.16512765732627344, -3.781320175800359618 ) ) ;
#2722 = CARTESIAN_POINT ( 'NONE',  ( 20.36082540615130299, -37.24753809675059557, 11.41428795664992002 ) ) ;
#2723 = CARTESIAN_POINT ( 'NONE',  ( 17.00542194861179013, -38.49691178929423074, 21.46260581704366999 ) ) ;
#2724 = CARTESIAN_POINT ( 'NONE',  ( -22.00000000000000000, -6.042206017372999227, -58.61996200337879515 ) ) ;
#2725 = CARTESIAN_POINT ( 'NONE',  ( -5.101084519470870974E-05, -41.43984812856498223, 9.180021337918599755 ) ) ;
#2726 = CARTESIAN_POINT ( 'NONE',  ( 20.34536719873065280, -32.29571161549034741, -26.62793936103274817 ) ) ;
#2727 = CARTESIAN_POINT ( 'NONE',  ( 62.18813599872329689, -57.95386985700420013, -0.5104959647316559268 ) ) ;
#2728 = CARTESIAN_POINT ( 'NONE',  ( 4.021599247017395129, -37.58427363291532686, 8.056877085253578485 ) ) ;
#2729 = DIRECTION ( 'NONE',  ( -0.03672652268866424125, 5.510199031599038307E-18, 0.9993253536917788837 ) ) ;
#2730 = PERSON_AND_ORGANIZATION_ROLE ( 'classification_officer' ) ;
#2731 = ADVANCED_FACE ( 'NONE', ( #4244 ), #3396, .T. ) ;
#2732 = ORIENTED_EDGE ( 'NONE', *, *, #1055, .T. ) ;
#2733 = CARTESIAN_POINT ( 'NONE',  ( -1.154662100978625748E-05, -41.78218312135541623, 2.077954731591365345 ) ) ;
#2734 = CARTESIAN_POINT ( 'NONE',  ( 152.8722439315365023, -38.48506133258189976, 8.140502076289799479E-15 ) ) ;
#2735 = CARTESIAN_POINT ( 'NONE',  ( -5.747812694102960350E-15, -38.31026286157670313, 0.000000000000000000 ) ) ;
#2736 = CARTESIAN_POINT ( 'NONE',  ( -13.15518455823439936, -38.31026286157670313, -0.1470188481355378107 ) ) ;
#2737 = CARTESIAN_POINT ( 'NONE',  ( 9.180038008140764205, -41.98503258754270462, -6.840001279900170594 ) ) ;
#2738 = ADVANCED_FACE ( 'NONE', ( #3250 ), #13, .T. ) ;
#2739 = CARTESIAN_POINT ( 'NONE',  ( -5.321145201891835264, -36.94363571542519509, 11.80538456476227083 ) ) ;
#2740 = VECTOR ( 'NONE', #1132, 1000.000000000000000 ) ;
#2741 = CARTESIAN_POINT ( 'NONE',  ( -7.343994890303467749, -42.10820886388217588, -0.9195723142456169175 ) ) ;
#2742 = CARTESIAN_POINT ( 'NONE',  ( -8.538001201022025199, -38.14323667027081655, -2.906896290140423389 ) ) ;
#2743 = VERTEX_POINT ( 'NONE', #1320 ) ;
#2744 = CARTESIAN_POINT ( 'NONE',  ( -7.344016847136085602, -42.05001507887666179, 3.031826476146552984 ) ) ;
#2745 = VERTEX_POINT ( 'NONE', #5207 ) ;
#2746 = CIRCLE ( 'NONE', #4568, 98.93283318597700315 ) ;
#2747 = CARTESIAN_POINT ( 'NONE',  ( -0.5247940644157629286, -37.44189432296073505, 9.003676478908325009 ) ) ;
#2748 = CARTESIAN_POINT ( 'NONE',  ( 122.3497803126165309, -6.042206017375234772, 97.75136913544454842 ) ) ;
#2749 = CARTESIAN_POINT ( 'NONE',  ( 7.343999999886255736, -42.08584460787655956, 4.080858128201898512E-05 ) ) ;
#2750 = FACE_OUTER_BOUND ( 'NONE', #4567, .T. ) ;
#2751 = CARTESIAN_POINT ( 'NONE',  ( 4.498558801799077855, -41.65782553921077636, -7.796558729804982768 ) ) ;
#2752 = CIRCLE ( 'NONE', #4730, 104.0059769339611933 ) ;
#2753 = CARTESIAN_POINT ( 'NONE',  ( 86.40000000000000568, -58.25464714294840007, 0.000000000000000000 ) ) ;
#2754 = CARTESIAN_POINT ( 'NONE',  ( 10.32023779304043387, -37.60496819215295261, 7.916707881822519610 ) ) ;
#2755 = CARTESIAN_POINT ( 'NONE',  ( 15.43503672511410052, -34.91441559882660073, 29.98294484252815906 ) ) ;
#2756 = DIRECTION ( 'NONE',  ( 1.000000000000000000, 0.000000000000000000, 0.000000000000000000 ) ) ;
#2757 = CARTESIAN_POINT ( 'NONE',  ( -3.672021011412389679, -41.81617290905057871, 3.781248760783102458 ) ) ;
#2758 = CARTESIAN_POINT ( 'NONE',  ( 13.24436795318036175, -33.22972007004624118, -1.542452698203079953 ) ) ;
#2759 = CARTESIAN_POINT ( 'NONE',  ( 40.61378573902864986, -50.78462308660630242, -0.9653811709553810072 ) ) ;
#2760 = CARTESIAN_POINT ( 'NONE',  ( 3.754282100531237010, -37.56575758035754120, 8.184817459359363667 ) ) ;
#2761 = CARTESIAN_POINT ( 'NONE',  ( 8.531657345119242564, -38.14379231956974081, -2.880649526580702613 ) ) ;
#2762 = VERTEX_POINT ( 'NONE', #1348 ) ;
#2763 = CARTESIAN_POINT ( 'NONE',  ( -4.234247036814637151E-05, -41.54461856202146919, 7.620041973057389839 ) ) ;
#2764 = CARTESIAN_POINT ( 'NONE',  ( -12.53283318597851981, -6.042206017371019477, -2.423155549835754631E-14 ) ) ;
#2765 = CARTESIAN_POINT ( 'NONE',  ( 8.702240071216117201, -38.18359760585872209, -2.314808089764079480 ) ) ;
#2766 = CARTESIAN_POINT ( 'NONE',  ( 5.942021645940041452, -41.78601522039880223, -6.785624704560445863 ) ) ;
#2767 = EDGE_CURVE ( 'NONE', #3591, #4989, #858, .T. ) ;
#2768 = CARTESIAN_POINT ( 'NONE',  ( 185.3328331859785010, -6.042206017371060334, 1.211577774917876053E-14 ) ) ;
#2769 = CARTESIAN_POINT ( 'NONE',  ( -12.99840399442346062, -38.31026286157670313, 0.07350942406776220239 ) ) ;
#2770 = CARTESIAN_POINT ( 'NONE',  ( 9.180038008140764205, -41.98503258754270462, -6.840001279900170594 ) ) ;
#2771 = CARTESIAN_POINT ( 'NONE',  ( 73.65500000000000114, -63.39640923772801528, 0.000000000000000000 ) ) ;
#2772 = ORIENTED_EDGE ( 'NONE', *, *, #5290, .F. ) ;
#2773 = EDGE_CURVE ( 'NONE', #1159, #536, #2752, .T. ) ;
#2774 = CARTESIAN_POINT ( 'NONE',  ( 5.507961991631746379, -41.74730526035119027, 6.840082897062743861 ) ) ;
#2775 = ORIENTED_EDGE ( 'NONE', *, *, #5503, .T. ) ;
#2776 = CARTESIAN_POINT ( 'NONE',  ( 12.90107823330493275, -38.22463790601428713, 1.724005354598582951 ) ) ;
#2777 = CARTESIAN_POINT ( 'NONE',  ( 86.40000000000000568, -58.93658393131480011, 0.000000000000000000 ) ) ;
#2778 = CARTESIAN_POINT ( 'NONE',  ( -9.180001701916292944, -42.31469916674568310, 0.3062550853233024784 ) ) ;
#2779 = CARTESIAN_POINT ( 'NONE',  ( 226.6457644257072843, -70.00000000000000000, -137.7671940876994938 ) ) ;
#2780 = DIRECTION ( 'NONE',  ( 1.000000000000000000, -1.334604752262064725E-16, 0.000000000000000000 ) ) ;
#2781 = CARTESIAN_POINT ( 'NONE',  ( 2.895626452845621923, -41.55578461189459460, -8.541963352001211263 ) ) ;
#2782 = CARTESIAN_POINT ( 'NONE',  ( 7.950380629059450754, -37.22408307122557147, 10.32066761712820302 ) ) ;
#2783 = CARTESIAN_POINT ( 'NONE',  ( 12.92393357418767863, -29.63385812289516608, 38.31588787706352406 ) ) ;
#2784 = CARTESIAN_POINT ( 'NONE',  ( 33.61572406200880181, -47.26221975847436596, -105.5685518759823793 ) ) ;
#2785 = CARTESIAN_POINT ( 'NONE',  ( 3.671994890360303909, -41.88319309293466119, 0.9195519099549662734 ) ) ;
#2786 = CARTESIAN_POINT ( 'NONE',  ( -18.00000000000000000, -11.27713467053115970, -50.82238809104900668 ) ) ;
#2787 = CARTESIAN_POINT ( 'NONE',  ( 58.86713063101178278, -50.78462308660629532, 45.50870803222804284 ) ) ;
#2788 = CARTESIAN_POINT ( 'NONE',  ( 11.67737230844233487, -37.87912766691844979, 5.775836854173534540 ) ) ;
#2789 = VERTEX_POINT ( 'NONE', #3054 ) ;
#2790 = EDGE_CURVE ( 'NONE', #870, #5103, #4330, .T. ) ;
#2791 = B_SPLINE_CURVE_WITH_KNOTS ( 'NONE', 3,
 ( #1755, #2652, #5226, #5140 ),
 .UNSPECIFIED., .F., .F.,
 ( 4, 4 ),
 ( 0.000000000000000000, 0.003999602307528099879 ),
 .UNSPECIFIED. ) ;
#2792 = CARTESIAN_POINT ( 'NONE',  ( 190.4059769339610000, -6.042206017375299609, 1.273705867443689982E-14 ) ) ;
#2793 = EDGE_LOOP ( 'NONE', ( #3387, #4864, #5216, #5110, #4475, #3097 ) ) ;
#2794 = CARTESIAN_POINT ( 'NONE',  ( 7.343993753894062060, -42.10689525742388639, 1.124082987036177039 ) ) ;
#2795 = CARTESIAN_POINT ( 'NONE',  ( 159.5718911911924920, -33.22972007004714357, 8.960972233485210097E-15 ) ) ;
#2796 = LINE ( 'NONE', #2825, #2109 ) ;
#2797 = CARTESIAN_POINT ( 'NONE',  ( -2.904845145309529197, -41.55810467756131033, -8.523418581855953136 ) ) ;
#2798 = CARTESIAN_POINT ( 'NONE',  ( 110.6172451890449935, -57.95386985700429960, 2.965757180493044782E-15 ) ) ;
#2799 = CARTESIAN_POINT ( 'NONE',  ( 20.13197640251884124, -38.31034024885575917, -1.623098459689531492E-14 ) ) ;
#2800 = CARTESIAN_POINT ( 'NONE',  ( 7.344011546507243970, -42.08122902396473108, -2.077913923010083597 ) ) ;
#2801 = CARTESIAN_POINT ( 'NONE',  ( 7.343948989041074960, -41.69036013684582542, 9.180062146499892606 ) ) ;
#2802 = EDGE_LOOP ( 'NONE', ( #2188, #4123, #4224, #3165, #2926, #3580 ) ) ;
#2803 = CARTESIAN_POINT ( 'NONE',  ( -7.344021011355524209, -42.01819183912317612, 3.781228356492460474 ) ) ;
#2804 = ORIENTED_EDGE ( 'NONE', *, *, #5246, .T. ) ;
#2805 = CARTESIAN_POINT ( 'NONE',  ( -0.3909369948845362597, -36.70784735878029892, 12.93737768302609581 ) ) ;
#2806 = CARTESIAN_POINT ( 'NONE',  ( 183.4707251992907970, -6.042206017375281846, 37.74925094489738342 ) ) ;
#2807 = AXIS2_PLACEMENT_3D ( 'NONE', #5418, #1013, #1853 ) ;
#2808 = CARTESIAN_POINT ( 'NONE',  ( -1.702058459057762940E-06, -41.79055256047667655, 0.3063060960499107699 ) ) ;
#2809 = EDGE_CURVE ( 'NONE', #1176, #3456, #4417, .T. ) ;
#2810 = CARTESIAN_POINT ( 'NONE',  ( 188.1221828261517715, -6.042206017375292504, 21.67581801813164688 ) ) ;
#2811 = CARTESIAN_POINT ( 'NONE',  ( 64.54130885630823400, -6.042206017375316485, -101.7766066418044204 ) ) ;
#2812 = CARTESIAN_POINT ( 'NONE',  ( -2.903818414660002567, -41.55807192238326309, -8.523789178318832427 ) ) ;
#2813 = CARTESIAN_POINT ( 'NONE',  ( -4.153963788335810037, -36.83396437376853072, 12.34780582881149513 ) ) ;
#2814 = CARTESIAN_POINT ( 'NONE',  ( 8.697710430906242962, -42.19093338049966491, 2.332075982718690543 ) ) ;
#2815 = CARTESIAN_POINT ( 'NONE',  ( 139.1842759379912309, -47.26221975847436596, -105.5685518759823793 ) ) ;
#2816 = CARTESIAN_POINT ( 'NONE',  ( -9.180021011327092140, -42.16513681441785621, 3.781218154347138594 ) ) ;
#2817 = CARTESIAN_POINT ( 'NONE',  ( 132.1963904380772021, -50.78462308660630242, 1.387778780781445991E-14 ) ) ;
#2818 = CARTESIAN_POINT ( 'NONE',  ( -71.46669839058749574, -6.042206017375154836, 137.9613978004092303 ) ) ;
#2819 = CARTESIAN_POINT ( 'NONE',  ( -1.977508687156214862, -37.47591264097945896, 8.785026575780246816 ) ) ;
#2820 = CARTESIAN_POINT ( 'NONE',  ( 8.943454821118816511, -38.25369078249886456, -1.165761011205608710 ) ) ;
#2821 = CARTESIAN_POINT ( 'NONE',  ( 86.40000000000000568, -58.25464714294840007, 0.000000000000000000 ) ) ;
#2822 = PERSON_AND_ORGANIZATION_ROLE ( 'creator' ) ;
#2823 = ORIENTED_EDGE ( 'NONE', *, *, #4733, .T. ) ;
#2824 = CARTESIAN_POINT ( 'NONE',  ( 23.45057623508973421, -6.042206017375213456, 82.79259504862025665 ) ) ;
#2825 = CARTESIAN_POINT ( 'NONE',  ( -22.00000000000000000, -6.042206017372999227, -58.61996200337879515 ) ) ;
#2826 = CARTESIAN_POINT ( 'NONE',  ( -71.46669839058749574, 9.999999999999980460, 137.9613978004092303 ) ) ;
#2827 = CARTESIAN_POINT ( 'NONE',  ( 7.645935911960610731, -42.00093709181101076, 4.749920812102234713 ) ) ;
#2828 = PRODUCT_DEFINITION ( 'UNKNOWN', '', #4694, #4978 ) ;
#2829 = CARTESIAN_POINT ( 'NONE',  ( 20.36082540615130299, -32.29571161549034741, 26.62793936103274817 ) ) ;
#2830 = CARTESIAN_POINT ( 'NONE',  ( -9.179948989012672200, -41.81641118698128423, -9.180072348645209601 ) ) ;
#2831 = FACE_OUTER_BOUND ( 'NONE', #973, .T. ) ;
#2832 = ORIENTED_EDGE ( 'NONE', *, *, #4665, .F. ) ;
#2833 = CARTESIAN_POINT ( 'NONE',  ( -5.508042342385070178, -41.69806081896501126, 7.620011366621423754 ) ) ;
#2834 = ORIENTED_EDGE ( 'NONE', *, *, #3516, .F. ) ;
#2835 = CARTESIAN_POINT ( 'NONE',  ( -11.61215521754525071, -37.87360395253069356, 5.796269291410643731 ) ) ;
#2836 = CARTESIAN_POINT ( 'NONE',  ( 73.48038069014506846, -6.042206017375217009, 103.3479574509303376 ) ) ;
#2837 = CIRCLE ( 'NONE', #1222, 16.74500000000000099 ) ;
#2838 = CARTESIAN_POINT ( 'NONE',  ( -3.672001702001593149, -41.89111615275824363, 0.3062856917592672867 ) ) ;
#2839 = CARTESIAN_POINT ( 'NONE',  ( 190.4059769339629895, -6.042206017375301386, 3.661084664792495946 ) ) ;
#2840 = CARTESIAN_POINT ( 'NONE',  ( -22.00000000000000000, -42.30756013076910449, -5.181181809388050601E-15 ) ) ;
#2841 = CARTESIAN_POINT ( 'NONE',  ( 7.793223046373214835, -42.02313980636652246, -4.511454606730658234 ) ) ;
#2842 = CARTESIAN_POINT ( 'NONE',  ( -12.90389235640842003, -38.22066860129703514, 1.791447667858799830 ) ) ;
#2843 = CARTESIAN_POINT ( 'NONE',  ( 8.426691092983794817, -42.13288485159824859, 3.174531748784975349 ) ) ;
#2844 = CIRCLE ( 'NONE', #1744, 98.93283318597700315 ) ;
#2845 = EDGE_CURVE ( 'NONE', #4461, #3102, #99, .T. ) ;
#2846 = CARTESIAN_POINT ( 'NONE',  ( 110.6172451890447803, -57.95386985700431381, -48.43449037808966295 ) ) ;
#2847 = CARTESIAN_POINT ( 'NONE',  ( -9.180005109440665834, -42.29214137119175376, 0.9194804949377145542 ) ) ;
#2848 = AXIS2_PLACEMENT_3D ( 'NONE', #1268, #4204, #2037 ) ;
#2849 = CARTESIAN_POINT ( 'NONE',  ( 103.1449999999999960, -58.93658393131480011, 1.387778780781445991E-14 ) ) ;
#2850 = CARTESIAN_POINT ( 'NONE',  ( -22.00000000000000000, -6.042206017372999227, 58.61996199853950884 ) ) ;
#2851 = CARTESIAN_POINT ( 'NONE',  ( 32.11314229862978920, -6.042206017375300497, -88.88562287166864451 ) ) ;
#2852 = CARTESIAN_POINT ( 'NONE',  ( -4.500489974407376970, -37.62080656854831773, -7.799545845500212238 ) ) ;
#2853 = CARTESIAN_POINT ( 'NONE',  ( 20.34536719873065280, -38.09024766049640220, -5.834977158582510093 ) ) ;
#2854 = COORDINATED_UNIVERSAL_TIME_OFFSET ( 5, 0, .AHEAD. ) ;
#2855 = EDGE_LOOP ( 'NONE', ( #751, #507 ) ) ;
#2856 = CARTESIAN_POINT ( 'NONE',  ( 103.1449999999998965, -58.93658393131480722, -33.48999999999982435 ) ) ;
#2857 = FACE_OUTER_BOUND ( 'NONE', #2622, .T. ) ;
#2858 = CARTESIAN_POINT ( 'NONE',  ( 20.36082540615130299, -11.27713467053115970, 50.82238809104900668 ) ) ;
#2859 = FACE_OUTER_BOUND ( 'NONE', #387, .T. ) ;
#2860 = CARTESIAN_POINT ( 'NONE',  ( -5.508006245906901022, -41.96795418391709376, 1.124011572018925431 ) ) ;
#2861 = EDGE_LOOP ( 'NONE', ( #3879, #1959 ) ) ;
#2862 = CARTESIAN_POINT ( 'NONE',  ( 9.179998297799375706, -42.31469511203059142, 0.3063571067765188949 ) ) ;
#2863 = EDGE_LOOP ( 'NONE', ( #1393, #1860, #4895, #4409 ) ) ;
#2864 = CARTESIAN_POINT ( 'NONE',  ( -7.874526948246212577, -37.22497208334941377, 10.31466541793079905 ) ) ;
#2865 = CARTESIAN_POINT ( 'NONE',  ( 5.508046676572454281, -41.64574234799878383, -8.400001049052026048 ) ) ;
#2866 = CARTESIAN_POINT ( 'NONE',  ( 18.74757609822827931, -42.24943900729414992, -1.580255940616882793 ) ) ;
#2867 = CARTESIAN_POINT ( 'NONE',  ( 161.6100166727189844, -6.042206017375257865, 71.83801040662592641 ) ) ;
#2868 = CARTESIAN_POINT ( 'NONE',  ( 21.41785255694848900, -6.042206017375296057, -81.21269611195907601 ) ) ;
#2869 = CARTESIAN_POINT ( 'NONE',  ( -11.63196383084670416, -37.87096542094595009, 5.820494752484576928 ) ) ;
#2870 = CARTESIAN_POINT ( 'NONE',  ( -7.643596997330779352, -42.00022487240286750, 4.760539103258762061 ) ) ;
#2871 = CARTESIAN_POINT ( 'NONE',  ( 12.90107823330493275, -38.22463790601428713, 1.724005354598582951 ) ) ;
#2872 = CARTESIAN_POINT ( 'NONE',  ( 7.343988453265270167, -42.08122616298213359, 2.077995540172650646 ) ) ;
#2873 = CARTESIAN_POINT ( 'NONE',  ( 110.6172451890449935, -57.95386985700429960, 0.000000000000000000 ) ) ;
#2874 = CARTESIAN_POINT ( 'NONE',  ( 54.88684423297713266, -56.13001623236041127, -6.288430610461233557E-16 ) ) ;
#2875 = ADVANCED_FACE ( 'NONE', ( #3723, #5355 ), #3295, .F. ) ;
#2876 = CARTESIAN_POINT ( 'NONE',  ( -12.99495676117195764, -38.26802162074011449, 0.9323984954243936807 ) ) ;
#2877 = CARTESIAN_POINT ( 'NONE',  ( -8.071125991279496148, -38.05359850224818530, -3.993010964958445541 ) ) ;
#2878 = CARTESIAN_POINT ( 'NONE',  ( 18.32173300881392208, -34.63307224963323705, -20.35292093998019425 ) ) ;
#2879 = EDGE_LOOP ( 'NONE', ( #489, #3789, #2065, #3068 ) ) ;
#2880 = EDGE_CURVE ( 'NONE', #1508, #536, #3930, .T. ) ;
#2881 = CARTESIAN_POINT ( 'NONE',  ( 20.13203320690989884, -38.31026286157670313, -0.1470188481355546029 ) ) ;
#2882 = B_SPLINE_SURFACE_WITH_KNOTS ( 'NONE', 3, 1, ( 
 ( #2061, #4129 ),
 ( #5455, #2858 ),
 ( #4228, #695 ),
 ( #2905, #3377 ),
 ( #296, #323 ),
 ( #1225, #2829 ),
 ( #4561, #1667 ),
 ( #3784, #747 ),
 ( #5504, #1642 ),
 ( #2404, #5038 ) ),
 .UNSPECIFIED., .F., .F., .F.,
 ( 4, 2, 2, 2, 4 ),
 ( 2, 2 ),
 ( 0.000000000000000000, 0.2500000000000000000, 0.5000000000000000000, 0.7500000000000000000, 1.000000000000000000 ),
 ( 0.000000000000000000, 1.000000000000000000 ),
 .UNSPECIFIED. ) ;
#2883 = CARTESIAN_POINT ( 'NONE',  ( 1.831865837722733259, -8.519517300663279613, 57.20796869862483902 ) ) ;
#2884 = CARTESIAN_POINT ( 'NONE',  ( 3.672046676600888127, -41.56765029199235784, -8.400011251197348372 ) ) ;
#2885 = CARTESIAN_POINT ( 'NONE',  ( 5.507993753922505675, -41.96795358764842376, 1.124072784890855159 ) ) ;
#2886 = CARTESIAN_POINT ( 'NONE',  ( 9.179988453236818557, -42.24575219287115146, 2.078005742317972970 ) ) ;
#2887 = ORIENTED_EDGE ( 'NONE', *, *, #2549, .F. ) ;
#2888 = DIRECTION ( 'NONE',  ( 0.000000000000000000, -5.078222490274107526E-16, -1.000000000000000000 ) ) ;
#2889 = ADVANCED_FACE ( 'NONE', ( #4082 ), #3665, .F. ) ;
#2890 = CARTESIAN_POINT ( 'NONE',  ( 179.6338914438298389, -6.042206017375279181, 46.09469088396587466 ) ) ;
#2891 = CARTESIAN_POINT ( 'NONE',  ( 95.29188669528397782, -6.042206017375328031, -103.6253880361634003 ) ) ;
#2892 = CARTESIAN_POINT ( 'NONE',  ( 20.36082540615130299, -23.68619686104764810, 39.70994965335955840 ) ) ;
#2893 = CARTESIAN_POINT ( 'NONE',  ( 5.131119223686044784, -41.70985580369718804, 7.395510517189014976 ) ) ;
#2894 = AXIS2_PLACEMENT_3D ( 'NONE', #3883, #1798, #1446 ) ;
#2895 = CARTESIAN_POINT ( 'NONE',  ( 9.752251458258893280, -37.51385676491651822, 8.540515757740516634 ) ) ;
#2896 = CARTESIAN_POINT ( 'NONE',  ( 7.344005109469068593, -42.10820935157232014, -0.9194906970830430959 ) ) ;
#2897 = CARTESIAN_POINT ( 'NONE',  ( 12.18996091247786318, -28.15205036719281040, -40.24124937646044486 ) ) ;
#2898 = CARTESIAN_POINT ( 'NONE',  ( -18.00000000000000000, -6.042206017372994786, 53.98290812280554718 ) ) ;
#2899 = CARTESIAN_POINT ( 'NONE',  ( 7.950380629059450754, -37.22408307122557147, 10.32066761712820302 ) ) ;
#2900 = CARTESIAN_POINT ( 'NONE',  ( -12.99840399442346062, -38.31026286157670313, 0.07350942406776220239 ) ) ;
#2901 = CARTESIAN_POINT ( 'NONE',  ( -22.00000000000000000, -6.042206017373979776, 58.61996200337829777 ) ) ;
#2902 = ORIENTED_EDGE ( 'NONE', *, *, #4248, .F. ) ;
#2903 = DIRECTION ( 'NONE',  ( -1.000000000000000000, 1.501116738099047975E-16, 0.000000000000000000 ) ) ;
#2904 = ADVANCED_FACE ( 'NONE', ( #4022 ), #1939, .F. ) ;
#2905 = CARTESIAN_POINT ( 'NONE',  ( -18.00000000000000000, -23.68619686104764810, 39.70994965335955840 ) ) ;
#2906 = CARTESIAN_POINT ( 'NONE',  ( 185.3328331859800073, -6.042206017369109006, 4.163336342344334502E-14 ) ) ;
#2907 = CARTESIAN_POINT ( 'NONE',  ( -3.672005109525966038, -41.88319390030806488, 0.9195111013736793071 ) ) ;
#2908 = CARTESIAN_POINT ( 'NONE',  ( 3.671998865237487752, -41.88910478186475217, 0.2042244683239155256 ) ) ;
#2909 = ORIENTED_EDGE ( 'NONE', *, *, #3066, .T. ) ;
#2910 = CARTESIAN_POINT ( 'NONE',  ( 23.13850053261344897, -58.99259783589939588, -3.625970439761834165E-15 ) ) ;
#2911 = CARTESIAN_POINT ( 'NONE',  ( 182.6453020950478390, -6.042206017375280958, 39.53494513348702100 ) ) ;
#2912 = CARTESIAN_POINT ( 'NONE',  ( 19.45840920611401614, -6.042206017375290728, -79.62280697657485007 ) ) ;
#2913 = CARTESIAN_POINT ( 'NONE',  ( -18.00000000000000000, -15.84325058705650058, -47.33309916941539797 ) ) ;
#2914 = CARTESIAN_POINT ( 'NONE',  ( 2.340896608653964872, -41.53135840178090632, 8.710303913994067671 ) ) ;
#2915 = CARTESIAN_POINT ( 'NONE',  ( 2.974410461583242071, -36.78058760762045409, 12.59834187687948415 ) ) ;
#2916 = CARTESIAN_POINT ( 'NONE',  ( 3.672001702001563395, -41.89111615312409498, -0.3062856917592762240 ) ) ;
#2917 = CARTESIAN_POINT ( 'NONE',  ( 110.6172451890451356, -57.95386985700427118, 14.30498233254013307 ) ) ;
#2918 = CARTESIAN_POINT ( 'NONE',  ( 62.18275481095494683, -57.95386985700420723, 3.827740371585098237E-16 ) ) ;
#2919 = CIRCLE ( 'NONE', #4640, 16.74500000000000099 ) ;
#2920 = CARTESIAN_POINT ( 'NONE',  ( 4.216036697491239771, -36.84220867071736194, 12.30469028439630641 ) ) ;
#2921 = CARTESIAN_POINT ( 'NONE',  ( -0.5744567284021339093, -37.44468431734125602, -8.986564022600262547 ) ) ;
#2922 = CARTESIAN_POINT ( 'NONE',  ( -18.00000000000000000, -32.29571161549034741, -26.62793936103274817 ) ) ;
#2923 = B_SPLINE_CURVE_WITH_KNOTS ( 'NONE', 3,
 ( #3698, #760, #4197, #5495, #2492, #4219, #359, #5231, #1789, #1261, #3845, #5203, #2965, #862, #5567, #2150, #1703, #1285, #4751, #3077, #3900, #2626, #2988, #5173, #1759, #1316, #69, #3872, #4723, #3821, #2568, #3507, #3050, #4295, #10, #2540, #949, #409, #1344, #3417, #1374, #39, #434, #3480, #4698, #5146, #1730, #2177 ),
 .UNSPECIFIED., .F., .F.,
 ( 4, 2, 2, 2, 2, 2, 2, 2, 2, 2, 2, 2, 2, 2, 2, 2, 2, 2, 2, 2, 2, 2, 2, 4 ),
 ( 1.433179746754276174E-18, 0.002542643071596859330, 0.003813964607395288996, 0.005085286143193719528, 0.007627929214790575389, 0.008899250750589005055, 0.01017057228638743385, 0.01271321535798429318, 0.01398453689378272545, 0.01525585842958115425, 0.01652717996537958478, 0.01779850150117801705, 0.02034114457277487811, 0.02161246610857331038, 0.02288378764437174612, 0.02542643071596861065, 0.02669775225176704292, 0.02796907378756547866, 0.03051171685916233972, 0.03305435993075921119, 0.03432568146655764346, 0.03559700300235607573, 0.03813964607395294720, 0.04068228914554981174 ),
 .UNSPECIFIED. ) ;
#2924 = FACE_OUTER_BOUND ( 'NONE', #2863, .T. ) ;
#2925 = CIRCLE ( 'NONE', #5094, 98.93283318597700315 ) ;
#2926 = ORIENTED_EDGE ( 'NONE', *, *, #1361, .F. ) ;
#2927 = CARTESIAN_POINT ( 'NONE',  ( -5.939394228022271349, -37.75610257844322604, -6.787925838630989084 ) ) ;
#2928 = CARTESIAN_POINT ( 'NONE',  ( 9.208829813743212966, -22.31090597220307714, 46.70557286528404717 ) ) ;
#2929 = EDGE_CURVE ( 'NONE', #4185, #2103, #1384, .T. ) ;
#2930 = CARTESIAN_POINT ( 'NONE',  ( 5.508051010759867694, -41.58978407722752735, -9.179990731482631006 ) ) ;
#2931 = CARTESIAN_POINT ( 'NONE',  ( -7.344021011355524209, -42.01819183912317612, 3.781228356492460474 ) ) ;
#2932 = CARTESIAN_POINT ( 'NONE',  ( 9.179996594037186597, -42.30370506477028414, 0.6129698115837249883 ) ) ;
#2933 = ORIENTED_EDGE ( 'NONE', *, *, #5497, .T. ) ;
#2934 = CARTESIAN_POINT ( 'NONE',  ( 18.47851342056611657, -41.85648395214699491, -6.302079596094928071 ) ) ;
#2935 = CARTESIAN_POINT ( 'NONE',  ( 137.6226586203497106, -6.042206017375243654, 90.54115719492352810 ) ) ;
#2936 = CARTESIAN_POINT ( 'NONE',  ( 161.4482232261415788, -6.042206017375333360, -72.00699869056451519 ) ) ;
#2937 = CARTESIAN_POINT ( 'NONE',  ( 20.36082540615130299, -32.29571161549034741, 26.62793936103274817 ) ) ;
#2938 = CARTESIAN_POINT ( 'NONE',  ( -8.941569456212658196, -42.25797699056728618, 1.184215616387587433 ) ) ;
#2939 = DIRECTION ( 'NONE',  ( 1.000000000000000000, 0.000000000000000000, 0.000000000000000000 ) ) ;
#2940 = CARTESIAN_POINT ( 'NONE',  ( 6.245992168675559985E-06, -41.78975016829365785, -1.124042178454897067 ) ) ;
#2941 = CARTESIAN_POINT ( 'NONE',  ( 3.143783392641316343, -10.93998891340866209, 55.68523084699857861 ) ) ;
#2942 = CYLINDRICAL_SURFACE ( 'NONE', #324, 13.00000000000000000 ) ;
#2943 = CARTESIAN_POINT ( 'NONE',  ( -11.22682310912777304, -37.78314118236261265, 6.568042676641265842 ) ) ;
#2944 = CARTESIAN_POINT ( 'NONE',  ( -0.2794629202917650046, -37.44249626284177168, -9.000469525883255884 ) ) ;
#2945 = DIRECTION ( 'NONE',  ( -1.000000000000000000, 1.490420224606776581E-16, 0.000000000000000000 ) ) ;
#2946 = CARTESIAN_POINT ( 'NONE',  ( -7.343948989041104269, -41.69036013678056207, -9.180062146499889053 ) ) ;
#2947 = EDGE_LOOP ( 'NONE', ( #1811, #1362 ) ) ;
#2948 = EDGE_CURVE ( 'NONE', #3861, #3424, #3460, .T. ) ;
#2949 = CARTESIAN_POINT ( 'NONE',  ( 18.00167271112637124, -33.90767862203537675, -22.36151038148295100 ) ) ;
#2950 = CARTESIAN_POINT ( 'NONE',  ( 18.46269965148495373, -34.95335303226374890, 19.44688963337216236 ) ) ;
#2951 = CARTESIAN_POINT ( 'NONE',  ( 17.76646193702536181, -33.38102390654465523, -23.67160685290986422 ) ) ;
#2952 = CARTESIAN_POINT ( 'NONE',  ( 128.8485295163892204, -33.22972007004630512, 73.62341040694580840 ) ) ;
#2953 = CARTESIAN_POINT ( 'NONE',  ( -3.672011546564143192, -41.86434211302899655, 2.077934327300721140 ) ) ;
#2954 = CARTESIAN_POINT ( 'NONE',  ( 7.343993753894062060, -42.10689525742388639, 1.124082987036177039 ) ) ;
#2955 = VERTEX_POINT ( 'NONE', #354 ) ;
#2956 = CARTESIAN_POINT ( 'NONE',  ( 69.65500000000015746, -58.93658393131480722, -33.48999999999976040 ) ) ;
#2957 = CARTESIAN_POINT ( 'NONE',  ( 114.8309976336768301, -6.042206017375334248, -100.0446113131754942 ) ) ;
#2958 = CARTESIAN_POINT ( 'NONE',  ( -18.00000000000000000, -15.84325058705650058, 47.33309916941549744 ) ) ;
#2959 = VERTEX_POINT ( 'NONE', #1677 ) ;
#2960 = CARTESIAN_POINT ( 'NONE',  ( -0.2896868972513361173, -41.48877806735324469, 9.000223135540005970 ) ) ;
#2961 = CARTESIAN_POINT ( 'NONE',  ( -12.29544994587105755, -38.03478636456834039, 4.241741757634646781 ) ) ;
#2962 = ADVANCED_FACE ( 'NONE', ( #5115 ), #4607, .F. ) ;
#2963 = CARTESIAN_POINT ( 'NONE',  ( -3.671994890360334995, -41.88319309264451107, -0.9195519099549736008 ) ) ;
#2964 = CARTESIAN_POINT ( 'NONE',  ( -71.46669839058749574, -70.00000000000000000, -137.7671940876994938 ) ) ;
#2965 = CARTESIAN_POINT ( 'NONE',  ( 9.495271487230038332, -37.46052857905883826, 8.889191409816440625 ) ) ;
#2966 = CARTESIAN_POINT ( 'NONE',  ( 86.40000000000000568, -64.66763823405520384, 0.000000000000000000 ) ) ;
#2967 = CARTESIAN_POINT ( 'NONE',  ( -9.000000000028256508, -42.30661043242390207, 0.1490250659397832911 ) ) ;
#2968 = CARTESIAN_POINT ( 'NONE',  ( -17.60597693396296748, -6.042206017372975246, -208.0119538679261098 ) ) ;
#2969 = VECTOR ( 'NONE', #701, 1000.000000000000000 ) ;
#2970 = CARTESIAN_POINT ( 'NONE',  ( 185.3328331859785010, -6.042206017371060334, 1.211577774917876053E-14 ) ) ;
#2971 = EDGE_LOOP ( 'NONE', ( #3549, #2014 ) ) ;
#2972 = CARTESIAN_POINT ( 'NONE',  ( 226.6457644257072843, -6.042206017375317373, 137.9613978004092303 ) ) ;
#2973 = CARTESIAN_POINT ( 'NONE',  ( -3.709089493005392146, -37.56284714288648985, -8.205475939734149904 ) ) ;
#2974 = CARTESIAN_POINT ( 'NONE',  ( -8.528903088012558698, -37.31736395709852161, 9.784796106422810169 ) ) ;
#2975 = CARTESIAN_POINT ( 'NONE',  ( 18.42274672510727385, -34.86359414897515308, -19.67742451850964969 ) ) ;
#2976 = CARTESIAN_POINT ( 'NONE',  ( 96.11412129959387585, -58.93658393131474327, 16.84832778263185915 ) ) ;
#2977 = CARTESIAN_POINT ( 'NONE',  ( -9.180003405678478501, -42.30370947905574752, 0.6128677901305084053 ) ) ;
#2978 = CARTESIAN_POINT ( 'NONE',  ( 7.344001134591883861, -42.10616211150965427, -0.2041632554519947629 ) ) ;
#2979 = ORIENTED_EDGE ( 'NONE', *, *, #5177, .T. ) ;
#2980 = CARTESIAN_POINT ( 'NONE',  ( 3.715326732920717578, -41.60306826835063987, -8.202669985009915621 ) ) ;
#2981 = CARTESIAN_POINT ( 'NONE',  ( 161.4796003430334395, -6.042206017375333360, -71.97428225874661223 ) ) ;
#2982 = CARTESIAN_POINT ( 'NONE',  ( -8.763425056053653961, -42.20779382259517121, 2.055361693402022905 ) ) ;
#2983 = CARTESIAN_POINT ( 'NONE',  ( 54.88684423297736714, -56.13001623236052495, -63.02631153404517761 ) ) ;
#2984 = FACE_OUTER_BOUND ( 'NONE', #3767, .T. ) ;
#2985 = CARTESIAN_POINT ( 'NONE',  ( 1.180412703075659930, -6.042206017373009885, 53.98290812280549744 ) ) ;
#2986 = CARTESIAN_POINT ( 'NONE',  ( 7.343998865180619617, -42.10617315468100230, 0.2042448726145588422 ) ) ;
#2987 = CARTESIAN_POINT ( 'NONE',  ( 16.28455695267264858, -36.82661910103986003, 25.79907926125594031 ) ) ;
#2988 = CARTESIAN_POINT ( 'NONE',  ( 2.987501993607653450, -36.76772144345349602, 12.65930748850978560 ) ) ;
#2989 = CARTESIAN_POINT ( 'NONE',  ( 19.07334698233634995, -40.88189669053594599, -38.76238080152555199 ) ) ;
#2990 = ADVANCED_FACE ( 'NONE', ( #2984 ), #4408, .F. ) ;
#2991 = CARTESIAN_POINT ( 'NONE',  ( -5.007853741518798252, -41.69763285048120594, 7.495221435106618202 ) ) ;
#2992 = CARTESIAN_POINT ( 'NONE',  ( 73.65499999999991587, -63.39640923772795134, -25.49000000000009081 ) ) ;
#2993 = CARTESIAN_POINT ( 'NONE',  ( -5.600455814370381979, -41.75337542051632056, -7.046864324533411938 ) ) ;
#2994 = LINE ( 'NONE', #5123, #392 ) ;
#2995 = EDGE_LOOP ( 'NONE', ( #3836, #1355 ) ) ;
#2996 = CLOSED_SHELL ( 'NONE', ( #5384, #5432, #3897, #5326, #4038, #5281, #2904, #2300, #3186, #4485, #2738, #3350, #2426, #4513, #1666, #5541, #5360, #4468, #792, #1799, #1353, #526, #1253, #1215, #2875, #771 ) ) ;
#2997 = CARTESIAN_POINT ( 'NONE',  ( 1.172683599365326179, -6.042206017372999227, -53.98290812280549744 ) ) ;
#2998 = CARTESIAN_POINT ( 'NONE',  ( 69.65500000000000114, -58.93658393131480011, 0.000000000000000000 ) ) ;
#2999 = B_SPLINE_CURVE_WITH_KNOTS ( 'NONE', 3,
 ( #3625, #278, #5348, #1601, #4164, #303, #2016, #3742, #5464, #5477, #1198, #5005, #2363, #5034, #263, #1115, #1175, #2878, #4943, #1918, #686, #4974, #4553, #317 ),
 .UNSPECIFIED., .F., .F.,
 ( 4, 2, 2, 2, 2, 2, 2, 2, 2, 2, 2, 4 ),
 ( 5.900336203592303786E-16, 0.008463394458080052141, 0.01692678891615951448, 0.02539018337423898028, 0.02750603198875884933, 0.02962188060327871839, 0.03385357783231845996, 0.04231697229039789454, 0.04654866951943762571, 0.04866451813395748088, 0.05078036674847733606, 0.06770715566463622603 ),
 .UNSPECIFIED. ) ;
#3000 = CIRCLE ( 'NONE', #5267, 12.99803161225499970 ) ;
#3001 = CARTESIAN_POINT ( 'NONE',  ( -3.336973297844470832, -36.79525272577237871, 12.52962396072490669 ) ) ;
#3002 = ORIENTED_EDGE ( 'NONE', *, *, #2020, .F. ) ;
#3003 = CARTESIAN_POINT ( 'NONE',  ( 18.74757609822827220, -42.24943900729414281, -1.580255940616895449 ) ) ;
#3004 = VECTOR ( 'NONE', #2446, 1000.000000000000000 ) ;
#3005 = CARTESIAN_POINT ( 'NONE',  ( 112.9674345654848651, -50.78462308660635927, 46.07898461404099777 ) ) ;
#3006 = CARTESIAN_POINT ( 'NONE',  ( 5.508003405735315106, -41.96905124367469142, -0.6128881944211597155 ) ) ;
#3007 = CARTESIAN_POINT ( 'NONE',  ( 7.344001701944698368, -42.11316865321070679, -0.3062652874686329074 ) ) ;
#3008 = ORIENTED_EDGE ( 'NONE', *, *, #4346, .F. ) ;
#3009 = CARTESIAN_POINT ( 'NONE',  ( -18.00000000000000000, -6.042206017372994786, 53.98290812280554718 ) ) ;
#3010 = CARTESIAN_POINT ( 'NONE',  ( 186.2672200555257689, -6.042206017375317373, -29.20119284836282603 ) ) ;
#3011 = CARTESIAN_POINT ( 'NONE',  ( -2.895211165830694711, -41.55574634022003977, 8.542061613814654564 ) ) ;
#3012 = CARTESIAN_POINT ( 'NONE',  ( -22.00000000000000000, -6.042206017373979776, 58.61996200337829777 ) ) ;
#3013 = ORIENTED_EDGE ( 'NONE', *, *, #2169, .F. ) ;
#3014 = CARTESIAN_POINT ( 'NONE',  ( 23.13850053261343831, -58.99259783589941009, -126.5229989347731561 ) ) ;
#3015 = CARTESIAN_POINT ( 'NONE',  ( -11.61215521754525071, -37.87360395253069356, 5.796269291410643731 ) ) ;
#3016 = CARTESIAN_POINT ( 'NONE',  ( -3.671978988473910022, -41.81616949220065749, -3.781289569364393977 ) ) ;
#3017 = CARTESIAN_POINT ( 'NONE',  ( 12.03677388591628095, -38.30840103693655152, 0.02050511841944360064 ) ) ;
#3018 = CARTESIAN_POINT ( 'NONE',  ( -8.697710430906264278, -42.19093338049966491, -2.332075982718690543 ) ) ;
#3019 = CYLINDRICAL_SURFACE ( 'NONE', #4879, 16.74499999999999744 ) ;
#3020 = CARTESIAN_POINT ( 'NONE',  ( -5.507983152664914783, -41.92983744892937636, -3.031897891163808367 ) ) ;
#3021 = CARTESIAN_POINT ( 'NONE',  ( 6.769217468203624577, -41.88146356646399937, 5.938422598160995491 ) ) ;
#3022 = DIRECTION ( 'NONE',  ( -1.000000000000000000, 1.501116738099047975E-16, -8.881784197001251337E-16 ) ) ;
#3023 = CARTESIAN_POINT ( 'NONE',  ( -0.5957157580385853413, -41.49101828938494663, -8.985167972132966696 ) ) ;
#3024 = CARTESIAN_POINT ( 'NONE',  ( -5.507953323256950640, -41.64573389326320552, -8.400062261923958218 ) ) ;
#3025 = EDGE_CURVE ( 'NONE', #1127, #2959, #1053, .T. ) ;
#3026 = ORIENTED_EDGE ( 'NONE', *, *, #685, .T. ) ;
#3027 = CARTESIAN_POINT ( 'NONE',  ( -8.697710430906264278, -42.19093338049966491, -2.332075982718690543 ) ) ;
#3028 = CARTESIAN_POINT ( 'NONE',  ( -9.511568403844728536E-15, -63.39640923772800818, 0.000000000000000000 ) ) ;
#3029 = LINE ( 'NONE', #535, #3425 ) ;
#3030 = EDGE_CURVE ( 'NONE', #4989, #3591, #2295, .T. ) ;
#3031 = EDGE_LOOP ( 'NONE', ( #567, #4092, #5248, #1098, #16 ) ) ;
#3032 = CARTESIAN_POINT ( 'NONE',  ( 18.03764526497329967, -40.94908700361595066, -12.50909095040615782 ) ) ;
#3033 = CARTESIAN_POINT ( 'NONE',  ( 56.72121492063480730, -6.042206017375215232, 99.68157043719833155 ) ) ;
#3034 = B_SPLINE_SURFACE_WITH_KNOTS ( 'NONE', 3, 1, ( 
 ( #497, #4781 ),
 ( #863, #2627 ),
 ( #4357, #3931 ),
 ( #1790, #3508 ),
 ( #5232, #1375 ),
 ( #3078, #4514 ),
 ( #585, #4481 ),
 ( #3109, #1968 ),
 ( #3236, #1465 ),
 ( #1075, #644 ) ),
 .UNSPECIFIED., .F., .F., .F.,
 ( 4, 2, 2, 2, 4 ),
 ( 2, 2 ),
 ( 0.000000000000000000, 0.2500000000000000000, 0.5000000000000000000, 0.7500000000000000000, 1.000000000000000000 ),
 ( 0.000000000000000000, 1.000000000000000000 ),
 .UNSPECIFIED. ) ;
#3035 = CARTESIAN_POINT ( 'NONE',  ( 54.89384660698920015, -56.13001623236039705, -0.6642926860360910402 ) ) ;
#3036 = CARTESIAN_POINT ( 'NONE',  ( 5.507999999914684253, -41.99430005132508370, 3.060643596046598813E-05 ) ) ;
#3037 = CARTESIAN_POINT ( 'NONE',  ( -5.507993753922534985, -41.96795358722093283, -1.124072784890862042 ) ) ;
#3038 = VERTEX_POINT ( 'NONE', #886 ) ;
#3039 = CARTESIAN_POINT ( 'NONE',  ( 2.333818746391915777, -41.53109794386652709, -8.712022844984577574 ) ) ;
#3040 = CARTESIAN_POINT ( 'NONE',  ( 148.4917716209239700, -6.042206017375333360, -83.43773494094868681 ) ) ;
#3041 = CARTESIAN_POINT ( 'NONE',  ( 26.92140908143025158, -6.042206017369097459, 98.31135985159349389 ) ) ;
#3042 = CARTESIAN_POINT ( 'NONE',  ( 7.167298334596688747, -37.90964474669562634, -5.474960255844161239 ) ) ;
#3043 = ORIENTED_EDGE ( 'NONE', *, *, #3830, .T. ) ;
#3044 = B_SPLINE_CURVE_WITH_KNOTS ( 'NONE', 2,
 ( #3323, #1141, #1612 ),
 .UNSPECIFIED., .F., .F.,
 ( 3, 3 ),
 ( 0.001208225356028573864, 0.7334610202777239740 ),
 .UNSPECIFIED. ) ;
#3045 = DIRECTION ( 'NONE',  ( -1.000000000000000000, 0.000000000000000000, 0.000000000000000000 ) ) ;
#3046 = CARTESIAN_POINT ( 'NONE',  ( -8.998799112008940781, -38.31026286157670313, 0.1470188481355286236 ) ) ;
#3047 = CARTESIAN_POINT ( 'NONE',  ( 9.180038008140764205, -41.98503258754270462, -6.840001279900170594 ) ) ;
#3048 = ADVANCED_FACE ( 'NONE', ( #1368 ), #5563, .F. ) ;
#3049 = CARTESIAN_POINT ( 'NONE',  ( 5.045374314826911011, -14.47149713503927160, 53.19996690116120419 ) ) ;
#3050 = CARTESIAN_POINT ( 'NONE',  ( -5.723560739628822169, -36.96868988163262060, 11.67997568658576135 ) ) ;
#3051 = CARTESIAN_POINT ( 'NONE',  ( 19.07334698233634995, -6.042206017373970006, -58.61996200337829777 ) ) ;
#3052 = CARTESIAN_POINT ( 'NONE',  ( -3.671970490067058890, -41.75190379149490383, -5.310681132140907756 ) ) ;
#3053 = CARTESIAN_POINT ( 'NONE',  ( -8.882422376900043659, -42.24113918575491056, 1.479653921939670047 ) ) ;
#3054 = CARTESIAN_POINT ( 'NONE',  ( -22.00000000000000355, -6.042206020203176209, -58.61996200015260428 ) ) ;
#3055 = CARTESIAN_POINT ( 'NONE',  ( 8.999999999999992895, -42.28567507404407877, -0.5950330763198534711 ) ) ;
#3056 = CARTESIAN_POINT ( 'NONE',  ( -7.344046676544051522, -41.74793702368555159, 8.399990846906709052 ) ) ;
#3057 = CARTESIAN_POINT ( 'NONE',  ( -71.46669839058749574, 9.999999999999980460, -137.7671940876994938 ) ) ;
#3058 = FACE_OUTER_BOUND ( 'NONE', #4255, .T. ) ;
#3059 = CARTESIAN_POINT ( 'NONE',  ( -71.46669839058749574, -6.042206017375200133, 137.9613978004092303 ) ) ;
#3060 = VECTOR ( 'NONE', #3458, 1000.000000000000000 ) ;
#3061 = ORIENTED_EDGE ( 'NONE', *, *, #3788, .F. ) ;
#3062 = CARTESIAN_POINT ( 'NONE',  ( 5.507948989069507917, -41.58977544985609853, 9.180051944354566729 ) ) ;
#3063 = CARTESIAN_POINT ( 'NONE',  ( 148.5291947491404301, -6.042206017375248983, 83.40987312581908952 ) ) ;
#3064 = CARTESIAN_POINT ( 'NONE',  ( 19.11483119594132063, -38.48506133258115369, 37.85480819799125385 ) ) ;
#3065 = CARTESIAN_POINT ( 'NONE',  ( -3.671996594122520996, -41.88853499518947388, -0.6129392051477680070 ) ) ;
#3066 = EDGE_CURVE ( 'NONE', #4494, #4440, #3502, .T. ) ;
#3067 = CARTESIAN_POINT ( 'NONE',  ( -3.671988453322156509, -41.86434037993402768, -2.077975135882013102 ) ) ;
#3068 = ORIENTED_EDGE ( 'NONE', *, *, #3940, .F. ) ;
#3069 = CARTESIAN_POINT ( 'NONE',  ( 6.153669097783160069, -41.81004026984589217, -6.574180257955132056 ) ) ;
#3070 = CARTESIAN_POINT ( 'NONE',  ( 7.156838644002446514, -41.93001929965763708, 5.489174956065975053 ) ) ;
#3071 = CARTESIAN_POINT ( 'NONE',  ( 2.914237793221814865, -37.51628721578812531, -8.520218693467809246 ) ) ;
#3072 = FACE_OUTER_BOUND ( 'NONE', #402, .T. ) ;
#3073 = ORIENTED_EDGE ( 'NONE', *, *, #3933, .T. ) ;
#3074 = DIRECTION ( 'NONE',  ( -1.000000000000000000, 0.000000000000000000, 0.000000000000000000 ) ) ;
#3075 = CARTESIAN_POINT ( 'NONE',  ( -5.507988453293719111, -41.96221732396912074, -2.077985338027335427 ) ) ;
#3076 = CARTESIAN_POINT ( 'NONE',  ( -8.484659204490414552, -38.13362835366428527, 3.016079747435091996 ) ) ;
#3077 = CARTESIAN_POINT ( 'NONE',  ( 4.613878769739194752, -36.87187886636134948, 12.16102340663195669 ) ) ;
#3078 = CARTESIAN_POINT ( 'NONE',  ( -18.00000000000000000, -26.96475769767874908, -35.57686982298324807 ) ) ;
#3079 = CARTESIAN_POINT ( 'NONE',  ( 9.180016847107614453, -42.20095491693643908, -3.031816274001235101 ) ) ;
#3080 = CARTESIAN_POINT ( 'NONE',  ( -22.00000000000000000, -6.042206017373970006, -58.61996200337829777 ) ) ;
#3081 = CARTESIAN_POINT ( 'NONE',  ( 2.339016405248373509, -41.53341710587686464, 8.695754458222708649 ) ) ;
#3082 = CARTESIAN_POINT ( 'NONE',  ( 4.877850758413698529, -41.68813646077200730, -7.564934346352965022 ) ) ;
#3083 = CARTESIAN_POINT ( 'NONE',  ( 7.343948989041074960, -41.69036013684582542, 9.180062146499892606 ) ) ;
#3084 = B_SPLINE_SURFACE_WITH_KNOTS ( 'NONE', 2, 1, ( 
 ( #3012, #4 ),
 ( #4746, #1724 ),
 ( #3866, #32 ) ),
 .UNSPECIFIED., .F., .F., .F.,
 ( 3, 3 ),
 ( 2, 2 ),
 ( 0.07696326179983789539, 1.000000000000000000 ),
 ( 0.000000000000000000, 1.000000000000000000 ),
 .UNSPECIFIED. ) ;
#3085 = CARTESIAN_POINT ( 'NONE',  ( 179.0824426214868765, -13.94371515320614918, 54.74696621714786460 ) ) ;
#3086 = DIRECTION ( 'NONE',  ( 1.000000000000000000, 0.000000000000000000, 0.000000000000000000 ) ) ;
#3087 = CARTESIAN_POINT ( 'NONE',  ( 3.493117819995029016, -6.042206017372022231, 53.98290812280603745 ) ) ;
#3088 = CARTESIAN_POINT ( 'NONE',  ( -18.00000000000000000, -6.042206017372999227, -31.95317545291229777 ) ) ;
#3089 = AXIS2_PLACEMENT_3D ( 'NONE', #4552, #2729, #3578 ) ;
#3090 = ORIENTED_EDGE ( 'NONE', *, *, #685, .F. ) ;
#3091 = CARTESIAN_POINT ( 'NONE',  ( -5.508005109497532636, -41.97117035294004950, 0.9195008992283580929 ) ) ;
#3092 = CARTESIAN_POINT ( 'NONE',  ( 40.14126525621500008, -6.042206017375209903, 93.15397307672597549 ) ) ;
#3093 = AXIS2_PLACEMENT_3D ( 'NONE', #1590, #1506, #2450 ) ;
#3094 = CARTESIAN_POINT ( 'NONE',  ( -8.941524415943282733, -42.25811821645623922, -1.180301402435229852 ) ) ;
#3095 = CARTESIAN_POINT ( 'NONE',  ( -3.672003405763780481, -41.88853576663195355, 0.6128983965664731581 ) ) ;
#3096 = CARTESIAN_POINT ( 'NONE',  ( 3.672001134648748444, -41.88910343578137230, -0.2041836597426380240 ) ) ;
#3097 = ORIENTED_EDGE ( 'NONE', *, *, #1634, .F. ) ;
#3098 = CARTESIAN_POINT ( 'NONE',  ( -3.992442026444701142, -41.61913769371161465, -8.087278595891907784 ) ) ;
#3099 = EDGE_CURVE ( 'NONE', #3304, #182, #2791, .T. ) ;
#3100 = CARTESIAN_POINT ( 'NONE',  ( 4.508917721604096762, -41.65815478812392314, 7.794751135416723820 ) ) ;
#3101 = DIRECTION ( 'NONE',  ( 0.000000000000000000, 1.000000000000000000, 0.000000000000000000 ) ) ;
#3102 = VERTEX_POINT ( 'NONE', #1310 ) ;
#3103 = CARTESIAN_POINT ( 'NONE',  ( 99.14499999999999602, -63.39640923772800818, 1.560812345513314933E-15 ) ) ;
#3104 = VERTEX_POINT ( 'NONE', #2591 ) ;
#3105 = CARTESIAN_POINT ( 'NONE',  ( 4.539119537802433157, -37.62385357052294665, 7.777076744640967654 ) ) ;
#3106 = CARTESIAN_POINT ( 'NONE',  ( 9.180021011327060165, -42.16513681420752846, -3.781218154347142146 ) ) ;
#3107 = CARTESIAN_POINT ( 'NONE',  ( -5.873762780451622589, -37.74890158031255538, 6.843888693648124466 ) ) ;
#3108 = DIRECTION ( 'NONE',  ( 0.000000000000000000, 1.000000000000000000, 0.000000000000000000 ) ) ;
#3109 = CARTESIAN_POINT ( 'NONE',  ( -18.00000000000000000, -15.84325058705650058, -47.33309916941539797 ) ) ;
#3110 = CARTESIAN_POINT ( 'NONE',  ( -5.507988453293719111, -41.96221732396912074, -2.077985338027335427 ) ) ;
#3111 = CARTESIAN_POINT ( 'NONE',  ( 20.36082540615130299, -34.34959553575265545, 21.81000826438560125 ) ) ;
#3112 = CARTESIAN_POINT ( 'NONE',  ( -5.007853741518798252, -41.69763285048120594, 7.495221435106618202 ) ) ;
#3113 = CARTESIAN_POINT ( 'NONE',  ( -1.471651862828319057, -41.50600330026365015, -8.883779522043015575 ) ) ;
#3114 = CARTESIAN_POINT ( 'NONE',  ( -8.940234657981424249, -42.25759592316184410, 1.190879450489577440 ) ) ;
#3115 = FACE_OUTER_BOUND ( 'NONE', #5284, .T. ) ;
#3116 = CARTESIAN_POINT ( 'NONE',  ( 32.97019672232295306, -47.26221975847412438, 30.05974408747960780 ) ) ;
#3117 = CARTESIAN_POINT ( 'NONE',  ( -18.00000000000000000, -26.96475769767874908, -35.57686982298324807 ) ) ;
#3118 = FACE_OUTER_BOUND ( 'NONE', #2482, .T. ) ;
#3119 = CARTESIAN_POINT ( 'NONE',  ( 110.6172451890449935, -57.95386985700429960, 2.965757180493044782E-15 ) ) ;
#3120 = ORIENTED_EDGE ( 'NONE', *, *, #1711, .F. ) ;
#3121 = EDGE_CURVE ( 'NONE', #4379, #1979, #4718, .T. ) ;
#3122 = CARTESIAN_POINT ( 'NONE',  ( 7.343988453265270167, -42.08122616298213359, 2.077995540172650646 ) ) ;
#3123 = CARTESIAN_POINT ( 'NONE',  ( 115.3656680742374334, -6.042206017375229443, 99.89119654609257282 ) ) ;
#3124 = CARTESIAN_POINT ( 'NONE',  ( 0.5818518910590823046, -41.49088307209857618, -8.986079465221157747 ) ) ;
#3125 = CARTESIAN_POINT ( 'NONE',  ( -7.343994890303467749, -42.10820886388217588, -0.9195723142456169175 ) ) ;
#3126 = CARTESIAN_POINT ( 'NONE',  ( -5.507948989069535450, -41.58977544978713325, -9.180051944354563176 ) ) ;
#3127 = CARTESIAN_POINT ( 'NONE',  ( 10.54723838071140918, -37.65661802855270679, 7.544566873513754324 ) ) ;
#3128 = B_SPLINE_CURVE_WITH_KNOTS ( 'NONE', 2,
 ( #1855, #197, #1913 ),
 .UNSPECIFIED., .F., .F.,
 ( 3, 3 ),
 ( 0.3127131036599309910, 0.7334610202777239740 ),
 .UNSPECIFIED. ) ;
#3129 = CARTESIAN_POINT ( 'NONE',  ( -7.343993753894094922, -42.10689525709392456, -1.124082987036183923 ) ) ;
#3130 = CARTESIAN_POINT ( 'NONE',  ( 9.001007416506560332, -38.28247827068744868, -0.5802687175275909048 ) ) ;
#3131 = ORIENTED_EDGE ( 'NONE', *, *, #2655, .T. ) ;
#3132 = CARTESIAN_POINT ( 'NONE',  ( 9.179961991574879576, -41.98502101336311654, 6.840103301353384957 ) ) ;
#3133 = B_SPLINE_SURFACE_WITH_KNOTS ( 'NONE', 5, 5, ( 
 ( #4504, #5377, #4472, #3256, #634, #1928, #4986, #2801, #2375 ),
 ( #4534, #273, #1987, #1516, #3712, #5014, #4894, #2710, #4437 ),
 ( #5313, #606, #3226, #4101, #1958, #3834, #5084, #2063, #394 ),
 ( #4230, #1596, #2456, #4637, #4661, #5507, #3310, #5553, #2432 ),
 ( #2111, #5529, #2012, #4160, #2480, #749, #1670, #4616, #3355 ),
 ( #1692, #2931, #4207, #5108, #5458, #3786, #326, #1621, #4183 ),
 ( #298, #5040, #773, #2503, #823, #2041, #3333, #1228, #726 ),
 ( #1644, #3405, #347, #2953, #3379, #1181, #2527, #4253, #3738 ),
 ( #1156, #5063, #2860, #4591, #4684, #797, #2885, #370, #3765 ),
 ( #5484, #1205, #2086, #2907, #3810, #1249, #2165, #511, #3946 ),
 ( #2977, #1746, #1776, #3095, #84, #3888, #2221, #1804, #5580 ),
 ( #2583, #25, #2252, #907, #3523, #117, #422, #5245, #2613 ),
 ( #3917, #1391, #1332, #3976, #3468, #4401, #5191, #2645, #2556 ),
 ( #540, #2673, #2137, #4740, #4828, #3859, #3036, #878, #4768 ),
 ( #4342, #4710, #4796, #965, #1833, #5220, #4373, #5132, #480 ),
 ( #4310, #1273, #2194, #934, #848, #1718, #450, #4282, #57 ),
 ( #3495, #1359, #3433, #3065, #5160, #1300, #3006, #5278, #1422 ),
 ( #3554, #3125, #994, #4857, #4782, #1761, #5294, #5261, #3482 ),
 ( #555, #4753, #162, #42, #3989, #1318, #2628, #5176, #1437 ),
 ( #130, #3141, #3110, #4871, #5233, #465, #1009, #1376, #1850 ),
 ( #979, #1819, #3020, #5205, #893, #2179, #3449, #4811, #3079 ),
 ( #2721, #3570, #3902, #4447, #586, #4325, #2597, #2297, #71 ),
 ( #4020, #1346, #952, #3052, #2688, #922, #1407, #4358, #498 ),
 ( #2208, #4415, #2660, #3932, #2266, #1791, #3509, #4387, #525 ),
 ( #2236, #3961, #101, #3537, #4843, #4942, #15, #1290, #4678 ),
 ( #3826, #3423, #3024, #3348, #5151, #5547, #2496, #1265, #4300 ),
 ( #1322, #2946, #1735, #813, #5572, #5499, #867, #3455, #5181 ) ),
 .UNSPECIFIED., .F., .F., .F.,
 ( 6, 3, 3, 3, 3, 3, 3, 3, 6 ),
 ( 6, 3, 6 ),
 ( -9.180021338060335268, -5.280072925847081322, -1.533063524059695482, -0.5105101600910710857, 3.552713678800500929E-15, 0.5105101600910764148, 1.533063524059699034, 5.280072925847081322, 9.180021338060329938 ),
 ( -9.179999999999566285, -1.776356839400250465E-15, 9.179999999999562732 ),
 .UNSPECIFIED. ) ;
#3134 = ORIENTED_EDGE ( 'NONE', *, *, #2880, .F. ) ;
#3135 = CARTESIAN_POINT ( 'NONE',  ( -71.46669839058749574, -6.042206017375296945, -137.7671940876994938 ) ) ;
#3136 = CARTESIAN_POINT ( 'NONE',  ( 9.180029509733914850, -42.08224734154786262, -5.310609717123657703 ) ) ;
#3137 = CARTESIAN_POINT ( 'NONE',  ( -7.343996594065657746, -42.11401773308335805, -0.6129596094384111016 ) ) ;
#3138 = CARTESIAN_POINT ( 'NONE',  ( -6.707647502814263696, -37.84736100262507108, 6.028877725584833591 ) ) ;
#3139 = CARTESIAN_POINT ( 'NONE',  ( 1.464809999216585057, -41.50635418471077287, -8.881258892691519691 ) ) ;
#3140 = CARTESIAN_POINT ( 'NONE',  ( -8.927404844636422254, -42.25677792597788596, -1.178109202016740520 ) ) ;
#3141 = CARTESIAN_POINT ( 'NONE',  ( -7.343988453265295924, -42.08122616269734806, -2.077995540172656419 ) ) ;
#3142 = DIRECTION ( 'NONE',  ( 0.000000000000000000, 1.000000000000000000, 0.000000000000000000 ) ) ;
#3143 = CARTESIAN_POINT ( 'NONE',  ( 8.884254645618694823, -42.24173083321147715, 1.468395675991397420 ) ) ;
#3144 = EDGE_CURVE ( 'NONE', #3038, #1417, #2201, .T. ) ;
#3145 = DIRECTION ( 'NONE',  ( -1.000000000000000000, 1.501116738099047975E-16, 0.000000000000000000 ) ) ;
#3146 = CARTESIAN_POINT ( 'NONE',  ( 9.179953323200054527, -41.87591202975677618, 8.400082666214604643 ) ) ;
#3147 = CARTESIAN_POINT ( 'NONE',  ( -18.00000000000000000, -26.96475769767874908, -35.57686982298324807 ) ) ;
#3148 = CARTESIAN_POINT ( 'NONE',  ( 179.0824426214870186, -13.94371515320615806, 4.163336342344334502E-14 ) ) ;
#3149 = CARTESIAN_POINT ( 'NONE',  ( 20.34536719873065280, -15.84325058705650058, -47.33309916941539797 ) ) ;
#3150 = DIRECTION ( 'NONE',  ( -1.000000000000000000, 0.000000000000000000, 0.000000000000000000 ) ) ;
#3151 = EDGE_CURVE ( 'NONE', #1517, #3861, #1405, .T. ) ;
#3152 = DIRECTION ( 'NONE',  ( 0.000000000000000000, 1.000000000000000000, 0.000000000000000000 ) ) ;
#3153 = EDGE_LOOP ( 'NONE', ( #1686, #2979, #2260, #4987 ) ) ;
#3154 = CARTESIAN_POINT ( 'NONE',  ( 7.343957657415900009, -41.80211066434193867, 7.620082781638672920 ) ) ;
#3155 = CARTESIAN_POINT ( 'NONE',  ( 23.48866767869946770, -6.042206017375210791, 82.82154303305080134 ) ) ;
#3156 = CARTESIAN_POINT ( 'NONE',  ( 18.04337323868696785, -34.00153157894234823, 22.11765063320802227 ) ) ;
#3157 = CARTESIAN_POINT ( 'NONE',  ( -5.951618630069066107, -41.78706642526860549, -6.776572600623024023 ) ) ;
#3158 = CARTESIAN_POINT ( 'NONE',  ( -5.507978988445480617, -41.90336194457290730, -3.781299771509714525 ) ) ;
#3159 = AXIS2_PLACEMENT_3D ( 'NONE', #3579, #929, #3517 ) ;
#3160 = APPLICATION_CONTEXT ( 'configuration controlled 3d designs of mechanical parts and assemblies' ) ;
#3161 = CARTESIAN_POINT ( 'NONE',  ( 8.573943548412808369, -37.32443971852515574, 9.742470686329330221 ) ) ;
#3162 = APPROVAL_PERSON_ORGANIZATION ( #814, #4820, #3349 ) ;
#3163 = CARTESIAN_POINT ( 'NONE',  ( 5.508029509790777212, -41.83478860876699201, -5.310630121414299687 ) ) ;
#3164 = CARTESIAN_POINT ( 'NONE',  ( -8.999999999658744088, -38.28177645344616309, -0.5956811891528690506 ) ) ;
#3165 = ORIENTED_EDGE ( 'NONE', *, *, #5305, .T. ) ;
#3166 = CARTESIAN_POINT ( 'NONE',  ( -9.180042342328205152, -41.93205553898624061, 7.619990962330779105 ) ) ;
#3167 = ORIENTED_EDGE ( 'NONE', *, *, #4124, .T. ) ;
#3168 = CARTESIAN_POINT ( 'NONE',  ( 5.753561116038878431, -36.98421027725907351, 11.60061905489971679 ) ) ;
#3169 = CARTESIAN_POINT ( 'NONE',  ( 5.508051010759867694, -41.58978407722752735, -9.179990731482631006 ) ) ;
#3170 = CARTESIAN_POINT ( 'NONE',  ( -5.508001701973159747, -41.96944799637172707, 0.3062754896139457395 ) ) ;
#3171 = FACE_OUTER_BOUND ( 'NONE', #2861, .T. ) ;
#3172 = LINE ( 'NONE', #4413, #3910 ) ;
#3173 = CARTESIAN_POINT ( 'NONE',  ( -4.512474036648734810, -41.65683424516197420, -7.809564948646570137 ) ) ;
#3174 = CARTESIAN_POINT ( 'NONE',  ( 4.613878769739194752, -36.87187886636134948, 12.16102340663195669 ) ) ;
#3175 = CARTESIAN_POINT ( 'NONE',  ( 16.28455695267270897, -36.82661910104002345, 25.79907926125553885 ) ) ;
#3176 = CARTESIAN_POINT ( 'NONE',  ( 1.180412703075659930, -6.042206017373009885, 53.98290812280549744 ) ) ;
#3177 = CARTESIAN_POINT ( 'NONE',  ( -9.180046676515619453, -41.87592484899965228, 8.399980644761388504 ) ) ;
#3178 = CARTESIAN_POINT ( 'NONE',  ( -7.415906130416238362, -13.94371515320612609, 52.78106892812668605 ) ) ;
#3179 = CARTESIAN_POINT ( 'NONE',  ( 85.91728259824829195, -50.78462308660630242, 45.79384632313450254 ) ) ;
#3180 = EDGE_CURVE ( 'NONE', #4318, #3304, #1197, .T. ) ;
#3181 = CARTESIAN_POINT ( 'NONE',  ( -2.826450363844471791, -37.51176006517432882, 8.549671950298629142 ) ) ;
#3182 = DIRECTION ( 'NONE',  ( -1.000000000000000000, 0.000000000000000000, 0.000000000000000000 ) ) ;
#3183 = EDGE_LOOP ( 'NONE', ( #4862, #5162, #666, #2804, #124 ) ) ;
#3184 = CARTESIAN_POINT ( 'NONE',  ( 9.179957657387467052, -41.93204332868869244, 7.620092983783994356 ) ) ;
#3185 = B_SPLINE_CURVE_WITH_KNOTS ( 'NONE', 3,
 ( #1317, #4268, #3901, #410 ),
 .UNSPECIFIED., .F., .F.,
 ( 4, 4 ),
 ( 0.02833646188918180139, 0.02848157221526879945 ),
 .UNSPECIFIED. ) ;
#3186 = ADVANCED_FACE ( 'NONE', ( #2681, #2564 ), #92, .F. ) ;
#3187 = CARTESIAN_POINT ( 'NONE',  ( 40.60360956192334214, -50.78462308660646585, -91.59278087615335551 ) ) ;
#3188 = CARTESIAN_POINT ( 'NONE',  ( 8.943454821118816511, -38.25369078249886456, -1.165761011205608710 ) ) ;
#3189 = CARTESIAN_POINT ( 'NONE',  ( -8.698638991810824450, -42.19117814708648950, -2.328282331605922906 ) ) ;
#3190 = CARTESIAN_POINT ( 'NONE',  ( 5.508046676572454281, -41.64574234799878383, -8.400001049052026048 ) ) ;
#3191 = AXIS2_PLACEMENT_3D ( 'NONE', #1030, #4131, #152 ) ;
#3192 = CARTESIAN_POINT ( 'NONE',  ( 4.595133152034944324, -36.88349197404500757, 12.10379607141392988 ) ) ;
#3193 = CARTESIAN_POINT ( 'NONE',  ( -9.179988453236848756, -42.24575219294280259, -2.078005742317978299 ) ) ;
#3194 = CARTESIAN_POINT ( 'NONE',  ( -1.166090125108862896, -37.45367400534252056, -8.929085467461014503 ) ) ;
#3195 = VERTEX_POINT ( 'NONE', #2146 ) ;
#3196 = CARTESIAN_POINT ( 'NONE',  ( 7.343957657415900009, -41.80211066434193867, 7.620082781638672920 ) ) ;
#3197 = EDGE_LOOP ( 'NONE', ( #3912, #3919, #3563, #1147, #3996, #49 ) ) ;
#3198 = AXIS2_PLACEMENT_3D ( 'NONE', #1524, #2324, #5259 ) ;
#3199 = CARTESIAN_POINT ( 'NONE',  ( 2.943715324818910961, -37.51576726822612073, 8.525140692096480066 ) ) ;
#3200 = CARTESIAN_POINT ( 'NONE',  ( 190.4059769339612558, -6.042206017375304938, -1.418643613812169708E-14 ) ) ;
#3201 = CARTESIAN_POINT ( 'NONE',  ( -3.671998865237520171, -41.88910478152792649, -0.2042244683239247405 ) ) ;
#3202 = ADVANCED_FACE ( 'NONE', ( #3072 ), #4804, .F. ) ;
#3203 = CARTESIAN_POINT ( 'NONE',  ( -8.380713830014622445, -38.11209144193623644, 3.293864498855267442 ) ) ;
#3204 = CARTESIAN_POINT ( 'NONE',  ( 8.199965639377168714, -42.09066281855114511, -3.721180533423433801 ) ) ;
#3205 = AXIS2_PLACEMENT_3D ( 'NONE', #1383, #4821, #1293 ) ;
#3206 = CARTESIAN_POINT ( 'NONE',  ( 1.179929238847199358, -41.49751671558132671, -8.941689940042484963 ) ) ;
#3207 = CARTESIAN_POINT ( 'NONE',  ( 11.27900691473648820, -37.79159830842532841, 6.519145205733683390 ) ) ;
#3208 = CARTESIAN_POINT ( 'NONE',  ( -8.926559020026717306, -42.25641629488558237, 1.185214966311494367 ) ) ;
#3209 = CARTESIAN_POINT ( 'NONE',  ( 172.6772380009915935, -20.95902901126225615, -172.5544760019827208 ) ) ;
#3210 = CARTESIAN_POINT ( 'NONE',  ( 9.179978988388580063, -42.16512765717559574, 3.781320175800353844 ) ) ;
#3211 = CARTESIAN_POINT ( 'NONE',  ( 0.1419332141556104154, -20.95902901126090256, -1.818711480347215081 ) ) ;
#3212 = CARTESIAN_POINT ( 'NONE',  ( 96.11412129959387585, -58.93658393131474327, 16.84832778263185915 ) ) ;
#3213 = CARTESIAN_POINT ( 'NONE',  ( -8.989166845844984266, -38.27511202111345057, 0.7384285762543776332 ) ) ;
#3214 = CARTESIAN_POINT ( 'NONE',  ( 8.999986789893430483, -38.30531978232574630, 0.01542017347367932723 ) ) ;
#3215 = FACE_OUTER_BOUND ( 'NONE', #482, .T. ) ;
#3216 =( LENGTH_UNIT ( ) NAMED_UNIT ( * ) SI_UNIT ( .MILLI., .METRE. ) );
#3217 = ORIENTED_EDGE ( 'NONE', *, *, #3121, .T. ) ;
#3218 = CARTESIAN_POINT ( 'NONE',  ( -5.508006245906901022, -41.96795418391709376, 1.124011572018925431 ) ) ;
#3219 = CARTESIAN_POINT ( 'NONE',  ( -6.282442621485373024, -13.94371515320773902, -185.3648852429707858 ) ) ;
#3220 = CARTESIAN_POINT ( 'NONE',  ( 7.645930294674124106, -13.60767586255291839, 48.84857110752053444 ) ) ;
#3221 = CARTESIAN_POINT ( 'NONE',  ( -8.088136957538733185, -42.06982197705081461, -3.991179387138679591 ) ) ;
#3222 = CARTESIAN_POINT ( 'NONE',  ( 7.344051010731433848, -41.69037129700890176, -9.179980529337312234 ) ) ;
#3223 = ADVANCED_FACE ( 'NONE', ( #4073 ), #3851, .F. ) ;
#3224 = CARTESIAN_POINT ( 'NONE',  ( -2.088770549366342877, -36.74302006620184358, 12.77462828669191808 ) ) ;
#3225 = CARTESIAN_POINT ( 'NONE',  ( -5.507988453293719111, -41.96221732396912074, -2.077985338027335427 ) ) ;
#3226 = CARTESIAN_POINT ( 'NONE',  ( -5.508042342385070178, -41.69806081896501126, 7.620011366621423754 ) ) ;
#3227 = ORIENTED_EDGE ( 'NONE', *, *, #5067, .T. ) ;
#3228 =( BOUNDED_SURFACE ( )  B_SPLINE_SURFACE ( 3, 3, ( 
 ( #5196, #828, #3041, #5250, #486, #2199, #3921 ),
 ( #2533, #1531, #1856, #1885, #4117, #4520, #3148 ),
 ( #4849, #138, #4878, #4909, #2393, #5269, #2304 ),
 ( #1413, #3669, #3576, #168, #681, #3608, #3994 ),
 ( #622, #4940, #2695, #1826, #3242, #4027, #5330 ),
 ( #4454, #3116, #5300, #1016, #1473, #198, #4550 ),
 ( #2759, #1443, #2787, #3179, #593, #651, #2360 ),
 ( #986, #1050, #2331, #4422, #226, #2272, #4087 ),
 ( #2727, #5393, #3545, #562, #4490, #4970, #1945 ),
 ( #1112, #4056, #1914, #3636, #3212, #5359, #1082 ) ),
 .UNSPECIFIED., .F., .F., .F. ) 
 B_SPLINE_SURFACE_WITH_KNOTS ( ( 4, 2, 2, 2, 4 ),
 ( 4, 3, 4 ),
 ( 0.000000000000000000, 0.2500000000000000000, 0.5000000000000000000, 0.7500000000000000000, 1.000000000000000000 ),
 ( 0.000000000000000000, 0.5000000000000000000, 1.000000000000000000 ),
 .UNSPECIFIED. ) 
 GEOMETRIC_REPRESENTATION_ITEM ( )  RATIONAL_B_SPLINE_SURFACE ( (
 ( 1.000000000000000000, 0.8022468501230819449, 0.8022468501230819449, 1.000000000000000000, 0.8022468501230819449, 0.8022468501230819449, 1.000000000000000000),
 ( 1.000000000000000000, 0.8022468501230819449, 0.8022468501230819449, 1.000000000000000000, 0.8022468501230819449, 0.8022468501230819449, 1.000000000000000000),
 ( 1.000000000000000000, 0.8022468501230819449, 0.8022468501230819449, 1.000000000000000000, 0.8022468501230819449, 0.8022468501230819449, 1.000000000000000000),
 ( 1.000000000000000000, 0.8022468501230819449, 0.8022468501230819449, 1.000000000000000000, 0.8022468501230819449, 0.8022468501230819449, 1.000000000000000000),
 ( 1.000000000000000000, 0.8022468501230819449, 0.8022468501230819449, 1.000000000000000000, 0.8022468501230819449, 0.8022468501230819449, 1.000000000000000000),
 ( 1.000000000000000000, 0.8022468501230819449, 0.8022468501230819449, 1.000000000000000000, 0.8022468501230819449, 0.8022468501230819449, 1.000000000000000000),
 ( 1.000000000000000000, 0.8022468501230819449, 0.8022468501230819449, 1.000000000000000000, 0.8022468501230819449, 0.8022468501230819449, 1.000000000000000000),
 ( 1.000000000000000000, 0.8022468501230819449, 0.8022468501230819449, 1.000000000000000000, 0.8022468501230819449, 0.8022468501230819449, 1.000000000000000000),
 ( 1.000000000000000000, 0.8022468501230819449, 0.8022468501230819449, 1.000000000000000000, 0.8022468501230819449, 0.8022468501230819449, 1.000000000000000000),
 ( 1.000000000000000000, 0.8022468501230819449, 0.8022468501230819449, 1.000000000000000000, 0.8022468501230819449, 0.8022468501230819449, 1.000000000000000000) ) ) 
 REPRESENTATION_ITEM ( '' )  SURFACE ( )  );
#3229 = CARTESIAN_POINT ( 'NONE',  ( -1.684724981805607984E-05, -41.75539727404530765, 3.031867284727839174 ) ) ;
#3230 = ORIENTED_EDGE ( 'NONE', *, *, #2169, .T. ) ;
#3231 = CARTESIAN_POINT ( 'NONE',  ( 5.372679166929627215, -36.94851366575121432, 11.78088662923742014 ) ) ;
#3232 = CARTESIAN_POINT ( 'NONE',  ( 3.493117819995517070, -6.042206017372497406, -53.98290812280571060 ) ) ;
#3233 = CARTESIAN_POINT ( 'NONE',  ( -5.507998297856273595, -41.96944676484330472, -0.3063367024858845156 ) ) ;
#3234 = CARTESIAN_POINT ( 'NONE',  ( 161.5392785759103447, -6.042206017375259641, 71.91197701693990041 ) ) ;
#3235 = CARTESIAN_POINT ( 'NONE',  ( -18.00000000000000000, -6.042206017372994786, 53.98290812280554718 ) ) ;
#3236 = CARTESIAN_POINT ( 'NONE',  ( -18.00000000000000000, -11.27713467053115970, -50.82238809104900668 ) ) ;
#3237 = CARTESIAN_POINT ( 'NONE',  ( 11.67737230844233487, -37.87912766691844979, 5.775836854173534540 ) ) ;
#3238 = CARTESIAN_POINT ( 'NONE',  ( 17.21383104686389842, -38.99004697956279841, 19.97068973883601117 ) ) ;
#3239 = CARTESIAN_POINT ( 'NONE',  ( -22.00000000000000000, -30.95840211499900008, -36.44720368503895003 ) ) ;
#3240 = CARTESIAN_POINT ( 'NONE',  ( 7.343996594065630212, -42.11401773343362720, 0.6129596094384031080 ) ) ;
#3241 = CARTESIAN_POINT ( 'NONE',  ( 16.26214809830329955, -36.77548139610195221, -25.91897764408593829 ) ) ;
#3242 = CARTESIAN_POINT ( 'NONE',  ( 124.9619253871092752, -38.48506133258121054, 66.88242186954947499 ) ) ;
#3243 = CARTESIAN_POINT ( 'NONE',  ( -8.032606958652793949, -38.04535716137957735, 4.101323688453797800 ) ) ;
#3244 = DIRECTION ( 'NONE',  ( 0.000000000000000000, 1.000000000000000000, 0.000000000000000000 ) ) ;
#3245 = CARTESIAN_POINT ( 'NONE',  ( 19.07334698233630021, -6.042206017373979776, 58.61996200337829777 ) ) ;
#3246 = APPLICATION_PROTOCOL_DEFINITION ( 'international standard', 'config_control_design', 1994, #2372 ) ;
#3247 = ORIENTED_EDGE ( 'NONE', *, *, #3144, .F. ) ;
#3248 = CARTESIAN_POINT ( 'NONE',  ( 132.1963904380766337, -50.78462308660662217, -91.59278087615335551 ) ) ;
#3249 = CARTESIAN_POINT ( 'NONE',  ( 1.172683599365326179, -6.042206017372999227, -53.98290812280549744 ) ) ;
#3250 = FACE_OUTER_BOUND ( 'NONE', #1694, .T. ) ;
#3251 = CARTESIAN_POINT ( 'NONE',  ( 2.950987607470884923E-05, -41.67149771645478751, -5.310660727850263996 ) ) ;
#3252 = CARTESIAN_POINT ( 'NONE',  ( 12.99644658441998679, -38.30368781662100020, 0.02685980811133491936 ) ) ;
#3253 = EDGE_CURVE ( 'NONE', #794, #637, #4488, .T. ) ;
#3254 = VECTOR ( 'NONE', #1738, 1000.000000000000000 ) ;
#3255 = CARTESIAN_POINT ( 'NONE',  ( 85.62873080478189536, -33.22972007004624118, 73.16782629219190426 ) ) ;
#3256 = CARTESIAN_POINT ( 'NONE',  ( -3.672051010788327741, -41.51274637537380841, 9.180000933627963988 ) ) ;
#3257 = ORIENTED_EDGE ( 'NONE', *, *, #1634, .T. ) ;
#3258 = CARTESIAN_POINT ( 'NONE',  ( -3.672051010788327741, -41.51274637537380841, 9.180000933627963988 ) ) ;
#3259 = VERTEX_POINT ( 'NONE', #4097 ) ;
#3260 = LINE ( 'NONE', #3741, #5136 ) ;
#3261 = CARTESIAN_POINT ( 'NONE',  ( 7.052962544943796708, -6.042206017375212568, 67.46689381933575191 ) ) ;
#3262 = CARTESIAN_POINT ( 'NONE',  ( 7.344001134591883861, -42.10616211150965427, -0.2041632554519947629 ) ) ;
#3263 = CARTESIAN_POINT ( 'NONE',  ( 5.964198006522588358, -37.75879218262950587, 6.765756006551455926 ) ) ;
#3264 = CARTESIAN_POINT ( 'NONE',  ( 95.50030234053019740, -6.042206017375328919, -103.6072857594462135 ) ) ;
#3265 = EDGE_CURVE ( 'NONE', #2007, #1598, #5352, .T. ) ;
#3266 = CARTESIAN_POINT ( 'NONE',  ( 7.641686451156836313, -41.99995234116506282, -4.763451086720802863 ) ) ;
#3267 = CARTESIAN_POINT ( 'NONE',  ( 0.1227619990086116220, -20.95902901126222773, -172.5544760019827208 ) ) ;
#3268 = DIRECTION ( 'NONE',  ( 1.000000000000000000, 0.000000000000000000, 0.000000000000000000 ) ) ;
#3269 = DIRECTION ( 'NONE',  ( -1.501116738099044771E-16, -1.000000000000000000, 0.000000000000000000 ) ) ;
#3270 = CARTESIAN_POINT ( 'NONE',  ( -5.508006245906901022, -41.96795418391709376, 1.124011572018925431 ) ) ;
#3271 = CARTESIAN_POINT ( 'NONE',  ( 85.91728259824829195, -50.78462308660630242, 45.79384632313450254 ) ) ;
#3272 = CARTESIAN_POINT ( 'NONE',  ( -18.00000000000000000, -6.042206017372994786, 53.98290812280554718 ) ) ;
#3273 = CARTESIAN_POINT ( 'NONE',  ( -8.738258153050290744, -38.19284197328402541, 2.174362272533394425 ) ) ;
#3274 = CARTESIAN_POINT ( 'NONE',  ( -10.33109922673685688, -38.30846199499498539, 0.09805506450800315077 ) ) ;
#3275 = CARTESIAN_POINT ( 'NONE',  ( -18.00000000000000000, -38.09024766049640220, -5.834977158582510093 ) ) ;
#3276 = CALENDAR_DATE ( 2026, 3, 6 ) ;
#3277 = ORIENTED_EDGE ( 'NONE', *, *, #4654, .F. ) ;
#3278 = CARTESIAN_POINT ( 'NONE',  ( 62.18275481095512447, -57.95386985700431381, -48.43449037808966295 ) ) ;
#3279 = CARTESIAN_POINT ( 'NONE',  ( 8.431491457893868002, -38.12247891760351592, -3.161787470767092767 ) ) ;
#3280 = CYLINDRICAL_SURFACE ( 'NONE', #5461, 12.74500000000000632 ) ;
#3281 = CARTESIAN_POINT ( 'NONE',  ( 8.426691092983794817, -42.13288485159824859, 3.174531748784975349 ) ) ;
#3282 = CARTESIAN_POINT ( 'NONE',  ( 18.13690681178550079, -41.17934561907002688, 12.46984523788857047 ) ) ;
#3283 = LINE ( 'NONE', #3332, #1044 ) ;
#3284 = CARTESIAN_POINT ( 'NONE',  ( -7.640572487110402378, -37.98155451167878738, -4.765234759988770108 ) ) ;
#3285 = ORIENTED_EDGE ( 'NONE', *, *, #1173, .T. ) ;
#3286 = CARTESIAN_POINT ( 'NONE',  ( 7.343998297827808663, -42.11316998287140478, 0.3063469046311974031 ) ) ;
#3287 = ORIENTED_EDGE ( 'NONE', *, *, #195, .T. ) ;
#3288 = CARTESIAN_POINT ( 'NONE',  ( 20.13203320690989884, -38.31026286157670313, -0.1470188481355546029 ) ) ;
#3289 = EDGE_CURVE ( 'NONE', #2743, #4885, #1943, .T. ) ;
#3290 = CARTESIAN_POINT ( 'NONE',  ( 57.28748683347034643, -6.042206017375213456, 100.0008922434146825 ) ) ;
#3291 = DIRECTION ( 'NONE',  ( 1.000000000000000000, 0.000000000000000000, 0.000000000000000000 ) ) ;
#3292 = CARTESIAN_POINT ( 'NONE',  ( 179.4233111574979773, -6.042206017375278293, 46.51781283342540263 ) ) ;
#3293 = CARTESIAN_POINT ( 'NONE',  ( 8.983208833333742760, -6.042206017375285398, -69.46003448821174686 ) ) ;
#3294 = CARTESIAN_POINT ( 'NONE',  ( 8.600991977705881197, -37.31751787010021815, 9.784403668373055751 ) ) ;
#3295 = PLANE ( 'NONE',  #4192 ) ;
#3296 = VECTOR ( 'NONE', #4393, 1000.000000000000000 ) ;
#3297 = CARTESIAN_POINT ( 'NONE',  ( 103.1449999999998965, -58.93658393131480722, -33.48999999999982435 ) ) ;
#3298 = CARTESIAN_POINT ( 'NONE',  ( -5.508005109497532636, -41.97117035294004950, 0.9195008992283580929 ) ) ;
#3299 = CARTESIAN_POINT ( 'NONE',  ( 152.8722439315372696, -38.48506133258121054, 39.26475813504517731 ) ) ;
#3300 = CARTESIAN_POINT ( 'NONE',  ( 226.6457644257072843, -70.00000000000000000, -137.7671940876994938 ) ) ;
#3301 = CARTESIAN_POINT ( 'NONE',  ( -10.29932705565437168, -37.59905181235391325, 7.977126794244509433 ) ) ;
#3302 = CARTESIAN_POINT ( 'NONE',  ( 0.000000000000000000, -63.39640923772802950, 0.000000000000000000 ) ) ;
#3303 = COORDINATED_UNIVERSAL_TIME_OFFSET ( 5, 0, .AHEAD. ) ;
#3304 = VERTEX_POINT ( 'NONE', #31 ) ;
#3305 = CARTESIAN_POINT ( 'NONE',  ( 0.6031235084679215097, -37.44272310930666237, -8.999024773508397246 ) ) ;
#3306 = AXIS2_PLACEMENT_3D ( 'NONE', #41, #1704, #1262 ) ;
#3307 = ADVANCED_FACE ( 'NONE', ( #1809 ), #3228, .F. ) ;
#3308 = CARTESIAN_POINT ( 'NONE',  ( 7.482037612114138092, -19.03579530839306955, 49.60639368445434627 ) ) ;
#3309 = CARTESIAN_POINT ( 'NONE',  ( 7.344046676544021324, -41.74793702330202194, -8.399990846906705499 ) ) ;
#3310 = CARTESIAN_POINT ( 'NONE',  ( 5.507961991631746379, -41.74730526035119027, 6.840082897062743861 ) ) ;
#3311 = CARTESIAN_POINT ( 'NONE',  ( 9.179993753865637984, -42.28220595406965288, 1.124093189181498254 ) ) ;
#3312 = EDGE_LOOP ( 'NONE', ( #1275, #4955 ) ) ;
#3313 = CARTESIAN_POINT ( 'NONE',  ( 19.48700562421814553, -37.30927522980476851, 11.22635585858393270 ) ) ;
#3314 = CARTESIAN_POINT ( 'NONE',  ( -22.00000000000000000, -42.30756013076910449, -5.181181809388050601E-15 ) ) ;
#3315 = CARTESIAN_POINT ( 'NONE',  ( 188.1947281939208381, -6.042206017375293392, 21.33308464813282157 ) ) ;
#3316 = CARTESIAN_POINT ( 'NONE',  ( 89.92057533348597076, -6.042206017375326255, -103.9701570143472082 ) ) ;
#3317 = CARTESIAN_POINT ( 'NONE',  ( 20.36082540615130299, -11.27713467053115970, 50.82238809104900668 ) ) ;
#3318 = CARTESIAN_POINT ( 'NONE',  ( -4.498558801799113382, -41.65782553921077636, 7.796558729804974774 ) ) ;
#3319 = CARTESIAN_POINT ( 'NONE',  ( 69.65500000000015746, -58.93658393131480722, -33.48999999999976040 ) ) ;
#3320 = CARTESIAN_POINT ( 'NONE',  ( -7.343994890303467749, -42.10820886388217588, -0.9195723142456169175 ) ) ;
#3321 = CARTESIAN_POINT ( 'NONE',  ( 5.507994890331871396, -41.97116850234993990, 0.9195621121002879317 ) ) ;
#3322 = CARTESIAN_POINT ( 'NONE',  ( 58.86713063101178278, -50.78462308660629532, 45.50870803222804284 ) ) ;
#3323 = CARTESIAN_POINT ( 'NONE',  ( 190.4059769339626200, -6.042206017374392779, 1.602714576394022305E-14 ) ) ;
#3324 = CARTESIAN_POINT ( 'NONE',  ( 3.403938303609467031, -36.79017392656413676, 12.55362786029321320 ) ) ;
#3325 = EDGE_CURVE ( 'NONE', #5380, #4494, #1502, .T. ) ;
#3326 = CARTESIAN_POINT ( 'NONE',  ( -8.708755656204363760, -38.18306862216404340, -2.346081586323864432 ) ) ;
#3327 = FACE_OUTER_BOUND ( 'NONE', #247, .T. ) ;
#3328 = ORIENTED_EDGE ( 'NONE', *, *, #4181, .F. ) ;
#3329 = CARTESIAN_POINT ( 'NONE',  ( -0.5744567284021339093, -37.44468431734125602, -8.986564022600262547 ) ) ;
#3330 = EDGE_CURVE ( 'NONE', #4663, #967, #1848, .T. ) ;
#3331 = CARTESIAN_POINT ( 'NONE',  ( 6.887944888394262222, -17.91697035491181111, 50.53900899687818082 ) ) ;
#3332 = CARTESIAN_POINT ( 'NONE',  ( -22.00000000000000000, -6.042206017372999227, -36.44720368503895003 ) ) ;
#3333 = CARTESIAN_POINT ( 'NONE',  ( 5.507983152664885473, -41.92983744923066070, 3.031897891163803926 ) ) ;
#3334 = CARTESIAN_POINT ( 'NONE',  ( -6.245992199551350868E-06, -41.78975016820128729, 1.124042178454890184 ) ) ;
#3335 = ORIENTED_EDGE ( 'NONE', *, *, #316, .F. ) ;
#3336 = CARTESIAN_POINT ( 'NONE',  ( 8.999999999999978684, -42.30661100815936493, 1.054571528968089291E-15 ) ) ;
#3337 = CARTESIAN_POINT ( 'NONE',  ( 179.8472505081234942, -6.042206017375280069, 45.66178508681935710 ) ) ;
#3338 = CARTESIAN_POINT ( 'NONE',  ( 34.18926582007559745, -6.042206017375302274, -89.97485399105670467 ) ) ;
#3339 = CARTESIAN_POINT ( 'NONE',  ( -18.00000000000000000, -37.22974446970523843, -11.47811861102963427 ) ) ;
#3340 = CARTESIAN_POINT ( 'NONE',  ( -4.751848120814024412, -41.67776657638366800, 7.644759034772629747 ) ) ;
#3341 = AXIS2_PLACEMENT_3D ( 'NONE', #1740, #79, #52 ) ;
#3342 = FACE_OUTER_BOUND ( 'NONE', #1476, .T. ) ;
#3343 = CARTESIAN_POINT ( 'NONE',  ( 5.109582799404303364E-06, -41.79199488318103306, -0.9195315056643299512 ) ) ;
#3344 = CARTESIAN_POINT ( 'NONE',  ( 40.04354083764201278, -50.78462308660629532, 26.08026258266927400 ) ) ;
#3345 = DIRECTION ( 'NONE',  ( 0.000000000000000000, 1.000000000000000000, 0.000000000000000000 ) ) ;
#3346 = CARTESIAN_POINT ( 'NONE',  ( -7.893042421870794634, -37.21637000726599354, 10.36398057639569181 ) ) ;
#3347 = CARTESIAN_POINT ( 'NONE',  ( -8.198908025914436237, -38.07692688375885837, -3.723544658006315178 ) ) ;
#3348 = CARTESIAN_POINT ( 'NONE',  ( -3.671953323285381821, -41.56764441687351308, -8.400052059778637670 ) ) ;
#3349 = APPROVAL_ROLE ( '' ) ;
#3350 = ADVANCED_FACE ( 'NONE', ( #2053 ), #4148, .T. ) ;
#3351 = ORIENTED_EDGE ( 'NONE', *, *, #2145, .F. ) ;
#3352 = CARTESIAN_POINT ( 'NONE',  ( -0.2794629202917650046, -37.44249626284177168, -9.000469525883255884 ) ) ;
#3353 = CARTESIAN_POINT ( 'NONE',  ( 15.43503672511410052, -34.91441559882660073, 29.98294484252815906 ) ) ;
#3354 = CARTESIAN_POINT ( 'NONE',  ( -3.671957657472793901, -41.61891006585366171, -7.620062377348028271 ) ) ;
#3355 = CARTESIAN_POINT ( 'NONE',  ( 9.179970489981730708, -42.08223716966010386, 5.310711738576870289 ) ) ;
#3356 = CARTESIAN_POINT ( 'NONE',  ( -5.508001701973159747, -41.96944799637172707, 0.3062754896139457395 ) ) ;
#3357 = EDGE_LOOP ( 'NONE', ( #2682, #875, #2639, #3277, #155 ) ) ;
#3358 = CARTESIAN_POINT ( 'NONE',  ( 149.6614994673866192, -58.99259783589941009, 126.5229989347731561 ) ) ;
#3359 = CARTESIAN_POINT ( 'NONE',  ( 107.0774542148013495, -6.042206017375228555, 102.0233584365691968 ) ) ;
#3360 = CARTESIAN_POINT ( 'NONE',  ( 10.37825702267493710, -6.042206017375285398, -70.97851963897218752 ) ) ;
#3361 = CARTESIAN_POINT ( 'NONE',  ( -18.00000000000000000, -23.68619686104764810, -39.70994965335955840 ) ) ;
#3362 = CARTESIAN_POINT ( 'NONE',  ( 1.180565342426918907, -41.49959745947544576, 8.927171361827934248 ) ) ;
#3363 = CIRCLE ( 'NONE', #484, 12.74500000000000632 ) ;
#3364 = PLANE ( 'NONE',  #4977 ) ;
#3365 = CARTESIAN_POINT ( 'NONE',  ( -5.507993753922534985, -41.96795358722093283, -1.124072784890862042 ) ) ;
#3366 = EDGE_CURVE ( 'NONE', #5227, #3999, #4200, .T. ) ;
#3367 = CARTESIAN_POINT ( 'NONE',  ( 18.82837672200436074, -42.30756013076909738, -4.854139997231178318E-15 ) ) ;
#3368 = CARTESIAN_POINT ( 'NONE',  ( -22.00000000000000000, -6.042206017372999227, 58.61996199853950884 ) ) ;
#3369 = VECTOR ( 'NONE', #1616, 1000.000000000000000 ) ;
#3370 = CARTESIAN_POINT ( 'NONE',  ( 6.890005024063375672, -37.09337526582174860, 11.03218082796515453 ) ) ;
#3371 = CARTESIAN_POINT ( 'NONE',  ( 8.927404844418395768, -42.25677792589067394, 1.178109203658399107 ) ) ;
#3372 = DIRECTION ( 'NONE',  ( -0.000000000000000000, -1.000000000000000000, -0.000000000000000000 ) ) ;
#3373 = CARTESIAN_POINT ( 'NONE',  ( 3.457270428691106012, -41.58624138442322504, 8.324939370549289563 ) ) ;
#3374 = VECTOR ( 'NONE', #2495, 1000.000000000000000 ) ;
#3375 = ORIENTED_EDGE ( 'NONE', *, *, #4189, .T. ) ;
#3376 = CARTESIAN_POINT ( 'NONE',  ( -2.328296004503946026, -37.48703933759543361, -8.713594390634986198 ) ) ;
#3377 = CARTESIAN_POINT ( 'NONE',  ( 20.36082540615130299, -23.68619686104764810, 39.70994965335955840 ) ) ;
#3378 = CARTESIAN_POINT ( 'NONE',  ( 139.1842759379920551, -47.26221975847412438, 31.17935705876518426 ) ) ;
#3379 = CARTESIAN_POINT ( 'NONE',  ( -1.154662100978625748E-05, -41.78218312135541623, 2.077954731591365345 ) ) ;
#3380 = EDGE_CURVE ( 'NONE', #5577, #1901, #3044, .T. ) ;
#3381 = CARTESIAN_POINT ( 'NONE',  ( -5.507999999914715339, -41.99430005084909823, -3.060643596962831642E-05 ) ) ;
#3382 = ORIENTED_EDGE ( 'NONE', *, *, #641, .T. ) ;
#3383 = B_SPLINE_CURVE_WITH_KNOTS ( 'NONE', 3,
 ( #5075, #4604, #289, #4651, #1682, #741, #2851, #3393, #787, #2493, #4220, #4582, #2003, #2448, #314, #2030, #5204, #3960, #2151, #2178, #5147, #100, #2596, #2569, #3536, #2235, #921, #3846, #4324, #2126, #464, #1818, #892, #3873 ),
 .UNSPECIFIED., .F., .F.,
 ( 4, 2, 2, 2, 2, 2, 2, 2, 2, 2, 2, 2, 2, 2, 2, 2, 4 ),
 ( 0.000000000000000000, 0.06250000000000005551, 0.1250000000000001110, 0.1875000000000001665, 0.2500000000000002220, 0.3125000000000002776, 0.3750000000000003331, 0.4375000000000003886, 0.5000000000000004441, 0.5625000000000003331, 0.6250000000000003331, 0.6875000000000002220, 0.7500000000000002220, 0.8125000000000001110, 0.8750000000000001110, 0.9375000000000000000, 1.000000000000000000 ),
 .UNSPECIFIED. ) ;
#3384 = CARTESIAN_POINT ( 'NONE',  ( 6.852451490718473259, -17.84286153214325665, -50.65439872730137694 ) ) ;
#3385 = CARTESIAN_POINT ( 'NONE',  ( 139.6383246993093792, -6.042206017375336025, -89.44009675908856138 ) ) ;
#3386 = CARTESIAN_POINT ( 'NONE',  ( 110.6172451890447803, -57.95386985700431381, -48.43449037808966295 ) ) ;
#3387 = ORIENTED_EDGE ( 'NONE', *, *, #2429, .T. ) ;
#3388 = CARTESIAN_POINT ( 'NONE',  ( -1.025684695997431062, -41.49730313484393918, 8.942682564678701596 ) ) ;
#3389 = CARTESIAN_POINT ( 'NONE',  ( -5.873762780451622589, -37.74890158031255538, 6.843888693648124466 ) ) ;
#3390 = CARTESIAN_POINT ( 'NONE',  ( 3.672003405763748507, -41.88853576701349368, -0.6128983965664814848 ) ) ;
#3391 = CARTESIAN_POINT ( 'NONE',  ( 18.82837672200436074, -42.30756013076909738, -4.854139997231178318E-15 ) ) ;
#3392 = CARTESIAN_POINT ( 'NONE',  ( 73.65500000000000114, -58.25464714294840007, 0.000000000000000000 ) ) ;
#3393 = CARTESIAN_POINT ( 'NONE',  ( 41.82832927598170869, -6.042206017375304938, -94.13340430724879582 ) ) ;
#3394 = CARTESIAN_POINT ( 'NONE',  ( 0.5948371861080481438, -41.48889795450872953, 8.999589263733493993 ) ) ;
#3395 = CC_DESIGN_PERSON_AND_ORGANIZATION_ASSIGNMENT ( #1116, #2822, ( #4694 ) ) ;
#3396 =( BOUNDED_SURFACE ( )  B_SPLINE_SURFACE ( 2, 3, ( 
 ( #5546, #1264, #2968, #3848 ),
 ( #839, #2543, #1982, #4270 ),
 ( #5570, #1706, #2992, #4727 ) ),
 .UNSPECIFIED., .F., .F., .F. ) 
 B_SPLINE_SURFACE_WITH_KNOTS ( ( 3, 3 ),
 ( 4, 4 ),
 ( 0.001208225356012821924, 0.7334610202777239740 ),
 ( 0.000000000000000000, 1.000000000000000000 ),
 .UNSPECIFIED. ) 
 GEOMETRIC_REPRESENTATION_ITEM ( )  RATIONAL_B_SPLINE_SURFACE ( (
 ( 1.000000000000000000, 0.3333333333333335369, 0.3333333333333335369, 1.000000000000000000),
 ( 1.000000000000000000, 0.3333333333333335369, 0.3333333333333335369, 1.000000000000000000),
 ( 1.000000000000000000, 0.3333333333333335369, 0.3333333333333335369, 1.000000000000000000) ) ) 
 REPRESENTATION_ITEM ( '' )  SURFACE ( )  );
#3397 = CARTESIAN_POINT ( 'NONE',  ( 7.811985143943734222, -42.02456128797290802, 4.507541666907361133 ) ) ;
#3398 = B_SPLINE_SURFACE_WITH_KNOTS ( 'NONE', 3, 1, ( 
 ( #202, #5424 ),
 ( #3275, #2853 ),
 ( #4585, #717 ),
 ( #2424, #291 ),
 ( #2005, #2726 ),
 ( #3147, #1472 ),
 ( #2665, #4421 ),
 ( #2330, #5329 ),
 ( #2786, #5268 ),
 ( #4489, #1825 ) ),
 .UNSPECIFIED., .F., .F., .F.,
 ( 4, 2, 2, 2, 4 ),
 ( 2, 2 ),
 ( 0.000000000000000000, 0.2500000000000000000, 0.5000000000000000000, 0.7500000000000000000, 1.000000000000000000 ),
 ( 0.000000000000000000, 1.000000000000000000 ),
 .UNSPECIFIED. ) ;
#3399 = VERTEX_POINT ( 'NONE', #4650 ) ;
#3400 = FACE_OUTER_BOUND ( 'NONE', #184, .T. ) ;
#3401 = CARTESIAN_POINT ( 'NONE',  ( -7.640572487110402378, -37.98155451167878738, -4.765234759988770108 ) ) ;
#3402 = CARTESIAN_POINT ( 'NONE',  ( 5.914612970970391181, -10.44067060246189982, 51.19568186320252323 ) ) ;
#3403 = CARTESIAN_POINT ( 'NONE',  ( 18.32173300881392208, -34.63307224963323705, -20.35292093998019425 ) ) ;
#3404 = CARTESIAN_POINT ( 'NONE',  ( -22.00000000000000000, -6.042206017373004556, 58.61996200095914844 ) ) ;
#3405 = CARTESIAN_POINT ( 'NONE',  ( -7.344011546507276833, -42.08122902362369899, 2.077913923010078712 ) ) ;
#3406 = CARTESIAN_POINT ( 'NONE',  ( 7.344011546507243970, -42.08122902396473108, -2.077913923010083597 ) ) ;
#3407 = ORIENTED_EDGE ( 'NONE', *, *, #1762, .F. ) ;
#3408 = CARTESIAN_POINT ( 'NONE',  ( 13.15949949251191953, -36.65699875535980112, 13.16961417038971938 ) ) ;
#3409 = EDGE_CURVE ( 'NONE', #2451, #1565, #4674, .T. ) ;
#3410 = CARTESIAN_POINT ( 'NONE',  ( 177.2972951456279702, -6.042206017375327143, -50.57882698346344341 ) ) ;
#3411 = CARTESIAN_POINT ( 'NONE',  ( -8.073075332794635628, -42.06859304322122739, 3.989247356482452656 ) ) ;
#3412 = CARTESIAN_POINT ( 'NONE',  ( 117.9131557670225163, -56.13001623236052495, -63.02631153404517761 ) ) ;
#3413 = CARTESIAN_POINT ( 'NONE',  ( 23.13850053261339923, -58.99259783589939588, -1.549459856639939826E-14 ) ) ;
#3414 = LINE ( 'NONE', #460, #199 ) ;
#3415 = CARTESIAN_POINT ( 'NONE',  ( -9.179996594037218571, -42.30370506481105508, -0.6129698115837330930 ) ) ;
#3416 = CARTESIAN_POINT ( 'NONE',  ( -22.00000000000000000, -30.95840211499900008, -36.44720368503895003 ) ) ;
#3417 = CARTESIAN_POINT ( 'NONE',  ( -11.00733381027235680, -37.73783482650254939, 6.929377664114724666 ) ) ;
#3418 = CARTESIAN_POINT ( 'NONE',  ( -22.00000000000000000, -40.88189669053594599, -38.76238080152555199 ) ) ;
#3419 = CARTESIAN_POINT ( 'NONE',  ( 5.498245137144838424, -41.74135816116226749, 7.149896994386333304 ) ) ;
#3420 = FACE_OUTER_BOUND ( 'NONE', #791, .T. ) ;
#3421 = CIRCLE ( 'NONE', #1004, 12.74499999999999922 ) ;
#3422 = CARTESIAN_POINT ( 'NONE',  ( 4.370274696764580469, -41.64816892468464715, -7.869200210347657709 ) ) ;
#3423 = CARTESIAN_POINT ( 'NONE',  ( -7.343953323228517682, -41.74792629669013877, -8.400072464069278766 ) ) ;
#3424 = VERTEX_POINT ( 'NONE', #5474 ) ;
#3425 = VECTOR ( 'NONE', #2245, 1000.000000000000000 ) ;
#3426 = PLANE ( 'NONE',  #96 ) ;
#3427 = CARTESIAN_POINT ( 'NONE',  ( 73.65500000000000114, -63.39640923772800818, -7.305073961863510412E-16 ) ) ;
#3428 = CARTESIAN_POINT ( 'NONE',  ( 15.36539930183137770, -28.29901634284275858, 33.23846483402756746 ) ) ;
#3429 = EDGE_LOOP ( 'NONE', ( #5582, #1266, #1533, #1951, #4507, #1019 ) ) ;
#3430 = CARTESIAN_POINT ( 'NONE',  ( 17.20236769625164541, -38.96290265125563934, -20.05592711517627791 ) ) ;
#3431 = AXIS2_PLACEMENT_3D ( 'NONE', #5445, #2939, #1678 ) ;
#3432 = CARTESIAN_POINT ( 'NONE',  ( 40.04354083764201278, -50.78462308660629532, 26.08026258266927400 ) ) ;
#3433 = CARTESIAN_POINT ( 'NONE',  ( -5.507996594094084486, -41.96905090737418931, -0.6129494072930899984 ) ) ;
#3434 = CARTESIAN_POINT ( 'NONE',  ( -9.179996594037218571, -42.30370506481105508, -0.6129698115837330930 ) ) ;
#3435 = ORIENTED_EDGE ( 'NONE', *, *, #3380, .T. ) ;
#3436 = CARTESIAN_POINT ( 'NONE',  ( -2.049199086151292981, -41.52282603432114172, -8.768593366005712042 ) ) ;
#3437 = CARTESIAN_POINT ( 'NONE',  ( 179.1612109356035774, -6.042206017375323590, -47.03884863138411276 ) ) ;
#3438 = CARTESIAN_POINT ( 'NONE',  ( 0.5957157580385472606, -41.49101828938496084, 8.985167972132979131 ) ) ;
#3439 = CARTESIAN_POINT ( 'NONE',  ( 18.46269965148495373, -34.95335303226374890, 19.44688963337216236 ) ) ;
#3440 = CARTESIAN_POINT ( 'NONE',  ( -13.15518455823439936, -38.13805647533410337, 4.535102704269229790 ) ) ;
#3441 = B_SPLINE_SURFACE_WITH_KNOTS ( 'NONE', 3, 1, ( 
 ( #3538, #3602 ),
 ( #2237, #2298 ),
 ( #1468, #1408 ),
 ( #527, #1010 ),
 ( #1880, #5262 ),
 ( #4416, #2267 ),
 ( #3962, #3111 ),
 ( #587, #2722 ),
 ( #2690, #4844 ),
 ( #102, #1438 ) ),
 .UNSPECIFIED., .F., .F., .F.,
 ( 4, 2, 2, 2, 4 ),
 ( 2, 2 ),
 ( 0.000000000000000000, 0.2500000000000000000, 0.5000000000000000000, 0.7500000000000000000, 1.000000000000000000 ),
 ( 0.000000000000000000, 1.000000000000000000 ),
 .UNSPECIFIED. ) ;
#3442 = ADVANCED_FACE ( 'NONE', ( #4603 ), #2942, .F. ) ;
#3443 = CARTESIAN_POINT ( 'NONE',  ( -12.99840399442346062, -38.31026286157670313, 0.07350942406776220239 ) ) ;
#3444 = CARTESIAN_POINT ( 'NONE',  ( -5.507957657444362276, -41.69805266490380546, -7.620072579493352372 ) ) ;
#3445 = B_SPLINE_CURVE_WITH_KNOTS ( 'NONE', 3,
 ( #5184, #1292, #5238, #927, #3027, #471, #2214, #50, #1768, #76, #1796, #3514, #958, #5236, #2154, #1380, #2993, #1707, #14, #866, #1289, #4815, #5571, #2572, #3877, #46, #3113, #413, #3023, #2631, #2129, #4391, #4299, #896, #1410, #2600, #4728, #3849, #1349, #74, #3422, #5150, #4329, #3082, #1794, #5180, #4756, #468, #439, #1734, #3454, #955, #1321, #2182, #3905, #1765, #4846, #3485, #5208, #4361, #3055, #4787 ),
 .UNSPECIFIED., .F., .F.,
 ( 4, 2, 2, 2, 1, 2, 2, 2, 2, 2, 2, 2, 2, 2, 2, 2, 2, 2, 2, 2, 2, 2, 2, 2, 2, 2, 2, 2, 1, 2, 2, 4 ),
 ( 0.000000000000000000, 0.06250000000000015266, 0.09375000000000026368, 0.1250000000000003608, 0.1562500000000004718, 0.1718750000000004996, 0.1875000000000005551, 0.2500000000000007216, 0.2812500000000007772, 0.2968750000000007772, 0.3125000000000007772, 0.3437500000000007216, 0.3750000000000007216, 0.4375000000000007216, 0.4687500000000007216, 0.5000000000000006661, 0.5312500000000006661, 0.5468750000000006661, 0.5625000000000006661, 0.6250000000000006661, 0.6562500000000005551, 0.6718750000000006661, 0.6875000000000006661, 0.7187500000000006661, 0.7500000000000005551, 0.8125000000000004441, 0.8437500000000004441, 0.8750000000000003331, 0.9062500000000003331, 0.9218750000000002220, 0.9375000000000002220, 1.000000000000000000 ),
 .UNSPECIFIED. ) ;
#3446 = DIRECTION ( 'NONE',  ( 1.000000000000000000, 0.000000000000000000, 0.000000000000000000 ) ) ;
#3447 = CARTESIAN_POINT ( 'NONE',  ( -8.942649780694926775, -42.25844099330684855, -1.174642849544001999 ) ) ;
#3448 = FACE_OUTER_BOUND ( 'NONE', #2793, .T. ) ;
#3449 = CARTESIAN_POINT ( 'NONE',  ( 5.508016847164489249, -41.92984125661909900, -3.031836678291879306 ) ) ;
#3450 = CARTESIAN_POINT ( 'NONE',  ( -2.333818746100761121, -41.53109794386055142, 8.712022845057674658 ) ) ;
#3451 = CARTESIAN_POINT ( 'NONE',  ( 7.143861420427948694, -41.92953908106957073, 5.482008034644186623 ) ) ;
#3452 = VECTOR ( 'NONE', #1753, 1000.000000000000000 ) ;
#3453 = EDGE_CURVE ( 'NONE', #3828, #3501, #3799, .T. ) ;
#3454 = CARTESIAN_POINT ( 'NONE',  ( 7.643596997330757148, -42.00022487240285329, -4.760539103258774496 ) ) ;
#3455 = CARTESIAN_POINT ( 'NONE',  ( 7.344051010731433848, -41.69037129700890176, -9.179980529337312234 ) ) ;
#3456 = VERTEX_POINT ( 'NONE', #5053 ) ;
#3457 = VECTOR ( 'NONE', #4682, 1000.000000000000000 ) ;
#3458 = DIRECTION ( 'NONE',  ( 0.000000000000000000, 1.000000000000000000, 0.000000000000000000 ) ) ;
#3459 = DIRECTION ( 'NONE',  ( -1.490420224606775841E-16, -1.000000000000000000, 0.000000000000000000 ) ) ;
#3460 = B_SPLINE_CURVE_WITH_KNOTS ( 'NONE', 3,
 ( #2070, #2092, #4261, #3816 ),
 .UNSPECIFIED., .F., .F.,
 ( 4, 4 ),
 ( 6.943573370654010692E-18, 0.003999601577011589748 ),
 .UNSPECIFIED. ) ;
#3461 = VECTOR ( 'NONE', #3345, 1000.000000000000000 ) ;
#3462 = DIRECTION ( 'NONE',  ( 0.000000000000000000, 1.000000000000000000, 0.000000000000000000 ) ) ;
#3463 = EDGE_LOOP ( 'NONE', ( #425, #1429, #4202, #215, #1778 ) ) ;
#3464 = CARTESIAN_POINT ( 'NONE',  ( 16.98944841176231080, -31.67444757863924210, -27.51488045751494127 ) ) ;
#3465 = CARTESIAN_POINT ( 'NONE',  ( 152.5123580123484714, -6.042206017375251648, 80.31285082037517498 ) ) ;
#3466 = AXIS2_PLACEMENT_3D ( 'NONE', #1797, #2186, #3515 ) ;
#3467 = CARTESIAN_POINT ( 'NONE',  ( 86.14473783712179511, -57.95386985700420013, 24.21589985473444884 ) ) ;
#3468 = CARTESIAN_POINT ( 'NONE',  ( -1.134705643865838718E-06, -41.79338277993002748, 0.2042040640332722090 ) ) ;
#3469 = CARTESIAN_POINT ( 'NONE',  ( -5.507998297856273595, -41.96944676484330472, -0.3063367024858845156 ) ) ;
#3470 = EDGE_CURVE ( 'NONE', #971, #5509, #2746, .T. ) ;
#3471 = ORIENTED_EDGE ( 'NONE', *, *, #874, .T. ) ;
#3472 = CARTESIAN_POINT ( 'NONE',  ( -1.179170822827827703, -41.49747218533139659, -8.941998782306013638 ) ) ;
#3473 = CARTESIAN_POINT ( 'NONE',  ( 161.4968035388760370, -6.042206017375335136, -71.95633206547306315 ) ) ;
#3474 = CARTESIAN_POINT ( 'NONE',  ( 1.180565342426918907, -41.49959745947544576, 8.927171361827934248 ) ) ;
#3475 = CARTESIAN_POINT ( 'NONE',  ( 8.702240071216117201, -38.18359760585872209, -2.314808089764079480 ) ) ;
#3476 = CARTESIAN_POINT ( 'NONE',  ( 13.15949949251191953, -38.31026286157670313, -0.1470188481355378107 ) ) ;
#3477 = FACE_OUTER_BOUND ( 'NONE', #4731, .T. ) ;
#3478 = CARTESIAN_POINT ( 'NONE',  ( 9.180011546478814566, -42.24575990172672135, -2.077903720864762160 ) ) ;
#3479 = CARTESIAN_POINT ( 'NONE',  ( 10.28725191854847054, -24.38851012101716975, 44.63294385369231776 ) ) ;
#3480 = CARTESIAN_POINT ( 'NONE',  ( -12.31153003840537252, -38.03320152123548326, 4.259893286187564243 ) ) ;
#3481 = CARTESIAN_POINT ( 'NONE',  ( 19.07334698233634995, -42.30756013076910449, -5.181181809388050601E-15 ) ) ;
#3482 = CARTESIAN_POINT ( 'NONE',  ( 9.180005109440637412, -42.29214137114303895, -0.9194804949377219927 ) ) ;
#3483 = DIRECTION ( 'NONE',  ( 0.000000000000000000, -1.000000000000000000, 0.000000000000000000 ) ) ;
#3484 = CARTESIAN_POINT ( 'NONE',  ( 1.179170822678516029, -41.49747218533141790, 8.941998782320771610 ) ) ;
#3485 = CARTESIAN_POINT ( 'NONE',  ( 8.763425056053637974, -42.20779382259517121, -2.055361693402036227 ) ) ;
#3486 = CARTESIAN_POINT ( 'NONE',  ( 7.343953323228487484, -41.74792629672320743, 8.400072464069282319 ) ) ;
#3487 = FACE_OUTER_BOUND ( 'NONE', #2156, .T. ) ;
#3488 = EDGE_CURVE ( 'NONE', #5103, #1990, #2108, .T. ) ;
#3489 = CARTESIAN_POINT ( 'NONE',  ( 23.13850053261344897, -58.99259783589939588, -3.625970439761834165E-15 ) ) ;
#3490 = CYLINDRICAL_SURFACE ( 'NONE', #1639, 12.74500000000000632 ) ;
#3491 = VERTEX_POINT ( 'NONE', #2898 ) ;
#3492 = CARTESIAN_POINT ( 'NONE',  ( -9.180051010703031977, -41.81642451597864607, 9.179970327191995239 ) ) ;
#3493 = CARTESIAN_POINT ( 'NONE',  ( 39.51656070489252670, -6.042206017375212568, 92.83996185206967766 ) ) ;
#3494 = DIRECTION ( 'NONE',  ( 0.000000000000000000, -1.000000000000000000, 0.000000000000000000 ) ) ;
#3495 = CARTESIAN_POINT ( 'NONE',  ( -9.179996594037218571, -42.30370506481105508, -0.6129698115837330930 ) ) ;
#3496 = CARTESIAN_POINT ( 'NONE',  ( 5.508001701973130437, -41.96944799685734750, -0.3062754896139544547 ) ) ;
#3497 = ORIENTED_EDGE ( 'NONE', *, *, #2102, .T. ) ;
#3498 = CARTESIAN_POINT ( 'NONE',  ( -13.15518455823439936, -36.65699875535980112, 13.16961417038971938 ) ) ;
#3499 = CARTESIAN_POINT ( 'NONE',  ( -7.150532840394287604, -41.92918539723043381, 5.497191150349625133 ) ) ;
#3500 = CARTESIAN_POINT ( 'NONE',  ( 3.997140869949340480, -37.58261839734927179, -8.069055544350483444 ) ) ;
#3501 = VERTEX_POINT ( 'NONE', #3368 ) ;
#3502 = LINE ( 'NONE', #430, #5174 ) ;
#3503 = ORIENTED_EDGE ( 'NONE', *, *, #4458, .T. ) ;
#3504 = DIRECTION ( 'NONE',  ( 1.000000000000000000, 0.000000000000000000, -0.000000000000000000 ) ) ;
#3505 = CARTESIAN_POINT ( 'NONE',  ( -7.343983152636476497, -42.05000831274161044, -3.031908093309130248 ) ) ;
#3506 = CARTESIAN_POINT ( 'NONE',  ( -12.99840399442346062, -38.31026286157670313, 0.07350942406776220239 ) ) ;
#3507 = CARTESIAN_POINT ( 'NONE',  ( -5.334285984052018037, -36.93225387966910489, 11.86281265238372207 ) ) ;
#3508 = CARTESIAN_POINT ( 'NONE',  ( 20.34536719873065280, -34.34959553575265545, -21.81000826438560125 ) ) ;
#3509 = CARTESIAN_POINT ( 'NONE',  ( 5.508038008197629232, -41.74731312820914297, -6.840021684190814355 ) ) ;
#3510 = CARTESIAN_POINT ( 'NONE',  ( -6.781234974092950729, -41.88133911202154280, 5.946831924853575480 ) ) ;
#3511 = CARTESIAN_POINT ( 'NONE',  ( -18.00000000000000000, -38.06945898554211283, -5.971949508083570279 ) ) ;
#3512 = CARTESIAN_POINT ( 'NONE',  ( 69.65500000000001535, -58.25464714294840007, 0.000000000000000000 ) ) ;
#3513 = CARTESIAN_POINT ( 'NONE',  ( -7.153518128214161997, -41.92961551018223076, 5.492731044392355599 ) ) ;
#3514 = CARTESIAN_POINT ( 'NONE',  ( -7.568168270979996670, -41.98937689492970549, -4.872862643179433739 ) ) ;
#3515 = DIRECTION ( 'NONE',  ( 1.000000000000000000, 0.000000000000000000, -0.000000000000000000 ) ) ;
#3516 = EDGE_CURVE ( 'NONE', #1176, #3610, #4627, .T. ) ;
#3517 = DIRECTION ( 'NONE',  ( 0.000000000000000000, 0.000000000000000000, 1.000000000000000000 ) ) ;
#3518 = SECURITY_CLASSIFICATION ( '', '', #2398 ) ;
#3519 = VERTEX_POINT ( 'NONE', #2850 ) ;
#3520 = CARTESIAN_POINT ( 'NONE',  ( 20.13203320690989884, -38.31026286157670313, -0.1470188481355546029 ) ) ;
#3521 = CARTESIAN_POINT ( 'NONE',  ( 96.11475328409613894, -6.042206017375224114, 103.5514823754206049 ) ) ;
#3522 = DIRECTION ( 'NONE',  ( -1.490420224606775841E-16, -1.000000000000000000, 0.000000000000000000 ) ) ;
#3523 = CARTESIAN_POINT ( 'NONE',  ( -1.702058459057762940E-06, -41.79055256047667655, 0.3063060960499107699 ) ) ;
#3524 = CARTESIAN_POINT ( 'NONE',  ( -9.179998297799405904, -42.31469511206928757, -0.3063571067765277212 ) ) ;
#3525 = EDGE_LOOP ( 'NONE', ( #1088, #3287 ) ) ;
#3526 = CARTESIAN_POINT ( 'NONE',  ( 13.15949949251191953, -37.58412590509600193, 8.970993739684610446 ) ) ;
#3527 = CARTESIAN_POINT ( 'NONE',  ( -4.751848120814024412, -41.67776657638366800, 7.644759034772629747 ) ) ;
#3528 = CARTESIAN_POINT ( 'NONE',  ( 14.78573987706091231, -27.13048470727568429, 34.95243013824976686 ) ) ;
#3529 = EDGE_LOOP ( 'NONE', ( #2043, #1638, #1445, #5395, #2579, #3061 ) ) ;
#3530 = CARTESIAN_POINT ( 'NONE',  ( 13.15949949251191953, -37.58412590509600193, 8.970993739684610446 ) ) ;
#3531 = ORIENTED_EDGE ( 'NONE', *, *, #2549, .T. ) ;
#3532 = CARTESIAN_POINT ( 'NONE',  ( -1.107166554184256357, -37.45021324675479235, 8.951151456716054611 ) ) ;
#3533 = CARTESIAN_POINT ( 'NONE',  ( 3.672006245935305113, -41.88114297932266084, -1.124021774164253751 ) ) ;
#3534 = CARTESIAN_POINT ( 'NONE',  ( -5.747812694102960350E-15, -38.31026286157670313, 0.000000000000000000 ) ) ;
#3535 = CARTESIAN_POINT ( 'NONE',  ( -0.001283415555043834018, 11.74493434166574168, -0.06168758558244399198 ) ) ;
#3536 = CARTESIAN_POINT ( 'NONE',  ( 166.8105216244159976, -6.042206017375332472, -66.19565608490574959 ) ) ;
#3537 = CARTESIAN_POINT ( 'NONE',  ( -3.671957657472793901, -41.61891006585366171, -7.620062377348028271 ) ) ;
#3538 = CARTESIAN_POINT ( 'NONE',  ( -18.00000000000000000, -6.042206017372979687, 53.98290812280559692 ) ) ;
#3539 = CARTESIAN_POINT ( 'NONE',  ( -18.00000000000000000, -38.31026286157670313, -0.07350942406777120908 ) ) ;
#3540 = EDGE_CURVE ( 'NONE', #3953, #4663, #712, .T. ) ;
#3541 = CARTESIAN_POINT ( 'NONE',  ( -18.00000000000000000, -38.08334154604071387, 5.880626755295395469 ) ) ;
#3542 = CARTESIAN_POINT ( 'NONE',  ( -5.487530915465815617, -41.74037537613465787, 7.157548835879234517 ) ) ;
#3543 = B_SPLINE_SURFACE_WITH_KNOTS ( 'NONE', 2, 1, ( 
 ( #2209, #1319 ),
 ( #1792, #1377 ),
 ( #3080, #5324 ) ),
 .UNSPECIFIED., .F., .F., .F.,
 ( 3, 3 ),
 ( 2, 2 ),
 ( 0.000000000000000000, 0.9230367382001619658 ),
 ( 0.000000000000000000, 1.000000000000000000 ),
 .UNSPECIFIED. ) ;
#3544 = CARTESIAN_POINT ( 'NONE',  ( -18.00000000000000000, -23.68619686104764810, 39.70994965335955840 ) ) ;
#3545 = CARTESIAN_POINT ( 'NONE',  ( 71.84055018553705452, -57.95386985700427118, 24.06511801717883259 ) ) ;
#3546 = FACE_OUTER_BOUND ( 'NONE', #4611, .T. ) ;
#3547 = PLANE ( 'NONE',  #3159 ) ;
#3548 = CLOSED_SHELL ( 'NONE', ( #1640, #806, #2990, #4956, #3857, #2697, #1095, #1178, #4693, #372, #2962, #209, #3223 ) ) ;
#3549 = ORIENTED_EDGE ( 'NONE', *, *, #4613, .F. ) ;
#3550 = CARTESIAN_POINT ( 'NONE',  ( 9.179983152608031105, -42.20094904025863514, 3.031918295454446799 ) ) ;
#3551 = CARTESIAN_POINT ( 'NONE',  ( 53.55850742903879791, -6.042206017375216121, 98.73658534719523061 ) ) ;
#3552 = AXIS2_PLACEMENT_3D ( 'NONE', #1315, #9, #1729 ) ;
#3553 = CARTESIAN_POINT ( 'NONE',  ( 13.15949949251191953, -38.13805647533410337, 4.535102704269229790 ) ) ;
#3554 = CARTESIAN_POINT ( 'NONE',  ( -9.179994890275036568, -42.29213543396684116, -0.9195825163909381317 ) ) ;
#3555 = CARTESIAN_POINT ( 'NONE',  ( -5.507961991631773913, -41.74730526027871491, -6.840082897062743861 ) ) ;
#3556 = AXIS2_PLACEMENT_3D ( 'NONE', #1539, #4222, #2518 ) ;
#3557 = LINE ( 'NONE', #4859, #5532 ) ;
#3558 = EDGE_CURVE ( 'NONE', #2343, #182, #2923, .T. ) ;
#3559 = CARTESIAN_POINT ( 'NONE',  ( -9.179970489981760906, -42.08223716987231455, -5.310711738576871177 ) ) ;
#3560 = CARTESIAN_POINT ( 'NONE',  ( 9.319709557639560771, -16.69018250385106583, 46.34637179230581694 ) ) ;
#3561 = ORIENTED_EDGE ( 'NONE', *, *, #3470, .F. ) ;
#3562 = CARTESIAN_POINT ( 'NONE',  ( -4.667665778224308089E-05, -41.49435253679071423, 8.400031655487994797 ) ) ;
#3563 = ORIENTED_EDGE ( 'NONE', *, *, #2189, .F. ) ;
#3564 = CARTESIAN_POINT ( 'NONE',  ( 2.386290973843062435, -37.48937812489861443, 8.697682629365335316 ) ) ;
#3565 = CARTESIAN_POINT ( 'NONE',  ( -9.179983152608054198, -42.20094904036889005, -3.031918295454451240 ) ) ;
#3566 = CARTESIAN_POINT ( 'NONE',  ( -7.343998865180651592, -42.10617315432034502, -0.2042448726145680293 ) ) ;
#3567 = CARTESIAN_POINT ( 'NONE',  ( 1.524443225117138923, -37.46204131177812968, 8.874800830815669173 ) ) ;
#3568 = CARTESIAN_POINT ( 'NONE',  ( 8.941569456212636879, -42.25797699056728618, -1.184215616387600312 ) ) ;
#3569 = CARTESIAN_POINT ( 'NONE',  ( -9.000000000000000000, -38.30472695027329877, -3.659182332138580620E-15 ) ) ;
#3570 = CARTESIAN_POINT ( 'NONE',  ( -7.343978988417044107, -42.01818542903541243, -3.781309973655036849 ) ) ;
#3571 = CARTESIAN_POINT ( 'NONE',  ( 12.99853023011491260, -38.27054827061422770, 0.8811979485841956450 ) ) ;
#3572 = DIRECTION ( 'NONE',  ( 0.000000000000000000, 1.000000000000000000, 0.000000000000000000 ) ) ;
#3573 = CARTESIAN_POINT ( 'NONE',  ( 73.65500000000000114, -63.39640923772801528, 0.000000000000000000 ) ) ;
#3574 = CARTESIAN_POINT ( 'NONE',  ( 9.179948989012643779, -41.81641118679826974, 9.180072348645213154 ) ) ;
#3575 = CARTESIAN_POINT ( 'NONE',  ( 103.1449999999999960, -58.93658393131480011, 2.050671065172245467E-15 ) ) ;
#3576 = CARTESIAN_POINT ( 'NONE',  ( 42.40893209317441404, -33.22972007004630512, 72.71224217743807117 ) ) ;
#3577 = CARTESIAN_POINT ( 'NONE',  ( -8.484659204490414552, -38.13362835366428527, 3.016079747435091996 ) ) ;
#3578 = DIRECTION ( 'NONE',  ( 1.500332356076764948E-16, 1.000000000000000000, 0.000000000000000000 ) ) ;
#3579 = CARTESIAN_POINT ( 'NONE',  ( 226.6457644257072843, 9.999999999999980460, -137.7671940876994938 ) ) ;
#3580 = ORIENTED_EDGE ( 'NONE', *, *, #2511, .F. ) ;
#3581 = CARTESIAN_POINT ( 'NONE',  ( 7.343978988417015685, -42.01818542921503763, 3.781309973655031964 ) ) ;
#3582 = PRODUCT_RELATED_PRODUCT_CATEGORY ( 'detail', '', ( #4606 ) ) ;
#3583 = CARTESIAN_POINT ( 'NONE',  ( 10.59419117216618567, -6.042206017375214344, 71.20900924469441406 ) ) ;
#3584 = PLANE ( 'NONE',  #5371 ) ;
#3585 = CARTESIAN_POINT ( 'NONE',  ( -7.811985143943756427, -42.02456128797290091, -4.507541666907366462 ) ) ;
#3586 = CARTESIAN_POINT ( 'NONE',  ( 5.508051010759867694, -41.58978407722752735, -9.179990731482631006 ) ) ;
#3587 =( BOUNDED_SURFACE ( )  B_SPLINE_SURFACE ( 2, 3, ( 
 ( #5028, #2071, #1190, #2024 ),
 ( #3796, #285, #4578, #1608 ),
 ( #1584, #5095, #1168, #5515 ) ),
 .UNSPECIFIED., .F., .F., .F. ) 
 B_SPLINE_SURFACE_WITH_KNOTS ( ( 3, 3 ),
 ( 4, 4 ),
 ( 0.001208225356012821924, 0.7334610202777239740 ),
 ( 0.000000000000000000, 1.000000000000000000 ),
 .UNSPECIFIED. ) 
 GEOMETRIC_REPRESENTATION_ITEM ( )  RATIONAL_B_SPLINE_SURFACE ( (
 ( 1.000000000000000000, 0.3333333333333335369, 0.3333333333333335369, 1.000000000000000000),
 ( 1.000000000000000000, 0.3333333333333335369, 0.3333333333333335369, 1.000000000000000000),
 ( 1.000000000000000000, 0.3333333333333335369, 0.3333333333333335369, 1.000000000000000000) ) ) 
 REPRESENTATION_ITEM ( '' )  SURFACE ( )  );
#3588 = CARTESIAN_POINT ( 'NONE',  ( -6.822001852406477163, -37.09723559353736988, 11.01096276086694559 ) ) ;
#3589 = CARTESIAN_POINT ( 'NONE',  ( 6.245992168675559985E-06, -41.78975016829365785, -1.124042178454897067 ) ) ;
#3590 = CARTESIAN_POINT ( 'NONE',  ( -7.792002288640100360, -38.00593087038204487, -4.513525414486247556 ) ) ;
#3591 = VERTEX_POINT ( 'NONE', #3392 ) ;
#3592 = CARTESIAN_POINT ( 'NONE',  ( 3.671978988473880712, -41.81616949228254754, 3.781289569364389092 ) ) ;
#3593 = ORIENTED_EDGE ( 'NONE', *, *, #456, .F. ) ;
#3594 = CARTESIAN_POINT ( 'NONE',  ( 4.789214455954565075, -37.64487940800631804, 7.625508495269452069 ) ) ;
#3595 = EDGE_CURVE ( 'NONE', #2103, #4185, #649, .T. ) ;
#3596 = CARTESIAN_POINT ( 'NONE',  ( -0.001283415555051344069, -38.31026286157670313, -0.06168758558244399198 ) ) ;
#3597 = CARTESIAN_POINT ( 'NONE',  ( 5.507998865209059680, -41.97550274140639459, 0.2042346704692372394 ) ) ;
#3598 = CARTESIAN_POINT ( 'NONE',  ( -9.000000000000008882, -42.30708556946424181, 1.275516048117262778E-10 ) ) ;
#3599 = CARTESIAN_POINT ( 'NONE',  ( -1.471651862828319057, -41.50600330026365015, -8.883779522043015575 ) ) ;
#3600 = CARTESIAN_POINT ( 'NONE',  ( -6.769217468848776953, -41.88146356654309699, -5.938422597427624794 ) ) ;
#3601 = CARTESIAN_POINT ( 'NONE',  ( 3.403938303609467031, -36.79017392656413676, 12.55362786029321320 ) ) ;
#3602 = CARTESIAN_POINT ( 'NONE',  ( 20.36082540615130299, -6.042206017372979687, 53.98290812280559692 ) ) ;
#3603 = CARTESIAN_POINT ( 'NONE',  ( -8.199887352861534140, -42.09057457643679356, 3.721330030852938897 ) ) ;
#3604 = CARTESIAN_POINT ( 'NONE',  ( -18.00000000000000000, -34.34959553575265545, 21.81000826438560125 ) ) ;
#3605 = ADVANCED_FACE ( 'NONE', ( #98 ), #220, .T. ) ;
#3606 = CARTESIAN_POINT ( 'NONE',  ( 7.343961991603315198, -41.85264108032092167, 6.840093099208063521 ) ) ;
#3607 = CARTESIAN_POINT ( 'NONE',  ( 136.4512126208165341, -20.95902901126089901, 86.80962591943116990 ) ) ;
#3608 = CARTESIAN_POINT ( 'NONE',  ( 159.5718911911935436, -33.22972007004630512, 43.22219982320987697 ) ) ;
#3609 = CARTESIAN_POINT ( 'NONE',  ( 12.56003827796484096, -38.10583052543307048, 3.380344923988495065 ) ) ;
#3610 = VERTEX_POINT ( 'NONE', #160 ) ;
#3611 = ORIENTED_EDGE ( 'NONE', *, *, #732, .T. ) ;
#3612 = CARTESIAN_POINT ( 'NONE',  ( 3.671983152693320207, -41.84321739123220851, 3.031887689018482490 ) ) ;
#3613 = CARTESIAN_POINT ( 'NONE',  ( 12.32830423655428120, -6.042206017375211680, 73.01757050906556401 ) ) ;
#3614 = CARTESIAN_POINT ( 'NONE',  ( 17.04597530752000623, -31.79623648468892583, 27.27060800572569477 ) ) ;
#3615 = CARTESIAN_POINT ( 'NONE',  ( 4.504591133929610081, -41.65783475387775070, -7.797174366520626343 ) ) ;
#3616 = CARTESIAN_POINT ( 'NONE',  ( -5.507957657444362276, -41.69805266490380546, -7.620072579493352372 ) ) ;
#3617 = CIRCLE ( 'NONE', #2807, 16.74499999999999744 ) ;
#3618 = CARTESIAN_POINT ( 'NONE',  ( 11.65279265519379415, -37.88120880545159963, 5.756226206313476368 ) ) ;
#3619 = CARTESIAN_POINT ( 'NONE',  ( 3.672038008226062189, -41.66660914958403339, -6.840031886336136679 ) ) ;
#3620 = CARTESIAN_POINT ( 'NONE',  ( -0.5744567284021339093, -37.44468431734125602, -8.986564022600262547 ) ) ;
#3621 = ORIENTED_EDGE ( 'NONE', *, *, #5106, .F. ) ;
#3622 = CARTESIAN_POINT ( 'NONE',  ( -5.508046676572485367, -41.64574234806982389, 8.400001049052029600 ) ) ;
#3623 = EDGE_LOOP ( 'NONE', ( #3948, #5536, #4438, #2823, #5114 ) ) ;
#3624 = CARTESIAN_POINT ( 'NONE',  ( -1.977508687156214862, -37.47591264097945896, 8.785026575780246816 ) ) ;
#3625 = CARTESIAN_POINT ( 'NONE',  ( 3.493117819995517070, -6.042206017372497406, -53.98290812280571060 ) ) ;
#3626 = CARTESIAN_POINT ( 'NONE',  ( -9.179999999857848536, -42.33629126074696103, -5.101072661278475967E-05 ) ) ;
#3627 = LINE ( 'NONE', #2232, #4003 ) ;
#3628 = CARTESIAN_POINT ( 'NONE',  ( -22.00000000000000000, -6.042206017373979776, 58.61996200337829777 ) ) ;
#3629 = CARTESIAN_POINT ( 'NONE',  ( -2.049199086151292981, -41.52282603432114172, -8.768593366005712042 ) ) ;
#3630 = CARTESIAN_POINT ( 'NONE',  ( 185.3328331859785010, -6.042206017371049676, 1.211577774917876053E-14 ) ) ;
#3631 = EDGE_CURVE ( 'NONE', #80, #5198, #40, .T. ) ;
#3632 = CARTESIAN_POINT ( 'NONE',  ( -9.000000000028256508, -42.30661043242390207, 0.1490250659397832911 ) ) ;
#3633 = CARTESIAN_POINT ( 'NONE',  ( -18.00000000000000000, -6.042206017372994786, 53.98290812280554718 ) ) ;
#3634 = CARTESIAN_POINT ( 'NONE',  ( 5.507988453293688025, -41.96221732434155882, 2.077985338027329654 ) ) ;
#3635 = CARTESIAN_POINT ( 'NONE',  ( 185.3328331859802063, -6.042206017369121440, 58.43903465427121091 ) ) ;
#3636 = CARTESIAN_POINT ( 'NONE',  ( 86.22349912700521202, -58.93658393131480011, 16.74406976937894953 ) ) ;
#3637 = CARTESIAN_POINT ( 'NONE',  ( -18.00000000000000000, -6.042206017372989457, -53.98290812280549744 ) ) ;
#3638 = EDGE_CURVE ( 'NONE', #1737, #2451, #1404, .T. ) ;
#3639 = ORIENTED_EDGE ( 'NONE', *, *, #3830, .F. ) ;
#3640 = DIRECTION ( 'NONE',  ( 0.000000000000000000, -1.000000000000000000, 0.000000000000000000 ) ) ;
#3641 = DATE_AND_TIME ( #5335, #374 ) ;
#3642 = ORIENTED_EDGE ( 'NONE', *, *, #3151, .F. ) ;
#3643 = CARTESIAN_POINT ( 'NONE',  ( -9.180011546478842988, -42.24575990181087803, 2.077903720864756831 ) ) ;
#3644 = CARTESIAN_POINT ( 'NONE',  ( 40.60360956192334925, -50.78462308660660085, -1.121688059249859863E-14 ) ) ;
#3645 = CARTESIAN_POINT ( 'NONE',  ( 15.36539930183137770, -28.29901634284275858, 33.23846483402756746 ) ) ;
#3646 = CARTESIAN_POINT ( 'NONE',  ( 8.940234657981401156, -42.25759592316184410, -1.190879450489594760 ) ) ;
#3647 = CARTESIAN_POINT ( 'NONE',  ( 139.1842759379911740, -47.26221975847439438, 6.464209457277149827E-15 ) ) ;
#3648 = AXIS2_PLACEMENT_3D ( 'NONE', #2274, #3244, #3182 ) ;
#3649 = CARTESIAN_POINT ( 'NONE',  ( 6.866290476516417662, -37.10263930909409424, 10.98209379928966456 ) ) ;
#3650 = VECTOR ( 'NONE', #4619, 1000.000000000000000 ) ;
#3651 = EDGE_CURVE ( 'NONE', #637, #967, #3172, .T. ) ;
#3652 = CARTESIAN_POINT ( 'NONE',  ( 5.508006245906871712, -41.96795418442002301, -1.124011572018932315 ) ) ;
#3653 = CARTESIAN_POINT ( 'NONE',  ( -22.00000000000000000, -42.30756013076910449, -5.181181809388050601E-15 ) ) ;
#3654 = VERTEX_POINT ( 'NONE', #3235 ) ;
#3655 = CARTESIAN_POINT ( 'NONE',  ( -5.508016847164520335, -41.92984125614903945, 3.031836678291873977 ) ) ;
#3656 = ORIENTED_EDGE ( 'NONE', *, *, #1727, .F. ) ;
#3657 = AXIS2_PLACEMENT_3D ( 'NONE', #515, #89, #2171 ) ;
#3658 = CARTESIAN_POINT ( 'NONE',  ( 8.999987150092637833, -38.30413965686235400, 0.01520848997227157440 ) ) ;
#3659 = CARTESIAN_POINT ( 'NONE',  ( 9.180051010703001779, -41.81642451497097568, -9.179970327191993462 ) ) ;
#3660 = CARTESIAN_POINT ( 'NONE',  ( -3.672001134648780418, -41.88910343542097792, 0.2041836597426287814 ) ) ;
#3661 = CARTESIAN_POINT ( 'NONE',  ( 8.999987150092637833, -38.30413965686235400, 0.01520848997227157440 ) ) ;
#3662 = CARTESIAN_POINT ( 'NONE',  ( 0.5848881927590076080, -41.49090554926058161, -8.985927618551064811 ) ) ;
#3663 = CARTESIAN_POINT ( 'NONE',  ( -1.179170822827827703, -41.49747218533139659, -8.941998782306013638 ) ) ;
#3664 = CARTESIAN_POINT ( 'NONE',  ( -12.53283318597851981, -6.042206017371019477, -2.423155549835754631E-14 ) ) ;
#3665 = CYLINDRICAL_SURFACE ( 'NONE', #5538, 12.74500000000000632 ) ;
#3666 = CARTESIAN_POINT ( 'NONE',  ( 172.6772380009915366, -20.95902901126225260, 1.056591433571883900E-14 ) ) ;
#3667 = CARTESIAN_POINT ( 'NONE',  ( -3.672003405763780481, -41.88853576663195355, 0.6128983965664731581 ) ) ;
#3668 = CARTESIAN_POINT ( 'NONE',  ( 185.3328331859800073, -6.042206017369109006, 4.163336342344334502E-14 ) ) ;
#3669 = CARTESIAN_POINT ( 'NONE',  ( 12.33325034156387012, -33.22972007004623407, 41.67014294537386832 ) ) ;
#3670 = CARTESIAN_POINT ( 'NONE',  ( -18.00000000000000000, -11.27713467053115970, -50.82238809104900668 ) ) ;
#3671 = CARTESIAN_POINT ( 'NONE',  ( 7.167298334596688747, -37.90964474669562634, -5.474960255844161239 ) ) ;
#3672 = CARTESIAN_POINT ( 'NONE',  ( -0.001283415555043834018, 11.74493434166574168, -0.06168758558244399198 ) ) ;
#3673 = PERSON_AND_ORGANIZATION ( #238, #2522 ) ;
#3674 = EDGE_CURVE ( 'NONE', #4013, #1901, #4646, .T. ) ;
#3675 = ORIENTED_EDGE ( 'NONE', *, *, #2634, .F. ) ;
#3676 = UNCERTAINTY_MEASURE_WITH_UNIT (LENGTH_MEASURE( 1.000000000000000082E-05 ), #3216, 'distance_accuracy_value', 'NONE');
#3677 = CARTESIAN_POINT ( 'NONE',  ( 132.1963904380766053, -50.78462308660660085, 5.608440296249299316E-15 ) ) ;
#3678 = CARTESIAN_POINT ( 'NONE',  ( 18.46269965148495373, -34.95335303226374890, 19.44688963337216236 ) ) ;
#3679 = CARTESIAN_POINT ( 'NONE',  ( -18.00000000000000000, -23.68619686104764810, -39.70994965335955840 ) ) ;
#3680 = CARTESIAN_POINT ( 'NONE',  ( 9.180029509733914850, -42.08224734154786262, -5.310609717123657703 ) ) ;
#3681 = CARTESIAN_POINT ( 'NONE',  ( 2.974410461583242071, -36.78058760762045409, 12.59834187687948415 ) ) ;
#3682 = CARTESIAN_POINT ( 'NONE',  ( 9.180011546478814566, -42.24575990172672135, -2.077903720864762160 ) ) ;
#3683 = CARTESIAN_POINT ( 'NONE',  ( -7.151508109835861937, -37.90742653524890926, -5.495377398261807933 ) ) ;
#3684 = ORIENTED_EDGE ( 'NONE', *, *, #869, .T. ) ;
#3685 = CARTESIAN_POINT ( 'NONE',  ( 3.671970490067029136, -41.75190379147125697, 5.310681132140905092 ) ) ;
#3686 = ORIENTED_EDGE ( 'NONE', *, *, #5246, .F. ) ;
#3687 = CARTESIAN_POINT ( 'NONE',  ( -10.98672761658436769, -37.74166560017503258, 6.898576405909704334 ) ) ;
#3688 = CARTESIAN_POINT ( 'NONE',  ( 189.9689660407810834, -6.042206017375299609, 11.00845791306005594 ) ) ;
#3689 = CARTESIAN_POINT ( 'NONE',  ( -3.672003405763780481, -41.88853576663195355, 0.6128983965664731581 ) ) ;
#3690 = CARTESIAN_POINT ( 'NONE',  ( 4.789214455954565075, -37.64487940800631804, 7.625508495269452069 ) ) ;
#3691 = CARTESIAN_POINT ( 'NONE',  ( 53.95309449486676101, -6.042206017375313820, -98.82104314210569385 ) ) ;
#3692 = CARTESIAN_POINT ( 'NONE',  ( 7.152709495335535017, -41.92949305375417168, -5.493823729320014948 ) ) ;
#3693 = CARTESIAN_POINT ( 'NONE',  ( 172.6772380009915366, -20.95902901126225260, 1.056591433571883900E-14 ) ) ;
#3694 = CARTESIAN_POINT ( 'NONE',  ( -4.259443137613194708, -6.042206017373009885, 0.000000000000000000 ) ) ;
#3695 = CARTESIAN_POINT ( 'NONE',  ( 185.3328331859785010, -6.042206017371049676, 1.211577774917876053E-14 ) ) ;
#3696 = CARTESIAN_POINT ( 'NONE',  ( -9.180001701916292944, -42.31469916674568310, 0.3062550853233024784 ) ) ;
#3697 = CARTESIAN_POINT ( 'NONE',  ( 54.89384660698920015, -56.13001623236039705, -0.6642926860360910402 ) ) ;
#3698 = CARTESIAN_POINT ( 'NONE',  ( 12.99998145813962935, -38.30387826367884685, 0.02195650304199129460 ) ) ;
#3699 = CARTESIAN_POINT ( 'NONE',  ( 20.34536719873065280, -11.27713467053115970, -50.82238809104900668 ) ) ;
#3700 = CARTESIAN_POINT ( 'NONE',  ( 0.6031235084679215097, -37.44272310930666237, -8.999024773508397246 ) ) ;
#3701 = FACE_OUTER_BOUND ( 'NONE', #5437, .T. ) ;
#3702 = DIRECTION ( 'NONE',  ( 0.000000000000000000, 1.000000000000000000, 0.000000000000000000 ) ) ;
#3703 = VERTEX_POINT ( 'NONE', #4902 ) ;
#3704 = CARTESIAN_POINT ( 'NONE',  ( 38.98228782960412531, -6.042206017375212568, 92.56784649299454770 ) ) ;
#3705 = CARTESIAN_POINT ( 'NONE',  ( 4.516283000745636045, -37.62208781278298630, -7.790377421486629039 ) ) ;
#3706 = CARTESIAN_POINT ( 'NONE',  ( 8.999999999999987566, -42.30756013076910449, -5.181181809388050601E-15 ) ) ;
#3707 = ADVANCED_FACE ( 'NONE', ( #2658 ), #4452, .F. ) ;
#3708 = CARTESIAN_POINT ( 'NONE',  ( 7.568168270979975354, -41.98937689492972680, 4.872862643179437292 ) ) ;
#3709 = CARTESIAN_POINT ( 'NONE',  ( 14.76149116098748593, -33.44722524979781042, 32.64968803460865843 ) ) ;
#3710 = AXIS2_PLACEMENT_3D ( 'NONE', #5156, #2552, #4569 ) ;
#3711 = CARTESIAN_POINT ( 'NONE',  ( 42.40893209317441404, -33.22972007004630512, 72.71224217743807117 ) ) ;
#3712 = CARTESIAN_POINT ( 'NONE',  ( -4.667665778224308089E-05, -41.49435253679071423, 8.400031655487994797 ) ) ;
#3713 = VERTEX_POINT ( 'NONE', #1627 ) ;
#3714 = EDGE_CURVE ( 'NONE', #91, #5577, #4146, .T. ) ;
#3715 = CARTESIAN_POINT ( 'NONE',  ( -9.179999999857848536, -42.33629126074696103, -5.101072661278475967E-05 ) ) ;
#3716 = VERTEX_POINT ( 'NONE', #5009 ) ;
#3717 = CARTESIAN_POINT ( 'NONE',  ( 13.74570485429425304, -25.07187321893884047, 37.70619940813257642 ) ) ;
#3718 = DIRECTION ( 'NONE',  ( -0.000000000000000000, -1.000000000000000000, -0.000000000000000000 ) ) ;
#3719 = CARTESIAN_POINT ( 'NONE',  ( 16.52276564061153863, -37.37361167012889496, -24.48067474414930444 ) ) ;
#3720 = CARTESIAN_POINT ( 'NONE',  ( 189.2827555534509258, -6.042206017375297833, 15.44125958196456416 ) ) ;
#3721 = CARTESIAN_POINT ( 'NONE',  ( 41.73835727960075559, -6.042206017375305827, -93.98305375658101468 ) ) ;
#3722 = CARTESIAN_POINT ( 'NONE',  ( 6.522518191605461979, -37.05146502262662267, 11.25329287581781657 ) ) ;
#3723 = FACE_BOUND ( 'NONE', #3031, .T. ) ;
#3724 = CARTESIAN_POINT ( 'NONE',  ( 40.60360956192334925, -50.78462308660660085, -1.121688059249859863E-14 ) ) ;
#3725 = CARTESIAN_POINT ( 'NONE',  ( -3.672016847192949740, -41.84322007454385783, 3.031846880437195413 ) ) ;
#3726 = CARTESIAN_POINT ( 'NONE',  ( 85.84362670746759250, -47.26221975847409595, 52.78134362686709835 ) ) ;
#3727 = CARTESIAN_POINT ( 'NONE',  ( 40.60360956192278081, -50.78462308660630953, 4.374560424668684192E-16 ) ) ;
#3728 = CARTESIAN_POINT ( 'NONE',  ( -5.723560739628822169, -36.96868988163262060, 11.67997568658576135 ) ) ;
#3729 = CARTESIAN_POINT ( 'NONE',  ( 8.970806591066113000, -42.27765449729220393, 0.7390898075721781257 ) ) ;
#3730 = EDGE_CURVE ( 'NONE', #5255, #3890, #311, .T. ) ;
#3731 = PLANE ( 'NONE',  #4817 ) ;
#3732 = CARTESIAN_POINT ( 'NONE',  ( -71.46669839058749574, -6.042206017375296945, -137.7671940876994938 ) ) ;
#3733 = ORIENTED_EDGE ( 'NONE', *, *, #4560, .T. ) ;
#3734 = CARTESIAN_POINT ( 'NONE',  ( 19.46339282931984727, -37.25514316628927958, -11.50376313867014488 ) ) ;
#3735 = CARTESIAN_POINT ( 'NONE',  ( 14.30525896053716473, -26.17475898216962094, -36.26352401252749758 ) ) ;
#3736 = CIRCLE ( 'NONE', #1295, 16.74500000000000099 ) ;
#3737 = CARTESIAN_POINT ( 'NONE',  ( 7.344042342356608799, -41.80212089860879843, -7.620001164476099653 ) ) ;
#3738 = CARTESIAN_POINT ( 'NONE',  ( 9.179988453236818557, -42.24575219287115146, 2.078005742317972970 ) ) ;
#3739 = CARTESIAN_POINT ( 'NONE',  ( 9.179994890275006370, -42.29213543392166486, 0.9195825163909308042 ) ) ;
#3740 = ORIENTED_EDGE ( 'NONE', *, *, #3806, .T. ) ;
#3741 = CARTESIAN_POINT ( 'NONE',  ( -22.00000000000000000, -6.042206017373009885, 58.61996200337879515 ) ) ;
#3742 = CARTESIAN_POINT ( 'NONE',  ( 13.44039251819839187, -24.47945999565357411, -38.41812254179244235 ) ) ;
#3743 = AXIS2_PLACEMENT_3D ( 'NONE', #499, #1705, #5148 ) ;
#3744 = CARTESIAN_POINT ( 'NONE',  ( 73.65500000000000114, -63.39640923772800818, -7.305073961863510412E-16 ) ) ;
#3745 = EDGE_CURVE ( 'NONE', #1872, #2343, #4034, .T. ) ;
#3746 = CARTESIAN_POINT ( 'NONE',  ( 8.708949825247078280, -38.18314386881943534, 2.344238228978649197 ) ) ;
#3747 = CARTESIAN_POINT ( 'NONE',  ( 38.72318808100431653, -6.042206017375304050, -92.43466383814904930 ) ) ;
#3748 = CARTESIAN_POINT ( 'NONE',  ( 62.18275481095512447, -57.95386985700431381, -48.43449037808966295 ) ) ;
#3749 = B_SPLINE_CURVE_WITH_KNOTS ( 'NONE', 3,
 ( #1081, #4086, #650, #107, #2694, #4055, #3544, #5299, #561, #1015 ),
 .UNSPECIFIED., .F., .F.,
 ( 4, 2, 2, 2, 4 ),
 ( 0.000000000000000000, 0.01632845032885143696, 0.03272398369097691273, 0.04911951705310239197, 0.06551505041522787121 ),
 .UNSPECIFIED. ) ;
#3750 = CARTESIAN_POINT ( 'NONE',  ( 6.783226039247401751, -41.88162983485430857, 5.944423693840856338 ) ) ;
#3751 = VECTOR ( 'NONE', #808, 1000.000000000000000 ) ;
#3752 = CARTESIAN_POINT ( 'NONE',  ( 11.25305445130594073, -37.79433650423481339, 6.495680615938269398 ) ) ;
#3753 = CARTESIAN_POINT ( 'NONE',  ( -7.344021011355524209, -42.01819183912317612, 3.781228356492460474 ) ) ;
#3754 = AXIS2_PLACEMENT_3D ( 'NONE', #2259, #3045, #2173 ) ;
#3755 = CARTESIAN_POINT ( 'NONE',  ( 3.671994890360303909, -41.88319309293466119, 0.9195519099549662734 ) ) ;
#3756 = CARTESIAN_POINT ( 'NONE',  ( 117.0212516675358643, -47.26221975847412438, 53.10999001326837998 ) ) ;
#3757 = DIRECTION ( 'NONE',  ( 0.000000000000000000, 0.000000000000000000, 1.000000000000000000 ) ) ;
#3758 = CARTESIAN_POINT ( 'NONE',  ( 0.8847110768463966046, -36.69480903623529144, 12.99758425432861664 ) ) ;
#3759 = CARTESIAN_POINT ( 'NONE',  ( -5.939394228022271349, -37.75610257844322604, -6.787925838630989084 ) ) ;
#3760 = LINE ( 'NONE', #4090, #3369 ) ;
#3761 = EDGE_LOOP ( 'NONE', ( #5065, #4153 ) ) ;
#3762 = CARTESIAN_POINT ( 'NONE',  ( 8.176227077149007982, -14.57746935544425426, -48.13279595186145343 ) ) ;
#3763 = CARTESIAN_POINT ( 'NONE',  ( 11.33683284255226198, -20.44871086040759067, -42.91995591155826872 ) ) ;
#3764 = CARTESIAN_POINT ( 'NONE',  ( -5.507953323256950640, -41.64573389326320552, -8.400062261923958218 ) ) ;
#3765 = CARTESIAN_POINT ( 'NONE',  ( 9.179993753865637984, -42.28220595406965288, 1.124093189181498254 ) ) ;
#3766 = CARTESIAN_POINT ( 'NONE',  ( -7.344003405706915899, -42.11401879208689536, 0.6128779922758300636 ) ) ;
#3767 = EDGE_LOOP ( 'NONE', ( #3972, #5015, #2546, #4162 ) ) ;
#3768 = DIRECTION ( 'NONE',  ( 0.000000000000000000, -1.000000000000000000, 0.000000000000000000 ) ) ;
#3769 = CARTESIAN_POINT ( 'NONE',  ( 190.4059769339626200, -6.042206017374392779, 1.602714576394022305E-14 ) ) ;
#3770 = CARTESIAN_POINT ( 'NONE',  ( 10.52214588326383549, -6.042206017375287175, -71.13223495776870209 ) ) ;
#3771 = FACE_OUTER_BOUND ( 'NONE', #3429, .T. ) ;
#3772 = CARTESIAN_POINT ( 'NONE',  ( -8.763425056053653961, -42.20779382259517121, 2.055361693402022905 ) ) ;
#3773 = ADVANCED_FACE ( 'NONE', ( #2857 ), #3584, .F. ) ;
#3774 = CARTESIAN_POINT ( 'NONE',  ( 3.389058749210884791, -36.80275266901687559, 12.49352868352808876 ) ) ;
#3775 = CARTESIAN_POINT ( 'NONE',  ( 5.507998865209059680, -41.97550274140639459, 0.2042346704692372394 ) ) ;
#3776 = CARTESIAN_POINT ( 'NONE',  ( 54.50145287833833407, -56.13001623236041127, 17.94620426087494991 ) ) ;
#3777 = CARTESIAN_POINT ( 'NONE',  ( 33.61572406200816232, -47.26221975847411727, 0.000000000000000000 ) ) ;
#3778 = CARTESIAN_POINT ( 'NONE',  ( -0.3879967540961757888, -36.69403519756542664, 13.00113210660045659 ) ) ;
#3779 = CARTESIAN_POINT ( 'NONE',  ( 8.884254645618694823, -42.24173083321147715, 1.468395675991397420 ) ) ;
#3780 = EDGE_CURVE ( 'NONE', #870, #5086, #2337, .T. ) ;
#3781 = DIRECTION ( 'NONE',  ( 0.000000000000000000, 1.000000000000000000, 0.000000000000000000 ) ) ;
#3782 = ORIENTED_EDGE ( 'NONE', *, *, #874, .F. ) ;
#3783 = CARTESIAN_POINT ( 'NONE',  ( -22.00000000000000000, -6.042206025863530172, -58.61996199853950884 ) ) ;
#3784 = CARTESIAN_POINT ( 'NONE',  ( -18.00000000000000000, -37.24753809675059557, 11.41428795664992002 ) ) ;
#3785 = CARTESIAN_POINT ( 'NONE',  ( -13.74273608753901321, -6.042206017369085025, 56.34055965669480770 ) ) ;
#3786 = CARTESIAN_POINT ( 'NONE',  ( 3.671978988473880712, -41.81616949228254754, 3.781289569364389092 ) ) ;
#3787 = CARTESIAN_POINT ( 'NONE',  ( 9.179999999857820114, -42.33629126070889015, 5.101072660356796378E-05 ) ) ;
#3788 = EDGE_CURVE ( 'NONE', #2789, #91, #2796, .T. ) ;
#3789 = ORIENTED_EDGE ( 'NONE', *, *, #938, .T. ) ;
#3790 = CARTESIAN_POINT ( 'NONE',  ( 13.52988742019620361, -30.87275559786155554, -36.60451452105797188 ) ) ;
#3791 = CARTESIAN_POINT ( 'NONE',  ( 111.8654248910695799, -6.042206017375231220, 100.8939460652554487 ) ) ;
#3792 = CARTESIAN_POINT ( 'NONE',  ( 29.61107135128293777, -6.042206017375298721, -87.22822654947664489 ) ) ;
#3793 = CARTESIAN_POINT ( 'NONE',  ( 20.36082540615130299, -6.042206017372979687, 53.98290812280559692 ) ) ;
#3794 = CARTESIAN_POINT ( 'NONE',  ( 3.725504915998841149, -41.60365399580758350, 8.198077261500079871 ) ) ;
#3795 = AXIS2_PLACEMENT_3D ( 'NONE', #1351, #2185, #3853 ) ;
#3796 = CARTESIAN_POINT ( 'NONE',  ( 149.6614994673865908, -58.99259783589949535, 7.747299283199699130E-15 ) ) ;
#3797 = CARTESIAN_POINT ( 'NONE',  ( -7.343996594065657746, -42.11401773308335805, -0.6129596094384111016 ) ) ;
#3798 = CARTESIAN_POINT ( 'NONE',  ( 69.65872081913029490, -58.93658393131480011, -0.3529821357756435241 ) ) ;
#3799 = LINE ( 'NONE', #5031, #3004 ) ;
#3800 =( GEOMETRIC_REPRESENTATION_CONTEXT ( 3 ) GLOBAL_UNCERTAINTY_ASSIGNED_CONTEXT ( ( #3676 ) ) GLOBAL_UNIT_ASSIGNED_CONTEXT ( ( #3216, #4493, #1888 ) ) REPRESENTATION_CONTEXT ( 'NONE', 'WORKASPACE' ) );
#3801 = CARTESIAN_POINT ( 'NONE',  ( -1.666506365922115096, -36.71605729125442252, 12.89985982489704774 ) ) ;
#3802 = CARTESIAN_POINT ( 'NONE',  ( -17.60597693396296748, -6.042206017373006333, 208.0119538679257687 ) ) ;
#3803 = CARTESIAN_POINT ( 'NONE',  ( 86.40000000000000568, -6.042206017372989457, 0.000000000000000000 ) ) ;
#3804 = CARTESIAN_POINT ( 'NONE',  ( 5.951618630069047455, -41.78706642526859838, 6.776572600623019582 ) ) ;
#3805 = ORIENTED_EDGE ( 'NONE', *, *, #2790, .T. ) ;
#3806 = EDGE_CURVE ( 'NONE', #2343, #4318, #1647, .T. ) ;
#3807 = CARTESIAN_POINT ( 'NONE',  ( 3.493117819995517070, -6.042206017372497406, -53.98290812280571060 ) ) ;
#3808 = CARTESIAN_POINT ( 'NONE',  ( 16.28455695267270897, -36.82661910104002345, 25.79907926125553885 ) ) ;
#3809 = FACE_OUTER_BOUND ( 'NONE', #3357, .T. ) ;
#3810 = CARTESIAN_POINT ( 'NONE',  ( -5.109582830806991940E-06, -41.79199488310535315, 0.9195315056643229568 ) ) ;
#3811 = CARTESIAN_POINT ( 'NONE',  ( -9.180006245850035995, -42.28221066252147864, 1.123991167728281892 ) ) ;
#3812 = ORIENTED_EDGE ( 'NONE', *, *, #4560, .F. ) ;
#3813 = CARTESIAN_POINT ( 'NONE',  ( -5.747812694102960350E-15, -38.31026286157670313, 0.000000000000000000 ) ) ;
#3814 = CARTESIAN_POINT ( 'NONE',  ( 150.8367348177833662, -6.042206017375333360, -81.69192029254311649 ) ) ;
#3815 = CARTESIAN_POINT ( 'NONE',  ( -18.00000000000000000, -32.29571161549034741, -26.62793936103274817 ) ) ;
#3816 = CARTESIAN_POINT ( 'NONE',  ( -8.998799112008940781, -38.31026286157670313, 0.1470188481355286236 ) ) ;
#3817 = CIRCLE ( 'NONE', #5264, 12.99803161225499970 ) ;
#3818 = CARTESIAN_POINT ( 'NONE',  ( 69.65500000000000114, -58.93658393131480011, -4.101342130344464114E-15 ) ) ;
#3819 = CARTESIAN_POINT ( 'NONE',  ( -5.507996594094084486, -41.96905090737418931, -0.6129494072930899984 ) ) ;
#3820 = CARTESIAN_POINT ( 'NONE',  ( 18.66331082096231242, -42.14869417616428393, -3.160174127119365739 ) ) ;
#3821 = CARTESIAN_POINT ( 'NONE',  ( -3.343379709855677007, -36.78227081311913338, 12.59146485387022096 ) ) ;
#3822 = VECTOR ( 'NONE', #1512, 1000.000000000000000 ) ;
#3823 = DIRECTION ( 'NONE',  ( 1.000000000000000000, 0.000000000000000000, 0.000000000000000000 ) ) ;
#3824 = CARTESIAN_POINT ( 'NONE',  ( -9.000000000000000000, -38.30472695027329877, -3.659182332138580620E-15 ) ) ;
#3825 = CARTESIAN_POINT ( 'NONE',  ( -18.00000000000000000, -34.34959553575265545, -21.81000826438560125 ) ) ;
#3826 = CARTESIAN_POINT ( 'NONE',  ( -9.179953323200084725, -41.87591202997710127, -8.400082666214601090 ) ) ;
#3827 = AXIS2_PLACEMENT_3D ( 'NONE', #2181, #1852, #1821 ) ;
#3828 = VERTEX_POINT ( 'NONE', #3783 ) ;
#3829 = CARTESIAN_POINT ( 'NONE',  ( 9.268866471368754745, -16.58969648262803531, -46.48257244164566515 ) ) ;
#3830 = EDGE_CURVE ( 'NONE', #343, #1127, #4822, .T. ) ;
#3831 = CARTESIAN_POINT ( 'NONE',  ( 226.6457644257072843, 9.999999999999980460, 137.9613978004092303 ) ) ;
#3832 = CARTESIAN_POINT ( 'NONE',  ( 3.671948989097941318, -41.51274014781866128, 9.180041742209247957 ) ) ;
#3833 = DIRECTION ( 'NONE',  ( -1.000000000000000000, 0.000000000000000000, 0.000000000000000000 ) ) ;
#3834 = CARTESIAN_POINT ( 'NONE',  ( 3.671957657472766368, -41.61891006581415553, 7.620062377348030047 ) ) ;
#3835 = CARTESIAN_POINT ( 'NONE',  ( -3.671983152693349961, -41.84321739110305316, -3.031887689018486487 ) ) ;
#3836 = ORIENTED_EDGE ( 'NONE', *, *, #908, .T. ) ;
#3837 = CARTESIAN_POINT ( 'NONE',  ( 2.895626452845621923, -41.55578461189459460, -8.541963352001211263 ) ) ;
#3838 = CARTESIAN_POINT ( 'NONE',  ( 161.2911863221221722, -6.042206017375332472, -72.17040914800774942 ) ) ;
#3839 = CARTESIAN_POINT ( 'NONE',  ( 6.783226039247401751, -41.88162983485430857, 5.944423693840856338 ) ) ;
#3840 = CARTESIAN_POINT ( 'NONE',  ( 33.61572406200880181, -47.26221975847436596, -105.5685518759823793 ) ) ;
#3841 = CARTESIAN_POINT ( 'NONE',  ( -2.333743762808008881, -41.53110118774532111, 8.712074430207598752 ) ) ;
#3842 = FACE_BOUND ( 'NONE', #3761, .T. ) ;
#3843 = CARTESIAN_POINT ( 'NONE',  ( -5.508001134620344352, -41.97551094595849719, 0.2041734575973071786 ) ) ;
#3844 = CARTESIAN_POINT ( 'NONE',  ( 5.668144887840123936, -15.63208282946429861, 52.33790751524941953 ) ) ;
#3845 = CARTESIAN_POINT ( 'NONE',  ( 10.32023779304043387, -37.60496819215295261, 7.916707881822519610 ) ) ;
#3846 = CARTESIAN_POINT ( 'NONE',  ( 181.3406352399982211, -6.042206017375321814, -42.82531281624393671 ) ) ;
#3847 = DIRECTION ( 'NONE',  ( 0.000000000000000000, 1.000000000000000000, 0.000000000000000000 ) ) ;
#3848 = CARTESIAN_POINT ( 'NONE',  ( -17.60597693396299945, -6.042206017372989457, -2.547411734887424772E-14 ) ) ;
#3849 = CARTESIAN_POINT ( 'NONE',  ( 2.895211165830679167, -41.55574634022001135, -8.542061613814651011 ) ) ;
#3850 = CARTESIAN_POINT ( 'NONE',  ( 2.052269624041203500, -41.52293940755561863, 8.767905345461416644 ) ) ;
#3851 = B_SPLINE_SURFACE_WITH_KNOTS ( 'NONE', 5, 5, ( 
 ( #4957, #2712, #4133, #3258, #183, #2318, #1900, #5345, #4474 ),
 ( #1457, #1871, #3622, #4506, #3562, #699, #4566, #4012, #2408 ),
 ( #3166, #1841, #2833, #1518, #4439, #4927, #577, #3196, #5285 ),
 ( #609, #1428, #1487, #4988, #667, #1068, #2774, #154, #3132 ),
 ( #4536, #4896, #1126, #1546, #1099, #3685, #636, #4863, #2344 ),
 ( #214, #2803, #1000, #246, #2287, #3592, #5315, #1032, #2378 ),
 ( #1930, #2744, #3655, #5379, #3229, #4103, #1960, #5408, #4592 ),
 ( #5085, #5109, #2457, #5064, #2504, #5459, #1250, #1230, #2886 ),
 ( #3811, #1597, #5508, #1182, #3334, #4617, #348, #2954, #3311 ),
 ( #2013, #1645, #727, #1206, #1574, #2042, #750, #798, #3739 ),
 ( #371, #3766, #299, #2087, #4685, #5041, #327, #2528, #2932 ),
 ( #5485, #4231, #3356, #4662, #5530, #824, #4184, #3286, #2862 ),
 ( #1622, #1671, #2433, #5436, #5016, #2908, #4638, #774, #4161 ),
 ( #3715, #2481, #3381, #275, #1989, #4208, #2064, #1158, #3787 ),
 ( #5581, #2166, #3860, #1301, #4769, #3096, #3918, #2978, #4343 ),
 ( #3524, #879, #3469, #935, #1719, #5247, #3496, #3007, #2557 ),
 ( #3434, #58, #5161, #1747, #4741, #481, #1392, #2584, #4283 ),
 ( #2195, #423, #4312, #1360, #5555, #966, #849, #4797, #2112 ),
 ( #451, #1777, #3037, #4254, #3889, #26, #2614, #1693, #1274 ),
 ( #5192, #2646, #5221, #3067, #4374, #4829, #2139, #3406, #4711 ),
 ( #1333, #2222, #909, #3835, #5133, #512, #3947, #85, #1805 ),
 ( #395, #4890, #3158, #603, #5310, #3977, #572, #148, #1027 ),
 ( #4402, #1541, #5402, #4858, #3251, #4036, #4006, #4982, #3680 ),
 ( #5279, #178, #3555, #1895, #2674, #2312, #1452, #2253, #2737 ),
 ( #1513, #4467, #3616, #995, #541, #4434, #5373, #1865, #241 ),
 ( #208, #4530, #5340, #118, #1481, #1955, #3190, #1925, #1835 ),
 ( #630, #4921, #3126, #1423, #2705, #2282, #3586, #3222, #1062 ) ),
 .UNSPECIFIED., .F., .F., .F.,
 ( 6, 3, 3, 3, 3, 3, 3, 3, 6 ),
 ( 6, 3, 6 ),
 ( -9.180021338060335268, -5.280072925847081322, -1.533063524059695482, -0.5105101600910710857, 3.552713678800500929E-15, 0.5105101600910764148, 1.533063524059699034, 5.280072925847081322, 9.180021338060329938 ),
 ( -9.179999999999566285, -1.776356839400250465E-15, 9.179999999999562732 ),
 .UNSPECIFIED. ) ;
#3852 = ORIENTED_EDGE ( 'NONE', *, *, #492, .F. ) ;
#3853 = DIRECTION ( 'NONE',  ( -1.000000000000000000, 1.500332356076764948E-16, 0.000000000000000000 ) ) ;
#3854 = CARTESIAN_POINT ( 'NONE',  ( -18.00000000000000000, -23.68619686104764810, -39.70994965335955840 ) ) ;
#3855 = FACE_OUTER_BOUND ( 'NONE', #2675, .T. ) ;
#3856 = CARTESIAN_POINT ( 'NONE',  ( 6.852451490718243221, -17.84286153214282677, -50.65439872730171800 ) ) ;
#3857 = ADVANCED_FACE ( 'NONE', ( #2550 ), #2082, .F. ) ;
#3858 = CARTESIAN_POINT ( 'NONE',  ( 58.86713063101178278, -50.78462308660629532, 45.50870803222804284 ) ) ;
#3859 = CARTESIAN_POINT ( 'NONE',  ( 3.671999999943118986, -41.88125511334990847, 2.040429063875279011E-05 ) ) ;
#3860 = CARTESIAN_POINT ( 'NONE',  ( -5.507998865209090766, -41.97550274093773481, -0.2042346704692464265 ) ) ;
#3861 = VERTEX_POINT ( 'NONE', #5080 ) ;
#3862 = CARTESIAN_POINT ( 'NONE',  ( 7.641686451156836313, -41.99995234116506282, -4.763451086720802863 ) ) ;
#3863 = CARTESIAN_POINT ( 'NONE',  ( 118.1100537089542399, -6.042206017375334248, -99.10597306207156976 ) ) ;
#3864 = EDGE_CURVE ( 'NONE', #1308, #1598, #4225, .T. ) ;
#3865 = CARTESIAN_POINT ( 'NONE',  ( 3.990175535694601816, -41.62086968798676878, 8.072606449228089787 ) ) ;
#3866 = CARTESIAN_POINT ( 'NONE',  ( -22.00000000000000000, -42.30756013076910449, -5.181181809388050601E-15 ) ) ;
#3867 = CARTESIAN_POINT ( 'NONE',  ( 73.65499999999991587, -63.39640923772795134, -25.49000000000009081 ) ) ;
#3868 = B_SPLINE_CURVE_WITH_KNOTS ( 'NONE', 3,
 ( #845, #3885, #1689, #4338, #3856, #1356, #5578, #21, #2190, #1716, #2162, #54, #1742, #2640, #5188, #2218, #81, #876, #3430, #1297, #3032, #904, #2135, #4307, #3003, #4765 ),
 .UNSPECIFIED., .F., .F.,
 ( 4, 2, 2, 2, 2, 2, 2, 2, 2, 2, 2, 2, 4 ),
 ( 0.000000000000000000, 0.009312417057980618487, 0.01862483411596123697, 0.02793725117394185720, 0.03026535543843701659, 0.03259345970293217598, 0.03724966823192249477, 0.04656208528990311152, 0.05121829381889340949, 0.05587450234788371439, 0.06518691940586432421, 0.06984312793485462911, 0.07449933646384493402 ),
 .UNSPECIFIED. ) ;
#3869 = FACE_OUTER_BOUND ( 'NONE', #4775, .T. ) ;
#3870 = CARTESIAN_POINT ( 'NONE',  ( 7.344001134591883861, -42.10616211150965427, -0.2041632554519947629 ) ) ;
#3871 = PLANE ( 'NONE',  #4913 ) ;
#3872 = CARTESIAN_POINT ( 'NONE',  ( -1.666506365922115096, -36.71605729125442252, 12.89985982489704774 ) ) ;
#3873 = CARTESIAN_POINT ( 'NONE',  ( 190.4059769339612558, -6.042206017375304938, -1.418643613812169708E-14 ) ) ;
#3874 = CARTESIAN_POINT ( 'NONE',  ( -2.895626452487693125, -41.55578461188099482, 8.541963352116839658 ) ) ;
#3875 = CARTESIAN_POINT ( 'NONE',  ( 8.999999999999969802, -42.30661100815936493, 1.050015935142030061E-15 ) ) ;
#3876 = VECTOR ( 'NONE', #5438, 1000.000000000000000 ) ;
#3877 = CARTESIAN_POINT ( 'NONE',  ( -2.904281199171590000, -41.55616928414696787, -8.539120644115714143 ) ) ;
#3878 = CARTESIAN_POINT ( 'NONE',  ( 86.40000000000000568, -64.66763823405520384, 0.000000000000000000 ) ) ;
#3879 = ORIENTED_EDGE ( 'NONE', *, *, #2689, .T. ) ;
#3880 = DIRECTION ( 'NONE',  ( 0.000000000000000000, 0.000000000000000000, 1.000000000000000000 ) ) ;
#3881 = EDGE_CURVE ( 'NONE', #971, #3104, #4482, .T. ) ;
#3882 = DIRECTION ( 'NONE',  ( -1.000000000000000000, 0.000000000000000000, 0.000000000000000000 ) ) ;
#3883 = CARTESIAN_POINT ( 'NONE',  ( 86.40000000000000568, -6.042206017372989457, 0.000000000000000000 ) ) ;
#3884 = ORIENTED_EDGE ( 'NONE', *, *, #5127, .T. ) ;
#3885 = CARTESIAN_POINT ( 'NONE',  ( 1.830535571396064709, -8.517065818621016859, -57.20936597003515089 ) ) ;
#3886 = CARTESIAN_POINT ( 'NONE',  ( 115.1250717049841796, -6.042206017375232108, 99.96057168710616736 ) ) ;
#3887 = CARTESIAN_POINT ( 'NONE',  ( 32.97019672232295306, -47.26221975847412438, 30.05974408747960780 ) ) ;
#3888 = CARTESIAN_POINT ( 'NONE',  ( 3.671996594122491242, -41.88853499550050685, 0.6129392051477600134 ) ) ;
#3889 = CARTESIAN_POINT ( 'NONE',  ( 6.245992168675559985E-06, -41.78975016829365785, -1.124042178454897067 ) ) ;
#3890 = VERTEX_POINT ( 'NONE', #2452 ) ;
#3891 = CARTESIAN_POINT ( 'NONE',  ( -8.996312644066728481, -42.29542115968414606, -0.2969681395302828930 ) ) ;
#3892 = CARTESIAN_POINT ( 'NONE',  ( 179.4095732622949129, -6.042206017375323590, -46.54527478609113444 ) ) ;
#3893 = CARTESIAN_POINT ( 'NONE',  ( 5.600455814370366880, -41.75337542051633477, 7.046864324533404833 ) ) ;
#3894 = CARTESIAN_POINT ( 'NONE',  ( 8.213627385772714007, -14.64970447037534917, 48.03428212229612626 ) ) ;
#3895 = CARTESIAN_POINT ( 'NONE',  ( -13.15518455823439936, -36.65699875535980112, 13.16961417038971938 ) ) ;
#3896 = CARTESIAN_POINT ( 'NONE',  ( -10.27827503525826103, -37.60409466071193663, 7.940687210049911293 ) ) ;
#3897 = ADVANCED_FACE ( 'NONE', ( #4335 ), #3909, .T. ) ;
#3898 = CARTESIAN_POINT ( 'NONE',  ( -7.343988453265295924, -42.08122616269734806, -2.077995540172656419 ) ) ;
#3899 = DIRECTION ( 'NONE',  ( -1.000000000000000000, 0.000000000000000000, 0.000000000000000000 ) ) ;
#3900 = CARTESIAN_POINT ( 'NONE',  ( 4.216036697491239771, -36.84220867071736194, 12.30469028439630641 ) ) ;
#3901 = CARTESIAN_POINT ( 'NONE',  ( -8.999600155019559011, -38.30845953681825478, 0.09798822911038929107 ) ) ;
#3902 = CARTESIAN_POINT ( 'NONE',  ( -5.507978988445480617, -41.90336194457290730, -3.781299771509714525 ) ) ;
#3903 = CARTESIAN_POINT ( 'NONE',  ( -5.933463136633855051, -41.78654078318118081, 6.773509524497942635 ) ) ;
#3904 = CARTESIAN_POINT ( 'NONE',  ( 8.698278372285679794, -42.19114928575642409, 2.329688925881761907 ) ) ;
#3905 = CARTESIAN_POINT ( 'NONE',  ( 8.425563602004006114, -42.13266455252907150, -3.177498865126621830 ) ) ;
#3906 = CARTESIAN_POINT ( 'NONE',  ( -3.983580675414197358, -41.62043749698338502, 8.075788158952065032 ) ) ;
#3907 = EDGE_LOOP ( 'NONE', ( #1207, #4658, #5157, #728 ) ) ;
#3908 = FACE_OUTER_BOUND ( 'NONE', #841, .T. ) ;
#3909 = CYLINDRICAL_SURFACE ( 'NONE', #4922, 9.000000000000000000 ) ;
#3910 = VECTOR ( 'NONE', #3108, 1000.000000000000000 ) ;
#3911 = CARTESIAN_POINT ( 'NONE',  ( 117.9131557670225874, -56.13001623236050364, 3.859248534111614838E-15 ) ) ;
#3912 = ORIENTED_EDGE ( 'NONE', *, *, #4458, .F. ) ;
#3913 = CARTESIAN_POINT ( 'NONE',  ( 19.46339282931984727, -37.25514316628927958, -11.50376313867014488 ) ) ;
#3914 = CARTESIAN_POINT ( 'NONE',  ( 43.92089225839225719, -6.042206017375209903, 94.95974047367909066 ) ) ;
#3915 = CIRCLE ( 'NONE', #3306, 12.74499999999999922 ) ;
#3916 = CARTESIAN_POINT ( 'NONE',  ( 76.33287695441657661, -58.93658393131474327, 16.63981175612601149 ) ) ;
#3917 = CARTESIAN_POINT ( 'NONE',  ( -9.180001134563481102, -42.32169833820387339, 0.2041530533066639730 ) ) ;
#3918 = CARTESIAN_POINT ( 'NONE',  ( 5.508001134620313266, -41.97551094644108360, -0.2041734575973163102 ) ) ;
#3919 = ORIENTED_EDGE ( 'NONE', *, *, #3730, .F. ) ;
#3920 = CARTESIAN_POINT ( 'NONE',  ( -0.5948371861836685426, -41.48889795451277251, -8.999589263733524191 ) ) ;
#3921 = CARTESIAN_POINT ( 'NONE',  ( 185.3328331859800073, -6.042206017369109006, 4.163336342344334502E-14 ) ) ;
#3922 = LINE ( 'NONE', #4406, #3452 ) ;
#3923 = CARTESIAN_POINT ( 'NONE',  ( 190.4059769339610000, -6.042206017375299609, 1.273705867443689982E-14 ) ) ;
#3924 = B_SPLINE_CURVE_WITH_KNOTS ( 'NONE', 3,
 ( #2361, #3213, #4880, #3273, #139, #3577, #5422, #3243, #5301, #1857, #200, #4028, #1503, #1018, #228, #1474, #1560, #3181, #1444, #2819, #4911, #5003, #1051, #5362, #4551, #169, #1142, #5394, #2760, #2728, #2394, #4491, #4425, #623, #4456, #594, #4941, #1947, #2305, #563, #261, #4971, #1532, #2332, #4057 ),
 .UNSPECIFIED., .F., .F.,
 ( 4, 2, 2, 2, 2, 2, 2, 2, 1, 2, 2, 2, 2, 2, 2, 2, 2, 2, 2, 2, 2, 2, 4 ),
 ( 0.000000000000000000, 0.001751888710563958857, 0.002627833065845938936, 0.003503777421127919449, 0.005255666131691881342, 0.007007554842255843235, 0.008759443552819804260, 0.009635387908101786941, 0.01051133226338376962, 0.01138727661866575230, 0.01226322097394773152, 0.01401510968451169514, 0.01489105403979367782, 0.01576699839507566051, 0.01751888710563962587, 0.01839483146092161028, 0.01927077581620359123, 0.02102266452676755659, 0.02277455323733152195, 0.02365049759261350290, 0.02452644194789548385, 0.02627833065845944574, 0.02803021936902340416 ),
 .UNSPECIFIED. ) ;
#3925 = ORIENTED_EDGE ( 'NONE', *, *, #2211, .T. ) ;
#3926 = CARTESIAN_POINT ( 'NONE',  ( -12.98972947271086653, -38.26813399797127602, 0.9295109160766954481 ) ) ;
#3927 = CARTESIAN_POINT ( 'NONE',  ( 3.672016847192917322, -41.84322007499505247, -3.031846880437199854 ) ) ;
#3928 = CARTESIAN_POINT ( 'NONE',  ( -8.738258153050290744, -38.19284197328402541, 2.174362272533394425 ) ) ;
#3929 = CARTESIAN_POINT ( 'NONE',  ( -5.249855858355575222, -41.72046422809255972, -7.311708412123762102 ) ) ;
#3930 = B_SPLINE_CURVE_WITH_KNOTS ( 'NONE', 3,
 ( #1909, #4936, #256, #3238, #2723, #708, #3175, #2755, #2387, #4905, #223, #2299, #2783, #1497, #1555, #4484, #1077, #1011, #4113, #646, #5417, #1583, #2355, #284 ),
 .UNSPECIFIED., .F., .F.,
 ( 4, 2, 2, 2, 2, 2, 2, 2, 2, 2, 2, 4 ),
 ( 6.926792910075964646E-18, 0.01874628740132304461, 0.02343285925165379882, 0.02811943110198455650, 0.03749257480264606840, 0.03983586072781144377, 0.04217914665297682608, 0.04686571850330758376, 0.05623886220396910607, 0.06092543405429987069, 0.06561200590463063531, 0.07498514960529215068 ),
 .UNSPECIFIED. ) ;
#3931 = CARTESIAN_POINT ( 'NONE',  ( 20.34536719873065280, -37.24753809675054583, -11.41428795664993778 ) ) ;
#3932 = CARTESIAN_POINT ( 'NONE',  ( -3.671961991660208646, -41.66660398508292928, -6.840072694917422425 ) ) ;
#3933 = EDGE_CURVE ( 'NONE', #1720, #3942, #329, .T. ) ;
#3934 = CARTESIAN_POINT ( 'NONE',  ( -22.00000000000000000, -6.042206017372999227, -36.44720368503895003 ) ) ;
#3935 = CARTESIAN_POINT ( 'NONE',  ( 8.769689178552521724, -42.20903244580559743, 2.044191326917902618 ) ) ;
#3936 = CARTESIAN_POINT ( 'NONE',  ( 24.54315066403443524, -41.44459846639426814, -1.515055850892605667E-14 ) ) ;
#3937 = CARTESIAN_POINT ( 'NONE',  ( -5.508038008197656765, -41.74731312807932682, 6.840021684190814355 ) ) ;
#3938 = CARTESIAN_POINT ( 'NONE',  ( 86.40000000000000568, -63.39640923772802950, 0.000000000000000000 ) ) ;
#3939 = CARTESIAN_POINT ( 'NONE',  ( 86.40000000000000568, -63.39640923772800818, 0.000000000000000000 ) ) ;
#3940 = EDGE_CURVE ( 'NONE', #4494, #2451, #1769, .T. ) ;
#3941 = DIRECTION ( 'NONE',  ( -1.000000000000000000, 0.000000000000000000, 0.000000000000000000 ) ) ;
#3942 = VERTEX_POINT ( 'NONE', #3087 ) ;
#3943 = LINE ( 'NONE', #1329, #3457 ) ;
#3944 = CARTESIAN_POINT ( 'NONE',  ( 134.0743515691771677, -6.042206017375241878, 92.43736209518284852 ) ) ;
#3945 = DIRECTION ( 'NONE',  ( 1.000000000000000000, 0.000000000000000000, 0.000000000000000000 ) ) ;
#3946 = CARTESIAN_POINT ( 'NONE',  ( 9.179994890275006370, -42.29213543392166486, 0.9195825163909308042 ) ) ;
#3947 = CARTESIAN_POINT ( 'NONE',  ( 5.508016847164489249, -41.92984125661909900, -3.031836678291879306 ) ) ;
#3948 = ORIENTED_EDGE ( 'NONE', *, *, #4583, .T. ) ;
#3949 = DIRECTION ( 'NONE',  ( 1.000000000000000000, 0.000000000000000000, 0.000000000000000000 ) ) ;
#3950 = EDGE_CURVE ( 'NONE', #2959, #2227, #48, .T. ) ;
#3951 = CARTESIAN_POINT ( 'NONE',  ( -9.000000000000008882, -42.30708556946424181, 1.275516048117262778E-10 ) ) ;
#3952 = CARTESIAN_POINT ( 'NONE',  ( 1.188343578768132458, -37.45191893448763665, -8.940926051268814234 ) ) ;
#3953 = VERTEX_POINT ( 'NONE', #4734 ) ;
#3954 = CARTESIAN_POINT ( 'NONE',  ( 13.15949949251191953, -36.65699875535980112, 13.16961417038971938 ) ) ;
#3955 = ORIENTED_EDGE ( 'NONE', *, *, #3674, .T. ) ;
#3956 = CARTESIAN_POINT ( 'NONE',  ( -7.090475100566769662, -37.89882850921774349, 5.573688429112046983 ) ) ;
#3957 = CARTESIAN_POINT ( 'NONE',  ( -3.671961991660208646, -41.66660398508292928, -6.840072694917422425 ) ) ;
#3958 = CARTESIAN_POINT ( 'NONE',  ( -11.66341518422806978, -38.30283550052052988, 0.04909069863806468648 ) ) ;
#3959 = CARTESIAN_POINT ( 'NONE',  ( 7.643596997330757148, -42.00022487240285329, -4.760539103258774496 ) ) ;
#3960 = CARTESIAN_POINT ( 'NONE',  ( 122.3498012475759822, -6.042206017375332472, -97.75143696058239584 ) ) ;
#3961 = CARTESIAN_POINT ( 'NONE',  ( -7.343957657415930207, -41.80211066434029732, -7.620082781638671143 ) ) ;
#3962 = CARTESIAN_POINT ( 'NONE',  ( -18.00000000000000000, -34.34959553575265545, 21.81000826438560125 ) ) ;
#3963 = CARTESIAN_POINT ( 'NONE',  ( -18.00000000000000000, -11.27713467053115970, -50.82238809104900668 ) ) ;
#3964 = CARTESIAN_POINT ( 'NONE',  ( 69.65500000000000114, -58.93658393131480011, 0.000000000000000000 ) ) ;
#3965 = CARTESIAN_POINT ( 'NONE',  ( 3.671961991660179336, -41.66660398504498630, 6.840072694917421536 ) ) ;
#3966 = CARTESIAN_POINT ( 'NONE',  ( 30.67915473062150156, -13.94371515320612609, 92.10023280498641896 ) ) ;
#3967 = LINE ( 'NONE', #442, #1806 ) ;
#3968 = AXIS2_PLACEMENT_3D ( 'NONE', #2966, #5568, #951 ) ;
#3969 = CARTESIAN_POINT ( 'NONE',  ( -18.00000000000000000, -38.31026286157670313, 0.1470188481355287902 ) ) ;
#3970 = FACE_OUTER_BOUND ( 'NONE', #1328, .T. ) ;
#3971 = EDGE_CURVE ( 'NONE', #276, #2365, #5481, .T. ) ;
#3972 = ORIENTED_EDGE ( 'NONE', *, *, #3066, .F. ) ;
#3973 = CARTESIAN_POINT ( 'NONE',  ( -7.344029509762373564, -41.94464985508827226, 5.310619919268975586 ) ) ;
#3974 = CARTESIAN_POINT ( 'NONE',  ( 56.81967529982047438, -6.042206017375213456, 99.71083323005461807 ) ) ;
#3975 = CARTESIAN_POINT ( 'NONE',  ( -1.179661086228165123, -41.49748618719700488, -8.942052267157256651 ) ) ;
#3976 = CARTESIAN_POINT ( 'NONE',  ( -3.672001134648780418, -41.88910343542097792, 0.2041836597426287814 ) ) ;
#3977 = CARTESIAN_POINT ( 'NONE',  ( 3.672021011412359481, -41.81617290948472743, -3.781248760783106899 ) ) ;
#3978 = CARTESIAN_POINT ( 'NONE',  ( 54.88684423297739556, -56.13001623236050364, -7.718497068223229677E-15 ) ) ;
#3979 = CARTESIAN_POINT ( 'NONE',  ( -9.179961991574909774, -41.98502101360423211, -6.840103301353384069 ) ) ;
#3980 = CARTESIAN_POINT ( 'NONE',  ( 8.531657345119242564, -38.14379231956974081, -2.880649526580702613 ) ) ;
#3981 = ORIENTED_EDGE ( 'NONE', *, *, #1562, .F. ) ;
#3982 = CARTESIAN_POINT ( 'NONE',  ( 86.40000000000000568, -58.25464714294840007, 0.000000000000000000 ) ) ;
#3983 = ORIENTED_EDGE ( 'NONE', *, *, #4390, .T. ) ;
#3984 = CARTESIAN_POINT ( 'NONE',  ( 1.524443225117138923, -37.46204131177812968, 8.874800830815669173 ) ) ;
#3985 = CARTESIAN_POINT ( 'NONE',  ( 5.508029509790777212, -41.83478860876699201, -5.310630121414299687 ) ) ;
#3986 = CARTESIAN_POINT ( 'NONE',  ( -1.107166554184256357, -37.45021324675479235, 8.951151456716054611 ) ) ;
#3987 = CARTESIAN_POINT ( 'NONE',  ( 3.980504045079991116, -41.62021811120493453, -8.077393295549958552 ) ) ;
#3988 = CARTESIAN_POINT ( 'NONE',  ( -22.00000000000000000, -42.30756013076910449, -5.181181809388050601E-15 ) ) ;
#3989 = CARTESIAN_POINT ( 'NONE',  ( 6.245992168675559985E-06, -41.78975016829365785, -1.124042178454897067 ) ) ;
#3990 = CYLINDRICAL_SURFACE ( 'NONE', #5527, 9.000000000000000000 ) ;
#3991 = CARTESIAN_POINT ( 'NONE',  ( 2.049199085896829864, -41.52282603431727637, 8.768593366063917927 ) ) ;
#3992 = CARTESIAN_POINT ( 'NONE',  ( 86.40000000000000568, -6.042206017375288951, 0.000000000000000000 ) ) ;
#3993 = CARTESIAN_POINT ( 'NONE',  ( -8.199822702981508726, -42.09063620671300754, 3.721525004167570927 ) ) ;
#3994 = CARTESIAN_POINT ( 'NONE',  ( 159.5718911911934867, -33.22972007004624118, 2.775557561562889773E-14 ) ) ;
#3995 = CARTESIAN_POINT ( 'NONE',  ( 11.27900691473648820, -37.79159830842532841, 6.519145205733683390 ) ) ;
#3996 = ORIENTED_EDGE ( 'NONE', *, *, #4124, .F. ) ;
#3997 = CARTESIAN_POINT ( 'NONE',  ( 86.40000000000000568, -63.39640923772802950, 0.000000000000000000 ) ) ;
#3998 = AXIS2_PLACEMENT_3D ( 'NONE', #1732, #4269, #5569 ) ;
#3999 = VERTEX_POINT ( 'NONE', #2998 ) ;
#4000 = CARTESIAN_POINT ( 'NONE',  ( -3.672029509819238591, -41.75190828326095271, 5.310640323559619347 ) ) ;
#4001 = CARTESIAN_POINT ( 'NONE',  ( 172.6772380009915366, -20.95902901126225260, 1.056591433571883900E-14 ) ) ;
#4002 = CARTESIAN_POINT ( 'NONE',  ( 147.4281397720827158, -6.042206017375334248, -84.22040114369269759 ) ) ;
#4003 = VECTOR ( 'NONE', #97, 1000.000000000000000 ) ;
#4004 = CARTESIAN_POINT ( 'NONE',  ( -22.00000000000000000, -6.042206025863530172, -58.61996199853950884 ) ) ;
#4005 = ADVANCED_FACE ( 'NONE', ( #2696, #4304 ), #4761, .T. ) ;
#4006 = CARTESIAN_POINT ( 'NONE',  ( 5.508029509790777212, -41.83478860876699201, -5.310630121414299687 ) ) ;
#4007 = VECTOR ( 'NONE', #5149, 1000.000000000000000 ) ;
#4008 = CARTESIAN_POINT ( 'NONE',  ( 3.389058749210884791, -36.80275266901687559, 12.49352868352808876 ) ) ;
#4009 = CARTESIAN_POINT ( 'NONE',  ( -7.343970490010194752, -41.94464159680104842, -5.310701536431548853 ) ) ;
#4010 = CARTESIAN_POINT ( 'NONE',  ( 99.14499999999999602, -63.39640923772801528, 1.560812345513315327E-15 ) ) ;
#4011 = EDGE_LOOP ( 'NONE', ( #607, #213, #3407, #4397 ) ) ;
#4012 = CARTESIAN_POINT ( 'NONE',  ( 7.343953323228487484, -41.74792629672320743, 8.400072464069282319 ) ) ;
#4013 = VERTEX_POINT ( 'NONE', #2605 ) ;
#4014 = CARTESIAN_POINT ( 'NONE',  ( 9.752251458258893280, -37.51385676491651822, 8.540515757740516634 ) ) ;
#4015 = CARTESIAN_POINT ( 'NONE',  ( -9.179988453236848756, -42.24575219294280259, -2.078005742317978299 ) ) ;
#4016 = CARTESIAN_POINT ( 'NONE',  ( 5.508001701973130437, -41.96944799685734750, -0.3062754896139544547 ) ) ;
#4017 = DIRECTION ( 'NONE',  ( 0.000000000000000000, -1.000000000000000000, 0.000000000000000000 ) ) ;
#4018 = DIRECTION ( 'NONE',  ( -1.334604752262063986E-16, -1.000000000000000000, 0.000000000000000000 ) ) ;
#4019 = CARTESIAN_POINT ( 'NONE',  ( -7.143861421073083307, -41.92953908115529060, -5.482008033805689351 ) ) ;
#4020 = CARTESIAN_POINT ( 'NONE',  ( -9.179970489981760906, -42.08223716987231455, -5.310711738576871177 ) ) ;
#4021 = CARTESIAN_POINT ( 'NONE',  ( -22.00000000000000000, -6.042206017372999227, -58.61996200337879515 ) ) ;
#4022 = FACE_OUTER_BOUND ( 'NONE', #3153, .T. ) ;
#4023 = DIRECTION ( 'NONE',  ( 0.000000000000000000, 0.000000000000000000, 1.000000000000000000 ) ) ;
#4024 = CARTESIAN_POINT ( 'NONE',  ( -4.234247036814637151E-05, -41.54461856202146919, 7.620041973057389839 ) ) ;
#4025 = B_SPLINE_CURVE_WITH_KNOTS ( 'NONE', 2,
 ( #1124, #1455, #3653 ),
 .UNSPECIFIED., .F., .F.,
 ( 3, 3 ),
 ( 0.07696326182740430288, 1.000000000000000000 ),
 .UNSPECIFIED. ) ;
#4026 = CARTESIAN_POINT ( 'NONE',  ( 140.1670044770244488, -13.94371515320614918, 93.25435491082637895 ) ) ;
#4027 = CARTESIAN_POINT ( 'NONE',  ( 152.8722439315372696, -38.48506133258121054, 39.26475813504517731 ) ) ;
#4028 = CARTESIAN_POINT ( 'NONE',  ( -5.873762780451622589, -37.74890158031255538, 6.843888693648124466 ) ) ;
#4029 = CYLINDRICAL_SURFACE ( 'NONE', #1837, 16.74499999999999744 ) ;
#4030 = APPLICATION_PROTOCOL_DEFINITION ( 'international standard', 'config_control_design', 1994, #3160 ) ;
#4031 = ORIENTED_EDGE ( 'NONE', *, *, #3971, .F. ) ;
#4032 = CARTESIAN_POINT ( 'NONE',  ( 5.507970490038600175, -41.83478244423097436, 5.310691334286226528 ) ) ;
#4033 = CARTESIAN_POINT ( 'NONE',  ( 33.61572406200880181, -47.26221975847439438, -1.292841891455429965E-14 ) ) ;
#4034 = LINE ( 'NONE', #4948, #239 ) ;
#4035 = CARTESIAN_POINT ( 'NONE',  ( -3.987668670440935870, -41.62071607154253883, -8.073736214461751715 ) ) ;
#4036 = CARTESIAN_POINT ( 'NONE',  ( 3.672029509819209725, -41.75190828365008855, -5.310640323559622011 ) ) ;
#4037 = CARTESIAN_POINT ( 'NONE',  ( -11.79869081628931404, -37.91587326051674722, 5.410908385507219975 ) ) ;
#4038 = ADVANCED_FACE ( 'NONE', ( #473 ), #417, .F. ) ;
#4039 = CARTESIAN_POINT ( 'NONE',  ( 2.950987607470884923E-05, -41.67149771645478751, -5.310660727850263996 ) ) ;
#4040 = CARTESIAN_POINT ( 'NONE',  ( -9.000000000000000000, -38.30472695027329877, -3.659182332138580620E-15 ) ) ;
#4041 = ORIENTED_EDGE ( 'NONE', *, *, #1, .F. ) ;
#4042 = DIRECTION ( 'NONE',  ( -1.000000000000000000, 0.000000000000000000, 0.000000000000000000 ) ) ;
#4043 = VERTEX_POINT ( 'NONE', #1414 ) ;
#4044 = CARTESIAN_POINT ( 'NONE',  ( 7.165607224024223676, -37.90937524258560387, 5.476569004110114491 ) ) ;
#4045 = CARTESIAN_POINT ( 'NONE',  ( 7.344051010731433848, -41.69037129700890176, -9.179980529337312234 ) ) ;
#4046 = CARTESIAN_POINT ( 'NONE',  ( 7.343996594065630212, -42.11401773343362720, 0.6129596094384031080 ) ) ;
#4047 = ADVANCED_FACE ( 'NONE', ( #3546 ), #720, .F. ) ;
#4048 = CARTESIAN_POINT ( 'NONE',  ( -3.377443571600498462, -37.54062516104274039, 8.357473775205296107 ) ) ;
#4049 = CARTESIAN_POINT ( 'NONE',  ( 2.895211165830679167, -41.55574634022001135, -8.542061613814651011 ) ) ;
#4050 = CARTESIAN_POINT ( 'NONE',  ( -8.769689178904320315, -42.20903244589710113, -2.044191325413953653 ) ) ;
#4051 = CARTESIAN_POINT ( 'NONE',  ( 12.31192599521090436, -38.03615675785520267, 4.194969801741929238 ) ) ;
#4052 = CARTESIAN_POINT ( 'NONE',  ( -8.996312573528099321, -42.29540052415297424, 0.2973272996179495142 ) ) ;
#4053 = FACE_OUTER_BOUND ( 'NONE', #172, .T. ) ;
#4054 = CARTESIAN_POINT ( 'NONE',  ( 3.671993753950932415, -41.88114169236510520, 1.124062582745533501 ) ) ;
#4055 = CARTESIAN_POINT ( 'NONE',  ( -18.00000000000000000, -26.96475769767874908, 35.57686982298324807 ) ) ;
#4056 = CARTESIAN_POINT ( 'NONE',  ( 69.45021637626102518, -58.93658393131474327, 9.535991652820102971 ) ) ;
#4057 = CARTESIAN_POINT ( 'NONE',  ( 8.999987150092637833, -38.30413965686235400, 0.01520848997227157440 ) ) ;
#4058 = CARTESIAN_POINT ( 'NONE',  ( 5.508364896780361342, -37.71030483346733320, -7.141984617852354944 ) ) ;
#4059 = CARTESIAN_POINT ( 'NONE',  ( -22.00000000000000000, -6.042206025863530172, -58.61996199853950884 ) ) ;
#4060 = PERSON_AND_ORGANIZATION_ROLE ( 'design_owner' ) ;
#4061 = ORIENTED_EDGE ( 'NONE', *, *, #2453, .F. ) ;
#4062 = ADVANCED_FACE ( 'NONE', ( #3058 ), #1033, .F. ) ;
#4063 = CARTESIAN_POINT ( 'NONE',  ( 3.671961991660179336, -41.66660398504498630, 6.840072694917421536 ) ) ;
#4064 = CARTESIAN_POINT ( 'NONE',  ( 27.73952090026797634, -6.042206017375209903, 85.90915925597643366 ) ) ;
#4065 = CARTESIAN_POINT ( 'NONE',  ( 18.65092101011278203, -35.38665753033456696, 18.08101892501845853 ) ) ;
#4066 = CARTESIAN_POINT ( 'NONE',  ( 8.072138544150465833, -42.06845266271101025, -3.990947712476692999 ) ) ;
#4067 = CARTESIAN_POINT ( 'NONE',  ( 152.8722439315365023, -38.48506133258189976, 8.140502076289788435E-15 ) ) ;
#4068 = AXIS2_PLACEMENT_3D ( 'NONE', #5212, #4364, #2666 ) ;
#4069 = CARTESIAN_POINT ( 'NONE',  ( 12.29150737529177029, -38.03720140311203579, 4.182858913372355047 ) ) ;
#4070 = CARTESIAN_POINT ( 'NONE',  ( -7.343957657415930207, -41.80211066434029732, -7.620082781638671143 ) ) ;
#4071 = CARTESIAN_POINT ( 'NONE',  ( -6.779446149139697120, -37.85665128085598496, -5.949071431537319654 ) ) ;
#4072 = ORIENTED_EDGE ( 'NONE', *, *, #3540, .F. ) ;
#4073 = FACE_OUTER_BOUND ( 'NONE', #4764, .T. ) ;
#4074 = ORIENTED_EDGE ( 'NONE', *, *, #1229, .T. ) ;
#4075 = CARTESIAN_POINT ( 'NONE',  ( 12.64698321130497760, -38.13821777168192284, 2.962858583579206950 ) ) ;
#4076 = DIRECTION ( 'NONE',  ( -1.000000000000000000, 0.000000000000000000, 0.000000000000000000 ) ) ;
#4077 = CARTESIAN_POINT ( 'NONE',  ( 9.180001701916264523, -42.31469916670601350, -0.3062550853233113601 ) ) ;
#4078 = CARTESIAN_POINT ( 'NONE',  ( 161.7089337220741925, -6.042206017375259641, 71.73437526644278250 ) ) ;
#4079 = CARTESIAN_POINT ( 'NONE',  ( -0.3033896137948596805, -41.48884512254558388, -8.999771648780328093 ) ) ;
#4080 = CARTESIAN_POINT ( 'NONE',  ( 159.5718911911924920, -33.22972007004719330, 8.960972233485210097E-15 ) ) ;
#4081 = CARTESIAN_POINT ( 'NONE',  ( -12.99840399442346062, -38.31026286157670313, 0.07350942406776220239 ) ) ;
#4082 = FACE_OUTER_BOUND ( 'NONE', #4713, .T. ) ;
#4083 = EDGE_CURVE ( 'NONE', #3424, #1517, #3924, .T. ) ;
#4084 = CARTESIAN_POINT ( 'NONE',  ( -18.00000000000000000, -11.27713467053115970, 50.82238809104900668 ) ) ;
#4085 = CARTESIAN_POINT ( 'NONE',  ( 7.343983152636445411, -42.05000831296262476, 3.031908093309124919 ) ) ;
#4086 = CARTESIAN_POINT ( 'NONE',  ( -18.00000000000000000, -38.08334154604071387, 5.880626755295395469 ) ) ;
#4087 = CARTESIAN_POINT ( 'NONE',  ( 117.9131557670229995, -56.13001623236039705, 1.387778780781445991E-14 ) ) ;
#4088 = CARTESIAN_POINT ( 'NONE',  ( 12.91275858171368363, -38.22461445402159086, 1.725175632206936260 ) ) ;
#4089 = CARTESIAN_POINT ( 'NONE',  ( -12.99840399442346062, -38.31026286157670313, 0.07350942406776220239 ) ) ;
#4090 = CARTESIAN_POINT ( 'NONE',  ( 73.65500000000000114, -64.66763823405520384, 0.000000000000000000 ) ) ;
#4091 = CARTESIAN_POINT ( 'NONE',  ( 0.000000000000000000, 0.000000000000000000, 0.000000000000000000 ) ) ;
#4092 = ORIENTED_EDGE ( 'NONE', *, *, #4800, .T. ) ;
#4093 = CARTESIAN_POINT ( 'NONE',  ( -7.344038008169223808, -41.85265049074520505, 6.840011482045491142 ) ) ;
#4094 = CARTESIAN_POINT ( 'NONE',  ( 38.93590688471255135, -6.042206017375211680, 92.54407225960069638 ) ) ;
#4095 = CARTESIAN_POINT ( 'NONE',  ( 5.960388321565822878, -37.75846942128013950, -6.768878518220666329 ) ) ;
#4096 = CARTESIAN_POINT ( 'NONE',  ( -18.00000000000000000, -6.042206017372999227, -53.98290812280544770 ) ) ;
#4097 = CARTESIAN_POINT ( 'NONE',  ( 73.65500000000000114, -58.25464714294840007, 0.000000000000000000 ) ) ;
#4098 = CARTESIAN_POINT ( 'NONE',  ( -12.98972947271086653, -38.26813399797127602, 0.9295109160766954481 ) ) ;
#4099 = CIRCLE ( 'NONE', #1843, 12.74499999999999922 ) ;
#4100 = CARTESIAN_POINT ( 'NONE',  ( -3.671978988473910022, -41.81616949220065749, -3.781289569364393977 ) ) ;
#4101 = CARTESIAN_POINT ( 'NONE',  ( -3.672042342413503135, -41.61891558214598064, 7.620021568766746078 ) ) ;
#4102 = EDGE_LOOP ( 'NONE', ( #1291, #1536, #3120 ) ) ;
#4103 = CARTESIAN_POINT ( 'NONE',  ( 3.671983152693320207, -41.84321739123220851, 3.031887689018482490 ) ) ;
#4104 = ORIENTED_EDGE ( 'NONE', *, *, #229, .T. ) ;
#4105 = VECTOR ( 'NONE', #5098, 1000.000000000000000 ) ;
#4106 = CARTESIAN_POINT ( 'NONE',  ( 8.998986806224843704, -38.28122379197094460, 0.6071858639393984403 ) ) ;
#4107 = CARTESIAN_POINT ( 'NONE',  ( 18.73031808121104547, -6.042206017375212568, 79.17414847416657153 ) ) ;
#4108 = CARTESIAN_POINT ( 'NONE',  ( 3.671999999943118986, -41.88125511334990847, 2.040429063875279011E-05 ) ) ;
#4109 = CARTESIAN_POINT ( 'NONE',  ( 161.5266385627128329, -6.042206017375260529, 71.92518262475141455 ) ) ;
#4110 = CARTESIAN_POINT ( 'NONE',  ( 37.70552769832573858, -6.042206017375304938, -91.90406060784566478 ) ) ;
#4111 = CARTESIAN_POINT ( 'NONE',  ( -6.571933751862657047, -41.85756989891255841, -6.155925683665728343 ) ) ;
#4112 = CARTESIAN_POINT ( 'NONE',  ( 179.0824426214854839, -13.94371515320777100, -185.3648852429707858 ) ) ;
#4113 = CARTESIAN_POINT ( 'NONE',  ( 6.887944888394262222, -17.91697035491181111, 50.53900899687818082 ) ) ;
#4114 = CARTESIAN_POINT ( 'NONE',  ( 99.14500000000001023, -58.25464714294840007, 1.560812345513300931E-15 ) ) ;
#4115 = CARTESIAN_POINT ( 'NONE',  ( -3.405820646415292420E-06, -41.79101289185603463, 0.6129188008571166968 ) ) ;
#4116 = CARTESIAN_POINT ( 'NONE',  ( 100.4489254887065499, -57.95386985700427118, 24.36668169229009706 ) ) ;
#4117 = CARTESIAN_POINT ( 'NONE',  ( 140.1670044770244488, -13.94371515320614918, 93.25435491082637895 ) ) ;
#4118 = EDGE_CURVE ( 'NONE', #1517, #3861, #2642, .T. ) ;
#4119 = CARTESIAN_POINT ( 'NONE',  ( 8.600991977705881197, -37.31751787010021815, 9.784403668373055751 ) ) ;
#4120 = CARTESIAN_POINT ( 'NONE',  ( 8.702240071216117201, -38.18359760585872209, -2.314808089764079480 ) ) ;
#4121 = CARTESIAN_POINT ( 'NONE',  ( 19.07334698233630021, -40.88189669053600284, 38.76238080152555199 ) ) ;
#4122 = CARTESIAN_POINT ( 'NONE',  ( 190.4059769339626200, -6.042206017374392779, 1.602714576394022305E-14 ) ) ;
#4123 = ORIENTED_EDGE ( 'NONE', *, *, #3864, .T. ) ;
#4124 = EDGE_CURVE ( 'NONE', #576, #719, #2097, .T. ) ;
#4125 = CARTESIAN_POINT ( 'NONE',  ( 36.16979889025466122, -6.042206017375211680, 91.12380917628185273 ) ) ;
#4126 = CARTESIAN_POINT ( 'NONE',  ( 8.773123002061213427, -38.20216390308923593, -2.029386239448868423 ) ) ;
#4127 = DIRECTION ( 'NONE',  ( -1.000000000000000000, 0.000000000000000000, 0.000000000000000000 ) ) ;
#4128 = CARTESIAN_POINT ( 'NONE',  ( 8.769362083285727749, -42.20873865712452044, 2.045967102195764387 ) ) ;
#4129 = CARTESIAN_POINT ( 'NONE',  ( 20.36082540615130299, -6.042206017372979687, 53.98290812280559692 ) ) ;
#4130 = CARTESIAN_POINT ( 'NONE',  ( -22.00000000000000000, -40.88189669070970211, -38.76238079680285153 ) ) ;
#4131 = DIRECTION ( 'NONE',  ( 0.000000000000000000, -1.000000000000000000, 0.000000000000000000 ) ) ;
#4132 = VERTEX_POINT ( 'NONE', #2054 ) ;
#4133 = CARTESIAN_POINT ( 'NONE',  ( -5.508051010759896116, -41.58978407742775119, 9.179990731482636335 ) ) ;
#4134 = ORIENTED_EDGE ( 'NONE', *, *, #4702, .F. ) ;
#4135 = CARTESIAN_POINT ( 'NONE',  ( -5.709178181538215213, -36.97967422498111745, 11.62372452446348703 ) ) ;
#4136 = CARTESIAN_POINT ( 'NONE',  ( 188.2215559786564540, -6.042206017375292504, 21.91123856995206154 ) ) ;
#4137 = CARTESIAN_POINT ( 'NONE',  ( -9.179994890275036568, -42.29213543396684116, -0.9195825163909381317 ) ) ;
#4138 = ADVANCED_FACE ( 'NONE', ( #360 ), #2581, .F. ) ;
#4139 = CARTESIAN_POINT ( 'NONE',  ( 179.4341603580995468, -6.042206017375280069, 46.49611050564016779 ) ) ;
#4140 = CARTESIAN_POINT ( 'NONE',  ( 10.55095449495478377, -6.042206017375283622, -71.16295329886611398 ) ) ;
#4141 = CARTESIAN_POINT ( 'NONE',  ( 8.926559020248902243, -42.25641629497408758, -1.185214964646852165 ) ) ;
#4142 = CARTESIAN_POINT ( 'NONE',  ( -6.282442621485373024, -13.94371515320773902, -185.3648852429707858 ) ) ;
#4143 = CARTESIAN_POINT ( 'NONE',  ( -8.072712972781982188, -42.06850709427625645, 3.989843778666592122 ) ) ;
#4144 = CARTESIAN_POINT ( 'NONE',  ( 117.9131557670225874, -56.13001623236050364, 3.859248534111614838E-15 ) ) ;
#4145 = CARTESIAN_POINT ( 'NONE',  ( -7.344006245878466288, -42.10689846302548744, 1.124001369873603551 ) ) ;
#4146 = B_SPLINE_CURVE_WITH_KNOTS ( 'NONE', 3,
 ( #673, #5023, #4212, #5489, #3293, #2439, #4995, #3360, #4574, #3770, #4140, #352, #779, #4188, #2912, #2868, #5512, #1581, #2068, #1165, #333, #1651, #2384, #252, #3792, #3338, #1967, #4110, #4168, #705, #3747, #5414, #2047, #3721, #1105, #5442, #3691, #5069, #4597, #2019, #1210, #306, #4643, #281, #2811, #2486, #734, #1133, #4543, #1995, #754, #5467, #1604, #3316, #1187, #1552, #5046, #2891, #3264, #4621, #5112, #4286, #802, #1277, #5558, #30, #2957, #1722, #5195, #3863, #4315, #2532, #4772, #1254, #5137, #1863, #2170, #827, #1751, #2508, #3385, #455, #4744, #4002, #4689, #4234, #2090, #5091, #4257, #3040, #3814, #4667, #376, #2142, #2115, #399, #3838, #912, #2936, #2981, #3473, #4715, #1696, #5534, #3410, #853, #2560, #3437, #2280, #427, #2, #5165, #3892, #1305, #1336, #2703, #3010, #882, #2587, #4432, #570, #146, #1234, #1675, #4528, #1893, #4557, #5370, #628, #691 ),
 .UNSPECIFIED., .F., .F.,
 ( 4, 1, 1, 1, 1, 1, 1, 1, 2, 2, 1, 1, 1, 1, 1, 1, 1, 2, 2, 1, 1, 1, 1, 1, 1, 2, 2, 1, 1, 1, 1, 1, 1, 2, 2, 1, 1, 1, 1, 2, 2, 1, 1, 1, 1, 2, 2, 1, 1, 1, 1, 1, 1, 2, 2, 1, 1, 1, 1, 1, 1, 2, 2, 1, 1, 1, 1, 1, 1, 1, 2, 2, 1, 1, 1, 1, 1, 1, 1, 2, 2, 1, 1, 1, 1, 1, 1, 1, 1, 1, 2, 2, 1, 1, 1, 1, 1, 1, 1, 1, 1, 2, 2, 4 ),
 ( 0.000000000000000000, 0.03124999999999698158, 0.04687499999999547584, 0.05468749999999465705, 0.05859374999999424766, 0.06054687499999405337, 0.06152343749999395622, 0.06201171874999396316, 0.06225585937499402561, 0.06249999999999408806, 0.09374999999999890365, 0.1093750000000013739, 0.1171875000000025396, 0.1210937500000030809, 0.1230468750000033168, 0.1240234375000034417, 0.1245117187500034972, 0.1247558593750035805, 0.1250000000000036637, 0.1562500000000166811, 0.1718750000000232314, 0.1796875000000264788, 0.1835937500000281164, 0.1855468750000289768, 0.1865234375000294209, 0.1870117187500296152, 0.1875000000000298095, 0.2187500000000451028, 0.2343750000000527356, 0.2421875000000566214, 0.2460937500000585920, 0.2480468750000595357, 0.2490234375000599798, 0.2495117187500602574, 0.2500000000000605072, 0.2812500000000770495, 0.2968750000000853206, 0.3046875000000895395, 0.3085937500000915379, 0.3105468750000926481, 0.3125000000000937028, 0.3437500000001121325, 0.3593750000001212919, 0.3671875000001258438, 0.3710937500001281197, 0.3730468750001292300, 0.3750000000001302847, 0.4062500000001459388, 0.4218750000001537659, 0.4296875000001576517, 0.4335937500001596501, 0.4355468750001606493, 0.4365234375001611489, 0.4370117187501614819, 0.4375000000001617595, 0.4687500000001767475, 0.4843750000001842970, 0.4921875000001881273, 0.4960937500001900702, 0.4980468750001911249, 0.4990234375001917355, 0.4995117187501919020, 0.5000000000001920686, 0.5312500000002045031, 0.5468750000002108314, 0.5546875000002139400, 0.5585937500002154943, 0.5605468750002161604, 0.5615234375002166045, 0.5620117187502168266, 0.5622558593752170486, 0.5625000000002172706, 0.5937500000002455813, 0.6093750000002597922, 0.6171875000002670086, 0.6210937500002706724, 0.6230468750002723377, 0.6240234375002731149, 0.6245117187502733369, 0.6247558593752733369, 0.6250000000002734479, 0.6875000000002300382, 0.7187500000002083889, 0.7343750000001975087, 0.7421875000001919576, 0.7460937500001892930, 0.7480468750001878497, 0.7490234375001871836, 0.7495117187501869616, 0.7497558593751868505, 0.7498779296876867395, 0.7500000000001865175, 0.8125000000001243450, 0.8437500000000932587, 0.8593750000000776046, 0.8671875000000698330, 0.8710937500000658362, 0.8730468750000637268, 0.8740234375000627276, 0.8745117187500621725, 0.8747558593750619504, 0.8748779296875618394, 0.8750000000000617284, 1.000000000000000000 ),
 .UNSPECIFIED. ) ;
#4147 = CARTESIAN_POINT ( 'NONE',  ( 152.8722439315374970, -38.48506133258119633, 4.163336342344334502E-14 ) ) ;
#4148 = PLANE ( 'NONE',  #4919 ) ;
#4149 = CARTESIAN_POINT ( 'NONE',  ( -22.00000000000000000, -6.042206017373970006, -58.61996200337829777 ) ) ;
#4150 = CARTESIAN_POINT ( 'NONE',  ( 8.999999999969618969, -42.30661158411304257, 0.1490837845215094160 ) ) ;
#4151 = CARTESIAN_POINT ( 'NONE',  ( -8.998799112008940781, -38.31026286157670313, 0.1470188481355286236 ) ) ;
#4152 = DIRECTION ( 'NONE',  ( 0.000000000000000000, 0.000000000000000000, 1.000000000000000000 ) ) ;
#4153 = ORIENTED_EDGE ( 'NONE', *, *, #1138, .T. ) ;
#4154 = CARTESIAN_POINT ( 'NONE',  ( 19.83184094113954643, -38.09925573020343847, 5.590056558374393525 ) ) ;
#4155 = B_SPLINE_CURVE_WITH_KNOTS ( 'NONE', 2,
 ( #3314, #5487, #1185 ),
 .UNSPECIFIED., .F., .F.,
 ( 3, 3 ),
 ( 0.000000000000000000, 0.9230367380877019245 ),
 .UNSPECIFIED. ) ;
#4156 = EDGE_CURVE ( 'NONE', #2955, #4586, #2516, .T. ) ;
#4157 = CARTESIAN_POINT ( 'NONE',  ( 9.268866471368754745, -16.58969648262803531, -46.48257244164566515 ) ) ;
#4158 = VECTOR ( 'NONE', #4450, 1000.000000000000000 ) ;
#4159 = CARTESIAN_POINT ( 'NONE',  ( -7.415906130416238362, -13.94371515320612609, 52.78106892812668605 ) ) ;
#4160 = CARTESIAN_POINT ( 'NONE',  ( -3.672029509819238591, -41.75190828326095271, 5.310640323559619347 ) ) ;
#4161 = CARTESIAN_POINT ( 'NONE',  ( 9.179998865152192877, -42.32168879929979965, 0.2042550747598803063 ) ) ;
#4162 = ORIENTED_EDGE ( 'NONE', *, *, #2395, .F. ) ;
#4163 = CARTESIAN_POINT ( 'NONE',  ( -12.99840399442346062, -38.31026286157670313, 0.07350942406776220239 ) ) ;
#4164 = CARTESIAN_POINT ( 'NONE',  ( 9.268866471368754745, -16.58969648262803531, -46.48257244164566515 ) ) ;
#4165 = LOCAL_TIME ( 10, 31, 8.000000000000000000, #1535 ) ;
#4166 = CARTESIAN_POINT ( 'NONE',  ( 17.75841179683909843, -40.28156867833060062, -15.56062431282815517 ) ) ;
#4167 = CARTESIAN_POINT ( 'NONE',  ( -22.00000000000000000, -6.042206017373009885, 58.61996200337879515 ) ) ;
#4168 = CARTESIAN_POINT ( 'NONE',  ( 38.29845601358873353, -6.042206017375304938, -92.21469804694419281 ) ) ;
#4169 = CARTESIAN_POINT ( 'NONE',  ( 1.728627966003988270, -36.71343226771098500, 12.91296954061885671 ) ) ;
#4170 = CARTESIAN_POINT ( 'NONE',  ( -3.714099161848807729, -41.60294520991212863, 8.203214826712340368 ) ) ;
#4171 = CARTESIAN_POINT ( 'NONE',  ( 103.1449999999999960, -58.25464714294840007, 2.050671065172243495E-15 ) ) ;
#4172 = CARTESIAN_POINT ( 'NONE',  ( -1.154662100978625748E-05, -41.78218312135541623, 2.077954731591365345 ) ) ;
#4173 = CARTESIAN_POINT ( 'NONE',  ( 11.71065362606562843, -27.19613762568739190, -41.40742183003878552 ) ) ;
#4174 = CARTESIAN_POINT ( 'NONE',  ( -18.00000000000000000, -32.29571161549034741, 26.62793936103274817 ) ) ;
#4175 = CARTESIAN_POINT ( 'NONE',  ( -22.00000000000000000, -42.30756013076910449, -5.181181809388050601E-15 ) ) ;
#4176 = CARTESIAN_POINT ( 'NONE',  ( 23.13850053261344897, -58.99259783589939588, -3.625970439761834165E-15 ) ) ;
#4177 = CARTESIAN_POINT ( 'NONE',  ( -12.99840399442346062, -38.31026286157670313, 0.07350942406776220239 ) ) ;
#4178 = ORIENTED_EDGE ( 'NONE', *, *, #265, .T. ) ;
#4179 = CARTESIAN_POINT ( 'NONE',  ( 14.91873754753283166, -27.39399073556680619, -34.59820507905678966 ) ) ;
#4180 = CARTESIAN_POINT ( 'NONE',  ( 13.56825112512138354, -30.95543471113757406, 36.45968395580479893 ) ) ;
#4181 = EDGE_CURVE ( 'NONE', #4043, #513, #3383, .T. ) ;
#4182 = CARTESIAN_POINT ( 'NONE',  ( 9.180042342328176730, -41.93205553827837662, -7.619990962330779105 ) ) ;
#4183 = CARTESIAN_POINT ( 'NONE',  ( 9.179978988388580063, -42.16512765717559574, 3.781320175800353844 ) ) ;
#4184 = CARTESIAN_POINT ( 'NONE',  ( 5.507998297856242509, -41.96944676530809915, 0.3063367024858758558 ) ) ;
#4185 = VERTEX_POINT ( 'NONE', #4296 ) ;
#4186 = FACE_OUTER_BOUND ( 'NONE', #4686, .T. ) ;
#4187 = CARTESIAN_POINT ( 'NONE',  ( 8.539537729232689500, -38.14356932681963741, 2.901885968678453054 ) ) ;
#4188 = CARTESIAN_POINT ( 'NONE',  ( 15.64512854433595912, -6.042206017375289839, -76.32615152884740439 ) ) ;
#4189 = EDGE_CURVE ( 'NONE', #1334, #349, #3915, .T. ) ;
#4190 = CARTESIAN_POINT ( 'NONE',  ( 69.65500000000015746, -58.93658393131480722, -33.48999999999976040 ) ) ;
#4191 = CARTESIAN_POINT ( 'NONE',  ( -7.150532840394287604, -41.92918539723043381, 5.497191150349625133 ) ) ;
#4192 = AXIS2_PLACEMENT_3D ( 'NONE', #3694, #193, #3268 ) ;
#4193 = CARTESIAN_POINT ( 'NONE',  ( 5.753561116038878431, -36.98421027725907351, 11.60061905489971679 ) ) ;
#4194 = CARTESIAN_POINT ( 'NONE',  ( 7.343998297827808663, -42.11316998287140478, 0.3063469046311974031 ) ) ;
#4195 = VECTOR ( 'NONE', #3823, 1000.000000000000000 ) ;
#4196 = CARTESIAN_POINT ( 'NONE',  ( 132.1963904380773158, -50.78462308660635927, 27.05165476076345143 ) ) ;
#4197 = CARTESIAN_POINT ( 'NONE',  ( 12.91275858171368363, -38.22461445402159086, 1.725175632206936260 ) ) ;
#4198 = CARTESIAN_POINT ( 'NONE',  ( -12.56162645354437046, -38.10324644065654098, 3.453297487050126957 ) ) ;
#4199 = CARTESIAN_POINT ( 'NONE',  ( -8.538001201022025199, -38.14323667027081655, -2.906896290140423389 ) ) ;
#4200 =( BOUNDED_CURVE ( )  B_SPLINE_CURVE ( 3, ( #1587, #2002, #2074, #3777, #3727, #2874, #2918, #1559 ),
 .UNSPECIFIED., .F., .F. ) 
 B_SPLINE_CURVE_WITH_KNOTS ( ( 4, 2, 2, 4 ),
 ( 0.000000000000000000, 0.1400170492858621996, 0.5700085246429310581, 1.000000000000000000 ),
 .UNSPECIFIED. ) 
 CURVE ( )  GEOMETRIC_REPRESENTATION_ITEM ( )  RATIONAL_B_SPLINE_CURVE ( ( 0.9913701649853138287, 0.9913701649853138287, 0.9913701649853138287, 0.9913701649853138287, 0.9913701649853138287, 0.9913701649853138287, 0.9913701649853138287, 0.9913701649853138287 ) ) 
 REPRESENTATION_ITEM ( '' )  );
#4201 = FACE_OUTER_BOUND ( 'NONE', #2879, .T. ) ;
#4202 = ORIENTED_EDGE ( 'NONE', *, *, #502, .T. ) ;
#4203 = EDGE_CURVE ( 'NONE', #2615, #4885, #1345, .T. ) ;
#4204 = DIRECTION ( 'NONE',  ( 0.000000000000000000, 1.000000000000000000, 0.000000000000000000 ) ) ;
#4205 = CARTESIAN_POINT ( 'NONE',  ( 11.77430131814180925, -27.31954411795046767, 41.27936685753356016 ) ) ;
#4206 = CARTESIAN_POINT ( 'NONE',  ( 179.0824426214870186, -13.94371515320615806, 4.163336342344334502E-14 ) ) ;
#4207 = CARTESIAN_POINT ( 'NONE',  ( -5.508021011383955390, -41.90336651136516366, 3.781238558637780578 ) ) ;
#4208 = CARTESIAN_POINT ( 'NONE',  ( 3.671999999943118986, -41.88125511334990847, 2.040429063875279011E-05 ) ) ;
#4209 = ORIENTED_EDGE ( 'NONE', *, *, #1017, .F. ) ;
#4210 = CARTESIAN_POINT ( 'NONE',  ( 23.13850053261340634, -58.99259783589941009, 126.5229989347730566 ) ) ;
#4211 = CARTESIAN_POINT ( 'NONE',  ( 125.6273957645820047, -6.042206017375238325, 96.41862154445512090 ) ) ;
#4212 = CARTESIAN_POINT ( 'NONE',  ( 4.407428401564735587, -6.042206017375278293, -64.08766339791574751 ) ) ;
#4213 = CARTESIAN_POINT ( 'NONE',  ( -18.00000000000000000, -6.042206017372979687, 53.98290812280559692 ) ) ;
#4214 = CARTESIAN_POINT ( 'NONE',  ( 6.157434908599664247, -41.81047012373412741, 6.570622305703877508 ) ) ;
#4215 = CARTESIAN_POINT ( 'NONE',  ( 4.595133152034944324, -36.88349197404500757, 12.10379607141392988 ) ) ;
#4216 = EDGE_CURVE ( 'NONE', #3456, #2227, #363, .T. ) ;
#4217 = CARTESIAN_POINT ( 'NONE',  ( -5.507999999914715339, -41.99430005084909823, -3.060643596962831642E-05 ) ) ;
#4218 = CARTESIAN_POINT ( 'NONE',  ( 12.33325034156387012, -33.22972007004623407, 41.67014294537386832 ) ) ;
#4219 = CARTESIAN_POINT ( 'NONE',  ( 12.31192599521090436, -38.03615675785520267, 4.194969801741929238 ) ) ;
#4220 = CARTESIAN_POINT ( 'NONE',  ( 62.61174934416702342, -6.042206017375317373, -101.3993885737381504 ) ) ;
#4221 = CARTESIAN_POINT ( 'NONE',  ( 73.65499999999991587, -63.39640923772795134, 25.49000000000009081 ) ) ;
#4222 = DIRECTION ( 'NONE',  ( 3.074555195481524923E-16, 1.000000000000000000, -5.078222490274108513E-16 ) ) ;
#4223 = CARTESIAN_POINT ( 'NONE',  ( 7.159819547225206193, -41.93044946377770543, 5.484708544606125891 ) ) ;
#4224 = ORIENTED_EDGE ( 'NONE', *, *, #4613, .T. ) ;
#4225 = LINE ( 'NONE', #1246, #404 ) ;
#4226 = ORIENTED_EDGE ( 'NONE', *, *, #1890, .F. ) ;
#4227 = CC_DESIGN_DATE_AND_TIME_ASSIGNMENT ( #4459, #2101, ( #3518 ) ) ;
#4228 = CARTESIAN_POINT ( 'NONE',  ( -18.00000000000000000, -15.84325058705650058, 47.33309916941549744 ) ) ;
#4229 = CARTESIAN_POINT ( 'NONE',  ( -3.671953323285381821, -41.56764441687351308, -8.400052059778637670 ) ) ;
#4230 = CARTESIAN_POINT ( 'NONE',  ( -9.180038008140790851, -41.98503258812255723, 6.840001279900168818 ) ) ;
#4231 = CARTESIAN_POINT ( 'NONE',  ( -7.344001701944726790, -42.11316865284367594, 0.3062652874686241367 ) ) ;
#4232 = ORIENTED_EDGE ( 'NONE', *, *, #3025, .F. ) ;
#4233 = DIRECTION ( 'NONE',  ( 1.500332356076764948E-16, 1.000000000000000000, 0.000000000000000000 ) ) ;
#4234 = CARTESIAN_POINT ( 'NONE',  ( 148.2402242172322246, -6.042206017375333360, -83.62443567633123109 ) ) ;
#4235 = CARTESIAN_POINT ( 'NONE',  ( 20.36082540615130299, -38.31026286157670313, -0.1470188481355378107 ) ) ;
#4236 = CARTESIAN_POINT ( 'NONE',  ( -1.464809999216595271, -41.50635418471077998, 8.881258892691503704 ) ) ;
#4237 = DIRECTION ( 'NONE',  ( 0.000000000000000000, 1.000000000000000000, -0.000000000000000000 ) ) ;
#4238 = CARTESIAN_POINT ( 'NONE',  ( 7.343999999886255736, -42.08584460787655956, 4.080858128201898512E-05 ) ) ;
#4239 = CARTESIAN_POINT ( 'NONE',  ( 226.6457644257072843, -6.042206017375247207, 137.9613978004092871 ) ) ;
#4240 = CARTESIAN_POINT ( 'NONE',  ( -8.526628952994453670, -42.15305379382460416, -2.895745575118182646 ) ) ;
#4241 = CARTESIAN_POINT ( 'NONE',  ( 1.172683599365326179, -6.042206017372999227, -53.98290812280549744 ) ) ;
#4242 = ADVANCED_FACE ( 'NONE', ( #2541 ), #4699, .F. ) ;
#4243 = CARTESIAN_POINT ( 'NONE',  ( -2.890403104975926230, -37.51307508597119522, -8.543669641872956078 ) ) ;
#4244 = FACE_OUTER_BOUND ( 'NONE', #5252, .T. ) ;
#4245 = CARTESIAN_POINT ( 'NONE',  ( 8.769924765661562205, -42.20890004554981090, 2.043137825750148462 ) ) ;
#4246 = ORIENTED_EDGE ( 'NONE', *, *, #1467, .T. ) ;
#4247 = CARTESIAN_POINT ( 'NONE',  ( 17.76646193702536181, -33.38102390654465523, -23.67160685290986422 ) ) ;
#4248 = EDGE_CURVE ( 'NONE', #2959, #4834, #2659, .T. ) ;
#4249 = CARTESIAN_POINT ( 'NONE',  ( -2.088770549366342877, -36.74302006620184358, 12.77462828669191808 ) ) ;
#4250 = B_SPLINE_CURVE_WITH_KNOTS ( 'NONE', 2,
 ( #1688, #1548, #1576 ),
 .UNSPECIFIED., .F., .F.,
 ( 3, 3 ),
 ( 0.07696326182740430288, 1.000000000000000000 ),
 .UNSPECIFIED. ) ;
#4251 = CARTESIAN_POINT ( 'NONE',  ( -3.672046676600916992, -41.56765029200163752, 8.400011251197351925 ) ) ;
#4252 = CARTESIAN_POINT ( 'NONE',  ( 86.40000000000000568, -64.66763823405520384, 0.000000000000000000 ) ) ;
#4253 = CARTESIAN_POINT ( 'NONE',  ( 7.343988453265270167, -42.08122616298213359, 2.077995540172650646 ) ) ;
#4254 = CARTESIAN_POINT ( 'NONE',  ( -3.671993753950963946, -41.88114169208937909, -1.124062582745540828 ) ) ;
#4255 = EDGE_LOOP ( 'NONE', ( #2161, #4830, #2427, #4061, #579, #2620, #1807, #2229 ) ) ;
#4256 = CARTESIAN_POINT ( 'NONE',  ( 18.03764526497331744, -40.94908700361598619, -12.50909095040602281 ) ) ;
#4257 = CARTESIAN_POINT ( 'NONE',  ( 148.4714477221641289, -6.042206017375334248, -83.45285572182075384 ) ) ;
#4258 = CARTESIAN_POINT ( 'NONE',  ( 5.249855858355565452, -41.72046422809258814, 7.311708412123765655 ) ) ;
#4259 = DIRECTION ( 'NONE',  ( 0.000000000000000000, -1.000000000000000000, 0.000000000000000000 ) ) ;
#4260 = ORIENTED_EDGE ( 'NONE', *, *, #566, .T. ) ;
#4261 = CARTESIAN_POINT ( 'NONE',  ( -10.33111549128002871, -38.30090601453613885, 0.09805446676462414857 ) ) ;
#4262 = CARTESIAN_POINT ( 'NONE',  ( -7.874526948246212577, -37.22497208334941377, 10.31466541793079905 ) ) ;
#4263 = CARTESIAN_POINT ( 'NONE',  ( 3.671998297884674134, -41.89111594139953354, 0.3063265003405541420 ) ) ;
#4264 = CARTESIAN_POINT ( 'NONE',  ( 7.482037612113787262, -19.03579530839238032, 49.60639368445494313 ) ) ;
#4265 = CARTESIAN_POINT ( 'NONE',  ( -5.939966243711382710, -41.78721274102245076, -6.767907428371115586 ) ) ;
#4266 = B_SPLINE_CURVE_WITH_KNOTS ( 'NONE', 3,
 ( #1864, #2251, #3094, #4466, #3189, #964, #2369, #3221, #3585, #5309, #1451, #3157, #4827, #5277, #601, #4035, #5372, #2797, #993, #1026, #3975, #4529, #177, #3124, #83, #1092, #5339, #539, #1894, #116, #3615, #5244, #4920, #2766, #1832, #4498, #4949, #2338, #4066, #207, #1924, #4856, #3646, #1288, #3706 ),
 .UNSPECIFIED., .F., .F.,
 ( 4, 2, 2, 2, 2, 2, 2, 2, 1, 2, 2, 2, 2, 2, 2, 2, 2, 2, 2, 2, 2, 2, 4 ),
 ( 8.581001396434788239E-19, 0.001761535969097778207, 0.002642303953646666769, 0.003523071938195555548, 0.005284607907293332671, 0.007046143876391110228, 0.008807679845488886050, 0.009688447830037775696, 0.01056921581458666187, 0.01144998379913554978, 0.01233075178368443596, 0.01409228775278221178, 0.01497305573733110143, 0.01585382372187998934, 0.01761535969097776863, 0.01849612767552665654, 0.01937689566007554445, 0.02113843162917332374, 0.02289996759827110304, 0.02378073558281999442, 0.02466150356736888233, 0.02642303953646666162, 0.02818457550556443744 ),
 .UNSPECIFIED. ) ;
#4267 = AXIS2_PLACEMENT_3D ( 'NONE', #2777, #5318, #4076 ) ;
#4268 = CARTESIAN_POINT ( 'NONE',  ( -9.000000000000000000, -38.30661423486100148, 0.04898197160115690119 ) ) ;
#4269 = DIRECTION ( 'NONE',  ( 0.000000000000000000, -1.000000000000000000, 0.000000000000000000 ) ) ;
#4270 = CARTESIAN_POINT ( 'NONE',  ( 23.13850053261339923, -58.99259783589939588, -1.549459856639939826E-14 ) ) ;
#4271 = CARTESIAN_POINT ( 'NONE',  ( 33.61572406200880181, -47.26221975847439438, -1.292841891455429965E-14 ) ) ;
#4272 = CARTESIAN_POINT ( 'NONE',  ( 3.987668670440910113, -41.62071607154255304, 8.073736214461753491 ) ) ;
#4273 = CIRCLE ( 'NONE', #5272, 12.74499999999999922 ) ;
#4274 = ADVANCED_FACE ( 'NONE', ( #4752 ), #3019, .T. ) ;
#4275 = ORIENTED_EDGE ( 'NONE', *, *, #3025, .T. ) ;
#4276 = DIRECTION ( 'NONE',  ( 1.000000000000000000, -1.334604752262064725E-16, 0.000000000000000000 ) ) ;
#4277 = CARTESIAN_POINT ( 'NONE',  ( 4.713663528457435525, -8.258011316513639954, -52.64514451638422798 ) ) ;
#4278 = CARTESIAN_POINT ( 'NONE',  ( 14.98355150545738645, -27.52725808520383310, 34.38502359846197010 ) ) ;
#4279 = EDGE_CURVE ( 'NONE', #2745, #3424, #3185, .T. ) ;
#4280 = CARTESIAN_POINT ( 'NONE',  ( 73.65500000000000114, -63.39640923772800818, 0.000000000000000000 ) ) ;
#4281 = CARTESIAN_POINT ( 'NONE',  ( 159.5718911911934867, -33.22972007004624118, 2.775557561562889773E-14 ) ) ;
#4282 = CARTESIAN_POINT ( 'NONE',  ( 7.344001701944698368, -42.11316865321070679, -0.3062652874686329074 ) ) ;
#4283 = CARTESIAN_POINT ( 'NONE',  ( 9.180003405678450079, -42.30370947901290890, -0.6128677901305166209 ) ) ;
#4284 = ORIENTED_EDGE ( 'NONE', *, *, #4118, .F. ) ;
#4285 = CARTESIAN_POINT ( 'NONE',  ( -8.999999999971750597, -42.30661158412170408, -0.1490837844135032841 ) ) ;
#4286 = CARTESIAN_POINT ( 'NONE',  ( 109.4670976748936795, -6.042206017375331584, -101.4396922107533641 ) ) ;
#4287 = CARTESIAN_POINT ( 'NONE',  ( -4.370274696764617772, -41.64816892468465426, 7.869200210347650604 ) ) ;
#4288 = CARTESIAN_POINT ( 'NONE',  ( 8.999986789893430483, -38.30531978232574630, 0.01542017347367932723 ) ) ;
#4289 = EDGE_LOOP ( 'NONE', ( #1741, #60, #2399 ) ) ;
#4290 = CARTESIAN_POINT ( 'NONE',  ( -8.998799112008940781, -38.31026286157670313, 0.1470188481355286236 ) ) ;
#4291 = CARTESIAN_POINT ( 'NONE',  ( -1.664322398973016925, -36.72966200320942676, 12.83657767480388046 ) ) ;
#4292 = CARTESIAN_POINT ( 'NONE',  ( -9.179998297799405904, -42.31469511206928757, -0.3063571067765277212 ) ) ;
#4293 = ADVANCED_FACE ( 'NONE', ( #3448 ), #1736, .T. ) ;
#4294 = DIRECTION ( 'NONE',  ( 0.000000000000000000, 1.000000000000000000, 0.000000000000000000 ) ) ;
#4295 = CARTESIAN_POINT ( 'NONE',  ( -6.474937489299053439, -37.04621303776234953, 11.28078738781670509 ) ) ;
#4296 = CARTESIAN_POINT ( 'NONE',  ( 8.999999999999985789, -42.30708556946423471, -5.044008672611721968E-15 ) ) ;
#4297 = CARTESIAN_POINT ( 'NONE',  ( -4.504629800761464686, -41.65788995800652117, 7.797124061314743670 ) ) ;
#4298 = CARTESIAN_POINT ( 'NONE',  ( 8.996312644007540271, -42.29542115960362025, 0.2969681413121251778 ) ) ;
#4299 = CARTESIAN_POINT ( 'NONE',  ( 1.025684695997423512, -41.49730313484392497, -8.942682564678698043 ) ) ;
#4300 = CARTESIAN_POINT ( 'NONE',  ( 9.180046676515589255, -41.87592484815071003, -8.399980644761386728 ) ) ;
#4301 = B_SPLINE_SURFACE_WITH_KNOTS ( 'NONE', 5, 5, ( 
 ( #3492, #2107, #820, #4737, #5217, #3832, #3062, #5130, #4793 ),
 ( #1271, #4370, #1801, #4251, #2580, #508, #446, #420, #1247 ),
 ( #391, #4708, #1058, #2278, #2763, #114, #991, #3154, #3184 ),
 ( #1830, #4093, #962, #4398, #4526, #4063, #537, #2670, #1023 ),
 ( #2308, #3973, #4495, #4000, #5368, #144, #4032, #626, #1861 ),
 ( #2335, #173, #1089, #1891, #658, #2366, #4886, #3581, #5306 ),
 ( #204, #4825, #2701, #1448, #1921, #3612, #1387, #4946, #3550 ),
 ( #3643, #5275, #4462, #2247, #2733, #598, #1509, #3122, #5337 ),
 ( #1477, #1418, #3218, #235, #4854, #4916, #2026, #2794, #4430 ),
 ( #568, #5242, #3091, #1610, #1192, #3755, #3321, #5472, #5051 ),
 ( #2292, #4961, #613, #3689, #2322, #640, #1103, #4046, #4510 ),
 ( #2778, #250, #3170, #2838, #2808, #188, #1875, #1550, #4900 ),
 ( #4478, #1072, #1905, #3660, #4571, #1038, #3597, #5412, #5383 ),
 ( #3626, #671, #4867, #279, #158, #4108, #1433, #2749, #5349 ),
 ( #2350, #3566, #1492, #3201, #1934, #1005, #582, #3262, #4931 ),
 ( #4541, #2382, #3233, #2412, #5319, #2716, #4016, #5289, #4077 ),
 ( #1462, #3137, #4443, #218, #1522, #1964, #4992, #1131, #703 ),
 ( #4137, #2741, #1868, #544, #4436, #5342, #1484, #4533, #1957 ),
 ( #180, #3129, #211, #1029, #3589, #1927, #3652, #120, #2678 ),
 ( #3193, #1838, #3225, #5282, #5376, #1515, #1425, #2800, #3682 ),
 ( #605, #664, #151, #574, #2315, #5405, #2284, #4832, #633 ),
 ( #4471, #1543, #5312, #4100, #1454, #2341, #2256, #4953, #243 ),
 ( #3559, #4009, #1096, #2374, #4039, #969, #3163, #4405, #4893 ),
 ( #3979, #4860, #997, #2709, #1897, #3619, #4924, #1065, #2770 ),
 ( #4503, #4070, #297, #3354, #2011, #325, #772, #3737, #4182 ),
 ( #2040, #4660, #3764, #4229, #369, #2884, #5457, #3309, #1620 ),
 ( #2830, #4590, #1595, #2479, #5483, #4985, #2930, #5433, #5013 ) ),
 .UNSPECIFIED., .F., .F., .F.,
 ( 6, 3, 3, 3, 3, 3, 3, 3, 6 ),
 ( 6, 3, 6 ),
 ( -9.180021338060335268, -5.280072925847081322, -1.533063524059695482, -0.5105101600910710857, 3.552713678800500929E-15, 0.5105101600910764148, 1.533063524059699034, 5.280072925847081322, 9.180021338060329938 ),
 ( -9.179999999999566285, -1.776356839400250465E-15, 9.179999999999562732 ),
 .UNSPECIFIED. ) ;
#4302 = ORIENTED_EDGE ( 'NONE', *, *, #746, .T. ) ;
#4303 = LINE ( 'NONE', #2997, #5152 ) ;
#4304 = FACE_OUTER_BOUND ( 'NONE', #4011, .T. ) ;
#4305 = CARTESIAN_POINT ( 'NONE',  ( -8.999999999999989342, -42.30661100815937914, 2.158147822363234170E-17 ) ) ;
#4306 = ORIENTED_EDGE ( 'NONE', *, *, #186, .F. ) ;
#4307 = CARTESIAN_POINT ( 'NONE',  ( 18.66331082096232308, -42.14869417616429104, -3.160174127119414145 ) ) ;
#4308 = CARTESIAN_POINT ( 'NONE',  ( 62.16120193383423498, -6.042206017375212568, 101.1660602061516698 ) ) ;
#4309 = CARTESIAN_POINT ( 'NONE',  ( 159.5718911911935436, -33.22972007004630512, 43.22219982320987697 ) ) ;
#4310 = CARTESIAN_POINT ( 'NONE',  ( -9.179998297799405904, -42.31469511206928757, -0.3063571067765277212 ) ) ;
#4311 = ADVANCED_FACE ( 'NONE', ( #4725 ), #3034, .F. ) ;
#4312 = CARTESIAN_POINT ( 'NONE',  ( -5.507994890331902482, -41.97116850191184056, -0.9195621121002953702 ) ) ;
#4313 = ORIENTED_EDGE ( 'NONE', *, *, #3558, .T. ) ;
#4314 = CARTESIAN_POINT ( 'NONE',  ( 8.999999999999985789, -42.30708556946423471, -5.044008672611721968E-15 ) ) ;
#4315 = CARTESIAN_POINT ( 'NONE',  ( 122.6519156913866908, -6.042206017375333360, -97.57631938065549093 ) ) ;
#4316 = CARTESIAN_POINT ( 'NONE',  ( -6.153706533769492282, -41.81006613777032754, 6.574078482109617205 ) ) ;
#4317 = CARTESIAN_POINT ( 'NONE',  ( 18.04337323868696785, -34.00153157894234823, 22.11765063320802227 ) ) ;
#4318 = VERTEX_POINT ( 'NONE', #3569 ) ;
#4319 = CARTESIAN_POINT ( 'NONE',  ( -17.60597693396299945, -6.042206017372989457, -2.547411734887424772E-14 ) ) ;
#4320 = CARTESIAN_POINT ( 'NONE',  ( -2.088770549366342877, -36.74302006620184358, 12.77462828669191808 ) ) ;
#4321 = CARTESIAN_POINT ( 'NONE',  ( -5.507978988445480617, -41.90336194457290730, -3.781299771509714525 ) ) ;
#4322 = CYLINDRICAL_SURFACE ( 'NONE', #4562, 9.000000000000000000 ) ;
#4323 = CARTESIAN_POINT ( 'NONE',  ( -5.600455814370381979, -41.75337542051632056, -7.046864324533411938 ) ) ;
#4324 = CARTESIAN_POINT ( 'NONE',  ( 183.4706577719820189, -6.042206017375323590, -37.74922876114217729 ) ) ;
#4325 = CARTESIAN_POINT ( 'NONE',  ( 3.672021011412359481, -41.81617290948472743, -3.781248760783106899 ) ) ;
#4326 = LINE ( 'NONE', #923, #4910 ) ;
#4327 = CARTESIAN_POINT ( 'NONE',  ( -22.00000000000000000, -42.30756013076910449, -5.181181809388050601E-15 ) ) ;
#4328 = VECTOR ( 'NONE', #4823, 1000.000000000000000 ) ;
#4329 = CARTESIAN_POINT ( 'NONE',  ( 4.751848120813992438, -41.67776657638364668, -7.644759034772629747 ) ) ;
#4330 = B_SPLINE_CURVE_WITH_KNOTS ( 'NONE', 3,
 ( #4755, #3963, #4784, #2691, #924, #5235, #103, #2630, #3511, #3539 ),
 .UNSPECIFIED., .F., .F.,
 ( 4, 2, 2, 2, 4 ),
 ( 4.049752731053163438E-17, 0.01636899988670016334, 0.03273799977340028505, 0.04910699966010040329, 0.06527498529413122696 ),
 .UNSPECIFIED. ) ;
#4331 = CARTESIAN_POINT ( 'NONE',  ( -3.672046676600916992, -41.56765029200163752, 8.400011251197351925 ) ) ;
#4332 = VERTEX_POINT ( 'NONE', #3988 ) ;
#4333 = APPROVAL_PERSON_ORGANIZATION ( #1978, #1419, #232 ) ;
#4334 = CARTESIAN_POINT ( 'NONE',  ( -0.001283415555043834018, 11.74493434166574168, -0.06168758558244399198 ) ) ;
#4335 = FACE_OUTER_BOUND ( 'NONE', #2334, .T. ) ;
#4336 = FACE_OUTER_BOUND ( 'NONE', #5336, .T. ) ;
#4337 = ORIENTED_EDGE ( 'NONE', *, *, #677, .T. ) ;
#4338 = CARTESIAN_POINT ( 'NONE',  ( 5.646491467668496078, -15.58768199645132846, -52.41638268683985302 ) ) ;
#4339 = CARTESIAN_POINT ( 'NONE',  ( 115.2213259663666349, -6.042206017375232108, 99.93286190114062606 ) ) ;
#4340 = B_SPLINE_CURVE_WITH_KNOTS ( 'NONE', 3,
 ( #5135, #4285, #3891, #1779, #1808, #1304, #453, #483, #5557, #2224, #1335, #4831, #28, #5249, #2559, #1695, #4771, #5223, #1276, #2676, #3098, #2198, #968, #514, #3436, #3472, #3920, #4376, #398, #3039, #3837, #2980, #4714, #426, #2141, #2168, #852, #3069, #5163, #2648, #3862, #1750, #4799, #4345, #5194, #911, #61, #937, #1122, #179, #604, #2340, #1926 ),
 .UNSPECIFIED., .F., .F.,
 ( 4, 2, 2, 2, 2, 2, 2, 2, 2, 2, 2, 2, 2, 2, 2, 2, 2, 1, 2, 2, 2, 2, 2, 2, 2, 2, 4 ),
 ( 0.02820747663949259992, 0.02864839211185351772, 0.02908930758421443552, 0.02997113852893627459, 0.03085296947365811018, 0.03173480041837994925, 0.03349846230782362044, 0.03438029325254545604, 0.03526212419726729164, 0.03702578608671096283, 0.03878944797615463402, 0.03967127892087646268, 0.04055310986559829828, 0.04231677175504196947, 0.04408043364448563373, 0.04584409553392930492, 0.04672592647865113358, 0.04760775742337296917, 0.04848958836809480477, 0.04937141931281664037, 0.05113508120226030462, 0.05201691214698213328, 0.05289874309170396194, 0.05466240498114763313, 0.05554423592586946179, 0.05598515139823038306, 0.05642606687059129739 ),
 .UNSPECIFIED. ) ;
#4341 = CARTESIAN_POINT ( 'NONE',  ( 85.91728259824829195, -50.78462308660630242, 45.79384632313450254 ) ) ;
#4342 = CARTESIAN_POINT ( 'NONE',  ( -9.179998865152223075, -42.32168879933809080, -0.2042550747598895489 ) ) ;
#4343 = CARTESIAN_POINT ( 'NONE',  ( 9.180001134563447351, -42.32169833816495697, -0.2041530533066731601 ) ) ;
#4344 = ORIENTED_EDGE ( 'NONE', *, *, #1129, .T. ) ;
#4345 = CARTESIAN_POINT ( 'NONE',  ( 8.199887353409597068, -42.09057457653384660, -3.721330029647813564 ) ) ;
#4346 = EDGE_CURVE ( 'NONE', #2343, #5227, #4842, .T. ) ;
#4347 = CARTESIAN_POINT ( 'NONE',  ( 7.645930294674124106, -13.60767586255291839, 48.84857110752053444 ) ) ;
#4348 = ORIENTED_EDGE ( 'NONE', *, *, #2655, .F. ) ;
#4349 = CARTESIAN_POINT ( 'NONE',  ( -9.000000000000000000, -38.30472695027329877, -3.659182332138580620E-15 ) ) ;
#4350 = B_SPLINE_SURFACE_WITH_KNOTS ( 'NONE', 5, 5, ( 
 ( #984, #1883, #2213, #4788, #2725, #4419, #926, #3083, #3574 ),
 ( #3177, #3056, #1441, #4331, #75, #2601, #4451, #3486, #3146 ),
 ( #560, #591, #2664, #2632, #4024, #4392, #4876, #1471, #1854 ),
 ( #469, #4362, #3937, #1795, #897, #3965, #530, #3606, #4816 ),
 ( #956, #106, #1824, #196, #1609, #738, #1529, #2444, #2025 ),
 ( #2816, #3753, #2419, #2757, #1139, #5471, #224, #258, #3210 ),
 ( #1110, #1942, #286, #3725, #1912, #5446, #4487, #4085, #1046 ),
 ( #2329, #1585, #4601, #4579, #4172, #4548, #3634, #2872, #679 ),
 ( #4907, #4145, #3270, #620, #4938, #4054, #5357, #1500, #2390 ),
 ( #2847, #2000, #3298, #1080, #5029, #2785, #4518, #310, #648 ),
 ( #5000, #2358, #1169, #3667, #4115, #710, #5391, #3240, #1972 ),
 ( #3696, #4968, #5419, #1557, #357, #4263, #2121, #4194, #1191 ),
 ( #5540, #1283, #3843, #2072, #406, #5565, #3775, #2986, #2148 ),
 ( #4671, #4721, #4217, #4648, #807, #432, #1679, #4238, #2566 ),
 ( #833, #5493, #784, #1238, #1258, #2094, #1631, #3870, #4625 ),
 ( #4292, #1701, #337, #758, #2513, #2916, #380, #2051, #4696 ),
 ( #3415, #3797, #3819, #2538, #5516, #3390, #5144, #5117, #860 ),
 ( #8, #3320, #2466, #2963, #3343, #5073, #5050, #2896, #2490 ),
 ( #1214, #1655, #3365, #5096, #2940, #3533, #1757, #4353, #4411 ),
 ( #4015, #3898, #3075, #2684, #2291, #2593, #550, #4807, #3478 ),
 ( #3565, #3505, #581, #2204, #1003, #3927, #4839, #4749, #126 ),
 ( #2715, #2262, #4321, #3016, #947, #1342, #4383, #461, #3106 ),
 ( #1845, #493, #521, #975, #67, #2656, #3985, #2231, #3136 ),
 ( #4442, #1728, #888, #3957, #2175, #37, #5288, #1313, #3047 ),
 ( #1432, #95, #3444, #4866, #5201, #4778, #5171, #918, #1815 ),
 ( #5229, #1787, #2624, #1372, #5257, #1402, #2865, #1963, #1521 ),
 ( #4477, #1102, #4930, #639, #1490, #2411, #3169, #4045, #3659 ) ),
 .UNSPECIFIED., .F., .F., .F.,
 ( 6, 3, 3, 3, 3, 3, 3, 3, 6 ),
 ( 6, 3, 6 ),
 ( -9.180021338060335268, -5.280072925847081322, -1.533063524059695482, -0.5105101600910710857, 3.552713678800500929E-15, 0.5105101600910764148, 1.533063524059699034, 5.280072925847081322, 9.180021338060329938 ),
 ( -9.179999999999566285, -1.776356839400250465E-15, 9.179999999999562732 ),
 .UNSPECIFIED. ) ;
#4351 = ORIENTED_EDGE ( 'NONE', *, *, #1078, .T. ) ;
#4352 = CARTESIAN_POINT ( 'NONE',  ( -4.144990330531938660, -36.84642591583126148, 12.28726131754633144 ) ) ;
#4353 = CARTESIAN_POINT ( 'NONE',  ( 7.344006245878439643, -42.10689846338708264, -1.124001369873610434 ) ) ;
#4354 = EDGE_CURVE ( 'NONE', #967, #4663, #2519, .T. ) ;
#4355 = CARTESIAN_POINT ( 'NONE',  ( 16.99417815004559174, -38.47041016481652775, -21.54068907253074983 ) ) ;
#4356 = CARTESIAN_POINT ( 'NONE',  ( -7.796524940587627128, -42.02397829704092658, -4.498586441912368450 ) ) ;
#4357 = CARTESIAN_POINT ( 'NONE',  ( -18.00000000000000000, -37.24753809675054583, -11.41428795664993778 ) ) ;
#4358 = CARTESIAN_POINT ( 'NONE',  ( 7.344029509762343366, -41.94464985518333577, -5.310619919268977362 ) ) ;
#4359 = CARTESIAN_POINT ( 'NONE',  ( 4.512474036120750931, -41.65683424512047139, 7.809564948946116303 ) ) ;
#4360 = CARTESIAN_POINT ( 'NONE',  ( 5.498245137144838424, -41.74135816116226749, 7.149896994386333304 ) ) ;
#4361 = CARTESIAN_POINT ( 'NONE',  ( 8.941569456212636879, -42.25797699056728618, -1.184215616387600312 ) ) ;
#4362 = CARTESIAN_POINT ( 'NONE',  ( -7.344038008169223808, -41.85265049074520505, 6.840011482045491142 ) ) ;
#4363 = AXIS2_PLACEMENT_3D ( 'NONE', #3416, #3446, #4294 ) ;
#4364 = DIRECTION ( 'NONE',  ( 0.000000000000000000, 1.000000000000000000, 0.000000000000000000 ) ) ;
#4365 = CARTESIAN_POINT ( 'NONE',  ( 20.34536719873065280, -34.34959553575265545, -21.81000826438560125 ) ) ;
#4366 = AXIS2_PLACEMENT_3D ( 'NONE', #1812, #1725, #4042 ) ;
#4367 = DIRECTION ( 'NONE',  ( -1.000000000000000000, 0.000000000000000000, 0.000000000000000000 ) ) ;
#4368 = ORIENTED_EDGE ( 'NONE', *, *, #3409, .F. ) ;
#4369 = EDGE_CURVE ( 'NONE', #1720, #1339, #4673, .T. ) ;
#4370 = CARTESIAN_POINT ( 'NONE',  ( -7.344046676544051522, -41.74793702368555159, 8.399990846906709052 ) ) ;
#4371 = CARTESIAN_POINT ( 'NONE',  ( 95.91171998869863558, -6.042206017375225890, 103.5703291194728308 ) ) ;
#4372 = CARTESIAN_POINT ( 'NONE',  ( 110.6172451890451356, -57.95386985700427118, 14.30498233254013307 ) ) ;
#4373 = CARTESIAN_POINT ( 'NONE',  ( 5.508001134620313266, -41.97551094644108360, -0.2041734575973163102 ) ) ;
#4374 = CARTESIAN_POINT ( 'NONE',  ( 1.154662097816548079E-05, -41.78218312152492331, -2.077954731591370674 ) ) ;
#4375 = ORIENTED_EDGE ( 'NONE', *, *, #4203, .T. ) ;
#4376 = CARTESIAN_POINT ( 'NONE',  ( 0.5823425401913141508, -41.48877771616404431, -9.000406399705410010 ) ) ;
#4377 = CARTESIAN_POINT ( 'NONE',  ( 3.725504915998841149, -41.60365399580758350, 8.198077261500079871 ) ) ;
#4378 = CARTESIAN_POINT ( 'NONE',  ( 2.061296397841177797, -37.47896998164721083, -8.765793571554771901 ) ) ;
#4379 = VERTEX_POINT ( 'NONE', #674 ) ;
#4380 = CARTESIAN_POINT ( 'NONE',  ( -9.000000000000000000, -38.30661423486100148, 0.04898197160115690119 ) ) ;
#4381 = EDGE_LOOP ( 'NONE', ( #2088, #3981, #5042, #122, #1251 ) ) ;
#4382 = CARTESIAN_POINT ( 'NONE',  ( -8.989166845844984266, -38.27511202111345057, 0.7384285762543776332 ) ) ;
#4383 = CARTESIAN_POINT ( 'NONE',  ( 5.508021011383923415, -41.90336651180881944, -3.781238558637783687 ) ) ;
#4384 = PLANE ( 'NONE',  #136 ) ;
#4385 = CARTESIAN_POINT ( 'NONE',  ( -22.00000000000000000, -40.88189669053600284, 38.76238080152555199 ) ) ;
#4386 = CARTESIAN_POINT ( 'NONE',  ( -22.00000000000000000, -6.042206017373970006, -58.61996200337829777 ) ) ;
#4387 = CARTESIAN_POINT ( 'NONE',  ( 7.344038008169198051, -41.85265049061969478, -6.840011482045492031 ) ) ;
#4388 = CARTESIAN_POINT ( 'NONE',  ( -1.179929238692410509, -41.49751671558019694, 8.941689940058139996 ) ) ;
#4389 = CARTESIAN_POINT ( 'NONE',  ( -2.895626452487693125, -41.55578461188099482, 8.541963352116839658 ) ) ;
#4390 = EDGE_CURVE ( 'NONE', #3102, #4461, #2377, .T. ) ;
#4391 = CARTESIAN_POINT ( 'NONE',  ( 0.5848881927590076080, -41.49090554926058161, -8.985927618551064811 ) ) ;
#4392 = CARTESIAN_POINT ( 'NONE',  ( 3.671957657472766368, -41.61891006581415553, 7.620062377348030047 ) ) ;
#4393 = DIRECTION ( 'NONE',  ( 1.000000000000000000, 0.000000000000000000, 0.000000000000000000 ) ) ;
#4394 = CARTESIAN_POINT ( 'NONE',  ( 8.999999999999969802, -42.30661100815936493, 1.050015935142030061E-15 ) ) ;
#4395 = CARTESIAN_POINT ( 'NONE',  ( 226.6457644257072843, 9.999999999999980460, 137.9613978004092303 ) ) ;
#4396 = LINE ( 'NONE', #4883, #4785 ) ;
#4397 = ORIENTED_EDGE ( 'NONE', *, *, #3631, .F. ) ;
#4398 = CARTESIAN_POINT ( 'NONE',  ( -3.672038008226089278, -41.66660914934224280, 6.840031886336134903 ) ) ;
#4399 = CARTESIAN_POINT ( 'NONE',  ( 101.4163420717165849, -6.042206017375223226, 102.9398440236567751 ) ) ;
#4400 = CARTESIAN_POINT ( 'NONE',  ( -10.33109922673685688, -38.30846199499498539, 0.09805506450800315077 ) ) ;
#4401 = CARTESIAN_POINT ( 'NONE',  ( 3.671998865237487752, -41.88910478186475217, 0.2042244683239155256 ) ) ;
#4402 = CARTESIAN_POINT ( 'NONE',  ( -9.179970489981760906, -42.08223716987231455, -5.310711738576871177 ) ) ;
#4403 = VERTEX_POINT ( 'NONE', #899 ) ;
#4404 = CARTESIAN_POINT ( 'NONE',  ( 12.64698321130497760, -38.13821777168192284, 2.962858583579206950 ) ) ;
#4405 = CARTESIAN_POINT ( 'NONE',  ( 7.344029509762343366, -41.94464985518333577, -5.310619919268977362 ) ) ;
#4406 = CARTESIAN_POINT ( 'NONE',  ( 103.1449999999999960, -64.66763823405520384, 2.050671065172243101E-15 ) ) ;
#4407 = EDGE_LOOP ( 'NONE', ( #3805, #4632, #999 ) ) ;
#4408 = PLANE ( 'NONE',  #3754 ) ;
#4409 = ORIENTED_EDGE ( 'NONE', *, *, #355, .F. ) ;
#4410 = CARTESIAN_POINT ( 'NONE',  ( 11.65279265519379415, -37.88120880545159963, 5.756226206313476368 ) ) ;
#4411 = CARTESIAN_POINT ( 'NONE',  ( 9.180006245850007573, -42.28221066246754845, -1.123991167728288998 ) ) ;
#4412 = CARTESIAN_POINT ( 'NONE',  ( -3.907487887994427478, -37.57622251205216912, 8.112792115261735049 ) ) ;
#4413 = CARTESIAN_POINT ( 'NONE',  ( 103.1449999999999960, -64.66763823405520384, 2.050671065172243101E-15 ) ) ;
#4414 = CARTESIAN_POINT ( 'NONE',  ( 179.0824426214855123, -13.94371515320779942, 1.135032566935601968E-14 ) ) ;
#4415 = CARTESIAN_POINT ( 'NONE',  ( -7.343961991603344508, -41.85264108029671348, -6.840093099208062632 ) ) ;
#4416 = CARTESIAN_POINT ( 'NONE',  ( -18.00000000000000000, -32.29571161549034741, 26.62793936103274817 ) ) ;
#4417 = LINE ( 'NONE', #4327, #1150 ) ;
#4418 = CARTESIAN_POINT ( 'NONE',  ( 40.60360956192334214, -50.78462308660646585, -91.59278087615335551 ) ) ;
#4419 = CARTESIAN_POINT ( 'NONE',  ( 3.671948989097941318, -41.51274014781866128, 9.180041742209247957 ) ) ;
#4420 = B_SPLINE_CURVE_WITH_KNOTS ( 'NONE', 3,
 ( #4873, #3571, #4448, #735, #4598, #4051, #2440, #3237, #3207, #5388, #2754, #1466, #1582, #3294, #2782, #2354, #3722, #1526, #4515, #3174, #222, #3601, #4965, #4169, #5354, #645, #4935, #1107, #1879, #254, #2813, #1166, #5323, #4997, #2326, #1076, #4545, #5416, #675, #192, #4904, #2869, #5025, #4483, #1496, #2842, #617, #4081 ),
 .UNSPECIFIED., .F., .F.,
 ( 4, 2, 2, 2, 2, 2, 2, 2, 2, 2, 2, 2, 2, 2, 2, 2, 2, 2, 2, 2, 2, 2, 2, 4 ),
 ( 1.433179746754276174E-18, 0.002542643071596859330, 0.003813964607395288996, 0.005085286143193719528, 0.007627929214790575389, 0.008899250750589005055, 0.01017057228638743385, 0.01271321535798429318, 0.01398453689378272545, 0.01525585842958115425, 0.01652717996537958478, 0.01779850150117801705, 0.02034114457277487811, 0.02161246610857331038, 0.02288378764437174612, 0.02542643071596861065, 0.02669775225176704292, 0.02796907378756547866, 0.03051171685916233972, 0.03305435993075921119, 0.03432568146655764346, 0.03559700300235607573, 0.03813964607395294720, 0.04068228914554981174 ),
 .UNSPECIFIED. ) ;
#4421 = CARTESIAN_POINT ( 'NONE',  ( 20.34536719873065280, -23.68619686104764810, -39.70994965335955840 ) ) ;
#4422 = CARTESIAN_POINT ( 'NONE',  ( 86.06783520431760337, -56.13001623236039705, 31.51140512489335066 ) ) ;
#4423 = ADVANCED_FACE ( 'NONE', ( #3400 ), #1324, .F. ) ;
#4424 = CIRCLE ( 'NONE', #1998, 12.74499999999999922 ) ;
#4425 = CARTESIAN_POINT ( 'NONE',  ( 5.514254520928799863, -37.71088761638348785, 7.136723109706553991 ) ) ;
#4426 = DIRECTION ( 'NONE',  ( 0.000000000000000000, -1.000000000000000000, 0.000000000000000000 ) ) ;
#4427 = B_SPLINE_CURVE_WITH_KNOTS ( 'NONE', 3,
 ( #5076, #4150, #4584, #361, #3729, #3371, #3779, #5450, #4605, #341, #2055, #5498, #1636, #2077, #838, #3021, #1287, #2570, #3419, #4359, #5121, #2661, #5206, #466, #1683, #2127, #3394, #4700, #4388, #3450, #3874, #43, #1347, #4297, #2991, #2598, #3903, #411, #3510, #5545, #2152, #5234, #4812, #72, #12, #953, #3053, #1263, #1763, #4783, #2629, #2967, #2542 ),
 .UNSPECIFIED., .F., .F.,
 ( 4, 2, 2, 2, 2, 2, 2, 2, 2, 2, 2, 2, 2, 2, 2, 2, 2, 1, 2, 2, 2, 2, 2, 2, 2, 2, 4 ),
 ( 0.000000000000000000, 0.0004407418224920719822, 0.0008814836449841439645, 0.001762967289968288363, 0.002644450934952432761, 0.003525934579936577159, 0.005288901869904864654, 0.006170385514889006884, 0.007051869159873149114, 0.008814836449841436175, 0.01057780373980972237, 0.01145928738479386720, 0.01234077102977801030, 0.01410373831974629823, 0.01586670560971458616, 0.01762967289968287929, 0.01851115654466702065, 0.01939264018965116548, 0.02027412383463531032, 0.02115560747961945515, 0.02291857476958774134, 0.02380005841457188270, 0.02468154205955602754, 0.02644450934952431373, 0.02732599299450845509, 0.02776673481700052751, 0.02820747663949259992 ),
 .UNSPECIFIED. ) ;
#4428 = CARTESIAN_POINT ( 'NONE',  ( 139.1842759379911740, -47.26221975847439438, 6.464209457277149827E-15 ) ) ;
#4429 = EDGE_LOOP ( 'NONE', ( #1842, #1323 ) ) ;
#4430 = CARTESIAN_POINT ( 'NONE',  ( 9.179993753865637984, -42.28220595406965288, 1.124093189181498254 ) ) ;
#4431 = CARTESIAN_POINT ( 'NONE',  ( -6.282442621485420098, -13.94371515320776034, -2.270065133871209932E-14 ) ) ;
#4432 = CARTESIAN_POINT ( 'NONE',  ( 187.9063634402962748, -6.042206017375317373, -22.66816325878073002 ) ) ;
#4433 = CARTESIAN_POINT ( 'NONE',  ( 226.6457644257072843, -70.00000000000000000, 137.9613978004092303 ) ) ;
#4434 = CARTESIAN_POINT ( 'NONE',  ( 3.672042342413475602, -41.61891558230553301, -7.620021568766741638 ) ) ;
#4435 = CARTESIAN_POINT ( 'NONE',  ( -7.874526948246212577, -37.22497208334941377, 10.31466541793079905 ) ) ;
#4436 = CARTESIAN_POINT ( 'NONE',  ( 5.109582799404303364E-06, -41.79199488318103306, -0.9195315056643299512 ) ) ;
#4437 = CARTESIAN_POINT ( 'NONE',  ( 9.179953323200054527, -41.87591202975677618, 8.400082666214604643 ) ) ;
#4438 = ORIENTED_EDGE ( 'NONE', *, *, #5463, .T. ) ;
#4439 = CARTESIAN_POINT ( 'NONE',  ( -4.234247036814637151E-05, -41.54461856202146919, 7.620041973057389839 ) ) ;
#4440 = VERTEX_POINT ( 'NONE', #17 ) ;
#4441 = CARTESIAN_POINT ( 'NONE',  ( 12.29150737529177029, -38.03720140311203579, 4.182858913372355047 ) ) ;
#4442 = CARTESIAN_POINT ( 'NONE',  ( -9.179961991574909774, -41.98502101360423211, -6.840103301353384069 ) ) ;
#4443 = CARTESIAN_POINT ( 'NONE',  ( -5.507996594094084486, -41.96905090737418931, -0.6129494072930899984 ) ) ;
#4444 = CARTESIAN_POINT ( 'NONE',  ( -2.264828242052438600, -37.48663712169098972, 8.715289160492686094 ) ) ;
#4445 = CARTESIAN_POINT ( 'NONE',  ( 8.999999999999985789, -42.30708556946423471, -5.044008672611721968E-15 ) ) ;
#4446 = CARTESIAN_POINT ( 'NONE',  ( -8.526534156639577589, -42.15297736841467469, -2.895809456581608821 ) ) ;
#4447 = CARTESIAN_POINT ( 'NONE',  ( -3.671978988473910022, -41.81616949220065749, -3.781289569364393977 ) ) ;
#4448 = CARTESIAN_POINT ( 'NONE',  ( 12.91275858171368363, -38.22461445402159086, 1.725175632206936260 ) ) ;
#4449 = DIRECTION ( 'NONE',  ( -1.000000000000000000, 0.000000000000000000, 0.000000000000000000 ) ) ;
#4450 = DIRECTION ( 'NONE',  ( -1.000000000000000000, 0.000000000000000000, 0.000000000000000000 ) ) ;
#4451 = CARTESIAN_POINT ( 'NONE',  ( 5.507953323256919553, -41.64573389331381748, 8.400062261923959994 ) ) ;
#4452 = B_SPLINE_SURFACE_WITH_KNOTS ( 'NONE', 2, 1, ( 
 ( #3628, #2352 ),
 ( #4385, #2414 ),
 ( #2840, #2461 ) ),
 .UNSPECIFIED., .F., .F., .F.,
 ( 3, 3 ),
 ( 2, 2 ),
 ( 0.07696326179983789539, 1.000000000000000000 ),
 ( 0.000000000000000000, 1.000000000000000000 ),
 .UNSPECIFIED. ) ;
#4453 = CARTESIAN_POINT ( 'NONE',  ( 85.35719728723940136, -6.042206017369100124, 98.92733719608149556 ) ) ;
#4454 = CARTESIAN_POINT ( 'NONE',  ( 33.62745298071140354, -47.26221975847409595, -1.112684768943767999 ) ) ;
#4455 = CIRCLE ( 'NONE', #3743, 12.74499999999999922 ) ;
#4456 = CARTESIAN_POINT ( 'NONE',  ( 6.795325449542818141, -37.85868911535289527, 5.930486003355106561 ) ) ;
#4457 = CARTESIAN_POINT ( 'NONE',  ( 86.40000000000000568, -63.39640923772800818, 0.000000000000000000 ) ) ;
#4458 = EDGE_CURVE ( 'NONE', #3890, #3491, #3967, .T. ) ;
#4459 = DATE_AND_TIME ( #2425, #6 ) ;
#4460 = VECTOR ( 'NONE', #4614, 1000.000000000000000 ) ;
#4461 = VERTEX_POINT ( 'NONE', #1710 ) ;
#4462 = CARTESIAN_POINT ( 'NONE',  ( -5.508011546535711567, -41.96222113922765118, 2.077924125155399704 ) ) ;
#4463 = CARTESIAN_POINT ( 'NONE',  ( 24.48248954428407131, -6.042206017375213456, 83.56871420144183560 ) ) ;
#4464 = CARTESIAN_POINT ( 'NONE',  ( 12.39938298041205478, -22.46180992702187140, 40.82735526813848281 ) ) ;
#4465 = VECTOR ( 'NONE', #2149, 1000.000000000000000 ) ;
#4466 = CARTESIAN_POINT ( 'NONE',  ( -8.769924765661572863, -42.20890004554981800, -2.043137825750154235 ) ) ;
#4467 = CARTESIAN_POINT ( 'NONE',  ( -7.343957657415930207, -41.80211066434029732, -7.620082781638671143 ) ) ;
#4468 = ADVANCED_FACE ( 'NONE', ( #1382, #4789 ), #3426, .F. ) ;
#4469 = VECTOR ( 'NONE', #1240, 1000.000000000000000 ) ;
#4470 = CARTESIAN_POINT ( 'NONE',  ( -10.98672761658436769, -37.74166560017503258, 6.898576405909704334 ) ) ;
#4471 = CARTESIAN_POINT ( 'NONE',  ( -9.179978988388608485, -42.16512765732627344, -3.781320175800359618 ) ) ;
#4472 = CARTESIAN_POINT ( 'NONE',  ( -5.508051010759896116, -41.58978407742775119, 9.179990731482636335 ) ) ;
#4473 = ORIENTED_EDGE ( 'NONE', *, *, #1770, .F. ) ;
#4474 = CARTESIAN_POINT ( 'NONE',  ( 9.179948989012643779, -41.81641118679826974, 9.180072348645213154 ) ) ;
#4475 = ORIENTED_EDGE ( 'NONE', *, *, #2484, .F. ) ;
#4476 = CARTESIAN_POINT ( 'NONE',  ( 4.198469165667044756, -36.85416588738164023, 12.24643793436761285 ) ) ;
#4477 = CARTESIAN_POINT ( 'NONE',  ( -9.179948989012672200, -41.81641118698128423, -9.180072348645209601 ) ) ;
#4478 = CARTESIAN_POINT ( 'NONE',  ( -9.180001134563481102, -42.32169833820387339, 0.2041530533066639730 ) ) ;
#4479 = CARTESIAN_POINT ( 'NONE',  ( -8.032606958652793949, -38.04535716137957735, 4.101323688453797800 ) ) ;
#4480 = CARTESIAN_POINT ( 'NONE',  ( 5.934681024747182398, -41.78665892407673255, -6.772568486711453950 ) ) ;
#4481 = CARTESIAN_POINT ( 'NONE',  ( 20.34536719873065280, -23.68619686104764810, -39.70994965335955840 ) ) ;
#4482 = B_SPLINE_CURVE_WITH_KNOTS ( 'NONE', 3,
 ( #3807, #4277, #2058, #3762, #3829, #5525, #5479, #1223, #4680, #5037, #2008, #4179, #2523, #5454, #366, #4247, #2949, #816, #2104, #1687, #5128, #3734, #1593, #2881 ),
 .UNSPECIFIED., .F., .F.,
 ( 4, 2, 2, 2, 2, 2, 2, 2, 2, 2, 2, 4 ),
 ( 5.900336203592303786E-16, 0.008463394458080052141, 0.01692678891615951448, 0.02539018337423898028, 0.02750603198875884933, 0.02962188060327871839, 0.03385357783231845996, 0.04231697229039789454, 0.04654866951943762571, 0.04866451813395748088, 0.05078036674847733606, 0.06770715566463622603 ),
 .UNSPECIFIED. ) ;
#4483 = CARTESIAN_POINT ( 'NONE',  ( -12.31153003840537252, -38.03320152123548326, 4.259893286187564243 ) ) ;
#4484 = CARTESIAN_POINT ( 'NONE',  ( 10.28725191854876009, -24.38851012101772398, 44.63294385369171380 ) ) ;
#4485 = ADVANCED_FACE ( 'NONE', ( #3487 ), #871, .F. ) ;
#4486 = CARTESIAN_POINT ( 'NONE',  ( -12.53283318597851981, -6.042206017371019477, -2.423155549835754631E-14 ) ) ;
#4487 = CARTESIAN_POINT ( 'NONE',  ( 5.507983152664885473, -41.92983744923066070, 3.031897891163803926 ) ) ;
#4488 = B_SPLINE_CURVE_WITH_KNOTS ( 'NONE', 3,
 ( #2768, #4499, #662, #2339, #4067, #3647, #4951, #1093, #2798, #2370 ),
 .UNSPECIFIED., .F., .F.,
 ( 4, 2, 2, 2, 4 ),
 ( 0.01855567530512835031, 0.1890535387050875094, 0.3595514021050465470, 0.5300492655050060842, 0.7005471289049649553 ),
 .UNSPECIFIED. ) ;
#4489 = CARTESIAN_POINT ( 'NONE',  ( -18.00000000000000000, -6.042206017372989457, -53.98290812280549744 ) ) ;
#4490 = CARTESIAN_POINT ( 'NONE',  ( 100.4489254887065499, -57.95386985700427118, 24.36668169229009706 ) ) ;
#4491 = CARTESIAN_POINT ( 'NONE',  ( 4.789214455954565075, -37.64487940800631804, 7.625508495269452069 ) ) ;
#4492 = CARTESIAN_POINT ( 'NONE',  ( 5.960388321565822878, -37.75846942128013950, -6.768878518220666329 ) ) ;
#4493 =( NAMED_UNIT ( * ) PLANE_ANGLE_UNIT ( ) SI_UNIT ( $, .RADIAN. ) );
#4494 = VERTEX_POINT ( 'NONE', #2972 ) ;
#4495 = CARTESIAN_POINT ( 'NONE',  ( -5.508029509790806522, -41.83478860845939096, 5.310630121414297022 ) ) ;
#4496 = CARTESIAN_POINT ( 'NONE',  ( 117.9131557670225163, -56.13001623236052495, -63.02631153404517761 ) ) ;
#4497 = CARTESIAN_POINT ( 'NONE',  ( 5.508364896780361342, -37.71030483346733320, -7.141984617852354944 ) ) ;
#4498 = CARTESIAN_POINT ( 'NONE',  ( 7.153518128214133576, -41.92961551018220945, -5.492731044392374251 ) ) ;
#4499 = CARTESIAN_POINT ( 'NONE',  ( 179.0824426214855123, -13.94371515320779942, 1.135032566935601968E-14 ) ) ;
#4500 = B_SPLINE_CURVE_WITH_KNOTS ( 'NONE', 3,
 ( #3200, #4960, #3688, #4136, #157, #2806, #1874, #4595, #730, #2321, #2436, #4540, #1071, #1460, #1162, #5411, #2748, #1577, #4509, #670, #1992, #1130, #2836, #612, #3290, #4899, #1036, #2381, #5020, #4107, #1549, #3261, #187, #4991 ),
 .UNSPECIFIED., .F., .F.,
 ( 4, 2, 2, 2, 2, 2, 2, 2, 2, 2, 2, 2, 2, 2, 2, 2, 4 ),
 ( 0.000000000000000000, 0.06249999999999995837, 0.1249999999999999445, 0.1874999999999999167, 0.2499999999999999445, 0.3124999999999998335, 0.3749999999999997780, 0.4374999999999996669, 0.4999999999999995559, 0.5624999999999996669, 0.6249999999999996669, 0.6874999999999997780, 0.7499999999999997780, 0.8124999999999998890, 0.8750000000000000000, 0.9375000000000000000, 1.000000000000000000 ),
 .UNSPECIFIED. ) ;
#4501 = CARTESIAN_POINT ( 'NONE',  ( -5.709178181538215213, -36.97967422498111745, 11.62372452446348703 ) ) ;
#4502 = EDGE_CURVE ( 'NONE', #274, #276, #4819, .T. ) ;
#4503 = CARTESIAN_POINT ( 'NONE',  ( -9.179957657387497250, -41.93204332892645425, -7.620092983783992580 ) ) ;
#4504 = CARTESIAN_POINT ( 'NONE',  ( -9.180051010703031977, -41.81642451597864607, 9.179970327191995239 ) ) ;
#4505 = ORIENTED_EDGE ( 'NONE', *, *, #111, .T. ) ;
#4506 = CARTESIAN_POINT ( 'NONE',  ( -3.672046676600916992, -41.56765029200163752, 8.400011251197351925 ) ) ;
#4507 = ORIENTED_EDGE ( 'NONE', *, *, #4346, .T. ) ;
#4508 = CARTESIAN_POINT ( 'NONE',  ( 7.799707327707635862, -38.00715512972990240, 4.500038726457531446 ) ) ;
#4509 = CARTESIAN_POINT ( 'NONE',  ( 106.4267276218365197, -6.042206017375226779, 102.2088403864488271 ) ) ;
#4510 = CARTESIAN_POINT ( 'NONE',  ( 9.179996594037186597, -42.30370506477028414, 0.6129698115837249883 ) ) ;
#4511 = DIRECTION ( 'NONE',  ( -1.000000000000000000, 0.000000000000000000, 0.000000000000000000 ) ) ;
#4512 = CARTESIAN_POINT ( 'NONE',  ( 5.480795515149490704, -41.74147697904597010, -7.144857920950233421 ) ) ;
#4513 = ADVANCED_FACE ( 'NONE', ( #3908 ), #2575, .F. ) ;
#4514 = CARTESIAN_POINT ( 'NONE',  ( 20.34536719873065280, -26.96475769767874908, -35.57686982298324807 ) ) ;
#4515 = CARTESIAN_POINT ( 'NONE',  ( 5.393476182847416922, -36.93763442198741842, 11.83591070697806558 ) ) ;
#4516 = CARTESIAN_POINT ( 'NONE',  ( -8.981610197021582920, -42.28359600955560182, 0.5939037905888716606 ) ) ;
#4517 = CARTESIAN_POINT ( 'NONE',  ( 132.1963904380766053, -50.78462308660660085, 5.608440296249299316E-15 ) ) ;
#4518 = CARTESIAN_POINT ( 'NONE',  ( 5.507994890331871396, -41.97116850234993990, 0.9195621121002879317 ) ) ;
#4519 = CARTESIAN_POINT ( 'NONE',  ( 86.40000000000000568, -64.66763823405520384, 0.000000000000000000 ) ) ;
#4520 = CARTESIAN_POINT ( 'NONE',  ( 179.0824426214868765, -13.94371515320614918, 54.74696621714786460 ) ) ;
#4521 = CARTESIAN_POINT ( 'NONE',  ( 10.32023779304043387, -37.60496819215295261, 7.916707881822519610 ) ) ;
#4522 = DIRECTION ( 'NONE',  ( -0.000000000000000000, -1.000000000000000000, 0.000000000000000000 ) ) ;
#4523 = DIRECTION ( 'NONE',  ( 0.000000000000000000, 1.000000000000000000, -0.000000000000000000 ) ) ;
#4524 = MECHANICAL_CONTEXT ( 'NONE', #3160, 'mechanical' ) ;
#4525 = ORIENTED_EDGE ( 'NONE', *, *, #2102, .F. ) ;
#4526 = CARTESIAN_POINT ( 'NONE',  ( -3.800828295466733889E-05, -41.59064680554686788, 6.840052290626776887 ) ) ;
#4527 = CARTESIAN_POINT ( 'NONE',  ( 21.11317300620544302, -6.042206017375211680, 81.01374617377604181 ) ) ;
#4528 = CARTESIAN_POINT ( 'NONE',  ( 188.1045262329881211, -6.042206017375316485, -21.75850722711885510 ) ) ;
#4529 = CARTESIAN_POINT ( 'NONE',  ( -0.5947848652582711226, -41.48887806865670314, -8.999549820575332149 ) ) ;
#4530 = CARTESIAN_POINT ( 'NONE',  ( -7.343953323228517682, -41.74792629669013877, -8.400072464069278766 ) ) ;
#4531 = AXIS2_PLACEMENT_3D ( 'NONE', #1556, #647, #5297 ) ;
#4532 = CARTESIAN_POINT ( 'NONE',  ( 9.467836067516044452, -37.46612615743603669, 8.852425089623826793 ) ) ;
#4533 = CARTESIAN_POINT ( 'NONE',  ( 7.344005109469068593, -42.10820935157232014, -0.9194906970830430959 ) ) ;
#4534 = CARTESIAN_POINT ( 'NONE',  ( -9.180046676515619453, -41.87592484899965228, 8.399980644761388504 ) ) ;
#4535 = ORIENTED_EDGE ( 'NONE', *, *, #502, .F. ) ;
#4536 = CARTESIAN_POINT ( 'NONE',  ( -9.180029509733941495, -42.08224734191441030, 5.310609717123655038 ) ) ;
#4537 = EDGE_LOOP ( 'NONE', ( #5193, #930, #3656, #2887, #3639 ) ) ;
#4538 = CARTESIAN_POINT ( 'NONE',  ( -0.8146945529702064315, -36.71208915939585893, 12.91788512345484286 ) ) ;
#4539 = EDGE_CURVE ( 'NONE', #4132, #3703, #3421, .T. ) ;
#4540 = CARTESIAN_POINT ( 'NONE',  ( 155.3211758409609331, -6.042206017375254312, 78.08715104489469638 ) ) ;
#4541 = CARTESIAN_POINT ( 'NONE',  ( -9.179998297799405904, -42.31469511206928757, -0.3063571067765277212 ) ) ;
#4542 = CARTESIAN_POINT ( 'NONE',  ( 185.4111317642532413, -6.042206017375288951, 32.38162223075137547 ) ) ;
#4543 = CARTESIAN_POINT ( 'NONE',  ( 75.06500193591345749, -6.042206017375320926, -103.3866875036980275 ) ) ;
#4544 = CARTESIAN_POINT ( 'NONE',  ( 172.6772380009915366, -20.95902901126230233, 1.056591433571883900E-14 ) ) ;
#4545 = CARTESIAN_POINT ( 'NONE',  ( -8.550072984936745613, -37.30989503868888590, 9.829780783927454024 ) ) ;
#4546 = CARTESIAN_POINT ( 'NONE',  ( -6.153669097138974031, -41.81004026977596055, 6.574180258556712175 ) ) ;
#4547 = CARTESIAN_POINT ( 'NONE',  ( 33.61572406200880181, -47.26221975847439438, -1.292841891455429965E-14 ) ) ;
#4548 = CARTESIAN_POINT ( 'NONE',  ( 3.671988453322127199, -41.86434038014102299, 2.077975135882008662 ) ) ;
#4549 = CARTESIAN_POINT ( 'NONE',  ( 67.45423609069815996, -56.13001623236041127, 31.31519736068919002 ) ) ;
#4550 = CARTESIAN_POINT ( 'NONE',  ( 139.1842759379919983, -47.26221975847409595, 2.775557561562889773E-14 ) ) ;
#4551 = CARTESIAN_POINT ( 'NONE',  ( 1.231207489032481783, -37.45495229521282710, 8.920262885121667651 ) ) ;
#4552 = CARTESIAN_POINT ( 'NONE',  ( -8.998799112008940781, 11.74493434166574168, 0.1470188481355286236 ) ) ;
#4553 = CARTESIAN_POINT ( 'NONE',  ( 19.81477884072433326, -38.06806383250290082, -5.880423305735157591 ) ) ;
#4554 = PERSON_AND_ORGANIZATION ( #238, #2522 ) ;
#4555 = EDGE_LOOP ( 'NONE', ( #3134, #1296, #318, #5316, #3090, #365 ) ) ;
#4556 = CARTESIAN_POINT ( 'NONE',  ( 10.79642330324205979, -6.042206017375214344, 71.42378328210820371 ) ) ;
#4557 = CARTESIAN_POINT ( 'NONE',  ( 188.1102438729963069, -6.042206017375316485, -21.73176414129204304 ) ) ;
#4558 = CARTESIAN_POINT ( 'NONE',  ( 103.1449999999999960, -58.93658393131480011, 2.050671065172245467E-15 ) ) ;
#4559 = CARTESIAN_POINT ( 'NONE',  ( 8.999999999999985789, -42.30708556946423471, -5.044008672611721968E-15 ) ) ;
#4560 = EDGE_CURVE ( 'NONE', #4379, #3195, #416, .T. ) ;
#4561 = CARTESIAN_POINT ( 'NONE',  ( -18.00000000000000000, -34.34959553575265545, 21.81000826438560125 ) ) ;
#4562 = AXIS2_PLACEMENT_3D ( 'NONE', #462, #2176, #3899 ) ;
#4563 = DIRECTION ( 'NONE',  ( 0.000000000000000000, 0.000000000000000000, -1.000000000000000000 ) ) ;
#4564 = CARTESIAN_POINT ( 'NONE',  ( -1.460697549432166786, -37.46046635530522906, -8.885566106971269917 ) ) ;
#4565 = ORIENTED_EDGE ( 'NONE', *, *, #5127, .F. ) ;
#4566 = CARTESIAN_POINT ( 'NONE',  ( 5.507953323256919553, -41.64573389331381748, 8.400062261923959994 ) ) ;
#4567 = EDGE_LOOP ( 'NONE', ( #3983, #4260, #4337, #4209 ) ) ;
#4568 = AXIS2_PLACEMENT_3D ( 'NONE', #809, #2421, #2515 ) ;
#4569 = DIRECTION ( 'NONE',  ( 0.000000000000000000, 0.000000000000000000, 1.000000000000000000 ) ) ;
#4570 = LINE ( 'NONE', #1903, #397 ) ;
#4571 = CARTESIAN_POINT ( 'NONE',  ( -1.134705643865838718E-06, -41.79338277993002748, 0.2042040640332722090 ) ) ;
#4572 = CARTESIAN_POINT ( 'NONE',  ( 188.1533962236564150, -6.042206017375294280, 21.52894519826302400 ) ) ;
#4573 = B_SPLINE_CURVE_WITH_KNOTS ( 'NONE', 3,
 ( #2004, #3274, #5004, #2900 ),
 .UNSPECIFIED., .F., .F.,
 ( 4, 4 ),
 ( 0.000000000000000000, 0.003999602307528099879 ),
 .UNSPECIFIED. ) ;
#4574 = CARTESIAN_POINT ( 'NONE',  ( 10.47894788810153344, -6.042206017375286287, -71.08614548354421458 ) ) ;
#4575 = CARTESIAN_POINT ( 'NONE',  ( 8.072712973359259081, -42.06850709437392766, -3.989843777501939304 ) ) ;
#4576 = CARTESIAN_POINT ( 'NONE',  ( 159.5718911911922078, -33.22972007004717909, -146.3437823823845179 ) ) ;
#4577 = CARTESIAN_POINT ( 'NONE',  ( 8.201069337722911357, -42.09085802351510353, 3.718768118406593270 ) ) ;
#4578 = CARTESIAN_POINT ( 'NONE',  ( 23.13850053261343831, -58.99259783589941009, -126.5229989347731561 ) ) ;
#4579 = CARTESIAN_POINT ( 'NONE',  ( -3.672011546564143192, -41.86434211302899655, 2.077934327300721140 ) ) ;
#4580 = CARTESIAN_POINT ( 'NONE',  ( 61.88658907630036765, -57.95386985700427118, 13.79130773228020601 ) ) ;
#4581 = CARTESIAN_POINT ( 'NONE',  ( -18.00000000000000000, -15.84325058705650058, 47.33309916941549744 ) ) ;
#4582 = CARTESIAN_POINT ( 'NONE',  ( 73.48036816445598163, -6.042206017375319149, -103.3480273194787600 ) ) ;
#4583 = EDGE_CURVE ( 'NONE', #3399, #971, #4303, .T. ) ;
#4584 = CARTESIAN_POINT ( 'NONE',  ( 8.996312644007540271, -42.29542115960362025, 0.2969681413121251778 ) ) ;
#4585 = CARTESIAN_POINT ( 'NONE',  ( -18.00000000000000000, -37.24753809675054583, -11.41428795664993778 ) ) ;
#4586 = VERTEX_POINT ( 'NONE', #533 ) ;
#4587 = CARTESIAN_POINT ( 'NONE',  ( 110.6172451890447945, -57.95386985700429960, 2.965757180493044782E-15 ) ) ;
#4588 = DIRECTION ( 'NONE',  ( -1.000000000000000000, 1.500332356076764948E-16, 0.000000000000000000 ) ) ;
#4589 = CARTESIAN_POINT ( 'NONE',  ( 4.713663528457435525, -8.258011316513639954, -52.64514451638422798 ) ) ;
#4590 = CARTESIAN_POINT ( 'NONE',  ( -7.343948989041104269, -41.69036013678056207, -9.180062146499889053 ) ) ;
#4591 = CARTESIAN_POINT ( 'NONE',  ( -3.672006245935334423, -41.88114297891964100, 1.124021774164246645 ) ) ;
#4592 = CARTESIAN_POINT ( 'NONE',  ( 9.179983152608031105, -42.20094904025863514, 3.031918295454446799 ) ) ;
#4593 = ORIENTED_EDGE ( 'NONE', *, *, #837, .T. ) ;
#4594 = CARTESIAN_POINT ( 'NONE',  ( -12.89519475017610972, -38.22101184881444169, 1.784866396138511391 ) ) ;
#4595 = CARTESIAN_POINT ( 'NONE',  ( 176.2732630034546730, -6.042206017375275628, 52.63580753364996667 ) ) ;
#4596 = CARTESIAN_POINT ( 'NONE',  ( 161.5675796778023994, -6.042206017375260529, 71.88239450150723542 ) ) ;
#4597 = CARTESIAN_POINT ( 'NONE',  ( 55.95310225901525314, -6.042206017375317373, -99.44999634615344064 ) ) ;
#4598 = CARTESIAN_POINT ( 'NONE',  ( 12.56003827796484096, -38.10583052543307048, 3.380344923988495065 ) ) ;
#4599 = CARTESIAN_POINT ( 'NONE',  ( -9.000000000000008882, -42.30708556946424181, 1.275516048117262778E-10 ) ) ;
#4600 = CARTESIAN_POINT ( 'NONE',  ( 12.54216999123165088, -38.10645303078716495, 3.372065032339940149 ) ) ;
#4601 = CARTESIAN_POINT ( 'NONE',  ( -5.508011546535711567, -41.96222113922765118, 2.077924125155399704 ) ) ;
#4602 = CARTESIAN_POINT ( 'NONE',  ( 10.21642867835961788, -24.25098017292662433, -44.77699610944927855 ) ) ;
#4603 = FACE_OUTER_BOUND ( 'NONE', #2500, .T. ) ;
#4604 = CARTESIAN_POINT ( 'NONE',  ( 3.599438795702102123, -6.042206017375280958, -63.18064390665843888 ) ) ;
#4605 = CARTESIAN_POINT ( 'NONE',  ( 8.698278372285679794, -42.19114928575642409, 2.329688925881761907 ) ) ;
#4606 = PRODUCT ( 'Mold sheet', 'Mold sheet', '', ( #4524 ) ) ;
#4607 =( BOUNDED_SURFACE ( )  B_SPLINE_SURFACE ( 2, 3, ( 
 ( #403, #2118, #4835, #4319 ),
 ( #4776, #547, #3014, #3413 ),
 ( #459, #943, #3867, #4747 ) ),
 .UNSPECIFIED., .F., .F., .F. ) 
 B_SPLINE_SURFACE_WITH_KNOTS ( ( 3, 3 ),
 ( 4, 4 ),
 ( 0.001208225356012821924, 0.7334610202777239740 ),
 ( 0.000000000000000000, 1.000000000000000000 ),
 .UNSPECIFIED. ) 
 GEOMETRIC_REPRESENTATION_ITEM ( )  RATIONAL_B_SPLINE_SURFACE ( (
 ( 1.000000000000000000, 0.3333333333333335369, 0.3333333333333335369, 1.000000000000000000),
 ( 1.000000000000000000, 0.3333333333333335369, 0.3333333333333335369, 1.000000000000000000),
 ( 1.000000000000000000, 0.3333333333333335369, 0.3333333333333335369, 1.000000000000000000) ) ) 
 REPRESENTATION_ITEM ( '' )  SURFACE ( )  );
#4608 = FACE_OUTER_BOUND ( 'NONE', #201, .T. ) ;
#4609 = APPROVAL_STATUS ( 'not_yet_approved' ) ;
#4610 = ADVANCED_FACE ( 'NONE', ( #5574 ), #5154, .F. ) ;
#4611 = EDGE_LOOP ( 'NONE', ( #4593, #93, #990, #1486, #610 ) ) ;
#4612 = CARTESIAN_POINT ( 'NONE',  ( 2.061296397841177797, -37.47896998164721083, -8.765793571554771901 ) ) ;
#4613 = EDGE_CURVE ( 'NONE', #1598, #2007, #3445, .T. ) ;
#4614 = DIRECTION ( 'NONE',  ( -1.000000000000000000, 3.074555195481524923E-16, 0.000000000000000000 ) ) ;
#4615 = CARTESIAN_POINT ( 'NONE',  ( 0.4875835940445548689, -6.042206017374144089, -58.61996200337879515 ) ) ;
#4616 = CARTESIAN_POINT ( 'NONE',  ( 7.343970490010161889, -41.94464159687048976, 5.310701536431547964 ) ) ;
#4617 = CARTESIAN_POINT ( 'NONE',  ( 3.671993753950932415, -41.88114169236510520, 1.124062582745533501 ) ) ;
#4618 = VERTEX_POINT ( 'NONE', #3512 ) ;
#4619 = DIRECTION ( 'NONE',  ( 0.000000000000000000, 0.000000000000000000, 1.000000000000000000 ) ) ;
#4620 = CARTESIAN_POINT ( 'NONE',  ( 179.5265369998503786, -6.042206017375277405, 46.31090750113458654 ) ) ;
#4621 = CARTESIAN_POINT ( 'NONE',  ( 98.98241265840191261, -6.042206017375329807, -103.2945265311411873 ) ) ;
#4622 = CARTESIAN_POINT ( 'NONE',  ( 20.36082540615130299, -34.34959553575265545, 21.81000826438560125 ) ) ;
#4623 = CARTESIAN_POINT ( 'NONE',  ( 4.508917721604096762, -41.65815478812392314, 7.794751135416723820 ) ) ;
#4624 = CARTESIAN_POINT ( 'NONE',  ( 9.467836067516044452, -37.46612615743603669, 8.852425089623826793 ) ) ;
#4625 = CARTESIAN_POINT ( 'NONE',  ( 9.180001134563447351, -42.32169833816495697, -0.2041530533066731601 ) ) ;
#4626 = CARTESIAN_POINT ( 'NONE',  ( 159.5718911911935436, -33.22972007004630512, 43.22219982320987697 ) ) ;
#4627 = LINE ( 'NONE', #5002, #2474 ) ;
#4628 = B_SPLINE_CURVE_WITH_KNOTS ( 'NONE', 2,
 ( #5062, #4130, #1643 ),
 .UNSPECIFIED., .F., .F.,
 ( 3, 3 ),
 ( 0.000000000000000000, 0.9230367380877019245 ),
 .UNSPECIFIED. ) ;
#4629 = CARTESIAN_POINT ( 'NONE',  ( 4.613878769739194752, -36.87187886636134948, 12.16102340663195669 ) ) ;
#4630 = CARTESIAN_POINT ( 'NONE',  ( 23.13850053261340634, -58.99259783589941009, 126.5229989347730566 ) ) ;
#4631 = DIRECTION ( 'NONE',  ( 0.000000000000000000, 1.000000000000000000, -0.000000000000000000 ) ) ;
#4632 = ORIENTED_EDGE ( 'NONE', *, *, #3488, .T. ) ;
#4633 = CARTESIAN_POINT ( 'NONE',  ( -2.890403104975926230, -37.51307508597119522, -8.543669641872956078 ) ) ;
#4634 = EDGE_CURVE ( 'NONE', #536, #3519, #925, .T. ) ;
#4635 = CARTESIAN_POINT ( 'NONE',  ( 12.31236700618257451, -22.29575468936765148, -41.00798506064737836 ) ) ;
#4636 = CARTESIAN_POINT ( 'NONE',  ( 30.67915473062150156, -13.94371515320612609, 92.10023280498641896 ) ) ;
#4637 = CARTESIAN_POINT ( 'NONE',  ( -3.672038008226089278, -41.66660914934224280, 6.840031886336134903 ) ) ;
#4638 = CARTESIAN_POINT ( 'NONE',  ( 5.507998865209059680, -41.97550274140639459, 0.2042346704692372394 ) ) ;
#4639 = ORIENTED_EDGE ( 'NONE', *, *, #1078, .F. ) ;
#4640 = AXIS2_PLACEMENT_3D ( 'NONE', #367, #2501, #345 ) ;
#4641 = CARTESIAN_POINT ( 'NONE',  ( 0.4875835940445548689, -6.042206017374144089, -58.61996200337879515 ) ) ;
#4642 = CARTESIAN_POINT ( 'NONE',  ( 161.9063573989832889, -6.042206017375258753, 71.52681597756956933 ) ) ;
#4643 = CARTESIAN_POINT ( 'NONE',  ( 56.57357008325649872, -6.042206017375314708, -99.63749226100648571 ) ) ;
#4644 = CARTESIAN_POINT ( 'NONE',  ( -18.00000000000000000, -26.96475769767874908, -35.57686982298324807 ) ) ;
#4645 = CARTESIAN_POINT ( 'NONE',  ( -0.5848881927590164898, -41.49090554926058871, 8.985927618551066587 ) ) ;
#4646 = CIRCLE ( 'NONE', #2197, 12.74499999999999922 ) ;
#4647 = CARTESIAN_POINT ( 'NONE',  ( 12.99644658441998679, -38.30368781662100020, 0.02685980811133491936 ) ) ;
#4648 = CARTESIAN_POINT ( 'NONE',  ( -3.671999999943150961, -41.88125511300086146, -2.040429064798977249E-05 ) ) ;
#4649 = CARTESIAN_POINT ( 'NONE',  ( 12.42434533572371613, -28.62274824581187360, -39.64606518200954355 ) ) ;
#4650 = CARTESIAN_POINT ( 'NONE',  ( -18.00000000000000000, -6.042206017372999227, -53.98290812280544770 ) ) ;
#4651 = CARTESIAN_POINT ( 'NONE',  ( 14.64162453104700390, -6.042206017375288951, -75.48819237246028990 ) ) ;
#4652 = CARTESIAN_POINT ( 'NONE',  ( -6.779446149139697120, -37.85665128085598496, -5.949071431537319654 ) ) ;
#4653 = DIRECTION ( 'NONE',  ( 0.000000000000000000, 1.000000000000000000, 0.000000000000000000 ) ) ;
#4654 = EDGE_CURVE ( 'NONE', #3104, #4403, #424, .T. ) ;
#4655 = LINE ( 'NONE', #2056, #682 ) ;
#4656 = EDGE_LOOP ( 'NONE', ( #548, #4679, #1427, #2711, #1057, #4074 ) ) ;
#4657 = CARTESIAN_POINT ( 'NONE',  ( -1.166090125108862896, -37.45367400534252056, -8.929085467461014503 ) ) ;
#4658 = ORIENTED_EDGE ( 'NONE', *, *, #3516, .T. ) ;
#4659 = CARTESIAN_POINT ( 'NONE',  ( 13.66141685438452669, -24.90991016768421673, -37.89010700328671533 ) ) ;
#4660 = CARTESIAN_POINT ( 'NONE',  ( -7.343953323228517682, -41.74792629669013877, -8.400072464069278766 ) ) ;
#4661 = CARTESIAN_POINT ( 'NONE',  ( -3.800828295466733889E-05, -41.59064680554686788, 6.840052290626776887 ) ) ;
#4662 = CARTESIAN_POINT ( 'NONE',  ( -3.672001702001593149, -41.89111615275824363, 0.3062856917592672867 ) ) ;
#4663 = VERTEX_POINT ( 'NONE', #105 ) ;
#4664 = CARTESIAN_POINT ( 'NONE',  ( -8.998799112008940781, 11.74493434166574168, 0.1470188481355286236 ) ) ;
#4665 = EDGE_CURVE ( 'NONE', #576, #3491, #716, .T. ) ;
#4666 = CARTESIAN_POINT ( 'NONE',  ( 67.75220151830446014, -6.042206017375216121, 102.4135725359356428 ) ) ;
#4667 = CARTESIAN_POINT ( 'NONE',  ( 154.2069503567063293, -6.042206017375334248, -78.95737785597638947 ) ) ;
#4668 = CARTESIAN_POINT ( 'NONE',  ( -18.00000000000000000, -32.29571161549034741, 26.62793936103274817 ) ) ;
#4669 = CARTESIAN_POINT ( 'NONE',  ( -1.611982377650401421, -41.51010902789442980, 8.855686047161430707 ) ) ;
#4670 = CARTESIAN_POINT ( 'NONE',  ( 11.65279265519379415, -37.88120880545159963, 5.756226206313476368 ) ) ;
#4671 = CARTESIAN_POINT ( 'NONE',  ( -9.179999999857848536, -42.33629126074696103, -5.101072661278475967E-05 ) ) ;
#4672 = DIRECTION ( 'NONE',  ( 1.000000000000000000, 0.000000000000000000, 0.000000000000000000 ) ) ;
#4673 = B_SPLINE_CURVE_WITH_KNOTS ( 'NONE', 3,
 ( #978, #4414, #4544, #4080, #2265, #2687, #616, #4870, #2325, #129 ),
 .UNSPECIFIED., .F., .F.,
 ( 4, 2, 2, 2, 4 ),
 ( 0.01855567530512835031, 0.1890535387050875094, 0.3595514021050465470, 0.5300492655050060842, 0.7005471289049649553 ),
 .UNSPECIFIED. ) ;
#4674 = LINE ( 'NONE', #3300, #4105 ) ;
#4675 = CARTESIAN_POINT ( 'NONE',  ( -12.31153003840537252, -38.03320152123548326, 4.259893286187564243 ) ) ;
#4676 = CARTESIAN_POINT ( 'NONE',  ( -7.792002288640100360, -38.00593087038204487, -4.513525414486247556 ) ) ;
#4677 = CARTESIAN_POINT ( 'NONE',  ( -18.00000000000000000, -37.22974446970523843, -11.47811861102963427 ) ) ;
#4678 = CARTESIAN_POINT ( 'NONE',  ( 9.180042342328176730, -41.93205553827837662, -7.619990962330779105 ) ) ;
#4679 = ORIENTED_EDGE ( 'NONE', *, *, #5253, .F. ) ;
#4680 = CARTESIAN_POINT ( 'NONE',  ( 13.66141685438452669, -24.90991016768421673, -37.89010700328671533 ) ) ;
#4681 = CARTESIAN_POINT ( 'NONE',  ( 17.81196531878218181, -33.48232464763101035, 23.42621141121202299 ) ) ;
#4682 = DIRECTION ( 'NONE',  ( 1.000000000000000000, 0.000000000000000000, 0.000000000000000000 ) ) ;
#4683 = CARTESIAN_POINT ( 'NONE',  ( 85.84362670746759250, -47.26221975847409595, 52.78134362686709835 ) ) ;
#4684 = CARTESIAN_POINT ( 'NONE',  ( -6.245992199551350868E-06, -41.78975016820128729, 1.124042178454890184 ) ) ;
#4685 = CARTESIAN_POINT ( 'NONE',  ( -3.405820646415292420E-06, -41.79101289185603463, 0.6129188008571166968 ) ) ;
#4686 = EDGE_LOOP ( 'NONE', ( #4232, #3531, #3351, #2131, #5378 ) ) ;
#4687 = CARTESIAN_POINT ( 'NONE',  ( 17.20236769625168094, -38.96290265125571750, -20.05592711517607896 ) ) ;
#4688 = CIRCLE ( 'NONE', #2254, 12.74499999999999922 ) ;
#4689 = CARTESIAN_POINT ( 'NONE',  ( 147.9700141032224963, -6.042206017375335136, -83.82388034535945565 ) ) ;
#4690 = CARTESIAN_POINT ( 'NONE',  ( -18.00000000000000000, -38.09024766049640220, 5.834977158582500323 ) ) ;
#4691 = EDGE_LOOP ( 'NONE', ( #2772, #1929 ) ) ;
#4692 = CARTESIAN_POINT ( 'NONE',  ( 7.796524940587611141, -42.02397829704092658, 4.498586441912359568 ) ) ;
#4693 = ADVANCED_FACE ( 'NONE', ( #4053 ), #2269, .T. ) ;
#4694 = PRODUCT_DEFINITION_FORMATION_WITH_SPECIFIED_SOURCE ( 'ANY', '', #4606, .NOT_KNOWN. ) ;
#4695 = CARTESIAN_POINT ( 'NONE',  ( 68.79978611128889554, -58.25464714294840007, 0.000000000000000000 ) ) ;
#4696 = CARTESIAN_POINT ( 'NONE',  ( 9.180001701916264523, -42.31469916670601350, -0.3062550853233113601 ) ) ;
#4697 = CARTESIAN_POINT ( 'NONE',  ( 15.43503672511400104, -34.91441559882636625, 29.98294484252862091 ) ) ;
#4698 = CARTESIAN_POINT ( 'NONE',  ( -12.56162645354437046, -38.10324644065654098, 3.453297487050126957 ) ) ;
#4699 = CYLINDRICAL_SURFACE ( 'NONE', #3968, 12.74500000000000632 ) ;
#4700 = CARTESIAN_POINT ( 'NONE',  ( -0.5823425401125396084, -41.48877771615930499, 9.000406399705482841 ) ) ;
#4701 = CARTESIAN_POINT ( 'NONE',  ( -18.00000000000000000, -15.84325058705650058, -47.33309916941539797 ) ) ;
#4702 = EDGE_CURVE ( 'NONE', #2286, #1159, #2607, .T. ) ;
#4703 = PLANE ( 'NONE',  #1664 ) ;
#4704 = ORIENTED_EDGE ( 'NONE', *, *, #5403, .T. ) ;
#4705 = DIRECTION ( 'NONE',  ( 1.000000000000000000, 0.000000000000000000, 0.000000000000000000 ) ) ;
#4706 = CARTESIAN_POINT ( 'NONE',  ( -8.071125991279496148, -38.05359850224818530, -3.993010964958445541 ) ) ;
#4707 = CARTESIAN_POINT ( 'NONE',  ( -9.740329990348840283, -37.50846921141016566, 8.588428609533494296 ) ) ;
#4708 = CARTESIAN_POINT ( 'NONE',  ( -7.344042342356637221, -41.80212089884034299, 7.620001164476101430 ) ) ;
#4709 = CYLINDRICAL_SURFACE ( 'NONE', #688, 16.74499999999999744 ) ;
#4710 = CARTESIAN_POINT ( 'NONE',  ( -7.343998865180651592, -42.10617315432034502, -0.2042448726145680293 ) ) ;
#4711 = CARTESIAN_POINT ( 'NONE',  ( 9.180011546478814566, -42.24575990172672135, -2.077903720864762160 ) ) ;
#4712 = EDGE_CURVE ( 'NONE', #2615, #4403, #3617, .T. ) ;
#4713 = EDGE_LOOP ( 'NONE', ( #2902, #415, #3684, #1961 ) ) ;
#4714 = CARTESIAN_POINT ( 'NONE',  ( 3.984947420841967958, -41.62058394735384326, -8.075086830653066983 ) ) ;
#4715 = CARTESIAN_POINT ( 'NONE',  ( 165.1357377846135250, -6.042206017375332472, -68.15713837345441561 ) ) ;
#4716 = CARTESIAN_POINT ( 'NONE',  ( 6.157434908599664247, -41.81047012373412741, 6.570622305703877508 ) ) ;
#4717 = CARTESIAN_POINT ( 'NONE',  ( 139.1842759379911740, -47.26221975847450096, 6.464209457277149827E-15 ) ) ;
#4718 = LINE ( 'NONE', #518, #496 ) ;
#4719 = OPEN_SHELL ( 'NONE', ( #1199, #3707, #4881, #4138, #4914, #4047, #889 ) ) ;
#4720 = PLANE ( 'NONE',  #5505 ) ;
#4721 = CARTESIAN_POINT ( 'NONE',  ( -7.343999999886286822, -42.08584460751211509, -4.080858129121848799E-05 ) ) ;
#4722 = CARTESIAN_POINT ( 'NONE',  ( 9.208829813742918091, -22.31090597220245897, 46.70557286528464402 ) ) ;
#4723 = CARTESIAN_POINT ( 'NONE',  ( -2.091766435016654047, -36.72953543792593933, 12.83765192486416851 ) ) ;
#4724 = AXIS2_PLACEMENT_3D ( 'NONE', #4932, #5320, #1816 ) ;
#4725 = FACE_OUTER_BOUND ( 'NONE', #2434, .T. ) ;
#4726 = CARTESIAN_POINT ( 'NONE',  ( 73.65500000000000114, -63.39640923772802950, 0.000000000000000000 ) ) ;
#4727 = CARTESIAN_POINT ( 'NONE',  ( 73.65500000000000114, -63.39640923772800818, -3.121624691026614877E-15 ) ) ;
#4728 = CARTESIAN_POINT ( 'NONE',  ( 2.333743762807968913, -41.53110118774531401, -8.712074430207607634 ) ) ;
#4729 = DIRECTION ( 'NONE',  ( 0.000000000000000000, 0.000000000000000000, -1.000000000000000000 ) ) ;
#4730 = AXIS2_PLACEMENT_3D ( 'NONE', #44, #557, #3022 ) ;
#4731 = EDGE_LOOP ( 'NONE', ( #1829, #5125 ) ) ;
#4732 = CARTESIAN_POINT ( 'NONE',  ( 8.996312573587502470, -42.29540052423367769, -0.2973272978297388791 ) ) ;
#4733 = EDGE_CURVE ( 'NONE', #2762, #3654, #1470, .T. ) ;
#4734 = CARTESIAN_POINT ( 'NONE',  ( 69.65500000000000114, -58.93658393131480011, 0.000000000000000000 ) ) ;
#4735 = CARTESIAN_POINT ( 'NONE',  ( 18.04337323868696785, -34.00153157894234823, 22.11765063320802227 ) ) ;
#4736 = EDGE_LOOP ( 'NONE', ( #1673, #4851, #4368, #2574 ) ) ;
#4737 = CARTESIAN_POINT ( 'NONE',  ( -3.672051010788327741, -41.51274637537380841, 9.180000933627963988 ) ) ;
#4738 = VECTOR ( 'NONE', #524, 1000.000000000000000 ) ;
#4739 = CARTESIAN_POINT ( 'NONE',  ( 110.6172451890449935, -57.95386985700429960, 0.000000000000000000 ) ) ;
#4740 = CARTESIAN_POINT ( 'NONE',  ( -3.671999999943150961, -41.88125511300086146, -2.040429064798977249E-05 ) ) ;
#4741 = CARTESIAN_POINT ( 'NONE',  ( 3.405820614485210638E-06, -41.79101289190654711, -0.6129188008571245794 ) ) ;
#4742 = ORIENTED_EDGE ( 'NONE', *, *, #3099, .T. ) ;
#4743 = LINE ( 'NONE', #881, #2643 ) ;
#4744 = CARTESIAN_POINT ( 'NONE',  ( 146.3385746973229402, -6.042206017375333360, -85.00396858146571333 ) ) ;
#4745 = CARTESIAN_POINT ( 'NONE',  ( -6.778213828583659506, -41.88102053370987932, 5.949980274317970164 ) ) ;
#4746 = CARTESIAN_POINT ( 'NONE',  ( -22.00000000000000000, -40.88189669053600284, 38.76238080152555199 ) ) ;
#4747 = CARTESIAN_POINT ( 'NONE',  ( 73.65500000000000114, -63.39640923772800818, -3.121624691026614877E-15 ) ) ;
#4748 = FACE_OUTER_BOUND ( 'NONE', #3312, .T. ) ;
#4749 = CARTESIAN_POINT ( 'NONE',  ( 7.344016847136053627, -42.05001507918063908, -3.031826476146556981 ) ) ;
#4750 = FACE_OUTER_BOUND ( 'NONE', #1022, .T. ) ;
#4751 = CARTESIAN_POINT ( 'NONE',  ( 5.393476182847416922, -36.93763442198741842, 11.83591070697806558 ) ) ;
#4752 = FACE_OUTER_BOUND ( 'NONE', #441, .T. ) ;
#4753 = CARTESIAN_POINT ( 'NONE',  ( -7.343993753894094922, -42.10689525709392456, -1.124082987036183923 ) ) ;
#4754 = CARTESIAN_POINT ( 'NONE',  ( 0.4875835940445548689, -6.042206017374144089, -58.61996200337879515 ) ) ;
#4755 = CARTESIAN_POINT ( 'NONE',  ( -18.00000000000000000, -6.042206017372999227, -53.98290812280544770 ) ) ;
#4756 = CARTESIAN_POINT ( 'NONE',  ( 5.934681024747182398, -41.78665892407673255, -6.772568486711453950 ) ) ;
#4757 = CYLINDRICAL_SURFACE ( 'NONE', #4814, 16.74499999999999744 ) ;
#4758 = B_SPLINE_SURFACE_WITH_KNOTS ( 'NONE', 3, 1, ( 
 ( #147, #629 ),
 ( #2704, #2281 ),
 ( #2311, #3553 ),
 ( #2736, #1803 ) ),
 .UNSPECIFIED., .F., .F., .F.,
 ( 4, 4 ),
 ( 2, 2 ),
 ( 0.000000000000000000, 1.000000000000000000 ),
 ( 0.000000000000000000, 1.000000000000000000 ),
 .UNSPECIFIED. ) ;
#4759 = EDGE_LOOP ( 'NONE', ( #2530, #4565, #825 ) ) ;
#4760 = CARTESIAN_POINT ( 'NONE',  ( 8.981610197137454676, -42.28359600961560005, -0.5939037888411192734 ) ) ;
#4761 = PLANE ( 'NONE',  #3205 ) ;
#4762 = EDGE_CURVE ( 'NONE', #3716, #4013, #5024, .T. ) ;
#4763 = PLANE ( 'NONE',  #2442 ) ;
#4764 = EDGE_LOOP ( 'NONE', ( #5486, #1889 ) ) ;
#4765 = CARTESIAN_POINT ( 'NONE',  ( 18.82837672200436074, -42.30756013076909738, -4.854139997231178318E-15 ) ) ;
#4766 = CARTESIAN_POINT ( 'NONE',  ( 148.5826493984875469, -6.042206017375248095, 83.37002923539883170 ) ) ;
#4767 = CARTESIAN_POINT ( 'NONE',  ( 117.9131557670228716, -56.13001623236041127, 18.61463320748681838 ) ) ;
#4768 = CARTESIAN_POINT ( 'NONE',  ( 9.179999999857820114, -42.33629126070889015, 5.101072660356796378E-05 ) ) ;
#4769 = CARTESIAN_POINT ( 'NONE',  ( 1.134705611842493951E-06, -41.79338277994687445, -0.2042040640332813128 ) ) ;
#4770 = ORIENTED_EDGE ( 'NONE', *, *, #1379, .T. ) ;
#4771 = CARTESIAN_POINT ( 'NONE',  ( -6.571933751862657047, -41.85756989891255841, -6.155925683665728343 ) ) ;
#4772 = CARTESIAN_POINT ( 'NONE',  ( 130.3550169260725795, -6.042206017375334248, -94.26750282104048040 ) ) ;
#4773 = CARTESIAN_POINT ( 'NONE',  ( -4.498558801799113382, -41.65782553921077636, 7.796558729804974774 ) ) ;
#4774 = CARTESIAN_POINT ( 'NONE',  ( 5.960388321565822878, -37.75846942128013950, -6.768878518220666329 ) ) ;
#4775 = EDGE_LOOP ( 'NONE', ( #3621, #1367, #373, #3247 ) ) ;
#4776 = CARTESIAN_POINT ( 'NONE',  ( 149.6614994673865908, -58.99259783589949535, 7.747299283199699130E-15 ) ) ;
#4777 = CARTESIAN_POINT ( 'NONE',  ( -8.921872444571564031, -38.24543980042880520, 1.319173775156299078 ) ) ;
#4778 = CARTESIAN_POINT ( 'NONE',  ( 3.672042342413475602, -41.61891558230553301, -7.620021568766741638 ) ) ;
#4779 = CARTESIAN_POINT ( 'NONE',  ( 0.4875835940439392502, -6.042206017373562332, 58.61996200337903673 ) ) ;
#4780 = CARTESIAN_POINT ( 'NONE',  ( -9.000000000000008882, -42.30708556946424181, 1.275516048117262778E-10 ) ) ;
#4781 = CARTESIAN_POINT ( 'NONE',  ( 20.34536719873065280, -38.31026286157670313, 0.1470188481355287902 ) ) ;
#4782 = CARTESIAN_POINT ( 'NONE',  ( 5.109582799404303364E-06, -41.79199488318103306, -0.9195315056643299512 ) ) ;
#4783 = CARTESIAN_POINT ( 'NONE',  ( -8.981610197021582920, -42.28359600955560182, 0.5939037905888716606 ) ) ;
#4784 = CARTESIAN_POINT ( 'NONE',  ( -18.00000000000000000, -15.84325058705650058, -47.33309916941539797 ) ) ;
#4785 = VECTOR ( 'NONE', #3462, 1000.000000000000000 ) ;
#4786 = EDGE_CURVE ( 'NONE', #903, #4043, #4875, .T. ) ;
#4787 = CARTESIAN_POINT ( 'NONE',  ( 8.999999999999985789, -42.30708556946423471, -5.044008672611721968E-15 ) ) ;
#4788 = CARTESIAN_POINT ( 'NONE',  ( -3.672051010788327741, -41.51274637537380841, 9.180000933627963988 ) ) ;
#4789 = FACE_OUTER_BOUND ( 'NONE', #1231, .T. ) ;
#4790 = DIRECTION ( 'NONE',  ( 0.000000000000000000, -1.000000000000000000, 0.000000000000000000 ) ) ;
#4791 = CARTESIAN_POINT ( 'NONE',  ( 179.0824426214855123, -13.94371515320779942, 1.135032566935601968E-14 ) ) ;
#4792 = ORIENTED_EDGE ( 'NONE', *, *, #2577, .T. ) ;
#4793 = CARTESIAN_POINT ( 'NONE',  ( 9.179948989012643779, -41.81641118679826974, 9.180072348645213154 ) ) ;
#4794 = CARTESIAN_POINT ( 'NONE',  ( 149.5237046134216996, -6.042206017375249871, 82.66122359078453030 ) ) ;
#4795 = CARTESIAN_POINT ( 'NONE',  ( 71.84055018553705452, -57.95386985700427118, 24.06511801717883259 ) ) ;
#4796 = CARTESIAN_POINT ( 'NONE',  ( -5.507998865209090766, -41.97550274093773481, -0.2042346704692464265 ) ) ;
#4797 = CARTESIAN_POINT ( 'NONE',  ( 7.344005109469068593, -42.10820935157232014, -0.9194906970830430959 ) ) ;
#4798 = EDGE_LOOP ( 'NONE', ( #1813, #3925, #4915, #3955, #1400 ) ) ;
#4799 = CARTESIAN_POINT ( 'NONE',  ( 8.072712973359259081, -42.06850709437392766, -3.989843777501939304 ) ) ;
#4800 = EDGE_CURVE ( 'NONE', #870, #1990, #4906, .T. ) ;
#4801 = CARTESIAN_POINT ( 'NONE',  ( -8.691838609723532727, -42.19008138590020707, 2.339882324912852418 ) ) ;
#4802 = CARTESIAN_POINT ( 'NONE',  ( 2.350415430926081406, -37.49019362352901652, -8.692666783100872152 ) ) ;
#4803 = ORIENTED_EDGE ( 'NONE', *, *, #3971, .T. ) ;
#4804 = CYLINDRICAL_SURFACE ( 'NONE', #4366, 13.00000000000000000 ) ;
#4805 = ORIENTED_EDGE ( 'NONE', *, *, #5503, .F. ) ;
#4806 = CARTESIAN_POINT ( 'NONE',  ( -7.751134752668406236, -37.99765785270481189, 4.610938071862488385 ) ) ;
#4807 = CARTESIAN_POINT ( 'NONE',  ( 7.344011546507243970, -42.08122902396473108, -2.077913923010083597 ) ) ;
#4808 = CARTESIAN_POINT ( 'NONE',  ( -7.751134752668406236, -37.99765785270481189, 4.610938071862488385 ) ) ;
#4809 = CARTESIAN_POINT ( 'NONE',  ( -8.769362083285741960, -42.20873865712452044, -2.045967102195765719 ) ) ;
#4810 = CARTESIAN_POINT ( 'NONE',  ( 44.62853256534964430, -60.86600650612059837, 0.000000000000000000 ) ) ;
#4811 = CARTESIAN_POINT ( 'NONE',  ( 7.344016847136053627, -42.05001507918063908, -3.031826476146556981 ) ) ;
#4812 = CARTESIAN_POINT ( 'NONE',  ( -8.072712972781982188, -42.06850709427625645, 3.989843778666592122 ) ) ;
#4813 = CARTESIAN_POINT ( 'NONE',  ( -0.5823425401125396084, -41.48877771615930499, 9.000406399705482841 ) ) ;
#4814 = AXIS2_PLACEMENT_3D ( 'NONE', #3878, #2520, #2473 ) ;
#4815 = CARTESIAN_POINT ( 'NONE',  ( -4.508917721604124296, -41.65815478812389472, -7.794751135416710497 ) ) ;
#4816 = CARTESIAN_POINT ( 'NONE',  ( 9.179961991574879576, -41.98502101336311654, 6.840103301353384957 ) ) ;
#4817 = AXIS2_PLACEMENT_3D ( 'NONE', #3302, #4523, #5396 ) ;
#4818 = CARTESIAN_POINT ( 'NONE',  ( 34.52997485881824957, -20.95902901126089901, 85.73526420871947096 ) ) ;
#4819 = LINE ( 'NONE', #842, #3060 ) ;
#4820 = APPROVAL ( #4609, 'UNSPECIFIED' ) ;
#4821 = DIRECTION ( 'NONE',  ( -0.000000000000000000, 1.000000000000000000, 0.000000000000000000 ) ) ;
#4822 = CIRCLE ( 'NONE', #2391, 104.0059769339611933 ) ;
#4823 = DIRECTION ( 'NONE',  ( 0.000000000000000000, 0.000000000000000000, 1.000000000000000000 ) ) ;
#4824 = ORIENTED_EDGE ( 'NONE', *, *, #1431, .F. ) ;
#4825 = CARTESIAN_POINT ( 'NONE',  ( -7.344016847136085602, -42.05001507887666179, 3.031826476146552984 ) ) ;
#4826 = CARTESIAN_POINT ( 'NONE',  ( 97.13763143448218784, -6.042206017375224114, 103.4516997604653028 ) ) ;
#4827 = CARTESIAN_POINT ( 'NONE',  ( -5.499305592838022783, -41.74145704855332895, -7.148936411351239251 ) ) ;
#4828 = CARTESIAN_POINT ( 'NONE',  ( -1.597721699578917197E-14, -41.80288240122314392, -4.550409309681739437E-15 ) ) ;
#4829 = CARTESIAN_POINT ( 'NONE',  ( 3.672011546564111661, -41.86434211346455925, -2.077934327300727357 ) ) ;
#4830 = ORIENTED_EDGE ( 'NONE', *, *, #492, .T. ) ;
#4831 = CARTESIAN_POINT ( 'NONE',  ( -8.087693159536929244, -42.06968644475923469, -3.991980790776191057 ) ) ;
#4832 = CARTESIAN_POINT ( 'NONE',  ( 7.344016847136053627, -42.05001507918063908, -3.031826476146556981 ) ) ;
#4833 = CARTESIAN_POINT ( 'NONE',  ( 14.17456829232305360, -25.91376156373214101, 36.62883335124013229 ) ) ;
#4834 = VERTEX_POINT ( 'NONE', #4114 ) ;
#4835 = CARTESIAN_POINT ( 'NONE',  ( -17.60597693396296748, -6.042206017372975246, -208.0119538679261098 ) ) ;
#4836 = ORIENTED_EDGE ( 'NONE', *, *, #355, .T. ) ;
#4837 = CARTESIAN_POINT ( 'NONE',  ( 12.14496657718509276, -37.99957143651050728, 4.585530178513473665 ) ) ;
#4838 = EDGE_CURVE ( 'NONE', #349, #1334, #1461, .T. ) ;
#4839 = CARTESIAN_POINT ( 'NONE',  ( 5.508016847164489249, -41.92984125661909900, -3.031836678291879306 ) ) ;
#4840 = LINE ( 'NONE', #1906, #2551 ) ;
#4841 = CARTESIAN_POINT ( 'NONE',  ( 8.073075332794617864, -42.06859304322124871, -3.989247356482459317 ) ) ;
#4842 = LINE ( 'NONE', #1106, #2706 ) ;
#4843 = CARTESIAN_POINT ( 'NONE',  ( 4.234247034024030864E-05, -41.54461856230044958, -7.620041973057387175 ) ) ;
#4844 = CARTESIAN_POINT ( 'NONE',  ( 20.36082540615130299, -38.09024766049640220, 5.834977158582500323 ) ) ;
#4845 = CARTESIAN_POINT ( 'NONE',  ( -5.478802848935722558, -41.74131763133468098, 7.146267236449463489 ) ) ;
#4846 = CARTESIAN_POINT ( 'NONE',  ( 8.691838609723509634, -42.19008138590019996, -2.339882324912874623 ) ) ;
#4847 = CARTESIAN_POINT ( 'NONE',  ( -9.000000000000007105, -42.30756013076910449, -5.181181809388050601E-15 ) ) ;
#4848 = CYLINDRICAL_SURFACE ( 'NONE', #2192, 16.74499999999999744 ) ;
#4849 = CARTESIAN_POINT ( 'NONE',  ( 0.1419332141556104154, -20.95902901126090256, -1.818711480347215081 ) ) ;
#4850 = CARTESIAN_POINT ( 'NONE',  ( 20.34536719873065280, -37.24753809675054583, -11.41428795664993778 ) ) ;
#4851 = ORIENTED_EDGE ( 'NONE', *, *, #5480, .F. ) ;
#4852 = CARTESIAN_POINT ( 'NONE',  ( 172.6772380009915366, -20.95902901126230233, 1.056591433571883900E-14 ) ) ;
#4853 = ORIENTED_EDGE ( 'NONE', *, *, #5027, .F. ) ;
#4854 = CARTESIAN_POINT ( 'NONE',  ( -6.245992199551350868E-06, -41.78975016820128729, 1.124042178454890184 ) ) ;
#4855 = CARTESIAN_POINT ( 'NONE',  ( 139.1842759379912309, -47.26221975847436596, -105.5685518759823793 ) ) ;
#4856 = CARTESIAN_POINT ( 'NONE',  ( 8.709182079294468082, -42.19163343938001276, -2.344384165418791799 ) ) ;
#4857 = CARTESIAN_POINT ( 'NONE',  ( -3.671994890360334995, -41.88319309264451107, -0.9195519099549736008 ) ) ;
#4858 = CARTESIAN_POINT ( 'NONE',  ( -3.671970490067058890, -41.75190379149490383, -5.310681132140907756 ) ) ;
#4859 = CARTESIAN_POINT ( 'NONE',  ( 12.03677388591628272, -38.30472708429529405, 5.696872552689302704E-13 ) ) ;
#4860 = CARTESIAN_POINT ( 'NONE',  ( -7.343961991603344508, -41.85264108029671348, -6.840093099208062632 ) ) ;
#4861 = CARTESIAN_POINT ( 'NONE',  ( 19.83184094113954643, -38.09925573020343847, 5.590056558374393525 ) ) ;
#4862 = ORIENTED_EDGE ( 'NONE', *, *, #4786, .T. ) ;
#4863 = CARTESIAN_POINT ( 'NONE',  ( 7.343970490010161889, -41.94464159687048976, 5.310701536431547964 ) ) ;
#4864 = ORIENTED_EDGE ( 'NONE', *, *, #388, .T. ) ;
#4865 = CARTESIAN_POINT ( 'NONE',  ( -4.426912740023742465, -37.61483797276869723, 7.841447640103940131 ) ) ;
#4866 = CARTESIAN_POINT ( 'NONE',  ( -3.671957657472793901, -41.61891006585366171, -7.620062377348028271 ) ) ;
#4867 = CARTESIAN_POINT ( 'NONE',  ( -5.507999999914715339, -41.99430005084909823, -3.060643596962831642E-05 ) ) ;
#4868 = CARTESIAN_POINT ( 'NONE',  ( 73.65500000000000114, -64.66763823405520384, 0.000000000000000000 ) ) ;
#4869 = CARTESIAN_POINT ( 'NONE',  ( 6.778213828583642631, -41.88102053370987221, -5.949980274317961282 ) ) ;
#4870 = CARTESIAN_POINT ( 'NONE',  ( 117.9131557670225874, -56.13001623236050364, 3.859248534111614838E-15 ) ) ;
#4871 = CARTESIAN_POINT ( 'NONE',  ( -3.671988453322156509, -41.86434037993402768, -2.077975135882013102 ) ) ;
#4872 = ADVANCED_FACE ( 'NONE', ( #1045 ), #559, .F. ) ;
#4873 = CARTESIAN_POINT ( 'NONE',  ( 12.99998145813962935, -38.30387826367884685, 0.02195650304199129460 ) ) ;
#4874 = CARTESIAN_POINT ( 'NONE',  ( 8.526534156173891432, -42.15297736831763586, 2.895809457949347188 ) ) ;
#4875 = LINE ( 'NONE', #2724, #2720 ) ;
#4876 = CARTESIAN_POINT ( 'NONE',  ( 5.507957657444332966, -41.69805266500075902, 7.620072579493354148 ) ) ;
#4877 = DIRECTION ( 'NONE',  ( 0.000000000000000000, 1.000000000000000000, 0.000000000000000000 ) ) ;
#4878 = CARTESIAN_POINT ( 'NONE',  ( 34.52997485881824957, -20.95902901126089901, 85.73526420871947096 ) ) ;
#4879 = AXIS2_PLACEMENT_3D ( 'NONE', #1731, #2207, #70 ) ;
#4880 = CARTESIAN_POINT ( 'NONE',  ( -8.921872444571564031, -38.24543980042880520, 1.319173775156299078 ) ) ;
#4881 = ADVANCED_FACE ( 'NONE', ( #2443 ), #356, .T. ) ;
#4882 = CARTESIAN_POINT ( 'NONE',  ( 6.788417015644983010, -37.85787642546585374, -5.938125946794079013 ) ) ;
#4883 = CARTESIAN_POINT ( 'NONE',  ( 69.65500000000001535, -64.66763823405520384, 0.000000000000000000 ) ) ;
#4884 = CC_DESIGN_APPROVAL ( #1649, ( #4694 ) ) ;
#4885 = VERTEX_POINT ( 'NONE', #4171 ) ;
#4886 = CARTESIAN_POINT ( 'NONE',  ( 5.507978988445447754, -41.90336194479513665, 3.781299771509710528 ) ) ;
#4887 = CARTESIAN_POINT ( 'NONE',  ( 172.6772380009915935, -20.95902901126225615, -172.5544760019827208 ) ) ;
#4888 = CARTESIAN_POINT ( 'NONE',  ( 14.78573987706091231, -27.13048470727568429, 34.95243013824976686 ) ) ;
#4889 = CARTESIAN_POINT ( 'NONE',  ( -11.66339928449819929, -38.30661841739333084, 0.04909128297407453628 ) ) ;
#4890 = CARTESIAN_POINT ( 'NONE',  ( -7.343978988417044107, -42.01818542903541243, -3.781309973655036849 ) ) ;
#4891 = CARTESIAN_POINT ( 'NONE',  ( 6.499391511412015099, -37.06114703815592293, 11.20192006265142304 ) ) ;
#4892 = ADVANCED_FACE ( 'NONE', ( #2512 ), #3364, .T. ) ;
#4893 = CARTESIAN_POINT ( 'NONE',  ( 9.180029509733914850, -42.08224734154786262, -5.310609717123657703 ) ) ;
#4894 = CARTESIAN_POINT ( 'NONE',  ( 5.507953323256919553, -41.64573389331381748, 8.400062261923959994 ) ) ;
#4895 = ORIENTED_EDGE ( 'NONE', *, *, #602, .T. ) ;
#4896 = CARTESIAN_POINT ( 'NONE',  ( -7.344029509762373564, -41.94464985508827226, 5.310619919268975586 ) ) ;
#4897 = ORIENTED_EDGE ( 'NONE', *, *, #5523, .F. ) ;
#4898 = CARTESIAN_POINT ( 'NONE',  ( 4.595133152034944324, -36.88349197404500757, 12.10379607141392988 ) ) ;
#4899 = CARTESIAN_POINT ( 'NONE',  ( 46.86417989292963426, -6.042206017375211680, 96.35689163771245092 ) ) ;
#4900 = CARTESIAN_POINT ( 'NONE',  ( 9.179998297799375706, -42.31469511203059142, 0.3063571067765188949 ) ) ;
#4901 = DIRECTION ( 'NONE',  ( -1.500332356076764948E-16, -1.000000000000000000, 0.000000000000000000 ) ) ;
#4902 = CARTESIAN_POINT ( 'NONE',  ( 99.14500000000001023, -63.39640923772802950, 1.560812345513300931E-15 ) ) ;
#4903 = CARTESIAN_POINT ( 'NONE',  ( -3.180308160102847559, -41.57216512909701578, -8.424461829239099586 ) ) ;
#4904 = CARTESIAN_POINT ( 'NONE',  ( -11.22682310912777304, -37.78314118236261265, 6.568042676641265842 ) ) ;
#4905 = CARTESIAN_POINT ( 'NONE',  ( 13.77318215852918115, -31.38043303655632599, 35.83101257631573588 ) ) ;
#4906 = LINE ( 'NONE', #2328, #1364 ) ;
#4907 = CARTESIAN_POINT ( 'NONE',  ( -9.180006245850035995, -42.28221066252147864, 1.123991167728281892 ) ) ;
#4908 = CARTESIAN_POINT ( 'NONE',  ( 172.6772380009927872, -20.95902901126089901, 50.96345004025746306 ) ) ;
#4909 = CARTESIAN_POINT ( 'NONE',  ( 85.49059373981739895, -20.95902901126090256, 86.27244506407519964 ) ) ;
#4910 = VECTOR ( 'NONE', #3847, 1000.000000000000000 ) ;
#4911 = CARTESIAN_POINT ( 'NONE',  ( -1.107166554184256357, -37.45021324675479235, 8.951151456716054611 ) ) ;
#4912 = DIRECTION ( 'NONE',  ( 0.000000000000000000, 0.000000000000000000, 1.000000000000000000 ) ) ;
#4913 = AXIS2_PLACEMENT_3D ( 'NONE', #5118, #1702, #4672 ) ;
#4914 = ADVANCED_FACE ( 'NONE', ( #3342 ), #3587, .F. ) ;
#4915 = ORIENTED_EDGE ( 'NONE', *, *, #4762, .T. ) ;
#4916 = CARTESIAN_POINT ( 'NONE',  ( 3.671993753950932415, -41.88114169236510520, 1.124062582745533501 ) ) ;
#4917 = FACE_OUTER_BOUND ( 'NONE', #4381, .T. ) ;
#4918 = CARTESIAN_POINT ( 'NONE',  ( 6.788417015644983010, -37.85787642546585374, -5.938125946794079013 ) ) ;
#4919 = AXIS2_PLACEMENT_3D ( 'NONE', #1657, #288, #313 ) ;
#4920 = CARTESIAN_POINT ( 'NONE',  ( 5.487530915465784531, -41.74037537613467208, -7.157548835879239846 ) ) ;
#4921 = CARTESIAN_POINT ( 'NONE',  ( -7.343948989041104269, -41.69036013678056207, -9.180062146499889053 ) ) ;
#4922 = AXIS2_PLACEMENT_3D ( 'NONE', #3028, #1712, #3882 ) ;
#4923 = CARTESIAN_POINT ( 'NONE',  ( -4.144990330531938660, -36.84642591583126148, 12.28726131754633144 ) ) ;
#4924 = CARTESIAN_POINT ( 'NONE',  ( 5.508038008197629232, -41.74731312820914297, -6.840021684190814355 ) ) ;
#4925 = CARTESIAN_POINT ( 'NONE',  ( 226.6457644257072843, 9.999999999999980460, 137.9613978004092303 ) ) ;
#4926 = ORIENTED_EDGE ( 'NONE', *, *, #3780, .T. ) ;
#4927 = CARTESIAN_POINT ( 'NONE',  ( 3.671957657472766368, -41.61891006581415553, 7.620062377348030047 ) ) ;
#4928 = ORIENTED_EDGE ( 'NONE', *, *, #150, .F. ) ;
#4929 = CARTESIAN_POINT ( 'NONE',  ( -2.826450363844471791, -37.51176006517432882, 8.549671950298629142 ) ) ;
#4930 = CARTESIAN_POINT ( 'NONE',  ( -5.507948989069535450, -41.58977544978713325, -9.180051944354563176 ) ) ;
#4931 = CARTESIAN_POINT ( 'NONE',  ( 9.180001134563447351, -42.32169833816495697, -0.2041530533066731601 ) ) ;
#4932 = CARTESIAN_POINT ( 'NONE',  ( -9.511568403844728536E-15, -63.39640923772800818, 0.000000000000000000 ) ) ;
#4933 = CARTESIAN_POINT ( 'NONE',  ( 8.691838609723509634, -42.19008138590019996, -2.339882324912874623 ) ) ;
#4934 = CARTESIAN_POINT ( 'NONE',  ( 2.333818746391915777, -41.53109794386652709, -8.712022844984577574 ) ) ;
#4935 = CARTESIAN_POINT ( 'NONE',  ( -0.8133793080363451722, -36.69830525507467911, 12.98160394831510089 ) ) ;
#4936 = CARTESIAN_POINT ( 'NONE',  ( 18.50658352280409957, -42.07608936494997920, 6.293461497220356193 ) ) ;
#4937 = CARTESIAN_POINT ( 'NONE',  ( 179.0824426214855123, -13.94371515320779942, 1.135032566935603862E-14 ) ) ;
#4938 = CARTESIAN_POINT ( 'NONE',  ( -6.245992199551350868E-06, -41.78975016820128729, 1.124042178454890184 ) ) ;
#4939 = DIRECTION ( 'NONE',  ( 0.000000000000000000, 1.000000000000000000, 0.000000000000000000 ) ) ;
#4940 = CARTESIAN_POINT ( 'NONE',  ( 19.11483119594132063, -38.48506133258115369, 37.85480819799125385 ) ) ;
#4941 = CARTESIAN_POINT ( 'NONE',  ( 7.649868942203690736, -37.98297618081021909, 4.750177775994198548 ) ) ;
#4942 = CARTESIAN_POINT ( 'NONE',  ( 3.672042342413475602, -41.61891558230553301, -7.620021568766741638 ) ) ;
#4943 = CARTESIAN_POINT ( 'NONE',  ( 18.42274672510727385, -34.86359414897515308, -19.67742451850964969 ) ) ;
#4944 = APPROVAL_DATE_TIME ( #3641, #1419 ) ;
#4945 = VERTEX_POINT ( 'NONE', #2489 ) ;
#4946 = CARTESIAN_POINT ( 'NONE',  ( 7.343983152636445411, -42.05000831296262476, 3.031908093309124919 ) ) ;
#4947 = LINE ( 'NONE', #1862, #2035 ) ;
#4948 = CARTESIAN_POINT ( 'NONE',  ( 8.999999999999991118, -63.39640923772800818, 1.102182119232617714E-15 ) ) ;
#4949 = CARTESIAN_POINT ( 'NONE',  ( 7.642104353420815066, -42.00000981592697258, -4.762769156237411927 ) ) ;
#4950 = EDGE_CURVE ( 'NONE', #2343, #182, #901, .T. ) ;
#4951 = CARTESIAN_POINT ( 'NONE',  ( 132.1963904380766053, -50.78462308660660085, 5.608440296249299316E-15 ) ) ;
#4952 = CARTESIAN_POINT ( 'NONE',  ( -11.20641827319521333, -37.78656947980276470, 6.539293826075908811 ) ) ;
#4953 = CARTESIAN_POINT ( 'NONE',  ( 7.344021011355494899, -42.01819183936183322, -3.781228356492464471 ) ) ;
#4954 = CARTESIAN_POINT ( 'NONE',  ( 86.40000000000000568, -58.93658393131480011, 0.000000000000000000 ) ) ;
#4955 = ORIENTED_EDGE ( 'NONE', *, *, #543, .F. ) ;
#4956 = ADVANCED_FACE ( 'NONE', ( #3869 ), #66, .F. ) ;
#4957 = CARTESIAN_POINT ( 'NONE',  ( -9.180051010703031977, -41.81642451597864607, 9.179970327191995239 ) ) ;
#4958 = ORIENTED_EDGE ( 'NONE', *, *, #2060, .T. ) ;
#4959 = CARTESIAN_POINT ( 'NONE',  ( -3.907487887994427478, -37.57622251205216912, 8.112792115261735049 ) ) ;
#4960 = CARTESIAN_POINT ( 'NONE',  ( 190.4059769339613126, -6.042206017375301386, 5.521183045474526097 ) ) ;
#4961 = CARTESIAN_POINT ( 'NONE',  ( -7.344003405706915899, -42.11401879208689536, 0.6128779922758300636 ) ) ;
#4962 = CARTESIAN_POINT ( 'NONE',  ( 179.4726910499023518, -6.042206017375278293, 46.41895673936776490 ) ) ;
#4963 = CARTESIAN_POINT ( 'NONE',  ( 7.795234552015067209, -42.02343803032544400, -4.508098723760181947 ) ) ;
#4964 = CARTESIAN_POINT ( 'NONE',  ( 3.984947420841967958, -41.62058394735384326, -8.075086830653066983 ) ) ;
#4965 = CARTESIAN_POINT ( 'NONE',  ( 2.987501993607653450, -36.76772144345349602, 12.65930748850978560 ) ) ;
#4966 = CARTESIAN_POINT ( 'NONE',  ( 8.999999999999985789, -42.30708556946423471, -5.044008672611721968E-15 ) ) ;
#4967 = CARTESIAN_POINT ( 'NONE',  ( -18.00000000000000000, -26.96475769767874908, 35.57686982298324807 ) ) ;
#4968 = CARTESIAN_POINT ( 'NONE',  ( -7.344001701944726790, -42.11316865284367594, 0.3062652874686241367 ) ) ;
#4969 = CARTESIAN_POINT ( 'NONE',  ( 159.5718911911934867, -33.22972007004624118, 2.775557561562889773E-14 ) ) ;
#4970 = CARTESIAN_POINT ( 'NONE',  ( 110.6172451890451356, -57.95386985700427118, 14.30498233254013307 ) ) ;
#4971 = CARTESIAN_POINT ( 'NONE',  ( 8.708949825247078280, -38.18314386881943534, 2.344238228978649197 ) ) ;
#4972 = CARTESIAN_POINT ( 'NONE',  ( -71.46669839058749574, -6.042206017375154836, 137.9613978004092303 ) ) ;
#4973 = ADVANCED_FACE ( 'NONE', ( #3842, #4748 ), #5564, .T. ) ;
#4974 = CARTESIAN_POINT ( 'NONE',  ( 19.46339282931984727, -37.25514316628927958, -11.50376313867014488 ) ) ;
#4975 = DATE_AND_TIME ( #3276, #4165 ) ;
#4976 = ORIENTED_EDGE ( 'NONE', *, *, #4502, .T. ) ;
#4977 = AXIS2_PLACEMENT_3D ( 'NONE', #379, #4237, #1999 ) ;
#4978 = DESIGN_CONTEXT ( 'detailed design', #2372, 'design' ) ;
#4979 = CARTESIAN_POINT ( 'NONE',  ( 33.61572406200880181, -47.26221975847436596, -105.5685518759823793 ) ) ;
#4980 = CARTESIAN_POINT ( 'NONE',  ( 2.350415430926081406, -37.49019362352901652, -8.692666783100872152 ) ) ;
#4981 = LINE ( 'NONE', #2826, #4007 ) ;
#4982 = CARTESIAN_POINT ( 'NONE',  ( 7.344029509762343366, -41.94464985518333577, -5.310619919268977362 ) ) ;
#4983 = CC_DESIGN_APPROVAL ( #1419, ( #2828 ) ) ;
#4984 = CARTESIAN_POINT ( 'NONE',  ( 24.54315066403443524, -41.44459846639426814, -1.515055850892605667E-14 ) ) ;
#4985 = CARTESIAN_POINT ( 'NONE',  ( 3.672051010788300207, -41.51274637520823774, -9.180000933627960436 ) ) ;
#4986 = CARTESIAN_POINT ( 'NONE',  ( 5.507948989069507917, -41.58977544985609853, 9.180051944354566729 ) ) ;
#4987 = ORIENTED_EDGE ( 'NONE', *, *, #2611, .F. ) ;
#4988 = CARTESIAN_POINT ( 'NONE',  ( -3.672038008226089278, -41.66660914934224280, 6.840031886336134903 ) ) ;
#4989 = VERTEX_POINT ( 'NONE', #2592 ) ;
#4990 = CARTESIAN_POINT ( 'NONE',  ( 16.43896709016467739, -30.50080451290473604, 29.72496085214667616 ) ) ;
#4991 = CARTESIAN_POINT ( 'NONE',  ( 0.4875835940453335238, -6.042206017375217009, 58.61996200337832619 ) ) ;
#4992 = CARTESIAN_POINT ( 'NONE',  ( 5.508003405735315106, -41.96905124367469142, -0.6128881944211597155 ) ) ;
#4993 = EDGE_CURVE ( 'NONE', #3942, #1990, #859, .T. ) ;
#4994 = CARTESIAN_POINT ( 'NONE',  ( 7.165607224024223676, -37.90937524258560387, 5.476569004110114491 ) ) ;
#4995 = CARTESIAN_POINT ( 'NONE',  ( 10.17729311829691596, -6.042206017375283622, -70.76293299763521816 ) ) ;
#4996 = CARTESIAN_POINT ( 'NONE',  ( 6.781234974740454113, -41.88133911210083937, -5.946831924121466884 ) ) ;
#4997 = CARTESIAN_POINT ( 'NONE',  ( -6.474937489299053439, -37.04621303776234953, 11.28078738781670509 ) ) ;
#4998 = CARTESIAN_POINT ( 'NONE',  ( -71.46669839058749574, 9.999999999999980460, 137.9613978004092303 ) ) ;
#4999 = CARTESIAN_POINT ( 'NONE',  ( 12.99061253846061526, -38.27041812380080898, 0.8832300639048783486 ) ) ;
#5000 = CARTESIAN_POINT ( 'NONE',  ( -9.180003405678478501, -42.30370947905574752, 0.6128677901305084053 ) ) ;
#5001 = CARTESIAN_POINT ( 'NONE',  ( 96.11412129959387585, -58.93658393131474327, 16.84832778263185915 ) ) ;
#5002 = CARTESIAN_POINT ( 'NONE',  ( 8.999999999999991118, -63.39640923772800818, 1.102182119232617714E-15 ) ) ;
#5003 = CARTESIAN_POINT ( 'NONE',  ( -0.5247940644157629286, -37.44189432296073505, 9.003676478908325009 ) ) ;
#5004 = CARTESIAN_POINT ( 'NONE',  ( -11.66339928449819929, -38.30661841739333084, 0.04909128297407453628 ) ) ;
#5005 = CARTESIAN_POINT ( 'NONE',  ( 14.91873754753283166, -27.39399073556680619, -34.59820507905678966 ) ) ;
#5006 = APPROVAL_DATE_TIME ( #4975, #1649 ) ;
#5007 = ORIENTED_EDGE ( 'NONE', *, *, #1910, .T. ) ;
#5008 = CARTESIAN_POINT ( 'NONE',  ( 62.18275481095519552, -57.95386985700429960, -5.931514360986089564E-15 ) ) ;
#5009 = CARTESIAN_POINT ( 'NONE',  ( 18.82837672200436074, -42.30756013076909738, -4.854139997231178318E-15 ) ) ;
#5010 = CARTESIAN_POINT ( 'NONE',  ( -18.00000000000000000, -26.96475769767874908, -35.57686982298324807 ) ) ;
#5011 = CARTESIAN_POINT ( 'NONE',  ( -71.46669839058749574, -6.042206017375296945, -137.7671940876994938 ) ) ;
#5012 = AXIS2_PLACEMENT_3D ( 'NONE', #3672, #743, #2033 ) ;
#5013 = CARTESIAN_POINT ( 'NONE',  ( 9.180051010703001779, -41.81642451497097568, -9.179970327191993462 ) ) ;
#5014 = CARTESIAN_POINT ( 'NONE',  ( 3.671953323285353399, -41.56764441693417211, 8.400052059778637670 ) ) ;
#5015 = ORIENTED_EDGE ( 'NONE', *, *, #3940, .T. ) ;
#5016 = CARTESIAN_POINT ( 'NONE',  ( -1.134705643865838718E-06, -41.79338277993002748, 0.2042040640332722090 ) ) ;
#5017 = ORIENTED_EDGE ( 'NONE', *, *, #1711, .T. ) ;
#5018 = AXIS2_PLACEMENT_3D ( 'NONE', #339, #1171, #3757 ) ;
#5019 = CARTESIAN_POINT ( 'NONE',  ( 11.42231038834606238, -20.60960552378089972, 42.76061510883908312 ) ) ;
#5020 = CARTESIAN_POINT ( 'NONE',  ( 27.49265067072883895, -6.042206017375211680, 85.89319569898688655 ) ) ;
#5021 = CARTESIAN_POINT ( 'NONE',  ( 99.14499999999999602, -63.39640923772801528, 1.560812345513315327E-15 ) ) ;
#5022 = CARTESIAN_POINT ( 'NONE',  ( 177.0745186759136800, -6.042206017375274740, 51.21369373540844805 ) ) ;
#5023 = CARTESIAN_POINT ( 'NONE',  ( 2.006623881557471734, -6.042206017375277405, -60.84624153782829126 ) ) ;
#5024 = B_SPLINE_CURVE_WITH_KNOTS ( 'NONE', 2,
 ( #2301, #1941, #3573 ),
 .UNSPECIFIED., .F., .F.,
 ( 3, 3 ),
 ( 0.3127131036599309910, 0.7334610202777239740 ),
 .UNSPECIFIED. ) ;
#5025 = CARTESIAN_POINT ( 'NONE',  ( -11.81769973034336552, -37.91353415401361104, 5.433423300048362492 ) ) ;
#5026 = CARTESIAN_POINT ( 'NONE',  ( -4.370274696764617772, -41.64816892468465426, 7.869200210347650604 ) ) ;
#5027 = EDGE_CURVE ( 'NONE', #5103, #182, #3414, .T. ) ;
#5028 = CARTESIAN_POINT ( 'NONE',  ( 190.4059769339629895, -6.042206017373019655, 1.273705867443711913E-14 ) ) ;
#5029 = CARTESIAN_POINT ( 'NONE',  ( -5.109582830806991940E-06, -41.79199488310535315, 0.9195315056643229568 ) ) ;
#5030 = CARTESIAN_POINT ( 'NONE',  ( 85.62873080478189536, -33.22972007004624118, 73.16782629219190426 ) ) ;
#5031 = CARTESIAN_POINT ( 'NONE',  ( -22.00000000000000000, -6.042206017372999227, -36.44720368503895003 ) ) ;
#5032 = DIRECTION ( 'NONE',  ( 1.000000000000000000, 0.000000000000000000, 0.000000000000000000 ) ) ;
#5033 = CARTESIAN_POINT ( 'NONE',  ( -3.979162835945147858, -37.58133748245202099, -8.077969332130066960 ) ) ;
#5034 = CARTESIAN_POINT ( 'NONE',  ( 16.37564660047238263, -30.36788505558332929, -29.96086667691612249 ) ) ;
#5035 = PERSON_AND_ORGANIZATION ( #238, #2522 ) ;
#5036 = ORIENTED_EDGE ( 'NONE', *, *, #961, .T. ) ;
#5037 = CARTESIAN_POINT ( 'NONE',  ( 14.09384130852986949, -25.75753288789929130, -36.81290612106347027 ) ) ;
#5038 = CARTESIAN_POINT ( 'NONE',  ( 20.36082540615130299, -38.31026286157670313, -0.1470188481355378107 ) ) ;
#5039 = DIRECTION ( 'NONE',  ( 1.000000000000000000, 0.000000000000000000, 0.000000000000000000 ) ) ;
#5040 = CARTESIAN_POINT ( 'NONE',  ( -7.344016847136085602, -42.05001507887666179, 3.031826476146552984 ) ) ;
#5041 = CARTESIAN_POINT ( 'NONE',  ( 3.671996594122491242, -41.88853499550050685, 0.6129392051477600134 ) ) ;
#5042 = ORIENTED_EDGE ( 'NONE', *, *, #3366, .F. ) ;
#5043 = LINE ( 'NONE', #1713, #3876 ) ;
#5044 = CARTESIAN_POINT ( 'NONE',  ( 12.42434533572371613, -28.62274824581187360, -39.64606518200954355 ) ) ;
#5045 = CARTESIAN_POINT ( 'NONE',  ( 185.3328331859785010, -6.042206017371060334, 1.211577774917876053E-14 ) ) ;
#5046 = CARTESIAN_POINT ( 'NONE',  ( 94.87865363518913853, -6.042206017375326255, -103.6600346368201571 ) ) ;
#5047 = CARTESIAN_POINT ( 'NONE',  ( 20.36082540615130299, -15.84325058705650058, 47.33309916941549744 ) ) ;
#5048 = CARTESIAN_POINT ( 'NONE',  ( -2.895211165830694711, -41.55574634022003977, 8.542061613814654564 ) ) ;
#5049 = CARTESIAN_POINT ( 'NONE',  ( 10.29320247497560636, -37.60931740282962465, 7.885192628957511829 ) ) ;
#5050 = CARTESIAN_POINT ( 'NONE',  ( 5.508005109497503327, -41.97117035344019342, -0.9195008992283650873 ) ) ;
#5051 = CARTESIAN_POINT ( 'NONE',  ( 9.179994890275006370, -42.29213543392166486, 0.9195825163909308042 ) ) ;
#5052 = CARTESIAN_POINT ( 'NONE',  ( 117.9131557670228716, -56.13001623236041127, 18.61463320748681838 ) ) ;
#5053 = CARTESIAN_POINT ( 'NONE',  ( 18.82837672200436074, -42.30756013076909738, -4.854139997231178318E-15 ) ) ;
#5054 = ADVANCED_FACE ( 'NONE', ( #2654, #3477 ), #4720, .T. ) ;
#5055 = CARTESIAN_POINT ( 'NONE',  ( 5.393476182847416922, -36.93763442198741842, 11.83591070697806558 ) ) ;
#5056 = CARTESIAN_POINT ( 'NONE',  ( -3.709089493005392146, -37.56284714288648985, -8.205475939734149904 ) ) ;
#5057 = CARTESIAN_POINT ( 'NONE',  ( 0.000000000000000000, -63.39640923772802950, 0.000000000000000000 ) ) ;
#5058 = ORIENTED_EDGE ( 'NONE', *, *, #3180, .T. ) ;
#5059 = CARTESIAN_POINT ( 'NONE',  ( -8.999999999658744088, -38.28177645344616309, -0.5956811891528690506 ) ) ;
#5060 = CARTESIAN_POINT ( 'NONE',  ( 3.493117819995517070, -6.042206017372497406, -53.98290812280571060 ) ) ;
#5061 = AXIS2_PLACEMENT_3D ( 'NONE', #4334, #2548, #4276 ) ;
#5062 = CARTESIAN_POINT ( 'NONE',  ( -22.00000000000000000, -42.30756013076910449, -5.181181809388050601E-15 ) ) ;
#5063 = CARTESIAN_POINT ( 'NONE',  ( -7.344006245878466288, -42.10689846302548744, 1.124001369873603551 ) ) ;
#5064 = CARTESIAN_POINT ( 'NONE',  ( -3.672011546564143192, -41.86434211302899655, 2.077934327300721140 ) ) ;
#5065 = ORIENTED_EDGE ( 'NONE', *, *, #331, .T. ) ;
#5066 = CARTESIAN_POINT ( 'NONE',  ( 13.10460830674205468, -29.99880861989347380, -37.84046936883328272 ) ) ;
#5067 = EDGE_CURVE ( 'NONE', #4834, #475, #4688, .T. ) ;
#5068 = LINE ( 'NONE', #4167, #1591 ) ;
#5069 = CARTESIAN_POINT ( 'NONE',  ( 55.28493048858568670, -6.042206017375316485, -99.24407090071305504 ) ) ;
#5070 = LINE ( 'NONE', #2069, #1037 ) ;
#5071 = CARTESIAN_POINT ( 'NONE',  ( -5.244955792916005777, -41.71959093506438876, 7.319636430473094535 ) ) ;
#5072 = CARTESIAN_POINT ( 'NONE',  ( 62.18275481095519552, -57.95386985700429960, -5.931514360986089564E-15 ) ) ;
#5073 = CARTESIAN_POINT ( 'NONE',  ( 3.672005109525934063, -41.88319390070309112, -0.9195111013736865235 ) ) ;
#5074 = CARTESIAN_POINT ( 'NONE',  ( 42.40893209317441404, -33.22972007004630512, 72.71224217743807117 ) ) ;
#5075 = CARTESIAN_POINT ( 'NONE',  ( 0.4875835940445563677, -6.042206017372999227, -58.61996200337879515 ) ) ;
#5076 = CARTESIAN_POINT ( 'NONE',  ( 8.999999999999978684, -42.30661100815936493, 1.054571528968089291E-15 ) ) ;
#5077 = CARTESIAN_POINT ( 'NONE',  ( 8.941524415943277404, -42.25811821645626765, 1.180301402435222746 ) ) ;
#5078 = SHAPE_DEFINITION_REPRESENTATION ( #2032, #1047 ) ;
#5079 = EDGE_LOOP ( 'NONE', ( #799, #2603, #856, #4072 ) ) ;
#5080 = CARTESIAN_POINT ( 'NONE',  ( -12.99840399442346062, -38.31026286157670313, 0.07350942406776220239 ) ) ;
#5081 = EDGE_CURVE ( 'NONE', #3304, #2343, #86, .T. ) ;
#5082 = CARTESIAN_POINT ( 'NONE',  ( 5.668144887840552038, -15.63208282946508909, 52.33790751524883689 ) ) ;
#5083 = CARTESIAN_POINT ( 'NONE',  ( 13.24436795318036175, -33.22972007004624118, -1.542452698203079953 ) ) ;
#5084 = CARTESIAN_POINT ( 'NONE',  ( 5.507957657444332966, -41.69805266500075902, 7.620072579493354148 ) ) ;
#5085 = CARTESIAN_POINT ( 'NONE',  ( -9.180011546478842988, -42.24575990181087803, 2.077903720864756831 ) ) ;
#5086 = VERTEX_POINT ( 'NONE', #1002 ) ;
#5087 = B_SPLINE_CURVE_WITH_KNOTS ( 'NONE', 3,
 ( #2799, #1956, #4984, #542, #2255, #3978, #119, #1836 ),
 .UNSPECIFIED., .F., .F.,
 ( 4, 2, 2, 4 ),
 ( 0.000000000000000000, 0.1400170492858799354, 0.5700085246429399399, 1.000000000000000000 ),
 .UNSPECIFIED. ) ;
#5088 = AXIS2_PLACEMENT_3D ( 'NONE', #5291, #5350, #976 ) ;
#5089 = CARTESIAN_POINT ( 'NONE',  ( 99.14499999999999602, -63.39640923772795134, 25.49000000000011568 ) ) ;
#5090 = CARTESIAN_POINT ( 'NONE',  ( 133.4761587597634787, -6.042206017375239213, 92.74235696512893412 ) ) ;
#5091 = CARTESIAN_POINT ( 'NONE',  ( 148.4329328310627716, -6.042206017375333360, -83.48148880190355214 ) ) ;
#5092 = CARTESIAN_POINT ( 'NONE',  ( 20.36082540615130299, -26.96475769767874908, 35.57686982298324807 ) ) ;
#5093 = CARTESIAN_POINT ( 'NONE',  ( -8.795493096744282369, -42.21627410394685143, 1.913485855845824091 ) ) ;
#5094 = AXIS2_PLACEMENT_3D ( 'NONE', #3803, #2099, #2945 ) ;
#5095 = CARTESIAN_POINT ( 'NONE',  ( 99.14499999999999602, -63.39640923772795134, -25.49000000000011568 ) ) ;
#5096 = CARTESIAN_POINT ( 'NONE',  ( -3.671993753950963946, -41.88114169208937909, -1.124062582745540828 ) ) ;
#5097 = CARTESIAN_POINT ( 'NONE',  ( 14.76149116098735981, -33.44722524979752620, 32.64968803460914160 ) ) ;
#5098 = DIRECTION ( 'NONE',  ( -0.000000000000000000, -0.000000000000000000, -1.000000000000000000 ) ) ;
#5099 = CARTESIAN_POINT ( 'NONE',  ( -11.00733381027235680, -37.73783482650254939, 6.929377664114724666 ) ) ;
#5100 = CARTESIAN_POINT ( 'NONE',  ( 4.771605979074466930, -37.64343563567626205, -7.636706319473804072 ) ) ;
#5101 = DIRECTION ( 'NONE',  ( 0.000000000000000000, -1.000000000000000000, 0.000000000000000000 ) ) ;
#5102 = CARTESIAN_POINT ( 'NONE',  ( 8.999999999999987566, -42.28566607010848344, 0.5952778844354891241 ) ) ;
#5103 = VERTEX_POINT ( 'NONE', #156 ) ;
#5104 = CARTESIAN_POINT ( 'NONE',  ( -6.779446149139697120, -37.85665128085598496, -5.949071431537319654 ) ) ;
#5105 = CARTESIAN_POINT ( 'NONE',  ( 17.21383104686389842, -38.99004697956279841, 19.97068973883601117 ) ) ;
#5106 = EDGE_CURVE ( 'NONE', #4440, #3038, #1401, .T. ) ;
#5107 = CARTESIAN_POINT ( 'NONE',  ( 46.43677164677047386, -38.48506133258121054, 66.05468056303826074 ) ) ;
#5108 = CARTESIAN_POINT ( 'NONE',  ( -3.672021011412389679, -41.81617290905057871, 3.781248760783102458 ) ) ;
#5109 = CARTESIAN_POINT ( 'NONE',  ( -7.344011546507276833, -42.08122902362369899, 2.077913923010078712 ) ) ;
#5110 = ORIENTED_EDGE ( 'NONE', *, *, #2809, .F. ) ;
#5111 = FACE_OUTER_BOUND ( 'NONE', #4102, .T. ) ;
#5112 = CARTESIAN_POINT ( 'NONE',  ( 103.8558286078033035, -6.042206017375328919, -102.6236668910599548 ) ) ;
#5113 = CARTESIAN_POINT ( 'NONE',  ( -18.00000000000000000, -23.68619686104764810, 39.70994965335955840 ) ) ;
#5114 = ORIENTED_EDGE ( 'NONE', *, *, #5497, .F. ) ;
#5115 = FACE_OUTER_BOUND ( 'NONE', #4798, .T. ) ;
#5116 = CARTESIAN_POINT ( 'NONE',  ( -5.419998196718193384, -37.70141076692020476, 7.208935331120504664 ) ) ;
#5117 = CARTESIAN_POINT ( 'NONE',  ( 7.344003405706884813, -42.11401879245456570, -0.6128779922758382792 ) ) ;
#5118 = CARTESIAN_POINT ( 'NONE',  ( -4.259443137613194708, -6.042206017373009885, 0.000000000000000000 ) ) ;
#5119 = CARTESIAN_POINT ( 'NONE',  ( -4.761732256982641687, -41.67815151217669012, -7.642888662210546080 ) ) ;
#5120 = CARTESIAN_POINT ( 'NONE',  ( -12.99840399442346062, -38.31026286157670313, 0.07350942406776220239 ) ) ;
#5121 = CARTESIAN_POINT ( 'NONE',  ( 3.992442025971406849, -41.61913769367968996, 8.087278596120132335 ) ) ;
#5122 = CARTESIAN_POINT ( 'NONE',  ( -71.46669839058749574, 9.999999999999980460, 137.9613978004092303 ) ) ;
#5123 = CARTESIAN_POINT ( 'NONE',  ( -18.00000000000000000, -38.30472708429532958, -1.149457590741975732E-13 ) ) ;
#5124 = APPROVAL_DATE_TIME ( #2497, #4820 ) ;
#5125 = ORIENTED_EDGE ( 'NONE', *, *, #4354, .F. ) ;
#5126 = DIRECTION ( 'NONE',  ( 0.000000000000000000, 1.000000000000000000, -0.000000000000000000 ) ) ;
#5127 = EDGE_CURVE ( 'NONE', #1517, #3861, #5210, .T. ) ;
#5128 = CARTESIAN_POINT ( 'NONE',  ( 18.70268926057537939, -35.50567489436954105, -17.64390015095344921 ) ) ;
#5129 = CARTESIAN_POINT ( 'NONE',  ( 4.719057447404620298, -8.267803554611552030, 52.63923258009709372 ) ) ;
#5130 = CARTESIAN_POINT ( 'NONE',  ( 7.343948989041074960, -41.69036013684582542, 9.180062146499892606 ) ) ;
#5131 = CARTESIAN_POINT ( 'NONE',  ( 54.66600174739932072, -47.26221975847412438, 52.45269724046585225 ) ) ;
#5132 = CARTESIAN_POINT ( 'NONE',  ( 7.344001134591883861, -42.10616211150965427, -0.2041632554519947629 ) ) ;
#5133 = CARTESIAN_POINT ( 'NONE',  ( 1.684724978767657911E-05, -41.75539727428017756, -3.031867284727843170 ) ) ;
#5134 = VERTEX_POINT ( 'NONE', #3831 ) ;
#5135 = CARTESIAN_POINT ( 'NONE',  ( -8.999999999999989342, -42.30661100815937914, 2.158147822363234170E-17 ) ) ;
#5136 = VECTOR ( 'NONE', #2410, 1000.000000000000000 ) ;
#5137 = CARTESIAN_POINT ( 'NONE',  ( 132.2479586765424813, -6.042206017375333360, -93.35566618777012593 ) ) ;
#5138 = CARTESIAN_POINT ( 'NONE',  ( 2.904281199171577121, -41.55616928414698208, 8.539120644115719472 ) ) ;
#5139 = CARTESIAN_POINT ( 'NONE',  ( 54.88684423297739556, -56.13001623236050364, -7.718497068223229677E-15 ) ) ;
#5140 = CARTESIAN_POINT ( 'NONE',  ( -12.99840399442346062, -38.31026286157670313, 0.07350942406776220239 ) ) ;
#5141 = CC_DESIGN_SECURITY_CLASSIFICATION ( #3518, ( #4694 ) ) ;
#5142 = CARTESIAN_POINT ( 'NONE',  ( 68.79978611128889554, -58.25464714294840007, 0.000000000000000000 ) ) ;
#5143 = EDGE_CURVE ( 'NONE', #3501, #445, #4250, .T. ) ;
#5144 = CARTESIAN_POINT ( 'NONE',  ( 5.508003405735315106, -41.96905124367469142, -0.6128881944211597155 ) ) ;
#5145 = CARTESIAN_POINT ( 'NONE',  ( 17.20236769625168094, -38.96290265125571750, -20.05592711517607896 ) ) ;
#5146 = CARTESIAN_POINT ( 'NONE',  ( -12.90389235640842003, -38.22066860129703514, 1.791447667858799830 ) ) ;
#5147 = CARTESIAN_POINT ( 'NONE',  ( 142.0945993296323309, -6.042206017375335136, -88.01038846589837306 ) ) ;
#5148 = DIRECTION ( 'NONE',  ( 0.000000000000000000, 0.000000000000000000, 1.000000000000000000 ) ) ;
#5149 = DIRECTION ( 'NONE',  ( 1.000000000000000000, 0.000000000000000000, 0.000000000000000000 ) ) ;
#5150 = CARTESIAN_POINT ( 'NONE',  ( 4.498558801799077855, -41.65782553921077636, -7.796558729804982768 ) ) ;
#5151 = CARTESIAN_POINT ( 'NONE',  ( 4.667665775254481827E-05, -41.49435253703499171, -8.400031655487991245 ) ) ;
#5152 = VECTOR ( 'NONE', #3086, 1000.000000000000000 ) ;
#5153 = EDGE_LOOP ( 'NONE', ( #5344, #815, #3675, #2217 ) ) ;
#5154 = CYLINDRICAL_SURFACE ( 'NONE', #4068, 12.74500000000000632 ) ;
#5155 = CARTESIAN_POINT ( 'NONE',  ( -18.00000000000000000, -15.84325058705650058, -47.33309916941539797 ) ) ;
#5156 = CARTESIAN_POINT ( 'NONE',  ( 86.40000000000000568, -63.39640923772802950, 0.000000000000000000 ) ) ;
#5157 = ORIENTED_EDGE ( 'NONE', *, *, #186, .T. ) ;
#5158 = CARTESIAN_POINT ( 'NONE',  ( 15.30204328233866917, -28.16756659163982945, -33.46010282993505314 ) ) ;
#5159 = CARTESIAN_POINT ( 'NONE',  ( 86.06783520431760337, -56.13001623236039705, 31.51140512489335066 ) ) ;
#5160 = CARTESIAN_POINT ( 'NONE',  ( 3.405820614485210638E-06, -41.79101289190654711, -0.6129188008571245794 ) ) ;
#5161 = CARTESIAN_POINT ( 'NONE',  ( -5.507996594094084486, -41.96905090737418931, -0.6129494072930899984 ) ) ;
#5162 = ORIENTED_EDGE ( 'NONE', *, *, #4181, .T. ) ;
#5163 = CARTESIAN_POINT ( 'NONE',  ( 6.781234974740454113, -41.88133911210083937, -5.946831924121466884 ) ) ;
#5164 = VECTOR ( 'NONE', #1839, 1000.000000000000000 ) ;
#5165 = CARTESIAN_POINT ( 'NONE',  ( 179.4004102469924078, -6.042206017375325366, -46.56358039215317035 ) ) ;
#5166 = CARTESIAN_POINT ( 'NONE',  ( -2.333743762808008881, -41.53110118774532111, 8.712074430207598752 ) ) ;
#5167 = LINE ( 'NONE', #121, #5164 ) ;
#5168 = CARTESIAN_POINT ( 'NONE',  ( -13.15518455823439936, -38.31026286157670313, -0.1470188481355378107 ) ) ;
#5169 = CIRCLE ( 'NONE', #2289, 16.74499999999999744 ) ;
#5170 = CARTESIAN_POINT ( 'NONE',  ( -5.321145201891835264, -36.94363571542519509, 11.80538456476227083 ) ) ;
#5171 = CARTESIAN_POINT ( 'NONE',  ( 5.508042342385040868, -41.69806081896300043, -7.620011366621421089 ) ) ;
#5172 = CARTESIAN_POINT ( 'NONE',  ( 13.56825112512119702, -30.95543471113721523, 36.45968395580532473 ) ) ;
#5173 = CARTESIAN_POINT ( 'NONE',  ( 1.728627966003988270, -36.71343226771098500, 12.91296954061885671 ) ) ;
#5174 = VECTOR ( 'NONE', #1399, 1000.000000000000000 ) ;
#5175 = CARTESIAN_POINT ( 'NONE',  ( 99.14500000000001023, -64.66763823405520384, 1.560812345513301719E-15 ) ) ;
#5176 = CARTESIAN_POINT ( 'NONE',  ( 7.344006245878439643, -42.10689846338708264, -1.124001369873610434 ) ) ;
#5177 = EDGE_CURVE ( 'NONE', #87, #1488, #844, .T. ) ;
#5178 = DIRECTION ( 'NONE',  ( 0.000000000000000000, 0.000000000000000000, 1.000000000000000000 ) ) ;
#5179 = CARTESIAN_POINT ( 'NONE',  ( 7.811457352546346655, -42.02448171342079064, 4.508613367786495019 ) ) ;
#5180 = CARTESIAN_POINT ( 'NONE',  ( 5.480795515149490704, -41.74147697904597010, -7.144857920950233421 ) ) ;
#5181 = CARTESIAN_POINT ( 'NONE',  ( 9.180051010703001779, -41.81642451497097568, -9.179970327191993462 ) ) ;
#5182 = VECTOR ( 'NONE', #3372, 1000.000000000000000 ) ;
#5183 = ORIENTED_EDGE ( 'NONE', *, *, #3144, .T. ) ;
#5184 = CARTESIAN_POINT ( 'NONE',  ( -9.000000000000008882, -42.30708556946424181, 1.275516048117262778E-10 ) ) ;
#5185 = CARTESIAN_POINT ( 'NONE',  ( 190.4059769339629895, -6.042206017373035642, 208.0119538679257687 ) ) ;
#5186 = CYLINDRICAL_SURFACE ( 'NONE', #3341, 16.74499999999999744 ) ;
#5187 = EDGE_LOOP ( 'NONE', ( #300, #2184, #1646, #3503, #153 ) ) ;
#5188 = CARTESIAN_POINT ( 'NONE',  ( 15.40142761098079127, -34.84025827444270362, -30.12802903750677785 ) ) ;
#5189 = CARTESIAN_POINT ( 'NONE',  ( 41.39516002946596274, -6.042206017375210791, 93.77080981875499788 ) ) ;
#5190 = CARTESIAN_POINT ( 'NONE',  ( 69.45021637626102518, -58.93658393131474327, 9.535991652820102971 ) ) ;
#5191 = CARTESIAN_POINT ( 'NONE',  ( 5.507998865209059680, -41.97550274140639459, 0.2042346704692372394 ) ) ;
#5192 = CARTESIAN_POINT ( 'NONE',  ( -9.179988453236848756, -42.24575219294280259, -2.078005742317978299 ) ) ;
#5193 = ORIENTED_EDGE ( 'NONE', *, *, #388, .F. ) ;
#5194 = CARTESIAN_POINT ( 'NONE',  ( 8.537991188564177492, -42.15348289951584349, -2.906631324516739223 ) ) ;
#5195 = CARTESIAN_POINT ( 'NONE',  ( 114.9806332289370232, -6.042206017375332472, -100.0019652928299791 ) ) ;
#5196 = CARTESIAN_POINT ( 'NONE',  ( -12.51084983702054032, -6.042206017369079696, -2.085489564426569853 ) ) ;
#5197 = CARTESIAN_POINT ( 'NONE',  ( 69.65500000000001535, -64.66763823405520384, 0.000000000000000000 ) ) ;
#5198 = VERTEX_POINT ( 'NONE', #1962 ) ;
#5199 = DIRECTION ( 'NONE',  ( 0.000000000000000000, -1.000000000000000000, 0.000000000000000000 ) ) ;
#5200 = DIRECTION ( 'NONE',  ( 1.000000000000000000, 0.000000000000000000, 0.000000000000000000 ) ) ;
#5201 = CARTESIAN_POINT ( 'NONE',  ( 4.234247034024030864E-05, -41.54461856230044958, -7.620041973057387175 ) ) ;
#5202 = CARTESIAN_POINT ( 'NONE',  ( 12.92393357418750455, -29.63385812289477528, 38.31588787706410670 ) ) ;
#5203 = CARTESIAN_POINT ( 'NONE',  ( 9.779656908747119459, -37.50868738838819638, 8.575539781156971131 ) ) ;
#5204 = CARTESIAN_POINT ( 'NONE',  ( 111.7990119264222955, -6.042206017375331584, -101.0079554567132334 ) ) ;
#5205 = CARTESIAN_POINT ( 'NONE',  ( -3.671983152693349961, -41.84321739110305316, -3.031887689018486487 ) ) ;
#5206 = CARTESIAN_POINT ( 'NONE',  ( 2.903818414304327522, -41.55807192236952119, 8.523789178438670788 ) ) ;
#5207 = CARTESIAN_POINT ( 'NONE',  ( -9.000000000000000000, -38.30472695027329877, -3.659182332138580620E-15 ) ) ;
#5208 = CARTESIAN_POINT ( 'NONE',  ( 8.795493096744259276, -42.21627410394685143, -1.913485855845840744 ) ) ;
#5209 = CARTESIAN_POINT ( 'NONE',  ( -5.942021645940065433, -41.78601522039880933, 6.785624704560440534 ) ) ;
#5210 = B_SPLINE_CURVE_WITH_KNOTS ( 'NONE', 3,
 ( #2714, #1070, #2776, #4075, #669, #4441, #4837, #4410, #974, #580, #5381, #4014, #2683, #1873, #5317, #1459, #2320, #3168, #3231, #4898, #4476, #185, #1902, #216, #1101, #2805, #4538, #2380, #4249, #3001, #1160, #1184, #4135, #1269, #2015, #2864, #2974, #4707, #1128, #3687, #2435, #2835, #1599, #1294, #5462, #4594, #5410, #4163 ),
 .UNSPECIFIED., .F., .F.,
 ( 4, 2, 2, 2, 2, 2, 2, 2, 2, 2, 2, 2, 2, 2, 2, 2, 2, 2, 2, 2, 2, 2, 2, 4 ),
 ( 6.968529709805215028E-18, 0.002534206776740140742, 0.003801310165110208944, 0.005068413553480276279, 0.007602620330220410082, 0.008869723718590474815, 0.01013682710696054215, 0.01267103388370067855, 0.01393813727207074242, 0.01520524066044081149, 0.01647234404881087882, 0.01773944743718094269, 0.02027365421392107736, 0.02154075760229114470, 0.02280786099066121550, 0.02534206776740135017, 0.02660917115577141057, 0.02787627454414147790, 0.03041048132088161951, 0.03294468809762175765, 0.03421179148599182845, 0.03547889487436189232, 0.03801310165110202699, 0.04054730842784216860 ),
 .UNSPECIFIED. ) ;
#5211 = EDGE_CURVE ( 'NONE', #698, #764, #551, .T. ) ;
#5212 = CARTESIAN_POINT ( 'NONE',  ( 86.40000000000000568, -64.66763823405520384, 0.000000000000000000 ) ) ;
#5213 = CARTESIAN_POINT ( 'NONE',  ( 99.14499999999999602, -63.39640923772795134, 25.49000000000011568 ) ) ;
#5214 = CARTESIAN_POINT ( 'NONE',  ( 86.40000000000000568, -64.66763823405520384, 0.000000000000000000 ) ) ;
#5215 = EDGE_CURVE ( 'NONE', #5134, #4379, #5043, .T. ) ;
#5216 = ORIENTED_EDGE ( 'NONE', *, *, #1867, .T. ) ;
#5217 = CARTESIAN_POINT ( 'NONE',  ( -5.101084519470870974E-05, -41.43984812856498223, 9.180021337918599755 ) ) ;
#5218 = CARTESIAN_POINT ( 'NONE',  ( 115.7021913365162504, -6.042206017375229443, 99.79327265161575156 ) ) ;
#5219 = FACE_OUTER_BOUND ( 'NONE', #1458, .T. ) ;
#5220 = CARTESIAN_POINT ( 'NONE',  ( 3.672001134648748444, -41.88910343578137230, -0.2041836597426380240 ) ) ;
#5221 = CARTESIAN_POINT ( 'NONE',  ( -5.507988453293719111, -41.96221732396912074, -2.077985338027335427 ) ) ;
#5222 = ORIENTED_EDGE ( 'NONE', *, *, #3330, .T. ) ;
#5223 = CARTESIAN_POINT ( 'NONE',  ( -5.950896111314149195, -41.78698335232037664, -6.777150767032846801 ) ) ;
#5224 = CARTESIAN_POINT ( 'NONE',  ( -7.643596997330779352, -42.00022487240286750, 4.760539103258762061 ) ) ;
#5225 = CARTESIAN_POINT ( 'NONE',  ( 4.771605979074466930, -37.64343563567626205, -7.636706319473804072 ) ) ;
#5226 = CARTESIAN_POINT ( 'NONE',  ( -11.66339928449819929, -38.30661841739333084, 0.04909128297407453628 ) ) ;
#5227 = VERTEX_POINT ( 'NONE', #3288 ) ;
#5228 = DIRECTION ( 'NONE',  ( -0.000000000000000000, 1.000000000000000000, 0.000000000000000000 ) ) ;
#5229 = CARTESIAN_POINT ( 'NONE',  ( -9.179953323200084725, -41.87591202997710127, -8.400082666214601090 ) ) ;
#5230 = CARTESIAN_POINT ( 'NONE',  ( -10.33111549128002871, -38.30090601453613885, 0.09805446676462414857 ) ) ;
#5231 = CARTESIAN_POINT ( 'NONE',  ( 11.67737230844233487, -37.87912766691844979, 5.775836854173534540 ) ) ;
#5232 = CARTESIAN_POINT ( 'NONE',  ( -18.00000000000000000, -32.29571161549034741, -26.62793936103274817 ) ) ;
#5233 = CARTESIAN_POINT ( 'NONE',  ( 1.154662097816548079E-05, -41.78218312152492331, -2.077954731591370674 ) ) ;
#5234 = CARTESIAN_POINT ( 'NONE',  ( -7.793223045766656476, -42.02313980627197054, 4.511454607775469583 ) ) ;
#5235 = CARTESIAN_POINT ( 'NONE',  ( -18.00000000000000000, -32.29571161549034741, -26.62793936103274817 ) ) ;
#5236 = CARTESIAN_POINT ( 'NONE',  ( -6.783226039247423067, -41.88162983485430857, -5.944423693840856338 ) ) ;
#5237 = CARTESIAN_POINT ( 'NONE',  ( -7.793363356594789515, -42.02316387074255033, 4.511160816438316346 ) ) ;
#5238 = CARTESIAN_POINT ( 'NONE',  ( -8.942649780694926775, -42.25844099330684855, -1.174642849544001999 ) ) ;
#5239 = CARTESIAN_POINT ( 'NONE',  ( -9.000000000000000000, -38.30661423486100148, 0.04898197160115690119 ) ) ;
#5240 = LINE ( 'NONE', #1385, #454 ) ;
#5241 = ORIENTED_EDGE ( 'NONE', *, *, #3325, .T. ) ;
#5242 = CARTESIAN_POINT ( 'NONE',  ( -7.344005109469097903, -42.10820935120748487, 0.9194906970830358794 ) ) ;
#5243 = CARTESIAN_POINT ( 'NONE',  ( 58.00245406147157468, -6.042206017375214344, 100.0556326508654479 ) ) ;
#5244 = CARTESIAN_POINT ( 'NONE',  ( 4.756563197138800270, -41.67774424023688340, -7.645978143649895920 ) ) ;
#5245 = CARTESIAN_POINT ( 'NONE',  ( 7.343998297827808663, -42.11316998287140478, 0.3063469046311974031 ) ) ;
#5246 = EDGE_CURVE ( 'NONE', #5561, #2376, #3260, .T. ) ;
#5247 = CARTESIAN_POINT ( 'NONE',  ( 3.672001702001563395, -41.89111615312409498, -0.3062856917592762240 ) ) ;
#5248 = ORIENTED_EDGE ( 'NONE', *, *, #4993, .F. ) ;
#5249 = CARTESIAN_POINT ( 'NONE',  ( -7.321135122932191486, -41.95373014229069497, -5.242861397128299572 ) ) ;
#5250 = CARTESIAN_POINT ( 'NONE',  ( 85.35719728723940136, -6.042206017369100124, 98.92733719608149556 ) ) ;
#5251 = CARTESIAN_POINT ( 'NONE',  ( -18.00000000000000000, -38.31026286157670313, -0.07350942406777120908 ) ) ;
#5252 = EDGE_LOOP ( 'NONE', ( #3043, #4275, #4928, #1754, #775 ) ) ;
#5253 = EDGE_CURVE ( 'NONE', #3104, #2762, #768, .T. ) ;
#5254 = CARTESIAN_POINT ( 'NONE',  ( 13.15949949251191953, -38.13805647533410337, 4.535102704269229790 ) ) ;
#5255 = VERTEX_POINT ( 'NONE', #2134 ) ;
#5256 = CARTESIAN_POINT ( 'NONE',  ( 8.938918814989067485, -38.25192463397208797, 1.198745324041163407 ) ) ;
#5257 = CARTESIAN_POINT ( 'NONE',  ( 4.667665775254481827E-05, -41.49435253703499171, -8.400031655487991245 ) ) ;
#5258 = CARTESIAN_POINT ( 'NONE',  ( -8.921872444571564031, -38.24543980042880520, 1.319173775156299078 ) ) ;
#5259 = DIRECTION ( 'NONE',  ( -1.000000000000000000, 1.501116738099047975E-16, 0.000000000000000000 ) ) ;
#5260 = CARTESIAN_POINT ( 'NONE',  ( 5.478802849532520725, -41.74131763139191520, -7.146267235993599698 ) ) ;
#5261 = CARTESIAN_POINT ( 'NONE',  ( 7.344005109469068593, -42.10820935157232014, -0.9194906970830430959 ) ) ;
#5262 = CARTESIAN_POINT ( 'NONE',  ( 20.36082540615130299, -26.96475769767874908, 35.57686982298324807 ) ) ;
#5263 = CARTESIAN_POINT ( 'NONE',  ( -3.715326732465706883, -41.60306826832275817, 8.202669985214532389 ) ) ;
#5264 = AXIS2_PLACEMENT_3D ( 'NONE', #3596, #217, #249 ) ;
#5265 = CARTESIAN_POINT ( 'NONE',  ( -22.00000000000000000, -6.042206017373009885, 58.61996200337879515 ) ) ;
#5266 = CARTESIAN_POINT ( 'NONE',  ( 0.5947848652582456985, -41.48887806865671024, 8.999549820575328596 ) ) ;
#5267 = AXIS2_PLACEMENT_3D ( 'NONE', #2616, #2114, #88 ) ;
#5268 = CARTESIAN_POINT ( 'NONE',  ( 20.34536719873065280, -11.27713467053115970, -50.82238809104900668 ) ) ;
#5269 = CARTESIAN_POINT ( 'NONE',  ( 172.6772380009927872, -20.95902901126089901, 50.96345004025746306 ) ) ;
#5270 = CARTESIAN_POINT ( 'NONE',  ( -18.00000000000000000, -34.34959553575265545, -21.81000826438560125 ) ) ;
#5271 = CARTESIAN_POINT ( 'NONE',  ( 0.4875835940445548689, -6.042206017374144089, -58.61996200337879515 ) ) ;
#5272 = AXIS2_PLACEMENT_3D ( 'NONE', #1151, #5101, #1684 ) ;
#5273 = LINE ( 'NONE', #3088, #4328 ) ;
#5274 = ORIENTED_EDGE ( 'NONE', *, *, #3366, .T. ) ;
#5275 = CARTESIAN_POINT ( 'NONE',  ( -7.344011546507276833, -42.08122902362369899, 2.077913923010078712 ) ) ;
#5276 = CARTESIAN_POINT ( 'NONE',  ( 76.29483491323854594, -6.042206017375217009, 103.5141165910428924 ) ) ;
#5277 = CARTESIAN_POINT ( 'NONE',  ( -4.762332555758374220, -41.67820303550884375, -7.642486642618671944 ) ) ;
#5278 = CARTESIAN_POINT ( 'NONE',  ( 7.344003405706884813, -42.11401879245456570, -0.6128779922758382792 ) ) ;
#5279 = CARTESIAN_POINT ( 'NONE',  ( -9.179961991574909774, -41.98502101360423211, -6.840103301353384069 ) ) ;
#5280 = CARTESIAN_POINT ( 'NONE',  ( 11.25305445130594073, -37.79433650423481339, 6.495680615938269398 ) ) ;
#5281 = ADVANCED_FACE ( 'NONE', ( #3855 ), #3547, .F. ) ;
#5282 = CARTESIAN_POINT ( 'NONE',  ( -3.671988453322156509, -41.86434037993402768, -2.077975135882013102 ) ) ;
#5283 = CARTESIAN_POINT ( 'NONE',  ( 5.914612970970391181, -10.44067060246189982, 51.19568186320252323 ) ) ;
#5284 = EDGE_LOOP ( 'NONE', ( #830, #4375, #898, #4805 ) ) ;
#5285 = CARTESIAN_POINT ( 'NONE',  ( 9.179957657387467052, -41.93204332868869244, 7.620092983783994356 ) ) ;
#5286 = ORIENTED_EDGE ( 'NONE', *, *, #1507, .F. ) ;
#5287 = CARTESIAN_POINT ( 'NONE',  ( 6.795325449542818141, -37.85868911535289527, 5.930486003355106561 ) ) ;
#5288 = CARTESIAN_POINT ( 'NONE',  ( 5.508038008197629232, -41.74731312820914297, -6.840021684190814355 ) ) ;
#5289 = CARTESIAN_POINT ( 'NONE',  ( 7.344001701944698368, -42.11316865321070679, -0.3062652874686329074 ) ) ;
#5290 = EDGE_CURVE ( 'NONE', #1901, #4013, #4424, .T. ) ;
#5291 = CARTESIAN_POINT ( 'NONE',  ( -71.46669839058749574, 9.999999999999980460, -137.7671940876994938 ) ) ;
#5292 = CARTESIAN_POINT ( 'NONE',  ( -3.990175535694632014, -41.62086968798676168, -8.072606449228086234 ) ) ;
#5293 = CARTESIAN_POINT ( 'NONE',  ( -8.999999999999994671, -42.30661100815937914, 2.485838006965530312E-17 ) ) ;
#5294 = CARTESIAN_POINT ( 'NONE',  ( 5.508005109497503327, -41.97117035344019342, -0.9195008992283650873 ) ) ;
#5295 = CARTESIAN_POINT ( 'NONE',  ( -9.511568403844728536E-15, -63.39640923772800818, 0.000000000000000000 ) ) ;
#5296 = CARTESIAN_POINT ( 'NONE',  ( 8.970806591066113000, -42.27765449729220393, 0.7390898075721781257 ) ) ;
#5297 = DIRECTION ( 'NONE',  ( 0.000000000000000000, 0.000000000000000000, 1.000000000000000000 ) ) ;
#5298 = CARTESIAN_POINT ( 'NONE',  ( -2.895900250578089530, -41.55578605752125299, 8.541776478174821108 ) ) ;
#5299 = CARTESIAN_POINT ( 'NONE',  ( -18.00000000000000000, -15.84325058705650058, 47.33309916941549744 ) ) ;
#5300 = CARTESIAN_POINT ( 'NONE',  ( 54.66600174739932072, -47.26221975847412438, 52.45269724046585225 ) ) ;
#5301 = CARTESIAN_POINT ( 'NONE',  ( -7.751134752668406236, -37.99765785270481189, 4.610938071862488385 ) ) ;
#5302 = CARTESIAN_POINT ( 'NONE',  ( 0.4875835940439003369, -6.042206017373686677, -58.61996200337900120 ) ) ;
#5303 = DIRECTION ( 'NONE',  ( 0.000000000000000000, 1.000000000000000000, 0.000000000000000000 ) ) ;
#5304 = EDGE_LOOP ( 'NONE', ( #2407, #3227 ) ) ;
#5305 = EDGE_CURVE ( 'NONE', #2007, #1508, #2216, .T. ) ;
#5306 = CARTESIAN_POINT ( 'NONE',  ( 9.179978988388580063, -42.16512765717559574, 3.781320175800353844 ) ) ;
#5307 = CARTESIAN_POINT ( 'NONE',  ( 185.3328331859785862, -6.042206017371040794, -197.8656663719569906 ) ) ;
#5308 = CARTESIAN_POINT ( 'NONE',  ( 9.001007416506560332, -38.28247827068744868, -0.5802687175275909048 ) ) ;
#5309 = CARTESIAN_POINT ( 'NONE',  ( -7.159819547225228398, -41.93044946377769122, -5.484708544606131220 ) ) ;
#5310 = CARTESIAN_POINT ( 'NONE',  ( 2.101146922263804183E-05, -41.73257342393088720, -3.781269165073749328 ) ) ;
#5311 = CARTESIAN_POINT ( 'NONE',  ( -3.336973297844470832, -36.79525272577237871, 12.52962396072490669 ) ) ;
#5312 = CARTESIAN_POINT ( 'NONE',  ( -5.507978988445480617, -41.90336194457290730, -3.781299771509714525 ) ) ;
#5313 = CARTESIAN_POINT ( 'NONE',  ( -9.180042342328205152, -41.93205553898624061, 7.619990962330779105 ) ) ;
#5314 = ORIENTED_EDGE ( 'NONE', *, *, #3745, .T. ) ;
#5315 = CARTESIAN_POINT ( 'NONE',  ( 5.507978988445447754, -41.90336194479513665, 3.781299771509710528 ) ) ;
#5316 = ORIENTED_EDGE ( 'NONE', *, *, #3864, .F. ) ;
#5317 = CARTESIAN_POINT ( 'NONE',  ( 7.924217404616029192, -37.23194247446210881, 10.27536582095292772 ) ) ;
#5318 = DIRECTION ( 'NONE',  ( 0.000000000000000000, -1.000000000000000000, 0.000000000000000000 ) ) ;
#5319 = CARTESIAN_POINT ( 'NONE',  ( 1.702058427960866175E-06, -41.79055256050192213, -0.3063060960499194296 ) ) ;
#5320 = DIRECTION ( 'NONE',  ( 0.000000000000000000, 1.000000000000000000, 0.000000000000000000 ) ) ;
#5321 = CARTESIAN_POINT ( 'NONE',  ( -0.5957157580385853413, -41.49101828938494663, -8.985167972132966696 ) ) ;
#5322 = CARTESIAN_POINT ( 'NONE',  ( -5.950896111314149195, -41.78698335232037664, -6.777150767032846801 ) ) ;
#5323 = CARTESIAN_POINT ( 'NONE',  ( -5.723560739628822169, -36.96868988163262060, 11.67997568658576135 ) ) ;
#5324 = CARTESIAN_POINT ( 'NONE',  ( 19.07334698233634995, -6.042206017373970006, -58.61996200337829777 ) ) ;
#5325 = CARTESIAN_POINT ( 'NONE',  ( -8.882422376900043659, -42.24113918575491056, 1.479653921939670047 ) ) ;
#5326 = ADVANCED_FACE ( 'NONE', ( #1021 ), #4763, .T. ) ;
#5327 = CARTESIAN_POINT ( 'NONE',  ( -18.00000000000000000, -23.68619686104764810, 39.70994965335955840 ) ) ;
#5328 = CARTESIAN_POINT ( 'NONE',  ( -0.5818518910591072846, -41.49088307209859039, 8.986079465221164853 ) ) ;
#5329 = CARTESIAN_POINT ( 'NONE',  ( 20.34536719873065280, -15.84325058705650058, -47.33309916941539797 ) ) ;
#5330 = CARTESIAN_POINT ( 'NONE',  ( 152.8722439315374970, -38.48506133258119633, 4.163336342344334502E-14 ) ) ;
#5331 = CIRCLE ( 'NONE', #2894, 98.93283318597700315 ) ;
#5332 = CARTESIAN_POINT ( 'NONE',  ( 12.16653525268366742, -37.99828663529475392, 4.599537889202230723 ) ) ;
#5333 = LINE ( 'NONE', #1948, #2023 ) ;
#5334 = EDGE_CURVE ( 'NONE', #5509, #2615, #2233, .T. ) ;
#5335 = CALENDAR_DATE ( 2026, 3, 6 ) ;
#5336 = EDGE_LOOP ( 'NONE', ( #5573, #1573, #915, #5409 ) ) ;
#5337 = CARTESIAN_POINT ( 'NONE',  ( 9.179988453236818557, -42.24575219287115146, 2.078005742317972970 ) ) ;
#5338 = CARTESIAN_POINT ( 'NONE',  ( 8.999986789893430483, -38.30531978232574630, 0.01542017347367932723 ) ) ;
#5339 = CARTESIAN_POINT ( 'NONE',  ( 2.334292192147125800, -41.53111713860747045, -8.711965307129263536 ) ) ;
#5340 = CARTESIAN_POINT ( 'NONE',  ( -5.507953323256950640, -41.64573389326320552, -8.400062261923958218 ) ) ;
#5341 = CARTESIAN_POINT ( 'NONE',  ( 5.753561116038878431, -36.98421027725907351, 11.60061905489971679 ) ) ;
#5342 = CARTESIAN_POINT ( 'NONE',  ( 3.672005109525934063, -41.88319390070309112, -0.9195111013736865235 ) ) ;
#5343 = CARTESIAN_POINT ( 'NONE',  ( -2.890403104975926230, -37.51307508597119522, -8.543669641872956078 ) ) ;
#5344 = ORIENTED_EDGE ( 'NONE', *, *, #150, .T. ) ;
#5345 = CARTESIAN_POINT ( 'NONE',  ( 7.343948989041074960, -41.69036013684582542, 9.180062146499892606 ) ) ;
#5346 = ORIENTED_EDGE ( 'NONE', *, *, #316, .T. ) ;
#5347 = CARTESIAN_POINT ( 'NONE',  ( -2.264828242052438600, -37.48663712169098972, 8.715289160492686094 ) ) ;
#5348 = CARTESIAN_POINT ( 'NONE',  ( 5.898621856989717749, -10.41167568218925510, -51.21413579077877642 ) ) ;
#5349 = CARTESIAN_POINT ( 'NONE',  ( 9.179999999857820114, -42.33629126070889015, 5.101072660356796378E-05 ) ) ;
#5350 = DIRECTION ( 'NONE',  ( 1.000000000000000000, 0.000000000000000000, 0.000000000000000000 ) ) ;
#5351 = CARTESIAN_POINT ( 'NONE',  ( 7.150532840394252965, -41.92918539723041249, -5.497191150349647337 ) ) ;
#5352 = B_SPLINE_CURVE_WITH_KNOTS ( 'NONE', 3,
 ( #4559, #270, #5430, #4128, #694, #1569, #3281, #2403, #1983, #1121, #2827, #3708, #3070, #3839, #4716, #2143, #3893, #1396, #4258, #1306, #913, #3100, #3865, #4377, #5138, #400, #2116, #3474, #3438, #854, #2561, #2225, #5559, #883, #1365, #62, #5166, #3011, #2588, #2618, #4287, #4773, #3527, #1723, #1752, #428, #1781, #4316, #4745, #3499, #5224, #1697, #3411, #457, #1337, #1278, #4801, #2982, #940, #2649, #3, #3951 ),
 .UNSPECIFIED., .F., .F.,
 ( 4, 2, 2, 2, 1, 2, 2, 2, 2, 2, 2, 2, 2, 2, 2, 2, 2, 2, 2, 2, 2, 2, 2, 2, 2, 2, 2, 2, 1, 2, 2, 4 ),
 ( 0.000000000000000000, 0.06249999999999981959, 0.09374999999999972244, 0.1249999999999996392, 0.1562499999999995559, 0.1718749999999995004, 0.1874999999999994449, 0.2499999999999992784, 0.2812499999999991673, 0.2968749999999992228, 0.3124999999999992228, 0.3437499999999992228, 0.3749999999999992228, 0.4374999999999993894, 0.4687499999999995004, 0.4999999999999995559, 0.5312499999999995559, 0.5468749999999996669, 0.5624999999999996669, 0.6249999999999998890, 0.6562500000000000000, 0.6718750000000001110, 0.6875000000000001110, 0.7187500000000001110, 0.7500000000000001110, 0.8125000000000002220, 0.8437500000000002220, 0.8750000000000002220, 0.9062500000000002220, 0.9218750000000002220, 0.9375000000000002220, 1.000000000000000000 ),
 .UNSPECIFIED. ) ;
#5353 = CARTESIAN_POINT ( 'NONE',  ( -8.087693159536929244, -42.06968644475923469, -3.991980790776191057 ) ) ;
#5354 = CARTESIAN_POINT ( 'NONE',  ( 0.8847110768463966046, -36.69480903623529144, 12.99758425432861664 ) ) ;
#5355 = FACE_OUTER_BOUND ( 'NONE', #3183, .T. ) ;
#5356 = CARTESIAN_POINT ( 'NONE',  ( 152.8722439315365023, -38.48506133258189976, 8.140502076289799479E-15 ) ) ;
#5357 = CARTESIAN_POINT ( 'NONE',  ( 5.507993753922505675, -41.96795358764842376, 1.124072784890855159 ) ) ;
#5358 = CARTESIAN_POINT ( 'NONE',  ( -13.74273608753901321, -6.042206017369085025, 56.34055965669480770 ) ) ;
#5359 = CARTESIAN_POINT ( 'NONE',  ( 103.1449999999999108, -58.93658393131474327, 9.891171654269799163 ) ) ;
#5360 = ADVANCED_FACE ( 'NONE', ( #4336 ), #2637, .T. ) ;
#5361 = AXIS2_PLACEMENT_3D ( 'NONE', #4954, #697, #1544 ) ;
#5362 = CARTESIAN_POINT ( 'NONE',  ( 0.6446331004365536410, -37.44534527353704334, 8.981726447991524864 ) ) ;
#5363 = DIRECTION ( 'NONE',  ( 0.000000000000000000, 0.000000000000000000, 1.000000000000000000 ) ) ;
#5364 = PLANE ( 'NONE',  #851 ) ;
#5365 = DIRECTION ( 'NONE',  ( -0.000000000000000000, 5.078222490274107526E-16, 1.000000000000000000 ) ) ;
#5366 = CIRCLE ( 'NONE', #3552, 98.93283318597700315 ) ;
#5367 = ORIENTED_EDGE ( 'NONE', *, *, #908, .F. ) ;
#5368 = CARTESIAN_POINT ( 'NONE',  ( -2.950987610365085712E-05, -41.67149771610429099, 5.310660727850260443 ) ) ;
#5369 = CARTESIAN_POINT ( 'NONE',  ( 117.9131557670225874, -56.13001623236050364, 3.859248534111614838E-15 ) ) ;
#5370 = CARTESIAN_POINT ( 'NONE',  ( 189.6412304621250655, -6.042206017375312044, -14.56412372900480889 ) ) ;
#5371 = AXIS2_PLACEMENT_3D ( 'NONE', #2735, #600, #4588 ) ;
#5372 = CARTESIAN_POINT ( 'NONE',  ( -3.457270428691115338, -41.58624138442319662, -8.324939370549270024 ) ) ;
#5373 = CARTESIAN_POINT ( 'NONE',  ( 5.508042342385040868, -41.69806081896300043, -7.620011366621421089 ) ) ;
#5374 = B_SPLINE_CURVE_WITH_KNOTS ( 'NONE', 3,
 ( #3214, #988, #2820, #624, #4120, #2761, #2396, #2698, #230, #3671, #4882, #4492, #4058, #5100, #315, #1242, #811, #1659, #1614, #2517, #1219, #3700, #2944, #2921, #1561, #1174, #290, #4243, #5056, #5033, #2852, #1589, #715, #3759, #4652, #2031, #5476, #4676, #2877, #3347, #4199, #3326, #5423, #1196, #384 ),
 .UNSPECIFIED., .F., .F.,
 ( 4, 2, 2, 2, 2, 2, 2, 2, 1, 2, 2, 2, 2, 2, 2, 2, 2, 2, 2, 2, 2, 2, 4 ),
 ( 7.471771137815555915E-17, 0.001762844571196333678, 0.002644266856794461919, 0.003525689142392590594, 0.005288533713588849244, 0.007051378284785108329, 0.008814222855981365679, 0.009695645141579497389, 0.01057706742717762390, 0.01145848971277575214, 0.01233991199837387864, 0.01410275656957013513, 0.01498417885516826163, 0.01586560114076638814, 0.01762844571196264115, 0.01850986799756076939, 0.01939129028315889763, 0.02115413485435516106, 0.02291697942555142101, 0.02379840171114954925, 0.02467982399674767749, 0.02644266856794394438, 0.02820551313914020433 ),
 .UNSPECIFIED. ) ;
#5375 = CARTESIAN_POINT ( 'NONE',  ( 5.372679166929627215, -36.94851366575121432, 11.78088662923742014 ) ) ;
#5376 = CARTESIAN_POINT ( 'NONE',  ( 1.154662097816548079E-05, -41.78218312152492331, -2.077954731591370674 ) ) ;
#5377 = CARTESIAN_POINT ( 'NONE',  ( -7.344051010731464046, -41.69037129754193671, 9.179980529337315787 ) ) ;
#5378 = ORIENTED_EDGE ( 'NONE', *, *, #3950, .F. ) ;
#5379 = CARTESIAN_POINT ( 'NONE',  ( -3.672016847192949740, -41.84322007454385783, 3.031846880437195413 ) ) ;
#5380 = VERTEX_POINT ( 'NONE', #3059 ) ;
#5381 = CARTESIAN_POINT ( 'NONE',  ( 10.29320247497560636, -37.60931740282962465, 7.885192628957511829 ) ) ;
#5382 = CARTESIAN_POINT ( 'NONE',  ( 103.1449999999999960, -58.25464714294840007, 2.050671065172243495E-15 ) ) ;
#5383 = CARTESIAN_POINT ( 'NONE',  ( 9.179998865152192877, -42.32168879929979965, 0.2042550747598803063 ) ) ;
#5384 = ADVANCED_FACE ( 'NONE', ( #444 ), #5186, .F. ) ;
#5385 = CARTESIAN_POINT ( 'NONE',  ( 181.0896098312475715, -6.042206017375280958, 43.05111854528392001 ) ) ;
#5386 = CARTESIAN_POINT ( 'NONE',  ( 1.025684695997423512, -41.49730313484392497, -8.942682564678698043 ) ) ;
#5387 = CARTESIAN_POINT ( 'NONE',  ( 3.715326732920717578, -41.60306826835063987, -8.202669985009915621 ) ) ;
#5388 = CARTESIAN_POINT ( 'NONE',  ( 10.57422407947335330, -37.65271134777179896, 7.573942032793381074 ) ) ;
#5389 = CARTESIAN_POINT ( 'NONE',  ( -6.781234974092950729, -41.88133911202154280, 5.946831924853575480 ) ) ;
#5390 = CARTESIAN_POINT ( 'NONE',  ( 159.5718911911922078, -33.22972007004717909, -146.3437823823845179 ) ) ;
#5391 = CARTESIAN_POINT ( 'NONE',  ( 5.507996594094051623, -41.96905090782666292, 0.6129494072930820048 ) ) ;
#5392 = CARTESIAN_POINT ( 'NONE',  ( 85.42307960382289878, -13.94371515320613852, 92.67729385790640606 ) ) ;
#5393 = CARTESIAN_POINT ( 'NONE',  ( 61.88658907630036765, -57.95386985700427118, 13.79130773228020601 ) ) ;
#5394 = CARTESIAN_POINT ( 'NONE',  ( 2.943715324818910961, -37.51576726822612073, 8.525140692096480066 ) ) ;
#5395 = ORIENTED_EDGE ( 'NONE', *, *, #5523, .T. ) ;
#5396 = DIRECTION ( 'NONE',  ( 0.000000000000000000, 0.000000000000000000, 1.000000000000000000 ) ) ;
#5397 = APPROVAL_ROLE ( '' ) ;
#5398 = ORIENTED_EDGE ( 'NONE', *, *, #5554, .F. ) ;
#5399 = CARTESIAN_POINT ( 'NONE',  ( 54.88684423297736714, -56.13001623236052495, -63.02631153404517761 ) ) ;
#5400 = CARTESIAN_POINT ( 'NONE',  ( 3.466779027732671992, -37.54611594013237408, -8.321001093523131331 ) ) ;
#5401 = FACE_OUTER_BOUND ( 'NONE', #2590, .T. ) ;
#5402 = CARTESIAN_POINT ( 'NONE',  ( -5.507970490038628597, -41.83478244410004265, -5.310691334286227416 ) ) ;
#5403 = EDGE_CURVE ( 'NONE', #1334, #519, #142, .T. ) ;
#5404 = CARTESIAN_POINT ( 'NONE',  ( 12.54216999123165088, -38.10645303078716495, 3.372065032339940149 ) ) ;
#5405 = CARTESIAN_POINT ( 'NONE',  ( 3.672016847192917322, -41.84322007499505247, -3.031846880437199854 ) ) ;
#5406 = CARTESIAN_POINT ( 'NONE',  ( -8.071125991279496148, -38.05359850224818530, -3.993010964958445541 ) ) ;
#5407 = ORIENTED_EDGE ( 'NONE', *, *, #2617, .F. ) ;
#5408 = CARTESIAN_POINT ( 'NONE',  ( 7.343983152636445411, -42.05000831296262476, 3.031908093309124919 ) ) ;
#5409 = ORIENTED_EDGE ( 'NONE', *, *, #2767, .T. ) ;
#5410 = CARTESIAN_POINT ( 'NONE',  ( -12.98972947271086653, -38.26813399797127602, 0.9295109160766954481 ) ) ;
#5411 = CARTESIAN_POINT ( 'NONE',  ( 127.4643423526640760, -6.042206017375235660, 95.71547118807434629 ) ) ;
#5412 = CARTESIAN_POINT ( 'NONE',  ( 7.343998865180619617, -42.10617315468100230, 0.2042448726145588422 ) ) ;
#5413 = CARTESIAN_POINT ( 'NONE',  ( 8.075784174716597263, -38.05439774034254441, 3.983402176646325454 ) ) ;
#5414 = CARTESIAN_POINT ( 'NONE',  ( 38.80824338465860990, -6.042206017375303162, -92.47848464592674134 ) ) ;
#5415 = CARTESIAN_POINT ( 'NONE',  ( 8.537991188564177492, -42.15348289951584349, -2.906631324516739223 ) ) ;
#5416 = CARTESIAN_POINT ( 'NONE',  ( -9.761770562783528504, -37.50266064995104642, 8.627640105346747745 ) ) ;
#5417 = CARTESIAN_POINT ( 'NONE',  ( 5.045374314827374640, -14.47149713504008339, 53.19996690116064997 ) ) ;
#5418 = CARTESIAN_POINT ( 'NONE',  ( 86.40000000000000568, -58.93658393131480011, 0.000000000000000000 ) ) ;
#5419 = CARTESIAN_POINT ( 'NONE',  ( -5.508001701973159747, -41.96944799637172707, 0.3062754896139457395 ) ) ;
#5420 = CARTESIAN_POINT ( 'NONE',  ( 85.69934851693989231, -38.48506133258115369, 66.46855121629380392 ) ) ;
#5421 = DIRECTION ( 'NONE',  ( 0.000000000000000000, 1.000000000000000000, 0.000000000000000000 ) ) ;
#5422 = CARTESIAN_POINT ( 'NONE',  ( -8.380713830014622445, -38.11209144193623644, 3.293864498855267442 ) ) ;
#5423 = CARTESIAN_POINT ( 'NONE',  ( -8.940152554761295889, -38.25233284915204734, -1.191719844071799317 ) ) ;
#5424 = CARTESIAN_POINT ( 'NONE',  ( 20.34536719873065280, -38.31026286157670313, 0.1470188481355287902 ) ) ;
#5425 = ORIENTED_EDGE ( 'NONE', *, *, #4203, .F. ) ;
#5426 = VECTOR ( 'NONE', #1814, 1000.000000000000000 ) ;
#5427 = CARTESIAN_POINT ( 'NONE',  ( 179.0824426214855123, -13.94371515320779942, 1.135032566935603862E-14 ) ) ;
#5428 = CARTESIAN_POINT ( 'NONE',  ( 17.81196531878218181, -33.48232464763101035, 23.42621141121202299 ) ) ;
#5429 = CARTESIAN_POINT ( 'NONE',  ( -22.00000000000000000, -6.042206017372999227, -58.61996200337879515 ) ) ;
#5430 = CARTESIAN_POINT ( 'NONE',  ( 8.942649780694916117, -42.25844099330684855, 1.174642849543988454 ) ) ;
#5431 = CARTESIAN_POINT ( 'NONE',  ( 13.77318215852918115, -31.38043303655632599, 35.83101257631573588 ) ) ;
#5432 = ADVANCED_FACE ( 'NONE', ( #1771 ), #3490, .T. ) ;
#5433 = CARTESIAN_POINT ( 'NONE',  ( 7.344051010731433848, -41.69037129700890176, -9.179980529337312234 ) ) ;
#5434 = CARTESIAN_POINT ( 'NONE',  ( -5.939394228022271349, -37.75610257844322604, -6.787925838630989084 ) ) ;
#5435 = VERTEX_POINT ( 'NONE', #4305 ) ;
#5436 = CARTESIAN_POINT ( 'NONE',  ( -3.672001134648780418, -41.88910343542097792, 0.2041836597426287814 ) ) ;
#5437 = EDGE_LOOP ( 'NONE', ( #4926, #2732, #3008, #3740, #5058, #4742, #4853, #1034 ) ) ;
#5438 = DIRECTION ( 'NONE',  ( -0.000000000000000000, -0.000000000000000000, -1.000000000000000000 ) ) ;
#5439 = CARTESIAN_POINT ( 'NONE',  ( -71.46669839058749574, 9.999999999999980460, 137.9613978004092303 ) ) ;
#5440 = CARTESIAN_POINT ( 'NONE',  ( 9.137446488759819019, -22.17441248079744653, -46.83460421283503905 ) ) ;
#5441 = CARTESIAN_POINT ( 'NONE',  ( 6.795325449542818141, -37.85868911535289527, 5.930486003355106561 ) ) ;
#5442 = CARTESIAN_POINT ( 'NONE',  ( 51.30745269598975966, -6.042206017375312044, -97.93028015398438413 ) ) ;
#5443 = CARTESIAN_POINT ( 'NONE',  ( 179.0824426214855123, -13.94371515320779942, 1.135032566935603862E-14 ) ) ;
#5444 = CARTESIAN_POINT ( 'NONE',  ( -7.641686450539224573, -41.99995234107239384, 4.763451087709173137 ) ) ;
#5445 = CARTESIAN_POINT ( 'NONE',  ( -22.00000000000000000, -30.95840211499900008, -36.44720368503895003 ) ) ;
#5446 = CARTESIAN_POINT ( 'NONE',  ( 3.671983152693320207, -41.84321739123220851, 3.031887689018482490 ) ) ;
#5447 = CARTESIAN_POINT ( 'NONE',  ( 6.852451490718473259, -17.84286153214325665, -50.65439872730137694 ) ) ;
#5448 = DIRECTION ( 'NONE',  ( -1.000000000000000000, 0.000000000000000000, 0.000000000000000000 ) ) ;
#5449 = CARTESIAN_POINT ( 'NONE',  ( -8.550072984936745613, -37.30989503868888590, 9.829780783927454024 ) ) ;
#5450 = CARTESIAN_POINT ( 'NONE',  ( 8.769689178552521724, -42.20903244580559743, 2.044191326917902618 ) ) ;
#5451 = CARTESIAN_POINT ( 'NONE',  ( -22.00000000000000000, -40.88189669053600284, 38.76238080152555199 ) ) ;
#5452 = APPROVAL_STATUS ( 'not_yet_approved' ) ;
#5453 = ORIENTED_EDGE ( 'NONE', *, *, #1325, .F. ) ;
#5454 = CARTESIAN_POINT ( 'NONE',  ( 16.37564660047238263, -30.36788505558332929, -29.96086667691612249 ) ) ;
#5455 = CARTESIAN_POINT ( 'NONE',  ( -18.00000000000000000, -11.27713467053115970, 50.82238809104900668 ) ) ;
#5456 = CIRCLE ( 'NONE', #1224, 13.00000000000000000 ) ;
#5457 = CARTESIAN_POINT ( 'NONE',  ( 5.508046676572454281, -41.64574234799878383, -8.400001049052026048 ) ) ;
#5458 = CARTESIAN_POINT ( 'NONE',  ( -2.101146925415174000E-05, -41.73257342363827860, 3.781269165073745331 ) ) ;
#5459 = CARTESIAN_POINT ( 'NONE',  ( 3.671988453322127199, -41.86434038014102299, 2.077975135882008662 ) ) ;
#5460 = ORIENTED_EDGE ( 'NONE', *, *, #961, .F. ) ;
#5461 = AXIS2_PLACEMENT_3D ( 'NONE', #2402, #412, #385 ) ;
#5462 = CARTESIAN_POINT ( 'NONE',  ( -12.54763323712737488, -38.10436527766170656, 3.438572014391693799 ) ) ;
#5463 = EDGE_CURVE ( 'NONE', #5509, #2762, #5331, .T. ) ;
#5464 = CARTESIAN_POINT ( 'NONE',  ( 13.66141685438452669, -24.90991016768421673, -37.89010700328671533 ) ) ;
#5465 = CARTESIAN_POINT ( 'NONE',  ( 99.14499999999999602, -63.39640923772800818, 2.291319741699659959E-15 ) ) ;
#5466 = LINE ( 'NONE', #733, #2740 ) ;
#5467 = CARTESIAN_POINT ( 'NONE',  ( 79.18374197819932192, -6.042206017375322702, -103.8084227354669906 ) ) ;
#5468 = CARTESIAN_POINT ( 'NONE',  ( 19.92775606846375780, -38.48506133258187845, -132.9444878630724531 ) ) ;
#5469 = CARTESIAN_POINT ( 'NONE',  ( -3.980504045080021314, -41.62021811120494164, 8.077393295549951446 ) ) ;
#5470 = CARTESIAN_POINT ( 'NONE',  ( 62.18275481095512447, -57.95386985700431381, -48.43449037808966295 ) ) ;
#5471 = CARTESIAN_POINT ( 'NONE',  ( 3.671978988473880712, -41.81616949228254754, 3.781289569364389092 ) ) ;
#5472 = CARTESIAN_POINT ( 'NONE',  ( 7.343994890303435774, -42.10820886422101239, 0.9195723142456094790 ) ) ;
#5473 = CARTESIAN_POINT ( 'NONE',  ( 71.84055018553705452, -57.95386985700427118, 24.06511801717883259 ) ) ;
#5474 = CARTESIAN_POINT ( 'NONE',  ( -8.998799112008940781, -38.31026286157670313, 0.1470188481355286236 ) ) ;
#5475 = CARTESIAN_POINT ( 'NONE',  ( 5.775231352419548436, -36.97372082732830023, 11.65446467817319309 ) ) ;
#5476 = CARTESIAN_POINT ( 'NONE',  ( -7.640572487110402378, -37.98155451167878738, -4.765234759988770108 ) ) ;
#5477 = CARTESIAN_POINT ( 'NONE',  ( 14.09384130852986949, -25.75753288789929130, -36.81290612106347027 ) ) ;
#5478 = ORIENTED_EDGE ( 'NONE', *, *, #1138, .F. ) ;
#5479 = CARTESIAN_POINT ( 'NONE',  ( 12.31236700618257451, -22.29575468936765148, -41.00798506064737836 ) ) ;
#5480 = EDGE_CURVE ( 'NONE', #1565, #1417, #5240, .T. ) ;
#5481 = B_SPLINE_CURVE_WITH_KNOTS ( 'NONE', 3,
 ( #2667, #5239, #505, #1326 ),
 .UNSPECIFIED., .F., .F.,
 ( 4, 4 ),
 ( 0.02833646188918180139, 0.02848157221526879945 ),
 .UNSPECIFIED. ) ;
#5482 = CARTESIAN_POINT ( 'NONE',  ( 12.92393357418767863, -29.63385812289516608, 38.31588787706352406 ) ) ;
#5483 = CARTESIAN_POINT ( 'NONE',  ( 5.101084516543969631E-05, -41.43984812867622480, -9.180021337918599755 ) ) ;
#5484 = CARTESIAN_POINT ( 'NONE',  ( -9.180005109440665834, -42.29214137119175376, 0.9194804949377145542 ) ) ;
#5485 = CARTESIAN_POINT ( 'NONE',  ( -9.180001701916292944, -42.31469916674568310, 0.3062550853233024784 ) ) ;
#5486 = ORIENTED_EDGE ( 'NONE', *, *, #3595, .F. ) ;
#5487 = CARTESIAN_POINT ( 'NONE',  ( -22.00000000000000000, -40.88189669070970211, -38.76238079680285153 ) ) ;
#5488 = CARTESIAN_POINT ( 'NONE',  ( 163.0794076500046970, -6.042206017375259641, 70.27336800613876733 ) ) ;
#5489 = CARTESIAN_POINT ( 'NONE',  ( 7.422294163529185695, -6.042206017375284510, -67.69782671190901624 ) ) ;
#5490 = CARTESIAN_POINT ( 'NONE',  ( -18.00000000000000000, -38.31026286157670313, -0.1470188481355378107 ) ) ;
#5491 = CARTESIAN_POINT ( 'NONE',  ( 5.485067765921941785, -41.74227069445703364, 7.137021259140582607 ) ) ;
#5492 = CARTESIAN_POINT ( 'NONE',  ( 117.9131557670225163, -56.13001623236052495, -63.02631153404517761 ) ) ;
#5493 = CARTESIAN_POINT ( 'NONE',  ( -7.343998865180651592, -42.10617315432034502, -0.2042448726145680293 ) ) ;
#5494 = CARTESIAN_POINT ( 'NONE',  ( 5.646491467668744768, -15.58768199645178321, -52.41638268683951907 ) ) ;
#5495 = CARTESIAN_POINT ( 'NONE',  ( 12.66341726133212120, -38.13776934015889708, 2.969302031335119718 ) ) ;
#5496 = CARTESIAN_POINT ( 'NONE',  ( 19.07334698233634995, -42.30756013076910449, -5.181181809388050601E-15 ) ) ;
#5497 = EDGE_CURVE ( 'NONE', #3399, #3654, #5273, .T. ) ;
#5498 = CARTESIAN_POINT ( 'NONE',  ( 8.087693158966796858, -42.06968644466294194, 3.991980791918941840 ) ) ;
#5499 = CARTESIAN_POINT ( 'NONE',  ( 3.672051010788300207, -41.51274637520823774, -9.180000933627960436 ) ) ;
#5500 = EDGE_LOOP ( 'NONE', ( #2475, #1386, #396, #3257, #3782, #2307 ) ) ;
#5501 =( BOUNDED_SURFACE ( )  B_SPLINE_SURFACE ( 3, 3, ( 
 ( #3630, #1938, #2386, #3664 ),
 ( #5443, #4112, #4142, #1969 ),
 ( #3693, #1554, #3267, #283 ),
 ( #1135, #4576, #707, #2416 ),
 ( #1996, #377, #5468, #2117 ),
 ( #4717, #5513, #3840, #2534 ),
 ( #5560, #1698, #1188, #2562 ),
 ( #2487, #3412, #2983, #5139 ),
 ( #855, #3386, #3748, #2091 ),
 ( #1211, #1235, #4190, #1255 ) ),
 .UNSPECIFIED., .F., .F., .F. ) 
 B_SPLINE_SURFACE_WITH_KNOTS ( ( 4, 2, 2, 2, 4 ),
 ( 4, 4 ),
 ( 0.000000000000000000, 0.2500000000000000000, 0.5000000000000000000, 0.7500000000000000000, 1.000000000000000000 ),
 ( 0.000000000000000000, 1.000000000000000000 ),
 .UNSPECIFIED. ) 
 GEOMETRIC_REPRESENTATION_ITEM ( )  RATIONAL_B_SPLINE_SURFACE ( (
 ( 1.000000000000000000, 0.3333333333333335369, 0.3333333333333335369, 1.000000000000000000),
 ( 1.000000000000000000, 0.3333333333333335369, 0.3333333333333335369, 1.000000000000000000),
 ( 1.000000000000000000, 0.3333333333333335369, 0.3333333333333335369, 1.000000000000000000),
 ( 1.000000000000000000, 0.3333333333333335369, 0.3333333333333335369, 1.000000000000000000),
 ( 1.000000000000000000, 0.3333333333333335369, 0.3333333333333335369, 1.000000000000000000),
 ( 1.000000000000000000, 0.3333333333333335369, 0.3333333333333335369, 1.000000000000000000),
 ( 1.000000000000000000, 0.3333333333333335369, 0.3333333333333335369, 1.000000000000000000),
 ( 1.000000000000000000, 0.3333333333333335369, 0.3333333333333335369, 1.000000000000000000),
 ( 1.000000000000000000, 0.3333333333333335369, 0.3333333333333335369, 1.000000000000000000),
 ( 1.000000000000000000, 0.3333333333333335369, 0.3333333333333335369, 1.000000000000000000) ) ) 
 REPRESENTATION_ITEM ( '' )  SURFACE ( )  );
#5502 = DIRECTION ( 'NONE',  ( -1.501116738099044771E-16, -1.000000000000000000, 0.000000000000000000 ) ) ;
#5503 = EDGE_CURVE ( 'NONE', #4403, #2743, #4396, .T. ) ;
#5504 = CARTESIAN_POINT ( 'NONE',  ( -18.00000000000000000, -38.09024766049640220, 5.834977158582500323 ) ) ;
#5505 = AXIS2_PLACEMENT_3D ( 'NONE', #5142, #5228, #5200 ) ;
#5506 = CARTESIAN_POINT ( 'NONE',  ( 34.52997485881824957, -20.95902901126089901, 85.73526420871947096 ) ) ;
#5507 = CARTESIAN_POINT ( 'NONE',  ( 3.671961991660179336, -41.66660398504498630, 6.840072694917421536 ) ) ;
#5508 = CARTESIAN_POINT ( 'NONE',  ( -5.508006245906901022, -41.96795418391709376, 1.124011572018925431 ) ) ;
#5509 = VERTEX_POINT ( 'NONE', #1327 ) ;
#5510 = LINE ( 'NONE', #2483, #321 ) ;
#5511 = CARTESIAN_POINT ( 'NONE',  ( 92.39973028770798180, -6.042206017375222338, 103.8858327707128808 ) ) ;
#5512 = CARTESIAN_POINT ( 'NONE',  ( 22.41077498735206319, -6.042206017375293392, -81.99303103253134850 ) ) ;
#5513 = CARTESIAN_POINT ( 'NONE',  ( 139.1842759379912309, -47.26221975847436596, -105.5685518759823793 ) ) ;
#5514 = CARTESIAN_POINT ( 'NONE',  ( -6.153706533769492282, -41.81006613777032754, 6.574078482109617205 ) ) ;
#5515 = CARTESIAN_POINT ( 'NONE',  ( 73.65500000000000114, -63.39640923772800818, -3.121624691026614877E-15 ) ) ;
#5516 = CARTESIAN_POINT ( 'NONE',  ( 3.405820614485210638E-06, -41.79101289190654711, -0.6129188008571245794 ) ) ;
#5517 = CARTESIAN_POINT ( 'NONE',  ( 16.54108925045353118, -37.41592331075668199, 24.37386912572657494 ) ) ;
#5518 = CARTESIAN_POINT ( 'NONE',  ( -18.00000000000000000, -34.34959553575265545, 21.81000826438560125 ) ) ;
#5519 = CARTESIAN_POINT ( 'NONE',  ( -4.153963788335810037, -36.83396437376853072, 12.34780582881149513 ) ) ;
#5520 = CARTESIAN_POINT ( 'NONE',  ( 99.14499999999999602, -63.39640923772800818, 2.291319741699659959E-15 ) ) ;
#5521 = CARTESIAN_POINT ( 'NONE',  ( -18.00000000000000000, -38.31026286157670313, -0.07350942406777120908 ) ) ;
#5522 = CARTESIAN_POINT ( 'NONE',  ( 5.499305592838000578, -41.74145704855334316, 7.148936411351242803 ) ) ;
#5523 = EDGE_CURVE ( 'NONE', #4185, #3716, #3029, .T. ) ;
#5524 = ORIENTED_EDGE ( 'NONE', *, *, #5334, .F. ) ;
#5525 = CARTESIAN_POINT ( 'NONE',  ( 11.33683284255226198, -20.44871086040759067, -42.91995591155826872 ) ) ;
#5526 = CARTESIAN_POINT ( 'NONE',  ( 3.143783392641824825, -10.93998891340955559, 55.68523084699803860 ) ) ;
#5527 = AXIS2_PLACEMENT_3D ( 'NONE', #5295, #3142, #131 ) ;
#5528 = CARTESIAN_POINT ( 'NONE',  ( 85.49059373981739895, -20.95902901126090256, 86.27244506407519964 ) ) ;
#5529 = CARTESIAN_POINT ( 'NONE',  ( -7.344029509762373564, -41.94464985508827226, 5.310619919268975586 ) ) ;
#5530 = CARTESIAN_POINT ( 'NONE',  ( -1.702058459057762940E-06, -41.79055256047667655, 0.3063060960499107699 ) ) ;
#5531 = ORIENTED_EDGE ( 'NONE', *, *, #5290, .T. ) ;
#5532 = VECTOR ( 'NONE', #996, 1000.000000000000000 ) ;
#5533 = CARTESIAN_POINT ( 'NONE',  ( 73.65499999999991587, -63.39640923772795134, 25.49000000000009081 ) ) ;
#5534 = CARTESIAN_POINT ( 'NONE',  ( 175.0358255928161952, -6.042206017375328031, -54.53195391575209072 ) ) ;
#5535 = CARTESIAN_POINT ( 'NONE',  ( -18.00000000000000000, -11.27713467053115970, -50.82238809104900668 ) ) ;
#5536 = ORIENTED_EDGE ( 'NONE', *, *, #3470, .T. ) ;
#5537 = CARTESIAN_POINT ( 'NONE',  ( 5.249855858355565452, -41.72046422809258814, 7.311708412123765655 ) ) ;
#5538 = AXIS2_PLACEMENT_3D ( 'NONE', #2417, #1527, #4449 ) ;
#5539 = CARTESIAN_POINT ( 'NONE',  ( 110.6172451890447945, -57.95386985700429960, 2.965757180493044782E-15 ) ) ;
#5540 = CARTESIAN_POINT ( 'NONE',  ( -9.180001134563481102, -42.32169833820387339, 0.2041530533066639730 ) ) ;
#5541 = ADVANCED_FACE ( 'NONE', ( #3970 ), #112, .T. ) ;
#5542 = CARTESIAN_POINT ( 'NONE',  ( 18.47851342056611657, -41.85648395214699491, -6.302079596094928071 ) ) ;
#5543 = CARTESIAN_POINT ( 'NONE',  ( -5.131119223686060771, -41.70985580369719514, -7.395510517189014976 ) ) ;
#5544 = CARTESIAN_POINT ( 'NONE',  ( 1.728627966003988270, -36.71343226771098500, 12.91296954061885671 ) ) ;
#5545 = CARTESIAN_POINT ( 'NONE',  ( -7.152709494693254122, -41.92949305366843049, 5.493823730147739504 ) ) ;
#5546 = CARTESIAN_POINT ( 'NONE',  ( 190.4059769339629895, -6.042206017373019655, 1.273705867443711913E-14 ) ) ;
#5547 = CARTESIAN_POINT ( 'NONE',  ( 3.672046676600888127, -41.56765029199235784, -8.400011251197348372 ) ) ;
#5548 = ORIENTED_EDGE ( 'NONE', *, *, #938, .F. ) ;
#5549 = CARTESIAN_POINT ( 'NONE',  ( -8.940152554761295889, -38.25233284915204734, -1.191719844071799317 ) ) ;
#5550 = CARTESIAN_POINT ( 'NONE',  ( 20.13203320690989884, -38.31026286157670313, -0.1470188481355546029 ) ) ;
#5551 = CARTESIAN_POINT ( 'NONE',  ( 18.70268926057537939, -35.50567489436954105, -17.64390015095344921 ) ) ;
#5552 = CARTESIAN_POINT ( 'NONE',  ( 19.94252651915554964, -38.48506133258115369, -1.401225119901683858 ) ) ;
#5553 = CARTESIAN_POINT ( 'NONE',  ( 7.343961991603315198, -41.85264108032092167, 6.840093099208063521 ) ) ;
#5554 = EDGE_CURVE ( 'NONE', #3038, #5380, #2006, .T. ) ;
#5555 = CARTESIAN_POINT ( 'NONE',  ( 5.109582799404303364E-06, -41.79199488318103306, -0.9195315056643299512 ) ) ;
#5556 = EDGE_LOOP ( 'NONE', ( #3217, #3497, #2113, #3812 ) ) ;
#5557 = CARTESIAN_POINT ( 'NONE',  ( -8.698278372677425097, -42.19114928585015889, -2.329688924423373386 ) ) ;
#5558 = CARTESIAN_POINT ( 'NONE',  ( 114.3362799744458016, -6.042206017375333360, -100.1842506388066880 ) ) ;
#5559 = CARTESIAN_POINT ( 'NONE',  ( -1.025684695997431062, -41.49730313484393918, 8.942682564678701596 ) ) ;
#5560 = CARTESIAN_POINT ( 'NONE',  ( 132.1963904380766053, -50.78462308660660085, 5.608440296249299316E-15 ) ) ;
#5561 = VERTEX_POINT ( 'NONE', #1056 ) ;
#5562 = CARTESIAN_POINT ( 'NONE',  ( -4.877850758413728727, -41.68813646077202151, 7.564934346352963246 ) ) ;
#5563 = B_SPLINE_SURFACE_WITH_KNOTS ( 'NONE', 3, 1, ( 
 ( #3895, #3954 ),
 ( #1783, #3530 ),
 ( #3440, #5254 ),
 ( #5168, #3476 ) ),
 .UNSPECIFIED., .F., .F., .F.,
 ( 4, 4 ),
 ( 2, 2 ),
 ( 0.000000000000000000, 1.000000000000000000 ),
 ( 0.000000000000000000, 1.000000000000000000 ),
 .UNSPECIFIED. ) ;
#5564 = PLANE ( 'NONE',  #1201 ) ;
#5565 = CARTESIAN_POINT ( 'NONE',  ( 3.671998865237487752, -41.88910478186475217, 0.2042244683239155256 ) ) ;
#5566 = FACE_BOUND ( 'NONE', #5187, .T. ) ;
#5567 = CARTESIAN_POINT ( 'NONE',  ( 7.950380629059450754, -37.22408307122557147, 10.32066761712820302 ) ) ;
#5568 = DIRECTION ( 'NONE',  ( 0.000000000000000000, 1.000000000000000000, 0.000000000000000000 ) ) ;
#5569 = DIRECTION ( 'NONE',  ( 1.000000000000000000, 0.000000000000000000, 0.000000000000000000 ) ) ;
#5570 = CARTESIAN_POINT ( 'NONE',  ( 99.14499999999999602, -63.39640923772800818, 1.560812345513310002E-15 ) ) ;
#5571 = CARTESIAN_POINT ( 'NONE',  ( -3.990175535694632014, -41.62086968798676168, -8.072606449228086234 ) ) ;
#5572 = CARTESIAN_POINT ( 'NONE',  ( 5.101084516543969631E-05, -41.43984812867622480, -9.180021337918599755 ) ) ;
#5573 = ORIENTED_EDGE ( 'NONE', *, *, #1780, .F. ) ;
#5574 = FACE_OUTER_BOUND ( 'NONE', #5153, .T. ) ;
#5575 = CARTESIAN_POINT ( 'NONE',  ( 20.34536719873065280, -23.68619686104764810, -39.70994965335955840 ) ) ;
#5576 = CARTESIAN_POINT ( 'NONE',  ( 7.645930294674124106, -13.60767586255291839, 48.84857110752053444 ) ) ;
#5577 = VERTEX_POINT ( 'NONE', #4122 ) ;
#5578 = CARTESIAN_POINT ( 'NONE',  ( 10.21642867835943136, -24.25098017292627972, -44.77699610944961250 ) ) ;
#5579 = CARTESIAN_POINT ( 'NONE',  ( 54.50145287833833407, -56.13001623236041127, 17.94620426087494991 ) ) ;
#5580 = CARTESIAN_POINT ( 'NONE',  ( 9.179996594037186597, -42.30370506477028414, 0.6129698115837249883 ) ) ;
#5581 = CARTESIAN_POINT ( 'NONE',  ( -9.179998865152223075, -42.32168879933809080, -0.2042550747598895489 ) ) ;
#5582 = ORIENTED_EDGE ( 'NONE', *, *, #4993, .T. ) ;
#5583 = CARTESIAN_POINT ( 'NONE',  ( -13.15518455823439936, -38.13805647533410337, 4.535102704269229790 ) ) ;
ENDSEC;
END-ISO-10303-21;
