ISO-10303-21;
HEADER;
FILE_DESCRIPTION (( 'STEP AP203' ),
    '1' );
FILE_NAME ('Sink Design Modify.STEP',
    '2026-05-22T17:11:58',
    ( '' ),
    ( '' ),
    'SwSTEP 2.0',
    'SolidWorks 2024',
    '' );
FILE_SCHEMA (( 'CONFIG_CONTROL_DESIGN' ));
ENDSEC;

DATA;
#1 = CALENDAR_DATE ( 2026, 22, 5 ) ;
#2 = DIRECTION ( 'NONE',  ( -1.000000000000000000, 1.493502620326271818E-16, 0.000000000000000000 ) ) ;
#3 = DIRECTION ( 'NONE',  ( 1.000000000000000000, 0.000000000000000000, 0.000000000000000000 ) ) ;
#4 = CARTESIAN_POINT ( 'NONE',  ( 86.39766024207288808, -1.734723475976807094E-14, -102.9121479806334634 ) ) ;
#5 = EDGE_CURVE ( 'NONE', #836, #656, #1203, .T. ) ;
#6 = CARTESIAN_POINT ( 'NONE',  ( 20.61413926463253787, -2.968014445571141913, 55.90972166652312580 ) ) ;
#7 = ORIENTED_EDGE ( 'NONE', *, *, #1251, .T. ) ;
#8 = CARTESIAN_POINT ( 'NONE',  ( 20.53025239717444350, -15.18444194936033753, -31.71408725216437574 ) ) ;
#9 = CARTESIAN_POINT ( 'NONE',  ( 166.3541641711309467, -12.19584895833999560, 33.10245240618141338 ) ) ;
#10 = CARTESIAN_POINT ( 'NONE',  ( 24.06869760253750101, -30.65165025173376279, -5.184846108415029242 ) ) ;
#11 = CARTESIAN_POINT ( 'NONE',  ( 19.53511607073552270, -0.1342171528098348443, -53.95139586123258368 ) ) ;
#12 = CARTESIAN_POINT ( 'NONE',  ( 165.1908887529519063, -2.775557561562891351E-14, -70.35834367570012660 ) ) ;
#13 = CARTESIAN_POINT ( 'NONE',  ( 20.03370205221202482, -0.9651005032975048525, -50.42498198070917681 ) ) ;
#14 = PERSON_AND_ORGANIZATION ( #1037, #343 ) ;
#15 = CARTESIAN_POINT ( 'NONE',  ( 20.75986022535938247, -21.75954987236278981, -28.16802913583982360 ) ) ;
#16 = CARTESIAN_POINT ( 'NONE',  ( 44.58884204946429719, -5.254923277634310486E-11, -75.76455500065648607 ) ) ;
#17 = CARTESIAN_POINT ( 'NONE',  ( 81.58161472440102102, 3.359424711659560478E-11, -86.40152710999903718 ) ) ;
#18 = ADVANCED_FACE ( 'NONE', ( #1063 ), #1260, .T. ) ;
#19 = EDGE_LOOP ( 'NONE', ( #393, #1254, #880, #1428 ) ) ;
#20 = CARTESIAN_POINT ( 'NONE',  ( 16.15986375809510989, 0.5747888872369801838, 54.21102405107428979 ) ) ;
#21 = CARTESIAN_POINT ( 'NONE',  ( -22.00000000000000355, -10.00000000244339304, -56.23454071586580483 ) ) ;
#22 = CARTESIAN_POINT ( 'NONE',  ( 169.5541752803496820, -13.04708854166005949, 23.95462078707462439 ) ) ;
#23 = CARTESIAN_POINT ( 'NONE',  ( 87.88942714031577452, -1.615467967774064488E-14, -95.91120484666465984 ) ) ;
#24 = CARTESIAN_POINT ( 'NONE',  ( 163.5944678667164283, -2.854109593822882958E-14, -57.91650165062494438 ) ) ;
#25 = CARTESIAN_POINT ( 'NONE',  ( 112.9426867220257265, -2.081668171172168513E-14, -102.7724307291104822 ) ) ;
#26 = CARTESIAN_POINT ( 'NONE',  ( 19.86396399033537463, -0.4413290689622224594, -54.43444907040531433 ) ) ;
#27 = CARTESIAN_POINT ( 'NONE',  ( 165.5105134595004301, -2.775557561562891351E-14, 56.14849266142820738 ) ) ;
#28 = CARTESIAN_POINT ( 'NONE',  ( 71.95066676088214308, -3.365322771477881622E-11, -85.32090888261564032 ) ) ;
#29 = CARTESIAN_POINT ( 'NONE',  ( 20.27151765999185073, -7.775248479274784685, 50.14052737600324861 ) ) ;
#30 = CARTESIAN_POINT ( 'NONE',  ( 19.88437239410236046, 1.820038233608093137, 60.02392003200028370 ) ) ;
#31 = ORIENTED_EDGE ( 'NONE', *, *, #956, .F. ) ;
#32 = FACE_OUTER_BOUND ( 'NONE', #363, .T. ) ;
#33 = CARTESIAN_POINT ( 'NONE',  ( 170.7684663968264545, -16.54838281248761334, -19.24584634288589413 ) ) ;
#34 = CARTESIAN_POINT ( 'NONE',  ( 64.63417404773237251, -1.273100898351933683E-14, -91.58157487736600899 ) ) ;
#35 = CARTESIAN_POINT ( 'NONE',  ( 65.57072143446916357, -9.404755200714699862E-12, -87.46170189542962703 ) ) ;
#36 = CARTESIAN_POINT ( 'NONE',  ( 182.1032365471835419, -3.122502256758252770E-14, 27.59449124408359921 ) ) ;
#37 = ADVANCED_FACE ( 'NONE', ( #834 ), #2026, .F. ) ;
#38 = CARTESIAN_POINT ( 'NONE',  ( 19.30511727068979866, -0.03690232219061655161, -52.10438894591252534 ) ) ;
#39 = B_SPLINE_CURVE_WITH_KNOTS ( 'NONE', 3,
 ( #867, #1927, #1239, #50 ),
 .UNSPECIFIED., .F., .F.,
 ( 4, 4 ),
 ( 0.06999012015479851023, 0.07527564193845229235 ),
 .UNSPECIFIED. ) ;
#40 = CARTESIAN_POINT ( 'NONE',  ( 35.78805179050874585, -2.750000000000005773, -86.40000000161157345 ) ) ;
#41 = CARTESIAN_POINT ( 'NONE',  ( 172.7999645039341488, -2.750000000005643930, 5.502237247682065149E-09 ) ) ;
#42 = CARTESIAN_POINT ( 'NONE',  ( 163.8800939409030377, -2.888315496797135648E-14, 52.95545485284679899 ) ) ;
#43 = CARTESIAN_POINT ( 'NONE',  ( 20.37288112077057534, -10.67791821880377157, 38.59673881007704210 ) ) ;
#44 = CARTESIAN_POINT ( 'NONE',  ( 19.52814431673393614, 2.081335222552474384, 59.90123555172520753 ) ) ;
#45 = ORIENTED_EDGE ( 'NONE', *, *, #416, .T. ) ;
#46 = CARTESIAN_POINT ( 'NONE',  ( 36.84086257503435746, 3.905059976035115874E-13, -71.43487853834152190 ) ) ;
#47 = DIRECTION ( 'NONE',  ( 1.500332356076765934E-16, 1.000000000000000000, -0.000000000000000000 ) ) ;
#48 = CARTESIAN_POINT ( 'NONE',  ( 15.30680283668057484, 3.946524531898974342, -56.93526383852650241 ) ) ;
#49 = LINE ( 'NONE', #1170, #937 ) ;
#50 = CARTESIAN_POINT ( 'NONE',  ( 0.3926901491850092185, -5.867336362172119735, 58.71939403038490468 ) ) ;
#51 = ORIENTED_EDGE ( 'NONE', *, *, #481, .T. ) ;
#52 = CARTESIAN_POINT ( 'NONE',  ( 19.72267544969755448, -0.2736135631122101342, 54.65324728829158829 ) ) ;
#53 = EDGE_LOOP ( 'NONE', ( #249, #1676, #2032 ) ) ;
#54 = EDGE_CURVE ( 'NONE', #1095, #1160, #585, .T. ) ;
#55 = CARTESIAN_POINT ( 'NONE',  ( 45.46643399895364723, -8.673617379884035472E-15, -78.04157443072081435 ) ) ;
#56 = CARTESIAN_POINT ( 'NONE',  ( 2.780619237090570905, -5.336018080434820732, 59.20738076889951174 ) ) ;
#57 = CARTESIAN_POINT ( 'NONE',  ( 15.08317607151294837, 0.1655833221024194668, -52.30380976633998102 ) ) ;
#58 =( BOUNDED_CURVE ( )  B_SPLINE_CURVE ( 2, ( #392, #1612, #1410 ),
 .UNSPECIFIED., .F., .F. ) 
 B_SPLINE_CURVE_WITH_KNOTS ( ( 3, 3 ),
 ( 0.000000000000000000, 1.000000000000000000 ),
 .UNSPECIFIED. ) 
 CURVE ( )  GEOMETRIC_REPRESENTATION_ITEM ( )  RATIONAL_B_SPLINE_CURVE ( ( 0.9998631846715448912, 0.7071794908072399632, 1.000000000000000000 ) ) 
 REPRESENTATION_ITEM ( '' )  );
#59 = CARTESIAN_POINT ( 'NONE',  ( -2.711943942383873818, -3.499999999999989342, -60.02012201594923368 ) ) ;
#60 = CARTESIAN_POINT ( 'NONE',  ( 21.31449578088060193, -33.24540241821884479, -38.12620565863143440 ) ) ;
#61 = VERTEX_POINT ( 'NONE', #1331 ) ;
#62 = CARTESIAN_POINT ( 'NONE',  ( 20.52966384139347511, -15.16758791694554809, 31.50771918507348701 ) ) ;
#63 = CARTESIAN_POINT ( 'NONE',  ( -0.4030180571936159417, -5.500000000000005329, 58.92672230857211702 ) ) ;
#64 = ORIENTED_EDGE ( 'NONE', *, *, #289, .F. ) ;
#65 = ADVANCED_FACE ( 'NONE', ( #475, #338 ), #1517, .F. ) ;
#66 = CARTESIAN_POINT ( 'NONE',  ( 34.29591620556220732, -7.806255641895631925E-15, -68.92114662475061948 ) ) ;
#67 = AXIS2_PLACEMENT_3D ( 'NONE', #1505, #1764, #1573 ) ;
#68 = CARTESIAN_POINT ( 'NONE',  ( -2.349904191062429426, -5.117007581905480329, 59.14098253490259083 ) ) ;
#69 = ORIENTED_EDGE ( 'NONE', *, *, #2062, .F. ) ;
#70 = CARTESIAN_POINT ( 'NONE',  ( -2.754577143799391337, -3.618935650439819796, -59.95682445294838203 ) ) ;
#71 = CARTESIAN_POINT ( 'NONE',  ( 27.64808966943321877, -6.722053469410127491E-15, -65.78919707471332856 ) ) ;
#72 = CARTESIAN_POINT ( 'NONE',  ( 86.39999999999994884, -85.00000000000000000, 0.000000000000000000 ) ) ;
#73 = VERTEX_POINT ( 'NONE', #1855 ) ;
#74 = CARTESIAN_POINT ( 'NONE',  ( 34.29566216876434481, -0.0001246094610890523550, -68.92087365120717379 ) ) ;
#75 = CARTESIAN_POINT ( 'NONE',  ( 17.97878671144421148, 0.6512683330538553417, 56.59196025421956477 ) ) ;
#76 = CARTESIAN_POINT ( 'NONE',  ( 0.3926901491850092185, -5.867336362172119735, 58.71939403038490468 ) ) ;
#77 = CARTESIAN_POINT ( 'NONE',  ( 40.16969717719815236, -2.749999999998455014, -73.01317229189541536 ) ) ;
#78 = EDGE_LOOP ( 'NONE', ( #2031, #1386, #1702, #633, #562 ) ) ;
#79 = CARTESIAN_POINT ( 'NONE',  ( 172.7999645039341488, -2.750000000005643930, 5.502237247682065149E-09 ) ) ;
#80 = CARTESIAN_POINT ( 'NONE',  ( 170.7684663968264545, -16.54838281248761334, -19.24584634288589413 ) ) ;
#81 = ORIENTED_EDGE ( 'NONE', *, *, #1834, .F. ) ;
#82 = CARTESIAN_POINT ( 'NONE',  ( 103.7530176744069479, -53.01288504816877634, 1.105099223649026910E-09 ) ) ;
#83 = CARTESIAN_POINT ( 'NONE',  ( 77.20580457654475026, -2.750000000000011102, 86.20729020111366481 ) ) ;
#84 = CARTESIAN_POINT ( 'NONE',  ( 20.72789110093402698, -20.84407392872709863, -18.61381423948124336 ) ) ;
#85 = CARTESIAN_POINT ( 'NONE',  ( 20.25405316570833492, -7.275130800550495103, 43.34256668074166186 ) ) ;
#86 = CARTESIAN_POINT ( 'NONE',  ( 19.39119925301137215, -0.06529961316429019891, 52.91287548767729731 ) ) ;
#87 = CARTESIAN_POINT ( 'NONE',  ( -2.179733859829516174, -2.000000000000017764, 60.80283175413603658 ) ) ;
#88 = CARTESIAN_POINT ( 'NONE',  ( 41.69263598139237104, -2.749999999998837374, -73.95549898230530061 ) ) ;
#89 = CARTESIAN_POINT ( 'NONE',  ( 23.79363920983313108, -4.412997235028976561, 57.82785404511030691 ) ) ;
#90 = CARTESIAN_POINT ( 'NONE',  ( -2.754631849158692525, -3.619088264301161928, 59.95674323183882137 ) ) ;
#91 = ORIENTED_EDGE ( 'NONE', *, *, #771, .T. ) ;
#92 = CARTESIAN_POINT ( 'NONE',  ( 19.87127564074573272, -0.4514243483573424087, 54.40688710728218069 ) ) ;
#93 = CARTESIAN_POINT ( 'NONE',  ( 20.00484762293628549, -0.7517606326136816453, 52.58939543183607412 ) ) ;
#94 = CARTESIAN_POINT ( 'NONE',  ( 159.0073252802768593, -2.685070480857111866E-14, 59.05422846842457574 ) ) ;
#95 = CARTESIAN_POINT ( 'NONE',  ( 24.06884663258955115, -30.18431869183909910, -9.236571111251498323 ) ) ;
#96 = CARTESIAN_POINT ( 'NONE',  ( -1.232508781476530091, -0.7487144839024095777, -61.43291016471899013 ) ) ;
#97 = CARTESIAN_POINT ( 'NONE',  ( 40.22185415493378002, -1.472057662006673152E-11, 73.66452158764990088 ) ) ;
#98 = CARTESIAN_POINT ( 'NONE',  ( 57.31589416603481624, -1.141344249158489165E-14, -88.71299975946256211 ) ) ;
#99 = CARTESIAN_POINT ( 'NONE',  ( 172.8000000000000114, 6.721624980880683846E-11, 4.845691241352079182 ) ) ;
#100 = VERTEX_POINT ( 'NONE', #1345 ) ;
#101 = AXIS2_PLACEMENT_3D ( 'NONE', #1101, #2147, #1276 ) ;
#102 = EDGE_CURVE ( 'NONE', #398, #1919, #1626, .T. ) ;
#103 = APPROVAL_PERSON_ORGANIZATION ( #965, #1139, #1657 ) ;
#104 = CARTESIAN_POINT ( 'NONE',  ( 19.79261757451849135, -0.3475862149597411799, 54.64907014686171749 ) ) ;
#105 = CARTESIAN_POINT ( 'NONE',  ( 128.4796574868845767, -2.155542311138728817E-14, 82.03201716195199822 ) ) ;
#106 = CARTESIAN_POINT ( 'NONE',  ( 20.44200617150326238, -12.65740067977952421, 35.64043538502114217 ) ) ;
#107 = CARTESIAN_POINT ( 'NONE',  ( -0.3593191330725508115, -0.2659442192084029988, 61.67037524699654227 ) ) ;
#108 = CARTESIAN_POINT ( 'NONE',  ( 166.3541641711269676, -6.307573267698108767E-11, 33.10245240620523788 ) ) ;
#109 = AXIS2_PLACEMENT_3D ( 'NONE', #1804, #1633, #919 ) ;
#110 = LINE ( 'NONE', #1786, #138 ) ;
#111 = CARTESIAN_POINT ( 'NONE',  ( 96.11849395084735193, -18.24012499985558122, -85.98832245680115705 ) ) ;
#112 = CARTESIAN_POINT ( 'NONE',  ( 19.30785082872693792, -0.03688297011574998702, 52.14430403654493063 ) ) ;
#113 = CARTESIAN_POINT ( 'NONE',  ( 122.5269208044811364, -2.749999999975181630, -78.81036244440373650 ) ) ;
#114 = FACE_OUTER_BOUND ( 'NONE', #1042, .T. ) ;
#115 = CARTESIAN_POINT ( 'NONE',  ( 20.89510486436270398, -25.63244961071900363, -17.51657248992280813 ) ) ;
#116 = FACE_OUTER_BOUND ( 'NONE', #1223, .T. ) ;
#117 = CARTESIAN_POINT ( 'NONE',  ( 28.77435453420823208, -1.667078124844262765, -64.55792521649394189 ) ) ;
#118 = CARTESIAN_POINT ( 'NONE',  ( 19.59611001293199450, -0.006178875878117185208, 56.11417681253159628 ) ) ;
#119 = CARTESIAN_POINT ( 'NONE',  ( 10.68988785195210056, -1.000000000000004441, -41.90966391585580197 ) ) ;
#120 = CARTESIAN_POINT ( 'NONE',  ( 22.47909869669785010, -1.044552192467868679, -59.88721778721331646 ) ) ;
#121 = CARTESIAN_POINT ( 'NONE',  ( 19.69567558902405224, -0.2498131214053269100, 54.59847758277012275 ) ) ;
#122 = CARTESIAN_POINT ( 'NONE',  ( 24.06868356448076440, -19.78788165134490740, 38.17709949450071605 ) ) ;
#123 = CARTESIAN_POINT ( 'NONE',  ( 20.78924138254608422, -22.60091613194811799, 11.78121063214478603 ) ) ;
#124 = CARTESIAN_POINT ( 'NONE',  ( 31.49374938130746671, -6.722053469410127491E-15, 68.85658850225601668 ) ) ;
#125 = CARTESIAN_POINT ( 'NONE',  ( 53.32281783874348946, -7.541937499844923565, -79.96462182664568275 ) ) ;
#126 =( BOUNDED_SURFACE ( )  B_SPLINE_SURFACE ( 2, 3, ( 
 ( #1513, #1864, #2199, #2185, #647, #174, #1179, #489, #815, #991, #1996, #1528, #1006, #459, #1318, #1142, #471, #1851, #831, #2009, #963, #671, #1355, #512, #1194, #291, #949, #1655, #779, #1840, #1478, #2166, #624, #1328, #141, #310, #977, #1667 ),
 ( #802, #1498, #1224, #860, #536, #1738, #385, #1913, #1368, #2085, #1560, #704, #347, #1924, #203, #224, #1730, #1539, #366, #2093, #2077, #697, #212, #713, #1218, #1553, #1904, #1207, #194, #35, #1382, #1397, #55, #1570, #1046, #46, #373, #66 ),
 ( #723, #1412, #1388, #1067, #2106, #543, #1750, #882, #1056, #553, #1707, #183, #871, #1583, #563, #1234, #1879, #1024, #843, #358, #24, #684, #2066, #526, #1894, #1036, #1719, #1284, #1975, #422, #98, #440, #1096, #895, #1967, #587, #769, #1107 ) ),
 .UNSPECIFIED., .F., .F., .F. ) 
 B_SPLINE_SURFACE_WITH_KNOTS ( ( 3, 3 ),
 ( 4, 2, 2, 2, 2, 2, 2, 2, 2, 2, 2, 2, 2, 2, 2, 2, 2, 2, 4 ),
 ( 0.000000000000000000, 1.000000000000000000 ),
 ( 1.381859501811729896, 1.630475548264077812, 1.879091594716425506, 2.127707641168773200, 2.376323687621121117, 2.624939734073469033, 2.873555780525816505, 3.122171826978163978, 3.370787873430511894, 3.619403919882859810, 3.868019966335207283, 4.116636012787554755, 4.365252059239902671, 4.613868105692249699, 4.862484152144597616, 5.111100198596945532, 5.235408221823119490, 5.297562233436206469, 5.359716245049293448 ),
 .UNSPECIFIED. ) 
 GEOMETRIC_REPRESENTATION_ITEM ( )  RATIONAL_B_SPLINE_SURFACE ( (
 ( 1.000000000000000000, 1.000000000000000000, 1.000000000000000000, 1.000000000000000000, 1.000000000000000000, 1.000000000000000000, 1.000000000000000000, 1.000000000000000000, 1.000000000000000000, 1.000000000000000000, 1.000000000000000000, 1.000000000000000000, 1.000000000000000000, 1.000000000000000000, 1.000000000000000000, 1.000000000000000000, 1.000000000000000000, 1.000000000000000000, 1.000000000000000000, 1.000000000000000000, 1.000000000000000000, 1.000000000000000000, 1.000000000000000000, 1.000000000000000000, 1.000000000000000000, 1.000000000000000000, 1.000000000000000000, 1.000000000000000000, 1.000000000000000000, 1.000000000000000000, 1.000000000000000000, 1.000000000000000000, 1.000000000000000000, 1.000000000000000000, 1.000000000000000000, 1.000000000000000000, 1.000000000000000000, 1.000000000000000000),
 ( 0.7071067842415778015, 0.7570450857010557755, 0.7892441933778154839, 0.8389289211362079834, 0.8562230228769183160, 0.8839716781955979652, 0.8942662344243684780, 0.9111730218866153086, 0.9177319931080412108, 0.9287063917653961553, 0.9331014215452289040, 0.9405581122911437220, 0.9436110924723877247, 0.9488377092373971866, 0.9510073304460140431, 0.9547337532444934993, 0.9562885786580546110, 0.9589460227423998173, 0.9600476399476978173, 0.9618946282681735127, 0.9626395206338508315, 0.9638251274010506409, 0.9642657103331875312, 0.9648595161594253344, 0.9650129894159231725, 0.9650129171459551625, 0.9637416165542536106, 0.9582006515530796520, 0.9540643259016996502, 0.9383844755009447258, 0.9280798091044928366, 0.8900395369358493625, 0.8736411384978816086, 0.8323973234965583723, 0.8157942931564124978, 0.7719325628770165038, 0.7447215971033802617, 0.7071067812819046283),
 ( 1.000000000000000000, 1.000000000000000000, 1.000000000000000000, 1.000000000000000000, 1.000000000000000000, 1.000000000000000000, 1.000000000000000000, 1.000000000000000000, 1.000000000000000000, 1.000000000000000000, 1.000000000000000000, 1.000000000000000000, 1.000000000000000000, 1.000000000000000000, 1.000000000000000000, 1.000000000000000000, 1.000000000000000000, 1.000000000000000000, 1.000000000000000000, 1.000000000000000000, 1.000000000000000000, 1.000000000000000000, 1.000000000000000000, 1.000000000000000000, 1.000000000000000000, 1.000000000000000000, 1.000000000000000000, 1.000000000000000000, 1.000000000000000000, 1.000000000000000000, 1.000000000000000000, 1.000000000000000000, 1.000000000000000000, 1.000000000000000000, 1.000000000000000000, 1.000000000000000000, 1.000000000000000000, 1.000000000000000000) ) ) 
 REPRESENTATION_ITEM ( '' )  SURFACE ( )  );
#127 = B_SPLINE_CURVE_WITH_KNOTS ( 'NONE', 3,
 ( #182, #670, #1340, #357 ),
 .UNSPECIFIED., .F., .F.,
 ( 4, 4 ),
 ( 1.893477691975264912E-18, 0.005281733211030468535 ),
 .UNSPECIFIED. ) ;
#128 = CARTESIAN_POINT ( 'NONE',  ( 19.64252135093073548, -0.9941042480861462804, -54.86225104427013832 ) ) ;
#129 = DIRECTION ( 'NONE',  ( -0.000000000000000000, -1.224646799147353454E-16, 1.000000000000000000 ) ) ;
#130 = CARTESIAN_POINT ( 'NONE',  ( 20.00718326856921792, -0.7666998096726077572, -52.44345520196565502 ) ) ;
#131 = DATE_AND_TIME ( #1, #2097 ) ;
#132 = CIRCLE ( 'NONE', #2060, 17.35301767440693510 ) ;
#133 = CARTESIAN_POINT ( 'NONE',  ( 24.07150958218544545, -24.86985764875477756, -28.20833113151862293 ) ) ;
#134 = CARTESIAN_POINT ( 'NONE',  ( 21.45838398184895723, -5.975515039691434516E-15, -58.58726223826199231 ) ) ;
#135 = CARTESIAN_POINT ( 'NONE',  ( 128.2857078017369759, 2.519351693310173257E-11, -75.72336631154584552 ) ) ;
#136 = CARTESIAN_POINT ( 'NONE',  ( 23.67161053647224378, -3.880427607078066998, 58.25300617761121913 ) ) ;
#137 = CARTESIAN_POINT ( 'NONE',  ( 81.58161472439887518, -15.21289062485463717, -86.40152711001820762 ) ) ;
#138 = VECTOR ( 'NONE', #1261, 1000.000000000000000 ) ;
#139 = CARTESIAN_POINT ( 'NONE',  ( 14.34776762960055407, 4.128493347677462566, 55.92431904491499495 ) ) ;
#140 = B_SPLINE_CURVE_WITH_KNOTS ( 'NONE', 3,
 ( #59, #70, #1563, #376, #493, #1742, #388, #2109, #1518, #328, #1070, #206, #215, #865, #1869, #1917 ),
 .UNSPECIFIED., .F., .F.,
 ( 4, 2, 2, 2, 2, 2, 2, 4 ),
 ( 8.673617379884035472E-19, 0.0004192001942647264820, 0.0008384003885294520966, 0.001676800777058895953, 0.002096000971323618099, 0.002515201165588340244, 0.002934401359853062823, 0.003353601554117784968 ),
 .UNSPECIFIED. ) ;
#141 = CARTESIAN_POINT ( 'NONE',  ( 40.16969717719815236, -2.749999999998455014, -73.01317229189541536 ) ) ;
#142 = CARTESIAN_POINT ( 'NONE',  ( 23.51184122410998256, -3.342337651552127920, -58.63830196454501476 ) ) ;
#143 = APPROVAL_DATE_TIME ( #131, #1139 ) ;
#144 = CARTESIAN_POINT ( 'NONE',  ( 20.27254808891737525, -7.804756116890295026, -50.10836097638874520 ) ) ;
#145 = CARTESIAN_POINT ( 'NONE',  ( 127.6788544974379107, -51.13139327542298673, 5.055201703278690785E-15 ) ) ;
#146 = CARTESIAN_POINT ( 'NONE',  ( 127.0043829937113031, -2.341876692568689577E-14, 84.36153927385646512 ) ) ;
#147 = CARTESIAN_POINT ( 'NONE',  ( 19.12507575382352698, -5.815596441052859443E-15, 51.27828030605807186 ) ) ;
#148 = EDGE_LOOP ( 'NONE', ( #732, #1493, #211, #1149, #2018 ) ) ;
#149 = CARTESIAN_POINT ( 'NONE',  ( 18.87978037614506022, -5.637851296924623057E-15, -53.92075191586105376 ) ) ;
#150 = CARTESIAN_POINT ( 'NONE',  ( 38.10058991183272070, -8.884573715205326340E-15, -76.27060246449299541 ) ) ;
#151 = CARTESIAN_POINT ( 'NONE',  ( 19.26585545299855085, -0.02642927353554175296, -51.69713463665124920 ) ) ;
#152 = CARTESIAN_POINT ( 'NONE',  ( 125.7701606233306251, -2.081668171172168513E-14, -98.85565219164327289 ) ) ;
#153 = CARTESIAN_POINT ( 'NONE',  ( 20.63833394193327564, -18.27949244028278741, -25.23878873306828297 ) ) ;
#154 = CARTESIAN_POINT ( 'NONE',  ( 69.65712660853368732, -1.339708353267667892E-14, 87.56279413820675472 ) ) ;
#155 = CARTESIAN_POINT ( 'NONE',  ( 112.9426867220257265, -2.081668171172168513E-14, -102.7724307291104822 ) ) ;
#156 = CARTESIAN_POINT ( 'NONE',  ( 23.75500733169157641, -4.229245484062860605, 57.97889858413630293 ) ) ;
#157 = ORIENTED_EDGE ( 'NONE', *, *, #2080, .T. ) ;
#158 = CARTESIAN_POINT ( 'NONE',  ( 19.22302308823743999, -0.01757776704122914271, 51.20943544615377618 ) ) ;
#159 = CARTESIAN_POINT ( 'NONE',  ( 21.20789235240153658, -1.933618408665585875, -56.70156058515452457 ) ) ;
#160 = CARTESIAN_POINT ( 'NONE',  ( 163.5944678667164283, -2.854109593822882958E-14, -57.91650165062494438 ) ) ;
#161 = CARTESIAN_POINT ( 'NONE',  ( 19.44919700551610831, -0.08674390327406519829, -53.41921323756015738 ) ) ;
#162 = CARTESIAN_POINT ( 'NONE',  ( 16.67208845979187615, -9.261211234296169325E-13, -51.03377212656962314 ) ) ;
#163 = CARTESIAN_POINT ( 'NONE',  ( 20.58030382646012058, -1.944254752839848610, -56.94285467694499658 ) ) ;
#164 = EDGE_CURVE ( 'NONE', #1662, #1578, #1156, .T. ) ;
#165 = COORDINATED_UNIVERSAL_TIME_OFFSET ( 5, 0, .AHEAD. ) ;
#166 = DIRECTION ( 'NONE',  ( 1.500332356076765934E-16, 1.000000000000000000, -0.000000000000000000 ) ) ;
#167 = CARTESIAN_POINT ( 'NONE',  ( 24.00681700795120932, -5.947616957852912556, -56.42802345485326754 ) ) ;
#168 = CARTESIAN_POINT ( 'NONE',  ( 121.5795761528397207, -2.081668171172168513E-14, -100.4274179920837184 ) ) ;
#169 = CARTESIAN_POINT ( 'NONE',  ( 19.96213227362753528, -0.6268781652319519448, 53.50055806887078091 ) ) ;
#170 = ORIENTED_EDGE ( 'NONE', *, *, #995, .T. ) ;
#171 = B_SPLINE_CURVE_WITH_KNOTS ( 'NONE', 3,
 ( #87, #2104, #405, #750, #1921, #1759, #927, #107, #742, #1281, #1621, #247, #430, #1965 ),
 .UNSPECIFIED., .F., .F.,
 ( 4, 2, 2, 2, 2, 2, 4 ),
 ( 3.496446946337351263E-18, 0.001020248527232017451, 0.002040497054464031432, 0.002550621318080035279, 0.003060745581696039559, 0.003570869845312043839, 0.004080994108928048120 ),
 .UNSPECIFIED. ) ;
#172 = CARTESIAN_POINT ( 'NONE',  ( 57.68980573336190076, -2.074467592581154207, 82.06465523964389774 ) ) ;
#173 = CARTESIAN_POINT ( 'NONE',  ( 24.03409283909301664, -9.982905160588622095, -51.91549315758999228 ) ) ;
#174 = CARTESIAN_POINT ( 'NONE',  ( 119.4393172369589422, -2.749999999989445332, 80.15379686542416948 ) ) ;
#175 = CARTESIAN_POINT ( 'NONE',  ( 188.2611111111347384, -3.122502256758252770E-14, -5.691111481175473941 ) ) ;
#176 = CARTESIAN_POINT ( 'NONE',  ( 16.15986375809659137, 0.5747888872389409487, -54.21102405107576061 ) ) ;
#177 = CARTESIAN_POINT ( 'NONE',  ( 24.07120017541613066, -25.86224255150907325, -25.77801641102233887 ) ) ;
#178 = CARTESIAN_POINT ( 'NONE',  ( 125.7701606233306251, -2.081668171172168513E-14, -98.85565219164327289 ) ) ;
#179 = ORIENTED_EDGE ( 'NONE', *, *, #637, .T. ) ;
#180 = CARTESIAN_POINT ( 'NONE',  ( 20.78969209668485263, -22.61382289618405395, 11.71705262998752062 ) ) ;
#181 = CARTESIAN_POINT ( 'NONE',  ( 96.11849395084735193, -18.24012499985558122, -85.98832245680115705 ) ) ;
#182 = CARTESIAN_POINT ( 'NONE',  ( 0.3926901491850126602, -5.867336362172118847, -58.71939403038491179 ) ) ;
#183 = CARTESIAN_POINT ( 'NONE',  ( 171.9735556485740915, -3.009744321524008473E-14, 39.67955808199069168 ) ) ;
#184 = CARTESIAN_POINT ( 'NONE',  ( 86.33292384999383273, -1.431146867680865853E-14, 90.66274599250415633 ) ) ;
#185 = CARTESIAN_POINT ( 'NONE',  ( 19.93387184238466148, -0.5614850823667149049, -53.90411575952308709 ) ) ;
#186 = PLANE ( 'NONE',  #2070 ) ;
#187 = CARTESIAN_POINT ( 'NONE',  ( 174.9729231560890810, -2.949029909160572061E-14, 42.67433272990085413 ) ) ;
#188 = CARTESIAN_POINT ( 'NONE',  ( 147.5997032630440344, -2.775557561562891351E-14, -61.18036485772766753 ) ) ;
#189 = VERTEX_POINT ( 'NONE', #1843 ) ;
#190 = EDGE_CURVE ( 'NONE', #372, #482, #1335, .T. ) ;
#191 = CARTESIAN_POINT ( 'NONE',  ( 0.9512870512366489173, -10.00000000000253308, -53.64495395072474082 ) ) ;
#192 = CARTESIAN_POINT ( 'NONE',  ( 140.5924444552029797, -8.290766203678897384, 67.98574746519271628 ) ) ;
#193 = CARTESIAN_POINT ( 'NONE',  ( 35.28846185944674829, -8.462661044562744604E-15, -73.76384078356970520 ) ) ;
#194 = CARTESIAN_POINT ( 'NONE',  ( 80.20669263034217522, 9.227823897574220943E-12, -90.39446935658141058 ) ) ;
#195 = CARTESIAN_POINT ( 'NONE',  ( 174.9729231560890810, -2.949029909160572061E-14, 42.67433272990085413 ) ) ;
#196 = CARTESIAN_POINT ( 'NONE',  ( 17.35516645616521103, 0.7175898493986626603, -55.89476245343868754 ) ) ;
#197 = PRODUCT_RELATED_PRODUCT_CATEGORY ( 'detail', '', ( #1025 ) ) ;
#198 = CARTESIAN_POINT ( 'NONE',  ( 172.8000000032231469, -2.750000000000025313, -50.61194820674015205 ) ) ;
#199 = CARTESIAN_POINT ( 'NONE',  ( 20.25252841429517758, -7.231467632889858166, 43.39641032381276631 ) ) ;
#200 = CARTESIAN_POINT ( 'NONE',  ( 19.57322613799614075, -0.1568229973056829152, 54.16641812473458373 ) ) ;
#201 = ORIENTED_EDGE ( 'NONE', *, *, #1646, .T. ) ;
#202 = CARTESIAN_POINT ( 'NONE',  ( 34.29591840025669569, -2.750000000000004885, -68.92114828300012164 ) ) ;
#203 = CARTESIAN_POINT ( 'NONE',  ( 176.4170960727622912, -3.816391647148975608E-14, 9.246261071522319241 ) ) ;
#204 = CARTESIAN_POINT ( 'NONE',  ( -2.822277513883760580, -4.111453001252420414, 59.69215464423276529 ) ) ;
#205 = CARTESIAN_POINT ( 'NONE',  ( 18.39767730954810787, 0.5439060939850953735, -56.98476849370968722 ) ) ;
#206 = CARTESIAN_POINT ( 'NONE',  ( -1.732269477528477708, -5.410794676237197898, -58.97677550153706250 ) ) ;
#207 = CIRCLE ( 'NONE', #109, 17.35301767440693155 ) ;
#208 = CARTESIAN_POINT ( 'NONE',  ( 8.129419882286970373E-15, -2.749999999999999556, -50.61194821224241025 ) ) ;
#209 = CARTESIAN_POINT ( 'NONE',  ( 20.15610694121895108, -4.470317907967094051, 53.74324603538937595 ) ) ;
#210 = CARTESIAN_POINT ( 'NONE',  ( 19.19487493310692017, 0.1674063640773674200, 57.53513354251926160 ) ) ;
#211 = ORIENTED_EDGE ( 'NONE', *, *, #597, .T. ) ;
#212 = CARTESIAN_POINT ( 'NONE',  ( 143.7254650428323544, 2.483550443883574309E-11, -71.10969275683341095 ) ) ;
#213 = CARTESIAN_POINT ( 'NONE',  ( 20.34085220601151178, -1.001570779247197285, -55.68796092131336906 ) ) ;
#214 = CARTESIAN_POINT ( 'NONE',  ( 17.72717960395787884, 3.121027061775775380, -58.94991697267353459 ) ) ;
#215 = CARTESIAN_POINT ( 'NONE',  ( -1.595736798876957074, -5.445296435940502278, -58.95742407751894376 ) ) ;
#216 = CARTESIAN_POINT ( 'NONE',  ( 48.27379434344101838, -33.24540241821884479, -65.08550422033340510 ) ) ;
#217 = ORIENTED_EDGE ( 'NONE', *, *, #1740, .T. ) ;
#218 = EDGE_CURVE ( 'NONE', #958, #712, #2181, .T. ) ;
#219 = CARTESIAN_POINT ( 'NONE',  ( 20.03370205221202482, -0.9651005032975048525, -50.42498198070917681 ) ) ;
#220 = CARTESIAN_POINT ( 'NONE',  ( 19.92815847683819541, -0.5012203187754049605, 57.69213954360724728 ) ) ;
#221 = CARTESIAN_POINT ( 'NONE',  ( -0.3639939651911795471, -0.2552632606525204184, -61.67563124644942008 ) ) ;
#222 = EDGE_LOOP ( 'NONE', ( #179, #894, #576, #1393 ) ) ;
#223 = CARTESIAN_POINT ( 'NONE',  ( 175.1561116119790995, -2.828819438727966076E-14, -37.00609578058580951 ) ) ;
#224 = CARTESIAN_POINT ( 'NONE',  ( 176.9097511258305531, -3.816391647148975608E-14, -5.710574814190889192 ) ) ;
#225 = CARTESIAN_POINT ( 'NONE',  ( -2.763896167373530943, -4.479670988040123980, 59.49197409691711869 ) ) ;
#226 = ORIENTED_EDGE ( 'NONE', *, *, #1251, .F. ) ;
#227 = CARTESIAN_POINT ( 'NONE',  ( 69.65712660853368732, -1.339708353267667892E-14, 87.56279413820675472 ) ) ;
#228 = ADVANCED_FACE ( 'NONE', ( #351 ), #186, .F. ) ;
#229 = CARTESIAN_POINT ( 'NONE',  ( 96.56516240637678550, -53.01288504816877634, -17.35301767408327578 ) ) ;
#230 = CARTESIAN_POINT ( 'NONE',  ( 66.71369504029188136, -5.867336362172127728, -164.5038172525299274 ) ) ;
#231 = CARTESIAN_POINT ( 'NONE',  ( 0.1973045651314766225, -5.647083999756316253, -58.84398416346855498 ) ) ;
#232 = DIRECTION ( 'NONE',  ( 0.000000000000000000, 0.000000000000000000, 1.000000000000000000 ) ) ;
#233 = CARTESIAN_POINT ( 'NONE',  ( 17.72717960395868175, 3.121027061775697664, 58.94991697267438013 ) ) ;
#234 = FACE_OUTER_BOUND ( 'NONE', #390, .T. ) ;
#235 = ORIENTED_EDGE ( 'NONE', *, *, #164, .F. ) ;
#236 = VECTOR ( 'NONE', #799, 1000.000000000000000 ) ;
#237 = CARTESIAN_POINT ( 'NONE',  ( 172.8000000000000114, -15.46111111110536207, -4.845691241351981482 ) ) ;
#238 = ORIENTED_EDGE ( 'NONE', *, *, #1396, .F. ) ;
#239 = AXIS2_PLACEMENT_3D ( 'NONE', #1291, #1344, #1698 ) ;
#240 = CARTESIAN_POINT ( 'NONE',  ( 20.34070552653582808, -1.001432207658816020, 55.68764720925417322 ) ) ;
#241 = CARTESIAN_POINT ( 'NONE',  ( 18.09829635272070547, -5.637851296924623057E-15, -54.54483469266330076 ) ) ;
#242 = DIRECTION ( 'NONE',  ( 1.500332356076765934E-16, 1.000000000000000000, -0.000000000000000000 ) ) ;
#243 = CIRCLE ( 'NONE', #1099, 86.40000000000000568 ) ;
#244 = ORIENTED_EDGE ( 'NONE', *, *, #1582, .F. ) ;
#245 = B_SPLINE_CURVE_WITH_KNOTS ( 'NONE', 3,
 ( #154, #983, #476, #946, #124, #1121, #1322, #807 ),
 .UNSPECIFIED., .F., .F.,
 ( 4, 2, 2, 4 ),
 ( 0.000000000000000000, 0.3847730355989098516, 0.8841025090346856796, 1.000000000000000000 ),
 .UNSPECIFIED. ) ;
#246 = CARTESIAN_POINT ( 'NONE',  ( 19.45050862688072968, -0.09015737603732422445, 53.39086455495708350 ) ) ;
#247 = CARTESIAN_POINT ( 'NONE',  ( 0.6261447911883742945, -0.01448031590218539638, 61.79296756818681757 ) ) ;
#248 = CARTESIAN_POINT ( 'NONE',  ( 166.3541641711026671, -17.52655844906011851, -33.10245240626227314 ) ) ;
#249 = ORIENTED_EDGE ( 'NONE', *, *, #1334, .F. ) ;
#250 = CARTESIAN_POINT ( 'NONE',  ( 24.00681700731639268, -5.947616870397363087, 56.42802355005330384 ) ) ;
#251 = CARTESIAN_POINT ( 'NONE',  ( -2.599419307763719988, -4.820821223780581199, 59.30471928364030987 ) ) ;
#252 = ORIENTED_EDGE ( 'NONE', *, *, #1744, .F. ) ;
#253 = CARTESIAN_POINT ( 'NONE',  ( 22.25530230425153277, -0.6944659082879016676, 60.00629431043549289 ) ) ;
#254 = CARTESIAN_POINT ( 'NONE',  ( 19.72949544964002300, -0.2810958665424905245, 54.64945851490524120 ) ) ;
#255 = CARTESIAN_POINT ( 'NONE',  ( 153.6713922256285514, -2.749999999959663377, 54.68809215412181146 ) ) ;
#256 = CARTESIAN_POINT ( 'NONE',  ( 20.67470466926450001, -19.32101380022385584, 23.14524668087254966 ) ) ;
#257 = DIRECTION ( 'NONE',  ( -2.220446049250312588E-16, 4.930380657631322689E-32, -1.000000000000000000 ) ) ;
#258 = CARTESIAN_POINT ( 'NONE',  ( -2.179733859829516174, -2.000000000000017764, -60.80283175413602947 ) ) ;
#259 = CARTESIAN_POINT ( 'NONE',  ( 21.98911871014474784, -1.018443359296475004, -57.63738849363328143 ) ) ;
#260 = ADVANCED_FACE ( 'NONE', ( #1710 ), #1488, .F. ) ;
#261 = CARTESIAN_POINT ( 'NONE',  ( 20.01184327780004324, -0.5659915975114724329, 55.44577660707062705 ) ) ;
#262 = CARTESIAN_POINT ( 'NONE',  ( 170.7684663968078951, -6.727869985394200352E-11, 19.24584634300738983 ) ) ;
#263 = ADVANCED_FACE ( 'NONE', ( #1479 ), #557, .T. ) ;
#264 = CC_DESIGN_PERSON_AND_ORGANIZATION_ASSIGNMENT ( #626, #473, ( #642 ) ) ;
#265 = CARTESIAN_POINT ( 'NONE',  ( 236.3999999999999204, -10.00000000000003553, -124.9999999999999858 ) ) ;
#266 = CARTESIAN_POINT ( 'NONE',  ( 188.9240677348404347, -7.971897849992075180, 126.8559137884045356 ) ) ;
#267 = CARTESIAN_POINT ( 'NONE',  ( 86.39999999999997726, -53.01288504816876923, 0.000000000000000000 ) ) ;
#268 = CARTESIAN_POINT ( 'NONE',  ( 20.66396585799168051, -19.01349448104132023, 33.76753976004840041 ) ) ;
#269 = CARTESIAN_POINT ( 'NONE',  ( 86.39999999999994884, -53.01288504816876923, -17.35301767440693510 ) ) ;
#270 = CARTESIAN_POINT ( 'NONE',  ( 17.39456389188162078, -1.000000000000005773, -52.00651240713861512 ) ) ;
#271 = CARTESIAN_POINT ( 'NONE',  ( 23.30385506175584709, -2.750000000000003109, 59.02403318930422671 ) ) ;
#272 = CARTESIAN_POINT ( 'NONE',  ( 100.9333020382883319, -18.99775000014479787, -85.30664602169765942 ) ) ;
#273 = AXIS2_PLACEMENT_3D ( 'NONE', #1351, #1190, #1874 ) ;
#274 = FACE_OUTER_BOUND ( 'NONE', #870, .T. ) ;
#275 = CARTESIAN_POINT ( 'NONE',  ( 146.2327177945933840, -2.750000000062131189, -62.73972837640305755 ) ) ;
#276 = B_SPLINE_CURVE_WITH_KNOTS ( 'NONE', 3,
 ( #1078, #1092, #1114, #221, #892, #96, #561, #2114, #1434, #1930, #879, #258 ),
 .UNSPECIFIED., .F., .F.,
 ( 4, 2, 2, 2, 2, 4 ),
 ( 1.809943117312399324E-17, 0.001021938232851504367, 0.002043876465702990954, 0.003065814698554476889, 0.003576783814980219640, 0.004087752931405961958 ),
 .UNSPECIFIED. ) ;
#277 = CARTESIAN_POINT ( 'NONE',  ( 20.78055173499193842, -22.35207718364802432, 12.95293696026041985 ) ) ;
#278 = DIRECTION ( 'NONE',  ( 1.000000000000000000, 0.000000000000000000, 0.000000000000000000 ) ) ;
#279 = CARTESIAN_POINT ( 'NONE',  ( 57.68980573332559914, 1.470019361922401373E-11, 82.06465523964946840 ) ) ;
#280 = VECTOR ( 'NONE', #716, 1000.000000000000000 ) ;
#281 = CARTESIAN_POINT ( 'NONE',  ( 19.60013191638538999, -0.07106235513446398921, 55.77404160201417938 ) ) ;
#282 = CARTESIAN_POINT ( 'NONE',  ( 159.6817638459687885, -18.37368576389108910, -46.02416551369779540 ) ) ;
#283 = CARTESIAN_POINT ( 'NONE',  ( 19.95891659128709605, -0.6189767305392684937, -53.55166234853479779 ) ) ;
#284 = CARTESIAN_POINT ( 'NONE',  ( 19.93591177371838086, -0.5657526357121487326, 53.88008065841850680 ) ) ;
#285 = CARTESIAN_POINT ( 'NONE',  ( 24.07006295566419851, -27.86449096734449782, 20.55811261829629899 ) ) ;
#286 = CARTESIAN_POINT ( 'NONE',  ( 24.07147299291698417, -22.70037552291853444, 32.93358733738345023 ) ) ;
#287 = DIRECTION ( 'NONE',  ( -1.000000000000000000, 1.505836350674311495E-16, 0.000000000000000000 ) ) ;
#288 = CARTESIAN_POINT ( 'NONE',  ( 164.3684868624801254, 5.040611582443919064E-11, 37.54138756071226624 ) ) ;
#289 = EDGE_CURVE ( 'NONE', #61, #1095, #1901, .T. ) ;
#290 = CARTESIAN_POINT ( 'NONE',  ( 18.87978037614491811, -1.000000000000005773, -53.92075191586115324 ) ) ;
#291 = CARTESIAN_POINT ( 'NONE',  ( 109.0608328244823326, -2.750000000024864999, -83.68222207335291785 ) ) ;
#292 = CARTESIAN_POINT ( 'NONE',  ( 21.75005930984993086, -0.01494053052507294393, -60.16093478732322097 ) ) ;
#293 = CARTESIAN_POINT ( 'NONE',  ( 19.15429475866023168, -0.004263731708340482394, 50.41188788580615920 ) ) ;
#294 = DIRECTION ( 'NONE',  ( 1.500332356076765934E-16, 1.000000000000000000, -0.000000000000000000 ) ) ;
#295 = CARTESIAN_POINT ( 'NONE',  ( 3.367778697655221012E-16, -2.750000000000000000, -2.348201633139979224E-11 ) ) ;
#296 = CARTESIAN_POINT ( 'NONE',  ( 67.13519277913991345, 6.723316336398776852E-11, 84.78059976890324378 ) ) ;
#297 = CARTESIAN_POINT ( 'NONE',  ( 23.94975156013737916, -5.250202277261988293, 57.11457067436948876 ) ) ;
#298 = CARTESIAN_POINT ( 'NONE',  ( 156.9807806532288055, -18.62368750001445505, -50.06789516236074178 ) ) ;
#299 = CARTESIAN_POINT ( 'NONE',  ( 19.30627477372113532, -0.03645680521775870875, -52.12806028709358230 ) ) ;
#300 = CARTESIAN_POINT ( 'NONE',  ( 19.97129501460263512, -0.6505272353713390521, -53.34208198267990042 ) ) ;
#301 = CALENDAR_DATE ( 2026, 22, 5 ) ;
#302 = CARTESIAN_POINT ( 'NONE',  ( 24.01095888740847073, -6.518245265822919521, -55.80686381912229166 ) ) ;
#303 = CARTESIAN_POINT ( 'NONE',  ( -63.60000000000002984, -9.999999999999989342, 125.0000000000000568 ) ) ;
#304 = CARTESIAN_POINT ( 'NONE',  ( 154.3771864374678557, -2.775557561562891351E-14, 68.02134221334644337 ) ) ;
#305 = ORIENTED_EDGE ( 'NONE', *, *, #1974, .F. ) ;
#306 = CARTESIAN_POINT ( 'NONE',  ( 159.6817638459297939, 5.880684600793306607E-11, -46.02416551364260755 ) ) ;
#307 = CIRCLE ( 'NONE', #899, 86.40000000000000568 ) ;
#308 = CARTESIAN_POINT ( 'NONE',  ( 21.44403780672823601, -2.123683039892895863, -56.97216027136856553 ) ) ;
#309 = CARTESIAN_POINT ( 'NONE',  ( 9.813613405785234889, -4.119968255444916849E-15, -42.39472947043825712 ) ) ;
#310 = CARTESIAN_POINT ( 'NONE',  ( 37.18529120979628999, -2.750000000001560085, -71.03574217188399587 ) ) ;
#311 = CARTESIAN_POINT ( 'NONE',  ( 20.61926711795223355, -2.343162679595023778, -56.56992877399550679 ) ) ;
#312 = B_SPLINE_CURVE_WITH_KNOTS ( 'NONE', 3,
 ( #1432, #729, #1792, #1242 ),
 .UNSPECIFIED., .F., .F.,
 ( 4, 4 ),
 ( 0.000000000000000000, 0.3329885893522332996 ),
 .UNSPECIFIED. ) ;
#313 = CARTESIAN_POINT ( 'NONE',  ( 40.22185415489748550, -1.356513888900347187, 73.66452158765545732 ) ) ;
#314 = DIRECTION ( 'NONE',  ( 1.500332356076765934E-16, 1.000000000000000000, -0.000000000000000000 ) ) ;
#315 = CARTESIAN_POINT ( 'NONE',  ( 175.2731856472094876, -3.122502256758252770E-14, -55.79812635765263451 ) ) ;
#316 = CARTESIAN_POINT ( 'NONE',  ( 20.33112733573767983, -4.126881546871272732, 54.33502233303315165 ) ) ;
#317 = ORIENTED_EDGE ( 'NONE', *, *, #604, .F. ) ;
#318 = ADVANCED_FACE ( 'NONE', ( #2050 ), #1307, .F. ) ;
#319 = CARTESIAN_POINT ( 'NONE',  ( 20.01088609402573582, -0.5648228202488891903, -55.44493550042095364 ) ) ;
#320 = CARTESIAN_POINT ( 'NONE',  ( 20.81020279726426025, -23.20117251298605865, -8.288100267054364423 ) ) ;
#321 = DIRECTION ( 'NONE',  ( 1.500332356076765934E-16, 1.000000000000000000, -0.000000000000000000 ) ) ;
#322 = CARTESIAN_POINT ( 'NONE',  ( -2.711943942383873818, -3.499999999999989342, 60.02012201594924790 ) ) ;
#323 = CARTESIAN_POINT ( 'NONE',  ( 64.56363355713381225, -1.214306433183764966E-14, -95.53516767985686897 ) ) ;
#324 = CARTESIAN_POINT ( 'NONE',  ( 22.87402730991400546, -1.751574201537495545, -59.58594914294418032 ) ) ;
#325 = SHAPE_DEFINITION_REPRESENTATION ( #883, #707 ) ;
#326 = EDGE_CURVE ( 'NONE', #1248, #1044, #2034, .T. ) ;
#327 = CARTESIAN_POINT ( 'NONE',  ( 19.50380903963291601, -5.872419021355165470E-15, -55.81450076724370035 ) ) ;
#328 = CARTESIAN_POINT ( 'NONE',  ( -2.115007851825669860, -5.253166091032991147, -59.06491920037768750 ) ) ;
#329 = CARTESIAN_POINT ( 'NONE',  ( 16.67208845979187615, -9.261211234296169325E-13, -51.03377212656962314 ) ) ;
#330 = EDGE_LOOP ( 'NONE', ( #1033, #970, #91, #1395, #2105 ) ) ;
#331 = CARTESIAN_POINT ( 'NONE',  ( 187.2923368198792105, -10.00000000000256506, 124.8369272143490605 ) ) ;
#332 = CARTESIAN_POINT ( 'NONE',  ( 23.30385506175584709, -2.750000000000003109, -59.02403318930421960 ) ) ;
#333 = CARTESIAN_POINT ( 'NONE',  ( 34.29591840025669569, -2.750000000000004885, -68.92114828300012164 ) ) ;
#334 = CARTESIAN_POINT ( 'NONE',  ( 19.55357301884498256, -0.1450185258516110687, -54.05752206168041596 ) ) ;
#335 = CARTESIAN_POINT ( 'NONE',  ( 10.68988785196087754, -4.207980228640474117E-12, -41.90966391585642015 ) ) ;
#336 = CARTESIAN_POINT ( 'NONE',  ( 19.12080648310513808, -0.002432341369943120599, -49.94193039776497756 ) ) ;
#337 = DATE_AND_TIME ( #1882, #1051 ) ;
#338 = FACE_BOUND ( 'NONE', #532, .T. ) ;
#339 = VECTOR ( 'NONE', #1589, 1000.000000000000000 ) ;
#340 = CARTESIAN_POINT ( 'NONE',  ( 236.3999999999999204, -10.00000000000003553, -124.9999999999999858 ) ) ;
#341 = CARTESIAN_POINT ( 'NONE',  ( 172.2023680375065453, -2.775557561562891351E-14, -60.85038847029773024 ) ) ;
#342 = CARTESIAN_POINT ( 'NONE',  ( 20.02561516005847508, -0.8552503019692977437, 51.63722297148487428 ) ) ;
#343 = ORGANIZATION ( 'UNSPECIFIED', 'UNSPECIFIED', '' ) ;
#344 = ORIENTED_EDGE ( 'NONE', *, *, #577, .T. ) ;
#345 = CARTESIAN_POINT ( 'NONE',  ( 156.9807806531452457, -10.46010879628817314, 50.06789516246557525 ) ) ;
#346 = CARTESIAN_POINT ( 'NONE',  ( 20.34085220601151178, -1.001570779247197285, -55.68796092131336906 ) ) ;
#347 = CARTESIAN_POINT ( 'NONE',  ( 171.0453258328183210, 2.176982720064603123E-11, 30.99939560108691694 ) ) ;
#348 = CARTESIAN_POINT ( 'NONE',  ( 22.81168416089447248, -6.722053469410127491E-15, -60.19063008427125538 ) ) ;
#349 = CARTESIAN_POINT ( 'NONE',  ( 20.00442283940273924, -0.7499241421904965232, -52.60549128726889734 ) ) ;
#350 = PERSON_AND_ORGANIZATION_ROLE ( 'classification_officer' ) ;
#351 = FACE_OUTER_BOUND ( 'NONE', #370, .T. ) ;
#352 = CARTESIAN_POINT ( 'NONE',  ( 9.813613405823641500, -4.119968255444916849E-15, 42.39472947043136486 ) ) ;
#353 = ORIENTED_EDGE ( 'NONE', *, *, #1370, .F. ) ;
#354 = CARTESIAN_POINT ( 'NONE',  ( 19.75029852119229901, -0.3007906870665135179, 54.67522308121001373 ) ) ;
#355 = CARTESIAN_POINT ( 'NONE',  ( 67.32769801414514177, -10.00000000000254552, 159.3730508030043325 ) ) ;
#356 = CARTESIAN_POINT ( 'NONE',  ( 37.18529120979628999, -2.750000000001560085, -71.03574217188399587 ) ) ;
#357 = CARTESIAN_POINT ( 'NONE',  ( 2.632822303264428232, -9.999999999999342748, -56.23454071742366978 ) ) ;
#358 = CARTESIAN_POINT ( 'NONE',  ( 168.0561011443851953, -2.722295684397816626E-14, -51.23880928039209692 ) ) ;
#359 = CARTESIAN_POINT ( 'NONE',  ( 127.0043829937113031, -2.341876692568689577E-14, 84.36153927385646512 ) ) ;
#360 = CARTESIAN_POINT ( 'NONE',  ( 19.87347064609632241, -0.4558816272017677806, -54.38244842184472105 ) ) ;
#361 = CARTESIAN_POINT ( 'NONE',  ( 62.21940687533041370, -51.13139327542298673, -41.27885449820786334 ) ) ;
#362 = CARTESIAN_POINT ( 'NONE',  ( 44.58884204946429719, -5.254923277634310486E-11, -75.76455500065648607 ) ) ;
#363 = EDGE_LOOP ( 'NONE', ( #1713, #2082, #235, #1264 ) ) ;
#364 = VERTEX_POINT ( 'NONE', #1681 ) ;
#365 = CARTESIAN_POINT ( 'NONE',  ( 147.9191747808522166, -9.155310185201505746, 61.43512048259641034 ) ) ;
#366 = CARTESIAN_POINT ( 'NONE',  ( 170.4183210421419687, -1.245710073276668061E-11, -35.02724402004087523 ) ) ;
#367 = CARTESIAN_POINT ( 'NONE',  ( 8.584165051147508052, -1.000000000000004441, 37.54538362053246914 ) ) ;
#368 = CARTESIAN_POINT ( 'NONE',  ( 17.36828176043510652, 3.279470786146684080, -58.70051156578477958 ) ) ;
#369 = CARTESIAN_POINT ( 'NONE',  ( 110.5805931272983713, -51.13139327542301515, -41.27885449666793249 ) ) ;
#370 = EDGE_LOOP ( 'NONE', ( #1202, #810 ) ) ;
#371 = VECTOR ( 'NONE', #257, 1000.000000000000000 ) ;
#372 = VERTEX_POINT ( 'NONE', #322 ) ;
#373 = CARTESIAN_POINT ( 'NONE',  ( 35.48345936264333744, -7.806255641895631925E-15, -70.16863935788890672 ) ) ;
#374 = CARTESIAN_POINT ( 'NONE',  ( 18.77719939846388542, -1.000000000000005551, 53.99627359746481403 ) ) ;
#375 = CARTESIAN_POINT ( 'NONE',  ( 19.54870919739023449, -0.09910397978203996927, -57.67061678415035431 ) ) ;
#376 = CARTESIAN_POINT ( 'NONE',  ( -2.819200273612061380, -3.983921567291324628, -59.76102193758997316 ) ) ;
#377 = ADVANCED_FACE ( 'NONE', ( #660 ), #126, .F. ) ;
#378 = VECTOR ( 'NONE', #1244, 1000.000000000000000 ) ;
#379 = CARTESIAN_POINT ( 'NONE',  ( 21.22957914591017570, -5.854691731421723944E-15, -58.31644400107919779 ) ) ;
#380 = CARTESIAN_POINT ( 'NONE',  ( 175.1935508056922686, -2.914859944529227265E-14, 32.50330640496019186 ) ) ;
#381 = CARTESIAN_POINT ( 'NONE',  ( 0.3185643450413075950, -5.744185191088335252, -58.78925106948148027 ) ) ;
#382 = CARTESIAN_POINT ( 'NONE',  ( 20.81058517859968404, -23.21212248175794102, 8.208598912133837189 ) ) ;
#383 = CARTESIAN_POINT ( 'NONE',  ( 86.40000000000000568, 0.000000000000000000, 0.000000000000000000 ) ) ;
#384 = VERTEX_POINT ( 'NONE', #602 ) ;
#385 = CARTESIAN_POINT ( 'NONE',  ( 126.8571857743492330, 3.112018507807207941E-12, 79.00255979345068624 ) ) ;
#386 = CARTESIAN_POINT ( 'NONE',  ( 96.20950330287215024, -4.372500000008039400, 86.38666875959395952 ) ) ;
#387 = ADVANCED_FACE ( 'NONE', ( #1124 ), #1595, .F. ) ;
#388 = CARTESIAN_POINT ( 'NONE',  ( -2.685218906546223749, -4.717244607743124263, -59.36196537886501545 ) ) ;
#389 = CARTESIAN_POINT ( 'NONE',  ( 15.86505244659316638, -5.204170427930421283E-15, -51.62444078544004356 ) ) ;
#390 = EDGE_LOOP ( 'NONE', ( #797, #2119, #1082 ) ) ;
#391 = DIRECTION ( 'NONE',  ( 0.000000000000000000, 0.7266260847305254789, 0.6870331382030906431 ) ) ;
#392 = CARTESIAN_POINT ( 'NONE',  ( 69.65712660853368732, -1.339708353267667892E-14, 87.56279413820675472 ) ) ;
#393 = ORIENTED_EDGE ( 'NONE', *, *, #1409, .T. ) ;
#394 = CARTESIAN_POINT ( 'NONE',  ( 181.0940313110722002, -3.147257435945459513E-14, -13.96119198768387015 ) ) ;
#395 = CARTESIAN_POINT ( 'NONE',  ( 127.6788544974380954, -51.13139327542285173, 5.055201703275687592E-15 ) ) ;
#396 = CARTESIAN_POINT ( 'NONE',  ( -22.00000000000000355, -9.999999999999989342, -56.23454071742323634 ) ) ;
#397 = EDGE_CURVE ( 'NONE', #725, #1689, #207, .T. ) ;
#398 = VERTEX_POINT ( 'NONE', #432 ) ;
#399 = CARTESIAN_POINT ( 'NONE',  ( 86.39999999999997726, -53.01288504816876923, 0.000000000000000000 ) ) ;
#400 = CARTESIAN_POINT ( 'NONE',  ( 30.99485569278642672, -8.239936510889833698E-15, -69.49395409819486247 ) ) ;
#401 = CARTESIAN_POINT ( 'NONE',  ( 24.06761318335274780, -19.11124630984953043, 39.29856762868404019 ) ) ;
#402 = CARTESIAN_POINT ( 'NONE',  ( 20.03370205221202482, -0.9651005032974853126, 50.42498198070919813 ) ) ;
#403 = CARTESIAN_POINT ( 'NONE',  ( -2.356156567905142385, -2.502374822675159649, -60.54581286081605640 ) ) ;
#404 = CARTESIAN_POINT ( 'NONE',  ( 15.30680283668225172, 3.946524531898342847, 56.93526383852791639 ) ) ;
#405 = CARTESIAN_POINT ( 'NONE',  ( -1.909427272331312153, -1.441111606634949416, 61.08707564179862004 ) ) ;
#406 = CARTESIAN_POINT ( 'NONE',  ( 156.9807806532288055, -18.62368750001445505, -50.06789516236074178 ) ) ;
#407 = ORIENTED_EDGE ( 'NONE', *, *, #1441, .F. ) ;
#408 = CARTESIAN_POINT ( 'NONE',  ( 24.01095888740845652, -6.518245265822901757, 55.80686381912229876 ) ) ;
#409 = AXIS2_PLACEMENT_3D ( 'NONE', #72, #579, #2100 ) ;
#410 = CARTESIAN_POINT ( 'NONE',  ( 169.5541752803779616, -16.88818923612511114, -23.95462078699372910 ) ) ;
#411 = ORIENTED_EDGE ( 'NONE', *, *, #397, .T. ) ;
#412 = CARTESIAN_POINT ( 'NONE',  ( 20.41594773114312744, -1.341581437378421393, 57.38142030439210828 ) ) ;
#413 = CARTESIAN_POINT ( 'NONE',  ( 19.26716800247505290, -0.02673261004622624545, 51.71152968878956813 ) ) ;
#414 = CARTESIAN_POINT ( 'NONE',  ( 84.40586425602889165, -2.749999999990703436, 86.67324014916344765 ) ) ;
#415 =( BOUNDED_SURFACE ( )  B_SPLINE_SURFACE ( 3, 2, ( 
 ( #479, #456, #465 ),
 ( #1846, #316, #985 ),
 ( #297, #1675, #342 ),
 ( #156, #809, #957 ),
 ( #136, #6, #1016 ),
 ( #1507, #1521, #2192 ),
 ( #655, #787, #1701 ),
 ( #1148, #1336, #2030 ),
 ( #495, #1172, #1859 ),
 ( #998, #1688, #169 ),
 ( #823, #679, #1265 ),
 ( #1401, #520, #1887 ),
 ( #1071, #1250, #1084 ),
 ( #1597, #412, #1779 ),
 ( #253, #911, #92 ),
 ( #1440, #820, #1909 ),
 ( #1064, #1214, #541 ),
 ( #1747, #857, #1547 ),
 ( #851, #220, #1077 ),
 ( #1408, #1394, #354 ),
 ( #878, #1054, #52 ),
 ( #30, #210, #1727 ),
 ( #44, #711, #1758 ),
 ( #891, #1579, #200 ),
 ( #1590, #2103, #1243 ),
 ( #233, #75, #1420 ),
 ( #2113, #1890, #246 ),
 ( #570, #1433, #86 ),
 ( #1602, #1091, #741 ),
 ( #1256, #904, #1941 ),
 ( #404, #1772, #1677 ),
 ( #2019, #20, #158 ),
 ( #139, #1495, #485 ),
 ( #668, #2182, #838 ),
 ( #643, #2196, #1326 ),
 ( #1175, #1161, #1510 ) ),
 .UNSPECIFIED., .F., .F., .T. ) 
 B_SPLINE_SURFACE_WITH_KNOTS ( ( 4, 2, 2, 2, 2, 2, 2, 2, 2, 2, 2, 2, 2, 2, 2, 2, 2, 4 ),
 ( 3, 3 ),
 ( 0.1317279812165571273, 0.1342720003223886183, 0.1355440098753043499, 0.1361800146517622156, 0.1364980170399911485, 0.1368160194282200814, 0.1380880289811358130, 0.1393600385340515724, 0.1399960433105094659, 0.1406320480869673317, 0.1419040576398830633, 0.1431760671927987949, 0.1444480767457145265, 0.1457200862986302581, 0.1469920958515460174, 0.1482641054044617768, 0.1495361149573775084, 0.1520801340632089715 ),
 ( 0.000000000000000000, 1.000000000000000000 ),
 .UNSPECIFIED. ) 
 GEOMETRIC_REPRESENTATION_ITEM ( )  RATIONAL_B_SPLINE_SURFACE ( (
 ( 1.000000000000000000, 0.9005267336268805156, 1.000000000000000000),
 ( 1.000000000000000000, 0.9085405835785106410, 1.000000000000000000),
 ( 1.000000000000000000, 0.9161133111296982934, 1.000000000000000000),
 ( 1.000000000000000000, 0.9265915570984978311, 1.000000000000000000),
 ( 1.000000000000000000, 0.9299379854007701063, 1.000000000000000000),
 ( 1.000000000000000000, 0.9346840616307564575, 1.000000000000000000),
 ( 1.000000000000000000, 0.9362048390655237640, 1.000000000000000000),
 ( 1.000000000000000000, 0.9383879151809063623, 1.000000000000000000),
 ( 1.000000000000000000, 0.9391054464124048984, 1.000000000000000000),
 ( 1.000000000000000000, 0.9404710581073314479, 1.000000000000000000),
 ( 1.000000000000000000, 0.9411394824406439374, 1.000000000000000000),
 ( 1.000000000000000000, 0.9444066416878182935, 1.000000000000000000),
 ( 1.000000000000000000, 0.9467828729340771465, 1.000000000000000000),
 ( 1.000000000000000000, 0.9509485503827047603, 1.000000000000000000),
 ( 1.000000000000000000, 0.9526966476723904842, 1.000000000000000000),
 ( 1.000000000000000000, 0.9547069977155473453, 1.000000000000000000),
 ( 1.000000000000000000, 0.9552772995043588011, 1.000000000000000000),
 ( 1.000000000000000000, 0.9562022050716583177, 1.000000000000000000),
 ( 1.000000000000000000, 0.9565575443118211618, 1.000000000000000000),
 ( 1.000000000000000000, 0.9572572230832363527, 1.000000000000000000),
 ( 1.000000000000000000, 0.9572473369165036550, 1.000000000000000000),
 ( 1.000000000000000000, 0.9562750996295358297, 1.000000000000000000),
 ( 1.000000000000000000, 0.9552924212260610615, 1.000000000000000000),
 ( 1.000000000000000000, 0.9524821137593543208, 1.000000000000000000),
 ( 1.000000000000000000, 0.9506576597944246254, 1.000000000000000000),
 ( 1.000000000000000000, 0.9462549639895715403, 1.000000000000000000),
 ( 1.000000000000000000, 0.9437167502040586520, 1.000000000000000000),
 ( 1.000000000000000000, 0.9381374542614480116, 1.000000000000000000),
 ( 1.000000000000000000, 0.9350873526249013912, 1.000000000000000000),
 ( 1.000000000000000000, 0.9285420476288047675, 1.000000000000000000),
 ( 1.000000000000000000, 0.9250326020009327355, 1.000000000000000000),
 ( 1.000000000000000000, 0.9177726696530937867, 1.000000000000000000),
 ( 1.000000000000000000, 0.9140067880413635937, 1.000000000000000000),
 ( 1.000000000000000000, 0.9023663663159687820, 1.000000000000000000),
 ( 1.000000000000000000, 0.8941501806119522833, 1.000000000000000000),
 ( 1.000000000000000000, 0.8855915098888206272, 1.000000000000000000) ) ) 
 REPRESENTATION_ITEM ( '' )  SURFACE ( )  );
#416 = EDGE_CURVE ( 'NONE', #1578, #189, #110, .T. ) ;
#417 = VECTOR ( 'NONE', #462, 1000.000000000000000 ) ;
#418 = CARTESIAN_POINT ( 'NONE',  ( 24.06869915728361775, -30.64154820797358170, 5.329041609967593018 ) ) ;
#419 = DIRECTION ( 'NONE',  ( -0.02398482397819224135, 0.6868354943856728179, -0.7264170509223496497 ) ) ;
#420 = CARTESIAN_POINT ( 'NONE',  ( 20.00000000000000000, 0.000000000000000000, 56.83485783801463498 ) ) ;
#421 = CARTESIAN_POINT ( 'NONE',  ( 169.5541752804209068, -3.469446951953614189E-15, -23.95462078700874287 ) ) ;
#422 = CARTESIAN_POINT ( 'NONE',  ( 64.63417404773237251, -1.273100898351933683E-14, -91.58157487736600899 ) ) ;
#423 = CARTESIAN_POINT ( 'NONE',  ( 166.3541641711026671, -17.52655844906011851, -33.10245240626227314 ) ) ;
#424 = CC_DESIGN_DATE_AND_TIME_ASSIGNMENT ( #337, #1309, ( #642 ) ) ;
#425 = EDGE_LOOP ( 'NONE', ( #907, #2173, #1032, #2044 ) ) ;
#426 = CARTESIAN_POINT ( 'NONE',  ( 19.66613929661655646, -0.2248188790055664632, 54.52595479502326725 ) ) ;
#427 = DIRECTION ( 'NONE',  ( 1.000000000000000000, -1.500332356076765934E-16, -2.220446049250312834E-16 ) ) ;
#428 = CARTESIAN_POINT ( 'NONE',  ( 20.75179143355783040, -21.52848990728800871, -16.35537262321818730 ) ) ;
#429 = CARTESIAN_POINT ( 'NONE',  ( -63.60000000000005826, -9.999999999999989342, -124.9999999999999858 ) ) ;
#430 = CARTESIAN_POINT ( 'NONE',  ( 0.7968754605901207100, -1.913574482789552927E-14, 61.80000000000000426 ) ) ;
#431 = CARTESIAN_POINT ( 'NONE',  ( 100.9333020382910888, -3.469446951953614189E-14, -85.30664602170975286 ) ) ;
#432 = CARTESIAN_POINT ( 'NONE',  ( -2.179733859829516174, -2.000000000000017764, 60.80283175413603658 ) ) ;
#433 = CARTESIAN_POINT ( 'NONE',  ( 32.49170014716028732, -2.334898437656616643, -67.69295333034223461 ) ) ;
#434 = ADVANCED_FACE ( 'NONE', ( #754 ), #1842, .F. ) ;
#435 = CARTESIAN_POINT ( 'NONE',  ( 20.02901478553716075, -0.8879320518241298199, 51.29181519509702980 ) ) ;
#436 = CARTESIAN_POINT ( 'NONE',  ( 121.3924305383959279, -2.104495211485583107E-14, 84.96113182798738706 ) ) ;
#437 = CARTESIAN_POINT ( 'NONE',  ( 20.93419092527669179, -26.75172795098329459, -12.58975192510756003 ) ) ;
#438 = DIRECTION ( 'NONE',  ( -0.000000000000000000, 0.000000000000000000, 1.000000000000000000 ) ) ;
#439 = CARTESIAN_POINT ( 'NONE',  ( 18.87978037614491811, -1.000000000000005773, -53.92075191586115324 ) ) ;
#440 = CARTESIAN_POINT ( 'NONE',  ( 47.26710432637255366, -9.905790037998817236E-15, -83.05424799377384204 ) ) ;
#441 = CARTESIAN_POINT ( 'NONE',  ( 140.3748994943774164, -19.58698640044966766, -67.63986212419163735 ) ) ;
#442 = CARTESIAN_POINT ( 'NONE',  ( 19.70725872075680130, -0.2600279030241827161, 54.62188670704973958 ) ) ;
#443 = EDGE_CURVE ( 'NONE', #1947, #1889, #451, .T. ) ;
#444 = CARTESIAN_POINT ( 'NONE',  ( 159.8310072239632404, -2.749999999968969711, -46.08812009078757654 ) ) ;
#445 = CARTESIAN_POINT ( 'NONE',  ( 236.3999999999999204, -10.00000000000003553, -124.9999999999999858 ) ) ;
#446 = CARTESIAN_POINT ( 'NONE',  ( 20.83018609238741803, -23.77341921355967003, 2.399436406299473301 ) ) ;
#447 = CARTESIAN_POINT ( 'NONE',  ( 45.12114550253966172, -51.13139327542297252, 82.55770899488700820 ) ) ;
#448 = CARTESIAN_POINT ( 'NONE',  ( 8.584165051147548908, -1.000000000000004441, -37.54538362053254730 ) ) ;
#449 = DIRECTION ( 'NONE',  ( 0.000000000000000000, -0.000000000000000000, 1.000000000000000000 ) ) ;
#450 = CARTESIAN_POINT ( 'NONE',  ( 44.58884204951603891, -5.164562500155128966, -75.76455500065374338 ) ) ;
#451 = B_SPLINE_CURVE_WITH_KNOTS ( 'NONE', 3,
 ( #1932, #395, #761, #79 ),
 .UNSPECIFIED., .F., .F.,
 ( 4, 4 ),
 ( 0.1404943933070662287, 0.7211989875417014195 ),
 .UNSPECIFIED. ) ;
#452 = CARTESIAN_POINT ( 'NONE',  ( 19.78963780741302259, -0.3443593804353998200, -54.65012090010595358 ) ) ;
#453 = CARTESIAN_POINT ( 'NONE',  ( 20.73157578962356240, -20.94958960730896536, 18.73298173107423992 ) ) ;
#454 = DIRECTION ( 'NONE',  ( 1.500332356076765934E-16, 1.000000000000000000, -0.000000000000000000 ) ) ;
#455 = CARTESIAN_POINT ( 'NONE',  ( 140.3748994943715616, -2.775557561562891351E-14, -67.63986212418510036 ) ) ;
#456 = CARTESIAN_POINT ( 'NONE',  ( 20.15610694121896529, -4.470317907967056748, 53.74324603538945411 ) ) ;
#457 = CARTESIAN_POINT ( 'NONE',  ( 40.22185415493378002, -1.472057662006673152E-11, 73.66452158764990088 ) ) ;
#458 = CARTESIAN_POINT ( 'NONE',  ( 236.3999999999999204, 19.99999999999996447, -124.9999999999999858 ) ) ;
#459 = CARTESIAN_POINT ( 'NONE',  ( 171.6111706980806559, -2.749999999981549870, 15.97761007453928706 ) ) ;
#460 = CARTESIAN_POINT ( 'NONE',  ( 23.22181303393259100, -2.537542112578493825, -59.15368909490827320 ) ) ;
#461 = PERSON_AND_ORGANIZATION_ROLE ( 'creator' ) ;
#462 = DIRECTION ( 'NONE',  ( 1.500332356076765934E-16, 1.000000000000000000, 0.000000000000000000 ) ) ;
#463 = FACE_OUTER_BOUND ( 'NONE', #1109, .T. ) ;
#464 = CARTESIAN_POINT ( 'NONE',  ( 96.62595163206610493, -1.821459649775647449E-14, 90.77678198205465776 ) ) ;
#465 = CARTESIAN_POINT ( 'NONE',  ( 20.03370205221202127, -0.9651005032974963038, 50.42498198070926918 ) ) ;
#466 = VERTEX_POINT ( 'NONE', #1450 ) ;
#467 = CARTESIAN_POINT ( 'NONE',  ( 23.63138245309565022, 2.885203125470675918E-12, -59.42163606089454930 ) ) ;
#468 = ORIENTED_EDGE ( 'NONE', *, *, #1183, .F. ) ;
#469 = CARTESIAN_POINT ( 'NONE',  ( 19.67576933181879184, -5.876502238097042995E-15, -56.45313371693613647 ) ) ;
#470 = CARTESIAN_POINT ( 'NONE',  ( 20.82533684685186870, -23.63455499017306849, 4.692370494618431032 ) ) ;
#471 = CARTESIAN_POINT ( 'NONE',  ( 172.1673415941462224, -2.750000000006237233, -12.65664850184620782 ) ) ;
#472 = CARTESIAN_POINT ( 'NONE',  ( 19.99950284322409289, -0.7364341547872982341, -52.69980636287493070 ) ) ;
#473 = PERSON_AND_ORGANIZATION_ROLE ( 'creator' ) ;
#474 = CC_DESIGN_APPROVAL ( #1139, ( #1446 ) ) ;
#475 = FACE_OUTER_BOUND ( 'NONE', #425, .T. ) ;
#476 = CARTESIAN_POINT ( 'NONE',  ( 54.95633809126420743, -1.019150042136374168E-14, 82.96064606755138016 ) ) ;
#477 = CARTESIAN_POINT ( 'NONE',  ( 188.1546965553352777, -3.122502256758252770E-14, -11.44775443930591585 ) ) ;
#478 = EDGE_CURVE ( 'NONE', #958, #2111, #1069, .T. ) ;
#479 = CARTESIAN_POINT ( 'NONE',  ( 24.01095888740847073, -6.518245265822820933, 55.80686381912240535 ) ) ;
#480 = ORIENTED_EDGE ( 'NONE', *, *, #54, .F. ) ;
#481 = EDGE_CURVE ( 'NONE', #811, #1452, #2091, .T. ) ;
#482 = VERTEX_POINT ( 'NONE', #930 ) ;
#483 =( BOUNDED_SURFACE ( )  B_SPLINE_SURFACE ( 2, 3, ( 
 ( #367, #1047, #2118, #374, #1731, #1739, #872, #714, #1398, #554, #386, #1068, #1751, #724, #575, #884, #1584, #1413, #1247, #1933, #1262, #1081, #1762, #237, #896, #80, #410, #423, #1995, #282, #298, #1805, #1615, #441, #2163, #2145, #762, #1819, #777, #603, #1625, #1290, #1285, #272, #111, #1986, #137, #941, #623, #1459, #931, #450, #789, #433, #1118, #920, #1976, #128, #290, #1634, #632, #1306, #119, #770 ),
 ( #1125, #1653, #2174, #1133, #1469, #2154, #457, #1796, #1957, #1787, #613, #1140, #1485, #959, #1826, #948, #1108, #1299, #1641, #1477, #262, #1451, #99, #755, #1968, #2137, #596, #531, #1712, #306, #1031, #1886, #188, #1315, #1212, #1201, #1899, #848, #1835, #519, #2072, #1361, #678, #1545, #691, #2057, #17, #28, #1663, #1494, #1376, #362, #1041, #1724, #2006, #467, #1150, #971, #149, #798, #162, #2186, #335, #1369 ),
 ( #854, #1720, #832, #2067, #803, #1499, #501, #698, #1219, #184, #661, #1529, #359, #1682, #1905, #648, #1514, #195, #537, #36, #1554, #1026, #1383, #175, #2051, #2078, #816, #1329, #1708, #1007, #978, #12, #1342, #2024, #490, #2035, #1668, #152, #1165, #1180, #672, #2200, #25, #844, #513, #1880, #1865, #1852, #323, #1195, #992, #1208, #1356, #1696, #1038, #348, #1540, #685, #527, #1895, #605, #1987, #309, #2076 ) ),
 .UNSPECIFIED., .F., .F., .F. ) 
 B_SPLINE_SURFACE_WITH_KNOTS ( ( 3, 3 ),
 ( 4, 2, 2, 2, 2, 2, 2, 2, 2, 2, 2, 2, 2, 2, 2, 2, 2, 2, 2, 2, 2, 2, 2, 2, 2, 2, 2, 2, 2, 2, 2, 4 ),
 ( 0.000000000000000000, 1.000000000000000000 ),
 ( 0.4495419638380254712, 0.6177951319475110115, 0.7860483000569964407, 1.122554636275967299, 1.459060972494938380, 1.795567308713909238, 2.132073644932880541, 2.468579981151851399, 2.636833149261336828, 2.805086317370822258, 2.973339485480307687, 3.141592653589793116, 3.309845821699278545, 3.478098989808763974, 3.646352157918249404, 3.814605326027734833, 3.982858494137220262, 4.151111662246705691, 4.319364830356191121, 4.361428122383562922, 4.403491414410933835, 4.487617998465676550, 4.655871166575161979, 4.824124334684647408, 4.992377502794132837, 5.160630670903618267, 5.328883839013103696, 5.497137007122589125, 5.581263591177331840, 5.623326883204702753, 5.665390175232074554, 5.833643343341560872 ),
 .UNSPECIFIED. ) 
 GEOMETRIC_REPRESENTATION_ITEM ( )  RATIONAL_B_SPLINE_SURFACE ( (
 ( 1.000000000000000000, 1.000000000000000000, 1.000000000000000000, 1.000000000000000000, 1.000000000000000000, 1.000000000000000000, 1.000000000000000000, 1.000000000000000000, 1.000000000000000000, 1.000000000000000000, 1.000000000000000000, 1.000000000000000000, 1.000000000000000000, 1.000000000000000000, 1.000000000000000000, 1.000000000000000000, 1.000000000000000000, 1.000000000000000000, 1.000000000000000000, 1.000000000000000000, 1.000000000000000000, 1.000000000000000000, 1.000000000000000000, 1.000000000000000000, 1.000000000000000000, 1.000000000000000000, 1.000000000000000000, 1.000000000000000000, 1.000000000000000000, 1.000000000000000000, 1.000000000000000000, 1.000000000000000000, 1.000000000000000000, 1.000000000000000000, 1.000000000000000000, 1.000000000000000000, 1.000000000000000000, 1.000000000000000000, 1.000000000000000000, 1.000000000000000000, 1.000000000000000000, 1.000000000000000000, 1.000000000000000000, 1.000000000000000000, 1.000000000000000000, 1.000000000000000000, 1.000000000000000000, 1.000000000000000000, 1.000000000000000000, 1.000000000000000000, 1.000000000000000000, 1.000000000000000000, 1.000000000000000000, 1.000000000000000000, 1.000000000000000000, 1.000000000000000000, 1.000000000000000000, 1.000000000000000000, 1.000000000000000000, 1.000000000000000000, 1.000000000000000000, 1.000000000000000000, 1.000000000000000000, 1.000000000000000000),
 ( 0.7071067811865474617, 0.7071067811865474617, 0.7071067811865479058, 0.7071067811865479058, 0.7071067811865491270, 0.7071067811865491270, 0.7071067811865475727, 0.7071067811865475727, 0.7071067811865474617, 0.7071067811865474617, 0.7071067811865475727, 0.7071067811865475727, 0.7071067811865475727, 0.7071067811865475727, 0.7071067811865476838, 0.7071067811865476838, 0.7071067811865476838, 0.7071067811865476838, 0.7071067811865475727, 0.7071067811865475727, 0.7071067811865476838, 0.7071067811865476838, 0.7071067811865476838, 0.7071067811865476838, 0.7071067811865476838, 0.7071067811865476838, 0.7071067811865471286, 0.7071067811865471286, 0.7071067811865476838, 0.7071067811865476838, 0.7071067811865476838, 0.7071067811865476838, 0.7071067811865476838, 0.7071067811865476838, 0.7071067811865475727, 0.7071067811865475727, 0.7071067811865473507, 0.7071067811865473507, 0.7071067811865475727, 0.7071067811865475727, 0.7071067811865475727, 0.7071067811865475727, 0.7071067811865477948, 0.7071067811865477948, 0.7071067811865475727, 0.7071067811865475727, 0.7071067811865477948, 0.7071067811865477948, 0.7071067811865475727, 0.7071067811865475727, 0.7071067811865476838, 0.7071067811865476838, 0.7071067811865474617, 0.7071067811865474617, 0.7071067811865467956, 0.7071067811865467956, 0.7071067811865474617, 0.7071067811865474617, 0.7071067811865474617, 0.7071067811865474617, 0.7071067811865479058, 0.7071067811865479058, 0.7071067811865476838, 0.7071067811865476838),
 ( 1.000000000000000000, 1.000000000000000000, 1.000000000000000000, 1.000000000000000000, 1.000000000000000000, 1.000000000000000000, 1.000000000000000000, 1.000000000000000000, 1.000000000000000000, 1.000000000000000000, 1.000000000000000000, 1.000000000000000000, 1.000000000000000000, 1.000000000000000000, 1.000000000000000000, 1.000000000000000000, 1.000000000000000000, 1.000000000000000000, 1.000000000000000000, 1.000000000000000000, 1.000000000000000000, 1.000000000000000000, 1.000000000000000000, 1.000000000000000000, 1.000000000000000000, 1.000000000000000000, 1.000000000000000000, 1.000000000000000000, 1.000000000000000000, 1.000000000000000000, 1.000000000000000000, 1.000000000000000000, 1.000000000000000000, 1.000000000000000000, 1.000000000000000000, 1.000000000000000000, 1.000000000000000000, 1.000000000000000000, 1.000000000000000000, 1.000000000000000000, 1.000000000000000000, 1.000000000000000000, 1.000000000000000000, 1.000000000000000000, 1.000000000000000000, 1.000000000000000000, 1.000000000000000000, 1.000000000000000000, 1.000000000000000000, 1.000000000000000000, 1.000000000000000000, 1.000000000000000000, 1.000000000000000000, 1.000000000000000000, 1.000000000000000000, 1.000000000000000000, 1.000000000000000000, 1.000000000000000000, 1.000000000000000000, 1.000000000000000000, 1.000000000000000000, 1.000000000000000000, 1.000000000000000000, 1.000000000000000000) ) ) 
 REPRESENTATION_ITEM ( '' )  SURFACE ( )  );
#484 = PLANE ( 'NONE',  #1050 ) ;
#485 = CARTESIAN_POINT ( 'NONE',  ( 19.19689771780910093, -0.01297350683206151614, 50.89867934593350896 ) ) ;
#486 = CARTESIAN_POINT ( 'NONE',  ( 19.59624377664143324, -0.005803029743634577006, -56.11673947618631075 ) ) ;
#487 = CARTESIAN_POINT ( 'NONE',  ( 20.14760342730034992, -4.226809129599339521, -46.97530475719094056 ) ) ;
#488 = LINE ( 'NONE', #1163, #1197 ) ;
#489 = CARTESIAN_POINT ( 'NONE',  ( 138.1463538553895489, -2.750000000018645974, 69.55963267652660420 ) ) ;
#490 = CARTESIAN_POINT ( 'NONE',  ( 147.9261559369498968, -2.428612866367529932E-14, -86.66619123439680550 ) ) ;
#491 = CARTESIAN_POINT ( 'NONE',  ( 19.82667983122200184, -0.3896493140055589666, -54.57727596566756034 ) ) ;
#492 = PERSON_AND_ORGANIZATION_ROLE ( 'design_supplier' ) ;
#493 = CARTESIAN_POINT ( 'NONE',  ( -2.822306880150945663, -4.109474330798549069, -59.69322472693345105 ) ) ;
#494 = CARTESIAN_POINT ( 'NONE',  ( 185.8138297370111616, -3.122502256758252770E-14, -28.62001714607777103 ) ) ;
#495 = CARTESIAN_POINT ( 'NONE',  ( 23.32218648797232419, -2.797998007566523171, 58.99452334201490800 ) ) ;
#496 = EDGE_LOOP ( 'NONE', ( #1079, #1652, #1902, #898 ) ) ;
#497 = CARTESIAN_POINT ( 'NONE',  ( 19.59942786892148803, -0.07041488315491382932, -55.77416633198945561 ) ) ;
#498 = CARTESIAN_POINT ( 'NONE',  ( -22.00000000000000355, -5.500000000000000000, -58.92672230857210991 ) ) ;
#499 = CARTESIAN_POINT ( 'NONE',  ( 153.1231836953348306, -2.697005529302900060E-14, -69.95491259800255079 ) ) ;
#500 = CARTESIAN_POINT ( 'NONE',  ( 19.15368883251077747, -0.004229071369479833059, -50.40344394577232379 ) ) ;
#501 = CARTESIAN_POINT ( 'NONE',  ( 39.46055101436861179, -1.019150042136374168E-14, 74.80363292895221150 ) ) ;
#502 = CARTESIAN_POINT ( 'NONE',  ( 20.61260017380505261, -2.243501527098261672, -56.66677857702219256 ) ) ;
#503 = COORDINATED_UNIVERSAL_TIME_OFFSET ( 5, 0, .AHEAD. ) ;
#504 = CARTESIAN_POINT ( 'NONE',  ( 55.68605215351400517, -1.992110923715122217, 81.10107357405674122 ) ) ;
#505 = CARTESIAN_POINT ( 'NONE',  ( -22.00000000000000355, -10.00000000244338771, 56.23454071586580483 ) ) ;
#506 = CARTESIAN_POINT ( 'NONE',  ( 187.4870370370134083, -3.122502256758252770E-14, 5.691111481175588516 ) ) ;
#507 = FACE_OUTER_BOUND ( 'NONE', #1055, .T. ) ;
#508 = ORIENTED_EDGE ( 'NONE', *, *, #771, .F. ) ;
#509 = CARTESIAN_POINT ( 'NONE',  ( -63.60000000000005826, -9.999999999999989342, -124.9999999999999858 ) ) ;
#510 = CARTESIAN_POINT ( 'NONE',  ( 100.9333020382883319, -18.99775000014479787, -85.30664602169765942 ) ) ;
#511 = CARTESIAN_POINT ( 'NONE',  ( 24.06947476338561387, -19.17769470380522279, -39.43373192211567613 ) ) ;
#512 = CARTESIAN_POINT ( 'NONE',  ( 128.9551816349476496, -2.750000000049696247, -75.53333139374832683 ) ) ;
#513 = CARTESIAN_POINT ( 'NONE',  ( 98.11720691939522965, -1.734723475976807094E-14, -104.1445348416288539 ) ) ;
#514 = CARTESIAN_POINT ( 'NONE',  ( 19.02781102552340542, -2.112652080880905725E-05, -48.57611477673282963 ) ) ;
#515 = APPROVAL_DATE_TIME ( #1155, #1939 ) ;
#516 = CARTESIAN_POINT ( 'NONE',  ( 24.07159884836407215, -24.34137398704859478, -29.41539779779987285 ) ) ;
#517 = CIRCLE ( 'NONE', #720, 104.9148347273589934 ) ;
#518 = CARTESIAN_POINT ( 'NONE',  ( 137.9420239010604803, -2.428612866367529932E-14, -93.16953611032808169 ) ) ;
#519 = CARTESIAN_POINT ( 'NONE',  ( 114.9667639714644309, -1.683268538955514922E-11, -81.54978566142693808 ) ) ;
#520 = CARTESIAN_POINT ( 'NONE',  ( 20.58030382645939227, -1.944254752841287237, 56.94285467694197678 ) ) ;
#521 = ORIENTED_EDGE ( 'NONE', *, *, #2080, .F. ) ;
#522 = EDGE_LOOP ( 'NONE', ( #555, #1770, #7, #2092 ) ) ;
#524 = B_SPLINE_CURVE_WITH_KNOTS ( 'NONE', 3,
 ( #1255, #1940, #85, #740, #2124, #583, #549, #62, #2183, #800, #1317, #2008, #180, #975, #382, #470, #1152, #1496, #1920, #320, #1231, #840, #1525, #1876, #2047, #645, #1021, #1746, #989, #8, #2020, #1536, #487, #219 ),
 .UNSPECIFIED., .F., .F.,
 ( 4, 2, 2, 2, 2, 2, 2, 2, 2, 2, 2, 2, 2, 2, 2, 2, 4 ),
 ( 2.059984127722458425E-18, 0.01420393901043714470, 0.01775492376304642003, 0.02130590851565569363, 0.02840787802087422001, 0.04261181703131127624, 0.04616280178392054984, 0.04971378653652981650, 0.05681575604174833594, 0.06391772554696686925, 0.06746871029957612897, 0.07101969505218538870, 0.07812166455740390814, 0.08167264931001316786, 0.08522363406262242758, 0.09942757307305948034, 0.1136315120834965192 ),
 .UNSPECIFIED. ) ;
#523 = CARTESIAN_POINT ( 'NONE',  ( 86.44258576179609577, -16.34769531264441511, -86.53576665206335861 ) ) ;
#525 = CARTESIAN_POINT ( 'NONE',  ( 24.07150524617719256, -21.78181675834765230, -34.96305763052869509 ) ) ;
#526 = CARTESIAN_POINT ( 'NONE',  ( 133.9316374017428757, -2.329721598893869205E-14, -84.35881424996901501 ) ) ;
#527 = CARTESIAN_POINT ( 'NONE',  ( 18.09829635272070547, -5.637851296924623057E-15, -54.54483469266330076 ) ) ;
#528 = AXIS2_PLACEMENT_3D ( 'NONE', #1784, #905, #1603 ) ;
#529 = CARTESIAN_POINT ( 'NONE',  ( 19.79101381056623410, -0.3459794963549802094, -54.64810985106475272 ) ) ;
#530 = FACE_OUTER_BOUND ( 'NONE', #1860, .T. ) ;
#531 = CARTESIAN_POINT ( 'NONE',  ( 166.3541641710597219, -3.469446951953614189E-15, -33.10245240624724516 ) ) ;
#532 = EDGE_LOOP ( 'NONE', ( #508, #1774, #542, #1752, #480, #2005, #885, #244 ) ) ;
#533 = ORIENTED_EDGE ( 'NONE', *, *, #2140, .T. ) ;
#534 = CARTESIAN_POINT ( 'NONE',  ( 67.13519277914170402, -2.555844907419093204, 84.78059976888724236 ) ) ;
#535 = CARTESIAN_POINT ( 'NONE',  ( 47.26710432637255366, -9.905790037998817236E-15, -83.05424799377384204 ) ) ;
#536 = CARTESIAN_POINT ( 'NONE',  ( 105.9866721922458908, 3.135150920113294169E-12, 85.94334079543529015 ) ) ;
#537 = CARTESIAN_POINT ( 'NONE',  ( 177.6322650484088115, -3.122502256758252770E-14, 37.79758271624584864 ) ) ;
#538 = CARTESIAN_POINT ( 'NONE',  ( 19.45050862688106008, -0.09015737603746309947, -53.39086455495852590 ) ) ;
#539 = CARTESIAN_POINT ( 'NONE',  ( 30.02761032240296757, -0.6161055362724739970, 50.42498198070918392 ) ) ;
#540 = ORIENTED_EDGE ( 'NONE', *, *, #2194, .T. ) ;
#541 = CARTESIAN_POINT ( 'NONE',  ( 19.82667983122196276, -0.3896493140055055648, 54.57727596566755324 ) ) ;
#542 = ORIENTED_EDGE ( 'NONE', *, *, #765, .F. ) ;
#543 = CARTESIAN_POINT ( 'NONE',  ( 121.3924305383959279, -2.104495211485583107E-14, 84.96113182798738706 ) ) ;
#544 = FACE_OUTER_BOUND ( 'NONE', #1763, .T. ) ;
#545 = CARTESIAN_POINT ( 'NONE',  ( 19.72267544969701092, -0.2736135631117058709, -54.65324728828862533 ) ) ;
#546 = CARTESIAN_POINT ( 'NONE',  ( 2.780619237090574458, -1.296287155650325696E-14, 61.79999999999999716 ) ) ;
#547 = CARTESIAN_POINT ( 'NONE',  ( 16.59588986285244161, -5.637851296924623057E-15, -52.60843963407489099 ) ) ;
#548 = CARTESIAN_POINT ( 'NONE',  ( -0.09092304450317105491, -5.534332241608175273, -58.90743422184483791 ) ) ;
#549 = CARTESIAN_POINT ( 'NONE',  ( 20.46578022740849079, -13.33820056624333361, 34.55985573126773147 ) ) ;
#550 = ADVANCED_FACE ( 'NONE', ( #1458 ), #1298, .F. ) ;
#551 = CARTESIAN_POINT ( 'NONE',  ( -0.08571300623508627814, -5.525713322881868450, 58.91230544941154079 ) ) ;
#552 = ORIENTED_EDGE ( 'NONE', *, *, #2164, .F. ) ;
#553 = CARTESIAN_POINT ( 'NONE',  ( 159.0073252802768593, -2.685070480857111866E-14, 59.05422846842457574 ) ) ;
#554 = CARTESIAN_POINT ( 'NONE',  ( 86.39708870614190062, -3.704861111099450266, 86.94183622372746356 ) ) ;
#555 = ORIENTED_EDGE ( 'NONE', *, *, #1278, .T. ) ;
#556 = CARTESIAN_POINT ( 'NONE',  ( 236.3999999999999773, -10.00000000000003553, 125.0000000000000568 ) ) ;
#557 =( BOUNDED_SURFACE ( )  B_SPLINE_SURFACE ( 3, 2, ( 
 ( #1143, #1343, #1656 ),
 ( #772, #616, #2167 ),
 ( #2036, #1809, #625 ),
 ( #130, #804, #1841 ),
 ( #472, #1997, #1635 ),
 ( #1828, #781, #142 ),
 ( #1988, #1166, #1683 ),
 ( #300, #817, #2187 ),
 ( #1319, #311, #1308 ),
 ( #964, #502, #979 ),
 ( #283, #2201, #460 ),
 ( #1515, #163, #1669 ),
 ( #792, #636, #324 ),
 ( #2010, #1820, #120 ),
 ( #1154, #942, #1500 ),
 ( #1330, #2025, #1471 ),
 ( #491, #662, #292 ),
 ( #1853, #2155, #1300 ),
 ( #452, #1134, #951 ),
 ( #1643, #1039, #700 ),
 ( #545, #375, #1399 ),
 ( #1008, #1384, #1220 ),
 ( #1906, #2079, #1059 ),
 ( #715, #1741, #1881 ),
 ( #845, #205, #1225 ),
 ( #855, #1555, #214 ),
 ( #538, #1048, #368 ),
 ( #1732, #196, #2068 ),
 ( #1916, #864, #673 ),
 ( #38, #1562, #1866 ),
 ( #1721, #873, #48 ),
 ( #1697, #176, #833 ),
 ( #705, #1209, #1390 ),
 ( #336, #2087, #1896 ),
 ( #1572, #57, #2096 ),
 ( #514, #1181, #1530 ) ),
 .UNSPECIFIED., .F., .F., .F. ) 
 B_SPLINE_SURFACE_WITH_KNOTS ( ( 4, 2, 2, 2, 2, 2, 2, 2, 2, 2, 2, 2, 2, 2, 2, 2, 2, 4 ),
 ( 3, 3 ),
 ( 0.1317279812165558506, 0.1342720003223873415, 0.1355440098753030731, 0.1361800146517609389, 0.1364980170399898718, 0.1368160194282188047, 0.1380880289811345363, 0.1393600385340502679, 0.1399960433105081337, 0.1406320480869659995, 0.1419040576398817310, 0.1431760671927974626, 0.1444480767457131942, 0.1457200862986289258, 0.1469920958515446574, 0.1482641054044603890, 0.1495361149573761206, 0.1520801340632075838 ),
 ( 0.000000000000000000, 1.000000000000000000 ),
 .UNSPECIFIED. ) 
 GEOMETRIC_REPRESENTATION_ITEM ( )  RATIONAL_B_SPLINE_SURFACE ( (
 ( 1.000000000000000000, 0.9005267336268802936, 1.000000000000000000),
 ( 1.000000000000000000, 0.9085405835785822504, 1.000000000000000000),
 ( 1.000000000000000000, 0.9161133111296034803, 1.000000000000000000),
 ( 1.000000000000000000, 0.9265915570985451266, 1.000000000000000000),
 ( 1.000000000000000000, 0.9299379854007229218, 1.000000000000000000),
 ( 1.000000000000000000, 0.9346840616307812155, 1.000000000000000000),
 ( 1.000000000000000000, 0.9362048390655242081, 1.000000000000000000),
 ( 1.000000000000000000, 0.9383879151809068064, 1.000000000000000000),
 ( 1.000000000000000000, 0.9391054464124232171, 1.000000000000000000),
 ( 1.000000000000000000, 0.9404710581073142395, 1.000000000000000000),
 ( 1.000000000000000000, 0.9411394824406563719, 1.000000000000000000),
 ( 1.000000000000000000, 0.9444066416877714421, 1.000000000000000000),
 ( 1.000000000000000000, 0.9467828729340775906, 1.000000000000000000),
 ( 1.000000000000000000, 0.9509485503827052044, 1.000000000000000000),
 ( 1.000000000000000000, 0.9526966476723671695, 1.000000000000000000),
 ( 1.000000000000000000, 0.9547069977155595577, 1.000000000000000000),
 ( 1.000000000000000000, 0.9552772995043709026, 1.000000000000000000),
 ( 1.000000000000000000, 0.9562022050716466604, 1.000000000000000000),
 ( 1.000000000000000000, 0.9565575443117971810, 1.000000000000000000),
 ( 1.000000000000000000, 0.9572572230832842033, 1.000000000000000000),
 ( 1.000000000000000000, 0.9572473369164323787, 1.000000000000000000),
 ( 1.000000000000000000, 0.9562750996296071060, 1.000000000000000000),
 ( 1.000000000000000000, 0.9552924212260608394, 1.000000000000000000),
 ( 1.000000000000000000, 0.9524821137593540987, 1.000000000000000000),
 ( 1.000000000000000000, 0.9506576597944723650, 1.000000000000000000),
 ( 1.000000000000000000, 0.9462549639895233566, 1.000000000000000000),
 ( 1.000000000000000000, 0.9437167502040819667, 1.000000000000000000),
 ( 1.000000000000000000, 0.9381374542614240308, 1.000000000000000000),
 ( 1.000000000000000000, 0.9350873526248772993, 1.000000000000000000),
 ( 1.000000000000000000, 0.9285420476288284153, 1.000000000000000000),
 ( 1.000000000000000000, 0.9250326020009084216, 1.000000000000000000),
 ( 1.000000000000000000, 0.9177726696531171013, 1.000000000000000000),
 ( 1.000000000000000000, 0.9140067880413162982, 1.000000000000000000),
 ( 1.000000000000000000, 0.9023663663160632620, 1.000000000000000000),
 ( 1.000000000000000000, 0.8941501806118790086, 1.000000000000000000),
 ( 1.000000000000000000, 0.8855915098888204051, 1.000000000000000000) ) ) 
 REPRESENTATION_ITEM ( '' )  SURFACE ( )  );
#558 = DIRECTION ( 'NONE',  ( 0.02398482397819432996, -0.6868354943856739281, -0.7264170509223485395 ) ) ;
#559 = ORIENTED_EDGE ( 'NONE', *, *, #1238, .F. ) ;
#560 = CARTESIAN_POINT ( 'NONE',  ( 32.63751076073033630, -7.842910786077521018E-15, -71.11481737957048210 ) ) ;
#561 = CARTESIAN_POINT ( 'NONE',  ( -1.481856982704962578, -0.9561671797487885094, -61.33005894410519687 ) ) ;
#562 = ORIENTED_EDGE ( 'NONE', *, *, #1075, .F. ) ;
#563 = CARTESIAN_POINT ( 'NONE',  ( 181.0830729041901179, -3.117454879635599540E-14, 9.716482163585114407 ) ) ;
#564 = CARTESIAN_POINT ( 'NONE',  ( -22.00000000000000355, -10.00000000244339304, -56.23454071586580483 ) ) ;
#565 = EDGE_LOOP ( 'NONE', ( #631, #1338, #1222, #1425 ) ) ;
#566 = DIRECTION ( 'NONE',  ( 1.000000000000000000, 0.000000000000000000, 0.000000000000000000 ) ) ;
#567 = CARTESIAN_POINT ( 'NONE',  ( 127.6788544974379107, -51.13139327542300805, 2.628777940191825272E-09 ) ) ;
#568 = CARTESIAN_POINT ( 'NONE',  ( -0.4030180571936020639, -5.500000000000005329, -58.92672230857212412 ) ) ;
#569 = CARTESIAN_POINT ( 'NONE',  ( 86.39999999999994884, -5.000000000000000000, 0.000000000000000000 ) ) ;
#570 = CARTESIAN_POINT ( 'NONE',  ( 16.66559366402529818, 3.552906179217746985, 58.16281298374053677 ) ) ;
#571 = CARTESIAN_POINT ( 'NONE',  ( 22.34702149583467445, -2.594179270824707118, 57.98461439911663717 ) ) ;
#572 = CARTESIAN_POINT ( 'NONE',  ( 124.1834622505512442, -6.630861111135958552, 78.30257259370466727 ) ) ;
#573 = ORIENTED_EDGE ( 'NONE', *, *, #1854, .F. ) ;
#574 = CARTESIAN_POINT ( 'NONE',  ( 19.63114574252255906, -3.522507213351986649E-13, 56.28601177822854851 ) ) ;
#575 = CARTESIAN_POINT ( 'NONE',  ( 147.9191747808522166, -9.155310185201505746, 61.43512048259641034 ) ) ;
#576 = ORIENTED_EDGE ( 'NONE', *, *, #604, .T. ) ;
#577 = EDGE_CURVE ( 'NONE', #364, #2129, #1132, .T. ) ;
#578 = LINE ( 'NONE', #1266, #1123 ) ;
#579 = DIRECTION ( 'NONE',  ( -0.000000000000000000, 1.000000000000000000, -0.000000000000000000 ) ) ;
#580 = CARTESIAN_POINT ( 'NONE',  ( 119.4393172369589422, -2.749999999989445332, 80.15379686542416948 ) ) ;
#581 = CARTESIAN_POINT ( 'NONE',  ( 20.68571765281668107, -19.63638438662490415, -21.94823690820377848 ) ) ;
#582 = CC_DESIGN_DATE_AND_TIME_ASSIGNMENT ( #2038, #675, ( #1446 ) ) ;
#583 = CARTESIAN_POINT ( 'NONE',  ( 20.44361554931095171, -12.70348723030804017, 35.56840056989463505 ) ) ;
#584 = CARTESIAN_POINT ( 'NONE',  ( 172.3913895804965932, -14.28669560184524379, 9.691317847576103262 ) ) ;
#585 = B_SPLINE_CURVE_WITH_KNOTS ( 'NONE', 3,
 ( #2169, #1321, #1013, #2055, #1532, #1359, #327, #1699 ),
 .UNSPECIFIED., .F., .F.,
 ( 4, 2, 2, 4 ),
 ( -2.971145266058951699E-05, 0.003872163725243223630, 0.005823101314195141057, 0.007774038903147057616 ),
 .UNSPECIFIED. ) ;
#586 = PRODUCT_DEFINITION_FORMATION_WITH_SPECIFIED_SOURCE ( 'ANY', '', #1025, .NOT_KNOWN. ) ;
#587 = CARTESIAN_POINT ( 'NONE',  ( 35.28846185944674829, -8.462661044562744604E-15, -73.76384078356970520 ) ) ;
#588 = CARTESIAN_POINT ( 'NONE',  ( -2.711943942383873818, -3.499999999999989342, 60.02012201594924790 ) ) ;
#589 = CARTESIAN_POINT ( 'NONE',  ( 171.6111706980806559, -2.749999999981549870, 15.97761007453928706 ) ) ;
#590 = AXIS2_PLACEMENT_3D ( 'NONE', #767, #1482, #1466 ) ;
#591 = CARTESIAN_POINT ( 'NONE',  ( 20.52827852148573129, -15.12791754518953979, 31.57851841819378436 ) ) ;
#592 = LINE ( 'NONE', #1964, #339 ) ;
#593 = CARTESIAN_POINT ( 'NONE',  ( 20.76120779871531496, -1.502534743783085380, 56.18387356943303246 ) ) ;
#594 = CARTESIAN_POINT ( 'NONE',  ( 117.2419197147742125, 1.679105202613205805E-11, -80.71681072448500061 ) ) ;
#595 = CARTESIAN_POINT ( 'NONE',  ( 23.33608740930968750, -2.834558910748407712, 58.97197525933219708 ) ) ;
#596 = CARTESIAN_POINT ( 'NONE',  ( 169.5541752804209068, -3.469446951953614189E-15, -23.95462078700874287 ) ) ;
#597 = EDGE_CURVE ( 'NONE', #999, #712, #58, .T. ) ;
#598 = ORIENTED_EDGE ( 'NONE', *, *, #1334, .T. ) ;
#599 = CARTESIAN_POINT ( 'NONE',  ( 20.81028271277098085, -23.20346099367749915, 8.270244814901372976 ) ) ;
#600 = CARTESIAN_POINT ( 'NONE',  ( 29.77219312636428938, -7.734534269897305987E-15, -68.13502522521447702 ) ) ;
#601 = CARTESIAN_POINT ( 'NONE',  ( 86.44258576179470310, -1.734723475976807094E-14, -86.53576665203863172 ) ) ;
#602 = CARTESIAN_POINT ( 'NONE',  ( 2.632822303264428232, -9.999999999999342748, -56.23454071742366978 ) ) ;
#603 = CARTESIAN_POINT ( 'NONE',  ( 114.9667639714633367, -20.00039128055776416, -81.54978566142389695 ) ) ;
#604 = EDGE_CURVE ( 'NONE', #398, #1215, #171, .T. ) ;
#605 = CARTESIAN_POINT ( 'NONE',  ( 15.86505244659316638, -5.204170427930421283E-15, -51.62444078544004356 ) ) ;
#606 = CARTESIAN_POINT ( 'NONE',  ( 172.7999645039341488, -2.750000000005643930, 5.502237247682065149E-09 ) ) ;
#607 = DIRECTION ( 'NONE',  ( -2.220446049250312834E-16, 0.000000000000000000, -1.000000000000000000 ) ) ;
#608 = CARTESIAN_POINT ( 'NONE',  ( 20.80408954108479236, -23.02611176064745990, 9.441605595884382751 ) ) ;
#609 = DIRECTION ( 'NONE',  ( -1.000000000000000000, 1.500332356076765687E-16, 0.000000000000000000 ) ) ;
#610 = CARTESIAN_POINT ( 'NONE',  ( 71.95066676088430313, -12.76367187514527934, -85.32090888259645567 ) ) ;
#611 = ADVANCED_FACE ( 'NONE', ( #234 ), #1773, .T. ) ;
#612 = DIRECTION ( 'NONE',  ( 0.000000000000000000, 1.000000000000000000, 0.000000000000000000 ) ) ;
#613 = CARTESIAN_POINT ( 'NONE',  ( 96.20950330280582818, -1.683008330466389108E-11, 86.38666875959808067 ) ) ;
#614 = CIRCLE ( 'NONE', #2094, 10.00000000000000178 ) ;
#615 = B_SPLINE_CURVE_WITH_KNOTS ( 'NONE', 3,
 ( #1023, #1718, #173, #2049, #1497, #511, #525, #1552, #990, #2021, #1206, #1178, #1193, #1863, #659, #1893, #2184, #10, #1706, #830 ),
 .UNSPECIFIED., .F., .F.,
 ( 4, 2, 2, 2, 2, 2, 2, 2, 2, 4 ),
 ( 0.005446434722837628292, 0.01327269043037665464, 0.02109894613791567924, 0.03675145755299373540, 0.04066458540676325117, 0.04457771326053276001, 0.05240396896807179850, 0.05631709682184131427, 0.06023022467561082310, 0.06805648038314984771 ),
 .UNSPECIFIED. ) ;
#616 = CARTESIAN_POINT ( 'NONE',  ( 20.33112733569949881, -4.126881546853893745, -54.33502233304020024 ) ) ;
#617 = CARTESIAN_POINT ( 'NONE',  ( 19.96636559866859528, -0.6356801304111381334, 53.45129329657317641 ) ) ;
#618 = CARTESIAN_POINT ( 'NONE',  ( 24.05208481237308149, -13.30659119554176506, 47.94478489956540557 ) ) ;
#619 = CARTESIAN_POINT ( 'NONE',  ( 20.80422211470257210, -23.02990817234514154, -9.417790111932768937 ) ) ;
#620 = CARTESIAN_POINT ( 'NONE',  ( 151.4855042191193775, -33.24540241821885189, 130.1710084382742139 ) ) ;
#621 = CARTESIAN_POINT ( 'NONE',  ( 124.1834622505969747, -2.341876692568689577E-14, 78.30257259377741264 ) ) ;
#622 = CIRCLE ( 'NONE', #2165, 100.8923368198791906 ) ;
#623 = CARTESIAN_POINT ( 'NONE',  ( 67.18081829924751958, -11.44925781234409889, -84.37454461128065475 ) ) ;
#624 = CARTESIAN_POINT ( 'NONE',  ( 46.34484001985579482, -2.750000000002331024, -76.63785662336627524 ) ) ;
#625 = CARTESIAN_POINT ( 'NONE',  ( 23.94975156014007212, -5.250202277268847695, -57.11457067436518287 ) ) ;
#626 = PERSON_AND_ORGANIZATION ( #1037, #343 ) ;
#627 = DESIGN_CONTEXT ( 'detailed design', #859, 'design' ) ;
#628 = CARTESIAN_POINT ( 'NONE',  ( 20.25370029554595064, -7.265025921204893322, -43.35235616433226369 ) ) ;
#629 = DIRECTION ( 'NONE',  ( -1.000000000000000000, 1.500332356076765934E-16, 0.000000000000000000 ) ) ;
#630 = CARTESIAN_POINT ( 'NONE',  ( 159.6817638459971249, -5.046509642262240854E-11, 46.02416551364240149 ) ) ;
#631 = ORIENTED_EDGE ( 'NONE', *, *, #956, .T. ) ;
#632 = CARTESIAN_POINT ( 'NONE',  ( 16.67208845979243037, -1.000000000000005551, -51.03377212656773310 ) ) ;
#633 = ORIENTED_EDGE ( 'NONE', *, *, #577, .F. ) ;
#634 =( BOUNDED_SURFACE ( )  B_SPLINE_SURFACE ( 2, 3, ( 
 ( #718, #1404, #1240, #1073, #1755, #230, #1253 ),
 ( #1961, #1443, #266, #924, #934, #1463, #1979 ),
 ( #1811, #355, #331, #1549, #1692, #1715, #191 ) ),
 .UNSPECIFIED., .F., .F., .F. ) 
 B_SPLINE_SURFACE_WITH_KNOTS ( ( 3, 3 ),
 ( 4, 3, 4 ),
 ( 0.000000000000000000, 0.02906009182313541717 ),
 ( 0.000000000000000000, 0.5000000000000000000, 1.000000000000000000 ),
 .UNSPECIFIED. ) 
 GEOMETRIC_REPRESENTATION_ITEM ( )  RATIONAL_B_SPLINE_SURFACE ( (
 ( 1.000000000000000000, 0.5177666008464155700, 0.5177666008464155700, 1.000000000000000000, 0.5177666008464155700, 0.5177666008464155700, 1.000000000000000000),
 ( 1.000000000000000000, 0.5177666008464155700, 0.5177666008464155700, 1.000000000000000000, 0.5177666008464155700, 0.5177666008464155700, 1.000000000000000000),
 ( 1.000000000000000000, 0.5177666008464155700, 0.5177666008464155700, 1.000000000000000000, 0.5177666008464155700, 0.5177666008464155700, 1.000000000000000000) ) ) 
 REPRESENTATION_ITEM ( '' )  SURFACE ( )  );
#635 = CARTESIAN_POINT ( 'NONE',  ( -22.00000000000000355, -1.296287155650325696E-14, 61.79999999999999716 ) ) ;
#636 = CARTESIAN_POINT ( 'NONE',  ( 20.53987866499348769, -1.743225064507545108, -57.10595257965032800 ) ) ;
#637 = EDGE_CURVE ( 'NONE', #1596, #1919, #276, .T. ) ;
#638 = CARTESIAN_POINT ( 'NONE',  ( 20.03370205221202838, -0.9651005032975026321, -50.42498198070918392 ) ) ;
#639 = CARTESIAN_POINT ( 'NONE',  ( 172.8000000000000114, -2.750000000000025757, 1.058094834463464656E-14 ) ) ;
#640 = CARTESIAN_POINT ( 'NONE',  ( 56.96418463718783443, -1.019150042136374168E-14, 84.01758048295837966 ) ) ;
#641 = ORIENTED_EDGE ( 'NONE', *, *, #1283, .F. ) ;
#642 = PRODUCT_DEFINITION ( 'UNKNOWN', '', #586, #627 ) ;
#643 = CARTESIAN_POINT ( 'NONE',  ( 12.85968849980087469, 4.274208136352950049, 54.13069856865928386 ) ) ;
#644 = CARTESIAN_POINT ( 'NONE',  ( 19.67576933181879184, -5.876502238097042995E-15, -56.45313371693613647 ) ) ;
#645 = CARTESIAN_POINT ( 'NONE',  ( 20.68523316381532595, -19.62251043686879015, -21.98444725121531107 ) ) ;
#646 = CARTESIAN_POINT ( 'NONE',  ( 133.9316374017428757, -2.329721598893869205E-14, -84.35881424996901501 ) ) ;
#647 = CARTESIAN_POINT ( 'NONE',  ( 105.7942024441342284, -2.750000000011181278, 84.49906832025291692 ) ) ;
#648 = CARTESIAN_POINT ( 'NONE',  ( 165.5105134595004301, -2.775557561562891351E-14, 56.14849266142820738 ) ) ;
#649 = DIRECTION ( 'NONE',  ( 1.000000000000000000, 0.000000000000000000, 0.000000000000000000 ) ) ;
#650 = APPROVAL_STATUS ( 'not_yet_approved' ) ;
#651 = CARTESIAN_POINT ( 'NONE',  ( 86.40000000000000568, -2.000000000000017764, 0.000000000000000000 ) ) ;
#652 = CARTESIAN_POINT ( 'NONE',  ( 23.72316875023896543, -4.092104923245885928, -58.08776541290686879 ) ) ;
#653 = CARTESIAN_POINT ( 'NONE',  ( 17.99452809520003527, -5.204170427930421283E-15, 54.62123046780388336 ) ) ;
#654 = B_SPLINE_CURVE_WITH_KNOTS ( 'NONE', 3,
 ( #469, #1837, #974, #1229 ),
 .UNSPECIFIED., .F., .F.,
 ( 4, 4 ),
 ( 0.6647093051218703197, 1.000000000000000000 ),
 .UNSPECIFIED. ) ;
#655 = CARTESIAN_POINT ( 'NONE',  ( 23.45328476625919123, -3.162223079719126861, 58.76114935537801642 ) ) ;
#656 = VERTEX_POINT ( 'NONE', #1591 ) ;
#657 = CARTESIAN_POINT ( 'NONE',  ( -2.179733859829516174, -2.000000000000017764, -60.80283175413602947 ) ) ;
#658 = CARTESIAN_POINT ( 'NONE',  ( 22.34490083750559819, -2.593465750014773086, -57.98227301633700392 ) ) ;
#659 = CARTESIAN_POINT ( 'NONE',  ( 24.06910845042848024, -29.57472135804698965, -12.95152002235768052 ) ) ;
#660 = FACE_OUTER_BOUND ( 'NONE', #148, .T. ) ;
#661 = CARTESIAN_POINT ( 'NONE',  ( 96.62595163206610493, -1.821459649775647449E-14, 90.77678198205465776 ) ) ;
#662 = CARTESIAN_POINT ( 'NONE',  ( 20.12133557281518392, -0.7693275848712383125, -57.63661625798385302 ) ) ;
#663 = CARTESIAN_POINT ( 'NONE',  ( 20.77764544932612623, -22.26885205099317844, -27.00701771939247209 ) ) ;
#664 = CARTESIAN_POINT ( 'NONE',  ( -22.00000000000000355, -10.00000000244339304, -56.23454071586580483 ) ) ;
#665 = CARTESIAN_POINT ( 'NONE',  ( 32.49170014718951904, -8.239936510889833698E-15, -67.69295333030099471 ) ) ;
#666 = EDGE_LOOP ( 'NONE', ( #1305, #305, #746, #703 ) ) ;
#667 = PLANE ( 'NONE',  #273 ) ;
#668 = CARTESIAN_POINT ( 'NONE',  ( 13.43449092004122214, 4.244446169144426406, 54.86826039242055231 ) ) ;
#669 = CARTESIAN_POINT ( 'NONE',  ( 172.3913895804780338, -15.83484375001245681, -9.691317847685493092 ) ) ;
#670 = CARTESIAN_POINT ( 'NONE',  ( 1.151535165542501016, -7.265699065072473317, -57.92617804106002666 ) ) ;
#671 = CARTESIAN_POINT ( 'NONE',  ( 146.2327177945933840, -2.750000000062131189, -62.73972837640305755 ) ) ;
#672 = CARTESIAN_POINT ( 'NONE',  ( 120.1624702341095912, -2.081668171172168513E-14, -100.8964603984405528 ) ) ;
#673 = CARTESIAN_POINT ( 'NONE',  ( 16.32047497103962641, 3.668489340051676706, -57.87362438104555196 ) ) ;
#674 = ADVANCED_FACE ( 'NONE', ( #721 ), #2134, .T. ) ;
#675 = DATE_TIME_ROLE ( 'classification_date' ) ;
#676 = CARTESIAN_POINT ( 'NONE',  ( 20.67060497965941934, -19.20361405031102464, -23.05082914684426143 ) ) ;
#677 = CARTESIAN_POINT ( 'NONE',  ( 71.95066676088214308, -3.365322771477881622E-11, -85.32090888261564032 ) ) ;
#678 = CARTESIAN_POINT ( 'NONE',  ( 108.0190001414487426, -3.469446951953614189E-14, -83.68661191483859341 ) ) ;
#679 = CARTESIAN_POINT ( 'NONE',  ( 20.60816193334337498, -2.193591833200795982, 56.71395665857205870 ) ) ;
#680 = VERTEX_POINT ( 'NONE', #420 ) ;
#681 = CARTESIAN_POINT ( 'NONE',  ( 2.780619237084003270, -10.00000000244339304, -56.23454071586580483 ) ) ;
#682 = CARTESIAN_POINT ( 'NONE',  ( 140.3748994943774164, -19.58698640044966766, -67.63986212419163735 ) ) ;
#683 = CARTESIAN_POINT ( 'NONE',  ( 126.7589323515041286, -2.194519770862547193E-14, -88.04243614582686916 ) ) ;
#684 = CARTESIAN_POINT ( 'NONE',  ( 153.1231836953348306, -2.697005529302900060E-14, -69.95491259800255079 ) ) ;
#685 = CARTESIAN_POINT ( 'NONE',  ( 18.87434728691414421, -5.854691731421723944E-15, -55.49340025592844228 ) ) ;
#686 = CARTESIAN_POINT ( 'NONE',  ( 19.82649098753348937, -0.3885936607026447831, -54.58710962775084141 ) ) ;
#687 =( GEOMETRIC_REPRESENTATION_CONTEXT ( 3 ) GLOBAL_UNCERTAINTY_ASSIGNED_CONTEXT ( ( #1577 ) ) GLOBAL_UNIT_ASSIGNED_CONTEXT ( ( #1618, #1301, #1780 ) ) REPRESENTATION_CONTEXT ( 'NONE', 'WORKASPACE' ) );
#688 = VECTOR ( 'NONE', #1527, 1000.000000000000000 ) ;
#689 = CARTESIAN_POINT ( 'NONE',  ( 39.46055101436861179, -1.019150042136374168E-14, 74.80363292895221150 ) ) ;
#690 = CARTESIAN_POINT ( 'NONE',  ( 171.9735556485740915, -3.009744321524008473E-14, 39.67955808199069168 ) ) ;
#691 = CARTESIAN_POINT ( 'NONE',  ( 96.11849395084877301, -1.734723475976807094E-14, -85.98832245682588393 ) ) ;
#692 = CARTESIAN_POINT ( 'NONE',  ( 24.03562751429168998, -9.916851340561478878, 52.10729812681039164 ) ) ;
#693 = ORIENTED_EDGE ( 'NONE', *, *, #54, .T. ) ;
#694 = EDGE_CURVE ( 'NONE', #1018, #2090, #1575, .T. ) ;
#695 = CARTESIAN_POINT ( 'NONE',  ( 32.20300258828451945, -1.119937499988455487, 67.98211798690059027 ) ) ;
#696 = CARTESIAN_POINT ( 'NONE',  ( 44.07123158175186717, -9.125021925549383803E-15, -80.94332521983743334 ) ) ;
#697 = CARTESIAN_POINT ( 'NONE',  ( 149.4178609365200145, 1.238026742224093770E-11, -66.06751217550375088 ) ) ;
#698 = CARTESIAN_POINT ( 'NONE',  ( 56.96418463718783443, -1.019150042136374168E-14, 84.01758048295837966 ) ) ;
#699 = AXIS2_PLACEMENT_3D ( 'NONE', #2176, #993, #649 ) ;
#700 = CARTESIAN_POINT ( 'NONE',  ( 20.87534010808915141, 0.9625043657178403711, -60.22157602253030007 ) ) ;
#701 = CARTESIAN_POINT ( 'NONE',  ( 0.000000000000000000, -2.750000000000000000, -1.387778780781445676E-14 ) ) ;
#702 = CARTESIAN_POINT ( 'NONE',  ( 20.50402585407955414, -14.43341201845477784, 41.22549959195150393 ) ) ;
#703 = ORIENTED_EDGE ( 'NONE', *, *, #1504, .T. ) ;
#704 = CARTESIAN_POINT ( 'NONE',  ( 168.0487803757066558, -3.122502256758252139E-14, 37.88356722213564609 ) ) ;
#705 = CARTESIAN_POINT ( 'NONE',  ( 19.19689771780837617, -0.01297350683194032663, -50.89867934592761145 ) ) ;
#706 = DIRECTION ( 'NONE',  ( -1.000000000000000000, 1.505836350674311495E-16, 0.000000000000000000 ) ) ;
#707 = ADVANCED_BREP_SHAPE_REPRESENTATION ( 'Sink Design Modify', ( #1460, #239 ), #687 ) ;
#708 = EDGE_CURVE ( 'NONE', #1088, #1585, #1257, .T. ) ;
#709 = CARTESIAN_POINT ( 'NONE',  ( 86.40000000131439606, -51.13139327542300094, -41.27885449743789792 ) ) ;
#710 = ORIENTED_EDGE ( 'NONE', *, *, #694, .T. ) ;
#711 = CARTESIAN_POINT ( 'NONE',  ( 19.00073587822700105, 0.2836751314607084962, 57.42858753540962624 ) ) ;
#712 = VERTEX_POINT ( 'NONE', #1105 ) ;
#713 = CARTESIAN_POINT ( 'NONE',  ( 131.2610033826755114, -2.484796689903154217E-11, -79.61731829929520643 ) ) ;
#714 = CARTESIAN_POINT ( 'NONE',  ( 57.68980573336190076, -2.074467592581154207, 82.06465523964389774 ) ) ;
#715 = CARTESIAN_POINT ( 'NONE',  ( 19.57322613799594535, -0.1568229973055796922, -54.16641812473454110 ) ) ;
#716 = DIRECTION ( 'NONE',  ( 1.500332356076765934E-16, 1.000000000000000000, 0.000000000000000000 ) ) ;
#717 = CARTESIAN_POINT ( 'NONE',  ( 86.39999999999994884, -5.000000000000000000, 0.000000000000000000 ) ) ;
#718 = CARTESIAN_POINT ( 'NONE',  ( -1.799600801781471304, -5.867336362172117958, 55.37196945636022605 ) ) ;
#719 = ORIENTED_EDGE ( 'NONE', *, *, #102, .T. ) ;
#720 = AXIS2_PLACEMENT_3D ( 'NONE', #853, #321, #1327 ) ;
#721 = FACE_OUTER_BOUND ( 'NONE', #666, .T. ) ;
#722 = ORIENTED_EDGE ( 'NONE', *, *, #1832, .F. ) ;
#723 = CARTESIAN_POINT ( 'NONE',  ( 69.65631538370770670, -1.344410693882025498E-14, 87.56352853618339793 ) ) ;
#724 = CARTESIAN_POINT ( 'NONE',  ( 140.5924444552029797, -8.290766203678897384, 67.98574746519271628 ) ) ;
#725 = VERTEX_POINT ( 'NONE', #269 ) ;
#726 = DIRECTION ( 'NONE',  ( 1.500332356076765934E-16, 1.000000000000000000, -0.000000000000000000 ) ) ;
#727 = CARTESIAN_POINT ( 'NONE',  ( 45.12114550256211487, -51.13139327542298673, -24.18059312598400723 ) ) ;
#728 = ORIENTED_EDGE ( 'NONE', *, *, #1370, .T. ) ;
#729 = CARTESIAN_POINT ( 'NONE',  ( 19.89176912534739472, -6.018765951230503618E-15, 56.70796715355832873 ) ) ;
#730 = CARTESIAN_POINT ( 'NONE',  ( 236.3999999999999773, -10.00000000000003553, 125.0000000000000568 ) ) ;
#731 = CARTESIAN_POINT ( 'NONE',  ( 10.68988785195657343, -1.000000000000004441, 41.90966391586507456 ) ) ;
#732 = ORIENTED_EDGE ( 'NONE', *, *, #1567, .F. ) ;
#733 = CARTESIAN_POINT ( 'NONE',  ( 19.69150790553022645, -0.1854032593925817596, 55.55753807765875507 ) ) ;
#734 = CARTESIAN_POINT ( 'NONE',  ( -2.794800423550033219, -4.356921581986684444, 59.55893413401985015 ) ) ;
#735 = ORIENTED_EDGE ( 'NONE', *, *, #765, .T. ) ;
#736 = CARTESIAN_POINT ( 'NONE',  ( 19.09134587837882790, -1.785185463809481406E-14, 49.54378335723313853 ) ) ;
#737 = CARTESIAN_POINT ( 'NONE',  ( 2.632822303270963893, -10.00000000000002842, 56.23454071742322213 ) ) ;
#738 = CARTESIAN_POINT ( 'NONE',  ( 105.7942024441342284, -2.750000000011181278, 84.49906832025291692 ) ) ;
#739 = CARTESIAN_POINT ( 'NONE',  ( 24.06869734491237267, -30.64872631900025013, -5.250940236497736002 ) ) ;
#740 = CARTESIAN_POINT ( 'NONE',  ( 20.37453818684697993, -10.72537038267424236, 38.52883986801442973 ) ) ;
#741 = CARTESIAN_POINT ( 'NONE',  ( 19.36214500648882364, -0.05479205297422373722, 52.65442579517510069 ) ) ;
#742 = CARTESIAN_POINT ( 'NONE',  ( -0.2027206088190388056, -0.2062417836864181564, 61.69954366798180700 ) ) ;
#743 = CARTESIAN_POINT ( 'NONE',  ( 117.2419197147753351, -19.99948510742694552, -80.71681072448804173 ) ) ;
#744 = CARTESIAN_POINT ( 'NONE',  ( 20.34070552653582808, -1.001432207658816020, 55.68764720925417322 ) ) ;
#745 = CARTESIAN_POINT ( 'NONE',  ( -1.178321499521282512, -5.500000000000002665, 58.92672230857210280 ) ) ;
#746 = ORIENTED_EDGE ( 'NONE', *, *, #1011, .F. ) ;
#747 = CARTESIAN_POINT ( 'NONE',  ( 19.83449155912707695, -0.3993909938623208533, 54.55973255814365075 ) ) ;
#748 = CARTESIAN_POINT ( 'NONE',  ( 24.06890530709751985, -30.02589229205469223, 10.32899563882763871 ) ) ;
#749 = CARTESIAN_POINT ( 'NONE',  ( 24.07098054429998157, -26.32762203471975226, -24.55169702826349365 ) ) ;
#750 = CARTESIAN_POINT ( 'NONE',  ( -1.482357258190321492, -0.9561665336305581464, 61.33006745228876611 ) ) ;
#751 = CARTESIAN_POINT ( 'NONE',  ( 172.8000000000000114, -6.727869985394201644E-11, -4.845691241351982370 ) ) ;
#752 = APPLICATION_CONTEXT ( 'configuration controlled 3d designs of mechanical parts and assemblies' ) ;
#753 = CIRCLE ( 'NONE', #1372, 105.4399999999999977 ) ;
#754 = FACE_OUTER_BOUND ( 'NONE', #565, .T. ) ;
#755 = CARTESIAN_POINT ( 'NONE',  ( 172.8000000000000114, -6.727869985394201644E-11, -4.845691241351982370 ) ) ;
#756 = CARTESIAN_POINT ( 'NONE',  ( 24.07014288410054448, -27.74078269499499072, 20.97602120893586175 ) ) ;
#757 = CARTESIAN_POINT ( 'NONE',  ( 23.02275983618650912, -2.750000000000002665, 58.72354499601033950 ) ) ;
#758 = CARTESIAN_POINT ( 'NONE',  ( 32.49170014716028732, -2.334898437656616643, -67.69295333034223461 ) ) ;
#759 = EDGE_CURVE ( 'NONE', #1452, #958, #944, .T. ) ;
#760 = CARTESIAN_POINT ( 'NONE',  ( 181.7559074401127646, -3.127549633880906000E-14, -6.025303999813729661 ) ) ;
#761 = CARTESIAN_POINT ( 'NONE',  ( 151.4855042191194912, -33.24540241821873110, 7.970675441283624616E-15 ) ) ;
#762 = CARTESIAN_POINT ( 'NONE',  ( 123.9660267272414558, -19.96966927083339627, -77.95661844599973733 ) ) ;
#763 = CARTESIAN_POINT ( 'NONE',  ( 19.80452886926794420, -0.3620190308303144477, 54.62709931208969749 ) ) ;
#764 = CARTESIAN_POINT ( 'NONE',  ( 140.8084563961806737, -2.749999999950329510, -67.49775928156022076 ) ) ;
#765 = EDGE_CURVE ( 'NONE', #2108, #100, #1948, .T. ) ;
#766 = CARTESIAN_POINT ( 'NONE',  ( 20.82517317375484467, -23.62986800591091452, 4.751492327743681798 ) ) ;
#767 = CARTESIAN_POINT ( 'NONE',  ( -1.500332356076765983E-15, -10.00000000000000000, 3.195895736931340212E-62 ) ) ;
#768 = CARTESIAN_POINT ( 'NONE',  ( 169.5541752803536326, 6.301328263184593554E-11, 23.95462078705079634 ) ) ;
#769 = CARTESIAN_POINT ( 'NONE',  ( 33.93368542632993723, -8.000724920888239504E-15, -72.46304158779200577 ) ) ;
#770 = CARTESIAN_POINT ( 'NONE',  ( 8.584165051147548908, -1.000000000000004441, -37.54538362053254730 ) ) ;
#771 = EDGE_CURVE ( 'NONE', #999, #680, #245, .T. ) ;
#772 = CARTESIAN_POINT ( 'NONE',  ( 20.03182587862989195, -0.9113739213967573249, -51.05003260968189949 ) ) ;
#773 = CARTESIAN_POINT ( 'NONE',  ( 24.06868098659753130, -30.79925755746156213, 2.590498699087822487 ) ) ;
#774 = CARTESIAN_POINT ( 'NONE',  ( 20.92496154891903970, -26.48743319204910662, 13.87434309170464708 ) ) ;
#775 = FACE_OUTER_BOUND ( 'NONE', #496, .T. ) ;
#776 = CARTESIAN_POINT ( 'NONE',  ( 115.1046982446530791, 1.679365411166839751E-11, 82.06657780799322666 ) ) ;
#777 = CARTESIAN_POINT ( 'NONE',  ( 117.2419197147753351, -19.99948510742694552, -80.71681072448804173 ) ) ;
#778 = VECTOR ( 'NONE', #1252, 1000.000000000000000 ) ;
#779 = CARTESIAN_POINT ( 'NONE',  ( 80.56005450032233739, -2.750000000000167422, -86.49926399677130462 ) ) ;
#780 = LOCAL_TIME ( 22, 11, 58.00000000000000000, #503 ) ;
#781 = CARTESIAN_POINT ( 'NONE',  ( 20.62843785984013323, -2.657083512570086459, -56.25296109447082671 ) ) ;
#782 = MECHANICAL_CONTEXT ( 'NONE', #752, 'mechanical' ) ;
#783 = CARTESIAN_POINT ( 'NONE',  ( 20.57807882729304438, -16.55401172030027723, -38.17423519706451174 ) ) ;
#784 = FACE_BOUND ( 'NONE', #522, .T. ) ;
#785 = CARTESIAN_POINT ( 'NONE',  ( 13.16357022866876036, 6.823099609223082862E-12, 46.09626967507538353 ) ) ;
#786 = AXIS2_PLACEMENT_3D ( 'NONE', #1685, #166, #2 ) ;
#787 = CARTESIAN_POINT ( 'NONE',  ( 20.62894941657403791, -2.553167543398961570, 56.36232216088058777 ) ) ;
#788 = ORIENTED_EDGE ( 'NONE', *, *, #1043, .F. ) ;
#789 = CARTESIAN_POINT ( 'NONE',  ( 40.39899664144156333, -4.083640624843368094, -73.29630559321161343 ) ) ;
#790 = ADVANCED_FACE ( 'NONE', ( #784, #116 ), #1648, .F. ) ;
#791 = CARTESIAN_POINT ( 'NONE',  ( 19.61870503953917222, -0.1875787936886424700, -54.37398265553900245 ) ) ;
#792 = CARTESIAN_POINT ( 'NONE',  ( 19.92684485439345110, -0.5475251023033340658, -53.97858301761307587 ) ) ;
#793 = CARTESIAN_POINT ( 'NONE',  ( 24.06905934892468935, -18.95743093302426274, -39.78225389287878500 ) ) ;
#794 = CARTESIAN_POINT ( 'NONE',  ( -4.696369588494258853E-11, -2.750000000000000000, 172.8000000000234877 ) ) ;
#795 = CARTESIAN_POINT ( 'NONE',  ( 66.50127012795061887, -1.431146867680865853E-14, 87.28135486430976187 ) ) ;
#796 = CARTESIAN_POINT ( 'NONE',  ( 19.07758405370171673, 6.261353316959711990E-15, 49.97550043332375935 ) ) ;
#797 = ORIENTED_EDGE ( 'NONE', *, *, #1049, .T. ) ;
#798 = CARTESIAN_POINT ( 'NONE',  ( 17.39456389188148577, -5.637851296924623057E-15, -52.00651240713872170 ) ) ;
#799 = DIRECTION ( 'NONE',  ( -1.000000000000000000, -0.000000000000000000, -0.000000000000000000 ) ) ;
#800 = CARTESIAN_POINT ( 'NONE',  ( 20.67565943680332552, -19.34835476529212173, 23.07706701595724752 ) ) ;
#801 = CARTESIAN_POINT ( 'NONE',  ( 28.14605388200859437, -1.600652768396134018, -63.93044099619144305 ) ) ;
#802 = CARTESIAN_POINT ( 'NONE',  ( 70.17280593539058486, -1.301042606982605321E-14, 84.86246624330263444 ) ) ;
#803 = CARTESIAN_POINT ( 'NONE',  ( 21.17458256879345768, -6.722053469410127491E-15, 58.37083434007483618 ) ) ;
#804 = CARTESIAN_POINT ( 'NONE',  ( 20.58774108987853779, -3.169233888713125946, -55.66607295527172994 ) ) ;
#805 = APPLICATION_PROTOCOL_DEFINITION ( 'international standard', 'config_control_design', 1994, #859 ) ;
#806 = CARTESIAN_POINT ( 'NONE',  ( 20.66639028293159797, -19.08292092987877808, -33.89431015475542353 ) ) ;
#807 = CARTESIAN_POINT ( 'NONE',  ( 20.00000000000000000, 0.000000000000000000, 56.83485783801463498 ) ) ;
#808 = CARTESIAN_POINT ( 'NONE',  ( 12.31592636559009790, -5.204170427930421283E-15, 46.62979131484004824 ) ) ;
#809 = CARTESIAN_POINT ( 'NONE',  ( 20.58774108988001572, -3.169233888715424996, 55.66607295526878829 ) ) ;
#810 = ORIENTED_EDGE ( 'NONE', *, *, #1640, .F. ) ;
#811 = VERTEX_POINT ( 'NONE', #2142 ) ;
#812 = CARTESIAN_POINT ( 'NONE',  ( 19.59188076111538024, -0.04954630258573208823, -55.85954881372190073 ) ) ;
#813 = CARTESIAN_POINT ( 'NONE',  ( 21.82133980928628958, -2.357477765473455111, -57.39854236461405179 ) ) ;
#814 = CARTESIAN_POINT ( 'NONE',  ( 168.0561011443851953, -2.722295684397816626E-14, -51.23880928039209692 ) ) ;
#815 = CARTESIAN_POINT ( 'NONE',  ( 143.7512873676014351, -2.750000000040398795, 65.01582478681685018 ) ) ;
#816 = CARTESIAN_POINT ( 'NONE',  ( 185.8138297370111616, -3.122502256758252770E-14, -28.62001714607777103 ) ) ;
#817 = CARTESIAN_POINT ( 'NONE',  ( 20.62293277533948910, -2.396704796258047221, -56.51862818757882678 ) ) ;
#818 = VECTOR ( 'NONE', #1661, 1000.000000000000000 ) ;
#819 = CARTESIAN_POINT ( 'NONE',  ( 24.03584834450071028, -9.947275245127585208, -52.07418006832729418 ) ) ;
#820 = CARTESIAN_POINT ( 'NONE',  ( 20.17826180277354808, -0.8615718682256661154, 57.60642089352973017 ) ) ;
#821 = CARTESIAN_POINT ( 'NONE',  ( 19.67576933181879184, -5.876502238097042995E-15, -56.45313371693613647 ) ) ;
#822 = CARTESIAN_POINT ( 'NONE',  ( 40.39899664141233870, -8.239936510889833698E-15, -73.29630559325285333 ) ) ;
#823 = CARTESIAN_POINT ( 'NONE',  ( 23.22181303393238849, -2.537542112577392928, 59.15368909490918981 ) ) ;
#824 = ORIENTED_EDGE ( 'NONE', *, *, #1278, .F. ) ;
#825 = ADVANCED_FACE ( 'NONE', ( #1136 ), #2161, .F. ) ;
#826 = DIRECTION ( 'NONE',  ( -1.000000000000000000, 1.500332356076765934E-16, 1.110223024625156417E-16 ) ) ;
#827 = CARTESIAN_POINT ( 'NONE',  ( 24.06868098659753485, -30.79925755746091554, -1.692916554243220021E-11 ) ) ;
#828 = LINE ( 'NONE', #509, #818 ) ;
#829 = CARTESIAN_POINT ( 'NONE',  ( -2.356156567905131727, -2.502374822675154320, 60.54581286081605640 ) ) ;
#830 = CARTESIAN_POINT ( 'NONE',  ( 24.06868098659753485, -30.79925755746091554, -1.692916554243220021E-11 ) ) ;
#831 = CARTESIAN_POINT ( 'NONE',  ( 166.4159991348196570, -2.750000000031073366, -33.37165740404086023 ) ) ;
#832 = CARTESIAN_POINT ( 'NONE',  ( 12.31592636559009790, -5.204170427930421283E-15, 46.62979131484004824 ) ) ;
#833 = CARTESIAN_POINT ( 'NONE',  ( 14.66076577280493609, 4.077846486465235287, -56.26790857203231155 ) ) ;
#834 = FACE_OUTER_BOUND ( 'NONE', #222, .T. ) ;
#835 = CARTESIAN_POINT ( 'NONE',  ( 116.9634407105112217, -1.821459649775647449E-14, 87.62768415128878985 ) ) ;
#836 = VERTEX_POINT ( 'NONE', #1972 ) ;
#837 = VERTEX_POINT ( 'NONE', #2151 ) ;
#838 = CARTESIAN_POINT ( 'NONE',  ( 19.12080648310368858, -0.002432341369763188575, 49.94193039775316123 ) ) ;
#839 = EDGE_CURVE ( 'NONE', #1534, #1095, #1311, .T. ) ;
#840 = CARTESIAN_POINT ( 'NONE',  ( 20.78911346679661065, -22.59725310414656008, -11.79899537150179789 ) ) ;
#841 = CARTESIAN_POINT ( 'NONE',  ( 96.20950330287215024, -4.372500000008039400, 86.38666875959395952 ) ) ;
#842 = CARTESIAN_POINT ( 'NONE',  ( 33.93368542632993723, -8.000724920888239504E-15, -72.46304158779200577 ) ) ;
#843 = CARTESIAN_POINT ( 'NONE',  ( 175.1561116119790995, -2.828819438727966076E-14, -37.00609578058580951 ) ) ;
#844 = CARTESIAN_POINT ( 'NONE',  ( 104.1031940807123419, -2.081668171172168513E-14, -104.0698661045872910 ) ) ;
#845 = CARTESIAN_POINT ( 'NONE',  ( 19.54252532507225837, -0.1380550822902363584, -54.00074957164765976 ) ) ;
#846 = DIRECTION ( 'NONE',  ( 0.9993908270190957621, 0.03489949670250101083, 0.000000000000000000 ) ) ;
#847 = CARTESIAN_POINT ( 'NONE',  ( 17.39456389188148577, -5.637851296924623057E-15, -52.00651240713872170 ) ) ;
#848 = CARTESIAN_POINT ( 'NONE',  ( 118.3707368188638753, -6.938893903907228378E-15, -80.27639461562311851 ) ) ;
#849 = B_SPLINE_CURVE_WITH_KNOTS ( 'NONE', 3,
 ( #1430, #773, #1111, #1950, #748, #1981, #1813, #285, #2122, #943, #1636, #122, #401, #1473, #2157, #618, #1768, #1937 ),
 .UNSPECIFIED., .F., .F.,
 ( 4, 2, 2, 2, 2, 2, 2, 2, 4 ),
 ( 0.06805648038314984771, 0.07588643817470042130, 0.07980141707047570809, 0.08371639596625099489, 0.09937631154935212818, 0.1072062693409027018, 0.1111212482366779747, 0.1150362271324532337, 0.1306961427155543531 ),
 .UNSPECIFIED. ) ;
#850 = ORIENTED_EDGE ( 'NONE', *, *, #694, .F. ) ;
#851 = CARTESIAN_POINT ( 'NONE',  ( 21.32705560625809937, 0.4832487384241012096, 60.21703496186904658 ) ) ;
#852 = CARTESIAN_POINT ( 'NONE',  ( 159.6817638460131263, -10.89637210648305121, 46.02416551361761776 ) ) ;
#853 = CARTESIAN_POINT ( 'NONE',  ( 86.40000000000000568, -5.500000000000017764, 0.000000000000000000 ) ) ;
#854 = CARTESIAN_POINT ( 'NONE',  ( 7.683518813313567009, -4.119968255444916849E-15, 37.97993667169603782 ) ) ;
#855 = CARTESIAN_POINT ( 'NONE',  ( 19.48087615721627586, -0.1045613510860544104, -53.61119374637189594 ) ) ;
#856 = CARTESIAN_POINT ( 'NONE',  ( 20.38006365118823027, -10.88359897947819732, 46.32842126801209304 ) ) ;
#857 = CARTESIAN_POINT ( 'NONE',  ( 19.99653200040912182, -0.5894229621455758794, 57.67948080568658042 ) ) ;
#858 = ORIENTED_EDGE ( 'NONE', *, *, #1100, .T. ) ;
#859 = APPLICATION_CONTEXT ( 'configuration controlled 3d designs of mechanical parts and assemblies' ) ;
#860 = CARTESIAN_POINT ( 'NONE',  ( 98.63664753130919394, -1.523112366086466628E-12, 87.02704248594901060 ) ) ;
#861 = CARTESIAN_POINT ( 'NONE',  ( -2.819422225429830231, -3.986385506781228383, 59.75969519751934911 ) ) ;
#862 = ADVANCED_FACE ( 'NONE', ( #775 ), #1991, .T. ) ;
#863 = AXIS2_PLACEMENT_3D ( 'NONE', #1426, #1761, #2153 ) ;
#864 = CARTESIAN_POINT ( 'NONE',  ( 17.15032450526061680, 0.7170638649594153202, -55.63797545328841210 ) ) ;
#865 = CARTESIAN_POINT ( 'NONE',  ( -1.318655470140269070, -5.489796794464586682, -58.93245528845307035 ) ) ;
#866 = EDGE_CURVE ( 'NONE', #2138, #1616, #307, .T. ) ;
#867 = CARTESIAN_POINT ( 'NONE',  ( 2.632822303270963893, -10.00000000000002842, 56.23454071742322213 ) ) ;
#868 = CYLINDRICAL_SURFACE ( 'NONE', #409, 17.35301767440693510 ) ;
#869 = CARTESIAN_POINT ( 'NONE',  ( 20.39635315590559372, -11.35006936199585148, 37.62197057070392958 ) ) ;
#870 = EDGE_LOOP ( 'NONE', ( #1548, #1066, #45, #1728 ) ) ;
#871 = CARTESIAN_POINT ( 'NONE',  ( 175.1935508056922686, -2.914859944529227265E-14, 32.50330640496019186 ) ) ;
#872 = CARTESIAN_POINT ( 'NONE',  ( 40.22185415489748550, -1.356513888900347187, 73.66452158765545732 ) ) ;
#873 = CARTESIAN_POINT ( 'NONE',  ( 16.54607620065463180, 0.6575680901116078836, -54.80435767706687500 ) ) ;
#874 = DIRECTION ( 'NONE',  ( 1.500332356076765934E-16, 1.000000000000000000, -0.000000000000000000 ) ) ;
#875 = CARTESIAN_POINT ( 'NONE',  ( 124.5262056607038517, -33.24540241821886610, -65.08550421790540952 ) ) ;
#876 = ORIENTED_EDGE ( 'NONE', *, *, #1646, .F. ) ;
#877 = CARTESIAN_POINT ( 'NONE',  ( 20.34085220601151178, -1.001570779247197285, -55.68796092131336906 ) ) ;
#878 = CARTESIAN_POINT ( 'NONE',  ( 20.55630074537176455, 1.261452729063437195, 60.18306185962879340 ) ) ;
#879 = CARTESIAN_POINT ( 'NONE',  ( -2.128112536065012605, -1.853005014743647427, -60.87803553969398962 ) ) ;
#880 = ORIENTED_EDGE ( 'NONE', *, *, #326, .T. ) ;
#881 = CARTESIAN_POINT ( 'NONE',  ( 177.7940719271475132, -3.097747077571046027E-14, -29.45216160171979780 ) ) ;
#882 = CARTESIAN_POINT ( 'NONE',  ( 141.7564767499925154, -2.354738726400969628E-14, 74.45290518481027675 ) ) ;
#883 = PRODUCT_DEFINITION_SHAPE ( 'NONE', 'NONE',  #642 ) ;
#884 = CARTESIAN_POINT ( 'NONE',  ( 156.9807806531452457, -10.46010879628817314, 50.06789516246557525 ) ) ;
#885 = ORIENTED_EDGE ( 'NONE', *, *, #1807, .F. ) ;
#886 = CARTESIAN_POINT ( 'NONE',  ( -22.00000000000000355, 2.173762880958027708E-15, -61.79999999999999716 ) ) ;
#887 = CARTESIAN_POINT ( 'NONE',  ( 86.40000000055255214, -53.01288504816877634, -17.35301767440695997 ) ) ;
#888 = CARTESIAN_POINT ( 'NONE',  ( 0.3926901491850126602, -5.867336362172118847, -58.71939403038491179 ) ) ;
#889 = AXIS2_PLACEMENT_3D ( 'NONE', #2004, #1993, #1138 ) ;
#890 = CARTESIAN_POINT ( 'NONE',  ( 34.29591840025669569, -2.750000000000004885, -68.92114828300012164 ) ) ;
#891 = CARTESIAN_POINT ( 'NONE',  ( 18.81417193640123031, 2.546148953553752037, 59.58688976766983103 ) ) ;
#892 = CARTESIAN_POINT ( 'NONE',  ( -0.6678104687425741037, -0.3946934408550519802, -61.60745649213531294 ) ) ;
#893 = CARTESIAN_POINT ( 'NONE',  ( 150.9397100715331419, -19.06781249998559957, -57.64604537599075229 ) ) ;
#894 = ORIENTED_EDGE ( 'NONE', *, *, #102, .F. ) ;
#895 = CARTESIAN_POINT ( 'NONE',  ( 39.55818608382902113, -8.447915107051362096E-15, -77.47633385293842423 ) ) ;
#896 = CARTESIAN_POINT ( 'NONE',  ( 172.3913895804780338, -15.83484375001245681, -9.691317847685493092 ) ) ;
#897 = ADVANCED_FACE ( 'NONE', ( #1157 ), #1130, .T. ) ;
#898 = ORIENTED_EDGE ( 'NONE', *, *, #1574, .T. ) ;
#899 = AXIS2_PLACEMENT_3D ( 'NONE', #1673, #454, #287 ) ;
#900 = CARTESIAN_POINT ( 'NONE',  ( 38.18477763881593035, -8.239936510889833698E-15, -76.73225543759134837 ) ) ;
#901 = CARTESIAN_POINT ( 'NONE',  ( 141.7564767499925154, -2.354738726400969628E-14, 74.45290518481027675 ) ) ;
#902 = CARTESIAN_POINT ( 'NONE',  ( 24.06420342295026771, -17.47663467346451327, 41.87162654214110802 ) ) ;
#903 = CARTESIAN_POINT ( 'NONE',  ( -2.711943942383873818, -3.499999999999989342, -60.02012201594923368 ) ) ;
#904 = CARTESIAN_POINT ( 'NONE',  ( 16.74615516685549821, 0.6872973011970509027, 55.09356454947827331 ) ) ;
#905 = DIRECTION ( 'NONE',  ( 0.000000000000000000, 0.000000000000000000, -1.000000000000000000 ) ) ;
#906 = CARTESIAN_POINT ( 'NONE',  ( 169.5541752803779616, -16.88818923612511114, -23.95462078699372910 ) ) ;
#907 = ORIENTED_EDGE ( 'NONE', *, *, #1210, .F. ) ;
#908 = CARTESIAN_POINT ( 'NONE',  ( 20.11214703399951276, -0.7008682758283178993, 55.48278297308807794 ) ) ;
#909 = CARTESIAN_POINT ( 'NONE',  ( -2.666879347026210212, -4.710175582805590011, 59.36565765633014990 ) ) ;
#910 = ORIENTED_EDGE ( 'NONE', *, *, #1605, .T. ) ;
#911 = CARTESIAN_POINT ( 'NONE',  ( 20.33334673929191894, -1.144301156358948024, 57.49137736682322952 ) ) ;
#912 = CARTESIAN_POINT ( 'NONE',  ( 19.75665671222173359, -0.3083393061118434586, 54.66528185745745105 ) ) ;
#913 = CARTESIAN_POINT ( 'NONE',  ( 157.9859337714327410, -2.750000000000035527, 48.90482309036870845 ) ) ;
#914 = CARTESIAN_POINT ( 'NONE',  ( 20.97156296659303010, -27.82192319173389095, -5.017237333073075511 ) ) ;
#915 = B_SPLINE_CURVE_WITH_KNOTS ( 'NONE', 2,
 ( #664, #1014, #886 ),
 .UNSPECIFIED., .F., .F.,
 ( 3, 3 ),
 ( 0.8690966092485237215, 1.000000000000000000 ),
 .UNSPECIFIED. ) ;
#916 = DIRECTION ( 'NONE',  ( 1.500332356076765934E-16, 1.000000000000000000, 0.000000000000000000 ) ) ;
#917 = CARTESIAN_POINT ( 'NONE',  ( 23.30385506175584709, -2.750000000000003109, 59.02403318930422671 ) ) ;
#918 = CARTESIAN_POINT ( 'NONE',  ( 23.63138245310205932, -1.123351562577852070, -59.42163606089235373 ) ) ;
#919 = DIRECTION ( 'NONE',  ( 1.000000000000000000, 0.000000000000000000, 0.000000000000000000 ) ) ;
#920 = CARTESIAN_POINT ( 'NONE',  ( 23.63138245310205932, -1.123351562577852070, -59.42163606089235373 ) ) ;
#921 = ORIENTED_EDGE ( 'NONE', *, *, #839, .T. ) ;
#922 = CARTESIAN_POINT ( 'NONE',  ( 19.73633289677914604, -0.2873111694980990394, -54.66098760312141280 ) ) ;
#923 = CARTESIAN_POINT ( 'NONE',  ( 19.40102792425727785, -0.06836853285114713463, 53.00811961291378793 ) ) ;
#924 = CARTESIAN_POINT ( 'NONE',  ( 188.9240677348383599, -7.971897849992075180, -1.679212324745549267E-12 ) ) ;
#925 = CARTESIAN_POINT ( 'NONE',  ( 23.30385506175584709, -2.750000000000003109, 59.02403318930422671 ) ) ;
#926 = CARTESIAN_POINT ( 'NONE',  ( 20.81503885591689240, -23.33965911490601997, 24.78491904187609762 ) ) ;
#927 = CARTESIAN_POINT ( 'NONE',  ( -0.6631435415452826554, -0.4047783098604788576, 61.60233842413087046 ) ) ;
#928 = CARTESIAN_POINT ( 'NONE',  ( 172.3913895804293759, -6.727869985394199059E-11, -9.691317847685638753 ) ) ;
#929 = AXIS2_PLACEMENT_3D ( 'NONE', #569, #1757, #232 ) ;
#930 = CARTESIAN_POINT ( 'NONE',  ( -2.711943942383873818, -3.499999999999989342, -60.02012201594923368 ) ) ;
#931 = CARTESIAN_POINT ( 'NONE',  ( 53.32281783874348946, -7.541937499844923565, -79.96462182664568275 ) ) ;
#932 = ADVANCED_FACE ( 'NONE', ( #463 ), #1858, .F. ) ;
#933 = CARTESIAN_POINT ( 'NONE',  ( 20.01506532284408379, -0.7997107144396140566, 52.15720366535228436 ) ) ;
#934 = CARTESIAN_POINT ( 'NONE',  ( 188.9240677348362567, -7.971897849992075180, -126.8559137884079178 ) ) ;
#935 = CARTESIAN_POINT ( 'NONE',  ( 128.9551816349476496, -2.750000000049696247, -75.53333139374832683 ) ) ;
#936 = CARTESIAN_POINT ( 'NONE',  ( 99.27024594461036600, -1.760318648507844929E-14, 89.99633581771210800 ) ) ;
#937 = VECTOR ( 'NONE', #3, 1000.000000000000000 ) ;
#938 = CARTESIAN_POINT ( 'NONE',  ( 24.06926715120571103, -29.26709221337558020, -14.46731000229551434 ) ) ;
#939 = CARTESIAN_POINT ( 'NONE',  ( 96.20950330280582818, -1.683008330466389108E-11, 86.38666875959808067 ) ) ;
#940 = CARTESIAN_POINT ( 'NONE',  ( 20.29711702560116393, -0.9476480065617054471, 55.63580102046245912 ) ) ;
#941 = CARTESIAN_POINT ( 'NONE',  ( 71.95066676088430313, -12.76367187514527934, -85.32090888259645567 ) ) ;
#942 = CARTESIAN_POINT ( 'NONE',  ( 20.33334673928968428, -1.144301156360761240, -57.49137736682327215 ) ) ;
#943 = CARTESIAN_POINT ( 'NONE',  ( 24.07154681448025713, -22.92574081709977918, 32.48378788821496244 ) ) ;
#944 = B_SPLINE_CURVE_WITH_KNOTS ( 'NONE', 3,
 ( #917, #757, #1232, #571, #1942, #2125, #1270, #1953, #1793, #593, #1983, #967 ),
 .UNSPECIFIED., .F., .F.,
 ( 4, 2, 2, 2, 2, 4 ),
 ( 0.000000000000000000, 0.001215826809578212557, 0.001823740214367326317, 0.002431653619156440294, 0.003647480428734667813, 0.004863307238312895332 ),
 .UNSPECIFIED. ) ;
#945 = CARTESIAN_POINT ( 'NONE',  ( 24.06927249395341306, -29.25712002732822725, 14.51453493629492897 ) ) ;
#946 = CARTESIAN_POINT ( 'NONE',  ( 39.46055101436861179, -1.019150042136374168E-14, 74.80363292895221150 ) ) ;
#947 = CARTESIAN_POINT ( 'NONE',  ( 21.91705842604707044, -5.790789251894953025E-12, 57.70953967568112120 ) ) ;
#948 = CARTESIAN_POINT ( 'NONE',  ( 156.9807806531160850, -2.775557561562891351E-14, 50.06789516244234761 ) ) ;
#949 = CARTESIAN_POINT ( 'NONE',  ( 102.0238605999741424, -2.749999999987593480, -85.27674135060406968 ) ) ;
#950 = B_SPLINE_CURVE_WITH_KNOTS ( 'NONE', 3,
 ( #1599, #83, #414, #1444, #738, #580, #1267, #1102, #1781, #255, #913, #1609, #2131, #589, #1962, #1407, #1447, #1771 ),
 .UNSPECIFIED., .F., .F.,
 ( 4, 2, 2, 2, 2, 2, 2, 2, 4 ),
 ( 0.000000000000000000, 0.06249971420842328346, 0.1249997332611949979, 0.1874997523139667333, 0.2499997713667385102, 0.3124997904195102594, 0.3749998094722819530, 0.4374998285250535912, 0.4423820811616075988 ),
 .UNSPECIFIED. ) ;
#951 = CARTESIAN_POINT ( 'NONE',  ( 21.32705560625904440, 0.4832487384246870188, -60.21703496187065241 ) ) ;
#952 = CARTESIAN_POINT ( 'NONE',  ( 19.53915775684511402, -0.1365581643099768039, 53.97497717986296806 ) ) ;
#953 = CARTESIAN_POINT ( 'NONE',  ( 20.15610694121895818, -4.470317907967110926, -53.74324603538936884 ) ) ;
#954 = CARTESIAN_POINT ( 'NONE',  ( 27.05715178666181941, -6.722053469410127491E-15, -65.10513422720298138 ) ) ;
#955 = CARTESIAN_POINT ( 'NONE',  ( 136.4901989040170918, -2.524208919042908317E-11, -70.56495374735162329 ) ) ;
#956 = EDGE_CURVE ( 'NONE', #482, #1337, #140, .T. ) ;
#957 = CARTESIAN_POINT ( 'NONE',  ( 20.00718326856927831, -0.7666998096728584455, 52.44345520196121413 ) ) ;
#958 = VERTEX_POINT ( 'NONE', #240 ) ;
#959 = CARTESIAN_POINT ( 'NONE',  ( 140.5924444551572208, -2.341876692568689577E-14, 67.98574746511997091 ) ) ;
#960 = AXIS2_PLACEMENT_3D ( 'NONE', #399, #874, #2098 ) ;
#961 = CARTESIAN_POINT ( 'NONE',  ( 19.84952279425816002, -0.3617561944585921951, -55.45271342801933656 ) ) ;
#962 = CC_DESIGN_PERSON_AND_ORGANIZATION_ASSIGNMENT ( #14, #461, ( #586 ) ) ;
#963 = CARTESIAN_POINT ( 'NONE',  ( 155.7442951404303813, -2.749999999937922546, -52.03456896052121294 ) ) ;
#964 = CARTESIAN_POINT ( 'NONE',  ( 19.96213227362750686, -0.6268781652319205255, -53.50055806887005616 ) ) ;
#965 = PERSON_AND_ORGANIZATION ( #1037, #343 ) ;
#966 = CARTESIAN_POINT ( 'NONE',  ( 21.93038539680783217, -1.004736792836431025, 57.57325336389483539 ) ) ;
#967 = CARTESIAN_POINT ( 'NONE',  ( 20.34070552653582808, -1.001432207658816020, 55.68764720925417322 ) ) ;
#968 = CARTESIAN_POINT ( 'NONE',  ( 57.86683171985309571, 2.520565999743356699E-11, -81.69638322163851285 ) ) ;
#969 = CARTESIAN_POINT ( 'NONE',  ( 19.23354415849150456, -5.831870306766394250E-15, 53.22704805288679353 ) ) ;
#970 = ORIENTED_EDGE ( 'NONE', *, *, #597, .F. ) ;
#971 = CARTESIAN_POINT ( 'NONE',  ( 19.64252135092612761, -2.895394625892010983E-12, -54.86225104426805643 ) ) ;
#972 = ORIENTED_EDGE ( 'NONE', *, *, #759, .T. ) ;
#973 = CARTESIAN_POINT ( 'NONE',  ( -63.60000000000005826, 20.00000000000001066, -124.9999999999999858 ) ) ;
#974 = CARTESIAN_POINT ( 'NONE',  ( 19.89171926601312990, -5.859613687474165101E-15, -56.71272249629812734 ) ) ;
#975 = CARTESIAN_POINT ( 'NONE',  ( 20.80444013408365933, -23.03615143056213554, 9.379120694933030578 ) ) ;
#976 = CARTESIAN_POINT ( 'NONE',  ( 111.7153856022391807, -1.968816571481790465E-14, -93.48499094550180644 ) ) ;
#977 = CARTESIAN_POINT ( 'NONE',  ( 35.72382495150625203, -2.750000000000004885, -70.00063935706165807 ) ) ;
#978 = CARTESIAN_POINT ( 'NONE',  ( 172.2023680375065453, -2.775557561562891351E-14, -60.85038847029773024 ) ) ;
#979 = CARTESIAN_POINT ( 'NONE',  ( 23.25624638544947942, -2.624457894310530115, -59.10158169579932519 ) ) ;
#980 = APPROVAL_DATE_TIME ( #1168, #1375 ) ;
#981 = EDGE_CURVE ( 'NONE', #1248, #1596, #49, .T. ) ;
#982 = CARTESIAN_POINT ( 'NONE',  ( 62.83870515938809120, -2.341411605625776104, 83.45629777867407029 ) ) ;
#983 = CARTESIAN_POINT ( 'NONE',  ( 62.16659516838886645, -1.263790750774637738E-14, 85.71310342943074545 ) ) ;
#984 = CARTESIAN_POINT ( 'NONE',  ( 161.2503034920114544, -2.775557561562891351E-14, -74.81378316769736614 ) ) ;
#985 = CARTESIAN_POINT ( 'NONE',  ( 20.03182587862994168, -0.9113739213984179965, 51.05003260967522749 ) ) ;
#986 = VERTEX_POINT ( 'NONE', #1686 ) ;
#987 = DIRECTION ( 'NONE',  ( -1.500332356076765934E-16, -1.000000000000000000, 0.000000000000000000 ) ) ;
#988 = CARTESIAN_POINT ( 'NONE',  ( 20.16177827767114294, -0.7675984979200882741, -55.50081120357459241 ) ) ;
#989 = CARTESIAN_POINT ( 'NONE',  ( 20.62060616053407713, -17.77183520199130129, -26.35912286861597309 ) ) ;
#990 = CARTESIAN_POINT ( 'NONE',  ( 24.07147110083993269, -25.03392552704487883, -27.82166184592373526 ) ) ;
#991 = CARTESIAN_POINT ( 'NONE',  ( 153.6713922256285514, -2.749999999959663377, 54.68809215412181146 ) ) ;
#992 = CARTESIAN_POINT ( 'NONE',  ( 50.37539857435513824, -9.540979117872439019E-15, -86.91591692552921700 ) ) ;
#993 = DIRECTION ( 'NONE',  ( -0.000000000000000000, 0.000000000000000000, 1.000000000000000000 ) ) ;
#994 = DIRECTION ( 'NONE',  ( -1.000000000000000000, 1.493502620326271818E-16, 0.000000000000000000 ) ) ;
#995 = EDGE_CURVE ( 'NONE', #1947, #725, #1594, .T. ) ;
#996 = CARTESIAN_POINT ( 'NONE',  ( 23.95847689023300831, -5.352311973017589430, -57.01457365644781561 ) ) ;
#997 = CARTESIAN_POINT ( 'NONE',  ( 183.9146925454340362, -3.122502256758252770E-14, 22.26826609709834059 ) ) ;
#998 = CARTESIAN_POINT ( 'NONE',  ( 23.25624638544868716, -2.624457894310148642, 59.10158169579887755 ) ) ;
#999 = VERTEX_POINT ( 'NONE', #227 ) ;
#1000 = ORIENTED_EDGE ( 'NONE', *, *, #1640, .T. ) ;
#1001 = LINE ( 'NONE', #1524, #236 ) ;
#1002 = CARTESIAN_POINT ( 'NONE',  ( 19.63116851537928653, -8.136957294265905480E-05, -56.28573910515626011 ) ) ;
#1003 = CARTESIAN_POINT ( 'NONE',  ( -22.00000000000000355, -5.336018080432266331, -59.20738076890074097 ) ) ;
#1004 = CARTESIAN_POINT ( 'NONE',  ( 46.34484001985579482, -2.750000000002331024, -76.63785662336627524 ) ) ;
#1005 = CARTESIAN_POINT ( 'NONE',  ( 20.39673969138692300, -1.001927066088200480, -55.75420617810594592 ) ) ;
#1006 = CARTESIAN_POINT ( 'NONE',  ( 167.8186020861832333, -2.750000000018812507, 29.78655518458758067 ) ) ;
#1007 = CARTESIAN_POINT ( 'NONE',  ( 175.2731856472094876, -3.122502256758252770E-14, -55.79812635765263451 ) ) ;
#1008 = CARTESIAN_POINT ( 'NONE',  ( 19.66478256699810601, -0.2228330626983951179, -54.53276121384157449 ) ) ;
#1009 = CIRCLE ( 'NONE', #67, 105.4399999999999977 ) ;
#1010 =( BOUNDED_CURVE ( )  B_SPLINE_CURVE ( 2, ( #560, #74, #890 ),
 .UNSPECIFIED., .F., .T. ) 
 B_SPLINE_CURVE_WITH_KNOTS ( ( 3, 3 ),
 ( 0.000000000000000000, 1.000000000000000000 ),
 .UNSPECIFIED. ) 
 CURVE ( )  GEOMETRIC_REPRESENTATION_ITEM ( )  RATIONAL_B_SPLINE_CURVE ( ( 0.9999812308728551757, 0.7071161660508290536, 1.000000000000000000 ) ) 
 REPRESENTATION_ITEM ( '' )  );
#1011 = EDGE_CURVE ( 'NONE', #986, #1836, #1332, .T. ) ;
#1012 = PERSON_AND_ORGANIZATION ( #1037, #343 ) ;
#1013 = CARTESIAN_POINT ( 'NONE',  ( 19.12506969835219550, -5.815595532530898587E-15, -51.27809454120765764 ) ) ;
#1014 = CARTESIAN_POINT ( 'NONE',  ( -22.00000000000000355, -5.336018080432266331, -59.20738076890074097 ) ) ;
#1015 = CARTESIAN_POINT ( 'NONE',  ( 120.1624702341095912, -2.081668171172168513E-14, -100.8964603984405528 ) ) ;
#1016 = CARTESIAN_POINT ( 'NONE',  ( 19.99950284322403249, -0.7364341547872464977, 52.69980636287037612 ) ) ;
#1017 = EDGE_CURVE ( 'NONE', #1891, #384, #622, .T. ) ;
#1018 = VERTEX_POINT ( 'NONE', #1083 ) ;
#1019 = VERTEX_POINT ( 'NONE', #1416 ) ;
#1020 = LINE ( 'NONE', #973, #1227 ) ;
#1021 = CARTESIAN_POINT ( 'NONE',  ( 20.67010964293434583, -19.18942946239151581, -23.08600957895565031 ) ) ;
#1022 = CARTESIAN_POINT ( 'NONE',  ( 110.3581694953426364, -19.86640625008060823, -83.04719318155402163 ) ) ;
#1023 = CARTESIAN_POINT ( 'NONE',  ( 24.01095888740847428, -6.518245265822917744, -55.80686381912229166 ) ) ;
#1024 = CARTESIAN_POINT ( 'NONE',  ( 177.7940719271475132, -3.097747077571046027E-14, -29.45216160171979780 ) ) ;
#1025 = PRODUCT ( 'Sink Design Modify', 'Sink Design Modify', '', ( #782 ) ) ;
#1026 = CARTESIAN_POINT ( 'NONE',  ( 186.6066687299341709, -3.122502256758252770E-14, 11.31649753389896418 ) ) ;
#1027 = CARTESIAN_POINT ( 'NONE',  ( 19.97653040807525571, -0.6636421086409085568, -53.25631299940648233 ) ) ;
#1028 = COORDINATED_UNIVERSAL_TIME_OFFSET ( 5, 0, .AHEAD. ) ;
#1029 = CARTESIAN_POINT ( 'NONE',  ( 20.00000000000000000, 0.000000000000000000, 0.000000000000000000 ) ) ;
#1030 = CARTESIAN_POINT ( 'NONE',  ( 145.7138281206392776, -2.341876692568689577E-14, 74.55907125048776152 ) ) ;
#1031 = CARTESIAN_POINT ( 'NONE',  ( 156.9807806532506618, 5.040785054791518037E-11, -50.06789516230773529 ) ) ;
#1032 = ORIENTED_EDGE ( 'NONE', *, *, #326, .F. ) ;
#1033 = ORIENTED_EDGE ( 'NONE', *, *, #218, .T. ) ;
#1034 = CARTESIAN_POINT ( 'NONE',  ( 86.39708870614190062, -3.704861111099450266, 86.94183622372746356 ) ) ;
#1035 = CARTESIAN_POINT ( 'NONE',  ( -1.037034476064111033, -5.500000000000017764, -58.92672230857209570 ) ) ;
#1036 = CARTESIAN_POINT ( 'NONE',  ( 111.7153856022391807, -1.968816571481790465E-14, -93.48499094550180644 ) ) ;
#1037 = PERSON ( 'UNSPECIFIED', 'UNSPECIFIED', 'UNSPECIFIED', ('UNSPECIFIED'), ('UNSPECIFIED'), ('UNSPECIFIED') ) ;
#1038 = CARTESIAN_POINT ( 'NONE',  ( 27.64808966943321877, -6.722053469410127491E-15, -65.78919707471332856 ) ) ;
#1039 = CARTESIAN_POINT ( 'NONE',  ( 19.71071397079365539, -0.2500598626380027834, -57.70156787259960396 ) ) ;
#1040 = CARTESIAN_POINT ( 'NONE',  ( 18.87434728691414421, -5.854691731421723944E-15, -55.49340025592844228 ) ) ;
#1041 = CARTESIAN_POINT ( 'NONE',  ( 40.39899664141233870, -8.239936510889833698E-15, -73.29630559325285333 ) ) ;
#1042 = EDGE_LOOP ( 'NONE', ( #1691, #1581, #1900, #1944 ) ) ;
#1043 = EDGE_CURVE ( 'NONE', #1245, #1248, #915, .T. ) ;
#1044 = VERTEX_POINT ( 'NONE', #1586 ) ;
#1045 = CARTESIAN_POINT ( 'NONE',  ( 164.3684868625082345, -17.82512123842379381, -37.54138756065729154 ) ) ;
#1046 = CARTESIAN_POINT ( 'NONE',  ( 39.61794518926829767, -3.863910711881977487E-13, -73.78585013551418115 ) ) ;
#1047 = CARTESIAN_POINT ( 'NONE',  ( 10.68988785195657343, -1.000000000000004441, 41.90966391586507456 ) ) ;
#1048 = CARTESIAN_POINT ( 'NONE',  ( 17.76889811320861767, 0.6846764374213256676, -56.37111549060301741 ) ) ;
#1049 = EDGE_CURVE ( 'NONE', #1452, #712, #243, .T. ) ;
#1050 = AXIS2_PLACEMENT_3D ( 'NONE', #2195, #826, #987 ) ;
#1051 = LOCAL_TIME ( 22, 11, 58.00000000000000000, #1684 ) ;
#1052 = CARTESIAN_POINT ( 'NONE',  ( -63.60000000000002984, 20.00000000000001066, 125.0000000000000568 ) ) ;
#1053 = CARTESIAN_POINT ( 'NONE',  ( 24.01095888740846362, -6.518245265822902645, 55.80686381912230587 ) ) ;
#1054 = CARTESIAN_POINT ( 'NONE',  ( 19.54870919739172663, -0.09910397978356084991, 57.67061678415183934 ) ) ;
#1055 = EDGE_LOOP ( 'NONE', ( #972, #1098, #1173, #533, #69, #51 ) ) ;
#1056 = CARTESIAN_POINT ( 'NONE',  ( 147.9450740989585995, -2.519099947073309417E-14, 69.80327744570756465 ) ) ;
#1057 = CARTESIAN_POINT ( 'NONE',  ( 2.780619237090567353, -10.00000000244784815, 56.23454071586297687 ) ) ;
#1058 = AXIS2_PLACEMENT_3D ( 'NONE', #2002, #314, #609 ) ;
#1059 = CARTESIAN_POINT ( 'NONE',  ( 19.52814431673820650, 2.081335222549381747, -59.90123555172677072 ) ) ;
#1060 = CARTESIAN_POINT ( 'NONE',  ( 86.40000000000000568, -10.00000000000001243, 0.000000000000000000 ) ) ;
#1061 = B_SPLINE_SURFACE_WITH_KNOTS ( 'NONE', 2, 1, ( 
 ( #2088, #546 ),
 ( #1226, #56 ),
 ( #1946, #1057 ) ),
 .UNSPECIFIED., .F., .F., .F.,
 ( 3, 3 ),
 ( 2, 2 ),
 ( 0.000000000000000000, 0.1309033907515385897 ),
 ( 0.000000000000000000, 1.000000000000000000 ),
 .UNSPECIFIED. ) ;
#1062 = CARTESIAN_POINT ( 'NONE',  ( 103.7530176750543092, -53.01288504816877634, -10.16516240471911381 ) ) ;
#1063 = FACE_OUTER_BOUND ( 'NONE', #1569, .T. ) ;
#1064 = CARTESIAN_POINT ( 'NONE',  ( 21.75005930985046732, -0.01494053052538882667, 60.16093478732346966 ) ) ;
#1065 = DIRECTION ( 'NONE',  ( 1.500332356076765934E-16, 1.000000000000000000, -0.000000000000000000 ) ) ;
#1066 = ORIENTED_EDGE ( 'NONE', *, *, #1974, .T. ) ;
#1067 = CARTESIAN_POINT ( 'NONE',  ( 99.27024594461036600, -1.760318648507844929E-14, 89.99633581771210800 ) ) ;
#1068 = CARTESIAN_POINT ( 'NONE',  ( 115.1046982445867854, -5.835499999991992759, 82.06657780799734780 ) ) ;
#1069 = B_SPLINE_CURVE_WITH_KNOTS ( 'NONE', 3,
 ( #744, #940, #1468, #1117, #908, #261, #1289, #1945, #1080, #733, #1776, #281, #2117, #118, #574, #1795 ),
 .UNSPECIFIED., .F., .F.,
 ( 4, 2, 2, 2, 2, 2, 2, 4 ),
 ( 0.000000000000000000, 0.0002571538665233351643, 0.0005143077330466703286, 0.0007714615995700056014, 0.001028615466093340657, 0.001285769332616675930, 0.001542923199140011203, 0.002057230932186660931 ),
 .UNSPECIFIED. ) ;
#1070 = CARTESIAN_POINT ( 'NONE',  ( -1.990741409544674489, -5.315314388621840358, -59.03019670052902512 ) ) ;
#1071 = CARTESIAN_POINT ( 'NONE',  ( 22.87402730991416888, -1.751574201537818176, 59.58594914294403111 ) ) ;
#1072 = CARTESIAN_POINT ( 'NONE',  ( 12.31592636560248621, -5.204170427930421283E-15, -46.62979131484937767 ) ) ;
#1073 = CARTESIAN_POINT ( 'NONE',  ( 190.5404080223891867, -5.867336362172146380, -1.706967900361178181E-12 ) ) ;
#1074 = ORIENTED_EDGE ( 'NONE', *, *, #1501, .T. ) ;
#1075 = EDGE_CURVE ( 'NONE', #1689, #364, #1480, .T. ) ;
#1076 = LINE ( 'NONE', #1783, #371 ) ;
#1077 = CARTESIAN_POINT ( 'NONE',  ( 19.78963780741290890, -0.3443593804352689802, 54.65012090010596069 ) ) ;
#1078 = CARTESIAN_POINT ( 'NONE',  ( 0.9695979173690166819, -6.037870801710911793E-15, -61.79999999999998295 ) ) ;
#1079 = ORIENTED_EDGE ( 'NONE', *, *, #708, .T. ) ;
#1080 = CARTESIAN_POINT ( 'NONE',  ( 19.79351356616678714, -0.2980858956053129005, 55.47509955040037255 ) ) ;
#1081 = CARTESIAN_POINT ( 'NONE',  ( 172.3913895804965932, -14.28669560184524379, 9.691317847576103262 ) ) ;
#1082 = ORIENTED_EDGE ( 'NONE', *, *, #759, .F. ) ;
#1083 = CARTESIAN_POINT ( 'NONE',  ( 0.3926901491850092185, -5.867336362172119735, 58.71939403038490468 ) ) ;
#1084 = CARTESIAN_POINT ( 'NONE',  ( 19.92684485439345110, -0.5475251023033437248, 53.97858301761303323 ) ) ;
#1085 = CARTESIAN_POINT ( 'NONE',  ( 151.4855042191194059, -33.24540241821886610, 4.144866416486985605E-09 ) ) ;
#1086 = FACE_OUTER_BOUND ( 'NONE', #78, .T. ) ;
#1087 = PLANE ( 'NONE',  #1325 ) ;
#1088 = VERTEX_POINT ( 'NONE', #556 ) ;
#1089 = TOROIDAL_SURFACE ( 'NONE', #889, 104.9148347273589934, 1.000000000000000222 ) ;
#1090 = CARTESIAN_POINT ( 'NONE',  ( -63.60000000000005826, 20.00000000000001066, -124.9999999999999858 ) ) ;
#1091 = CARTESIAN_POINT ( 'NONE',  ( 17.15032450526211250, 0.7170638649649587748, 55.63797545329287431 ) ) ;
#1092 = CARTESIAN_POINT ( 'NONE',  ( 0.6240232305252542133, -1.810532924756066975E-15, -61.79999999999999005 ) ) ;
#1093 = CARTESIAN_POINT ( 'NONE',  ( 136.4901989040096737, -19.71791377315109628, -70.56495374733981407 ) ) ;
#1094 = LOCAL_TIME ( 22, 11, 58.00000000000000000, #1028 ) ;
#1095 = VERTEX_POINT ( 'NONE', #1391 ) ;
#1096 = CARTESIAN_POINT ( 'NONE',  ( 44.07123158175186717, -9.125021925549383803E-15, -80.94332521983743334 ) ) ;
#1097 = DIRECTION ( 'NONE',  ( -0.000000000000000000, 1.000000000000000000, -0.000000000000000000 ) ) ;
#1098 = ORIENTED_EDGE ( 'NONE', *, *, #478, .T. ) ;
#1099 = AXIS2_PLACEMENT_3D ( 'NONE', #1400, #1249, #706 ) ;
#1100 = EDGE_CURVE ( 'NONE', #466, #1337, #1009, .T. ) ;
#1101 = CARTESIAN_POINT ( 'NONE',  ( 3.000664712153531966E-15, 20.00000000000000000, 3.195895736931340212E-62 ) ) ;
#1102 = CARTESIAN_POINT ( 'NONE',  ( 138.1463538553895489, -2.750000000018645974, 69.55963267652660420 ) ) ;
#1103 = CARTESIAN_POINT ( 'NONE',  ( 20.70456995104545683, -20.17624357294037551, 31.55663477575509290 ) ) ;
#1104 = CARTESIAN_POINT ( 'NONE',  ( 23.30385506175584709, -2.750000000000003109, -59.02403318930421960 ) ) ;
#1105 = CARTESIAN_POINT ( 'NONE',  ( 70.17304369943950348, -2.750000011882978157, 84.86178067531328395 ) ) ;
#1106 = CARTESIAN_POINT ( 'NONE',  ( 123.9660267272515597, -6.938893903907228378E-15, -77.95661844602406632 ) ) ;
#1107 = CARTESIAN_POINT ( 'NONE',  ( 32.63751076073033630, -7.806255641895631925E-15, -71.11481737957048210 ) ) ;
#1108 = CARTESIAN_POINT ( 'NONE',  ( 159.6817638459971249, -5.046509642262240854E-11, 46.02416551364240149 ) ) ;
#1109 = EDGE_LOOP ( 'NONE', ( #1274, #2116, #1928, #2043, #1379, #1566, #81, #1847 ) ) ;
#1110 = CARTESIAN_POINT ( 'NONE',  ( 19.91811697193104536, -0.5281805822818961271, 54.09368880787130252 ) ) ;
#1111 = CARTESIAN_POINT ( 'NONE',  ( 24.06869797681237344, -30.65149994462048610, 5.174692645975301986 ) ) ;
#1112 = CARTESIAN_POINT ( 'NONE',  ( 24.06831167966331364, -19.54262883376125970, 38.58769516255075871 ) ) ;
#1113 = CARTESIAN_POINT ( 'NONE',  ( -2.533573003083941177, -3.002391024346555692, -60.28494955394760524 ) ) ;
#1114 = CARTESIAN_POINT ( 'NONE',  ( 0.2888661202665592787, -0.05608937510083109729, -61.77279004474304713 ) ) ;
#1115 = CARTESIAN_POINT ( 'NONE',  ( 172.3913895804967069, 6.721624980880682554E-11, 9.691317847563508892 ) ) ;
#1116 = EDGE_CURVE ( 'NONE', #1616, #837, #1424, .T. ) ;
#1117 = CARTESIAN_POINT ( 'NONE',  ( 20.16071511598160981, -0.7673037678818606100, 55.51332920193660669 ) ) ;
#1118 = CARTESIAN_POINT ( 'NONE',  ( 28.77435453420823208, -1.667078124844262765, -64.55792521649394189 ) ) ;
#1119 = CARTESIAN_POINT ( 'NONE',  ( 19.45163778728552728, -0.08771291424895961975, 53.43944539289847029 ) ) ;
#1120 = CARTESIAN_POINT ( 'NONE',  ( 20.97666141360381431, -27.96792361123472404, -2.482819336551901124 ) ) ;
#1121 = CARTESIAN_POINT ( 'NONE',  ( 23.01754277363691870, -6.722053469410127491E-15, 60.24354635159465232 ) ) ;
#1122 = CARTESIAN_POINT ( 'NONE',  ( 44.58884204951603891, -5.164562500155128966, -75.76455500065374338 ) ) ;
#1123 = VECTOR ( 'NONE', #1960, 1000.000000000000000 ) ;
#1124 = FACE_OUTER_BOUND ( 'NONE', #1931, .T. ) ;
#1125 = CARTESIAN_POINT ( 'NONE',  ( 8.584165051147508052, -4.119968255444916849E-15, 37.54538362053246203 ) ) ;
#1126 = CARTESIAN_POINT ( 'NONE',  ( 19.77452677907234957, -0.3270655824719191918, -54.66627860589468924 ) ) ;
#1127 = PLANE ( 'NONE',  #101 ) ;
#1128 = CARTESIAN_POINT ( 'NONE',  ( 69.65712660853368732, -1.339708353267667892E-14, 87.56279413820675472 ) ) ;
#1129 = CARTESIAN_POINT ( 'NONE',  ( 20.82540420756668098, -23.63648394866358871, -4.681823224067319877 ) ) ;
#1130 = CYLINDRICAL_SURFACE ( 'NONE', #1058, 86.40000000000000568 ) ;
#1131 = CARTESIAN_POINT ( 'NONE',  ( 32.20300258831865392, 1.154645035340137571E-11, 67.98211798691684749 ) ) ;
#1132 = LINE ( 'NONE', #1818, #378 ) ;
#1133 = CARTESIAN_POINT ( 'NONE',  ( 18.77719939847388986, -6.836543716161899886E-12, 53.99627359746965993 ) ) ;
#1134 = CARTESIAN_POINT ( 'NONE',  ( 19.92815847683891306, -0.5012203187750996491, -57.69213954360722596 ) ) ;
#1135 = CARTESIAN_POINT ( 'NONE',  ( 24.06913217941470151, -29.52644326388915985, 13.20360509817034611 ) ) ;
#1136 = FACE_OUTER_BOUND ( 'NONE', #1411, .T. ) ;
#1137 = CARTESIAN_POINT ( 'NONE',  ( 86.39708870614370539, -6.726178630134133414E-11, 86.94183622371147635 ) ) ;
#1138 = DIRECTION ( 'NONE',  ( -1.000000000000000000, 1.500332356076765934E-16, 0.000000000000000000 ) ) ;
#1139 = APPROVAL ( #650, 'UNSPECIFIED' ) ;
#1140 = CARTESIAN_POINT ( 'NONE',  ( 115.1046982446530791, 1.679365411166839751E-11, 82.06657780799322666 ) ) ;
#1141 = CARTESIAN_POINT ( 'NONE',  ( 19.79282280899467139, -0.2974901419837818750, -55.47367668605873803 ) ) ;
#1142 = CARTESIAN_POINT ( 'NONE',  ( 172.9227539705186700, -2.750000000055919269, -5.480937947722839709 ) ) ;
#1143 = CARTESIAN_POINT ( 'NONE',  ( 20.03370205221202838, -0.9651005032974973030, -50.42498198070924786 ) ) ;
#1144 = PERSON_AND_ORGANIZATION ( #1037, #343 ) ;
#1145 = CARTESIAN_POINT ( 'NONE',  ( 20.34070552653582808, -1.001432207658816020, 55.68764720925417322 ) ) ;
#1146 = CARTESIAN_POINT ( 'NONE',  ( 69.04698232559306348, -53.01288504816876923, -4.716248199415429678E-12 ) ) ;
#1147 = CARTESIAN_POINT ( 'NONE',  ( 19.64252135092612761, -2.895394625892010983E-12, -54.86225104426805643 ) ) ;
#1148 = CARTESIAN_POINT ( 'NONE',  ( 23.35689330805208996, -2.890889154719099352, 58.93651246664228438 ) ) ;
#1149 = ORIENTED_EDGE ( 'NONE', *, *, #1461, .T. ) ;
#1150 = CARTESIAN_POINT ( 'NONE',  ( 21.98911871015396358, 5.773225176589817378E-12, -57.63738849363744521 ) ) ;
#1151 = ORIENTED_EDGE ( 'NONE', *, *, #289, .T. ) ;
#1152 = CARTESIAN_POINT ( 'NONE',  ( 20.83026468032953460, -23.77566967777608653, 2.342006709130559194 ) ) ;
#1153 = DIRECTION ( 'NONE',  ( -0.000000000000000000, 1.000000000000000000, -0.000000000000000000 ) ) ;
#1154 = CARTESIAN_POINT ( 'NONE',  ( 19.87127564074562613, -0.4514243483571779292, -54.40688710727924615 ) ) ;
#1155 = DATE_AND_TIME ( #1999, #780 ) ;
#1156 = LINE ( 'NONE', #2001, #417 ) ;
#1157 = FACE_OUTER_BOUND ( 'NONE', #53, .T. ) ;
#1158 = CARTESIAN_POINT ( 'NONE',  ( 182.5790719110680982, -3.122502256758252770E-14, -39.80050962125837799 ) ) ;
#1159 = EDGE_LOOP ( 'NONE', ( #1994, #1189, #710, #1233 ) ) ;
#1160 = VERTEX_POINT ( 'NONE', #821 ) ;
#1161 = CARTESIAN_POINT ( 'NONE',  ( 14.76423223170181309, -0.02773582550255529119, 51.63026911330329227 ) ) ;
#1162 = CARTESIAN_POINT ( 'NONE',  ( 20.75933122694826594, -1.500425653707068818, -56.18167383902447654 ) ) ;
#1163 = CARTESIAN_POINT ( 'NONE',  ( -22.00000000000000355, -9.999999999999996447, 5.277782039467517634E-47 ) ) ;
#1164 = DIRECTION ( 'NONE',  ( 0.000000000000000000, 0.000000000000000000, 1.000000000000000000 ) ) ;
#1165 = CARTESIAN_POINT ( 'NONE',  ( 124.3810751481120747, -2.081668171172168513E-14, -99.40077444322332667 ) ) ;
#1166 = CARTESIAN_POINT ( 'NONE',  ( 20.62894941657780734, -2.553167543399250672, -56.36232216088436786 ) ) ;
#1167 = EDGE_CURVE ( 'NONE', #1044, #73, #1822, .T. ) ;
#1168 = DATE_AND_TIME ( #1516, #2160 ) ;
#1169 = DIRECTION ( 'NONE',  ( 1.500332356076765934E-16, 1.000000000000000000, -0.000000000000000000 ) ) ;
#1170 = CARTESIAN_POINT ( 'NONE',  ( -22.00000000000000355, 2.173762880958027708E-15, -61.79999999999999716 ) ) ;
#1171 = CARTESIAN_POINT ( 'NONE',  ( 152.6178708963819872, -2.775557561562891351E-14, -82.96782674948434533 ) ) ;
#1172 = CARTESIAN_POINT ( 'NONE',  ( 20.61926711795262790, -2.343162679595379050, 56.56992877399549968 ) ) ;
#1173 = ORIENTED_EDGE ( 'NONE', *, *, #1807, .T. ) ;
#1174 = ADVANCED_FACE ( 'NONE', ( #1185 ), #1061, .F. ) ;
#1175 = CARTESIAN_POINT ( 'NONE',  ( 12.31215188132667748, 4.270969531560234067, 53.36669220567468130 ) ) ;
#1176 = LINE ( 'NONE', #1861, #2189 ) ;
#1177 = CARTESIAN_POINT ( 'NONE',  ( 22.74712783080989453, -2.710794083215962935, -58.42457287858313464 ) ) ;
#1178 = CARTESIAN_POINT ( 'NONE',  ( 24.07021547984362542, -27.72933115732589826, -20.50715908309474855 ) ) ;
#1179 = CARTESIAN_POINT ( 'NONE',  ( 125.9899829030123612, -2.749999999981383336, 77.12885899052891148 ) ) ;
#1180 = CARTESIAN_POINT ( 'NONE',  ( 121.5795761528397207, -2.081668171172168513E-14, -100.4274179920837184 ) ) ;
#1181 = CARTESIAN_POINT ( 'NONE',  ( 14.76423223170180243, -0.02773582550256092905, -51.63026911330326385 ) ) ;
#1182 = SECURITY_CLASSIFICATION_LEVEL ( 'unclassified' ) ;
#1183 = EDGE_CURVE ( 'NONE', #725, #1259, #1273, .T. ) ;
#1184 = DIRECTION ( 'NONE',  ( -1.000000000000000000, 1.500332356076765934E-16, 0.000000000000000000 ) ) ;
#1185 = FACE_OUTER_BOUND ( 'NONE', #1522, .T. ) ;
#1186 = CARTESIAN_POINT ( 'NONE',  ( 188.2611111111347384, -3.122502256758252770E-14, -5.691111481175473941 ) ) ;
#1187 = DIRECTION ( 'NONE',  ( -1.000000000000000000, 1.499179000761618451E-16, 0.000000000000000000 ) ) ;
#1188 = ORIENTED_EDGE ( 'NONE', *, *, #1017, .F. ) ;
#1189 = ORIENTED_EDGE ( 'NONE', *, *, #1798, .F. ) ;
#1190 = DIRECTION ( 'NONE',  ( 1.000000000000000000, 0.000000000000000000, 0.000000000000000000 ) ) ;
#1191 = CARTESIAN_POINT ( 'NONE',  ( 19.68954310860286938, -0.1835122067415026481, -55.55746500192709192 ) ) ;
#1192 = CARTESIAN_POINT ( 'NONE',  ( 128.2857078017443939, -19.90925520833044260, -75.72336631155765474 ) ) ;
#1193 = CARTESIAN_POINT ( 'NONE',  ( 24.06973387244194384, -28.44644262581574878, -18.01754329615845762 ) ) ;
#1194 = CARTESIAN_POINT ( 'NONE',  ( 122.5269208044811364, -2.749999999975181630, -78.81036244440373650 ) ) ;
#1195 = CARTESIAN_POINT ( 'NONE',  ( 54.87763400548955417, -1.214306433183764966E-14, -90.03337936354711246 ) ) ;
#1196 = CARTESIAN_POINT ( 'NONE',  ( 20.01480677739810687, -0.7983590999546051892, -52.16982260292647311 ) ) ;
#1197 = VECTOR ( 'NONE', #1878, 1000.000000000000000 ) ;
#1198 = APPROVAL_ROLE ( '' ) ;
#1199 = CARTESIAN_POINT ( 'NONE',  ( 20.44518012088883196, -12.74829069829205253, -35.71075313377770755 ) ) ;
#1200 = CARTESIAN_POINT ( 'NONE',  ( 31.49374938130746671, -6.722053469410127491E-15, 68.85658850225601668 ) ) ;
#1201 = CARTESIAN_POINT ( 'NONE',  ( 128.2857078017369759, 2.519351693310173257E-11, -75.72336631154584552 ) ) ;
#1202 = ORIENTED_EDGE ( 'NONE', *, *, #2194, .F. ) ;
#1203 = B_SPLINE_CURVE_WITH_KNOTS ( 'NONE', 3,
 ( #568, #1756, #1938, #548, #1908, #231, #381, #888 ),
 .UNSPECIFIED., .F., .F.,
 ( 4, 2, 2, 4 ),
 ( 3.734206975601297359E-18, 0.0002358672669291528908, 0.0004717345338583021496, 0.0009434690677166005044 ),
 .UNSPECIFIED. ) ;
#1204 = CLOSED_SHELL ( 'NONE', ( #932, #1897, #1910, #1664, #1174, #1423, #862, #1912, #674, #790, #2146, #1969, #611, #65, #37, #825, #434, #387, #1769, #2045, #897, #228, #1263, #377, #2023, #260, #263, #18, #1815, #318, #550 ) ) ;
#1205 = CARTESIAN_POINT ( 'NONE',  ( 123.9660267272414558, -19.96966927083339627, -77.95661844599973733 ) ) ;
#1206 = CARTESIAN_POINT ( 'NONE',  ( 24.07091362099972187, -26.46114493298807702, -24.18696808689940170 ) ) ;
#1207 = CARTESIAN_POINT ( 'NONE',  ( 87.80176403638073168, -2.494131475250810653E-11, -90.88784788192388930 ) ) ;
#1208 = CARTESIAN_POINT ( 'NONE',  ( 42.02949804058361138, -9.540979117872439019E-15, -80.26449129850679753 ) ) ;
#1209 = CARTESIAN_POINT ( 'NONE',  ( 15.97263865194758559, 0.5215253873797355277, -53.90524953126590901 ) ) ;
#1210 = EDGE_CURVE ( 'NONE', #1215, #1596, #753, .T. ) ;
#1211 = CARTESIAN_POINT ( 'NONE',  ( 54.87763400548955417, -1.214306433183764966E-14, -90.03337936354711246 ) ) ;
#1212 = CARTESIAN_POINT ( 'NONE',  ( 136.4901989040170918, -2.524208919042908317E-11, -70.56495374735162329 ) ) ;
#1213 = ORIENTED_EDGE ( 'NONE', *, *, #2037, .F. ) ;
#1214 = CARTESIAN_POINT ( 'NONE',  ( 20.12133557281707041, -0.7693275848705702913, 57.63661625798386012 ) ) ;
#1215 = VERTEX_POINT ( 'NONE', #2086 ) ;
#1216 = CARTESIAN_POINT ( 'NONE',  ( 8.584165051147508052, -1.000000000000004441, 37.54538362053246914 ) ) ;
#1217 = CARTESIAN_POINT ( 'NONE',  ( 103.7866392106579809, -1.853978984179549385E-14, -95.06308567288257905 ) ) ;
#1218 = CARTESIAN_POINT ( 'NONE',  ( 124.4867112316648701, 4.345915388601057011E-11, -83.08561845341084506 ) ) ;
#1219 = CARTESIAN_POINT ( 'NONE',  ( 66.50127012795061887, -1.431146867680865853E-14, 87.28135486430976187 ) ) ;
#1220 = CARTESIAN_POINT ( 'NONE',  ( 19.88437239410425050, 1.820038233605043132, -60.02392003199918946 ) ) ;
#1221 = DIRECTION ( 'NONE',  ( 0.000000000000000000, 0.7266260847305242576, -0.6870331382030918643 ) ) ;
#1222 = ORIENTED_EDGE ( 'NONE', *, *, #1238, .T. ) ;
#1223 = EDGE_LOOP ( 'NONE', ( #552, #1958, #252, #1745 ) ) ;
#1224 = CARTESIAN_POINT ( 'NONE',  ( 84.14035492144192574, 1.584998582646060549E-12, 87.36547101425315986 ) ) ;
#1225 = CARTESIAN_POINT ( 'NONE',  ( 18.45354439579610784, 2.752596017667797934, -59.39514322925625578 ) ) ;
#1226 = CARTESIAN_POINT ( 'NONE',  ( -22.00000000000000711, -5.336018080434820732, 59.20738076889951174 ) ) ;
#1227 = VECTOR ( 'NONE', #1464, 1000.000000000000000 ) ;
#1228 = CARTESIAN_POINT ( 'NONE',  ( 9.813613405785234889, -4.119968255444916849E-15, -42.39472947043825712 ) ) ;
#1229 = CARTESIAN_POINT ( 'NONE',  ( 20.00000000000018119, -5.946864156618344797E-15, -56.84228215070027801 ) ) ;
#1230 = CARTESIAN_POINT ( 'NONE',  ( 20.52816566210468707, -15.12468567539696451, 40.19065631214184009 ) ) ;
#1231 = CARTESIAN_POINT ( 'NONE',  ( 20.80394884414793211, -23.02208272752686824, -9.466103225581857572 ) ) ;
#1232 = CARTESIAN_POINT ( 'NONE',  ( 22.74849936306138076, -2.711002286820158869, 58.42606195648512823 ) ) ;
#1233 = ORIENTED_EDGE ( 'NONE', *, *, #1283, .T. ) ;
#1234 = CARTESIAN_POINT ( 'NONE',  ( 181.7559074401127646, -3.127549633880906000E-14, -6.025303999813729661 ) ) ;
#1235 = DIRECTION ( 'NONE',  ( -1.000000000000000000, -0.000000000000000000, -0.000000000000000000 ) ) ;
#1236 = AXIS2_PLACEMENT_3D ( 'NONE', #2027, #1169, #1645 ) ;
#1237 = CARTESIAN_POINT ( 'NONE',  ( 23.30385506175584709, -2.750000000000003109, -59.02403318930421960 ) ) ;
#1238 = EDGE_CURVE ( 'NONE', #466, #372, #1934, .T. ) ;
#1239 = CARTESIAN_POINT ( 'NONE',  ( 1.151716682763934241, -7.266033556183210784, 57.92598830223418815 ) ) ;
#1240 = CARTESIAN_POINT ( 'NONE',  ( 190.5404080223913468, -5.867336362172147268, 128.8558571061100224 ) ) ;
#1241 = VERTEX_POINT ( 'NONE', #213 ) ;
#1242 = CARTESIAN_POINT ( 'NONE',  ( 19.67634298241727819, -5.932717821987755429E-15, 56.45331614069979054 ) ) ;
#1243 = CARTESIAN_POINT ( 'NONE',  ( 19.54252532507267048, -0.1380550822904846597, 54.00074957164616762 ) ) ;
#1244 = DIRECTION ( 'NONE',  ( -0.000000000000000000, 1.000000000000000000, -0.000000000000000000 ) ) ;
#1245 = VERTEX_POINT ( 'NONE', #564 ) ;
#1246 = CARTESIAN_POINT ( 'NONE',  ( 86.40000000000000568, -3.500000000000018208, 0.000000000000000000 ) ) ;
#1247 = CARTESIAN_POINT ( 'NONE',  ( 166.3541641711309467, -12.19584895833999560, 33.10245240618141338 ) ) ;
#1248 = VERTEX_POINT ( 'NONE', #1925 ) ;
#1249 = DIRECTION ( 'NONE',  ( 1.500332356076765934E-16, 1.000000000000000000, -0.000000000000000000 ) ) ;
#1250 = CARTESIAN_POINT ( 'NONE',  ( 20.53987866499424442, -1.743225064507308408, 57.10595257965029248 ) ) ;
#1251 = EDGE_CURVE ( 'NONE', #384, #1245, #1389, .T. ) ;
#1252 = DIRECTION ( 'NONE',  ( 1.000000000000000000, -1.500332356076766180E-16, 0.000000000000000000 ) ) ;
#1253 = CARTESIAN_POINT ( 'NONE',  ( -1.799600801783290960, -5.867336362172117070, -55.37196945635734835 ) ) ;
#1254 = ORIENTED_EDGE ( 'NONE', *, *, #1043, .T. ) ;
#1255 = CARTESIAN_POINT ( 'NONE',  ( 20.03370205221202482, -0.9651005032975048525, 50.42498198070917681 ) ) ;
#1256 = CARTESIAN_POINT ( 'NONE',  ( 15.64158821769352059, 3.865276379714192245, 57.26049020769455211 ) ) ;
#1257 = LINE ( 'NONE', #730, #1884 ) ;
#1258 = CARTESIAN_POINT ( 'NONE',  ( 164.3684868624641240, -11.76424218749850859, 37.54138756073705707 ) ) ;
#1259 = VERTEX_POINT ( 'NONE', #1915 ) ;
#1260 =( BOUNDED_SURFACE ( )  B_SPLINE_SURFACE ( 3, 2, ( 
 ( #402, #209, #1053 ),
 ( #1546, #29, #692 ),
 ( #199, #856, #1557 ),
 ( #43, #702, #1735 ),
 ( #869, #1230, #902 ),
 ( #106, #1445, #2150 ),
 ( #1971, #1800, #1112 ),
 ( #591, #268, #2132 ),
 ( #1455, #1103, #286 ),
 ( #256, #926, #2159 ),
 ( #453, #2141, #756 ),
 ( #277, #774, #945 ),
 ( #123, #1610, #1135 ),
 ( #608, #1637, #1294 ),
 ( #599, #1474, #1982 ),
 ( #766, #1629, #418 ),
 ( #446, #1951, #1279 ),
 ( #1791, #1120, #1465 ),
 ( #1129, #914, #739 ),
 ( #1620, #1814, #95 ),
 ( #619, #1286, #1782 ),
 ( #1302, #437, #1963 ),
 ( #1990, #1821, #938 ),
 ( #428, #115, #1600 ),
 ( #84, #1431, #2123 ),
 ( #581, #1268, #749 ),
 ( #676, #2188, #177 ),
 ( #153, #663, #133 ),
 ( #2012, #15, #516 ),
 ( #2177, #806, #1867 ),
 ( #1199, #783, #793 ),
 ( #628, #1489, #1503 ),
 ( #1481, #144, #819 ),
 ( #638, #953, #302 ) ),
 .UNSPECIFIED., .F., .F., .F. ) 
 B_SPLINE_SURFACE_WITH_KNOTS ( ( 4, 2, 2, 2, 2, 2, 2, 2, 2, 2, 2, 2, 2, 2, 2, 2, 4 ),
 ( 3, 3 ),
 ( 0.1665704569823019121, 0.1807610412780755182, 0.1843086873520189128, 0.1878563334259623074, 0.1949516255738490966, 0.2091422098696227028, 0.2126898559435660974, 0.2162375020175095197, 0.2233327941653963089, 0.2304280863132830981, 0.2339757323872264927, 0.2375233784611698873, 0.2446186706090566765, 0.2481663166830000711, 0.2517139627569434657, 0.2659045470527170441, 0.2800951313484906779 ),
 ( 0.000000000000000000, 1.000000000000000000 ),
 .UNSPECIFIED. ) 
 GEOMETRIC_REPRESENTATION_ITEM ( )  RATIONAL_B_SPLINE_SURFACE ( (
 ( 1.000000000000000000, 0.9005267336268798495, 1.000000000000000000),
 ( 1.000000000000000000, 0.9031323624542518802, 1.000000000000000000),
 ( 1.000000000000000000, 0.9057861584807216371, 1.000000000000000000),
 ( 1.000000000000000000, 0.9089869103408355633, 1.000000000000000000),
 ( 1.000000000000000000, 0.9096209635105959590, 1.000000000000000000),
 ( 1.000000000000000000, 0.9108708442424454654, 1.000000000000000000),
 ( 1.000000000000000000, 0.9114878421184532398, 1.000000000000000000),
 ( 1.000000000000000000, 0.9132866099923482306, 1.000000000000000000),
 ( 1.000000000000000000, 0.9144195042988488842, 1.000000000000000000),
 ( 1.000000000000000000, 0.9175427951378770652, 1.000000000000000000),
 ( 1.000000000000000000, 0.9192525010313136180, 1.000000000000000000),
 ( 1.000000000000000000, 0.9207134969246694167, 1.000000000000000000),
 ( 1.000000000000000000, 0.9209724646144624716, 1.000000000000000000),
 ( 1.000000000000000000, 0.9214143377885134489, 1.000000000000000000),
 ( 1.000000000000000000, 0.9215982936169281325, 1.000000000000000000),
 ( 1.000000000000000000, 0.9220400134840426309, 1.000000000000000000),
 ( 1.000000000000000000, 0.9221879613171894974, 1.000000000000000000),
 ( 1.000000000000000000, 0.9221913697106531860, 1.000000000000000000),
 ( 1.000000000000000000, 0.9220468553204917983, 1.000000000000000000),
 ( 1.000000000000000000, 0.9216032217512266644, 1.000000000000000000),
 ( 1.000000000000000000, 0.9214182780816669860, 1.000000000000000000),
 ( 1.000000000000000000, 0.9209783387578621694, 1.000000000000000000),
 ( 1.000000000000000000, 0.9207230907557667487, 1.000000000000000000),
 ( 1.000000000000000000, 0.9198555640664415334, 1.000000000000000000),
 ( 1.000000000000000000, 0.9191410812182483347, 1.000000000000000000),
 ( 1.000000000000000000, 0.9178868024294991601, 1.000000000000000000),
 ( 1.000000000000000000, 0.9174383814833950712, 1.000000000000000000),
 ( 1.000000000000000000, 0.9164856988651943759, 1.000000000000000000),
 ( 1.000000000000000000, 0.9159800411365948136, 1.000000000000000000),
 ( 1.000000000000000000, 0.9133450861077534455, 1.000000000000000000),
 ( 1.000000000000000000, 0.9109103671643710154, 1.000000000000000000),
 ( 1.000000000000000000, 0.9058166468994943710, 1.000000000000000000),
 ( 1.000000000000000000, 0.9031560573954324767, 1.000000000000000000),
 ( 1.000000000000000000, 0.9005267336268797385, 1.000000000000000000) ) ) 
 REPRESENTATION_ITEM ( '' )  SURFACE ( )  );
#1261 = DIRECTION ( 'NONE',  ( 1.110223024625156294E-16, -1.848892746611745872E-32, 1.000000000000000000 ) ) ;
#1262 = CARTESIAN_POINT ( 'NONE',  ( 170.7684663968079803, -13.46672135417336058, 19.24584634299479546 ) ) ;
#1263 = ADVANCED_FACE ( 'NONE', ( #544 ), #483, .F. ) ;
#1264 = ORIENTED_EDGE ( 'NONE', *, *, #1744, .T. ) ;
#1265 = CARTESIAN_POINT ( 'NONE',  ( 19.95891659128706408, -0.6189767305391977725, 53.55166234853402329 ) ) ;
#1266 = CARTESIAN_POINT ( 'NONE',  ( 20.03370205221202482, -0.9651005032975048525, 0.000000000000000000 ) ) ;
#1267 = CARTESIAN_POINT ( 'NONE',  ( 125.9899829030123612, -2.749999999981383336, 77.12885899052891148 ) ) ;
#1268 = CARTESIAN_POINT ( 'NONE',  ( 20.82665938434042374, -23.67242750894467918, -23.49375929703004218 ) ) ;
#1269 = CARTESIAN_POINT ( 'NONE',  ( 30.02761032240298178, -0.6161055362724904283, -50.42498198070917681 ) ) ;
#1270 = CARTESIAN_POINT ( 'NONE',  ( 21.82433452609859970, -2.359143809659761448, 57.40191016730224050 ) ) ;
#1271 = CARTESIAN_POINT ( 'NONE',  ( 35.72382495150625203, -2.750000000000004885, -70.00063935706165807 ) ) ;
#1272 = CARTESIAN_POINT ( 'NONE',  ( 23.72316865805419184, -4.092104527013570525, 58.08776572754384659 ) ) ;
#1273 = LINE ( 'NONE', #1561, #1914 ) ;
#1274 = ORIENTED_EDGE ( 'NONE', *, *, #1441, .T. ) ;
#1275 = AXIS2_PLACEMENT_3D ( 'NONE', #383, #1065, #1748 ) ;
#1276 = DIRECTION ( 'NONE',  ( -1.000000000000000000, 1.500332356076766180E-16, 0.000000000000000000 ) ) ;
#1277 = DIRECTION ( 'NONE',  ( 1.000000000000000000, 0.000000000000000000, -1.776356839400250859E-15 ) ) ;
#1278 = EDGE_CURVE ( 'NONE', #73, #1891, #1367, .T. ) ;
#1279 = CARTESIAN_POINT ( 'NONE',  ( 24.06868130591218602, -30.79744972431150885, 2.691097641287787390 ) ) ;
#1280 = LINE ( 'NONE', #429, #1949 ) ;
#1281 = CARTESIAN_POINT ( 'NONE',  ( 0.1203342838507366203, -0.1073292525456362029, 61.74779545231174183 ) ) ;
#1282 = CARTESIAN_POINT ( 'NONE',  ( 113.8204254508033415, 2.080666906768706353E-12, -81.94234444609389811 ) ) ;
#1283 = EDGE_CURVE ( 'NONE', #2090, #836, #517, .T. ) ;
#1284 = CARTESIAN_POINT ( 'NONE',  ( 87.88942714031577452, -1.615467967774064488E-14, -95.91120484666465984 ) ) ;
#1285 = CARTESIAN_POINT ( 'NONE',  ( 108.0190001414501211, -19.70312499992763833, -83.68661191484461881 ) ) ;
#1286 = CARTESIAN_POINT ( 'NONE',  ( 20.94954736141113827, -27.19147874533554443, -10.08939638113162829 ) ) ;
#1287 = CARTESIAN_POINT ( 'NONE',  ( 19.03431122519292984, -5.801978745144000140E-15, 0.000000000000000000 ) ) ;
#1288 = CARTESIAN_POINT ( 'NONE',  ( 81.58161472440102102, 3.359424711659560478E-11, -86.40152710999903718 ) ) ;
#1289 = CARTESIAN_POINT ( 'NONE',  ( 19.95893554429073902, -0.4962368294916597589, 55.43886803119602291 ) ) ;
#1290 = CARTESIAN_POINT ( 'NONE',  ( 110.3581694953426364, -19.86640625008060823, -83.04719318155402163 ) ) ;
#1291 = CARTESIAN_POINT ( 'NONE',  ( 0.000000000000000000, 0.000000000000000000, 0.000000000000000000 ) ) ;
#1292 = CARTESIAN_POINT ( 'NONE',  ( 168.9138608990913610, -2.749999999993816502, -26.60245092019835411 ) ) ;
#1293 = CARTESIAN_POINT ( 'NONE',  ( 76.83997878449875429, -1.452187954997089902E-14, 89.33599791172582627 ) ) ;
#1294 = CARTESIAN_POINT ( 'NONE',  ( 24.06892083346697930, -29.98693153520480692, 10.58442661776433802 ) ) ;
#1295 = CARTESIAN_POINT ( 'NONE',  ( 69.04698232558361326, -53.01288504816877634, 34.70603534881857399 ) ) ;
#1296 = CARTESIAN_POINT ( 'NONE',  ( 57.86683171984105201, -8.838390625155875924, -81.69638322168037803 ) ) ;
#1297 = VECTOR ( 'NONE', #1235, 1000.000000000000000 ) ;
#1298 = PLANE ( 'NONE',  #1808 ) ;
#1299 = CARTESIAN_POINT ( 'NONE',  ( 164.3684868624801254, 5.040611582443919064E-11, 37.54138756071226624 ) ) ;
#1300 = CARTESIAN_POINT ( 'NONE',  ( 21.47339829209175122, 0.3178925756819273030, -60.20491201764075129 ) ) ;
#1301 =( NAMED_UNIT ( * ) PLANE_ANGLE_UNIT ( ) SI_UNIT ( $, .RADIAN. ) );
#1302 = CARTESIAN_POINT ( 'NONE',  ( 20.78943860481476946, -22.60656383878750830, -11.75299613052467507 ) ) ;
#1303 = CARTESIAN_POINT ( 'NONE',  ( 151.4855042191194059, -33.24540241821885900, 7.970675441287100337E-15 ) ) ;
#1304 = CARTESIAN_POINT ( 'NONE',  ( 164.3684868625472575, -5.887623494697213835E-11, -37.54138756071247229 ) ) ;
#1305 = ORIENTED_EDGE ( 'NONE', *, *, #164, .T. ) ;
#1306 = CARTESIAN_POINT ( 'NONE',  ( 13.16357022868670512, -1.000000000000005551, -46.09626967509139206 ) ) ;
#1307 = CYLINDRICAL_SURFACE ( 'NONE', #1453, 17.35301767440693510 ) ;
#1308 = CARTESIAN_POINT ( 'NONE',  ( 23.32218648797146443, -2.797998007566046219, -58.99452334201448878 ) ) ;
#1309 = DATE_TIME_ROLE ( 'creation_date' ) ;
#1310 = DIRECTION ( 'NONE',  ( 1.500332356076765934E-16, 1.000000000000000000, -0.000000000000000000 ) ) ;
#1311 = LINE ( 'NONE', #1287, #1775 ) ;
#1312 = CARTESIAN_POINT ( 'NONE',  ( 172.8000000000000114, 6.721624980880683846E-11, 4.845691241352079182 ) ) ;
#1313 = CARTESIAN_POINT ( 'NONE',  ( 19.27472131305019332, -5.838048248497951046E-15, 53.87622188595755546 ) ) ;
#1314 = ORIENTED_EDGE ( 'NONE', *, *, #5, .F. ) ;
#1315 = CARTESIAN_POINT ( 'NONE',  ( 140.3748994943715616, -2.775557561562891351E-14, -67.63986212418510036 ) ) ;
#1316 = CARTESIAN_POINT ( 'NONE',  ( 20.25313741793091182, -0.8932620640865562844, -55.58390976811853079 ) ) ;
#1317 = CARTESIAN_POINT ( 'NONE',  ( 20.73232462344186189, -20.97103340219713985, 18.66622368868938509 ) ) ;
#1318 = CARTESIAN_POINT ( 'NONE',  ( 172.6446596947697572, -2.749999999944130913, 8.836645832374665943 ) ) ;
#1319 = CARTESIAN_POINT ( 'NONE',  ( 19.96832194414943373, -0.6426545391735121182, -53.39579366036798547 ) ) ;
#1320 = PERSON_AND_ORGANIZATION ( #1037, #343 ) ;
#1321 = CARTESIAN_POINT ( 'NONE',  ( 19.07758099247799066, 3.732508469538972983E-15, -49.97540846680112026 ) ) ;
#1322 = CARTESIAN_POINT ( 'NONE',  ( 21.47673736332644978, -6.394959930580702697E-15, 58.56619573393530231 ) ) ;
#1323 = CARTESIAN_POINT ( 'NONE',  ( 168.9119548276937905, -2.949029909160572061E-14, 51.84982431714588103 ) ) ;
#1324 = ORIENTED_EDGE ( 'NONE', *, *, #1632, .F. ) ;
#1325 = AXIS2_PLACEMENT_3D ( 'NONE', #445, #427, #607 ) ;
#1326 = CARTESIAN_POINT ( 'NONE',  ( 19.07309650012985358, 0.0002732443252930214297, 49.27154453976555715 ) ) ;
#1327 = DIRECTION ( 'NONE',  ( -1.000000000000000000, 1.488112841655169381E-16, 0.000000000000000000 ) ) ;
#1328 = CARTESIAN_POINT ( 'NONE',  ( 41.69263598139237104, -2.749999999998837374, -73.95549898230530061 ) ) ;
#1329 = CARTESIAN_POINT ( 'NONE',  ( 182.5790719110680982, -3.122502256758252770E-14, -39.80050962125837799 ) ) ;
#1330 = CARTESIAN_POINT ( 'NONE',  ( 19.83823350204513147, -0.4049620664192958852, -54.54097485338650131 ) ) ;
#1331 = CARTESIAN_POINT ( 'NONE',  ( 20.03370205221202482, -0.9651005032975048525, -50.42498198070917681 ) ) ;
#1332 = LINE ( 'NONE', #340, #280 ) ;
#1333 = CARTESIAN_POINT ( 'NONE',  ( 115.8648845009642656, -2.081668171172168513E-14, -102.1433451744605634 ) ) ;
#1334 = EDGE_CURVE ( 'NONE', #2138, #1241, #1716, .T. ) ;
#1335 = CIRCLE ( 'NONE', #786, 107.4400000000000119 ) ;
#1336 = CARTESIAN_POINT ( 'NONE',  ( 20.62293277534131164, -2.396704796258247061, 56.51862818758061735 ) ) ;
#1337 = VERTEX_POINT ( 'NONE', #1035 ) ;
#1338 = ORIENTED_EDGE ( 'NONE', *, *, #1100, .F. ) ;
#1339 = CARTESIAN_POINT ( 'NONE',  ( 38.60374481700230831, -44.11662829664690832, 0.000000000000000000 ) ) ;
#1340 = CARTESIAN_POINT ( 'NONE',  ( 1.898908881592409337, -8.643767441962982190, -57.09900857705350319 ) ) ;
#1341 = CARTESIAN_POINT ( 'NONE',  ( 86.39999999999994884, -85.00000000000000000, 0.000000000000000000 ) ) ;
#1342 = CARTESIAN_POINT ( 'NONE',  ( 161.2503034920114544, -2.775557561562891351E-14, -74.81378316769736614 ) ) ;
#1343 = CARTESIAN_POINT ( 'NONE',  ( 20.15610694121898305, -4.470317907967070070, -53.74324603538944700 ) ) ;
#1344 = DIRECTION ( 'NONE',  ( 0.000000000000000000, 0.000000000000000000, 1.000000000000000000 ) ) ;
#1345 = CARTESIAN_POINT ( 'NONE',  ( 32.63751076073033630, -7.842910786077521018E-15, -71.11481737957048210 ) ) ;
#1346 = CARTESIAN_POINT ( 'NONE',  ( -22.00000000000000355, -1.296287155650325696E-14, 61.79999999999999716 ) ) ;
#1347 = CARTESIAN_POINT ( 'NONE',  ( 18.87978037614506022, -5.637851296924623057E-15, -53.92075191586105376 ) ) ;
#1348 = DIRECTION ( 'NONE',  ( 1.500332356076765934E-16, 1.000000000000000000, -0.000000000000000000 ) ) ;
#1349 = ORIENTED_EDGE ( 'NONE', *, *, #190, .F. ) ;
#1350 = ORIENTED_EDGE ( 'NONE', *, *, #2140, .F. ) ;
#1351 = CARTESIAN_POINT ( 'NONE',  ( -22.00000000000000355, -30.95840211499900718, -36.44720368503895003 ) ) ;
#1352 = CARTESIAN_POINT ( 'NONE',  ( 2.780619237084003270, 2.173762880958027708E-15, -61.79999999999999716 ) ) ;
#1353 = CARTESIAN_POINT ( 'NONE',  ( 113.8204254507959803, -19.98504028316284931, -81.94234444609712398 ) ) ;
#1354 = CARTESIAN_POINT ( 'NONE',  ( 21.98911871014474784, -1.018443359296475004, -57.63738849363328143 ) ) ;
#1355 = CARTESIAN_POINT ( 'NONE',  ( 140.8084563961806737, -2.749999999950329510, -67.49775928156022076 ) ) ;
#1356 = CARTESIAN_POINT ( 'NONE',  ( 38.18477763881593035, -8.239936510889833698E-15, -76.73225543759134837 ) ) ;
#1357 = CARTESIAN_POINT ( 'NONE',  ( 20.03239134627315465, -0.9275667960527873568, -50.86164603876562751 ) ) ;
#1358 = APPROVAL_ROLE ( '' ) ;
#1359 = CARTESIAN_POINT ( 'NONE',  ( 19.40741955614620196, -5.857957395269099300E-15, -55.16994055145744369 ) ) ;
#1360 = CARTESIAN_POINT ( 'NONE',  ( 10.68988785196087754, -4.207980228640474117E-12, -41.90966391585642015 ) ) ;
#1361 = CARTESIAN_POINT ( 'NONE',  ( 110.3581694953278856, -4.223783858672622189E-12, -83.04719318156047336 ) ) ;
#1362 = ORIENTED_EDGE ( 'NONE', *, *, #1834, .T. ) ;
#1363 = EDGE_LOOP ( 'NONE', ( #1188, #157, #1778, #1872 ) ) ;
#1364 = B_SPLINE_CURVE_WITH_KNOTS ( 'NONE', 3,
 ( #1850, #842, #193, #150, #2198, #696, #535, #1538, #34, #1381, #23, #1217, #976, #683, #646, #1680, #499, #160, #814, #223, #881, #394, #760, #1374, #1405, #380, #690, #42, #94, #2149, #901, #105, #436, #1790, #936, #1628, #1293, #1128 ),
 .UNSPECIFIED., .F., .F.,
 ( 4, 2, 2, 2, 2, 2, 2, 2, 2, 2, 2, 2, 2, 2, 2, 2, 2, 2, 4 ),
 ( 0.000000000000000000, 0.01562502691211054354, 0.03125005382422108707, 0.06250010764844217415, 0.1250002152968843483, 0.1875003229453265086, 0.2500004305937684745, 0.3125005382422106348, 0.3750006458906526841, 0.4375007535390947333, 0.5000008611875369491, 0.5625009688359791094, 0.6250010764844211586, 0.6875011841328632078, 0.7500012917813053681, 0.8125013994297475284, 0.8750015070781896886, 0.9375016147266317379, 1.000000000000000000 ),
 .UNSPECIFIED. ) ;
#1365 = CARTESIAN_POINT ( 'NONE',  ( -22.00000000000000355, 2.173762880958027708E-15, -61.79999999999999716 ) ) ;
#1366 = CARTESIAN_POINT ( 'NONE',  ( 21.91705842606414478, -0.9925781250057824634, 57.70953967568927112 ) ) ;
#1367 = LINE ( 'NONE', #2033, #688 ) ;
#1368 = CARTESIAN_POINT ( 'NONE',  ( 145.4204017999530265, -9.396502564364329051E-12, 66.99412923508926099 ) ) ;
#1369 = CARTESIAN_POINT ( 'NONE',  ( 8.584165051147548908, -4.987329993433320396E-15, -37.54538362053255440 ) ) ;
#1370 = EDGE_CURVE ( 'NONE', #837, #1508, #615, .T. ) ;
#1371 = CARTESIAN_POINT ( 'NONE',  ( 19.83989414103235305, -0.4071483443535112712, -54.53592350395254584 ) ) ;
#1372 = AXIS2_PLACEMENT_3D ( 'NONE', #1427, #47, #1607 ) ;
#1373 = CARTESIAN_POINT ( 'NONE',  ( 45.12114550256210777, -51.13139327542299384, -2.775557561562891351E-14 ) ) ;
#1374 = CARTESIAN_POINT ( 'NONE',  ( 181.0830729041901179, -3.117454879635599540E-14, 9.716482163585114407 ) ) ;
#1375 = APPROVAL ( #2011, 'UNSPECIFIED' ) ;
#1376 = CARTESIAN_POINT ( 'NONE',  ( 53.32281783879525960, 5.252494664767942956E-11, -79.96462182664292584 ) ) ;
#1377 = ORIENTED_EDGE ( 'NONE', *, *, #1977, .F. ) ;
#1378 = AXIS2_PLACEMENT_3D ( 'NONE', #1672, #1310, #994 ) ;
#1379 = ORIENTED_EDGE ( 'NONE', *, *, #481, .F. ) ;
#1380 = CARTESIAN_POINT ( 'NONE',  ( 59.45535962225617510, -2.749999999993788524, -82.40275474976411374 ) ) ;
#1381 = CARTESIAN_POINT ( 'NONE',  ( 79.92117122073001667, -1.502456663210957668E-14, -95.18147254873954921 ) ) ;
#1382 = CARTESIAN_POINT ( 'NONE',  ( 58.37211917078594325, 3.009956937638975309E-12, -84.93308859760014684 ) ) ;
#1383 = CARTESIAN_POINT ( 'NONE',  ( 187.4870370370134083, -3.122502256758252770E-14, 5.691111481175588516 ) ) ;
#1384 = CARTESIAN_POINT ( 'NONE',  ( 19.19487493310839810, 0.1674063640759196336, -57.53513354252073952 ) ) ;
#1385 = LINE ( 'NONE', #1052, #778 ) ;
#1386 = ORIENTED_EDGE ( 'NONE', *, *, #1183, .T. ) ;
#1387 = EDGE_LOOP ( 'NONE', ( #226, #238, #1314, #876, #31, #1788, #2074, #1559, #788 ) ) ;
#1388 = CARTESIAN_POINT ( 'NONE',  ( 84.29605094376209706, -1.535655955848088551E-14, 90.19220897273100945 ) ) ;
#1389 = LINE ( 'NONE', #396, #1297 ) ;
#1390 = CARTESIAN_POINT ( 'NONE',  ( 14.34776762959579344, 4.128493347676647218, -55.92431904490786110 ) ) ;
#1391 = CARTESIAN_POINT ( 'NONE',  ( 19.03431122519292984, -5.801978745144000140E-15, -48.67550336560264412 ) ) ;
#1392 = CARTESIAN_POINT ( 'NONE',  ( 86.39999999999994884, -5.000000000000000000, 17.35301767440693510 ) ) ;
#1393 = ORIENTED_EDGE ( 'NONE', *, *, #1210, .T. ) ;
#1394 = CARTESIAN_POINT ( 'NONE',  ( 19.71071397079515819, -0.2500598626374611055, 57.70156787259962528 ) ) ;
#1395 = ORIENTED_EDGE ( 'NONE', *, *, #1582, .T. ) ;
#1396 = EDGE_CURVE ( 'NONE', #656, #384, #127, .T. ) ;
#1397 = CARTESIAN_POINT ( 'NONE',  ( 48.66435873273744761, -1.585136156173892771E-12, -79.98061930308514889 ) ) ;
#1398 = CARTESIAN_POINT ( 'NONE',  ( 67.13519277914170402, -2.555844907419093204, 84.78059976888724236 ) ) ;
#1399 = CARTESIAN_POINT ( 'NONE',  ( 20.55630074536974661, 1.261452729066636413, -60.18306185962988764 ) ) ;
#1400 = CARTESIAN_POINT ( 'NONE',  ( 86.40000000000000568, -2.750000000000012879, 0.000000000000000000 ) ) ;
#1401 = CARTESIAN_POINT ( 'NONE',  ( 23.04202841211991881, -2.102212062367865730, 59.40684137393127884 ) ) ;
#1402 = CIRCLE ( 'NONE', #1690, 10.00000000000000355 ) ;
#1403 = CARTESIAN_POINT ( 'NONE',  ( 69.04698232559304927, -53.01288504816877634, -1.387778780781445676E-14 ) ) ;
#1404 = CARTESIAN_POINT ( 'NONE',  ( 66.71369504029723885, -5.867336362172128617, 164.5038172525305811 ) ) ;
#1405 = CARTESIAN_POINT ( 'NONE',  ( 179.7485368383465243, -2.983199873791916856E-14, 17.52125079332791557 ) ) ;
#1406 = ORIENTED_EDGE ( 'NONE', *, *, #1116, .T. ) ;
#1407 = CARTESIAN_POINT ( 'NONE',  ( 172.7945686414209661, -2.750000000004391154, 1.118637623524145974 ) ) ;
#1408 = CARTESIAN_POINT ( 'NONE',  ( 20.87534010809117291, 0.9625043657188402380, 60.22157602253354014 ) ) ;
#1409 = EDGE_CURVE ( 'NONE', #73, #1245, #488, .T. ) ;
#1410 = CARTESIAN_POINT ( 'NONE',  ( 70.17304369943950348, -2.750000011882978157, 84.86178067531328395 ) ) ;
#1411 = EDGE_LOOP ( 'NONE', ( #1074, #1349, #1911, #719 ) ) ;
#1412 = CARTESIAN_POINT ( 'NONE',  ( 76.83956781364153699, -1.452183354306993632E-14, 89.33595071899983964 ) ) ;
#1413 = CARTESIAN_POINT ( 'NONE',  ( 164.3684868624641240, -11.76424218749850859, 37.54138756073705707 ) ) ;
#1414 = ORIENTED_EDGE ( 'NONE', *, *, #2062, .T. ) ;
#1415 = EDGE_CURVE ( 'NONE', #100, #999, #1364, .T. ) ;
#1416 = CARTESIAN_POINT ( 'NONE',  ( 20.03370205221202482, -0.9651005032975048525, 50.42498198070917681 ) ) ;
#1417 = CARTESIAN_POINT ( 'NONE',  ( 86.40000000207244568, -33.24540241821885900, -65.08550421911940020 ) ) ;
#1418 = ORIENTED_EDGE ( 'NONE', *, *, #1998, .F. ) ;
#1419 = CARTESIAN_POINT ( 'NONE',  ( 19.03431122519292984, -5.801978745144000140E-15, 48.67550336560264412 ) ) ;
#1420 = CARTESIAN_POINT ( 'NONE',  ( 19.48087615721584953, -0.1045613510858442591, 53.61119374637340229 ) ) ;
#1421 = DIRECTION ( 'NONE',  ( 1.500332356076765934E-16, 1.000000000000000000, 0.000000000000000000 ) ) ;
#1422 = CARTESIAN_POINT ( 'NONE',  ( 159.6817638459687885, -18.37368576389108910, -46.02416551369779540 ) ) ;
#1423 = ADVANCED_FACE ( 'NONE', ( #114 ), #1087, .T. ) ;
#1424 = B_SPLINE_CURVE_WITH_KNOTS ( 'NONE', 3,
 ( #1237, #1926, #2190, #652, #2028, #996, #167, #1733 ),
 .UNSPECIFIED., .F., .F.,
 ( 4, 2, 2, 4 ),
 ( -6.000000000081765936E-08, 0.001268972446330449101, 0.002538004892660898713, 0.005076069785321797936 ),
 .UNSPECIFIED. ) ;
#1425 = ORIENTED_EDGE ( 'NONE', *, *, #190, .T. ) ;
#1426 = CARTESIAN_POINT ( 'NONE',  ( -19.03999999999998849, -5.500000000000002665, 0.000000000000000000 ) ) ;
#1427 = CARTESIAN_POINT ( 'NONE',  ( 86.40000000000000568, -1.885527044543283213E-14, 0.000000000000000000 ) ) ;
#1428 = ORIENTED_EDGE ( 'NONE', *, *, #1167, .T. ) ;
#1429 = CARTESIAN_POINT ( 'NONE',  ( 19.76649668477076105, -0.3187713163942035299, 54.66441145454465556 ) ) ;
#1430 = CARTESIAN_POINT ( 'NONE',  ( 24.06868098659753485, -30.79925755746091554, -1.692916554243220021E-11 ) ) ;
#1431 = CARTESIAN_POINT ( 'NONE',  ( 20.87030761761050357, -24.92234937139974704, -19.93251274099308290 ) ) ;
#1432 = CARTESIAN_POINT ( 'NONE',  ( 20.00000000000000000, 0.000000000000000000, 56.83485783801463498 ) ) ;
#1433 = CARTESIAN_POINT ( 'NONE',  ( 17.35516645617118314, 0.7175898493997782124, 55.89476245344022942 ) ) ;
#1434 = CARTESIAN_POINT ( 'NONE',  ( -1.896021314582092332, -1.445044426657960734, -61.08482834554876462 ) ) ;
#1435 = CARTESIAN_POINT ( 'NONE',  ( 80.56005450032233739, -2.750000000000167422, -86.49926399677130462 ) ) ;
#1436 = CARTESIAN_POINT ( 'NONE',  ( 23.58852205037156935, -3.596829267264357366, 58.45743310862189901 ) ) ;
#1437 = CARTESIAN_POINT ( 'NONE',  ( -2.117557969458095712, -5.268840931624076518, 59.05619981092749526 ) ) ;
#1438 = ORIENTED_EDGE ( 'NONE', *, *, #1832, .T. ) ;
#1439 = EDGE_CURVE ( 'NONE', #1508, #811, #849, .T. ) ;
#1440 = CARTESIAN_POINT ( 'NONE',  ( 21.88134261220142562, -0.1833808074957781475, 60.12913375364877311 ) ) ;
#1441 = EDGE_CURVE ( 'NONE', #364, #1947, #1765, .T. ) ;
#1442 = CARTESIAN_POINT ( 'NONE',  ( 19.60134585442443367, -0.1759013933375069560, 54.29418405691546923 ) ) ;
#1443 = CARTESIAN_POINT ( 'NONE',  ( 67.01924183451124861, -7.971897849992060969, 161.9505898134369772 ) ) ;
#1444 = CARTESIAN_POINT ( 'NONE',  ( 98.70061960783763766, -2.750000000009334311, 85.81912603080721169 ) ) ;
#1445 = CARTESIAN_POINT ( 'NONE',  ( 20.57514180660622571, -16.46990644754158950, 38.08556460027308077 ) ) ;
#1446 = SECURITY_CLASSIFICATION ( '', '', #1182 ) ;
#1447 = CARTESIAN_POINT ( 'NONE',  ( 172.7999723577704856, -2.750000000008113066, 0.5593180651337791298 ) ) ;
#1448 = CARTESIAN_POINT ( 'NONE',  ( -0.2440886697515557702, -5.499999999999988454, 58.92672230857211702 ) ) ;
#1449 = CARTESIAN_POINT ( 'NONE',  ( 150.9397100715113140, -5.046336169914644466E-11, -57.64604537604375878 ) ) ;
#1450 = CARTESIAN_POINT ( 'NONE',  ( -1.037034476064111033, -5.500000000000017764, 58.92672230857209570 ) ) ;
#1451 = CARTESIAN_POINT ( 'NONE',  ( 172.3913895804967069, 6.721624980880682554E-11, 9.691317847563508892 ) ) ;
#1452 = VERTEX_POINT ( 'NONE', #925 ) ;
#1453 = AXIS2_PLACEMENT_3D ( 'NONE', #1341, #1153, #1164 ) ;
#1454 = CARTESIAN_POINT ( 'NONE',  ( 19.86912176038277877, -0.4491147965113009288, 54.40747795125132313 ) ) ;
#1455 = CARTESIAN_POINT ( 'NONE',  ( 20.56762353205495586, -16.25461123326865476, 29.50298267709241173 ) ) ;
#1456 = CARTESIAN_POINT ( 'NONE',  ( 0.1984479331021675730, -5.647629987998935341, 58.84367670791121441 ) ) ;
#1457 = CARTESIAN_POINT ( 'NONE',  ( 114.9667639714644309, -1.683268538955514922E-11, -81.54978566142693808 ) ) ;
#1458 = FACE_OUTER_BOUND ( 'NONE', #1833, .T. ) ;
#1459 = CARTESIAN_POINT ( 'NONE',  ( 57.86683171984105201, -8.838390625155875924, -81.69638322168037803 ) ) ;
#1460 = MANIFOLD_SOLID_BREP ( 'Cut-Extrude7', #1204 ) ;
#1461 = EDGE_CURVE ( 'NONE', #712, #1889, #950, .T. ) ;
#1462 = CARTESIAN_POINT ( 'NONE',  ( 19.97752838850012225, -0.6664849275385567040, 53.23591875788191174 ) ) ;
#1463 = CARTESIAN_POINT ( 'NONE',  ( 67.01924183450594796, -7.971897849992059193, -161.9505898134363520 ) ) ;
#1464 = DIRECTION ( 'NONE',  ( -1.000000000000000000, 1.500332356076765934E-16, -0.000000000000000000 ) ) ;
#1465 = CARTESIAN_POINT ( 'NONE',  ( 24.06868067280051093, -30.80103415102952269, -2.598889321824457088 ) ) ;
#1466 = DIRECTION ( 'NONE',  ( -1.000000000000000000, 1.500332356076766180E-16, 0.000000000000000000 ) ) ;
#1467 = CARTESIAN_POINT ( 'NONE',  ( 40.39899664144156333, -4.083640624843368094, -73.29630559321161343 ) ) ;
#1468 = CARTESIAN_POINT ( 'NONE',  ( 20.25285573317231069, -0.8901906006832795981, 55.58973308048808804 ) ) ;
#1469 = CARTESIAN_POINT ( 'NONE',  ( 21.91705842604707044, -5.790789251894953025E-12, 57.70953967568112120 ) ) ;
#1470 = EDGE_CURVE ( 'NONE', #1749, #189, #1601, .T. ) ;
#1471 = CARTESIAN_POINT ( 'NONE',  ( 21.88134261220269750, -0.1833808074958642731, -60.12913375365005209 ) ) ;
#1472 = CARTESIAN_POINT ( 'NONE',  ( 34.29591840025669569, -2.750000000000004885, -68.92114828300012164 ) ) ;
#1473 = CARTESIAN_POINT ( 'NONE',  ( 24.06477511145901005, -17.71671183400449934, 41.50526156941685940 ) ) ;
#1474 = CARTESIAN_POINT ( 'NONE',  ( 20.95584687409724722, -27.37187318626234855, 8.860312904502183784 ) ) ;
#1475 = CARTESIAN_POINT ( 'NONE',  ( 127.6788544974379107, -51.13139327542299384, 82.55770899489826320 ) ) ;
#1476 = CARTESIAN_POINT ( 'NONE',  ( 156.9807806532506618, 5.040785054791518037E-11, -50.06789516230773529 ) ) ;
#1477 = CARTESIAN_POINT ( 'NONE',  ( 169.5541752803536326, 6.301328263184593554E-11, 23.95462078705079634 ) ) ;
#1478 = CARTESIAN_POINT ( 'NONE',  ( 59.45535962225617510, -2.749999999993788524, -82.40275474976411374 ) ) ;
#1479 = FACE_OUTER_BOUND ( 'NONE', #1484, .T. ) ;
#1480 = CIRCLE ( 'NONE', #960, 17.35301767440693155 ) ;
#1481 = CARTESIAN_POINT ( 'NONE',  ( 20.14776820984514316, -4.231527884288421859, -46.97031406606446069 ) ) ;
#1482 = DIRECTION ( 'NONE',  ( 1.500332356076766180E-16, 1.000000000000000000, 1.598973605018253817E-32 ) ) ;
#1483 = CARTESIAN_POINT ( 'NONE',  ( 147.5997032630440344, -2.775557561562891351E-14, -61.18036485772766753 ) ) ;
#1484 = EDGE_LOOP ( 'NONE', ( #693, #2058, #217, #1406, #910, #1151 ) ) ;
#1485 = CARTESIAN_POINT ( 'NONE',  ( 124.1834622505969747, -2.341876692568689577E-14, 78.30257259377741264 ) ) ;
#1486 = DIRECTION ( 'NONE',  ( 1.000000000000000000, 0.000000000000000000, 0.000000000000000000 ) ) ;
#1487 = CARTESIAN_POINT ( 'NONE',  ( 19.03431122519292984, -5.801978745144000140E-15, -48.67550336560264412 ) ) ;
#1488 = CYLINDRICAL_SURFACE ( 'NONE', #699, 1.000000000000000888 ) ;
#1489 = CARTESIAN_POINT ( 'NONE',  ( 20.38127025344930487, -10.91815154254597076, -46.28161179039283013 ) ) ;
#1490 = CARTESIAN_POINT ( 'NONE',  ( 172.7999999999999545, -2.750000000000025757, 172.8000000000469925 ) ) ;
#1491 = CARTESIAN_POINT ( 'NONE',  ( 186.9310958413437049, -3.122502256758252770E-14, -22.91231914975823969 ) ) ;
#1492 = CARTESIAN_POINT ( 'NONE',  ( 19.40747896152251784, -5.857966308049919951E-15, 55.17039941365006683 ) ) ;
#1493 = ORIENTED_EDGE ( 'NONE', *, *, #1415, .T. ) ;
#1494 = CARTESIAN_POINT ( 'NONE',  ( 57.86683171985309571, 2.520565999743356699E-11, -81.69638322163851285 ) ) ;
#1495 = CARTESIAN_POINT ( 'NONE',  ( 15.97263865194831922, 0.5215253873814583718, 53.90524953127324892 ) ) ;
#1496 = CARTESIAN_POINT ( 'NONE',  ( 20.83022369470822710, -23.77449600314337630, -2.371249492168176598 ) ) ;
#1497 = CARTESIAN_POINT ( 'NONE',  ( 24.05643222543143622, -14.77910475049194616, -45.80839344559566229 ) ) ;
#1498 = CARTESIAN_POINT ( 'NONE',  ( 76.67442846568468440, -4.364609237978962902E-12, 86.47831250869403164 ) ) ;
#1499 = CARTESIAN_POINT ( 'NONE',  ( 31.49374938130746671, -6.722053469410127491E-15, 68.85658850225601668 ) ) ;
#1500 = CARTESIAN_POINT ( 'NONE',  ( 22.25530230424886469, -0.6944659082875235256, -60.00629431043302020 ) ) ;
#1501 = EDGE_CURVE ( 'NONE', #1919, #482, #1726, .T. ) ;
#1502 = COORDINATED_UNIVERSAL_TIME_OFFSET ( 5, 0, .AHEAD. ) ;
#1503 = CARTESIAN_POINT ( 'NONE',  ( 24.05133809981053616, -13.14679016392563504, -48.14270038269604868 ) ) ;
#1504 = EDGE_CURVE ( 'NONE', #986, #1662, #1280, .T. ) ;
#1505 = CARTESIAN_POINT ( 'NONE',  ( 86.40000000000000568, -5.500000000000017764, 0.000000000000000000 ) ) ;
#1506 = CARTESIAN_POINT ( 'NONE',  ( 98.11720691939522965, -1.734723475976807094E-14, -104.1445348416288539 ) ) ;
#1507 = CARTESIAN_POINT ( 'NONE',  ( 23.51184122411327948, -3.342337651554120548, 58.63830196454652111 ) ) ;
#1508 = VERTEX_POINT ( 'NONE', #1611 ) ;
#1509 = VECTOR ( 'NONE', #1789, 1000.000000000000000 ) ;
#1510 = CARTESIAN_POINT ( 'NONE',  ( 19.02781102552340897, -2.112652080880905725E-05, 48.57611477673285805 ) ) ;
#1511 = APPROVAL_PERSON_ORGANIZATION ( #2053, #1375, #1198 ) ;
#1512 = CARTESIAN_POINT ( 'NONE',  ( 21.95109674461788529, -2.426820983248549002, -57.54421942923399769 ) ) ;
#1513 = CARTESIAN_POINT ( 'NONE',  ( 70.17280593985356063, -2.750000000000010214, 84.86246621996293982 ) ) ;
#1514 = CARTESIAN_POINT ( 'NONE',  ( 168.9119548276937905, -2.949029909160572061E-14, 51.84982431714588103 ) ) ;
#1515 = CARTESIAN_POINT ( 'NONE',  ( 19.94220865750108018, -0.5794012714006379072, -53.80054088314240346 ) ) ;
#1516 = CALENDAR_DATE ( 2026, 22, 5 ) ;
#1517 = PLANE ( 'NONE',  #1236 ) ;
#1518 = CARTESIAN_POINT ( 'NONE',  ( -2.336813251334215913, -5.103664572188473691, -59.14814713515312405 ) ) ;
#1519 = CARTESIAN_POINT ( 'NONE',  ( 53.32281783879525960, 5.252494664767942956E-11, -79.96462182664292584 ) ) ;
#1520 = AXIS2_PLACEMENT_3D ( 'NONE', #651, #294, #1184 ) ;
#1521 = CARTESIAN_POINT ( 'NONE',  ( 20.62843785984196288, -2.657083512570409756, 56.25296109447300097 ) ) ;
#1522 = EDGE_LOOP ( 'NONE', ( #521, #824, #2193, #2061, #317, #1418, #559, #722, #850 ) ) ;
#1523 = FACE_OUTER_BOUND ( 'NONE', #19, .T. ) ;
#1524 = CARTESIAN_POINT ( 'NONE',  ( -21.99999999999999645, -5.500000000000001776, 58.92672230857210991 ) ) ;
#1525 = CARTESIAN_POINT ( 'NONE',  ( 20.78052490961795939, -22.35130900544442767, -12.95558263471765414 ) ) ;
#1526 = CARTESIAN_POINT ( 'NONE',  ( 40.22185415489748550, -1.356513888900347187, 73.66452158765545732 ) ) ;
#1527 = DIRECTION ( 'NONE',  ( 1.000000000000000000, 0.000000000000000000, 0.000000000000000000 ) ) ;
#1528 = CARTESIAN_POINT ( 'NONE',  ( 165.0597632507051742, -2.750000000000035527, 36.45365936059778278 ) ) ;
#1529 = CARTESIAN_POINT ( 'NONE',  ( 116.9634407105112217, -1.821459649775647449E-14, 87.62768415128878985 ) ) ;
#1530 = CARTESIAN_POINT ( 'NONE',  ( 12.31215188132665439, 4.270969531560233179, -53.36669220567464578 ) ) ;
#1531 = PERSON_AND_ORGANIZATION ( #1037, #343 ) ;
#1532 = CARTESIAN_POINT ( 'NONE',  ( 19.27469573560609817, -5.838044411031256261E-15, -53.87585222277317598 ) ) ;
#1533 = CARTESIAN_POINT ( 'NONE',  ( 124.3810751481120747, -2.081668171172168513E-14, -99.40077444322332667 ) ) ;
#1534 = VERTEX_POINT ( 'NONE', #1419 ) ;
#1535 = ORIENTED_EDGE ( 'NONE', *, *, #1116, .F. ) ;
#1536 = CARTESIAN_POINT ( 'NONE',  ( 20.25339133520713020, -7.256178454687229440, -43.36298252383219420 ) ) ;
#1537 = CARTESIAN_POINT ( 'NONE',  ( -2.179733859829516174, -2.000000000000017764, 60.80283175413603658 ) ) ;
#1538 = CARTESIAN_POINT ( 'NONE',  ( 57.31589416603481624, -1.141344249158489165E-14, -88.71299975946256211 ) ) ;
#1539 = CARTESIAN_POINT ( 'NONE',  ( 172.9679658245184157, 1.237416592236240380E-11, -27.89138128942015982 ) ) ;
#1540 = CARTESIAN_POINT ( 'NONE',  ( 21.22957914591017570, -5.854691731421723944E-15, -58.31644400107919779 ) ) ;
#1541 = CARTESIAN_POINT ( 'NONE',  ( 19.91569949599695022, -0.5233364782056949549, -54.11979935806032671 ) ) ;
#1542 = CC_DESIGN_PERSON_AND_ORGANIZATION_ASSIGNMENT ( #1144, #350, ( #1446 ) ) ;
#1543 = B_SPLINE_SURFACE_WITH_KNOTS ( 'NONE', 2, 1, ( 
 ( #21, #681 ),
 ( #1003, #1693 ),
 ( #1365, #1352 ) ),
 .UNSPECIFIED., .F., .F., .F.,
 ( 3, 3 ),
 ( 2, 2 ),
 ( 0.8690966092485237215, 1.000000000000000000 ),
 ( 0.000000000000000000, 1.000000000000000000 ),
 .UNSPECIFIED. ) ;
#1544 = CARTESIAN_POINT ( 'NONE',  ( 7.683518813313567009, -4.119968255444916849E-15, 37.97993667169603782 ) ) ;
#1545 = CARTESIAN_POINT ( 'NONE',  ( 100.9333020382910888, -3.469446951953614189E-14, -85.30664602170975286 ) ) ;
#1546 = CARTESIAN_POINT ( 'NONE',  ( 20.14675535097842740, -4.202523401241351486, 47.00099004516188472 ) ) ;
#1547 = CARTESIAN_POINT ( 'NONE',  ( 19.80242387909656188, -0.3593917588514314865, 54.63185214535444345 ) ) ;
#1548 = ORIENTED_EDGE ( 'NONE', *, *, #1623, .T. ) ;
#1549 = CARTESIAN_POINT ( 'NONE',  ( 187.2923368198771357, -10.00000000000256151, -1.658395643033827582E-12 ) ) ;
#1550 = CARTESIAN_POINT ( 'NONE',  ( 49.55758614004459162, -2.750000000003104184, -78.23307133065588914 ) ) ;
#1551 = B_SPLINE_CURVE_WITH_KNOTS ( 'NONE', 3,
 ( #1848, #1678, #1339, #827 ),
 .UNSPECIFIED., .F., .F.,
 ( 4, 4 ),
 ( 0.1404943933070663675, 0.5105259818618663736 ),
 .UNSPECIFIED. ) ;
#1552 = CARTESIAN_POINT ( 'NONE',  ( 24.07158002389506635, -24.51531455891353772, -29.02370166048978462 ) ) ;
#1553 = CARTESIAN_POINT ( 'NONE',  ( 110.2901219892620190, -4.348691271732815558E-11, -88.22175912630976313 ) ) ;
#1554 = CARTESIAN_POINT ( 'NONE',  ( 183.9146925454340362, -3.122502256758252770E-14, 22.26826609709834059 ) ) ;
#1555 = CARTESIAN_POINT ( 'NONE',  ( 17.97878671144343343, 0.6512683330534120296, -56.59196025421954346 ) ) ;
#1556 = DIRECTION ( 'NONE',  ( 0.000000000000000000, 0.000000000000000000, 1.000000000000000000 ) ) ;
#1557 = CARTESIAN_POINT ( 'NONE',  ( 24.05120527466365843, -13.11129378159200876, 48.19078033788034077 ) ) ;
#1558 = AXIS2_PLACEMENT_3D ( 'NONE', #303, #438, #278 ) ;
#1559 = ORIENTED_EDGE ( 'NONE', *, *, #981, .F. ) ;
#1560 = CARTESIAN_POINT ( 'NONE',  ( 160.4780081914962295, -3.122502256758252770E-14, 50.65681748375248361 ) ) ;
#1561 = CARTESIAN_POINT ( 'NONE',  ( 86.39999999999994884, -85.00000000000000000, -17.35301767440693510 ) ) ;
#1562 = CARTESIAN_POINT ( 'NONE',  ( 16.74615516685698324, 0.6872973012026604156, -55.09356454948274973 ) ) ;
#1563 = CARTESIAN_POINT ( 'NONE',  ( -2.785214963853930303, -3.739420108317044633, -59.89240341370164344 ) ) ;
#1564 = CARTESIAN_POINT ( 'NONE',  ( 21.31449578088059837, -33.24540241821885189, -1.387778780781445676E-14 ) ) ;
#1565 = FACE_OUTER_BOUND ( 'NONE', #1363, .T. ) ;
#1566 = ORIENTED_EDGE ( 'NONE', *, *, #1439, .F. ) ;
#1567 = EDGE_CURVE ( 'NONE', #100, #2138, #1010, .T. ) ;
#1568 = B_SPLINE_CURVE_WITH_KNOTS ( 'NONE', 3,
 ( #1705, #1954, #829, #1537 ),
 .UNSPECIFIED., .F., .F.,
 ( 4, 4 ),
 ( 1.371419323662773916E-18, 0.001773663470398160720 ),
 .UNSPECIFIED. ) ;
#1569 = EDGE_LOOP ( 'NONE', ( #1760, #728, #1714, #1414, #1000 ) ) ;
#1570 = CARTESIAN_POINT ( 'NONE',  ( 41.07373062740808223, -8.673617379884033894E-15, -74.91419543171789996 ) ) ;
#1571 = CARTESIAN_POINT ( 'NONE',  ( -1.037034476064111033, -5.500000000000017764, 58.92672230857209570 ) ) ;
#1572 = CARTESIAN_POINT ( 'NONE',  ( 19.07309650012695812, 0.0002732443252743149307, -49.27154453975673931 ) ) ;
#1573 = DIRECTION ( 'NONE',  ( -1.000000000000000000, 1.480700994289763183E-16, 0.000000000000000000 ) ) ;
#1574 = EDGE_CURVE ( 'NONE', #1749, #1088, #592, .T. ) ;
#1575 = B_SPLINE_CURVE_WITH_KNOTS ( 'NONE', 3,
 ( #76, #1580, #1456, #551, #1448, #63 ),
 .UNSPECIFIED., .F., .F.,
 ( 4, 2, 4 ),
 ( 6.844227486010978389E-18, 0.0004712436376138808437, 0.0009424872752277548569 ),
 .UNSPECIFIED. ) ;
#1576 = CARTESIAN_POINT ( 'NONE',  ( 172.8000000000000114, -2.750000000000025757, 5.502246048195718990E-09 ) ) ;
#1577 = UNCERTAINTY_MEASURE_WITH_UNIT (LENGTH_MEASURE( 1.000000000000000082E-05 ), #1618, 'distance_accuracy_value', 'NONE');
#1578 = VERTEX_POINT ( 'NONE', #1090 ) ;
#1579 = CARTESIAN_POINT ( 'NONE',  ( 18.60304957112603219, 0.4711229708993132093, 57.15363531271020747 ) ) ;
#1580 = CARTESIAN_POINT ( 'NONE',  ( 0.3186484897763618984, -5.744324987516609582, 58.78917177048281673 ) ) ;
#1581 = ORIENTED_EDGE ( 'NONE', *, *, #1623, .F. ) ;
#1582 = EDGE_CURVE ( 'NONE', #680, #2111, #312, .T. ) ;
#1583 = CARTESIAN_POINT ( 'NONE',  ( 179.7485368383465243, -2.983199873791916856E-14, 17.52125079332791557 ) ) ;
#1584 = CARTESIAN_POINT ( 'NONE',  ( 159.6817638460131263, -10.89637210648305121, 46.02416551361761776 ) ) ;
#1585 = VERTEX_POINT ( 'NONE', #1929 ) ;
#1586 = CARTESIAN_POINT ( 'NONE',  ( -22.00000000000000355, -1.296287155650325696E-14, 61.79999999999999716 ) ) ;
#1587 = CIRCLE ( 'NONE', #1873, 104.1404080223891810 ) ;
#1588 = CARTESIAN_POINT ( 'NONE',  ( 69.04698232559306348, -53.01288504816877634, -10.16516240582421737 ) ) ;
#1589 = DIRECTION ( 'NONE',  ( 1.000000000000000000, -1.500332356076766180E-16, 0.000000000000000000 ) ) ;
#1590 = CARTESIAN_POINT ( 'NONE',  ( 18.45354439579537598, 2.752596017667805928, 59.39514322925543865 ) ) ;
#1591 = CARTESIAN_POINT ( 'NONE',  ( 0.3926901491850126602, -5.867336362172118847, -58.71939403038491179 ) ) ;
#1592 = CARTESIAN_POINT ( 'NONE',  ( 172.8000000000000114, -14.68703703704284358, 4.845691241352079182 ) ) ;
#1593 = EDGE_LOOP ( 'NONE', ( #921, #64, #540, #1350 ) ) ;
#1594 = CIRCLE ( 'NONE', #2202, 17.35301767440693155 ) ;
#1595 = PLANE ( 'NONE',  #863 ) ;
#1596 = VERTEX_POINT ( 'NONE', #2112 ) ;
#1597 = CARTESIAN_POINT ( 'NONE',  ( 22.47909869669775063, -1.044552192467680385, 59.88721778721340172 ) ) ;
#1598 = CARTESIAN_POINT ( 'NONE',  ( 64.56363355713381225, -1.214306433183764966E-14, -95.53516767985686897 ) ) ;
#1599 = CARTESIAN_POINT ( 'NONE',  ( 70.17304369943950348, -2.750000011882978157, 84.86178067531328395 ) ) ;
#1600 = CARTESIAN_POINT ( 'NONE',  ( 24.06978288677557387, -28.36666036992481921, -18.31816201933096266 ) ) ;
#1601 = LINE ( 'NONE', #2133, #2013 ) ;
#1602 = CARTESIAN_POINT ( 'NONE',  ( 16.32047497104060341, 3.668489340055063774, 57.87362438105049733 ) ) ;
#1603 = DIRECTION ( 'NONE',  ( -1.000000000000000000, 0.000000000000000000, -0.000000000000000000 ) ) ;
#1604 = CARTESIAN_POINT ( 'NONE',  ( 118.3707368188664049, -19.99654264322918351, -80.27639461562918655 ) ) ;
#1605 = EDGE_CURVE ( 'NONE', #837, #61, #614, .T. ) ;
#1606 = CARTESIAN_POINT ( 'NONE',  ( 23.95847687573937534, -5.352311790688951021, 57.01457383645480093 ) ) ;
#1607 = DIRECTION ( 'NONE',  ( -1.000000000000000000, 1.500332356076765934E-16, 0.000000000000000000 ) ) ;
#1608 = CARTESIAN_POINT ( 'NONE',  ( 19.84692464075344631, -0.4168683048077230224, 54.50927230988835959 ) ) ;
#1609 = CARTESIAN_POINT ( 'NONE',  ( 165.0597632507051742, -2.750000000000035527, 36.45365936059778278 ) ) ;
#1610 = CARTESIAN_POINT ( 'NONE',  ( 20.93398609135550714, -26.74586227456375553, 12.61995929115941273 ) ) ;
#1611 = CARTESIAN_POINT ( 'NONE',  ( 24.06868098659753485, -30.79925755746091554, -1.692916554243220021E-11 ) ) ;
#1612 = CARTESIAN_POINT ( 'NONE',  ( 70.17340293023661957, -0.0009084610400350359976, 84.86261460017169611 ) ) ;
#1613 = CARTESIAN_POINT ( 'NONE',  ( 8.584165051147508052, -4.119968255444916849E-15, 37.54538362053246203 ) ) ;
#1614 = DIRECTION ( 'NONE',  ( -1.000000000000000000, 1.500332356076765934E-16, 0.000000000000000000 ) ) ;
#1615 = CARTESIAN_POINT ( 'NONE',  ( 147.5997032630381796, -19.26193576390223328, -61.18036485772110922 ) ) ;
#1616 = VERTEX_POINT ( 'NONE', #1104 ) ;
#1617 = CARTESIAN_POINT ( 'NONE',  ( 19.72013388130977773, -0.2720311203854034465, -54.64018320770458104 ) ) ;
#1618 =( LENGTH_UNIT ( ) NAMED_UNIT ( * ) SI_UNIT ( .MILLI., .METRE. ) );
#1619 = B_SPLINE_CURVE_WITH_KNOTS ( 'NONE', 3,
 ( #1989, #736, #293, #413, #112, #923, #1119, #952, #2156, #1442, #1644, #426, #1978, #121, #442, #254, #1810, #912, #1429, #104, #763, #747, #1608, #1454, #2130, #1110, #284, #617, #1462, #93, #933, #435, #1797, #2121 ),
 .UNSPECIFIED., .F., .F.,
 ( 4, 2, 2, 2, 2, 2, 2, 2, 2, 2, 2, 2, 2, 2, 2, 2, 4 ),
 ( 0.000000000000000000, 0.002610378899787670591, 0.003915568349681505453, 0.005220757799575341182, 0.005547055162048794910, 0.005873352524522247771, 0.005954926865140598193, 0.006036501205758949481, 0.006077288376068117753, 0.006118075546377286025, 0.006199649886995623436, 0.006362798568232284381, 0.006525947249468945326, 0.007178541974415624666, 0.007831136699362301404, 0.009136326149255641002, 0.01044151559914897887 ),
 .UNSPECIFIED. ) ;
#1620 = CARTESIAN_POINT ( 'NONE',  ( 20.81044864952701090, -23.20821280065225523, -8.238359167352454548 ) ) ;
#1621 = CARTESIAN_POINT ( 'NONE',  ( 0.2880587300101906667, -0.06796391483603532457, 61.76695402849829009 ) ) ;
#1622 = CARTESIAN_POINT ( 'NONE',  ( 10.68988785198309088, -4.119968255444916849E-15, 41.90966391585951101 ) ) ;
#1623 = EDGE_CURVE ( 'NONE', #1585, #1836, #1076, .T. ) ;
#1624 = CARTESIAN_POINT ( 'NONE',  ( 23.53868666674364718, -3.429132010372309303, 58.57743763446796237 ) ) ;
#1625 = CARTESIAN_POINT ( 'NONE',  ( 113.8204254507959803, -19.98504028316284931, -81.94234444609712398 ) ) ;
#1626 = CIRCLE ( 'NONE', #1378, 107.4400000000000119 ) ;
#1627 = CARTESIAN_POINT ( 'NONE',  ( 166.4159991348196570, -2.750000000031073366, -33.37165740404086023 ) ) ;
#1628 = CARTESIAN_POINT ( 'NONE',  ( 84.29625727284847869, -1.535659051470131481E-14, 90.19220627379934285 ) ) ;
#1629 = CARTESIAN_POINT ( 'NONE',  ( 20.97132276345796242, -27.81504467398112368, 5.091860130211223634 ) ) ;
#1630 = CARTESIAN_POINT ( 'NONE',  ( 20.00000000000018119, -5.946864156618344797E-15, -56.84228215070027801 ) ) ;
#1631 = CARTESIAN_POINT ( 'NONE',  ( 140.5924444551572208, -2.341876692568689577E-14, 67.98574746511997091 ) ) ;
#1632 = EDGE_CURVE ( 'NONE', #1259, #2129, #2158, .T. ) ;
#1633 = DIRECTION ( 'NONE',  ( 1.500332356076765934E-16, 1.000000000000000000, -0.000000000000000000 ) ) ;
#1634 = CARTESIAN_POINT ( 'NONE',  ( 17.39456389188162078, -1.000000000000005773, -52.00651240713861512 ) ) ;
#1635 = CARTESIAN_POINT ( 'NONE',  ( 23.67161053647887670, -3.880427607081871066, -58.25300617761438104 ) ) ;
#1636 = CARTESIAN_POINT ( 'NONE',  ( 24.07105782614171119, -21.73417177242303211, 34.78674519334027337 ) ) ;
#1637 = CARTESIAN_POINT ( 'NONE',  ( 20.94940958724523483, -27.18753340979538180, 10.11490230052999806 ) ) ;
#1638 = CARTESIAN_POINT ( 'NONE',  ( 21.31449578084520979, -33.24540241821883058, 130.1710084382565640 ) ) ;
#1639 = CARTESIAN_POINT ( 'NONE',  ( 159.6817638459297939, 5.880684600793306607E-11, -46.02416551364260755 ) ) ;
#1640 = EDGE_CURVE ( 'NONE', #1019, #61, #524, .T. ) ;
#1641 = CARTESIAN_POINT ( 'NONE',  ( 166.3541641711269676, -6.307573267698108767E-11, 33.10245240620523788 ) ) ;
#1642 = CARTESIAN_POINT ( 'NONE',  ( 19.09108159299155005, -1.780145617773318003E-14, -49.53975994863790078 ) ) ;
#1643 = CARTESIAN_POINT ( 'NONE',  ( 19.75029852119205032, -0.3007906870662414578, -54.67522308121000663 ) ) ;
#1644 = CARTESIAN_POINT ( 'NONE',  ( 19.62468168092615883, -0.1917534782265515325, 54.39951105582031943 ) ) ;
#1645 = DIRECTION ( 'NONE',  ( -1.000000000000000000, 1.500332356076765934E-16, 0.000000000000000000 ) ) ;
#1646 = EDGE_CURVE ( 'NONE', #1337, #836, #1849, .T. ) ;
#1647 = B_SPLINE_CURVE_WITH_KNOTS ( 'NONE', 3,
 ( #2042, #1650, #1492, #1313, #969, #147, #796, #1871 ),
 .UNSPECIFIED., .F., .F.,
 ( 4, 2, 2, 4 ),
 ( 0.000000000000000000, 0.001951075615137177555, 0.003902151230274355110, 0.007804302460548731037 ),
 .UNSPECIFIED. ) ;
#1648 = PLANE ( 'NONE',  #590 ) ;
#1649 = CARTESIAN_POINT ( 'NONE',  ( 166.3541641710597219, -3.469446951953614189E-15, -33.10245240624724516 ) ) ;
#1650 = CARTESIAN_POINT ( 'NONE',  ( 19.50390261424842109, -5.872433060657500669E-15, 55.81500240778176902 ) ) ;
#1651 = AXIS2_PLACEMENT_3D ( 'NONE', #267, #242, #1277 ) ;
#1652 = ORIENTED_EDGE ( 'NONE', *, *, #2054, .F. ) ;
#1653 = CARTESIAN_POINT ( 'NONE',  ( 10.68988785198309088, -4.119968255444916849E-15, 41.90966391585951101 ) ) ;
#1654 = CARTESIAN_POINT ( 'NONE',  ( 20.34085220601151178, -1.001570779247197285, -55.68796092131336906 ) ) ;
#1655 = CARTESIAN_POINT ( 'NONE',  ( 87.77301906463357284, -2.750000000012435830, -86.68530702538745913 ) ) ;
#1656 = CARTESIAN_POINT ( 'NONE',  ( 24.01095888740847428, -6.518245265822831591, -55.80686381912239113 ) ) ;
#1657 = APPROVAL_ROLE ( '' ) ;
#1658 = CARTESIAN_POINT ( 'NONE',  ( 70.17304369943950348, -2.750000011882978157, 84.86178067531328395 ) ) ;
#1659 = CARTESIAN_POINT ( 'NONE',  ( 45.12114550256210066, -51.13139327542297252, -1.121887425289713614E-11 ) ) ;
#1660 = CARTESIAN_POINT ( 'NONE',  ( 21.17458256879345768, -6.722053469410127491E-15, 58.37083434007483618 ) ) ;
#1661 = DIRECTION ( 'NONE',  ( 1.110223024625156294E-16, -1.848892746611745872E-32, 1.000000000000000000 ) ) ;
#1662 = VERTEX_POINT ( 'NONE', #1704 ) ;
#1663 = CARTESIAN_POINT ( 'NONE',  ( 67.18081829923548298, -2.522994612609724229E-11, -84.37454461132253414 ) ) ;
#1664 = ADVANCED_FACE ( 'NONE', ( #1665 ), #1543, .F. ) ;
#1665 = FACE_OUTER_BOUND ( 'NONE', #1387, .T. ) ;
#1666 = CARTESIAN_POINT ( 'NONE',  ( 23.63138245310205932, -1.123351562577852070, -59.42163606089235373 ) ) ;
#1667 = CARTESIAN_POINT ( 'NONE',  ( 34.29591620600949398, -2.750000000000004885, -68.92114662415896476 ) ) ;
#1668 = CARTESIAN_POINT ( 'NONE',  ( 132.6497924994940831, -2.081668171172168513E-14, -95.97430351667192383 ) ) ;
#1669 = CARTESIAN_POINT ( 'NONE',  ( 23.04202841211898090, -2.102212062363109091, -59.40684137393514419 ) ) ;
#1670 = B_SPLINE_CURVE_WITH_KNOTS ( 'NONE', 3,
 ( #606, #1980, #2148, #1292, #1627, #444, #1812, #275, #764, #935, #113, #2000, #2007, #1877, #1435, #1943, #1380, #1550, #1004, #88, #77, #356, #1271, #202 ),
 .UNSPECIFIED., .F., .F.,
 ( 4, 2, 2, 2, 2, 2, 2, 2, 2, 2, 2, 4 ),
 ( 0.4423820811616075988, 0.4999998475778255069, 0.5624998666305973671, 0.6249998856833691718, 0.6874999047361408655, 0.7499999237889127812, 0.8124999428416843639, 0.8749999618944561686, 0.9374999809472281953, 0.9687499904736139866, 0.9843749952368070488, 1.000000000000000000 ),
 .UNSPECIFIED. ) ;
#1671 = APPROVAL_STATUS ( 'not_yet_approved' ) ;
#1672 = CARTESIAN_POINT ( 'NONE',  ( 86.40000000000000568, -2.000000000000031086, 0.000000000000000000 ) ) ;
#1673 = CARTESIAN_POINT ( 'NONE',  ( 86.40000000000000568, -2.750000000000012879, 0.000000000000000000 ) ) ;
#1674 = CARTESIAN_POINT ( 'NONE',  ( 147.9261559369498968, -2.428612866367529932E-14, -86.66619123439680550 ) ) ;
#1675 = CARTESIAN_POINT ( 'NONE',  ( 20.46705420534156161, -3.758018533321600518, 54.89629771135838610 ) ) ;
#1676 = ORIENTED_EDGE ( 'NONE', *, *, #866, .T. ) ;
#1677 = CARTESIAN_POINT ( 'NONE',  ( 19.27705937083419130, -0.02951612643323359500, 51.81163728461253015 ) ) ;
#1678 = CARTESIAN_POINT ( 'NONE',  ( 53.80116630308021541, -51.81397703808220001, 0.000000000000000000 ) ) ;
#1679 = DIRECTION ( 'NONE',  ( 1.000000000000000000, 0.000000000000000000, 0.000000000000000000 ) ) ;
#1680 = CARTESIAN_POINT ( 'NONE',  ( 147.1142188575281011, -2.527504133841190660E-14, -75.31467981670196821 ) ) ;
#1681 = CARTESIAN_POINT ( 'NONE',  ( 86.39999999999994884, -53.01288504816876923, 17.35301767440693510 ) ) ;
#1682 = CARTESIAN_POINT ( 'NONE',  ( 145.7138281206392776, -2.341876692568689577E-14, 74.55907125048776152 ) ) ;
#1683 = CARTESIAN_POINT ( 'NONE',  ( 23.45328476626281855, -3.162223079720563046, -58.76114935538040385 ) ) ;
#1684 = COORDINATED_UNIVERSAL_TIME_OFFSET ( 5, 0, .AHEAD. ) ;
#1685 = CARTESIAN_POINT ( 'NONE',  ( 86.40000000000000568, -3.500000000000002665, 0.000000000000000000 ) ) ;
#1686 = CARTESIAN_POINT ( 'NONE',  ( 236.3999999999999204, -10.00000000000003553, -124.9999999999999858 ) ) ;
#1687 = CARTESIAN_POINT ( 'NONE',  ( 132.6497924994940831, -2.081668171172168513E-14, -95.97430351667192383 ) ) ;
#1688 = CARTESIAN_POINT ( 'NONE',  ( 20.61260017380470089, -2.243501527097967241, 56.66677857702215704 ) ) ;
#1689 = VERTEX_POINT ( 'NONE', #2063 ) ;
#1690 = AXIS2_PLACEMENT_3D ( 'NONE', #539, #558, #1221 ) ;
#1691 = ORIENTED_EDGE ( 'NONE', *, *, #1011, .T. ) ;
#1692 = CARTESIAN_POINT ( 'NONE',  ( 187.2923368198751461, -10.00000000000256506, -124.8369272143523858 ) ) ;
#1693 = CARTESIAN_POINT ( 'NONE',  ( 2.780619237084003270, -5.336018080432266331, -59.20738076890074097 ) ) ;
#1694 = FACE_OUTER_BOUND ( 'NONE', #330, .T. ) ;
#1695 = CARTESIAN_POINT ( 'NONE',  ( 20.36878381136280680, -1.001654773109593055, -55.72109444130902034 ) ) ;
#1696 = CARTESIAN_POINT ( 'NONE',  ( 30.99485569278642672, -8.239936510889833698E-15, -69.49395409819486247 ) ) ;
#1697 = CARTESIAN_POINT ( 'NONE',  ( 19.22302308823728367, -0.01757776704118427236, -51.20943544615671783 ) ) ;
#1698 = DIRECTION ( 'NONE',  ( 1.000000000000000000, 0.000000000000000000, 0.000000000000000000 ) ) ;
#1699 = CARTESIAN_POINT ( 'NONE',  ( 19.67576933181879184, -5.876502238097042995E-15, -56.45313371693613647 ) ) ;
#1700 = CARTESIAN_POINT ( 'NONE',  ( 104.1031940807123419, -2.081668171172168513E-14, -104.0698661045872910 ) ) ;
#1701 = CARTESIAN_POINT ( 'NONE',  ( 19.97985945635721450, -0.6740891504156106828, 53.17685781781530352 ) ) ;
#1702 = ORIENTED_EDGE ( 'NONE', *, *, #1632, .T. ) ;
#1703 = CARTESIAN_POINT ( 'NONE',  ( 103.7530176744069053, -53.01288504816876923, 6.353040049842025454E-15 ) ) ;
#1704 = CARTESIAN_POINT ( 'NONE',  ( -63.60000000000005826, -9.999999999999989342, -124.9999999999999858 ) ) ;
#1705 = CARTESIAN_POINT ( 'NONE',  ( -2.711943942383873818, -3.499999999999989342, 60.02012201594924790 ) ) ;
#1706 = CARTESIAN_POINT ( 'NONE',  ( 24.06868098659753841, -30.79925755746027605, -2.589273884879888854 ) ) ;
#1707 = CARTESIAN_POINT ( 'NONE',  ( 163.8800939409030377, -2.888315496797135648E-14, 52.95545485284679899 ) ) ;
#1708 = CARTESIAN_POINT ( 'NONE',  ( 180.4615478995075932, -3.122502256758252770E-14, -45.27305940061618372 ) ) ;
#1709 = CARTESIAN_POINT ( 'NONE',  ( 19.96513745545575702, -0.6324851485395461825, -53.47280477078381722 ) ) ;
#1710 = FACE_OUTER_BOUND ( 'NONE', #1593, .T. ) ;
#1711 = CARTESIAN_POINT ( 'NONE',  ( 67.18081829923548298, -2.522994612609724229E-11, -84.37454461132253414 ) ) ;
#1712 = CARTESIAN_POINT ( 'NONE',  ( 164.3684868625472575, -5.887623494697213835E-11, -37.54138756071247229 ) ) ;
#1713 = ORIENTED_EDGE ( 'NONE', *, *, #1470, .T. ) ;
#1714 = ORIENTED_EDGE ( 'NONE', *, *, #1439, .T. ) ;
#1715 = CARTESIAN_POINT ( 'NONE',  ( 67.32769801413991217, -10.00000000000254197, -159.3730508030036788 ) ) ;
#1716 = B_SPLINE_CURVE_WITH_KNOTS ( 'NONE', 3,
 ( #333, #2065, #801, #1666, #1354, #1005, #1695, #346 ),
 .UNSPECIFIED., .F., .F.,
 ( 4, 2, 2, 4 ),
 ( 0.000000000000000000, 0.6012346658920021403, 0.9693000826815586501, 0.9758832895201866586 ),
 .UNSPECIFIED. ) ;
#1717 = CARTESIAN_POINT ( 'NONE',  ( 13.16357022867876481, -1.000000000000005551, 46.09626967508021522 ) ) ;
#1718 = CARTESIAN_POINT ( 'NONE',  ( 24.02377126402102192, -8.283411264231938631, -53.88538559369564496 ) ) ;
#1719 = CARTESIAN_POINT ( 'NONE',  ( 103.7866392106579809, -1.853978984179549385E-14, -95.06308567288257905 ) ) ;
#1720 = CARTESIAN_POINT ( 'NONE',  ( 9.813613405823641500, -4.119968255444916849E-15, 42.39472947043136486 ) ) ;
#1721 = CARTESIAN_POINT ( 'NONE',  ( 19.27705937083434762, -0.02951612643325751684, -51.81163728460952456 ) ) ;
#1722 = B_SPLINE_CURVE_WITH_KNOTS ( 'NONE', 3,
 ( #877, #1838, #1162, #159, #308, #813, #1512, #2197, #658, #1177, #1862, #332 ),
 .UNSPECIFIED., .F., .F.,
 ( 4, 2, 2, 2, 2, 4 ),
 ( 0.000000000000000000, 0.001217432333851989736, 0.002434864667703979472, 0.003043580834629963823, 0.003652297001555948608, 0.004869729335407902565 ),
 .UNSPECIFIED. ) ;
#1723 = CARTESIAN_POINT ( 'NONE',  ( 151.4855042215474157, -33.24540241821886610, -38.12620565448656151 ) ) ;
#1724 = CARTESIAN_POINT ( 'NONE',  ( 32.49170014718951904, -8.239936510889833698E-15, -67.69295333030099471 ) ) ;
#1725 = EDGE_LOOP ( 'NONE', ( #468, #2101, #407, #344, #2083 ) ) ;
#1726 = B_SPLINE_CURVE_WITH_KNOTS ( 'NONE', 3,
 ( #1952, #403, #1113, #903 ),
 .UNSPECIFIED., .F., .F.,
 ( 4, 4 ),
 ( 9.697399036122160616E-19, 0.001773663470398165274 ),
 .UNSPECIFIED. ) ;
#1727 = CARTESIAN_POINT ( 'NONE',  ( 19.66478256699754823, -0.2228330626979307394, 54.53276121383859731 ) ) ;
#1728 = ORIENTED_EDGE ( 'NONE', *, *, #2054, .T. ) ;
#1729 = CARTESIAN_POINT ( 'NONE',  ( 172.8000000000000114, -15.46111111110536207, -4.845691241351981482 ) ) ;
#1730 = CARTESIAN_POINT ( 'NONE',  ( 176.2156464826008744, -1.246761521920581530E-11, -13.23658151435797414 ) ) ;
#1731 = CARTESIAN_POINT ( 'NONE',  ( 21.91705842606414478, -0.9925781250057824634, 57.70953967568927112 ) ) ;
#1732 = CARTESIAN_POINT ( 'NONE',  ( 19.39119925301103464, -0.06529961316414814587, -52.91287548767579096 ) ) ;
#1733 = CARTESIAN_POINT ( 'NONE',  ( 24.01095888740847428, -6.518245265822917744, -55.80686381912229166 ) ) ;
#1734 = CARTESIAN_POINT ( 'NONE',  ( 20.00000000000018119, -5.946864156618344797E-15, -56.84228215070027801 ) ) ;
#1735 = CARTESIAN_POINT ( 'NONE',  ( 24.06237414820438758, -16.76343163947593951, 42.93975254369325967 ) ) ;
#1736 = AXIS2_PLACEMENT_3D ( 'NONE', #1246, #2144, #1614 ) ;
#1737 = ORIENTED_EDGE ( 'NONE', *, *, #443, .F. ) ;
#1738 = CARTESIAN_POINT ( 'NONE',  ( 120.0234116934112620, -3.076861912143071739E-12, 81.91520245590577076 ) ) ;
#1739 = CARTESIAN_POINT ( 'NONE',  ( 32.20300258828451945, -1.119937499988455487, 67.98211798690059027 ) ) ;
#1740 = EDGE_CURVE ( 'NONE', #1241, #1616, #1722, .T. ) ;
#1741 = CARTESIAN_POINT ( 'NONE',  ( 18.60304957112449031, 0.4711229709009795985, -57.15363531270718767 ) ) ;
#1742 = CARTESIAN_POINT ( 'NONE',  ( -2.781704483755681689, -4.477303966783647837, -59.49360776625035641 ) ) ;
#1743 = CARTESIAN_POINT ( 'NONE',  ( 76.23483759472834720, -53.01288504816877634, -17.35301767473064061 ) ) ;
#1744 = EDGE_CURVE ( 'NONE', #1662, #1749, #828, .T. ) ;
#1745 = ORIENTED_EDGE ( 'NONE', *, *, #1504, .F. ) ;
#1746 = CARTESIAN_POINT ( 'NONE',  ( 20.63782066645339341, -18.26479415363698777, -25.27194097502819758 ) ) ;
#1747 = CARTESIAN_POINT ( 'NONE',  ( 21.47339829209132134, 0.3178925756821319171, 60.20491201764050260 ) ) ;
#1748 = DIRECTION ( 'NONE',  ( -1.000000000000000000, 1.500332356076765687E-16, 0.000000000000000000 ) ) ;
#1749 = VERTEX_POINT ( 'NONE', #1825 ) ;
#1750 = CARTESIAN_POINT ( 'NONE',  ( 128.4796574868845767, -2.155542311138728817E-14, 82.03201716195199822 ) ) ;
#1751 = CARTESIAN_POINT ( 'NONE',  ( 124.1834622505512442, -6.630861111135958552, 78.30257259370466727 ) ) ;
#1752 = ORIENTED_EDGE ( 'NONE', *, *, #1888, .F. ) ;
#1753 = CARTESIAN_POINT ( 'NONE',  ( 86.39999999999997726, -53.01288504816876923, 0.000000000000000000 ) ) ;
#1754 = CARTESIAN_POINT ( 'NONE',  ( 7.683518813313609641, -4.119968255444916849E-15, -37.97993667169612308 ) ) ;
#1755 = CARTESIAN_POINT ( 'NONE',  ( 190.5404080223870835, -5.867336362172147268, -128.8558571061134899 ) ) ;
#1756 = CARTESIAN_POINT ( 'NONE',  ( -0.3235259904872093695, -5.500000000000007994, -58.92672230857212412 ) ) ;
#1757 = DIRECTION ( 'NONE',  ( 0.000000000000000000, 1.000000000000000000, 0.000000000000000000 ) ) ;
#1758 = CARTESIAN_POINT ( 'NONE',  ( 19.63422951792894011, -0.1990787909194954020, 54.43244975401199071 ) ) ;
#1759 = CARTESIAN_POINT ( 'NONE',  ( -0.8114150904384247465, -0.4846179426115926892, 61.56312134339578535 ) ) ;
#1760 = ORIENTED_EDGE ( 'NONE', *, *, #1605, .F. ) ;
#1761 = DIRECTION ( 'NONE',  ( -1.500332356076765934E-16, -1.000000000000000000, 0.000000000000000000 ) ) ;
#1762 = CARTESIAN_POINT ( 'NONE',  ( 172.8000000000000114, -14.68703703704284358, 4.845691241352079182 ) ) ;
#1763 = EDGE_LOOP ( 'NONE', ( #2073, #735, #1923, #598, #573 ) ) ;
#1764 = DIRECTION ( 'NONE',  ( 1.500332356076765934E-16, 1.000000000000000000, -0.000000000000000000 ) ) ;
#1765 = CIRCLE ( 'NONE', #1651, 17.35301767440693155 ) ;
#1766 = APPROVAL_PERSON_ORGANIZATION ( #1531, #1939, #1358 ) ;
#1767 = CARTESIAN_POINT ( 'NONE',  ( 19.67634298241727819, -5.932717821987755429E-15, 56.45331614069979054 ) ) ;
#1768 = CARTESIAN_POINT ( 'NONE',  ( 24.03650487816943482, -10.03772612800773167, 51.97571941254002326 ) ) ;
#1769 = ADVANCED_FACE ( 'NONE', ( #2016 ), #1089, .T. ) ;
#1770 = ORIENTED_EDGE ( 'NONE', *, *, #1017, .T. ) ;
#1771 = CARTESIAN_POINT ( 'NONE',  ( 172.7999645039341488, -2.750000000005643930, 5.502237247682065149E-09 ) ) ;
#1772 = CARTESIAN_POINT ( 'NONE',  ( 16.54607620065612039, 0.6575680901135477763, 54.80435767706839556 ) ) ;
#1773 = CYLINDRICAL_SURFACE ( 'NONE', #1275, 86.40000000000000568 ) ;
#1774 = ORIENTED_EDGE ( 'NONE', *, *, #1415, .F. ) ;
#1775 = VECTOR ( 'NONE', #2014, 1000.000000000000000 ) ;
#1776 = CARTESIAN_POINT ( 'NONE',  ( 19.64868383383878836, -0.1380791514799219466, 55.62158739481300529 ) ) ;
#1777 = CARTESIAN_POINT ( 'NONE',  ( -1.730024277899357532, -5.411435077979246167, 58.97641657774596524 ) ) ;
#1778 = ORIENTED_EDGE ( 'NONE', *, *, #1798, .T. ) ;
#1779 = CARTESIAN_POINT ( 'NONE',  ( 19.89123574721684307, -0.4832503741137864073, 54.28329556174524839 ) ) ;
#1780 =( NAMED_UNIT ( * ) SI_UNIT ( $, .STERADIAN. ) SOLID_ANGLE_UNIT ( ) );
#1781 = CARTESIAN_POINT ( 'NONE',  ( 143.7512873676014351, -2.750000000040398795, 65.01582478681685018 ) ) ;
#1782 = CARTESIAN_POINT ( 'NONE',  ( 24.06891917687692128, -29.99104560485902837, -10.55775327945700859 ) ) ;
#1783 = CARTESIAN_POINT ( 'NONE',  ( 236.3999999999999204, 19.99999999999996447, -124.9999999999999858 ) ) ;
#1784 = CARTESIAN_POINT ( 'NONE',  ( -63.60000000000005826, -9.999999999999989342, -124.9999999999999858 ) ) ;
#1785 = CARTESIAN_POINT ( 'NONE',  ( 67.18081829924751958, -11.44925781234409889, -84.37454461128065475 ) ) ;
#1786 = CARTESIAN_POINT ( 'NONE',  ( -63.60000000000005826, 20.00000000000001066, -124.9999999999999858 ) ) ;
#1787 = CARTESIAN_POINT ( 'NONE',  ( 86.39708870614370539, -6.726178630134133414E-11, 86.94183622371147635 ) ) ;
#1788 = ORIENTED_EDGE ( 'NONE', *, *, #1501, .F. ) ;
#1789 = DIRECTION ( 'NONE',  ( -2.220446049250312588E-16, 4.930380657631322689E-32, -1.000000000000000000 ) ) ;
#1790 = CARTESIAN_POINT ( 'NONE',  ( 106.7872380730740787, -1.885368783261073210E-14, 88.94329353523740167 ) ) ;
#1791 = CARTESIAN_POINT ( 'NONE',  ( 20.83030140480578041, -23.77672132917866676, -2.317221628456859417 ) ) ;
#1792 = CARTESIAN_POINT ( 'NONE',  ( 19.78388239239126278, -5.992951476268272402E-15, 56.58078647628340718 ) ) ;
#1793 = CARTESIAN_POINT ( 'NONE',  ( 21.21134842177654534, -1.936655718507138246, 56.70554114301748427 ) ) ;
#1794 = CARTESIAN_POINT ( 'NONE',  ( 96.11849395084877301, -1.734723475976807094E-14, -85.98832245682588393 ) ) ;
#1795 = CARTESIAN_POINT ( 'NONE',  ( 19.67634298241727819, -5.932717821987755429E-15, 56.45331614069979054 ) ) ;
#1796 = CARTESIAN_POINT ( 'NONE',  ( 57.68980573332559914, 1.470019361922401373E-11, 82.06465523964946840 ) ) ;
#1797 = CARTESIAN_POINT ( 'NONE',  ( 20.03240058228335840, -0.9278312807804663942, 50.85856904523201649 ) ) ;
#1798 = EDGE_CURVE ( 'NONE', #1018, #656, #1587, .T. ) ;
#1799 = VECTOR ( 'NONE', #1679, 1000.000000000000000 ) ;
#1800 = CARTESIAN_POINT ( 'NONE',  ( 20.59802341056232677, -17.12514985378375343, 37.01308380317936297 ) ) ;
#1801 = CC_DESIGN_APPROVAL ( #1375, ( #642 ) ) ;
#1802 = DIRECTION ( 'NONE',  ( 1.500332356076765934E-16, 1.000000000000000000, -0.000000000000000000 ) ) ;
#1803 = CARTESIAN_POINT ( 'NONE',  ( 10.68988785195210056, -1.000000000000004441, -41.90966391585580197 ) ) ;
#1804 = CARTESIAN_POINT ( 'NONE',  ( 86.39999999999997726, -53.01288504816876923, 0.000000000000000000 ) ) ;
#1805 = CARTESIAN_POINT ( 'NONE',  ( 150.9397100715331419, -19.06781249998559957, -57.64604537599075229 ) ) ;
#1806 = CARTESIAN_POINT ( 'NONE',  ( 19.68226476621399001, -0.2375553593864650759, -54.57649562715642588 ) ) ;
#1807 = EDGE_CURVE ( 'NONE', #2111, #1534, #1647, .T. ) ;
#1808 = AXIS2_PLACEMENT_3D ( 'NONE', #1985, #612, #449 ) ;
#1809 = CARTESIAN_POINT ( 'NONE',  ( 20.46705420534453168, -3.758018533326301647, -54.89629771135235359 ) ) ;
#1810 = CARTESIAN_POINT ( 'NONE',  ( 19.73797276054516914, -0.2893397705186570579, 54.65744328663686247 ) ) ;
#1811 = CARTESIAN_POINT ( 'NONE',  ( 0.9512870512384020705, -10.00000000000253664, 53.64495395072755457 ) ) ;
#1812 = CARTESIAN_POINT ( 'NONE',  ( 155.7442951404303813, -2.749999999937922546, -52.03456896052121294 ) ) ;
#1813 = CARTESIAN_POINT ( 'NONE',  ( 24.06923557087957732, -29.32600496291862768, 14.18891588591222863 ) ) ;
#1814 = CARTESIAN_POINT ( 'NONE',  ( 20.95601931794522343, -27.37681133200208095, -8.826167004132795313 ) ) ;
#1815 = ADVANCED_FACE ( 'NONE', ( #507 ), #415, .T. ) ;
#1816 = CARTESIAN_POINT ( 'NONE',  ( 21.31449578088058772, -33.24540241821883768, -1.768910732651333664E-11 ) ) ;
#1817 = CARTESIAN_POINT ( 'NONE',  ( 147.9191747809105095, -2.775557561562891351E-14, 61.43512048264287273 ) ) ;
#1818 = CARTESIAN_POINT ( 'NONE',  ( 86.39999999999994884, -85.00000000000000000, 17.35301767440693510 ) ) ;
#1819 = CARTESIAN_POINT ( 'NONE',  ( 118.3707368188664049, -19.99654264322918351, -80.27639461562918655 ) ) ;
#1820 = CARTESIAN_POINT ( 'NONE',  ( 20.41594773114386641, -1.341581437378100317, -57.38142030439211538 ) ) ;
#1821 = CARTESIAN_POINT ( 'NONE',  ( 20.92529574850165730, -26.49700341566844486, -13.82914733836934751 ) ) ;
#1822 = B_SPLINE_CURVE_WITH_KNOTS ( 'NONE', 2,
 ( #1346, #2040, #505 ),
 .UNSPECIFIED., .F., .F.,
 ( 3, 3 ),
 ( 0.000000000000000000, 0.1309033907514760287 ),
 .UNSPECIFIED. ) ;
#1823 = CARTESIAN_POINT ( 'NONE',  ( 22.92817817597905261, -6.722053469410127491E-15, -60.32548220663468186 ) ) ;
#1824 = CARTESIAN_POINT ( 'NONE',  ( 170.7684663968750840, 6.721624980880681261E-11, -19.24584634288574847 ) ) ;
#1825 = CARTESIAN_POINT ( 'NONE',  ( -63.60000000000002984, -9.999999999999989342, 125.0000000000000568 ) ) ;
#1826 = CARTESIAN_POINT ( 'NONE',  ( 147.9191747809105095, -2.775557561562891351E-14, 61.43512048264287273 ) ) ;
#1827 = CARTESIAN_POINT ( 'NONE',  ( 19.66516953072698826, -0.2238531807600318557, -54.52536801889745277 ) ) ;
#1828 = CARTESIAN_POINT ( 'NONE',  ( 19.98509822283230974, -0.6897266709979705812, -53.06136186224341600 ) ) ;
#1829 = CARTESIAN_POINT ( 'NONE',  ( 23.60064105522799593, -1.013424051057913333, 59.39093460927283274 ) ) ;
#1830 = CARTESIAN_POINT ( 'NONE',  ( 103.7530176744069479, -53.01288504816877634, 34.70603534882331331 ) ) ;
#1831 = CARTESIAN_POINT ( 'NONE',  ( 23.63138245309565022, 2.885203125470675918E-12, -59.42163606089454930 ) ) ;
#1832 = EDGE_CURVE ( 'NONE', #2090, #466, #1001, .T. ) ;
#1833 = EDGE_LOOP ( 'NONE', ( #1213, #1324 ) ) ;
#1834 = EDGE_CURVE ( 'NONE', #1689, #1508, #1551, .T. ) ;
#1835 = CARTESIAN_POINT ( 'NONE',  ( 117.2419197147742125, 1.679105202613205805E-11, -80.71681072448500061 ) ) ;
#1836 = VERTEX_POINT ( 'NONE', #458 ) ;
#1837 = CARTESIAN_POINT ( 'NONE',  ( 19.78350143226930058, -5.855123739880898264E-15, -56.58312557587835556 ) ) ;
#1838 = CARTESIAN_POINT ( 'NONE',  ( 20.54724495535286266, -1.256421019909893300, -55.93279299887067424 ) ) ;
#1839 = CC_DESIGN_PERSON_AND_ORGANIZATION_ASSIGNMENT ( #1320, #2168, ( #1025 ) ) ;
#1840 = CARTESIAN_POINT ( 'NONE',  ( 66.40077531235991160, -2.750000000000167422, -84.35791988506292682 ) ) ;
#1841 = CARTESIAN_POINT ( 'NONE',  ( 23.75500733169021927, -4.229245484059402926, -57.97889858413847719 ) ) ;
#1842 = TOROIDAL_SURFACE ( 'NONE', #1736, 105.4400000000000119, 1.999999999999999112 ) ;
#1843 = CARTESIAN_POINT ( 'NONE',  ( -63.60000000000002984, 20.00000000000001066, 125.0000000000000568 ) ) ;
#1844 = CARTESIAN_POINT ( 'NONE',  ( 103.7530176744069337, -53.01288504816877634, 2.125131755055361826E-15 ) ) ;
#1845 = CARTESIAN_POINT ( 'NONE',  ( 180.4615478995075932, -3.122502256758252770E-14, -45.27305940061618372 ) ) ;
#1846 = CARTESIAN_POINT ( 'NONE',  ( 24.00645407115268881, -5.897614834429205644, 56.48245345978583032 ) ) ;
#1847 = ORIENTED_EDGE ( 'NONE', *, *, #1075, .T. ) ;
#1848 = CARTESIAN_POINT ( 'NONE',  ( 69.04698232559304927, -53.01288504816876923, 0.000000000000000000 ) ) ;
#1849 = LINE ( 'NONE', #498, #1799 ) ;
#1850 = CARTESIAN_POINT ( 'NONE',  ( 32.63751076073033630, -7.842910786077521018E-15, -71.11481737957048210 ) ) ;
#1851 = CARTESIAN_POINT ( 'NONE',  ( 168.9138608990913610, -2.749999999993816502, -26.60245092019835411 ) ) ;
#1852 = CARTESIAN_POINT ( 'NONE',  ( 69.74784705189665601, -1.561251128379126385E-14, -97.91751093662105632 ) ) ;
#1853 = CARTESIAN_POINT ( 'NONE',  ( 19.80242387909651214, -0.3593917588513722561, -54.63185214535445056 ) ) ;
#1854 = EDGE_CURVE ( 'NONE', #1160, #1241, #2069, .T. ) ;
#1855 = CARTESIAN_POINT ( 'NONE',  ( -22.00000000000000355, -10.00000000244338771, 56.23454071586580483 ) ) ;
#1856 = DIRECTION ( 'NONE',  ( 1.500332356076765934E-16, 1.000000000000000000, -0.000000000000000000 ) ) ;
#1857 = CARTESIAN_POINT ( 'NONE',  ( 21.98911871015396358, 5.773225176589817378E-12, -57.63738849363744521 ) ) ;
#1858 =( BOUNDED_SURFACE ( )  B_SPLINE_SURFACE ( 3, 3, ( 
 ( #1146, #1295, #1830, #1844 ),
 ( #1659, #447, #1475, #145 ),
 ( #1816, #1638, #620, #1303 ),
 ( #295, #794, #1490, #639 ) ),
 .UNSPECIFIED., .F., .F., .F. ) 
 B_SPLINE_SURFACE_WITH_KNOTS ( ( 4, 4 ),
 ( 4, 4 ),
 ( 0.1404943933070638695, 0.7211989875417014195 ),
 ( 0.000000000000000000, 1.000000000000000000 ),
 .UNSPECIFIED. ) 
 GEOMETRIC_REPRESENTATION_ITEM ( )  RATIONAL_B_SPLINE_SURFACE ( (
 ( 1.000000000000000000, 0.3333333333332427761, 0.3333333333332427761, 1.000000000000000000),
 ( 1.000000000000000000, 0.3333333333332427761, 0.3333333333332427761, 1.000000000000000000),
 ( 1.000000000000000000, 0.3333333333332427761, 0.3333333333332427761, 1.000000000000000000),
 ( 1.000000000000000000, 0.3333333333332427761, 0.3333333333332427761, 1.000000000000000000) ) ) 
 REPRESENTATION_ITEM ( '' )  SURFACE ( )  );
#1859 = CARTESIAN_POINT ( 'NONE',  ( 19.96832194414943373, -0.6426545391734799217, 53.39579366036722519 ) ) ;
#1860 = EDGE_LOOP ( 'NONE', ( #1737, #170, #411, #1362, #353, #1535, #2180, #1377 ) ) ;
#1861 = CARTESIAN_POINT ( 'NONE',  ( -22.00000000000000355, -1.296287155650325696E-14, 61.79999999999999716 ) ) ;
#1862 = CARTESIAN_POINT ( 'NONE',  ( 23.02200666953809360, -2.750000000000003109, -58.72273986783725519 ) ) ;
#1863 = CARTESIAN_POINT ( 'NONE',  ( 24.06923982654519634, -29.31816750331235255, -14.22526429133176151 ) ) ;
#1864 = CARTESIAN_POINT ( 'NONE',  ( 77.20573433950225706, -2.750000000000010214, 86.20728565572096613 ) ) ;
#1865 = CARTESIAN_POINT ( 'NONE',  ( 80.66496376637618937, -1.561251128379126385E-14, -101.6070284309913774 ) ) ;
#1866 = CARTESIAN_POINT ( 'NONE',  ( 15.64158821769443719, 3.865276379717615729, -57.26049020769945486 ) ) ;
#1867 = CARTESIAN_POINT ( 'NONE',  ( 24.07138218209504998, -21.57045611632390347, -35.35370618132605358 ) ) ;
#1868 = EDGE_CURVE ( 'NONE', #1044, #1215, #1176, .T. ) ;
#1869 = CARTESIAN_POINT ( 'NONE',  ( -1.178520530092922014, -5.500000000000013323, -58.92672230857210280 ) ) ;
#1870 = CARTESIAN_POINT ( 'NONE',  ( 165.1908887529519063, -2.775557561562891351E-14, -70.35834367570012660 ) ) ;
#1871 = CARTESIAN_POINT ( 'NONE',  ( 19.03431122519292984, -5.801978745144000140E-15, 48.67550336560264412 ) ) ;
#1872 = ORIENTED_EDGE ( 'NONE', *, *, #1396, .T. ) ;
#1873 = AXIS2_PLACEMENT_3D ( 'NONE', #2172, #1348, #1187 ) ;
#1874 = DIRECTION ( 'NONE',  ( 0.000000000000000000, 0.000000000000000000, -1.000000000000000000 ) ) ;
#1875 = CARTESIAN_POINT ( 'NONE',  ( 19.95802229135101058, -0.4951856668139255624, -55.43798509824615195 ) ) ;
#1876 = CARTESIAN_POINT ( 'NONE',  ( 20.75137899525153884, -21.51667921948547146, -16.39688249984465074 ) ) ;
#1877 = CARTESIAN_POINT ( 'NONE',  ( 87.77301906463357284, -2.750000000012435830, -86.68530702538745913 ) ) ;
#1878 = DIRECTION ( 'NONE',  ( 0.000000000000000000, 1.598973605018253817E-32, -1.000000000000000000 ) ) ;
#1879 = CARTESIAN_POINT ( 'NONE',  ( 181.0940313110722002, -3.147257435945459513E-14, -13.96119198768387015 ) ) ;
#1880 = CARTESIAN_POINT ( 'NONE',  ( 86.39766024207288808, -1.734723475976807094E-14, -102.9121479806334634 ) ) ;
#1881 = CARTESIAN_POINT ( 'NONE',  ( 18.81417193639683560, 2.546148953556868655, -59.58688976766818257 ) ) ;
#1882 = CALENDAR_DATE ( 2026, 22, 5 ) ;
#1883 = DIRECTION ( 'NONE',  ( -0.03489949670250100389, 0.9993908270190956511, 0.000000000000000000 ) ) ;
#1884 = VECTOR ( 'NONE', #1421, 1000.000000000000000 ) ;
#1885 = CARTESIAN_POINT ( 'NONE',  ( 8.584165051147548908, -4.987329993433320396E-15, -37.54538362053255440 ) ) ;
#1886 = CARTESIAN_POINT ( 'NONE',  ( 150.9397100715113140, -5.046336169914644466E-11, -57.64604537604375878 ) ) ;
#1887 = CARTESIAN_POINT ( 'NONE',  ( 19.94220865750121163, -0.5794012714009600939, 53.80054088314532379 ) ) ;
#1888 = EDGE_CURVE ( 'NONE', #1160, #2108, #654, .T. ) ;
#1889 = VERTEX_POINT ( 'NONE', #41 ) ;
#1890 = CARTESIAN_POINT ( 'NONE',  ( 17.76889811320274859, 0.6846764374202195524, 56.37111549060158922 ) ) ;
#1891 = VERTEX_POINT ( 'NONE', #737 ) ;
#1892 = CARTESIAN_POINT ( 'NONE',  ( 81.58161472439887518, -15.21289062485463717, -86.40152711001820762 ) ) ;
#1893 = CARTESIAN_POINT ( 'NONE',  ( 24.06890871000410570, -30.01743546941886009, -10.38406189725216144 ) ) ;
#1894 = CARTESIAN_POINT ( 'NONE',  ( 126.7589323515041286, -2.194519770862547193E-14, -88.04243614582686916 ) ) ;
#1895 = CARTESIAN_POINT ( 'NONE',  ( 16.59588986285244161, -5.637851296924623057E-15, -52.60843963407489099 ) ) ;
#1896 = CARTESIAN_POINT ( 'NONE',  ( 13.43449092005070078, 4.244446169146113057, -54.86826039243482001 ) ) ;
#1897 = ADVANCED_FACE ( 'NONE', ( #1086 ), #868, .F. ) ;
#1898 = CARTESIAN_POINT ( 'NONE',  ( 127.6788544989777989, -51.13139327542301515, -24.18059312335521227 ) ) ;
#1899 = CARTESIAN_POINT ( 'NONE',  ( 123.9660267272515597, -6.938893903907228378E-15, -77.95661844602406632 ) ) ;
#1900 = ORIENTED_EDGE ( 'NONE', *, *, #708, .F. ) ;
#1901 = B_SPLINE_CURVE_WITH_KNOTS ( 'NONE', 3,
 ( #13, #1357, #2052, #1196, #349, #1027, #1709, #185, #1541, #360, #26, #1371, #686, #529, #1126, #922, #1617, #1806, #1827, #791, #2175, #334, #11, #161, #2022, #299, #151, #500, #1642, #1487 ),
 .UNSPECIFIED., .F., .F.,
 ( 4, 2, 2, 2, 2, 2, 2, 2, 2, 2, 2, 2, 2, 2, 4 ),
 ( 1.084202172485504434E-19, 0.001314659467951696196, 0.002629318935903392392, 0.003286648669879250681, 0.003943978403855108970, 0.004108310837349078530, 0.004272643270843047222, 0.004354809487590024196, 0.004436975704337001170, 0.004601308137830955117, 0.004929973004818881226, 0.005258637871806808202, 0.006573297339758494423, 0.007887956807710181512, 0.01051727574361357651 ),
 .UNSPECIFIED. ) ;
#1902 = ORIENTED_EDGE ( 'NONE', *, *, #1470, .F. ) ;
#1903 = CARTESIAN_POINT ( 'NONE',  ( 115.1046982445867854, -5.835499999991992759, 82.06657780799734780 ) ) ;
#1904 = CARTESIAN_POINT ( 'NONE',  ( 102.8135588120192949, 2.474256483573771867E-11, -89.79562724353715453 ) ) ;
#1905 = CARTESIAN_POINT ( 'NONE',  ( 154.3771864374678557, -2.775557561562891351E-14, 68.02134221334644337 ) ) ;
#1906 = CARTESIAN_POINT ( 'NONE',  ( 19.63422951792909288, -0.1990787909196333194, -54.43244975401194807 ) ) ;
#1907 = CARTESIAN_POINT ( 'NONE',  ( 50.37539857435513824, -9.540979117872439019E-15, -86.91591692552921700 ) ) ;
#1908 = CARTESIAN_POINT ( 'NONE',  ( -0.01451761088274443681, -5.556286859527576283, -58.89509508611772048 ) ) ;
#1909 = CARTESIAN_POINT ( 'NONE',  ( 19.83823350204507463, -0.4049620664192328245, 54.54097485338498785 ) ) ;
#1910 = ADVANCED_FACE ( 'NONE', ( #1565 ), #634, .F. ) ;
#1911 = ORIENTED_EDGE ( 'NONE', *, *, #1998, .T. ) ;
#1912 = ADVANCED_FACE ( 'NONE', ( #32 ), #484, .T. ) ;
#1913 = CARTESIAN_POINT ( 'NONE',  ( 139.5177367352229396, -3.098959469629596571E-12, 71.54143366206407961 ) ) ;
#1914 = VECTOR ( 'NONE', #1097, 1000.000000000000000 ) ;
#1915 = CARTESIAN_POINT ( 'NONE',  ( 86.39999999999994884, -5.000000000000000000, -17.35301767440693510 ) ) ;
#1916 = CARTESIAN_POINT ( 'NONE',  ( 19.36214500648895509, -0.05479205297425464305, -52.65442579517061006 ) ) ;
#1917 = CARTESIAN_POINT ( 'NONE',  ( -1.037034476064111033, -5.500000000000017764, -58.92672230857209570 ) ) ;
#1918 = DIRECTION ( 'NONE',  ( 0.000000000000000000, 1.000000000000000000, 0.000000000000000000 ) ) ;
#1919 = VERTEX_POINT ( 'NONE', #657 ) ;
#1920 = CARTESIAN_POINT ( 'NONE',  ( 20.82525527637190166, -23.63221911724800961, -4.734141400635085262 ) ) ;
#1921 = CARTESIAN_POINT ( 'NONE',  ( -1.232711613159312103, -0.7490519396421740916, 61.43274141472128491 ) ) ;
#1922 = AXIS2_PLACEMENT_3D ( 'NONE', #2170, #1802, #629 ) ;
#1923 = ORIENTED_EDGE ( 'NONE', *, *, #1567, .T. ) ;
#1924 = CARTESIAN_POINT ( 'NONE',  ( 175.2224245650955083, -2.170353770237562083E-11, 16.68549236776307154 ) ) ;
#1925 = CARTESIAN_POINT ( 'NONE',  ( -22.00000000000000355, 2.173762880958027708E-15, -61.79999999999999716 ) ) ;
#1926 = CARTESIAN_POINT ( 'NONE',  ( 23.43445615865378784, -3.092621234838509370, -58.81310146359744095 ) ) ;
#1927 = CARTESIAN_POINT ( 'NONE',  ( 1.899090022303452363, -8.644102180261326041, 57.09879521357205334 ) ) ;
#1928 = ORIENTED_EDGE ( 'NONE', *, *, #1461, .F. ) ;
#1929 = CARTESIAN_POINT ( 'NONE',  ( 236.3999999999999773, 19.99999999999996447, 125.0000000000000568 ) ) ;
#1930 = CARTESIAN_POINT ( 'NONE',  ( -2.059816928762590926, -1.713134870361513462, -60.94916530810810684 ) ) ;
#1931 = EDGE_LOOP ( 'NONE', ( #201, #641, #1438, #858 ) ) ;
#1932 = CARTESIAN_POINT ( 'NONE',  ( 103.7530176744069053, -53.01288504816876923, 6.353040049842025454E-15 ) ) ;
#1933 = CARTESIAN_POINT ( 'NONE',  ( 169.5541752803496820, -13.04708854166005949, 23.95462078707462439 ) ) ;
#1934 = B_SPLINE_CURVE_WITH_KNOTS ( 'NONE', 3,
 ( #1571, #745, #2128, #2107, #1777, #1437, #68, #251, #909, #225, #734, #204, #861, #2095, #90, #588 ),
 .UNSPECIFIED., .F., .F.,
 ( 4, 2, 2, 2, 2, 2, 2, 4 ),
 ( 2.861718721906245246E-17, 0.0004192073575178493095, 0.0008384147150356699961, 0.001676829430071308550, 0.002096036787589132273, 0.002515244145106955778, 0.002934451502624779717, 0.003353658860142603223 ),
 .UNSPECIFIED. ) ;
#1935 = DIRECTION ( 'NONE',  ( -1.000000000000000000, 1.547442727158151572E-16, 0.000000000000000000 ) ) ;
#1936 = CARTESIAN_POINT ( 'NONE',  ( -0.4030180571936159417, -5.500000000000005329, 58.92672230857211702 ) ) ;
#1937 = CARTESIAN_POINT ( 'NONE',  ( 24.01095888740845652, -6.518245265822901757, 55.80686381912229876 ) ) ;
#1938 = CARTESIAN_POINT ( 'NONE',  ( -0.2451276197203818286, -5.506394326971394193, -58.92313251314343603 ) ) ;
#1939 = APPROVAL ( #1671, 'UNSPECIFIED' ) ;
#1940 = CARTESIAN_POINT ( 'NONE',  ( 20.14775166187605038, -4.231054012454034563, 46.97081524651473927 ) ) ;
#1941 = CARTESIAN_POINT ( 'NONE',  ( 19.30511727068993011, -0.03690232219066827413, 52.10438894590807735 ) ) ;
#1942 = CARTESIAN_POINT ( 'NONE',  ( 22.21485321427084969, -2.545471904513009864, 57.83826706290517450 ) ) ;
#1943 = CARTESIAN_POINT ( 'NONE',  ( 66.40077531235991160, -2.750000000000167422, -84.35791988506292682 ) ) ;
#1944 = ORIENTED_EDGE ( 'NONE', *, *, #2164, .T. ) ;
#1945 = CARTESIAN_POINT ( 'NONE',  ( 19.85050167541242061, -0.3627504745206594494, 55.45371569244245080 ) ) ;
#1946 = CARTESIAN_POINT ( 'NONE',  ( -22.00000000000001066, -10.00000000244784815, 56.23454071586297687 ) ) ;
#1947 = VERTEX_POINT ( 'NONE', #1703 ) ;
#1948 = B_SPLINE_CURVE_WITH_KNOTS ( 'NONE', 3,
 ( #1630, #134, #1823, #954, #600, #2178 ),
 .UNSPECIFIED., .F., .F.,
 ( 4, 2, 4 ),
 ( 0.000000000000000000, 0.3622307370913462332, 1.000000000000000000 ),
 .UNSPECIFIED. ) ;
#1949 = VECTOR ( 'NONE', #2102, 1000.000000000000000 ) ;
#1950 = CARTESIAN_POINT ( 'NONE',  ( 24.06883773914983848, -30.20982463669380991, 9.041594602229746869 ) ) ;
#1951 = CARTESIAN_POINT ( 'NONE',  ( 20.97654147694573012, -27.96448907546433560, 2.570919009080892437 ) ) ;
#1952 = CARTESIAN_POINT ( 'NONE',  ( -2.179733859829516174, -2.000000000000017764, -60.80283175413602947 ) ) ;
#1953 = CARTESIAN_POINT ( 'NONE',  ( 21.44782291771806726, -2.126400445558378483, 56.97647006686983673 ) ) ;
#1954 = CARTESIAN_POINT ( 'NONE',  ( -2.533573003083940289, -3.002391024346547255, 60.28494955394761945 ) ) ;
#1955 = VECTOR ( 'NONE', #129, 1000.000000000000000 ) ;
#1956 = CARTESIAN_POINT ( 'NONE',  ( 23.42782214742280900, -3.091304363638986974, 58.80666527148645883 ) ) ;
#1957 = CARTESIAN_POINT ( 'NONE',  ( 67.13519277913991345, 6.723316336398776852E-11, 84.78059976890324378 ) ) ;
#1958 = ORIENTED_EDGE ( 'NONE', *, *, #1574, .F. ) ;
#1959 =( BOUNDED_SURFACE ( )  B_SPLINE_SURFACE ( 2, 3, ( 
 ( #1216, #731, #1717, #2075, #1366, #695, #1526, #172, #534, #1034, #841, #1903, #572, #192, #365, #345, #852, #1258, #9, #22, #2126, #584, #1592, #1729, #669, #33, #906, #248, #1045, #1422, #406, #893, #2115, #682, #1093, #1192, #1205, #1604, #743, #2064, #1353, #1022, #2048, #510, #181, #523, #1892, #610, #1785, #1296, #125, #1122, #1467, #758, #117, #918, #259, #2152, #439, #270, #1984, #2162, #1803, #448 ),
 ( #1613, #1622, #785, #2171, #947, #1131, #97, #279, #296, #1137, #939, #776, #621, #1631, #1817, #1973, #630, #288, #108, #768, #1992, #1115, #1312, #751, #928, #1824, #421, #1649, #1304, #1639, #1476, #1449, #1483, #455, #955, #135, #1106, #2135, #594, #1457, #1282, #1966, #2143, #431, #1794, #601, #1288, #677, #1711, #968, #1519, #16, #822, #665, #2191, #1831, #1857, #1147, #1347, #847, #329, #2179, #1360, #1885 ),
 ( #1544, #352, #808, #653, #1660, #1200, #689, #640, #795, #2003, #464, #835, #146, #1030, #304, #27, #1323, #187, #2056, #2041, #997, #2015, #506, #1186, #477, #1491, #494, #1158, #1845, #315, #341, #1870, #984, #1171, #1674, #518, #1687, #178, #1533, #168, #1015, #1333, #155, #1700, #1506, #4, #2029, #2081, #1598, #1211, #1907, #2110, #900, #400, #71, #2089, #379, #1040, #241, #547, #389, #1072, #1228, #1754 ) ),
 .UNSPECIFIED., .F., .F., .F. ) 
 B_SPLINE_SURFACE_WITH_KNOTS ( ( 3, 3 ),
 ( 4, 2, 2, 2, 2, 2, 2, 2, 2, 2, 2, 2, 2, 2, 2, 2, 2, 2, 2, 2, 2, 2, 2, 2, 2, 2, 2, 2, 2, 2, 2, 4 ),
 ( 0.000000000000000000, 1.000000000000000000 ),
 ( 0.4495419638380254712, 0.6177951319475110115, 0.7860483000569964407, 1.122554636275967299, 1.459060972494938380, 1.795567308713909238, 2.132073644932880541, 2.468579981151851399, 2.636833149261336828, 2.805086317370822258, 2.973339485480307687, 3.141592653589793116, 3.309845821699278545, 3.478098989808763974, 3.646352157918249404, 3.814605326027734833, 3.982858494137220262, 4.151111662246705691, 4.319364830356191121, 4.361428122383562922, 4.403491414410933835, 4.487617998465676550, 4.655871166575161979, 4.824124334684647408, 4.992377502794132837, 5.160630670903618267, 5.328883839013103696, 5.497137007122589125, 5.581263591177331840, 5.623326883204702753, 5.665390175232074554, 5.833643343341560872 ),
 .UNSPECIFIED. ) 
 GEOMETRIC_REPRESENTATION_ITEM ( )  RATIONAL_B_SPLINE_SURFACE ( (
 ( 1.000000000000000000, 1.000000000000000000, 1.000000000000000000, 1.000000000000000000, 1.000000000000000000, 1.000000000000000000, 1.000000000000000000, 1.000000000000000000, 1.000000000000000000, 1.000000000000000000, 1.000000000000000000, 1.000000000000000000, 1.000000000000000000, 1.000000000000000000, 1.000000000000000000, 1.000000000000000000, 1.000000000000000000, 1.000000000000000000, 1.000000000000000000, 1.000000000000000000, 1.000000000000000000, 1.000000000000000000, 1.000000000000000000, 1.000000000000000000, 1.000000000000000000, 1.000000000000000000, 1.000000000000000000, 1.000000000000000000, 1.000000000000000000, 1.000000000000000000, 1.000000000000000000, 1.000000000000000000, 1.000000000000000000, 1.000000000000000000, 1.000000000000000000, 1.000000000000000000, 1.000000000000000000, 1.000000000000000000, 1.000000000000000000, 1.000000000000000000, 1.000000000000000000, 1.000000000000000000, 1.000000000000000000, 1.000000000000000000, 1.000000000000000000, 1.000000000000000000, 1.000000000000000000, 1.000000000000000000, 1.000000000000000000, 1.000000000000000000, 1.000000000000000000, 1.000000000000000000, 1.000000000000000000, 1.000000000000000000, 1.000000000000000000, 1.000000000000000000, 1.000000000000000000, 1.000000000000000000, 1.000000000000000000, 1.000000000000000000, 1.000000000000000000, 1.000000000000000000, 1.000000000000000000, 1.000000000000000000),
 ( 0.7071067811865474617, 0.7071067811865474617, 0.7071067811865479058, 0.7071067811865479058, 0.7071067811865491270, 0.7071067811865491270, 0.7071067811865475727, 0.7071067811865475727, 0.7071067811865474617, 0.7071067811865474617, 0.7071067811865475727, 0.7071067811865475727, 0.7071067811865475727, 0.7071067811865475727, 0.7071067811865476838, 0.7071067811865476838, 0.7071067811865476838, 0.7071067811865476838, 0.7071067811865475727, 0.7071067811865475727, 0.7071067811865476838, 0.7071067811865476838, 0.7071067811865476838, 0.7071067811865476838, 0.7071067811865476838, 0.7071067811865476838, 0.7071067811865471286, 0.7071067811865471286, 0.7071067811865476838, 0.7071067811865476838, 0.7071067811865476838, 0.7071067811865476838, 0.7071067811865476838, 0.7071067811865476838, 0.7071067811865475727, 0.7071067811865475727, 0.7071067811865473507, 0.7071067811865473507, 0.7071067811865475727, 0.7071067811865475727, 0.7071067811865475727, 0.7071067811865475727, 0.7071067811865477948, 0.7071067811865477948, 0.7071067811865475727, 0.7071067811865475727, 0.7071067811865477948, 0.7071067811865477948, 0.7071067811865475727, 0.7071067811865475727, 0.7071067811865476838, 0.7071067811865476838, 0.7071067811865474617, 0.7071067811865474617, 0.7071067811865467956, 0.7071067811865467956, 0.7071067811865474617, 0.7071067811865474617, 0.7071067811865474617, 0.7071067811865474617, 0.7071067811865479058, 0.7071067811865479058, 0.7071067811865476838, 0.7071067811865476838),
 ( 1.000000000000000000, 1.000000000000000000, 1.000000000000000000, 1.000000000000000000, 1.000000000000000000, 1.000000000000000000, 1.000000000000000000, 1.000000000000000000, 1.000000000000000000, 1.000000000000000000, 1.000000000000000000, 1.000000000000000000, 1.000000000000000000, 1.000000000000000000, 1.000000000000000000, 1.000000000000000000, 1.000000000000000000, 1.000000000000000000, 1.000000000000000000, 1.000000000000000000, 1.000000000000000000, 1.000000000000000000, 1.000000000000000000, 1.000000000000000000, 1.000000000000000000, 1.000000000000000000, 1.000000000000000000, 1.000000000000000000, 1.000000000000000000, 1.000000000000000000, 1.000000000000000000, 1.000000000000000000, 1.000000000000000000, 1.000000000000000000, 1.000000000000000000, 1.000000000000000000, 1.000000000000000000, 1.000000000000000000, 1.000000000000000000, 1.000000000000000000, 1.000000000000000000, 1.000000000000000000, 1.000000000000000000, 1.000000000000000000, 1.000000000000000000, 1.000000000000000000, 1.000000000000000000, 1.000000000000000000, 1.000000000000000000, 1.000000000000000000, 1.000000000000000000, 1.000000000000000000, 1.000000000000000000, 1.000000000000000000, 1.000000000000000000, 1.000000000000000000, 1.000000000000000000, 1.000000000000000000, 1.000000000000000000, 1.000000000000000000, 1.000000000000000000, 1.000000000000000000, 1.000000000000000000, 1.000000000000000000) ) ) 
 REPRESENTATION_ITEM ( '' )  SURFACE ( )  );
#1960 = DIRECTION ( 'NONE',  ( 0.000000000000000000, 0.000000000000000000, 1.000000000000000000 ) ) ;
#1961 = CARTESIAN_POINT ( 'NONE',  ( -0.4306742647242063349, -7.971897849992047647, 54.51255333986001972 ) ) ;
#1962 = CARTESIAN_POINT ( 'NONE',  ( 172.6446596947697572, -2.749999999944130913, 8.836645832374665943 ) ) ;
#1963 = CARTESIAN_POINT ( 'NONE',  ( 24.06912914683232074, -29.53255726193364694, -13.17203081121702191 ) ) ;
#1964 = CARTESIAN_POINT ( 'NONE',  ( -63.60000000000002984, -9.999999999999989342, 125.0000000000000568 ) ) ;
#1965 = CARTESIAN_POINT ( 'NONE',  ( 0.9695979173690166819, -6.037870801710911793E-15, 61.79999999999998295 ) ) ;
#1966 = CARTESIAN_POINT ( 'NONE',  ( 110.3581694953278856, -4.223783858672622189E-12, -83.04719318156047336 ) ) ;
#1967 = CARTESIAN_POINT ( 'NONE',  ( 38.10058991183272070, -8.884573715205326340E-15, -76.27060246449299541 ) ) ;
#1968 = CARTESIAN_POINT ( 'NONE',  ( 172.3913895804293759, -6.727869985394199059E-11, -9.691317847685638753 ) ) ;
#1969 = ADVANCED_FACE ( 'NONE', ( #1523 ), #667, .T. ) ;
#1970 = APPLICATION_PROTOCOL_DEFINITION ( 'international standard', 'config_control_design', 1994, #752 ) ;
#1971 = CARTESIAN_POINT ( 'NONE',  ( 20.46422822424458587, -13.29375701054609493, 34.63157474074287734 ) ) ;
#1972 = CARTESIAN_POINT ( 'NONE',  ( -0.4030180571936020639, -5.500000000000005329, -58.92672230857212412 ) ) ;
#1973 = CARTESIAN_POINT ( 'NONE',  ( 156.9807806531160850, -2.775557561562891351E-14, 50.06789516244234761 ) ) ;
#1974 = EDGE_CURVE ( 'NONE', #1836, #1578, #1020, .T. ) ;
#1975 = CARTESIAN_POINT ( 'NONE',  ( 79.92117122073001667, -1.502456663210957668E-14, -95.18147254873954921 ) ) ;
#1976 = CARTESIAN_POINT ( 'NONE',  ( 21.98911871014474784, -1.018443359296475004, -57.63738849363328143 ) ) ;
#1977 = EDGE_CURVE ( 'NONE', #1889, #2138, #1670, .T. ) ;
#1978 = CARTESIAN_POINT ( 'NONE',  ( 19.67513070402381814, -0.2321891052399227828, 54.55092430404071280 ) ) ;
#1979 = CARTESIAN_POINT ( 'NONE',  ( -0.4306742647259831358, -7.971897849992045870, -54.51255333985717755 ) ) ;
#1980 = CARTESIAN_POINT ( 'NONE',  ( 172.7994174152239850, -2.750000000048422599, -6.600776257270058345 ) ) ;
#1981 = CARTESIAN_POINT ( 'NONE',  ( 24.06910364815790260, -29.58448782991215609, 12.90065980129506684 ) ) ;
#1982 = CARTESIAN_POINT ( 'NONE',  ( 24.06884854297014442, -30.17916796074470653, 9.272290011628461670 ) ) ;
#1983 = CARTESIAN_POINT ( 'NONE',  ( 20.54755868389179341, -1.256806339845891074, 55.93316478542310222 ) ) ;
#1984 = CARTESIAN_POINT ( 'NONE',  ( 16.67208845979243037, -1.000000000000005551, -51.03377212656773310 ) ) ;
#1985 = CARTESIAN_POINT ( 'NONE',  ( 86.39999999999994884, -5.000000000000000000, 0.000000000000000000 ) ) ;
#1986 = CARTESIAN_POINT ( 'NONE',  ( 86.44258576179609577, -16.34769531264441511, -86.53576665206335861 ) ) ;
#1987 = CARTESIAN_POINT ( 'NONE',  ( 12.31592636560248621, -5.204170427930421283E-15, -46.62979131484937767 ) ) ;
#1988 = CARTESIAN_POINT ( 'NONE',  ( 19.97985945635732818, -0.6740891504158097458, -53.17685781781833754 ) ) ;
#1989 = CARTESIAN_POINT ( 'NONE',  ( 19.03431122519292984, -5.801978745144000140E-15, 48.67550336560264412 ) ) ;
#1990 = CARTESIAN_POINT ( 'NONE',  ( 20.78087355775397782, -22.36129298177407421, -12.91071992303185212 ) ) ;
#1991 = PLANE ( 'NONE',  #1558 ) ;
#1992 = CARTESIAN_POINT ( 'NONE',  ( 170.7684663968078951, -6.727869985394200352E-11, 19.24584634300738983 ) ) ;
#1993 = DIRECTION ( 'NONE',  ( 1.500332356076765934E-16, 1.000000000000000000, -0.000000000000000000 ) ) ;
#1994 = ORIENTED_EDGE ( 'NONE', *, *, #5, .T. ) ;
#1995 = CARTESIAN_POINT ( 'NONE',  ( 164.3684868625082345, -17.82512123842379381, -37.54138756065729154 ) ) ;
#1996 = CARTESIAN_POINT ( 'NONE',  ( 157.9859337714327410, -2.750000000000035527, 48.90482309036870845 ) ) ;
#1997 = CARTESIAN_POINT ( 'NONE',  ( 20.61413926463634638, -2.968014445571670823, -55.90972166652768749 ) ) ;
#1998 = EDGE_CURVE ( 'NONE', #372, #398, #1568, .T. ) ;
#1999 = CALENDAR_DATE ( 2026, 22, 5 ) ;
#2000 = CARTESIAN_POINT ( 'NONE',  ( 109.0608328244823326, -2.750000000024864999, -83.68222207335291785 ) ) ;
#2001 = CARTESIAN_POINT ( 'NONE',  ( -63.60000000000005826, -9.999999999999989342, -124.9999999999999858 ) ) ;
#2002 = CARTESIAN_POINT ( 'NONE',  ( 86.40000000000000568, 0.000000000000000000, 0.000000000000000000 ) ) ;
#2003 = CARTESIAN_POINT ( 'NONE',  ( 86.33292384999383273, -1.431146867680865853E-14, 90.66274599250415633 ) ) ;
#2004 = CARTESIAN_POINT ( 'NONE',  ( 86.40000000000000568, -6.500000000000017764, 0.000000000000000000 ) ) ;
#2005 = ORIENTED_EDGE ( 'NONE', *, *, #839, .F. ) ;
#2006 = CARTESIAN_POINT ( 'NONE',  ( 28.77435453422103606, -5.783416677011178696E-12, -64.55792521648953652 ) ) ;
#2007 = CARTESIAN_POINT ( 'NONE',  ( 102.0238605999741424, -2.749999999987593480, -85.27674135060406968 ) ) ;
#2008 = CARTESIAN_POINT ( 'NONE',  ( 20.78105383322758115, -22.36645539589721920, 12.88808381472956199 ) ) ;
#2009 = CARTESIAN_POINT ( 'NONE',  ( 159.8310072239632404, -2.749999999968969711, -46.08812009078757654 ) ) ;
#2010 = CARTESIAN_POINT ( 'NONE',  ( 19.89123574721684307, -0.4832503741137776920, -54.28329556174528392 ) ) ;
#2011 = APPROVAL_STATUS ( 'not_yet_approved' ) ;
#2012 = CARTESIAN_POINT ( 'NONE',  ( 20.62112733592882208, -17.78675971260059896, -26.32693082252288619 ) ) ;
#2013 = VECTOR ( 'NONE', #916, 1000.000000000000000 ) ;
#2014 = DIRECTION ( 'NONE',  ( -0.000000000000000000, -0.000000000000000000, -1.000000000000000000 ) ) ;
#2015 = CARTESIAN_POINT ( 'NONE',  ( 186.6066687299341709, -3.122502256758252770E-14, 11.31649753389896418 ) ) ;
#2016 = FACE_OUTER_BOUND ( 'NONE', #1159, .T. ) ;
#2017 = CC_DESIGN_APPROVAL ( #1939, ( #586 ) ) ;
#2018 = ORIENTED_EDGE ( 'NONE', *, *, #1977, .T. ) ;
#2019 = CARTESIAN_POINT ( 'NONE',  ( 14.66076577280334092, 4.077846486465829479, 56.26790857203097573 ) ) ;
#2020 = CARTESIAN_POINT ( 'NONE',  ( 20.44469255800668606, -12.73432872410655570, -35.73190745149566538 ) ) ;
#2021 = CARTESIAN_POINT ( 'NONE',  ( 24.07113777641129460, -26.00629633535100993, -25.40445918103427658 ) ) ;
#2022 = CARTESIAN_POINT ( 'NONE',  ( 19.39876697462069544, -0.06750245756450143353, -52.98872533970479992 ) ) ;
#2023 = ADVANCED_FACE ( 'NONE', ( #1694 ), #1959, .F. ) ;
#2024 = CARTESIAN_POINT ( 'NONE',  ( 152.6178708963819872, -2.775557561562891351E-14, -82.96782674948434533 ) ) ;
#2025 = CARTESIAN_POINT ( 'NONE',  ( 20.17826180277464587, -0.8615718682247006655, -57.60642089352975859 ) ) ;
#2026 = TOROIDAL_SURFACE ( 'NONE', #1520, 105.4400000000000119, 1.999999999999999112 ) ;
#2027 = CARTESIAN_POINT ( 'NONE',  ( -4.420278353985912117E-31, -2.946199444464786404E-15, 0.000000000000000000 ) ) ;
#2028 = CARTESIAN_POINT ( 'NONE',  ( 23.79363927837623649, -4.412997575747777290, -57.82785376117941922 ) ) ;
#2029 = CARTESIAN_POINT ( 'NONE',  ( 80.66496376637618937, -1.561251128379126385E-14, -101.6070284309913774 ) ) ;
#2030 = CARTESIAN_POINT ( 'NONE',  ( 19.97129501460263867, -0.6505272353714639522, 53.34208198268133572 ) ) ;
#2031 = ORIENTED_EDGE ( 'NONE', *, *, #397, .F. ) ;
#2032 = ORIENTED_EDGE ( 'NONE', *, *, #1740, .F. ) ;
#2033 = CARTESIAN_POINT ( 'NONE',  ( -22.00000000000000355, -9.999999999999998224, 56.23454071742323634 ) ) ;
#2034 = LINE ( 'NONE', #635, #1955 ) ;
#2035 = CARTESIAN_POINT ( 'NONE',  ( 137.9420239010604803, -2.428612866367529932E-14, -93.16953611032808169 ) ) ;
#2036 = CARTESIAN_POINT ( 'NONE',  ( 20.02561516005857101, -0.8552503019698003417, -51.63722297147598539 ) ) ;
#2037 = EDGE_CURVE ( 'NONE', #2129, #1259, #132, .T. ) ;
#2038 = DATE_AND_TIME ( #301, #1094 ) ;
#2039 = CARTESIAN_POINT ( 'NONE',  ( 32.20300258828451945, -1.119937499988455487, 67.98211798690059027 ) ) ;
#2040 = CARTESIAN_POINT ( 'NONE',  ( -22.00000000000000355, -5.336018080432270771, 59.20738076890074808 ) ) ;
#2041 = CARTESIAN_POINT ( 'NONE',  ( 182.1032365471835419, -3.122502256758252770E-14, 27.59449124408359921 ) ) ;
#2042 = CARTESIAN_POINT ( 'NONE',  ( 19.67634298241727819, -5.932717821987755429E-15, 56.45331614069979054 ) ) ;
#2043 = ORIENTED_EDGE ( 'NONE', *, *, #1049, .F. ) ;
#2044 = ORIENTED_EDGE ( 'NONE', *, *, #981, .T. ) ;
#2045 = ADVANCED_FACE ( 'NONE', ( #530 ), #2120, .F. ) ;
#2046 = CARTESIAN_POINT ( 'NONE',  ( 19.64741919317482655, -0.1369252793452813977, -55.62152590390367379 ) ) ;
#2047 = CARTESIAN_POINT ( 'NONE',  ( 20.72744510075273183, -20.83130215457079615, -18.65316437801617155 ) ) ;
#2048 = CARTESIAN_POINT ( 'NONE',  ( 108.0190001414501211, -19.70312499992763833, -83.68661191484461881 ) ) ;
#2049 = CARTESIAN_POINT ( 'NONE',  ( 24.05041877708539033, -13.23017097727061397, -47.87760527392196508 ) ) ;
#2050 = FACE_OUTER_BOUND ( 'NONE', #1725, .T. ) ;
#2051 = CARTESIAN_POINT ( 'NONE',  ( 188.1546965553352777, -3.122502256758252770E-14, -11.44775443930591585 ) ) ;
#2052 = CARTESIAN_POINT ( 'NONE',  ( 20.02896873952203904, -0.8873633733907447807, -51.29801931401971160 ) ) ;
#2053 = PERSON_AND_ORGANIZATION ( #1037, #343 ) ;
#2054 = EDGE_CURVE ( 'NONE', #189, #1585, #1385, .T. ) ;
#2055 = CARTESIAN_POINT ( 'NONE',  ( 19.23352399536763713, -5.831867281627680704E-15, -53.22672427077289825 ) ) ;
#2056 = CARTESIAN_POINT ( 'NONE',  ( 177.6322650484088115, -3.122502256758252770E-14, 37.79758271624584864 ) ) ;
#2057 = CARTESIAN_POINT ( 'NONE',  ( 86.44258576179470310, -1.734723475976807094E-14, -86.53576665203863172 ) ) ;
#2058 = ORIENTED_EDGE ( 'NONE', *, *, #1854, .T. ) ;
#2059 = CC_DESIGN_SECURITY_CLASSIFICATION ( #1446, ( #586 ) ) ;
#2060 = AXIS2_PLACEMENT_3D ( 'NONE', #717, #1918, #1556 ) ;
#2061 = ORIENTED_EDGE ( 'NONE', *, *, #1868, .T. ) ;
#2062 = EDGE_CURVE ( 'NONE', #811, #1019, #1402, .T. ) ;
#2063 = CARTESIAN_POINT ( 'NONE',  ( 69.04698232559304927, -53.01288504816876923, 0.000000000000000000 ) ) ;
#2064 = CARTESIAN_POINT ( 'NONE',  ( 114.9667639714633367, -20.00039128055776416, -81.54978566142389695 ) ) ;
#2065 = CARTESIAN_POINT ( 'NONE',  ( 31.13898569057183963, -2.100395325659820678, -66.53425354801993308 ) ) ;
#2066 = CARTESIAN_POINT ( 'NONE',  ( 147.1142188575281011, -2.527504133841190660E-14, -75.31467981670196821 ) ) ;
#2067 = CARTESIAN_POINT ( 'NONE',  ( 17.99452809520003527, -5.204170427930421283E-15, 54.62123046780388336 ) ) ;
#2068 = CARTESIAN_POINT ( 'NONE',  ( 16.66559366401962805, 3.552906179218453531, -58.16281298373456110 ) ) ;
#2069 = B_SPLINE_CURVE_WITH_KNOTS ( 'NONE', 3,
 ( #644, #1002, #486, #812, #497, #2046, #1191, #1141, #961, #1875, #319, #988, #1316, #1654 ),
 .UNSPECIFIED., .F., .F.,
 ( 4, 2, 2, 2, 2, 2, 4 ),
 ( 0.000000000000000000, 0.0005154226404245366164, 0.0007731339606368150619, 0.001030845280849093399, 0.001288556601061371844, 0.001546267921273650290, 0.002061690561698218023 ),
 .UNSPECIFIED. ) ;
#2070 = AXIS2_PLACEMENT_3D ( 'NONE', #1029, #846, #1883 ) ;
#2071 = CARTESIAN_POINT ( 'NONE',  ( 86.40000000275114189, -2.750000000000012879, -86.40000000000000568 ) ) ;
#2072 = CARTESIAN_POINT ( 'NONE',  ( 113.8204254508033415, 2.080666906768706353E-12, -81.94234444609389811 ) ) ;
#2073 = ORIENTED_EDGE ( 'NONE', *, *, #1888, .T. ) ;
#2074 = ORIENTED_EDGE ( 'NONE', *, *, #637, .F. ) ;
#2075 = CARTESIAN_POINT ( 'NONE',  ( 18.77719939846388542, -1.000000000000005551, 53.99627359746481403 ) ) ;
#2076 = CARTESIAN_POINT ( 'NONE',  ( 7.683518813313609641, -4.119968255444916849E-15, -37.97993667169612308 ) ) ;
#2077 = CARTESIAN_POINT ( 'NONE',  ( 159.3621855590919267, -1.246147530195192495E-11, -54.73889826349774523 ) ) ;
#2078 = CARTESIAN_POINT ( 'NONE',  ( 186.9310958413437049, -3.122502256758252770E-14, -22.91231914975823969 ) ) ;
#2079 = CARTESIAN_POINT ( 'NONE',  ( 19.00073587822844345, 0.2836751314590237327, -57.42858753541257499 ) ) ;
#2080 = EDGE_CURVE ( 'NONE', #1891, #1018, #39, .T. ) ;
#2081 = CARTESIAN_POINT ( 'NONE',  ( 69.74784705189665601, -1.561251128379126385E-14, -97.91751093662105632 ) ) ;
#2082 = ORIENTED_EDGE ( 'NONE', *, *, #416, .F. ) ;
#2083 = ORIENTED_EDGE ( 'NONE', *, *, #2037, .T. ) ;
#2084 = CC_DESIGN_PERSON_AND_ORGANIZATION_ASSIGNMENT ( #1012, #492, ( #586 ) ) ;
#2085 = CARTESIAN_POINT ( 'NONE',  ( 155.8794644708400767, 9.235455610619282295E-12, 56.55569650769268009 ) ) ;
#2086 = CARTESIAN_POINT ( 'NONE',  ( 0.9695979173690166819, -6.037870801710911793E-15, 61.79999999999998295 ) ) ;
#2087 = CARTESIAN_POINT ( 'NONE',  ( 15.42498675008450526, 0.3316318457272268150, -52.96158504790130195 ) ) ;
#2088 = CARTESIAN_POINT ( 'NONE',  ( -22.00000000000000355, -1.296287155650325696E-14, 61.79999999999999716 ) ) ;
#2089 = CARTESIAN_POINT ( 'NONE',  ( 22.81168416089447248, -6.722053469410127491E-15, -60.19063008427125538 ) ) ;
#2090 = VERTEX_POINT ( 'NONE', #1936 ) ;
#2091 = B_SPLINE_CURVE_WITH_KNOTS ( 'NONE', 3,
 ( #408, #250, #1606, #89, #1272, #1436, #1624, #2127, #1956, #2136, #595, #271 ),
 .UNSPECIFIED., .F., .F.,
 ( 4, 2, 2, 2, 2, 4 ),
 ( 0.000000000000000000, 0.002505577205463813649, 0.003758365808195715269, 0.004384760109561659791, 0.004697957260244631401, 0.005011154410927603012 ),
 .UNSPECIFIED. ) ;
#2092 = ORIENTED_EDGE ( 'NONE', *, *, #1409, .F. ) ;
#2093 = CARTESIAN_POINT ( 'NONE',  ( 163.6148100640510847, 1.238465552440124735E-11, -48.44815520771981454 ) ) ;
#2094 = AXIS2_PLACEMENT_3D ( 'NONE', #1269, #419, #391 ) ;
#2095 = CARTESIAN_POINT ( 'NONE',  ( -2.785423084284389894, -3.740061110786531806, 59.89206169624829101 ) ) ;
#2096 = CARTESIAN_POINT ( 'NONE',  ( 12.85968849979332695, 4.274208136352815934, -54.13069856864864704 ) ) ;
#2097 = LOCAL_TIME ( 22, 11, 58.00000000000000000, #165 ) ;
#2098 = DIRECTION ( 'NONE',  ( 1.000000000000000000, 0.000000000000000000, 0.000000000000000000 ) ) ;
#2099 = CARTESIAN_POINT ( 'NONE',  ( 137.0119482149935095, -2.750000000000021760, -86.39999999838843792 ) ) ;
#2100 = DIRECTION ( 'NONE',  ( 0.000000000000000000, 0.000000000000000000, 1.000000000000000000 ) ) ;
#2101 = ORIENTED_EDGE ( 'NONE', *, *, #995, .F. ) ;
#2102 = DIRECTION ( 'NONE',  ( -1.000000000000000000, 1.500332356076765934E-16, -0.000000000000000000 ) ) ;
#2103 = CARTESIAN_POINT ( 'NONE',  ( 18.39767730954738312, 0.5439060939846014353, 56.98476849370970854 ) ) ;
#2104 = CARTESIAN_POINT ( 'NONE',  ( -2.076378828155720502, -1.705690008525131418, 60.95340305048222973 ) ) ;
#2105 = ORIENTED_EDGE ( 'NONE', *, *, #478, .F. ) ;
#2106 = CARTESIAN_POINT ( 'NONE',  ( 106.7872380730740787, -1.885368783261073210E-14, 88.94329353523740167 ) ) ;
#2107 = CARTESIAN_POINT ( 'NONE',  ( -1.592905772956456190, -5.445858029013937340, 58.95710906898136017 ) ) ;
#2108 = VERTEX_POINT ( 'NONE', #1734 ) ;
#2109 = CARTESIAN_POINT ( 'NONE',  ( -2.437141987694123380, -5.014288615244199221, -59.19777347567892178 ) ) ;
#2110 = CARTESIAN_POINT ( 'NONE',  ( 42.02949804058361138, -9.540979117872439019E-15, -80.26449129850679753 ) ) ;
#2111 = VERTEX_POINT ( 'NONE', #1767 ) ;
#2112 = CARTESIAN_POINT ( 'NONE',  ( 0.9695979173690166819, -6.037870801710911793E-15, -61.79999999999998295 ) ) ;
#2113 = CARTESIAN_POINT ( 'NONE',  ( 17.36828176042952521, 3.279470786147362649, 58.70051156577888207 ) ) ;
#2114 = CARTESIAN_POINT ( 'NONE',  ( -1.799445600003879653, -1.315945869334747886, -61.14979656212176451 ) ) ;
#2115 = CARTESIAN_POINT ( 'NONE',  ( 147.5997032630381796, -19.26193576390223328, -61.18036485772110922 ) ) ;
#2116 = ORIENTED_EDGE ( 'NONE', *, *, #443, .T. ) ;
#2117 = CARTESIAN_POINT ( 'NONE',  ( 19.59240490907294330, -0.04999414937643894413, 55.85962701177163581 ) ) ;
#2118 = CARTESIAN_POINT ( 'NONE',  ( 13.16357022867876481, -1.000000000000005551, 46.09626967508021522 ) ) ;
#2119 = ORIENTED_EDGE ( 'NONE', *, *, #218, .F. ) ;
#2120 =( BOUNDED_SURFACE ( )  B_SPLINE_SURFACE ( 3, 3, ( 
 ( #82, #1062, #229, #887, #1743, #1588, #1403 ),
 ( #567, #1898, #369, #709, #361, #727, #1373 ),
 ( #1085, #1723, #875, #1417, #216, #60, #1564 ),
 ( #1576, #198, #2099, #2071, #40, #208, #701 ) ),
 .UNSPECIFIED., .F., .F., .F. ) 
 B_SPLINE_SURFACE_WITH_KNOTS ( ( 4, 4 ),
 ( 4, 3, 4 ),
 ( 0.1404943933070636475, 0.7211989875417014195 ),
 ( 0.000000000000000000, 0.5000000000000000000, 1.000000000000000000 ),
 .UNSPECIFIED. ) 
 GEOMETRIC_REPRESENTATION_ITEM ( )  RATIONAL_B_SPLINE_SURFACE ( (
 ( 1.000000000000000000, 0.8047378541168598298, 0.8047378541168598298, 1.000000000000000000, 0.8047378541168598298, 0.8047378541168598298, 1.000000000000000000),
 ( 1.000000000000000000, 0.8047378541168598298, 0.8047378541168598298, 1.000000000000000000, 0.8047378541168598298, 0.8047378541168598298, 1.000000000000000000),
 ( 1.000000000000000000, 0.8047378541168598298, 0.8047378541168598298, 1.000000000000000000, 0.8047378541168598298, 0.8047378541168598298, 1.000000000000000000),
 ( 1.000000000000000000, 0.8047378541168598298, 0.8047378541168598298, 1.000000000000000000, 0.8047378541168598298, 0.8047378541168598298, 1.000000000000000000) ) ) 
 REPRESENTATION_ITEM ( '' )  SURFACE ( )  );
#2121 = CARTESIAN_POINT ( 'NONE',  ( 20.03370205221202482, -0.9651005032975048525, 50.42498198070917681 ) ) ;
#2122 = CARTESIAN_POINT ( 'NONE',  ( 24.07160395061288227, -26.15986550753630624, 25.43759659817825280 ) ) ;
#2123 = CARTESIAN_POINT ( 'NONE',  ( 24.07028213374581682, -27.62776769001103361, -20.83875567709116083 ) ) ;
#2124 = CARTESIAN_POINT ( 'NONE',  ( 20.39801058974096293, -11.39753205710473161, 37.55206117312322078 ) ) ;
#2125 = CARTESIAN_POINT ( 'NONE',  ( 21.95381969335206662, -2.428184198039222252, 57.54726795103796633 ) ) ;
#2126 = CARTESIAN_POINT ( 'NONE',  ( 170.7684663968079803, -13.46672135417336058, 19.24584634299479546 ) ) ;
#2127 = CARTESIAN_POINT ( 'NONE',  ( 23.45648353137595876, -3.176014553188138301, 58.75021752441396927 ) ) ;
#2128 = CARTESIAN_POINT ( 'NONE',  ( -1.317863058803398602, -5.489815721555260097, 58.93244457056390218 ) ) ;
#2129 = VERTEX_POINT ( 'NONE', #1392 ) ;
#2130 = CARTESIAN_POINT ( 'NONE',  ( 19.87814822800418924, -0.4631834598832268446, 54.35527123055425847 ) ) ;
#2131 = CARTESIAN_POINT ( 'NONE',  ( 167.8186020861832333, -2.750000000018812507, 29.78655518458758067 ) ) ;
#2132 = CARTESIAN_POINT ( 'NONE',  ( 24.07087917829730372, -21.49656180898795554, 35.22602959609052675 ) ) ;
#2133 = CARTESIAN_POINT ( 'NONE',  ( -63.60000000000002984, -9.999999999999989342, 125.0000000000000568 ) ) ;
#2134 = PLANE ( 'NONE',  #528 ) ;
#2135 = CARTESIAN_POINT ( 'NONE',  ( 118.3707368188638753, -6.938893903907228378E-15, -80.27639461562311851 ) ) ;
#2136 = CARTESIAN_POINT ( 'NONE',  ( 23.36785559749474217, -2.921183953872600991, 58.91717031569699969 ) ) ;
#2137 = CARTESIAN_POINT ( 'NONE',  ( 170.7684663968750840, 6.721624980880681261E-11, -19.24584634288574847 ) ) ;
#2138 = VERTEX_POINT ( 'NONE', #1472 ) ;
#2139 = LINE ( 'NONE', #265, #1509 ) ;
#2140 = EDGE_CURVE ( 'NONE', #1534, #1019, #1619, .T. ) ;
#2141 = CARTESIAN_POINT ( 'NONE',  ( 20.87408664542053316, -25.03056656849089734, 20.06565257269082636 ) ) ;
#2142 = CARTESIAN_POINT ( 'NONE',  ( 24.01095888740845652, -6.518245265822901757, 55.80686381912229876 ) ) ;
#2143 = CARTESIAN_POINT ( 'NONE',  ( 108.0190001414487426, -3.469446951953614189E-14, -83.68661191483859341 ) ) ;
#2144 = DIRECTION ( 'NONE',  ( 1.500332356076765934E-16, 1.000000000000000000, -0.000000000000000000 ) ) ;
#2145 = CARTESIAN_POINT ( 'NONE',  ( 128.2857078017443939, -19.90925520833044260, -75.72336631155765474 ) ) ;
#2146 = ADVANCED_FACE ( 'NONE', ( #274 ), #1127, .T. ) ;
#2147 = DIRECTION ( 'NONE',  ( 1.500332356076766180E-16, 1.000000000000000000, 1.598973605018253817E-32 ) ) ;
#2148 = CARTESIAN_POINT ( 'NONE',  ( 172.0402671152729113, -2.750000000005752288, -13.20134378080581605 ) ) ;
#2149 = CARTESIAN_POINT ( 'NONE',  ( 147.9450740989585995, -2.519099947073309417E-14, 69.80327744570756465 ) ) ;
#2150 = CARTESIAN_POINT ( 'NONE',  ( 24.06717165768186817, -18.86560539969699590, 39.69675320704617150 ) ) ;
#2151 = CARTESIAN_POINT ( 'NONE',  ( 24.01095888740847428, -6.518245265822917744, -55.80686381912229166 ) ) ;
#2152 = CARTESIAN_POINT ( 'NONE',  ( 19.64252135093073548, -0.9941042480861462804, -54.86225104427013832 ) ) ;
#2153 = DIRECTION ( 'NONE',  ( 1.000000000000000000, -1.500332356076765934E-16, 0.000000000000000000 ) ) ;
#2154 = CARTESIAN_POINT ( 'NONE',  ( 32.20300258831865392, 1.154645035340137571E-11, 67.98211798691684749 ) ) ;
#2155 = CARTESIAN_POINT ( 'NONE',  ( 19.99653200041095857, -0.5894229621448489054, -57.67948080568655911 ) ) ;
#2156 = CARTESIAN_POINT ( 'NONE',  ( 19.55805851660120354, -0.1477350417896628187, 54.08211277141764128 ) ) ;
#2157 = CARTESIAN_POINT ( 'NONE',  ( 24.06300756882598790, -16.99824360905895659, 42.59170925906442307 ) ) ;
#2158 = CIRCLE ( 'NONE', #929, 17.35301767440693510 ) ;
#2159 = CARTESIAN_POINT ( 'NONE',  ( 24.07172239532017244, -25.98464176871144460, 25.89093691816022158 ) ) ;
#2160 = LOCAL_TIME ( 22, 11, 58.00000000000000000, #1502 ) ;
#2161 = CYLINDRICAL_SURFACE ( 'NONE', #1922, 107.4400000000000119 ) ;
#2162 = CARTESIAN_POINT ( 'NONE',  ( 13.16357022868670512, -1.000000000000005551, -46.09626967509139206 ) ) ;
#2163 = CARTESIAN_POINT ( 'NONE',  ( 136.4901989040096737, -19.71791377315109628, -70.56495374733981407 ) ) ;
#2164 = EDGE_CURVE ( 'NONE', #1088, #986, #2139, .T. ) ;
#2165 = AXIS2_PLACEMENT_3D ( 'NONE', #1060, #726, #1935 ) ;
#2166 = CARTESIAN_POINT ( 'NONE',  ( 49.55758614004459162, -2.750000000003104184, -78.23307133065588914 ) ) ;
#2167 = CARTESIAN_POINT ( 'NONE',  ( 24.00645407112211061, -5.897614834408320128, -56.48245345977453979 ) ) ;
#2168 = PERSON_AND_ORGANIZATION_ROLE ( 'design_owner' ) ;
#2169 = CARTESIAN_POINT ( 'NONE',  ( 19.03431122519292984, -5.801978745144000140E-15, -48.67550336560264412 ) ) ;
#2170 = CARTESIAN_POINT ( 'NONE',  ( 86.40000000000000568, 0.000000000000000000, 0.000000000000000000 ) ) ;
#2171 = CARTESIAN_POINT ( 'NONE',  ( 18.77719939847388986, -6.836543716161899886E-12, 53.99627359746965993 ) ) ;
#2172 = CARTESIAN_POINT ( 'NONE',  ( 86.40000000000000568, -5.867336362172131281, 0.000000000000000000 ) ) ;
#2173 = ORIENTED_EDGE ( 'NONE', *, *, #1868, .F. ) ;
#2174 = CARTESIAN_POINT ( 'NONE',  ( 13.16357022866876036, 6.823099609223082862E-12, 46.09626967507538353 ) ) ;
#2175 = CARTESIAN_POINT ( 'NONE',  ( 19.59568415153858112, -0.1720588372053148130, -54.26849889996461940 ) ) ;
#2176 = CARTESIAN_POINT ( 'NONE',  ( 19.03431122519292984, -1.000000000000005773, 0.000000000000000000 ) ) ;
#2177 = CARTESIAN_POINT ( 'NONE',  ( 20.53078239471741284, -15.19961909324054439, -31.68779806171251323 ) ) ;
#2178 = CARTESIAN_POINT ( 'NONE',  ( 32.63751076073033630, -7.842910786077521018E-15, -71.11481737957048210 ) ) ;
#2179 = CARTESIAN_POINT ( 'NONE',  ( 13.16357022868892734, 3.670874226371397706E-12, -46.09626967508384610 ) ) ;
#2180 = ORIENTED_EDGE ( 'NONE', *, *, #866, .F. ) ;
#2181 = B_SPLINE_CURVE_WITH_KNOTS ( 'NONE', 3,
 ( #1145, #966, #1829, #2039, #313, #504, #982, #1658 ),
 .UNSPECIFIED., .F., .F.,
 ( 4, 2, 2, 4 ),
 ( 0.008020567707791820961, 0.1326793999448959427, 0.6225306759736513040, 1.000000000000000222 ),
 .UNSPECIFIED. ) ;
#2182 = CARTESIAN_POINT ( 'NONE',  ( 15.42498675008298648, 0.3316318457236578365, 52.96158504788635213 ) ) ;
#2183 = CARTESIAN_POINT ( 'NONE',  ( 20.56889967627683191, -16.29115522243209213, 29.43281992955570914 ) ) ;
#2184 = CARTESIAN_POINT ( 'NONE',  ( 24.06883978943825397, -30.20387181033057544, -9.087863446160106662 ) ) ;
#2185 = CARTESIAN_POINT ( 'NONE',  ( 98.70061960783763766, -2.750000000009334311, 85.81912603080721169 ) ) ;
#2186 = CARTESIAN_POINT ( 'NONE',  ( 13.16357022868892734, 3.670874226371397706E-12, -46.09626967508384610 ) ) ;
#2187 = CARTESIAN_POINT ( 'NONE',  ( 23.35689330805029940, -2.890889154718291554, -58.93651246664117593 ) ) ;
#2188 = CARTESIAN_POINT ( 'NONE',  ( 20.81101808260128294, -23.22451923061001722, -24.67141950414638529 ) ) ;
#2189 = VECTOR ( 'NONE', #1486, 1000.000000000000000 ) ;
#2190 = CARTESIAN_POINT ( 'NONE',  ( 23.54364000326008721, -3.431738028663604112, -58.58065520374763224 ) ) ;
#2191 = CARTESIAN_POINT ( 'NONE',  ( 28.77435453422103606, -5.783416677011178696E-12, -64.55792521648953652 ) ) ;
#2192 = CARTESIAN_POINT ( 'NONE',  ( 19.98509822283228488, -0.6897266709980218735, 53.06136186224560447 ) ) ;
#2193 = ORIENTED_EDGE ( 'NONE', *, *, #1167, .F. ) ;
#2194 = EDGE_CURVE ( 'NONE', #61, #1019, #578, .T. ) ;
#2195 = CARTESIAN_POINT ( 'NONE',  ( -63.60000000000005826, -9.999999999999989342, -124.9999999999999858 ) ) ;
#2196 = CARTESIAN_POINT ( 'NONE',  ( 15.08317607151786355, 0.1655833221007651235, 52.30380976635044021 ) ) ;
#2197 = CARTESIAN_POINT ( 'NONE',  ( 22.21251276370676919, -2.544557349932518697, -57.83567067850191279 ) ) ;
#2198 = CARTESIAN_POINT ( 'NONE',  ( 39.55818608382902113, -8.447915107051362096E-15, -77.47633385293842423 ) ) ;
#2199 = CARTESIAN_POINT ( 'NONE',  ( 84.40582939455143219, -2.749999999990703436, 86.67324223214278334 ) ) ;
#2200 = CARTESIAN_POINT ( 'NONE',  ( 115.8648845009642656, -2.081668171172168513E-14, -102.1433451744605634 ) ) ;
#2201 = CARTESIAN_POINT ( 'NONE',  ( 20.60816193334317603, -2.193591833201100627, -56.71395665857133395 ) ) ;
#2202 = AXIS2_PLACEMENT_3D ( 'NONE', #1753, #1856, #566 ) ;
ENDSEC;
END-ISO-10303-21;
