ISO-10303-21;
HEADER;
FILE_DESCRIPTION (( 'STEP AP203' ),
    '1' );
FILE_NAME ('Sink Design for PCSIR.STEP',
    '2026-06-02T02:56:26',
    ( '' ),
    ( '' ),
    'SwSTEP 2.0',
    'SolidWorks 2021',
    '' );
FILE_SCHEMA (( 'CONFIG_CONTROL_DESIGN' ));
ENDSEC;

DATA;
#1 = CARTESIAN_POINT ( 'NONE',  ( 16.14398602466273402, -4.393332101548005575, 47.96185639496874842 ) ) ;
#2 = CARTESIAN_POINT ( 'NONE',  ( 20.88905858992566067, -10.38867247528289539, 55.39345256629275838 ) ) ;
#3 = CARTESIAN_POINT ( 'NONE',  ( 16.42985634217881952, -4.063103493585787263, 52.23265591494233462 ) ) ;
#4 = CARTESIAN_POINT ( 'NONE',  ( 71.95066676088214308, -3.365322771477881622E-11, -85.32090888261564032 ) ) ;
#5 = EDGE_LOOP ( 'NONE', ( #6246, #1957, #5137, #3278 ) ) ;
#6 = CARTESIAN_POINT ( 'NONE',  ( 137.7764303541173376, -4.468721703648795618, 74.80633295934043758 ) ) ;
#7 = CARTESIAN_POINT ( 'NONE',  ( 21.36664107212997266, -33.73674773016491457, 1.928043738238231386 ) ) ;
#8 = B_SPLINE_CURVE_WITH_KNOTS ( 'NONE', 3,
 ( #5399, #6488, #2042, #4296, #355, #3088, #5884, #5916, #6529, #1451, #4333, #3155, #1492, #1527, #5470, #7160, #3120, #5329, #283, #7016, #5364, #321, #9, #4991, #2787, #499, #2707, #6053, #5544, #1677, #6207, #4514, #5508, #7197, #3970, #573, #2826, #5032, #464, #2149, #1157, #5068, #7275, #2262, #50 ),
 .UNSPECIFIED., .F., .F.,
 ( 4, 2, 2, 2, 2, 2, 2, 2, 1, 2, 2, 2, 2, 2, 2, 2, 2, 2, 2, 2, 2, 2, 4 ),
 ( 0.000000000000000000, 0.001761535969097782978, 0.002642303953646675443, 0.003523071938195567691, 0.005284607907293350886, 0.007046143876391133647, 0.008807679845488917275, 0.009688447830037806921, 0.01056921581458669657, 0.01144998379913558621, 0.01233075178368447586, 0.01409228775278225168, 0.01497305573733114133, 0.01585382372188003097, 0.01761535969097780333, 0.01849612767552668777, 0.01937689566007557568, 0.02113843162917334803, 0.02289996759827112385, 0.02378073558282001176, 0.02466150356736889621, 0.02642303953646666856, 0.02818457550556444091 ),
 .UNSPECIFIED. ) ;
#9 = CARTESIAN_POINT ( 'NONE',  ( 0.2871153952214820504, -41.48877835809576453, -9.000221177952584029 ) ) ;
#10 = EDGE_CURVE ( 'NONE', #2368, #6861, #6711, .T. ) ;
#11 = CARTESIAN_POINT ( 'NONE',  ( 18.91733497617996562, -5.784428420015335743E-15, 55.54783294911032954 ) ) ;
#12 = CARTESIAN_POINT ( 'NONE',  ( 0.000000000000000000, 0.000000000000000000, 0.000000000000000000 ) ) ;
#13 = CARTESIAN_POINT ( 'NONE',  ( 190.5404080223868561, -5.867336362172146380, 128.0927812808090778 ) ) ;
#14 = CARTESIAN_POINT ( 'NONE',  ( 172.3913895804780338, -15.83484375001245681, -9.691317847685493092 ) ) ;
#15 = APPROVAL ( #6943, 'UNSPECIFIED' ) ;
#16 = ORIENTED_EDGE ( 'NONE', *, *, #6460, .T. ) ;
#17 = FACE_OUTER_BOUND ( 'NONE', #2028, .T. ) ;
#18 = CARTESIAN_POINT ( 'NONE',  ( 105.2934809123694180, -4.000000000000018652, -94.75190621556018300 ) ) ;
#19 = CARTESIAN_POINT ( 'NONE',  ( 61.25254378119512921, -49.66000481461368565, -43.54598444836069859 ) ) ;
#20 = CARTESIAN_POINT ( 'NONE',  ( 16.40582492702400685, -4.084230215899755656, 51.86488533951371238 ) ) ;
#21 = CARTESIAN_POINT ( 'NONE',  ( 16.45313357320262782, -3.828357217974181825, 53.73169140091497553 ) ) ;
#22 = CARTESIAN_POINT ( 'NONE',  ( 24.06873186853886537, -30.25518899342479173, 9.874486312805267119 ) ) ;
#23 = CARTESIAN_POINT ( 'NONE',  ( 76.61657484068186363, -5.979880508856597388, -88.56977879069593484 ) ) ;
#24 = CARTESIAN_POINT ( 'NONE',  ( 176.6882791670539063, -4.133177643310504301, -25.60687497039789662 ) ) ;
#25 = CARTESIAN_POINT ( 'NONE',  ( 126.6363538279622674, -2.194586135483254865E-14, -87.74869971023922233 ) ) ;
#26 = DIRECTION ( 'NONE',  ( -1.000000000000000000, 1.500332356076765934E-16, 0.000000000000000000 ) ) ;
#27 = CARTESIAN_POINT ( 'NONE',  ( 86.39999999999994884, -58.25464714294840007, 0.000000000000000000 ) ) ;
#28 = CARTESIAN_POINT ( 'NONE',  ( 22.16462320014840159, -1.972888969520517621, 58.59120577057012014 ) ) ;
#29 = EDGE_CURVE ( 'NONE', #4905, #2234, #2171, .T. ) ;
#30 = PLANE ( 'NONE',  #7126 ) ;
#31 = EDGE_LOOP ( 'NONE', ( #3844, #2002, #2283, #6572, #2867, #7111, #5173 ) ) ;
#32 = CARTESIAN_POINT ( 'NONE',  ( 19.44675721538054702, -7.698454117770472394, 56.34005839054857745 ) ) ;
#33 = CARTESIAN_POINT ( 'NONE',  ( 20.59481855122210092, -5.930356527928967836, 60.00208254452866186 ) ) ;
#34 = CARTESIAN_POINT ( 'NONE',  ( 22.52156552793763566, -2.612162712304114454, -58.31948622226058632 ) ) ;
#35 = B_SPLINE_SURFACE_WITH_KNOTS ( 'NONE', 2, 1, ( 
 ( #1510, #337 ),
 ( #4901, #4280 ),
 ( #5452, #374 ) ),
 .UNSPECIFIED., .F., .F., .F.,
 ( 3, 3 ),
 ( 2, 2 ),
 ( 0.07696326179983786764, 1.000000000000000000 ),
 ( 0.000000000000000000, 1.000000000000000000 ),
 .UNSPECIFIED. ) ;
#36 = CARTESIAN_POINT ( 'NONE',  ( 172.3624723614367724, -4.360943051367264012, -35.26608592420475219 ) ) ;
#37 = CARTESIAN_POINT ( 'NONE',  ( 162.7492754514798605, -5.224991829760345041, 47.19450932025100087 ) ) ;
#38 = CARTESIAN_POINT ( 'NONE',  ( 28.01494714732471891, -3.430911900466261599, -82.55133017662528516 ) ) ;
#39 = CARTESIAN_POINT ( 'NONE',  ( -18.00000000000000355, -26.96475769767876685, 35.57686982298324807 ) ) ;
#40 = CARTESIAN_POINT ( 'NONE',  ( 164.3684868625082345, -17.82512123842379381, -37.54138756065729154 ) ) ;
#41 = CARTESIAN_POINT ( 'NONE',  ( 16.08018145329773674, -3.899383093600065742, 47.41199246043203885 ) ) ;
#42 = ORIENTED_EDGE ( 'NONE', *, *, #7145, .F. ) ;
#43 = CARTESIAN_POINT ( 'NONE',  ( 21.46558947891720948, -9.942258618861387731, 56.62445002793369042 ) ) ;
#44 = CARTESIAN_POINT ( 'NONE',  ( 19.66353056782090647, -7.175692136927447784, 57.35958581048232219 ) ) ;
#45 = CARTESIAN_POINT ( 'NONE',  ( 19.64252135092612761, -2.895394625892010983E-12, -54.86225104426805643 ) ) ;
#46 = VERTEX_POINT ( 'NONE', #6204 ) ;
#47 = CARTESIAN_POINT ( 'NONE',  ( 87.43172581399939247, -4.930319134842164885, -90.74172240969451764 ) ) ;
#48 = ORIENTED_EDGE ( 'NONE', *, *, #3719, .T. ) ;
#49 = CARTESIAN_POINT ( 'NONE',  ( 21.54214264408575730, -19.16948819462131226, 44.92779379953836383 ) ) ;
#50 = CARTESIAN_POINT ( 'NONE',  ( 8.999999999999989342, -42.30756013076908317, -5.181181809388053756E-15 ) ) ;
#51 = CARTESIAN_POINT ( 'NONE',  ( 18.39280245528469138, -5.684046768172524360E-15, 54.89746379615264260 ) ) ;
#52 = AXIS2_PLACEMENT_3D ( 'NONE', #3882, #1550, #3327 ) ;
#53 = PLANE ( 'NONE',  #6773 ) ;
#54 = CARTESIAN_POINT ( 'NONE',  ( 119.3807850998698541, -4.956031541102595028, 83.52526303413583264 ) ) ;
#55 = EDGE_LOOP ( 'NONE', ( #2198, #119, #5421, #4831 ) ) ;
#56 = CARTESIAN_POINT ( 'NONE',  ( 23.46118698720063733, -4.831412473825727361, -57.02247303807136802 ) ) ;
#57 = CIRCLE ( 'NONE', #7117, 99.01189131006046296 ) ;
#58 = CARTESIAN_POINT ( 'NONE',  ( 101.8375170297693870, -4.000000000000020428, 89.65002865840081370 ) ) ;
#59 = CARTESIAN_POINT ( 'NONE',  ( 7.139360275398395572, -18.81133930434817003, 5.551115123125782702E-14 ) ) ;
#60 = CARTESIAN_POINT ( 'NONE',  ( 16.37079243454291699, -3.997081423907776543, 51.76921307165834207 ) ) ;
#61 = CARTESIAN_POINT ( 'NONE',  ( 19.86658325170641604, -4.519637527702550450, 60.67319289653124770 ) ) ;
#62 = CARTESIAN_POINT ( 'NONE',  ( 0.3926901491850092185, -5.867336362172119735, 58.71939403038490468 ) ) ;
#63 = CARTESIAN_POINT ( 'NONE',  ( 20.90165584315722924, -25.82004509924200164, -16.79892804805964346 ) ) ;
#64 = EDGE_CURVE ( 'NONE', #3989, #5180, #5065, .T. ) ;
#65 = CARTESIAN_POINT ( 'NONE',  ( 116.5587051392775493, -4.057422871476259019, 85.83138853163869442 ) ) ;
#66 = CARTESIAN_POINT ( 'NONE',  ( 148.4443645468369084, -2.521778776515220471E-14, -73.76827122421917693 ) ) ;
#67 = CARTESIAN_POINT ( 'NONE',  ( 54.88684423297741688, -56.13001623236051785, -63.02631153404517761 ) ) ;
#68 = CARTESIAN_POINT ( 'NONE',  ( 7.440942989156382303, -37.94983796826529243, 5.087590793249171739 ) ) ;
#69 = CARTESIAN_POINT ( 'NONE',  ( 18.83247007565213949, -0.5480967710607932419, 53.05432644719878965 ) ) ;
#70 = VECTOR ( 'NONE', #7056, 1000.000000000000000 ) ;
#71 = DIRECTION ( 'NONE',  ( 1.500332356076765934E-16, 1.000000000000000000, -0.000000000000000000 ) ) ;
#72 = CARTESIAN_POINT ( 'NONE',  ( 16.38486431806450483, -4.113469570326052427, 51.50253396620096424 ) ) ;
#73 = CARTESIAN_POINT ( 'NONE',  ( 16.44203869457473743, -3.924323629980108308, 53.02484926361704964 ) ) ;
#74 = CARTESIAN_POINT ( 'NONE',  ( 19.94091827816867379, -2.022505002060667412, -51.72967865797645004 ) ) ;
#75 = EDGE_CURVE ( 'NONE', #6387, #259, #1483, .T. ) ;
#76 = CARTESIAN_POINT ( 'NONE',  ( 178.1616240389793973, -4.339051310332548539, 9.299995960544425344 ) ) ;
#77 = CARTESIAN_POINT ( 'NONE',  ( 51.17810603751361498, -5.064971911783433534, -82.48225569028751636 ) ) ;
#78 = FACE_OUTER_BOUND ( 'NONE', #5700, .T. ) ;
#79 = DIRECTION ( 'NONE',  ( -1.500332356076765934E-16, -1.000000000000000000, 0.000000000000000000 ) ) ;
#80 = CARTESIAN_POINT ( 'NONE',  ( 86.33292384999383273, -1.431146867680865853E-14, 90.66274599250415633 ) ) ;
#81 = CARTESIAN_POINT ( 'NONE',  ( 16.17068593094069939, -4.616357549884352096, 48.13867953815967127 ) ) ;
#82 = VERTEX_POINT ( 'NONE', #6901 ) ;
#83 = CARTESIAN_POINT ( 'NONE',  ( 20.12386570148601805, -9.870612359490264609, 54.90158513061895462 ) ) ;
#84 = CARTESIAN_POINT ( 'NONE',  ( 16.20209530158368594, -3.643094444665611498, 51.02876400163584236 ) ) ;
#85 = CARTESIAN_POINT ( 'NONE',  ( 21.17458256879345768, -6.722053469410127491E-15, 58.37083434007483618 ) ) ;
#86 = ORIENTED_EDGE ( 'NONE', *, *, #5962, .T. ) ;
#87 = CARTESIAN_POINT ( 'NONE',  ( 176.6231234748749443, -4.673291354400509690, 12.59504304190445190 ) ) ;
#88 = CARTESIAN_POINT ( 'NONE',  ( 6.932043879577976853, -37.11028770010570099, 10.94103422945770987 ) ) ;
#89 = DIRECTION ( 'NONE',  ( 1.000000000000000000, -1.500332356076765934E-16, 0.000000000000000000 ) ) ;
#90 = CARTESIAN_POINT ( 'NONE',  ( -18.00000000000000355, -38.31026286157669603, -0.07350942406777116744 ) ) ;
#91 = B_SPLINE_CURVE_WITH_KNOTS ( 'NONE', 3,
 ( #1926, #1410, #4387, #2168, #2725, #5879, #2522, #7215, #3841, #6073, #895, #1028, #3322, #4424, #826, #6621, #6660, #1579, #3287, #1619, #2000, #6111, #5911, #1965, #1063, #4806, #5565, #4185, #6418, #859, #3114, #448, #5358, #315, #7046, #5492, #68, #1765, #5050, #4460, #1731, #590, #6696, #2280, #3986 ),
 .UNSPECIFIED., .F., .F.,
 ( 4, 2, 2, 2, 2, 2, 2, 2, 2, 2, 2, 2, 2, 2, 2, 2, 2, 2, 1, 2, 2, 2, 4 ),
 ( 0.000000000000000000, 0.001743718240934763030, 0.002615577361402144328, 0.003487436481869526060, 0.005231154722804290391, 0.006974872963739054722, 0.008718591204673819053, 0.009590450325141202520, 0.01046230944560858425, 0.01220602768654334945, 0.01394974592747811291, 0.01482160504794549638, 0.01569346416841287464, 0.01743718240934764158, 0.01830904152981502331, 0.01918090065028240504, 0.02092461889121717544, 0.02179647801168456064, 0.02266833713215194238, 0.02354019625261932758, 0.02441205537308670931, 0.02615577361402147277, 0.02789949185495623277 ),
 .UNSPECIFIED. ) ;
#92 = PERSON_AND_ORGANIZATION ( #3785, #3494 ) ;
#93 = CARTESIAN_POINT ( 'NONE',  ( 169.4582036575399115, -5.863194802533952199, 31.72483571169357219 ) ) ;
#94 = ORIENTED_EDGE ( 'NONE', *, *, #2740, .T. ) ;
#95 = CARTESIAN_POINT ( 'NONE',  ( 109.0608328244823326, -2.750000000024864999, -83.68222207335291785 ) ) ;
#96 = CARTESIAN_POINT ( 'NONE',  ( 160.9214304872271271, -4.000000000000026645, 56.68920209612910099 ) ) ;
#97 = CARTESIAN_POINT ( 'NONE',  ( 40.37371023221165700, -18.81133930434817358, -79.70031167387421078 ) ) ;
#98 = B_SPLINE_SURFACE_WITH_KNOTS ( 'NONE', 3, 1, ( 
 ( #6705, #1038 ),
 ( #5613, #6084 ),
 ( #1630, #6045 ),
 ( #4983, #7225 ) ),
 .UNSPECIFIED., .F., .F., .F.,
 ( 4, 4 ),
 ( 2, 2 ),
 ( 0.000000000000000000, 1.000000000000000000 ),
 ( 0.000000000000000000, 1.000000000000000000 ),
 .UNSPECIFIED. ) ;
#99 = CARTESIAN_POINT ( 'NONE',  ( 16.30681374498755076, -3.869633074174377629, 51.46927338595757817 ) ) ;
#100 = CARTESIAN_POINT ( 'NONE',  ( 19.00274493953467214, -4.151665899522170022, 60.03708455673764632 ) ) ;
#101 = CARTESIAN_POINT ( 'NONE',  ( 20.10110615663606737, -2.895301509892503233, 48.33337043175455960 ) ) ;
#102 = CARTESIAN_POINT ( 'NONE',  ( 24.07151493947778320, -24.86820312985383907, -28.20849343280235644 ) ) ;
#103 = CARTESIAN_POINT ( 'NONE',  ( 80.40997512228881305, -4.128406688486277787, -93.26277774266247889 ) ) ;
#104 = CARTESIAN_POINT ( 'NONE',  ( 173.7367019143663356, -2.901247897648359200E-14, -39.64057133250084775 ) ) ;
#105 = CARTESIAN_POINT ( 'NONE',  ( 3.367778697655221012E-16, -2.750000000000000000, 9.260542729569157207E-15 ) ) ;
#106 = CARTESIAN_POINT ( 'NONE',  ( 187.3053609435056899, -5.942206017373019122, 122.2906076854069681 ) ) ;
#107 = CARTESIAN_POINT ( 'NONE',  ( 19.01291795560242548, 1.448149840310803071, 58.64836796636721061 ) ) ;
#108 = B_SPLINE_CURVE_WITH_KNOTS ( 'NONE', 3,
 ( #953, #3285, #3733, #6071 ),
 .UNSPECIFIED., .F., .F.,
 ( 4, 4 ),
 ( 0.000000000000000000, 0.8835838719482577153 ),
 .UNSPECIFIED. ) ;
#109 = CARTESIAN_POINT ( 'NONE',  ( 148.7297854245228450, -3.430911900466279363, 79.61491320045075781 ) ) ;
#110 = EDGE_CURVE ( 'NONE', #4003, #5185, #245, .T. ) ;
#111 = CARTESIAN_POINT ( 'NONE',  ( 16.29254651137300769, -3.876455584459550074, 51.20456075979936372 ) ) ;
#112 = CARTESIAN_POINT ( 'NONE',  ( 19.64267522023514445, -5.380789218058602330, 59.45361415916195824 ) ) ;
#113 = CARTESIAN_POINT ( 'NONE',  ( 20.60018448596609275, -3.920729752636688215, -54.83702706637222946 ) ) ;
#114 = CARTESIAN_POINT ( 'NONE',  ( 119.6762052760331301, -4.169494936637113014, 84.40204879219629674 ) ) ;
#115 = CARTESIAN_POINT ( 'NONE',  ( 103.1519611865693804, -4.349830406876399991, 88.50817370702425535 ) ) ;
#116 = CARTESIAN_POINT ( 'NONE',  ( 18.28188497490731734, -0.05394508953949948143, -54.23743407854105669 ) ) ;
#117 = CARTESIAN_POINT ( 'NONE',  ( 17.16319074515181597, -1.073728422076218167E-14, 46.64054144524060774 ) ) ;
#118 = CARTESIAN_POINT ( 'NONE',  ( 66.50127012795061887, -1.431146867680865853E-14, 87.28135486430976187 ) ) ;
#119 = ORIENTED_EDGE ( 'NONE', *, *, #2269, .T. ) ;
#120 = CARTESIAN_POINT ( 'NONE',  ( 21.48072803317172941, -9.146462787796128424, 57.52546012767610506 ) ) ;
#121 = CARTESIAN_POINT ( 'NONE',  ( 16.52562146501448126, -4.259173179762190564, 52.52015223159132518 ) ) ;
#122 = CARTESIAN_POINT ( 'NONE',  ( 166.3541641710597219, -3.469446951953614189E-15, -33.10245240624724516 ) ) ;
#123 = ORIENTED_EDGE ( 'NONE', *, *, #7044, .F. ) ;
#124 = CARTESIAN_POINT ( 'NONE',  ( 119.5614212075056884, -4.339032748375116988, 84.10884513442653088 ) ) ;
#125 = CARTESIAN_POINT ( 'NONE',  ( 98.28054613053332389, -3.999999999999391154, -94.66437552212654793 ) ) ;
#126 = ORIENTED_EDGE ( 'NONE', *, *, #2161, .F. ) ;
#127 = CARTESIAN_POINT ( 'NONE',  ( 21.57933102093396016, -14.39235765151828517, 51.51000825799553695 ) ) ;
#128 = CARTESIAN_POINT ( 'NONE',  ( 86.40000000000000568, -3.500000000000002665, 0.000000000000000000 ) ) ;
#129 = DIRECTION ( 'NONE',  ( 1.000000000000000000, 0.000000000000000000, 0.000000000000000000 ) ) ;
#130 = SHAPE_DEFINITION_REPRESENTATION ( #1214, #6150 ) ;
#131 = CARTESIAN_POINT ( 'NONE',  ( 115.2595657780883869, -6.200017236933157427, -83.59875482677396974 ) ) ;
#132 = ORIENTED_EDGE ( 'NONE', *, *, #2010, .T. ) ;
#133 = CARTESIAN_POINT ( 'NONE',  ( 36.84086257503435746, 3.905059976035115874E-13, -71.43487853834152190 ) ) ;
#134 = FACE_OUTER_BOUND ( 'NONE', #4100, .T. ) ;
#135 = CARTESIAN_POINT ( 'NONE',  ( 55.78063100626380333, -54.88020756833024905, -18.07145363369678037 ) ) ;
#136 = CARTESIAN_POINT ( 'NONE',  ( 16.39899964154630041, -4.053161909236134619, 51.90013509629446276 ) ) ;
#137 = CARTESIAN_POINT ( 'NONE',  ( 16.37855865072003425, -3.791441659169034750, 53.08058083564061036 ) ) ;
#138 = CARTESIAN_POINT ( 'NONE',  ( 85.42307960382292720, -13.94371515320613497, 92.67729385790640606 ) ) ;
#139 = CARTESIAN_POINT ( 'NONE',  ( 20.93840204614480527, -26.87231867403983188, -12.12182170050180119 ) ) ;
#140 = CARTESIAN_POINT ( 'NONE',  ( 108.6399935515057678, -4.138602592460003393, -91.67088280783858067 ) ) ;
#141 = CARTESIAN_POINT ( 'NONE',  ( 179.0159141637042524, -2.980453627171143888E-14, -23.64122554246275598 ) ) ;
#142 = CARTESIAN_POINT ( 'NONE',  ( 1.885786332890383292E-14, -2.750000000000000000, 172.8000000000000114 ) ) ;
#143 = CARTESIAN_POINT ( 'NONE',  ( 20.13203320690988107, -38.31026286157670313, -0.1470188481355546861 ) ) ;
#144 = CARTESIAN_POINT ( 'NONE',  ( 17.22362679335513747, 0.3627405037726557646, 55.34649306498221932 ) ) ;
#145 = CARTESIAN_POINT ( 'NONE',  ( 18.52249594589061132, -0.2698350881601191964, 53.96371842548022357 ) ) ;
#146 = ORIENTED_EDGE ( 'NONE', *, *, #2044, .T. ) ;
#147 = CARTESIAN_POINT ( 'NONE',  ( 16.39339435550963842, -4.094664580681365074, 51.67485557619257719 ) ) ;
#148 = CARTESIAN_POINT ( 'NONE',  ( 20.39125918410688598, -5.455250978179441823, 60.27515845000826999 ) ) ;
#149 = CARTESIAN_POINT ( 'NONE',  ( 20.60826580449333889, -4.733779874583500025, -53.95564095597362098 ) ) ;
#150 = CARTESIAN_POINT ( 'NONE',  ( 168.1910331005160515, -4.192111807374657495, 42.39901334445011827 ) ) ;
#151 = CARTESIAN_POINT ( 'NONE',  ( 74.00507355724805336, -5.624642368450021301, -88.37743478731240998 ) ) ;
#152 = CARTESIAN_POINT ( 'NONE',  ( 18.85383152459002076, -0.5636046870048008195, -53.08979235546090081 ) ) ;
#153 = CARTESIAN_POINT ( 'NONE',  ( 103.1449999999999392, -64.66763823405520384, 2.050671065172242706E-15 ) ) ;
#154 = CARTESIAN_POINT ( 'NONE',  ( 16.67208845979187615, -9.261211234296169325E-13, -51.03377212656962314 ) ) ;
#155 = EDGE_LOOP ( 'NONE', ( #4832, #6373, #3177, #4797 ) ) ;
#156 = CARTESIAN_POINT ( 'NONE',  ( 21.46917241544489485, -9.141397974557794015, 57.51800715530402641 ) ) ;
#157 = CARTESIAN_POINT ( 'NONE',  ( 17.39472930279092111, -5.356236469609225281, 54.78724123558036752 ) ) ;
#158 = CARTESIAN_POINT ( 'NONE',  ( 32.49170014718951904, -8.239936510889833698E-15, -67.69295333030099471 ) ) ;
#159 = CARTESIAN_POINT ( 'NONE',  ( -8.072138544150480044, -42.06845266271099604, 3.990947712476688558 ) ) ;
#160 = CARTESIAN_POINT ( 'NONE',  ( 116.3087303841232938, -4.746395665780271500, -86.63836215847302924 ) ) ;
#161 =( BOUNDED_SURFACE ( )  B_SPLINE_SURFACE ( 2, 3, ( 
 ( #1521, #5463, #420, #2664 ),
 ( #4911, #7154, #2105, #6632 ),
 ( #565, #5576, #6594, #3960 ) ),
 .UNSPECIFIED., .F., .F., .F. ) 
 B_SPLINE_SURFACE_WITH_KNOTS ( ( 3, 3 ),
 ( 4, 4 ),
 ( 0.001208225356012821924, 0.7334610202777237520 ),
 ( 0.000000000000000000, 1.000000000000000000 ),
 .UNSPECIFIED. ) 
 GEOMETRIC_REPRESENTATION_ITEM ( )  RATIONAL_B_SPLINE_SURFACE ( (
 ( 1.000000000000000000, 0.3333333333333334259, 0.3333333333333334259, 1.000000000000000000),
 ( 1.000000000000000000, 0.3333333333333334259, 0.3333333333333334259, 1.000000000000000000),
 ( 1.000000000000000000, 0.3333333333333334259, 0.3333333333333334259, 1.000000000000000000) ) ) 
 REPRESENTATION_ITEM ( '' )  SURFACE ( )  );
#162 = CARTESIAN_POINT ( 'NONE',  ( 181.0079814786252541, -3.999999999999984457, -1.162064524643490193 ) ) ;
#163 = VERTEX_POINT ( 'NONE', #2126 ) ;
#164 = CARTESIAN_POINT ( 'NONE',  ( 16.29443201352365378, -8.501249973575209395, 41.76688911828341588 ) ) ;
#165 = CARTESIAN_POINT ( 'NONE',  ( -1.481856982704962578, -0.9561671797487885094, -61.33005894410519687 ) ) ;
#166 = CARTESIAN_POINT ( 'NONE',  ( -18.00000000000000355, -5.942206017373004023, 54.04319279652569463 ) ) ;
#167 = CARTESIAN_POINT ( 'NONE',  ( 123.8741612516665072, -5.253909475829556364, -82.45203802205590193 ) ) ;
#168 = DATE_AND_TIME ( #3530, #4317 ) ;
#169 = CARTESIAN_POINT ( 'NONE',  ( 90.78332830968136591, -6.111398381268137392, -88.52296099957538900 ) ) ;
#170 = EDGE_CURVE ( 'NONE', #6624, #6795, #3772, .T. ) ;
#171 = CARTESIAN_POINT ( 'NONE',  ( 155.7442951404303813, -2.749999999937922546, -52.03456896052121294 ) ) ;
#172 = CARTESIAN_POINT ( 'NONE',  ( 86.39999999999994884, -64.66763823405520384, 0.000000000000000000 ) ) ;
#173 = CARTESIAN_POINT ( 'NONE',  ( 43.09423980501171769, -49.66000481461368565, -25.55892113896332773 ) ) ;
#174 = CARTESIAN_POINT ( 'NONE',  ( 16.41708592606498129, -4.090559496781902560, 51.97686126700628506 ) ) ;
#175 = CARTESIAN_POINT ( 'NONE',  ( 19.36920569463268649, -4.098096682303312477, 60.55440324089580173 ) ) ;
#176 = CARTESIAN_POINT ( 'NONE',  ( 85.69934851693990652, -38.48506133258116790, 66.46855121629383234 ) ) ;
#177 = CARTESIAN_POINT ( 'NONE',  ( 24.07011255562799690, -27.88480164634072267, -19.98454904417366151 ) ) ;
#178 = CIRCLE ( 'NONE', #6992, 1.000000000000000888 ) ;
#179 = CARTESIAN_POINT ( 'NONE',  ( 38.77334865450593782, -4.009388992239221849, -76.72845922230079907 ) ) ;
#180 = CARTESIAN_POINT ( 'NONE',  ( 181.4959704689603370, -3.017662714367822683E-14, -5.050246359713234767 ) ) ;
#181 = B_SPLINE_CURVE_WITH_KNOTS ( 'NONE', 3,
 ( #6679, #3822, #6096, #4993, #2194, #6755, #6643, #467, #1717, #4406 ),
 .UNSPECIFIED., .F., .F.,
 ( 4, 2, 2, 2, 4 ),
 ( 0.000000000000000000, 0.001304149085379946926, 0.002608298170759893852, 0.003912447256139840561, 0.005216596341519787704 ),
 .UNSPECIFIED. ) ;
#182 = CARTESIAN_POINT ( 'NONE',  ( 147.6555354923625885, -37.40845893681483147, 7.501639547077894568E-15 ) ) ;
#183 = CARTESIAN_POINT ( 'NONE',  ( 19.35536806040628832, -1.017556990526431893, 53.47963624052103881 ) ) ;
#184 = CARTESIAN_POINT ( 'NONE',  ( 170.6070455664934968, -3.430911900466283360, 55.97061757694702777 ) ) ;
#185 = ORIENTED_EDGE ( 'NONE', *, *, #4791, .T. ) ;
#186 = EDGE_LOOP ( 'NONE', ( #1991, #2922, #5177, #1438, #3054 ) ) ;
#187 = CARTESIAN_POINT ( 'NONE',  ( 16.69623056286866003, -4.742768020322222888, 52.53256390444041557 ) ) ;
#188 = CARTESIAN_POINT ( 'NONE',  ( 20.38287391444595897, -5.454712441699093972, 60.26653624836107070 ) ) ;
#189 = CARTESIAN_POINT ( 'NONE',  ( 17.35361845405342152, -0.006771212475568213693, -47.45904692637752476 ) ) ;
#190 = CARTESIAN_POINT ( 'NONE',  ( 93.04005285753056853, -4.011858933941315541, 90.00711125020613679 ) ) ;
#191 = CARTESIAN_POINT ( 'NONE',  ( 163.2705754968597773, -5.494277895651573651, -46.12596668115395460 ) ) ;
#192 = CARTESIAN_POINT ( 'NONE',  ( 19.67823566205922248, -1.459263967404065276, -53.03166065769266169 ) ) ;
#193 = AXIS2_PLACEMENT_3D ( 'NONE', #5650, #599, #457 ) ;
#194 = CARTESIAN_POINT ( 'NONE',  ( -18.00000000000000355, -5.300499004961010563, -54.42947338597705453 ) ) ;
#195 = EDGE_CURVE ( 'NONE', #6721, #1476, #1115, .T. ) ;
#196 = CARTESIAN_POINT ( 'NONE',  ( 114.9667639714644309, -1.683268538955514922E-11, -81.54978566142693808 ) ) ;
#197 = EDGE_LOOP ( 'NONE', ( #7192, #48, #6214, #4375, #7218, #5479 ) ) ;
#198 = CARTESIAN_POINT ( 'NONE',  ( 16.32444376275470788, -4.220551579300929390, 50.42216237932395018 ) ) ;
#199 = CARTESIAN_POINT ( 'NONE',  ( 18.76576778458842654, -6.396032365422219534, 56.79113115914199028 ) ) ;
#200 = CARTESIAN_POINT ( 'NONE',  ( -9.000000000000000000, -4.000000000000001776, 0.000000000000000000 ) ) ;
#201 = CARTESIAN_POINT ( 'NONE',  ( 3.987668670440917662, -41.62071607154254593, 8.073736214461749938 ) ) ;
#202 = CARTESIAN_POINT ( 'NONE',  ( 50.80315801738409220, -4.438094745213030379, -83.17028958540973349 ) ) ;
#203 = CARTESIAN_POINT ( 'NONE',  ( 40.15452321945712555, -4.000000000000010658, -77.88541485984526958 ) ) ;
#204 = CARTESIAN_POINT ( 'NONE',  ( 13.00068863307433986, -38.27747670725333506, 0.7377309637814827292 ) ) ;
#205 = CYLINDRICAL_SURFACE ( 'NONE', #5126, 12.74499999999999211 ) ;
#206 = CARTESIAN_POINT ( 'NONE',  ( 15.99170328621141124, -4.391412092017417557, 46.10209951496533876 ) ) ;
#207 = EDGE_CURVE ( 'NONE', #6749, #5350, #2358, .T. ) ;
#208 =( BOUNDED_SURFACE ( )  B_SPLINE_SURFACE ( 2, 3, ( 
 ( #4342, #3163, #6573, #1534 ),
 ( #4233, #398, #7060, #364 ),
 ( #2607, #1568, #3790, #7096 ) ),
 .UNSPECIFIED., .F., .F., .F. ) 
 B_SPLINE_SURFACE_WITH_KNOTS ( ( 3, 3 ),
 ( 4, 4 ),
 ( 0.001208225356012900204, 0.7334610202777237520 ),
 ( 0.000000000000000000, 1.000000000000000000 ),
 .UNSPECIFIED. ) 
 GEOMETRIC_REPRESENTATION_ITEM ( )  RATIONAL_B_SPLINE_SURFACE ( (
 ( 1.000000000000000000, 0.3333333333333334259, 0.3333333333333334259, 1.000000000000000000),
 ( 1.000000000000000000, 0.3333333333333334259, 0.3333333333333334259, 1.000000000000000000),
 ( 1.000000000000000000, 0.3333333333333334259, 0.3333333333333334259, 1.000000000000000000) ) ) 
 REPRESENTATION_ITEM ( '' )  SURFACE ( )  );
#209 = CARTESIAN_POINT ( 'NONE',  ( 175.9321990856423668, -5.177750588266520460, -11.28789716857012770 ) ) ;
#210 = PERSON_AND_ORGANIZATION ( #3785, #3494 ) ;
#211 = CARTESIAN_POINT ( 'NONE',  ( 77.41363524514612493, -5.975838052718042803, -88.30876526770222767 ) ) ;
#212 = ORIENTED_EDGE ( 'NONE', *, *, #1324, .T. ) ;
#213 = CARTESIAN_POINT ( 'NONE',  ( 120.0234116934112620, -3.076861912143071739E-12, 81.91520245590577076 ) ) ;
#214 = CARTESIAN_POINT ( 'NONE',  ( 21.91705842606414478, -0.9925781250057824634, 57.70953967568927112 ) ) ;
#215 = CARTESIAN_POINT ( 'NONE',  ( 175.9463122419689967, -5.207648404245004414, 1.697112786859180877 ) ) ;
#216 = CARTESIAN_POINT ( 'NONE',  ( 16.45206636336195771, -4.171302146715702541, 52.08744351113264059 ) ) ;
#217 = CARTESIAN_POINT ( 'NONE',  ( 19.60307512868328672, -4.056885624083787611, 60.86373720058187331 ) ) ;
#218 = CARTESIAN_POINT ( 'NONE',  ( -6.261848139220900222, -13.94371515320611898, -1.953732251145783527 ) ) ;
#219 = CARTESIAN_POINT ( 'NONE',  ( 20.47876310276935286, -13.70998147341843776, -34.15493934740014481 ) ) ;
#220 = CARTESIAN_POINT ( 'NONE',  ( 119.8794985344876238, -4.020187537876266148, 84.87056955856650120 ) ) ;
#221 = CARTESIAN_POINT ( 'NONE',  ( 163.3362929029222528, -2.745207196085339450E-14, 53.15757101475314528 ) ) ;
#222 = DIRECTION ( 'NONE',  ( -0.000000000000000000, 0.000000000000000000, 1.000000000000000000 ) ) ;
#223 = CARTESIAN_POINT ( 'NONE',  ( 17.35361845405377323, -0.006771212475613177725, 47.45904692637399336 ) ) ;
#224 = CARTESIAN_POINT ( 'NONE',  ( 18.39280245528469138, -5.684046768172524360E-15, 54.89746379615264260 ) ) ;
#225 = CARTESIAN_POINT ( 'NONE',  ( 20.55276259158064889, -8.139891702763696557, 57.51768733874143891 ) ) ;
#226 = CARTESIAN_POINT ( 'NONE',  ( 18.91708691731988523, -5.248788636092759141, 58.53997358991646394 ) ) ;
#227 = CARTESIAN_POINT ( 'NONE',  ( 17.77032621106705790, 0.1478469456383637859, -55.79256862695589803 ) ) ;
#228 = CARTESIAN_POINT ( 'NONE',  ( 124.9946428402617897, -4.373183006668720729, -84.91744922052460254 ) ) ;
#229 = CARTESIAN_POINT ( 'NONE',  ( 0.3926901491850092185, -5.867336362172119735, 58.71939403038490468 ) ) ;
#230 = CARTESIAN_POINT ( 'NONE',  ( -18.00000000000000711, -32.29571161549034031, 26.62793936103274461 ) ) ;
#231 = CARTESIAN_POINT ( 'NONE',  ( 96.11849395084877301, -1.734723475976807094E-14, -85.98832245682588393 ) ) ;
#232 = ORIENTED_EDGE ( 'NONE', *, *, #7174, .T. ) ;
#233 = CARTESIAN_POINT ( 'NONE',  ( 16.32295272365366046, -4.215186961339133731, 50.41662824832619805 ) ) ;
#234 = CARTESIAN_POINT ( 'NONE',  ( 21.02696297818337356, -7.326999992094995307, 59.00028406599646758 ) ) ;
#235 = CARTESIAN_POINT ( 'NONE',  ( 15.86505244659316638, -5.204170427930421283E-15, -51.62444078544004356 ) ) ;
#236 = CARTESIAN_POINT ( 'NONE',  ( -2.334292192147147560, -41.53111713860747045, 8.711965307129263536 ) ) ;
#237 = CARTESIAN_POINT ( 'NONE',  ( 63.64013129110948341, -4.597500843385174285, -87.94619335631846013 ) ) ;
#238 = CARTESIAN_POINT ( 'NONE',  ( 116.7392097447648638, -4.000000000000021316, 86.25511286130040389 ) ) ;
#239 = ORIENTED_EDGE ( 'NONE', *, *, #2822, .F. ) ;
#240 = CARTESIAN_POINT ( 'NONE',  ( 4.257717393502390202, -36.85834703714805016, 12.22615109609451700 ) ) ;
#241 = DIRECTION ( 'NONE',  ( 0.000000000000000000, 0.000000000000000000, -1.000000000000000000 ) ) ;
#242 = CARTESIAN_POINT ( 'NONE',  ( 15.99145262598063155, -4.381455352664866965, 46.09241423293963180 ) ) ;
#243 = CARTESIAN_POINT ( 'NONE',  ( 174.7787106004983571, -5.188624001674932096, -17.99711406039648054 ) ) ;
#244 = CARTESIAN_POINT ( 'NONE',  ( 145.4614084108152383, -6.184382887850714994, -66.17882768787647763 ) ) ;
#245 = B_SPLINE_CURVE_WITH_KNOTS ( 'NONE', 3,
 ( #3205, #4861, #6546, #2023, #405, #2094, #2650, #2412, #790, #4658, #4278, #6509, #1469, #753, #3730, #5965, #3007, #550, #2721, #6692, #6142, #1024, #2242, #4526 ),
 .UNSPECIFIED., .F., .F.,
 ( 4, 2, 2, 1, 1, 1, 1, 2, 2, 2, 1, 1, 2, 2, 4 ),
 ( 0.000000000000000000, 0.2499999999999767963, 0.3749999999999645284, 0.4374999999999586442, 0.4687499999999558131, 0.4843749999999551470, 0.4921874999999548139, 0.4960937499999539257, 0.4999999999999529821, 0.6249999999999661382, 0.6874999999999730216, 0.7187499999999764633, 0.7343749999999777955, 0.7499999999999791278, 1.000000000000000000 ),
 .UNSPECIFIED. ) ;
#246 = CARTESIAN_POINT ( 'NONE',  ( 131.2610033826755114, -2.484796689903154217E-11, -79.61731829929520643 ) ) ;
#247 = DIRECTION ( 'NONE',  ( 1.500332356076765934E-16, 1.000000000000000000, -0.000000000000000000 ) ) ;
#248 = CARTESIAN_POINT ( 'NONE',  ( -3.333835250600172273, -4.962481512572394671, -52.96062252088675137 ) ) ;
#249 = CARTESIAN_POINT ( 'NONE',  ( 16.72153116373494797, -4.634737812268331147, 52.96780638254654150 ) ) ;
#250 = CARTESIAN_POINT ( 'NONE',  ( 17.41342529152931107, -4.163694066797044790, 57.14158718398702064 ) ) ;
#251 = DIRECTION ( 'NONE',  ( 1.500332356076765934E-16, 1.000000000000000000, -0.000000000000000000 ) ) ;
#252 = CARTESIAN_POINT ( 'NONE',  ( 63.63658698480731601, -1.249380249282479173E-14, 85.92425913944923366 ) ) ;
#253 = CARTESIAN_POINT ( 'NONE',  ( 63.25913622169407091, -4.110978067361834576, -89.49715586229183373 ) ) ;
#254 = CARTESIAN_POINT ( 'NONE',  ( 145.0967430763604682, -2.471553328434689545E-14, 71.64084549837104987 ) ) ;
#255 = EDGE_CURVE ( 'NONE', #3375, #995, #649, .T. ) ;
#256 = DIRECTION ( 'NONE',  ( -1.000000000000000000, 0.000000000000000000, 0.000000000000000000 ) ) ;
#257 = CARTESIAN_POINT ( 'NONE',  ( 13.99901070290839833, 3.819733823361356695, 55.11730562266456701 ) ) ;
#258 = CARTESIAN_POINT ( 'NONE',  ( 127.6788544974379107, -51.13139327542300094, 1.314391497696764915E-09 ) ) ;
#259 = VERTEX_POINT ( 'NONE', #4383 ) ;
#260 = CARTESIAN_POINT ( 'NONE',  ( 16.22156266648287470, -3.738097612919329737, 50.71938200660900975 ) ) ;
#261 = CARTESIAN_POINT ( 'NONE',  ( 19.94610608096346738, -5.827804803679514478, 59.34410583931936856 ) ) ;
#262 = CARTESIAN_POINT ( 'NONE',  ( 10.80280895079126680, 4.274494973539171738, -51.22321473368047151 ) ) ;
#263 = CARTESIAN_POINT ( 'NONE',  ( 148.9935869378193729, -4.163355959980581389, 66.79201509495382538 ) ) ;
#264 = CARTESIAN_POINT ( 'NONE',  ( 18.75345053444500465, -0.4935172663616489430, -52.90855946405417853 ) ) ;
#265 = CARTESIAN_POINT ( 'NONE',  ( 16.41460805692928560, -3.999999999999997335, 52.34099903541140009 ) ) ;
#266 = CARTESIAN_POINT ( 'NONE',  ( 21.70995799305593721, -1.003662863726983101, 57.33238752383320502 ) ) ;
#267 = ORIENTED_EDGE ( 'NONE', *, *, #2956, .F. ) ;
#268 = ORIENTED_EDGE ( 'NONE', *, *, #5555, .F. ) ;
#269 = CARTESIAN_POINT ( 'NONE',  ( 21.49359710705060422, -9.152066460966450379, 57.53378444198300912 ) ) ;
#270 = CARTESIAN_POINT ( 'NONE',  ( 16.44783670752770277, -4.032561656820560003, 52.56389251115752614 ) ) ;
#271 = CARTESIAN_POINT ( 'NONE',  ( 152.6178708963819872, -2.775557561562891351E-14, -82.96782674948434533 ) ) ;
#272 = CARTESIAN_POINT ( 'NONE',  ( 122.7634150086614682, -4.272599465765702043, 82.91879373875693204 ) ) ;
#273 = CARTESIAN_POINT ( 'NONE',  ( 177.9081558978865587, -4.000000000000029310, 23.53024932143912551 ) ) ;
#274 = DIRECTION ( 'NONE',  ( -1.500332356076765934E-16, -1.000000000000000000, 0.000000000000000000 ) ) ;
#275 = LINE ( 'NONE', #2130, #3720 ) ;
#276 = CARTESIAN_POINT ( 'NONE',  ( 15.99231767858323039, -4.454988811779456270, 46.14979716143711386 ) ) ;
#277 = ORIENTED_EDGE ( 'NONE', *, *, #6002, .T. ) ;
#278 = CARTESIAN_POINT ( 'NONE',  ( 94.24419845718664135, -5.217970127999590702, -89.96157133126115468 ) ) ;
#279 = CARTESIAN_POINT ( 'NONE',  ( 74.07886863572582570, -5.929239922283727537, -87.98520861143668981 ) ) ;
#280 = B_SPLINE_CURVE_WITH_KNOTS ( 'NONE', 3,
 ( #4150, #4080, #5252, #4734 ),
 .UNSPECIFIED., .F., .F.,
 ( 4, 4 ),
 ( 0.5036188531489605991, 1.000000000000000000 ),
 .UNSPECIFIED. ) ;
#281 = ORIENTED_EDGE ( 'NONE', *, *, #654, .T. ) ;
#282 = CARTESIAN_POINT ( 'NONE',  ( 16.13853785016268105, -4.037025226618403018, -57.20126919233267415 ) ) ;
#283 = CARTESIAN_POINT ( 'NONE',  ( -2.341222758610822741, -41.53350865490458688, -8.695140345866674281 ) ) ;
#284 = CARTESIAN_POINT ( 'NONE',  ( 32.20300258828451945, -1.119937499988455487, 67.98211798690059027 ) ) ;
#285 = CARTESIAN_POINT ( 'NONE',  ( -3.162392933348570523, -5.207648404244977769, -52.85943781366109562 ) ) ;
#286 = CARTESIAN_POINT ( 'NONE',  ( 20.62568308080950175, -7.695402822502156681, 58.11621842272251826 ) ) ;
#287 = CARTESIAN_POINT ( 'NONE',  ( 19.07040388324491431, -3.675449342735304992, 60.66400485538178344 ) ) ;
#288 = CARTESIAN_POINT ( 'NONE',  ( 46.43677164677045965, -38.48506133258116080, 66.05468056303816127 ) ) ;
#289 = CARTESIAN_POINT ( 'NONE',  ( 56.03942345035773087, -1.135397546631066398E-14, 83.08460707145516722 ) ) ;
#290 = CARTESIAN_POINT ( 'NONE',  ( 103.2826925726404141, -4.000000000000000888, 89.11643073683553951 ) ) ;
#291 = CARTESIAN_POINT ( 'NONE',  ( 179.8560735619862214, -2.993058810466188064E-14, -19.77261383899988090 ) ) ;
#292 = CARTESIAN_POINT ( 'NONE',  ( -1.595736798876957074, -5.445296435940502278, -58.95742407751894376 ) ) ;
#293 = CARTESIAN_POINT ( 'NONE',  ( 13.10322865011010762, 0.1645048501889259107, 49.49311530814387083 ) ) ;
#294 = CARTESIAN_POINT ( 'NONE',  ( 55.78063100626381043, -54.88020756833022062, 61.23873798747235497 ) ) ;
#295 = CARTESIAN_POINT ( 'NONE',  ( 16.40124388371760134, -4.092861023669087217, 51.77738165080821631 ) ) ;
#296 = ADVANCED_FACE ( 'NONE', ( #987 ), #6729, .T. ) ;
#297 = CIRCLE ( 'NONE', #5356, 17.66660353488140700 ) ;
#298 = CARTESIAN_POINT ( 'NONE',  ( 16.56700500368395623, -3.991457876547650052, 53.96652207923308708 ) ) ;
#299 = FACE_OUTER_BOUND ( 'NONE', #1815, .T. ) ;
#300 = CARTESIAN_POINT ( 'NONE',  ( 177.6217648042157009, -4.208060288560903750, 16.26156476170261911 ) ) ;
#301 = CARTESIAN_POINT ( 'NONE',  ( -0.2451276197203818286, -5.506394326971394193, -58.92313251314343603 ) ) ;
#302 = CARTESIAN_POINT ( 'NONE',  ( 22.59345117150972371, -2.750000000000003109, 58.25533732283666666 ) ) ;
#303 = CIRCLE ( 'NONE', #4187, 9.000000000000000000 ) ;
#304 = CARTESIAN_POINT ( 'NONE',  ( 80.66496376637618937, -1.561251128379126385E-14, -101.6070284309913774 ) ) ;
#305 = ORIENTED_EDGE ( 'NONE', *, *, #1787, .T. ) ;
#306 = VERTEX_POINT ( 'NONE', #3242 ) ;
#307 = CARTESIAN_POINT ( 'NONE',  ( 21.27364722444325196, -8.854312026303396976, 57.61221810977492908 ) ) ;
#308 = ADVANCED_FACE ( 'NONE', ( #444, #5523 ), #3355, .T. ) ;
#309 = CARTESIAN_POINT ( 'NONE',  ( 16.45496426694490211, -4.046409115074820484, 52.58598062965410946 ) ) ;
#310 = CARTESIAN_POINT ( 'NONE',  ( 120.1624702341095912, -2.081668171172168513E-14, -100.8964603984405528 ) ) ;
#311 = VECTOR ( 'NONE', #4962, 1000.000000000000000 ) ;
#312 = CARTESIAN_POINT ( 'NONE',  ( 109.8560538284477985, -4.187522842820870395, 87.36146235869301790 ) ) ;
#313 = CARTESIAN_POINT ( 'NONE',  ( 180.2549788551134782, -4.000000000000030198, 13.08402409988486426 ) ) ;
#314 = CARTESIAN_POINT ( 'NONE',  ( 24.04567978938285577, -11.81971401987929049, -49.79932667830054527 ) ) ;
#315 = CARTESIAN_POINT ( 'NONE',  ( 6.518719004476075440, -37.82512001226902498, 6.212245414139639266 ) ) ;
#316 = LOCAL_TIME ( 7, 56, 26.00000000000000000, #4154 ) ;
#317 = CARTESIAN_POINT ( 'NONE',  ( 15.97402837006074705, -3.564204109183420677, 45.28736467092001305 ) ) ;
#318 = CARTESIAN_POINT ( 'NONE',  ( 40.30730971413091623, -4.224412766105587025, -77.49262398165404875 ) ) ;
#319 = CARTESIAN_POINT ( 'NONE',  ( 167.2411387903545972, -5.535275758636276855, 38.09713750963530998 ) ) ;
#320 = CARTESIAN_POINT ( 'NONE',  ( 16.65327443306632560, -18.77715238825335220, -24.41602840454870460 ) ) ;
#321 = CARTESIAN_POINT ( 'NONE',  ( -0.5947848652582711226, -41.48887806865669603, -8.999549820575330372 ) ) ;
#322 = CARTESIAN_POINT ( 'NONE',  ( 67.13519277914170402, -2.555844907419093204, 84.78059976888724236 ) ) ;
#323 = CARTESIAN_POINT ( 'NONE',  ( 140.6118353064091764, -4.000000000000016875, -89.89690204186372569 ) ) ;
#324 = CARTESIAN_POINT ( 'NONE',  ( 16.51682117922702275, -4.286090063021116059, 52.35089811435242524 ) ) ;
#325 = CARTESIAN_POINT ( 'NONE',  ( 16.50184818957462696, -3.774953613573243327, 54.57937091323547918 ) ) ;
#326 = DIRECTION ( 'NONE',  ( 1.500332356076765934E-16, 1.000000000000000000, -0.000000000000000000 ) ) ;
#327 = CARTESIAN_POINT ( 'NONE',  ( 24.05552189923229989, -14.62865195576492638, 45.97105251182642149 ) ) ;
#328 = CARTESIAN_POINT ( 'NONE',  ( 59.86490457870764459, -4.034512116334440179, -88.69398512724272621 ) ) ;
#329 = CARTESIAN_POINT ( 'NONE',  ( 103.9414506028427354, -1.854087159216477157E-14, 89.09777218783557373 ) ) ;
#330 = CARTESIAN_POINT ( 'NONE',  ( 185.3328331859785578, -6.042206017371048787, -197.8656663719570190 ) ) ;
#331 = CARTESIAN_POINT ( 'NONE',  ( 17.65172928754620330, -0.04951667415223442309, 49.03716578830021433 ) ) ;
#332 = CARTESIAN_POINT ( 'NONE',  ( 162.7971420152114774, -22.16292595220783568, 9.355951543293450718E-15 ) ) ;
#333 = CARTESIAN_POINT ( 'NONE',  ( 21.35863997376315027, -8.276250383114168940, 58.34361551581290684 ) ) ;
#334 = CARTESIAN_POINT ( 'NONE',  ( 19.98689393401434344, -4.986375466206560247, 60.31633273627232228 ) ) ;
#335 = CARTESIAN_POINT ( 'NONE',  ( 20.10110615663606737, -2.895301509892503233, 48.33337043175455960 ) ) ;
#336 = CARTESIAN_POINT ( 'NONE',  ( 108.4748452603761422, -4.231422781400565825, -90.99977278091640187 ) ) ;
#337 = CARTESIAN_POINT ( 'NONE',  ( 19.07334698233631087, -6.042206017373975335, 58.61996200337826224 ) ) ;
#338 = CARTESIAN_POINT ( 'NONE',  ( 3.493117819995858131, -6.042206017373005444, 53.98290812280552586 ) ) ;
#339 = EDGE_CURVE ( 'NONE', #6553, #46, #5259, .T. ) ;
#340 = CARTESIAN_POINT ( 'NONE',  ( 12.31592636560248621, -5.204170427930421283E-15, -46.62979131484937767 ) ) ;
#341 = ORIENTED_EDGE ( 'NONE', *, *, #1639, .T. ) ;
#342 = ORIENTED_EDGE ( 'NONE', *, *, #4007, .T. ) ;
#343 = CARTESIAN_POINT ( 'NONE',  ( 20.60875231959666110, -8.541220600901384685, 57.13462539930252149 ) ) ;
#344 = CARTESIAN_POINT ( 'NONE',  ( 18.22801581207519916, -5.807179981968458193, 56.45112659185183190 ) ) ;
#345 = CARTESIAN_POINT ( 'NONE',  ( 182.5790719110680982, -3.122502256758252770E-14, -39.80050962125837799 ) ) ;
#346 = CARTESIAN_POINT ( 'NONE',  ( 165.3960513202650304, -4.547478098909635058, -47.39758346267947786 ) ) ;
#347 = CARTESIAN_POINT ( 'NONE',  ( 59.77717544222382884, -4.000000000000151879, -89.06025190622214893 ) ) ;
#348 = CARTESIAN_POINT ( 'NONE',  ( -12.56180241912052509, -38.10842563741474720, 3.388811165230046996 ) ) ;
#349 = EDGE_CURVE ( 'NONE', #2234, #2856, #1110, .T. ) ;
#350 = CARTESIAN_POINT ( 'NONE',  ( 15.99203058671791844, -4.407809479946451781, 46.11694557867416222 ) ) ;
#351 = CARTESIAN_POINT ( 'NONE',  ( 166.3541641711269676, -6.307573267698108767E-11, 33.10245240620523788 ) ) ;
#352 = CARTESIAN_POINT ( 'NONE',  ( 109.5076382970116384, -4.975684476696874192, -87.97864393767298452 ) ) ;
#353 = CARTESIAN_POINT ( 'NONE',  ( 116.2344296060265947, -4.750075552459783523, 84.83962817289157954 ) ) ;
#354 = CARTESIAN_POINT ( 'NONE',  ( 16.52550156809733650, -15.11821626608177205, -43.88396877071154734 ) ) ;
#355 = CARTESIAN_POINT ( 'NONE',  ( -8.698638991810819121, -42.19117814708648240, -2.328282331605922462 ) ) ;
#356 = EDGE_CURVE ( 'NONE', #2225, #2338, #1204, .T. ) ;
#357 = CARTESIAN_POINT ( 'NONE',  ( -9.000000000000014211, -38.29328568589092896, -0.2969428620927733187 ) ) ;
#358 = CARTESIAN_POINT ( 'NONE',  ( 34.29197365086165661, -4.962481512572401776, -90.23160375710507708 ) ) ;
#359 = CARTESIAN_POINT ( 'NONE',  ( 17.83025489119435036, -5.982774776234946579, 55.04756992806846227 ) ) ;
#360 = CARTESIAN_POINT ( 'NONE',  ( 19.29128362036057354, -3.611225283602641500, 60.98344066801855945 ) ) ;
#361 = CARTESIAN_POINT ( 'NONE',  ( -4.259443137613194708, -5.942206017373004023, 0.000000000000000000 ) ) ;
#362 = CARTESIAN_POINT ( 'NONE',  ( 43.20760255787041615, -9.428775859072607333E-15, 76.58000945709511598 ) ) ;
#363 = CARTESIAN_POINT ( 'NONE',  ( 159.6959612886539617, -4.045395728711358885, -60.67406977545688562 ) ) ;
#364 = CARTESIAN_POINT ( 'NONE',  ( 149.6614994673865908, -58.99259783589945272, 1.137326972296153172E-14 ) ) ;
#365 = CARTESIAN_POINT ( 'NONE',  ( 40.60360956192332793, -50.78462308660655111, -1.121688059249860337E-14 ) ) ;
#366 = CARTESIAN_POINT ( 'NONE',  ( 16.72295571054945640, -20.77256309933733291, 19.15338891280824640 ) ) ;
#367 = CARTESIAN_POINT ( 'NONE',  ( 135.9387471697028218, -46.05197166201079995, 99.07749433940564643 ) ) ;
#368 = B_SPLINE_CURVE_WITH_KNOTS ( 'NONE', 3,
 ( #1899, #5885, #2495, #5400, #5296, #4157, #3121, #1452, #3711, #5814, #6389, #1973, #1350, #4706, #763, #3020, #5950, #7053, #2459, #1932, #3643, #1866, #1384, #5261, #800, #4192, #4225, #3675, #5853, #2528, #4740, #1311, #4123, #2007, #6457, #4670, #7018, #6946, #4262, #3610, #3056, #3570, #6911, #6980, #6425, #357, #865 ),
 .UNSPECIFIED., .F., .F.,
 ( 4, 2, 2, 2, 2, 2, 2, 2, 2, 2, 2, 2, 2, 2, 2, 1, 2, 2, 2, 2, 2, 2, 2, 4 ),
 ( 0.0001860389387239139462, 0.001945440373127525942, 0.002825141090329334054, 0.003704841807531141732, 0.005464243241934755788, 0.006343943959136564767, 0.007223644676338373746, 0.008983046110741989970, 0.01074244754514560966, 0.01162214826234741691, 0.01250184897954922762, 0.01426125041395284211, 0.01602065184835645834, 0.01778005328276007976, 0.01865975399996188874, 0.01953945471716369772, 0.02041915543436550670, 0.02129885615156731568, 0.02305825758597093017, 0.02393795830317274262, 0.02481765902037455160, 0.02657706045477816609, 0.02745676117197997854, 0.02833646188918178405 ),
 .UNSPECIFIED. ) ;
#369 = CARTESIAN_POINT ( 'NONE',  ( 16.38592682788186394, -4.060750744216787389, 51.70722681864234005 ) ) ;
#370 = CARTESIAN_POINT ( 'NONE',  ( 20.14854443835285025, -4.986086048345645949, 60.49712387514335177 ) ) ;
#371 = CARTESIAN_POINT ( 'NONE',  ( 26.09248743142517668, -6.860939758854140743E-15, -63.97250819450420067 ) ) ;
#372 = CARTESIAN_POINT ( 'NONE',  ( -0.5818518910590979587, -41.49088307209856907, 8.986079465221159523 ) ) ;
#373 = CARTESIAN_POINT ( 'NONE',  ( 169.8454103613547659, -4.194556537406880281, 39.34129802981397006 ) ) ;
#374 = CARTESIAN_POINT ( 'NONE',  ( 19.07334698233631087, -42.30756013076908317, -5.181181809388053756E-15 ) ) ;
#375 = CARTESIAN_POINT ( 'NONE',  ( 1.830154385228875746, -8.516363349479423306, -57.20976635642641384 ) ) ;
#376 = CARTESIAN_POINT ( 'NONE',  ( 185.8138297370111616, -3.122502256758252770E-14, -28.62001714607777103 ) ) ;
#377 = ORIENTED_EDGE ( 'NONE', *, *, #4479, .F. ) ;
#378 = CARTESIAN_POINT ( 'NONE',  ( 20.78310914617332728, -8.628358682375040445, 57.26566121036096035 ) ) ;
#379 = CARTESIAN_POINT ( 'NONE',  ( 17.80866625166758155, -5.493063511430847257, 55.77359742807920640 ) ) ;
#380 = CARTESIAN_POINT ( 'NONE',  ( -11.70478268869882221, -37.88732692362634680, 5.673062299825092580 ) ) ;
#381 = CARTESIAN_POINT ( 'NONE',  ( 148.5607035917882399, -4.394600700943384730, 66.33496433225242583 ) ) ;
#382 = CARTESIAN_POINT ( 'NONE',  ( 47.25865700577608663, -4.000000000000009770, -82.94202196808628003 ) ) ;
#383 = CARTESIAN_POINT ( 'NONE',  ( 24.06886344033531699, -30.12090963777973229, -9.910542417725752173 ) ) ;
#384 = CARTESIAN_POINT ( 'NONE',  ( 16.06557502366262469, -4.358222791345838232, 47.01131627628880238 ) ) ;
#385 = ORIENTED_EDGE ( 'NONE', *, *, #3713, .T. ) ;
#386 = CARTESIAN_POINT ( 'NONE',  ( 21.98911871014474784, -1.018443359296475004, -57.63738849363328143 ) ) ;
#387 = CARTESIAN_POINT ( 'NONE',  ( 141.8090776877718326, -4.974923255213820283, -72.44094331974007162 ) ) ;
#388 = CARTESIAN_POINT ( 'NONE',  ( 21.47815947868173225, -25.20684280893560469, -34.72495954030204501 ) ) ;
#389 = CARTESIAN_POINT ( 'NONE',  ( 73.65499999999995850, -64.66763823405520384, 0.000000000000000000 ) ) ;
#390 = CARTESIAN_POINT ( 'NONE',  ( 8.584165051147548908, -1.000000000000004441, -37.54538362053254730 ) ) ;
#391 = CARTESIAN_POINT ( 'NONE',  ( -18.00000000000000711, -15.84325058705648637, -47.33309916941544060 ) ) ;
#392 = ADVANCED_FACE ( 'NONE', ( #4675 ), #6689, .F. ) ;
#393 = CARTESIAN_POINT ( 'NONE',  ( 16.45398894301722237, -3.746492409526067657, 54.31565199073774153 ) ) ;
#394 = DIRECTION ( 'NONE',  ( -1.000000000000000000, 1.500332356076765934E-16, 0.000000000000000000 ) ) ;
#395 = CARTESIAN_POINT ( 'NONE',  ( 69.65712660853368732, -1.339708353267667892E-14, 87.56279413820675472 ) ) ;
#396 = CARTESIAN_POINT ( 'NONE',  ( 55.05855572596912850, -4.030746644157625624, -86.60490533698258275 ) ) ;
#397 = ORIENTED_EDGE ( 'NONE', *, *, #6113, .T. ) ;
#398 = CARTESIAN_POINT ( 'NONE',  ( 23.13850053261340278, -58.99259783589943851, 126.5229989347731134 ) ) ;
#399 = CARTESIAN_POINT ( 'NONE',  ( 13.22810880880767570, -33.22972007004715067, -1.792194446697042650E-14 ) ) ;
#400 = CARTESIAN_POINT ( 'NONE',  ( 19.07334698233635351, -42.30756013076908317, -5.181181809388053756E-15 ) ) ;
#401 = CARTESIAN_POINT ( 'NONE',  ( 24.66999303061508186, -37.01303407287549163, 123.4600139387698192 ) ) ;
#402 = CARTESIAN_POINT ( 'NONE',  ( 21.26349765002397874, -8.241178925182900628, 58.27523946283078260 ) ) ;
#403 = CARTESIAN_POINT ( 'NONE',  ( 17.59208999334482826, -4.598822183772332650, 56.77759621067710327 ) ) ;
#404 = CARTESIAN_POINT ( 'NONE',  ( 9.000000000000000000, -4.000000000000005329, 1.102182119232617714E-15 ) ) ;
#405 = CARTESIAN_POINT ( 'NONE',  ( 29.12530060702014367, -1.803047848088155991, -64.69325214424246440 ) ) ;
#406 = CARTESIAN_POINT ( 'NONE',  ( 83.94356999340828906, -4.218040322454313262, -93.00647798974493696 ) ) ;
#407 = FACE_OUTER_BOUND ( 'NONE', #957, .T. ) ;
#408 = CARTESIAN_POINT ( 'NONE',  ( 20.42215663990407037, -10.81133667532801468, 54.23479248741233505 ) ) ;
#409 = CARTESIAN_POINT ( 'NONE',  ( 5.662263743914777159, -15.61706409787341698, 52.39467784456930133 ) ) ;
#410 = CARTESIAN_POINT ( 'NONE',  ( 174.9729231560890810, -2.949029909160572061E-14, 42.67433272990085413 ) ) ;
#411 = ORIENTED_EDGE ( 'NONE', *, *, #5394, .T. ) ;
#412 = CIRCLE ( 'NONE', #2291, 9.000000000000000000 ) ;
#413 = ORIENTED_EDGE ( 'NONE', *, *, #3452, .F. ) ;
#414 = CARTESIAN_POINT ( 'NONE',  ( 16.41676946500210121, -4.243695589415740876, 51.46723184837541254 ) ) ;
#415 = CARTESIAN_POINT ( 'NONE',  ( 20.77817038681125794, -6.404410142176724108, 59.70395570105571892 ) ) ;
#416 = CARTESIAN_POINT ( 'NONE',  ( -2.076378828155720502, -1.705690008525131418, 60.95340305048222973 ) ) ;
#417 = CARTESIAN_POINT ( 'NONE',  ( 175.7888492356069889, -4.533449224643829822, -21.73858213091618197 ) ) ;
#418 = CARTESIAN_POINT ( 'NONE',  ( 139.0705279911499872, -4.000000000000023981, -80.81343145465150712 ) ) ;
#419 = AXIS2_PLACEMENT_3D ( 'NONE', #128, #2377, #4626 ) ;
#420 = CARTESIAN_POINT ( 'NONE',  ( -17.60597693396296393, -6.042206017372984128, -208.0119538679259961 ) ) ;
#421 = CARTESIAN_POINT ( 'NONE',  ( 20.40299010078777897, -12.30537811368936829, 52.46227858605568883 ) ) ;
#422 = CIRCLE ( 'NONE', #4544, 99.01189131006046296 ) ;
#423 = CARTESIAN_POINT ( 'NONE',  ( 96.43877593083907129, -4.150351425396660687, 89.67039862564909924 ) ) ;
#424 = CARTESIAN_POINT ( 'NONE',  ( 147.9191747809105095, -2.775557561562891351E-14, 61.43512048264287273 ) ) ;
#425 = CARTESIAN_POINT ( 'NONE',  ( 117.6999778702632966, -4.978999771030311550, -85.41034613080293525 ) ) ;
#426 = CARTESIAN_POINT ( 'NONE',  ( 21.55233909812470472, -18.34370855295754410, -46.34797782821549106 ) ) ;
#427 = CARTESIAN_POINT ( 'NONE',  ( 168.0561011443851953, -2.722295684397816626E-14, -51.23880928039209692 ) ) ;
#428 = CIRCLE ( 'NONE', #4085, 16.74499999999999744 ) ;
#429 = CARTESIAN_POINT ( 'NONE',  ( 100.9333020382883319, -18.99775000014479787, -85.30664602169765942 ) ) ;
#430 = EDGE_CURVE ( 'NONE', #163, #1956, #1463, .T. ) ;
#431 = DIRECTION ( 'NONE',  ( 0.000000000000000000, 0.000000000000000000, 1.000000000000000000 ) ) ;
#432 = CARTESIAN_POINT ( 'NONE',  ( -18.00000000000000355, -5.942206017373004023, -31.95317545291231909 ) ) ;
#433 = DIRECTION ( 'NONE',  ( 1.500332356076765934E-16, 1.000000000000000000, 0.000000000000000000 ) ) ;
#434 = CARTESIAN_POINT ( 'NONE',  ( 147.9191747808522166, -9.155310185201505746, 61.43512048259641034 ) ) ;
#435 = CARTESIAN_POINT ( 'NONE',  ( 101.7559587576058675, -4.045351334342602634, -93.68234753671593751 ) ) ;
#436 = ORIENTED_EDGE ( 'NONE', *, *, #3713, .F. ) ;
#437 = CARTESIAN_POINT ( 'NONE',  ( 115.9135467962447734, -2.033708392106722744E-14, 86.43552647840377290 ) ) ;
#438 = CARTESIAN_POINT ( 'NONE',  ( 86.40000000000000568, -1.885527044543283213E-14, 0.000000000000000000 ) ) ;
#439 = CARTESIAN_POINT ( 'NONE',  ( 16.23690504503764487, -6.853893133410733363, -43.86463410405977470 ) ) ;
#440 = CARTESIAN_POINT ( 'NONE',  ( -3.838103111921415511, -4.240957621055568616, 0.000000000000000000 ) ) ;
#441 = CARTESIAN_POINT ( 'NONE',  ( 17.36771468473537539, -5.741661409127515547, 54.02739924541636185 ) ) ;
#442 = CARTESIAN_POINT ( 'NONE',  ( 18.32517050004199177, -4.834212583099728455, 58.11669305621458648 ) ) ;
#443 = CARTESIAN_POINT ( 'NONE',  ( 20.69727384456294672, -19.96731042045709614, -21.06180265932140117 ) ) ;
#444 = FACE_OUTER_BOUND ( 'NONE', #6699, .T. ) ;
#445 = CARTESIAN_POINT ( 'NONE',  ( 73.51735550053018642, -4.205264083507269213, -91.62477069263631790 ) ) ;
#446 = CARTESIAN_POINT ( 'NONE',  ( 49.78123192038217582, -1.041503874201587562E-14, -84.46518088575849958 ) ) ;
#447 = CARTESIAN_POINT ( 'NONE',  ( 20.02860824642442239, -10.51773396392219873, 53.99668087194358179 ) ) ;
#448 = CARTESIAN_POINT ( 'NONE',  ( 5.441153161765729607, -37.70353880945098979, 7.192415574912243592 ) ) ;
#449 = CARTESIAN_POINT ( 'NONE',  ( 20.61974373154805917, -4.467478246930218333, 54.26305344493168548 ) ) ;
#450 = DIRECTION ( 'NONE',  ( 1.000000000000000000, 0.000000000000000000, 0.000000000000000000 ) ) ;
#451 = ORIENTED_EDGE ( 'NONE', *, *, #3407, .T. ) ;
#452 = CARTESIAN_POINT ( 'NONE',  ( 16.46216232770233034, -4.413967820504734796, 51.45964764267008462 ) ) ;
#453 = CARTESIAN_POINT ( 'NONE',  ( 20.76853175247166661, -6.831357785132697202, 59.23905106774911644 ) ) ;
#454 = CARTESIAN_POINT ( 'NONE',  ( -0.6631435415452826554, -0.4047783098604788576, 61.60233842413087046 ) ) ;
#455 = CARTESIAN_POINT ( 'NONE',  ( 176.4520108660805136, -4.531155311549547982, -18.33514956636629734 ) ) ;
#456 = CARTESIAN_POINT ( 'NONE',  ( 87.52347911656227097, -4.000000000000016875, -95.51309755988586403 ) ) ;
#457 = DIRECTION ( 'NONE',  ( 1.000000000000000000, -1.334604752262064479E-16, 0.000000000000000000 ) ) ;
#458 = CARTESIAN_POINT ( 'NONE',  ( 20.61691334493407268, -12.47738670324878818, 52.56628902186874797 ) ) ;
#459 = ORIENTED_EDGE ( 'NONE', *, *, #6855, .T. ) ;
#460 = CARTESIAN_POINT ( 'NONE',  ( 131.6563557328680076, -4.715204532220536038, 77.84505567677959448 ) ) ;
#461 = CARTESIAN_POINT ( 'NONE',  ( 164.3684868624801254, 5.040611582443919064E-11, 37.54138756071226624 ) ) ;
#462 = CARTESIAN_POINT ( 'NONE',  ( 160.8005568000025107, -4.962252431726143165, -52.63589096098739617 ) ) ;
#463 = CARTESIAN_POINT ( 'NONE',  ( 21.36918240330342655, -33.53747979743967278, 6.196449826745404899 ) ) ;
#464 = CARTESIAN_POINT ( 'NONE',  ( 8.072138544150469386, -42.06845266271098893, -3.990947712476694775 ) ) ;
#465 = CARTESIAN_POINT ( 'NONE',  ( 136.4901989040096737, -19.71791377315109628, -70.56495374733981407 ) ) ;
#466 = CARTESIAN_POINT ( 'NONE',  ( 20.34536719873064570, -11.27713467053115970, -50.82238809104901378 ) ) ;
#467 = CARTESIAN_POINT ( 'NONE',  ( 22.00506833703608578, -2.703921644242336608, -57.60587159990877382 ) ) ;
#468 = CARTESIAN_POINT ( 'NONE',  ( 23.08308839107599653, -3.802493562010212713, 57.69424585035405073 ) ) ;
#469 = CARTESIAN_POINT ( 'NONE',  ( 67.70733324057707136, -5.114802753899151178, -157.3516718908919643 ) ) ;
#470 = CARTESIAN_POINT ( 'NONE',  ( 178.3916031941253380, -4.000000000001262102, 19.99938989212120788 ) ) ;
#471 = CARTESIAN_POINT ( 'NONE',  ( 98.33780179009821154, -1.770013802957959243E-14, 89.80013337643092086 ) ) ;
#472 = CARTESIAN_POINT ( 'NONE',  ( 167.4032344202016134, -5.827303291598349588, 37.16582353759864787 ) ) ;
#473 = CARTESIAN_POINT ( 'NONE',  ( 8.999999999999989342, -42.30756013076908317, -5.181181809388053756E-15 ) ) ;
#474 = CARTESIAN_POINT ( 'NONE',  ( 16.99587988031077046, -5.212088084713856873, 53.41465986942735356 ) ) ;
#475 = CARTESIAN_POINT ( 'NONE',  ( 19.23752566754382443, -4.556451287476830814, 59.87334310507635848 ) ) ;
#476 = CARTESIAN_POINT ( 'NONE',  ( 28.40682441851986795, -7.208167225314477277E-15, -66.60480760589966565 ) ) ;
#477 = CARTESIAN_POINT ( 'NONE',  ( 92.30414816326532446, -6.122482065791690076, -88.44117392154946344 ) ) ;
#478 = CARTESIAN_POINT ( 'NONE',  ( 143.8824247538699410, -4.138736849488206637, -75.15116210187511570 ) ) ;
#479 = CARTESIAN_POINT ( 'NONE',  ( 32.63751076073033630, -7.842910786077521018E-15, -71.11481737957048210 ) ) ;
#480 = CARTESIAN_POINT ( 'NONE',  ( 21.65676792430789277, -10.84158740394096476, 55.82393219032124421 ) ) ;
#481 = CARTESIAN_POINT ( 'NONE',  ( -2.711943942383873818, -3.499999999999989342, 60.02012201594924790 ) ) ;
#482 = CARTESIAN_POINT ( 'NONE',  ( -9.000000000000014211, -38.30661423486101569, 0.04898197160115692894 ) ) ;
#483 = CARTESIAN_POINT ( 'NONE',  ( 30.27128919883993063, -1.117665798348081552, 65.68513632528883761 ) ) ;
#484 = CARTESIAN_POINT ( 'NONE',  ( 21.28354538054552236, -8.657282692618098352, 57.84183479062053834 ) ) ;
#485 = CARTESIAN_POINT ( 'NONE',  ( 16.45308519674900793, -3.984214527630037583, 52.84418017841793613 ) ) ;
#486 = CARTESIAN_POINT ( 'NONE',  ( 2.989359623899359608, -36.76772347176748923, 12.65897760920336346 ) ) ;
#487 = ADVANCED_FACE ( 'NONE', ( #6059 ), #2946, .F. ) ;
#488 = CARTESIAN_POINT ( 'NONE',  ( 104.7574455318711273, -4.554981004758742458, -90.46455378781881507 ) ) ;
#489 = CARTESIAN_POINT ( 'NONE',  ( 173.6458101084663497, -5.631862246833891028, 18.96443673425937249 ) ) ;
#490 = CARTESIAN_POINT ( 'NONE',  ( 54.89733854708990890, -4.000000000000011546, -87.20769499493711407 ) ) ;
#491 = CARTESIAN_POINT ( 'NONE',  ( -8.998799112008937229, -38.29893327245715540, 0.1470188481355302890 ) ) ;
#492 = CARTESIAN_POINT ( 'NONE',  ( 21.53661996422829361, -12.35229399237388925, 53.91262171948939397 ) ) ;
#493 = ORIENTED_EDGE ( 'NONE', *, *, #6316, .T. ) ;
#494 = CARTESIAN_POINT ( 'NONE',  ( 16.39128258596399590, -4.021598599658280371, 51.93080435208836576 ) ) ;
#495 = CARTESIAN_POINT ( 'NONE',  ( 166.3612771495515403, -5.034356525540261806, 41.44732923322830942 ) ) ;
#496 = CARTESIAN_POINT ( 'NONE',  ( 40.22185415493378002, -1.472057662006673152E-11, 73.66452158764990088 ) ) ;
#497 = CARTESIAN_POINT ( 'NONE',  ( 173.7890211656518318, -4.936509551839727727, -24.78325795982980750 ) ) ;
#498 = CARTESIAN_POINT ( 'NONE',  ( 21.41459452348564341, -30.11133873899267144, 22.75484872745026621 ) ) ;
#499 = CARTESIAN_POINT ( 'NONE',  ( 1.467355885949282790, -41.50590262049314560, -8.884462932091373943 ) ) ;
#500 = CARTESIAN_POINT ( 'NONE',  ( 18.87978037614491811, -1.000000000000005773, -53.92075191586115324 ) ) ;
#501 = CARTESIAN_POINT ( 'NONE',  ( 187.3680530313128827, -3.430911971678296979, 5.720384318686872322E-14 ) ) ;
#502 = APPLICATION_PROTOCOL_DEFINITION ( 'international standard', 'config_control_design', 1994, #1378 ) ;
#503 = CARTESIAN_POINT ( 'NONE',  ( -13.15518455823441357, -38.31026286157669603, -0.1470188481355377552 ) ) ;
#504 = CARTESIAN_POINT ( 'NONE',  ( 37.13321632761446978, -8.517416038616594537E-15, 72.63917806724269610 ) ) ;
#505 = CARTESIAN_POINT ( 'NONE',  ( 114.2212116759137785, -4.000000000001885603, -91.66742190076219288 ) ) ;
#506 = DIRECTION ( 'NONE',  ( 1.000000000000000000, 0.000000000000000000, 0.000000000000000000 ) ) ;
#507 = CARTESIAN_POINT ( 'NONE',  ( 172.6772380009914230, -20.95902901126227036, 1.056591433571885005E-14 ) ) ;
#508 = CARTESIAN_POINT ( 'NONE',  ( 76.14108439782502558, -57.00057409172650580, -17.76460312257333030 ) ) ;
#509 = CARTESIAN_POINT ( 'NONE',  ( 16.38240221035174926, -4.036450973866252845, 51.75743892924025147 ) ) ;
#510 = CARTESIAN_POINT ( 'NONE',  ( 19.90068066370116640, -4.516590407049626776, 60.71379780377206004 ) ) ;
#511 = CARTESIAN_POINT ( 'NONE',  ( 18.74080990000983249, -0.4852808095702426661, 52.88266657996582154 ) ) ;
#512 = CARTESIAN_POINT ( 'NONE',  ( 142.4797932089743711, -6.187352563926902249, -68.50446504444576590 ) ) ;
#513 = CARTESIAN_POINT ( 'NONE',  ( 115.5204868681125276, -4.139279150319088885, -89.82250590339408802 ) ) ;
#514 = CARTESIAN_POINT ( 'NONE',  ( 82.95917491670792288, -1.539283288056168077E-14, -95.17436239515630803 ) ) ;
#515 = CARTESIAN_POINT ( 'NONE',  ( 21.54566443607409809, -11.56710105851238879, 54.84289046311452864 ) ) ;
#516 = DIRECTION ( 'NONE',  ( 1.500332356076765934E-16, 1.000000000000000000, -0.000000000000000000 ) ) ;
#517 = CARTESIAN_POINT ( 'NONE',  ( 20.56961068673236426, -3.644225154529417310, 55.09989734259871597 ) ) ;
#518 = CARTESIAN_POINT ( 'NONE',  ( 39.86834325785381594, -1.378171798602558784, 72.80215745688775542 ) ) ;
#519 = EDGE_CURVE ( 'NONE', #2294, #1993, #1705, .T. ) ;
#520 = CARTESIAN_POINT ( 'NONE',  ( 21.42480967524191016, -8.715062142839908432, 57.93857835648881860 ) ) ;
#521 = CARTESIAN_POINT ( 'NONE',  ( 16.46542455719763964, -3.954207230069417989, 53.14204778171934862 ) ) ;
#522 = CARTESIAN_POINT ( 'NONE',  ( -7.963494727121434025, -37.22924470376903372, 10.28423242732346665 ) ) ;
#523 = CARTESIAN_POINT ( 'NONE',  ( 43.13529882486368194, -4.182990537113088436, -79.36125787760943240 ) ) ;
#524 = CARTESIAN_POINT ( 'NONE',  ( 155.1877362650327541, -5.821037059269221103, -56.94956774466199789 ) ) ;
#525 = CARTESIAN_POINT ( 'NONE',  ( 18.76680890310387539, -0.4484694411659514435, -54.02646833637680857 ) ) ;
#526 = CARTESIAN_POINT ( 'NONE',  ( 17.10293367557877886, -5.512207922195363679E-15, 45.88417211662140005 ) ) ;
#527 = CARTESIAN_POINT ( 'NONE',  ( 16.06821006814914554, -4.397690622736127430, 47.04695339277954247 ) ) ;
#528 = CARTESIAN_POINT ( 'NONE',  ( 21.64517166808751014, -10.03270356849696654, 56.72988951131431179 ) ) ;
#529 = CARTESIAN_POINT ( 'NONE',  ( 21.23673494890202917, -7.814855518051692762, 58.70754732125845976 ) ) ;
#530 = CARTESIAN_POINT ( 'NONE',  ( 113.0405856405044176, -4.466316652429823897, 86.06352644086184966 ) ) ;
#531 = AXIS2_PLACEMENT_3D ( 'NONE', #2544, #6924, #880 ) ;
#532 = ORIENTED_EDGE ( 'NONE', *, *, #4129, .F. ) ;
#533 = CARTESIAN_POINT ( 'NONE',  ( 77.18048437240803139, -4.885383226785583233, -90.13703080157887371 ) ) ;
#534 = CARTESIAN_POINT ( 'NONE',  ( 21.36633174460452622, -33.76115401549776607, 0.4952744823768956972 ) ) ;
#535 = CARTESIAN_POINT ( 'NONE',  ( 17.37146245681468315, -5.552496164097970784E-15, -48.90800592549899051 ) ) ;
#536 = CIRCLE ( 'NONE', #4536, 16.74499999999999744 ) ;
#537 = CARTESIAN_POINT ( 'NONE',  ( 127.6788544974380670, -51.13139327542284462, 5.055201703275686803E-15 ) ) ;
#538 = DIRECTION ( 'NONE',  ( 1.000000000000000000, 0.000000000000000000, 0.000000000000000000 ) ) ;
#539 = CARTESIAN_POINT ( 'NONE',  ( -1.340983822101071699, -5.904783293238756059, -56.04243956285493056 ) ) ;
#540 = CARTESIAN_POINT ( 'NONE',  ( 31.32620117515716984, -7.646170766070616795E-15, 68.06822323406487385 ) ) ;
#541 = AXIS2_PLACEMENT_3D ( 'NONE', #4220, #6940, #6484 ) ;
#542 = CARTESIAN_POINT ( 'NONE',  ( 123.1619319871281277, -4.000000000000037303, 83.75379221362085502 ) ) ;
#543 = ORIENTED_EDGE ( 'NONE', *, *, #5484, .F. ) ;
#544 = CARTESIAN_POINT ( 'NONE',  ( 98.70061960783763766, -2.750000000009334311, 85.81912603080721169 ) ) ;
#545 = CARTESIAN_POINT ( 'NONE',  ( 97.77723202379144141, -4.296215774928421993, 89.41204457615323520 ) ) ;
#546 = CARTESIAN_POINT ( 'NONE',  ( 175.9623929333484966, -5.207648404245003526, 1.096822978298027665E-14 ) ) ;
#547 = CARTESIAN_POINT ( 'NONE',  ( 20.94090852741850384, -8.115857369673040722, 58.03624893718194500 ) ) ;
#548 = CARTESIAN_POINT ( 'NONE',  ( 19.89612323761101820, -4.516975326423868786, 60.70840556744870753 ) ) ;
#549 = CARTESIAN_POINT ( 'NONE',  ( 24.06868098659753485, -30.79925755746091554, 1.107226648382963385E-13 ) ) ;
#550 = CARTESIAN_POINT ( 'NONE',  ( 23.78859007601241871, -1.159408161814167171, -59.53858716271793838 ) ) ;
#551 = CARTESIAN_POINT ( 'NONE',  ( 167.0651506923595093, -4.136201603880767408, -48.40180075514879121 ) ) ;
#552 = CARTESIAN_POINT ( 'NONE',  ( 157.0374911427934990, -2.650704235232995085E-14, -65.43068105945056345 ) ) ;
#553 = CARTESIAN_POINT ( 'NONE',  ( 16.19929485842916250, -4.286523995969928613, 48.74598598421055584 ) ) ;
#554 = CARTESIAN_POINT ( 'NONE',  ( -2.115007851825669860, -5.253166091032991147, -59.06491920037768750 ) ) ;
#555 = CARTESIAN_POINT ( 'NONE',  ( 20.09552696632170665, -2.735534402936950826, 49.10238482347419620 ) ) ;
#556 = DIRECTION ( 'NONE',  ( 0.000000000000000000, -0.000000000000000000, -1.000000000000000000 ) ) ;
#557 = ORIENTED_EDGE ( 'NONE', *, *, #3136, .T. ) ;
#558 = CARTESIAN_POINT ( 'NONE',  ( 21.44082436735395802, -8.721491023962284928, 57.94949333974670225 ) ) ;
#559 = CARTESIAN_POINT ( 'NONE',  ( 16.45258103619486434, -3.937641971952155373, 53.07876137724446153 ) ) ;
#560 = CARTESIAN_POINT ( 'NONE',  ( 19.35536806040680347, -1.017556990526994776, -53.47963624052103881 ) ) ;
#561 = CARTESIAN_POINT ( 'NONE',  ( 173.4725216990230194, -4.322925250747585046, 29.57049577049001599 ) ) ;
#562 = CARTESIAN_POINT ( 'NONE',  ( 117.0332428965348583, -5.846160199251016820, -83.59104619134824077 ) ) ;
#563 = DIRECTION ( 'NONE',  ( 0.000000000000000000, 0.000000000000000000, -1.000000000000000000 ) ) ;
#564 = EDGE_CURVE ( 'NONE', #7002, #1437, #4023, .T. ) ;
#565 = CARTESIAN_POINT ( 'NONE',  ( 99.14500000000005286, -63.39640923772802950, 1.560812345513307636E-15 ) ) ;
#566 = CARTESIAN_POINT ( 'NONE',  ( 19.93335079136282673, -11.16485556835413284, 53.09177661326821607 ) ) ;
#567 = CARTESIAN_POINT ( 'NONE',  ( 16.17626302402143779, -3.903942455932700728, 49.10963636549843869 ) ) ;
#568 = CARTESIAN_POINT ( 'NONE',  ( 17.38454510808467646, -5.525259014273808944, 54.45659037834477090 ) ) ;
#569 = CARTESIAN_POINT ( 'NONE',  ( 171.7664320074904936, -5.082224946989305714, 28.98516114446091763 ) ) ;
#570 = ORIENTED_EDGE ( 'NONE', *, *, #564, .F. ) ;
#571 = CARTESIAN_POINT ( 'NONE',  ( 96.42837395934481037, -4.091214531492651574, 89.72505327091484162 ) ) ;
#572 = CARTESIAN_POINT ( 'NONE',  ( 16.98220937811016995, -28.19661678971955965, -15.46557048616060825 ) ) ;
#573 = CARTESIAN_POINT ( 'NONE',  ( 7.153518128214146010, -41.92961551018218813, -5.492731044392374251 ) ) ;
#574 = CARTESIAN_POINT ( 'NONE',  ( 103.1449999999999250, -58.93658393131477169, 2.050671065172242706E-15 ) ) ;
#575 = PERSON_AND_ORGANIZATION_ROLE ( 'design_owner' ) ;
#576 = CARTESIAN_POINT ( 'NONE',  ( 166.9353748952292449, -5.820508953728790402, 37.94446266609237028 ) ) ;
#577 = CARTESIAN_POINT ( 'NONE',  ( 172.8000000000000114, -14.68703703704284358, 4.845691241352079182 ) ) ;
#578 = EDGE_CURVE ( 'NONE', #1719, #2818, #5513, .T. ) ;
#579 = VERTEX_POINT ( 'NONE', #977 ) ;
#580 = CARTESIAN_POINT ( 'NONE',  ( 23.93277643579516223, -6.795599547592215295, -55.42193676260720281 ) ) ;
#581 = CARTESIAN_POINT ( 'NONE',  ( 181.5724128829902781, -4.000000000000031974, -2.313023895278364606 ) ) ;
#582 = CARTESIAN_POINT ( 'NONE',  ( -3.669687882408267932, -4.481915242111147002, -0.000000000000000000 ) ) ;
#583 = CARTESIAN_POINT ( 'NONE',  ( 21.33319379828028417, -8.162746604250671112, 58.43845154483437199 ) ) ;
#584 = CARTESIAN_POINT ( 'NONE',  ( 19.77842651673706342, -4.527121929793217703, 60.56694868260301945 ) ) ;
#585 = DIRECTION ( 'NONE',  ( -1.000000000000000000, 1.535042833460613057E-16, 0.000000000000000000 ) ) ;
#586 = CARTESIAN_POINT ( 'NONE',  ( 57.31592298700460475, -5.530827175525881323, -84.50122182781539948 ) ) ;
#587 = CARTESIAN_POINT ( 'NONE',  ( 179.5802784012268489, -4.127193222015163698, 5.896723902100994508 ) ) ;
#588 = CARTESIAN_POINT ( 'NONE',  ( 109.6720863135946757, -1.940065740993778220E-14, -93.58975186929380641 ) ) ;
#589 = CARTESIAN_POINT ( 'NONE',  ( 19.07058668524389589, -4.000000000000005329, -59.68823242645724747 ) ) ;
#590 = CARTESIAN_POINT ( 'NONE',  ( 8.677029593768848414, -38.17531138285747261, 2.458991127906625884 ) ) ;
#591 = CARTESIAN_POINT ( 'NONE',  ( 17.30630349009011582, 2.538273729912909005, 57.82248536608323519 ) ) ;
#592 = CARTESIAN_POINT ( 'NONE',  ( 42.47435001231824003, -1.467142970115782541, 74.40092512859099827 ) ) ;
#593 = CARTESIAN_POINT ( 'NONE',  ( 16.61283638580372468, -4.645985079810801999, 52.17912939893179214 ) ) ;
#594 = CARTESIAN_POINT ( 'NONE',  ( 20.59924451381006349, -5.930925484752236798, 60.00633897534702754 ) ) ;
#595 = CARTESIAN_POINT ( 'NONE',  ( 20.17551826711842722, -2.263040029751321569, -56.10951304311891619 ) ) ;
#596 = CARTESIAN_POINT ( 'NONE',  ( 167.8049739519036905, -4.308860748321330369, 42.20134024579912335 ) ) ;
#597 = CARTESIAN_POINT ( 'NONE',  ( 44.95255735637865513, -4.712843987013995317, -79.78303751423771928 ) ) ;
#598 = DIRECTION ( 'NONE',  ( -1.500332356076765934E-16, -1.000000000000000000, 0.000000000000000000 ) ) ;
#599 = DIRECTION ( 'NONE',  ( -1.500332356076765934E-16, -1.000000000000000000, -0.000000000000000000 ) ) ;
#600 = CARTESIAN_POINT ( 'NONE',  ( 16.13600093209784347, -4.324613274766968551, 47.89923762025964749 ) ) ;
#601 = VERTEX_POINT ( 'NONE', #4339 ) ;
#602 = CARTESIAN_POINT ( 'NONE',  ( 21.53846088952747095, -9.979320340872023465, 56.66751871693094245 ) ) ;
#603 = CARTESIAN_POINT ( 'NONE',  ( 16.49476433080702265, -4.199200366300451570, 52.43169081647889840 ) ) ;
#604 = CARTESIAN_POINT ( 'NONE',  ( 187.4870370370134083, -3.122502256758252770E-14, 5.691111481175588516 ) ) ;
#605 = ORIENTED_EDGE ( 'NONE', *, *, #4347, .T. ) ;
#606 = CARTESIAN_POINT ( 'NONE',  ( 50.89636815510634449, -4.574592345584515662, -82.97575009281588621 ) ) ;
#607 = CARTESIAN_POINT ( 'NONE',  ( 21.49929348642414340, -23.56262690116946956, 38.05755964503358513 ) ) ;
#608 = DIRECTION ( 'NONE',  ( -1.000000000000000000, -0.000000000000000000, -0.000000000000000000 ) ) ;
#609 = CARTESIAN_POINT ( 'NONE',  ( 21.50620646491610444, -22.92817768857461047, -39.13448984762077743 ) ) ;
#610 = ADVANCED_FACE ( 'NONE', ( #1084 ), #3175, .T. ) ;
#611 =( NAMED_UNIT ( * ) SI_UNIT ( $, .STERADIAN. ) SOLID_ANGLE_UNIT ( ) );
#612 = CARTESIAN_POINT ( 'NONE',  ( -13.15518455823441357, -38.13805647533408205, 4.535102704269228902 ) ) ;
#613 = VERTEX_POINT ( 'NONE', #1337 ) ;
#614 = DIRECTION ( 'NONE',  ( 1.500332356076765934E-16, 1.000000000000000000, 0.000000000000000000 ) ) ;
#615 = CARTESIAN_POINT ( 'NONE',  ( 103.1449999999999392, -58.15464714294839155, 2.050671065172242706E-15 ) ) ;
#616 = CARTESIAN_POINT ( 'NONE',  ( 86.86937454734810160, -46.05197166201080705, -49.53652348195261368 ) ) ;
#617 = EDGE_CURVE ( 'NONE', #5692, #5164, #7078, .T. ) ;
#618 = CARTESIAN_POINT ( 'NONE',  ( 16.41269349778133702, -4.099768797247734575, 51.89037122171340854 ) ) ;
#619 = CARTESIAN_POINT ( 'NONE',  ( 16.45820431698117048, -3.831858300932983852, 53.76605440232548005 ) ) ;
#620 = CARTESIAN_POINT ( 'NONE',  ( 21.36649237272360935, -33.74852470288028172, 3.869407838000062292E-14 ) ) ;
#621 = CARTESIAN_POINT ( 'NONE',  ( -2.533573003083941177, -3.002391024346555692, -60.28494955394760524 ) ) ;
#622 = CARTESIAN_POINT ( 'NONE',  ( 176.4509953089178396, -4.122451771137964904, 23.16950212347083138 ) ) ;
#623 = CARTESIAN_POINT ( 'NONE',  ( 165.0599240126018969, -2.771067391323268216E-14, -55.27021166565216959 ) ) ;
#624 = CARTESIAN_POINT ( 'NONE',  ( 16.06913261255265368, -2.049519262946178255, -59.25806699345080375 ) ) ;
#625 = CARTESIAN_POINT ( 'NONE',  ( -18.00000000000001066, -17.16572489764357812, 45.99208939112138950 ) ) ;
#626 = CARTESIAN_POINT ( 'NONE',  ( 19.01636348292288048, -0.6886710501809633067, 53.32385843443350382 ) ) ;
#627 = CARTESIAN_POINT ( 'NONE',  ( -22.00000000000000355, -6.042206025863526619, -58.61996199853946621 ) ) ;
#628 = EDGE_LOOP ( 'NONE', ( #6514, #5088, #1781, #3447 ) ) ;
#629 = CARTESIAN_POINT ( 'NONE',  ( 16.38864322227426129, -4.121739969162103279, 51.52089318677066387 ) ) ;
#630 = CARTESIAN_POINT ( 'NONE',  ( 20.46263914601934886, -5.912581542852191063, 59.87357096554627844 ) ) ;
#631 = CARTESIAN_POINT ( 'NONE',  ( 22.71676740018596874, -2.994054861478562479, -58.13707245310295946 ) ) ;
#632 = CARTESIAN_POINT ( 'NONE',  ( 169.4419127383009993, -4.312748614914486467, 39.15293807431569206 ) ) ;
#633 = CARTESIAN_POINT ( 'NONE',  ( 175.9310275368117686, -5.394618121584306536, 5.662292726645367757 ) ) ;
#634 = CARTESIAN_POINT ( 'NONE',  ( 99.14499999999993918, -64.66763823405520384, 1.560812345513301325E-15 ) ) ;
#635 = CARTESIAN_POINT ( 'NONE',  ( 18.65206691881985179, -35.38930753359692005, 18.07202604733249984 ) ) ;
#636 = CARTESIAN_POINT ( 'NONE',  ( 159.6817638459971249, -5.046509642262240854E-11, 46.02416551364240149 ) ) ;
#637 = VERTEX_POINT ( 'NONE', #7005 ) ;
#638 = CARTESIAN_POINT ( 'NONE',  ( 21.61605607907438298, -11.60935691937338987, 54.87675569058121994 ) ) ;
#639 = ORIENTED_EDGE ( 'NONE', *, *, #6817, .T. ) ;
#640 = CARTESIAN_POINT ( 'NONE',  ( 16.23825030445488693, -4.151749602953730189, 49.45774814787814222 ) ) ;
#641 = CARTESIAN_POINT ( 'NONE',  ( 21.22549667992606359, -7.811196596526809977, 58.69901593646469706 ) ) ;
#642 = CARTESIAN_POINT ( 'NONE',  ( 113.8204254508033415, 2.080666906768706353E-12, -81.94234444609389811 ) ) ;
#643 = ORIENTED_EDGE ( 'NONE', *, *, #2325, .T. ) ;
#644 = CARTESIAN_POINT ( 'NONE',  ( 52.47147606333753345, -4.608407177632972918, -83.63326218476053953 ) ) ;
#645 = DIRECTION ( 'NONE',  ( 1.000000000000000000, -1.500332356076765934E-16, 0.000000000000000000 ) ) ;
#646 = DIRECTION ( 'NONE',  ( -1.000000000000000000, 0.000000000000000000, 0.000000000000000000 ) ) ;
#647 = CARTESIAN_POINT ( 'NONE',  ( 19.45306793407955581, -5.864806169110683021E-15, 56.19363060578070446 ) ) ;
#648 = ORIENTED_EDGE ( 'NONE', *, *, #6941, .T. ) ;
#649 = CIRCLE ( 'NONE', #4298, 12.74500000000004718 ) ;
#650 = DATE_AND_TIME ( #5774, #316 ) ;
#651 = CARTESIAN_POINT ( 'NONE',  ( 137.2218939708678818, -5.341741497589667098, 73.92065108477814306 ) ) ;
#652 = VERTEX_POINT ( 'NONE', #200 ) ;
#653 = CARTESIAN_POINT ( 'NONE',  ( 102.0238605999741424, -2.749999999987593480, -85.27674135060406968 ) ) ;
#654 = EDGE_CURVE ( 'NONE', #2189, #5350, #1449, .T. ) ;
#655 = AXIS2_PLACEMENT_3D ( 'NONE', #3526, #5771, #720 ) ;
#656 = CARTESIAN_POINT ( 'NONE',  ( 180.9800861340148401, -4.000000000000031086, 8.358075242989908560 ) ) ;
#657 = CARTESIAN_POINT ( 'NONE',  ( 86.98488548327217984, -37.01303407287551295, -61.72723604221857840 ) ) ;
#658 = CARTESIAN_POINT ( 'NONE',  ( 21.28486909099937208, -8.041332888931638223, 58.51639165364498041 ) ) ;
#659 = CARTESIAN_POINT ( 'NONE',  ( 16.46875076079472677, -3.775370811343008004, 54.25421793481262256 ) ) ;
#660 = CARTESIAN_POINT ( 'NONE',  ( 21.42518175516514845, -29.32004381190852982, 25.10105373337344403 ) ) ;
#661 = CARTESIAN_POINT ( 'NONE',  ( 101.6441744033397043, -4.137357953258746335, -93.01893515773092247 ) ) ;
#662 = CARTESIAN_POINT ( 'NONE',  ( 142.1696299778277535, -2.427636903518441976E-14, -78.70701854247747065 ) ) ;
#663 = CARTESIAN_POINT ( 'NONE',  ( 15.90643270519847441, 2.609596493221016278, -54.18834091964663457 ) ) ;
#664 = CARTESIAN_POINT ( 'NONE',  ( 186.0538464912893630, -5.114802753787865086, -1.533425030514408371 ) ) ;
#665 = CARTESIAN_POINT ( 'NONE',  ( 18.69349076775198881, -0.4557763221850267277, 52.77871623140774204 ) ) ;
#666 = DIRECTION ( 'NONE',  ( -1.000000000000000000, 1.500332356076765934E-16, 0.000000000000000000 ) ) ;
#667 = CARTESIAN_POINT ( 'NONE',  ( 21.40454853803382562, -8.500875453699430651, 58.14993369262965217 ) ) ;
#668 = CARTESIAN_POINT ( 'NONE',  ( 20.08161441979914841, -5.852848091950899168, 59.48799515186670561 ) ) ;
#669 = CARTESIAN_POINT ( 'NONE',  ( 19.81771033255907355, -1.616894466290300647, -56.37265083737432292 ) ) ;
#670 = CARTESIAN_POINT ( 'NONE',  ( 177.0254521360296565, -4.354097726571115601, -18.45211602576833343 ) ) ;
#671 = CARTESIAN_POINT ( 'NONE',  ( 176.0161617704524701, -5.403342659827074179, 2.280982887616505916 ) ) ;
#672 = CARTESIAN_POINT ( 'NONE',  ( 18.27891622447137010, -0.02440495747007424485, -54.38766439823471188 ) ) ;
#673 = CARTESIAN_POINT ( 'NONE',  ( 30.09501442682704919, -2.546306542867499800, -48.33337043175460224 ) ) ;
#674 = CARTESIAN_POINT ( 'NONE',  ( 18.87978037614506022, -5.637851296924623057E-15, -53.92075191586105376 ) ) ;
#675 = ORIENTED_EDGE ( 'NONE', *, *, #963, .F. ) ;
#676 = CARTESIAN_POINT ( 'NONE',  ( 16.23136282885117154, -4.124215475506949780, 49.41906906094706642 ) ) ;
#677 = CARTESIAN_POINT ( 'NONE',  ( 18.79530239269449510, -6.698851466801644783, 56.45281973609958470 ) ) ;
#678 = CARTESIAN_POINT ( 'NONE',  ( 127.0043829937113031, -2.341876692568689577E-14, 84.36153927385646512 ) ) ;
#679 = VERTEX_POINT ( 'NONE', #2697 ) ;
#680 = CARTESIAN_POINT ( 'NONE',  ( 93.03059528191258210, -4.039179999423767597, 89.96376091612167158 ) ) ;
#681 = CARTESIAN_POINT ( 'NONE',  ( 105.4451754358945408, -4.000000000000413891, -93.79860712708824622 ) ) ;
#682 = CARTESIAN_POINT ( 'NONE',  ( -3.316111259743167672, -36.79403379878039715, 12.53539460218620150 ) ) ;
#683 = CARTESIAN_POINT ( 'NONE',  ( 21.03730335572829091, -7.130264836191020805, 59.22217522332019968 ) ) ;
#684 = CARTESIAN_POINT ( 'NONE',  ( -18.00000000000000355, -37.18210662843785030, -10.84320234264871985 ) ) ;
#685 = PERSON_AND_ORGANIZATION ( #3785, #3494 ) ;
#686 = CARTESIAN_POINT ( 'NONE',  ( 46.57138801997449917, -4.954168579039174070, -80.43548704171466568 ) ) ;
#687 = CARTESIAN_POINT ( 'NONE',  ( 102.8135588120192949, 2.474256483573771867E-11, -89.79562724353715453 ) ) ;
#688 = CARTESIAN_POINT ( 'NONE',  ( 86.40000000000000568, -4.000000000000009770, 0.000000000000000000 ) ) ;
#689 = CARTESIAN_POINT ( 'NONE',  ( 87.20435720033201221, -11.64686191744701738, -84.88968898557155285 ) ) ;
#690 = CARTESIAN_POINT ( 'NONE',  ( 18.28117556300781033, -6.464355328677406476, 55.63449095062150462 ) ) ;
#691 = CARTESIAN_POINT ( 'NONE',  ( 16.87609495226076461, -4.034923296113385405, 55.77013986716514893 ) ) ;
#692 = CARTESIAN_POINT ( 'NONE',  ( 20.00283496671128702, -2.206422181554609896, 51.17727858099129179 ) ) ;
#693 = CARTESIAN_POINT ( 'NONE',  ( 24.07068275124115075, -26.88391555940766153, -22.96830033983158614 ) ) ;
#694 = CARTESIAN_POINT ( 'NONE',  ( 71.73908409921034490, -4.121088788707023554, -91.74880459669955712 ) ) ;
#695 = CARTESIAN_POINT ( 'NONE',  ( 180.3350868821333393, -3.000245602298272207E-14, 12.59907639262626233 ) ) ;
#696 = CARTESIAN_POINT ( 'NONE',  ( 69.65500000000011482, -58.93658393131476458, -33.48999999999979593 ) ) ;
#697 = CARTESIAN_POINT ( 'NONE',  ( -18.00000000000000355, -22.55110319697242005, 40.64580482920433724 ) ) ;
#698 = CARTESIAN_POINT ( 'NONE',  ( 20.35949080034858483, -2.769496299139289519, 55.78830596330855940 ) ) ;
#699 = CARTESIAN_POINT ( 'NONE',  ( 86.40000000000000568, -2.000000000000017764, 0.000000000000000000 ) ) ;
#700 = ORIENTED_EDGE ( 'NONE', *, *, #4752, .F. ) ;
#701 = CARTESIAN_POINT ( 'NONE',  ( 16.39646735730312344, -4.101282191459914017, 51.68889490819301358 ) ) ;
#702 = EDGE_CURVE ( 'NONE', #4905, #4341, #2063, .T. ) ;
#703 = CARTESIAN_POINT ( 'NONE',  ( 19.81307172050818366, -5.800314420167659968, 59.19768030346583032 ) ) ;
#704 = CARTESIAN_POINT ( 'NONE',  ( 19.55234139277266792, -1.246834053886254789, -56.45139835791139404 ) ) ;
#705 = CARTESIAN_POINT ( 'NONE',  ( 53.75122659931727753, -4.244343098882920273, -85.03874143043225331 ) ) ;
#706 = CARTESIAN_POINT ( 'NONE',  ( 171.3635010359718081, -5.317600600924147436, 28.84451835690589050 ) ) ;
#707 = CARTESIAN_POINT ( 'NONE',  ( 68.65500000000001535, -57.99749635261596126, 2.173135745086972727E-15 ) ) ;
#708 = CARTESIAN_POINT ( 'NONE',  ( 24.02479267529369977, -8.546300172022963437, -53.54417500852633083 ) ) ;
#709 = CARTESIAN_POINT ( 'NONE',  ( 172.8000000000000114, 6.721624980880683846E-11, 4.845691241352079182 ) ) ;
#710 = B_SPLINE_CURVE_WITH_KNOTS ( 'NONE', 3,
 ( #6003, #266, #2513, #4758, #3843, #1622, #6774, #7294, #4534, #483, #4973, #2727, #3950, #4389, #5641, #2248, #5052, #518, #7183, #7217, #2170, #1660, #3362, #592, #6114, #6075, #6038, #4498, #4425, #2767, #3879 ),
 .UNSPECIFIED., .F., .F.,
 ( 4, 2, 2, 1, 1, 1, 1, 2, 2, 2, 2, 1, 1, 1, 1, 1, 2, 2, 2, 4 ),
 ( 0.000000000000000000, 0.1249999999999621969, 0.1874999999999432954, 0.2187499999999338307, 0.2343749999999291678, 0.2421874999999266698, 0.2460937499999252542, 0.2480468749999245326, 0.2499999999999238387, 0.3749999999998984146, 0.4374999999998853140, 0.4687499999998786526, 0.4843749999998753775, 0.4921874999998739342, 0.4960937499998731570, 0.4980468749998727684, 0.4990234374998726574, 0.4999999999998726574, 0.7499999999999363842, 1.000000000000000000 ),
 .UNSPECIFIED. ) ;
#711 = ORIENTED_EDGE ( 'NONE', *, *, #1735, .F. ) ;
#712 = ORIENTED_EDGE ( 'NONE', *, *, #2679, .T. ) ;
#713 = CARTESIAN_POINT ( 'NONE',  ( 16.28341062792897631, -4.092560742524547379, 50.22086876055335125 ) ) ;
#714 = EDGE_CURVE ( 'NONE', #5221, #5581, #6665, .T. ) ;
#715 = CARTESIAN_POINT ( 'NONE',  ( 21.13574411870340697, -7.358255703318666185, 59.08778085004281166 ) ) ;
#716 = CARTESIAN_POINT ( 'NONE',  ( 81.58161472440102102, 3.359424711659560478E-11, -86.40152710999903718 ) ) ;
#717 = DIRECTION ( 'NONE',  ( 1.000000000000000000, 0.000000000000000000, 0.000000000000000000 ) ) ;
#718 = CARTESIAN_POINT ( 'NONE',  ( 83.98558827257687653, -4.700321523313533589, -91.29084302677308926 ) ) ;
#719 = CARTESIAN_POINT ( 'NONE',  ( 160.2182991864380597, -4.000000000000605738, -61.10792826830510194 ) ) ;
#720 = DIRECTION ( 'NONE',  ( -0.03489949670250100389, 0.9993908270190956511, 0.000000000000000000 ) ) ;
#721 = CARTESIAN_POINT ( 'NONE',  ( -0.3639939651911795471, -0.2552632606525204184, -61.67563124644942008 ) ) ;
#722 = B_SPLINE_CURVE_WITH_KNOTS ( 'NONE', 3,
 ( #817, #375, #4864, #5385, #2026, #2512, #4757, #4281, #7106, #2061, #6997, #6551, #3209, #1953, #4208, #6441, #4723, #6512, #1400, #5348, #3765, #5968, #920, #955, #6661, #2654 ),
 .UNSPECIFIED., .F., .F.,
 ( 4, 2, 2, 2, 2, 2, 2, 2, 2, 2, 2, 2, 4 ),
 ( 0.0002202994224353003897, 0.009576756240021544811, 0.01893321305760778742, 0.02361144146640090785, 0.02595055567079747327, 0.02828966987519403523, 0.03764612669278029344, 0.04232435510157342429, 0.04700258351036655513, 0.05635904032795283763, 0.06571549714553912014, 0.07039372555433225098, 0.07507195396312539570 ),
 .UNSPECIFIED. ) ;
#723 = CARTESIAN_POINT ( 'NONE',  ( -18.00000000000000355, -24.33756166466822535, -38.58924637690252268 ) ) ;
#724 = DATE_AND_TIME ( #1273, #7129 ) ;
#725 = CARTESIAN_POINT ( 'NONE',  ( 64.15434976976602854, -5.733841626741788211, -86.30782467801658697 ) ) ;
#726 = CARTESIAN_POINT ( 'NONE',  ( 167.8186020861832333, -2.750000000018812507, 29.78655518458758067 ) ) ;
#727 = CARTESIAN_POINT ( 'NONE',  ( -22.00000000000000355, -6.042206017373003668, 58.61996199853946621 ) ) ;
#728 = CARTESIAN_POINT ( 'NONE',  ( 36.86125283029715405, -46.05197166201079995, 5.551115123125782702E-14 ) ) ;
#729 = CARTESIAN_POINT ( 'NONE',  ( 17.00578313077529202, -5.147621312502573154, 53.58744811386062423 ) ) ;
#730 = CARTESIAN_POINT ( 'NONE',  ( 16.45247256967035554, -3.771168241283518796, 54.11365796018620244 ) ) ;
#731 = CARTESIAN_POINT ( 'NONE',  ( 139.1842759379918562, -47.26221975847406753, 31.17935705876514518 ) ) ;
#732 = CARTESIAN_POINT ( 'NONE',  ( 24.05707501594887177, -14.66208696415622370, -46.11041922000926974 ) ) ;
#733 = CARTESIAN_POINT ( 'NONE',  ( 94.56836728620521626, -4.135282802058910079, -93.69529957265963560 ) ) ;
#734 = CARTESIAN_POINT ( 'NONE',  ( 154.1661718964149372, -2.607624903533318194E-14, 63.75298784949958986 ) ) ;
#735 = CARTESIAN_POINT ( 'NONE',  ( 18.86746645456896587, -35.88460826632038447, -16.31529785674903010 ) ) ;
#736 = CARTESIAN_POINT ( 'NONE',  ( 19.66847802272762280, -1.440944052151808874, 53.06764268333098045 ) ) ;
#737 = CARTESIAN_POINT ( 'NONE',  ( 104.9291102061183807, -3.430911900466271369, 99.39923857833063892 ) ) ;
#738 = ORIENTED_EDGE ( 'NONE', *, *, #5022, .F. ) ;
#739 = CARTESIAN_POINT ( 'NONE',  ( 20.05478616721975627, -7.895502102705847847, 57.10784935924084493 ) ) ;
#740 = CARTESIAN_POINT ( 'NONE',  ( 20.41435995134894554, -5.456734896704992011, 60.29890244369532581 ) ) ;
#741 = CARTESIAN_POINT ( 'NONE',  ( 17.80974923605749893, -0.08333405353212887390, -49.78791731534361276 ) ) ;
#742 = CARTESIAN_POINT ( 'NONE',  ( 96.44318337911090566, -4.027997990735024736, 89.82702846332591662 ) ) ;
#743 = CARTESIAN_POINT ( 'NONE',  ( 171.6574690376274930, -5.466284611610504385, -27.69578101720676955 ) ) ;
#744 = CYLINDRICAL_SURFACE ( 'NONE', #4412, 2.999999999999999112 ) ;
#745 = CARTESIAN_POINT ( 'NONE',  ( 48.47028675092155936, -52.00047336375032359, 0.000000000000000000 ) ) ;
#746 = ADVANCED_FACE ( 'NONE', ( #3847 ), #6591, .F. ) ;
#747 = CARTESIAN_POINT ( 'NONE',  ( 116.9634407105112217, -1.821459649775647449E-14, 87.62768415128878985 ) ) ;
#748 = ORIENTED_EDGE ( 'NONE', *, *, #5881, .T. ) ;
#749 = ORIENTED_EDGE ( 'NONE', *, *, #2470, .F. ) ;
#750 = CARTESIAN_POINT ( 'NONE',  ( 16.31929526059431268, -4.204221124133948884, 50.39791684074979372 ) ) ;
#751 = CARTESIAN_POINT ( 'NONE',  ( 16.39985781801481224, -4.006925746928254206, 52.10054246980202208 ) ) ;
#752 = CARTESIAN_POINT ( 'NONE',  ( 165.5105134595004301, -2.775557561562891351E-14, 56.14849266142820738 ) ) ;
#753 = CARTESIAN_POINT ( 'NONE',  ( 26.17021995983046168, -1.394350684145000629, -61.95187898588976338 ) ) ;
#754 = CARTESIAN_POINT ( 'NONE',  ( 40.22756411879176142, -4.134168930968638023, -77.54107142396944141 ) ) ;
#755 = CARTESIAN_POINT ( 'NONE',  ( 76.84039205295114527, -3.999999999999878764, -93.78673301133824225 ) ) ;
#756 = CARTESIAN_POINT ( 'NONE',  ( 12.18889901163462319, -38.01062881165709939, 4.469247749987525609 ) ) ;
#757 = DIRECTION ( 'NONE',  ( 1.500332356076765934E-16, 1.000000000000000000, -0.000000000000000000 ) ) ;
#758 = CARTESIAN_POINT ( 'NONE',  ( 15.99182881364861686, -4.396390724850110843, 46.10694177738585608 ) ) ;
#759 = CARTESIAN_POINT ( 'NONE',  ( 80.62077072521412902, -5.156480036297936387, -90.02854257787345205 ) ) ;
#760 = COORDINATED_UNIVERSAL_TIME_OFFSET ( 5, 0, .AHEAD. ) ;
#761 = CARTESIAN_POINT ( 'NONE',  ( 38.97066700847200593, -4.168983674249856719, -76.65279186613442164 ) ) ;
#762 = CARTESIAN_POINT ( 'NONE',  ( 84.14035492144192574, 1.584998582646060549E-12, 87.36547101425315986 ) ) ;
#763 = CARTESIAN_POINT ( 'NONE',  ( 5.477892360697197205, -37.70711330116127868, -7.165429033768472067 ) ) ;
#764 = VECTOR ( 'NONE', #717, 1000.000000000000000 ) ;
#765 = CARTESIAN_POINT ( 'NONE',  ( 176.2009386210544619, -4.843351673694532344, 1.701938554364267109 ) ) ;
#766 = CARTESIAN_POINT ( 'NONE',  ( 20.81365974535965080, -7.866644563080492425, 58.15695892049970439 ) ) ;
#767 = CARTESIAN_POINT ( 'NONE',  ( 17.70455501653341912, -4.211230310874571892, 57.81898616451343997 ) ) ;
#768 = CARTESIAN_POINT ( 'NONE',  ( 24.04350924590755767, -11.75577950627519108, 49.75578593604371491 ) ) ;
#769 = CARTESIAN_POINT ( 'NONE',  ( 20.61271102000648270, -17.54574795514911756, -36.51859205973250511 ) ) ;
#770 = CARTESIAN_POINT ( 'NONE',  ( 116.6160150225172742, -4.018477150109456275, 85.97378395462351364 ) ) ;
#771 = CARTESIAN_POINT ( 'NONE',  ( 175.9625087989743975, -2.934642398521918517E-14, 29.65654462875907171 ) ) ;
#772 = CARTESIAN_POINT ( 'NONE',  ( 9.284810313883410160, -16.62581320567593579, -46.40139355222038375 ) ) ;
#773 = CARTESIAN_POINT ( 'NONE',  ( 10.80280895079786774, 4.274494973534129549, 51.22321473368408817 ) ) ;
#774 = CARTESIAN_POINT ( 'NONE',  ( 18.98776026037785414, -0.6207247342619484076, 54.15818538472789356 ) ) ;
#775 = CIRCLE ( 'NONE', #7241, 17.35301767440691734 ) ;
#776 = CARTESIAN_POINT ( 'NONE',  ( 16.39988661228196776, -4.108958858986225593, 51.70336004803132823 ) ) ;
#777 = CARTESIAN_POINT ( 'NONE',  ( 16.46897059123540075, -3.912603310114244781, 53.39861090543384137 ) ) ;
#778 = CARTESIAN_POINT ( 'NONE',  ( 16.01583762368317920, 3.183312734052515136, -56.97202799698251852 ) ) ;
#779 = CARTESIAN_POINT ( 'NONE',  ( 122.9113891466297872, -4.112547968729876935, 83.24538276050964214 ) ) ;
#780 = CARTESIAN_POINT ( 'NONE',  ( 166.7500784764430932, -5.486516435124515034, -40.32548413434847845 ) ) ;
#781 = CARTESIAN_POINT ( 'NONE',  ( 17.47391938428742719, -0.01324134608184573438, -48.17918177357054077 ) ) ;
#782 = AXIS2_PLACEMENT_3D ( 'NONE', #1409, #858, #7045 ) ;
#783 = CARTESIAN_POINT ( 'NONE',  ( 19.48586203952754303, -37.30658006395322701, 11.23413493275065456 ) ) ;
#784 = CARTESIAN_POINT ( 'NONE',  ( 166.3541641710597219, -3.469446951953614189E-15, -33.10245240624724516 ) ) ;
#785 = ADVANCED_FACE ( 'NONE', ( #4465 ), #3693, .F. ) ;
#786 = ORIENTED_EDGE ( 'NONE', *, *, #3795, .T. ) ;
#787 = CARTESIAN_POINT ( 'NONE',  ( 16.32027233163355362, -4.207249346026195269, 50.40268980442568392 ) ) ;
#788 = CARTESIAN_POINT ( 'NONE',  ( 21.10280303078838315, -7.348932814705730898, 59.06133921434017964 ) ) ;
#789 = CARTESIAN_POINT ( 'NONE',  ( 137.9420239010604803, -2.428612866367529932E-14, -93.16953611032808169 ) ) ;
#790 = CARTESIAN_POINT ( 'NONE',  ( 27.02648899304733021, -1.503280073253920657, -62.76753320772819933 ) ) ;
#791 = CARTESIAN_POINT ( 'NONE',  ( 161.3226200937960186, -4.733657886226835920, -53.00368972390972999 ) ) ;
#792 = CARTESIAN_POINT ( 'NONE',  ( 38.81021181697008160, -4.000000000000009770, -76.81251079344482946 ) ) ;
#793 = CARTESIAN_POINT ( 'NONE',  ( -1.037034476064111033, -5.500000000000017764, -58.92672230857209570 ) ) ;
#794 = CARTESIAN_POINT ( 'NONE',  ( -2.059816928762590926, -1.713134870361513462, -60.94916530810810684 ) ) ;
#795 = ORIENTED_EDGE ( 'NONE', *, *, #5264, .F. ) ;
#796 = FACE_OUTER_BOUND ( 'NONE', #3582, .T. ) ;
#797 = CARTESIAN_POINT ( 'NONE',  ( 176.4240133239463830, -5.144867803548272001, 5.696354957692888910 ) ) ;
#798 = CARTESIAN_POINT ( 'NONE',  ( 175.0870075635406238, -6.011658865952106190, 2.248309346868121228 ) ) ;
#799 = CARTESIAN_POINT ( 'NONE',  ( 176.9097511258305531, -3.816391647148975608E-14, -5.710574814190889192 ) ) ;
#800 = CARTESIAN_POINT ( 'NONE',  ( -1.197062346078948014, -37.45203549276698141, -8.939375057705367666 ) ) ;
#801 = CARTESIAN_POINT ( 'NONE',  ( 140.4098565364498086, -4.481915242111167430, -89.56197027659602838 ) ) ;
#802 = B_SPLINE_CURVE_WITH_KNOTS ( 'NONE', 3,
 ( #5536, #4469, #6669, #491 ),
 .UNSPECIFIED., .F., .F.,
 ( 4, 4 ),
 ( 3.456042602294109518E-06, 0.004003074382023562652 ),
 .UNSPECIFIED. ) ;
#803 = CARTESIAN_POINT ( 'NONE',  ( 16.41189871375227227, -4.078435201404210453, 51.96027533804785037 ) ) ;
#804 = CARTESIAN_POINT ( 'NONE',  ( 18.41454527864932800, -4.205541661105159257, 59.11166591092838019 ) ) ;
#805 = CARTESIAN_POINT ( 'NONE',  ( -13.74273608753901499, -6.042206017369073479, 56.34055965669474375 ) ) ;
#806 = CARTESIAN_POINT ( 'NONE',  ( 24.04310667259269962, -11.67840071839044214, 49.85043498304595033 ) ) ;
#807 = CARTESIAN_POINT ( 'NONE',  ( 83.93491452727151625, -4.130519788307640994, -93.59078777927382475 ) ) ;
#808 = CARTESIAN_POINT ( 'NONE',  ( 143.1768340970401994, -2.442748312810723881E-14, 73.08497860530989954 ) ) ;
#809 = CARTESIAN_POINT ( 'NONE',  ( 18.44644622644443288, -34.91648633331480767, -19.70616939298717440 ) ) ;
#810 = CARTESIAN_POINT ( 'NONE',  ( 16.81162890096571871, -23.31183103950163726, 9.471619914172833887 ) ) ;
#811 = CARTESIAN_POINT ( 'NONE',  ( 148.1300069693848798, -37.01303407287551295, 123.4600139387698192 ) ) ;
#812 = CARTESIAN_POINT ( 'NONE',  ( 21.06683810773331800, -8.366418973785840763, 57.90961443094960970 ) ) ;
#813 = CARTESIAN_POINT ( 'NONE',  ( 18.03580989788801503, -4.998297272401613256, 57.25371545990365973 ) ) ;
#814 = CARTESIAN_POINT ( 'NONE',  ( 17.57543852627112102, -0.03650467787982041024, -48.65010634251986232 ) ) ;
#815 = CARTESIAN_POINT ( 'NONE',  ( 103.2060967915258658, -4.054319971200430750, 88.88986851494226471 ) ) ;
#816 = CARTESIAN_POINT ( 'NONE',  ( 190.4059769339612558, -6.042206017375301386, 1.273705867443690771E-14 ) ) ;
#817 = CARTESIAN_POINT ( 'NONE',  ( 0.4875835940434635196, -6.042206017373000115, -58.61996200337881646 ) ) ;
#818 = CARTESIAN_POINT ( 'NONE',  ( 165.5105134595004301, -2.775557561562891351E-14, 56.14849266142820738 ) ) ;
#819 = ORIENTED_EDGE ( 'NONE', *, *, #64, .T. ) ;
#820 = CARTESIAN_POINT ( 'NONE',  ( 16.16261181123467594, -3.710988115620307948, 49.60285354521811030 ) ) ;
#821 = CARTESIAN_POINT ( 'NONE',  ( 20.35477175784185633, -7.109413639485408609, 58.42655582018790028 ) ) ;
#822 = CARTESIAN_POINT ( 'NONE',  ( 21.22957914591017570, -5.854691731421723944E-15, -58.31644400107919779 ) ) ;
#823 = CARTESIAN_POINT ( 'NONE',  ( 93.03182921399697136, -4.029284645736222359, 89.97780413196977634 ) ) ;
#824 = CARTESIAN_POINT ( 'NONE',  ( 181.2189662812203892, -4.000000000000031086, 5.989464513700845316 ) ) ;
#825 = CARTESIAN_POINT ( 'NONE',  ( -11.00371113961835334, -37.74503835588895839, 6.871849672611033633 ) ) ;
#826 = CARTESIAN_POINT ( 'NONE',  ( -4.464693404027105572, -37.61782236266761004, 7.819952766188041693 ) ) ;
#827 = CARTESIAN_POINT ( 'NONE',  ( 21.26298721119609070, -13.73096670507954897, 51.88640145852703967 ) ) ;
#828 = CARTESIAN_POINT ( 'NONE',  ( 115.8755749560480410, -5.253961255854272316, -85.38354995751828369 ) ) ;
#829 = CARTESIAN_POINT ( 'NONE',  ( 162.2925802502592774, -6.147926781430046006, -45.54485249549578896 ) ) ;
#830 = ORIENTED_EDGE ( 'NONE', *, *, #110, .T. ) ;
#831 = CARTESIAN_POINT ( 'NONE',  ( 16.67793496154185462, -4.000000000000004441, -53.08340546273955596 ) ) ;
#832 = CARTESIAN_POINT ( 'NONE',  ( 47.26710432637255366, -9.905790037998817236E-15, -83.05424799377384204 ) ) ;
#833 = ADVANCED_FACE ( 'NONE', ( #299 ), #2578, .F. ) ;
#834 = CARTESIAN_POINT ( 'NONE',  ( 87.25499676963194418, -4.240957621055584603, -90.23405251767039204 ) ) ;
#835 = CARTESIAN_POINT ( 'NONE',  ( 16.41626801620509823, -4.069471304413494472, 52.04676595813744200 ) ) ;
#836 = CARTESIAN_POINT ( 'NONE',  ( 19.29835821362608073, -3.609189526513167046, 60.99334209896185399 ) ) ;
#837 = CARTESIAN_POINT ( 'NONE',  ( 185.3328331859800926, -6.042206017369103677, 4.163336342344337027E-14 ) ) ;
#838 = CARTESIAN_POINT ( 'NONE',  ( 20.27921276167167619, -7.995607363044797467, 49.76148078528903085 ) ) ;
#839 = CARTESIAN_POINT ( 'NONE',  ( 69.94857570990052409, -4.039170701899788440, -91.84072545593606662 ) ) ;
#840 = CARTESIAN_POINT ( 'NONE',  ( 127.9182458598121457, -2.213818776407068214E-14, 81.94595838359899176 ) ) ;
#841 = CARTESIAN_POINT ( 'NONE',  ( 162.1810656117806957, -22.85982702029322411, 9.280503943744276332E-15 ) ) ;
#842 = CARTESIAN_POINT ( 'NONE',  ( 10.17952613907827519, 4.270947642886497420, 50.27374708978024387 ) ) ;
#843 = EDGE_CURVE ( 'NONE', #5581, #5652, #5290, .T. ) ;
#844 = CARTESIAN_POINT ( 'NONE',  ( 62.23670727890232968, -56.48968423887144752, 0.000000000000000000 ) ) ;
#845 = CARTESIAN_POINT ( 'NONE',  ( 20.04311451537705224, -7.801413198936456794, 57.20085764496185732 ) ) ;
#846 = CARTESIAN_POINT ( 'NONE',  ( 20.32432156780270915, -5.450776560478503896, 60.20598487364875240 ) ) ;
#847 = CARTESIAN_POINT ( 'NONE',  ( 13.61388011844060308, 3.910087690822155349, -54.71292503972861709 ) ) ;
#848 = CARTESIAN_POINT ( 'NONE',  ( 158.7443846160813337, -4.178364327094870490, 56.94706478356606993 ) ) ;
#849 = FACE_OUTER_BOUND ( 'NONE', #5039, .T. ) ;
#850 = CARTESIAN_POINT ( 'NONE',  ( 17.66190047383215145, -3.999999999999998224, 58.08921968243377165 ) ) ;
#851 = CARTESIAN_POINT ( 'NONE',  ( 27.64808966943321877, -6.722053469410127491E-15, -65.78919707471332856 ) ) ;
#852 = ORIENTED_EDGE ( 'NONE', *, *, #6953, .T. ) ;
#853 = CARTESIAN_POINT ( 'NONE',  ( 16.53443658448412990, -4.536107965671578590, 51.82133177850025163 ) ) ;
#854 = CARTESIAN_POINT ( 'NONE',  ( 20.51000034507239533, -7.164032863921818262, 58.56518750267371587 ) ) ;
#855 = CARTESIAN_POINT ( 'NONE',  ( 104.1031940807123419, -2.081668171172168513E-14, -104.0698661045872910 ) ) ;
#856 = CARTESIAN_POINT ( 'NONE',  ( 43.18485643756880421, -4.244808362093992926, -79.26867523306178498 ) ) ;
#857 = CARTESIAN_POINT ( 'NONE',  ( 56.57514945534300921, -4.000000000000039968, -87.62561698705961533 ) ) ;
#858 = DIRECTION ( 'NONE',  ( 0.9993908270190957621, 0.03489949670250101083, 0.000000000000000000 ) ) ;
#859 = CARTESIAN_POINT ( 'NONE',  ( 4.463725136716435671, -37.61773871137148006, 7.820558005466625495 ) ) ;
#860 = CARTESIAN_POINT ( 'NONE',  ( 20.66534871665267303, -13.27846057833455795, 51.65282495319534206 ) ) ;
#861 = CARTESIAN_POINT ( 'NONE',  ( 176.2228134537874098, -5.171664990373534110, -7.898595158527751181 ) ) ;
#862 = CARTESIAN_POINT ( 'NONE',  ( 107.3950488639522831, -5.836259499697968423, -86.52429598389487353 ) ) ;
#863 = CARTESIAN_POINT ( 'NONE',  ( 16.21135836929887830, -6.122332056419529600, -44.76374197320267001 ) ) ;
#864 = CARTESIAN_POINT ( 'NONE',  ( 57.31589416603481624, -1.141344249158489165E-14, -88.71299975946256211 ) ) ;
#865 = CARTESIAN_POINT ( 'NONE',  ( -9.000000000000005329, -38.30472695027329877, -3.659182332138577465E-15 ) ) ;
#866 = CARTESIAN_POINT ( 'NONE',  ( 177.8013569937757268, -4.000000000000023093, -51.63494963404193072 ) ) ;
#867 = CARTESIAN_POINT ( 'NONE',  ( 21.24622940515311953, -7.923518962262159349, 58.60089609616454709 ) ) ;
#868 = CARTESIAN_POINT ( 'NONE',  ( 17.03282881856997122, -3.956053639425297419, 56.57527569761209918 ) ) ;
#869 = CARTESIAN_POINT ( 'NONE',  ( 152.8722439315372412, -38.48506133258117501, 4.163336342344337027E-14 ) ) ;
#870 = CARTESIAN_POINT ( 'NONE',  ( 20.15395836678483477, -4.408790786274542128, 46.65222863291347721 ) ) ;
#871 = EDGE_CURVE ( 'NONE', #4076, #637, #6497, .T. ) ;
#872 = CARTESIAN_POINT ( 'NONE',  ( 110.5553969976568993, -4.045868158817611082, -91.95000073789526596 ) ) ;
#873 = CARTESIAN_POINT ( 'NONE',  ( 92.25121047498468840, -1.678694704075152974E-14, 90.08814402414026290 ) ) ;
#874 = CARTESIAN_POINT ( 'NONE',  ( 172.6772380009914514, -20.95902901126225970, 1.056591433571885005E-14 ) ) ;
#875 = CARTESIAN_POINT ( 'NONE',  ( 12.69955410015037423, -0.02748311517458776679, 48.63787902195824131 ) ) ;
#876 = CARTESIAN_POINT ( 'NONE',  ( 36.86125283029717536, -46.05197166201079284, 99.07749433940564643 ) ) ;
#877 = CARTESIAN_POINT ( 'NONE',  ( 16.37778844999579775, -4.043671957922998494, 51.66976611797228713 ) ) ;
#878 = AXIS2_PLACEMENT_3D ( 'NONE', #4352, #4315, #989 ) ;
#879 = CARTESIAN_POINT ( 'NONE',  ( 16.53388745867847476, -3.910354033619900527, 54.08637775168387662 ) ) ;
#880 = DIRECTION ( 'NONE',  ( 0.000000000000000000, 0.000000000000000000, -1.000000000000000000 ) ) ;
#881 = EDGE_CURVE ( 'NONE', #4974, #6749, #2685, .T. ) ;
#882 = CARTESIAN_POINT ( 'NONE',  ( 105.0272344711605967, -4.230599766949882046, -91.78633886514080586 ) ) ;
#883 = CARTESIAN_POINT ( 'NONE',  ( -9.511568403844734847E-15, -63.39640923772802950, 0.000000000000000000 ) ) ;
#884 = CARTESIAN_POINT ( 'NONE',  ( 15.98663230253230516, -4.000000000000014211, 45.78378992541683346 ) ) ;
#885 = VECTOR ( 'NONE', #3233, 1000.000000000000000 ) ;
#886 = CARTESIAN_POINT ( 'NONE',  ( 182.5790719110680982, -3.122502256758252770E-14, -39.80050962125837799 ) ) ;
#887 = VERTEX_POINT ( 'NONE', #5522 ) ;
#888 = CARTESIAN_POINT ( 'NONE',  ( 19.76747167402287531, -8.073415502973887214, 56.44791381939371178 ) ) ;
#889 = CARTESIAN_POINT ( 'NONE',  ( 16.45118693194118720, -3.981496757652668084, 52.83509946904870702 ) ) ;
#890 = CARTESIAN_POINT ( 'NONE',  ( 69.74784705189665601, -1.561251128379126385E-14, -97.91751093662105632 ) ) ;
#891 = CIRCLE ( 'NONE', #1829, 98.93283318597700315 ) ;
#892 = CARTESIAN_POINT ( 'NONE',  ( 71.95140815260694467, -4.488229191503526394, -90.31519387358308393 ) ) ;
#893 = CARTESIAN_POINT ( 'NONE',  ( 180.8376442092735488, -4.000000000000030198, 9.555884150508379804 ) ) ;
#894 = CARTESIAN_POINT ( 'NONE',  ( -5.313435374262209798, -36.94292464907716322, 11.80893885914101382 ) ) ;
#895 = CARTESIAN_POINT ( 'NONE',  ( -6.727315642333835832, -37.84988127807959302, 6.006672367218828690 ) ) ;
#896 = APPROVAL_PERSON_ORGANIZATION ( #210, #15, #5292 ) ;
#897 = CARTESIAN_POINT ( 'NONE',  ( 15.99696904403247188, -4.707295138474954399, 46.32504265033320934 ) ) ;
#898 = CARTESIAN_POINT ( 'NONE',  ( 68.82850963261778077, -5.058896694658783666, -88.36126536723661218 ) ) ;
#899 = CARTESIAN_POINT ( 'NONE',  ( 80.70543123429267496, -5.699136600683323728, -89.04015204272000972 ) ) ;
#900 = CARTESIAN_POINT ( 'NONE',  ( 21.61159556427555373, -5.462431797043618253, -61.57895417298308161 ) ) ;
#901 = CARTESIAN_POINT ( 'NONE',  ( 64.63417404773237251, -1.273100898351933683E-14, -91.58157487736600899 ) ) ;
#902 = CARTESIAN_POINT ( 'NONE',  ( 115.1046982445867854, -5.835499999991992759, 82.06657780799734780 ) ) ;
#903 = CARTESIAN_POINT ( 'NONE',  ( -1.615779870014155684, -7.398014790541382446, 6.938893903907228378E-14 ) ) ;
#904 = CARTESIAN_POINT ( 'NONE',  ( 16.39936572384403846, -4.037193793348772708, 51.96808675602980543 ) ) ;
#905 = CARTESIAN_POINT ( 'NONE',  ( 16.64164435927078500, -3.845443922828064132, 55.18824217980508706 ) ) ;
#906 = DIRECTION ( 'NONE',  ( -1.500332356076765934E-16, -1.000000000000000000, 0.000000000000000000 ) ) ;
#907 = CARTESIAN_POINT ( 'NONE',  ( 46.01122064240052367, -9.849411751702857752E-15, 78.23079713165357418 ) ) ;
#908 = CARTESIAN_POINT ( 'NONE',  ( 47.36341447438339003, -4.021884966075450762, -82.55967942037352714 ) ) ;
#909 = ORIENTED_EDGE ( 'NONE', *, *, #349, .T. ) ;
#910 = DIRECTION ( 'NONE',  ( 1.500332356076766180E-16, 1.000000000000000000, -0.000000000000000000 ) ) ;
#911 = LINE ( 'NONE', #6574, #3834 ) ;
#912 = CARTESIAN_POINT ( 'NONE',  ( 2.054359931500186587, -3.430911900466257602, 55.50099769745939682 ) ) ;
#913 = CARTESIAN_POINT ( 'NONE',  ( 124.5262056591863313, -33.24540241821885900, -65.08550421851244039 ) ) ;
#914 = CARTESIAN_POINT ( 'NONE',  ( 16.40021895140128194, -4.090714532528973990, 51.77271022345372842 ) ) ;
#915 = CARTESIAN_POINT ( 'NONE',  ( 19.67887258621371060, -4.980875216303809694, 59.95845347872061382 ) ) ;
#916 = CARTESIAN_POINT ( 'NONE',  ( 21.13163431349625654, -6.116646914196834156E-15, -58.19630096058116209 ) ) ;
#917 = CARTESIAN_POINT ( 'NONE',  ( 0.5947848652582570228, -41.48887806865668182, 8.999549820575335701 ) ) ;
#918 = CARTESIAN_POINT ( 'NONE',  ( 179.0340789524217087, -4.212511534928225387, 5.864673147649837937 ) ) ;
#919 = CARTESIAN_POINT ( 'NONE',  ( 42.57113193010439289, -9.333284111419621584E-15, -79.79094169908121614 ) ) ;
#920 = CARTESIAN_POINT ( 'NONE',  ( 18.47943030951309851, -41.85810511755778407, -6.287268644704050224 ) ) ;
#921 = CARTESIAN_POINT ( 'NONE',  ( 3.566661412365963013, -4.274354752750652686, -55.02901894831734353 ) ) ;
#922 = ORIENTED_EDGE ( 'NONE', *, *, #4098, .F. ) ;
#923 = VERTEX_POINT ( 'NONE', #3729 ) ;
#924 = CARTESIAN_POINT ( 'NONE',  ( 21.43245391051154058, -8.922617752205409758, 57.71883493924853781 ) ) ;
#925 = CARTESIAN_POINT ( 'NONE',  ( 20.61530657716965820, -6.791361320124307710, 59.10369646144737033 ) ) ;
#926 = CARTESIAN_POINT ( 'NONE',  ( -12.85074974332683873, -38.20392438412554981, 2.010643303558979245 ) ) ;
#927 = CARTESIAN_POINT ( 'NONE',  ( 70.25300978863693047, -4.481470002412474507, -89.98650350914495277 ) ) ;
#928 = CARTESIAN_POINT ( 'NONE',  ( 117.9024141413422058, -4.000000000000021316, -91.25393485532272564 ) ) ;
#929 = CARTESIAN_POINT ( 'NONE',  ( 24.07132041759799534, -25.52504974229632140, -26.62730682254903414 ) ) ;
#930 = EDGE_CURVE ( 'NONE', #1297, #3635, #5567, .T. ) ;
#931 = CARTESIAN_POINT ( 'NONE',  ( 21.44981143900721321, -13.08498963357273581, 52.92487721875149731 ) ) ;
#932 = CARTESIAN_POINT ( 'NONE',  ( 172.3913895804967069, 6.721624980880682554E-11, 9.691317847563508892 ) ) ;
#933 = CARTESIAN_POINT ( 'NONE',  ( 165.1143632432383299, -4.799706847679658495, 44.64911530939757256 ) ) ;
#934 = CARTESIAN_POINT ( 'NONE',  ( 16.62502357876920911, -17.96815377065898289, -39.60256636125706819 ) ) ;
#935 = CARTESIAN_POINT ( 'NONE',  ( 103.7866392106579809, -1.853978984179549385E-14, -95.06308567288257905 ) ) ;
#936 = CARTESIAN_POINT ( 'NONE',  ( 159.6817638459687885, -18.37368576389108910, -46.02416551369779540 ) ) ;
#937 = CARTESIAN_POINT ( 'NONE',  ( 21.59317250115437048, -10.94374015252499888, 55.62333159294009732 ) ) ;
#938 = EDGE_LOOP ( 'NONE', ( #3853, #2860, #3592, #268, #3380, #4819, #3923 ) ) ;
#939 = CARTESIAN_POINT ( 'NONE',  ( 19.19414377011735340, -3.639982397887850496, 60.84483309893906267 ) ) ;
#940 = CARTESIAN_POINT ( 'NONE',  ( 0.000000000000000000, 0.000000000000000000, 0.000000000000000000 ) ) ;
#941 = CARTESIAN_POINT ( 'NONE',  ( 20.79797369459906875, -22.85097683140972435, 25.68044000184884368 ) ) ;
#942 = CARTESIAN_POINT ( 'NONE',  ( 91.05006131718651829, -4.044179738780690592, -94.43235379376129401 ) ) ;
#943 = VERTEX_POINT ( 'NONE', #404 ) ;
#944 = CARTESIAN_POINT ( 'NONE',  ( 3.438033213087464457, -5.942206017373005800, 54.04319279652568753 ) ) ;
#945 = PLANE ( 'NONE',  #6408 ) ;
#946 = CARTESIAN_POINT ( 'NONE',  ( 175.1322875692191872, -5.999729747268219171, 5.460313120107317175 ) ) ;
#947 = CARTESIAN_POINT ( 'NONE',  ( 21.30694621859712612, -8.257310941520094261, 58.30649991625416106 ) ) ;
#948 =( BOUNDED_SURFACE ( )  B_SPLINE_SURFACE ( 2, 3, ( 
 ( #2157, #3388, #4411, #544, #2795, #5040, #2199, #6211, #2832, #5075, #4520, #1163, #726, #1789, #3018, #4669, #6833, #6979, #5151, #2980, #171, #4086, #1864, #6910, #2423, #95, #653, #5739, #1310, #1275, #5260, #5222, #4122, #3608, #2458, #6353, #4048, #3569 ),
 ( #5813, #2908, #762, #4156, #1824, #213, #4631, #6282, #2345, #2383, #4704, #3055, #1349, #4597, #1237, #799, #6945, #1898, #6388, #5852, #4190, #5295, #3642, #246, #3495, #2494, #687, #4739, #2944, #6319, #1931, #6424, #1383, #3532, #5186, #133, #6871, #5776 ),
 ( #4224, #3190, #2111, #1971, #5948, #3781, #3747, #4369, #4880, #6456, #2670, #1559, #2078, #6602, #2563, #7052, #4811, #6018, #1416, #427, #3225, #3674, #4776, #2527, #5983, #972, #935, #5435, #4917, #901, #864, #832, #7125, #2006, #2598, #3710, #4261, #4846 ) ),
 .UNSPECIFIED., .F., .F., .F. ) 
 B_SPLINE_SURFACE_WITH_KNOTS ( ( 3, 3 ),
 ( 4, 2, 2, 2, 2, 2, 2, 2, 2, 2, 2, 2, 2, 2, 2, 2, 2, 2, 4 ),
 ( 0.000000000000000000, 1.000000000000000000 ),
 ( 1.381859501811729896, 1.630475548264077812, 1.879091594716425506, 2.127707641168773200, 2.376323687621121117, 2.624939734073469033, 2.873555780525816505, 3.122171826978163978, 3.370787873430511894, 3.619403919882859810, 3.868019966335207283, 4.116636012787554755, 4.365252059239902671, 4.613868105692249699, 4.862484152144597616, 5.111100198596945532, 5.235408221823119490, 5.297562233436206469, 5.359716245049293448 ),
 .UNSPECIFIED. ) 
 GEOMETRIC_REPRESENTATION_ITEM ( )  RATIONAL_B_SPLINE_SURFACE ( (
 ( 1.000000000000000000, 1.000000000000000000, 1.000000000000000000, 1.000000000000000000, 1.000000000000000000, 1.000000000000000000, 1.000000000000000000, 1.000000000000000000, 1.000000000000000000, 1.000000000000000000, 1.000000000000000000, 1.000000000000000000, 1.000000000000000000, 1.000000000000000000, 1.000000000000000000, 1.000000000000000000, 1.000000000000000000, 1.000000000000000000, 1.000000000000000000, 1.000000000000000000, 1.000000000000000000, 1.000000000000000000, 1.000000000000000000, 1.000000000000000000, 1.000000000000000000, 1.000000000000000000, 1.000000000000000000, 1.000000000000000000, 1.000000000000000000, 1.000000000000000000, 1.000000000000000000, 1.000000000000000000, 1.000000000000000000, 1.000000000000000000, 1.000000000000000000, 1.000000000000000000, 1.000000000000000000, 1.000000000000000000),
 ( 0.7071067842415778015, 0.7570450857010557755, 0.7892441933778154839, 0.8389289211362079834, 0.8562230228769183160, 0.8839716781955979652, 0.8942662344243684780, 0.9111730218866153086, 0.9177319931080412108, 0.9287063917653961553, 0.9331014215452289040, 0.9405581122911437220, 0.9436110924723877247, 0.9488377092373971866, 0.9510073304460140431, 0.9547337532444934993, 0.9562885786580546110, 0.9589460227423998173, 0.9600476399476978173, 0.9618946282681735127, 0.9626395206338508315, 0.9638251274010506409, 0.9642657103331875312, 0.9648595161594253344, 0.9650129894159231725, 0.9650129171459551625, 0.9637416165542536106, 0.9582006515530796520, 0.9540643259016996502, 0.9383844755009447258, 0.9280798091044928366, 0.8900395369358493625, 0.8736411384978816086, 0.8323973234965583723, 0.8157942931564124978, 0.7719325628770165038, 0.7447215971033802617, 0.7071067812819046283),
 ( 1.000000000000000000, 1.000000000000000000, 1.000000000000000000, 1.000000000000000000, 1.000000000000000000, 1.000000000000000000, 1.000000000000000000, 1.000000000000000000, 1.000000000000000000, 1.000000000000000000, 1.000000000000000000, 1.000000000000000000, 1.000000000000000000, 1.000000000000000000, 1.000000000000000000, 1.000000000000000000, 1.000000000000000000, 1.000000000000000000, 1.000000000000000000, 1.000000000000000000, 1.000000000000000000, 1.000000000000000000, 1.000000000000000000, 1.000000000000000000, 1.000000000000000000, 1.000000000000000000, 1.000000000000000000, 1.000000000000000000, 1.000000000000000000, 1.000000000000000000, 1.000000000000000000, 1.000000000000000000, 1.000000000000000000, 1.000000000000000000, 1.000000000000000000, 1.000000000000000000, 1.000000000000000000, 1.000000000000000000) ) ) 
 REPRESENTATION_ITEM ( '' )  SURFACE ( )  );
#949 = CARTESIAN_POINT ( 'NONE',  ( 20.11216123462643068, -4.986355004537673885, 60.45691687329431829 ) ) ;
#950 = CARTESIAN_POINT ( 'NONE',  ( 20.37196811767597637, -10.65177323093866413, 38.63318524612395777 ) ) ;
#951 = CARTESIAN_POINT ( 'NONE',  ( -7.793363356594785074, -42.02316387074253612, 4.511160816438319010 ) ) ;
#952 = CARTESIAN_POINT ( 'NONE',  ( 178.6940073588182827, -4.211105055900117300, 9.352609914778211575 ) ) ;
#953 = CARTESIAN_POINT ( 'NONE',  ( 20.03489402686382803, -0.9992341913334090719, -55.32298536028589098 ) ) ;
#954 = CARTESIAN_POINT ( 'NONE',  ( 16.20276095018481399, -4.304567040534543310, 48.76980866907205581 ) ) ;
#955 = CARTESIAN_POINT ( 'NONE',  ( 18.66386797911502882, -42.14940246799841361, -3.149917246558176398 ) ) ;
#956 = CARTESIAN_POINT ( 'NONE',  ( 30.99485569278642672, -8.239936510889833698E-15, -69.49395409819486247 ) ) ;
#957 = EDGE_LOOP ( 'NONE', ( #3555, #4072, #5618, #830 ) ) ;
#958 = CARTESIAN_POINT ( 'NONE',  ( 16.40496502927832267, -4.262663329477642371, 51.28257040180054815 ) ) ;
#959 = CARTESIAN_POINT ( 'NONE',  ( 18.71291152848315065, -6.083933427580658915, 57.10550250407168704 ) ) ;
#960 = CARTESIAN_POINT ( 'NONE',  ( -11.30354003843928545, -37.79919610428839860, 6.435491919562971397 ) ) ;
#961 = CARTESIAN_POINT ( 'NONE',  ( 162.0683953977021474, -4.444273558139677505, 50.82559259647799621 ) ) ;
#962 = CARTESIAN_POINT ( 'NONE',  ( 45.78319859757429811, -4.000000000000009770, -82.01520992405609434 ) ) ;
#963 = EDGE_CURVE ( 'NONE', #4283, #4076, #4327, .T. ) ;
#964 = CARTESIAN_POINT ( 'NONE',  ( 24.07071390326395388, -26.82836899018735011, -23.12863146196699304 ) ) ;
#965 = CARTESIAN_POINT ( 'NONE',  ( 21.58511872348713467, -12.38337109750422371, 53.93388149909014118 ) ) ;
#966 = APPROVAL ( #5698, 'UNSPECIFIED' ) ;
#967 = CARTESIAN_POINT ( 'NONE',  ( 46.41310157427238892, -4.680801924383328760, -80.58248175514117406 ) ) ;
#968 = CARTESIAN_POINT ( 'NONE',  ( 57.68980573332559914, 1.470019361922401373E-11, 82.06465523964946840 ) ) ;
#969 = CARTESIAN_POINT ( 'NONE',  ( 176.4636690760583804, -4.920430504974697250, -11.35244921265745788 ) ) ;
#970 = B_SPLINE_CURVE_WITH_KNOTS ( 'NONE', 3,
 ( #974, #537, #4919, #7163 ),
 .UNSPECIFIED., .F., .F.,
 ( 4, 4 ),
 ( 0.1404943933070661455, 0.7211989875417014195 ),
 .UNSPECIFIED. ) ;
#971 = CARTESIAN_POINT ( 'NONE',  ( 21.60948739773407823, -6.836040968407575136, -60.15828816775228205 ) ) ;
#972 = CARTESIAN_POINT ( 'NONE',  ( 111.7153856022391807, -1.968816571481790465E-14, -93.48499094550180644 ) ) ;
#973 = CARTESIAN_POINT ( 'NONE',  ( 18.77719939847388986, -6.836543716161899886E-12, 53.99627359746965993 ) ) ;
#974 = CARTESIAN_POINT ( 'NONE',  ( 103.7530176744068768, -53.01288504816877634, 0.000000000000000000 ) ) ;
#975 = CARTESIAN_POINT ( 'NONE',  ( 16.45886353005731806, -3.746740496043186486, 54.36396353693550054 ) ) ;
#976 = CARTESIAN_POINT ( 'NONE',  ( 24.01937062249713151, -7.696559866478726697, 54.51629424313725281 ) ) ;
#977 = CARTESIAN_POINT ( 'NONE',  ( 20.03494985149800556, -1.000832799697351838, 55.32291354440230435 ) ) ;
#978 = CARTESIAN_POINT ( 'NONE',  ( 71.67181229039198342, -4.039755504474325853, -92.23413907027084235 ) ) ;
#979 = ORIENTED_EDGE ( 'NONE', *, *, #5336, .F. ) ;
#980 = CARTESIAN_POINT ( 'NONE',  ( 99.14499999999993918, -64.66763823405520384, 1.560812345513301325E-15 ) ) ;
#981 = CARTESIAN_POINT ( 'NONE',  ( 8.999999999999991118, -63.39640923772802950, 1.102182119232617714E-15 ) ) ;
#982 = CARTESIAN_POINT ( 'NONE',  ( 172.7999645039342624, -2.750000000005643930, 5.502228282717877805E-09 ) ) ;
#983 = CARTESIAN_POINT ( 'NONE',  ( 174.4157798700142621, -7.398014790541394881, 1.077882430922710199E-14 ) ) ;
#984 = CARTESIAN_POINT ( 'NONE',  ( 16.41500589448734004, -4.125557913488834494, 51.82500457302060681 ) ) ;
#985 = CARTESIAN_POINT ( 'NONE',  ( 19.92458191062898365, -4.986032731980768240, 60.24562618619700771 ) ) ;
#986 = CARTESIAN_POINT ( 'NONE',  ( 20.68736949470953590, -19.68368694945196395, 21.90384285040384782 ) ) ;
#987 = FACE_OUTER_BOUND ( 'NONE', #4070, .T. ) ;
#988 = CARTESIAN_POINT ( 'NONE',  ( 55.23930875437074661, -4.158417262932959879, -86.00945144908516227 ) ) ;
#989 = DIRECTION ( 'NONE',  ( -1.000000000000000000, 1.500332356076765687E-16, 0.000000000000000000 ) ) ;
#990 = CARTESIAN_POINT ( 'NONE',  ( 21.49299271781906739, -11.53500942007670460, 54.81728645126008814 ) ) ;
#991 = CARTESIAN_POINT ( 'NONE',  ( 20.03489402686382803, -0.9992341913334090719, -55.32298536028589098 ) ) ;
#992 = DIRECTION ( 'NONE',  ( 1.500332356076765934E-16, 1.000000000000000000, -0.000000000000000000 ) ) ;
#993 = ORIENTED_EDGE ( 'NONE', *, *, #4762, .F. ) ;
#994 = AXIS2_PLACEMENT_3D ( 'NONE', #361, #1564, #2082 ) ;
#995 = VERTEX_POINT ( 'NONE', #1652 ) ;
#996 = CARTESIAN_POINT ( 'NONE',  ( 16.34233238723898651, -4.090559787596709462, 51.03758213201575700 ) ) ;
#997 = CARTESIAN_POINT ( 'NONE',  ( 20.74568095276206847, -6.398337244057656470, 59.67457800463919426 ) ) ;
#998 = CARTESIAN_POINT ( 'NONE',  ( 24.02014555489735415, -7.818006543214677251, -54.37735691311085162 ) ) ;
#999 = CARTESIAN_POINT ( 'NONE',  ( 170.4995506119627464, -4.474490580827137798, 35.83552088621674159 ) ) ;
#1000 = CARTESIAN_POINT ( 'NONE',  ( 170.6069607390505212, -3.430911900466282916, -55.97074480147555420 ) ) ;
#1001 = TOROIDAL_SURFACE ( 'NONE', #2776, 17.74499999999995481, 1.000000000000000000 ) ;
#1002 = CARTESIAN_POINT ( 'NONE',  ( 18.38857056989982297, -5.718540077764109464E-15, -54.88775978469627859 ) ) ;
#1003 = CARTESIAN_POINT ( 'NONE',  ( 19.38080618577165737, -11.39089172629529578, 51.89599919125406302 ) ) ;
#1004 = CIRCLE ( 'NONE', #1242, 5.000000000000004441 ) ;
#1005 = CARTESIAN_POINT ( 'NONE',  ( 87.43115237239989312, -5.450986921339818991, -89.63624189883968540 ) ) ;
#1006 = CARTESIAN_POINT ( 'NONE',  ( 32.20300258831865392, 1.154645035340137571E-11, 67.98211798691684749 ) ) ;
#1007 = CARTESIAN_POINT ( 'NONE',  ( 90.85947074924780509, -4.942167334968412540, -90.74648948022723971 ) ) ;
#1008 = CARTESIAN_POINT ( 'NONE',  ( 16.07472333379518403, -2.209616572415269431, -59.09002424307279711 ) ) ;
#1009 = DIRECTION ( 'NONE',  ( 0.000000000000000000, -0.000000000000000000, -1.000000000000000000 ) ) ;
#1010 = CARTESIAN_POINT ( 'NONE',  ( 10.68988785195210056, -1.000000000000004441, -41.90966391585580197 ) ) ;
#1011 = CARTESIAN_POINT ( 'NONE',  ( 20.34536719873064570, -23.68619686104764455, -39.70994965335954419 ) ) ;
#1012 = DIRECTION ( 'NONE',  ( 1.500332356076765934E-16, 1.000000000000000000, -0.000000000000000000 ) ) ;
#1013 = CARTESIAN_POINT ( 'NONE',  ( 86.39999999999999147, -63.39640923772802950, 0.000000000000000000 ) ) ;
#1014 = CARTESIAN_POINT ( 'NONE',  ( 186.7177003860440436, -4.277705893277930826, 5.683538336597281812E-14 ) ) ;
#1015 = CARTESIAN_POINT ( 'NONE',  ( 132.6573314405496546, -4.000000000001979750, -84.20541195779655652 ) ) ;
#1016 = EDGE_LOOP ( 'NONE', ( #795, #5209, #1266, #2064, #1992, #3197, #1547, #6832, #2481 ) ) ;
#1017 = CARTESIAN_POINT ( 'NONE',  ( 92.72097606034873252, -1.685742749150083108E-14, 90.07827337184191663 ) ) ;
#1018 = CARTESIAN_POINT ( 'NONE',  ( 121.6632290119285358, -5.012962860875565418, 82.66135119427426048 ) ) ;
#1019 = CARTESIAN_POINT ( 'NONE',  ( -3.162392933348501245, -5.207648404244976881, 179.1247858666969819 ) ) ;
#1020 = EDGE_CURVE ( 'NONE', #5294, #46, #6170, .T. ) ;
#1021 = CARTESIAN_POINT ( 'NONE',  ( 21.26036876332886294, -8.136684422755184443, 58.38546556641369989 ) ) ;
#1022 = CARTESIAN_POINT ( 'NONE',  ( 16.48322348420743921, -3.888547547766117329, 53.69171970133777450 ) ) ;
#1023 = CARTESIAN_POINT ( 'NONE',  ( 20.80701549529758765, -23.10990012657958914, -9.107941289175929711 ) ) ;
#1024 = CARTESIAN_POINT ( 'NONE',  ( 22.21932489484280993, -1.046129336559893153, -57.86463514573782163 ) ) ;
#1025 = CARTESIAN_POINT ( 'NONE',  ( 143.4605252333004444, -4.231645836360967472, -74.59883911937565415 ) ) ;
#1026 = CARTESIAN_POINT ( 'NONE',  ( 35.93201956091340321, -8.337196601106952191E-15, -74.38585176149159395 ) ) ;
#1027 = CARTESIAN_POINT ( 'NONE',  ( 20.61893083664389792, -10.95813803103092354, 54.35384829514671878 ) ) ;
#1028 = CARTESIAN_POINT ( 'NONE',  ( -5.900041507543328123, -37.75175228359282897, 6.821026234223526608 ) ) ;
#1029 = CARTESIAN_POINT ( 'NONE',  ( 20.52273374707239384, -5.510218801989872794, 52.98648194265904721 ) ) ;
#1030 = CARTESIAN_POINT ( 'NONE',  ( 19.65943315836007699, -1.218008762582405868, 54.87075886258833179 ) ) ;
#1031 = ORIENTED_EDGE ( 'NONE', *, *, #881, .F. ) ;
#1032 = CARTESIAN_POINT ( 'NONE',  ( 21.41230769097206021, -8.710038776163411711, 57.93006223841698699 ) ) ;
#1033 = CARTESIAN_POINT ( 'NONE',  ( 16.45729958075380495, -3.990558056235663731, 52.86282757905409113 ) ) ;
#1034 = CARTESIAN_POINT ( 'NONE',  ( -8.940617887711232115, -37.37145238664430025, 9.447202627864228930 ) ) ;
#1035 = CARTESIAN_POINT ( 'NONE',  ( 178.1287443520998011, -4.521044582802777434, -4.585999634907760303 ) ) ;
#1036 = CARTESIAN_POINT ( 'NONE',  ( 122.4881712645383232, -4.876102800190529329, 82.22112427179523308 ) ) ;
#1037 = CARTESIAN_POINT ( 'NONE',  ( 41.53416781811808534, -4.000000000000008882, -79.01512001355372661 ) ) ;
#1038 = CARTESIAN_POINT ( 'NONE',  ( 3.566661412365987438, -3.415547337018931096, 55.50959739608992294 ) ) ;
#1039 = CARTESIAN_POINT ( 'NONE',  ( 21.55031086483325353, -12.36112256134879850, 53.91857280334266278 ) ) ;
#1040 = CARTESIAN_POINT ( 'NONE',  ( 16.71731789432408988, -4.657837673727472705, 52.88130025098111986 ) ) ;
#1041 = CARTESIAN_POINT ( 'NONE',  ( 52.66605833017448646, -4.941134466727000962, -83.24575532940205846 ) ) ;
#1042 = CARTESIAN_POINT ( 'NONE',  ( 166.3541641711026671, -17.52655844906011851, -33.10245240626227314 ) ) ;
#1043 = CARTESIAN_POINT ( 'NONE',  ( 177.0204777875555919, -4.900577574682217552, 2.311534409987430205 ) ) ;
#1044 = CARTESIAN_POINT ( 'NONE',  ( 16.78495614690204008, -22.54802329739916189, 31.33339678857696597 ) ) ;
#1045 = DIRECTION ( 'NONE',  ( -1.000000000000000000, 1.499179000761618451E-16, 0.000000000000000000 ) ) ;
#1046 = CARTESIAN_POINT ( 'NONE',  ( 28.77435453420823208, -1.667078124844262765, -64.55792521649394189 ) ) ;
#1047 = CARTESIAN_POINT ( 'NONE',  ( -18.00000000000000711, -37.24753809675056004, -11.41428795664995199 ) ) ;
#1048 = CARTESIAN_POINT ( 'NONE',  ( -1.316742061238309169, -5.942206017373001359, 56.02695572213116293 ) ) ;
#1049 = CARTESIAN_POINT ( 'NONE',  ( 67.13519277914170402, -2.555844907419093204, 84.78059976888724236 ) ) ;
#1050 = CARTESIAN_POINT ( 'NONE',  ( 177.8751114512560889, -3.999999999999466649, -25.94798310543355768 ) ) ;
#1051 = CARTESIAN_POINT ( 'NONE',  ( 22.91293434784997274, -3.410603200056011808, -57.91793002780876520 ) ) ;
#1052 = EDGE_CURVE ( 'NONE', #4143, #6624, #6172, .T. ) ;
#1053 = CARTESIAN_POINT ( 'NONE',  ( 185.3328331859785294, -6.042206017371048787, 1.211577774917876842E-14 ) ) ;
#1054 = CARTESIAN_POINT ( 'NONE',  ( 169.8931336421787250, -13.47642778113339723, 166.9862672843574671 ) ) ;
#1055 = CARTESIAN_POINT ( 'NONE',  ( 16.40752941129944986, -4.087399098394926433, 51.87378471795825163 ) ) ;
#1056 = CARTESIAN_POINT ( 'NONE',  ( 18.80382708475377385, -4.559676000449577771, 59.26620108495640693 ) ) ;
#1057 = CARTESIAN_POINT ( 'NONE',  ( 18.42488348614240579, -0.3052815966076901644, 52.09450243836072048 ) ) ;
#1058 = DIRECTION ( 'NONE',  ( -1.500332356076765934E-16, -1.000000000000000000, 0.000000000000000000 ) ) ;
#1059 = CARTESIAN_POINT ( 'NONE',  ( 170.6566473527827270, -4.135499309575707549, -42.27894047794290344 ) ) ;
#1060 = CARTESIAN_POINT ( 'NONE',  ( 175.5660331367082847, -2.928693945876969201E-14, -35.02418320073066837 ) ) ;
#1061 = CARTESIAN_POINT ( 'NONE',  ( 21.56349492725095729, -10.78979787073804353, 55.77455518455182215 ) ) ;
#1062 = B_SPLINE_CURVE_WITH_KNOTS ( 'NONE', 3,
 ( #1393, #5271, #3030, #912 ),
 .UNSPECIFIED., .F., .F.,
 ( 4, 4 ),
 ( 0.06845666682342209375, 0.07164274925309548070 ),
 .UNSPECIFIED. ) ;
#1063 = CARTESIAN_POINT ( 'NONE',  ( 1.453065308803210165, -37.46016074541766017, 8.886729831474914576 ) ) ;
#1064 = CARTESIAN_POINT ( 'NONE',  ( 23.37457231333241481, -4.575577829296091359, 57.19889458091068946 ) ) ;
#1065 = DIRECTION ( 'NONE',  ( 1.500332356076765934E-16, 1.000000000000000000, -0.000000000000000000 ) ) ;
#1066 = CARTESIAN_POINT ( 'NONE',  ( 21.43281700964719505, -8.718276525988256864, 57.94403590007470939 ) ) ;
#1067 = CARTESIAN_POINT ( 'NONE',  ( 20.72715217124217446, -6.394822238838819395, 59.65773968237349578 ) ) ;
#1068 = CARTESIAN_POINT ( 'NONE',  ( 0.2880587300101906667, -0.06796391483603532457, 61.76695402849829009 ) ) ;
#1069 = CARTESIAN_POINT ( 'NONE',  ( 178.4912790648298540, -4.341286403440451913, 5.831622336066089041 ) ) ;
#1070 = CARTESIAN_POINT ( 'NONE',  ( 174.8913636941982190, -5.731086154883934469, -11.16278408753359308 ) ) ;
#1071 = CARTESIAN_POINT ( 'NONE',  ( 135.2516597373556237, -3.430911900466278475, -88.52712494736020687 ) ) ;
#1072 = CARTESIAN_POINT ( 'NONE',  ( -18.00000000000000000, -23.68619686104765165, 39.70994965335953708 ) ) ;
#1073 = CARTESIAN_POINT ( 'NONE',  ( 16.06630241209507304, -4.367497742493511304, 47.02103409923112309 ) ) ;
#1074 = ORIENTED_EDGE ( 'NONE', *, *, #4038, .T. ) ;
#1075 = CARTESIAN_POINT ( 'NONE',  ( 16.26433668482178163, -4.255353934591734166, 49.60236001630464386 ) ) ;
#1076 = CARTESIAN_POINT ( 'NONE',  ( 21.22280132269897024, -7.810332632639137351, 58.69695672594496472 ) ) ;
#1077 = CARTESIAN_POINT ( 'NONE',  ( 38.87465304974143976, -4.122334396492101760, -76.61726339495112370 ) ) ;
#1078 = CARTESIAN_POINT ( 'NONE',  ( 159.6817638459971249, -5.046509642262240854E-11, 46.02416551364240149 ) ) ;
#1079 = CARTESIAN_POINT ( 'NONE',  ( 137.6450262530637474, -4.614198201664914123, 74.60617764257946760 ) ) ;
#1080 = CARTESIAN_POINT ( 'NONE',  ( 16.51107020724160890, -14.70495615963563907, 32.76967737602558373 ) ) ;
#1081 = CARTESIAN_POINT ( 'NONE',  ( 17.22781444991050392, -5.530944188833542869E-15, -47.39739660319585823 ) ) ;
#1082 = CARTESIAN_POINT ( 'NONE',  ( 86.39999999999999147, -57.00057409172649869, 0.000000000000000000 ) ) ;
#1083 = CARTESIAN_POINT ( 'NONE',  ( -13.15518455823441357, -37.58412590509598061, 8.970993739684612223 ) ) ;
#1084 = FACE_OUTER_BOUND ( 'NONE', #3902, .T. ) ;
#1085 = CARTESIAN_POINT ( 'NONE',  ( 129.5141912840648786, -3.999999999999939160, 81.01896503219265355 ) ) ;
#1086 = ORIENTED_EDGE ( 'NONE', *, *, #207, .F. ) ;
#1087 = CARTESIAN_POINT ( 'NONE',  ( -22.00000000000000355, -5.942206024918096574, 58.67688095132923110 ) ) ;
#1088 = CARTESIAN_POINT ( 'NONE',  ( 139.1842759379912025, -47.26221975847444412, 6.464209457277154560E-15 ) ) ;
#1089 = CARTESIAN_POINT ( 'NONE',  ( 169.8931336421787535, -13.47642778113339901, 1.022495988656764058E-14 ) ) ;
#1090 = CARTESIAN_POINT ( 'NONE',  ( 20.68686804563797210, -8.010579604508548002, 57.83985975045266770 ) ) ;
#1091 = ADVANCED_FACE ( 'NONE', ( #7250, #3981, #6838 ), #5080, .F. ) ;
#1092 = CARTESIAN_POINT ( 'NONE',  ( 16.44817169783412680, -3.825005309523120456, 53.69725120749162528 ) ) ;
#1093 = CARTESIAN_POINT ( 'NONE',  ( 21.59317250115437048, -10.94374015252499888, 55.62333159294009732 ) ) ;
#1094 = CARTESIAN_POINT ( 'NONE',  ( -10.33109916815245910, -38.30841919535726703, 0.09805506666105698321 ) ) ;
#1095 = CARTESIAN_POINT ( 'NONE',  ( 171.7511119166722153, -4.117725830081792715, 36.36344644177224694 ) ) ;
#1096 = CARTESIAN_POINT ( 'NONE',  ( 177.7862208311424013, -2.962004140222198426E-14, -28.43639938364701791 ) ) ;
#1097 = CARTESIAN_POINT ( 'NONE',  ( 16.22647347042174459, -4.452758150170583740, 48.89703266345443211 ) ) ;
#1098 = CARTESIAN_POINT ( 'NONE',  ( -18.00000000000001066, -35.56912552474698686, 17.46746900106362332 ) ) ;
#1099 = CARTESIAN_POINT ( 'NONE',  ( 22.68943021192119502, -2.938744031711978622, 58.16461087845896571 ) ) ;
#1100 = DIRECTION ( 'NONE',  ( -1.000000000000000000, 0.000000000000000000, 0.000000000000000000 ) ) ;
#1101 = EDGE_LOOP ( 'NONE', ( #3107, #6824 ) ) ;
#1102 = CARTESIAN_POINT ( 'NONE',  ( 17.35221747258731995, -5.868478260181187345, 53.76213021817660831 ) ) ;
#1103 = CARTESIAN_POINT ( 'NONE',  ( 20.23488945776789194, -6.290553932351408584, 59.19264608105970638 ) ) ;
#1104 = CARTESIAN_POINT ( 'NONE',  ( 23.95488316438322940, -7.054632420331757636, -55.15759620384000073 ) ) ;
#1105 = CARTESIAN_POINT ( 'NONE',  ( 116.4481312749363440, -4.155831742218309977, 85.54773586443546662 ) ) ;
#1106 = CARTESIAN_POINT ( 'NONE',  ( 135.0138157346717094, -5.841279825708520335, -74.58753433715574488 ) ) ;
#1107 = CARTESIAN_POINT ( 'NONE',  ( 18.28722293923133080, -0.06659549985538071315, -54.18693293604008687 ) ) ;
#1108 = CARTESIAN_POINT ( 'NONE',  ( -18.00000000000000355, -6.042206017372983240, 53.98290812280555429 ) ) ;
#1109 = CARTESIAN_POINT ( 'NONE',  ( 16.12470728516431251, -4.239399185191548902, 47.80201773098261953 ) ) ;
#1110 = B_SPLINE_CURVE_WITH_KNOTS ( 'NONE', 3,
 ( #1832, #2317, #621, #2389 ),
 .UNSPECIFIED., .F., .F.,
 ( 4, 4 ),
 ( 9.697399036122160616E-19, 0.001773663470398165274 ),
 .UNSPECIFIED. ) ;
#1111 = ORIENTED_EDGE ( 'NONE', *, *, #7050, .F. ) ;
#1112 = CARTESIAN_POINT ( 'NONE',  ( 16.27059601487624008, -4.282297437997507394, 49.63304750481988492 ) ) ;
#1113 = CARTESIAN_POINT ( 'NONE',  ( 21.18076912389710742, -7.796451464887917737, 58.66514423153522273 ) ) ;
#1114 = CARTESIAN_POINT ( 'NONE',  ( 161.1552711224070720, -4.991141468608713438, 50.20550318905181086 ) ) ;
#1115 = CIRCLE ( 'NONE', #4876, 12.74499999999999567 ) ;
#1116 = DIRECTION ( 'NONE',  ( 1.500332356076765934E-16, 1.000000000000000000, -0.000000000000000000 ) ) ;
#1117 = CARTESIAN_POINT ( 'NONE',  ( 57.24534409287333858, -4.695982141151286982, -85.47541012564464324 ) ) ;
#1118 = ORIENTED_EDGE ( 'NONE', *, *, #1472, .T. ) ;
#1119 = CARTESIAN_POINT ( 'NONE',  ( 16.87125514256230119, -25.01930319641431666, 25.19920524173859278 ) ) ;
#1120 = DIRECTION ( 'NONE',  ( -0.000000000000000000, -0.000000000000000000, -1.000000000000000000 ) ) ;
#1121 = VECTOR ( 'NONE', #3755, 1000.000000000000000 ) ;
#1122 = CARTESIAN_POINT ( 'NONE',  ( -18.00000000000000355, -17.14624212638445755, -46.00880583653713529 ) ) ;
#1123 = VERTEX_POINT ( 'NONE', #1794 ) ;
#1124 = CARTESIAN_POINT ( 'NONE',  ( 67.59645620088231510, -5.942206017373012017, -163.9186153466992266 ) ) ;
#1125 = DIRECTION ( 'NONE',  ( 0.000000000000000000, 1.000000000000000000, 0.000000000000000000 ) ) ;
#1126 = CIRCLE ( 'NONE', #2780, 16.74499999999994060 ) ;
#1127 = EDGE_LOOP ( 'NONE', ( #2514, #5199, #6444, #6005 ) ) ;
#1128 = DIRECTION ( 'NONE',  ( -1.500332356076765934E-16, -1.000000000000000000, 0.000000000000000000 ) ) ;
#1129 = CARTESIAN_POINT ( 'NONE',  ( 164.6590043207027918, -4.000000000000027534, -56.32083941709115749 ) ) ;
#1130 = CARTESIAN_POINT ( 'NONE',  ( 176.6381031119214242, -4.240957621055596150, 180.4762062238428086 ) ) ;
#1131 = CARTESIAN_POINT ( 'NONE',  ( 16.39866797899952999, -4.069645506629087528, 51.83222509480947338 ) ) ;
#1132 = CARTESIAN_POINT ( 'NONE',  ( 16.47440991083882977, -3.808948514191968560, 54.08624750511270918 ) ) ;
#1133 = CARTESIAN_POINT ( 'NONE',  ( 20.03797964560770595, -2.362478004748785665, 50.61278705291316271 ) ) ;
#1134 = DIRECTION ( 'NONE',  ( 0.000000000000000000, -0.000000000000000000, 1.000000000000000000 ) ) ;
#1135 = CARTESIAN_POINT ( 'NONE',  ( 117.2145765230921199, -4.139328997286539469, -89.26202093925952852 ) ) ;
#1136 = CARTESIAN_POINT ( 'NONE',  ( 170.7040071953214806, -2.855747397517497708E-14, -45.89550651204279319 ) ) ;
#1137 = CARTESIAN_POINT ( 'NONE',  ( 69.04698232559310611, -53.01288504816876213, 1.859934741444604063E-15 ) ) ;
#1138 = CARTESIAN_POINT ( 'NONE',  ( 68.48343306732419933, -5.114802753787847323, 158.5841196499429486 ) ) ;
#1139 = CARTESIAN_POINT ( 'NONE',  ( 18.82837672200431101, -42.30756013076906896, -5.181181809388486052E-15 ) ) ;
#1140 = CARTESIAN_POINT ( 'NONE',  ( 22.59345117150972371, -2.750000000000003109, 58.25533732283666666 ) ) ;
#1141 = CARTESIAN_POINT ( 'NONE',  ( 16.42771420214812750, -4.223873820418313940, 51.64809101881380116 ) ) ;
#1142 = CARTESIAN_POINT ( 'NONE',  ( 16.62200932327774794, -4.190144769763595178, 53.61604989880273564 ) ) ;
#1143 = CARTESIAN_POINT ( 'NONE',  ( 20.22031446204237071, 0.4322338345491580358, -58.94538813702797597 ) ) ;
#1144 = CARTESIAN_POINT ( 'NONE',  ( 40.20164615649405704, -4.099819508894302800, -77.58519345597817107 ) ) ;
#1145 = CARTESIAN_POINT ( 'NONE',  ( 93.05455133449324023, -4.078332318611856522, 89.92951387858992973 ) ) ;
#1146 = CARTESIAN_POINT ( 'NONE',  ( 2.054359931500144842, -3.430911900466257602, -55.50099769745934708 ) ) ;
#1147 = CARTESIAN_POINT ( 'NONE',  ( -18.00000000000000711, -15.84325058705648281, 47.33309916941546902 ) ) ;
#1148 = EDGE_CURVE ( 'NONE', #2907, #2932, #3189, .T. ) ;
#1149 = CARTESIAN_POINT ( 'NONE',  ( 16.51813813858960600, -6.296942912638659351, 49.45986671344955710 ) ) ;
#1150 = ORIENTED_EDGE ( 'NONE', *, *, #1412, .T. ) ;
#1151 = CARTESIAN_POINT ( 'NONE',  ( 16.45007411075016179, -4.968679010501610982, 50.27538216420165895 ) ) ;
#1152 = CARTESIAN_POINT ( 'NONE',  ( 16.40732911804783356, -4.035466810438198770, 52.07330177826013085 ) ) ;
#1153 = CARTESIAN_POINT ( 'NONE',  ( 156.9807806532506618, 5.040785054791518037E-11, -50.06789516230773529 ) ) ;
#1154 = CARTESIAN_POINT ( 'NONE',  ( -22.00000000000000711, -5.942206017373002247, -58.67688095561792494 ) ) ;
#1155 = CARTESIAN_POINT ( 'NONE',  ( 103.1600641483976517, -4.175558173961792185, 88.67873921555401751 ) ) ;
#1156 = CARTESIAN_POINT ( 'NONE',  ( 16.71170377369546145, -20.45034978566276251, 20.08031026200936608 ) ) ;
#1157 = CARTESIAN_POINT ( 'NONE',  ( 8.538648456108790086, -42.15371864319431694, -2.904969089489922496 ) ) ;
#1158 = EDGE_CURVE ( 'NONE', #1437, #6476, #3714, .T. ) ;
#1159 = CARTESIAN_POINT ( 'NONE',  ( -18.00000000000001421, -37.93089155277799307, -5.377306963959529895 ) ) ;
#1160 = FACE_OUTER_BOUND ( 'NONE', #55, .T. ) ;
#1161 = FACE_OUTER_BOUND ( 'NONE', #1849, .T. ) ;
#1162 = EDGE_LOOP ( 'NONE', ( #6175, #4866, #1118, #2515, #2897 ) ) ;
#1163 = CARTESIAN_POINT ( 'NONE',  ( 165.0597632507051742, -2.750000000000035527, 36.45365936059778278 ) ) ;
#1164 = CARTESIAN_POINT ( 'NONE',  ( 90.92737835696668469, -4.000000000000017764, -95.91691525856543876 ) ) ;
#1165 = CARTESIAN_POINT ( 'NONE',  ( 130.1822993306762726, -49.66000481461368565, -24.73373366826456277 ) ) ;
#1166 = CARTESIAN_POINT ( 'NONE',  ( 21.28193183904014418, -8.144453604956924053, 58.40114674537651496 ) ) ;
#1167 = CARTESIAN_POINT ( 'NONE',  ( 16.46826498168460162, -3.805550071974690862, 54.04362328330862653 ) ) ;
#1168 = CARTESIAN_POINT ( 'NONE',  ( 21.44339998651289392, -27.93960669010706610, 28.68773101380196167 ) ) ;
#1169 = CARTESIAN_POINT ( 'NONE',  ( 20.97032213363533515, -27.78639038510362269, -4.975545954883236810 ) ) ;
#1170 = CARTESIAN_POINT ( 'NONE',  ( 165.0630055628611501, -4.111838424404333558, 48.63145758385149264 ) ) ;
#1171 = CARTESIAN_POINT ( 'NONE',  ( 163.3315100375581324, -2.745135437208735106E-14, -57.71419348480555556 ) ) ;
#1172 = CARTESIAN_POINT ( 'NONE',  ( 62.18275481095514579, -57.95386985700426408, -5.931514360986087986E-15 ) ) ;
#1173 = CARTESIAN_POINT ( 'NONE',  ( -18.00000000000000355, -37.35726566110294300, 10.85742725287913935 ) ) ;
#1174 = CARTESIAN_POINT ( 'NONE',  ( 19.23479000321794530, -0.8859157128060193287, 53.49388520569547723 ) ) ;
#1175 = CARTESIAN_POINT ( 'NONE',  ( 15.61056895401904754, -3.430911900466259823, 72.19690441541575865 ) ) ;
#1176 = EDGE_CURVE ( 'NONE', #3162, #2923, #2055, .T. ) ;
#1177 = CARTESIAN_POINT ( 'NONE',  ( 21.10581788623942501, -8.581957229100499518, 57.71709682509933970 ) ) ;
#1178 = CARTESIAN_POINT ( 'NONE',  ( 20.60910073166240508, -5.932184326529803542, 60.01582306385684262 ) ) ;
#1179 = CARTESIAN_POINT ( 'NONE',  ( 19.46981664190437655, -1.155706306422184415, -53.40484742920089190 ) ) ;
#1180 = CARTESIAN_POINT ( 'NONE',  ( 178.6835316357336865, -4.347356567862253662, -4.613630674923040687 ) ) ;
#1181 = CARTESIAN_POINT ( 'NONE',  ( 99.81814315620050593, -4.269705869187060188, 89.17025522223737255 ) ) ;
#1182 = CARTESIAN_POINT ( 'NONE',  ( 88.85877001910405681, -3.430911900466270481, -101.0816054509080573 ) ) ;
#1183 = CARTESIAN_POINT ( 'NONE',  ( -18.00000000000000355, -5.942206017373112381, -54.04319279652562358 ) ) ;
#1184 = CARTESIAN_POINT ( 'NONE',  ( 115.1046982446530791, 1.679365411166839751E-11, 82.06657780799322666 ) ) ;
#1185 = CARTESIAN_POINT ( 'NONE',  ( 21.62548951953657905, -11.61497984316113907, 54.88131666677448095 ) ) ;
#1186 = CARTESIAN_POINT ( 'NONE',  ( 16.39335147224653966, -4.779622122343447188, 50.09827190979402900 ) ) ;
#1187 = CARTESIAN_POINT ( 'NONE',  ( 17.01407111638982883, -5.082737028992431405, 53.75647531526109191 ) ) ;
#1188 = CARTESIAN_POINT ( 'NONE',  ( 150.9397100715113140, -5.046336169914644466E-11, -57.64604537604375878 ) ) ;
#1189 = ADVANCED_FACE ( 'NONE', ( #6393 ), #1621, .F. ) ;
#1190 = ORIENTED_EDGE ( 'NONE', *, *, #2325, .F. ) ;
#1191 = CARTESIAN_POINT ( 'NONE',  ( 165.4568411814713045, -4.610012723578116756, 44.84591040125861383 ) ) ;
#1192 = CARTESIAN_POINT ( 'NONE',  ( 21.41630473460000417, -29.98384980323951510, -23.17642467904001435 ) ) ;
#1193 = DIRECTION ( 'NONE',  ( 0.000000000000000000, -1.000000000000000000, -0.000000000000000000 ) ) ;
#1194 = CARTESIAN_POINT ( 'NONE',  ( -18.00000000000001421, -34.31216193593026986, -21.42708385315294350 ) ) ;
#1195 = PERSON_AND_ORGANIZATION ( #3785, #3494 ) ;
#1196 = CARTESIAN_POINT ( 'NONE',  ( 116.2214360951510344, -4.878103610300312809, 84.75947430225467372 ) ) ;
#1197 = EDGE_LOOP ( 'NONE', ( #5903, #1848, #16, #2892 ) ) ;
#1198 = CARTESIAN_POINT ( 'NONE',  ( 24.01937062268607193, -7.696559896086922592, -54.51629420926489189 ) ) ;
#1199 = CARTESIAN_POINT ( 'NONE',  ( 180.4603140215827750, -4.000000000000032863, -16.55868589743400676 ) ) ;
#1200 = CARTESIAN_POINT ( 'NONE',  ( 132.2111799546077009, -22.16292595220784989, -75.96649575733277970 ) ) ;
#1201 = CARTESIAN_POINT ( 'NONE',  ( 18.81429987297548578, -6.926860010621007646, 56.19320976434521953 ) ) ;
#1202 = CARTESIAN_POINT ( 'NONE',  ( 19.31600429096822324, -4.106594696119644006, 60.48143685349135268 ) ) ;
#1203 = CARTESIAN_POINT ( 'NONE',  ( -0.08571300623508627814, -5.525713322881868450, 58.91230544941154079 ) ) ;
#1204 = LINE ( 'NONE', #6359, #6879 ) ;
#1205 = CARTESIAN_POINT ( 'NONE',  ( 159.1756855968751267, -4.137478309457537584, -60.24256076706922869 ) ) ;
#1206 = CARTESIAN_POINT ( 'NONE',  ( 115.9386797501353641, -2.034085469945980297E-14, -91.88764055770850803 ) ) ;
#1207 = CARTESIAN_POINT ( 'NONE',  ( 21.61609090402861710, -4.922127860336232175, -62.13101582775298937 ) ) ;
#1208 = CARTESIAN_POINT ( 'NONE',  ( -18.00000000000000711, -32.15849263923279011, 26.52290886719154628 ) ) ;
#1209 = CARTESIAN_POINT ( 'NONE',  ( 19.14996943474915980, -0.8037611313211793229, 53.45511470010867328 ) ) ;
#1210 = DIRECTION ( 'NONE',  ( -1.000000000000000000, 1.500332356076765934E-16, 0.000000000000000000 ) ) ;
#1211 = CARTESIAN_POINT ( 'NONE',  ( 20.72198586662097952, -8.217979984470435539, 57.65096112680949147 ) ) ;
#1212 = CARTESIAN_POINT ( 'NONE',  ( 20.70865697279547391, -6.391266755520678799, 59.64085549480459747 ) ) ;
#1213 = CARTESIAN_POINT ( 'NONE',  ( 22.63365980318752335, -2.827943174575164864, -58.21856216157943464 ) ) ;
#1214 = PRODUCT_DEFINITION_SHAPE ( 'NONE', 'NONE',  #3500 ) ;
#1215 = CARTESIAN_POINT ( 'NONE',  ( 50.71372988497672907, -4.328207413724199704, -83.38043020966959773 ) ) ;
#1216 = CARTESIAN_POINT ( 'NONE',  ( 174.7230474025216722, -5.364902700948017689, 15.73784369224039104 ) ) ;
#1217 = CARTESIAN_POINT ( 'NONE',  ( 18.33332680607389165, -0.002283094185169022745, -54.69010609184229565 ) ) ;
#1218 = MANIFOLD_SOLID_BREP ( 'Cut-Revolve3[2]', #4528 ) ;
#1219 = CYLINDRICAL_SURFACE ( 'NONE', #4889, 9.000000000000000000 ) ;
#1220 = CARTESIAN_POINT ( 'NONE',  ( 164.3684868625472575, -5.887623494697213835E-11, -37.54138756071247229 ) ) ;
#1221 = CARTESIAN_POINT ( 'NONE',  ( 16.13875931266387198, -4.344611155336400188, 47.92318253698775976 ) ) ;
#1222 = CARTESIAN_POINT ( 'NONE',  ( 16.24517299038696194, -4.179330788666816510, 49.49636887256089324 ) ) ;
#1223 = CARTESIAN_POINT ( 'NONE',  ( 21.15979573909807598, -7.789453754863046697, 58.64917672528175530 ) ) ;
#1224 = CARTESIAN_POINT ( 'NONE',  ( 16.67208845979187615, -9.261211234296169325E-13, -51.03377212656962314 ) ) ;
#1225 = ORIENTED_EDGE ( 'NONE', *, *, #5517, .F. ) ;
#1226 = CARTESIAN_POINT ( 'NONE',  ( 38.80593830208869832, -4.078756958686064138, -76.61133297059905090 ) ) ;
#1227 = CARTESIAN_POINT ( 'NONE',  ( 169.3644360931020287, -3.999999999999892530, 42.99209689924443012 ) ) ;
#1228 = ORIENTED_EDGE ( 'NONE', *, *, #4243, .F. ) ;
#1229 = CARTESIAN_POINT ( 'NONE',  ( -2.061705349172013424, -36.74206730452498704, 12.77906479194030887 ) ) ;
#1230 = CARTESIAN_POINT ( 'NONE',  ( -2.128112536065012605, -1.853005014743647427, -60.87803553969398962 ) ) ;
#1231 = ORIENTED_EDGE ( 'NONE', *, *, #7072, .F. ) ;
#1232 = CARTESIAN_POINT ( 'NONE',  ( -18.00000000000000355, -6.042206017373003668, -53.98290812280542639 ) ) ;
#1233 = CIRCLE ( 'NONE', #3600, 9.000000000000000000 ) ;
#1234 = COORDINATED_UNIVERSAL_TIME_OFFSET ( 5, 0, .AHEAD. ) ;
#1235 = CARTESIAN_POINT ( 'NONE',  ( 158.8396593676054351, -6.159584437468883067, -51.26055394718825653 ) ) ;
#1236 = ORIENTED_EDGE ( 'NONE', *, *, #4975, .T. ) ;
#1237 = CARTESIAN_POINT ( 'NONE',  ( 176.4170960727622912, -3.816391647148975608E-14, 9.246261071522319241 ) ) ;
#1238 = CIRCLE ( 'NONE', #5596, 1.000000000000000888 ) ;
#1239 = CARTESIAN_POINT ( 'NONE',  ( 21.60093277436300596, -9.954948886655373030, -56.77491401344568089 ) ) ;
#1240 = CARTESIAN_POINT ( 'NONE',  ( 172.2276727422891440, -11.64686191744703159, -48.48623373892498734 ) ) ;
#1241 = CARTESIAN_POINT ( 'NONE',  ( 18.28258497502637780, -6.529253175500356221, 55.54740263242551634 ) ) ;
#1242 = AXIS2_PLACEMENT_3D ( 'NONE', #5606, #556, #3249 ) ;
#1243 = CARTESIAN_POINT ( 'NONE',  ( 16.46600532283261487, -3.804463292275564790, 54.02681204312629148 ) ) ;
#1244 = CARTESIAN_POINT ( 'NONE',  ( 24.07092111577576077, -26.48233141351669317, 24.21648337052315014 ) ) ;
#1245 = CARTESIAN_POINT ( 'NONE',  ( 24.06905223515424908, -29.65840900280221604, -12.68232285665140502 ) ) ;
#1246 = CARTESIAN_POINT ( 'NONE',  ( 159.3439932535278558, -4.034892987423750021, 57.41164413776688491 ) ) ;
#1247 = CARTESIAN_POINT ( 'NONE',  ( 181.3417673938549228, -3.015349155737949769E-14, -8.006615560943895815 ) ) ;
#1248 = CARTESIAN_POINT ( 'NONE',  ( 127.6788544974378823, -51.13139327542301515, 6.308429544192798198E-16 ) ) ;
#1249 = CARTESIAN_POINT ( 'NONE',  ( -2.822306880150945663, -4.109474330798549069, -59.69322472693345105 ) ) ;
#1250 = CARTESIAN_POINT ( 'NONE',  ( 18.97049017582439490, -0.6514735575428615144, 53.26741274616973243 ) ) ;
#1251 = EDGE_CURVE ( 'NONE', #6476, #4940, #4159, .T. ) ;
#1252 = CC_DESIGN_SECURITY_CLASSIFICATION ( #4429, ( #3384 ) ) ;
#1253 = CARTESIAN_POINT ( 'NONE',  ( 19.30754288280339637, -0.8974627120166793759, 54.43864790801398357 ) ) ;
#1254 = EDGE_LOOP ( 'NONE', ( #2086, #2375, #4571, #7272, #3178 ) ) ;
#1255 = CARTESIAN_POINT ( 'NONE',  ( 20.89405619526048952, -8.292629157589944455, 57.78072613470276053 ) ) ;
#1256 = CARTESIAN_POINT ( 'NONE',  ( 20.39640821300454121, -5.455581689641673115, 60.28044994651463639 ) ) ;
#1257 = CARTESIAN_POINT ( 'NONE',  ( 20.30259261953908378, -2.600392368660738196, -55.90097867381070529 ) ) ;
#1258 = CARTESIAN_POINT ( 'NONE',  ( 52.18776417594332173, -4.231331590559144651, -84.31465613218085764 ) ) ;
#1259 = CARTESIAN_POINT ( 'NONE',  ( 125.6262272481643549, -4.782271270489795612, 80.95661972723173960 ) ) ;
#1260 = CARTESIAN_POINT ( 'NONE',  ( 28.86298203278010632, -40.61698659684272172, 0.000000000000000000 ) ) ;
#1261 = CARTESIAN_POINT ( 'NONE',  ( 169.5541752803536326, 6.301328263184593554E-11, 23.95462078705079634 ) ) ;
#1262 = ORIENTED_EDGE ( 'NONE', *, *, #7162, .F. ) ;
#1263 = CARTESIAN_POINT ( 'NONE',  ( 16.33043426252186237, -4.242008047818985439, 50.44429954686965090 ) ) ;
#1264 = CARTESIAN_POINT ( 'NONE',  ( 17.03110822735406416, -4.959012103884277600, 54.08673013825276854 ) ) ;
#1265 = CARTESIAN_POINT ( 'NONE',  ( 12.31592636559009790, -5.204170427930421283E-15, 46.62979131484004824 ) ) ;
#1266 = ORIENTED_EDGE ( 'NONE', *, *, #1148, .T. ) ;
#1267 = CARTESIAN_POINT ( 'NONE',  ( 60.35478500806971880, -4.569302500651424737, -86.93945720689899304 ) ) ;
#1268 = CARTESIAN_POINT ( 'NONE',  ( 87.50466769861344574, -4.000000000001089795, -94.91161167159054912 ) ) ;
#1269 = DIRECTION ( 'NONE',  ( -1.500332356076765934E-16, -1.000000000000000000, 0.000000000000000000 ) ) ;
#1270 = CARTESIAN_POINT ( 'NONE',  ( 68.79978611128890975, -58.15464714294839155, 0.000000000000000000 ) ) ;
#1271 = ORIENTED_EDGE ( 'NONE', *, *, #3903, .T. ) ;
#1272 = CARTESIAN_POINT ( 'NONE',  ( 86.40000000000000568, -6.042206017372988569, 0.000000000000000000 ) ) ;
#1273 = CALENDAR_DATE ( 2026, 2, 6 ) ;
#1274 = CARTESIAN_POINT ( 'NONE',  ( 154.7429732231151434, -6.169199224474758658, -56.58496050796702548 ) ) ;
#1275 = CARTESIAN_POINT ( 'NONE',  ( 66.40077531235991160, -2.750000000000167422, -84.35791988506292682 ) ) ;
#1276 = CARTESIAN_POINT ( 'NONE',  ( 140.2592334290804956, -4.000000000000023093, 75.39168791042278883 ) ) ;
#1277 = CARTESIAN_POINT ( 'NONE',  ( 117.0138713668093118, -54.88020756833026326, 0.5802047147567919172 ) ) ;
#1278 = CARTESIAN_POINT ( 'NONE',  ( 20.00096689977164743, -7.515700926192073084, 57.47380400937586131 ) ) ;
#1279 = CARTESIAN_POINT ( 'NONE',  ( 19.59964802796576322, -4.057522453458741296, 60.85930182502485053 ) ) ;
#1280 = CARTESIAN_POINT ( 'NONE',  ( -7.415906130416238362, -13.94371515320612076, 52.78106892812662920 ) ) ;
#1281 = CARTESIAN_POINT ( 'NONE',  ( 20.87893506543345978, -25.16940715266227713, -19.11356417169567834 ) ) ;
#1282 = EDGE_CURVE ( 'NONE', #995, #3375, #3829, .T. ) ;
#1283 = CARTESIAN_POINT ( 'NONE',  ( 167.2815906832988446, -4.037191039243761104, 45.87094563719568896 ) ) ;
#1284 = CARTESIAN_POINT ( 'NONE',  ( 161.8616057092765743, -2.723081986968152761E-14, 55.08473263213065252 ) ) ;
#1285 = CARTESIAN_POINT ( 'NONE',  ( 127.6788544974378823, -51.13139327542300805, 82.55770899487576742 ) ) ;
#1286 = CARTESIAN_POINT ( 'NONE',  ( 104.0666035348815086, -57.00057409172649869, 0.000000000000000000 ) ) ;
#1287 = CARTESIAN_POINT ( 'NONE',  ( 18.16868722741777376, -0.05785558164045264545, 56.05906601781651943 ) ) ;
#1288 = CARTESIAN_POINT ( 'NONE',  ( 28.01497063148265099, -3.430911900466262043, 82.55134705514947768 ) ) ;
#1289 = CARTESIAN_POINT ( 'NONE',  ( 16.39749242675037166, -4.103489190480255289, 51.69357359092355608 ) ) ;
#1290 = CARTESIAN_POINT ( 'NONE',  ( 16.51076629327389966, -3.971397327924949039, 53.54233838071179008 ) ) ;
#1291 = CARTESIAN_POINT ( 'NONE',  ( 18.37841294135917636, 1.896115915116397543, -58.39315459177085899 ) ) ;
#1292 = CARTESIAN_POINT ( 'NONE',  ( 111.7206155068749354, -4.372426221300832694, -89.49057112000649283 ) ) ;
#1293 = CARTESIAN_POINT ( 'NONE',  ( 175.6975471235155339, -5.427582643521049910, -7.854649518124889873 ) ) ;
#1294 = DIRECTION ( 'NONE',  ( 1.500332356076765934E-16, 1.000000000000000000, -0.000000000000000000 ) ) ;
#1295 = CARTESIAN_POINT ( 'NONE',  ( 18.00549368199292743, -5.647621920287765122E-15, 53.41994144378550402 ) ) ;
#1296 = CARTESIAN_POINT ( 'NONE',  ( 166.3541641711269676, -6.307573267698108767E-11, 33.10245240620523788 ) ) ;
#1297 = VERTEX_POINT ( 'NONE', #5987 ) ;
#1298 = CARTESIAN_POINT ( 'NONE',  ( 19.46004346044159661, -8.027892399838702175, 55.96068510636511206 ) ) ;
#1299 = CARTESIAN_POINT ( 'NONE',  ( 16.32084636463487115, -3.862554839864853928, 51.72758962405802663 ) ) ;
#1300 = CARTESIAN_POINT ( 'NONE',  ( 154.3771864374678557, -2.775557561562891351E-14, 68.02134221334644337 ) ) ;
#1301 = CARTESIAN_POINT ( 'NONE',  ( -3.983580675414194694, -41.62043749698337081, 8.075788158952068585 ) ) ;
#1302 = CARTESIAN_POINT ( 'NONE',  ( 109.6763268937575617, -4.743872419738300650, -88.62363786218746498 ) ) ;
#1303 = CARTESIAN_POINT ( 'NONE',  ( 180.6163273610350757, -4.000000000000031086, -15.52017844350682374 ) ) ;
#1304 = DIRECTION ( 'NONE',  ( 0.000000000000000000, 0.7431926576407452689, -0.6690774795409617504 ) ) ;
#1305 = CARTESIAN_POINT ( 'NONE',  ( 15.98793176383496828, -4.237232337069920973, 45.95176226241060391 ) ) ;
#1306 = CARTESIAN_POINT ( 'NONE',  ( 176.6126262340616790, -5.159052430961019731, -1.103837660088966777 ) ) ;
#1307 = PERSON_AND_ORGANIZATION_ROLE ( 'creator' ) ;
#1308 = CARTESIAN_POINT ( 'NONE',  ( 104.0208325956286473, -6.179627821531036069, -86.74903079625937607 ) ) ;
#1309 = ORIENTED_EDGE ( 'NONE', *, *, #3590, .T. ) ;
#1310 = CARTESIAN_POINT ( 'NONE',  ( 80.56005450032233739, -2.750000000000167422, -86.49926399677130462 ) ) ;
#1311 = CARTESIAN_POINT ( 'NONE',  ( -5.488047778226658124, -37.71003556491748299, -7.139151394470314216 ) ) ;
#1312 = CARTESIAN_POINT ( 'NONE',  ( 165.6464086858339613, -18.81133930434819135, 1.501905440058578733 ) ) ;
#1313 = CARTESIAN_POINT ( 'NONE',  ( 16.19133011160926117, -3.631507622054921391, 50.85330724835631599 ) ) ;
#1314 = CARTESIAN_POINT ( 'NONE',  ( 18.60153579096915166, -4.195786656709717732, 59.42768180087541907 ) ) ;
#1315 = CARTESIAN_POINT ( 'NONE',  ( 40.61378573902864986, -50.78462308660628111, -0.9653811709553808962 ) ) ;
#1316 = CARTESIAN_POINT ( 'NONE',  ( 20.63828005063279747, -18.27794919535297424, -25.23898188887197591 ) ) ;
#1317 = CARTESIAN_POINT ( 'NONE',  ( 50.45966607764717793, -4.080560288028629579, -84.04771967096903040 ) ) ;
#1318 = B_SPLINE_CURVE_WITH_KNOTS ( 'NONE', 3,
 ( #501, #4956, #6567, #2113 ),
 .UNSPECIFIED., .F., .F.,
 ( 4, 4 ),
 ( 5.000000000000000311E-10, 0.01783675173601931285 ),
 .UNSPECIFIED. ) ;
#1319 = CARTESIAN_POINT ( 'NONE',  ( 177.6133156402464124, -2.959409987697851466E-14, 24.54430750504734959 ) ) ;
#1320 = CARTESIAN_POINT ( 'NONE',  ( 19.16846656581703101, -36.57365025343670339, -13.55920164191375932 ) ) ;
#1321 = CARTESIAN_POINT ( 'NONE',  ( 19.77569917031604874, -1.637461316662891964, 52.69377396365017319 ) ) ;
#1322 = CARTESIAN_POINT ( 'NONE',  ( 120.5261845643621399, -3.430911900466275810, 95.17846438171537216 ) ) ;
#1323 = ORIENTED_EDGE ( 'NONE', *, *, #7044, .T. ) ;
#1324 = EDGE_CURVE ( 'NONE', #5180, #923, #6177, .T. ) ;
#1325 = CARTESIAN_POINT ( 'NONE',  ( 16.40328953502168119, -4.117526851278676681, 51.71441871593010120 ) ) ;
#1326 = CARTESIAN_POINT ( 'NONE',  ( 17.01817408518836672, -4.560887258609406025, 54.95048664936524574 ) ) ;
#1327 = CARTESIAN_POINT ( 'NONE',  ( 13.10322865010640037, 0.1645048501774877270, -49.49311530814374294 ) ) ;
#1328 = CARTESIAN_POINT ( 'NONE',  ( 83.95538402925373589, -4.350095061977445887, -92.42564183901002650 ) ) ;
#1329 = CARTESIAN_POINT ( 'NONE',  ( 129.6887387865161827, -5.527487544308717915, -78.80595784582185104 ) ) ;
#1330 = CARTESIAN_POINT ( 'NONE',  ( -0.3235259904872093695, -5.500000000000007994, -58.92672230857212412 ) ) ;
#1331 = CARTESIAN_POINT ( 'NONE',  ( 68.73339646511841750, -57.00057409172649869, 2.163534947079801969E-15 ) ) ;
#1332 = CARTESIAN_POINT ( 'NONE',  ( 39.46055101436861179, -1.019150042136374168E-14, 74.80363292895221150 ) ) ;
#1333 = ORIENTED_EDGE ( 'NONE', *, *, #1176, .F. ) ;
#1334 = VERTEX_POINT ( 'NONE', #2711 ) ;
#1335 = CARTESIAN_POINT ( 'NONE',  ( 17.32278301650238816, -6.031968634747070013, 53.39645705900306183 ) ) ;
#1336 = CARTESIAN_POINT ( 'NONE',  ( 20.98178344040823973, -6.883720485944659906, 59.42257675584720289 ) ) ;
#1337 = CARTESIAN_POINT ( 'NONE',  ( -18.00000000000000355, -38.31026286157669603, -0.07350942406777116744 ) ) ;
#1338 = CARTESIAN_POINT ( 'NONE',  ( 8.941524415943268522, -42.25811821645622501, 1.180301402435224523 ) ) ;
#1339 = CARTESIAN_POINT ( 'NONE',  ( 119.6188132417694163, -4.254263842506114557, 84.25544696331141381 ) ) ;
#1340 = CARTESIAN_POINT ( 'NONE',  ( 53.39945006444006737, -3.999999999999958256, -86.14253189809674893 ) ) ;
#1341 = CARTESIAN_POINT ( 'NONE',  ( 8.641839740025485384, -37.33443194682667610, 9.683045654138881631 ) ) ;
#1342 = DIRECTION ( 'NONE',  ( -1.000000000000000000, 1.505836350674311495E-16, 0.000000000000000000 ) ) ;
#1343 = EDGE_CURVE ( 'NONE', #3661, #5430, #2700, .T. ) ;
#1344 = CARTESIAN_POINT ( 'NONE',  ( 16.96633956633202089, -8.668792628097152786, 48.95099412429806307 ) ) ;
#1345 = CARTESIAN_POINT ( 'NONE',  ( 46.33584148906344069, -4.561400052506153102, -80.68703815334185947 ) ) ;
#1346 = PERSON_AND_ORGANIZATION_ROLE ( 'creator' ) ;
#1347 = CARTESIAN_POINT ( 'NONE',  ( 67.45195308041719784, -5.805545377429074172, -86.94004541646233974 ) ) ;
#1348 = ORIENTED_EDGE ( 'NONE', *, *, #5247, .T. ) ;
#1349 = CARTESIAN_POINT ( 'NONE',  ( 171.0453258328183210, 2.176982720064603123E-11, 30.99939560108691694 ) ) ;
#1350 = CARTESIAN_POINT ( 'NONE',  ( 6.553021501046769615, -37.82937698333410026, -6.176034916126490693 ) ) ;
#1351 = CARTESIAN_POINT ( 'NONE',  ( 87.25340105260970347, -4.481915242111159436, -90.06564484795440251 ) ) ;
#1352 = CARTESIAN_POINT ( 'NONE',  ( 16.40714326180205873, -4.069312379925898782, 51.93742235234052629 ) ) ;
#1353 = CARTESIAN_POINT ( 'NONE',  ( 19.61336519750248897, -4.054965819579472885, 60.87703189061352305 ) ) ;
#1354 = CARTESIAN_POINT ( 'NONE',  ( 179.0824426214868197, -13.94371515320615096, 54.74696621714782907 ) ) ;
#1355 = CARTESIAN_POINT ( 'NONE',  ( 20.97651140968662631, -27.96362806132875178, -1.347709032395006279 ) ) ;
#1356 = VECTOR ( 'NONE', #3705, 1000.000000000000000 ) ;
#1357 = CARTESIAN_POINT ( 'NONE',  ( 93.06340216199208726, -4.002177178409799474, 90.03767265869949199 ) ) ;
#1358 = CARTESIAN_POINT ( 'NONE',  ( 166.9168278906190039, -2.798927121026403757E-14, 47.97426765905299817 ) ) ;
#1359 = CARTESIAN_POINT ( 'NONE',  ( 14.93894567251042105, -27.43802076136908497, -34.51344902012446170 ) ) ;
#1360 = CARTESIAN_POINT ( 'NONE',  ( -22.00000000000000355, -5.942206017373004023, 58.67688095561793915 ) ) ;
#1361 = CARTESIAN_POINT ( 'NONE',  ( 0.000000000000000000, -2.750000000000000000, 1.387778780781445676E-13 ) ) ;
#1362 = VECTOR ( 'NONE', #3165, 1000.000000000000000 ) ;
#1363 = CARTESIAN_POINT ( 'NONE',  ( 21.35753989011093168, -8.482802851822805579, 58.11706715327188277 ) ) ;
#1364 = CARTESIAN_POINT ( 'NONE',  ( 19.04629699082774863, -5.606046511788939313, 58.29009771481604218 ) ) ;
#1365 = CARTESIAN_POINT ( 'NONE',  ( 19.01291795560227627, 1.448149840311750092, -58.64836796636804905 ) ) ;
#1366 = CARTESIAN_POINT ( 'NONE',  ( 137.1726476463601898, -4.372252254439133345, -77.89627950683231461 ) ) ;
#1367 = CARTESIAN_POINT ( 'NONE',  ( 0.3926901491850126602, -5.867336362172118847, -58.71939403038491179 ) ) ;
#1368 = CARTESIAN_POINT ( 'NONE',  ( 86.40000000000000568, -5.942206017372988924, 0.000000000000000000 ) ) ;
#1369 = CARTESIAN_POINT ( 'NONE',  ( 19.64252135092612761, -2.895394625892010983E-12, -54.86225104426805643 ) ) ;
#1370 = CARTESIAN_POINT ( 'NONE',  ( 21.51008248245816290, -9.159238851217132549, 57.54445410521029203 ) ) ;
#1371 = CARTESIAN_POINT ( 'NONE',  ( 20.98660480013147733, -7.315187183469582521, 58.96759509101759278 ) ) ;
#1372 = CARTESIAN_POINT ( 'NONE',  ( 12.99916864489005341, -38.31026286157669603, -0.1470188481355377275 ) ) ;
#1373 = CARTESIAN_POINT ( 'NONE',  ( 44.67341748683167424, -4.295498872678378710, -80.11219337636002535 ) ) ;
#1374 = CARTESIAN_POINT ( 'NONE',  ( 41.53675366282536885, -4.000000000000005329, -78.91833235502865307 ) ) ;
#1375 = ADVANCED_FACE ( 'NONE', ( #4407, #1604 ), #5404, .F. ) ;
#1376 = CARTESIAN_POINT ( 'NONE',  ( -8.525486647330501100, -37.31941575394697708, 9.760040963121367597 ) ) ;
#1377 = CARTESIAN_POINT ( 'NONE',  ( -2.117557969458095712, -5.268840931624076518, 59.05619981092749526 ) ) ;
#1378 = APPLICATION_CONTEXT ( 'configuration controlled 3d designs of mechanical parts and assemblies' ) ;
#1379 = CARTESIAN_POINT ( 'NONE',  ( 15.98887802866871155, -4.276985305843523655, 45.99060983904617217 ) ) ;
#1380 = CARTESIAN_POINT ( 'NONE',  ( 146.6954258896844863, -5.245531910858321822, -67.55354276331827634 ) ) ;
#1381 = CARTESIAN_POINT ( 'NONE',  ( 175.0307890653847380, -6.036699678043698114, -4.446783141404935691 ) ) ;
#1382 = ORIENTED_EDGE ( 'NONE', *, *, #170, .F. ) ;
#1383 = CARTESIAN_POINT ( 'NONE',  ( 45.46643399895364723, -8.673617379884035472E-15, -78.04157443072081435 ) ) ;
#1384 = CARTESIAN_POINT ( 'NONE',  ( 0.5755630872645494112, -37.44232115611777800, -9.000796733568908081 ) ) ;
#1385 = CARTESIAN_POINT ( 'NONE',  ( 176.5143989447416573, -5.819594407529458557, -50.90791432265684335 ) ) ;
#1386 = CARTESIAN_POINT ( 'NONE',  ( 21.12458438942141470, -7.881593813090980838, 58.50949627969237099 ) ) ;
#1387 = CARTESIAN_POINT ( 'NONE',  ( 16.46216594524211274, -3.748666503730915700, 54.38360177790866601 ) ) ;
#1388 = CARTESIAN_POINT ( 'NONE',  ( 67.45423609069815996, -56.13001623236043969, 31.31519736068914384 ) ) ;
#1389 = CARTESIAN_POINT ( 'NONE',  ( 24.06962055606107143, -28.63309732846666478, 17.29516003320350492 ) ) ;
#1390 = CARTESIAN_POINT ( 'NONE',  ( 180.1447364416741834, -4.042894819988734234, -8.246791508797763015 ) ) ;
#1391 = CARTESIAN_POINT ( 'NONE',  ( 181.5099433136339258, -3.017872353477524484E-14, -2.094753176600604672 ) ) ;
#1392 = CARTESIAN_POINT ( 'NONE',  ( 129.4225117324600660, -49.79941641788195028, 2.258840264873899668E-14 ) ) ;
#1393 = CARTESIAN_POINT ( 'NONE',  ( 3.438033213087464457, -5.942206017373005800, 54.04319279652568753 ) ) ;
#1394 = CARTESIAN_POINT ( 'NONE',  ( 10.00285798478852861, -22.16292595220781791, 152.7942840304229151 ) ) ;
#1395 = CARTESIAN_POINT ( 'NONE',  ( 16.47186943201390008, -4.259672714532946713, 52.00198301151939972 ) ) ;
#1396 = CARTESIAN_POINT ( 'NONE',  ( 16.46979884328163735, -3.913494833606747214, 53.40303419833282561 ) ) ;
#1397 = CARTESIAN_POINT ( 'NONE',  ( 18.59077679675880290, 1.752450189519610513, -58.48593882704665248 ) ) ;
#1398 = CARTESIAN_POINT ( 'NONE',  ( 43.08574121215855968, -4.121172712132183946, -79.45384052215707982 ) ) ;
#1399 = CARTESIAN_POINT ( 'NONE',  ( 18.25858253230715533, -0.2298795119716823820, -51.56828230809026081 ) ) ;
#1400 = CARTESIAN_POINT ( 'NONE',  ( 17.02191479530416984, -38.53493886981198813, -21.51774038438034609 ) ) ;
#1401 = EDGE_CURVE ( 'NONE', #2407, #1334, #1233, .T. ) ;
#1402 = CARTESIAN_POINT ( 'NONE',  ( 42.02949804058361138, -9.540979117872439019E-15, -80.26449129850679753 ) ) ;
#1403 = ORIENTED_EDGE ( 'NONE', *, *, #2915, .T. ) ;
#1404 = CARTESIAN_POINT ( 'NONE',  ( 21.51832519984219516, -9.162825220933020987, 57.54978876982297464 ) ) ;
#1405 = CARTESIAN_POINT ( 'NONE',  ( 21.04714206720932168, -7.332906396407701699, 59.01662855348590142 ) ) ;
#1406 = CARTESIAN_POINT ( 'NONE',  ( 8.649769822941177466, -37.32460916158743203, 9.741974854497451375 ) ) ;
#1407 = CARTESIAN_POINT ( 'NONE',  ( 113.0065090274311359, -4.745486780526312565, -87.68169054283163177 ) ) ;
#1408 = CARTESIAN_POINT ( 'NONE',  ( 149.9023799708473916, -4.000000000000024869, 67.72117229824996798 ) ) ;
#1409 = CARTESIAN_POINT ( 'NONE',  ( 16.00243669192361651, -0.1395979868100040711, 0.000000000000000000 ) ) ;
#1410 = CARTESIAN_POINT ( 'NONE',  ( -8.989174558047324126, -38.27520053301270764, 0.7361230938950344971 ) ) ;
#1411 = CARTESIAN_POINT ( 'NONE',  ( 21.23407114009676988, -13.71019339458338315, 51.87587649765706743 ) ) ;
#1412 = EDGE_CURVE ( 'NONE', #943, #652, #412, .T. ) ;
#1413 = CARTESIAN_POINT ( 'NONE',  ( 50.99011637922990303, -4.731357157029208338, -82.80372714655121058 ) ) ;
#1414 = CARTESIAN_POINT ( 'NONE',  ( 128.5818353235841869, -4.990879189696315166, 79.25853946321157650 ) ) ;
#1415 = CARTESIAN_POINT ( 'NONE',  ( 16.08042766212263430, -2.372967163163854032, -58.92097030640321975 ) ) ;
#1416 = CARTESIAN_POINT ( 'NONE',  ( 175.1561116119790995, -2.828819438727966076E-14, -37.00609578058580951 ) ) ;
#1417 = CC_DESIGN_PERSON_AND_ORGANIZATION_ASSIGNMENT ( #5148, #6793, ( #3384 ) ) ;
#1418 = CARTESIAN_POINT ( 'NONE',  ( 13.16357022867876481, -1.000000000000005551, 46.09626967508021522 ) ) ;
#1419 = CARTESIAN_POINT ( 'NONE',  ( 176.7902860895648587, -4.000000000000022204, 1.713108072121842573 ) ) ;
#1420 = CARTESIAN_POINT ( 'NONE',  ( 16.46060371423326885, -4.148165771241403732, 52.26043674811931794 ) ) ;
#1421 = CARTESIAN_POINT ( 'NONE',  ( 17.29386118873001266, -3.961619969581485989, 57.25109170896245558 ) ) ;
#1422 = CARTESIAN_POINT ( 'NONE',  ( 19.11483119594128866, -38.48506133258115369, 37.85480819799125385 ) ) ;
#1423 = CARTESIAN_POINT ( 'NONE',  ( 20.37196811767701732, -10.65177323096812145, 38.63318524614167160 ) ) ;
#1424 = CARTESIAN_POINT ( 'NONE',  ( 83.92625906113474343, -4.042999254160967837, -94.17509756880269833 ) ) ;
#1425 = CARTESIAN_POINT ( 'NONE',  ( 125.2932862797545255, -2.174435658493527673E-14, 83.08950381612538649 ) ) ;
#1426 = CARTESIAN_POINT ( 'NONE',  ( 173.6961183575456005, -8.393860744281793629, 1.069069119245567347E-14 ) ) ;
#1427 = CARTESIAN_POINT ( 'NONE',  ( 13.61388011845096102, 3.910087690821448358, 54.71292503974172661 ) ) ;
#1428 = CARTESIAN_POINT ( 'NONE',  ( 129.7057601949883292, -49.66000481461365013, 5.303426060743531573E-15 ) ) ;
#1429 = EDGE_CURVE ( 'NONE', #82, #4519, #3455, .T. ) ;
#1430 = CARTESIAN_POINT ( 'NONE',  ( 21.33149324691760640, -8.266340922269474589, 58.32410330763293871 ) ) ;
#1431 = CARTESIAN_POINT ( 'NONE',  ( 16.68176195743949108, -4.119506171590814780, 54.31831375255053729 ) ) ;
#1432 = CARTESIAN_POINT ( 'NONE',  ( 15.19182859044902401, 3.484327440936417997, -56.28069558439874953 ) ) ;
#1433 = CARTESIAN_POINT ( 'NONE',  ( 170.0781216427750451, -4.226281752877367737, -41.98768178341946822 ) ) ;
#1434 = CARTESIAN_POINT ( 'NONE',  ( 86.39999999999999147, -57.00057409172649869, 0.000000000000000000 ) ) ;
#1435 = CARTESIAN_POINT ( 'NONE',  ( 16.97404873006735926, -4.000000000000068390, 56.23920124838873846 ) ) ;
#1436 = CARTESIAN_POINT ( 'NONE',  ( 120.1624702341095912, -2.081668171172168513E-14, -100.8964603984405528 ) ) ;
#1437 = VERTEX_POINT ( 'NONE', #2637 ) ;
#1438 = ORIENTED_EDGE ( 'NONE', *, *, #4217, .F. ) ;
#1439 = CARTESIAN_POINT ( 'NONE',  ( 16.37536562097743342, -4.177169658188853774, 51.18299712097703491 ) ) ;
#1440 = CARTESIAN_POINT ( 'NONE',  ( 16.25704514798523093, -3.702886213907504498, 51.77495011806221470 ) ) ;
#1441 = CARTESIAN_POINT ( 'NONE',  ( 5.419463792143571546, -36.93989508445147152, 11.82417759870345897 ) ) ;
#1442 = CARTESIAN_POINT ( 'NONE',  ( 177.8562586936805872, -4.523716504082691436, -8.039160363447907187 ) ) ;
#1443 = CARTESIAN_POINT ( 'NONE',  ( 63.08494194111949582, -4.000000000000390799, -90.30143152529713291 ) ) ;
#1444 = CARTESIAN_POINT ( 'NONE',  ( -4.129023260414145469, -36.84524533788079736, 12.29299609648233016 ) ) ;
#1445 = CARTESIAN_POINT ( 'NONE',  ( -22.00000000000000355, -1.296287155650325696E-14, 61.79999999999999716 ) ) ;
#1446 = CARTESIAN_POINT ( 'NONE',  ( 21.20521603541695654, -13.68930846886883934, 51.86526608766419599 ) ) ;
#1447 = CARTESIAN_POINT ( 'NONE',  ( 57.34962695289309664, -4.887309823145876031, -85.21810352842673808 ) ) ;
#1448 = CARTESIAN_POINT ( 'NONE',  ( 109.0269562476577221, -5.839613583127459151, -86.12536161100540255 ) ) ;
#1449 = B_SPLINE_CURVE_WITH_KNOTS ( 'NONE', 3,
 ( #1372, #4764, #2447, #1996, #3596, #2032, #4180, #6479, #6412, #3632, #1960, #6447, #4835, #1406, #4801, #3110, #7041, #4250, #1441, #4908, #7151, #6079, #486, #2772, #3254, #3215, #3181, #2174, #2102, #4945, #6042, #4360, #7187, #2733, #5572, #3918, #522, #4392, #1034, #2661, #1518, #4978, #960, #380, #2136, #6628, #6008, #926, #5424, #5498, #2067, #5017 ),
 .UNSPECIFIED., .F., .F.,
 ( 4, 2, 2, 2, 2, 2, 2, 2, 2, 2, 2, 2, 2, 2, 2, 2, 2, 2, 2, 2, 2, 2, 2, 2, 2, 4 ),
 ( 0.000000000000000000, 0.002566741874737756609, 0.003850112812106635564, 0.005133483749475513218, 0.007700225624213269393, 0.008983596561582148782, 0.01026696749895102644, 0.01283370937368877827, 0.01411708031105765246, 0.01540045124842652838, 0.01668382218579540430, 0.01796719312316428369, 0.02053393499790203899, 0.02181730593527091491, 0.02310067687263979430, 0.02566741874737755308, 0.02695078968474642553, 0.02823416062211530492, 0.02951753155948418431, 0.03080090249685306369, 0.03336764437159082941, 0.03465101530895971227, 0.03593438624632859513, 0.03850112812106636084, 0.03978449905843524370, 0.04085053988801994745 ),
 .UNSPECIFIED. ) ;
#1450 = CARTESIAN_POINT ( 'NONE',  ( 21.59731536128626317, -10.85469414837350222, -55.74513738273586227 ) ) ;
#1451 = CARTESIAN_POINT ( 'NONE',  ( -7.159819547225219516, -41.93044946377768412, -5.484708544606127667 ) ) ;
#1452 = CARTESIAN_POINT ( 'NONE',  ( 8.073384975578273171, -38.05254221226469014, -4.020628720670173628 ) ) ;
#1453 = CARTESIAN_POINT ( 'NONE',  ( 174.3348467050863633, -8.826899658326462728, -49.67662986670467262 ) ) ;
#1454 = CARTESIAN_POINT ( 'NONE',  ( 20.79083723393072702, -7.758866142369591934, 58.24877070365965892 ) ) ;
#1455 = CARTESIAN_POINT ( 'NONE',  ( 18.82852779680724709, -3.740764512417981802, 60.29584326935759009 ) ) ;
#1456 = CARTESIAN_POINT ( 'NONE',  ( 23.18514844484331405, -4.061367563597762853, 57.53386398870700447 ) ) ;
#1457 = CARTESIAN_POINT ( 'NONE',  ( 55.60534752575104278, -1.128884965084252759E-14, 82.90325079963980670 ) ) ;
#1458 = CARTESIAN_POINT ( 'NONE',  ( 176.2283810893692930, -4.044091440020430639, -29.18138704681508955 ) ) ;
#1459 = FACE_OUTER_BOUND ( 'NONE', #6870, .T. ) ;
#1460 = CARTESIAN_POINT ( 'NONE',  ( 175.9090120021285770, -5.283780005969752835, 1.096169250432487586E-14 ) ) ;
#1461 = CARTESIAN_POINT ( 'NONE',  ( 16.10825503642233869, -3.169838901853785362, 48.18321502867448913 ) ) ;
#1462 = CARTESIAN_POINT ( 'NONE',  ( 35.78805178977196277, -2.750000000000005329, -86.40000000080574694 ) ) ;
#1463 = B_SPLINE_CURVE_WITH_KNOTS ( 'NONE', 3,
 ( #395, #2534, #252, #4783, #4817, #5335, #289, #7023, #1457, #4853, #3718, #907, #3160, #362, #6607, #1532, #4888, #4373, #504, #3935, #6173, #540, #1565, #7240, #3824, #2675 ),
 .UNSPECIFIED., .F., .F.,
 ( 4, 1, 1, 1, 1, 2, 2, 1, 1, 1, 1, 2, 2, 1, 1, 2, 2, 4 ),
 ( 0.000000000000000000, 0.1250000000000062172, 0.1875000000000091593, 0.2187500000000106304, 0.2343750000000112410, 0.2421875000000113798, 0.2500000000000114908, 0.3750000000000117684, 0.4375000000000117684, 0.4687500000000116018, 0.4843750000000116573, 0.4921875000000115463, 0.5000000000000114353, 0.6250000000000092149, 0.6875000000000081046, 0.7187500000000073275, 0.7500000000000065503, 1.000000000000000000 ),
 .UNSPECIFIED. ) ;
#1464 =( BOUNDED_SURFACE ( )  B_SPLINE_SURFACE ( 3, 3, ( 
 ( #6686, #2159, #1610, #3314, #508, #2757, #5001 ),
 ( #7246, #1649, #6138, #5594, #2797, #5042, #3459 ),
 ( #1277, #6912, #1867, #3978, #4560, #135, #6798 ),
 ( #6213, #1165, #4124, #5224, #19, #173, #2426 ),
 ( #4671, #1827, #5815, #616, #3424, #2910, #728 ),
 ( #4522, #2834, #2870, #657, #5077, #6322, #3571 ),
 ( #4013, #1757, #2982, #5668, #6355, #3534, #4088 ),
 ( #5112, #6249, #1200, #4050, #5778, #5703, #2385 ),
 ( #1312, #5153, #1722, #2271, #97, #6761, #59 ),
 ( #2313, #2347, #3498, #4599, #6835, #5188, #1791 ),
 ( #6284, #1240, #5741, #689, #2948, #4633, #6873 ),
 ( #3057, #1453, #5951, #2530, #3677, #5854, #2461 ),
 ( #3712, #1974, #3123, #3611, #6947, #5918, #903 ),
 ( #4779, #1385, #5331, #4813, #1900, #4741, #1494 ),
 ( #215, #4707, #3157, #2565, #5886, #285, #5298 ),
 ( #5401, #4226, #4158, #3749, #358, #248, #6458 ),
 ( #765, #3644, #2496, #6492, #4848, #7090, #6390 ),
 ( #5368, #6981, #801, #1351, #1934, #2045, #2600 ),
 ( #5262, #4193, #6426, #834, #3090, #4299, #7019 ),
 ( #1419, #866, #323, #7054, #2008, #6532, #3021 ) ),
 .UNSPECIFIED., .F., .F., .F. ) 
 B_SPLINE_SURFACE_WITH_KNOTS ( ( 4, 2, 2, 2, 2, 2, 1, 1, 2, 2, 4 ),
 ( 4, 3, 4 ),
 ( 0.000000000000000000, 0.2499999999999997780, 0.4999999999999995559, 0.7499999999999993339, 0.8749999999999995559, 0.9374999999999996669, 0.9687499999999995559, 0.9843749999999995559, 0.9882812499999996669, 0.9921874999999997780, 1.000000000000000000 ),
 ( 0.000000000000000000, 0.5000000000000000000, 1.000000000000000000 ),
 .UNSPECIFIED. ) 
 GEOMETRIC_REPRESENTATION_ITEM ( )  RATIONAL_B_SPLINE_SURFACE ( (
 ( 1.000000000000000000, 0.8024992842121423386, 0.8024992842121423386, 1.000000000000000000, 0.8024992842121423386, 0.8024992842121423386, 1.000000000000000000),
 ( 1.000000000000000000, 0.8024992842121423386, 0.8024992842121423386, 1.000000000000000000, 0.8024992842121423386, 0.8024992842121423386, 1.000000000000000000),
 ( 1.000000000000000000, 0.8024992842121423386, 0.8024992842121423386, 1.000000000000000000, 0.8024992842121423386, 0.8024992842121423386, 1.000000000000000000),
 ( 1.000000000000000000, 0.8024992842121423386, 0.8024992842121423386, 1.000000000000000000, 0.8024992842121423386, 0.8024992842121423386, 1.000000000000000000),
 ( 1.000000000000000000, 0.8024992842121423386, 0.8024992842121423386, 1.000000000000000000, 0.8024992842121423386, 0.8024992842121423386, 1.000000000000000000),
 ( 1.000000000000000000, 0.8024992842121423386, 0.8024992842121423386, 1.000000000000000000, 0.8024992842121423386, 0.8024992842121423386, 1.000000000000000000),
 ( 1.000000000000000000, 0.8024992842121423386, 0.8024992842121423386, 1.000000000000000000, 0.8024992842121423386, 0.8024992842121423386, 1.000000000000000000),
 ( 1.000000000000000000, 0.8024992842121423386, 0.8024992842121423386, 1.000000000000000000, 0.8024992842121423386, 0.8024992842121423386, 1.000000000000000000),
 ( 1.000000000000000000, 0.8024992842121423386, 0.8024992842121423386, 1.000000000000000000, 0.8024992842121423386, 0.8024992842121423386, 1.000000000000000000),
 ( 1.000000000000000000, 0.8024992842121423386, 0.8024992842121423386, 1.000000000000000000, 0.8024992842121423386, 0.8024992842121423386, 1.000000000000000000),
 ( 1.000000000000000000, 0.8024992842121423386, 0.8024992842121423386, 1.000000000000000000, 0.8024992842121423386, 0.8024992842121423386, 1.000000000000000000),
 ( 1.000000000000000000, 0.8024992842121423386, 0.8024992842121423386, 1.000000000000000000, 0.8024992842121423386, 0.8024992842121423386, 1.000000000000000000),
 ( 1.000000000000000000, 0.8024992842121423386, 0.8024992842121423386, 1.000000000000000000, 0.8024992842121423386, 0.8024992842121423386, 1.000000000000000000),
 ( 1.000000000000000000, 0.8024992842121423386, 0.8024992842121423386, 1.000000000000000000, 0.8024992842121423386, 0.8024992842121423386, 1.000000000000000000),
 ( 1.000000000000000000, 0.8024992842121423386, 0.8024992842121423386, 1.000000000000000000, 0.8024992842121423386, 0.8024992842121423386, 1.000000000000000000),
 ( 1.000000000000000000, 0.8024992842121423386, 0.8024992842121423386, 1.000000000000000000, 0.8024992842121423386, 0.8024992842121423386, 1.000000000000000000),
 ( 1.000000000000000000, 0.8024992842121423386, 0.8024992842121423386, 1.000000000000000000, 0.8024992842121423386, 0.8024992842121423386, 1.000000000000000000),
 ( 1.000000000000000000, 0.8024992842121423386, 0.8024992842121423386, 1.000000000000000000, 0.8024992842121423386, 0.8024992842121423386, 1.000000000000000000),
 ( 1.000000000000000000, 0.8024992842121423386, 0.8024992842121423386, 1.000000000000000000, 0.8024992842121423386, 0.8024992842121423386, 1.000000000000000000),
 ( 1.000000000000000000, 0.8024992842121423386, 0.8024992842121423386, 1.000000000000000000, 0.8024992842121423386, 0.8024992842121423386, 1.000000000000000000) ) ) 
 REPRESENTATION_ITEM ( '' )  SURFACE ( )  );
#1465 = CARTESIAN_POINT ( 'NONE',  ( 16.40466824972118687, -4.100346379960432053, 51.79182854430973748 ) ) ;
#1466 = VECTOR ( 'NONE', #1741, 1000.000000000000000 ) ;
#1467 = CARTESIAN_POINT ( 'NONE',  ( 20.14572643018092180, -4.986104625880710906, 60.49401851756508108 ) ) ;
#1468 = CARTESIAN_POINT ( 'NONE',  ( 20.75810426644536122, -21.70926578878866309, -15.68476888406773462 ) ) ;
#1469 = CARTESIAN_POINT ( 'NONE',  ( 26.79541894230624166, -1.473612228099111743, -62.54801837151971711 ) ) ;
#1470 = CARTESIAN_POINT ( 'NONE',  ( 70.09535631552722634, -4.199580062372173295, -90.90216955362022588 ) ) ;
#1471 = CYLINDRICAL_SURFACE ( 'NONE', #878, 86.40000000000000568 ) ;
#1472 = EDGE_CURVE ( 'NONE', #1811, #1719, #4887, .T. ) ;
#1473 = CARTESIAN_POINT ( 'NONE',  ( 4.711728552780995116, -8.255167116420128792, 52.61380257618718304 ) ) ;
#1474 = VECTOR ( 'NONE', #910, 1000.000000000000000 ) ;
#1475 = FACE_OUTER_BOUND ( 'NONE', #4586, .T. ) ;
#1476 = VERTEX_POINT ( 'NONE', #3787 ) ;
#1477 = ORIENTED_EDGE ( 'NONE', *, *, #3731, .T. ) ;
#1478 = CARTESIAN_POINT ( 'NONE',  ( 17.33889151527796102, -5.951115414981326346, 53.58124189840808071 ) ) ;
#1479 = CARTESIAN_POINT ( 'NONE',  ( 16.41749358438005757, -3.933302046285517495, 52.67108141734875204 ) ) ;
#1480 = CARTESIAN_POINT ( 'NONE',  ( 9.813613405785234889, -4.119968255444916849E-15, -42.39472947043825712 ) ) ;
#1481 = CIRCLE ( 'NONE', #5254, 90.40651834143456256 ) ;
#1482 = CARTESIAN_POINT ( 'NONE',  ( 177.5837730352613448, -4.526388425362604551, -11.49232109198805496 ) ) ;
#1483 = B_SPLINE_CURVE_WITH_KNOTS ( 'NONE', 3,
 ( #4899, #4350, #1338, #6580, #3597, #3045, #5803, #5249, #7141, #5997, #1508, #3559, #7103, #4694, #2485, #201, #2614, #1853, #5841, #4113, #4730, #917, #5283, #372, #6378, #2448, #236, #5415, #7068, #1301, #4313, #5768, #2972, #2058, #3523, #1889, #4147, #951, #159, #5450, #5213, #6934, #3761, #6344, #3170 ),
 .UNSPECIFIED., .F., .F.,
 ( 4, 2, 2, 2, 2, 2, 2, 2, 1, 2, 2, 2, 2, 2, 2, 2, 2, 2, 2, 2, 2, 2, 4 ),
 ( 0.000000000000000000, 0.001761535969097776690, 0.002642303953646665902, 0.003523071938195555548, 0.005284607907293335273, 0.007046143876391115432, 0.008807679845488894724, 0.009688447830037787839, 0.01056921581458667575, 0.01144998379913556713, 0.01233075178368445678, 0.01409228775278223433, 0.01497305573733112398, 0.01585382372188001363, 0.01761535969097778598, 0.01849612767552667736, 0.01937689566007556527, 0.02113843162917334109, 0.02289996759827111691, 0.02378073558282000483, 0.02466150356736889621, 0.02642303953646666509, 0.02818457550556444438 ),
 .UNSPECIFIED. ) ;
#1484 = CARTESIAN_POINT ( 'NONE',  ( 98.36953555554524087, -4.000000000000016875, -95.31298785098853443 ) ) ;
#1485 = CARTESIAN_POINT ( 'NONE',  ( 24.07060018524854073, -27.03134851574480635, -22.53631108001135175 ) ) ;
#1486 = CARTESIAN_POINT ( 'NONE',  ( 16.00900544831436534, -3.597449587357496537, 46.20340507076138437 ) ) ;
#1487 = ORIENTED_EDGE ( 'NONE', *, *, #6537, .F. ) ;
#1488 = CARTESIAN_POINT ( 'NONE',  ( 124.1834622505969747, -2.341876692568689577E-14, 78.30257259377741264 ) ) ;
#1489 = CARTESIAN_POINT ( 'NONE',  ( 109.8079757446998457, -4.327396922959414916, 87.16364344778411066 ) ) ;
#1490 = CARTESIAN_POINT ( 'NONE',  ( 156.8754771991523285, -5.403798359280454378, 55.44185682290396500 ) ) ;
#1491 = CARTESIAN_POINT ( 'NONE',  ( 16.08237853595995404, -2.428832880544073092, -58.86415108244032268 ) ) ;
#1492 = CARTESIAN_POINT ( 'NONE',  ( -5.499305592838015677, -41.74145704855332184, -7.148936411351241915 ) ) ;
#1493 = CARTESIAN_POINT ( 'NONE',  ( 156.9807806532288055, -18.62368750001445505, -50.06789516236074178 ) ) ;
#1494 = CARTESIAN_POINT ( 'NONE',  ( -2.733567913876133737, -5.819594407529431912, 1.110223024625156540E-13 ) ) ;
#1495 = CARTESIAN_POINT ( 'NONE',  ( 19.28813339465444443, -3.612170168916438939, 60.97899068645423171 ) ) ;
#1496 = CARTESIAN_POINT ( 'NONE',  ( 103.1449999999998965, -58.93658393131475748, 9.891171654269792057 ) ) ;
#1497 = CARTESIAN_POINT ( 'NONE',  ( 20.68736949471314546, -19.68368694955497489, 21.90384285045352897 ) ) ;
#1498 = CARTESIAN_POINT ( 'NONE',  ( 63.16944845756769666, -4.036332467673182656, -89.89668914406142619 ) ) ;
#1499 = LINE ( 'NONE', #5924, #1474 ) ;
#1500 = CARTESIAN_POINT ( 'NONE',  ( 175.9938008420904225, -5.162720845409996429, 1.097207614247115067E-14 ) ) ;
#1501 = CARTESIAN_POINT ( 'NONE',  ( 108.6101396708589562, -4.661902381896281256, 87.17167194495458205 ) ) ;
#1502 = B_SPLINE_CURVE_WITH_KNOTS ( 'NONE', 3,
 ( #5231, #5196, #4200, #1874, #6956, #772, #4132, #1907, #4748, #4785, #2957, #7026, #1359, #3064, #4678, #3543, #1942, #3684, #809, #735, #6329, #6919, #1320, #3579, #1981, #6988, #3029, #143 ),
 .UNSPECIFIED., .F., .F.,
 ( 4, 2, 2, 2, 2, 2, 2, 2, 2, 2, 2, 2, 2, 4 ),
 ( 0.003335452075736396790, 0.01188427904221121129, 0.01615869252544861398, 0.02043310600868602361, 0.02898193297516085676, 0.03325634645839827680, 0.03539355320001699029, 0.03753075994163569684, 0.04607958690811047447, 0.05462841387458525905, 0.05676562061620396560, 0.05890282735782267215, 0.06317724084106007831, 0.07172606780753489064 ),
 .UNSPECIFIED. ) ;
#1503 = CARTESIAN_POINT ( 'NONE',  ( 45.12114550256210777, -51.13139327542298673, 4.163336342344337027E-14 ) ) ;
#1504 = CARTESIAN_POINT ( 'NONE',  ( 21.31238208768467501, -8.259320869677063470, 58.31040054119222305 ) ) ;
#1505 = ADVANCED_FACE ( 'NONE', ( #4921 ), #6736, .T. ) ;
#1506 = CARTESIAN_POINT ( 'NONE',  ( 16.51238970707950671, -3.926075931175379896, 53.79062654613323957 ) ) ;
#1507 = CARTESIAN_POINT ( 'NONE',  ( 19.22511612483933519, -0.8784053583013532451, 53.48078448810347396 ) ) ;
#1508 = CARTESIAN_POINT ( 'NONE',  ( 6.780445274228779518, -41.88131362961308213, 5.947206269542726353 ) ) ;
#1509 = CARTESIAN_POINT ( 'NONE',  ( 173.9250232075108897, -4.200955964385936880, 29.72244473330724546 ) ) ;
#1510 = CARTESIAN_POINT ( 'NONE',  ( -22.00000000000000355, -6.042206017373975335, 58.61996200337826224 ) ) ;
#1511 = CARTESIAN_POINT ( 'NONE',  ( 16.18494013777563723, -4.209364986929182706, 48.64919330177175283 ) ) ;
#1512 = CARTESIAN_POINT ( 'NONE',  ( 19.49926880117859440, -4.000000000000002665, 60.80814685289453791 ) ) ;
#1513 = CARTESIAN_POINT ( 'NONE',  ( 186.9310958413437049, -3.122502256758252770E-14, -22.91231914975823969 ) ) ;
#1514 = ORIENTED_EDGE ( 'NONE', *, *, #6828, .T. ) ;
#1515 = ORIENTED_EDGE ( 'NONE', *, *, #1787, .F. ) ;
#1516 = CARTESIAN_POINT ( 'NONE',  ( 16.47486003657504483, -4.390037911633504208, 51.64428684825144700 ) ) ;
#1517 = CARTESIAN_POINT ( 'NONE',  ( 20.80837752607770241, -6.409978295655544223, 59.73126203361032083 ) ) ;
#1518 = CARTESIAN_POINT ( 'NONE',  ( -10.38185000682684667, -37.61415053495413474, 7.870393251319877770 ) ) ;
#1519 = CARTESIAN_POINT ( 'NONE',  ( 136.8007909563676492, -4.558378798467209947, -77.32570612938755517 ) ) ;
#1520 = CARTESIAN_POINT ( 'NONE',  ( 101.9838447748572463, -4.000000000000017764, -95.00842401550814031 ) ) ;
#1521 = CARTESIAN_POINT ( 'NONE',  ( 190.4059769339630179, -6.042206017373016103, 1.273705867443712386E-14 ) ) ;
#1522 = CARTESIAN_POINT ( 'NONE',  ( 16.06521195732913654, -4.353586149311236220, 47.00645619629807470 ) ) ;
#1523 = CARTESIAN_POINT ( 'NONE',  ( 125.6888464987577549, -4.645113806392436651, 81.10294130397028312 ) ) ;
#1524 = CARTESIAN_POINT ( 'NONE',  ( 114.9667639714633367, -20.00039128055776416, -81.54978566142389695 ) ) ;
#1525 = CARTESIAN_POINT ( 'NONE',  ( 173.2251902548091493, -4.854866938228611595, 25.87158337228180471 ) ) ;
#1526 = CARTESIAN_POINT ( 'NONE',  ( 15.95445466624607178, 1.234427453519618911, -52.83368818398325573 ) ) ;
#1527 = CARTESIAN_POINT ( 'NONE',  ( -4.762332555758364450, -41.67820303550885086, -7.642486642618674608 ) ) ;
#1528 = CARTESIAN_POINT ( 'NONE',  ( 140.5924444552029797, -8.290766203678897384, 67.98574746519271628 ) ) ;
#1529 = CARTESIAN_POINT ( 'NONE',  ( 20.34536719873064214, -37.24753809675056004, -11.41428795664995199 ) ) ;
#1530 = CARTESIAN_POINT ( 'NONE',  ( 19.24415957869199190, -3.625264704667221061, 60.91652554297488109 ) ) ;
#1531 = CARTESIAN_POINT ( 'NONE',  ( -22.00000000000000355, -1.296287155650325696E-14, 61.79999999999999716 ) ) ;
#1532 = CARTESIAN_POINT ( 'NONE',  ( 42.54643935653804476, -9.329579404711981106E-15, 76.17444999763206681 ) ) ;
#1533 = CARTESIAN_POINT ( 'NONE',  ( 99.89567995795958666, -4.000000000000017764, 89.62375717899519145 ) ) ;
#1534 = CARTESIAN_POINT ( 'NONE',  ( 190.4059769339629895, -6.042206017373026761, 1.869838746202807163E-14 ) ) ;
#1535 = CARTESIAN_POINT ( 'NONE',  ( -19.03999999999998849, -5.500000000000002665, 0.000000000000000000 ) ) ;
#1536 = CARTESIAN_POINT ( 'NONE',  ( 116.5356150417544541, -4.892146168506116055, 84.75464217066347317 ) ) ;
#1537 = CARTESIAN_POINT ( 'NONE',  ( 175.9623929333484682, -5.207648404245003526, 179.1247858666969819 ) ) ;
#1538 = CARTESIAN_POINT ( 'NONE',  ( 19.42543401105041667, -7.445630666208961301, 56.61441869288680806 ) ) ;
#1539 = CARTESIAN_POINT ( 'NONE',  ( 20.16545245134888731, -4.985974514056851881, 60.51575605276511283 ) ) ;
#1540 = CARTESIAN_POINT ( 'NONE',  ( 18.17286265033654047, -0.1961941528452054440, 51.26584669602180355 ) ) ;
#1541 = CARTESIAN_POINT ( 'NONE',  ( 21.59317250115437048, -10.94374015252499888, 55.62333159294009732 ) ) ;
#1542 = CARTESIAN_POINT ( 'NONE',  ( 60.05150039478257895, -4.176737820047466521, -87.97260800188891494 ) ) ;
#1543 = CARTESIAN_POINT ( 'NONE',  ( 39.73941079632897555, -8.908431827380658311E-15, -77.59649238628072965 ) ) ;
#1544 = CARTESIAN_POINT ( 'NONE',  ( 21.67495271184376548, -10.85158988625903653, 55.83357134726526283 ) ) ;
#1545 = CARTESIAN_POINT ( 'NONE',  ( 18.13380430729649362, -41.17193948698846384, 12.50414690711543386 ) ) ;
#1546 = CARTESIAN_POINT ( 'NONE',  ( 147.9261559369498968, -2.428612866367529932E-14, -86.66619123439680550 ) ) ;
#1547 = ORIENTED_EDGE ( 'NONE', *, *, #702, .T. ) ;
#1548 = CARTESIAN_POINT ( 'NONE',  ( 16.35037796627530682, -4.110985860393350677, 51.07542490326537887 ) ) ;
#1549 = CARTESIAN_POINT ( 'NONE',  ( 16.43233079035513811, -3.954513530647963737, 52.74414111606524358 ) ) ;
#1550 = DIRECTION ( 'NONE',  ( 1.500332356076765934E-16, 1.000000000000000000, 0.000000000000000000 ) ) ;
#1551 = CARTESIAN_POINT ( 'NONE',  ( 152.8204547204320249, -4.554308793094770103, -63.99319491853111685 ) ) ;
#1552 = CARTESIAN_POINT ( 'NONE',  ( 105.5855195596437852, -4.000000000000018652, -94.46497324948059315 ) ) ;
#1553 = FACE_OUTER_BOUND ( 'NONE', #5569, .T. ) ;
#1554 = CARTESIAN_POINT ( 'NONE',  ( 21.36168577592374618, -13.02457885072323762, 52.88974673403180304 ) ) ;
#1555 = CARTESIAN_POINT ( 'NONE',  ( 169.3276028075216573, -5.059682598520951480, 35.32967589920743023 ) ) ;
#1556 = CARTESIAN_POINT ( 'NONE',  ( 67.18081829924751958, -11.44925781234409889, -84.37454461128065475 ) ) ;
#1557 = CARTESIAN_POINT ( 'NONE',  ( 101.1084158825659500, -4.965485762188180274, -89.76244931481333822 ) ) ;
#1558 = CARTESIAN_POINT ( 'NONE',  ( 16.60152034084597972, -17.29510909500415394, -27.72652184337225734 ) ) ;
#1559 = CARTESIAN_POINT ( 'NONE',  ( 171.9735556485740915, -3.009744321524008473E-14, 39.67955808199069168 ) ) ;
#1560 = ADVANCED_FACE ( 'NONE', ( #1161 ), #4979, .F. ) ;
#1561 = CARTESIAN_POINT ( 'NONE',  ( 169.5541752803779616, -16.88818923612511114, -23.95462078699372910 ) ) ;
#1562 = CARTESIAN_POINT ( 'NONE',  ( 16.88530736296622337, -38.31026286157669603, 0.1470188481355287624 ) ) ;
#1563 = DIRECTION ( 'NONE',  ( 1.500332356076765934E-16, 1.000000000000000000, -0.000000000000000000 ) ) ;
#1564 = DIRECTION ( 'NONE',  ( 0.000000000000000000, 1.000000000000000000, 0.000000000000000000 ) ) ;
#1565 = CARTESIAN_POINT ( 'NONE',  ( 30.85376003901830444, -7.575288893781535977E-15, 67.66918723616063858 ) ) ;
#1566 = CARTESIAN_POINT ( 'NONE',  ( 175.2972966117132216, -3.999999999998898659, 30.17684070159307552 ) ) ;
#1567 = ORIENTED_EDGE ( 'NONE', *, *, #1158, .T. ) ;
#1568 = CARTESIAN_POINT ( 'NONE',  ( 73.65499999999993008, -63.39640923772801528, 25.49000000000011923 ) ) ;
#1569 = FACE_OUTER_BOUND ( 'NONE', #4618, .T. ) ;
#1570 = CARTESIAN_POINT ( 'NONE',  ( 105.9298396606841237, -4.577487227579498885, 87.85674762004093452 ) ) ;
#1571 = CARTESIAN_POINT ( 'NONE',  ( 1.506500327923890215, -11.64686191744698363, 169.7869993441522070 ) ) ;
#1572 = CARTESIAN_POINT ( 'NONE',  ( 16.56860538292182028, -4.443664204262902651, 52.35492509112584258 ) ) ;
#1573 = CARTESIAN_POINT ( 'NONE',  ( 16.66696495853709692, -4.043330694822065752, 54.52515085629305247 ) ) ;
#1574 = CARTESIAN_POINT ( 'NONE',  ( 20.73876767891711381, -21.15553837070207166, 17.60965367379504798 ) ) ;
#1575 = CARTESIAN_POINT ( 'NONE',  ( -8.998799112008944334, -38.31026286157669603, 0.1470188481355287347 ) ) ;
#1576 = CARTESIAN_POINT ( 'NONE',  ( 98.02023809975460722, -4.227648406240547274, -92.70491903243484444 ) ) ;
#1577 = CARTESIAN_POINT ( 'NONE',  ( 40.39759130229514739, -9.007180778304661018E-15, -78.11640905694720516 ) ) ;
#1578 = CARTESIAN_POINT ( 'NONE',  ( 16.17923887812487038, -4.178556308059905966, 48.61040527707555015 ) ) ;
#1579 = CARTESIAN_POINT ( 'NONE',  ( -2.880273930140274441, -37.51252481816325712, 8.546388820863839442 ) ) ;
#1580 = CARTESIAN_POINT ( 'NONE',  ( 0.4875835940434773974, -6.042206017373005444, 58.61996200337881646 ) ) ;
#1581 = CYLINDRICAL_SURFACE ( 'NONE', #1946, 16.74499999999999744 ) ;
#1582 = VECTOR ( 'NONE', #6616, 1000.000000000000000 ) ;
#1583 = EDGE_LOOP ( 'NONE', ( #5753, #2344, #4850, #377, #4881, #6515 ) ) ;
#1584 = CARTESIAN_POINT ( 'NONE',  ( 21.36425239712156099, -8.893541181140303564, 57.67334433688514395 ) ) ;
#1585 = CARTESIAN_POINT ( 'NONE',  ( 20.97485156559255159, -6.882085565626091750, 59.41667814035189110 ) ) ;
#1586 = CARTESIAN_POINT ( 'NONE',  ( -1.482357258190321492, -0.9561665336305581464, 61.33006745228876611 ) ) ;
#1587 = CARTESIAN_POINT ( 'NONE',  ( 173.0335840634856197, -4.484406762450481310, 29.42132856778257377 ) ) ;
#1588 = CARTESIAN_POINT ( 'NONE',  ( 69.81470630230460017, -4.000000000000014211, -92.78150301578217807 ) ) ;
#1589 = CIRCLE ( 'NONE', #6296, 16.74499999999999744 ) ;
#1590 = CARTESIAN_POINT ( 'NONE',  ( 1.180412703075659042, -6.042206017373005444, 53.98290812280552586 ) ) ;
#1591 = CARTESIAN_POINT ( 'NONE',  ( 18.27465756691104559, -10.18733158896443847, 51.12307859377896335 ) ) ;
#1592 = CIRCLE ( 'NONE', #4308, 10.00000000000000178 ) ;
#1593 = CARTESIAN_POINT ( 'NONE',  ( 16.42536125084160048, -4.070738952777093189, 52.14984676588854029 ) ) ;
#1594 = CARTESIAN_POINT ( 'NONE',  ( 77.29433867216449983, -5.379301776126440338, -89.18468415452441889 ) ) ;
#1595 = ADVANCED_FACE ( 'NONE', ( #5149 ), #5507, .F. ) ;
#1596 = CARTESIAN_POINT ( 'NONE',  ( 170.7684663968264545, -16.54838281248761334, -19.24584634288589413 ) ) ;
#1597 = CARTESIAN_POINT ( 'NONE',  ( 143.1573164749883631, -4.654834136541444067, 70.53317327670350778 ) ) ;
#1598 = CARTESIAN_POINT ( 'NONE',  ( 21.40892606611889448, -30.53416065943938662, 21.40457422850102631 ) ) ;
#1599 = CARTESIAN_POINT ( 'NONE',  ( 18.38857056989982297, -5.718540077764109464E-15, -54.88775978469627859 ) ) ;
#1600 = CARTESIAN_POINT ( 'NONE',  ( 164.3684868624641240, -11.76424218749850859, 37.54138756073705707 ) ) ;
#1601 = CARTESIAN_POINT ( 'NONE',  ( -18.00000000000000000, -34.34959553575263413, -21.81000826438560480 ) ) ;
#1602 = EDGE_CURVE ( 'NONE', #1623, #1719, #2221, .T. ) ;
#1603 = DIRECTION ( 'NONE',  ( -1.000000000000000000, 1.500332356076765934E-16, 0.000000000000000000 ) ) ;
#1604 = FACE_BOUND ( 'NONE', #186, .T. ) ;
#1605 = CARTESIAN_POINT ( 'NONE',  ( 21.91705842606414478, -0.9925781250057824634, 57.70953967568927112 ) ) ;
#1606 = CARTESIAN_POINT ( 'NONE',  ( 150.2973920972533790, -3.999999999997949640, -71.58613275747791249 ) ) ;
#1607 = EDGE_LOOP ( 'NONE', ( #6225, #5142, #451, #397 ) ) ;
#1608 = CARTESIAN_POINT ( 'NONE',  ( -2.356156567905131727, -2.502374822675154320, 60.54581286081605640 ) ) ;
#1609 = LINE ( 'NONE', #6102, #6646 ) ;
#1610 = CARTESIAN_POINT ( 'NONE',  ( 96.99369411439522537, -57.00057409172650580, -17.56701791556322689 ) ) ;
#1611 = ORIENTED_EDGE ( 'NONE', *, *, #4540, .T. ) ;
#1612 = CARTESIAN_POINT ( 'NONE',  ( 19.71583228043853353, -7.539872618051332687, 57.00437684423422979 ) ) ;
#1613 = CARTESIAN_POINT ( 'NONE',  ( 19.83713924321681787, -4.522195436114037292, 60.63785401768205929 ) ) ;
#1614 = CARTESIAN_POINT ( 'NONE',  ( 20.83057026450290650, -23.78442046356289907, 4.419566254073870937 ) ) ;
#1615 = CARTESIAN_POINT ( 'NONE',  ( -12.99840399442346950, -38.31026286157669603, 0.07350942406776216076 ) ) ;
#1616 = CARTESIAN_POINT ( 'NONE',  ( 129.2914174233223150, -4.075735636373075899, 80.63323482646018192 ) ) ;
#1617 = CARTESIAN_POINT ( 'NONE',  ( 174.8515230887583698, -2.917973920440156427E-14, -36.87840985553424389 ) ) ;
#1618 = CARTESIAN_POINT ( 'NONE',  ( 16.20001529900277859, -4.290385633017151257, 48.75082086005535587 ) ) ;
#1619 = CARTESIAN_POINT ( 'NONE',  ( -1.166382834576779048, -37.45139071328030411, 8.943485339493934205 ) ) ;
#1620 = CARTESIAN_POINT ( 'NONE',  ( 20.22513958323640537, -6.447154129567947756, 51.53491255931422899 ) ) ;
#1621 =( BOUNDED_SURFACE ( )  B_SPLINE_SURFACE ( 3, 3, ( 
 ( #2985, #805, #5818, #2499, #4711, #5266, #837 ),
 ( #218, #1280, #4162, #138, #5334, #1354, #6325 ),
 ( #1977, #2430, #3614, #3025, #5921, #6951, #4674 ),
 ( #4230, #6462, #3538, #6915, #4744, #1870, #5227 ),
 ( #5781, #1422, #288, #176, #1903, #3060, #869 ),
 ( #1831, #3680, #4127, #6358, #5301, #731, #6984 ),
 ( #1315, #3574, #5889, #5191, #1937, #4196, #2388 ),
 ( #6429, #4636, #1388, #6877, #3647, #4091, #7200 ),
 ( #6606, #3863, #7093, #4301, #2047, #3271, #3717 ),
 ( #6097, #4852, #2012, #6495, #6535, #1496, #4338 ) ),
 .UNSPECIFIED., .F., .F., .T. ) 
 B_SPLINE_SURFACE_WITH_KNOTS ( ( 4, 2, 2, 2, 4 ),
 ( 4, 3, 4 ),
 ( 0.000000000000000000, 0.2500000000000000000, 0.5000000000000000000, 0.7500000000000000000, 1.000000000000000000 ),
 ( 0.000000000000000000, 0.5000000000000000000, 1.000000000000000000 ),
 .UNSPECIFIED. ) 
 GEOMETRIC_REPRESENTATION_ITEM ( )  RATIONAL_B_SPLINE_SURFACE ( (
 ( 1.000000000000000000, 0.8022468501230823890, 0.8022468501230823890, 1.000000000000000000, 0.8022468501230823890, 0.8022468501230823890, 1.000000000000000000),
 ( 1.000000000000000000, 0.8022468501230823890, 0.8022468501230823890, 1.000000000000000000, 0.8022468501230823890, 0.8022468501230823890, 1.000000000000000000),
 ( 1.000000000000000000, 0.8022468501230823890, 0.8022468501230823890, 1.000000000000000000, 0.8022468501230823890, 0.8022468501230823890, 1.000000000000000000),
 ( 1.000000000000000000, 0.8022468501230823890, 0.8022468501230823890, 1.000000000000000000, 0.8022468501230823890, 0.8022468501230823890, 1.000000000000000000),
 ( 1.000000000000000000, 0.8022468501230823890, 0.8022468501230823890, 1.000000000000000000, 0.8022468501230823890, 0.8022468501230823890, 1.000000000000000000),
 ( 1.000000000000000000, 0.8022468501230823890, 0.8022468501230823890, 1.000000000000000000, 0.8022468501230823890, 0.8022468501230823890, 1.000000000000000000),
 ( 1.000000000000000000, 0.8022468501230823890, 0.8022468501230823890, 1.000000000000000000, 0.8022468501230823890, 0.8022468501230823890, 1.000000000000000000),
 ( 1.000000000000000000, 0.8022468501230823890, 0.8022468501230823890, 1.000000000000000000, 0.8022468501230823890, 0.8022468501230823890, 1.000000000000000000),
 ( 1.000000000000000000, 0.8022468501230823890, 0.8022468501230823890, 1.000000000000000000, 0.8022468501230823890, 0.8022468501230823890, 1.000000000000000000),
 ( 1.000000000000000000, 0.8022468501230823890, 0.8022468501230823890, 1.000000000000000000, 0.8022468501230823890, 0.8022468501230823890, 1.000000000000000000) ) ) 
 REPRESENTATION_ITEM ( '' )  SURFACE ( )  );
#1622 = CARTESIAN_POINT ( 'NONE',  ( 28.25010635390580305, -1.079223096432663231, 63.90547949038202802 ) ) ;
#1623 = VERTEX_POINT ( 'NONE', #1773 ) ;
#1624 = CARTESIAN_POINT ( 'NONE',  ( 16.38793964818327353, -4.120452541822365866, 51.51661461644523854 ) ) ;
#1625 = CARTESIAN_POINT ( 'NONE',  ( 20.09264334363620108, -6.255617202697356660, 59.05041640141399029 ) ) ;
#1626 = CARTESIAN_POINT ( 'NONE',  ( -0.3593191330725508115, -0.2659442192084029988, 61.67037524699654227 ) ) ;
#1627 = CARTESIAN_POINT ( 'NONE',  ( 63.54190603112277813, -4.448055282842327429, -88.32480628858584737 ) ) ;
#1628 = CARTESIAN_POINT ( 'NONE',  ( 152.5131728583985193, -5.349809249260738753, 60.64648814608212746 ) ) ;
#1629 = CARTESIAN_POINT ( 'NONE',  ( 187.3680478039929085, -3.430911900466285136, -5.384220759820655289 ) ) ;
#1630 = CARTESIAN_POINT ( 'NONE',  ( -18.00000000000001066, -5.116556090684736269, 54.54019927174380200 ) ) ;
#1631 = CARTESIAN_POINT ( 'NONE',  ( 21.05470387048618619, -12.80716021526406045, 52.76250245412500561 ) ) ;
#1632 = CARTESIAN_POINT ( 'NONE',  ( 16.26521140191185921, -4.258814624384109848, 49.60717151923155654 ) ) ;
#1633 = CARTESIAN_POINT ( 'NONE',  ( 16.25125533189758897, -3.749093630721299419, 51.25215239984328974 ) ) ;
#1634 = CARTESIAN_POINT ( 'NONE',  ( 68.91844677797723762, -5.289047752179993900, -87.96686674297231434 ) ) ;
#1635 = CARTESIAN_POINT ( 'NONE',  ( 140.5924444551572208, -2.341876692568689577E-14, 67.98574746511997091 ) ) ;
#1636 = CARTESIAN_POINT ( 'NONE',  ( 106.4973416036492040, -4.281509563833671095, 87.98310762614619307 ) ) ;
#1637 = CARTESIAN_POINT ( 'NONE',  ( 21.36759281431003643, -33.66192679051698633, -3.801275213071547032 ) ) ;
#1638 = CARTESIAN_POINT ( 'NONE',  ( 3.438033213087443585, -5.942206017372976490, -54.04319279652568042 ) ) ;
#1639 = EDGE_CURVE ( 'NONE', #2294, #2923, #5649, .T. ) ;
#1640 = CARTESIAN_POINT ( 'NONE',  ( 20.34536719873064570, -38.09024766049640931, -5.834977158582507428 ) ) ;
#1641 = CARTESIAN_POINT ( 'NONE',  ( 86.40000000000000568, -3.500000000000018208, 0.000000000000000000 ) ) ;
#1642 = CARTESIAN_POINT ( 'NONE',  ( 67.59645620087626128, -5.942206017373012017, 163.9186153466985445 ) ) ;
#1643 = CARTESIAN_POINT ( 'NONE',  ( 159.6817638460131263, -10.89637210648305121, 46.02416551361761776 ) ) ;
#1644 = CARTESIAN_POINT ( 'NONE',  ( 165.7758651046444243, -3.999999999999991562, 49.06105079599468866 ) ) ;
#1645 = ORIENTED_EDGE ( 'NONE', *, *, #7072, .T. ) ;
#1646 = FACE_OUTER_BOUND ( 'NONE', #4441, .T. ) ;
#1647 = CARTESIAN_POINT ( 'NONE',  ( 16.18768257641295349, -5.444346054663794732, -45.57557202871550572 ) ) ;
#1648 = ADVANCED_FACE ( 'NONE', ( #78 ), #5117, .T. ) ;
#1649 = CARTESIAN_POINT ( 'NONE',  ( 110.8291870173031128, -56.48968423887149015, -13.80066864133033100 ) ) ;
#1650 = CARTESIAN_POINT ( 'NONE',  ( 21.23884371078487376, -8.128863451330353485, 58.36972955795166484 ) ) ;
#1651 = CARTESIAN_POINT ( 'NONE',  ( 17.83066109142987798, -4.469422445437388980, 57.65912958440752334 ) ) ;
#1652 = CARTESIAN_POINT ( 'NONE',  ( 99.14500000000003865, -63.39640923772802950, 1.560812345513312961E-15 ) ) ;
#1653 = CARTESIAN_POINT ( 'NONE',  ( 122.5348263701904727, -6.199581645578078337, -80.79886546626511290 ) ) ;
#1654 = CARTESIAN_POINT ( 'NONE',  ( 132.3159270002940104, -4.079403500247003933, 78.97637521836259111 ) ) ;
#1655 = CARTESIAN_POINT ( 'NONE',  ( 88.90421849623139394, -1.628478700462623124E-14, -95.60812887017355877 ) ) ;
#1656 = CARTESIAN_POINT ( 'NONE',  ( 16.24507586844822526, -4.555957164669418802, 48.98556197412153779 ) ) ;
#1657 = CARTESIAN_POINT ( 'NONE',  ( 185.4001715907717198, -5.942206017373019122, -1.523366598355842205 ) ) ;
#1658 = CARTESIAN_POINT ( 'NONE',  ( 19.82369855024618843, -1.734942019041515460, 52.48244519303457878 ) ) ;
#1659 = ADVANCED_FACE ( 'NONE', ( #2852 ), #6780, .F. ) ;
#1660 = CARTESIAN_POINT ( 'NONE',  ( 42.30510409146288708, -1.461166249369654446, 74.30081411336874453 ) ) ;
#1661 = CARTESIAN_POINT ( 'NONE',  ( 16.36943967855800253, -4.117013797864277791, 51.29805188389547510 ) ) ;
#1662 = CARTESIAN_POINT ( 'NONE',  ( 16.43508596164286928, -3.915558002178209485, 52.98882738227357692 ) ) ;
#1663 = CARTESIAN_POINT ( 'NONE',  ( 20.10110615663609224, -2.895301509892504122, -48.33337043175458803 ) ) ;
#1664 = CARTESIAN_POINT ( 'NONE',  ( 153.8708272710796336, -4.276211426551853378, 61.93312375023254646 ) ) ;
#1665 = CARTESIAN_POINT ( 'NONE',  ( 174.3997763334143087, -5.739599369856408728, -14.49407396180970764 ) ) ;
#1666 = DIRECTION ( 'NONE',  ( 0.000000000000000000, 1.000000000000000000, 0.000000000000000000 ) ) ;
#1667 =( BOUNDED_CURVE ( )  B_SPLINE_CURVE ( 3, ( #1704, #3297, #6157, #5095 ),
 .UNSPECIFIED., .F., .T. ) 
 B_SPLINE_CURVE_WITH_KNOTS ( ( 4, 4 ),
 ( 0.4423820673330738362, 1.000000000000000000 ),
 .UNSPECIFIED. ) 
 CURVE ( )  GEOMETRIC_REPRESENTATION_ITEM ( )  RATIONAL_B_SPLINE_CURVE ( ( 1.000000000000000000, 0.6303344556572774149, 0.6303344556572774149, 1.000000000000000000 ) ) 
 REPRESENTATION_ITEM ( '' )  );
#1668 = LINE ( 'NONE', #3259, #7006 ) ;
#1669 = CARTESIAN_POINT ( 'NONE',  ( 16.13656811989328332, -4.328877300901343261, 47.90409409351943992 ) ) ;
#1670 = VERTEX_POINT ( 'NONE', #3440 ) ;
#1671 = CARTESIAN_POINT ( 'NONE',  ( 21.18597908433730836, -10.57086697413299170, 55.56652639712330455 ) ) ;
#1672 = CARTESIAN_POINT ( 'NONE',  ( 21.13885998325319449, -7.782406665630932530, 58.63315649750697389 ) ) ;
#1673 = CARTESIAN_POINT ( 'NONE',  ( 44.87969810056210207, -4.596588381714281191, -79.84592383598889853 ) ) ;
#1674 = CARTESIAN_POINT ( 'NONE',  ( 1.180412703075651937, -5.942206017373005800, 54.04319279652568753 ) ) ;
#1675 = CARTESIAN_POINT ( 'NONE',  ( 148.3498727009494758, -4.526160222085054308, 66.11047695451266293 ) ) ;
#1676 = CARTESIAN_POINT ( 'NONE',  ( 16.82609766055213996, -23.72616210370784984, 5.295917273760318622 ) ) ;
#1677 = CARTESIAN_POINT ( 'NONE',  ( 3.983580675414176486, -41.62043749698337081, -8.075788158952068585 ) ) ;
#1678 = CARTESIAN_POINT ( 'NONE',  ( -18.00000000000000355, -5.300504683240888859, 54.42946996789176950 ) ) ;
#1679 = CARTESIAN_POINT ( 'NONE',  ( 173.8807510931648324, -5.954244265172620842, 15.57655416311562746 ) ) ;
#1680 = CARTESIAN_POINT ( 'NONE',  ( 166.3541641711309467, -12.19584895833999560, 33.10245240618141338 ) ) ;
#1681 = CARTESIAN_POINT ( 'NONE',  ( 112.4865340921026018, -4.000000000002043699, -92.17501471762454912 ) ) ;
#1682 = ORIENTED_EDGE ( 'NONE', *, *, #1282, .T. ) ;
#1683 = FACE_OUTER_BOUND ( 'NONE', #1016, .T. ) ;
#1684 = CARTESIAN_POINT ( 'NONE',  ( 156.2726550680939113, -4.000000000000026645, 61.97634842396951882 ) ) ;
#1685 = CARTESIAN_POINT ( 'NONE',  ( -0.5777385475361077605, -8.826899658326418319, 173.9554770950722116 ) ) ;
#1686 = CARTESIAN_POINT ( 'NONE',  ( 20.50177320900156985, -7.834548359420181463, 57.79751352759247141 ) ) ;
#1687 = CARTESIAN_POINT ( 'NONE',  ( 16.48279713411115210, -3.817371803000008779, 54.11907425354417001 ) ) ;
#1688 = CARTESIAN_POINT ( 'NONE',  ( 21.55772776314898564, -17.33660247817169520, 47.56016038952584069 ) ) ;
#1689 = CARTESIAN_POINT ( 'NONE',  ( 86.39999999999994884, -64.66763823405520384, 0.000000000000000000 ) ) ;
#1690 = CARTESIAN_POINT ( 'NONE',  ( 173.5363059296234951, -4.134664643721291277, -35.74871981129669507 ) ) ;
#1691 = CARTESIAN_POINT ( 'NONE',  ( 105.9831598754518893, -1.884719584050451739E-14, -94.31560207633151549 ) ) ;
#1692 = CARTESIAN_POINT ( 'NONE',  ( 17.10423863405935663, -4.000000000000005329, -54.78276682281493493 ) ) ;
#1693 = CARTESIAN_POINT ( 'NONE',  ( 2.063209557479434686, -5.114802753787837553, 53.10881556472564569 ) ) ;
#1694 = CARTESIAN_POINT ( 'NONE',  ( 20.39288660440797329, -2.875412750409046314, 55.71487620969444521 ) ) ;
#1695 = FACE_OUTER_BOUND ( 'NONE', #6306, .T. ) ;
#1696 = ORIENTED_EDGE ( 'NONE', *, *, #5789, .F. ) ;
#1697 = CARTESIAN_POINT ( 'NONE',  ( 16.54679223018042933, -4.506147481038004443, 52.00214523787972354 ) ) ;
#1698 = CARTESIAN_POINT ( 'NONE',  ( 20.59809286701421627, -6.369447882729263100, 59.53900209519339626 ) ) ;
#1699 = CARTESIAN_POINT ( 'NONE',  ( 19.73401741820281430, -1.491775161688140283, -56.40648178850404548 ) ) ;
#1700 = EDGE_CURVE ( 'NONE', #2338, #3074, #1933, .T. ) ;
#1701 = CARTESIAN_POINT ( 'NONE',  ( 53.84857822697826180, -4.367050216627143655, -84.78416516841174655 ) ) ;
#1702 = CARTESIAN_POINT ( 'NONE',  ( 57.55863057366939728, -5.296018902987187360, -84.72746429407153812 ) ) ;
#1703 = CARTESIAN_POINT ( 'NONE',  ( 78.09504021120373807, -3.430911900466268705, -100.7698573654164136 ) ) ;
#1704 = CARTESIAN_POINT ( 'NONE',  ( 172.7999645039342624, -2.750000000005643930, 5.502228282717877805E-09 ) ) ;
#1705 = CIRCLE ( 'NONE', #7109, 12.74499999999999567 ) ;
#1706 = CARTESIAN_POINT ( 'NONE',  ( 17.35347365072857428, -8.048542532175384068, 50.79939852384230647 ) ) ;
#1707 = ORIENTED_EDGE ( 'NONE', *, *, #617, .T. ) ;
#1708 = CARTESIAN_POINT ( 'NONE',  ( 21.62776324218365076, -10.02405820229549427, 56.71971576020654737 ) ) ;
#1709 = CARTESIAN_POINT ( 'NONE',  ( 16.41992773375444514, -4.043494493874829843, 52.19335513562733553 ) ) ;
#1710 = CARTESIAN_POINT ( 'NONE',  ( 169.5541752804209068, -3.469446951953614189E-15, -23.95462078700874287 ) ) ;
#1711 = EDGE_LOOP ( 'NONE', ( #436, #6597 ) ) ;
#1712 = CARTESIAN_POINT ( 'NONE',  ( 170.0925763233018415, -4.632665568148785162, 35.66196877626326511 ) ) ;
#1713 = CARTESIAN_POINT ( 'NONE',  ( 16.67459856973401244, -19.38779576690853546, 22.94100067574424173 ) ) ;
#1714 = CARTESIAN_POINT ( 'NONE',  ( 22.59345117150969529, -2.750000000000003109, -58.25533732283664534 ) ) ;
#1715 = CIRCLE ( 'NONE', #4777, 105.4399999999999977 ) ;
#1716 = CARTESIAN_POINT ( 'NONE',  ( -18.00000000000000355, -30.19644315249419009, -30.16323895345197670 ) ) ;
#1717 = CARTESIAN_POINT ( 'NONE',  ( 22.29573055862792330, -2.749999999999978240, -57.92924660401006065 ) ) ;
#1718 = CARTESIAN_POINT ( 'NONE',  ( 67.59125957590507028, -5.904783293238767605, 163.9639165717685785 ) ) ;
#1719 = VERTEX_POINT ( 'NONE', #4031 ) ;
#1720 = CARTESIAN_POINT ( 'NONE',  ( 22.72811646883246439, -3.015655681686352452, -58.12713241405475628 ) ) ;
#1721 = CARTESIAN_POINT ( 'NONE',  ( 126.0374721643824358, -4.000000000000022204, -88.30380015775725155 ) ) ;
#1722 = CARTESIAN_POINT ( 'NONE',  ( 133.9282626281762418, -18.81133930434819135, -78.81385209624140487 ) ) ;
#1723 = ORIENTED_EDGE ( 'NONE', *, *, #4098, .T. ) ;
#1724 = CARTESIAN_POINT ( 'NONE',  ( 19.41703558639385108, -7.360711942128752128, 56.70471951865265936 ) ) ;
#1725 = CARTESIAN_POINT ( 'NONE',  ( 19.88134873829248406, -4.518311340530986264, 60.69080519999360490 ) ) ;
#1726 = CARTESIAN_POINT ( 'NONE',  ( -6.001329424307068665E-16, -4.000000000000002665, 0.000000000000000000 ) ) ;
#1727 = CARTESIAN_POINT ( 'NONE',  ( 20.67596484172345583, -19.35710041793901226, -22.64455622207333718 ) ) ;
#1728 = CARTESIAN_POINT ( 'NONE',  ( 93.05172750976133500, -4.007018056175557064, 90.02239195445281439 ) ) ;
#1729 = CARTESIAN_POINT ( 'NONE',  ( 157.7046823023802915, -2.660714320077159403E-14, -64.68773659447218449 ) ) ;
#1730 = CARTESIAN_POINT ( 'NONE',  ( 15.89790756553445483, 2.853724551912608653, -54.42576048071834549 ) ) ;
#1731 = CARTESIAN_POINT ( 'NONE',  ( 8.501188020399522927, -38.13527465316772691, 3.012039403943514770 ) ) ;
#1732 = CARTESIAN_POINT ( 'NONE',  ( 22.52156552794050981, -2.612162712305670098, 58.31948622226212819 ) ) ;
#1733 = CARTESIAN_POINT ( 'NONE',  ( 32.50656313703349554, -3.430911900466262487, 85.55135310490311440 ) ) ;
#1734 = ORIENTED_EDGE ( 'NONE', *, *, #5297, .T. ) ;
#1735 = EDGE_CURVE ( 'NONE', #4356, #6004, #2036, .T. ) ;
#1736 = CARTESIAN_POINT ( 'NONE',  ( 18.28219845241443764, -6.849700390999879041, 55.10438781254924123 ) ) ;
#1737 = CARTESIAN_POINT ( 'NONE',  ( 16.47578686573927342, -3.970886027536085994, 53.17510674734085541 ) ) ;
#1738 = CARTESIAN_POINT ( 'NONE',  ( 19.78801121364212534, -1.661887273793493991, -52.64231847192770886 ) ) ;
#1739 = CARTESIAN_POINT ( 'NONE',  ( 169.5021362041824489, -4.363138820093614534, -41.69847721907775195 ) ) ;
#1740 = CARTESIAN_POINT ( 'NONE',  ( 174.2395635970783303, -5.448456043234770618, -17.88933980129055357 ) ) ;
#1741 = DIRECTION ( 'NONE',  ( 1.500332356076765934E-16, 1.000000000000000000, -0.000000000000000000 ) ) ;
#1742 = CARTESIAN_POINT ( 'NONE',  ( 52.47704990780394496, -53.58168655585619433, -0.000000000000000000 ) ) ;
#1743 = CARTESIAN_POINT ( 'NONE',  ( 57.86683171984105201, -8.838390625155875924, -81.69638322168037803 ) ) ;
#1744 = CARTESIAN_POINT ( 'NONE',  ( 16.01551494480011328, -3.362945639259095287, 46.77751028308765768 ) ) ;
#1745 = CARTESIAN_POINT ( 'NONE',  ( 19.75989076883758599, -9.591245702710759602, 54.63652232199392955 ) ) ;
#1746 = CARTESIAN_POINT ( 'NONE',  ( 16.41589436882733821, -4.036151056453504360, 52.17481901905770059 ) ) ;
#1747 = CARTESIAN_POINT ( 'NONE',  ( 188.2611111111347384, -3.122502256758252770E-14, -5.691111481175473941 ) ) ;
#1748 = EDGE_LOOP ( 'NONE', ( #1515, #4211 ) ) ;
#1749 = CARTESIAN_POINT ( 'NONE',  ( 41.74352928925677020, -4.255359851962916551, -78.37019034275955676 ) ) ;
#1750 = CARTESIAN_POINT ( 'NONE',  ( 16.73197626736651955, -21.03087804910379077, 18.33677579701450355 ) ) ;
#1751 = CARTESIAN_POINT ( 'NONE',  ( -1.896021314582092332, -1.445044426657960734, -61.08482834554876462 ) ) ;
#1752 = CARTESIAN_POINT ( 'NONE',  ( 21.43772521446265955, -28.37218606005631116, -27.61744479857536305 ) ) ;
#1753 = CARTESIAN_POINT ( 'NONE',  ( 106.4941102468182663, -4.596643496356752401, 87.74212662574885258 ) ) ;
#1754 = ORIENTED_EDGE ( 'NONE', *, *, #2904, .T. ) ;
#1755 = CARTESIAN_POINT ( 'NONE',  ( -22.00000000000000000, -3.083293987102647016, -60.30191525485845006 ) ) ;
#1756 = CARTESIAN_POINT ( 'NONE',  ( 176.2066208621205305, -4.000000000000030198, 29.06729817955349660 ) ) ;
#1757 = CARTESIAN_POINT ( 'NONE',  ( 154.8348980764887983, -31.58140437854547500, -38.66061327329011732 ) ) ;
#1758 = CARTESIAN_POINT ( 'NONE',  ( 16.38684239815787436, -4.029024786762266608, 51.84412164066430506 ) ) ;
#1759 = CARTESIAN_POINT ( 'NONE',  ( 16.47384712853734001, -3.842964658366737840, 53.86883393159485678 ) ) ;
#1760 = CARTESIAN_POINT ( 'NONE',  ( 19.27774868855212276, -0.9322258310266675618, 53.49156467572565532 ) ) ;
#1761 = CARTESIAN_POINT ( 'NONE',  ( 20.95244836907571440, -27.27455273487365162, -9.758142702649221789 ) ) ;
#1762 = CARTESIAN_POINT ( 'NONE',  ( 178.2006611110281256, -4.132060825458630404, -18.69493382879683452 ) ) ;
#1763 = CARTESIAN_POINT ( 'NONE',  ( 83.69518858206789957, -1.550325939222710453E-14, -95.24601081220112064 ) ) ;
#1764 = CARTESIAN_POINT ( 'NONE',  ( -22.00000000000000355, -5.942206017373004023, -58.67688095132922399 ) ) ;
#1765 = CARTESIAN_POINT ( 'NONE',  ( 7.744914572265197528, -37.99818925906026834, 4.593588398896555347 ) ) ;
#1766 = CARTESIAN_POINT ( 'NONE',  ( 20.32638555565309346, -2.668173693507710720, 55.85700103101898151 ) ) ;
#1767 = CARTESIAN_POINT ( 'NONE',  ( 18.91777349341475301, -0.5645081457092713251, 54.11016822915085100 ) ) ;
#1768 = CARTESIAN_POINT ( 'NONE',  ( 17.81720796250088057, -6.359089325590533193, 54.43325901536292122 ) ) ;
#1769 = CARTESIAN_POINT ( 'NONE',  ( 20.62803970671972564, -5.934601100132719687, 60.03404875375815664 ) ) ;
#1770 = CARTESIAN_POINT ( 'NONE',  ( 19.01636348292299772, -0.6886710501810776597, -53.32385843443618256 ) ) ;
#1771 = CARTESIAN_POINT ( 'NONE',  ( 132.0707822217774776, -4.214609241776743787, 78.57492508404709497 ) ) ;
#1772 = CARTESIAN_POINT ( 'NONE',  ( 49.60544210045701874, -4.990570773635193191, -81.84806770490840222 ) ) ;
#1773 = CARTESIAN_POINT ( 'NONE',  ( 187.1764115689233279, -3.715455950233157889, -0.0001977462823711310079 ) ) ;
#1774 = CARTESIAN_POINT ( 'NONE',  ( 60.56195844322787991, -55.92103085602875012, 0.000000000000000000 ) ) ;
#1775 = CARTESIAN_POINT ( 'NONE',  ( 31.49374938130746671, -6.722053469410127491E-15, 68.85658850225601668 ) ) ;
#1776 = CARTESIAN_POINT ( 'NONE',  ( 21.44785796895263630, -12.29452011956575852, 53.87360663531418226 ) ) ;
#1777 = B_SPLINE_CURVE_WITH_KNOTS ( 'NONE', 3,
 ( #6405, #4106, #6963, #229 ),
 .UNSPECIFIED., .F., .F.,
 ( 4, 4 ),
 ( 0.07518130902483814715, 0.07527564193845229235 ),
 .UNSPECIFIED. ) ;
#1778 = CARTESIAN_POINT ( 'NONE',  ( 21.08205069889970318, -9.737464805173784654, 56.38775797278405832 ) ) ;
#1779 = CARTESIAN_POINT ( 'NONE',  ( 16.41744661585134679, -4.054392828325610765, 52.11977033438523677 ) ) ;
#1780 = CARTESIAN_POINT ( 'NONE',  ( 159.6817638459297939, 5.880684600793306607E-11, -46.02416551364260755 ) ) ;
#1781 = ORIENTED_EDGE ( 'NONE', *, *, #1148, .F. ) ;
#1782 = CARTESIAN_POINT ( 'NONE',  ( 116.3557287044213808, -4.311969253971056126, 85.28179901666328533 ) ) ;
#1783 = CARTESIAN_POINT ( 'NONE',  ( -1.635912861004460872, -36.72885756021789661, 12.84030666018139044 ) ) ;
#1784 = CARTESIAN_POINT ( 'NONE',  ( 86.39999999999997726, -57.99749635261596126, 0.000000000000000000 ) ) ;
#1785 = DIRECTION ( 'NONE',  ( -1.000000000000000000, 1.490420224606776581E-16, 0.000000000000000000 ) ) ;
#1786 = CARTESIAN_POINT ( 'NONE',  ( 172.4399472306113523, -5.920439836604895589, 22.12399816279632248 ) ) ;
#1787 = EDGE_CURVE ( 'NONE', #2992, #5692, #6049, .T. ) ;
#1788 = ORIENTED_EDGE ( 'NONE', *, *, #4007, .F. ) ;
#1789 = CARTESIAN_POINT ( 'NONE',  ( 171.6111706980806559, -2.749999999981549870, 15.97761007453928706 ) ) ;
#1790 = CARTESIAN_POINT ( 'NONE',  ( 181.3138016009568787, -4.000000000000031974, 4.809168673025381757 ) ) ;
#1791 = CARTESIAN_POINT ( 'NONE',  ( 2.906866357821266789, -13.47642778113339190, 6.938893903907228378E-14 ) ) ;
#1792 = CARTESIAN_POINT ( 'NONE',  ( 19.39756993913518102, -7.189566968782239442, 56.88294738819310226 ) ) ;
#1793 = CARTESIAN_POINT ( 'NONE',  ( 19.60993459107609738, -4.055606375155291765, 60.87260109044834877 ) ) ;
#1794 = CARTESIAN_POINT ( 'NONE',  ( 0.4875835940434635196, -6.042206017373000115, -58.61996200337881646 ) ) ;
#1795 = CARTESIAN_POINT ( 'NONE',  ( 24.07036435697678556, -19.98154428340460242, -38.07069641076991218 ) ) ;
#1796 = CARTESIAN_POINT ( 'NONE',  ( 59.95820248674510822, -4.105624968190952906, -88.33329656456581347 ) ) ;
#1797 = CARTESIAN_POINT ( 'NONE',  ( 158.1695658919612697, -2.667689118989735270E-14, 59.57063289251062344 ) ) ;
#1798 = CARTESIAN_POINT ( 'NONE',  ( 45.12114550256212908, -51.13139327542300094, 82.55770899487572478 ) ) ;
#1799 = CARTESIAN_POINT ( 'NONE',  ( -2.785214963853930303, -3.739420108317044633, -59.89240341370164344 ) ) ;
#1800 = CARTESIAN_POINT ( 'NONE',  ( 17.36219751129691957, 0.3150894804668810112, 55.46784141863700057 ) ) ;
#1801 = CARTESIAN_POINT ( 'NONE',  ( 110.2106461648684501, -3.430911900466274034, 98.26794840737137804 ) ) ;
#1802 = EDGE_LOOP ( 'NONE', ( #94, #643, #4535, #5970 ) ) ;
#1803 = CARTESIAN_POINT ( 'NONE',  ( 16.35534230919555654, -4.046279515818951289, 51.36610919337941539 ) ) ;
#1804 = CARTESIAN_POINT ( 'NONE',  ( 19.76859117937202370, -5.398150080633517867, 59.60129337629459911 ) ) ;
#1805 = CARTESIAN_POINT ( 'NONE',  ( 19.75026125809963062, -1.588468762037421378, -52.79313130222865880 ) ) ;
#1806 = CARTESIAN_POINT ( 'NONE',  ( 38.75938781589482574, -4.027538545303291251, -76.65916098611326390 ) ) ;
#1807 = CARTESIAN_POINT ( 'NONE',  ( 174.0688990377487926, -5.354023196904659443, 19.06150872890028580 ) ) ;
#1808 = CARTESIAN_POINT ( 'NONE',  ( 18.44139482024159093, -0.2094274407224436529, -53.97506718729938768 ) ) ;
#1809 = CARTESIAN_POINT ( 'NONE',  ( 64.64023044404579821, -56.67869368060049595, -0.000000000000000000 ) ) ;
#1810 = CARTESIAN_POINT ( 'NONE',  ( 108.0190001414487426, -3.469446951953614189E-14, -83.68661191483859341 ) ) ;
#1811 = VERTEX_POINT ( 'NONE', #2815 ) ;
#1812 = CARTESIAN_POINT ( 'NONE',  ( 21.48947576816637550, -9.150273392614984402, 57.53111699823203651 ) ) ;
#1813 = CARTESIAN_POINT ( 'NONE',  ( 16.42194527051194086, -4.047167529448448597, 52.20262202386640382 ) ) ;
#1814 = CARTESIAN_POINT ( 'NONE',  ( 114.9667639714644309, -1.683268538955514922E-11, -81.54978566142693808 ) ) ;
#1815 = EDGE_LOOP ( 'NONE', ( #6930, #4047, #2571 ) ) ;
#1816 = CARTESIAN_POINT ( 'NONE',  ( 176.5442976105235289, -4.705154243541363357, -14.83778148387684404 ) ) ;
#1817 = CARTESIAN_POINT ( 'NONE',  ( 155.2578456418457336, -3.999999999999277467, -66.34703051289150721 ) ) ;
#1818 = CARTESIAN_POINT ( 'NONE',  ( 16.10354284855968743, -3.034899496702514909, 48.33337043175458803 ) ) ;
#1819 = CARTESIAN_POINT ( 'NONE',  ( 0.6240232305252542133, -1.810532924756066975E-15, -61.79999999999999005 ) ) ;
#1820 = CARTESIAN_POINT ( 'NONE',  ( 21.42576552961823921, -29.27509657348693040, -25.20402232390688013 ) ) ;
#1821 = ADVANCED_FACE ( 'NONE', ( #5059 ), #2419, .F. ) ;
#1822 = AXIS2_PLACEMENT_3D ( 'NONE', #883, #3763, #3207 ) ;
#1823 = CARTESIAN_POINT ( 'NONE',  ( 43.49693700110614714, -4.689280856995410751, -79.00035031162937571 ) ) ;
#1824 = CARTESIAN_POINT ( 'NONE',  ( 105.9866721922458908, 3.135150920113294169E-12, 85.94334079543529015 ) ) ;
#1825 = VECTOR ( 'NONE', #6025, 1000.000000000000000 ) ;
#1826 = CARTESIAN_POINT ( 'NONE',  ( 20.17492099539298067, -5.046714737372327342, -60.46347062465708433 ) ) ;
#1827 = CARTESIAN_POINT ( 'NONE',  ( 136.4838744611537606, -46.05197166201082126, -28.29365362108860538 ) ) ;
#1828 = CARTESIAN_POINT ( 'NONE',  ( 19.40730276276451605, -7.275139455455495785, 56.79383345342287726 ) ) ;
#1829 = AXIS2_PLACEMENT_3D ( 'NONE', #1272, #5773, #1785 ) ;
#1830 = CARTESIAN_POINT ( 'NONE',  ( 16.46355463308021072, -3.773622767108290255, 54.21245710741616364 ) ) ;
#1831 = CARTESIAN_POINT ( 'NONE',  ( 33.62745298071137512, -47.26221975847405332, -1.112684768943767555 ) ) ;
#1832 = CARTESIAN_POINT ( 'NONE',  ( -2.179733859829516174, -2.000000000000017764, -60.80283175413602947 ) ) ;
#1833 = CARTESIAN_POINT ( 'NONE',  ( 113.3047550054328383, -4.016606688058378616, 86.88471383353294186 ) ) ;
#1834 = CARTESIAN_POINT ( 'NONE',  ( 162.4552758742527772, -2.731989012541664858E-14, 54.31645177296795879 ) ) ;
#1835 = CARTESIAN_POINT ( 'NONE',  ( 21.31449578088061614, -33.24540241821885189, 130.1710084382387720 ) ) ;
#1836 = CARTESIAN_POINT ( 'NONE',  ( 174.8897192506740907, -6.728360853945023479, 1.083686514377859384E-14 ) ) ;
#1837 = CARTESIAN_POINT ( 'NONE',  ( 16.53308672592319439, 0.5692759818017881779, 54.70288910345784217 ) ) ;
#1838 = APPROVAL_PERSON_ORGANIZATION ( #1195, #966, #6279 ) ;
#1839 = CARTESIAN_POINT ( 'NONE',  ( 18.28663476542927668, -0.06521529356541333478, 54.19254828930085210 ) ) ;
#1840 = CARTESIAN_POINT ( 'NONE',  ( 19.73574616352115285, -7.719049543374167932, 56.82123981271229241 ) ) ;
#1841 = CARTESIAN_POINT ( 'NONE',  ( 16.68815650420113528, -4.198429839527831220, 54.07086381219642135 ) ) ;
#1842 = CARTESIAN_POINT ( 'NONE',  ( 19.90663065822188926, -1.927534872799917531, -52.00191833467364688 ) ) ;
#1843 = CARTESIAN_POINT ( 'NONE',  ( 40.17572819419634556, -4.065470086819967577, -77.62931548798688652 ) ) ;
#1844 = CARTESIAN_POINT ( 'NONE',  ( 152.7109765596115096, -5.122921765401252436, 60.84031659872807296 ) ) ;
#1845 = CARTESIAN_POINT ( 'NONE',  ( 20.00346637841012409, -2.209199190154864656, -51.16727680400932599 ) ) ;
#1846 = CARTESIAN_POINT ( 'NONE',  ( -5.747812694102958772E-15, -38.31026286157669603, 0.000000000000000000 ) ) ;
#1847 = CARTESIAN_POINT ( 'NONE',  ( 123.9660267272515597, -6.938893903907228378E-15, -77.95661844602406632 ) ) ;
#1848 = ORIENTED_EDGE ( 'NONE', *, *, #1911, .T. ) ;
#1849 = EDGE_LOOP ( 'NONE', ( #4284, #532, #1863 ) ) ;
#1850 = CARTESIAN_POINT ( 'NONE',  ( 19.77558936412977175, -8.246669779059299543, 56.25449100352394538 ) ) ;
#1851 = CARTESIAN_POINT ( 'NONE',  ( 20.94639141203595400, -7.303189892741311695, 58.93470457658484207 ) ) ;
#1852 = CARTESIAN_POINT ( 'NONE',  ( 17.99452809520003527, -5.204170427930421283E-15, 54.62123046780388336 ) ) ;
#1853 = CARTESIAN_POINT ( 'NONE',  ( 2.904845145309516319, -41.55810467756128901, 8.523418581855951359 ) ) ;
#1854 = CARTESIAN_POINT ( 'NONE',  ( 49.24865081847503490, -4.408262739502964322, -82.44589430521409668 ) ) ;
#1855 = CARTESIAN_POINT ( 'NONE',  ( 166.1291970996159080, -4.000000000000028422, 49.27112920388676542 ) ) ;
#1856 = ORIENTED_EDGE ( 'NONE', *, *, #170, .T. ) ;
#1857 = CARTESIAN_POINT ( 'NONE',  ( 12.33233163189794368, -38.04796907119020943, 4.062982994198927500 ) ) ;
#1858 = B_SPLINE_CURVE_WITH_KNOTS ( 'NONE', 3,
 ( #3895, #3930, #5621, #6167 ),
 .UNSPECIFIED., .F., .F.,
 ( 4, 4 ),
 ( 0.000000000000000000, 0.8823425127936491696 ),
 .UNSPECIFIED. ) ;
#1859 = FACE_OUTER_BOUND ( 'NONE', #6967, .T. ) ;
#1860 = CARTESIAN_POINT ( 'NONE',  ( 15.97077863326907732, -3.250952837343234592, 44.96971468627972968 ) ) ;
#1861 = CARTESIAN_POINT ( 'NONE',  ( 130.0035634984684236, -5.252803443775794889, -79.37773422429114589 ) ) ;
#1862 = CARTESIAN_POINT ( 'NONE',  ( 49.69368528942821683, -5.164154841494518422, -81.74481944321568960 ) ) ;
#1863 = ORIENTED_EDGE ( 'NONE', *, *, #3483, .F. ) ;
#1864 = CARTESIAN_POINT ( 'NONE',  ( 140.8084563961806737, -2.749999999950329510, -67.49775928156022076 ) ) ;
#1865 = EDGE_CURVE ( 'NONE', #923, #2907, #1777, .T. ) ;
#1866 = CARTESIAN_POINT ( 'NONE',  ( 1.159420552562971052, -37.45122521454872100, -8.944546576022975870 ) ) ;
#1867 = CARTESIAN_POINT ( 'NONE',  ( 104.7607578250674578, -54.88020756833025615, -30.44676938689310219 ) ) ;
#1868 = CARTESIAN_POINT ( 'NONE',  ( 21.27296151637025545, -8.037210696658544151, 58.50760330086693983 ) ) ;
#1869 = CARTESIAN_POINT ( 'NONE',  ( 16.42108868872227134, -3.766203477629187280, 53.81638691398553931 ) ) ;
#1870 = CARTESIAN_POINT ( 'NONE',  ( 159.5718911911934299, -33.22972007004626960, 43.22219982320984855 ) ) ;
#1871 = CARTESIAN_POINT ( 'NONE',  ( 40.81862038867983955, -4.423335898671595601, -77.67833178563125784 ) ) ;
#1872 = CARTESIAN_POINT ( 'NONE',  ( 174.8374569075984084, -4.039501767547309719, 30.02563086320139973 ) ) ;
#1873 = CARTESIAN_POINT ( 'NONE',  ( 177.7524310325557337, -2.961497180940951451E-14, 24.07342174545057034 ) ) ;
#1874 = CARTESIAN_POINT ( 'NONE',  ( 7.618853827255523292, -13.55827590857126275, -48.88618200508465605 ) ) ;
#1875 = CARTESIAN_POINT ( 'NONE',  ( 22.63365980318716097, -2.827943174575351826, 58.21856216157883779 ) ) ;
#1876 = CARTESIAN_POINT ( 'NONE',  ( 152.8923315754793464, -3.430911900466280251, 76.17287178936402370 ) ) ;
#1877 = CARTESIAN_POINT ( 'NONE',  ( 21.19795230157774668, -8.419819509272285174, 58.00428058798853925 ) ) ;
#1878 = CARTESIAN_POINT ( 'NONE',  ( 20.22453971783203741, -5.443355833961745383, 60.10139505384205449 ) ) ;
#1879 = CARTESIAN_POINT ( 'NONE',  ( 12.50947101127104943, 4.113014985447306593, -53.45434779556784832 ) ) ;
#1880 = CARTESIAN_POINT ( 'NONE',  ( 110.0218405371965531, -4.371939801534225012, -89.93758721188477523 ) ) ;
#1881 = CARTESIAN_POINT ( 'NONE',  ( 135.3561617391305845, -5.524925866841588373, -75.11140930259769277 ) ) ;
#1882 = CARTESIAN_POINT ( 'NONE',  ( 19.43673186757867555, -1.113928105022867543, -53.43491666329889966 ) ) ;
#1883 = CARTESIAN_POINT ( 'NONE',  ( 17.10293367557877886, -5.512207922195363679E-15, 45.88417211662140005 ) ) ;
#1884 = CARTESIAN_POINT ( 'NONE',  ( 150.9397100715113140, -5.046336169914644466E-11, -57.64604537604375878 ) ) ;
#1885 = ORIENTED_EDGE ( 'NONE', *, *, #2945, .F. ) ;
#1886 = CARTESIAN_POINT ( 'NONE',  ( 21.44030270618727485, -9.128708100693682326, 57.49934637248201597 ) ) ;
#1887 = CARTESIAN_POINT ( 'NONE',  ( 16.43894927158980934, -4.016663724815939140, 52.52944028888122574 ) ) ;
#1888 = CARTESIAN_POINT ( 'NONE',  ( 112.9426867220257265, -2.081668171172168513E-14, -102.7724307291104822 ) ) ;
#1889 = CARTESIAN_POINT ( 'NONE',  ( -7.153518128214160221, -41.92961551018218813, 5.492731044392362705 ) ) ;
#1890 = CARTESIAN_POINT ( 'NONE',  ( 113.1289919090633305, -4.210711670457777167, 86.38811489962120049 ) ) ;
#1891 = CARTESIAN_POINT ( 'NONE',  ( 181.5364288893553066, -4.000000000000031086, -4.769338425309840979 ) ) ;
#1892 = CARTESIAN_POINT ( 'NONE',  ( 21.56173989990326589, -16.82933799700388633, 48.26107330616677871 ) ) ;
#1893 = CARTESIAN_POINT ( 'NONE',  ( 20.66654057471251704, -6.089332281263595270, 59.91439951894079030 ) ) ;
#1894 = CARTESIAN_POINT ( 'NONE',  ( 21.37004355458729066, -33.47037867499503960, -6.445866130480855993 ) ) ;
#1895 = CARTESIAN_POINT ( 'NONE',  ( 175.6591733623927780, -5.128962358214552708, 12.45648963333468373 ) ) ;
#1896 = DATE_AND_TIME ( #3492, #1952 ) ;
#1897 = CARTESIAN_POINT ( 'NONE',  ( 106.4870022432273657, -4.512039951764807100, 87.78822853358353484 ) ) ;
#1898 = CARTESIAN_POINT ( 'NONE',  ( 172.9679658245184157, 1.237416592236240380E-11, -27.89138128942015982 ) ) ;
#1899 = CARTESIAN_POINT ( 'NONE',  ( 8.999905474557236218, -38.30312748472066176, -0.04124862464117440980 ) ) ;
#1900 = CARTESIAN_POINT ( 'NONE',  ( 34.64054613872183808, -5.819594407529436353, -89.62800663764224396 ) ) ;
#1901 = CARTESIAN_POINT ( 'NONE',  ( 21.27831188183849065, -8.039078985718132841, 58.51153648593133738 ) ) ;
#1902 = CARTESIAN_POINT ( 'NONE',  ( 19.42289030965381613, -4.089109616540278935, 60.62681208948929168 ) ) ;
#1903 = CARTESIAN_POINT ( 'NONE',  ( 124.9619253871093463, -38.48506133258117501, 66.88242186954948920 ) ) ;
#1904 = CARTESIAN_POINT ( 'NONE',  ( 20.34922906149770228, -10.00061185880312564, 39.55159943672363454 ) ) ;
#1905 = CARTESIAN_POINT ( 'NONE',  ( 178.6467554072682731, -4.040960199857470236, 16.43873458353746742 ) ) ;
#1906 = CARTESIAN_POINT ( 'NONE',  ( 180.2559033892200659, -2.999057586733422350E-14, 13.08633285526928702 ) ) ;
#1907 = CARTESIAN_POINT ( 'NONE',  ( 11.39205835894478547, -20.55267688977875196, -42.81776531091360738 ) ) ;
#1908 = CARTESIAN_POINT ( 'NONE',  ( 17.21503390384230059, 0.0007598339836415128742, 46.62506697854907856 ) ) ;
#1909 = CARTESIAN_POINT ( 'NONE',  ( 48.27379434288600635, -33.24540241821884479, -65.08550421972637423 ) ) ;
#1910 = CARTESIAN_POINT ( 'NONE',  ( 16.36344161649654438, -4.064747503555757646, 51.40381086114343390 ) ) ;
#1911 = EDGE_CURVE ( 'NONE', #2549, #1670, #178, .T. ) ;
#1912 = CARTESIAN_POINT ( 'NONE',  ( 20.37449440024426650, -5.454167264460689779, 60.25790619256466130 ) ) ;
#1913 = CARTESIAN_POINT ( 'NONE',  ( 20.34922906149853716, -10.00061185882699988, 39.55159943673846357 ) ) ;
#1914 = CARTESIAN_POINT ( 'NONE',  ( 118.4045702298599281, -4.373194842427313489, -87.33304177096353271 ) ) ;
#1915 = CARTESIAN_POINT ( 'NONE',  ( 149.6614994673854824, -58.99259783589955930, 7.747299283199561868E-15 ) ) ;
#1916 = CARTESIAN_POINT ( 'NONE',  ( 34.29591840025669569, -2.750000000000004885, -68.92114828300012164 ) ) ;
#1917 = CARTESIAN_POINT ( 'NONE',  ( 113.8204254508033415, 2.080666906768706353E-12, -81.94234444609389811 ) ) ;
#1918 = VERTEX_POINT ( 'NONE', #5277 ) ;
#1919 = ORIENTED_EDGE ( 'NONE', *, *, #4527, .T. ) ;
#1920 = CARTESIAN_POINT ( 'NONE',  ( 18.22929957538998380, -7.590177396576343938, 53.98738255460333590 ) ) ;
#1921 = CARTESIAN_POINT ( 'NONE',  ( 21.09773587640590975, -7.347485039968870701, 59.05728468353705551 ) ) ;
#1922 = DIRECTION ( 'NONE',  ( 1.500332356076765934E-16, 1.000000000000000000, -0.000000000000000000 ) ) ;
#1923 = CARTESIAN_POINT ( 'NONE',  ( 168.3724978370923679, -4.726287993153283296, -41.13302792438881994 ) ) ;
#1924 = CARTESIAN_POINT ( 'NONE',  ( 171.4765612994616788, -4.000000000000029310, 40.09014298485380579 ) ) ;
#1925 = CARTESIAN_POINT ( 'NONE',  ( 1.767195141725928842, -36.72828643271918025, 12.84399080961287432 ) ) ;
#1926 = CARTESIAN_POINT ( 'NONE',  ( -8.998799112008937229, -38.29893327245715540, 0.1470188481355302890 ) ) ;
#1927 = CARTESIAN_POINT ( 'NONE',  ( 15.98985024335840954, -4.316772146332659155, 46.02940868330242097 ) ) ;
#1928 = CARTESIAN_POINT ( 'NONE',  ( 156.1374672598549864, -5.237331758135183257, -57.73091150439596930 ) ) ;
#1929 = CARTESIAN_POINT ( 'NONE',  ( 173.2332221799702268, -6.079175107384422461, -17.69179982409951180 ) ) ;
#1930 = ORIENTED_EDGE ( 'NONE', *, *, #930, .F. ) ;
#1931 = CARTESIAN_POINT ( 'NONE',  ( 58.37211917078594325, 3.009956937638975309E-12, -84.93308859760014684 ) ) ;
#1932 = CARTESIAN_POINT ( 'NONE',  ( 2.318710665827295347, -37.48876889485210739, -8.701177698016563156 ) ) ;
#1933 = CIRCLE ( 'NONE', #3365, 16.74499999999999744 ) ;
#1934 = CARTESIAN_POINT ( 'NONE',  ( 34.09694556876961968, -4.481915242111151443, -90.56931941931280505 ) ) ;
#1935 = CARTESIAN_POINT ( 'NONE',  ( 16.40340729278406329, -4.044991390194018877, 51.98672795800052171 ) ) ;
#1936 = CARTESIAN_POINT ( 'NONE',  ( 16.45070670148961156, -3.797557965088907750, 53.90881865502016979 ) ) ;
#1937 = CARTESIAN_POINT ( 'NONE',  ( 112.9674345654848366, -50.78462308660629532, 46.07898461404096935 ) ) ;
#1938 = CARTESIAN_POINT ( 'NONE',  ( 24.06227851602966439, -16.73574233569513581, 42.97962628487304215 ) ) ;
#1939 = AXIS2_PLACEMENT_3D ( 'NONE', #4219, #5527, #3877 ) ;
#1940 = CARTESIAN_POINT ( 'NONE',  ( 176.9364270664328274, -4.040257923318765876, 23.29106069477676400 ) ) ;
#1941 = CARTESIAN_POINT ( 'NONE',  ( 168.1796115311798872, -2.817873072572983214E-14, 45.90284455682826348 ) ) ;
#1942 = CARTESIAN_POINT ( 'NONE',  ( 17.01350583115113224, -31.72717036167210836, -27.40566403450921484 ) ) ;
#1943 = CARTESIAN_POINT ( 'NONE',  ( 16.73487538868421254, -21.11389802145476935, 18.09605197831108825 ) ) ;
#1944 = B_SPLINE_CURVE_WITH_KNOTS ( 'NONE', 3,
 ( #5104, #2304, #2900, #4117, #683, #1893, #2341, #3602 ),
 .UNSPECIFIED., .F., .F.,
 ( 4, 2, 2, 4 ),
 ( 0.000000000000000000, 0.4999993369613933702, 0.7499990054420891950, 0.9999986739227849641 ),
 .UNSPECIFIED. ) ;
#1945 = CARTESIAN_POINT ( 'NONE',  ( 151.4855042203334108, -33.24540241821885900, -38.12620565607773671 ) ) ;
#1946 = AXIS2_PLACEMENT_3D ( 'NONE', #4462, #1065, #1100 ) ;
#1947 = CARTESIAN_POINT ( 'NONE',  ( 16.39919476930395703, -4.088569196341190093, 51.76803769123398524 ) ) ;
#1948 = CARTESIAN_POINT ( 'NONE',  ( 19.54700299959761267, -5.745333653143950947, 58.90482923175875385 ) ) ;
#1949 = CARTESIAN_POINT ( 'NONE',  ( 17.89167120488695417, -0.1041849462344447003, -50.15246495335657784 ) ) ;
#1950 = CARTESIAN_POINT ( 'NONE',  ( 80.47092555727802221, -4.344557431777871237, -92.14725263611688888 ) ) ;
#1951 = CARTESIAN_POINT ( 'NONE',  ( 20.08579556763081442, -2.648899731589633877, -49.47397718866191951 ) ) ;
#1952 = LOCAL_TIME ( 7, 56, 26.00000000000000000, #760 ) ;
#1953 = CARTESIAN_POINT ( 'NONE',  ( 14.33517993872029450, -32.55500718244095282, -34.02804275117775035 ) ) ;
#1954 = ADVANCED_FACE ( 'NONE', ( #849 ), #744, .T. ) ;
#1955 = CARTESIAN_POINT ( 'NONE',  ( 180.4615478995075932, -3.122502256758252770E-14, -45.27305940061618372 ) ) ;
#1956 = VERTEX_POINT ( 'NONE', #4687 ) ;
#1957 = ORIENTED_EDGE ( 'NONE', *, *, #29, .F. ) ;
#1958 = CARTESIAN_POINT ( 'NONE',  ( 20.98475883033762557, -8.916974626212910593, 57.19197236880839341 ) ) ;
#1959 = CARTESIAN_POINT ( 'NONE',  ( 16.26141067052375178, -3.752751609029140845, 51.42414344357059974 ) ) ;
#1960 = CARTESIAN_POINT ( 'NONE',  ( 10.37299476197393844, -37.61459865096431798, 7.847651600468640964 ) ) ;
#1961 = PRODUCT_RELATED_PRODUCT_CATEGORY ( 'detail', '', ( #3279 ) ) ;
#1962 = CARTESIAN_POINT ( 'NONE',  ( 142.2145437096405374, -4.743289817016426824, -72.97019891851783768 ) ) ;
#1963 = CARTESIAN_POINT ( 'NONE',  ( 144.6235004382471061, -4.000000000000023981, 72.33122275939787471 ) ) ;
#1964 = CARTESIAN_POINT ( 'NONE',  ( 24.06902367032439116, -29.71922488051690792, -12.34795894786931925 ) ) ;
#1965 = CARTESIAN_POINT ( 'NONE',  ( 1.160455987239902731, -37.45345601935355973, 8.929686956813377208 ) ) ;
#1966 = CARTESIAN_POINT ( 'NONE',  ( 21.00443875879276234, -13.54100371498437738, 51.78936991557665692 ) ) ;
#1967 = CARTESIAN_POINT ( 'NONE',  ( 104.3721333930399027, -5.242968081294103300, -88.54516216717654231 ) ) ;
#1968 = CARTESIAN_POINT ( 'NONE',  ( 72.41779878576298302, -5.901185789999537690, -87.75682601862666843 ) ) ;
#1969 = EDGE_LOOP ( 'NONE', ( #7243, #459, #6169, #4450, #7203, #1074, #6347, #3144 ) ) ;
#1970 = CARTESIAN_POINT ( 'NONE',  ( 21.61332973818731062, -5.003457852174394205, -62.04597949839075710 ) ) ;
#1971 = CARTESIAN_POINT ( 'NONE',  ( 99.27024594461036600, -1.760318648507844929E-14, 89.99633581771210800 ) ) ;
#1972 = EDGE_CURVE ( 'NONE', #887, #995, #2844, .T. ) ;
#1973 = CARTESIAN_POINT ( 'NONE',  ( 6.750707035202529127, -37.85451239713961513, -5.959437006225069666 ) ) ;
#1974 = CARTESIAN_POINT ( 'NONE',  ( 175.3843106954126370, -7.398014790541409091, -50.26949874814731345 ) ) ;
#1975 = CARTESIAN_POINT ( 'NONE',  ( 17.38199905940811618, -5.567514650439954416, 54.37392766403587530 ) ) ;
#1976 = CARTESIAN_POINT ( 'NONE',  ( 19.28498488633980301, -3.613113272726846681, 60.97453849348826793 ) ) ;
#1977 = CARTESIAN_POINT ( 'NONE',  ( 0.1419332141556042537, -20.95902901126087059, -1.818711480347213749 ) ) ;
#1978 = CARTESIAN_POINT ( 'NONE',  ( 20.97522509536231894, -27.92679283834664261, -2.562651208031425210 ) ) ;
#1979 = CARTESIAN_POINT ( 'NONE',  ( 80.38116775752959597, -4.042270940338951846, -93.82234416275140632 ) ) ;
#1980 = CARTESIAN_POINT ( 'NONE',  ( 120.4296904328390099, -2.101465556333447224E-14, 85.00603365146527324 ) ) ;
#1981 = CARTESIAN_POINT ( 'NONE',  ( 19.48656594952726095, -37.28106806919533511, -10.06670118013335014 ) ) ;
#1982 = CARTESIAN_POINT ( 'NONE',  ( 16.71361379844391593, -20.50504573813665488, -19.94261677424902146 ) ) ;
#1983 = CARTESIAN_POINT ( 'NONE',  ( 110.5632927210976391, -56.48968423887146173, 48.32658544219532359 ) ) ;
#1984 = CARTESIAN_POINT ( 'NONE',  ( 21.33537133957137755, -8.267756512312734785, 58.32689080624797384 ) ) ;
#1985 = CARTESIAN_POINT ( 'NONE',  ( 16.96066030867799412, -4.294108643514804591, 55.40150451202260484 ) ) ;
#1986 = CARTESIAN_POINT ( 'NONE',  ( 15.21277600447220557, 0.6301301347750779547, -53.03015225543248334 ) ) ;
#1987 = CARTESIAN_POINT ( 'NONE',  ( 52.09796819892561359, -4.143294038095268306, -84.56252880743883793 ) ) ;
#1988 = CARTESIAN_POINT ( 'NONE',  ( 19.54586495612523223, -1.257935164603453559, -53.30734805886672234 ) ) ;
#1989 = CARTESIAN_POINT ( 'NONE',  ( 17.96348534998509905, -4.000000000000674127, 58.67750365995339479 ) ) ;
#1990 = CARTESIAN_POINT ( 'NONE',  ( 145.7138281206392776, -2.341876692568689577E-14, 74.55907125048776152 ) ) ;
#1991 = ORIENTED_EDGE ( 'NONE', *, *, #7050, .T. ) ;
#1992 = ORIENTED_EDGE ( 'NONE', *, *, #3452, .T. ) ;
#1993 = VERTEX_POINT ( 'NONE', #3038 ) ;
#1994 = CARTESIAN_POINT ( 'NONE',  ( 21.40967921782817385, -8.912983149542650807, 57.70373053841672828 ) ) ;
#1995 = CARTESIAN_POINT ( 'NONE',  ( 16.43993988915431004, -4.018266333939799928, 52.53402878179108626 ) ) ;
#1996 = CARTESIAN_POINT ( 'NONE',  ( 12.69491861153166212, -38.14792177659078476, 2.832207556268832249 ) ) ;
#1997 = CARTESIAN_POINT ( 'NONE',  ( 104.6244965975921986, -4.739976278426188294, -89.80972080349145870 ) ) ;
#1998 = CARTESIAN_POINT ( 'NONE',  ( 120.0262514659417548, -4.000000000000021316, 85.18047263506150557 ) ) ;
#1999 = CARTESIAN_POINT ( 'NONE',  ( -10.29341754513641938, -37.60679783222382611, 7.921727511676449396 ) ) ;
#2000 = CARTESIAN_POINT ( 'NONE',  ( -0.5868679264033768161, -37.44250024564563262, 8.999656111999897234 ) ) ;
#2001 = CARTESIAN_POINT ( 'NONE',  ( 16.20173726963992067, -6.626093334005978441, 47.63397039853771986 ) ) ;
#2002 = ORIENTED_EDGE ( 'NONE', *, *, #6460, .F. ) ;
#2003 = CARTESIAN_POINT ( 'NONE',  ( 93.03513236760383620, -4.051407714940233440, 89.95098474200889882 ) ) ;
#2004 = CARTESIAN_POINT ( 'NONE',  ( 137.3081597098349391, -5.138842457924914342, 74.06915540980827473 ) ) ;
#2005 = CARTESIAN_POINT ( 'NONE',  ( 15.93192956797228810, 1.879461872910296760, -53.47354491565647550 ) ) ;
#2006 = CARTESIAN_POINT ( 'NONE',  ( 39.55818608382902113, -8.447915107051362096E-15, -77.47633385293842423 ) ) ;
#2007 = CARTESIAN_POINT ( 'NONE',  ( -6.161104990759652011, -37.78247688220841383, -6.567197012306205117 ) ) ;
#2008 = CARTESIAN_POINT ( 'NONE',  ( 33.90134966689918627, -4.000000000000001776, -90.90801833290882428 ) ) ;
#2009 = CARTESIAN_POINT ( 'NONE',  ( 21.16683423452064972, -7.896258334014913061, 58.54137460538460402 ) ) ;
#2010 = EDGE_CURVE ( 'NONE', #2457, #1670, #297, .T. ) ;
#2011 = CARTESIAN_POINT ( 'NONE',  ( 16.40212705724170306, -3.757940103049969061, 53.68331003952988567 ) ) ;
#2012 = CARTESIAN_POINT ( 'NONE',  ( 76.33287695441649134, -58.93658393131475748, 16.63981175612600794 ) ) ;
#2013 = CARTESIAN_POINT ( 'NONE',  ( 20.48239458340052366, -13.81397347256359609, 33.98983759332592314 ) ) ;
#2014 = CARTESIAN_POINT ( 'NONE',  ( 178.7897675115004574, -4.043539064948235229, -18.81712861668558290 ) ) ;
#2015 = ORIENTED_EDGE ( 'NONE', *, *, #6316, .F. ) ;
#2016 = LINE ( 'NONE', #980, #885 ) ;
#2017 = CARTESIAN_POINT ( 'NONE',  ( -12.53283318597848250, -6.042206017371019477, -197.8656663719570759 ) ) ;
#2018 = CARTESIAN_POINT ( 'NONE',  ( 16.68454684978786773, -19.67267723426022030, 22.28967543928481376 ) ) ;
#2019 = CARTESIAN_POINT ( 'NONE',  ( 96.56516240597217404, -53.01288504816876923, -17.35301767424511965 ) ) ;
#2020 = CARTESIAN_POINT ( 'NONE',  ( 16.99031832792746144, -5.243882339507167423, 53.32726181921655950 ) ) ;
#2021 = CARTESIAN_POINT ( 'NONE',  ( 16.45710190063513068, -3.862404457602420571, 53.55577932911054972 ) ) ;
#2022 = CARTESIAN_POINT ( 'NONE',  ( 20.65385311598626217, -18.72390343920627842, -24.21008422384135272 ) ) ;
#2023 = CARTESIAN_POINT ( 'NONE',  ( 29.73719960575068910, -1.901029494150944910, -65.23008587660997648 ) ) ;
#2024 = CARTESIAN_POINT ( 'NONE',  ( 113.6070198628004988, -4.232342383613616477, -89.65704765915555186 ) ) ;
#2025 = DIRECTION ( 'NONE',  ( 1.500332356076765934E-16, 1.000000000000000000, -0.000000000000000000 ) ) ;
#2026 = CARTESIAN_POINT ( 'NONE',  ( 6.864998277917981895, -17.86630533008972321, -50.63623770817292069 ) ) ;
#2027 = CARTESIAN_POINT ( 'NONE',  ( 161.2503034920114544, -2.775557561562891351E-14, -74.81378316769736614 ) ) ;
#2028 = EDGE_LOOP ( 'NONE', ( #5146, #7014, #5108, #2754, #6896 ) ) ;
#2029 = ORIENTED_EDGE ( 'NONE', *, *, #5558, .F. ) ;
#2030 = CARTESIAN_POINT ( 'NONE',  ( 18.83248812562971963, -7.446449123828950079, 55.56179592175935511 ) ) ;
#2031 = CARTESIAN_POINT ( 'NONE',  ( 20.96195947492857314, -6.879053013036277697, 59.40570055684372619 ) ) ;
#2032 = CARTESIAN_POINT ( 'NONE',  ( 12.35275751224950547, -38.04704076125609902, 4.073611092430868830 ) ) ;
#2033 = CARTESIAN_POINT ( 'NONE',  ( 68.56443994129199382, -4.473898508922956374, -89.60712442947294676 ) ) ;
#2034 = CARTESIAN_POINT ( 'NONE',  ( 160.7355315261471844, -4.000000000000027534, -61.53809630503209149 ) ) ;
#2035 = CARTESIAN_POINT ( 'NONE',  ( -9.754306477238992912, -37.51079799621498978, 8.572987576350239891 ) ) ;
#2036 = B_SPLINE_CURVE_WITH_KNOTS ( 'NONE', 3,
 ( #6266, #3515, #1217, #5721, #672, #116, #1107, #2364, #4615, #6852, #1808, #6156, #4066, #6302, #525, #3371, #2775, #5021, #7265, #6704 ),
 .UNSPECIFIED., .F., .F.,
 ( 4, 2, 2, 2, 2, 2, 2, 2, 2, 4 ),
 ( 0.000000000000000000, 0.0003063009790851542241, 0.0006126019581703084482, 0.0007657524477128750976, 0.0009189029372554419640, 0.001072053426798008722, 0.001225203916340575480, 0.001531504895425708562, 0.001837805874510842078, 0.002450407832681097617 ),
 .UNSPECIFIED. ) ;
#2037 = CARTESIAN_POINT ( 'NONE',  ( 21.22161507912843348, -12.92663225022832130, 52.83262851301986984 ) ) ;
#2038 = CARTESIAN_POINT ( 'NONE',  ( 172.8000000000000114, -6.727869985394201644E-11, -4.845691241351982370 ) ) ;
#2039 = CARTESIAN_POINT ( 'NONE',  ( 167.8189002303707298, -4.952562225485994674, -40.85681202284926172 ) ) ;
#2040 = CARTESIAN_POINT ( 'NONE',  ( 175.6125552313914682, -5.702911860718530512, -1.098408377319717300 ) ) ;
#2041 = CARTESIAN_POINT ( 'NONE',  ( 21.43530031908067457, -28.55657867292243068, -27.15256380893595889 ) ) ;
#2042 = CARTESIAN_POINT ( 'NONE',  ( -8.941524415943284509, -42.25811821645623922, -1.180301402435228741 ) ) ;
#2043 = CARTESIAN_POINT ( 'NONE',  ( 114.9667639714633367, -20.00039128055776416, -81.54978566142389695 ) ) ;
#2044 = EDGE_CURVE ( 'NONE', #2728, #5495, #5124, .T. ) ;
#2045 = CARTESIAN_POINT ( 'NONE',  ( -3.669687882408344315, -4.481915242111146114, -53.15884166984170633 ) ) ;
#2046 = CARTESIAN_POINT ( 'NONE',  ( 19.30743266402960501, -3.606595339726640592, 61.00602453933240810 ) ) ;
#2047 = CARTESIAN_POINT ( 'NONE',  ( 100.4489254887064646, -57.95386985700424987, 24.36668169229005798 ) ) ;
#2048 = CARTESIAN_POINT ( 'NONE',  ( 24.07143776172751259, -25.47470716316795247, 26.82738861709966116 ) ) ;
#2049 = CARTESIAN_POINT ( 'NONE',  ( 179.4433161155671428, -4.043340316183521743, -15.32014405868477525 ) ) ;
#2050 = CARTESIAN_POINT ( 'NONE',  ( 81.53253898858773141, -1.517879007623164445E-14, 89.63637696770415175 ) ) ;
#2051 = CARTESIAN_POINT ( 'NONE',  ( 86.39999999999994884, -57.99749635261596126, 0.000000000000000000 ) ) ;
#2052 = CARTESIAN_POINT ( 'NONE',  ( 16.83227639800588804, -23.90309799440222704, -1.609586030503957321 ) ) ;
#2053 = CARTESIAN_POINT ( 'NONE',  ( 76.23483759458036957, -53.01288504816876923, -17.35301767456880029 ) ) ;
#2054 = CARTESIAN_POINT ( 'NONE',  ( 16.23637995948014279, -3.743840757862595847, 50.98816802913130175 ) ) ;
#2055 = CIRCLE ( 'NONE', #2641, 12.74499999999999211 ) ;
#2056 = CARTESIAN_POINT ( 'NONE',  ( 20.15418045469671071, -4.986048893275516036, 60.50333459029990024 ) ) ;
#2057 = CARTESIAN_POINT ( 'NONE',  ( 20.10110615663606737, -2.895301509892503233, -48.33337043175455960 ) ) ;
#2058 = CARTESIAN_POINT ( 'NONE',  ( -5.942021645940057439, -41.78601522039878802, 6.785624704560434317 ) ) ;
#2059 = CARTESIAN_POINT ( 'NONE',  ( 175.9655635514028234, -4.204645618957163933, 23.04794355216490231 ) ) ;
#2060 = CARTESIAN_POINT ( 'NONE',  ( 47.72012473528928922, -1.010580416210215998E-14, -83.24164867147464975 ) ) ;
#2061 = CARTESIAN_POINT ( 'NONE',  ( 10.74849081099386083, -25.30103629067600579, -43.56695182620760676 ) ) ;
#2062 = CARTESIAN_POINT ( 'NONE',  ( -18.00000000000000355, -3.415547337018927987, -55.50959739608992294 ) ) ;
#2063 = B_SPLINE_CURVE_WITH_KNOTS ( 'NONE', 3,
 ( #5460, #416, #4428, #1586, #6118, #7262, #454, #1626, #4870, #3293, #1068, #5532, #7221, #2215 ),
 .UNSPECIFIED., .F., .F.,
 ( 4, 2, 2, 2, 2, 2, 4 ),
 ( 3.496446946337351263E-18, 0.001020248527232017451, 0.002040497054464031432, 0.002550621318080035279, 0.003060745581696039559, 0.003570869845312043839, 0.004080994108928048120 ),
 .UNSPECIFIED. ) ;
#2064 = ORIENTED_EDGE ( 'NONE', *, *, #2956, .T. ) ;
#2065 = CARTESIAN_POINT ( 'NONE',  ( 16.67141419029070448, -4.824685619962632899, 52.17493953827751341 ) ) ;
#2066 = CARTESIAN_POINT ( 'NONE',  ( 20.84557583236435718, -6.850838139170912555, 59.30615800757583855 ) ) ;
#2067 = CARTESIAN_POINT ( 'NONE',  ( -12.99777970705058117, -38.28769598011113118, 0.4330301975382452317 ) ) ;
#2068 = AXIS2_PLACEMENT_3D ( 'NONE', #4598, #6283, #3389 ) ;
#2069 = CARTESIAN_POINT ( 'NONE',  ( 165.8124381734888289, -4.457492802653145958, 45.04782640927057713 ) ) ;
#2070 = CARTESIAN_POINT ( 'NONE',  ( 173.4756782829403221, -3.430911900466282027, -51.39418996448683430 ) ) ;
#2071 = FACE_OUTER_BOUND ( 'NONE', #1711, .T. ) ;
#2072 = APPROVAL_PERSON_ORGANIZATION ( #92, #2273, #3453 ) ;
#2073 = CARTESIAN_POINT ( 'NONE',  ( 16.06087543724261479, -4.297973167787653814, 46.94809776414643210 ) ) ;
#2074 = CARTESIAN_POINT ( 'NONE',  ( 43.36452688965471935, -4.494452211665342922, -79.06929249965291717 ) ) ;
#2075 = CARTESIAN_POINT ( 'NONE',  ( 8.584165051147508052, -4.119968255444916849E-15, 37.54538362053246203 ) ) ;
#2076 = CARTESIAN_POINT ( 'NONE',  ( 153.1434008334528585, -4.724239651822587760, 61.25514742617433939 ) ) ;
#2077 = CARTESIAN_POINT ( 'NONE',  ( 15.90927281109622982, 2.528266501382877784, -54.10914915031102623 ) ) ;
#2078 = CARTESIAN_POINT ( 'NONE',  ( 175.1935508056922686, -2.914859944529227265E-14, 32.50330640496019186 ) ) ;
#2079 = CARTESIAN_POINT ( 'NONE',  ( 23.63138245310205932, -1.123351562577852070, -59.42163606089235373 ) ) ;
#2080 = CARTESIAN_POINT ( 'NONE',  ( 20.34536719873064214, -26.96475769767876329, -35.57686982298323386 ) ) ;
#2081 = CARTESIAN_POINT ( 'NONE',  ( 19.29443384606670620, -3.610280398288843617, 60.98789064958288009 ) ) ;
#2082 = DIRECTION ( 'NONE',  ( 0.000000000000000000, -0.000000000000000000, 1.000000000000000000 ) ) ;
#2083 = CARTESIAN_POINT ( 'NONE',  ( 2.054359931500194136, -3.430911900466254494, -55.50099769745941103 ) ) ;
#2084 = EDGE_CURVE ( 'NONE', #637, #601, #3899, .T. ) ;
#2085 = CARTESIAN_POINT ( 'NONE',  ( 96.48754355975334818, -4.000000000000022204, 89.93686722258004806 ) ) ;
#2086 = ORIENTED_EDGE ( 'NONE', *, *, #5517, .T. ) ;
#2087 = CARTESIAN_POINT ( 'NONE',  ( 93.65781573323066311, -1.699798457886894082E-14, 90.05112736493154557 ) ) ;
#2088 = CARTESIAN_POINT ( 'NONE',  ( 33.61572406200880181, -47.26221975847442991, -105.5685518759824220 ) ) ;
#2089 = CARTESIAN_POINT ( 'NONE',  ( 16.16265655768709308, -4.727694643766693794, -46.41767604642615197 ) ) ;
#2090 = CARTESIAN_POINT ( 'NONE',  ( 175.5335679138760838, -5.819594407529444346, 178.2671358277521847 ) ) ;
#2091 = CARTESIAN_POINT ( 'NONE',  ( 21.26464567429203001, -8.344294279884067578, 58.16376869254431625 ) ) ;
#2092 = CARTESIAN_POINT ( 'NONE',  ( 20.13974740560628973, -4.986146256811109012, 60.48742730796076472 ) ) ;
#2093 = CARTESIAN_POINT ( 'NONE',  ( 19.07702743795457323, -0.7403185648691593679, 53.38645625833895281 ) ) ;
#2094 = CARTESIAN_POINT ( 'NONE',  ( 28.22867680093647991, -1.668951614556930751, -63.88442042594405734 ) ) ;
#2095 = CARTESIAN_POINT ( 'NONE',  ( 178.7299312657722510, -4.218581107863942137, -11.63778322969079682 ) ) ;
#2096 = CARTESIAN_POINT ( 'NONE',  ( 33.91830091254061585, -8.035071876688062432E-15, -72.44703928928008452 ) ) ;
#2097 = CARTESIAN_POINT ( 'NONE',  ( 16.19353898608921583, -4.255641407444377577, 48.70729342520016303 ) ) ;
#2098 = CARTESIAN_POINT ( 'NONE',  ( 15.41607529601570725, -34.87252945966035611, 30.06543216283612452 ) ) ;
#2099 = CARTESIAN_POINT ( 'NONE',  ( 38.18477763881593035, -8.239936510889833698E-15, -76.73225543759134837 ) ) ;
#2100 = CARTESIAN_POINT ( 'NONE',  ( 16.38995079441474445, -4.170152897296256711, 51.37873377382294393 ) ) ;
#2101 = CARTESIAN_POINT ( 'NONE',  ( 20.94737196289466397, -6.875575678111462530, 59.39331314249415783 ) ) ;
#2102 = CARTESIAN_POINT ( 'NONE',  ( -2.136203579464011515, -36.73102592173581371, 12.83044653189493189 ) ) ;
#2103 = CARTESIAN_POINT ( 'NONE',  ( 87.44295996574332719, -4.531973842027682053, -91.90487718638981107 ) ) ;
#2104 = CARTESIAN_POINT ( 'NONE',  ( 132.9936589226989838, -4.000000000000023093, -84.81831150035925759 ) ) ;
#2105 = CARTESIAN_POINT ( 'NONE',  ( 23.13850053261343476, -58.99259783589943851, -126.5229989347731561 ) ) ;
#2106 = CARTESIAN_POINT ( 'NONE',  ( 21.38980619487511348, -13.04398583051237281, 52.90102167751579287 ) ) ;
#2107 = CARTESIAN_POINT ( 'NONE',  ( 41.84935567874735796, -4.392316041616405542, -78.29266116331693581 ) ) ;
#2108 = CARTESIAN_POINT ( 'NONE',  ( 108.0190001414501211, -19.70312499992763833, -83.68661191484461881 ) ) ;
#2109 = CARTESIAN_POINT ( 'NONE',  ( 170.9342397766332056, -4.838157004058193600, 32.30898678136924218 ) ) ;
#2110 = CARTESIAN_POINT ( 'NONE',  ( 16.75476123883208857, -21.68335426228090412, -32.77605164774164592 ) ) ;
#2111 = CARTESIAN_POINT ( 'NONE',  ( 84.29605094376209706, -1.535655955848088551E-14, 90.19220897273100945 ) ) ;
#2112 = CARTESIAN_POINT ( 'NONE',  ( 10.68988785198309088, -4.119968255444916849E-15, 41.90966391585951101 ) ) ;
#2113 = CARTESIAN_POINT ( 'NONE',  ( 185.4118913100616055, -5.942206017371574056, -3.184465300060628213E-14 ) ) ;
#2114 = CARTESIAN_POINT ( 'NONE',  ( 16.41962249765309778, -3.748340818251669315, 53.94415386921875921 ) ) ;
#2115 = CARTESIAN_POINT ( 'NONE',  ( 22.85336658610233940, -3.279374934022099453, 57.98967106885089606 ) ) ;
#2116 = CARTESIAN_POINT ( 'NONE',  ( 86.39999999999994884, -58.15464714294839155, 0.000000000000000000 ) ) ;
#2117 = CARTESIAN_POINT ( 'NONE',  ( 114.0155899914684881, -4.045973142761062569, -90.99542760841610800 ) ) ;
#2118 = EDGE_LOOP ( 'NONE', ( #2156, #6295 ) ) ;
#2119 = CARTESIAN_POINT ( 'NONE',  ( 20.10110615663606737, -2.895301509892503233, 0.000000000000000000 ) ) ;
#2120 = CARTESIAN_POINT ( 'NONE',  ( 152.8722439315362749, -38.48506133258187134, 8.140502076289797901E-15 ) ) ;
#2121 = CARTESIAN_POINT ( 'NONE',  ( -22.00000000000000355, -6.042206017373973559, -58.61996200337826224 ) ) ;
#2122 = CARTESIAN_POINT ( 'NONE',  ( -3.838103111921415067, -4.240957621055568616, 180.4762062238428086 ) ) ;
#2123 = CARTESIAN_POINT ( 'NONE',  ( 16.41964286139700491, -4.116248492851118712, 51.91248813862281253 ) ) ;
#2124 = CARTESIAN_POINT ( 'NONE',  ( 16.46887673832622312, -3.872800530400892782, 53.62561426810907506 ) ) ;
#2125 = CARTESIAN_POINT ( 'NONE',  ( 20.82892071903771125, -23.73718366182013639, -2.391642695241590122 ) ) ;
#2126 = CARTESIAN_POINT ( 'NONE',  ( 69.65712660853368732, -1.339708353267667892E-14, 87.56279413820675472 ) ) ;
#2127 = CARTESIAN_POINT ( 'NONE',  ( 50.53871203719657501, -4.135124301516692746, -83.81613679624489066 ) ) ;
#2128 = CARTESIAN_POINT ( 'NONE',  ( 62.91689973528648494, -1.238582548615358559E-14, -90.61250998208116414 ) ) ;
#2129 = CARTESIAN_POINT ( 'NONE',  ( 21.57868007802493437, -11.58700232539379549, 54.85875307093321851 ) ) ;
#2130 = CARTESIAN_POINT ( 'NONE',  ( 69.65499999999995850, -64.66763823405520384, 0.000000000000000000 ) ) ;
#2131 = CARTESIAN_POINT ( 'NONE',  ( 9.155852179066442886, -22.21766636318084309, 46.73501206938624364 ) ) ;
#2132 = CYLINDRICAL_SURFACE ( 'NONE', #3248, 12.74499999999999211 ) ;
#2133 = ADVANCED_FACE ( 'NONE', ( #407 ), #1471, .F. ) ;
#2134 = CARTESIAN_POINT ( 'NONE',  ( 21.13850486285596375, -8.794434781823994740, 57.51947349171270929 ) ) ;
#2135 = CARTESIAN_POINT ( 'NONE',  ( 16.45403585651406075, -3.985575778314053519, 52.84871869704161185 ) ) ;
#2136 = CARTESIAN_POINT ( 'NONE',  ( -11.88620870457554446, -37.92953072185961361, 5.282109972065673453 ) ) ;
#2137 = CARTESIAN_POINT ( 'NONE',  ( 176.6175289779641560, -4.501335321112745369, 16.08382921891278983 ) ) ;
#2138 = CARTESIAN_POINT ( 'NONE',  ( 183.9374225501876765, -3.430911900466284248, -26.64559462286445068 ) ) ;
#2139 = DIRECTION ( 'NONE',  ( -1.000000000000000000, -0.000000000000000000, -0.000000000000000000 ) ) ;
#2140 = ADVANCED_FACE ( 'NONE', ( #7070 ), #2723, .F. ) ;
#2141 = CARTESIAN_POINT ( 'NONE',  ( 21.44617967257211433, -13.08256474656483981, 52.92338039284241802 ) ) ;
#2142 = EDGE_LOOP ( 'NONE', ( #3662, #1150 ) ) ;
#2143 = CARTESIAN_POINT ( 'NONE',  ( 20.95666522817872846, -7.821531233166727048, 58.38049672383442612 ) ) ;
#2144 = CARTESIAN_POINT ( 'NONE',  ( 119.4716776436210637, -4.563143460752161040, 83.84797025981217189 ) ) ;
#2145 = CARTESIAN_POINT ( 'NONE',  ( 71.95066676088430313, -12.76367187514527934, -85.32090888259645567 ) ) ;
#2146 = CARTESIAN_POINT ( 'NONE',  ( 147.1223962283007438, -4.972535212747781763, -68.02993930353858332 ) ) ;
#2147 = CARTESIAN_POINT ( 'NONE',  ( 16.83307483301991425, -23.92596218169358124, 0.4232613339481642312 ) ) ;
#2148 = B_SPLINE_SURFACE_WITH_KNOTS ( 'NONE', 3, 1, ( 
 ( #1108, #5501 ),
 ( #2701, #3886 ),
 ( #1147, #7190 ),
 ( #1072, #4395 ),
 ( #39, #6122 ),
 ( #230, #2331 ),
 ( #4616, #2443 ),
 ( #6232, #4545 ),
 ( #2365, #5206 ),
 ( #5761, #6304 ) ),
 .UNSPECIFIED., .F., .F., .F.,
 ( 4, 2, 2, 2, 4 ),
 ( 2, 2 ),
 ( 0.000000000000000000, 0.2500000000000000000, 0.5000000000000000000, 0.7500000000000000000, 1.000000000000000000 ),
 ( 0.000000000000000000, 1.000000000000000000 ),
 .UNSPECIFIED. ) ;
#2149 = CARTESIAN_POINT ( 'NONE',  ( 8.199822702981490963, -42.09063620671297912, -3.721525004167580253 ) ) ;
#2150 = CARTESIAN_POINT ( 'NONE',  ( 128.2857078017443939, -19.90925520833044260, -75.72336631155765474 ) ) ;
#2151 = CARTESIAN_POINT ( 'NONE',  ( -18.00000000000000355, -4.000000000000000000, 55.17981480219003743 ) ) ;
#2152 = CARTESIAN_POINT ( 'NONE',  ( -18.00000000000000355, -33.76135606336561068, -31.95317545291231909 ) ) ;
#2153 = CARTESIAN_POINT ( 'NONE',  ( 172.7999999981356893, -2.750000000000025757, 58.54842837797792043 ) ) ;
#2154 = CARTESIAN_POINT ( 'NONE',  ( 53.80116630308019410, -51.81397703808218580, 0.000000000000000000 ) ) ;
#2155 = CARTESIAN_POINT ( 'NONE',  ( 164.5648349725153423, -3.999999999999777067, -55.29872929434154116 ) ) ;
#2156 = ORIENTED_EDGE ( 'NONE', *, *, #1700, .F. ) ;
#2157 = CARTESIAN_POINT ( 'NONE',  ( 70.17280593985356063, -2.750000000000010214, 84.86246621996293982 ) ) ;
#2158 = LINE ( 'NONE', #3200, #2184 ) ;
#2159 = CARTESIAN_POINT ( 'NONE',  ( 104.2610078806577860, -57.00057409172650580, -10.09013730938147191 ) ) ;
#2160 = CARTESIAN_POINT ( 'NONE',  ( 16.47677212008930425, -4.247765439658911291, 52.08945758435667273 ) ) ;
#2161 = EDGE_CURVE ( 'NONE', #2549, #5164, #4999, .T. ) ;
#2162 = CARTESIAN_POINT ( 'NONE',  ( 18.60122331413799657, -4.548519654527064304, 58.95078406472986643 ) ) ;
#2163 = CARTESIAN_POINT ( 'NONE',  ( 26.11756631045210497, -6.864702424219963351E-15, -64.00104318032296646 ) ) ;
#2164 = CARTESIAN_POINT ( 'NONE',  ( 126.0777951265805115, -6.198590944295530036, -79.12055614958623551 ) ) ;
#2165 = CARTESIAN_POINT ( 'NONE',  ( 178.6820557213886502, -4.125427929626829027, 12.87723006929313563 ) ) ;
#2166 = CARTESIAN_POINT ( 'NONE',  ( 40.68183741404158127, -9.049827142158883030E-15, -78.33783547803699321 ) ) ;
#2167 = CARTESIAN_POINT ( 'NONE',  ( 16.20989007913201974, -4.349663995574256425, 48.80852783501217118 ) ) ;
#2168 = CARTESIAN_POINT ( 'NONE',  ( -8.740401672820373946, -38.19339993117054632, 2.165546372619146620 ) ) ;
#2169 = CARTESIAN_POINT ( 'NONE',  ( 6.873935301694720224, -17.88308841759051049, 50.62260522665952323 ) ) ;
#2170 = CARTESIAN_POINT ( 'NONE',  ( 42.06860384886507376, -1.452854589429089183, 74.16016830529881076 ) ) ;
#2171 = CIRCLE ( 'NONE', #5940, 107.4400000000000119 ) ;
#2172 = CARTESIAN_POINT ( 'NONE',  ( 20.75558492283838419, -8.424643389809267191, 57.46081196958871118 ) ) ;
#2173 = CARTESIAN_POINT ( 'NONE',  ( 19.95299556687561093, -6.218082666946839865, 58.90551488070493491 ) ) ;
#2174 = CARTESIAN_POINT ( 'NONE',  ( -1.709655153009338457, -36.71717993975943983, 12.89438603724334875 ) ) ;
#2175 = CARTESIAN_POINT ( 'NONE',  ( 101.3166434726172582, -4.552069335588143417, -91.04670110722838672 ) ) ;
#2176 = CARTESIAN_POINT ( 'NONE',  ( 170.9829844080908572, -5.587317852489639414, 28.70961112979452423 ) ) ;
#2177 = CARTESIAN_POINT ( 'NONE',  ( 160.6159666079970805, -3.430911900466281583, -68.66969354075033038 ) ) ;
#2178 = EDGE_CURVE ( 'NONE', #5185, #6004, #108, .T. ) ;
#2179 = CIRCLE ( 'NONE', #419, 107.4400000000000119 ) ;
#2180 =( BOUNDED_CURVE ( )  B_SPLINE_CURVE ( 2, ( #5217, #3527, #4591 ),
 .UNSPECIFIED., .F., .F. ) 
 B_SPLINE_CURVE_WITH_KNOTS ( ( 3, 3 ),
 ( 0.000000000000000000, 1.000000000000000000 ),
 .UNSPECIFIED. ) 
 CURVE ( )  GEOMETRIC_REPRESENTATION_ITEM ( )  RATIONAL_B_SPLINE_CURVE ( ( 1.000000000000000000, 0.7071067811865474617, 1.000000000000000000 ) ) 
 REPRESENTATION_ITEM ( '' )  );
#2181 = CARTESIAN_POINT ( 'NONE',  ( 16.13724490077170515, -4.000000000000005329, -47.24735425237403064 ) ) ;
#2182 = CARTESIAN_POINT ( 'NONE',  ( 21.48505205819012076, -13.10882350414581765, 52.93906130837493151 ) ) ;
#2183 = CARTESIAN_POINT ( 'NONE',  ( 21.56279665962366821, -9.991607905297795966, 56.68180970874318092 ) ) ;
#2184 = VECTOR ( 'NONE', #5445, 1000.000000000000000 ) ;
#2185 = CARTESIAN_POINT ( 'NONE',  ( 21.04054607156943391, -7.851662751018541719, 58.44510205651614143 ) ) ;
#2186 = CARTESIAN_POINT ( 'NONE',  ( 110.8164307575159739, -5.525627845651354342, -86.28491582445073504 ) ) ;
#2187 = CARTESIAN_POINT ( 'NONE',  ( 17.39456389188162078, -1.000000000000005773, -52.00651240713861512 ) ) ;
#2188 = CARTESIAN_POINT ( 'NONE',  ( 131.7456877199425378, -4.562454619420739377, 78.01110765785475110 ) ) ;
#2189 = VERTEX_POINT ( 'NONE', #2580 ) ;
#2190 = CARTESIAN_POINT ( 'NONE',  ( 16.73833156429441971, -21.21286994161903650, 17.75380179539677883 ) ) ;
#2191 = CARTESIAN_POINT ( 'NONE',  ( 0.3926901491850092185, -5.867336362172119735, 58.71939403038490468 ) ) ;
#2192 = DIRECTION ( 'NONE',  ( 1.000000000000000000, -1.500332356076765934E-16, 0.000000000000000000 ) ) ;
#2193 = VERTEX_POINT ( 'NONE', #2616 ) ;
#2194 = CARTESIAN_POINT ( 'NONE',  ( 20.63186945581561815, -2.064915135210296793, -56.03281211370877202 ) ) ;
#2195 = CARTESIAN_POINT ( 'NONE',  ( 152.3377429523898456, -5.595796080782603710, 60.47033100741229106 ) ) ;
#2196 = CARTESIAN_POINT ( 'NONE',  ( 186.0656435930463601, -5.114802753899168941, 5.646595805355243487E-14 ) ) ;
#2197 = CARTESIAN_POINT ( 'NONE',  ( 180.9685728980975341, -4.000000000000293099, -4.736735825325446569 ) ) ;
#2198 = ORIENTED_EDGE ( 'NONE', *, *, #2590, .F. ) ;
#2199 = CARTESIAN_POINT ( 'NONE',  ( 125.9899829030123612, -2.749999999981383336, 77.12885899052891148 ) ) ;
#2200 = DIRECTION ( 'NONE',  ( -1.000000000000000000, 1.501116738099047236E-16, 0.000000000000000000 ) ) ;
#2201 = CARTESIAN_POINT ( 'NONE',  ( -1.615779870014259822, -7.398014790541368235, -0.000000000000000000 ) ) ;
#2202 = CARTESIAN_POINT ( 'NONE',  ( 21.32550257732874144, -8.160012527896205015, 58.43284819772917871 ) ) ;
#2203 = CARTESIAN_POINT ( 'NONE',  ( 19.80772444960583556, -4.524721791010541949, 60.60247720986078690 ) ) ;
#2204 = CARTESIAN_POINT ( 'NONE',  ( 21.54534443604918437, -18.80930678010473045, 45.45751754351128682 ) ) ;
#2205 = CARTESIAN_POINT ( 'NONE',  ( 88.38347025643679444, -6.093922541004687332, -88.65984090441038745 ) ) ;
#2206 = CARTESIAN_POINT ( 'NONE',  ( 99.85541685613584661, -4.025011554787351287, 89.50971824982468661 ) ) ;
#2207 = B_SPLINE_CURVE_WITH_KNOTS ( 'NONE', 3,
 ( #5241, #6781, #194, #1183 ),
 .UNSPECIFIED., .F., .F.,
 ( 4, 4 ),
 ( 0.001110866282059360961, 0.003343373221074244159 ),
 .UNSPECIFIED. ) ;
#2208 = CARTESIAN_POINT ( 'NONE',  ( 144.5830738244008273, -2.463846582444320674E-14, -76.93600219118337691 ) ) ;
#2209 = CARTESIAN_POINT ( 'NONE',  ( 16.20781715522080901, -4.336777226249716399, 48.79746473145688412 ) ) ;
#2210 = CARTESIAN_POINT ( 'NONE',  ( 187.9716153622262311, -5.114802753787865974, 123.0980638698612495 ) ) ;
#2211 = CARTESIAN_POINT ( 'NONE',  ( 13.16613653101535775, -30.11181268193349680, 37.77759500163761430 ) ) ;
#2212 = DIRECTION ( 'NONE',  ( -1.000000000000000000, 0.000000000000000000, 0.000000000000000000 ) ) ;
#2213 = CARTESIAN_POINT ( 'NONE',  ( 16.37453775906404729, -4.129236900403199684, 51.32159728820658984 ) ) ;
#2214 = CARTESIAN_POINT ( 'NONE',  ( 16.46886214240477031, -3.959773108164293287, 53.15306686532414915 ) ) ;
#2215 = CARTESIAN_POINT ( 'NONE',  ( 0.9695979173690166819, -6.037870801710911793E-15, 61.79999999999998295 ) ) ;
#2216 = CARTESIAN_POINT ( 'NONE',  ( 174.5738277585780622, -4.325968480918408687, 26.27554782662019761 ) ) ;
#2217 = CARTESIAN_POINT ( 'NONE',  ( 112.2549110175088032, -5.843804996739631719, -85.19201201904138543 ) ) ;
#2218 = DIRECTION ( 'NONE',  ( 1.000000000000000000, -1.500332356076765934E-16, 0.000000000000000000 ) ) ;
#2219 = DIRECTION ( 'NONE',  ( 1.000000000000000000, 0.000000000000000000, 0.000000000000000000 ) ) ;
#2220 = CARTESIAN_POINT ( 'NONE',  ( 17.83923704543362376, -8.903337969409387043, 51.44668864765886696 ) ) ;
#2221 = B_SPLINE_CURVE_WITH_KNOTS ( 'NONE', 3,
 ( #6668, #1629, #2626, #5462, #2138, #2663, #7116, #2070, #1000, #3885, #2177, #3257, #5500, #4432, #1071, #3958, #4468, #3476, #7300, #6742, #1182, #1703, #5685, #5132, #2289, #4578, #3406, #6198, #38, #2330, #4543, #2929, #4505, #1146 ),
 .UNSPECIFIED., .F., .F.,
 ( 4, 2, 2, 2, 2, 2, 2, 2, 2, 2, 2, 2, 2, 2, 2, 2, 4 ),
 ( 0.5000001929213290230, 0.5314596964725291084, 0.5629192000237290827, 0.5943787035749291681, 0.6258382071261292534, 0.6572977106773292277, 0.6887572142285293131, 0.7202167177797293984, 0.7516762213309293728, 0.7831357248821295691, 0.8145952284333295434, 0.8460547319845295178, 0.8775142355357297141, 0.9089737390869297995, 0.9404332426381298848, 0.9718927461893299702, 1.003352249740530056 ),
 .UNSPECIFIED. ) ;
#2222 = CARTESIAN_POINT ( 'NONE',  ( 21.17689404591714464, -9.790041731322940421, 56.44827805567341272 ) ) ;
#2223 = CARTESIAN_POINT ( 'NONE',  ( 16.41136775642448598, -4.043024352837147006, 52.09190082048490922 ) ) ;
#2224 = CARTESIAN_POINT ( 'NONE',  ( 63.94730243007352755, -5.216674475150946400, -86.90616309553573160 ) ) ;
#2225 = VERTEX_POINT ( 'NONE', #5525 ) ;
#2226 = CARTESIAN_POINT ( 'NONE',  ( 84.00398087875099407, -4.918470934715918119, -90.73695533916178135 ) ) ;
#2227 = CARTESIAN_POINT ( 'NONE',  ( 16.78032932949938072, -22.41552858334485876, -14.05564216742313199 ) ) ;
#2228 = CARTESIAN_POINT ( 'NONE',  ( 104.1449999999999250, -57.99749635261596126, 0.000000000000000000 ) ) ;
#2229 = CARTESIAN_POINT ( 'NONE',  ( -18.00000000000000355, -4.653035968583751014, 54.80825733840185165 ) ) ;
#2230 =( NAMED_UNIT ( * ) PLANE_ANGLE_UNIT ( ) SI_UNIT ( $, .RADIAN. ) );
#2231 = CARTESIAN_POINT ( 'NONE',  ( 170.6312672644778559, -5.883787717805567752, 28.58273803604584984 ) ) ;
#2232 = CARTESIAN_POINT ( 'NONE',  ( 40.22185415489748550, -1.356513888900347187, 73.66452158765545732 ) ) ;
#2233 = CARTESIAN_POINT ( 'NONE',  ( 180.6759954403694621, -4.000000000000088818, 5.959822742032091725 ) ) ;
#2234 = VERTEX_POINT ( 'NONE', #4969 ) ;
#2235 = CYLINDRICAL_SURFACE ( 'NONE', #3604, 12.74499999999999211 ) ;
#2236 = CARTESIAN_POINT ( 'NONE',  ( 16.37717287311612679, -10.87063818571061447, -38.55556940901407614 ) ) ;
#2237 = CARTESIAN_POINT ( 'NONE',  ( -3.417065038138551447, -4.843351673694504811, 0.000000000000000000 ) ) ;
#2238 = ADVANCED_FACE ( 'NONE', ( #2688 ), #35, .T. ) ;
#2239 = CARTESIAN_POINT ( 'NONE',  ( 20.91892584717562897, -8.007671274423202590, 58.12961513250895962 ) ) ;
#2240 = CARTESIAN_POINT ( 'NONE',  ( 16.55261852720840210, -3.883181200344298034, 54.38174454397697133 ) ) ;
#2241 = CARTESIAN_POINT ( 'NONE',  ( 24.06268921563775010, -16.88642669393624018, 42.75687836194681779 ) ) ;
#2242 = CARTESIAN_POINT ( 'NONE',  ( 21.12690296487194530, -1.004855682452784782, -56.63295243534511059 ) ) ;
#2243 = CARTESIAN_POINT ( 'NONE',  ( 126.1767441785994777, -4.071699881733654713, 82.11495462252477751 ) ) ;
#2244 = CARTESIAN_POINT ( 'NONE',  ( 97.83432387820299425, -1.762459960940095337E-14, -95.38065893841071841 ) ) ;
#2245 = CARTESIAN_POINT ( 'NONE',  ( 117.9131557670225874, -56.13001623236052495, 3.859248534111616416E-15 ) ) ;
#2246 = CARTESIAN_POINT ( 'NONE',  ( -18.00000000000000000, -20.16195652325559706, 43.15223309871085178 ) ) ;
#2247 = CARTESIAN_POINT ( 'NONE',  ( 22.94951670236876495, -3.489669152194557089, 57.87555716576677156 ) ) ;
#2248 = CARTESIAN_POINT ( 'NONE',  ( 37.27162591929364766, -1.296256468645541782, 71.08369636537662473 ) ) ;
#2249 = CARTESIAN_POINT ( 'NONE',  ( 21.40669245645305452, -8.707768569141064674, 57.92625064589429229 ) ) ;
#2250 = CARTESIAN_POINT ( 'NONE',  ( 20.63481051264665922, -6.376882906335184842, 59.57313527816959464 ) ) ;
#2251 = CARTESIAN_POINT ( 'NONE',  ( 22.94951670236585883, -3.489669152194101898, -57.87555716576402887 ) ) ;
#2252 = CARTESIAN_POINT ( 'NONE',  ( 143.6722416941743745, -4.249870933051576039, 71.18577966975183813 ) ) ;
#2253 = CARTESIAN_POINT ( 'NONE',  ( 41.90787927290352854, -4.467795799150821701, -78.27004619161768062 ) ) ;
#2254 = CARTESIAN_POINT ( 'NONE',  ( 0.4062367564908389017, -5.892299391511401474, -58.70523384578270765 ) ) ;
#2255 = CARTESIAN_POINT ( 'NONE',  ( 16.13373218091608763, -4.307557170229469712, 47.87981172722048484 ) ) ;
#2256 = CARTESIAN_POINT ( 'NONE',  ( 16.07372118107096881, -3.472710864882595505, 48.47906136746981076 ) ) ;
#2257 = CARTESIAN_POINT ( 'NONE',  ( 16.42396535754323850, -4.050844505757273062, 52.21188541268183769 ) ) ;
#2258 = CARTESIAN_POINT ( 'NONE',  ( 164.3684868625472575, -5.887623494697213835E-11, -37.54138756071247229 ) ) ;
#2259 = ORIENTED_EDGE ( 'NONE', *, *, #3576, .T. ) ;
#2260 = CARTESIAN_POINT ( 'NONE',  ( 173.6656140295608566, -4.651983178880294112, 26.00467850863714148 ) ) ;
#2261 = CARTESIAN_POINT ( 'NONE',  ( 16.70027928429856345, -20.12319521366587338, -21.02111502187510084 ) ) ;
#2262 = CARTESIAN_POINT ( 'NONE',  ( 8.999999999999998224, -42.28566622599509373, -0.5952736460320074974 ) ) ;
#2263 = CARTESIAN_POINT ( 'NONE',  ( -18.00000000000000000, -38.25024222399266449, -1.383616478507711189 ) ) ;
#2264 = PLANE ( 'NONE',  #5018 ) ;
#2265 = CARTESIAN_POINT ( 'NONE',  ( 190.5116481198259066, -5.904783293238785369, 1.922073611382302261E-12 ) ) ;
#2266 = CARTESIAN_POINT ( 'NONE',  ( 170.7684663968079803, -13.46672135417336058, 19.24584634299479546 ) ) ;
#2267 = VERTEX_POINT ( 'NONE', #3140 ) ;
#2268 = CARTESIAN_POINT ( 'NONE',  ( 22.59345117150969529, -2.750000000000003109, -58.25533732283664534 ) ) ;
#2269 = EDGE_CURVE ( 'NONE', #3989, #4519, #4422, .T. ) ;
#2270 = CARTESIAN_POINT ( 'NONE',  ( 3.493117819995858131, -6.042206017373005444, 53.98290812280552586 ) ) ;
#2271 = CARTESIAN_POINT ( 'NONE',  ( 87.15098643019395297, -18.81133930434818069, -79.25708188505781493 ) ) ;
#2272 = CARTESIAN_POINT ( 'NONE',  ( 16.63528814605152917, -4.572997607957942634, 52.53186088124806474 ) ) ;
#2273 = APPROVAL ( #2380, 'UNSPECIFIED' ) ;
#2274 = CARTESIAN_POINT ( 'NONE',  ( 16.47719304078957236, -3.811763531839624797, 54.09718933571289057 ) ) ;
#2275 = CARTESIAN_POINT ( 'NONE',  ( 24.06959107935345088, -28.68269518015646469, 17.09535892644730737 ) ) ;
#2276 = CARTESIAN_POINT ( 'NONE',  ( 86.39999999999994884, -58.25464714294840007, 0.000000000000000000 ) ) ;
#2277 = CARTESIAN_POINT ( 'NONE',  ( 179.8228440127547572, -4.129499341797650658, -4.673929045384737080 ) ) ;
#2278 = CARTESIAN_POINT ( 'NONE',  ( 95.58835822176511954, -1.728763011490186848E-14, -95.50046344502263196 ) ) ;
#2279 = CARTESIAN_POINT ( 'NONE',  ( 117.9131557670226016, -56.13001623236053206, -63.02631153404519182 ) ) ;
#2280 = CARTESIAN_POINT ( 'NONE',  ( 8.989174593457338602, -38.27520062032861148, 0.7361209265011487979 ) ) ;
#2281 = CARTESIAN_POINT ( 'NONE',  ( 22.60470634691248648, -2.771446192201409531, 58.24543350938055397 ) ) ;
#2282 = CARTESIAN_POINT ( 'NONE',  ( -4.420278353985912117E-31, -2.946199444464786404E-15, 0.000000000000000000 ) ) ;
#2283 = ORIENTED_EDGE ( 'NONE', *, *, #4795, .T. ) ;
#2284 = CARTESIAN_POINT ( 'NONE',  ( 21.40107969942190635, -8.705494867581329288, 57.92243542711315030 ) ) ;
#2285 = CARTESIAN_POINT ( 'NONE',  ( 20.59039457310625210, -5.929785211282370128, 59.99782336451865916 ) ) ;
#2286 = CARTESIAN_POINT ( 'NONE',  ( 19.73699553874591928, -1.563855794543895117, -52.84073065955447390 ) ) ;
#2287 = CARTESIAN_POINT ( 'NONE',  ( 177.1128250107561541, -4.334214680580623202, 16.17224740633181312 ) ) ;
#2288 = CARTESIAN_POINT ( 'NONE',  ( 75.67737858128337791, -5.644747891128961470, -88.57745697879336433 ) ) ;
#2289 = CARTESIAN_POINT ( 'NONE',  ( 56.94189324939017638, -3.430911900466266040, -96.72515938063668273 ) ) ;
#2290 = CARTESIAN_POINT ( 'NONE',  ( 69.65500000000004377, -58.93658393131477169, 0.000000000000000000 ) ) ;
#2291 = AXIS2_PLACEMENT_3D ( 'NONE', #2603, #326, #2568 ) ;
#2292 = CARTESIAN_POINT ( 'NONE',  ( 71.95066676088430313, -12.76367187514527934, -85.32090888259645567 ) ) ;
#2293 = CARTESIAN_POINT ( 'NONE',  ( 16.15624442265374583, -4.504728092827867236, 48.05025725465849717 ) ) ;
#2294 = VERTEX_POINT ( 'NONE', #7143 ) ;
#2295 = CARTESIAN_POINT ( 'NONE',  ( 21.61905904845241722, -10.01973569835609901, 56.71462869540081186 ) ) ;
#2296 = CARTESIAN_POINT ( 'NONE',  ( 16.42013304169412535, -4.059111587010415079, 52.13325945093922797 ) ) ;
#2297 = CARTESIAN_POINT ( 'NONE',  ( 18.87978037614506022, -5.637851296924623057E-15, -53.92075191586105376 ) ) ;
#2298 = CIRCLE ( 'NONE', #7236, 12.99803161225500325 ) ;
#2299 = ORIENTED_EDGE ( 'NONE', *, *, #1401, .T. ) ;
#2300 = CARTESIAN_POINT ( 'NONE',  ( 68.73857248725833813, -4.828745637137574320, -88.75566399150091002 ) ) ;
#2301 = ORIENTED_EDGE ( 'NONE', *, *, #881, .T. ) ;
#2302 = CARTESIAN_POINT ( 'NONE',  ( 16.96997868638700879, -27.84637560265983325, 16.30849817223984388 ) ) ;
#2303 = B_SPLINE_CURVE_WITH_KNOTS ( 'NONE', 3,
 ( #5797, #6267, #1295, #3589, #3553, #2930, #3441, #4141, #117, #1883 ),
 .UNSPECIFIED., .F., .F.,
 ( 4, 2, 2, 2, 4 ),
 ( 0.000000000000000000, 0.002276297274387497141, 0.004552594548774994282, 0.006828891823162491423, 0.009105189097549988564 ),
 .UNSPECIFIED. ) ;
#2304 = CARTESIAN_POINT ( 'NONE',  ( 21.59849180897480991, -10.07234571109461996, 56.63434270419496386 ) ) ;
#2305 = AXIS2_PLACEMENT_3D ( 'NONE', #6095, #3307, #2192 ) ;
#2306 = CARTESIAN_POINT ( 'NONE',  ( -18.00000000000000000, -22.52452526627329377, -40.67503554535066712 ) ) ;
#2307 = CARTESIAN_POINT ( 'NONE',  ( 122.4583324758105221, -5.027734712619564839, 82.11950888905629142 ) ) ;
#2308 = CIRCLE ( 'NONE', #5370, 9.000000000000000000 ) ;
#2309 = ORIENTED_EDGE ( 'NONE', *, *, #6867, .T. ) ;
#2310 = CARTESIAN_POINT ( 'NONE',  ( 86.39999999999994884, -64.66763823405520384, 0.000000000000000000 ) ) ;
#2311 = CARTESIAN_POINT ( 'NONE',  ( 160.2704053475073636, -4.000000000000028422, -62.10265476509849947 ) ) ;
#2312 = EDGE_CURVE ( 'NONE', #3635, #163, #4415, .T. ) ;
#2313 = CARTESIAN_POINT ( 'NONE',  ( 169.8781426702937836, -13.47642778113341500, 1.582106731164873326 ) ) ;
#2314 = CARTESIAN_POINT ( 'NONE',  ( 21.21418977154576524, -8.016547977477804565, 58.46421965307255419 ) ) ;
#2315 = CARTESIAN_POINT ( 'NONE',  ( 19.85184664002230903, -4.520932258665783188, 60.65554242159269904 ) ) ;
#2316 = CARTESIAN_POINT ( 'NONE',  ( 21.36649237272363777, -33.74852470288030304, 5.160873496413641348 ) ) ;
#2317 = CARTESIAN_POINT ( 'NONE',  ( -2.356156567905142385, -2.502374822675159649, -60.54581286081605640 ) ) ;
#2318 = CARTESIAN_POINT ( 'NONE',  ( 174.3812400575546349, -4.120228865966622855, 29.87403779825432437 ) ) ;
#2319 = CARTESIAN_POINT ( 'NONE',  ( 172.4927124325731427, -2.882583920946823673E-14, -42.34519729375104191 ) ) ;
#2320 = FACE_OUTER_BOUND ( 'NONE', #5, .T. ) ;
#2321 = CARTESIAN_POINT ( 'NONE',  ( 68.24930317048608686, -3.430911900466266928, 160.6564632921892439 ) ) ;
#2322 = CARTESIAN_POINT ( 'NONE',  ( 21.44067890833644441, -0.9396888221811944275, 58.86846527691212572 ) ) ;
#2323 = CARTESIAN_POINT ( 'NONE',  ( 88.85884851731519518, -3.430911900466270925, 101.0816037612743372 ) ) ;
#2324 = CARTESIAN_POINT ( 'NONE',  ( 18.83165246883001132, -7.300238845441004543, 55.74632032923966563 ) ) ;
#2325 = EDGE_CURVE ( 'NONE', #6387, #2189, #1499, .T. ) ;
#2326 = CARTESIAN_POINT ( 'NONE',  ( 20.28824538447615566, -5.886757013842379038, 59.69979137049317330 ) ) ;
#2327 = CARTESIAN_POINT ( 'NONE',  ( 21.89507902975604026, -1.554535003339558408, -58.72968858095217115 ) ) ;
#2328 = CARTESIAN_POINT ( 'NONE',  ( 103.1865920602638482, -4.087948411195512222, 88.81573805367763441 ) ) ;
#2329 = CARTESIAN_POINT ( 'NONE',  ( 174.9140407066385592, -5.442016150800429664, -14.57523046810928591 ) ) ;
#2330 = CARTESIAN_POINT ( 'NONE',  ( 19.56691211652965023, -3.430911900466259379, -75.87407247868154059 ) ) ;
#2331 = CARTESIAN_POINT ( 'NONE',  ( 20.36082540615131720, -32.29571161549034031, 26.62793936103274461 ) ) ;
#2332 = CARTESIAN_POINT ( 'NONE',  ( 96.62595163206610493, -1.821459649775647449E-14, 90.77678198205465776 ) ) ;
#2333 = CARTESIAN_POINT ( 'NONE',  ( 20.75135235893582575, -11.81120006052200999, 53.54326378162710398 ) ) ;
#2334 = EDGE_LOOP ( 'NONE', ( #4263, #6683, #5456, #1567, #6159, #3951, #2621 ) ) ;
#2335 = CARTESIAN_POINT ( 'NONE',  ( 16.26676258770575245, -4.264522925732688208, 49.61643480115634475 ) ) ;
#2336 = CARTESIAN_POINT ( 'NONE',  ( 16.41947595595730647, -4.058187027998692464, 52.12905592198949023 ) ) ;
#2337 = CARTESIAN_POINT ( 'NONE',  ( 147.5997032630440344, -2.775557561562891351E-14, -61.18036485772766753 ) ) ;
#2338 = VERTEX_POINT ( 'NONE', #4305 ) ;
#2339 = CARTESIAN_POINT ( 'NONE',  ( 177.1240140045777309, -4.678126747156151843, 9.194675052315142594 ) ) ;
#2340 = CARTESIAN_POINT ( 'NONE',  ( -0.7802224117129771264, -36.71160902518190738, 12.92009669016016282 ) ) ;
#2341 = CARTESIAN_POINT ( 'NONE',  ( 20.44098419040780357, -5.564017240812249909, 60.21632449220158634 ) ) ;
#2342 = CARTESIAN_POINT ( 'NONE',  ( 21.39499734000212072, -31.57183265204440659, -17.80930172261191657 ) ) ;
#2343 = CARTESIAN_POINT ( 'NONE',  ( 171.6276463512704424, -5.902848135976230814, 25.37574341634779884 ) ) ;
#2344 = ORIENTED_EDGE ( 'NONE', *, *, #2645, .T. ) ;
#2345 = CARTESIAN_POINT ( 'NONE',  ( 145.4204017999530265, -9.396502564364329051E-12, 66.99412923508926099 ) ) ;
#2346 = CARTESIAN_POINT ( 'NONE',  ( 108.6082683218399580, -4.000000000000018652, 88.53011112588748688 ) ) ;
#2347 = CARTESIAN_POINT ( 'NONE',  ( 170.8118970021239136, -13.47642778113341855, -47.68642603977332328 ) ) ;
#2348 = CARTESIAN_POINT ( 'NONE',  ( 16.24629216514668784, -3.747376149343920382, 51.16447995235699153 ) ) ;
#2349 = CARTESIAN_POINT ( 'NONE',  ( 18.79797096317100369, -4.177737636507721675, 59.73657294887537716 ) ) ;
#2350 = CARTESIAN_POINT ( 'NONE',  ( 19.42270178836996308, -1.096653517019245072, 53.44565022338110083 ) ) ;
#2351 = CARTESIAN_POINT ( 'NONE',  ( 20.65385311598790707, -18.72390343925347622, -24.21008422388366554 ) ) ;
#2352 = CARTESIAN_POINT ( 'NONE',  ( 56.75202232236166822, -4.098262958427179470, -86.98255111687785757 ) ) ;
#2353 = CARTESIAN_POINT ( 'NONE',  ( 94.10538899519029599, -1.706513544353222438E-14, -95.56401309022078294 ) ) ;
#2354 = CARTESIAN_POINT ( 'NONE',  ( 103.7530176744068910, -53.01288504816876923, 34.70603534881380625 ) ) ;
#2355 = CARTESIAN_POINT ( 'NONE',  ( -18.00000000000001066, -21.13460179111550019, 42.17172141372738992 ) ) ;
#2356 = CARTESIAN_POINT ( 'NONE',  ( 18.55548382611868874, -0.3047460884108016410, 56.26344390559545872 ) ) ;
#2357 = CARTESIAN_POINT ( 'NONE',  ( 183.9374695931550150, -3.430911900466285136, 26.64542325328562100 ) ) ;
#2358 = B_SPLINE_CURVE_WITH_KNOTS ( 'NONE', 3,
 ( #1575, #1094, #7211, #1615 ),
 .UNSPECIFIED., .F., .F.,
 ( 4, 4 ),
 ( 0.000000000000000000, 1.000000000000000000 ),
 .UNSPECIFIED. ) ;
#2359 = CARTESIAN_POINT ( 'NONE',  ( 21.35201640081611174, -8.480659048591709492, 58.11320721458012173 ) ) ;
#2360 = CARTESIAN_POINT ( 'NONE',  ( 17.30669175301253304, -4.639961974096713959, 55.89522087169483200 ) ) ;
#2361 = CARTESIAN_POINT ( 'NONE',  ( 22.85079273882487527, -3.270171685185572663, -57.99664264912129141 ) ) ;
#2362 = CARTESIAN_POINT ( 'NONE',  ( 56.94052709010770741, -4.265084627386260152, -86.35090790938119198 ) ) ;
#2363 = CARTESIAN_POINT ( 'NONE',  ( 173.2291116273071054, -5.342209426948231865, 22.33836815886118288 ) ) ;
#2364 = CARTESIAN_POINT ( 'NONE',  ( 18.31422399578964999, -0.1012645972437470065, -54.09380560559468876 ) ) ;
#2365 = CARTESIAN_POINT ( 'NONE',  ( -18.00000000000000355, -38.09024766049640931, 5.834977158582502099 ) ) ;
#2366 = ADVANCED_FACE ( 'NONE', ( #1459 ), #2871, .T. ) ;
#2367 = CARTESIAN_POINT ( 'NONE',  ( 117.2419197147742125, 1.679105202613205805E-11, -80.71681072448500061 ) ) ;
#2368 = VERTEX_POINT ( 'NONE', #944 ) ;
#2369 = CARTESIAN_POINT ( 'NONE',  ( 16.31441268924173471, -4.189084078753150919, 50.37404728702921375 ) ) ;
#2370 = CARTESIAN_POINT ( 'NONE',  ( 16.43337191868347702, -4.070686325316812848, 52.24371160511300616 ) ) ;
#2371 = CARTESIAN_POINT ( 'NONE',  ( 140.3748994943715616, -2.775557561562891351E-14, -67.63986212418510036 ) ) ;
#2372 = ORIENTED_EDGE ( 'NONE', *, *, #4358, .F. ) ;
#2373 = CARTESIAN_POINT ( 'NONE',  ( 80.57976681414420739, -4.904006895038209635, -90.53419545990860229 ) ) ;
#2374 = CARTESIAN_POINT ( 'NONE',  ( 167.6578064275551867, -4.000000000000136779, 46.07812645947561236 ) ) ;
#2375 = ORIENTED_EDGE ( 'NONE', *, *, #1972, .T. ) ;
#2376 = CARTESIAN_POINT ( 'NONE',  ( 21.55542149656614725, -17.62433079575504991, 47.15949340999945605 ) ) ;
#2377 = DIRECTION ( 'NONE',  ( 1.500332356076765934E-16, 1.000000000000000000, -0.000000000000000000 ) ) ;
#2378 = ADVANCED_FACE ( 'NONE', ( #3198 ), #208, .T. ) ;
#2379 = CARTESIAN_POINT ( 'NONE',  ( 21.47666005743118589, -25.35681248854863767, -34.67623532828829980 ) ) ;
#2380 = APPROVAL_STATUS ( 'not_yet_approved' ) ;
#2381 = CARTESIAN_POINT ( 'NONE',  ( 51.26984815282241925, -5.253237674925961720, -82.35797212743376861 ) ) ;
#2382 = ORIENTED_EDGE ( 'NONE', *, *, #3328, .T. ) ;
#2383 = CARTESIAN_POINT ( 'NONE',  ( 155.8794644708400767, 9.235455610619282295E-12, 56.55569650769268009 ) ) ;
#2384 = CARTESIAN_POINT ( 'NONE',  ( 132.5555687442138435, -4.000000000000023093, -85.05520665355496135 ) ) ;
#2385 = CARTESIAN_POINT ( 'NONE',  ( 10.00285798478849131, -22.16292595220782857, 5.551115123125782702E-14 ) ) ;
#2386 = CARTESIAN_POINT ( 'NONE',  ( 17.82917825160754433, -6.092459826035144133, 54.87430056698428160 ) ) ;
#2387 = CARTESIAN_POINT ( 'NONE',  ( 16.38964560255146452, -3.778280468849262608, 53.36396985806861437 ) ) ;
#2388 = CARTESIAN_POINT ( 'NONE',  ( 132.1963904380772021, -50.78462308660629532, 1.387778780781445676E-14 ) ) ;
#2389 = CARTESIAN_POINT ( 'NONE',  ( -2.711943942383873818, -3.499999999999989342, -60.02012201594923368 ) ) ;
#2390 = CARTESIAN_POINT ( 'NONE',  ( 105.1659330018764678, -4.138105329936491827, -92.45615794681629040 ) ) ;
#2391 = CARTESIAN_POINT ( 'NONE',  ( 173.7593986905500572, -2.901588424725229026E-14, 35.08952633966518420 ) ) ;
#2392 = CARTESIAN_POINT ( 'NONE',  ( 103.7530176744068910, -53.01288504816876923, 2.651970136063798312E-16 ) ) ;
#2393 = CARTESIAN_POINT ( 'NONE',  ( 153.5564152144092134, -32.08719586848358318, 8.224288893453686267E-15 ) ) ;
#2394 = CARTESIAN_POINT ( 'NONE',  ( 17.63520893486018437, 0.2077195991184433710, 55.69053403099425736 ) ) ;
#2395 = CARTESIAN_POINT ( 'NONE',  ( 18.43932129590787383, -0.2078012840635978520, 53.97604061828781852 ) ) ;
#2396 = ORIENTED_EDGE ( 'NONE', *, *, #2590, .T. ) ;
#2397 = EDGE_CURVE ( 'NONE', #637, #4076, #4891, .T. ) ;
#2398 = CARTESIAN_POINT ( 'NONE',  ( 16.38114699319901035, -4.068262217138280512, 51.61863214210234929 ) ) ;
#2399 = CARTESIAN_POINT ( 'NONE',  ( 20.40239211619806525, -5.455966075758197142, 60.28660078506557340 ) ) ;
#2400 = CARTESIAN_POINT ( 'NONE',  ( 23.72580420921073951, -5.844274380699041593, -56.22551353986496281 ) ) ;
#2401 = CARTESIAN_POINT ( 'NONE',  ( 77.02197892012024738, -4.337416225576237849, -91.66292054505582598 ) ) ;
#2402 = CARTESIAN_POINT ( 'NONE',  ( 119.4316548893212371, -4.682384532134066468, 83.72484727454316555 ) ) ;
#2403 = CARTESIAN_POINT ( 'NONE',  ( 18.17976044932970936, -0.1988190552992402382, -51.29075262734966856 ) ) ;
#2404 = FACE_OUTER_BOUND ( 'NONE', #1101, .T. ) ;
#2405 = CARTESIAN_POINT ( 'NONE',  ( 7.683518813313567009, -4.119968255444916849E-15, 37.97993667169603782 ) ) ;
#2406 = ORIENTED_EDGE ( 'NONE', *, *, #10, .T. ) ;
#2407 = VERTEX_POINT ( 'NONE', #5516 ) ;
#2408 = CARTESIAN_POINT ( 'NONE',  ( 21.30235572738994065, -9.066906705640022324, 57.40886980921876415 ) ) ;
#2409 = CARTESIAN_POINT ( 'NONE',  ( 16.51334034012479179, -4.156794276462689730, 52.76272177690416498 ) ) ;
#2410 = CARTESIAN_POINT ( 'NONE',  ( 7.683518813313567009, -4.119968255444916849E-15, 37.97993667169603782 ) ) ;
#2411 = EDGE_CURVE ( 'NONE', #995, #6721, #2016, .T. ) ;
#2412 = CARTESIAN_POINT ( 'NONE',  ( 27.27802472903007924, -1.536288675553499905, -63.00492468426711667 ) ) ;
#2413 = CARTESIAN_POINT ( 'NONE',  ( 97.77606308541214730, -4.730707896131701062, -90.78195464618235633 ) ) ;
#2414 = CARTESIAN_POINT ( 'NONE',  ( 179.1627198150465290, -4.000000000001205258, 16.52657463023023254 ) ) ;
#2415 = ORIENTED_EDGE ( 'NONE', *, *, #5427, .F. ) ;
#2416 = CARTESIAN_POINT ( 'NONE',  ( 12.99660181130124847, -38.30938995304666861, -0.1233756934418098333 ) ) ;
#2417 = CARTESIAN_POINT ( 'NONE',  ( -2.179733859829516174, -2.000000000000017764, -60.80283175413602947 ) ) ;
#2418 = CARTESIAN_POINT ( 'NONE',  ( 21.59317250118354536, -10.94374015254152432, -55.62333159295467055 ) ) ;
#2419 = TOROIDAL_SURFACE ( 'NONE', #5708, 104.9148347273589934, 1.000000000000000222 ) ;
#2420 = CARTESIAN_POINT ( 'NONE',  ( 90.83730173487604986, -5.206053666994193918, -90.17234074501729424 ) ) ;
#2421 = APPROVAL_DATE_TIME ( #650, #15 ) ;
#2422 = CARTESIAN_POINT ( 'NONE',  ( 80.75109773250268574, -6.020050718245503418, -88.58737343734475189 ) ) ;
#2423 = CARTESIAN_POINT ( 'NONE',  ( 122.5269208044811364, -2.749999999975181630, -78.81036244440373650 ) ) ;
#2424 = AXIS2_PLACEMENT_3D ( 'NONE', #6383, #4735, #1342 ) ;
#2425 = CARTESIAN_POINT ( 'NONE',  ( 50.15749731869882311, -4.000000000000012434, -85.02259199893921959 ) ) ;
#2426 = CARTESIAN_POINT ( 'NONE',  ( 43.09423980501173190, -49.66000481461367855, 2.775557561562891351E-14 ) ) ;
#2427 = CARTESIAN_POINT ( 'NONE',  ( 17.37577152818871440, -5.655666476569932932, 54.20119850154303975 ) ) ;
#2428 = VECTOR ( 'NONE', #2139, 1000.000000000000000 ) ;
#2429 = CARTESIAN_POINT ( 'NONE',  ( 16.53910526513067936, -3.831402681544892719, 54.54889080333075668 ) ) ;
#2430 = CARTESIAN_POINT ( 'NONE',  ( -0.9323688128199387748, -20.95902901126087059, 49.13341423743464276 ) ) ;
#2431 = CARTESIAN_POINT ( 'NONE',  ( 20.75810426644634532, -21.70926578881692848, -15.68476888404826397 ) ) ;
#2432 = CARTESIAN_POINT ( 'NONE',  ( 68.31801286249501004, -4.117475615124772226, -90.94078675072208284 ) ) ;
#2433 = CARTESIAN_POINT ( 'NONE',  ( 181.0940774984615018, -3.011632984094629866E-14, -10.96356877425320420 ) ) ;
#2434 = CARTESIAN_POINT ( 'NONE',  ( -18.00000000000000355, -5.942206017373112381, -54.04319279652562358 ) ) ;
#2435 = CARTESIAN_POINT ( 'NONE',  ( 17.77032621106707566, 0.1478469456405070714, 55.79256862695684305 ) ) ;
#2436 = CARTESIAN_POINT ( 'NONE',  ( 18.29464483222884041, -0.01415533427692999488, 54.49706347580512755 ) ) ;
#2437 = CARTESIAN_POINT ( 'NONE',  ( 16.38929996865164540, -4.085845619395585437, 51.65613208273763490 ) ) ;
#2438 = CARTESIAN_POINT ( 'NONE',  ( 16.34260791519990974, -3.780788923196892526, 52.65879856162381145 ) ) ;
#2439 = CARTESIAN_POINT ( 'NONE',  ( 14.95902202767143940, 0.6113591692029232139, -52.66418221117178433 ) ) ;
#2440 = CARTESIAN_POINT ( 'NONE',  ( 119.7412046111927850, -4.104913253048892763, 84.55735689911261943 ) ) ;
#2441 = CARTESIAN_POINT ( 'NONE',  ( 155.6544538657071826, -5.508429612637378625, -57.33311051584358609 ) ) ;
#2442 = CARTESIAN_POINT ( 'NONE',  ( 19.90774625922304963, -1.931056436993907388, -51.99113998181080376 ) ) ;
#2443 = CARTESIAN_POINT ( 'NONE',  ( 20.36082540615132075, -34.34959553575264835, 21.81000826438559415 ) ) ;
#2444 = CARTESIAN_POINT ( 'NONE',  ( 172.3913895804293759, -6.727869985394199059E-11, -9.691317847685638753 ) ) ;
#2445 = CARTESIAN_POINT ( 'NONE',  ( 20.45489508768689291, -8.642328682350894908, 56.80258630406181197 ) ) ;
#2446 = CARTESIAN_POINT ( 'NONE',  ( 16.41047487022266083, -3.970578477332814771, 52.39604704878659192 ) ) ;
#2447 = CARTESIAN_POINT ( 'NONE',  ( 12.93267071211648300, -38.23357416841078305, 1.573359791262557650 ) ) ;
#2448 = CARTESIAN_POINT ( 'NONE',  ( -1.467355885949303662, -41.50590262049315271, 8.884462932091381049 ) ) ;
#2449 = CARTESIAN_POINT ( 'NONE',  ( 53.94592985463925316, -4.489757334371367925, -84.52958890639125400 ) ) ;
#2450 = CARTESIAN_POINT ( 'NONE',  ( 178.8883048645800216, -4.000000000000029310, 20.10202431120680089 ) ) ;
#2451 = CARTESIAN_POINT ( 'NONE',  ( 10.60878383718365647, -37.66825779032997445, 7.458615179976139764 ) ) ;
#2452 = PLANE ( 'NONE',  #5715 ) ;
#2453 = CARTESIAN_POINT ( 'NONE',  ( 20.77723478269178869, -13.36772086790336012, 51.69970299188859286 ) ) ;
#2454 = CARTESIAN_POINT ( 'NONE',  ( 47.88091272999613324, -4.621245670542082351, -81.40594796797952881 ) ) ;
#2455 = DATE_AND_TIME ( #6243, #5258 ) ;
#2456 = CARTESIAN_POINT ( 'NONE',  ( 69.10075473574276828, -5.841397252772717152, -87.25615578568520903 ) ) ;
#2457 = VERTEX_POINT ( 'NONE', #3828 ) ;
#2458 = CARTESIAN_POINT ( 'NONE',  ( 40.16969717719815236, -2.749999999998455014, -73.01317229189541536 ) ) ;
#2459 = CARTESIAN_POINT ( 'NONE',  ( 2.883170753416974375, -37.51457523166155994, -8.530781845231016902 ) ) ;
#2460 = EDGE_CURVE ( 'NONE', #4760, #4905, #2747, .T. ) ;
#2461 = CARTESIAN_POINT ( 'NONE',  ( -0.5777385475360941047, -8.826899658326436082, 5.551115123125782702E-14 ) ) ;
#2462 = CARTESIAN_POINT ( 'NONE',  ( 16.39494722708349173, -4.045116201744844986, 51.88146394441774589 ) ) ;
#2463 = CARTESIAN_POINT ( 'NONE',  ( 19.62253392903796012, -4.053344055864685380, 60.88877586123120267 ) ) ;
#2464 = DIRECTION ( 'NONE',  ( 1.000000000000000000, 0.000000000000000000, 0.000000000000000000 ) ) ;
#2465 = CARTESIAN_POINT ( 'NONE',  ( 24.07171310146168608, -22.35835520959995648, -33.83616051020350568 ) ) ;
#2466 = CARTESIAN_POINT ( 'NONE',  ( 177.8886011611956803, -4.040622927691631006, 19.89422637280285855 ) ) ;
#2467 = CARTESIAN_POINT ( 'NONE',  ( 160.0492225547016574, -2.695890216083980704E-14, 57.36160868473023555 ) ) ;
#2468 = CARTESIAN_POINT ( 'NONE',  ( 86.39999999999994884, -58.15464714294839155, 0.000000000000000000 ) ) ;
#2469 = CARTESIAN_POINT ( 'NONE',  ( 15.21277600446769007, 0.6301301347731728120, 53.03015225542524291 ) ) ;
#2470 = EDGE_CURVE ( 'NONE', #1334, #2407, #303, .T. ) ;
#2471 = CARTESIAN_POINT ( 'NONE',  ( -22.00000000000000355, -42.30756013076908317, -5.181181809388053756E-15 ) ) ;
#2472 = CARTESIAN_POINT ( 'NONE',  ( 16.46671295018968806, -4.271334726148027450, 51.91352593839091156 ) ) ;
#2473 = CARTESIAN_POINT ( 'NONE',  ( 16.46154772647141229, -3.904626624299263771, 53.35877069594948097 ) ) ;
#2474 = CARTESIAN_POINT ( 'NONE',  ( 20.27849645082322638, -7.975094904167208121, 42.26839554136732602 ) ) ;
#2475 = B_SPLINE_CURVE_WITH_KNOTS ( 'NONE', 3,
 ( #1286, #6433, #5861, #1392, #3651, #182, #2393, #841, #4641, #5339, #4234, #6466, #1426, #1836, #4096, #5786, #1460, #1500, #4306, #4821 ),
 .UNSPECIFIED., .F., .F.,
 ( 4, 2, 2, 2, 2, 2, 1, 1, 1, 1, 2, 4 ),
 ( 0.1404943933070636197, 0.2856705418657228823, 0.4308466904243823947, 0.5760228389830419626, 0.6486109132623716356, 0.6849049504020364720, 0.7030519689718688348, 0.7121254782567849606, 0.7166622328992430235, 0.7189306102204721105, 0.7200647988810867650, 0.7211989875417014195 ),
 .UNSPECIFIED. ) ;
#2476 = CARTESIAN_POINT ( 'NONE',  ( 49.08105000070164436, -4.203371431380610090, -82.82034310367595253 ) ) ;
#2477 = DIRECTION ( 'NONE',  ( 1.000000000000000000, 0.000000000000000000, -1.224646799147353454E-16 ) ) ;
#2478 = CARTESIAN_POINT ( 'NONE',  ( 16.46681749084557467, -3.999999999999980904, 52.99613776387477770 ) ) ;
#2479 = CARTESIAN_POINT ( 'NONE',  ( 156.9807806531160850, -2.775557561562891351E-14, 50.06789516244234761 ) ) ;
#2480 = ORIENTED_EDGE ( 'NONE', *, *, #702, .F. ) ;
#2481 = ORIENTED_EDGE ( 'NONE', *, *, #1429, .T. ) ;
#2482 = CARTESIAN_POINT ( 'NONE',  ( 16.30662751517329667, -4.164903918577700814, 50.33581038476320657 ) ) ;
#2483 = CARTESIAN_POINT ( 'NONE',  ( 19.60437440181537738, -6.810038227291645541, 57.70680277263655000 ) ) ;
#2484 = CARTESIAN_POINT ( 'NONE',  ( 175.2731856472094876, -3.122502256758252770E-14, -55.79812635765263451 ) ) ;
#2485 = CARTESIAN_POINT ( 'NONE',  ( 4.506917958259558432, -41.65801680894591641, 7.795794276624070207 ) ) ;
#2486 = CARTESIAN_POINT ( 'NONE',  ( 130.6433248231097082, -4.745720867974146273, -80.54006658536776797 ) ) ;
#2487 = CARTESIAN_POINT ( 'NONE',  ( 168.0288257369893188, -4.000000000000029310, 46.28071991154570952 ) ) ;
#2488 = CARTESIAN_POINT ( 'NONE',  ( 16.16062222299792595, -4.669438920346290267, 46.51776949567693720 ) ) ;
#2489 = CARTESIAN_POINT ( 'NONE',  ( 86.39999999999994884, -64.66763823405520384, 0.000000000000000000 ) ) ;
#2490 = CARTESIAN_POINT ( 'NONE',  ( 15.99033635070325943, -4.336665566577226905, 46.04880810543054537 ) ) ;
#2491 = ADVANCED_FACE ( 'NONE', ( #2868 ), #6722, .F. ) ;
#2492 = CARTESIAN_POINT ( 'NONE',  ( 160.2958146586394719, -5.232145893952387716, -52.28117009447341701 ) ) ;
#2493 = CARTESIAN_POINT ( 'NONE',  ( 94.11876032412202164, -6.133455330279806716, -88.26008754283164137 ) ) ;
#2494 = CARTESIAN_POINT ( 'NONE',  ( 110.2901219892620190, -4.348691271732815558E-11, -88.22175912630976313 ) ) ;
#2495 = CARTESIAN_POINT ( 'NONE',  ( 8.936571891476402740, -38.25096053604841018, -1.217059836734439626 ) ) ;
#2496 = CARTESIAN_POINT ( 'NONE',  ( 140.2583724589802330, -4.843351673694527015, -89.31077145264525541 ) ) ;
#2497 = CARTESIAN_POINT ( 'NONE',  ( 21.26559349149440692, -7.930026974535778095, 58.61538775910396026 ) ) ;
#2498 = CARTESIAN_POINT ( 'NONE',  ( 16.47124997670897883, -3.777512876117747442, 54.26512958718102198 ) ) ;
#2499 = CARTESIAN_POINT ( 'NONE',  ( 85.35719728723937294, -6.042206017369089466, 98.92733719608155241 ) ) ;
#2500 = CARTESIAN_POINT ( 'NONE',  ( 24.06028895285190572, -16.04541485357540864, 43.98491456847938252 ) ) ;
#2501 = ADVANCED_FACE ( 'NONE', ( #4486 ), #2235, .F. ) ;
#2502 = CARTESIAN_POINT ( 'NONE',  ( 47.42748067936717860, -4.068233096104747482, -82.37389930323357135 ) ) ;
#2503 = CARTESIAN_POINT ( 'NONE',  ( 136.7708070087105625, -2.346636615665471329E-14, 77.27720721839192208 ) ) ;
#2504 = CARTESIAN_POINT ( 'NONE',  ( -1.732269477528477708, -5.410794676237197898, -58.97677550153706250 ) ) ;
#2505 = CARTESIAN_POINT ( 'NONE',  ( 16.81400122145677400, -23.37976540995166275, -8.218413645251299471 ) ) ;
#2506 = CARTESIAN_POINT ( 'NONE',  ( 135.9387471697028218, -46.05197166201080705, 6.066746815514656803E-15 ) ) ;
#2507 = CARTESIAN_POINT ( 'NONE',  ( 16.39818515091210926, -4.104674862839998717, 51.69783071408193820 ) ) ;
#2508 = CARTESIAN_POINT ( 'NONE',  ( 20.40837602900752756, -5.456350478160719497, 60.29275161744089218 ) ) ;
#2509 = CARTESIAN_POINT ( 'NONE',  ( 14.23065203006915347, 0.5000726616637188870, -51.52421410060497209 ) ) ;
#2510 = CARTESIAN_POINT ( 'NONE',  ( 47.56307357899942900, -4.185469708493470442, -82.00896660009340167 ) ) ;
#2511 = CARTESIAN_POINT ( 'NONE',  ( 18.69325125509304897, -0.4553800450566087288, -52.77953814039484115 ) ) ;
#2512 = CARTESIAN_POINT ( 'NONE',  ( 8.588322756437872130, -21.13364053486878191, -47.75112508002293765 ) ) ;
#2513 = CARTESIAN_POINT ( 'NONE',  ( 23.43035364191236525, -1.015149696626523435, 59.21063660471608614 ) ) ;
#2514 = ORIENTED_EDGE ( 'NONE', *, *, #4705, .F. ) ;
#2515 = ORIENTED_EDGE ( 'NONE', *, *, #1602, .F. ) ;
#2516 = CARTESIAN_POINT ( 'NONE',  ( 21.39423600156206007, -9.108226231619273250, 57.46930796696115351 ) ) ;
#2517 = CARTESIAN_POINT ( 'NONE',  ( 19.32483886273972828, -6.672036273335170797, 57.40157890147169439 ) ) ;
#2518 = CARTESIAN_POINT ( 'NONE',  ( 16.59588986285244161, -5.637851296924623057E-15, -52.60843963407489099 ) ) ;
#2519 = CARTESIAN_POINT ( 'NONE',  ( 96.43142961418153902, -4.068369507036325494, 89.75801167484063114 ) ) ;
#2520 = CARTESIAN_POINT ( 'NONE',  ( 71.60840551188265124, -4.000000000000103029, -92.72340710858041746 ) ) ;
#2521 = CARTESIAN_POINT ( 'NONE',  ( -18.00000000000000355, -4.000000000000000000, 0.000000000000000000 ) ) ;
#2522 = CARTESIAN_POINT ( 'NONE',  ( -8.386025109232411623, -38.11314980034999422, 3.280202488417124584 ) ) ;
#2523 = CARTESIAN_POINT ( 'NONE',  ( 15.99200220818923057, -4.399950581534299410, 46.11147058800921172 ) ) ;
#2524 = CARTESIAN_POINT ( 'NONE',  ( 173.2455672445616983, -5.198657398061450330, -24.63131342909774091 ) ) ;
#2525 = CARTESIAN_POINT ( 'NONE',  ( 70.75672893580018297, -5.873131657715347842, -87.52844342581666126 ) ) ;
#2526 = CARTESIAN_POINT ( 'NONE',  ( 15.91021936770812673, 2.501160666498018159, -54.08274719901348959 ) ) ;
#2527 = CARTESIAN_POINT ( 'NONE',  ( 133.9316374017428757, -2.329721598893869205E-14, -84.35881424996901501 ) ) ;
#2528 = CARTESIAN_POINT ( 'NONE',  ( -4.516046510682912185, -37.62194668495286010, -7.790505055038196680 ) ) ;
#2529 = VECTOR ( 'NONE', #4323, 1000.000000000000000 ) ;
#2530 = CARTESIAN_POINT ( 'NONE',  ( 87.22410514985892860, -8.826899658326450293, -86.97383430403377247 ) ) ;
#2531 = CARTESIAN_POINT ( 'NONE',  ( 17.00981183864876911, -5.113668260269468746, 53.67391160951317630 ) ) ;
#2532 = CARTESIAN_POINT ( 'NONE',  ( 16.46432035468568955, -3.750161039098280469, 54.39447640012613761 ) ) ;
#2533 = CARTESIAN_POINT ( 'NONE',  ( 24.03522311275406054, -10.18095100393107622, 51.67410305218565014 ) ) ;
#2534 = CARTESIAN_POINT ( 'NONE',  ( 67.23071639782207853, -1.303304135785211222E-14, 86.96362324381884434 ) ) ;
#2535 = VECTOR ( 'NONE', #506, 1000.000000000000000 ) ;
#2536 = CARTESIAN_POINT ( 'NONE',  ( 138.3111162187432228, -4.045907687917836171, -79.64531504360967062 ) ) ;
#2537 = CARTESIAN_POINT ( 'NONE',  ( 181.3355183535768731, -3.015255399364716165E-14, 3.810658954170663026 ) ) ;
#2538 = CARTESIAN_POINT ( 'NONE',  ( -1.178520530092922014, -5.500000000000013323, -58.92672230857210280 ) ) ;
#2539 = CARTESIAN_POINT ( 'NONE',  ( 16.49761373163484635, -14.31961311586473329, 33.16787589101317479 ) ) ;
#2540 = CARTESIAN_POINT ( 'NONE',  ( 154.0900329670993187, -31.58140437854545368, 8.289638220733702828E-15 ) ) ;
#2541 = AXIS2_PLACEMENT_3D ( 'NONE', #172, #247, #6354 ) ;
#2542 = CARTESIAN_POINT ( 'NONE',  ( 16.36969978337289788, -4.026668282655258224, 51.63223327931502382 ) ) ;
#2543 = CARTESIAN_POINT ( 'NONE',  ( 19.86276518429185245, -4.985151025617168052, 60.17429145134765633 ) ) ;
#2544 = CARTESIAN_POINT ( 'NONE',  ( -22.00000000000000355, -30.95840211499900718, -36.44720368503895003 ) ) ;
#2545 = CARTESIAN_POINT ( 'NONE',  ( 176.0962703683994164, -4.222433742678536106, -25.43717095211875545 ) ) ;
#2546 = CARTESIAN_POINT ( 'NONE',  ( -0.09092304450317105491, -5.534332241608175273, -58.90743422184483791 ) ) ;
#2547 = CARTESIAN_POINT ( 'NONE',  ( 18.66206753314708422, -4.000000000000674127, 59.79106849679227054 ) ) ;
#2548 = CARTESIAN_POINT ( 'NONE',  ( 64.56363355713381225, -1.214306433183764966E-14, -95.53516767985686897 ) ) ;
#2549 = VERTEX_POINT ( 'NONE', #3976 ) ;
#2550 = CARTESIAN_POINT ( 'NONE',  ( 16.36348925937009824, -4.144233745149350057, 51.13686119871522351 ) ) ;
#2551 = CARTESIAN_POINT ( 'NONE',  ( 16.44192296388695596, -4.021474416791597228, 52.54320337545122044 ) ) ;
#2552 = CARTESIAN_POINT ( 'NONE',  ( 103.1449999999999392, -64.66763823405520384, 2.050671065172242706E-15 ) ) ;
#2553 = CARTESIAN_POINT ( 'NONE',  ( 128.9801718182768582, -4.307231379923880610, 80.06804364723991796 ) ) ;
#2554 = CARTESIAN_POINT ( 'NONE',  ( 73.33759777279792047, -3.999999999999907185, -93.13272534209164633 ) ) ;
#2555 = CARTESIAN_POINT ( 'NONE',  ( 24.07178773200197952, -22.57466305295646336, -33.41871490438561665 ) ) ;
#2556 = CARTESIAN_POINT ( 'NONE',  ( -1.730024277899357532, -5.411435077979246167, 58.97641657774596524 ) ) ;
#2557 = B_SPLINE_CURVE_WITH_KNOTS ( 'NONE', 3,
 ( #4885, #2790, #1562, #5033 ),
 .UNSPECIFIED., .F., .F.,
 ( 4, 4 ),
 ( 0.4069002194366964642, 1.000000000000000000 ),
 .UNSPECIFIED. ) ;
#2558 = ADVANCED_FACE ( 'NONE', ( #1683 ), #3460, .T. ) ;
#2559 = CARTESIAN_POINT ( 'NONE',  ( 16.50249909399650861, -7.668089120496974331, 48.31814000421160671 ) ) ;
#2560 = CARTESIAN_POINT ( 'NONE',  ( 41.79644248400206408, -4.323837946789661046, -78.33142575303824628 ) ) ;
#2561 = CARTESIAN_POINT ( 'NONE',  ( 145.8554859096207394, -5.833426790066894796, -66.61708275259859136 ) ) ;
#2562 = CARTESIAN_POINT ( 'NONE',  ( 16.89819584059855373, -25.79078384861417916, -23.09604866603753592 ) ) ;
#2563 = CARTESIAN_POINT ( 'NONE',  ( 181.0830729041901179, -3.117454879635599540E-14, 9.716482163585114407 ) ) ;
#2564 = CARTESIAN_POINT ( 'NONE',  ( 86.39708870614190062, -3.704861111099450266, 86.94183622372746356 ) ) ;
#2565 = CARTESIAN_POINT ( 'NONE',  ( 87.24859448500977521, -5.207648404244990203, -89.55837267027317239 ) ) ;
#2566 = CARTESIAN_POINT ( 'NONE',  ( 21.23562232136235295, -7.919912460316676395, 58.59298999476008163 ) ) ;
#2567 = CARTESIAN_POINT ( 'NONE',  ( 16.46002268175486805, -3.747164393995620735, 54.37272752298435563 ) ) ;
#2568 = DIRECTION ( 'NONE',  ( 1.000000000000000000, -1.927470528863119049E-16, 0.000000000000000000 ) ) ;
#2569 = CARTESIAN_POINT ( 'NONE',  ( 20.65803001440566078, -18.84351416028132675, 23.99383200959021067 ) ) ;
#2570 = CARTESIAN_POINT ( 'NONE',  ( 50.38062011809778795, -4.025996274540565523, -84.27930254569318436 ) ) ;
#2571 = ORIENTED_EDGE ( 'NONE', *, *, #843, .F. ) ;
#2572 = CARTESIAN_POINT ( 'NONE',  ( -22.00000000000000355, 2.173762880958027708E-15, -61.79999999999999716 ) ) ;
#2573 = CARTESIAN_POINT ( 'NONE',  ( 0.1227619990086115803, -20.95902901126223128, -172.5544760019828630 ) ) ;
#2574 = CARTESIAN_POINT ( 'NONE',  ( 17.08416995746702582, -5.868009344406344141E-05, 45.76081386352361591 ) ) ;
#2575 = CARTESIAN_POINT ( 'NONE',  ( 24.66999303061508542, -37.01303407287549874, -0.000000000000000000 ) ) ;
#2576 = CARTESIAN_POINT ( 'NONE',  ( 21.34312752487891629, -8.270587692399256952, 58.33246580347802279 ) ) ;
#2577 = CARTESIAN_POINT ( 'NONE',  ( 16.47678530088979443, -3.880187243009858733, 53.66974189217653191 ) ) ;
#2578 = PLANE ( 'NONE',  #531 ) ;
#2579 = CARTESIAN_POINT ( 'NONE',  ( 90.97834618595149436, -4.223738002123286428, -93.18235940398679418 ) ) ;
#2580 = CARTESIAN_POINT ( 'NONE',  ( 12.03677388591628272, -38.30840103693657994, 0.02050511841944361105 ) ) ;
#2581 = DIRECTION ( 'NONE',  ( -1.500332356076765934E-16, -1.000000000000000000, 0.000000000000000000 ) ) ;
#2582 = CARTESIAN_POINT ( 'NONE',  ( 18.09829635272070547, -5.637851296924623057E-15, -54.54483469266330076 ) ) ;
#2583 = EDGE_LOOP ( 'NONE', ( #6856, #3022, #6966, #1086, #5317, #1696, #6648, #4320 ) ) ;
#2584 = ORIENTED_EDGE ( 'NONE', *, *, #1176, .T. ) ;
#2585 = CARTESIAN_POINT ( 'NONE',  ( 16.37865444412197391, -4.186668954998719272, 51.19406081884631732 ) ) ;
#2586 = CARTESIAN_POINT ( 'NONE',  ( 20.95223304469633518, -6.876736586166146914, 59.39744429668509440 ) ) ;
#2587 = CARTESIAN_POINT ( 'NONE',  ( 7.683518813313609641, -4.119968255444916849E-15, -37.97993667169612308 ) ) ;
#2588 = CARTESIAN_POINT ( 'NONE',  ( 83.97048615091530621, -4.525208292645489294, -91.85824243289155788 ) ) ;
#2589 = CARTESIAN_POINT ( 'NONE',  ( 114.4254127616420362, -4.000000000000020428, -92.33341853363585017 ) ) ;
#2590 = EDGE_CURVE ( 'NONE', #3989, #5243, #3551, .T. ) ;
#2591 = CARTESIAN_POINT ( 'NONE',  ( -6.457169462769379642, -37.05622364828044368, 11.22777303941088611 ) ) ;
#2592 = VERTEX_POINT ( 'NONE', #5701 ) ;
#2593 = CARTESIAN_POINT ( 'NONE',  ( 15.99082894601701277, -4.356567454573561982, 46.06819534471571842 ) ) ;
#2594 = CARTESIAN_POINT ( 'NONE',  ( 44.58884204951603891, -5.164562500155128966, -75.76455500065374338 ) ) ;
#2595 = CARTESIAN_POINT ( 'NONE',  ( 124.1451859772464132, -4.978968106006878003, -83.04807445432592772 ) ) ;
#2596 = CARTESIAN_POINT ( 'NONE',  ( 77.35339613228647693, -5.662877460980415556, -88.73168866676890332 ) ) ;
#2597 = CARTESIAN_POINT ( 'NONE',  ( 15.90737951114827986, 2.582483518233025244, -54.16194702181968523 ) ) ;
#2598 = CARTESIAN_POINT ( 'NONE',  ( 38.10058991183272070, -8.884573715205326340E-15, -76.27060246449299541 ) ) ;
#2599 = CARTESIAN_POINT ( 'NONE',  ( 166.3541641711026671, -17.52655844906011851, -33.10245240626227314 ) ) ;
#2600 = CARTESIAN_POINT ( 'NONE',  ( -3.669687882408303903, -4.481915242111146114, 6.938893903907228378E-14 ) ) ;
#2601 = CARTESIAN_POINT ( 'NONE',  ( 16.58258859109993466, -4.393717908736697986, 52.61437708153014370 ) ) ;
#2602 = CARTESIAN_POINT ( 'NONE',  ( 16.55810015161675963, -3.807709433739981719, 54.84041951480883625 ) ) ;
#2603 = CARTESIAN_POINT ( 'NONE',  ( -6.001329424307057818E-16, -4.000000000000003553, 0.000000000000000000 ) ) ;
#2604 = CARTESIAN_POINT ( 'NONE',  ( 24.06873045124611465, -30.24949668097704247, 9.953879631000733141 ) ) ;
#2605 = CARTESIAN_POINT ( 'NONE',  ( 180.1264778500319608, -4.041874909102102009, 5.928774656552150191 ) ) ;
#2606 = EDGE_LOOP ( 'NONE', ( #3975, #648, #4499, #1856, #1734, #342 ) ) ;
#2607 = CARTESIAN_POINT ( 'NONE',  ( 73.65499999999993008, -63.39640923772801528, -7.305073961863508440E-16 ) ) ;
#2608 = CARTESIAN_POINT ( 'NONE',  ( 152.8722439315363033, -38.48506133258187845, -132.9444878630725384 ) ) ;
#2609 = CARTESIAN_POINT ( 'NONE',  ( 16.75684821656533074, -21.74311748600065286, 15.95621405393729120 ) ) ;
#2610 = CARTESIAN_POINT ( 'NONE',  ( 36.86125283029717536, -46.05197166201079284, 0.000000000000000000 ) ) ;
#2611 = CARTESIAN_POINT ( 'NONE',  ( 21.32870166686922531, -8.265334218239834385, 58.32208507906176465 ) ) ;
#2612 = CARTESIAN_POINT ( 'NONE',  ( 19.44010044388948089, -4.968620252767713019, 59.66347863211915836 ) ) ;
#2613 = CARTESIAN_POINT ( 'NONE',  ( 20.82072797588223168, -23.50257419373862788, -5.764045179425929533 ) ) ;
#2614 = CARTESIAN_POINT ( 'NONE',  ( 3.457270428691095354, -41.58624138442318241, 8.324939370549252260 ) ) ;
#2615 = CARTESIAN_POINT ( 'NONE',  ( 179.2515646524701651, -4.216335500857719687, -4.643151287813548578 ) ) ;
#2616 = CARTESIAN_POINT ( 'NONE',  ( 185.4118913100616055, -5.942206017371574056, -3.184465300060628213E-14 ) ) ;
#2617 = DIRECTION ( 'NONE',  ( -1.000000000000000000, 1.489230167276344584E-16, 8.881784197001252323E-16 ) ) ;
#2618 = CARTESIAN_POINT ( 'NONE',  ( 18.87434728691414421, -5.854691731421723944E-15, -55.49340025592844228 ) ) ;
#2619 = ORIENTED_EDGE ( 'NONE', *, *, #578, .T. ) ;
#2620 = ORIENTED_EDGE ( 'NONE', *, *, #1472, .F. ) ;
#2621 = ORIENTED_EDGE ( 'NONE', *, *, #1343, .T. ) ;
#2622 = CARTESIAN_POINT ( 'NONE',  ( 16.33432974221564038, -4.070197397713045895, 50.99967252340674406 ) ) ;
#2623 = CARTESIAN_POINT ( 'NONE',  ( 17.38931669125996038, -5.178947040893237208, 55.09606826430658089 ) ) ;
#2624 = CARTESIAN_POINT ( 'NONE',  ( -22.00000000000000355, -6.042206017373003668, -36.44720368503895003 ) ) ;
#2625 = CARTESIAN_POINT ( 'NONE',  ( 175.0155670995455637, -4.493206920569715379, 22.80558182751464358 ) ) ;
#2626 = CARTESIAN_POINT ( 'NONE',  ( 186.9364639540196151, -3.430911900466284692, -10.76828334331920622 ) ) ;
#2627 = CARTESIAN_POINT ( 'NONE',  ( 24.02479267529369977, -8.546300172022963437, -53.54417500852633083 ) ) ;
#2628 = CARTESIAN_POINT ( 'NONE',  ( 16.05799803954773708, -4.260915688354744546, 46.90916711890428559 ) ) ;
#2629 = EDGE_CURVE ( 'NONE', #2808, #4725, #4071, .T. ) ;
#2630 = CARTESIAN_POINT ( 'NONE',  ( 13.16357022868670512, -1.000000000000005551, -46.09626967509139206 ) ) ;
#2631 = CARTESIAN_POINT ( 'NONE',  ( 104.4954514650995065, -4.970565218350364134, -89.16706223211977544 ) ) ;
#2632 = CARTESIAN_POINT ( 'NONE',  ( 21.60650573563633969, -8.195048891060393359, -58.71599667460240823 ) ) ;
#2633 = CARTESIAN_POINT ( 'NONE',  ( -0.4030180571936020639, -5.500000000000005329, -58.92672230857212412 ) ) ;
#2634 = CARTESIAN_POINT ( 'NONE',  ( 172.8000000000000114, -15.46111111110536207, -4.845691241351981482 ) ) ;
#2635 = FACE_OUTER_BOUND ( 'NONE', #2583, .T. ) ;
#2636 = CARTESIAN_POINT ( 'NONE',  ( 16.52059884358867237, -3.785872220295489310, 54.66638711375993864 ) ) ;
#2637 = CARTESIAN_POINT ( 'NONE',  ( 24.06868098659753485, -30.79925755746091554, 1.107226648382963385E-13 ) ) ;
#2638 = CARTESIAN_POINT ( 'NONE',  ( 186.0656435930464738, -5.114802753899168941, -123.1897882319049984 ) ) ;
#2639 = CARTESIAN_POINT ( 'NONE',  ( 40.14942377790338668, -4.007068210602491298, -77.81417044264065908 ) ) ;
#2640 = CARTESIAN_POINT ( 'NONE',  ( 84.32249017976758410, -1.559737548063184945E-14, 89.88121758947838202 ) ) ;
#2641 = AXIS2_PLACEMENT_3D ( 'NONE', #5857, #251, #2464 ) ;
#2642 = CARTESIAN_POINT ( 'NONE',  ( 139.1842759379912309, -47.26221975847445123, -105.5685518759824220 ) ) ;
#2643 = CARTESIAN_POINT ( 'NONE',  ( 136.0904838633680924, -5.316949447518278582, 74.60397204692790751 ) ) ;
#2644 = CARTESIAN_POINT ( 'NONE',  ( 43.09423980501166795, -49.66000481461363592, -0.000000000000000000 ) ) ;
#2645 = EDGE_CURVE ( 'NONE', #5221, #1123, #6684, .T. ) ;
#2646 = CARTESIAN_POINT ( 'NONE',  ( 21.28648782836783582, -8.352709471267671049, 58.17940254959324164 ) ) ;
#2647 = VECTOR ( 'NONE', #6349, 1000.000000000000000 ) ;
#2648 = CARTESIAN_POINT ( 'NONE',  ( 16.61166037898158621, -3.991250548098119744, 54.34964443144734503 ) ) ;
#2649 = CARTESIAN_POINT ( 'NONE',  ( 17.95230549360605110, -0.1185301540700458567, 50.42885851035487121 ) ) ;
#2650 = CARTESIAN_POINT ( 'NONE',  ( 27.78567042561668288, -1.605122556682057500, -63.47910849847190917 ) ) ;
#2651 = CARTESIAN_POINT ( 'NONE',  ( 68.39627559121734635, -4.196421903972890277, -90.48830599115277096 ) ) ;
#2652 = DIRECTION ( 'NONE',  ( -1.000000000000000000, 0.000000000000000000, 0.000000000000000000 ) ) ;
#2653 = CARTESIAN_POINT ( 'NONE',  ( 16.20217900671968891, -4.301973825987686517, 48.76532125564568076 ) ) ;
#2654 = CARTESIAN_POINT ( 'NONE',  ( 18.82837672200431101, -42.30756013076906896, -5.181181809388486052E-15 ) ) ;
#2655 = CIRCLE ( 'NONE', #6763, 86.40000000000000568 ) ;
#2656 = CARTESIAN_POINT ( 'NONE',  ( 168.9119548276937905, -2.949029909160572061E-14, 51.84982431714588103 ) ) ;
#2657 = ORIENTED_EDGE ( 'NONE', *, *, #6595, .F. ) ;
#2658 = ORIENTED_EDGE ( 'NONE', *, *, #5555, .T. ) ;
#2659 = CARTESIAN_POINT ( 'NONE',  ( 21.44384379289278186, -8.927431452698666448, 57.72638343874940858 ) ) ;
#2660 = CARTESIAN_POINT ( 'NONE',  ( 20.77352579795921628, -6.403546557047557819, 59.69976342060687813 ) ) ;
#2661 = CARTESIAN_POINT ( 'NONE',  ( -9.846277113753776788, -37.51710829369620370, 8.531586594714632099 ) ) ;
#2662 = CARTESIAN_POINT ( 'NONE',  ( 114.8759045656941282, -4.559596773691593441, -87.83823948286864436 ) ) ;
#2663 = CARTESIAN_POINT ( 'NONE',  ( 180.5505941434581985, -3.430911900466283804, -36.86735863841769145 ) ) ;
#2664 = CARTESIAN_POINT ( 'NONE',  ( -17.60597693396301366, -6.042206017372985016, -2.547411734887425087E-14 ) ) ;
#2665 = CARTESIAN_POINT ( 'NONE',  ( 16.06741201195210422, -4.382828508557666147, 47.03593739447816091 ) ) ;
#2666 = CARTESIAN_POINT ( 'NONE',  ( 99.81347455840919736, -4.223554177918506625, 89.20955185559715517 ) ) ;
#2667 = CARTESIAN_POINT ( 'NONE',  ( 150.9397100715331419, -19.06781249998559957, -57.64604537599075229 ) ) ;
#2668 = CARTESIAN_POINT ( 'NONE',  ( 116.0886758435175352, -4.979007687286169492, -86.00091404992217292 ) ) ;
#2669 = CARTESIAN_POINT ( 'NONE',  ( 16.07658612642606144, -2.262959974006299557, -59.03399235064406980 ) ) ;
#2670 = CARTESIAN_POINT ( 'NONE',  ( 163.8800939409030377, -2.888315496797135648E-14, 52.95545485284679899 ) ) ;
#2671 = CARTESIAN_POINT ( 'NONE',  ( 166.3541641711309467, -12.19584895833999560, 33.10245240618141338 ) ) ;
#2672 = CARTESIAN_POINT ( 'NONE',  ( -18.00000000000000355, -6.042206017372989457, -53.98290812280552586 ) ) ;
#2673 = CARTESIAN_POINT ( 'NONE',  ( 16.44618260731910198, -3.746477781362649750, 54.23501506609974854 ) ) ;
#2674 = DIRECTION ( 'NONE',  ( 1.000000000000000000, 0.000000000000000000, 0.000000000000000000 ) ) ;
#2675 = CARTESIAN_POINT ( 'NONE',  ( 20.00000000000000000, 0.000000000000000000, 56.83485783801463498 ) ) ;
#2676 = CARTESIAN_POINT ( 'NONE',  ( 75.13281560103411039, -4.040864240690782871, -92.96697080989227402 ) ) ;
#2677 = ORIENTED_EDGE ( 'NONE', *, *, #5484, .T. ) ;
#2678 = CARTESIAN_POINT ( 'NONE',  ( 101.1401679554369366, -1.812058609272283820E-14, 89.49560383192788038 ) ) ;
#2679 = EDGE_CURVE ( 'NONE', #7002, #5552, #4771, .T. ) ;
#2680 = CARTESIAN_POINT ( 'NONE',  ( -12.53283318597853224, -6.042206017371019477, -2.423155549835753369E-14 ) ) ;
#2681 = CARTESIAN_POINT ( 'NONE',  ( 16.26114220933201437, -7.547954709003884766, -42.99424896317012923 ) ) ;
#2682 = CARTESIAN_POINT ( 'NONE',  ( -3.669687882408268376, -4.481915242111147002, 180.1393757648165206 ) ) ;
#2683 = CARTESIAN_POINT ( 'NONE',  ( 16.56339362907921497, -4.459498783468278660, 52.26746687463221974 ) ) ;
#2684 = CARTESIAN_POINT ( 'NONE',  ( 16.47999719257245843, -3.884370832034518717, 53.68073052871083917 ) ) ;
#2685 = LINE ( 'NONE', #4277, #1582 ) ;
#2686 = CARTESIAN_POINT ( 'NONE',  ( 17.04973894521223343, -6.761291479199540433, 51.71789329796119006 ) ) ;
#2687 = CARTESIAN_POINT ( 'NONE',  ( 94.50808615043571592, -4.225932240306202736, -93.05431528612378145 ) ) ;
#2688 = FACE_OUTER_BOUND ( 'NONE', #197, .T. ) ;
#2689 = CARTESIAN_POINT ( 'NONE',  ( 19.65309801933494782, -10.20405912247576907, 53.74033108435470751 ) ) ;
#2690 = ADVANCED_FACE ( 'NONE', ( #1646 ), #3422, .F. ) ;
#2691 = CARTESIAN_POINT ( 'NONE',  ( -2.819422225429830231, -3.986385506781228383, 59.75969519751934911 ) ) ;
#2692 = CARTESIAN_POINT ( 'NONE',  ( 10.23762926624342562, -24.30340346821294872, 44.64885857524048873 ) ) ;
#2693 = FACE_BOUND ( 'NONE', #3695, .T. ) ;
#2694 = ORIENTED_EDGE ( 'NONE', *, *, #3719, .F. ) ;
#2695 = CARTESIAN_POINT ( 'NONE',  ( 21.45816797231126927, -8.933448129172129271, 57.73587495704056494 ) ) ;
#2696 = CARTESIAN_POINT ( 'NONE',  ( 19.51877982005652257, -6.434525007054883616, 58.02858939000687144 ) ) ;
#2697 = CARTESIAN_POINT ( 'NONE',  ( 95.06212305304268284, -4.000000000000010658, 89.99058941263852773 ) ) ;
#2698 = CARTESIAN_POINT ( 'NONE',  ( 148.0124115450094848, -4.556106815364198148, -69.02505364179023672 ) ) ;
#2699 = CARTESIAN_POINT ( 'NONE',  ( 38.84167355697007196, -4.000000000000008882, -76.86125352727894722 ) ) ;
#2700 =( BOUNDED_CURVE ( )  B_SPLINE_CURVE ( 3, ( #4958, #5372, #2153, #4268 ),
 .UNSPECIFIED., .F., .T. ) 
 B_SPLINE_CURVE_WITH_KNOTS ( ( 4, 4 ),
 ( 0.000000000000000000, 0.4423820673330738362 ),
 .UNSPECIFIED. ) 
 CURVE ( )  GEOMETRIC_REPRESENTATION_ITEM ( )  RATIONAL_B_SPLINE_CURVE ( ( 1.000000000000000000, 0.7581696273068090353, 0.7581696273068090353, 1.000000000000000000 ) ) 
 REPRESENTATION_ITEM ( '' )  );
#2701 = CARTESIAN_POINT ( 'NONE',  ( -18.00000000000000355, -11.27713467053115437, 50.82238809104902799 ) ) ;
#2702 = CARTESIAN_POINT ( 'NONE',  ( 16.15415976834378142, -5.265334894864152737, 47.68564392761491177 ) ) ;
#2703 = CARTESIAN_POINT ( 'NONE',  ( 73.93158609251948121, -5.348022180329584430, -88.79980699130321398 ) ) ;
#2704 = CARTESIAN_POINT ( 'NONE',  ( 172.3913895804293759, -6.727869985394199059E-11, -9.691317847685638753 ) ) ;
#2705 = CARTESIAN_POINT ( 'NONE',  ( 103.1530737821335322, -4.229456025241811190, 88.61597805755157253 ) ) ;
#2706 = CARTESIAN_POINT ( 'NONE',  ( 17.01772187537373071, -29.21356165417688899, -10.24450982869425886 ) ) ;
#2707 = CARTESIAN_POINT ( 'NONE',  ( 2.334292192147124911, -41.53111713860745624, -8.711965307129259983 ) ) ;
#2708 = CARTESIAN_POINT ( 'NONE',  ( 147.5997032630381796, -19.26193576390223328, -61.18036485772110922 ) ) ;
#2709 = CARTESIAN_POINT ( 'NONE',  ( -18.00000000000000355, -32.29571161549033320, -26.62793936103274461 ) ) ;
#2710 = CARTESIAN_POINT ( 'NONE',  ( 86.39999999999994884, -57.99749635261596126, 0.000000000000000000 ) ) ;
#2711 = CARTESIAN_POINT ( 'NONE',  ( -9.000000000000000000, 1.350299120469089266E-15, 0.000000000000000000 ) ) ;
#2712 = CARTESIAN_POINT ( 'NONE',  ( 185.4118913100604686, -5.942206017373012905, 5.609557215468416071E-14 ) ) ;
#2713 = CARTESIAN_POINT ( 'NONE',  ( 172.6031927258005396, -3.999999999999138023, 36.71745685070168008 ) ) ;
#2714 = CARTESIAN_POINT ( 'NONE',  ( -9.511568403844734847E-15, -63.39640923772802950, 0.000000000000000000 ) ) ;
#2715 = CARTESIAN_POINT ( 'NONE',  ( 171.2654363541418547, -5.894748794584013574, 26.94346412669616342 ) ) ;
#2716 = CARTESIAN_POINT ( 'NONE',  ( 7.139360275398356492, -18.81133930434814872, 0.000000000000000000 ) ) ;
#2717 = CARTESIAN_POINT ( 'NONE',  ( 16.40480129524107156, -4.082144822596843525, 51.86022134865094557 ) ) ;
#2718 = ADVANCED_FACE ( 'NONE', ( #17 ), #948, .T. ) ;
#2719 = CARTESIAN_POINT ( 'NONE',  ( 16.46596045957252485, -3.837319807081412737, 53.81749115672382544 ) ) ;
#2720 = CARTESIAN_POINT ( 'NONE',  ( 20.20644021335887430, -5.911674237524248809, -44.98286748937228907 ) ) ;
#2721 = CARTESIAN_POINT ( 'NONE',  ( 23.57972575656827630, -1.143386889458375633, -59.31764822855667774 ) ) ;
#2722 = CARTESIAN_POINT ( 'NONE',  ( 175.6376214212437503, -4.133673310114100552, -28.98748991736415803 ) ) ;
#2723 = CYLINDRICAL_SURFACE ( 'NONE', #1822, 9.000000000000000000 ) ;
#2724 = CARTESIAN_POINT ( 'NONE',  ( 21.63985251940396992, -10.83230013854984009, 55.81494872090032544 ) ) ;
#2725 = CARTESIAN_POINT ( 'NONE',  ( -8.665975036137608001, -38.17463477051106935, 2.446676448321277952 ) ) ;
#2726 = CARTESIAN_POINT ( 'NONE',  ( 16.53242542690893302, -37.39588030217844761, 24.42521886563536881 ) ) ;
#2727 = CARTESIAN_POINT ( 'NONE',  ( 30.40999934758084322, -1.120566001767171915, 65.80335215471454546 ) ) ;
#2728 = VERTEX_POINT ( 'NONE', #2633 ) ;
#2729 = B_SPLINE_CURVE_WITH_KNOTS ( 'NONE', 3,
 ( #4568, #3913, #1173, #1098, #3398, #3432, #6257, #1208, #5639, #5122, #7255, #2919, #5676, #6146, #697, #2355, #2246, #625, #2842, #5750, #5085, #3468 ),
 .UNSPECIFIED., .F., .F.,
 ( 4, 2, 2, 2, 2, 2, 2, 2, 2, 2, 4 ),
 ( 7.261635104268902819E-05, 0.01644555898680070960, 0.02055694873350088353, 0.02466833848020105746, 0.03289111797360141920, 0.04111389746700178094, 0.04316959234035186443, 0.04522528721370195487, 0.04933667696040211492, 0.05755945645380243503, 0.06578223594720275513 ),
 .UNSPECIFIED. ) ;
#2730 = CARTESIAN_POINT ( 'NONE',  ( 20.93033799585506216, -8.503742616138975308, 57.58940285062691800 ) ) ;
#2731 = EDGE_CURVE ( 'NONE', #1993, #3162, #6565, .T. ) ;
#2732 = CARTESIAN_POINT ( 'NONE',  ( 16.42487607296964214, -3.943854192386788249, 52.70765338148964929 ) ) ;
#2733 = CARTESIAN_POINT ( 'NONE',  ( -6.551403327069141191, -37.05454356783597092, 11.23666783581913364 ) ) ;
#2734 = CARTESIAN_POINT ( 'NONE',  ( 97.85624426952325905, -4.548014628834165407, -91.41879890463080471 ) ) ;
#2735 = CARTESIAN_POINT ( 'NONE',  ( 175.5366849161662230, -5.692228612341203586, 2.264919353961947657 ) ) ;
#2736 = CARTESIAN_POINT ( 'NONE',  ( 73.28448916685795211, -4.000000000000014211, -93.63169915484331796 ) ) ;
#2737 = CARTESIAN_POINT ( 'NONE',  ( 86.40000000000000568, -6.042206017375285398, 0.000000000000000000 ) ) ;
#2738 = CARTESIAN_POINT ( 'NONE',  ( 19.01208997948478796, -10.98970501385167609, 51.63835899209569646 ) ) ;
#2739 = ORIENTED_EDGE ( 'NONE', *, *, #4883, .T. ) ;
#2740 = EDGE_CURVE ( 'NONE', #259, #6387, #8, .T. ) ;
#2741 = CARTESIAN_POINT ( 'NONE',  ( 16.38325294755797401, -4.006084559172910176, 51.89344730005436901 ) ) ;
#2742 = CARTESIAN_POINT ( 'NONE',  ( 173.6610021089793463, -5.102244021945311125, 22.45265032706387842 ) ) ;
#2743 = CARTESIAN_POINT ( 'NONE',  ( 19.64252135093073548, -0.9941042480861462804, -54.86225104427013832 ) ) ;
#2744 = CARTESIAN_POINT ( 'NONE',  ( 175.9863278490516905, -4.924768986272116678, -14.74708884197746528 ) ) ;
#2745 = ORIENTED_EDGE ( 'NONE', *, *, #356, .F. ) ;
#2746 = CARTESIAN_POINT ( 'NONE',  ( 16.81671966211987623, -23.45761136531494628, 7.703449160737966928 ) ) ;
#2747 = B_SPLINE_CURVE_WITH_KNOTS ( 'NONE', 3,
 ( #7025, #5553, #1608, #5627 ),
 .UNSPECIFIED., .F., .F.,
 ( 4, 4 ),
 ( 1.371419323662773916E-18, 0.001773663470398160720 ),
 .UNSPECIFIED. ) ;
#2748 = CARTESIAN_POINT ( 'NONE',  ( 18.00368382982283322, -5.647350382310713695E-15, -53.41101689161477850 ) ) ;
#2749 = CARTESIAN_POINT ( 'NONE',  ( -18.00000000000000711, -26.96475769767876329, -35.57686982298323386 ) ) ;
#2750 = DIRECTION ( 'NONE',  ( -1.000000000000000000, 0.000000000000000000, 0.000000000000000000 ) ) ;
#2751 = CARTESIAN_POINT ( 'NONE',  ( 109.7774276503458708, -4.698658812212018532, 86.86792805244017757 ) ) ;
#2752 = CARTESIAN_POINT ( 'NONE',  ( 115.1046982445867854, -5.835499999991992759, 82.06657780799734780 ) ) ;
#2753 = CARTESIAN_POINT ( 'NONE',  ( 119.9527099369317682, -4.000000000000072831, 85.02832853099266686 ) ) ;
#2754 = ORIENTED_EDGE ( 'NONE', *, *, #3051, .F. ) ;
#2755 = DIRECTION ( 'NONE',  ( 1.500332356076765934E-16, 1.000000000000000000, -0.000000000000000000 ) ) ;
#2756 = CARTESIAN_POINT ( 'NONE',  ( 86.40000000000000568, -6.042206017375285398, 0.000000000000000000 ) ) ;
#2757 = CARTESIAN_POINT ( 'NONE',  ( 68.73339646511857381, -57.00057409172650580, -10.42677289368126026 ) ) ;
#2758 = CARTESIAN_POINT ( 'NONE',  ( 16.36630485664706569, -4.003508871686311643, 51.68241319084600605 ) ) ;
#2759 = CARTESIAN_POINT ( 'NONE',  ( 19.88504010993899840, -4.517979793738094330, 60.69520827585918710 ) ) ;
#2760 = CARTESIAN_POINT ( 'NONE',  ( 20.79350636591443902, -22.72304927593196311, -11.31464977920201953 ) ) ;
#2761 = DIRECTION ( 'NONE',  ( 1.500332356076765934E-16, 1.000000000000000000, -0.000000000000000000 ) ) ;
#2762 = CARTESIAN_POINT ( 'NONE',  ( 113.8113049271345005, -4.139157763187339967, -90.32623763378583703 ) ) ;
#2763 = CARTESIAN_POINT ( 'NONE',  ( 118.2994367163644114, -2.069504670558651877E-14, -91.09800335747691236 ) ) ;
#2764 = CARTESIAN_POINT ( 'NONE',  ( 21.02531421851811189, -11.23652706964993797, 54.57817151551638091 ) ) ;
#2765 = CARTESIAN_POINT ( 'NONE',  ( 73.65499999999994429, -63.39640923772802950, 0.000000000000000000 ) ) ;
#2766 = CARTESIAN_POINT ( 'NONE',  ( 0.4333189738739279262, -5.942206017373002247, -58.67688095561792494 ) ) ;
#2767 = CARTESIAN_POINT ( 'NONE',  ( 65.10438549629240867, -2.467659399659601238, 83.89330158082202615 ) ) ;
#2768 = EDGE_LOOP ( 'NONE', ( #5799, #5657, #1236, #1348 ) ) ;
#2769 = AXIS2_PLACEMENT_3D ( 'NONE', #5999, #2025, #2652 ) ;
#2770 = CARTESIAN_POINT ( 'NONE',  ( 21.35062713681134028, -8.684944214366931092, 57.88800789634389332 ) ) ;
#2771 = CARTESIAN_POINT ( 'NONE',  ( 16.46370576459407431, -3.951424291021980117, 53.13653823991694480 ) ) ;
#2772 = CARTESIAN_POINT ( 'NONE',  ( 1.721045473636925616, -36.71306064699007976, 12.91440833963836710 ) ) ;
#2773 = CARTESIAN_POINT ( 'NONE',  ( 113.1657694150952409, -4.140390121038770133, 86.50589371443339815 ) ) ;
#2774 = CARTESIAN_POINT ( 'NONE',  ( 115.4563410303301794, -5.846175949041407804, -84.16894686455987085 ) ) ;
#2775 = CARTESIAN_POINT ( 'NONE',  ( 18.98450483526638521, -0.6181276918045778279, -54.15536620912666166 ) ) ;
#2776 = AXIS2_PLACEMENT_3D ( 'NONE', #1784, #5145, #89 ) ;
#2777 = CARTESIAN_POINT ( 'NONE',  ( 27.97401606551729714, -44.06747125766271722, 0.000000000000000000 ) ) ;
#2778 = CARTESIAN_POINT ( 'NONE',  ( 16.09788930716882405, -4.785471919135559915, 47.33338858078067091 ) ) ;
#2779 = CARTESIAN_POINT ( 'NONE',  ( 21.59327174249494163, -10.00688426130456676, 56.69959161869421393 ) ) ;
#2780 = AXIS2_PLACEMENT_3D ( 'NONE', #5377, #3652, #4167 ) ;
#2781 = CARTESIAN_POINT ( 'NONE',  ( 21.24422715649445337, -7.817294902999540440, 58.71323482783294878 ) ) ;
#2782 = CARTESIAN_POINT ( 'NONE',  ( 54.24825205699551844, -4.994146964980100023, -83.85980645851756776 ) ) ;
#2783 = ORIENTED_EDGE ( 'NONE', *, *, #4358, .T. ) ;
#2784 = CARTESIAN_POINT ( 'NONE',  ( 63.74170611797373454, -4.783361488880964352, -87.58328923437998981 ) ) ;
#2785 = ORIENTED_EDGE ( 'NONE', *, *, #339, .T. ) ;
#2786 = CARTESIAN_POINT ( 'NONE',  ( 21.38507126959744298, -32.31759512602101125, 14.57880499634416793 ) ) ;
#2787 = CARTESIAN_POINT ( 'NONE',  ( 1.172911223686569082, -41.49944815647747021, -8.928183188070713427 ) ) ;
#2788 = EDGE_CURVE ( 'NONE', #601, #4356, #5646, .T. ) ;
#2789 = CC_DESIGN_APPROVAL ( #15, ( #3384 ) ) ;
#2790 = CARTESIAN_POINT ( 'NONE',  ( 14.94223800392813928, -38.31026286157669603, 0.1470188481355287624 ) ) ;
#2791 = CARTESIAN_POINT ( 'NONE',  ( 96.47594667513980937, -4.249399633565260181, 89.61064611607216079 ) ) ;
#2792 = CARTESIAN_POINT ( 'NONE',  ( 1.511441227313864433, -4.277705893277902405, -53.45627746336544561 ) ) ;
#2793 = CARTESIAN_POINT ( 'NONE',  ( 173.9502446687568806, -3.999999999999018119, 33.44714877614737958 ) ) ;
#2794 = ORIENTED_EDGE ( 'NONE', *, *, #110, .F. ) ;
#2795 = CARTESIAN_POINT ( 'NONE',  ( 105.7942024441342284, -2.750000000011181278, 84.49906832025291692 ) ) ;
#2796 = CARTESIAN_POINT ( 'NONE',  ( 159.3355078013963464, -5.701996343612056428, 51.46871446805212003 ) ) ;
#2797 = CARTESIAN_POINT ( 'NONE',  ( 72.36848680013953583, -56.48968423887149015, -24.29733052407838656 ) ) ;
#2798 = CARTESIAN_POINT ( 'NONE',  ( 21.00359654591549585, -8.040815785661839854, 58.19451133403912735 ) ) ;
#2799 = CARTESIAN_POINT ( 'NONE',  ( 16.40847669488611515, -3.798190041914628168, 53.42172966010482327 ) ) ;
#2800 = CARTESIAN_POINT ( 'NONE',  ( 24.06868098659754907, -30.79925755746092619, 4.980460565581628529 ) ) ;
#2801 = CARTESIAN_POINT ( 'NONE',  ( 132.9131820384659193, -6.195397901707443644, -75.31262843675460772 ) ) ;
#2802 = CARTESIAN_POINT ( 'NONE',  ( 163.4736540319362916, -4.136903898185827266, -54.52466103235468609 ) ) ;
#2803 = CARTESIAN_POINT ( 'NONE',  ( 161.5545684874056178, -2.718475408183224293E-14, -60.11754876167376693 ) ) ;
#2804 = CARTESIAN_POINT ( 'NONE',  ( 16.08495117451474243, -3.658276564925259322, 47.94651678037260467 ) ) ;
#2805 = CARTESIAN_POINT ( 'NONE',  ( -1.990741409544674489, -5.315314388621840358, -59.03019670052902512 ) ) ;
#2806 = CARTESIAN_POINT ( 'NONE',  ( -8.999600155019557235, -38.30845953681824057, 0.09798822911038926331 ) ) ;
#2807 = CARTESIAN_POINT ( 'NONE',  ( 19.89652956833381126, -1.448059880322756898, 55.15789978176960773 ) ) ;
#2808 = VERTEX_POINT ( 'NONE', #1714 ) ;
#2809 = ADVANCED_FACE ( 'NONE', ( #4554, #3819 ), #6092, .T. ) ;
#2810 = CARTESIAN_POINT ( 'NONE',  ( 21.41792292549106591, -8.712308983185756972, 57.93387383093967458 ) ) ;
#2811 = CARTESIAN_POINT ( 'NONE',  ( 19.14822702351323969, -5.961853829509540681, 58.00549573808892490 ) ) ;
#2812 = CARTESIAN_POINT ( 'NONE',  ( 23.22279371066338172, -4.144293849996777190, -57.48851200631619918 ) ) ;
#2813 = CARTESIAN_POINT ( 'NONE',  ( 57.04102903730129270, -4.397964374361240658, -86.05376552887526032 ) ) ;
#2814 = CARTESIAN_POINT ( 'NONE',  ( 97.48930429425855948, -5.805729546337300206, -88.36970680946257062 ) ) ;
#2815 = CARTESIAN_POINT ( 'NONE',  ( -18.00000000000000355, -4.000000000000000000, -55.17981480219004453 ) ) ;
#2816 = CARTESIAN_POINT ( 'NONE',  ( 36.01765817482922927, -48.65142803368967606, -0.000000000000000000 ) ) ;
#2817 = CARTESIAN_POINT ( 'NONE',  ( 21.47511024380831302, -12.31239565152716331, 53.88569624074413156 ) ) ;
#2818 = VERTEX_POINT ( 'NONE', #1638 ) ;
#2819 = CARTESIAN_POINT ( 'NONE',  ( 19.41685434516792697, -9.295676358280116958, 54.35632974906250325 ) ) ;
#2820 = CARTESIAN_POINT ( 'NONE',  ( 16.46519293269463091, -4.138888023394780014, 52.34321642107359907 ) ) ;
#2821 = CARTESIAN_POINT ( 'NONE',  ( 163.0533735825454187, -5.006812449539782328, 47.38766355497353544 ) ) ;
#2822 = EDGE_CURVE ( 'NONE', #2907, #5495, #4303, .T. ) ;
#2823 = DIRECTION ( 'NONE',  ( -1.000000000000000000, 1.493502620326271818E-16, 0.000000000000000000 ) ) ;
#2824 = CARTESIAN_POINT ( 'NONE',  ( 113.0922144030314342, -4.281033219876783313, 86.27033608480900284 ) ) ;
#2825 = CARTESIAN_POINT ( 'NONE',  ( 16.93817524199187829, -26.93564411301805350, 19.51282265655106940 ) ) ;
#2826 = CARTESIAN_POINT ( 'NONE',  ( 7.642104353420824836, -42.00000981592695126, -4.762769156237411927 ) ) ;
#2827 = DIRECTION ( 'NONE',  ( 1.500332356076765934E-16, 1.000000000000000000, -0.000000000000000000 ) ) ;
#2828 = DIRECTION ( 'NONE',  ( 1.224646799147353207E-16, -1.837377217526618287E-32, 1.000000000000000000 ) ) ;
#2829 = CARTESIAN_POINT ( 'NONE',  ( 190.5116481198282656, -5.904783293238785369, -128.0574065787212703 ) ) ;
#2830 = CARTESIAN_POINT ( 'NONE',  ( 169.5541752803496820, -13.04708854166005949, 23.95462078707462439 ) ) ;
#2831 = ORIENTED_EDGE ( 'NONE', *, *, #2788, .F. ) ;
#2832 = CARTESIAN_POINT ( 'NONE',  ( 143.7512873676014351, -2.750000000040398795, 65.01582478681685018 ) ) ;
#2833 = DIRECTION ( 'NONE',  ( -1.000000000000000000, 1.535042833460612810E-16, 0.000000000000000000 ) ) ;
#2834 = CARTESIAN_POINT ( 'NONE',  ( 148.8092876016784487, -37.01303407287552716, -35.25659276840445244 ) ) ;
#2835 = CARTESIAN_POINT ( 'NONE',  ( 21.15532429210670884, -8.200244501287981436, 58.19645288269507688 ) ) ;
#2836 = CARTESIAN_POINT ( 'NONE',  ( 16.47226904204897835, -3.807519999311276937, 54.07301263716902895 ) ) ;
#2837 = CARTESIAN_POINT ( 'NONE',  ( 21.50551588440838913, -22.99231867024640863, 39.02683302377074881 ) ) ;
#2838 = CARTESIAN_POINT ( 'NONE',  ( 48.02162814677787850, -5.058962455917135337, -81.06533432846894982 ) ) ;
#2839 = CARTESIAN_POINT ( 'NONE',  ( 179.8769298293342160, -4.128770749979798538, -1.142621737284840844 ) ) ;
#2840 = CARTESIAN_POINT ( 'NONE',  ( 77.09270062564442583, -1.451266676106417238E-14, -94.40788996249656861 ) ) ;
#2841 = CARTESIAN_POINT ( 'NONE',  ( 103.1449999999998965, -58.93658393131477169, 2.050671065172232451E-15 ) ) ;
#2842 = CARTESIAN_POINT ( 'NONE',  ( -18.00000000000000711, -15.06405959557062779, 47.75003688395287327 ) ) ;
#2843 = CARTESIAN_POINT ( 'NONE',  ( 19.76942739064529064, -1.625226488202245578, 52.71898266592276627 ) ) ;
#2844 = B_SPLINE_CURVE_WITH_KNOTS ( 'NONE', 2,
 ( #816, #1915, #4649 ),
 .UNSPECIFIED., .F., .F.,
 ( 3, 3 ),
 ( 0.001208225356028574515, 0.7334610202777238630 ),
 .UNSPECIFIED. ) ;
#2845 = CARTESIAN_POINT ( 'NONE',  ( -22.00000000000000355, -1.296287155650325696E-14, 61.79999999999999716 ) ) ;
#2846 = ORIENTED_EDGE ( 'NONE', *, *, #1972, .F. ) ;
#2847 = CARTESIAN_POINT ( 'NONE',  ( 20.41520306264252582, -8.255895923724271057, 57.19303188728648735 ) ) ;
#2848 = CARTESIAN_POINT ( 'NONE',  ( 19.40481101822901522, -6.057538092602714919, 58.31520307470130859 ) ) ;
#2849 = CARTESIAN_POINT ( 'NONE',  ( 20.07716426742388549, -2.567814075415991049, -49.82547742060345541 ) ) ;
#2850 = CARTESIAN_POINT ( 'NONE',  ( 178.1503564565625197, -4.350920549336231957, -11.56365720706409661 ) ) ;
#2851 = CARTESIAN_POINT ( 'NONE',  ( 157.1075113324687607, -5.167283052721959535, 55.63532500896634048 ) ) ;
#2852 = FACE_OUTER_BOUND ( 'NONE', #3564, .T. ) ;
#2853 = CARTESIAN_POINT ( 'NONE',  ( 52.51263109303867083, -55.51359577337591134, -0.000000000000000000 ) ) ;
#2854 = CARTESIAN_POINT ( 'NONE',  ( 140.3748994943774164, -19.58698640044966766, -67.63986212419163735 ) ) ;
#2855 = CARTESIAN_POINT ( 'NONE',  ( 16.11577789640628211, -4.171365244325413002, 47.72405463451286067 ) ) ;
#2856 = VERTEX_POINT ( 'NONE', #6790 ) ;
#2857 = CARTESIAN_POINT ( 'NONE',  ( 16.26804039676258284, -4.270447763154294307, 49.62197236904419384 ) ) ;
#2858 = CARTESIAN_POINT ( 'NONE',  ( 16.42461311227252452, -4.051722030715582790, 52.21607309285683840 ) ) ;
#2859 = CARTESIAN_POINT ( 'NONE',  ( 86.44258576179470310, -1.734723475976807094E-14, -86.53576665203863172 ) ) ;
#2860 = ORIENTED_EDGE ( 'NONE', *, *, #3767, .T. ) ;
#2861 = CARTESIAN_POINT ( 'NONE',  ( 73.78774844163885405, -4.865719995752565197, -89.69137867331197356 ) ) ;
#2862 = ORIENTED_EDGE ( 'NONE', *, *, #2960, .T. ) ;
#2863 = CARTESIAN_POINT ( 'NONE',  ( 17.02071905663846607, -29.29938969643789903, 8.474503303707841440 ) ) ;
#2864 = LINE ( 'NONE', #6130, #3952 ) ;
#2865 = CARTESIAN_POINT ( 'NONE',  ( 21.44403820414891726, -27.89066507018421248, -28.80636234596299161 ) ) ;
#2866 = CARTESIAN_POINT ( 'NONE',  ( 156.6674619222727927, -5.661042047672701472, 55.26467502199184878 ) ) ;
#2867 = ORIENTED_EDGE ( 'NONE', *, *, #5746, .T. ) ;
#2868 = FACE_OUTER_BOUND ( 'NONE', #7110, .T. ) ;
#2869 = CARTESIAN_POINT ( 'NONE',  ( 168.9305310915302414, -4.000000000000029310, 45.15993300818790601 ) ) ;
#2870 = CARTESIAN_POINT ( 'NONE',  ( 123.4161027399507873, -37.01303407287552716, -61.38203850094534886 ) ) ;
#2871 = B_SPLINE_SURFACE_WITH_KNOTS ( 'NONE', 2, 1, ( 
 ( #5407, #6610 ),
 ( #3754, #5957 ),
 ( #2572, #6465 ) ),
 .UNSPECIFIED., .F., .F., .F.,
 ( 3, 3 ),
 ( 2, 2 ),
 ( 0.9243605191152679534, 1.000000000000000000 ),
 ( 0.000000000000000000, 1.000000000000000000 ),
 .UNSPECIFIED. ) ;
#2872 = CARTESIAN_POINT ( 'NONE',  ( 18.28399438704494173, -6.594151022323305966, 55.46031431422952807 ) ) ;
#2873 = CARTESIAN_POINT ( 'NONE',  ( 19.90596879319536328, -4.516131710792842924, 60.72006839553421997 ) ) ;
#2874 = CARTESIAN_POINT ( 'NONE',  ( 21.39471839330649772, -31.59271453452997847, 17.72462384791120016 ) ) ;
#2875 = CARTESIAN_POINT ( 'NONE',  ( 24.04503235840637032, -11.71824907556039719, -49.91540452405131134 ) ) ;
#2876 = CARTESIAN_POINT ( 'NONE',  ( 173.0661759871134393, -4.118977348024207785, 33.11874212001328033 ) ) ;
#2877 = CARTESIAN_POINT ( 'NONE',  ( 149.2023193087574668, -2.533150617052737837E-14, -73.11362494398197498 ) ) ;
#2878 = CARTESIAN_POINT ( 'NONE',  ( 15.90169789821653801, 2.745183625201362165, -54.32028530459627547 ) ) ;
#2879 = CARTESIAN_POINT ( 'NONE',  ( 0.9611142665586578371, -3.430911900466257158, 53.80283030293359303 ) ) ;
#2880 = CARTESIAN_POINT ( 'NONE',  ( 18.59077679675868566, 1.752450189520566637, 58.48593882704753355 ) ) ;
#2881 = CARTESIAN_POINT ( 'NONE',  ( 18.56427427777768813, -0.3001571084365386999, 53.96724600389160287 ) ) ;
#2882 = CARTESIAN_POINT ( 'NONE',  ( 16.38588896076505819, -4.115796512260774698, 51.50722822947995638 ) ) ;
#2883 = CARTESIAN_POINT ( 'NONE',  ( 20.42765398155676237, -5.907537980325828997, 59.83895312263766897 ) ) ;
#2884 = CARTESIAN_POINT ( 'NONE',  ( 20.48714053821544567, -3.225808859764201397, -55.45183092621528687 ) ) ;
#2885 = CARTESIAN_POINT ( 'NONE',  ( 158.1372412914248287, -4.368338473051891491, -59.38193040055983829 ) ) ;
#2886 = CARTESIAN_POINT ( 'NONE',  ( 175.4007290952263531, -5.435070671558343669, -11.22334512448279753 ) ) ;
#2887 = CARTESIAN_POINT ( 'NONE',  ( 86.39999999999994884, -58.25464714294840007, 0.000000000000000000 ) ) ;
#2888 = CARTESIAN_POINT ( 'NONE',  ( 18.46515643302756260, -34.95928183259771060, 19.42924786035888118 ) ) ;
#2889 = AXIS2_PLACEMENT_3D ( 'NONE', #5612, #1666, #563 ) ;
#2890 = CARTESIAN_POINT ( 'NONE',  ( 140.5924444551572208, -2.341876692568689577E-14, 67.98574746511997091 ) ) ;
#2891 = CARTESIAN_POINT ( 'NONE',  ( 18.46076238736061015, -9.715312171450554146, 52.04839455475523380 ) ) ;
#2892 = ORIENTED_EDGE ( 'NONE', *, *, #2904, .F. ) ;
#2893 = CARTESIAN_POINT ( 'NONE',  ( 21.61470695158680400, -10.01757444638640138, 56.71208516299794411 ) ) ;
#2894 = CARTESIAN_POINT ( 'NONE',  ( 16.40330425488678756, -4.027930151375049839, 52.05468380968159181 ) ) ;
#2895 = CARTESIAN_POINT ( 'NONE',  ( 96.62595163206610493, -1.821459649775647449E-14, 90.77678198205465776 ) ) ;
#2896 = AXIS2_PLACEMENT_3D ( 'NONE', #3562, #5845, #1304 ) ;
#2897 = ORIENTED_EDGE ( 'NONE', *, *, #6192, .F. ) ;
#2898 = CARTESIAN_POINT ( 'NONE',  ( 131.8479111480949655, -4.429350797724449507, 78.19288991633263208 ) ) ;
#2899 = PLANE ( 'NONE',  #655 ) ;
#2900 = CARTESIAN_POINT ( 'NONE',  ( 21.51004940762294737, -9.139477919352078317, 57.57526915276542923 ) ) ;
#2901 = ORIENTED_EDGE ( 'NONE', *, *, #2731, .T. ) ;
#2902 = VECTOR ( 'NONE', #6315, 1000.000000000000000 ) ;
#2903 = CARTESIAN_POINT ( 'NONE',  ( -18.00000000000000355, -8.396416372448051391, -52.56158426546994633 ) ) ;
#2904 = EDGE_CURVE ( 'NONE', #5164, #2457, #1238, .T. ) ;
#2905 = APPROVAL_DATE_TIME ( #724, #2273 ) ;
#2906 = CARTESIAN_POINT ( 'NONE',  ( 147.4758085868099897, -5.515160253410123836, 65.13399603300779006 ) ) ;
#2907 = VERTEX_POINT ( 'NONE', #2191 ) ;
#2908 = CARTESIAN_POINT ( 'NONE',  ( 76.67442846568468440, -4.364609237978962902E-12, 86.47831250869403164 ) ) ;
#2909 = CARTESIAN_POINT ( 'NONE',  ( 69.67176910648039723, -4.000000000000014211, -93.03850315911714119 ) ) ;
#2910 = CARTESIAN_POINT ( 'NONE',  ( 36.86125283029712563, -46.05197166201079284, -29.23761011312319269 ) ) ;
#2911 = CARTESIAN_POINT ( 'NONE',  ( 16.41362778452317528, -4.082476633196774785, 51.96580398103399290 ) ) ;
#2912 = CARTESIAN_POINT ( 'NONE',  ( 16.46166571492962660, -3.773159203066099643, 54.19601031966530513 ) ) ;
#2913 = CARTESIAN_POINT ( 'NONE',  ( 21.43712475932481354, -28.41782870481720735, 27.50161266581420705 ) ) ;
#2914 = CARTESIAN_POINT ( 'NONE',  ( 20.43269428754293315, -12.39074321515741062, -44.30633397661584638 ) ) ;
#2915 = EDGE_CURVE ( 'NONE', #579, #3528, #1858, .T. ) ;
#2916 = CARTESIAN_POINT ( 'NONE',  ( 43.01062212589743439, -4.044158709640135463, -79.67424649705559148 ) ) ;
#2917 = CARTESIAN_POINT ( 'NONE',  ( 146.9112211299932653, -2.498776529767253633E-14, -75.05061328499127171 ) ) ;
#2918 = CARTESIAN_POINT ( 'NONE',  ( 172.8000000000000114, -2.750000000000025757, 1.320405615063974937E-15 ) ) ;
#2919 = CARTESIAN_POINT ( 'NONE',  ( -18.00000000000000000, -24.36563296644767718, 38.55542864972095174 ) ) ;
#2920 = CARTESIAN_POINT ( 'NONE',  ( 19.75026125809977628, -1.588468762037724691, 52.79313130222998751 ) ) ;
#2921 = DIRECTION ( 'NONE',  ( 1.500332356076765934E-16, 1.000000000000000000, -0.000000000000000000 ) ) ;
#2922 = ORIENTED_EDGE ( 'NONE', *, *, #10, .F. ) ;
#2923 = VERTEX_POINT ( 'NONE', #6752 ) ;
#2924 = CARTESIAN_POINT ( 'NONE',  ( 21.32992244363682843, -8.472083835667328700, 58.09776745981309887 ) ) ;
#2925 = CARTESIAN_POINT ( 'NONE',  ( 20.35768365263160362, -5.897450855273105752, 59.76971743682046423 ) ) ;
#2926 = CARTESIAN_POINT ( 'NONE',  ( 19.99879432805345658, -2.210288560939711822, -51.13621639465667812 ) ) ;
#2927 = CARTESIAN_POINT ( 'NONE',  ( 153.2993634021637774, -4.369538196458023549, -64.45470121338730962 ) ) ;
#2928 = CARTESIAN_POINT ( 'NONE',  ( 175.9943651518047147, -5.420094615483756151, -4.485953911766981328 ) ) ;
#2929 = CARTESIAN_POINT ( 'NONE',  ( 8.334036980088203705, -3.430911900466258491, -64.25917777495799044 ) ) ;
#2930 = CARTESIAN_POINT ( 'NONE',  ( 17.45071445444401803, -5.564386597730672298E-15, 49.66685856027761758 ) ) ;
#2931 = CARTESIAN_POINT ( 'NONE',  ( 17.39456389188148577, -5.637851296924623057E-15, -52.00651240713872170 ) ) ;
#2932 = VERTEX_POINT ( 'NONE', #5660 ) ;
#2933 = CARTESIAN_POINT ( 'NONE',  ( 16.29885146531707818, -4.140736860626281768, 50.29755817225600367 ) ) ;
#2934 = CARTESIAN_POINT ( 'NONE',  ( 20.76622606421483752, -7.650234285831375658, 58.33915672279684372 ) ) ;
#2935 = CARTESIAN_POINT ( 'NONE',  ( 123.9660267272515597, -6.938893903907228378E-15, -77.95661844602406632 ) ) ;
#2936 = VERTEX_POINT ( 'NONE', #4443 ) ;
#2937 = CARTESIAN_POINT ( 'NONE',  ( 177.2955733412130428, -4.698294449566138731, -7.989676785902245726 ) ) ;
#2938 = CARTESIAN_POINT ( 'NONE',  ( 101.8697655334305097, -3.999999999998968825, -94.34857520775763362 ) ) ;
#2939 = ORIENTED_EDGE ( 'NONE', *, *, #4335, .T. ) ;
#2940 = CARTESIAN_POINT ( 'NONE',  ( 4.655934460347140202, -36.88819510870844454, 12.08072836496019953 ) ) ;
#2941 = FACE_OUTER_BOUND ( 'NONE', #6939, .T. ) ;
#2942 = LINE ( 'NONE', #5183, #5949 ) ;
#2943 = CARTESIAN_POINT ( 'NONE',  ( 165.7455011329131196, -6.136269125391208945, -39.82915104380331428 ) ) ;
#2944 = CARTESIAN_POINT ( 'NONE',  ( 80.20669263034217522, 9.227823897574220943E-12, -90.39446935658141058 ) ) ;
#2945 = EDGE_CURVE ( 'NONE', #4283, #601, #2864, .T. ) ;
#2946 =( BOUNDED_SURFACE ( )  B_SPLINE_SURFACE ( 3, 3, ( 
 ( #6022, #6719, #5625, #6133 ),
 ( #1014, #3272, #5514, #2792 ),
 ( #2196, #2638, #469, #3788 ),
 ( #2712, #4959, #3864, #3900 ) ),
 .UNSPECIFIED., .F., .F., .F. ) 
 B_SPLINE_SURFACE_WITH_KNOTS ( ( 4, 4 ),
 ( 4, 4 ),
 ( 0.000000000000000000, 1.000000000000000000 ),
 ( 0.000000000000000000, 1.000000000000000000 ),
 .UNSPECIFIED. ) 
 GEOMETRIC_REPRESENTATION_ITEM ( )  RATIONAL_B_SPLINE_SURFACE ( (
 ( 1.000000000000000000, 0.5182073349276704599, 0.5182073349276704599, 1.000000000000000000),
 ( 1.000000000000000000, 0.5182073349276704599, 0.5182073349276704599, 1.000000000000000000),
 ( 1.000000000000000000, 0.5182073349276704599, 0.5182073349276704599, 1.000000000000000000),
 ( 1.000000000000000000, 0.5182073349276704599, 0.5182073349276704599, 1.000000000000000000) ) ) 
 REPRESENTATION_ITEM ( '' )  SURFACE ( )  );
#2947 = CARTESIAN_POINT ( 'NONE',  ( 103.7530176744068768, -53.01288504816877634, 0.000000000000000000 ) ) ;
#2948 = CARTESIAN_POINT ( 'NONE',  ( 37.10273430942510231, -11.64686191744701382, -85.36441803219901203 ) ) ;
#2949 = CARTESIAN_POINT ( 'NONE',  ( 16.57348278104845107, -4.427530707583751557, 52.44138993894839729 ) ) ;
#2950 = CARTESIAN_POINT ( 'NONE',  ( 16.46642964827549704, -3.774372638808287217, 54.23710761615275544 ) ) ;
#2951 = CARTESIAN_POINT ( 'NONE',  ( 19.86630388207973397, -1.825068954201888305, 52.27771498862720989 ) ) ;
#2952 = CARTESIAN_POINT ( 'NONE',  ( 24.06874498565463227, -30.50352519161817000, -6.463678660948086296 ) ) ;
#2953 = CARTESIAN_POINT ( 'NONE',  ( 44.45309148288784939, -4.053703597118653690, -80.61531047973049624 ) ) ;
#2954 = CARTESIAN_POINT ( 'NONE',  ( 180.9957642445583019, -3.010157958536008464E-14, -11.95066973488781592 ) ) ;
#2955 = CARTESIAN_POINT ( 'NONE',  ( 15.89411477922209670, 2.962335741401234124, -54.53115640610487702 ) ) ;
#2956 = EDGE_CURVE ( 'NONE', #2932, #6809, #3383, .T. ) ;
#2957 = CARTESIAN_POINT ( 'NONE',  ( 14.13450196579951701, -25.83552921626208487, -36.73001150483276689 ) ) ;
#2958 = CARTESIAN_POINT ( 'NONE',  ( 20.04863091020587973, -1.999169799326165675, 56.23981676448907052 ) ) ;
#2959 = CARTESIAN_POINT ( 'NONE',  ( 186.9364844187151675, -3.430911900466284248, 10.76809433965946816 ) ) ;
#2960 = EDGE_CURVE ( 'NONE', #6624, #4474, #1944, .T. ) ;
#2961 = CARTESIAN_POINT ( 'NONE',  ( 20.38677045012701683, -8.058428502744412469, 57.38107467890790758 ) ) ;
#2962 = CARTESIAN_POINT ( 'NONE',  ( 16.43893482050600596, -3.880519476126110145, 53.23436008018885701 ) ) ;
#2963 = CARTESIAN_POINT ( 'NONE',  ( 22.60470634691390046, -2.771446192202110304, -58.24543350938136399 ) ) ;
#2964 = CARTESIAN_POINT ( 'NONE',  ( 154.1290233421814833, -4.171601379084210137, 62.16911716495191342 ) ) ;
#2965 = CARTESIAN_POINT ( 'NONE',  ( 109.7817200392192518, -4.501618978668059157, 86.99703749405172459 ) ) ;
#2966 = CARTESIAN_POINT ( 'NONE',  ( 19.09462067347461200, -0.7557744390335643381, -53.40225516573117659 ) ) ;
#2967 = DIRECTION ( 'NONE',  ( -1.500332356076765934E-16, -1.000000000000000000, 0.000000000000000000 ) ) ;
#2968 = CARTESIAN_POINT ( 'NONE',  ( 170.7684663968750840, 6.721624980880681261E-11, -19.24584634288574847 ) ) ;
#2969 = CARTESIAN_POINT ( 'NONE',  ( 16.10694625208410358, -3.525668533504049851, 49.28718813740027826 ) ) ;
#2970 = CARTESIAN_POINT ( 'NONE',  ( 21.08760821956812137, -7.344580842248416452, 59.04916611836582518 ) ) ;
#2971 = CARTESIAN_POINT ( 'NONE',  ( 57.86683171985309571, 2.520565999743356699E-11, -81.69638322163851285 ) ) ;
#2972 = CARTESIAN_POINT ( 'NONE',  ( -5.487530915465806736, -41.74037537613465076, 7.157548835879237181 ) ) ;
#2973 = CARTESIAN_POINT ( 'NONE',  ( 175.2128415817391556, -4.711271549514596479, -21.59858473005165891 ) ) ;
#2974 = CARTESIAN_POINT ( 'NONE',  ( 83.92075841268780323, -4.000000000000863309, -94.76280550965921634 ) ) ;
#2975 = CARTESIAN_POINT ( 'NONE',  ( 11.70518979700019280, -37.89293454857167376, 5.650728543981909269 ) ) ;
#2976 = FACE_OUTER_BOUND ( 'NONE', #7064, .T. ) ;
#2977 = EDGE_CURVE ( 'NONE', #4940, #3661, #5003, .T. ) ;
#2978 = CARTESIAN_POINT ( 'NONE',  ( -18.00000000000001066, -15.04787084692275911, -47.76285958301534862 ) ) ;
#2979 = CARTESIAN_POINT ( 'NONE',  ( 174.7210273555817253, -6.047906693413408696, -7.776929693471448246 ) ) ;
#2980 = CARTESIAN_POINT ( 'NONE',  ( 159.8310072239632404, -2.749999999968969711, -46.08812009078757654 ) ) ;
#2981 = FACE_OUTER_BOUND ( 'NONE', #5420, .T. ) ;
#2982 = CARTESIAN_POINT ( 'NONE',  ( 126.9900037565761437, -31.58140437854547500, -67.30846817784107827 ) ) ;
#2983 = CARTESIAN_POINT ( 'NONE',  ( 16.64024486563140925, -4.554194685995820002, 52.61831208325465070 ) ) ;
#2984 = CARTESIAN_POINT ( 'NONE',  ( 16.44898547178723547, -3.770616600877481961, 54.08062784394168432 ) ) ;
#2985 = CARTESIAN_POINT ( 'NONE',  ( -12.51084983702055453, -6.042206017369074367, -2.085489564426569853 ) ) ;
#2986 = CARTESIAN_POINT ( 'NONE',  ( 20.79369276260952759, -22.72838697866077595, -25.90899932191988952 ) ) ;
#2987 = CARTESIAN_POINT ( 'NONE',  ( 154.6532510305820836, -4.033509494148404428, 62.64243588891055481 ) ) ;
#2988 = CARTESIAN_POINT ( 'NONE',  ( 176.9025449484823866, -2.948746065031803440E-14, 26.88222762353281681 ) ) ;
#2989 = CARTESIAN_POINT ( 'NONE',  ( 32.63751076073033630, -7.842910786077521018E-15, -71.11481737957048210 ) ) ;
#2990 = CARTESIAN_POINT ( 'NONE',  ( 18.87860090393202128, -0.5812504001690532718, 53.13263165363363782 ) ) ;
#2991 = CARTESIAN_POINT ( 'NONE',  ( 173.4757583081965322, -3.430911900466283360, 51.39405481215620597 ) ) ;
#2992 = VERTEX_POINT ( 'NONE', #6314 ) ;
#2993 = CARTESIAN_POINT ( 'NONE',  ( 21.36859419003249272, -8.487080288090641744, 58.12477639444050226 ) ) ;
#2994 = B_SPLINE_CURVE_WITH_KNOTS ( 'NONE', 3,
 ( #5737, #647, #11, #51 ),
 .UNSPECIFIED., .F., .F.,
 ( 4, 4 ),
 ( 0.000000000000000000, 0.5450892914081876262 ),
 .UNSPECIFIED. ) ;
#2995 = CARTESIAN_POINT ( 'NONE',  ( 16.47690625690723465, -3.922735232607118760, 53.43227342630203225 ) ) ;
#2996 = CARTESIAN_POINT ( 'NONE',  ( 18.83247007565154618, -0.5480967710604142118, -53.05432644719875412 ) ) ;
#2997 = CARTESIAN_POINT ( 'NONE',  ( 116.5013952560378243, -4.096368592843061762, 85.68899310865388941 ) ) ;
#2998 = CARTESIAN_POINT ( 'NONE',  ( 72.33805652713398615, -5.601604116215920470, -88.13212524440326945 ) ) ;
#2999 = CARTESIAN_POINT ( 'NONE',  ( 17.10293367557877886, -3.000000000000005773, 0.000000000000000000 ) ) ;
#3000 = CARTESIAN_POINT ( 'NONE',  ( 20.13203320690988107, -38.31026286157670313, -0.1470188481355546861 ) ) ;
#3001 = CARTESIAN_POINT ( 'NONE',  ( 28.77435453422103606, -5.783416677011178696E-12, -64.55792521648953652 ) ) ;
#3002 = VERTEX_POINT ( 'NONE', #5806 ) ;
#3003 = ORIENTED_EDGE ( 'NONE', *, *, #654, .F. ) ;
#3004 = CARTESIAN_POINT ( 'NONE',  ( 16.38371278942440767, -4.424201373200544296, 50.63251527785750739 ) ) ;
#3005 = CARTESIAN_POINT ( 'NONE',  ( 17.82842566343045121, -5.715520941566581747, 55.46339315678945781 ) ) ;
#3006 = CARTESIAN_POINT ( 'NONE',  ( 22.81168416089447248, -6.722053469410127491E-15, -60.19063008427125538 ) ) ;
#3007 = CARTESIAN_POINT ( 'NONE',  ( 24.28034005783115745, -1.199881053087352933, -60.05329599091593451 ) ) ;
#3008 = CARTESIAN_POINT ( 'NONE',  ( 68.65001709470207913, -4.631988398796774931, -89.17393738367657363 ) ) ;
#3009 = CARTESIAN_POINT ( 'NONE',  ( 66.47219354487847909, -4.000000000000377476, -91.33389579339903719 ) ) ;
#3010 = EDGE_CURVE ( 'NONE', #5652, #259, #4698, .T. ) ;
#3011 = VECTOR ( 'NONE', #3927, 1000.000000000000000 ) ;
#3012 = CARTESIAN_POINT ( 'NONE',  ( 16.33614032636298319, -9.695619783823678617, 50.85959481193403775 ) ) ;
#3013 = DIRECTION ( 'NONE',  ( 1.000000000000000000, 0.000000000000000000, 0.000000000000000000 ) ) ;
#3014 = CARTESIAN_POINT ( 'NONE',  ( 21.36693912467932677, -33.71332086277009665, -2.591005312120170601 ) ) ;
#3015 = CARTESIAN_POINT ( 'NONE',  ( 54.14741801428211687, -4.818184487330764654, -84.07529036761138741 ) ) ;
#3016 = CARTESIAN_POINT ( 'NONE',  ( 87.44148820749659023, -6.082986943089979448, -88.60477564330400924 ) ) ;
#3017 = EDGE_CURVE ( 'NONE', #259, #1918, #4151, .T. ) ;
#3018 = CARTESIAN_POINT ( 'NONE',  ( 172.6446596947697572, -2.749999999944130913, 8.836645832374665943 ) ) ;
#3019 = AXIS2_PLACEMENT_3D ( 'NONE', #6313, #1269, #645 ) ;
#3020 = CARTESIAN_POINT ( 'NONE',  ( 4.491790349252412717, -37.61824331651563824, -7.821412750374430622 ) ) ;
#3021 = CARTESIAN_POINT ( 'NONE',  ( -4.006518341434589736, -3.999999999999994671, 6.938893903907228378E-14 ) ) ;
#3022 = ORIENTED_EDGE ( 'NONE', *, *, #6860, .T. ) ;
#3023 = CARTESIAN_POINT ( 'NONE',  ( 16.41122536713498903, -4.077403455972541835, 51.95605124896299998 ) ) ;
#3024 = CARTESIAN_POINT ( 'NONE',  ( 16.47376102892274474, -3.779647558010331032, 54.27604162801191734 ) ) ;
#3025 = CARTESIAN_POINT ( 'NONE',  ( 85.49059373981739895, -20.95902901126088480, 86.27244506407522806 ) ) ;
#3026 = CARTESIAN_POINT ( 'NONE',  ( 20.77758964845775935, -22.26725412343545329, -27.00716432545490875 ) ) ;
#3027 = CARTESIAN_POINT ( 'NONE',  ( 48.92918999172062655, -4.074945744582849194, -83.23208780395923156 ) ) ;
#3028 = CARTESIAN_POINT ( 'NONE',  ( 174.1453368398785813, -2.907378779654050636E-14, 34.19074328538673058 ) ) ;
#3029 = CARTESIAN_POINT ( 'NONE',  ( 19.96613773607507625, -38.18384193964353557, -3.004937464237582567 ) ) ;
#3030 = CARTESIAN_POINT ( 'NONE',  ( 2.519155543897275695, -4.274468806594232895, 55.02874777548444030 ) ) ;
#3031 =( GEOMETRIC_REPRESENTATION_CONTEXT ( 3 ) GLOBAL_UNCERTAINTY_ASSIGNED_CONTEXT ( ( #6037 ) ) GLOBAL_UNIT_ASSIGNED_CONTEXT ( ( #6605, #2230, #611 ) ) REPRESENTATION_CONTEXT ( 'NONE', 'WORKASPACE' ) );
#3032 = CARTESIAN_POINT ( 'NONE',  ( 18.33542764206138642, -0.1224745452560845049, 54.05396898187278509 ) ) ;
#3033 = CARTESIAN_POINT ( 'NONE',  ( 16.16502253189960214, -3.600908148973729794, 50.40683172351900510 ) ) ;
#3034 = CARTESIAN_POINT ( 'NONE',  ( 19.14846776239105708, -5.302073852380426722, 58.85324234079850925 ) ) ;
#3035 = CARTESIAN_POINT ( 'NONE',  ( -22.00000000000000355, -40.88189669057856435, 38.76238080036791445 ) ) ;
#3036 = CARTESIAN_POINT ( 'NONE',  ( 138.2100008099857860, -4.145287984269979908, 75.44326507753423527 ) ) ;
#3037 = CARTESIAN_POINT ( 'NONE',  ( 159.7910725172764614, -5.502039356178632268, -51.92644922795943785 ) ) ;
#3038 = CARTESIAN_POINT ( 'NONE',  ( 73.65499999999995850, -58.15464714294839155, 0.000000000000000000 ) ) ;
#3039 = CARTESIAN_POINT ( 'NONE',  ( 18.04238772017890824, -34.00007431947899761, 22.12109797931194421 ) ) ;
#3040 = ADVANCED_FACE ( 'NONE', ( #2976 ), #1001, .F. ) ;
#3041 = CARTESIAN_POINT ( 'NONE',  ( 127.0043829937113031, -2.341876692568689577E-14, 84.36153927385646512 ) ) ;
#3042 = CARTESIAN_POINT ( 'NONE',  ( 21.16531552600591937, -9.003862488643946449, 57.31713464332976571 ) ) ;
#3043 = CARTESIAN_POINT ( 'NONE',  ( 21.12130077853251109, -7.354169692115336332, 59.07618556987648617 ) ) ;
#3044 = CARTESIAN_POINT ( 'NONE',  ( 80.66496376637618937, -1.561251128379126385E-14, -101.6070284309913774 ) ) ;
#3045 = CARTESIAN_POINT ( 'NONE',  ( 8.527288702875676307, -42.15321216461034481, 2.893538716403907696 ) ) ;
#3046 = CARTESIAN_POINT ( 'NONE',  ( 72.02532901291607459, -4.651104391576793340, -89.84822011911786888 ) ) ;
#3047 = CARTESIAN_POINT ( 'NONE',  ( 106.7060417114609692, -4.000000000000019540, 88.70010459183427542 ) ) ;
#3048 = CARTESIAN_POINT ( 'NONE',  ( 12.91998075870535700, -38.23288408541189654, 1.584074726648499576 ) ) ;
#3049 = CYLINDRICAL_SURFACE ( 'NONE', #5360, 16.74499999999999744 ) ;
#3050 = CARTESIAN_POINT ( 'NONE',  ( 21.29192227646790414, -13.75170512517195398, 51.89689971722165751 ) ) ;
#3051 = EDGE_CURVE ( 'NONE', #163, #3661, #2180, .T. ) ;
#3052 = CARTESIAN_POINT ( 'NONE',  ( 114.2562536596165046, -5.253498717325763678, -85.92414767117612939 ) ) ;
#3053 = CARTESIAN_POINT ( 'NONE',  ( 75.74490400146783031, -5.953731719954311608, -88.16946118288097978 ) ) ;
#3054 = ORIENTED_EDGE ( 'NONE', *, *, #3903, .F. ) ;
#3055 = CARTESIAN_POINT ( 'NONE',  ( 168.0487803757066558, -3.122502256758252139E-14, 37.88356722213564609 ) ) ;
#3056 = CARTESIAN_POINT ( 'NONE',  ( -8.539387574195989927, -38.14351743597125477, -2.902395850550162137 ) ) ;
#3057 = CARTESIAN_POINT ( 'NONE',  ( 173.3621219240330049, -8.826899658326462728, 1.648136315104587579 ) ) ;
#3058 = CARTESIAN_POINT ( 'NONE',  ( 21.18795915707026722, -7.903590594476879616, 58.55731376823072054 ) ) ;
#3059 = CARTESIAN_POINT ( 'NONE',  ( 19.63237677306356233, -4.051582665759461577, 60.90140555282260948 ) ) ;
#3060 = CARTESIAN_POINT ( 'NONE',  ( 152.8722439315372128, -38.48506133258117501, 39.26475813504515600 ) ) ;
#3061 = CARTESIAN_POINT ( 'NONE',  ( 20.20499984993057652, -5.870427625571528196, 44.92792149512495570 ) ) ;
#3062 = CARTESIAN_POINT ( 'NONE',  ( 91.01420375156899922, -4.133958870451988510, -93.80735659887403699 ) ) ;
#3063 = CARTESIAN_POINT ( 'NONE',  ( 154.8475737061072550, -2.617848195359023751E-14, 63.06961126905711978 ) ) ;
#3064 = CARTESIAN_POINT ( 'NONE',  ( 15.32195257479541084, -28.21101827092757830, -33.37193045462102958 ) ) ;
#3065 = CARTESIAN_POINT ( 'NONE',  ( 16.83091091414695484, -23.86399565276341406, 5.082374552923077715 ) ) ;
#3066 = CARTESIAN_POINT ( 'NONE',  ( 154.0900329670993187, -31.58140437854545368, 135.3800659341986261 ) ) ;
#3067 = CARTESIAN_POINT ( 'NONE',  ( 16.98417007292148639, -5.275256282307042355, 53.23887276716035188 ) ) ;
#3068 = CARTESIAN_POINT ( 'NONE',  ( 17.67125082545027226, -4.819129623249163608, 56.57446816579924587 ) ) ;
#3069 = CARTESIAN_POINT ( 'NONE',  ( 13.53607251329639816, 0.3261995151441623442, -50.32763947236728086 ) ) ;
#3070 = CARTESIAN_POINT ( 'NONE',  ( 132.1913464892278114, -4.133045947928872366, 78.77504817391063341 ) ) ;
#3071 = CARTESIAN_POINT ( 'NONE',  ( 19.00636850004828560, -0.6804523425721216157, -53.31211750651355885 ) ) ;
#3072 = CARTESIAN_POINT ( 'NONE',  ( -2.179733859829516174, -2.000000000000017764, 60.80283175413603658 ) ) ;
#3073 = CARTESIAN_POINT ( 'NONE',  ( 172.2023680375065453, -2.775557561562891351E-14, -60.85038847029773024 ) ) ;
#3074 = VERTEX_POINT ( 'NONE', #4042 ) ;
#3075 = ORIENTED_EDGE ( 'NONE', *, *, #4255, .T. ) ;
#3076 = CARTESIAN_POINT ( 'NONE',  ( 19.47697533730736907, -8.681755159491208573, 55.19326078442983885 ) ) ;
#3077 = CARTESIAN_POINT ( 'NONE',  ( 16.45139107449550764, -4.039488125458136736, 52.57493631924953092 ) ) ;
#3078 = CARTESIAN_POINT ( 'NONE',  ( 18.09829635272070547, -5.637851296924623057E-15, -54.54483469266330076 ) ) ;
#3079 = CARTESIAN_POINT ( 'NONE',  ( 75.41783009552817418, -4.668006517671196676, -90.42312736491301450 ) ) ;
#3080 = CARTESIAN_POINT ( 'NONE',  ( 179.3183687210991479, -4.000000000000031086, -22.60802251133137020 ) ) ;
#3081 = CARTESIAN_POINT ( 'NONE',  ( -11.22395556267015948, -37.79017100533430806, 6.509635988700928522 ) ) ;
#3082 = CARTESIAN_POINT ( 'NONE',  ( -1.592905772956456190, -5.445858029013937340, 58.95710906898136017 ) ) ;
#3083 = EDGE_LOOP ( 'NONE', ( #6260, #4079 ) ) ;
#3084 = CARTESIAN_POINT ( 'NONE',  ( 17.43018003866752963, -9.669496135697329464, 49.58384824438451943 ) ) ;
#3085 = CARTESIAN_POINT ( 'NONE',  ( 109.3452926975082562, -5.249628493285799280, -87.35406425311410317 ) ) ;
#3086 = CARTESIAN_POINT ( 'NONE',  ( 129.0930246154788961, -6.197866600735989273, -77.72529298572271728 ) ) ;
#3087 = CARTESIAN_POINT ( 'NONE',  ( 110.6172451890448514, -57.95386985700427118, 2.965757180493044388E-15 ) ) ;
#3088 = CARTESIAN_POINT ( 'NONE',  ( -8.527288702875688742, -42.15321216461034481, -2.893538716403916133 ) ) ;
#3089 = CARTESIAN_POINT ( 'NONE',  ( 10.68988785195657343, -1.000000000000004441, 41.90966391586507456 ) ) ;
#3090 = CARTESIAN_POINT ( 'NONE',  ( 33.99914761783436035, -4.240957621055577498, -90.73866887611085019 ) ) ;
#3091 = CARTESIAN_POINT ( 'NONE',  ( 20.30380768919109613, -7.558939896065750119, 57.84136063427763474 ) ) ;
#3092 = CARTESIAN_POINT ( 'NONE',  ( 18.54772889941295588, -3.809950576963576641, 59.84412183174296018 ) ) ;
#3093 = CARTESIAN_POINT ( 'NONE',  ( 20.61644554048094946, -17.65269063383145465, 36.34331407402888203 ) ) ;
#3094 = CARTESIAN_POINT ( 'NONE',  ( 53.48132127387011536, -4.029317510810725089, -85.86089752604556224 ) ) ;
#3095 = CARTESIAN_POINT ( 'NONE',  ( 130.9357967683230015, -2.259092069048544740E-14, 80.52616022904507531 ) ) ;
#3096 = DIRECTION ( 'NONE',  ( -1.000000000000000000, -0.000000000000000000, -0.000000000000000000 ) ) ;
#3097 = CARTESIAN_POINT ( 'NONE',  ( 16.65541195652807360, -18.83836305150169466, 24.33295624138619573 ) ) ;
#3098 = CARTESIAN_POINT ( 'NONE',  ( 62.23670727890232257, -56.48968423887144752, 48.32658544219530938 ) ) ;
#3099 = CARTESIAN_POINT ( 'NONE',  ( 16.70202393369054761, -4.721957581768334578, 52.62098463078310573 ) ) ;
#3100 = CARTESIAN_POINT ( 'NONE',  ( 20.09251739719475083, -5.432322192435191432, 59.96062454198398939 ) ) ;
#3101 = CARTESIAN_POINT ( 'NONE',  ( 17.65172928754726200, -0.04951667415246777115, -49.03716578831264883 ) ) ;
#3102 = CARTESIAN_POINT ( 'NONE',  ( 162.7204400726887457, -4.184137491717057955, 51.26018443809574876 ) ) ;
#3103 = DIRECTION ( 'NONE',  ( -1.500332356076765934E-16, -1.000000000000000000, 0.000000000000000000 ) ) ;
#3104 = CARTESIAN_POINT ( 'NONE',  ( 16.27289708293196568, -4.000000000000000888, 50.37466011964624357 ) ) ;
#3105 = CARTESIAN_POINT ( 'NONE',  ( 132.6497924994940831, -2.081668171172168513E-14, -95.97430351667192383 ) ) ;
#3106 = ORIENTED_EDGE ( 'NONE', *, *, #2161, .T. ) ;
#3107 = ORIENTED_EDGE ( 'NONE', *, *, #3731, .F. ) ;
#3108 = CARTESIAN_POINT ( 'NONE',  ( 16.37996331927027427, -4.142563425041785763, 51.34554869496738405 ) ) ;
#3109 = CARTESIAN_POINT ( 'NONE',  ( 16.60632430274726090, -4.320722398481541049, 53.02786698296029755 ) ) ;
#3110 = CARTESIAN_POINT ( 'NONE',  ( 6.926060548294846519, -37.09748217496291289, 11.00976047786687495 ) ) ;
#3111 = CARTESIAN_POINT ( 'NONE',  ( 41.69629538830594839, -4.194117851509608030, -78.42515708976357303 ) ) ;
#3112 = CARTESIAN_POINT ( 'NONE',  ( 44.37042965795404115, -4.000000000000022204, -80.89905493850153562 ) ) ;
#3113 = CARTESIAN_POINT ( 'NONE',  ( -12.88456134886970261, -38.22205402223036685, 1.714457541411569697 ) ) ;
#3114 = CARTESIAN_POINT ( 'NONE',  ( 4.714345385132665101, -37.63844412668827744, 7.671974646248946428 ) ) ;
#3115 = CARTESIAN_POINT ( 'NONE',  ( 21.29565420454215285, -13.75431419236211994, 51.89832307553492541 ) ) ;
#3116 = CARTESIAN_POINT ( 'NONE',  ( 107.6875729293521289, -5.247408355955234249, -87.75109689113492095 ) ) ;
#3117 = CARTESIAN_POINT ( 'NONE',  ( 87.43450607312122713, -5.750623056220381280, -89.10577827940913664 ) ) ;
#3118 = ORIENTED_EDGE ( 'NONE', *, *, #6547, .F. ) ;
#3119 = CARTESIAN_POINT ( 'NONE',  ( 16.79468806597080643, -22.82670899753563276, -30.43696533003690874 ) ) ;
#3120 = CARTESIAN_POINT ( 'NONE',  ( -3.457270428691118447, -41.58624138442317530, -8.324939370549259365 ) ) ;
#3121 = CARTESIAN_POINT ( 'NONE',  ( 8.413952009106139940, -38.11882627492416731, -3.208061978329194819 ) ) ;
#3122 = AXIS2_PLACEMENT_3D ( 'NONE', #1689, #2761, #3909 ) ;
#3123 = CARTESIAN_POINT ( 'NONE',  ( 139.1782404434385683, -7.398014790541402874, -87.51964002452425007 ) ) ;
#3124 = CARTESIAN_POINT ( 'NONE',  ( 16.19674937102632839, -3.637582034337274450, 50.94125909955199205 ) ) ;
#3125 = CARTESIAN_POINT ( 'NONE',  ( 19.02165157459692324, -3.688888527304215792, 60.59080314454639193 ) ) ;
#3126 = CARTESIAN_POINT ( 'NONE',  ( 22.59345117150972371, -2.750000000000003109, 58.25533732283666666 ) ) ;
#3127 = CARTESIAN_POINT ( 'NONE',  ( 24.02479267529367846, -8.546300172022982977, 53.54417500852630241 ) ) ;
#3128 = AXIS2_PLACEMENT_3D ( 'NONE', #438, #4343, #7097 ) ;
#3129 = CARTESIAN_POINT ( 'NONE',  ( 94.62864842197471660, -4.044633363811617421, -94.33628385919550396 ) ) ;
#3130 = CARTESIAN_POINT ( 'NONE',  ( 109.5150434922649225, -1.937709576732472578E-14, 88.10694959453634567 ) ) ;
#3131 = CARTESIAN_POINT ( 'NONE',  ( 19.92775606846372582, -38.48506133258185002, -1.628100415257959580E-14 ) ) ;
#3132 = CARTESIAN_POINT ( 'NONE',  ( 16.43639840725132473, -12.56663558202241227, 35.99669154419957096 ) ) ;
#3133 = CARTESIAN_POINT ( 'NONE',  ( 18.70996703290065710, -31.58140437854543237, 0.000000000000000000 ) ) ;
#3134 = AXIS2_PLACEMENT_3D ( 'NONE', #699, #71, #1210 ) ;
#3135 = CARTESIAN_POINT ( 'NONE',  ( 16.38999601682489526, -4.069290137363682724, 51.72595716897736651 ) ) ;
#3136 = EDGE_CURVE ( 'NONE', #3334, #2234, #3535, .T. ) ;
#3137 = CARTESIAN_POINT ( 'NONE',  ( 17.25094449203071179, -4.463784508625167291, 56.09876989919860080 ) ) ;
#3138 = CARTESIAN_POINT ( 'NONE',  ( 18.03703191370639303, 0.01506314437382402609, -55.97679648669780050 ) ) ;
#3139 = CARTESIAN_POINT ( 'NONE',  ( 101.5323900490735269, -4.229364572174890924, -92.35552277874590743 ) ) ;
#3140 = CARTESIAN_POINT ( 'NONE',  ( -18.00000000000000355, -4.000000000000000000, 55.17981480219003743 ) ) ;
#3141 = VECTOR ( 'NONE', #3716, 1000.000000000000000 ) ;
#3142 = CARTESIAN_POINT ( 'NONE',  ( 16.31625729506428257, -3.999999999999999112, 51.03034622803392750 ) ) ;
#3143 = CARTESIAN_POINT ( 'NONE',  ( 188.2611111111347384, -3.122502256758252770E-14, -5.691111481175473941 ) ) ;
#3144 = ORIENTED_EDGE ( 'NONE', *, *, #2312, .T. ) ;
#3145 = CARTESIAN_POINT ( 'NONE',  ( 16.36885940796716099, -4.158161055893614844, 51.16087143183870012 ) ) ;
#3146 = CARTESIAN_POINT ( 'NONE',  ( 16.46790779571541918, -4.009299078721316967, 52.89592749469079536 ) ) ;
#3147 = CARTESIAN_POINT ( 'NONE',  ( 98.11720691939522965, -1.734723475976807094E-14, -104.1445348416288539 ) ) ;
#3148 = CARTESIAN_POINT ( 'NONE',  ( 178.2051020384100468, -4.518174096914745697, -1.118984834078670998 ) ) ;
#3149 = CARTESIAN_POINT ( 'NONE',  ( 69.87921325096741043, -4.000000000000299316, -92.31408887506920280 ) ) ;
#3150 = CARTESIAN_POINT ( 'NONE',  ( -7.526879037776804893, -37.18277575838185101, 10.54458552276619088 ) ) ;
#3151 = CARTESIAN_POINT ( 'NONE',  ( 21.36649237272362001, -33.74852470288029593, -1.295597944400094015 ) ) ;
#3152 = CARTESIAN_POINT ( 'NONE',  ( 77.23741152228626561, -5.132342501456012229, -89.66085747805165340 ) ) ;
#3153 = CARTESIAN_POINT ( 'NONE',  ( 175.4608146009409779, -5.681545363963875772, 5.628247085243599734 ) ) ;
#3154 = CARTESIAN_POINT ( 'NONE',  ( 16.30340696046649995, -8.758258826849541379, -51.94812926672018705 ) ) ;
#3155 = CARTESIAN_POINT ( 'NONE',  ( -5.951618630069059002, -41.78706642526856996, -6.776572600623020470 ) ) ;
#3156 = CARTESIAN_POINT ( 'NONE',  ( 124.1834622505512442, -6.630861111135958552, 78.30257259370466727 ) ) ;
#3157 = CARTESIAN_POINT ( 'NONE',  ( 140.1056595522640293, -5.207648404244999085, -89.05753491973683822 ) ) ;
#3158 = CARTESIAN_POINT ( 'NONE',  ( 19.38644175445519480, -7.102922490273095413, 56.97126834007551821 ) ) ;
#3159 = CARTESIAN_POINT ( 'NONE',  ( 86.39999999999999147, -58.93658393131477169, 0.000000000000000000 ) ) ;
#3160 = CARTESIAN_POINT ( 'NONE',  ( 44.13732522768059141, -9.568265159442037553E-15, 77.13974265585542867 ) ) ;
#3161 = CARTESIAN_POINT ( 'NONE',  ( 180.4408484625077733, -4.042413678698441259, -1.151758764656423129 ) ) ;
#3162 = VERTEX_POINT ( 'NONE', #5736 ) ;
#3163 = CARTESIAN_POINT ( 'NONE',  ( -17.60597693396299945, -6.042206017372996563, 208.0119538679259108 ) ) ;
#3164 = CARTESIAN_POINT ( 'NONE',  ( 132.1963904380766621, -50.78462308660656532, -91.59278087615331287 ) ) ;
#3165 = DIRECTION ( 'NONE',  ( -1.000000000000000000, -0.000000000000000000, -0.000000000000000000 ) ) ;
#3166 = FACE_OUTER_BOUND ( 'NONE', #938, .T. ) ;
#3167 = CARTESIAN_POINT ( 'NONE',  ( 20.70518633851227364, -8.114648281801024154, 57.74603570541987807 ) ) ;
#3168 = CARTESIAN_POINT ( 'NONE',  ( 16.47485070283337905, -3.878124464070746846, 53.66045827620339281 ) ) ;
#3169 = CARTESIAN_POINT ( 'NONE',  ( 20.47876310277267464, -13.70998147351314245, -34.15493934737697401 ) ) ;
#3170 = CARTESIAN_POINT ( 'NONE',  ( -9.000000000000008882, -42.30756013076908317, -5.181181809388053756E-15 ) ) ;
#3171 = CARTESIAN_POINT ( 'NONE',  ( 137.5511300399354297, -4.232030072861716619, -78.47747449145100518 ) ) ;
#3172 = CARTESIAN_POINT ( 'NONE',  ( 50.19650037988017743, -1.047734281264017413E-14, -84.70386820317835941 ) ) ;
#3173 = CARTESIAN_POINT ( 'NONE',  ( 14.36998138267886027, -26.30347845800560691, 36.09070915512118205 ) ) ;
#3174 = ADVANCED_FACE ( 'NONE', ( #2941 ), #3049, .T. ) ;
#3175 =( BOUNDED_SURFACE ( )  B_SPLINE_SURFACE ( 2, 3, ( 
 ( #6570, #7201, #6645, #4922, #1605, #3230, #2232, #4483, #1049, #3346, #5550, #2752, #4995, #5476, #434, #6681, #1643, #5588, #1680, #2830, #2266, #4518, #577, #5073, #14, #1596, #3892, #1042, #3338, #4914, #6089, #2667, #3816, #4366, #3744, #3778, #7157, #4951, #6637, #1524, #5504, #7194, #2108, #4400, #3222, #6562, #6599, #2145, #1556, #5432, #3302, #2594, #7084, #5540, #6050, #7231, #386, #2743, #4292, #2187, #4842, #2630, #4877, #3856 ),
 ( #2075, #6525, #5979, #4330, #6015, #1006, #496, #968, #4988, #6674, #4439, #5467, #1488, #1635, #424, #6127, #1078, #461, #351, #3262, #7122, #932, #3186, #2038, #2704, #5767, #1710, #122, #2258, #1780, #1153, #1188, #2337, #2371, #4075, #6237, #2935, #4621, #6823, #1814, #642, #4002, #4585, #6859, #4037, #2859, #716, #4, #4510, #2971, #6272, #4656, #5100, #158, #3966, #6900, #6748, #45, #2297, #6309, #1224, #5212, #4112, #3482 ),
 ( #2410, #5176, #1265, #1852, #85, #4550, #6203, #3522, #3446, #5731, #2895, #5691, #678, #6343, #1300, #752, #3558, #5802, #5064, #6786, #5655, #3413, #604, #1747, #5141, #6377, #5875, #345, #4693, #2484, #6518, #3665, #5353, #271, #5907, #789, #6933, #3700, #5937, #4214, #310, #5839, #1888, #855, #3147, #5390, #3044, #890, #3738, #5282, #4146, #6970, #5973, #5320, #4287, #3006, #822, #5246, #3078, #2518, #235, #4729, #1480, #2587 ) ),
 .UNSPECIFIED., .F., .F., .F. ) 
 B_SPLINE_SURFACE_WITH_KNOTS ( ( 3, 3 ),
 ( 4, 2, 2, 2, 2, 2, 2, 2, 2, 2, 2, 2, 2, 2, 2, 2, 2, 2, 2, 2, 2, 2, 2, 2, 2, 2, 2, 2, 2, 2, 2, 4 ),
 ( 0.000000000000000000, 1.000000000000000000 ),
 ( 0.4495419638380254712, 0.6177951319475110115, 0.7860483000569964407, 1.122554636275967299, 1.459060972494938380, 1.795567308713909238, 2.132073644932880541, 2.468579981151851399, 2.636833149261336828, 2.805086317370822258, 2.973339485480307687, 3.141592653589793116, 3.309845821699278545, 3.478098989808763974, 3.646352157918249404, 3.814605326027734833, 3.982858494137220262, 4.151111662246705691, 4.319364830356191121, 4.361428122383562922, 4.403491414410933835, 4.487617998465676550, 4.655871166575161979, 4.824124334684647408, 4.992377502794132837, 5.160630670903618267, 5.328883839013103696, 5.497137007122589125, 5.581263591177331840, 5.623326883204702753, 5.665390175232074554, 5.833643343341560872 ),
 .UNSPECIFIED. ) 
 GEOMETRIC_REPRESENTATION_ITEM ( )  RATIONAL_B_SPLINE_SURFACE ( (
 ( 1.000000000000000000, 1.000000000000000000, 1.000000000000000000, 1.000000000000000000, 1.000000000000000000, 1.000000000000000000, 1.000000000000000000, 1.000000000000000000, 1.000000000000000000, 1.000000000000000000, 1.000000000000000000, 1.000000000000000000, 1.000000000000000000, 1.000000000000000000, 1.000000000000000000, 1.000000000000000000, 1.000000000000000000, 1.000000000000000000, 1.000000000000000000, 1.000000000000000000, 1.000000000000000000, 1.000000000000000000, 1.000000000000000000, 1.000000000000000000, 1.000000000000000000, 1.000000000000000000, 1.000000000000000000, 1.000000000000000000, 1.000000000000000000, 1.000000000000000000, 1.000000000000000000, 1.000000000000000000, 1.000000000000000000, 1.000000000000000000, 1.000000000000000000, 1.000000000000000000, 1.000000000000000000, 1.000000000000000000, 1.000000000000000000, 1.000000000000000000, 1.000000000000000000, 1.000000000000000000, 1.000000000000000000, 1.000000000000000000, 1.000000000000000000, 1.000000000000000000, 1.000000000000000000, 1.000000000000000000, 1.000000000000000000, 1.000000000000000000, 1.000000000000000000, 1.000000000000000000, 1.000000000000000000, 1.000000000000000000, 1.000000000000000000, 1.000000000000000000, 1.000000000000000000, 1.000000000000000000, 1.000000000000000000, 1.000000000000000000, 1.000000000000000000, 1.000000000000000000, 1.000000000000000000, 1.000000000000000000),
 ( 0.7071067811865474617, 0.7071067811865474617, 0.7071067811865479058, 0.7071067811865479058, 0.7071067811865491270, 0.7071067811865491270, 0.7071067811865475727, 0.7071067811865475727, 0.7071067811865474617, 0.7071067811865474617, 0.7071067811865475727, 0.7071067811865475727, 0.7071067811865475727, 0.7071067811865475727, 0.7071067811865476838, 0.7071067811865476838, 0.7071067811865476838, 0.7071067811865476838, 0.7071067811865475727, 0.7071067811865475727, 0.7071067811865476838, 0.7071067811865476838, 0.7071067811865476838, 0.7071067811865476838, 0.7071067811865476838, 0.7071067811865476838, 0.7071067811865471286, 0.7071067811865471286, 0.7071067811865476838, 0.7071067811865476838, 0.7071067811865476838, 0.7071067811865476838, 0.7071067811865476838, 0.7071067811865476838, 0.7071067811865475727, 0.7071067811865475727, 0.7071067811865473507, 0.7071067811865473507, 0.7071067811865475727, 0.7071067811865475727, 0.7071067811865475727, 0.7071067811865475727, 0.7071067811865477948, 0.7071067811865477948, 0.7071067811865475727, 0.7071067811865475727, 0.7071067811865477948, 0.7071067811865477948, 0.7071067811865475727, 0.7071067811865475727, 0.7071067811865476838, 0.7071067811865476838, 0.7071067811865474617, 0.7071067811865474617, 0.7071067811865467956, 0.7071067811865467956, 0.7071067811865474617, 0.7071067811865474617, 0.7071067811865474617, 0.7071067811865474617, 0.7071067811865479058, 0.7071067811865479058, 0.7071067811865476838, 0.7071067811865476838),
 ( 1.000000000000000000, 1.000000000000000000, 1.000000000000000000, 1.000000000000000000, 1.000000000000000000, 1.000000000000000000, 1.000000000000000000, 1.000000000000000000, 1.000000000000000000, 1.000000000000000000, 1.000000000000000000, 1.000000000000000000, 1.000000000000000000, 1.000000000000000000, 1.000000000000000000, 1.000000000000000000, 1.000000000000000000, 1.000000000000000000, 1.000000000000000000, 1.000000000000000000, 1.000000000000000000, 1.000000000000000000, 1.000000000000000000, 1.000000000000000000, 1.000000000000000000, 1.000000000000000000, 1.000000000000000000, 1.000000000000000000, 1.000000000000000000, 1.000000000000000000, 1.000000000000000000, 1.000000000000000000, 1.000000000000000000, 1.000000000000000000, 1.000000000000000000, 1.000000000000000000, 1.000000000000000000, 1.000000000000000000, 1.000000000000000000, 1.000000000000000000, 1.000000000000000000, 1.000000000000000000, 1.000000000000000000, 1.000000000000000000, 1.000000000000000000, 1.000000000000000000, 1.000000000000000000, 1.000000000000000000, 1.000000000000000000, 1.000000000000000000, 1.000000000000000000, 1.000000000000000000, 1.000000000000000000, 1.000000000000000000, 1.000000000000000000, 1.000000000000000000, 1.000000000000000000, 1.000000000000000000, 1.000000000000000000, 1.000000000000000000, 1.000000000000000000, 1.000000000000000000, 1.000000000000000000, 1.000000000000000000) ) ) 
 REPRESENTATION_ITEM ( '' )  SURFACE ( )  );
#3176 = CARTESIAN_POINT ( 'NONE',  ( 187.4870370370134083, -3.122502256758252770E-14, 5.691111481175588516 ) ) ;
#3177 = ORIENTED_EDGE ( 'NONE', *, *, #6407, .F. ) ;
#3178 = ORIENTED_EDGE ( 'NONE', *, *, #5070, .F. ) ;
#3179 = CARTESIAN_POINT ( 'NONE',  ( 21.31886698766121668, -8.874041677608726530, 57.64289916608075259 ) ) ;
#3180 = CARTESIAN_POINT ( 'NONE',  ( 20.38816449573663547, -6.728259772751918000, 58.89729701025270714 ) ) ;
#3181 = CARTESIAN_POINT ( 'NONE',  ( -0.8464195579617557197, -36.69866747150621933, 12.97966432353192090 ) ) ;
#3182 = CARTESIAN_POINT ( 'NONE',  ( 174.1197208940694736, -4.488975829899351844, 26.14011316762866954 ) ) ;
#3183 = CARTESIAN_POINT ( 'NONE',  ( 53.32534140234682951, -4.000000000000010658, -86.42029838999469860 ) ) ;
#3184 = CARTESIAN_POINT ( 'NONE',  ( -11.81655672510113497, -37.91996358596424699, 5.372352490421461013 ) ) ;
#3185 = CARTESIAN_POINT ( 'NONE',  ( 17.17180437889124178, -8.371123990183500396, 49.89136200582071723 ) ) ;
#3186 = CARTESIAN_POINT ( 'NONE',  ( 172.8000000000000114, 6.721624980880683846E-11, 4.845691241352079182 ) ) ;
#3187 = CARTESIAN_POINT ( 'NONE',  ( 172.1693629790092075, -4.846849293054463104, 29.12580393201594475 ) ) ;
#3188 = CARTESIAN_POINT ( 'NONE',  ( 21.42241311096795187, -29.52786203483853100, -24.51932833010637225 ) ) ;
#3189 = B_SPLINE_CURVE_WITH_KNOTS ( 'NONE', 3,
 ( #62, #4563, #6802, #1203, #7287, #5598 ),
 .UNSPECIFIED., .F., .F.,
 ( 4, 2, 4 ),
 ( 6.844227486010978389E-18, 0.0004712436376138808437, 0.0009424872752277548569 ),
 .UNSPECIFIED. ) ;
#3190 = CARTESIAN_POINT ( 'NONE',  ( 76.83956781364153699, -1.452183354306993632E-14, 89.33595071899983964 ) ) ;
#3191 = CARTESIAN_POINT ( 'NONE',  ( 156.9807806531452457, -10.46010879628817314, 50.06789516246557525 ) ) ;
#3192 = DIRECTION ( 'NONE',  ( -1.000000000000000000, 0.000000000000000000, 0.000000000000000000 ) ) ;
#3193 = CARTESIAN_POINT ( 'NONE',  ( 18.19857671423793732, -3.878602277808320675, 59.21880675521421011 ) ) ;
#3194 = CARTESIAN_POINT ( 'NONE',  ( -22.00000000000000355, -3.083293990177752075, 60.30191525336435632 ) ) ;
#3195 = CARTESIAN_POINT ( 'NONE',  ( 24.07175790136810534, -22.47537114804115532, 33.61288177169504365 ) ) ;
#3196 = CARTESIAN_POINT ( 'NONE',  ( 171.2351730627903805, -4.044716866274048250, -42.57019917246633867 ) ) ;
#3197 = ORIENTED_EDGE ( 'NONE', *, *, #2460, .T. ) ;
#3198 = FACE_OUTER_BOUND ( 'NONE', #7148, .T. ) ;
#3199 = CARTESIAN_POINT ( 'NONE',  ( 179.0824426214854554, -13.94371515320778521, -185.3648852429708143 ) ) ;
#3200 = CARTESIAN_POINT ( 'NONE',  ( -22.00000000000000355, -4.000000000000000000, 55.17981480219003743 ) ) ;
#3201 = CARTESIAN_POINT ( 'NONE',  ( 127.6788544982078264, -51.13139327542299384, -24.18059312436437480 ) ) ;
#3202 = CARTESIAN_POINT ( 'NONE',  ( 21.28520274224691633, -8.249271228892215646, 58.29089741650190604 ) ) ;
#3203 = CARTESIAN_POINT ( 'NONE',  ( 19.20359182701125889, -4.954161195746301871, 59.36620484144776100 ) ) ;
#3204 = CARTESIAN_POINT ( 'NONE',  ( 20.65803001440876230, -18.84351416036940208, 23.99383200963101004 ) ) ;
#3205 = CARTESIAN_POINT ( 'NONE',  ( 34.29591840025669569, -2.750000000000004885, -68.92114828300012164 ) ) ;
#3206 = CARTESIAN_POINT ( 'NONE',  ( 153.7870325019398479, -4.230317974305274120, -64.92531121155091967 ) ) ;
#3207 = DIRECTION ( 'NONE',  ( -1.000000000000000000, 0.000000000000000000, 0.000000000000000000 ) ) ;
#3208 = CARTESIAN_POINT ( 'NONE',  ( 16.35641609756575576, -5.072300764953423524, 49.42789444799274889 ) ) ;
#3209 = CARTESIAN_POINT ( 'NONE',  ( 13.15081339958014262, -30.08039141660548310, -37.82150419575912537 ) ) ;
#3210 = CARTESIAN_POINT ( 'NONE',  ( 137.9420239010604803, -2.428612866367529932E-14, -93.16953611032808169 ) ) ;
#3211 = ORIENTED_EDGE ( 'NONE', *, *, #2084, .T. ) ;
#3212 = ORIENTED_EDGE ( 'NONE', *, *, #6587, .T. ) ;
#3213 = CARTESIAN_POINT ( 'NONE',  ( 21.48661358278086553, -8.945355634042032378, 57.75476358445013858 ) ) ;
#3214 = CARTESIAN_POINT ( 'NONE',  ( 20.78281497566329961, -6.405273727305891285, 59.70814798150455260 ) ) ;
#3215 = CARTESIAN_POINT ( 'NONE',  ( -0.4163182998811901792, -36.69413387641053248, 13.00040032042310578 ) ) ;
#3216 = CARTESIAN_POINT ( 'NONE',  ( 171.7665673377241831, -4.479448671638809110, 32.62842472699966123 ) ) ;
#3217 = CARTESIAN_POINT ( 'NONE',  ( 40.16758554855270091, -4.000000000000008882, -77.95840459034204173 ) ) ;
#3218 =( BOUNDED_SURFACE ( )  B_SPLINE_SURFACE ( 3, 3, ( 
 ( #2879, #2321, #6771, #4021 ),
 ( #6188, #4532, #6806, #6222 ),
 ( #1693, #1138, #2210, #664 ),
 ( #4607, #7292, #106, #1657 ) ),
 .UNSPECIFIED., .F., .F., .F. ) 
 B_SPLINE_SURFACE_WITH_KNOTS ( ( 4, 4 ),
 ( 4, 4 ),
 ( 0.000000000000000000, 1.000000000000000000 ),
 ( 0.000000000000000000, 1.000000000000000000 ),
 .UNSPECIFIED. ) 
 GEOMETRIC_REPRESENTATION_ITEM ( )  RATIONAL_B_SPLINE_SURFACE ( (
 ( 1.000000000000000000, 0.5132742931841106637, 0.5132742931841106637, 1.000000000000000000),
 ( 1.000000000000000000, 0.5132742931841106637, 0.5132742931841106637, 1.000000000000000000),
 ( 1.000000000000000000, 0.5132742931841106637, 0.5132742931841106637, 1.000000000000000000),
 ( 1.000000000000000000, 0.5132742931841106637, 0.5132742931841106637, 1.000000000000000000) ) ) 
 REPRESENTATION_ITEM ( '' )  SURFACE ( )  );
#3219 = CARTESIAN_POINT ( 'NONE',  ( 21.33362440126942516, -13.00507057318531068, 52.87838918085159889 ) ) ;
#3220 = CARTESIAN_POINT ( 'NONE',  ( 104.2488153209802988, -5.515370944237841577, -87.92326210223332339 ) ) ;
#3221 = EDGE_CURVE ( 'NONE', #4760, #2856, #2179, .T. ) ;
#3222 = CARTESIAN_POINT ( 'NONE',  ( 96.11849395084735193, -18.24012499985558122, -85.98832245680115705 ) ) ;
#3223 = CARTESIAN_POINT ( 'NONE',  ( 156.6204806540027619, -4.966233903632987889, -58.12871249294835962 ) ) ;
#3224 = CARTESIAN_POINT ( 'NONE',  ( 15.96937177603437874, 0.8072573193715064654, -52.40389928356697880 ) ) ;
#3225 = CARTESIAN_POINT ( 'NONE',  ( 163.5944678667164283, -2.854109593822882958E-14, -57.91650165062494438 ) ) ;
#3226 = CARTESIAN_POINT ( 'NONE',  ( 40.22185415493378002, -1.472057662006673152E-11, 73.66452158764990088 ) ) ;
#3227 = CARTESIAN_POINT ( 'NONE',  ( -14.66611242992670938, -38.31026286157669603, 0.1470188481355287624 ) ) ;
#3228 = CARTESIAN_POINT ( 'NONE',  ( 16.45722574918220715, -3.746641523090194603, 54.34786447938856924 ) ) ;
#3229 = DIRECTION ( 'NONE',  ( -1.500332356076765934E-16, -1.000000000000000000, 0.000000000000000000 ) ) ;
#3230 = CARTESIAN_POINT ( 'NONE',  ( 32.20300258828451945, -1.119937499988455487, 67.98211798690059027 ) ) ;
#3231 = CARTESIAN_POINT ( 'NONE',  ( 68.23975013377265952, -4.038529326276654174, -91.39326751029138052 ) ) ;
#3232 = EDGE_LOOP ( 'NONE', ( #1111, #700, #1228, #3274 ) ) ;
#3233 = DIRECTION ( 'NONE',  ( 1.500332356076765934E-16, 1.000000000000000000, -0.000000000000000000 ) ) ;
#3234 = VECTOR ( 'NONE', #2674, 1000.000000000000000 ) ;
#3235 = DIRECTION ( 'NONE',  ( 1.000000000000000000, -1.500332356076765934E-16, 0.000000000000000000 ) ) ;
#3236 = CARTESIAN_POINT ( 'NONE',  ( 159.5718911911923215, -33.22972007004717199, 8.960972233485214830E-15 ) ) ;
#3237 = CARTESIAN_POINT ( 'NONE',  ( 176.1338352506000149, -4.962481512572421316, 179.4676705012000753 ) ) ;
#3238 = CARTESIAN_POINT ( 'NONE',  ( 16.18060944839965387, -3.619327110076911325, 50.67643908673983333 ) ) ;
#3239 = CIRCLE ( 'NONE', #2896, 9.999999999999998224 ) ;
#3240 = CARTESIAN_POINT ( 'NONE',  ( 16.53923694095802333, -3.958993184202924454, 53.87857426647201464 ) ) ;
#3241 = CARTESIAN_POINT ( 'NONE',  ( 20.73620983127912965, -21.08229119788213879, -17.84817193258221479 ) ) ;
#3242 = CARTESIAN_POINT ( 'NONE',  ( 21.59317250118354536, -10.94374015254152432, -55.62333159295467055 ) ) ;
#3243 = CARTESIAN_POINT ( 'NONE',  ( 178.9907479591211938, -4.217458304360831356, -8.140467258752172697 ) ) ;
#3244 = CARTESIAN_POINT ( 'NONE',  ( 48.95364860929682749, -1.029087374011882615E-14, -83.97980076635805347 ) ) ;
#3245 = CARTESIAN_POINT ( 'NONE',  ( 21.38796117869662439, -11.47032786610855126, 54.76563134875783589 ) ) ;
#3246 = CARTESIAN_POINT ( 'NONE',  ( 0.9695979173690166819, -6.037870801710911793E-15, -61.79999999999998295 ) ) ;
#3247 = CARTESIAN_POINT ( 'NONE',  ( 18.50533150752794498, -42.07518877122863898, 6.317947750979945098 ) ) ;
#3248 = AXIS2_PLACEMENT_3D ( 'NONE', #3324, #992, #2212 ) ;
#3249 = DIRECTION ( 'NONE',  ( -1.000000000000000000, 0.000000000000000000, 0.000000000000000000 ) ) ;
#3250 = EDGE_LOOP ( 'NONE', ( #7037, #2406, #3212, #7036 ) ) ;
#3251 = ORIENTED_EDGE ( 'NONE', *, *, #578, .F. ) ;
#3252 = CARTESIAN_POINT ( 'NONE',  ( 16.14543115455179390, -3.575929107371924154, 50.03606017179569676 ) ) ;
#3253 = CARTESIAN_POINT ( 'NONE',  ( 20.96791972121162928, -6.880450730839815066, 59.41077946655030217 ) ) ;
#3254 = CARTESIAN_POINT ( 'NONE',  ( 0.8695912140388138978, -36.69439961462276756, 12.99918185089965128 ) ) ;
#3255 = AXIS2_PLACEMENT_3D ( 'NONE', #12, #3344, #538 ) ;
#3256 = CARTESIAN_POINT ( 'NONE',  ( 164.0200404526712816, -4.451176934292227827, 47.99325675703450145 ) ) ;
#3257 = CARTESIAN_POINT ( 'NONE',  ( 152.8922317853125037, -3.430911900466281139, -76.17295860571633170 ) ) ;
#3258 = ADVANCED_FACE ( 'NONE', ( #5288 ), #2452, .T. ) ;
#3259 = CARTESIAN_POINT ( 'NONE',  ( -22.00000000000000355, -42.30756013076908317, -5.181181809388053756E-15 ) ) ;
#3260 = CARTESIAN_POINT ( 'NONE',  ( 17.64883337589481727, -9.300658631435679169, 50.53180035715859475 ) ) ;
#3261 = CARTESIAN_POINT ( 'NONE',  ( 100.9145137853525966, -5.507253454381108249, -88.53252231321967258 ) ) ;
#3262 = CARTESIAN_POINT ( 'NONE',  ( 169.5541752803536326, 6.301328263184593554E-11, 23.95462078705079634 ) ) ;
#3263 = CARTESIAN_POINT ( 'NONE',  ( 119.5117003979208761, -4.443902389370255612, 83.97109324508116401 ) ) ;
#3264 = B_SPLINE_CURVE_WITH_KNOTS ( 'NONE', 3,
 ( #6697, #482, #2806, #4354 ),
 .UNSPECIFIED., .F., .F.,
 ( 4, 4 ),
 ( 0.02833646188918178405, 0.02848157221526882027 ),
 .UNSPECIFIED. ) ;
#3265 = CARTESIAN_POINT ( 'NONE',  ( 15.91305811267346115, 2.419869646665163909, -54.00351147234665206 ) ) ;
#3266 = DIRECTION ( 'NONE',  ( -1.000000000000000000, 0.000000000000000000, 0.000000000000000000 ) ) ;
#3267 = CARTESIAN_POINT ( 'NONE',  ( 32.20300258831865392, 1.154645035340137571E-11, 67.98211798691684749 ) ) ;
#3268 = ADVANCED_FACE ( 'NONE', ( #5253, #6905 ), #4081, .T. ) ;
#3269 = DIRECTION ( 'NONE',  ( -1.000000000000000000, 1.505836350674311495E-16, 0.000000000000000000 ) ) ;
#3270 = CARTESIAN_POINT ( 'NONE',  ( -6.001329424307057818E-16, -4.000000000000003553, 0.000000000000000000 ) ) ;
#3271 = CARTESIAN_POINT ( 'NONE',  ( 110.6172451890450219, -57.95386985700425697, 14.30498233254013130 ) ) ;
#3272 = CARTESIAN_POINT ( 'NONE',  ( 186.7177003860440720, -4.277705893277930826, -123.9957504004988778 ) ) ;
#3273 = CARTESIAN_POINT ( 'NONE',  ( 119.3711534652428838, -3.999999999999753086, -89.97078474975175766 ) ) ;
#3274 = ORIENTED_EDGE ( 'NONE', *, *, #6587, .F. ) ;
#3275 = CARTESIAN_POINT ( 'NONE',  ( 82.46311704069040616, -1.531840771237409817E-14, 89.72799803582346101 ) ) ;
#3276 = CARTESIAN_POINT ( 'NONE',  ( 131.4398301050572968, -5.227662559522054941, 77.58636475592973625 ) ) ;
#3277 = CARTESIAN_POINT ( 'NONE',  ( -4.006518341434566643, -3.999999999999985345, 180.8130366828690967 ) ) ;
#3278 = ORIENTED_EDGE ( 'NONE', *, *, #3221, .T. ) ;
#3279 = PRODUCT ( 'Sink Design for PCSIR', 'Sink Design for PCSIR', '', ( #3933 ) ) ;
#3280 = CARTESIAN_POINT ( 'NONE',  ( 16.39052873032294144, -4.053038610140918152, 51.79484113280569346 ) ) ;
#3281 = CARTESIAN_POINT ( 'NONE',  ( 19.89242826193616409, -4.517310803682957676, 60.70400726673685199 ) ) ;
#3282 = CARTESIAN_POINT ( 'NONE',  ( 26.13546580554787369, -6.867387943384926540E-15, -64.02140506151788202 ) ) ;
#3283 = CARTESIAN_POINT ( 'NONE',  ( 46.19739679023367529, -4.930033462664345834, -80.27655077061066891 ) ) ;
#3284 = CARTESIAN_POINT ( 'NONE',  ( 166.5036462867012403, -4.227445239971334701, -48.06321817910068006 ) ) ;
#3285 = CARTESIAN_POINT ( 'NONE',  ( 19.82782093279115898, -0.9988686087184246443, -55.07458177644387831 ) ) ;
#3286 = CARTESIAN_POINT ( 'NONE',  ( 21.66586031558601988, -10.84658858881805443, 55.82875183445882783 ) ) ;
#3287 = CARTESIAN_POINT ( 'NONE',  ( -2.321157091896225655, -37.48663413867163996, 8.715423609284759010 ) ) ;
#3288 = CARTESIAN_POINT ( 'NONE',  ( 22.85079273882252338, -3.270171685183814958, 57.99664264912054534 ) ) ;
#3289 = ADVANCED_FACE ( 'NONE', ( #1859 ), #205, .F. ) ;
#3290 = FACE_BOUND ( 'NONE', #1969, .T. ) ;
#3291 = CARTESIAN_POINT ( 'NONE',  ( 16.37759998780612491, -4.136575894794336072, 51.33571928118660566 ) ) ;
#3292 = CARTESIAN_POINT ( 'NONE',  ( 16.55657979048459794, -4.157923094616100101, 53.16080724155501969 ) ) ;
#3293 = CARTESIAN_POINT ( 'NONE',  ( 0.1203342838507366203, -0.1073292525456362029, 61.74779545231174183 ) ) ;
#3294 = CARTESIAN_POINT ( 'NONE',  ( 173.8830662399261087, -4.537511626356979022, -28.41428954276668861 ) ) ;
#3295 = CARTESIAN_POINT ( 'NONE',  ( 168.6065829722051319, -5.553458620205228513, 35.01202035469067653 ) ) ;
#3296 = CARTESIAN_POINT ( 'NONE',  ( 80.33358102081501784, -4.000000000000015987, -94.94222363008725551 ) ) ;
#3297 = CARTESIAN_POINT ( 'NONE',  ( 172.8000000026050031, -2.750000000000025757, -81.81084019695211396 ) ) ;
#3298 = CARTESIAN_POINT ( 'NONE',  ( 21.54346374075858250, -12.35671115632249339, 53.91559972989399796 ) ) ;
#3299 = ORIENTED_EDGE ( 'NONE', *, *, #6631, .F. ) ;
#3300 = CARTESIAN_POINT ( 'NONE',  ( 16.42497260854423047, -4.089264854693818840, 52.07440872445256730 ) ) ;
#3301 = CARTESIAN_POINT ( 'NONE',  ( 137.5279492860507276, -4.781763801281892157, 74.42186688514276227 ) ) ;
#3302 = CARTESIAN_POINT ( 'NONE',  ( 53.32281783874348946, -7.541937499844923565, -79.96462182664568275 ) ) ;
#3303 = CARTESIAN_POINT ( 'NONE',  ( 116.3166477186372418, -4.408557230255301995, 85.15726832369657018 ) ) ;
#3304 = CARTESIAN_POINT ( 'NONE',  ( 16.83190356770641216, -23.89242153151473502, -2.029240514831043729 ) ) ;
#3305 = CARTESIAN_POINT ( 'NONE',  ( 17.63393519425525113, -5.591875798154984136E-15, -51.16719078630654849 ) ) ;
#3306 = CARTESIAN_POINT ( 'NONE',  ( 96.20950330280582818, -1.683008330466389108E-11, 86.38666875959808067 ) ) ;
#3307 = DIRECTION ( 'NONE',  ( -1.500332356076765934E-16, -1.000000000000000000, 0.000000000000000000 ) ) ;
#3308 = CARTESIAN_POINT ( 'NONE',  ( 13.15949949251191420, -36.65699875535981533, 13.16961417038971760 ) ) ;
#3309 = DIRECTION ( 'NONE',  ( 0.000000000000000000, 0.000000000000000000, -1.000000000000000000 ) ) ;
#3310 = CARTESIAN_POINT ( 'NONE',  ( 174.7154582639539626, -4.000000000000188294, -36.23519332436558926 ) ) ;
#3311 = VERTEX_POINT ( 'NONE', #4971 ) ;
#3312 = CARTESIAN_POINT ( 'NONE',  ( 86.39999999999999147, -53.01288504816877634, 0.000000000000000000 ) ) ;
#3313 = CARTESIAN_POINT ( 'NONE',  ( 0.3926901491850126602, -5.867336362172118847, -58.71939403038491179 ) ) ;
#3314 = CARTESIAN_POINT ( 'NONE',  ( 86.56738925611011837, -57.00057409172650580, -17.66581051906827682 ) ) ;
#3315 = CARTESIAN_POINT ( 'NONE',  ( 21.24183168023267143, -8.233034077108698057, 58.25952630867021753 ) ) ;
#3316 = CARTESIAN_POINT ( 'NONE',  ( 19.69089141711583224, -4.533941435767715689, 60.45991389090170287 ) ) ;
#3317 = CARTESIAN_POINT ( 'NONE',  ( 18.68234534591013940, -0.4486321930722271811, 52.75526690586292489 ) ) ;
#3318 = CARTESIAN_POINT ( 'NONE',  ( 169.8051545929509416, -6.115532122500806800, -30.79110326224617467 ) ) ;
#3319 = CARTESIAN_POINT ( 'NONE',  ( 125.5757396379583213, -4.139323419213548405, -86.19705791860283739 ) ) ;
#3320 = CARTESIAN_POINT ( 'NONE',  ( 175.9095094514642597, -2.933847232162713765E-14, -34.08903690443123224 ) ) ;
#3321 = CARTESIAN_POINT ( 'NONE',  ( 16.64465322346067211, -6.103505378413054849, 50.30901174091268757 ) ) ;
#3322 = CARTESIAN_POINT ( 'NONE',  ( -5.449900637734799602, -37.70437832982502613, 7.186102947514718231 ) ) ;
#3323 = CARTESIAN_POINT ( 'NONE',  ( 20.39721029373230721, -5.995140466772444832, 52.28010766993738656 ) ) ;
#3324 = CARTESIAN_POINT ( 'NONE',  ( 86.39999999999994884, -64.66763823405520384, 0.000000000000000000 ) ) ;
#3325 = CARTESIAN_POINT ( 'NONE',  ( 16.38384038114060459, -4.111143704386724274, 51.49783862916132193 ) ) ;
#3326 = CARTESIAN_POINT ( 'NONE',  ( 16.53237404772740859, -4.059335695794843879, 53.35146381700165819 ) ) ;
#3327 = DIRECTION ( 'NONE',  ( -1.000000000000000000, 0.000000000000000000, 0.000000000000000000 ) ) ;
#3328 = EDGE_CURVE ( 'NONE', #2992, #2549, #275, .T. ) ;
#3329 = CARTESIAN_POINT ( 'NONE',  ( 38.77073243349391163, -4.043195147657568711, -76.63943374939778153 ) ) ;
#3330 = CARTESIAN_POINT ( 'NONE',  ( 162.7692936909107004, -5.803674215339878373, -45.82761407271254228 ) ) ;
#3331 = CARTESIAN_POINT ( 'NONE',  ( 168.7486775378391144, -4.000000000000027534, -49.41902935570235655 ) ) ;
#3332 = DIRECTION ( 'NONE',  ( -1.000000000000000000, 1.501116738099047236E-16, -8.881784197001252323E-16 ) ) ;
#3333 = CARTESIAN_POINT ( 'NONE',  ( 16.06593850934628165, -4.362859989281245632, 47.01617557693332117 ) ) ;
#3334 = VERTEX_POINT ( 'NONE', #3246 ) ;
#3335 = CARTESIAN_POINT ( 'NONE',  ( 17.14945426669732598, -6.650562810729397256, 51.85536969441640309 ) ) ;
#3336 = CARTESIAN_POINT ( 'NONE',  ( 21.20703204431277911, -7.805136844748078673, 58.68503739251691087 ) ) ;
#3337 = CARTESIAN_POINT ( 'NONE',  ( 103.1525174843514634, -4.289643216059105590, 88.56207588228791394 ) ) ;
#3338 = CARTESIAN_POINT ( 'NONE',  ( 164.3684868625082345, -17.82512123842379381, -37.54138756065729154 ) ) ;
#3339 = CARTESIAN_POINT ( 'NONE',  ( 60.46034522018038615, -4.746326229167169508, -86.61638968520190929 ) ) ;
#3340 = CARTESIAN_POINT ( 'NONE',  ( 17.03719376871031344, -29.77116372407737188, 1.812562107943692435 ) ) ;
#3341 = B_SPLINE_SURFACE_WITH_KNOTS ( 'NONE', 3, 1, ( 
 ( #6020, #5510 ),
 ( #6678, #1640 ),
 ( #1047, #1529 ),
 ( #1601, #6131 ),
 ( #2709, #6604 ),
 ( #2749, #2080 ),
 ( #6716, #1011 ),
 ( #391, #5585 ),
 ( #3821, #466 ),
 ( #2672, #4336 ) ),
 .UNSPECIFIED., .F., .F., .F.,
 ( 4, 2, 2, 2, 4 ),
 ( 2, 2 ),
 ( 0.000000000000000000, 0.2500000000000000000, 0.5000000000000000000, 0.7500000000000000000, 1.000000000000000000 ),
 ( 0.000000000000000000, 1.000000000000000000 ),
 .UNSPECIFIED. ) ;
#3342 = CARTESIAN_POINT ( 'NONE',  ( 17.73818514383982503, -5.607516755403095149E-15, -51.91785300505326717 ) ) ;
#3343 = CARTESIAN_POINT ( 'NONE',  ( 24.02479267529368556, -8.546300172022979424, 53.54417500852630241 ) ) ;
#3344 = DIRECTION ( 'NONE',  ( 0.000000000000000000, 0.000000000000000000, 1.000000000000000000 ) ) ;
#3345 = CARTESIAN_POINT ( 'NONE',  ( 112.9994318727484597, -4.788381211256165670, 85.81370117734742564 ) ) ;
#3346 = CARTESIAN_POINT ( 'NONE',  ( 86.39708870614190062, -3.704861111099450266, 86.94183622372746356 ) ) ;
#3347 = CARTESIAN_POINT ( 'NONE',  ( 126.3711540373244873, -4.000000000000001776, 82.47925589624904319 ) ) ;
#3348 = EDGE_LOOP ( 'NONE', ( #4588, #5763, #1487, #281, #2657, #3421 ) ) ;
#3349 = CARTESIAN_POINT ( 'NONE',  ( 1.107415504873220158, -5.942206024918096574, 58.67688095132923110 ) ) ;
#3350 = CARTESIAN_POINT ( 'NONE',  ( 16.13724490077170515, -4.000000000000005329, -47.24735425237403064 ) ) ;
#3351 = CARTESIAN_POINT ( 'NONE',  ( -0.5777385475361077605, -8.826899658326418319, -0.000000000000000000 ) ) ;
#3352 = CARTESIAN_POINT ( 'NONE',  ( 21.31781138293755617, -8.157278559788446515, 58.42724475963165531 ) ) ;
#3353 = CARTESIAN_POINT ( 'NONE',  ( 16.47318554378513511, -3.842488087319335666, 53.86455852039807013 ) ) ;
#3354 = CARTESIAN_POINT ( 'NONE',  ( 19.75093124468685701, -1.587751944218658728, 52.79953587924954661 ) ) ;
#3355 = PLANE ( 'NONE',  #4651 ) ;
#3356 = CARTESIAN_POINT ( 'NONE',  ( 179.7286041152805183, -4.127981985997481118, 2.377051082408083715 ) ) ;
#3357 = CARTESIAN_POINT ( 'NONE',  ( 133.7608096757840315, -2.301476651762527751E-14, -84.09115479063932241 ) ) ;
#3358 = CARTESIAN_POINT ( 'NONE',  ( 17.00858226136042362, -6.922154952835389174, 51.00373904722107454 ) ) ;
#3359 = B_SPLINE_CURVE_WITH_KNOTS ( 'NONE', 3,
 ( #1139, #3247, #1545, #4388, #3399, #2726, #7146, #2098, #5051, #2211, #5528, #7216, #2692, #2131, #6036, #2169, #409, #3878, #3914, #1580 ),
 .UNSPECIFIED., .F., .F.,
 ( 4, 2, 2, 2, 2, 2, 2, 2, 2, 4 ),
 ( 0.000000000000000000, 0.01876380877091135893, 0.02345476096363919433, 0.02814571315636702972, 0.03752761754182269704, 0.04690952192727836784, 0.05160047412000620670, 0.05629142631273405251, 0.06567333069818971636, 0.07505523508364536633 ),
 .UNSPECIFIED. ) ;
#3360 = CARTESIAN_POINT ( 'NONE',  ( -2.711943942383873818, -3.499999999999989342, -60.02012201594923368 ) ) ;
#3361 = CARTESIAN_POINT ( 'NONE',  ( 24.02479267529367846, -8.546300172022982977, 53.54417500852630241 ) ) ;
#3362 = CARTESIAN_POINT ( 'NONE',  ( 42.42354730408063546, -1.465346318080813282, 74.37092385773348724 ) ) ;
#3363 = EDGE_LOOP ( 'NONE', ( #1403, #493, #5029, #3696, #4924, #6829 ) ) ;
#3364 = EDGE_CURVE ( 'NONE', #2932, #2728, #6998, .T. ) ;
#3365 = AXIS2_PLACEMENT_3D ( 'NONE', #2887, #6815, #5170 ) ;
#3366 = CARTESIAN_POINT ( 'NONE',  ( 16.15505238016871559, -3.588494250838893063, 50.22327818039455138 ) ) ;
#3367 = CARTESIAN_POINT ( 'NONE',  ( 16.42821420244302999, -3.906910761205814264, 52.95272074876880453 ) ) ;
#3368 = CARTESIAN_POINT ( 'NONE',  ( 19.84563222048504727, -1.783312181923905060, -52.36766258926299145 ) ) ;
#3369 = CARTESIAN_POINT ( 'NONE',  ( 158.4485704283673329, -4.286966997334194396, 56.71528829331681720 ) ) ;
#3370 = CARTESIAN_POINT ( 'NONE',  ( 104.1312340965414052, -5.829551332838986077, -87.32216472967384391 ) ) ;
#3371 = CARTESIAN_POINT ( 'NONE',  ( 18.91469613305425312, -0.5621472784695699110, -54.10774608441469979 ) ) ;
#3372 = AXIS2_PLACEMENT_3D ( 'NONE', #1270, #1193, #241 ) ;
#3373 = CARTESIAN_POINT ( 'NONE',  ( 20.12432886057192505, -38.30472695027330587, 0.000000000000000000 ) ) ;
#3374 = CARTESIAN_POINT ( 'NONE',  ( 21.28502120318818314, -12.18616801168329822, 53.80012375999351093 ) ) ;
#3375 = VERTEX_POINT ( 'NONE', #2765 ) ;
#3376 = CARTESIAN_POINT ( 'NONE',  ( 21.63646744875424233, -10.02838082588691826, 56.72480269861230084 ) ) ;
#3377 = AXIS2_PLACEMENT_3D ( 'NONE', #2737, #5023, #3332 ) ;
#3378 = CARTESIAN_POINT ( 'NONE',  ( 20.44153431633154838, -7.524878830925154638, 58.06959867875178816 ) ) ;
#3379 = CARTESIAN_POINT ( 'NONE',  ( 164.7929266089895464, -5.021154633637088693, 44.46190617559869196 ) ) ;
#3380 = ORIENTED_EDGE ( 'NONE', *, *, #2960, .F. ) ;
#3381 = CARTESIAN_POINT ( 'NONE',  ( 143.3217781730683384, -4.499764148068020830, 70.74485663649065259 ) ) ;
#3382 = CARTESIAN_POINT ( 'NONE',  ( 16.55331323551855149, -15.91463821692702396, 42.51713729945775100 ) ) ;
#3383 = LINE ( 'NONE', #3417, #5472 ) ;
#3384 = PRODUCT_DEFINITION_FORMATION_WITH_SPECIFIED_SOURCE ( 'ANY', '', #3279, .NOT_KNOWN. ) ;
#3385 = CARTESIAN_POINT ( 'NONE',  ( 21.42006275106966484, -29.70275203824861521, -23.98322567063374322 ) ) ;
#3386 = CARTESIAN_POINT ( 'NONE',  ( 175.0204558915846746, -5.998617867387058489, 5.594730693928209320 ) ) ;
#3387 = ORIENTED_EDGE ( 'NONE', *, *, #6094, .T. ) ;
#3388 = CARTESIAN_POINT ( 'NONE',  ( 77.20573433950225706, -2.750000000000010214, 86.20728565572096613 ) ) ;
#3389 = DIRECTION ( 'NONE',  ( -1.000000000000000000, 1.500332356076765687E-16, 0.000000000000000000 ) ) ;
#3390 = CARTESIAN_POINT ( 'NONE',  ( -4.006518341434566643, -3.999999999999985345, 0.000000000000000000 ) ) ;
#3391 = CARTESIAN_POINT ( 'NONE',  ( 16.41615752578663745, -4.108010871534930608, 51.90142944359253363 ) ) ;
#3392 = CARTESIAN_POINT ( 'NONE',  ( 16.47301834586346203, -3.807541005368139775, 54.08077658981262203 ) ) ;
#3393 = CARTESIAN_POINT ( 'NONE',  ( 20.08570447629400491, -2.647853026403922616, 49.47864296564802800 ) ) ;
#3394 = CARTESIAN_POINT ( 'NONE',  ( 103.9374466218790189, -6.179841268594256753, -86.78960994107022486 ) ) ;
#3395 = CARTESIAN_POINT ( 'NONE',  ( 41.58866898320381011, -4.058489718310256400, -78.64409674592319277 ) ) ;
#3396 = CARTESIAN_POINT ( 'NONE',  ( 178.5422677116160628, -2.973347356197055807E-14, -25.56391194660179877 ) ) ;
#3397 = CARTESIAN_POINT ( 'NONE',  ( 21.31449578088060193, -33.24540241821885900, 6.976008019637832274E-15 ) ) ;
#3398 = CARTESIAN_POINT ( 'NONE',  ( -18.00000000000000000, -35.16662063492061918, 18.78583735165909729 ) ) ;
#3399 = CARTESIAN_POINT ( 'NONE',  ( 17.00302369484182918, -38.49120470340542255, 21.48054379162633509 ) ) ;
#3400 = CARTESIAN_POINT ( 'NONE',  ( 22.00722390832362407, -2.704085246569707834, 57.60825067613696859 ) ) ;
#3401 = CARTESIAN_POINT ( 'NONE',  ( 16.21172316595293594, -3.733883279514119025, 50.53636398587580203 ) ) ;
#3402 = CARTESIAN_POINT ( 'NONE',  ( 16.28235524202925788, -3.725086639810938571, 52.06729662000025627 ) ) ;
#3403 = CARTESIAN_POINT ( 'NONE',  ( 19.14996943474893953, -0.8037611313210066832, -53.45511470010328026 ) ) ;
#3404 = CARTESIAN_POINT ( 'NONE',  ( 164.3578135061130183, -4.300764268726993578, 48.20225224000740383 ) ) ;
#3405 = CARTESIAN_POINT ( 'NONE',  ( 69.00975332213555191, -5.552507129816484088, -87.59641217502698396 ) ) ;
#3406 = CARTESIAN_POINT ( 'NONE',  ( 41.91034355214484464, -3.430911900466263376, -90.79761549562694256 ) ) ;
#3407 = EDGE_CURVE ( 'NONE', #5243, #82, #4937, .T. ) ;
#3408 = LINE ( 'NONE', #1590, #2428 ) ;
#3409 = CARTESIAN_POINT ( 'NONE',  ( 16.14245372491386021, -4.379407602638022645, 47.95080628750753249 ) ) ;
#3410 = ORIENTED_EDGE ( 'NONE', *, *, #3590, .F. ) ;
#3411 = CARTESIAN_POINT ( 'NONE',  ( 21.59936952757839634, -10.00993537757607754, 56.70314390924335157 ) ) ;
#3412 = CARTESIAN_POINT ( 'NONE',  ( 21.01370240440810733, -7.739531843286194146, 58.53640458077578757 ) ) ;
#3413 = CARTESIAN_POINT ( 'NONE',  ( 186.6066687299341709, -3.122502256758252770E-14, 11.31649753389896418 ) ) ;
#3414 = EDGE_LOOP ( 'NONE', ( #712, #4759, #1919, #6625, #4176, #3075, #570 ) ) ;
#3415 = CARTESIAN_POINT ( 'NONE',  ( 75.48084315153992918, -4.876071392659270920, -89.93844847241402363 ) ) ;
#3416 = CARTESIAN_POINT ( 'NONE',  ( 17.03062905257753457, -29.58317484982607937, 5.825886734527030875 ) ) ;
#3417 = CARTESIAN_POINT ( 'NONE',  ( -21.99999999999999645, -5.500000000000001776, 58.92672230857210991 ) ) ;
#3418 = CARTESIAN_POINT ( 'NONE',  ( 21.42870005751258589, -29.05438180525681702, -25.81034468390858905 ) ) ;
#3419 = DIRECTION ( 'NONE',  ( 1.000000000000000000, 0.000000000000000000, -1.224646799147352221E-16 ) ) ;
#3420 = CARTESIAN_POINT ( 'NONE',  ( 13.15949949251191420, -37.58412590509598061, 8.970993739684612223 ) ) ;
#3421 = ORIENTED_EDGE ( 'NONE', *, *, #3496, .T. ) ;
#3422 = CYLINDRICAL_SURFACE ( 'NONE', #6524, 9.000000000000000000 ) ;
#3423 = CARTESIAN_POINT ( 'NONE',  ( 176.0416976334269350, -4.000000000000029310, -33.90770418174474798 ) ) ;
#3424 = CARTESIAN_POINT ( 'NONE',  ( 57.63307684762182248, -46.05197166201079284, -49.81354683834425146 ) ) ;
#3425 = CARTESIAN_POINT ( 'NONE',  ( 21.21735740431692108, -8.120990732423269520, 58.35393897412306075 ) ) ;
#3426 = CARTESIAN_POINT ( 'NONE',  ( 16.47559760586431210, -3.844567878600912980, 53.87799469864462765 ) ) ;
#3427 = CARTESIAN_POINT ( 'NONE',  ( 86.40000000000000568, -4.000000000000003553, 0.000000000000000000 ) ) ;
#3428 = CARTESIAN_POINT ( 'NONE',  ( 39.07327654828523578, -4.183167501194160032, -76.70982758394777079 ) ) ;
#3429 = CARTESIAN_POINT ( 'NONE',  ( 43.04366141103921706, -4.074425237052061277, -79.56047899925007982 ) ) ;
#3430 = CARTESIAN_POINT ( 'NONE',  ( 107.2081261181381251, -1.903098148940490896E-14, -94.08390929832199845 ) ) ;
#3431 = CARTESIAN_POINT ( 'NONE',  ( 62.18275481095516710, -57.95386985700427118, -48.43449037808969138 ) ) ;
#3432 = CARTESIAN_POINT ( 'NONE',  ( -18.00000000000000000, -34.26820842358780794, 21.40474030364273261 ) ) ;
#3433 = CARTESIAN_POINT ( 'NONE',  ( 19.60744072897137613, -1.344400829304117417, 53.21165239294515459 ) ) ;
#3434 = CARTESIAN_POINT ( 'NONE',  ( 8.334042071184128986, -3.430911900466258935, 64.25918430573733531 ) ) ;
#3435 = CARTESIAN_POINT ( 'NONE',  ( 16.37351814296283692, -4.126792279895415305, 51.31688820734436263 ) ) ;
#3436 = CARTESIAN_POINT ( 'NONE',  ( 20.53300481514774489, -5.922214042754433194, 59.94228681926339419 ) ) ;
#3437 = CARTESIAN_POINT ( 'NONE',  ( 19.82369855024643357, -1.734942019042052141, -52.48244519303554512 ) ) ;
#3438 = CARTESIAN_POINT ( 'NONE',  ( 178.4169440461481031, -4.349138558599243254, -8.088643940993568648 ) ) ;
#3439 = CARTESIAN_POINT ( 'NONE',  ( 172.3893242168654183, -5.330395656991803399, 25.61522758882209416 ) ) ;
#3440 = CARTESIAN_POINT ( 'NONE',  ( 68.73339646511841750, -57.00057409172649869, 2.163534947079801969E-15 ) ) ;
#3441 = CARTESIAN_POINT ( 'NONE',  ( 17.37182649553184888, -5.552550782004595476E-15, 48.91164466220559603 ) ) ;
#3442 = CARTESIAN_POINT ( 'NONE',  ( 124.1834622505969747, -2.341876692568689577E-14, 78.30257259377741264 ) ) ;
#3443 = CARTESIAN_POINT ( 'NONE',  ( 21.39335341924128642, -12.25876905564294539, 53.84942742445428365 ) ) ;
#3444 = CARTESIAN_POINT ( 'NONE',  ( 16.25212929771223713, -4.206958447904458609, 49.53493222503406201 ) ) ;
#3445 = CARTESIAN_POINT ( 'NONE',  ( 21.21754413028017439, -7.808601732750876323, 58.69298471979967502 ) ) ;
#3446 = CARTESIAN_POINT ( 'NONE',  ( 66.50127012795061887, -1.431146867680865853E-14, 87.28135486430976187 ) ) ;
#3447 = ORIENTED_EDGE ( 'NONE', *, *, #2822, .T. ) ;
#3448 = CARTESIAN_POINT ( 'NONE',  ( 167.0591862838023474, -4.617776833655476310, 41.81524440951234567 ) ) ;
#3449 = CARTESIAN_POINT ( 'NONE',  ( 12.67753478204723194, -38.14788500315201247, 2.832459753338082642 ) ) ;
#3450 = DIRECTION ( 'NONE',  ( 1.500332356076765934E-16, 1.000000000000000000, -0.000000000000000000 ) ) ;
#3451 = CARTESIAN_POINT ( 'NONE',  ( -18.00000000000000355, -21.10969771520716876, -42.19729845240296839 ) ) ;
#3452 = EDGE_CURVE ( 'NONE', #6809, #4760, #6503, .T. ) ;
#3453 = APPROVAL_ROLE ( '' ) ;
#3454 = CARTESIAN_POINT ( 'NONE',  ( 103.1686961711311739, -4.484249761254619493, 88.42774138202207723 ) ) ;
#3455 = B_SPLINE_CURVE_WITH_KNOTS ( 'NONE', 2,
 ( #1531, #3194, #5439 ),
 .UNSPECIFIED., .F., .F.,
 ( 3, 3 ),
 ( 0.000000000000000000, 0.07563948096015793432 ),
 .UNSPECIFIED. ) ;
#3456 = ORIENTED_EDGE ( 'NONE', *, *, #519, .F. ) ;
#3457 = CARTESIAN_POINT ( 'NONE',  ( 24.02479267529369977, -8.546300172022963437, -53.54417500852633083 ) ) ;
#3458 = DIRECTION ( 'NONE',  ( 1.500332356076765934E-16, 1.000000000000000000, -0.000000000000000000 ) ) ;
#3459 = CARTESIAN_POINT ( 'NONE',  ( 62.23670727890231547, -56.48968423887146884, 1.387778780781445676E-14 ) ) ;
#3460 = B_SPLINE_SURFACE_WITH_KNOTS ( 'NONE', 2, 1, ( 
 ( #6758, #4998 ),
 ( #3938, #7204 ),
 ( #1087, #3349 ) ),
 .UNSPECIFIED., .F., .F., .F.,
 ( 3, 3 ),
 ( 2, 2 ),
 ( 0.000000000000000000, 0.07563948096015793432 ),
 ( 0.000000000000000000, 1.000000000000000000 ),
 .UNSPECIFIED. ) ;
#3461 = CARTESIAN_POINT ( 'NONE',  ( 21.30012141832349926, -8.046606072893697004, 58.52765568899427961 ) ) ;
#3462 = CARTESIAN_POINT ( 'NONE',  ( 19.53130351948206567, -4.070049940952198853, 60.77033900906825892 ) ) ;
#3463 = CARTESIAN_POINT ( 'NONE',  ( 19.90576150819271462, -1.925777279245626250, 52.00585678675150092 ) ) ;
#3464 = CARTESIAN_POINT ( 'NONE',  ( 20.33275504146359580, -9.528857647438305989, -48.00546083375635931 ) ) ;
#3465 = CARTESIAN_POINT ( 'NONE',  ( 66.63172064889471358, -4.115309765870459380, -90.45957645457866647 ) ) ;
#3466 = CARTESIAN_POINT ( 'NONE',  ( 121.1166243888759482, -2.111771848740748259E-14, -90.08376706688490287 ) ) ;
#3467 = CARTESIAN_POINT ( 'NONE',  ( 21.62433707920784798, -4.677999801795591495, -62.38589266488200025 ) ) ;
#3468 = CARTESIAN_POINT ( 'NONE',  ( -18.00000000000000355, -6.042206017373017879, 53.98290812280551876 ) ) ;
#3469 = CARTESIAN_POINT ( 'NONE',  ( 18.42773281284054221, -0.2175798688736634290, 56.20236705169904923 ) ) ;
#3470 = CARTESIAN_POINT ( 'NONE',  ( 187.3680530859564044, -3.430911900466285136, -9.905228607284789159E-05 ) ) ;
#3471 = CARTESIAN_POINT ( 'NONE',  ( 16.39544228785587521, -4.099075192439573634, 51.68421622546247107 ) ) ;
#3472 = CARTESIAN_POINT ( 'NONE',  ( 16.46322217674250155, -3.951109324433801362, 53.13256778553746784 ) ) ;
#3473 = CARTESIAN_POINT ( 'NONE',  ( 20.45362873462163478, -3.085970330621581326, -55.56191548030469107 ) ) ;
#3474 = CARTESIAN_POINT ( 'NONE',  ( 176.3648568894747939, -4.355626899773063165, -21.87857953178070858 ) ) ;
#3475 = CARTESIAN_POINT ( 'NONE',  ( 128.6450994591713481, -4.827266967081063065, 79.39972747970364253 ) ) ;
#3476 = CARTESIAN_POINT ( 'NONE',  ( 110.2105537151107200, -3.430911900466273146, -98.26797058207583291 ) ) ;
#3477 = DIRECTION ( 'NONE',  ( 1.500332356076766180E-16, 1.000000000000000000, -0.000000000000000000 ) ) ;
#3478 = CARTESIAN_POINT ( 'NONE',  ( 32.49170014718951904, -8.239936510889833698E-15, -67.69295333030099471 ) ) ;
#3479 = CARTESIAN_POINT ( 'NONE',  ( 16.22062994236276978, -4.951717954028356239, 48.40381804630899865 ) ) ;
#3480 = CARTESIAN_POINT ( 'NONE',  ( 21.43685182154573710, -10.71800489315235794, 55.70632992071961098 ) ) ;
#3481 = CARTESIAN_POINT ( 'NONE',  ( 21.22924276958471879, -7.812416237035104238, 58.70185973139595603 ) ) ;
#3482 = CARTESIAN_POINT ( 'NONE',  ( 8.584165051147548908, -4.987329993433320396E-15, -37.54538362053255440 ) ) ;
#3483 = EDGE_CURVE ( 'NONE', #4974, #2189, #91, .T. ) ;
#3484 = VECTOR ( 'NONE', #7088, 1000.000000000000000 ) ;
#3485 = EDGE_LOOP ( 'NONE', ( #4485, #42, #1323, #6281 ) ) ;
#3486 = CARTESIAN_POINT ( 'NONE',  ( 172.5946464279482200, -4.645888274153376685, 29.27216136507513156 ) ) ;
#3487 = CARTESIAN_POINT ( 'NONE',  ( 110.7353179422847091, -4.000000000001743494, -92.62455561891938771 ) ) ;
#3488 = CARTESIAN_POINT ( 'NONE',  ( 3.444524398566867873, -36.80590967354241627, 12.47850682545460721 ) ) ;
#3489 = CIRCLE ( 'NONE', #3377, 104.0059769339612359 ) ;
#3490 = CARTESIAN_POINT ( 'NONE',  ( -18.00000000000001776, -32.69219843301097228, -25.25981253635748658 ) ) ;
#3491 = ADVANCED_FACE ( 'NONE', ( #4059 ), #3218, .F. ) ;
#3492 = CALENDAR_DATE ( 2026, 2, 6 ) ;
#3493 = CARTESIAN_POINT ( 'NONE',  ( 173.9145327995034052, -6.069522159602602329, -14.41883045552613218 ) ) ;
#3494 = ORGANIZATION ( 'UNSPECIFIED', 'UNSPECIFIED', '' ) ;
#3495 = CARTESIAN_POINT ( 'NONE',  ( 124.4867112316648701, 4.345915388601057011E-11, -83.08561845341084506 ) ) ;
#3496 = EDGE_CURVE ( 'NONE', #613, #4246, #2729, .T. ) ;
#3497 = CARTESIAN_POINT ( 'NONE',  ( 20.67852775700220036, -6.019811311244963825, -60.00627753363941252 ) ) ;
#3498 = CARTESIAN_POINT ( 'NONE',  ( 136.4662573148924309, -13.47642778113340967, -83.02248769112452464 ) ) ;
#3499 = CARTESIAN_POINT ( 'NONE',  ( 20.98090799550253038, -7.931515920817535203, 58.28816721829562653 ) ) ;
#3500 = PRODUCT_DEFINITION ( 'UNKNOWN', '', #3384, #7073 ) ;
#3501 = CARTESIAN_POINT ( 'NONE',  ( 19.50411322225250643, -4.074905316813454803, 60.73456483540510220 ) ) ;
#3502 = CARTESIAN_POINT ( 'NONE',  ( 24.07138946551256709, -25.59566965216300716, 26.52678768839916046 ) ) ;
#3503 = CARTESIAN_POINT ( 'NONE',  ( 24.06887918949447425, -30.07769709141183867, -10.21116294606910202 ) ) ;
#3504 = CARTESIAN_POINT ( 'NONE',  ( 87.47455913942026484, -4.132239329379814308, -93.69907218907393087 ) ) ;
#3505 = CARTESIAN_POINT ( 'NONE',  ( 168.4302001018981514, -2.821632733980098656E-14, 45.48441082684263392 ) ) ;
#3506 = CARTESIAN_POINT ( 'NONE',  ( 69.65500000000008640, -58.93658393131477169, -4.101342130344464902E-15 ) ) ;
#3507 = CARTESIAN_POINT ( 'NONE',  ( -2.437141987694123380, -5.014288615244199221, -59.19777347567892178 ) ) ;
#3508 = CARTESIAN_POINT ( 'NONE',  ( 19.73699553874580559, -1.563855794543672184, 52.84073065955627158 ) ) ;
#3509 = CARTESIAN_POINT ( 'NONE',  ( 18.68896616719822035, -0.3910558786964518641, 53.99236870681222911 ) ) ;
#3510 = CARTESIAN_POINT ( 'NONE',  ( 16.43773530742930333, -4.203127362210959284, 51.82501574790590837 ) ) ;
#3511 = CARTESIAN_POINT ( 'NONE',  ( 18.11487688709111765, -5.268939197921278073, 57.00821460866271195 ) ) ;
#3512 = CARTESIAN_POINT ( 'NONE',  ( 19.39467587549157557, -1.063128322889710820, -53.46257403426138666 ) ) ;
#3513 = CARTESIAN_POINT ( 'NONE',  ( 50.62430175256936593, -4.218320082235369028, -83.59057083392946197 ) ) ;
#3514 = CARTESIAN_POINT ( 'NONE',  ( 131.5670237457934775, -4.867954445020331811, 77.67900369570445207 ) ) ;
#3515 = CARTESIAN_POINT ( 'NONE',  ( 18.35967554731875850, -0.0001033350923754869382, -54.78886457602400384 ) ) ;
#3516 = DIRECTION ( 'NONE',  ( -0.02335832554236995720, 0.6688949264959698215, -0.7429898827950538465 ) ) ;
#3517 = CARTESIAN_POINT ( 'NONE',  ( 86.44258576179470310, -1.734723475976807094E-14, -86.53576665203863172 ) ) ;
#3518 = EDGE_LOOP ( 'NONE', ( #3118, #3629, #2619, #6238 ) ) ;
#3519 = ORIENTED_EDGE ( 'NONE', *, *, #5037, .F. ) ;
#3520 = CARTESIAN_POINT ( 'NONE',  ( 21.41724825938688426, -9.118496814499279068, 57.48435728121606303 ) ) ;
#3521 = CARTESIAN_POINT ( 'NONE',  ( 16.20810114580773842, -3.650032128652098695, 51.11392096350054715 ) ) ;
#3522 = CARTESIAN_POINT ( 'NONE',  ( 56.96418463718783443, -1.019150042136374168E-14, 84.01758048295837966 ) ) ;
#3523 = CARTESIAN_POINT ( 'NONE',  ( -6.781729618141691063, -41.88141998576816150, 5.946466787797683118 ) ) ;
#3524 = CARTESIAN_POINT ( 'NONE',  ( 47.71617132163892450, -4.372592955110754964, -81.68129320908954583 ) ) ;
#3525 = CARTESIAN_POINT ( 'NONE',  ( 180.0330935469782219, -4.000000000000829559, -15.42029108356925704 ) ) ;
#3526 = CARTESIAN_POINT ( 'NONE',  ( 20.00000000000000000, 0.000000000000000000, 0.000000000000000000 ) ) ;
#3527 = CARTESIAN_POINT ( 'NONE',  ( 70.17317854951268430, 2.925915058889510525E-11, 84.86107545263020313 ) ) ;
#3528 = VERTEX_POINT ( 'NONE', #5010 ) ;
#3529 = FACE_OUTER_BOUND ( 'NONE', #1127, .T. ) ;
#3530 = CALENDAR_DATE ( 2026, 2, 6 ) ;
#3531 = CARTESIAN_POINT ( 'NONE',  ( 150.1021908169651908, -6.176791056162737270, -61.38189409792175155 ) ) ;
#3532 = CARTESIAN_POINT ( 'NONE',  ( 41.07373062740808223, -8.673617379884033894E-15, -74.91419543171789996 ) ) ;
#3533 = CARTESIAN_POINT ( 'NONE',  ( 145.9398137131960596, -4.000000000000024869, 71.32570073885376871 ) ) ;
#3534 = CARTESIAN_POINT ( 'NONE',  ( 18.70996703290063223, -31.58140437854546079, -39.95044092772075572 ) ) ;
#3535 = B_SPLINE_CURVE_WITH_KNOTS ( 'NONE', 3,
 ( #3563, #1819, #6827, #721, #4006, #5846, #165, #6276, #1751, #794, #1230, #2417 ),
 .UNSPECIFIED., .F., .F.,
 ( 4, 2, 2, 2, 2, 4 ),
 ( 1.809943117312399324E-17, 0.001021938232851504367, 0.002043876465702990954, 0.003065814698554476889, 0.003576783814980219640, 0.004087752931405961958 ),
 .UNSPECIFIED. ) ;
#3536 = CARTESIAN_POINT ( 'NONE',  ( 17.83029351415813579, -6.038388228184606632, 54.96103795012481896 ) ) ;
#3537 = CARTESIAN_POINT ( 'NONE',  ( 17.12229556652519946, -4.116157822719516801, 56.46418820346060130 ) ) ;
#3538 = CARTESIAN_POINT ( 'NONE',  ( 42.40893209317441404, -33.22972007004624118, 72.71224217743802853 ) ) ;
#3539 = CARTESIAN_POINT ( 'NONE',  ( 24.07079593201661538, -26.67606287511277685, -23.56302257780068388 ) ) ;
#3540 = CARTESIAN_POINT ( 'NONE',  ( 170.6600350172498679, -4.038191720401919760, 39.71788288435372749 ) ) ;
#3541 = CARTESIAN_POINT ( 'NONE',  ( 172.5637146913566937, -2.883649190808900237E-14, 37.76699255911577779 ) ) ;
#3542 = CARTESIAN_POINT ( 'NONE',  ( 172.8000000000000114, -2.750000000000025757, 172.8000000000000114 ) ) ;
#3543 = CARTESIAN_POINT ( 'NONE',  ( 16.40586941357662099, -30.43090674949279162, -29.85097448949274579 ) ) ;
#3544 = CARTESIAN_POINT ( 'NONE',  ( 18.92192273168050676, -0.5811756265868560645, 56.40919006930993618 ) ) ;
#3545 = CARTESIAN_POINT ( 'NONE',  ( 19.18777029792839528, -0.7879508188635191424, 54.31555138110053349 ) ) ;
#3546 = CARTESIAN_POINT ( 'NONE',  ( 21.37458697466117385, -8.386032502726791904, 58.24187943090216635 ) ) ;
#3547 = CARTESIAN_POINT ( 'NONE',  ( 20.15827240414213506, -5.438124028193827897, 60.03133848149229834 ) ) ;
#3548 = CARTESIAN_POINT ( 'NONE',  ( 17.63520893485897290, 0.2077195991178889256, -55.69053403099438526 ) ) ;
#3549 = CARTESIAN_POINT ( 'NONE',  ( 131.3050111462860627, -4.372860968685505334, -81.74339008325492273 ) ) ;
#3550 = CARTESIAN_POINT ( 'NONE',  ( 173.5650864875181014, -5.454895935669112461, -21.20344913447180701 ) ) ;
#3551 = B_SPLINE_CURVE_WITH_KNOTS ( 'NONE', 2,
 ( #6796, #1755, #3867 ),
 .UNSPECIFIED., .F., .F.,
 ( 3, 3 ),
 ( 0.9243605191152802769, 1.000000000000000000 ),
 .UNSPECIFIED. ) ;
#3552 = CARTESIAN_POINT ( 'NONE',  ( 18.43216133819916180, -0.3088579340405324669, -52.11587638472509099 ) ) ;
#3553 = CARTESIAN_POINT ( 'NONE',  ( 17.63477461693871007, -5.592001739456226968E-15, 51.17351819042914229 ) ) ;
#3554 = CARTESIAN_POINT ( 'NONE',  ( 44.58884204946429719, -5.254923277634310486E-11, -75.76455500065648607 ) ) ;
#3555 = ORIENTED_EDGE ( 'NONE', *, *, #2178, .T. ) ;
#3556 = CARTESIAN_POINT ( 'NONE',  ( 18.82895165306525342, -7.590337641397508328, 55.37307331204743832 ) ) ;
#3557 = CARTESIAN_POINT ( 'NONE',  ( 21.11407915350619291, -7.352126831675925622, 59.07038782171577651 ) ) ;
#3558 = CARTESIAN_POINT ( 'NONE',  ( 168.9119548276937905, -2.949029909160572061E-14, 51.84982431714588103 ) ) ;
#3559 = CARTESIAN_POINT ( 'NONE',  ( 5.951618630069050120, -41.78706642526858417, 6.776572600623023135 ) ) ;
#3560 = CARTESIAN_POINT ( 'NONE',  ( 101.2106471209313270, -4.736103689387330284, -90.39841834820167321 ) ) ;
#3561 = CARTESIAN_POINT ( 'NONE',  ( 110.0789998454299763, -4.000000000000019540, 88.01476018217553587 ) ) ;
#3562 = CARTESIAN_POINT ( 'NONE',  ( 30.09501442682703143, -2.546306542867499800, 48.33337043175458092 ) ) ;
#3563 = CARTESIAN_POINT ( 'NONE',  ( 0.9695979173690166819, -6.037870801710911793E-15, -61.79999999999998295 ) ) ;
#3564 = EDGE_LOOP ( 'NONE', ( #2301, #6381, #1611 ) ) ;
#3565 = CARTESIAN_POINT ( 'NONE',  ( 18.80454038434189457, -11.49418933869567816, 50.66524849711588274 ) ) ;
#3566 = CARTESIAN_POINT ( 'NONE',  ( 174.1072369231515893, -5.193855434813591465, -21.33306846574957305 ) ) ;
#3567 = APPLICATION_PROTOCOL_DEFINITION ( 'international standard', 'config_control_design', 1994, #5664 ) ;
#3568 = CARTESIAN_POINT ( 'NONE',  ( 172.5519115604370199, -6.088828055166242592, -20.96476919267287897 ) ) ;
#3569 = CARTESIAN_POINT ( 'NONE',  ( 34.29591620600949398, -2.750000000000004885, -68.92114662415896476 ) ) ;
#3570 = CARTESIAN_POINT ( 'NONE',  ( -8.709651441288219331, -38.18326688255284296, -2.342674972175447845 ) ) ;
#3571 = CARTESIAN_POINT ( 'NONE',  ( 24.66999303061508186, -37.01303407287550584, 5.551115123125782702E-14 ) ) ;
#3572 = CARTESIAN_POINT ( 'NONE',  ( 21.26761115090202026, -8.035342407598955461, 58.50367011580254228 ) ) ;
#3573 = CARTESIAN_POINT ( 'NONE',  ( 16.46691185206846342, -3.774501594970062435, 54.24121459992278460 ) ) ;
#3574 = CARTESIAN_POINT ( 'NONE',  ( 40.04354083764199146, -50.78462308660627400, 26.08026258266924202 ) ) ;
#3575 = CARTESIAN_POINT ( 'NONE',  ( 20.83836808834928789, -24.00772092239651911, -22.54457880843737172 ) ) ;
#3576 = EDGE_CURVE ( 'NONE', #3074, #2338, #536, .T. ) ;
#3577 = CARTESIAN_POINT ( 'NONE',  ( 53.56927281726238732, -4.090390642742284477, -85.58490917233916662 ) ) ;
#3578 = CARTESIAN_POINT ( 'NONE',  ( 179.8425626140283100, -2.992856101342363458E-14, 15.50968477963385261 ) ) ;
#3579 = CARTESIAN_POINT ( 'NONE',  ( 19.36923431996594047, -37.02513662680779305, -11.46786997515141771 ) ) ;
#3580 = CARTESIAN_POINT ( 'NONE',  ( 16.20992353498657224, -6.081243777632818315, 44.93770437297182241 ) ) ;
#3581 = CARTESIAN_POINT ( 'NONE',  ( 135.2517611552248411, -3.430911900466278031, 88.52706923317433052 ) ) ;
#3582 = EDGE_LOOP ( 'NONE', ( #5074, #1382, #2862 ) ) ;
#3583 = CARTESIAN_POINT ( 'NONE',  ( 21.15424757029627045, -8.402019330776804296, 57.97272520230889370 ) ) ;
#3584 = CARTESIAN_POINT ( 'NONE',  ( 19.89686848702121935, -5.413195946208420928, 59.74656257860714703 ) ) ;
#3585 = CARTESIAN_POINT ( 'NONE',  ( 19.22321455831141179, 1.286960705806133642, -58.71800623924963958 ) ) ;
#3586 = CARTESIAN_POINT ( 'NONE',  ( 60.15034940353851312, -4.284482272481464626, -87.61763041040032363 ) ) ;
#3587 = CARTESIAN_POINT ( 'NONE',  ( 123.6031365260865869, -5.528850845652234725, -81.85600158978589036 ) ) ;
#3588 = CARTESIAN_POINT ( 'NONE',  ( 19.24377506993603859, -0.8972069645910422109, -53.48594867370827188 ) ) ;
#3589 = CARTESIAN_POINT ( 'NONE',  ( 17.73924678745041206, -5.607676037229053064E-15, 51.92506428075913760 ) ) ;
#3590 = EDGE_CURVE ( 'NONE', #2856, #4109, #4590, .T. ) ;
#3591 = CARTESIAN_POINT ( 'NONE',  ( 172.8000000000000114, -6.727869985394201644E-11, -4.845691241351982370 ) ) ;
#3592 = ORIENTED_EDGE ( 'NONE', *, *, #5394, .F. ) ;
#3593 = ORIENTED_EDGE ( 'NONE', *, *, #1324, .F. ) ;
#3594 = CARTESIAN_POINT ( 'NONE',  ( 16.94041562312997939, -5.458585006933393657, 52.69676865178600167 ) ) ;
#3595 = CARTESIAN_POINT ( 'NONE',  ( 21.12852243366869587, -7.356212649551437721, 59.08198324581740479 ) ) ;
#3596 = CARTESIAN_POINT ( 'NONE',  ( 12.59496249260869050, -38.11629232612464335, 3.248360401586112722 ) ) ;
#3597 = CARTESIAN_POINT ( 'NONE',  ( 8.698638991810804910, -42.19117814708648240, 2.328282331605913136 ) ) ;
#3598 = CARTESIAN_POINT ( 'NONE',  ( 87.43565074420465066, -4.709336501420415821, -91.31668541689386132 ) ) ;
#3599 = CARTESIAN_POINT ( 'NONE',  ( 50.30814953937133538, -4.000000000000007105, -84.51672240383035728 ) ) ;
#3600 = AXIS2_PLACEMENT_3D ( 'NONE', #940, #433, #394 ) ;
#3601 = CARTESIAN_POINT ( 'NONE',  ( 16.50156815147983735, -14.43285288401786914, 44.65789503423312112 ) ) ;
#3602 = CARTESIAN_POINT ( 'NONE',  ( 20.17261264243559182, -5.046559888835563612, 60.46059834866773031 ) ) ;
#3603 = CARTESIAN_POINT ( 'NONE',  ( 20.89030447808784885, -13.45524580266647874, 51.74521974136503388 ) ) ;
#3604 = AXIS2_PLACEMENT_3D ( 'NONE', #2310, #2755, #5109 ) ;
#3605 = CARTESIAN_POINT ( 'NONE',  ( 151.4164465747697079, -5.241431834496752096, -62.64222713385712638 ) ) ;
#3606 = CARTESIAN_POINT ( 'NONE',  ( 54.44746384477645051, -5.407332959114459214, -83.50262575487661820 ) ) ;
#3607 = VERTEX_POINT ( 'NONE', #2434 ) ;
#3608 = CARTESIAN_POINT ( 'NONE',  ( 41.69263598139237104, -2.749999999998837374, -73.95549898230530061 ) ) ;
#3609 = AXIS2_PLACEMENT_3D ( 'NONE', #1846, #79, #5686 ) ;
#3610 = CARTESIAN_POINT ( 'NONE',  ( -8.202114658179247897, -38.07747039622993412, -3.716392819386440838 ) ) ;
#3611 = CARTESIAN_POINT ( 'NONE',  ( 87.23394048489873853, -7.398014790541395769, -88.01182903107080335 ) ) ;
#3612 = CARTESIAN_POINT ( 'NONE',  ( 20.32249054195126448, -7.659927712645526299, 57.75094898334074855 ) ) ;
#3613 = CARTESIAN_POINT ( 'NONE',  ( 19.58593962509565856, -4.060069770958555146, 60.84156032279678072 ) ) ;
#3614 = CARTESIAN_POINT ( 'NONE',  ( 34.52997485881822115, -20.95902901126087770, 85.73526420871939990 ) ) ;
#3615 = CARTESIAN_POINT ( 'NONE',  ( 20.82834639370394214, -23.72073713599800726, 23.44818360536818247 ) ) ;
#3616 = CARTESIAN_POINT ( 'NONE',  ( 52.01446944745477907, -4.085475465385457028, -84.81631442165409851 ) ) ;
#3617 = CARTESIAN_POINT ( 'NONE',  ( 181.4880962699871247, -3.017544575212844618E-14, -0.1246190585517034100 ) ) ;
#3618 = DIRECTION ( 'NONE',  ( 1.500332356076765934E-16, 1.000000000000000000, 0.000000000000000000 ) ) ;
#3619 = CARTESIAN_POINT ( 'NONE',  ( 19.83594072181523060, -4.523279944417819998, -60.63437260078998037 ) ) ;
#3620 = CARTESIAN_POINT ( 'NONE',  ( 45.12114550256207934, -51.13139327542298673, -24.18059312567870478 ) ) ;
#3621 = CARTESIAN_POINT ( 'NONE',  ( 17.82308293067361404, -6.253071843687055598, 54.61093068486928104 ) ) ;
#3622 = CARTESIAN_POINT ( 'NONE',  ( 16.75416002039858299, -4.270921323344146536, 54.24678837963018907 ) ) ;
#3623 = CARTESIAN_POINT ( 'NONE',  ( 18.73991506252462713, -0.4853593612498253163, -52.87737061307244346 ) ) ;
#3624 = CARTESIAN_POINT ( 'NONE',  ( 63.44368077113607285, -4.298609722299479685, -88.70341922085322039 ) ) ;
#3625 = B_SPLINE_CURVE_WITH_KNOTS ( 'NONE', 3,
 ( #7276, #1678, #2229, #2151 ),
 .UNSPECIFIED., .F., .F.,
 ( 4, 4 ),
 ( 0.06589838354734040005, 0.06813330043595802743 ),
 .UNSPECIFIED. ) ;
#3626 = CARTESIAN_POINT ( 'NONE',  ( -0.01451761088274443681, -5.556286859527576283, -58.89509508611772048 ) ) ;
#3627 = CARTESIAN_POINT ( 'NONE',  ( 16.60460243316814655, -3.999999999999981792, 54.30435131961625217 ) ) ;
#3628 = CARTESIAN_POINT ( 'NONE',  ( 9.813613405823641500, -4.119968255444916849E-15, 42.39472947043136486 ) ) ;
#3629 = ORIENTED_EDGE ( 'NONE', *, *, #1602, .T. ) ;
#3630 = CARTESIAN_POINT ( 'NONE',  ( 16.59765707717297190, -5.020053153518612810, 51.25195473725583639 ) ) ;
#3631 = CARTESIAN_POINT ( 'NONE',  ( 16.67313212315126236, -4.428509353083729394, 53.20461097069203760 ) ) ;
#3632 = CARTESIAN_POINT ( 'NONE',  ( 10.62750988299725918, -37.66278066884741804, 7.499230011606439206 ) ) ;
#3633 = CARTESIAN_POINT ( 'NONE',  ( 164.8475589654441933, -4.729972939690060052, -47.06835882414927141 ) ) ;
#3634 = CARTESIAN_POINT ( 'NONE',  ( 164.0684966907885496, -4.000000000000027534, 52.13798011138629818 ) ) ;
#3635 = VERTEX_POINT ( 'NONE', #2989 ) ;
#3636 = CARTESIAN_POINT ( 'NONE',  ( -12.99840399442346950, -38.31026286157669603, 0.07350942406776216076 ) ) ;
#3637 = CARTESIAN_POINT ( 'NONE',  ( -2.754631849158692525, -3.619088264301161928, 59.95674323183882137 ) ) ;
#3638 = CARTESIAN_POINT ( 'NONE',  ( 16.07050888805968825, -5.599992870272710199, 46.93705838606295799 ) ) ;
#3639 = EDGE_CURVE ( 'NONE', #5692, #2992, #1589, .T. ) ;
#3640 = CARTESIAN_POINT ( 'NONE',  ( 135.7099473441134307, -5.250723583034966779, -75.65331813192396737 ) ) ;
#3641 = CARTESIAN_POINT ( 'NONE',  ( 168.5507879217274478, -6.122336467159111173, -33.71965629545310605 ) ) ;
#3642 = CARTESIAN_POINT ( 'NONE',  ( 143.7254650428323544, 2.483550443883574309E-11, -71.10969275683341095 ) ) ;
#3643 = CARTESIAN_POINT ( 'NONE',  ( 2.029071946835928841, -37.47769655533098643, -8.773263896729133648 ) ) ;
#3644 = CARTESIAN_POINT ( 'NONE',  ( 177.2054173116142124, -4.843351673694533233, -51.29828816111186285 ) ) ;
#3645 = CARTESIAN_POINT ( 'NONE',  ( 21.08248649326478485, -7.866728509944449499, 58.47740472285700264 ) ) ;
#3646 = LINE ( 'NONE', #5920, #70 ) ;
#3647 = CARTESIAN_POINT ( 'NONE',  ( 104.6814343179370894, -56.13001623236043969, 31.70761288909760722 ) ) ;
#3648 = CARTESIAN_POINT ( 'NONE',  ( 20.90404080572715628, -25.88834149125987949, 16.53663864943406026 ) ) ;
#3649 = CARTESIAN_POINT ( 'NONE',  ( 154.7662942045101886, -4.045552844400200243, -65.87149610656366860 ) ) ;
#3650 = CARTESIAN_POINT ( 'NONE',  ( 133.4616038863229335, -2.296987570491987541E-14, 79.18808328769654281 ) ) ;
#3651 = CARTESIAN_POINT ( 'NONE',  ( 135.5894358757899454, -46.26423665171378019, 6.023968519715016322E-15 ) ) ;
#3652 = DIRECTION ( 'NONE',  ( -1.500332356076765934E-16, -1.000000000000000000, 0.000000000000000000 ) ) ;
#3653 = CARTESIAN_POINT ( 'NONE',  ( 69.04698232559303506, -53.01288504816876923, -10.16516240569587737 ) ) ;
#3654 = CARTESIAN_POINT ( 'NONE',  ( 21.34125250756753900, -8.373530613328275862, 58.21825999881715319 ) ) ;
#3655 = CARTESIAN_POINT ( 'NONE',  ( 16.44529585031609287, -3.887261811969630276, 53.27000138305749743 ) ) ;
#3656 = CARTESIAN_POINT ( 'NONE',  ( 17.30630349009177138, 2.538273729912647880, -57.82248536608493339 ) ) ;
#3657 = CARTESIAN_POINT ( 'NONE',  ( 106.5746219695410133, -4.066611086883670900, 88.32663098476967889 ) ) ;
#3658 = CARTESIAN_POINT ( 'NONE',  ( 0.1973045651314766225, -5.647083999756316253, -58.84398416346855498 ) ) ;
#3659 = CARTESIAN_POINT ( 'NONE',  ( 4.105920607259005983, -7.154701562547717053, 53.31125341865909917 ) ) ;
#3660 = CARTESIAN_POINT ( 'NONE',  ( 182.1032365471835419, -3.122502256758252770E-14, 27.59449124408359921 ) ) ;
#3661 = VERTEX_POINT ( 'NONE', #5893 ) ;
#3662 = ORIENTED_EDGE ( 'NONE', *, *, #7145, .T. ) ;
#3663 = CARTESIAN_POINT ( 'NONE',  ( 20.62819411884171927, -8.737571132785536321, 56.93602021621734366 ) ) ;
#3664 = CARTESIAN_POINT ( 'NONE',  ( 20.74667190549070739, -7.241543857556830055, 58.76845744768156976 ) ) ;
#3665 = CARTESIAN_POINT ( 'NONE',  ( 165.1908887529519063, -2.775557561562891351E-14, -70.35834367570012660 ) ) ;
#3666 = CARTESIAN_POINT ( 'NONE',  ( 111.3487696227284545, -4.744845545236234585, -88.17775990332680180 ) ) ;
#3667 = CARTESIAN_POINT ( 'NONE',  ( 68.16581934675795651, -4.000000000000370370, -91.85012792744998933 ) ) ;
#3668 = CARTESIAN_POINT ( 'NONE',  ( -12.81874942237582005, -38.19571856105949337, 2.138841742999959106 ) ) ;
#3669 = CARTESIAN_POINT ( 'NONE',  ( -2.822277513883760580, -4.111453001252420414, 59.69215464423276529 ) ) ;
#3670 = CARTESIAN_POINT ( 'NONE',  ( 15.99157775877420740, -4.386433459184725159, 46.09725725254482853 ) ) ;
#3671 = CARTESIAN_POINT ( 'NONE',  ( 44.80989826638513307, -4.492195347923506610, -79.92821299980236915 ) ) ;
#3672 = CARTESIAN_POINT ( 'NONE',  ( 94.15575721198504766, -5.791857963926692499, -88.80080349211905855 ) ) ;
#3673 = CARTESIAN_POINT ( 'NONE',  ( 21.61204572451092787, -5.029846896321985561, -62.01797256737379627 ) ) ;
#3674 = CARTESIAN_POINT ( 'NONE',  ( 153.1231836953348306, -2.697005529302900060E-14, -69.95491259800255079 ) ) ;
#3675 = CARTESIAN_POINT ( 'NONE',  ( -3.728210400330035146, -37.56398504024055995, -8.196806835112203871 ) ) ;
#3676 = EDGE_CURVE ( 'NONE', #3002, #5904, #1502, .T. ) ;
#3677 = CARTESIAN_POINT ( 'NONE',  ( 35.89242635883921650, -8.826899658326441411, -87.46021852730149249 ) ) ;
#3678 = CARTESIAN_POINT ( 'NONE',  ( 16.43239341689745103, -4.086228085943695909, 52.17196446230558848 ) ) ;
#3679 = CARTESIAN_POINT ( 'NONE',  ( 16.40191923749735636, -3.786428940595433001, 53.41645423271966564 ) ) ;
#3680 = CARTESIAN_POINT ( 'NONE',  ( 32.97019672232293885, -47.26221975847405332, 30.05974408747957227 ) ) ;
#3681 = CARTESIAN_POINT ( 'NONE',  ( 24.03494852745399868, -10.13791817889950231, 51.72333343083322177 ) ) ;
#3682 = CARTESIAN_POINT ( 'NONE',  ( 56.66067201021530764, -4.032001801549896847, -87.30126526706929724 ) ) ;
#3683 = CARTESIAN_POINT ( 'NONE',  ( 117.2752326564203997, -2.054138205655060209E-14, 86.02928293347089550 ) ) ;
#3684 = CARTESIAN_POINT ( 'NONE',  ( 18.03378740889847265, -33.96998045064306382, -22.33326859244652240 ) ) ;
#3685 = CARTESIAN_POINT ( 'NONE',  ( -22.00000000000000355, 2.173762880958027708E-15, -61.79999999999999716 ) ) ;
#3686 = CARTESIAN_POINT ( 'NONE',  ( 148.1300069693849082, -37.01303407287552005, 7.559745544640103353E-15 ) ) ;
#3687 = CARTESIAN_POINT ( 'NONE',  ( 16.40226881603392073, -4.095007514809200444, 51.78205307816270420 ) ) ;
#3688 = CARTESIAN_POINT ( 'NONE',  ( 16.46297769775333464, -3.867585700458980646, 53.59070662325108714 ) ) ;
#3689 = CARTESIAN_POINT ( 'NONE',  ( 18.14598293059554379, -0.1815864188116977640, -51.19806508249324395 ) ) ;
#3690 = CARTESIAN_POINT ( 'NONE',  ( 177.6115547105557653, -4.220582585969025580, -18.57273904090808259 ) ) ;
#3691 = CARTESIAN_POINT ( 'NONE',  ( 71.80183058181164313, -1.371886040920820982E-14, -93.26836238035781435 ) ) ;
#3692 = CARTESIAN_POINT ( 'NONE',  ( 17.16728899189363133, -3.999999999999999112, 56.87164292590905035 ) ) ;
#3693 =( BOUNDED_SURFACE ( )  B_SPLINE_SURFACE ( 3, 2, ( 
 ( #1663, #7114, #6556 ),
 ( #3808, #3770, #998 ),
 ( #2849, #5056, #1104 ),
 ( #4028, #149, #2400 ),
 ( #2926, #6299, #5167 ),
 ( #74, #113, #4646 ),
 ( #1842, #6849, #2812 ),
 ( #3368, #2884, #2251 ),
 ( #3437, #3473, #2361 ),
 ( #6263, #5718, #631 ),
 ( #1738, #5091, #5682 ),
 ( #6228, #4063, #1213 ),
 ( #4612, #4502, #2963 ),
 ( #1805, #6889, #34 ),
 ( #2286, #1257, #6739 ),
 ( #6152, #595, #7297 ),
 ( #4539, #6777, #2327 ),
 ( #3992, #669, #5202 ),
 ( #1179, #1699, #5756 ),
 ( #3512, #704, #5609 ),
 ( #560, #6812, #3955 ),
 ( #5129, #6195, #1143 ),
 ( #3403, #5645, #4575 ),
 ( #1770, #5792, #3585 ),
 ( #4754, #6438, #1365 ),
 ( #4171, #5237, #1397 ),
 ( #2996, #3138, #1291 ),
 ( #3623, #227, #5311 ),
 ( #5866, #3548, #4103 ),
 ( #6994, #4720, #3656 ),
 ( #6403, #7031, #5898 ),
 ( #6367, #5829, #778 ),
 ( #3689, #6961, #1432 ),
 ( #1949, #1986, #5930 ),
 ( #741, #2439, #847 ),
 ( #3101, #5345, #4137 ),
 ( #814, #2509, #1879 ),
 ( #189, #3069, #4684 ),
 ( #4790, #1327, #262 ),
 ( #4239, #6471, #4205 ) ),
 .UNSPECIFIED., .F., .F., .F. ) 
 B_SPLINE_SURFACE_WITH_KNOTS ( ( 4, 2, 2, 2, 2, 2, 2, 2, 2, 2, 2, 2, 2, 2, 2, 2, 2, 2, 2, 4 ),
 ( 3, 3 ),
 ( 0.1283027240200144969, 0.1313791165809507500, 0.1329173128614188626, 0.1344555091418869752, 0.1352246072821210454, 0.1354168818171795630, 0.1356091563522380805, 0.1359937054223550879, 0.1375319017028232005, 0.1383009998430572707, 0.1390700979832913131, 0.1406082942637594257, 0.1413773924039934959, 0.1421464905442275384, 0.1429155886844615808, 0.1436846868246956510, 0.1467610793856319040, 0.1482992756661000167, 0.1498374719465681570, 0.1529138645075043823 ),
 ( 0.000000000000000000, 1.000000000000000000 ),
 .UNSPECIFIED. ) 
 GEOMETRIC_REPRESENTATION_ITEM ( )  RATIONAL_B_SPLINE_SURFACE ( (
 ( 1.000000000000000000, 0.9021064431188247079, 1.000000000000000000),
 ( 1.000000000000000000, 0.9100732848522047336, 1.000000000000000000),
 ( 1.000000000000000000, 0.9176493539669059452, 1.000000000000000000),
 ( 1.000000000000000000, 0.9281877813069214778, 1.000000000000000000),
 ( 1.000000000000000000, 0.9315703727373055854, 1.000000000000000000),
 ( 1.000000000000000000, 0.9379554404259032863, 1.000000000000000000),
 ( 1.000000000000000000, 0.9409107372374910794, 1.000000000000000000),
 ( 1.000000000000000000, 0.9449233604516925622, 1.000000000000000000),
 ( 1.000000000000000000, 0.9461905448150420561, 1.000000000000000000),
 ( 1.000000000000000000, 0.9476766486405963086, 1.000000000000000000),
 ( 1.000000000000000000, 0.9479689645149084187, 1.000000000000000000),
 ( 1.000000000000000000, 0.9485434903200767875, 1.000000000000000000),
 ( 1.000000000000000000, 0.9488254163857700041, 1.000000000000000000),
 ( 1.000000000000000000, 0.9496577528953528136, 1.000000000000000000),
 ( 1.000000000000000000, 0.9501961949227872850, 1.000000000000000000),
 ( 1.000000000000000000, 0.9527850652508077500, 1.000000000000000000),
 ( 1.000000000000000000, 0.9545014959518985931, 1.000000000000000000),
 ( 1.000000000000000000, 0.9564662828328059918, 1.000000000000000000),
 ( 1.000000000000000000, 0.9570191186647959425, 1.000000000000000000),
 ( 1.000000000000000000, 0.9579005818648224091, 1.000000000000000000),
 ( 1.000000000000000000, 0.9582256291908466395, 1.000000000000000000),
 ( 1.000000000000000000, 0.9588255150597756460, 1.000000000000000000),
 ( 1.000000000000000000, 0.9587385197353587296, 1.000000000000000000),
 ( 1.000000000000000000, 0.9578610638213700401, 1.000000000000000000),
 ( 1.000000000000000000, 0.9574397806084417040, 1.000000000000000000),
 ( 1.000000000000000000, 0.9563660023336747473, 1.000000000000000000),
 ( 1.000000000000000000, 0.9557142650817747054, 1.000000000000000000),
 ( 1.000000000000000000, 0.9541959839181226588, 1.000000000000000000),
 ( 1.000000000000000000, 0.9533294030818542097, 1.000000000000000000),
 ( 1.000000000000000000, 0.9513927323656973245, 1.000000000000000000),
 ( 1.000000000000000000, 0.9503170938739532447, 1.000000000000000000),
 ( 1.000000000000000000, 0.9445433108429878155, 1.000000000000000000),
 ( 1.000000000000000000, 0.9386775549421756404, 1.000000000000000000),
 ( 1.000000000000000000, 0.9285899785952697050, 1.000000000000000000),
 ( 1.000000000000000000, 0.9250508623793726182, 1.000000000000000000),
 ( 1.000000000000000000, 0.9177348261005766616, 1.000000000000000000),
 ( 1.000000000000000000, 0.9139495918634800153, 1.000000000000000000),
 ( 1.000000000000000000, 0.9022808358561918984, 1.000000000000000000),
 ( 1.000000000000000000, 0.8940832493512994583, 1.000000000000000000),
 ( 1.000000000000000000, 0.8856040769237691901, 1.000000000000000000) ) ) 
 REPRESENTATION_ITEM ( '' )  SURFACE ( )  );
#3694 = CARTESIAN_POINT ( 'NONE',  ( 124.3810751481120747, -2.081668171172168513E-14, -99.40077444322332667 ) ) ;
#3695 = EDGE_LOOP ( 'NONE', ( #749, #5665 ) ) ;
#3696 = ORIENTED_EDGE ( 'NONE', *, *, #430, .F. ) ;
#3697 = ORIENTED_EDGE ( 'NONE', *, *, #4664, .T. ) ;
#3698 = CARTESIAN_POINT ( 'NONE',  ( 21.47848624088414482, -8.941953357549685677, 57.74936695685979515 ) ) ;
#3699 = CARTESIAN_POINT ( 'NONE',  ( 20.80175506762781268, -6.408757974861202911, 59.72527515244127727 ) ) ;
#3700 = CARTESIAN_POINT ( 'NONE',  ( 125.7701606233306251, -2.081668171172168513E-14, -98.85565219164327289 ) ) ;
#3701 = CARTESIAN_POINT ( 'NONE',  ( 175.9114133050216822, -4.497438011240079803, 19.47105048740062827 ) ) ;
#3702 = CARTESIAN_POINT ( 'NONE',  ( 99.92050280506163062, -4.000000000000017764, 89.67861531197199554 ) ) ;
#3703 = LINE ( 'NONE', #2521, #5605 ) ;
#3704 = B_SPLINE_CURVE_WITH_KNOTS ( 'NONE', 3,
 ( #4378, #545, #5554, #1570, #1501, #1536, #1018, #3276, #2643, #3868, #5518, #4893, #2796, #5992, #472, #2715, #4927, #7205, #946, #5041 ),
 .UNSPECIFIED., .F., .F.,
 ( 4, 2, 2, 2, 2, 2, 2, 2, 2, 4 ),
 ( 0.02376457727621571897, 0.04693765981765406214, 0.07011074235909241226, 0.1164569074419689876, 0.1628030725248457988, 0.2091492376077225823, 0.2554954026905993381, 0.3018415677734760938, 0.3481877328563529050, 0.3945338979392296608 ),
 .UNSPECIFIED. ) ;
#3705 = DIRECTION ( 'NONE',  ( -0.000000000000000000, -1.224646799147353454E-16, 1.000000000000000000 ) ) ;
#3706 = CARTESIAN_POINT ( 'NONE',  ( 21.33183953634873475, -13.77995864831995476, 51.91172389318927571 ) ) ;
#3707 = CARTESIAN_POINT ( 'NONE',  ( 55.74108362660184213, -4.854916125544879613, -84.66830773468458915 ) ) ;
#3708 = CARTESIAN_POINT ( 'NONE',  ( 123.3408503613536311, -5.846097200089455548, -81.27944349850166361 ) ) ;
#3709 = CARTESIAN_POINT ( 'NONE',  ( 21.60385768704936638, -9.089757217434176084, -57.73774399562319815 ) ) ;
#3710 = CARTESIAN_POINT ( 'NONE',  ( 35.28846185944674829, -8.462661044562744604E-15, -73.76384078356970520 ) ) ;
#3711 = CARTESIAN_POINT ( 'NONE',  ( 7.795954425075176886, -38.00491890707722575, -4.535235466547905325 ) ) ;
#3712 = CARTESIAN_POINT ( 'NONE',  ( 174.3999768689300254, -7.398014790541409091, 1.667806102210173558 ) ) ;
#3713 = EDGE_CURVE ( 'NONE', #4551, #6795, #5822, .T. ) ;
#3714 = B_SPLINE_CURVE_WITH_KNOTS ( 'NONE', 3,
 ( #549, #2800, #22, #2275, #6287, #1244, #3502, #4455, #6691, #2241, #4491, #6728, #4782, #768, #2533, #7022 ),
 .UNSPECIFIED., .F., .F.,
 ( 4, 2, 2, 2, 2, 2, 2, 4 ),
 ( 0.05873737455610233971, 0.07335944325665413879, 0.08067047760693002445, 0.08798151195720593787, 0.1026035806577577369, 0.1062590978328956798, 0.1099146150080336226, 0.1172256493583094805 ),
 .UNSPECIFIED. ) ;
#3715 = CARTESIAN_POINT ( 'NONE',  ( 19.98497315566535448, -7.419329430627074728, 57.56336311604736977 ) ) ;
#3716 = DIRECTION ( 'NONE',  ( 0.000000000000000000, 0.000000000000000000, 1.000000000000000000 ) ) ;
#3717 = CARTESIAN_POINT ( 'NONE',  ( 110.6172451890450361, -57.95386985700425697, 0.000000000000000000 ) ) ;
#3718 = CARTESIAN_POINT ( 'NONE',  ( 49.81681177223841672, -1.042037690231231036E-14, 80.29925839636001683 ) ) ;
#3719 = EDGE_CURVE ( 'NONE', #7108, #5581, #6883, .T. ) ;
#3720 = VECTOR ( 'NONE', #516, 1000.000000000000000 ) ;
#3721 = CARTESIAN_POINT ( 'NONE',  ( 167.6266550980177499, -4.044957967790200115, -48.74038333119690947 ) ) ;
#3722 = CARTESIAN_POINT ( 'NONE',  ( 114.5460487874674129, -2.013191377012329531E-14, 86.82781823213727534 ) ) ;
#3723 = DIRECTION ( 'NONE',  ( 1.000000000000000000, 0.000000000000000000, 0.000000000000000000 ) ) ;
#3724 = CARTESIAN_POINT ( 'NONE',  ( 14.46827234161392006, 0.5464733562334088690, 51.91184073472921057 ) ) ;
#3725 = CARTESIAN_POINT ( 'NONE',  ( 68.73339646511858803, -57.00057409172649869, 0.000000000000000000 ) ) ;
#3726 = CIRCLE ( 'NONE', #541, 12.74499999999999567 ) ;
#3727 = CARTESIAN_POINT ( 'NONE',  ( 21.22096136614041484, -8.327463897116864189, 58.13250097844645836 ) ) ;
#3728 = CARTESIAN_POINT ( 'NONE',  ( 20.08073040550976174, -4.986485998296266153, 60.42191944566540940 ) ) ;
#3729 = CARTESIAN_POINT ( 'NONE',  ( 0.4333189738669785962, -5.942206017373004023, 58.67688095561793915 ) ) ;
#3730 = CARTESIAN_POINT ( 'NONE',  ( 25.57775010966619433, -1.326907911652169147, -61.37011462476026935 ) ) ;
#3731 = EDGE_CURVE ( 'NONE', #5350, #2189, #2298, .T. ) ;
#3732 = CARTESIAN_POINT ( 'NONE',  ( 172.6259721946740342, -4.198878074016584527, 32.95439312187952652 ) ) ;
#3733 = CARTESIAN_POINT ( 'NONE',  ( 19.62214250972018448, -0.9985030118121274167, -54.82501557331839592 ) ) ;
#3734 = CARTESIAN_POINT ( 'NONE',  ( 3.566661412365963013, -5.942206017373112381, -54.04319279652562358 ) ) ;
#3735 = EDGE_LOOP ( 'NONE', ( #2415, #6039, #5679, #2783, #6745 ) ) ;
#3736 = CARTESIAN_POINT ( 'NONE',  ( 16.36450090876773444, -4.146795908101096551, 51.14158221502362522 ) ) ;
#3737 = CARTESIAN_POINT ( 'NONE',  ( 16.35843367566337037, -3.848884877475356348, 52.37850570422154561 ) ) ;
#3738 = CARTESIAN_POINT ( 'NONE',  ( 64.56363355713381225, -1.214306433183764966E-14, -95.53516767985686897 ) ) ;
#3739 = CARTESIAN_POINT ( 'NONE',  ( 177.1151724965540382, -4.528861398455265252, -14.93171700181639494 ) ) ;
#3740 = CARTESIAN_POINT ( 'NONE',  ( 175.3001910657775397, -4.000000000000029310, -36.47754233940069213 ) ) ;
#3741 = CARTESIAN_POINT ( 'NONE',  ( 86.40000000000000568, -5.942206017372988924, 0.000000000000000000 ) ) ;
#3742 = CARTESIAN_POINT ( 'NONE',  ( 15.99077805523539020, -3.306310039040746940, 45.88444804595252435 ) ) ;
#3743 = ORIENTED_EDGE ( 'NONE', *, *, #5546, .T. ) ;
#3744 = CARTESIAN_POINT ( 'NONE',  ( 136.4901989040096737, -19.71791377315109628, -70.56495374733981407 ) ) ;
#3745 = CARTESIAN_POINT ( 'NONE',  ( 99.80880596061787458, -4.177402486649952174, 89.24884848895695200 ) ) ;
#3746 = CARTESIAN_POINT ( 'NONE',  ( 21.61196153803253495, -5.116455473550384880, -61.93030472679934917 ) ) ;
#3747 = CARTESIAN_POINT ( 'NONE',  ( 128.4796574868845767, -2.155542311138728817E-14, 82.03201716195199822 ) ) ;
#3748 = CARTESIAN_POINT ( 'NONE',  ( 150.9397100715331419, -19.06781249998559957, -57.64604537599075229 ) ) ;
#3749 = CARTESIAN_POINT ( 'NONE',  ( 87.25021888337779785, -4.962481512572408882, -89.72980729184808979 ) ) ;
#3750 = LINE ( 'NONE', #432, #3141 ) ;
#3751 = CARTESIAN_POINT ( 'NONE',  ( 24.02479267529368556, -8.546300172022979424, 53.54417500852630241 ) ) ;
#3752 = CARTESIAN_POINT ( 'NONE',  ( 20.95817964695190128, -27.43867505991742206, 9.514663648080194491 ) ) ;
#3753 = CARTESIAN_POINT ( 'NONE',  ( 44.40752912690104637, -4.017046438443440337, -80.75375970688402560 ) ) ;
#3754 = CARTESIAN_POINT ( 'NONE',  ( -22.00000000000000355, -3.083293987103149725, -60.30191525485820847 ) ) ;
#3755 = DIRECTION ( 'NONE',  ( 1.500332356076766180E-16, 1.000000000000000000, -0.000000000000000000 ) ) ;
#3756 = LINE ( 'NONE', #7136, #311 ) ;
#3757 = CARTESIAN_POINT ( 'NONE',  ( 21.31449578088054153, -33.24540241821884479, -38.12620565815007012 ) ) ;
#3758 = CARTESIAN_POINT ( 'NONE',  ( 17.82602041475998078, -6.200063102735319021, 54.69976651962245029 ) ) ;
#3759 = CARTESIAN_POINT ( 'NONE',  ( 16.44563669417864560, -3.852452653957333606, 53.48568375996307367 ) ) ;
#3760 = CARTESIAN_POINT ( 'NONE',  ( 20.82420609287264313, -23.60217443282297367, -4.643769903986581404 ) ) ;
#3761 = CARTESIAN_POINT ( 'NONE',  ( -8.940234657981418920, -42.25759592316184410, 1.190879450489584768 ) ) ;
#3762 = CARTESIAN_POINT ( 'NONE',  ( 176.9533517723850196, -4.221546059212864854, -22.02266004241693764 ) ) ;
#3763 = DIRECTION ( 'NONE',  ( 1.500332356076766180E-16, 1.000000000000000000, -0.000000000000000000 ) ) ;
#3764 = CARTESIAN_POINT ( 'NONE',  ( 21.62074019182157159, -10.82171065841370172, 55.80488442237705016 ) ) ;
#3765 = CARTESIAN_POINT ( 'NONE',  ( 18.03713498379978120, -40.94805973612080408, -12.51649135217779296 ) ) ;
#3766 = CARTESIAN_POINT ( 'NONE',  ( 165.1908887529519063, -2.775557561562891351E-14, -70.35834367570012660 ) ) ;
#3767 = EDGE_CURVE ( 'NONE', #2457, #6553, #2475, .T. ) ;
#3768 = CARTESIAN_POINT ( 'NONE',  ( 16.32637233820199896, -4.049900019245070482, 50.96169427225053283 ) ) ;
#3769 = CARTESIAN_POINT ( 'NONE',  ( 20.79513263435038795, -6.407537719041584090, 59.71928822974393114 ) ) ;
#3770 = CARTESIAN_POINT ( 'NONE',  ( 20.39721029372049443, -5.995140466761052167, -52.28010766991635450 ) ) ;
#3771 = CARTESIAN_POINT ( 'NONE',  ( 131.9593466849362358, -4.321980019750596647, 78.38390750018986353 ) ) ;
#3772 = B_SPLINE_CURVE_WITH_KNOTS ( 'NONE', 3,
 ( #1541, #6032, #6107, #2686, #5634, #4492 ),
 .UNSPECIFIED., .F., .F.,
 ( 4, 2, 4 ),
 ( 0.1143708784377137633, 0.5571854392188569927, 1.000000000000000222 ),
 .UNSPECIFIED. ) ;
#3773 = CARTESIAN_POINT ( 'NONE',  ( 109.1380467698280086, -4.000000000000019540, -93.68365917468426574 ) ) ;
#3774 = CARTESIAN_POINT ( 'NONE',  ( -11.63052915474784754, -37.87765143395210288, 5.759936515734278117 ) ) ;
#3775 = EDGE_CURVE ( 'NONE', #4341, #3334, #6759, .T. ) ;
#3776 = CARTESIAN_POINT ( 'NONE',  ( 16.06231413609005187, -4.316501907504108004, 46.96756308676750535 ) ) ;
#3777 = CARTESIAN_POINT ( 'NONE',  ( 114.0557143720645854, -5.528343467719741611, -85.30346719082398010 ) ) ;
#3778 = CARTESIAN_POINT ( 'NONE',  ( 128.2857078017443939, -19.90925520833044260, -75.72336631155765474 ) ) ;
#3779 = CARTESIAN_POINT ( 'NONE',  ( 174.0928925906515587, -4.862278616942389498, 22.56693249526657041 ) ) ;
#3780 = CARTESIAN_POINT ( 'NONE',  ( 16.12891170756131487, -3.761368568571880733, -47.52866086528609202 ) ) ;
#3781 = CARTESIAN_POINT ( 'NONE',  ( 121.3924305383959279, -2.104495211485583107E-14, 84.96113182798738706 ) ) ;
#3782 = MANIFOLD_SOLID_BREP ( 'Cut-Revolve3[1]', #4068 ) ;
#3783 = CARTESIAN_POINT ( 'NONE',  ( 110.3581694953426364, -19.86640625008060823, -83.04719318155402163 ) ) ;
#3784 = CARTESIAN_POINT ( 'NONE',  ( -18.00000000000000355, -38.31026286157669603, 0.1470188481355287624 ) ) ;
#3785 = PERSON ( 'UNSPECIFIED', 'UNSPECIFIED', 'UNSPECIFIED', ('UNSPECIFIED'), ('UNSPECIFIED'), ('UNSPECIFIED') ) ;
#3786 = CARTESIAN_POINT ( 'NONE',  ( 19.21909602730914557, -3.632680873990237203, 60.88074950496738325 ) ) ;
#3787 = CARTESIAN_POINT ( 'NONE',  ( 73.65499999999995850, -58.25464714294840007, 0.000000000000000000 ) ) ;
#3788 = CARTESIAN_POINT ( 'NONE',  ( 2.063209870160620518, -5.114802753899141408, -53.10881606109824560 ) ) ;
#3789 = CARTESIAN_POINT ( 'NONE',  ( 73.39504887088348539, -4.040340307048863266, -92.62755268460560387 ) ) ;
#3790 = CARTESIAN_POINT ( 'NONE',  ( 99.14500000000008129, -63.39640923772801528, 25.49000000000014765 ) ) ;
#3791 = CARTESIAN_POINT ( 'NONE',  ( 179.0824426214854270, -13.94371515320778521, 1.135032566935603546E-14 ) ) ;
#3792 = CARTESIAN_POINT ( 'NONE',  ( 117.9131557670225590, -56.13001623236052495, 3.859248534111615627E-15 ) ) ;
#3793 = CARTESIAN_POINT ( 'NONE',  ( 171.2934996720760807, -11.64686191744701027, 169.7869993441521501 ) ) ;
#3794 = CARTESIAN_POINT ( 'NONE',  ( 18.82337313124359923, -7.077305122439579321, 56.01646406172658743 ) ) ;
#3795 = EDGE_CURVE ( 'NONE', #943, #2407, #7061, .T. ) ;
#3796 = CARTESIAN_POINT ( 'NONE',  ( 16.47186023979930525, -3.875457406602712318, 53.64303923638149030 ) ) ;
#3797 = CARTESIAN_POINT ( 'NONE',  ( 18.87302016278196604, -0.5765221352170585289, 53.12693931399372360 ) ) ;
#3798 = DIRECTION ( 'NONE',  ( 0.000000000000000000, 0.000000000000000000, 1.000000000000000000 ) ) ;
#3799 = CARTESIAN_POINT ( 'NONE',  ( 56.84337263450803590, -4.164524115304462093, -86.66383696668641790 ) ) ;
#3800 = CARTESIAN_POINT ( 'NONE',  ( 54.86737165862204790, -1.117812874369678551E-14, -87.21678245177258759 ) ) ;
#3801 = CARTESIAN_POINT ( 'NONE',  ( 21.63348076217751625, -10.82877186471459474, 55.81159542155113940 ) ) ;
#3802 = CARTESIAN_POINT ( 'NONE',  ( 23.72580420921640965, -5.844274380695376081, 56.22551353987533673 ) ) ;
#3803 = CARTESIAN_POINT ( 'NONE',  ( 22.29617515252899906, -2.749999999999988898, 57.92973356372500149 ) ) ;
#3804 = ORIENTED_EDGE ( 'NONE', *, *, #2084, .F. ) ;
#3805 = EDGE_LOOP ( 'NONE', ( #5101, #6820, #1645, #2372, #2739 ) ) ;
#3806 = CARTESIAN_POINT ( 'NONE',  ( 16.36723880594253444, -4.153408083891497959, 51.15534016650474314 ) ) ;
#3807 = CARTESIAN_POINT ( 'NONE',  ( 16.61794927731703808, -4.256217890413852345, 53.33741475820449551 ) ) ;
#3808 = CARTESIAN_POINT ( 'NONE',  ( 20.09552696632175284, -2.735534402937557008, -49.10238482345538102 ) ) ;
#3809 = CARTESIAN_POINT ( 'NONE',  ( 137.9176964182549341, -4.351477299404028720, 75.01563520608974045 ) ) ;
#3810 = CARTESIAN_POINT ( 'NONE',  ( 68.09714589275071717, -4.000000000000013323, -92.30131913051543791 ) ) ;
#3811 = EDGE_CURVE ( 'NONE', #2923, #3162, #4657, .T. ) ;
#3812 = CARTESIAN_POINT ( 'NONE',  ( 0.4197797015988237734, -5.917255945909928982, -58.69106282671597086 ) ) ;
#3813 = CARTESIAN_POINT ( 'NONE',  ( 21.43912807622626104, -13.07775112008944340, 52.92059265819763425 ) ) ;
#3814 = CC_DESIGN_PERSON_AND_ORGANIZATION_ASSIGNMENT ( #4628, #1346, ( #3500 ) ) ;
#3815 = CARTESIAN_POINT ( 'NONE',  ( 60.67308199077078967, -5.157868207528567339, -86.01900054662011996 ) ) ;
#3816 = CARTESIAN_POINT ( 'NONE',  ( 147.5997032630381796, -19.26193576390223328, -61.18036485772110922 ) ) ;
#3817 = CARTESIAN_POINT ( 'NONE',  ( 97.69952310880903212, -4.958404416791426961, -90.15760245582966093 ) ) ;
#3818 = CARTESIAN_POINT ( 'NONE',  ( 21.44209093715926784, -28.04037405220564949, -28.44653637953651426 ) ) ;
#3819 = FACE_BOUND ( 'NONE', #3083, .T. ) ;
#3820 = CARTESIAN_POINT ( 'NONE',  ( 86.44258576179609577, -16.34769531264441511, -86.53576665206335861 ) ) ;
#3821 = CARTESIAN_POINT ( 'NONE',  ( -18.00000000000000355, -11.27713467053115970, -50.82238809104901378 ) ) ;
#3822 = CARTESIAN_POINT ( 'NONE',  ( 19.65643967942270720, -1.215177732772141139, -54.86711042716078879 ) ) ;
#3823 = CARTESIAN_POINT ( 'NONE',  ( 23.60543684766808070, -5.338610355579697320, 56.63881471322902428 ) ) ;
#3824 = CARTESIAN_POINT ( 'NONE',  ( 23.18599483370982739, -6.424869270149146722E-15, 60.57014193713437322 ) ) ;
#3825 = ADVANCED_FACE ( 'NONE', ( #1569 ), #945, .T. ) ;
#3826 = CARTESIAN_POINT ( 'NONE',  ( 110.0356423459001434, -3.999999999999959144, 87.90747873685417346 ) ) ;
#3827 = ORIENTED_EDGE ( 'NONE', *, *, #2915, .F. ) ;
#3828 = CARTESIAN_POINT ( 'NONE',  ( 104.0666035348815086, -57.00057409172649869, 0.000000000000000000 ) ) ;
#3829 = CIRCLE ( 'NONE', #4183, 12.74500000000004718 ) ;
#3830 = DIRECTION ( 'NONE',  ( 1.000000000000000000, 0.000000000000000000, 0.000000000000000000 ) ) ;
#3831 = FACE_OUTER_BOUND ( 'NONE', #1583, .T. ) ;
#3832 = CARTESIAN_POINT ( 'NONE',  ( -1.615779870014259378, -7.398014790541369123, 176.0315597400285128 ) ) ;
#3833 = CARTESIAN_POINT ( 'NONE',  ( 21.19849974065005682, -8.216744380960291139, 58.22810000034910871 ) ) ;
#3834 = VECTOR ( 'NONE', #3830, 1000.000000000000000 ) ;
#3835 = CARTESIAN_POINT ( 'NONE',  ( 16.55981176544618094, -3.937319538445973599, 54.17413331160503276 ) ) ;
#3836 = CARTESIAN_POINT ( 'NONE',  ( 17.47241462030838122, -0.01319418788075218604, 48.16998075854756678 ) ) ;
#3837 = CARTESIAN_POINT ( 'NONE',  ( 86.39999999999999147, -63.39640923772802950, 0.000000000000000000 ) ) ;
#3838 = CARTESIAN_POINT ( 'NONE',  ( 49.00163236099613329, -4.125771069257528900, -83.02304093625436110 ) ) ;
#3839 = CARTESIAN_POINT ( 'NONE',  ( 70.61572161831453798, -1.354090464363147340E-14, -92.97470377250897400 ) ) ;
#3840 = CARTESIAN_POINT ( 'NONE',  ( 16.17357036262872683, -4.147790359916180947, 48.57156184772995999 ) ) ;
#3841 = CARTESIAN_POINT ( 'NONE',  ( -7.761826015614959218, -37.99938761899516493, 4.592557530837729551 ) ) ;
#3842 = CARTESIAN_POINT ( 'NONE',  ( 19.90663065822181821, -1.927534872799862686, 52.00191833466825386 ) ) ;
#3843 = CARTESIAN_POINT ( 'NONE',  ( 26.92641601580847421, -1.057614128025046174, 62.68408544332558563 ) ) ;
#3844 = ORIENTED_EDGE ( 'NONE', *, *, #3767, .F. ) ;
#3845 = CARTESIAN_POINT ( 'NONE',  ( 16.52088704714442002, -4.565018296850838375, 51.63671380386399079 ) ) ;
#3846 = CARTESIAN_POINT ( 'NONE',  ( 16.46435409958126073, -4.003058004331494502, 52.88489363257126286 ) ) ;
#3847 = FACE_OUTER_BOUND ( 'NONE', #6978, .T. ) ;
#3848 = CARTESIAN_POINT ( 'NONE',  ( 178.0835455670790566, -4.515059194040004442, 2.339536351301229722 ) ) ;
#3849 = CARTESIAN_POINT ( 'NONE',  ( 113.0053012294267205, -4.674228434069882532, 85.88266374883916399 ) ) ;
#3850 = CARTESIAN_POINT ( 'NONE',  ( 66.40038126662587104, -4.000000000000013323, -91.76799127740761719 ) ) ;
#3851 = CARTESIAN_POINT ( 'NONE',  ( 0.3926901491850126602, -5.867336362172118847, -58.71939403038491179 ) ) ;
#3852 = CARTESIAN_POINT ( 'NONE',  ( 21.56068249050970209, -12.36775958621253402, 53.92312552825758587 ) ) ;
#3853 = ORIENTED_EDGE ( 'NONE', *, *, #2010, .F. ) ;
#3854 = CARTESIAN_POINT ( 'NONE',  ( 16.42848756097753693, -4.097174851955704078, 52.08546656878009173 ) ) ;
#3855 = CARTESIAN_POINT ( 'NONE',  ( 107.5382365056633347, -5.520838654662431289, -87.12741041311458901 ) ) ;
#3856 = CARTESIAN_POINT ( 'NONE',  ( 8.584165051147548908, -1.000000000000004441, -37.54538362053254730 ) ) ;
#3857 = CARTESIAN_POINT ( 'NONE',  ( 168.2847412176072623, -4.820104356730135819, 38.60461987375135351 ) ) ;
#3858 = CARTESIAN_POINT ( 'NONE',  ( 16.93149498406049958, -26.74434655497245572, 20.15234183705107540 ) ) ;
#3859 = DIRECTION ( 'NONE',  ( 1.500332356076765934E-16, 1.000000000000000000, -0.000000000000000000 ) ) ;
#3860 = CARTESIAN_POINT ( 'NONE',  ( 170.7684663968264545, -16.54838281248761334, -19.24584634288589413 ) ) ;
#3861 = CARTESIAN_POINT ( 'NONE',  ( -1.037034476064111033, -5.500000000000017764, 58.92672230857209570 ) ) ;
#3862 = CARTESIAN_POINT ( 'NONE',  ( 68.65500000000001535, -57.99749635261596126, 2.173135745086972727E-15 ) ) ;
#3863 = CARTESIAN_POINT ( 'NONE',  ( 61.88658907630033923, -57.95386985700424276, 13.79130773228020601 ) ) ;
#3864 = CARTESIAN_POINT ( 'NONE',  ( 67.82994694303771155, -5.942206017372996030, -156.3195307134331244 ) ) ;
#3865 = CARTESIAN_POINT ( 'NONE',  ( 180.3049168337692834, -4.000000000000616396, 9.506792433296656242 ) ) ;
#3866 = ORIENTED_EDGE ( 'NONE', *, *, #5264, .T. ) ;
#3867 = CARTESIAN_POINT ( 'NONE',  ( -22.00000000000000355, 2.173762880958027708E-15, -61.79999999999999716 ) ) ;
#3868 = CARTESIAN_POINT ( 'NONE',  ( 144.7617746008222355, -5.471281244053318282, 67.85530981942733320 ) ) ;
#3869 = CARTESIAN_POINT ( 'NONE',  ( 1.506500327923890215, -11.64686191744698363, 0.000000000000000000 ) ) ;
#3870 = CARTESIAN_POINT ( 'NONE',  ( 16.40925077346007654, -4.091522331345862185, 51.87931355254330867 ) ) ;
#3871 = CARTESIAN_POINT ( 'NONE',  ( 19.63301297138896118, -4.537979858799151778, 60.38795836071133039 ) ) ;
#3872 = CARTESIAN_POINT ( 'NONE',  ( 18.25141431415505977, -0.2269059161207972741, 51.54394499778972261 ) ) ;
#3873 = CARTESIAN_POINT ( 'NONE',  ( 160.7397830394903622, -6.153363332055746149, -48.18026553532855871 ) ) ;
#3874 = CARTESIAN_POINT ( 'NONE',  ( 179.2298513370353135, -4.126345615044470172, 9.404310465966226218 ) ) ;
#3875 = CARTESIAN_POINT ( 'NONE',  ( 112.5954493899405833, -1.983925903113796640E-14, -92.88898674358632945 ) ) ;
#3876 = CARTESIAN_POINT ( 'NONE',  ( 17.49645376207904590, -7.698918561154869167, 51.65716549031964888 ) ) ;
#3877 = DIRECTION ( 'NONE',  ( -1.000000000000000000, 1.488112841655169381E-16, 0.000000000000000000 ) ) ;
#3878 = CARTESIAN_POINT ( 'NONE',  ( 3.141869500230620726, -10.93651422186058575, 55.68677706176376319 ) ) ;
#3879 = CARTESIAN_POINT ( 'NONE',  ( 70.17304369943950348, -2.750000011882978157, 84.86178067531328395 ) ) ;
#3880 = CARTESIAN_POINT ( 'NONE',  ( 16.34513420087048985, -4.058591194064311125, 51.18477947440760545 ) ) ;
#3881 = CARTESIAN_POINT ( 'NONE',  ( 16.46144202001532264, -3.948854680618392177, 53.12360718837538087 ) ) ;
#3882 = CARTESIAN_POINT ( 'NONE',  ( -5.747812694102958772E-15, -38.31026286157669603, 0.000000000000000000 ) ) ;
#3883 = CARTESIAN_POINT ( 'NONE',  ( 125.9905624497216792, -4.193971164765947002, 81.75321122921654649 ) ) ;
#3884 = CARTESIAN_POINT ( 'NONE',  ( 171.9939437085277234, -5.602970081177831574, 25.49198521947135987 ) ) ;
#3885 = CARTESIAN_POINT ( 'NONE',  ( 164.1770698504812742, -3.430911900466283360, -64.60854367661639230 ) ) ;
#3886 = CARTESIAN_POINT ( 'NONE',  ( 20.36082540615132075, -11.27713467053115437, 50.82238809104902799 ) ) ;
#3887 = B_SPLINE_CURVE_WITH_KNOTS ( 'NONE', 3,
 ( #3851, #2254, #3812, #4506 ),
 .UNSPECIFIED., .F., .F.,
 ( 4, 4 ),
 ( 1.893477691975264912E-18, 9.428745549044658953E-05 ),
 .UNSPECIFIED. ) ;
#3888 = CARTESIAN_POINT ( 'NONE',  ( 21.16597800958101772, -12.88680823857356650, 52.80925316005491510 ) ) ;
#3889 = CARTESIAN_POINT ( 'NONE',  ( 16.27579413360130900, -4.305995889600508164, 49.65519927505558684 ) ) ;
#3890 = CARTESIAN_POINT ( 'NONE',  ( 21.28071321053527853, -7.935104063164098775, 58.62670760208516185 ) ) ;
#3891 = CARTESIAN_POINT ( 'NONE',  ( 75.61062069010469600, -5.364476075410828493, -89.01558138386747032 ) ) ;
#3892 = CARTESIAN_POINT ( 'NONE',  ( 169.5541752803779616, -16.88818923612511114, -23.95462078699372910 ) ) ;
#3893 = CARTESIAN_POINT ( 'NONE',  ( 122.6315830736360226, -4.475929365832666207, 82.61017806289498822 ) ) ;
#3894 = CARTESIAN_POINT ( 'NONE',  ( 21.41755380991323321, -29.89040727725949509, 23.42816232864108628 ) ) ;
#3895 = CARTESIAN_POINT ( 'NONE',  ( 20.03494985149800556, -1.000832799697351838, 55.32291354440230435 ) ) ;
#3896 = CARTESIAN_POINT ( 'NONE',  ( 16.13252804593644996, -3.864926950238956493, 47.23039591159787420 ) ) ;
#3897 = DIRECTION ( 'NONE',  ( 1.500332356076765934E-16, 1.000000000000000000, -0.000000000000000000 ) ) ;
#3898 = CARTESIAN_POINT ( 'NONE',  ( 67.59125957591109568, -5.904783293238767605, -163.9639165717693174 ) ) ;
#3899 = B_SPLINE_CURVE_WITH_KNOTS ( 'NONE', 3,
 ( #7033, #4207, #1951, #4173, #1845, #2442, #6927, #5868, #6440, #192, #5313, #1988, #4756, #1882, #6338, #4241, #3588, #5760, #2966, #3071, #5900, #5205, #152, #264, #2511, #4140, #3552, #1399, #2403, #6370, #5832, #781, #6549, #5384 ),
 .UNSPECIFIED., .F., .F.,
 ( 4, 2, 2, 2, 2, 2, 2, 2, 2, 2, 2, 2, 2, 2, 2, 2, 4 ),
 ( 2.135630605041629257E-17, 0.001749205325689483399, 0.003498410651378945548, 0.004373013314223677707, 0.004810314645646043136, 0.005247615977068408565, 0.005466266642779583906, 0.005684917308490760116, 0.005903567974201935457, 0.006122218639913111667, 0.006340869305624287876, 0.006559519971335463218, 0.006996821302757826044, 0.007871423965602536085, 0.008746026628447244392, 0.01049523195413668356, 0.01399364260551556188 ),
 .UNSPECIFIED. ) ;
#3900 = CARTESIAN_POINT ( 'NONE',  ( 2.616413231914971327, -5.942206017372986260, -52.76045118334369732 ) ) ;
#3901 = CARTESIAN_POINT ( 'NONE',  ( 163.7331387923896386, -3.999999999999858780, 51.92215933223207003 ) ) ;
#3902 = EDGE_LOOP ( 'NONE', ( #4690, #4941, #4997, #2794, #738, #1930 ) ) ;
#3903 = EDGE_CURVE ( 'NONE', #3607, #2818, #911, .T. ) ;
#3904 = CARTESIAN_POINT ( 'NONE',  ( -22.00000000000000355, -40.88189669053597441, -38.76238080152554488 ) ) ;
#3905 = CARTESIAN_POINT ( 'NONE',  ( 176.6381031119214242, -4.240957621055596150, 1.105098041371433686E-14 ) ) ;
#3906 = CARTESIAN_POINT ( 'NONE',  ( 16.39459199030853753, -4.061332428278250362, 51.81354223458841091 ) ) ;
#3907 = CARTESIAN_POINT ( 'NONE',  ( 19.88873328626130998, -4.517646280942046566, 60.69960896602499645 ) ) ;
#3908 = CARTESIAN_POINT ( 'NONE',  ( 21.41950959993215520, -29.74437954651611804, 23.88555059669228697 ) ) ;
#3909 = DIRECTION ( 'NONE',  ( -1.000000000000000000, 0.000000000000000000, 0.000000000000000000 ) ) ;
#3910 = CARTESIAN_POINT ( 'NONE',  ( 138.3649461542374581, -4.086739227994860890, 75.66265600216742371 ) ) ;
#3911 = CARTESIAN_POINT ( 'NONE',  ( 95.34296839246852073, -1.725081348482728692E-14, -95.51244197788901147 ) ) ;
#3912 = CARTESIAN_POINT ( 'NONE',  ( 16.30699070730465650, -4.865670038185901269, 49.25104497805151738 ) ) ;
#3913 = CARTESIAN_POINT ( 'NONE',  ( -18.00000000000000000, -38.09985836565066819, 5.442974831049886220 ) ) ;
#3914 = CARTESIAN_POINT ( 'NONE',  ( 1.833136664577768027, -8.521859244642532971, 57.20663386063296940 ) ) ;
#3915 = DIRECTION ( 'NONE',  ( 1.500332356076765934E-16, 1.000000000000000000, -0.000000000000000000 ) ) ;
#3916 = CARTESIAN_POINT ( 'NONE',  ( 21.44883174821181271, -8.724705636067227488, 57.95495067614815099 ) ) ;
#3917 = CARTESIAN_POINT ( 'NONE',  ( 16.50355182903128437, -4.015312500882420643, 53.26326838617943338 ) ) ;
#3918 = CARTESIAN_POINT ( 'NONE',  ( -7.622357064302274665, -37.18370799800881343, 10.53949684644073947 ) ) ;
#3919 = CARTESIAN_POINT ( 'NONE',  ( 178.6218319814057907, -4.343363510933791360, 2.353051395739890861 ) ) ;
#3920 = CARTESIAN_POINT ( 'NONE',  ( 173.0442906502277083, -5.755386698429419745, -21.08012024202808732 ) ) ;
#3921 = CARTESIAN_POINT ( 'NONE',  ( 86.39999999999997726, -57.99749635261596126, 0.000000000000000000 ) ) ;
#3922 = CARTESIAN_POINT ( 'NONE',  ( 16.13147052080356048, -4.290510537365475940, 47.86037294912968321 ) ) ;
#3923 = ORIENTED_EDGE ( 'NONE', *, *, #4795, .F. ) ;
#3924 = CARTESIAN_POINT ( 'NONE',  ( 16.29670251818974336, -4.400788207513300243, 49.74380807225036705 ) ) ;
#3925 = CARTESIAN_POINT ( 'NONE',  ( 17.82988904564157195, -5.929324009301274678, 55.13073457381265996 ) ) ;
#3926 = CARTESIAN_POINT ( 'NONE',  ( 116.2863233890492722, -4.518125354045911202, 85.04671241080578170 ) ) ;
#3927 = DIRECTION ( 'NONE',  ( -1.000000000000000000, -0.000000000000000000, -0.000000000000000000 ) ) ;
#3928 = CARTESIAN_POINT ( 'NONE',  ( 153.3779672288306131, -4.552556296102086897, 61.47609727253468037 ) ) ;
#3929 = CARTESIAN_POINT ( 'NONE',  ( 16.91750951277515469, -26.34385505708905129, 21.42787754559039470 ) ) ;
#3930 = CARTESIAN_POINT ( 'NONE',  ( 19.82872481479033766, -1.000490886046615957, 55.07539252623770665 ) ) ;
#3932 =( BOUNDED_SURFACE ( )  B_SPLINE_SURFACE ( 3, 3, ( 
 ( #5481, #330, #2017, #2680 ),
 ( #3791, #3199, #6026, #6611 ),
 ( #874, #4926, #2573, #7135 ),
 ( #5444, #4272, #6540, #399 ),
 ( #2120, #2608, #4892, #3131 ),
 ( #5376, #2642, #2088, #6501 ),
 ( #5958, #3164, #5408, #365 ),
 ( #2245, #2279, #67, #5328 ),
 ( #3087, #6221, #3431, #1172 ),
 ( #2841, #4095, #696, #3506 ) ),
 .UNSPECIFIED., .F., .F., .F. ) 
 B_SPLINE_SURFACE_WITH_KNOTS ( ( 4, 2, 2, 2, 4 ),
 ( 4, 4 ),
 ( 0.000000000000000000, 0.2500000000000000000, 0.5000000000000000000, 0.7500000000000000000, 1.000000000000000000 ),
 ( 0.000000000000000000, 1.000000000000000000 ),
 .UNSPECIFIED. ) 
 GEOMETRIC_REPRESENTATION_ITEM ( )  RATIONAL_B_SPLINE_SURFACE ( (
 ( 1.000000000000000000, 0.3333333333333334259, 0.3333333333333334259, 1.000000000000000000),
 ( 1.000000000000000000, 0.3333333333333334259, 0.3333333333333334259, 1.000000000000000000),
 ( 1.000000000000000000, 0.3333333333333334259, 0.3333333333333334259, 1.000000000000000000),
 ( 1.000000000000000000, 0.3333333333333334259, 0.3333333333333334259, 1.000000000000000000),
 ( 1.000000000000000000, 0.3333333333333334259, 0.3333333333333334259, 1.000000000000000000),
 ( 1.000000000000000000, 0.3333333333333334259, 0.3333333333333334259, 1.000000000000000000),
 ( 1.000000000000000000, 0.3333333333333334259, 0.3333333333333334259, 1.000000000000000000),
 ( 1.000000000000000000, 0.3333333333333334259, 0.3333333333333334259, 1.000000000000000000),
 ( 1.000000000000000000, 0.3333333333333334259, 0.3333333333333334259, 1.000000000000000000),
 ( 1.000000000000000000, 0.3333333333333334259, 0.3333333333333334259, 1.000000000000000000) ) ) 
 REPRESENTATION_ITEM ( '' )  SURFACE ( )  );
#3931 = CARTESIAN_POINT ( 'NONE',  ( -18.00000000000000711, -28.07895597248082709, -33.68012601201211709 ) ) ;
#3933 = MECHANICAL_CONTEXT ( 'NONE', #1378, 'mechanical' ) ;
#3934 = CARTESIAN_POINT ( 'NONE',  ( 174.3228022560746524, -5.969392957534298993, 12.25717214522457965 ) ) ;
#3935 = CARTESIAN_POINT ( 'NONE',  ( 33.71166345227934613, -8.004069389927312805E-15, 70.02090482346977751 ) ) ;
#3936 = CARTESIAN_POINT ( 'NONE',  ( 159.6476861678800390, -3.999999999999594102, 57.64437640470685409 ) ) ;
#3937 = ORIENTED_EDGE ( 'NONE', *, *, #4752, .T. ) ;
#3938 = CARTESIAN_POINT ( 'NONE',  ( -22.00000000000000355, -3.083293990177752075, 60.30191525336435632 ) ) ;
#3939 = CARTESIAN_POINT ( 'NONE',  ( 144.6767794560229277, -4.000000000000023981, -77.16677622260115754 ) ) ;
#3940 = CARTESIAN_POINT ( 'NONE',  ( 173.3777385475360688, -8.826899658326444964, 173.9554770950721831 ) ) ;
#3941 = CARTESIAN_POINT ( 'NONE',  ( 21.17438479138101215, -8.105245294609099815, 58.32235780646585965 ) ) ;
#3942 = ADVANCED_FACE ( 'NONE', ( #7170 ), #3932, .F. ) ;
#3943 = CARTESIAN_POINT ( 'NONE',  ( 16.70676433535066252, -4.006246023099533815, 54.90687747818165576 ) ) ;
#3944 = CARTESIAN_POINT ( 'NONE',  ( 19.50134899818931089, -1.196765164581992114, 53.37048505158217893 ) ) ;
#3945 = CARTESIAN_POINT ( 'NONE',  ( 175.0615991950201646, -6.049750700588496954, -7.840799693332566100 ) ) ;
#3946 = CARTESIAN_POINT ( 'NONE',  ( 118.8868091460653460, -4.139327881671941434, -88.64902833512819313 ) ) ;
#3947 = CARTESIAN_POINT ( 'NONE',  ( 107.4528794460928509, -1.906770262312369484E-14, -94.03583248252238036 ) ) ;
#3948 = CARTESIAN_POINT ( 'NONE',  ( 17.84010863725024976, -4.000000000000005329, -57.01416275681960855 ) ) ;
#3949 = CARTESIAN_POINT ( 'NONE',  ( 103.1449999999999392, -57.99749635261596126, 2.050671065172242706E-15 ) ) ;
#3950 = CARTESIAN_POINT ( 'NONE',  ( 30.43657226739733446, -1.121124698531652530, 65.82595381784391009 ) ) ;
#3951 = ORIENTED_EDGE ( 'NONE', *, *, #2977, .T. ) ;
#3952 = VECTOR ( 'NONE', #1120, 1000.000000000000000 ) ;
#3953 = CARTESIAN_POINT ( 'NONE',  ( 21.19459714847220511, -8.619731311722409473, 57.77958018815398589 ) ) ;
#3954 = CARTESIAN_POINT ( 'NONE',  ( 16.75417412132026129, -4.359381395385126368, 53.96855779241772666 ) ) ;
#3955 = CARTESIAN_POINT ( 'NONE',  ( 20.76587803584983760, -0.1382117023649212240, -58.95688216839064211 ) ) ;
#3956 = CARTESIAN_POINT ( 'NONE',  ( 46.11439449105001387, -4.252245578162438200, -81.05714110473792289 ) ) ;
#3957 = CARTESIAN_POINT ( 'NONE',  ( 55.94782912188168922, -5.247893205993960031, -84.21882246340658185 ) ) ;
#3958 = CARTESIAN_POINT ( 'NONE',  ( 125.5599753706597141, -3.430911900466276254, -93.22034563071098034 ) ) ;
#3959 = AXIS2_PLACEMENT_3D ( 'NONE', #4478, #3859, #1045 ) ;
#3960 = CARTESIAN_POINT ( 'NONE',  ( 73.65499999999994429, -63.39640923772802950, -3.121624691026617244E-15 ) ) ;
#3961 = CARTESIAN_POINT ( 'NONE',  ( 16.86771025602352125, -7.193747094941381981, 50.15210840002574599 ) ) ;
#3962 = CARTESIAN_POINT ( 'NONE',  ( 16.31946580595574758, -4.495556779454485508, 49.83244441008340431 ) ) ;
#3963 = ADVANCED_FACE ( 'NONE', ( #4606 ), #4209, .T. ) ;
#3964 = CIRCLE ( 'NONE', #4895, 12.74499999999999567 ) ;
#3965 = CARTESIAN_POINT ( 'NONE',  ( 16.41541977195315383, -4.050602478834401943, 52.11048127109047812 ) ) ;
#3966 = CARTESIAN_POINT ( 'NONE',  ( 28.77435453422103606, -5.783416677011178696E-12, -64.55792521648953652 ) ) ;
#3967 = CARTESIAN_POINT ( 'NONE',  ( 174.5147469821213804, -5.111856746280413866, 19.16189517357581806 ) ) ;
#3968 = CARTESIAN_POINT ( 'NONE',  ( 54.04658397156872240, -4.642222009681430173, -84.29077427670519285 ) ) ;
#3969 = CARTESIAN_POINT ( 'NONE',  ( 21.39330497567919664, -31.69897307411504528, 17.33029074683134496 ) ) ;
#3970 = CARTESIAN_POINT ( 'NONE',  ( 6.781729618141675076, -41.88141998576816150, -5.946466787797693776 ) ) ;
#3971 = CC_DESIGN_APPROVAL ( #2273, ( #4429 ) ) ;
#3972 = CARTESIAN_POINT ( 'NONE',  ( 21.55912101570089590, -17.41024537902657343, -47.66007664537902144 ) ) ;
#3973 = FACE_OUTER_BOUND ( 'NONE', #6332, .T. ) ;
#3974 = CARTESIAN_POINT ( 'NONE',  ( 173.2522481099522338, -5.938031537233561252, 18.87225290924486387 ) ) ;
#3975 = ORIENTED_EDGE ( 'NONE', *, *, #5746, .F. ) ;
#3976 = CARTESIAN_POINT ( 'NONE',  ( 69.65499999999995850, -57.99749635261596126, 0.000000000000000000 ) ) ;
#3977 = CARTESIAN_POINT ( 'NONE',  ( -22.00000000000000355, -42.30756013076908317, -5.181181809388053756E-15 ) ) ;
#3978 = CARTESIAN_POINT ( 'NONE',  ( 86.69011538003344697, -54.88020756833025615, -30.61799455615669885 ) ) ;
#3979 = CARTESIAN_POINT ( 'NONE',  ( 16.40377843138557878, -4.080060613311118800, 51.85555624091386306 ) ) ;
#3980 = CARTESIAN_POINT ( 'NONE',  ( 16.47055027866445087, -3.806671990337854528, 54.06041887160358783 ) ) ;
#3981 = FACE_BOUND ( 'NONE', #6165, .T. ) ;
#3982 = CARTESIAN_POINT ( 'NONE',  ( 20.70376317568250002, -20.15314055003255334, -20.52619753820409443 ) ) ;
#3983 = CARTESIAN_POINT ( 'NONE',  ( 119.8103515728402044, -4.062550395462579012, 84.71396322883956032 ) ) ;
#3984 = CARTESIAN_POINT ( 'NONE',  ( 80.50661348024367214, -1.502486715272234444E-14, -94.89816133629233263 ) ) ;
#3985 = CARTESIAN_POINT ( 'NONE',  ( 45.12114550256212198, -51.13139327542300094, 4.424358748856381444E-15 ) ) ;
#3986 = CARTESIAN_POINT ( 'NONE',  ( 8.998799112008930123, -38.29893327245714829, 0.1470188481355147736 ) ) ;
#3987 = CARTESIAN_POINT ( 'NONE',  ( 20.22031446204916350, 0.4322338345456620545, 58.94538813703189106 ) ) ;
#3988 = CARTESIAN_POINT ( 'NONE',  ( 139.9094521321939908, -3.430911900466278475, 85.79204559570082722 ) ) ;
#3989 = VERTEX_POINT ( 'NONE', #1764 ) ;
#3990 = CARTESIAN_POINT ( 'NONE',  ( 16.39368356766206247, -4.135071512789230574, 51.53748279288218725 ) ) ;
#3991 = CARTESIAN_POINT ( 'NONE',  ( 17.02689991171029149, -4.694227508797537141, 54.67302712061982106 ) ) ;
#3992 = CARTESIAN_POINT ( 'NONE',  ( 19.50552236869618383, -1.202513248913955168, -53.36448079621211349 ) ) ;
#3993 = CARTESIAN_POINT ( 'NONE',  ( 162.3869511459892578, -4.366827696164807371, -53.75513898334160956 ) ) ;
#3994 = CARTESIAN_POINT ( 'NONE',  ( 46.49267723821417775, -4.814313898170691886, -80.49848639584349996 ) ) ;
#3995 = DIRECTION ( 'NONE',  ( -0.03672652268866424125, 5.510199031599042930E-18, 0.9993253536917788837 ) ) ;
#3996 = CARTESIAN_POINT ( 'NONE',  ( 17.03863729300059404, -31.78102083200601413, 27.30188601697810569 ) ) ;
#3997 = ADVANCED_FACE ( 'NONE', ( #2320 ), #4020, .T. ) ;
#3998 = CARTESIAN_POINT ( 'NONE',  ( 57.68980573332559914, 1.470019361922401373E-11, 82.06465523964946840 ) ) ;
#3999 = CARTESIAN_POINT ( 'NONE',  ( 21.63492295954105771, -11.62060287152636917, 54.88587751084332211 ) ) ;
#4000 = CARTESIAN_POINT ( 'NONE',  ( 16.26258878476048508, -4.248434717172888675, 49.59273434816147130 ) ) ;
#4001 = CARTESIAN_POINT ( 'NONE',  ( 16.41187467155708291, -4.028828688513311107, 52.15626418230893790 ) ) ;
#4002 = CARTESIAN_POINT ( 'NONE',  ( 110.3581694953278856, -4.223783858672622189E-12, -83.04719318156047336 ) ) ;
#4003 = VERTEX_POINT ( 'NONE', #4058 ) ;
#4004 = CARTESIAN_POINT ( 'NONE',  ( 55.63784352921980769, -4.670810097143346162, -84.90492034586601733 ) ) ;
#4005 = CARTESIAN_POINT ( 'NONE',  ( 16.57844370147101642, -16.63428060498532801, 41.43321336088835949 ) ) ;
#4006 = CARTESIAN_POINT ( 'NONE',  ( -0.6678104687425741037, -0.3946934408550519802, -61.60745649213531294 ) ) ;
#4007 = EDGE_CURVE ( 'NONE', #4551, #5294, #6768, .T. ) ;
#4008 = CARTESIAN_POINT ( 'NONE',  ( -18.00000000000000355, -20.13831033774467016, -43.17550536281193274 ) ) ;
#4009 = CARTESIAN_POINT ( 'NONE',  ( -1.365221476495204200, -5.867336362172117958, -56.05792078066622253 ) ) ;
#4010 = ORIENTED_EDGE ( 'NONE', *, *, #3364, .T. ) ;
#4011 = CARTESIAN_POINT ( 'NONE',  ( 22.66163554007794900, -2.881622184595038050, -58.19357665010943492 ) ) ;
#4012 = CARTESIAN_POINT ( 'NONE',  ( 170.1691997042924243, -4.000000000000028422, -47.03117150280474590 ) ) ;
#4013 = CARTESIAN_POINT ( 'NONE',  ( 154.0778794002509358, -31.58140437854547145, 1.282654658154059879 ) ) ;
#4014 = CARTESIAN_POINT ( 'NONE',  ( 21.29249524099619606, -8.043969427177636078, 58.52202371578528783 ) ) ;
#4015 = CARTESIAN_POINT ( 'NONE',  ( 16.47120525923187984, -3.841064698470282757, 53.85172905399254262 ) ) ;
#4016 = DIRECTION ( 'NONE',  ( 1.500332356076765934E-16, 1.000000000000000000, -0.000000000000000000 ) ) ;
#4017 = CARTESIAN_POINT ( 'NONE',  ( 24.06871926293637287, -30.61159823131137259, -5.207724002174150435 ) ) ;
#4018 = CARTESIAN_POINT ( 'NONE',  ( 40.16001002187930169, -4.039736878074103643, -77.68600980495754982 ) ) ;
#4019 = CARTESIAN_POINT ( 'NONE',  ( 85.92851346783312749, -1.583833235100160161E-14, -95.44686989611065542 ) ) ;
#4020 = CYLINDRICAL_SURFACE ( 'NONE', #7120, 107.4400000000000119 ) ;
#4021 = CARTESIAN_POINT ( 'NONE',  ( 187.3561018221351162, -3.430911900466284692, -1.553463503596468120 ) ) ;
#4022 = CARTESIAN_POINT ( 'NONE',  ( 19.55234139277310845, -1.246834053886042959, 56.45139835791047034 ) ) ;
#4023 = B_SPLINE_CURVE_WITH_KNOTS ( 'NONE', 3,
 ( #5036, #2154, #4448, #4408 ),
 .UNSPECIFIED., .F., .F.,
 ( 4, 4 ),
 ( 0.1404943933070665618, 0.5105259818618662626 ),
 .UNSPECIFIED. ) ;
#4024 = CARTESIAN_POINT ( 'NONE',  ( 18.76848163949195580, -0.4496528706193086422, 54.02769946384930932 ) ) ;
#4025 = ADVANCED_FACE ( 'NONE', ( #6256 ), #4445, .T. ) ;
#4026 = CARTESIAN_POINT ( 'NONE',  ( 21.36306582386270847, -8.484943265265869172, 58.12092354784287096 ) ) ;
#4027 = CARTESIAN_POINT ( 'NONE',  ( 20.61541370310822785, -5.932989872457075542, 60.02189831913597828 ) ) ;
#4028 = CARTESIAN_POINT ( 'NONE',  ( 20.02193525544271679, -2.301689289448602516, -50.81936983829247367 ) ) ;
#4029 = CARTESIAN_POINT ( 'NONE',  ( 177.6372245248677757, -4.336632995456586315, 12.73612168343811746 ) ) ;
#4030 = CARTESIAN_POINT ( 'NONE',  ( 43.43021831464107407, -4.590319893082407177, -79.02654185292769284 ) ) ;
#4031 = CARTESIAN_POINT ( 'NONE',  ( 2.278635128298152956, -3.703653553289438793, -55.52438942545052214 ) ) ;
#4032 = CARTESIAN_POINT ( 'NONE',  ( 15.36201372701080103, -28.28946199912736148, 33.27527279941325133 ) ) ;
#4033 = CARTESIAN_POINT ( 'NONE',  ( 169.5541752804209068, -3.469446951953614189E-15, -23.95462078700874287 ) ) ;
#4034 = CARTESIAN_POINT ( 'NONE',  ( 16.31383409522300099, -5.400126598051920190, 48.75629872811698107 ) ) ;
#4035 = CARTESIAN_POINT ( 'NONE',  ( 20.89236400486482026, -9.632310952875473120, 56.26671780700534242 ) ) ;
#4036 = CARTESIAN_POINT ( 'NONE',  ( 16.58733573342940204, -4.379118806685666776, 52.69707506181617163 ) ) ;
#4037 = CARTESIAN_POINT ( 'NONE',  ( 96.11849395084877301, -1.734723475976807094E-14, -85.98832245682588393 ) ) ;
#4038 = EDGE_CURVE ( 'NONE', #4356, #1297, #280, .T. ) ;
#4039 = ORIENTED_EDGE ( 'NONE', *, *, #1282, .F. ) ;
#4040 = CARTESIAN_POINT ( 'NONE',  ( 177.6578191788383947, -4.690907575402360585, -1.112450123571021354 ) ) ;
#4041 = CARTESIAN_POINT ( 'NONE',  ( 16.32010585833002736, -9.236452696196572276, 40.79087742688309959 ) ) ;
#4042 = CARTESIAN_POINT ( 'NONE',  ( 103.1449999999999392, -58.25464714294840007, 2.050671065172242706E-15 ) ) ;
#4043 = CC_DESIGN_PERSON_AND_ORGANIZATION_ASSIGNMENT ( #685, #6868, ( #4429 ) ) ;
#4044 = CARTESIAN_POINT ( 'NONE',  ( 21.37536408891910256, -33.05809038640332886, -10.27160602742316975 ) ) ;
#4045 = SECURITY_CLASSIFICATION_LEVEL ( 'unclassified' ) ;
#4046 = CARTESIAN_POINT ( 'NONE',  ( 190.5404080223891867, -5.867336362172146380, 1.922073611382302261E-12 ) ) ;
#4047 = ORIENTED_EDGE ( 'NONE', *, *, #6278, .F. ) ;
#4048 = CARTESIAN_POINT ( 'NONE',  ( 35.72382495150625203, -2.750000000000004885, -70.00063935706165807 ) ) ;
#4049 = CARTESIAN_POINT ( 'NONE',  ( 95.06212305304268284, -4.000000000000010658, 89.99058941263852773 ) ) ;
#4050 = CARTESIAN_POINT ( 'NONE',  ( 87.12385508315820459, -22.16292595220783923, -76.39371271191747326 ) ) ;
#4051 = CARTESIAN_POINT ( 'NONE',  ( 21.15026984211197103, -7.993746208257908492, 58.41661561258261059 ) ) ;
#4052 = ADVANCED_FACE ( 'NONE', ( #6904 ), #6181, .F. ) ;
#4053 = CARTESIAN_POINT ( 'NONE',  ( 16.46594909082991975, -3.774245842380755445, 54.23299985392242917 ) ) ;
#4054 = CARTESIAN_POINT ( 'NONE',  ( 19.78291029708934445, -1.650224176651494012, 52.67098700529756883 ) ) ;
#4055 = CARTESIAN_POINT ( 'NONE',  ( 24.06966387977404409, -28.56197512657125870, -17.56902413164285193 ) ) ;
#4056 = CARTESIAN_POINT ( 'NONE',  ( 106.6351044652102331, -4.012729181818442292, 88.51421961647345427 ) ) ;
#4057 = CARTESIAN_POINT ( 'NONE',  ( 178.0224812192901993, -2.965548831270173789E-14, 23.13196444733877399 ) ) ;
#4058 = CARTESIAN_POINT ( 'NONE',  ( 34.29591840025669569, -2.750000000000004885, -68.92114828300012164 ) ) ;
#4059 = FACE_OUTER_BOUND ( 'NONE', #2768, .T. ) ;
#4060 = CARTESIAN_POINT ( 'NONE',  ( 18.60041816957975058, -0.3999065062110759849, 52.56216891237346545 ) ) ;
#4061 = CARTESIAN_POINT ( 'NONE',  ( 21.38090131454243448, -8.491805458778452831, 58.13338452009789847 ) ) ;
#4062 = CARTESIAN_POINT ( 'NONE',  ( 16.46814359543866502, -3.911713667713672571, 53.39418638953669927 ) ) ;
#4063 = CARTESIAN_POINT ( 'NONE',  ( 20.37110378372323183, -2.805188722908753540, -55.76399773226707879 ) ) ;
#4064 = CARTESIAN_POINT ( 'NONE',  ( 109.9173386818876423, -4.077186554083772840, 87.57386049014984053 ) ) ;
#4065 = CARTESIAN_POINT ( 'NONE',  ( 52.76366665725053906, -5.129210927124211672, -83.07498737391181010 ) ) ;
#4066 = CARTESIAN_POINT ( 'NONE',  ( 18.56541936955072458, -0.3010453170978784621, -53.96699476891713232 ) ) ;
#4067 = CARTESIAN_POINT ( 'NONE',  ( 21.36649237272360935, -33.74852470288028172, 3.869407838000062292E-14 ) ) ;
#4068 = CLOSED_SHELL ( 'NONE', ( #1189, #4265, #6048, #2501, #2140, #4476, #4873, #1560, #746, #2491, #1659, #3258, #833, #2238, #5307, #4572, #6491, #2378, #3289, #308, #3942, #6846, #2809 ) ) ;
#4069 = CARTESIAN_POINT ( 'NONE',  ( 10.68988785196087754, -4.207980228640474117E-12, -41.90966391585642015 ) ) ;
#4070 = EDGE_LOOP ( 'NONE', ( #6310, #6443, #2382, #1262 ) ) ;
#4071 = B_SPLINE_CURVE_WITH_KNOTS ( 'NONE', 3,
 ( #2268, #4011, #1720, #4451, #1051, #4558, #5591, #56, #6247, #580, #1198, #3457 ),
 .UNSPECIFIED., .F., .F.,
 ( 4, 2, 2, 2, 2, 4 ),
 ( -5.999999999081826337E-08, 0.0004816982325318657464, 0.0009634564650637222460, 0.001926972930127449990, 0.003854005860254912635, 0.007708071720509823178 ),
 .UNSPECIFIED. ) ;
#4072 = ORIENTED_EDGE ( 'NONE', *, *, #7235, .T. ) ;
#4073 = CARTESIAN_POINT ( 'NONE',  ( 16.41137149221146529, -4.509687455989656257, 50.72109082034465644 ) ) ;
#4074 = CARTESIAN_POINT ( 'NONE',  ( 16.41643277583532168, -4.052497010333715899, 52.11512638374186679 ) ) ;
#4075 = CARTESIAN_POINT ( 'NONE',  ( 136.4901989040170918, -2.524208919042908317E-11, -70.56495374735162329 ) ) ;
#4076 = VERTEX_POINT ( 'NONE', #5694 ) ;
#4077 = CARTESIAN_POINT ( 'NONE',  ( 106.5101547236758677, -4.215294935424417133, 88.06223796085984645 ) ) ;
#4078 = CARTESIAN_POINT ( 'NONE',  ( 179.7338183244079062, -4.000000000000910383, 13.01668353176344262 ) ) ;
#4079 = ORIENTED_EDGE ( 'NONE', *, *, #195, .T. ) ;
#4080 = CARTESIAN_POINT ( 'NONE',  ( 18.86975423956922882, -5.777289728149030674E-15, -55.48044388723582898 ) ) ;
#4081 = PLANE ( 'NONE',  #3372 ) ;
#4082 = TOROIDAL_SURFACE ( 'NONE', #2305, 17.74499999999995481, 5.000000000000000000 ) ;
#4083 = CARTESIAN_POINT ( 'NONE',  ( 21.38069607480102619, -32.64908167557406671, -12.79903068507738340 ) ) ;
#4084 = CARTESIAN_POINT ( 'NONE',  ( 52.85865599879943488, -5.330285317020210023, -82.93029894115520051 ) ) ;
#4085 = AXIS2_PLACEMENT_3D ( 'NONE', #2710, #6717, #2750 ) ;
#4086 = CARTESIAN_POINT ( 'NONE',  ( 146.2327177945933840, -2.750000000062131189, -62.73972837640305755 ) ) ;
#4087 = CARTESIAN_POINT ( 'NONE',  ( 38.95989793951828517, -4.000000000000001776, -76.95956909385098754 ) ) ;
#4088 = CARTESIAN_POINT ( 'NONE',  ( 18.70996703290066066, -31.58140437854546079, 5.551115123125782702E-14 ) ) ;
#4089 = CARTESIAN_POINT ( 'NONE',  ( 21.10781003602627592, -7.978341220669094014, 58.38466377757499259 ) ) ;
#4090 = CARTESIAN_POINT ( 'NONE',  ( 16.45608280629164000, -3.771877491353451628, 54.14663047030103371 ) ) ;
#4091 = CARTESIAN_POINT ( 'NONE',  ( 117.9131557670228574, -56.13001623236044679, 18.61463320748679706 ) ) ;
#4092 = CARTESIAN_POINT ( 'NONE',  ( 24.06868764514356585, -30.75811211745549656, -2.682346357733385034 ) ) ;
#4093 = CARTESIAN_POINT ( 'NONE',  ( 144.2381236491450238, -4.030191003464896227, 71.87524489405642214 ) ) ;
#4094 = CARTESIAN_POINT ( 'NONE',  ( 161.5607535182063543, -2.718568204201560908E-14, 55.46779035609562669 ) ) ;
#4095 = CARTESIAN_POINT ( 'NONE',  ( 103.1449999999999108, -58.93658393131476458, -33.48999999999981725 ) ) ;
#4096 = CARTESIAN_POINT ( 'NONE',  ( 175.4847361862602213, -5.887603008436117946, 1.090973370233899941E-14 ) ) ;
#4097 = CARTESIAN_POINT ( 'NONE',  ( 15.19182859046031098, 3.484327440935923725, 56.28069558441281828 ) ) ;
#4098 = EDGE_CURVE ( 'NONE', #6476, #4076, #3239, .T. ) ;
#4099 = CARTESIAN_POINT ( 'NONE',  ( 41.91038055943430152, -3.430911900466263820, 90.79763387344412706 ) ) ;
#4100 = EDGE_LOOP ( 'NONE', ( #4733, #277, #3827, #748 ) ) ;
#4101 = CARTESIAN_POINT ( 'NONE',  ( 16.38521740371716007, -4.077044755807129661, 51.63739103030552258 ) ) ;
#4102 = CARTESIAN_POINT ( 'NONE',  ( 17.73009614815213197, -5.044883764720530905, 56.32913597517671889 ) ) ;
#4103 = CARTESIAN_POINT ( 'NONE',  ( 17.73705068469503132, 2.296171193620335949, -58.07164023368725481 ) ) ;
#4104 = CARTESIAN_POINT ( 'NONE',  ( 113.2093669689627404, -4.086777573463416857, 86.63142679940186497 ) ) ;
#4105 = CARTESIAN_POINT ( 'NONE',  ( 175.1885795885021651, -5.375052724485899880, 12.38803948759232476 ) ) ;
#4106 = CARTESIAN_POINT ( 'NONE',  ( 0.4197797576787116181, -5.917256049253490247, 58.69106276797447208 ) ) ;
#4107 = CARTESIAN_POINT ( 'NONE',  ( 2.323284196499066923, -3.703653553289440126, 55.52438942545054346 ) ) ;
#4108 = CARTESIAN_POINT ( 'NONE',  ( 21.17458256879345768, -6.722053469410127491E-15, 58.37083434007483618 ) ) ;
#4109 = VERTEX_POINT ( 'NONE', #793 ) ;
#4110 = CARTESIAN_POINT ( 'NONE',  ( 16.32124995610688600, -4.210278379211247923, 50.40746182348261328 ) ) ;
#4111 = CARTESIAN_POINT ( 'NONE',  ( 21.09267093611449084, -7.346034382473671798, 59.05322698354424205 ) ) ;
#4112 = CARTESIAN_POINT ( 'NONE',  ( 10.68988785196087754, -4.207980228640474117E-12, -41.90966391585642015 ) ) ;
#4113 = CARTESIAN_POINT ( 'NONE',  ( 2.052269624041213270, -41.52293940755559731, 8.767905345461418420 ) ) ;
#4114 = CARTESIAN_POINT ( 'NONE',  ( 117.9319705692372651, -4.746389676936849433, -86.04339963143371506 ) ) ;
#4115 = CARTESIAN_POINT ( 'NONE',  ( 159.9470958731338612, -4.000000000000026645, 57.87168192638536368 ) ) ;
#4116 = CARTESIAN_POINT ( 'NONE',  ( 6.564848114882761543, -37.06834418105949425, 11.16396364777986960 ) ) ;
#4117 = CARTESIAN_POINT ( 'NONE',  ( 21.18153485469751374, -7.646440620064152149, 58.82989659918140291 ) ) ;
#4118 = CARTESIAN_POINT ( 'NONE',  ( 21.30082354247300458, -13.75797765246041315, 51.90023753153720065 ) ) ;
#4119 = ADVANCED_FACE ( 'NONE', ( #6417 ), #2899, .T. ) ;
#4120 = CARTESIAN_POINT ( 'NONE',  ( 96.43097522987564219, -4.119317510182358255, 89.69527424273745453 ) ) ;
#4121 = CARTESIAN_POINT ( 'NONE',  ( 84.09964810531181456, -6.054575504911822392, -88.68659028703261527 ) ) ;
#4122 = CARTESIAN_POINT ( 'NONE',  ( 46.34484001985579482, -2.750000000002331024, -76.63785662336627524 ) ) ;
#4123 = CARTESIAN_POINT ( 'NONE',  ( -5.941546439323683870, -37.75772136307252680, -6.766400591054750002 ) ) ;
#4124 = CARTESIAN_POINT ( 'NONE',  ( 112.3680914891905189, -49.66000481461368565, -43.06164813685850135 ) ) ;
#4125 = CARTESIAN_POINT ( 'NONE',  ( 17.00083150554303302, -5.179854698608214569, 53.50105399164399245 ) ) ;
#4126 = CARTESIAN_POINT ( 'NONE',  ( 16.40013294339536287, -3.771140841436092295, 53.54882792811272907 ) ) ;
#4127 = CARTESIAN_POINT ( 'NONE',  ( 54.66600174739932072, -47.26221975847405332, 52.45269724046583093 ) ) ;
#4128 = DIRECTION ( 'NONE',  ( 1.500332356076765934E-16, 1.000000000000000000, -0.000000000000000000 ) ) ;
#4129 = EDGE_CURVE ( 'NONE', #2189, #5350, #5106, .T. ) ;
#4130 = CARTESIAN_POINT ( 'NONE',  ( 99.87326209876096073, -4.007994254057512862, 89.56633045453452269 ) ) ;
#4131 = CARTESIAN_POINT ( 'NONE',  ( 169.6529334544813992, -2.839977798097447962E-14, 43.38277590249975901 ) ) ;
#4132 = CARTESIAN_POINT ( 'NONE',  ( 9.825321499566980421, -17.62790387924669488, -45.52699800223872018 ) ) ;
#4133 = CARTESIAN_POINT ( 'NONE',  ( 21.28083657647353633, -0.7368587376243138642, 58.90318335279841477 ) ) ;
#4134 = CARTESIAN_POINT ( 'NONE',  ( 19.56692748723568798, -3.430911900466259379, 75.87408631071586740 ) ) ;
#4135 = CARTESIAN_POINT ( 'NONE',  ( 21.28585263332448818, -8.454770755628482348, 58.06671808206380092 ) ) ;
#4136 = CARTESIAN_POINT ( 'NONE',  ( 18.55720653968022305, -5.457037179065726384, 57.66665962565662085 ) ) ;
#4137 = CARTESIAN_POINT ( 'NONE',  ( 12.86956374062633479, 4.056629669125959126, -53.88192023552377208 ) ) ;
#4138 = CARTESIAN_POINT ( 'NONE',  ( 116.7570520772594733, -4.373197801366961457, -87.93693990857325105 ) ) ;
#4139 = CARTESIAN_POINT ( 'NONE',  ( 150.9614547083876630, -5.513479110803119809, -62.20512836947077773 ) ) ;
#4140 = CARTESIAN_POINT ( 'NONE',  ( 18.52617807806223738, -0.3559163693195142031, -52.38629851418096450 ) ) ;
#4141 = CARTESIAN_POINT ( 'NONE',  ( 17.22797001347964496, -5.530967528539164965E-15, 47.39922134573487966 ) ) ;
#4142 = CARTESIAN_POINT ( 'NONE',  ( 118.3707368188638753, -6.938893903907228378E-15, -80.27639461562311851 ) ) ;
#4143 = VERTEX_POINT ( 'NONE', #5323 ) ;
#4144 = CARTESIAN_POINT ( 'NONE',  ( 17.74382429839503672, -6.972779455193194309, 53.32235012799316110 ) ) ;
#4145 = CARTESIAN_POINT ( 'NONE',  ( 20.98871534543567918, -6.885355491178368759, 59.42847531346248502 ) ) ;
#4146 = CARTESIAN_POINT ( 'NONE',  ( 50.37539857435513824, -9.540979117872439019E-15, -86.91591692552921700 ) ) ;
#4147 = CARTESIAN_POINT ( 'NONE',  ( -7.642104353420839935, -42.00000981592695126, 4.762769156237399493 ) ) ;
#4148 = CARTESIAN_POINT ( 'NONE',  ( 175.8785695961313422, -4.708212896527980362, -18.21818310696425769 ) ) ;
#4149 = CARTESIAN_POINT ( 'NONE',  ( 179.9673480410671118, -4.000000000000031086, -19.06410047741910319 ) ) ;
#4150 = CARTESIAN_POINT ( 'NONE',  ( 18.38857056989982297, -5.718540077764109464E-15, -54.88775978469627859 ) ) ;
#4151 = LINE ( 'NONE', #6938, #5944 ) ;
#4152 = CARTESIAN_POINT ( 'NONE',  ( 21.31116221833470448, -13.76530457265700136, 51.90406644354174404 ) ) ;
#4153 = CARTESIAN_POINT ( 'NONE',  ( 52.56876719675600640, -4.774770822179986496, -83.43950875708129900 ) ) ;
#4154 = COORDINATED_UNIVERSAL_TIME_OFFSET ( 5, 0, .AHEAD. ) ;
#4155 = CARTESIAN_POINT ( 'NONE',  ( 110.4875490575772119, -6.195061110106739655, -85.10463341099814727 ) ) ;
#4156 = CARTESIAN_POINT ( 'NONE',  ( 98.63664753130919394, -1.523112366086466628E-12, 87.02704248594901060 ) ) ;
#4157 = CARTESIAN_POINT ( 'NONE',  ( 8.515203596497180172, -38.14016509555059287, -2.928953323237491801 ) ) ;
#4158 = CARTESIAN_POINT ( 'NONE',  ( 140.2084641158939462, -4.962481512572415987, -89.22801082659113092 ) ) ;
#4159 = B_SPLINE_CURVE_WITH_KNOTS ( 'NONE', 3,
 ( #3751, #976, #5512, #3823, #4816, #1456, #468, #7165, #2115, #6569, #4372, #6644, #6058, #3126 ),
 .UNSPECIFIED., .F., .F.,
 ( 4, 2, 2, 2, 2, 2, 4 ),
 ( 0.000000000000000000, 0.003836890738074215379, 0.005755336107111327405, 0.006714558791629884719, 0.007194170133889158172, 0.007433975805018795333, 0.007673781476148432493 ),
 .UNSPECIFIED. ) ;
#4160 = CARTESIAN_POINT ( 'NONE',  ( 21.26226312825124509, -8.033470931337653553, 58.49973353904220374 ) ) ;
#4161 = CARTESIAN_POINT ( 'NONE',  ( 16.62892387748082967, -3.893740134928777241, 54.89814401464728633 ) ) ;
#4162 = CARTESIAN_POINT ( 'NONE',  ( 30.67915473062146603, -13.94371515320612964, 92.10023280498643317 ) ) ;
#4163 = CARTESIAN_POINT ( 'NONE',  ( 20.50309012260771979, -14.40661617475239886, 41.26409737641960618 ) ) ;
#4164 = CARTESIAN_POINT ( 'NONE',  ( 165.4175433247299054, -4.036652774780515429, 48.84617090234238646 ) ) ;
#4165 = CARTESIAN_POINT ( 'NONE',  ( 153.8217036636223440, -2.602456735180325601E-14, 64.09302375280167041 ) ) ;
#4166 = DIRECTION ( 'NONE',  ( 0.000000000000000000, 0.000000000000000000, -1.000000000000000000 ) ) ;
#4167 = DIRECTION ( 'NONE',  ( -1.000000000000000000, 0.000000000000000000, 0.000000000000000000 ) ) ;
#4168 = CARTESIAN_POINT ( 'NONE',  ( 68.73339646511858803, -57.00057409172650580, 35.33320706976280690 ) ) ;
#4169 = CARTESIAN_POINT ( 'NONE',  ( 16.34729199222559615, -4.027882834228371678, 51.32833569323330636 ) ) ;
#4170 = CARTESIAN_POINT ( 'NONE',  ( 18.45432522717754864, -5.142218203517423092, 57.91343608815238042 ) ) ;
#4171 = CARTESIAN_POINT ( 'NONE',  ( 18.87860090393249735, -0.5812504001694323019, -53.13263165363182594 ) ) ;
#4172 = CARTESIAN_POINT ( 'NONE',  ( 108.3113585135143779, -4.371288444719915844, -90.33152039863855975 ) ) ;
#4173 = CARTESIAN_POINT ( 'NONE',  ( 20.03845330634821309, -2.364814229613612095, -50.60400232116412411 ) ) ;
#4174 = CARTESIAN_POINT ( 'NONE',  ( 19.06014325821328725, -4.000000000000001776, 60.31839669208855526 ) ) ;
#4175 = CARTESIAN_POINT ( 'NONE',  ( 71.95066676088214308, -3.365322771477881622E-11, -85.32090888261564032 ) ) ;
#4176 = ORIENTED_EDGE ( 'NONE', *, *, #2629, .T. ) ;
#4177 = EDGE_LOOP ( 'NONE', ( #1333, #4410, #3299, #4630 ) ) ;
#4178 = CARTESIAN_POINT ( 'NONE',  ( 17.25834902140008964, -6.355381513810043792, 52.65731770138298629 ) ) ;
#4179 = CARTESIAN_POINT ( 'NONE',  ( 20.82620038321645595, -7.266644851587753529, 58.83543488027347479 ) ) ;
#4180 = CARTESIAN_POINT ( 'NONE',  ( 12.20996135096027047, -38.00931319442268119, 4.483356294548791254 ) ) ;
#4181 = CARTESIAN_POINT ( 'NONE',  ( 157.1197545002842446, -4.736683068598794399, -58.54074198998415568 ) ) ;
#4182 = CARTESIAN_POINT ( 'NONE',  ( 173.0253956250703595, -4.000000000000029310, 36.89050959708814048 ) ) ;
#4183 = AXIS2_PLACEMENT_3D ( 'NONE', #1013, #3229, #7057 ) ;
#4184 = CARTESIAN_POINT ( 'NONE',  ( -0.3537142328755417120, -36.70759896746905326, 12.93852122377909986 ) ) ;
#4185 = CARTESIAN_POINT ( 'NONE',  ( 3.678515572113506327, -37.56073582913580111, 8.219090997699085577 ) ) ;
#4186 = CARTESIAN_POINT ( 'NONE',  ( 21.32150088295183821, -13.77263157136034799, 51.90789523061555855 ) ) ;
#4187 = AXIS2_PLACEMENT_3D ( 'NONE', #6062, #614, #6176 ) ;
#4188 = CARTESIAN_POINT ( 'NONE',  ( 172.2004922000986653, -5.203108656936365151, -27.87030332248273012 ) ) ;
#4189 = CARTESIAN_POINT ( 'NONE',  ( 109.7761728528268463, -4.598381315679981540, 86.92569932478676265 ) ) ;
#4190 = CARTESIAN_POINT ( 'NONE',  ( 159.3621855590919267, -1.246147530195192495E-11, -54.73889826349774523 ) ) ;
#4191 = CIRCLE ( 'NONE', #5722, 13.00000000000000178 ) ;
#4192 = CARTESIAN_POINT ( 'NONE',  ( -2.349411367886184987, -37.48780330480713019, -8.707792539281816957 ) ) ;
#4193 = CARTESIAN_POINT ( 'NONE',  ( 177.6310885131581472, -4.240957621055598814, -51.53876064177623562 ) ) ;
#4194 = CARTESIAN_POINT ( 'NONE',  ( 21.25803367360434848, -7.927488588374895784, 58.60972770881600269 ) ) ;
#4195 = CARTESIAN_POINT ( 'NONE',  ( 16.45930673332721028, -3.801312144263547577, 53.97632947554041039 ) ) ;
#4196 = CARTESIAN_POINT ( 'NONE',  ( 132.1963904380772306, -50.78462308660629532, 27.05165476076339814 ) ) ;
#4197 = CARTESIAN_POINT ( 'NONE',  ( 24.05274101873691350, -13.90159602008338702, 46.95265150056989967 ) ) ;
#4198 = CARTESIAN_POINT ( 'NONE',  ( 179.2062253612602944, -4.041273187023146640, 12.94737280034585680 ) ) ;
#4199 = CARTESIAN_POINT ( 'NONE',  ( 145.4805699103256984, -2.477312006615974909E-14, 71.34739982062896502 ) ) ;
#4200 = CARTESIAN_POINT ( 'NONE',  ( 5.898546991399757466, -10.41161429117953574, -51.21488018642141782 ) ) ;
#4201 = CARTESIAN_POINT ( 'NONE',  ( -22.00000000000000355, -6.042206025863526619, -58.61996199853946621 ) ) ;
#4202 = CARTESIAN_POINT ( 'NONE',  ( 104.0666035348814091, -57.00057409172650580, 2.163534947079783036E-15 ) ) ;
#4203 = CARTESIAN_POINT ( 'NONE',  ( 16.36166370064552567, -4.009741660797724094, 51.59462594757633269 ) ) ;
#4204 = CARTESIAN_POINT ( 'NONE',  ( 16.47187117200859419, -3.915416989551198323, 53.41576526342588949 ) ) ;
#4205 = CARTESIAN_POINT ( 'NONE',  ( 10.17952613907829296, 4.270947642886495643, -50.27374708978026518 ) ) ;
#4206 = CARTESIAN_POINT ( 'NONE',  ( 71.87748729229782896, -4.325353991430259448, -90.78216762804828477 ) ) ;
#4207 = CARTESIAN_POINT ( 'NONE',  ( 20.09695960793047220, -2.776559890909158224, -48.90491494744075140 ) ) ;
#4208 = CARTESIAN_POINT ( 'NONE',  ( 14.70320542728827817, -33.33815275696120750, -32.72685932225629557 ) ) ;
#4209 =( BOUNDED_SURFACE ( )  B_SPLINE_SURFACE ( 3, 3, ( 
 ( #1137, #6187, #2354, #2392 ),
 ( #3985, #1798, #1285, #1248 ),
 ( #3397, #1835, #5120, #6882 ),
 ( #105, #142, #3542, #2918 ) ),
 .UNSPECIFIED., .F., .F., .F. ) 
 B_SPLINE_SURFACE_WITH_KNOTS ( ( 4, 4 ),
 ( 4, 4 ),
 ( 0.1404943933070634254, 0.7211989875417014195 ),
 ( 0.000000000000000000, 1.000000000000000000 ),
 .UNSPECIFIED. ) 
 GEOMETRIC_REPRESENTATION_ITEM ( )  RATIONAL_B_SPLINE_SURFACE ( (
 ( 1.000000000000000000, 0.3333333333333334259, 0.3333333333333334259, 1.000000000000000000),
 ( 1.000000000000000000, 0.3333333333333334259, 0.3333333333333334259, 1.000000000000000000),
 ( 1.000000000000000000, 0.3333333333333334259, 0.3333333333333334259, 1.000000000000000000),
 ( 1.000000000000000000, 0.3333333333333334259, 0.3333333333333334259, 1.000000000000000000) ) ) 
 REPRESENTATION_ITEM ( '' )  SURFACE ( )  );
#4210 = CARTESIAN_POINT ( 'NONE',  ( 86.39766024207288808, -1.734723475976807094E-14, -102.9121479806334634 ) ) ;
#4211 = ORIENTED_EDGE ( 'NONE', *, *, #3639, .F. ) ;
#4212 = CARTESIAN_POINT ( 'NONE',  ( 20.80496011791162658, -8.829149136475129112, 57.06587252968983393 ) ) ;
#4213 = CARTESIAN_POINT ( 'NONE',  ( 21.10787018517085656, -7.350380589442590207, 59.06539374514331087 ) ) ;
#4214 = CARTESIAN_POINT ( 'NONE',  ( 121.5795761528397207, -2.081668171172168513E-14, -100.4274179920837184 ) ) ;
#4215 = CARTESIAN_POINT ( 'NONE',  ( 136.4289342663751086, -4.744505342495286548, -76.75513275194279572 ) ) ;
#4216 = CARTESIAN_POINT ( 'NONE',  ( 96.50792203263128499, -4.000000000000017764, 89.97178162245093347 ) ) ;
#4217 = EDGE_CURVE ( 'NONE', #2818, #2193, #57, .T. ) ;
#4218 = CARTESIAN_POINT ( 'NONE',  ( 24.06868651804343529, -30.76464823286625716, -2.500610461237098736 ) ) ;
#4219 = CARTESIAN_POINT ( 'NONE',  ( 86.40000000000000568, -5.500000000000017764, 0.000000000000000000 ) ) ;
#4220 = CARTESIAN_POINT ( 'NONE',  ( 86.39999999999994884, -58.15464714294839155, 0.000000000000000000 ) ) ;
#4221 = CARTESIAN_POINT ( 'NONE',  ( 72.18021494061913756, -5.091535103070470747, -88.96663292645864374 ) ) ;
#4222 = CARTESIAN_POINT ( 'NONE',  ( 131.4906101190011043, -5.040200279105848225, 77.52874477874381398 ) ) ;
#4223 = CARTESIAN_POINT ( 'NONE',  ( 21.46316710402633277, -26.40750714777874819, -32.26460995295641254 ) ) ;
#4224 = CARTESIAN_POINT ( 'NONE',  ( 69.65631538370770670, -1.344410693882025498E-14, 87.56352853618339793 ) ) ;
#4225 = CARTESIAN_POINT ( 'NONE',  ( -2.910244272334485238, -37.51396696686996535, -8.536934965221931293 ) ) ;
#4226 = CARTESIAN_POINT ( 'NONE',  ( 177.1212716585918656, -4.962481512572423092, -51.25075214306313853 ) ) ;
#4227 = B_SPLINE_CURVE_WITH_KNOTS ( 'NONE', 2,
 ( #2471, #6294, #627 ),
 .UNSPECIFIED., .F., .F.,
 ( 3, 3 ),
 ( 0.000000000000000000, 0.9230367380877015915 ),
 .UNSPECIFIED. ) ;
#4228 = CARTESIAN_POINT ( 'NONE',  ( 18.27851072298058810, -6.398034902029939630, 55.72121219210104215 ) ) ;
#4229 = CARTESIAN_POINT ( 'NONE',  ( 19.30289549463778798, -3.607892514989670563, 60.99968329701582093 ) ) ;
#4230 = CARTESIAN_POINT ( 'NONE',  ( 13.24436795318036530, -33.22972007004623407, -1.542452698203082617 ) ) ;
#4231 = CARTESIAN_POINT ( 'NONE',  ( 20.81258705124014696, -23.26944861372985685, 8.875131127088184968 ) ) ;
#4232 = CARTESIAN_POINT ( 'NONE',  ( 76.88226631986596260, -4.041333140573506455, -93.25209526084532285 ) ) ;
#4233 = CARTESIAN_POINT ( 'NONE',  ( 23.13850053261340989, -58.99259783589943140, -3.625970439761835743E-15 ) ) ;
#4234 = CARTESIAN_POINT ( 'NONE',  ( 170.6007686002832315, -12.55679940439087972, 1.031162017520838242E-14 ) ) ;
#4235 = CARTESIAN_POINT ( 'NONE',  ( 16.70065817965748778, -20.13404535713094390, -20.98600993209131360 ) ) ;
#4236 = FACE_OUTER_BOUND ( 'NONE', #3414, .T. ) ;
#4237 = CARTESIAN_POINT ( 'NONE',  ( 21.30836948326292912, -8.361071307474285064, 58.19498057922680090 ) ) ;
#4238 = CARTESIAN_POINT ( 'NONE',  ( 16.50882682946100388, -3.882925879530473967, 53.99862100302094348 ) ) ;
#4239 = CARTESIAN_POINT ( 'NONE',  ( 17.08416995746702938, -5.868009344406344141E-05, -45.76081386352363722 ) ) ;
#4240 = CARTESIAN_POINT ( 'NONE',  ( 75.24019949144684460, -4.207778082747071657, -91.93361233020728207 ) ) ;
#4241 = CARTESIAN_POINT ( 'NONE',  ( 19.29579870645050121, -0.9514124342943627299, -53.49184969459870587 ) ) ;
#4242 = CARTESIAN_POINT ( 'NONE',  ( 16.69295481453849561, -4.000000000000068390, 54.95632091431517097 ) ) ;
#4243 = EDGE_CURVE ( 'NONE', #2267, #1811, #3703, .T. ) ;
#4244 = CARTESIAN_POINT ( 'NONE',  ( 15.86505244659316638, -5.204170427930421283E-15, -51.62444078544004356 ) ) ;
#4245 = ORIENTED_EDGE ( 'NONE', *, *, #2397, .T. ) ;
#4246 = VERTEX_POINT ( 'NONE', #4768 ) ;
#4247 = ORIENTED_EDGE ( 'NONE', *, *, #714, .T. ) ;
#4248 = CARTESIAN_POINT ( 'NONE',  ( 21.22859977058082137, -8.834352944810262898, 57.58130323708752485 ) ) ;
#4249 = CARTESIAN_POINT ( 'NONE',  ( 20.90367577948263289, -6.865060132844930330, 59.35605725173078895 ) ) ;
#4250 = CARTESIAN_POINT ( 'NONE',  ( 5.804186910844256531, -36.97644488206863400, 11.64020142811883929 ) ) ;
#4251 = CARTESIAN_POINT ( 'NONE',  ( 90.88571321583241058, -4.718351479527298942, -91.34252780701463337 ) ) ;
#4252 = CARTESIAN_POINT ( 'NONE',  ( 113.4091047950974200, -4.000000000000020428, 87.13493652173796988 ) ) ;
#4253 = CARTESIAN_POINT ( 'NONE',  ( 24.06868098659753485, -30.79925755746091554, 1.107226648382963385E-13 ) ) ;
#4254 = CARTESIAN_POINT ( 'NONE',  ( -2.349904191062429426, -5.117007581905480329, 59.14098253490259083 ) ) ;
#4255 = EDGE_CURVE ( 'NONE', #4725, #1437, #5548, .T. ) ;
#4256 = CARTESIAN_POINT ( 'NONE',  ( 21.36649237272360935, -33.74852470288028172, 3.869407838000062292E-14 ) ) ;
#4257 = ADVANCED_FACE ( 'NONE', ( #2071 ), #4874, .F. ) ;
#4258 = CARTESIAN_POINT ( 'NONE',  ( 176.5134278219324528, -5.165579392480547760, -4.509293148485374658 ) ) ;
#4259 = CARTESIAN_POINT ( 'NONE',  ( 150.5216110873267610, -5.827231924668057950, -61.78332524863029818 ) ) ;
#4260 = CARTESIAN_POINT ( 'NONE',  ( 21.52294480812657085, -21.31742195016047248, -41.87943290854705936 ) ) ;
#4261 = CARTESIAN_POINT ( 'NONE',  ( 33.93368542632993723, -8.000724920888239504E-15, -72.46304158779200577 ) ) ;
#4262 = CARTESIAN_POINT ( 'NONE',  ( -8.075197398648855440, -38.05426017961461582, -3.984775573347654198 ) ) ;
#4263 = ORIENTED_EDGE ( 'NONE', *, *, #6504, .F. ) ;
#4264 = CARTESIAN_POINT ( 'NONE',  ( 86.39999999999994884, -58.25464714294840007, 0.000000000000000000 ) ) ;
#4265 = ADVANCED_FACE ( 'NONE', ( #7118 ), #161, .T. ) ;
#4266 = CARTESIAN_POINT ( 'NONE',  ( 16.41254716843130623, -4.062606640815691783, 52.02860574213503497 ) ) ;
#4267 = CARTESIAN_POINT ( 'NONE',  ( 17.85849853941758525, -3.939159030388226235, 58.58663159754250671 ) ) ;
#4268 = CARTESIAN_POINT ( 'NONE',  ( 172.7999645039342624, -2.750000000005643930, 5.502228282717877805E-09 ) ) ;
#4269 = CARTESIAN_POINT ( 'NONE',  ( 20.88158720442423899, -25.24535447696710477, 18.85848729084256092 ) ) ;
#4270 = CARTESIAN_POINT ( 'NONE',  ( 112.2936066288895347, -4.045931682869683854, -91.50109350079740977 ) ) ;
#4271 = CARTESIAN_POINT ( 'NONE',  ( 115.0035839151125998, -2.020055924572807874E-14, 86.69917953910545805 ) ) ;
#4272 = CARTESIAN_POINT ( 'NONE',  ( 159.5718911911923499, -33.22972007004717909, -146.3437823823846315 ) ) ;
#4273 = CARTESIAN_POINT ( 'NONE',  ( 17.80974923605857185, -0.08333405353235211199, 49.78791731535611120 ) ) ;
#4274 = CARTESIAN_POINT ( 'NONE',  ( 104.0666035348814233, -57.00057409172650580, 35.33320706976282821 ) ) ;
#4275 = CARTESIAN_POINT ( 'NONE',  ( 16.50237749770234075, -4.326281404178057954, 52.09047763255700403 ) ) ;
#4276 = CARTESIAN_POINT ( 'NONE',  ( 16.45131903048270061, -3.857357530446702487, 53.52077346503033084 ) ) ;
#4277 = CARTESIAN_POINT ( 'NONE',  ( -8.998799112008937229, 11.74493434166574346, 0.1470188481355287347 ) ) ;
#4278 = CARTESIAN_POINT ( 'NONE',  ( 26.84775738890379770, -1.480280924827221511, -62.59785144899127118 ) ) ;
#4279 = CARTESIAN_POINT ( 'NONE',  ( 110.1986506549839078, -4.231834288625908158, -90.60648973880421408 ) ) ;
#4280 = CARTESIAN_POINT ( 'NONE',  ( 19.07334698233631087, -40.88189669053598152, 38.76238080152554488 ) ) ;
#4281 = CARTESIAN_POINT ( 'NONE',  ( 9.959120357103254051, -23.76636998818165125, -45.18633433662973431 ) ) ;
#4282 = CARTESIAN_POINT ( 'NONE',  ( 125.7701606233306251, -2.081668171172168513E-14, -98.85565219164327289 ) ) ;
#4283 = VERTEX_POINT ( 'NONE', #526 ) ;
#4284 = ORIENTED_EDGE ( 'NONE', *, *, #4540, .F. ) ;
#4285 = CARTESIAN_POINT ( 'NONE',  ( 18.27661686256927709, -6.974917794561204865, 54.92161740913363133 ) ) ;
#4286 = CARTESIAN_POINT ( 'NONE',  ( 20.95709625981245594, -6.877894799601212306, 59.40157242676441030 ) ) ;
#4287 = CARTESIAN_POINT ( 'NONE',  ( 27.64808966943321877, -6.722053469410127491E-15, -65.78919707471332856 ) ) ;
#4288 = CARTESIAN_POINT ( 'NONE',  ( 66.89026197123560280, -4.465284100229412800, -89.17968504917725170 ) ) ;
#4289 = CARTESIAN_POINT ( 'NONE',  ( 155.7446564925140251, -4.000000000000026645, -66.81849511670871777 ) ) ;
#4290 = CARTESIAN_POINT ( 'NONE',  ( 24.05769696275924474, -14.82554205931210412, -45.89415286845728303 ) ) ;
#4291 = CARTESIAN_POINT ( 'NONE',  ( 21.41798399403150555, -13.06329117402133910, 52.91221395266855154 ) ) ;
#4292 = CARTESIAN_POINT ( 'NONE',  ( 18.87978037614491811, -1.000000000000005773, -53.92075191586115324 ) ) ;
#4293 = CARTESIAN_POINT ( 'NONE',  ( 177.0324904920601625, -4.911064169477340258, -4.532632385203767988 ) ) ;
#4294 = CARTESIAN_POINT ( 'NONE',  ( 160.6024490189993230, -5.450743330924356478, 49.82174045980560351 ) ) ;
#4295 = CARTESIAN_POINT ( 'NONE',  ( 16.01381370915144942, -0.4653931337512904332, -51.10453926176337802 ) ) ;
#4296 = CARTESIAN_POINT ( 'NONE',  ( -8.769924765661569310, -42.20890004554978958, -2.043137825750152903 ) ) ;
#4297 = CARTESIAN_POINT ( 'NONE',  ( 19.64252135093073548, -0.9941042480861462804, -54.86225104427013832 ) ) ;
#4298 = AXIS2_PLACEMENT_3D ( 'NONE', #3837, #1058, #5488 ) ;
#4299 = CARTESIAN_POINT ( 'NONE',  ( -3.838103111921536303, -4.240957621055571281, -53.25823979956732757 ) ) ;
#4300 = CARTESIAN_POINT ( 'NONE',  ( 19.26925095332399707, -3.617819874401196678, 60.95226648974363570 ) ) ;
#4301 = CARTESIAN_POINT ( 'NONE',  ( 86.14473783712176669, -57.95386985700424987, 24.21589985473444173 ) ) ;
#4302 = CARTESIAN_POINT ( 'NONE',  ( 20.82892071903681241, -23.73718366179423001, -2.391642695248867856 ) ) ;
#4303 = CIRCLE ( 'NONE', #3959, 104.1404080223891810 ) ;
#4304 = CARTESIAN_POINT ( 'NONE',  ( 66.54964957503769085, -4.037797040075497002, -90.89440805488139574 ) ) ;
#4305 = CARTESIAN_POINT ( 'NONE',  ( 69.65499999999995850, -58.25464714294840007, 0.000000000000000000 ) ) ;
#4306 = CARTESIAN_POINT ( 'NONE',  ( 176.0369276764568554, -5.101080563531526835, 1.097735765643756429E-14 ) ) ;
#4307 = CARTESIAN_POINT ( 'NONE',  ( 16.82580915544836486, -23.71790039848272968, -4.929649934133604638 ) ) ;
#4308 = AXIS2_PLACEMENT_3D ( 'NONE', #673, #3516, #6339 ) ;
#4309 = CARTESIAN_POINT ( 'NONE',  ( 20.53727395811537093, -8.038835588913501695, 57.61221528959699612 ) ) ;
#4310 = CARTESIAN_POINT ( 'NONE',  ( 16.62254112913581494, -4.056387261237101249, 54.14241770475523907 ) ) ;
#4311 = CARTESIAN_POINT ( 'NONE',  ( 17.82480353162095099, -0.08567586001579430288, 49.86598600452774832 ) ) ;
#4312 = B_SPLINE_CURVE_WITH_KNOTS ( 'NONE', 3,
 ( #6872, #1239, #5111, #4559, #3497, #1826 ),
 .UNSPECIFIED., .F., .F.,
 ( 4, 2, 4 ),
 ( 0.000000000000000000, 0.4995554616113897506, 0.9991109232227799453 ),
 .UNSPECIFIED. ) ;
#4313 = CARTESIAN_POINT ( 'NONE',  ( -4.504591133929642943, -41.65783475387775781, 7.797174366520627231 ) ) ;
#4314 = CARTESIAN_POINT ( 'NONE',  ( 175.0415286650915050, -4.202869012540760174, 26.41329789713309850 ) ) ;
#4315 = DIRECTION ( 'NONE',  ( 1.500332356076765934E-16, 1.000000000000000000, -0.000000000000000000 ) ) ;
#4316 = CARTESIAN_POINT ( 'NONE',  ( 21.59189581350538489, -11.59494721303169662, 54.86508411244690109 ) ) ;
#4317 = LOCAL_TIME ( 7, 56, 26.00000000000000000, #1234 ) ;
#4318 = CARTESIAN_POINT ( 'NONE',  ( -8.998799112008937229, -38.29893327245715540, 0.1470188481355302890 ) ) ;
#4319 = CARTESIAN_POINT ( 'NONE',  ( 112.9426867220257265, -2.081668171172168513E-14, -102.7724307291104822 ) ) ;
#4320 = ORIENTED_EDGE ( 'NONE', *, *, #3676, .F. ) ;
#4321 = CARTESIAN_POINT ( 'NONE',  ( 16.43279996798128195, -4.338442582331682118, 51.37111456207313864 ) ) ;
#4322 = CARTESIAN_POINT ( 'NONE',  ( 16.43985316073058911, -3.965276056619352563, 52.78054841104803785 ) ) ;
#4323 = DIRECTION ( 'NONE',  ( 0.000000000000000000, 0.000000000000000000, 1.000000000000000000 ) ) ;
#4324 = CARTESIAN_POINT ( 'NONE',  ( 113.2052985652479293, -4.559116328480063984, -88.33620249726764939 ) ) ;
#4325 = CARTESIAN_POINT ( 'NONE',  ( 119.6117211831179219, -4.000000000000021316, -90.62730087323635075 ) ) ;
#4326 = CARTESIAN_POINT ( 'NONE',  ( 24.06871548977510855, -30.62797240854587599, -4.984144889141674639 ) ) ;
#4327 = B_SPLINE_CURVE_WITH_KNOTS ( 'NONE', 3,
 ( #4382, #4860, #3836, #4311, #2649, #1540, #3872, #1057, #4898, #3317, #511, #3797, #6545, #2093, #4349, #1507, #1760, #6765, #2350, #3944, #6183, #5744, #6252, #3354, #4054, #2951, #3463, #692, #1133, #3393, #5633, #101 ),
 .UNSPECIFIED., .F., .F.,
 ( 4, 2, 2, 2, 2, 2, 2, 2, 2, 2, 2, 2, 2, 2, 2, 4 ),
 ( 0.000000000000000000, 0.003467483140950620903, 0.005201224711425941546, 0.006068095496663604253, 0.006934966281901266093, 0.007368401674520105686, 0.007801837067138946147, 0.008018554763448376352, 0.008235272459757804822, 0.008451990156067235027, 0.008668707852376665232, 0.009102143244995542989, 0.009535578637614422481, 0.01040244942285218147, 0.01213619099332770117, 0.01386993256380321914 ),
 .UNSPECIFIED. ) ;
#4328 = CARTESIAN_POINT ( 'NONE',  ( 16.07688566384032569, -4.546426626993146591, 47.15712131056957190 ) ) ;
#4329 = CARTESIAN_POINT ( 'NONE',  ( 109.1829470980048740, -5.523572509874725256, -86.72948456855522181 ) ) ;
#4330 = CARTESIAN_POINT ( 'NONE',  ( 18.77719939847388986, -6.836543716161899886E-12, 53.99627359746965993 ) ) ;
#4331 = CARTESIAN_POINT ( 'NONE',  ( 161.4418548330046690, -4.776527366469878189, 50.40289182828085046 ) ) ;
#4332 = CARTESIAN_POINT ( 'NONE',  ( 21.61031641667461756, -6.380211880952725068, -60.63486813584262336 ) ) ;
#4333 = CARTESIAN_POINT ( 'NONE',  ( -6.780445274228788399, -41.88131362961307502, -5.947206269542724577 ) ) ;
#4334 = CARTESIAN_POINT ( 'NONE',  ( 40.39899664144156333, -4.083640624843368094, -73.29630559321161343 ) ) ;
#4335 = EDGE_CURVE ( 'NONE', #5626, #4246, #3408, .T. ) ;
#4336 = CARTESIAN_POINT ( 'NONE',  ( 20.34536719873064570, -6.042206017372989457, -53.98290812280552586 ) ) ;
#4337 = CARTESIAN_POINT ( 'NONE',  ( 16.45845297376502003, -3.746714351808460464, 54.35993918476341236 ) ) ;
#4338 = CARTESIAN_POINT ( 'NONE',  ( 103.1449999999999108, -58.93658393131476458, 1.387778780781445676E-14 ) ) ;
#4339 = CARTESIAN_POINT ( 'NONE',  ( 17.10293367557877886, -5.512207922195363679E-15, -45.88417211662140716 ) ) ;
#4340 = CARTESIAN_POINT ( 'NONE',  ( 174.1245673366911433, -4.044431232176343372, -35.99100316309120728 ) ) ;
#4341 = VERTEX_POINT ( 'NONE', #4433 ) ;
#4342 = CARTESIAN_POINT ( 'NONE',  ( -17.60597693396298880, -6.042206017372995674, -5.961328787590948562E-15 ) ) ;
#4343 = DIRECTION ( 'NONE',  ( 1.500332356076765934E-16, 1.000000000000000000, -0.000000000000000000 ) ) ;
#4344 = CARTESIAN_POINT ( 'NONE',  ( -22.00000000000000355, -42.30756013076908317, -5.181181809388053756E-15 ) ) ;
#4345 = CARTESIAN_POINT ( 'NONE',  ( 175.5335679138761122, -5.819594407529444346, 1.091571386423116209E-14 ) ) ;
#4346 = CARTESIAN_POINT ( 'NONE',  ( 20.96127977318866442, -8.223284501572635463, 57.94156381240107123 ) ) ;
#4347 = EDGE_CURVE ( 'NONE', #5495, #5180, #3887, .T. ) ;
#4348 = CARTESIAN_POINT ( 'NONE',  ( 20.01804994570702689, -4.986546833319456695, 60.35168601130997956 ) ) ;
#4349 = CARTESIAN_POINT ( 'NONE',  ( 19.12467750639082098, -0.7824847116181087303, 53.42769128927599098 ) ) ;
#4350 = CARTESIAN_POINT ( 'NONE',  ( 8.999999999999989342, -42.28566607010846212, 0.5952778844354881249 ) ) ;
#4351 = CARTESIAN_POINT ( 'NONE',  ( 66.71379172275172209, -4.192822491665421758, -90.02474485427593720 ) ) ;
#4352 = CARTESIAN_POINT ( 'NONE',  ( 86.40000000000000568, 0.000000000000000000, 0.000000000000000000 ) ) ;
#4353 = CARTESIAN_POINT ( 'NONE',  ( 21.58528637285482077, -11.59097737360092140, 54.86192092604797921 ) ) ;
#4354 = CARTESIAN_POINT ( 'NONE',  ( -8.998799112008944334, -38.31026286157669603, 0.1470188481355287347 ) ) ;
#4355 = CARTESIAN_POINT ( 'NONE',  ( -18.00000000000000355, -5.116556090684806435, -54.54019927174375226 ) ) ;
#4356 = VERTEX_POINT ( 'NONE', #1002 ) ;
#4357 = CARTESIAN_POINT ( 'NONE',  ( 16.38659846059132263, -4.160960060781320635, 51.36767151450388980 ) ) ;
#4358 = EDGE_CURVE ( 'NONE', #5904, #2225, #5725, .T. ) ;
#4359 = CARTESIAN_POINT ( 'NONE',  ( 16.45498651627911002, -3.986937028998069898, 52.85325721566529467 ) ) ;
#4360 = CARTESIAN_POINT ( 'NONE',  ( -5.405788183357850940, -36.93861971224459495, 11.83058108232430072 ) ) ;
#4361 = CARTESIAN_POINT ( 'NONE',  ( 153.6243972499551376, -4.414383861326969694, 61.70461051138361341 ) ) ;
#4362 = CARTESIAN_POINT ( 'NONE',  ( 116.1725384369224798, -4.000000000000020428, -91.82395779457594642 ) ) ;
#4363 = CARTESIAN_POINT ( 'NONE',  ( 24.07093193387806807, -26.40935011887783546, -24.30409534273537986 ) ) ;
#4364 = CARTESIAN_POINT ( 'NONE',  ( 19.77701508047783463, -11.77123339380093014, 52.13486185811029827 ) ) ;
#4365 = CARTESIAN_POINT ( 'NONE',  ( 40.35101347367140079, -4.271812582007235015, -77.47553012054531507 ) ) ;
#4366 = CARTESIAN_POINT ( 'NONE',  ( 140.3748994943774164, -19.58698640044966766, -67.63986212419163735 ) ) ;
#4367 = CARTESIAN_POINT ( 'NONE',  ( 130.3183882104206646, -4.978119343242871864, -79.94951060276044075 ) ) ;
#4368 = CARTESIAN_POINT ( 'NONE',  ( 21.61130734432729739, -5.692387056392862021, -61.34368891794992606 ) ) ;
#4369 = CARTESIAN_POINT ( 'NONE',  ( 141.7564767499925154, -2.354738726400969628E-14, 74.45290518481027675 ) ) ;
#4370 = CARTESIAN_POINT ( 'NONE',  ( 13.16357022866876036, 6.823099609223082862E-12, 46.09626967507538353 ) ) ;
#4371 = DIRECTION ( 'NONE',  ( 1.500332356076765934E-16, 1.000000000000000000, -0.000000000000000000 ) ) ;
#4372 = CARTESIAN_POINT ( 'NONE',  ( 22.72735150641687696, -3.015497440107030691, 58.12637946013440882 ) ) ;
#4373 = CARTESIAN_POINT ( 'NONE',  ( 40.18986689072133345, -8.976015212721544423E-15, 74.70873516147712223 ) ) ;
#4374 = CARTESIAN_POINT ( 'NONE',  ( 132.3179081630469796, -4.045987513220225651, -83.58714500284474980 ) ) ;
#4375 = ORIENTED_EDGE ( 'NONE', *, *, #3010, .T. ) ;
#4376 = CARTESIAN_POINT ( 'NONE',  ( 76.90175578078518015, -1.448401868816733655E-14, 89.10625620584087869 ) ) ;
#4377 = DIRECTION ( 'NONE',  ( -1.500332356076765934E-16, -1.000000000000000000, 0.000000000000000000 ) ) ;
#4378 = CARTESIAN_POINT ( 'NONE',  ( 95.02441464100634505, -4.186655784680964665, 89.71932159865465906 ) ) ;
#4379 = CARTESIAN_POINT ( 'NONE',  ( 176.2170650381385428, -4.843351673694531456, 179.6341300762770743 ) ) ;
#4380 = CARTESIAN_POINT ( 'NONE',  ( 16.24132899839578670, -3.745658667966540900, 51.07680750487068622 ) ) ;
#4381 = CARTESIAN_POINT ( 'NONE',  ( 16.46591559631243484, -3.870176321887260684, 53.60817027032135229 ) ) ;
#4382 = CARTESIAN_POINT ( 'NONE',  ( 17.10293367557877886, -5.512207922195363679E-15, 45.88417211662140005 ) ) ;
#4383 = CARTESIAN_POINT ( 'NONE',  ( -9.000000000000008882, -42.30756013076908317, -5.181181809388053756E-15 ) ) ;
#4384 = CARTESIAN_POINT ( 'NONE',  ( 118.6451586351953864, -4.232624760037262845, -87.98957975431429190 ) ) ;
#4385 = CARTESIAN_POINT ( 'NONE',  ( 65.68288463319539972, -1.280081515002882783E-14, -91.58147129135754483 ) ) ;
#4386 = CARTESIAN_POINT ( 'NONE',  ( 16.20073621785728335, -4.294247926801578963, 48.75565488888575771 ) ) ;
#4387 = CARTESIAN_POINT ( 'NONE',  ( -8.922427387933559828, -38.24568738208731133, 1.314206788855312613 ) ) ;
#4388 = CARTESIAN_POINT ( 'NONE',  ( 17.21063316430405266, -38.98247449843571388, 19.99437823418328009 ) ) ;
#4389 = CARTESIAN_POINT ( 'NONE',  ( 32.31624138655686096, -1.160792060910444956, 67.42257560743384204 ) ) ;
#4390 = CARTESIAN_POINT ( 'NONE',  ( 16.95723099862031091, -5.399072742653395984, 52.88135041822657456 ) ) ;
#4391 = CARTESIAN_POINT ( 'NONE',  ( 20.23918060630893123, -6.683429601715199730, 58.75672696350860491 ) ) ;
#4392 = CARTESIAN_POINT ( 'NONE',  ( -8.621820391712409659, -37.32298314303680797, 9.738937212096326235 ) ) ;
#4393 = CARTESIAN_POINT ( 'NONE',  ( 77.07383581000203776, -4.506260593290180694, -91.14962015938552042 ) ) ;
#4394 = CARTESIAN_POINT ( 'NONE',  ( 145.1473970596009622, -4.000000000000024869, -76.80855140894375666 ) ) ;
#4395 = CARTESIAN_POINT ( 'NONE',  ( 20.36082540615132430, -23.68619686104765165, 39.70994965335953708 ) ) ;
#4396 = ADVANCED_FACE ( 'NONE', ( #4948 ), #98, .F. ) ;
#4397 = CARTESIAN_POINT ( 'NONE',  ( 20.19433176068446656, -12.12732987372655558, 52.35313967674056101 ) ) ;
#4398 = CARTESIAN_POINT ( 'NONE',  ( 16.42886712973047381, -4.078485875281481654, 52.16090542657887852 ) ) ;
#4399 = CARTESIAN_POINT ( 'NONE',  ( 97.55614018233684703, -5.495935319492807558, -88.95145468944801337 ) ) ;
#4400 = CARTESIAN_POINT ( 'NONE',  ( 100.9333020382883319, -18.99775000014479787, -85.30664602169765942 ) ) ;
#4401 = CARTESIAN_POINT ( 'NONE',  ( 125.7514657493511692, -4.507956342295077690, 81.24926288070881242 ) ) ;
#4402 = CARTESIAN_POINT ( 'NONE',  ( 21.37302356296903483, -33.23682958938972121, 9.011874075295972730 ) ) ;
#4403 = CARTESIAN_POINT ( 'NONE',  ( 17.45022655463094807, -5.564313396543066428E-15, -49.66231696912469573 ) ) ;
#4404 = CARTESIAN_POINT ( 'NONE',  ( 81.58161472439887518, -15.21289062485463717, -86.40152711001820762 ) ) ;
#4405 = CARTESIAN_POINT ( 'NONE',  ( 86.39999999999999147, -53.01288504816877634, 0.000000000000000000 ) ) ;
#4406 = CARTESIAN_POINT ( 'NONE',  ( 22.59345117150969529, -2.750000000000003109, -58.25533732283664534 ) ) ;
#4407 = FACE_OUTER_BOUND ( 'NONE', #6713, .T. ) ;
#4408 = CARTESIAN_POINT ( 'NONE',  ( 24.06868098659753485, -30.79925755746091554, 1.107226648382963385E-13 ) ) ;
#4409 = CARTESIAN_POINT ( 'NONE',  ( 144.4320870496889029, -4.000000000000620837, 72.10633720312496564 ) ) ;
#4410 = ORIENTED_EDGE ( 'NONE', *, *, #7277, .T. ) ;
#4411 = CARTESIAN_POINT ( 'NONE',  ( 84.40582939455143219, -2.749999999990703436, 86.67324223214278334 ) ) ;
#4412 = AXIS2_PLACEMENT_3D ( 'NONE', #2999, #6996, #4722 ) ;
#4413 = CARTESIAN_POINT ( 'NONE',  ( 132.1963904380766621, -50.78462308660656532, 5.608440296249302472E-15 ) ) ;
#4414 = CARTESIAN_POINT ( 'NONE',  ( 7.139360275398357381, -18.81133930434814516, 158.5212794492032629 ) ) ;
#4415 = B_SPLINE_CURVE_WITH_KNOTS ( 'NONE', 3,
 ( #479, #2096, #1026, #7213, #1543, #1577, #2166, #6582, #5967, #919, #6034, #2060, #3244, #446, #3172, #5417, #3800, #4863, #7105, #5490, #4935, #7179, #2128, #4385, #6619, #3839, #6658, #3691, #5932, #4566, #2840, #3984, #4458, #514, #4530, #1763, #4019, #1655, #6805, #2353, #6694, #3911, #2278, #2244, #6220, #6186, #1691, #6255, #3430, #3947, #5008, #588, #3875, #1206, #5083, #2763, #4605, #3466, #6144, #25, #6731, #6109, #3357, #6769, #5710, #662, #2208, #2917, #66, #2877, #5636, #7253, #5601, #552, #1729, #5119, #2803, #1171, #5159, #623, #5048, #7290, #5674, #1136, #4494, #2319, #104, #1617, #1060, #3320, #5563, #1096, #3396, #141, #5860, #291, #4714, #4639, #2954, #2433, #1247, #180, #1391, #3617, #4677, #2537, #6881, #6361, #6918, #695, #1906, #3578, #5748, #5892, #4057, #1873, #1319, #2988, #771, #5821, #3028, #2391, #5194, #3541, #6841, #4131, #6290, #3505, #1941, #1358, #5269, #221, #1834, #1284, #4094, #2467, #1797, #6955, #3063, #734, #4165, #6328, #5784, #5230, #6397, #4199, #254, #808, #5304, #6987, #2503, #4747, #6432, #3650, #3095, #840, #5338, #5480, #1425, #7133, #1980, #3683, #437, #4271, #3722, #5443, #3130, #5990, #6539, #329, #6500, #2678, #471, #5375, #2087, #1017, #873, #4855, #4925, #2640, #3275, #2050, #4376, #4820, #7169 ),
 .UNSPECIFIED., .F., .F.,
 ( 4, 1, 1, 1, 1, 2, 2, 1, 1, 2, 2, 1, 1, 1, 2, 2, 1, 1, 1, 2, 2, 1, 1, 1, 2, 2, 1, 1, 1, 2, 2, 1, 1, 1, 1, 2, 2, 1, 1, 2, 2, 2, 2, 2, 2, 1, 2, 2, 1, 2, 2, 1, 2, 2, 1, 2, 2, 1, 2, 2, 1, 2, 2, 1, 2, 2, 1, 2, 2, 1, 1, 2, 2, 1, 1, 2, 2, 1, 1, 2, 2, 1, 1, 2, 2, 1, 1, 2, 2, 1, 1, 2, 2, 1, 1, 2, 2, 1, 1, 2, 2, 1, 1, 2, 2, 1, 1, 2, 2, 1, 1, 2, 2, 1, 1, 2, 2, 1, 2, 2, 4 ),
 ( 0.000000000000000000, 0.01562499999999704403, 0.02343749999999550707, 0.02734374999999470215, 0.02929687499999433786, 0.03027343749999420949, 0.03124999999999408459, 0.04687499999999210354, 0.05468749999999113903, 0.05859374999999062555, 0.06249999999999011902, 0.07812499999998798184, 0.08593749999998685773, 0.08984374999998627487, 0.09179687499998599731, 0.09374999999998570588, 0.1093749999999831940, 0.1171874999999819172, 0.1210937499999813344, 0.1230468749999811123, 0.1249999999999808764, 0.1406249999999787947, 0.1484374999999778233, 0.1523437499999774070, 0.1542968749999771849, 0.1562499999999769906, 0.1718749999999754363, 0.1796874999999746592, 0.1835937499999743538, 0.1855468749999741596, 0.1874999999999739930, 0.2031249999999723277, 0.2109374999999715228, 0.2148437499999711342, 0.2167968749999709122, 0.2177734374999708566, 0.2187499999999707734, 0.2343749999999701072, 0.2421874999999698019, 0.2460937499999697187, 0.2499999999999696354, 0.2656249999999695244, 0.2812499999999693578, 0.2968749999999692468, 0.3124999999999691358, 0.3281249999999690248, 0.3359374999999689693, 0.3437499999999689138, 0.3593749999999690248, 0.3671874999999691358, 0.3749999999999691913, 0.3906249999999695799, 0.3984374999999697464, 0.4062499999999699130, 0.4218749999999703015, 0.4296874999999705236, 0.4374999999999706901, 0.4531249999999713007, 0.4609374999999715783, 0.4687499999999718558, 0.4843749999999724665, 0.4921874999999728550, 0.4999999999999731326, 0.5156249999999737987, 0.5234374999999742428, 0.5312499999999746869, 0.5468749999999753530, 0.5546874999999757971, 0.5624999999999761302, 0.5781249999999769074, 0.5859374999999772404, 0.5898437499999773515, 0.5937499999999774625, 0.6093749999999781286, 0.6171874999999783507, 0.6210937499999785727, 0.6249999999999786837, 0.6406249999999793499, 0.6484374999999796829, 0.6523437499999797939, 0.6562499999999800160, 0.6718749999999806821, 0.6796874999999811262, 0.6835937499999812372, 0.6874999999999813483, 0.7031249999999822364, 0.7109374999999826805, 0.7148437499999827915, 0.7187499999999829026, 0.7343749999999839018, 0.7421874999999842348, 0.7460937499999845679, 0.7499999999999847899, 0.7656249999999854561, 0.7734374999999857891, 0.7773437499999857891, 0.7812499999999859002, 0.7968749999999865663, 0.8046874999999870104, 0.8085937499999872324, 0.8124999999999874545, 0.8281249999999890088, 0.8359374999999897859, 0.8398437499999901190, 0.8437499999999904521, 0.8593749999999916733, 0.8671874999999922284, 0.8710937499999925615, 0.8749999999999927836, 0.8906249999999936717, 0.8984374999999942268, 0.9023437499999943379, 0.9062499999999945599, 0.9218749999999952260, 0.9296874999999956701, 0.9335937499999958922, 0.9374999999999961142, 0.9531249999999972244, 0.9609374999999977796, 0.9687499999999982236, 1.000000000000000000 ),
 .UNSPECIFIED. ) ;
#4416 = CARTESIAN_POINT ( 'NONE',  ( 20.52029405496206849, -7.937055612968110019, 57.70550558486176129 ) ) ;
#4417 = AXIS2_PLACEMENT_3D ( 'NONE', #7234, #6640, #5584 ) ;
#4418 = CARTESIAN_POINT ( 'NONE',  ( 16.47252395903293376, -3.842011516271933491, 53.86028310920129059 ) ) ;
#4419 = CARTESIAN_POINT ( 'NONE',  ( 25.73896369122929073, -6.807899448248422857E-15, -63.56951606914621067 ) ) ;
#4420 = CARTESIAN_POINT ( 'NONE',  ( 100.0816961755920715, -6.165271929110095250, -87.50596370216692321 ) ) ;
#4421 = CARTESIAN_POINT ( 'NONE',  ( 168.5809229753951968, -4.114901593598748519, 42.59671380261241325 ) ) ;
#4422 = LINE ( 'NONE', #4828, #6521 ) ;
#4423 = CARTESIAN_POINT ( 'NONE',  ( 21.58891093688794882, -10.80402271717471052, 55.78807393555468508 ) ) ;
#4424 = CARTESIAN_POINT ( 'NONE',  ( -4.718624008890198063, -37.63879978782746605, 7.669417226627496476 ) ) ;
#4425 = CARTESIAN_POINT ( 'NONE',  ( 60.22977067951786978, -2.219784297788643723, 82.48965291871364514 ) ) ;
#4426 = CARTESIAN_POINT ( 'NONE',  ( 21.42080600803926771, -8.713454951265733328, 57.93584958469588031 ) ) ;
#4427 = CARTESIAN_POINT ( 'NONE',  ( 16.56225247291085623, -4.102938720451094312, 53.43965917760201734 ) ) ;
#4428 = CARTESIAN_POINT ( 'NONE',  ( -1.909427272331312153, -1.441111606634949416, 61.08707564179862004 ) ) ;
#4429 = SECURITY_CLASSIFICATION ( '', '', #4045 ) ;
#4430 = CARTESIAN_POINT ( 'NONE',  ( 166.1680351655063816, -4.304972881728174272, 45.24974241728254043 ) ) ;
#4431 = CARTESIAN_POINT ( 'NONE',  ( 172.1797186863839499, -5.762628009714214627, -24.33445726248877250 ) ) ;
#4432 = CARTESIAN_POINT ( 'NONE',  ( 139.9093503074658997, -3.430911900466279363, -85.79210884581866026 ) ) ;
#4433 = CARTESIAN_POINT ( 'NONE',  ( 0.9695979173690166819, -6.037870801710911793E-15, 61.79999999999998295 ) ) ;
#4434 = CARTESIAN_POINT ( 'NONE',  ( 16.08619947957654617, -4.665801767727140614, 47.24527828821382514 ) ) ;
#4435 = CARTESIAN_POINT ( 'NONE',  ( 20.69466194308105145, -10.26253894585313375, 55.27366612550141411 ) ) ;
#4436 = CARTESIAN_POINT ( 'NONE',  ( 16.52094308268503298, -4.271107228752160978, 52.43741441142510240 ) ) ;
#4437 = CARTESIAN_POINT ( 'NONE',  ( 94.19776657932114006, -5.484617184604506868, -89.37038706567635415 ) ) ;
#4438 = EDGE_CURVE ( 'NONE', #887, #7108, #3489, .T. ) ;
#4439 = CARTESIAN_POINT ( 'NONE',  ( 96.20950330280582818, -1.683008330466389108E-11, 86.38666875959808067 ) ) ;
#4440 = CARTESIAN_POINT ( 'NONE',  ( 176.9169991110809974, -4.895117485512238353, 5.730417188740410950 ) ) ;
#4441 = EDGE_LOOP ( 'NONE', ( #4798, #786, #2299, #123 ) ) ;
#4442 = CARTESIAN_POINT ( 'NONE',  ( 16.69990385198067884, -20.11244423855486474, 35.95402596926268757 ) ) ;
#4443 = CARTESIAN_POINT ( 'NONE',  ( 18.82837672200431101, -42.30756013076906896, -5.181181809388486052E-15 ) ) ;
#4445 =( BOUNDED_SURFACE ( )  B_SPLINE_SURFACE ( 3, 2, ( 
 ( #4531, #6770, #2955 ),
 ( #3467, #6291, #1730 ),
 ( #5749, #624, #2878 ),
 ( #1207, #5711, #663 ),
 ( #5195, #1008, #2597 ),
 ( #1970, #2669, #2077 ),
 ( #3673, #6528, #2526 ),
 ( #3746, #1415, #3265 ),
 ( #4810, #1491, #5398 ),
 ( #900, #7051, #6017 ),
 ( #4368, #5915, #2005 ),
 ( #4332, #5982, #1526 ),
 ( #971, #282, #3224 ),
 ( #2632, #4775, #4295 ),
 ( #3709, #4845, #4879 ),
 ( #1450, #5434, #7124 ),
 ( #6564, #3154, #3780 ),
 ( #5469, #5363, #4916 ),
 ( #6487, #7015, #863 ),
 ( #426, #354, #7159 ),
 ( #4260, #934, #7087 ),
 ( #388, #2110, #6601 ),
 ( #4223, #3119, #1558 ),
 ( #3818, #6052, #320 ),
 ( #2041, #6455, #5947 ),
 ( #3188, #2562, #2261 ),
 ( #1192, #5543, #5031 ),
 ( #6639, #572, #2227 ),
 ( #4553, #2706, #5583 ),
 ( #1637, #6714, #4477 ),
 ( #4953, #5506, #3304 ),
 ( #534, #7196, #2147 ),
 ( #7, #3340, #7274 ),
 ( #463, #3416, #1676 ),
 ( #4402, #2863, #2746 ),
 ( #2786, #6240, #6129 ),
 ( #3969, #2302, #6789 ),
 ( #7233, #2825, #2190 ),
 ( #1598, #3858, #1750 ),
 ( #498, #3929, #6166 ),
 ( #3894, #6091, #1156 ),
 ( #5067, #4513, #6676 ),
 ( #6751, #1119, #1713 ),
 ( #6206, #1044, #5659 ),
 ( #607, #4442, #1080 ),
 ( #4990, #4005, #5103 ),
 ( #49, #3382, #5620 ),
 ( #2376, #3601, #4041 ),
 ( #1892, #4697, #164 ),
 ( #127, #4625, #4661 ),
 ( #5181, #3012, #2488 ),
 ( #6937, #6864, #1818 ) ),
 .UNSPECIFIED., .F., .F., .T. ) 
 B_SPLINE_SURFACE_WITH_KNOTS ( ( 4, 2, 2, 2, 2, 2, 2, 2, 2, 2, 2, 2, 2, 2, 2, 2, 2, 2, 2, 2, 2, 2, 2, 2, 2, 4 ),
 ( 3, 3 ),
 ( -0.008519377849662499932, -0.008070015772629401257, -0.007957675253371127022, -0.007845334734112851052, -0.007620653695596301715, -0.006721929541530103497, -0.004924481233397707061, -0.001329584617132913756, 0.002265311999131879549, 0.005860208615396672420, 0.02023979508045584477, 0.02742958831298543398, 0.03102448492925022686, 0.03461938154551501973, 0.04899896801057419121, 0.05259386462683898755, 0.05618876124310377695, 0.06337855447563336964, 0.07056834770816294844, 0.07236579601629535008, 0.07416324432442775172, 0.07775814094069254112, 0.09213772740575171261, 0.09573262402201650201, 0.09932752063828129141, 0.1065173138708108841 ),
 ( 0.000000000000000000, 1.000000000000000000 ),
 .UNSPECIFIED. ) 
 GEOMETRIC_REPRESENTATION_ITEM ( )  RATIONAL_B_SPLINE_SURFACE ( (
 ( 1.000000000000000000, 0.8970684183530500677, 1.000000000000000000),
 ( 1.000000000000000000, 0.8972161881746557599, 1.000000000000000000),
 ( 1.000000000000000000, 0.8973642544085518313, 1.000000000000000000),
 ( 1.000000000000000000, 0.8975497081028918078, 1.000000000000000000),
 ( 1.000000000000000000, 0.8975868173867351807, 1.000000000000000000),
 ( 1.000000000000000000, 0.8976610730533560734, 1.000000000000000000),
 ( 1.000000000000000000, 0.8977049194481949712, 1.000000000000000000),
 ( 1.000000000000000000, 0.8977667171104449784, 1.000000000000000000),
 ( 1.000000000000000000, 0.8978079367441929026, 1.000000000000000000),
 ( 1.000000000000000000, 0.8980141396165586265, 1.000000000000000000),
 ( 1.000000000000000000, 0.8981794370495715940, 1.000000000000000000),
 ( 1.000000000000000000, 0.8986762844807009154, 1.000000000000000000),
 ( 1.000000000000000000, 0.8990087907653768751, 1.000000000000000000),
 ( 1.000000000000000000, 0.9000096914730547626, 1.000000000000000000),
 ( 1.000000000000000000, 0.9006814889295005067, 1.000000000000000000),
 ( 1.000000000000000000, 0.9020313147255671904, 1.000000000000000000),
 ( 1.000000000000000000, 0.9027095955317174791, 1.000000000000000000),
 ( 1.000000000000000000, 0.9040601637634853027, 1.000000000000000000),
 ( 1.000000000000000000, 0.9047334795750785474, 1.000000000000000000),
 ( 1.000000000000000000, 0.9080786874571352696, 1.000000000000000000),
 ( 1.000000000000000000, 0.9106925407355864754, 1.000000000000000000),
 ( 1.000000000000000000, 0.9142226571830256443, 1.000000000000000000),
 ( 1.000000000000000000, 0.9153329159218086541, 1.000000000000000000),
 ( 1.000000000000000000, 0.9168538924837271731, 1.000000000000000000),
 ( 1.000000000000000000, 0.9173367906325270438, 1.000000000000000000),
 ( 1.000000000000000000, 0.9182469070876909667, 1.000000000000000000),
 ( 1.000000000000000000, 0.9186749697568438178, 1.000000000000000000),
 ( 1.000000000000000000, 0.9206330760234917587, 1.000000000000000000),
 ( 1.000000000000000000, 0.9216331484922483108, 1.000000000000000000),
 ( 1.000000000000000000, 0.9221098641511491500, 1.000000000000000000),
 ( 1.000000000000000000, 0.9221667017313762704, 1.000000000000000000),
 ( 1.000000000000000000, 0.9222013236851805962, 1.000000000000000000),
 ( 1.000000000000000000, 0.9221788459557421769, 1.000000000000000000),
 ( 1.000000000000000000, 0.9219949885968443670, 1.000000000000000000),
 ( 1.000000000000000000, 0.9217174689127647369, 1.000000000000000000),
 ( 1.000000000000000000, 0.9208622784111202275, 1.000000000000000000),
 ( 1.000000000000000000, 0.9202840517973592815, 1.000000000000000000),
 ( 1.000000000000000000, 0.9193810097502548295, 1.000000000000000000),
 ( 1.000000000000000000, 0.9191914178665714363, 1.000000000000000000),
 ( 1.000000000000000000, 0.9187946078289210838, 1.000000000000000000),
 ( 1.000000000000000000, 0.9185872535102519443, 1.000000000000000000),
 ( 1.000000000000000000, 0.9179435845590390164, 1.000000000000000000),
 ( 1.000000000000000000, 0.9174844686939866989, 1.000000000000000000),
 ( 1.000000000000000000, 0.9150563813021705961, 1.000000000000000000),
 ( 1.000000000000000000, 0.9126908189112322711, 1.000000000000000000),
 ( 1.000000000000000000, 0.9094934121708306840, 1.000000000000000000),
 ( 1.000000000000000000, 0.9088417766064873504, 1.000000000000000000),
 ( 1.000000000000000000, 0.9075205333859768242, 1.000000000000000000),
 ( 1.000000000000000000, 0.9068501140300826435, 1.000000000000000000),
 ( 1.000000000000000000, 0.9048276869048234028, 1.000000000000000000),
 ( 1.000000000000000000, 0.9034649561110804639, 1.000000000000000000),
 ( 1.000000000000000000, 0.9021064431188249300, 1.000000000000000000) ) ) 
 REPRESENTATION_ITEM ( '' )  SURFACE ( )  );
#4444 = CARTESIAN_POINT ( 'NONE',  ( -8.998799112008944334, -38.31026286157669603, 0.1470188481355287347 ) ) ;
#4446 = DIRECTION ( 'NONE',  ( 0.000000000000000000, 0.000000000000000000, -1.000000000000000000 ) ) ;
#4447 = CARTESIAN_POINT ( 'NONE',  ( 190.4828833446112526, -5.942206017373029781, -128.0220258832694924 ) ) ;
#4448 = CARTESIAN_POINT ( 'NONE',  ( 38.60374481700230120, -44.11662829664688701, 0.000000000000000000 ) ) ;
#4449 = CARTESIAN_POINT ( 'NONE',  ( 180.8419884594973723, -4.000000000000036415, 2.398879108694308204 ) ) ;
#4450 = ORIENTED_EDGE ( 'NONE', *, *, #2945, .T. ) ;
#4451 = CARTESIAN_POINT ( 'NONE',  ( 22.85336667891575857, -3.279375135519098095, -57.98967096032822610 ) ) ;
#4452 = CARTESIAN_POINT ( 'NONE',  ( -5.747812694102958772E-15, -38.31026286157669603, 0.000000000000000000 ) ) ;
#4453 = CARTESIAN_POINT ( 'NONE',  ( 21.31012021528537304, -8.154544700622187392, 58.42164122994647357 ) ) ;
#4454 = CARTESIAN_POINT ( 'NONE',  ( 19.74924815019665303, -4.529395098451383994, 60.53127041870257585 ) ) ;
#4455 = CARTESIAN_POINT ( 'NONE',  ( 24.07180463261309811, -22.63685396952424966, 33.29630840357008026 ) ) ;
#4456 = CARTESIAN_POINT ( 'NONE',  ( 53.55236790104569877, -5.389068959751855736, -83.26120557754883578 ) ) ;
#4457 = CARTESIAN_POINT ( 'NONE',  ( 106.6048632173756232, -4.039670134351056596, 88.42042530062155947 ) ) ;
#4458 = CARTESIAN_POINT ( 'NONE',  ( 82.22212345382624221, -1.528225066477616551E-14, -95.09825793997883636 ) ) ;
#4459 = CARTESIAN_POINT ( 'NONE',  ( 21.33576786450351293, -11.43749090604939234, 54.73935809692177656 ) ) ;
#4460 = CARTESIAN_POINT ( 'NONE',  ( 8.154894846475118086, -38.06872746994382339, 3.818813274461972274 ) ) ;
#4461 = CARTESIAN_POINT ( 'NONE',  ( 20.45362873461855813, -3.085970330621087943, 55.56191548030462002 ) ) ;
#4462 = CARTESIAN_POINT ( 'NONE',  ( 86.39999999999994884, -64.66763823405520384, 0.000000000000000000 ) ) ;
#4463 = CARTESIAN_POINT ( 'NONE',  ( 21.23898677958860048, -8.638618353033363562, 57.81082186968130543 ) ) ;
#4464 = CARTESIAN_POINT ( 'NONE',  ( 16.45611403102823544, -3.942109740035272925, 53.09671195942961930 ) ) ;
#4465 = FACE_OUTER_BOUND ( 'NONE', #5807, .T. ) ;
#4466 = CARTESIAN_POINT ( 'NONE',  ( 47.63962245031918030, -4.279031331802112703, -81.84512990459147375 ) ) ;
#4467 = CARTESIAN_POINT ( 'NONE',  ( 169.7947836901479945, -5.570388236347433519, 31.86081574224260038 ) ) ;
#4468 = CARTESIAN_POINT ( 'NONE',  ( 120.5260872381295343, -3.430911900466275366, -95.17849904445571951 ) ) ;
#4469 = CARTESIAN_POINT ( 'NONE',  ( -11.66340960083452316, -38.30283539429342454, 0.04909090383512703520 ) ) ;
#4470 = CARTESIAN_POINT ( 'NONE',  ( 20.54319973020674439, -11.65373711620871156, 53.43403046479201635 ) ) ;
#4471 = CARTESIAN_POINT ( 'NONE',  ( 20.52334594382848820, -9.409573391128967401, 56.01257353280266926 ) ) ;
#4472 = CARTESIAN_POINT ( 'NONE',  ( 16.38725988966382374, -3.997867044938587355, 51.98013623664665062 ) ) ;
#4473 = CARTESIAN_POINT ( 'NONE',  ( 47.96414759782327053, -4.753759471059996855, -81.27893526087191844 ) ) ;
#4474 = VERTEX_POINT ( 'NONE', #7266 ) ;
#4475 = CARTESIAN_POINT ( 'NONE',  ( 125.8254711013853182, -4.387899013284632943, 81.41106979918836828 ) ) ;
#4476 = ADVANCED_FACE ( 'NONE', ( #1553 ), #5060, .T. ) ;
#4477 = CARTESIAN_POINT ( 'NONE',  ( 16.82998028413630820, -23.83734589606597254, -3.248583216061961654 ) ) ;
#4478 = CARTESIAN_POINT ( 'NONE',  ( 86.40000000000000568, -5.867336362172131281, 0.000000000000000000 ) ) ;
#4479 = EDGE_CURVE ( 'NONE', #6387, #2936, #1668, .T. ) ;
#4480 = CARTESIAN_POINT ( 'NONE',  ( -16.33305621496335647, -38.31026286157669603, 0.1470188481355287624 ) ) ;
#4481 = DIRECTION ( 'NONE',  ( 1.000000000000000000, -1.927470528863119049E-16, 0.000000000000000000 ) ) ;
#4482 = CARTESIAN_POINT ( 'NONE',  ( 190.5404080223915741, -5.867336362172146380, -128.0927812808052693 ) ) ;
#4483 = CARTESIAN_POINT ( 'NONE',  ( 57.68980573336190076, -2.074467592581154207, 82.06465523964389774 ) ) ;
#4484 = CARTESIAN_POINT ( 'NONE',  ( 144.7278484918908532, -3.999999999999099831, -76.25841599977889018 ) ) ;
#4485 = ORIENTED_EDGE ( 'NONE', *, *, #3795, .F. ) ;
#4486 = FACE_OUTER_BOUND ( 'NONE', #155, .T. ) ;
#4487 = CARTESIAN_POINT ( 'NONE',  ( 16.57984323291157125, -16.67435794175282382, -29.17813249772765971 ) ) ;
#4488 = CARTESIAN_POINT ( 'NONE',  ( -3.417065038138551003, -4.843351673694504811, 179.6341300762770743 ) ) ;
#4489 = CARTESIAN_POINT ( 'NONE',  ( 20.83494405609232203, -7.973704672182684305, 58.06387239771927966 ) ) ;
#4490 = CARTESIAN_POINT ( 'NONE',  ( 19.89803659895407151, -4.516819755178017815, 60.71066250789098717 ) ) ;
#4491 = CARTESIAN_POINT ( 'NONE',  ( 24.06072706244088621, -16.18959648852536404, 43.77744623041051142 ) ) ;
#4492 = CARTESIAN_POINT ( 'NONE',  ( 16.21333028137162202, -4.091459347127277546, 49.28801596665239515 ) ) ;
#4493 = CARTESIAN_POINT ( 'NONE',  ( 178.8565368821467985, -4.131479714454354024, -15.22148104904199428 ) ) ;
#4494 = CARTESIAN_POINT ( 'NONE',  ( 171.1626107458455124, -2.862627974972126965E-14, -45.01146624452364620 ) ) ;
#4495 = DIRECTION ( 'NONE',  ( 1.500332356076765934E-16, 1.000000000000000000, -0.000000000000000000 ) ) ;
#4496 = CARTESIAN_POINT ( 'NONE',  ( -2.781704483755681689, -4.477303966783647837, -59.49360776625035641 ) ) ;
#4497 = CARTESIAN_POINT ( 'NONE',  ( 22.71676740018671126, -2.994054861479256591, 58.13707245310305183 ) ) ;
#4498 = CARTESIAN_POINT ( 'NONE',  ( 50.98712653117826221, -1.792965138517514934, 78.96424592192146008 ) ) ;
#4499 = ORIENTED_EDGE ( 'NONE', *, *, #1052, .T. ) ;
#4500 = CARTESIAN_POINT ( 'NONE',  ( 16.68464382122488487, -4.784388897430000398, 52.35572245175502104 ) ) ;
#4501 = CARTESIAN_POINT ( 'NONE',  ( 17.76938119990985854, -5.268973638075689081, 56.05136670162796264 ) ) ;
#4502 = CARTESIAN_POINT ( 'NONE',  ( 20.35949080034980696, -2.769496299139200701, -55.78830596330859493 ) ) ;
#4503 = CARTESIAN_POINT ( 'NONE',  ( 44.61303743200318905, -4.221110595406181609, -80.22883233852337526 ) ) ;
#4504 = CARTESIAN_POINT ( 'NONE',  ( 96.44657663180250040, -4.181385340610963119, 89.64552300856074396 ) ) ;
#4505 = CARTESIAN_POINT ( 'NONE',  ( 5.013950785830264323, -3.430911900466258047, -59.99872918528049581 ) ) ;
#4506 = CARTESIAN_POINT ( 'NONE',  ( 0.4333189738739279262, -5.942206017373002247, -58.67688095561792494 ) ) ;
#4507 = CARTESIAN_POINT ( 'NONE',  ( 16.12022745179485383, -4.205363013166080854, 47.76306240627296518 ) ) ;
#4508 = CARTESIAN_POINT ( 'NONE',  ( 18.73078149782860180, -8.704537669418829893, 53.79594460319965066 ) ) ;
#4509 = CARTESIAN_POINT ( 'NONE',  ( 16.37932367923577814, -3.982963227263980333, 51.94274614491781250 ) ) ;
#4510 = CARTESIAN_POINT ( 'NONE',  ( 67.18081829923548298, -2.522994612609724229E-11, -84.37454461132253414 ) ) ;
#4511 = ORIENTED_EDGE ( 'NONE', *, *, #3017, .T. ) ;
#4512 = CARTESIAN_POINT ( 'NONE',  ( 174.5473774533518565, -4.657622766981527995, 22.68532396634085657 ) ) ;
#4513 = CARTESIAN_POINT ( 'NONE',  ( 16.88748147609956973, -25.48396459344388987, 23.95660476238018077 ) ) ;
#4514 = CARTESIAN_POINT ( 'NONE',  ( 4.756563197138803822, -41.67774424023686208, -7.645978143649895031 ) ) ;
#4515 = CARTESIAN_POINT ( 'NONE',  ( 73.65499999999994429, -63.39640923772802950, 0.000000000000000000 ) ) ;
#4516 = DIRECTION ( 'NONE',  ( 1.000000000000000000, 0.000000000000000000, 0.000000000000000000 ) ) ;
#4517 = CARTESIAN_POINT ( 'NONE',  ( 125.5358798517511900, -5.099437884136534649, 80.71375474397676442 ) ) ;
#4518 = CARTESIAN_POINT ( 'NONE',  ( 172.3913895804965932, -14.28669560184524379, 9.691317847576103262 ) ) ;
#4519 = VERTEX_POINT ( 'NONE', #6743 ) ;
#4520 = CARTESIAN_POINT ( 'NONE',  ( 157.9859337714327410, -2.750000000000035527, 48.90482309036870845 ) ) ;
#4521 = CARTESIAN_POINT ( 'NONE',  ( 121.7785435971011623, -4.000000000000021316, 84.75731012469793768 ) ) ;
#4522 = CARTESIAN_POINT ( 'NONE',  ( 148.1189235094814762, -37.01303407287552005, 1.169718458043131459 ) ) ;
#4523 = CARTESIAN_POINT ( 'NONE',  ( 20.35687443273343433, -7.860249623326990509, 57.56789246147952355 ) ) ;
#4524 = CARTESIAN_POINT ( 'NONE',  ( 16.47169452985665572, -3.807235145959824596, 54.06881568735175136 ) ) ;
#4525 = CARTESIAN_POINT ( 'NONE',  ( 21.37345309300033591, -33.19492826508877670, 10.23484034641246510 ) ) ;
#4526 = CARTESIAN_POINT ( 'NONE',  ( 20.03489402686382803, -0.9992341913334090719, -55.32298536028589098 ) ) ;
#4527 = EDGE_CURVE ( 'NONE', #5430, #4003, #1667, .T. ) ;
#4528 = CLOSED_SHELL ( 'NONE', ( #6375, #3491, #6320, #4052, #6723, #2690, #3174, #5757, #6083, #296, #5850, #4592, #5656, #6153, #6245, #3997, #7271, #3825, #1821, #1505, #3963, #2133, #4119, #2366, #2558, #7083, #610, #2718, #5844, #1954, #785, #392, #5207, #1648, #7001, #1595, #1091, #487, #6395, #4257, #4396, #4025, #3040, #7134, #1375, #3268 ) ) ;
#4529 = CARTESIAN_POINT ( 'NONE',  ( 38.76062090438500007, -4.016237618493644135, -76.69006991920109328 ) ) ;
#4530 = CARTESIAN_POINT ( 'NONE',  ( 83.45094987035679424, -1.546661546804844459E-14, -95.22295398035980440 ) ) ;
#4531 = CARTESIAN_POINT ( 'NONE',  ( 21.62797215767411529, -4.569388612155703022, -62.49898660106746462 ) ) ;
#4532 = CARTESIAN_POINT ( 'NONE',  ( 68.36621494931124232, -4.277705893389367020, 159.6216472143453018 ) ) ;
#4533 = CARTESIAN_POINT ( 'NONE',  ( 19.50552236869643252, -1.202513248914279131, 53.36448079621300877 ) ) ;
#4534 = CARTESIAN_POINT ( 'NONE',  ( 30.07713552917423527, -1.113655847786751973, 65.51894620286873305 ) ) ;
#4535 = ORIENTED_EDGE ( 'NONE', *, *, #5789, .T. ) ;
#4536 = AXIS2_PLACEMENT_3D ( 'NONE', #27, #5712, #5161 ) ;
#4537 = CARTESIAN_POINT ( 'NONE',  ( 16.39706633869842989, -4.143955311894397475, 51.54854314126499304 ) ) ;
#4538 = CARTESIAN_POINT ( 'NONE',  ( 20.56828464109591081, -5.926916824770117387, 59.97651373825954124 ) ) ;
#4539 = CARTESIAN_POINT ( 'NONE',  ( 19.60744072897182022, -1.344400829304756018, -53.21165239294693805 ) ) ;
#4540 = EDGE_CURVE ( 'NONE', #5350, #4974, #802, .T. ) ;
#4541 = CARTESIAN_POINT ( 'NONE',  ( 165.9445436750858391, -4.364983258129210952, -47.72680810120968431 ) ) ;
#4542 = CARTESIAN_POINT ( 'NONE',  ( 48.04905966933559824, -4.902442335902942538, -81.17327705037595820 ) ) ;
#4543 = CARTESIAN_POINT ( 'NONE',  ( 15.61055731174458749, -3.430911900466260267, -72.19689269231810158 ) ) ;
#4544 = AXIS2_PLACEMENT_3D ( 'NONE', #1368, #2581, #2617 ) ;
#4545 = CARTESIAN_POINT ( 'NONE',  ( 20.36082540615131720, -37.24753809675057425, 11.41428795664992357 ) ) ;
#4546 = CARTESIAN_POINT ( 'NONE',  ( 172.3913895804965932, -14.28669560184524379, 9.691317847576103262 ) ) ;
#4547 = CARTESIAN_POINT ( 'NONE',  ( 20.96362285083613486, -11.96291866478358301, 53.64750791085297266 ) ) ;
#4548 = CARTESIAN_POINT ( 'NONE',  ( 21.41718973917670255, -9.917285422986511279, 56.59547660699408311 ) ) ;
#4549 = CARTESIAN_POINT ( 'NONE',  ( 16.42636085557462167, -4.055515851672317318, 52.22160070021866574 ) ) ;
#4550 = CARTESIAN_POINT ( 'NONE',  ( 31.49374938130746671, -6.722053469410127491E-15, 68.85658850225601668 ) ) ;
#4551 = VERTEX_POINT ( 'NONE', #2181 ) ;
#4552 = CARTESIAN_POINT ( 'NONE',  ( 70.41631294436015764, -4.842062212395382481, -89.09996815593312647 ) ) ;
#4553 = CARTESIAN_POINT ( 'NONE',  ( 21.37420130646224692, -33.14588197848011930, -10.89323586907195107 ) ) ;
#4554 = FACE_OUTER_BOUND ( 'NONE', #2118, .T. ) ;
#4555 = CARTESIAN_POINT ( 'NONE',  ( -18.00000000000000711, -32.10905435021129506, -26.51359796768906918 ) ) ;
#4556 = CARTESIAN_POINT ( 'NONE',  ( 128.5318113104283668, -5.164585576178486903, 79.13648583483833931 ) ) ;
#4557 = ORIENTED_EDGE ( 'NONE', *, *, #6875, .T. ) ;
#4558 = CARTESIAN_POINT ( 'NONE',  ( 23.08308846456137431, -3.802493742908657826, -57.69424574092494851 ) ) ;
#4559 = CARTESIAN_POINT ( 'NONE',  ( 21.03812926870542555, -6.999013125475138430, -59.36950463763155739 ) ) ;
#4560 = CARTESIAN_POINT ( 'NONE',  ( 68.61947293499945033, -54.88020756833025615, -30.78921972542029195 ) ) ;
#4561 = CARTESIAN_POINT ( 'NONE',  ( 16.48141189967114784, -4.235600964369142574, 52.17593868124991729 ) ) ;
#4562 = CARTESIAN_POINT ( 'NONE',  ( 19.46087668540620186, -4.548554486399206453, 60.17034437883408060 ) ) ;
#4563 = CARTESIAN_POINT ( 'NONE',  ( 0.3186484897763618984, -5.744324987516609582, 58.78917177048281673 ) ) ;
#4564 = CARTESIAN_POINT ( 'NONE',  ( 20.79350636591344426, -22.72304927590369061, -11.31464977922148840 ) ) ;
#4565 = CARTESIAN_POINT ( 'NONE',  ( 163.0567333535089745, -4.110101835355992606, 51.48075654278981261 ) ) ;
#4566 = CARTESIAN_POINT ( 'NONE',  ( 74.19581605181492989, -1.407803779527056735E-14, -93.83323764251818488 ) ) ;
#4567 = CARTESIAN_POINT ( 'NONE',  ( 16.47276391824853548, -4.000000000000004441, -51.93332302795452904 ) ) ;
#4568 = CARTESIAN_POINT ( 'NONE',  ( -18.00000000000000355, -38.31026286157669603, -0.07350942406777116744 ) ) ;
#4569 = CARTESIAN_POINT ( 'NONE',  ( 19.81771033256178427, -1.616894466289981125, 56.37265083737698035 ) ) ;
#4570 = CARTESIAN_POINT ( 'NONE',  ( 160.6160621975145091, -3.430911900466281583, 68.66959055416769786 ) ) ;
#4571 = ORIENTED_EDGE ( 'NONE', *, *, #255, .F. ) ;
#4572 = ADVANCED_FACE ( 'NONE', ( #6199 ), #2148, .F. ) ;
#4573 = CARTESIAN_POINT ( 'NONE',  ( 16.37974463344502141, -4.101840240629410772, 51.47905728100277400 ) ) ;
#4574 = CARTESIAN_POINT ( 'NONE',  ( 16.46233209837891209, -3.949982002526096991, 53.12808748695642436 ) ) ;
#4575 = CARTESIAN_POINT ( 'NONE',  ( 19.83428312211588462, 0.7882370209685508611, -58.88585130607295781 ) ) ;
#4576 = CARTESIAN_POINT ( 'NONE',  ( 93.03306314608136063, -4.019389292048678008, 89.99184734781788109 ) ) ;
#4577 = CARTESIAN_POINT ( 'NONE',  ( 60.78023347724477787, -5.392270296973642019, -85.74474795540143646 ) ) ;
#4578 = CARTESIAN_POINT ( 'NONE',  ( 46.82246118968998161, -3.430911900466265152, -93.04383339189273272 ) ) ;
#4579 = FACE_OUTER_BOUND ( 'NONE', #3485, .T. ) ;
#4580 = CARTESIAN_POINT ( 'NONE',  ( 40.39899664141233870, -8.239936510889833698E-15, -73.29630559325285333 ) ) ;
#4581 = CARTESIAN_POINT ( 'NONE',  ( 21.52977955843468649, -12.34787107386912552, 53.90963877372639246 ) ) ;
#4582 = EDGE_LOOP ( 'NONE', ( #5387, #5642, #2480, #5053 ) ) ;
#4583 = CARTESIAN_POINT ( 'NONE',  ( 21.51417041932404928, -9.966966433535144887, 56.65316248726519177 ) ) ;
#4584 = CARTESIAN_POINT ( 'NONE',  ( 21.05526747701902224, -7.754020786503824425, 58.56886469360256342 ) ) ;
#4585 = CARTESIAN_POINT ( 'NONE',  ( 108.0190001414487426, -3.469446951953614189E-14, -83.68661191483859341 ) ) ;
#4586 = EDGE_LOOP ( 'NONE', ( #3937, #1271, #3251, #2620 ) ) ;
#4587 = CARTESIAN_POINT ( 'NONE',  ( 177.4326991266662503, -4.682602178890075351, 5.764492737296142977 ) ) ;
#4588 = ORIENTED_EDGE ( 'NONE', *, *, #4335, .F. ) ;
#4589 = CARTESIAN_POINT ( 'NONE',  ( 0.9219212763863524618, -36.70914946641167376, 12.93137833394675518 ) ) ;
#4590 = B_SPLINE_CURVE_WITH_KNOTS ( 'NONE', 3,
 ( #3360, #6843, #1799, #6292, #1249, #4496, #6733, #3507, #5603, #554, #2805, #2504, #292, #5925, #2538, #6398 ),
 .UNSPECIFIED., .F., .F.,
 ( 4, 2, 2, 2, 2, 2, 2, 4 ),
 ( 8.673617379884035472E-19, 0.0004192001942647264820, 0.0008384003885294520966, 0.001676800777058895953, 0.002096000971323618099, 0.002515201165588340244, 0.002934401359853062823, 0.003353601554117784968 ),
 .UNSPECIFIED. ) ;
#4591 = CARTESIAN_POINT ( 'NONE',  ( 70.17304369943950348, -2.750000011882978157, 84.86178067531328395 ) ) ;
#4592 = ADVANCED_FACE ( 'NONE', ( #4579 ), #1219, .F. ) ;
#4593 = CARTESIAN_POINT ( 'NONE',  ( -18.00000000000000711, -30.86150579311688702, -28.96452776355288705 ) ) ;
#4594 = COORDINATED_UNIVERSAL_TIME_OFFSET ( 5, 0, .AHEAD. ) ;
#4595 = CARTESIAN_POINT ( 'NONE',  ( 190.4828833446088936, -5.942206017373030669, 1.915134717478395032E-12 ) ) ;
#4596 = ORIENTED_EDGE ( 'NONE', *, *, #871, .F. ) ;
#4597 = CARTESIAN_POINT ( 'NONE',  ( 175.2224245650955083, -2.170353770237562083E-11, 16.68549236776307154 ) ) ;
#4598 = CARTESIAN_POINT ( 'NONE',  ( 86.40000000000000568, 0.000000000000000000, 0.000000000000000000 ) ) ;
#4599 = CARTESIAN_POINT ( 'NONE',  ( 87.19108887585957746, -13.47642778113340434, -83.48938581509155199 ) ) ;
#4600 = CARTESIAN_POINT ( 'NONE',  ( 21.23553478441080955, -8.024097616618155016, 58.48003371632549374 ) ) ;
#4601 = CARTESIAN_POINT ( 'NONE',  ( 16.45980474538363225, -3.772731965828550305, 54.17955036987721940 ) ) ;
#4602 = CARTESIAN_POINT ( 'NONE',  ( 21.58013452213079475, -14.25239266505057323, 51.68183074303643565 ) ) ;
#4603 = CARTESIAN_POINT ( 'NONE',  ( 20.69298101578291238, -19.84437988810847031, -32.42975523363998747 ) ) ;
#4604 = CARTESIAN_POINT ( 'NONE',  ( 55.14893224016993400, -4.094581953545293196, -86.30717839303386540 ) ) ;
#4605 = CARTESIAN_POINT ( 'NONE',  ( 118.7670982944082851, -2.076521148530983239E-14, -90.93377047094004695 ) ) ;
#4606 = FACE_OUTER_BOUND ( 'NONE', #2334, .T. ) ;
#4607 = CARTESIAN_POINT ( 'NONE',  ( 2.616412921358746591, -5.942206017372991589, 52.76045069018046263 ) ) ;
#4608 = CARTESIAN_POINT ( 'NONE',  ( 18.73991506252406225, -0.4853593612494203069, 52.87737061307247188 ) ) ;
#4609 = CARTESIAN_POINT ( 'NONE',  ( 185.2211806807112850, -3.430911900466284248, 21.39885052643196417 ) ) ;
#4610 = CARTESIAN_POINT ( 'NONE',  ( 16.28288945646592012, -3.880709381503731681, 51.02614769206441281 ) ) ;
#4611 = CARTESIAN_POINT ( 'NONE',  ( 16.30766533607328839, -3.747287065714372645, 52.35964312193830494 ) ) ;
#4612 = CARTESIAN_POINT ( 'NONE',  ( 19.76942739064536880, -1.625226488202373254, -52.71898266592346971 ) ) ;
#4613 = CARTESIAN_POINT ( 'NONE',  ( 70.17276815763710829, -4.320841097408702147, -90.43707946663485586 ) ) ;
#4614 = CARTESIAN_POINT ( 'NONE',  ( 160.8686874118094750, -5.205755570747549577, 50.00811454982277837 ) ) ;
#4615 = CARTESIAN_POINT ( 'NONE',  ( 18.33652746425307356, -0.1236311040882436124, -54.05149528470577280 ) ) ;
#4616 = CARTESIAN_POINT ( 'NONE',  ( -18.00000000000000355, -34.34959553575264835, 21.81000826438559415 ) ) ;
#4617 = CARTESIAN_POINT ( 'NONE',  ( 136.4901989040170918, -2.524208919042908317E-11, -70.56495374735162329 ) ) ;
#4618 = EDGE_LOOP ( 'NONE', ( #979, #5978, #267, #4010 ) ) ;
#4619 = CARTESIAN_POINT ( 'NONE',  ( 20.15811519984156419, -9.182773652742632464, 55.75452163065470756 ) ) ;
#4620 = CARTESIAN_POINT ( 'NONE',  ( 16.41846128590432841, -4.056289928162151170, 52.12441312818736350 ) ) ;
#4621 = CARTESIAN_POINT ( 'NONE',  ( 118.3707368188638753, -6.938893903907228378E-15, -80.27639461562311851 ) ) ;
#4622 = ORIENTED_EDGE ( 'NONE', *, *, #1639, .F. ) ;
#4623 = CARTESIAN_POINT ( 'NONE',  ( 122.6934461544455104, -4.363465880829874521, 82.75995746680744958 ) ) ;
#4624 = CARTESIAN_POINT ( 'NONE',  ( 176.4591853410806834, -3.999999999999621192, 26.82471864649740922 ) ) ;
#4625 = CARTESIAN_POINT ( 'NONE',  ( 16.39308065672460302, -11.32617750638982734, 48.84286030506417120 ) ) ;
#4626 = DIRECTION ( 'NONE',  ( -1.000000000000000000, 1.493502620326271818E-16, 0.000000000000000000 ) ) ;
#4627 = CARTESIAN_POINT ( 'NONE',  ( -22.00000000000000355, 2.173762880958027708E-15, -61.79999999999999716 ) ) ;
#4628 = PERSON_AND_ORGANIZATION ( #3785, #3494 ) ;
#4629 = CARTESIAN_POINT ( 'NONE',  ( 123.0903387037806880, -6.199920501256686478, -80.72904866219363385 ) ) ;
#4630 = ORIENTED_EDGE ( 'NONE', *, *, #6094, .F. ) ;
#4631 = CARTESIAN_POINT ( 'NONE',  ( 126.8571857743492330, 3.112018507807207941E-12, 79.00255979345068624 ) ) ;
#4632 = CARTESIAN_POINT ( 'NONE',  ( 150.2768352315306117, -4.000000000000025757, -72.52386114902398617 ) ) ;
#4633 = CARTESIAN_POINT ( 'NONE',  ( 1.506500327923810501, -11.64686191744700672, -50.10387194589213067 ) ) ;
#4634 = CARTESIAN_POINT ( 'NONE',  ( 21.25691745948315869, -8.031596268393753846, 58.49579357449886174 ) ) ;
#4635 = CARTESIAN_POINT ( 'NONE',  ( 16.58250036639115166, -3.863532027116673540, 54.72352482602143908 ) ) ;
#4636 = CARTESIAN_POINT ( 'NONE',  ( 54.50145287833831986, -56.13001623236043258, 17.94620426087494636 ) ) ;
#4637 = CARTESIAN_POINT ( 'NONE',  ( 24.07100998989145779, -26.24796644672836976, -24.74132556547802153 ) ) ;
#4638 = CARTESIAN_POINT ( 'NONE',  ( 40.15471689989134063, -4.023402544338297027, -77.75009012379909734 ) ) ;
#4639 = CARTESIAN_POINT ( 'NONE',  ( 180.7686449729571905, -3.006750414617290247E-14, -13.91574798631012655 ) ) ;
#4640 = CARTESIAN_POINT ( 'NONE',  ( 17.63375196801809253, -4.000000000000005329, -56.45969897731836085 ) ) ;
#4641 = CARTESIAN_POINT ( 'NONE',  ( 165.0181277465918299, -19.57620850040639837, 9.627943849982146608E-15 ) ) ;
#4642 = CARTESIAN_POINT ( 'NONE',  ( 22.46382607894173233, -2.505506519692556999, 58.36680666807851026 ) ) ;
#4643 = CARTESIAN_POINT ( 'NONE',  ( 18.39881093932945433, -0.1765840571672471215, 53.99313697366223863 ) ) ;
#4644 = CARTESIAN_POINT ( 'NONE',  ( 16.23144086181438794, -3.741926376214840477, 50.89857268829053538 ) ) ;
#4645 = CARTESIAN_POINT ( 'NONE',  ( 20.37868319591872179, -5.454440960232661340, 60.26222252819147229 ) ) ;
#4646 = CARTESIAN_POINT ( 'NONE',  ( 23.37457231333545948, -4.575577829296175736, -57.19889458091396506 ) ) ;
#4647 = CARTESIAN_POINT ( 'NONE',  ( 68.47886278788190850, -4.315808619049137818, -90.04031147526933410 ) ) ;
#4648 = CARTESIAN_POINT ( 'NONE',  ( 54.34922727698746314, -5.193449942464990698, -83.66771905753610383 ) ) ;
#4649 = CARTESIAN_POINT ( 'NONE',  ( 99.14500000000003865, -63.39640923772802950, 1.560812345513312961E-15 ) ) ;
#4650 = PLANE ( 'NONE',  #3609 ) ;
#4651 = AXIS2_PLACEMENT_3D ( 'NONE', #6184, #4933, #1134 ) ;
#4652 = CARTESIAN_POINT ( 'NONE',  ( 147.5997032630440344, -2.775557561562891351E-14, -61.18036485772766753 ) ) ;
#4653 = VERTEX_POINT ( 'NONE', #4107 ) ;
#4654 = CARTESIAN_POINT ( 'NONE',  ( 21.25667566026193356, -9.045891966641329773, 57.37829142058909326 ) ) ;
#4655 = CARTESIAN_POINT ( 'NONE',  ( 16.48354980654007917, -4.101777032008286028, 52.67433511289073067 ) ) ;
#4656 = CARTESIAN_POINT ( 'NONE',  ( 44.58884204946429719, -5.254923277634310486E-11, -75.76455500065648607 ) ) ;
#4657 = CIRCLE ( 'NONE', #5248, 12.74499999999999211 ) ;
#4658 = CARTESIAN_POINT ( 'NONE',  ( 26.90129143472359274, -1.487127856670305004, -62.64876636047114999 ) ) ;
#4659 = CARTESIAN_POINT ( 'NONE',  ( 80.54141790859515027, -4.689301847669977263, -91.06270459131960138 ) ) ;
#4660 = CARTESIAN_POINT ( 'NONE',  ( 181.2983763662443835, -4.000000000000031086, -8.356072116238179248 ) ) ;
#4661 = CARTESIAN_POINT ( 'NONE',  ( 16.21559053787354898, -6.243525507659952289, 44.65184238071039147 ) ) ;
#4662 = CARTESIAN_POINT ( 'NONE',  ( 86.39999999999994884, -64.66763823405520384, 0.000000000000000000 ) ) ;
#4663 = CARTESIAN_POINT ( 'NONE',  ( 21.58230971037214729, -14.32004661142045521, -51.72687659221993073 ) ) ;
#4664 = EDGE_CURVE ( 'NONE', #4725, #637, #1592, .T. ) ;
#4665 = CARTESIAN_POINT ( 'NONE',  ( 175.1818563851930151, -5.120708613086711658, 15.82287439148239194 ) ) ;
#4666 = PERSON_AND_ORGANIZATION ( #3785, #3494 ) ;
#4667 = CARTESIAN_POINT ( 'NONE',  ( 45.02524475432171158, -4.833725124477753710, -79.73919193576629993 ) ) ;
#4668 = TOROIDAL_SURFACE ( 'NONE', #6533, 105.4400000000000119, 1.999999999999999112 ) ;
#4669 = CARTESIAN_POINT ( 'NONE',  ( 172.9227539705186700, -2.750000000055919269, -5.480937947722839709 ) ) ;
#4670 = CARTESIAN_POINT ( 'NONE',  ( -7.157805654385691163, -37.90822338656676749, -5.487089022657050563 ) ) ;
#4671 = CARTESIAN_POINT ( 'NONE',  ( 135.9298526183350759, -46.05197166201081416, 0.9387069562696133129 ) ) ;
#4672 = CARTESIAN_POINT ( 'NONE',  ( 16.42406521118726914, -4.106711672403411839, 51.99897735370144858 ) ) ;
#4673 = CARTESIAN_POINT ( 'NONE',  ( 16.47628391712708407, -3.781774843401203068, 54.28695400780522817 ) ) ;
#4674 = CARTESIAN_POINT ( 'NONE',  ( 172.6772380009927303, -20.95902901126089901, 4.163336342344337027E-14 ) ) ;
#4675 = FACE_OUTER_BOUND ( 'NONE', #6588, .T. ) ;
#4676 = CARTESIAN_POINT ( 'NONE',  ( 129.4008155177957917, -4.024546342987832759, 80.82552993082151715 ) ) ;
#4677 = CARTESIAN_POINT ( 'NONE',  ( 181.4614995475058663, -3.017145535979803489E-14, 0.8625051031014387970 ) ) ;
#4678 = CARTESIAN_POINT ( 'NONE',  ( 15.50830858928941502, -28.59013972303975493, -32.79016754863230432 ) ) ;
#4679 = CARTESIAN_POINT ( 'NONE',  ( 17.08910028534842240, 2.652624274112216352, 57.68702026754192502 ) ) ;
#4680 = CARTESIAN_POINT ( 'NONE',  ( 18.33554373861015208, -0.002082501023933568726, 54.69865816053264496 ) ) ;
#4681 =( BOUNDED_CURVE ( )  B_SPLINE_CURVE ( 2, ( #5314, #4794, #1916 ),
 .UNSPECIFIED., .F., .F. ) 
 B_SPLINE_CURVE_WITH_KNOTS ( ( 3, 3 ),
 ( 0.000000000000000000, 1.000000000000000000 ),
 .UNSPECIFIED. ) 
 CURVE ( )  GEOMETRIC_REPRESENTATION_ITEM ( )  RATIONAL_B_SPLINE_CURVE ( ( 1.000000000000000000, 0.7071067812819046283, 1.000000000000000000 ) ) 
 REPRESENTATION_ITEM ( '' )  );
#4682 = CARTESIAN_POINT ( 'NONE',  ( 16.37300617216271448, -4.050697139800583990, 51.58111436569600272 ) ) ;
#4683 = CARTESIAN_POINT ( 'NONE',  ( 20.25767337467699036, -5.445971736845703681, 60.13642334001693968 ) ) ;
#4684 = CARTESIAN_POINT ( 'NONE',  ( 11.46059787998678203, 4.241860003293811410, -52.14054603965652746 ) ) ;
#4685 = CARTESIAN_POINT ( 'NONE',  ( 41.61882504714242970, -4.095623106130383384, -78.56220974362744869 ) ) ;
#4686 = CARTESIAN_POINT ( 'NONE',  ( 169.5681804659394061, -5.477243346265167290, -34.12860525488896712 ) ) ;
#4687 = CARTESIAN_POINT ( 'NONE',  ( 20.00000000000000000, 0.000000000000000000, 56.83485783801463498 ) ) ;
#4688 = DIRECTION ( 'NONE',  ( -1.000000000000000000, 0.000000000000000000, 0.000000000000000000 ) ) ;
#4689 = CARTESIAN_POINT ( 'NONE',  ( 21.98911871015396358, 5.773225176589817378E-12, -57.63738849363744521 ) ) ;
#4690 = ORIENTED_EDGE ( 'NONE', *, *, #4038, .F. ) ;
#4691 = CARTESIAN_POINT ( 'NONE',  ( 17.79496821081790259, -6.564969174855652234, 54.06561374861531277 ) ) ;
#4692 = CARTESIAN_POINT ( 'NONE',  ( 16.28308965809336328, -3.763798639962677939, 51.76262612497127691 ) ) ;
#4693 = CARTESIAN_POINT ( 'NONE',  ( 180.4615478995075932, -3.122502256758252770E-14, -45.27305940061618372 ) ) ;
#4694 = CARTESIAN_POINT ( 'NONE',  ( 4.762332555758352903, -41.67820303550884375, 7.642486642618671944 ) ) ;
#4695 = CARTESIAN_POINT ( 'NONE',  ( 46.18369182480281410, -4.336923170718545606, -80.91669211296498077 ) ) ;
#4696 = CARTESIAN_POINT ( 'NONE',  ( 155.1812595034477056, -4.000000000000025757, 63.11112183710204704 ) ) ;
#4697 = CARTESIAN_POINT ( 'NONE',  ( 16.47491715226399123, -13.66966812029768619, 45.71596907065278259 ) ) ;
#4698 = LINE ( 'NONE', #5772, #2647 ) ;
#4699 = CARTESIAN_POINT ( 'NONE',  ( 15.99208734377529240, -4.423527276770755634, 46.12789556000407032 ) ) ;
#4700 = CARTESIAN_POINT ( 'NONE',  ( 73.85966726707917474, -5.106871088041074813, -89.24559283230759377 ) ) ;
#4701 = DATE_TIME_ROLE ( 'classification_date' ) ;
#4702 = CARTESIAN_POINT ( 'NONE',  ( 96.45952585277333924, -4.215257739743066168, 89.62555009607120837 ) ) ;
#4703 = ORIENTED_EDGE ( 'NONE', *, *, #6953, .F. ) ;
#4704 = CARTESIAN_POINT ( 'NONE',  ( 160.4780081914962295, -3.122502256758252770E-14, 50.65681748375248361 ) ) ;
#4705 = EDGE_CURVE ( 'NONE', #6886, #3074, #6816, .T. ) ;
#4706 = CARTESIAN_POINT ( 'NONE',  ( 5.930968671897917766, -37.75511726828314352, -6.794527424813664673 ) ) ;
#4707 = CARTESIAN_POINT ( 'NONE',  ( 176.9479427799841460, -5.207648404245004414, -51.15283425418926555 ) ) ;
#4708 = CARTESIAN_POINT ( 'NONE',  ( 21.30774762279741452, -8.049242825387171507, 58.53328757385584424 ) ) ;
#4709 = CC_DESIGN_PERSON_AND_ORGANIZATION_ASSIGNMENT ( #4666, #1307, ( #3384 ) ) ;
#4710 = CARTESIAN_POINT ( 'NONE',  ( 16.45494811592255502, -3.799356905501661164, 53.94260933679960601 ) ) ;
#4711 = CARTESIAN_POINT ( 'NONE',  ( 143.7929854930485192, -6.042206017369098348, 99.54331454056966777 ) ) ;
#4712 = CARTESIAN_POINT ( 'NONE',  ( 20.47971296940163910, -13.73718209493661035, 42.23868346261382811 ) ) ;
#4713 = CARTESIAN_POINT ( 'NONE',  ( 70.02196601271387522, -4.119375382135980423, -91.37144750477814625 ) ) ;
#4714 = CARTESIAN_POINT ( 'NONE',  ( 180.3817233463219338, -3.000945304260224426E-14, -16.85569158312813443 ) ) ;
#4715 = CARTESIAN_POINT ( 'NONE',  ( -22.00000000000000355, -6.042206017373005444, 58.61996200337881646 ) ) ;
#4716 = CARTESIAN_POINT ( 'NONE',  ( 16.41501193467628994, -11.95420713653596323, 36.92917782844696717 ) ) ;
#4717 = CARTESIAN_POINT ( 'NONE',  ( 18.28175187513406286, -0.05286080497472880890, 54.24303436932621736 ) ) ;
#4718 = CARTESIAN_POINT ( 'NONE',  ( 16.39441795222413845, -4.096869321002810871, 51.67953644955631631 ) ) ;
#4719 = CARTESIAN_POINT ( 'NONE',  ( 16.45174659879433676, -3.894133729312252878, 53.30555741116886281 ) ) ;
#4720 = CARTESIAN_POINT ( 'NONE',  ( 17.36219751129839750, 0.3150894804673371463, -55.46784141863712847 ) ) ;
#4721 = CARTESIAN_POINT ( 'NONE',  ( 46.04509715729721364, -4.167567985606330794, -81.19759009651086501 ) ) ;
#4722 = DIRECTION ( 'NONE',  ( 1.000000000000000000, 0.000000000000000000, 0.000000000000000000 ) ) ;
#4723 = CARTESIAN_POINT ( 'NONE',  ( 15.70086029693237784, -35.51311746100079603, -28.66891598986108392 ) ) ;
#4724 = CARTESIAN_POINT ( 'NONE',  ( 147.9191747809105095, -2.775557561562891351E-14, 61.43512048264287273 ) ) ;
#4725 = VERTEX_POINT ( 'NONE', #708 ) ;
#4726 = ORIENTED_EDGE ( 'NONE', *, *, #6860, .F. ) ;
#4727 = CARTESIAN_POINT ( 'NONE',  ( 16.35774728638321918, -4.338534289725247461, 50.54392461550112614 ) ) ;
#4728 = CARTESIAN_POINT ( 'NONE',  ( 18.26212202406998131, -6.074805413523938213, 56.13954507799854099 ) ) ;
#4729 = CARTESIAN_POINT ( 'NONE',  ( 12.31592636560248621, -5.204170427930421283E-15, -46.62979131484937767 ) ) ;
#4730 = CARTESIAN_POINT ( 'NONE',  ( 1.179661086228151579, -41.49748618719699778, 8.942052267157261980 ) ) ;
#4731 = CARTESIAN_POINT ( 'NONE',  ( 57.14153098449487800, -4.530844121336221164, -85.75662314836931444 ) ) ;
#4732 = CARTESIAN_POINT ( 'NONE',  ( 75.08274068178386074, -3.999999999999779732, -93.48738073124508219 ) ) ;
#4733 = ORIENTED_EDGE ( 'NONE', *, *, #2977, .F. ) ;
#4734 = CARTESIAN_POINT ( 'NONE',  ( 20.00000000000018119, -5.946864156618344797E-15, -56.84228215070027801 ) ) ;
#4735 = DIRECTION ( 'NONE',  ( 1.500332356076765934E-16, 1.000000000000000000, -0.000000000000000000 ) ) ;
#4736 = CARTESIAN_POINT ( 'NONE',  ( 19.17854409722478692, -11.92750204530950775, 50.91559475493237841 ) ) ;
#4737 = CARTESIAN_POINT ( 'NONE',  ( 176.5183197790040310, -5.151960117254645866, 2.296258648801968061 ) ) ;
#4738 = CARTESIAN_POINT ( 'NONE',  ( 40.45768536631358359, -4.375470300992154726, -77.48076199002669284 ) ) ;
#4739 = CARTESIAN_POINT ( 'NONE',  ( 87.80176403638073168, -2.494131475250810653E-11, -90.88784788192388930 ) ) ;
#4740 = CARTESIAN_POINT ( 'NONE',  ( -5.018229551530909660, -37.66393750384889927, -7.488233837273337024 ) ) ;
#4741 = CARTESIAN_POINT ( 'NONE',  ( -2.733567913876199018, -5.819594407529431912, -52.60634665891025463 ) ) ;
#4742 = CARTESIAN_POINT ( 'NONE',  ( 16.57836017917508542, -4.411397210904601351, 52.52785478677095199 ) ) ;
#4743 = CARTESIAN_POINT ( 'NONE',  ( 19.60650398464970579, -4.056246930731111533, 60.86817029028317450 ) ) ;
#4744 = CARTESIAN_POINT ( 'NONE',  ( 128.8485295163893056, -33.22972007004625539, 73.62341040694573735 ) ) ;
#4745 = CARTESIAN_POINT ( 'NONE',  ( 24.06867919629242891, -30.80939151242559504, 4.956781386968960312 ) ) ;
#4746 = CARTESIAN_POINT ( 'NONE',  ( 96.46974441621443930, -4.005251852281116243, 89.90001821844774099 ) ) ;
#4747 = CARTESIAN_POINT ( 'NONE',  ( 135.9476185002446016, -2.334286052121451519E-14, 77.76454523398382435 ) ) ;
#4748 = CARTESIAN_POINT ( 'NONE',  ( 12.36721414943221475, -22.40105609297692979, -40.89207785346543034 ) ) ;
#4749 = CARTESIAN_POINT ( 'NONE',  ( 18.14598293059809819, -0.1815864188124612366, 51.19806508251126331 ) ) ;
#4750 = CARTESIAN_POINT ( 'NONE',  ( 86.40000000027626470, -53.01288504816876923, -17.35301767440695997 ) ) ;
#4751 = CARTESIAN_POINT ( 'NONE',  ( 16.36491395864711862, -4.033205360376489246, 51.54352525066982338 ) ) ;
#4752 = EDGE_CURVE ( 'NONE', #1811, #3607, #2207, .T. ) ;
#4753 = CARTESIAN_POINT ( 'NONE',  ( 16.47354953364147079, -3.917856403903172247, 53.42126798438460611 ) ) ;
#4754 = CARTESIAN_POINT ( 'NONE',  ( 18.97049017582390462, -0.6514735575424976943, -53.26741274617151589 ) ) ;
#4755 = CARTESIAN_POINT ( 'NONE',  ( 101.4226398243032037, -4.368034981788957438, -91.69498386625510022 ) ) ;
#4756 = CARTESIAN_POINT ( 'NONE',  ( 19.51301998088100120, -1.212441554801826582, -53.35557704335433726 ) ) ;
#4757 = CARTESIAN_POINT ( 'NONE',  ( 9.147201858423418486, -22.20109041499072333, -46.75090560574592757 ) ) ;
#4758 = CARTESIAN_POINT ( 'NONE',  ( 26.04776955770638125, -1.045373789708795798, 61.83928559613119802 ) ) ;
#4759 = ORIENTED_EDGE ( 'NONE', *, *, #6504, .T. ) ;
#4760 = VERTEX_POINT ( 'NONE', #6928 ) ;
#4761 = CARTESIAN_POINT ( 'NONE',  ( 21.48650712651355121, -9.148993337918106761, 57.52918472250401294 ) ) ;
#4762 = EDGE_CURVE ( 'NONE', #6013, #4283, #2303, .T. ) ;
#4763 = CARTESIAN_POINT ( 'NONE',  ( 16.44253339458613183, -4.022163805536252745, 52.54732766052728721 ) ) ;
#4764 = CARTESIAN_POINT ( 'NONE',  ( 13.00897875029815864, -38.27836050204820850, 0.7203747972461486127 ) ) ;
#4765 = CARTESIAN_POINT ( 'NONE',  ( 55.53490397270744694, -4.511614931678620266, -85.16520611910448224 ) ) ;
#4766 = CARTESIAN_POINT ( 'NONE',  ( 126.4699890322344373, -4.000000000000021316, 82.65604501990382857 ) ) ;
#4767 = VECTOR ( 'NONE', #1922, 1000.000000000000000 ) ;
#4768 = CARTESIAN_POINT ( 'NONE',  ( -18.00000000000000355, -6.042206017373017879, 53.98290812280551876 ) ) ;
#4769 = CARTESIAN_POINT ( 'NONE',  ( -1.317863058803398602, -5.489815721555260097, 58.93244457056390218 ) ) ;
#4770 = CARTESIAN_POINT ( 'NONE',  ( 16.03770179266463103, -5.343467754339393139, 46.76283038294426575 ) ) ;
#4771 = CIRCLE ( 'NONE', #6642, 17.35301767440691734 ) ;
#4772 = CARTESIAN_POINT ( 'NONE',  ( 112.6239753272837731, -5.252397524727816069, -86.41662155447801297 ) ) ;
#4773 = CARTESIAN_POINT ( 'NONE',  ( 48.13253665470136156, -5.059161710266846690, -81.09015324246517764 ) ) ;
#4774 = ORIENTED_EDGE ( 'NONE', *, *, #3328, .F. ) ;
#4775 = CARTESIAN_POINT ( 'NONE',  ( 16.18441142211197459, -5.350672450825092241, -55.80346454821285818 ) ) ;
#4776 = CARTESIAN_POINT ( 'NONE',  ( 147.1142188575281011, -2.527504133841190660E-14, -75.31467981670196821 ) ) ;
#4777 = AXIS2_PLACEMENT_3D ( 'NONE', #5529, #3915, #6190 ) ;
#4778 = FACE_OUTER_BOUND ( 'NONE', #3363, .T. ) ;
#4779 = CARTESIAN_POINT ( 'NONE',  ( 175.5175642168975401, -5.819594407529458557, 1.688987005490010018 ) ) ;
#4780 = CARTESIAN_POINT ( 'NONE',  ( 20.46322495595397228, -7.628745128785087815, 57.98035939339276723 ) ) ;
#4781 = CARTESIAN_POINT ( 'NONE',  ( 16.81440755981794410, -3.916897794567537616, 55.88346408029693890 ) ) ;
#4782 = CARTESIAN_POINT ( 'NONE',  ( 24.05320793890679099, -14.01792606924174045, 46.79758881041382779 ) ) ;
#4783 = CARTESIAN_POINT ( 'NONE',  ( 59.52303633329907484, -1.187663317874293525E-14, 84.46560409947292669 ) ) ;
#4784 = CARTESIAN_POINT ( 'NONE',  ( 164.0181371332451192, -4.045199069306352868, -54.91056748992748027 ) ) ;
#4785 = CARTESIAN_POINT ( 'NONE',  ( 13.70792652583598503, -24.99881205430431663, -37.79645484499403807 ) ) ;
#4786 = CARTESIAN_POINT ( 'NONE',  ( 12.50947101127368022, 4.113014985447260408, 53.45434779557147209 ) ) ;
#4787 = CARTESIAN_POINT ( 'NONE',  ( 162.7971420152114490, -22.16292595220783923, 152.7942840304229151 ) ) ;
#4788 = CARTESIAN_POINT ( 'NONE',  ( 20.37255414386926589, -7.959694792254487616, 57.47509607471861415 ) ) ;
#4789 = CARTESIAN_POINT ( 'NONE',  ( 16.48463065487441170, -3.855044585572465987, 53.91089180215183063 ) ) ;
#4790 = CARTESIAN_POINT ( 'NONE',  ( 17.21503390384632937, 0.0007598339836665145763, -46.62506697854590954 ) ) ;
#4791 = EDGE_CURVE ( 'NONE', #2592, #5626, #6530, .T. ) ;
#4792 = CARTESIAN_POINT ( 'NONE',  ( 176.8895984377141417, -4.206422225373568580, 19.68258920719671679 ) ) ;
#4793 = CARTESIAN_POINT ( 'NONE',  ( 0.3185643450413075950, -5.744185191088335252, -58.78925106948148027 ) ) ;
#4794 = CARTESIAN_POINT ( 'NONE',  ( 34.29591620556220732, -7.806255641895631925E-15, -68.92114662475061948 ) ) ;
#4795 = EDGE_CURVE ( 'NONE', #1670, #4143, #7039, .T. ) ;
#4796 = CARTESIAN_POINT ( 'NONE',  ( 22.81168416089447248, -6.722053469410127491E-15, -60.19063008427125538 ) ) ;
#4797 = ORIENTED_EDGE ( 'NONE', *, *, #7174, .F. ) ;
#4798 = ORIENTED_EDGE ( 'NONE', *, *, #1412, .F. ) ;
#4799 = CARTESIAN_POINT ( 'NONE',  ( 16.20190089500928465, -3.729304246735356543, 50.34966189774426226 ) ) ;
#4800 = CARTESIAN_POINT ( 'NONE',  ( 16.44093142652063477, -4.019870375365698578, 52.53861607862115335 ) ) ;
#4801 = CARTESIAN_POINT ( 'NONE',  ( 7.995343801386434635, -37.23002177487008169, 10.28664374284509364 ) ) ;
#4802 = CC_DESIGN_DATE_AND_TIME_ASSIGNMENT ( #2455, #4701, ( #4429 ) ) ;
#4803 = CARTESIAN_POINT ( 'NONE',  ( 171.2146725091100734, -4.721892835091293428, -34.79683547322829895 ) ) ;
#4804 = CARTESIAN_POINT ( 'NONE',  ( 48.79131064377813232, -4.000000000000053291, -83.65634158771108275 ) ) ;
#4805 = CARTESIAN_POINT ( 'NONE',  ( -5.703926052512996669, -36.97915452143465842, 11.62635129239194143 ) ) ;
#4806 = CARTESIAN_POINT ( 'NONE',  ( 2.313056507273488105, -37.48634623486362472, 8.717295059320505857 ) ) ;
#4807 = CARTESIAN_POINT ( 'NONE',  ( 20.22254014780378384, -12.91447116980701892, 51.45986279892721882 ) ) ;
#4808 = CARTESIAN_POINT ( 'NONE',  ( 75.54573192082230548, -5.120273734035049706, -89.47701492814074697 ) ) ;
#4809 = CARTESIAN_POINT ( 'NONE',  ( 166.2348977772622618, -5.794155203139877308, -40.07039445231898611 ) ) ;
#4810 = CARTESIAN_POINT ( 'NONE',  ( 21.61190275412309347, -5.174152976996984954, -61.87179788089190424 ) ) ;
#4811 = CARTESIAN_POINT ( 'NONE',  ( 181.0940313110722002, -3.147257435945459513E-14, -13.96119198768387015 ) ) ;
#4812 = CARTESIAN_POINT ( 'NONE',  ( 96.20950330287215024, -4.372500000008039400, 86.38666875959395952 ) ) ;
#4813 = CARTESIAN_POINT ( 'NONE',  ( 87.24453141194256034, -5.819594407529445235, -89.12956689983303704 ) ) ;
#4814 = CARTESIAN_POINT ( 'NONE',  ( 16.42147835434862913, -4.081350196316070544, 52.06335131229916158 ) ) ;
#4815 = CARTESIAN_POINT ( 'NONE',  ( 69.04698232559303506, -53.01288504816876923, 2.125131755050989958E-15 ) ) ;
#4816 = CARTESIAN_POINT ( 'NONE',  ( 23.46118694433094021, -4.831412332564680945, 57.02247314156207381 ) ) ;
#4817 = CARTESIAN_POINT ( 'NONE',  ( 57.48616109013048003, -1.157103419548118527E-14, 83.67476068326513428 ) ) ;
#4818 = CARTESIAN_POINT ( 'NONE',  ( 48.85674762244511982, -4.024120419908169488, -83.44113467166410203 ) ) ;
#4819 = ORIENTED_EDGE ( 'NONE', *, *, #1052, .F. ) ;
#4820 = CARTESIAN_POINT ( 'NONE',  ( 73.25193141562424159, -1.393642372926250526E-14, 88.45069695642422403 ) ) ;
#4821 = CARTESIAN_POINT ( 'NONE',  ( 176.0785575510288368, -5.041519230683441322, 1.098245584570191556E-14 ) ) ;
#4822 = CARTESIAN_POINT ( 'NONE',  ( 14.23065203007137391, 0.5000726616645998490, 51.52421410060674845 ) ) ;
#4823 = CARTESIAN_POINT ( 'NONE',  ( 86.40000000137550273, -2.750000000000012879, -86.40000000000000568 ) ) ;
#4824 = CARTESIAN_POINT ( 'NONE',  ( 21.34673743956271252, -8.375601044054262090, 58.22213347245226345 ) ) ;
#4825 = CARTESIAN_POINT ( 'NONE',  ( 16.47260611516757933, -3.876121625653166980, 53.64739547844959588 ) ) ;
#4826 = CARTESIAN_POINT ( 'NONE',  ( 20.15395842259324866, -4.408792384418283916, 46.65222685758207177 ) ) ;
#4827 = CARTESIAN_POINT ( 'NONE',  ( 158.6554099050962634, -4.229560890203716284, -59.81105175868156465 ) ) ;
#4828 = CARTESIAN_POINT ( 'NONE',  ( -22.00000000000000355, -5.942206017373004023, -36.44720368503895003 ) ) ;
#4829 = CARTESIAN_POINT ( 'NONE',  ( 12.37944976496089033, -22.42414006179535590, 40.86884432910390785 ) ) ;
#4830 = CARTESIAN_POINT ( 'NONE',  ( 154.3771864374678557, -2.775557561562891351E-14, 68.02134221334644337 ) ) ;
#4831 = ORIENTED_EDGE ( 'NONE', *, *, #3407, .F. ) ;
#4832 = ORIENTED_EDGE ( 'NONE', *, *, #255, .T. ) ;
#4833 = CARTESIAN_POINT ( 'NONE',  ( 21.38694510185173669, -8.903290932906092081, 57.68856692228735028 ) ) ;
#4834 = CARTESIAN_POINT ( 'NONE',  ( 20.09291941324303821, -6.635850913726018874, 58.61334945794403239 ) ) ;
#4835 = CARTESIAN_POINT ( 'NONE',  ( 9.547138376641980173, -37.46903195938752873, 8.833645727055785102 ) ) ;
#4836 = CARTESIAN_POINT ( 'NONE',  ( 171.7885724352734371, -4.541417943229278720, -35.03146069871652912 ) ) ;
#4837 = CARTESIAN_POINT ( 'NONE',  ( 94.75522633623326385, -4.000000000000015987, -95.61755168646891434 ) ) ;
#4838 = CARTESIAN_POINT ( 'NONE',  ( -12.99440787904489802, -38.28587875894415049, 0.4791485240939613588 ) ) ;
#4839 = B_SPLINE_CURVE_WITH_KNOTS ( 'NONE', 3,
 ( #2418, #4663, #3972, #609, #2379, #2865, #1752, #3418, #1820, #3385, #5622, #5105, #2342, #4083, #4044, #1894, #5255, #3014, #3151, #4256 ),
 .UNSPECIFIED., .F., .F.,
 ( 4, 2, 2, 2, 2, 2, 2, 2, 2, 4 ),
 ( 0.000000000000000000, 0.01522115211541693984, 0.03044230423083387968, 0.03424759225968810467, 0.03615023627411521889, 0.03805288028854234006, 0.04566345634625078309, 0.05327403240395922612, 0.05707932043281344764, 0.06088460846166766222 ),
 .UNSPECIFIED. ) ;
#4840 = ORIENTED_EDGE ( 'NONE', *, *, #2629, .F. ) ;
#4841 = CARTESIAN_POINT ( 'NONE',  ( 21.17642375170984437, -13.66831230503735917, 51.85457023129704623 ) ) ;
#4842 = CARTESIAN_POINT ( 'NONE',  ( 16.67208845979243037, -1.000000000000005551, -51.03377212656773310 ) ) ;
#4843 = CARTESIAN_POINT ( 'NONE',  ( 136.0637329490962770, -4.976521299228346074, -76.19522696125025618 ) ) ;
#4844 = CARTESIAN_POINT ( 'NONE',  ( 147.6204541526263085, -5.282958378841928315, 65.30289547042200127 ) ) ;
#4845 = CARTESIAN_POINT ( 'NONE',  ( 16.21459775649094226, -6.215095967530437804, -54.85609470014640010 ) ) ;
#4846 = CARTESIAN_POINT ( 'NONE',  ( 32.63751076073033630, -7.806255641895631925E-15, -71.11481737957048210 ) ) ;
#4847 = CARTESIAN_POINT ( 'NONE',  ( 172.8000000000000114, -14.68703703704284358, 4.845691241352079182 ) ) ;
#4848 = CARTESIAN_POINT ( 'NONE',  ( 34.24364249517245185, -4.843351673694511916, -90.31529523411576577 ) ) ;
#4849 = CARTESIAN_POINT ( 'NONE',  ( 16.31149653148512968, -3.867209311779884917, 51.55653817180105136 ) ) ;
#4850 = ORIENTED_EDGE ( 'NONE', *, *, #5070, .T. ) ;
#4851 = CARTESIAN_POINT ( 'NONE',  ( 16.45240760179734707, -3.746464346053131056, 54.29953202932479428 ) ) ;
#4852 = CARTESIAN_POINT ( 'NONE',  ( 69.45021637626093991, -58.93658393131475748, 9.535991652820095865 ) ) ;
#4853 = CARTESIAN_POINT ( 'NONE',  ( 53.17783325563904384, -1.092464183041381713E-14, 81.87740058858305758 ) ) ;
#4854 = CARTESIAN_POINT ( 'NONE',  ( 144.3043242744394661, -4.045827862615445802, -75.70348508437459145 ) ) ;
#4855 = CARTESIAN_POINT ( 'NONE',  ( 89.91380182406868471, -1.643625805791722314E-14, 90.11874791625734815 ) ) ;
#4856 = CARTESIAN_POINT ( 'NONE',  ( 16.83297877656314512, -23.92321148466760050, -0.4907604431997277250 ) ) ;
#4857 = CARTESIAN_POINT ( 'NONE',  ( 18.70996703290065710, -31.58140437854543237, 135.3800659341986545 ) ) ;
#4858 = CARTESIAN_POINT ( 'NONE',  ( 21.17743506257232511, -8.310420087391749533, 58.10100994714215261 ) ) ;
#4859 = CARTESIAN_POINT ( 'NONE',  ( 18.97614742357241369, -4.930874926414998249, 59.05972171287746164 ) ) ;
#4860 = CARTESIAN_POINT ( 'NONE',  ( 17.27792355902172972, -1.081039916148973469E-14, 47.02938701314357672 ) ) ;
#4861 = CARTESIAN_POINT ( 'NONE',  ( 32.92635439677886922, -2.468195137842637443, -67.88576398701793835 ) ) ;
#4862 = CARTESIAN_POINT ( 'NONE',  ( 179.3130111961606303, -4.215127821261155816, -1.133484709913258337 ) ) ;
#4863 = CARTESIAN_POINT ( 'NONE',  ( 57.95158378773624008, -1.164086306872822589E-14, -88.61112594803884690 ) ) ;
#4864 = CARTESIAN_POINT ( 'NONE',  ( 3.136625438356654527, -10.92683217296046827, -55.69294794282946981 ) ) ;
#4865 = CARTESIAN_POINT ( 'NONE',  ( 9.813613405785234889, -4.119968255444916849E-15, -42.39472947043825712 ) ) ;
#4866 = ORIENTED_EDGE ( 'NONE', *, *, #4243, .T. ) ;
#4867 = ORIENTED_EDGE ( 'NONE', *, *, #1865, .F. ) ;
#4868 = CARTESIAN_POINT ( 'NONE',  ( 16.35843428069474825, -4.131427854042053482, 51.11325096452221572 ) ) ;
#4869 = CARTESIAN_POINT ( 'NONE',  ( 16.49633736478866552, -4.059227673839892248, 52.98419839164706957 ) ) ;
#4870 = CARTESIAN_POINT ( 'NONE',  ( -0.2027206088190388056, -0.2062417836864181564, 61.69954366798180700 ) ) ;
#4871 = CARTESIAN_POINT ( 'NONE',  ( 116.5328912306913764, -4.559796733573616478, -87.28765103352313304 ) ) ;
#4872 = CARTESIAN_POINT ( 'NONE',  ( 126.4489493502208859, -4.000000000000022204, -88.12076494489085121 ) ) ;
#4873 = ADVANCED_FACE ( 'NONE', ( #2404 ), #4650, .F. ) ;
#4874 = PLANE ( 'NONE',  #782 ) ;
#4875 = CARTESIAN_POINT ( 'NONE',  ( 20.83525628832839871, -12.64306414410319945, 52.66505121743542617 ) ) ;
#4876 = AXIS2_PLACEMENT_3D ( 'NONE', #2276, #6656, #3798 ) ;
#4877 = CARTESIAN_POINT ( 'NONE',  ( 10.68988785195210056, -1.000000000000004441, -41.90966391585580197 ) ) ;
#4878 = CARTESIAN_POINT ( 'NONE',  ( 94.29063033505214264, -4.951323071394674535, -90.55275559684596942 ) ) ;
#4879 = CARTESIAN_POINT ( 'NONE',  ( 16.04302939744405165, -1.302020983532002907, -50.22498325672606967 ) ) ;
#4880 = CARTESIAN_POINT ( 'NONE',  ( 147.9450740989585995, -2.519099947073309417E-14, 69.80327744570756465 ) ) ;
#4881 = ORIENTED_EDGE ( 'NONE', *, *, #2740, .F. ) ;
#4882 = CARTESIAN_POINT ( 'NONE',  ( 172.3913895804780338, -15.83484375001245681, -9.691317847685493092 ) ) ;
#4883 = EDGE_CURVE ( 'NONE', #5904, #5626, #5981, .T. ) ;
#4884 = VECTOR ( 'NONE', #222, 1000.000000000000000 ) ;
#4885 = CARTESIAN_POINT ( 'NONE',  ( 12.99916864489006052, -38.31026286157669603, 0.1470188481355287624 ) ) ;
#4886 = CARTESIAN_POINT ( 'NONE',  ( 16.44924491935760003, -3.746408219107257853, 54.26729210649889978 ) ) ;
#4887 = LINE ( 'NONE', #7131, #3234 ) ;
#4888 = CARTESIAN_POINT ( 'NONE',  ( 42.41349843532498198, -9.309633848157724091E-15, 76.09218502127838235 ) ) ;
#4889 = AXIS2_PLACEMENT_3D ( 'NONE', #5723, #3477, #4688 ) ;
#4890 = CARTESIAN_POINT ( 'NONE',  ( 38.78607640462686845, -4.002540365984800452, -76.76684852540051907 ) ) ;
#4891 = LINE ( 'NONE', #2119, #1825 ) ;
#4892 = CARTESIAN_POINT ( 'NONE',  ( 19.92775606846375425, -38.48506133258185713, -132.9444878630725384 ) ) ;
#4893 = CARTESIAN_POINT ( 'NONE',  ( 156.0715747903240640, -5.652568528491302757, 55.89418812124159075 ) ) ;
#4894 = CARTESIAN_POINT ( 'NONE',  ( 2.906866357821245472, -13.47642778113337414, 166.9862672843574671 ) ) ;
#4895 = AXIS2_PLACEMENT_3D ( 'NONE', #4264, #7128, #431 ) ;
#4896 = CARTESIAN_POINT ( 'NONE',  ( 21.35894713419269664, -8.380177116747729471, 58.23078760190242775 ) ) ;
#4897 = CARTESIAN_POINT ( 'NONE',  ( 16.33364486011727834, -3.766724678334743892, 52.62407061578350920 ) ) ;
#4898 = CARTESIAN_POINT ( 'NONE',  ( 18.51855899403090788, -0.3519666542540293430, 52.36515526032565049 ) ) ;
#4899 = CARTESIAN_POINT ( 'NONE',  ( 8.999999999999989342, -42.30756013076908317, -5.181181809388053756E-15 ) ) ;
#4900 = CARTESIAN_POINT ( 'NONE',  ( 179.1735450742911837, -4.213819678094690602, 2.365594218868296572 ) ) ;
#4901 = CARTESIAN_POINT ( 'NONE',  ( -22.00000000000000355, -40.88189669053598152, 38.76238080152554488 ) ) ;
#4902 = CARTESIAN_POINT ( 'NONE',  ( 21.23138123611728645, -11.37181698593107093, 54.68681159324965790 ) ) ;
#4903 = CARTESIAN_POINT ( 'NONE',  ( 20.02193525544258179, -2.301689289447995446, 50.81936983830493659 ) ) ;
#4904 = CARTESIAN_POINT ( 'NONE',  ( 104.1031940807123419, -2.081668171172168513E-14, -104.0698661045872910 ) ) ;
#4905 = VERTEX_POINT ( 'NONE', #3072 ) ;
#4906 = CARTESIAN_POINT ( 'NONE',  ( 21.04909922170898895, -8.753598781021514341, 57.45670834654124093 ) ) ;
#4907 = CARTESIAN_POINT ( 'NONE',  ( 16.45213555247529413, -3.982854851576044020, 52.83964043808310151 ) ) ;
#4908 = CARTESIAN_POINT ( 'NONE',  ( 4.633099620682751052, -36.87327236822839183, 12.15385336364007784 ) ) ;
#4909 = CARTESIAN_POINT ( 'NONE',  ( 109.8490837154770503, -4.557906110636262831, -89.28061253703612010 ) ) ;
#4910 = CARTESIAN_POINT ( 'NONE',  ( 165.1061181839153278, -4.000000000000027534, -55.68363344283076799 ) ) ;
#4911 = CARTESIAN_POINT ( 'NONE',  ( 149.6614994673865908, -58.99259783589945272, 7.747299283199695974E-15 ) ) ;
#4912 = CARTESIAN_POINT ( 'NONE',  ( 16.06904467211965581, -4.412558860796569782, 47.05796987177860302 ) ) ;
#4913 = CARTESIAN_POINT ( 'NONE',  ( 170.5470174075060754, -5.070953772755128597, 32.15741852183417393 ) ) ;
#4914 = CARTESIAN_POINT ( 'NONE',  ( 159.6817638459687885, -18.37368576389108910, -46.02416551369779540 ) ) ;
#4915 = CARTESIAN_POINT ( 'NONE',  ( 114.4567929471684096, -4.978653966931785746, -86.54482815152829289 ) ) ;
#4916 = CARTESIAN_POINT ( 'NONE',  ( 16.18428147555650298, -5.346951269098410897, -45.69258647490516267 ) ) ;
#4917 = CARTESIAN_POINT ( 'NONE',  ( 79.92117122073001667, -1.502456663210957668E-14, -95.18147254873954921 ) ) ;
#4918 = CARTESIAN_POINT ( 'NONE',  ( 118.3707368188664049, -19.99654264322918351, -80.27639461562918655 ) ) ;
#4919 = CARTESIAN_POINT ( 'NONE',  ( 151.4855042191194912, -33.24540241821873110, 7.970675441283623038E-15 ) ) ;
#4920 = CARTESIAN_POINT ( 'NONE',  ( 19.16930499938679588, -3.647168294319429904, 60.80877823010275307 ) ) ;
#4921 = FACE_OUTER_BOUND ( 'NONE', #7168, .T. ) ;
#4922 = CARTESIAN_POINT ( 'NONE',  ( 18.77719939846388542, -1.000000000000005551, 53.99627359746481403 ) ) ;
#4923 = CARTESIAN_POINT ( 'NONE',  ( 41.54763655461027838, -4.010737926012978960, -78.82226828283820907 ) ) ;
#4924 = ORIENTED_EDGE ( 'NONE', *, *, #3051, .T. ) ;
#4925 = CARTESIAN_POINT ( 'NONE',  ( 87.11418833379725868, -1.601622298752090759E-14, 90.06662125312352885 ) ) ;
#4926 = CARTESIAN_POINT ( 'NONE',  ( 172.6772380009914798, -20.95902901126225970, -172.5544760019828630 ) ) ;
#4927 = CARTESIAN_POINT ( 'NONE',  ( 172.7263719998355782, -5.924216457820901560, 21.65753156937418566 ) ) ;
#4928 = CARTESIAN_POINT ( 'NONE',  ( 174.4157798700142337, -7.398014790541393992, 176.0315597400285128 ) ) ;
#4929 = B_SPLINE_CURVE_WITH_KNOTS ( 'NONE', 3,
 ( #3784, #4480, #3227, #7199 ),
 .UNSPECIFIED., .F., .F.,
 ( 4, 4 ),
 ( 0.3076923076923079869, 0.6923716427007651220 ),
 .UNSPECIFIED. ) ;
#4930 = CARTESIAN_POINT ( 'NONE',  ( 21.31782035577503720, -8.261327510920869699, 58.31429770029644999 ) ) ;
#4931 = CARTESIAN_POINT ( 'NONE',  ( 20.13580360035363270, -4.986179361320566272, 60.48307260719303713 ) ) ;
#4932 = CARTESIAN_POINT ( 'NONE',  ( 26.13819987719110216, -6.867798144999944417E-15, -64.02451500052907818 ) ) ;
#4933 = DIRECTION ( 'NONE',  ( 0.000000000000000000, 1.000000000000000000, 0.000000000000000000 ) ) ;
#4934 = CARTESIAN_POINT ( 'NONE',  ( 162.9291709306274356, -4.228608727065300776, -54.13875457478188480 ) ) ;
#4935 = CARTESIAN_POINT ( 'NONE',  ( 60.64066381358270519, -1.204431444581394694E-14, -89.72302033436112367 ) ) ;
#4936 = CARTESIAN_POINT ( 'NONE',  ( 16.41406352274474045, -5.278541687645350144, 49.60411790657673237 ) ) ;
#4937 = LINE ( 'NONE', #1445, #1356 ) ;
#4938 = FACE_OUTER_BOUND ( 'NONE', #5872, .T. ) ;
#4939 = CARTESIAN_POINT ( 'NONE',  ( 18.39280245528469138, -5.684046768172524360E-15, 54.89746379615264260 ) ) ;
#4940 = VERTEX_POINT ( 'NONE', #302 ) ;
#4941 = ORIENTED_EDGE ( 'NONE', *, *, #1735, .T. ) ;
#4942 = ORIENTED_EDGE ( 'NONE', *, *, #2731, .F. ) ;
#4943 = CARTESIAN_POINT ( 'NONE',  ( 21.45524125729549070, -8.932234348354436193, 57.73392082798113023 ) ) ;
#4944 = CARTESIAN_POINT ( 'NONE',  ( 16.75418822224193605, -4.447841467426106199, 53.69032720520527135 ) ) ;
#4945 = CARTESIAN_POINT ( 'NONE',  ( -3.396985594379522855, -36.78514933854590652, 12.57757467218923075 ) ) ;
#4946 = CARTESIAN_POINT ( 'NONE',  ( 118.1682703995485895, -4.559792259682081017, -86.68822070119861678 ) ) ;
#4947 = CARTESIAN_POINT ( 'NONE',  ( 51.78453432315078686, -4.000000000000010658, -85.58558336089677709 ) ) ;
#4948 = FACE_OUTER_BOUND ( 'NONE', #3250, .T. ) ;
#4949 = CARTESIAN_POINT ( 'NONE',  ( 16.06991589342195326, -4.427433057040634168, 47.06898669831093684 ) ) ;
#4950 = CARTESIAN_POINT ( 'NONE',  ( 143.0087951267995550, -4.833952480637588422, 70.33676982879268280 ) ) ;
#4951 = CARTESIAN_POINT ( 'NONE',  ( 118.3707368188664049, -19.99654264322918351, -80.27639461562918655 ) ) ;
#4952 = CARTESIAN_POINT ( 'NONE',  ( 176.6188689047024241, -4.889229458661005445, 9.141974467429696105 ) ) ;
#4953 = CARTESIAN_POINT ( 'NONE',  ( 21.36680935997135222, -33.72359951674290102, -2.374543592189278574 ) ) ;
#4954 = CARTESIAN_POINT ( 'NONE',  ( 17.16311880744736129, -8.990684644218684095E-15, -46.63963845645704254 ) ) ;
#4955 = CARTESIAN_POINT ( 'NONE',  ( 44.58884204951603891, -5.164562500155128966, -75.76455500065374338 ) ) ;
#4956 = CARTESIAN_POINT ( 'NONE',  ( 186.7177003677179812, -4.277705916471362002, 5.651213538767143341E-14 ) ) ;
#4957 = DIRECTION ( 'NONE',  ( 0.000000000000000000, 0.000000000000000000, -1.000000000000000000 ) ) ;
#4958 = CARTESIAN_POINT ( 'NONE',  ( 70.17304369943950348, -2.750000011882978157, 84.86178067531328395 ) ) ;
#4959 = CARTESIAN_POINT ( 'NONE',  ( 185.4118913100604686, -5.942206017373012905, -122.3817303857529168 ) ) ;
#4960 = CARTESIAN_POINT ( 'NONE',  ( 178.7305240377751261, -4.000000000000034639, -22.46146784152190889 ) ) ;
#4961 = DIRECTION ( 'NONE',  ( -1.000000000000000000, 0.000000000000000000, 0.000000000000000000 ) ) ;
#4962 = DIRECTION ( 'NONE',  ( 1.000000000000000000, 0.000000000000000000, 0.000000000000000000 ) ) ;
#4963 = CARTESIAN_POINT ( 'NONE',  ( 176.4696878824082660, -4.481915242111173647, 1.103035549653924241E-14 ) ) ;
#4964 = CARTESIAN_POINT ( 'NONE',  ( 17.82806298905695286, -6.146531423885681633, 54.78756318384374424 ) ) ;
#4965 = CARTESIAN_POINT ( 'NONE',  ( 16.46337507870874006, -3.835499305031936146, 53.80034557192437461 ) ) ;
#4966 = CARTESIAN_POINT ( 'NONE',  ( 25.94153027049985383, -6.838291167562365292E-15, -63.80059781481267578 ) ) ;
#4967 = CARTESIAN_POINT ( 'NONE',  ( 145.4620775740064573, -6.183816605996529603, -65.95826723732996300 ) ) ;
#4968 = CARTESIAN_POINT ( 'NONE',  ( 179.3126403880406485, -4.130853782551914044, -11.71332972216519686 ) ) ;
#4969 = CARTESIAN_POINT ( 'NONE',  ( -2.179733859829516174, -2.000000000000017764, -60.80283175413602947 ) ) ;
#4970 = CARTESIAN_POINT ( 'NONE',  ( 16.20376589075565832, -4.311008724834702655, 48.77533978236992596 ) ) ;
#4971 = CARTESIAN_POINT ( 'NONE',  ( -18.00000000000000355, -6.042206017373003668, -53.98290812280542639 ) ) ;
#4972 = CARTESIAN_POINT ( 'NONE',  ( 20.07716426742413418, -2.567814075417218955, 49.82547742057847984 ) ) ;
#4973 = CARTESIAN_POINT ( 'NONE',  ( 30.35451331323573143, -1.119403382539431169, 65.75610047667821334 ) ) ;
#4974 = VERTEX_POINT ( 'NONE', #4318 ) ;
#4975 = EDGE_CURVE ( 'NONE', #2193, #2368, #422, .T. ) ;
#4976 = CARTESIAN_POINT ( 'NONE',  ( 21.32826655138940097, -8.675723707117318995, 57.87261686110277736 ) ) ;
#4977 = CARTESIAN_POINT ( 'NONE',  ( 20.69163149886706776, -6.811704815761732590, 59.17175402166150633 ) ) ;
#4978 = CARTESIAN_POINT ( 'NONE',  ( -11.08565560482023749, -37.75368016045291597, 6.803654509525426164 ) ) ;
#4979 = B_SPLINE_SURFACE_WITH_KNOTS ( 'NONE', 3, 1, ( 
 ( #5699, #3308 ),
 ( #1083, #3420 ),
 ( #612, #5107 ),
 ( #503, #5072 ) ),
 .UNSPECIFIED., .F., .F., .F.,
 ( 4, 4 ),
 ( 2, 2 ),
 ( 0.000000000000000000, 1.000000000000000000 ),
 ( 0.000000000000000000, 1.000000000000000000 ),
 .UNSPECIFIED. ) ;
#4980 = CARTESIAN_POINT ( 'NONE',  ( 90.91543378057136238, -4.538739391409873924, -91.95151193988806426 ) ) ;
#4981 = CARTESIAN_POINT ( 'NONE',  ( 142.7277354468540977, -5.216107508423117878, 69.95930279476189639 ) ) ;
#4982 = CARTESIAN_POINT ( 'NONE',  ( 150.7537814588808942, -4.000000000000025757, -72.09889392838533695 ) ) ;
#4983 = CARTESIAN_POINT ( 'NONE',  ( -18.00000000000001066, -5.942206017373007576, 54.04319279652568753 ) ) ;
#4984 = CARTESIAN_POINT ( 'NONE',  ( 16.19673556648145052, -5.506315349948692983, 47.86092589703738298 ) ) ;
#4985 = CARTESIAN_POINT ( 'NONE',  ( 16.51429295026647637, -5.156956777238779210, 50.45193708503648367 ) ) ;
#4986 = CARTESIAN_POINT ( 'NONE',  ( 16.37528001243876830, -3.990653976129240998, 51.85601295247067100 ) ) ;
#4987 = CARTESIAN_POINT ( 'NONE',  ( 84.04717202429549161, -5.432033843659663574, -89.67429178787205046 ) ) ;
#4988 = CARTESIAN_POINT ( 'NONE',  ( 67.13519277913991345, 6.723316336398776852E-11, 84.78059976890324378 ) ) ;
#4989 = CARTESIAN_POINT ( 'NONE',  ( 176.7480797840592572, -4.915747337226018310, -7.942540798930612489 ) ) ;
#4990 = CARTESIAN_POINT ( 'NONE',  ( 21.53517562784337613, -19.92064429784035795, 43.79638505194427722 ) ) ;
#4991 = CARTESIAN_POINT ( 'NONE',  ( 0.5818518910590808613, -41.49088307209856907, -8.986079465221159523 ) ) ;
#4992 = CARTESIAN_POINT ( 'NONE',  ( 175.5909365516418745, -5.530875011286722653, 0.008912217817295715536 ) ) ;
#4993 = CARTESIAN_POINT ( 'NONE',  ( 20.38086066679381503, -1.869205872942028224, -55.73668194582367619 ) ) ;
#4994 = CARTESIAN_POINT ( 'NONE',  ( 67.58606383123020578, -5.867336362172127728, -164.0092101229680281 ) ) ;
#4995 = CARTESIAN_POINT ( 'NONE',  ( 124.1834622505512442, -6.630861111135958552, 78.30257259370466727 ) ) ;
#4996 = CARTESIAN_POINT ( 'NONE',  ( 126.1592317454578733, -3.999999999995090150, -87.48233273798456366 ) ) ;
#4997 = ORIENTED_EDGE ( 'NONE', *, *, #2178, .F. ) ;
#4998 = CARTESIAN_POINT ( 'NONE',  ( 1.107415504873220158, -1.296287155650325696E-14, 61.79999999999999716 ) ) ;
#4999 = CIRCLE ( 'NONE', #2769, 16.74499999999999744 ) ;
#5000 = CARTESIAN_POINT ( 'NONE',  ( 16.50476840508333609, -14.52449615689175566, -33.03108159551199918 ) ) ;
#5001 = CARTESIAN_POINT ( 'NONE',  ( 68.73339646511858803, -57.00057409172650580, 1.387778780781445676E-14 ) ) ;
#5002 = CARTESIAN_POINT ( 'NONE',  ( 16.44752554627992680, -4.182149463380619103, 52.00095769886502239 ) ) ;
#5003 = CIRCLE ( 'NONE', #2424, 86.40000000000000568 ) ;
#5004 = CARTESIAN_POINT ( 'NONE',  ( 16.35610175541865630, -3.779083168751889765, 52.85232572571205623 ) ) ;
#5005 = CARTESIAN_POINT ( 'NONE',  ( 20.81258705124115949, -23.26944861375893936, 8.875131127111398399 ) ) ;
#5006 = CARTESIAN_POINT ( 'NONE',  ( 158.5250450735829020, -6.159576794832092972, -51.41889776815418145 ) ) ;
#5007 = CARTESIAN_POINT ( 'NONE',  ( 112.1021229861564308, -4.139036376055591049, -90.82996936417758604 ) ) ;
#5008 = CARTESIAN_POINT ( 'NONE',  ( 107.5741060815587247, -1.908589064748448397E-14, -94.01173724206533677 ) ) ;
#5009 = CARTESIAN_POINT ( 'NONE',  ( 18.59577194259460597, -9.209924920434691131, 52.92216957897743868 ) ) ;
#5010 = CARTESIAN_POINT ( 'NONE',  ( 19.42023542594789731, -1.000042466283027842, 54.57707386134601535 ) ) ;
#5011 = CARTESIAN_POINT ( 'NONE',  ( 20.10110615663606737, -2.895301509892504566, 48.33337043175457381 ) ) ;
#5012 = AXIS2_PLACEMENT_3D ( 'NONE', #6371, #2967, #6894 ) ;
#5013 = FACE_OUTER_BOUND ( 'NONE', #6423, .T. ) ;
#5014 = B_SPLINE_CURVE_WITH_KNOTS ( 'NONE', 3,
 ( #1512, #4174, #2547, #1989, #850, #3692, #1435, #4242, #3627, #2478, #265, #3142, #3104, #7071, #5933, #884 ),
 .UNSPECIFIED., .F., .F.,
 ( 4, 2, 2, 2, 2, 2, 2, 4 ),
 ( 0.1410164597766472849, 0.1429878510505805944, 0.1449592423245139317, 0.1469306335984472411, 0.1489020248723805784, 0.1508734161463138879, 0.1528448074202471973, 0.1567875899681138718 ),
 .UNSPECIFIED. ) ;
#5015 = CARTESIAN_POINT ( 'NONE',  ( 16.36537205971648135, -4.107251759101235855, 51.27919873835853792 ) ) ;
#5016 = CARTESIAN_POINT ( 'NONE',  ( 16.45966526368992433, -3.946605212683170105, 53.11464292929269959 ) ) ;
#5017 = CARTESIAN_POINT ( 'NONE',  ( -12.99840399442346950, -38.31026286157669603, 0.07350942406776216076 ) ) ;
#5018 = AXIS2_PLACEMENT_3D ( 'NONE', #2152, #4516, #4957 ) ;
#5019 = CARTESIAN_POINT ( 'NONE',  ( 162.3880658135311137, -4.296165178262726592, 51.03993092444387258 ) ) ;
#5020 = CARTESIAN_POINT ( 'NONE',  ( 113.8621049614758363, -5.845472937282177206, -84.70294055911541875 ) ) ;
#5021 = CARTESIAN_POINT ( 'NONE',  ( 19.18474652896039956, -0.7853225453140977308, -54.31237527407166255 ) ) ;
#5022 = EDGE_CURVE ( 'NONE', #3635, #4003, #4681, .T. ) ;
#5023 = DIRECTION ( 'NONE',  ( -1.500332356076765934E-16, -1.000000000000000000, 0.000000000000000000 ) ) ;
#5024 = CARTESIAN_POINT ( 'NONE',  ( 20.33991675059210635, -11.49077660025718473, 53.31994584761741152 ) ) ;
#5025 = B_SPLINE_CURVE_WITH_KNOTS ( 'NONE', 3,
 ( #1140, #3803, #3400, #7258, #6148, #6662, #6623, #2807, #1030, #6735 ),
 .UNSPECIFIED., .F., .F.,
 ( 4, 2, 2, 2, 4 ),
 ( 0.000000000000000000, 0.001299915031836824855, 0.002599830063673649709, 0.003899745095510474564, 0.005199660127347299418 ),
 .UNSPECIFIED. ) ;
#5026 = CARTESIAN_POINT ( 'NONE',  ( 21.27255817860575604, -9.841573315923739074, 56.50777924979801270 ) ) ;
#5027 = CARTESIAN_POINT ( 'NONE',  ( 20.84806582949121534, -7.680787013354017034, 58.40572896483888599 ) ) ;
#5028 = CARTESIAN_POINT ( 'NONE',  ( 128.7205589562766477, -4.681924897689857978, 79.55665007259801769 ) ) ;
#5029 = ORIENTED_EDGE ( 'NONE', *, *, #6855, .F. ) ;
#5030 = CARTESIAN_POINT ( 'NONE',  ( 177.5739570684659157, -4.694732597743301206, -4.558368594892479031 ) ) ;
#5031 = CARTESIAN_POINT ( 'NONE',  ( 16.71465334295594474, -20.53481439808173903, -19.86283917467796556 ) ) ;
#5032 = CARTESIAN_POINT ( 'NONE',  ( 7.793363356594771751, -42.02316387074252191, -4.511160816438326115 ) ) ;
#5033 = CARTESIAN_POINT ( 'NONE',  ( 18.82837672200430035, -38.31026286157669603, 0.1470188481355287624 ) ) ;
#5034 = CARTESIAN_POINT ( 'NONE',  ( 0.4875835940434773974, -6.042206017373005444, 58.61996200337881646 ) ) ;
#5035 = CARTESIAN_POINT ( 'NONE',  ( 163.8973943735032606, -5.772490562721072749, 43.93246678985509135 ) ) ;
#5036 = CARTESIAN_POINT ( 'NONE',  ( 69.04698232559303506, -53.01288504816876923, 2.125131755050989958E-15 ) ) ;
#5037 = EDGE_CURVE ( 'NONE', #4474, #6795, #5014, .T. ) ;
#5038 = CARTESIAN_POINT ( 'NONE',  ( 177.4253942676029965, -4.000000000000441425, 23.41205426930930145 ) ) ;
#5039 = EDGE_LOOP ( 'NONE', ( #1885, #6273, #6065, #3211 ) ) ;
#5040 = CARTESIAN_POINT ( 'NONE',  ( 119.4393172369589422, -2.749999999989445332, 80.15379686542416948 ) ) ;
#5041 = CARTESIAN_POINT ( 'NONE',  ( 175.1033159999566635, -6.020230791890003097, 0.008863493353376817457 ) ) ;
#5042 = CARTESIAN_POINT ( 'NONE',  ( 62.23670727890230836, -56.48968423887148305, -14.26109806952875481 ) ) ;
#5043 = CARTESIAN_POINT ( 'NONE',  ( 16.70740649290337743, -4.700815703309125126, 52.70842067888392535 ) ) ;
#5044 = CARTESIAN_POINT ( 'NONE',  ( 16.92514983821450869, -4.162609243284401295, 55.60643555076598687 ) ) ;
#5045 = CARTESIAN_POINT ( 'NONE',  ( 21.40363274890536971, -30.92948908942149444, 20.20094258449739399 ) ) ;
#5046 = CARTESIAN_POINT ( 'NONE',  ( 115.2575559116756523, -6.200209411851017371, -83.67419840228251360 ) ) ;
#5047 = CARTESIAN_POINT ( 'NONE',  ( 149.3776411095749381, -4.138392509247936779, -70.55424655104533826 ) ) ;
#5048 = CARTESIAN_POINT ( 'NONE',  ( 166.7234455889502840, -2.796025743783541867E-14, -52.78177863481856491 ) ) ;
#5049 = CARTESIAN_POINT ( 'NONE',  ( 21.51930258552963693, -11.55109676113260342, 54.83012571264797685 ) ) ;
#5050 = CARTESIAN_POINT ( 'NONE',  ( 8.025596515164703959, -38.04548620024973360, 4.083449116364623599 ) ) ;
#5051 = CARTESIAN_POINT ( 'NONE',  ( 14.73991979409937514, -33.40127526074368092, 32.72642946813181908 ) ) ;
#5052 = CARTESIAN_POINT ( 'NONE',  ( 38.29866044158976024, -1.327604288019401224, 71.78285290284931364 ) ) ;
#5053 = ORIENTED_EDGE ( 'NONE', *, *, #29, .T. ) ;
#5054 = CARTESIAN_POINT ( 'NONE',  ( 21.37302836438463061, -8.694108892053424853, 57.90334122098568770 ) ) ;
#5055 = CARTESIAN_POINT ( 'NONE',  ( 20.37948047313790312, -6.322890755439365407, 59.33204463766675474 ) ) ;
#5056 = CARTESIAN_POINT ( 'NONE',  ( 20.52273374708498110, -5.510218801980369285, -52.98648194267349965 ) ) ;
#5057 = CARTESIAN_POINT ( 'NONE',  ( 55.43525995304987219, -4.383500368258639313, -85.44137638898804710 ) ) ;
#5058 = CARTESIAN_POINT ( 'NONE',  ( 159.3036896045591106, -5.813193227539880326, -51.58483369310609845 ) ) ;
#5059 = FACE_OUTER_BOUND ( 'NONE', #628, .T. ) ;
#5060 = CYLINDRICAL_SURFACE ( 'NONE', #193, 12.99803161225500325 ) ;
#5061 = CARTESIAN_POINT ( 'NONE',  ( 16.26275808438134973, -5.175922519405236066, 48.58040673178383173 ) ) ;
#5062 = CARTESIAN_POINT ( 'NONE',  ( 21.38651452581884271, -10.68881380041548645, 55.67859243385004220 ) ) ;
#5063 = CARTESIAN_POINT ( 'NONE',  ( 16.43690758690694054, -4.078264291769921002, 52.25476769577529268 ) ) ;
#5064 = CARTESIAN_POINT ( 'NONE',  ( 177.6322650484088115, -3.122502256758252770E-14, 37.79758271624584864 ) ) ;
#5065 = LINE ( 'NONE', #1154, #764 ) ;
#5066 = CARTESIAN_POINT ( 'NONE',  ( 128.8836515450837794, -4.409665344762276007, 79.88616839482872933 ) ) ;
#5067 = CARTESIAN_POINT ( 'NONE',  ( 21.42671738000321113, -29.20428908331148676, 25.42908750754353875 ) ) ;
#5068 = CARTESIAN_POINT ( 'NONE',  ( 8.709182079294482293, -42.19163343937998434, -2.344384165418788246 ) ) ;
#5069 = CARTESIAN_POINT ( 'NONE',  ( -18.00000000000001421, -10.67298941434264314, -51.03928969228151402 ) ) ;
#5070 = EDGE_CURVE ( 'NONE', #1123, #2936, #722, .T. ) ;
#5071 = CARTESIAN_POINT ( 'NONE',  ( 73.65499999999995850, -64.66763823405520384, 0.000000000000000000 ) ) ;
#5072 = CARTESIAN_POINT ( 'NONE',  ( 13.15949949251191420, -38.31026286157669603, -0.1470188481355377552 ) ) ;
#5073 = CARTESIAN_POINT ( 'NONE',  ( 172.8000000000000114, -15.46111111110536207, -4.845691241351981482 ) ) ;
#5074 = ORIENTED_EDGE ( 'NONE', *, *, #5037, .T. ) ;
#5075 = CARTESIAN_POINT ( 'NONE',  ( 153.6713922256285514, -2.749999999959663377, 54.68809215412181146 ) ) ;
#5076 = CARTESIAN_POINT ( 'NONE',  ( 174.7629054670533435, -4.000000000000030198, -37.26982148132209005 ) ) ;
#5077 = CARTESIAN_POINT ( 'NONE',  ( 50.55366822659358661, -37.01303407287551295, -62.07243358349181506 ) ) ;
#5078 = CARTESIAN_POINT ( 'NONE',  ( 16.18591085219219394, -3.625433209772568333, 50.76535539716063283 ) ) ;
#5079 = CARTESIAN_POINT ( 'NONE',  ( 16.47409885045596312, -3.842818226932833703, 53.87251208186100371 ) ) ;
#5080 = PLANE ( 'NONE',  #6754 ) ;
#5081 = CARTESIAN_POINT ( 'NONE',  ( 175.1033159999566635, -6.020230791890003097, 0.008863493353376817457 ) ) ;
#5082 = CARTESIAN_POINT ( 'NONE',  ( 159.0441889348045947, -4.106628657259310700, 57.17935446066648097 ) ) ;
#5083 = CARTESIAN_POINT ( 'NONE',  ( 117.3570584983168459, -2.055365865236664329E-14, -91.41910929107106654 ) ) ;
#5084 = CARTESIAN_POINT ( 'NONE',  ( 19.71326216517580576, -4.000000000000005329, -60.66774153484068677 ) ) ;
#5085 = CARTESIAN_POINT ( 'NONE',  ( -18.00000000000000355, -8.400966631146848940, 52.55883710601085568 ) ) ;
#5086 = CARTESIAN_POINT ( 'NONE',  ( 20.17551826711932961, -2.263040029755794436, 56.10951304311893750 ) ) ;
#5087 = FACE_OUTER_BOUND ( 'NONE', #1607, .T. ) ;
#5088 = ORIENTED_EDGE ( 'NONE', *, *, #3364, .F. ) ;
#5089 = CARTESIAN_POINT ( 'NONE',  ( 20.07812947090517142, -8.083679910244638833, 56.92183278779882727 ) ) ;
#5090 = CARTESIAN_POINT ( 'NONE',  ( 16.37324012884433344, -3.837732833426652945, 52.66386768073061830 ) ) ;
#5091 = CARTESIAN_POINT ( 'NONE',  ( 20.39288660440773171, -2.875412750409151563, -55.71487620969399757 ) ) ;
#5092 = CARTESIAN_POINT ( 'NONE',  ( 175.5071415411704550, -4.357034527869515728, -25.26918707226904104 ) ) ;
#5093 = CARTESIAN_POINT ( 'NONE',  ( 70.67103949701994736, -5.578565863981818751, -87.88681570149412892 ) ) ;
#5094 = CARTESIAN_POINT ( 'NONE',  ( -8.998799112008937229, 11.74493434166574346, 0.1470188481355287347 ) ) ;
#5095 = CARTESIAN_POINT ( 'NONE',  ( 34.29591840025669569, -2.750000000000004885, -68.92114828300012164 ) ) ;
#5096 = CARTESIAN_POINT ( 'NONE',  ( 169.5541752803496820, -13.04708854166005949, 23.95462078707462439 ) ) ;
#5097 = CARTESIAN_POINT ( 'NONE',  ( 16.12921610892381352, -4.273473419974166632, 47.84092120974732865 ) ) ;
#5098 = CARTESIAN_POINT ( 'NONE',  ( 21.60547006548209836, -10.01298233687442618, 56.70669210491944767 ) ) ;
#5099 = CARTESIAN_POINT ( 'NONE',  ( 16.39525452856469556, -4.012856833248749311, 52.01744787252449242 ) ) ;
#5100 = CARTESIAN_POINT ( 'NONE',  ( 40.39899664141233870, -8.239936510889833698E-15, -73.29630559325285333 ) ) ;
#5101 = ORIENTED_EDGE ( 'NONE', *, *, #4791, .F. ) ;
#5102 = CARTESIAN_POINT ( 'NONE',  ( 67.07295036416348921, -4.813617587718704627, -88.36487240579393188 ) ) ;
#5103 = CARTESIAN_POINT ( 'NONE',  ( 16.39408887479383381, -11.35504909428817655, 37.82012646078872109 ) ) ;
#5104 = CARTESIAN_POINT ( 'NONE',  ( 21.59317250115437048, -10.94374015252499888, 55.62333159294009732 ) ) ;
#5105 = CARTESIAN_POINT ( 'NONE',  ( 21.40398157147286540, -30.90356421469593329, -20.29214323295224887 ) ) ;
#5106 = B_SPLINE_CURVE_WITH_KNOTS ( 'NONE', 3,
 ( #2416, #204, #3048, #3449, #5287, #1857, #756, #2975, #6275, #2451, #5735, #6382, #5144, #1341, #5216, #88, #4116, #6348, #6826, #2940, #240, #3488, #6973, #1925, #4589, #4184, #2340, #1783, #1229, #682, #1444, #894, #4805, #2591, #5393, #3150, #5878, #1376, #6450, #2035, #1999, #825, #3081, #3774, #3184, #6482, #348, #3668, #3113, #7009, #4838, #3636 ),
 .UNSPECIFIED., .F., .F.,
 ( 4, 2, 2, 2, 2, 2, 2, 2, 2, 2, 2, 2, 2, 2, 2, 2, 2, 2, 2, 2, 2, 2, 2, 2, 2, 4 ),
 ( 0.000000000000000000, 0.002548028237182599874, 0.003822042355773900679, 0.005096056474365198881, 0.007644084711547797888, 0.008918098830139097391, 0.01019211294873039603, 0.01274014118591299156, 0.01401415530450429194, 0.01528816942309559057, 0.01656218354168689094, 0.01783619766027818784, 0.02038422589746078165, 0.02165824001605207855, 0.02293225413464338239, 0.02548028237182597966, 0.02675429649041726962, 0.02802831060900856999, 0.02930232472759986342, 0.03057633884619116033, 0.03312436708337375413, 0.03439838120196504756, 0.03567239532055634793, 0.03822042355773893479, 0.03949443767633022823, 0.04069625195703227560 ),
 .UNSPECIFIED. ) ;
#5107 = CARTESIAN_POINT ( 'NONE',  ( 13.15949949251191420, -38.13805647533408205, 4.535102704269228902 ) ) ;
#5108 = ORIENTED_EDGE ( 'NONE', *, *, #1343, .F. ) ;
#5109 = DIRECTION ( 'NONE',  ( -1.000000000000000000, 0.000000000000000000, 0.000000000000000000 ) ) ;
#5110 = EDGE_CURVE ( 'NONE', #1918, #6749, #3264, .T. ) ;
#5111 = CARTESIAN_POINT ( 'NONE',  ( 21.49931494626188666, -8.966581822460184981, -57.75387313247720300 ) ) ;
#5112 = CARTESIAN_POINT ( 'NONE',  ( 162.7834251099034475, -22.16292595220784989, 1.447645181722643448 ) ) ;
#5113 = CARTESIAN_POINT ( 'NONE',  ( 16.42056506716543396, -4.098637863114374724, 51.98791908402255046 ) ) ;
#5114 = CARTESIAN_POINT ( 'NONE',  ( 19.34811832528517073, -4.553549481923326425, 60.02293767861512208 ) ) ;
#5115 = CARTESIAN_POINT ( 'NONE',  ( 21.56363459067934230, -16.57841063847164875, 48.60155864195378683 ) ) ;
#5116 = CARTESIAN_POINT ( 'NONE',  ( 20.73620983127851503, -21.08229119786368244, -17.84817193255890899 ) ) ;
#5117 = TOROIDAL_SURFACE ( 'NONE', #6636, 17.74499999999995481, 5.000000000000000000 ) ;
#5118 = CARTESIAN_POINT ( 'NONE',  ( 170.2527226893023169, -4.116374128904400465, 39.52959045708384878 ) ) ;
#5119 = CARTESIAN_POINT ( 'NONE',  ( 159.6666257804830025, -2.690149992887072098E-14, -62.43220801819023080 ) ) ;
#5120 = CARTESIAN_POINT ( 'NONE',  ( 151.4855042191194059, -33.24540241821887321, 130.1710084382387436 ) ) ;
#5121 = EDGE_CURVE ( 'NONE', #2936, #7108, #3359, .T. ) ;
#5122 = CARTESIAN_POINT ( 'NONE',  ( -18.00000000000001066, -28.10323530039971374, 33.64319629279338386 ) ) ;
#5123 = CARTESIAN_POINT ( 'NONE',  ( 18.03703191370642855, 0.01506314437171210954, 55.97679648669693364 ) ) ;
#5124 = B_SPLINE_CURVE_WITH_KNOTS ( 'NONE', 3,
 ( #5347, #1330, #301, #2546, #3626, #3658, #4793, #1367 ),
 .UNSPECIFIED., .F., .F.,
 ( 4, 2, 2, 4 ),
 ( 3.734206975601297359E-18, 0.0002358672669291528908, 0.0004717345338583021496, 0.0009434690677166005044 ),
 .UNSPECIFIED. ) ;
#5125 = CARTESIAN_POINT ( 'NONE',  ( 180.5506561389617843, -3.430911900466284248, 36.86720091877548811 ) ) ;
#5126 = AXIS2_PLACEMENT_3D ( 'NONE', #2489, #3450, #646 ) ;
#5127 = CARTESIAN_POINT ( 'NONE',  ( 16.37831032651475383, -4.137963364529588794, 51.34001814604937408 ) ) ;
#5128 = CARTESIAN_POINT ( 'NONE',  ( 17.36731605023655689, -4.999887686206510473, 55.37306280299865335 ) ) ;
#5129 = CARTESIAN_POINT ( 'NONE',  ( 19.23479000321690080, -0.8859157128048837926, -53.49388520569547723 ) ) ;
#5130 = CARTESIAN_POINT ( 'NONE',  ( 49.16485040958833963, -4.305817085441787206, -82.63311870444502460 ) ) ;
#5131 = CARTESIAN_POINT ( 'NONE',  ( 175.6541117744826863, -5.385202748023782071, 9.038235282944256710 ) ) ;
#5132 = CARTESIAN_POINT ( 'NONE',  ( 62.14909734394992569, -3.430911900466266040, -98.16022733728092931 ) ) ;
#5133 = AXIS2_PLACEMENT_3D ( 'NONE', #2756, #7245, #2200 ) ;
#5134 = CARTESIAN_POINT ( 'NONE',  ( 16.42967460486477194, -30.48110980122867986, 29.76013982018088910 ) ) ;
#5135 = CARTESIAN_POINT ( 'NONE',  ( 13.16357022868892734, 3.670874226371397706E-12, -46.09626967508384610 ) ) ;
#5136 = CARTESIAN_POINT ( 'NONE',  ( 21.60662263816543316, -11.60373410062248034, 54.87219458165582608 ) ) ;
#5137 = ORIENTED_EDGE ( 'NONE', *, *, #2460, .F. ) ;
#5138 = CARTESIAN_POINT ( 'NONE',  ( 16.26346247811227386, -4.251893965132960140, 49.59754762659127181 ) ) ;
#5139 = CIRCLE ( 'NONE', #7247, 16.74499999999994060 ) ;
#5140 = CARTESIAN_POINT ( 'NONE',  ( 16.42187577807661469, -4.062987375599308670, 52.13878855592232497 ) ) ;
#5141 = CARTESIAN_POINT ( 'NONE',  ( 188.1546965553352777, -3.122502256758252770E-14, -11.44775443930591585 ) ) ;
#5142 = ORIENTED_EDGE ( 'NONE', *, *, #6828, .F. ) ;
#5143 = CARTESIAN_POINT ( 'NONE',  ( 46.25858140385448536, -4.441998180628977444, -80.79159455154254488 ) ) ;
#5144 = CARTESIAN_POINT ( 'NONE',  ( 9.533855374250251202, -37.47700476324390451, 8.781874963130666956 ) ) ;
#5145 = DIRECTION ( 'NONE',  ( -1.500332356076765934E-16, -1.000000000000000000, 0.000000000000000000 ) ) ;
#5146 = ORIENTED_EDGE ( 'NONE', *, *, #5022, .T. ) ;
#5147 = CARTESIAN_POINT ( 'NONE',  ( -18.00000000000000711, -22.98817897617096406, -40.15936386966602356 ) ) ;
#5148 = PERSON_AND_ORGANIZATION ( #3785, #3494 ) ;
#5149 = FACE_OUTER_BOUND ( 'NONE', #5234, .T. ) ;
#5150 = ORIENTED_EDGE ( 'NONE', *, *, #3496, .F. ) ;
#5151 = CARTESIAN_POINT ( 'NONE',  ( 166.4159991348196570, -2.750000000031073366, -33.37165740404086023 ) ) ;
#5152 = CARTESIAN_POINT ( 'NONE',  ( 172.2860647151395597, -4.000000000000030198, 38.91449551368071269 ) ) ;
#5153 = CARTESIAN_POINT ( 'NONE',  ( 166.5328284722040735, -18.81133930434819135, -45.26907146988364872 ) ) ;
#5154 = CARTESIAN_POINT ( 'NONE',  ( 16.41020424899612351, -4.075379774669027455, 51.95139487286655111 ) ) ;
#5155 = CARTESIAN_POINT ( 'NONE',  ( 19.57225930629587296, -4.062587264674499821, 60.82378224661919575 ) ) ;
#5156 = CARTESIAN_POINT ( 'NONE',  ( 21.58951341860072404, -12.63163088025673808, 53.67946911728728310 ) ) ;
#5157 = CARTESIAN_POINT ( 'NONE',  ( 42.59631048005410747, -4.612765122026816655, -78.58250034631112158 ) ) ;
#5158 = CARTESIAN_POINT ( 'NONE',  ( 126.2719146751321233, -4.023217079056448320, 82.29650062314286174 ) ) ;
#5159 = CARTESIAN_POINT ( 'NONE',  ( 164.4914708139331765, -2.762538704054487763E-14, -56.09224640681522800 ) ) ;
#5160 = CARTESIAN_POINT ( 'NONE',  ( 18.52771641215556286, -4.000000000000006217, -58.64895413433557536 ) ) ;
#5161 = DIRECTION ( 'NONE',  ( 0.000000000000000000, 0.000000000000000000, 1.000000000000000000 ) ) ;
#5162 = CARTESIAN_POINT ( 'NONE',  ( 19.22321455831112402, 1.286960705805686889, 58.71800623924882956 ) ) ;
#5163 = CARTESIAN_POINT ( 'NONE',  ( 72.72579396079107994, -3.430911900466267817, 100.1825965134645315 ) ) ;
#5164 = VERTEX_POINT ( 'NONE', #3949 ) ;
#5165 = CARTESIAN_POINT ( 'NONE',  ( 21.30786759784900397, -8.463454385634086918, 58.08227099851012554 ) ) ;
#5166 = CARTESIAN_POINT ( 'NONE',  ( 20.60594424593949725, -5.931781553566166210, 60.01278543621727124 ) ) ;
#5167 = CARTESIAN_POINT ( 'NONE',  ( 23.62705647223758376, -5.428777181253898299, -56.56506047795683401 ) ) ;
#5168 = CARTESIAN_POINT ( 'NONE',  ( 106.5488158720166467, -4.107800711817624517, 88.23406143631834198 ) ) ;
#5169 = CARTESIAN_POINT ( 'NONE',  ( 172.7021133234715364, -5.460805244283173820, -24.47936889836567431 ) ) ;
#5170 = DIRECTION ( 'NONE',  ( 0.000000000000000000, 0.000000000000000000, 1.000000000000000000 ) ) ;
#5171 = CARTESIAN_POINT ( 'NONE',  ( 36.59204644543510909, -46.09626903055281844, -0.000000000000000000 ) ) ;
#5172 = CARTESIAN_POINT ( 'NONE',  ( 12.31592636559009790, -5.204170427930421283E-15, 46.62979131484004824 ) ) ;
#5173 = ORIENTED_EDGE ( 'NONE', *, *, #339, .F. ) ;
#5174 = CARTESIAN_POINT ( 'NONE',  ( 16.22180039059092493, -3.900068984257034188, 49.91386108975372338 ) ) ;
#5175 = CARTESIAN_POINT ( 'NONE',  ( 16.72617039978632292, -4.614712230463434040, 53.05045206687807280 ) ) ;
#5176 = CARTESIAN_POINT ( 'NONE',  ( 9.813613405823641500, -4.119968255444916849E-15, 42.39472947043136486 ) ) ;
#5177 = ORIENTED_EDGE ( 'NONE', *, *, #4975, .F. ) ;
#5178 = CARTESIAN_POINT ( 'NONE',  ( 177.0171896139601699, -4.701856301388977144, -11.42098497691201153 ) ) ;
#5179 = CARTESIAN_POINT ( 'NONE',  ( 180.4811203584501413, -4.000000000000707878, -11.86583212393835218 ) ) ;
#5180 = VERTEX_POINT ( 'NONE', #2766 ) ;
#5181 = CARTESIAN_POINT ( 'NONE',  ( 21.58922761483147923, -12.69896517091817856, 53.60167408585790128 ) ) ;
#5182 = DIRECTION ( 'NONE',  ( -1.000000000000000000, 0.000000000000000000, 0.000000000000000000 ) ) ;
#5183 = CARTESIAN_POINT ( 'NONE',  ( 1.172683599365325513, -6.042206017373002780, -53.98290812280552586 ) ) ;
#5184 = CARTESIAN_POINT ( 'NONE',  ( 116.8257203632268357, -6.199997889797863593, -83.02481359385791393 ) ) ;
#5185 = VERTEX_POINT ( 'NONE', #991 ) ;
#5186 = CARTESIAN_POINT ( 'NONE',  ( 39.61794518926829767, -3.863910711881977487E-13, -73.78585013551418115 ) ) ;
#5187 = CARTESIAN_POINT ( 'NONE',  ( 112.4300905496541105, -4.000000000000020428, -93.22607071583726679 ) ) ;
#5188 = CARTESIAN_POINT ( 'NONE',  ( 2.906866357821225932, -13.47642778113339190, -49.27738039459094210 ) ) ;
#5189 = CARTESIAN_POINT ( 'NONE',  ( 20.01550104402390318, -7.611169285118411842, 57.38323511204546179 ) ) ;
#5190 = CARTESIAN_POINT ( 'NONE',  ( 16.41677538602605324, -3.783166441786877332, 53.63849320078467287 ) ) ;
#5191 = CARTESIAN_POINT ( 'NONE',  ( 85.91728259824827774, -50.78462308660628821, 45.79384632313447412 ) ) ;
#5192 = CARTESIAN_POINT ( 'NONE',  ( 20.96670484444896232, -27.68280477590145594, -6.175787903494765807 ) ) ;
#5193 = CARTESIAN_POINT ( 'NONE',  ( 123.0757066048098949, -4.021702308466356790, 83.58353509085468147 ) ) ;
#5194 = CARTESIAN_POINT ( 'NONE',  ( 173.5622858600328300, -2.898631077151000413E-14, 35.53876561250118726 ) ) ;
#5195 = CARTESIAN_POINT ( 'NONE',  ( 21.61517131863632102, -4.949240835323577947, -62.10267539079811172 ) ) ;
#5196 = CARTESIAN_POINT ( 'NONE',  ( 4.710913224540858479, -8.253018354799275258, -52.64815895202652740 ) ) ;
#5197 = CARTESIAN_POINT ( 'NONE',  ( 18.37841294136064363, 1.896115915114420902, 58.39315459177044687 ) ) ;
#5198 = FACE_OUTER_BOUND ( 'NONE', #4582, .T. ) ;
#5199 = ORIENTED_EDGE ( 'NONE', *, *, #5218, .F. ) ;
#5200 = CARTESIAN_POINT ( 'NONE',  ( 19.43254174582712679, -7.529905150062796260, 56.52296525877406452 ) ) ;
#5201 = CARTESIAN_POINT ( 'NONE',  ( 16.38804658202529296, -3.826580789377948655, 52.94922965723969099 ) ) ;
#5202 = CARTESIAN_POINT ( 'NONE',  ( 21.44067890833520451, -0.9396888221803894048, -58.86846527691160702 ) ) ;
#5203 = CARTESIAN_POINT ( 'NONE',  ( 164.7084678009923948, -4.187024074028150800, 48.41674426536059173 ) ) ;
#5204 = CARTESIAN_POINT ( 'NONE',  ( 142.8602737786107753, -5.013070824733733666, 70.14036638088184361 ) ) ;
#5205 = CARTESIAN_POINT ( 'NONE',  ( 18.88906480272974520, -0.5891844723314534349, -53.14829685992439323 ) ) ;
#5206 = CARTESIAN_POINT ( 'NONE',  ( 20.36082540615132075, -38.09024766049640931, 5.834977158582502099 ) ) ;
#5207 = ADVANCED_FACE ( 'NONE', ( #4938 ), #5431, .F. ) ;
#5208 = CARTESIAN_POINT ( 'NONE',  ( 172.3913895804967069, 6.721624980880682554E-11, 9.691317847563508892 ) ) ;
#5209 = ORIENTED_EDGE ( 'NONE', *, *, #1865, .T. ) ;
#5210 = CARTESIAN_POINT ( 'NONE',  ( 21.47494893982990760, -9.143932237674150088, 57.52173553284819718 ) ) ;
#5211 = CARTESIAN_POINT ( 'NONE',  ( 20.90632773576279035, -7.291008212356792306, 58.90161467781438631 ) ) ;
#5212 = CARTESIAN_POINT ( 'NONE',  ( 13.16357022868892734, 3.670874226371397706E-12, -46.09626967508384610 ) ) ;
#5213 = CARTESIAN_POINT ( 'NONE',  ( -8.538648456108806073, -42.15371864319433826, 2.904969089489914058 ) ) ;
#5214 = CARTESIAN_POINT ( 'NONE',  ( 147.5633375771163003, -4.741475710864239801, -68.52263525736567829 ) ) ;
#5215 = CARTESIAN_POINT ( 'NONE',  ( 80.35569479528568593, -4.000000000000076383, -94.38543757152456237 ) ) ;
#5216 = CARTESIAN_POINT ( 'NONE',  ( 7.992124983315108011, -37.24109813887145037, 10.22337943761772650 ) ) ;
#5217 = CARTESIAN_POINT ( 'NONE',  ( 69.65712660853368732, -1.339708353267667892E-14, 87.56279413820675472 ) ) ;
#5218 = EDGE_CURVE ( 'NONE', #2225, #6886, #1126, .T. ) ;
#5219 = CARTESIAN_POINT ( 'NONE',  ( -18.00000000000000711, -26.50420754361504194, -35.91903940912070681 ) ) ;
#5220 = CARTESIAN_POINT ( 'NONE',  ( 174.4112656457787125, -6.059113708783119279, -11.10707624553796080 ) ) ;
#5221 = VERTEX_POINT ( 'NONE', #4201 ) ;
#5222 = CARTESIAN_POINT ( 'NONE',  ( 49.55758614004459162, -2.750000000003104184, -78.23307133065588914 ) ) ;
#5223 = CYLINDRICAL_SURFACE ( 'NONE', #2541, 12.74499999999999211 ) ;
#5224 = CARTESIAN_POINT ( 'NONE',  ( 86.81031763519283118, -49.66000481461368565, -43.30381629260959642 ) ) ;
#5225 = CARTESIAN_POINT ( 'NONE',  ( 21.28105601600096008, -8.040014619808637519, 58.51357562257482670 ) ) ;
#5226 = CARTESIAN_POINT ( 'NONE',  ( 19.61761240658220373, -4.054224582421165124, 60.88246107814547514 ) ) ;
#5227 = CARTESIAN_POINT ( 'NONE',  ( 159.5718911911934583, -33.22972007004626249, 2.775557561562891351E-14 ) ) ;
#5228 = CARTESIAN_POINT ( 'NONE',  ( 20.84534925327843524, -24.20763532948587837, -21.97390066663382413 ) ) ;
#5229 = CARTESIAN_POINT ( 'NONE',  ( 168.9708128502743421, -4.037691379822840432, 42.79441426077470823 ) ) ;
#5230 = CARTESIAN_POINT ( 'NONE',  ( 147.3738460238130870, -2.505717440736499165E-14, 69.86173662476217316 ) ) ;
#5231 = CARTESIAN_POINT ( 'NONE',  ( 3.493117819995866569, -6.042206017372977023, -53.98290812280555429 ) ) ;
#5232 = CARTESIAN_POINT ( 'NONE',  ( 17.95155024329927684, 2.167978024790937042, 58.18600729618330547 ) ) ;
#5233 = CARTESIAN_POINT ( 'NONE',  ( 187.3680583679238794, -3.430911900466284248, 5.384026782426971636 ) ) ;
#5234 = EDGE_LOOP ( 'NONE', ( #5442, #411, #2785 ) ) ;
#5235 = CARTESIAN_POINT ( 'NONE',  ( 18.82613291043907111, -7.151616363440052915, 55.92641615089761586 ) ) ;
#5236 = CARTESIAN_POINT ( 'NONE',  ( 20.02730109380357248, -5.425946777026267931, 59.88927055419171097 ) ) ;
#5237 = CARTESIAN_POINT ( 'NONE',  ( 18.16868722741957143, -0.05785558163915930502, -56.05906601781560283 ) ) ;
#5238 = CARTESIAN_POINT ( 'NONE',  ( 113.4040881030647228, -4.372745876433814516, -88.99071445170365280 ) ) ;
#5239 = CARTESIAN_POINT ( 'NONE',  ( 64.05130504547879866, -5.464024636604513319, -86.59201082956371920 ) ) ;
#5240 = DIRECTION ( 'NONE',  ( -1.000000000000000000, 0.000000000000000000, 0.000000000000000000 ) ) ;
#5241 = CARTESIAN_POINT ( 'NONE',  ( -18.00000000000000355, -4.000000000000000000, -55.17981480219004453 ) ) ;
#5242 = CARTESIAN_POINT ( 'NONE',  ( 170.7684663968078951, -6.727869985394200352E-11, 19.24584634300738983 ) ) ;
#5243 = VERTEX_POINT ( 'NONE', #3685 ) ;
#5244 = CARTESIAN_POINT ( 'NONE',  ( 21.50183978481906166, -9.155652597669382331, 57.53911932948495433 ) ) ;
#5245 = CARTESIAN_POINT ( 'NONE',  ( 16.74472734399182627, -4.534609903243839391, 53.38103480420418379 ) ) ;
#5246 = CARTESIAN_POINT ( 'NONE',  ( 18.87434728691414421, -5.854691731421723944E-15, -55.49340025592844228 ) ) ;
#5247 = EDGE_CURVE ( 'NONE', #2368, #4653, #1062, .T. ) ;
#5248 = AXIS2_PLACEMENT_3D ( 'NONE', #2051, #5991, #3723 ) ;
#5249 = CARTESIAN_POINT ( 'NONE',  ( 8.088136957538722527, -42.06982197705079329, 3.991179387138674706 ) ) ;
#5250 = CARTESIAN_POINT ( 'NONE',  ( 94.34147904989299604, -4.725312102876070952, -91.16549094416303944 ) ) ;
#5251 = CARTESIAN_POINT ( 'NONE',  ( 47.30683641258285377, -4.000000000000048850, -82.75188977105764820 ) ) ;
#5252 = CARTESIAN_POINT ( 'NONE',  ( 19.40656130776169164, -5.857828629487015805E-15, -56.13222313055656798 ) ) ;
#5253 = FACE_OUTER_BOUND ( 'NONE', #1748, .T. ) ;
#5254 = AXIS2_PLACEMENT_3D ( 'NONE', #688, #3458, #2833 ) ;
#5255 = CARTESIAN_POINT ( 'NONE',  ( 21.36871461901062830, -33.57424210272866816, -5.164847443493735923 ) ) ;
#5256 = CARTESIAN_POINT ( 'NONE',  ( 117.4752922151717200, -5.253950899849328948, -84.79724757042582439 ) ) ;
#5257 = CARTESIAN_POINT ( 'NONE',  ( 140.2807925676639798, -6.190159587039139488, -70.45036039297414732 ) ) ;
#5258 = LOCAL_TIME ( 7, 56, 26.00000000000000000, #4594 ) ;
#5259 = B_SPLINE_CURVE_WITH_KNOTS ( 'NONE', 3,
 ( #5081, #3945, #7177, #3318, #7288, #3873, #5006, #5561, #6617, #4967, #512, #5599, #2801, #2164, #1653, #5046, #7251, #3394, #4420, #477, #2205, #23, #6069, #586, #4456, #2838, #3283, #5157, #1871, #3428 ),
 .UNSPECIFIED., .F., .F.,
 ( 4, 2, 2, 2, 2, 2, 2, 2, 2, 2, 2, 2, 2, 2, 4 ),
 ( 0.3945338979392296608, 0.4612687686256807806, 0.5280036393121319005, 0.5613710746553575159, 0.5947385099985830204, 0.6281059453418085248, 0.6614733806850341402, 0.6948408160282597557, 0.7282082513714852601, 0.7615756867147108755, 0.7949431220579363799, 0.8616779927443874998, 0.8950454280876131152, 0.9117291457592259230, 0.9284128634308386196 ),
 .UNSPECIFIED. ) ;
#5260 = CARTESIAN_POINT ( 'NONE',  ( 59.45535962225617510, -2.749999999993788524, -82.40275474976411374 ) ) ;
#5261 = CARTESIAN_POINT ( 'NONE',  ( -0.6002159024100151008, -37.44257399778552298, -8.999186384164980623 ) ) ;
#5262 = CARTESIAN_POINT ( 'NONE',  ( 176.6219010985619207, -4.240957621055598814, 1.709916781333964408 ) ) ;
#5263 = CARTESIAN_POINT ( 'NONE',  ( 16.40918313085725799, -4.073356093365512187, 51.94673849677009514 ) ) ;
#5264 = EDGE_CURVE ( 'NONE', #923, #4519, #5926, .T. ) ;
#5265 = CARTESIAN_POINT ( 'NONE',  ( 19.31196972281622593, -3.605298002234375687, 61.01236582551387500 ) ) ;
#5266 = CARTESIAN_POINT ( 'NONE',  ( 185.3328331859800642, -6.042206017369103677, 58.43903465427121802 ) ) ;
#5267 = CARTESIAN_POINT ( 'NONE',  ( 20.82398571414676880, -23.59586361169800028, -23.67562314956337488 ) ) ;
#5268 = CARTESIAN_POINT ( 'NONE',  ( 173.5063797795528160, -4.039076622031831043, 33.28309111814704124 ) ) ;
#5269 = CARTESIAN_POINT ( 'NONE',  ( 165.3255817715872240, -2.775053140637753717E-14, 50.40829962595653058 ) ) ;
#5270 = CARTESIAN_POINT ( 'NONE',  ( 16.13724490077170515, -4.000000000000005329, 0.000000000000000000 ) ) ;
#5271 = CARTESIAN_POINT ( 'NONE',  ( 2.980533336847360104, -5.111680321997138066, 54.54313427910112466 ) ) ;
#5272 = CARTESIAN_POINT ( 'NONE',  ( 94.25315318459563230, -3.430911900466271369, 100.8060739243506418 ) ) ;
#5273 = CARTESIAN_POINT ( 'NONE',  ( 21.37412255620228052, -8.489217310915416093, 58.12862924103813356 ) ) ;
#5274 = CARTESIAN_POINT ( 'NONE',  ( 16.47145783720589307, -3.915281619869532825, 53.41187835540964102 ) ) ;
#5275 = CARTESIAN_POINT ( 'NONE',  ( -22.00000000000000355, -42.30756013076908317, -5.181181809388053756E-15 ) ) ;
#5276 = CARTESIAN_POINT ( 'NONE',  ( 143.8581505334572341, -4.155110540876953529, 71.41491302495572313 ) ) ;
#5277 = CARTESIAN_POINT ( 'NONE',  ( -9.000000000000005329, -38.30472695027329877, -3.659182332138577465E-15 ) ) ;
#5278 = CARTESIAN_POINT ( 'NONE',  ( 17.80915387487315371, -33.47694212944868042, 23.43855786568306598 ) ) ;
#5279 = CARTESIAN_POINT ( 'NONE',  ( 81.58161472440102102, 3.359424711659560478E-11, -86.40152710999903718 ) ) ;
#5280 = CARTESIAN_POINT ( 'NONE',  ( 16.29111190759623540, -4.116622212307985862, 50.25924471940330562 ) ) ;
#5281 = CARTESIAN_POINT ( 'NONE',  ( 20.20240204300555220, -7.051876654210600393, 58.28497165550230363 ) ) ;
#5282 = CARTESIAN_POINT ( 'NONE',  ( 54.87763400548955417, -1.214306433183764966E-14, -90.03337936354711246 ) ) ;
#5283 = CARTESIAN_POINT ( 'NONE',  ( -0.2871153952214965388, -41.48877835809573611, 9.000221177952594687 ) ) ;
#5284 = CARTESIAN_POINT ( 'NONE',  ( 173.3072139985929709, -4.716685883678526814, -28.22709239595243602 ) ) ;
#5285 = CARTESIAN_POINT ( 'NONE',  ( 138.8353999474163061, -4.000000000000023093, 76.31630300450638060 ) ) ;
#5286 = ORIENTED_EDGE ( 'NONE', *, *, #4255, .F. ) ;
#5287 = CARTESIAN_POINT ( 'NONE',  ( 12.57633608343600251, -38.11653378799266534, 3.245041201160252076 ) ) ;
#5288 = FACE_OUTER_BOUND ( 'NONE', #6135, .T. ) ;
#5289 = CARTESIAN_POINT ( 'NONE',  ( 21.27021622897092357, -13.73616003270359087, 51.88903269874453628 ) ) ;
#5290 = B_SPLINE_CURVE_WITH_KNOTS ( 'NONE', 2,
 ( #5382, #3035, #5275 ),
 .UNSPECIFIED., .F., .F.,
 ( 3, 3 ),
 ( 0.07696326182740428901, 1.000000000000000000 ),
 .UNSPECIFIED. ) ;
#5291 = CARTESIAN_POINT ( 'NONE',  ( 70.50076261415911461, -5.076199118099866681, -88.68767302060970792 ) ) ;
#5292 = APPROVAL_ROLE ( '' ) ;
#5293 = CARTESIAN_POINT ( 'NONE',  ( 57.66108943522964125, -5.530829700729498200, -84.52242876265265181 ) ) ;
#5294 = VERTEX_POINT ( 'NONE', #3619 ) ;
#5295 = CARTESIAN_POINT ( 'NONE',  ( 149.4178609365200145, 1.238026742224093770E-11, -66.06751217550375088 ) ) ;
#5296 = CARTESIAN_POINT ( 'NONE',  ( 8.689115504200247031, -38.18029184950063382, -2.363626792488483730 ) ) ;
#5297 = EDGE_CURVE ( 'NONE', #6795, #4551, #5379, .T. ) ;
#5298 = CARTESIAN_POINT ( 'NONE',  ( -3.162392933348537216, -5.207648404244977769, 5.551115123125782702E-14 ) ) ;
#5299 = CARTESIAN_POINT ( 'NONE',  ( 19.67831960932228696, -7.267105614336394126, 57.27278156994377412 ) ) ;
#5300 = CARTESIAN_POINT ( 'NONE',  ( 19.55860737735793720, -4.065074823433732831, 60.80596783410221917 ) ) ;
#5301 = CARTESIAN_POINT ( 'NONE',  ( 117.0212516675358358, -47.26221975847406753, 53.10999001326837998 ) ) ;
#5302 = CARTESIAN_POINT ( 'NONE',  ( 20.22513958323640892, -6.447154129567949532, 51.53491255931422899 ) ) ;
#5303 = CARTESIAN_POINT ( 'NONE',  ( 76.92766340492326549, -4.125683003974710772, -92.72112029425402113 ) ) ;
#5304 = CARTESIAN_POINT ( 'NONE',  ( 140.8256076789376721, -2.407472102095307085E-14, 74.74052528176486021 ) ) ;
#5305 = CARTESIAN_POINT ( 'NONE',  ( -0.001283415555051343636, -38.31026286157669603, -0.06168758558244401974 ) ) ;
#5306 = CARTESIAN_POINT ( 'NONE',  ( 16.82868977298825186, -23.80039049196620482, -3.827210212289379854 ) ) ;
#5307 = ADVANCED_FACE ( 'NONE', ( #3831 ), #7207, .T. ) ;
#5308 = CARTESIAN_POINT ( 'NONE',  ( 21.31449578088059837, -33.24540241821884479, 9.714451465470119729E-14 ) ) ;
#5309 = CARTESIAN_POINT ( 'NONE',  ( 16.40671437875915828, -4.126090694655817792, 51.72547796748279580 ) ) ;
#5310 = CARTESIAN_POINT ( 'NONE',  ( 16.47062834024376343, -3.914388226738140020, 53.40745627687122976 ) ) ;
#5311 = CARTESIAN_POINT ( 'NONE',  ( 17.95155024330067661, 2.167978024788958624, -58.18600729618281520 ) ) ;
#5312 = CARTESIAN_POINT ( 'NONE',  ( 87.45026918728201792, -4.354611182634947397, -92.49306895588577504 ) ) ;
#5313 = CARTESIAN_POINT ( 'NONE',  ( 19.63421006715478612, -1.386478274630223106, -53.14969305757836082 ) ) ;
#5314 = CARTESIAN_POINT ( 'NONE',  ( 32.63751076073033630, -7.842910786077521018E-15, -71.11481737957048210 ) ) ;
#5315 = CARTESIAN_POINT ( 'NONE',  ( -18.00000000000000355, -4.274354752750652686, -55.02901894831734353 ) ) ;
#5316 = ORIENTED_EDGE ( 'NONE', *, *, #75, .T. ) ;
#5317 = ORIENTED_EDGE ( 'NONE', *, *, #5110, .F. ) ;
#5318 = CARTESIAN_POINT ( 'NONE',  ( 16.31051554010140592, -4.176987447553410782, 50.35493649101680802 ) ) ;
#5319 = CARTESIAN_POINT ( 'NONE',  ( 16.38400771675995671, -3.977981054578257236, 52.02601520185056927 ) ) ;
#5320 = CARTESIAN_POINT ( 'NONE',  ( 30.99485569278642672, -8.239936510889833698E-15, -69.49395409819486247 ) ) ;
#5321 = CARTESIAN_POINT ( 'NONE',  ( 116.4019299896788624, -4.233900498094683051, 85.41476744054938308 ) ) ;
#5322 = CARTESIAN_POINT ( 'NONE',  ( 178.4635403044189843, -4.000000000000031086, -26.11832470921415350 ) ) ;
#5323 = CARTESIAN_POINT ( 'NONE',  ( 21.36649237272360935, -33.74852470288028172, 3.869407838000062292E-14 ) ) ;
#5324 = CARTESIAN_POINT ( 'NONE',  ( -2.666879347026210212, -4.710175582805590011, 59.36565765633014990 ) ) ;
#5325 = CARTESIAN_POINT ( 'NONE',  ( 21.06150589914521731, -13.58388267114332493, 51.81144500268246844 ) ) ;
#5326 = CARTESIAN_POINT ( 'NONE',  ( 101.0114648339592662, -5.236369608284644706, -89.14748581401650540 ) ) ;
#5327 = CARTESIAN_POINT ( 'NONE',  ( 107.2597287760418823, -6.187853026532419420, -85.94885265829915966 ) ) ;
#5328 = CARTESIAN_POINT ( 'NONE',  ( 54.88684423297740267, -56.13001623236051785, -7.718497068223232832E-15 ) ) ;
#5329 = CARTESIAN_POINT ( 'NONE',  ( -2.904845145309534082, -41.55810467756131743, -8.523418581855956688 ) ) ;
#5330 = CARTESIAN_POINT ( 'NONE',  ( 18.77719939846388542, -1.000000000000005551, 53.99627359746481403 ) ) ;
#5331 = CARTESIAN_POINT ( 'NONE',  ( 139.8485166851632755, -5.819594407529454116, -88.63112716202384433 ) ) ;
#5332 = CARTESIAN_POINT ( 'NONE',  ( 16.45660718044398507, -4.160454830050786867, 52.17392932340025880 ) ) ;
#5333 = CARTESIAN_POINT ( 'NONE',  ( 19.28183809973664253, -3.614054593061716503, 60.97008409273933438 ) ) ;
#5334 = CARTESIAN_POINT ( 'NONE',  ( 140.1670044770243635, -13.94371515320614385, 93.25435491082635053 ) ) ;
#5335 = CARTESIAN_POINT ( 'NONE',  ( 56.47269848919260227, -1.141898112229510306E-14, 83.26396000110639761 ) ) ;
#5336 = EDGE_CURVE ( 'NONE', #4109, #2728, #3756, .T. ) ;
#5337 = CARTESIAN_POINT ( 'NONE',  ( 45.87008132632166735, -4.019649512242731149, -81.67822416908295224 ) ) ;
#5338 = CARTESIAN_POINT ( 'NONE',  ( 126.6098434838407769, -2.194188392212692122E-14, 82.52416653333220609 ) ) ;
#5339 = CARTESIAN_POINT ( 'NONE',  ( 169.2127361412879054, -14.34933719519599471, 1.014163522440625884E-14 ) ) ;
#5340 = CARTESIAN_POINT ( 'NONE',  ( 16.80191139290338853, -23.03355801735008157, -10.38620309853328116 ) ) ;
#5341 = CARTESIAN_POINT ( 'NONE',  ( 55.78063100626380333, -54.88020756833022062, -0.000000000000000000 ) ) ;
#5342 = CC_DESIGN_DATE_AND_TIME_ASSIGNMENT ( #1896, #6317, ( #3500 ) ) ;
#5343 = CARTESIAN_POINT ( 'NONE',  ( 16.44274586006989125, -4.192754133107282399, 51.91347811245194777 ) ) ;
#5344 = CARTESIAN_POINT ( 'NONE',  ( 20.13186165292885832, -4.986210376985374282, 60.47871540202532969 ) ) ;
#5345 = CARTESIAN_POINT ( 'NONE',  ( 14.46827234162108233, 0.5464733562380971188, -51.91184073474175165 ) ) ;
#5346 = CARTESIAN_POINT ( 'NONE',  ( 166.5366558396773655, -4.189667077342434709, 45.45672865908626648 ) ) ;
#5347 = CARTESIAN_POINT ( 'NONE',  ( -0.4030180571936020639, -5.500000000000005329, -58.92672230857212412 ) ) ;
#5348 = CARTESIAN_POINT ( 'NONE',  ( 17.75769854208500931, -40.27989459573402087, -15.56342036057520239 ) ) ;
#5349 = CARTESIAN_POINT ( 'NONE',  ( 115.8648845009642656, -2.081668171172168513E-14, -102.1433451744605634 ) ) ;
#5350 = VERTEX_POINT ( 'NONE', #5593 ) ;
#5351 = CARTESIAN_POINT ( 'NONE',  ( 16.36652550636094361, -4.151922198314728973, 51.15102219345719448 ) ) ;
#5352 = CARTESIAN_POINT ( 'NONE',  ( 16.54433499433228150, -4.211436983802307132, 52.85110351225620917 ) ) ;
#5353 = CARTESIAN_POINT ( 'NONE',  ( 161.2503034920114544, -2.775557561562891351E-14, -74.81378316769736614 ) ) ;
#5354 = CARTESIAN_POINT ( 'NONE',  ( 103.1733281043307500, -4.131753292578652648, 88.74723863461582596 ) ) ;
#5355 = CARTESIAN_POINT ( 'NONE',  ( 103.3132722582612928, -4.000000000000018652, 89.18935995190312838 ) ) ;
#5356 = AXIS2_PLACEMENT_3D ( 'NONE', #1434, #3103, #5240 ) ;
#5357 = CARTESIAN_POINT ( 'NONE',  ( 24.06960357756754476, -28.66180186864007950, -17.17858060654871366 ) ) ;
#5358 = CARTESIAN_POINT ( 'NONE',  ( 5.892523736901517317, -37.75089723745421111, 6.827951829745059875 ) ) ;
#5359 = CARTESIAN_POINT ( 'NONE',  ( 15.97965917666467917, -3.879763073786993033, 45.60169168800537420 ) ) ;
#5360 = AXIS2_PLACEMENT_3D ( 'NONE', #4662, #757, #5182 ) ;
#5361 = CARTESIAN_POINT ( 'NONE',  ( 87.43143909319964280, -5.190653028090991938, -90.18898215426709442 ) ) ;
#5362 = CARTESIAN_POINT ( 'NONE',  ( 84.07197072029345009, -5.727394464542063801, -89.16557209426979114 ) ) ;
#5363 = CARTESIAN_POINT ( 'NONE',  ( 16.36072571902749928, -10.39965331602721577, -49.96479260955811696 ) ) ;
#5364 = CARTESIAN_POINT ( 'NONE',  ( -1.179661086228171119, -41.49748618719700488, -8.942052267157267309 ) ) ;
#5365 = VECTOR ( 'NONE', #450, 1000.000000000000000 ) ;
#5366 = CARTESIAN_POINT ( 'NONE',  ( 57.68980573336190076, -2.074467592581154207, 82.06465523964389774 ) ) ;
#5367 = ORIENTED_EDGE ( 'NONE', *, *, #1911, .F. ) ;
#5368 = CARTESIAN_POINT ( 'NONE',  ( 176.4535161075588974, -4.481915242111173647, 1.706725490546085355 ) ) ;
#5369 = CARTESIAN_POINT ( 'NONE',  ( 21.27315333720089185, -7.932565466361561235, 58.62104772333684366 ) ) ;
#5370 = AXIS2_PLACEMENT_3D ( 'NONE', #3270, #1012, #4481 ) ;
#5371 = CARTESIAN_POINT ( 'NONE',  ( 16.46648590987494032, -3.751647988160964342, 54.40535134233874714 ) ) ;
#5372 = CARTESIAN_POINT ( 'NONE',  ( 127.6794502537934619, -2.750000000000019540, 95.85867436989545354 ) ) ;
#5373 = CARTESIAN_POINT ( 'NONE',  ( 20.69692667785453111, -19.95736886713168445, 32.21447638132529079 ) ) ;
#5374 = CARTESIAN_POINT ( 'NONE',  ( 87.48816018916062376, -4.043589496470828770, -94.30372568128198907 ) ) ;
#5375 = CARTESIAN_POINT ( 'NONE',  ( 95.06266759988812964, -1.720875904997304716E-14, 89.99925377837742246 ) ) ;
#5376 = CARTESIAN_POINT ( 'NONE',  ( 139.1842759379912025, -47.26221975847444412, 6.464209457277152982E-15 ) ) ;
#5377 = CARTESIAN_POINT ( 'NONE',  ( 86.39999999999999147, -58.93658393131477169, 0.000000000000000000 ) ) ;
#5378 = CARTESIAN_POINT ( 'NONE',  ( 10.00285798478852684, -22.16292595220781436, -0.000000000000000000 ) ) ;
#5379 = B_SPLINE_CURVE_WITH_KNOTS ( 'NONE', 3,
 ( #1461, #3580, #5409, #4716, #3132, #6399, #2539, #5862, #6989, #3097, #2018, #366, #1943, #2609, #5894, #810, #3065, #4856, #2052, #5306, #4307, #2505, #5340, #6434, #7027, #1982, #4235, #6467, #6612, #4487, #5000, #2236, #5482, #2681, #439, #1647, #2089, #3350 ),
 .UNSPECIFIED., .F., .F.,
 ( 4, 2, 2, 2, 2, 2, 2, 2, 2, 2, 2, 2, 2, 2, 2, 2, 2, 2, 4 ),
 ( 0.5910475857741995798, 0.6041769903799509844, 0.6074593415313888078, 0.6107416926828266313, 0.6173063949857023891, 0.6238710972885780359, 0.6271534484400158593, 0.6304357995914536827, 0.6435652041972050874, 0.6468475553486429108, 0.6501299065000807342, 0.6566946088029564921, 0.6632593111058321389, 0.6665416622572699623, 0.6698240134087077857, 0.6829534180144591904, 0.6895181203173348372, 0.6928004714687726606, 0.6960828226202104840 ),
 .UNSPECIFIED. ) ;
#5380 = CARTESIAN_POINT ( 'NONE',  ( 16.29737503882655147, -3.874328685937459937, 51.29376729366683918 ) ) ;
#5381 = CARTESIAN_POINT ( 'NONE',  ( 16.48160613305108768, -3.851559423827715101, 53.89992565204319419 ) ) ;
#5382 = CARTESIAN_POINT ( 'NONE',  ( -22.00000000000000355, -6.042206017373003668, 58.61996199853946621 ) ) ;
#5383 = CARTESIAN_POINT ( 'NONE',  ( 178.1578860815170060, -4.209582672230510525, 12.80708733824041445 ) ) ;
#5384 = CARTESIAN_POINT ( 'NONE',  ( 17.10293367557877886, -5.512207922195363679E-15, -45.88417211662140716 ) ) ;
#5385 = CARTESIAN_POINT ( 'NONE',  ( 5.654040650587183414, -15.60173699148840321, -52.40609392701476565 ) ) ;
#5386 = CARTESIAN_POINT ( 'NONE',  ( 21.22957914591017570, -5.854691731421723944E-15, -58.31644400107919779 ) ) ;
#5387 = ORIENTED_EDGE ( 'NONE', *, *, #3136, .F. ) ;
#5388 = CARTESIAN_POINT ( 'NONE',  ( 16.35440075579346342, -4.121198896791670840, 51.09434628889018626 ) ) ;
#5389 = CARTESIAN_POINT ( 'NONE',  ( 20.78851022643701896, -6.406317528684809304, 59.71330126520356885 ) ) ;
#5390 = CARTESIAN_POINT ( 'NONE',  ( 86.39766024207288808, -1.734723475976807094E-14, -102.9121479806334634 ) ) ;
#5391 = CARTESIAN_POINT ( 'NONE',  ( 168.9373170206374084, -4.544713406623449359, -41.41575257173328595 ) ) ;
#5392 = CARTESIAN_POINT ( 'NONE',  ( 54.97413646190258874, -3.999999999999984457, -86.90829952747834852 ) ) ;
#5393 = CARTESIAN_POINT ( 'NONE',  ( -6.821631603998207005, -37.09717158398637338, 11.01127359499082914 ) ) ;
#5394 = EDGE_CURVE ( 'NONE', #679, #6553, #3704, .T. ) ;
#5395 = CARTESIAN_POINT ( 'NONE',  ( 15.99339502251988598, -4.580869046799382893, 46.23740537472340861 ) ) ;
#5396 = CARTESIAN_POINT ( 'NONE',  ( 172.7435153625698376, -4.939932702262225916, -28.04482562775869070 ) ) ;
#5397 = CARTESIAN_POINT ( 'NONE',  ( 175.4977624088068353, -5.712740220210117847, -4.465014868123704517 ) ) ;
#5398 = CARTESIAN_POINT ( 'NONE',  ( 15.91494908497415395, 2.365719284910227316, -53.95063841917126268 ) ) ;
#5399 = CARTESIAN_POINT ( 'NONE',  ( -9.000000000000008882, -42.30756013076908317, -5.181181809388053756E-15 ) ) ;
#5400 = CARTESIAN_POINT ( 'NONE',  ( 8.761565913833836206, -38.19900684099762600, -2.078665603692552821 ) ) ;
#5401 = CARTESIAN_POINT ( 'NONE',  ( 176.1177237772047874, -4.962481512572422204, 1.700361437763727945 ) ) ;
#5402 = CARTESIAN_POINT ( 'NONE',  ( 16.41153018269574915, -4.060647167877085906, 52.02395469298807740 ) ) ;
#5403 = CARTESIAN_POINT ( 'NONE',  ( 16.48381035138895712, -3.763543580662436661, 54.49235088003962346 ) ) ;
#5404 = PLANE ( 'NONE',  #994 ) ;
#5405 = CARTESIAN_POINT ( 'NONE',  ( 20.27849645082251229, -7.975094904146368791, 42.26839554134470234 ) ) ;
#5406 = CARTESIAN_POINT ( 'NONE',  ( 180.2836631562698813, -4.042144293900271634, 2.388507945947870414 ) ) ;
#5407 = CARTESIAN_POINT ( 'NONE',  ( -22.00000000000000355, -5.942206019216403234, -58.67688095457011599 ) ) ;
#5408 = CARTESIAN_POINT ( 'NONE',  ( 40.60360956192334214, -50.78462308660655822, -91.59278087615332709 ) ) ;
#5409 = CARTESIAN_POINT ( 'NONE',  ( 16.30556588438936672, -8.820082319704674489, 41.51238808764956900 ) ) ;
#5410 = CARTESIAN_POINT ( 'NONE',  ( 117.0193689937361938, -54.88020756833023484, 3.749791223009073946E-15 ) ) ;
#5411 = CARTESIAN_POINT ( 'NONE',  ( 16.39817134269415533, -4.086425018828686362, 51.76336404970820126 ) ) ;
#5412 = EDGE_CURVE ( 'NONE', #2267, #4653, #2158, .T. ) ;
#5413 = CARTESIAN_POINT ( 'NONE',  ( 16.74464372177989091, -4.180726546021693579, 54.49396569669627866 ) ) ;
#5414 = CARTESIAN_POINT ( 'NONE',  ( 26.04226054669078394, -6.853404056822944504E-15, -63.91533815646972982 ) ) ;
#5415 = CARTESIAN_POINT ( 'NONE',  ( -2.895900250578083757, -41.55578605752122456, 8.541776478174815779 ) ) ;
#5416 = CARTESIAN_POINT ( 'NONE',  ( 148.9186550987834323, -4.231075058406831957, -70.03957066442025337 ) ) ;
#5417 = CARTESIAN_POINT ( 'NONE',  ( 52.29733010091996448, -1.079253709314855033E-14, -85.88692263416842820 ) ) ;
#5418 = CARTESIAN_POINT ( 'NONE',  ( 13.72800958728556076, -25.04064065573164655, 37.72665110914034869 ) ) ;
#5419 = CARTESIAN_POINT ( 'NONE',  ( 69.74784705189665601, -1.561251128379126385E-14, -97.91751093662105632 ) ) ;
#5420 = EDGE_LOOP ( 'NONE', ( #3456, #341, #6100, #4942 ) ) ;
#5421 = ORIENTED_EDGE ( 'NONE', *, *, #1429, .F. ) ;
#5422 = CARTESIAN_POINT ( 'NONE',  ( 16.36247826363502611, -4.141672566927891097, 51.13213915187662195 ) ) ;
#5423 = CARTESIAN_POINT ( 'NONE',  ( 20.53959255002531847, -6.770327471000177511, 59.03489664438248496 ) ) ;
#5424 = CARTESIAN_POINT ( 'NONE',  ( -12.91081220557518883, -38.22990748299108077, 1.580497136809125847 ) ) ;
#5425 = CARTESIAN_POINT ( 'NONE',  ( 167.4320801178530189, -4.463318790988402895, 42.00829232765573096 ) ) ;
#5426 = CARTESIAN_POINT ( 'NONE',  ( 177.4090905582051789, -4.000000000000030198, -29.57139725260966046 ) ) ;
#5427 = EDGE_CURVE ( 'NONE', #2592, #6886, #6948, .T. ) ;
#5428 = CARTESIAN_POINT ( 'NONE',  ( 24.07003354590130684, -28.00603130285202980, -19.57178011125356321 ) ) ;
#5429 = CARTESIAN_POINT ( 'NONE',  ( 16.12126896235339046, -5.024812221952399405, 47.50960916591437666 ) ) ;
#5430 = VERTEX_POINT ( 'NONE', #982 ) ;
#5431 =( BOUNDED_SURFACE ( )  B_SPLINE_SURFACE ( 3, 2, ( 
 ( #3361, #1620, #5011 ),
 ( #6584, #3323, #555 ),
 ( #6112, #1029, #4972 ),
 ( #3802, #6622, #4903 ),
 ( #5493, #449, #7293 ),
 ( #1064, #7182, #5566 ),
 ( #5604, #517, #3842 ),
 ( #2247, #6074, #7256 ),
 ( #3288, #4461, #1658 ),
 ( #4497, #6734, #6147 ),
 ( #1099, #1694, #6189 ),
 ( #1875, #6330, #1321 ),
 ( #2281, #698, #2843 ),
 ( #1732, #1766, #2920 ),
 ( #4642, #6807, #3508 ),
 ( #28, #5086, #736 ),
 ( #5640, #2958, #3433 ),
 ( #2322, #4569, #4533 ),
 ( #4133, #6884, #5713 ),
 ( #6363, #4022, #6258 ),
 ( #5787, #6223, #183 ),
 ( #3987, #6772, #1174 ),
 ( #5677, #3544, #1209 ),
 ( #5162, #2356, #626 ),
 ( #107, #3469, #1250 ),
 ( #2880, #1287, #2990 ),
 ( #5197, #5123, #69 ),
 ( #5232, #2435, #4608 ),
 ( #6844, #2394, #665 ),
 ( #591, #1800, #4060 ),
 ( #4679, #144, #6293 ),
 ( #5751, #1837, #6920 ),
 ( #4097, #7062, #4749 ),
 ( #257, #2469, #5823 ),
 ( #1427, #5959, #4273 ),
 ( #6957, #3724, #331 ),
 ( #4786, #4822, #7098 ),
 ( #6541, #6502, #223 ),
 ( #773, #293, #1908 ),
 ( #842, #875, #2574 ) ),
 .UNSPECIFIED., .F., .F., .F. ) 
 B_SPLINE_SURFACE_WITH_KNOTS ( ( 4, 2, 2, 2, 2, 2, 2, 2, 2, 2, 2, 2, 2, 2, 2, 2, 2, 2, 2, 4 ),
 ( 3, 3 ),
 ( 0.1283027240200153019, 0.1313791165809515826, 0.1329173128614197230, 0.1344555091418878356, 0.1352246072821218781, 0.1354168818171803956, 0.1356091563522389132, 0.1359937054223559483, 0.1375319017028240887, 0.1383009998430581589, 0.1390700979832922290, 0.1406082942637603694, 0.1413773924039944396, 0.1421464905442285098, 0.1429155886844625800, 0.1436846868246966225, 0.1467610793856328755, 0.1482992756661010159, 0.1498374719465691562, 0.1529138645075054093 ),
 ( 0.000000000000000000, 1.000000000000000000 ),
 .UNSPECIFIED. ) 
 GEOMETRIC_REPRESENTATION_ITEM ( )  RATIONAL_B_SPLINE_SURFACE ( (
 ( 1.000000000000000000, 0.9021064431188245969, 1.000000000000000000),
 ( 1.000000000000000000, 0.9100732848522894436, 1.000000000000000000),
 ( 1.000000000000000000, 0.9176493539667918142, 1.000000000000000000),
 ( 1.000000000000000000, 0.9281877813069785432, 1.000000000000000000),
 ( 1.000000000000000000, 0.9315703727372478538, 1.000000000000000000),
 ( 1.000000000000000000, 0.9379554404259607958, 1.000000000000000000),
 ( 1.000000000000000000, 0.9409107372374621026, 1.000000000000000000),
 ( 1.000000000000000000, 0.9449233604517063290, 1.000000000000000000),
 ( 1.000000000000000000, 0.9461905448150408349, 1.000000000000000000),
 ( 1.000000000000000000, 0.9476766486405950873, 1.000000000000000000),
 ( 1.000000000000000000, 0.9479689645148974275, 1.000000000000000000),
 ( 1.000000000000000000, 0.9485434903200873347, 1.000000000000000000),
 ( 1.000000000000000000, 0.9488254163857733348, 1.000000000000000000),
 ( 1.000000000000000000, 0.9496577528953453751, 1.000000000000000000),
 ( 1.000000000000000000, 0.9501961949228161508, 1.000000000000000000),
 ( 1.000000000000000000, 0.9527850652506922868, 1.000000000000000000),
 ( 1.000000000000000000, 0.9545014959518700604, 1.000000000000000000),
 ( 1.000000000000000000, 0.9564662828328203137, 1.000000000000000000),
 ( 1.000000000000000000, 0.9570191186647816206, 1.000000000000000000),
 ( 1.000000000000000000, 0.9579005818648369530, 1.000000000000000000),
 ( 1.000000000000000000, 0.9582256291908752832, 1.000000000000000000),
 ( 1.000000000000000000, 0.9588255150597184695, 1.000000000000000000),
 ( 1.000000000000000000, 0.9587385197353874844, 1.000000000000000000),
 ( 1.000000000000000000, 0.9578610638213557182, 1.000000000000000000),
 ( 1.000000000000000000, 0.9574397806084561369, 1.000000000000000000),
 ( 1.000000000000000000, 0.9563660023336603144, 1.000000000000000000),
 ( 1.000000000000000000, 0.9557142650817892493, 1.000000000000000000),
 ( 1.000000000000000000, 0.9541959839181083369, 1.000000000000000000),
 ( 1.000000000000000000, 0.9533294030818534326, 1.000000000000000000),
 ( 1.000000000000000000, 0.9513927323656965473, 1.000000000000000000),
 ( 1.000000000000000000, 0.9503170938739531337, 1.000000000000000000),
 ( 1.000000000000000000, 0.9445433108429878155, 1.000000000000000000),
 ( 1.000000000000000000, 0.9386775549423487242, 1.000000000000000000),
 ( 1.000000000000000000, 0.9285899785951836627, 1.000000000000000000),
 ( 1.000000000000000000, 0.9250508623795155039, 1.000000000000000000),
 ( 1.000000000000000000, 0.9177348261004345531, 1.000000000000000000),
 ( 1.000000000000000000, 0.9139495918635085481, 1.000000000000000000),
 ( 1.000000000000000000, 0.9022808358561350550, 1.000000000000000000),
 ( 1.000000000000000000, 0.8940832493513412027, 1.000000000000000000),
 ( 1.000000000000000000, 0.8856040769237688570, 1.000000000000000000) ) ) 
 REPRESENTATION_ITEM ( '' )  SURFACE ( )  );
#5432 = CARTESIAN_POINT ( 'NONE',  ( 57.86683171984105201, -8.838390625155875924, -81.69638322168037803 ) ) ;
#5433 = CARTESIAN_POINT ( 'NONE',  ( 164.3097285151866345, -4.957407328606069363, -46.74635149191833250 ) ) ;
#5434 = CARTESIAN_POINT ( 'NONE',  ( 16.27409063268505562, -7.918749040757974811, -52.92861178023110114 ) ) ;
#5435 = CARTESIAN_POINT ( 'NONE',  ( 87.88942714031577452, -1.615467967774064488E-14, -95.91120484666465984 ) ) ;
#5436 = CARTESIAN_POINT ( 'NONE',  ( 32.49170014716028732, -2.334898437656616643, -67.69295333034223461 ) ) ;
#5437 = CARTESIAN_POINT ( 'NONE',  ( 99.14499999999993918, -58.25464714294840007, 1.560812345513301719E-15 ) ) ;
#5438 = CARTESIAN_POINT ( 'NONE',  ( 16.45559539992586195, -3.746551917162835643, 54.33176266519281228 ) ) ;
#5439 = CARTESIAN_POINT ( 'NONE',  ( -22.00000000000000355, -5.942206024918094798, 58.67688095132923110 ) ) ;
#5440 = CARTESIAN_POINT ( 'NONE',  ( 20.33155914727550595, -9.494611719918443882, 47.93782482802468081 ) ) ;
#5441 = CARTESIAN_POINT ( 'NONE',  ( 42.97758284075565172, -4.013892182228209649, -79.78801399486111734 ) ) ;
#5442 = ORIENTED_EDGE ( 'NONE', *, *, #5558, .T. ) ;
#5443 = CARTESIAN_POINT ( 'NONE',  ( 112.2676177124198347, -1.979007338382483264E-14, 87.44907030108514334 ) ) ;
#5444 = CARTESIAN_POINT ( 'NONE',  ( 159.5718911911923215, -33.22972007004717199, 8.960972233485214830E-15 ) ) ;
#5445 = DIRECTION ( 'NONE',  ( 1.000000000000000000, 0.000000000000000000, 0.000000000000000000 ) ) ;
#5446 = CARTESIAN_POINT ( 'NONE',  ( 117.0193689937361796, -54.88020756833022773, 61.23873798747239761 ) ) ;
#5447 = CARTESIAN_POINT ( 'NONE',  ( 16.39407763625495562, -4.077848308778673214, 51.74466948360506535 ) ) ;
#5448 = CARTESIAN_POINT ( 'NONE',  ( 20.09643072030385369, -4.986437263928770847, 60.43943804074656612 ) ) ;
#5449 = CARTESIAN_POINT ( 'NONE',  ( 24.49259546272256927, -6.620902790166950829E-15, -62.13819584928204165 ) ) ;
#5450 = CARTESIAN_POINT ( 'NONE',  ( -8.199822702981505174, -42.09063620671297912, 3.721525004167571815 ) ) ;
#5451 = CARTESIAN_POINT ( 'NONE',  ( 87.46095808967989171, -4.220889162288799845, -93.09441869686587268 ) ) ;
#5452 = CARTESIAN_POINT ( 'NONE',  ( -22.00000000000000355, -42.30756013076908317, -5.181181809388053756E-15 ) ) ;
#5453 = CARTESIAN_POINT ( 'NONE',  ( 21.64767553804410483, -10.83658633216800027, 55.81911241419286540 ) ) ;
#5454 = CARTESIAN_POINT ( 'NONE',  ( 14.15969661373779154, -25.88793077742669624, 36.64200882332123399 ) ) ;
#5455 = CARTESIAN_POINT ( 'NONE',  ( -18.00000000000000355, -5.942206017373112381, -54.04319279652562358 ) ) ;
#5456 = ORIENTED_EDGE ( 'NONE', *, *, #564, .T. ) ;
#5457 = ORIENTED_EDGE ( 'NONE', *, *, #4664, .F. ) ;
#5458 = CARTESIAN_POINT ( 'NONE',  ( 16.44507176262050407, -4.317002884614466574, 51.55576438312704823 ) ) ;
#5459 = CARTESIAN_POINT ( 'NONE',  ( 17.03562573823221626, -4.827567758985669144, 54.39556759187438928 ) ) ;
#5460 = CARTESIAN_POINT ( 'NONE',  ( -2.179733859829516174, -2.000000000000017764, 60.80283175413603658 ) ) ;
#5461 = CARTESIAN_POINT ( 'NONE',  ( 177.1301739998713458, -4.504962174928548002, 12.66558236267128557 ) ) ;
#5462 = CARTESIAN_POINT ( 'NONE',  ( 185.2211419764267362, -3.430911900466283360, -21.39902822594508791 ) ) ;
#5463 = CARTESIAN_POINT ( 'NONE',  ( 190.4059769339630463, -6.042206017373015214, -208.0119538679259961 ) ) ;
#5464 = CARTESIAN_POINT ( 'NONE',  ( 21.59489320723835348, -12.38961585679370181, 53.93818367442137429 ) ) ;
#5465 = CARTESIAN_POINT ( 'NONE',  ( 93.04484185104854532, -4.064870016776044537, 89.94024931029940717 ) ) ;
#5466 = AXIS2_PLACEMENT_3D ( 'NONE', #5475, #906, #5954 ) ;
#5467 = CARTESIAN_POINT ( 'NONE',  ( 115.1046982446530791, 1.679365411166839751E-11, 82.06657780799322666 ) ) ;
#5468 = CARTESIAN_POINT ( 'NONE',  ( 113.0623117316685438, -4.367977076607358455, 86.16045588574033331 ) ) ;
#5469 = CARTESIAN_POINT ( 'NONE',  ( 21.58454150062760135, -13.42876971140440645, -52.67511130446536782 ) ) ;
#5470 = CARTESIAN_POINT ( 'NONE',  ( -4.506917958259576196, -41.65801680894593062, -7.795794276624079089 ) ) ;
#5471 = CARTESIAN_POINT ( 'NONE',  ( 17.39456389188162078, -1.000000000000005773, -52.00651240713861512 ) ) ;
#5472 = VECTOR ( 'NONE', #608, 1000.000000000000000 ) ;
#5473 = DIRECTION ( 'NONE',  ( -1.500332356076765934E-16, -1.000000000000000000, 0.000000000000000000 ) ) ;
#5474 = CARTESIAN_POINT ( 'NONE',  ( 16.44323148402288126, -3.746684785461429357, 54.20269715533519417 ) ) ;
#5475 = CARTESIAN_POINT ( 'NONE',  ( 86.40000000000000568, -5.942206017373020011, 0.000000000000000000 ) ) ;
#5476 = CARTESIAN_POINT ( 'NONE',  ( 140.5924444552029797, -8.290766203678897384, 67.98574746519271628 ) ) ;
#5477 = CIRCLE ( 'NONE', #5133, 104.0059769339612359 ) ;
#5478 = CARTESIAN_POINT ( 'NONE',  ( 105.3046315325923530, -4.045610892923101609, -93.12597702849177494 ) ) ;
#5479 = ORIENTED_EDGE ( 'NONE', *, *, #4479, .T. ) ;
#5480 = CARTESIAN_POINT ( 'NONE',  ( 125.7342049504545969, -2.181050903974023802E-14, 82.90291046123277852 ) ) ;
#5481 = CARTESIAN_POINT ( 'NONE',  ( 185.3328331859785294, -6.042206017371048787, 1.211577774917876842E-14 ) ) ;
#5482 = CARTESIAN_POINT ( 'NONE',  ( 16.33212635167576110, -9.580674588229930677, -40.35427892400013405 ) ) ;
#5483 = CARTESIAN_POINT ( 'NONE',  ( 176.4696878824082376, -4.481915242111173647, 180.1393757648165206 ) ) ;
#5484 = EDGE_CURVE ( 'NONE', #3311, #4246, #1609, .T. ) ;
#5485 = CARTESIAN_POINT ( 'NONE',  ( 21.32326101132213125, -8.263330864580352042, 58.31819138967910732 ) ) ;
#5486 = CARTESIAN_POINT ( 'NONE',  ( 19.80146765159913969, -4.983725755846048600, 60.10234546047197313 ) ) ;
#5487 = CARTESIAN_POINT ( 'NONE',  ( 20.83015718446973352, -23.77259139910701791, -1.257815004323071362 ) ) ;
#5488 = DIRECTION ( 'NONE',  ( -1.000000000000000000, 0.000000000000000000, 0.000000000000000000 ) ) ;
#5489 = CARTESIAN_POINT ( 'NONE',  ( 175.0468617531182076, -4.223255180207770465, -28.79359278791322652 ) ) ;
#5490 = CARTESIAN_POINT ( 'NONE',  ( 60.18984418659080404, -1.197667651850090418E-14, -89.54253788540306402 ) ) ;
#5491 = CARTESIAN_POINT ( 'NONE',  ( 21.44037298239792833, -11.50283473796490696, 54.79160792848431072 ) ) ;
#5492 = CARTESIAN_POINT ( 'NONE',  ( 7.091083096019023202, -37.90017936781565311, 5.549876649535517181 ) ) ;
#5493 = CARTESIAN_POINT ( 'NONE',  ( 23.62705647224066396, -5.428777181254026196, 56.56506047796010250 ) ) ;
#5494 = LINE ( 'NONE', #2845, #5365 ) ;
#5495 = VERTEX_POINT ( 'NONE', #3313 ) ;
#5496 = CARTESIAN_POINT ( 'NONE',  ( 16.58572455380145172, -4.715052656608937909, 51.81373605964497386 ) ) ;
#5497 = CARTESIAN_POINT ( 'NONE',  ( 19.25015705619873430, -6.317661147230142049, 57.72089376136181471 ) ) ;
#5498 = CARTESIAN_POINT ( 'NONE',  ( -12.98083211383421798, -38.27123664932234703, 0.7918684105262598916 ) ) ;
#5499 = CARTESIAN_POINT ( 'NONE',  ( 143.4970099336213423, -4.374817540559798879, 70.96531815312123115 ) ) ;
#5500 = CARTESIAN_POINT ( 'NONE',  ( 148.7296844135030653, -3.430911900466279807, -79.61499200183976654 ) ) ;
#5501 = CARTESIAN_POINT ( 'NONE',  ( 20.36082540615132075, -6.042206017372983240, 53.98290812280555429 ) ) ;
#5502 = CARTESIAN_POINT ( 'NONE',  ( 16.69477538188766275, -7.441589348931321624, 49.25092365448284681 ) ) ;
#5503 = CARTESIAN_POINT ( 'NONE',  ( 57.45390981291286181, -5.078637505140465080, -84.96079693120881871 ) ) ;
#5504 = CARTESIAN_POINT ( 'NONE',  ( 113.8204254507959803, -19.98504028316284931, -81.94234444609712398 ) ) ;
#5505 = CARTESIAN_POINT ( 'NONE',  ( 174.6493873587850771, -4.932814933958070469, -21.46268779702734264 ) ) ;
#5506 = CARTESIAN_POINT ( 'NONE',  ( 17.03676072389064799, -29.75876294299044389, -2.232287194717299972 ) ) ;
#5507 = B_SPLINE_SURFACE_WITH_KNOTS ( 'NONE', 3, 3, ( 
 ( #5549, #2791, #6209, #3454, #1753, #2751, #3345, #1196, #54, #2307, #4517, #4556, #6831, #651, #7239, #2906, #2195, #2866, #5587, #6756, #5035, #6718, #576, #6794, #93, #2231, #2343, #1786, #3974, #1679, #3934, #6171, #3386, #798, #5812, #1381, #2979, #5220, #3493, #1929, #3568, #5883, #6318, #3641, #2943, #829, #1235, #1274, #3531, #244, #5257, #6280, #3086, #4629, #5184, #131, #6386, #6422, #4155, #5849, #5327, #1308, #5775, #5738, #2493, #169, #3016, #4121, #2422, #211, #3053, #279, #1968, #2525, #2456, #1347, #725, #6869, #5293, #7013, #3606, #4084, #2381, #1862, #4773, #686, #4667, #1823, #6944, #4738, #761 ),
 ( #6977, #4702, #6909, #6352, #1897, #4189, #3849, #353, #5534, #1036, #6081, #1414, #4222, #2004, #4981, #4844, #1628, #1490, #4294, #7264, #6120, #6527, #319, #3295, #4467, #2176, #3884, #6155, #489, #6486, #6454, #5574, #3153, #2735, #2040, #5397, #7223, #1070, #1665, #7299, #3920, #4431, #6667, #5946, #4809, #3330, #5058, #524, #4259, #2561, #7086, #1106, #5914, #3708, #562, #2774, #5020, #2217, #6703, #1448, #862, #3370, #5611, #2814, #3672, #7049, #3117, #5362, #899, #2596, #2288, #151, #2998, #5093, #3405, #6230, #5239, #4577, #1702, #3957, #4648, #4065, #77, #1772, #4542, #3994, #597, #4030, #2253, #5720, #5759 ),
 ( #1145, #4504, #1181, #115, #6891, #2965, #6197, #5648, #2402, #6301, #1259, #3475, #3514, #5794, #5204, #6741, #1844, #2851, #4614, #37, #6265, #6779, #5684, #6814, #6851, #706, #3439, #2363, #1807, #1216, #4105, #5131, #633, #671, #6337, #2928, #1293, #2886, #2329, #1740, #3550, #5169, #743, #4686, #780, #191, #3037, #2441, #4139, #6369, #6926, #1881, #1329, #3587, #5831, #6014, #3777, #7230, #2186, #4329, #3855, #3220, #3261, #4399, #4437, #6126, #1005, #4987, #6673, #1594, #3891, #2703, #6047, #6635, #1634, #6088, #2224, #3815, #5503, #6561, #2782, #1041, #6710, #7156, #4473, #967, #1673, #2074, #2107, #4365, #1077 ),
 ( #5465, #423, #2666, #3337, #7270, #5580, #530, #3926, #2144, #6598, #1523, #5028, #460, #3301, #4950, #7193, #5539, #6162, #1114, #2821, #3379, #495, #5617, #1555, #4913, #569, #7121, #2742, #3967, #4665, #1895, #5848, #797, #4737, #1306, #4258, #861, #209, #6976, #243, #3566, #2524, #4188, #6351, #6485, #6907, #2492, #1928, #3605, #1380, #6421, #3640, #1861, #167, #5256, #828, #3052, #4772, #5882, #3085, #3116, #1967, #5326, #5809, #278, #2420, #5361, #7012, #759, #3152, #4808, #4700, #4221, #5291, #898, #6453, #6942, #5913, #1447, #3707, #3015, #4153, #1413, #6385, #2454, #1345, #3671, #5945, #2560, #318, #7048 ),
 ( #2003, #4120, #3745, #2705, #1636, #1489, #5468, #3303, #3263, #3893, #4401, #5980, #2188, #1079, #1597, #6128, #2076, #6563, #4331, #5541, #933, #7232, #3857, #6638, #2109, #3187, #1525, #3779, #6600, #6090, #7123, #4952, #4440, #1043, #6016, #4293, #4989, #969, #2744, #6675, #5505, #497, #5396, #6051, #2039, #5433, #462, #3223, #7195, #2146, #387, #4843, #4367, #2595, #425, #2668, #4915, #7158, #6526, #352, #7085, #2631, #1557, #3817, #4878, #1007, #47, #2226, #2373, #533, #3415, #2861, #6750, #4552, #2300, #5102, #2784, #3339, #1117, #4004, #3968, #644, #606, #5658, #6274, #5143, #6788, #6712, #1749, #5582, #1226 ),
 ( #680, #571, #6239, #1155, #4077, #6205, #2824, #1782, #124, #4623, #4475, #5066, #2898, #6, #3381, #1675, #3928, #6862, #5733, #5619, #1191, #3448, #6311, #1712, #7273, #3486, #2260, #4512, #5693, #6164, #87, #2339, #4587, #6825, #4040, #5030, #2937, #5178, #1816, #4148, #2973, #5842, #5284, #4803, #1923, #3633, #791, #4181, #6345, #5214, #1962, #4215, #2486, #5876, #4114, #160, #6414, #1407, #3666, #1302, #6448, #1997, #3560, #2413, #5250, #4251, #3598, #718, #4659, #5908, #3079, #6379, #3046, #5804, #3008, #6902, #237, #1267, #4731, #4765, #2449, #6971, #202, #1854, #3524, #4695, #1373, #856, #3111, #754, #6935 ),
 ( #823, #2519, #7042, #5354, #5769, #312, #1890, #5321, #1339, #272, #7007, #2553, #3771, #3809, #5499, #381, #4361, #6043, #961, #3256, #2069, #5425, #6009, #999, #3216, #1587, #3182, #2625, #3701, #2137, #5461, #6080, #6519, #3848, #3148, #1035, #1442, #1482, #3739, #455, #417, #6480, #3294, #4836, #5391, #346, #6592, #6629, #1551, #2698, #5533, #1519, #5974, #5938, #4946, #4871, #2662, #4324, #7115, #4909, #7188, #488, #2175, #2734, #7152, #4980, #2103, #2588, #7079, #4393, #6557, #7222, #892, #927, #2033, #4288, #1627, #6154, #2813, #5057, #1701, #5573, #1215, #5130, #4466, #3956, #4503, #523, #6778, #1144, #3329 ),
 ( #4576, #6813, #6702, #2328, #5168, #7263, #2773, #1105, #114, #6740, #3883, #6119, #1771, #6229, #2252, #6196, #1664, #3369, #5019, #3404, #4430, #596, #632, #5610, #5647, #561, #2216, #6666, #7298, #2287, #4029, #76, #1069, #3919, #6264, #1180, #3438, #2850, #5683, #670, #3474, #5092, #5719, #36, #1739, #4541, #3993, #2885, #2927, #6925, #6962, #1366, #3549, #228, #1914, #4138, #6404, #5238, #1292, #1880, #4172, #6368, #4755, #6336, #5793, #6850, #5312, #1328, #1950, #2401, #6995, #6300, #4206, #4613, #4647, #6890, #3624, #3586, #2362, #6439, #705, #1258, #3513, #2476, #2510, #4721, #5867, #1398, #4685, #1843, #1806 ),
 ( #190, #742, #5830, #815, #3657, #4064, #4104, #2997, #2440, #779, #5758, #5899, #3070, #3036, #5276, #263, #2964, #848, #3102, #5203, #5346, #150, #373, #7104, #3732, #1509, #4314, #2059, #4792, #300, #5383, #952, #918, #4900, #4862, #2615, #3243, #2095, #6548, #3690, #3762, #2545, #5489, #5998, #1433, #3284, #4934, #4827, #3206, #5416, #1025, #3171, #7069, #6033, #4384, #6618, #5931, #2024, #7142, #4279, #336, #882, #3139, #1576, #2687, #2579, #5451, #406, #7032, #5966, #4240, #445, #6510, #1470, #2651, #4351, #6581, #1542, #3799, #988, #7178, #1987, #2127, #3838, #6070, #6472, #5600, #3429, #3395, #4018, #4529 ),
 ( #1728, #6254, #2206, #6693, #4457, #5673, #6108, #65, #3983, #6767, #2243, #1616, #1654, #3910, #6730, #6219, #7252, #5082, #4565, #1170, #6143, #4421, #5118, #1095, #2876, #2318, #5635, #622, #6804, #6185, #2165, #3874, #587, #3356, #2839, #2277, #5562, #4968, #4493, #1762, #6657, #24, #2722, #1690, #1059, #551, #2802, #1205, #5524, #5047, #478, #7212, #7289, #3319, #3946, #1135, #513, #2762, #5007, #5859, #140, #2390, #661, #6396, #733, #3062, #3504, #807, #103, #5303, #5709, #5747, #694, #4713, #2432, #3465, #253, #1796, #2352, #4604, #3577, #3616, #1317, #3027, #2502, #5783, #2953, #2916, #6954, #4638, #179 ),
 ( #1357, #4746, #4130, #6840, #4056, #5820, #1833, #770, #220, #5193, #5158, #4676, #6289, #6880, #4093, #6327, #2987, #1246, #6986, #4164, #1283, #5229, #3540, #6917, #5268, #1872, #6360, #1940, #2466, #1905, #4198, #6431, #2605, #5406, #3161, #5891, #1390, #6464, #2049, #2014, #5989, #5956, #1458, #4340, #3196, #3721, #4784, #363, #3649, #6571, #4854, #2536, #4374, #6023, #5923, #7095, #6498, #2117, #4270, #872, #7132, #5478, #435, #7024, #3129, #942, #5374, #1424, #1979, #4232, #2676, #3789, #978, #839, #3231, #4304, #1498, #328, #3682, #396, #3094, #6538, #2570, #4818, #908, #5337, #3753, #5441, #4923, #2639, #4890 ),
 ( #7059, #2085, #1533, #290, #7167, #3826, #6682, #6134, #2753, #542, #3347, #1085, #6061, #6608, #4409, #7280, #7242, #3936, #3901, #1644, #2374, #1227, #5589, #2713, #2793, #1566, #4624, #5038, #470, #2414, #4078, #3865, #2233, #4449, #162, #2197, #6099, #5179, #3525, #5770, #4960, #1050, #6174, #3310, #6647, #7202, #2155, #719, #1817, #1606, #4484, #6720, #1015, #4996, #3273, #6863, #5551, #505, #1681, #3487, #5734, #681, #2938, #125, #6312, #5515, #1268, #2974, #5215, #755, #4732, #2554, #2520, #3149, #3667, #3009, #1443, #347, #857, #5392, #1340, #5843, #3599, #4804, #5251, #6481, #3112, #5909, #1374, #203, #792 ),
 ( #6380, #4216, #3702, #5355, #3047, #3561, #4252, #238, #1998, #5939, #4766, #7043, #7008, #5285, #1963, #1408, #4696, #4115, #3634, #1855, #2487, #6972, #1924, #4182, #5805, #6415, #5877, #273, #2450, #6346, #313, #893, #824, #6449, #6936, #1891, #4660, #6903, #1303, #4149, #3080, #5322, #5426, #3740, #6558, #3331, #4910, #2034, #4289, #4982, #4394, #418, #2104, #4872, #4325, #928, #4362, #2589, #6044, #6082, #3773, #1552, #1520, #1484, #4837, #6010, #456, #7224, #3296, #6520, #5975, #2736, #6630, #1588, #3810, #3850, #6121, #5535, #5575, #490, #3183, #4947, #7080, #6593, #382, #962, #7153, #7189, #1037, #3217, #2699 ) ),
 .UNSPECIFIED., .F., .F., .F.,
 ( 4, 3, 3, 3, 4 ),
 ( 4, 3, 3, 3, 3, 3, 3, 3, 3, 3, 3, 3, 3, 3, 3, 3, 3, 3, 3, 3, 3, 3, 3, 3, 3, 3, 3, 3, 3, 3, 4 ),
 ( 0.000000000000000000, 0.2500000000000000000, 0.5000000000000000000, 0.7500000000000000000, 1.000000000000000000 ),
 ( 1.645032640430711179, 1.758203033780678215, 1.871373427130645473, 1.984543820480612730, 2.097714213830579766, 2.324055000530514281, 2.550395787230448796, 2.663566180580415832, 2.776736573930383312, 2.889906967280350791, 3.003077360630317827, 3.116247753980284863, 3.229418147330252342, 3.342588540680219822, 3.455758934030186857, 3.682099720730121373, 3.908440507430055888, 4.134781294129989959, 4.361122080829924919, 4.417707277504907992, 4.474292474179891954, 4.587462867529859878, 4.700633260879826913, 4.813803654229793949, 4.870388850904777911, 4.926974047579760985, 5.040144440929728020, 5.096729637604711982, 5.153314834279695944, 5.209900030954679906, 5.266485227629662980 ),
 .UNSPECIFIED. ) ;
#5508 = CARTESIAN_POINT ( 'NONE',  ( 5.487530915465789860, -41.74037537613465076, -7.157548835879237181 ) ) ;
#5509 = CARTESIAN_POINT ( 'NONE',  ( 67.13519277913991345, 6.723316336398776852E-11, 84.78059976890324378 ) ) ;
#5510 = CARTESIAN_POINT ( 'NONE',  ( 20.34536719873064570, -38.31026286157669603, 0.1470188481355287624 ) ) ;
#5511 = DIRECTION ( 'NONE',  ( 1.000000000000000000, 0.000000000000000000, 0.000000000000000000 ) ) ;
#5512 = CARTESIAN_POINT ( 'NONE',  ( 23.93277643005880506, -6.795599484949367053, 55.42193682591575765 ) ) ;
#5513 = B_SPLINE_CURVE_WITH_KNOTS ( 'NONE', 3,
 ( #2083, #7279, #7166, #6098 ),
 .UNSPECIFIED., .F., .F.,
 ( 4, 4 ),
 ( 0.000000000000000000, 0.003206603928154693004 ),
 .UNSPECIFIED. ) ;
#5514 = CARTESIAN_POINT ( 'NONE',  ( 67.58503753364823297, -4.277705893277912175, -158.3811362363483113 ) ) ;
#5515 = CARTESIAN_POINT ( 'NONE',  ( 91.08857698453907403, -4.000000000001316280, -95.06041783352189611 ) ) ;
#5516 = CARTESIAN_POINT ( 'NONE',  ( 9.000000000000000000, -1.350299120469089069E-15, 1.102182119232617714E-15 ) ) ;
#5517 = EDGE_CURVE ( 'NONE', #1123, #887, #5477, .T. ) ;
#5518 = CARTESIAN_POINT ( 'NONE',  ( 148.7846097862561692, -5.537776007392364086, 64.08870115916712962 ) ) ;
#5519 = CARTESIAN_POINT ( 'NONE',  ( 176.8065183414345825, -4.000000000000012434, 1.107160533088943132E-14 ) ) ;
#5520 = CARTESIAN_POINT ( 'NONE',  ( 20.85622836682499326, -8.080764781284875298, 57.97078587493884783 ) ) ;
#5521 = CARTESIAN_POINT ( 'NONE',  ( 16.50526395184250106, -3.839775827885568038, 54.20661545990864028 ) ) ;
#5522 = CARTESIAN_POINT ( 'NONE',  ( 190.4059769339612558, -6.042206017375301386, 1.273705867443690771E-14 ) ) ;
#5523 = FACE_BOUND ( 'NONE', #7184, .T. ) ;
#5524 = CARTESIAN_POINT ( 'NONE',  ( 154.2766633532250182, -4.137935409352737182, -65.39840365905729413 ) ) ;
#5525 = CARTESIAN_POINT ( 'NONE',  ( 69.65500000000004377, -58.93658393131477169, 0.000000000000000000 ) ) ;
#5526 = CARTESIAN_POINT ( 'NONE',  ( 19.30065599375483387, -9.872681055128742500, 53.46761058256227983 ) ) ;
#5527 = DIRECTION ( 'NONE',  ( 1.500332356076765934E-16, 1.000000000000000000, -0.000000000000000000 ) ) ;
#5528 = CARTESIAN_POINT ( 'NONE',  ( 12.26875532903234500, -28.29366002491549281, 40.16786662697334265 ) ) ;
#5529 = CARTESIAN_POINT ( 'NONE',  ( 86.40000000000000568, -5.500000000000017764, 0.000000000000000000 ) ) ;
#5530 = CARTESIAN_POINT ( 'NONE',  ( 16.36131557905081024, -4.097506345847262921, 51.26032853289092373 ) ) ;
#5531 = CARTESIAN_POINT ( 'NONE',  ( 16.45554035717955443, -3.987431592492761911, 52.85731121640800012 ) ) ;
#5532 = CARTESIAN_POINT ( 'NONE',  ( 0.6261447911883742945, -0.01448031590218539638, 61.79296756818681757 ) ) ;
#5533 = CARTESIAN_POINT ( 'NONE',  ( 142.6274139280374129, -4.557466678604593646, -73.50968392446377209 ) ) ;
#5534 = CARTESIAN_POINT ( 'NONE',  ( 119.4013333785230486, -4.815834255942084141, 83.61640663657517791 ) ) ;
#5535 = CARTESIAN_POINT ( 'NONE',  ( 59.69650589584271927, -4.000000000000012434, -89.42210399361194106 ) ) ;
#5536 = CARTESIAN_POINT ( 'NONE',  ( -12.99840399442346950, -38.31026286157669603, 0.07350942406776216076 ) ) ;
#5537 = CARTESIAN_POINT ( 'NONE',  ( 16.06666631484386798, -4.372135495705777863, 47.02589262152893212 ) ) ;
#5538 = CARTESIAN_POINT ( 'NONE',  ( 16.41356496647344088, -4.064567364134181737, 52.03325564488924471 ) ) ;
#5539 = CARTESIAN_POINT ( 'NONE',  ( 152.9271886965321983, -4.923580708611920542, 61.04773201245120617 ) ) ;
#5540 = CARTESIAN_POINT ( 'NONE',  ( 32.49170014716028732, -2.334898437656616643, -67.69295333034223461 ) ) ;
#5541 = CARTESIAN_POINT ( 'NONE',  ( 163.3574717136110053, -4.788633069319220503, 47.58081778969607001 ) ) ;
#5542 = B_SPLINE_CURVE_WITH_KNOTS ( 'NONE', 3,
 ( #6331, #1253, #3545, #774, #1767, #4024, #3509, #2881, #145, #2395, #4643, #3032, #5788, #1839, #4717, #6259, #2436, #4680, #6921, #224 ),
 .UNSPECIFIED., .F., .F.,
 ( 4, 2, 2, 2, 2, 2, 2, 2, 2, 4 ),
 ( 0.000000000000000000, 0.0006088247183350274172, 0.0009132370775025411801, 0.001217649436670054834, 0.001369855616253813288, 0.001522061795837571958, 0.001674267975421330412, 0.001826474155005088865, 0.002130886514172585823, 0.002435298873340082781 ),
 .UNSPECIFIED. ) ;
#5543 = CARTESIAN_POINT ( 'NONE',  ( 16.91328942042919437, -26.22300742333242241, -21.82639572573940612 ) ) ;
#5544 = CARTESIAN_POINT ( 'NONE',  ( 3.713754619475086560, -41.60292535126150426, -8.203357394532257985 ) ) ;
#5545 = CARTESIAN_POINT ( 'NONE',  ( 21.98911871014474784, -1.018443359296475004, -57.63738849363328143 ) ) ;
#5546 = EDGE_CURVE ( 'NONE', #2189, #5350, #4191, .T. ) ;
#5547 = DIRECTION ( 'NONE',  ( -1.500332356076765934E-16, -1.000000000000000000, 0.000000000000000000 ) ) ;
#5548 = B_SPLINE_CURVE_WITH_KNOTS ( 'NONE', 3,
 ( #2627, #314, #4290, #5941, #2555, #6522, #929, #6011, #4363, #964, #1485, #5428, #5357, #1964, #383, #5910, #4326, #4218, #6559, #4253 ),
 .UNSPECIFIED., .F., .F.,
 ( 4, 2, 2, 2, 2, 2, 2, 2, 2, 4 ),
 ( 7.152448122690996019E-18, 0.01468434363902556758, 0.02936868727805112822, 0.03303977318780752098, 0.03487531614268572777, 0.03671085909756392762, 0.04405303091707672702, 0.05139520273658953337, 0.05506628864634594001, 0.05873737455610233971 ),
 .UNSPECIFIED. ) ;
#5549 = CARTESIAN_POINT ( 'NONE',  ( 93.08741520249844825, -4.107647108093965826, 89.91416286792281198 ) ) ;
#5550 = CARTESIAN_POINT ( 'NONE',  ( 96.20950330287215024, -4.372500000008039400, 86.38666875959395952 ) ) ;
#5551 = CARTESIAN_POINT ( 'NONE',  ( 115.9558892597249127, -4.000000000001727507, -91.15982908389985084 ) ) ;
#5552 = VERTEX_POINT ( 'NONE', #2947 ) ;
#5553 = CARTESIAN_POINT ( 'NONE',  ( -2.533573003083940289, -3.002391024346547255, 60.28494955394761945 ) ) ;
#5554 = CARTESIAN_POINT ( 'NONE',  ( 100.5133535873858790, -4.394586557060121024, 88.97688850799787019 ) ) ;
#5555 = EDGE_CURVE ( 'NONE', #4474, #679, #1481, .T. ) ;
#5556 = CARTESIAN_POINT ( 'NONE',  ( -3.333835250600037714, -4.962481512572394671, 179.4676705012000468 ) ) ;
#5557 = CARTESIAN_POINT ( 'NONE',  ( 16.40684855880693860, -4.086315609202668675, 51.86954933037648630 ) ) ;
#5558 = EDGE_CURVE ( 'NONE', #46, #679, #5638, .T. ) ;
#5559 = CARTESIAN_POINT ( 'NONE',  ( 16.37520296567282685, -3.780562089725414410, 53.14153139511402912 ) ) ;
#5560 = CARTESIAN_POINT ( 'NONE',  ( 30.57185574584222820, -7.532993880544636917E-15, -68.96669551411636689 ) ) ;
#5561 = CARTESIAN_POINT ( 'NONE',  ( 153.6891770707515832, -6.170666593069816130, -57.57634295454300855 ) ) ;
#5562 = CARTESIAN_POINT ( 'NONE',  ( 179.5677422003977028, -4.130176562174782795, -8.193629383774966968 ) ) ;
#5563 = CARTESIAN_POINT ( 'NONE',  ( 176.8934423436446082, -2.948609495706178200E-14, -31.27426031320240796 ) ) ;
#5564 = CARTESIAN_POINT ( 'NONE',  ( 20.82020547443074321, -11.09993626790245358, 54.46835817395993473 ) ) ;
#5565 = CARTESIAN_POINT ( 'NONE',  ( 2.869352332530776817, -37.51194719089289720, 8.550236941907467525 ) ) ;
#5566 = CARTESIAN_POINT ( 'NONE',  ( 19.94091827816851747, -2.022505002060119850, 51.72967865797285469 ) ) ;
#5567 = B_SPLINE_CURVE_WITH_KNOTS ( 'NONE', 3,
 ( #5996, #916, #5964, #5449, #7176, #4419, #4966, #5414, #371, #2163, #6068, #3282, #4932, #476, #5560, #7210 ),
 .UNSPECIFIED., .F., .F.,
 ( 4, 1, 1, 1, 1, 1, 1, 1, 1, 2, 2, 4 ),
 ( 0.000000000000000000, 0.2500000000000188183, 0.3750000000000280331, 0.4375000000000324185, 0.4687500000000348610, 0.4843750000000360267, 0.4921875000000377476, 0.4960937500000386358, 0.4980468750000392464, 0.4990234375000398015, 0.5000000000000403011, 1.000000000000000000 ),
 .UNSPECIFIED. ) ;
#5568 = CARTESIAN_POINT ( 'NONE',  ( 20.13203320690988107, -38.31026286157670313, -0.1470188481355546861 ) ) ;
#5569 = EDGE_LOOP ( 'NONE', ( #1477, #6210 ) ) ;
#5570 = CARTESIAN_POINT ( 'NONE',  ( 16.37566017750169323, -4.092553992694025311, 51.46025875296181340 ) ) ;
#5571 = CARTESIAN_POINT ( 'NONE',  ( 16.68599267372275108, -4.275669867032023674, 53.79244046036720306 ) ) ;
#5572 = CARTESIAN_POINT ( 'NONE',  ( -6.916311104431541068, -37.09635819823675007, 11.01571430723264911 ) ) ;
#5573 = CARTESIAN_POINT ( 'NONE',  ( 52.28115405597749543, -4.347628815175672123, -84.08229768904067214 ) ) ;
#5574 = CARTESIAN_POINT ( 'NONE',  ( 175.1945590381396300, -5.670013445639304095, 8.987202298913370413 ) ) ;
#5575 = CARTESIAN_POINT ( 'NONE',  ( 56.49706099667418613, -4.000000000000011546, -87.94583132782872781 ) ) ;
#5576 = CARTESIAN_POINT ( 'NONE',  ( 99.14500000000005286, -63.39640923772803660, -25.49000000000011923 ) ) ;
#5577 = CARTESIAN_POINT ( 'NONE',  ( 16.05232672996296017, -4.186908246061141980, 46.83115493196596191 ) ) ;
#5578 = CARTESIAN_POINT ( 'NONE',  ( 16.12339377857333389, -3.686687950834955707, 48.79646630320012690 ) ) ;
#5579 = CARTESIAN_POINT ( 'NONE',  ( 20.60254653366207833, -7.589128830786091129, 58.20601223871275920 ) ) ;
#5580 = CARTESIAN_POINT ( 'NONE',  ( 109.7948478919595487, -4.414507950813737480, 87.08034047091791763 ) ) ;
#5581 = VERTEX_POINT ( 'NONE', #727 ) ;
#5582 = CARTESIAN_POINT ( 'NONE',  ( 40.26360595459043168, -4.177012950203939923, -77.50971784276278242 ) ) ;
#5583 = CARTESIAN_POINT ( 'NONE',  ( 16.81387690116804379, -23.37620534267497163, -9.311795154568704547 ) ) ;
#5584 = DIRECTION ( 'NONE',  ( 0.000000000000000000, -0.000000000000000000, 1.000000000000000000 ) ) ;
#5585 = CARTESIAN_POINT ( 'NONE',  ( 20.34536719873064214, -15.84325058705648637, -47.33309916941544060 ) ) ;
#5586 = FACE_OUTER_BOUND ( 'NONE', #3232, .T. ) ;
#5587 = CARTESIAN_POINT ( 'NONE',  ( 160.3615522071930002, -5.717947382447023053, 49.65000248744765798 ) ) ;
#5588 = CARTESIAN_POINT ( 'NONE',  ( 164.3684868624641240, -11.76424218749850859, 37.54138756073705707 ) ) ;
#5589 = CARTESIAN_POINT ( 'NONE',  ( 171.0710657586488992, -3.999999999999647837, 39.90606733901323366 ) ) ;
#5590 = ORIENTED_EDGE ( 'NONE', *, *, #7235, .F. ) ;
#5591 = CARTESIAN_POINT ( 'NONE',  ( 23.18514850997262045, -4.061367734449050637, -57.53386388008301822 ) ) ;
#5592 = AXIS2_PLACEMENT_3D ( 'NONE', #5094, #3995, #6231 ) ;
#5593 = CARTESIAN_POINT ( 'NONE',  ( -12.99840399442346950, -38.31026286157669603, 0.07350942406776216076 ) ) ;
#5594 = CARTESIAN_POINT ( 'NONE',  ( 86.62894471966666288, -56.48968423887147594, -24.16220808288822752 ) ) ;
#5595 = CARTESIAN_POINT ( 'NONE',  ( 21.08891029134949591, -8.073133835872971176, 58.25854266476973464 ) ) ;
#5596 = AXIS2_PLACEMENT_3D ( 'NONE', #2228, #1009, #3266 ) ;
#5597 = CARTESIAN_POINT ( 'NONE',  ( 16.46857086000541415, -3.839175301187791600, 53.83461877570885434 ) ) ;
#5598 = CARTESIAN_POINT ( 'NONE',  ( -0.4030180571936159417, -5.500000000000005329, 58.92672230857211702 ) ) ;
#5599 = CARTESIAN_POINT ( 'NONE',  ( 136.2057094117138547, -6.193168294329520762, -73.18214506814317133 ) ) ;
#5600 = CARTESIAN_POINT ( 'NONE',  ( 44.49865383887465242, -4.090360755793867042, -80.47686125257696688 ) ) ;
#5601 = CARTESIAN_POINT ( 'NONE',  ( 155.6818506977914183, -2.630365123004565250E-14, -66.89283890464210458 ) ) ;
#5602 = CARTESIAN_POINT ( 'NONE',  ( 16.20577577189735052, -4.323892093435020456, 48.78640200896567336 ) ) ;
#5603 = CARTESIAN_POINT ( 'NONE',  ( -2.336813251334215913, -5.103664572188473691, -59.14814713515312405 ) ) ;
#5604 = CARTESIAN_POINT ( 'NONE',  ( 23.22279371065755527, -4.144293849996067536, 57.48851200631058589 ) ) ;
#5605 = VECTOR ( 'NONE', #5976, 1000.000000000000000 ) ;
#5606 = CARTESIAN_POINT ( 'NONE',  ( 104.1449999999999250, -57.99749635261596126, 0.000000000000000000 ) ) ;
#5607 = CARTESIAN_POINT ( 'NONE',  ( 16.37555805305127876, -4.131682548619822981, 51.32630531767311055 ) ) ;
#5608 = CARTESIAN_POINT ( 'NONE',  ( 20.52465757574933392, -6.354577835517419615, 59.47073572924098528 ) ) ;
#5609 = CARTESIAN_POINT ( 'NONE',  ( 20.94315489421069998, -0.3356874761438283228, -58.94753478610152797 ) ) ;
#5610 = CARTESIAN_POINT ( 'NONE',  ( 170.9065249006236513, -4.316315593505489545, 36.00907299617021806 ) ) ;
#5611 = CARTESIAN_POINT ( 'NONE',  ( 100.8228513765320855, -5.819601128747907026, -87.93861012680608269 ) ) ;
#5612 = CARTESIAN_POINT ( 'NONE',  ( 86.39999999999994884, -58.15464714294839155, 0.000000000000000000 ) ) ;
#5613 = CARTESIAN_POINT ( 'NONE',  ( -17.99999999999999645, -4.274354752750618047, 55.02901894831735774 ) ) ;
#5614 = CARTESIAN_POINT ( 'NONE',  ( 21.17692253786952250, -12.11320235692040015, 53.75050572638840407 ) ) ;
#5615 = CARTESIAN_POINT ( 'NONE',  ( 21.61157060338579683, -10.01602929617277482, 56.71024030059553667 ) ) ;
#5616 = CARTESIAN_POINT ( 'NONE',  ( 20.28352655995398734, -7.457527247694722305, 57.93008283852256568 ) ) ;
#5617 = CARTESIAN_POINT ( 'NONE',  ( 167.9296276901135059, -5.047558417443434919, 38.43275229085791977 ) ) ;
#5618 = ORIENTED_EDGE ( 'NONE', *, *, #6687, .F. ) ;
#5619 = CARTESIAN_POINT ( 'NONE',  ( 163.6822673992295734, -4.601589599857462964, 47.78426127406159907 ) ) ;
#5620 = CARTESIAN_POINT ( 'NONE',  ( 16.36991823739274210, -10.66289259966115743, 38.81806900641110758 ) ) ;
#5621 = CARTESIAN_POINT ( 'NONE',  ( 19.62381407662888577, -1.000226331980366368, 54.82677590557009495 ) ) ;
#5622 = CARTESIAN_POINT ( 'NONE',  ( 21.41729354648901662, -29.90976343265109705, -23.36844526559991309 ) ) ;
#5623 = PERSON_AND_ORGANIZATION ( #3785, #3494 ) ;
#5624 = CARTESIAN_POINT ( 'NONE',  ( 67.58606383122419459, -5.867336362172127728, 164.0092101229673176 ) ) ;
#5625 = CARTESIAN_POINT ( 'NONE',  ( 67.46306143578549097, -3.430911900466267372, -159.4079101673475805 ) ) ;
#5626 = VERTEX_POINT ( 'NONE', #2270 ) ;
#5627 = CARTESIAN_POINT ( 'NONE',  ( -2.179733859829516174, -2.000000000000017764, 60.80283175413603658 ) ) ;
#5628 = CARTESIAN_POINT ( 'NONE',  ( 179.9139543202148275, -4.000000000000030198, 15.38553837203839869 ) ) ;
#5629 = B_SPLINE_CURVE_WITH_KNOTS ( 'NONE', 3,
 ( #6885, #6845, #3434, #1175, #4134, #1288, #1733, #4099, #6808, #6364, #5714, #5163, #6224, #2323, #5272, #737, #1801, #1322, #5678, #3581, #3988, #109, #1876, #4570, #5824, #184, #2991, #5752, #5125, #2357, #4609, #2959, #5233, #3470 ),
 .UNSPECIFIED., .F., .F.,
 ( 4, 2, 2, 2, 2, 2, 2, 2, 2, 2, 2, 2, 2, 2, 2, 2, 4 ),
 ( -0.003352249740530183469, 0.02810727792583602239, 0.05956680559220223214, 0.09102633325856844537, 0.1224858609249346447, 0.1539453885913008302, 0.1854049162576670573, 0.2168644439240332566, 0.2483239715903994560, 0.2797834992567657109, 0.3112430269231318825, 0.3427025545894981096, 0.3741620822558643367, 0.4056216099222305638, 0.4370811375885967354, 0.4685406652549629070, 0.5000001929213290230 ),
 .UNSPECIFIED. ) ;
#5630 = CARTESIAN_POINT ( 'NONE',  ( 176.8065183414345256, -4.000000000000012434, 180.8130366828690967 ) ) ;
#5631 = CARTESIAN_POINT ( 'NONE',  ( 16.40275634090836832, -4.077977591974712546, 51.85089001169298228 ) ) ;
#5632 = CARTESIAN_POINT ( 'NONE',  ( 16.47284355424130453, -3.807804852662729722, 54.07720958698630653 ) ) ;
#5633 = CARTESIAN_POINT ( 'NONE',  ( 20.09694223347604947, -2.776062351546968454, 48.90730977663137224 ) ) ;
#5634 = CARTESIAN_POINT ( 'NONE',  ( 16.44864870955663960, -5.447010841082056132, 50.51578256547924184 ) ) ;
#5635 = CARTESIAN_POINT ( 'NONE',  ( 175.5128908183807539, -4.121380965743330904, 26.55059645694188930 ) ) ;
#5636 = CARTESIAN_POINT ( 'NONE',  ( 151.4425887325466817, -2.566762104081143669E-14, -71.11616504747945555 ) ) ;
#5637 = CARTESIAN_POINT ( 'NONE',  ( 16.13724490077156659, -4.000000000000005329, -48.41822791421846972 ) ) ;
#5638 = B_SPLINE_CURVE_WITH_KNOTS ( 'NONE', 3,
 ( #4087, #5740, #2425, #6321, #2909, #6834, #1164, #18, #5187, #1721, #2384, #3939, #4632, #2311, #1129, #4012, #5702, #5076, #3423, #6248, #5667, #1199, #6797, #581, #1790, #656, #5628, #5777, #6178, #1756, #5152, #2869, #96, #1684, #3533, #1276, #6724, #4521, #2346, #58, #4049 ),
 .UNSPECIFIED., .F., .F.,
 ( 4, 2, 2, 2, 2, 2, 2, 2, 2, 2, 2, 1, 2, 2, 2, 2, 2, 2, 2, 2, 4 ),
 ( 0.06292199085382950419, 0.1194544732504337625, 0.1759869556470380070, 0.2325194380436422792, 0.2890519204402465236, 0.3455844028368507681, 0.4021168852334550126, 0.4586493676300592570, 0.4869156088283613792, 0.5151818500266635015, 0.5434480912249656237, 0.5717143324232678570, 0.5999805736215699792, 0.6282468148198721014, 0.6565130560181742236, 0.6847792972164763459, 0.7413117796130805903, 0.7978442620096848348, 0.8543767444062890792, 0.9109092268028933237, 0.9674417091994975682 ),
 .UNSPECIFIED. ) ;
#5639 = CARTESIAN_POINT ( 'NONE',  ( -18.00000000000000000, -30.91652403515415770, 28.96383066401151041 ) ) ;
#5640 = CARTESIAN_POINT ( 'NONE',  ( 21.89507902975367060, -1.554535003338057386, 58.72968858095110534 ) ) ;
#5641 = CARTESIAN_POINT ( 'NONE',  ( 34.25042752990708550, -1.209304573568695584, 68.93111203442202850 ) ) ;
#5642 = ORIENTED_EDGE ( 'NONE', *, *, #3775, .F. ) ;
#5643 = CARTESIAN_POINT ( 'NONE',  ( 16.40047165685950858, -4.152835146174833625, 51.55960401654819236 ) ) ;
#5644 = CARTESIAN_POINT ( 'NONE',  ( 20.60367047639802607, -5.931494441575504872, 60.01059540616538612 ) ) ;
#5645 = CARTESIAN_POINT ( 'NONE',  ( 18.92192273168233285, -0.5811756265849838954, -56.40919006930096202 ) ) ;
#5646 = B_SPLINE_CURVE_WITH_KNOTS ( 'NONE', 3,
 ( #6677, #4954, #1081, #535, #4403, #3305, #3342, #2748, #6715, #1599 ),
 .UNSPECIFIED., .F., .F.,
 ( 4, 2, 2, 2, 4 ),
 ( -3.613947430077732437E-05, 0.002237440250825208955, 0.004511019975951194652, 0.006784599701077180349, 0.009058179426203167781 ),
 .UNSPECIFIED. ) ;
#5647 = CARTESIAN_POINT ( 'NONE',  ( 172.1895232998233496, -4.319620422126537740, 32.78978438333012235 ) ) ;
#5648 = CARTESIAN_POINT ( 'NONE',  ( 116.2559990594613026, -4.627693477836519520, 84.93615649791497901 ) ) ;
#5649 = LINE ( 'NONE', #634, #1466 ) ;
#5650 = CARTESIAN_POINT ( 'NONE',  ( -0.001283415555043833584, 11.74493434166574346, -0.06168758558244401974 ) ) ;
#5651 = CARTESIAN_POINT ( 'NONE',  ( 16.14095552891846097, -4.365486748872533518, 47.93975651311146180 ) ) ;
#5652 = VERTEX_POINT ( 'NONE', #3977 ) ;
#5653 = CARTESIAN_POINT ( 'NONE',  ( 21.58717672592068837, -10.00382899010321402, 56.69603523670400591 ) ) ;
#5654 = CARTESIAN_POINT ( 'NONE',  ( 16.31583399581139560, -3.863732685867124594, 51.64362541108709337 ) ) ;
#5655 = CARTESIAN_POINT ( 'NONE',  ( 183.9146925454340362, -3.122502256758252770E-14, 22.26826609709834059 ) ) ;
#5656 = ADVANCED_FACE ( 'NONE', ( #134 ), #6760, .F. ) ;
#5657 = ORIENTED_EDGE ( 'NONE', *, *, #6547, .T. ) ;
#5658 = CARTESIAN_POINT ( 'NONE',  ( 49.33677432048349942, -4.535465559419357362, -82.27432679863170506 ) ) ;
#5659 = CARTESIAN_POINT ( 'NONE',  ( 16.59237036710622704, -17.03308812946035644, 28.53660931017712699 ) ) ;
#5660 = CARTESIAN_POINT ( 'NONE',  ( -0.4030180571936159417, -5.500000000000005329, 58.92672230857211702 ) ) ;
#5661 = CARTESIAN_POINT ( 'NONE',  ( -18.00000000000001066, -38.16794429667720578, -2.691963349425139373 ) ) ;
#5662 = LINE ( 'NONE', #5071, #5851 ) ;
#5663 = CARTESIAN_POINT ( 'NONE',  ( 190.4828833446065062, -5.942206017373029781, 128.0220258832733293 ) ) ;
#5664 = APPLICATION_CONTEXT ( 'configuration controlled 3d designs of mechanical parts and assemblies' ) ;
#5665 = ORIENTED_EDGE ( 'NONE', *, *, #1401, .F. ) ;
#5666 = DIRECTION ( 'NONE',  ( 1.500332356076766180E-16, 1.000000000000000000, -0.000000000000000000 ) ) ;
#5667 = CARTESIAN_POINT ( 'NONE',  ( 179.0933742916963638, -4.000000000000031086, -23.58765365399499103 ) ) ;
#5668 = CARTESIAN_POINT ( 'NONE',  ( 87.04135611817291363, -31.58140437854546789, -67.68699450719228139 ) ) ;
#5669 = CARTESIAN_POINT ( 'NONE',  ( 21.13156716406649238, -8.089292860978538613, 58.29055833013503474 ) ) ;
#5670 = CARTESIAN_POINT ( 'NONE',  ( 16.47859511668101362, -3.848067181937071535, 53.88895993221186842 ) ) ;
#5671 = DIRECTION ( 'NONE',  ( -1.000000000000000000, 1.500332356076765934E-16, 0.000000000000000000 ) ) ;
#5672 = CARTESIAN_POINT ( 'NONE',  ( 20.81657341156844154, -23.38360303789019312, -24.23693248427320057 ) ) ;
#5673 = CARTESIAN_POINT ( 'NONE',  ( 109.9554168351180294, -4.045961390045536454, 87.68475210129609820 ) ) ;
#5674 = CARTESIAN_POINT ( 'NONE',  ( 169.7606276949285018, -2.841593569632505676E-14, -47.64553485037533420 ) ) ;
#5675 = CARTESIAN_POINT ( 'NONE',  ( 16.13724490077170515, -4.000000000000005329, -47.24735425237403064 ) ) ;
#5676 = CARTESIAN_POINT ( 'NONE',  ( -18.00000000000000355, -23.92227058868704503, 39.08397345022500247 ) ) ;
#5677 = CARTESIAN_POINT ( 'NONE',  ( 19.83428312211631805, 0.7882370209695839236, 58.88585130607454232 ) ) ;
#5678 = CARTESIAN_POINT ( 'NONE',  ( 125.5600745391069495, -3.430911900466276254, 93.22030421037018755 ) ) ;
#5679 = ORIENTED_EDGE ( 'NONE', *, *, #3676, .T. ) ;
#5680 = CARTESIAN_POINT ( 'NONE',  ( 16.39032333740352954, -4.126183817037812673, 51.52642305547450974 ) ) ;
#5681 = CARTESIAN_POINT ( 'NONE',  ( 20.49775731943979196, -5.917473438597883550, 59.90801623175779866 ) ) ;
#5682 = CARTESIAN_POINT ( 'NONE',  ( 22.68943021192076159, -2.938744031712100302, -58.16461087845836886 ) ) ;
#5683 = CARTESIAN_POINT ( 'NONE',  ( 177.6860473825845474, -4.352568553369167148, -15.02565251975594407 ) ) ;
#5684 = CARTESIAN_POINT ( 'NONE',  ( 167.5745141626197778, -5.275012478156734019, 38.26088470796448604 ) ) ;
#5685 = CARTESIAN_POINT ( 'NONE',  ( 72.72572848097188114, -3.430911900466267817, -100.1825873541095291 ) ) ;
#5686 = DIRECTION ( 'NONE',  ( 1.000000000000000000, -1.500332356076765934E-16, 0.000000000000000000 ) ) ;
#5687 = CARTESIAN_POINT ( 'NONE',  ( 67.18081829924751958, -11.44925781234409889, -84.37454461128065475 ) ) ;
#5688 = CARTESIAN_POINT ( 'NONE',  ( 16.13770382266511305, -4.337407128405155632, 47.91380462529988193 ) ) ;
#5689 = CARTESIAN_POINT ( 'NONE',  ( 16.26608611900193679, -4.262275314176486418, 49.61198302215847633 ) ) ;
#5690 = CARTESIAN_POINT ( 'NONE',  ( 16.25599092363135156, -3.749989851295756349, 51.33952277322043756 ) ) ;
#5691 = CARTESIAN_POINT ( 'NONE',  ( 116.9634407105112217, -1.821459649775647449E-14, 87.62768415128878985 ) ) ;
#5692 = VERTEX_POINT ( 'NONE', #615 ) ;
#5693 = CARTESIAN_POINT ( 'NONE',  ( 175.4291408771428564, -4.663262355082760990, 19.36596942404458233 ) ) ;
#5694 = CARTESIAN_POINT ( 'NONE',  ( 20.10110615663606737, -2.895301509892503233, 48.33337043175455960 ) ) ;
#5695 = B_SPLINE_SURFACE_WITH_KNOTS ( 'NONE', 3, 3, ( 
 ( #3706, #4186, #4152, #4118, #3115, #3050, #5880, #6975, #5289, #827, #1411, #1446, #4841, #5943, #5325, #1966, #3603, #2453, #860, #6384, #4807, #6350, #7047, #4736, #3565, #6420, #3084, #1344, #2559, #2001, #3638, #4770, #5847, #5808, #897, #5395, #276, #6452, #4699, #350, #2523, #758, #206, #3670, #242, #5912, #2593, #2490, #1927, #1379, #1305, #7011, #5359, #317, #1860 ),
 ( #2182, #7119, #6596, #7155, #931, #2141, #3813, #5977, #6123, #4291, #2106, #1554, #3219, #6046, #2037, #3888, #1631, #7082, #4875, #458, #421, #4397, #4364, #1003, #2738, #1591, #3260, #3185, #5502, #6523, #4984, #2702, #5429, #2778, #4434, #4328, #4949, #4912, #527, #2665, #6560, #5537, #1073, #3333, #384, #1522, #6633, #3776, #2073, #2628, #6012, #5577, #6670, #1486, #3742 ),
 ( #5464, #965, #7226, #7191, #3852, #6085, #1039, #3298, #492, #4581, #6819, #2817, #1776, #3443, #5726, #3374, #5614, #6158, #4547, #2333, #4470, #5024, #566, #6200, #7267, #2891, #2220, #1706, #3961, #1149, #4034, #5061, #3479, #6269, #81, #2293, #1, #3409, #5651, #6783, #1221, #6744, #5688, #6706, #1669, #600, #2255, #3922, #5097, #1109, #4507, #2855, #41, #6234, #1744 ),
 ( #3999, #1185, #638, #5136, #6695, #6000, #4316, #4353, #2129, #7291, #515, #5049, #990, #5491, #3245, #4459, #4902, #6145, #2764, #5564, #1027, #408, #447, #2689, #5526, #5009, #6035, #3876, #3358, #3321, #4936, #3208, #3912, #7180, #1656, #1097, #2167, #2209, #5602, #4970, #954, #2653, #6659, #4386, #1618, #553, #7144, #2097, #6620, #1511, #1578, #3840, #6072, #2804, #6583 ),
 ( #1544, #3286, #480, #5453, #6110, #2724, #3801, #6550, #3764, #7214, #4423, #1061, #7254, #6784, #3480, #5062, #6124, #1671, #5728, #2, #4435, #6671, #83, #1745, #2819, #4508, #7268, #6708, #3335, #6746, #4985, #1151, #1186, #6160, #3962, #3924, #3889, #7228, #1112, #2857, #2335, #5689, #1632, #1075, #5138, #4000, #6235, #6201, #3444, #1222, #640, #676, #567, #5578, #2256 ),
 ( #528, #3376, #1708, #2295, #2893, #5615, #5098, #3411, #2779, #5653, #2183, #602, #4583, #43, #4548, #6821, #5026, #2222, #1778, #4035, #6270, #4471, #4619, #6307, #3076, #6968, #1920, #4144, #4178, #6445, #3630, #5905, #5800, #4073, #3004, #4727, #6931, #1263, #6341, #198, #233, #6410, #4110, #787, #750, #6857, #2369, #5318, #2482, #2933, #5280, #713, #5174, #820, #2969 ),
 ( #1404, #1370, #5244, #269, #1812, #4761, #120, #5210, #156, #5873, #1886, #3520, #2516, #5765, #2408, #4654, #3042, #7003, #1958, #4212, #3663, #2445, #6897, #1850, #1298, #3556, #6374, #4691, #1335, #3594, #5837, #5496, #3845, #452, #4321, #958, #2585, #1439, #7149, #3145, #3806, #5351, #6040, #3736, #2550, #5422, #4868, #5388, #1548, #996, #2622, #3768, #5935, #4799, #3252 ),
 ( #3213, #3698, #7038, #6006, #2695, #4943, #7185, #2659, #6626, #924, #1994, #4833, #1584, #3179, #307, #4248, #2134, #4906, #5971, #378, #343, #7076, #6477, #888, #7112, #2030, #4285, #6516, #1478, #4390, #2065, #6554, #853, #1516, #5458, #414, #2100, #4357, #6589, #3108, #5127, #3291, #6149, #5607, #2213, #3435, #1661, #5015, #5530, #6077, #3880, #6737, #6700, #3401, #3366 ),
 ( #3916, #558, #1066, #520, #4426, #2810, #1032, #2249, #2284, #7260, #5054, #2770, #4976, #484, #4463, #3953, #1177, #6775, #2730, #2172, #6226, #2847, #5089, #7295, #32, #2324, #1736, #1768, #1102, #7219, #4500, #593, #1697, #6663, #6193, #1141, #5643, #4537, #3990, #5680, #629, #1624, #6116, #2882, #72, #3325, #4573, #5570, #6810, #1910, #1803, #4169, #4610, #260, #3033 ),
 ( #667, #5864, #6261, #4061, #6297, #5273, #2993, #4026, #1363, #2359, #2924, #5165, #4135, #6401, #1877, #3583, #812, #6333, #1255, #1211, #225, #2961, #739, #1840, #5200, #5235, #5826, #3621, #6991, #3067, #187, #6365, #5754, #6847, #2472, #3510, #6959, #5309, #1325, #776, #2507, #1289, #701, #3471, #4718, #147, #2437, #4101, #2398, #4682, #4751, #5716, #111, #4644, #6922 ),
 ( #6887, #3546, #5790, #4896, #6436, #7138, #4824, #3654, #6506, #5961, #4237, #2646, #2091, #3727, #4858, #7029, #5896, #4346, #6577, #3167, #4309, #4788, #845, #7100, #1538, #3794, #6029, #3758, #441, #2020, #3099, #5928, #2683, #4275, #1395, #5343, #984, #5994, #7065, #1465, #6469, #3687, #295, #914, #1947, #5411, #5447, #3135, #369, #877, #2542, #4203, #5380, #2054, #3238 ),
 ( #333, #6543, #2576, #1984, #1430, #2611, #5485, #4930, #1504, #947, #3202, #402, #3315, #3833, #2835, #6653, #6104, #547, #5520, #1090, #4416, #4523, #6762, #1612, #1724, #6180, #2872, #4964, #7208, #474, #5043, #2272, #1572, #7173, #2160, #5002, #2123, #3391, #618, #3870, #1055, #5557, #20, #2717, #3979, #5631, #1131, #3906, #3280, #509, #7248, #2758, #6139, #4380, #5078 ),
 ( #583, #2202, #3352, #4453, #6066, #6614, #6688, #7285, #6215, #1166, #1021, #1650, #3425, #3941, #5669, #5595, #2798, #2239, #4489, #6726, #1686, #6250, #5189, #6913, #1828, #1201, #1241, #2386, #2427, #4125, #6285, #2983, #2949, #6800, #4561, #216, #4672, #5113, #174, #2911, #803, #3023, #5154, #5263, #5704, #1352, #6356, #136, #2462, #1758, #6949, #60, #99, #2348, #1313 ),
 ( #4708, #3461, #4014, #658, #5225, #1901, #1868, #3572, #4160, #4634, #4600, #2314, #5816, #4051, #4089, #6874, #3499, #6323, #766, #6391, #6836, #3612, #1278, #5855, #1792, #5742, #690, #3536, #5779, #729, #1040, #5919, #4742, #324, #7055, #5332, #3854, #3300, #4814, #5952, #835, #6982, #6087, #5538, #4266, #5402, #5887, #1935, #904, #494, #2741, #4986, #4849, #1633, #3124 ),
 ( #3890, #5369, #2497, #4194, #7229, #7091, #867, #6125, #2566, #6427, #7020, #3058, #2009, #1386, #3645, #2185, #2143, #6493, #1454, #286, #4780, #3091, #3715, #5299, #3158, #6634, #4228, #359, #1975, #2531, #249, #6459, #2601, #4436, #6672, #1420, #3678, #4398, #1593, #5140, #2296, #2336, #4620, #1779, #4074, #3965, #2223, #1152, #2894, #5099, #4472, #4509, #5654, #5690, #84 ),
 ( #6202, #2781, #529, #3481, #641, #1076, #3445, #6161, #3336, #6271, #1113, #1223, #1672, #6858, #4584, #3412, #5730, #5027, #2934, #5579, #3378, #5616, #6822, #44, #7269, #677, #6709, #3925, #568, #1187, #5175, #6236, #4036, #121, #603, #2820, #5063, #2370, #3, #4549, #2858, #2257, #6785, #1813, #6747, #1709, #1746, #4001, #6411, #751, #6899, #5319, #1299, #1959, #3521 ),
 ( #715, #3595, #3043, #3557, #7004, #4213, #788, #1921, #4111, #2970, #6446, #1405, #234, #1371, #1851, #5211, #4179, #3664, #5906, #854, #821, #5281, #6308, #2483, #2517, #199, #4728, #3005, #157, #1264, #5245, #3631, #3109, #5352, #2409, #4655, #309, #3077, #270, #6969, #4763, #2551, #4800, #1995, #1887, #6342, #6376, #7040, #5874, #5801, #2446, #5838, #5766, #4692, #6932 ),
 ( #4145, #1336, #1585, #3253, #7220, #2031, #4286, #2586, #2101, #6627, #5936, #4249, #6517, #2066, #6478, #453, #4977, #925, #5423, #3180, #4391, #4834, #6078, #2696, #5497, #959, #344, #379, #2623, #5459, #4944, #5972, #3807, #3292, #7186, #4869, #3146, #3846, #7113, #1033, #5531, #4359, #2135, #485, #4907, #889, #7077, #6590, #4322, #1549, #2732, #1479, #3737, #6555, #1440 ),
 ( #1517, #3699, #3769, #5389, #6007, #3214, #415, #2660, #7150, #6041, #997, #1067, #1212, #6664, #2250, #1698, #5608, #6811, #5055, #1103, #1625, #2173, #7261, #2848, #2811, #6776, #6738, #4501, #5128, #3991, #3954, #5571, #1142, #4427, #3326, #3917, #1737, #6151, #2214, #521, #2771, #3472, #4574, #3881, #6117, #5016, #4464, #559, #6701, #73, #1662, #3367, #5090, #7296, #3402 ),
 ( #1769, #6194, #4027, #1178, #5166, #5644, #594, #33, #2285, #6262, #4538, #6227, #3436, #5681, #630, #2883, #2925, #2326, #5717, #668, #261, #703, #1948, #5865, #1364, #4136, #3511, #4102, #6334, #1326, #3622, #1841, #6960, #6437, #6402, #1290, #6298, #6993, #2995, #4753, #4204, #5274, #5310, #1396, #777, #4062, #5755, #2473, #5791, #4719, #3655, #2962, #5201, #2438, #4611 ),
 ( #740, #2508, #2399, #1256, #5897, #148, #6923, #188, #4645, #1912, #6366, #6888, #846, #6848, #4683, #1878, #3547, #3100, #5236, #3584, #1804, #112, #5828, #3034, #226, #4170, #813, #3068, #2360, #7139, #5413, #1431, #4310, #298, #3240, #1506, #6470, #1022, #2684, #2577, #6544, #3168, #6067, #5963, #4825, #3796, #2124, #4381, #3688, #2021, #4276, #3759, #6578, #7066, #4897 ),
 ( #1539, #6507, #2056, #370, #1467, #5995, #2092, #4931, #5344, #7175, #949, #5448, #3728, #5929, #4348, #334, #985, #2543, #5486, #915, #7030, #2612, #3203, #4859, #6030, #442, #7101, #403, #3137, #1985, #6615, #1573, #2648, #3835, #879, #4238, #4789, #5381, #5670, #3426, #5079, #1759, #3353, #4418, #7249, #4015, #5597, #2719, #4965, #619, #21, #1092, #2799, #5559, #5004 ),
 ( #6654, #6251, #2873, #510, #4490, #548, #3281, #3907, #2759, #1725, #61, #2315, #1613, #2203, #584, #4454, #3316, #3871, #6105, #4562, #5114, #475, #7209, #1056, #2162, #6690, #1651, #6216, #6140, #5044, #3943, #7286, #6727, #2240, #6801, #5521, #1687, #6182, #2274, #1132, #3392, #5632, #2836, #4524, #6764, #3980, #1167, #1243, #6324, #4195, #4710, #1936, #5190, #2387, #137 ),
 ( #3059, #6950, #2463, #5226, #6286, #1353, #1793, #4743, #217, #1279, #3613, #5155, #5300, #3462, #3501, #5743, #1902, #175, #1202, #5856, #6837, #100, #2349, #1314, #804, #6357, #767, #250, #3537, #691, #5705, #4161, #4635, #2429, #5780, #6876, #4673, #3024, #2498, #659, #6983, #6914, #3573, #2950, #4053, #6392, #1830, #2912, #4601, #4090, #730, #2984, #1869, #4126, #5817 ),
 ( #5265, #2046, #4229, #836, #7130, #2081, #360, #1495, #1976, #5333, #4300, #6568, #1530, #3786, #939, #4920, #6494, #287, #3125, #7164, #1455, #5888, #3092, #6021, #3193, #4267, #5953, #1421, #868, #4781, #905, #6428, #2602, #2636, #325, #5403, #5371, #2532, #1387, #2567, #6534, #975, #4337, #7021, #6461, #3228, #5438, #393, #4851, #4886, #2673, #5474, #2114, #2011, #3679 ) ),
 .UNSPECIFIED., .F., .F., .F.,
 ( 4, 3, 3, 3, 3, 3, 3, 3, 4 ),
 ( 4, 3, 3, 3, 3, 3, 3, 3, 3, 3, 3, 3, 3, 3, 3, 3, 3, 3, 4 ),
 ( 0.1240836910779996860, 0.1273911446776131440, 0.1306985982772266019, 0.1315254616771299734, 0.1319388933770816452, 0.1323523250770333171, 0.1340060518768400599, 0.1356597786766468028, 0.1373135054764535179 ),
 ( -0.005808455380401516405, -0.001800494423932237544, 0.0002034860543024018861, 0.002207466532537041316, 0.01022338844547559904, 0.02625523227135271448, 0.05831891992310694883, 0.1224462952266154175, 0.2507010458336323411, 0.5072105470476662159, 0.7637200482617000352, 0.8278474235652084623, 0.8599111112169627313, 0.8639190721734320011, 0.8659230526516666915, 0.8679270331299013819, 0.8759429550428399214, 0.8919747988687170004, 1.020229549475733855 ),
 .UNSPECIFIED. ) ;
#5696 = CARTESIAN_POINT ( 'NONE',  ( -18.00000000000000355, -33.76135606336561068, -31.95317545291231909 ) ) ;
#5697 = CARTESIAN_POINT ( 'NONE',  ( -18.00000000000001066, -37.77233256881042678, -6.752483767429592554 ) ) ;
#5698 = APPROVAL_STATUS ( 'not_yet_approved' ) ;
#5699 = CARTESIAN_POINT ( 'NONE',  ( -13.15518455823441357, -36.65699875535981533, 13.16961417038971760 ) ) ;
#5700 = EDGE_LOOP ( 'NONE', ( #5732, #6787, #3387, #5825 ) ) ;
#5701 = CARTESIAN_POINT ( 'NONE',  ( 185.3328331859785294, -6.042206017371048787, 1.211577774917876842E-14 ) ) ;
#5702 = CARTESIAN_POINT ( 'NONE',  ( 171.8270788417460437, -4.000000000000026645, -43.83172645661145594 ) ) ;
#5703 = CARTESIAN_POINT ( 'NONE',  ( 10.00285798478845756, -22.16292595220783213, -45.08934883528377924 ) ) ;
#5704 = CARTESIAN_POINT ( 'NONE',  ( 16.40816279990844251, -4.071333627063405736, 51.94208099152444902 ) ) ;
#5705 = CARTESIAN_POINT ( 'NONE',  ( 16.67835809243681666, -3.921976767165698874, 55.07254318515085600 ) ) ;
#5706 = DIRECTION ( 'NONE',  ( -1.500332356076765934E-16, -1.000000000000000000, 0.000000000000000000 ) ) ;
#5707 = CARTESIAN_POINT ( 'NONE',  ( 20.20643735647816541, -5.911592427163380847, -44.98295836237943490 ) ) ;
#5708 = AXIS2_PLACEMENT_3D ( 'NONE', #6473, #1294, #6892 ) ;
#5709 = CARTESIAN_POINT ( 'NONE',  ( 75.18650754624047750, -4.124321161718927264, -92.45029157004977094 ) ) ;
#5710 = CARTESIAN_POINT ( 'NONE',  ( 138.8758857015254193, -2.378219792414651735E-14, -80.96670918429354913 ) ) ;
#5711 = CARTESIAN_POINT ( 'NONE',  ( 16.07379177674800630, -2.182940268848739152, -59.11803378848252066 ) ) ;
#5712 = DIRECTION ( 'NONE',  ( -0.000000000000000000, -1.000000000000000000, -0.000000000000000000 ) ) ;
#5713 = CARTESIAN_POINT ( 'NONE',  ( 19.46981664190440497, -1.155706306422250362, 53.40484742919996819 ) ) ;
#5714 = CARTESIAN_POINT ( 'NONE',  ( 62.14915347630031306, -3.430911900466266928, 98.16024143137759950 ) ) ;
#5715 = AXIS2_PLACEMENT_3D ( 'NONE', #5696, #3013, #6241 ) ;
#5716 = CARTESIAN_POINT ( 'NONE',  ( 16.35687313117221464, -4.015788718607939956, 51.50586252946199295 ) ) ;
#5717 = CARTESIAN_POINT ( 'NONE',  ( 20.21936839625048421, -5.875454039878552415, 59.62919263095101741 ) ) ;
#5718 = CARTESIAN_POINT ( 'NONE',  ( 20.40334988119313309, -2.910500567956582074, -55.68981090245668497 ) ) ;
#5719 = CARTESIAN_POINT ( 'NONE',  ( 174.4589184812592464, -4.358337369035432118, -28.60148668958094120 ) ) ;
#5720 = CARTESIAN_POINT ( 'NONE',  ( 40.40230714479370988, -4.323537031279131249, -77.47260472861918856 ) ) ;
#5721 = CARTESIAN_POINT ( 'NONE',  ( 18.29336470544505033, -0.01459684055138839309, -54.49017832804089068 ) ) ;
#5722 = AXIS2_PLACEMENT_3D ( 'NONE', #4452, #6685, #6212 ) ;
#5723 = CARTESIAN_POINT ( 'NONE',  ( -9.511568403844734847E-15, -63.39640923772802950, 0.000000000000000000 ) ) ;
#5724 = CARTESIAN_POINT ( 'NONE',  ( 164.3684868624801254, 5.040611582443919064E-11, 37.54138756071226624 ) ) ;
#5725 = B_SPLINE_CURVE_WITH_KNOTS ( 'NONE', 3,
 ( #3373, #2777, #2816, #2853, #7301, #2290 ),
 .UNSPECIFIED., .F., .F.,
 ( 4, 2, 4 ),
 ( 0.3039673002990510575, 0.5022572143520078747, 0.7005471284049646918 ),
 .UNSPECIFIED. ) ;
#5726 = CARTESIAN_POINT ( 'NONE',  ( 21.33907053584751168, -12.22265083906474636, 53.82493277679606081 ) ) ;
#5727 = ORIENTED_EDGE ( 'NONE', *, *, #6002, .F. ) ;
#5728 = CARTESIAN_POINT ( 'NONE',  ( 21.08700558620009247, -10.51013547451629293, 55.50883512017978916 ) ) ;
#5729 = CIRCLE ( 'NONE', #6652, 5.000000000000004441 ) ;
#5730 = CARTESIAN_POINT ( 'NONE',  ( 20.93057225918627395, -7.710553956850933588, 58.47148435512223585 ) ) ;
#5731 = CARTESIAN_POINT ( 'NONE',  ( 86.33292384999383273, -1.431146867680865853E-14, 90.66274599250415633 ) ) ;
#5732 = ORIENTED_EDGE ( 'NONE', *, *, #7277, .F. ) ;
#5733 = CARTESIAN_POINT ( 'NONE',  ( 161.7487249818732096, -4.592381938016627529, 50.61125426851211984 ) ) ;
#5734 = CARTESIAN_POINT ( 'NONE',  ( 108.9719371068213150, -4.000000000001300293, -93.01590612164234528 ) ) ;
#5735 = CARTESIAN_POINT ( 'NONE',  ( 10.35578493700364078, -37.62076436840951033, 7.803567324122703042 ) ) ;
#5736 = CARTESIAN_POINT ( 'NONE',  ( 73.65499999999995850, -57.99749635261596126, 0.000000000000000000 ) ) ;
#5737 = CARTESIAN_POINT ( 'NONE',  ( 20.00000000000000000, 0.000000000000000000, 56.83485783801463498 ) ) ;
#5738 = CARTESIAN_POINT ( 'NONE',  ( 97.42819931455353810, -6.150444041290909603, -87.81652638863963034 ) ) ;
#5739 = CARTESIAN_POINT ( 'NONE',  ( 87.77301906463357284, -2.750000000012435830, -86.68530702538745913 ) ) ;
#5740 = CARTESIAN_POINT ( 'NONE',  ( 44.23922730178664153, -4.000000000000009770, -81.30980642290973037 ) ) ;
#5741 = CARTESIAN_POINT ( 'NONE',  ( 137.3059800912389221, -11.64686191744702271, -84.41495993894415051 ) ) ;
#5742 = CARTESIAN_POINT ( 'NONE',  ( 18.80915754764648185, -6.851329430958422506, 56.28101466120094187 ) ) ;
#5743 = CARTESIAN_POINT ( 'NONE',  ( 19.47703891805294418, -4.079640083389063143, 60.69864725343316536 ) ) ;
#5744 = CARTESIAN_POINT ( 'NONE',  ( 19.62636855653450496, -1.374118510879749566, 53.16799173713013005 ) ) ;
#5745 = CARTESIAN_POINT ( 'NONE',  ( 24.02479267529369977, -8.546300172022979424, -53.54417500852632372 ) ) ;
#5746 = EDGE_CURVE ( 'NONE', #306, #5294, #4312, .T. ) ;
#5747 = CARTESIAN_POINT ( 'NONE',  ( 73.45620218570684301, -4.122802195278066684, -92.12616168862096799 ) ) ;
#5748 = CARTESIAN_POINT ( 'NONE',  ( 179.2567989323773077, -2.984067699296404873E-14, 18.39380697032785150 ) ) ;
#5749 = CARTESIAN_POINT ( 'NONE',  ( 21.62068281234218858, -4.786540728354354179, -62.27268059301872682 ) ) ;
#5750 = CARTESIAN_POINT ( 'NONE',  ( -18.00000000000001066, -10.68171208405037120, 51.03345180691169958 ) ) ;
#5751 = CARTESIAN_POINT ( 'NONE',  ( 16.01583762368610664, 3.183312734051170434, 56.97202799698458620 ) ) ;
#5752 = CARTESIAN_POINT ( 'NONE',  ( 178.4475906973347321, -3.430911900466283360, 41.84229441364700364 ) ) ;
#5753 = ORIENTED_EDGE ( 'NONE', *, *, #6278, .T. ) ;
#5754 = CARTESIAN_POINT ( 'NONE',  ( 16.55785982944628643, -4.475048349324854513, 52.17902632904805671 ) ) ;
#5755 = CARTESIAN_POINT ( 'NONE',  ( 16.46483561225172565, -3.908155098111381065, 53.37648832594812376 ) ) ;
#5756 = CARTESIAN_POINT ( 'NONE',  ( 21.28083657647361449, -0.7368587376248854071, -58.90318335279788897 ) ) ;
#5757 = ADVANCED_FACE ( 'NONE', ( #2981 ), #5223, .F. ) ;
#5758 = CARTESIAN_POINT ( 'NONE',  ( 126.0815736820667894, -4.120182684410861107, 81.93340862190667906 ) ) ;
#5759 = CARTESIAN_POINT ( 'NONE',  ( 38.91942125984904521, -4.145815145073784791, -76.63142065796222369 ) ) ;
#5760 = CARTESIAN_POINT ( 'NONE',  ( 19.14294574480776490, -0.7992521309886427838, -53.44059700649889777 ) ) ;
#5761 = CARTESIAN_POINT ( 'NONE',  ( -18.00000000000000355, -38.31026286157669603, -0.1470188481355377552 ) ) ;
#5762 = CARTESIAN_POINT ( 'NONE',  ( 8.584165051147548908, -4.987329993433320396E-15, -37.54538362053255440 ) ) ;
#5763 = ORIENTED_EDGE ( 'NONE', *, *, #4883, .F. ) ;
#5764 = ORIENTED_EDGE ( 'NONE', *, *, #1158, .F. ) ;
#5765 = CARTESIAN_POINT ( 'NONE',  ( 21.34821148591241169, -9.087685065859259836, 57.43920933845133447 ) ) ;
#5766 = CARTESIAN_POINT ( 'NONE',  ( 16.34089583992876626, -3.857843455855773485, 52.06344647594175967 ) ) ;
#5767 = CARTESIAN_POINT ( 'NONE',  ( 170.7684663968750840, 6.721624980880681261E-11, -19.24584634288574847 ) ) ;
#5768 = CARTESIAN_POINT ( 'NONE',  ( -4.756563197138821586, -41.67774424023686208, 7.645978143649895031 ) ) ;
#5769 = CARTESIAN_POINT ( 'NONE',  ( 106.5294852978462501, -4.161547823621020825, 88.14814969858909421 ) ) ;
#5770 = CARTESIAN_POINT ( 'NONE',  ( 179.3818087923766598, -4.000000000000431655, -18.94087946254558830 ) ) ;
#5771 = DIRECTION ( 'NONE',  ( 0.9993908270190957621, 0.03489949670250101083, 0.000000000000000000 ) ) ;
#5772 = CARTESIAN_POINT ( 'NONE',  ( -22.00000000000000355, -42.30756013076908317, -5.181181809388053756E-15 ) ) ;
#5773 = DIRECTION ( 'NONE',  ( -1.500332356076765934E-16, -1.000000000000000000, 0.000000000000000000 ) ) ;
#5774 = CALENDAR_DATE ( 2026, 2, 6 ) ;
#5775 = CARTESIAN_POINT ( 'NONE',  ( 100.7376383049850830, -6.167432752302012489, -87.37296523444760510 ) ) ;
#5776 = CARTESIAN_POINT ( 'NONE',  ( 34.29591620556220732, -7.806255641895631925E-15, -68.92114662475061948 ) ) ;
#5777 = CARTESIAN_POINT ( 'NONE',  ( 179.1815521729113527, -4.000000000000030198, 18.86412073744268625 ) ) ;
#5778 = CARTESIAN_POINT ( 'NONE',  ( 42.03653021170872250, -22.16292595220783923, -76.82092966650218102 ) ) ;
#5779 = CARTESIAN_POINT ( 'NONE',  ( 17.37941146530846126, -5.612421127691807676, 54.28758494962812620 ) ) ;
#5780 = CARTESIAN_POINT ( 'NONE',  ( 16.51740771450044321, -3.815338008759002530, 54.46157379198541548 ) ) ;
#5781 = CARTESIAN_POINT ( 'NONE',  ( 19.94252651915552477, -38.48506133258115369, -1.401225119901684524 ) ) ;
#5782 = CARTESIAN_POINT ( 'NONE',  ( 20.69702134075063427, -19.96007965733259581, -21.06027107997527636 ) ) ;
#5783 = CARTESIAN_POINT ( 'NONE',  ( 45.92577136701373774, -4.061520447626645769, -81.51571080250792534 ) ) ;
#5784 = CARTESIAN_POINT ( 'NONE',  ( 149.9649428709011261, -2.544592505110644822E-14, 67.71384793498614840 ) ) ;
#5785 = CARTESIAN_POINT ( 'NONE',  ( 16.20197640440034093, -4.000000000000005329, -49.60283058869049455 ) ) ;
#5786 = CARTESIAN_POINT ( 'NONE',  ( 175.7817966240789929, -5.465226267945081595, 1.094611311377180049E-14 ) ) ;
#5787 = CARTESIAN_POINT ( 'NONE',  ( 20.76587803584647318, -0.1382117023632013497, 58.95688216838868101 ) ) ;
#5788 = CARTESIAN_POINT ( 'NONE',  ( 18.31286373274923207, -0.09966329200422409385, 54.09780577454531425 ) ) ;
#5789 = EDGE_CURVE ( 'NONE', #2189, #1918, #368, .T. ) ;
#5790 = CARTESIAN_POINT ( 'NONE',  ( 21.36676704168785790, -8.383104753905048057, 58.23633356478514145 ) ) ;
#5791 = CARTESIAN_POINT ( 'NONE',  ( 16.45828068391238830, -3.901128992636926807, 53.34103293435593685 ) ) ;
#5792 = CARTESIAN_POINT ( 'NONE',  ( 18.55548382611781832, -0.3047460884117859092, -56.26344390559992803 ) ) ;
#5793 = CARTESIAN_POINT ( 'NONE',  ( 94.45021108296556633, -4.362607741284303842, -92.41630245990342019 ) ) ;
#5794 = CARTESIAN_POINT ( 'NONE',  ( 137.4108723190377077, -4.949329400898870190, 74.23755612770604273 ) ) ;
#5795 = DIRECTION ( 'NONE',  ( 1.224646799147353207E-16, -1.837377217526618287E-32, 1.000000000000000000 ) ) ;
#5796 = CC_DESIGN_PERSON_AND_ORGANIZATION_ASSIGNMENT ( #5623, #575, ( #3279 ) ) ;
#5797 = CARTESIAN_POINT ( 'NONE',  ( 18.39280245528469138, -5.684046768172524360E-15, 54.89746379615264260 ) ) ;
#5798 = CARTESIAN_POINT ( 'NONE',  ( 67.18081829923548298, -2.522994612609724229E-11, -84.37454461132253414 ) ) ;
#5799 = ORIENTED_EDGE ( 'NONE', *, *, #6192, .T. ) ;
#5800 = CARTESIAN_POINT ( 'NONE',  ( 16.46668889778557698, -4.680659621567877515, 50.89824190531896164 ) ) ;
#5801 = CARTESIAN_POINT ( 'NONE',  ( 16.41827097581526118, -3.983201401646274675, 52.43292085891214782 ) ) ;
#5802 = CARTESIAN_POINT ( 'NONE',  ( 174.9729231560890810, -2.949029909160572061E-14, 42.67433272990085413 ) ) ;
#5803 = CARTESIAN_POINT ( 'NONE',  ( 8.426751844260675028, -42.13289616780958369, 3.174385206824348327 ) ) ;
#5804 = CARTESIAN_POINT ( 'NONE',  ( 70.33325141963673843, -4.642098907416245979, -89.53592755165504968 ) ) ;
#5805 = CARTESIAN_POINT ( 'NONE',  ( 174.3882772226174893, -4.000000000000029310, 33.60761471722340588 ) ) ;
#5806 = CARTESIAN_POINT ( 'NONE',  ( 3.493117819995866569, -6.042206017372977023, -53.98290812280555429 ) ) ;
#5807 = EDGE_LOOP ( 'NONE', ( #2831, #3804, #5457, #4840, #5590, #711 ) ) ;
#5808 = CARTESIAN_POINT ( 'NONE',  ( 16.00308245737965507, -4.834169992374995672, 46.41263551435480395 ) ) ;
#5809 = CARTESIAN_POINT ( 'NONE',  ( 97.62783164557293958, -5.227169868142117259, -89.55452857263883004 ) ) ;
#5810 = APPROVAL_DATE_TIME ( #168, #966 ) ;
#5811 = B_SPLINE_CURVE_WITH_KNOTS ( 'NONE', 2,
 ( #6906, #6791, #4515 ),
 .UNSPECIFIED., .F., .F.,
 ( 3, 3 ),
 ( 0.3127131036599311020, 0.7334610202777236410 ),
 .UNSPECIFIED. ) ;
#5812 = CARTESIAN_POINT ( 'NONE',  ( 175.1535592354965445, -6.024699864517154779, -1.098112000191980187 ) ) ;
#5813 = CARTESIAN_POINT ( 'NONE',  ( 70.17280593539058486, -1.301042606982605321E-14, 84.86246624330263444 ) ) ;
#5814 = CARTESIAN_POINT ( 'NONE',  ( 7.304059418948195770, -37.93051494424790349, -5.266595915598126787 ) ) ;
#5815 = CARTESIAN_POINT ( 'NONE',  ( 116.1056722470743665, -46.05197166201082126, -49.25950012556099722 ) ) ;
#5816 = CARTESIAN_POINT ( 'NONE',  ( 21.19288312840116717, -8.008947387737840984, 58.44835163957590396 ) ) ;
#5817 = CARTESIAN_POINT ( 'NONE',  ( 16.39733974376661152, -3.796134608677174338, 53.27326522673102716 ) ) ;
#5818 = CARTESIAN_POINT ( 'NONE',  ( 26.92140908143020184, -6.042206017369080584, 98.31135985159343704 ) ) ;
#5819 = CARTESIAN_POINT ( 'NONE',  ( 20.10110615663609224, -2.895301509892510783, -48.33337043175460224 ) ) ;
#5820 = CARTESIAN_POINT ( 'NONE',  ( 109.9934949883484165, -4.014736226007300068, 87.79564371244235588 ) ) ;
#5821 = CARTESIAN_POINT ( 'NONE',  ( 174.7133551489474428, -2.915900942133449133E-14, 32.83867031184943386 ) ) ;
#5822 = LINE ( 'NONE', #5270, #4884 ) ;
#5823 = CARTESIAN_POINT ( 'NONE',  ( 17.89167120488568941, -0.1041849462340468935, 50.15246495334759658 ) ) ;
#5824 = CARTESIAN_POINT ( 'NONE',  ( 164.1771624599900008, -3.430911900466282916, 64.60843253519387019 ) ) ;
#5825 = ORIENTED_EDGE ( 'NONE', *, *, #2679, .F. ) ;
#5826 = CARTESIAN_POINT ( 'NONE',  ( 18.28361691399453903, -6.722209994562041047, 55.28288513340211097 ) ) ;
#5827 = AXIS2_PLACEMENT_3D ( 'NONE', #3427, #5706, #585 ) ;
#5828 = CARTESIAN_POINT ( 'NONE',  ( 19.39084330196138595, -5.346067492908769481, 59.15825572489667650 ) ) ;
#5829 = CARTESIAN_POINT ( 'NONE',  ( 16.53308672591776940, 0.5692759817934240907, -54.70288910345059463 ) ) ;
#5830 = CARTESIAN_POINT ( 'NONE',  ( 99.83757161351073250, -4.042028855517190600, 89.45310604511486474 ) ) ;
#5831 = CARTESIAN_POINT ( 'NONE',  ( 117.2506065600801435, -5.528902028668347235, -84.18414901004871354 ) ) ;
#5832 = CARTESIAN_POINT ( 'NONE',  ( 17.82877070617358584, -0.08662566459053920587, -49.88408048096191294 ) ) ;
#5833 = CARTESIAN_POINT ( 'NONE',  ( 19.83137877760312051, -38.09893141125138527, 5.598874552560409334 ) ) ;
#5834 = AXIS2_PLACEMENT_3D ( 'NONE', #6101, #6136, #7282 ) ;
#5835 = CARTESIAN_POINT ( 'NONE',  ( 57.86683171985309571, 2.520565999743356699E-11, -81.69638322163851285 ) ) ;
#5836 = ORIENTED_EDGE ( 'NONE', *, *, #519, .T. ) ;
#5837 = CARTESIAN_POINT ( 'NONE',  ( 16.65666276766715725, -4.863759126673828703, 51.99034257807318227 ) ) ;
#5838 = CARTESIAN_POINT ( 'NONE',  ( 16.40274386685667096, -3.958052363835365739, 52.35909142958161766 ) ) ;
#5839 = CARTESIAN_POINT ( 'NONE',  ( 115.8648845009642656, -2.081668171172168513E-14, -102.1433451744605634 ) ) ;
#5840 = CIRCLE ( 'NONE', #6060, 17.66660353488140700 ) ;
#5841 = CARTESIAN_POINT ( 'NONE',  ( 2.341222758610804533, -41.53350865490458688, 8.695140345866674281 ) ) ;
#5842 = CARTESIAN_POINT ( 'NONE',  ( 174.3534847433344339, -4.714082407972144395, -24.94222085731450989 ) ) ;
#5843 = CARTESIAN_POINT ( 'NONE',  ( 51.85379980190570137, -3.999999999999982681, -85.32962715096354600 ) ) ;
#5844 = ADVANCED_FACE ( 'NONE', ( #4778 ), #7017, .T. ) ;
#5845 = DIRECTION ( 'NONE',  ( 0.02335832554236794492, -0.6688949264959688223, -0.7429898827950548457 ) ) ;
#5846 = CARTESIAN_POINT ( 'NONE',  ( -1.232508781476530091, -0.7487144839024095777, -61.43291016471899013 ) ) ;
#5847 = CARTESIAN_POINT ( 'NONE',  ( 16.01530928407402854, -5.087919700175079107, 46.58782124239799316 ) ) ;
#5848 = CARTESIAN_POINT ( 'NONE',  ( 176.1364903395925694, -5.137216103342393758, 9.090104875186977296 ) ) ;
#5849 = CARTESIAN_POINT ( 'NONE',  ( 108.8791768662484998, -6.191965629033110652, -85.54876358931905145 ) ) ;
#5850 = ADVANCED_FACE ( 'NONE', ( #1475 ), #6799, .F. ) ;
#5851 = VECTOR ( 'NONE', #1563, 1000.000000000000000 ) ;
#5852 = CARTESIAN_POINT ( 'NONE',  ( 163.6148100640510847, 1.238465552440124735E-11, -48.44815520771981454 ) ) ;
#5853 = CARTESIAN_POINT ( 'NONE',  ( -3.997344865409955261, -37.58250983436162329, -8.068945354022897476 ) ) ;
#5854 = CARTESIAN_POINT ( 'NONE',  ( -0.5777385475361268563, -8.826899658326436082, -51.33398306304569303 ) ) ;
#5855 = CARTESIAN_POINT ( 'NONE',  ( 19.69177613487952883, -7.358685737694147910, 57.18391375168918245 ) ) ;
#5856 = CARTESIAN_POINT ( 'NONE',  ( 19.20960148363929676, -4.123590723752304399, 60.33550407868246168 ) ) ;
#5857 = CARTESIAN_POINT ( 'NONE',  ( 86.39999999999994884, -57.99749635261596126, 0.000000000000000000 ) ) ;
#5858 = CARTESIAN_POINT ( 'NONE',  ( 20.56034777538561897, -16.04626082246110386, 30.11220704486116517 ) ) ;
#5859 = CARTESIAN_POINT ( 'NONE',  ( 110.3770238263204106, -4.138851223721760064, -91.27824523834974002 ) ) ;
#5860 = CARTESIAN_POINT ( 'NONE',  ( 179.2379383391836711, -2.983784727714172815E-14, -22.67418853424072722 ) ) ;
#5861 = CARTESIAN_POINT ( 'NONE',  ( 116.8741303416413047, -54.91631585694630502, 1.905140580299425808E-14 ) ) ;
#5862 = CARTESIAN_POINT ( 'NONE',  ( 16.55524964395879550, -15.97008969936538136, 30.29080352560406553 ) ) ;
#5863 = CARTESIAN_POINT ( 'NONE',  ( 172.8000000000000114, -2.750000000000025757, 2.751128314572031880E-09 ) ) ;
#5864 = CARTESIAN_POINT ( 'NONE',  ( 21.39666610555876503, -8.497852009805287210, 58.14441740051701402 ) ) ;
#5865 = CARTESIAN_POINT ( 'NONE',  ( 19.29084221640151142, -5.680551178150546221, 58.60181675939574575 ) ) ;
#5866 = CARTESIAN_POINT ( 'NONE',  ( 18.69349076775219842, -0.4557763221851430790, -52.77871623140696045 ) ) ;
#5867 = CARTESIAN_POINT ( 'NONE',  ( 44.55265737717471097, -4.146722318133985397, -80.34547130068672516 ) ) ;
#5868 = CARTESIAN_POINT ( 'NONE',  ( 19.78637958003987052, -1.657153029229706531, -52.65627070296908130 ) ) ;
#5869 = CARTESIAN_POINT ( 'NONE',  ( 8.220390470561662610, -14.65876556775292983, 48.06936406580343402 ) ) ;
#5870 = CARTESIAN_POINT ( 'NONE',  ( 177.6322650484088115, -3.122502256758252770E-14, 37.79758271624584864 ) ) ;
#5871 = ORIENTED_EDGE ( 'NONE', *, *, #5121, .F. ) ;
#5872 = EDGE_LOOP ( 'NONE', ( #1723, #675, #993, #2015, #5727, #6076 ) ) ;
#5873 = CARTESIAN_POINT ( 'NONE',  ( 21.46339847359337227, -9.138859999784973098, 57.51427499873963001 ) ) ;
#5874 = CARTESIAN_POINT ( 'NONE',  ( 16.42612824900113822, -3.995917934424598528, 52.46971615197349337 ) ) ;
#5875 = CARTESIAN_POINT ( 'NONE',  ( 185.8138297370111616, -3.122502256758252770E-14, -28.62001714607777103 ) ) ;
#5876 = CARTESIAN_POINT ( 'NONE',  ( 124.4249313096932639, -4.746365721563162055, -83.66354952327642991 ) ) ;
#5877 = CARTESIAN_POINT ( 'NONE',  ( 176.9280069311930959, -4.000000000000029310, 26.95847433167146434 ) ) ;
#5878 = CARTESIAN_POINT ( 'NONE',  ( -7.867663287687602036, -37.22743353085250817, 10.29439565705047777 ) ) ;
#5879 = CARTESIAN_POINT ( 'NONE',  ( -8.489057729181567424, -38.13455485927933353, 3.003539219046910347 ) ) ;
#5880 = CARTESIAN_POINT ( 'NONE',  ( 21.28468566681403829, -13.74652575483738737, 51.89427915784909828 ) ) ;
#5881 = EDGE_CURVE ( 'NONE', #579, #3661, #710, .T. ) ;
#5882 = CARTESIAN_POINT ( 'NONE',  ( 110.9916969949510133, -5.251296332129867572, -86.90909543777989654 ) ) ;
#5883 = CARTESIAN_POINT ( 'NONE',  ( 171.6853854681885423, -6.097683313175760844, -24.19853577612107642 ) ) ;
#5884 = CARTESIAN_POINT ( 'NONE',  ( -8.426751844260696345, -42.13289616780958369, -3.174385206824353212 ) ) ;
#5885 = CARTESIAN_POINT ( 'NONE',  ( 8.997189880161775122, -38.28000649707724534, -0.6337554798141400436 ) ) ;
#5886 = CARTESIAN_POINT ( 'NONE',  ( 34.39152941775555661, -5.207648404244982210, -90.05921042080950656 ) ) ;
#5887 = CARTESIAN_POINT ( 'NONE',  ( 16.40746223975350304, -4.052809276122660620, 52.00535049640024710 ) ) ;
#5888 = CARTESIAN_POINT ( 'NONE',  ( 18.73492816434248098, -3.763826533933180229, 60.14526945681937775 ) ) ;
#5889 = CARTESIAN_POINT ( 'NONE',  ( 58.86713063101173304, -50.78462308660627400, 45.50870803222798600 ) ) ;
#5890 = CARTESIAN_POINT ( 'NONE',  ( 24.07097639792075583, -26.37809493719175791, 24.50356994323608006 ) ) ;
#5891 = CARTESIAN_POINT ( 'NONE',  ( 180.3941233730393492, -4.042663182737582517, -4.704706802955924694 ) ) ;
#5892 = CARTESIAN_POINT ( 'NONE',  ( 178.4163371554643334, -2.971457979316922442E-14, 21.71679098535317110 ) ) ;
#5893 = CARTESIAN_POINT ( 'NONE',  ( 70.17304369943950348, -2.750000011882978157, 84.86178067531328395 ) ) ;
#5894 = CARTESIAN_POINT ( 'NONE',  ( 16.76686240439403264, -22.02988630508595591, 14.87698395663638529 ) ) ;
#5895 = CARTESIAN_POINT ( 'NONE',  ( 69.04698232559304927, -53.01288504816876923, 1.387778780781445676E-14 ) ) ;
#5896 = CARTESIAN_POINT ( 'NONE',  ( 21.04734821848026627, -8.258649846128514938, 58.00587323387473759 ) ) ;
#5897 = CARTESIAN_POINT ( 'NONE',  ( 20.39341626140777919, -5.455389496583411102, 60.27737452723917499 ) ) ;
#5898 = CARTESIAN_POINT ( 'NONE',  ( 17.08910028534914716, 2.652624274111872182, -57.68702026754242240 ) ) ;
#5899 = CARTESIAN_POINT ( 'NONE',  ( 129.1820193288488383, -4.126924929758319927, 80.44093972209883248 ) ) ;
#5900 = CARTESIAN_POINT ( 'NONE',  ( 18.96514467329773979, -0.6474553964271153594, -53.25923302517307434 ) ) ;
#5901 = CARTESIAN_POINT ( 'NONE',  ( 6.494854156816717961, -11.50223866988091892, 50.40891999540238544 ) ) ;
#5902 = CARTESIAN_POINT ( 'NONE',  ( 54.87763400548955417, -1.214306433183764966E-14, -90.03337936354711246 ) ) ;
#5903 = ORIENTED_EDGE ( 'NONE', *, *, #7162, .T. ) ;
#5904 = VERTEX_POINT ( 'NONE', #5568 ) ;
#5905 = CARTESIAN_POINT ( 'NONE',  ( 16.52878281617405065, -4.850907925884921035, 51.07533302506386974 ) ) ;
#5906 = CARTESIAN_POINT ( 'NONE',  ( 20.66778138535127241, -7.215706859678492791, 58.70070079934561846 ) ) ;
#5907 = CARTESIAN_POINT ( 'NONE',  ( 147.9261559369498968, -2.428612866367529932E-14, -86.66619123439680550 ) ) ;
#5908 = CARTESIAN_POINT ( 'NONE',  ( 77.12569269988384235, -4.675104961004123538, -90.63631977371521486 ) ) ;
#5909 = CARTESIAN_POINT ( 'NONE',  ( 42.95359166038969079, -4.000000000000014211, -79.90869364676508724 ) ) ;
#5910 = CARTESIAN_POINT ( 'NONE',  ( 24.06873917675874708, -30.52591727833842583, -6.220044500742615057 ) ) ;
#5911 = CARTESIAN_POINT ( 'NONE',  ( 0.5767900907307631497, -37.44460443210287082, 8.986282904306909458 ) ) ;
#5912 = CARTESIAN_POINT ( 'NONE',  ( 15.99132788998790922, -4.376477773046605790, 46.08757045529485197 ) ) ;
#5913 = CARTESIAN_POINT ( 'NONE',  ( 60.56671360547558436, -4.952097218347867980, -86.31769511591102173 ) ) ;
#5914 = CARTESIAN_POINT ( 'NONE',  ( 129.3840469479517878, -5.844423045964651564, -78.25299945989372929 ) ) ;
#5915 = CARTESIAN_POINT ( 'NONE',  ( 16.09989727058595221, -2.930503802340314934, -58.35140927938839894 ) ) ;
#5916 = CARTESIAN_POINT ( 'NONE',  ( -8.088136957538740290, -42.06982197705081461, -3.991179387138677814 ) ) ;
#5917 = CARTESIAN_POINT ( 'NONE',  ( 8.584165051147508052, -1.000000000000004441, 37.54538362053246914 ) ) ;
#5918 = CARTESIAN_POINT ( 'NONE',  ( -1.615779870014196984, -7.398014790541384222, -51.94663173104601839 ) ) ;
#5919 = CARTESIAN_POINT ( 'NONE',  ( 16.64520158521128579, -4.535391764033698259, 52.70476328526123666 ) ) ;
#5920 = CARTESIAN_POINT ( 'NONE',  ( -9.000000000000007105, -63.39640923772802950, 0.000000000000000000 ) ) ;
#5921 = CARTESIAN_POINT ( 'NONE',  ( 136.4512126208165910, -20.95902901126089191, 86.80962591943108464 ) ) ;
#5922 = CARTESIAN_POINT ( 'NONE',  ( 20.76040279324969973, -21.77508698453440417, 15.43962812490229553 ) ) ;
#5923 = CARTESIAN_POINT ( 'NONE',  ( 119.1284596569353198, -4.046031003306619134, -89.30847691594209437 ) ) ;
#5924 = CARTESIAN_POINT ( 'NONE',  ( 8.999999999999991118, -63.39640923772802950, 1.102182119232617714E-15 ) ) ;
#5925 = CARTESIAN_POINT ( 'NONE',  ( -1.318655470140269070, -5.489796794464586682, -58.93245528845307035 ) ) ;
#5926 = LINE ( 'NONE', #1360, #1362 ) ;
#5927 = CARTESIAN_POINT ( 'NONE',  ( 86.40000000103617595, -33.24540241821885189, -65.08550421911940020 ) ) ;
#5928 = CARTESIAN_POINT ( 'NONE',  ( 16.62995033513131915, -4.591476392333626144, 52.44441533367474761 ) ) ;
#5929 = CARTESIAN_POINT ( 'NONE',  ( 20.04932977592158139, -4.986583467031257655, 60.38688225550311728 ) ) ;
#5930 = CARTESIAN_POINT ( 'NONE',  ( 13.99901070291400274, 3.819733823361110225, -55.11730562267155875 ) ) ;
#5931 = CARTESIAN_POINT ( 'NONE',  ( 115.3034003821776423, -4.232543697985735598, -89.15525009075335561 ) ) ;
#5932 = CARTESIAN_POINT ( 'NONE',  ( 72.03781584364205060, -1.375426604159635793E-14, -93.32503854560056311 ) ) ;
#5933 = CARTESIAN_POINT ( 'NONE',  ( 16.06667908427627722, -4.000000000000014211, 47.09557494888041163 ) ) ;
#5934 = CARTESIAN_POINT ( 'NONE',  ( 188.1546965553352777, -3.122502256758252770E-14, -11.44775443930591585 ) ) ;
#5935 = CARTESIAN_POINT ( 'NONE',  ( 16.26271310609288179, -3.887520991501262735, 50.65786826300080037 ) ) ;
#5936 = CARTESIAN_POINT ( 'NONE',  ( 20.92307726442822613, -6.869757663345195553, 59.37264227101884018 ) ) ;
#5937 = CARTESIAN_POINT ( 'NONE',  ( 124.3810751481120747, -2.081668171172168513E-14, -99.40077444322332667 ) ) ;
#5938 = CARTESIAN_POINT ( 'NONE',  ( 124.7097870749775268, -4.559774364115940948, -84.29049937190050912 ) ) ;
#5939 = CARTESIAN_POINT ( 'NONE',  ( 123.2481202490881032, -4.000000000000021316, 83.91825882748265997 ) ) ;
#5940 = AXIS2_PLACEMENT_3D ( 'NONE', #6163, #1116, #2823 ) ;
#5941 = CARTESIAN_POINT ( 'NONE',  ( 24.07068710426821667, -20.20257606632112513, -37.70358297413456228 ) ) ;
#5942 = CARTESIAN_POINT ( 'NONE',  ( -2.599419307763719988, -4.820821223780581199, 59.30471928364030987 ) ) ;
#5943 = CARTESIAN_POINT ( 'NONE',  ( 21.11883918429561646, -13.62631997737439882, 51.83317851856273961 ) ) ;
#5944 = VECTOR ( 'NONE', #6865, 1000.000000000000000 ) ;
#5945 = CARTESIAN_POINT ( 'NONE',  ( 43.30317037519358792, -4.408016647356583384, -79.12981937642030061 ) ) ;
#5946 = CARTESIAN_POINT ( 'NONE',  ( 169.0460719068805133, -5.782778692774460438, -33.91814348382091282 ) ) ;
#5947 = CARTESIAN_POINT ( 'NONE',  ( 16.66960408493634560, -19.24477243522552783, -23.29614673310807405 ) ) ;
#5948 = CARTESIAN_POINT ( 'NONE',  ( 106.7872380730740787, -1.885368783261073210E-14, 88.94329353523740167 ) ) ;
#5949 = VECTOR ( 'NONE', #129, 1000.000000000000000 ) ;
#5950 = CARTESIAN_POINT ( 'NONE',  ( 3.971508015086061327, -37.57861761224007324, -8.097526492829352662 ) ) ;
#5951 = CARTESIAN_POINT ( 'NONE',  ( 138.5557839408786265, -8.826899658326457399, -86.48745008076603824 ) ) ;
#5952 = CARTESIAN_POINT ( 'NONE',  ( 16.41800479558627401, -4.073430935047686496, 52.05229440952468423 ) ) ;
#5953 = CARTESIAN_POINT ( 'NONE',  ( 17.55489355889005054, -3.967186299737674116, 57.92690772031281199 ) ) ;
#5954 = DIRECTION ( 'NONE',  ( -1.000000000000000000, 1.500007569169627002E-16, 0.000000000000000000 ) ) ;
#5955 = CARTESIAN_POINT ( 'NONE',  ( 20.83057026450665106, -23.78442046367036866, 4.419566254058837629 ) ) ;
#5956 = CARTESIAN_POINT ( 'NONE',  ( 177.2802879657083963, -4.043921543942473384, -25.77657898867703778 ) ) ;
#5957 = CARTESIAN_POINT ( 'NONE',  ( 1.107415504873216605, -3.083293987103149725, -60.30191525485820847 ) ) ;
#5958 = CARTESIAN_POINT ( 'NONE',  ( 132.1963904380766621, -50.78462308660656532, 5.608440296249303261E-15 ) ) ;
#5959 = CARTESIAN_POINT ( 'NONE',  ( 14.95902202767852707, 0.6113591692075853734, 52.66418221118419041 ) ) ;
#5960 = CARTESIAN_POINT ( 'NONE',  ( 110.5805931263359270, -51.13139327542299384, -41.27885449705292586 ) ) ;
#5961 = CARTESIAN_POINT ( 'NONE',  ( 21.33028988501694201, -8.369379736649696255, 58.21050252892634802 ) ) ;
#5962 = EDGE_CURVE ( 'NONE', #6809, #4109, #1715, .T. ) ;
#5963 = CARTESIAN_POINT ( 'NONE',  ( 16.47335338820920825, -3.876787886584043274, 53.65175053105082270 ) ) ;
#5964 = CARTESIAN_POINT ( 'NONE',  ( 22.74818781702480663, -6.359183666864146412E-15, -60.11022290048874339 ) ) ;
#5965 = CARTESIAN_POINT ( 'NONE',  ( 24.70941545454572719, -1.239869112652381311, -60.49298340414997455 ) ) ;
#5966 = CARTESIAN_POINT ( 'NONE',  ( 76.97306048998058259, -4.210032867375915977, -92.19014532766270520 ) ) ;
#5967 = CARTESIAN_POINT ( 'NONE',  ( 40.96823073102260082, -9.092795658161954634E-15, -78.55955094899974256 ) ) ;
#5968 = CARTESIAN_POINT ( 'NONE',  ( 18.37862422190893952, -41.66642831251500922, -7.854804836487335962 ) ) ;
#5969 = CARTESIAN_POINT ( 'NONE',  ( 3.566661412365963013, -5.116556090684806435, -54.54019927174375226 ) ) ;
#5970 = ORIENTED_EDGE ( 'NONE', *, *, #3017, .F. ) ;
#5971 = CARTESIAN_POINT ( 'NONE',  ( 20.96043586319710528, -8.711852081472690301, 57.39302596781448074 ) ) ;
#5972 = CARTESIAN_POINT ( 'NONE',  ( 16.68382884324436688, -4.352909894536216129, 53.51401710853799187 ) ) ;
#5973 = CARTESIAN_POINT ( 'NONE',  ( 38.18477763881593035, -8.239936510889833698E-15, -76.73225543759134837 ) ) ;
#5974 = CARTESIAN_POINT ( 'NONE',  ( 130.9741679846978855, -4.559290918329826248, -81.14172833431133824 ) ) ;
#5975 = CARTESIAN_POINT ( 'NONE',  ( 75.03676128548251256, -4.000000000000015099, -94.00157134674995518 ) ) ;
#5976 = DIRECTION ( 'NONE',  ( 0.000000000000000000, -0.000000000000000000, -1.000000000000000000 ) ) ;
#5977 = CARTESIAN_POINT ( 'NONE',  ( 21.43207647988040421, -13.07293749361404878, 52.91780492355284338 ) ) ;
#5978 = ORIENTED_EDGE ( 'NONE', *, *, #5962, .F. ) ;
#5979 = CARTESIAN_POINT ( 'NONE',  ( 13.16357022866876036, 6.823099609223082862E-12, 46.09626967507538353 ) ) ;
#5980 = CARTESIAN_POINT ( 'NONE',  ( 128.7960184533819472, -4.536582828298652892, 79.71357266549239284 ) ) ;
#5981 = B_SPLINE_CURVE_WITH_KNOTS ( 'NONE', 3,
 ( #3000, #5833, #783, #635, #2888, #3039, #5278, #3996, #5134, #4032, #6001, #3173, #5454, #5418, #6406, #4829, #6964, #6474, #5869, #5901, #7034, #1473, #3659, #338 ),
 .UNSPECIFIED., .F., .F.,
 ( 4, 2, 2, 2, 2, 2, 2, 2, 2, 2, 2, 4 ),
 ( 0.000000000000000000, 0.01708218782526459492, 0.02135273478158073931, 0.02562328173789688718, 0.03416437565052916209, 0.03843492260684529260, 0.04057019608500336133, 0.04270546956316143006, 0.05124656347579374660, 0.05978765738842606314, 0.06405820434474222835, 0.06832875130105839356 ),
 .UNSPECIFIED. ) ;
#5982 = CARTESIAN_POINT ( 'NONE',  ( 16.12313894251056112, -3.596058206722625439, -57.66357409982516913 ) ) ;
#5983 = CARTESIAN_POINT ( 'NONE',  ( 126.7589323515041286, -2.194519770862547193E-14, -88.04243614582686916 ) ) ;
#5984 = CARTESIAN_POINT ( 'NONE',  ( 16.67208845979243037, -1.000000000000005551, -51.03377212656773310 ) ) ;
#5985 = DIRECTION ( 'NONE',  ( -1.000000000000000000, 0.000000000000000000, 0.000000000000000000 ) ) ;
#5986 = DIRECTION ( 'NONE',  ( -1.000000000000000000, 0.000000000000000000, 0.000000000000000000 ) ) ;
#5987 = CARTESIAN_POINT ( 'NONE',  ( 20.00000000000018119, -5.946864156618344797E-15, -56.84228215070027801 ) ) ;
#5988 = CARTESIAN_POINT ( 'NONE',  ( 20.73876767891352557, -21.15553837059905362, 17.60965367374536328 ) ) ;
#5989 = CARTESIAN_POINT ( 'NONE',  ( 178.1362189074338005, -4.043737813712947826, -22.31411317468637989 ) ) ;
#5990 = CARTESIAN_POINT ( 'NONE',  ( 106.2714072744132068, -1.889044253042618337E-14, 88.72113485564516111 ) ) ;
#5991 = DIRECTION ( 'NONE',  ( 1.500332356076765934E-16, 1.000000000000000000, -0.000000000000000000 ) ) ;
#5992 = CARTESIAN_POINT ( 'NONE',  ( 165.0027028764808676, -5.789704707665828565, 42.10450381319930102 ) ) ;
#5993 = CARTESIAN_POINT ( 'NONE',  ( -8.129419882184354716E-14, -2.750000000000000000, -50.61194821160339785 ) ) ;
#5994 = CARTESIAN_POINT ( 'NONE',  ( 16.41153839878952070, -4.117158386036527062, 51.81394538059168298 ) ) ;
#5995 = CARTESIAN_POINT ( 'NONE',  ( 20.14369121085895031, -4.986113152301651752, 60.49178200872849231 ) ) ;
#5996 = CARTESIAN_POINT ( 'NONE',  ( 20.00000000000018119, -5.946864156618344797E-15, -56.84228215070027801 ) ) ;
#5997 = CARTESIAN_POINT ( 'NONE',  ( 7.159819547225202641, -41.93044946377766991, 5.484708544606122338 ) ) ;
#5998 = CARTESIAN_POINT ( 'NONE',  ( 172.9480445225558185, -4.224898055266239183, -35.50643645950218996 ) ) ;
#5999 = CARTESIAN_POINT ( 'NONE',  ( 86.39999999999994884, -57.99749635261596126, 0.000000000000000000 ) ) ;
#6000 = CARTESIAN_POINT ( 'NONE',  ( 21.59850525415594547, -11.59891705246247007, 54.86824729884582297 ) ) ;
#6001 = CARTESIAN_POINT ( 'NONE',  ( 14.98058436067248600, -27.51862569401595238, 34.41832302940802180 ) ) ;
#6002 = EDGE_CURVE ( 'NONE', #4940, #3528, #5025, .T. ) ;
#6003 = CARTESIAN_POINT ( 'NONE',  ( 20.03494985149800556, -1.000832799697351838, 55.32291354440230435 ) ) ;
#6004 = VERTEX_POINT ( 'NONE', #6698 ) ;
#6005 = ORIENTED_EDGE ( 'NONE', *, *, #1700, .T. ) ;
#6006 = CARTESIAN_POINT ( 'NONE',  ( 21.46223162170015186, -8.935149151619038221, 57.73857337862855843 ) ) ;
#6007 = CARTESIAN_POINT ( 'NONE',  ( 20.78519902248033446, -6.405707433506421467, 59.71030778293339125 ) ) ;
#6008 = CARTESIAN_POINT ( 'NONE',  ( -12.60965724327387427, -38.11748952646988897, 3.276334239084342848 ) ) ;
#6009 = CARTESIAN_POINT ( 'NONE',  ( 169.0517220622171806, -4.469144779323660721, 38.96875824604087768 ) ) ;
#6010 = CARTESIAN_POINT ( 'NONE',  ( 91.12884511858970882, -4.000000000000017764, -95.68201868643492958 ) ) ;
#6011 = CARTESIAN_POINT ( 'NONE',  ( 24.07103635056189361, -26.19314348286708594, -24.88781494492399560 ) ) ;
#6012 = CARTESIAN_POINT ( 'NONE',  ( 16.05514806783558512, -4.223893945518504722, 46.87018634052912347 ) ) ;
#6013 = VERTEX_POINT ( 'NONE', #4939 ) ;
#6014 = CARTESIAN_POINT ( 'NONE',  ( 115.6624740685785468, -5.528914824422375141, -84.76618586511440867 ) ) ;
#6015 = CARTESIAN_POINT ( 'NONE',  ( 21.91705842604707044, -5.790789251894953025E-12, 57.70953967568112120 ) ) ;
#6016 = CARTESIAN_POINT ( 'NONE',  ( 177.1239564640301865, -4.906037663852196751, -1.107348368765564306 ) ) ;
#6017 = CARTESIAN_POINT ( 'NONE',  ( 15.92439629272966783, 2.095186650807071338, -53.68602594164165254 ) ) ;
#6018 = CARTESIAN_POINT ( 'NONE',  ( 177.7940719271475132, -3.097747077571046027E-14, -29.45216160171979780 ) ) ;
#6019 = CARTESIAN_POINT ( 'NONE',  ( 96.11849395084735193, -18.24012499985558122, -85.98832245680115705 ) ) ;
#6020 = CARTESIAN_POINT ( 'NONE',  ( -18.00000000000000355, -38.31026286157669603, 0.1470188481355287624 ) ) ;
#6021 = CARTESIAN_POINT ( 'NONE',  ( 18.36861580164811514, -3.848323901518368118, 59.53489433405005826 ) ) ;
#6022 = CARTESIAN_POINT ( 'NONE',  ( 187.3680530860049771, -3.430911900466285136, 5.720384321785472519E-14 ) ) ;
#6023 = CARTESIAN_POINT ( 'NONE',  ( 125.8668925041879163, -4.046029499902888737, -86.83829129284384862 ) ) ;
#6024 = EDGE_LOOP ( 'NONE', ( #4245, #7227 ) ) ;
#6025 = DIRECTION ( 'NONE',  ( 0.000000000000000000, 0.000000000000000000, 1.000000000000000000 ) ) ;
#6026 = CARTESIAN_POINT ( 'NONE',  ( -6.282442621485373913, -13.94371515320775679, -185.3648852429708427 ) ) ;
#6027 = CARTESIAN_POINT ( 'NONE',  ( 110.6172451890448798, -57.95386985700427118, 2.965757180493047149E-15 ) ) ;
#6028 = CARTESIAN_POINT ( 'NONE',  ( 173.3777385475360973, -8.826899658326444964, 1.065170091093154587E-14 ) ) ;
#6029 = CARTESIAN_POINT ( 'NONE',  ( 18.28432614478458618, -6.658464796343123382, 55.37213379382853873 ) ) ;
#6030 = CARTESIAN_POINT ( 'NONE',  ( 18.75915511572894090, -4.898654145309908614, 58.74537882732317229 ) ) ;
#6031 = CARTESIAN_POINT ( 'NONE',  ( 20.48239458340462349, -13.81397347268135078, 33.98983759339685662 ) ) ;
#6032 = CARTESIAN_POINT ( 'NONE',  ( 20.13194477487358824, -10.13708072863458121, 54.85392990220018561 ) ) ;
#6033 = CARTESIAN_POINT ( 'NONE',  ( 125.2845867717287121, -4.232617338524208961, -85.55582454436185458 ) ) ;
#6034 = CARTESIAN_POINT ( 'NONE',  ( 44.89686001094912626, -9.682220620532391641E-15, -81.44872037293512790 ) ) ;
#6035 = CARTESIAN_POINT ( 'NONE',  ( 17.98432526279766464, -8.475682169474350047, 52.31059193341823033 ) ) ;
#6036 = CARTESIAN_POINT ( 'NONE',  ( 8.597186766347846287, -21.15052770944140903, 47.73561286752890709 ) ) ;
#6037 = UNCERTAINTY_MEASURE_WITH_UNIT (LENGTH_MEASURE( 1.000000000000000082E-05 ), #6605, 'distance_accuracy_value', 'NONE');
#6038 = CARTESIAN_POINT ( 'NONE',  ( 46.61897569717682188, -1.614021081117338774, 76.84282766860663116 ) ) ;
#6039 = ORIENTED_EDGE ( 'NONE', *, *, #6817, .F. ) ;
#6040 = CARTESIAN_POINT ( 'NONE',  ( 16.36551320756433725, -4.149359053207913206, 51.14630220424040630 ) ) ;
#6041 = CARTESIAN_POINT ( 'NONE',  ( 20.76424280495277941, -6.401811804569064179, 59.69137020373295854 ) ) ;
#6042 = CARTESIAN_POINT ( 'NONE',  ( -4.214429682191155990, -36.83804304080236136, 12.32799095428731384 ) ) ;
#6043 = CARTESIAN_POINT ( 'NONE',  ( 158.1651052877639074, -4.430466805834575084, 56.49026427536499284 ) ) ;
#6044 = CARTESIAN_POINT ( 'NONE',  ( 112.6782870863615642, -4.000000000000020428, -92.84287927269573970 ) ) ;
#6045 = CARTESIAN_POINT ( 'NONE',  ( 3.566661412365973227, -5.116556090684736269, 54.54019927174380200 ) ) ;
#6046 = CARTESIAN_POINT ( 'NONE',  ( 21.27750165196077958, -12.96605401810945857, 52.85567407449120481 ) ) ;
#6047 = CARTESIAN_POINT ( 'NONE',  ( 72.25839918823876928, -5.329179102066967211, -88.53759243829475167 ) ) ;
#6048 = ADVANCED_FACE ( 'NONE', ( #5013 ), #1581, .T. ) ;
#6049 = CIRCLE ( 'NONE', #2889, 16.74499999999999744 ) ;
#6050 = CARTESIAN_POINT ( 'NONE',  ( 28.77435453420823208, -1.667078124844262765, -64.55792521649394189 ) ) ;
#6051 = CARTESIAN_POINT ( 'NONE',  ( 170.6525037564059062, -4.946779003107221406, -34.56796096361646420 ) ) ;
#6052 = CARTESIAN_POINT ( 'NONE',  ( 16.84890497850744140, -24.37927823749384615, -26.81392156046029385 ) ) ;
#6053 = CARTESIAN_POINT ( 'NONE',  ( 2.895900250578067769, -41.55578605752122456, -8.541776478174819331 ) ) ;
#6054 = CARTESIAN_POINT ( 'NONE',  ( 53.32281783874348946, -7.541937499844923565, -79.96462182664568275 ) ) ;
#6055 = VECTOR ( 'NONE', #3096, 1000.000000000000000 ) ;
#6056 = CARTESIAN_POINT ( 'NONE',  ( 86.40000000000000568, -2.750000000000012879, 0.000000000000000000 ) ) ;
#6057 = B_SPLINE_CURVE_WITH_KNOTS ( 'NONE', 3,
 ( #1232, #2903, #5069, #2978, #1122, #4008, #3451, #2306, #5147, #6168, #723, #5219, #3931, #1716, #4593, #4555, #3490, #1194, #6242, #6866, #684, #5697, #1159, #5661, #2263, #90 ),
 .UNSPECIFIED., .F., .F.,
 ( 4, 2, 2, 2, 2, 2, 2, 2, 2, 2, 2, 2, 4 ),
 ( 0.003459394496572384958, 0.01165738167830352411, 0.01985536886003466325, 0.02395436245090024410, 0.02600385924633302759, 0.02805335604176581107, 0.03625134322349699706, 0.04035033681436258485, 0.04444933040522817264, 0.05264731758695935515, 0.06084530476869054461, 0.06494429835955613239, 0.06882589803650293603 ),
 .UNSPECIFIED. ) ;
#6058 = CARTESIAN_POINT ( 'NONE',  ( 22.62739143188398572, -2.815517818901028146, 58.22459461440450212 ) ) ;
#6059 = FACE_OUTER_BOUND ( 'NONE', #3518, .T. ) ;
#6060 = AXIS2_PLACEMENT_3D ( 'NONE', #1082, #5547, #5985 ) ;
#6061 = CARTESIAN_POINT ( 'NONE',  ( 132.5690096229501194, -3.999999999999972466, 79.38010391932257903 ) ) ;
#6062 = CARTESIAN_POINT ( 'NONE',  ( 0.000000000000000000, 0.000000000000000000, 0.000000000000000000 ) ) ;
#6063 = CARTESIAN_POINT ( 'NONE',  ( 19.07334698233635351, -6.042206017373973559, -58.61996200337826224 ) ) ;
#6064 = CARTESIAN_POINT ( 'NONE',  ( -3.333835250600038158, -4.962481512572394671, -0.000000000000000000 ) ) ;
#6065 = ORIENTED_EDGE ( 'NONE', *, *, #2397, .F. ) ;
#6066 = CARTESIAN_POINT ( 'NONE',  ( 21.30627463145928502, -8.153177771039056054, 58.41883946510388625 ) ) ;
#6067 = CARTESIAN_POINT ( 'NONE',  ( 16.47410204552129187, -3.877456175327394838, 53.65610440362710420 ) ) ;
#6068 = CARTESIAN_POINT ( 'NONE',  ( 26.12830699503356513, -6.866313883880361270E-15, -64.01326173855987633 ) ) ;
#6069 = CARTESIAN_POINT ( 'NONE',  ( 68.76558690427269482, -5.871594724781156849, -87.51179522908786623 ) ) ;
#6070 = CARTESIAN_POINT ( 'NONE',  ( 47.49154688435096716, -4.114581226134044201, -82.18811918609362976 ) ) ;
#6071 = CARTESIAN_POINT ( 'NONE',  ( 19.41787197286247846, -0.9980400572094684231, -54.57430225131513879 ) ) ;
#6072 = CARTESIAN_POINT ( 'NONE',  ( 16.12822223865958549, -3.901662774766383013, 48.26081441296523877 ) ) ;
#6073 = CARTESIAN_POINT ( 'NONE',  ( -7.106946678192234579, -37.90110883063805147, 5.552372167287045635 ) ) ;
#6074 = CARTESIAN_POINT ( 'NONE',  ( 20.48714053822120107, -3.225808859762751002, 55.45183092621790166 ) ) ;
#6075 = CARTESIAN_POINT ( 'NONE',  ( 42.52619386193040896, -1.468978176674567537, 74.43150862775972598 ) ) ;
#6076 = ORIENTED_EDGE ( 'NONE', *, *, #1251, .F. ) ;
#6077 = CARTESIAN_POINT ( 'NONE',  ( 16.35320261771946448, -4.078015519339317052, 51.22258812195570243 ) ) ;
#6078 = CARTESIAN_POINT ( 'NONE',  ( 19.80039702711124150, -6.540693537747658048, 58.32659444681487315 ) ) ;
#6079 = CARTESIAN_POINT ( 'NONE',  ( 3.410850118424950228, -36.79046895764308545, 12.55190709665789761 ) ) ;
#6080 = CARTESIAN_POINT ( 'NONE',  ( 177.6428190217785641, -4.508589028744349747, 9.247335506429784857 ) ) ;
#6081 = CARTESIAN_POINT ( 'NONE',  ( 125.5750091505536119, -4.936371344438974518, 80.82584190701530247 ) ) ;
#6082 = CARTESIAN_POINT ( 'NONE',  ( 110.9143103749201202, -4.000000000000019540, -93.29300213728609492 ) ) ;
#6083 = ADVANCED_FACE ( 'NONE', ( #1695 ), #2132, .F. ) ;
#6084 = CARTESIAN_POINT ( 'NONE',  ( 3.566661412365987438, -4.274354752750618047, 55.02901894831735774 ) ) ;
#6085 = CARTESIAN_POINT ( 'NONE',  ( 21.55715798890792456, -12.36553396637510183, 53.92154587679132050 ) ) ;
#6086 = ORIENTED_EDGE ( 'NONE', *, *, #4438, .T. ) ;
#6087 = CARTESIAN_POINT ( 'NONE',  ( 16.41458357096824017, -4.066529333438299254, 52.03790440621938274 ) ) ;
#6088 = CARTESIAN_POINT ( 'NONE',  ( 67.26139866200935558, -5.264923326503645029, -87.61329886049345816 ) ) ;
#6089 = CARTESIAN_POINT ( 'NONE',  ( 156.9807806532288055, -18.62368750001445505, -50.06789516236074178 ) ) ;
#6090 = CARTESIAN_POINT ( 'NONE',  ( 175.6406653678643579, -4.876514525225404739, 15.90790509072439285 ) ) ;
#6091 = CARTESIAN_POINT ( 'NONE',  ( 16.91019895961451169, -26.13450820495625848, 22.06422067666898457 ) ) ;
#6092 = PLANE ( 'NONE',  #4417 ) ;
#6093 = CARTESIAN_POINT ( 'NONE',  ( 113.8204254507959803, -19.98504028316284931, -81.94234444609712398 ) ) ;
#6094 = EDGE_CURVE ( 'NONE', #2923, #5552, #1004, .T. ) ;
#6095 = CARTESIAN_POINT ( 'NONE',  ( 86.39999999999997726, -57.99749635261596126, 0.000000000000000000 ) ) ;
#6096 = CARTESIAN_POINT ( 'NONE',  ( 19.89302585469182816, -1.444752006277249423, -55.15366590411294112 ) ) ;
#6097 = CARTESIAN_POINT ( 'NONE',  ( 69.65872081913030911, -58.93658393131476458, -0.3529821357756436906 ) ) ;
#6098 = CARTESIAN_POINT ( 'NONE',  ( 3.438033213087443585, -5.942206017372976490, -54.04319279652568042 ) ) ;
#6099 = CARTESIAN_POINT ( 'NONE',  ( 180.7248466282738377, -4.000000000000500933, -8.301283974631898488 ) ) ;
#6100 = ORIENTED_EDGE ( 'NONE', *, *, #3811, .T. ) ;
#6101 = CARTESIAN_POINT ( 'NONE',  ( -9.511568403844734847E-15, -63.39640923772802950, 0.000000000000000000 ) ) ;
#6102 = CARTESIAN_POINT ( 'NONE',  ( -18.00000000000000355, -6.042206017373003668, -31.95317545291231909 ) ) ;
#6103 = CARTESIAN_POINT ( 'NONE',  ( 176.1338352506000433, -4.962481512572421316, 1.098922541148632727E-14 ) ) ;
#6104 = CARTESIAN_POINT ( 'NONE',  ( 21.02628509632846132, -8.150115650506142728, 58.10085544978262817 ) ) ;
#6105 = CARTESIAN_POINT ( 'NONE',  ( 19.57563420939470689, -4.541504734665836374, 60.31542036675224239 ) ) ;
#6106 = CARTESIAN_POINT ( 'NONE',  ( 20.30373612227049307, -8.697864528508734594, -41.48948277081609604 ) ) ;
#6107 = CARTESIAN_POINT ( 'NONE',  ( 18.89175842003014694, -9.106799393287200672, 53.88740444698741072 ) ) ;
#6108 = CARTESIAN_POINT ( 'NONE',  ( 113.2570609871977894, -4.051692130760898181, 86.75807031646739631 ) ) ;
#6109 = CARTESIAN_POINT ( 'NONE',  ( 132.0115901158150393, -2.275232544725489688E-14, -85.06034852437734628 ) ) ;
#6110 = CARTESIAN_POINT ( 'NONE',  ( 21.64312934491221085, -10.83408579628151891, 55.81670252612867245 ) ) ;
#6111 = CARTESIAN_POINT ( 'NONE',  ( 0.2854874800939357082, -37.44241962179533090, 9.000169605237124060 ) ) ;
#6112 = CARTESIAN_POINT ( 'NONE',  ( 23.95488316437185006, -7.054632420339126853, 55.15759620381918893 ) ) ;
#6113 = EDGE_CURVE ( 'NONE', #82, #4341, #5494, .T. ) ;
#6114 = CARTESIAN_POINT ( 'NONE',  ( 42.50822766418272636, -1.468341892364851686, 74.42091579691366121 ) ) ;
#6115 = ORIENTED_EDGE ( 'NONE', *, *, #64, .F. ) ;
#6116 = CARTESIAN_POINT ( 'NONE',  ( 16.38691430447416764, -4.118124527041570282, 51.51192142296260101 ) ) ;
#6117 = CARTESIAN_POINT ( 'NONE',  ( 16.46055307185534744, -3.947729080845144622, 53.11912567175846789 ) ) ;
#6118 = CARTESIAN_POINT ( 'NONE',  ( -1.232711613159312103, -0.7490519396421740916, 61.43274141472128491 ) ) ;
#6119 = CARTESIAN_POINT ( 'NONE',  ( 129.0766920914699654, -4.204797415085485213, 80.24991889965110659 ) ) ;
#6120 = CARTESIAN_POINT ( 'NONE',  ( 164.1711553919904816, -5.495716022438580595, 44.09710907465558449 ) ) ;
#6121 = CARTESIAN_POINT ( 'NONE',  ( 63.00685201437615746, -4.000000000000012434, -90.70133557119197576 ) ) ;
#6122 = CARTESIAN_POINT ( 'NONE',  ( 20.36082540615132075, -26.96475769767876685, 35.57686982298324807 ) ) ;
#6123 = CARTESIAN_POINT ( 'NONE',  ( 21.42502844382060445, -13.06811750989857934, 52.91501202145675364 ) ) ;
#6124 = CARTESIAN_POINT ( 'NONE',  ( 21.28583993436504684, -10.63043161494174171, 55.62311746011091174 ) ) ;
#6125 = CARTESIAN_POINT ( 'NONE',  ( 21.24092470322524306, -7.921717281086048779, 58.59694472118371777 ) ) ;
#6126 = CARTESIAN_POINT ( 'NONE',  ( 90.81513272050429464, -5.469939999019975296, -89.59819200980733456 ) ) ;
#6127 = CARTESIAN_POINT ( 'NONE',  ( 156.9807806531160850, -2.775557561562891351E-14, 50.06789516244234761 ) ) ;
#6128 = CARTESIAN_POINT ( 'NONE',  ( 148.1503586542206108, -4.689536894182015914, 65.89416035143892714 ) ) ;
#6129 = CARTESIAN_POINT ( 'NONE',  ( 16.78796960607193256, -22.63431747842799879, 12.47139577780404096 ) ) ;
#6130 = CARTESIAN_POINT ( 'NONE',  ( 17.10293367557877886, -5.512207922195363679E-15, 0.000000000000000000 ) ) ;
#6131 = CARTESIAN_POINT ( 'NONE',  ( 20.34536719873064925, -34.34959553575263413, -21.81000826438560480 ) ) ;
#6132 = CARTESIAN_POINT ( 'NONE',  ( -1.365221476497240793, -5.867336362172117958, 56.05792078066298245 ) ) ;
#6133 = CARTESIAN_POINT ( 'NONE',  ( 0.9611145832504608411, -3.430911900466257158, -53.80283080584017341 ) ) ;
#6134 = CARTESIAN_POINT ( 'NONE',  ( 116.6772932256279347, -4.000000000000058620, 86.11717063908547232 ) ) ;
#6135 = EDGE_LOOP ( 'NONE', ( #4726, #2677, #5150 ) ) ;
#6136 = DIRECTION ( 'NONE',  ( 1.500332356076766180E-16, 1.000000000000000000, -0.000000000000000000 ) ) ;
#6137 = CARTESIAN_POINT ( 'NONE',  ( 19.07334698233635351, -40.88189669053597441, -38.76238080152554488 ) ) ;
#6138 = CARTESIAN_POINT ( 'NONE',  ( 100.8894026391938041, -56.48968423887149015, -24.02708564169806849 ) ) ;
#6139 = CARTESIAN_POINT ( 'NONE',  ( 16.30213095848997185, -3.872056836568870342, 51.38200860011411208 ) ) ;
#6140 = CARTESIAN_POINT ( 'NONE',  ( 17.19519723104889408, -4.287607043153624176, 56.30231892670236959 ) ) ;
#6141 = CARTESIAN_POINT ( 'NONE',  ( 21.53886288001765692, -19.52464698113082520, 44.39522520214638490 ) ) ;
#6142 = CARTESIAN_POINT ( 'NONE',  ( 23.37041408533431053, -1.127863031542391647, -59.09518697719085623 ) ) ;
#6143 = CARTESIAN_POINT ( 'NONE',  ( 166.9091232614881051, -4.113429058293097462, 45.66383714814097772 ) ) ;
#6144 = CARTESIAN_POINT ( 'NONE',  ( 122.9724186269229023, -2.139614930156375081E-14, -89.34475250625814624 ) ) ;
#6145 = CARTESIAN_POINT ( 'NONE',  ( 21.12786859056179978, -11.30482247052368017, 54.63307818629460400 ) ) ;
#6146 = CARTESIAN_POINT ( 'NONE',  ( -18.00000000000000711, -23.01543792756084272, 40.12870115983240993 ) ) ;
#6147 = CARTESIAN_POINT ( 'NONE',  ( 19.79405218338237304, -1.674079752829143342, 52.61608380238766358 ) ) ;
#6148 = CARTESIAN_POINT ( 'NONE',  ( 21.16888885731636805, -2.398614091342488930, 56.65710523502031037 ) ) ;
#6149 = CARTESIAN_POINT ( 'NONE',  ( 16.37657902042870361, -4.134129221707079083, 51.33101229942985810 ) ) ;
#6150 = ADVANCED_BREP_SHAPE_REPRESENTATION ( 'Sink Design for PCSIR', ( #3782, #1218, #3255 ), #3031 ) ;
#6151 = CARTESIAN_POINT ( 'NONE',  ( 16.47231624532777161, -3.965332718367794218, 53.16408654248603227 ) ) ;
#6152 = CARTESIAN_POINT ( 'NONE',  ( 19.66847802272711121, -1.440944052150909593, -53.06764268333821377 ) ) ;
#6153 = ADVANCED_FACE ( 'NONE', ( #5087, #2693, #3290 ), #30, .T. ) ;
#6154 = CARTESIAN_POINT ( 'NONE',  ( 60.25256720580411951, -4.426892386566444237, -87.27854380864965833 ) ) ;
#6155 = CARTESIAN_POINT ( 'NONE',  ( 172.8198769084970365, -5.617416164005860857, 22.22821097686535907 ) ) ;
#6156 = CARTESIAN_POINT ( 'NONE',  ( 18.52313515892380025, -0.2703456833917874391, -53.96340805658400086 ) ) ;
#6157 = CARTESIAN_POINT ( 'NONE',  ( 99.55630090674486610, -2.750000000000015099, -118.2577072356494341 ) ) ;
#6158 = CARTESIAN_POINT ( 'NONE',  ( 21.06975809678628764, -12.03877796691436863, 53.69962997546591055 ) ) ;
#6159 = ORIENTED_EDGE ( 'NONE', *, *, #1251, .T. ) ;
#6160 = CARTESIAN_POINT ( 'NONE',  ( 16.34409436138601279, -4.590245227084139401, 49.92105357665361254 ) ) ;
#6161 = CARTESIAN_POINT ( 'NONE',  ( 21.21228693786137498, -7.806870832862616183, 58.68901271365438532 ) ) ;
#6162 = CARTESIAN_POINT ( 'NONE',  ( 157.3590662021303501, -4.959799506746575659, 55.84118245720837592 ) ) ;
#6163 = CARTESIAN_POINT ( 'NONE',  ( 86.40000000000000568, -2.000000000000031086, 0.000000000000000000 ) ) ;
#6164 = CARTESIAN_POINT ( 'NONE',  ( 176.1222329451721578, -4.668455961644867536, 15.99541103149375942 ) ) ;
#6165 = EDGE_LOOP ( 'NONE', ( #2658, #2029, #6419, #1788, #385, #3519 ) ) ;
#6166 = CARTESIAN_POINT ( 'NONE',  ( 16.71866467527266664, -20.64968392630529337, 19.49989038414097564 ) ) ;
#6167 = CARTESIAN_POINT ( 'NONE',  ( 19.42023542594789731, -1.000042466283027842, 54.57707386134601535 ) ) ;
#6168 = CARTESIAN_POINT ( 'NONE',  ( -18.00000000000000355, -23.89432387103805766, -39.11686726222374944 ) ) ;
#6169 = ORIENTED_EDGE ( 'NONE', *, *, #4762, .T. ) ;
#6170 = CIRCLE ( 'NONE', #5827, 90.40651834143454835 ) ;
#6171 = CARTESIAN_POINT ( 'NONE',  ( 174.7648534189844725, -5.984541649895977145, 8.937790127333530066 ) ) ;
#6172 = B_SPLINE_CURVE_WITH_KNOTS ( 'NONE', 3,
 ( #620, #2316, #4525, #2874, #5045, #3908, #660, #2913, #1168, #6217, #2837, #6141, #2204, #1688, #5115, #4602, #5156, #1093 ),
 .UNSPECIFIED., .F., .F.,
 ( 4, 2, 2, 2, 2, 2, 2, 2, 4 ),
 ( 0.06088460846166766222, 0.07604255944423679581, 0.08362153493552135219, 0.08741102268116364427, 0.09120051042680592246, 0.1063584614093750352, 0.1101479491550172995, 0.1139374369006595777, 0.1215164123919440925 ),
 .UNSPECIFIED. ) ;
#6173 = CARTESIAN_POINT ( 'NONE',  ( 32.27625638748349246, -7.788710623581872825E-15, 68.85511844031731243 ) ) ;
#6174 = CARTESIAN_POINT ( 'NONE',  ( 176.8218937221553801, -3.999999999999706901, -29.37705317841089681 ) ) ;
#6175 = ORIENTED_EDGE ( 'NONE', *, *, #5412, .F. ) ;
#6176 = DIRECTION ( 'NONE',  ( -1.000000000000000000, 1.500332356076765934E-16, 0.000000000000000000 ) ) ;
#6177 = CIRCLE ( 'NONE', #5466, 104.0828833446088879 ) ;
#6178 = CARTESIAN_POINT ( 'NONE',  ( 177.3282808128095667, -4.000000000000029310, 25.70517591545141656 ) ) ;
#6179 = CARTESIAN_POINT ( 'NONE',  ( -2.733567913876119526, -5.819594407529417701, -0.000000000000000000 ) ) ;
#6180 = CARTESIAN_POINT ( 'NONE',  ( 18.81944219830449327, -7.002390590283592786, 56.10540486748950428 ) ) ;
#6181 = TOROIDAL_SURFACE ( 'NONE', #3019, 17.74499999999995481, 1.000000000000000000 ) ;
#6182 = CARTESIAN_POINT ( 'NONE',  ( 16.47998878189473260, -3.814571299889314204, 54.10813160274860678 ) ) ;
#6183 = CARTESIAN_POINT ( 'NONE',  ( 19.53567702869435152, -1.243707503960679750, 53.32282920336098897 ) ) ;
#6184 = CARTESIAN_POINT ( 'NONE',  ( -4.259443137613194708, -6.042206017373004556, 0.000000000000000000 ) ) ;
#6185 = CARTESIAN_POINT ( 'NONE',  ( 178.1342601057419870, -4.124510244209186993, 16.35014967262004504 ) ) ;
#6186 = CARTESIAN_POINT ( 'NONE',  ( 104.2644690182288087, -1.858933509018601118E-14, -94.61288875020659361 ) ) ;
#6187 = CARTESIAN_POINT ( 'NONE',  ( 69.04698232559310611, -53.01288504816876213, 34.70603534881377072 ) ) ;
#6188 = CARTESIAN_POINT ( 'NONE',  ( 1.511440912734353548, -4.277705893389357250, 53.45627696365257009 ) ) ;
#6189 = CARTESIAN_POINT ( 'NONE',  ( 19.78801121364216442, -1.661887273793542397, 52.64231847192770175 ) ) ;
#6190 = DIRECTION ( 'NONE',  ( -1.000000000000000000, 1.480700994289763183E-16, 0.000000000000000000 ) ) ;
#6191 = ORIENTED_EDGE ( 'NONE', *, *, #2645, .F. ) ;
#6192 = EDGE_CURVE ( 'NONE', #4653, #1623, #5629, .T. ) ;
#6193 = CARTESIAN_POINT ( 'NONE',  ( 16.45639998654126401, -4.294658749378189810, 51.73661179213392103 ) ) ;
#6194 = CARTESIAN_POINT ( 'NONE',  ( 20.62172669484738563, -5.933795463777746804, 60.02797354903535165 ) ) ;
#6195 = CARTESIAN_POINT ( 'NONE',  ( 19.14756479569564718, -0.7874685070918823193, -56.45875661893980890 ) ) ;
#6196 = CARTESIAN_POINT ( 'NONE',  ( 148.7715344826270041, -4.263041179801715153, 66.55945170999218874 ) ) ;
#6197 = CARTESIAN_POINT ( 'NONE',  ( 113.0188595493402772, -4.564656228252289338, 85.96659699598335180 ) ) ;
#6198 = CARTESIAN_POINT ( 'NONE',  ( 32.50653526822585349, -3.430911900466262487, -85.55133528908187657 ) ) ;
#6199 = FACE_OUTER_BOUND ( 'NONE', #3348, .T. ) ;
#6200 = CARTESIAN_POINT ( 'NONE',  ( 19.54630526983230965, -10.81687254224077854, 52.84413984671547837 ) ) ;
#6201 = CARTESIAN_POINT ( 'NONE',  ( 16.25560745137487473, -4.220772277523280103, 49.55421390127064996 ) ) ;
#6202 = CARTESIAN_POINT ( 'NONE',  ( 21.25171939216890848, -7.819734391195015455, 58.71892225167668755 ) ) ;
#6203 = CARTESIAN_POINT ( 'NONE',  ( 39.46055101436861179, -1.019150042136374168E-14, 74.80363292895221150 ) ) ;
#6204 = CARTESIAN_POINT ( 'NONE',  ( 38.95989793951828517, -4.000000000000001776, -76.95956909385098754 ) ) ;
#6205 = CARTESIAN_POINT ( 'NONE',  ( 109.8287001016414877, -4.250097185782510500, 87.25887315295470614 ) ) ;
#6206 = CARTESIAN_POINT ( 'NONE',  ( 21.46724838293194892, -26.11607840964036953, 33.20584294225975697 ) ) ;
#6207 = CARTESIAN_POINT ( 'NONE',  ( 4.504591133929625180, -41.65783475387775781, -7.797174366520626343 ) ) ;
#6208 = LINE ( 'NONE', #4627, #2902 ) ;
#6209 = CARTESIAN_POINT ( 'NONE',  ( 99.84328209544409560, -4.371856026152486585, 89.11335613829528768 ) ) ;
#6210 = ORIENTED_EDGE ( 'NONE', *, *, #4129, .T. ) ;
#6211 = CARTESIAN_POINT ( 'NONE',  ( 138.1463538553895489, -2.750000000018645974, 69.55963267652660420 ) ) ;
#6212 = DIRECTION ( 'NONE',  ( 1.000000000000000000, 0.000000000000000000, 0.000000000000000000 ) ) ;
#6213 = CARTESIAN_POINT ( 'NONE',  ( 129.6979847599887705, -49.66000481461369276, 0.8205984338344565199 ) ) ;
#6214 = ORIENTED_EDGE ( 'NONE', *, *, #843, .T. ) ;
#6215 = CARTESIAN_POINT ( 'NONE',  ( 21.28732260796796183, -8.146395900507359400, 58.40506704011720984 ) ) ;
#6216 = CARTESIAN_POINT ( 'NONE',  ( 17.51292916123938781, -4.378514744295507022, 56.98072425555494647 ) ) ;
#6217 = CARTESIAN_POINT ( 'NONE',  ( 21.47588441198485043, -25.41942927994807633, 34.55091647148626066 ) ) ;
#6218 = CARTESIAN_POINT ( 'NONE',  ( 20.82072797588116231, -23.50257419370786494, -5.764045179438484823 ) ) ;
#6219 = CARTESIAN_POINT ( 'NONE',  ( 149.2196371388414491, -4.097603104393615858, 67.02542774321865693 ) ) ;
#6220 = CARTESIAN_POINT ( 'NONE',  ( 100.8140851560874296, -1.807166283526042208E-14, -95.11325960982378547 ) ) ;
#6221 = CARTESIAN_POINT ( 'NONE',  ( 110.6172451890448514, -57.95386985700427829, -48.43449037808971269 ) ) ;
#6222 = CARTESIAN_POINT ( 'NONE',  ( 186.7058261022470447, -4.277705893389385672, -1.543457376379904433 ) ) ;
#6223 = CARTESIAN_POINT ( 'NONE',  ( 19.45459595961937183, -1.127499684556824144, 56.46224559255001907 ) ) ;
#6224 = CARTESIAN_POINT ( 'NONE',  ( 78.09511022914558964, -3.430911900466268261, 100.7698633564436648 ) ) ;
#6225 = ORIENTED_EDGE ( 'NONE', *, *, #3775, .T. ) ;
#6226 = CARTESIAN_POINT ( 'NONE',  ( 20.58373985851120480, -8.342003930464088057, 57.32863143703031028 ) ) ;
#6227 = CARTESIAN_POINT ( 'NONE',  ( 20.55062856300171958, -5.924584344832707572, 59.95942211301619551 ) ) ;
#6228 = CARTESIAN_POINT ( 'NONE',  ( 19.77569917031605939, -1.637461316662935928, -52.69377396365018029 ) ) ;
#6229 = CARTESIAN_POINT ( 'NONE',  ( 138.0589624823925305, -4.234232895159261822, 75.22493745283902911 ) ) ;
#6230 = CARTESIAN_POINT ( 'NONE',  ( 67.35693722991663890, -5.523012965412493536, -87.26161172653922904 ) ) ;
#6231 = DIRECTION ( 'NONE',  ( 0.9993253536917788837, 0.000000000000000000, 0.03672652268866424125 ) ) ;
#6232 = CARTESIAN_POINT ( 'NONE',  ( -18.00000000000000711, -37.24753809675057425, 11.41428795664992357 ) ) ;
#6233 = CARTESIAN_POINT ( 'NONE',  ( 159.6817638460131263, -10.89637210648305121, 46.02416551361761776 ) ) ;
#6234 = CARTESIAN_POINT ( 'NONE',  ( 16.04650857045615098, -3.629865179015562493, 47.09656725754507534 ) ) ;
#6235 = CARTESIAN_POINT ( 'NONE',  ( 16.25909401135330512, -4.234597725332601037, 49.57348123444226218 ) ) ;
#6236 = CARTESIAN_POINT ( 'NONE',  ( 16.65419522063544733, -4.497706030831184698, 52.87394625478231802 ) ) ;
#6237 = CARTESIAN_POINT ( 'NONE',  ( 128.2857078017369759, 2.519351693310173257E-11, -75.72336631154584552 ) ) ;
#6238 = ORIENTED_EDGE ( 'NONE', *, *, #4217, .T. ) ;
#6239 = CARTESIAN_POINT ( 'NONE',  ( 99.80997357311944995, -4.135821412499168126, 89.29524047024817435 ) ) ;
#6240 = CARTESIAN_POINT ( 'NONE',  ( 16.99040433680603357, -28.43128970086148399, 13.71498796120676644 ) ) ;
#6241 = DIRECTION ( 'NONE',  ( 0.000000000000000000, 0.000000000000000000, -1.000000000000000000 ) ) ;
#6242 = CARTESIAN_POINT ( 'NONE',  ( -18.00000000000000355, -35.20046100370831965, -18.82390884577319667 ) ) ;
#6243 = CALENDAR_DATE ( 2026, 2, 6 ) ;
#6244 = CARTESIAN_POINT ( 'NONE',  ( -1.316742061236247929, -5.942206017373001359, -56.02695572213438169 ) ) ;
#6245 = ADVANCED_FACE ( 'NONE', ( #5198 ), #6303, .T. ) ;
#6246 = ORIENTED_EDGE ( 'NONE', *, *, #349, .F. ) ;
#6247 = CARTESIAN_POINT ( 'NONE',  ( 23.60543687901715515, -5.338610476559498608, -56.63881461768122705 ) ) ;
#6248 = CARTESIAN_POINT ( 'NONE',  ( 178.2069909163831198, -4.000000000000031086, -27.06665702897369741 ) ) ;
#6249 = CARTESIAN_POINT ( 'NONE',  ( 163.6378206653734821, -22.16292595220785699, -43.63360797992654483 ) ) ;
#6250 = CARTESIAN_POINT ( 'NONE',  ( 20.33968248734234763, -7.760088667986257960, 57.65942072241013250 ) ) ;
#6251 = CARTESIAN_POINT ( 'NONE',  ( 19.91125688898252832, -4.515672952068247703, 60.72633901496687514 ) ) ;
#6252 = CARTESIAN_POINT ( 'NONE',  ( 19.67231782459239042, -1.449322473285286517, 53.04822772219748117 ) ) ;
#6253 = CARTESIAN_POINT ( 'NONE',  ( 20.80701549529973704, -23.10990012664110438, -9.107941289150957687 ) ) ;
#6254 = CARTESIAN_POINT ( 'NONE',  ( 96.45646389766267248, -4.016624921508070045, 89.86352334088682881 ) ) ;
#6255 = CARTESIAN_POINT ( 'NONE',  ( 106.8408800356014865, -1.897588237137769802E-14, -94.15518342837737009 ) ) ;
#6256 = FACE_OUTER_BOUND ( 'NONE', #2606, .T. ) ;
#6257 = CARTESIAN_POINT ( 'NONE',  ( -18.00000000000000000, -33.77089541184978572, 22.70749354411767129 ) ) ;
#6258 = CARTESIAN_POINT ( 'NONE',  ( 19.39467587549151872, -1.063128322889672628, 53.46257403426226773 ) ) ;
#6259 = CARTESIAN_POINT ( 'NONE',  ( 18.27983761408103547, -0.02349384064551956683, 54.39594562227782149 ) ) ;
#6260 = ORIENTED_EDGE ( 'NONE', *, *, #6407, .T. ) ;
#6261 = CARTESIAN_POINT ( 'NONE',  ( 21.38878369767430243, -8.494828677932781957, 58.13890100988167120 ) ) ;
#6262 = CARTESIAN_POINT ( 'NONE',  ( 20.58597258670418384, -5.929211533979919402, 59.99356143926683416 ) ) ;
#6263 = CARTESIAN_POINT ( 'NONE',  ( 19.79405218338226646, -1.674079752828961931, -52.61608380238752147 ) ) ;
#6264 = CARTESIAN_POINT ( 'NONE',  ( 178.7523848979817274, -4.345440618427131696, -1.125519544586320864 ) ) ;
#6265 = CARTESIAN_POINT ( 'NONE',  ( 164.4714899747407912, -5.242602419594519780, 44.27469704179981136 ) ) ;
#6266 = CARTESIAN_POINT ( 'NONE',  ( 18.38857056989982297, -5.718540077764109464E-15, -54.88775978469627859 ) ) ;
#6267 = CARTESIAN_POINT ( 'NONE',  ( 18.16734465773861018, -5.671904945865148116E-15, 54.16326158487159859 ) ) ;
#6268 = CARTESIAN_POINT ( 'NONE',  ( 140.3748994943715616, -2.775557561562891351E-14, -67.63986212418510036 ) ) ;
#6269 = CARTESIAN_POINT ( 'NONE',  ( 16.18733393474805737, -4.728144351265687106, 48.22705904087612083 ) ) ;
#6270 = CARTESIAN_POINT ( 'NONE',  ( 20.70596131582195198, -9.522973260322133982, 56.14159948387663945 ) ) ;
#6271 = CARTESIAN_POINT ( 'NONE',  ( 21.20177946022964477, -7.803399768776046130, 58.68105876032057466 ) ) ;
#6272 = CARTESIAN_POINT ( 'NONE',  ( 53.32281783879525960, 5.252494664767942956E-11, -79.96462182664292584 ) ) ;
#6273 = ORIENTED_EDGE ( 'NONE', *, *, #963, .T. ) ;
#6274 = CARTESIAN_POINT ( 'NONE',  ( 47.79767786216899594, -4.488731870024167847, -81.53296067508712497 ) ) ;
#6275 = CARTESIAN_POINT ( 'NONE',  ( 11.30988746998181860, -37.80621256331320978, 6.397790643490481877 ) ) ;
#6276 = CARTESIAN_POINT ( 'NONE',  ( -1.799445600003879653, -1.315945869334747886, -61.14979656212176451 ) ) ;
#6277 = CYLINDRICAL_SURFACE ( 'NONE', #6893, 16.74499999999999744 ) ;
#6278 = EDGE_CURVE ( 'NONE', #5652, #5221, #4227, .T. ) ;
#6279 = APPROVAL_ROLE ( '' ) ;
#6280 = CARTESIAN_POINT ( 'NONE',  ( 134.6869085915714663, -6.194013093887564381, -74.08782668934841809 ) ) ;
#6281 = ORIENTED_EDGE ( 'NONE', *, *, #2470, .T. ) ;
#6282 = CARTESIAN_POINT ( 'NONE',  ( 139.5177367352229396, -3.098959469629596571E-12, 71.54143366206407961 ) ) ;
#6283 = DIRECTION ( 'NONE',  ( 1.500332356076765934E-16, 1.000000000000000000, -0.000000000000000000 ) ) ;
#6284 = CARTESIAN_POINT ( 'NONE',  ( 171.2782572681647935, -11.64686191744702981, 1.608642188936649120 ) ) ;
#6285 = CARTESIAN_POINT ( 'NONE',  ( 16.71236219361373543, -4.679326688518298916, 52.79486046493251905 ) ) ;
#6286 = CARTESIAN_POINT ( 'NONE',  ( 19.61515164535432731, -4.054664845699404552, 60.87930368660261138 ) ) ;
#6287 = CARTESIAN_POINT ( 'NONE',  ( 24.07001665015791403, -28.03195132062290185, 19.48220712294918755 ) ) ;
#6288 = CARTESIAN_POINT ( 'NONE',  ( 20.55652467831399832, -15.93678164639277739, -30.31432286422132094 ) ) ;
#6289 = CARTESIAN_POINT ( 'NONE',  ( 132.4405075113602095, -4.025761052565135500, 79.17770226281454882 ) ) ;
#6290 = CARTESIAN_POINT ( 'NONE',  ( 168.9233082880163010, -2.829030995646892881E-14, 44.64602417690738889 ) ) ;
#6291 = CARTESIAN_POINT ( 'NONE',  ( 16.06540318115973065, -1.942722321247797534, -59.36997750967415755 ) ) ;
#6292 = CARTESIAN_POINT ( 'NONE',  ( -2.819200273612061380, -3.983921567291324628, -59.76102193758997316 ) ) ;
#6293 = CARTESIAN_POINT ( 'NONE',  ( 18.55356436707665324, -0.3735179189450171244, 52.44367787773104794 ) ) ;
#6294 = CARTESIAN_POINT ( 'NONE',  ( -22.00000000000000355, -40.88189669070967369, -38.76238079680283732 ) ) ;
#6295 = ORIENTED_EDGE ( 'NONE', *, *, #3576, .F. ) ;
#6296 = AXIS2_PLACEMENT_3D ( 'NONE', #2468, #6362, #4166 ) ;
#6297 = CARTESIAN_POINT ( 'NONE',  ( 21.37696012297650228, -8.490293849201286491, 58.13062627520601211 ) ) ;
#6298 = CARTESIAN_POINT ( 'NONE',  ( 16.48366593576313122, -3.932472976350855465, 53.45428599999091546 ) ) ;
#6299 = CARTESIAN_POINT ( 'NONE',  ( 20.61974373154352946, -4.467478246929508678, -54.26305344492627825 ) ) ;
#6300 = CARTESIAN_POINT ( 'NONE',  ( 73.58220642695857805, -4.329866885451816749, -91.12725578946174210 ) ) ;
#6301 = CARTESIAN_POINT ( 'NONE',  ( 122.5289410687428102, -4.732327901311931484, 82.34073350088745258 ) ) ;
#6302 = CARTESIAN_POINT ( 'NONE',  ( 18.68785190858633172, -0.3902980753020782179, -53.99172242128493338 ) ) ;
#6303 = TOROIDAL_SURFACE ( 'NONE', #3134, 105.4400000000000119, 1.999999999999999112 ) ;
#6304 = CARTESIAN_POINT ( 'NONE',  ( 20.36082540615132075, -38.31026286157669603, -0.1470188481355377552 ) ) ;
#6305 = CARTESIAN_POINT ( 'NONE',  ( 23.63138245309565022, 2.885203125470675918E-12, -59.42163606089454930 ) ) ;
#6306 = EDGE_LOOP ( 'NONE', ( #4622, #4703, #2901, #2584 ) ) ;
#6307 = CARTESIAN_POINT ( 'NONE',  ( 19.80806012455736109, -8.939686883400943529, 55.48079974004487269 ) ) ;
#6308 = CARTESIAN_POINT ( 'NONE',  ( 19.89766261333294750, -6.936802683660983071, 58.00180332613111034 ) ) ;
#6309 = CARTESIAN_POINT ( 'NONE',  ( 17.39456389188148577, -5.637851296924623057E-15, -52.00651240713872170 ) ) ;
#6310 = ORIENTED_EDGE ( 'NONE', *, *, #617, .F. ) ;
#6311 = CARTESIAN_POINT ( 'NONE',  ( 168.6615313861333902, -4.625540943732834975, 38.78457841776605619 ) ) ;
#6312 = CARTESIAN_POINT ( 'NONE',  ( 94.69132672763618075, -3.999999999999813483, -94.98017583649546225 ) ) ;
#6313 = CARTESIAN_POINT ( 'NONE',  ( 86.39999999999997726, -57.99749635261596126, 0.000000000000000000 ) ) ;
#6314 = CARTESIAN_POINT ( 'NONE',  ( 69.65499999999995850, -58.15464714294839155, 0.000000000000000000 ) ) ;
#6315 = DIRECTION ( 'NONE',  ( 1.000000000000000000, 0.000000000000000000, 0.000000000000000000 ) ) ;
#6316 = EDGE_CURVE ( 'NONE', #3528, #6013, #5542, .T. ) ;
#6317 = DATE_TIME_ROLE ( 'creation_date' ) ;
#6318 = CARTESIAN_POINT ( 'NONE',  ( 170.6405196193681775, -6.105901031170210658, -27.37224261589841845 ) ) ;
#6319 = CARTESIAN_POINT ( 'NONE',  ( 65.57072143446916357, -9.404755200714699862E-12, -87.46170189542962703 ) ) ;
#6320 = ADVANCED_FACE ( 'NONE', ( #4236 ), #6489, .T. ) ;
#6321 = CARTESIAN_POINT ( 'NONE',  ( 62.87428115792814509, -4.000000000000011546, -90.88644020243967248 ) ) ;
#6322 = CARTESIAN_POINT ( 'NONE',  ( 24.66999303061504989, -37.01303407287551295, -36.43285264902836929 ) ) ;
#6323 = CARTESIAN_POINT ( 'NONE',  ( 20.89694316693275766, -7.899485179173363569, 58.22298132783597424 ) ) ;
#6324 = CARTESIAN_POINT ( 'NONE',  ( 16.46377245966414549, -3.803412909604892533, 54.00998452059766919 ) ) ;
#6325 = CARTESIAN_POINT ( 'NONE',  ( 179.0824426214868481, -13.94371515320614918, 4.163336342344337027E-14 ) ) ;
#6326 = CARTESIAN_POINT ( 'NONE',  ( 20.30373612227378288, -8.697864528603419743, -41.48948277079293945 ) ) ;
#6327 = CARTESIAN_POINT ( 'NONE',  ( 149.4456873398635537, -4.031850248806650328, 67.25884039148348847 ) ) ;
#6328 = CARTESIAN_POINT ( 'NONE',  ( 152.0958985875395513, -2.576563923221039897E-14, 65.77000352189045884 ) ) ;
#6329 = CARTESIAN_POINT ( 'NONE',  ( 18.94697157796302989, -36.06749052485101004, -15.63178497408569712 ) ) ;
#6330 = CARTESIAN_POINT ( 'NONE',  ( 20.37110378372303288, -2.805188722908901422, 55.76399773226663825 ) ) ;
#6331 = CARTESIAN_POINT ( 'NONE',  ( 19.42023542594789731, -1.000042466283027842, 54.57707386134601535 ) ) ;
#6332 = EDGE_LOOP ( 'NONE', ( #3410, #6586, #413, #86 ) ) ;
#6333 = CARTESIAN_POINT ( 'NONE',  ( 20.98009135958024274, -8.329953744149698025, 57.84560863864939506 ) ) ;
#6334 = CARTESIAN_POINT ( 'NONE',  ( 17.34531540921314985, -4.820828331519783738, 55.65005734169072582 ) ) ;
#6335 = CARTESIAN_POINT ( 'NONE',  ( 20.30250350752000799, -8.662567060313127953, 41.36885966058630260 ) ) ;
#6336 = CARTESIAN_POINT ( 'NONE',  ( 97.93642545363437080, -4.365321361536630640, -92.05564316307926731 ) ) ;
#6337 = CARTESIAN_POINT ( 'NONE',  ( 176.1012960040932001, -5.412067198069841822, -1.100326951412369469 ) ) ;
#6338 = CARTESIAN_POINT ( 'NONE',  ( 19.39318736685265776, -1.060900701977805172, -53.46558270808939994 ) ) ;
#6339 = DIRECTION ( 'NONE',  ( 0.000000000000000000, 0.7431926576407441587, 0.6690774795409629716 ) ) ;
#6340 = CARTESIAN_POINT ( 'NONE',  ( 56.96418463718783443, -1.019150042136374168E-14, 84.01758048295837966 ) ) ;
#6341 = CARTESIAN_POINT ( 'NONE',  ( 16.32742584095680272, -4.231280815224520708, 50.43323064131946865 ) ) ;
#6342 = CARTESIAN_POINT ( 'NONE',  ( 16.43795958095959975, -4.015062554036537890, 52.52485059377475807 ) ) ;
#6343 = CARTESIAN_POINT ( 'NONE',  ( 145.7138281206392776, -2.341876692568689577E-14, 74.55907125048776152 ) ) ;
#6344 = CARTESIAN_POINT ( 'NONE',  ( -9.000000000000003553, -42.28566622599508662, 0.5952736460320005030 ) ) ;
#6345 = CARTESIAN_POINT ( 'NONE',  ( 152.3415460387002724, -4.739079389731517544, -63.53168862367491698 ) ) ;
#6346 = CARTESIAN_POINT ( 'NONE',  ( 179.6723135009534360, -4.000000000000030198, 16.61216404926134871 ) ) ;
#6347 = ORIENTED_EDGE ( 'NONE', *, *, #930, .T. ) ;
#6348 = CARTESIAN_POINT ( 'NONE',  ( 5.817767644019474993, -36.99044576608364565, 11.56878848610796062 ) ) ;
#6349 = DIRECTION ( 'NONE',  ( 1.000000000000000000, 0.000000000000000000, 0.000000000000000000 ) ) ;
#6350 = CARTESIAN_POINT ( 'NONE',  ( 20.00918492074665522, -12.72238897265704338, 51.35530580874164741 ) ) ;
#6351 = CARTESIAN_POINT ( 'NONE',  ( 170.1103421111726561, -5.212011174686193904, -34.34828310925271921 ) ) ;
#6352 = CARTESIAN_POINT ( 'NONE',  ( 103.1578023510115685, -4.416179384569667299, 88.46314178054915089 ) ) ;
#6353 = CARTESIAN_POINT ( 'NONE',  ( 37.18529120979628999, -2.750000000001560085, -71.03574217188399587 ) ) ;
#6354 = DIRECTION ( 'NONE',  ( -1.000000000000000000, 0.000000000000000000, 0.000000000000000000 ) ) ;
#6355 = CARTESIAN_POINT ( 'NONE',  ( 47.09270847976971197, -31.58140437854546079, -68.06552083654352714 ) ) ;
#6356 = CARTESIAN_POINT ( 'NONE',  ( 16.40306510937651652, -4.061227391375874518, 51.91878779560486379 ) ) ;
#6357 = CARTESIAN_POINT ( 'NONE',  ( 18.04056425400968067, -4.225051669896043194, 58.47963413103430241 ) ) ;
#6358 = CARTESIAN_POINT ( 'NONE',  ( 85.84362670746757829, -47.26221975847406043, 52.78134362686710546 ) ) ;
#6359 = CARTESIAN_POINT ( 'NONE',  ( 69.65499999999995850, -64.66763823405520384, 0.000000000000000000 ) ) ;
#6360 = CARTESIAN_POINT ( 'NONE',  ( 175.9842529716700028, -4.039892918945901634, 26.68789501675068010 ) ) ;
#6361 = CARTESIAN_POINT ( 'NONE',  ( 180.6991189657303778, -3.005707293434979342E-14, 10.16560422287429688 ) ) ;
#6362 = DIRECTION ( 'NONE',  ( 0.000000000000000000, 1.000000000000000000, 0.000000000000000000 ) ) ;
#6363 = CARTESIAN_POINT ( 'NONE',  ( 20.94315489421074261, -0.3356874761444341715, 58.94753478610095954 ) ) ;
#6364 = CARTESIAN_POINT ( 'NONE',  ( 56.94194457284961430, -3.430911900466266040, 96.72517524116101129 ) ) ;
#6365 = CARTESIAN_POINT ( 'NONE',  ( 16.62424568535545433, -4.609645954826017800, 52.35598668876043149 ) ) ;
#6366 = CARTESIAN_POINT ( 'NONE',  ( 20.35773921754644533, -5.453072481372805314, 60.24064085005738889 ) ) ;
#6367 = CARTESIAN_POINT ( 'NONE',  ( 18.32239328243919729, -0.2510513517480017498, -51.81509871204711004 ) ) ;
#6368 = CARTESIAN_POINT ( 'NONE',  ( 104.8903944661500418, -4.369985731091296621, -91.11938677214615723 ) ) ;
#6369 = CARTESIAN_POINT ( 'NONE',  ( 146.2684555510682003, -5.518528608968860993, -67.07714622309795516 ) ) ;
#6370 = CARTESIAN_POINT ( 'NONE',  ( 17.95765646710033892, -0.1200466510480323046, -50.45154813048726083 ) ) ;
#6371 = CARTESIAN_POINT ( 'NONE',  ( 86.40000000000000568, -6.042206017372988569, 0.000000000000000000 ) ) ;
#6372 = CARTESIAN_POINT ( 'NONE',  ( 156.9807806532506618, 5.040785054791518037E-11, -50.06789516230773529 ) ) ;
#6373 = ORIENTED_EDGE ( 'NONE', *, *, #2411, .T. ) ;
#6374 = CARTESIAN_POINT ( 'NONE',  ( 18.26715340513341701, -7.097969714964233567, 54.73477043822757082 ) ) ;
#6375 = ADVANCED_FACE ( 'NONE', ( #3166 ), #7257, .F. ) ;
#6376 = CARTESIAN_POINT ( 'NONE',  ( 16.43400081843874361, -4.008657870918930222, 52.50649181334886606 ) ) ;
#6377 = CARTESIAN_POINT ( 'NONE',  ( 186.9310958413437049, -3.122502256758252770E-14, -22.91231914975823969 ) ) ;
#6378 = CARTESIAN_POINT ( 'NONE',  ( -1.172911223686586846, -41.49944815647745600, 8.928183188070713427 ) ) ;
#6379 = CARTESIAN_POINT ( 'NONE',  ( 73.71740660619542496, -4.660109875737339813, -90.16051268658070228 ) ) ;
#6380 = CARTESIAN_POINT ( 'NONE',  ( 93.09857180604177529, -4.000000000000016875, 90.06724908452822831 ) ) ;
#6381 = ORIENTED_EDGE ( 'NONE', *, *, #207, .T. ) ;
#6382 = CARTESIAN_POINT ( 'NONE',  ( 9.817331146319068225, -37.52497004755313270, 8.466261038768386982 ) ) ;
#6383 = CARTESIAN_POINT ( 'NONE',  ( 86.40000000000000568, -2.750000000000012879, 0.000000000000000000 ) ) ;
#6384 = CARTESIAN_POINT ( 'NONE',  ( 20.44157658457444526, -13.09993999919695185, 51.55906887580883335 ) ) ;
#6385 = CARTESIAN_POINT ( 'NONE',  ( 49.42598397092882578, -4.681091288578011600, -82.12485778261718394 ) ) ;
#6386 = CARTESIAN_POINT ( 'NONE',  ( 113.6776861918752388, -6.199154059923059457, -84.12952951141140545 ) ) ;
#6387 = VERTEX_POINT ( 'NONE', #473 ) ;
#6388 = CARTESIAN_POINT ( 'NONE',  ( 170.4183210421419687, -1.245710073276668061E-11, -35.02724402004087523 ) ) ;
#6389 = CARTESIAN_POINT ( 'NONE',  ( 7.126285195769087366, -37.90507963221993748, -5.504815547759989158 ) ) ;
#6390 = CARTESIAN_POINT ( 'NONE',  ( -3.417065038138586530, -4.843351673694504811, 5.551115123125782702E-14 ) ) ;
#6391 = CARTESIAN_POINT ( 'NONE',  ( 20.64709290221343707, -7.800963330894751024, 58.02491410582716469 ) ) ;
#6392 = CARTESIAN_POINT ( 'NONE',  ( 16.46547019927997724, -3.774121227326262318, 54.22889130462117890 ) ) ;
#6393 = FACE_OUTER_BOUND ( 'NONE', #3805, .T. ) ;
#6394 = CARTESIAN_POINT ( 'NONE',  ( 20.40704970196957291, -11.65637836420120799, 45.11916147809220234 ) ) ;
#6395 = ADVANCED_FACE ( 'NONE', ( #7206 ), #1464, .F. ) ;
#6396 = CARTESIAN_POINT ( 'NONE',  ( 98.10627084477243898, -4.136320377658828207, -93.35711736519527904 ) ) ;
#6397 = CARTESIAN_POINT ( 'NONE',  ( 146.2408798369876024, -2.488719182452147232E-14, 70.75656110777279650 ) ) ;
#6398 = CARTESIAN_POINT ( 'NONE',  ( -1.037034476064111033, -5.500000000000017764, -58.92672230857209570 ) ) ;
#6399 = CARTESIAN_POINT ( 'NONE',  ( 16.47767356156462171, -13.74860135522941640, 34.11708261731592273 ) ) ;
#6400 = CARTESIAN_POINT ( 'NONE',  ( 110.5632927210976675, -56.48968423887145462, 2.959149908775279235E-15 ) ) ;
#6401 = CARTESIAN_POINT ( 'NONE',  ( 21.24182270427544950, -8.437403495617273208, 58.03561224917115169 ) ) ;
#6402 = CARTESIAN_POINT ( 'NONE',  ( 16.53885304838644288, -4.009895694872463778, 53.63042415077303815 ) ) ;
#6403 = CARTESIAN_POINT ( 'NONE',  ( 18.55356436707679890, -0.3735179189450978376, -52.44367787773193612 ) ) ;
#6404 = CARTESIAN_POINT ( 'NONE',  ( 115.0875606992544817, -4.373065531566795450, -88.49085778340082697 ) ) ;
#6405 = CARTESIAN_POINT ( 'NONE',  ( 0.4333189738669785962, -5.942206017373004023, 58.67688095561793915 ) ) ;
#6406 = CARTESIAN_POINT ( 'NONE',  ( 13.50720233607891352, -24.61005504213182959, 38.25858782749482145 ) ) ;
#6407 = EDGE_CURVE ( 'NONE', #1476, #6721, #3964, .T. ) ;
#6408 = AXIS2_PLACEMENT_3D ( 'NONE', #1535, #4377, #3235 ) ;
#6409 = CARTESIAN_POINT ( 'NONE',  ( 53.32281783879525960, 5.252494664767942956E-11, -79.96462182664292584 ) ) ;
#6410 = CARTESIAN_POINT ( 'NONE',  ( 16.32222758058022194, -4.213307412396300577, 50.41223384253954265 ) ) ;
#6411 = CARTESIAN_POINT ( 'NONE',  ( 16.40786905370966053, -4.021527707984959399, 52.13769027813997070 ) ) ;
#6412 = CARTESIAN_POINT ( 'NONE',  ( 11.33147736797837979, -37.80256360594508891, 6.428630412438320008 ) ) ;
#6413 = VECTOR ( 'NONE', #6853, 1000.000000000000000 ) ;
#6414 = CARTESIAN_POINT ( 'NONE',  ( 114.6642484321337889, -4.746128015816391432, -87.18562118233647595 ) ) ;
#6415 = CARTESIAN_POINT ( 'NONE',  ( 175.7511588201646191, -4.000000000000029310, 30.32471983735867127 ) ) ;
#6416 = ORIENTED_EDGE ( 'NONE', *, *, #2411, .F. ) ;
#6417 = FACE_OUTER_BOUND ( 'NONE', #6024, .T. ) ;
#6418 = CARTESIAN_POINT ( 'NONE',  ( 3.945237458900113126, -37.57882962927851622, 8.094508694535674564 ) ) ;
#6419 = ORIENTED_EDGE ( 'NONE', *, *, #1020, .F. ) ;
#6420 = CARTESIAN_POINT ( 'NONE',  ( 18.05653295857610630, -10.62756392546801720, 50.16455598148288431 ) ) ;
#6421 = CARTESIAN_POINT ( 'NONE',  ( 141.4163311897584094, -5.248643722294139558, -71.92890203955680306 ) ) ;
#6422 = CARTESIAN_POINT ( 'NONE',  ( 112.0826176247262396, -6.197107585014899556, -84.61708146120477636 ) ) ;
#6423 = EDGE_LOOP ( 'NONE', ( #1231, #7259, #2259, #2745 ) ) ;
#6424 = CARTESIAN_POINT ( 'NONE',  ( 48.66435873273744761, -1.585136156173892771E-12, -79.98061930308514889 ) ) ;
#6425 = CARTESIAN_POINT ( 'NONE',  ( -8.985340036823467713, -38.28030143774881111, -0.5929951366630353826 ) ) ;
#6426 = CARTESIAN_POINT ( 'NONE',  ( 140.5108459214295351, -4.240957621055593485, -89.72943615922990546 ) ) ;
#6427 = CARTESIAN_POINT ( 'NONE',  ( 21.23032227039502828, -7.918104500407950219, 58.58903192080926203 ) ) ;
#6428 = CARTESIAN_POINT ( 'NONE',  ( 16.59845355913399345, -3.827580454893195760, 55.01443670468212588 ) ) ;
#6429 = CARTESIAN_POINT ( 'NONE',  ( 54.89384660698920015, -56.13001623236043258, -0.6642926860360905961 ) ) ;
#6430 = CARTESIAN_POINT ( 'NONE',  ( 24.07006139717167059, -27.96384077892712838, 19.71840968558339924 ) ) ;
#6431 = CARTESIAN_POINT ( 'NONE',  ( 179.7656953152523158, -4.041586174188823044, 9.456011017154242637 ) ) ;
#6432 = CARTESIAN_POINT ( 'NONE',  ( 135.5327403239366220, -2.328061500604001384E-14, 78.00573745069053189 ) ) ;
#6433 = CARTESIAN_POINT ( 'NONE',  ( 110.4901640819292368, -56.49543496491565975, 2.950194233386926126E-15 ) ) ;
#6434 = CARTESIAN_POINT ( 'NONE',  ( 16.76970336210611734, -22.11124068969532175, -14.67473011206525157 ) ) ;
#6435 = CARTESIAN_POINT ( 'NONE',  ( 43.09423980501166795, -49.66000481461362881, 86.61152038997663283 ) ) ;
#6436 = CARTESIAN_POINT ( 'NONE',  ( 21.35503718044511956, -8.378713298169067514, 58.22801462046107446 ) ) ;
#6437 = CARTESIAN_POINT ( 'NONE',  ( 16.56792515533711452, -4.047954346286088523, 53.71851111364901499 ) ) ;
#6438 = CARTESIAN_POINT ( 'NONE',  ( 18.42773281283873388, -0.2175798688749553955, -56.20236705169994451 ) ) ;
#6439 = CARTESIAN_POINT ( 'NONE',  ( 55.33561593339229034, -4.255385804838658359, -85.71754665887161195 ) ) ;
#6440 = CARTESIAN_POINT ( 'NONE',  ( 19.75460308161419221, -1.594760801569576003, -52.78547850553415799 ) ) ;
#6441 = CARTESIAN_POINT ( 'NONE',  ( 15.38584919023648467, -34.81675504603256144, -30.04829479889200883 ) ) ;
#6442 = CARTESIAN_POINT ( 'NONE',  ( 50.37539857435513824, -9.540979117872439019E-15, -86.91591692552921700 ) ) ;
#6443 = ORIENTED_EDGE ( 'NONE', *, *, #3639, .T. ) ;
#6444 = ORIENTED_EDGE ( 'NONE', *, *, #356, .T. ) ;
#6445 = CARTESIAN_POINT ( 'NONE',  ( 16.87315412116864977, -5.696634064053382573, 51.95844158602368879 ) ) ;
#6446 = CARTESIAN_POINT ( 'NONE',  ( 21.06735735338263282, -7.338766681347396847, 59.03292265765217905 ) ) ;
#6447 = CARTESIAN_POINT ( 'NONE',  ( 9.832108238087801766, -37.51760976436720085, 8.515533076020714631 ) ) ;
#6448 = CARTESIAN_POINT ( 'NONE',  ( 107.9923834617024312, -4.742573705967595643, -89.01899884262212481 ) ) ;
#6449 = CARTESIAN_POINT ( 'NONE',  ( 181.3937421190601924, -4.000000000000031086, 2.408120753741804343 ) ) ;
#6450 = CARTESIAN_POINT ( 'NONE',  ( -8.843489870988292978, -37.36689476039770597, 9.474914159422898052 ) ) ;
#6451 = CARTESIAN_POINT ( 'NONE',  ( -2.763896167373530943, -4.479670988040123980, 59.49197409691711869 ) ) ;
#6452 = CARTESIAN_POINT ( 'NONE',  ( 15.99218301059114999, -4.439253782401965331, 46.13884613477632968 ) ) ;
#6453 = CARTESIAN_POINT ( 'NONE',  ( 67.16717451308642239, -5.039270457111174828, -87.98908563314370213 ) ) ;
#6454 = CARTESIAN_POINT ( 'NONE',  ( 174.7408082677197001, -5.657590983827111231, 12.32125052685245414 ) ) ;
#6455 = CARTESIAN_POINT ( 'NONE',  ( 16.86602067352005818, -24.86940761501582031, -25.58803381015154699 ) ) ;
#6456 = CARTESIAN_POINT ( 'NONE',  ( 159.0073252802768593, -2.685070480857111866E-14, 59.05422846842457574 ) ) ;
#6457 = CARTESIAN_POINT ( 'NONE',  ( -6.787272952598174314, -37.85758991245802463, -5.939872985961653917 ) ) ;
#6458 = CARTESIAN_POINT ( 'NONE',  ( -3.333835250600131417, -4.962481512572394671, 6.938893903907228378E-14 ) ) ;
#6459 = CARTESIAN_POINT ( 'NONE',  ( 16.64946099500649268, -4.515005200268047858, 52.79128007580488458 ) ) ;
#6460 = EDGE_CURVE ( 'NONE', #1670, #2457, #5840, .T. ) ;
#6461 = CARTESIAN_POINT ( 'NONE',  ( 16.45763333649629701, -3.746663924572034343, 54.35188993293750315 ) ) ;
#6462 = CARTESIAN_POINT ( 'NONE',  ( 12.33325034156386302, -33.22972007004623407, 41.67014294537383279 ) ) ;
#6463 = CARTESIAN_POINT ( 'NONE',  ( 20.30250350752083222, -8.662567060336977320, 41.36885966060116715 ) ) ;
#6464 = CARTESIAN_POINT ( 'NONE',  ( 179.8953495103090461, -4.043126457239885951, -11.78887621463960222 ) ) ;
#6465 = CARTESIAN_POINT ( 'NONE',  ( 1.107415504873216605, 2.173762880958027708E-15, -61.79999999999999716 ) ) ;
#6466 = CARTESIAN_POINT ( 'NONE',  ( 172.6669757332709025, -9.793862287637157493, 1.056465757038725854E-14 ) ) ;
#6467 = CARTESIAN_POINT ( 'NONE',  ( 16.67284854986018061, -19.33768175455139016, -23.06167033967563640 ) ) ;
#6468 = CARTESIAN_POINT ( 'NONE',  ( 129.7057601949883292, -49.66000481461365013, 86.61152038997667546 ) ) ;
#6469 = CARTESIAN_POINT ( 'NONE',  ( 16.40295611523103148, -4.096142309678947768, 51.78629947773757181 ) ) ;
#6470 = CARTESIAN_POINT ( 'NONE',  ( 16.48646417563767130, -3.892717368144924084, 53.70270935075949126 ) ) ;
#6471 = CARTESIAN_POINT ( 'NONE',  ( 12.69955410015038666, -0.02748311517458039768, -48.63787902195826263 ) ) ;
#6472 = CARTESIAN_POINT ( 'NONE',  ( 45.98146140770580814, -4.103391383010560389, -81.35319743593289843 ) ) ;
#6473 = CARTESIAN_POINT ( 'NONE',  ( 86.40000000000000568, -6.500000000000017764, 0.000000000000000000 ) ) ;
#6474 = CARTESIAN_POINT ( 'NONE',  ( 9.321829237209644958, -16.68774389767443367, 46.39977365157693612 ) ) ;
#6475 = CARTESIAN_POINT ( 'NONE',  ( 186.6066687299341709, -3.122502256758252770E-14, 11.31649753389896418 ) ) ;
#6476 = VERTEX_POINT ( 'NONE', #3343 ) ;
#6477 = CARTESIAN_POINT ( 'NONE',  ( 20.09584248176115651, -8.269111313666362761, 56.73101769202474287 ) ) ;
#6478 = CARTESIAN_POINT ( 'NONE',  ( 20.80698187927396958, -6.841184269818179509, 59.27269959079291795 ) ) ;
#6479 = CARTESIAN_POINT ( 'NONE',  ( 11.72731452101999672, -37.89033955812233501, 5.674914408898973583 ) ) ;
#6480 = CARTESIAN_POINT ( 'NONE',  ( 174.9303131422524302, -4.535558467920830061, -25.10570396479177546 ) ) ;
#6481 = CARTESIAN_POINT ( 'NONE',  ( 45.82236218138757522, -4.000000000000044409, -81.84743795440419944 ) ) ;
#6482 = CARTESIAN_POINT ( 'NONE',  ( -12.31119750793603274, -38.03886592571362257, 4.197119449986683293 ) ) ;
#6483 = CARTESIAN_POINT ( 'NONE',  ( -2.794800423550033219, -4.356921581986684444, 59.55893413401985015 ) ) ;
#6484 = DIRECTION ( 'NONE',  ( 0.000000000000000000, 0.000000000000000000, -1.000000000000000000 ) ) ;
#6485 = CARTESIAN_POINT ( 'NONE',  ( 167.2844893534069115, -5.219539330305255298, -40.59114807859887009 ) ) ;
#6486 = CARTESIAN_POINT ( 'NONE',  ( 174.2870574972997701, -5.645168522014919255, 15.65529875479153610 ) ) ;
#6487 = CARTESIAN_POINT ( 'NONE',  ( 21.57955974613147632, -14.26323496154216208, -51.63317873767410759 ) ) ;
#6488 = CARTESIAN_POINT ( 'NONE',  ( -9.000000000000007105, -42.28566607010846212, -0.5952778844354988941 ) ) ;
#6489 =( BOUNDED_SURFACE ( )  B_SPLINE_SURFACE ( 3, 3, ( 
 ( #6505, #6958, #2019, #4750, #2053, #3653, #5895 ),
 ( #258, #3201, #5960, #7028, #6542, #3620, #1503 ),
 ( #6990, #1945, #913, #5927, #1909, #3757, #5308 ),
 ( #5863, #7063, #7099, #4823, #1462, #5993, #1361 ) ),
 .UNSPECIFIED., .F., .F., .F. ) 
 B_SPLINE_SURFACE_WITH_KNOTS ( ( 4, 4 ),
 ( 4, 3, 4 ),
 ( 0.1404943933070638695, 0.7211989875417014195 ),
 ( 0.000000000000000000, 0.5000000000000000000, 1.000000000000000000 ),
 .UNSPECIFIED. ) 
 GEOMETRIC_REPRESENTATION_ITEM ( )  RATIONAL_B_SPLINE_SURFACE ( (
 ( 1.000000000000000000, 0.8047378541206121616, 0.8047378541206121616, 1.000000000000000000, 0.8047378541206121616, 0.8047378541206121616, 1.000000000000000000),
 ( 1.000000000000000000, 0.8047378541206121616, 0.8047378541206121616, 1.000000000000000000, 0.8047378541206121616, 0.8047378541206121616, 1.000000000000000000),
 ( 1.000000000000000000, 0.8047378541206121616, 0.8047378541206121616, 1.000000000000000000, 0.8047378541206121616, 0.8047378541206121616, 1.000000000000000000),
 ( 1.000000000000000000, 0.8047378541206121616, 0.8047378541206121616, 1.000000000000000000, 0.8047378541206121616, 0.8047378541206121616, 1.000000000000000000) ) ) 
 REPRESENTATION_ITEM ( '' )  SURFACE ( )  );
#6490 = CARTESIAN_POINT ( 'NONE',  ( 40.22185415489748550, -1.356513888900347187, 73.66452158765545732 ) ) ;
#6491 = ADVANCED_FACE ( 'NONE', ( #2635 ), #3341, .F. ) ;
#6492 = CARTESIAN_POINT ( 'NONE',  ( 87.25100747707634241, -4.843351673694519022, -89.81303334338051059 ) ) ;
#6493 = CARTESIAN_POINT ( 'NONE',  ( 20.87341431049134144, -7.790597802303310004, 58.31504684412821859 ) ) ;
#6494 = CARTESIAN_POINT ( 'NONE',  ( 19.11962745792568796, -3.661540087182589165, 60.73666849243011967 ) ) ;
#6495 = CARTESIAN_POINT ( 'NONE',  ( 86.22349912700516938, -58.93658393131476458, 16.74406976937893532 ) ) ;
#6496 = CARTESIAN_POINT ( 'NONE',  ( 20.43170447089902808, -12.36239857197978509, 44.16585248311131551 ) ) ;
#6497 = B_SPLINE_CURVE_WITH_KNOTS ( 'NONE', 3,
 ( #335, #4826, #7067, #2474, #6335, #1913, #950, #6031, #7140, #3204, #986, #1574, #6655, #5005, #1614, #5487, #2125, #3760, #2613, #1023, #2760, #1468, #3241, #443, #7102, #2022, #6508, #6579, #3169, #6106, #2720, #2057 ),
 .UNSPECIFIED., .F., .F.,
 ( 4, 2, 2, 2, 2, 2, 2, 2, 2, 2, 2, 2, 2, 2, 2, 4 ),
 ( 1.684111863762029464E-17, 0.006782748781790247893, 0.01017412317268536447, 0.01356549756358048017, 0.02713099512716095688, 0.03391374390895118829, 0.04069649269074141623, 0.05426199025432189293, 0.05765336464521701038, 0.06104473903611212088, 0.06782748781790236270, 0.07461023659969259758, 0.07800161099058770808, 0.08139298538148281859, 0.09495848294506324672, 0.1085239805086436748 ),
 .UNSPECIFIED. ) ;
#6498 = CARTESIAN_POINT ( 'NONE',  ( 115.7375733540474272, -4.046014602652442171, -90.48976171603483465 ) ) ;
#6499 = ORIENTED_EDGE ( 'NONE', *, *, #4438, .F. ) ;
#6500 = CARTESIAN_POINT ( 'NONE',  ( 103.4727554754500858, -1.847055174568849889E-14, 89.16746537025133534 ) ) ;
#6501 = CARTESIAN_POINT ( 'NONE',  ( 33.61572406200877339, -47.26221975847442991, -1.292841891455431228E-14 ) ) ;
#6502 = CARTESIAN_POINT ( 'NONE',  ( 13.53607251329189864, 0.3261995151423605077, 50.32763947236365709 ) ) ;
#6503 = B_SPLINE_CURVE_WITH_KNOTS ( 'NONE', 3,
 ( #6974, #7181, #4769, #3082, #2556, #1377, #4254, #5942, #5324, #6451, #6483, #3669, #2691, #7010, #3637, #481 ),
 .UNSPECIFIED., .F., .F.,
 ( 4, 2, 2, 2, 2, 2, 2, 4 ),
 ( 2.861718721906245246E-17, 0.0004192073575178493095, 0.0008384147150356699961, 0.001676829430071308550, 0.002096036787589132273, 0.002515244145106955778, 0.002934451502624779717, 0.003353658860142603223 ),
 .UNSPECIFIED. ) ;
#6504 = EDGE_CURVE ( 'NONE', #5552, #5430, #970, .T. ) ;
#6505 = CARTESIAN_POINT ( 'NONE',  ( 103.7530176744069479, -53.01288504816876923, 5.525506743903920088E-10 ) ) ;
#6506 = CARTESIAN_POINT ( 'NONE',  ( 21.33576998545544257, -8.371456843943548165, 58.21438301635124191 ) ) ;
#6507 = CARTESIAN_POINT ( 'NONE',  ( 20.15981645899502794, -4.986011715114480047, 60.50954531620389076 ) ) ;
#6508 = CARTESIAN_POINT ( 'NONE',  ( 20.63828005063426474, -18.27794919539489626, -25.23898188888942329 ) ) ;
#6509 = CARTESIAN_POINT ( 'NONE',  ( 26.81209512968388609, -1.475733069530221320, -62.56390492294258365 ) ) ;
#6510 = CARTESIAN_POINT ( 'NONE',  ( 71.80635590802869217, -4.202422072939721254, -91.26347012312827189 ) ) ;
#6511 = DIRECTION ( 'NONE',  ( 0.000000000000000000, 0.000000000000000000, 1.000000000000000000 ) ) ;
#6512 = CARTESIAN_POINT ( 'NONE',  ( 16.56544291038235528, -37.45818599083382594, -24.42512668851910007 ) ) ;
#6513 = CARTESIAN_POINT ( 'NONE',  ( 183.9146925454340362, -3.122502256758252770E-14, 22.26826609709834059 ) ) ;
#6514 = ORIENTED_EDGE ( 'NONE', *, *, #2044, .F. ) ;
#6515 = ORIENTED_EDGE ( 'NONE', *, *, #3010, .F. ) ;
#6516 = CARTESIAN_POINT ( 'NONE',  ( 17.80775418892361728, -6.463016604771265605, 54.25142965377085602 ) ) ;
#6517 = CARTESIAN_POINT ( 'NONE',  ( 20.88430913044320647, -6.860319468286924405, 59.33942417034580075 ) ) ;
#6518 = CARTESIAN_POINT ( 'NONE',  ( 172.2023680375065453, -2.775557561562891351E-14, -60.85038847029773024 ) ) ;
#6519 = CARTESIAN_POINT ( 'NONE',  ( 177.9619890957480663, -4.511944291165263188, 5.798057536681115565 ) ) ;
#6520 = CARTESIAN_POINT ( 'NONE',  ( 76.80236786392669046, -4.000000000000015099, -94.31512210786239336 ) ) ;
#6521 = VECTOR ( 'NONE', #6511, 1000.000000000000000 ) ;
#6522 = CARTESIAN_POINT ( 'NONE',  ( 24.07147150891270471, -25.05370025096152276, -27.77141902720203959 ) ) ;
#6523 = CARTESIAN_POINT ( 'NONE',  ( 16.36703875903211625, -6.470237170286851303, 48.56205377472724649 ) ) ;
#6524 = AXIS2_PLACEMENT_3D ( 'NONE', #2714, #5666, #6649 ) ;
#6525 = CARTESIAN_POINT ( 'NONE',  ( 10.68988785198309088, -4.119968255444916849E-15, 41.90966391585951101 ) ) ;
#6526 = CARTESIAN_POINT ( 'NONE',  ( 111.1669632323860526, -4.976964818608380803, -87.53327505110907225 ) ) ;
#6527 = CARTESIAN_POINT ( 'NONE',  ( 165.7061470911725394, -5.515495890537429169, 41.09712329214545434 ) ) ;
#6528 = CARTESIAN_POINT ( 'NONE',  ( 16.07749916093819209, -2.289105861574173062, -59.00611305475195678 ) ) ;
#6529 = CARTESIAN_POINT ( 'NONE',  ( -7.811985143943746657, -42.02456128797288670, -4.507541666907362021 ) ) ;
#6530 = CIRCLE ( 'NONE', #5012, 98.93283318597700315 ) ;
#6531 = CARTESIAN_POINT ( 'NONE',  ( 170.7684663968079803, -13.46672135417336058, 19.24584634299479546 ) ) ;
#6532 = CARTESIAN_POINT ( 'NONE',  ( -4.006518341434630592, -3.999999999999994671, -53.35763792929289195 ) ) ;
#6533 = AXIS2_PLACEMENT_3D ( 'NONE', #1641, #3897, #1603 ) ;
#6534 = CARTESIAN_POINT ( 'NONE',  ( 16.45895105001124747, -3.746413339127973252, 54.36729039552219689 ) ) ;
#6535 = CARTESIAN_POINT ( 'NONE',  ( 96.11412129959381900, -58.93658393131475748, 16.84832778263186626 ) ) ;
#6536 = CARTESIAN_POINT ( 'NONE',  ( 20.83015718446879205, -23.77259139908014163, -1.257815004319314367 ) ) ;
#6537 = EDGE_CURVE ( 'NONE', #2189, #5904, #2557, .T. ) ;
#6538 = CARTESIAN_POINT ( 'NONE',  ( 51.93097069598395166, -4.027656892675645750, -85.07010003586937330 ) ) ;
#6539 = CARTESIAN_POINT ( 'NONE',  ( 104.8743561179758359, -1.868083842511643778E-14, 88.95149841442373884 ) ) ;
#6540 = CARTESIAN_POINT ( 'NONE',  ( 13.22810880880770945, -33.22972007004715778, -146.3437823823846600 ) ) ;
#6541 = CARTESIAN_POINT ( 'NONE',  ( 11.46059787998158441, 4.241860003293909998, 52.14054603964937229 ) ) ;
#6542 = CARTESIAN_POINT ( 'NONE',  ( 62.21940687497841083, -51.13139327542298673, -41.27885449782287708 ) ) ;
#6543 = CARTESIAN_POINT ( 'NONE',  ( 21.35088373633398007, -8.273418982898713026, 58.33804070646407069 ) ) ;
#6544 = CARTESIAN_POINT ( 'NONE',  ( 16.47517935504846065, -3.878095448497528519, 53.66424757390937827 ) ) ;
#6545 = CARTESIAN_POINT ( 'NONE',  ( 18.94700979800195029, -0.6309899243752131737, 53.24557938114329403 ) ) ;
#6546 = CARTESIAN_POINT ( 'NONE',  ( 31.61610577725031845, -2.220726903465227497, -66.83107916040542307 ) ) ;
#6547 = EDGE_CURVE ( 'NONE', #1623, #2193, #1318, .T. ) ;
#6548 = CARTESIAN_POINT ( 'NONE',  ( 178.2697576487264826, -4.219619112725186305, -15.12281803939921687 ) ) ;
#6549 = CARTESIAN_POINT ( 'NONE',  ( 17.27858777747344021, -1.101133419953397710E-14, -47.03373396652445848 ) ) ;
#6550 = CARTESIAN_POINT ( 'NONE',  ( 21.62710900495106259, -10.82524359087934940, 55.80824212220195335 ) ) ;
#6551 = CARTESIAN_POINT ( 'NONE',  ( 12.25381307217657145, -28.26392700777726930, -40.20369765168563703 ) ) ;
#6552 = CARTESIAN_POINT ( 'NONE',  ( 3.566661412365963013, -3.415547337018927987, -55.50959739608992294 ) ) ;
#6553 = VERTEX_POINT ( 'NONE', #4992 ) ;
#6554 = CARTESIAN_POINT ( 'NONE',  ( 16.59995998820830465, -4.681088839289942349, 51.99833681829024812 ) ) ;
#6555 = CARTESIAN_POINT ( 'NONE',  ( 16.30383597454136790, -3.771275541417174360, 52.08062324153528522 ) ) ;
#6556 = CARTESIAN_POINT ( 'NONE',  ( 24.02479267529369977, -8.546300172022979424, -53.54417500852632372 ) ) ;
#6557 = CARTESIAN_POINT ( 'NONE',  ( 75.35766784853475997, -4.500926070073308694, -90.92194093221915807 ) ) ;
#6558 = CARTESIAN_POINT ( 'NONE',  ( 172.3912368917629294, -4.000000000000027534, -43.15442526857395222 ) ) ;
#6559 = CARTESIAN_POINT ( 'NONE',  ( 24.06868098659754551, -30.79925755746092975, -1.250418048282876393 ) ) ;
#6560 = CARTESIAN_POINT ( 'NONE',  ( 16.06701298385358356, -4.375397451468435506, 47.03042939532747369 ) ) ;
#6561 = CARTESIAN_POINT ( 'NONE',  ( 55.84432372398388367, -5.039022153946413951, -84.43169512350316097 ) ) ;
#6562 = CARTESIAN_POINT ( 'NONE',  ( 86.44258576179609577, -16.34769531264441511, -86.53576665206335861 ) ) ;
#6563 = CARTESIAN_POINT ( 'NONE',  ( 157.6106210717919680, -4.752315960771192671, 56.04703990545041847 ) ) ;
#6564 = CARTESIAN_POINT ( 'NONE',  ( 21.59341719281617600, -11.72518187155411695, -54.73034109723612062 ) ) ;
#6565 = LINE ( 'NONE', #389, #3484 ) ;
#6566 = CARTESIAN_POINT ( 'NONE',  ( 8.584165051147508052, -4.119968255444916849E-15, 37.54538362053246203 ) ) ;
#6567 = CARTESIAN_POINT ( 'NONE',  ( 186.0656436112776646, -5.114802730161450484, 1.220552114335120672E-14 ) ) ;
#6568 = CARTESIAN_POINT ( 'NONE',  ( 19.25669135438340973, -3.621556620005712546, 60.93441356197862291 ) ) ;
#6569 = CARTESIAN_POINT ( 'NONE',  ( 22.75942892046835553, -3.081585335764359446, 58.09276715801366464 ) ) ;
#6570 = CARTESIAN_POINT ( 'NONE',  ( 8.584165051147508052, -1.000000000000004441, 37.54538362053246914 ) ) ;
#6571 = CARTESIAN_POINT ( 'NONE',  ( 149.8366271203664439, -4.045709960089040713, -71.06892243767042316 ) ) ;
#6572 = ORIENTED_EDGE ( 'NONE', *, *, #6941, .F. ) ;
#6573 = CARTESIAN_POINT ( 'NONE',  ( 190.4059769339629611, -6.042206017373026761, 208.0119538679259392 ) ) ;
#6574 = CARTESIAN_POINT ( 'NONE',  ( 1.172683599365325513, -5.942206017373010241, -54.04319279652567332 ) ) ;
#6575 = CARTESIAN_POINT ( 'NONE',  ( 152.8722439315362749, -38.48506133258187134, 8.140502076289797901E-15 ) ) ;
#6576 = CARTESIAN_POINT ( 'NONE',  ( -3.162392933348501245, -5.207648404244976881, -0.000000000000000000 ) ) ;
#6577 = CARTESIAN_POINT ( 'NONE',  ( 20.87591529496320319, -8.187072428315431694, 57.87638777674067114 ) ) ;
#6578 = CARTESIAN_POINT ( 'NONE',  ( 16.40017800374617707, -3.813213642042379892, 53.20496611942496656 ) ) ;
#6579 = CARTESIAN_POINT ( 'NONE',  ( 20.55652467830814700, -15.93678164622521898, -30.31432286415124011 ) ) ;
#6580 = CARTESIAN_POINT ( 'NONE',  ( 8.769924765661555099, -42.20890004554976116, 2.043137825750148906 ) ) ;
#6581 = CARTESIAN_POINT ( 'NONE',  ( 63.34882398582045226, -4.185623667050486496, -89.09762258052222705 ) ) ;
#6582 = CARTESIAN_POINT ( 'NONE',  ( 40.87181676677181486, -9.078330359147648489E-15, -78.48514309005336997 ) ) ;
#6583 = CARTESIAN_POINT ( 'NONE',  ( 16.04461806293554105, -3.417828252070845618, 47.62828582527873067 ) ) ;
#6584 = CARTESIAN_POINT ( 'NONE',  ( 24.02014555489984104, -7.818006543206045045, 54.37735691312369823 ) ) ;
#6585 = CARTESIAN_POINT ( 'NONE',  ( 121.5795761528397207, -2.081668171172168513E-14, -100.4274179920837184 ) ) ;
#6586 = ORIENTED_EDGE ( 'NONE', *, *, #3221, .F. ) ;
#6587 = EDGE_CURVE ( 'NONE', #6861, #2267, #3625, .T. ) ;
#6588 = EDGE_LOOP ( 'NONE', ( #3697, #4596, #922, #5764, #5286 ) ) ;
#6589 = CARTESIAN_POINT ( 'NONE',  ( 16.38326930478131516, -4.151763546066179700, 51.35660979280340399 ) ) ;
#6590 = CARTESIAN_POINT ( 'NONE',  ( 16.44361434591831639, -3.970657319605046975, 52.79875205853944209 ) ) ;
#6591 = CYLINDRICAL_SURFACE ( 'NONE', #52, 13.00000000000000178 ) ;
#6592 = CARTESIAN_POINT ( 'NONE',  ( 161.8547856198926524, -4.550242791195821646, -53.37941435362566978 ) ) ;
#6593 = CARTESIAN_POINT ( 'NONE',  ( 48.73411541397786806, -4.000000000000009770, -83.86883401211646571 ) ) ;
#6594 = CARTESIAN_POINT ( 'NONE',  ( 73.65499999999994429, -63.39640923772803660, -25.49000000000009436 ) ) ;
#6595 = EDGE_CURVE ( 'NONE', #613, #5350, #4929, .T. ) ;
#6596 = CARTESIAN_POINT ( 'NONE',  ( 21.46491457353320698, -13.09520403757180418, 52.93095628071404946 ) ) ;
#6597 = ORIENTED_EDGE ( 'NONE', *, *, #5297, .F. ) ;
#6598 = CARTESIAN_POINT ( 'NONE',  ( 122.5802620711894093, -4.604128633572298845, 82.47545578189122750 ) ) ;
#6599 = CARTESIAN_POINT ( 'NONE',  ( 81.58161472439887518, -15.21289062485463717, -86.40152711001820762 ) ) ;
#6600 = CARTESIAN_POINT ( 'NONE',  ( 174.9605949264939682, -4.869690295656168288, 19.26228161825135032 ) ) ;
#6601 = CARTESIAN_POINT ( 'NONE',  ( 16.56333750802279425, -16.20169582322058588, -29.86810191508756418 ) ) ;
#6602 = CARTESIAN_POINT ( 'NONE',  ( 179.7485368383465243, -2.983199873791916856E-14, 17.52125079332791557 ) ) ;
#6603 = CARTESIAN_POINT ( 'NONE',  ( 108.0190001414501211, -19.70312499992763833, -83.68661191484461881 ) ) ;
#6604 = CARTESIAN_POINT ( 'NONE',  ( 20.34536719873064570, -32.29571161549033320, -26.62793936103274461 ) ) ;
#6605 =( LENGTH_UNIT ( ) NAMED_UNIT ( * ) SI_UNIT ( .MILLI., .METRE. ) );
#6606 = CARTESIAN_POINT ( 'NONE',  ( 62.18813599872332532, -57.95386985700424276, -0.5104959647316565929 ) ) ;
#6607 = CARTESIAN_POINT ( 'NONE',  ( 42.81069820742671794, -9.369227015148780686E-15, 76.33707966601330952 ) ) ;
#6608 = CARTESIAN_POINT ( 'NONE',  ( 138.6786463007206294, -4.000000000000038192, 76.10238169358245841 ) ) ;
#6609 = ORIENTED_EDGE ( 'NONE', *, *, #2269, .F. ) ;
#6610 = CARTESIAN_POINT ( 'NONE',  ( 1.107415504873216605, -5.942206019216403234, -58.67688095457011599 ) ) ;
#6611 = CARTESIAN_POINT ( 'NONE',  ( -6.282442621485417433, -13.94371515320775856, -2.270065133871207092E-14 ) ) ;
#6612 = CARTESIAN_POINT ( 'NONE',  ( 16.65797731539196391, -18.91182531768934894, -24.09465487958408403 ) ) ;
#6613 = CARTESIAN_POINT ( 'NONE',  ( 165.6606397246016513, -18.81133930434816648, 9.706628873710495543E-15 ) ) ;
#6614 = CARTESIAN_POINT ( 'NONE',  ( 21.30350677435385975, -8.152206601978983613, 58.41681078249655457 ) ) ;
#6615 = CARTESIAN_POINT ( 'NONE',  ( 16.72570402856527494, -4.093486284560613697, 54.70042158743896721 ) ) ;
#6616 = DIRECTION ( 'NONE',  ( -1.500332356076765934E-16, -1.000000000000000000, -0.000000000000000000 ) ) ;
#6617 = CARTESIAN_POINT ( 'NONE',  ( 151.0669761951939449, -6.175494401327594751, -60.49471492508757109 ) ) ;
#6618 = CARTESIAN_POINT ( 'NONE',  ( 116.9853016010620621, -4.232626615415526317, -88.59801855680240124 ) ) ;
#6619 = CARTESIAN_POINT ( 'NONE',  ( 68.96264610767688907, -1.329288837606669854E-14, -92.53909768927586299 ) ) ;
#6620 = CARTESIAN_POINT ( 'NONE',  ( 16.19067270331802533, -4.240215933939312620, 48.68792671739069533 ) ) ;
#6621 = CARTESIAN_POINT ( 'NONE',  ( -3.948764928392949791, -37.57908344873278139, 8.092737731921681998 ) ) ;
#6622 = CARTESIAN_POINT ( 'NONE',  ( 20.60826580449953482, -4.733779874578858404, 53.95564095598068377 ) ) ;
#6623 = CARTESIAN_POINT ( 'NONE',  ( 20.38612155016781458, -1.873519193170113395, 55.74292188073765431 ) ) ;
#6624 = VERTEX_POINT ( 'NONE', #937 ) ;
#6625 = ORIENTED_EDGE ( 'NONE', *, *, #6687, .T. ) ;
#6626 = CARTESIAN_POINT ( 'NONE',  ( 21.43814758368238316, -8.925026402871099052, 57.72261103945648841 ) ) ;
#6627 = CARTESIAN_POINT ( 'NONE',  ( 20.94251302320137853, -6.874412075158209845, 59.38917896819909004 ) ) ;
#6628 = CARTESIAN_POINT ( 'NONE',  ( -12.36808978808942427, -38.04824602138447887, 4.094011174465715719 ) ) ;
#6629 = CARTESIAN_POINT ( 'NONE',  ( 157.6284978958545366, -4.552510770825342945, -58.96133619527199698 ) ) ;
#6630 = CARTESIAN_POINT ( 'NONE',  ( 71.54959773458126904, -4.000000000000014211, -93.20660108531274091 ) ) ;
#6631 = EDGE_CURVE ( 'NONE', #5552, #7002, #775, .T. ) ;
#6632 = CARTESIAN_POINT ( 'NONE',  ( 23.13850053261340278, -58.99259783589943851, -1.549459856639939510E-14 ) ) ;
#6633 = CARTESIAN_POINT ( 'NONE',  ( 16.06375969199516263, -4.335039581172833500, 46.98701587633516397 ) ) ;
#6634 = CARTESIAN_POINT ( 'NONE',  ( 18.80268604472101046, -6.774556242146497986, 56.36824188033899219 ) ) ;
#6635 = CARTESIAN_POINT ( 'NONE',  ( 70.58521228395808578, -5.310336023804350880, -88.27537788528627516 ) ) ;
#6636 = AXIS2_PLACEMENT_3D ( 'NONE', #3921, #598, #2218 ) ;
#6637 = CARTESIAN_POINT ( 'NONE',  ( 117.2419197147753351, -19.99948510742694552, -80.71681072448804173 ) ) ;
#6638 = CARTESIAN_POINT ( 'NONE',  ( 169.6991165742572321, -4.829464715061924984, 35.49216963072254316 ) ) ;
#6639 = CARTESIAN_POINT ( 'NONE',  ( 21.38832656467787530, -32.07036002500493765, -16.43353979568703949 ) ) ;
#6640 = DIRECTION ( 'NONE',  ( 0.000000000000000000, 1.000000000000000000, 0.000000000000000000 ) ) ;
#6641 = CARTESIAN_POINT ( 'NONE',  ( 86.39708870614370539, -6.726178630134133414E-11, 86.94183622371147635 ) ) ;
#6642 = AXIS2_PLACEMENT_3D ( 'NONE', #3312, #1128, #4961 ) ;
#6643 = CARTESIAN_POINT ( 'NONE',  ( 21.43677481162460197, -2.526233620754131159, -56.96422596496329049 ) ) ;
#6644 = CARTESIAN_POINT ( 'NONE',  ( 22.66160832314916362, -2.882995621366359007, 58.19204370114273672 ) ) ;
#6645 = CARTESIAN_POINT ( 'NONE',  ( 13.16357022867876481, -1.000000000000005551, 46.09626967508021522 ) ) ;
#6646 = VECTOR ( 'NONE', #7171, 1000.000000000000000 ) ;
#6647 = CARTESIAN_POINT ( 'NONE',  ( 171.8161830183280756, -3.999999999999407585, -42.86348257068403456 ) ) ;
#6648 = ORIENTED_EDGE ( 'NONE', *, *, #6537, .T. ) ;
#6649 = DIRECTION ( 'NONE',  ( -1.000000000000000000, 0.000000000000000000, 0.000000000000000000 ) ) ;
#6650 = CARTESIAN_POINT ( 'NONE',  ( 103.1449999999999250, -58.93658393131477169, 2.050671065172242706E-15 ) ) ;
#6651 = CARTESIAN_POINT ( 'NONE',  ( 2.906866357821245916, -13.47642778113337414, -0.000000000000000000 ) ) ;
#6652 = AXIS2_PLACEMENT_3D ( 'NONE', #3862, #2828, #3419 ) ;
#6653 = CARTESIAN_POINT ( 'NONE',  ( 21.11231122684729655, -8.183534884360701867, 58.16458707172426301 ) ) ;
#6654 = CARTESIAN_POINT ( 'NONE',  ( 19.91654495134883263, -4.515214131408718856, 60.73260966183489984 ) ) ;
#6655 = CARTESIAN_POINT ( 'NONE',  ( 20.76040279324918458, -21.77508698451986291, 15.43962812489063907 ) ) ;
#6656 = DIRECTION ( 'NONE',  ( -0.000000000000000000, -1.000000000000000000, -0.000000000000000000 ) ) ;
#6657 = CARTESIAN_POINT ( 'NONE',  ( 177.5447853399094242, -4.132641936462906784, -22.16838660855165699 ) ) ;
#6658 = CARTESIAN_POINT ( 'NONE',  ( 71.32701000288717808, -1.364762154141906414E-14, -93.15213342623904680 ) ) ;
#6659 = CARTESIAN_POINT ( 'NONE',  ( 16.20145761228848613, -4.298110876394632740, 48.76048807226571569 ) ) ;
#6660 = CARTESIAN_POINT ( 'NONE',  ( -3.685533129628672633, -37.56120034759765502, 8.215901076444236395 ) ) ;
#6661 = CARTESIAN_POINT ( 'NONE',  ( 18.74774976566337159, -42.24956392893420798, -1.576859444609166605 ) ) ;
#6662 = CARTESIAN_POINT ( 'NONE',  ( 20.63835415169004506, -2.069776056703985567, 56.04044405465369039 ) ) ;
#6663 = CARTESIAN_POINT ( 'NONE',  ( 16.48653073442098815, -4.365154993264794392, 51.82512294071585046 ) ) ;
#6664 = CARTESIAN_POINT ( 'NONE',  ( 20.67166657590207279, -6.384155788884397609, 59.60708711966682216 ) ) ;
#6665 = LINE ( 'NONE', #2624, #2529 ) ;
#6666 = CARTESIAN_POINT ( 'NONE',  ( 175.4837567457392993, -4.328791074157902763, 22.92583968868843058 ) ) ;
#6667 = CARTESIAN_POINT ( 'NONE',  ( 171.1351697598828139, -5.769344904067629898, -27.52901933626614905 ) ) ;
#6668 = CARTESIAN_POINT ( 'NONE',  ( 187.3680530859564044, -3.430911900466285136, -9.905228613023266614E-05 ) ) ;
#6669 = CARTESIAN_POINT ( 'NONE',  ( -10.33110432427483438, -38.30090584212294402, 0.09805487716677509236 ) ) ;
#6670 = CARTESIAN_POINT ( 'NONE',  ( 16.02975602698194280, -3.891022650402247152, 46.51890366346062677 ) ) ;
#6671 = CARTESIAN_POINT ( 'NONE',  ( 20.50439652921603795, -10.13189675039884463, 55.14963912720725858 ) ) ;
#6672 = CARTESIAN_POINT ( 'NONE',  ( 16.49012032847758036, -4.209801888759892918, 52.34893307637258886 ) ) ;
#6673 = CARTESIAN_POINT ( 'NONE',  ( 80.66177463628406485, -5.408953177557663139, -89.52288969583830180 ) ) ;
#6674 = CARTESIAN_POINT ( 'NONE',  ( 86.39708870614370539, -6.726178630134133414E-11, 86.94183622371147635 ) ) ;
#6675 = CARTESIAN_POINT ( 'NONE',  ( 175.3178576039183838, -4.928791960115093573, -18.10488831950241106 ) ) ;
#6676 = CARTESIAN_POINT ( 'NONE',  ( 16.69006722550138022, -19.83076011140912343, 21.80655334872146867 ) ) ;
#6677 = CARTESIAN_POINT ( 'NONE',  ( 17.10293367557877886, -5.512207922195363679E-15, -45.88417211662140716 ) ) ;
#6678 = CARTESIAN_POINT ( 'NONE',  ( -18.00000000000000355, -38.09024766049640931, -5.834977158582507428 ) ) ;
#6679 = CARTESIAN_POINT ( 'NONE',  ( 19.41787197286247846, -0.9980400572094684231, -54.57430225131513879 ) ) ;
#6680 = CARTESIAN_POINT ( 'NONE',  ( 190.5116481198235192, -5.904783293238785369, 128.0574065787251072 ) ) ;
#6681 = CARTESIAN_POINT ( 'NONE',  ( 156.9807806531452457, -10.46010879628817314, 50.06789516246557525 ) ) ;
#6682 = CARTESIAN_POINT ( 'NONE',  ( 113.3564677857640390, -4.000000000000008882, 87.01232468796982289 ) ) ;
#6683 = ORIENTED_EDGE ( 'NONE', *, *, #6631, .T. ) ;
#6684 = LINE ( 'NONE', #7244, #2535 ) ;
#6685 = DIRECTION ( 'NONE',  ( -1.500332356076765934E-16, -1.000000000000000000, 0.000000000000000000 ) ) ;
#6686 = CARTESIAN_POINT ( 'NONE',  ( 104.0634315428224141, -57.00057409172650580, 0.3347634847332777719 ) ) ;
#6687 = EDGE_CURVE ( 'NONE', #4003, #2808, #2655, .T. ) ;
#6688 = CARTESIAN_POINT ( 'NONE',  ( 21.29811126384619158, -8.150270780619448985, 58.41289734527302357 ) ) ;
#6689 =( BOUNDED_SURFACE ( )  B_SPLINE_SURFACE ( 3, 2, ( 
 ( #5745, #6916, #5819 ),
 ( #2875, #3464, #5707 ),
 ( #732, #2914, #6326 ),
 ( #1795, #769, #219 ),
 ( #2465, #4603, #6288 ),
 ( #102, #3026, #1316 ),
 ( #6803, #2986, #2351 ),
 ( #6839, #5672, #1727 ),
 ( #4637, #5267, #6766 ),
 ( #3539, #3575, #5782 ),
 ( #693, #5228, #3982 ),
 ( #177, #1281, #5116 ),
 ( #4055, #63, #2431 ),
 ( #1245, #139, #4564 ),
 ( #3503, #1761, #6253 ),
 ( #2952, #5192, #6218 ),
 ( #4017, #1169, #6878 ),
 ( #4092, #1978, #4302 ),
 ( #7094, #1355, #6536 ),
 ( #4745, #6985, #5955 ),
 ( #2604, #3752, #4231 ),
 ( #1389, #3648, #5922 ),
 ( #6430, #4269, #5988 ),
 ( #5890, #3615, #1497 ),
 ( #2048, #941, #2569 ),
 ( #3195, #5373, #5858 ),
 ( #7058, #3093, #2013 ),
 ( #1938, #4163, #1423 ),
 ( #2500, #4712, #1904 ),
 ( #327, #6496, #6463 ),
 ( #4197, #6394, #5405 ),
 ( #806, #5440, #3061 ),
 ( #3681, #838, #870 ),
 ( #3127, #5302, #6952 ) ),
 .UNSPECIFIED., .F., .F., .F. ) 
 B_SPLINE_SURFACE_WITH_KNOTS ( ( 4, 2, 2, 2, 2, 2, 2, 2, 2, 2, 2, 2, 2, 2, 2, 2, 4 ),
 ( 3, 3 ),
 ( 0.000000000000000000, 0.01331466423385136051, 0.02662932846770272102, 0.02995799452616556419, 0.03162232755539698403, 0.03328666058462840388, 0.03994399270155408327, 0.04660132481847976266, 0.04992999087694260235, 0.05325865693540544205, 0.06657332116925680776, 0.07323065328618248715, 0.07988798540310816654, 0.09320264963695952531, 0.09653131569542236501, 0.09985998175388520470, 0.1065173138708108841 ),
 ( 0.000000000000000000, 1.000000000000000000 ),
 .UNSPECIFIED. ) 
 GEOMETRIC_REPRESENTATION_ITEM ( )  RATIONAL_B_SPLINE_SURFACE ( (
 ( 1.000000000000000000, 0.9021064431188250410, 1.000000000000000000),
 ( 1.000000000000000000, 0.9046118827120419592, 1.000000000000000000),
 ( 1.000000000000000000, 0.9071165344829488220, 1.000000000000000000),
 ( 1.000000000000000000, 0.9118545191083700097, 1.000000000000000000),
 ( 1.000000000000000000, 0.9140879635891514532, 1.000000000000000000),
 ( 1.000000000000000000, 0.9164839792169590105, 1.000000000000000000),
 ( 1.000000000000000000, 0.9169432466460515352, 1.000000000000000000),
 ( 1.000000000000000000, 0.9175977664677471557, 1.000000000000000000),
 ( 1.000000000000000000, 0.9178102099411160619, 1.000000000000000000),
 ( 1.000000000000000000, 0.9182229006828721563, 1.000000000000000000),
 ( 1.000000000000000000, 0.9184234553803168888, 1.000000000000000000),
 ( 1.000000000000000000, 0.9193895892867429698, 1.000000000000000000),
 ( 1.000000000000000000, 0.9200440038239243723, 1.000000000000000000),
 ( 1.000000000000000000, 0.9210997677205348122, 1.000000000000000000),
 ( 1.000000000000000000, 0.9215014222053543591, 1.000000000000000000),
 ( 1.000000000000000000, 0.9219081198317232717, 1.000000000000000000),
 ( 1.000000000000000000, 0.9220110834402330813, 1.000000000000000000),
 ( 1.000000000000000000, 0.9221505739069026930, 1.000000000000000000),
 ( 1.000000000000000000, 0.9221871068570876018, 1.000000000000000000),
 ( 1.000000000000000000, 0.9221993166501647465, 1.000000000000000000),
 ( 1.000000000000000000, 0.9216686454745726120, 1.000000000000000000),
 ( 1.000000000000000000, 0.9201126184636286842, 1.000000000000000000),
 ( 1.000000000000000000, 0.9194659771016122640, 1.000000000000000000),
 ( 1.000000000000000000, 0.9179351144268839136, 1.000000000000000000),
 ( 1.000000000000000000, 0.9170636605611695025, 1.000000000000000000),
 ( 1.000000000000000000, 0.9141984089825123672, 1.000000000000000000),
 ( 1.000000000000000000, 0.9119556153859146308, 1.000000000000000000),
 ( 1.000000000000000000, 0.9089629327890061949, 1.000000000000000000),
 ( 1.000000000000000000, 0.9083548023567531438, 1.000000000000000000),
 ( 1.000000000000000000, 0.9071242686895060192, 1.000000000000000000),
 ( 1.000000000000000000, 0.9065013602569462758, 1.000000000000000000),
 ( 1.000000000000000000, 0.9046258302142564656, 1.000000000000000000),
 ( 1.000000000000000000, 0.9033643856620128254, 1.000000000000000000),
 ( 1.000000000000000000, 0.9021064431188249300, 1.000000000000000000) ) ) 
 REPRESENTATION_ITEM ( '' )  SURFACE ( )  );
#6690 = CARTESIAN_POINT ( 'NONE',  ( 18.19601577290643846, -4.526206962682039148, 58.31995002427678543 ) ) ;
#6691 = CARTESIAN_POINT ( 'NONE',  ( 24.07078400470440727, -20.26599000507142634, 37.59874693073932406 ) ) ;
#6692 = CARTESIAN_POINT ( 'NONE',  ( 23.44090099720724751, -1.133000319549086532, -59.17028054812063687 ) ) ;
#6693 = CARTESIAN_POINT ( 'NONE',  ( 103.2301400367557420, -4.032340844569204386, 88.96507177522312304 ) ) ;
#6694 = CARTESIAN_POINT ( 'NONE',  ( 94.84796240213171359, -1.717654613445186170E-14, -95.53440233704442619 ) ) ;
#6695 = CARTESIAN_POINT ( 'NONE',  ( 21.60190591771095825, -11.60092269124702646, 54.86991402719312561 ) ) ;
#6696 = CARTESIAN_POINT ( 'NONE',  ( 8.921153145330110945, -38.24520793861788093, 1.323067079112203892 ) ) ;
#6697 = CARTESIAN_POINT ( 'NONE',  ( -9.000000000000005329, -38.30472695027329877, -3.659182332138577465E-15 ) ) ;
#6698 = CARTESIAN_POINT ( 'NONE',  ( 19.41787197286247846, -0.9980400572094684231, -54.57430225131513879 ) ) ;
#6699 = EDGE_LOOP ( 'NONE', ( #6191, #4247, #2694, #6499, #1225 ) ) ;
#6700 = CARTESIAN_POINT ( 'NONE',  ( 16.27294128496837189, -3.884383993312320094, 50.84387005631258205 ) ) ;
#6701 = CARTESIAN_POINT ( 'NONE',  ( 16.44906692232148870, -3.933202524628139685, 53.06079067270199090 ) ) ;
#6702 = CARTESIAN_POINT ( 'NONE',  ( 99.82436824851104973, -4.068096110573399926, 89.39741467103692685 ) ) ;
#6703 = CARTESIAN_POINT ( 'NONE',  ( 110.6477170735417417, -5.842137056197087119, -85.68108347896735211 ) ) ;
#6704 = CARTESIAN_POINT ( 'NONE',  ( 19.41787197286247846, -0.9980400572094684231, -54.57430225131513879 ) ) ;
#6705 = CARTESIAN_POINT ( 'NONE',  ( -17.99999999999999645, -3.415547337018931096, 55.50959739608992294 ) ) ;
#6706 = CARTESIAN_POINT ( 'NONE',  ( 16.13713575089278507, -4.333141919011424648, 47.90894976146687156 ) ) ;
#6707 = ORIENTED_EDGE ( 'NONE', *, *, #3483, .T. ) ;
#6708 = CARTESIAN_POINT ( 'NONE',  ( 17.63943387342951397, -7.349294590134355154, 52.51493245679699839 ) ) ;
#6709 = CARTESIAN_POINT ( 'NONE',  ( 18.27523298319846745, -6.333389004328740413, 55.80487876928054192 ) ) ;
#6710 = CARTESIAN_POINT ( 'NONE',  ( 51.08386460335345447, -4.888121968473901013, -82.63170420028653496 ) ) ;
#6711 = LINE ( 'NONE', #1674, #3011 ) ;
#6712 = CARTESIAN_POINT ( 'NONE',  ( 43.24181386073245648, -4.321581083047823846, -79.19034625318768406 ) ) ;
#6713 = EDGE_LOOP ( 'NONE', ( #212, #3866, #6609, #819 ) ) ;
#6714 = CARTESIAN_POINT ( 'NONE',  ( 17.03472902767836317, -29.70058277557025050, -3.573699438761430702 ) ) ;
#6715 = CARTESIAN_POINT ( 'NONE',  ( 18.16499545770057367, -5.671552487782351833E-15, -54.15350955521827814 ) ) ;
#6716 = CARTESIAN_POINT ( 'NONE',  ( -18.00000000000000355, -23.68619686104764455, -39.70994965335954419 ) ) ;
#6717 = DIRECTION ( 'NONE',  ( 1.500332356076765934E-16, 1.000000000000000000, -0.000000000000000000 ) ) ;
#6718 = CARTESIAN_POINT ( 'NONE',  ( 165.4163846343662669, -5.796499758224931576, 40.93846472797373792 ) ) ;
#6719 = CARTESIAN_POINT ( 'NONE',  ( 187.3680530860050339, -3.430911900466284692, -124.7996062579031644 ) ) ;
#6720 = CARTESIAN_POINT ( 'NONE',  ( 138.6925899662202539, -4.000000000000540012, -80.23191397878771625 ) ) ;
#6721 = VERTEX_POINT ( 'NONE', #5437 ) ;
#6722 = CYLINDRICAL_SURFACE ( 'NONE', #5834, 9.000000000000000000 ) ;
#6723 = ADVANCED_FACE ( 'NONE', ( #7237 ), #4082, .T. ) ;
#6724 = CARTESIAN_POINT ( 'NONE',  ( 128.1778404428172564, -4.000000000000021316, 82.10665703880864896 ) ) ;
#6725 = CARTESIAN_POINT ( 'NONE',  ( 176.2170650381385428, -4.843351673694531456, 1.099941812077660152E-14 ) ) ;
#6726 = CARTESIAN_POINT ( 'NONE',  ( 20.66698047392570459, -7.905771467701648625, 57.93238692813991264 ) ) ;
#6727 = CARTESIAN_POINT ( 'NONE',  ( 16.60077962882735747, -3.926113834959139126, 54.55687115813944388 ) ) ;
#6728 = CARTESIAN_POINT ( 'NONE',  ( 24.05598837881936447, -14.75572916189741690, 45.79732578850423863 ) ) ;
#6729 = CYLINDRICAL_SURFACE ( 'NONE', #3122, 16.74499999999999744 ) ;
#6730 = CARTESIAN_POINT ( 'NONE',  ( 144.0481370913011290, -4.092650772170925322, 71.64507895950607974 ) ) ;
#6731 = CARTESIAN_POINT ( 'NONE',  ( 128.4460281170247526, -2.221737264381661188E-14, -86.89087427976717493 ) ) ;
#6732 = CARTESIAN_POINT ( 'NONE',  ( 86.40000000000000568, 0.000000000000000000, 0.000000000000000000 ) ) ;
#6733 = CARTESIAN_POINT ( 'NONE',  ( -2.685218906546223749, -4.717244607743124263, -59.36196537886501545 ) ) ;
#6734 = CARTESIAN_POINT ( 'NONE',  ( 20.40334988119397153, -2.910500567956862739, 55.68981090245661392 ) ) ;
#6735 = CARTESIAN_POINT ( 'NONE',  ( 19.42023542594789731, -1.000042466283027842, 54.57707386134601535 ) ) ;
#6736 =( BOUNDED_SURFACE ( )  B_SPLINE_SURFACE ( 2, 3, ( 
 ( #6132, #5624, #13, #4046, #4482, #4994, #4009 ),
 ( #7278, #1718, #6680, #2265, #2829, #3898, #539 ),
 ( #1048, #1642, #5663, #4595, #4447, #1124, #6244 ) ),
 .UNSPECIFIED., .F., .F., .T. ) 
 B_SPLINE_SURFACE_WITH_KNOTS ( ( 3, 3 ),
 ( 4, 3, 4 ),
 ( 0.000000000000000000, 0.0005170726831167000732 ),
 ( 0.000000000000000000, 0.5000000000000000000, 1.000000000000000000 ),
 .UNSPECIFIED. ) 
 GEOMETRIC_REPRESENTATION_ITEM ( )  RATIONAL_B_SPLINE_SURFACE ( (
 ( 1.000000000000000000, 0.5202625705265094824, 0.5202625705265094824, 1.000000000000000000, 0.5202625705265094824, 0.5202625705265094824, 1.000000000000000000),
 ( 1.000000000000000000, 0.5202625705265094824, 0.5202625705265094824, 1.000000000000000000, 0.5202625705265094824, 0.5202625705265094824, 1.000000000000000000),
 ( 1.000000000000000000, 0.5202625705265094824, 0.5202625705265094824, 1.000000000000000000, 0.5202625705265094824, 0.5202625705265094824, 1.000000000000000000) ) ) 
 REPRESENTATION_ITEM ( '' )  SURFACE ( )  );
#6737 = CARTESIAN_POINT ( 'NONE',  ( 16.33711276577025373, -4.039234838425200813, 51.14690065017482823 ) ) ;
#6738 = CARTESIAN_POINT ( 'NONE',  ( 18.17144634958315663, -5.538059589944867689, 56.72967060025727193 ) ) ;
#6739 = CARTESIAN_POINT ( 'NONE',  ( 22.46382607894270933, -2.505506519693713408, -58.36680666807838946 ) ) ;
#6740 = CARTESIAN_POINT ( 'NONE',  ( 122.8333838628774117, -4.181733050701529564, 83.07763001070641451 ) ) ;
#6741 = CARTESIAN_POINT ( 'NONE',  ( 147.7856251691111424, -5.067996295067493051, 65.49034148980496184 ) ) ;
#6742 = CARTESIAN_POINT ( 'NONE',  ( 94.25307074468990720, -3.430911900466270481, -100.8060801262442965 ) ) ;
#6743 = CARTESIAN_POINT ( 'NONE',  ( -22.00000000000000355, -5.942206024918094798, 58.67688095132923110 ) ) ;
#6744 = CARTESIAN_POINT ( 'NONE',  ( 16.13827189443744103, -4.341672337798887504, 47.91865948913288520 ) ) ;
#6745 = ORIENTED_EDGE ( 'NONE', *, *, #5218, .T. ) ;
#6746 = CARTESIAN_POINT ( 'NONE',  ( 16.77116830833173822, -5.910067844187450348, 51.15815676837581805 ) ) ;
#6747 = CARTESIAN_POINT ( 'NONE',  ( 16.42093607498621921, -4.045330353230161435, 52.19798916476973716 ) ) ;
#6748 = CARTESIAN_POINT ( 'NONE',  ( 21.98911871015396358, 5.773225176589817378E-12, -57.63738849363744521 ) ) ;
#6749 = VERTEX_POINT ( 'NONE', #4444 ) ;
#6750 = CARTESIAN_POINT ( 'NONE',  ( 72.10203069299949163, -4.853891104073974283, -89.39567341462255001 ) ) ;
#6751 = CARTESIAN_POINT ( 'NONE',  ( 21.43322550482668376, -28.71453523595273793, 26.74190923566567690 ) ) ;
#6752 = CARTESIAN_POINT ( 'NONE',  ( 99.14499999999993918, -57.99749635261596126, 1.560812345513301719E-15 ) ) ;
#6753 = CARTESIAN_POINT ( 'NONE',  ( 86.39999999999994884, -64.66763823405520384, 0.000000000000000000 ) ) ;
#6754 = AXIS2_PLACEMENT_3D ( 'NONE', #1726, #4016, #5671 ) ;
#6755 = CARTESIAN_POINT ( 'NONE',  ( 21.15844032062621594, -2.392952753641996555, -56.64505202795540839 ) ) ;
#6756 = CARTESIAN_POINT ( 'NONE',  ( 162.2085973496531039, -5.746400049834184287, 46.84266622017556614 ) ) ;
#6757 = EDGE_LOOP ( 'NONE', ( #852, #5836 ) ) ;
#6758 = CARTESIAN_POINT ( 'NONE',  ( -22.00000000000000355, -1.296287155650325696E-14, 61.79999999999999716 ) ) ;
#6759 = CIRCLE ( 'NONE', #3128, 105.4399999999999977 ) ;
#6760 = CYLINDRICAL_SURFACE ( 'NONE', #2068, 86.40000000000000568 ) ;
#6761 = CARTESIAN_POINT ( 'NONE',  ( 7.139360275398363598, -18.81133930434817358, -46.77937602350003488 ) ) ;
#6762 = CARTESIAN_POINT ( 'NONE',  ( 20.03003518827615892, -7.706637644044750601, 57.29266621471505516 ) ) ;
#6763 = AXIS2_PLACEMENT_3D ( 'NONE', #6056, #4371, #3269 ) ;
#6764 = CARTESIAN_POINT ( 'NONE',  ( 16.47112160290941318, -3.806952469928645222, 54.06461776867732283 ) ) ;
#6765 = CARTESIAN_POINT ( 'NONE',  ( 19.37735427271591959, -1.042317364370314969, 53.47350276727817686 ) ) ;
#6766 = CARTESIAN_POINT ( 'NONE',  ( 20.68312733627029587, -19.56220742591954220, -22.11901482465255242 ) ) ;
#6767 = CARTESIAN_POINT ( 'NONE',  ( 122.9935478757198410, -4.067125138598116862, 83.41445892568216891 ) ) ;
#6768 = B_SPLINE_CURVE_WITH_KNOTS ( 'NONE', 3,
 ( #5675, #5637, #5785, #4567, #831, #1692, #6842, #4640, #3948, #5160, #589, #5084 ),
 .UNSPECIFIED., .F., .F.,
 ( 4, 2, 2, 2, 2, 4 ),
 ( 0.01417240898736732251, 0.01766603277584707574, 0.02115965656432683070, 0.02290646845856670472, 0.02465328035280658220, 0.02814690414128633716 ),
 .UNSPECIFIED. ) ;
#6769 = CARTESIAN_POINT ( 'NONE',  ( 137.1921259168695428, -2.352957799566851820E-14, -82.04490561107708402 ) ) ;
#6770 = CARTESIAN_POINT ( 'NONE',  ( 16.06167183235826812, -1.835870471545055338, -59.48176896900068300 ) ) ;
#6771 = CARTESIAN_POINT ( 'NONE',  ( 189.2989316899470111, -3.430911900466284692, 124.7066832612394620 ) ) ;
#6772 = CARTESIAN_POINT ( 'NONE',  ( 19.14756479570011649, -0.7874685070943364673, 56.45875661894518061 ) ) ;
#6773 = AXIS2_PLACEMENT_3D ( 'NONE', #7238, #5511, #4446 ) ;
#6774 = CARTESIAN_POINT ( 'NONE',  ( 28.91338526468373615, -1.090839695869781689, 64.50472790137915524 ) ) ;
#6775 = CARTESIAN_POINT ( 'NONE',  ( 21.01771453236339937, -8.543292229303828478, 57.65369829114602851 ) ) ;
#6776 = CARTESIAN_POINT ( 'NONE',  ( 18.63505903408168862, -5.770485303323192205, 57.38608106486415750 ) ) ;
#6777 = CARTESIAN_POINT ( 'NONE',  ( 20.04863091021121235, -1.999169799325469565, -56.23981676449447065 ) ) ;
#6778 = CARTESIAN_POINT ( 'NONE',  ( 41.65756021772418904, -4.144870478819996151, -78.49368341669550375 ) ) ;
#6779 = CARTESIAN_POINT ( 'NONE',  ( 166.0230020686802845, -5.258807448875626456, 41.26779087488215225 ) ) ;
#6780 = PLANE ( 'NONE',  #5592 ) ;
#6781 = CARTESIAN_POINT ( 'NONE',  ( -18.00000000000000355, -4.653030257727029273, -54.80826058770438891 ) ) ;
#6782 = CARTESIAN_POINT ( 'NONE',  ( 123.9660267272414558, -19.96966927083339627, -77.95661844599973733 ) ) ;
#6783 = CARTESIAN_POINT ( 'NONE',  ( 16.13949138474873379, -4.351569686515111002, 47.92870719569566518 ) ) ;
#6784 = CARTESIAN_POINT ( 'NONE',  ( 21.48739254555457023, -10.74690042028686676, 55.73378843251433779 ) ) ;
#6785 = CARTESIAN_POINT ( 'NONE',  ( 16.42295531402758968, -4.049006017602860830, 52.20725371827412431 ) ) ;
#6786 = CARTESIAN_POINT ( 'NONE',  ( 182.1032365471835419, -3.122502256758252770E-14, 27.59449124408359921 ) ) ;
#6787 = ORIENTED_EDGE ( 'NONE', *, *, #3811, .F. ) ;
#6788 = CARTESIAN_POINT ( 'NONE',  ( 44.74009843220815696, -4.387802314132732917, -80.01050216361582557 ) ) ;
#6789 = CARTESIAN_POINT ( 'NONE',  ( 16.76859525806698770, -22.07950874176691158, 14.83179970982157236 ) ) ;
#6790 = CARTESIAN_POINT ( 'NONE',  ( -2.711943942383873818, -3.499999999999989342, -60.02012201594923368 ) ) ;
#6791 = CARTESIAN_POINT ( 'NONE',  ( 44.62853256534963009, -60.86600650612060548, 0.000000000000000000 ) ) ;
#6792 = ORIENTED_EDGE ( 'NONE', *, *, #5110, .T. ) ;
#6793 = PERSON_AND_ORGANIZATION_ROLE ( 'design_supplier' ) ;
#6794 = CARTESIAN_POINT ( 'NONE',  ( 168.2851400506019672, -5.842601887262335758, 34.86693338734129100 ) ) ;
#6795 = VERTEX_POINT ( 'NONE', #3896 ) ;
#6796 = CARTESIAN_POINT ( 'NONE',  ( -22.00000000000000355, -5.942206017373004023, -58.67688095132922399 ) ) ;
#6797 = CARTESIAN_POINT ( 'NONE',  ( 181.4227512052667066, -4.000000000000031086, -9.459161099291344854 ) ) ;
#6798 = CARTESIAN_POINT ( 'NONE',  ( 55.78063100626381043, -54.88020756833024905, 1.387778780781445676E-14 ) ) ;
#6799 = B_SPLINE_SURFACE_WITH_KNOTS ( 'NONE', 3, 1, ( 
 ( #5455, #3734 ),
 ( #4355, #5969 ),
 ( #5315, #921 ),
 ( #2062, #6552 ) ),
 .UNSPECIFIED., .F., .F., .F.,
 ( 4, 4 ),
 ( 2, 2 ),
 ( 0.000000000000000000, 1.000000000000000000 ),
 ( 0.000000000000000000, 1.000000000000000000 ),
 .UNSPECIFIED. ) ;
#6800 = CARTESIAN_POINT ( 'NONE',  ( 16.51210219346358343, -4.299577545440679494, 52.26442243381607966 ) ) ;
#6801 = CARTESIAN_POINT ( 'NONE',  ( 16.52853797639892619, -3.861714883036877044, 54.29418123689573861 ) ) ;
#6802 = CARTESIAN_POINT ( 'NONE',  ( 0.1984479331021675730, -5.647629987998935341, 58.84367670791121441 ) ) ;
#6803 = CARTESIAN_POINT ( 'NONE',  ( 24.07138024632926232, -25.34691610084356128, -27.06614946825022017 ) ) ;
#6804 = CARTESIAN_POINT ( 'NONE',  ( 177.3890997994549252, -4.123522576532599793, 19.78840778999978767 ) ) ;
#6805 = CARTESIAN_POINT ( 'NONE',  ( 92.37226676227429323, -1.680510950722423349E-14, -95.60979634873477551 ) ) ;
#6806 = CARTESIAN_POINT ( 'NONE',  ( 188.6361418667198677, -4.277705893389386560, 123.9034259368290378 ) ) ;
#6807 = CARTESIAN_POINT ( 'NONE',  ( 20.30259261953887062, -2.600392368659616871, 55.90097867381067687 ) ) ;
#6808 = CARTESIAN_POINT ( 'NONE',  ( 46.82250295039776944, -3.430911900466264264, 93.04385139422753070 ) ) ;
#6809 = VERTEX_POINT ( 'NONE', #3861 ) ;
#6810 = CARTESIAN_POINT ( 'NONE',  ( 16.37158732383331028, -4.083285162981268535, 51.44144278902235357 ) ) ;
#6811 = CARTESIAN_POINT ( 'NONE',  ( 20.45177598082290871, -6.339059166983343374, 59.40174391597027181 ) ) ;
#6812 = CARTESIAN_POINT ( 'NONE',  ( 19.45459595962160648, -1.127499684558042059, -56.46224559255271913 ) ) ;
#6813 = CARTESIAN_POINT ( 'NONE',  ( 96.43448526901826767, -4.045524482580000303, 89.79097007876640646 ) ) ;
#6814 = CARTESIAN_POINT ( 'NONE',  ( 168.9560890407860825, -5.289900481979978863, 35.16718216769231731 ) ) ;
#6815 = DIRECTION ( 'NONE',  ( -0.000000000000000000, -1.000000000000000000, -0.000000000000000000 ) ) ;
#6816 = LINE ( 'NONE', #153, #6413 ) ;
#6817 = EDGE_CURVE ( 'NONE', #3002, #2592, #891, .T. ) ;
#6818 = CARTESIAN_POINT ( 'NONE',  ( 100.9333020382910888, -3.469446951953614189E-14, -85.30664602170975286 ) ) ;
#6819 = CARTESIAN_POINT ( 'NONE',  ( 21.50241793526025091, -12.33017939985006883, 53.89770699067437931 ) ) ;
#6820 = ORIENTED_EDGE ( 'NONE', *, *, #5427, .T. ) ;
#6821 = CARTESIAN_POINT ( 'NONE',  ( 21.36897921898638941, -9.892048053965588394, 56.56624415459539534 ) ) ;
#6822 = CARTESIAN_POINT ( 'NONE',  ( 19.96751104719887238, -7.322824081233858529, 57.65105115806412073 ) ) ;
#6823 = CARTESIAN_POINT ( 'NONE',  ( 117.2419197147742125, 1.679105202613205805E-11, -80.71681072448500061 ) ) ;
#6824 = ORIENTED_EDGE ( 'NONE', *, *, #5546, .F. ) ;
#6825 = CARTESIAN_POINT ( 'NONE',  ( 177.5452591527523225, -4.686754877146218412, 2.326021306862568139 ) ) ;
#6826 = CARTESIAN_POINT ( 'NONE',  ( 5.435959708490815778, -36.95424393485367887, 11.75204724594443029 ) ) ;
#6827 = CARTESIAN_POINT ( 'NONE',  ( 0.2888661202665592787, -0.05608937510083109729, -61.77279004474304713 ) ) ;
#6828 = EDGE_CURVE ( 'NONE', #5243, #3334, #6208, .T. ) ;
#6829 = ORIENTED_EDGE ( 'NONE', *, *, #5881, .F. ) ;
#6830 = DIRECTION ( 'NONE',  ( -1.000000000000000000, 0.000000000000000000, 0.000000000000000000 ) ) ;
#6831 = CARTESIAN_POINT ( 'NONE',  ( 131.4285055305748529, -5.223637549982213635, 77.39787425148495004 ) ) ;
#6832 = ORIENTED_EDGE ( 'NONE', *, *, #6113, .F. ) ;
#6833 = CARTESIAN_POINT ( 'NONE',  ( 172.1673415941462224, -2.750000000006237233, -12.65664850184620782 ) ) ;
#6834 = CARTESIAN_POINT ( 'NONE',  ( 83.70065621738683603, -4.000000000000015099, -95.55031619871900261 ) ) ;
#6835 = CARTESIAN_POINT ( 'NONE',  ( 37.91592043682673108, -13.47642778113339901, -83.95628393905857934 ) ) ;
#6836 = CARTESIAN_POINT ( 'NONE',  ( 20.48325236304107477, -7.732041105872252906, 57.88952147032318152 ) ) ;
#6837 = CARTESIAN_POINT ( 'NONE',  ( 19.10513192771650637, -4.138630031029394196, 60.18734036066878446 ) ) ;
#6838 = FACE_BOUND ( 'NONE', #2142, .T. ) ;
#6839 = CARTESIAN_POINT ( 'NONE',  ( 24.07111104640265609, -26.02740411569630652, -25.32587724827113007 ) ) ;
#6840 = CARTESIAN_POINT ( 'NONE',  ( 103.2541832819856040, -4.010361717937978021, 89.04027503550399558 ) ) ;
#6841 = CARTESIAN_POINT ( 'NONE',  ( 171.2851323872473870, -2.864466206801274572E-14, 40.39551849901570790 ) ) ;
#6842 = CARTESIAN_POINT ( 'NONE',  ( 17.26619370825340383, -4.000000000000005329, -55.34490603200196546 ) ) ;
#6843 = CARTESIAN_POINT ( 'NONE',  ( -2.754577143799391337, -3.618935650439819796, -59.95682445294838203 ) ) ;
#6844 = CARTESIAN_POINT ( 'NONE',  ( 17.73705068469628898, 2.296171193620279549, 58.07164023368868300 ) ) ;
#6845 = CARTESIAN_POINT ( 'NONE',  ( 5.013953054493714312, -3.430911900466258935, 59.99873263299998172 ) ) ;
#6846 = ADVANCED_FACE ( 'NONE', ( #3529 ), #6277, .T. ) ;
#6847 = CARTESIAN_POINT ( 'NONE',  ( 16.49709524327522203, -4.339239267206970396, 52.00202606860995758 ) ) ;
#6848 = CARTESIAN_POINT ( 'NONE',  ( 20.29093510223733432, -5.448445143051981354, 60.17128730114543345 ) ) ;
#6849 = CARTESIAN_POINT ( 'NONE',  ( 20.56961068674401361, -3.644225154526346433, -55.09989734260412320 ) ) ;
#6850 = CARTESIAN_POINT ( 'NONE',  ( 90.94515434531031417, -4.359127303292448907, -92.56049607276150937 ) ) ;
#6851 = CARTESIAN_POINT ( 'NONE',  ( 170.1597950383789453, -5.303750541452063594, 32.00585026229909857 ) ) ;
#6852 = CARTESIAN_POINT ( 'NONE',  ( 18.40120003548779692, -0.1785679581953201200, -53.99114494097295847 ) ) ;
#6853 = DIRECTION ( 'NONE',  ( 1.500332356076765934E-16, 1.000000000000000000, -0.000000000000000000 ) ) ;
#6854 = CARTESIAN_POINT ( 'NONE',  ( 128.2857078017369759, 2.519351693310173257E-11, -75.72336631154584552 ) ) ;
#6855 = EDGE_CURVE ( 'NONE', #1956, #6013, #2994, .T. ) ;
#6856 = ORIENTED_EDGE ( 'NONE', *, *, #6875, .F. ) ;
#6857 = CARTESIAN_POINT ( 'NONE',  ( 16.31831874632379709, -4.201193715057789824, 50.39314293000568057 ) ) ;
#6858 = CARTESIAN_POINT ( 'NONE',  ( 21.09698847156342794, -7.768312487166704194, 58.60111604195741108 ) ) ;
#6859 = CARTESIAN_POINT ( 'NONE',  ( 100.9333020382910888, -3.469446951953614189E-14, -85.30664602170975286 ) ) ;
#6860 = EDGE_CURVE ( 'NONE', #3311, #613, #6057, .T. ) ;
#6861 = VERTEX_POINT ( 'NONE', #166 ) ;
#6862 = CARTESIAN_POINT ( 'NONE',  ( 157.8816401471604820, -4.573966614334956660, 56.26524025741316848 ) ) ;
#6863 = CARTESIAN_POINT ( 'NONE',  ( 117.6741338951891436, -4.000000000000918376, -90.59289775269354550 ) ) ;
#6864 = CARTESIAN_POINT ( 'NONE',  ( 16.27718964580017058, -8.007493164248131734, 52.81552941033808679 ) ) ;
#6865 = DIRECTION ( 'NONE',  ( 1.500332356076766180E-16, 1.000000000000000000, -0.000000000000000000 ) ) ;
#6866 = CARTESIAN_POINT ( 'NONE',  ( -18.00000000000000711, -36.63544928724481053, -13.53197208343928537 ) ) ;
#6867 = EDGE_CURVE ( 'NONE', #2936, #3375, #5811, .T. ) ;
#6868 = PERSON_AND_ORGANIZATION_ROLE ( 'classification_officer' ) ;
#6869 = CARTESIAN_POINT ( 'NONE',  ( 60.88567698259424787, -5.646838097119714739, -85.49994395022085314 ) ) ;
#6870 = EDGE_LOOP ( 'NONE', ( #6115, #2396, #1514, #557, #909, #1309, #7281, #146, #605 ) ) ;
#6871 = CARTESIAN_POINT ( 'NONE',  ( 35.48345936264333744, -7.806255641895631925E-15, -70.16863935788890672 ) ) ;
#6872 = CARTESIAN_POINT ( 'NONE',  ( 21.59317250118354536, -10.94374015254152432, -55.62333159295467055 ) ) ;
#6873 = CARTESIAN_POINT ( 'NONE',  ( 1.506500327923834703, -11.64686191744700494, 4.163336342344337027E-14 ) ) ;
#6874 = CARTESIAN_POINT ( 'NONE',  ( 21.06550935585169526, -7.962732787385240485, 58.35249825781520627 ) ) ;
#6875 = EDGE_CURVE ( 'NONE', #3311, #3002, #2942, .T. ) ;
#6876 = CARTESIAN_POINT ( 'NONE',  ( 16.49646702276178800, -3.798793126528174913, 54.37425304615172195 ) ) ;
#6877 = CARTESIAN_POINT ( 'NONE',  ( 86.06783520431761758, -56.13001623236043969, 31.51140512489337198 ) ) ;
#6878 = CARTESIAN_POINT ( 'NONE',  ( 20.82420609287355617, -23.60217443284887651, -4.643769903979400482 ) ) ;
#6879 = VECTOR ( 'NONE', #4128, 1000.000000000000000 ) ;
#6880 = CARTESIAN_POINT ( 'NONE',  ( 138.5198914984891303, -4.028190471719741872, 75.88204692680061214 ) ) ;
#6881 = CARTESIAN_POINT ( 'NONE',  ( 181.1167439338605334, -3.011973055958892136E-14, 6.750458403040846100 ) ) ;
#6882 = CARTESIAN_POINT ( 'NONE',  ( 151.4855042191193775, -33.24540241821887321, 9.946674216457799173E-16 ) ) ;
#6883 = LINE ( 'NONE', #4715, #6055 ) ;
#6884 = CARTESIAN_POINT ( 'NONE',  ( 19.73401741820235600, -1.491775161688383866, 56.40648178850494077 ) ) ;
#6885 = CARTESIAN_POINT ( 'NONE',  ( 2.054359931500165715, -3.430911900466257602, 55.50099769745937550 ) ) ;
#6886 = VERTEX_POINT ( 'NONE', #574 ) ;
#6887 = CARTESIAN_POINT ( 'NONE',  ( 21.38240693294483208, -8.388960362515536673, 58.24742520087039566 ) ) ;
#6888 = CARTESIAN_POINT ( 'NONE',  ( 20.34101480058540190, -5.451942269191765611, 60.22333365990042608 ) ) ;
#6889 = CARTESIAN_POINT ( 'NONE',  ( 20.32638555565061367, -2.668173693507794653, -55.85700103101902414 ) ) ;
#6890 = CARTESIAN_POINT ( 'NONE',  ( 66.80046878229997276, -4.310075653465918144, -89.59468072379729620 ) ) ;
#6891 = CARTESIAN_POINT ( 'NONE',  ( 106.4857792169382691, -4.429954944565738906, 87.84609219181113815 ) ) ;
#6892 = DIRECTION ( 'NONE',  ( -1.000000000000000000, 1.500332356076765934E-16, 0.000000000000000000 ) ) ;
#6893 = AXIS2_PLACEMENT_3D ( 'NONE', #6753, #2827, #6830 ) ;
#6894 = DIRECTION ( 'NONE',  ( -1.000000000000000000, 1.490420224606776581E-16, 0.000000000000000000 ) ) ;
#6895 = CARTESIAN_POINT ( 'NONE',  ( 17.99452809520003527, -5.204170427930421283E-15, 54.62123046780388336 ) ) ;
#6896 = ORIENTED_EDGE ( 'NONE', *, *, #2312, .F. ) ;
#6897 = CARTESIAN_POINT ( 'NONE',  ( 20.10829702537724017, -8.451843781481617413, 56.53571847975073439 ) ) ;
#6898 = CC_DESIGN_APPROVAL ( #966, ( #3500 ) ) ;
#6899 = CARTESIAN_POINT ( 'NONE',  ( 16.39190288577559329, -3.992409331417432483, 52.06331839907463888 ) ) ;
#6900 = CARTESIAN_POINT ( 'NONE',  ( 23.63138245309565022, 2.885203125470675918E-12, -59.42163606089454930 ) ) ;
#6901 = CARTESIAN_POINT ( 'NONE',  ( -22.00000000000000355, -1.296287155650325696E-14, 61.79999999999999716 ) ) ;
#6902 = CARTESIAN_POINT ( 'NONE',  ( 66.98005516017121863, -4.620492546992908345, -88.76468937455720720 ) ) ;
#6903 = CARTESIAN_POINT ( 'NONE',  ( 181.0603238431334603, -4.000000000000031086, -11.94280580716651841 ) ) ;
#6904 = FACE_OUTER_BOUND ( 'NONE', #1197, .T. ) ;
#6905 = FACE_BOUND ( 'NONE', #6757, .T. ) ;
#6906 = CARTESIAN_POINT ( 'NONE',  ( 18.82837672200431101, -42.30756013076906896, -5.181181809388486052E-15 ) ) ;
#6907 = CARTESIAN_POINT ( 'NONE',  ( 163.7901520060231917, -5.225842612128821507, -46.43615908653614355 ) ) ;
#6908 = COORDINATED_UNIVERSAL_TIME_OFFSET ( 5, 0, .AHEAD. ) ;
#6909 = CARTESIAN_POINT ( 'NONE',  ( 99.82860245879579963, -4.320318817374527498, 89.13805502751476695 ) ) ;
#6910 = CARTESIAN_POINT ( 'NONE',  ( 128.9551816349476496, -2.750000000049696247, -75.53333139374832683 ) ) ;
#6911 = CARTESIAN_POINT ( 'NONE',  ( -8.882798646373462503, -38.23517229863723799, -1.477303885963743735 ) ) ;
#6912 = CARTESIAN_POINT ( 'NONE',  ( 117.3563063334777894, -54.88020756833027747, -17.48800423711379182 ) ) ;
#6913 = CARTESIAN_POINT ( 'NONE',  ( 19.70380420765902940, -7.449279177872740298, 57.09414529796170257 ) ) ;
#6914 = CARTESIAN_POINT ( 'NONE',  ( 16.46739405586142624, -3.774630551131837208, 54.24532158369282087 ) ) ;
#6915 = CARTESIAN_POINT ( 'NONE',  ( 85.62873080478185273, -33.22972007004624828, 73.16782629219189005 ) ) ;
#6916 = CARTESIAN_POINT ( 'NONE',  ( 20.22513958323644090, -6.447154129567951308, -51.53491255931425030 ) ) ;
#6917 = CARTESIAN_POINT ( 'NONE',  ( 172.1753026515072520, -4.038651476516353256, 36.54055137309268275 ) ) ;
#6918 = CARTESIAN_POINT ( 'NONE',  ( 180.4853393768614751, -3.002499889092491296E-14, 11.62610524483544872 ) ) ;
#6919 = CARTESIAN_POINT ( 'NONE',  ( 19.09742001552041302, -36.41189641503778063, -14.25429272808687742 ) ) ;
#6920 = CARTESIAN_POINT ( 'NONE',  ( 18.32239328243977283, -0.2510513517483037305, 51.81509871205071960 ) ) ;
#6921 = CARTESIAN_POINT ( 'NONE',  ( 18.36247107912356213, -1.778239323068062496E-13, 54.79868514531121804 ) ) ;
#6922 = CARTESIAN_POINT ( 'NONE',  ( 16.17541380956630093, -3.613187456375851259, 50.58656996566622865 ) ) ;
#6923 = CARTESIAN_POINT ( 'NONE',  ( 20.38706654927642248, -5.454981709939268342, 60.27084734918467035 ) ) ;
#6924 = DIRECTION ( 'NONE',  ( 1.000000000000000000, 0.000000000000000000, 0.000000000000000000 ) ) ;
#6925 = CARTESIAN_POINT ( 'NONE',  ( 148.4614855129026978, -4.370737919864155607, -69.52747202621478095 ) ) ;
#6926 = CARTESIAN_POINT ( 'NONE',  ( 141.0235846917449862, -5.522364189374457943, -71.41686075937353451 ) ) ;
#6927 = CARTESIAN_POINT ( 'NONE',  ( 19.86884931476356186, -1.831158559420302812, -52.26212232431210225 ) ) ;
#6928 = CARTESIAN_POINT ( 'NONE',  ( -2.711943942383873818, -3.499999999999989342, 60.02012201594924790 ) ) ;
#6929 = CARTESIAN_POINT ( 'NONE',  ( 110.3581694953278856, -4.223783858672622189E-12, -83.04719318156047336 ) ) ;
#6930 = ORIENTED_EDGE ( 'NONE', *, *, #714, .F. ) ;
#6931 = CARTESIAN_POINT ( 'NONE',  ( 16.33346904295090241, -4.252733185808569516, 50.45536899893981797 ) ) ;
#6932 = CARTESIAN_POINT ( 'NONE',  ( 16.23212452270396255, -3.677782864598048373, 51.45454881095940891 ) ) ;
#6933 = CARTESIAN_POINT ( 'NONE',  ( 132.6497924994940831, -2.081668171172168513E-14, -95.97430351667192383 ) ) ;
#6934 = CARTESIAN_POINT ( 'NONE',  ( -8.709182079294487622, -42.19163343938000565, 2.344384165418781141 ) ) ;
#6935 = CARTESIAN_POINT ( 'NONE',  ( 38.78207705109299752, -4.058851750011846171, -76.61970651268231336 ) ) ;
#6936 = CARTESIAN_POINT ( 'NONE',  ( 181.5685179569000240, -4.000000000000031086, -1.173223006217251285 ) ) ;
#6937 = CARTESIAN_POINT ( 'NONE',  ( 21.59670397468033798, -10.94629762368517589, 55.62849683923499100 ) ) ;
#6938 = CARTESIAN_POINT ( 'NONE',  ( -9.000000000000007105, -63.39640923772802950, 0.000000000000000000 ) ) ;
#6939 = EDGE_LOOP ( 'NONE', ( #305, #1707, #126, #4774 ) ) ;
#6940 = DIRECTION ( 'NONE',  ( 0.000000000000000000, 1.000000000000000000, 0.000000000000000000 ) ) ;
#6941 = EDGE_CURVE ( 'NONE', #306, #4143, #4839, .T. ) ;
#6942 = CARTESIAN_POINT ( 'NONE',  ( 63.84450427402363459, -5.000017982015955376, -87.24472616495786781 ) ) ;
#6943 = APPROVAL_STATUS ( 'not_yet_approved' ) ;
#6944 = CARTESIAN_POINT ( 'NONE',  ( 41.96862924789061822, -4.544836589513070457, -78.26150868749246570 ) ) ;
#6945 = CARTESIAN_POINT ( 'NONE',  ( 176.2156464826008744, -1.246761521920581530E-11, -13.23658151435797414 ) ) ;
#6946 = CARTESIAN_POINT ( 'NONE',  ( -7.796540360286424054, -38.00659965502853765, -4.505686163895369134 ) ) ;
#6947 = CARTESIAN_POINT ( 'NONE',  ( 35.28964052635893012, -7.398014790541388663, -88.50401803761738506 ) ) ;
#6948 = B_SPLINE_CURVE_WITH_KNOTS ( 'NONE', 3,
 ( #1053, #7283, #507, #3236, #6575, #1088, #4413, #3792, #6027, #6650 ),
 .UNSPECIFIED., .F., .F.,
 ( 4, 2, 2, 2, 4 ),
 ( 0.01855567530512832602, 0.1890535387050873706, 0.3595514021050463804, 0.5300492655050055291, 0.7005471289049645112 ),
 .UNSPECIFIED. ) ;
#6949 = CARTESIAN_POINT ( 'NONE',  ( 16.37878977073733822, -4.013012467624450963, 51.80670553237093401 ) ) ;
#6950 = CARTESIAN_POINT ( 'NONE',  ( 19.62745538433458492, -4.052463416642295257, 60.89509068624796839 ) ) ;
#6951 = CARTESIAN_POINT ( 'NONE',  ( 172.6772380009927019, -20.95902901126090256, 50.96345004025743464 ) ) ;
#6952 = CARTESIAN_POINT ( 'NONE',  ( 20.10110615663606737, -2.895301509892510783, 48.33337043175458803 ) ) ;
#6953 = EDGE_CURVE ( 'NONE', #1993, #2294, #3726, .T. ) ;
#6954 = CARTESIAN_POINT ( 'NONE',  ( 41.56815276890704780, -4.034613822161618124, -78.73318251438070092 ) ) ;
#6955 = CARTESIAN_POINT ( 'NONE',  ( 155.8614489823287101, -2.633059694178437151E-14, 62.03660167507074874 ) ) ;
#6956 = CARTESIAN_POINT ( 'NONE',  ( 8.182057518796423068, -14.59191166190305999, -48.08005415412090144 ) ) ;
#6957 = CARTESIAN_POINT ( 'NONE',  ( 12.86956374061605324, 4.056629669126669668, 53.88192023551074072 ) ) ;
#6958 = CARTESIAN_POINT ( 'NONE',  ( 103.7530176747306427, -53.01288504816876923, -10.16516240514334868 ) ) ;
#6959 = CARTESIAN_POINT ( 'NONE',  ( 16.41016114861139741, -4.134650324384167241, 51.73653772086314007 ) ) ;
#6960 = CARTESIAN_POINT ( 'NONE',  ( 16.62606936923845780, -4.124071649113338900, 53.89468503940096866 ) ) ;
#6961 = CARTESIAN_POINT ( 'NONE',  ( 15.99344815603637571, 0.6338595823862546164, -54.07744672992512847 ) ) ;
#6962 = CARTESIAN_POINT ( 'NONE',  ( 143.0402841464342600, -4.371643540192760469, -74.04916893040972070 ) ) ;
#6963 = CARTESIAN_POINT ( 'NONE',  ( 0.4062368125710846267, -5.892299494853370234, 58.70523378716234930 ) ) ;
#6964 = CARTESIAN_POINT ( 'NONE',  ( 11.40139806363307429, -20.57035977971355578, 42.79945922692002824 ) ) ;
#6965 = CARTESIAN_POINT ( 'NONE',  ( 159.6817638459297939, 5.880684600793306607E-11, -46.02416551364260755 ) ) ;
#6966 = ORIENTED_EDGE ( 'NONE', *, *, #6595, .T. ) ;
#6967 = EDGE_LOOP ( 'NONE', ( #6416, #1682, #232, #7000 ) ) ;
#6968 = CARTESIAN_POINT ( 'NONE',  ( 18.81480576280739569, -8.165891711671736886, 54.61818287319977827 ) ) ;
#6969 = CARTESIAN_POINT ( 'NONE',  ( 16.44430116556665666, -4.025629755964355461, 52.55284927740403589 ) ) ;
#6970 = CARTESIAN_POINT ( 'NONE',  ( 42.02949804058361138, -9.540979117872439019E-15, -80.26449129850679753 ) ) ;
#6971 = CARTESIAN_POINT ( 'NONE',  ( 52.37454393601167624, -4.463926039792198708, -83.84993924590048664 ) ) ;
#6972 = CARTESIAN_POINT ( 'NONE',  ( 169.7526935182254988, -4.000000000000029310, 43.18543144819976476 ) ) ;
#6973 = CARTESIAN_POINT ( 'NONE',  ( 3.027208666834232620, -36.78322698991489403, 12.58587612699608016 ) ) ;
#6974 = CARTESIAN_POINT ( 'NONE',  ( -1.037034476064111033, -5.500000000000017764, 58.92672230857209570 ) ) ;
#6975 = CARTESIAN_POINT ( 'NONE',  ( 21.27744905716017243, -13.74134638450282253, 51.89165859847653195 ) ) ;
#6976 = CARTESIAN_POINT ( 'NONE',  ( 175.4501842778451248, -5.183392568536272726, -14.66115965504337559 ) ) ;
#6977 = CARTESIAN_POINT ( 'NONE',  ( 93.06937162892154447, -4.092976615459528844, 89.92081416773335434 ) ) ;
#6978 = EDGE_LOOP ( 'NONE', ( #3003, #3743 ) ) ;
#6979 = CARTESIAN_POINT ( 'NONE',  ( 168.9138608990913610, -2.749999999993816502, -26.60245092019835411 ) ) ;
#6980 = CARTESIAN_POINT ( 'NONE',  ( -8.926798043478733291, -38.25124526226438348, -1.183323920316408984 ) ) ;
#6981 = CARTESIAN_POINT ( 'NONE',  ( 177.4608200325405676, -4.481915242111173647, -51.44257164951045525 ) ) ;
#6982 = CARTESIAN_POINT ( 'NONE',  ( 16.41560217546304301, -4.068491302742415883, 52.04255316754951366 ) ) ;
#6983 = CARTESIAN_POINT ( 'NONE',  ( 16.46750115283760252, -3.774299778955638285, 54.24876210862842640 ) ) ;
#6984 = CARTESIAN_POINT ( 'NONE',  ( 139.1842759379918846, -47.26221975847406753, 2.775557561562891351E-14 ) ) ;
#6985 = CARTESIAN_POINT ( 'NONE',  ( 20.97694105140114473, -27.97593139085637404, 4.735362689458206376 ) ) ;
#6986 = CARTESIAN_POINT ( 'NONE',  ( 163.3930266343292317, -4.036066178994927256, 51.70132864748388357 ) ) ;
#6987 = CARTESIAN_POINT ( 'NONE',  ( 137.9996728160446935, -2.365073686985669906E-14, 76.53652356352014863 ) ) ;
#6988 = CARTESIAN_POINT ( 'NONE',  ( 19.80280142491610818, -37.92315061880448468, -5.844539587251738055 ) ) ;
#6989 = CARTESIAN_POINT ( 'NONE',  ( 16.59076399425073234, -16.98708762950339946, 28.33352892145171253 ) ) ;
#6990 = CARTESIAN_POINT ( 'NONE',  ( 151.4855042191194059, -33.24540241821885900, 2.072437193581213553E-09 ) ) ;
#6991 = CARTESIAN_POINT ( 'NONE',  ( 17.36254894735269261, -5.783933692812071037, 53.93897623633645111 ) ) ;
#6992 = AXIS2_PLACEMENT_3D ( 'NONE', #707, #5795, #2477 ) ;
#6993 = CARTESIAN_POINT ( 'NONE',  ( 16.48027839107428605, -3.927607432404093935, 53.44327945240080879 ) ) ;
#6994 = CARTESIAN_POINT ( 'NONE',  ( 18.60041816957963334, -0.3999065062109922741, -52.56216891237448863 ) ) ;
#6995 = CARTESIAN_POINT ( 'NONE',  ( 75.29750560154134575, -4.333845622475421600, -91.42075449952530164 ) ) ;
#6996 = DIRECTION ( 'NONE',  ( -0.000000000000000000, 0.000000000000000000, 1.000000000000000000 ) ) ;
#6997 = CARTESIAN_POINT ( 'NONE',  ( 11.00505768146918228, -25.80353394209016571, -43.01264002544868958 ) ) ;
#6998 = CIRCLE ( 'NONE', #1939, 104.9148347273589934 ) ;
#6999 = CARTESIAN_POINT ( 'NONE',  ( 152.6178708963819872, -2.775557561562891351E-14, -82.96782674948434533 ) ) ;
#7000 = ORIENTED_EDGE ( 'NONE', *, *, #195, .F. ) ;
#7001 = ADVANCED_FACE ( 'NONE', ( #796 ), #5695, .T. ) ;
#7002 = VERTEX_POINT ( 'NONE', #4815 ) ;
#7003 = CARTESIAN_POINT ( 'NONE',  ( 21.07465818655062151, -8.960887371081801334, 57.25502228836766960 ) ) ;
#7004 = CARTESIAN_POINT ( 'NONE',  ( 21.11046834099303382, -7.351105401456219823, 59.06748894763541813 ) ) ;
#7005 = CARTESIAN_POINT ( 'NONE',  ( 20.10110615663606737, -2.895301509892503233, -48.33337043175455960 ) ) ;
#7006 = VECTOR ( 'NONE', #2219, 1000.000000000000000 ) ;
#7007 = CARTESIAN_POINT ( 'NONE',  ( 125.9080167755534916, -4.290935089025289528, 81.58214051420245028 ) ) ;
#7008 = CARTESIAN_POINT ( 'NONE',  ( 132.6962759865881765, -4.000000000000022204, 79.57628916963869870 ) ) ;
#7009 = CARTESIAN_POINT ( 'NONE',  ( -12.97122352210677931, -38.26698342358788096, 0.8837501712013772215 ) ) ;
#7010 = CARTESIAN_POINT ( 'NONE',  ( -2.785423084284389894, -3.740061110786531806, 59.89206169624829101 ) ) ;
#7011 = CARTESIAN_POINT ( 'NONE',  ( 15.98701258748271314, -4.197513530038484042, 45.91286553192113473 ) ) ;
#7012 = CARTESIAN_POINT ( 'NONE',  ( 84.02557645152323573, -5.175252389187790847, -90.20562356351690880 ) ) ;
#7013 = CARTESIAN_POINT ( 'NONE',  ( 56.04879566154732373, -5.472825502534389486, -84.03367116886853694 ) ) ;
#7014 = ORIENTED_EDGE ( 'NONE', *, *, #4527, .F. ) ;
#7015 = CARTESIAN_POINT ( 'NONE',  ( 16.38877612243135573, -11.20291177156419415, -48.96052073975118901 ) ) ;
#7016 = CARTESIAN_POINT ( 'NONE',  ( -2.052269624041234586, -41.52293940755560442, -8.767905345461416644 ) ) ;
#7017 =( BOUNDED_SURFACE ( )  B_SPLINE_SURFACE ( 2, 3, ( 
 ( #5917, #3089, #1418, #5330, #214, #284, #6490, #5366, #322, #2564, #4812, #902, #3156, #1528, #7089, #3191, #6233, #1600, #2671, #5096, #6531, #4546, #4847, #2634, #4882, #3860, #1561, #2599, #40, #936, #1493, #3748, #2708, #2854, #465, #2150, #6782, #4918, #7127, #2043, #6093, #3783, #6603, #429, #6019, #3820, #4404, #2292, #5687, #1743, #6054, #4955, #4334, #5436, #1046, #2079, #5545, #4297, #500, #5471, #5984, #7161, #1010, #390 ),
 ( #6566, #2112, #4370, #973, #7198, #3267, #3226, #3998, #5509, #6641, #3306, #1184, #3442, #2890, #4724, #2479, #636, #5724, #1296, #1261, #5242, #5208, #709, #3591, #2444, #2968, #4033, #784, #1220, #6965, #6372, #1884, #4652, #6268, #4617, #6854, #1847, #4142, #2367, #196, #1917, #6929, #1810, #6818, #231, #3517, #5279, #4175, #5798, #5835, #6409, #3554, #4580, #3478, #3001, #6305, #4689, #1369, #674, #2931, #154, #5135, #4069, #5762 ),
 ( #2405, #3628, #5172, #6895, #4108, #1775, #1332, #6340, #118, #80, #2332, #747, #3041, #1990, #4830, #818, #2656, #410, #5870, #3660, #6513, #6475, #3176, #3143, #5934, #1513, #376, #886, #1955, #7074, #3073, #3766, #2027, #6999, #1546, #3210, #3105, #4282, #3694, #6585, #1436, #5349, #4319, #4904, #7147, #4210, #304, #5419, #2548, #5902, #6442, #1402, #2099, #956, #851, #4796, #5386, #2618, #2582, #7035, #4244, #340, #4865, #7107 ) ),
 .UNSPECIFIED., .F., .F., .F. ) 
 B_SPLINE_SURFACE_WITH_KNOTS ( ( 3, 3 ),
 ( 4, 2, 2, 2, 2, 2, 2, 2, 2, 2, 2, 2, 2, 2, 2, 2, 2, 2, 2, 2, 2, 2, 2, 2, 2, 2, 2, 2, 2, 2, 2, 4 ),
 ( 0.000000000000000000, 1.000000000000000000 ),
 ( 0.4495419638380254712, 0.6177951319475110115, 0.7860483000569964407, 1.122554636275967299, 1.459060972494938380, 1.795567308713909238, 2.132073644932880541, 2.468579981151851399, 2.636833149261336828, 2.805086317370822258, 2.973339485480307687, 3.141592653589793116, 3.309845821699278545, 3.478098989808763974, 3.646352157918249404, 3.814605326027734833, 3.982858494137220262, 4.151111662246705691, 4.319364830356191121, 4.361428122383562922, 4.403491414410933835, 4.487617998465676550, 4.655871166575161979, 4.824124334684647408, 4.992377502794132837, 5.160630670903618267, 5.328883839013103696, 5.497137007122589125, 5.581263591177331840, 5.623326883204702753, 5.665390175232074554, 5.833643343341560872 ),
 .UNSPECIFIED. ) 
 GEOMETRIC_REPRESENTATION_ITEM ( )  RATIONAL_B_SPLINE_SURFACE ( (
 ( 1.000000000000000000, 1.000000000000000000, 1.000000000000000000, 1.000000000000000000, 1.000000000000000000, 1.000000000000000000, 1.000000000000000000, 1.000000000000000000, 1.000000000000000000, 1.000000000000000000, 1.000000000000000000, 1.000000000000000000, 1.000000000000000000, 1.000000000000000000, 1.000000000000000000, 1.000000000000000000, 1.000000000000000000, 1.000000000000000000, 1.000000000000000000, 1.000000000000000000, 1.000000000000000000, 1.000000000000000000, 1.000000000000000000, 1.000000000000000000, 1.000000000000000000, 1.000000000000000000, 1.000000000000000000, 1.000000000000000000, 1.000000000000000000, 1.000000000000000000, 1.000000000000000000, 1.000000000000000000, 1.000000000000000000, 1.000000000000000000, 1.000000000000000000, 1.000000000000000000, 1.000000000000000000, 1.000000000000000000, 1.000000000000000000, 1.000000000000000000, 1.000000000000000000, 1.000000000000000000, 1.000000000000000000, 1.000000000000000000, 1.000000000000000000, 1.000000000000000000, 1.000000000000000000, 1.000000000000000000, 1.000000000000000000, 1.000000000000000000, 1.000000000000000000, 1.000000000000000000, 1.000000000000000000, 1.000000000000000000, 1.000000000000000000, 1.000000000000000000, 1.000000000000000000, 1.000000000000000000, 1.000000000000000000, 1.000000000000000000, 1.000000000000000000, 1.000000000000000000, 1.000000000000000000, 1.000000000000000000),
 ( 0.7071067811865474617, 0.7071067811865474617, 0.7071067811865479058, 0.7071067811865479058, 0.7071067811865491270, 0.7071067811865491270, 0.7071067811865475727, 0.7071067811865475727, 0.7071067811865474617, 0.7071067811865474617, 0.7071067811865475727, 0.7071067811865475727, 0.7071067811865475727, 0.7071067811865475727, 0.7071067811865476838, 0.7071067811865476838, 0.7071067811865476838, 0.7071067811865476838, 0.7071067811865475727, 0.7071067811865475727, 0.7071067811865476838, 0.7071067811865476838, 0.7071067811865476838, 0.7071067811865476838, 0.7071067811865476838, 0.7071067811865476838, 0.7071067811865471286, 0.7071067811865471286, 0.7071067811865476838, 0.7071067811865476838, 0.7071067811865476838, 0.7071067811865476838, 0.7071067811865476838, 0.7071067811865476838, 0.7071067811865475727, 0.7071067811865475727, 0.7071067811865473507, 0.7071067811865473507, 0.7071067811865475727, 0.7071067811865475727, 0.7071067811865475727, 0.7071067811865475727, 0.7071067811865477948, 0.7071067811865477948, 0.7071067811865475727, 0.7071067811865475727, 0.7071067811865477948, 0.7071067811865477948, 0.7071067811865475727, 0.7071067811865475727, 0.7071067811865476838, 0.7071067811865476838, 0.7071067811865474617, 0.7071067811865474617, 0.7071067811865467956, 0.7071067811865467956, 0.7071067811865474617, 0.7071067811865474617, 0.7071067811865474617, 0.7071067811865474617, 0.7071067811865479058, 0.7071067811865479058, 0.7071067811865476838, 0.7071067811865476838),
 ( 1.000000000000000000, 1.000000000000000000, 1.000000000000000000, 1.000000000000000000, 1.000000000000000000, 1.000000000000000000, 1.000000000000000000, 1.000000000000000000, 1.000000000000000000, 1.000000000000000000, 1.000000000000000000, 1.000000000000000000, 1.000000000000000000, 1.000000000000000000, 1.000000000000000000, 1.000000000000000000, 1.000000000000000000, 1.000000000000000000, 1.000000000000000000, 1.000000000000000000, 1.000000000000000000, 1.000000000000000000, 1.000000000000000000, 1.000000000000000000, 1.000000000000000000, 1.000000000000000000, 1.000000000000000000, 1.000000000000000000, 1.000000000000000000, 1.000000000000000000, 1.000000000000000000, 1.000000000000000000, 1.000000000000000000, 1.000000000000000000, 1.000000000000000000, 1.000000000000000000, 1.000000000000000000, 1.000000000000000000, 1.000000000000000000, 1.000000000000000000, 1.000000000000000000, 1.000000000000000000, 1.000000000000000000, 1.000000000000000000, 1.000000000000000000, 1.000000000000000000, 1.000000000000000000, 1.000000000000000000, 1.000000000000000000, 1.000000000000000000, 1.000000000000000000, 1.000000000000000000, 1.000000000000000000, 1.000000000000000000, 1.000000000000000000, 1.000000000000000000, 1.000000000000000000, 1.000000000000000000, 1.000000000000000000, 1.000000000000000000, 1.000000000000000000, 1.000000000000000000, 1.000000000000000000, 1.000000000000000000) ) ) 
 REPRESENTATION_ITEM ( '' )  SURFACE ( )  );
#7018 = CARTESIAN_POINT ( 'NONE',  ( -7.645440040515460112, -37.98224267549366573, -4.757397242086564226 ) ) ;
#7019 = CARTESIAN_POINT ( 'NONE',  ( -3.838103111921495447, -4.240957621055570392, 6.938893903907228378E-14 ) ) ;
#7020 = CARTESIAN_POINT ( 'NONE',  ( 21.20912206652572607, -7.910872660773042853, 58.57319962500599075 ) ) ;
#7021 = CARTESIAN_POINT ( 'NONE',  ( 16.45804241747271845, -3.746688207573734442, 54.35591483259131707 ) ) ;
#7022 = CARTESIAN_POINT ( 'NONE',  ( 24.02479267529368556, -8.546300172022979424, 53.54417500852630241 ) ) ;
#7023 = CARTESIAN_POINT ( 'NONE',  ( 55.75081033021287169, -1.131067390605650300E-14, 82.96430611958976442 ) ) ;
#7024 = CARTESIAN_POINT ( 'NONE',  ( 98.19230358979028495, -4.044992349077110028, -94.00931569795571363 ) ) ;
#7025 = CARTESIAN_POINT ( 'NONE',  ( -2.711943942383873818, -3.499999999999989342, 60.02012201594924790 ) ) ;
#7026 = CARTESIAN_POINT ( 'NONE',  ( 14.74189168959356877, -27.04331309717684206, -35.07456461778962620 ) ) ;
#7027 = CARTESIAN_POINT ( 'NONE',  ( 16.74958366759854300, -21.53508802180171955, -16.79545892660483375 ) ) ;
#7028 = CARTESIAN_POINT ( 'NONE',  ( 86.40000000065717245, -51.13139327542299384, -41.27885449743789792 ) ) ;
#7029 = CARTESIAN_POINT ( 'NONE',  ( 21.13407278120830313, -8.293163340304005260, 58.06929770938634761 ) ) ;
#7030 = CARTESIAN_POINT ( 'NONE',  ( 19.55835475232859366, -4.975849781278419037, 59.81211552745486415 ) ) ;
#7031 = CARTESIAN_POINT ( 'NONE',  ( 17.22362679335648394, 0.3627405037747282734, -55.34649306498400279 ) ) ;
#7032 = CARTESIAN_POINT ( 'NONE',  ( 80.43878248704801592, -4.214542436633603728, -92.70321132257355146 ) ) ;
#7033 = CARTESIAN_POINT ( 'NONE',  ( 20.10110615663606737, -2.895301509892503233, -48.33337043175455960 ) ) ;
#7034 = CARTESIAN_POINT ( 'NONE',  ( 5.906837557134390515, -10.43009848990517696, 51.16190680367667909 ) ) ;
#7035 = CARTESIAN_POINT ( 'NONE',  ( 16.59588986285244161, -5.637851296924623057E-15, -52.60843963407489099 ) ) ;
#7036 = ORIENTED_EDGE ( 'NONE', *, *, #5412, .T. ) ;
#7037 = ORIENTED_EDGE ( 'NONE', *, *, #5247, .F. ) ;
#7038 = CARTESIAN_POINT ( 'NONE',  ( 21.47035892047791350, -8.938551196512854347, 57.74397022180455252 ) ) ;
#7039 = B_SPLINE_CURVE_WITH_KNOTS ( 'NONE', 3,
 ( #1331, #1809, #1774, #1742, #745, #5171, #1260, #4067 ),
 .UNSPECIFIED., .F., .F.,
 ( 4, 2, 2, 4 ),
 ( 0.1404943933070636197, 0.2330022904457643151, 0.3255101875844650383, 0.5105259818618663736 ),
 .UNSPECIFIED. ) ;
#7040 = CARTESIAN_POINT ( 'NONE',  ( 16.43005688559407673, -4.002276200813759566, 52.48811379850415904 ) ) ;
#7041 = CARTESIAN_POINT ( 'NONE',  ( 6.556627008620589336, -37.05512919775129888, 11.23358879668571575 ) ) ;
#7042 = CARTESIAN_POINT ( 'NONE',  ( 99.81717091081524984, -4.101958761536283582, 89.34632757064254349 ) ) ;
#7043 = CARTESIAN_POINT ( 'NONE',  ( 129.6267140061741259, -4.000000000000022204, 81.20628225220485774 ) ) ;
#7044 = EDGE_CURVE ( 'NONE', #652, #1334, #3646, .T. ) ;
#7045 = DIRECTION ( 'NONE',  ( -0.03489949670250100389, 0.9993908270190956511, 0.000000000000000000 ) ) ;
#7046 = CARTESIAN_POINT ( 'NONE',  ( 6.717962198651015626, -37.85029666269156223, 5.996129934983255083 ) ) ;
#7047 = CARTESIAN_POINT ( 'NONE',  ( 19.58247446663239799, -12.33822457835709230, 51.14619182837050460 ) ) ;
#7048 = CARTESIAN_POINT ( 'NONE',  ( 38.84029567591507259, -4.100545677589082949, -76.61429818277508730 ) ) ;
#7049 = CARTESIAN_POINT ( 'NONE',  ( 90.79704142594900418, -5.773851647898698758, -89.04598446454848215 ) ) ;
#7050 = EDGE_CURVE ( 'NONE', #3607, #6861, #3750, .T. ) ;
#7051 = CARTESIAN_POINT ( 'NONE',  ( 16.09212400381283459, -2.707906566313524444, -58.57981241746988132 ) ) ;
#7052 = CARTESIAN_POINT ( 'NONE',  ( 181.7559074401127646, -3.127549633880906000E-14, -6.025303999813729661 ) ) ;
#7053 = CARTESIAN_POINT ( 'NONE',  ( 3.159547139780630065, -37.52934293509730423, -8.432257389068215758 ) ) ;
#7054 = CARTESIAN_POINT ( 'NONE',  ( 87.25659248665418488, -4.000000000000008882, -90.40246018738626788 ) ) ;
#7055 = CARTESIAN_POINT ( 'NONE',  ( 16.48605167925299142, -4.223436489079373857, 52.26241977814316186 ) ) ;
#7056 = DIRECTION ( 'NONE',  ( 1.500332356076766180E-16, 1.000000000000000000, -0.000000000000000000 ) ) ;
#7057 = DIRECTION ( 'NONE',  ( -1.000000000000000000, 0.000000000000000000, 0.000000000000000000 ) ) ;
#7058 = CARTESIAN_POINT ( 'NONE',  ( 24.07054105687964451, -20.09219930315864033, 37.88918646425310044 ) ) ;
#7059 = CARTESIAN_POINT ( 'NONE',  ( 93.07968903362525737, -4.000000000000017764, 90.05293010548149368 ) ) ;
#7060 = CARTESIAN_POINT ( 'NONE',  ( 149.6614994673865624, -58.99259783589945982, 126.5229989347731419 ) ) ;
#7061 = LINE ( 'NONE', #981, #1121 ) ;
#7062 = CARTESIAN_POINT ( 'NONE',  ( 15.99344815604522907, 0.6338595823900634585, 54.07744672993931090 ) ) ;
#7063 = CARTESIAN_POINT ( 'NONE',  ( 172.8000000016116076, -2.750000000000025757, -50.61194820885241086 ) ) ;
#7064 = EDGE_LOOP ( 'NONE', ( #5367, #3106, #1754, #132 ) ) ;
#7065 = CARTESIAN_POINT ( 'NONE',  ( 16.40809251870149055, -4.108754520523400622, 51.80288667745404751 ) ) ;
#7066 = CARTESIAN_POINT ( 'NONE',  ( 16.36076032879419273, -3.782843710601566656, 52.91909293215945098 ) ) ;
#7067 = CARTESIAN_POINT ( 'NONE',  ( 20.20499984992910925, -5.870427625529849536, 44.92792149507965149 ) ) ;
#7068 = CARTESIAN_POINT ( 'NONE',  ( -3.713754619475103436, -41.60292535126151137, 8.203357394532252655 ) ) ;
#7069 = CARTESIAN_POINT ( 'NONE',  ( 131.6417348465704151, -4.232414309362466653, -82.35610986352639884 ) ) ;
#7070 = FACE_OUTER_BOUND ( 'NONE', #1802, .T. ) ;
#7071 = CARTESIAN_POINT ( 'NONE',  ( 16.14639242371294969, -4.000000000000000888, 48.40738059784411007 ) ) ;
#7072 = EDGE_CURVE ( 'NONE', #6886, #2225, #5139, .T. ) ;
#7073 = DESIGN_CONTEXT ( 'detailed design', #5664, 'design' ) ;
#7074 = CARTESIAN_POINT ( 'NONE',  ( 175.2731856472094876, -3.122502256758252770E-14, -55.79812635765263451 ) ) ;
#7075 = ORIENTED_EDGE ( 'NONE', *, *, #4347, .F. ) ;
#7076 = CARTESIAN_POINT ( 'NONE',  ( 20.43778237365149408, -8.450517505156376785, 57.00008949687659765 ) ) ;
#7077 = CARTESIAN_POINT ( 'NONE',  ( 16.44739244980474879, -3.976064381959164340, 52.81693559291111484 ) ) ;
#7078 = LINE ( 'NONE', #2552, #4767 ) ;
#7079 = CARTESIAN_POINT ( 'NONE',  ( 80.50617173293659334, -4.516929639723924694, -91.60497861371824513 ) ) ;
#7080 = CARTESIAN_POINT ( 'NONE',  ( 50.24372724395473711, -4.000000000000010658, -84.75086833179885559 ) ) ;
#7081 = DIRECTION ( 'NONE',  ( -1.000000000000000000, 1.489230167276344584E-16, 0.000000000000000000 ) ) ;
#7082 = CARTESIAN_POINT ( 'NONE',  ( 20.94442776002556172, -12.72590286453040243, 52.71443231521876527 ) ) ;
#7083 = ADVANCED_FACE ( 'NONE', ( #1160 ), #53, .F. ) ;
#7084 = CARTESIAN_POINT ( 'NONE',  ( 40.39899664144156333, -4.083640624843368094, -73.29630559321161343 ) ) ;
#7085 = CARTESIAN_POINT ( 'NONE',  ( 107.8369093530409231, -4.973978057248037210, -88.37478336915525290 ) ) ;
#7086 = CARTESIAN_POINT ( 'NONE',  ( 140.6435845213916309, -5.838136605452388217, -70.92206921441777467 ) ) ;
#7087 = CARTESIAN_POINT ( 'NONE',  ( 16.43914131224951092, -12.64518210428226119, -36.12134987133025277 ) ) ;
#7088 = DIRECTION ( 'NONE',  ( 1.500332356076765934E-16, 1.000000000000000000, -0.000000000000000000 ) ) ;
#7089 = CARTESIAN_POINT ( 'NONE',  ( 147.9191747808522166, -9.155310185201505746, 61.43512048259641034 ) ) ;
#7090 = CARTESIAN_POINT ( 'NONE',  ( -3.417065038138620281, -4.843351673694505699, -53.00974447525332778 ) ) ;
#7091 = CARTESIAN_POINT ( 'NONE',  ( 21.25153410708099955, -7.925320643438270807, 58.60484747114538351 ) ) ;
#7092 = DIRECTION ( 'NONE',  ( -1.500332356076765934E-16, -1.000000000000000000, 0.000000000000000000 ) ) ;
#7093 = CARTESIAN_POINT ( 'NONE',  ( 71.84055018553705452, -57.95386985700424987, 24.06511801717882548 ) ) ;
#7094 = CARTESIAN_POINT ( 'NONE',  ( 24.06868146472112713, -30.79655113741668160, -1.410707243344422102 ) ) ;
#7095 = CARTESIAN_POINT ( 'NONE',  ( 117.4438514451221920, -4.046031379157551733, -89.92602332171665580 ) ) ;
#7096 = CARTESIAN_POINT ( 'NONE',  ( 99.14500000000006708, -63.39640923772801528, 2.291319741699659564E-15 ) ) ;
#7097 = DIRECTION ( 'NONE',  ( -1.000000000000000000, 1.500332356076765934E-16, 0.000000000000000000 ) ) ;
#7098 = CARTESIAN_POINT ( 'NONE',  ( 17.57543852627095049, -0.03650467787979523593, 48.65010634252166710 ) ) ;
#7099 = CARTESIAN_POINT ( 'NONE',  ( 137.0119482129790640, -2.750000000000020872, -86.39999999919425022 ) ) ;
#7100 = CARTESIAN_POINT ( 'NONE',  ( 19.72646445095382362, -7.629793438093651403, 56.91339600846691837 ) ) ;
#7101 = CARTESIAN_POINT ( 'NONE',  ( 17.93323549465894473, -4.733859858919498897, 57.45642252215559864 ) ) ;
#7102 = CARTESIAN_POINT ( 'NONE',  ( 20.68333541697028721, -19.56816607754805659, -22.12271355484553936 ) ) ;
#7103 = CARTESIAN_POINT ( 'NONE',  ( 5.499305592838002354, -41.74145704855331473, 7.148936411351235698 ) ) ;
#7104 = CARTESIAN_POINT ( 'NONE',  ( 171.3269211818372071, -4.196800183647231286, 36.18634151045181113 ) ) ;
#7105 = CARTESIAN_POINT ( 'NONE',  ( 59.51514743024209508, -1.187544958109190439E-14, -89.26900779010399845 ) ) ;
#7106 = CARTESIAN_POINT ( 'NONE',  ( 10.22535738206069311, -24.28214012042347392, -44.65409265558896834 ) ) ;
#7107 = CARTESIAN_POINT ( 'NONE',  ( 7.683518813313609641, -4.119968255444916849E-15, -37.97993667169612308 ) ) ;
#7108 = VERTEX_POINT ( 'NONE', #5034 ) ;
#7109 = AXIS2_PLACEMENT_3D ( 'NONE', #2116, #1125, #3309 ) ;
#7110 = EDGE_LOOP ( 'NONE', ( #1190, #5316, #4511, #6792, #1031, #6707 ) ) ;
#7111 = ORIENTED_EDGE ( 'NONE', *, *, #1020, .T. ) ;
#7112 = CARTESIAN_POINT ( 'NONE',  ( 19.45581049122515438, -7.864426709925574244, 56.15254118684893569 ) ) ;
#7113 = CARTESIAN_POINT ( 'NONE',  ( 16.46081802790230242, -3.996810983721467814, 52.87386030434627315 ) ) ;
#7114 = CARTESIAN_POINT ( 'NONE',  ( 20.22513958323643379, -6.447154129567951308, -51.53491255931425741 ) ) ;
#7115 = CARTESIAN_POINT ( 'NONE',  ( 111.5346925648017020, -4.558635883268533640, -88.83416551166664021 ) ) ;
#7116 = CARTESIAN_POINT ( 'NONE',  ( 178.4475220880275117, -3.430911900466283360, -41.84244481377712788 ) ) ;
#7117 = AXIS2_PLACEMENT_3D ( 'NONE', #3741, #274, #7081 ) ;
#7118 = FACE_OUTER_BOUND ( 'NONE', #1254, .T. ) ;
#7119 = CARTESIAN_POINT ( 'NONE',  ( 21.47498332052851566, -13.10201372742047532, 52.93500885909647735 ) ) ;
#7120 = AXIS2_PLACEMENT_3D ( 'NONE', #6732, #4495, #26 ) ;
#7121 = CARTESIAN_POINT ( 'NONE',  ( 172.8072572358372838, -5.092631297610207497, 25.74340548055194944 ) ) ;
#7122 = CARTESIAN_POINT ( 'NONE',  ( 170.7684663968078951, -6.727869985394200352E-11, 19.24584634300738983 ) ) ;
#7123 = CARTESIAN_POINT ( 'NONE',  ( 176.1297671362833910, -4.882871991943204648, 12.52493977907704448 ) ) ;
#7124 = CARTESIAN_POINT ( 'NONE',  ( 16.10057427553615739, -2.949890687712089399, -48.43723785585511621 ) ) ;
#7125 = CARTESIAN_POINT ( 'NONE',  ( 44.07123158175186717, -9.125021925549383803E-15, -80.94332521983743334 ) ) ;
#7126 = AXIS2_PLACEMENT_3D ( 'NONE', #2282, #2921, #666 ) ;
#7127 = CARTESIAN_POINT ( 'NONE',  ( 117.2419197147753351, -19.99948510742694552, -80.71681072448804173 ) ) ;
#7128 = DIRECTION ( 'NONE',  ( -0.000000000000000000, -1.000000000000000000, -0.000000000000000000 ) ) ;
#7129 = LOCAL_TIME ( 7, 56, 26.00000000000000000, #6908 ) ;
#7130 = CARTESIAN_POINT ( 'NONE',  ( 19.29608957312022355, -3.609838032274915065, 60.99017149993486697 ) ) ;
#7131 = CARTESIAN_POINT ( 'NONE',  ( -22.00000000000000355, -4.000000000000000888, -55.17981480219004453 ) ) ;
#7132 = CARTESIAN_POINT ( 'NONE',  ( 108.8051418426353791, -4.045782403519440962, -92.34199283476075948 ) ) ;
#7133 = CARTESIAN_POINT ( 'NONE',  ( 123.0944098457840710, -2.141445203884521526E-14, 83.99979539175373588 ) ) ;
#7134 = ADVANCED_FACE ( 'NONE', ( #5586 ), #2264, .T. ) ;
#7135 = CARTESIAN_POINT ( 'NONE',  ( 0.1227619990085693225, -20.95902901126223128, -2.113182867143770641E-14 ) ) ;
#7136 = CARTESIAN_POINT ( 'NONE',  ( -22.00000000000000355, -5.500000000000000000, -58.92672230857210991 ) ) ;
#7137 = CARTESIAN_POINT ( 'NONE',  ( 171.2934996720761092, -11.64686191744701027, 1.039645526418248943E-14 ) ) ;
#7138 = CARTESIAN_POINT ( 'NONE',  ( 21.35222237155788960, -8.377671474780248317, 58.22600694608736660 ) ) ;
#7139 = CARTESIAN_POINT ( 'NONE',  ( 16.99617077914148311, -4.425608043745208775, 55.19657347327922281 ) ) ;
#7140 = CARTESIAN_POINT ( 'NONE',  ( 20.56034777537949765, -16.04626082228500650, 30.11220704477947407 ) ) ;
#7141 = CARTESIAN_POINT ( 'NONE',  ( 7.811985143943735110, -42.02456128797290091, 4.507541666907354916 ) ) ;
#7142 = CARTESIAN_POINT ( 'NONE',  ( 111.9106393434233411, -4.232141069241498244, -90.15884522755776231 ) ) ;
#7143 = CARTESIAN_POINT ( 'NONE',  ( 99.14499999999993918, -58.15464714294839155, 1.560812345513301719E-15 ) ) ;
#7144 = CARTESIAN_POINT ( 'NONE',  ( 16.19641309613469815, -4.271077447781035374, 48.72664648083136996 ) ) ;
#7145 = EDGE_CURVE ( 'NONE', #652, #943, #2308, .T. ) ;
#7146 = CARTESIAN_POINT ( 'NONE',  ( 16.27289418914652686, -36.79998438865753485, 25.86176719761961351 ) ) ;
#7147 = CARTESIAN_POINT ( 'NONE',  ( 98.11720691939522965, -1.734723475976807094E-14, -104.1445348416288539 ) ) ;
#7148 = EDGE_LOOP ( 'NONE', ( #2846, #6086, #5871, #2309, #4039 ) ) ;
#7149 = CARTESIAN_POINT ( 'NONE',  ( 16.37210061201641054, -4.167666999897847724, 51.17193396250662119 ) ) ;
#7150 = CARTESIAN_POINT ( 'NONE',  ( 20.76888326800045803, -6.402680444696916773, 59.69556825350640850 ) ) ;
#7151 = CARTESIAN_POINT ( 'NONE',  ( 4.231459043374899309, -36.84319829258723900, 12.29955383978342986 ) ) ;
#7152 = CARTESIAN_POINT ( 'NONE',  ( 94.39584506642928829, -4.543959922080187397, -91.79089670203323692 ) ) ;
#7153 = CARTESIAN_POINT ( 'NONE',  ( 44.34194698500080278, -4.000000000000008882, -81.04355154936563110 ) ) ;
#7154 = CARTESIAN_POINT ( 'NONE',  ( 149.6614994673865908, -58.99259783589945982, -126.5229989347731419 ) ) ;
#7155 = CARTESIAN_POINT ( 'NONE',  ( 21.45484581718254447, -13.08839443490575860, 52.92690357273901469 ) ) ;
#7156 = CARTESIAN_POINT ( 'NONE',  ( 49.51519362137414504, -4.826717017736665838, -81.97538876660266283 ) ) ;
#7157 = CARTESIAN_POINT ( 'NONE',  ( 123.9660267272414558, -19.96966927083339627, -77.95661844599973733 ) ) ;
#7158 = CARTESIAN_POINT ( 'NONE',  ( 112.8118780897772524, -4.977809392770083718, -87.03905160131867547 ) ) ;
#7159 = CARTESIAN_POINT ( 'NONE',  ( 16.34354394335595373, -9.907631635465641295, -40.06265763991921602 ) ) ;
#7160 = CARTESIAN_POINT ( 'NONE',  ( -3.987668670440933649, -41.62071607154255304, -8.073736214461755267 ) ) ;
#7161 = CARTESIAN_POINT ( 'NONE',  ( 13.16357022868670512, -1.000000000000005551, -46.09626967509139206 ) ) ;
#7162 = EDGE_CURVE ( 'NONE', #5164, #2549, #428, .T. ) ;
#7163 = CARTESIAN_POINT ( 'NONE',  ( 172.7999645039342624, -2.750000000005643930, 5.502228282717877805E-09 ) ) ;
#7164 = CARTESIAN_POINT ( 'NONE',  ( 18.92414695730093399, -3.715766896442037392, 60.44439972287561602 ) ) ;
#7165 = CARTESIAN_POINT ( 'NONE',  ( 22.91293426008738265, -3.410603003750868556, 57.91793013676860369 ) ) ;
#7166 = CARTESIAN_POINT ( 'NONE',  ( 2.980904137359318806, -5.112353457377162513, -54.54272907995827069 ) ) ;
#7167 = CARTESIAN_POINT ( 'NONE',  ( 106.6697051873212558, -3.999999999999984457, 88.60910429467587335 ) ) ;
#7168 = EDGE_LOOP ( 'NONE', ( #3593, #7075, #239, #4867 ) ) ;
#7169 = CARTESIAN_POINT ( 'NONE',  ( 69.65712660853368732, -1.339708353267667892E-14, 87.56279413820675472 ) ) ;
#7170 = FACE_OUTER_BOUND ( 'NONE', #3735, .T. ) ;
#7171 = DIRECTION ( 'NONE',  ( 0.000000000000000000, 0.000000000000000000, 1.000000000000000000 ) ) ;
#7172 = CARTESIAN_POINT ( 'NONE',  ( 165.6606397246016229, -18.81133930434816648, 158.5212794492032629 ) ) ;
#7173 = CARTESIAN_POINT ( 'NONE',  ( 16.50738320770014056, -4.313065027860242040, 52.17794675327973408 ) ) ;
#7174 = EDGE_CURVE ( 'NONE', #3375, #1476, #5662, .T. ) ;
#7175 = CARTESIAN_POINT ( 'NONE',  ( 20.12792156926837350, -4.986239302495834025, 60.47435569627913310 ) ) ;
#7176 = CARTESIAN_POINT ( 'NONE',  ( 25.32940642513338148, -6.746452246449418508E-15, -63.10094832840390211 ) ) ;
#7177 = CARTESIAN_POINT ( 'NONE',  ( 173.9795354424287552, -6.074270917194436237, -15.67769925705421485 ) ) ;
#7178 = CARTESIAN_POINT ( 'NONE',  ( 53.65722436065465217, -4.151463774673842977, -85.30892081863278520 ) ) ;
#7179 = CARTESIAN_POINT ( 'NONE',  ( 60.86503067339226902, -1.207797693175431192E-14, -89.81171965887919839 ) ) ;
#7180 = CARTESIAN_POINT ( 'NONE',  ( 16.26571414806703331, -4.659194789174913254, 49.07405630876486669 ) ) ;
#7181 = CARTESIAN_POINT ( 'NONE',  ( -1.178321499521282512, -5.500000000000002665, 58.92672230857210280 ) ) ;
#7182 = CARTESIAN_POINT ( 'NONE',  ( 20.60018448596160923, -3.920729752636039844, 54.83702706636682933 ) ) ;
#7183 = CARTESIAN_POINT ( 'NONE',  ( 40.66046564705663258, -1.404341999274729025, 73.30445217618746767 ) ) ;
#7184 = EDGE_LOOP ( 'NONE', ( #4557, #639, #185, #2939, #543 ) ) ;
#7185 = CARTESIAN_POINT ( 'NONE',  ( 21.44954252509413806, -8.929832900526550432, 57.73015213336527296 ) ) ;
#7186 = CARTESIAN_POINT ( 'NONE',  ( 16.52589504706837076, -4.108775696717223092, 53.07250348323027822 ) ) ;
#7187 = CARTESIAN_POINT ( 'NONE',  ( -5.797278554689159868, -36.97576247676870054, 11.64367428975089958 ) ) ;
#7188 = CARTESIAN_POINT ( 'NONE',  ( 108.1518709876084046, -4.556931075343755744, -89.67525962063034228 ) ) ;
#7189 = CARTESIAN_POINT ( 'NONE',  ( 42.93805740155943340, -4.000000000000008882, -80.02933578145966464 ) ) ;
#7190 = CARTESIAN_POINT ( 'NONE',  ( 20.36082540615131720, -15.84325058705648281, 47.33309916941546902 ) ) ;
#7191 = CARTESIAN_POINT ( 'NONE',  ( 21.56556973828676149, -12.37088186907696041, 53.92527674911878677 ) ) ;
#7192 = ORIENTED_EDGE ( 'NONE', *, *, #5121, .T. ) ;
#7193 = CARTESIAN_POINT ( 'NONE',  ( 147.9679919116658766, -4.878766594624754482, 65.69225092062194449 ) ) ;
#7194 = CARTESIAN_POINT ( 'NONE',  ( 110.3581694953426364, -19.86640625008060823, -83.04719318155402163 ) ) ;
#7195 = CARTESIAN_POINT ( 'NONE',  ( 151.8714384411517528, -4.969384558190385270, -63.07932589824346792 ) ) ;
#7196 = CARTESIAN_POINT ( 'NONE',  ( 17.03799773347317270, -29.79418626237677969, 0.4655786166326739695 ) ) ;
#7197 = CARTESIAN_POINT ( 'NONE',  ( 5.942021645940041452, -41.78601522039878802, -6.785624704560444975 ) ) ;
#7198 = CARTESIAN_POINT ( 'NONE',  ( 21.91705842604707044, -5.790789251894953025E-12, 57.70953967568112120 ) ) ;
#7199 = CARTESIAN_POINT ( 'NONE',  ( -12.99840399442346950, -38.31026286157669603, 0.07350942406776216076 ) ) ;
#7200 = CARTESIAN_POINT ( 'NONE',  ( 117.9131557670228716, -56.13001623236044679, 1.387778780781445676E-14 ) ) ;
#7201 = CARTESIAN_POINT ( 'NONE',  ( 10.68988785195657343, -1.000000000000004441, 41.90966391586507456 ) ) ;
#7202 = CARTESIAN_POINT ( 'NONE',  ( 168.1905089954217090, -3.999999999999592326, -49.08110593251279141 ) ) ;
#7203 = ORIENTED_EDGE ( 'NONE', *, *, #2788, .T. ) ;
#7204 = CARTESIAN_POINT ( 'NONE',  ( 1.107415504873220158, -3.083293990177752075, 60.30191525336435632 ) ) ;
#7205 = CARTESIAN_POINT ( 'NONE',  ( 174.6584205480003220, -5.976564733962822729, 10.91629792818619293 ) ) ;
#7206 = FACE_OUTER_BOUND ( 'NONE', #31, .T. ) ;
#7207 = B_SPLINE_SURFACE_WITH_KNOTS ( 'NONE', 2, 1, ( 
 ( #4344, #400 ),
 ( #3904, #6137 ),
 ( #2121, #6063 ) ),
 .UNSPECIFIED., .F., .F., .F.,
 ( 3, 3 ),
 ( 2, 2 ),
 ( 0.000000000000000000, 0.9230367382001619658 ),
 ( 0.000000000000000000, 1.000000000000000000 ),
 .UNSPECIFIED. ) ;
#7208 = CARTESIAN_POINT ( 'NONE',  ( 17.37213159106896398, -5.698911825448058188, 54.11481205345796042 ) ) ;
#7209 = CARTESIAN_POINT ( 'NONE',  ( 19.01634035206113182, -4.562254898583840479, 59.57415395799883129 ) ) ;
#7210 = CARTESIAN_POINT ( 'NONE',  ( 32.63751076073033630, -7.842910786077521018E-15, -71.11481737957048210 ) ) ;
#7211 = CARTESIAN_POINT ( 'NONE',  ( -11.66339922429597742, -38.30657552913783093, 0.04909128518658517626 ) ) ;
#7212 = CARTESIAN_POINT ( 'NONE',  ( 137.9311231293393405, -4.138968880389776395, -79.06139476753034501 ) ) ;
#7213 = CARTESIAN_POINT ( 'NONE',  ( 38.44329147016537007, -8.713970851142688410E-15, -76.54363895912064208 ) ) ;
#7214 = CARTESIAN_POINT ( 'NONE',  ( 21.61437434083484632, -10.81817307016590490, 55.80152232501257004 ) ) ;
#7215 = CARTESIAN_POINT ( 'NONE',  ( -8.040891168982374992, -38.04680740289481378, 4.084684957173379871 ) ) ;
#7216 = CARTESIAN_POINT ( 'NONE',  ( 10.76141248400510086, -25.32334124613591442, 43.56178905058291662 ) ) ;
#7217 = CARTESIAN_POINT ( 'NONE',  ( 41.59715145774632816, -1.436425179474962954, 73.87717778765269827 ) ) ;
#7218 = ORIENTED_EDGE ( 'NONE', *, *, #75, .F. ) ;
#7219 = CARTESIAN_POINT ( 'NONE',  ( 16.97187356290953275, -5.338004167906793995, 53.06209466304793665 ) ) ;
#7220 = CARTESIAN_POINT ( 'NONE',  ( 20.96445379902116812, -6.879633313446676723, 59.40783012964951126 ) ) ;
#7221 = CARTESIAN_POINT ( 'NONE',  ( 0.7968754605901207100, -1.913574482789552927E-14, 61.80000000000000426 ) ) ;
#7222 = CARTESIAN_POINT ( 'NONE',  ( 73.64980651657700150, -4.494988380594578281, -90.64388423802121508 ) ) ;
#7223 = CARTESIAN_POINT ( 'NONE',  ( 175.1945630515025130, -5.721913187547025714, -7.813899477828648799 ) ) ;
#7224 = CARTESIAN_POINT ( 'NONE',  ( 83.91811311453484734, -4.000000000000015987, -95.34417643333679848 ) ) ;
#7225 = CARTESIAN_POINT ( 'NONE',  ( 3.566661412365973227, -5.942206017373007576, 54.04319279652568753 ) ) ;
#7226 = CARTESIAN_POINT ( 'NONE',  ( 21.57534423384087674, -12.37712643480581320, 53.92957919084120277 ) ) ;
#7227 = ORIENTED_EDGE ( 'NONE', *, *, #871, .T. ) ;
#7228 = CARTESIAN_POINT ( 'NONE',  ( 16.27318058552775781, -4.294146849861409265, 49.64412317540624286 ) ) ;
#7229 = CARTESIAN_POINT ( 'NONE',  ( 21.25425376465931748, -7.926219395294453740, 58.60689768367201680 ) ) ;
#7230 = CARTESIAN_POINT ( 'NONE',  ( 112.4360725647902939, -5.526985656685547532, -85.79419150763735047 ) ) ;
#7231 = CARTESIAN_POINT ( 'NONE',  ( 23.63138245310205932, -1.123351562577852070, -59.42163606089235373 ) ) ;
#7232 = CARTESIAN_POINT ( 'NONE',  ( 166.6995522304227961, -4.809905602204897157, 41.62686759157446659 ) ) ;
#7233 = CARTESIAN_POINT ( 'NONE',  ( 21.40621497870613510, -30.73619647957880829, 20.72729150409297105 ) ) ;
#7234 = CARTESIAN_POINT ( 'NONE',  ( 68.79978611128890975, -58.25464714294840007, 0.000000000000000000 ) ) ;
#7235 = EDGE_CURVE ( 'NONE', #6004, #2808, #181, .T. ) ;
#7236 = AXIS2_PLACEMENT_3D ( 'NONE', #5305, #3618, #256 ) ;
#7237 = FACE_OUTER_BOUND ( 'NONE', #4177, .T. ) ;
#7238 = CARTESIAN_POINT ( 'NONE',  ( -22.00000000000000355, -30.95840211499900718, -36.44720368503895003 ) ) ;
#7239 = CARTESIAN_POINT ( 'NONE',  ( 142.6138742212301054, -5.434524426037643074, 69.79766105860329617 ) ) ;
#7240 = CARTESIAN_POINT ( 'NONE',  ( 26.64815157008894175, -6.944307847489019274E-15, 64.04744652499159940 ) ) ;
#7241 = AXIS2_PLACEMENT_3D ( 'NONE', #4405, #5473, #3192 ) ;
#7242 = CARTESIAN_POINT ( 'NONE',  ( 154.9191804994459858, -4.000000000000103917, 62.87967907911533416 ) ) ;
#7243 = ORIENTED_EDGE ( 'NONE', *, *, #430, .T. ) ;
#7244 = CARTESIAN_POINT ( 'NONE',  ( -22.00000000000000355, -6.042206017373000115, -58.61996200337881646 ) ) ;
#7245 = DIRECTION ( 'NONE',  ( -1.500332356076765934E-16, -1.000000000000000000, 0.000000000000000000 ) ) ;
#7246 = CARTESIAN_POINT ( 'NONE',  ( 110.5589542656340001, -56.48968423887147594, 0.4578688856617960101 ) ) ;
#7247 = AXIS2_PLACEMENT_3D ( 'NONE', #3159, #7092, #5986 ) ;
#7248 = CARTESIAN_POINT ( 'NONE',  ( 16.37432659391670597, -4.019940376075991750, 51.71996376468749190 ) ) ;
#7249 = CARTESIAN_POINT ( 'NONE',  ( 16.47186385903849626, -3.841537047790905657, 53.85600662356345936 ) ) ;
#7250 = FACE_OUTER_BOUND ( 'NONE', #1162, .T. ) ;
#7251 = CARTESIAN_POINT ( 'NONE',  ( 111.5246796844262462, -6.198202399854057632, -84.87256173838754592 ) ) ;
#7252 = CARTESIAN_POINT ( 'NONE',  ( 154.3911371863817692, -4.102555436616307283, 62.40577652693124122 ) ) ;
#7253 = CARTESIAN_POINT ( 'NONE',  ( 153.6139219042406125, -2.599339318214295598E-14, -69.05344619388196747 ) ) ;
#7254 = CARTESIAN_POINT ( 'NONE',  ( 21.53812746668549494, -10.77549872058765246, 55.76096626720598692 ) ) ;
#7255 = CARTESIAN_POINT ( 'NONE',  ( -18.00000000000001066, -26.53192119688514694, 35.88164383011950065 ) ) ;
#7256 = CARTESIAN_POINT ( 'NONE',  ( 19.84563222048503306, -1.783312181923970119, 52.36766258926562045 ) ) ;
#7257 =( BOUNDED_SURFACE ( )  B_SPLINE_SURFACE ( 3, 3, ( 
 ( #3725, #4168, #4274, #4202 ),
 ( #844, #3098, #1983, #6400 ),
 ( #5341, #294, #5446, #5410 ),
 ( #2644, #6435, #6468, #1428 ),
 ( #2610, #876, #367, #2506 ),
 ( #2575, #401, #811, #3686 ),
 ( #3133, #4857, #3066, #2540 ),
 ( #5378, #1394, #4787, #332 ),
 ( #2716, #4414, #7172, #6613 ),
 ( #6651, #4894, #1054, #1089 ),
 ( #3869, #1571, #3793, #7137 ),
 ( #3351, #1685, #3940, #6028 ),
 ( #2201, #3832, #4928, #983 ),
 ( #6179, #7284, #2090, #4345 ),
 ( #6576, #1019, #1537, #546 ),
 ( #6064, #5556, #3237, #6103 ),
 ( #2237, #4488, #4379, #6725 ),
 ( #582, #2682, #5483, #4963 ),
 ( #440, #2122, #1130, #3905 ),
 ( #3390, #3277, #5630, #5519 ) ),
 .UNSPECIFIED., .F., .F., .F. ) 
 B_SPLINE_SURFACE_WITH_KNOTS ( ( 4, 2, 2, 2, 2, 2, 1, 1, 2, 2, 4 ),
 ( 4, 4 ),
 ( 0.000000000000000000, 0.2500000000000000000, 0.5000000000000000000, 0.7500000000000000000, 0.8750000000000000000, 0.9375000000000000000, 0.9687500000000000000, 0.9843750000000000000, 0.9882812500000000000, 0.9921875000000000000, 1.000000000000000000 ),
 ( 0.000000000000000000, 1.000000000000000000 ),
 .UNSPECIFIED. ) 
 GEOMETRIC_REPRESENTATION_ITEM ( )  RATIONAL_B_SPLINE_SURFACE ( (
 ( 1.000000000000000000, 0.3333333333333334259, 0.3333333333333334259, 1.000000000000000000),
 ( 1.000000000000000000, 0.3333333333333334259, 0.3333333333333334259, 1.000000000000000000),
 ( 1.000000000000000000, 0.3333333333333334259, 0.3333333333333334259, 1.000000000000000000),
 ( 1.000000000000000000, 0.3333333333333334259, 0.3333333333333334259, 1.000000000000000000),
 ( 1.000000000000000000, 0.3333333333333334259, 0.3333333333333334259, 1.000000000000000000),
 ( 1.000000000000000000, 0.3333333333333334259, 0.3333333333333334259, 1.000000000000000000),
 ( 1.000000000000000000, 0.3333333333333334259, 0.3333333333333334259, 1.000000000000000000),
 ( 1.000000000000000000, 0.3333333333333334259, 0.3333333333333334259, 1.000000000000000000),
 ( 1.000000000000000000, 0.3333333333333334259, 0.3333333333333334259, 1.000000000000000000),
 ( 1.000000000000000000, 0.3333333333333334259, 0.3333333333333334259, 1.000000000000000000),
 ( 1.000000000000000000, 0.3333333333333334259, 0.3333333333333334259, 1.000000000000000000),
 ( 1.000000000000000000, 0.3333333333333334259, 0.3333333333333334259, 1.000000000000000000),
 ( 1.000000000000000000, 0.3333333333333334259, 0.3333333333333334259, 1.000000000000000000),
 ( 1.000000000000000000, 0.3333333333333334259, 0.3333333333333334259, 1.000000000000000000),
 ( 1.000000000000000000, 0.3333333333333334259, 0.3333333333333334259, 1.000000000000000000),
 ( 1.000000000000000000, 0.3333333333333334259, 0.3333333333333334259, 1.000000000000000000),
 ( 1.000000000000000000, 0.3333333333333334259, 0.3333333333333334259, 1.000000000000000000),
 ( 1.000000000000000000, 0.3333333333333334259, 0.3333333333333334259, 1.000000000000000000),
 ( 1.000000000000000000, 0.3333333333333334259, 0.3333333333333334259, 1.000000000000000000),
 ( 1.000000000000000000, 0.3333333333333334259, 0.3333333333333334259, 1.000000000000000000) ) ) 
 REPRESENTATION_ITEM ( '' )  SURFACE ( )  );
#7258 = CARTESIAN_POINT ( 'NONE',  ( 21.44432969537341904, -2.529097451326070445, 56.97280977829736059 ) ) ;
#7259 = ORIENTED_EDGE ( 'NONE', *, *, #4705, .T. ) ;
#7260 = CARTESIAN_POINT ( 'NONE',  ( 21.39546943241445121, -8.703217672475748401, 57.91861658588765494 ) ) ;
#7261 = CARTESIAN_POINT ( 'NONE',  ( 19.67370001335442709, -6.143013595445804498, 58.61571183928681705 ) ) ;
#7262 = CARTESIAN_POINT ( 'NONE',  ( -0.8114150904384247465, -0.4846179426115926892, 61.56312134339578535 ) ) ;
#7263 = CARTESIAN_POINT ( 'NONE',  ( 109.8834075552541236, -4.124948499859230289, 87.46405156443132967 ) ) ;
#7264 = CARTESIAN_POINT ( 'NONE',  ( 162.4659349289227919, -5.474215816746307972, 47.01168227825642987 ) ) ;
#7265 = CARTESIAN_POINT ( 'NONE',  ( 19.30582730778307976, -0.8959165013179953840, -54.43678290179680346 ) ) ;
#7266 = CARTESIAN_POINT ( 'NONE',  ( 19.83594072180698120, -4.523279944417788911, 60.63437260078099911 ) ) ;
#7267 = CARTESIAN_POINT ( 'NONE',  ( 19.18445764234174433, -10.44968575197736982, 52.57889141606206351 ) ) ;
#7268 = CARTESIAN_POINT ( 'NONE',  ( 18.12941348016170551, -8.048026369539311276, 53.17449521917758659 ) ) ;
#7269 = CARTESIAN_POINT ( 'NONE',  ( 19.37412117611210149, -7.016745246885513154, 57.05733045235474776 ) ) ;
#7270 = CARTESIAN_POINT ( 'NONE',  ( 106.4915604102937436, -4.355732254199704556, 87.91459990897867272 ) ) ;
#7271 = ADVANCED_FACE ( 'NONE', ( #3973 ), #4668, .T. ) ;
#7272 = ORIENTED_EDGE ( 'NONE', *, *, #6867, .F. ) ;
#7273 = CARTESIAN_POINT ( 'NONE',  ( 171.3436113756250450, -4.639276921151081368, 32.46706507066919301 ) ) ;
#7274 = CARTESIAN_POINT ( 'NONE',  ( 16.83231384253327434, -23.90417026537238954, 1.647606643332379051 ) ) ;
#7275 = CARTESIAN_POINT ( 'NONE',  ( 8.940234657981418920, -42.25759592316184410, -1.190879450489590541 ) ) ;
#7276 = CARTESIAN_POINT ( 'NONE',  ( -18.00000000000000355, -5.942206017373004023, 54.04319279652569463 ) ) ;
#7277 = EDGE_CURVE ( 'NONE', #3162, #7002, #5729, .T. ) ;
#7278 = CARTESIAN_POINT ( 'NONE',  ( -1.340983822103120948, -5.904783293238756059, 56.04243956285168338 ) ) ;
#7279 = CARTESIAN_POINT ( 'NONE',  ( 2.519524137679017617, -4.275137766932591177, -55.02837327026104219 ) ) ;
#7280 = CARTESIAN_POINT ( 'NONE',  ( 149.6756337745674443, -4.000000000000362377, 67.49300814112015701 ) ) ;
#7281 = ORIENTED_EDGE ( 'NONE', *, *, #5336, .T. ) ;
#7282 = DIRECTION ( 'NONE',  ( -1.000000000000000000, 0.000000000000000000, 0.000000000000000000 ) ) ;
#7283 = CARTESIAN_POINT ( 'NONE',  ( 179.0824426214854270, -13.94371515320778165, 1.135032566935603546E-14 ) ) ;
#7284 = CARTESIAN_POINT ( 'NONE',  ( -2.733567913876119526, -5.819594407529417701, 178.2671358277522131 ) ) ;
#7285 = CARTESIAN_POINT ( 'NONE',  ( 21.29271575333852695, -8.148334959259912580, 58.40898390804949258 ) ) ;
#7286 = CARTESIAN_POINT ( 'NONE',  ( 16.65216795963469920, -3.967155218053317611, 54.73198796003556765 ) ) ;
#7287 = CARTESIAN_POINT ( 'NONE',  ( -0.2440886697515557702, -5.499999999999988454, 58.92672230857211702 ) ) ;
#7288 = CARTESIAN_POINT ( 'NONE',  ( 166.7173868972697619, -6.132528400776475763, -38.06632698225675426 ) ) ;
#7289 = CARTESIAN_POINT ( 'NONE',  ( 131.9798215048086831, -4.139200911291346152, -82.97162743318557432 ) ) ;
#7290 = CARTESIAN_POINT ( 'NONE',  ( 168.3041497233791688, -2.819741559366221001E-14, -50.24780911176321041 ) ) ;
#7291 = CARTESIAN_POINT ( 'NONE',  ( 21.57207694963476641, -11.58302207201751521, 54.85558054936948480 ) ) ;
#7292 = CARTESIAN_POINT ( 'NONE',  ( 68.60095597807669776, -5.942206017372999582, 157.5438942869920140 ) ) ;
#7293 = CARTESIAN_POINT ( 'NONE',  ( 19.99879432805364132, -2.210288560940261160, 51.13621639466028768 ) ) ;
#7294 = CARTESIAN_POINT ( 'NONE',  ( 29.68898291803958500, -1.105813596871380033, 65.18413227551793909 ) ) ;
#7295 = CARTESIAN_POINT ( 'NONE',  ( 19.75430958865581488, -7.897561753935207207, 56.63692742120302626 ) ) ;
#7296 = CARTESIAN_POINT ( 'NONE',  ( 16.32322194487063882, -3.776032232307033443, 52.36971090157954478 ) ) ;
#7297 = CARTESIAN_POINT ( 'NONE',  ( 22.16462320014438703, -1.972888969515781854, -58.59120577057063883 ) ) ;
#7298 = CARTESIAN_POINT ( 'NONE',  ( 176.3936857329005079, -4.331613667397397727, 19.57613155075667422 ) ) ;
#7299 = CARTESIAN_POINT ( 'NONE',  ( 173.7220334918210085, -5.747493034142914681, -17.78709710191890281 ) ) ;
#7300 = CARTESIAN_POINT ( 'NONE',  ( 104.9290207902229781, -3.430911900466272701, -99.39925502283895753 ) ) ;
#7301 = CARTESIAN_POINT ( 'NONE',  ( 60.96473938456110631, -57.79368226731945413, 0.000000000000000000 ) ) ;
ENDSEC;
END-ISO-10303-21;
