; generated by PrusaSlicer 2.9.4 on 2026-05-23 at 14:30:33 UTC

; 

; external perimeters extrusion width = 0.45mm
; perimeters extrusion width = 0.45mm
; infill extrusion width = 0.45mm
; solid infill extrusion width = 0.45mm
; top infill extrusion width = 0.40mm
; first layer extrusion width = 0.50mm

M73 P0 R11
M73 Q0 S11

; printing object spacer_for_board_casing.stl id:0 copy 0
; stop printing object spacer_for_board_casing.stl id:0 copy 0

M190 S40 ; set bed temperature and wait for it to be reached
M104 S200 ; set temperature
;TYPE:Custom
G28 ; home all axes
G1 Z5 F5000 ; lift nozzle
M109 S200 ; set temperature and wait for it to be reached
G21 ; set units to millimeters
G90 ; use absolute coordinates
M82 ; use absolute distances for extrusion
G92 E0
; Filament gcode
M107
;LAYER_CHANGE
;Z:0.55
;HEIGHT:0.55
; printing object spacer_for_board_casing.stl id:0 copy 0
G92 E0
G1 X107.694 Y102.264 F7800
G1 Z.55
;TYPE:Perimeter
;WIDTH:0.499999
;HEIGHT:0.25
G1 F645.235
G1 X107.95 Y102.52 E.01948
G1 X108.128 Y102.751 E.03517
G1 X108.49 Y103.379 E.07418
G1 X108.697 Y103.92 E.10535
G1 X108.824 Y104.72 E.14894
G1 X108.847 Y105.097 E.16927
G1 X108.792 Y105.674 E.20046
G1 X108.651 Y106.183 E.22888
G1 X108.503 Y106.599 E.25264
G1 X108.213 Y107.128 E.28511
G1 X107.786 Y107.669 E.3222
G1 X107.323 Y108.083 E.35562
G1 X106.93 Y108.34 E.38089
G1 X106.455 Y108.593 E.40985
G1 X105.974 Y108.741 E.43693
G1 X105.538 Y108.846 E.46106
G1 X105.018 Y108.891 E.48915
G1 X104.476 Y108.847 E.51841
G1 X104.024 Y108.776 E.54303
G1 X103.36 Y108.544 E.58088
G1 X102.829 Y108.253 E.61347
G1 X102.278 Y107.818 E.65125
G1 X101.829 Y107.31 E.68774
G1 X101.545 Y106.838 E.71738
G1 X101.322 Y106.375 E.74504
G1 X101.153 Y105.796 E.7775
G1 X101.07 Y105.098 E.81533
G1 X101.092 Y104.565 E.84404
G1 X101.302 Y103.699 E.89199
G1 X101.414 Y103.402 E.90907
G1 X101.704 Y102.872 E.94158
G1 X102.047 Y102.431 E.97165
G1 X102.532 Y101.958 E1.00811
G1 X103.08 Y101.617 E1.04284
G1 X103.56 Y101.37 E1.07189
G1 X104.039 Y101.22 E1.0989
G1 X104.673 Y101.132 E1.13335
G1 X105.143 Y101.119 E1.15865
G1 X105.643 Y101.168 E1.18569
G1 X106.188 Y101.321 E1.21615
G1 X106.58 Y101.468 E1.23868
G1 X107.207 Y101.831 E1.27767
G1 X107.438 Y102.008 E1.29333
G1 X107.652 Y102.222 E1.30962
G1 X107.379 Y102.58 F7800
G1 F645.235
G1 X107.635 Y102.836 E1.3291
G1 X107.941 Y103.321 E1.35996
G1 X108.184 Y103.799 E1.38882
G1 X108.304 Y104.191 E1.41088
G1 X108.399 Y104.912 E1.45002
G1 X108.36 Y105.54 E1.48388
G1 X108.223 Y106.058 E1.51271
G1 X108.111 Y106.384 E1.53126
G1 X107.821 Y106.913 E1.56373
G1 X107.444 Y107.383 E1.59615
G1 X107.037 Y107.742 E1.62536
G1 X106.345 Y108.152 E1.66865
G1 X105.849 Y108.313 E1.69671
G1 X105.499 Y108.402 E1.71614
G1 X104.995 Y108.445 E1.74336
G1 X104.286 Y108.377 E1.78169
G1 X103.767 Y108.227 E1.81076
G1 X103.05 Y107.865 E1.85398
G1 X102.565 Y107.476 E1.88744
G1 X102.171 Y107.023 E1.91975
G1 X101.806 Y106.385 E1.95931
G1 X101.581 Y105.671 E1.9996
G1 X101.515 Y105.059 E2.03273
G1 X101.553 Y104.489 E2.06347
G1 X101.733 Y103.815 E2.10101
G1 X101.937 Y103.376 E2.12706
G1 X102.17 Y102.978 E2.15188
G1 X102.507 Y102.578 E2.18003
G1 X102.929 Y102.22 E2.20981
G1 X103.561 Y101.855 E2.24909
G1 X104.156 Y101.651 E2.28294
G1 X104.722 Y101.575 E2.31367
G1 X105.104 Y101.564 E2.33424
G1 X105.628 Y101.622 E2.36261
G1 X106.209 Y101.792 E2.39519
G1 X106.72 Y102.065 E2.42637
G1 X107.123 Y102.324 E2.45215
G1 X107.336 Y102.537 E2.46836
G1 X107.061 Y102.898 F7800
;TYPE:External perimeter
G1 F645.235
G1 X107.255 Y103.087 E2.48294
G1 X107.555 Y103.545 E2.5124
G1 X107.761 Y103.942 E2.53647
G1 X107.881 Y104.397 E2.56179
G1 X107.957 Y104.971 E2.59295
G1 X107.916 Y105.501 E2.62156
G1 X107.738 Y106.125 E2.65648
M73 Q1 S11
G1 X107.43 Y106.699 E2.69154
M73 P1 R11
G1 X107.102 Y107.096 E2.71925
G1 X106.695 Y107.445 E2.7481
G1 X106.13 Y107.76 E2.78291
G1 X105.503 Y107.949 E2.81815
G1 X104.979 Y107.999 E2.84648
G1 X104.335 Y107.933 E2.88132
G1 X103.901 Y107.801 E2.90573
G1 X103.265 Y107.474 E2.94422
G1 X102.851 Y107.135 E2.97302
G1 X102.513 Y106.736 E3.00116
G1 X102.197 Y106.17 E3.03605
G1 X102.01 Y105.546 E3.07111
G1 X101.959 Y105.02 E3.09955
G1 X101.99 Y104.58 E3.12329
G1 X102.177 Y103.88 E3.16228
M73 P1 R10
G1 X102.487 Y103.301 E3.19762
G1 X102.824 Y102.893 E3.2261
G1 X103.156 Y102.604 E3.24979
G1 X103.784 Y102.241 E3.28883
G1 X104.29 Y102.076 E3.31747
G1 X104.933 Y102.001 E3.35231
G1 X105.46 Y102.043 E3.38076
G1 X106.084 Y102.22 E3.41567
G1 X106.761 Y102.604 E3.45756
G1 X107.018 Y102.856 E3.47693
G1 X107.287 Y103.152 F7800
G92 E0
G1 X105.313 Y98.655
;TYPE:Perimeter
G1 F645.235
G1 X105.843 Y98.706 E.02865
G1 X106.384 Y98.806 E.05826
G1 X106.916 Y98.953 E.08796
G1 X107.417 Y99.139 E.11672
G1 X108.181 Y99.522 E.16271
G1 X108.634 Y99.814 E.19171
G1 X109.06 Y100.145 E.22074
G1 X109.623 Y100.689 E.26287
G1 X109.91 Y101.022 E.28653
G1 X110.507 Y101.906 E.34394
G1 X110.747 Y102.379 E.37248
G1 X110.952 Y102.89 E.40211
G1 X111.112 Y103.417 E.43175
G1 X111.226 Y103.956 E.4614
G1 X111.314 Y104.983 E.51687
G1 X111.259 Y105.837 E.56292
M73 Q1 S10
G1 X111.166 Y106.368 E.59193
G1 X111.024 Y106.9 E.62156
G1 X110.842 Y107.403 E.65035
G1 X110.466 Y108.171 E.69637
G1 X110.187 Y108.613 E.7245
G1 X109.655 Y109.282 E.7705
G1 X109.276 Y109.665 E.7995
G1 X108.864 Y110.014 E.82856
G1 X108.164 Y110.488 E.87405
G1 X107.684 Y110.742 E.90328
G1 X107.176 Y110.957 E.93297
G1 X106.652 Y111.127 E.96262
G1 X106.114 Y111.25 E.99232
G1 X105.568 Y111.327 E1.02199
G1 X105.035 Y111.355 E1.05071
G1 X104.193 Y111.309 E1.09609
G1 X103.374 Y111.155 E1.14094
G1 X102.853 Y110.997 E1.17024
G1 X102.353 Y110.797 E1.19922
G1 X101.602 Y110.397 E1.24501
G1 X101.166 Y110.1 E1.2734
G1 X100.523 Y109.552 E1.31887
G1 X100.149 Y109.156 E1.34818
G1 X99.815 Y108.733 E1.37718
G1 X99.369 Y108.023 E1.4223
G1 X99.021 Y107.266 E1.46714
G1 X98.852 Y106.761 E1.4958
G1 X98.684 Y105.99 E1.53827
G1 X98.684 Y104.116 E1.63912
G1 X98.778 Y103.516 E1.6718
G1 X98.93 Y102.986 E1.70147
G1 X99.127 Y102.471 E1.73114
G1 X99.368 Y101.976 E1.76077
G1 X99.645 Y101.513 E1.78981
G1 X100.155 Y100.838 E1.83534
G1 X100.528 Y100.442 E1.86462
G1 X100.939 Y100.076 E1.89424
G1 X101.381 Y99.746 E1.92392
G1 X101.85 Y99.456 E1.95359
G1 X102.342 Y99.207 E1.98326
G1 X102.853 Y99.003 E2.01287
G1 X103.381 Y98.843 E2.04256
G1 X103.92 Y98.729 E2.07221
G1 X104.456 Y98.664 E2.10127
G1 X105.253 Y98.654 E2.14416
G1 X105.327 Y98.208 F7800
G1 F645.235
G1 X105.905 Y98.263 E2.17541
G1 X106.485 Y98.37 E2.20715
G1 X107.053 Y98.528 E2.23888
G1 X107.595 Y98.729 E2.26999
G1 X108.403 Y99.134 E2.31863
G1 X108.892 Y99.45 E2.34996
G1 X109.353 Y99.807 E2.38134
G1 X109.933 Y100.368 E2.42476
G1 X110.253 Y100.737 E2.45104
G1 X110.59 Y101.209 E2.48225
G1 X110.904 Y101.7 E2.51361
G1 X111.16 Y102.209 E2.54427
G1 X111.378 Y102.756 E2.57596
G1 X111.548 Y103.321 E2.60771
G1 X111.669 Y103.898 E2.63944
G1 X111.739 Y104.484 E2.6712
G1 X111.761 Y104.988 E2.69835
G1 X111.703 Y105.89 E2.74699
G1 X111.602 Y106.464 E2.77835
G1 X111.45 Y107.034 E2.8101
G1 X111.254 Y107.578 E2.84122
G1 X110.857 Y108.389 E2.88981
G1 X110.552 Y108.872 E2.92055
G1 X109.989 Y109.579 E2.96919
M73 Q2 S10
G1 X109.579 Y109.993 E3.00055
M73 P2 R10
G1 X109.135 Y110.37 E3.0319
G1 X108.395 Y110.871 E3.07999
G1 X107.875 Y111.146 E3.11165
G1 X107.332 Y111.376 E3.14339
G1 X106.771 Y111.557 E3.17511
G1 X106.196 Y111.69 E3.20687
G1 X105.611 Y111.772 E3.23866
G1 X105.034 Y111.802 E3.26975
G1 X104.139 Y111.753 E3.31799
G1 X103.268 Y111.589 E3.36569
G1 X102.705 Y111.419 E3.39734
G1 X102.164 Y111.202 E3.42871
G1 X101.371 Y110.78 E3.47705
G1 X100.895 Y110.456 E3.50804
G1 X100.215 Y109.876 E3.55614
G1 X99.811 Y109.448 E3.58781
G1 X99.45 Y108.991 E3.61915
G1 X98.975 Y108.236 E3.66715
G1 X98.605 Y107.431 E3.71483
G1 X98.421 Y106.88 E3.74609
G1 X98.238 Y106.038 E3.79246
G1 X98.238 Y103.955 E3.90456
G1 X98.344 Y103.412 E3.93433
G1 X98.506 Y102.845 E3.96606
G1 X98.717 Y102.294 E3.99781
G1 X98.975 Y101.763 E4.02958
G1 X99.274 Y101.263 E4.06093
G1 X99.813 Y100.55 E4.10903
G1 X100.216 Y100.122 E4.14067
G1 X100.657 Y99.73 E4.17242
G1 X101.129 Y99.377 E4.20414
G1 X101.631 Y99.066 E4.23592
G1 X102.158 Y98.8 E4.26769
G1 X102.705 Y98.581 E4.2994
G1 X103.27 Y98.41 E4.33117
G1 X103.847 Y98.288 E4.36291
G1 X104.426 Y98.218 E4.3943
G1 X105.267 Y98.208 E4.43956
G1 X105.341 Y97.761 F7800
;TYPE:External perimeter
G1 F645.235
G1 X105.967 Y97.821 E4.4734
G1 X106.585 Y97.935 E4.50722
G1 X107.191 Y98.102 E4.54105
G1 X107.773 Y98.319 E4.57448
G1 X108.625 Y98.746 E4.62577
G1 X109.151 Y99.085 E4.65945
G1 X109.646 Y99.469 E4.69316
G1 X110.327 Y100.128 E4.74416
G1 X110.652 Y100.519 E4.77152
G1 X111.3 Y101.495 E4.83457
G1 X111.572 Y102.039 E4.8673
G1 X111.804 Y102.623 E4.90112
G1 X112.004 Y103.318 E4.94004
G1 X112.111 Y103.84 E4.96872
G1 X112.185 Y104.464 E5.00254
G1 X112.208 Y104.993 E5.03104
G1 X112.147 Y105.943 E5.08227
G1 X112.038 Y106.56 E5.11599
G1 X111.877 Y107.167 E5.14979
G1 X111.665 Y107.752 E5.18328
G1 X111.247 Y108.607 E5.2345
G1 X110.916 Y109.131 E5.26785
G1 X110.324 Y109.876 E5.31906
G1 X109.883 Y110.321 E5.35278
G1 X109.405 Y110.726 E5.3865
G1 X108.625 Y111.254 E5.43719
G1 X108.067 Y111.55 E5.47118
G1 X107.488 Y111.794 E5.50499
G1 X106.89 Y111.988 E5.53882
G1 X106.277 Y112.129 E5.57267
G1 X105.654 Y112.216 E5.60652
G1 X105.034 Y112.249 E5.63993
G1 X104.085 Y112.197 E5.69108
G1 X103.162 Y112.023 E5.74163
G1 X102.557 Y111.841 E5.77563
G1 X101.976 Y111.608 E5.80932
G1 X101.14 Y111.162 E5.86031
G1 X100.624 Y110.811 E5.89389
G1 X99.907 Y110.2 E5.94459
G1 X99.473 Y109.741 E5.97858
G1 X99.085 Y109.249 E6.0123
G1 X98.582 Y108.449 E6.06316
G1 X98.189 Y107.595 E6.11375
G1 X97.99 Y106.999 E6.14756
G1 X97.791 Y106.086 E6.19785
G1 X97.791 Y103.912 E6.31484
G1 X97.909 Y103.307 E6.34801
G1 X98.082 Y102.703 E6.38182
G1 X98.307 Y102.116 E6.41565
G1 X98.582 Y101.551 E6.44947
G1 X98.904 Y101.013 E6.48321
G1 X99.472 Y100.261 E6.53393
G1 X99.905 Y99.802 E6.56789
G1 X100.374 Y99.384 E6.6017
G1 X100.878 Y99.008 E6.63554
G1 X101.413 Y98.677 E6.6694
G1 X101.974 Y98.393 E6.70324
G1 X102.557 Y98.159 E6.73705
G1 X103.159 Y97.977 E6.7709
G1 X103.774 Y97.848 E6.80472
M73 P3 R10
M73 Q3 S10
G1 X104.396 Y97.772 E6.83844
G1 X105.281 Y97.761 E6.88607
G1 X105.68 Y97.794 F7800
G92 E0
G1 X108.064 Y99.613
;TYPE:Solid infill
;WIDTH:0.515852
G1 F623.104
G1 X109.48 Y101.03 E.11163
G1 X109.74 Y101.341 E.13422
G1 X110.187 Y102.016 E.17934
G1 X110.422 Y102.47 E.20783
G1 X110.531 Y102.734 E.22375
G1 X107.22 Y99.423 E.48469
G1 X106.813 Y99.271 E.5089
G1 X106.268 Y99.125 E.54034
G1 X110.829 Y103.685 E.89975
G1 X110.889 Y103.961 E.91549
G1 X110.955 Y104.465 E.94382
G1 X105.499 Y99.009 E1.3738
G1 X104.833 Y98.997 E1.41092
G1 X110.969 Y105.133 E1.8945
G1 X110.929 Y105.747 E1.92879
G1 X109.014 Y103.831 E2.07975
G1 X109.057 Y103.967 E2.0877
G1 X109.139 Y104.61 E2.12382
G1 X110.836 Y106.307 E2.25756
G1 X110.697 Y106.821 E2.28723
G1 X109.161 Y105.285 E2.40828
G1 X109.122 Y105.733 E2.43334
G1 X109.085 Y105.863 E2.44087
G1 X110.521 Y107.299 E2.55404
G1 X110.306 Y107.738 E2.58128
G1 X108.939 Y106.371 E2.68901
G1 X108.874 Y106.595 E2.70201
G1 X108.746 Y106.832 E2.71702
G1 X110.076 Y108.162 E2.82184
G1 X109.81 Y108.549 E2.84801
G1 X108.517 Y107.256 E2.94991
G1 X108.439 Y107.4 E2.95904
G1 X108.243 Y107.636 E2.97614
G1 X109.521 Y108.914 E3.07686
G1 X109.21 Y109.256 E3.10262
G1 X107.945 Y107.992 E3.20227
G1 X107.589 Y108.289 E3.22811
G1 X108.87 Y109.57 E3.32907
G1 X108.501 Y109.855 E3.35505
G1 X107.208 Y108.562 E3.45695
G1 X106.785 Y108.793 E3.48381
G1 X108.112 Y110.119 E3.58835
G1 X107.696 Y110.357 E3.61506
G1 X106.32 Y108.981 E3.7235
G1 X105.815 Y109.13 E3.75284
M73 P4 R10
M73 Q4 S10
G1 X107.248 Y110.563 E3.86577
G1 X106.768 Y110.737 E3.89422
G1 X105.236 Y109.205 E4.01496
G1 X105.003 Y109.227 E4.028
G1 X104.562 Y109.184 E4.05269
G1 X106.253 Y110.875 E4.18596
G1 X106.054 Y110.921 E4.19734
G1 X105.695 Y110.971 E4.21754
G1 X103.458 Y108.734 E4.39384
G92 E0
G1 X106.442 Y101.259 F7800
G1 F623.104
G1 X104.213 Y99.031 E.17563
G1 X103.975 Y99.06 E.18899
G1 X103.656 Y99.127 E.20715
G1 X105.331 Y100.802 E.33916
G1 X105.078 Y100.777 E.35333
G1 X104.671 Y100.796 E.37604
G1 X103.141 Y99.265 E.49666
G1 X102.662 Y99.44 E.52508
G1 X104.087 Y100.866 E.63742
G1 X103.584 Y101.016 E.66667
G1 X102.215 Y99.647 E.77456
G1 X101.797 Y99.882 E.80128
G1 X103.121 Y101.207 E.90566
G1 X102.711 Y101.45 E.93222
G1 X101.406 Y100.145 E1.03507
G1 X101.041 Y100.434 E1.06101
G1 X102.316 Y101.709 E1.16149
G1 X101.968 Y102.015 E1.18731
G1 X100.701 Y100.747 E1.2872
G1 X100.387 Y101.087 E1.31299
G1 X101.665 Y102.365 E1.41371
G1 X101.439 Y102.662 E1.43451
G1 X101.393 Y102.747 E1.4399
G1 X100.105 Y101.459 E1.54141
G1 X99.837 Y101.844 E1.56755
G1 X101.167 Y103.175 E1.67241
G1 X101.038 Y103.417 E1.68769
G1 X100.977 Y103.638 E1.70047
G1 X99.601 Y102.262 E1.80891
G1 X99.394 Y102.709 E1.83636
G1 X100.836 Y104.151 E1.95
G1 X100.789 Y104.321 E1.95983
G1 X100.755 Y104.723 E1.98231
G1 X99.22 Y103.189 E2.10324
G1 X99.082 Y103.705 E2.13301
G1 X100.768 Y105.39 E2.26584
G1 X100.806 Y105.79 E2.28823
G1 X100.934 Y106.21 E2.3127
G1 X99.019 Y104.295 E2.46362
G1 X99.019 Y104.949 E2.50007
G1 X105.088 Y111.017 E2.97833
G1 X104.402 Y110.985 E3.0166
G1 X99.019 Y105.602 E3.44083
G1 X99.019 Y105.954 E3.46045
M73 P5 R10
M73 Q5 S10
G1 X99.103 Y106.34 E3.48246
G1 X103.624 Y110.861 E3.83876
G1 X103.453 Y110.829 E3.84845
G1 X102.964 Y110.681 E3.87692
G1 X102.675 Y110.565 E3.89427
G1 X99.401 Y107.291 E4.15229
G1 X99.664 Y107.864 E4.18742
G1 X100.089 Y108.54 E4.23192
G1 X100.403 Y108.937 E4.26013
G1 X100.572 Y109.116 E4.27385
G1 X101.814 Y110.359 E4.37177
;LAYER_CHANGE
;Z:0.75
;HEIGHT:0.2
G92 E0
G1 Z.75 F7800
M104 S190 ; set temperature
M140 S30 ; set bed temperature
G1 X107.628 Y102.33
;TYPE:Perimeter
;WIDTH:0.449999
G1 F884.349
G1 X107.722 Y102.416 E.005
G1 X108.086 Y102.869 E.02782
G1 X108.421 Y103.468 E.05477
G1 X108.599 Y103.955 E.07513
G1 X108.721 Y104.732 E.10601
G1 X108.739 Y105.133 E.12177
G1 X108.644 Y105.85 E.15017
G1 X108.452 Y106.407 E.1733
G1 X108.245 Y106.886 E.19379
G1 X107.941 Y107.298 E.21389
G1 X107.583 Y107.73 E.23592
G1 X107.19 Y108.06 E.25607
G1 X106.51 Y108.452 E.28689
G1 X105.982 Y108.632 E.30879
G1 X105.527 Y108.743 E.32718
G1 X104.968 Y108.789 E.3492
G1 X104.409 Y108.748 E.37121
G1 X103.635 Y108.544 E.40264
G1 X102.885 Y108.166 E.43562
G1 X102.345 Y107.739 E.46265
G1 X101.909 Y107.244 E.48855
G1 X101.506 Y106.55 E.52006
G1 X101.329 Y106.032 E.54155
G1 X101.215 Y105.57 E.56023
G1 X101.169 Y105 E.58268
G1 X101.24 Y104.295 E.6105
G1 X101.381 Y103.779 E.6315
G1 X101.495 Y103.469 E.64447
G1 X101.748 Y102.989 E.66577
G1 X102.149 Y102.473 E.69143
G1 X102.362 Y102.247 E.70362
G1 X102.833 Y101.869 E.72733
G1 X103.428 Y101.537 E.75408
G1 X104.052 Y101.324 E.77997
G1 X104.686 Y101.234 E.80511
G1 X105.127 Y101.222 E.82243
G1 X105.681 Y101.282 E.84431
G1 X106.222 Y101.434 E.86637
G1 X106.877 Y101.74 E.89476
G1 X107.408 Y102.128 E.92058
G1 X107.584 Y102.29 E.92997
G1 X107.343 Y102.616 F7800
G1 F884.349
G1 X107.405 Y102.671 E.93322
G1 X107.769 Y103.124 E.95604
G1 X108.06 Y103.656 E.97985
G1 X108.232 Y104.151 E1.00043
G1 X108.318 Y104.786 E1.02559
G1 X108.335 Y105.08 E1.03715
G1 X108.241 Y105.797 E1.06554
G1 X107.926 Y106.614 E1.09992
G1 X107.618 Y107.05 E1.12088
G1 X107.311 Y107.428 E1.14
G1 X106.899 Y107.77 E1.16102
G1 X106.314 Y108.095 E1.1873
G1 X105.61 Y108.316 E1.21627
G1 X105.076 Y108.374 E1.23736
G1 X104.557 Y108.357 E1.25775
G1 X103.74 Y108.151 E1.29083
G1 X103.081 Y107.809 E1.31998
G1 X102.606 Y107.428 E1.34389
G1 X102.221 Y106.982 E1.36702
G1 X101.863 Y106.354 E1.3954
G1 X101.643 Y105.652 E1.42429
G1 X101.579 Y105.054 E1.4479
G1 X101.645 Y104.339 E1.47609
G1 X101.815 Y103.756 E1.49993
G1 X102.079 Y103.229 E1.52307
G1 X102.466 Y102.728 E1.54793
G1 X102.819 Y102.402 E1.5668
G1 X103.26 Y102.083 E1.58817
G1 X103.714 Y101.857 E1.60808
G1 X104.232 Y101.697 E1.62937
G1 X104.73 Y101.639 E1.64906
G1 X105.092 Y101.628 E1.66328
G1 X105.693 Y101.704 E1.68707
G1 X106.174 Y101.861 E1.70694
G1 X106.705 Y102.109 E1.72995
G1 X107.153 Y102.446 E1.75196
G1 X107.298 Y102.576 E1.75961
G1 X107.06 Y102.899 F7800
;TYPE:External perimeter
G1 F884.349
G1 X107.452 Y103.379 E1.78394
G1 X107.699 Y103.845 E1.80465
G1 X107.837 Y104.256 E1.82167
G1 X107.932 Y104.973 E1.85007
G1 X107.837 Y105.744 E1.88057
G1 X107.549 Y106.459 E1.91084
G1 X107.08 Y107.083 E1.94149
G1 X106.679 Y107.426 E1.96221
G1 X106.118 Y107.738 E1.98741
G1 X105.497 Y107.925 E2.01287
G1 X104.976 Y107.974 E2.03342
G1 X104.544 Y107.944 E2.05042
G1 X103.843 Y107.757 E2.07891
G1 X103.277 Y107.452 E2.10416
G1 X102.868 Y107.116 E2.12494
G1 X102.532 Y106.721 E2.1453
G1 X102.22 Y106.158 E2.17057
G1 X102.034 Y105.538 E2.19599
G1 X101.984 Y105.018 E2.2165
G1 X102.049 Y104.383 E2.24156
G1 X102.204 Y103.878 E2.2623
G1 X102.44 Y103.417 E2.28263
G1 X102.784 Y102.983 E2.30437
G1 X103.342 Y102.504 E2.33324
G1 X103.804 Y102.259 E2.35377
G1 X104.297 Y102.1 E2.37411
G1 X104.931 Y102.026 E2.39917
G1 X105.457 Y102.068 E2.41989
G1 X106.002 Y102.23 E2.44221
M73 P6 R10
G1 X106.533 Y102.478 E2.46522
M73 Q6 S10
G1 X107.016 Y102.858 E2.48935
G1 X107.274 Y103.164 F7800
G92 E0
G1 X105.273 Y98.557
;TYPE:Perimeter
G1 F884.349
G1 X105.369 Y98.557 E.00377
G1 X105.915 Y98.614 E.02532
G1 X106.464 Y98.72 E.04727
G1 X107.002 Y98.874 E.06924
G1 X107.515 Y99.073 E.09085
G1 X108.295 Y99.472 E.12525
G1 X108.742 Y99.767 E.14628
G1 X109.316 Y100.248 E.17568
G1 X109.794 Y100.721 E.20208
G1 X110.236 Y101.296 E.23056
G1 X110.594 Y101.85 E.25646
G1 X110.843 Y102.341 E.27808
G1 X111.051 Y102.859 E.3
G1 X111.213 Y103.394 E.32195
G1 X111.329 Y103.943 E.34398
G1 X111.418 Y104.989 E.3852
G1 X111.362 Y105.849 E.41904
G1 X111.267 Y106.39 E.44061
G1 X111.123 Y106.931 E.46259
G1 X110.936 Y107.448 E.48418
G1 X110.562 Y108.212 E.51758
G1 X110.092 Y108.921 E.55098
G1 X109.741 Y109.343 E.57253
G1 X109.354 Y109.733 E.5941
G1 X108.685 Y110.276 E.62793
G1 X108.223 Y110.574 E.64952
G1 X107.728 Y110.836 E.67151
G1 X107.212 Y111.054 E.6935
G1 X106.702 Y111.219 E.71455
G1 X105.845 Y111.398 E.74893
G1 X105.299 Y111.451 E.77047
G1 X104.739 Y111.456 E.79246
G1 X104.191 Y111.414 E.81404
G1 X103.344 Y111.254 E.84789
G1 X102.819 Y111.095 E.86943
G1 X102.309 Y110.891 E.891
G1 X101.548 Y110.486 E.92485
G1 X101.103 Y110.183 E.94599
G1 X100.458 Y109.633 E.97927
G1 X100.111 Y109.267 E.99907
G1 X99.775 Y108.85 E1.0201
G1 X99.501 Y108.428 E1.03986
G1 X99.128 Y107.748 E1.07031
G1 X98.901 Y107.234 E1.09237
G1 X98.734 Y106.721 E1.11355
G1 X98.581 Y106.024 E1.14157
G1 X98.581 Y104.75 E1.19159
G1 X98.605 Y103.861 E1.22651
G1 X98.723 Y103.332 E1.24779
G1 X98.907 Y102.757 E1.27149
G1 X99.11 Y102.269 E1.29224
G1 X99.389 Y101.74 E1.31572
G1 X99.725 Y101.236 E1.3395
G1 X100.129 Y100.715 E1.36539
G1 X100.499 Y100.33 E1.38636
G1 X100.92 Y99.961 E1.40834
G1 X101.372 Y99.63 E1.43034
G1 X101.851 Y99.339 E1.45235
G1 X102.353 Y99.091 E1.47433
G1 X102.875 Y98.888 E1.49632
G1 X103.412 Y98.73 E1.5183
G1 X103.961 Y98.62 E1.54028
G1 X104.678 Y98.558 E1.56854
G1 X105.213 Y98.557 E1.58955
G1 X105.303 Y98.143 F7800
G1 F884.349
G1 X105.314 Y98.142 E1.58998
G1 X105.914 Y98.199 E1.61364
G1 X106.499 Y98.308 E1.63701
G1 X107.073 Y98.466 E1.66039
G1 X107.612 Y98.667 E1.68298
G1 X108.435 Y99.078 E1.7191
G1 X108.866 Y99.356 E1.73924
G1 X109.32 Y99.7 E1.76161
G1 X110.107 Y100.461 E1.8046
G1 X110.575 Y101.071 E1.83479
G1 X110.956 Y101.663 E1.86243
G1 X111.219 Y102.186 E1.88542
G1 X111.439 Y102.737 E1.90872
G1 X111.611 Y103.307 E1.9321
G1 X111.733 Y103.89 E1.95549
G1 X111.803 Y104.481 E1.97886
G1 X111.826 Y104.994 E1.99902
G1 X111.767 Y105.898 E2.03459
G1 X111.665 Y106.478 E2.05771
G1 X111.512 Y107.053 E2.08107
G1 X111.311 Y107.607 E2.10421
G1 X110.916 Y108.415 E2.13952
G1 X110.419 Y109.164 E2.17481
G1 X110.042 Y109.617 E2.19795
G1 X109.628 Y110.036 E2.22108
G1 X108.924 Y110.606 E2.25665
G1 X108.429 Y110.926 E2.27979
G1 X107.903 Y111.204 E2.30315
G1 X107.354 Y111.436 E2.32655
G1 X106.807 Y111.613 E2.34912
G1 X105.906 Y111.801 E2.38526
G1 X105.321 Y111.858 E2.40834
G1 X104.725 Y111.863 E2.43174
G1 X104.138 Y111.818 E2.45486
G1 X103.248 Y111.65 E2.49042
G1 X102.684 Y111.48 E2.51355
G1 X102.137 Y111.261 E2.53669
G1 X101.338 Y110.835 E2.57224
G1 X100.856 Y110.507 E2.59513
G1 X100.177 Y109.928 E2.63017
G1 X99.763 Y109.49 E2.65383
G1 X99.397 Y109.029 E2.67694
G1 X98.979 Y108.363 E2.70781
G1 X98.758 Y107.918 E2.72732
G1 X98.515 Y107.364 E2.75107
G1 X98.339 Y106.816 E2.77367
G1 X98.174 Y106.059 E2.80409
G1 X98.174 Y103.948 E2.88698
G1 X98.281 Y103.397 E2.90902
G1 X98.445 Y102.824 E2.93242
G1 X98.658 Y102.268 E2.9558
G1 X98.918 Y101.732 E2.97919
G1 X99.221 Y101.227 E3.00231
G1 X99.767 Y100.505 E3.03785
G1 X100.171 Y100.076 E3.06099
G1 X100.616 Y99.68 E3.08438
G1 X101.093 Y99.324 E3.10775
G1 X101.6 Y99.01 E3.13117
G1 X102.131 Y98.742 E3.15452
G1 X102.684 Y98.52 E3.17792
G1 X103.254 Y98.348 E3.2013
G1 X103.837 Y98.225 E3.2247
G1 X104.422 Y98.154 E3.24784
G1 X105.243 Y98.143 E3.28008
G1 X105.333 Y97.735 F7800
;TYPE:External perimeter
G1 F884.349
G1 X105.97 Y97.796 E3.30521
G1 X106.59 Y97.911 E3.32997
G1 X107.199 Y98.079 E3.35478
G1 X107.775 Y98.293 E3.37891
G1 X108.637 Y98.724 E3.41675
G1 X109.165 Y99.065 E3.44143
G1 X109.662 Y99.45 E3.46611
G1 X110.345 Y100.111 E3.50343
G1 X110.746 Y100.593 E3.52805
G1 X111.317 Y101.475 E3.56931
G1 X111.596 Y102.031 E3.59374
G1 X111.828 Y102.615 E3.61841
G1 X112.029 Y103.314 E3.64697
G1 X112.136 Y103.837 E3.66793
G1 X112.21 Y104.463 E3.69268
G1 X112.233 Y104.998 E3.71371
M73 P7 R10
M73 Q7 S10
G1 X112.171 Y105.946 E3.75101
G1 X112.063 Y106.565 E3.77568
G1 X111.901 Y107.175 E3.80046
G1 X111.687 Y107.766 E3.82514
G1 X111.27 Y108.618 E3.86239
G1 X110.746 Y109.408 E3.89961
G1 X110.344 Y109.891 E3.92428
G1 X109.901 Y110.338 E3.94899
G1 X109.163 Y110.936 E3.98629
G1 X108.635 Y111.277 E4.01097
G1 X108.078 Y111.572 E4.03572
G1 X107.496 Y111.818 E4.06053
G1 X106.912 Y112.007 E4.08463
G1 X105.968 Y112.204 E4.12249
G1 X105.342 Y112.265 E4.14719
G1 X104.711 Y112.271 E4.17197
G1 X104.084 Y112.222 E4.19666
G1 X103.151 Y112.046 E4.23394
G1 X102.549 Y111.864 E4.25863
G1 X101.965 Y111.63 E4.28333
G1 X101.127 Y111.184 E4.3206
G1 X100.609 Y110.831 E4.34521
G1 X99.896 Y110.224 E4.38198
G1 X99.455 Y109.757 E4.4072
G1 X99.064 Y109.264 E4.43191
G1 X98.56 Y108.461 E4.46914
G1 X98.099 Y107.404 E4.51442
G1 X97.878 Y106.642 E4.54557
G1 X97.766 Y106.093 E4.56757
G1 X97.766 Y103.909 E4.65332
G1 X97.885 Y103.302 E4.67761
G1 X98.058 Y102.695 E4.70239
G1 X98.284 Y102.106 E4.72716
G1 X98.56 Y101.539 E4.75192
G1 X98.883 Y100.999 E4.77663
G1 X99.456 Y100.241 E4.81394
G1 X99.887 Y99.784 E4.83861
G1 X100.358 Y99.364 E4.86339
G1 X100.864 Y98.987 E4.88817
G1 X101.4 Y98.655 E4.91293
G1 X101.963 Y98.37 E4.93771
G1 X102.549 Y98.136 E4.96249
G1 X103.153 Y97.953 E4.98727
G1 X103.77 Y97.823 E5.01203
G1 X104.394 Y97.747 E5.03671
G1 X105.273 Y97.736 E5.07123
G1 X105.671 Y97.768 F7800
G92 E0
G1 X100.993 Y100.141
;TYPE:Solid infill
;WIDTH:0.38292
G1 F1058.823
G1 X100.597 Y100.514 E.01784
G1 X100.845 Y100.281 E.029
G1 X102.178 Y99.466 F7800
G1 F1058.823
G1 X102.107 Y99.447 E.03141
G1 X102.126 Y99.518 E.03382
G1 X102.167 Y99.507 E.03521
;WIDTH:0.41646
G1 F963.754
G1 X102.009 Y99.6 E.04182
;WIDTH:0.449999
G1 F884.349
G1 X101.851 Y99.692 E.049
G1 X99.655 Y101.888 E.17094
G1 X99.569 Y102.027 E.17736
;WIDTH:0.41646
G1 F963.754
G1 X99.482 Y102.165 E.18324
;WIDTH:0.38292
G1 F1058.823
G1 X99.411 Y102.146 E.18565
G1 X99.43 Y102.217 E.18806
G1 X99.471 Y102.206 E.18945
G1 X99.021 Y103.242 F7800
G1 F1058.823
G1 X98.949 Y103.223 E.19189
G1 X98.968 Y103.294 E.1943
G1 X99.01 Y103.283 E.19572
;WIDTH:0.41646
G1 F963.754
G1 X99.082 Y103.124 E.20201
;WIDTH:0.449999
G1 F884.349
G1 X99.154 Y102.966 E.20883
G1 X102.929 Y99.191 E.41845
G1 X103.086 Y99.121 E.4252
;WIDTH:0.41646
G1 F963.754
G1 X103.244 Y99.051 E.43143
;WIDTH:0.38292
G1 F1058.823
G1 X103.203 Y99.062 E.43282
G1 X103.184 Y98.991 E.43523
G1 X103.255 Y99.01 E.43764
;WIDTH:0.449999
G1 F884.349
G1 X103.717 Y98.978 E.45582
G1 X98.936 Y103.759 E.7213
G1 X98.886 Y104.385 E.74596
G1 X104.396 Y98.875 E1.05192
G1 X104.983 Y98.863 E1.07497
G1 X98.886 Y104.96 E1.41353
G1 X98.841 Y105.119 E1.42002
;WIDTH:0.41646
G1 F963.754
G1 X98.797 Y105.278 E1.42596
;WIDTH:0.38292
G1 F1058.823
G1 X98.756 Y105.289 E1.42735
G1 X98.737 Y105.218 E1.42976
G1 X98.808 Y105.237 E1.43217
G92 E0
G1 X101.604 Y102.75 F7800
G1 F1058.823
G1 X102.112 Y102.184 E.02494
G1 X102.716 Y101.652 E.05134
;WIDTH:0.41646
G1 F963.754
G1 X102.86 Y101.535 E.05802
;WIDTH:0.449999
G1 F884.349
G1 X103.004 Y101.418 E.06531
G1 X105.542 Y98.88 E.20624
G1 X106.049 Y98.949 E.22633
G1 X103.959 Y101.039 E.34238
G1 X103.836 Y101.12 E.34816
;WIDTH:0.41646
G1 F963.754
G1 X103.712 Y101.202 E.35352
;WIDTH:0.38292
G1 F1058.823
G1 X103.641 Y101.183 E.35593
G1 X103.66 Y101.254 E.35834
G1 X103.701 Y101.243 E.35973
G92 E0
G1 X106.373 Y99.201 F7800
;WIDTH:0.449999
G1 F884.349
G1 X104.639 Y100.935 E.09629
G1 X104.837 Y100.913 E.10411
G1 X105.555 Y100.953 E.13235
G1 X106.23 Y101.111 E.15957
G1 X107.125 Y101.531 E.19839
G1 X107.597 Y101.896 E.22182
G1 X107.957 Y102.234 E.24121
G1 X108.383 Y102.759 E.26776
G1 X108.688 Y103.331 E.29321
G1 X108.922 Y103.979 E.32026
G1 X109.051 Y104.962 E.35919
G1 X108.942 Y105.921 E.39709
G1 X108.855 Y106.23 E.40969
G1 X108.651 Y106.71 E.43017
G1 X110.961 Y104.399 E.55847
M73 P8 R10
M73 Q8 S10
G1 X111.08 Y104.395 E.56315
G1 X110.971 Y103.714 E.59023
G1 X110.759 Y102.95 E.62136
G1 X110.561 Y102.457 E.64222
G1 X110.324 Y101.991 E.66275
G1 X110.034 Y101.544 E.68367
G1 X109.559 Y100.917 E.71456
G1 X109.176 Y100.537 E.73574
G1 X108.553 Y100.007 E.76786
G1 X108.129 Y99.729 E.78777
G1 X107.378 Y99.346 E.82087
G1 X106.876 Y99.153 E.84199
G1 X106.481 Y99.042 E.8581
G1 X106.641 Y99.508 E.87745
G1 X107.166 Y99.695 E.89933
G1 X107.849 Y100.037 E.92932
G1 X108.259 Y100.297 E.94838
G1 X108.661 Y100.606 E.96829
G1 X109.081 Y101.012 E.99123
G1 X109.52 Y101.506 E1.01718
G1 X109.928 Y102.12 E1.04613
G1 X110.174 Y102.586 E1.06682
G1 X110.371 Y103.072 E1.08741
G1 X110.539 Y103.643 E1.11078
G1 X110.637 Y104.147 E1.13094
G1 X109.418 Y105.366 E1.19863
G1 X109.454 Y104.91 E1.21659
G1 X109.308 Y103.851 E1.25856
G1 X109.049 Y103.142 E1.2882
G1 X108.699 Y102.502 E1.31684
G1 X108.169 Y101.85 E1.34983
G1 X107.851 Y101.578 E1.36626
G1 X107.3 Y101.163 E1.39334
G1 X106.325 Y100.715 E1.43547
G1 X105.6 Y100.55 E1.46466
G1 X106.497 Y99.652 E1.5145
G1 X106.752 Y99.985 E1.53097
;WIDTH:0.47331
G1 F836.451
G1 X107.009 Y100.085 E1.54242
G1 X107.94 Y100.583 E1.58625
;WIDTH:0.471612
G1 F839.764
G1 X108.395 Y100.93 E1.60991
G1 X108.795 Y101.308 E1.63267
;WIDTH:0.47201
G1 F838.985
G1 X109.19 Y101.765 E1.65767
G1 X109.593 Y102.37 E1.68776
;WIDTH:0.467853
G1 F847.192
G1 X109.975 Y103.196 E1.72506
;WIDTH:0.466037
G1 F850.828
G1 X110.193 Y104.004 E1.75921
;WIDTH:0.465748
G1 F851.41
G1 X109.807 Y104.391 E1.7815
G1 X109.701 Y103.722 E1.80912
;WIDTH:0.462926
G1 F857.131
G1 X109.461 Y103.038 E1.83849
;WIDTH:0.467853
G1 F847.192
G1 X109.216 Y102.566 E1.86029
;WIDTH:0.47201
G1 F838.985
G1 X108.845 Y102.019 E1.88764
G1 X108.488 Y101.59 E1.91074
;WIDTH:0.471612
G1 F839.764
G1 X108.112 Y101.251 E1.93167
G1 X107.478 Y100.788 E1.96413
;WIDTH:0.468215
G1 F846.471
G1 X106.426 Y100.311 E2.01151
G1 X106.608 Y100.129 E2.02207
G92 E0
G1 X101.384 Y103.038 F7800
;WIDTH:0.449999
G1 F884.349
G1 X98.886 Y105.536 E.13871
G1 X98.907 Y106.09 E.16048
G1 X101 Y103.998 E.27667
G1 X101.101 Y103.869 E.2831
;WIDTH:0.41646
G1 F963.754
G1 X101.203 Y103.74 E.28903
;WIDTH:0.38292
G1 F1058.823
G1 X101.162 Y103.751 E.29042
G1 X101.143 Y103.68 E.29283
G1 X101.214 Y103.699 E.29524
G1 X100.894 Y104.679 F7800
;WIDTH:0.449999
G1 F884.349
G1 X100.865 Y105.02 E.30868
G1 X100.938 Y105.766 E.33811
G1 X101.204 Y106.629 E.37357
G1 X101.621 Y107.359 E.40658
G1 X102.099 Y107.929 E.43579
G1 X102.641 Y108.374 E.46333
G1 X103.367 Y108.768 E.49576
G1 X104.374 Y109.05 E.53682
G1 X104.988 Y109.093 E.56099
G1 X105.728 Y109.02 E.59019
G1 X106.636 Y108.724 E.62769
G1 X104.354 Y111.006 E.75441
G1 X104.322 Y111.118 E.75898
G1 X103.363 Y110.941 E.79727
G1 X102.878 Y110.79 E.81721
G1 X102.388 Y110.587 E.83804
G1 X101.66 Y110.193 E.87054
G1 X101.246 Y109.904 E.89036
G1 X100.63 Y109.371 E.92234
G1 X100.273 Y108.988 E.9429
G1 X99.792 Y108.318 E.97528
G1 X99.518 Y107.866 E.99603
G1 X99.195 Y107.149 E1.02691
G1 X99.004 Y106.522 E1.05265
G1 X99.051 Y106.522 E1.0545
G1 X100.75 Y104.823 E1.14884
G1 X100.513 Y105.636 F7800
G1 F884.349
G1 X100.549 Y105.884 E1.15868
G1 X100.786 Y106.666 E1.19076
G1 X101.014 Y107.129 E1.21102
G1 X101.308 Y107.619 E1.23346
G1 X101.839 Y108.242 E1.2656
G1 X102.315 Y108.637 E1.28989
G1 X102.543 Y108.784 E1.30054
G1 X103.321 Y109.188 E1.33496
G1 X104.343 Y109.456 E1.37645
G1 X104.924 Y109.5 E1.39933
G1 X105.313 Y109.471 E1.41465
G1 X104.111 Y110.674 E1.48142
G1 X103.786 Y110.613 E1.4944
G1 X103.081 Y110.43 E1.523
G1 X102.61 Y110.244 E1.54288
G1 X101.948 Y109.891 E1.57234
G1 X101.536 Y109.616 E1.59179
G1 X101.028 Y109.182 E1.61802
G1 X100.629 Y108.777 E1.64034
G1 X100.313 Y108.382 E1.6602
G1 X99.927 Y107.767 E1.68871
G1 X99.707 Y107.303 E1.70887
G1 X99.467 Y106.682 E1.73501
G1 X100.369 Y105.78 E1.7851
G1 X100.287 Y106.449 E1.81156
;WIDTH:0.465217
G1 F852.481
G1 X100.403 Y106.829 E1.82774
;WIDTH:0.469831
G1 F843.267
G1 X100.648 Y107.33 E1.8507
G1 X100.988 Y107.884 E1.87747
;WIDTH:0.466231
G1 F850.439
G1 X101.576 Y108.559 E1.91402
;WIDTH:0.464492
G1 F853.947
G1 X102.05 Y108.956 E1.93916
;WIDTH:0.468201
G1 F846.499
G1 X102.345 Y109.15 E1.95364
G1 X103.212 Y109.588 E1.99349
;WIDTH:0.47586
G1 F831.524
G1 X103.723 Y109.734 E2.01568
G1 X104.326 Y109.871 E2.0415
;WIDTH:0.466028
G1 F850.847
G1 X103.972 Y110.225 E2.06193
;WIDTH:0.47586
G1 F831.524
G1 X103.603 Y110.15 E2.07765
G1 X102.785 Y109.867 E2.1138
;WIDTH:0.468201
G1 F846.499
G1 X102.143 Y109.524 E2.14366
G1 X101.788 Y109.286 E2.16119
M73 P9 R10
M73 Q9 S10
;WIDTH:0.464492
G1 F853.947
G1 X101.295 Y108.869 E2.18745
;WIDTH:0.471213
G1 F840.546
G1 X100.926 Y108.483 E2.20951
G1 X100.613 Y108.082 E2.23052
;WIDTH:0.469831
G1 F843.267
G1 X100.267 Y107.521 E2.25766
G1 X99.942 Y106.793 E2.29049
;WIDTH:0.465217
G1 F852.481
G1 X100.143 Y106.593 E2.30204
G92 E0
G1 X107.211 Y108.294 F7800
;WIDTH:0.38292
G1 F1058.823
G1 X107.76 Y107.794 E.02435
G1 X108.44 Y107.017 E.05821
G92 E0
G1 X111.105 Y104.831 F7800
;WIDTH:0.449999
G1 F884.349
G1 X104.786 Y111.15 E.35088
G1 X105.375 Y111.137 E.37401
G1 X111.083 Y105.428 E.69099
G1 X111.151 Y106.172 E.72032
;WIDTH:0.38292
G1 F1058.823
G1 X111.035 Y106.669 E.73706
;WIDTH:0.449999
G1 F884.349
G1 X111.012 Y106.075 E.7604
G1 X106.042 Y111.045 E1.03638
G1 X106.221 Y111.084 E1.04357
;WIDTH:0.41646
G1 F963.754
G1 X106.401 Y111.123 E1.05021
;WIDTH:0.38292
G1 F1058.823
G1 X106.634 Y111.07 E1.05805
;WIDTH:0.449999
G1 F884.349
G1 X106.795 Y110.868 E1.06819
G1 X110.834 Y106.829 E1.29247
G1 X110.552 Y107.63 F7800
;WIDTH:0.369385
G1 F1102.722
G1 X110.328 Y108.084 E1.30841
G1 X109.873 Y108.769 E1.3343
;WIDTH:0.39255
G1 F1029.66
G1 X109.53 Y109.162 E1.35189
;WIDTH:0.393735
G1 F1026.182
G1 X109.16 Y109.534 E1.36964
G1 X108.527 Y110.073 E1.39777
;WIDTH:0.351422
G1 F1166.929
G1 X108.09 Y110.355 E1.41325
G1 X107.525 Y110.644 E1.43213
G1 X108.334 Y109.835 E1.46617
;WIDTH:0.393735
G1 F1026.182
G1 X109.282 Y108.916 E1.51085
;WIDTH:0.39255
G1 F1029.66
G1 X109.632 Y108.549 E1.52795
;WIDTH:0.369385
G1 F1102.722
G1 X110.408 Y107.774 E1.56248
;LAYER_CHANGE
;Z:0.95
;HEIGHT:0.2
G92 E0
G1 Z.95 F7800
G1 X107.628 Y102.33
;TYPE:Perimeter
;WIDTH:0.449999
G1 F884.349
G1 X107.722 Y102.416 E.005
G1 X108.084 Y102.866 E.02768
G1 X108.421 Y103.468 E.05477
G1 X108.597 Y103.946 E.07477
G1 X108.721 Y104.735 E.10613
G1 X108.744 Y105.089 E.12006
G1 X108.69 Y105.656 E.14242
G1 X108.552 Y106.155 E.16275
G1 X108.412 Y106.549 E.17917
G1 X108.126 Y107.071 E.20254
G1 X107.721 Y107.586 E.22827
G1 X107.256 Y108.005 E.25285
G1 X106.893 Y108.242 E.26987
G1 X106.415 Y108.498 E.29116
G1 X105.734 Y108.705 E.31911
G1 X105.049 Y108.785 E.34619
G1 X104.456 Y108.749 E.36952
G1 X104.039 Y108.662 E.38625
G1 X103.52 Y108.505 E.40754
G1 X102.901 Y108.175 E.43508
G1 X102.345 Y107.74 E.4628
G1 X101.869 Y107.179 E.49169
G1 X101.496 Y106.532 E.52101
G1 X101.321 Y106.029 E.54192
G1 X101.193 Y105.406 E.56689
G1 X101.192 Y104.628 E.59744
G1 X101.402 Y103.724 E.63388
G1 X101.644 Y103.183 E.65715
G1 X101.827 Y102.874 E.67125
G1 X102.205 Y102.404 E.69493
G1 X102.833 Y101.869 E.72732
G1 X103.428 Y101.537 E.75407
G1 X104.052 Y101.324 E.77996
G1 X104.687 Y101.234 E.80514
G1 X105.121 Y101.222 E.82219
G1 X105.625 Y101.27 E.84207
G1 X106.114 Y101.391 E.86185
G1 X106.877 Y101.74 E.89479
G1 X107.408 Y102.128 E.92061
G1 X107.584 Y102.29 E.93
G1 X107.343 Y102.616 F7800
G1 F884.349
G1 X107.405 Y102.672 E.93328
G1 X107.767 Y103.121 E.95593
G1 X108.06 Y103.656 E.97988
G1 X108.229 Y104.143 E1.00012
G1 X108.338 Y105.053 E1.03611
G1 X108.289 Y105.586 E1.05713
G1 X108.105 Y106.231 E1.08347
G1 X107.861 Y106.708 E1.10451
G1 X107.691 Y106.988 E1.11737
G1 X107.352 Y107.39 E1.13802
G1 X106.941 Y107.738 E1.15917
G1 X106.313 Y108.096 E1.18755
G1 X105.83 Y108.252 E1.20748
G1 X105.502 Y108.336 E1.22077
G1 X104.991 Y108.381 E1.24091
G1 X104.492 Y108.344 E1.26056
G1 X103.752 Y108.154 E1.29056
G1 X103.097 Y107.818 E1.31946
G1 X102.607 Y107.428 E1.34405
G1 X102.187 Y106.924 E1.36981
G1 X101.857 Y106.344 E1.39601
G1 X101.67 Y105.784 E1.41919
G1 X101.588 Y105.25 E1.4404
G1 X101.599 Y104.635 E1.46455
G1 X101.796 Y103.828 E1.49717
G1 X102.005 Y103.371 E1.5169
G1 X102.145 Y103.129 E1.52788
G1 X102.522 Y102.658 E1.55157
G1 X103.087 Y102.186 E1.58048
G1 X103.616 Y101.898 E1.60413
G1 X104.175 Y101.712 E1.62726
G1 X104.732 Y101.639 E1.64932
G1 X105.087 Y101.627 E1.66327
G1 X105.585 Y101.677 E1.68292
G1 X106.05 Y101.803 E1.70184
G1 X106.705 Y102.109 E1.73023
G1 X107.153 Y102.446 E1.75224
G1 X107.298 Y102.576 E1.75989
G1 X107.06 Y102.899 F7800
;TYPE:External perimeter
G1 F884.349
G1 X107.45 Y103.377 E1.78411
G1 X107.699 Y103.845 E1.80492
M73 P10 R10
G1 X107.835 Y104.248 E1.82162
M73 Q10 S10
G1 X107.932 Y104.973 E1.85034
G1 X107.891 Y105.499 E1.87106
G1 X107.715 Y106.117 E1.89629
G1 X107.412 Y106.681 E1.92143
G1 X107.074 Y107.09 E1.94226
G1 X106.679 Y107.426 E1.96262
G1 X106.117 Y107.739 E1.98788
G1 X105.505 Y107.923 E2.01297
G1 X104.977 Y107.974 E2.0338
G1 X104.46 Y107.932 E2.05417
G1 X103.866 Y107.763 E2.07842
G1 X103.293 Y107.461 E2.10385
G1 X102.868 Y107.116 E2.12534
G1 X102.504 Y106.669 E2.14797
G1 X102.218 Y106.155 E2.17107
G1 X102.059 Y105.661 E2.19145
G1 X101.995 Y105.246 E2.20794
G1 X102.006 Y104.643 E2.23162
G1 X102.189 Y103.933 E2.26041
G1 X102.44 Y103.417 E2.28294
M73 P10 R9
G1 X102.784 Y102.983 E2.30468
G1 X103.342 Y102.504 E2.33355
G1 X103.804 Y102.259 E2.35408
G1 X104.297 Y102.1 E2.37442
G1 X104.928 Y102.026 E2.39937
G1 X105.457 Y102.068 E2.42021
G1 X105.996 Y102.227 E2.44228
G1 X106.533 Y102.478 E2.46555
G1 X107.016 Y102.858 E2.48968
G1 X107.275 Y103.163 F7800
G92 E0
G1 X105.274 Y98.556
;TYPE:Perimeter
G1 F884.349
G1 X105.361 Y98.556 E.00342
G1 X105.916 Y98.614 E.02533
G1 X106.464 Y98.72 E.04725
G1 X107.002 Y98.874 E.06922
G1 X107.507 Y99.07 E.09049
G1 X108.295 Y99.472 E.12522
G1 X108.742 Y99.767 E.14625
G1 X109.316 Y100.248 E.17565
G1 X109.794 Y100.721 E.20205
G1 X110.222 Y101.265 E.22923
G1 X110.541 Y101.777 E.25292
G1 X110.853 Y102.365 E.27906
G1 X111.051 Y102.859 E.29996
G1 X111.213 Y103.394 E.32191
G1 X111.329 Y103.943 E.34394
G1 X111.418 Y104.989 E.38516
G1 X111.362 Y105.849 E.419
G1 X111.267 Y106.39 E.44057
G1 X111.123 Y106.932 E.46259
G1 X110.944 Y107.428 E.48329
G1 X110.561 Y108.213 E.51759
G1 X110.104 Y108.904 E.55012
G1 X109.74 Y109.344 E.57254
M73 Q10 S9
G1 X109.346 Y109.741 E.5945
G1 X108.927 Y110.097 E.61609
G1 X108.231 Y110.568 E.64909
G1 X107.727 Y110.836 E.6715
G1 X107.212 Y111.054 E.69346
G1 X106.679 Y111.226 E.71545
G1 X106.133 Y111.352 E.73745
G1 X105.578 Y111.43 E.75946
G1 X105.051 Y111.458 E.78018
G1 X104.179 Y111.411 E.81447
G1 X103.344 Y111.254 E.84783
G1 X102.819 Y111.095 E.86937
G1 X102.308 Y110.891 E.89097
G1 X101.566 Y110.496 E.92398
G1 X101.103 Y110.182 E.94595
G1 X100.448 Y109.624 E.97974
G1 X100.071 Y109.224 E1.00132
G1 X99.73 Y108.793 E1.0229
G1 X99.277 Y108.072 E1.05633
G1 X98.93 Y107.319 E1.08888
G1 X98.752 Y106.788 E1.11087
G1 X98.581 Y106.001 E1.14249
G1 X98.581 Y103.988 E1.22153
G1 X98.693 Y103.436 E1.24365
G1 X98.869 Y102.854 E1.26752
G1 X99.11 Y102.269 E1.29236
G1 X99.389 Y101.739 E1.31588
G1 X99.725 Y101.236 E1.33963
G1 X100.129 Y100.715 E1.36552
G1 X100.499 Y100.33 E1.38649
G1 X100.92 Y99.961 E1.40847
G1 X101.372 Y99.63 E1.43047
G1 X101.851 Y99.339 E1.45248
G1 X102.353 Y99.091 E1.47446
G1 X102.875 Y98.888 E1.49645
G1 X103.412 Y98.73 E1.51843
G1 X103.961 Y98.62 E1.54041
G1 X104.674 Y98.558 E1.56851
G1 X105.214 Y98.557 E1.58971
G1 X105.304 Y98.142 F7800
G1 F884.349
G1 X105.306 Y98.142 E1.58979
G1 X105.914 Y98.2 E1.61377
G1 X106.499 Y98.308 E1.63713
G1 X107.073 Y98.466 E1.66051
G1 X107.605 Y98.664 E1.6828
G1 X108.435 Y99.078 E1.71922
G1 X108.866 Y99.356 E1.73936
G1 X109.32 Y99.7 E1.76173
G1 X110.107 Y100.461 E1.80472
G1 X110.557 Y101.033 E1.8333
G1 X110.898 Y101.581 E1.85864
G1 X111.229 Y102.21 E1.88655
G1 X111.439 Y102.737 E1.90882
G1 X111.63 Y103.394 E1.93568
G1 X111.733 Y103.89 E1.95557
G1 X111.803 Y104.481 E1.97894
G1 X111.826 Y104.994 E1.9991
G1 X111.767 Y105.898 E2.03467
G1 X111.665 Y106.478 E2.05779
G1 X111.512 Y107.053 E2.08115
G1 X111.319 Y107.587 E2.10344
G1 X110.915 Y108.416 E2.13965
G1 X110.431 Y109.147 E2.17407
G1 X110.042 Y109.617 E2.19803
G1 X109.623 Y110.04 E2.22141
G1 X109.173 Y110.421 E2.24456
G1 X108.442 Y110.918 E2.27927
G1 X107.902 Y111.204 E2.30326
G1 X107.354 Y111.436 E2.32663
G1 X106.788 Y111.619 E2.34999
G1 X106.207 Y111.753 E2.3734
G1 X105.617 Y111.836 E2.39679
G1 X105.051 Y111.866 E2.41904
G1 X104.131 Y111.816 E2.45522
G1 X103.248 Y111.65 E2.4905
G1 X102.684 Y111.48 E2.51363
G1 X102.137 Y111.261 E2.53677
G1 X101.356 Y110.846 E2.5715
G1 X100.856 Y110.507 E2.59522
G1 X100.167 Y109.919 E2.63079
G1 X99.763 Y109.491 E2.6539
G1 X99.397 Y109.029 E2.67704
G1 X98.919 Y108.267 E2.71236
G1 X98.551 Y107.47 E2.74683
G1 X98.359 Y106.897 E2.77056
G1 X98.174 Y106.045 E2.80479
G1 X98.174 Y103.948 E2.88713
G1 X98.281 Y103.397 E2.90917
G1 X98.445 Y102.824 E2.93257
G1 X98.658 Y102.268 E2.95595
G1 X98.918 Y101.732 E2.97934
G1 X99.221 Y101.227 E3.00246
G1 X99.767 Y100.505 E3.038
G1 X100.171 Y100.076 E3.06114
G1 X100.616 Y99.68 E3.08453
G1 X101.093 Y99.324 E3.1079
M73 P11 R9
M73 Q11 S9
G1 X101.6 Y99.01 E3.13132
G1 X102.131 Y98.742 E3.15467
G1 X102.684 Y98.52 E3.17807
G1 X103.254 Y98.348 E3.20145
G1 X103.837 Y98.225 E3.22485
G1 X104.422 Y98.154 E3.24799
G1 X105.244 Y98.143 E3.28027
G1 X105.333 Y97.736 F7800
;TYPE:External perimeter
G1 F884.349
G1 X105.97 Y97.796 E3.30539
G1 X106.59 Y97.911 E3.33015
G1 X107.199 Y98.079 E3.35496
G1 X107.767 Y98.29 E3.37875
G1 X108.637 Y98.724 E3.41692
G1 X109.165 Y99.065 E3.4416
G1 X109.662 Y99.45 E3.46628
G1 X110.345 Y100.111 E3.5036
G1 X110.688 Y100.523 E3.52465
G1 X110.984 Y100.934 E3.54454
G1 X111.255 Y101.386 E3.56523
G1 X111.606 Y102.055 E3.59489
G1 X111.828 Y102.615 E3.61854
G1 X112.028 Y103.306 E3.64679
G1 X112.136 Y103.837 E3.66807
G1 X112.21 Y104.463 E3.69282
G1 X112.233 Y104.998 E3.71385
G1 X112.171 Y105.946 E3.75115
G1 X112.063 Y106.565 E3.77582
G1 X111.901 Y107.175 E3.8006
G1 X111.695 Y107.746 E3.82443
G1 X111.27 Y108.618 E3.86252
G1 X110.759 Y109.39 E3.89887
G1 X110.344 Y109.891 E3.92441
G1 X109.9 Y110.339 E3.94918
G1 X109.42 Y110.746 E3.97389
G1 X108.652 Y111.267 E4.01033
G1 X108.077 Y111.572 E4.03589
G1 X107.496 Y111.818 E4.06066
G1 X106.896 Y112.012 E4.08542
G1 X106.282 Y112.153 E4.11016
G1 X105.657 Y112.241 E4.13494
G1 X105.051 Y112.274 E4.15877
G1 X104.082 Y112.222 E4.19687
G1 X103.151 Y112.046 E4.23407
G1 X102.549 Y111.864 E4.25876
G1 X101.965 Y111.63 E4.28346
G1 X101.146 Y111.195 E4.31987
G1 X100.609 Y110.831 E4.34534
G1 X99.886 Y110.214 E4.38266
G1 X99.455 Y109.757 E4.40733
G1 X99.064 Y109.264 E4.43204
G1 X98.56 Y108.461 E4.46927
G1 X98.173 Y107.62 E4.50562
G1 X97.966 Y107.005 E4.5311
G1 X97.766 Y106.089 E4.56791
G1 X97.766 Y103.909 E4.65351
G1 X97.885 Y103.302 E4.6778
G1 X98.058 Y102.695 E4.70258
G1 X98.284 Y102.106 E4.72735
G1 X98.56 Y101.539 E4.75211
G1 X98.883 Y100.999 E4.77682
G1 X99.456 Y100.241 E4.81413
G1 X99.887 Y99.784 E4.8388
G1 X100.358 Y99.364 E4.86358
G1 X100.864 Y98.987 E4.88836
G1 X101.4 Y98.655 E4.91312
G1 X101.963 Y98.37 E4.9379
G1 X102.549 Y98.136 E4.96268
G1 X103.153 Y97.953 E4.98746
G1 X103.77 Y97.823 E5.01222
G1 X104.394 Y97.747 E5.0369
G1 X105.273 Y97.736 E5.07142
G1 X105.671 Y97.768 F7800
G92 E0
G1 X99.866 Y108.699
;TYPE:Solid infill
;WIDTH:0.38292
G1 F1058.823
G1 X100.588 Y109.476 E.03478
G1 X101.206 Y110.047 E.06237
G1 X102.158 Y110.479 F7800
G1 F1058.823
G1 X102.169 Y110.52 E.06376
G1 X102.098 Y110.539 E.06617
G1 X102.117 Y110.468 E.06858
;WIDTH:0.41646
G1 F963.754
G1 X101.979 Y110.382 E.07444
;WIDTH:0.449999
G1 F884.349
G1 X101.84 Y110.296 E.08086
G1 X99.674 Y108.13 E.20113
G1 X99.158 Y107.038 F7800
G1 F884.349
G1 X102.929 Y110.81 E.41056
G1 X103.01 Y110.912 E.41567
;WIDTH:0.41646
G1 F963.754
G1 X103.09 Y111.014 E.42034
;WIDTH:0.38292
G1 F1058.823
G1 X103.673 Y111.162 E.44007
;WIDTH:0.449999
G1 F884.349
G1 X103.707 Y111.012 E.44611
G1 X98.948 Y106.252 E.7104
G1 X98.912 Y106.412 E.71684
;WIDTH:0.41646
G1 F963.754
G1 X98.876 Y106.572 E.72275
;WIDTH:0.38292
G1 F1058.823
G1 X98.954 Y106.878 E.73311
G1 X98.886 Y105.615 F7800
;WIDTH:0.449999
G1 F884.349
G1 X104.388 Y111.117 E1.03863
G1 X105.273 Y111.222 F7800
;WIDTH:0.38292
G1 F1058.823
G1 X105.254 Y111.293 E1.04104
G1 X105.325 Y111.274 E1.04345
G1 X105.314 Y111.233 E1.04484
;WIDTH:0.41646
G1 F963.754
G1 X105.155 Y111.192 E1.05076
;WIDTH:0.449999
G1 F884.349
G1 X104.996 Y111.15 E1.05722
G1 X98.886 Y105.039 E1.39653
G1 X98.886 Y104.463 E1.41915
G1 X101.374 Y106.952 E1.55733
G1 X101.491 Y107.095 E1.56458
;WIDTH:0.41646
G1 F963.754
G1 X101.608 Y107.239 E1.57126
;WIDTH:0.38292
G1 F1058.823
G1 X102.135 Y107.838 E1.59742
G1 X102.693 Y108.344 E1.62212
;WIDTH:0.449999
G1 F884.349
M73 P12 R9
M73 Q12 S9
G1 X102.981 Y108.559 E1.63623
G1 X105.548 Y111.126 E1.77877
G1 X106.053 Y111.055 E1.79879
G1 X103.944 Y108.946 E1.9159
G1 X103.815 Y108.846 E1.92231
;WIDTH:0.41646
G1 F963.754
G1 X103.686 Y108.746 E1.92819
;WIDTH:0.38292
G1 F1058.823
G1 X103.697 Y108.787 E1.92958
G1 X103.626 Y108.806 E1.93199
G1 X103.645 Y108.735 E1.9344
G1 X104.629 Y109.055 F7800
;WIDTH:0.449999
G1 F884.349
G1 X105.025 Y109.092 E1.95002
G1 X105.716 Y109.022 E1.97729
G1 X106.553 Y108.77 E2.01161
G1 X107.038 Y108.504 E2.03333
G1 X107.45 Y108.233 E2.05269
G1 X107.948 Y107.783 E2.07904
G1 X108.346 Y107.296 E2.10374
G1 X108.743 Y106.558 E2.13664
G1 X108.993 Y105.69 E2.17211
G1 X109.051 Y104.963 E2.20075
G1 X108.919 Y103.971 E2.24004
G1 X108.684 Y103.323 E2.2671
G1 X110.957 Y105.596 E2.39332
G1 X111.072 Y105.606 E2.39785
G1 X110.976 Y106.28 E2.42458
G1 X110.843 Y106.797 E2.44554
G1 X110.662 Y107.309 E2.46686
G1 X110.325 Y108 E2.49705
G1 X110.106 Y108.348 E2.51319
G1 X109.823 Y108.765 E2.53298
G1 X109.481 Y109.171 E2.55382
G1 X109.104 Y109.546 E2.5747
G1 X108.541 Y109.989 E2.60283
G1 X108.024 Y110.333 E2.62721
G1 X107.553 Y110.578 E2.64806
G1 X107.067 Y110.78 E2.66873
G1 X106.485 Y110.958 E2.69263
G1 X106.485 Y110.911 E2.69448
G1 X104.773 Y109.199 E2.78954
G1 X105.596 Y109.446 F7800
G1 F884.349
G1 X105.831 Y109.412 E2.79886
G1 X106.748 Y109.127 E2.83656
G1 X107.469 Y108.732 E2.86884
G1 X107.711 Y108.545 E2.88085
G1 X108.262 Y108.042 E2.91014
G1 X108.705 Y107.489 E2.93796
G1 X109.101 Y106.751 E2.97085
G1 X109.23 Y106.355 E2.9872
G1 X109.399 Y105.725 E3.01281
G1 X109.457 Y105.041 E3.03976
G1 X109.419 Y104.634 E3.05581
G1 X110.638 Y105.853 E3.1235
G1 X110.564 Y106.263 E3.13986
G1 X110.287 Y107.151 E3.17638
G1 X109.941 Y107.859 E3.20732
G1 X109.531 Y108.479 E3.23651
G1 X109.211 Y108.865 E3.2562
G1 X108.841 Y109.235 E3.27675
G1 X108.313 Y109.652 E3.30317
G1 X107.833 Y109.973 E3.32584
G1 X107.175 Y110.296 E3.35462
G1 X106.64 Y110.49 E3.37696
G1 X105.74 Y109.59 E3.42694
G1 X106.408 Y109.673 E3.45337
;WIDTH:0.463416
G1 F856.132
G1 X106.947 Y109.489 E3.47647
;WIDTH:0.471145
G1 F840.679
G1 X107.434 Y109.228 E3.49929
G1 X107.978 Y108.864 E3.52633
;WIDTH:0.46804
G1 F846.82
G1 X108.502 Y108.4 E3.55503
;WIDTH:0.467373
G1 F848.15
G1 X108.862 Y107.969 E3.57802
;WIDTH:0.470999
G1 F840.966
G1 X109.203 Y107.444 E3.60387
G1 X109.548 Y106.745 E3.63606
;WIDTH:0.467775
G1 F847.348
G1 X109.752 Y106.042 E3.66606
G1 X109.824 Y105.626 E3.68336
;WIDTH:0.46583
G1 F851.245
G1 X110.192 Y105.994 E3.70459
G1 X110.173 Y106.102 E3.70906
;WIDTH:0.472171
G1 F838.67
G1 X110.04 Y106.602 E3.73048
G1 X109.835 Y107.136 E3.75416
;WIDTH:0.470999
G1 F840.966
G1 X109.57 Y107.663 E3.77852
G1 X109.189 Y108.24 E3.80707
;WIDTH:0.467373
G1 F848.15
G1 X108.573 Y108.918 E3.84457
;WIDTH:0.466593
G1 F849.712
G1 X107.883 Y109.447 E3.8801
;WIDTH:0.46851
G1 F845.885
G1 X107.233 Y109.82 E3.91086
G1 X106.754 Y110.019 E3.93215
;WIDTH:0.463416
G1 F856.132
G1 X106.552 Y109.817 E3.94374
G92 E0
G1 X101.203 Y106.257 F7800
;WIDTH:0.38292
G1 F1058.823
G1 X101.214 Y106.298 E.00139
G1 X101.143 Y106.317 E.0038
G1 X101.162 Y106.246 E.00621
;WIDTH:0.41646
G1 F963.754
G1 X101.08 Y106.123 E.01154
;WIDTH:0.449999
G1 F884.349
G1 X100.997 Y105.999 E.0174
G1 X98.907 Y103.909 E.13345
G1 X99.168 Y103.615 E.14889
G1 X99.455 Y103.882 E.16428
G1 X100.883 Y105.309 E.24355
G1 X100.917 Y104.382 E.27997
G1 X101.156 Y103.486 E.31638
G1 X101.511 Y102.794 E.34692
G1 X101.914 Y102.284 E.37244
G1 X102.055 Y102.116 E.38105
G1 X102.755 Y101.551 E.41637
G1 X103.324 Y101.253 E.44159
G1 X103.995 Y101.027 E.46939
G1 X104.799 Y100.914 E.50127
G1 X105.556 Y100.953 E.53103
G1 X106.23 Y101.11 E.5582
G1 X106.68 Y101.319 E.57768
G1 X104.369 Y99.008 E.70601
G1 X104.369 Y98.878 E.71111
G1 X103.686 Y98.985 E.73825
G1 X102.963 Y99.18 E.76765
G1 X102.466 Y99.375 E.78861
G1 X101.988 Y99.612 E.80956
G1 X101.533 Y99.889 E.83048
G1 X101.103 Y100.205 E.85143
G1 X100.719 Y100.542 E.87149
G1 X100.351 Y100.924 E.89232
G1 X99.91 Y101.497 E.92071
G1 X99.569 Y102.033 E.94565
G1 X99.332 Y102.512 E.96663
G1 X99.138 Y103.007 E.98751
G1 X99.018 Y103.477 E1.00656
G1 X99.474 Y103.325 E1.02543
G1 X99.673 Y102.747 E1.04943
G1 X99.892 Y102.29 E1.06933
G1 X100.15 Y101.854 E1.08922
G1 X100.603 Y101.256 E1.11868
G1 X100.953 Y100.88 E1.13885
G1 X101.347 Y100.531 E1.15952
G1 X101.99 Y100.085 E1.19025
G1 X102.568 Y99.775 E1.216
G1 X103.055 Y99.578 E1.23663
G1 X103.559 Y99.427 E1.25729
G1 X104.105 Y99.32 E1.27914
G1 X105.317 Y100.532 E1.34644
G1 X104.75 Y100.51 E1.36872
G1 X103.874 Y100.639 E1.40349
G1 X103.138 Y100.891 E1.43404
M73 P13 R9
M73 Q13 S9
G1 X102.561 Y101.191 E1.45957
G1 X102.126 Y101.536 E1.48137
G1 X101.706 Y101.893 E1.50301
G1 X101.215 Y102.506 E1.53385
G1 X101.019 Y102.857 E1.54963
G1 X100.764 Y103.379 E1.57244
G1 X100.51 Y104.361 E1.61227
G1 X99.618 Y103.468 E1.66183
G1 X99.939 Y103.206 E1.6781
;WIDTH:0.46075
G1 F861.594
G1 X100.008 Y103.025 E1.68591
;WIDTH:0.470432
G1 F842.082
G1 X100.276 Y102.456 E1.71185
G1 X100.564 Y101.991 E1.7344
;WIDTH:0.469227
G1 F844.462
G1 X100.935 Y101.507 E1.75948
G1 X101.266 Y101.156 E1.77932
;WIDTH:0.46665
G1 F849.598
G1 X101.951 Y100.599 E1.8154
;WIDTH:0.467713
G1 F847.472
G1 X102.359 Y100.347 E1.83505
G1 X103.202 Y99.968 E1.87292
G1 X103.965 Y99.763 E1.90529
;WIDTH:0.459697
G1 F863.771
G1 X104.346 Y100.143 E1.92692
;WIDTH:0.465916
G1 F851.072
G1 X103.751 Y100.242 E1.95153
G1 X102.948 Y100.522 E1.98623
;WIDTH:0.46665
G1 F849.598
G1 X102.21 Y100.934 E2.02077
G1 X101.539 Y101.477 E2.05605
;WIDTH:0.469227
G1 F844.462
G1 X101.272 Y101.769 E2.07232
G1 X100.783 Y102.415 E2.10564
;WIDTH:0.46403
G1 F854.883
G1 X100.444 Y103.067 E2.13549
G1 X100.288 Y103.555 E2.1563
;WIDTH:0.46075
G1 F861.594
G1 X100.083 Y103.35 E2.16798
G92 E0
G1 X107.125 Y101.635 F7800
;WIDTH:0.38292
G1 F1058.823
G1 X107.736 Y102.182 E.02689
G1 X108.322 Y102.832 E.05559
G92 E0
G1 X111.101 Y105.164 F7800
;WIDTH:0.449999
G1 F884.349
G1 X104.8 Y98.864 E.34986
G1 X105.377 Y98.864 E.37252
G1 X111.095 Y104.583 E.69006
G1 X111.028 Y103.322 F7800
;WIDTH:0.38292
G1 F1058.823
G1 X111.136 Y103.761 E.70489
;WIDTH:0.41646
G1 F963.754
G1 X111.077 Y103.846 E.70862
;WIDTH:0.449999
G1 F884.349
G1 X111.019 Y103.931 E.71266
G1 X106.034 Y98.946 E.98947
G1 X106.138 Y98.89 E.99411
;WIDTH:0.41646
G1 F963.754
G1 X106.242 Y98.835 E.99835
;WIDTH:0.38292
G1 F1058.823
G1 X106.631 Y98.926 E1.01145
;WIDTH:0.449999
G1 F884.349
G1 X106.791 Y99.127 E1.02154
G1 X110.826 Y103.162 E1.2456
G92 E0
G1 X107.692 Y99.521 F7800
;WIDTH:0.352885
G1 F1161.421
G1 X108.346 Y100.176 E.02767
;WIDTH:0.384746
G1 F1053.167
G1 X108.716 Y100.523 E.04439
;WIDTH:0.391643
G1 F1032.338
G1 X109.644 Y101.462 E.0888
;WIDTH:0.368459
G1 F1105.858
G1 X110.578 Y102.396 E.13028
G1 X110.175 Y101.661 E.1566
G1 X109.888 Y101.248 E.17239
;WIDTH:0.391643
G1 F1032.338
G1 X109.551 Y100.861 E.18965
G1 X108.956 Y100.279 E.21765
;WIDTH:0.384746
G1 F1053.167
G1 X108.551 Y99.944 E.23498
;WIDTH:0.352885
G1 F1161.421
G1 X108.111 Y99.659 E.25065
G1 X107.548 Y99.377 E.26948
;LAYER_CHANGE
;Z:1.15
;HEIGHT:0.2
G92 E0
G1 Z1.15 F7800
G1 X107.621 Y102.337
;TYPE:Perimeter
;WIDTH:0.449999
G1 F884.349
G1 X107.877 Y102.593 E.01422
G1 X108.228 Y103.131 E.03944
G1 X108.483 Y103.612 E.06082
G1 X108.644 Y104.15 E.08287
G1 X108.739 Y104.867 E.11127
G1 X108.689 Y105.513 E.13671
G1 X108.591 Y106.069 E.15888
G1 X108.305 Y106.763 E.18835
G1 X107.94 Y107.299 E.21381
G1 X107.583 Y107.73 E.23578
G1 X107.19 Y108.06 E.25593
G1 X106.766 Y108.328 E.27563
G1 X106.255 Y108.545 E.29743
G1 X105.822 Y108.682 E.31526
G1 X105.094 Y108.78 E.3441
G1 X104.455 Y108.749 E.36922
G1 X104.039 Y108.662 E.38591
G1 X103.52 Y108.505 E.4072
G1 X102.885 Y108.166 E.43546
G1 X102.345 Y107.74 E.46247
G1 X101.869 Y107.179 E.49136
G1 X101.497 Y106.533 E.52063
G1 X101.335 Y106.052 E.54056
G1 X101.218 Y105.583 E.55954
G1 X101.169 Y105 E.58251
G1 X101.218 Y104.419 E.6054
G1 X101.402 Y103.723 E.63367
G1 X101.633 Y103.204 E.65598
G1 X101.855 Y102.839 E.67275
G1 X102.205 Y102.404 E.69467
G1 X102.832 Y101.869 E.72703
G1 X103.428 Y101.537 E.75382
G1 X104.052 Y101.324 E.77971
G1 X104.688 Y101.234 E.80493
G1 X105.115 Y101.222 E.8217
G1 X105.625 Y101.27 E.84181
G1 X106.16 Y101.42 E.86363
G1 X106.529 Y101.558 E.8791
G1 X107.155 Y101.92 E.90749
G1 X107.366 Y102.082 E.91794
G1 X107.579 Y102.295 E.92977
G1 X107.333 Y102.625 F7800
G1 F884.349
G1 X107.589 Y102.881 E.94399
G1 X107.875 Y103.335 E.96506
G1 X108.123 Y103.819 E.98641
G1 X108.26 Y104.346 E1.00779
G1 X108.335 Y104.92 E1.03052
G1 X108.285 Y105.46 E1.05181
G1 X108.2 Y105.95 E1.07134
G1 X107.929 Y106.608 E1.09928
G1 X107.616 Y107.052 E1.12061
G1 X107.311 Y107.428 E1.13962
G1 X106.899 Y107.77 E1.16064
G1 X106.461 Y108.027 E1.18058
G1 X105.909 Y108.243 E1.20385
G1 X105.215 Y108.353 E1.23144
M73 P14 R9
M73 Q14 S9
G1 X104.905 Y108.38 E1.24366
G1 X104.365 Y108.33 E1.26495
G1 X103.752 Y108.154 E1.28999
G1 X103.081 Y107.809 E1.31962
G1 X102.607 Y107.428 E1.3435
G1 X102.186 Y106.924 E1.36929
G1 X101.857 Y106.344 E1.39547
G1 X101.645 Y105.664 E1.42344
G1 X101.579 Y105.055 E1.44749
G1 X101.615 Y104.511 E1.4689
G1 X101.796 Y103.827 E1.49668
G1 X102.079 Y103.229 E1.52266
G1 X102.453 Y102.745 E1.54668
G1 X102.819 Y102.402 E1.56638
G1 X103.108 Y102.17 E1.58093
G1 X103.616 Y101.898 E1.60356
G1 X104.175 Y101.712 E1.62669
G1 X104.733 Y101.638 E1.64879
G1 X105.081 Y101.627 E1.66246
G1 X105.61 Y101.684 E1.68335
G1 X106.19 Y101.853 E1.70707
G1 X106.69 Y102.122 E1.72936
G1 X107.078 Y102.37 E1.74744
G1 X107.291 Y102.583 E1.75927
G1 X107.043 Y102.915 F7800
;TYPE:External perimeter
G1 F884.349
G1 X107.237 Y103.105 E1.76993
G1 X107.523 Y103.539 E1.79034
G1 X107.738 Y103.95 E1.80855
G1 X107.856 Y104.399 E1.82678
G1 X107.932 Y104.973 E1.84951
G1 X107.837 Y105.744 E1.88001
G1 X107.552 Y106.453 E1.91001
G1 X107.08 Y107.083 E1.94092
G1 X106.679 Y107.426 E1.96164
G1 X106.313 Y107.648 E1.97845
G1 X105.761 Y107.863 E2.00171
G1 X104.941 Y107.974 E2.0342
G1 X104.44 Y107.929 E2.05395
G1 X103.866 Y107.763 E2.07741
G1 X103.277 Y107.452 E2.10356
G1 X102.868 Y107.116 E2.12434
G1 X102.503 Y106.668 E2.14703
G1 X102.218 Y106.155 E2.17007
G1 X102.036 Y105.549 E2.19491
G1 X101.984 Y105.019 E2.21582
G1 X102.013 Y104.598 E2.23239
G1 X102.201 Y103.887 E2.26127
G1 X102.44 Y103.417 E2.28197
G1 X102.77 Y103 E2.30285
G1 X103.342 Y102.504 E2.33258
G1 X103.804 Y102.259 E2.35311
G1 X104.297 Y102.1 E2.37345
G1 X104.925 Y102.026 E2.39828
G1 X105.457 Y102.068 E2.41923
G1 X106.077 Y102.244 E2.44454
G1 X106.748 Y102.625 E2.47484
G1 X107.001 Y102.873 E2.48875
G1 X107.269 Y103.169 F7800
G92 E0
G1 X105.316 Y98.553
;TYPE:Perimeter
G1 F884.349
G1 X105.858 Y98.603 E.02137
G1 X106.408 Y98.705 E.04333
G1 X106.948 Y98.854 E.06533
G1 X107.436 Y99.035 E.08577
G1 X108.234 Y99.433 E.12078
G1 X108.694 Y99.73 E.14228
G1 X109.128 Y100.067 E.16385
G1 X109.695 Y100.615 E.19481
G1 X109.989 Y100.956 E.21249
G1 X110.587 Y101.837 E.2543
G1 X110.844 Y102.342 E.27655
G1 X111.051 Y102.859 E.29842
G1 X111.213 Y103.394 E.32037
G1 X111.329 Y103.943 E.3424
G1 X111.418 Y104.989 E.38362
G1 X111.362 Y105.849 E.41746
G1 X111.267 Y106.39 E.43903
G1 X111.123 Y106.931 E.46101
G1 X110.936 Y107.448 E.4826
G1 X110.562 Y108.212 E.516
G1 X110.092 Y108.921 E.5494
G1 X109.741 Y109.343 E.57095
G1 X109.354 Y109.733 E.59252
G1 X108.685 Y110.276 E.62635
G1 X108.223 Y110.574 E.64794
G1 X107.728 Y110.836 E.66993
G1 X107.212 Y111.054 E.69192
G1 X106.679 Y111.226 E.71391
G1 X106.133 Y111.352 E.73591
G1 X105.578 Y111.43 E.75792
G1 X105.059 Y111.458 E.77833
G1 X104.179 Y111.411 E.81293
G1 X103.344 Y111.254 E.84629
G1 X102.819 Y111.095 E.86783
G1 X102.309 Y110.891 E.8894
G1 X101.548 Y110.486 E.92325
G1 X101.103 Y110.183 E.94439
G1 X100.469 Y109.643 E.97709
G1 X100.07 Y109.223 E.99984
G1 X99.73 Y108.793 E1.02136
G1 X99.277 Y108.072 E1.05479
G1 X98.933 Y107.326 E1.08705
G1 X98.752 Y106.788 E1.10934
G1 X98.581 Y106.001 E1.14096
G1 X98.581 Y103.988 E1.22
G1 X98.677 Y103.492 E1.23984
G1 X98.831 Y102.953 E1.26185
G1 X99.032 Y102.43 E1.28385
G1 X99.272 Y101.935 E1.30545
G1 X99.714 Y101.23 E1.33812
G1 X100.072 Y100.775 E1.36085
G1 X100.455 Y100.368 E1.38279
G1 X100.874 Y99.996 E1.40479
G1 X101.323 Y99.661 E1.42679
G1 X101.799 Y99.366 E1.44878
G1 X102.299 Y99.113 E1.47078
G1 X102.819 Y98.905 E1.49277
G1 X103.355 Y98.742 E1.51477
G1 X103.903 Y98.627 E1.53676
G1 X104.449 Y98.561 E1.55835
G1 X105.257 Y98.55 E1.59008
G1 X105.329 Y98.145 F7800
G1 F884.349
G1 X105.914 Y98.2 E1.61315
G1 X106.499 Y98.308 E1.63651
G1 X107.073 Y98.466 E1.65989
G1 X107.598 Y98.661 E1.68188
G1 X108.436 Y99.078 E1.71863
G1 X108.93 Y99.397 E1.74172
G1 X109.395 Y99.758 E1.76483
G1 X109.978 Y100.322 E1.79668
G1 X110.302 Y100.696 E1.81611
G1 X110.643 Y101.173 E1.83913
G1 X110.948 Y101.649 E1.86133
G1 X111.22 Y102.187 E1.885
G1 X111.439 Y102.737 E1.90824
G1 X111.611 Y103.307 E1.93162
G1 X111.733 Y103.89 E1.95501
G1 X111.803 Y104.481 E1.97838
G1 X111.826 Y104.994 E1.99854
G1 X111.767 Y105.898 E2.03411
G1 X111.665 Y106.478 E2.05723
G1 X111.512 Y107.053 E2.08059
G1 X111.311 Y107.607 E2.10373
G1 X110.916 Y108.415 E2.13904
G1 X110.419 Y109.164 E2.17433
G1 X110.042 Y109.617 E2.19747
G1 X109.628 Y110.036 E2.2206
G1 X108.924 Y110.606 E2.25617
G1 X108.429 Y110.926 E2.27931
G1 X107.903 Y111.204 E2.30267
G1 X107.354 Y111.436 E2.32607
G1 X106.788 Y111.619 E2.34943
G1 X106.207 Y111.753 E2.37284
G1 X105.617 Y111.836 E2.39623
G1 X105.059 Y111.866 E2.41817
G1 X104.13 Y111.816 E2.4547
G1 X103.248 Y111.65 E2.48994
G1 X102.684 Y111.48 E2.51307
M73 P15 R9
M73 Q15 S9
G1 X102.137 Y111.261 E2.53621
G1 X101.338 Y110.835 E2.57176
G1 X100.856 Y110.507 E2.59465
G1 X100.188 Y109.939 E2.62908
G1 X99.762 Y109.49 E2.65338
G1 X99.397 Y109.029 E2.67647
G1 X98.919 Y108.267 E2.71179
G1 X98.554 Y107.477 E2.74596
G1 X98.359 Y106.896 E2.77002
G1 X98.174 Y106.045 E2.80421
G1 X98.174 Y103.948 E2.88655
G1 X98.281 Y103.397 E2.90859
G1 X98.445 Y102.824 E2.93199
G1 X98.658 Y102.268 E2.95537
G1 X98.916 Y101.738 E2.97851
G1 X99.381 Y100.995 E3.01293
G1 X99.763 Y100.509 E3.0372
G1 X100.171 Y100.076 E3.06056
G1 X100.616 Y99.68 E3.08395
G1 X101.093 Y99.324 E3.10732
G1 X101.6 Y99.01 E3.13074
G1 X102.131 Y98.742 E3.15409
G1 X102.684 Y98.52 E3.17749
G1 X103.254 Y98.348 E3.20087
G1 X103.837 Y98.225 E3.22427
G1 X104.422 Y98.154 E3.24741
G1 X105.269 Y98.142 E3.28067
G1 X105.342 Y97.737 F7800
;TYPE:External perimeter
G1 F884.349
G1 X105.97 Y97.796 E3.30544
G1 X106.59 Y97.911 E3.3302
G1 X107.199 Y98.079 E3.35501
G1 X107.76 Y98.287 E3.3785
G1 X108.637 Y98.724 E3.41697
G1 X109.165 Y99.065 E3.44165
G1 X109.662 Y99.45 E3.46633
G1 X110.345 Y100.111 E3.50365
G1 X110.672 Y100.504 E3.52372
G1 X111.309 Y101.461 E3.56886
G1 X111.597 Y102.032 E3.59397
G1 X111.828 Y102.615 E3.61859
G1 X112.029 Y103.314 E3.64715
G1 X112.136 Y103.837 E3.66811
G1 X112.21 Y104.463 E3.69286
G1 X112.233 Y104.998 E3.71389
G1 X112.171 Y105.946 E3.75119
G1 X112.063 Y106.565 E3.77586
G1 X111.901 Y107.175 E3.80064
G1 X111.687 Y107.766 E3.82532
G1 X111.27 Y108.618 E3.86257
G1 X110.746 Y109.408 E3.89979
G1 X110.344 Y109.891 E3.92446
G1 X109.901 Y110.338 E3.94917
G1 X109.163 Y110.936 E3.98647
G1 X108.635 Y111.277 E4.01115
G1 X108.078 Y111.572 E4.0359
G1 X107.496 Y111.818 E4.06071
G1 X106.896 Y112.012 E4.08547
G1 X106.282 Y112.153 E4.11021
G1 X105.657 Y112.241 E4.13499
G1 X105.059 Y112.273 E4.1585
G1 X104.082 Y112.222 E4.19691
G1 X103.151 Y112.046 E4.23411
G1 X102.549 Y111.864 E4.2588
G1 X101.965 Y111.63 E4.2835
G1 X101.127 Y111.184 E4.32077
G1 X100.609 Y110.831 E4.34538
G1 X99.908 Y110.235 E4.38151
G1 X99.454 Y109.757 E4.40739
G1 X99.064 Y109.264 E4.43207
G1 X98.56 Y108.461 E4.4693
G1 X98.176 Y107.628 E4.50532
G1 X97.966 Y107.005 E4.53113
G1 X97.766 Y106.089 E4.56794
G1 X97.766 Y103.909 E4.65354
G1 X97.885 Y103.302 E4.67783
G1 X98.058 Y102.695 E4.70261
G1 X98.284 Y102.106 E4.72738
G1 X98.559 Y101.54 E4.75209
G1 X99.047 Y100.761 E4.78818
G1 X99.455 Y100.243 E4.81407
G1 X99.887 Y99.784 E4.83882
G1 X100.358 Y99.364 E4.8636
G1 X100.864 Y98.987 E4.88838
G1 X101.4 Y98.655 E4.91314
G1 X101.963 Y98.37 E4.93792
G1 X102.549 Y98.136 E4.9627
G1 X103.153 Y97.953 E4.98748
G1 X103.77 Y97.823 E5.01224
G1 X104.394 Y97.747 E5.03692
G1 X105.282 Y97.735 E5.07179
G1 X105.68 Y97.769 F7800
;LAYER_CHANGE
;Z:1.35
;HEIGHT:0.2
G92 E0
G1 Z1.35 F7800
G1 X107.628 Y102.33
;TYPE:Perimeter
G1 F884.349
G1 X107.723 Y102.417 E.00506
G1 X108.08 Y102.86 E.0274
G1 X108.42 Y103.466 E.05468
G1 X108.599 Y103.955 E.07513
G1 X108.721 Y104.732 E.10601
G1 X108.739 Y105.133 E.12177
G1 X108.644 Y105.85 E.15017
G1 X108.464 Y106.376 E.172
G1 X108.243 Y106.89 E.19397
G1 X107.942 Y107.297 E.21385
G1 X107.583 Y107.73 E.23594
G1 X107.19 Y108.06 E.25609
G1 X106.51 Y108.452 E.28691
G1 X105.968 Y108.636 E.30938
G1 X105.528 Y108.743 E.32716
G1 X104.968 Y108.789 E.34922
G1 X104.432 Y108.752 E.37032
G1 X103.635 Y108.544 E.40266
G1 X103.137 Y108.321 E.42408
G1 X102.304 Y107.703 E.46481
G1 X101.868 Y107.179 E.49158
G1 X101.497 Y106.534 E.5208
G1 X101.334 Y106.051 E.54082
G1 X101.218 Y105.587 E.5596
G1 X101.169 Y105 E.58273
G1 X101.218 Y104.421 E.60555
G1 X101.403 Y103.722 E.63394
G1 X101.506 Y103.45 E.64536
G1 X101.796 Y102.921 E.66905
G1 X102.115 Y102.51 E.68948
G1 X102.361 Y102.247 E.70362
G1 X102.832 Y101.869 E.72733
G1 X103.428 Y101.537 E.75412
G1 X104.052 Y101.324 E.78001
G1 X104.689 Y101.233 E.80528
G1 X105.109 Y101.221 E.82178
G1 X105.625 Y101.27 E.84213
G1 X106.114 Y101.392 E.86192
G1 X106.877 Y101.74 E.89485
G1 X107.408 Y102.128 E.92067
G1 X107.584 Y102.29 E.93006
G1 X107.343 Y102.616 F7800
G1 F884.349
G1 X107.406 Y102.673 E.9334
G1 X107.764 Y103.116 E.95576
G1 X108.06 Y103.655 E.9799
G1 X108.232 Y104.151 E1.00051
G1 X108.318 Y104.786 E1.02567
G1 X108.335 Y105.08 E1.03723
G1 X108.241 Y105.797 E1.06562
G1 X107.923 Y106.619 E1.10023
G1 X107.619 Y107.049 E1.12091
G1 X107.311 Y107.428 E1.14009
M73 P16 R9
M73 Q16 S9
G1 X106.899 Y107.77 E1.16111
G1 X106.314 Y108.095 E1.18739
G1 X105.61 Y108.316 E1.21636
G1 X105.072 Y108.375 E1.23761
G1 X104.557 Y108.357 E1.25784
G1 X103.74 Y108.15 E1.29093
G1 X103.253 Y107.919 E1.31209
G1 X102.629 Y107.446 E1.34283
G1 X102.185 Y106.923 E1.36977
G1 X101.857 Y106.345 E1.39586
G1 X101.646 Y105.667 E1.42374
G1 X101.579 Y105.055 E1.44791
G1 X101.615 Y104.514 E1.4692
G1 X101.796 Y103.826 E1.49713
G1 X102.153 Y103.116 E1.52833
G1 X102.531 Y102.648 E1.55195
G1 X103.087 Y102.186 E1.58033
G1 X103.616 Y101.898 E1.60398
G1 X104.175 Y101.712 E1.62711
G1 X104.734 Y101.638 E1.64925
G1 X105.075 Y101.627 E1.66265
G1 X105.585 Y101.677 E1.68277
G1 X106.156 Y101.853 E1.70623
G1 X106.705 Y102.109 E1.73001
G1 X107.153 Y102.446 E1.75202
G1 X107.298 Y102.576 E1.75967
G1 X107.06 Y102.899 F7800
;TYPE:External perimeter
G1 F884.349
G1 X107.447 Y103.371 E1.78364
G1 X107.699 Y103.845 E1.80472
G1 X107.837 Y104.256 E1.82174
G1 X107.932 Y104.973 E1.85014
G1 X107.837 Y105.744 E1.88064
G1 X107.547 Y106.463 E1.91108
G1 X107.08 Y107.084 E1.94159
G1 X106.679 Y107.426 E1.96228
G1 X106.118 Y107.738 E1.98748
G1 X105.497 Y107.925 E2.01294
G1 X104.976 Y107.974 E2.03349
G1 X104.519 Y107.938 E2.05149
G1 X103.844 Y107.757 E2.07893
G1 X103.462 Y107.569 E2.09565
G1 X102.876 Y107.122 E2.12459
G1 X102.502 Y106.668 E2.14769
G1 X102.218 Y106.156 E2.17068
G1 X102.037 Y105.552 E2.19544
G1 X101.984 Y105.019 E2.21647
G1 X102.012 Y104.601 E2.23292
G1 X102.201 Y103.888 E2.26188
G1 X102.51 Y103.312 E2.28755
G1 X102.843 Y102.91 E2.30805
G1 X103.342 Y102.504 E2.33331
G1 X103.804 Y102.259 E2.35384
G1 X104.297 Y102.1 E2.37418
G1 X104.922 Y102.027 E2.39889
G1 X105.457 Y102.068 E2.41996
G1 X105.984 Y102.222 E2.44152
G1 X106.533 Y102.478 E2.4653
G1 X107.016 Y102.858 E2.48943
G1 X107.275 Y103.163 F7800
G92 E0
G1 X105.316 Y98.556
;TYPE:Perimeter
G1 F884.349
G1 X105.345 Y98.556 E.00114
G1 X105.918 Y98.614 E.02375
G1 X106.464 Y98.72 E.04559
G1 X107.002 Y98.874 E.06756
G1 X107.493 Y99.064 E.08823
G1 X108.297 Y99.473 E.12365
G1 X108.742 Y99.767 E.14459
G1 X109.316 Y100.248 E.17399
G1 X109.794 Y100.721 E.20039
G1 X110.217 Y101.258 E.22723
G1 X110.535 Y101.768 E.25083
G1 X110.853 Y102.366 E.27742
G1 X111.051 Y102.859 E.29828
G1 X111.213 Y103.394 E.32023
G1 X111.329 Y103.943 E.34226
G1 X111.418 Y104.989 E.38348
G1 X111.362 Y105.849 E.41732
G1 X111.267 Y106.39 E.43889
G1 X111.123 Y106.932 E.46091
G1 X110.949 Y107.414 E.48103
G1 X110.561 Y108.213 E.51591
G1 X110.092 Y108.921 E.54926
G1 X109.741 Y109.343 E.57081
G1 X109.354 Y109.733 E.59238
G1 X108.685 Y110.276 E.62621
G1 X108.223 Y110.574 E.6478
G1 X107.728 Y110.836 E.66979
G1 X107.212 Y111.054 E.69178
G1 X106.689 Y111.223 E.71336
G1 X105.881 Y111.392 E.74577
G1 X105.297 Y111.451 E.76882
G1 X104.739 Y111.456 E.79073
G1 X104.18 Y111.413 E.81274
G1 X103.674 Y111.33 E.83287
G1 X102.807 Y111.091 E.86818
G1 X102.299 Y110.887 E.88967
G1 X101.809 Y110.639 E.91123
G1 X101.094 Y110.175 E.9447
G1 X100.474 Y109.648 E.97665
G1 X100.07 Y109.223 E.99967
G1 X99.73 Y108.793 E1.02119
G1 X99.277 Y108.072 E1.05462
G1 X98.936 Y107.333 E1.08658
G1 X98.751 Y106.788 E1.10918
G1 X98.581 Y106.001 E1.14079
G1 X98.581 Y103.988 E1.21983
G1 X98.693 Y103.436 E1.24195
G1 X98.868 Y102.858 E1.26566
G1 X99.132 Y102.224 E1.29263
G1 X99.499 Y101.573 E1.32197
G1 X99.79 Y101.134 E1.34265
G1 X100.114 Y100.73 E1.36298
G1 X100.499 Y100.33 E1.38478
G1 X100.92 Y99.961 E1.40676
G1 X101.372 Y99.63 E1.42876
G1 X101.851 Y99.339 E1.45077
G1 X102.353 Y99.091 E1.47275
G1 X102.875 Y98.888 E1.49474
G1 X103.412 Y98.73 E1.51672
G1 X103.961 Y98.62 E1.5387
G1 X104.665 Y98.558 E1.56645
G1 X105.256 Y98.556 E1.58966
G1 X105.329 Y98.145 F7800
G1 F884.349
G1 X105.915 Y98.2 E1.61277
G1 X106.499 Y98.308 E1.63609
G1 X107.073 Y98.466 E1.65947
G1 X107.591 Y98.658 E1.68116
G1 X108.436 Y99.078 E1.71821
G1 X108.866 Y99.356 E1.73831
G1 X109.32 Y99.7 E1.76068
G1 X110.107 Y100.461 E1.80367
G1 X110.551 Y101.025 E1.83185
G1 X110.891 Y101.572 E1.85714
G1 X111.23 Y102.211 E1.88554
G1 X111.439 Y102.737 E1.90776
G1 X111.611 Y103.307 E1.93114
G1 X111.733 Y103.89 E1.95453
G1 X111.803 Y104.481 E1.9779
G1 X111.826 Y104.994 E1.99806
G1 X111.767 Y105.898 E2.03363
G1 X111.665 Y106.478 E2.05675
G1 X111.512 Y107.054 E2.08015
G1 X111.325 Y107.572 E2.10177
G1 X110.915 Y108.416 E2.13861
G1 X110.419 Y109.164 E2.17385
G1 X110.042 Y109.617 E2.19699
G1 X109.628 Y110.036 E2.22012
G1 X108.924 Y110.606 E2.25569
G1 X108.429 Y110.926 E2.27883
G1 X107.903 Y111.204 E2.30219
G1 X107.354 Y111.436 E2.32559
G1 X106.793 Y111.617 E2.34874
G1 X105.943 Y111.795 E2.38284
G1 X105.32 Y111.858 E2.40743
G1 X104.725 Y111.863 E2.43079
M73 P17 R9
M73 Q17 S9
G1 X104.131 Y111.817 E2.45418
G1 X103.587 Y111.728 E2.47582
G1 X102.677 Y111.477 E2.51289
G1 X102.131 Y111.258 E2.53599
G1 X101.605 Y110.993 E2.55912
G1 X100.851 Y110.502 E2.59445
G1 X100.194 Y109.944 E2.6283
G1 X99.762 Y109.49 E2.65291
G1 X99.397 Y109.029 E2.676
G1 X98.919 Y108.267 E2.71132
G1 X98.557 Y107.484 E2.74519
G1 X98.359 Y106.896 E2.76955
G1 X98.174 Y106.045 E2.80374
G1 X98.174 Y103.948 E2.88608
G1 X98.281 Y103.397 E2.90812
G1 X98.445 Y102.824 E2.93152
G1 X98.658 Y102.268 E2.9549
G1 X98.916 Y101.738 E2.97804
G1 X99.376 Y101.002 E3.01212
G1 X99.764 Y100.509 E3.03675
G1 X100.171 Y100.076 E3.06008
G1 X100.616 Y99.68 E3.08347
G1 X101.093 Y99.324 E3.10684
G1 X101.6 Y99.01 E3.13026
G1 X102.131 Y98.742 E3.15361
G1 X102.684 Y98.52 E3.17701
G1 X103.254 Y98.348 E3.20039
G1 X103.837 Y98.225 E3.22379
G1 X104.422 Y98.154 E3.24693
G1 X105.269 Y98.142 E3.28019
G1 X105.342 Y97.738 F7800
;TYPE:External perimeter
G1 F884.349
G1 X105.97 Y97.796 E3.30495
G1 X106.59 Y97.911 E3.32971
G1 X107.199 Y98.079 E3.35452
G1 X107.752 Y98.284 E3.37768
G1 X108.637 Y98.724 E3.41649
G1 X109.165 Y99.065 E3.44117
G1 X109.662 Y99.45 E3.46585
G1 X110.42 Y100.201 E3.50775
G1 X110.979 Y100.927 E3.54373
G1 X111.248 Y101.376 E3.56428
G1 X111.606 Y102.056 E3.59445
G1 X111.828 Y102.615 E3.61807
G1 X112.029 Y103.314 E3.64663
G1 X112.136 Y103.837 E3.66759
G1 X112.21 Y104.463 E3.69234
G1 X112.233 Y104.998 E3.71337
G1 X112.171 Y105.946 E3.75067
G1 X112.063 Y106.565 E3.77534
G1 X111.901 Y107.175 E3.80012
G1 X111.7 Y107.731 E3.82333
G1 X111.27 Y108.618 E3.86203
G1 X110.746 Y109.408 E3.89925
G1 X110.344 Y109.891 E3.92392
G1 X109.901 Y110.338 E3.94863
G1 X109.163 Y110.936 E3.98593
G1 X108.635 Y111.277 E4.01061
G1 X108.078 Y111.572 E4.03536
G1 X107.496 Y111.818 E4.06017
G1 X106.898 Y112.011 E4.08484
G1 X106.005 Y112.198 E4.12066
G1 X105.342 Y112.265 E4.14682
G1 X104.711 Y112.271 E4.1716
G1 X104.082 Y112.222 E4.19637
G1 X103.499 Y112.126 E4.21957
G1 X102.547 Y111.863 E4.25835
G1 X101.963 Y111.63 E4.28304
G1 X101.402 Y111.346 E4.30773
G1 X100.607 Y110.829 E4.34497
G1 X99.914 Y110.24 E4.38068
G1 X99.454 Y109.757 E4.40687
G1 X99.064 Y109.264 E4.43155
G1 X98.56 Y108.461 E4.46878
G1 X98.179 Y107.635 E4.5045
G1 X97.966 Y107.005 E4.53061
G1 X97.766 Y106.089 E4.56742
G1 X97.766 Y103.909 E4.65302
G1 X97.885 Y103.302 E4.67731
G1 X98.058 Y102.695 E4.70209
G1 X98.284 Y102.106 E4.72686
G1 X98.559 Y101.54 E4.75157
G1 X99.043 Y100.767 E4.78738
G1 X99.455 Y100.243 E4.81355
G1 X99.887 Y99.784 E4.8383
G1 X100.358 Y99.364 E4.86308
G1 X100.864 Y98.987 E4.88786
G1 X101.4 Y98.655 E4.91262
G1 X101.963 Y98.37 E4.9374
G1 X102.549 Y98.136 E4.96218
G1 X103.153 Y97.953 E4.98696
G1 X103.77 Y97.823 E5.01172
G1 X104.395 Y97.747 E5.03644
G1 X105.282 Y97.735 E5.07127
G1 X105.68 Y97.769 F7800
;LAYER_CHANGE
;Z:1.55
;HEIGHT:0.2
G92 E0
G1 Z1.55 F7800
G1 X107.628 Y102.33
;TYPE:Perimeter
G1 F884.349
G1 X107.724 Y102.418 E.00511
G1 X108.079 Y102.858 E.02731
G1 X108.42 Y103.466 E.05468
G1 X108.599 Y103.955 E.07513
G1 X108.721 Y104.732 E.10601
G1 X108.739 Y105.133 E.12177
G1 X108.644 Y105.851 E.15021
G1 X108.452 Y106.406 E.17327
G1 X108.244 Y106.889 E.19392
G1 X107.942 Y107.297 E.21385
G1 X107.583 Y107.73 E.23594
G1 X107.19 Y108.06 E.25609
G1 X106.51 Y108.452 E.28691
G1 X105.967 Y108.636 E.30942
G1 X105.528 Y108.743 E.32716
G1 X104.968 Y108.789 E.34922
G1 X104.428 Y108.75 E.37048
G1 X103.639 Y108.545 E.40249
G1 X102.919 Y108.184 E.43411
G1 X102.345 Y107.739 E.46263
G1 X101.909 Y107.244 E.48853
G1 X101.635 Y106.786 E.50949
G1 X101.422 Y106.348 E.52861
G1 X101.256 Y105.785 E.55166
G1 X101.174 Y105.093 E.57902
G1 X101.237 Y104.309 E.6099
G1 X101.383 Y103.776 E.6316
G1 X101.495 Y103.469 E.64443
G1 X101.758 Y102.972 E.66651
G1 X102.136 Y102.489 E.69059
G1 X102.362 Y102.247 E.70359
G1 X102.833 Y101.869 E.7273
G1 X103.428 Y101.537 E.75405
G1 X104.052 Y101.324 E.77994
G1 X104.69 Y101.233 E.80524
G1 X105.104 Y101.221 E.8215
G1 X105.625 Y101.27 E.84205
G1 X106.13 Y101.398 E.86251
G1 X106.874 Y101.738 E.89463
G1 X107.408 Y102.128 E.92059
G1 X107.584 Y102.29 E.92998
G1 X107.343 Y102.616 F7800
G1 F884.349
G1 X107.407 Y102.673 E.93335
G1 X107.762 Y103.113 E.95555
G1 X108.06 Y103.655 E.97984
G1 X108.232 Y104.151 E1.00045
G1 X108.318 Y104.786 E1.02561
G1 X108.335 Y105.08 E1.03717
G1 X108.241 Y105.797 E1.06556
G1 X107.923 Y106.619 E1.10017
M73 P18 R9
M73 Q18 S9
G1 X107.619 Y107.049 E1.12085
G1 X107.311 Y107.428 E1.14003
G1 X106.899 Y107.77 E1.16105
G1 X106.314 Y108.095 E1.18733
G1 X105.61 Y108.316 E1.2163
G1 X105.071 Y108.375 E1.23759
G1 X104.567 Y108.358 E1.25739
G1 X103.742 Y108.151 E1.29079
G1 X103.115 Y107.828 E1.31848
G1 X102.606 Y107.428 E1.3439
G1 X102.221 Y106.982 E1.36703
G1 X101.863 Y106.354 E1.39541
G1 X101.647 Y105.67 E1.42357
G1 X101.579 Y105.056 E1.44783
G1 X101.642 Y104.352 E1.47558
G1 X101.815 Y103.758 E1.49987
G1 X102.079 Y103.229 E1.52308
G1 X102.454 Y102.744 E1.54715
G1 X102.819 Y102.402 E1.56679
G1 X103.148 Y102.143 E1.58323
G1 X103.616 Y101.898 E1.60397
G1 X104.175 Y101.712 E1.6271
G1 X104.735 Y101.638 E1.64928
G1 X105.07 Y101.627 E1.66244
G1 X105.583 Y101.677 E1.68268
G1 X106.031 Y101.798 E1.7009
G1 X106.703 Y102.108 E1.72996
G1 X107.153 Y102.446 E1.75206
G1 X107.298 Y102.576 E1.75971
G1 X107.06 Y102.899 F7800
;TYPE:External perimeter
G1 F884.349
G1 X107.445 Y103.369 E1.78357
G1 X107.699 Y103.844 E1.80472
G1 X107.837 Y104.256 E1.82178
G1 X107.932 Y104.973 E1.85018
G1 X107.837 Y105.744 E1.88068
G1 X107.547 Y106.463 E1.91112
G1 X107.08 Y107.084 E1.94163
G1 X106.679 Y107.426 E1.96232
G1 X106.118 Y107.738 E1.98752
G1 X105.497 Y107.925 E2.01298
G1 X104.977 Y107.974 E2.03349
G1 X104.562 Y107.946 E2.04982
G1 X103.843 Y107.757 E2.07901
G1 X103.311 Y107.471 E2.10273
G1 X102.868 Y107.116 E2.12502
G1 X102.532 Y106.721 E2.14538
G1 X102.22 Y106.158 E2.17065
G1 X102.037 Y105.555 E2.19539
G1 X101.984 Y105.019 E2.21654
G1 X102.047 Y104.395 E2.24117
G1 X102.204 Y103.879 E2.26235
G1 X102.44 Y103.417 E2.28272
G1 X102.771 Y102.999 E2.30366
G1 X103.342 Y102.504 E2.33333
G1 X103.806 Y102.258 E2.35395
G1 X104.297 Y102.1 E2.3742
G1 X104.919 Y102.027 E2.39879
G1 X105.456 Y102.068 E2.41994
G1 X105.86 Y102.167 E2.43627
G1 X106.533 Y102.478 E2.46538
G1 X107.016 Y102.858 E2.48951
G1 X107.275 Y103.163 F7800
G92 E0
G1 X105.316 Y98.555
;TYPE:Perimeter
G1 F884.349
G1 X105.338 Y98.555 E.00086
G1 X105.919 Y98.614 E.02379
G1 X106.464 Y98.72 E.04559
G1 X107.061 Y98.896 E.07003
G1 X107.528 Y99.078 E.08971
G1 X108.294 Y99.471 E.12351
G1 X108.742 Y99.767 E.14459
G1 X109.316 Y100.248 E.17399
G1 X109.794 Y100.721 E.20039
G1 X110.215 Y101.254 E.22706
G1 X110.532 Y101.763 E.2506
G1 X110.854 Y102.367 E.27748
G1 X111.051 Y102.859 E.29829
G1 X111.213 Y103.394 E.32024
G1 X111.329 Y103.943 E.34227
G1 X111.418 Y104.989 E.38349
G1 X111.362 Y105.849 E.41733
G1 X111.267 Y106.39 E.4389
G1 X111.123 Y106.931 E.46088
G1 X110.936 Y107.448 E.48247
G1 X110.562 Y108.212 E.51587
G1 X110.092 Y108.921 E.54927
G1 X109.741 Y109.343 E.57082
G1 X109.354 Y109.733 E.59239
G1 X108.685 Y110.276 E.62622
G1 X108.223 Y110.574 E.64781
G1 X107.728 Y110.836 E.6698
G1 X107.212 Y111.054 E.69179
G1 X106.688 Y111.223 E.71341
G1 X105.889 Y111.391 E.74547
G1 X105.297 Y111.451 E.76883
G1 X104.739 Y111.456 E.79074
G1 X104.19 Y111.414 E.81236
G1 X103.387 Y111.264 E.84443
G1 X102.817 Y111.094 E.86778
G1 X102.308 Y110.891 E.8893
G1 X101.586 Y110.508 E.92139
G1 X101.102 Y110.181 E.94432
G1 X100.448 Y109.624 E.97805
G1 X100.071 Y109.224 E.99963
G1 X99.73 Y108.793 E1.02121
G1 X99.277 Y108.072 E1.05464
G1 X98.939 Y107.34 E1.0863
G1 X98.751 Y106.787 E1.10923
G1 X98.581 Y106.001 E1.14081
G1 X98.581 Y104.754 E1.18977
G1 X98.605 Y103.861 E1.22485
G1 X98.718 Y103.35 E1.2454
G1 X98.904 Y102.763 E1.26958
G1 X99.11 Y102.269 E1.2906
G1 X99.407 Y101.72 E1.31511
G1 X99.75 Y101.186 E1.34003
G1 X100.115 Y100.73 E1.36296
G1 X100.499 Y100.33 E1.38473
G1 X100.92 Y99.961 E1.40671
G1 X101.372 Y99.63 E1.42871
G1 X101.851 Y99.339 E1.45072
G1 X102.353 Y99.091 E1.4727
G1 X102.875 Y98.888 E1.49469
G1 X103.412 Y98.73 E1.51667
G1 X103.961 Y98.62 E1.53865
G1 X104.66 Y98.558 E1.5662
G1 X105.256 Y98.556 E1.5896
G1 X105.329 Y98.146 F7800
G1 F884.349
G1 X105.915 Y98.2 E1.61271
G1 X106.499 Y98.308 E1.63603
G1 X107.073 Y98.466 E1.65941
G1 X107.625 Y98.672 E1.68254
G1 X108.435 Y99.078 E1.71812
G1 X108.866 Y99.356 E1.73826
G1 X109.32 Y99.7 E1.76063
G1 X110.107 Y100.461 E1.80362
G1 X110.549 Y101.021 E1.83163
G1 X110.888 Y101.567 E1.85686
G1 X111.23 Y102.212 E1.88553
G1 X111.439 Y102.737 E1.90772
G1 X111.611 Y103.307 E1.9311
G1 X111.733 Y103.89 E1.95449
G1 X111.803 Y104.481 E1.97786
G1 X111.826 Y104.994 E1.99802
G1 X111.767 Y105.898 E2.03359
G1 X111.665 Y106.478 E2.05671
G1 X111.512 Y107.053 E2.08007
G1 X111.311 Y107.607 E2.10321
G1 X110.916 Y108.415 E2.13852
G1 X110.419 Y109.164 E2.17381
G1 X110.042 Y109.617 E2.19695
G1 X109.628 Y110.036 E2.22008
G1 X108.924 Y110.606 E2.25565
G1 X108.429 Y110.926 E2.27879
G1 X107.903 Y111.204 E2.30215
G1 X107.354 Y111.436 E2.32555
G1 X106.793 Y111.617 E2.3487
M73 P19 R9
M73 Q19 S9
G1 X105.951 Y111.794 E2.38248
G1 X105.319 Y111.858 E2.40742
G1 X104.725 Y111.863 E2.43074
G1 X104.137 Y111.818 E2.4539
G1 X103.291 Y111.661 E2.48768
G1 X102.683 Y111.479 E2.5126
G1 X102.136 Y111.26 E2.53574
G1 X101.376 Y110.858 E2.5695
G1 X100.855 Y110.506 E2.59419
G1 X100.167 Y109.919 E2.6297
G1 X99.763 Y109.491 E2.65281
G1 X99.397 Y109.029 E2.67595
G1 X98.919 Y108.266 E2.7113
G1 X98.56 Y107.491 E2.74484
G1 X98.358 Y106.896 E2.76951
G1 X98.174 Y106.045 E2.8037
M73 P19 R8
G1 X98.174 Y103.948 E2.88604
G1 X98.281 Y103.397 E2.90808
G1 X98.445 Y102.824 E2.93148
G1 X98.658 Y102.268 E2.95486
G1 X98.916 Y101.738 E2.978
G1 X99.372 Y101.008 E3.0118
G1 X99.764 Y100.508 E3.03675
G1 X100.171 Y100.076 E3.06005
G1 X100.616 Y99.68 E3.08344
G1 X101.093 Y99.324 E3.10681
G1 X101.6 Y99.01 E3.13023
G1 X102.131 Y98.742 E3.15358
G1 X102.684 Y98.52 E3.17698
G1 X103.254 Y98.348 E3.20036
G1 X103.837 Y98.225 E3.22376
G1 X104.422 Y98.154 E3.2469
G1 X105.269 Y98.142 E3.28016
G1 X105.342 Y97.738 F7800
;TYPE:External perimeter
G1 F884.349
G1 X105.971 Y97.796 E3.30496
G1 X106.59 Y97.911 E3.32968
G1 X107.198 Y98.079 E3.35445
G1 X107.788 Y98.298 E3.37916
G1 X108.637 Y98.724 E3.41646
G1 X109.165 Y99.065 E3.44114
G1 X109.662 Y99.45 E3.46582
G1 X110.42 Y100.201 E3.50772
G1 X110.977 Y100.923 E3.54352
G1 X111.245 Y101.371 E3.56402
M73 Q19 S8
G1 X111.607 Y102.057 E3.59448
G1 X111.828 Y102.615 E3.61805
G1 X112.029 Y103.314 E3.64661
G1 X112.136 Y103.837 E3.66757
G1 X112.21 Y104.463 E3.69232
G1 X112.233 Y104.998 E3.71335
G1 X112.171 Y105.946 E3.75065
G1 X112.063 Y106.565 E3.77532
G1 X111.901 Y107.175 E3.8001
G1 X111.687 Y107.766 E3.82478
G1 X111.27 Y108.618 E3.86203
G1 X110.746 Y109.408 E3.89925
G1 X110.344 Y109.891 E3.92392
G1 X109.901 Y110.338 E3.94863
G1 X109.163 Y110.936 E3.98593
G1 X108.635 Y111.277 E4.01061
G1 X108.078 Y111.572 E4.03536
G1 X107.496 Y111.818 E4.06017
G1 X106.898 Y112.011 E4.08484
G1 X106.013 Y112.197 E4.12035
G1 X105.342 Y112.265 E4.14683
G1 X104.711 Y112.271 E4.17161
G1 X104.084 Y112.222 E4.1963
G1 X103.195 Y112.057 E4.2318
G1 X102.549 Y111.864 E4.25827
G1 X101.965 Y111.63 E4.28297
G1 X101.166 Y111.207 E4.31847
G1 X100.608 Y110.831 E4.34489
G1 X99.886 Y110.214 E4.38218
G1 X99.455 Y109.757 E4.40685
G1 X99.064 Y109.264 E4.43156
G1 X98.56 Y108.461 E4.46879
G1 X98.182 Y107.642 E4.50421
G1 X97.966 Y107.005 E4.53062
G1 X97.766 Y106.089 E4.56743
G1 X97.766 Y103.909 E4.65303
G1 X97.885 Y103.302 E4.67732
G1 X98.058 Y102.695 E4.7021
G1 X98.284 Y102.106 E4.72687
G1 X98.559 Y101.54 E4.75158
G1 X99.038 Y100.774 E4.78705
G1 X99.455 Y100.243 E4.81356
G1 X99.887 Y99.784 E4.83831
G1 X100.358 Y99.364 E4.86309
G1 X100.864 Y98.987 E4.88787
G1 X101.4 Y98.655 E4.91263
G1 X101.963 Y98.37 E4.93741
G1 X102.549 Y98.136 E4.96219
G1 X103.153 Y97.953 E4.98697
G1 X103.77 Y97.823 E5.01173
G1 X104.395 Y97.747 E5.03645
G1 X105.282 Y97.734 E5.07128
G1 X105.68 Y97.77 F7800
;LAYER_CHANGE
;Z:1.75
;HEIGHT:0.2
G92 E0
G1 Z1.75 F7800
G1 X107.621 Y102.337
;TYPE:Perimeter
G1 F884.349
G1 X107.877 Y102.593 E.01422
G1 X108.218 Y103.114 E.03867
G1 X108.46 Y103.552 E.05832
G1 X108.629 Y104.063 E.07945
G1 X108.721 Y104.732 E.10597
G1 X108.739 Y105.133 E.12173
G1 X108.644 Y105.85 E.15013
G1 X108.452 Y106.406 E.17323
G1 X108.244 Y106.889 E.19388
G1 X107.942 Y107.297 E.21381
G1 X107.575 Y107.737 E.23631
G1 X107.121 Y108.112 E.25943
G1 X106.509 Y108.453 E.28694
G1 X105.967 Y108.636 E.3094
G1 X105.528 Y108.743 E.32714
G1 X104.968 Y108.789 E.3492
G1 X104.412 Y108.748 E.37109
G1 X103.635 Y108.544 E.40263
G1 X102.885 Y108.166 E.43561
G1 X102.345 Y107.74 E.46262
G1 X101.867 Y107.178 E.49159
G1 X101.497 Y106.535 E.52072
G1 X101.312 Y105.999 E.54298
G1 X101.241 Y105.711 E.55463
G1 X101.175 Y105.111 E.57833
G1 X101.237 Y104.312 E.6098
G1 X101.383 Y103.776 E.63161
G1 X101.505 Y103.45 E.64528
G1 X101.796 Y102.921 E.66899
G1 X102.116 Y102.509 E.68947
G1 X102.361 Y102.247 E.70355
G1 X102.832 Y101.869 E.72726
G1 X103.428 Y101.537 E.75405
G1 X104.149 Y101.298 E.78387
G1 X104.691 Y101.233 E.8053
G1 X105.098 Y101.221 E.82129
G1 X105.625 Y101.27 E.84207
G1 X106.158 Y101.42 E.86381
G1 X106.528 Y101.558 E.87932
G1 X107.155 Y101.92 E.90775
G1 X107.365 Y102.082 E.91816
G1 X107.579 Y102.295 E.93002
G1 X107.328 Y102.63 F7800
G1 F884.349
G1 X107.525 Y102.817 E.94069
G1 X107.686 Y103.007 E.95047
G1 X108.048 Y103.634 E.9789
G1 X108.226 Y104.126 E.99944
M73 P20 R8
M73 Q20 S8
G1 X108.318 Y104.786 E1.02561
G1 X108.335 Y105.08 E1.03717
G1 X108.241 Y105.797 E1.06556
G1 X107.923 Y106.619 E1.10017
G1 X107.619 Y107.049 E1.12085
G1 X107.311 Y107.428 E1.14003
G1 X106.892 Y107.775 E1.16139
G1 X106.313 Y108.096 E1.18738
G1 X105.61 Y108.316 E1.2163
G1 X105.07 Y108.375 E1.23763
G1 X104.557 Y108.357 E1.25779
G1 X103.74 Y108.151 E1.29087
G1 X103.081 Y107.809 E1.32002
G1 X102.607 Y107.428 E1.3439
G1 X102.184 Y106.922 E1.3698
G1 X101.858 Y106.345 E1.39582
G1 X101.67 Y105.784 E1.41905
G1 X101.58 Y105.066 E1.44746
G1 X101.642 Y104.355 E1.47548
G1 X101.815 Y103.759 E1.49985
G1 X102.153 Y103.116 E1.52837
G1 X102.531 Y102.648 E1.55199
G1 X103.087 Y102.186 E1.58037
G1 X103.616 Y101.898 E1.60402
G1 X104.29 Y101.688 E1.63174
G1 X104.87 Y101.622 E1.65466
G1 X105.49 Y101.662 E1.67905
G1 X106.045 Y101.811 E1.70161
G1 X106.325 Y101.911 E1.71328
G1 X106.951 Y102.273 E1.74167
G1 X107.285 Y102.589 E1.75972
G1 X107.043 Y102.915 F7800
;TYPE:External perimeter
G1 F884.349
G1 X107.237 Y103.105 E1.77038
G1 X107.513 Y103.521 E1.78998
G1 X107.738 Y103.95 E1.809
G1 X107.856 Y104.399 E1.82723
G1 X107.932 Y104.973 E1.84996
G1 X107.837 Y105.744 E1.88046
G1 X107.547 Y106.463 E1.9109
G1 X107.08 Y107.084 E1.94141
G1 X106.679 Y107.426 E1.9621
G1 X106.117 Y107.739 E1.98736
G1 X105.497 Y107.925 E2.01278
G1 X104.976 Y107.974 E2.03333
G1 X104.544 Y107.944 E2.05033
G1 X103.843 Y107.757 E2.07882
G1 X103.277 Y107.452 E2.10407
G1 X102.868 Y107.116 E2.12485
G1 X102.5 Y106.667 E2.14764
G1 X102.218 Y106.155 E2.17059
G1 X102.059 Y105.661 E2.19097
G1 X101.985 Y105.022 E2.21623
G1 X102.046 Y104.398 E2.24085
G1 X102.203 Y103.88 E2.2621
G1 X102.51 Y103.312 E2.28745
G1 X102.843 Y102.91 E2.30795
G1 X103.342 Y102.504 E2.33321
G1 X103.804 Y102.259 E2.35374
G1 X104.363 Y102.089 E2.37668
G1 X104.916 Y102.027 E2.39853
G1 X105.456 Y102.068 E2.41979
G1 X106.076 Y102.244 E2.4451
G1 X106.748 Y102.625 E2.47543
G1 X107.001 Y102.873 E2.48934
G1 X107.269 Y103.169 F7800
G92 E0
G1 X105.316 Y98.554
;TYPE:Perimeter
G1 F884.349
G1 X105.859 Y98.603 E.02141
G1 X106.408 Y98.705 E.04334
G1 X106.948 Y98.854 E.06534
G1 X107.462 Y99.046 E.08688
G1 X108.233 Y99.432 E.12074
G1 X108.694 Y99.73 E.14229
G1 X109.128 Y100.067 E.16386
G1 X109.695 Y100.615 E.19482
G1 X109.989 Y100.956 E.2125
G1 X110.575 Y101.817 E.25339
G1 X110.845 Y102.344 E.27664
G1 X111.051 Y102.859 E.29842
G1 X111.213 Y103.394 E.32037
G1 X111.329 Y103.943 E.3424
G1 X111.418 Y104.989 E.38362
G1 X111.362 Y105.849 E.41746
G1 X111.267 Y106.39 E.43903
G1 X111.123 Y106.931 E.46101
G1 X110.936 Y107.448 E.4826
G1 X110.562 Y108.212 E.516
G1 X110.092 Y108.921 E.5494
G1 X109.741 Y109.343 E.57095
G1 X109.346 Y109.741 E.59297
G1 X108.926 Y110.097 E.61459
G1 X108.257 Y110.553 E.64638
G1 X107.726 Y110.837 E.67002
G1 X107.212 Y111.054 E.69193
G1 X106.688 Y111.224 E.71356
G1 X105.896 Y111.39 E.74533
G1 X105.297 Y111.451 E.76897
G1 X104.739 Y111.456 E.79088
G1 X104.19 Y111.414 E.8125
G1 X103.394 Y111.266 E.84429
G1 X102.816 Y111.094 E.86797
G1 X102.309 Y110.891 E.88941
G1 X101.548 Y110.486 E.92326
G1 X101.102 Y110.182 E.94445
G1 X100.485 Y109.658 E.97623
G1 X100.07 Y109.222 E.99986
G1 X99.73 Y108.793 E1.02135
G1 X99.426 Y108.308 E1.04383
G1 X99.111 Y107.713 E1.07026
G1 X98.891 Y107.197 E1.09229
G1 X98.71 Y106.622 E1.11596
G1 X98.581 Y106.02 E1.14013
G1 X98.581 Y103.988 E1.21992
G1 X98.677 Y103.492 E1.23976
G1 X98.831 Y102.953 E1.26177
G1 X99.032 Y102.43 E1.28377
G1 X99.273 Y101.935 E1.30539
G1 X99.701 Y101.248 E1.33717
G1 X100.073 Y100.774 E1.36083
G1 X100.455 Y100.368 E1.38272
G1 X100.874 Y99.996 E1.40472
G1 X101.323 Y99.661 E1.42672
G1 X101.799 Y99.366 E1.44871
G1 X102.299 Y99.113 E1.47071
G1 X102.819 Y98.905 E1.4927
G1 X103.355 Y98.742 E1.5147
G1 X103.903 Y98.627 E1.53669
G1 X104.45 Y98.561 E1.55832
G1 X105.257 Y98.549 E1.59001
G1 X105.329 Y98.146 F7800
G1 F884.349
G1 X105.915 Y98.2 E1.61312
G1 X106.499 Y98.308 E1.63644
G1 X107.073 Y98.466 E1.65982
G1 X107.625 Y98.672 E1.68295
G1 X108.435 Y99.078 E1.71853
G1 X108.93 Y99.397 E1.74165
G1 X109.395 Y99.758 E1.76476
G1 X109.978 Y100.322 E1.79661
G1 X110.302 Y100.696 E1.81604
G1 X110.642 Y101.171 E1.83898
G1 X110.936 Y101.628 E1.86032
G1 X111.221 Y102.19 E1.88506
G1 X111.439 Y102.737 E1.90818
G1 X111.611 Y103.307 E1.93156
G1 X111.733 Y103.89 E1.95495
G1 X111.803 Y104.481 E1.97832
G1 X111.826 Y104.994 E1.99848
G1 X111.767 Y105.898 E2.03405
G1 X111.665 Y106.478 E2.05717
G1 X111.512 Y107.053 E2.08053
G1 X111.311 Y107.607 E2.10367
G1 X110.916 Y108.415 E2.13898
G1 X110.419 Y109.164 E2.17427
G1 X110.042 Y109.617 E2.19741
G1 X109.623 Y110.04 E2.22079
G1 X109.173 Y110.422 E2.24397
G1 X108.468 Y110.901 E2.27744
M73 P21 R8
M73 Q21 S8
G1 X107.901 Y111.205 E2.3027
G1 X107.354 Y111.436 E2.32601
G1 X106.793 Y111.617 E2.34916
G1 X105.959 Y111.793 E2.38263
G1 X105.319 Y111.858 E2.40789
G1 X104.725 Y111.863 E2.43121
G1 X104.137 Y111.818 E2.45437
G1 X103.299 Y111.662 E2.48784
G1 X102.682 Y111.479 E2.51311
G1 X102.137 Y111.261 E2.53616
G1 X101.338 Y110.835 E2.57171
G1 X100.855 Y110.507 E2.59463
G1 X100.205 Y109.955 E2.62811
G1 X99.762 Y109.489 E2.65336
G1 X99.397 Y109.029 E2.67642
G1 X98.978 Y108.361 E2.70738
G1 X98.742 Y107.884 E2.72828
G1 X98.505 Y107.328 E2.75201
G1 X98.277 Y106.563 E2.78335
G1 X98.174 Y106.057 E2.80363
G1 X98.174 Y103.948 E2.88644
G1 X98.281 Y103.397 E2.90848
G1 X98.445 Y102.824 E2.93188
G1 X98.658 Y102.268 E2.95526
G1 X98.916 Y101.738 E2.9784
G1 X99.368 Y101.014 E3.01191
G1 X99.764 Y100.508 E3.03714
G1 X100.171 Y100.076 E3.06044
G1 X100.616 Y99.68 E3.08383
G1 X101.093 Y99.324 E3.1072
G1 X101.6 Y99.01 E3.13062
G1 X102.131 Y98.742 E3.15397
G1 X102.684 Y98.52 E3.17737
G1 X103.254 Y98.348 E3.20075
G1 X103.837 Y98.225 E3.22415
G1 X104.422 Y98.154 E3.24729
G1 X105.269 Y98.141 E3.28055
G1 X105.342 Y97.739 F7800
;TYPE:External perimeter
G1 F884.349
G1 X105.971 Y97.796 E3.30535
G1 X106.59 Y97.911 E3.33007
G1 X107.198 Y98.079 E3.35484
G1 X107.788 Y98.298 E3.37955
G1 X108.637 Y98.724 E3.41685
G1 X109.165 Y99.065 E3.44153
G1 X109.662 Y99.45 E3.46621
G1 X110.345 Y100.111 E3.50353
G1 X110.673 Y100.505 E3.52366
G1 X111.296 Y101.439 E3.56774
G1 X111.598 Y102.035 E3.59397
G1 X111.828 Y102.615 E3.61847
G1 X112.029 Y103.314 E3.64703
G1 X112.136 Y103.837 E3.66799
G1 X112.21 Y104.463 E3.69274
G1 X112.233 Y104.998 E3.71377
G1 X112.171 Y105.946 E3.75107
G1 X112.063 Y106.565 E3.77574
G1 X111.901 Y107.175 E3.80052
G1 X111.687 Y107.766 E3.8252
G1 X111.27 Y108.618 E3.86245
G1 X110.746 Y109.408 E3.89967
G1 X110.344 Y109.891 E3.92434
G1 X109.9 Y110.339 E3.94911
G1 X109.42 Y110.746 E3.97382
G1 X108.679 Y111.25 E4.00901
G1 X108.077 Y111.572 E4.03582
G1 X107.496 Y111.818 E4.06059
G1 X106.898 Y112.011 E4.08526
G1 X106.021 Y112.196 E4.12045
G1 X105.342 Y112.265 E4.14725
G1 X104.711 Y112.271 E4.17203
G1 X104.084 Y112.222 E4.19672
G1 X103.203 Y112.059 E4.2319
G1 X102.548 Y111.864 E4.25873
G1 X101.965 Y111.63 E4.2834
G1 X101.127 Y111.184 E4.32067
G1 X100.609 Y110.831 E4.34528
G1 X99.925 Y110.251 E4.38049
G1 X99.454 Y109.757 E4.40729
G1 X99.064 Y109.264 E4.43197
G1 X98.56 Y108.461 E4.4692
G1 X98.12 Y107.459 E4.51217
G1 X97.882 Y106.659 E4.54494
G1 X97.766 Y106.093 E4.56763
G1 X97.766 Y103.909 E4.65338
G1 X97.885 Y103.302 E4.67767
G1 X98.058 Y102.695 E4.70245
G1 X98.284 Y102.106 E4.72722
G1 X98.559 Y101.54 E4.75193
G1 X99.034 Y100.78 E4.78712
G1 X99.455 Y100.243 E4.81391
G1 X99.887 Y99.784 E4.83866
G1 X100.358 Y99.364 E4.86344
G1 X100.864 Y98.987 E4.88822
G1 X101.4 Y98.655 E4.91298
G1 X101.963 Y98.37 E4.93776
G1 X102.549 Y98.136 E4.96254
G1 X103.153 Y97.953 E4.98732
G1 X103.77 Y97.823 E5.01208
G1 X104.395 Y97.747 E5.0368
G1 X105.282 Y97.734 E5.07163
G1 X105.68 Y97.77 F7800
;LAYER_CHANGE
;Z:1.95
;HEIGHT:0.2
G92 E0
G1 Z1.95 F7800
G1 X107.628 Y102.33
;TYPE:Perimeter
G1 F884.349
G1 X107.724 Y102.419 E.00514
G1 X108.075 Y102.852 E.02703
G1 X108.419 Y103.465 E.05463
G1 X108.599 Y103.955 E.07513
G1 X108.721 Y104.732 E.10601
G1 X108.739 Y105.133 E.12177
G1 X108.644 Y105.85 E.15017
G1 X108.452 Y106.406 E.17327
G1 X108.244 Y106.889 E.19392
G1 X107.942 Y107.297 E.21385
G1 X107.583 Y107.73 E.23594
G1 X107.19 Y108.06 E.25609
G1 X106.51 Y108.452 E.28691
G1 X105.945 Y108.642 E.31032
G1 X105.528 Y108.743 E.32717
G1 X105.015 Y108.788 E.34739
G1 X104.484 Y108.759 E.36827
G1 X103.635 Y108.544 E.40266
G1 X102.885 Y108.166 E.43564
G1 X102.345 Y107.74 E.46265
G1 X101.866 Y107.178 E.49164
G1 X101.498 Y106.536 E.5207
G1 X101.335 Y106.051 E.54079
G1 X101.215 Y105.57 E.56026
G1 X101.169 Y105 E.58271
G1 X101.236 Y104.316 E.6097
G1 X101.384 Y103.775 E.63172
G1 X101.495 Y103.47 E.64446
G1 X101.748 Y102.989 E.6658
G1 X102.149 Y102.473 E.69146
G1 X102.362 Y102.247 E.70365
G1 X102.833 Y101.869 E.72736
G1 X103.428 Y101.537 E.75411
G1 X104.052 Y101.324 E.78
G1 X104.692 Y101.232 E.80539
G1 X105.092 Y101.221 E.8211
G1 X105.625 Y101.27 E.84212
G1 X106.114 Y101.391 E.8619
G1 X106.877 Y101.74 E.89484
G1 X107.408 Y102.128 E.92066
G1 X107.584 Y102.29 E.93005
M73 P22 R8
M73 Q22 S8
G1 X107.342 Y102.616 F7800
G1 F884.349
G1 X107.408 Y102.675 E.93353
G1 X107.758 Y103.108 E.95539
G1 X108.059 Y103.654 E.97987
G1 X108.226 Y104.126 E.99953
G1 X108.318 Y104.786 E1.0257
G1 X108.335 Y105.08 E1.03726
G1 X108.241 Y105.797 E1.06565
G1 X107.923 Y106.619 E1.10026
G1 X107.619 Y107.049 E1.12094
G1 X107.311 Y107.428 E1.14012
G1 X106.899 Y107.77 E1.16114
G1 X106.314 Y108.095 E1.18742
G1 X105.832 Y108.251 E1.20731
G1 X105.493 Y108.338 E1.22105
G1 X104.992 Y108.381 E1.24079
G1 X104.484 Y108.348 E1.26078
G1 X103.74 Y108.151 E1.291
G1 X103.081 Y107.809 E1.32015
G1 X102.607 Y107.428 E1.34403
G1 X102.183 Y106.922 E1.36995
G1 X101.858 Y106.346 E1.39592
G1 X101.643 Y105.652 E1.42445
G1 X101.579 Y105.054 E1.44806
G1 X101.641 Y104.358 E1.4755
G1 X101.815 Y103.759 E1.49999
G1 X102.079 Y103.229 E1.52324
G1 X102.466 Y102.728 E1.5481
G1 X102.819 Y102.402 E1.56697
G1 X103.26 Y102.083 E1.58834
G1 X103.714 Y101.857 E1.60825
G1 X104.232 Y101.697 E1.62954
G1 X104.738 Y101.637 E1.64955
G1 X105.058 Y101.626 E1.66212
G1 X105.585 Y101.677 E1.68291
G1 X106.05 Y101.803 E1.70183
G1 X106.705 Y102.109 E1.73022
G1 X107.153 Y102.446 E1.75223
G1 X107.298 Y102.576 E1.75988
G1 X107.06 Y102.899 F7800
;TYPE:External perimeter
G1 F884.349
G1 X107.441 Y103.364 E1.78348
G1 X107.699 Y103.844 E1.80488
G1 X107.837 Y104.256 E1.82194
G1 X107.932 Y104.973 E1.85034
G1 X107.837 Y105.744 E1.88084
G1 X107.547 Y106.463 E1.91128
G1 X107.08 Y107.084 E1.94179
G1 X106.679 Y107.426 E1.96248
G1 X106.118 Y107.738 E1.98768
G1 X105.497 Y107.925 E2.01314
G1 X104.976 Y107.974 E2.03369
G1 X104.544 Y107.944 E2.05069
G1 X103.843 Y107.757 E2.07918
G1 X103.277 Y107.452 E2.10443
G1 X102.868 Y107.116 E2.12521
G1 X102.5 Y106.666 E2.14803
G1 X102.218 Y106.156 E2.17091
G1 X102.034 Y105.538 E2.19623
G1 X101.984 Y105.018 E2.21674
G1 X102.046 Y104.401 E2.24109
G1 X102.203 Y103.879 E2.26249
G1 X102.44 Y103.417 E2.28288
G1 X102.784 Y102.983 E2.30462
G1 X103.342 Y102.504 E2.33349
G1 X103.804 Y102.259 E2.35402
G1 X104.297 Y102.1 E2.37436
G1 X104.913 Y102.027 E2.39872
G1 X105.456 Y102.068 E2.4201
G1 X105.878 Y102.172 E2.43717
G1 X106.533 Y102.478 E2.46556
G1 X107.016 Y102.858 E2.48969
G1 X107.275 Y103.163 F7800
G92 E0
G1 X105.316 Y98.555
;TYPE:Perimeter
G1 F884.349
G1 X105.322 Y98.555 E.00024
G1 X105.921 Y98.615 E.02388
G1 X106.464 Y98.72 E.0456
G1 X107.002 Y98.874 E.06757
G1 X107.528 Y99.078 E.08972
G1 X108.294 Y99.471 E.12352
G1 X108.742 Y99.767 E.1446
G1 X109.316 Y100.248 E.174
G1 X109.794 Y100.721 E.2004
G1 X110.223 Y101.277 E.22797
G1 X110.601 Y101.862 E.25532
G1 X110.842 Y102.339 E.2763
G1 X111.051 Y102.859 E.29831
G1 X111.213 Y103.394 E.32026
G1 X111.329 Y103.943 E.34229
G1 X111.418 Y104.989 E.38351
G1 X111.362 Y105.849 E.41735
G1 X111.267 Y106.39 E.43892
G1 X111.123 Y106.931 E.4609
G1 X110.936 Y107.448 E.48249
G1 X110.562 Y108.212 E.51589
G1 X110.092 Y108.921 E.54929
G1 X109.741 Y109.343 E.57084
G1 X109.354 Y109.733 E.59241
G1 X108.685 Y110.276 E.62624
G1 X108.223 Y110.574 E.64783
G1 X107.728 Y110.836 E.66982
G1 X107.212 Y111.054 E.69181
G1 X106.679 Y111.226 E.7138
G1 X106.133 Y111.352 E.7358
G1 X105.633 Y111.422 E.75562
G1 X105.089 Y111.457 E.77702
G1 X104.178 Y111.411 E.81284
G1 X103.344 Y111.254 E.84616
G1 X102.819 Y111.095 E.8677
G1 X102.309 Y110.891 E.88927
G1 X101.548 Y110.486 E.92312
G1 X101.102 Y110.182 E.94431
G1 X100.491 Y109.664 E.97576
G1 X100.069 Y109.222 E.99975
G1 X99.73 Y108.793 E1.02122
G1 X99.277 Y108.072 E1.05465
G1 X98.945 Y107.354 E1.08571
G1 X98.751 Y106.786 E1.10928
G1 X98.581 Y106.001 E1.14082
G1 X98.581 Y104.756 E1.1897
G1 X98.605 Y103.861 E1.22485
G1 X98.715 Y103.358 E1.24507
G1 X98.903 Y102.766 E1.26946
G1 X99.11 Y102.269 E1.2906
G1 X99.389 Y101.739 E1.31412
G1 X99.725 Y101.236 E1.33787
G1 X100.129 Y100.715 E1.36376
G1 X100.499 Y100.33 E1.38473
G1 X100.92 Y99.961 E1.40671
G1 X101.372 Y99.63 E1.42871
G1 X101.851 Y99.339 E1.45072
G1 X102.353 Y99.091 E1.4727
G1 X102.875 Y98.888 E1.49469
G1 X103.412 Y98.73 E1.51667
G1 X103.961 Y98.62 E1.53865
G1 X104.651 Y98.558 E1.56585
G1 X105.256 Y98.555 E1.58961
G1 X105.329 Y98.147 F7800
G1 F884.349
G1 X105.915 Y98.2 E1.61271
G1 X106.499 Y98.308 E1.63603
G1 X107.073 Y98.466 E1.65941
G1 X107.625 Y98.672 E1.68254
G1 X108.435 Y99.078 E1.71812
G1 X108.93 Y99.397 E1.74124
G1 X109.395 Y99.758 E1.76435
G1 X109.978 Y100.322 E1.7962
G1 X110.358 Y100.763 E1.81906
G1 X110.963 Y101.675 E1.86203
G1 X111.219 Y102.184 E1.8844
G1 X111.439 Y102.737 E1.90777
G1 X111.611 Y103.307 E1.93115
G1 X111.733 Y103.89 E1.95454
G1 X111.803 Y104.481 E1.97791
G1 X111.826 Y104.994 E1.99807
G1 X111.767 Y105.898 E2.03364
G1 X111.665 Y106.478 E2.05676
G1 X111.512 Y107.053 E2.08012
G1 X111.311 Y107.607 E2.10326
G1 X110.916 Y108.415 E2.13857
G1 X110.419 Y109.164 E2.17386
G1 X110.042 Y109.617 E2.197
M73 P23 R8
M73 Q23 S8
G1 X109.628 Y110.036 E2.22013
G1 X108.924 Y110.606 E2.2557
G1 X108.429 Y110.926 E2.27884
G1 X107.903 Y111.204 E2.3022
G1 X107.354 Y111.436 E2.3256
G1 X106.788 Y111.619 E2.34896
G1 X106.207 Y111.753 E2.37237
G1 X105.617 Y111.836 E2.39576
G1 X105.09 Y111.865 E2.41648
G1 X104.13 Y111.816 E2.45422
G1 X103.248 Y111.65 E2.48946
G1 X102.684 Y111.48 E2.51259
G1 X102.137 Y111.261 E2.53573
G1 X101.338 Y110.835 E2.57128
G1 X100.855 Y110.506 E2.59423
G1 X100.211 Y109.96 E2.62738
G1 X99.762 Y109.489 E2.65293
G1 X99.397 Y109.029 E2.67599
G1 X98.918 Y108.266 E2.71136
G1 X98.566 Y107.506 E2.74425
G1 X98.358 Y106.896 E2.76956
G1 X98.174 Y106.045 E2.80375
G1 X98.174 Y103.948 E2.88609
G1 X98.281 Y103.397 E2.90813
G1 X98.445 Y102.824 E2.93153
G1 X98.658 Y102.268 E2.95491
G1 X98.918 Y101.732 E2.9783
G1 X99.221 Y101.227 E3.00142
G1 X99.767 Y100.505 E3.03696
G1 X100.171 Y100.076 E3.0601
G1 X100.616 Y99.68 E3.08349
G1 X101.093 Y99.324 E3.10686
G1 X101.6 Y99.01 E3.13028
G1 X102.131 Y98.742 E3.15363
G1 X102.684 Y98.52 E3.17703
G1 X103.254 Y98.348 E3.20041
G1 X103.837 Y98.225 E3.22381
G1 X104.422 Y98.154 E3.24695
G1 X105.267 Y98.141 E3.28013
G1 X105.269 Y98.141 E3.28021
G1 X105.342 Y97.739 F7800
;TYPE:External perimeter
G1 F884.349
G1 X105.971 Y97.796 E3.30501
G1 X106.59 Y97.911 E3.32973
G1 X107.198 Y98.079 E3.3545
G1 X107.788 Y98.298 E3.37921
G1 X108.637 Y98.724 E3.41651
G1 X109.165 Y99.065 E3.44119
G1 X109.662 Y99.45 E3.46587
G1 X110.345 Y100.111 E3.50319
G1 X110.746 Y100.592 E3.52778
G1 X111.325 Y101.488 E3.56967
G1 X111.595 Y102.029 E3.59341
G1 X111.828 Y102.615 E3.61817
G1 X112.029 Y103.314 E3.64673
G1 X112.136 Y103.837 E3.66769
G1 X112.21 Y104.463 E3.69244
G1 X112.233 Y104.998 E3.71347
G1 X112.171 Y105.946 E3.75077
G1 X112.063 Y106.565 E3.77544
G1 X111.901 Y107.175 E3.80022
G1 X111.687 Y107.766 E3.8249
G1 X111.27 Y108.618 E3.86215
G1 X110.746 Y109.408 E3.89937
G1 X110.344 Y109.891 E3.92404
G1 X109.901 Y110.338 E3.94875
G1 X109.163 Y110.936 E3.98605
G1 X108.635 Y111.277 E4.01073
G1 X108.078 Y111.572 E4.03548
G1 X107.496 Y111.818 E4.06029
G1 X106.896 Y112.012 E4.08505
G1 X106.282 Y112.153 E4.10979
G1 X105.657 Y112.241 E4.13457
G1 X105.091 Y112.272 E4.15683
G1 X104.082 Y112.221 E4.1965
G1 X103.151 Y112.046 E4.2337
G1 X102.549 Y111.864 E4.25839
G1 X101.965 Y111.63 E4.28309
G1 X101.127 Y111.184 E4.32036
G1 X100.608 Y110.831 E4.34501
G1 X99.931 Y110.257 E4.37986
G1 X99.454 Y109.757 E4.40699
G1 X99.064 Y109.264 E4.43167
G1 X98.56 Y108.461 E4.4689
G1 X98.188 Y107.657 E4.50368
G1 X97.966 Y107.005 E4.53072
G1 X97.766 Y106.089 E4.56753
G1 X97.766 Y103.909 E4.65313
G1 X97.885 Y103.302 E4.67742
G1 X98.058 Y102.695 E4.7022
G1 X98.284 Y102.106 E4.72697
G1 X98.56 Y101.539 E4.75173
G1 X98.883 Y100.999 E4.77644
G1 X99.456 Y100.241 E4.81375
G1 X99.887 Y99.784 E4.83842
G1 X100.358 Y99.364 E4.8632
G1 X100.864 Y98.987 E4.88798
G1 X101.4 Y98.655 E4.91274
G1 X101.963 Y98.37 E4.93752
G1 X102.549 Y98.136 E4.9623
G1 X103.153 Y97.953 E4.98708
G1 X103.77 Y97.823 E5.01184
G1 X104.395 Y97.747 E5.03656
G1 X105.282 Y97.734 E5.07139
G1 X105.68 Y97.77 F7800
;LAYER_CHANGE
;Z:2.15
;HEIGHT:0.2
G92 E0
G1 Z2.15 F7800
G1 X107.621 Y102.337
;TYPE:Perimeter
G1 F884.349
G1 X107.877 Y102.593 E.01422
G1 X108.038 Y102.804 E.02464
G1 X108.4 Y103.43 E.05303
G1 X108.599 Y103.955 E.07508
G1 X108.721 Y104.732 E.10596
G1 X108.739 Y105.133 E.12172
G1 X108.644 Y105.85 E.15012
G1 X108.452 Y106.406 E.17322
G1 X108.244 Y106.889 E.19387
G1 X107.942 Y107.297 E.2138
G1 X107.583 Y107.73 E.23589
G1 X107.19 Y108.06 E.25604
G1 X106.51 Y108.452 E.28686
G1 X105.941 Y108.645 E.31045
G1 X105.56 Y108.738 E.32585
G1 X105.053 Y108.785 E.34584
G1 X104.501 Y108.761 E.36753
G1 X103.52 Y108.505 E.40734
G1 X102.885 Y108.166 E.4356
G1 X102.345 Y107.74 E.46261
G1 X101.866 Y107.178 E.4916
G1 X101.498 Y106.536 E.52066
G1 X101.332 Y106.045 E.54101
G1 X101.221 Y105.601 E.55898
G1 X101.174 Y105.095 E.57893
G1 X101.241 Y104.289 E.61069
G1 X101.381 Y103.781 E.63138
G1 X101.504 Y103.454 E.6451
G1 X101.779 Y102.946 E.66778
G1 X102.122 Y102.503 E.68978
G1 X102.361 Y102.247 E.70353
G1 X102.832 Y101.869 E.72724
G1 X103.428 Y101.537 E.75403
G1 X104.052 Y101.324 E.77992
G1 X104.693 Y101.232 E.80535
G1 X105.086 Y101.22 E.82079
G1 X105.625 Y101.27 E.84204
G1 X106.158 Y101.42 E.86378
M73 P24 R8
M73 Q24 S8
G1 X106.529 Y101.558 E.87932
G1 X107.155 Y101.92 E.90771
G1 X107.366 Y102.082 E.91816
G1 X107.579 Y102.295 E.92999
G1 X107.328 Y102.63 F7800
G1 F884.349
G1 X107.525 Y102.817 E.94066
G1 X107.686 Y103.007 E.95044
G1 X108.048 Y103.634 E.97887
G1 X108.226 Y104.126 E.99941
G1 X108.318 Y104.786 E1.02558
G1 X108.335 Y105.08 E1.03714
G1 X108.241 Y105.797 E1.06553
G1 X107.923 Y106.619 E1.10014
G1 X107.619 Y107.049 E1.12082
G1 X107.311 Y107.428 E1.14
G1 X106.899 Y107.77 E1.16102
G1 X106.314 Y108.095 E1.1873
G1 X105.825 Y108.255 E1.2075
G1 X105.522 Y108.332 E1.21978
G1 X105.015 Y108.38 E1.23978
G1 X104.51 Y108.351 E1.25964
G1 X103.744 Y108.151 E1.29072
G1 X103.081 Y107.809 E1.32001
G1 X102.607 Y107.428 E1.34389
G1 X102.182 Y106.921 E1.36987
G1 X101.858 Y106.346 E1.39578
G1 X101.649 Y105.68 E1.42319
G1 X101.579 Y105.057 E1.44781
G1 X101.646 Y104.333 E1.47636
G1 X101.815 Y103.756 E1.49997
G1 X102.137 Y103.141 E1.52723
G1 X102.528 Y102.651 E1.55184
G1 X103.087 Y102.186 E1.58039
G1 X103.616 Y101.898 E1.60404
G1 X104.175 Y101.712 E1.62717
G1 X104.739 Y101.636 E1.64952
G1 X105.052 Y101.626 E1.66182
G1 X105.551 Y101.67 E1.68149
G1 X106.325 Y101.911 E1.71332
G1 X106.951 Y102.273 E1.74171
G1 X107.285 Y102.589 E1.75976
G1 X107.043 Y102.915 F7800
;TYPE:External perimeter
G1 F884.349
G1 X107.237 Y103.105 E1.77042
G1 X107.535 Y103.561 E1.79181
G1 X107.738 Y103.95 E1.80904
G1 X107.856 Y104.399 E1.82727
G1 X107.932 Y104.973 E1.85
G1 X107.837 Y105.744 E1.8805
G1 X107.547 Y106.463 E1.91094
G1 X107.08 Y107.084 E1.94145
G1 X106.679 Y107.426 E1.96214
G1 X106.118 Y107.738 E1.98734
G1 X105.523 Y107.92 E2.01177
G1 X104.978 Y107.974 E2.03327
G1 X104.572 Y107.948 E2.04924
G1 X103.843 Y107.757 E2.07883
G1 X103.277 Y107.452 E2.10408
G1 X102.868 Y107.116 E2.12486
G1 X102.499 Y106.665 E2.14774
G1 X102.218 Y106.156 E2.17057
G1 X102.039 Y105.565 E2.19482
G1 X101.984 Y105.019 E2.21637
G1 X102.05 Y104.378 E2.24167
G1 X102.204 Y103.879 E2.26217
G1 X102.495 Y103.335 E2.28639
G1 X102.842 Y102.911 E2.3079
G1 X103.342 Y102.504 E2.33321
G1 X103.804 Y102.259 E2.35374
G1 X104.297 Y102.1 E2.37408
G1 X104.909 Y102.027 E2.39828
G1 X105.456 Y102.068 E2.41982
G1 X106.077 Y102.244 E2.44516
G1 X106.748 Y102.625 E2.47546
G1 X107.001 Y102.873 E2.48937
G1 X107.269 Y103.17 F7800
G92 E0
G1 X105.316 Y98.555
;TYPE:Perimeter
G1 F884.349
G1 X105.86 Y98.604 E.02145
G1 X106.408 Y98.705 E.04333
G1 X106.948 Y98.854 E.06533
G1 X107.462 Y99.046 E.08687
G1 X108.233 Y99.432 E.12073
G1 X108.694 Y99.73 E.14228
G1 X109.128 Y100.067 E.16385
G1 X109.695 Y100.615 E.19481
G1 X109.989 Y100.956 E.21249
G1 X110.304 Y101.4 E.23387
G1 X110.602 Y101.862 E.25546
G1 X110.842 Y102.339 E.27643
G1 X111.051 Y102.859 E.29844
G1 X111.213 Y103.394 E.32039
G1 X111.329 Y103.943 E.34242
G1 X111.418 Y104.989 E.38364
G1 X111.362 Y105.849 E.41748
G1 X111.267 Y106.39 E.43905
G1 X111.123 Y106.931 E.46103
G1 X110.936 Y107.448 E.48262
G1 X110.562 Y108.212 E.51602
G1 X110.092 Y108.921 E.54942
G1 X109.741 Y109.343 E.57097
G1 X109.354 Y109.733 E.59254
G1 X108.685 Y110.276 E.62637
G1 X108.223 Y110.574 E.64796
G1 X107.728 Y110.836 E.66995
G1 X107.212 Y111.054 E.69194
G1 X106.679 Y111.226 E.71393
G1 X106.133 Y111.352 E.73593
G1 X105.579 Y111.43 E.7579
G1 X105.03 Y111.459 E.77949
G1 X104.18 Y111.412 E.81292
G1 X103.344 Y111.254 E.84633
G1 X102.819 Y111.095 E.86787
G1 X102.309 Y110.891 E.88944
G1 X101.548 Y110.486 E.92329
G1 X101.103 Y110.183 E.94443
G1 X100.448 Y109.624 E.97824
G1 X100.071 Y109.224 E.99982
G1 X99.73 Y108.793 E1.0214
G1 X99.277 Y108.071 E1.05487
G1 X98.947 Y107.361 E1.08561
G1 X98.751 Y106.786 E1.10946
G1 X98.581 Y106.001 E1.141
G1 X98.581 Y103.988 E1.22004
G1 X98.677 Y103.492 E1.23988
G1 X98.831 Y102.953 E1.26189
G1 X99.032 Y102.43 E1.28389
G1 X99.273 Y101.935 E1.30551
G1 X99.693 Y101.261 E1.33669
G1 X100.073 Y100.773 E1.36098
G1 X100.455 Y100.368 E1.38284
G1 X100.874 Y99.996 E1.40484
G1 X101.323 Y99.661 E1.42684
G1 X101.799 Y99.366 E1.44883
G1 X102.299 Y99.113 E1.47083
G1 X102.819 Y98.905 E1.49282
G1 X103.355 Y98.742 E1.51482
G1 X103.903 Y98.627 E1.53681
G1 X104.45 Y98.561 E1.55844
G1 X105.244 Y98.548 E1.58962
G1 X105.257 Y98.549 E1.59013
G1 X105.329 Y98.147 F7800
G1 F884.349
G1 X105.915 Y98.2 E1.61323
G1 X106.499 Y98.308 E1.63655
G1 X107.073 Y98.466 E1.65993
G1 X107.625 Y98.672 E1.68306
G1 X108.435 Y99.078 E1.71864
G1 X108.93 Y99.397 E1.74176
G1 X109.395 Y99.758 E1.76487
G1 X109.978 Y100.322 E1.79672
G1 X110.358 Y100.763 E1.81958
G1 X110.963 Y101.675 E1.86255
G1 X111.219 Y102.184 E1.88492
G1 X111.439 Y102.737 E1.90829
G1 X111.611 Y103.307 E1.93167
G1 X111.733 Y103.89 E1.95506
G1 X111.803 Y104.481 E1.97843
G1 X111.826 Y104.994 E1.99859
G1 X111.767 Y105.898 E2.03416
G1 X111.665 Y106.478 E2.05728
G1 X111.512 Y107.053 E2.08064
G1 X111.311 Y107.607 E2.10378
M73 P25 R8
G1 X110.916 Y108.415 E2.13909
M73 Q25 S8
G1 X110.419 Y109.164 E2.17438
G1 X110.042 Y109.617 E2.19752
G1 X109.628 Y110.036 E2.22065
G1 X108.924 Y110.606 E2.25622
G1 X108.429 Y110.926 E2.27936
G1 X107.903 Y111.204 E2.30272
G1 X107.354 Y111.436 E2.32612
G1 X106.788 Y111.619 E2.34948
G1 X106.207 Y111.753 E2.37289
G1 X105.618 Y111.836 E2.39625
G1 X105.029 Y111.867 E2.41941
G1 X104.131 Y111.817 E2.45472
G1 X103.248 Y111.65 E2.49001
G1 X102.684 Y111.48 E2.51314
G1 X102.137 Y111.261 E2.53628
G1 X101.338 Y110.835 E2.57183
G1 X100.856 Y110.507 E2.59472
G1 X100.167 Y109.919 E2.63029
G1 X99.763 Y109.491 E2.6534
G1 X99.397 Y109.029 E2.67654
G1 X98.918 Y108.266 E2.71191
G1 X98.569 Y107.513 E2.7445
G1 X98.358 Y106.895 E2.77014
G1 X98.174 Y106.045 E2.80429
G1 X98.174 Y103.948 E2.88663
G1 X98.281 Y103.397 E2.90867
G1 X98.445 Y102.824 E2.93207
G1 X98.658 Y102.268 E2.95545
G1 X98.916 Y101.737 E2.97863
G1 X99.359 Y101.027 E3.01149
G1 X99.764 Y100.508 E3.03734
G1 X100.171 Y100.076 E3.06064
G1 X100.616 Y99.68 E3.08403
G1 X101.093 Y99.324 E3.1074
G1 X101.6 Y99.01 E3.13082
G1 X102.131 Y98.742 E3.15417
G1 X102.684 Y98.52 E3.17757
G1 X103.254 Y98.348 E3.20095
G1 X103.837 Y98.225 E3.22435
G1 X104.422 Y98.154 E3.24749
G1 X105.259 Y98.141 E3.28036
G1 X105.269 Y98.142 E3.28075
G1 X105.342 Y97.739 F7800
;TYPE:External perimeter
G1 F884.349
G1 X105.971 Y97.796 E3.30555
G1 X106.59 Y97.911 E3.33027
G1 X107.198 Y98.079 E3.35504
G1 X107.788 Y98.298 E3.37975
G1 X108.637 Y98.724 E3.41705
G1 X109.165 Y99.065 E3.44173
G1 X109.662 Y99.45 E3.46641
G1 X110.345 Y100.111 E3.50373
G1 X110.671 Y100.503 E3.52375
G1 X110.983 Y100.95 E3.54515
G1 X111.325 Y101.488 E3.57018
G1 X111.595 Y102.029 E3.59392
G1 X111.828 Y102.615 E3.61868
G1 X112.029 Y103.314 E3.64724
G1 X112.136 Y103.837 E3.6682
G1 X112.21 Y104.463 E3.69295
G1 X112.233 Y104.998 E3.71398
G1 X112.171 Y105.946 E3.75128
G1 X112.063 Y106.565 E3.77595
G1 X111.901 Y107.175 E3.80073
G1 X111.687 Y107.766 E3.82541
G1 X111.27 Y108.618 E3.86266
G1 X110.746 Y109.408 E3.89988
G1 X110.344 Y109.891 E3.92455
G1 X109.901 Y110.338 E3.94926
G1 X109.163 Y110.936 E3.98656
G1 X108.635 Y111.277 E4.01124
G1 X108.078 Y111.572 E4.03599
G1 X107.496 Y111.818 E4.0608
G1 X106.896 Y112.012 E4.08556
G1 X106.282 Y112.153 E4.1103
G1 X105.657 Y112.241 E4.13508
G1 X105.029 Y112.274 E4.15977
G1 X104.082 Y112.222 E4.19701
G1 X103.151 Y112.046 E4.23421
G1 X102.549 Y111.864 E4.2589
G1 X101.965 Y111.63 E4.2836
G1 X101.127 Y111.184 E4.32087
G1 X100.609 Y110.831 E4.34548
G1 X99.886 Y110.214 E4.3828
G1 X99.455 Y109.757 E4.40747
G1 X99.064 Y109.264 E4.43218
G1 X98.56 Y108.461 E4.46941
G1 X98.191 Y107.665 E4.50386
G1 X97.966 Y107.005 E4.53124
G1 X97.766 Y106.089 E4.56805
G1 X97.766 Y103.909 E4.65365
G1 X97.885 Y103.302 E4.67794
G1 X98.058 Y102.695 E4.70272
G1 X98.284 Y102.106 E4.72749
G1 X98.559 Y101.54 E4.7522
G1 X99.025 Y100.794 E4.78674
G1 X99.455 Y100.242 E4.81421
G1 X99.887 Y99.784 E4.83893
G1 X100.358 Y99.364 E4.86371
G1 X100.864 Y98.987 E4.88849
G1 X101.4 Y98.655 E4.91325
G1 X101.963 Y98.37 E4.93803
G1 X102.549 Y98.136 E4.96281
G1 X103.153 Y97.953 E4.98759
G1 X103.77 Y97.823 E5.01235
G1 X104.395 Y97.747 E5.03707
G1 X105.274 Y97.733 E5.07159
G1 X105.282 Y97.734 E5.07191
G1 X105.68 Y97.77 F7800
;LAYER_CHANGE
;Z:2.35
;HEIGHT:0.2
G92 E0
G1 Z2.35 F7800
G1 X107.628 Y102.33
;TYPE:Perimeter
G1 F884.349
G1 X107.725 Y102.42 E.0052
G1 X108.071 Y102.846 E.02675
G1 X108.419 Y103.464 E.0546
G1 X108.599 Y103.955 E.07513
G1 X108.721 Y104.732 E.10601
G1 X108.739 Y105.133 E.12177
G1 X108.644 Y105.851 E.15021
G1 X108.452 Y106.406 E.17327
G1 X108.244 Y106.889 E.19392
G1 X107.942 Y107.297 E.21385
G1 X107.583 Y107.73 E.23594
G1 X107.19 Y108.06 E.25609
G1 X106.766 Y108.328 E.27579
G1 X106.252 Y108.547 E.29773
G1 X105.843 Y108.677 E.31458
G1 X105.098 Y108.78 E.34411
G1 X104.53 Y108.763 E.36642
G1 X104.013 Y108.645 E.38724
G1 X103.52 Y108.505 E.40736
G1 X102.885 Y108.166 E.43562
G1 X102.345 Y107.739 E.46265
G1 X101.909 Y107.244 E.48855
G1 X101.634 Y106.784 E.50959
G1 X101.422 Y106.35 E.52856
G1 X101.259 Y105.799 E.55112
G1 X101.174 Y105.096 E.57892
G1 X101.235 Y104.322 E.60941
G1 X101.384 Y103.773 E.63175
G1 X101.495 Y103.47 E.64442
G1 X101.757 Y102.973 E.66648
G1 X102.138 Y102.487 E.69073
G1 X102.362 Y102.247 E.70362
G1 X102.833 Y101.869 E.72733
G1 X103.445 Y101.528 E.75484
G1 X104.052 Y101.324 E.77998
M73 P26 R8
M73 Q26 S8
G1 X104.694 Y101.232 E.80545
G1 X105.079 Y101.22 E.82057
G1 X105.625 Y101.27 E.8421
G1 X106.119 Y101.395 E.86211
G1 X106.872 Y101.737 E.89458
G1 X107.408 Y102.128 E.92063
G1 X107.584 Y102.29 E.93002
G1 X107.342 Y102.616 F7800
G1 F884.349
G1 X107.409 Y102.676 E.93355
G1 X107.754 Y103.102 E.95507
G1 X108.059 Y103.654 E.97983
G1 X108.226 Y104.126 E.99949
G1 X108.318 Y104.786 E1.02566
G1 X108.335 Y105.08 E1.03722
G1 X108.241 Y105.797 E1.06561
G1 X107.923 Y106.619 E1.10022
G1 X107.619 Y107.049 E1.1209
G1 X107.311 Y107.428 E1.14008
G1 X106.899 Y107.77 E1.1611
G1 X106.462 Y108.026 E1.18099
G1 X105.928 Y108.237 E1.20353
G1 X105.21 Y108.353 E1.23209
G1 X104.919 Y108.381 E1.24357
G1 X104.439 Y108.338 E1.26249
G1 X103.74 Y108.151 E1.2909
G1 X103.081 Y107.809 E1.32005
G1 X102.606 Y107.428 E1.34396
G1 X102.221 Y106.982 E1.36709
G1 X101.863 Y106.354 E1.39547
G1 X101.649 Y105.683 E1.42312
G1 X101.579 Y105.058 E1.44781
G1 X101.64 Y104.365 E1.47513
G1 X101.814 Y103.759 E1.49989
G1 X102.079 Y103.229 E1.52316
G1 X102.456 Y102.741 E1.54737
G1 X102.819 Y102.402 E1.56687
G1 X103.188 Y102.121 E1.58508
G1 X103.671 Y101.873 E1.6064
G1 X104.175 Y101.712 E1.62717
G1 X104.74 Y101.636 E1.64955
G1 X105.047 Y101.626 E1.66161
G1 X105.551 Y101.67 E1.68147
G1 X106.018 Y101.794 E1.70044
G1 X106.702 Y102.107 E1.72998
G1 X107.153 Y102.446 E1.75213
G1 X107.298 Y102.576 E1.75978
G1 X107.06 Y102.899 F7800
;TYPE:External perimeter
G1 F884.349
G1 X107.438 Y103.359 E1.78316
G1 X107.699 Y103.844 E1.80479
G1 X107.837 Y104.256 E1.82185
G1 X107.932 Y104.973 E1.85025
G1 X107.837 Y105.744 E1.88075
G1 X107.547 Y106.463 E1.91119
G1 X107.08 Y107.084 E1.9417
G1 X106.679 Y107.426 E1.96239
G1 X106.313 Y107.648 E1.9792
G1 X105.779 Y107.858 E2.00173
G1 X104.945 Y107.975 E2.0348
G1 X104.544 Y107.944 E2.05059
G1 X103.843 Y107.757 E2.07908
G1 X103.277 Y107.452 E2.10433
G1 X102.868 Y107.116 E2.12511
G1 X102.532 Y106.721 E2.14547
G1 X102.22 Y106.158 E2.17074
G1 X102.04 Y105.568 E2.19496
G1 X101.984 Y105.02 E2.21659
G1 X102.045 Y104.407 E2.24078
G1 X102.203 Y103.879 E2.26242
G1 X102.44 Y103.417 E2.28281
G1 X102.773 Y102.996 E2.30389
G1 X103.342 Y102.504 E2.33343
G1 X103.822 Y102.25 E2.35475
G1 X104.299 Y102.099 E2.3744
G1 X104.906 Y102.027 E2.3984
G1 X105.456 Y102.068 E2.42006
G1 X105.848 Y102.164 E2.43591
G1 X106.532 Y102.477 E2.46545
G1 X107.016 Y102.858 E2.48964
G1 X107.276 Y103.163 F7800
G92 E0
G1 X105.316 Y98.555
;TYPE:Perimeter
G1 F884.349
G1 X105.922 Y98.615 E.02391
G1 X106.464 Y98.72 E.04559
G1 X107.05 Y98.892 E.06957
G1 X107.528 Y99.078 E.08971
G1 X108.294 Y99.471 E.12351
G1 X108.742 Y99.767 E.14459
G1 X109.316 Y100.248 E.17399
G1 X109.794 Y100.721 E.20039
G1 X110.218 Y101.27 E.22763
G1 X110.601 Y101.862 E.25532
G1 X110.842 Y102.339 E.2763
G1 X111.051 Y102.859 E.29831
G1 X111.213 Y103.394 E.32026
G1 X111.329 Y103.943 E.34229
G1 X111.418 Y104.989 E.38351
G1 X111.362 Y105.849 E.41735
G1 X111.267 Y106.39 E.43892
G1 X111.123 Y106.931 E.4609
G1 X110.936 Y107.448 E.48249
G1 X110.562 Y108.212 E.51589
G1 X110.092 Y108.921 E.54929
G1 X109.741 Y109.343 E.57084
G1 X109.354 Y109.733 E.59241
G1 X108.685 Y110.276 E.62624
G1 X108.223 Y110.574 E.64783
G1 X107.728 Y110.836 E.66982
G1 X107.212 Y111.054 E.69181
G1 X106.679 Y111.226 E.7138
G1 X106.133 Y111.352 E.7358
G1 X105.579 Y111.43 E.75777
G1 X105.03 Y111.459 E.77936
G1 X104.18 Y111.412 E.81279
G1 X103.344 Y111.254 E.8462
G1 X102.819 Y111.095 E.86774
G1 X102.309 Y110.891 E.88931
G1 X101.548 Y110.486 E.92316
G1 X101.103 Y110.183 E.9443
G1 X100.448 Y109.624 E.97811
G1 X100.071 Y109.224 E.99969
G1 X99.73 Y108.793 E1.02127
G1 X99.277 Y108.071 E1.05474
G1 X98.95 Y107.368 E1.08518
G1 X98.751 Y106.786 E1.10933
G1 X98.581 Y106.001 E1.14087
G1 X98.581 Y104.759 E1.18964
G1 X98.605 Y103.861 E1.22491
G1 X98.713 Y103.367 E1.24476
G1 X98.902 Y102.768 E1.26942
G1 X99.11 Y102.269 E1.29065
G1 X99.405 Y101.722 E1.31505
G1 X99.732 Y101.212 E1.33884
G1 X100.117 Y100.727 E1.36315
G1 X100.499 Y100.33 E1.38478
G1 X100.92 Y99.961 E1.40676
G1 X101.372 Y99.63 E1.42876
G1 X101.851 Y99.339 E1.45077
G1 X102.353 Y99.091 E1.47275
G1 X102.875 Y98.888 E1.49474
G1 X103.412 Y98.73 E1.51672
G1 X103.961 Y98.62 E1.5387
G1 X104.641 Y98.557 E1.56551
G1 X105.256 Y98.554 E1.58966
G1 X105.329 Y98.147 F7800
G1 F884.349
G1 X105.916 Y98.2 E1.6128
G1 X106.499 Y98.308 E1.63608
G1 X107.073 Y98.466 E1.65946
G1 X107.625 Y98.672 E1.68259
G1 X108.435 Y99.078 E1.71817
G1 X108.93 Y99.397 E1.74129
G1 X109.395 Y99.758 E1.7644
G1 X109.978 Y100.322 E1.79625
G1 X110.358 Y100.763 E1.81911
G1 X110.963 Y101.675 E1.86208
G1 X111.219 Y102.184 E1.88445
G1 X111.439 Y102.737 E1.90782
G1 X111.611 Y103.307 E1.9312
G1 X111.733 Y103.89 E1.95459
G1 X111.803 Y104.481 E1.97796
G1 X111.826 Y104.994 E1.99812
G1 X111.767 Y105.898 E2.03369
G1 X111.665 Y106.478 E2.05681
M73 P27 R8
M73 Q27 S8
G1 X111.512 Y107.053 E2.08017
G1 X111.311 Y107.607 E2.10331
G1 X110.916 Y108.415 E2.13862
G1 X110.419 Y109.164 E2.17391
G1 X110.042 Y109.617 E2.19705
G1 X109.628 Y110.036 E2.22018
G1 X108.924 Y110.606 E2.25575
G1 X108.429 Y110.926 E2.27889
G1 X107.903 Y111.204 E2.30225
G1 X107.354 Y111.436 E2.32565
G1 X106.788 Y111.619 E2.34901
G1 X106.207 Y111.753 E2.37242
G1 X105.618 Y111.836 E2.39578
G1 X105.029 Y111.867 E2.41894
G1 X104.131 Y111.817 E2.45425
G1 X103.248 Y111.65 E2.48954
G1 X102.684 Y111.48 E2.51267
G1 X102.137 Y111.261 E2.53581
G1 X101.338 Y110.835 E2.57136
G1 X100.856 Y110.507 E2.59425
G1 X100.167 Y109.919 E2.62982
G1 X99.763 Y109.491 E2.65293
G1 X99.397 Y109.029 E2.67607
G1 X98.918 Y108.266 E2.71144
G1 X98.572 Y107.52 E2.74373
G1 X98.358 Y106.895 E2.76967
G1 X98.174 Y106.045 E2.80382
G1 X98.174 Y103.948 E2.88616
G1 X98.281 Y103.397 E2.9082
G1 X98.445 Y102.824 E2.9316
G1 X98.658 Y102.268 E2.95498
G1 X98.916 Y101.737 E2.97816
G1 X99.354 Y101.034 E3.01068
G1 X99.764 Y100.508 E3.03687
G1 X100.171 Y100.076 E3.06017
G1 X100.616 Y99.68 E3.08356
G1 X101.093 Y99.324 E3.10693
G1 X101.6 Y99.01 E3.13035
G1 X102.131 Y98.742 E3.1537
G1 X102.684 Y98.52 E3.1771
G1 X103.254 Y98.348 E3.20048
G1 X103.837 Y98.225 E3.22388
G1 X104.423 Y98.154 E3.24706
G1 X105.251 Y98.14 E3.27958
G1 X105.269 Y98.142 E3.28029
G1 X105.342 Y97.74 F7800
;TYPE:External perimeter
G1 F884.349
G1 X105.971 Y97.796 E3.30509
G1 X106.59 Y97.911 E3.32981
G1 X107.198 Y98.079 E3.35458
G1 X107.788 Y98.298 E3.37929
G1 X108.637 Y98.724 E3.41659
G1 X109.165 Y99.065 E3.44127
G1 X109.662 Y99.45 E3.46595
G1 X110.345 Y100.111 E3.50327
G1 X110.671 Y100.503 E3.52329
G1 X111.02 Y101.006 E3.54733
G1 X111.325 Y101.488 E3.56973
G1 X111.595 Y102.029 E3.59347
G1 X111.828 Y102.615 E3.61823
G1 X112.029 Y103.314 E3.64679
G1 X112.136 Y103.837 E3.66775
G1 X112.21 Y104.463 E3.6925
G1 X112.233 Y104.998 E3.71353
G1 X112.171 Y105.946 E3.75083
G1 X112.063 Y106.565 E3.7755
G1 X111.901 Y107.175 E3.80028
G1 X111.687 Y107.766 E3.82496
G1 X111.27 Y108.618 E3.86221
G1 X110.746 Y109.408 E3.89943
G1 X110.344 Y109.891 E3.9241
G1 X109.901 Y110.338 E3.94881
G1 X109.163 Y110.936 E3.98611
G1 X108.635 Y111.277 E4.01079
G1 X108.078 Y111.572 E4.03554
G1 X107.496 Y111.818 E4.06035
G1 X106.896 Y112.012 E4.08511
G1 X106.282 Y112.153 E4.10985
G1 X105.657 Y112.241 E4.13463
G1 X105.029 Y112.274 E4.15932
G1 X104.082 Y112.222 E4.19656
G1 X103.151 Y112.046 E4.23376
G1 X102.549 Y111.864 E4.25845
G1 X101.965 Y111.63 E4.28315
G1 X101.127 Y111.184 E4.32042
G1 X100.609 Y110.831 E4.34503
G1 X99.886 Y110.214 E4.38235
G1 X99.455 Y109.757 E4.40702
G1 X99.064 Y109.264 E4.43173
G1 X98.56 Y108.461 E4.46896
G1 X98.194 Y107.672 E4.50311
G1 X97.966 Y107.005 E4.53079
G1 X97.766 Y106.089 E4.5676
G1 X97.766 Y103.909 E4.6532
G1 X97.885 Y103.302 E4.67749
G1 X98.058 Y102.695 E4.70227
G1 X98.284 Y102.106 E4.72704
G1 X98.559 Y101.54 E4.75175
G1 X99.02 Y100.8 E4.78598
G1 X99.455 Y100.242 E4.81376
G1 X99.887 Y99.784 E4.83848
G1 X100.358 Y99.364 E4.86326
G1 X100.864 Y98.987 E4.88804
G1 X101.4 Y98.655 E4.9128
G1 X101.963 Y98.37 E4.93758
G1 X102.549 Y98.136 E4.96236
G1 X103.153 Y97.953 E4.98714
G1 X103.77 Y97.823 E5.0119
G1 X104.395 Y97.747 E5.03662
G1 X105.266 Y97.733 E5.07082
G1 X105.282 Y97.735 E5.07145
G1 X105.68 Y97.77 F7800
;LAYER_CHANGE
;Z:2.55
;HEIGHT:0.2
G92 E0
G1 Z2.55 F7800
G1 X107.621 Y102.337
;TYPE:Perimeter
G1 F884.349
G1 X107.877 Y102.593 E.01422
G1 X108.038 Y102.804 E.02464
G1 X108.4 Y103.43 E.05303
G1 X108.599 Y103.955 E.07508
G1 X108.721 Y104.732 E.10596
G1 X108.739 Y105.133 E.12172
G1 X108.644 Y105.85 E.15012
G1 X108.452 Y106.406 E.17322
G1 X108.244 Y106.889 E.19387
G1 X107.942 Y107.297 E.2138
G1 X107.583 Y107.73 E.23589
G1 X107.19 Y108.06 E.25604
G1 X106.766 Y108.328 E.27574
G1 X106.251 Y108.547 E.29771
G1 X105.847 Y108.676 E.31436
G1 X105.098 Y108.78 E.34405
G1 X104.567 Y108.767 E.36491
G1 X104.076 Y108.659 E.38465
G1 X103.52 Y108.505 E.4073
G1 X102.885 Y108.166 E.43556
G1 X102.345 Y107.74 E.46257
G1 X101.865 Y107.177 E.49162
G1 X101.499 Y106.537 E.52057
G1 X101.252 Y105.766 E.55236
G1 X101.173 Y105.089 E.57912
G1 X101.218 Y104.431 E.60502
G1 X101.404 Y103.718 E.63395
G1 X101.506 Y103.45 E.64521
G1 X101.796 Y102.921 E.6689
G1 X102.128 Y102.494 E.69014
G1 X102.361 Y102.247 E.70347
M73 P28 R8
M73 Q28 S8
G1 X102.832 Y101.869 E.72718
G1 X103.428 Y101.537 E.75397
G1 X104.052 Y101.324 E.77986
G1 X104.695 Y101.231 E.80537
G1 X105.073 Y101.22 E.82022
G1 X105.625 Y101.27 E.84198
G1 X106.158 Y101.42 E.86372
G1 X106.528 Y101.558 E.87923
G1 X107.155 Y101.92 E.90766
G1 X107.366 Y102.082 E.91811
G1 X107.579 Y102.295 E.92994
G1 X107.328 Y102.63 F7800
G1 F884.349
G1 X107.525 Y102.817 E.94061
G1 X107.686 Y103.007 E.95039
G1 X108.048 Y103.634 E.97882
G1 X108.226 Y104.126 E.99936
G1 X108.318 Y104.786 E1.02553
G1 X108.335 Y105.08 E1.03709
G1 X108.241 Y105.797 E1.06548
G1 X107.923 Y106.619 E1.10009
G1 X107.619 Y107.049 E1.12077
M73 P28 R7
G1 X107.311 Y107.428 E1.13995
G1 X106.899 Y107.77 E1.16097
G1 X106.463 Y108.026 E1.18082
G1 X105.931 Y108.236 E1.20328
G1 X105.209 Y108.353 E1.232
G1 X104.921 Y108.381 E1.24336
G1 X104.475 Y108.342 E1.26094
G1 X103.744 Y108.152 E1.2906
G1 X103.081 Y107.809 E1.31991
G1 X102.607 Y107.428 E1.34379
G1 X102.181 Y106.92 E1.36982
G1 X101.858 Y106.347 E1.39565
G1 X101.643 Y105.652 E1.42421
G1 X101.579 Y105.054 E1.44782
G1 X101.614 Y104.527 E1.46856
G1 X101.798 Y103.82 E1.49724
G1 X102.153 Y103.116 E1.5282
G1 X102.531 Y102.648 E1.55182
G1 X103.087 Y102.186 E1.5802
G1 X103.616 Y101.898 E1.60385
G1 X104.175 Y101.712 E1.62698
G1 X104.742 Y101.636 E1.64944
G1 X105.041 Y101.626 E1.66119
G1 X105.55 Y101.67 E1.68125
G1 X106.325 Y101.911 E1.71312
G1 X106.951 Y102.273 E1.74151
G1 X107.285 Y102.589 E1.75956
G1 X107.043 Y102.915 F7800
;TYPE:External perimeter
G1 F884.349
G1 X107.237 Y103.105 E1.77022
G1 X107.535 Y103.561 E1.79161
M73 Q28 S7
G1 X107.738 Y103.95 E1.80884
G1 X107.856 Y104.399 E1.82707
G1 X107.932 Y104.973 E1.8498
G1 X107.837 Y105.744 E1.8803
G1 X107.547 Y106.463 E1.91074
G1 X107.08 Y107.084 E1.94125
G1 X106.679 Y107.426 E1.96194
G1 X106.313 Y107.648 E1.97875
G1 X105.782 Y107.857 E2.00116
G1 X105.153 Y107.95 E2.02613
G1 X104.617 Y107.954 E2.04718
G1 X103.847 Y107.758 E2.07838
G1 X103.277 Y107.452 E2.10378
G1 X102.868 Y107.116 E2.12456
G1 X102.497 Y106.664 E2.14752
G1 X102.218 Y106.156 E2.17028
G1 X102.034 Y105.538 E2.1956
G1 X101.984 Y105.018 E2.21611
G1 X102.01 Y104.619 E2.23181
G1 X102.201 Y103.888 E2.26148
G1 X102.51 Y103.312 E2.28715
G1 X102.843 Y102.91 E2.30765
G1 X103.342 Y102.504 E2.33291
G1 X103.804 Y102.259 E2.35344
G1 X104.297 Y102.1 E2.37378
G1 X104.903 Y102.027 E2.39775
G1 X105.456 Y102.068 E2.41952
G1 X106.076 Y102.244 E2.44483
G1 X106.748 Y102.625 E2.47516
G1 X107.001 Y102.873 E2.48907
G1 X107.269 Y103.17 F7800
G92 E0
G1 X105.316 Y98.555
;TYPE:Perimeter
G1 F884.349
G1 X105.861 Y98.604 E.02149
G1 X106.408 Y98.705 E.04333
G1 X106.948 Y98.854 E.06533
G1 X107.462 Y99.046 E.08687
G1 X108.233 Y99.432 E.12073
G1 X108.694 Y99.73 E.14228
G1 X109.128 Y100.067 E.16385
G1 X109.695 Y100.615 E.19481
G1 X109.989 Y100.956 E.21249
G1 X110.305 Y101.4 E.23389
G1 X110.602 Y101.862 E.25546
G1 X110.842 Y102.339 E.27643
G1 X111.051 Y102.859 E.29844
G1 X111.213 Y103.394 E.32039
G1 X111.329 Y103.943 E.34242
G1 X111.418 Y104.989 E.38364
G1 X111.362 Y105.849 E.41748
G1 X111.267 Y106.39 E.43905
G1 X111.123 Y106.931 E.46103
G1 X110.936 Y107.448 E.48262
G1 X110.562 Y108.212 E.51602
G1 X110.092 Y108.921 E.54942
G1 X109.741 Y109.343 E.57097
G1 X109.354 Y109.733 E.59254
G1 X108.685 Y110.276 E.62637
G1 X108.223 Y110.574 E.64796
G1 X107.728 Y110.836 E.66995
G1 X107.212 Y111.054 E.69194
G1 X106.679 Y111.226 E.71393
G1 X106.133 Y111.352 E.73593
G1 X105.579 Y111.43 E.7579
G1 X105.03 Y111.459 E.77949
G1 X104.178 Y111.412 E.81299
G1 X103.423 Y111.273 E.84313
G1 X102.815 Y111.094 E.86802
G1 X102.309 Y110.891 E.88943
G1 X101.548 Y110.486 E.92328
G1 X101.103 Y110.183 E.94442
G1 X100.448 Y109.624 E.97823
G1 X100.071 Y109.224 E.99981
G1 X99.73 Y108.793 E1.02139
G1 X99.435 Y108.323 E1.04318
G1 X99.114 Y107.721 E1.06997
G1 X98.912 Y107.256 E1.08988
G1 X98.732 Y106.714 E1.1123
G1 X98.581 Y106.019 E1.14023
G1 X98.581 Y103.988 E1.21998
G1 X98.677 Y103.492 E1.23982
G1 X98.831 Y102.953 E1.26183
G1 X99.032 Y102.43 E1.28383
G1 X99.277 Y101.926 E1.30583
G1 X99.559 Y101.455 E1.32738
G1 X100.079 Y100.768 E1.36121
G1 X100.455 Y100.368 E1.38277
G1 X100.874 Y99.996 E1.40477
G1 X101.323 Y99.661 E1.42677
G1 X101.799 Y99.366 E1.44876
G1 X102.299 Y99.113 E1.47076
G1 X102.819 Y98.905 E1.49275
G1 X103.355 Y98.742 E1.51475
G1 X103.903 Y98.627 E1.53674
G1 X104.451 Y98.56 E1.55842
G1 X105.229 Y98.548 E1.58897
G1 X105.257 Y98.55 E1.59007
G1 X105.329 Y98.148 F7800
G1 F884.349
G1 X105.916 Y98.2 E1.61321
G1 X106.499 Y98.308 E1.63649
G1 X107.073 Y98.466 E1.65987
G1 X107.625 Y98.672 E1.683
G1 X108.435 Y99.078 E1.71858
G1 X108.93 Y99.397 E1.7417
G1 X109.395 Y99.758 E1.76481
G1 X109.978 Y100.322 E1.79666
G1 X110.358 Y100.763 E1.81952
G1 X110.963 Y101.675 E1.86249
G1 X111.219 Y102.184 E1.88486
G1 X111.439 Y102.737 E1.90823
G1 X111.611 Y103.307 E1.93161
G1 X111.733 Y103.89 E1.955
M73 P29 R7
G1 X111.803 Y104.481 E1.97837
M73 Q29 S7
G1 X111.826 Y104.994 E1.99853
G1 X111.767 Y105.898 E2.0341
G1 X111.665 Y106.478 E2.05722
G1 X111.512 Y107.053 E2.08058
G1 X111.311 Y107.607 E2.10372
G1 X110.916 Y108.415 E2.13903
G1 X110.419 Y109.164 E2.17432
G1 X110.042 Y109.617 E2.19746
G1 X109.628 Y110.036 E2.22059
G1 X108.924 Y110.606 E2.25616
G1 X108.429 Y110.926 E2.2793
G1 X107.903 Y111.204 E2.30266
G1 X107.354 Y111.436 E2.32606
G1 X106.788 Y111.619 E2.34942
G1 X106.207 Y111.753 E2.37283
G1 X105.618 Y111.836 E2.39619
G1 X105.029 Y111.867 E2.41935
G1 X104.13 Y111.817 E2.4547
G1 X103.329 Y111.669 E2.48668
G1 X102.682 Y111.479 E2.51316
G1 X102.137 Y111.261 E2.53621
G1 X101.338 Y110.835 E2.57176
G1 X100.856 Y110.507 E2.59465
G1 X100.167 Y109.919 E2.63022
G1 X99.763 Y109.491 E2.65333
G1 X99.397 Y109.029 E2.67647
G1 X98.918 Y108.266 E2.71184
G1 X98.694 Y107.783 E2.73275
G1 X98.492 Y107.284 E2.75389
G1 X98.274 Y106.553 E2.78384
G1 X98.174 Y106.056 E2.80375
G1 X98.174 Y103.948 E2.88652
G1 X98.281 Y103.397 E2.90856
G1 X98.445 Y102.824 E2.93196
G1 X98.658 Y102.268 E2.95534
G1 X98.918 Y101.733 E2.9787
G1 X99.221 Y101.227 E3.00186
G1 X99.767 Y100.505 E3.0374
G1 X100.171 Y100.076 E3.06054
G1 X100.616 Y99.68 E3.08393
G1 X101.093 Y99.324 E3.1073
G1 X101.6 Y99.01 E3.13072
G1 X102.131 Y98.742 E3.15407
G1 X102.684 Y98.52 E3.17747
G1 X103.254 Y98.348 E3.20085
G1 X103.837 Y98.225 E3.22425
G1 X104.423 Y98.154 E3.24743
G1 X105.244 Y98.14 E3.27967
G1 X105.269 Y98.143 E3.28066
G1 X105.342 Y97.74 F7800
;TYPE:External perimeter
G1 F884.349
G1 X105.971 Y97.796 E3.30546
G1 X106.59 Y97.911 E3.33018
G1 X107.198 Y98.079 E3.35495
G1 X107.788 Y98.298 E3.37966
G1 X108.637 Y98.724 E3.41696
G1 X109.165 Y99.065 E3.44164
G1 X109.662 Y99.45 E3.46632
G1 X110.345 Y100.111 E3.50364
G1 X110.671 Y100.503 E3.52366
G1 X110.983 Y100.95 E3.54506
G1 X111.325 Y101.488 E3.57009
G1 X111.595 Y102.029 E3.59383
G1 X111.828 Y102.615 E3.61859
G1 X112.029 Y103.314 E3.64715
G1 X112.136 Y103.837 E3.66811
G1 X112.21 Y104.463 E3.69286
G1 X112.233 Y104.998 E3.71389
G1 X112.171 Y105.946 E3.75119
G1 X112.063 Y106.565 E3.77586
G1 X111.901 Y107.175 E3.80064
G1 X111.687 Y107.766 E3.82532
G1 X111.27 Y108.618 E3.86257
G1 X110.746 Y109.408 E3.89979
G1 X110.344 Y109.891 E3.92446
G1 X109.901 Y110.338 E3.94917
G1 X109.163 Y110.936 E3.98647
G1 X108.635 Y111.277 E4.01115
G1 X108.078 Y111.572 E4.0359
G1 X107.496 Y111.818 E4.06071
G1 X106.896 Y112.012 E4.08547
G1 X106.282 Y112.153 E4.11021
G1 X105.657 Y112.241 E4.13499
G1 X105.029 Y112.274 E4.15968
G1 X104.082 Y112.222 E4.19692
G1 X103.234 Y112.066 E4.23078
G1 X102.548 Y111.864 E4.25886
G1 X101.965 Y111.63 E4.28353
G1 X101.127 Y111.184 E4.3208
G1 X100.609 Y110.831 E4.34541
G1 X99.886 Y110.214 E4.38273
G1 X99.455 Y109.757 E4.4074
G1 X99.064 Y109.264 E4.43211
G1 X98.56 Y108.461 E4.46934
G1 X98.325 Y107.954 E4.49128
G1 X98.107 Y107.416 E4.51407
G1 X97.879 Y106.649 E4.54549
G1 X97.766 Y106.092 E4.56781
G1 X97.766 Y103.909 E4.65352
G1 X97.885 Y103.302 E4.67781
G1 X98.058 Y102.695 E4.70259
G1 X98.284 Y102.106 E4.72736
G1 X98.56 Y101.539 E4.75212
G1 X98.883 Y100.999 E4.77683
G1 X99.456 Y100.241 E4.81414
G1 X99.887 Y99.784 E4.83881
G1 X100.358 Y99.364 E4.86359
G1 X100.864 Y98.987 E4.88837
G1 X101.4 Y98.655 E4.91313
G1 X101.963 Y98.37 E4.93791
G1 X102.549 Y98.136 E4.96269
G1 X103.153 Y97.953 E4.98747
G1 X103.77 Y97.823 E5.01223
G1 X104.395 Y97.747 E5.03695
G1 X105.258 Y97.733 E5.07084
G1 X105.282 Y97.735 E5.07179
G1 X105.68 Y97.77 F7800
;LAYER_CHANGE
;Z:2.75
;HEIGHT:0.2
G92 E0
G1 Z2.75 F7800
G1 X107.621 Y102.337
;TYPE:Perimeter
G1 F884.349
G1 X107.877 Y102.593 E.01422
G1 X108.038 Y102.804 E.02464
G1 X108.4 Y103.43 E.05303
G1 X108.599 Y103.955 E.07508
G1 X108.721 Y104.732 E.10596
G1 X108.744 Y105.089 E.12001
G1 X108.69 Y105.656 E.14237
G1 X108.552 Y106.154 E.16266
G1 X108.414 Y106.545 E.17894
G1 X108.143 Y107.045 E.20127
G1 X107.718 Y107.59 E.22841
G1 X107.203 Y108.05 E.25552
G1 X106.51 Y108.452 E.28698
G1 X105.945 Y108.642 E.31039
G1 X105.528 Y108.743 E.32724
G1 X105.013 Y108.788 E.34754
G1 X104.475 Y108.744 E.36873
G1 X104.094 Y108.686 E.38386
G1 X103.599 Y108.534 E.40419
G1 X103.123 Y108.313 E.4248
G1 X102.379 Y107.767 E.46104
G1 X101.909 Y107.244 E.48865
G1 X101.634 Y106.783 E.50973
G1 X101.423 Y106.351 E.52861
G1 X101.26 Y105.806 E.55095
G1 X101.174 Y105.097 E.57899
G1 X101.218 Y104.433 E.60512
G1 X101.404 Y103.717 E.63417
M73 P30 R7
M73 Q30 S7
G1 X101.644 Y103.183 E.65716
G1 X101.827 Y102.874 E.67126
G1 X102.205 Y102.404 E.69494
G1 X102.833 Y101.869 E.72733
G1 X103.428 Y101.537 E.75408
G1 X104.052 Y101.324 E.77997
G1 X104.697 Y101.231 E.80556
G1 X105.067 Y101.22 E.82009
G1 X105.625 Y101.27 E.84209
G1 X106.158 Y101.42 E.86383
G1 X106.529 Y101.558 E.87937
G1 X107.155 Y101.92 E.90776
G1 X107.365 Y102.082 E.91817
G1 X107.579 Y102.295 E.93003
G1 X107.328 Y102.63 F7800
G1 F884.349
G1 X107.525 Y102.817 E.9407
G1 X107.686 Y103.007 E.95048
G1 X108.048 Y103.634 E.97891
G1 X108.226 Y104.126 E.99945
G1 X108.338 Y105.053 E1.03611
G1 X108.289 Y105.586 E1.05713
G1 X108.105 Y106.231 E1.08347
G1 X107.861 Y106.712 E1.10465
G1 X107.67 Y107.008 E1.11848
G1 X107.317 Y107.422 E1.13984
G1 X106.933 Y107.744 E1.15952
G1 X106.314 Y108.095 E1.18746
G1 X105.832 Y108.251 E1.20735
G1 X105.493 Y108.338 E1.22109
G1 X104.991 Y108.381 E1.24087
G1 X104.33 Y108.32 E1.26693
G1 X103.719 Y108.144 E1.2919
G1 X103.227 Y107.904 E1.31339
G1 X102.627 Y107.444 E1.34308
G1 X102.221 Y106.982 E1.36723
G1 X101.863 Y106.354 E1.39561
G1 X101.651 Y105.69 E1.42298
G1 X101.579 Y105.058 E1.44796
G1 X101.614 Y104.529 E1.46878
G1 X101.798 Y103.819 E1.49758
G1 X102.079 Y103.229 E1.52324
G1 X102.466 Y102.728 E1.5481
G1 X102.819 Y102.402 E1.56697
G1 X103.26 Y102.083 E1.58834
G1 X103.714 Y101.857 E1.60825
G1 X104.232 Y101.697 E1.62954
G1 X104.743 Y101.635 E1.64975
G1 X105.035 Y101.626 E1.66122
G1 X105.551 Y101.67 E1.68155
G1 X106.325 Y101.911 E1.71338
G1 X106.951 Y102.273 E1.74177
G1 X107.285 Y102.589 E1.75982
G1 X107.043 Y102.915 F7800
;TYPE:External perimeter
G1 F884.349
G1 X107.237 Y103.105 E1.77048
G1 X107.535 Y103.561 E1.79187
G1 X107.738 Y103.95 E1.8091
G1 X107.856 Y104.399 E1.82733
G1 X107.932 Y104.973 E1.85006
G1 X107.891 Y105.499 E1.87078
G1 X107.715 Y106.117 E1.89601
G1 X107.427 Y106.657 E1.92004
G1 X107.09 Y107.071 E1.941
G1 X106.679 Y107.426 E1.96232
G1 X106.118 Y107.738 E1.98752
G1 X105.497 Y107.925 E2.01298
G1 X104.977 Y107.974 E2.03349
G1 X104.372 Y107.915 E2.05736
G1 X103.838 Y107.755 E2.07925
G1 X103.449 Y107.562 E2.0963
G1 X102.875 Y107.121 E2.12472
G1 X102.532 Y106.721 E2.14541
G1 X102.22 Y106.158 E2.17068
G1 X102.041 Y105.574 E2.19466
G1 X101.984 Y105.02 E2.21653
G1 X102.01 Y104.622 E2.23219
G1 X102.201 Y103.888 E2.26197
G1 X102.44 Y103.417 E2.28271
G1 X102.784 Y102.983 E2.30445
G1 X103.342 Y102.504 E2.33332
G1 X103.804 Y102.259 E2.35385
G1 X104.297 Y102.1 E2.37419
G1 X104.9 Y102.027 E2.39804
G1 X105.456 Y102.068 E2.41993
G1 X106.077 Y102.244 E2.44527
G1 X106.748 Y102.625 E2.47557
G1 X107.001 Y102.873 E2.48948
G1 X107.269 Y103.17 F7800
G92 E0
G1 X105.316 Y98.556
;TYPE:Perimeter
G1 F884.349
G1 X105.861 Y98.604 E.02148
G1 X106.408 Y98.705 E.04332
G1 X106.948 Y98.854 E.06532
G1 X107.462 Y99.046 E.08686
G1 X108.233 Y99.432 E.12072
G1 X108.694 Y99.73 E.14227
G1 X109.128 Y100.067 E.16384
G1 X109.695 Y100.615 E.1948
G1 X109.989 Y100.956 E.21248
G1 X110.304 Y101.4 E.23386
G1 X110.602 Y101.862 E.25545
G1 X110.842 Y102.339 E.27642
G1 X111.051 Y102.859 E.29843
G1 X111.213 Y103.394 E.32038
G1 X111.329 Y103.943 E.34241
G1 X111.418 Y104.989 E.38363
G1 X111.362 Y105.849 E.41747
G1 X111.267 Y106.39 E.43904
G1 X111.123 Y106.931 E.46102
G1 X110.936 Y107.448 E.48261
G1 X110.562 Y108.212 E.51601
G1 X110.092 Y108.921 E.54941
G1 X109.741 Y109.343 E.57096
G1 X109.354 Y109.733 E.59253
G1 X108.685 Y110.276 E.62636
G1 X108.223 Y110.574 E.64795
G1 X107.728 Y110.836 E.66994
G1 X107.212 Y111.054 E.69193
G1 X106.679 Y111.226 E.71392
G1 X106.133 Y111.352 E.73592
G1 X105.579 Y111.43 E.75789
G1 X105.03 Y111.459 E.77948
G1 X104.178 Y111.412 E.81298
G1 X103.431 Y111.275 E.8428
G1 X102.815 Y111.094 E.86801
G1 X102.309 Y110.891 E.88942
G1 X101.548 Y110.486 E.92327
G1 X101.103 Y110.183 E.94441
G1 X100.448 Y109.624 E.97822
G1 X100.071 Y109.224 E.9998
G1 X99.73 Y108.793 E1.02138
G1 X99.276 Y108.071 E1.05487
G1 X98.956 Y107.382 E1.0847
G1 X98.751 Y106.785 E1.10948
G1 X98.581 Y106.001 E1.14098
G1 X98.581 Y103.988 E1.22002
G1 X98.677 Y103.492 E1.23986
G1 X98.831 Y102.953 E1.26187
G1 X99.032 Y102.43 E1.28387
G1 X99.277 Y101.926 E1.30587
G1 X99.559 Y101.455 E1.32742
G1 X100.079 Y100.768 E1.36125
G1 X100.455 Y100.368 E1.38281
G1 X100.874 Y99.996 E1.40481
G1 X101.323 Y99.661 E1.42681
G1 X101.799 Y99.366 E1.4488
G1 X102.299 Y99.113 E1.4708
G1 X102.819 Y98.905 E1.49279
G1 X103.355 Y98.742 E1.51479
G1 X103.903 Y98.627 E1.53678
G1 X104.451 Y98.56 E1.55846
G1 X105.221 Y98.547 E1.5887
G1 X105.257 Y98.55 E1.59012
G1 X105.329 Y98.148 F7800
G1 F884.349
G1 X105.916 Y98.2 E1.61326
G1 X106.499 Y98.308 E1.63654
G1 X107.073 Y98.466 E1.65992
G1 X107.625 Y98.672 E1.68305
G1 X108.435 Y99.078 E1.71863
G1 X108.93 Y99.397 E1.74175
G1 X109.395 Y99.758 E1.76486
G1 X109.978 Y100.322 E1.79671
G1 X110.358 Y100.763 E1.81957
G1 X110.963 Y101.675 E1.86254
G1 X111.219 Y102.184 E1.88491
M73 P31 R7
M73 Q31 S7
G1 X111.439 Y102.737 E1.90828
G1 X111.611 Y103.307 E1.93166
G1 X111.733 Y103.89 E1.95505
G1 X111.803 Y104.481 E1.97842
G1 X111.826 Y104.994 E1.99858
G1 X111.767 Y105.898 E2.03415
G1 X111.665 Y106.478 E2.05727
G1 X111.512 Y107.053 E2.08063
G1 X111.311 Y107.607 E2.10377
G1 X110.916 Y108.415 E2.13908
G1 X110.419 Y109.164 E2.17437
G1 X110.042 Y109.617 E2.19751
G1 X109.628 Y110.036 E2.22064
G1 X108.924 Y110.606 E2.25621
G1 X108.429 Y110.926 E2.27935
G1 X107.903 Y111.204 E2.30271
G1 X107.354 Y111.436 E2.32611
G1 X106.788 Y111.619 E2.34947
G1 X106.207 Y111.753 E2.37288
G1 X105.618 Y111.836 E2.39624
G1 X105.029 Y111.867 E2.4194
G1 X104.13 Y111.817 E2.45475
G1 X103.337 Y111.671 E2.48641
G1 X102.682 Y111.479 E2.51321
G1 X102.137 Y111.261 E2.53626
G1 X101.338 Y110.835 E2.57181
G1 X100.856 Y110.507 E2.5947
G1 X100.167 Y109.919 E2.63027
G1 X99.763 Y109.491 E2.65338
G1 X99.397 Y109.029 E2.67652
G1 X98.918 Y108.266 E2.71189
G1 X98.578 Y107.535 E2.74355
G1 X98.358 Y106.895 E2.77012
G1 X98.174 Y106.045 E2.80427
G1 X98.174 Y103.948 E2.88661
G1 X98.281 Y103.397 E2.90865
G1 X98.445 Y102.824 E2.93205
G1 X98.658 Y102.268 E2.95543
G1 X98.918 Y101.733 E2.97879
G1 X99.221 Y101.227 E3.00195
G1 X99.767 Y100.505 E3.03749
G1 X100.171 Y100.076 E3.06063
G1 X100.616 Y99.68 E3.08402
G1 X101.093 Y99.324 E3.10739
G1 X101.6 Y99.01 E3.13081
G1 X102.131 Y98.742 E3.15416
G1 X102.684 Y98.52 E3.17756
G1 X103.254 Y98.348 E3.20094
G1 X103.837 Y98.225 E3.22434
G1 X104.423 Y98.154 E3.24752
G1 X105.236 Y98.14 E3.27945
G1 X105.269 Y98.143 E3.28075
G1 X105.342 Y97.741 F7800
;TYPE:External perimeter
G1 F884.349
G1 X105.971 Y97.796 E3.30554
G1 X106.59 Y97.911 E3.33026
G1 X107.198 Y98.079 E3.35503
G1 X107.788 Y98.298 E3.37974
G1 X108.637 Y98.724 E3.41704
G1 X109.165 Y99.065 E3.44172
G1 X109.662 Y99.45 E3.4664
G1 X110.345 Y100.111 E3.50372
G1 X110.671 Y100.503 E3.52374
G1 X110.983 Y100.95 E3.54514
G1 X111.325 Y101.488 E3.57017
G1 X111.595 Y102.029 E3.59391
G1 X111.828 Y102.615 E3.61867
G1 X112.029 Y103.314 E3.64723
G1 X112.136 Y103.837 E3.66819
G1 X112.21 Y104.463 E3.69294
G1 X112.233 Y104.998 E3.71397
G1 X112.171 Y105.946 E3.75127
G1 X112.063 Y106.565 E3.77594
G1 X111.901 Y107.175 E3.80072
G1 X111.687 Y107.766 E3.8254
G1 X111.27 Y108.618 E3.86265
G1 X110.746 Y109.408 E3.89987
G1 X110.344 Y109.891 E3.92454
G1 X109.901 Y110.338 E3.94925
G1 X109.163 Y110.936 E3.98655
G1 X108.635 Y111.277 E4.01123
G1 X108.078 Y111.572 E4.03598
G1 X107.496 Y111.818 E4.06079
G1 X106.896 Y112.012 E4.08555
G1 X106.282 Y112.153 E4.11029
G1 X105.657 Y112.241 E4.13507
G1 X105.029 Y112.274 E4.15976
G1 X104.082 Y112.222 E4.197
G1 X103.242 Y112.068 E4.23053
G1 X102.548 Y111.864 E4.25893
G1 X101.965 Y111.63 E4.2836
G1 X101.127 Y111.184 E4.32087
G1 X100.609 Y110.831 E4.34548
G1 X99.886 Y110.214 E4.3828
G1 X99.455 Y109.757 E4.40747
G1 X99.064 Y109.264 E4.43218
G1 X98.56 Y108.461 E4.46941
G1 X98.2 Y107.687 E4.50293
G1 X97.965 Y107.004 E4.53129
G1 X97.766 Y106.089 E4.56806
G1 X97.766 Y103.909 E4.65366
G1 X97.885 Y103.302 E4.67795
G1 X98.058 Y102.695 E4.70273
G1 X98.284 Y102.106 E4.7275
G1 X98.56 Y101.539 E4.75226
G1 X98.883 Y100.999 E4.77697
G1 X99.456 Y100.241 E4.81428
G1 X99.887 Y99.784 E4.83895
G1 X100.358 Y99.364 E4.86373
G1 X100.864 Y98.987 E4.88851
G1 X101.4 Y98.655 E4.91327
G1 X101.963 Y98.37 E4.93805
G1 X102.549 Y98.136 E4.96283
G1 X103.153 Y97.953 E4.98761
G1 X103.77 Y97.823 E5.01237
G1 X104.395 Y97.747 E5.03709
G1 X105.25 Y97.733 E5.07067
G1 X105.282 Y97.735 E5.07193
G1 X105.68 Y97.77 F7800
;LAYER_CHANGE
;Z:2.95
;HEIGHT:0.2
G92 E0
G1 Z2.95 F7800
G1 X107.621 Y102.337
;TYPE:Perimeter
G1 F884.349
G1 X107.877 Y102.593 E.01422
G1 X108.06 Y102.84 E.02629
G1 X108.4 Y103.43 E.05303
G1 X108.599 Y103.955 E.07508
G1 X108.721 Y104.732 E.10596
G1 X108.739 Y105.133 E.12172
G1 X108.644 Y105.85 E.15012
G1 X108.452 Y106.406 E.17322
G1 X108.244 Y106.889 E.19387
G1 X107.942 Y107.297 E.2138
G1 X107.583 Y107.73 E.23589
G1 X107.19 Y108.06 E.25604
G1 X106.51 Y108.452 E.28686
G1 X105.945 Y108.642 E.31027
G1 X105.528 Y108.743 E.32712
G1 X105.013 Y108.788 E.34742
G1 X104.455 Y108.742 E.3694
G1 X104.098 Y108.686 E.38359
G1 X103.6 Y108.534 E.40403
G1 X102.885 Y108.166 E.4356
G1 X102.345 Y107.74 E.46261
G1 X101.863 Y107.176 E.49174
G1 X101.639 Y106.801 E.50889
G1 X101.423 Y106.352 E.52845
G1 X101.261 Y105.809 E.5507
M73 P32 R7
M73 Q32 S7
G1 X101.174 Y105.097 E.57886
G1 X101.218 Y104.435 E.60491
G1 X101.404 Y103.716 E.63407
G1 X101.644 Y103.183 E.65702
G1 X101.827 Y102.874 E.67112
G1 X102.205 Y102.404 E.6948
G1 X102.833 Y101.869 E.72719
G1 X103.428 Y101.537 E.75394
G1 X104.052 Y101.324 E.77983
G1 X104.697 Y101.231 E.80542
G1 X105.062 Y101.22 E.81976
G1 X105.625 Y101.27 E.84195
G1 X106.158 Y101.42 E.86369
G1 X106.528 Y101.558 E.8792
G1 X107.155 Y101.92 E.90763
G1 X107.365 Y102.082 E.91804
G1 X107.579 Y102.295 E.9299
G1 X107.328 Y102.63 F7800
G1 F884.349
G1 X107.525 Y102.817 E.94057
G1 X107.707 Y103.044 E.95199
G1 X108.048 Y103.634 E.97875
G1 X108.226 Y104.126 E.99929
G1 X108.318 Y104.786 E1.02546
G1 X108.335 Y105.08 E1.03702
G1 X108.241 Y105.797 E1.06541
G1 X107.923 Y106.619 E1.10002
G1 X107.619 Y107.049 E1.1207
G1 X107.311 Y107.428 E1.13988
G1 X106.899 Y107.77 E1.1609
G1 X106.314 Y108.095 E1.18718
G1 X105.832 Y108.251 E1.20707
G1 X105.493 Y108.338 E1.22081
G1 X104.991 Y108.381 E1.24059
G1 X104.333 Y108.321 E1.26653
G1 X103.719 Y108.145 E1.29161
G1 X103.081 Y107.809 E1.31992
G1 X102.607 Y107.428 E1.3438
G1 X102.179 Y106.919 E1.36991
G1 X101.813 Y106.235 E1.40037
G1 X101.651 Y105.693 E1.42258
G1 X101.579 Y105.058 E1.44767
G1 X101.613 Y104.531 E1.46841
G1 X101.798 Y103.818 E1.49733
G1 X102.079 Y103.229 E1.52295
G1 X102.412 Y102.796 E1.5444
G1 X102.616 Y102.564 E1.55653
G1 X103.087 Y102.186 E1.58024
G1 X103.616 Y101.898 E1.60389
G1 X104.175 Y101.712 E1.62702
G1 X104.744 Y101.635 E1.64957
G1 X105.488 Y101.662 E1.6788
G1 X106.045 Y101.811 E1.70144
G1 X106.325 Y101.911 E1.71311
G1 X106.951 Y102.273 E1.7415
G1 X107.285 Y102.589 E1.75955
G1 X107.043 Y102.915 F7800
;TYPE:External perimeter
G1 F884.349
G1 X107.237 Y103.105 E1.77021
G1 X107.355 Y103.248 E1.77749
G1 X107.697 Y103.84 E1.80433
G1 X107.837 Y104.256 E1.82156
G1 X107.932 Y104.973 E1.84996
G1 X107.837 Y105.744 E1.88046
G1 X107.547 Y106.463 E1.9109
G1 X107.08 Y107.084 E1.94141
G1 X106.679 Y107.426 E1.9621
G1 X106.118 Y107.738 E1.9873
G1 X105.497 Y107.925 E2.01276
G1 X104.977 Y107.974 E2.03327
G1 X104.375 Y107.916 E2.05702
G1 X103.839 Y107.755 E2.07899
G1 X103.277 Y107.452 E2.10406
G1 X102.868 Y107.116 E2.12484
G1 X102.495 Y106.663 E2.14788
G1 X102.203 Y106.119 E2.17212
G1 X102.041 Y105.577 E2.19433
G1 X101.984 Y105.02 E2.21631
G1 X102.01 Y104.625 E2.23185
G1 X102.201 Y103.888 E2.26174
G1 X102.44 Y103.417 E2.28248
G1 X102.84 Y102.913 E2.30774
G1 X103.342 Y102.504 E2.33316
G1 X103.804 Y102.259 E2.35369
G1 X104.297 Y102.1 E2.37403
G1 X104.897 Y102.027 E2.39776
G1 X105.456 Y102.068 E2.41977
G1 X106.076 Y102.244 E2.44508
G1 X106.748 Y102.625 E2.47541
G1 X107.001 Y102.873 E2.48932
G1 X107.278 Y103.161 F7800
G92 E0
G1 X105.316 Y98.556
;TYPE:Perimeter
G1 F884.349
G1 X105.861 Y98.604 E.02148
G1 X106.408 Y98.705 E.04332
G1 X106.948 Y98.854 E.06532
G1 X107.462 Y99.046 E.08686
G1 X108.233 Y99.432 E.12072
G1 X108.694 Y99.73 E.14227
G1 X109.128 Y100.067 E.16384
G1 X109.748 Y100.665 E.19766
G1 X110.1 Y101.089 E.2193
G1 X110.392 Y101.519 E.23971
G1 X110.856 Y102.372 E.27784
G1 X111.051 Y102.859 E.29844
G1 X111.213 Y103.394 E.32039
G1 X111.329 Y103.943 E.34242
G1 X111.418 Y104.989 E.38364
G1 X111.362 Y105.849 E.41748
G1 X111.267 Y106.39 E.43905
G1 X111.123 Y106.931 E.46103
G1 X110.936 Y107.448 E.48262
G1 X110.562 Y108.212 E.51602
G1 X110.092 Y108.921 E.54942
G1 X109.741 Y109.343 E.57097
G1 X109.354 Y109.733 E.59254
G1 X108.685 Y110.276 E.62637
G1 X108.223 Y110.574 E.64796
G1 X107.728 Y110.836 E.66995
G1 X107.212 Y111.054 E.69194
G1 X106.679 Y111.226 E.71393
G1 X106.133 Y111.352 E.73593
G1 X105.579 Y111.43 E.7579
G1 X105.03 Y111.459 E.77949
G1 X104.17 Y111.411 E.81331
G1 X103.628 Y111.321 E.83488
G1 X103.096 Y111.185 E.85644
G1 X102.299 Y110.886 E.88986
G1 X101.548 Y110.486 E.92327
G1 X101.103 Y110.183 E.94441
G1 X100.448 Y109.624 E.97822
G1 X100.071 Y109.224 E.9998
G1 X99.73 Y108.793 E1.02138
G1 X99.44 Y108.331 E1.0428
G1 X99.115 Y107.725 E1.0698
G1 X98.882 Y107.167 E1.09354
G1 X98.682 Y106.508 E1.12058
G1 X98.581 Y106.018 E1.14022
G1 X98.581 Y103.988 E1.21993
G1 X98.677 Y103.492 E1.23977
G1 X98.831 Y102.953 E1.26178
G1 X99.032 Y102.43 E1.28378
G1 X99.277 Y101.926 E1.30578
G1 X99.56 Y101.453 E1.32742
G1 X100.017 Y100.842 E1.35738
G1 X100.459 Y100.365 E1.38291
G1 X100.874 Y99.996 E1.40471
G1 X101.323 Y99.661 E1.42671
G1 X101.799 Y99.366 E1.4487
G1 X102.299 Y99.113 E1.4707
G1 X102.819 Y98.905 E1.49269
G1 X103.355 Y98.742 E1.51469
G1 X103.903 Y98.627 E1.53668
G1 X104.451 Y98.56 E1.55836
G1 X105.214 Y98.547 E1.58832
G1 X105.257 Y98.551 E1.59002
G1 X105.329 Y98.149 F7800
G1 F884.349
G1 X105.998 Y98.215 E1.61642
G1 X106.572 Y98.328 E1.63939
G1 X107.447 Y98.605 E1.67543
G1 X107.976 Y98.848 E1.69829
G1 X108.515 Y99.13 E1.72218
G1 X108.989 Y99.444 E1.7445
G1 X109.523 Y99.882 E1.77162
G1 X110.107 Y100.461 E1.80391
M73 P33 R7
G1 X110.465 Y100.901 E1.82618
M73 Q33 S7
G1 X110.748 Y101.321 E1.84607
G1 X111.232 Y102.217 E1.88606
G1 X111.439 Y102.737 E1.90804
G1 X111.611 Y103.307 E1.93142
G1 X111.733 Y103.89 E1.95481
G1 X111.803 Y104.481 E1.97818
G1 X111.826 Y104.994 E1.99834
G1 X111.767 Y105.898 E2.03391
G1 X111.665 Y106.478 E2.05703
G1 X111.512 Y107.053 E2.08039
G1 X111.311 Y107.607 E2.10353
G1 X110.916 Y108.415 E2.13884
G1 X110.419 Y109.164 E2.17413
G1 X110.042 Y109.617 E2.19727
G1 X109.628 Y110.036 E2.2204
G1 X108.924 Y110.606 E2.25597
G1 X108.429 Y110.926 E2.27911
G1 X107.903 Y111.204 E2.30247
G1 X107.354 Y111.436 E2.32587
G1 X106.788 Y111.619 E2.34923
G1 X106.207 Y111.753 E2.37264
G1 X105.618 Y111.836 E2.396
G1 X105.029 Y111.867 E2.41916
G1 X104.125 Y111.816 E2.45471
G1 X103.544 Y111.72 E2.47783
G1 X102.973 Y111.574 E2.50097
G1 X102.131 Y111.258 E2.53628
G1 X101.338 Y110.835 E2.57157
G1 X100.856 Y110.507 E2.59446
G1 X100.167 Y109.919 E2.63003
G1 X99.763 Y109.491 E2.65314
G1 X99.397 Y109.029 E2.67628
G1 X98.918 Y108.266 E2.71165
G1 X98.695 Y107.786 E2.73243
G1 X98.497 Y107.299 E2.75307
G1 X98.287 Y106.605 E2.78154
G1 X98.174 Y106.055 E2.80359
G1 X98.174 Y103.948 E2.88632
G1 X98.302 Y103.324 E2.91133
G1 X98.484 Y102.722 E2.93602
G1 X98.744 Y102.091 E2.96282
G1 X99.111 Y101.411 E2.99316
G1 X99.393 Y100.997 E3.01283
G1 X99.886 Y100.385 E3.04369
G1 X100.275 Y99.984 E3.06563
G1 X100.677 Y99.635 E3.08653
G1 X101.158 Y99.284 E3.10991
G1 X101.667 Y98.976 E3.13327
G1 X102.201 Y98.714 E3.15662
G1 X102.756 Y98.498 E3.18
G1 X103.328 Y98.332 E3.20339
G1 X103.912 Y98.216 E3.22677
G1 X104.62 Y98.15 E3.25469
G1 X105.269 Y98.148 E3.28017
G1 X105.342 Y97.741 F7800
;TYPE:External perimeter
G1 F884.349
G1 X105.971 Y97.796 E3.30496
G1 X106.59 Y97.911 E3.32968
G1 X107.198 Y98.079 E3.35445
G1 X107.788 Y98.298 E3.37916
G1 X108.532 Y98.671 E3.41184
G1 X108.992 Y98.953 E3.43303
G1 X109.403 Y99.249 E3.45292
G1 X109.806 Y99.59 E3.47365
G1 X110.478 Y100.27 E3.51119
G1 X110.799 Y100.667 E3.53124
G1 X111.104 Y101.123 E3.55278
G1 X111.609 Y102.062 E3.59464
G1 X111.828 Y102.615 E3.61799
G1 X112.029 Y103.314 E3.64655
G1 X112.136 Y103.837 E3.66751
G1 X112.21 Y104.463 E3.69226
G1 X112.233 Y104.998 E3.71329
G1 X112.171 Y105.946 E3.75059
G1 X112.063 Y106.565 E3.77526
G1 X111.901 Y107.175 E3.80004
G1 X111.687 Y107.766 E3.82472
G1 X111.27 Y108.618 E3.86197
G1 X110.746 Y109.408 E3.89919
G1 X110.344 Y109.891 E3.92386
G1 X109.901 Y110.338 E3.94857
G1 X109.163 Y110.936 E3.98587
G1 X108.635 Y111.277 E4.01055
G1 X108.078 Y111.572 E4.0353
G1 X107.496 Y111.818 E4.06011
G1 X106.896 Y112.012 E4.08487
G1 X106.282 Y112.153 E4.10961
G1 X105.657 Y112.241 E4.13439
G1 X105.029 Y112.274 E4.15908
G1 X104.08 Y112.221 E4.1964
G1 X103.46 Y112.119 E4.22107
G1 X102.851 Y111.963 E4.24575
G1 X101.963 Y111.629 E4.283
G1 X101.127 Y111.184 E4.32019
G1 X100.609 Y110.831 E4.3448
G1 X99.886 Y110.214 E4.38212
G1 X99.455 Y109.757 E4.40679
G1 X99.064 Y109.264 E4.4315
G1 X98.56 Y108.461 E4.46873
G1 X98.203 Y107.694 E4.50195
G1 X97.997 Y107.096 E4.52678
G1 X97.863 Y106.588 E4.54741
G1 X97.766 Y106.092 E4.56725
G1 X97.766 Y103.909 E4.65296
G1 X97.885 Y103.302 E4.67725
G1 X98.058 Y102.695 E4.70203
G1 X98.284 Y102.106 E4.7268
G1 X98.56 Y101.539 E4.75156
G1 X98.883 Y100.999 E4.77627
G1 X99.391 Y100.32 E4.80957
G1 X99.888 Y99.783 E4.8383
G1 X100.358 Y99.364 E4.86302
G1 X100.864 Y98.987 E4.8878
G1 X101.4 Y98.655 E4.91256
G1 X101.963 Y98.37 E4.93734
G1 X102.549 Y98.136 E4.96212
G1 X103.153 Y97.953 E4.9869
G1 X103.77 Y97.823 E5.01166
G1 X104.394 Y97.747 E5.03634
G1 X105.243 Y97.732 E5.06968
G1 X105.282 Y97.736 E5.07122
G1 X105.68 Y97.771 F7800
;LAYER_CHANGE
;Z:3.15
;HEIGHT:0.2
G92 E0
G1 Z3.15 F7800
G1 X107.621 Y102.337
;TYPE:Perimeter
G1 F884.349
G1 X107.786 Y102.484 E.00868
G1 X108.1 Y102.91 E.02946
G1 X108.365 Y103.351 E.04966
G1 X108.584 Y103.914 E.07338
G1 X108.721 Y104.732 E.10595
G1 X108.739 Y105.133 E.12171
G1 X108.644 Y105.851 E.15015
G1 X108.448 Y106.436 E.17437
G1 X108.263 Y106.845 E.192
G1 X107.928 Y107.347 E.2157
G1 X107.54 Y107.742 E.23744
G1 X107.133 Y108.103 E.2588
G1 X106.51 Y108.452 E.28684
G1 X105.964 Y108.637 E.30948
G1 X105.528 Y108.743 E.3271
G1 X104.968 Y108.789 E.34916
G1 X104.409 Y108.748 E.37117
G1 X103.635 Y108.544 E.4026
G1 X102.885 Y108.166 E.43558
G1 X102.345 Y107.74 E.46259
G1 X101.863 Y107.176 E.49172
M73 P34 R7
M73 Q34 S7
G1 X101.499 Y106.538 E.52056
G1 X101.329 Y106.039 E.54126
G1 X101.224 Y105.62 E.55822
G1 X101.174 Y105.097 E.57885
G1 X101.232 Y104.337 E.60878
G1 X101.385 Y103.77 E.63184
G1 X101.503 Y103.456 E.64501
G1 X101.77 Y102.961 E.66709
G1 X102.137 Y102.486 E.69066
G1 X102.362 Y102.247 E.70355
G1 X102.833 Y101.869 E.72726
G1 X103.428 Y101.537 E.75401
G1 X104.052 Y101.324 E.7799
G1 X104.699 Y101.23 E.80557
G1 X105.055 Y101.219 E.81955
G1 X105.625 Y101.27 E.84202
G1 X106.158 Y101.42 E.86376
G1 X106.529 Y101.558 E.8793
G1 X107.155 Y101.92 E.90769
G1 X107.577 Y102.297 E.92991
G1 X107.335 Y102.623 F7800
G1 F884.349
G1 X107.504 Y102.778 E.93891
G1 X107.925 Y103.381 E.96779
G1 X108.14 Y103.894 E.98963
G1 X108.241 Y104.203 E1.00239
G1 X108.335 Y104.92 E1.03078
G1 X108.285 Y105.46 E1.05207
G1 X108.205 Y105.939 E1.07114
G1 X107.986 Y106.501 E1.09482
G1 X107.589 Y107.121 E1.12373
G1 X106.961 Y107.72 E1.15781
G1 X106.314 Y108.095 E1.18717
G1 X105.61 Y108.316 E1.21614
G1 X105.065 Y108.375 E1.23766
G1 X104.557 Y108.357 E1.25762
G1 X103.74 Y108.151 E1.2907
G1 X103.081 Y107.809 E1.31985
G1 X102.607 Y107.428 E1.34373
G1 X102.178 Y106.919 E1.36987
G1 X101.859 Y106.347 E1.39559
G1 X101.652 Y105.697 E1.42237
G1 X101.579 Y105.058 E1.44762
G1 X101.637 Y104.378 E1.47442
G1 X101.775 Y103.889 E1.49437
G1 X101.997 Y103.397 E1.51556
G1 X102.194 Y103.056 E1.53102
G1 X102.528 Y102.652 E1.5516
G1 X103.087 Y102.186 E1.58018
G1 X103.616 Y101.898 E1.60383
G1 X104.175 Y101.712 E1.62696
G1 X104.745 Y101.635 E1.64954
G1 X105.488 Y101.662 E1.67873
G1 X106.044 Y101.811 E1.70133
G1 X106.325 Y101.911 E1.71304
G1 X106.951 Y102.273 E1.74143
G1 X107.291 Y102.583 E1.7595
G1 X107.05 Y102.909 F7800
;TYPE:External perimeter
G1 F884.349
G1 X107.222 Y103.072 E1.7688
G1 X107.586 Y103.607 E1.79421
G1 X107.825 Y104.209 E1.81964
G1 X107.914 Y104.839 E1.84462
G1 X107.932 Y105.027 E1.85204
G1 X107.837 Y105.744 E1.88044
G1 X107.606 Y106.354 E1.90605
G1 X107.251 Y106.894 E1.93142
G1 X106.686 Y107.42 E1.96173
G1 X106.118 Y107.738 E1.98729
G1 X105.496 Y107.925 E2.01279
G1 X104.976 Y107.974 E2.0333
G1 X104.544 Y107.944 E2.0503
G1 X103.843 Y107.757 E2.07879
G1 X103.277 Y107.452 E2.10404
G1 X102.868 Y107.116 E2.12482
G1 X102.494 Y106.662 E2.14792
G1 X102.218 Y106.156 E2.17055
G1 X102.042 Y105.58 E2.1942
G1 X101.984 Y105.019 E2.21634
G1 X102.042 Y104.42 E2.23997
G1 X102.203 Y103.88 E2.2621
G1 X102.486 Y103.348 E2.28576
G1 X102.842 Y102.911 E2.30789
G1 X103.342 Y102.504 E2.3332
G1 X103.804 Y102.259 E2.35373
G1 X104.299 Y102.099 E2.37416
G1 X104.893 Y102.027 E2.39765
G1 X105.456 Y102.068 E2.41981
G1 X106.077 Y102.244 E2.44515
G1 X106.748 Y102.625 E2.47545
G1 X107.006 Y102.868 E2.48937
G1 X107.275 Y103.164 F7800
G92 E0
G1 X105.316 Y98.557
;TYPE:Perimeter
G1 F884.349
G1 X105.925 Y98.616 E.02402
G1 X106.464 Y98.72 E.04557
G1 X107.305 Y98.987 E.08022
G1 X107.793 Y99.212 E.10132
G1 X108.294 Y99.472 E.12348
G1 X108.74 Y99.765 E.14443
G1 X109.203 Y100.139 E.1678
G1 X109.794 Y100.721 E.20037
G1 X110.137 Y101.141 E.22166
G1 X110.531 Y101.769 E.25077
G1 X110.856 Y102.372 E.27767
G1 X111.051 Y102.859 E.29827
G1 X111.213 Y103.394 E.32022
G1 X111.329 Y103.943 E.34225
G1 X111.418 Y104.989 E.38347
G1 X111.362 Y105.849 E.41731
G1 X111.267 Y106.39 E.43888
G1 X111.123 Y106.931 E.46086
G1 X110.936 Y107.448 E.48245
G1 X110.562 Y108.212 E.51585
G1 X110.092 Y108.921 E.54925
G1 X109.741 Y109.343 E.5708
G1 X109.354 Y109.733 E.59237
G1 X108.685 Y110.276 E.6262
G1 X108.223 Y110.574 E.64779
G1 X107.728 Y110.836 E.66978
G1 X107.212 Y111.054 E.69177
G1 X106.687 Y111.224 E.71344
G1 X105.948 Y111.382 E.74311
G1 X105.294 Y111.451 E.76893
G1 X104.739 Y111.456 E.79072
G1 X104.191 Y111.414 E.8123
G1 X103.344 Y111.254 E.84615
G1 X102.819 Y111.095 E.86769
G1 X102.309 Y110.891 E.88926
G1 X101.548 Y110.486 E.92311
G1 X101.103 Y110.183 E.94425
G1 X100.448 Y109.624 E.97806
G1 X100.071 Y109.224 E.99964
G1 X99.73 Y108.793 E1.02122
G1 X99.276 Y108.071 E1.05471
G1 X98.962 Y107.396 E1.08394
G1 X98.751 Y106.785 E1.10932
G1 X98.581 Y106.001 E1.14082
G1 X98.581 Y103.988 E1.21986
G1 X98.708 Y103.384 E1.24409
G1 X98.9 Y102.773 E1.26924
G1 X99.126 Y102.237 E1.29208
G1 X99.448 Y101.64 E1.31871
G1 X99.791 Y101.148 E1.34226
G1 X100.129 Y100.715 E1.36383
G1 X100.499 Y100.33 E1.3848
G1 X100.92 Y99.961 E1.40678
G1 X101.372 Y99.63 E1.42878
G1 X101.851 Y99.339 E1.45079
G1 X102.353 Y99.091 E1.47277
G1 X102.875 Y98.888 E1.49476
G1 X103.412 Y98.73 E1.51674
G1 X103.961 Y98.62 E1.53872
G1 X104.622 Y98.557 E1.56479
G1 X105.256 Y98.553 E1.58968
G1 X105.329 Y98.149 F7800
G1 F884.349
G1 X105.916 Y98.2 E1.61282
G1 X106.499 Y98.308 E1.6361
G1 X107.073 Y98.466 E1.65948
G1 X107.625 Y98.672 E1.68261
G1 X108.435 Y99.078 E1.71819
G1 X108.93 Y99.397 E1.74131
M73 P35 R7
M73 Q35 S7
G1 X109.395 Y99.758 E1.76442
G1 X110.046 Y100.388 E1.79999
G1 X110.378 Y100.787 E1.82037
G1 X110.7 Y101.235 E1.84203
G1 X111.233 Y102.217 E1.8859
G1 X111.439 Y102.737 E1.90786
G1 X111.611 Y103.307 E1.93124
G1 X111.733 Y103.89 E1.95463
G1 X111.803 Y104.481 E1.978
G1 X111.826 Y104.994 E1.99816
G1 X111.767 Y105.898 E2.03373
G1 X111.665 Y106.478 E2.05685
G1 X111.512 Y107.053 E2.08021
G1 X111.311 Y107.607 E2.10335
G1 X110.916 Y108.415 E2.13866
G1 X110.419 Y109.164 E2.17395
G1 X110.042 Y109.617 E2.19709
G1 X109.628 Y110.036 E2.22022
G1 X108.924 Y110.606 E2.25579
G1 X108.429 Y110.926 E2.27893
G1 X107.903 Y111.204 E2.30229
G1 X107.354 Y111.436 E2.32569
G1 X106.793 Y111.618 E2.34885
G1 X106.012 Y111.784 E2.3802
G1 X105.318 Y111.858 E2.4076
G1 X104.725 Y111.863 E2.43088
G1 X104.138 Y111.818 E2.454
G1 X103.248 Y111.65 E2.48956
G1 X102.684 Y111.48 E2.51269
G1 X102.137 Y111.261 E2.53583
G1 X101.338 Y110.835 E2.57138
G1 X100.856 Y110.507 E2.59427
G1 X100.167 Y109.919 E2.62984
G1 X99.763 Y109.491 E2.65295
G1 X99.397 Y109.029 E2.67609
G1 X98.918 Y108.266 E2.71146
G1 X98.584 Y107.549 E2.74252
G1 X98.358 Y106.894 E2.76973
G1 X98.174 Y106.045 E2.80384
G1 X98.174 Y103.948 E2.88618
G1 X98.281 Y103.397 E2.90822
G1 X98.445 Y102.824 E2.93162
G1 X98.658 Y102.268 E2.955
G1 X98.918 Y101.732 E2.97839
G1 X99.221 Y101.227 E3.00151
G1 X99.767 Y100.505 E3.03705
G1 X100.171 Y100.076 E3.06019
G1 X100.616 Y99.68 E3.08358
G1 X101.093 Y99.324 E3.10695
G1 X101.6 Y99.01 E3.13037
G1 X102.131 Y98.742 E3.15372
G1 X102.684 Y98.52 E3.17712
G1 X103.254 Y98.348 E3.2005
G1 X103.837 Y98.225 E3.2239
G1 X104.423 Y98.154 E3.24708
G1 X105.221 Y98.14 E3.27842
G1 X105.269 Y98.144 E3.28031
G1 X105.342 Y97.741 F7800
;TYPE:External perimeter
G1 F884.349
G1 X105.971 Y97.796 E3.3051
G1 X106.59 Y97.911 E3.32982
G1 X107.198 Y98.079 E3.35459
G1 X107.788 Y98.298 E3.3793
G1 X108.637 Y98.724 E3.4166
G1 X109.165 Y99.065 E3.44128
G1 X109.662 Y99.45 E3.46596
G1 X110.345 Y100.111 E3.50328
G1 X110.748 Y100.594 E3.52798
G1 X111.045 Y101.019 E3.54834
G1 X111.609 Y102.063 E3.59493
G1 X111.881 Y102.786 E3.62526
G1 X112.029 Y103.314 E3.64679
G1 X112.136 Y103.837 E3.66775
G1 X112.21 Y104.463 E3.6925
G1 X112.233 Y104.998 E3.71353
G1 X112.171 Y105.946 E3.75083
G1 X112.063 Y106.565 E3.7755
G1 X111.901 Y107.175 E3.80028
G1 X111.687 Y107.766 E3.82496
G1 X111.27 Y108.618 E3.86221
G1 X110.746 Y109.408 E3.89943
G1 X110.344 Y109.891 E3.9241
G1 X109.901 Y110.338 E3.94881
G1 X109.163 Y110.936 E3.98611
G1 X108.635 Y111.277 E4.01079
G1 X108.078 Y111.572 E4.03554
G1 X107.496 Y111.818 E4.06035
G1 X106.898 Y112.011 E4.08502
G1 X106.076 Y112.187 E4.11803
G1 X105.341 Y112.265 E4.14705
G1 X104.711 Y112.271 E4.17179
G1 X104.084 Y112.222 E4.19648
G1 X103.151 Y112.046 E4.23376
G1 X102.549 Y111.864 E4.25845
G1 X101.965 Y111.63 E4.28315
G1 X101.127 Y111.184 E4.32042
G1 X100.609 Y110.831 E4.34503
G1 X99.886 Y110.214 E4.38235
G1 X99.455 Y109.757 E4.40702
G1 X99.064 Y109.264 E4.43173
G1 X98.56 Y108.461 E4.46896
G1 X98.206 Y107.702 E4.50184
G1 X97.965 Y107.004 E4.53083
G1 X97.766 Y106.089 E4.5676
G1 X97.766 Y103.909 E4.6532
G1 X97.885 Y103.302 E4.67749
G1 X98.058 Y102.695 E4.70227
G1 X98.284 Y102.106 E4.72704
G1 X98.56 Y101.539 E4.7518
G1 X98.883 Y100.999 E4.77651
G1 X99.456 Y100.241 E4.81382
G1 X99.887 Y99.784 E4.83849
G1 X100.358 Y99.364 E4.86327
G1 X100.864 Y98.987 E4.88805
G1 X101.4 Y98.655 E4.91281
G1 X101.963 Y98.37 E4.93759
G1 X102.549 Y98.136 E4.96237
G1 X103.153 Y97.953 E4.98715
G1 X103.77 Y97.823 E5.01191
G1 X104.395 Y97.747 E5.03663
G1 X105.235 Y97.732 E5.06962
G1 X105.282 Y97.736 E5.07147
G1 X105.68 Y97.771 F7800
;LAYER_CHANGE
;Z:3.35
;HEIGHT:0.2
G92 E0
G1 Z3.35 F7800
G1 X107.621 Y102.337
;TYPE:Perimeter
G1 F884.349
G1 X107.877 Y102.593 E.01422
G1 X108.038 Y102.804 E.02464
G1 X108.4 Y103.43 E.05303
G1 X108.599 Y103.955 E.07508
G1 X108.721 Y104.732 E.10596
G1 X108.739 Y105.133 E.12172
G1 X108.644 Y105.85 E.15012
G1 X108.452 Y106.406 E.17322
G1 X108.244 Y106.889 E.19387
G1 X107.942 Y107.297 E.2138
G1 X107.583 Y107.73 E.23589
G1 X107.19 Y108.06 E.25604
G1 X106.51 Y108.452 E.28686
G1 X105.955 Y108.642 E.30989
G1 X105.582 Y108.734 E.32497
G1 X105.056 Y108.784 E.34572
G1 X104.483 Y108.743 E.36828
G1 X104.052 Y108.676 E.38541
M73 P36 R7
G1 X103.52 Y108.505 E.40735
M73 Q36 S7
G1 X102.885 Y108.166 E.43561
G1 X102.345 Y107.739 E.46264
G1 X101.909 Y107.244 E.48854
G1 X101.633 Y106.782 E.50967
G1 X101.421 Y106.345 E.52874
G1 X101.252 Y105.766 E.55242
G1 X101.181 Y104.803 E.59033
G1 X101.297 Y104.067 E.61959
G1 X101.393 Y103.737 E.63308
G1 X101.698 Y103.081 E.66149
G1 X102.086 Y102.551 E.68728
G1 X102.362 Y102.247 E.7034
G1 X102.833 Y101.869 E.72711
G1 X103.428 Y101.537 E.75386
G1 X104.052 Y101.324 E.77975
G1 X104.7 Y101.23 E.80546
G1 X105.049 Y101.219 E.81917
G1 X105.625 Y101.27 E.84187
G1 X106.158 Y101.42 E.86361
G1 X106.529 Y101.558 E.87915
G1 X107.155 Y101.92 E.90754
G1 X107.365 Y102.082 E.91795
G1 X107.579 Y102.295 E.92981
G1 X107.328 Y102.63 F7800
G1 F884.349
G1 X107.525 Y102.817 E.94048
G1 X107.686 Y103.007 E.95026
G1 X108.048 Y103.634 E.97869
G1 X108.226 Y104.126 E.99923
G1 X108.318 Y104.786 E1.0254
G1 X108.335 Y105.08 E1.03696
G1 X108.241 Y105.797 E1.06535
G1 X107.923 Y106.619 E1.09996
G1 X107.619 Y107.049 E1.12064
G1 X107.311 Y107.428 E1.13982
G1 X106.899 Y107.77 E1.16084
G1 X106.314 Y108.095 E1.18712
G1 X105.542 Y108.328 E1.21878
G1 X105.017 Y108.379 E1.23949
G1 X104.292 Y108.313 E1.26807
G1 X103.753 Y108.155 E1.29012
G1 X103.081 Y107.809 E1.3198
G1 X102.606 Y107.428 E1.34371
G1 X102.221 Y106.982 E1.36684
G1 X101.863 Y106.354 E1.39522
G1 X101.643 Y105.652 E1.42411
G1 X101.588 Y104.785 E1.45822
G1 X101.697 Y104.146 E1.48367
G1 X101.762 Y103.909 E1.49332
G1 X102.067 Y103.253 E1.52173
G1 X102.404 Y102.806 E1.54371
G1 X102.616 Y102.564 E1.55634
G1 X103.087 Y102.186 E1.58005
G1 X103.616 Y101.898 E1.6037
G1 X104.175 Y101.712 E1.62683
G1 X104.747 Y101.634 E1.6495
G1 X105.488 Y101.662 E1.67862
G1 X106.044 Y101.811 E1.70122
G1 X106.325 Y101.911 E1.71293
G1 X106.951 Y102.273 E1.74132
G1 X107.285 Y102.589 E1.75937
G1 X107.043 Y102.915 F7800
;TYPE:External perimeter
G1 F884.349
G1 X107.237 Y103.105 E1.77003
G1 X107.535 Y103.561 E1.79142
G1 X107.738 Y103.95 E1.80865
G1 X107.856 Y104.399 E1.82688
G1 X107.932 Y104.973 E1.84961
G1 X107.837 Y105.744 E1.88011
G1 X107.547 Y106.463 E1.91055
G1 X107.08 Y107.084 E1.94106
G1 X106.679 Y107.426 E1.96175
G1 X106.118 Y107.738 E1.98695
G1 X105.542 Y107.916 E2.01062
G1 X105.009 Y107.971 E2.03166
G1 X104.336 Y107.908 E2.0582
G1 X103.837 Y107.755 E2.07869
G1 X103.277 Y107.452 E2.10369
G1 X102.868 Y107.116 E2.12447
G1 X102.532 Y106.721 E2.14483
G1 X102.22 Y106.158 E2.1701
G1 X102.034 Y105.538 E2.19552
G1 X101.994 Y104.767 E2.22583
G1 X102.096 Y104.226 E2.24745
G1 X102.225 Y103.879 E2.26199
G1 X102.436 Y103.425 E2.28165
G1 X102.84 Y102.913 E2.30726
G1 X103.342 Y102.504 E2.33268
G1 X103.804 Y102.259 E2.35321
G1 X104.297 Y102.1 E2.37355
G1 X104.794 Y102.039 E2.39321
G1 X105.456 Y102.068 E2.41923
G1 X106.077 Y102.244 E2.44457
G1 X106.748 Y102.625 E2.47487
G1 X107.001 Y102.873 E2.48878
G1 X107.269 Y103.17 F7800
G92 E0
G1 X105.316 Y98.557
;TYPE:Perimeter
G1 F884.349
G1 X105.862 Y98.604 E.02152
G1 X106.408 Y98.705 E.04332
G1 X106.948 Y98.854 E.06532
G1 X107.462 Y99.046 E.08686
G1 X108.233 Y99.432 E.12072
G1 X108.694 Y99.73 E.14227
G1 X109.128 Y100.067 E.16384
G1 X109.695 Y100.615 E.1948
G1 X109.989 Y100.956 E.21248
G1 X110.305 Y101.4 E.23388
G1 X110.602 Y101.862 E.25545
G1 X110.842 Y102.339 E.27642
G1 X111.051 Y102.859 E.29843
G1 X111.213 Y103.394 E.32038
G1 X111.329 Y103.943 E.34241
G1 X111.418 Y104.989 E.38363
G1 X111.362 Y105.849 E.41747
G1 X111.267 Y106.39 E.43904
G1 X111.123 Y106.931 E.46102
G1 X110.936 Y107.448 E.48261
G1 X110.664 Y108.004 E.50691
G1 X110.335 Y108.553 E.53204
G1 X110.045 Y108.977 E.55221
G1 X109.7 Y109.384 E.57316
G1 X109.272 Y109.8 E.5966
G1 X108.624 Y110.316 E.62912
G1 X108.172 Y110.601 E.6501
G1 X107.673 Y110.859 E.67216
G1 X107.105 Y111.089 E.69622
G1 X106.436 Y111.278 E.72352
G1 X105.852 Y111.391 E.74688
G1 X105.198 Y111.452 E.77267
G1 X104.599 Y111.445 E.79619
G1 X103.749 Y111.344 E.8298
G1 X102.804 Y111.089 E.86823
G1 X102.309 Y110.891 E.88916
G1 X101.548 Y110.486 E.92301
G1 X101.103 Y110.183 E.94415
G1 X100.503 Y109.671 E.97512
G1 X100.111 Y109.266 E.99725
G1 X99.775 Y108.85 E1.01825
G1 X99.501 Y108.428 E1.03801
G1 X99.129 Y107.755 E1.0682
G1 X98.916 Y107.263 E1.08925
G1 X98.732 Y106.712 E1.11206
G1 X98.581 Y106.018 E1.13995
G1 X98.581 Y103.988 E1.21966
G1 X98.677 Y103.492 E1.2395
G1 X98.831 Y102.953 E1.26151
G1 X99.032 Y102.43 E1.28351
G1 X99.277 Y101.926 E1.30551
G1 X99.56 Y101.453 E1.32715
G1 X100.008 Y100.854 E1.35652
G1 X100.459 Y100.365 E1.38264
G1 X100.874 Y99.996 E1.40444
G1 X101.323 Y99.661 E1.42644
G1 X101.799 Y99.366 E1.44843
G1 X102.299 Y99.113 E1.47043
G1 X102.819 Y98.905 E1.49242
G1 X103.355 Y98.742 E1.51442
G1 X103.903 Y98.627 E1.53641
G1 X104.451 Y98.56 E1.55809
G1 X105.199 Y98.547 E1.58746
G1 X105.257 Y98.552 E1.58975
G1 X105.329 Y98.149 F7800
G1 F884.349
G1 X105.917 Y98.2 E1.61292
G1 X106.499 Y98.308 E1.63616
G1 X107.073 Y98.466 E1.65954
M73 P37 R7
M73 Q37 S7
G1 X107.625 Y98.672 E1.68267
G1 X108.435 Y99.078 E1.71825
G1 X108.93 Y99.397 E1.74137
G1 X109.395 Y99.758 E1.76448
G1 X109.978 Y100.322 E1.79633
G1 X110.358 Y100.763 E1.81919
G1 X110.963 Y101.675 E1.86216
G1 X111.219 Y102.184 E1.88453
G1 X111.439 Y102.737 E1.9079
G1 X111.611 Y103.307 E1.93128
G1 X111.733 Y103.89 E1.95467
G1 X111.803 Y104.481 E1.97804
G1 X111.826 Y104.994 E1.9982
G1 X111.767 Y105.898 E2.03377
G1 X111.665 Y106.478 E2.05689
M73 P37 R6
G1 X111.512 Y107.053 E2.08025
G1 X111.311 Y107.607 E2.10339
G1 X110.916 Y108.415 E2.1387
G1 X110.419 Y109.164 E2.17399
G1 X110.042 Y109.617 E2.19713
G1 X109.628 Y110.036 E2.22026
G1 X108.924 Y110.606 E2.25583
G1 X108.429 Y110.926 E2.27897
G1 X107.903 Y111.204 E2.30233
G1 X107.354 Y111.436 E2.32573
G1 X106.792 Y111.618 E2.34892
G1 X106.02 Y111.783 E2.37992
G1 X105.317 Y111.858 E2.40768
G1 X104.725 Y111.863 E2.43093
G1 X104.201 Y111.823 E2.45156
G1 X103.664 Y111.742 E2.47288
G1 X102.675 Y111.476 E2.51309
G1 X102.137 Y111.261 E2.53584
G1 X101.338 Y110.835 E2.57139
G1 X100.856 Y110.507 E2.59428
G1 X100.167 Y109.919 E2.62985
G1 X99.763 Y109.491 E2.65296
G1 X99.397 Y109.029 E2.6761
M73 Q37 S6
G1 X98.918 Y108.266 E2.71147
G1 X98.696 Y107.79 E2.73209
G1 X98.494 Y107.287 E2.75337
G1 X98.274 Y106.556 E2.78334
G1 X98.174 Y106.055 E2.8034
G1 X98.174 Y103.948 E2.88613
G1 X98.281 Y103.397 E2.90817
G1 X98.445 Y102.824 E2.93157
G1 X98.658 Y102.268 E2.95495
G1 X98.918 Y101.733 E2.97831
G1 X99.222 Y101.226 E3.00152
G1 X99.694 Y100.593 E3.03252
G1 X100.174 Y100.074 E3.06028
G1 X100.616 Y99.68 E3.08353
G1 X101.093 Y99.324 E3.1069
G1 X101.6 Y99.01 E3.13032
G1 X102.131 Y98.742 E3.15367
G1 X102.684 Y98.52 E3.17707
G1 X103.254 Y98.348 E3.20045
G1 X103.837 Y98.225 E3.22385
G1 X104.423 Y98.154 E3.24703
G1 X105.213 Y98.139 E3.27805
G1 X105.269 Y98.144 E3.28026
G1 X105.342 Y97.742 F7800
;TYPE:External perimeter
G1 F884.349
G1 X105.971 Y97.796 E3.30505
G1 X106.59 Y97.911 E3.32977
G1 X107.198 Y98.079 E3.35454
G1 X107.788 Y98.298 E3.37925
G1 X108.637 Y98.724 E3.41655
G1 X109.165 Y99.065 E3.44123
G1 X109.662 Y99.45 E3.46591
G1 X110.345 Y100.111 E3.50323
G1 X110.671 Y100.503 E3.52325
G1 X110.983 Y100.95 E3.54465
G1 X111.325 Y101.488 E3.56968
G1 X111.595 Y102.029 E3.59342
G1 X111.828 Y102.615 E3.61818
G1 X112.029 Y103.314 E3.64674
G1 X112.136 Y103.837 E3.6677
G1 X112.21 Y104.463 E3.69245
G1 X112.233 Y104.998 E3.71348
G1 X112.171 Y105.946 E3.75078
G1 X112.063 Y106.565 E3.77545
G1 X111.901 Y107.175 E3.80023
G1 X111.687 Y107.766 E3.82491
G1 X111.27 Y108.618 E3.86216
G1 X110.746 Y109.408 E3.89938
G1 X110.344 Y109.891 E3.92405
G1 X109.901 Y110.338 E3.94876
G1 X109.163 Y110.936 E3.98606
G1 X108.635 Y111.277 E4.01074
G1 X108.078 Y111.572 E4.03549
G1 X107.496 Y111.818 E4.0603
G1 X106.898 Y112.011 E4.08497
G1 X106.084 Y112.185 E4.11765
G1 X105.341 Y112.265 E4.14699
G1 X104.711 Y112.271 E4.17173
G1 X104.082 Y112.222 E4.1965
G1 X103.578 Y112.141 E4.21654
G1 X102.546 Y111.863 E4.25851
G1 X101.965 Y111.63 E4.28309
G1 X101.127 Y111.184 E4.32036
G1 X100.609 Y110.831 E4.34497
G1 X99.886 Y110.214 E4.38229
G1 X99.455 Y109.757 E4.40696
G1 X99.064 Y109.264 E4.43167
G1 X98.56 Y108.461 E4.4689
G1 X98.327 Y107.962 E4.49052
G1 X98.109 Y107.42 E4.51346
G1 X97.879 Y106.653 E4.5449
G1 X97.766 Y106.092 E4.56737
G1 X97.766 Y103.909 E4.65308
G1 X97.885 Y103.302 E4.67737
G1 X98.058 Y102.695 E4.70215
G1 X98.284 Y102.106 E4.72692
G1 X98.56 Y101.539 E4.75168
G1 X98.883 Y100.999 E4.77639
G1 X99.381 Y100.332 E4.80907
G1 X99.888 Y99.783 E4.83841
G1 X100.358 Y99.364 E4.86313
G1 X100.864 Y98.987 E4.88791
G1 X101.4 Y98.655 E4.91267
G1 X101.963 Y98.37 E4.93745
G1 X102.549 Y98.136 E4.96223
G1 X103.153 Y97.953 E4.98701
G1 X103.77 Y97.823 E5.01177
G1 X104.395 Y97.747 E5.03649
G1 X105.227 Y97.732 E5.06916
G1 X105.282 Y97.737 E5.07133
G1 X105.68 Y97.771 F7800
;LAYER_CHANGE
;Z:3.55
;HEIGHT:0.2
G92 E0
G1 Z3.55 F7800
G1 X107.621 Y102.337
;TYPE:Perimeter
G1 F884.349
G1 X107.877 Y102.593 E.01422
G1 X108.049 Y102.822 E.02547
G1 X108.4 Y103.43 E.05304
G1 X108.599 Y103.955 E.07509
G1 X108.721 Y104.732 E.10597
G1 X108.739 Y105.133 E.12173
G1 X108.644 Y105.85 E.15013
G1 X108.452 Y106.406 E.17323
G1 X108.244 Y106.889 E.19388
G1 X107.942 Y107.297 E.21381
G1 X107.583 Y107.73 E.2359
G1 X107.19 Y108.06 E.25605
G1 X106.51 Y108.452 E.28687
G1 X105.963 Y108.637 E.30954
G1 X105.528 Y108.743 E.32712
M73 P38 R6
M73 Q38 S6
G1 X104.968 Y108.789 E.34918
G1 X104.431 Y108.752 E.37032
G1 X103.848 Y108.601 E.39397
G1 X103.409 Y108.453 E.41216
G1 X102.879 Y108.162 E.4359
G1 X102.284 Y107.657 E.46654
G1 X101.989 Y107.347 E.48334
G1 X101.654 Y106.845 E.50704
G1 X101.44 Y106.344 E.52843
G1 X101.258 Y105.816 E.55036
G1 X101.18 Y105.242 E.5731
G1 X101.199 Y104.56 E.59989
G1 X101.317 Y103.968 E.62359
G1 X101.667 Y103.149 E.65856
G1 X102.141 Y102.483 E.69066
G1 X102.362 Y102.247 E.70336
G1 X102.833 Y101.869 E.72707
G1 X103.428 Y101.537 E.75382
G1 X104.052 Y101.324 E.77971
G1 X104.701 Y101.229 E.80546
G1 X105.043 Y101.219 E.81889
G1 X105.545 Y101.258 E.83866
G1 X106.158 Y101.42 E.86356
G1 X106.529 Y101.558 E.8791
G1 X107.155 Y101.92 E.90749
G1 X107.365 Y102.082 E.9179
G1 X107.579 Y102.295 E.92976
G1 X107.328 Y102.63 F7800
G1 F884.349
G1 X107.525 Y102.817 E.94043
G1 X107.697 Y103.026 E.95106
G1 X108.048 Y103.634 E.97863
G1 X108.226 Y104.126 E.99917
G1 X108.318 Y104.786 E1.02534
G1 X108.335 Y105.08 E1.0369
G1 X108.241 Y105.797 E1.06529
G1 X107.923 Y106.619 E1.0999
G1 X107.619 Y107.049 E1.12058
G1 X107.311 Y107.428 E1.13976
G1 X106.899 Y107.77 E1.16078
G1 X106.314 Y108.095 E1.18706
G1 X105.61 Y108.316 E1.21603
G1 X105.064 Y108.375 E1.23759
G1 X104.557 Y108.357 E1.25751
G1 X103.954 Y108.208 E1.2819
G1 X103.604 Y108.096 E1.29633
G1 X103.075 Y107.805 E1.32004
G1 X102.56 Y107.357 E1.34684
G1 X102.279 Y107.048 E1.36324
G1 X101.993 Y106.619 E1.38348
G1 X101.689 Y105.836 E1.41646
G1 X101.594 Y105.335 E1.43648
G1 X101.587 Y104.758 E1.45914
G1 X101.697 Y104.146 E1.48355
G1 X101.762 Y103.909 E1.4932
G1 X102.067 Y103.253 E1.52161
G1 X102.458 Y102.738 E1.547
G1 X102.819 Y102.402 E1.56636
G1 X103.26 Y102.083 E1.58773
G1 X103.714 Y101.857 E1.60764
G1 X104.232 Y101.697 E1.62893
G1 X104.748 Y101.634 E1.64934
G1 X105.487 Y101.662 E1.67838
G1 X106.044 Y101.811 E1.70102
G1 X106.325 Y101.911 E1.71273
G1 X106.951 Y102.273 E1.74112
G1 X107.285 Y102.589 E1.75917
G1 X107.039 Y102.92 F7800
;TYPE:External perimeter
G1 F884.349
G1 X107.344 Y103.229 E1.77622
G1 X107.697 Y103.84 E1.80393
G1 X107.837 Y104.256 E1.82116
G1 X107.932 Y104.973 E1.84956
G1 X107.837 Y105.744 E1.88006
G1 X107.547 Y106.463 E1.9105
G1 X107.08 Y107.084 E1.94101
G1 X106.679 Y107.426 E1.9617
G1 X106.118 Y107.738 E1.9869
G1 X105.497 Y107.925 E2.01236
G1 X104.976 Y107.974 E2.03291
G1 X104.463 Y107.923 E2.05315
G1 X103.846 Y107.757 E2.07824
G1 X103.277 Y107.452 E2.10359
G1 X102.835 Y107.057 E2.12687
G1 X102.618 Y106.822 E2.13943
G1 X102.331 Y106.393 E2.1597
G1 X102.071 Y105.696 E2.18891
G1 X101.994 Y105.242 E2.20699
G1 X101.998 Y104.719 E2.22753
G1 X102.116 Y104.127 E2.25123
G1 X102.405 Y103.493 E2.27859
G1 X102.776 Y102.993 E2.30304
G1 X103.342 Y102.504 E2.33241
G1 X103.804 Y102.259 E2.35294
G1 X104.297 Y102.1 E2.37328
G1 X104.796 Y102.038 E2.39302
G1 X105.456 Y102.068 E2.41896
G1 X106.077 Y102.244 E2.4443
G1 X106.748 Y102.625 E2.4746
G1 X106.996 Y102.877 E2.48848
G1 X107.277 Y103.162 F7800
G92 E0
G1 X105.316 Y98.557
;TYPE:Perimeter
G1 F884.349
G1 X105.862 Y98.604 E.02152
G1 X106.408 Y98.705 E.04332
G1 X106.948 Y98.854 E.06532
G1 X107.462 Y99.046 E.08686
G1 X108.233 Y99.432 E.12072
G1 X108.694 Y99.73 E.14227
G1 X109.128 Y100.067 E.16384
G1 X109.695 Y100.615 E.1948
G1 X110.066 Y101.048 E.21719
G1 X110.38 Y101.499 E.23877
G1 X110.857 Y102.373 E.27787
G1 X111.051 Y102.859 E.29842
G1 X111.213 Y103.394 E.32037
G1 X111.329 Y103.943 E.3424
G1 X111.418 Y104.989 E.38362
G1 X111.362 Y105.849 E.41746
G1 X111.267 Y106.39 E.43903
G1 X111.123 Y106.931 E.46101
G1 X110.936 Y107.448 E.4826
G1 X110.562 Y108.212 E.516
G1 X110.092 Y108.921 E.5494
G1 X109.741 Y109.343 E.57095
G1 X109.354 Y109.733 E.59252
G1 X108.685 Y110.276 E.62635
G1 X108.223 Y110.574 E.64794
G1 X107.728 Y110.836 E.66993
G1 X107.212 Y111.054 E.69192
G1 X106.687 Y111.224 E.71359
G1 X105.963 Y111.379 E.74266
G1 X105.294 Y111.451 E.76908
G1 X104.739 Y111.456 E.79087
G1 X104.181 Y111.413 E.81284
G1 X103.628 Y111.321 E.83485
G1 X103.096 Y111.185 E.85641
G1 X102.299 Y110.886 E.88983
G1 X101.548 Y110.486 E.92324
G1 X101.103 Y110.183 E.94438
G1 X100.448 Y109.624 E.97819
G1 X100.071 Y109.224 E.99977
G1 X99.73 Y108.793 E1.02135
G1 X99.278 Y108.073 E1.05473
G1 X98.922 Y107.3 E1.08815
G1 X98.752 Y106.789 E1.1093
G1 X98.581 Y106.001 E1.14096
G1 X98.581 Y103.988 E1.22
G1 X98.677 Y103.492 E1.23984
G1 X98.831 Y102.953 E1.26185
G1 X99.032 Y102.43 E1.28385
G1 X99.273 Y101.933 E1.30554
G1 X99.663 Y101.304 E1.3346
G1 X100.075 Y100.772 E1.36102
G1 X100.455 Y100.368 E1.3828
G1 X100.874 Y99.996 E1.4048
G1 X101.323 Y99.661 E1.4268
G1 X101.799 Y99.366 E1.44879
G1 X102.299 Y99.113 E1.47079
G1 X102.819 Y98.905 E1.49278
G1 X103.355 Y98.742 E1.51478
G1 X103.903 Y98.627 E1.53677
G1 X104.451 Y98.56 E1.55845
G1 X105.191 Y98.546 E1.58751
M73 P39 R6
G1 X105.257 Y98.552 E1.59011
M73 Q39 S6
G1 X105.329 Y98.15 F7800
G1 F884.349
G1 X105.917 Y98.2 E1.61328
G1 X106.499 Y98.308 E1.63652
G1 X107.073 Y98.466 E1.6599
G1 X107.625 Y98.672 E1.68303
G1 X108.435 Y99.078 E1.71861
G1 X108.93 Y99.397 E1.74173
G1 X109.395 Y99.758 E1.76484
G1 X110.046 Y100.388 E1.80041
G1 X110.424 Y100.842 E1.82361
G1 X110.735 Y101.301 E1.84538
G1 X111.233 Y102.219 E1.88639
G1 X111.439 Y102.737 E1.90828
G1 X111.611 Y103.307 E1.93166
G1 X111.733 Y103.89 E1.95505
G1 X111.803 Y104.481 E1.97842
G1 X111.826 Y104.994 E1.99858
G1 X111.767 Y105.898 E2.03415
G1 X111.665 Y106.478 E2.05727
G1 X111.512 Y107.053 E2.08063
G1 X111.311 Y107.607 E2.10377
G1 X110.916 Y108.415 E2.13908
G1 X110.419 Y109.164 E2.17437
G1 X110.042 Y109.617 E2.19751
G1 X109.628 Y110.036 E2.22064
G1 X108.924 Y110.606 E2.25621
G1 X108.429 Y110.926 E2.27935
G1 X107.903 Y111.204 E2.30271
G1 X107.354 Y111.436 E2.32611
G1 X106.792 Y111.618 E2.3493
G1 X106.028 Y111.782 E2.37998
G1 X105.317 Y111.858 E2.40806
G1 X104.725 Y111.863 E2.43131
G1 X104.131 Y111.817 E2.4547
G1 X103.544 Y111.72 E2.47806
G1 X102.973 Y111.574 E2.5012
G1 X102.131 Y111.258 E2.53651
G1 X101.338 Y110.835 E2.5718
G1 X100.856 Y110.507 E2.59469
G1 X100.167 Y109.919 E2.63026
G1 X99.763 Y109.491 E2.65337
G1 X99.397 Y109.029 E2.67651
G1 X98.919 Y108.267 E2.71183
G1 X98.543 Y107.45 E2.74714
G1 X98.359 Y106.897 E2.77002
G1 X98.174 Y106.045 E2.80425
G1 X98.174 Y103.948 E2.88659
G1 X98.281 Y103.397 E2.90863
G1 X98.445 Y102.824 E2.93203
G1 X98.658 Y102.268 E2.95541
G1 X98.916 Y101.737 E2.97859
G1 X99.328 Y101.072 E3.00931
G1 X99.765 Y100.507 E3.03736
G1 X100.171 Y100.076 E3.06061
G1 X100.616 Y99.68 E3.084
G1 X101.093 Y99.324 E3.10737
G1 X101.6 Y99.01 E3.13079
G1 X102.131 Y98.742 E3.15414
G1 X102.684 Y98.52 E3.17754
G1 X103.254 Y98.348 E3.20092
G1 X103.837 Y98.225 E3.22432
G1 X104.423 Y98.154 E3.2475
G1 X105.205 Y98.139 E3.27821
G1 X105.269 Y98.145 E3.28073
G1 X105.342 Y97.742 F7800
;TYPE:External perimeter
G1 F884.349
G1 X105.971 Y97.796 E3.30552
G1 X106.59 Y97.911 E3.33024
G1 X107.198 Y98.079 E3.35501
G1 X107.788 Y98.298 E3.37972
G1 X108.532 Y98.671 E3.4124
G1 X108.992 Y98.953 E3.43359
G1 X109.403 Y99.249 E3.45348
G1 X109.806 Y99.59 E3.47421
G1 X110.478 Y100.27 E3.51175
G1 X110.798 Y100.666 E3.53174
G1 X111.091 Y101.103 E3.5524
G1 X111.609 Y102.064 E3.59527
G1 X111.828 Y102.615 E3.61855
G1 X112.029 Y103.314 E3.64711
G1 X112.136 Y103.837 E3.66807
G1 X112.21 Y104.463 E3.69282
G1 X112.233 Y104.998 E3.71385
G1 X112.171 Y105.946 E3.75115
G1 X112.063 Y106.565 E3.77582
G1 X111.901 Y107.175 E3.8006
G1 X111.687 Y107.766 E3.82528
G1 X111.27 Y108.618 E3.86253
G1 X110.746 Y109.408 E3.89975
G1 X110.344 Y109.891 E3.92442
G1 X109.901 Y110.338 E3.94913
G1 X109.163 Y110.936 E3.98643
G1 X108.635 Y111.277 E4.01111
G1 X108.078 Y111.572 E4.03586
G1 X107.496 Y111.818 E4.06067
G1 X106.898 Y112.011 E4.08534
G1 X106.092 Y112.184 E4.11771
G1 X105.341 Y112.265 E4.14737
G1 X104.711 Y112.271 E4.17211
G1 X104.082 Y112.222 E4.19688
G1 X103.46 Y112.119 E4.22164
G1 X102.851 Y111.963 E4.24632
G1 X101.963 Y111.629 E4.28357
G1 X101.127 Y111.184 E4.32076
G1 X100.609 Y110.831 E4.34537
G1 X99.886 Y110.214 E4.38269
G1 X99.455 Y109.757 E4.40736
G1 X99.064 Y109.264 E4.43207
G1 X98.56 Y108.461 E4.4693
G1 X98.164 Y107.6 E4.50651
G1 X97.966 Y107.005 E4.53113
G1 X97.766 Y106.089 E4.56794
G1 X97.766 Y103.909 E4.65354
G1 X97.885 Y103.302 E4.67783
G1 X98.058 Y102.695 E4.70261
G1 X98.284 Y102.106 E4.72738
G1 X98.559 Y101.54 E4.75209
G1 X98.993 Y100.84 E4.78443
G1 X99.455 Y100.242 E4.8141
G1 X99.887 Y99.784 E4.83882
G1 X100.358 Y99.364 E4.8636
G1 X100.864 Y98.987 E4.88838
G1 X101.4 Y98.655 E4.91314
G1 X101.963 Y98.37 E4.93792
G1 X102.549 Y98.136 E4.9627
G1 X103.153 Y97.953 E4.98748
G1 X103.77 Y97.823 E5.01224
G1 X104.395 Y97.747 E5.03696
G1 X105.219 Y97.732 E5.06932
G1 X105.282 Y97.737 E5.0718
G1 X105.68 Y97.771 F7800
;LAYER_CHANGE
;Z:3.75
;HEIGHT:0.2
G92 E0
G1 Z3.75 F7800
G1 X107.621 Y102.338
;TYPE:Perimeter
G1 F884.349
G1 X107.918 Y102.637 E.01655
G1 X108.4 Y103.43 E.05299
G1 X108.599 Y103.955 E.07504
G1 X108.721 Y104.732 E.10592
G1 X108.739 Y105.133 E.12168
G1 X108.644 Y105.85 E.15008
G1 X108.452 Y106.406 E.17318
G1 X108.244 Y106.889 E.19383
G1 X107.942 Y107.297 E.21376
G1 X107.583 Y107.73 E.23585
M73 P40 R6
G1 X107.19 Y108.06 E.256
M73 Q40 S6
G1 X106.51 Y108.452 E.28682
G1 X105.962 Y108.637 E.30953
G1 X105.528 Y108.743 E.32707
G1 X104.968 Y108.789 E.34913
G1 X104.416 Y108.749 E.37086
G1 X103.635 Y108.544 E.40256
G1 X103.123 Y108.313 E.42461
G1 X102.379 Y107.767 E.46085
G1 X101.909 Y107.244 E.48846
G1 X101.63 Y106.808 E.50878
G1 X101.405 Y106.295 E.53077
G1 X101.317 Y106.032 E.54166
G1 X101.199 Y105.44 E.56536
G1 X101.18 Y104.758 E.59215
G1 X101.297 Y104.067 E.61967
G1 X101.393 Y103.737 E.63316
G1 X101.698 Y103.081 E.66157
G1 X102.078 Y102.562 E.68683
G1 X102.362 Y102.247 E.70348
G1 X102.833 Y101.869 E.72719
G1 X103.428 Y101.537 E.75394
G1 X104.052 Y101.324 E.77983
G1 X104.702 Y101.229 E.80562
G1 X105.037 Y101.219 E.81878
G1 X105.545 Y101.258 E.83879
G1 X106.158 Y101.42 E.86369
G1 X106.529 Y101.558 E.87923
G1 X107.155 Y101.92 E.90762
G1 X107.538 Y102.254 E.92757
G1 X107.579 Y102.295 E.92985
G1 X107.327 Y102.631 F7800
G1 F884.349
G1 X107.589 Y102.881 E.94407
G1 X108.048 Y103.634 E.9787
G1 X108.226 Y104.126 E.99924
G1 X108.318 Y104.786 E1.02541
G1 X108.335 Y105.08 E1.03697
G1 X108.241 Y105.797 E1.06536
G1 X107.923 Y106.619 E1.09997
G1 X107.619 Y107.049 E1.12065
G1 X107.311 Y107.428 E1.13983
G1 X106.899 Y107.77 E1.16085
G1 X106.314 Y108.095 E1.18713
G1 X105.61 Y108.316 E1.2161
G1 X105.063 Y108.375 E1.2377
G1 X104.557 Y108.357 E1.25758
G1 X103.74 Y108.15 E1.29067
G1 X103.286 Y107.939 E1.31033
G1 X102.627 Y107.444 E1.34269
G1 X102.221 Y106.982 E1.36684
G1 X101.945 Y106.535 E1.38747
G1 X101.751 Y106.067 E1.40736
G1 X101.587 Y105.242 E1.44039
G1 X101.599 Y104.639 E1.46407
G1 X101.716 Y104.048 E1.48773
G1 X102.043 Y103.304 E1.51964
G1 X102.395 Y102.817 E1.54323
G1 X102.616 Y102.564 E1.55642
G1 X103.087 Y102.186 E1.58013
G1 X103.616 Y101.898 E1.60378
G1 X104.175 Y101.712 E1.62691
G1 X104.75 Y101.633 E1.6497
G1 X105.487 Y101.662 E1.67866
G1 X106.044 Y101.811 E1.7013
G1 X106.325 Y101.911 E1.71301
G1 X106.951 Y102.273 E1.7414
G1 X107.284 Y102.59 E1.75945
G1 X107.043 Y102.915 F7800
;TYPE:External perimeter
G1 F884.349
G1 X107.301 Y103.169 E1.77367
G1 X107.695 Y103.837 E1.80412
G1 X107.837 Y104.256 E1.82149
G1 X107.932 Y104.973 E1.84989
G1 X107.837 Y105.744 E1.88039
G1 X107.547 Y106.463 E1.91083
G1 X107.08 Y107.084 E1.94134
G1 X106.679 Y107.426 E1.96203
G1 X106.118 Y107.738 E1.98723
G1 X105.497 Y107.925 E2.01269
G1 X104.976 Y107.974 E2.03324
G1 X104.544 Y107.944 E2.05024
G1 X103.842 Y107.756 E2.07878
G1 X103.449 Y107.562 E2.09599
G1 X102.875 Y107.121 E2.12441
G1 X102.532 Y106.721 E2.1451
G1 X102.312 Y106.358 E2.16177
G1 X102.118 Y105.885 E2.18184
G1 X101.998 Y105.281 E2.20602
G1 X101.994 Y104.758 E2.22656
G1 X102.096 Y104.226 E2.24783
G1 X102.225 Y103.879 E2.26237
G1 X102.436 Y103.425 E2.28203
G1 X102.84 Y102.913 E2.30764
G1 X103.342 Y102.504 E2.33306
G1 X103.804 Y102.259 E2.35359
G1 X104.297 Y102.1 E2.37393
G1 X104.797 Y102.038 E2.39371
G1 X105.456 Y102.068 E2.41961
G1 X106.077 Y102.244 E2.44495
G1 X106.748 Y102.625 E2.47525
G1 X107 Y102.873 E2.48913
G1 X107.28 Y103.16 F7800
G92 E0
G1 X105.316 Y98.558
;TYPE:Perimeter
G1 F884.349
G1 X105.927 Y98.616 E.0241
G1 X106.464 Y98.72 E.04558
G1 X107.305 Y98.987 E.08023
G1 X107.793 Y99.212 E.10133
G1 X108.294 Y99.472 E.12349
G1 X108.904 Y99.892 E.15257
G1 X109.448 Y100.358 E.1807
G1 X110.06 Y101.047 E.21688
G1 X110.375 Y101.493 E.23832
G1 X110.857 Y102.374 E.27775
G1 X111.051 Y102.859 E.29826
G1 X111.213 Y103.394 E.32021
G1 X111.329 Y103.943 E.34224
G1 X111.418 Y104.989 E.38346
G1 X111.362 Y105.849 E.4173
G1 X111.267 Y106.39 E.43887
G1 X111.123 Y106.931 E.46085
G1 X110.936 Y107.448 E.48244
G1 X110.562 Y108.212 E.51584
G1 X110.092 Y108.921 E.54924
G1 X109.741 Y109.343 E.57079
G1 X109.354 Y109.733 E.59236
G1 X108.685 Y110.276 E.62619
G1 X108.223 Y110.574 E.64778
G1 X107.728 Y110.836 E.66977
G1 X107.212 Y111.054 E.69176
G1 X106.686 Y111.224 E.71347
G1 X105.971 Y111.378 E.74219
G1 X105.293 Y111.451 E.76897
G1 X104.739 Y111.456 E.79072
G1 X104.188 Y111.413 E.81242
G1 X103.468 Y111.283 E.84115
G1 X102.813 Y111.093 E.86793
G1 X102.309 Y110.891 E.88925
G1 X101.548 Y110.486 E.9231
G1 X101.103 Y110.183 E.94424
G1 X100.448 Y109.624 E.97805
G1 X100.071 Y109.224 E.99963
G1 X99.73 Y108.793 E1.02121
G1 X99.278 Y108.073 E1.05459
G1 X98.922 Y107.3 E1.08801
G1 X98.752 Y106.789 E1.10916
G1 X98.581 Y106.001 E1.14082
G1 X98.581 Y104.758 E1.18963
G1 X98.605 Y103.861 E1.22486
G1 X98.721 Y103.339 E1.24586
G1 X98.872 Y102.848 E1.26603
G1 X99.057 Y102.378 E1.28586
G1 X99.336 Y101.828 E1.31008
G1 X99.717 Y101.242 E1.33752
G1 X100.046 Y100.814 E1.35872
G1 X100.509 Y100.321 E1.38528
G1 X100.92 Y99.961 E1.40673
G1 X101.372 Y99.63 E1.42873
G1 X101.851 Y99.339 E1.45074
G1 X102.353 Y99.091 E1.47272
G1 X102.875 Y98.888 E1.49471
G1 X103.412 Y98.73 E1.51669
M73 P41 R6
G1 X103.961 Y98.62 E1.53867
M73 Q41 S6
G1 X104.607 Y98.557 E1.56416
G1 X105.253 Y98.552 E1.58953
G1 X105.256 Y98.552 E1.58965
G1 X105.329 Y98.15 F7800
G1 F884.349
G1 X105.917 Y98.2 E1.61282
G1 X106.499 Y98.308 E1.63606
G1 X107.073 Y98.466 E1.65944
G1 X107.625 Y98.672 E1.68257
G1 X108.435 Y99.078 E1.71815
G1 X108.93 Y99.397 E1.74127
G1 X109.346 Y99.72 E1.76195
G1 X109.738 Y100.072 E1.78264
G1 X110.43 Y100.85 E1.82352
G1 X110.731 Y101.294 E1.84458
G1 X111.233 Y102.219 E1.8859
G1 X111.439 Y102.737 E1.90779
G1 X111.611 Y103.307 E1.93117
G1 X111.733 Y103.89 E1.95456
G1 X111.803 Y104.481 E1.97793
G1 X111.826 Y104.994 E1.99809
G1 X111.767 Y105.898 E2.03366
G1 X111.665 Y106.478 E2.05678
G1 X111.512 Y107.053 E2.08014
G1 X111.311 Y107.607 E2.10328
G1 X110.916 Y108.415 E2.13859
G1 X110.419 Y109.164 E2.17388
G1 X110.042 Y109.617 E2.19702
G1 X109.628 Y110.036 E2.22015
G1 X108.924 Y110.606 E2.25572
G1 X108.429 Y110.926 E2.27886
G1 X107.903 Y111.204 E2.30222
G1 X107.354 Y111.436 E2.32562
G1 X106.792 Y111.618 E2.34881
G1 X106.035 Y111.78 E2.37921
G1 X105.317 Y111.858 E2.40757
G1 X104.725 Y111.863 E2.43082
G1 X104.136 Y111.818 E2.45401
G1 X103.374 Y111.68 E2.48442
G1 X102.681 Y111.478 E2.51276
G1 X102.137 Y111.261 E2.53576
G1 X101.338 Y110.835 E2.57131
G1 X100.856 Y110.507 E2.5942
G1 X100.167 Y109.919 E2.62977
G1 X99.763 Y109.491 E2.65288
G1 X99.397 Y109.029 E2.67602
G1 X98.919 Y108.267 E2.71134
G1 X98.543 Y107.45 E2.74665
G1 X98.359 Y106.897 E2.76953
G1 X98.174 Y106.045 E2.80376
G1 X98.174 Y103.948 E2.8861
G1 X98.281 Y103.397 E2.90814
G1 X98.445 Y102.824 E2.93154
G1 X98.658 Y102.268 E2.95492
G1 X98.918 Y101.732 E2.97831
G1 X99.222 Y101.225 E3.00152
G1 X99.684 Y100.605 E3.03188
G1 X100.174 Y100.074 E3.06025
G1 X100.616 Y99.68 E3.0835
G1 X101.093 Y99.324 E3.10687
G1 X101.6 Y99.01 E3.13029
G1 X102.131 Y98.742 E3.15364
G1 X102.684 Y98.52 E3.17704
G1 X103.254 Y98.348 E3.20042
G1 X103.837 Y98.225 E3.22382
G1 X104.423 Y98.154 E3.247
G1 X105.197 Y98.139 E3.2774
G1 X105.269 Y98.145 E3.28024
G1 X105.342 Y97.743 F7800
;TYPE:External perimeter
G1 F884.349
G1 X105.971 Y97.796 E3.30502
G1 X106.59 Y97.911 E3.32974
G1 X107.198 Y98.079 E3.35451
G1 X107.788 Y98.298 E3.37922
G1 X108.637 Y98.724 E3.41652
G1 X109.165 Y99.065 E3.4412
G1 X109.595 Y99.399 E3.46258
G1 X110.029 Y99.785 E3.48539
G1 X110.75 Y100.597 E3.52803
G1 X111.086 Y101.096 E3.55165
G1 X111.61 Y102.064 E3.59487
G1 X111.828 Y102.615 E3.61814
G1 X112.029 Y103.314 E3.6467
G1 X112.136 Y103.837 E3.66766
G1 X112.21 Y104.463 E3.69241
G1 X112.233 Y104.998 E3.71344
G1 X112.171 Y105.946 E3.75074
G1 X112.063 Y106.565 E3.77541
G1 X111.901 Y107.175 E3.80019
G1 X111.687 Y107.766 E3.82487
G1 X111.27 Y108.618 E3.86212
G1 X110.746 Y109.408 E3.89934
G1 X110.344 Y109.891 E3.92401
G1 X109.901 Y110.338 E3.94872
G1 X109.163 Y110.936 E3.98602
G1 X108.635 Y111.277 E4.0107
G1 X108.078 Y111.572 E4.03545
G1 X107.496 Y111.818 E4.06026
G1 X106.898 Y112.011 E4.08493
G1 X106.1 Y112.183 E4.11698
G1 X105.341 Y112.265 E4.14696
G1 X104.711 Y112.271 E4.1717
G1 X104.084 Y112.222 E4.19639
G1 X103.281 Y112.077 E4.22843
G1 X102.548 Y111.864 E4.2584
G1 X101.965 Y111.63 E4.28307
G1 X101.127 Y111.184 E4.32034
G1 X100.609 Y110.831 E4.34495
G1 X99.886 Y110.214 E4.38227
G1 X99.455 Y109.757 E4.40694
G1 X99.064 Y109.264 E4.43165
G1 X98.56 Y108.461 E4.46888
G1 X98.164 Y107.6 E4.50609
G1 X97.966 Y107.005 E4.53071
G1 X97.766 Y106.089 E4.56752
G1 X97.766 Y103.909 E4.65312
G1 X97.885 Y103.302 E4.67741
G1 X98.058 Y102.695 E4.70219
G1 X98.284 Y102.106 E4.72696
G1 X98.56 Y101.539 E4.75172
G1 X98.883 Y100.999 E4.77643
G1 X99.371 Y100.345 E4.80847
G1 X99.888 Y99.783 E4.83845
G1 X100.358 Y99.364 E4.86317
G1 X100.864 Y98.987 E4.88795
G1 X101.4 Y98.655 E4.91271
G1 X101.963 Y98.37 E4.93749
G1 X102.549 Y98.136 E4.96227
G1 X103.153 Y97.953 E4.98705
G1 X103.77 Y97.823 E5.01181
G1 X104.395 Y97.747 E5.03653
G1 X105.211 Y97.731 E5.06858
G1 X105.282 Y97.737 E5.07138
G1 X105.68 Y97.771 F7800
;LAYER_CHANGE
;Z:3.95
;HEIGHT:0.2
G92 E0
G1 Z3.95 F7800
G1 X107.621 Y102.337
;TYPE:Perimeter
G1 F884.349
G1 X107.785 Y102.484 E.00865
G1 X108.263 Y103.155 E.041
G1 X108.519 Y103.747 E.06632
G1 X108.644 Y104.15 E.08289
G1 X108.739 Y104.867 E.11129
G1 X108.689 Y105.513 E.13673
G1 X108.591 Y106.069 E.1589
M73 P42 R6
G1 X108.299 Y106.775 E.1889
M73 Q42 S6
G1 X107.942 Y107.297 E.21373
G1 X107.583 Y107.73 E.23582
G1 X107.19 Y108.06 E.25597
G1 X106.51 Y108.452 E.28679
G1 X105.945 Y108.642 E.3102
G1 X105.528 Y108.743 E.32705
G1 X105.013 Y108.788 E.34735
G1 X104.468 Y108.745 E.36882
G1 X104.116 Y108.69 E.38281
G1 X103.602 Y108.534 E.4039
G1 X102.885 Y108.166 E.43554
G1 X102.345 Y107.74 E.46255
G1 X101.863 Y107.178 E.49162
G1 X101.5 Y106.54 E.52044
G1 X101.322 Y106.016 E.54217
G1 X101.227 Y105.634 E.55763
G1 X101.174 Y105.1 E.5787
G1 X101.23 Y104.351 E.60819
G1 X101.472 Y103.517 E.64229
G1 X101.762 Y102.973 E.6665
G1 X102.212 Y102.395 E.69526
G1 X102.833 Y101.869 E.72721
G1 X103.428 Y101.537 E.75396
G1 X104.052 Y101.324 E.77985
G1 X104.703 Y101.229 E.80568
G1 X105.031 Y101.219 E.81856
G1 X105.546 Y101.258 E.83884
G1 X106.158 Y101.42 E.8637
G1 X106.529 Y101.558 E.87924
G1 X107.155 Y101.92 E.90763
G1 X107.577 Y102.297 E.92985
G1 X107.335 Y102.623 F7800
G1 F884.349
G1 X107.504 Y102.778 E.93885
G1 X107.925 Y103.381 E.96773
G1 X108.14 Y103.894 E.98957
G1 X108.241 Y104.203 E1.00233
G1 X108.335 Y104.92 E1.03072
G1 X108.285 Y105.46 E1.05201
G1 X108.2 Y105.951 E1.07158
G1 X107.923 Y106.619 E1.09997
G1 X107.619 Y107.049 E1.12065
G1 X107.311 Y107.428 E1.13983
G1 X106.899 Y107.77 E1.16085
G1 X106.314 Y108.095 E1.18713
G1 X105.832 Y108.251 E1.20702
G1 X105.493 Y108.338 E1.22076
G1 X104.991 Y108.381 E1.24054
G1 X104.35 Y108.324 E1.26581
G1 X103.756 Y108.156 E1.29005
G1 X103.081 Y107.809 E1.31985
G1 X102.607 Y107.428 E1.34373
G1 X102.178 Y106.92 E1.36984
G1 X101.859 Y106.348 E1.39556
G1 X101.655 Y105.71 E1.42186
G1 X101.579 Y105.06 E1.44756
G1 X101.635 Y104.391 E1.47392
G1 X101.843 Y103.686 E1.50278
G1 X102.121 Y103.166 E1.52593
G1 X102.527 Y102.653 E1.55162
G1 X103.087 Y102.186 E1.58025
G1 X103.616 Y101.898 E1.6039
G1 X104.175 Y101.712 E1.62703
G1 X104.751 Y101.633 E1.64986
G1 X105.487 Y101.662 E1.67878
G1 X106.044 Y101.811 E1.70142
G1 X106.325 Y101.911 E1.71313
G1 X106.951 Y102.273 E1.74152
G1 X107.291 Y102.583 E1.75959
G1 X107.05 Y102.909 F7800
;TYPE:External perimeter
G1 F884.349
G1 X107.222 Y103.072 E1.76889
G1 X107.586 Y103.607 E1.7943
G1 X107.825 Y104.209 E1.81973
G1 X107.932 Y105.027 E1.85212
G1 X107.837 Y105.744 E1.88052
G1 X107.547 Y106.463 E1.91096
G1 X107.08 Y107.084 E1.94147
G1 X106.679 Y107.426 E1.96216
G1 X106.118 Y107.738 E1.98736
G1 X105.497 Y107.925 E2.01282
G1 X104.977 Y107.974 E2.03333
G1 X104.391 Y107.919 E2.05644
G1 X103.875 Y107.766 E2.07757
G1 X103.277 Y107.452 E2.10409
G1 X102.868 Y107.116 E2.12487
G1 X102.493 Y106.663 E2.14796
G1 X102.218 Y106.157 E2.17057
G1 X102.045 Y105.593 E2.19373
G1 X101.984 Y105.02 E2.21636
G1 X102.04 Y104.432 E2.23955
G1 X102.203 Y103.88 E2.26215
G1 X102.479 Y103.359 E2.2853
G1 X102.841 Y102.911 E2.30792
G1 X103.342 Y102.504 E2.33326
G1 X103.804 Y102.259 E2.35379
G1 X104.297 Y102.1 E2.37413
G1 X104.799 Y102.037 E2.394
G1 X105.456 Y102.068 E2.41983
G1 X106.077 Y102.244 E2.44517
G1 X106.748 Y102.625 E2.47547
G1 X107.006 Y102.868 E2.48939
G1 X107.275 Y103.164 F7800
G92 E0
G1 X105.316 Y98.558
;TYPE:Perimeter
G1 F884.349
G1 X105.928 Y98.616 E.02414
G1 X106.464 Y98.72 E.04558
G1 X107.305 Y98.987 E.08023
G1 X107.793 Y99.212 E.10133
G1 X108.294 Y99.472 E.12349
G1 X108.74 Y99.765 E.14444
G1 X109.203 Y100.139 E.16781
G1 X109.794 Y100.721 E.20038
G1 X110.153 Y101.172 E.22301
G1 X110.601 Y101.862 E.25531
G1 X110.85 Y102.357 E.27707
G1 X111.051 Y102.859 E.2983
G1 X111.213 Y103.394 E.32025
G1 X111.329 Y103.943 E.34228
G1 X111.418 Y104.989 E.3835
G1 X111.362 Y105.849 E.41734
G1 X111.267 Y106.39 E.43891
G1 X111.123 Y106.931 E.46089
G1 X110.936 Y107.448 E.48248
G1 X110.562 Y108.212 E.51588
G1 X110.092 Y108.921 E.54928
G1 X109.741 Y109.343 E.57083
G1 X109.354 Y109.733 E.5924
G1 X108.685 Y110.276 E.62623
G1 X108.223 Y110.574 E.64782
G1 X107.728 Y110.836 E.66981
G1 X107.212 Y111.054 E.6918
G1 X106.679 Y111.226 E.71379
G1 X106.133 Y111.352 E.73579
G1 X105.579 Y111.43 E.75776
G1 X105.03 Y111.459 E.77935
G1 X104.177 Y111.411 E.8129
G1 X103.475 Y111.285 E.8409
G1 X102.813 Y111.093 E.86796
G1 X102.309 Y110.891 E.88928
G1 X101.548 Y110.486 E.92313
G1 X101.103 Y110.183 E.94427
G1 X100.448 Y109.624 E.97808
G1 X100.076 Y109.23 E.99936
G1 X99.73 Y108.779 E1.02168
G1 X99.441 Y108.34 E1.04232
G1 X99.117 Y107.724 E1.06965
G1 X98.876 Y107.162 E1.09366
G1 X98.687 Y106.532 E1.11949
G1 X98.581 Y106.017 E1.14014
G1 X98.581 Y103.988 E1.21981
G1 X98.703 Y103.401 E1.24335
G1 X98.852 Y102.899 E1.26391
G1 X99.082 Y102.327 E1.28812
G1 X99.307 Y101.876 E1.30791
G1 X99.706 Y101.256 E1.33686
G1 X100.041 Y100.82 E1.35845
G1 X100.509 Y100.32 E1.38534
G1 X100.92 Y99.961 E1.40677
G1 X101.372 Y99.63 E1.42877
M73 P43 R6
G1 X101.851 Y99.339 E1.45078
M73 Q43 S6
G1 X102.353 Y99.091 E1.47276
G1 X102.875 Y98.888 E1.49475
G1 X103.412 Y98.73 E1.51673
G1 X103.961 Y98.62 E1.53871
G1 X104.602 Y98.557 E1.564
G1 X105.246 Y98.552 E1.58929
G1 X105.256 Y98.553 E1.58968
G1 X105.329 Y98.151 F7800
G1 F884.349
G1 X106.002 Y98.216 E1.61623
G1 X106.572 Y98.328 E1.63904
G1 X107.447 Y98.605 E1.67508
G1 X107.976 Y98.848 E1.69794
G1 X108.515 Y99.13 E1.72183
G1 X108.989 Y99.444 E1.74415
G1 X109.486 Y99.847 E1.76927
G1 X110.107 Y100.461 E1.80356
G1 X110.493 Y100.947 E1.82793
G1 X110.963 Y101.675 E1.86195
G1 X111.226 Y102.202 E1.88508
G1 X111.439 Y102.737 E1.90769
G1 X111.611 Y103.307 E1.93107
G1 X111.733 Y103.89 E1.95446
G1 X111.803 Y104.481 E1.97783
G1 X111.826 Y104.994 E1.99799
G1 X111.767 Y105.898 E2.03356
G1 X111.665 Y106.478 E2.05668
G1 X111.512 Y107.053 E2.08004
G1 X111.311 Y107.607 E2.10318
G1 X110.916 Y108.415 E2.13849
G1 X110.419 Y109.164 E2.17378
G1 X110.042 Y109.617 E2.19692
G1 X109.628 Y110.036 E2.22005
G1 X108.924 Y110.606 E2.25562
G1 X108.429 Y110.926 E2.27876
G1 X107.903 Y111.204 E2.30212
G1 X107.354 Y111.436 E2.32552
G1 X106.788 Y111.619 E2.34888
G1 X106.207 Y111.753 E2.37229
G1 X105.618 Y111.836 E2.39565
G1 X105.029 Y111.867 E2.41881
G1 X104.129 Y111.817 E2.4542
G1 X103.382 Y111.682 E2.48401
G1 X102.68 Y111.478 E2.51271
G1 X102.137 Y111.261 E2.53567
G1 X101.338 Y110.835 E2.57122
G1 X100.856 Y110.507 E2.59411
G1 X100.167 Y109.919 E2.62968
G1 X99.766 Y109.494 E2.65262
G1 X99.299 Y108.886 E2.68272
G1 X98.92 Y108.27 E2.71112
G1 X98.49 Y107.291 E2.7531
G1 X98.292 Y106.63 E2.78019
G1 X98.174 Y106.054 E2.80328
G1 X98.174 Y103.948 E2.88597
G1 X98.281 Y103.397 E2.90801
G1 X98.445 Y102.824 E2.93141
G1 X98.658 Y102.268 E2.95479
G1 X98.885 Y101.801 E2.97518
G1 X99.146 Y101.353 E2.99554
G1 X99.446 Y100.924 E3.01609
G1 X99.901 Y100.37 E3.04424
G1 X100.275 Y99.984 E3.06534
G1 X100.677 Y99.635 E3.08624
G1 X101.158 Y99.284 E3.10962
G1 X101.667 Y98.976 E3.13298
G1 X102.201 Y98.714 E3.15633
G1 X102.756 Y98.498 E3.17971
G1 X103.328 Y98.332 E3.2031
G1 X103.912 Y98.216 E3.22648
G1 X104.594 Y98.15 E3.25338
G1 X105.269 Y98.146 E3.27988
G1 X105.342 Y97.743 F7800
;TYPE:External perimeter
G1 F884.349
G1 X105.971 Y97.796 E3.30466
G1 X106.59 Y97.911 E3.32938
G1 X107.198 Y98.079 E3.35415
G1 X107.679 Y98.257 E3.37429
G1 X108.158 Y98.484 E3.3951
G1 X108.736 Y98.787 E3.42072
G1 X109.239 Y99.122 E3.44445
G1 X109.769 Y99.554 E3.4713
G1 X110.42 Y100.2 E3.50731
G1 X110.832 Y100.722 E3.53342
G1 X111.325 Y101.488 E3.56919
G1 X111.603 Y102.047 E3.5937
G1 X111.881 Y102.786 E3.6247
G1 X112.029 Y103.314 E3.64623
G1 X112.136 Y103.837 E3.66719
G1 X112.21 Y104.463 E3.69194
G1 X112.233 Y104.998 E3.71297
G1 X112.171 Y105.946 E3.75027
G1 X112.063 Y106.565 E3.77494
G1 X111.901 Y107.175 E3.79972
G1 X111.687 Y107.766 E3.8244
G1 X111.27 Y108.618 E3.86165
G1 X110.746 Y109.408 E3.89887
G1 X110.344 Y109.891 E3.92354
G1 X109.901 Y110.338 E3.94825
G1 X109.163 Y110.936 E3.98555
G1 X108.635 Y111.277 E4.01023
G1 X108.078 Y111.572 E4.03498
G1 X107.496 Y111.818 E4.05979
G1 X106.896 Y112.012 E4.08455
G1 X106.282 Y112.153 E4.10929
G1 X105.657 Y112.241 E4.13407
G1 X105.029 Y112.274 E4.15876
G1 X104.082 Y112.222 E4.196
G1 X103.289 Y112.079 E4.22764
G1 X102.548 Y111.864 E4.25793
G1 X101.965 Y111.63 E4.2826
G1 X101.127 Y111.184 E4.31987
G1 X100.609 Y110.831 E4.34448
G1 X99.886 Y110.214 E4.3818
G1 X99.456 Y109.758 E4.40641
G1 X98.963 Y109.118 E4.43813
G1 X98.56 Y108.462 E4.46836
G1 X98.164 Y107.6 E4.50561
G1 X97.992 Y107.085 E4.52693
G1 X97.862 Y106.587 E4.54714
G1 X97.766 Y106.092 E4.56694
G1 X97.766 Y103.909 E4.65265
G1 X97.885 Y103.302 E4.67694
G1 X98.058 Y102.695 E4.70172
G1 X98.284 Y102.106 E4.72649
G1 X98.56 Y101.539 E4.75125
G1 X98.883 Y100.999 E4.77596
G1 X99.366 Y100.351 E4.80769
G1 X99.888 Y99.783 E4.83798
G1 X100.358 Y99.364 E4.8627
G1 X100.864 Y98.987 E4.88748
G1 X101.4 Y98.655 E4.91224
G1 X101.963 Y98.37 E4.93702
G1 X102.549 Y98.136 E4.9618
G1 X103.153 Y97.953 E4.98658
G1 X103.77 Y97.823 E5.01134
G1 X104.395 Y97.747 E5.03606
G1 X105.203 Y97.731 E5.06779
G1 X105.282 Y97.738 E5.0709
G1 X105.68 Y97.772 F7800
;LAYER_CHANGE
;Z:4.15
;HEIGHT:0.2
G92 E0
G1 Z4.15 F7800
G1 X107.621 Y102.337
;TYPE:Perimeter
G1 F884.349
G1 X107.877 Y102.593 E.01422
G1 X108.038 Y102.804 E.02464
G1 X108.4 Y103.43 E.05303
G1 X108.599 Y103.955 E.07508
G1 X108.721 Y104.732 E.10596
M73 P44 R6
G1 X108.739 Y105.133 E.12172
M73 Q44 S6
G1 X108.644 Y105.85 E.15012
G1 X108.452 Y106.406 E.17322
G1 X108.244 Y106.889 E.19387
G1 X107.942 Y107.297 E.2138
G1 X107.583 Y107.73 E.23589
G1 X107.19 Y108.06 E.25604
G1 X106.51 Y108.452 E.28686
G1 X105.945 Y108.642 E.31027
G1 X105.528 Y108.743 E.32712
G1 X105.013 Y108.788 E.34742
G1 X104.463 Y108.741 E.36909
G1 X104.052 Y108.676 E.38543
G1 X103.54 Y108.513 E.40653
G1 X102.885 Y108.166 E.43563
G1 X102.284 Y107.657 E.46655
G1 X101.989 Y107.347 E.48335
G1 X101.654 Y106.845 E.50705
G1 X101.375 Y106.223 E.53382
G1 X101.231 Y105.597 E.55904
G1 X101.18 Y105.242 E.57312
G1 X101.199 Y104.56 E.59991
G1 X101.317 Y103.968 E.62361
G1 X101.675 Y103.132 E.65932
G1 X101.827 Y102.874 E.67108
G1 X102.205 Y102.404 E.69476
G1 X102.833 Y101.869 E.72715
G1 X103.428 Y101.537 E.7539
G1 X104.052 Y101.324 E.77979
G1 X104.705 Y101.228 E.80571
G1 X105.025 Y101.218 E.81828
G1 X105.525 Y101.257 E.83797
G1 X106.158 Y101.42 E.86364
G1 X106.529 Y101.558 E.87918
G1 X107.155 Y101.92 E.90757
G1 X107.365 Y102.082 E.91798
G1 X107.579 Y102.295 E.92984
G1 X107.328 Y102.63 F7800
G1 F884.349
G1 X107.525 Y102.817 E.94051
G1 X107.686 Y103.007 E.95029
G1 X108.048 Y103.634 E.97872
G1 X108.226 Y104.126 E.99926
G1 X108.318 Y104.786 E1.02543
G1 X108.335 Y105.08 E1.03699
G1 X108.241 Y105.797 E1.06538
G1 X107.923 Y106.619 E1.09999
G1 X107.619 Y107.049 E1.12067
G1 X107.311 Y107.428 E1.13985
G1 X106.899 Y107.77 E1.16087
G1 X106.314 Y108.095 E1.18715
G1 X105.832 Y108.251 E1.20704
G1 X105.493 Y108.338 E1.22078
G1 X104.991 Y108.381 E1.24056
G1 X104.292 Y108.313 E1.26814
G1 X103.715 Y108.143 E1.29176
G1 X103.081 Y107.809 E1.3199
G1 X102.56 Y107.357 E1.34698
G1 X102.279 Y107.048 E1.36338
G1 X101.993 Y106.619 E1.38362
G1 X101.751 Y106.067 E1.40729
G1 X101.587 Y105.242 E1.44032
G1 X101.599 Y104.639 E1.464
G1 X101.716 Y104.048 E1.48766
G1 X102.043 Y103.304 E1.51957
G1 X102.466 Y102.728 E1.54763
G1 X102.819 Y102.402 E1.5665
G1 X103.26 Y102.083 E1.58787
G1 X103.714 Y101.857 E1.60778
G1 X104.232 Y101.697 E1.62907
G1 X104.753 Y101.633 E1.64968
G1 X105.486 Y101.662 E1.67848
G1 X106.044 Y101.811 E1.70116
G1 X106.325 Y101.911 E1.71287
G1 X106.951 Y102.273 E1.74126
G1 X107.285 Y102.589 E1.75931
G1 X107.043 Y102.915 F7800
;TYPE:External perimeter
G1 F884.349
G1 X107.237 Y103.105 E1.76997
G1 X107.535 Y103.561 E1.79136
G1 X107.738 Y103.95 E1.80859
G1 X107.856 Y104.399 E1.82682
G1 X107.932 Y104.973 E1.84955
G1 X107.837 Y105.744 E1.88005
G1 X107.547 Y106.463 E1.91049
G1 X107.08 Y107.084 E1.941
G1 X106.679 Y107.426 E1.96169
G1 X106.118 Y107.738 E1.98689
G1 X105.497 Y107.925 E2.01235
G1 X104.977 Y107.974 E2.03286
G1 X104.336 Y107.908 E2.05816
G1 X103.837 Y107.755 E2.07865
G1 X103.277 Y107.452 E2.10365
G1 X102.835 Y107.057 E2.12693
G1 X102.618 Y106.822 E2.13949
G1 X102.331 Y106.393 E2.15976
G1 X102.123 Y105.9 E2.18077
G1 X101.998 Y105.281 E2.20557
G1 X101.994 Y104.758 E2.22611
G1 X102.096 Y104.226 E2.24738
G1 X102.225 Y103.879 E2.26192
G1 X102.436 Y103.425 E2.28158
G1 X102.784 Y102.983 E2.30367
G1 X103.342 Y102.504 E2.33254
G1 X103.804 Y102.259 E2.35307
G1 X104.297 Y102.1 E2.37341
G1 X104.801 Y102.037 E2.39335
G1 X105.455 Y102.068 E2.41906
G1 X106.077 Y102.244 E2.44444
G1 X106.748 Y102.625 E2.47474
G1 X107.001 Y102.873 E2.48865
G1 X107.269 Y103.17 F7800
G92 E0
G1 X105.316 Y98.558
;TYPE:Perimeter
G1 F884.349
G1 X105.863 Y98.604 E.02155
G1 X106.408 Y98.705 E.04331
G1 X106.948 Y98.854 E.06531
G1 X107.462 Y99.046 E.08685
G1 X108.233 Y99.432 E.12071
G1 X108.694 Y99.73 E.14226
G1 X109.128 Y100.066 E.16381
G1 X109.695 Y100.615 E.1948
G1 X109.989 Y100.956 E.21248
G1 X110.304 Y101.4 E.23386
G1 X110.602 Y101.862 E.25545
G1 X110.842 Y102.339 E.27642
G1 X111.051 Y102.859 E.29843
G1 X111.213 Y103.394 E.32038
G1 X111.329 Y103.943 E.34241
G1 X111.418 Y104.989 E.38363
G1 X111.362 Y105.849 E.41747
G1 X111.267 Y106.39 E.43904
G1 X111.123 Y106.931 E.46102
G1 X110.936 Y107.448 E.48261
G1 X110.562 Y108.212 E.51601
G1 X110.092 Y108.921 E.54941
G1 X109.741 Y109.343 E.57096
G1 X109.354 Y109.733 E.59253
G1 X108.685 Y110.276 E.62636
G1 X108.223 Y110.574 E.64795
G1 X107.728 Y110.836 E.66994
G1 X107.212 Y111.054 E.69193
G1 X106.679 Y111.226 E.71392
G1 X106.133 Y111.352 E.73592
G1 X105.579 Y111.43 E.75789
G1 X105.03 Y111.459 E.77948
G1 X104.17 Y111.411 E.8133
G1 X103.628 Y111.321 E.83487
G1 X103.096 Y111.185 E.85643
G1 X102.299 Y110.886 E.88985
G1 X101.548 Y110.486 E.92326
G1 X101.103 Y110.183 E.9444
G1 X100.448 Y109.624 E.97821
G1 X100.071 Y109.224 E.99979
G1 X99.73 Y108.793 E1.02137
G1 X99.276 Y108.07 E1.05489
G1 X98.976 Y107.431 E1.08261
G1 X98.751 Y106.783 E1.10954
G1 X98.581 Y106.001 E1.14096
G1 X98.581 Y103.988 E1.22
G1 X98.677 Y103.492 E1.23984
G1 X98.831 Y102.953 E1.26185
G1 X99.032 Y102.43 E1.28385
G1 X99.277 Y101.926 E1.30585
G1 X99.559 Y101.455 E1.3274
G1 X100.079 Y100.768 E1.36123
G1 X100.455 Y100.368 E1.38279
M73 P45 R6
M73 Q45 S6
G1 X100.874 Y99.996 E1.40479
G1 X101.323 Y99.661 E1.42679
G1 X101.799 Y99.366 E1.44878
G1 X102.299 Y99.113 E1.47078
G1 X102.819 Y98.905 E1.49277
G1 X103.355 Y98.742 E1.51477
G1 X103.903 Y98.627 E1.53676
G1 X104.452 Y98.56 E1.55848
G1 X105.169 Y98.546 E1.58664
G1 X105.256 Y98.553 E1.59007
G1 X105.329 Y98.151 F7800
G1 F884.349
G1 X105.917 Y98.2 E1.61324
G1 X106.499 Y98.308 E1.63648
G1 X107.073 Y98.466 E1.65986
G1 X107.625 Y98.672 E1.68299
G1 X108.435 Y99.078 E1.71857
G1 X108.93 Y99.397 E1.74169
G1 X109.395 Y99.758 E1.7648
G1 X109.978 Y100.322 E1.79665
G1 X110.358 Y100.763 E1.81951
G1 X110.963 Y101.675 E1.86248
G1 X111.219 Y102.184 E1.88485
G1 X111.439 Y102.737 E1.90822
G1 X111.611 Y103.307 E1.9316
G1 X111.733 Y103.89 E1.95499
G1 X111.803 Y104.481 E1.97836
G1 X111.826 Y104.994 E1.99852
G1 X111.767 Y105.898 E2.03409
G1 X111.665 Y106.478 E2.05721
G1 X111.512 Y107.053 E2.08057
G1 X111.311 Y107.607 E2.10371
G1 X110.916 Y108.415 E2.13902
G1 X110.419 Y109.164 E2.17431
G1 X110.042 Y109.617 E2.19745
G1 X109.628 Y110.036 E2.22058
G1 X108.924 Y110.606 E2.25615
G1 X108.429 Y110.926 E2.27929
G1 X107.903 Y111.204 E2.30265
G1 X107.354 Y111.436 E2.32605
G1 X106.788 Y111.619 E2.34941
G1 X106.207 Y111.753 E2.37282
G1 X105.618 Y111.836 E2.39618
G1 X105.029 Y111.867 E2.41934
G1 X104.125 Y111.816 E2.45489
G1 X103.544 Y111.72 E2.47801
G1 X102.973 Y111.574 E2.50115
G1 X102.131 Y111.258 E2.53646
G1 X101.338 Y110.835 E2.57175
G1 X100.856 Y110.507 E2.59464
G1 X100.167 Y109.919 E2.63021
G1 X99.763 Y109.491 E2.65332
G1 X99.397 Y109.029 E2.67646
G1 X98.918 Y108.265 E2.71187
G1 X98.598 Y107.585 E2.74138
G1 X98.358 Y106.894 E2.7701
G1 X98.174 Y106.045 E2.80421
G1 X98.174 Y103.948 E2.88655
G1 X98.281 Y103.397 E2.90859
G1 X98.445 Y102.824 E2.93199
G1 X98.658 Y102.268 E2.95537
G1 X98.918 Y101.733 E2.97873
G1 X99.221 Y101.227 E3.00189
G1 X99.767 Y100.505 E3.03743
G1 X100.171 Y100.076 E3.06057
G1 X100.616 Y99.68 E3.08396
G1 X101.093 Y99.324 E3.10733
G1 X101.6 Y99.01 E3.13075
G1 X102.131 Y98.742 E3.1541
G1 X102.684 Y98.52 E3.1775
G1 X103.254 Y98.348 E3.20088
G1 X103.837 Y98.225 E3.22428
G1 X104.424 Y98.154 E3.2475
G1 X105.182 Y98.138 E3.27727
G1 X105.269 Y98.146 E3.2807
G1 X105.342 Y97.743 F7800
;TYPE:External perimeter
G1 F884.349
G1 X105.971 Y97.796 E3.30548
G1 X106.59 Y97.911 E3.3302
G1 X107.198 Y98.079 E3.35497
G1 X107.788 Y98.298 E3.37968
G1 X108.637 Y98.724 E3.41698
G1 X109.165 Y99.065 E3.44166
G1 X109.662 Y99.45 E3.46634
G1 X110.345 Y100.111 E3.50366
G1 X110.671 Y100.503 E3.52368
G1 X110.983 Y100.95 E3.54508
G1 X111.325 Y101.488 E3.57011
G1 X111.595 Y102.029 E3.59385
G1 X111.828 Y102.615 E3.61861
G1 X112.029 Y103.314 E3.64717
G1 X112.136 Y103.837 E3.66813
G1 X112.21 Y104.463 E3.69288
G1 X112.233 Y104.998 E3.71391
G1 X112.171 Y105.946 E3.75121
G1 X112.063 Y106.565 E3.77588
G1 X111.901 Y107.175 E3.80066
G1 X111.687 Y107.766 E3.82534
G1 X111.27 Y108.618 E3.86259
G1 X110.746 Y109.408 E3.89981
G1 X110.344 Y109.891 E3.92448
G1 X109.901 Y110.338 E3.94919
G1 X109.163 Y110.936 E3.98649
G1 X108.635 Y111.277 E4.01117
G1 X108.078 Y111.572 E4.03592
G1 X107.496 Y111.818 E4.06073
G1 X106.896 Y112.012 E4.08549
G1 X106.282 Y112.153 E4.11023
G1 X105.657 Y112.241 E4.13501
G1 X105.029 Y112.274 E4.1597
G1 X104.08 Y112.221 E4.19702
G1 X103.46 Y112.119 E4.22169
G1 X102.851 Y111.963 E4.24637
G1 X101.963 Y111.629 E4.28362
G1 X101.127 Y111.184 E4.32081
G1 X100.609 Y110.831 E4.34542
G1 X99.886 Y110.214 E4.38274
G1 X99.455 Y109.757 E4.40741
G1 X99.064 Y109.264 E4.43212
G1 X98.56 Y108.461 E4.46935
G1 X98.221 Y107.739 E4.50067
G1 X97.965 Y107.004 E4.53123
G1 X97.766 Y106.089 E4.568
G1 X97.766 Y103.909 E4.6536
G1 X97.885 Y103.302 E4.67789
G1 X98.058 Y102.695 E4.70267
G1 X98.284 Y102.106 E4.72744
G1 X98.56 Y101.539 E4.7522
G1 X98.883 Y100.999 E4.77691
G1 X99.456 Y100.241 E4.81422
G1 X99.887 Y99.784 E4.83889
G1 X100.358 Y99.364 E4.86367
G1 X100.864 Y98.987 E4.88845
G1 X101.4 Y98.655 E4.91321
G1 X101.963 Y98.37 E4.93799
G1 X102.549 Y98.136 E4.96277
G1 X103.153 Y97.953 E4.98755
G1 X103.77 Y97.823 E5.01231
G1 X104.395 Y97.747 E5.03703
G1 X105.194 Y97.731 E5.06841
G1 X105.282 Y97.738 E5.07188
G1 X105.68 Y97.772 F7800
;LAYER_CHANGE
;Z:4.35
;HEIGHT:0.2
G92 E0
G1 Z4.35 F7800
G1 X107.621 Y102.337
;TYPE:Perimeter
G1 F884.349
M73 P46 R6
G1 X107.785 Y102.484 E.00865
G1 X108.263 Y103.155 E.041
M73 Q46 S6
G1 X108.519 Y103.747 E.06632
G1 X108.644 Y104.15 E.08289
G1 X108.739 Y104.867 E.11129
G1 X108.689 Y105.513 E.13673
G1 X108.591 Y106.069 E.1589
G1 X108.299 Y106.775 E.1889
G1 X107.942 Y107.297 E.21373
G1 X107.583 Y107.73 E.23582
G1 X107.19 Y108.06 E.25597
G1 X106.51 Y108.452 E.28679
G1 X105.946 Y108.642 E.31016
G1 X105.528 Y108.743 E.32704
G1 X105.013 Y108.788 E.34734
G1 X104.463 Y108.741 E.36901
G1 X104.052 Y108.676 E.38535
G1 X103.54 Y108.513 E.40645
M73 P46 R5
G1 X102.997 Y108.239 E.43033
G1 X102.379 Y107.767 E.46086
G1 X101.909 Y107.244 E.48847
G1 X101.636 Y106.788 E.50934
G1 X101.424 Y106.355 E.52827
G1 X101.266 Y105.834 E.54965
G1 X101.174 Y105.101 E.57866
G1 X101.228 Y104.358 E.60791
G1 X101.387 Y103.766 E.63198
G1 X101.501 Y103.458 E.64488
G1 X101.758 Y102.979 E.66622
G1 X102.211 Y102.395 E.69524
G1 X102.833 Y101.869 E.72722
G1 X103.428 Y101.537 E.75397
G1 X104.052 Y101.324 E.77986
G1 X104.706 Y101.228 E.80581
G1 X105.019 Y101.218 E.81811
G1 X105.525 Y101.256 E.83803
G1 X106.158 Y101.42 E.86371
G1 X106.529 Y101.558 E.87925
G1 X107.155 Y101.92 E.90764
G1 X107.577 Y102.297 E.92986
G1 X107.335 Y102.623 F7800
M73 Q46 S5
G1 F884.349
G1 X107.504 Y102.778 E.93886
G1 X107.924 Y103.381 E.96771
G1 X108.14 Y103.894 E.98957
G1 X108.241 Y104.203 E1.00233
G1 X108.335 Y104.92 E1.03072
G1 X108.285 Y105.46 E1.05201
G1 X108.2 Y105.951 E1.07158
G1 X107.923 Y106.619 E1.09997
G1 X107.619 Y107.049 E1.12065
G1 X107.311 Y107.428 E1.13983
G1 X106.899 Y107.77 E1.16085
G1 X106.314 Y108.095 E1.18713
G1 X105.832 Y108.251 E1.20702
G1 X105.493 Y108.338 E1.22076
G1 X104.991 Y108.381 E1.24054
G1 X104.292 Y108.313 E1.26812
G1 X103.714 Y108.143 E1.29178
G1 X103.227 Y107.904 E1.31308
G1 X102.627 Y107.444 E1.34277
G1 X102.221 Y106.982 E1.36692
G1 X101.863 Y106.354 E1.3953
G1 X101.656 Y105.716 E1.42164
G1 X101.579 Y105.06 E1.44757
G1 X101.633 Y104.398 E1.47365
G1 X101.777 Y103.884 E1.49461
G1 X101.999 Y103.392 E1.5158
G1 X102.183 Y103.073 E1.53026
G1 X102.526 Y102.653 E1.55155
G1 X103.087 Y102.186 E1.58021
G1 X103.616 Y101.898 E1.60386
G1 X104.175 Y101.712 E1.62699
G1 X104.754 Y101.632 E1.64994
G1 X105.486 Y101.662 E1.67871
G1 X106.044 Y101.811 E1.70139
G1 X106.325 Y101.911 E1.7131
G1 X106.951 Y102.273 E1.74149
G1 X107.291 Y102.583 E1.75956
G1 X107.05 Y102.909 F7800
;TYPE:External perimeter
G1 F884.349
G1 X107.222 Y103.072 E1.76886
G1 X107.586 Y103.607 E1.79427
G1 X107.825 Y104.209 E1.8197
G1 X107.914 Y104.839 E1.84468
G1 X107.932 Y105.027 E1.8521
G1 X107.837 Y105.744 E1.8805
G1 X107.547 Y106.463 E1.91094
G1 X107.08 Y107.084 E1.94145
G1 X106.679 Y107.426 E1.96214
G1 X106.118 Y107.738 E1.98734
G1 X105.496 Y107.925 E2.01284
G1 X104.977 Y107.974 E2.03331
G1 X104.336 Y107.908 E2.05861
G1 X103.837 Y107.755 E2.0791
G1 X103.449 Y107.562 E2.09612
G1 X102.875 Y107.121 E2.12454
G1 X102.532 Y106.721 E2.14523
G1 X102.22 Y106.158 E2.1705
G1 X102.046 Y105.599 E2.19349
G1 X101.984 Y105.02 E2.21635
G1 X102.039 Y104.438 E2.2393
G1 X102.203 Y103.881 E2.2621
G1 X102.476 Y103.364 E2.28506
G1 X102.841 Y102.911 E2.3079
G1 X103.342 Y102.504 E2.33324
G1 X103.804 Y102.259 E2.35377
G1 X104.297 Y102.1 E2.37411
G1 X104.802 Y102.036 E2.3941
G1 X105.455 Y102.068 E2.41977
G1 X106.077 Y102.244 E2.44515
G1 X106.748 Y102.625 E2.47545
G1 X107.006 Y102.868 E2.48937
G1 X107.275 Y103.164 F7800
G92 E0
G1 X105.316 Y98.559
;TYPE:Perimeter
G1 F884.349
G1 X105.929 Y98.616 E.02417
G1 X106.464 Y98.72 E.04557
G1 X107.305 Y98.987 E.08022
G1 X107.793 Y99.212 E.10132
G1 X108.294 Y99.472 E.12348
G1 X108.74 Y99.765 E.14443
G1 X109.203 Y100.139 E.1678
G1 X109.794 Y100.721 E.20037
G1 X110.153 Y101.172 E.223
G1 X110.601 Y101.862 E.2553
G1 X110.85 Y102.357 E.27706
G1 X111.051 Y102.859 E.29829
G1 X111.213 Y103.394 E.32024
G1 X111.329 Y103.943 E.34227
G1 X111.418 Y104.989 E.38349
G1 X111.362 Y105.849 E.41733
G1 X111.267 Y106.39 E.4389
G1 X111.123 Y106.931 E.46088
G1 X110.936 Y107.448 E.48247
G1 X110.562 Y108.212 E.51587
G1 X110.092 Y108.921 E.54927
G1 X109.741 Y109.343 E.57082
G1 X109.354 Y109.733 E.59239
G1 X108.685 Y110.276 E.62622
G1 X108.223 Y110.574 E.64781
G1 X107.728 Y110.836 E.6698
G1 X107.212 Y111.054 E.69179
G1 X106.679 Y111.226 E.71378
G1 X106.133 Y111.352 E.73578
G1 X105.579 Y111.43 E.75775
G1 X105.03 Y111.459 E.77934
G1 X104.17 Y111.411 E.81316
G1 X103.628 Y111.321 E.83473
G1 X103.096 Y111.185 E.85629
G1 X102.299 Y110.886 E.88971
G1 X101.548 Y110.486 E.92312
G1 X101.103 Y110.183 E.94426
G1 X100.448 Y109.624 E.97807
G1 X100.071 Y109.224 E.99965
G1 X99.73 Y108.793 E1.02123
G1 X99.278 Y108.073 E1.05461
G1 X98.922 Y107.3 E1.08803
G1 X98.752 Y106.789 E1.10918
G1 X98.581 Y106.001 E1.14084
G1 X98.581 Y103.988 E1.21988
G1 X98.701 Y103.409 E1.2431
G1 X98.852 Y102.899 E1.26398
G1 X99.082 Y102.327 E1.28819
M73 P47 R5
G1 X99.307 Y101.876 E1.30798
M73 Q47 S5
G1 X99.7 Y101.264 E1.33654
G1 X100.031 Y100.831 E1.35794
G1 X100.51 Y100.32 E1.38544
G1 X100.92 Y99.961 E1.40684
G1 X101.372 Y99.63 E1.42884
G1 X101.851 Y99.339 E1.45085
G1 X102.353 Y99.091 E1.47283
G1 X102.875 Y98.888 E1.49482
G1 X103.412 Y98.73 E1.5168
G1 X103.961 Y98.62 E1.53878
G1 X104.592 Y98.557 E1.56368
G1 X105.23 Y98.551 E1.58873
G1 X105.256 Y98.554 E1.58976
G1 X105.329 Y98.152 F7800
G1 F884.349
G1 X106.003 Y98.216 E1.61634
G1 X106.572 Y98.328 E1.63911
G1 X107.447 Y98.605 E1.67515
G1 X107.976 Y98.848 E1.69801
G1 X108.515 Y99.13 E1.7219
G1 X108.989 Y99.444 E1.74422
G1 X109.486 Y99.847 E1.76934
G1 X110.107 Y100.461 E1.80363
G1 X110.493 Y100.947 E1.828
G1 X110.963 Y101.675 E1.86202
G1 X111.226 Y102.202 E1.88515
G1 X111.439 Y102.737 E1.90776
G1 X111.611 Y103.307 E1.93114
G1 X111.733 Y103.89 E1.95453
G1 X111.803 Y104.481 E1.9779
G1 X111.826 Y104.994 E1.99806
G1 X111.767 Y105.898 E2.03363
G1 X111.665 Y106.478 E2.05675
G1 X111.512 Y107.053 E2.08011
G1 X111.311 Y107.607 E2.10325
G1 X110.916 Y108.415 E2.13856
G1 X110.419 Y109.164 E2.17385
G1 X110.042 Y109.617 E2.19699
G1 X109.628 Y110.036 E2.22012
G1 X108.924 Y110.606 E2.25569
G1 X108.429 Y110.926 E2.27883
G1 X107.903 Y111.204 E2.30219
G1 X107.354 Y111.436 E2.32559
G1 X106.788 Y111.619 E2.34895
G1 X106.207 Y111.753 E2.37236
G1 X105.618 Y111.836 E2.39572
G1 X105.029 Y111.867 E2.41888
G1 X104.125 Y111.816 E2.45443
G1 X103.544 Y111.72 E2.47755
G1 X102.973 Y111.574 E2.50069
G1 X102.131 Y111.258 E2.536
G1 X101.338 Y110.835 E2.57129
G1 X100.856 Y110.507 E2.59418
G1 X100.167 Y109.919 E2.62975
G1 X99.763 Y109.491 E2.65286
G1 X99.397 Y109.029 E2.676
G1 X98.919 Y108.267 E2.71132
G1 X98.543 Y107.45 E2.74663
G1 X98.359 Y106.897 E2.76951
G1 X98.174 Y106.045 E2.80374
G1 X98.174 Y103.948 E2.88608
G1 X98.281 Y103.397 E2.90812
G1 X98.445 Y102.824 E2.93152
G1 X98.658 Y102.268 E2.9549
G1 X98.885 Y101.801 E2.97529
G1 X99.142 Y101.358 E2.9954
G1 X99.439 Y100.932 E3.01579
G1 X99.899 Y100.373 E3.04421
G1 X100.275 Y99.984 E3.06545
G1 X100.677 Y99.635 E3.08635
G1 X101.158 Y99.284 E3.10973
G1 X101.667 Y98.976 E3.13309
G1 X102.201 Y98.714 E3.15644
G1 X102.756 Y98.498 E3.17982
G1 X103.328 Y98.332 E3.20321
G1 X103.912 Y98.216 E3.22659
G1 X104.584 Y98.15 E3.2531
G1 X105.264 Y98.146 E3.2798
G1 X105.269 Y98.146 E3.28
G1 X105.342 Y97.744 F7800
;TYPE:External perimeter
G1 F884.349
G1 X105.972 Y97.796 E3.30482
G1 X106.59 Y97.911 E3.3295
G1 X107.198 Y98.079 E3.35427
G1 X107.679 Y98.257 E3.37441
G1 X108.158 Y98.484 E3.39522
G1 X108.736 Y98.787 E3.42084
G1 X109.239 Y99.122 E3.44457
G1 X109.769 Y99.554 E3.47142
G1 X110.42 Y100.2 E3.50743
G1 X110.832 Y100.722 E3.53354
G1 X111.325 Y101.488 E3.56931
G1 X111.603 Y102.047 E3.59382
G1 X111.881 Y102.786 E3.62482
G1 X112.029 Y103.314 E3.64635
G1 X112.136 Y103.837 E3.66731
G1 X112.21 Y104.463 E3.69206
G1 X112.233 Y104.998 E3.71309
G1 X112.171 Y105.946 E3.75039
G1 X112.063 Y106.565 E3.77506
G1 X111.901 Y107.175 E3.79984
G1 X111.687 Y107.766 E3.82452
G1 X111.27 Y108.618 E3.86177
G1 X110.746 Y109.408 E3.89899
G1 X110.344 Y109.891 E3.92366
G1 X109.901 Y110.338 E3.94837
G1 X109.163 Y110.936 E3.98567
G1 X108.635 Y111.277 E4.01035
G1 X108.078 Y111.572 E4.0351
G1 X107.496 Y111.818 E4.05991
G1 X106.896 Y112.012 E4.08467
G1 X106.282 Y112.153 E4.10941
G1 X105.657 Y112.241 E4.13419
G1 X105.029 Y112.274 E4.15888
G1 X104.08 Y112.221 E4.1962
G1 X103.46 Y112.119 E4.22087
G1 X102.851 Y111.963 E4.24555
G1 X101.963 Y111.629 E4.2828
G1 X101.127 Y111.184 E4.31999
G1 X100.609 Y110.831 E4.3446
G1 X99.886 Y110.214 E4.38192
G1 X99.455 Y109.757 E4.40659
G1 X99.064 Y109.264 E4.4313
G1 X98.56 Y108.461 E4.46853
G1 X98.164 Y107.6 E4.50574
G1 X97.966 Y107.005 E4.53036
G1 X97.766 Y106.089 E4.56717
G1 X97.766 Y103.909 E4.65277
G1 X97.885 Y103.302 E4.67706
G1 X98.058 Y102.695 E4.70184
G1 X98.284 Y102.106 E4.72661
G1 X98.56 Y101.539 E4.75137
G1 X98.883 Y100.999 E4.77608
G1 X99.355 Y100.363 E4.80718
G1 X99.889 Y99.783 E4.83814
G1 X100.358 Y99.364 E4.86283
G1 X100.864 Y98.987 E4.88761
G1 X101.4 Y98.655 E4.91237
G1 X101.963 Y98.37 E4.93715
G1 X102.549 Y98.136 E4.96193
G1 X103.153 Y97.953 E4.98671
G1 X103.77 Y97.823 E5.01147
G1 X104.395 Y97.747 E5.03619
G1 X105.186 Y97.731 E5.06725
G1 X105.282 Y97.739 E5.07103
G1 X105.68 Y97.772 F7800
;LAYER_CHANGE
;Z:4.55
;HEIGHT:0.2
G92 E0
G1 Z4.55 F7800
M73 P48 R5
G1 X107.626 Y102.333
M73 Q48 S5
;TYPE:Perimeter
G1 F884.349
G1 X107.777 Y102.483 E.00836
G1 X108.027 Y102.784 E.02372
G1 X108.34 Y103.301 E.04745
G1 X108.619 Y104.088 E.08024
G1 X108.705 Y104.475 E.09581
G1 X108.736 Y105.197 E.12419
G1 X108.636 Y105.809 E.14854
G1 X108.489 Y106.37 E.17131
G1 X108.209 Y106.939 E.19621
G1 X107.714 Y107.574 E.22782
G1 X107.433 Y107.864 E.24368
G1 X106.946 Y108.221 E.26739
G1 X106.228 Y108.55 E.2984
G1 X105.875 Y108.675 E.3131
G1 X105.377 Y108.764 E.33296
G1 X104.739 Y108.778 E.35802
G1 X104.197 Y108.688 E.37959
G1 X103.653 Y108.557 E.40156
G1 X103.143 Y108.323 E.42359
G1 X102.713 Y108.032 E.44398
G1 X102.328 Y107.722 E.46339
G1 X101.967 Y107.319 E.48463
G1 X101.608 Y106.751 E.51101
G1 X101.441 Y106.375 E.52716
G1 X101.258 Y105.816 E.55026
G1 X101.181 Y105.254 E.57253
G1 X101.214 Y104.452 E.60405
G1 X101.371 Y103.789 E.6308
G1 X101.569 Y103.311 E.65111
G1 X102.081 Y102.544 E.68732
G1 X102.607 Y102.044 E.71582
G1 X102.86 Y101.848 E.72839
G1 X103.328 Y101.58 E.74957
G1 X104.032 Y101.331 E.77889
G1 X104.707 Y101.227 E.80571
G1 X105.231 Y101.222 E.82629
G1 X105.814 Y101.333 E.84959
G1 X106.316 Y101.464 E.86996
G1 X106.812 Y101.701 E.89154
G1 X107.415 Y102.123 E.92044
G1 X107.583 Y102.29 E.92974
G1 X107.338 Y102.62 F7800
G1 F884.349
G1 X107.607 Y102.9 E.94499
G1 X107.915 Y103.385 E.96755
G1 X108.053 Y103.645 E.97911
G1 X108.27 Y104.335 E1.00751
G1 X108.322 Y105.051 E1.0357
G1 X108.316 Y105.373 E1.04835
G1 X108.159 Y106.08 E1.07679
G1 X107.844 Y106.759 E1.10618
G1 X107.402 Y107.312 E1.13398
G1 X107.192 Y107.536 E1.14604
G1 X106.705 Y107.893 E1.16975
G1 X106.072 Y108.174 E1.19694
G1 X105.795 Y108.276 E1.20853
G1 X105.334 Y108.358 E1.22692
G1 X104.731 Y108.371 E1.2506
G1 X103.878 Y108.201 E1.28475
G1 X103.315 Y107.954 E1.30889
G1 X102.725 Y107.536 E1.33728
G1 X102.27 Y107.047 E1.36351
G1 X101.958 Y106.543 E1.38678
G1 X101.7 Y105.872 E1.41501
G1 X101.584 Y105.201 E1.44175
G1 X101.62 Y104.479 E1.47013
G1 X101.764 Y103.894 E1.49379
G1 X101.969 Y103.42 E1.51407
G1 X102.415 Y102.778 E1.54476
G1 X102.876 Y102.35 E1.56946
G1 X103.328 Y102.048 E1.5908
G1 X103.591 Y101.91 E1.60246
G1 X104.162 Y101.716 E1.62614
G1 X104.756 Y101.632 E1.6497
G1 X105.326 Y101.642 E1.67208
G1 X106.038 Y101.799 E1.70071
G1 X106.512 Y101.996 E1.72086
G1 X107.181 Y102.456 E1.75274
G1 X107.297 Y102.577 E1.75932
G1 X107.054 Y102.904 F7800
;TYPE:External perimeter
G1 F884.349
G1 X107.307 Y103.175 E1.77388
G1 X107.644 Y103.723 E1.79914
G1 X107.843 Y104.333 E1.82433
G1 X107.897 Y104.651 E1.83699
G1 X107.923 Y105.232 E1.85983
G1 X107.762 Y105.992 E1.89033
G1 X107.478 Y106.579 E1.91593
G1 X106.951 Y107.208 E1.94815
G1 X106.465 Y107.564 E1.9718
G1 X105.916 Y107.798 E1.99523
G1 X105.47 Y107.926 E2.01345
G1 X104.722 Y107.964 E2.04286
G1 X103.967 Y107.803 E2.07317
G1 X103.487 Y107.585 E2.09387
G1 X102.966 Y107.208 E2.11912
G1 X102.574 Y106.776 E2.14202
G1 X102.308 Y106.336 E2.16221
G1 X102.086 Y105.741 E2.18715
G1 X101.988 Y105.148 E2.21075
G1 X102.026 Y104.505 E2.23604
G1 X102.157 Y104 E2.25652
G1 X102.333 Y103.604 E2.27354
G1 X102.748 Y103.011 E2.30196
G1 X103.144 Y102.656 E2.32284
G1 X103.685 Y102.312 E2.34801
G1 X104.293 Y102.101 E2.37328
G1 X104.804 Y102.036 E2.39351
G1 X105.244 Y102.04 E2.41079
G1 X105.95 Y102.197 E2.43919
G1 X106.355 Y102.375 E2.45656
G1 X106.948 Y102.79 E2.48498
G1 X107.013 Y102.86 E2.48873
G1 X107.283 Y103.156 F7800
G92 E0
G1 X105.316 Y98.559
;TYPE:Perimeter
G1 F884.349
G1 X105.864 Y98.604 E.02159
G1 X106.408 Y98.705 E.04331
G1 X106.948 Y98.854 E.06531
G1 X107.462 Y99.046 E.08685
G1 X108.168 Y99.399 E.11784
G1 X108.645 Y99.698 E.13994
G1 X109.071 Y100.022 E.16095
G1 X109.487 Y100.413 E.18337
G1 X109.917 Y100.87 E.20801
G1 X110.276 Y101.357 E.23177
G1 X110.601 Y101.862 E.25535
G1 X110.842 Y102.339 E.27633
G1 X111.051 Y102.859 E.29834
G1 X111.213 Y103.395 E.32033
G1 X111.329 Y103.942 E.34229
G1 X111.418 Y104.989 E.38355
G1 X111.362 Y105.849 E.41739
G1 X111.267 Y106.39 E.43896
G1 X111.123 Y106.931 E.46094
G1 X110.936 Y107.448 E.48253
G1 X110.562 Y108.212 E.51593
G1 X110.092 Y108.921 E.54933
G1 X109.741 Y109.343 E.57088
G1 X109.354 Y109.733 E.59245
G1 X108.685 Y110.276 E.62628
G1 X108.223 Y110.574 E.64787
G1 X107.728 Y110.836 E.66986
G1 X107.212 Y111.054 E.69185
G1 X106.679 Y111.226 E.71384
G1 X106.133 Y111.352 E.73584
G1 X105.579 Y111.43 E.75781
G1 X105.03 Y111.459 E.7794
G1 X104.17 Y111.411 E.81322
G1 X103.628 Y111.321 E.83479
G1 X103.096 Y111.185 E.85635
G1 X102.299 Y110.886 E.88977
G1 X101.548 Y110.486 E.92318
G1 X101.103 Y110.183 E.94432
G1 X100.448 Y109.624 E.97813
G1 X100.071 Y109.224 E.99971
G1 X99.73 Y108.793 E1.02129
G1 X99.278 Y108.073 E1.05467
G1 X98.922 Y107.3 E1.08809
G1 X98.752 Y106.789 E1.10924
G1 X98.581 Y106.001 E1.1409
G1 X98.581 Y103.988 E1.21994
G1 X98.677 Y103.492 E1.23978
M73 P49 R5
M73 Q49 S5
G1 X98.831 Y102.953 E1.26179
G1 X99.032 Y102.43 E1.28379
G1 X99.277 Y101.926 E1.30579
G1 X99.559 Y101.455 E1.32734
G1 X100.079 Y100.768 E1.36117
G1 X100.455 Y100.368 E1.38273
G1 X100.874 Y99.996 E1.40473
G1 X101.323 Y99.661 E1.42673
G1 X101.799 Y99.366 E1.44872
G1 X102.299 Y99.113 E1.47072
G1 X102.819 Y98.905 E1.49271
G1 X103.355 Y98.742 E1.51471
G1 X103.903 Y98.627 E1.5367
G1 X104.453 Y98.56 E1.55846
G1 X105.153 Y98.545 E1.58595
G1 X105.256 Y98.554 E1.59001
G1 X105.329 Y98.151 F7800
G1 F884.349
G1 X105.918 Y98.2 E1.61322
G1 X106.499 Y98.308 E1.63642
G1 X107.073 Y98.466 E1.6598
G1 X107.625 Y98.672 E1.68293
G1 X108.435 Y99.078 E1.71851
G1 X108.93 Y99.397 E1.74163
G1 X109.395 Y99.758 E1.76474
G1 X109.77 Y100.121 E1.78523
G1 X110.302 Y100.696 E1.81599
G1 X110.615 Y101.132 E1.83706
G1 X111.031 Y101.807 E1.86819
G1 X111.255 Y102.272 E1.88846
G1 X111.439 Y102.737 E1.9081
G1 X111.611 Y103.307 E1.93148
G1 X111.733 Y103.89 E1.95487
G1 X111.803 Y104.481 E1.97824
G1 X111.826 Y104.994 E1.9984
G1 X111.767 Y105.898 E2.03397
G1 X111.665 Y106.478 E2.05709
G1 X111.512 Y107.053 E2.08045
G1 X111.311 Y107.607 E2.10359
G1 X110.916 Y108.415 E2.1389
G1 X110.419 Y109.164 E2.17419
G1 X110.042 Y109.617 E2.19733
G1 X109.628 Y110.036 E2.22046
G1 X108.924 Y110.606 E2.25603
G1 X108.429 Y110.926 E2.27917
G1 X107.903 Y111.204 E2.30253
G1 X107.354 Y111.436 E2.32593
G1 X106.788 Y111.619 E2.34929
G1 X106.207 Y111.753 E2.3727
G1 X105.618 Y111.836 E2.39606
G1 X105.029 Y111.867 E2.41922
G1 X104.125 Y111.816 E2.45477
G1 X103.544 Y111.72 E2.47789
G1 X102.973 Y111.574 E2.50103
G1 X102.131 Y111.258 E2.53634
G1 X101.338 Y110.835 E2.57163
G1 X100.856 Y110.507 E2.59452
G1 X100.167 Y109.919 E2.63009
G1 X99.763 Y109.491 E2.6532
G1 X99.397 Y109.029 E2.67634
G1 X98.919 Y108.267 E2.71166
G1 X98.543 Y107.45 E2.74697
G1 X98.359 Y106.897 E2.76985
G1 X98.174 Y106.045 E2.80408
G1 X98.174 Y103.948 E2.88642
G1 X98.281 Y103.397 E2.90846
G1 X98.445 Y102.824 E2.93186
G1 X98.658 Y102.268 E2.95524
G1 X98.918 Y101.733 E2.9786
G1 X99.221 Y101.227 E3.00176
G1 X99.767 Y100.505 E3.0373
G1 X100.171 Y100.076 E3.06044
G1 X100.616 Y99.68 E3.08383
G1 X101.093 Y99.324 E3.1072
G1 X101.6 Y99.01 E3.13062
G1 X102.131 Y98.742 E3.15397
G1 X102.684 Y98.52 E3.17737
G1 X103.254 Y98.348 E3.20075
G1 X103.837 Y98.225 E3.22415
G1 X104.424 Y98.154 E3.24737
G1 X105.166 Y98.138 E3.27651
G1 X105.269 Y98.146 E3.28057
G1 X105.342 Y97.744 F7800
;TYPE:External perimeter
G1 F884.349
G1 X105.972 Y97.796 E3.30539
G1 X106.59 Y97.911 E3.33007
G1 X107.198 Y98.079 E3.35484
G1 X107.788 Y98.298 E3.37955
G1 X108.637 Y98.724 E3.41685
G1 X109.165 Y99.065 E3.44153
G1 X109.662 Y99.45 E3.46621
G1 X110.261 Y100.03 E3.49895
G1 X110.615 Y100.435 E3.52007
G1 X110.955 Y100.907 E3.54291
G1 X111.393 Y101.62 E3.57577
G1 X111.631 Y102.117 E3.59741
G1 X111.828 Y102.616 E3.61847
G1 X112.037 Y103.348 E3.64836
G1 X112.149 Y103.935 E3.67182
G1 X112.21 Y104.463 E3.69269
G1 X112.233 Y104.998 E3.71372
G1 X112.171 Y105.946 E3.75102
G1 X112.063 Y106.565 E3.77569
G1 X111.901 Y107.175 E3.80047
G1 X111.687 Y107.766 E3.82515
G1 X111.27 Y108.618 E3.8624
G1 X110.746 Y109.408 E3.89962
G1 X110.344 Y109.891 E3.92429
G1 X109.901 Y110.338 E3.949
G1 X109.163 Y110.936 E3.9863
G1 X108.635 Y111.277 E4.01098
G1 X108.078 Y111.572 E4.03573
G1 X107.496 Y111.818 E4.06054
G1 X106.896 Y112.012 E4.0853
G1 X106.282 Y112.153 E4.11004
G1 X105.657 Y112.241 E4.13482
G1 X105.029 Y112.274 E4.15951
G1 X104.08 Y112.221 E4.19683
G1 X103.46 Y112.119 E4.2215
G1 X102.851 Y111.963 E4.24618
G1 X101.963 Y111.629 E4.28343
G1 X101.127 Y111.184 E4.32062
G1 X100.609 Y110.831 E4.34523
G1 X99.886 Y110.214 E4.38255
G1 X99.455 Y109.757 E4.40722
G1 X99.064 Y109.264 E4.43193
G1 X98.56 Y108.461 E4.46916
G1 X98.164 Y107.6 E4.50637
G1 X97.966 Y107.005 E4.53099
G1 X97.766 Y106.089 E4.5678
G1 X97.766 Y103.909 E4.6534
G1 X97.885 Y103.302 E4.67769
G1 X98.058 Y102.695 E4.70247
G1 X98.284 Y102.106 E4.72724
G1 X98.56 Y101.539 E4.752
G1 X98.883 Y100.999 E4.77671
G1 X99.456 Y100.241 E4.81402
G1 X99.887 Y99.784 E4.83869
G1 X100.358 Y99.364 E4.86347
G1 X100.864 Y98.987 E4.88825
G1 X101.4 Y98.655 E4.91301
G1 X101.963 Y98.37 E4.93779
G1 X102.549 Y98.136 E4.96257
G1 X103.153 Y97.953 E4.98735
G1 X103.77 Y97.823 E5.01211
G1 X104.395 Y97.747 E5.03683
M73 P50 R5
G1 X105.178 Y97.73 E5.06758
G1 X105.282 Y97.739 E5.07168
M73 Q50 S5
G1 X105.68 Y97.772 F7800
G92 E0
G1 X109.72 Y108.629
;TYPE:Internal infill
;WIDTH:0.45
;HEIGHT:0.4
G1 F494.289
G1 X109.858 Y108.721 E.01165
;LAYER_CHANGE
;Z:4.75
;HEIGHT:0.2
G92 E0
G1 Z4.75 F7800
G1 X107.626 Y102.333
;TYPE:Perimeter
;WIDTH:0.449999
G1 F884.349
G1 X107.777 Y102.483 E.00836
G1 X108.027 Y102.784 E.02372
G1 X108.34 Y103.301 E.04745
G1 X108.619 Y104.088 E.08024
G1 X108.705 Y104.475 E.09581
G1 X108.736 Y105.197 E.12419
G1 X108.636 Y105.809 E.14854
G1 X108.489 Y106.37 E.17131
G1 X108.209 Y106.939 E.19621
G1 X107.809 Y107.492 E.22301
G1 X107.444 Y107.858 E.24331
G1 X106.82 Y108.279 E.27287
G1 X106.478 Y108.468 E.28821
G1 X105.989 Y108.645 E.30863
G1 X105.462 Y108.756 E.32978
G1 X104.882 Y108.786 E.35258
G1 X104.133 Y108.69 E.38223
G1 X103.754 Y108.577 E.39776
G1 X103.184 Y108.341 E.42198
G1 X102.713 Y108.032 E.4441
G1 X102.328 Y107.723 E.46348
G1 X101.969 Y107.322 E.48461
G1 X101.602 Y106.741 E.51159
G1 X101.483 Y106.498 E.52221
G1 X101.289 Y105.927 E.54589
G1 X101.181 Y105.254 E.57265
G1 X101.214 Y104.452 E.60417
G1 X101.371 Y103.789 E.63092
G1 X101.569 Y103.311 E.65123
G1 X102.081 Y102.544 E.68744
G1 X102.607 Y102.044 E.71594
G1 X102.86 Y101.848 E.72851
G1 X103.328 Y101.58 E.74969
G1 X104.032 Y101.331 E.77901
G1 X104.709 Y101.227 E.8059
G1 X105.23 Y101.222 E.82636
G1 X105.814 Y101.333 E.8497
G1 X106.316 Y101.464 E.87007
G1 X106.812 Y101.701 E.89165
G1 X107.415 Y102.123 E.92055
G1 X107.583 Y102.29 E.92985
G1 X107.338 Y102.62 F7800
G1 F884.349
G1 X107.607 Y102.9 E.9451
G1 X107.915 Y103.385 E.96766
G1 X108.053 Y103.645 E.97922
G1 X108.27 Y104.335 E1.00762
G1 X108.322 Y105.051 E1.03581
G1 X108.316 Y105.373 E1.04846
G1 X108.159 Y106.08 E1.0769
G1 X107.844 Y106.759 E1.10629
G1 X107.486 Y107.244 E1.12996
G1 X107.125 Y107.597 E1.14978
G1 X106.339 Y108.086 E1.18613
G1 X105.864 Y108.258 E1.20597
G1 X105.354 Y108.357 E1.22637
G1 X104.804 Y108.379 E1.24798
G1 X104.195 Y108.288 E1.27216
G1 X103.547 Y108.051 E1.29925
G1 X103.212 Y107.893 E1.31379
G1 X102.725 Y107.536 E1.3375
G1 X102.272 Y107.05 E1.36359
G1 X101.951 Y106.533 E1.38748
G1 X101.695 Y105.857 E1.41586
G1 X101.584 Y105.201 E1.44198
G1 X101.62 Y104.479 E1.47036
G1 X101.764 Y103.894 E1.49402
G1 X101.951 Y103.454 E1.51279
G1 X102.415 Y102.778 E1.54498
G1 X102.876 Y102.35 E1.56968
G1 X103.328 Y102.048 E1.59102
G1 X103.591 Y101.91 E1.60268
G1 X104.162 Y101.716 E1.62636
G1 X104.757 Y101.631 E1.64996
G1 X105.326 Y101.642 E1.67231
G1 X106.038 Y101.799 E1.70094
G1 X106.512 Y101.996 E1.72109
G1 X107.181 Y102.456 E1.75297
G1 X107.297 Y102.577 E1.75955
G1 X107.054 Y102.904 F7800
;TYPE:External perimeter
G1 F884.349
G1 X107.307 Y103.175 E1.77411
G1 X107.644 Y103.723 E1.79937
G1 X107.843 Y104.333 E1.82456
G1 X107.897 Y104.651 E1.83722
G1 X107.923 Y105.232 E1.86006
G1 X107.762 Y105.992 E1.89056
G1 X107.478 Y106.579 E1.91616
G1 X107.164 Y106.996 E1.93666
G1 X106.735 Y107.367 E1.95893
G1 X106.239 Y107.684 E1.98204
G1 X105.746 Y107.868 E2.0027
G1 X105.329 Y107.951 E2.01939
G1 X104.826 Y107.972 E2.03916
G1 X104.257 Y107.885 E2.06176
G1 X103.453 Y107.565 E2.09574
G1 X102.966 Y107.208 E2.11945
G1 X102.576 Y106.779 E2.14221
G1 X102.301 Y106.325 E2.16305
G1 X102.081 Y105.726 E2.18811
G1 X101.988 Y105.148 E2.2111
G1 X102.026 Y104.505 E2.23639
G1 X102.157 Y104 E2.25687
G1 X102.317 Y103.631 E2.27266
G1 X102.748 Y103.011 E2.30231
G1 X103.144 Y102.656 E2.32319
G1 X103.685 Y102.312 E2.34836
G1 X104.293 Y102.101 E2.37363
G1 X104.806 Y102.035 E2.39394
G1 X105.244 Y102.04 E2.41114
G1 X105.95 Y102.197 E2.43954
G1 X106.355 Y102.375 E2.45691
G1 X106.948 Y102.79 E2.48533
G1 X107.013 Y102.86 E2.48908
G1 X107.283 Y103.156 F7800
G92 E0
G1 X105.316 Y98.559
;TYPE:Perimeter
G1 F884.349
G1 X105.864 Y98.604 E.02159
G1 X106.408 Y98.705 E.04331
G1 X106.948 Y98.854 E.06531
G1 X107.462 Y99.046 E.08685
G1 X108.168 Y99.399 E.11784
G1 X108.645 Y99.698 E.13994
G1 X109.071 Y100.022 E.16095
G1 X109.487 Y100.413 E.18337
G1 X109.917 Y100.87 E.20801
G1 X110.276 Y101.357 E.23177
G1 X110.601 Y101.862 E.25535
G1 X110.842 Y102.339 E.27633
G1 X111.051 Y102.859 E.29834
G1 X111.213 Y103.395 E.32033
G1 X111.329 Y103.942 E.34229
G1 X111.418 Y104.989 E.38355
G1 X111.362 Y105.849 E.41739
G1 X111.267 Y106.39 E.43896
G1 X111.123 Y106.931 E.46094
G1 X110.936 Y107.448 E.48253
G1 X110.562 Y108.212 E.51593
G1 X110.092 Y108.921 E.54933
G1 X109.741 Y109.343 E.57088
G1 X109.354 Y109.733 E.59245
G1 X108.685 Y110.276 E.62628
G1 X108.223 Y110.574 E.64787
G1 X107.728 Y110.836 E.66986
G1 X107.212 Y111.054 E.69185
G1 X106.679 Y111.226 E.71384
G1 X106.133 Y111.352 E.73584
G1 X105.579 Y111.43 E.75781
G1 X105.03 Y111.459 E.7794
G1 X104.17 Y111.411 E.81322
G1 X103.639 Y111.323 E.83435
G1 X102.809 Y111.091 E.86819
G1 X102.309 Y110.891 E.88933
G1 X101.548 Y110.486 E.92318
G1 X101.103 Y110.183 E.94432
G1 X100.448 Y109.624 E.97813
G1 X100.071 Y109.224 E.99971
M73 P51 R5
G1 X99.73 Y108.793 E1.02129
M73 Q51 S5
G1 X99.275 Y108.069 E1.05487
G1 X98.985 Y107.452 E1.08164
G1 X98.75 Y106.782 E1.10952
G1 X98.581 Y106.001 E1.1409
G1 X98.581 Y103.988 E1.21994
G1 X98.677 Y103.492 E1.23978
G1 X98.831 Y102.953 E1.26179
G1 X99.032 Y102.43 E1.28379
G1 X99.277 Y101.926 E1.30579
G1 X99.559 Y101.455 E1.32734
G1 X100.079 Y100.768 E1.36117
G1 X100.455 Y100.368 E1.38273
G1 X100.874 Y99.996 E1.40473
G1 X101.323 Y99.661 E1.42673
G1 X101.799 Y99.366 E1.44872
G1 X102.299 Y99.113 E1.47072
G1 X102.819 Y98.905 E1.49271
G1 X103.355 Y98.742 E1.51471
G1 X103.903 Y98.627 E1.5367
G1 X104.453 Y98.56 E1.55846
G1 X105.146 Y98.545 E1.58568
G1 X105.256 Y98.554 E1.59001
G1 X105.329 Y98.152 F7800
G1 F884.349
G1 X105.918 Y98.2 E1.61321
G1 X106.499 Y98.308 E1.63641
G1 X107.073 Y98.466 E1.65979
G1 X107.625 Y98.672 E1.68292
G1 X108.435 Y99.078 E1.7185
G1 X108.93 Y99.397 E1.74162
G1 X109.395 Y99.758 E1.76473
G1 X109.77 Y100.121 E1.78522
G1 X110.302 Y100.696 E1.81598
G1 X110.615 Y101.132 E1.83705
G1 X111.031 Y101.807 E1.86818
G1 X111.255 Y102.272 E1.88845
G1 X111.439 Y102.737 E1.90809
G1 X111.611 Y103.307 E1.93147
G1 X111.733 Y103.89 E1.95486
G1 X111.803 Y104.481 E1.97823
G1 X111.826 Y104.994 E1.99839
G1 X111.767 Y105.898 E2.03396
G1 X111.665 Y106.478 E2.05708
G1 X111.512 Y107.053 E2.08044
G1 X111.311 Y107.607 E2.10358
G1 X110.916 Y108.415 E2.13889
G1 X110.419 Y109.164 E2.17418
G1 X110.042 Y109.617 E2.19732
G1 X109.628 Y110.036 E2.22045
G1 X108.924 Y110.606 E2.25602
G1 X108.429 Y110.926 E2.27916
G1 X107.903 Y111.204 E2.30252
G1 X107.354 Y111.436 E2.32592
G1 X106.788 Y111.619 E2.34928
G1 X106.207 Y111.753 E2.37269
G1 X105.618 Y111.836 E2.39605
G1 X105.029 Y111.867 E2.41921
G1 X104.125 Y111.816 E2.45476
G1 X103.55 Y111.721 E2.47764
G1 X102.678 Y111.477 E2.51319
G1 X102.137 Y111.261 E2.53606
G1 X101.338 Y110.835 E2.57161
G1 X100.856 Y110.507 E2.5945
G1 X100.167 Y109.919 E2.63007
G1 X99.763 Y109.491 E2.65318
G1 X99.397 Y109.029 E2.67632
G1 X98.917 Y108.265 E2.71175
G1 X98.607 Y107.607 E2.74031
G1 X98.358 Y106.893 E2.77
G1 X98.174 Y106.045 E2.80407
G1 X98.174 Y103.948 E2.88641
G1 X98.281 Y103.397 E2.90845
G1 X98.445 Y102.824 E2.93185
G1 X98.658 Y102.268 E2.95523
G1 X98.918 Y101.733 E2.97859
G1 X99.221 Y101.227 E3.00175
G1 X99.767 Y100.505 E3.03729
G1 X100.171 Y100.076 E3.06043
G1 X100.616 Y99.68 E3.08382
G1 X101.093 Y99.324 E3.10719
G1 X101.6 Y99.01 E3.13061
G1 X102.131 Y98.742 E3.15396
G1 X102.684 Y98.52 E3.17736
G1 X103.254 Y98.348 E3.20074
G1 X103.837 Y98.225 E3.22414
G1 X104.424 Y98.154 E3.24736
G1 X105.158 Y98.138 E3.27619
G1 X105.269 Y98.147 E3.28056
G1 X105.342 Y97.744 F7800
;TYPE:External perimeter
G1 F884.349
G1 X105.972 Y97.796 E3.30538
G1 X106.59 Y97.911 E3.33006
G1 X107.198 Y98.079 E3.35483
G1 X107.788 Y98.298 E3.37954
G1 X108.637 Y98.724 E3.41684
G1 X109.165 Y99.065 E3.44152
G1 X109.662 Y99.45 E3.4662
G1 X110.261 Y100.03 E3.49894
G1 X110.615 Y100.435 E3.52006
G1 X110.955 Y100.907 E3.5429
G1 X111.393 Y101.62 E3.57576
G1 X111.631 Y102.117 E3.5974
G1 X111.828 Y102.616 E3.61846
G1 X112.037 Y103.348 E3.64835
G1 X112.149 Y103.935 E3.67181
G1 X112.21 Y104.463 E3.69268
G1 X112.233 Y104.998 E3.71371
G1 X112.171 Y105.946 E3.75101
G1 X112.063 Y106.565 E3.77568
G1 X111.901 Y107.175 E3.80046
G1 X111.687 Y107.766 E3.82514
G1 X111.27 Y108.618 E3.86239
G1 X110.746 Y109.408 E3.89961
G1 X110.344 Y109.891 E3.92428
G1 X109.901 Y110.338 E3.94899
G1 X109.163 Y110.936 E3.98629
G1 X108.635 Y111.277 E4.01097
G1 X108.078 Y111.572 E4.03572
G1 X107.496 Y111.818 E4.06053
G1 X106.896 Y112.012 E4.08529
G1 X106.282 Y112.153 E4.11003
G1 X105.657 Y112.241 E4.13481
G1 X105.029 Y112.274 E4.1595
G1 X104.08 Y112.221 E4.19682
G1 X103.462 Y112.119 E4.22141
G1 X102.547 Y111.863 E4.25872
G1 X101.965 Y111.63 E4.28334
G1 X101.127 Y111.184 E4.32061
G1 X100.609 Y110.831 E4.34522
G1 X99.886 Y110.214 E4.38254
G1 X99.455 Y109.757 E4.40721
G1 X99.064 Y109.264 E4.43192
G1 X98.56 Y108.461 E4.46915
G1 X98.23 Y107.761 E4.49954
G1 X97.965 Y107.004 E4.53103
G1 X97.766 Y106.089 E4.5678
G1 X97.766 Y103.909 E4.6534
G1 X97.885 Y103.302 E4.67769
G1 X98.058 Y102.695 E4.70247
G1 X98.284 Y102.106 E4.72724
G1 X98.56 Y101.539 E4.752
G1 X98.883 Y100.999 E4.77671
G1 X99.456 Y100.241 E4.81402
G1 X99.887 Y99.784 E4.83869
M73 P52 R5
G1 X100.358 Y99.364 E4.86347
M73 Q52 S5
G1 X100.864 Y98.987 E4.88825
G1 X101.4 Y98.655 E4.91301
G1 X101.963 Y98.37 E4.93779
G1 X102.549 Y98.136 E4.96257
G1 X103.153 Y97.953 E4.98735
G1 X103.77 Y97.823 E5.01211
G1 X104.395 Y97.747 E5.03683
G1 X105.17 Y97.73 E5.06727
G1 X105.282 Y97.739 E5.07168
G1 X105.68 Y97.772 F7800
;LAYER_CHANGE
;Z:4.95
;HEIGHT:0.2
G92 E0
G1 Z4.95 F7800
G1 X107.626 Y102.333
;TYPE:Perimeter
G1 F884.349
G1 X107.777 Y102.483 E.00836
G1 X108.027 Y102.784 E.02372
G1 X108.34 Y103.301 E.04745
G1 X108.592 Y103.934 E.0742
G1 X108.705 Y104.438 E.09448
G1 X108.73 Y105.022 E.11743
G1 X108.713 Y105.461 E.13468
G1 X108.557 Y106.168 E.16311
G1 X108.209 Y106.939 E.19632
G1 X107.809 Y107.492 E.22312
G1 X107.444 Y107.858 E.24342
G1 X106.82 Y108.279 E.27298
G1 X106.468 Y108.472 E.28874
G1 X105.963 Y108.649 E.30975
G1 X105.226 Y108.776 E.33911
G1 X104.49 Y108.756 E.36802
G1 X103.76 Y108.591 E.39741
G1 X102.899 Y108.173 E.43499
G1 X102.681 Y108.02 E.44545
G1 X102.148 Y107.532 E.47382
G1 X101.958 Y107.298 E.48566
G1 X101.588 Y106.717 E.51271
G1 X101.315 Y106.003 E.54272
G1 X101.237 Y105.684 E.55561
G1 X101.172 Y105.121 E.57786
G1 X101.214 Y104.452 E.60418
G1 X101.371 Y103.789 E.63093
G1 X101.569 Y103.311 E.65124
G1 X102.046 Y102.595 E.68502
G1 X102.244 Y102.363 E.697
G1 X102.698 Y101.964 E.72073
G1 X103.125 Y101.696 E.74052
G1 X103.46 Y101.525 E.75529
G1 X104.032 Y101.331 E.77901
G1 X104.71 Y101.227 E.80594
G1 X105.23 Y101.222 E.82636
G1 X105.814 Y101.333 E.8497
G1 X106.316 Y101.464 E.87007
G1 X106.812 Y101.701 E.89165
G1 X107.415 Y102.123 E.92055
G1 X107.583 Y102.29 E.92985
G1 X107.338 Y102.62 F7800
G1 F884.349
G1 X107.607 Y102.9 E.9451
G1 X107.915 Y103.385 E.96766
G1 X108.13 Y103.857 E.98802
G1 X108.293 Y104.445 E1.01198
G1 X108.323 Y105.036 E1.03522
G1 X108.316 Y105.373 E1.04846
G1 X108.159 Y106.08 E1.0769
G1 X107.844 Y106.759 E1.10629
G1 X107.486 Y107.244 E1.12996
G1 X107.125 Y107.597 E1.14978
G1 X106.333 Y108.088 E1.18637
G1 X105.828 Y108.265 E1.20738
G1 X105.167 Y108.373 E1.23368
G1 X104.512 Y108.35 E1.25941
G1 X103.86 Y108.196 E1.28571
G1 X103.087 Y107.812 E1.3196
G1 X102.559 Y107.357 E1.34697
G1 X102.301 Y107.079 E1.36186
G1 X101.931 Y106.499 E1.38887
G1 X101.7 Y105.872 E1.41511
G1 X101.584 Y105.201 E1.44185
G1 X101.62 Y104.479 E1.47023
G1 X101.764 Y103.894 E1.49389
G1 X101.969 Y103.42 E1.51417
G1 X102.379 Y102.828 E1.54244
G1 X102.512 Y102.669 E1.55058
G1 X102.966 Y102.271 E1.57429
G1 X103.482 Y101.959 E1.59797
G1 X104.162 Y101.716 E1.62632
G1 X104.759 Y101.631 E1.65
G1 X105.326 Y101.642 E1.67227
G1 X106.038 Y101.799 E1.7009
G1 X106.512 Y101.996 E1.72105
G1 X107.181 Y102.456 E1.75293
G1 X107.297 Y102.577 E1.75951
G1 X107.054 Y102.904 F7800
;TYPE:External perimeter
G1 F884.349
G1 X107.307 Y103.175 E1.77407
G1 X107.644 Y103.723 E1.79933
G1 X107.827 Y104.213 E1.81987
G1 X107.902 Y104.633 E1.83662
G1 X107.923 Y105.234 E1.86023
G1 X107.762 Y105.992 E1.89066
G1 X107.478 Y106.579 E1.91626
G1 X107.164 Y106.996 E1.93676
G1 X106.735 Y107.367 E1.95903
G1 X106.24 Y107.683 E1.98209
G1 X105.693 Y107.881 E2.00493
G1 X105.109 Y107.97 E2.02813
G1 X104.534 Y107.943 E2.05073
G1 X103.96 Y107.801 E2.07395
G1 X103.275 Y107.451 E2.10415
G1 X102.834 Y107.057 E2.12737
G1 X102.644 Y106.86 E2.13812
G1 X102.275 Y106.281 E2.16508
G1 X102.086 Y105.741 E2.18754
G1 X101.988 Y105.148 E2.21114
G1 X102.026 Y104.505 E2.23643
G1 X102.157 Y104 E2.25691
G1 X102.325 Y103.616 E2.27337
G1 X102.713 Y103.062 E2.29993
G1 X103.163 Y102.639 E2.32418
G1 X103.685 Y102.312 E2.34837
G1 X104.293 Y102.101 E2.37364
G1 X104.808 Y102.035 E2.39403
G1 X105.244 Y102.04 E2.41115
G1 X105.95 Y102.197 E2.43955
G1 X106.355 Y102.375 E2.45692
G1 X106.948 Y102.79 E2.48534
G1 X107.013 Y102.86 E2.48909
G1 X107.283 Y103.156 F7800
G92 E0
G1 X105.316 Y98.559
;TYPE:Perimeter
G1 F884.349
G1 X105.864 Y98.604 E.02159
G1 X106.408 Y98.705 E.04331
G1 X106.948 Y98.854 E.06531
G1 X107.462 Y99.046 E.08685
G1 X108.168 Y99.399 E.11784
G1 X108.645 Y99.698 E.13994
G1 X109.071 Y100.022 E.16095
G1 X109.487 Y100.413 E.18337
G1 X109.917 Y100.87 E.20801
G1 X110.276 Y101.357 E.23177
G1 X110.601 Y101.862 E.25535
G1 X110.842 Y102.339 E.27633
G1 X111.051 Y102.859 E.29834
G1 X111.213 Y103.394 E.32029
G1 X111.329 Y103.942 E.34228
G1 X111.418 Y104.989 E.38354
G1 X111.362 Y105.849 E.41738
G1 X111.267 Y106.39 E.43895
G1 X111.123 Y106.931 E.46093
G1 X110.936 Y107.448 E.48252
G1 X110.562 Y108.212 E.51592
G1 X110.092 Y108.921 E.54932
G1 X109.741 Y109.343 E.57087
G1 X109.354 Y109.733 E.59244
G1 X108.685 Y110.276 E.62627
G1 X108.223 Y110.574 E.64786
G1 X107.728 Y110.836 E.66985
G1 X107.212 Y111.054 E.69184
G1 X106.685 Y111.225 E.71359
G1 X106.016 Y111.371 E.74048
G1 X105.292 Y111.451 E.76908
G1 X104.739 Y111.456 E.79079
G1 X104.181 Y111.413 E.81276
G1 X103.639 Y111.323 E.83433
G1 X102.809 Y111.091 E.86817
G1 X102.309 Y110.891 E.88931
G1 X101.548 Y110.486 E.92316
G1 X101.103 Y110.183 E.9443
M73 P53 R5
M73 Q53 S5
G1 X100.448 Y109.624 E.97811
G1 X100.071 Y109.224 E.99969
G1 X99.73 Y108.793 E1.02127
G1 X99.278 Y108.073 E1.05465
G1 X98.922 Y107.3 E1.08807
G1 X98.752 Y106.789 E1.10922
G1 X98.581 Y106.001 E1.14088
G1 X98.581 Y103.988 E1.21992
G1 X98.677 Y103.492 E1.23976
G1 X98.831 Y102.953 E1.26177
G1 X99.032 Y102.43 E1.28377
G1 X99.277 Y101.926 E1.30577
G1 X99.564 Y101.446 E1.32773
G1 X99.893 Y100.992 E1.34974
G1 X100.252 Y100.576 E1.37132
G1 X100.883 Y99.989 E1.40516
G1 X101.323 Y99.661 E1.42671
G1 X101.799 Y99.366 E1.4487
G1 X102.299 Y99.113 E1.4707
G1 X102.819 Y98.905 E1.49269
G1 X103.355 Y98.742 E1.51469
G1 X103.903 Y98.627 E1.53668
G1 X104.453 Y98.56 E1.55844
G1 X105.138 Y98.545 E1.58534
G1 X105.256 Y98.554 E1.58999
G1 X105.329 Y98.152 F7800
G1 F884.349
G1 X105.918 Y98.2 E1.61319
G1 X106.499 Y98.308 E1.63639
G1 X107.073 Y98.466 E1.65977
G1 X107.625 Y98.672 E1.6829
G1 X108.435 Y99.078 E1.71848
G1 X108.93 Y99.397 E1.7416
G1 X109.395 Y99.758 E1.76471
G1 X109.77 Y100.121 E1.7852
G1 X110.302 Y100.696 E1.81596
G1 X110.615 Y101.132 E1.83703
G1 X111.031 Y101.807 E1.86816
G1 X111.255 Y102.272 E1.88843
G1 X111.439 Y102.737 E1.90807
G1 X111.611 Y103.307 E1.93145
G1 X111.733 Y103.89 E1.95484
G1 X111.803 Y104.481 E1.97821
G1 X111.826 Y104.994 E1.99837
G1 X111.767 Y105.898 E2.03394
G1 X111.665 Y106.478 E2.05706
G1 X111.512 Y107.053 E2.08042
G1 X111.311 Y107.607 E2.10356
G1 X110.916 Y108.415 E2.13887
G1 X110.419 Y109.164 E2.17416
G1 X110.042 Y109.617 E2.1973
G1 X109.628 Y110.036 E2.22043
G1 X108.924 Y110.606 E2.256
G1 X108.429 Y110.926 E2.27914
G1 X107.903 Y111.204 E2.3025
G1 X107.354 Y111.436 E2.3259
G1 X106.791 Y111.618 E2.34913
G1 X106.082 Y111.773 E2.37763
G1 X105.316 Y111.858 E2.40789
G1 X104.725 Y111.863 E2.4311
G1 X104.131 Y111.817 E2.45449
G1 X103.55 Y111.721 E2.47761
G1 X102.678 Y111.477 E2.51316
G1 X102.137 Y111.261 E2.53603
G1 X101.338 Y110.835 E2.57158
G1 X100.856 Y110.507 E2.59447
G1 X100.167 Y109.919 E2.63004
G1 X99.763 Y109.491 E2.65315
G1 X99.397 Y109.029 E2.67629
G1 X98.919 Y108.267 E2.71161
G1 X98.543 Y107.45 E2.74692
G1 X98.359 Y106.897 E2.7698
G1 X98.174 Y106.045 E2.80403
G1 X98.174 Y103.948 E2.88637
G1 X98.281 Y103.397 E2.90841
G1 X98.445 Y102.824 E2.93181
G1 X98.658 Y102.268 E2.95519
G1 X98.918 Y101.733 E2.97855
G1 X99.224 Y101.222 E3.00194
G1 X99.573 Y100.739 E3.02534
G1 X99.958 Y100.293 E3.04847
G1 X100.621 Y99.676 E3.08403
G1 X101.093 Y99.324 E3.10715
G1 X101.6 Y99.01 E3.13057
G1 X102.131 Y98.742 E3.15392
G1 X102.684 Y98.52 E3.17732
G1 X103.254 Y98.348 E3.2007
G1 X103.837 Y98.225 E3.2241
G1 X104.424 Y98.154 E3.24732
G1 X105.15 Y98.137 E3.27583
G1 X105.269 Y98.147 E3.28052
G1 X105.342 Y97.745 F7800
;TYPE:External perimeter
G1 F884.349
G1 X105.972 Y97.796 E3.30534
G1 X106.59 Y97.911 E3.33002
G1 X107.198 Y98.079 E3.35479
G1 X107.788 Y98.298 E3.3795
G1 X108.637 Y98.724 E3.4168
G1 X109.165 Y99.065 E3.44148
G1 X109.662 Y99.45 E3.46616
G1 X110.261 Y100.029 E3.49887
G1 X110.615 Y100.435 E3.52002
G1 X110.955 Y100.907 E3.54286
G1 X111.393 Y101.62 E3.57572
G1 X111.668 Y102.207 E3.60117
G1 X111.897 Y102.835 E3.62742
G1 X112.035 Y103.338 E3.6479
G1 X112.136 Y103.837 E3.66789
G1 X112.21 Y104.463 E3.69264
G1 X112.233 Y104.998 E3.71367
G1 X112.171 Y105.946 E3.75097
G1 X112.063 Y106.565 E3.77564
G1 X111.901 Y107.175 E3.80042
G1 X111.687 Y107.766 E3.8251
G1 X111.27 Y108.618 E3.86235
G1 X110.746 Y109.408 E3.89957
G1 X110.344 Y109.891 E3.92424
G1 X109.901 Y110.338 E3.94895
G1 X109.163 Y110.936 E3.98625
G1 X108.635 Y111.277 E4.01093
G1 X108.078 Y111.572 E4.03568
G1 X107.496 Y111.818 E4.06049
G1 X106.898 Y112.012 E4.08517
G1 X106.148 Y112.175 E4.11531
G1 X105.341 Y112.265 E4.14719
G1 X104.711 Y112.271 E4.17193
G1 X104.082 Y112.222 E4.1967
G1 X103.462 Y112.119 E4.22138
G1 X102.547 Y111.863 E4.25869
G1 X101.965 Y111.63 E4.28331
G1 X101.127 Y111.184 E4.32058
G1 X100.609 Y110.831 E4.34519
G1 X99.886 Y110.214 E4.38251
G1 X99.455 Y109.757 E4.40718
G1 X99.064 Y109.264 E4.43189
G1 X98.56 Y108.461 E4.46912
G1 X98.164 Y107.6 E4.50633
G1 X97.966 Y107.005 E4.53095
G1 X97.766 Y106.089 E4.56776
G1 X97.766 Y103.909 E4.65336
G1 X97.885 Y103.302 E4.67765
G1 X98.058 Y102.695 E4.70243
G1 X98.284 Y102.106 E4.7272
G1 X98.56 Y101.539 E4.75196
G1 X98.884 Y100.997 E4.77675
M73 P54 R5
G1 X99.254 Y100.486 E4.80152
M73 Q54 S5
G1 X99.665 Y100.01 E4.82621
G1 X100.36 Y99.363 E4.86349
G1 X100.864 Y98.987 E4.88818
G1 X101.4 Y98.655 E4.91294
G1 X101.963 Y98.37 E4.93772
G1 X102.549 Y98.136 E4.9625
G1 X103.153 Y97.953 E4.98728
G1 X103.77 Y97.823 E5.01204
G1 X104.395 Y97.747 E5.03676
G1 X105.162 Y97.73 E5.06688
G1 X105.282 Y97.74 E5.07161
G1 X105.68 Y97.772 F7800
G92 E0
G1 X100.614 Y100.9
;TYPE:Internal infill
;WIDTH:0.45
;HEIGHT:0.4
G1 F494.289
G1 X100.485 Y100.782 E.01228
G1 X100.53 Y100.734 E.0169
G1 X101.078 Y100.224 E.06949
G1 X101.948 Y99.632 E.14341
G1 X102.92 Y99.193 E.21833
G1 X103.431 Y99.038 E.25584
G1 X104.474 Y98.865 E.33011
G1 X105.824 Y98.907 E.42499
G1 X106.853 Y99.145 E.49919
G1 X108.081 Y99.697 E.59377
G1 X108.928 Y100.298 E.66673
G1 X109.837 Y101.25 E.7592
G1 X110.304 Y101.952 E.81843
G1 X110.746 Y102.907 E.89236
G1 X110.906 Y103.416 E.92984
G1 X111.09 Y104.467 E1.0048
G1 X111.058 Y105.813 E1.09938
G1 X110.831 Y106.84 E1.17327
G1 X110.655 Y107.328 E1.20971
G1 X110.296 Y108.06 E1.26698
G1 X109.883 Y108.683 E1.31949
G1 X109.34 Y108.504 E1.35965
;LAYER_CHANGE
;Z:5.15
;HEIGHT:0.2
G92 E0
G1 Z5.15 F7800
G1 X107.626 Y102.333
;TYPE:Perimeter
;WIDTH:0.449999
G1 F884.349
G1 X107.777 Y102.483 E.00836
G1 X108.027 Y102.784 E.02372
G1 X108.34 Y103.301 E.04745
G1 X108.619 Y104.088 E.08024
G1 X108.705 Y104.475 E.09581
G1 X108.736 Y105.197 E.12419
G1 X108.636 Y105.809 E.14854
G1 X108.489 Y106.37 E.17131
G1 X108.209 Y106.939 E.19621
G1 X107.809 Y107.492 E.22301
G1 X107.444 Y107.858 E.24331
G1 X106.82 Y108.279 E.27287
G1 X106.478 Y108.468 E.28821
G1 X105.989 Y108.645 E.30863
G1 X105.234 Y108.775 E.33871
G1 X104.455 Y108.748 E.36932
G1 X103.747 Y108.587 E.39783
G1 X103.143 Y108.323 E.42371
G1 X102.713 Y108.032 E.4441
G1 X102.329 Y107.724 E.46343
G1 X101.973 Y107.328 E.48434
G1 X101.607 Y106.75 E.5112
G1 X101.441 Y106.375 E.5273
G1 X101.258 Y105.816 E.5504
G1 X101.181 Y105.254 E.57267
G1 X101.214 Y104.452 E.60419
G1 X101.371 Y103.789 E.63094
G1 X101.569 Y103.311 E.65125
G1 X102.081 Y102.544 E.68746
G1 X102.607 Y102.044 E.71596
G1 X102.86 Y101.848 E.72853
G1 X103.328 Y101.58 E.74971
G1 X104.032 Y101.331 E.77903
G1 X104.711 Y101.226 E.80601
G1 X105.229 Y101.222 E.82635
G1 X105.814 Y101.333 E.84973
G1 X106.316 Y101.464 E.8701
G1 X106.812 Y101.701 E.89168
G1 X107.415 Y102.123 E.92058
G1 X107.583 Y102.29 E.92988
G1 X107.338 Y102.62 F7800
G1 F884.349
G1 X107.607 Y102.9 E.94513
G1 X107.915 Y103.385 E.96769
G1 X108.053 Y103.645 E.97925
G1 X108.27 Y104.335 E1.00765
G1 X108.322 Y105.051 E1.03584
G1 X108.316 Y105.373 E1.04849
G1 X108.159 Y106.08 E1.07693
G1 X107.844 Y106.759 E1.10632
G1 X107.486 Y107.244 E1.12999
G1 X107.125 Y107.597 E1.14981
G1 X106.339 Y108.086 E1.18616
G1 X105.864 Y108.258 E1.206
G1 X105.172 Y108.372 E1.23354
G1 X104.482 Y108.342 E1.26066
G1 X103.853 Y108.194 E1.28603
G1 X103.315 Y107.954 E1.30916
G1 X102.725 Y107.536 E1.33755
G1 X102.276 Y107.056 E1.36336
G1 X101.956 Y106.541 E1.38717
G1 X101.7 Y105.872 E1.4153
G1 X101.584 Y105.201 E1.44204
G1 X101.62 Y104.479 E1.47042
G1 X101.764 Y103.894 E1.49408
G1 X101.941 Y103.475 E1.51194
G1 X102.415 Y102.778 E1.54504
G1 X102.876 Y102.35 E1.56974
G1 X103.328 Y102.048 E1.59108
G1 X103.591 Y101.91 E1.60274
G1 X104.162 Y101.716 E1.62642
G1 X104.76 Y101.63 E1.65014
G1 X105.326 Y101.642 E1.67237
G1 X106.038 Y101.799 E1.701
G1 X106.512 Y101.996 E1.72115
G1 X107.181 Y102.456 E1.75303
G1 X107.297 Y102.577 E1.75961
G1 X107.054 Y102.904 F7800
;TYPE:External perimeter
G1 F884.349
G1 X107.307 Y103.175 E1.77417
G1 X107.644 Y103.723 E1.79943
G1 X107.843 Y104.333 E1.82462
G1 X107.897 Y104.651 E1.83728
G1 X107.923 Y105.232 E1.86012
G1 X107.762 Y105.991 E1.89058
G1 X107.478 Y106.579 E1.91622
G1 X107.164 Y106.996 E1.93672
G1 X106.735 Y107.367 E1.95899
G1 X106.239 Y107.684 E1.9821
M73 P55 R5
G1 X105.746 Y107.868 E2.00276
M73 Q55 S5
G1 X105.11 Y107.97 E2.02805
G1 X104.508 Y107.935 E2.05173
G1 X103.958 Y107.801 E2.07396
G1 X103.487 Y107.585 E2.09431
G1 X102.966 Y107.208 E2.11956
G1 X102.579 Y106.784 E2.1421
G1 X102.306 Y106.333 E2.1628
G1 X102.086 Y105.741 E2.1876
G1 X101.988 Y105.148 E2.2112
G1 X102.026 Y104.505 E2.23649
G1 X102.157 Y104 E2.25697
G1 X102.314 Y103.639 E2.27243
G1 X102.748 Y103.011 E2.3024
G1 X103.144 Y102.656 E2.32328
G1 X103.685 Y102.312 E2.34845
M73 P55 R4
G1 X104.293 Y102.101 E2.37372
G1 X104.809 Y102.034 E2.39415
G1 X105.244 Y102.04 E2.41123
G1 X105.95 Y102.197 E2.43963
G1 X106.355 Y102.375 E2.457
G1 X106.948 Y102.79 E2.48542
G1 X107.013 Y102.86 E2.48917
G1 X107.283 Y103.156 F7800
G92 E0
G1 X105.316 Y98.56
;TYPE:Perimeter
G1 F884.349
G1 X105.864 Y98.604 E.02159
G1 X106.408 Y98.705 E.04331
G1 X106.948 Y98.854 E.06531
G1 X107.462 Y99.046 E.08685
G1 X108.168 Y99.399 E.11784
G1 X108.645 Y99.698 E.13994
G1 X109.071 Y100.022 E.16095
G1 X109.487 Y100.413 E.18337
G1 X109.917 Y100.869 E.20798
G1 X110.276 Y101.357 E.23177
M73 Q55 S4
G1 X110.601 Y101.862 E.25535
G1 X110.842 Y102.339 E.27633
G1 X111.051 Y102.859 E.29834
G1 X111.213 Y103.395 E.32033
G1 X111.329 Y103.942 E.34229
G1 X111.418 Y104.989 E.38355
G1 X111.362 Y105.849 E.41739
G1 X111.267 Y106.39 E.43896
G1 X111.123 Y106.931 E.46094
G1 X110.936 Y107.448 E.48253
G1 X110.562 Y108.212 E.51593
G1 X110.092 Y108.921 E.54933
G1 X109.741 Y109.343 E.57088
G1 X109.354 Y109.733 E.59245
G1 X108.685 Y110.276 E.62628
G1 X108.223 Y110.574 E.64787
G1 X107.728 Y110.836 E.66986
G1 X107.212 Y111.054 E.69185
G1 X106.685 Y111.225 E.7136
G1 X106.023 Y111.369 E.7402
G1 X105.291 Y111.451 E.76912
G1 X104.739 Y111.456 E.79079
G1 X104.191 Y111.414 E.81237
G1 X103.344 Y111.254 E.84622
G1 X102.819 Y111.095 E.86776
G1 X102.309 Y110.891 E.88933
G1 X101.548 Y110.486 E.92318
G1 X101.103 Y110.183 E.94432
G1 X100.448 Y109.624 E.97813
G1 X100.071 Y109.224 E.99971
G1 X99.73 Y108.793 E1.02129
G1 X99.278 Y108.073 E1.05467
G1 X98.922 Y107.3 E1.08809
G1 X98.752 Y106.789 E1.10924
G1 X98.581 Y106.001 E1.1409
G1 X98.581 Y103.988 E1.21994
G1 X98.677 Y103.492 E1.23978
G1 X98.831 Y102.953 E1.26179
G1 X99.032 Y102.43 E1.28379
G1 X99.277 Y101.926 E1.30579
G1 X99.561 Y101.451 E1.32752
G1 X99.964 Y100.906 E1.35413
G1 X100.461 Y100.363 E1.38303
G1 X100.874 Y99.996 E1.40472
G1 X101.323 Y99.661 E1.42672
G1 X101.799 Y99.366 E1.44871
G1 X102.299 Y99.113 E1.47071
G1 X102.819 Y98.905 E1.4927
G1 X103.355 Y98.742 E1.5147
G1 X103.903 Y98.627 E1.53669
G1 X104.454 Y98.56 E1.55848
G1 X105.131 Y98.545 E1.58507
G1 X105.256 Y98.555 E1.58999
G1 X105.329 Y98.152 F7800
G1 F884.349
G1 X105.918 Y98.2 E1.61319
G1 X106.499 Y98.308 E1.63639
G1 X107.073 Y98.466 E1.65977
G1 X107.625 Y98.672 E1.6829
G1 X108.435 Y99.078 E1.71848
G1 X108.93 Y99.397 E1.7416
G1 X109.395 Y99.758 E1.76471
G1 X109.77 Y100.121 E1.7852
G1 X110.302 Y100.696 E1.81596
G1 X110.615 Y101.132 E1.83703
G1 X111.031 Y101.807 E1.86816
G1 X111.255 Y102.272 E1.88843
G1 X111.439 Y102.737 E1.90807
G1 X111.611 Y103.307 E1.93145
G1 X111.733 Y103.89 E1.95484
G1 X111.803 Y104.481 E1.97821
G1 X111.826 Y104.994 E1.99837
G1 X111.767 Y105.898 E2.03394
G1 X111.665 Y106.478 E2.05706
G1 X111.512 Y107.053 E2.08042
G1 X111.311 Y107.607 E2.10356
G1 X110.916 Y108.415 E2.13887
G1 X110.419 Y109.164 E2.17416
G1 X110.042 Y109.617 E2.1973
G1 X109.628 Y110.036 E2.22043
G1 X108.924 Y110.606 E2.256
G1 X108.429 Y110.926 E2.27914
G1 X107.903 Y111.204 E2.3025
G1 X107.354 Y111.436 E2.3259
G1 X106.791 Y111.618 E2.34913
G1 X106.089 Y111.772 E2.37735
G1 X105.316 Y111.858 E2.40789
G1 X104.725 Y111.863 E2.4311
G1 X104.138 Y111.818 E2.45422
G1 X103.248 Y111.65 E2.48978
G1 X102.684 Y111.48 E2.51291
G1 X102.137 Y111.261 E2.53605
G1 X101.338 Y110.835 E2.5716
G1 X100.856 Y110.507 E2.59449
G1 X100.167 Y109.919 E2.63006
G1 X99.763 Y109.491 E2.65317
G1 X99.397 Y109.029 E2.67631
G1 X98.919 Y108.267 E2.71163
G1 X98.543 Y107.45 E2.74694
G1 X98.359 Y106.898 E2.76979
G1 X98.174 Y106.045 E2.80406
G1 X98.174 Y103.948 E2.8864
G1 X98.281 Y103.397 E2.90844
G1 X98.445 Y102.824 E2.93184
G1 X98.658 Y102.268 E2.95522
G1 X98.918 Y101.733 E2.97858
G1 X99.222 Y101.224 E3.00186
G1 X99.65 Y100.647 E3.03007
G1 X100.175 Y100.073 E3.06061
G1 X100.616 Y99.68 E3.0838
G1 X101.093 Y99.324 E3.10717
G1 X101.6 Y99.01 E3.13059
G1 X102.131 Y98.742 E3.15394
G1 X102.684 Y98.52 E3.17734
G1 X103.254 Y98.348 E3.20072
G1 X103.837 Y98.225 E3.22412
G1 X104.424 Y98.154 E3.24734
G1 X105.143 Y98.137 E3.27558
M73 P56 R4
G1 X105.269 Y98.147 E3.28054
M73 Q56 S4
G1 X105.342 Y97.745 F7800
;TYPE:External perimeter
G1 F884.349
G1 X105.972 Y97.796 E3.30536
G1 X106.59 Y97.911 E3.33004
G1 X107.198 Y98.079 E3.35481
G1 X107.788 Y98.298 E3.37952
G1 X108.637 Y98.724 E3.41682
G1 X109.165 Y99.065 E3.4415
G1 X109.662 Y99.45 E3.46618
G1 X110.261 Y100.03 E3.49892
G1 X110.615 Y100.435 E3.52004
G1 X110.955 Y100.907 E3.54288
G1 X111.393 Y101.62 E3.57574
G1 X111.631 Y102.117 E3.59738
G1 X111.828 Y102.616 E3.61844
G1 X112.037 Y103.348 E3.64833
G1 X112.149 Y103.935 E3.67179
G1 X112.21 Y104.463 E3.69266
G1 X112.233 Y104.998 E3.71369
G1 X112.171 Y105.946 E3.75099
G1 X112.063 Y106.565 E3.77566
G1 X111.901 Y107.175 E3.80044
G1 X111.687 Y107.766 E3.82512
G1 X111.27 Y108.618 E3.86237
G1 X110.746 Y109.408 E3.89959
G1 X110.344 Y109.891 E3.92426
G1 X109.901 Y110.338 E3.94897
G1 X109.163 Y110.936 E3.98627
G1 X108.635 Y111.277 E4.01095
G1 X108.078 Y111.572 E4.0357
G1 X107.496 Y111.818 E4.06051
G1 X106.897 Y112.012 E4.08523
G1 X106.155 Y112.174 E4.11505
G1 X105.34 Y112.265 E4.14725
G1 X104.711 Y112.271 E4.17195
G1 X104.084 Y112.222 E4.19664
G1 X103.151 Y112.046 E4.23392
G1 X102.549 Y111.864 E4.25861
G1 X101.965 Y111.63 E4.28331
G1 X101.127 Y111.184 E4.32058
G1 X100.609 Y110.831 E4.34519
G1 X99.886 Y110.214 E4.38251
G1 X99.455 Y109.757 E4.40718
G1 X99.064 Y109.264 E4.43189
G1 X98.56 Y108.461 E4.46912
G1 X98.164 Y107.6 E4.50633
G1 X97.966 Y107.006 E4.53091
G1 X97.766 Y106.089 E4.56776
G1 X97.766 Y103.909 E4.65336
G1 X97.885 Y103.302 E4.67765
G1 X98.058 Y102.695 E4.70243
G1 X98.284 Y102.106 E4.7272
G1 X98.56 Y101.539 E4.75196
G1 X98.883 Y100.998 E4.7767
G1 X99.335 Y100.388 E4.80651
G1 X99.889 Y99.783 E4.83872
G1 X100.358 Y99.364 E4.86341
G1 X100.864 Y98.987 E4.88819
G1 X101.4 Y98.655 E4.91295
G1 X101.963 Y98.37 E4.93773
G1 X102.549 Y98.136 E4.96251
G1 X103.153 Y97.953 E4.98729
G1 X103.77 Y97.823 E5.01205
G1 X104.395 Y97.747 E5.03677
G1 X105.154 Y97.73 E5.06658
G1 X105.282 Y97.74 E5.07162
G1 X105.68 Y97.772 F7800
;LAYER_CHANGE
;Z:5.35
;HEIGHT:0.2
G92 E0
G1 Z5.35 F7800
G1 X107.626 Y102.333
;TYPE:Perimeter
G1 F884.349
G1 X107.777 Y102.483 E.00836
G1 X108.027 Y102.784 E.02372
G1 X108.34 Y103.301 E.04745
G1 X108.619 Y104.088 E.08024
G1 X108.705 Y104.475 E.09581
G1 X108.736 Y105.197 E.12419
G1 X108.636 Y105.809 E.14854
G1 X108.489 Y106.37 E.17131
G1 X108.209 Y106.939 E.19621
G1 X107.809 Y107.492 E.22301
G1 X107.219 Y108.036 E.25452
G1 X106.53 Y108.427 E.28563
G1 X106.148 Y108.593 E.30198
G1 X105.562 Y108.736 E.32566
G1 X104.755 Y108.778 E.35739
G1 X104.497 Y108.755 E.36756
G1 X103.79 Y108.598 E.396
G1 X103.143 Y108.323 E.4236
G1 X102.713 Y108.032 E.44399
G1 X102.329 Y107.724 E.46332
G1 X101.976 Y107.33 E.48409
G1 X101.606 Y106.749 E.51114
G1 X101.441 Y106.375 E.52719
G1 X101.258 Y105.816 E.55029
G1 X101.181 Y105.254 E.57256
G1 X101.214 Y104.452 E.60408
G1 X101.371 Y103.789 E.63083
G1 X101.569 Y103.311 E.65114
G1 X102.046 Y102.595 E.68492
G1 X102.244 Y102.363 E.6969
G1 X102.698 Y101.964 E.72063
G1 X103.125 Y101.696 E.74042
G1 X103.46 Y101.525 E.75519
G1 X104.032 Y101.331 E.77891
G1 X104.713 Y101.226 E.80597
G1 X105.229 Y101.222 E.82623
G1 X105.814 Y101.333 E.84961
G1 X106.316 Y101.464 E.86998
G1 X106.812 Y101.701 E.89156
G1 X107.415 Y102.123 E.92046
G1 X107.583 Y102.29 E.92976
G1 X107.338 Y102.62 F7800
G1 F884.349
G1 X107.607 Y102.9 E.94501
G1 X107.915 Y103.385 E.96757
G1 X108.053 Y103.645 E.97913
G1 X108.27 Y104.335 E1.00753
G1 X108.322 Y105.051 E1.03572
G1 X108.316 Y105.373 E1.04837
G1 X108.159 Y106.08 E1.07681
G1 X107.844 Y106.759 E1.1062
G1 X107.486 Y107.244 E1.12987
G1 X106.95 Y107.73 E1.15828
G1 X106.342 Y108.066 E1.18556
G1 X106.051 Y108.198 E1.19811
G1 X105.466 Y108.341 E1.22176
G1 X104.746 Y108.371 E1.25006
G1 X104.043 Y108.237 E1.27816
G1 X103.612 Y108.092 E1.29602
G1 X103.212 Y107.893 E1.31356
G1 X102.725 Y107.536 E1.33727
G1 X102.278 Y107.058 E1.36297
G1 X101.956 Y106.54 E1.38692
G1 X101.7 Y105.872 E1.41501
G1 X101.584 Y105.201 E1.44175
G1 X101.62 Y104.479 E1.47013
G1 X101.764 Y103.894 E1.49379
G1 X101.941 Y103.475 E1.51165
G1 X102.379 Y102.828 E1.54233
G1 X102.512 Y102.669 E1.55047
G1 X102.966 Y102.271 E1.57418
G1 X103.482 Y101.959 E1.59786
G1 X104.162 Y101.716 E1.62621
G1 X104.762 Y101.63 E1.65001
G1 X105.326 Y101.642 E1.67216
G1 X106.038 Y101.799 E1.70079
G1 X106.512 Y101.996 E1.72094
G1 X107.181 Y102.456 E1.75282
G1 X107.297 Y102.577 E1.7594
G1 X107.054 Y102.904 F7800
;TYPE:External perimeter
G1 F884.349
G1 X107.307 Y103.175 E1.77396
G1 X107.644 Y103.723 E1.79922
G1 X107.843 Y104.333 E1.82441
G1 X107.897 Y104.651 E1.83707
G1 X107.923 Y105.232 E1.85991
G1 X107.762 Y105.991 E1.89037
G1 X107.478 Y106.579 E1.91601
M73 P57 R4
M73 Q57 S4
G1 X107.164 Y106.996 E1.93651
G1 X106.682 Y107.424 E1.96182
G1 X106.154 Y107.705 E1.9853
G1 X105.821 Y107.835 E1.99934
G1 X105.325 Y107.951 E2.01934
G1 X104.722 Y107.964 E2.04302
G1 X104.131 Y107.84 E2.06673
G1 X103.784 Y107.723 E2.08111
G1 X103.453 Y107.565 E2.09551
G1 X102.966 Y107.208 E2.11922
G1 X102.581 Y106.786 E2.14165
G1 X102.305 Y106.332 E2.16251
G1 X102.086 Y105.741 E2.18726
G1 X101.988 Y105.148 E2.21086
G1 X102.026 Y104.505 E2.23615
G1 X102.157 Y104 E2.25663
G1 X102.314 Y103.638 E2.27212
G1 X102.713 Y103.062 E2.29963
G1 X103.163 Y102.639 E2.32388
G1 X103.685 Y102.312 E2.34807
G1 X104.293 Y102.101 E2.37334
G1 X104.811 Y102.034 E2.39385
G1 X105.244 Y102.04 E2.41085
G1 X105.95 Y102.197 E2.43925
G1 X106.355 Y102.375 E2.45662
G1 X106.948 Y102.79 E2.48504
G1 X107.013 Y102.86 E2.48879
G1 X107.283 Y103.156 F7800
G92 E0
G1 X105.316 Y98.56
;TYPE:Perimeter
G1 F884.349
G1 X105.865 Y98.604 E.02163
G1 X106.408 Y98.705 E.04332
G1 X106.948 Y98.854 E.06532
G1 X107.462 Y99.046 E.08686
G1 X108.168 Y99.399 E.11785
G1 X108.645 Y99.698 E.13995
G1 X109.071 Y100.022 E.16096
G1 X109.487 Y100.413 E.18338
G1 X109.917 Y100.87 E.20802
G1 X110.276 Y101.357 E.23178
G1 X110.601 Y101.862 E.25536
G1 X110.842 Y102.339 E.27634
G1 X111.051 Y102.859 E.29835
G1 X111.213 Y103.395 E.32034
G1 X111.329 Y103.942 E.3423
G1 X111.418 Y104.989 E.38356
G1 X111.362 Y105.849 E.4174
G1 X111.267 Y106.39 E.43897
G1 X111.123 Y106.931 E.46095
G1 X110.936 Y107.448 E.48254
G1 X110.562 Y108.212 E.51594
G1 X110.092 Y108.921 E.54934
G1 X109.741 Y109.343 E.57089
G1 X109.354 Y109.733 E.59246
G1 X108.685 Y110.276 E.62629
G1 X108.223 Y110.574 E.64788
G1 X107.728 Y110.836 E.66987
G1 X107.212 Y111.054 E.69186
G1 X106.684 Y111.225 E.71365
G1 X106.03 Y111.368 E.73994
G1 X105.291 Y111.451 E.76914
G1 X104.739 Y111.456 E.79081
G1 X104.191 Y111.414 E.81239
G1 X103.344 Y111.254 E.84624
G1 X102.819 Y111.095 E.86778
G1 X102.309 Y110.891 E.88935
G1 X101.548 Y110.486 E.9232
G1 X101.103 Y110.183 E.94434
G1 X100.448 Y109.624 E.97815
G1 X100.071 Y109.224 E.99973
G1 X99.73 Y108.793 E1.02131
G1 X99.278 Y108.073 E1.05469
G1 X98.922 Y107.3 E1.08811
G1 X98.752 Y106.789 E1.10926
G1 X98.581 Y106.001 E1.14092
G1 X98.581 Y103.988 E1.21996
G1 X98.677 Y103.492 E1.2398
G1 X98.831 Y102.953 E1.26181
G1 X99.032 Y102.43 E1.28381
G1 X99.277 Y101.926 E1.30581
G1 X99.564 Y101.446 E1.32777
G1 X99.893 Y100.992 E1.34978
G1 X100.252 Y100.576 E1.37136
G1 X100.883 Y99.989 E1.4052
G1 X101.323 Y99.661 E1.42675
G1 X101.799 Y99.366 E1.44874
G1 X102.299 Y99.113 E1.47074
G1 X102.819 Y98.905 E1.49273
G1 X103.355 Y98.742 E1.51473
G1 X103.903 Y98.627 E1.53672
G1 X104.454 Y98.56 E1.55851
G1 X105.123 Y98.544 E1.58479
G1 X105.256 Y98.555 E1.59003
G1 X105.329 Y98.153 F7800
G1 F884.349
G1 X105.918 Y98.2 E1.61323
G1 X106.499 Y98.308 E1.63643
G1 X107.073 Y98.466 E1.65981
G1 X107.625 Y98.672 E1.68294
G1 X108.435 Y99.078 E1.71852
G1 X108.93 Y99.397 E1.74164
G1 X109.395 Y99.758 E1.76475
G1 X109.77 Y100.121 E1.78524
G1 X110.302 Y100.696 E1.816
G1 X110.615 Y101.132 E1.83707
G1 X111.031 Y101.807 E1.8682
G1 X111.255 Y102.272 E1.88847
G1 X111.439 Y102.737 E1.90811
G1 X111.611 Y103.307 E1.93149
G1 X111.733 Y103.89 E1.95488
G1 X111.803 Y104.481 E1.97825
G1 X111.826 Y104.994 E1.99841
G1 X111.767 Y105.898 E2.03398
G1 X111.665 Y106.478 E2.0571
G1 X111.512 Y107.053 E2.08046
G1 X111.311 Y107.607 E2.1036
G1 X110.916 Y108.415 E2.13891
G1 X110.419 Y109.164 E2.1742
G1 X110.042 Y109.617 E2.19734
G1 X109.628 Y110.036 E2.22047
G1 X108.924 Y110.606 E2.25604
G1 X108.429 Y110.926 E2.27918
G1 X107.903 Y111.204 E2.30254
G1 X107.354 Y111.436 E2.32594
G1 X106.791 Y111.618 E2.34917
G1 X106.097 Y111.77 E2.37707
G1 X105.316 Y111.858 E2.40793
G1 X104.725 Y111.863 E2.43114
G1 X104.138 Y111.818 E2.45426
G1 X103.248 Y111.65 E2.48982
G1 X102.684 Y111.48 E2.51295
G1 X102.137 Y111.261 E2.53609
G1 X101.338 Y110.835 E2.57164
G1 X100.856 Y110.507 E2.59453
G1 X100.167 Y109.919 E2.6301
G1 X99.763 Y109.491 E2.65321
G1 X99.397 Y109.029 E2.67635
G1 X98.919 Y108.267 E2.71167
G1 X98.543 Y107.45 E2.74698
G1 X98.359 Y106.897 E2.76986
G1 X98.174 Y106.045 E2.80409
G1 X98.174 Y103.948 E2.88643
G1 X98.281 Y103.397 E2.90847
G1 X98.445 Y102.824 E2.93187
G1 X98.658 Y102.268 E2.95525
G1 X98.918 Y101.733 E2.97861
G1 X99.224 Y101.222 E3.002
G1 X99.573 Y100.739 E3.0254
G1 X99.958 Y100.293 E3.04853
G1 X100.621 Y99.676 E3.08409
G1 X101.093 Y99.324 E3.10721
G1 X101.6 Y99.01 E3.13063
G1 X102.131 Y98.742 E3.15398
G1 X102.684 Y98.52 E3.17738
M73 P58 R4
G1 X103.254 Y98.348 E3.20076
M73 Q58 S4
G1 X103.837 Y98.225 E3.22416
G1 X104.425 Y98.154 E3.24742
G1 X105.135 Y98.137 E3.27531
G1 X105.269 Y98.148 E3.28059
G1 X105.342 Y97.745 F7800
;TYPE:External perimeter
G1 F884.349
G1 X105.972 Y97.796 E3.30541
G1 X106.59 Y97.911 E3.33009
G1 X107.198 Y98.079 E3.35486
G1 X107.788 Y98.298 E3.37957
G1 X108.637 Y98.724 E3.41687
G1 X109.165 Y99.065 E3.44155
G1 X109.662 Y99.45 E3.46623
G1 X110.261 Y100.03 E3.49897
G1 X110.615 Y100.435 E3.52009
G1 X110.955 Y100.907 E3.54293
G1 X111.393 Y101.62 E3.57579
G1 X111.631 Y102.117 E3.59743
G1 X111.828 Y102.616 E3.61849
G1 X112.037 Y103.348 E3.64838
G1 X112.149 Y103.935 E3.67184
G1 X112.21 Y104.463 E3.69271
G1 X112.233 Y104.998 E3.71374
G1 X112.171 Y105.946 E3.75104
G1 X112.063 Y106.565 E3.77571
G1 X111.901 Y107.175 E3.80049
G1 X111.687 Y107.766 E3.82517
G1 X111.27 Y108.618 E3.86242
G1 X110.746 Y109.408 E3.89964
G1 X110.344 Y109.891 E3.92431
G1 X109.901 Y110.338 E3.94902
G1 X109.163 Y110.936 E3.98632
G1 X108.635 Y111.277 E4.011
G1 X108.078 Y111.572 E4.03575
G1 X107.496 Y111.818 E4.06056
G1 X106.897 Y112.012 E4.08528
G1 X106.163 Y112.173 E4.11479
G1 X105.34 Y112.265 E4.14731
G1 X104.711 Y112.271 E4.17201
G1 X104.084 Y112.222 E4.1967
G1 X103.151 Y112.046 E4.23398
G1 X102.549 Y111.864 E4.25867
G1 X101.965 Y111.63 E4.28337
G1 X101.127 Y111.184 E4.32064
G1 X100.609 Y110.831 E4.34525
G1 X99.886 Y110.214 E4.38257
G1 X99.455 Y109.757 E4.40724
G1 X99.064 Y109.264 E4.43195
G1 X98.56 Y108.461 E4.46918
G1 X98.164 Y107.6 E4.50639
G1 X97.966 Y107.005 E4.53101
G1 X97.766 Y106.089 E4.56782
G1 X97.766 Y103.909 E4.65342
G1 X97.885 Y103.302 E4.67771
G1 X98.058 Y102.695 E4.70249
G1 X98.284 Y102.106 E4.72726
G1 X98.56 Y101.539 E4.75202
G1 X98.884 Y100.997 E4.77681
G1 X99.254 Y100.486 E4.80158
G1 X99.665 Y100.01 E4.82627
G1 X100.36 Y99.363 E4.86355
G1 X100.864 Y98.987 E4.88824
G1 X101.4 Y98.655 E4.913
G1 X101.963 Y98.37 E4.93778
G1 X102.549 Y98.136 E4.96256
G1 X103.153 Y97.953 E4.98734
G1 X103.77 Y97.823 E5.0121
G1 X104.395 Y97.747 E5.03682
G1 X105.146 Y97.729 E5.06632
G1 X105.282 Y97.74 E5.07168
G1 X105.681 Y97.773 F7800
G92 E0
G1 X100.887 Y101.19
;TYPE:Internal infill
;WIDTH:0.45
;HEIGHT:0.4
G1 F494.289
G1 X100.526 Y100.745 E.04025
G1 X101.495 Y99.913 E.12997
G1 X102.425 Y99.392 E.20486
G1 X102.92 Y99.193 E.24234
G1 X103.431 Y99.038 E.27985
G1 X104.475 Y98.865 E.35419
G1 X105.824 Y98.907 E.449
G1 X106.853 Y99.145 E.5232
G1 X108.081 Y99.697 E.61778
G1 X108.928 Y100.298 E.69074
G1 X109.846 Y101.262 E.78425
G1 X110.543 Y102.414 E.87884
G1 X110.906 Y103.416 E.95371
G1 X111.02 Y103.938 E.99124
G1 X111.112 Y104.986 E1.06514
G1 X110.969 Y106.324 E1.15967
G1 X110.655 Y107.328 E1.23357
G1 X110.296 Y108.06 E1.29084
G1 X109.914 Y108.636 E1.33939
G1 X109.566 Y108.405 E1.36873
G1 X109.211 Y108.459 E1.39396
G1 X108.958 Y108.384 E1.4125
;LAYER_CHANGE
;Z:5.55
;HEIGHT:0.2
G92 E0
G1 Z5.55 F7800
G1 X107.626 Y102.333
;TYPE:Perimeter
;WIDTH:0.449999
G1 F884.349
G1 X107.777 Y102.483 E.00836
G1 X108.027 Y102.784 E.02372
G1 X108.34 Y103.301 E.04745
G1 X108.592 Y103.934 E.0742
G1 X108.733 Y104.724 E.10571
G1 X108.703 Y105.548 E.13809
G1 X108.553 Y106.123 E.16142
G1 X108.384 Y106.619 E.18199
G1 X108.027 Y107.215 E.20927
G1 X107.487 Y107.814 E.24094
G1 X107.173 Y108.054 E.25646
G1 X106.677 Y108.37 E.27955
G1 X106.024 Y108.633 E.30719
G1 X105.511 Y108.747 E.32782
G1 X104.755 Y108.778 E.35753
G1 X104.497 Y108.755 E.3677
M73 P59 R4
M73 Q59 S4
G1 X103.79 Y108.598 E.39614
G1 X103.143 Y108.323 E.42374
G1 X102.713 Y108.032 E.44413
G1 X102.33 Y107.724 E.46343
G1 X101.978 Y107.333 E.48409
G1 X101.606 Y106.748 E.51131
G1 X101.441 Y106.375 E.52732
G1 X101.258 Y105.816 E.55042
G1 X101.181 Y105.254 E.57269
G1 X101.214 Y104.452 E.60421
G1 X101.371 Y103.789 E.63096
G1 X101.569 Y103.311 E.65127
G1 X102.081 Y102.544 E.68748
G1 X102.616 Y102.028 E.71666
G1 X103.143 Y101.687 E.74131
G1 X103.46 Y101.524 E.75531
G1 X104.032 Y101.331 E.77901
G1 X104.714 Y101.225 E.80611
G1 X105.228 Y101.222 E.82629
G1 X105.814 Y101.333 E.84971
G1 X106.316 Y101.464 E.87008
G1 X106.812 Y101.701 E.89166
G1 X107.415 Y102.123 E.92056
G1 X107.583 Y102.29 E.92986
G1 X107.338 Y102.62 F7800
G1 F884.349
G1 X107.607 Y102.9 E.94511
G1 X107.915 Y103.385 E.96767
G1 X108.13 Y103.857 E.98803
G1 X108.239 Y104.189 E1.00175
G1 X108.331 Y104.786 E1.02547
G1 X108.297 Y105.522 E1.0544
G1 X108.053 Y106.355 E1.08848
G1 X107.679 Y107.004 E1.11789
G1 X107.193 Y107.533 E1.1461
G1 X106.602 Y107.935 E1.17416
G1 X106.339 Y108.086 E1.18607
G1 X105.864 Y108.258 E1.20591
G1 X105.42 Y108.346 E1.22368
G1 X104.735 Y108.371 E1.25059
G1 X104.043 Y108.237 E1.27827
G1 X103.612 Y108.092 E1.29613
G1 X103.212 Y107.893 E1.31367
G1 X102.725 Y107.536 E1.33738
G1 X102.28 Y107.061 E1.36294
G1 X101.955 Y106.539 E1.38708
G1 X101.7 Y105.872 E1.41512
G1 X101.584 Y105.201 E1.44186
G1 X101.62 Y104.479 E1.47024
G1 X101.764 Y103.894 E1.4939
G1 X101.951 Y103.454 E1.51267
G1 X102.415 Y102.778 E1.54486
G1 X102.888 Y102.33 E1.57044
G1 X103.352 Y102.037 E1.59199
G1 X103.591 Y101.91 E1.60262
G1 X104.162 Y101.716 E1.6263
G1 X104.764 Y101.629 E1.65018
G1 X105.327 Y101.642 E1.67229
G1 X106.038 Y101.799 E1.70088
G1 X106.512 Y101.996 E1.72103
G1 X107.181 Y102.456 E1.75291
G1 X107.297 Y102.577 E1.75949
G1 X107.054 Y102.904 F7800
;TYPE:External perimeter
G1 F884.349
G1 X107.307 Y103.175 E1.77405
G1 X107.644 Y103.723 E1.79931
G1 X107.827 Y104.213 E1.81985
G1 X107.929 Y104.848 E1.8451
G1 X107.891 Y105.495 E1.87055
G1 X107.664 Y106.233 E1.90087
G1 X107.331 Y106.793 E1.92645
G1 X106.899 Y107.251 E1.95117
G1 X106.383 Y107.592 E1.97545
G1 X106.008 Y107.773 E1.9918
G1 X105.439 Y107.935 E2.01503
G1 X104.725 Y107.964 E2.04309
G1 X104.131 Y107.84 E2.06692
G1 X103.784 Y107.723 E2.0813
G1 X103.453 Y107.565 E2.0957
G1 X102.966 Y107.208 E2.11941
G1 X102.583 Y106.789 E2.1417
G1 X102.305 Y106.331 E2.16274
G1 X102.086 Y105.741 E2.18745
G1 X101.988 Y105.148 E2.21105
G1 X102.026 Y104.505 E2.23634
G1 X102.157 Y104 E2.25682
G1 X102.317 Y103.631 E2.27261
G1 X102.748 Y103.011 E2.30226
G1 X103.161 Y102.633 E2.32424
G1 X103.683 Y102.313 E2.34828
G1 X104.293 Y102.101 E2.37364
G1 X104.813 Y102.033 E2.39423
G1 X105.244 Y102.04 E2.41116
G1 X105.95 Y102.197 E2.43956
G1 X106.355 Y102.375 E2.45693
G1 X106.948 Y102.79 E2.48535
G1 X107.013 Y102.86 E2.4891
G1 X107.283 Y103.156 F7800
G92 E0
G1 X105.316 Y98.56
;TYPE:Perimeter
G1 F884.349
G1 X105.865 Y98.604 E.02163
G1 X106.408 Y98.705 E.04332
G1 X106.948 Y98.854 E.06532
G1 X107.462 Y99.046 E.08686
G1 X108.168 Y99.399 E.11785
G1 X108.645 Y99.698 E.13995
G1 X109.071 Y100.022 E.16096
G1 X109.487 Y100.413 E.18338
G1 X109.917 Y100.87 E.20802
G1 X110.276 Y101.357 E.23178
G1 X110.601 Y101.862 E.25536
G1 X110.842 Y102.339 E.27634
G1 X111.051 Y102.859 E.29835
G1 X111.213 Y103.394 E.3203
G1 X111.329 Y103.943 E.34233
G1 X111.418 Y104.989 E.38355
G1 X111.362 Y105.849 E.41739
G1 X111.267 Y106.39 E.43896
G1 X111.123 Y106.931 E.46094
G1 X110.936 Y107.448 E.48253
G1 X110.562 Y108.212 E.51593
G1 X110.092 Y108.921 E.54933
G1 X109.741 Y109.343 E.57088
G1 X109.354 Y109.733 E.59245
G1 X108.685 Y110.276 E.62628
G1 X108.223 Y110.574 E.64787
G1 X107.728 Y110.836 E.66986
G1 X107.212 Y111.054 E.69185
G1 X106.684 Y111.225 E.71364
G1 X106.038 Y111.367 E.73961
G1 X105.291 Y111.451 E.76913
G1 X104.739 Y111.456 E.7908
G1 X104.191 Y111.414 E.81238
G1 X103.344 Y111.254 E.84623
G1 X102.819 Y111.095 E.86777
G1 X102.309 Y110.891 E.88934
G1 X101.548 Y110.486 E.92319
G1 X101.103 Y110.183 E.94433
G1 X100.448 Y109.624 E.97814
G1 X100.071 Y109.224 E.99972
G1 X99.73 Y108.793 E1.0213
G1 X99.278 Y108.073 E1.05468
G1 X98.922 Y107.3 E1.0881
G1 X98.752 Y106.789 E1.10925
G1 X98.581 Y106.001 E1.14091
G1 X98.581 Y103.988 E1.21995
G1 X98.677 Y103.492 E1.23979
G1 X98.831 Y102.953 E1.2618
G1 X99.032 Y102.43 E1.2838
G1 X99.277 Y101.926 E1.3058
G1 X99.562 Y101.45 E1.32758
G1 X99.955 Y100.918 E1.35355
G1 X100.462 Y100.363 E1.38307
G1 X100.874 Y99.996 E1.40473
G1 X101.323 Y99.661 E1.42673
G1 X101.799 Y99.366 E1.44872
G1 X102.299 Y99.113 E1.47072
G1 X102.819 Y98.905 E1.49271
G1 X103.355 Y98.742 E1.51471
G1 X103.903 Y98.627 E1.5367
G1 X104.454 Y98.56 E1.55849
G1 X105.116 Y98.544 E1.58449
G1 X105.256 Y98.555 E1.59
G1 X105.329 Y98.153 F7800
G1 F884.349
M73 P60 R4
G1 X105.918 Y98.2 E1.6132
G1 X106.499 Y98.308 E1.6364
M73 Q60 S4
G1 X107.073 Y98.466 E1.65978
G1 X107.625 Y98.672 E1.68291
G1 X108.435 Y99.078 E1.71849
G1 X108.93 Y99.397 E1.74161
G1 X109.395 Y99.758 E1.76472
G1 X109.77 Y100.121 E1.78521
G1 X110.302 Y100.696 E1.81597
G1 X110.615 Y101.132 E1.83704
G1 X111.031 Y101.807 E1.86817
G1 X111.255 Y102.272 E1.88844
G1 X111.439 Y102.737 E1.90808
G1 X111.611 Y103.307 E1.93146
G1 X111.733 Y103.89 E1.95485
G1 X111.803 Y104.481 E1.97822
G1 X111.826 Y104.994 E1.99838
G1 X111.767 Y105.898 E2.03395
G1 X111.665 Y106.478 E2.05707
G1 X111.512 Y107.053 E2.08043
G1 X111.311 Y107.607 E2.10357
G1 X110.916 Y108.415 E2.13888
G1 X110.419 Y109.164 E2.17417
G1 X110.042 Y109.617 E2.19731
G1 X109.628 Y110.036 E2.22044
G1 X108.924 Y110.606 E2.25601
G1 X108.429 Y110.926 E2.27915
G1 X107.903 Y111.204 E2.30251
G1 X107.354 Y111.436 E2.32591
G1 X106.791 Y111.618 E2.34914
G1 X106.105 Y111.769 E2.37672
G1 X105.316 Y111.858 E2.4079
G1 X104.725 Y111.863 E2.43111
G1 X104.138 Y111.818 E2.45423
G1 X103.248 Y111.65 E2.48979
G1 X102.684 Y111.48 E2.51292
G1 X102.137 Y111.261 E2.53606
G1 X101.338 Y110.835 E2.57161
G1 X100.856 Y110.507 E2.5945
G1 X100.167 Y109.919 E2.63007
G1 X99.763 Y109.491 E2.65318
G1 X99.397 Y109.029 E2.67632
G1 X98.919 Y108.267 E2.71164
G1 X98.543 Y107.45 E2.74695
G1 X98.359 Y106.898 E2.7698
G1 X98.174 Y106.045 E2.80407
G1 X98.174 Y103.948 E2.88641
G1 X98.281 Y103.397 E2.90845
G1 X98.445 Y102.824 E2.93185
G1 X98.658 Y102.268 E2.95523
G1 X98.918 Y101.733 E2.97859
G1 X99.223 Y101.224 E3.00189
G1 X99.64 Y100.659 E3.02946
G1 X100.175 Y100.073 E3.06062
G1 X100.616 Y99.68 E3.08381
G1 X101.093 Y99.324 E3.10718
G1 X101.6 Y99.01 E3.1306
G1 X102.131 Y98.742 E3.15395
G1 X102.684 Y98.52 E3.17735
G1 X103.254 Y98.348 E3.20073
G1 X103.837 Y98.225 E3.22413
G1 X104.425 Y98.154 E3.24739
G1 X105.127 Y98.137 E3.27496
G1 X105.269 Y98.148 E3.28055
G1 X105.342 Y97.745 F7800
;TYPE:External perimeter
G1 F884.349
G1 X105.972 Y97.796 E3.30537
G1 X106.59 Y97.911 E3.33005
G1 X107.198 Y98.079 E3.35482
G1 X107.788 Y98.298 E3.37953
G1 X108.637 Y98.724 E3.41683
G1 X109.165 Y99.065 E3.44151
G1 X109.662 Y99.45 E3.46619
G1 X110.261 Y100.03 E3.49893
G1 X110.615 Y100.435 E3.52005
G1 X110.955 Y100.907 E3.54289
G1 X111.393 Y101.62 E3.57575
G1 X111.631 Y102.117 E3.59739
G1 X111.828 Y102.615 E3.61842
G1 X112.029 Y103.314 E3.64698
G1 X112.136 Y103.837 E3.66794
G1 X112.21 Y104.463 E3.69269
G1 X112.233 Y104.998 E3.71372
G1 X112.171 Y105.946 E3.75102
G1 X112.063 Y106.565 E3.77569
G1 X111.901 Y107.175 E3.80047
G1 X111.687 Y107.766 E3.82515
G1 X111.27 Y108.618 E3.8624
G1 X110.746 Y109.408 E3.89962
G1 X110.344 Y109.891 E3.92429
G1 X109.901 Y110.338 E3.949
G1 X109.163 Y110.936 E3.9863
G1 X108.635 Y111.277 E4.01098
G1 X108.078 Y111.572 E4.03573
G1 X107.496 Y111.818 E4.06054
G1 X106.897 Y112.012 E4.08526
G1 X106.171 Y112.171 E4.11444
G1 X105.34 Y112.265 E4.14728
G1 X104.711 Y112.271 E4.17198
G1 X104.084 Y112.222 E4.19667
G1 X103.151 Y112.046 E4.23395
G1 X102.549 Y111.864 E4.25864
G1 X101.965 Y111.63 E4.28334
G1 X101.127 Y111.184 E4.32061
G1 X100.609 Y110.831 E4.34522
G1 X99.886 Y110.214 E4.38254
G1 X99.455 Y109.757 E4.40721
G1 X99.064 Y109.264 E4.43192
G1 X98.56 Y108.461 E4.46915
G1 X98.164 Y107.6 E4.50636
G1 X97.966 Y107.006 E4.53094
G1 X97.766 Y106.089 E4.56779
G1 X97.766 Y103.909 E4.65339
G1 X97.885 Y103.302 E4.67768
G1 X98.058 Y102.695 E4.70246
G1 X98.284 Y102.106 E4.72723
G1 X98.56 Y101.539 E4.75199
G1 X98.883 Y100.998 E4.77673
G1 X99.325 Y100.4 E4.80593
G1 X99.889 Y99.783 E4.83875
G1 X100.358 Y99.364 E4.86344
G1 X100.864 Y98.987 E4.88822
G1 X101.4 Y98.655 E4.91298
G1 X101.963 Y98.37 E4.93776
G1 X102.549 Y98.136 E4.96254
G1 X103.153 Y97.953 E4.98732
G1 X103.77 Y97.823 E5.01208
G1 X104.395 Y97.747 E5.0368
G1 X105.138 Y97.729 E5.06598
G1 X105.282 Y97.741 E5.07165
G1 X105.681 Y97.773 F7800
;LAYER_CHANGE
;Z:5.75
;HEIGHT:0.2
G92 E0
G1 Z5.75 F7800
G1 X107.621 Y102.337
;TYPE:Perimeter
G1 F884.349
G1 X107.937 Y102.664 E.01786
G1 X108.26 Y103.166 E.0413
G1 X108.444 Y103.531 E.05735
G1 X108.667 Y104.26 E.08728
G1 X108.714 Y104.607 E.10103
G1 X108.736 Y105.203 E.12445
G1 X108.636 Y105.809 E.14857
G1 X108.489 Y106.37 E.17134
G1 X108.209 Y106.939 E.19624
G1 X107.809 Y107.492 E.22304
G1 X107.444 Y107.858 E.24334
G1 X106.82 Y108.279 E.2729
G1 X106.478 Y108.468 E.28824
M73 P61 R4
M73 Q61 S4
G1 X105.989 Y108.645 E.30866
G1 X105.435 Y108.759 E.33087
G1 X104.755 Y108.778 E.35758
G1 X104.497 Y108.755 E.36775
G1 X103.79 Y108.598 E.39619
G1 X103.143 Y108.323 E.42379
G1 X102.713 Y108.032 E.44418
G1 X102.33 Y107.724 E.46348
G1 X101.98 Y107.336 E.484
G1 X101.648 Y106.84 E.50744
G1 X101.394 Y106.268 E.53201
G1 X101.313 Y106.01 E.54263
G1 X101.187 Y105.297 E.57106
G1 X101.214 Y104.452 E.60426
G1 X101.371 Y103.789 E.63101
G1 X101.569 Y103.311 E.65132
G1 X102.081 Y102.544 E.68753
G1 X102.607 Y102.044 E.71603
G1 X102.86 Y101.848 E.7286
G1 X103.328 Y101.58 E.74978
G1 X104.032 Y101.33 E.77911
G1 X104.716 Y101.225 E.80628
G1 X105.228 Y101.222 E.82638
G1 X105.814 Y101.333 E.8498
G1 X106.316 Y101.464 E.87017
G1 X106.812 Y101.701 E.89175
G1 X107.415 Y102.123 E.92065
G1 X107.58 Y102.294 E.92998
G1 X107.337 Y102.621 F7800
G1 F884.349
G1 X107.634 Y102.936 E.94698
G1 X107.91 Y103.375 E.96734
G1 X108.054 Y103.65 E.97953
G1 X108.278 Y104.38 E1.00951
G1 X108.323 Y105.04 E1.03548
G1 X108.316 Y105.373 E1.04856
G1 X108.159 Y106.08 E1.077
G1 X107.844 Y106.759 E1.10639
G1 X107.486 Y107.244 E1.13006
G1 X107.125 Y107.597 E1.14988
G1 X106.339 Y108.086 E1.18623
G1 X105.864 Y108.258 E1.20607
G1 X105.334 Y108.358 E1.22725
G1 X104.731 Y108.371 E1.25093
G1 X104.043 Y108.237 E1.27845
G1 X103.612 Y108.092 E1.29631
G1 X103.212 Y107.893 E1.31385
G1 X102.725 Y107.536 E1.33756
G1 X102.283 Y107.064 E1.36295
G1 X102.004 Y106.641 E1.38285
G1 X101.767 Y106.104 E1.4059
G1 X101.646 Y105.553 E1.42805
G1 X101.58 Y105.081 E1.44676
G1 X101.62 Y104.479 E1.47045
G1 X101.764 Y103.894 E1.49411
G1 X101.941 Y103.475 E1.51197
G1 X102.415 Y102.778 E1.54507
G1 X102.876 Y102.35 E1.56977
G1 X103.328 Y102.048 E1.59111
G1 X103.591 Y101.91 E1.60277
G1 X104.163 Y101.716 E1.62649
G1 X104.765 Y101.629 E1.65037
G1 X105.327 Y101.642 E1.67244
G1 X106.038 Y101.799 E1.70103
G1 X106.512 Y101.996 E1.72118
G1 X107.181 Y102.456 E1.75306
G1 X107.296 Y102.578 E1.75964
G1 X107.053 Y102.905 F7800
;TYPE:External perimeter
G1 F884.349
G1 X107.332 Y103.209 E1.77584
G1 X107.645 Y103.725 E1.79954
G1 X107.833 Y104.318 E1.82397
G1 X107.901 Y104.637 E1.83678
G1 X107.923 Y105.234 E1.86024
G1 X107.762 Y105.992 E1.89067
G1 X107.478 Y106.579 E1.91627
G1 X107.164 Y106.996 E1.93677
G1 X106.735 Y107.367 E1.95904
G1 X106.239 Y107.684 E1.98215
G1 X105.746 Y107.868 E2.00281
G1 X105.162 Y107.955 E2.02599
G1 X104.673 Y107.96 E2.04519
G1 X103.967 Y107.803 E2.07359
G1 X103.487 Y107.585 E2.09429
G1 X102.966 Y107.207 E2.11956
G1 X102.585 Y106.791 E2.14171
G1 X102.372 Y106.468 E2.1569
G1 X102.129 Y105.916 E2.18058
G1 X101.989 Y105.157 E2.21088
G1 X102.026 Y104.505 E2.23652
G1 X102.157 Y104 E2.257
G1 X102.314 Y103.639 E2.27246
G1 X102.748 Y103.011 E2.30243
G1 X103.144 Y102.656 E2.32331
G1 X103.685 Y102.312 E2.34848
G1 X104.294 Y102.101 E2.37379
G1 X104.815 Y102.033 E2.39442
G1 X105.244 Y102.04 E2.41127
G1 X105.95 Y102.197 E2.43967
G1 X106.355 Y102.375 E2.45704
G1 X106.948 Y102.79 E2.48546
G1 X107.013 Y102.861 E2.48924
G1 X107.283 Y103.156 F7800
G92 E0
G1 X105.316 Y98.561
;TYPE:Perimeter
G1 F884.349
G1 X105.865 Y98.604 E.02162
G1 X106.408 Y98.705 E.04331
G1 X106.948 Y98.854 E.06531
G1 X107.462 Y99.046 E.08685
G1 X108.233 Y99.432 E.12071
G1 X108.694 Y99.73 E.14226
G1 X109.128 Y100.067 E.16383
G1 X109.501 Y100.427 E.18418
G1 X110.015 Y100.987 E.21403
G1 X110.601 Y101.862 E.25538
G1 X110.842 Y102.339 E.27636
G1 X111.051 Y102.859 E.29837
G1 X111.213 Y103.395 E.32036
G1 X111.329 Y103.942 E.34232
G1 X111.418 Y104.989 E.38358
G1 X111.362 Y105.849 E.41742
G1 X111.267 Y106.39 E.43899
G1 X111.123 Y106.931 E.46097
G1 X110.936 Y107.448 E.48256
G1 X110.562 Y108.212 E.51596
G1 X110.092 Y108.921 E.54936
G1 X109.741 Y109.343 E.57091
G1 X109.354 Y109.733 E.59248
G1 X108.685 Y110.276 E.62631
G1 X108.223 Y110.574 E.6479
G1 X107.728 Y110.836 E.66989
G1 X107.212 Y111.054 E.69188
G1 X106.684 Y111.225 E.71367
G1 X106.045 Y111.366 E.73936
G1 X105.291 Y111.451 E.76915
G1 X104.739 Y111.456 E.79082
G1 X104.191 Y111.414 E.8124
G1 X103.344 Y111.254 E.84625
G1 X102.819 Y111.095 E.86779
G1 X102.309 Y110.891 E.88936
G1 X101.548 Y110.486 E.92321
G1 X101.103 Y110.183 E.94435
G1 X100.448 Y109.624 E.97816
G1 X100.071 Y109.224 E.99974
G1 X99.73 Y108.793 E1.02132
G1 X99.278 Y108.073 E1.0547
G1 X98.922 Y107.3 E1.08812
G1 X98.752 Y106.789 E1.10927
G1 X98.581 Y106.001 E1.14093
G1 X98.581 Y103.988 E1.21997
G1 X98.677 Y103.492 E1.23981
G1 X98.831 Y102.953 E1.26182
G1 X99.032 Y102.43 E1.28382
G1 X99.277 Y101.926 E1.30582
G1 X99.559 Y101.455 E1.32737
G1 X100.079 Y100.768 E1.3612
G1 X100.455 Y100.368 E1.38276
G1 X100.874 Y99.996 E1.40476
G1 X101.323 Y99.661 E1.42676
G1 X101.799 Y99.366 E1.44875
G1 X102.299 Y99.113 E1.47075
G1 X102.819 Y98.905 E1.49274
G1 X103.355 Y98.742 E1.51474
G1 X103.903 Y98.627 E1.53673
G1 X104.455 Y98.56 E1.55856
M73 P62 R4
G1 X105.108 Y98.544 E1.58421
M73 Q62 S4
G1 X105.256 Y98.556 E1.59004
G1 X105.329 Y98.153 F7800
G1 F884.349
G1 X105.918 Y98.2 E1.61324
G1 X106.499 Y98.308 E1.63644
G1 X107.073 Y98.466 E1.65982
G1 X107.625 Y98.672 E1.68295
G1 X108.435 Y99.078 E1.71853
G1 X108.93 Y99.397 E1.74165
G1 X109.395 Y99.758 E1.76476
G1 X109.978 Y100.322 E1.79661
G1 X110.358 Y100.763 E1.81947
G1 X110.646 Y101.178 E1.8393
G1 X111.038 Y101.821 E1.86887
G1 X111.255 Y102.272 E1.88852
G1 X111.439 Y102.737 E1.90816
G1 X111.611 Y103.307 E1.93154
G1 X111.733 Y103.89 E1.95493
G1 X111.803 Y104.481 E1.9783
G1 X111.826 Y104.994 E1.99846
G1 X111.767 Y105.898 E2.03403
G1 X111.665 Y106.478 E2.05715
G1 X111.512 Y107.053 E2.08051
G1 X111.311 Y107.607 E2.10365
G1 X110.916 Y108.415 E2.13896
G1 X110.419 Y109.164 E2.17425
G1 X110.042 Y109.617 E2.19739
G1 X109.628 Y110.036 E2.22052
G1 X108.924 Y110.606 E2.25609
G1 X108.429 Y110.926 E2.27923
G1 X107.903 Y111.204 E2.30259
G1 X107.354 Y111.436 E2.32599
G1 X106.791 Y111.618 E2.34922
G1 X106.112 Y111.768 E2.37652
G1 X105.316 Y111.858 E2.40797
G1 X104.725 Y111.863 E2.43118
G1 X104.138 Y111.818 E2.4543
G1 X103.248 Y111.65 E2.48986
G1 X102.684 Y111.48 E2.51299
G1 X102.137 Y111.261 E2.53613
G1 X101.338 Y110.835 E2.57168
G1 X100.856 Y110.507 E2.59457
G1 X100.167 Y109.919 E2.63014
G1 X99.763 Y109.491 E2.65325
G1 X99.397 Y109.029 E2.67639
G1 X98.919 Y108.267 E2.71171
G1 X98.543 Y107.45 E2.74702
G1 X98.359 Y106.897 E2.7699
G1 X98.174 Y106.045 E2.80413
G1 X98.174 Y103.948 E2.88647
G1 X98.281 Y103.397 E2.90851
G1 X98.445 Y102.824 E2.93191
G1 X98.658 Y102.268 E2.95529
G1 X98.918 Y101.733 E2.97865
G1 X99.221 Y101.227 E3.00181
G1 X99.767 Y100.505 E3.03735
G1 X100.171 Y100.076 E3.06049
G1 X100.616 Y99.68 E3.08388
G1 X101.093 Y99.324 E3.10725
G1 X101.6 Y99.01 E3.13067
G1 X102.131 Y98.742 E3.15402
G1 X102.684 Y98.52 E3.17742
G1 X103.254 Y98.348 E3.2008
G1 X103.837 Y98.225 E3.2242
G1 X104.425 Y98.154 E3.24746
G1 X105.119 Y98.136 E3.27472
G1 X105.269 Y98.148 E3.28063
G1 X105.342 Y97.746 F7800
;TYPE:External perimeter
G1 F884.349
G1 X105.972 Y97.796 E3.30544
G1 X106.59 Y97.911 E3.33012
G1 X107.198 Y98.079 E3.35489
G1 X107.788 Y98.298 E3.3796
G1 X108.637 Y98.724 E3.4169
G1 X109.165 Y99.065 E3.44158
G1 X109.662 Y99.45 E3.46626
G1 X110.345 Y100.111 E3.50358
G1 X110.671 Y100.503 E3.5236
G1 X110.985 Y100.953 E3.54515
G1 X111.4 Y101.634 E3.57646
G1 X111.631 Y102.117 E3.59748
G1 X111.828 Y102.616 E3.61854
G1 X112.009 Y103.22 E3.6433
G1 X112.136 Y103.837 E3.66803
G1 X112.21 Y104.463 E3.69278
G1 X112.233 Y104.998 E3.71381
G1 X112.171 Y105.946 E3.75111
G1 X112.063 Y106.565 E3.77578
G1 X111.901 Y107.175 E3.80056
G1 X111.687 Y107.766 E3.82524
G1 X111.27 Y108.618 E3.86249
G1 X110.746 Y109.408 E3.89971
G1 X110.344 Y109.891 E3.92438
G1 X109.901 Y110.338 E3.94909
G1 X109.163 Y110.936 E3.98639
G1 X108.635 Y111.277 E4.01107
G1 X108.078 Y111.572 E4.03582
G1 X107.496 Y111.818 E4.06063
G1 X106.897 Y112.012 E4.08535
G1 X106.179 Y112.17 E4.11422
G1 X105.34 Y112.265 E4.14737
G1 X104.711 Y112.271 E4.17207
G1 X104.084 Y112.222 E4.19676
G1 X103.151 Y112.046 E4.23404
G1 X102.549 Y111.864 E4.25873
G1 X101.965 Y111.63 E4.28343
G1 X101.127 Y111.184 E4.3207
G1 X100.609 Y110.831 E4.34531
G1 X99.886 Y110.214 E4.38263
G1 X99.455 Y109.757 E4.4073
G1 X99.064 Y109.264 E4.43201
G1 X98.56 Y108.461 E4.46924
G1 X98.164 Y107.6 E4.50645
G1 X97.966 Y107.006 E4.53103
G1 X97.766 Y106.089 E4.56788
G1 X97.766 Y103.909 E4.65348
G1 X97.885 Y103.302 E4.67777
G1 X98.058 Y102.695 E4.70255
G1 X98.284 Y102.106 E4.72732
G1 X98.56 Y101.539 E4.75208
G1 X98.883 Y100.999 E4.77679
G1 X99.456 Y100.241 E4.8141
G1 X99.887 Y99.784 E4.83877
G1 X100.358 Y99.364 E4.86355
G1 X100.864 Y98.987 E4.88833
G1 X101.4 Y98.655 E4.91309
G1 X101.963 Y98.37 E4.93787
G1 X102.549 Y98.136 E4.96265
G1 X103.153 Y97.953 E4.98743
G1 X103.77 Y97.823 E5.01219
G1 X104.395 Y97.747 E5.03691
G1 X105.13 Y97.729 E5.06578
G1 X105.282 Y97.741 E5.07177
G1 X105.681 Y97.773 F7800
G92 E0
G1 X100.815 Y101.496
;TYPE:Internal infill
;WIDTH:0.45
;HEIGHT:0.4
G1 F494.289
G1 X101.126 Y101.243 E.02816
G1 X100.548 Y100.721 E.08287
G1 X101.067 Y100.232 E.13296
G1 X101.495 Y99.913 E.17046
G1 X102.425 Y99.392 E.24535
G1 X102.92 Y99.193 E.28283
M73 P63 R4
M73 Q63 S4
G1 X103.953 Y98.928 E.35775
G1 X105.162 Y98.854 E.44284
G1 X106.339 Y99.003 E.52618
G1 X107.34 Y99.326 E.60007
G1 X108.081 Y99.697 E.65828
G1 X108.928 Y100.298 E.73124
G1 X109.847 Y101.262 E.8248
G1 X110.543 Y102.414 E.91935
G1 X110.906 Y103.416 E.99422
G1 X111.02 Y103.938 E1.03175
G1 X111.112 Y104.986 E1.10565
G1 X111.058 Y105.813 E1.16387
G1 X110.831 Y106.84 E1.23776
G1 X110.296 Y108.06 E1.33134
G1 X109.984 Y108.531 E1.37103
G1 X109.674 Y108.02 E1.41302
G1 X109.378 Y108.244 E1.4391
G1 X108.563 Y108.404 E1.49745
;LAYER_CHANGE
;Z:5.95
;HEIGHT:0.2
G92 E0
G1 Z5.95 F7800
G1 X107.626 Y102.333
;TYPE:Perimeter
;WIDTH:0.449999
G1 F884.349
G1 X107.773 Y102.479 E.00813
G1 X108.027 Y102.784 E.02371
G1 X108.34 Y103.301 E.04744
G1 X108.619 Y104.088 E.08023
G1 X108.705 Y104.475 E.0958
G1 X108.736 Y105.197 E.12418
G1 X108.636 Y105.809 E.14853
G1 X108.489 Y106.371 E.17134
G1 X108.259 Y106.854 E.19235
G1 X107.963 Y107.309 E.21366
G1 X107.487 Y107.814 E.24091
G1 X107.173 Y108.054 E.25643
G1 X106.677 Y108.37 E.27952
G1 X106.024 Y108.633 E.30716
G1 X105.246 Y108.773 E.3382
G1 X104.429 Y108.746 E.3703
G1 X103.747 Y108.587 E.3978
G1 X103.143 Y108.323 E.42368
G1 X102.713 Y108.032 E.44407
G1 X102.33 Y107.725 E.46334
G1 X101.982 Y107.339 E.48375
G1 X101.605 Y106.747 E.51131
G1 X101.441 Y106.375 E.52727
G1 X101.258 Y105.816 E.55037
G1 X101.181 Y105.254 E.57264
G1 X101.214 Y104.452 E.60416
G1 X101.371 Y103.789 E.63091
G1 X101.569 Y103.311 E.65122
G1 X102.031 Y102.616 E.68399
G1 X102.293 Y102.32 E.69951
G1 X102.698 Y101.964 E.72068
G1 X103.125 Y101.696 E.74047
G1 X103.46 Y101.525 E.75524
G1 X104.032 Y101.33 E.77897
G1 X104.717 Y101.224 E.80619
G1 X105.227 Y101.222 E.82622
G1 X105.814 Y101.333 E.84968
G1 X106.316 Y101.464 E.87005
G1 X106.812 Y101.701 E.89163
G1 X107.415 Y102.123 E.92053
G1 X107.583 Y102.29 E.92983
G1 X107.338 Y102.62 F7800
G1 F884.349
G1 X107.607 Y102.9 E.94508
G1 X107.915 Y103.385 E.96764
G1 X108.053 Y103.645 E.9792
G1 X108.27 Y104.335 E1.0076
G1 X108.322 Y105.051 E1.03579
G1 X108.316 Y105.373 E1.04844
G1 X108.159 Y106.08 E1.07688
G1 X107.891 Y106.679 E1.10265
G1 X107.599 Y107.109 E1.12306
G1 X107.181 Y107.545 E1.14678
G1 X106.602 Y107.935 E1.17419
G1 X106.339 Y108.086 E1.1861
G1 X105.864 Y108.258 E1.20594
G1 X105.184 Y108.37 E1.233
G1 X104.456 Y108.34 E1.26161
G1 X103.853 Y108.194 E1.28597
G1 X103.315 Y107.954 E1.3091
G1 X102.725 Y107.536 E1.33749
G1 X102.285 Y107.067 E1.36274
G1 X101.955 Y106.538 E1.38722
G1 X101.7 Y105.872 E1.41522
G1 X101.584 Y105.201 E1.44196
G1 X101.62 Y104.479 E1.47034
G1 X101.764 Y103.894 E1.494
G1 X101.951 Y103.454 E1.51277
G1 X102.364 Y102.849 E1.54153
G1 X102.561 Y102.626 E1.55321
G1 X102.966 Y102.271 E1.57436
G1 X103.482 Y101.959 E1.59804
G1 X104.163 Y101.716 E1.62643
G1 X104.767 Y101.628 E1.6504
G1 X105.327 Y101.642 E1.6724
G1 X106.038 Y101.799 E1.70099
G1 X106.512 Y101.996 E1.72114
G1 X107.181 Y102.456 E1.75302
G1 X107.297 Y102.577 E1.7596
G1 X107.054 Y102.904 F7800
;TYPE:External perimeter
G1 F884.349
G1 X107.307 Y103.175 E1.77416
G1 X107.644 Y103.723 E1.79942
G1 X107.843 Y104.333 E1.82461
G1 X107.897 Y104.651 E1.83727
G1 X107.923 Y105.232 E1.86011
G1 X107.762 Y105.992 E1.89061
G1 X107.524 Y106.505 E1.91281
G1 X107.188 Y106.949 E1.93467
G1 X106.85 Y107.295 E1.95366
G1 X106.239 Y107.684 E1.9821
G1 X105.746 Y107.868 E2.00276
G1 X105.122 Y107.968 E2.02757
G1 X104.483 Y107.934 E2.0527
G1 X103.958 Y107.801 E2.07397
G1 X103.487 Y107.585 E2.09432
G1 X102.966 Y107.207 E2.11959
G1 X102.587 Y106.794 E2.1416
G1 X102.304 Y106.329 E2.16297
G1 X102.086 Y105.741 E2.18759
G1 X101.988 Y105.148 E2.21119
G1 X102.026 Y104.505 E2.23648
G1 X102.157 Y104 E2.25696
G1 X102.317 Y103.631 E2.27275
G1 X102.698 Y103.083 E2.29896
G1 X103.144 Y102.656 E2.3232
G1 X103.685 Y102.312 E2.34837
G1 X104.294 Y102.101 E2.37368
G1 X104.817 Y102.032 E2.39439
G1 X105.244 Y102.04 E2.41116
G1 X105.95 Y102.197 E2.43956
G1 X106.355 Y102.375 E2.45693
M73 P64 R4
G1 X106.948 Y102.79 E2.48535
G1 X107.013 Y102.86 E2.4891
M73 Q64 S4
G1 X107.283 Y103.156 F7800
G92 E0
G1 X105.316 Y98.561
;TYPE:Perimeter
G1 F884.349
G1 X105.865 Y98.604 E.02162
G1 X106.408 Y98.705 E.04331
G1 X106.948 Y98.854 E.06531
G1 X107.462 Y99.046 E.08685
G1 X108.233 Y99.432 E.12071
G1 X108.69 Y99.727 E.14207
G1 X109.116 Y100.064 E.1634
G1 X109.493 Y100.417 E.18368
G1 X109.917 Y100.87 E.20804
G1 X110.276 Y101.357 E.2318
G1 X110.601 Y101.862 E.25538
M73 P64 R3
G1 X110.842 Y102.339 E.27636
G1 X111.051 Y102.859 E.29837
G1 X111.213 Y103.395 E.32036
G1 X111.329 Y103.942 E.34232
G1 X111.418 Y104.989 E.38358
G1 X111.362 Y105.849 E.41742
G1 X111.267 Y106.39 E.43899
G1 X111.123 Y106.931 E.46097
G1 X110.936 Y107.448 E.48256
G1 X110.562 Y108.212 E.51596
G1 X110.092 Y108.921 E.54936
G1 X109.741 Y109.343 E.57091
G1 X109.354 Y109.733 E.59248
G1 X108.685 Y110.276 E.62631
M73 Q64 S3
G1 X108.223 Y110.574 E.6479
G1 X107.728 Y110.836 E.66989
G1 X107.212 Y111.054 E.69188
G1 X106.679 Y111.226 E.71387
G1 X106.133 Y111.352 E.73587
G1 X105.579 Y111.43 E.75784
G1 X105.03 Y111.459 E.77943
G1 X104.18 Y111.412 E.81286
G1 X103.344 Y111.254 E.84627
G1 X102.819 Y111.095 E.86781
G1 X102.309 Y110.891 E.88938
G1 X101.548 Y110.486 E.92323
G1 X101.103 Y110.183 E.94437
G1 X100.448 Y109.624 E.97818
G1 X100.071 Y109.224 E.99976
G1 X99.73 Y108.793 E1.02134
G1 X99.278 Y108.073 E1.05472
G1 X98.922 Y107.3 E1.08814
G1 X98.752 Y106.789 E1.10929
G1 X98.581 Y106.001 E1.14095
G1 X98.581 Y103.988 E1.21999
G1 X98.677 Y103.492 E1.23983
G1 X98.831 Y102.953 E1.26184
G1 X99.032 Y102.43 E1.28384
G1 X99.277 Y101.926 E1.30584
G1 X99.564 Y101.446 E1.3278
G1 X99.886 Y101.001 E1.34937
G1 X100.464 Y100.361 E1.38323
G1 X100.874 Y99.996 E1.40478
G1 X101.323 Y99.661 E1.42678
G1 X101.799 Y99.366 E1.44877
G1 X102.299 Y99.113 E1.47077
G1 X102.819 Y98.905 E1.49276
G1 X103.355 Y98.742 E1.51476
G1 X103.903 Y98.627 E1.53675
G1 X104.455 Y98.56 E1.55858
G1 X105.1 Y98.544 E1.58391
G1 X105.256 Y98.556 E1.59005
G1 X105.329 Y98.153 F7800
G1 F884.349
G1 X105.919 Y98.2 E1.61329
G1 X106.499 Y98.308 E1.63645
G1 X107.073 Y98.466 E1.65983
G1 X107.625 Y98.672 E1.68296
G1 X108.435 Y99.078 E1.71854
G1 X108.927 Y99.396 E1.74154
G1 X109.394 Y99.765 E1.76491
G1 X109.777 Y100.125 E1.78555
G1 X110.302 Y100.696 E1.81601
G1 X110.615 Y101.132 E1.83708
G1 X111.031 Y101.807 E1.86821
G1 X111.255 Y102.272 E1.88848
G1 X111.439 Y102.737 E1.90812
G1 X111.611 Y103.307 E1.9315
G1 X111.733 Y103.89 E1.95489
G1 X111.803 Y104.481 E1.97826
G1 X111.826 Y104.994 E1.99842
G1 X111.767 Y105.898 E2.03399
G1 X111.665 Y106.478 E2.05711
G1 X111.512 Y107.053 E2.08047
G1 X111.311 Y107.607 E2.10361
G1 X110.916 Y108.415 E2.13892
G1 X110.419 Y109.164 E2.17421
G1 X110.042 Y109.617 E2.19735
G1 X109.628 Y110.036 E2.22048
G1 X108.924 Y110.606 E2.25605
G1 X108.429 Y110.926 E2.27919
G1 X107.903 Y111.204 E2.30255
G1 X107.354 Y111.436 E2.32595
G1 X106.788 Y111.619 E2.34931
G1 X106.207 Y111.753 E2.37272
G1 X105.618 Y111.836 E2.39608
G1 X105.029 Y111.867 E2.41924
G1 X104.131 Y111.817 E2.45455
G1 X103.248 Y111.65 E2.48984
G1 X102.684 Y111.48 E2.51297
G1 X102.137 Y111.261 E2.53611
G1 X101.338 Y110.835 E2.57166
G1 X100.856 Y110.507 E2.59455
G1 X100.167 Y109.919 E2.63012
G1 X99.763 Y109.491 E2.65323
G1 X99.397 Y109.029 E2.67637
G1 X98.919 Y108.267 E2.71169
G1 X98.543 Y107.45 E2.747
G1 X98.359 Y106.897 E2.76988
G1 X98.174 Y106.045 E2.80411
G1 X98.174 Y103.948 E2.88645
G1 X98.281 Y103.397 E2.90849
G1 X98.445 Y102.824 E2.93189
G1 X98.658 Y102.268 E2.95527
G1 X98.918 Y101.732 E2.97866
G1 X99.224 Y101.222 E3.00201
G1 X99.569 Y100.744 E3.02516
G1 X100.176 Y100.072 E3.06072
G1 X100.616 Y99.68 E3.08386
G1 X101.093 Y99.324 E3.10723
G1 X101.6 Y99.01 E3.13065
G1 X102.131 Y98.742 E3.154
G1 X102.684 Y98.52 E3.1774
G1 X103.254 Y98.348 E3.20078
G1 X103.837 Y98.225 E3.22418
G1 X104.425 Y98.154 E3.24744
G1 X105.111 Y98.136 E3.27438
G1 X105.269 Y98.149 E3.2806
G1 X105.342 Y97.746 F7800
;TYPE:External perimeter
G1 F884.349
G1 X105.972 Y97.796 E3.30541
G1 X106.59 Y97.911 E3.33009
G1 X107.198 Y98.079 E3.35486
G1 X107.788 Y98.298 E3.37957
G1 X108.637 Y98.724 E3.41687
G1 X109.164 Y99.064 E3.4415
G1 X109.735 Y99.515 E3.47007
G1 X110.265 Y100.033 E3.49917
G1 X110.615 Y100.435 E3.5201
G1 X110.955 Y100.907 E3.54294
G1 X111.393 Y101.62 E3.5758
G1 X111.631 Y102.117 E3.59744
G1 X111.828 Y102.616 E3.6185
G1 X112.037 Y103.348 E3.64839
G1 X112.149 Y103.935 E3.67185
G1 X112.21 Y104.463 E3.69272
G1 X112.233 Y104.998 E3.71375
G1 X112.171 Y105.946 E3.75105
M73 P65 R3
G1 X112.063 Y106.565 E3.77572
M73 Q65 S3
G1 X111.901 Y107.175 E3.8005
G1 X111.687 Y107.766 E3.82518
G1 X111.27 Y108.618 E3.86243
G1 X110.746 Y109.408 E3.89965
G1 X110.344 Y109.891 E3.92432
G1 X109.901 Y110.338 E3.94903
G1 X109.163 Y110.936 E3.98633
G1 X108.635 Y111.277 E4.01101
G1 X108.078 Y111.572 E4.03576
G1 X107.496 Y111.818 E4.06057
G1 X106.896 Y112.012 E4.08533
G1 X106.282 Y112.153 E4.11007
G1 X105.657 Y112.241 E4.13485
G1 X105.029 Y112.274 E4.15954
G1 X104.082 Y112.222 E4.19678
G1 X103.151 Y112.046 E4.23398
G1 X102.549 Y111.864 E4.25867
G1 X101.965 Y111.63 E4.28337
G1 X101.127 Y111.184 E4.32064
G1 X100.609 Y110.831 E4.34525
G1 X99.886 Y110.214 E4.38257
G1 X99.455 Y109.757 E4.40724
G1 X99.064 Y109.264 E4.43195
G1 X98.56 Y108.461 E4.46918
G1 X98.164 Y107.6 E4.50639
G1 X97.966 Y107.005 E4.53101
G1 X97.766 Y106.089 E4.56782
G1 X97.766 Y103.909 E4.65342
G1 X97.885 Y103.302 E4.67771
G1 X98.058 Y102.695 E4.70249
G1 X98.284 Y102.106 E4.72726
G1 X98.56 Y101.539 E4.75202
G1 X98.884 Y100.997 E4.77681
G1 X99.252 Y100.488 E4.80147
G1 X99.889 Y99.783 E4.83878
G1 X100.358 Y99.364 E4.86347
G1 X100.864 Y98.987 E4.88825
G1 X101.4 Y98.655 E4.91301
G1 X101.963 Y98.37 E4.93779
G1 X102.549 Y98.136 E4.96257
G1 X103.153 Y97.953 E4.98735
G1 X103.77 Y97.823 E5.01211
G1 X104.395 Y97.747 E5.03683
G1 X105.122 Y97.729 E5.06538
G1 X105.282 Y97.741 E5.07168
G1 X105.681 Y97.773 F7800
;LAYER_CHANGE
;Z:6.15
;HEIGHT:0.2
G92 E0
G1 Z6.15 F7800
G1 X107.626 Y102.333
;TYPE:Perimeter
G1 F884.349
G1 X107.777 Y102.483 E.00836
G1 X108.027 Y102.784 E.02372
G1 X108.34 Y103.301 E.04745
G1 X108.619 Y104.088 E.08024
G1 X108.705 Y104.475 E.09581
G1 X108.736 Y105.197 E.12419
G1 X108.636 Y105.809 E.14854
G1 X108.489 Y106.37 E.17131
G1 X108.209 Y106.939 E.19621
G1 X107.809 Y107.492 E.22301
G1 X107.444 Y107.858 E.24331
G1 X106.82 Y108.279 E.27287
G1 X106.471 Y108.471 E.28851
G1 X105.984 Y108.644 E.3088
G1 X105.253 Y108.772 E.33794
G1 X104.414 Y108.745 E.3709
G1 X103.849 Y108.615 E.39366
G1 X103.143 Y108.323 E.42366
G1 X102.713 Y108.032 E.44405
G1 X102.336 Y107.731 E.46299
G1 X101.962 Y107.319 E.48484
G1 X101.602 Y106.741 E.51158
G1 X101.441 Y106.375 E.52728
G1 X101.258 Y105.816 E.55038
G1 X101.181 Y105.254 E.57265
G1 X101.214 Y104.452 E.60417
G1 X101.371 Y103.789 E.63092
G1 X101.569 Y103.311 E.65123
G1 X102.081 Y102.544 E.68744
G1 X102.607 Y102.044 E.71594
G1 X102.86 Y101.848 E.72851
G1 X103.328 Y101.58 E.74969
G1 X104.032 Y101.33 E.77902
G1 X104.718 Y101.224 E.80628
G1 X105.227 Y101.222 E.82627
G1 X105.839 Y101.338 E.85073
G1 X106.39 Y101.496 E.87324
G1 X106.822 Y101.708 E.89213
G1 X107.415 Y102.123 E.92055
G1 X107.583 Y102.29 E.92985
G1 X107.338 Y102.62 F7800
G1 F884.349
G1 X107.607 Y102.9 E.9451
G1 X107.915 Y103.385 E.96766
G1 X108.053 Y103.645 E.97922
G1 X108.27 Y104.335 E1.00762
G1 X108.322 Y105.051 E1.03581
G1 X108.316 Y105.373 E1.04846
G1 X108.159 Y106.08 E1.0769
G1 X107.844 Y106.759 E1.10629
G1 X107.486 Y107.244 E1.12996
G1 X107.125 Y107.597 E1.14978
G1 X106.334 Y108.087 E1.18631
G1 X105.848 Y108.26 E1.20657
G1 X105.193 Y108.369 E1.23264
G1 X104.44 Y108.339 E1.26223
G1 X103.954 Y108.221 E1.28187
G1 X103.315 Y107.954 E1.30906
G1 X102.725 Y107.536 E1.33745
G1 X102.372 Y107.168 E1.35747
G1 X101.95 Y106.529 E1.38754
G1 X101.7 Y105.872 E1.41514
G1 X101.584 Y105.201 E1.44188
G1 X101.62 Y104.479 E1.47026
G1 X101.764 Y103.894 E1.49392
G1 X101.969 Y103.42 E1.5142
G1 X102.415 Y102.778 E1.54489
G1 X102.876 Y102.35 E1.56959
G1 X103.328 Y102.048 E1.59093
G1 X103.591 Y101.91 E1.60259
G1 X104.163 Y101.716 E1.62631
G1 X104.769 Y101.628 E1.65035
G1 X105.298 Y101.636 E1.67112
G1 X106.038 Y101.799 E1.70087
G1 X106.512 Y101.996 E1.72102
G1 X107.181 Y102.456 E1.7529
G1 X107.297 Y102.577 E1.75948
G1 X107.054 Y102.904 F7800
;TYPE:External perimeter
G1 F884.349
G1 X107.307 Y103.175 E1.77404
G1 X107.644 Y103.723 E1.7993
G1 X107.843 Y104.333 E1.82449
G1 X107.897 Y104.651 E1.83715
G1 X107.923 Y105.232 E1.85999
G1 X107.762 Y105.992 E1.89049
G1 X107.478 Y106.579 E1.91609
G1 X107.164 Y106.996 E1.93659
G1 X106.735 Y107.367 E1.95886
G1 X106.239 Y107.684 E1.98197
G1 X105.711 Y107.877 E2.00404
G1 X105.134 Y107.967 E2.02697
G1 X104.467 Y107.933 E2.05319
G1 X103.958 Y107.801 E2.07384
G1 X103.487 Y107.585 E2.09419
G1 X102.966 Y107.207 E2.11946
G1 X102.61 Y106.825 E2.13996
G1 X102.298 Y106.318 E2.16333
G1 X102.086 Y105.741 E2.18747
G1 X101.988 Y105.148 E2.21107
G1 X102.026 Y104.505 E2.23636
G1 X102.157 Y104 E2.25684
G1 X102.333 Y103.604 E2.27386
G1 X102.748 Y103.011 E2.30228
G1 X103.144 Y102.656 E2.32316
G1 X103.685 Y102.312 E2.34833
G1 X104.294 Y102.101 E2.37364
G1 X104.819 Y102.032 E2.39443
M73 P66 R3
G1 X105.244 Y102.04 E2.41112
M73 Q66 S3
G1 X105.95 Y102.197 E2.43952
G1 X106.355 Y102.375 E2.45689
G1 X106.948 Y102.79 E2.48531
G1 X107.013 Y102.86 E2.48906
G1 X107.283 Y103.156 F7800
G92 E0
G1 X105.316 Y98.557
;TYPE:Perimeter
G1 F884.349
G1 X105.566 Y98.569 E.00983
G1 X106.418 Y98.708 E.04373
G1 X106.948 Y98.854 E.06532
G1 X107.462 Y99.046 E.08686
G1 X108.168 Y99.399 E.11785
G1 X108.645 Y99.698 E.13995
G1 X109.071 Y100.022 E.16096
G1 X109.487 Y100.413 E.18338
G1 X109.917 Y100.869 E.20799
G1 X110.276 Y101.357 E.23178
G1 X110.601 Y101.862 E.25536
G1 X110.842 Y102.339 E.27634
G1 X111.051 Y102.859 E.29835
G1 X111.213 Y103.395 E.32034
G1 X111.329 Y103.942 E.3423
G1 X111.418 Y104.989 E.38356
G1 X111.362 Y105.849 E.4174
G1 X111.267 Y106.39 E.43897
G1 X111.123 Y106.931 E.46095
G1 X110.936 Y107.448 E.48254
G1 X110.562 Y108.212 E.51594
G1 X110.092 Y108.921 E.54934
G1 X109.741 Y109.343 E.57089
G1 X109.354 Y109.733 E.59246
G1 X108.685 Y110.276 E.62629
G1 X108.223 Y110.574 E.64788
G1 X107.728 Y110.836 E.66987
G1 X107.212 Y111.054 E.69186
G1 X106.679 Y111.226 E.71385
G1 X106.133 Y111.352 E.73585
G1 X105.579 Y111.43 E.75782
G1 X105.03 Y111.459 E.77941
G1 X104.174 Y111.411 E.81307
G1 X103.599 Y111.311 E.83599
G1 X103.097 Y111.186 E.8563
G1 X102.299 Y110.886 E.88977
G1 X101.548 Y110.486 E.92318
G1 X101.103 Y110.183 E.94432
G1 X100.448 Y109.624 E.97813
G1 X100.071 Y109.224 E.99971
G1 X99.73 Y108.793 E1.02129
G1 X99.278 Y108.073 E1.05467
G1 X98.922 Y107.3 E1.08809
G1 X98.752 Y106.789 E1.10924
G1 X98.581 Y106.001 E1.1409
G1 X98.581 Y103.988 E1.21994
G1 X98.677 Y103.492 E1.23978
G1 X98.831 Y102.953 E1.26179
G1 X99.032 Y102.43 E1.28379
G1 X99.277 Y101.926 E1.30579
G1 X99.564 Y101.446 E1.32775
G1 X99.886 Y101.001 E1.34932
G1 X100.464 Y100.361 E1.38318
G1 X100.874 Y99.996 E1.40473
G1 X101.323 Y99.661 E1.42673
G1 X101.799 Y99.366 E1.44872
G1 X102.299 Y99.113 E1.47072
G1 X102.819 Y98.905 E1.49271
G1 X103.355 Y98.742 E1.51471
G1 X103.903 Y98.627 E1.5367
G1 X104.455 Y98.56 E1.55853
G1 X105.05 Y98.545 E1.5819
G1 X105.256 Y98.554 E1.59
G1 X105.329 Y98.148 F7800
G1 F884.349
G1 X105.61 Y98.164 E1.60105
G1 X106.505 Y98.309 E1.63665
G1 X107.073 Y98.466 E1.65979
G1 X107.625 Y98.672 E1.68292
G1 X108.435 Y99.078 E1.7185
G1 X108.93 Y99.397 E1.74162
G1 X109.395 Y99.758 E1.76473
G1 X109.77 Y100.121 E1.78522
G1 X110.302 Y100.696 E1.81598
G1 X110.615 Y101.132 E1.83705
G1 X111.031 Y101.807 E1.86818
G1 X111.255 Y102.272 E1.88845
G1 X111.439 Y102.737 E1.90809
G1 X111.611 Y103.307 E1.93147
G1 X111.733 Y103.89 E1.95486
G1 X111.803 Y104.481 E1.97823
G1 X111.826 Y104.994 E1.99839
G1 X111.767 Y105.898 E2.03396
G1 X111.665 Y106.478 E2.05708
G1 X111.512 Y107.053 E2.08044
G1 X111.311 Y107.607 E2.10358
G1 X110.916 Y108.415 E2.13889
G1 X110.419 Y109.164 E2.17418
G1 X110.042 Y109.617 E2.19732
G1 X109.628 Y110.036 E2.22045
G1 X108.924 Y110.606 E2.25602
G1 X108.429 Y110.926 E2.27916
G1 X107.903 Y111.204 E2.30252
G1 X107.354 Y111.436 E2.32592
G1 X106.788 Y111.619 E2.34928
G1 X106.207 Y111.753 E2.37269
G1 X105.618 Y111.836 E2.39605
G1 X105.029 Y111.867 E2.41921
G1 X104.127 Y111.816 E2.45468
G1 X103.458 Y111.7 E2.48134
G1 X102.974 Y111.574 E2.50098
G1 X102.131 Y111.258 E2.53633
G1 X101.338 Y110.835 E2.57162
G1 X100.856 Y110.507 E2.59451
G1 X100.167 Y109.919 E2.63008
G1 X99.763 Y109.491 E2.65319
G1 X99.397 Y109.029 E2.67633
G1 X98.919 Y108.267 E2.71165
G1 X98.543 Y107.45 E2.74696
G1 X98.359 Y106.897 E2.76984
G1 X98.174 Y106.045 E2.80407
G1 X98.174 Y103.948 E2.88641
G1 X98.281 Y103.397 E2.90845
G1 X98.445 Y102.824 E2.93185
G1 X98.658 Y102.268 E2.95523
G1 X98.918 Y101.733 E2.97859
G1 X99.224 Y101.222 E3.00198
G1 X99.569 Y100.744 E3.02513
G1 X100.176 Y100.072 E3.06069
G1 X100.616 Y99.68 E3.08383
G1 X101.093 Y99.324 E3.1072
G1 X101.6 Y99.01 E3.13062
G1 X102.131 Y98.742 E3.15397
G1 X102.684 Y98.52 E3.17737
G1 X103.254 Y98.348 E3.20075
G1 X103.837 Y98.225 E3.22415
G1 X104.425 Y98.154 E3.24741
G1 X105.111 Y98.136 E3.27435
G1 X105.269 Y98.145 E3.28056
G1 X105.342 Y97.741 F7800
;TYPE:External perimeter
G1 F884.349
G1 X105.654 Y97.759 E3.29283
G1 X106.593 Y97.911 E3.33018
G1 X107.198 Y98.079 E3.35483
G1 X107.788 Y98.298 E3.37954
G1 X108.637 Y98.724 E3.41684
G1 X109.165 Y99.065 E3.44152
G1 X109.662 Y99.45 E3.4662
G1 X110.261 Y100.03 E3.49894
G1 X110.615 Y100.435 E3.52006
G1 X110.955 Y100.907 E3.5429
G1 X111.393 Y101.62 E3.57576
G1 X111.631 Y102.117 E3.5974
G1 X111.828 Y102.616 E3.61846
G1 X112.037 Y103.348 E3.64835
G1 X112.149 Y103.935 E3.67181
M73 P67 R3
G1 X112.21 Y104.463 E3.69268
M73 Q67 S3
G1 X112.233 Y104.998 E3.71371
G1 X112.171 Y105.946 E3.75101
G1 X112.063 Y106.565 E3.77568
G1 X111.901 Y107.175 E3.80046
G1 X111.687 Y107.766 E3.82514
G1 X111.27 Y108.618 E3.86239
G1 X110.746 Y109.408 E3.89961
G1 X110.344 Y109.891 E3.92428
G1 X109.901 Y110.338 E3.94899
G1 X109.163 Y110.936 E3.98629
G1 X108.635 Y111.277 E4.01097
G1 X108.078 Y111.572 E4.03572
G1 X107.496 Y111.818 E4.06053
G1 X106.896 Y112.012 E4.08529
G1 X106.282 Y112.153 E4.11003
G1 X105.657 Y112.241 E4.13481
G1 X105.029 Y112.274 E4.1595
G1 X104.081 Y112.222 E4.19678
G1 X103.372 Y112.098 E4.22504
G1 X102.851 Y111.963 E4.24617
G1 X101.963 Y111.629 E4.28342
G1 X101.127 Y111.184 E4.32061
G1 X100.609 Y110.831 E4.34522
G1 X99.886 Y110.214 E4.38254
G1 X99.455 Y109.757 E4.40721
G1 X99.064 Y109.264 E4.43192
G1 X98.56 Y108.461 E4.46915
G1 X98.164 Y107.6 E4.50636
G1 X97.966 Y107.005 E4.53098
G1 X97.766 Y106.089 E4.56779
G1 X97.766 Y103.909 E4.65339
G1 X97.885 Y103.302 E4.67768
G1 X98.058 Y102.695 E4.70246
G1 X98.284 Y102.106 E4.72723
G1 X98.56 Y101.539 E4.75199
G1 X98.884 Y100.997 E4.77678
G1 X99.252 Y100.488 E4.80144
G1 X99.889 Y99.783 E4.83875
G1 X100.358 Y99.364 E4.86344
G1 X100.864 Y98.987 E4.88822
G1 X101.4 Y98.655 E4.91298
G1 X101.963 Y98.37 E4.93776
G1 X102.549 Y98.136 E4.96254
G1 X103.153 Y97.953 E4.98732
G1 X103.77 Y97.823 E5.01208
G1 X104.395 Y97.747 E5.0368
G1 X105.117 Y97.728 E5.06516
G1 X105.282 Y97.738 E5.07165
G1 X105.681 Y97.768 F7800
G92 E0
G1 X101.498 Y100.878
;TYPE:Internal infill
;WIDTH:0.45
;HEIGHT:0.4
G1 F494.289
G1 X101.126 Y101.244 E.03666
G1 X100.549 Y100.722 E.09132
G1 X100.124 Y101.193 E.13589
G1 X99.546 Y102.072 E.20979
G1 X99.312 Y102.552 E.2473
G1 X99.121 Y103.05 E.28477
G1 X98.886 Y104.017 E.35468
G1 X98.886 Y105.968 E.49174
G1 X99.207 Y107.188 E.58036
G1 X99.547 Y107.927 E.63751
G1 X100.302 Y109.024 E.73106
G1 X100.809 Y109.53 E.78138
G1 X101 Y109.305 E.80211
G92 E0
G1 X100.505 Y101.748 F7800
G1 F494.289
G1 X100.968 Y101.372 E.0419
G92 E0
G1 X109.994 Y107.78 F7800
G1 F494.289
G1 X109.54 Y108.121 E.03989
G1 X108.17 Y108.482 F7800
G1 F494.289
G1 X109.377 Y108.244 E.12631
G1 X109.931 Y108.611 E.17299
G1 X110.296 Y108.06 E.21942
G1 X110.655 Y107.328 E.27669
G1 X110.946 Y106.408 E.34448
;LAYER_CHANGE
;Z:6.35
;HEIGHT:0.2
G92 E0
G1 Z6.35 F7800
G1 X107.625 Y102.333
;TYPE:Perimeter
;WIDTH:0.449999
G1 F884.349
G1 X107.77 Y102.477 E.00802
G1 X108.048 Y102.814 E.02517
G1 X108.343 Y103.305 E.04766
G1 X108.613 Y104.081 E.07992
G1 X108.71 Y104.51 E.09719
G1 X108.736 Y105.202 E.12438
G1 X108.636 Y105.809 E.14853
G1 X108.489 Y106.37 E.1713
G1 X108.209 Y106.939 E.1962
G1 X107.809 Y107.492 E.223
G1 X107.444 Y107.858 E.2433
G1 X106.82 Y108.279 E.27286
G1 X106.472 Y108.47 E.28845
G1 X105.988 Y108.643 E.30863
G1 X105.459 Y108.756 E.32987
G1 X104.739 Y108.778 E.35815
G1 X103.79 Y108.598 E.39608
G1 X103.495 Y108.483 E.40851
G1 X102.899 Y108.173 E.43489
G1 X102.681 Y108.02 E.44535
G1 X102.148 Y107.532 E.47372
G1 X101.958 Y107.298 E.48556
G1 X101.585 Y106.713 E.5128
G1 X101.382 Y106.201 E.53443
G1 X101.241 Y105.713 E.55437
G1 X101.172 Y105.121 E.57777
G1 X101.214 Y104.452 E.60409
G1 X101.371 Y103.789 E.63084
G1 X101.569 Y103.311 E.65115
G1 X102.029 Y102.619 E.68378
G1 X102.293 Y102.32 E.69944
G1 X102.698 Y101.964 E.72061
G1 X103.125 Y101.696 E.7404
G1 X103.46 Y101.525 E.75517
G1 X104.032 Y101.33 E.7789
G1 X104.72 Y101.223 E.80624
G1 X105.226 Y101.222 E.82611
G1 X105.839 Y101.338 E.85061
G1 X106.39 Y101.496 E.87312
M73 P68 R3
G1 X106.822 Y101.708 E.89201
M73 Q68 S3
G1 X107.415 Y102.123 E.92043
G1 X107.583 Y102.291 E.92976
G1 X107.337 Y102.621 F7800
G1 F884.349
G1 X107.628 Y102.928 E.94637
G1 X107.912 Y103.377 E.96723
G1 X108.054 Y103.649 E.97928
G1 X108.276 Y104.37 E1.0089
G1 X108.323 Y105.042 E1.03535
G1 X108.316 Y105.373 E1.04835
G1 X108.159 Y106.08 E1.07679
G1 X107.844 Y106.759 E1.10618
G1 X107.486 Y107.244 E1.12985
G1 X107.125 Y107.597 E1.14967
G1 X106.335 Y108.087 E1.18617
G1 X105.851 Y108.26 E1.20635
G1 X105.339 Y108.358 E1.22682
G1 X104.728 Y108.371 E1.25082
G1 X103.878 Y108.201 E1.28486
G1 X103.087 Y107.812 E1.31947
G1 X102.559 Y107.357 E1.34684
G1 X102.301 Y107.079 E1.36173
G1 X101.929 Y106.495 E1.38892
G1 X101.674 Y105.796 E1.41814
G1 X101.584 Y105.201 E1.44177
G1 X101.62 Y104.479 E1.47015
G1 X101.764 Y103.894 E1.49381
G1 X101.967 Y103.422 E1.51398
G1 X102.362 Y102.852 E1.54121
G1 X102.561 Y102.626 E1.55303
G1 X102.966 Y102.271 E1.57418
G1 X103.482 Y101.959 E1.59786
G1 X104.163 Y101.716 E1.62625
G1 X104.77 Y101.627 E1.65034
G1 X105.298 Y101.636 E1.67107
G1 X106.038 Y101.799 E1.70082
G1 X106.512 Y101.996 E1.72097
G1 X107.181 Y102.456 E1.75285
G1 X107.296 Y102.578 E1.75943
G1 X107.054 Y102.905 F7800
;TYPE:External perimeter
G1 F884.349
G1 X107.326 Y103.201 E1.77521
G1 X107.645 Y103.724 E1.79926
G1 X107.835 Y104.321 E1.82386
G1 X107.9 Y104.64 E1.83664
G1 X107.923 Y105.233 E1.85994
G1 X107.762 Y105.991 E1.89037
G1 X107.478 Y106.579 E1.91601
G1 X107.164 Y106.996 E1.93651
G1 X106.735 Y107.367 E1.95878
G1 X106.239 Y107.684 E1.98189
G1 X105.714 Y107.876 E2.00384
G1 X105.325 Y107.951 E2.0194
G1 X104.721 Y107.964 E2.04312
G1 X103.967 Y107.803 E2.07339
G1 X103.275 Y107.451 E2.10387
G1 X102.834 Y107.057 E2.12709
G1 X102.644 Y106.86 E2.13784
G1 X102.274 Y106.28 E2.16485
G1 X102.06 Y105.665 E2.19042
G1 X101.988 Y105.148 E2.21092
G1 X102.026 Y104.505 E2.23621
G1 X102.157 Y104 E2.25669
G1 X102.333 Y103.604 E2.27371
G1 X102.748 Y103.011 E2.30213
G1 X103.144 Y102.656 E2.32301
G1 X103.685 Y102.312 E2.34818
G1 X104.294 Y102.101 E2.37349
G1 X104.821 Y102.031 E2.39436
G1 X105.244 Y102.04 E2.41097
G1 X105.95 Y102.197 E2.43937
G1 X106.355 Y102.375 E2.45674
G1 X106.948 Y102.79 E2.48516
G1 X107.013 Y102.861 E2.48894
G1 X107.284 Y103.155 F7800
G92 E0
G1 X105.316 Y98.557
;TYPE:Perimeter
G1 F884.349
G1 X105.566 Y98.569 E.00983
G1 X106.418 Y98.708 E.04373
G1 X106.948 Y98.854 E.06532
G1 X107.462 Y99.046 E.08686
G1 X108.233 Y99.432 E.12072
G1 X108.694 Y99.73 E.14227
G1 X109.128 Y100.067 E.16384
G1 X109.498 Y100.424 E.18403
G1 X110.009 Y100.98 E.21368
G1 X110.601 Y101.862 E.25539
G1 X110.842 Y102.339 E.27637
G1 X111.051 Y102.859 E.29838
G1 X111.213 Y103.395 E.32037
G1 X111.329 Y103.942 E.34233
G1 X111.418 Y104.989 E.38359
G1 X111.362 Y105.849 E.41743
G1 X111.267 Y106.39 E.439
G1 X111.123 Y106.931 E.46098
G1 X110.936 Y107.448 E.48257
G1 X110.562 Y108.212 E.51597
G1 X110.092 Y108.921 E.54937
G1 X109.741 Y109.343 E.57092
G1 X109.354 Y109.733 E.59249
G1 X108.685 Y110.276 E.62632
G1 X108.223 Y110.574 E.64791
G1 X107.728 Y110.836 E.6699
G1 X107.212 Y111.054 E.69189
G1 X106.683 Y111.225 E.71372
G1 X106.11 Y111.353 E.73677
G1 X105.591 Y111.428 E.75736
G1 X104.728 Y111.455 E.79126
G1 X104.181 Y111.413 E.8128
G1 X103.639 Y111.323 E.83437
G1 X102.809 Y111.091 E.86821
G1 X102.309 Y110.891 E.88935
G1 X101.548 Y110.486 E.9232
G1 X101.104 Y110.183 E.94431
G1 X100.448 Y109.624 E.97815
G1 X100.071 Y109.224 E.99973
G1 X99.73 Y108.793 E1.02131
G1 X99.326 Y108.15 E1.05113
G1 X99.126 Y107.756 E1.06848
G1 X98.855 Y107.109 E1.09602
G1 X98.704 Y106.588 E1.11732
G1 X98.581 Y106.014 E1.14037
G1 X98.581 Y103.988 E1.21992
G1 X98.677 Y103.492 E1.23976
G1 X98.831 Y102.953 E1.26177
G1 X99.032 Y102.43 E1.28377
G1 X99.275 Y101.93 E1.3056
G1 X99.58 Y101.429 E1.32863
G1 X99.885 Y101.002 E1.34923
G1 X100.464 Y100.361 E1.38315
G1 X100.874 Y99.996 E1.4047
G1 X101.323 Y99.661 E1.4267
G1 X101.799 Y99.366 E1.44869
G1 X102.299 Y99.113 E1.47069
G1 X102.819 Y98.905 E1.49268
G1 X103.355 Y98.742 E1.51468
G1 X103.903 Y98.627 E1.53667
G1 X104.455 Y98.56 E1.5585
G1 X105.042 Y98.544 E1.58156
G1 X105.256 Y98.554 E1.58997
G1 X105.329 Y98.148 F7800
G1 F884.349
G1 X105.61 Y98.164 E1.60102
G1 X106.505 Y98.309 E1.63662
G1 X107.073 Y98.466 E1.65976
G1 X107.625 Y98.672 E1.68289
G1 X108.435 Y99.078 E1.71847
G1 X108.93 Y99.397 E1.74159
G1 X109.395 Y99.758 E1.7647
G1 X109.978 Y100.322 E1.79655
G1 X110.322 Y100.719 E1.81718
G1 X110.639 Y101.167 E1.83873
G1 X111.037 Y101.817 E1.86866
G1 X111.255 Y102.272 E1.88847
G1 X111.439 Y102.737 E1.90811
G1 X111.611 Y103.307 E1.93149
G1 X111.733 Y103.89 E1.95488
G1 X111.803 Y104.481 E1.97825
G1 X111.826 Y104.994 E1.99841
G1 X111.767 Y105.898 E2.03398
G1 X111.665 Y106.478 E2.0571
G1 X111.512 Y107.053 E2.08046
G1 X111.311 Y107.607 E2.1036
G1 X110.916 Y108.415 E2.13891
M73 P69 R3
G1 X110.419 Y109.164 E2.1742
M73 Q69 S3
G1 X110.042 Y109.617 E2.19734
G1 X109.628 Y110.036 E2.22047
G1 X108.924 Y110.606 E2.25604
G1 X108.429 Y110.926 E2.27918
G1 X107.903 Y111.204 E2.30254
G1 X107.354 Y111.436 E2.32594
G1 X106.79 Y111.618 E2.34921
G1 X106.128 Y111.766 E2.37584
G1 X105.625 Y111.835 E2.39578
G1 X104.719 Y111.863 E2.43137
G1 X104.131 Y111.817 E2.45453
G1 X103.55 Y111.721 E2.47765
G1 X102.678 Y111.477 E2.5132
G1 X102.137 Y111.261 E2.53607
G1 X101.338 Y110.835 E2.57162
G1 X100.856 Y110.507 E2.59451
G1 X100.167 Y109.919 E2.63008
G1 X99.763 Y109.491 E2.65319
G1 X99.397 Y109.029 E2.67633
G1 X98.917 Y108.264 E2.71179
G1 X98.628 Y107.658 E2.73815
G1 X98.446 Y107.179 E2.75827
G1 X98.283 Y106.595 E2.78208
G1 X98.174 Y106.053 E2.80379
G1 X98.174 Y103.948 E2.88644
G1 X98.281 Y103.397 E2.90848
G1 X98.445 Y102.824 E2.93188
G1 X98.658 Y102.268 E2.95526
G1 X98.917 Y101.735 E2.97853
G1 X99.27 Y101.156 E3.00516
G1 X99.569 Y100.745 E3.02512
G1 X100.176 Y100.072 E3.06071
G1 X100.616 Y99.68 E3.08385
G1 X101.093 Y99.324 E3.10722
G1 X101.6 Y99.01 E3.13064
G1 X102.131 Y98.742 E3.15399
G1 X102.684 Y98.52 E3.17739
G1 X103.254 Y98.348 E3.20077
G1 X103.837 Y98.225 E3.22417
G1 X104.425 Y98.153 E3.24743
G1 X105.103 Y98.135 E3.27406
G1 X105.269 Y98.145 E3.28059
G1 X105.342 Y97.741 F7800
;TYPE:External perimeter
G1 F884.349
G1 X105.654 Y97.759 E3.29286
G1 X106.593 Y97.911 E3.33021
G1 X107.198 Y98.079 E3.35486
G1 X107.788 Y98.298 E3.37957
G1 X108.637 Y98.724 E3.41687
G1 X109.165 Y99.065 E3.44155
G1 X109.662 Y99.45 E3.46623
G1 X110.345 Y100.111 E3.50355
G1 X110.671 Y100.503 E3.52357
G1 X110.978 Y100.942 E3.5446
G1 X111.398 Y101.631 E3.57628
G1 X111.631 Y102.117 E3.59744
G1 X111.828 Y102.616 E3.6185
G1 X112.047 Y103.392 E3.65016
G1 X112.153 Y103.966 E3.67308
G1 X112.21 Y104.463 E3.69272
G1 X112.233 Y104.998 E3.71375
G1 X112.171 Y105.946 E3.75105
G1 X112.063 Y106.565 E3.77572
G1 X111.901 Y107.175 E3.8005
G1 X111.687 Y107.766 E3.82518
G1 X111.27 Y108.618 E3.86243
G1 X110.746 Y109.408 E3.89965
G1 X110.344 Y109.891 E3.92432
G1 X109.901 Y110.338 E3.94903
G1 X109.163 Y110.936 E3.98633
G1 X108.635 Y111.277 E4.01101
G1 X108.078 Y111.572 E4.03576
G1 X107.496 Y111.818 E4.06057
G1 X106.897 Y112.012 E4.08529
G1 X106.2 Y112.167 E4.11333
G1 X105.659 Y112.241 E4.13477
G1 X104.709 Y112.27 E4.17209
G1 X104.082 Y112.222 E4.19678
G1 X103.462 Y112.119 E4.22146
G1 X102.547 Y111.863 E4.25877
G1 X101.965 Y111.63 E4.28339
G1 X101.127 Y111.184 E4.32066
G1 X100.609 Y110.831 E4.34527
G1 X99.886 Y110.214 E4.38259
G1 X99.455 Y109.757 E4.40726
G1 X99.064 Y109.264 E4.43197
G1 X98.559 Y108.46 E4.46925
G1 X98.253 Y107.818 E4.49717
G1 X98.059 Y107.306 E4.51867
G1 X97.867 Y106.618 E4.54672
G1 X97.766 Y106.091 E4.56779
G1 X97.766 Y103.909 E4.65347
G1 X97.885 Y103.302 E4.67776
G1 X98.058 Y102.695 E4.70254
G1 X98.284 Y102.106 E4.72731
G1 X98.56 Y101.539 E4.75207
G1 X98.931 Y100.93 E4.78007
G1 X99.252 Y100.488 E4.80152
G1 X99.889 Y99.783 E4.83883
G1 X100.358 Y99.364 E4.86352
G1 X100.864 Y98.987 E4.8883
G1 X101.4 Y98.655 E4.91306
G1 X101.963 Y98.37 E4.93784
G1 X102.549 Y98.136 E4.96262
G1 X103.153 Y97.953 E4.9874
G1 X103.77 Y97.823 E5.01216
G1 X104.395 Y97.747 E5.03688
G1 X105.109 Y97.728 E5.06492
G1 X105.282 Y97.738 E5.07172
G1 X105.681 Y97.768 F7800
;LAYER_CHANGE
;Z:6.55
;HEIGHT:0.2
G92 E0
G1 Z6.55 F7800
G1 X107.625 Y102.333
;TYPE:Perimeter
G1 F884.349
G1 X107.77 Y102.478 E.00805
G1 X108.046 Y102.811 E.02503
G1 X108.343 Y103.305 E.04766
G1 X108.614 Y104.082 E.07997
G1 X108.709 Y104.507 E.09707
G1 X108.736 Y105.201 E.12434
G1 X108.636 Y105.809 E.14853
G1 X108.489 Y106.37 E.1713
G1 X108.209 Y106.939 E.1962
G1 X107.809 Y107.492 E.223
G1 X107.306 Y107.97 E.25025
G1 X106.865 Y108.274 E.27128
G1 X106.228 Y108.55 E.29854
G1 X105.831 Y108.683 E.31498
G1 X105.234 Y108.775 E.3387
G1 X104.455 Y108.748 E.36931
G1 X103.747 Y108.587 E.39782
G1 X103.143 Y108.323 E.4237
G1 X102.713 Y108.032 E.44409
G1 X102.331 Y107.726 E.46331
G1 X101.989 Y107.348 E.48333
G1 X101.697 Y106.927 E.50345
G1 X101.417 Y106.29 E.53077
G1 X101.276 Y105.873 E.54805
G1 X101.184 Y105.276 E.57177
G1 X101.214 Y104.452 E.60415
G1 X101.371 Y103.789 E.6309
G1 X101.569 Y103.311 E.65121
G1 X102.081 Y102.544 E.68742
G1 X102.626 Y102.027 E.71692
G1 X103.125 Y101.696 E.74043
G1 X103.46 Y101.525 E.7552
G1 X104.032 Y101.33 E.77893
G1 X104.722 Y101.223 E.80635
M73 P70 R3
G1 X105.226 Y101.222 E.82614
M73 Q70 S3
G1 X105.839 Y101.338 E.85064
G1 X106.39 Y101.496 E.87315
G1 X106.822 Y101.708 E.89204
G1 X107.415 Y102.123 E.92046
G1 X107.583 Y102.291 E.92979
G1 X107.337 Y102.621 F7800
G1 F884.349
G1 X107.626 Y102.925 E.94626
G1 X107.912 Y103.378 E.9673
G1 X108.054 Y103.649 E.97931
G1 X108.276 Y104.366 E1.00878
G1 X108.323 Y105.043 E1.03543
G1 X108.316 Y105.373 E1.04839
G1 X108.159 Y106.08 E1.07683
G1 X107.844 Y106.759 E1.10622
G1 X107.486 Y107.244 E1.12989
G1 X107.033 Y107.668 E1.15425
G1 X106.578 Y107.964 E1.17556
G1 X105.91 Y108.241 E1.20395
G1 X105.213 Y108.366 E1.23175
G1 X104.481 Y108.342 E1.26051
G1 X103.853 Y108.194 E1.28584
G1 X103.315 Y107.954 E1.30897
G1 X102.725 Y107.536 E1.33736
G1 X102.291 Y107.075 E1.36222
G1 X102.012 Y106.659 E1.38189
G1 X101.678 Y105.811 E1.41768
G1 X101.586 Y105.214 E1.4414
G1 X101.62 Y104.479 E1.47029
G1 X101.764 Y103.894 E1.49395
G1 X101.969 Y103.42 E1.51423
G1 X102.415 Y102.778 E1.54492
G1 X102.895 Y102.333 E1.57062
G1 X103.328 Y102.048 E1.59097
G1 X103.591 Y101.91 E1.60263
G1 X104.163 Y101.716 E1.62635
G1 X104.772 Y101.627 E1.65052
G1 X105.298 Y101.636 E1.67118
G1 X106.038 Y101.799 E1.70093
G1 X106.512 Y101.996 E1.72108
G1 X107.181 Y102.456 E1.75296
G1 X107.296 Y102.578 E1.75954
G1 X107.054 Y102.905 F7800
;TYPE:External perimeter
G1 F884.349
G1 X107.325 Y103.198 E1.77521
G1 X107.645 Y103.724 E1.79938
G1 X107.836 Y104.322 E1.82403
G1 X107.9 Y104.641 E1.8368
G1 X107.923 Y105.233 E1.86006
G1 X107.762 Y105.991 E1.89049
G1 X107.478 Y106.579 E1.91613
G1 X107.163 Y106.996 E1.93665
G1 X106.76 Y107.366 E1.95813
G1 X106.326 Y107.628 E1.97804
G1 X105.754 Y107.865 E2.00235
G1 X105.151 Y107.964 E2.02634
G1 X104.508 Y107.935 E2.05161
G1 X103.958 Y107.801 E2.07384
G1 X103.487 Y107.585 E2.09419
G1 X102.966 Y107.207 E2.11946
G1 X102.593 Y106.802 E2.14108
G1 X102.37 Y106.464 E2.15698
G1 X102.094 Y105.796 E2.18536
G1 X101.988 Y105.152 E2.21099
G1 X102.026 Y104.505 E2.23644
G1 X102.157 Y104 E2.25692
G1 X102.325 Y103.616 E2.27338
G1 X102.748 Y103.011 E2.30237
G1 X103.163 Y102.639 E2.32425
G1 X103.685 Y102.312 E2.34844
G1 X104.294 Y102.101 E2.37375
G1 X104.823 Y102.031 E2.3947
G1 X105.244 Y102.04 E2.41123
G1 X105.95 Y102.197 E2.43963
G1 X106.355 Y102.375 E2.457
G1 X106.948 Y102.79 E2.48542
G1 X107.013 Y102.861 E2.4892
G1 X107.284 Y103.155 F7800
G92 E0
G1 X105.316 Y98.557
;TYPE:Perimeter
G1 F884.349
G1 X105.566 Y98.569 E.00983
G1 X106.418 Y98.708 E.04373
G1 X106.948 Y98.854 E.06532
G1 X107.462 Y99.046 E.08686
G1 X108.233 Y99.432 E.12072
G1 X108.694 Y99.73 E.14227
G1 X109.128 Y100.067 E.16384
G1 X109.497 Y100.423 E.18397
G1 X110.007 Y100.978 E.21357
G1 X110.601 Y101.862 E.25539
G1 X110.842 Y102.339 E.27637
G1 X111.051 Y102.859 E.29838
G1 X111.213 Y103.395 E.32037
G1 X111.329 Y103.942 E.34233
G1 X111.418 Y104.989 E.38359
G1 X111.362 Y105.849 E.41743
G1 X111.267 Y106.39 E.439
G1 X111.123 Y106.931 E.46098
G1 X110.936 Y107.448 E.48257
G1 X110.562 Y108.212 E.51597
G1 X110.092 Y108.921 E.54937
G1 X109.741 Y109.343 E.57092
G1 X109.354 Y109.733 E.59249
G1 X108.685 Y110.276 E.62632
G1 X108.223 Y110.574 E.64791
G1 X107.728 Y110.836 E.6699
G1 X107.212 Y111.054 E.69189
G1 X106.683 Y111.225 E.71372
G1 X106.118 Y111.351 E.73645
G1 X105.591 Y111.428 E.75736
G1 X104.728 Y111.455 E.79126
G1 X104.191 Y111.414 E.81241
G1 X103.344 Y111.254 E.84626
G1 X102.819 Y111.095 E.8678
G1 X102.309 Y110.891 E.88937
G1 X101.548 Y110.486 E.92322
G1 X101.103 Y110.183 E.94436
G1 X100.448 Y109.624 E.97817
G1 X100.071 Y109.224 E.99975
G1 X99.73 Y108.793 E1.02133
G1 X99.278 Y108.073 E1.05471
G1 X98.922 Y107.3 E1.08813
G1 X98.752 Y106.789 E1.10928
G1 X98.581 Y106.001 E1.14094
G1 X98.581 Y103.988 E1.21998
G1 X98.677 Y103.492 E1.23982
G1 X98.831 Y102.953 E1.26183
G1 X99.032 Y102.43 E1.28383
G1 X99.277 Y101.926 E1.30583
G1 X99.563 Y101.449 E1.32767
G1 X99.905 Y100.982 E1.3504
G1 X100.251 Y100.577 E1.37132
G1 X100.883 Y99.989 E1.40521
G1 X101.323 Y99.661 E1.42676
G1 X101.799 Y99.366 E1.44875
G1 X102.299 Y99.113 E1.47075
G1 X102.819 Y98.905 E1.49274
G1 X103.355 Y98.742 E1.51474
G1 X103.903 Y98.627 E1.53673
G1 X104.456 Y98.56 E1.5586
G1 X105.034 Y98.544 E1.5813
G1 X105.256 Y98.555 E1.59003
G1 X105.329 Y98.148 F7800
G1 F884.349
G1 X105.61 Y98.164 E1.60108
G1 X106.505 Y98.309 E1.63668
G1 X107.073 Y98.466 E1.65982
G1 X107.625 Y98.672 E1.68295
G1 X108.435 Y99.078 E1.71853
G1 X108.93 Y99.397 E1.74165
G1 X109.395 Y99.758 E1.76476
G1 X109.978 Y100.322 E1.79661
G1 X110.32 Y100.717 E1.81713
G1 X110.637 Y101.164 E1.83865
G1 X111.036 Y101.816 E1.86866
G1 X111.255 Y102.272 E1.88852
G1 X111.439 Y102.737 E1.90816
G1 X111.611 Y103.307 E1.93154
G1 X111.733 Y103.89 E1.95493
G1 X111.803 Y104.481 E1.9783
G1 X111.826 Y104.994 E1.99846
G1 X111.767 Y105.898 E2.03403
G1 X111.665 Y106.478 E2.05715
M73 P71 R3
G1 X111.512 Y107.053 E2.08051
M73 Q71 S3
G1 X111.311 Y107.607 E2.10365
G1 X110.916 Y108.415 E2.13896
G1 X110.419 Y109.164 E2.17425
G1 X110.042 Y109.617 E2.19739
G1 X109.628 Y110.036 E2.22052
G1 X108.924 Y110.606 E2.25609
G1 X108.429 Y110.926 E2.27923
G1 X107.903 Y111.204 E2.30259
G1 X107.354 Y111.436 E2.32599
G1 X106.79 Y111.619 E2.34927
G1 X106.136 Y111.764 E2.37557
G1 X105.625 Y111.835 E2.39583
G1 X104.719 Y111.863 E2.43142
G1 X104.138 Y111.818 E2.4543
G1 X103.248 Y111.65 E2.48986
G1 X102.684 Y111.48 E2.51299
G1 X102.137 Y111.261 E2.53613
G1 X101.338 Y110.835 E2.57168
G1 X100.856 Y110.507 E2.59457
G1 X100.167 Y109.919 E2.63014
G1 X99.763 Y109.491 E2.65325
G1 X99.397 Y109.029 E2.67639
G1 X98.919 Y108.267 E2.71171
G1 X98.543 Y107.45 E2.74702
G1 X98.359 Y106.897 E2.7699
G1 X98.174 Y106.045 E2.80413
G1 X98.174 Y103.948 E2.88647
G1 X98.281 Y103.397 E2.90851
G1 X98.445 Y102.824 E2.93191
G1 X98.658 Y102.268 E2.95529
G1 X98.918 Y101.733 E2.97865
G1 X99.223 Y101.223 E3.00198
G1 X99.619 Y100.683 E3.02827
G1 X99.958 Y100.294 E3.04853
G1 X100.621 Y99.676 E3.08412
G1 X101.093 Y99.324 E3.10724
G1 X101.6 Y99.01 E3.13066
G1 X102.131 Y98.742 E3.15401
G1 X102.684 Y98.52 E3.17741
G1 X103.254 Y98.348 E3.20079
G1 X103.837 Y98.225 E3.22419
G1 X104.426 Y98.153 E3.24749
G1 X105.095 Y98.135 E3.27377
G1 X105.269 Y98.145 E3.28061
G1 X105.342 Y97.741 F7800
;TYPE:External perimeter
G1 F884.349
G1 X105.655 Y97.759 E3.29292
G1 X106.593 Y97.911 E3.33023
G1 X107.198 Y98.079 E3.35488
G1 X107.788 Y98.298 E3.37959
G1 X108.637 Y98.724 E3.41689
G1 X109.165 Y99.065 E3.44157
G1 X109.662 Y99.45 E3.46625
G1 X110.345 Y100.111 E3.50357
G1 X110.671 Y100.503 E3.52359
G1 X110.976 Y100.939 E3.54448
G1 X111.398 Y101.63 E3.57627
G1 X111.631 Y102.117 E3.59747
G1 X111.828 Y102.616 E3.61853
G1 X112.046 Y103.388 E3.65003
G1 X112.153 Y103.963 E3.67299
G1 X112.21 Y104.463 E3.69275
G1 X112.233 Y104.998 E3.71378
G1 X112.171 Y105.946 E3.75108
G1 X112.063 Y106.565 E3.77575
G1 X111.901 Y107.175 E3.80053
G1 X111.687 Y107.766 E3.82521
G1 X111.27 Y108.618 E3.86246
G1 X110.746 Y109.408 E3.89968
G1 X110.344 Y109.891 E3.92435
G1 X109.901 Y110.338 E3.94906
G1 X109.163 Y110.936 E3.98636
G1 X108.635 Y111.277 E4.01104
G1 X108.078 Y111.572 E4.03579
G1 X107.496 Y111.818 E4.0606
G1 X106.897 Y112.012 E4.08532
G1 X106.208 Y112.165 E4.11303
G1 X105.659 Y112.241 E4.13479
G1 X104.709 Y112.27 E4.17211
G1 X104.084 Y112.222 E4.19672
G1 X103.151 Y112.046 E4.234
G1 X102.549 Y111.864 E4.25869
G1 X101.965 Y111.63 E4.28339
G1 X101.127 Y111.184 E4.32066
G1 X100.609 Y110.831 E4.34527
G1 X99.886 Y110.214 E4.38259
G1 X99.455 Y109.757 E4.40726
G1 X99.064 Y109.264 E4.43197
G1 X98.56 Y108.461 E4.4692
G1 X98.164 Y107.6 E4.50641
G1 X97.966 Y107.005 E4.53103
G1 X97.766 Y106.089 E4.56784
G1 X97.766 Y103.909 E4.65344
G1 X97.885 Y103.302 E4.67773
G1 X98.058 Y102.695 E4.70251
G1 X98.284 Y102.106 E4.72728
G1 X98.56 Y101.539 E4.75204
G1 X98.883 Y100.998 E4.77678
G1 X99.301 Y100.429 E4.8045
G1 X99.664 Y100.011 E4.82624
G1 X100.36 Y99.363 E4.86358
G1 X100.864 Y98.987 E4.88827
G1 X101.4 Y98.655 E4.91303
G1 X101.963 Y98.37 E4.93781
G1 X102.549 Y98.136 E4.96259
G1 X103.153 Y97.953 E4.98737
G1 X103.77 Y97.823 E5.01213
G1 X104.396 Y97.747 E5.03689
G1 X105.101 Y97.728 E5.06458
G1 X105.282 Y97.738 E5.0717
G1 X105.681 Y97.768 F7800
G92 E0
G1 X101.782 Y100.597
;TYPE:Internal infill
;WIDTH:0.45
;HEIGHT:0.4
G1 F494.289
G1 X101.273 Y101.102 E.05037
G1 X100.193 Y101.999 F7800
G1 F494.289
G1 X101.128 Y101.245 E.13475
G1 X100.596 Y100.673 E.18963
G1 X99.847 Y101.577 E.2721
G1 X99.543 Y102.076 E.31315
G1 X99.121 Y103.05 E.38772
G1 X98.886 Y104.017 E.45763
G1 X98.886 Y105.968 E.59469
G1 X99.232 Y107.243 E.6875
G1 X99.547 Y107.927 E.7404
M73 P72 R3
G1 X99.98 Y108.617 E.79763
M73 Q72 S3
G1 X100.809 Y109.53 E.88426
G1 X101.26 Y109.001 E.93309
G92 E0
G1 X110.314 Y107.539 F7800
G1 F494.289
G1 X109.538 Y108.121 E.06814
G1 X107.778 Y108.559 F7800
G1 F494.289
G1 X109.376 Y108.243 E.18257
G1 X109.931 Y108.611 E.22935
G1 X110.296 Y108.06 E.27578
G1 X110.831 Y106.84 E.36936
G1 X111.058 Y105.813 E.44325
G1 X111.112 Y104.986 E.50147
G1 X111.02 Y103.938 E.57537
G1 X110.746 Y102.907 E.65031
G1 X110.543 Y102.414 E.68776
G1 X109.91 Y101.357 E.77431
G1 X109.775 Y101.446 E.78567
;LAYER_CHANGE
;Z:6.75
;HEIGHT:0.2
G92 E0
G1 Z6.75 F7800
G1 X107.629 Y102.335
;TYPE:Perimeter
;WIDTH:0.449999
G1 F884.349
G1 X107.777 Y102.483 E.00822
G1 X108.027 Y102.784 E.02358
G1 X108.34 Y103.301 E.04731
G1 X108.619 Y104.088 E.0801
G1 X108.705 Y104.475 E.09567
G1 X108.736 Y105.197 E.12405
G1 X108.636 Y105.809 E.1484
G1 X108.489 Y106.37 E.17117
G1 X108.209 Y106.939 E.19607
G1 X107.809 Y107.492 E.22287
G1 X107.444 Y107.858 E.24317
G1 X106.82 Y108.279 E.27273
G1 X106.478 Y108.468 E.28807
G1 X105.989 Y108.645 E.30849
G1 X105.459 Y108.756 E.32975
G1 X104.739 Y108.778 E.35803
G1 X103.955 Y108.635 E.38932
G1 X103.581 Y108.527 E.4046
G1 X103.112 Y108.308 E.42492
G1 X102.678 Y108.006 E.44568
G1 X102.321 Y107.714 E.46379
G1 X101.923 Y107.26 E.4875
G1 X101.615 Y106.766 E.51036
G1 X101.367 Y106.202 E.53455
G1 X101.245 Y105.624 E.55774
G1 X101.172 Y105.121 E.5777
G1 X101.214 Y104.452 E.60402
G1 X101.371 Y103.789 E.63077
G1 X101.569 Y103.311 E.65108
G1 X102.078 Y102.548 E.68709
G1 X102.626 Y102.027 E.71678
G1 X103.125 Y101.696 E.74029
G1 X103.46 Y101.525 E.75506
G1 X104.032 Y101.33 E.77879
G1 X104.723 Y101.222 E.80625
G1 X105.225 Y101.222 E.82596
G1 X105.839 Y101.338 E.85049
G1 X106.39 Y101.496 E.873
G1 X106.822 Y101.708 E.89189
G1 X107.415 Y102.123 E.92031
G1 X107.586 Y102.293 E.92978
G1 X107.34 Y102.622 F7800
G1 F884.349
G1 X107.607 Y102.9 E.94491
G1 X107.915 Y103.385 E.96747
G1 X108.053 Y103.645 E.97903
G1 X108.27 Y104.335 E1.00743
G1 X108.322 Y105.051 E1.03562
G1 X108.316 Y105.373 E1.04827
G1 X108.159 Y106.08 E1.07671
G1 X107.843 Y106.759 E1.10612
G1 X107.486 Y107.244 E1.12977
G1 X107.125 Y107.597 E1.14959
G1 X106.339 Y108.086 E1.18594
G1 X105.864 Y108.258 E1.20578
G1 X105.361 Y108.357 E1.22591
G1 X104.731 Y108.371 E1.25065
G1 X104.043 Y108.237 E1.27817
G1 X103.753 Y108.158 E1.28997
G1 X103.297 Y107.945 E1.30973
G1 X102.725 Y107.536 E1.33734
G1 X102.229 Y106.992 E1.36625
G1 X101.968 Y106.563 E1.38597
G1 X101.746 Y106.055 E1.40774
G1 X101.646 Y105.553 E1.42784
G1 X101.58 Y105.081 E1.44655
G1 X101.62 Y104.479 E1.47024
G1 X101.764 Y103.894 E1.4939
G1 X101.969 Y103.42 E1.51418
G1 X102.412 Y102.782 E1.54468
G1 X102.895 Y102.333 E1.57057
G1 X103.328 Y102.048 E1.59092
G1 X103.591 Y101.91 E1.60258
G1 X104.163 Y101.716 E1.6263
G1 X104.774 Y101.626 E1.65055
G1 X105.298 Y101.636 E1.67113
G1 X106.038 Y101.799 E1.70088
G1 X106.512 Y101.996 E1.72103
G1 X107.181 Y102.456 E1.75291
G1 X107.298 Y102.578 E1.75955
G1 X107.055 Y102.905 F7800
;TYPE:External perimeter
G1 F884.349
G1 X107.307 Y103.175 E1.77405
G1 X107.644 Y103.723 E1.79931
G1 X107.843 Y104.333 E1.8245
G1 X107.897 Y104.651 E1.83716
G1 X107.923 Y105.232 E1.86
G1 X107.762 Y105.992 E1.8905
G1 X107.478 Y106.579 E1.9161
G1 X107.164 Y106.996 E1.9366
G1 X106.735 Y107.367 E1.95887
G1 X106.239 Y107.684 E1.98198
G1 X105.746 Y107.868 E2.00264
G1 X105.325 Y107.951 E2.01949
G1 X104.721 Y107.964 E2.04321
G1 X104.131 Y107.84 E2.06688
G1 X103.71 Y107.689 E2.08444
G1 X103.453 Y107.565 E2.09564
G1 X102.966 Y107.208 E2.11935
G1 X102.535 Y106.724 E2.1448
G1 X102.27 Y106.273 E2.16534
G1 X102.115 Y105.869 E2.18233
G1 X101.989 Y105.157 E2.21072
G1 X102.026 Y104.505 E2.23636
G1 X102.157 Y104 E2.25684
G1 X102.333 Y103.604 E2.27386
G1 X102.748 Y103.011 E2.30228
G1 X103.163 Y102.639 E2.32416
G1 X103.685 Y102.312 E2.34835
G1 X104.294 Y102.101 E2.37366
G1 X104.825 Y102.03 E2.3947
G1 X105.244 Y102.04 E2.41116
G1 X105.95 Y102.197 E2.43956
G1 X106.355 Y102.375 E2.45693
G1 X106.948 Y102.79 E2.48535
G1 X107.014 Y102.861 E2.48916
G1 X107.283 Y103.157 F7800
G92 E0
G1 X105.316 Y98.557
;TYPE:Perimeter
G1 F884.349
G1 X105.566 Y98.569 E.00983
G1 X106.418 Y98.708 E.04373
G1 X106.948 Y98.854 E.06532
M73 P73 R3
G1 X107.462 Y99.046 E.08686
M73 Q73 S3
G1 X108.168 Y99.399 E.11785
G1 X108.645 Y99.698 E.13995
G1 X109.071 Y100.022 E.16096
G1 X109.487 Y100.413 E.18338
G1 X109.917 Y100.869 E.20799
G1 X110.276 Y101.357 E.23178
G1 X110.601 Y101.862 E.25536
G1 X110.842 Y102.339 E.27634
G1 X111.051 Y102.859 E.29835
G1 X111.213 Y103.395 E.32034
G1 X111.329 Y103.942 E.3423
G1 X111.418 Y104.989 E.38356
G1 X111.362 Y105.849 E.4174
M73 P73 R2
G1 X111.267 Y106.39 E.43897
G1 X111.123 Y106.931 E.46095
G1 X110.936 Y107.448 E.48254
G1 X110.562 Y108.212 E.51594
G1 X110.092 Y108.921 E.54934
G1 X109.741 Y109.343 E.57089
G1 X109.354 Y109.733 E.59246
G1 X108.685 Y110.276 E.62629
G1 X108.223 Y110.574 E.64788
G1 X107.728 Y110.836 E.66987
G1 X107.212 Y111.054 E.69186
M73 Q73 S2
G1 X106.682 Y111.226 E.71374
G1 X106.126 Y111.35 E.73611
G1 X105.591 Y111.428 E.75734
G1 X104.728 Y111.455 E.79124
G1 X104.191 Y111.414 E.81239
G1 X103.344 Y111.254 E.84624
G1 X102.822 Y111.096 E.86765
G1 X102.294 Y110.881 E.89003
G1 X101.81 Y110.64 E.91126
G1 X101.089 Y110.172 E.94501
G1 X100.657 Y109.815 E.96701
G1 X100.267 Y109.441 E.98823
G1 X99.724 Y108.784 E1.0217
G1 X99.278 Y108.073 E1.05466
G1 X98.922 Y107.3 E1.08808
G1 X98.752 Y106.789 E1.10923
G1 X98.581 Y106.001 E1.14089
G1 X98.581 Y103.988 E1.21993
G1 X98.677 Y103.492 E1.23977
G1 X98.831 Y102.953 E1.26178
G1 X99.032 Y102.43 E1.28378
G1 X99.277 Y101.926 E1.30578
G1 X99.563 Y101.448 E1.32765
G1 X99.9 Y100.988 E1.35004
G1 X100.251 Y100.577 E1.37126
G1 X100.883 Y99.989 E1.40515
G1 X101.323 Y99.661 E1.4267
G1 X101.799 Y99.366 E1.44869
G1 X102.299 Y99.113 E1.47069
G1 X102.819 Y98.905 E1.49268
G1 X103.355 Y98.742 E1.51468
G1 X103.903 Y98.627 E1.53667
G1 X104.456 Y98.56 E1.55854
G1 X105.026 Y98.544 E1.58093
G1 X105.256 Y98.555 E1.58997
G1 X105.329 Y98.148 F7800
G1 F884.349
G1 X105.611 Y98.164 E1.60106
G1 X106.505 Y98.309 E1.63662
G1 X107.073 Y98.466 E1.65976
G1 X107.625 Y98.672 E1.68289
G1 X108.435 Y99.078 E1.71847
G1 X108.93 Y99.397 E1.74159
G1 X109.395 Y99.758 E1.7647
G1 X109.77 Y100.121 E1.78519
G1 X110.302 Y100.696 E1.81595
G1 X110.615 Y101.132 E1.83702
G1 X111.031 Y101.807 E1.86815
G1 X111.255 Y102.272 E1.88842
G1 X111.439 Y102.737 E1.90806
G1 X111.611 Y103.307 E1.93144
G1 X111.733 Y103.89 E1.95483
G1 X111.803 Y104.481 E1.9782
G1 X111.826 Y104.994 E1.99836
G1 X111.767 Y105.898 E2.03393
G1 X111.665 Y106.478 E2.05705
G1 X111.512 Y107.053 E2.08041
G1 X111.311 Y107.607 E2.10355
G1 X110.916 Y108.415 E2.13886
G1 X110.419 Y109.164 E2.17415
G1 X110.042 Y109.617 E2.19729
G1 X109.628 Y110.036 E2.22042
G1 X108.924 Y110.606 E2.25599
G1 X108.429 Y110.926 E2.27913
G1 X107.903 Y111.204 E2.30249
G1 X107.354 Y111.436 E2.32589
G1 X106.79 Y111.619 E2.34917
G1 X106.144 Y111.763 E2.37516
G1 X105.625 Y111.835 E2.39573
G1 X104.719 Y111.863 E2.43132
G1 X104.138 Y111.818 E2.4542
G1 X103.248 Y111.65 E2.48976
G1 X102.686 Y111.48 E2.51281
G1 X102.073 Y111.231 E2.53879
G1 X101.606 Y110.993 E2.55937
G1 X100.847 Y110.5 E2.59491
G1 X100.342 Y110.083 E2.62062
G1 X99.968 Y109.717 E2.64117
G1 X99.394 Y109.023 E2.67653
G1 X98.919 Y108.267 E2.71159
G1 X98.543 Y107.45 E2.7469
G1 X98.359 Y106.897 E2.76978
G1 X98.174 Y106.045 E2.80401
G1 X98.174 Y103.948 E2.88635
G1 X98.281 Y103.397 E2.90839
G1 X98.445 Y102.824 E2.93179
G1 X98.658 Y102.268 E2.95517
G1 X98.918 Y101.733 E2.97853
G1 X99.223 Y101.223 E3.00186
G1 X99.614 Y100.689 E3.02785
G1 X99.958 Y100.294 E3.04842
G1 X100.621 Y99.676 E3.08401
G1 X101.093 Y99.324 E3.10713
G1 X101.6 Y99.01 E3.13055
G1 X102.131 Y98.742 E3.1539
G1 X102.684 Y98.52 E3.1773
G1 X103.254 Y98.348 E3.20068
G1 X103.837 Y98.225 E3.22408
G1 X104.426 Y98.153 E3.24738
G1 X105.087 Y98.135 E3.27334
G1 X105.269 Y98.145 E3.2805
G1 X105.342 Y97.741 F7800
;TYPE:External perimeter
G1 F884.349
G1 X105.655 Y97.759 E3.29281
G1 X106.593 Y97.911 E3.33012
G1 X107.198 Y98.079 E3.35477
G1 X107.788 Y98.298 E3.37948
G1 X108.637 Y98.724 E3.41678
G1 X109.165 Y99.065 E3.44146
G1 X109.662 Y99.45 E3.46614
G1 X110.261 Y100.03 E3.49888
G1 X110.615 Y100.435 E3.52
G1 X110.955 Y100.907 E3.54284
G1 X111.393 Y101.62 E3.5757
G1 X111.631 Y102.117 E3.59734
G1 X111.828 Y102.616 E3.6184
G1 X112.037 Y103.348 E3.64829
G1 X112.149 Y103.935 E3.67175
G1 X112.21 Y104.463 E3.69262
G1 X112.233 Y104.998 E3.71365
G1 X112.171 Y105.946 E3.75095
G1 X112.063 Y106.565 E3.77562
G1 X111.901 Y107.175 E3.8004
G1 X111.687 Y107.766 E3.82508
G1 X111.27 Y108.618 E3.86233
G1 X110.746 Y109.408 E3.89955
M73 P74 R2
G1 X110.344 Y109.891 E3.92422
M73 Q74 S2
G1 X109.901 Y110.338 E3.94893
G1 X109.163 Y110.936 E3.98623
G1 X108.635 Y111.277 E4.01091
G1 X108.078 Y111.572 E4.03566
G1 X107.496 Y111.818 E4.06047
G1 X106.897 Y112.012 E4.08519
G1 X106.216 Y112.164 E4.11259
G1 X105.659 Y112.241 E4.13467
G1 X104.709 Y112.27 E4.17199
G1 X104.084 Y112.222 E4.1966
G1 X103.151 Y112.046 E4.23388
G1 X102.55 Y111.864 E4.25854
G1 X101.904 Y111.601 E4.28593
G1 X101.402 Y111.346 E4.30804
G1 X100.606 Y110.829 E4.34531
G1 X100.07 Y110.386 E4.37261
G1 X99.668 Y109.993 E4.39468
G1 X99.063 Y109.262 E4.43194
G1 X98.56 Y108.461 E4.46908
G1 X98.164 Y107.6 E4.50629
G1 X97.966 Y107.005 E4.53091
G1 X97.766 Y106.089 E4.56772
G1 X97.766 Y103.909 E4.65332
G1 X97.885 Y103.302 E4.67761
G1 X98.059 Y102.695 E4.7024
G1 X98.284 Y102.106 E4.72716
G1 X98.56 Y101.539 E4.75192
G1 X98.884 Y100.998 E4.77668
G1 X99.296 Y100.435 E4.80407
G1 X99.665 Y100.01 E4.82617
G1 X100.36 Y99.363 E4.86345
G1 X100.864 Y98.987 E4.88814
G1 X101.4 Y98.655 E4.9129
G1 X101.963 Y98.37 E4.93768
G1 X102.549 Y98.136 E4.96246
G1 X103.153 Y97.953 E4.98724
G1 X103.77 Y97.823 E5.012
G1 X104.396 Y97.747 E5.03676
G1 X105.093 Y97.728 E5.06414
G1 X105.282 Y97.738 E5.07157
G1 X105.681 Y97.768 F7800
;LAYER_CHANGE
;Z:6.95
;HEIGHT:0.2
G92 E0
G1 Z6.95 F7800
G1 X107.623 Y102.335
;TYPE:Perimeter
G1 F884.349
G1 X107.907 Y102.625 E.01594
G1 X108.263 Y103.174 E.04163
G1 X108.441 Y103.523 E.05701
G1 X108.659 Y104.213 E.08542
G1 X108.711 Y104.616 E.10137
G1 X108.736 Y105.197 E.1242
G1 X108.636 Y105.809 E.14855
G1 X108.489 Y106.37 E.17132
G1 X108.209 Y106.939 E.19622
G1 X107.809 Y107.492 E.22302
G1 X107.444 Y107.858 E.24332
G1 X106.82 Y108.279 E.27288
G1 X106.478 Y108.468 E.28822
G1 X105.989 Y108.645 E.30864
G1 X105.46 Y108.756 E.32986
G1 X104.739 Y108.778 E.35818
G1 X103.955 Y108.635 E.38947
G1 X103.576 Y108.525 E.40497
G1 X103.12 Y108.309 E.42478
G1 X102.481 Y107.862 E.4554
G1 X102.078 Y107.447 E.47811
G1 X101.875 Y107.195 E.49082
G1 X101.575 Y106.696 E.51368
G1 X101.315 Y106.003 E.54274
G1 X101.237 Y105.684 E.55563
G1 X101.172 Y105.121 E.57788
G1 X101.214 Y104.452 E.6042
G1 X101.371 Y103.789 E.63095
G1 X101.569 Y103.311 E.65126
G1 X102.046 Y102.595 E.68504
G1 X102.244 Y102.363 E.69702
G1 X102.698 Y101.964 E.72075
G1 X103.125 Y101.696 E.74054
G1 X103.46 Y101.525 E.75531
G1 X104.032 Y101.33 E.77904
G1 X104.725 Y101.222 E.80658
G1 X105.225 Y101.222 E.82621
G1 X105.839 Y101.338 E.85074
G1 X106.39 Y101.496 E.87325
G1 X106.822 Y101.708 E.89214
G1 X107.415 Y102.123 E.92056
G1 X107.581 Y102.293 E.92989
G1 X107.338 Y102.62 F7800
G1 F884.349
G1 X107.607 Y102.9 E.94514
G1 X107.915 Y103.385 E.9677
G1 X108.053 Y103.645 E.97926
G1 X108.27 Y104.335 E1.00766
G1 X108.322 Y105.051 E1.03585
G1 X108.316 Y105.373 E1.0485
G1 X108.159 Y106.08 E1.07694
G1 X107.844 Y106.759 E1.10633
G1 X107.486 Y107.244 E1.13
G1 X107.125 Y107.597 E1.14982
G1 X106.339 Y108.086 E1.18617
G1 X105.864 Y108.258 E1.20601
G1 X105.361 Y108.357 E1.22614
G1 X104.731 Y108.371 E1.25088
G1 X104.043 Y108.237 E1.2784
G1 X103.62 Y108.095 E1.29592
G1 X103.192 Y107.88 E1.31473
G1 X102.723 Y107.534 E1.33761
G1 X102.295 Y107.08 E1.36211
G1 X101.952 Y106.534 E1.38743
G1 X101.7 Y105.872 E1.41524
G1 X101.584 Y105.201 E1.44198
G1 X101.62 Y104.479 E1.47036
G1 X101.764 Y103.894 E1.49402
G1 X101.951 Y103.454 E1.51279
G1 X102.379 Y102.828 E1.54257
G1 X102.512 Y102.669 E1.55071
G1 X102.966 Y102.271 E1.57442
G1 X103.482 Y101.959 E1.5981
G1 X104.163 Y101.716 E1.62649
G1 X104.776 Y101.626 E1.65082
G1 X105.298 Y101.636 E1.67132
G1 X106.038 Y101.799 E1.70107
G1 X106.512 Y101.996 E1.72122
G1 X107.181 Y102.456 E1.7531
G1 X107.297 Y102.577 E1.75968
G1 X107.054 Y102.904 F7800
;TYPE:External perimeter
G1 F884.349
G1 X107.307 Y103.175 E1.77424
G1 X107.644 Y103.723 E1.7995
G1 X107.843 Y104.333 E1.82469
G1 X107.897 Y104.651 E1.83735
G1 X107.923 Y105.232 E1.86019
G1 X107.762 Y105.991 E1.89065
G1 X107.478 Y106.579 E1.91629
G1 X107.164 Y106.996 E1.93679
G1 X106.735 Y107.367 E1.95906
G1 X106.239 Y107.684 E1.98217
G1 X105.746 Y107.868 E2.00283
G1 X105.325 Y107.951 E2.01968
G1 X104.721 Y107.964 E2.0434
G1 X104.131 Y107.84 E2.06707
G1 X103.794 Y107.727 E2.08103
G1 X103.433 Y107.553 E2.09677
G1 X102.965 Y107.207 E2.11962
G1 X102.596 Y106.807 E2.14099
G1 X102.301 Y106.324 E2.16321
G1 X102.086 Y105.741 E2.18761
G1 X101.988 Y105.148 E2.21121
G1 X102.026 Y104.505 E2.2365
G1 X102.157 Y104 E2.25698
G1 X102.317 Y103.631 E2.27277
G1 X102.713 Y103.062 E2.29999
G1 X103.163 Y102.639 E2.32424
G1 X103.685 Y102.312 E2.34843
G1 X104.294 Y102.101 E2.37374
G1 X104.827 Y102.03 E2.39485
G1 X105.244 Y102.04 E2.41123
G1 X105.95 Y102.197 E2.43963
G1 X106.355 Y102.375 E2.457
G1 X106.948 Y102.79 E2.48542
G1 X107.013 Y102.86 E2.48917
G1 X107.283 Y103.156 F7800
G92 E0
G1 X105.316 Y98.558
;TYPE:Perimeter
G1 F884.349
M73 P75 R2
M73 Q75 S2
G1 X105.567 Y98.569 E.00986
G1 X106.418 Y98.708 E.04372
G1 X106.948 Y98.854 E.06531
G1 X107.462 Y99.046 E.08685
G1 X108.233 Y99.432 E.12071
G1 X108.692 Y99.728 E.14215
G1 X109.134 Y100.075 E.16421
G1 X109.539 Y100.445 E.18575
G1 X109.933 Y100.899 E.20935
G1 X110.276 Y101.357 E.23182
G1 X110.601 Y101.862 E.2554
G1 X110.842 Y102.339 E.27638
G1 X111.051 Y102.859 E.29839
G1 X111.213 Y103.395 E.32038
G1 X111.329 Y103.942 E.34234
G1 X111.418 Y104.989 E.3836
G1 X111.362 Y105.849 E.41744
G1 X111.267 Y106.39 E.43901
G1 X111.123 Y106.931 E.46099
G1 X110.936 Y107.448 E.48258
G1 X110.562 Y108.212 E.51598
G1 X110.092 Y108.921 E.54938
G1 X109.741 Y109.343 E.57093
G1 X109.354 Y109.733 E.5925
G1 X108.685 Y110.276 E.62633
G1 X108.223 Y110.574 E.64792
G1 X107.728 Y110.836 E.66991
G1 X107.212 Y111.054 E.6919
G1 X106.682 Y111.226 E.71378
G1 X106.133 Y111.349 E.73587
G1 X105.59 Y111.428 E.75742
G1 X104.728 Y111.455 E.79128
G1 X104.191 Y111.414 E.81243
G1 X103.344 Y111.254 E.84628
G1 X102.819 Y111.095 E.86782
G1 X102.309 Y110.891 E.88939
G1 X101.548 Y110.486 E.92324
G1 X101.104 Y110.183 E.94435
G1 X100.448 Y109.624 E.97819
G1 X100.071 Y109.224 E.99977
G1 X99.73 Y108.793 E1.02135
G1 X99.278 Y108.073 E1.05473
G1 X98.922 Y107.3 E1.08815
G1 X98.752 Y106.789 E1.1093
G1 X98.581 Y106.001 E1.14096
G1 X98.581 Y103.988 E1.22
G1 X98.677 Y103.492 E1.23984
G1 X98.831 Y102.953 E1.26185
G1 X99.032 Y102.43 E1.28385
G1 X99.277 Y101.926 E1.30585
G1 X99.564 Y101.446 E1.32781
G1 X99.893 Y100.992 E1.34982
G1 X100.252 Y100.576 E1.3714
G1 X100.883 Y99.989 E1.40524
G1 X101.323 Y99.661 E1.42679
G1 X101.799 Y99.366 E1.44878
G1 X102.299 Y99.113 E1.47078
G1 X102.819 Y98.905 E1.49277
G1 X103.355 Y98.742 E1.51477
G1 X103.903 Y98.627 E1.53676
G1 X104.457 Y98.56 E1.55867
G1 X105.018 Y98.544 E1.58071
G1 X105.256 Y98.555 E1.59006
G1 X105.329 Y98.148 F7800
G1 F884.349
G1 X105.611 Y98.164 E1.60115
G1 X106.505 Y98.309 E1.63671
G1 X107.073 Y98.466 E1.65985
G1 X107.625 Y98.672 E1.68298
G1 X108.435 Y99.078 E1.71856
G1 X108.928 Y99.396 E1.7416
G1 X109.442 Y99.8 E1.76727
G1 X109.832 Y100.162 E1.78816
G1 X110.24 Y100.632 E1.8126
G1 X110.615 Y101.132 E1.83714
G1 X111.031 Y101.807 E1.86827
G1 X111.255 Y102.272 E1.88854
G1 X111.439 Y102.737 E1.90818
G1 X111.611 Y103.307 E1.93156
G1 X111.733 Y103.89 E1.95495
G1 X111.803 Y104.481 E1.97832
G1 X111.826 Y104.994 E1.99848
G1 X111.767 Y105.898 E2.03405
G1 X111.665 Y106.478 E2.05717
G1 X111.512 Y107.053 E2.08053
G1 X111.311 Y107.607 E2.10367
G1 X110.916 Y108.415 E2.13898
G1 X110.419 Y109.164 E2.17427
G1 X110.042 Y109.617 E2.19741
G1 X109.628 Y110.036 E2.22054
G1 X108.924 Y110.606 E2.25611
G1 X108.429 Y110.926 E2.27925
G1 X107.903 Y111.204 E2.30261
G1 X107.354 Y111.436 E2.32601
G1 X106.789 Y111.619 E2.34933
G1 X106.152 Y111.762 E2.37496
G1 X105.625 Y111.835 E2.39585
G1 X104.719 Y111.863 E2.43144
G1 X104.138 Y111.818 E2.45432
G1 X103.248 Y111.65 E2.48988
G1 X102.684 Y111.48 E2.51301
G1 X102.137 Y111.261 E2.53615
G1 X101.338 Y110.835 E2.5717
G1 X100.856 Y110.507 E2.59459
G1 X100.167 Y109.919 E2.63016
G1 X99.763 Y109.491 E2.65327
G1 X99.397 Y109.029 E2.67641
G1 X98.919 Y108.267 E2.71173
G1 X98.543 Y107.45 E2.74704
G1 X98.359 Y106.897 E2.76992
G1 X98.174 Y106.045 E2.80415
G1 X98.174 Y103.948 E2.88649
G1 X98.281 Y103.397 E2.90853
G1 X98.445 Y102.824 E2.93193
G1 X98.658 Y102.268 E2.95531
G1 X98.918 Y101.733 E2.97867
G1 X99.224 Y101.222 E3.00206
G1 X99.573 Y100.739 E3.02546
G1 X99.958 Y100.293 E3.04859
G1 X100.621 Y99.676 E3.08415
G1 X101.093 Y99.324 E3.10727
G1 X101.6 Y99.01 E3.13069
G1 X102.131 Y98.742 E3.15404
G1 X102.684 Y98.52 E3.17744
G1 X103.254 Y98.348 E3.20082
G1 X103.837 Y98.225 E3.22422
G1 X104.426 Y98.153 E3.24752
G1 X105.08 Y98.135 E3.27321
G1 X105.269 Y98.145 E3.28064
G1 X105.342 Y97.741 F7800
;TYPE:External perimeter
G1 F884.349
G1 X105.655 Y97.759 E3.29295
G1 X106.593 Y97.911 E3.33026
G1 X107.198 Y98.079 E3.35491
G1 X107.788 Y98.298 E3.37962
G1 X108.637 Y98.724 E3.41692
G1 X109.165 Y99.065 E3.4416
G1 X109.707 Y99.49 E3.46864
G1 X110.125 Y99.879 E3.49106
G1 X110.655 Y100.489 E3.52279
G1 X110.955 Y100.907 E3.54299
G1 X111.393 Y101.62 E3.57585
G1 X111.631 Y102.117 E3.59749
G1 X111.828 Y102.616 E3.61855
G1 X112.037 Y103.348 E3.64844
G1 X112.149 Y103.935 E3.6719
G1 X112.21 Y104.463 E3.69277
G1 X112.233 Y104.998 E3.7138
G1 X112.171 Y105.946 E3.7511
G1 X112.063 Y106.565 E3.77577
G1 X111.901 Y107.175 E3.80055
G1 X111.687 Y107.766 E3.82523
M73 P76 R2
G1 X111.27 Y108.618 E3.86248
M73 Q76 S2
G1 X110.746 Y109.408 E3.8997
G1 X110.344 Y109.891 E3.92437
G1 X109.901 Y110.338 E3.94908
G1 X109.163 Y110.936 E3.98638
G1 X108.635 Y111.277 E4.01106
G1 X108.078 Y111.572 E4.03581
G1 X107.496 Y111.818 E4.06062
G1 X106.897 Y112.012 E4.08534
G1 X106.224 Y112.163 E4.11242
G1 X105.659 Y112.241 E4.13481
G1 X104.709 Y112.27 E4.17213
G1 X104.084 Y112.222 E4.19674
G1 X103.151 Y112.046 E4.23402
G1 X102.549 Y111.864 E4.25871
G1 X101.965 Y111.63 E4.28341
G1 X101.127 Y111.184 E4.32068
G1 X100.609 Y110.831 E4.34529
G1 X99.886 Y110.214 E4.38261
G1 X99.455 Y109.757 E4.40728
G1 X99.064 Y109.264 E4.43199
G1 X98.56 Y108.461 E4.46922
G1 X98.164 Y107.6 E4.50643
G1 X97.966 Y107.005 E4.53105
G1 X97.766 Y106.089 E4.56786
G1 X97.766 Y103.909 E4.65346
G1 X97.885 Y103.302 E4.67775
G1 X98.059 Y102.695 E4.70254
G1 X98.284 Y102.106 E4.7273
G1 X98.56 Y101.539 E4.75206
G1 X98.884 Y100.997 E4.77685
G1 X99.254 Y100.486 E4.80162
G1 X99.665 Y100.01 E4.82631
G1 X100.36 Y99.363 E4.86359
G1 X100.864 Y98.987 E4.88828
G1 X101.4 Y98.655 E4.91304
G1 X101.963 Y98.37 E4.93782
G1 X102.549 Y98.136 E4.9626
G1 X103.153 Y97.953 E4.98738
G1 X103.77 Y97.823 E5.01214
G1 X104.396 Y97.747 E5.0369
G1 X105.085 Y97.727 E5.06396
G1 X105.282 Y97.738 E5.07171
G1 X105.681 Y97.768 F7800
G92 E0
G1 X102.066 Y100.315
;TYPE:Internal infill
;WIDTH:0.45
;HEIGHT:0.4
G1 F494.289
G1 X101.274 Y101.103 E.07849
G1 X99.882 Y102.25 F7800
G1 F494.289
G1 X101.129 Y101.247 E.19091
G1 X100.596 Y100.673 E.24594
G1 X100.162 Y101.147 E.29109
G1 X99.546 Y102.072 E.36916
G1 X99.121 Y103.05 E.44407
G1 X98.974 Y103.563 E.48156
G1 X98.886 Y104.017 E.51405
G1 X98.886 Y105.968 E.65111
G1 X99.047 Y106.708 E.70431
G1 X99.547 Y107.927 E.79687
G1 X100.194 Y108.873 E.87738
G1 X101.6 Y108.855 E.97616
G92 E0
G1 X108.788 Y106.436 F7800
G1 F494.289
G1 X108.476 Y107.087 E.05071
G1 X108.047 Y107.683 E.1023
G1 X107.574 Y108.151 E.14904
G1 X107.305 Y108.324 E.17151
G1 X107.535 Y108.681 E.20134
G1 X109.197 Y108.414 E.31959
G1 X110.645 Y107.316 E.44725
G92 E0
G1 X110.932 Y104.59 F7800
G1 F494.289
G1 X111.095 Y104.583 E.01146
G1 X111.09 Y104.467 E.01962
G1 X111.02 Y103.938 E.05711
G1 X110.746 Y102.907 E.13205
G1 X110.304 Y101.952 E.20598
G1 X109.854 Y101.274 E.26315
G1 X109.461 Y100.821 E.30528
G1 X109.952 Y101.805 E.38253
;LAYER_CHANGE
;Z:7.15
;HEIGHT:0.2
G92 E0
G1 Z7.15 F7800
G1 X107.628 Y102.335
;TYPE:Perimeter
;WIDTH:0.449999
G1 F884.349
G1 X107.777 Y102.483 E.00825
G1 X108.027 Y102.784 E.02361
G1 X108.34 Y103.301 E.04734
G1 X108.615 Y104.084 E.07993
G1 X108.708 Y104.496 E.09651
G1 X108.736 Y105.2 E.12417
G1 X108.636 Y105.809 E.1484
G1 X108.489 Y106.37 E.17117
G1 X108.209 Y106.939 E.19607
G1 X107.809 Y107.492 E.22287
G1 X107.444 Y107.858 E.24317
G1 X106.82 Y108.279 E.27273
G1 X106.474 Y108.47 E.28825
G1 X106.002 Y108.639 E.30794
G1 X105.277 Y108.768 E.33685
G1 X104.53 Y108.762 E.36618
G1 X103.967 Y108.657 E.38867
G1 X103.391 Y108.427 E.41302
G1 X102.971 Y108.221 E.43139
G1 X102.484 Y107.864 E.4551
G1 X102.077 Y107.446 E.47801
G1 X101.711 Y106.949 E.50225
M73 P77 R2
M73 Q77 S2
G1 X101.394 Y106.268 E.53174
G1 X101.313 Y106.01 E.54236
G1 X101.187 Y105.297 E.57079
G1 X101.214 Y104.452 E.60399
G1 X101.371 Y103.789 E.63074
G1 X101.569 Y103.311 E.65105
G1 X102.07 Y102.56 E.6865
G1 X102.244 Y102.363 E.69682
G1 X102.698 Y101.964 E.72055
G1 X103.125 Y101.696 E.74034
G1 X103.46 Y101.525 E.75511
G1 X104.032 Y101.33 E.77884
G1 X104.726 Y101.221 E.80642
G1 X105.255 Y101.223 E.82719
G1 X105.839 Y101.338 E.85056
G1 X106.39 Y101.496 E.87307
G1 X106.822 Y101.708 E.89196
G1 X107.415 Y102.123 E.92038
G1 X107.585 Y102.292 E.92979
G1 X107.34 Y102.621 F7800
G1 F884.349
G1 X107.607 Y102.9 E.94495
G1 X107.915 Y103.385 E.96751
G1 X108.054 Y103.648 E.97919
G1 X108.274 Y104.356 E1.0083
G1 X108.323 Y105.046 E1.03546
G1 X108.316 Y105.373 E1.0483
G1 X108.159 Y106.08 E1.07674
G1 X107.844 Y106.759 E1.10613
G1 X107.486 Y107.244 E1.1298
G1 X107.125 Y107.597 E1.14962
G1 X106.336 Y108.087 E1.18609
G1 X105.864 Y108.256 E1.20578
G1 X105.217 Y108.366 E1.23155
G1 X104.549 Y108.355 E1.25778
G1 X104.008 Y108.241 E1.27949
G1 X103.34 Y107.965 E1.30787
G1 X102.725 Y107.536 E1.33731
G1 X102.378 Y107.173 E1.35703
G1 X102.05 Y106.724 E1.37886
G1 X101.767 Y106.104 E1.40562
G1 X101.646 Y105.553 E1.42777
G1 X101.58 Y105.081 E1.44648
G1 X101.62 Y104.479 E1.47017
G1 X101.764 Y103.894 E1.49383
G1 X101.969 Y103.42 E1.51411
G1 X102.404 Y102.793 E1.54407
G1 X102.895 Y102.333 E1.57049
G1 X103.328 Y102.048 E1.59084
G1 X103.591 Y101.91 E1.6025
G1 X104.163 Y101.716 E1.62622
G1 X104.778 Y101.625 E1.65063
G1 X105.298 Y101.636 E1.67105
G1 X106.038 Y101.799 E1.7008
G1 X106.512 Y101.996 E1.72095
G1 X107.181 Y102.456 E1.75283
G1 X107.298 Y102.578 E1.75947
G1 X107.055 Y102.905 F7800
;TYPE:External perimeter
G1 F884.349
G1 X107.307 Y103.175 E1.77397
G1 X107.644 Y103.723 E1.79923
G1 X107.838 Y104.325 E1.82406
G1 X107.899 Y104.645 E1.83685
G1 X107.923 Y105.233 E1.85996
G1 X107.762 Y105.992 E1.89042
G1 X107.478 Y106.579 E1.91602
G1 X107.164 Y106.996 E1.93652
G1 X106.735 Y107.367 E1.95879
G1 X106.239 Y107.684 E1.9819
G1 X105.727 Y107.873 E2.00333
G1 X105.156 Y107.963 E2.02603
G1 X104.569 Y107.948 E2.04909
G1 X104.065 Y107.825 E2.06946
G1 X103.495 Y107.588 E2.0937
G1 X102.966 Y107.207 E2.1193
G1 X102.598 Y106.809 E2.14058
G1 X102.372 Y106.468 E2.15664
G1 X102.129 Y105.916 E2.18032
G1 X101.989 Y105.157 E2.21062
G1 X102.026 Y104.505 E2.23626
G1 X102.157 Y104 E2.25674
G1 X102.323 Y103.62 E2.27302
G1 X102.737 Y103.027 E2.30142
G1 X103.163 Y102.639 E2.32404
G1 X103.685 Y102.312 E2.34823
G1 X104.294 Y102.101 E2.37354
G1 X104.829 Y102.029 E2.39474
G1 X105.244 Y102.04 E2.41104
G1 X105.95 Y102.197 E2.43944
G1 X106.355 Y102.375 E2.45681
G1 X106.948 Y102.79 E2.48523
G1 X107.014 Y102.861 E2.48904
G1 X107.283 Y103.157 F7800
G92 E0
G1 X105.316 Y98.556
;TYPE:Perimeter
G1 F884.349
G1 X105.567 Y98.569 E.00987
G1 X106.418 Y98.708 E.04373
G1 X106.948 Y98.854 E.06532
G1 X107.462 Y99.046 E.08686
G1 X108.168 Y99.399 E.11785
G1 X108.645 Y99.698 E.13995
G1 X109.071 Y100.022 E.16096
G1 X109.487 Y100.413 E.18338
G1 X109.917 Y100.87 E.20802
G1 X110.276 Y101.357 E.23178
G1 X110.601 Y101.862 E.25536
G1 X110.842 Y102.339 E.27634
G1 X111.051 Y102.859 E.29835
G1 X111.213 Y103.395 E.32034
G1 X111.329 Y103.942 E.3423
G1 X111.418 Y104.989 E.38356
G1 X111.362 Y105.849 E.4174
G1 X111.267 Y106.39 E.43897
G1 X111.123 Y106.931 E.46095
G1 X110.936 Y107.448 E.48254
G1 X110.562 Y108.212 E.51594
G1 X110.092 Y108.921 E.54934
G1 X109.741 Y109.343 E.57089
G1 X109.354 Y109.733 E.59246
G1 X108.685 Y110.276 E.62629
G1 X108.223 Y110.574 E.64788
G1 X107.728 Y110.836 E.66987
G1 X107.212 Y111.054 E.69186
G1 X106.682 Y111.226 E.71374
G1 X106.086 Y111.36 E.73773
G1 X105.59 Y111.429 E.75739
G1 X104.728 Y111.455 E.79125
G1 X104.181 Y111.413 E.81279
G1 X103.639 Y111.323 E.83436
G1 X102.809 Y111.091 E.8682
G1 X102.309 Y110.891 E.88934
G1 X101.548 Y110.486 E.92319
G1 X101.103 Y110.183 E.94433
G1 X100.448 Y109.624 E.97814
G1 X100.071 Y109.224 E.99972
G1 X99.73 Y108.793 E1.0213
G1 X99.278 Y108.073 E1.05468
G1 X98.922 Y107.3 E1.0881
G1 X98.752 Y106.789 E1.10925
G1 X98.581 Y106.001 E1.14091
G1 X98.581 Y103.988 E1.21995
G1 X98.677 Y103.492 E1.23979
G1 X98.831 Y102.953 E1.2618
G1 X99.032 Y102.43 E1.2838
G1 X99.277 Y101.926 E1.3058
G1 X99.563 Y101.448 E1.32767
G1 X99.923 Y100.955 E1.35164
G1 X100.251 Y100.577 E1.37129
G1 X100.883 Y99.989 E1.40518
G1 X101.323 Y99.661 E1.42673
G1 X101.799 Y99.366 E1.44872
G1 X102.299 Y99.113 E1.47072
G1 X102.819 Y98.905 E1.49271
G1 X103.355 Y98.742 E1.51471
G1 X103.903 Y98.627 E1.5367
G1 X104.457 Y98.56 E1.55861
G1 X105.067 Y98.542 E1.58257
G1 X105.257 Y98.552 E1.59004
G1 X105.329 Y98.149 F7800
G1 F884.349
G1 X105.611 Y98.164 E1.60113
G1 X106.505 Y98.309 E1.63669
G1 X107.073 Y98.466 E1.65983
G1 X107.625 Y98.672 E1.68296
G1 X108.435 Y99.078 E1.71854
G1 X108.93 Y99.397 E1.74166
M73 P78 R2
G1 X109.395 Y99.758 E1.76477
M73 Q78 S2
G1 X109.77 Y100.121 E1.78526
G1 X110.302 Y100.696 E1.81602
G1 X110.615 Y101.132 E1.83709
G1 X111.031 Y101.807 E1.86822
G1 X111.255 Y102.272 E1.88849
G1 X111.439 Y102.737 E1.90813
G1 X111.611 Y103.307 E1.93151
G1 X111.733 Y103.89 E1.9549
G1 X111.803 Y104.481 E1.97827
G1 X111.826 Y104.994 E1.99843
G1 X111.767 Y105.898 E2.034
G1 X111.665 Y106.478 E2.05712
G1 X111.512 Y107.053 E2.08048
G1 X111.311 Y107.607 E2.10362
G1 X110.916 Y108.415 E2.13893
G1 X110.419 Y109.164 E2.17422
G1 X110.042 Y109.617 E2.19736
G1 X109.628 Y110.036 E2.22049
G1 X108.924 Y110.606 E2.25606
G1 X108.429 Y110.926 E2.2792
G1 X107.903 Y111.204 E2.30256
G1 X107.354 Y111.436 E2.32596
G1 X106.789 Y111.619 E2.34928
G1 X106.159 Y111.761 E2.37464
G1 X105.625 Y111.835 E2.39581
G1 X104.719 Y111.863 E2.4314
G1 X104.131 Y111.817 E2.45456
G1 X103.55 Y111.721 E2.47768
G1 X102.678 Y111.477 E2.51323
G1 X102.137 Y111.261 E2.5361
G1 X101.338 Y110.835 E2.57165
G1 X100.856 Y110.507 E2.59454
G1 X100.167 Y109.919 E2.63011
G1 X99.763 Y109.491 E2.65322
G1 X99.397 Y109.029 E2.67636
G1 X98.919 Y108.267 E2.71168
G1 X98.543 Y107.45 E2.74699
G1 X98.359 Y106.897 E2.76987
G1 X98.174 Y106.045 E2.8041
G1 X98.174 Y103.948 E2.88644
G1 X98.281 Y103.397 E2.90848
G1 X98.445 Y102.824 E2.93188
G1 X98.658 Y102.268 E2.95526
G1 X98.918 Y101.733 E2.97862
G1 X99.223 Y101.223 E3.00195
G1 X99.604 Y100.701 E3.02732
G1 X99.958 Y100.294 E3.0485
G1 X100.621 Y99.676 E3.08409
G1 X101.093 Y99.324 E3.10721
G1 X101.6 Y99.01 E3.13063
G1 X102.131 Y98.742 E3.15398
G1 X102.684 Y98.52 E3.17738
G1 X103.254 Y98.348 E3.20076
G1 X103.837 Y98.225 E3.22416
G1 X104.426 Y98.153 E3.24746
G1 X105.072 Y98.134 E3.27284
G1 X105.269 Y98.145 E3.28059
G1 X105.342 Y97.742 F7800
;TYPE:External perimeter
G1 F884.349
G1 X105.655 Y97.759 E3.2929
G1 X106.593 Y97.911 E3.33021
G1 X107.198 Y98.079 E3.35486
G1 X107.788 Y98.298 E3.37957
G1 X108.637 Y98.724 E3.41687
G1 X109.165 Y99.065 E3.44155
G1 X109.662 Y99.45 E3.46623
G1 X110.261 Y100.03 E3.49897
G1 X110.615 Y100.435 E3.52009
G1 X110.955 Y100.907 E3.54293
G1 X111.393 Y101.62 E3.57579
G1 X111.631 Y102.117 E3.59743
G1 X111.828 Y102.616 E3.61849
G1 X112.043 Y103.375 E3.64946
G1 X112.152 Y103.954 E3.67259
G1 X112.21 Y104.463 E3.6927
G1 X112.233 Y104.998 E3.71373
G1 X112.171 Y105.946 E3.75103
G1 X112.063 Y106.565 E3.7757
G1 X111.901 Y107.175 E3.80048
G1 X111.687 Y107.766 E3.82516
G1 X111.27 Y108.618 E3.86241
G1 X110.746 Y109.408 E3.89963
G1 X110.344 Y109.891 E3.9243
G1 X109.901 Y110.338 E3.94901
G1 X109.163 Y110.936 E3.98631
G1 X108.635 Y111.277 E4.01099
G1 X108.078 Y111.572 E4.03574
G1 X107.496 Y111.818 E4.06055
G1 X106.897 Y112.012 E4.08527
G1 X106.232 Y112.162 E4.11204
G1 X105.659 Y112.241 E4.13475
G1 X104.709 Y112.27 E4.17207
G1 X104.082 Y112.222 E4.19676
G1 X103.462 Y112.119 E4.22144
G1 X102.547 Y111.863 E4.25875
G1 X101.965 Y111.63 E4.28337
G1 X101.127 Y111.184 E4.32064
G1 X100.609 Y110.831 E4.34525
G1 X99.886 Y110.214 E4.38257
G1 X99.455 Y109.757 E4.40724
G1 X99.064 Y109.264 E4.43195
G1 X98.56 Y108.461 E4.46918
G1 X98.164 Y107.6 E4.50639
G1 X97.966 Y107.005 E4.53101
G1 X97.766 Y106.089 E4.56782
G1 X97.766 Y103.909 E4.65342
G1 X97.885 Y103.302 E4.67771
G1 X98.058 Y102.695 E4.70249
G1 X98.284 Y102.106 E4.72726
G1 X98.56 Y101.539 E4.75202
G1 X98.884 Y100.998 E4.77678
G1 X99.285 Y100.447 E4.80354
G1 X99.665 Y100.01 E4.82628
G1 X100.36 Y99.363 E4.86356
G1 X100.864 Y98.987 E4.88825
G1 X101.4 Y98.655 E4.91301
G1 X101.963 Y98.37 E4.93779
G1 X102.549 Y98.136 E4.96257
G1 X103.153 Y97.953 E4.98735
G1 X103.77 Y97.823 E5.01211
G1 X104.396 Y97.747 E5.03687
G1 X105.077 Y97.727 E5.06362
G1 X105.282 Y97.738 E5.07168
G1 X105.681 Y97.768 F7800
;LAYER_CHANGE
;Z:7.35
;HEIGHT:0.2
G92 E0
G1 Z7.35 F7800
G1 X107.633 Y102.326
;TYPE:Perimeter
G1 F884.349
G1 X107.939 Y102.662 E.01784
G1 X108.263 Y103.174 E.04163
G1 X108.442 Y103.526 E.05714
G1 X108.662 Y104.232 E.08618
G1 X108.712 Y104.612 E.10123
G1 X108.736 Y105.199 E.1243
G1 X108.636 Y105.809 E.14857
G1 X108.489 Y106.37 E.17134
G1 X108.209 Y106.939 E.19624
G1 X107.809 Y107.492 E.22304
G1 X107.444 Y107.858 E.24334
G1 X106.82 Y108.279 E.2729
G1 X106.475 Y108.469 E.28836
G1 X105.974 Y108.649 E.30926
G1 X105.46 Y108.756 E.32987
G1 X104.763 Y108.764 E.35724
G1 X104.381 Y108.743 E.37226
G1 X103.849 Y108.616 E.39374
G1 X103.167 Y108.331 E.42276
M73 P79 R2
G1 X102.704 Y108.044 E.44415
M73 Q79 S2
G1 X102.332 Y107.698 E.4641
G1 X101.952 Y107.306 E.48554
G1 X101.603 Y106.743 E.51155
G1 X101.441 Y106.375 E.52734
G1 X101.258 Y105.816 E.55044
G1 X101.181 Y105.254 E.57271
G1 X101.214 Y104.452 E.60423
G1 X101.371 Y103.789 E.63098
G1 X101.569 Y103.311 E.65129
G1 X102.066 Y102.565 E.68649
G1 X102.244 Y102.363 E.69706
G1 X102.698 Y101.964 E.72079
G1 X103.125 Y101.696 E.74058
G1 X103.746 Y101.412 E.76739
G1 X104.353 Y101.284 E.79175
G1 X104.877 Y101.213 E.81251
G1 X105.42 Y101.245 E.83387
G1 X106.126 Y101.402 E.86227
G1 X106.648 Y101.61 E.88433
G1 X107.142 Y101.932 E.90748
G1 X107.581 Y102.269 E.92921
G1 X107.592 Y102.281 E.92985
G1 X107.338 Y102.62 F7800
G1 F884.349
G1 X107.607 Y102.9 E.9451
G1 X107.915 Y103.385 E.96766
G1 X108.053 Y103.647 E.97929
G1 X108.273 Y104.353 E1.00833
G1 X108.323 Y105.047 E1.03565
G1 X108.316 Y105.373 E1.04845
G1 X108.159 Y106.08 E1.07689
G1 X107.844 Y106.759 E1.10628
G1 X107.486 Y107.244 E1.12995
G1 X107.125 Y107.597 E1.14977
G1 X106.337 Y108.086 E1.18618
G1 X105.849 Y108.262 E1.20655
G1 X105.339 Y108.358 E1.22693
G1 X104.765 Y108.357 E1.24947
G1 X104.272 Y108.306 E1.26893
G1 X103.915 Y108.203 E1.28352
G1 X103.324 Y107.956 E1.30867
G1 X102.875 Y107.663 E1.32972
G1 X102.327 Y107.114 E1.36018
G1 X101.952 Y106.533 E1.38733
G1 X101.7 Y105.872 E1.41511
G1 X101.584 Y105.201 E1.44185
G1 X101.62 Y104.479 E1.47023
G1 X101.764 Y103.894 E1.49389
G1 X101.941 Y103.475 E1.51175
G1 X102.4 Y102.799 E1.54383
G1 X102.895 Y102.333 E1.57052
G1 X103.328 Y102.048 E1.59087
G1 X103.894 Y101.792 E1.61526
G1 X104.423 Y101.686 E1.63644
G1 X105.001 Y101.624 E1.65927
G1 X105.332 Y101.643 E1.67229
G1 X106.038 Y101.799 E1.70068
G1 X106.512 Y101.996 E1.72083
G1 X107.181 Y102.456 E1.75271
G1 X107.297 Y102.577 E1.75929
G1 X107.054 Y102.904 F7800
;TYPE:External perimeter
G1 F884.349
G1 X107.307 Y103.175 E1.77385
G1 X107.644 Y103.723 E1.79911
G1 X107.839 Y104.327 E1.82403
G1 X107.899 Y104.646 E1.83678
G1 X107.923 Y105.233 E1.85985
G1 X107.762 Y105.992 E1.89031
G1 X107.478 Y106.579 E1.91591
G1 X107.164 Y106.996 E1.93641
G1 X106.735 Y107.367 E1.95868
G1 X106.239 Y107.684 E1.98179
G1 X105.73 Y107.872 E2.0031
G1 X105.32 Y107.951 E2.01949
G1 X104.581 Y107.949 E2.04851
G1 X104.072 Y107.827 E2.06906
G1 X103.481 Y107.58 E2.09421
G1 X103.127 Y107.342 E2.11096
G1 X102.606 Y106.818 E2.13997
G1 X102.3 Y106.322 E2.16285
G1 X102.086 Y105.741 E2.18716
G1 X101.988 Y105.148 E2.21076
G1 X102.026 Y104.505 E2.23605
G1 X102.157 Y104 E2.25653
G1 X102.314 Y103.639 E2.27199
G1 X102.733 Y103.032 E2.30095
G1 X103.163 Y102.639 E2.32382
G1 X103.685 Y102.312 E2.34801
G1 X104.09 Y102.156 E2.36505
G1 X104.818 Y102.03 E2.39406
G1 X105.244 Y102.04 E2.41079
G1 X105.95 Y102.197 E2.43919
G1 X106.355 Y102.375 E2.45656
G1 X106.948 Y102.79 E2.48498
G1 X107.013 Y102.86 E2.48873
G1 X107.283 Y103.156 F7800
G92 E0
G1 X105.316 Y98.556
;TYPE:Perimeter
G1 F884.349
G1 X105.567 Y98.569 E.00987
G1 X106.418 Y98.708 E.04373
G1 X106.948 Y98.854 E.06532
G1 X107.462 Y99.046 E.08686
G1 X108.168 Y99.399 E.11785
G1 X108.645 Y99.698 E.13995
G1 X109.071 Y100.022 E.16096
G1 X109.487 Y100.413 E.18338
G1 X109.917 Y100.87 E.20802
G1 X110.276 Y101.357 E.23178
G1 X110.601 Y101.862 E.25536
G1 X110.842 Y102.339 E.27634
G1 X111.051 Y102.859 E.29835
G1 X111.213 Y103.395 E.32034
G1 X111.329 Y103.942 E.3423
G1 X111.418 Y104.989 E.38356
G1 X111.362 Y105.849 E.4174
G1 X111.267 Y106.39 E.43897
G1 X111.123 Y106.931 E.46095
G1 X110.936 Y107.448 E.48254
G1 X110.562 Y108.212 E.51594
G1 X110.092 Y108.921 E.54934
G1 X109.741 Y109.343 E.57089
G1 X109.354 Y109.733 E.59246
G1 X108.685 Y110.276 E.62629
G1 X108.223 Y110.574 E.64788
G1 X107.728 Y110.836 E.66987
G1 X107.212 Y111.054 E.69186
G1 X106.681 Y111.226 E.71378
G1 X106.094 Y111.359 E.73741
G1 X105.59 Y111.429 E.75739
G1 X104.728 Y111.455 E.79125
G1 X104.181 Y111.413 E.81279
G1 X103.639 Y111.323 E.83436
G1 X102.809 Y111.091 E.8682
G1 X102.309 Y110.891 E.88934
G1 X101.548 Y110.486 E.92319
G1 X101.104 Y110.183 E.9443
G1 X100.448 Y109.624 E.97814
G1 X100.071 Y109.224 E.99972
G1 X99.73 Y108.793 E1.0213
G1 X99.278 Y108.073 E1.05468
G1 X98.922 Y107.3 E1.0881
G1 X98.752 Y106.789 E1.10925
G1 X98.581 Y106.001 E1.14091
G1 X98.581 Y103.988 E1.21995
G1 X98.677 Y103.492 E1.23979
G1 X98.831 Y102.953 E1.2618
G1 X99.032 Y102.43 E1.2838
G1 X99.277 Y101.926 E1.3058
G1 X99.563 Y101.448 E1.32767
G1 X99.918 Y100.961 E1.35133
G1 X100.251 Y100.577 E1.37129
G1 X100.883 Y99.989 E1.40518
G1 X101.323 Y99.661 E1.42673
G1 X101.799 Y99.366 E1.44872
G1 X102.299 Y99.113 E1.47072
G1 X102.819 Y98.905 E1.49271
G1 X103.355 Y98.742 E1.51471
G1 X103.903 Y98.627 E1.5367
G1 X104.457 Y98.56 E1.55861
G1 X105.059 Y98.542 E1.58226
G1 X105.257 Y98.552 E1.59004
G1 X105.329 Y98.149 F7800
G1 F884.349
G1 X105.611 Y98.164 E1.60113
G1 X106.505 Y98.309 E1.63669
G1 X107.073 Y98.466 E1.65983
G1 X107.625 Y98.672 E1.68296
M73 P80 R2
M73 Q80 S2
G1 X108.435 Y99.078 E1.71854
G1 X108.93 Y99.397 E1.74166
G1 X109.395 Y99.758 E1.76477
G1 X109.77 Y100.121 E1.78526
G1 X110.302 Y100.696 E1.81602
G1 X110.615 Y101.132 E1.83709
G1 X111.031 Y101.807 E1.86822
G1 X111.255 Y102.272 E1.88849
G1 X111.439 Y102.737 E1.90813
G1 X111.611 Y103.307 E1.93151
G1 X111.733 Y103.89 E1.9549
G1 X111.803 Y104.481 E1.97827
G1 X111.826 Y104.994 E1.99843
G1 X111.767 Y105.898 E2.034
G1 X111.665 Y106.478 E2.05712
G1 X111.512 Y107.053 E2.08048
G1 X111.311 Y107.607 E2.10362
G1 X110.916 Y108.415 E2.13893
G1 X110.419 Y109.164 E2.17422
G1 X110.042 Y109.617 E2.19736
G1 X109.628 Y110.036 E2.22049
G1 X108.924 Y110.606 E2.25606
G1 X108.429 Y110.926 E2.2792
G1 X107.903 Y111.204 E2.30256
G1 X107.354 Y111.436 E2.32596
G1 X106.789 Y111.619 E2.34928
G1 X106.167 Y111.759 E2.37431
G1 X105.624 Y111.835 E2.39584
G1 X104.719 Y111.863 E2.43139
G1 X104.131 Y111.817 E2.45455
G1 X103.55 Y111.721 E2.47767
G1 X102.678 Y111.477 E2.51322
G1 X102.137 Y111.261 E2.53609
G1 X101.338 Y110.835 E2.57164
G1 X100.856 Y110.507 E2.59453
G1 X100.167 Y109.919 E2.6301
G1 X99.763 Y109.491 E2.65321
G1 X99.397 Y109.029 E2.67635
G1 X98.919 Y108.267 E2.71167
G1 X98.543 Y107.45 E2.74698
G1 X98.359 Y106.897 E2.76986
G1 X98.174 Y106.045 E2.80409
G1 X98.174 Y103.948 E2.88643
G1 X98.281 Y103.397 E2.90847
G1 X98.445 Y102.824 E2.93187
G1 X98.658 Y102.268 E2.95525
G1 X98.918 Y101.733 E2.97861
G1 X99.223 Y101.223 E3.00194
G1 X99.599 Y100.707 E3.02701
G1 X99.958 Y100.294 E3.0485
G1 X100.621 Y99.676 E3.08409
G1 X101.093 Y99.324 E3.10721
G1 X101.6 Y99.01 E3.13063
G1 X102.131 Y98.742 E3.15398
G1 X102.684 Y98.52 E3.17738
G1 X103.254 Y98.348 E3.20076
G1 X103.837 Y98.225 E3.22416
G1 X104.427 Y98.153 E3.2475
G1 X105.064 Y98.134 E3.27252
G1 X105.269 Y98.145 E3.28058
G1 X105.342 Y97.742 F7800
;TYPE:External perimeter
G1 F884.349
G1 X105.655 Y97.759 E3.29289
G1 X106.593 Y97.911 E3.3302
G1 X107.198 Y98.079 E3.35485
G1 X107.788 Y98.298 E3.37956
G1 X108.637 Y98.724 E3.41686
G1 X109.165 Y99.065 E3.44154
G1 X109.662 Y99.45 E3.46622
G1 X110.261 Y100.03 E3.49896
G1 X110.615 Y100.435 E3.52008
G1 X110.955 Y100.907 E3.54292
G1 X111.393 Y101.62 E3.57578
G1 X111.631 Y102.117 E3.59742
G1 X111.828 Y102.616 E3.61848
G1 X112.042 Y103.371 E3.64929
G1 X112.151 Y103.951 E3.67246
G1 X112.21 Y104.463 E3.6927
G1 X112.233 Y104.998 E3.71373
G1 X112.171 Y105.946 E3.75103
G1 X112.063 Y106.565 E3.7757
G1 X111.901 Y107.175 E3.80048
G1 X111.687 Y107.766 E3.82516
G1 X111.27 Y108.618 E3.86241
G1 X110.746 Y109.408 E3.89963
G1 X110.344 Y109.891 E3.9243
G1 X109.901 Y110.338 E3.94901
G1 X109.163 Y110.936 E3.98631
G1 X108.635 Y111.277 E4.01099
G1 X108.078 Y111.572 E4.03574
G1 X107.496 Y111.818 E4.06055
G1 X106.897 Y112.012 E4.08527
G1 X106.24 Y112.16 E4.11171
G1 X105.659 Y112.241 E4.13474
G1 X104.709 Y112.27 E4.17206
G1 X104.082 Y112.222 E4.19675
G1 X103.462 Y112.119 E4.22143
G1 X102.547 Y111.863 E4.25874
G1 X101.965 Y111.63 E4.28336
G1 X101.127 Y111.184 E4.32063
G1 X100.609 Y110.831 E4.34524
G1 X99.886 Y110.214 E4.38256
G1 X99.455 Y109.757 E4.40723
G1 X99.064 Y109.264 E4.43194
G1 X98.56 Y108.461 E4.46917
G1 X98.164 Y107.6 E4.50638
G1 X97.966 Y107.005 E4.531
G1 X97.766 Y106.089 E4.56781
G1 X97.766 Y103.909 E4.65341
G1 X97.885 Y103.302 E4.6777
G1 X98.058 Y102.695 E4.70248
G1 X98.284 Y102.106 E4.72725
G1 X98.56 Y101.539 E4.75201
G1 X98.884 Y100.998 E4.77677
G1 X99.28 Y100.454 E4.80319
G1 X99.665 Y100.01 E4.82626
G1 X100.36 Y99.363 E4.86354
G1 X100.864 Y98.987 E4.88823
G1 X101.4 Y98.655 E4.91299
G1 X101.963 Y98.37 E4.93777
G1 X102.549 Y98.136 E4.96255
G1 X103.153 Y97.953 E4.98733
G1 X103.77 Y97.823 E5.01209
G1 X104.396 Y97.747 E5.03685
G1 X105.069 Y97.727 E5.06329
G1 X105.282 Y97.738 E5.07166
G1 X105.681 Y97.768 F7800
G1 X104.873 Y98.975
;TYPE:Internal infill
;WIDTH:0.45
;HEIGHT:0.4
G1 F494.289
G1 X104.87 Y98.856 E5.08002
G1 X105.108 Y98.85 E5.09674
G1 X106.353 Y99.006 E5.18488
G1 X107.34 Y99.326 E5.25777
G1 X108.081 Y99.697 E5.31598
G1 X108.517 Y99.979 E5.35246
G1 X109.137 Y100.5 E5.40935
G1 X109.03 Y100.836 E5.43412
G1 X110.204 Y102.115 E5.55608
G92 E0
G1 X110.532 Y104.608 F7800
M73 P81 R2
M73 Q81 S2
G1 F494.289
G1 X111.095 Y104.583 E.03959
G1 X111.058 Y105.813 E.12604
G1 X110.831 Y106.84 E.19993
G1 X110.728 Y107.127 E.22135
G1 X110.565 Y107.068 E.23353
G1 X109.371 Y108.773 E.37975
G1 X107.135 Y108.683 E.53696
G92 E0
G1 X101.998 Y108.888 F7800
G1 F494.289
G1 X100.229 Y108.636 E.12553
G1 X100.085 Y108.749 E.13839
G1 X99.98 Y108.617 E.15024
G1 X99.547 Y107.927 E.20747
G1 X99.047 Y106.708 E.30003
G1 X98.886 Y105.968 E.35323
G1 X98.886 Y104.017 E.49029
G1 X99.121 Y103.05 E.5602
G1 X99.546 Y102.072 E.63511
G1 X99.818 Y101.617 E.67235
G1 X100.471 Y100.789 E.74643
G1 X100.596 Y100.673 E.75841
G1 X101.131 Y101.248 E.81358
G1 X102.349 Y100.033 E.93444
G1 X100.972 Y101.376 F7800
G1 F494.289
G1 X99.57 Y102.5 E1.06067
;LAYER_CHANGE
;Z:7.55
;HEIGHT:0.2
G92 E0
G1 Z7.55 F7800
G1 X107.633 Y102.326
;TYPE:Perimeter
;WIDTH:0.449999
G1 F884.349
G1 X107.939 Y102.662 E.01784
G1 X108.263 Y103.174 E.04163
G1 X108.428 Y103.484 E.05542
G1 X108.61 Y103.991 E.07657
G1 X108.715 Y104.506 E.09721
G1 X108.737 Y105.219 E.12522
G1 X108.636 Y105.809 E.14872
G1 X108.489 Y106.37 E.17149
G1 X108.209 Y106.939 E.19639
G1 X107.809 Y107.492 E.22319
G1 X107.444 Y107.858 E.24349
G1 X106.82 Y108.279 E.27305
G1 X106.475 Y108.469 E.28851
G1 X105.977 Y108.648 E.30929
G1 X105.275 Y108.768 E.33725
G1 X104.847 Y108.773 E.35406
G1 X104.311 Y108.733 E.37516
G1 X103.747 Y108.587 E.39804
G1 X103.143 Y108.323 E.42392
G1 X102.713 Y108.032 E.44431
G1 X102.321 Y107.715 E.4641
G1 X101.923 Y107.261 E.48781
G1 X101.604 Y106.748 E.51153
G1 X101.38 Y106.194 E.53499
G1 X101.241 Y105.711 E.55472
G1 X101.172 Y105.121 E.57804
G1 X101.214 Y104.452 E.60436
G1 X101.371 Y103.789 E.63111
G1 X101.569 Y103.311 E.65142
G1 X102.081 Y102.544 E.68763
G1 X102.607 Y102.044 E.71613
G1 X102.86 Y101.848 E.7287
G1 X103.328 Y101.58 E.74988
G1 X103.83 Y101.383 E.77105
G1 X104.354 Y101.284 E.79199
G1 X104.874 Y101.213 E.8126
G1 X105.42 Y101.245 E.83408
G1 X106.126 Y101.402 E.86248
G1 X106.648 Y101.61 E.88454
G1 X107.142 Y101.932 E.90769
G1 X107.581 Y102.269 E.92942
G1 X107.592 Y102.281 E.93006
G1 X107.338 Y102.62 F7800
G1 F884.349
G1 X107.607 Y102.9 E.94531
G1 X107.915 Y103.385 E.96787
G1 X108.128 Y103.852 E.98802
G1 X108.292 Y104.453 E1.01248
G1 X108.325 Y105.013 E1.03451
G1 X108.316 Y105.373 E1.04865
G1 X108.159 Y106.08 E1.07709
G1 X107.844 Y106.759 E1.10648
G1 X107.486 Y107.244 E1.13015
G1 X107.125 Y107.597 E1.14997
G1 X106.337 Y108.086 E1.18638
G1 X105.852 Y108.261 E1.20663
G1 X105.214 Y108.366 E1.23202
G1 X104.456 Y108.34 E1.2618
G1 X103.853 Y108.194 E1.28616
G1 X103.315 Y107.954 E1.30929
G1 X102.725 Y107.536 E1.33768
G1 X102.229 Y106.992 E1.36659
G1 X101.957 Y106.544 E1.38717
G1 X101.765 Y106.063 E1.40751
G1 X101.644 Y105.658 E1.42411
G1 X101.579 Y105.121 E1.44535
G1 X101.62 Y104.479 E1.47061
G1 X101.764 Y103.894 E1.49427
G1 X101.972 Y103.413 E1.51485
G1 X102.415 Y102.778 E1.54525
G1 X102.876 Y102.35 E1.56995
G1 X103.328 Y102.048 E1.59129
G1 X103.894 Y101.792 E1.61568
G1 X104.424 Y101.685 E1.63691
G1 X104.995 Y101.623 E1.65946
G1 X105.332 Y101.643 E1.67272
G1 X106.038 Y101.799 E1.70111
G1 X106.512 Y101.996 E1.72126
G1 X107.181 Y102.456 E1.75314
G1 X107.297 Y102.577 E1.75972
G1 X107.054 Y102.904 F7800
;TYPE:External perimeter
G1 F884.349
G1 X107.307 Y103.175 E1.77428
G1 X107.644 Y103.723 E1.79954
G1 X107.83 Y104.226 E1.8206
G1 X107.91 Y104.634 E1.83692
G1 X107.923 Y105.237 E1.8606
G1 X107.762 Y105.992 E1.89091
G1 X107.478 Y106.579 E1.91651
M73 P82 R2
M73 Q82 S2
G1 X107.164 Y106.996 E1.93701
G1 X106.735 Y107.367 E1.95928
G1 X106.239 Y107.684 E1.98239
G1 X105.733 Y107.872 E2.00358
G1 X105.153 Y107.964 E2.02664
G1 X104.483 Y107.934 E2.05297
G1 X103.958 Y107.801 E2.07424
G1 X103.487 Y107.585 E2.09459
G1 X102.966 Y107.208 E2.11984
G1 X102.535 Y106.724 E2.14529
G1 X102.271 Y106.273 E2.16581
G1 X102.06 Y105.665 E2.19108
G1 X101.988 Y105.148 E2.21158
M73 P82 R1
G1 X102.026 Y104.505 E2.23687
G1 X102.157 Y104 E2.25735
G1 X102.333 Y103.604 E2.27437
G1 X102.748 Y103.011 E2.30279
G1 X103.144 Y102.656 E2.32367
G1 X103.685 Y102.312 E2.34884
G1 X104.09 Y102.156 E2.36588
G1 X104.815 Y102.03 E2.39477
G1 X105.244 Y102.04 E2.41162
M73 Q82 S1
G1 X105.95 Y102.197 E2.44002
G1 X106.355 Y102.375 E2.45739
G1 X106.948 Y102.79 E2.48581
G1 X107.013 Y102.86 E2.48956
G1 X107.283 Y103.156 F7800
G92 E0
G1 X105.316 Y98.556
;TYPE:Perimeter
G1 F884.349
G1 X105.567 Y98.569 E.00987
G1 X106.418 Y98.708 E.04373
G1 X106.948 Y98.854 E.06532
G1 X107.462 Y99.046 E.08686
G1 X108.168 Y99.399 E.11785
G1 X108.645 Y99.698 E.13995
G1 X109.071 Y100.022 E.16096
G1 X109.487 Y100.413 E.18338
G1 X109.917 Y100.87 E.20802
G1 X110.276 Y101.357 E.23178
G1 X110.601 Y101.862 E.25536
G1 X110.842 Y102.339 E.27634
G1 X111.051 Y102.859 E.29835
G1 X111.213 Y103.394 E.3203
G1 X111.329 Y103.942 E.34229
G1 X111.418 Y104.989 E.38355
G1 X111.362 Y105.849 E.41739
G1 X111.267 Y106.39 E.43896
G1 X111.123 Y106.931 E.46094
G1 X110.936 Y107.448 E.48253
G1 X110.562 Y108.212 E.51593
G1 X110.092 Y108.921 E.54933
G1 X109.741 Y109.343 E.57088
G1 X109.354 Y109.733 E.59245
G1 X108.685 Y110.276 E.62628
G1 X108.223 Y110.574 E.64787
G1 X107.728 Y110.836 E.66986
G1 X107.212 Y111.054 E.69185
G1 X106.681 Y111.226 E.71377
G1 X106.102 Y111.357 E.73708
G1 X105.59 Y111.429 E.75738
G1 X104.728 Y111.455 E.79124
G1 X104.181 Y111.413 E.81278
G1 X103.639 Y111.323 E.83435
G1 X102.809 Y111.091 E.86819
G1 X102.309 Y110.891 E.88933
G1 X101.548 Y110.486 E.92318
G1 X101.103 Y110.183 E.94432
G1 X100.448 Y109.624 E.97813
G1 X100.071 Y109.224 E.99971
G1 X99.73 Y108.793 E1.02129
G1 X99.273 Y108.065 E1.05504
G1 X99.02 Y107.54 E1.07792
G1 X98.832 Y107.049 E1.09856
G1 X98.686 Y106.531 E1.11969
G1 X98.581 Y106.013 E1.14044
G1 X98.581 Y103.988 E1.21995
G1 X98.677 Y103.492 E1.23979
G1 X98.831 Y102.953 E1.2618
G1 X99.031 Y102.432 E1.28371
G1 X99.293 Y101.898 E1.30706
G1 X99.558 Y101.456 E1.3273
G1 X100.079 Y100.768 E1.36119
G1 X100.455 Y100.368 E1.38275
G1 X100.874 Y99.996 E1.40475
G1 X101.323 Y99.661 E1.42675
G1 X101.799 Y99.366 E1.44874
G1 X102.299 Y99.113 E1.47074
G1 X102.819 Y98.905 E1.49273
G1 X103.355 Y98.742 E1.51473
G1 X103.903 Y98.627 E1.53672
G1 X104.458 Y98.56 E1.55867
G1 X105.051 Y98.541 E1.58197
G1 X105.257 Y98.553 E1.59007
G1 X105.329 Y98.149 F7800
G1 F884.349
G1 X105.611 Y98.164 E1.60116
G1 X106.505 Y98.309 E1.63672
G1 X107.073 Y98.466 E1.65986
G1 X107.625 Y98.672 E1.68299
G1 X108.435 Y99.078 E1.71857
G1 X108.93 Y99.397 E1.74169
G1 X109.395 Y99.758 E1.7648
G1 X109.77 Y100.121 E1.78529
G1 X110.302 Y100.696 E1.81605
G1 X110.615 Y101.132 E1.83712
G1 X111.031 Y101.807 E1.86825
G1 X111.294 Y102.368 E1.89258
G1 X111.514 Y102.976 E1.91797
G1 X111.646 Y103.465 E1.93786
G1 X111.741 Y103.957 E1.95753
G1 X111.803 Y104.481 E1.97825
G1 X111.826 Y104.994 E1.99841
G1 X111.767 Y105.898 E2.03398
G1 X111.665 Y106.478 E2.0571
G1 X111.512 Y107.053 E2.08046
G1 X111.311 Y107.607 E2.1036
G1 X110.916 Y108.415 E2.13891
G1 X110.419 Y109.164 E2.1742
G1 X110.042 Y109.617 E2.19734
G1 X109.628 Y110.036 E2.22047
G1 X108.924 Y110.606 E2.25604
G1 X108.429 Y110.926 E2.27918
G1 X107.903 Y111.204 E2.30254
G1 X107.354 Y111.436 E2.32594
G1 X106.789 Y111.619 E2.34926
G1 X106.175 Y111.758 E2.37398
G1 X105.624 Y111.835 E2.39583
G1 X104.719 Y111.863 E2.43138
G1 X104.131 Y111.817 E2.45454
G1 X103.55 Y111.721 E2.47766
G1 X102.678 Y111.477 E2.51321
G1 X102.137 Y111.261 E2.53608
G1 X101.338 Y110.835 E2.57163
G1 X100.856 Y110.507 E2.59452
G1 X100.167 Y109.919 E2.63009
G1 X99.763 Y109.491 E2.6532
G1 X99.397 Y109.029 E2.67634
G1 X98.916 Y108.262 E2.71189
G1 X98.645 Y107.701 E2.73635
G1 X98.445 Y107.177 E2.75837
G1 X98.274 Y106.571 E2.78309
G1 X98.174 Y106.052 E2.80384
G1 X98.174 Y103.948 E2.88645
G1 X98.281 Y103.397 E2.90849
G1 X98.445 Y102.824 E2.93189
G1 X98.658 Y102.269 E2.95523
G1 X98.935 Y101.704 E2.97994
G1 X99.221 Y101.227 E3.00178
G1 X99.767 Y100.505 E3.03732
G1 X100.171 Y100.076 E3.06046
G1 X100.616 Y99.68 E3.08385
G1 X101.093 Y99.324 E3.10722
G1 X101.6 Y99.01 E3.13064
G1 X102.131 Y98.742 E3.15399
G1 X102.684 Y98.52 E3.17739
M73 P83 R1
G1 X103.254 Y98.348 E3.20077
M73 Q83 S1
G1 X103.837 Y98.225 E3.22417
G1 X104.427 Y98.153 E3.24751
G1 X105.056 Y98.134 E3.27222
G1 X105.269 Y98.146 E3.2806
G1 X105.342 Y97.742 F7800
;TYPE:External perimeter
G1 F884.349
G1 X105.655 Y97.759 E3.29291
G1 X106.593 Y97.911 E3.33022
G1 X107.198 Y98.079 E3.35487
G1 X107.788 Y98.298 E3.37958
G1 X108.637 Y98.724 E3.41688
G1 X109.165 Y99.065 E3.44156
G1 X109.662 Y99.45 E3.46624
G1 X110.261 Y100.03 E3.49898
G1 X110.615 Y100.435 E3.5201
G1 X110.955 Y100.907 E3.54294
G1 X111.393 Y101.62 E3.5758
G1 X111.671 Y102.213 E3.60152
G1 X111.902 Y102.854 E3.62827
G1 X112.043 Y103.378 E3.64958
G1 X112.145 Y103.904 E3.67062
G1 X112.21 Y104.463 E3.69272
G1 X112.233 Y104.998 E3.71375
G1 X112.171 Y105.946 E3.75105
G1 X112.063 Y106.565 E3.77572
G1 X111.901 Y107.175 E3.8005
G1 X111.687 Y107.766 E3.82518
G1 X111.27 Y108.618 E3.86243
G1 X110.746 Y109.408 E3.89965
G1 X110.344 Y109.891 E3.92432
G1 X109.901 Y110.338 E3.94903
G1 X109.163 Y110.936 E3.98633
G1 X108.635 Y111.277 E4.01101
G1 X108.078 Y111.572 E4.03576
G1 X107.496 Y111.818 E4.06057
G1 X106.897 Y112.012 E4.08529
G1 X106.248 Y112.159 E4.11142
G1 X105.659 Y112.241 E4.13477
G1 X104.709 Y112.27 E4.17209
G1 X104.082 Y112.222 E4.19678
G1 X103.462 Y112.119 E4.22146
G1 X102.547 Y111.863 E4.25877
G1 X101.965 Y111.63 E4.28339
G1 X101.127 Y111.184 E4.32066
G1 X100.609 Y110.831 E4.34527
G1 X99.886 Y110.214 E4.38259
G1 X99.455 Y109.757 E4.40726
G1 X99.064 Y109.264 E4.43197
G1 X98.559 Y108.46 E4.46925
G1 X98.271 Y107.862 E4.49531
G1 X98.059 Y107.305 E4.51871
G1 X97.878 Y106.665 E4.54482
G1 X97.766 Y106.091 E4.56778
G1 X97.766 Y103.909 E4.65346
G1 X97.885 Y103.302 E4.67775
G1 X98.059 Y102.695 E4.70254
G1 X98.284 Y102.106 E4.7273
G1 X98.577 Y101.509 E4.75341
G1 X98.883 Y100.999 E4.77676
G1 X99.456 Y100.241 E4.81407
G1 X99.887 Y99.784 E4.83874
G1 X100.358 Y99.364 E4.86352
G1 X100.864 Y98.987 E4.8883
G1 X101.4 Y98.655 E4.91306
G1 X101.963 Y98.37 E4.93784
G1 X102.549 Y98.136 E4.96262
G1 X103.153 Y97.953 E4.9874
G1 X103.77 Y97.823 E5.01216
G1 X104.396 Y97.747 E5.03692
G1 X105.061 Y97.727 E5.06304
G1 X105.282 Y97.739 E5.07173
G1 X105.681 Y97.768 F7800
;LAYER_CHANGE
;Z:7.75
;HEIGHT:0.2
G92 E0
G1 Z7.75 F7800
G1 X107.633 Y102.326
;TYPE:Perimeter
G1 F884.349
G1 X107.939 Y102.662 E.01784
G1 X108.263 Y103.174 E.04163
G1 X108.441 Y103.523 E.05701
G1 X108.659 Y104.213 E.08542
G1 X108.711 Y104.616 E.10137
G1 X108.736 Y105.197 E.1242
G1 X108.636 Y105.809 E.14855
G1 X108.489 Y106.37 E.17132
G1 X108.209 Y106.939 E.19622
G1 X107.809 Y107.492 E.22302
G1 X107.444 Y107.858 E.24332
G1 X106.82 Y108.279 E.27288
G1 X106.476 Y108.469 E.28831
G1 X105.98 Y108.648 E.30901
G1 X105.274 Y108.769 E.33713
G1 X104.847 Y108.773 E.3539
G1 X104.289 Y108.73 E.37587
G1 X103.747 Y108.587 E.39788
G1 X103.132 Y108.317 E.42425
G1 X102.705 Y108.044 E.44415
G1 X102.331 Y107.697 E.46418
G1 X101.956 Y107.311 E.48531
G1 X101.603 Y106.742 E.5116
G1 X101.441 Y106.375 E.52735
G1 X101.258 Y105.816 E.55045
G1 X101.181 Y105.254 E.57272
G1 X101.214 Y104.452 E.60424
G1 X101.371 Y103.789 E.63099
G1 X101.569 Y103.311 E.6513
G1 X102.058 Y102.577 E.68593
G1 X102.244 Y102.363 E.69706
G1 X102.698 Y101.964 E.72079
G1 X103.125 Y101.696 E.74058
G1 X103.746 Y101.412 E.76739
G1 X104.355 Y101.284 E.79182
G1 X104.871 Y101.213 E.81227
G1 X105.42 Y101.245 E.83386
G1 X106.126 Y101.402 E.86226
G1 X106.648 Y101.61 E.88432
G1 X107.161 Y101.945 E.90838
G1 X107.581 Y102.269 E.92921
G1 X107.592 Y102.281 E.92985
G1 X107.345 Y102.614 F7800
G1 F884.349
G1 X107.626 Y102.922 E.94622
G1 X107.915 Y103.385 E.96765
G1 X108.053 Y103.645 E.97921
G1 X108.27 Y104.335 E1.00761
G1 X108.322 Y105.051 E1.0358
G1 X108.316 Y105.373 E1.04845
G1 X108.159 Y106.08 E1.07689
G1 X107.844 Y106.759 E1.10628
G1 X107.486 Y107.244 E1.12995
G1 X107.125 Y107.597 E1.14977
G1 X106.337 Y108.086 E1.18618
G1 X105.855 Y108.26 E1.2063
G1 X105.213 Y108.366 E1.23185
G1 X104.481 Y108.342 E1.26061
G1 X103.853 Y108.194 E1.28594
G1 X103.305 Y107.948 E1.30953
G1 X102.875 Y107.663 E1.32979
G1 X102.324 Y107.113 E1.36036
G1 X101.951 Y106.531 E1.3875
G1 X101.7 Y105.872 E1.41519
G1 X101.584 Y105.201 E1.44193
G1 X101.62 Y104.479 E1.47031
G1 X101.764 Y103.894 E1.49397
G1 X101.969 Y103.42 E1.51425
G1 X102.392 Y102.81 E1.5434
G1 X102.895 Y102.333 E1.57062
G1 X103.328 Y102.048 E1.59097
G1 X103.894 Y101.792 E1.61536
G1 X104.425 Y101.685 E1.63663
G1 X104.989 Y101.623 E1.65891
G1 X105.332 Y101.643 E1.6724
G1 X106.038 Y101.799 E1.70079
G1 X106.512 Y101.996 E1.72094
G1 X107.281 Y102.544 E1.75802
G1 X107.304 Y102.569 E1.75935
G1 X107.054 Y102.904 F7800
;TYPE:External perimeter
G1 F884.349
G1 X107.307 Y103.175 E1.77391
G1 X107.644 Y103.723 E1.79917
G1 X107.843 Y104.333 E1.82436
M73 P84 R1
M73 Q84 S1
G1 X107.897 Y104.651 E1.83702
G1 X107.923 Y105.232 E1.85986
G1 X107.762 Y105.992 E1.89036
G1 X107.478 Y106.579 E1.91596
G1 X107.164 Y106.996 E1.93646
G1 X106.735 Y107.367 E1.95873
G1 X106.239 Y107.684 E1.98184
G1 X105.736 Y107.871 E2.00291
G1 X105.152 Y107.964 E2.02613
G1 X104.508 Y107.935 E2.05144
G1 X103.958 Y107.801 E2.07367
G1 X103.478 Y107.58 E2.09442
G1 X103.127 Y107.343 E2.11105
G1 X102.61 Y106.823 E2.13984
G1 X102.299 Y106.321 E2.16303
G1 X102.086 Y105.741 E2.18729
G1 X101.988 Y105.148 E2.21089
G1 X102.026 Y104.505 E2.23618
G1 X102.157 Y104 E2.25666
G1 X102.333 Y103.604 E2.27368
G1 X102.748 Y103.011 E2.3021
G1 X103.163 Y102.639 E2.32398
G1 X103.685 Y102.312 E2.34817
G1 X104.09 Y102.156 E2.36521
G1 X104.812 Y102.03 E2.39399
G1 X105.244 Y102.04 E2.41096
G1 X105.95 Y102.197 E2.43936
G1 X106.355 Y102.375 E2.45673
G1 X106.948 Y102.79 E2.48515
G1 X107.013 Y102.86 E2.4889
G1 X107.283 Y103.156 F7800
G92 E0
G1 X105.316 Y98.556
;TYPE:Perimeter
G1 F884.349
G1 X105.567 Y98.569 E.00987
G1 X106.417 Y98.708 E.04369
G1 X106.971 Y98.862 E.06627
G1 X107.462 Y99.045 E.08684
G1 X108.231 Y99.431 E.12062
G1 X108.666 Y99.713 E.14098
G1 X109.071 Y100.022 E.16098
G1 X109.487 Y100.413 E.1834
G1 X109.917 Y100.87 E.20804
G1 X110.276 Y101.357 E.2318
G1 X110.601 Y101.862 E.25538
G1 X110.842 Y102.339 E.27636
G1 X111.051 Y102.859 E.29837
G1 X111.213 Y103.395 E.32036
G1 X111.329 Y103.942 E.34232
G1 X111.418 Y104.989 E.38358
G1 X111.362 Y105.849 E.41742
G1 X111.267 Y106.39 E.43899
G1 X111.123 Y106.931 E.46097
G1 X110.936 Y107.448 E.48256
G1 X110.562 Y108.212 E.51596
G1 X110.092 Y108.921 E.54936
G1 X109.741 Y109.343 E.57091
G1 X109.354 Y109.733 E.59248
G1 X108.685 Y110.276 E.62631
G1 X108.223 Y110.574 E.6479
G1 X107.728 Y110.836 E.66989
G1 X107.212 Y111.054 E.69188
G1 X106.68 Y111.226 E.71383
G1 X106.109 Y111.356 E.73682
G1 X105.59 Y111.429 E.7574
G1 X104.728 Y111.455 E.79126
G1 X104.191 Y111.414 E.81241
G1 X103.344 Y111.254 E.84626
G1 X102.82 Y111.096 E.86775
G1 X102.277 Y110.876 E.89075
G1 X101.809 Y110.64 E.91133
G1 X101.095 Y110.176 E.94476
G1 X100.448 Y109.624 E.97815
G1 X100.071 Y109.224 E.99973
G1 X99.73 Y108.793 E1.02131
G1 X99.278 Y108.073 E1.05469
G1 X98.922 Y107.3 E1.08811
G1 X98.752 Y106.789 E1.10926
G1 X98.581 Y106.001 E1.14092
G1 X98.581 Y103.988 E1.21996
G1 X98.677 Y103.492 E1.2398
G1 X98.831 Y102.953 E1.26181
G1 X99.032 Y102.43 E1.28381
G1 X99.277 Y101.926 E1.30581
G1 X99.564 Y101.447 E1.32774
G1 X99.908 Y100.973 E1.35074
G1 X100.251 Y100.576 E1.37134
G1 X100.883 Y99.989 E1.40521
G1 X101.323 Y99.661 E1.42676
G1 X101.799 Y99.366 E1.44875
G1 X102.299 Y99.113 E1.47075
G1 X102.819 Y98.905 E1.49274
G1 X103.355 Y98.742 E1.51474
G1 X103.903 Y98.627 E1.53673
G1 X104.458 Y98.56 E1.55868
G1 X105.044 Y98.541 E1.5817
G1 X105.256 Y98.553 E1.59004
G1 X105.329 Y98.149 F7800
G1 F884.349
G1 X105.611 Y98.164 E1.60113
G1 X106.505 Y98.309 E1.63669
G1 X107.097 Y98.475 E1.66083
G1 X107.625 Y98.672 E1.68296
G1 X108.434 Y99.078 E1.7185
G1 X108.95 Y99.412 E1.74263
G1 X109.395 Y99.758 E1.76476
G1 X109.77 Y100.121 E1.78525
G1 X110.302 Y100.696 E1.81601
G1 X110.615 Y101.132 E1.83708
G1 X111.031 Y101.807 E1.86821
G1 X111.255 Y102.272 E1.88848
G1 X111.439 Y102.737 E1.90812
G1 X111.611 Y103.307 E1.9315
G1 X111.733 Y103.89 E1.95489
G1 X111.803 Y104.481 E1.97826
G1 X111.826 Y104.994 E1.99842
G1 X111.767 Y105.898 E2.03399
G1 X111.665 Y106.478 E2.05711
G1 X111.512 Y107.053 E2.08047
G1 X111.311 Y107.607 E2.10361
G1 X110.916 Y108.415 E2.13892
G1 X110.419 Y109.164 E2.17421
G1 X110.042 Y109.617 E2.19735
G1 X109.628 Y110.036 E2.22048
G1 X108.924 Y110.606 E2.25605
G1 X108.429 Y110.926 E2.27919
G1 X107.903 Y111.204 E2.30255
G1 X107.354 Y111.436 E2.32595
G1 X106.789 Y111.619 E2.34927
G1 X106.182 Y111.757 E2.37371
G1 X105.624 Y111.835 E2.39583
G1 X104.719 Y111.863 E2.43138
G1 X104.138 Y111.818 E2.45426
G1 X103.248 Y111.65 E2.48982
G1 X102.685 Y111.48 E2.51291
G1 X102.108 Y111.247 E2.53734
G1 X101.606 Y110.993 E2.55943
G1 X100.851 Y110.503 E2.59477
G1 X100.167 Y109.919 E2.63008
G1 X99.763 Y109.491 E2.65319
G1 X99.397 Y109.029 E2.67633
G1 X98.919 Y108.267 E2.71165
G1 X98.543 Y107.45 E2.74696
G1 X98.359 Y106.897 E2.76984
G1 X98.174 Y106.045 E2.80407
G1 X98.174 Y103.948 E2.88641
G1 X98.281 Y103.397 E2.90845
G1 X98.445 Y102.824 E2.93185
G1 X98.658 Y102.268 E2.95523
G1 X98.918 Y101.733 E2.97859
G1 X99.224 Y101.222 E3.00198
G1 X99.589 Y100.719 E3.02638
G1 X99.958 Y100.293 E3.04851
G1 X100.621 Y99.676 E3.08407
G1 X101.093 Y99.324 E3.10719
M73 P85 R1
M73 Q85 S1
G1 X101.6 Y99.01 E3.13061
G1 X102.131 Y98.742 E3.15396
G1 X102.684 Y98.52 E3.17736
G1 X103.254 Y98.348 E3.20074
G1 X103.837 Y98.225 E3.22414
G1 X104.427 Y98.153 E3.24748
G1 X105.048 Y98.134 E3.27187
G1 X105.269 Y98.146 E3.28056
G1 X105.342 Y97.742 F7800
;TYPE:External perimeter
G1 F884.349
G1 X105.655 Y97.759 E3.29287
G1 X106.592 Y97.911 E3.33014
G1 X107.223 Y98.087 E3.35586
G1 X107.788 Y98.298 E3.37954
G1 X108.637 Y98.724 E3.41684
G1 X109.186 Y99.08 E3.44253
G1 X109.662 Y99.45 E3.4662
G1 X110.261 Y100.03 E3.49894
G1 X110.615 Y100.435 E3.52006
G1 X110.955 Y100.907 E3.5429
G1 X111.393 Y101.62 E3.57576
G1 X111.631 Y102.117 E3.5974
G1 X111.828 Y102.616 E3.61846
G1 X112.037 Y103.348 E3.64835
G1 X112.149 Y103.935 E3.67181
G1 X112.21 Y104.463 E3.69268
G1 X112.233 Y104.998 E3.71371
G1 X112.171 Y105.946 E3.75101
G1 X112.063 Y106.565 E3.77568
G1 X111.901 Y107.175 E3.80046
G1 X111.687 Y107.766 E3.82514
G1 X111.27 Y108.618 E3.86239
G1 X110.746 Y109.408 E3.89961
G1 X110.344 Y109.891 E3.92428
G1 X109.901 Y110.338 E3.94899
G1 X109.163 Y110.936 E3.98629
G1 X108.635 Y111.277 E4.01097
G1 X108.078 Y111.572 E4.03572
G1 X107.496 Y111.818 E4.06053
G1 X106.897 Y112.012 E4.08525
G1 X106.256 Y112.158 E4.11106
G1 X105.659 Y112.241 E4.13473
G1 X104.709 Y112.27 E4.17205
G1 X104.084 Y112.222 E4.19666
G1 X103.151 Y112.046 E4.23394
G1 X102.549 Y111.864 E4.25863
G1 X101.94 Y111.618 E4.28442
G1 X101.402 Y111.346 E4.30809
G1 X100.607 Y110.83 E4.3453
G1 X99.886 Y110.214 E4.38254
G1 X99.455 Y109.757 E4.40721
G1 X99.064 Y109.264 E4.43192
G1 X98.56 Y108.461 E4.46915
G1 X98.164 Y107.6 E4.50636
G1 X97.966 Y107.005 E4.53098
G1 X97.766 Y106.089 E4.56779
G1 X97.766 Y103.909 E4.65339
G1 X97.885 Y103.302 E4.67768
G1 X98.058 Y102.695 E4.70246
G1 X98.284 Y102.106 E4.72723
G1 X98.56 Y101.539 E4.75199
G1 X98.884 Y100.998 E4.77675
G1 X99.27 Y100.466 E4.80256
G1 X99.665 Y100.01 E4.82625
G1 X100.36 Y99.363 E4.86353
G1 X100.864 Y98.987 E4.88822
G1 X101.4 Y98.655 E4.91298
G1 X101.963 Y98.37 E4.93776
G1 X102.549 Y98.136 E4.96254
G1 X103.153 Y97.953 E4.98732
G1 X103.77 Y97.823 E5.01208
G1 X104.396 Y97.747 E5.03684
G1 X105.053 Y97.726 E5.06265
G1 X105.282 Y97.739 E5.07166
G1 X105.681 Y97.768 F7800
G1 X104.882 Y99.375
;TYPE:Internal infill
;WIDTH:0.45
;HEIGHT:0.4
G1 F494.289
G1 X104.87 Y98.855 E5.1082
G1 X105.534 Y98.873 E5.15486
G1 X106.87 Y99.151 E5.25072
G1 X108.08 Y99.697 E5.34398
G1 X109.064 Y100.429 E5.43013
G1 X108.632 Y100.875 E5.47375
G1 X110.507 Y102.375 E5.64243
G92 E0
G1 X110.132 Y104.625 F7800
G1 F494.289
G1 X111.095 Y104.583 E.06771
G1 X111.058 Y105.813 E.15416
G1 X110.783 Y106.975 E.23804
G1 X110.507 Y106.875 E.25866
G1 X106.757 Y108.75 E.55319
G92 E0
G1 X109.382 Y109.125 F7800
G1 F494.289
G1 X110.416 Y107.057 E.16242
G92 E0
G1 X100.757 Y105.375 F7800
G1 F494.289
G1 X100.895 Y105.358 E.00977
G1 X100.968 Y105.918 E.04944
G1 X101.244 Y106.724 E.10929
G1 X101.637 Y107.394 E.16386
G1 X102.225 Y108.049 E.22569
G1 X102.719 Y108.417 E.26896
G1 X102.257 Y109.125 E.32835
G1 X100.007 Y108.375 E.49496
M73 P86 R1
M73 Q86 S1
G92 E0
G1 X104.507 Y111 F7800
G1 F494.289
G1 X104.497 Y111.131 E.00923
G1 X103.562 Y110.985 E.07571
G1 X102.426 Y110.607 E.15982
G1 X101.278 Y109.931 E.25341
G1 X100.659 Y109.402 E.31061
G1 X99.98 Y108.617 E.38352
G1 X99.547 Y107.927 E.44075
G1 X99.237 Y107.253 E.49287
G1 X99.025 Y106.611 E.54037
G1 X98.886 Y105.968 E.58658
G1 X98.886 Y104.017 E.72364
G1 X99.121 Y103.05 E.79355
G1 X99.558 Y102.052 E.87009
G1 X99.812 Y101.626 E.90493
G1 X100.596 Y100.673 E.99162
G1 X101.132 Y101.25 E1.04694
G1 X99.257 Y102.75 E1.21562
G92 E0
G1 X101.276 Y101.106 F7800
G1 F494.289
G1 X102.632 Y99.75 E.13472
;LAYER_CHANGE
;Z:7.95
;HEIGHT:0.2
G92 E0
G1 Z7.95 F7800
G1 X107.623 Y102.336
;TYPE:Perimeter
;WIDTH:0.449999
G1 F884.349
G1 X107.908 Y102.627 E.01599
G1 X108.249 Y103.151 E.04054
G1 X108.442 Y103.525 E.05706
G1 X108.66 Y104.221 E.0857
G1 X108.711 Y104.614 E.10126
G1 X108.736 Y105.198 E.12421
G1 X108.69 Y105.567 E.13881
G1 X108.557 Y106.168 E.16298
G1 X108.299 Y106.756 E.18819
G1 X108.103 Y107.109 E.20404
G1 X107.784 Y107.523 E.22456
G1 X107.348 Y107.936 E.24814
G1 X106.869 Y108.253 E.27069
G1 X106.471 Y108.471 E.28851
G1 X105.947 Y108.658 E.31036
G1 X105.396 Y108.763 E.33238
G1 X104.739 Y108.778 E.35818
G1 X104.222 Y108.694 E.37875
G1 X103.676 Y108.566 E.40077
G1 X103.143 Y108.323 E.42377
G1 X102.713 Y108.032 E.44416
G1 X102.335 Y107.73 E.46316
G1 X101.957 Y107.312 E.48529
G1 X101.576 Y106.698 E.51366
G1 X101.315 Y106.003 E.54281
G1 X101.237 Y105.684 E.5557
G1 X101.172 Y105.121 E.57795
G1 X101.214 Y104.452 E.60427
G1 X101.371 Y103.789 E.63102
G1 X101.569 Y103.311 E.65133
G1 X102.054 Y102.582 E.68571
G1 X102.244 Y102.363 E.69709
G1 X102.698 Y101.964 E.72082
G1 X103.125 Y101.696 E.74061
G1 X103.418 Y101.54 E.75364
G1 X103.936 Y101.357 E.77521
G1 X104.669 Y101.229 E.80443
G1 X105.223 Y101.222 E.82618
G1 X105.839 Y101.338 E.85079
G1 X106.316 Y101.464 E.87016
G1 X106.822 Y101.708 E.89222
G1 X107.415 Y102.123 E.92064
G1 X107.581 Y102.293 E.92997
G1 X107.338 Y102.62 F7800
G1 F884.349
G1 X107.607 Y102.901 E.94524
G1 X107.901 Y103.361 E.96668
G1 X108.053 Y103.646 E.97936
G1 X108.272 Y104.343 E1.00805
G1 X108.324 Y105.075 E1.03686
G1 X108.292 Y105.479 E1.05277
G1 X108.159 Y106.08 E1.07694
G1 X107.934 Y106.576 E1.09833
G1 X107.78 Y106.861 E1.11105
G1 X107.471 Y107.263 E1.13096
G1 X107.073 Y107.636 E1.15238
G1 X106.446 Y108.034 E1.18154
G1 X105.938 Y108.231 E1.20293
G1 X105.44 Y108.347 E1.22301
G1 X104.731 Y108.371 E1.25086
G1 X103.879 Y108.201 E1.28497
G1 X103.315 Y107.954 E1.30915
G1 X102.725 Y107.536 E1.33754
G1 X102.376 Y107.171 E1.35737
G1 X102.066 Y106.721 E1.37883
G1 X101.835 Y106.268 E1.3988
G1 X101.656 Y105.729 E1.4211
G1 X101.584 Y105.201 E1.44202
G1 X101.62 Y104.479 E1.4704
G1 X101.764 Y103.894 E1.49406
G1 X101.969 Y103.42 E1.51434
G1 X102.388 Y102.816 E1.5432
G1 X102.895 Y102.333 E1.57069
G1 X103.328 Y102.048 E1.59104
G1 X103.566 Y101.919 E1.60167
G1 X104.02 Y101.755 E1.62062
G1 X104.739 Y101.63 E1.64927
G1 X105.258 Y101.631 E1.66965
G1 X105.751 Y101.736 E1.68944
G1 X106.249 Y101.879 E1.70978
G1 X106.707 Y102.124 E1.73017
G1 X107.181 Y102.456 E1.75289
G1 X107.297 Y102.577 E1.75947
G1 X107.054 Y102.904 F7800
;TYPE:External perimeter
G1 F884.349
G1 X107.307 Y103.176 E1.77406
G1 X107.645 Y103.724 E1.79934
G1 X107.883 Y104.465 E1.8299
G1 X107.917 Y105.092 E1.85456
G1 X107.895 Y105.391 E1.86633
G1 X107.762 Y105.992 E1.8905
G1 X107.478 Y106.579 E1.9161
G1 X107.163 Y106.996 E1.93662
G1 X106.784 Y107.349 E1.95696
G1 X106.235 Y107.686 E1.98225
G1 X105.746 Y107.868 E2.00274
G1 X105.325 Y107.951 E2.01959
G1 X104.722 Y107.964 E2.04327
G1 X103.967 Y107.803 E2.07358
G1 X103.487 Y107.585 E2.09428
G1 X102.966 Y107.207 E2.11955
G1 X102.606 Y106.819 E2.14033
M73 P87 R1
M73 Q87 S1
G1 X102.273 Y106.277 E2.16531
G1 X102.086 Y105.741 E2.1876
G1 X101.988 Y105.148 E2.2112
G1 X102.026 Y104.505 E2.23649
G1 X102.157 Y104 E2.25697
G1 X102.333 Y103.604 E2.27399
G1 X102.748 Y103.011 E2.30241
G1 X103.163 Y102.639 E2.32429
G1 X103.685 Y102.312 E2.34848
G1 X104.09 Y102.156 E2.36552
G1 X104.809 Y102.03 E2.39418
G1 X105.244 Y102.04 E2.41126
G1 X105.95 Y102.197 E2.43966
G1 X106.355 Y102.375 E2.45703
G1 X106.948 Y102.79 E2.48545
G1 X107.013 Y102.86 E2.4892
G1 X107.282 Y103.157 F7800
G92 E0
G1 X105.316 Y98.558
;TYPE:Perimeter
G1 F884.349
G1 X105.396 Y98.56 E.00314
G1 X105.923 Y98.627 E.024
G1 X106.489 Y98.727 E.04657
G1 X107.002 Y98.874 E.06752
G1 X107.525 Y99.074 E.08951
G1 X108.029 Y99.319 E.11151
G1 X108.511 Y99.611 E.13364
G1 X109.198 Y100.13 E.16745
G1 X109.587 Y100.497 E.18845
G1 X109.964 Y100.92 E.2107
G1 X110.307 Y101.383 E.23332
G1 X110.744 Y102.137 E.26754
G1 X110.958 Y102.645 E.28918
G1 X111.143 Y103.154 E.31044
G1 X111.332 Y103.968 E.34325
G1 X111.397 Y104.499 E.36426
G1 X111.416 Y105.058 E.38622
G1 X111.394 Y105.56 E.40595
G1 X111.323 Y106.104 E.42749
G1 X111.119 Y106.942 E.46135
G1 X110.932 Y107.458 E.4829
G1 X110.697 Y107.966 E.50488
G1 X110.418 Y108.452 E.52688
G1 X110.099 Y108.912 E.54886
G1 X109.747 Y109.335 E.57047
G1 X109.128 Y109.934 E.60429
G1 X108.694 Y110.27 E.62584
G1 X108.233 Y110.568 E.64739
G1 X107.462 Y110.954 E.68125
G1 X106.948 Y111.146 E.70279
G1 X106.408 Y111.295 E.72479
G1 X105.867 Y111.395 E.74639
G1 X105.019 Y111.458 E.77978
G1 X104.17 Y111.411 E.81317
G1 X103.639 Y111.323 E.8343
G1 X102.809 Y111.091 E.86814
G1 X102.309 Y110.891 E.88928
G1 X101.548 Y110.486 E.92313
G1 X101.103 Y110.183 E.94427
G1 X100.448 Y109.624 E.97808
G1 X100.072 Y109.225 E.99961
G1 X99.714 Y108.771 E1.02231
G1 X99.415 Y108.317 E1.04365
G1 X99.149 Y107.825 E1.06561
G1 X98.926 Y107.31 E1.08765
G1 X98.752 Y106.789 E1.10922
G1 X98.581 Y106.001 E1.14088
G1 X98.581 Y103.988 E1.21992
G1 X98.693 Y103.436 E1.24204
G1 X98.852 Y102.899 E1.26403
G1 X99.057 Y102.378 E1.28601
G1 X99.336 Y101.827 E1.31026
G1 X99.599 Y101.398 E1.33002
G1 X99.971 Y100.9 E1.35443
G1 X100.457 Y100.385 E1.38223
G1 X100.941 Y99.945 E1.40791
G1 X101.372 Y99.63 E1.42887
G1 X101.851 Y99.339 E1.45088
G1 X102.416 Y99.066 E1.47552
G1 X102.884 Y98.885 E1.49522
G1 X103.443 Y98.724 E1.51806
G1 X104.277 Y98.582 E1.55128
G1 X104.854 Y98.547 E1.57398
G1 X105.256 Y98.557 E1.58977
G1 X105.329 Y98.149 F7800
G1 F884.349
G1 X105.611 Y98.164 E1.60086
G1 X106.505 Y98.309 E1.63642
G1 X107.073 Y98.466 E1.65956
G1 X107.631 Y98.674 E1.68294
G1 X108.169 Y98.929 E1.70632
G1 X108.677 Y99.227 E1.72945
G1 X109.405 Y99.767 E1.76504
G1 X109.837 Y100.167 E1.78816
G1 X110.238 Y100.608 E1.81156
G1 X110.598 Y101.082 E1.83493
G1 X110.917 Y101.585 E1.85832
G1 X111.187 Y102.108 E1.88143
G1 X111.47 Y102.841 E1.91228
G1 X111.736 Y103.915 E1.95572
G1 X111.803 Y104.481 E1.9781
G1 X111.823 Y105.076 E2.00148
G1 X111.8 Y105.595 E2.02188
G1 X111.724 Y106.179 E2.045
G1 X111.51 Y107.059 E2.08056
G1 X111.309 Y107.613 E2.1037
G1 X111.059 Y108.153 E2.12706
G1 X110.763 Y108.67 E2.15045
G1 X110.423 Y109.159 E2.17384
G1 X110.046 Y109.612 E2.19698
G1 X109.395 Y110.242 E2.23255
G1 X108.93 Y110.603 E2.25566
G1 X108.435 Y110.922 E2.27878
G1 X107.625 Y111.328 E2.31436
G1 X107.073 Y111.534 E2.33749
G1 X106.499 Y111.692 E2.36087
G1 X105.92 Y111.799 E2.38399
G1 X105.023 Y111.866 E2.41931
G1 X104.125 Y111.816 E2.45462
G1 X103.55 Y111.721 E2.4775
G1 X102.678 Y111.477 E2.51305
G1 X102.137 Y111.261 E2.53592
G1 X101.338 Y110.835 E2.57147
G1 X100.856 Y110.507 E2.59436
G1 X100.167 Y109.919 E2.62993
G1 X99.763 Y109.491 E2.65304
G1 X99.383 Y109.009 E2.67714
G1 X99.066 Y108.526 E2.69982
G1 X98.782 Y108.003 E2.72319
G1 X98.545 Y107.456 E2.7466
G1 X98.359 Y106.897 E2.76973
G1 X98.174 Y106.045 E2.80396
G1 X98.174 Y103.948 E2.8863
G1 X98.281 Y103.397 E2.90834
G1 X98.445 Y102.824 E2.93174
G1 X98.658 Y102.268 E2.95512
G1 X98.918 Y101.733 E2.97848
G1 X99.224 Y101.222 E3.00187
G1 X99.584 Y100.725 E3.02597
G1 X99.958 Y100.293 E3.04841
G1 X100.621 Y99.676 E3.08397
G1 X101.093 Y99.324 E3.10709
G1 X101.6 Y99.01 E3.13051
G1 X102.131 Y98.742 E3.15386
G1 X102.684 Y98.52 E3.17726
G1 X103.254 Y98.348 E3.20064
G1 X103.837 Y98.225 E3.22404
G1 X104.427 Y98.153 E3.24738
G1 X105.041 Y98.134 E3.2715
G1 X105.269 Y98.146 E3.28046
G1 X105.342 Y97.742 F7800
;TYPE:External perimeter
G1 F884.349
G1 X105.655 Y97.759 E3.29277
G1 X106.593 Y97.911 E3.33008
G1 X107.198 Y98.079 E3.35473
G1 X107.79 Y98.299 E3.37953
G1 X108.36 Y98.569 E3.40429
M73 P88 R1
M73 Q88 S1
G1 X108.902 Y98.887 E3.42896
G1 X109.665 Y99.453 E3.46626
G1 X110.127 Y99.88 E3.49096
G1 X110.551 Y100.347 E3.51573
G1 X110.933 Y100.849 E3.5405
G1 X111.27 Y101.382 E3.56526
G1 X111.559 Y101.941 E3.58997
G1 X111.9 Y102.825 E3.62717
G1 X112.15 Y103.942 E3.67211
G1 X112.21 Y104.463 E3.6927
G1 X112.229 Y105.094 E3.71749
G1 X112.206 Y105.63 E3.73856
G1 X112.124 Y106.254 E3.76327
G1 X111.9 Y107.177 E3.80056
G1 X111.686 Y107.768 E3.82524
G1 X111.421 Y108.341 E3.85003
G1 X111.107 Y108.888 E3.87479
G1 X110.747 Y109.406 E3.89956
G1 X110.345 Y109.889 E3.92423
G1 X109.662 Y110.55 E3.96155
G1 X109.165 Y110.935 E3.98623
G1 X108.637 Y111.276 E4.01091
G1 X107.788 Y111.702 E4.04821
G1 X107.198 Y111.921 E4.07292
G1 X106.59 Y112.089 E4.09769
G1 X105.972 Y112.204 E4.12237
G1 X105.027 Y112.274 E4.15958
G1 X104.08 Y112.221 E4.19682
G1 X103.462 Y112.119 E4.22141
G1 X102.547 Y111.863 E4.25872
G1 X101.965 Y111.63 E4.28334
G1 X101.127 Y111.184 E4.32061
G1 X100.609 Y110.831 E4.34522
G1 X99.886 Y110.214 E4.38254
G1 X99.455 Y109.757 E4.40721
G1 X99.053 Y109.247 E4.43271
G1 X98.716 Y108.735 E4.45678
G1 X98.416 Y108.181 E4.48152
G1 X98.165 Y107.602 E4.5063
G1 X97.966 Y107.005 E4.53101
G1 X97.766 Y106.089 E4.56782
G1 X97.766 Y103.909 E4.65342
G1 X97.885 Y103.302 E4.67771
G1 X98.059 Y102.695 E4.7025
G1 X98.284 Y102.106 E4.72726
G1 X98.56 Y101.539 E4.75202
G1 X98.884 Y100.997 E4.77681
G1 X99.265 Y100.472 E4.80228
G1 X99.665 Y100.01 E4.82627
G1 X100.36 Y99.363 E4.86355
G1 X100.864 Y98.987 E4.88824
G1 X101.4 Y98.655 E4.913
G1 X101.963 Y98.37 E4.93778
G1 X102.549 Y98.136 E4.96256
G1 X103.153 Y97.953 E4.98734
G1 X103.77 Y97.823 E5.0121
G1 X104.396 Y97.747 E5.03686
G1 X105.045 Y97.726 E5.06236
G1 X105.282 Y97.739 E5.07168
G1 X105.681 Y97.768 F7800
G92 E0
G1 X101.003 Y100.134
;TYPE:Solid infill
;WIDTH:0.38292
G1 F1058.823
G1 X100.398 Y100.718 E.02758
G1 X100.857 Y100.275 E.0485
G1 X102.189 Y99.466 F7800
G1 F1058.823
G1 X102.118 Y99.447 E.05091
G1 X102.137 Y99.518 E.05332
G1 X102.178 Y99.507 E.05471
;WIDTH:0.41646
G1 F963.754
G1 X102.02 Y99.596 E.06124
;WIDTH:0.449999
G1 F884.349
G1 X101.862 Y99.685 E.06836
G1 X99.649 Y101.898 E.19124
G1 X99.557 Y102.057 E.19845
;WIDTH:0.41646
G1 F963.754
G1 X99.465 Y102.216 E.20507
;WIDTH:0.38292
G1 F1058.823
G1 X99.424 Y102.227 E.20646
G1 X99.405 Y102.156 E.20887
G1 X99.476 Y102.175 E.21128
G1 X99.007 Y103.29 F7800
G1 F1058.823
G1 X98.966 Y103.301 E.21267
G1 X98.947 Y103.23 E.21508
G1 X99.018 Y103.249 E.21749
;WIDTH:0.41646
G1 F963.754
G1 X99.085 Y103.111 E.22302
;WIDTH:0.449999
G1 F884.349
G1 X99.151 Y102.972 E.22906
G1 X102.935 Y99.189 E.43915
G1 X103.722 Y98.977 F7800
G1 F884.349
G1 X98.935 Y103.764 E.70496
G1 X98.886 Y104.389 E.72958
G1 X104.401 Y98.874 E1.03582
G1 X104.999 Y98.851 E1.05932
G1 X98.886 Y104.965 E1.39879
G1 X98.841 Y105.123 E1.40524
;WIDTH:0.41646
G1 F963.754
G1 X98.797 Y105.282 E1.41118
;WIDTH:0.38292
G1 F1058.823
G1 X98.756 Y105.293 E1.41257
G1 X98.737 Y105.222 E1.41498
G1 X98.808 Y105.241 E1.41739
G92 E0
G1 X103.005 Y101.422 F7800
;WIDTH:0.449999
G1 F884.349
G1 X105.55 Y98.876 E.14135
G1 X106.045 Y98.956 E.16104
G1 X103.958 Y101.044 E.27696
G1 X103.834 Y101.124 E.28275
;WIDTH:0.41646
G1 F963.754
G1 X103.711 Y101.204 E.28804
;WIDTH:0.38292
G1 F1058.823
G1 X103.64 Y101.185 E.29045
G1 X103.659 Y101.256 E.29286
G1 X103.7 Y101.245 E.29425
G92 E0
G1 X106.375 Y99.202 F7800
;WIDTH:0.449999
G1 F884.349
G1 X104.644 Y100.933 E.09612
G1 X105.39 Y100.932 E.12541
G1 X106.345 Y101.15 E.16387
G1 X106.889 Y101.391 E.18723
M73 P89 R1
M73 Q89 S1
G1 X107.668 Y101.958 E.22506
G1 X108.125 Y102.417 E.25049
G1 X108.51 Y102.999 E.27789
G1 X108.734 Y103.437 E.29721
G1 X108.949 Y104.123 E.32544
G1 X109.011 Y104.478 E.33959
G1 X109.038 Y105.358 E.37416
G1 X108.773 Y106.474 E.4192
G1 X108.668 Y106.697 E.42888
G1 X110.962 Y104.403 E.55626
G1 X111.081 Y104.397 E.56094
G1 X110.962 Y103.705 E.58851
G1 X110.83 Y103.161 E.61049
G1 X110.536 Y102.401 E.64249
G1 X110.298 Y101.94 E.66286
G1 X110.013 Y101.489 E.68381
G1 X109.689 Y101.064 E.70479
G1 X109.331 Y100.669 E.72572
G1 X108.949 Y100.316 E.74614
G1 X108.284 Y99.822 E.77867
G1 X107.836 Y99.56 E.79905
G1 X107.354 Y99.331 E.82
G1 X106.853 Y99.145 E.84098
G1 X106.477 Y99.041 E.8563
G1 X106.644 Y99.509 E.87581
G1 X107.024 Y99.643 E.89163
G1 X107.621 Y99.908 E.91728
G1 X108.059 Y100.162 E.93716
G1 X108.662 Y100.609 E.96663
G1 X109.003 Y100.92 E.98475
G1 X109.358 Y101.304 E1.00528
G1 X109.678 Y101.721 E1.02592
G1 X109.957 Y102.167 E1.04658
G1 X110.266 Y102.832 E1.07537
G1 X110.45 Y103.323 E1.09596
G1 X110.638 Y104.151 E1.1293
G1 X109.445 Y105.344 E1.19555
G1 X109.418 Y104.465 E1.23008
G1 X109.338 Y104.002 E1.24853
G1 X109.105 Y103.266 E1.27884
G1 X108.857 Y102.787 E1.30002
G1 X108.505 Y102.231 E1.32586
G1 X108.131 Y101.815 E1.34782
G1 X107.909 Y101.629 E1.35919
G1 X107.057 Y101.02 E1.40031
G1 X106.438 Y100.753 E1.42678
G1 X105.596 Y100.558 E1.46072
G1 X106.5 Y99.653 E1.51095
G1 X106.754 Y99.982 E1.52727
;WIDTH:0.466311
G1 F850.278
G1 X107.042 Y100.093 E1.53987
;WIDTH:0.475163
G1 F832.865
G1 X107.827 Y100.513 E1.57699
G1 X108.412 Y100.946 E1.60733
;WIDTH:0.47333
G1 F836.412
G1 X108.752 Y101.254 E1.62638
;WIDTH:0.467901
G1 F847.097
G1 X109.341 Y101.966 E1.66426
G1 X109.8 Y102.77 E1.70221
;WIDTH:0.472407
G1 F838.209
G1 X110.044 Y103.422 E1.73105
G1 X110.194 Y104.012 E1.75627
;WIDTH:0.460071
G1 F862.997
G1 X109.823 Y104.383 E1.77738
;WIDTH:0.460764
G1 F861.566
G1 X109.731 Y103.878 E1.79807
G1 X109.486 Y103.109 E1.8306
;WIDTH:0.471097
G1 F840.774
G1 X109.213 Y102.568 E1.85563
G1 X108.812 Y101.955 E1.88588
;WIDTH:0.465174
G1 F852.567
G1 X108.439 Y101.537 E1.9087
;WIDTH:0.47333
G1 F836.412
G1 X108.156 Y101.292 E1.92424
G1 X107.322 Y100.694 E1.96684
;WIDTH:0.466311
G1 F850.278
G1 X106.864 Y100.477 E1.98754
G1 X106.413 Y100.324 E2.00699
;WIDTH:0.460977
G1 F861.127
G1 X106.61 Y100.126 E2.01825
G92 E0
G1 X102.717 Y101.643 F7800
;WIDTH:0.38292
G1 F1058.823
G1 X101.973 Y102.33 E.03321
G1 X101.584 Y102.792 E.05302
;WIDTH:0.41646
G1 F963.754
G1 X101.465 Y102.936 E.05975
;WIDTH:0.449999
G1 F884.349
G1 X101.346 Y103.08 E.06708
G1 X98.886 Y105.54 E.20368
G1 X98.912 Y106.09 E.2253
G1 X101.005 Y103.997 E.34152
G1 X101.103 Y103.868 E.34788
;WIDTH:0.41646
G1 F963.754
G1 X101.202 Y103.739 E.35374
;WIDTH:0.38292
G1 F1058.823
G1 X101.161 Y103.75 E.35513
G1 X101.142 Y103.679 E.35754
G1 X101.213 Y103.698 E.35995
G1 X100.904 Y104.674 F7800
;WIDTH:0.449999
G1 F884.349
G1 X100.871 Y105.066 E.3754
G1 X100.966 Y105.902 E.40844
G1 X101.259 Y106.749 E.44363
G1 X101.729 Y107.515 E.47892
G1 X102.131 Y107.947 E.50209
G1 X102.528 Y108.266 E.52209
G1 X102.966 Y108.575 E.54314
G1 X103.597 Y108.859 E.57031
G1 X104.524 Y109.067 E.60761
G1 X105.438 Y109.064 E.6435
G1 X106.045 Y108.947 E.66777
G1 X106.638 Y108.727 E.6926
G1 X104.368 Y110.996 E.81862
G1 X104.345 Y111.115 E.82338
G1 X104.196 Y111.106 E.82924
G1 X103.615 Y110.999 E.85244
G1 X102.855 Y110.781 E.88348
G1 X102.388 Y110.587 E.90334
G1 X101.66 Y110.193 E.93584
G1 X101.246 Y109.903 E.95569
G1 X100.62 Y109.361 E.9882
G1 X100.275 Y108.989 E1.00812
G1 X99.937 Y108.555 E1.02972
G1 X99.656 Y108.121 E1.05002
G1 X99.406 Y107.65 E1.07096
G1 X99.198 Y107.16 E1.09186
G1 X99.006 Y106.521 E1.11806
G1 X99.056 Y106.521 E1.12002
G1 X100.76 Y104.817 E1.21464
G1 X100.522 Y105.631 F7800
G1 F884.349
G1 X100.582 Y106.034 E1.23064
G1 X100.874 Y106.882 E1.26586
G1 X101.111 Y107.294 E1.28452
G1 X101.431 Y107.792 E1.30776
G1 X101.833 Y108.224 E1.33093
G1 X102.291 Y108.597 E1.35412
G1 X102.796 Y108.945 E1.3782
G1 X103.505 Y109.256 E1.4086
G1 X104.524 Y109.474 E1.44952
G1 X105.314 Y109.475 E1.48054
G1 X104.11 Y110.679 E1.5474
G1 X103.793 Y110.627 E1.56001
G1 X103.143 Y110.445 E1.58651
G1 X102.61 Y110.244 E1.60888
G1 X102.04 Y109.94 E1.63424
G1 X101.536 Y109.616 E1.65777
G1 X100.966 Y109.129 E1.68721
G1 X100.612 Y108.759 E1.70732
G1 X100.292 Y108.354 E1.72759
G1 X100.014 Y107.927 E1.7476
G1 X99.712 Y107.333 E1.77376
G1 X99.468 Y106.685 E1.80095
G1 X100.378 Y105.775 E1.85148
G1 X100.286 Y106.459 E1.87858
;WIDTH:0.472584
G1 F837.864
G1 X100.579 Y107.219 E1.91234
;WIDTH:0.466179
G1 F850.543
M73 P90 R1
M73 Q90 S1
G1 X100.981 Y107.876 E1.94378
;WIDTH:0.468553
G1 F845.799
G1 X101.244 Y108.203 E1.96101
G1 X101.612 Y108.592 E1.98299
;WIDTH:0.473002
G1 F837.05
G1 X102.047 Y108.937 E2.00602
G1 X102.625 Y109.318 E2.03474
;WIDTH:0.460988
G1 F861.104
G1 X103.413 Y109.658 E2.06935
;WIDTH:0.47379
G1 F835.519
G1 X104.326 Y109.871 E2.10831
G1 X103.966 Y110.231 E2.12947
G1 X103.254 Y110.048 E2.16002
;WIDTH:0.468238
G1 F846.426
G1 X102.775 Y109.861 E2.18111
G1 X102.234 Y109.576 E2.2062
;WIDTH:0.473002
G1 F837.05
G1 X101.782 Y109.275 E2.22873
G1 X101.219 Y108.797 E2.25937
;WIDTH:0.467022
G1 F848.852
G1 X100.624 Y108.103 E2.29676
;WIDTH:0.466179
G1 F850.543
G1 X100.159 Y107.324 E2.3338
;WIDTH:0.472584
G1 F837.864
G1 X99.947 Y106.798 E2.3573
G1 X100.142 Y106.603 E2.36873
G92 E0
G1 X107.382 Y108.151 F7800
;WIDTH:0.38292
G1 F1058.823
G1 X107.833 Y107.721 E.02044
G1 X108.364 Y107.117 E.04681
G92 E0
G1 X111.106 Y104.835 F7800
;WIDTH:0.449999
G1 F884.349
G1 X104.8 Y111.14 E.35013
G1 X105.391 Y111.124 E.37334
G1 X111.094 Y105.421 E.69002
G1 X111.015 Y106.076 E.71592
G1 X106.039 Y111.053 E.99226
G1 X106.796 Y110.871 E1.02283
G1 X110.83 Y106.837 E1.24683
G1 X110.549 Y107.635 F7800
;WIDTH:0.367182
G1 F1110.213
G1 X110.459 Y107.85 E1.25412
G1 X110.192 Y108.315 E1.27089
G1 X109.884 Y108.758 E1.28777
;WIDTH:0.390356
G1 F1036.162
G1 X109.538 Y109.154 E1.30539
G1 X108.942 Y109.733 E1.33324
;WIDTH:0.383435
G1 F1057.222
G1 X108.546 Y110.061 E1.35013
;WIDTH:0.351577
G1 F1166.343
G1 X108.105 Y110.345 E1.36575
G1 X107.549 Y110.625 E1.38428
G1 X108.347 Y109.826 E1.4179
;WIDTH:0.383435
G1 F1057.222
G1 X108.717 Y109.479 E1.43456
;WIDTH:0.390356
G1 F1036.162
G1 X109.645 Y108.54 E1.4788
;WIDTH:0.367182
G1 F1110.213
G1 X110.405 Y107.779 E1.51244
;LAYER_CHANGE
;Z:8.15
;HEIGHT:0.2
G92 E0
G1 Z8.15 F7800
G1 X107.623 Y102.336
;TYPE:Perimeter
;WIDTH:0.449999
G1 F884.349
G1 X107.91 Y102.629 E.0161
G1 X108.205 Y103.049 E.03625
G1 X108.441 Y103.569 E.05867
G1 X108.635 Y104.088 E.08043
G1 X108.724 Y104.614 E.10138
G1 X108.737 Y105.219 E.12514
G1 X108.594 Y106 E.15632
G1 X108.476 Y106.398 E.17262
G1 X108.209 Y106.939 E.19631
G1 X107.809 Y107.492 E.22311
G1 X107.444 Y107.858 E.24341
G1 X106.842 Y108.265 E.27194
G1 X106.472 Y108.47 E.28855
G1 X105.943 Y108.659 E.31061
G1 X105.418 Y108.761 E.33161
G1 X104.786 Y108.765 E.35643
G1 X104.394 Y108.745 E.37184
G1 X103.852 Y108.617 E.39371
G1 X103.184 Y108.341 E.42209
G1 X102.713 Y108.032 E.44421
G1 X102.335 Y107.73 E.46321
G1 X101.96 Y107.316 E.48514
G1 X101.602 Y106.741 E.51174
G1 X101.441 Y106.375 E.52744
G1 X101.258 Y105.816 E.55054
G1 X101.181 Y105.254 E.57281
G1 X101.214 Y104.452 E.60433
G1 X101.371 Y103.789 E.63108
G1 X101.569 Y103.311 E.65139
G1 X102.046 Y102.595 E.68517
G1 X102.244 Y102.363 E.69715
G1 X102.698 Y101.964 E.72088
G1 X103.125 Y101.696 E.74067
G1 X103.746 Y101.412 E.76748
G1 X104.356 Y101.283 E.79196
G1 X104.864 Y101.214 E.81209
G1 X105.42 Y101.245 E.83396
G1 X106.126 Y101.402 E.86236
G1 X106.648 Y101.61 E.88442
G1 X107.415 Y102.123 E.92065
G1 X107.581 Y102.293 E.92998
G1 X107.339 Y102.621 F7800
G1 F884.349
G1 X107.61 Y102.903 E.94534
G1 X107.916 Y103.364 E.96707
G1 X108.201 Y104.053 E.99635
G1 X108.31 Y104.546 E1.01617
G1 X108.33 Y105.228 E1.04296
G1 X108.196 Y105.912 E1.07033
G1 X108.111 Y106.217 E1.08276
G1 X107.844 Y106.759 E1.10648
G1 X107.486 Y107.244 E1.13015
G1 X107.114 Y107.606 E1.15053
G1 X106.333 Y108.088 E1.18657
G1 X105.835 Y108.266 E1.20734
G1 X105.32 Y108.358 E1.22788
G1 X104.593 Y108.358 E1.25643
G1 X104.077 Y108.265 E1.27702
G1 X103.212 Y107.893 E1.31399
G1 X102.725 Y107.536 E1.3377
G1 X102.374 Y107.169 E1.35764
G1 X101.95 Y106.53 E1.38775
G1 X101.7 Y105.872 E1.41539
G1 X101.584 Y105.201 E1.44213
G1 X101.62 Y104.479 E1.47051
G1 X101.764 Y103.894 E1.49417
G1 X101.969 Y103.42 E1.51445
G1 X102.379 Y102.828 E1.54272
G1 X102.512 Y102.669 E1.55086
G1 X102.966 Y102.271 E1.57457
M73 P91 R1
M73 Q91 S1
G1 X103.482 Y101.959 E1.59825
G1 X103.948 Y101.772 E1.61797
G1 X104.736 Y101.63 E1.64941
G1 X105.258 Y101.631 E1.66991
G1 X105.751 Y101.736 E1.6897
G1 X106.248 Y101.879 E1.71001
G1 X106.706 Y102.124 E1.7304
G1 X107.181 Y102.456 E1.75315
G1 X107.297 Y102.577 E1.75973
G1 X107.054 Y102.904 F7800
;TYPE:External perimeter
G1 F884.349
G1 X107.31 Y103.178 E1.77445
G1 X107.547 Y103.536 E1.79131
G1 X107.825 Y104.208 E1.81986
G1 X107.91 Y104.634 E1.83692
G1 X107.923 Y105.237 E1.8606
G1 X107.746 Y106.037 E1.89277
M73 P91 R0
G1 X107.478 Y106.579 E1.91651
G1 X107.164 Y106.996 E1.93701
G1 X106.75 Y107.358 E1.9586
M73 Q91 S0
G1 X106.239 Y107.684 E1.9824
G1 X105.742 Y107.869 E2.00322
G1 X105.23 Y107.951 E2.02358
G1 X104.593 Y107.951 E2.04859
G1 X104.065 Y107.825 E2.0699
G1 X103.495 Y107.588 E2.09414
G1 X102.966 Y107.207 E2.11974
G1 X102.607 Y106.822 E2.14041
G1 X102.298 Y106.319 E2.16359
G1 X102.086 Y105.741 E2.18776
G1 X101.988 Y105.148 E2.21136
G1 X102.026 Y104.505 E2.23665
G1 X102.157 Y104 E2.25713
G1 X102.333 Y103.604 E2.27415
G1 X102.748 Y103.011 E2.30257
G1 X103.163 Y102.639 E2.32445
G1 X103.685 Y102.312 E2.34864
G1 X104.09 Y102.156 E2.36568
G1 X104.806 Y102.031 E2.39422
G1 X105.244 Y102.04 E2.41142
G1 X105.95 Y102.197 E2.43982
G1 X106.355 Y102.375 E2.45719
G1 X106.948 Y102.79 E2.48561
G1 X107.013 Y102.86 E2.48936
G1 X107.283 Y103.156 F7800
G92 E0
G1 X105.316 Y98.558
;TYPE:Perimeter
G1 F884.349
G1 X105.395 Y98.56 E.0031
G1 X105.923 Y98.627 E.024
G1 X106.489 Y98.727 E.04657
G1 X107.002 Y98.874 E.06752
G1 X107.525 Y99.074 E.08951
G1 X108.036 Y99.323 E.11183
G1 X108.511 Y99.61 E.13362
G1 X109.198 Y100.13 E.16745
G1 X109.587 Y100.501 E.18856
G1 X110.186 Y101.213 E.22509
G1 X110.474 Y101.644 E.24544
G1 X110.751 Y102.151 E.26812
G1 X111.073 Y102.931 E.30125
G1 X111.234 Y103.485 E.3239
G1 X111.322 Y103.98 E.34364
G1 X111.398 Y104.528 E.36536
G1 X111.416 Y105.058 E.38618
G1 X111.394 Y105.559 E.40587
G1 X111.32 Y106.124 E.42824
G1 X111.203 Y106.651 E.44944
G1 X110.928 Y107.468 E.48329
G1 X110.697 Y107.966 E.50484
G1 X110.413 Y108.46 E.52721
G1 X110.105 Y108.903 E.5484
G1 X109.54 Y109.554 E.58225
G1 X109.137 Y109.926 E.60378
G1 X108.686 Y110.276 E.6262
G1 X108.233 Y110.568 E.64736
G1 X107.462 Y110.954 E.68122
G1 X106.948 Y111.146 E.70276
G1 X106.408 Y111.295 E.72476
G1 X105.847 Y111.398 E.74716
G1 X105.299 Y111.451 E.76878
G1 X104.739 Y111.456 E.79077
G1 X104.181 Y111.413 E.81274
G1 X103.639 Y111.323 E.83431
G1 X102.809 Y111.091 E.86815
G1 X102.309 Y110.891 E.88929
G1 X101.548 Y110.486 E.92314
G1 X101.103 Y110.183 E.94428
G1 X100.448 Y109.624 E.97809
G1 X100.071 Y109.224 E.99967
G1 X99.73 Y108.793 E1.02125
G1 X99.278 Y108.073 E1.05463
G1 X98.922 Y107.3 E1.08805
G1 X98.752 Y106.789 E1.1092
G1 X98.581 Y106.001 E1.14086
G1 X98.581 Y103.988 E1.2199
G1 X98.693 Y103.436 E1.24202
G1 X98.852 Y102.899 E1.26401
G1 X99.057 Y102.378 E1.28599
G1 X99.336 Y101.827 E1.31024
G1 X99.599 Y101.398 E1.33
G1 X99.971 Y100.901 E1.35438
G1 X100.457 Y100.385 E1.38221
G1 X100.941 Y99.945 E1.40789
G1 X101.372 Y99.63 E1.42885
G1 X101.851 Y99.339 E1.45086
G1 X102.416 Y99.066 E1.4755
G1 X102.884 Y98.885 E1.4952
G1 X103.441 Y98.724 E1.51797
G1 X104.272 Y98.582 E1.55107
G1 X104.85 Y98.547 E1.57381
G1 X105.256 Y98.557 E1.58976
G1 X105.329 Y98.149 F7800
G1 F884.349
G1 X105.611 Y98.164 E1.60085
G1 X106.505 Y98.309 E1.63641
G1 X107.073 Y98.466 E1.65955
G1 X107.631 Y98.674 E1.68293
G1 X108.178 Y98.934 E1.70671
G1 X108.677 Y99.227 E1.72943
G1 X109.405 Y99.767 E1.76502
G1 X109.832 Y100.163 E1.78789
G1 X110.427 Y100.846 E1.82346
G1 X110.763 Y101.33 E1.84659
G1 X111.059 Y101.847 E1.86998
G1 X111.309 Y102.387 E1.89334
G1 X111.486 Y102.876 E1.91376
G1 X111.639 Y103.425 E1.93614
G1 X111.805 Y104.511 E1.97928
G1 X111.823 Y105.076 E2.00148
G1 X111.8 Y105.595 E2.02188
G1 X111.721 Y106.195 E2.04564
G1 X111.596 Y106.761 E2.0684
G1 X111.306 Y107.619 E2.10396
G1 X111.059 Y108.153 E2.12706
G1 X110.757 Y108.678 E2.15084
G1 X110.427 Y109.154 E2.17358
G1 X109.832 Y109.838 E2.20918
G1 X109.4 Y110.237 E2.23227
G1 X108.922 Y110.608 E2.25603
G1 X108.435 Y110.922 E2.27878
G1 X107.625 Y111.328 E2.31436
G1 X107.073 Y111.534 E2.33749
G1 X106.499 Y111.692 E2.36087
G1 X105.904 Y111.802 E2.38463
G1 X105.321 Y111.858 E2.40763
G1 X104.725 Y111.863 E2.43103
G1 X104.131 Y111.817 E2.45442
G1 X103.55 Y111.721 E2.47754
G1 X102.678 Y111.477 E2.51309
G1 X102.137 Y111.261 E2.53596
G1 X101.338 Y110.835 E2.57151
G1 X100.856 Y110.507 E2.5944
G1 X100.167 Y109.919 E2.62997
G1 X99.763 Y109.491 E2.65308
G1 X99.397 Y109.029 E2.67622
G1 X98.919 Y108.267 E2.71154
G1 X98.543 Y107.45 E2.74685
G1 X98.359 Y106.897 E2.76973
G1 X98.174 Y106.045 E2.80396
G1 X98.174 Y103.948 E2.8863
G1 X98.281 Y103.397 E2.90834
M73 P92 R0
M73 Q92 S0
G1 X98.445 Y102.824 E2.93174
G1 X98.658 Y102.268 E2.95512
G1 X98.918 Y101.733 E2.97848
G1 X99.224 Y101.222 E3.00187
G1 X99.573 Y100.739 E3.02527
G1 X99.958 Y100.293 E3.0484
G1 X100.621 Y99.676 E3.08396
G1 X101.093 Y99.324 E3.10708
G1 X101.6 Y99.01 E3.1305
G1 X102.131 Y98.742 E3.15385
G1 X102.684 Y98.52 E3.17725
G1 X103.254 Y98.348 E3.20063
G1 X103.837 Y98.225 E3.22403
G1 X104.427 Y98.153 E3.24737
G1 X105.033 Y98.133 E3.27118
G1 X105.269 Y98.146 E3.28046
G1 X105.342 Y97.742 F7800
;TYPE:External perimeter
G1 F884.349
G1 X105.655 Y97.759 E3.29277
G1 X106.593 Y97.911 E3.33008
G1 X107.198 Y98.079 E3.35473
G1 X107.79 Y98.299 E3.37953
G1 X108.368 Y98.574 E3.40466
G1 X108.902 Y98.887 E3.42896
G1 X109.665 Y99.453 E3.46626
G1 X110.125 Y99.879 E3.49088
G1 X110.749 Y100.596 E3.5282
G1 X111.107 Y101.112 E3.55286
G1 X111.421 Y101.659 E3.57762
G1 X111.686 Y102.232 E3.60241
G1 X111.901 Y102.825 E3.62718
G1 X112.062 Y103.433 E3.65188
G1 X112.211 Y104.493 E3.69391
G1 X112.229 Y105.093 E3.71748
G1 X112.206 Y105.63 E3.73858
G1 X112.122 Y106.266 E3.76377
G1 X111.989 Y106.87 E3.78805
G1 X111.685 Y107.77 E3.82535
G1 X111.421 Y108.34 E3.85001
G1 X111.102 Y108.896 E3.87518
G1 X110.748 Y109.404 E3.89949
G1 X110.125 Y110.121 E3.93679
G1 X109.664 Y110.548 E3.96146
G1 X109.157 Y110.941 E3.98665
G1 X108.637 Y111.276 E4.01094
G1 X107.788 Y111.702 E4.04824
G1 X107.198 Y111.921 E4.07295
G1 X106.591 Y112.089 E4.09768
G1 X105.96 Y112.205 E4.12287
G1 X105.342 Y112.265 E4.14725
G1 X104.712 Y112.271 E4.17199
G1 X104.082 Y112.222 E4.1968
G1 X103.462 Y112.119 E4.22148
G1 X102.547 Y111.863 E4.25879
G1 X101.965 Y111.63 E4.28341
G1 X101.127 Y111.184 E4.32068
G1 X100.609 Y110.831 E4.34529
G1 X99.886 Y110.214 E4.38261
G1 X99.455 Y109.757 E4.40728
G1 X99.064 Y109.264 E4.43199
G1 X98.56 Y108.461 E4.46922
G1 X98.164 Y107.6 E4.50643
G1 X97.966 Y107.005 E4.53105
G1 X97.766 Y106.089 E4.56786
G1 X97.766 Y103.909 E4.65346
G1 X97.885 Y103.302 E4.67775
G1 X98.059 Y102.695 E4.70254
G1 X98.284 Y102.106 E4.7273
G1 X98.56 Y101.539 E4.75206
G1 X98.884 Y100.997 E4.77685
G1 X99.254 Y100.486 E4.80162
G1 X99.665 Y100.01 E4.82631
G1 X100.36 Y99.363 E4.86359
G1 X100.864 Y98.987 E4.88828
G1 X101.4 Y98.655 E4.91304
G1 X101.963 Y98.37 E4.93782
G1 X102.549 Y98.136 E4.9626
G1 X103.153 Y97.953 E4.98738
G1 X103.77 Y97.823 E5.01214
G1 X104.396 Y97.747 E5.0369
G1 X105.037 Y97.726 E5.06208
G1 X105.282 Y97.739 E5.07171
G1 X105.681 Y97.768 F7800
G92 E0
G1 X99.866 Y108.699
;TYPE:Solid infill
;WIDTH:0.38292
G1 F1058.823
G1 X100.588 Y109.476 E.03478
G1 X101.207 Y110.047 E.0624
G1 X102.156 Y110.478 F7800
G1 F1058.823
G1 X102.167 Y110.519 E.06379
G1 X102.096 Y110.538 E.0662
G1 X102.115 Y110.467 E.06861
;WIDTH:0.41646
G1 F963.754
G1 X101.977 Y110.381 E.07447
;WIDTH:0.449999
G1 F884.349
G1 X101.839 Y110.295 E.08085
G1 X99.674 Y108.13 E.20107
G1 X99.156 Y107.037 F7800
G1 F884.349
G1 X102.927 Y110.807 E.41044
G1 X103.086 Y110.874 E.41721
;WIDTH:0.41646
G1 F963.754
G1 X103.245 Y110.942 E.42344
;WIDTH:0.38292
G1 F1058.823
G1 X103.256 Y110.983 E.42483
G1 X103.185 Y111.002 E.42724
G1 X103.204 Y110.931 E.42965
;WIDTH:0.449999
G1 F884.349
G1 X103.723 Y111.028 E.45038
G1 X98.948 Y106.252 E.71556
G1 X98.912 Y106.414 E.72208
;WIDTH:0.41646
G1 F963.754
G1 X98.877 Y106.577 E.72809
;WIDTH:0.38292
G1 F1058.823
G1 X98.953 Y106.877 E.73824
G1 X98.886 Y105.615 F7800
;WIDTH:0.449999
G1 F884.349
G1 X104.394 Y111.123 E1.04409
G1 X105.272 Y111.218 F7800
;WIDTH:0.38292
G1 F1058.823
G1 X105.253 Y111.29 E1.04653
G1 X105.324 Y111.27 E1.04895
G1 X105.313 Y111.229 E1.05034
;WIDTH:0.41646
G1 F963.754
G1 X105.154 Y111.189 E1.05625
;WIDTH:0.449999
G1 F884.349
G1 X104.995 Y111.148 E1.0627
G1 X98.886 Y105.039 E1.40192
G1 X98.886 Y104.463 E1.42454
M73 P93 R0
M73 Q93 S0
G1 X101.395 Y106.973 E1.56389
G1 X101.621 Y107.261 E1.57826
;WIDTH:0.38292
G1 F1058.823
G1 X101.787 Y107.469 E1.58699
G1 X102.292 Y107.991 E1.61081
G1 X102.731 Y108.364 E1.6297
;WIDTH:0.41646
G1 F963.754
G1 X102.875 Y108.48 E1.63636
;WIDTH:0.449999
G1 F884.349
G1 X103.019 Y108.596 E1.64362
G1 X105.543 Y111.121 E1.7838
G1 X106.049 Y111.051 E1.80386
G1 X103.965 Y108.967 E1.91958
G1 X103.836 Y108.863 E1.92609
;WIDTH:0.41646
G1 F963.754
G1 X103.707 Y108.758 E1.93208
;WIDTH:0.38292
G1 F1058.823
G1 X103.718 Y108.799 E1.93347
G1 X103.647 Y108.818 E1.93588
G1 X103.666 Y108.747 E1.93829
G1 X104.64 Y109.066 F7800
;WIDTH:0.449999
G1 F884.349
G1 X105.466 Y109.061 E1.97072
G1 X106.041 Y108.948 E1.99373
G1 X106.567 Y108.753 E2.01576
G1 X107.004 Y108.516 E2.03528
G1 X107.567 Y108.154 E2.06156
G1 X108.057 Y107.67 E2.0886
G1 X108.451 Y107.133 E2.11475
G1 X108.745 Y106.521 E2.14141
G1 X108.886 Y106.062 E2.16026
G1 X109.032 Y105.389 E2.1873
G1 X109.026 Y104.579 E2.21911
G1 X108.908 Y103.925 E2.2452
G1 X108.654 Y103.294 E2.27191
G1 X110.962 Y105.601 E2.40004
G1 X111.08 Y105.604 E2.40467
G1 X110.97 Y106.29 E2.43195
G1 X110.797 Y106.901 E2.45688
G1 X110.62 Y107.406 E2.47789
G1 X110.403 Y107.865 E2.49783
G1 X110.105 Y108.368 E2.52079
G1 X109.656 Y108.954 E2.54978
G1 X109.279 Y109.379 E2.57209
G1 X108.717 Y109.865 E2.60126
G1 X108.128 Y110.272 E2.62937
G1 X107.64 Y110.524 E2.65094
G1 X107.167 Y110.738 E2.67132
G1 X106.481 Y110.958 E2.69961
G1 X106.481 Y110.907 E2.70161
G1 X104.784 Y109.21 E2.79584
G1 X105.6 Y109.45 F7800
G1 F884.349
G1 X106.182 Y109.329 E2.81918
G1 X106.844 Y109.085 E2.84688
G1 X107.223 Y108.86 E2.86419
G1 X107.851 Y108.445 E2.89375
G1 X108.385 Y107.912 E2.92337
G1 X108.758 Y107.408 E2.94799
G1 X108.931 Y107.073 E2.96279
G1 X109.219 Y106.438 E2.99017
G1 X109.439 Y105.388 E3.03229
G1 X109.436 Y104.651 E3.06123
G1 X110.637 Y105.852 E3.12792
G1 X110.505 Y106.493 E3.15362
G1 X110.251 Y107.235 E3.18441
G1 X109.874 Y107.968 E3.21677
G1 X109.542 Y108.465 E3.24024
G1 X109.05 Y109.031 E3.26969
G1 X108.676 Y109.382 E3.28983
G1 X108.274 Y109.694 E3.30981
G1 X107.848 Y109.964 E3.32961
G1 X107.146 Y110.312 E3.36037
G1 X106.641 Y110.492 E3.38142
G1 X105.744 Y109.594 E3.43126
G1 X106.422 Y109.684 E3.45811
;WIDTH:0.467548
G1 F847.801
G1 X106.987 Y109.471 E3.48284
;WIDTH:0.474687
G1 F833.783
G1 X107.448 Y109.214 E3.50482
G1 X108.141 Y108.74 E3.53979
;WIDTH:0.463644
G1 F855.668
G1 X108.715 Y108.157 E3.57299
;WIDTH:0.463118
G1 F856.739
G1 X109.09 Y107.655 E3.59839
;WIDTH:0.472054
G1 F838.899
G1 X109.308 Y107.254 E3.61728
G1 X109.545 Y106.747 E3.64045
;WIDTH:0.474399
G1 F834.34
G1 X109.693 Y106.243 E3.66231
G1 X109.828 Y105.636 E3.68819
;WIDTH:0.474019
G1 F835.075
G1 X110.189 Y105.997 E3.70942
;WIDTH:0.474399
G1 F834.34
G1 X110.108 Y106.359 E3.72486
G1 X109.931 Y106.905 E3.74875
;WIDTH:0.472054
G1 F838.899
G1 X109.688 Y107.454 E3.7736
G1 X109.431 Y107.9 E3.79491
;WIDTH:0.463118
G1 F856.739
G1 X108.911 Y108.564 E3.82909
;WIDTH:0.463644
G1 F855.668
G1 X108.431 Y109.045 E3.85667
;WIDTH:0.473277
G1 F836.515
G1 X108.024 Y109.356 E3.87793
G1 X107.274 Y109.793 E3.91396
;WIDTH:0.467548
G1 F847.801
G1 X106.752 Y110.015 E3.93719
G1 X106.566 Y109.828 E3.94799
G92 E0
G1 X101.209 Y106.26 F7800
;WIDTH:0.38292
G1 F1058.823
G1 X101.22 Y106.301 E.00139
G1 X101.149 Y106.32 E.0038
G1 X101.168 Y106.249 E.00621
;WIDTH:0.41646
G1 F963.754
G1 X101.084 Y106.125 E.01161
;WIDTH:0.449999
G1 F884.349
G1 X101 Y106.002 E.01746
G1 X98.907 Y103.909 E.13368
G1 X99.168 Y103.615 E.14912
G1 X99.455 Y103.881 E.16448
G1 X100.899 Y105.325 E.24466
G1 X100.87 Y105.028 E.25638
G1 X100.924 Y104.311 E.28461
G1 X101.113 Y103.597 E.31361
G1 X101.356 Y103.06 E.33675
G1 X101.932 Y102.246 E.3759
G1 X102.563 Y101.682 E.40913
G1 X103.242 Y101.284 E.44003
G1 X103.853 Y101.064 E.46553
G1 X104.775 Y100.912 E.50222
G1 X105.39 Y100.932 E.52638
G1 X106.345 Y101.15 E.56484
G1 X106.639 Y101.278 E.57743
G1 X104.361 Y99 E.70392
G1 X104.361 Y98.879 E.70867
G1 X103.68 Y98.986 E.73574
G1 X102.963 Y99.18 E.76491
G1 X102.466 Y99.375 E.78587
G1 X101.989 Y99.612 E.80678
G1 X101.537 Y99.887 E.82755
G1 X101.124 Y100.19 E.84766
G1 X100.543 Y100.722 E.87859
G1 X100.162 Y101.147 E.901
G1 X99.846 Y101.577 E.92195
G1 X99.568 Y102.033 E.94292
G1 X99.332 Y102.511 E.96385
G1 X99.138 Y103.007 E.98476
G1 X99.018 Y103.477 E1.00381
G1 X99.474 Y103.325 E1.02268
G1 X99.609 Y102.916 E1.03959
G1 X99.892 Y102.29 E1.06656
G1 X100.16 Y101.838 E1.08719
G1 X100.47 Y101.413 E1.10784
G1 X100.82 Y101.02 E1.1285
G1 X101.591 Y100.349 E1.16863
G1 X102.124 Y100.002 E1.1936
M73 P94 R0
M73 Q94 S0
G1 X102.592 Y99.763 E1.21423
G1 X103.081 Y99.57 E1.23487
G1 X103.593 Y99.42 E1.25582
G1 X104.105 Y99.32 E1.2763
G1 X105.306 Y100.521 E1.34299
G1 X104.709 Y100.51 E1.36643
G1 X103.717 Y100.681 E1.40595
G1 X103.141 Y100.885 E1.42994
G1 X102.292 Y101.378 E1.46849
G1 X101.661 Y101.942 E1.50172
G1 X101.465 Y102.192 E1.51419
G1 X100.985 Y102.891 E1.54748
G1 X100.72 Y103.491 E1.57323
G1 X100.512 Y104.362 E1.60839
G1 X99.618 Y103.468 E1.65803
G1 X99.939 Y103.206 E1.6743
;WIDTH:0.466783
G1 F849.331
G1 X100.072 Y102.871 E1.68904
G1 X100.351 Y102.325 E1.71411
;WIDTH:0.471993
G1 F839.018
G1 X100.775 Y101.701 E1.74533
G1 X101.102 Y101.323 E1.76602
;WIDTH:0.463114
G1 F856.747
G1 X101.837 Y100.68 E1.8056
;WIDTH:0.470789
G1 F841.379
G1 X102.36 Y100.348 E1.83117
G1 X102.855 Y100.103 E1.85396
;WIDTH:0.463513
G1 F855.934
G1 X103.448 Y99.891 E1.87951
;WIDTH:0.47092
G1 F841.121
G1 X103.963 Y99.769 E1.90136
G1 X104.341 Y100.147 E1.92343
G1 X103.928 Y100.213 E1.9407
G1 X103.335 Y100.374 E1.96607
;WIDTH:0.469428
G1 F844.064
G1 X102.832 Y100.574 E1.98834
;WIDTH:0.464183
G1 F854.573
G1 X102.185 Y100.947 E2.01869
;WIDTH:0.470061
G1 F842.813
G1 X101.887 Y101.181 E2.0343
G1 X101.385 Y101.634 E2.06216
;WIDTH:0.471993
G1 F839.018
G1 X101.124 Y101.951 E2.07915
G1 X100.703 Y102.554 E2.10959
;WIDTH:0.466783
G1 F849.331
G1 X100.455 Y103.052 E2.13233
G1 X100.278 Y103.546 E2.15378
;WIDTH:0.460358
G1 F862.403
G1 X100.083 Y103.35 E2.16491
G92 E0
G1 X106.891 Y101.455 F7800
;WIDTH:0.38292
G1 F1058.823
G1 X107.632 Y102.081 E.03181
G1 X108.13 Y102.602 E.05545
G92 E0
G1 X111.105 Y105.169 F7800
;WIDTH:0.449999
G1 F884.349
G1 X104.793 Y98.856 E.35052
G1 X105.377 Y98.865 E.37345
G1 X111.095 Y104.583 E.69096
G1 X111.034 Y103.331 F7800
;WIDTH:0.38292
G1 F1058.823
G1 X111.143 Y103.813 E.70717
;WIDTH:0.41646
G1 F963.754
G1 X111.073 Y103.865 E.71031
;WIDTH:0.449999
G1 F884.349
G1 X111.004 Y103.916 E.71368
G1 X106.044 Y98.956 E.9891
G1 X106.098 Y98.887 E.99254
;WIDTH:0.41646
G1 F963.754
G1 X106.151 Y98.818 E.99567
;WIDTH:0.38292
G1 F1058.823
G1 X106.631 Y98.926 E1.0118
;WIDTH:0.449999
G1 F884.349
G1 X106.791 Y99.127 E1.02189
G1 X110.834 Y103.171 E1.24642
G92 E0
G1 X108.437 Y100.162 F7800
;WIDTH:0.501526
G1 F784.989
G1 X108.47 Y100.226 E.00319
;WIDTH:0.456188
G1 F871.106
G1 X108.502 Y100.291 E.00608
;WIDTH:0.410851
G1 F978.446
G1 X108.535 Y100.355 E.00864
;WIDTH:0.395499
G1 F1021.048
G1 X109.088 Y100.888 E.03476
G1 X109.654 Y101.473 E.06244
;WIDTH:0.367091
G1 F1110.525
G1 X110.572 Y102.391 E.10303
G1 X110.198 Y101.693 E.12779
G1 X109.902 Y101.266 E.14404
;WIDTH:0.395499
G1 F1021.048
G1 X109.346 Y100.647 E.17234
G1 X108.977 Y100.298 E.18961
;WIDTH:0.386032
G1 F1049.22
G1 X108.745 Y100.112 E.19945
;WIDTH:0.409482
G1 F982.1
G1 X108.678 Y100.09 E.20194
;WIDTH:0.45345
G1 F876.915
G1 X108.612 Y100.068 E.20469
;WIDTH:0.497419
G1 F792.082
G1 X108.545 Y100.046 E.20778
;WIDTH:0.541387
G1 F722.214
G1 X108.479 Y100.024 E.21112
;WIDTH:0.585356
G1 F663.673
G1 X108.412 Y100.002 E.21481
;WIDTH:0.629324
G1 F613.911
G1 X108.346 Y99.98 E.21874
;LAYER_CHANGE
;Z:8.35
;HEIGHT:0.200001
G92 E0
G1 Z8.35 F7800
G1 X107.633 Y102.326
;TYPE:Perimeter
;WIDTH:0.449999
G1 F884.349
G1 X107.967 Y102.696 E.01957
G1 X108.25 Y103.152 E.04064
G1 X108.441 Y103.523 E.05702
G1 X108.659 Y104.213 E.08543
G1 X108.712 Y104.641 E.10236
G1 X108.736 Y105.197 E.12421
G1 X108.69 Y105.567 E.13885
G1 X108.557 Y106.168 E.16302
G1 X108.299 Y106.756 E.18823
G1 X108.103 Y107.109 E.20408
G1 X107.784 Y107.523 E.2246
G1 X107.348 Y107.936 E.24818
G1 X106.91 Y108.246 E.26925
G1 X106.409 Y108.475 E.29088
G1 X105.875 Y108.675 E.31327
G1 X105.321 Y108.765 E.33531
G1 X104.593 Y108.766 E.36389
G1 X103.769 Y108.593 E.39695
G1 X103.143 Y108.323 E.42372
G1 X102.713 Y108.032 E.44411
G1 X102.336 Y107.731 E.46305
G1 X101.962 Y107.319 E.4849
G1 X101.602 Y106.74 E.51167
G1 X101.441 Y106.375 E.52733
G1 X101.258 Y105.816 E.55043
G1 X101.181 Y105.254 E.5727
G1 X101.214 Y104.452 E.60422
G1 X101.371 Y103.789 E.63097
G1 X101.569 Y103.311 E.65128
G1 X102.047 Y102.594 E.68512
G1 X102.244 Y102.363 E.69704
G1 X102.698 Y101.964 E.72077
G1 X103.125 Y101.696 E.74056
G1 X103.746 Y101.412 E.76737
G1 X104.357 Y101.282 E.7919
G1 X104.86 Y101.214 E.81183
G1 X105.363 Y101.235 E.8316
G1 X106.126 Y101.402 E.86227
G1 X106.648 Y101.61 E.88433
G1 X107.303 Y102.045 E.9152
G1 X107.588 Y102.286 E.92985
G1 X107.338 Y102.62 F7800
G1 F884.349
G1 X107.607 Y102.9 E.9451
G1 X107.902 Y103.363 E.96666
G1 X108.053 Y103.645 E.97922
G1 X108.27 Y104.335 E1.00762
G1 X108.323 Y105.076 E1.03679
M73 Q95 S0
G1 X108.292 Y105.479 E1.05266
M73 P95 R0
G1 X108.159 Y106.08 E1.07683
G1 X107.934 Y106.576 E1.09822
G1 X107.78 Y106.861 E1.11094
G1 X107.471 Y107.263 E1.13085
G1 X107.073 Y107.636 E1.15227
G1 X106.618 Y107.946 E1.17389
G1 X105.91 Y108.241 E1.20401
G1 X105.418 Y108.351 E1.22381
G1 X104.597 Y108.358 E1.25605
G1 X103.865 Y108.197 E1.28548
G1 X103.315 Y107.954 E1.30909
G1 X102.725 Y107.536 E1.33748
G1 X102.372 Y107.168 E1.3575
G1 X101.95 Y106.529 E1.38757
G1 X101.7 Y105.872 E1.41517
G1 X101.584 Y105.201 E1.44191
G1 X101.62 Y104.479 E1.47029
G1 X101.764 Y103.894 E1.49395
G1 X101.969 Y103.42 E1.51423
G1 X102.38 Y102.827 E1.54256
G1 X102.512 Y102.669 E1.55064
G1 X102.966 Y102.271 E1.57435
G1 X103.482 Y101.959 E1.59803
G1 X103.948 Y101.772 E1.61775
G1 X104.731 Y101.63 E1.649
G1 X105.232 Y101.629 E1.66867
G1 X105.751 Y101.736 E1.68948
G1 X106.249 Y101.879 E1.70982
G1 X106.588 Y102.041 E1.72457
G1 X107.181 Y102.456 E1.75299
G1 X107.297 Y102.577 E1.75957
G1 X107.054 Y102.904 F7800
;TYPE:External perimeter
G1 F884.349
G1 X107.307 Y103.175 E1.77413
G1 X107.644 Y103.723 E1.79939
G1 X107.882 Y104.458 E1.82972
G1 X107.917 Y105.094 E1.85473
G1 X107.895 Y105.391 E1.86642
G1 X107.762 Y105.992 E1.89059
G1 X107.478 Y106.579 E1.91619
G1 X107.163 Y106.996 E1.93671
G1 X106.783 Y107.349 E1.95707
G1 X106.422 Y107.588 E1.97407
G1 X105.754 Y107.865 E2.00246
G1 X105.321 Y107.951 E2.01979
G1 X104.596 Y107.951 E2.04826
G1 X103.962 Y107.802 E2.07383
G1 X103.487 Y107.585 E2.09433
G1 X102.966 Y107.207 E2.1196
G1 X102.61 Y106.825 E2.1401
G1 X102.298 Y106.318 E2.16347
G1 X102.086 Y105.741 E2.18761
G1 X101.988 Y105.148 E2.21121
G1 X102.026 Y104.505 E2.2365
G1 X102.157 Y104 E2.25698
G1 X102.325 Y103.616 E2.27344
G1 X102.714 Y103.061 E2.30005
G1 X103.163 Y102.639 E2.32424
G1 X103.685 Y102.312 E2.34843
G1 X104.09 Y102.156 E2.36547
G1 X104.802 Y102.031 E2.39385
G1 X105.244 Y102.04 E2.41121
G1 X105.95 Y102.197 E2.43961
G1 X106.355 Y102.375 E2.45698
G1 X106.948 Y102.79 E2.4854
G1 X107.013 Y102.86 E2.48915
G1 X107.283 Y103.156 F7800
G92 E0
G1 X105.316 Y98.558
;TYPE:Perimeter
G1 F884.349
G1 X105.394 Y98.56 E.00306
G1 X105.923 Y98.627 E.024
G1 X106.489 Y98.727 E.04657
G1 X107.002 Y98.874 E.06752
G1 X107.525 Y99.074 E.08951
G1 X108.029 Y99.319 E.11151
G1 X108.511 Y99.607 E.13356
G1 X109.066 Y100.029 E.16094
G1 X109.604 Y100.516 E.18943
G1 X109.959 Y100.915 E.2104
G1 X110.302 Y101.375 E.23293
G1 X110.744 Y102.137 E.26752
G1 X110.957 Y102.642 E.28904
G1 X111.229 Y103.466 E.32311
G1 X111.398 Y104.524 E.36518
G1 X111.416 Y105.058 E.38616
G1 X111.394 Y105.56 E.40589
G1 X111.323 Y106.104 E.42743
G1 X111.119 Y106.942 E.46129
G1 X110.932 Y107.458 E.48284
G1 X110.697 Y107.966 E.50482
G1 X110.418 Y108.452 E.52682
G1 X110.099 Y108.912 E.5488
G1 X109.747 Y109.335 E.57041
G1 X109.128 Y109.934 E.60423
G1 X108.694 Y110.27 E.62578
G1 X108.233 Y110.568 E.64733
G1 X107.462 Y110.954 E.68119
G1 X106.948 Y111.146 E.70273
G1 X106.408 Y111.295 E.72473
G1 X105.867 Y111.395 E.74633
G1 X105.008 Y111.459 E.78015
G1 X104.47 Y111.441 E.80129
G1 X103.628 Y111.32 E.83469
G1 X102.809 Y111.091 E.86808
G1 X102.309 Y110.891 E.88922
G1 X101.548 Y110.486 E.92307
G1 X101.103 Y110.183 E.94421
G1 X100.448 Y109.624 E.97802
G1 X100.071 Y109.224 E.9996
G1 X99.73 Y108.793 E1.02118
G1 X99.278 Y108.073 E1.05456
G1 X98.922 Y107.3 E1.08798
G1 X98.752 Y106.789 E1.10913
G1 X98.581 Y106.001 E1.14079
G1 X98.581 Y103.988 E1.21983
G1 X98.693 Y103.436 E1.24195
G1 X98.852 Y102.899 E1.26394
G1 X99.057 Y102.378 E1.28592
G1 X99.336 Y101.827 E1.31017
G1 X99.599 Y101.398 E1.32993
G1 X99.971 Y100.901 E1.35431
G1 X100.457 Y100.385 E1.38214
G1 X100.941 Y99.945 E1.40782
G1 X101.372 Y99.63 E1.42878
G1 X101.851 Y99.339 E1.45079
G1 X102.416 Y99.066 E1.47543
G1 X102.884 Y98.885 E1.49513
G1 X103.439 Y98.725 E1.51781
G1 X104.267 Y98.583 E1.5508
G1 X104.844 Y98.546 E1.5735
G1 X105.256 Y98.557 E1.58968
G1 X105.329 Y98.149 F7800
G1 F884.349
G1 X105.611 Y98.164 E1.60077
G1 X106.505 Y98.309 E1.63633
G1 X107.073 Y98.466 E1.65947
G1 X107.631 Y98.674 E1.68285
G1 X108.169 Y98.929 E1.70623
G1 X108.685 Y99.231 E1.72971
G1 X109.164 Y99.571 E1.75277
G1 X109.842 Y100.172 E1.78834
G1 X110.238 Y100.608 E1.81147
G1 X110.598 Y101.082 E1.83484
G1 X110.917 Y101.585 E1.85823
G1 X111.187 Y102.108 E1.88134
G1 X111.479 Y102.865 E1.9132
G1 X111.622 Y103.362 E1.93351
G1 X111.722 Y103.902 E1.95507
G1 X111.804 Y104.507 E1.97904
G1 X111.823 Y105.076 E2.00139
G1 X111.8 Y105.595 E2.02179
G1 X111.724 Y106.179 E2.04491
G1 X111.509 Y107.059 E2.08048
G1 X111.309 Y107.613 E2.10361
G1 X111.059 Y108.153 E2.12697
G1 X110.763 Y108.67 E2.15036
G1 X110.423 Y109.159 E2.17375
G1 X110.046 Y109.612 E2.19689
G1 X109.395 Y110.242 E2.23246
G1 X108.93 Y110.603 E2.25557
G1 X108.435 Y110.922 E2.27869
G1 X107.625 Y111.328 E2.31427
M73 P96 R0
M73 Q96 S0
G1 X107.073 Y111.534 E2.3374
G1 X106.499 Y111.692 E2.36078
G1 X105.92 Y111.799 E2.3839
G1 X105.016 Y111.867 E2.4195
G1 X104.434 Y111.847 E2.44237
G1 X103.544 Y111.719 E2.47768
G1 X102.678 Y111.477 E2.51299
G1 X102.137 Y111.261 E2.53586
G1 X101.338 Y110.835 E2.57141
G1 X100.856 Y110.507 E2.5943
G1 X100.167 Y109.919 E2.62987
G1 X99.763 Y109.491 E2.65298
G1 X99.397 Y109.029 E2.67612
G1 X98.919 Y108.267 E2.71144
G1 X98.543 Y107.45 E2.74675
G1 X98.359 Y106.897 E2.76963
G1 X98.174 Y106.045 E2.80386
G1 X98.174 Y103.948 E2.8862
G1 X98.281 Y103.397 E2.90824
G1 X98.445 Y102.824 E2.93164
G1 X98.658 Y102.268 E2.95502
G1 X98.918 Y101.733 E2.97838
G1 X99.224 Y101.222 E3.00177
G1 X99.574 Y100.737 E3.02525
G1 X99.958 Y100.293 E3.0483
G1 X100.621 Y99.676 E3.08386
G1 X101.093 Y99.324 E3.10698
G1 X101.6 Y99.01 E3.1304
G1 X102.131 Y98.742 E3.15375
G1 X102.684 Y98.52 E3.17715
G1 X103.254 Y98.348 E3.20053
G1 X103.837 Y98.225 E3.22393
G1 X104.428 Y98.153 E3.24731
G1 X105.025 Y98.133 E3.27076
G1 X105.269 Y98.146 E3.28035
G1 X105.342 Y97.742 F7800
;TYPE:External perimeter
G1 F884.349
G1 X105.655 Y97.759 E3.29266
G1 X106.593 Y97.911 E3.32997
G1 X107.198 Y98.079 E3.35462
G1 X107.79 Y98.299 E3.37942
G1 X108.36 Y98.569 E3.40418
G1 X108.906 Y98.889 E3.42903
G1 X109.417 Y99.252 E3.45364
G1 X110.128 Y99.882 E3.49094
G1 X110.551 Y100.347 E3.51562
G1 X110.933 Y100.849 E3.54039
G1 X111.27 Y101.382 E3.56515
G1 X111.559 Y101.941 E3.58986
G1 X111.901 Y102.827 E3.62715
G1 X112.032 Y103.32 E3.64718
G1 X112.125 Y103.84 E3.66792
G1 X112.211 Y104.489 E3.69363
G1 X112.229 Y105.094 E3.7174
G1 X112.206 Y105.63 E3.73847
G1 X112.124 Y106.254 E3.76318
G1 X111.9 Y107.177 E3.80047
G1 X111.686 Y107.768 E3.82515
G1 X111.421 Y108.341 E3.84994
G1 X111.107 Y108.888 E3.8747
G1 X110.747 Y109.406 E3.89947
G1 X110.345 Y109.889 E3.92414
G1 X109.662 Y110.55 E3.96146
G1 X109.165 Y110.935 E3.98614
G1 X108.637 Y111.276 E4.01082
G1 X107.788 Y111.702 E4.04812
G1 X107.198 Y111.921 E4.07283
G1 X106.59 Y112.089 E4.0976
G1 X105.972 Y112.204 E4.12228
G1 X105.025 Y112.274 E4.15956
G1 X104.398 Y112.253 E4.18419
G1 X103.46 Y112.119 E4.22139
G1 X102.547 Y111.863 E4.25862
G1 X101.965 Y111.63 E4.28324
G1 X101.127 Y111.184 E4.32051
G1 X100.609 Y110.831 E4.34512
G1 X99.886 Y110.214 E4.38244
G1 X99.455 Y109.757 E4.40711
G1 X99.064 Y109.264 E4.43182
G1 X98.56 Y108.461 E4.46905
G1 X98.164 Y107.6 E4.50626
G1 X97.966 Y107.005 E4.53088
G1 X97.766 Y106.089 E4.56769
G1 X97.766 Y103.909 E4.65329
G1 X97.885 Y103.302 E4.67758
G1 X98.059 Y102.695 E4.70237
G1 X98.284 Y102.106 E4.72713
G1 X98.56 Y101.539 E4.75189
G1 X98.884 Y100.997 E4.77668
G1 X99.255 Y100.485 E4.80151
G1 X99.665 Y100.01 E4.82615
G1 X100.36 Y99.363 E4.86343
G1 X100.864 Y98.987 E4.88812
G1 X101.4 Y98.655 E4.91288
G1 X101.963 Y98.37 E4.93766
G1 X102.549 Y98.136 E4.96244
G1 X103.153 Y97.953 E4.98722
G1 X103.77 Y97.823 E5.01198
G1 X104.396 Y97.747 E5.03674
G1 X105.029 Y97.726 E5.06161
G1 X105.282 Y97.739 E5.07156
G1 X105.681 Y97.768 F7800
G92 E0
G1 X108.298 Y110.384
;TYPE:Top solid infill
;WIDTH:0.40589
G1 F900
G1 X109.562 Y109.12 E.06258
G1 X109.876 Y108.743 E.07976
G1 X110.181 Y108.302 E.09853
G1 X110.448 Y107.838 E.11727
G1 X110.549 Y107.619 E.12571
G1 X107.593 Y110.575 E.27207
G1 X107.35 Y110.697 E.28159
G1 X106.743 Y110.912 E.30413
G1 X110.868 Y106.786 E.50839
G1 X111.033 Y106.108 E.53282
G1 X106.069 Y111.073 E.77862
G1 X105.831 Y111.117 E.78709
G1 X105.486 Y111.143 E.7992
G1 X111.116 Y105.513 E1.07795
G1 X111.137 Y104.978 E1.09669
M73 P97 R0
M73 Q97 S0
G1 X104.938 Y111.176 E1.40359
G1 X104.447 Y111.154 E1.4208
G1 X111.115 Y104.486 E1.75094
G1 X111.048 Y104.04 E1.76673
G1 X108.82 Y106.268 E1.87704
G1 X108.957 Y105.617 E1.90033
G1 X110.974 Y103.6 E2.0002
G1 X110.866 Y103.195 E2.01487
G1 X109.004 Y105.058 E2.10709
G1 X108.988 Y104.56 E2.12453
G1 X110.726 Y102.822 E2.21058
G1 X110.583 Y102.452 E2.22447
G1 X108.921 Y104.114 E2.30676
G1 X108.798 Y103.724 E2.32108
G1 X110.413 Y102.108 E2.40107
G1 X110.32 Y101.927 E2.40819
G1 X110.227 Y101.781 E2.41425
G1 X108.668 Y103.34 E2.49144
G1 X108.624 Y103.233 E2.49549
G1 X108.486 Y103.009 E2.5047
G1 X110.028 Y101.467 E2.58105
G1 X109.806 Y101.176 E2.59386
G1 X108.291 Y102.691 E2.66887
G1 X108.19 Y102.526 E2.67564
G1 X108.071 Y102.397 E2.68178
G1 X109.572 Y100.897 E2.75607
G1 X109.324 Y100.631 E2.7688
G1 X107.825 Y102.13 E2.84302
G1 X107.692 Y101.985 E2.84991
G1 X107.554 Y101.887 E2.85584
G1 X109.052 Y100.39 E2.92998
G1 X108.779 Y100.149 E2.94273
G1 X107.253 Y101.675 E3.01828
G1 X106.953 Y101.462 E3.03116
G1 X108.484 Y99.932 E3.10694
G1 X108.173 Y99.729 E3.11994
G1 X106.609 Y101.292 E3.19735
G1 X106.357 Y101.178 E3.20703
G1 X106.238 Y101.15 E3.21131
G1 X107.85 Y99.539 E3.2911
G1 X107.502 Y99.373 E3.3046
G1 X105.821 Y101.054 E3.38783
G1 X105.405 Y100.957 E3.40278
G1 X107.138 Y99.224 E3.48858
G1 X106.756 Y99.092 E3.50273
G1 X104.91 Y100.938 E3.59413
G1 X104.791 Y100.934 E3.5983
G1 X104.32 Y101.015 E3.61503
G1 X106.354 Y98.981 E3.71574
G1 X105.912 Y98.909 E3.73142
G1 X103.396 Y101.425 E3.85599
G92 E0
G1 X106.547 Y108.542 F7800
G1 F900
G1 X103.998 Y111.09 E.12618
G1 X103.564 Y111.011 E.14162
G1 X105.559 Y109.016 E.2404
G1 X105.418 Y109.042 E.24542
G1 X105.023 Y109.039 E.25925
G1 X103.163 Y110.899 E.35134
G1 X102.773 Y110.775 E.36567
G1 X104.514 Y109.034 E.45187
G1 X104.414 Y109.033 E.45537
M73 P98 R0
M73 Q98 S0
G1 X104.083 Y108.952 E.4673
G1 X102.409 Y110.626 E.55018
G1 X102.074 Y110.448 E.56346
G1 X103.67 Y108.852 E.64248
G1 X103.584 Y108.831 E.64558
G1 X103.305 Y108.703 E.65633
G1 X101.739 Y110.27 E.73389
G1 X101.429 Y110.066 E.74688
G1 X102.954 Y108.541 E.82239
G1 X102.655 Y108.326 E.83528
G1 X101.138 Y109.844 E.91041
G1 X100.861 Y109.607 E.92317
G1 X102.356 Y108.112 E.99719
G1 X102.242 Y108.03 E1.00211
G1 X102.089 Y107.866 E1.00996
G1 X100.59 Y109.365 E1.08418
G1 X100.34 Y109.101 E1.09691
G1 X101.842 Y107.6 E1.17125
G1 X101.741 Y107.492 E1.17643
G1 X101.626 Y107.303 E1.18418
G1 X100.109 Y108.82 E1.25929
G1 X99.892 Y108.523 E1.27217
G1 X101.431 Y106.984 E1.34837
G1 X101.247 Y106.655 E1.36157
G1 X99.694 Y108.208 E1.43846
G1 X99.525 Y107.939 E1.44958
G1 X99.501 Y107.887 E1.45159
G1 X101.117 Y106.271 E1.5316
G1 X100.988 Y105.887 E1.54578
G1 X99.339 Y107.536 E1.62742
G1 X99.179 Y107.183 E1.64099
G1 X100.923 Y105.439 E1.72734
G1 X100.902 Y105.287 E1.73271
G1 X100.901 Y104.947 E1.74461
G1 X99.05 Y106.798 E1.83626
G1 X98.951 Y106.384 E1.85116
G1 X100.943 Y104.392 E1.94979
G1 X100.95 Y104.296 E1.95316
G1 X101.107 Y103.715 E1.97423
G1 X98.861 Y105.961 E2.08543
G1 X98.861 Y105.448 E2.10339
G1 X105.464 Y98.845 E2.43032
G1 X104.969 Y98.826 E2.44766
G1 X98.861 Y104.934 E2.75008
G1 X98.861 Y104.421 E2.76804
G1 X104.437 Y98.844 E3.04414
G1 X103.842 Y98.926 E3.06517
G1 X98.887 Y103.882 E3.31053
G1 X98.95 Y103.557 E3.32212
G1 X99.051 Y103.204 E3.33497
G1 X103.161 Y99.094 E3.53846
G1 X102.912 Y99.169 E3.54756
G1 X102.331 Y99.411 E3.56959
G1 X99.373 Y102.368 E3.71602
G1 X99.523 Y102.06 E3.72801
G1 X99.799 Y101.6 E3.74679
G1 X100.114 Y101.164 E3.76562
G1 X100.43 Y100.799 E3.78252
G1 X101.598 Y99.631 E3.84035
; stop printing object spacer_for_board_casing.stl id:0 copy 0
G92 E0
M107
;TYPE:Custom
; Filament-specific end gcode
#M104 S0 ; turn off temperature
G00 Z100; Z Axis to safe point
G00 Y100; Y Axis to Front
G28 X0  ; home X axis
M84     ; disable motors
M73 P100 R0
M73 Q100 S0
; objects_info = {"objects":[{"name":"spacer_for_board_casing.stl id:0 copy 0","polygon":[[105.354,97.510],[106.641,97.691],[108.174,98.224],[109.296,98.881],[110.510,99.958],[111.465,101.270],[112.012,102.450],[112.346,103.705],[112.451,105.325],[112.283,106.614],[111.764,108.152],[111.118,109.279],[110.053,110.504],[108.749,111.472],[107.575,112.029],[106.001,112.427],[104.704,112.496],[103.414,112.339],[101.871,111.835],[100.472,111.010],[99.284,109.904],[98.362,108.569],[97.749,107.066],[97.541,106.113],[97.541,103.887],[97.845,102.624],[98.362,101.431],[99.284,100.096],[100.216,99.190],[101.290,98.458],[102.474,97.923],[103.733,97.601]]}]}
; filament used [mm] = 366.61
; filament used [cm3] = 0.88
; filament used [g] = 1.07
; filament cost = 37.34
; total filament used [g] = 1.07
; total filament cost = 37.34
; total filament used for wipe tower [g] = 0.00
; estimated printing time (normal mode) = 11m 6s
; estimated printing time (silent mode) = 11m 8s
; estimated first layer printing time (normal mode) = 36s
; estimated first layer printing time (silent mode) = 36s

; prusaslicer_config = begin
; arc_fitting = disabled
; autoemit_temperature_commands = 1
; automatic_extrusion_widths = 0
; automatic_infill_combination = 1
; automatic_infill_combination_max_layer_height = 100%
; avoid_crossing_curled_overhangs = 0
; avoid_crossing_perimeters = 0
; avoid_crossing_perimeters_max_detour = 0
; bed_custom_model = 
; bed_custom_texture = 
; bed_shape = 0x0,210x0,210x210,0x210
; bed_temperature = 30
; bed_temperature_extruder = 0
; before_layer_gcode = 
; between_objects_gcode = 
; binary_gcode = 0
; bottom_fill_pattern = monotonic
; bottom_solid_layers = 3
; bottom_solid_min_thickness = 0
; bridge_acceleration = 0
; bridge_angle = 0
; bridge_fan_speed = 80
; bridge_flow_ratio = 1
; bridge_speed = 60
; brim_separation = 0
; brim_type = outer_only
; brim_width = 0
; chamber_minimal_temperature = 0
; chamber_temperature = 0
; color_change_gcode = M600
; colorprint_heights = 
; compatible_printers_condition_cummulative = ;"printer_notes!~/.*NO_TEMPLATES.*/ and printer_notes!~/.*PRINTER_VENDOR_TRILAB.*/ and printer_notes!~/.*PRINTER_MODEL_MK4IS.*/ and ! (printer_notes=~/.*PRINTER_VENDOR_PRUSA3D.*/ and num_extruders>1)"
; complete_objects = 1
; cooling = 0
; cooling_perimeter_transition_distance = 0
; cooling_slowdown_logic = uniform_cooling
; cooling_tube_length = 5
; cooling_tube_retraction = 91.5
; custom_parameters_filament = ""
; custom_parameters_print = 
; custom_parameters_printer = 
; default_acceleration = 0
; default_filament_profile = 
; default_print_profile = 
; deretract_speed = 0
; disable_fan_first_layers = 3
; dont_support_bridges = 1
; draft_shield = disabled
; duplicate_distance = 6
; elefant_foot_compensation = 0
; enable_dynamic_fan_speeds = 0
; enable_dynamic_overhang_speeds = 0
; end_filament_gcode = "; Filament-specific end gcode"
; end_gcode = #M104 S0 ; turn off temperature\nG00 Z100; Z Axis to safe point\nG00 Y100; Y Axis to Front\nG28 X0  ; home X axis\nM84     ; disable motors\n
; ensure_vertical_shell_thickness = enabled
; external_perimeter_acceleration = 0
; external_perimeter_extrusion_width = 0
; external_perimeter_speed = 50%
; external_perimeters_first = 0
; extra_loading_move = -2
; extra_perimeters = 1
; extra_perimeters_on_overhangs = 0
; extruder_clearance_height = 20
; extruder_clearance_radius = 25
; extruder_colour = #FF0000
; extruder_offset = 0x0
; extrusion_axis = E
; extrusion_multiplier = 1.16
; extrusion_width = 0
; fan_always_on = 0
; fan_below_layer_time = 100
; filament_abrasive = 0
; filament_colour = #000000
; filament_cooling_final_speed = 2
; filament_cooling_initial_speed = 3
; filament_cooling_moves = 1
; filament_cost = 35000
; filament_density = 1.21
; filament_deretract_speed = nil
; filament_diameter = 1.75
; filament_infill_max_crossing_speed = 0
; filament_infill_max_speed = 0
; filament_load_time = 0
; filament_loading_speed = 14
; filament_loading_speed_start = 19
; filament_max_volumetric_speed = 1.2
; filament_minimal_purge_on_wipe_tower = 0
; filament_multitool_ramming = 0
; filament_multitool_ramming_flow = 10
; filament_multitool_ramming_volume = 10
; filament_notes = ""
; filament_purge_multiplier = 100%
; filament_ramming_parameters = "130 120 2.70968 2.93548 3.32258 3.83871 4.58065 5.54839 6.51613 7.35484 7.93548 8.16129| 0.05 2.66451 0.45 3.05805 0.95 4.05807 1.45 5.97742 1.95 7.69999 2.45 8.1936 2.95 11.342 3.45 11.4065 3.95 7.6 4.45 7.6 4.95 7.6"
; filament_retract_before_travel = nil
; filament_retract_before_wipe = nil
; filament_retract_layer_change = nil
; filament_retract_length = 0
; filament_retract_length_toolchange = nil
; filament_retract_lift = nil
; filament_retract_lift_above = nil
; filament_retract_lift_below = nil
; filament_retract_restart_extra = nil
; filament_retract_restart_extra_toolchange = nil
; filament_retract_speed = nil
; filament_seam_gap_distance = nil
; filament_settings_id = "TPU Local"
; filament_shrinkage_compensation_xy = 0%
; filament_shrinkage_compensation_z = 0%
; filament_soluble = 0
; filament_spool_weight = 1000
; filament_stamping_distance = 0
; filament_stamping_loading_speed = 20
; filament_toolchange_delay = 0
; filament_travel_lift_before_obstacle = nil
; filament_travel_max_lift = nil
; filament_travel_ramping_lift = nil
; filament_travel_slope = nil
; filament_type = FLEX
; filament_unload_time = 0
; filament_unloading_speed = 20
; filament_unloading_speed_start = 100
; filament_vendor = Eolas Prints
; filament_wipe = nil
; fill_angle = 45
; fill_density = 20%
; fill_pattern = lightning
; first_layer_acceleration = 0
; first_layer_acceleration_over_raft = 0
; first_layer_bed_temperature = 40
; first_layer_extrusion_width = 200%
; first_layer_height = 0.25
; first_layer_infill_speed = 0
; first_layer_speed = 30
; first_layer_speed_over_raft = 30
; first_layer_temperature = 200
; full_fan_speed_layer = 0
; fuzzy_skin = none
; fuzzy_skin_point_dist = 0.8
; fuzzy_skin_thickness = 0.3
; gap_fill_enabled = 1
; gap_fill_speed = 20
; gcode_comments = 0
; gcode_flavor = marlin
; gcode_label_objects = octoprint
; gcode_resolution = 0.0125
; gcode_substitutions = 
; high_current_on_filament_swap = 0
; host_type = prusalink
; idle_temperature = nil
; infill_acceleration = 0
; infill_anchor = 600%
; infill_anchor_max = 50
; infill_every_layers = 1
; infill_extruder = 1
; infill_extrusion_width = 0
; infill_first = 0
; infill_overlap = 25%
; infill_speed = 80
; inherits_cummulative = ;"Eolas Prints TPU 93A @Template";
; interface_shells = 0
; interlocking_beam = 0
; interlocking_beam_layer_count = 2
; interlocking_beam_width = 0.8
; interlocking_boundary_avoidance = 2
; interlocking_depth = 2
; interlocking_orientation = 22.5
; ironing = 0
; ironing_flowrate = 15%
; ironing_spacing = 0.1
; ironing_speed = 15
; ironing_type = top
; layer_gcode = 
; layer_height = 0.2
; machine_limits_usage = time_estimate_only
; machine_max_acceleration_e = 10000,5000
; machine_max_acceleration_extruding = 1500,1250
; machine_max_acceleration_retracting = 1500,1250
; machine_max_acceleration_travel = 1500,1250
; machine_max_acceleration_x = 9000,1000
; machine_max_acceleration_y = 9000,1000
; machine_max_acceleration_z = 500,200
; machine_max_feedrate_e = 120,120
; machine_max_feedrate_x = 500,200
; machine_max_feedrate_y = 500,200
; machine_max_feedrate_z = 12,12
; machine_max_jerk_e = 2.5,2.5
; machine_max_jerk_x = 10,10
; machine_max_jerk_y = 10,10
; machine_max_jerk_z = 0.2,0.4
; machine_max_junction_deviation = 0,0
; machine_min_extruding_rate = 0,0
; machine_min_travel_rate = 0,0
; max_fan_speed = 90
; max_layer_height = 0
; max_print_height = 200
; max_print_speed = 80
; max_volumetric_extrusion_rate_slope_negative = 0
; max_volumetric_extrusion_rate_slope_positive = 0
; max_volumetric_speed = 0
; min_bead_width = 85%
; min_fan_speed = 70
; min_feature_size = 25%
; min_layer_height = 0.05
; min_print_speed = 10
; min_skirt_length = 0
; mmu_segmented_region_interlocking_depth = 0
; mmu_segmented_region_max_width = 0
; multimaterial_purging = 140
; notes = 
; nozzle_diameter = 0.4
; nozzle_high_flow = 0
; only_one_perimeter_first_layer = 0
; only_retract_when_crossing_perimeters = 0
; ooze_prevention = 0
; output_filename_format = [input_filename_base].gcode
; over_bridge_speed = 0
; overhang_fan_speed_0 = 0
; overhang_fan_speed_1 = 0
; overhang_fan_speed_2 = 0
; overhang_fan_speed_3 = 0
; overhang_speed_0 = 15
; overhang_speed_1 = 15
; overhang_speed_2 = 20
; overhang_speed_3 = 25
; overhangs = 1
; parking_pos_retraction = 92
; pause_print_gcode = M601
; perimeter_acceleration = 0
; perimeter_extruder = 1
; perimeter_extrusion_width = 0
; perimeter_generator = arachne
; perimeter_speed = 60
; perimeters = 3
; physical_printer_settings_id = 
; post_process = 
; prefer_clockwise_movements = 0
; print_settings_id = Anet
; printer_model = 
; printer_notes = 
; printer_settings_id = Anet
; printer_technology = FFF
; printer_variant = 
; printer_vendor = 
; raft_contact_distance = 0.1
; raft_expansion = 1.5
; raft_first_layer_density = 90%
; raft_first_layer_expansion = 3
; raft_layers = 0
; remaining_times = 1
; resolution = 0
; retract_before_travel = 2
; retract_before_wipe = 0%
; retract_layer_change = 0
; retract_length = 2
; retract_length_toolchange = 10
; retract_lift = 0
; retract_lift_above = 0
; retract_lift_below = 0
; retract_restart_extra = 0
; retract_restart_extra_toolchange = 0
; retract_speed = 40
; scarf_seam_entire_loop = 0
; scarf_seam_length = 20
; scarf_seam_max_segment_length = 1
; scarf_seam_on_inner_perimeters = 0
; scarf_seam_only_on_smooth = 1
; scarf_seam_placement = nowhere
; scarf_seam_start_height = 0%
; seam_gap_distance = 15%
; seam_position = aligned
; silent_mode = 1
; single_extruder_multi_material = 0
; single_extruder_multi_material_priming = 1
; skirt_distance = 6
; skirt_height = 1
; skirts = 0
; slice_closing_radius = 0.049
; slicing_mode = regular
; slowdown_below_layer_time = 10
; small_perimeter_speed = 15
; solid_infill_acceleration = 0
; solid_infill_below_area = 70
; solid_infill_every_layers = 0
; solid_infill_extruder = 1
; solid_infill_extrusion_width = 0
; solid_infill_speed = 20
; spiral_vase = 0
; staggered_inner_seams = 0
; standby_temperature_delta = -5
; start_filament_gcode = "; Filament gcode\n"
; start_gcode = G28 ; home all axes\nG1 Z5 F5000 ; lift nozzle\n
; support_material = 0
; support_material_angle = 0
; support_material_auto = 1
; support_material_bottom_contact_distance = 0
; support_material_bottom_interface_layers = -1
; support_material_buildplate_only = 0
; support_material_closing_radius = 2
; support_material_contact_distance = 0.2
; support_material_enforce_layers = 0
; support_material_extruder = 1
; support_material_extrusion_width = 0
; support_material_interface_contact_loops = 0
; support_material_interface_extruder = 1
; support_material_interface_layers = 3
; support_material_interface_pattern = rectilinear
; support_material_interface_spacing = 0
; support_material_interface_speed = 100%
; support_material_pattern = rectilinear
; support_material_spacing = 2.5
; support_material_speed = 60
; support_material_style = grid
; support_material_synchronize_layers = 0
; support_material_threshold = 0
; support_material_with_sheath = 1
; support_material_xy_spacing = 50%
; support_tree_angle = 40
; support_tree_angle_slow = 25
; support_tree_branch_diameter = 2
; support_tree_branch_diameter_angle = 5
; support_tree_branch_diameter_double_wall = 3
; support_tree_branch_distance = 1
; support_tree_tip_diameter = 0.8
; support_tree_top_rate = 15%
; temperature = 190
; template_custom_gcode = 
; thick_bridges = 1
; thin_walls = 1
; thumbnails = 
; thumbnails_format = PNG
; toolchange_gcode = 
; top_fill_pattern = monotonic
; top_infill_extrusion_width = 0
; top_one_perimeter_type = none
; top_solid_infill_acceleration = 0
; top_solid_infill_speed = 15
; top_solid_layers = 3
; top_solid_min_thickness = 0
; travel_acceleration = 0
; travel_lift_before_obstacle = 0
; travel_max_lift = 0
; travel_ramping_lift = 0
; travel_short_distance_acceleration = 0
; travel_slope = 0
; travel_speed = 130
; travel_speed_z = 0
; use_firmware_retraction = 0
; use_relative_e_distances = 0
; use_volumetric_e = 0
; variable_layer_height = 1
; wall_distribution_count = 1
; wall_transition_angle = 10
; wall_transition_filter_deviation = 25%
; wall_transition_length = 100%
; wipe = 0
; wipe_into_infill = 0
; wipe_into_objects = 0
; wipe_tower = 1
; wipe_tower_acceleration = 0
; wipe_tower_bridging = 10
; wipe_tower_brim_width = 2
; wipe_tower_cone_angle = 0
; wipe_tower_extra_flow = 100%
; wipe_tower_extra_spacing = 100%
; wipe_tower_extruder = 0
; wipe_tower_no_sparse_layers = 0
; wipe_tower_width = 60
; wiping_volumes_matrix = 0
; wiping_volumes_use_custom_matrix = 0
; xy_size_compensation = 0
; z_offset = 0.3
; prusaslicer_config = end
