; generated by PrusaSlicer 2.9.4 on 2026-05-23 at 14:36:11 UTC

; 

; external perimeters extrusion width = 0.45mm
; perimeters extrusion width = 0.45mm
; infill extrusion width = 0.45mm
; solid infill extrusion width = 0.45mm
; top infill extrusion width = 0.40mm
; first layer extrusion width = 0.50mm

M73 P0 R31
M73 Q0 S32

; printing object M_8_fitting_to_body_back.stl id:0 copy 0
; stop printing object M_8_fitting_to_body_back.stl id:0 copy 0

M190 S40 ; set bed temperature and wait for it to be reached
M104 S200 ; set temperature
;TYPE:Custom
G28 ; home all axes
G1 Z5 F5000 ; lift nozzle
M109 S200 ; set temperature and wait for it to be reached
G21 ; set units to millimeters
G90 ; use absolute coordinates
M82 ; use absolute distances for extrusion
G92 E0
; Filament gcode
M107
;LAYER_CHANGE
;Z:0.55
;HEIGHT:0.55
; printing object M_8_fitting_to_body_back.stl id:0 copy 0
G92 E0
G1 X104.224 Y110.708 F7800
G1 Z.55
;TYPE:Perimeter
;WIDTH:0.499999
;HEIGHT:0.25
G1 F645.235
G1 X103.807 Y110.642 E.02272
G1 X102.726 Y110.298 E.08377
G1 X102.181 Y110.03 E.11645
G1 X101.732 Y109.752 E.14487
G1 X101.291 Y109.394 E.17544
G1 X100.856 Y109.007 E.20677
G1 X100.334 Y108.385 E.25047
G1 X100.021 Y107.893 E.28185
M73 Q0 S31
G1 X99.691 Y107.252 E.32065
G1 X99.394 Y106.342 E.37216
G1 X99.29 Y105.758 E.40408
G1 X99.255 Y105.391 E.42392
G1 X99.25 Y104.601 E.46644
G1 X99.332 Y103.978 E.50026
G1 X99.486 Y103.312 E.53705
G1 X99.827 Y102.462 E.58634
G1 X100.235 Y101.753 E.63036
G1 X100.551 Y101.331 E.65873
G1 X101.192 Y100.676 E.70805
G1 X101.84 Y100.177 E.75206
G1 X102.294 Y99.907 E.78049
G1 X103.137 Y99.548 E.8298
G1 X104.112 Y99.307 E.88385
G1 X105.044 Y99.237 E.93415
G1 X105.899 Y99.307 E.98032
G1 X106.512 Y99.442 E1.0141
G1 X107.162 Y99.654 E1.05089
G1 X107.819 Y99.97 E1.09012
G1 X108.332 Y100.313 E1.12333
G1 X108.772 Y100.641 E1.15286
G1 X109.295 Y101.163 E1.19263
G1 X109.69 Y101.673 E1.22735
G1 X109.984 Y102.098 E1.25516
G1 X110.227 Y102.58 E1.28421
G1 X110.374 Y102.923 E1.30429
G1 X110.606 Y103.658 E1.34577
G1 X110.71 Y104.242 E1.37769
G1 X110.766 Y104.944 E1.41559
G1 X110.696 Y105.865 E1.4653
G1 X110.521 Y106.664 E1.50932
G1 X110.346 Y107.162 E1.53773
G1 X110.054 Y107.775 E1.57427
G1 X109.533 Y108.55 E1.62453
G1 X109.353 Y108.779 E1.64021
G1 X108.779 Y109.353 E1.6839
G1 X108.201 Y109.795 E1.72306
G1 X107.635 Y110.108 E1.75787
G1 X107.139 Y110.355 E1.78769
G1 X106.563 Y110.55 E1.82042
G1 X106.049 Y110.671 E1.84884
G1 X104.931 Y110.766 E1.90922
G1 X104.37 Y110.731 E1.93947
G1 X104.283 Y110.717 E1.94421
G1 X104.293 Y110.258 F7800
G1 F645.235
G1 X104.091 Y110.237 E1.95514
G1 X103.389 Y110.053 E1.99419
G1 X102.815 Y109.844 E2.02706
G1 X102.365 Y109.623 E2.05404
G1 X101.906 Y109.327 E2.08343
G1 X101.28 Y108.802 E2.1274
G1 X100.676 Y108.098 E2.17732
G1 X100.402 Y107.661 E2.20508
G1 X100.095 Y107.063 E2.24125
G1 X99.82 Y106.208 E2.28958
G1 X99.73 Y105.689 E2.31793
G1 X99.696 Y104.617 E2.37565
G1 X99.773 Y104.046 E2.40666
G1 X99.917 Y103.428 E2.44081
G1 X100.24 Y102.633 E2.48699
G1 X100.617 Y101.985 E2.52733
G1 X100.924 Y101.579 E2.55472
G1 X101.508 Y100.992 E2.59928
G1 X102.104 Y100.537 E2.63963
G1 X102.549 Y100.277 E2.66737
G1 X103.308 Y99.96 E2.71164
G1 X104.208 Y99.743 E2.76146
G1 X105.044 Y99.685 E2.80656
G1 X105.862 Y99.752 E2.85073
G1 X106.406 Y99.876 E2.88076
G1 X107.009 Y100.073 E2.9149
G1 X107.622 Y100.371 E2.95158
G1 X108.464 Y100.963 E3.00697
G1 X109.037 Y101.536 E3.05058
G1 X109.577 Y102.29 E3.10049
G1 X109.948 Y103.057 E3.14634
G1 X110.18 Y103.792 E3.18782
G1 X110.27 Y104.311 E3.21617
G1 X110.321 Y104.966 E3.25153
G1 X110.252 Y105.826 E3.29796
G1 X110.087 Y106.558 E3.33834
G1 X109.913 Y107.043 E3.36607
G1 X109.653 Y107.579 E3.39813
G1 X109.166 Y108.296 E3.44477
G1 X108.492 Y109.008 E3.49753
G1 X107.936 Y109.436 E3.53529
G1 X107.427 Y109.714 E3.5665
G1 X106.903 Y109.963 E3.59772
G1 X106.42 Y110.127 E3.62517
G1 X105.924 Y110.241 E3.65256
G1 X105.421 Y110.287 E3.67974
G1 X104.824 Y110.312 E3.7119
G1 X104.353 Y110.264 E3.73738
G1 X104.359 Y109.829 F7800
;TYPE:External perimeter
G1 F645.235
G1 X103.928 Y109.755 E3.76091
G1 X103.152 Y109.51 E3.8047
G1 X102.576 Y109.229 E3.83919
G1 X102.188 Y108.982 E3.86394
G1 X101.567 Y108.46 E3.9076
G1 X101.018 Y107.811 E3.95335
G1 X100.683 Y107.264 E3.98787
G1 X100.477 Y106.809 E4.01475
G1 X100.246 Y106.074 E4.05621
G1 X100.15 Y105.487 E4.08822
G1 X100.143 Y104.614 E4.1352
G1 X100.214 Y104.114 E4.16238
G1 X100.348 Y103.543 E4.19394
G1 X100.652 Y102.804 E4.23694
G1 X100.998 Y102.216 E4.27366
G1 X101.307 Y101.824 E4.30052
G1 X101.852 Y101.278 E4.34204
G1 X102.368 Y100.897 E4.37656
G1 X102.767 Y100.668 E4.40132
G1 X103.516 Y100.357 E4.44496
G1 X104.305 Y100.179 E4.48849
G1 X105.008 Y100.13 E4.52641
G1 X105.826 Y100.196 E4.57057
G1 X106.452 Y100.347 E4.60522
G1 X106.951 Y100.538 E4.63397
G1 X107.424 Y100.771 E4.66235
G1 X108.057 Y101.211 E4.70384
G1 X108.447 Y101.577 E4.73262
G1 X108.793 Y101.948 E4.75992
G1 X109.212 Y102.546 E4.79922
G1 X109.498 Y103.121 E4.83378
G1 X109.754 Y103.926 E4.87924
G1 X109.85 Y104.513 E4.91125
G1 X109.874 Y105.019 E4.93851
G1 X109.803 Y105.828 E4.98221
G1 X109.653 Y106.452 E5.01675
G1 X109.457 Y106.963 E5.0462
G1 X109.235 Y107.412 E5.07316
G1 X108.747 Y108.117 E5.1193
G1 X108.177 Y108.693 E5.16291
G1 X107.671 Y109.077 E5.19709
G1 X106.76 Y109.54 E5.25208
G1 X106.276 Y109.705 E5.2796
G1 X105.827 Y109.804 E5.30434
G1 X105.019 Y109.874 E5.34799
G1 X104.426 Y109.84 E5.37995
G1 X104.418 Y109.839 E5.38038
G1 X104.024 Y109.771 F7800
G92 E0
G1 X95.688 Y99.199
;TYPE:Perimeter
G1 F645.235
G1 X95.966 Y98.763 E.02783
G1 X96.28 Y98.325 E.05683
G1 X96.904 Y97.581 E.10909
G1 X97.581 Y96.904 E.16061
G1 X98.315 Y96.288 E.21218
G1 X99.1 Y95.739 E.26373
G1 X99.866 Y95.296 E.31135
G1 X100.348 Y95.052 E.34042
G1 X101.244 Y94.681 E.39261
G1 X102.158 Y94.393 E.44418
G1 X103.093 Y94.186 E.49572
G1 X103.971 Y94.07 E.54338
G1 X104.51 Y94.029 E.57247
G1 X105.362 Y94.026 E.61832
G1 X106.421 Y94.111 E.67549
G1 X107.305 Y94.266 E.72379
G1 X107.832 Y94.39 E.75293
G1 X108.645 Y94.643 E.79875
G1 X109.63 Y95.042 E.85594
G1 X110.491 Y95.49 E.90817
G1 X111.237 Y95.965 E.95576
G1 X111.677 Y96.281 E.98491
G1 X112.331 Y96.826 E1.03072
G1 X113.088 Y97.572 E1.08792
G1 X113.665 Y98.259 E1.1362
G1 X113.99 Y98.692 E1.16534
G1 X114.45 Y99.409 E1.21118
G1 X114.948 Y100.348 E1.26838
G1 X115.319 Y101.244 E1.32057
G1 X115.585 Y102.088 E1.36819
G1 X115.719 Y102.613 E1.39735
G1 X115.87 Y103.451 E1.44317
G1 X115.941 Y104.048 E1.47552
G1 X115.971 Y104.594 E1.50495
G1 X115.971 Y105.479 E1.55258
G1 X115.887 Y106.433 E1.60412
G1 X115.721 Y107.377 E1.6557
G1 X115.473 Y108.302 E1.70724
G1 X115.17 Y109.134 E1.75489
G1 X114.958 Y109.63 E1.78392
G1 X114.544 Y110.426 E1.8322
G1 X114.268 Y110.892 E1.86135
G1 X113.781 Y111.591 E1.9072
G1 X113.105 Y112.41 E1.96435
G1 X112.419 Y113.096 E2.01656
G1 X111.685 Y113.712 E2.06813
G1 X110.9 Y114.261 E2.11968
G1 X110.069 Y114.741 E2.17132
G1 X109.309 Y115.099 E2.21653
G1 X108.763 Y115.317 E2.24817
G1 X107.842 Y115.607 E2.30013
G1 X106.907 Y115.814 E2.35167
G1 X106.03 Y115.93 E2.39928
G1 X105.491 Y115.971 E2.42837
G1 X104.521 Y115.971 E2.48057
G1 X103.639 Y115.894 E2.52822
G1 X103.103 Y115.817 E2.55736
G1 X102.271 Y115.635 E2.60319
G1 X101.256 Y115.324 E2.66032
G1 X100.359 Y114.952 E2.71258
G1 X99.574 Y114.544 E2.76019
G1 X99.108 Y114.268 E2.78934
G1 X98.409 Y113.781 E2.83519
G1 X97.59 Y113.105 E2.89234
G1 X96.904 Y112.419 E2.94455
G1 X96.335 Y111.741 E2.99218
G1 X96.01 Y111.308 E3.02132
G1 X95.55 Y110.591 E3.06716
G1 X95.052 Y109.652 E3.12436
G1 X94.681 Y108.756 E3.17655
G1 X94.415 Y107.912 E3.22417
G1 X94.281 Y107.387 E3.25333
G1 X94.13 Y106.549 E3.29915
G1 X94.029 Y105.491 E3.35635
G1 X94.029 Y104.521 E3.40855
G1 X94.106 Y103.639 E3.4562
G1 X94.183 Y103.103 E3.48534
G1 X94.365 Y102.271 E3.53117
G1 X94.676 Y101.256 E3.5883
G1 X95.048 Y100.359 E3.64056
G1 X95.49 Y99.509 E3.69212
G1 X95.655 Y99.25 E3.70865
G1 X95.306 Y98.968 F7800
G1 F645.235
G1 X95.589 Y98.523 E3.73703
G1 X95.929 Y98.049 E3.76842
G1 X96.574 Y97.279 E3.82248
G1 X97.279 Y96.574 E3.87614
G1 X98.043 Y95.934 E3.92977
G1 X98.86 Y95.362 E3.98344
G1 X99.643 Y94.909 E4.03212
G1 X100.163 Y94.646 E4.06348
G1 X101.091 Y94.261 E4.11755
G1 X102.042 Y93.961 E4.17121
G1 X103.016 Y93.746 E4.22489
G1 X103.912 Y93.628 E4.27352
G1 X104.495 Y93.583 E4.30499
G1 X105.374 Y93.58 E4.35229
G1 X105.919 Y93.611 E4.38167
M73 P1 R31
M73 Q1 S31
G1 X106.484 Y93.668 E4.41223
G1 X107.382 Y93.827 E4.46131
G1 X107.952 Y93.959 E4.4928
G1 X108.791 Y94.221 E4.5401
G1 X109.301 Y94.414 E4.56945
G1 X109.823 Y94.639 E4.60004
G1 X110.714 Y95.103 E4.6541
G1 X111.477 Y95.589 E4.70278
G1 X111.952 Y95.929 E4.73422
G1 X112.627 Y96.492 E4.78152
G1 X113.025 Y96.866 E4.81091
G1 X113.421 Y97.274 E4.84151
G1 X114.007 Y97.972 E4.89056
G1 X114.358 Y98.44 E4.92204
G1 X114.833 Y99.179 E4.96932
G1 X115.099 Y99.656 E4.99871
G1 X115.354 Y100.163 E5.02925
G1 X115.779 Y101.219 E5.09051
G1 X116.123 Y102.383 E5.15583
G1 X116.322 Y103.476 E5.21562
G1 X116.39 Y104.087 E5.2487
G1 X116.417 Y104.594 E5.27602
G1 X116.417 Y105.498 E5.32467
G1 X116.33 Y106.492 E5.37837
G1 X116.157 Y107.473 E5.43198
G1 X115.899 Y108.436 E5.48563
G1 X115.59 Y109.287 E5.53435
G1 X115.361 Y109.823 E5.56572
G1 X114.94 Y110.632 E5.6148
G1 X114.642 Y111.135 E5.64626
G1 X114.14 Y111.857 E5.69358
G1 X113.802 Y112.285 E5.72293
G1 X113.431 Y112.715 E5.75349
G1 X112.721 Y113.426 E5.80756
G1 X111.957 Y114.066 E5.86119
G1 X111.14 Y114.638 E5.91486
G1 X110.276 Y115.137 E5.96855
G1 X109.487 Y115.508 E6.01547
G1 X108.913 Y115.737 E6.04873
G1 X107.958 Y116.039 E6.10263
G1 X106.984 Y116.254 E6.15631
G1 X106.088 Y116.372 E6.20494
G1 X105.506 Y116.417 E6.23635
G1 X104.502 Y116.417 E6.29038
G1 X103.6 Y116.338 E6.33911
G1 X103.022 Y116.256 E6.37053
G1 X102.163 Y116.068 E6.41785
G1 X101.638 Y115.92 E6.4472
G1 X101.098 Y115.742 E6.4778
G1 X100.17 Y115.357 E6.53187
G1 X99.368 Y114.94 E6.58052
G1 X98.865 Y114.642 E6.61198
G1 X98.143 Y114.14 E6.6593
G1 X97.715 Y113.803 E6.68862
G1 X97.285 Y113.431 E6.71922
G1 X96.574 Y112.721 E6.77329
G1 X95.993 Y112.028 E6.82196
G1 X95.642 Y111.56 E6.85344
G1 X95.167 Y110.821 E6.90072
G1 X94.901 Y110.344 E6.93011
G1 X94.646 Y109.837 E6.96065
G1 X94.261 Y108.909 E7.01472
G1 X93.989 Y108.046 E7.06341
G1 X93.844 Y107.48 E7.09485
G1 X93.689 Y106.615 E7.14214
G1 X93.624 Y106.073 E7.17152
G1 X93.583 Y105.506 E7.20211
G1 X93.583 Y104.502 E7.25614
G1 X93.662 Y103.601 E7.30481
G1 X93.744 Y103.022 E7.33628
G1 X93.932 Y102.163 E7.3836
G1 X94.08 Y101.638 E7.41295
G1 X94.258 Y101.098 E7.44355
G1 X94.643 Y100.17 E7.49762
G1 X95.103 Y99.286 E7.55125
G1 X95.274 Y99.018 E7.56836
G1 X94.924 Y98.736 F7800
;TYPE:External perimeter
G1 F645.235
G1 X95.274 Y98.187 E7.6034
G1 X95.577 Y97.773 E7.63101
G1 X96.245 Y96.978 E7.68689
G1 X96.978 Y96.245 E7.74268
G1 X97.771 Y95.579 E7.79841
G1 X98.62 Y94.985 E7.85417
G1 X99.519 Y94.466 E7.91003
G1 X99.979 Y94.239 E7.93764
G1 X100.939 Y93.841 E7.99357
G1 X101.927 Y93.53 E8.04931
G1 X102.938 Y93.306 E8.10504
G1 X103.968 Y93.17 E8.16095
G1 X104.48 Y93.137 E8.18856
G1 X105.386 Y93.134 E8.23732
G1 X106.036 Y93.17 E8.27235
G1 X106.547 Y93.226 E8.30001
G1 X107.573 Y93.407 E8.35608
G1 X108.071 Y93.529 E8.38367
G1 X108.936 Y93.799 E8.43244
G1 X109.545 Y94.029 E8.46747
G1 X110.016 Y94.237 E8.49518
G1 X110.937 Y94.716 E8.55105
G1 X111.813 Y95.274 E8.60694
G1 X112.227 Y95.578 E8.63458
G1 X112.923 Y96.158 E8.68334
G1 X113.398 Y96.604 E8.7184
G1 X113.753 Y96.975 E8.74603
G1 X114.423 Y97.773 E8.8021
G1 X114.726 Y98.187 E8.82971
G1 X115.215 Y98.95 E8.87848
G1 X115.534 Y99.518 E8.91354
G1 X115.761 Y99.979 E8.94119
G1 X116.205 Y101.084 E9.00528
G1 X116.556 Y102.277 E9.0722
G1 X116.781 Y103.556 E9.14209
G1 X116.837 Y104.076 E9.17024
G1 X116.863 Y104.594 E9.19815
G1 X116.863 Y105.518 E9.24788
G1 X116.773 Y106.55 E9.30363
G1 X116.593 Y107.57 E9.35937
G1 X116.325 Y108.571 E9.41514
G1 X115.97 Y109.547 E9.47103
G1 X115.763 Y110.016 E9.49862
G1 X115.283 Y110.94 E9.55465
G1 X115.016 Y111.378 E9.58226
G1 X114.499 Y112.122 E9.63102
G1 X114.096 Y112.634 E9.66608
G1 X113.757 Y113.021 E9.69377
G1 X113.022 Y113.755 E9.74967
G1 X112.229 Y114.421 E9.8054
G1 X111.38 Y115.015 E9.86116
G1 X110.483 Y115.533 E9.9169
G1 X109.665 Y115.918 E9.96555
G1 X109.063 Y116.158 E10.00043
G1 X108.073 Y116.47 E10.05629
G1 X107.062 Y116.694 E10.11202
G1 X106.032 Y116.83 E10.16793
G1 X105.521 Y116.863 E10.19549
G1 X104.482 Y116.863 E10.2514
G1 X103.447 Y116.773 E10.30731
G1 X102.94 Y116.695 E10.33492
G1 X102.055 Y116.502 E10.38367
G1 X101.428 Y116.325 E10.41873
G1 X100.941 Y116.16 E10.4464
G1 X99.982 Y115.762 E10.50228
G1 X99.06 Y115.283 E10.55819
G1 X98.622 Y115.016 E10.5858
G1 X97.878 Y114.499 E10.63456
G1 X97.366 Y114.096 E10.66962
G1 X96.979 Y113.757 E10.69731
G1 X96.245 Y113.022 E10.75321
G1 X95.577 Y112.227 E10.80909
G1 X95.274 Y111.813 E10.8367
G1 X94.785 Y111.05 E10.88547
G1 X94.466 Y110.482 E10.92053
G1 X94.239 Y110.021 E10.94818
G1 X93.841 Y109.061 E11.00411
G1 X93.529 Y108.071 E11.05997
G1 X93.407 Y107.572 E11.08761
G1 X93.247 Y106.681 E11.13633
G1 X93.17 Y106.034 E11.17139
G1 X93.137 Y105.521 E11.19905
G1 X93.137 Y104.482 E11.25496
G1 X93.227 Y103.447 E11.31087
G1 X93.305 Y102.94 E11.33848
G1 X93.498 Y102.055 E11.38723
G1 X93.675 Y101.428 E11.42229
G1 X93.84 Y100.941 E11.44996
G1 X94.238 Y99.981 E11.50589
G1 X94.716 Y99.063 E11.56159
G1 X94.892 Y98.787 E11.57921
G1 X95.107 Y98.449 F7800
G92 E0
G1 X113.984 Y98.931
;TYPE:Solid infill
;WIDTH:0.506347
G1 F636.187
G1 X112.109 Y97.077 E.14392
G1 X111.471 Y96.545 E.18926
G1 X111.12 Y96.288 E.213
G1 X110.323 Y95.78 E.26459
G1 X110.051 Y95.639 E.28131
G1 X114.377 Y99.964 E.61519
G1 X114.642 Y100.486 E.64714
G1 X114.914 Y101.142 E.6859
G1 X108.852 Y95.079 E1.15386
G1 X108.536 Y94.96 E1.17229
G1 X107.891 Y94.759 E1.20916
G1 X115.24 Y102.108 E1.77642
G1 X115.392 Y102.682 E1.80883
G1 X115.439 Y102.947 E1.82352
G1 X107.054 Y94.562 E2.47075
G1 X106.284 Y94.432 E2.51337
G1 X115.564 Y103.712 E3.22968
G1 X115.629 Y104.418 E3.26838
G1 X105.586 Y94.374 E4.04363
G1 X104.936 Y94.364 E4.07911
M73 P2 R31
M73 Q2 S31
G1 X115.636 Y105.065 E4.90507
G1 X115.617 Y105.686 E4.93898
G1 X104.309 Y94.378 E5.81183
G1 X103.73 Y94.439 E5.84361
G1 X115.565 Y106.274 E6.75714
G1 X115.478 Y106.827 E6.78769
G1 X103.165 Y94.514 E7.73812
G1 X102.64 Y94.629 E7.76745
G1 X107.405 Y99.394 E8.13525
G1 X108.052 Y99.715 E8.17467
G1 X108.826 Y100.251 E8.22606
G1 X109.004 Y100.399 E8.23869
G1 X109.593 Y100.988 E8.28415
G1 X109.749 Y101.174 E8.2974
G1 X110.271 Y101.925 E8.34732
G1 X110.606 Y102.596 E8.38825
G1 X115.377 Y107.367 E8.75652
G1 X115.242 Y107.872 E8.78505
G1 X110.919 Y103.548 E9.11878
G1 X110.955 Y103.666 E9.12551
G1 X111.063 Y104.332 E9.16234
G1 X115.094 Y108.364 E9.47353
G1 X114.923 Y108.834 E9.50083
G1 X111.102 Y105.012 E9.79581
G1 X111.05 Y105.601 E9.82808
G1 X114.741 Y109.292 E10.11298
G1 X114.532 Y109.723 E10.13912
G1 X110.983 Y106.173 E10.4131
G1 X110.858 Y106.689 E10.44208
G1 X114.313 Y110.144 E10.70877
G1 X114.082 Y110.553 E10.73441
G1 X110.699 Y107.17 E10.99554
G1 X110.499 Y107.61 E11.02192
G1 X113.827 Y110.939 E11.27884
G1 X113.565 Y111.316 E11.3039
G1 X110.289 Y108.041 E11.55673
G1 X110.028 Y108.42 E11.58185
G1 X113.286 Y111.678 E11.83333
G1 X112.995 Y112.027 E11.85813
G1 X109.768 Y108.799 E12.10726
G1 X109.466 Y109.138 E12.13204
G1 X112.685 Y112.357 E12.38051
G1 X112.365 Y112.677 E12.40521
G1 X109.144 Y109.456 E12.65384
G1 X108.924 Y109.674 E12.67074
G1 X108.808 Y109.76 E12.67862
G1 X112.032 Y112.984 E12.92748
G1 X111.683 Y113.276 E12.95232
G1 X108.441 Y110.034 E13.20257
G1 X108.04 Y110.273 E13.22805
G1 X111.323 Y113.556 E13.48146
G1 X110.947 Y113.82 E13.50654
G1 X107.62 Y110.493 E13.76335
G1 X107.394 Y110.612 E13.77729
G1 X107.176 Y110.689 E13.78991
G1 X110.559 Y114.072 E14.05104
G1 X110.153 Y114.306 E14.07662
G1 X106.702 Y110.855 E14.343
G1 X106.188 Y110.982 E14.3719
G1 X109.735 Y114.529 E14.64569
G1 X109.299 Y114.733 E14.67196
G1 X105.612 Y111.046 E14.95656
G1 X105.026 Y111.101 E14.98868
M73 P3 R31
M73 Q3 S31
G1 X108.848 Y114.922 E15.28366
G1 X108.374 Y115.088 E15.31107
G1 X104.35 Y111.065 E15.62164
G1 X103.682 Y110.959 E15.65856
M73 P3 R30
G1 X103.568 Y110.923 E15.66509
G1 X108.047 Y115.402 E16.01082
G92 E0
G1 X106.737 Y99.367 F7800
G1 F636.187
G1 X102.125 Y94.754 E.35603
G1 X101.638 Y94.908 E.38391
G1 X105.687 Y98.957 E.69645
G1 X104.992 Y98.903 E.7345
G1 X101.166 Y95.076 E1.02986
G1 X100.713 Y95.263 E1.05661
G1 X104.386 Y98.936 E1.34012
G1 X104.202 Y98.95 E1.35019
G1 X103.838 Y99.028 E1.37051
G1 X100.272 Y95.463 E1.64573
G1 X99.857 Y95.688 E1.6715
M73 Q3 S30
G1 X103.311 Y99.142 E1.93811
G1 X102.839 Y99.31 E1.96546
G1 X99.451 Y95.922 E2.22698
G1 X99.062 Y96.173 E2.25225
G1 X102.387 Y99.499 E2.50894
G1 X102.21 Y99.573 E2.51941
G1 X101.963 Y99.714 E2.53493
G1 X98.686 Y96.437 E2.78788
G1 X98.519 Y96.554 E2.79901
G1 X98.325 Y96.717 E2.81284
G1 X101.571 Y99.963 E3.0634
G1 X101.202 Y100.234 E3.08839
G1 X97.977 Y97.009 E3.33732
G1 X97.808 Y97.151 E3.34937
G1 X97.643 Y97.315 E3.36207
G1 X100.865 Y100.537 E3.61077
G1 X100.545 Y100.857 E3.63547
G1 X97.323 Y97.635 E3.88417
G1 X97.151 Y97.808 E3.89749
G1 X97.016 Y97.968 E3.90892
G1 X100.239 Y101.191 E4.1577
G1 X99.964 Y101.556 E4.18264
G1 X96.724 Y98.317 E4.43269
G1 X96.44 Y98.673 E4.45755
G1 X99.723 Y101.956 E4.71096
G1 X99.586 Y102.183 E4.72543
G1 X99.505 Y102.378 E4.73695
G1 X96.179 Y99.052 E4.99368
G1 X95.929 Y99.443 E5.01901
G1 X99.318 Y102.831 E5.28056
G1 X99.182 Y103.157 E5.29984
G1 X99.144 Y103.298 E5.30781
G1 X95.692 Y99.846 E5.57427
G1 X95.473 Y100.267 E5.60017
G1 X99.021 Y103.815 E5.87404
G1 X98.936 Y104.37 E5.90469
G1 X95.268 Y100.702 E6.18782
G1 X95.08 Y101.155 E6.21459
G1 X98.92 Y104.995 E6.511
G1 X98.935 Y105.65 E6.54676
G1 X94.906 Y101.62 E6.85779
G1 X94.758 Y102.112 E6.88583
G1 X99.386 Y106.741 E7.2431
G92 E0
G1 X94.462 Y102.456 F7800
G1 F636.187
G1 X99.381 Y107.376 E.37973
G1 X99.607 Y107.856 E.40869
G1 X99.971 Y108.456 E.44699
G1 X100.684 Y109.315 E.50792
G1 X101.502 Y110 E.56615
G1 X102.002 Y110.314 E.59838
G1 X102.623 Y110.618 E.63612
G1 X107.373 Y115.368 E1.00277
G1 X106.849 Y115.484 E1.03206
G1 X94.516 Y103.151 E1.98403
G1 X94.436 Y103.711 E2.01491
G1 X106.281 Y115.556 E2.92921
G1 X105.706 Y115.621 E2.96079
M73 P4 R30
M73 Q4 S30
G1 X94.385 Y104.3 E3.83465
G1 X94.364 Y104.536 E3.84758
G1 X94.364 Y104.92 E3.86854
G1 X105.08 Y115.636 E4.6957
G1 X104.431 Y115.627 E4.73113
G1 X94.37 Y105.565 E5.50777
G1 X94.434 Y106.27 E5.54641
G1 X103.729 Y115.565 E6.26388
G1 X102.968 Y115.445 E6.30593
G1 X94.557 Y107.034 E6.95517
G1 X94.608 Y107.318 E6.97092
G1 X94.752 Y107.869 E7.002
G1 X102.131 Y115.248 E7.57158
G1 X101.792 Y115.152 E7.59081
G1 X101.169 Y114.925 E7.627
G1 X95.075 Y108.831 E8.09739
G1 X95.358 Y109.514 E8.13774
G1 X95.603 Y110 E8.16745
G1 X99.981 Y114.378 E8.50538
G1 X99.663 Y114.212 E8.52496
G1 X99.291 Y113.987 E8.54869
G1 X98.608 Y113.512 E8.5941
G1 X98.151 Y113.152 E8.62585
G1 X97.855 Y112.892 E8.64735
G1 X95.989 Y111.026 E8.79138
;LAYER_CHANGE
;Z:0.75
;HEIGHT:0.2
G92 E0
G1 Z.75 F7800
M104 S190 ; set temperature
M140 S30 ; set bed temperature
G1 X104.27 Y110.377
;TYPE:Perimeter
;WIDTH:0.449999
G1 F884.349
G1 X104.116 Y110.365 E.00607
G1 X103.078 Y110.086 E.04827
G1 X102.549 Y109.854 E.07095
G1 X102.087 Y109.573 E.09218
G1 X101.625 Y109.262 E.11405
G1 X101.052 Y108.737 E.14456
G1 X100.585 Y108.173 E.17331
G1 X100.261 Y107.636 E.19794
G1 X100.034 Y107.209 E.21693
G1 X99.755 Y106.424 E.24964
G1 X99.617 Y105.618 E.28175
G1 X99.566 Y105.14 E.30062
G1 X99.61 Y104.308 E.33333
G1 X99.858 Y103.24 E.37638
G1 X100.146 Y102.549 E.40577
G1 X100.464 Y102.005 E.43051
G1 X100.933 Y101.393 E.46078
G1 X101.592 Y100.776 E.49623
G1 X101.981 Y100.495 E.51507
G1 X102.609 Y100.119 E.54381
G1 X103.301 Y99.835 E.57318
G1 X103.826 Y99.689 E.59458
G1 X104.674 Y99.58 E.62815
G1 X104.942 Y99.566 E.63869
G1 X105.841 Y99.631 E.67408
G1 X106.756 Y99.857 E.71109
G1 X107.451 Y100.146 E.74064
G1 X107.922 Y100.413 E.7619
G1 X108.607 Y100.933 E.79567
G1 X109.122 Y101.454 E.82443
G1 X109.448 Y101.87 E.84518
G1 X109.965 Y102.788 E.88655
G1 X110.245 Y103.576 E.91939
G1 X110.424 Y104.659 E.96249
G1 X110.422 Y105.407 E.99186
G1 X110.355 Y105.955 E1.01354
G1 X110.215 Y106.487 E1.03514
G1 X110.043 Y107.02 E1.05713
G1 X109.83 Y107.5 E1.07775
G1 X109.258 Y108.379 E1.11893
G1 X108.737 Y108.948 E1.14922
G1 X108.173 Y109.415 E1.17797
G1 X107.73 Y109.704 E1.19874
G1 X107.02 Y110.035 E1.2295
G1 X106.689 Y110.165 E1.24346
G1 X105.813 Y110.374 E1.27882
G1 X104.896 Y110.426 E1.31488
G1 X104.33 Y110.382 E1.33717
G1 X104.332 Y109.975 F7800
G1 F884.349
G1 X104.163 Y109.961 E1.34383
G1 X103.329 Y109.745 E1.37766
G1 X102.713 Y109.481 E1.40397
G1 X101.98 Y109.023 E1.43791
G1 X101.343 Y108.451 E1.47153
G1 X100.902 Y107.918 E1.49869
G1 X100.417 Y107.073 E1.53695
G1 X100.139 Y106.288 E1.56965
G1 X99.973 Y105.161 E1.61438
G1 X100.016 Y104.329 E1.64709
G1 X100.253 Y103.339 E1.68706
G1 X100.519 Y102.713 E1.71377
G1 X100.799 Y102.236 E1.73549
G1 X101.256 Y101.641 E1.76495
G1 X101.865 Y101.079 E1.79749
G1 X102.19 Y100.844 E1.81324
G1 X102.818 Y100.469 E1.84196
G1 X103.449 Y100.214 E1.86868
G1 X103.965 Y100.078 E1.88963
G1 X104.795 Y99.975 E1.92247
G1 X105.525 Y100.016 E1.95118
G1 X105.945 Y100.061 E1.96777
G1 X106.671 Y100.255 E1.99728
G1 X107.287 Y100.519 E2.02359
G1 X107.726 Y100.771 E2.04347
G1 X108.359 Y101.256 E2.07478
G1 X108.828 Y101.735 E2.1011
G1 X109.138 Y102.138 E2.12106
G1 X109.504 Y102.771 E2.14977
G1 X109.837 Y103.645 E2.18649
G1 X110.021 Y104.718 E2.22924
G1 X110.015 Y105.398 E2.25594
G1 X109.944 Y105.926 E2.27686
G1 X109.745 Y106.671 E2.30714
G1 X109.532 Y107.172 E2.32852
G1 X109.21 Y107.725 E2.35365
G1 X108.944 Y108.119 E2.37232
G1 X108.437 Y108.673 E2.40181
G1 X107.918 Y109.098 E2.42815
G1 X107.491 Y109.372 E2.44807
G1 X106.851 Y109.665 E2.47571
G1 X106.407 Y109.814 E2.4941
G1 X105.719 Y109.978 E2.52187
G1 X104.881 Y110.019 E2.55481
G1 X104.391 Y109.98 E2.57411
G1 X104.393 Y109.577 F7800
;TYPE:External perimeter
G1 F884.349
G1 X104.209 Y109.557 E2.58138
G1 X103.435 Y109.351 E2.61283
G1 X102.877 Y109.108 E2.63673
G1 X102.199 Y108.679 E2.66823
G1 X101.618 Y108.151 E2.69906
G1 X101.22 Y107.664 E2.72376
G1 X100.801 Y106.937 E2.75671
G1 X100.522 Y106.152 E2.78942
G1 X100.379 Y105.182 E2.82792
G1 X100.423 Y104.351 E2.86059
G1 X100.648 Y103.438 E2.89751
G1 X100.892 Y102.877 E2.92153
G1 X101.122 Y102.484 E2.93941
G1 X101.579 Y101.889 E2.96887
G1 X102.137 Y101.381 E2.9985
G1 X103.027 Y100.818 E3.03985
G1 X103.596 Y100.594 E3.06386
G1 X104.018 Y100.481 E3.08101
G1 X104.845 Y100.379 E3.11373
G1 X105.496 Y100.422 E3.13935
G1 X105.84 Y100.454 E3.15292
G1 X106.565 Y100.649 E3.1824
G1 X107.123 Y100.892 E3.2063
G1 X107.5 Y101.109 E3.22338
G1 X108.114 Y101.581 E3.25379
G1 X108.534 Y102.017 E3.27756
G1 X108.798 Y102.362 E3.29462
G1 X109.184 Y103.03 E3.32491
G1 X109.454 Y103.781 E3.35625
G1 X109.619 Y104.778 E3.39593
G1 X109.608 Y105.39 E3.41996
G1 X109.551 Y105.821 E3.43703
G1 X109.351 Y106.565 E3.46728
G1 X109.108 Y107.123 E3.49118
G1 X108.714 Y107.747 E3.52016
G1 X108.151 Y108.382 E3.55348
G1 X107.664 Y108.78 E3.57818
G1 X107.295 Y109.014 E3.59534
G1 X106.538 Y109.36 E3.62802
G1 X105.584 Y109.587 E3.66652
G1 X104.752 Y109.617 E3.69921
G1 X104.452 Y109.583 E3.71106
G1 X104.059 Y109.512 F7800
G92 E0
G1 X95.407 Y99.029
;TYPE:Perimeter
G1 F884.349
G1 X95.736 Y98.513 E.02403
G1 X96.336 Y97.73 E.06276
G1 X97.003 Y97.003 E.1015
G1 X97.73 Y96.336 E.14024
G1 X98.446 Y95.787 E.17567
G1 X98.913 Y95.467 E.1979
G1 X99.778 Y94.968 E.23711
G1 X100.672 Y94.551 E.27584
G1 X101.605 Y94.211 E.31483
G1 X102.207 Y94.042 E.33938
G1 X103.034 Y93.862 E.37261
G1 X103.93 Y93.744 E.40809
G1 X104.502 Y93.701 E.43061
G1 X105.139 Y93.693 E.45562
G1 X105.904 Y93.729 E.48569
G1 X106.465 Y93.785 E.50783
G1 X107.448 Y93.958 E.54702
G1 X108.401 Y94.214 E.58577
G1 X109.328 Y94.551 E.6245
G1 X110.222 Y94.968 E.66323
G1 X111.077 Y95.461 E.70198
G1 X111.89 Y96.031 E.74097
G1 X112.374 Y96.427 E.76552
G1 X112.996 Y97.001 E.79875
G1 X113.607 Y97.668 E.83427
M73 P5 R30
G1 X113.97 Y98.111 E.85676
M73 Q5 S30
G1 X114.342 Y98.628 E.88177
G1 X114.751 Y99.276 E.91186
G1 X115.027 Y99.767 E.93398
G1 X115.449 Y100.672 E.97319
G1 X115.757 Y101.519 E1.00858
G1 X115.922 Y102.062 E1.03086
G1 X116.138 Y103.036 E1.07003
G1 X116.25 Y103.887 E1.10373
G1 X116.304 Y105.128 E1.1525
G1 X116.267 Y105.986 E1.18622
G1 X116.149 Y106.88 E1.22163
G1 X116.043 Y107.443 E1.24412
G1 X115.886 Y108.06 E1.26912
G1 X115.653 Y108.791 E1.29925
G1 X115.473 Y109.269 E1.31931
G1 X115.253 Y109.775 E1.34097
G1 X114.966 Y110.344 E1.36599
G1 X114.58 Y111.006 E1.39608
G1 X114.271 Y111.478 E1.41823
G1 X113.664 Y112.27 E1.45741
G1 X112.997 Y112.997 E1.49615
G1 X112.27 Y113.664 E1.53489
G1 X111.554 Y114.213 E1.57032
G1 X111.081 Y114.536 E1.59281
G1 X110.533 Y114.862 E1.61785
G1 X109.852 Y115.213 E1.64793
G1 X109.339 Y115.445 E1.67004
G1 X108.481 Y115.757 E1.70589
G1 X107.932 Y115.924 E1.72842
G1 X107.312 Y116.069 E1.75342
G1 X106.556 Y116.199 E1.78354
G1 X105.997 Y116.266 E1.80565
G1 X105 Y116.31 E1.84483
G1 X104.014 Y116.267 E1.88358
G1 X103.036 Y116.138 E1.92231
G1 X102.073 Y115.924 E1.96104
G1 X101.213 Y115.653 E1.99644
G1 X100.682 Y115.454 E2.01871
G1 X99.778 Y115.032 E2.05788
G1 X98.923 Y114.539 E2.09663
G1 X98.184 Y114.021 E2.13206
G1 X97.739 Y113.672 E2.15427
G1 X97.003 Y112.997 E2.19348
G1 X96.336 Y112.27 E2.23222
G1 X95.787 Y111.554 E2.26765
G1 X95.464 Y111.081 E2.29014
G1 X95.138 Y110.533 E2.31518
G1 X94.787 Y109.852 E2.34526
G1 X94.555 Y109.339 E2.36737
G1 X94.214 Y108.401 E2.40656
G1 X93.958 Y107.448 E2.44531
G1 X93.802 Y106.56 E2.48071
G1 X93.734 Y105.997 E2.50298
G1 X93.69 Y105 E2.54216
G1 X93.733 Y104.008 E2.58115
G1 X93.808 Y103.387 E2.60571
G1 X93.958 Y102.554 E2.63894
G1 X94.214 Y101.599 E2.67776
G1 X94.551 Y100.672 E2.71649
G1 X94.932 Y99.854 E2.75192
G1 X95.199 Y99.355 E2.77414
G1 X95.375 Y99.079 E2.78699
G1 X95.059 Y98.818 F7800
G1 F884.349
G1 X95.402 Y98.279 E2.81208
G1 X96.024 Y97.468 E2.85221
G1 X96.715 Y96.715 E2.89234
G1 X97.468 Y96.024 E2.93247
G1 X98.198 Y95.464 E2.9686
G1 X98.698 Y95.121 E2.99241
G1 X99.59 Y94.607 E3.03283
G1 X100.516 Y94.175 E3.07295
G1 X101.48 Y93.824 E3.11323
G1 X102.109 Y93.647 E3.13889
G1 X102.964 Y93.461 E3.17325
G1 X103.986 Y93.326 E3.21373
G1 X104.486 Y93.294 E3.2334
G1 X105.146 Y93.286 E3.25932
G1 X105.924 Y93.323 E3.2899
G1 X106.523 Y93.382 E3.31353
G1 X107.536 Y93.56 E3.35391
G1 X108.523 Y93.825 E3.39404
G1 X109.484 Y94.175 E3.4342
G1 X110.41 Y94.607 E3.47432
G1 X111.296 Y95.118 E3.51448
G1 X112.136 Y95.706 E3.55474
G1 X112.642 Y96.12 E3.58041
G1 X113.285 Y96.714 E3.61478
G1 X113.981 Y97.473 E3.65521
G1 X114.294 Y97.864 E3.67488
G1 X114.679 Y98.4 E3.70079
G1 X115.095 Y99.059 E3.73139
G1 X115.39 Y99.583 E3.755
G1 X115.825 Y100.516 E3.79542
G1 X116.14 Y101.38 E3.83153
G1 X116.317 Y101.961 E3.85538
G1 X116.539 Y102.965 E3.89575
G1 X116.673 Y103.979 E3.93591
G1 X116.711 Y105.146 E3.98176
G1 X116.673 Y106.021 E4.01615
G1 X116.538 Y107.042 E4.05659
G1 X116.441 Y107.533 E4.07624
G1 X116.277 Y108.173 E4.10218
G1 X116.009 Y109.013 E4.1368
G1 X115.826 Y109.484 E4.15664
G1 X115.621 Y109.949 E4.17659
G1 X115.323 Y110.538 E4.20251
G1 X114.932 Y111.211 E4.23307
G1 X114.602 Y111.715 E4.25672
G1 X113.976 Y112.532 E4.29713
G1 X113.285 Y113.285 E4.33726
G1 X112.532 Y113.976 E4.37739
G1 X111.715 Y114.602 E4.4178
G1 X111.299 Y114.881 E4.43747
G1 X110.731 Y115.218 E4.4634
G1 X110.039 Y115.575 E4.49397
G1 X109.491 Y115.823 E4.51759
G1 X108.517 Y116.177 E4.55828
G1 X108.036 Y116.318 E4.57796
G1 X107.393 Y116.468 E4.60388
G1 X106.625 Y116.601 E4.63448
G1 X106.028 Y116.672 E4.65809
G1 X105 Y116.717 E4.69849
G1 X103.979 Y116.673 E4.73862
G1 X102.965 Y116.539 E4.77878
G1 X101.967 Y116.318 E4.81892
G1 X101.09 Y116.041 E4.85503
G1 X100.522 Y115.828 E4.87885
G1 X99.59 Y115.393 E4.91923
G1 X98.704 Y114.882 E4.95939
G1 X97.951 Y114.355 E4.99548
G1 X97.473 Y113.981 E5.01931
G1 X96.715 Y113.285 E5.05972
G1 X96.024 Y112.532 E5.09985
G1 X95.398 Y111.715 E5.14026
G1 X95.119 Y111.299 E5.15993
G1 X94.782 Y110.731 E5.18586
G1 X94.425 Y110.039 E5.21643
G1 X94.177 Y109.491 E5.24005
G1 X93.825 Y108.523 E5.28049
G1 X93.56 Y107.536 E5.32062
G1 X93.401 Y106.631 E5.3567
G1 X93.328 Y106.028 E5.38055
G1 X93.283 Y105 E5.42095
G1 X93.327 Y103.975 E5.46123
G1 X93.405 Y103.326 E5.4869
G1 X93.56 Y102.465 E5.52125
G1 X93.825 Y101.477 E5.56141
G1 X94.175 Y100.516 E5.60157
G1 X94.563 Y99.682 E5.63769
G1 X94.849 Y99.147 E5.66151
G1 X95.027 Y98.868 E5.6745
G1 X94.711 Y98.606 F7800
;TYPE:External perimeter
G1 F884.349
G1 X95.068 Y98.045 E5.70061
G1 X95.712 Y97.206 E5.74214
G1 X96.426 Y96.426 E5.78366
G1 X97.206 Y95.712 E5.82518
G1 X98.047 Y95.066 E5.86682
G1 X98.483 Y94.775 E5.8874
G1 X99.401 Y94.245 E5.92902
G1 X100.36 Y93.798 E5.97056
G1 X101.355 Y93.436 E6.01213
G1 X102.011 Y93.252 E6.03888
G1 X102.894 Y93.059 E6.07437
G1 X103.946 Y92.921 E6.11603
G1 X104.47 Y92.887 E6.13665
G1 X105.153 Y92.878 E6.16347
G1 X106.059 Y92.921 E6.19908
G1 X106.58 Y92.979 E6.21966
G1 X107.624 Y93.163 E6.26128
G1 X108.646 Y93.436 E6.30282
G1 X109.64 Y93.798 E6.34436
G1 X110.599 Y94.245 E6.3859
G1 X111.515 Y94.774 E6.42743
G1 X112.382 Y95.382 E6.46901
G1 X112.909 Y95.813 E6.49574
G1 X113.573 Y96.426 E6.53122
G1 X114.29 Y97.208 E6.57288
G1 X114.619 Y97.618 E6.59352
G1 X115.017 Y98.173 E6.62034
G1 X115.501 Y98.939 E6.65592
G1 X115.754 Y99.399 E6.67653
G1 X116.202 Y100.36 E6.71816
G1 X116.564 Y101.356 E6.75977
G1 X116.711 Y101.859 E6.78035
G1 X116.941 Y102.895 E6.82202
G1 X117.079 Y103.943 E6.86352
G1 X117.118 Y105.164 E6.91149
G1 X117.079 Y106.057 E6.94659
G1 X116.94 Y107.108 E6.98822
G1 X116.838 Y107.623 E7.00883
G1 X116.669 Y108.285 E7.03566
G1 X116.393 Y109.149 E7.07127
G1 X116.202 Y109.64 E7.09196
G1 X115.989 Y110.123 E7.11269
G1 X115.681 Y110.733 E7.13952
G1 X115.225 Y111.516 E7.1751
G1 X114.934 Y111.953 E7.19571
G1 X114.288 Y112.794 E7.23735
G1 X113.574 Y113.574 E7.27887
G1 X112.794 Y114.288 E7.32039
G1 X111.953 Y114.934 E7.36203
G1 X111.516 Y115.225 E7.38264
G1 X110.928 Y115.574 E7.40949
G1 X110.122 Y115.99 E7.4451
G1 X109.642 Y116.201 E7.46569
G1 X108.644 Y116.564 E7.50739
G1 X108.139 Y116.711 E7.52804
G1 X107.474 Y116.867 E7.55486
G1 X106.581 Y117.021 E7.59044
G1 X106.059 Y117.079 E7.61106
G1 X105 Y117.125 E7.65268
G1 X103.943 Y117.079 E7.69422
G1 X102.895 Y116.941 E7.73572
G1 X101.862 Y116.712 E7.77726
G1 X100.851 Y116.393 E7.81889
G1 X100.362 Y116.203 E7.83949
G1 X99.401 Y115.755 E7.88112
G1 X98.485 Y115.226 E7.92265
G1 X97.617 Y114.618 E7.96426
G1 X97.208 Y114.29 E7.98485
G1 X96.426 Y113.574 E8.02648
G1 X95.712 Y112.794 E8.068
G1 X95.066 Y111.953 E8.10964
G1 X94.775 Y111.516 E8.13025
G1 X94.426 Y110.928 E8.1571
G1 X94.01 Y110.122 E8.19271
G1 X93.799 Y109.642 E8.2133
G1 X93.436 Y108.646 E8.25492
G1 X93.163 Y107.624 E8.29646
G1 X92.979 Y106.58 E8.33808
G1 X92.921 Y106.059 E8.35866
G1 X92.875 Y105 E8.40028
G1 X92.921 Y103.942 E8.44186
G1 X93.002 Y103.266 E8.46859
G1 X93.163 Y102.376 E8.5041
G1 X93.436 Y101.354 E8.54564
G1 X93.798 Y100.36 E8.58718
G1 X94.246 Y99.399 E8.62881
G1 X94.498 Y98.94 E8.64937
G1 X94.678 Y98.657 E8.66254
G1 X94.893 Y98.32 F7800
G92 E0
G1 X97.847 Y96.476
;TYPE:Solid infill
;WIDTH:0.38292
G1 F1058.823
G1 X97.147 Y97.147 E.0318
G1 X97.7 Y96.617 E.05692
G1 X99.175 Y95.64 F7800
G1 F1058.823
G1 X99.104 Y95.621 E.05933
G1 X99.123 Y95.692 E.06174
G1 X99.164 Y95.681 E.06313
;WIDTH:0.41646
G1 F963.754
G1 X99.005 Y95.78 E.06988
;WIDTH:0.449999
G1 F884.349
G1 X98.846 Y95.879 E.07723
G1 X95.896 Y98.829 E.24104
G1 X95.802 Y98.968 E.24763
;WIDTH:0.41646
G1 F963.754
G1 X95.708 Y99.106 E.25365
;WIDTH:0.38292
G1 F1058.823
G1 X95.637 Y99.087 E.25606
G1 X95.656 Y99.158 E.25847
G1 X95.697 Y99.147 E.25986
G1 X94.957 Y100.488 F7800
G1 F1058.823
G1 X94.916 Y100.499 E.26125
G1 X94.897 Y100.428 E.26366
G1 X94.968 Y100.447 E.26607
;WIDTH:0.41646
G1 F963.754
G1 X95.05 Y100.308 E.27188
;WIDTH:0.449999
G1 F884.349
G1 X95.131 Y100.17 E.27816
G1 X100.187 Y95.114 E.55891
G1 X100.344 Y95.028 E.56594
;WIDTH:0.41646
G1 F963.754
G1 X100.502 Y94.942 E.57242
;WIDTH:0.38292
G1 F1058.823
G1 X100.461 Y94.953 E.57381
G1 X100.442 Y94.882 E.57622
G1 X100.513 Y94.901 E.57863
G1 X101.515 Y94.497 F7800
G1 F1058.823
G1 X101.444 Y94.477 E.58105
G1 X101.463 Y94.549 E.58349
G1 X101.504 Y94.538 E.58488
;WIDTH:0.41646
G1 F963.754
G1 X101.346 Y94.613 E.59118
;WIDTH:0.449999
G1 F884.349
G1 X101.189 Y94.688 E.59801
G1 X94.688 Y101.189 E.959
G1 X94.617 Y101.327 E.96509
;WIDTH:0.41646
G1 F963.754
G1 X94.546 Y101.466 E.97071
;WIDTH:0.38292
G1 F1058.823
G1 X94.474 Y101.447 E.97315
G1 X94.493 Y101.518 E.97556
G1 X94.535 Y101.507 E.97698
G1 X94.079 Y102.739 F7800
G1 F1058.823
G1 X94.211 Y102.201 E.99515
;WIDTH:0.41646
G1 F963.754
G1 X94.311 Y102.121 E.99976
;WIDTH:0.449999
G1 F884.349
G1 X94.411 Y102.041 E1.00479
G1 X102.048 Y94.404 E1.42886
G1 X102.803 Y94.225 E1.45933
G1 X94.223 Y102.805 E1.93576
G1 X94.101 Y103.502 E1.96354
G1 X103.494 Y94.11 E2.48509
G1 X104.15 Y94.03 E2.51104
G1 X94.033 Y104.146 E3.07279
G1 X94.007 Y104.748 E3.09645
M73 P6 R30
M73 Q6 S30
G1 X104.751 Y94.004 E3.69305
G1 X105.323 Y94.007 E3.71551
G1 X94.01 Y105.321 E4.34373
G1 X94.034 Y105.873 E4.36542
G1 X105.873 Y94.033 E5.02285
G1 X106.398 Y94.085 E5.04356
G1 X94.085 Y106.398 E5.72728
G1 X94.17 Y106.888 E5.74681
M73 P6 R29
G1 X106.888 Y94.17 E6.45302
G1 X107.378 Y94.256 E6.47255
G1 X94.256 Y107.378 E7.20119
G1 X94.24 Y107.516 E7.20664
;WIDTH:0.41646
G1 F963.754
G1 X94.223 Y107.655 E7.21169
;WIDTH:0.38292
G1 F1058.823
M73 Q6 S29
G1 X94.152 Y107.635 E7.21411
G1 X94.171 Y107.707 E7.21655
G1 X94.212 Y107.696 E7.21794
G92 E0
G1 X100.189 Y101.952 F7800
G1 F1058.823
G1 X100.855 Y101.191 E.03316
G1 X101.6 Y100.484 E.06684
G1 X101.894 Y100.252 E.07912
;WIDTH:0.41646
G1 F963.754
G1 X102.038 Y100.14 E.08569
;WIDTH:0.449999
G1 F884.349
G1 X102.182 Y100.028 E.09285
G1 X107.832 Y94.377 E.40661
G1 X108.286 Y94.499 E.42507
G1 X103.256 Y99.529 E.70438
G1 X103.112 Y99.622 E.71111
;WIDTH:0.41646
G1 F963.754
G1 X102.968 Y99.715 E.71729
;WIDTH:0.38292
G1 F1058.823
G1 X103.125 Y99.731 E.72247
G1 X103.238 Y99.696 E.72635
G1 X104.001 Y99.36 F7800
;WIDTH:0.449999
G1 F884.349
G1 X108.71 Y94.651 E.98783
G1 X109.132 Y94.805 E1.00547
G1 X104.66 Y99.277 E1.25379
G1 X105.222 Y99.29 E1.27586
G1 X109.53 Y94.982 E1.51508
G1 X109.923 Y95.165 E1.5321
G1 X105.762 Y99.326 E1.76315
G1 X106.253 Y99.411 E1.78272
G1 X110.299 Y95.365 E2.00739
G1 X110.664 Y95.575 E2.02392
G1 X106.707 Y99.532 E2.24365
G1 X107.137 Y99.678 E2.26148
G1 X111.02 Y95.795 E2.4771
G1 X111.359 Y96.032 E2.49334
G1 X107.537 Y99.854 E2.70557
G1 X107.912 Y100.054 E2.72226
G1 X111.698 Y96.269 E2.93246
G1 X112.015 Y96.527 E2.94851
G1 X108.257 Y100.285 E3.15719
G1 X108.582 Y100.535 E3.17329
G1 X112.323 Y96.795 E3.38099
G1 X112.622 Y97.071 E3.39697
G1 X108.905 Y100.789 E3.6034
G1 X109.187 Y101.082 E3.61937
G1 X112.91 Y97.359 E3.8261
G1 X113.185 Y97.66 E3.84211
G1 X109.458 Y101.386 E4.04904
G1 X109.708 Y101.712 E4.06517
G1 X113.459 Y97.961 E4.27346
G1 X113.715 Y98.281 E4.28955
G1 X109.92 Y102.077 E4.50031
G1 X110.131 Y102.441 E4.51683
G1 X113.957 Y98.615 E4.72928
G1 X114.189 Y98.958 E4.74554
G1 X110.303 Y102.845 E4.96135
G1 X110.452 Y103.271 E4.97907
G1 X114.412 Y99.311 E5.19896
G1 X114.627 Y99.672 E5.21546
G1 X110.589 Y103.71 E5.43968
G1 X110.662 Y104.213 E5.45964
G1 X114.823 Y100.052 E5.69069
G1 X115.006 Y100.444 E5.70768
G1 X110.735 Y104.716 E5.94487
G1 X110.729 Y105.297 E5.96768
G1 X115.185 Y100.841 E6.21511
G1 X115.339 Y101.263 E6.23275
G1 X110.667 Y105.935 E6.49218
G1 X110.295 Y106.997 F7800
;WIDTH:0.38292
G1 F1058.823
G1 X110.294 Y106.771 E6.49959
;WIDTH:0.41646
G1 F963.754
G1 X110.381 Y106.74 E6.50292
;WIDTH:0.449999
G1 F884.349
G1 X110.468 Y106.709 E6.50655
G1 X115.493 Y101.685 E6.78555
G1 X115.624 Y102.129 E6.80373
M73 P7 R29
G1 X110.088 Y107.665 E7.11114
M73 Q7 S29
G1 X109.972 Y107.809 E7.1184
;WIDTH:0.41646
G1 F963.754
G1 X109.856 Y107.953 E7.12506
;WIDTH:0.38292
G1 F1058.823
G1 X109.398 Y108.513 E7.14878
G1 X108.79 Y109.145 E7.17754
G1 X107.982 Y109.843 E7.21256
G92 E0
G1 X99.969 Y102.24 F7800
;WIDTH:0.449999
G1 F884.349
G1 X94.377 Y107.832 E.31052
G1 X94.499 Y108.286 E.32898
G1 X99.552 Y103.233 E.60957
G1 X99.649 Y103.158 E.61438
;WIDTH:0.41646
G1 F963.754
G1 X99.747 Y103.083 E.61883
;WIDTH:0.38292
G1 F1058.823
G1 X99.726 Y102.945 E.62341
G1 X99.747 Y103.083 E.62799
G1 X99.36 Y104.001 F7800
;WIDTH:0.449999
G1 F884.349
G1 X94.651 Y108.71 E.88947
G1 X94.805 Y109.132 E.90711
G1 X99.291 Y104.645 E1.15624
G1 X99.261 Y105.251 E1.18006
G1 X94.976 Y109.537 E1.41803
G1 X95.166 Y109.921 E1.43485
G1 X99.335 Y105.752 E1.66635
G1 X99.41 Y106.253 E1.68624
G1 X95.362 Y110.301 E1.91102
G1 X95.572 Y110.667 E1.92759
G1 X99.536 Y106.703 E2.1477
G1 X99.689 Y107.125 E2.16533
G1 X95.792 Y111.023 E2.38175
G1 X96.026 Y111.364 E2.39799
G1 X99.854 Y107.537 E2.61053
G1 X100.068 Y107.898 E2.62701
G1 X96.276 Y111.69 E2.83757
G1 X96.526 Y112.016 E2.8537
G1 X100.283 Y108.259 E3.06232
G1 X100.528 Y108.589 E3.07846
G1 X96.797 Y112.321 E3.28566
G1 X97.072 Y112.621 E3.30164
G1 X100.789 Y108.904 E3.50804
G1 X101.088 Y109.181 E3.52404
G1 X97.359 Y112.91 E3.73111
G1 X97.66 Y113.185 E3.74712
G1 X101.387 Y109.458 E3.95407
G1 X101.72 Y109.701 E3.97026
G1 X97.961 Y113.459 E4.17896
G1 X98.281 Y113.715 E4.19505
G1 X102.073 Y109.923 E4.40561
G1 X102.438 Y110.134 E4.42216
G1 X98.619 Y113.953 E4.63422
G1 X98.958 Y114.19 E4.65046
G1 X102.842 Y110.305 E4.86616
G1 X103.26 Y110.463 E4.88371
G1 X99.312 Y114.411 E5.10294
G1 X99.677 Y114.622 E5.11949
G1 X103.715 Y110.584 E5.34371
G1 X104.197 Y110.678 E5.36299
G1 X100.052 Y114.823 E5.59316
G1 X100.444 Y115.006 E5.61015
G1 X104.725 Y110.726 E5.84784
G1 X105.314 Y110.712 E5.87097
G1 X100.839 Y115.187 E6.11946
G1 X101.255 Y115.347 E6.13696
G1 X106.029 Y110.574 E6.40203
;WIDTH:0.41646
G1 F963.754
G1 X106.112 Y110.493 E6.40621
;WIDTH:0.38292
G1 F1058.823
G1 X106.071 Y110.504 E6.4076
G1 X106.052 Y110.433 E6.41001
G1 X106.123 Y110.452 E6.41242
;WIDTH:0.449999
G1 F884.349
G1 X106.711 Y110.467 E6.43552
G1 X101.693 Y115.485 E6.71416
G1 X102.342 Y115.843 E6.74326
;WIDTH:0.38292
G1 F1058.823
G1 X102.301 Y115.854 E6.74465
G1 X102.282 Y115.783 E6.74706
G1 X102.353 Y115.802 E6.74947
;WIDTH:0.41646
G1 F963.754
G1 X102.242 Y115.712 E6.75462
;WIDTH:0.449999
G1 F884.349
G1 X102.131 Y115.623 E6.76021
G1 X107.694 Y110.059 E7.06914
G92 E0
G1 X102.6 Y115.729 F7800
G1 F884.349
G1 X115.729 Y102.6 E.72903
G1 X115.833 Y103.071 E.74797
G1 X103.071 Y115.833 E1.45662
G1 X103.579 Y115.902 E1.47675
G1 X115.902 Y103.579 E2.16103
G1 X115.965 Y104.091 E2.18129
G1 X104.091 Y115.965 E2.84064
G1 X104.643 Y115.989 E2.86233
G1 X115.989 Y104.643 E3.49236
G1 X115.995 Y105.212 E3.5147
M73 P8 R29
M73 Q8 S29
G1 X105.212 Y115.995 E4.11346
G1 X105.814 Y115.969 E4.13712
G1 X115.969 Y105.814 E4.70101
G1 X115.896 Y106.463 E4.72665
G1 X106.451 Y115.908 E5.25112
G1 X107.147 Y115.788 E5.27885
G1 X115.792 Y107.142 E5.75892
G1 X115.612 Y107.898 E5.78943
G1 X107.893 Y115.617 E6.21805
G1 X108.508 Y115.503 E6.24261
;WIDTH:0.38292
G1 F1058.823
G1 X108.437 Y115.484 E6.24502
G1 X108.456 Y115.555 E6.24743
G1 X108.497 Y115.544 E6.24882
;WIDTH:0.41646
G1 F963.754
G1 X108.624 Y115.439 E6.25476
;WIDTH:0.449999
G1 F884.349
G1 X108.752 Y115.334 E6.26126
G1 X115.35 Y108.736 E6.62764
G1 X115.451 Y108.607 E6.63407
;WIDTH:0.41646
G1 F963.754
G1 X115.552 Y108.478 E6.63997
;WIDTH:0.38292
G1 F1058.823
G1 X115.511 Y108.489 E6.64136
G1 X115.492 Y108.418 E6.64377
G1 X115.563 Y108.437 E6.64618
G1 X115.171 Y109.426 F7800
G1 F1058.823
G1 X115.1 Y109.407 E6.64859
G1 X115.119 Y109.478 E6.651
G1 X115.16 Y109.467 E6.65239
;WIDTH:0.41646
G1 F963.754
G1 X115.048 Y109.596 E6.65855
;WIDTH:0.449999
G1 F884.349
G1 X109.6 Y115.047 E6.96115
;WIDTH:0.41646
G1 F963.754
G1 X109.472 Y115.161 E6.96733
;WIDTH:0.38292
G1 F1058.823
G1 X109.431 Y115.172 E6.96872
G1 X109.412 Y115.101 E6.97113
G1 X109.483 Y115.12 E6.97354
G1 X110.794 Y114.414 F7800
G1 F1058.823
G1 X110.723 Y114.395 E6.97595
G1 X110.742 Y114.466 E6.97836
G1 X110.783 Y114.455 E6.97975
;WIDTH:0.41646
G1 F963.754
G1 X110.912 Y114.326 E6.98632
;WIDTH:0.449999
G1 F884.349
G1 X114.324 Y110.912 E7.17584
;WIDTH:0.41646
G1 F963.754
G1 X114.451 Y110.783 E7.18236
;WIDTH:0.38292
G1 F1058.823
G1 X114.41 Y110.794 E7.18375
G1 X114.391 Y110.723 E7.18616
G1 X114.462 Y110.742 E7.18857
G92 E0
G1 X112.844 Y112.844 F7800
G1 F1058.823
G1 X112.144 Y113.514 E.03178
G1 X112.697 Y112.985 E.05688
;LAYER_CHANGE
;Z:0.95
;HEIGHT:0.2
G92 E0
G1 Z.95 F7800
G1 X104.29 Y110.222
;TYPE:Perimeter
;WIDTH:0.449999
G1 F884.349
G1 X104.128 Y110.201 E.00641
G1 X103.632 Y110.109 E.02622
G1 X102.847 Y109.828 E.05896
G1 X101.872 Y109.259 E.10329
G1 X101.163 Y108.636 E.14035
G1 X100.74 Y108.127 E.16634
G1 X100.436 Y107.64 E.18888
G1 X100.189 Y107.195 E.20886
G1 X99.918 Y106.453 E.23988
G1 X99.77 Y105.625 E.27291
G1 X99.716 Y105.142 E.29199
G1 X99.748 Y104.398 E.32123
G1 X99.866 Y103.747 E.34721
G1 X100.044 Y103.201 E.36976
G1 X100.226 Y102.725 E.38977
G1 X100.505 Y102.216 E.41256
G1 X101.039 Y101.5 E.44763
G1 X101.879 Y100.736 E.49221
G1 X102.686 Y100.247 E.52926
G1 X103.748 Y99.866 E.57356
G1 X104.681 Y99.724 E.61062
G1 X105.808 Y99.778 E.65492
G1 X106.717 Y100.001 E.69167
G1 X107.745 Y100.485 E.73628
G1 X108.21 Y100.817 E.75871
G1 X108.606 Y101.131 E.77855
G1 X109.007 Y101.55 E.80132
G1 X109.529 Y102.275 E.8364
G1 X109.76 Y102.731 E.85647
G1 X109.97 Y103.191 E.87632
G1 X110.105 Y103.679 E.8962
G1 X110.228 Y104.239 E.91871
G1 X110.284 Y104.769 E.93964
G1 X110.222 Y105.808 E.98051
G1 X110.094 Y106.36 E1.00276
G1 X109.954 Y106.851 E1.02281
G1 X109.72 Y107.382 E1.04559
G1 X109.251 Y108.141 E1.08062
G1 X108.573 Y108.9 E1.12058
G1 X108.002 Y109.326 E1.14855
G1 X107.566 Y109.622 E1.16924
G1 X106.891 Y109.936 E1.19847
G1 X106.365 Y110.093 E1.22002
G1 X105.852 Y110.218 E1.24075
G1 X105.297 Y110.279 E1.26267
G1 X104.702 Y110.275 E1.28603
G1 X104.35 Y110.229 E1.29997
G1 X104.352 Y109.82 F7800
G1 F884.349
G1 X104.199 Y109.8 E1.30603
G1 X103.686 Y109.7 E1.32655
G1 X102.986 Y109.445 E1.3558
G1 X102.083 Y108.911 E1.39699
G1 X101.438 Y108.336 E1.43092
G1 X101.057 Y107.873 E1.45446
G1 X100.555 Y107.014 E1.49353
G1 X100.3 Y106.314 E1.52278
G1 X100.123 Y105.16 E1.56862
G1 X100.155 Y104.416 E1.59786
G1 X100.265 Y103.826 E1.62143
G1 X100.426 Y103.34 E1.64153
G1 X100.593 Y102.901 E1.65997
G1 X100.862 Y102.411 E1.68192
G1 X101.362 Y101.748 E1.71453
G1 X102.147 Y101.042 E1.75598
G1 X102.89 Y100.6 E1.78993
G1 X103.879 Y100.252 E1.8311
G1 X104.734 Y100.127 E1.86503
G1 X105.782 Y100.184 E1.90624
G1 X106.612 Y100.394 E1.93986
G1 X107.565 Y100.85 E1.98134
G1 X108.258 Y101.366 E2.01526
G1 X108.646 Y101.762 E2.03703
G1 X109.195 Y102.508 E2.0734
G1 X109.567 Y103.281 E2.10708
G1 X109.712 Y103.784 E2.12763
G1 X109.824 Y104.283 E2.14771
G1 X109.877 Y104.787 E2.16761
G1 X109.816 Y105.782 E2.20675
G1 X109.604 Y106.619 E2.24065
G1 X109.387 Y107.13 E2.26245
G1 X108.908 Y107.922 E2.29879
G1 X108.336 Y108.562 E2.33249
G1 X107.394 Y109.253 E2.37836
G1 X106.719 Y109.567 E2.40759
G1 X105.9 Y109.796 E2.44098
G1 X105.253 Y109.874 E2.46657
G1 X104.71 Y109.868 E2.48789
G1 X104.411 Y109.828 E2.49973
G1 X104.413 Y109.422 F7800
;TYPE:External perimeter
G1 F884.349
G1 X103.859 Y109.326 E2.52181
G1 X103.125 Y109.062 E2.55244
G1 X102.294 Y108.563 E2.5905
G1 X101.713 Y108.036 E2.6213
G1 X101.375 Y107.618 E2.64241
G1 X100.952 Y106.907 E2.67489
G1 X100.683 Y106.175 E2.70551
G1 X100.529 Y105.177 E2.74516
G1 X100.562 Y104.433 E2.7744
G1 X100.664 Y103.905 E2.79551
G1 X100.95 Y103.097 E2.82916
G1 X101.219 Y102.607 E2.85111
G1 X101.685 Y101.996 E2.88128
G1 X102.416 Y101.348 E2.91964
G1 X103.093 Y100.952 E2.95044
G1 X104.01 Y100.637 E2.98851
G1 X104.787 Y100.531 E3.0193
G1 X105.755 Y100.59 E3.05738
G1 X106.507 Y100.788 E3.08791
G1 X107.385 Y101.215 E3.12625
G1 X108.01 Y101.689 E3.15705
G1 X108.419 Y102.113 E3.18018
G1 X108.862 Y102.742 E3.21039
G1 X109.198 Y103.453 E3.24127
G1 X109.39 Y104.155 E3.26985
G1 X109.47 Y104.792 E3.29506
G1 X109.41 Y105.755 E3.33295
G1 X109.21 Y106.514 E3.36377
G1 X108.975 Y107.054 E3.38689
G1 X108.564 Y107.704 E3.41709
G1 X108.036 Y108.287 E3.44797
G1 X107.222 Y108.884 E3.48761
G1 X106.547 Y109.198 E3.51684
G1 X105.794 Y109.403 E3.54748
G1 X105.208 Y109.47 E3.57064
G1 X104.624 Y109.459 E3.59357
G1 X104.472 Y109.433 E3.59962
G1 X104.078 Y109.364 F7800
G92 E0
G1 X95.279 Y98.951
;TYPE:Perimeter
G1 F884.349
G1 X95.613 Y98.427 E.0244
G1 X96.221 Y97.634 E.06364
G1 X96.833 Y96.966 E.09921
G1 X97.249 Y96.558 E.12209
G1 X98.024 Y95.908 E.16181
G1 X98.843 Y95.335 E.20106
G1 X99.631 Y94.88 E.23679
G1 X100.146 Y94.618 E.25948
G1 X101.08 Y94.231 E.29918
G1 X102.034 Y93.931 E.33845
G1 X103.01 Y93.714 E.37771
G1 X103.912 Y93.595 E.41343
G1 X104.489 Y93.551 E.43615
G1 X105.495 Y93.551 E.47565
G1 X106.496 Y93.638 E.5151
G1 X107.48 Y93.812 E.55434
G1 X108.446 Y94.071 E.59361
G1 X109.301 Y94.382 E.62933
G1 X109.833 Y94.609 E.65204
G1 X110.65 Y95.034 E.6882
G1 X111.148 Y95.328 E.71091
G1 X111.976 Y95.908 E.7506
G1 X112.742 Y96.551 E.78987
G1 X113.449 Y97.258 E.82913
G1 X114.092 Y98.024 E.8684
G1 X114.665 Y98.843 E.90765
G1 X115.12 Y99.631 E.94338
G1 X115.382 Y100.146 E.96607
G1 X115.769 Y101.081 E1.0058
G1 X116.042 Y101.948 E1.04149
G1 X116.186 Y102.509 E1.06423
G1 X116.361 Y103.499 E1.1037
G1 X116.449 Y104.635 E1.14844
G1 X116.449 Y105.5 E1.1824
G1 X116.37 Y106.406 E1.21811
G1 X116.288 Y106.979 E1.24084
G1 X116.071 Y107.961 E1.28033
G1 X115.769 Y108.92 E1.31981
G1 X115.386 Y109.843 E1.35905
G1 X114.925 Y110.73 E1.3983
G1 X114.387 Y111.573 E1.43757
G1 X113.833 Y112.295 E1.4733
G1 X113.457 Y112.734 E1.496
G1 X112.742 Y113.449 E1.5357
G1 X112.045 Y114.034 E1.57143
G1 X111.583 Y114.381 E1.59412
G1 X110.734 Y114.922 E1.63365
G1 X109.843 Y115.386 E1.67309
G1 X108.92 Y115.769 E1.71233
G1 X107.966 Y116.069 E1.7516
G1 X107.078 Y116.266 E1.78731
G1 X106.507 Y116.361 E1.81004
G1 X105.505 Y116.449 E1.84953
G1 X104.5 Y116.449 E1.88899
G1 X103.594 Y116.37 E1.9247
G1 X103.021 Y116.288 E1.94743
G1 X102.039 Y116.071 E1.98692
G1 X101.08 Y115.769 E2.0264
G1 X100.157 Y115.386 E2.06564
G1 X99.27 Y114.925 E2.10489
G1 X98.427 Y114.387 E2.14416
G1 X97.634 Y113.779 E2.1834
G1 X96.966 Y113.167 E2.21897
G1 X96.558 Y112.751 E2.24185
G1 X95.966 Y112.045 E2.27803
G1 X95.619 Y111.583 E2.30072
G1 X95.078 Y110.734 E2.34025
G1 X94.614 Y109.843 E2.37969
G1 X94.231 Y108.92 E2.41893
G1 X93.958 Y108.052 E2.45466
G1 X93.814 Y107.492 E2.47736
G1 X93.639 Y106.501 E2.51687
G1 X93.551 Y105.5 E2.55633
G1 X93.551 Y104.5 E2.59559
G1 X93.638 Y103.504 E2.63485
G1 X93.796 Y102.608 E2.67057
G1 X93.927 Y102.045 E2.69327
G1 X94.23 Y101.085 E2.7328
G1 X94.614 Y100.157 E2.77223
G1 X95.075 Y99.27 E2.81148
G1 X95.247 Y99.001 E2.82402
G1 X94.931 Y98.74 F7800
G1 F884.349
G1 X95.279 Y98.193 E2.84948
G1 X95.909 Y97.372 E2.89011
G1 X96.61 Y96.607 E2.93085
G1 X96.977 Y96.255 E2.95082
G1 X97.776 Y95.585 E2.99176
G1 X98.624 Y94.991 E3.03241
G1 X99.526 Y94.47 E3.07331
G1 X99.978 Y94.247 E3.0931
G1 X100.941 Y93.848 E3.13403
G1 X101.929 Y93.537 E3.1747
G1 X102.939 Y93.313 E3.21532
G1 X103.973 Y93.177 E3.25627
M73 P9 R29
G1 X104.476 Y93.144 E3.27606
G1 X105.512 Y93.144 E3.31674
M73 Q9 S29
G1 X106.549 Y93.234 E3.35761
G1 X107.569 Y93.414 E3.39828
G1 X108.569 Y93.682 E3.43893
G1 X109.548 Y94.038 E3.47983
G1 X110.009 Y94.241 E3.49961
G1 X110.94 Y94.726 E3.54083
G1 X111.371 Y94.987 E3.56061
G1 X112.224 Y95.585 E3.60151
G1 X113.017 Y96.251 E3.64217
G1 X113.75 Y96.983 E3.68284
G1 X114.415 Y97.776 E3.72348
G1 X115.009 Y98.624 E3.76413
G1 X115.53 Y99.526 E3.80503
G1 X115.753 Y99.978 E3.82482
G1 X116.152 Y100.941 E3.86575
G1 X116.465 Y101.935 E3.90667
G1 X116.585 Y102.425 E3.92648
G1 X116.765 Y103.446 E3.96719
G1 X116.856 Y104.635 E4.01401
G1 X116.856 Y105.518 E4.04868
G1 X116.765 Y106.556 E4.08959
G1 X116.689 Y107.054 E4.10937
G1 X116.464 Y108.066 E4.15008
G1 X116.152 Y109.059 E4.19095
G1 X115.755 Y110.015 E4.23159
G1 X115.277 Y110.934 E4.27226
G1 X114.721 Y111.807 E4.3129
G1 X114.087 Y112.634 E4.35382
G1 X113.754 Y113.013 E4.37363
G1 X113.017 Y113.75 E4.41455
G1 X112.219 Y114.419 E4.45544
G1 X111.813 Y114.717 E4.47521
G1 X110.938 Y115.275 E4.51596
G1 X110.015 Y115.755 E4.55681
G1 X109.059 Y116.152 E4.59745
G1 X108.071 Y116.463 E4.63812
G1 X107.054 Y116.689 E4.67903
G1 X106.556 Y116.765 E4.69881
G1 X105.523 Y116.856 E4.73953
G1 X104.482 Y116.856 E4.7804
G1 X103.444 Y116.765 E4.82131
G1 X102.946 Y116.689 E4.84109
G1 X101.934 Y116.464 E4.8818
G1 X100.941 Y116.152 E4.92267
G1 X99.985 Y115.755 E4.96331
G1 X99.066 Y115.277 E5.00398
G1 X98.193 Y114.721 E5.04462
G1 X97.372 Y114.091 E5.08525
G1 X96.607 Y113.39 E5.12599
G1 X96.255 Y113.023 E5.14596
G1 X95.581 Y112.219 E5.18715
G1 X95.283 Y111.813 E5.20692
G1 X94.725 Y110.938 E5.24767
G1 X94.245 Y110.015 E5.28852
G1 X93.848 Y109.059 E5.32916
G1 X93.535 Y108.065 E5.37008
G1 X93.415 Y107.575 E5.38989
G1 X93.235 Y106.554 E5.4306
G1 X93.144 Y105.518 E5.47143
G1 X93.144 Y104.482 E5.51211
G1 X93.234 Y103.451 E5.55275
G1 X93.415 Y102.425 E5.59366
G1 X93.535 Y101.935 E5.61347
G1 X93.847 Y100.946 E5.65419
G1 X94.245 Y99.985 E5.69503
G1 X94.723 Y99.066 E5.7357
G1 X94.898 Y98.79 E5.74853
G1 X94.583 Y98.529 F7800
;TYPE:External perimeter
G1 F884.349
G1 X94.945 Y97.959 E5.77504
G1 X95.597 Y97.11 E5.81707
G1 X96.318 Y96.323 E5.85898
G1 X96.705 Y95.952 E5.88003
G1 X97.528 Y95.262 E5.9222
G1 X98.405 Y94.648 E5.96424
G1 X99.334 Y94.111 E6.00637
G1 X99.81 Y93.876 E6.02721
G1 X100.802 Y93.465 E6.06937
G1 X101.823 Y93.143 E6.11141
G1 X102.869 Y92.912 E6.15347
G1 X103.933 Y92.772 E6.19561
G1 X104.462 Y92.737 E6.21643
G1 X105.53 Y92.737 E6.25836
G1 X106.602 Y92.83 E6.30061
G1 X107.657 Y93.016 E6.34267
G1 X108.691 Y93.293 E6.3847
G1 X109.7 Y93.66 E6.42686
G1 X110.185 Y93.874 E6.44767
G1 X111.14 Y94.371 E6.48994
G1 X111.593 Y94.646 E6.51075
G1 X112.472 Y95.262 E6.55289
G1 X113.293 Y95.95 E6.59495
G1 X114.05 Y96.707 E6.63699
G1 X114.738 Y97.528 E6.67905
G1 X115.352 Y98.405 E6.72109
G1 X115.889 Y99.334 E6.76322
M73 P9 R28
G1 X116.124 Y99.81 E6.78406
G1 X116.535 Y100.802 E6.82622
G1 X116.857 Y101.825 E6.86833
G1 X116.983 Y102.341 E6.88919
G1 X117.169 Y103.392 E6.9311
G1 X117.263 Y104.635 E6.98005
G1 X117.263 Y105.535 E7.01539
G1 X117.17 Y106.605 E7.05756
G1 X117.089 Y107.129 E7.07838
G1 X116.858 Y108.172 E7.12033
G1 X116.535 Y109.198 E7.16256
G1 X116.125 Y110.188 E7.20463
G1 X115.63 Y111.137 E7.24666
G1 X115.055 Y112.041 E7.28873
G1 X114.402 Y112.892 E7.33085
G1 X114.052 Y113.291 E7.35169
G1 X113.293 Y114.05 E7.39384
G1 X112.471 Y114.74 E7.43598
G1 X112.043 Y115.054 E7.45682
G1 X111.142 Y115.627 E7.49875
G1 X110.188 Y116.125 E7.541
G1 X109.198 Y116.535 E7.58307
G1 X108.177 Y116.857 E7.62511
G1 X107.129 Y117.089 E7.66726
G1 X106.605 Y117.17 E7.68808
G1 X105.541 Y117.263 E7.73002
G1 X104.465 Y117.263 E7.77227
G1 X103.395 Y117.17 E7.81444
G1 X102.871 Y117.089 E7.83526
G1 X101.828 Y116.858 E7.87721
G1 X100.802 Y116.535 E7.91944
G1 X99.812 Y116.125 E7.96151
G1 X98.863 Y115.63 E8.00354
G1 X97.959 Y115.055 E8.04561
G1 X97.11 Y114.403 E8.08764
G1 X96.322 Y113.682 E8.12958
G1 X95.952 Y113.295 E8.1506
G1 X95.26 Y112.471 E8.19285
G1 X94.946 Y112.043 E8.21369
G1 X94.373 Y111.142 E8.25562
G1 X93.875 Y110.188 E8.29787
G1 X93.465 Y109.198 E8.33994
G1 X93.143 Y108.175 E8.38205
G1 X93.017 Y107.659 E8.40291
G1 X92.831 Y106.608 E8.44482
G1 X92.737 Y105.535 E8.48711
G1 X92.737 Y104.465 E8.52912
G1 X92.83 Y103.398 E8.57117
G1 X93.017 Y102.341 E8.61332
G1 X93.143 Y101.825 E8.63418
G1 X93.464 Y100.807 E8.67609
G1 X93.875 Y99.812 E8.71836
G1 X94.37 Y98.863 E8.76039
G1 X94.55 Y98.579 E8.77359
G1 X94.765 Y98.242 F7800
G92 E0
G1 X96.023 Y111.872
M73 Q9 S28
;TYPE:Solid infill
;WIDTH:0.38292
G1 F1058.823
G1 X96.706 Y112.618 E.03317
G1 X97.751 Y113.639 E.08108
G1 X96.864 Y112.79 E.12135
G1 X96.16 Y112.022 E.15552
G1 X95.538 Y110.938 F7800
G1 F1058.823
G1 X95.519 Y111.01 E.15796
G1 X95.59 Y110.991 E.16037
G1 X95.579 Y110.949 E.16179
;WIDTH:0.41646
G1 F963.754
G1 X95.679 Y111.108 E.16856
;WIDTH:0.449999
G1 F884.349
G1 X95.78 Y111.267 E.17596
G1 X98.733 Y114.22 E.33994
G1 X98.891 Y114.321 E.3473
;WIDTH:0.41646
G1 F963.754
G1 X99.05 Y114.421 E.35407
;WIDTH:0.38292
G1 F1058.823
G1 X99.061 Y114.462 E.35546
G1 X98.99 Y114.481 E.35787
G1 X99.009 Y114.41 E.36028
G1 X100.378 Y115.173 F7800
G1 F1058.823
G1 X100.359 Y115.244 E.36269
G1 X100.43 Y115.225 E.3651
G1 X100.419 Y115.184 E.36649
;WIDTH:0.41646
G1 F963.754
G1 X100.26 Y115.099 E.37299
;WIDTH:0.449999
G1 F884.349
G1 X100.101 Y115.013 E.38009
G1 X94.987 Y109.899 E.66406
G1 X94.902 Y109.741 E.6711
;WIDTH:0.41646
G1 F963.754
G1 X94.816 Y109.584 E.67755
;WIDTH:0.38292
G1 F1058.823
G1 X94.827 Y109.625 E.67894
G1 X94.756 Y109.644 E.68135
G1 X94.775 Y109.573 E.68376
;WIDTH:0.449999
G1 F884.349
G1 X94.546 Y108.883 E.71231
G1 X101.117 Y115.454 E1.07719
G1 X101.256 Y115.521 E1.08325
;WIDTH:0.41646
G1 F963.754
G1 X101.394 Y115.587 E1.08876
;WIDTH:0.38292
G1 F1058.823
G1 X101.375 Y115.659 E1.0912
G1 X101.446 Y115.64 E1.09361
G1 X101.435 Y115.598 E1.09503
G1 X102.279 Y115.964 F7800
G1 F1058.823
G1 X102.128 Y115.931 E1.1001
;WIDTH:0.41646
G1 F963.754
G1 X102.048 Y115.829 E1.10477
;WIDTH:0.449999
G1 F884.349
G1 X101.968 Y115.728 E1.10983
G1 X94.272 Y108.032 E1.53718
G1 X94.069 Y107.872 E1.54733
;WIDTH:0.38292
G1 F1058.823
G1 X93.941 Y107.338 E1.56534
;WIDTH:0.41646
G1 F963.754
G1 X94.013 Y107.304 E1.56821
;WIDTH:0.449999
G1 F884.349
G1 X94.085 Y107.269 E1.57135
G1 X102.725 Y115.91 E2.05114
G1 X103.434 Y116.043 E2.07946
G1 X93.961 Y106.57 E2.60548
G1 X93.895 Y105.929 E2.63078
G1 X104.072 Y116.105 E3.19587
G1 X104.686 Y116.144 E3.22003
G1 X93.856 Y105.314 E3.8214
G1 X93.856 Y104.738 E3.84402
G1 X105.261 Y116.143 E4.47732
G1 X105.809 Y116.115 E4.49887
G1 X93.885 Y104.191 E5.16099
G1 X93.931 Y103.661 E5.18188
G1 X106.339 Y116.069 E5.87088
G1 X106.845 Y116 E5.89093
M73 P10 R28
M73 Q10 S28
G1 X94.008 Y103.163 E6.60375
G1 X94.095 Y102.674 E6.62325
G1 X107.321 Y115.9 E7.35767
G1 X108.11 Y115.841 E7.38874
;WIDTH:0.38292
G1 F1058.823
G1 X108.121 Y115.882 E7.39013
G1 X108.05 Y115.901 E7.39254
G1 X108.069 Y115.83 E7.39495
;WIDTH:0.41646
G1 F963.754
G1 X107.93 Y115.813 E7.4
;WIDTH:0.449999
G1 F884.349
G1 X107.792 Y115.795 E7.40546
G1 X94.202 Y102.206 E8.16006
G1 X94.336 Y101.764 E8.17819
G1 X99.935 Y107.362 E8.48907
G1 X100.043 Y107.506 E8.49614
;WIDTH:0.41646
G1 F963.754
G1 X100.152 Y107.65 E8.50265
;WIDTH:0.38292
G1 F1058.823
G1 X100.58 Y108.199 E8.52548
G1 X101.606 Y109.249 F7800
G1 F1058.823
G1 X102.35 Y109.845 E8.55674
;WIDTH:0.41646
G1 F963.754
G1 X102.494 Y109.955 E8.56327
;WIDTH:0.449999
G1 F884.349
G1 X102.638 Y110.066 E8.57041
G1 X108.236 Y115.664 E8.88126
G1 X108.674 Y115.526 E8.89929
G1 X103.545 Y110.397 E9.1841
G1 X103.502 Y110.305 E9.18809
;WIDTH:0.41646
G1 F963.754
G1 X103.459 Y110.213 E9.19175
;WIDTH:0.38292
G1 F1058.823
G1 X103.258 Y110.221 E9.19835
G1 X104.249 Y110.526 F7800
;WIDTH:0.449999
G1 F884.349
G1 X109.091 Y115.367 E9.46719
G1 X109.498 Y115.199 E9.48448
G1 X104.881 Y110.581 E9.74088
G1 X105.443 Y110.568 E9.76295
G1 X109.892 Y115.017 E10.01
G1 X110.27 Y114.819 E10.02675
G1 X105.962 Y110.511 E10.26597
G1 X106.419 Y110.392 E10.28451
G1 X110.644 Y114.617 E10.51912
G1 X110.995 Y114.393 E10.53547
G1 X106.87 Y110.268 E10.76452
G1 X107.273 Y110.095 E10.78174
G1 X111.347 Y114.169 E11.00796
G1 X111.683 Y113.929 E11.02417
G1 X107.665 Y109.911 E11.24728
G1 X108.012 Y109.683 E11.26358
G1 X112.001 Y113.672 E11.48508
G1 X112.314 Y113.409 E11.50113
G1 X108.347 Y109.442 E11.72141
G1 X108.682 Y109.202 E11.73759
G1 X112.62 Y113.139 E11.95623
G1 X112.908 Y112.852 E11.97219
G1 X108.97 Y108.914 E12.19086
G1 X109.249 Y108.617 E12.20686
G1 X113.196 Y112.564 E12.42603
G1 X113.467 Y112.26 E12.44202
G1 X109.51 Y108.302 E12.66177
G1 X109.732 Y107.949 E12.67814
G1 X113.722 Y111.939 E12.8997
G1 X113.972 Y111.613 E12.91583
G1 X109.955 Y107.596 E13.13889
G1 X110.13 Y107.196 E13.15603
G1 X114.213 Y111.278 E13.38273
G1 X114.437 Y110.927 E13.39908
G1 X110.295 Y106.785 E13.62908
G1 X110.414 Y106.328 E13.64762
G1 X114.661 Y110.575 E13.88345
G1 X114.858 Y110.196 E13.90022
G1 X110.52 Y105.858 E14.1411
G1 X110.554 Y105.317 E14.16238
G1 X115.055 Y109.818 E14.41231
G1 X115.232 Y109.418 E14.42948
G1 X110.589 Y104.775 E14.6873
G1 X110.521 Y104.132 E14.71269
G1 X115.4 Y109.011 E14.98361
G1 X115.553 Y108.588 E15.00127
G1 X110.338 Y103.374 E15.29082
G1 X110.249 Y103.231 E15.29743
;WIDTH:0.41646
G1 F963.754
G1 X110.16 Y103.088 E15.3035
;WIDTH:0.38292
G1 F1058.823
G1 X110.153 Y103.274 E15.3096
G92 E0
G1 X99.815 Y106.707 F7800
G1 F1058.823
G1 X99.826 Y106.748 E.00139
G1 X99.755 Y106.767 E.0038
G1 X99.774 Y106.696 E.00621
;WIDTH:0.41646
G1 F963.754
G1 X99.687 Y106.574 E.01161
;WIDTH:0.449999
G1 F884.349
G1 X99.6 Y106.452 E.01749
G1 X94.474 Y101.326 E.30213
G1 X94.633 Y100.909 E.31965
G1 X99.489 Y105.766 E.58932
G1 X99.417 Y105.118 E.61492
G1 X94.801 Y100.502 E.87124
G1 X94.983 Y100.108 E.88828
G1 X99.446 Y104.571 E1.1361
G1 X99.497 Y104.046 E1.15681
M73 P11 R28
M73 Q11 S28
G1 X95.18 Y99.73 E1.3965
G1 X95.383 Y99.356 E1.41321
G1 X99.596 Y103.57 E1.64718
G1 X99.742 Y103.14 E1.66501
G1 X95.607 Y99.005 E1.89462
G1 X95.831 Y98.653 E1.911
G1 X99.897 Y102.719 E2.13678
G1 X100.096 Y102.343 E2.15348
G1 X96.077 Y98.323 E2.37668
G1 X96.327 Y97.998 E2.39278
G1 X100.299 Y101.97 E2.61334
G1 X100.549 Y101.645 E2.62944
G1 X96.589 Y97.684 E2.84936
G1 X96.864 Y97.384 E2.86534
G1 X100.799 Y101.319 E3.08384
G1 X101.089 Y101.032 E3.09986
G1 X97.141 Y97.085 E3.31906
G1 X97.435 Y96.803 E3.33506
G1 X101.395 Y100.763 E3.55495
G1 X101.702 Y100.494 E3.57098
G1 X97.747 Y96.539 E3.7906
G1 X98.06 Y96.276 E3.80665
G1 X102.05 Y100.267 E4.02824
G1 X102.415 Y100.056 E4.04479
G1 X98.386 Y96.027 E4.26851
G1 X98.725 Y95.79 E4.28475
G1 X102.807 Y99.872 E4.51142
G1 X103.236 Y99.726 E4.52921
G1 X99.068 Y95.557 E4.76068
G1 X99.433 Y95.347 E4.77721
G1 X103.666 Y99.58 E5.01226
G1 X104.151 Y99.49 E5.03163
G1 X99.798 Y95.136 E5.27337
G1 X100.18 Y94.942 E5.29019
G1 X104.66 Y99.422 E5.53896
G1 X105.257 Y99.444 E5.56242
G1 X100.582 Y94.768 E5.82204
G1 X100.989 Y94.6 E5.83933
G1 X105.872 Y99.484 E6.1105
G1 X106.919 Y99.837 F7800
;WIDTH:0.38292
G1 F1058.823
G1 X106.701 Y99.844 E6.11765
;WIDTH:0.41646
G1 F963.754
G1 X106.666 Y99.756 E6.12106
;WIDTH:0.449999
G1 F884.349
G1 X106.632 Y99.667 E6.1248
G1 X101.412 Y94.447 E6.41466
G1 X101.849 Y94.309 E6.43265
G1 X107.638 Y100.097 E6.75408
G1 X107.782 Y100.2 E6.76103
;WIDTH:0.41646
G1 F963.754
G1 X107.926 Y100.303 E6.76741
;WIDTH:0.38292
G1 F1058.823
G1 X108.697 Y100.975 E6.80095
G1 X109.197 Y101.486 E6.8244
G1 X109.72 Y102.116 E6.85125
;WIDTH:0.449999
G1 F884.349
G1 X109.944 Y102.404 E6.86558
G1 X115.691 Y108.15 E7.18467
G1 X115.788 Y108.049 E7.19017
;WIDTH:0.41646
G1 F963.754
G1 X115.885 Y107.947 E7.19524
;WIDTH:0.38292
G1 F1058.823
G1 X115.866 Y108.018 E7.19765
G1 X115.937 Y107.999 E7.20006
G1 X115.926 Y107.958 E7.20145
;WIDTH:0.449999
G1 F884.349
G1 X115.816 Y107.7 E7.21246
G1 X102.3 Y94.184 E7.96298
G1 X102.772 Y94.08 E7.98196
G1 X115.92 Y107.228 E8.71205
G1 X116.015 Y106.748 E8.73126
G1 X103.257 Y93.99 E9.43969
G1 X103.766 Y93.923 E9.45985
G1 X116.078 Y106.235 E10.14352
G1 X116.124 Y105.706 E10.16437
G1 X104.289 Y93.87 E10.82158
G1 X104.854 Y93.86 E10.84377
G1 X116.144 Y105.149 E11.47066
G1 X116.144 Y104.573 E11.49328
G1 X105.436 Y93.865 E12.08788
G1 X106.052 Y93.906 E12.11212
M73 P12 R28
M73 Q12 S28
G1 X116.094 Y103.948 E12.66974
G1 X116.015 Y103.293 E12.69564
G1 X106.707 Y93.985 E13.2125
G1 X107.406 Y94.109 E13.24037
G1 X115.891 Y102.594 E13.71153
G92 E0
G1 X108.032 Y94.118 F7800
;WIDTH:0.38292
G1 F1058.823
G1 X107.447 Y93.961 E.01986
G1 X108.191 Y94.318 F7800
;WIDTH:0.449999
G1 F884.349
G1 X115.677 Y101.804 E.43555
G1 X115.756 Y101.926 E.44126
;WIDTH:0.41646
G1 F963.754
G1 X115.836 Y102.048 E.44652
;WIDTH:0.38292
G1 F1058.823
G1 X115.817 Y102.119 E.44893
G1 X115.888 Y102.1 E.45134
G1 X115.877 Y102.059 E.45273
G1 X115.547 Y101.169 F7800
G1 F1058.823
G1 X115.528 Y101.24 E.45514
G1 X115.599 Y101.221 E.45755
G1 X115.588 Y101.18 E.45894
;WIDTH:0.41646
G1 F963.754
G1 X115.481 Y101.053 E.46492
;WIDTH:0.449999
G1 F884.349
G1 X115.374 Y100.925 E.47147
G1 X109.072 Y94.623 E.82141
G1 X108.943 Y94.519 E.82792
;WIDTH:0.41646
G1 F963.754
G1 X108.814 Y94.414 E.83391
;WIDTH:0.38292
G1 F1058.823
G1 X108.825 Y94.455 E.8353
G1 X108.754 Y94.474 E.83771
G1 X108.773 Y94.403 E.84012
G1 X109.835 Y94.857 F7800
G1 F1058.823
G1 X109.816 Y94.928 E.84253
G1 X109.887 Y94.909 E.84494
G1 X109.876 Y94.868 E.84633
;WIDTH:0.41646
G1 F963.754
G1 X110.005 Y94.989 E.8527
;WIDTH:0.449999
G1 F884.349
G1 X114.916 Y99.891 E1.12515
G1 X115.011 Y100.013 E1.13122
;WIDTH:0.41646
G1 F963.754
G1 X115.106 Y100.136 E1.13682
;WIDTH:0.38292
G1 F1058.823
G1 X115.087 Y100.207 E1.13923
G1 X115.158 Y100.188 E1.14164
G1 X115.147 Y100.147 E1.14303
G1 X114.468 Y98.968 F7800
;WIDTH:0.430458
G1 F928.941
G1 X114.153 Y98.593 E1.16134
;WIDTH:0.477996
G1 F827.442
G1 X113.838 Y98.218 E1.18189
;WIDTH:0.520348
G1 F754.04
G1 X113.51 Y97.86 E1.20425
;WIDTH:0.5627
G1 F692.601
G1 X113.182 Y97.502 E1.22859
G1 X112.498 Y96.818 E1.27709
G1 X112.14 Y96.49 E1.30143
;WIDTH:0.520347
G1 F754.042
G1 X111.782 Y96.162 E1.32379
;LAYER_CHANGE
;Z:1.15
;HEIGHT:0.2
G92 E0
G1 Z1.15 F7800
G1 X104.289 Y110.229
;TYPE:Perimeter
;WIDTH:0.449999
G1 F884.349
G1 X104.169 Y110.22 E.00472
G1 X103.68 Y110.098 E.02451
G1 X103.08 Y109.923 E.04905
G1 X102.414 Y109.612 E.07791
G1 X101.567 Y109.023 E.11842
G1 X101.01 Y108.467 E.14932
G1 X100.365 Y107.538 E.19373
G1 X99.989 Y106.681 E.23048
G1 X99.838 Y106.12 E.25329
G1 X99.747 Y105.455 E.27964
G1 X99.715 Y104.909 E.30112
G1 X99.859 Y103.769 E.34624
G1 X100.084 Y103.055 E.37563
G1 X100.473 Y102.308 E.4087
G1 X100.721 Y101.896 E.42758
G1 X101.203 Y101.322 E.45701
G1 X101.729 Y100.846 E.48486
G1 X102.167 Y100.553 E.50555
G1 X102.597 Y100.289 E.52536
G1 X103.282 Y100.004 E.55449
G1 X104.215 Y99.773 E.59223
G1 X105.35 Y99.727 E.63683
G1 X106.275 Y99.871 E.67359
G1 X107.099 Y100.169 E.70799
G1 X107.538 Y100.365 E.72687
G1 X108.311 Y100.882 E.76338
G1 X108.745 Y101.288 E.78671
G1 X109.093 Y101.653 E.80651
G1 X109.423 Y102.103 E.82842
G1 X109.698 Y102.605 E.85089
G1 X109.918 Y103.061 E.87077
G1 X110.117 Y103.745 E.89874
G1 X110.223 Y104.2 E.91708
G1 X110.285 Y104.912 E.94514
G1 X110.26 Y105.484 E.96762
G1 X110.147 Y106.145 E.99395
G1 X110.014 Y106.674 E1.01537
G1 X109.729 Y107.362 E1.04461
G1 X109.369 Y107.978 E1.07262
G1 X109.039 Y108.389 E1.09332
G1 X108.682 Y108.794 E1.11452
G1 X108.11 Y109.274 E1.14384
G1 X107.332 Y109.724 E1.17913
G1 X106.919 Y109.923 E1.19713
G1 X106.026 Y110.184 E1.23366
G1 X105.089 Y110.285 E1.27066
G1 X104.349 Y110.233 E1.29979
G1 X104.351 Y109.826 F7800
G1 F884.349
G1 X104.205 Y109.815 E1.30554
G1 X103.462 Y109.61 E1.3358
G1 X103.008 Y109.451 E1.35469
G1 X102.559 Y109.228 E1.37437
G1 X101.904 Y108.772 E1.40571
G1 X101.22 Y108.085 E1.44377
G1 X100.7 Y107.307 E1.48051
G1 X100.365 Y106.525 E1.51391
M73 P12 R27
G1 X100.234 Y106.024 E1.53424
G1 X100.152 Y105.42 E1.55817
G1 X100.122 Y104.933 E1.57733
G1 X100.223 Y104.009 E1.61383
G1 X100.471 Y103.182 E1.64773
G1 X101.033 Y102.157 E1.69363
G1 X101.514 Y101.585 E1.72297
G1 X101.997 Y101.152 E1.74844
G1 X102.7 Y100.696 E1.78134
G1 X103.59 Y100.329 E1.81914
G1 X104.311 Y100.169 E1.84814
G1 X105.359 Y100.134 E1.88931
G1 X106.204 Y100.271 E1.92292
G1 X106.952 Y100.548 E1.95424
G1 X107.312 Y100.704 E1.96965
G1 X108.085 Y101.22 E2.00614
G1 X108.457 Y101.576 E2.02636
G1 X108.822 Y101.971 E2.04748
G1 X109.117 Y102.377 E2.06719
G1 X109.464 Y103.037 E2.09647
G1 X109.726 Y103.859 E2.13035
G1 X109.818 Y104.235 E2.14555
G1 X109.88 Y104.947 E2.17361
G1 X109.853 Y105.457 E2.19366
G1 X109.75 Y106.057 E2.21756
G1 X109.635 Y106.525 E2.23648
G1 X109.353 Y107.206 E2.26542
G1 X109.021 Y107.767 E2.29102
G1 X108.488 Y108.413 E2.3239
G1 X107.848 Y108.962 E2.35701
G1 X107.137 Y109.367 E2.38914
G1 X106.805 Y109.533 E2.40371
G1 X105.913 Y109.793 E2.44019
G1 X105.053 Y109.88 E2.47413
G1 X104.411 Y109.831 E2.49941
G1 X104.413 Y109.424 F7800
;TYPE:External perimeter
G1 F884.349
G1 X104.24 Y109.409 E2.50623
G1 X103.576 Y109.22 E2.53334
G1 X103.189 Y109.086 E2.54942
G1 X102.748 Y108.866 E2.56877
G1 X102.138 Y108.439 E2.59801
G1 X101.586 Y107.892 E2.62852
G1 X101.02 Y107.044 E2.66855
G1 X100.741 Y106.369 E2.69723
G1 X100.596 Y105.79 E2.72067
G1 X100.53 Y105.07 E2.74906
G1 X100.636 Y104.014 E2.79073
G1 X100.86 Y103.303 E2.82
G1 X101.345 Y102.419 E2.85959
G1 X101.824 Y101.848 E2.88885
G1 X102.265 Y101.458 E2.91197
G1 X102.918 Y101.039 E2.94243
G1 X103.593 Y100.757 E2.97115
G1 X104.391 Y100.568 E3.00335
G1 X105.368 Y100.541 E3.04173
G1 X106.134 Y100.672 E3.07224
G1 X107.086 Y101.042 E3.11234
G1 X107.859 Y101.559 E3.14885
G1 X108.382 Y102.076 E3.17773
G1 X108.767 Y102.584 E3.20276
G1 X109.103 Y103.225 E3.23118
G1 X109.412 Y104.271 E3.27401
G1 X109.474 Y104.983 E3.30207
G1 X109.438 Y105.571 E3.3252
G1 X109.284 Y106.278 E3.35361
G1 X108.98 Y107.044 E3.38597
G1 X108.673 Y107.555 E3.40938
G1 X108.176 Y108.151 E3.43985
G1 X107.586 Y108.65 E3.47019
G1 X106.691 Y109.142 E3.51029
G1 X105.799 Y109.402 E3.54677
M73 Q12 S27
G1 X105.018 Y109.474 E3.57757
G1 X104.473 Y109.429 E3.59904
G1 X104.079 Y109.357 F7800
G92 E0
G1 X95.279 Y98.951
;TYPE:Perimeter
G1 F884.349
G1 X95.564 Y98.503 E.02085
G1 X95.901 Y98.032 E.04359
G1 X96.478 Y97.344 E.07885
G1 X96.848 Y96.946 E.10019
G1 X97.249 Y96.558 E.1221
G1 X98.024 Y95.908 E.16182
G1 X98.843 Y95.335 E.20107
G1 X99.709 Y94.835 E.24033
G1 X100.601 Y94.418 E.27899
G1 X101.071 Y94.234 E.29881
G1 X102.034 Y93.931 E.33845
G1 X103.01 Y93.714 E.37771
G1 X103.912 Y93.595 E.41343
G1 X104.489 Y93.551 E.43615
G1 X105.387 Y93.551 E.47141
G1 X105.93 Y93.579 E.49276
G1 X106.485 Y93.636 E.51467
G1 X107.48 Y93.812 E.55434
G1 X108.446 Y94.071 E.59361
G1 X109.372 Y94.407 E.63229
G1 X109.834 Y94.609 E.65209
G1 X110.73 Y95.075 E.69174
G1 X111.573 Y95.613 E.73101
G1 X112.366 Y96.221 E.77025
G1 X113.093 Y96.886 E.80894
G1 X113.442 Y97.25 E.82874
G1 X114.092 Y98.024 E.86843
G1 X114.665 Y98.843 E.90768
G1 X115.12 Y99.631 E.94341
G1 X115.382 Y100.146 E.9661
G1 X115.769 Y101.08 E1.0058
G1 X116.042 Y101.948 E1.04153
G1 X116.186 Y102.509 E1.06427
G1 X116.36 Y103.49 E1.10339
G1 X116.422 Y104.073 E1.12641
G1 X116.449 Y104.59 E1.14674
G1 X116.449 Y105.41 E1.17894
G1 X116.418 Y105.988 E1.20167
G1 X116.301 Y106.878 E1.23692
G1 X116.202 Y107.412 E1.25824
G1 X116.073 Y107.955 E1.28015
G1 X115.769 Y108.92 E1.31988
G1 X115.386 Y109.843 E1.35912
G1 X114.925 Y110.73 E1.39837
G1 X114.387 Y111.573 E1.43764
G1 X113.779 Y112.366 E1.47688
G1 X113.164 Y113.037 E1.51262
G1 X112.751 Y113.442 E1.53533
G1 X111.976 Y114.092 E1.57505
G1 X111.157 Y114.665 E1.6143
G1 X110.37 Y115.12 E1.64999
G1 X109.854 Y115.382 E1.67271
G1 X108.92 Y115.769 E1.71241
G1 X107.966 Y116.069 E1.75168
G1 X107.078 Y116.266 E1.78739
G1 X106.507 Y116.361 E1.81012
G1 X105.613 Y116.44 E1.84536
G1 X105.069 Y116.459 E1.86673
G1 X104.511 Y116.45 E1.88864
G1 X103.594 Y116.37 E1.92478
G1 X103.021 Y116.288 E1.94751
G1 X102.145 Y116.094 E1.98274
G1 X101.621 Y115.949 E2.00409
G1 X101.091 Y115.773 E2.02602
G1 X100.157 Y115.386 E2.06572
G1 X99.27 Y114.925 E2.10497
G1 X98.427 Y114.387 E2.14424
G1 X97.634 Y113.779 E2.18348
G1 X96.98 Y113.18 E2.2183
G1 X96.599 Y112.793 E2.23962
G1 X96.228 Y112.375 E2.26156
G1 X95.681 Y111.664 E2.29678
G1 X95.373 Y111.216 E2.31813
G1 X95.081 Y110.74 E2.34006
G1 X94.614 Y109.843 E2.37977
G1 X94.231 Y108.92 E2.41901
G1 X93.958 Y108.052 E2.45474
G1 X93.814 Y107.491 E2.47748
G1 X93.657 Y106.608 E2.51269
G1 X93.591 Y106.068 E2.53405
G1 X93.551 Y105.511 E2.55598
G1 X93.551 Y104.5 E2.59568
G1 X93.638 Y103.504 E2.63494
G1 X93.796 Y102.608 E2.67066
G1 X93.927 Y102.045 E2.69336
G1 X94.197 Y101.188 E2.72864
G1 X94.387 Y100.679 E2.74997
G1 X94.609 Y100.167 E2.77188
G1 X95.075 Y99.27 E2.81157
G1 X95.246 Y99.002 E2.82405
G1 X94.931 Y98.74 F7800
G1 F884.349
G1 X95.283 Y98.187 E2.84979
G1 X95.581 Y97.781 E2.86956
G1 X96.237 Y96.997 E2.9097
G1 X96.977 Y96.255 E2.95085
G1 X97.776 Y95.585 E2.99179
G1 X98.624 Y94.991 E3.03244
G1 X99.52 Y94.473 E3.07308
G1 X100.441 Y94.044 E3.11297
G1 X100.935 Y93.85 E3.13381
G1 X101.929 Y93.537 E3.17473
G1 X102.939 Y93.313 E3.21535
G1 X103.973 Y93.177 E3.2563
G1 X104.476 Y93.144 E3.27609
G1 X105.498 Y93.143 E3.31622
G1 X106.542 Y93.233 E3.35736
G1 X107.569 Y93.414 E3.39831
G1 X108.569 Y93.682 E3.43896
G1 X109.523 Y94.029 E3.47882
G1 X110.01 Y94.242 E3.49969
G1 X110.934 Y94.723 E3.54059
G1 X111.807 Y95.279 E3.58123
G1 X112.628 Y95.909 E3.62186
G1 X113.377 Y96.595 E3.66174
G1 X113.745 Y96.978 E3.6826
G1 X114.415 Y97.776 E3.72351
G1 X115.009 Y98.624 E3.76416
G1 X115.53 Y99.526 E3.80506
G1 X115.753 Y99.978 E3.82485
G1 X116.152 Y100.941 E3.86578
G1 X116.465 Y101.935 E3.9067
G1 X116.585 Y102.425 E3.92651
G1 X116.775 Y103.543 E3.97104
M73 P13 R27
G1 X116.828 Y104.046 E3.9909
G1 X116.856 Y104.59 E4.01229
G1 X116.856 Y105.525 E4.049
M73 Q13 S27
G1 X116.823 Y106.028 E4.06879
G1 X116.69 Y107.041 E4.10891
G1 X116.465 Y108.065 E4.15008
G1 X116.152 Y109.059 E4.191
G1 X115.755 Y110.015 E4.23164
G1 X115.277 Y110.934 E4.27231
G1 X114.721 Y111.807 E4.31295
G1 X114.091 Y112.628 E4.35358
G1 X113.387 Y113.397 E4.39452
G1 X113.023 Y113.745 E4.41429
G1 X112.224 Y114.415 E4.45523
G1 X111.376 Y115.009 E4.49588
G1 X110.474 Y115.53 E4.53678
G1 X110.022 Y115.753 E4.55657
G1 X109.059 Y116.152 E4.5975
G1 X108.071 Y116.463 E4.63817
G1 X107.054 Y116.689 E4.67908
G1 X106.556 Y116.765 E4.69886
G1 X105.537 Y116.855 E4.73903
G1 X104.489 Y116.857 E4.78018
G1 X103.444 Y116.765 E4.82137
G1 X102.946 Y116.688 E4.84116
G1 X101.947 Y116.468 E4.88133
G1 X101.431 Y116.318 E4.90243
G1 X100.948 Y116.154 E4.92246
G1 X99.985 Y115.755 E4.96339
G1 X99.066 Y115.277 E5.00406
G1 X98.193 Y114.721 E5.0447
G1 X97.372 Y114.091 E5.08533
G1 X96.623 Y113.405 E5.12521
G1 X96.25 Y113.017 E5.14634
G1 X95.913 Y112.634 E5.16637
G1 X95.29 Y111.823 E5.20652
G1 X94.726 Y110.94 E5.24766
G1 X94.245 Y110.015 E5.2886
G1 X93.848 Y109.059 E5.32924
G1 X93.535 Y108.065 E5.37016
G1 X93.415 Y107.575 E5.38997
G1 X93.237 Y106.568 E5.43012
G1 X93.144 Y105.525 E5.47124
G1 X93.144 Y104.482 E5.51219
G1 X93.234 Y103.451 E5.55283
G1 X93.415 Y102.425 E5.59374
G1 X93.535 Y101.935 E5.61355
G1 X93.842 Y100.96 E5.65369
G1 X94.241 Y99.991 E5.69484
G1 X94.723 Y99.066 E5.73579
G1 X94.898 Y98.79 E5.74862
G1 X94.582 Y98.529 F7800
;TYPE:External perimeter
G1 F884.349
G1 X94.946 Y97.957 E5.77524
G1 X95.26 Y97.529 E5.79608
G1 X95.934 Y96.726 E5.83724
G1 X96.705 Y95.952 E5.88014
G1 X97.528 Y95.262 E5.92231
G1 X98.405 Y94.648 E5.96435
G1 X99.332 Y94.112 E6.00639
G1 X100.28 Y93.669 E6.04748
G1 X100.8 Y93.466 E6.0694
G1 X101.823 Y93.143 E6.11152
G1 X102.869 Y92.912 E6.15358
G1 X103.933 Y92.772 E6.19572
G1 X104.462 Y92.737 E6.21654
G1 X105.511 Y92.736 E6.25773
G1 X106.6 Y92.83 E6.30065
G1 X107.657 Y93.016 E6.34279
G1 X108.691 Y93.293 E6.38482
G1 X109.675 Y93.651 E6.42593
G1 X110.186 Y93.874 E6.44782
G1 X111.137 Y94.37 E6.48993
G1 X112.041 Y94.945 E6.532
G1 X112.89 Y95.597 E6.57403
G1 X113.662 Y96.303 E6.61511
G1 X114.048 Y96.706 E6.63702
G1 X114.738 Y97.528 E6.67916
G1 X115.352 Y98.405 E6.7212
G1 X115.889 Y99.334 E6.76333
G1 X116.124 Y99.81 E6.78417
G1 X116.535 Y100.802 E6.82633
G1 X116.857 Y101.825 E6.86844
G1 X116.983 Y102.341 E6.8893
G1 X117.18 Y103.498 E6.93538
G1 X117.234 Y104.02 E6.95599
G1 X117.263 Y104.59 E6.9784
G1 X117.263 Y105.538 E7.01562
G1 X117.228 Y106.067 E7.03644
G1 X117.092 Y107.107 E7.07762
G1 X116.857 Y108.175 E7.12056
G1 X116.535 Y109.198 E7.16267
G1 X116.125 Y110.188 E7.20474
G1 X115.63 Y111.137 E7.24677
G1 X115.055 Y112.041 E7.28884
G1 X114.403 Y112.89 E7.33087
G1 X113.678 Y113.681 E7.373
G1 X113.295 Y114.048 E7.39383
G1 X112.472 Y114.738 E7.436
G1 X111.595 Y115.352 E7.47804
G1 X110.666 Y115.889 E7.52017
G1 X110.19 Y116.124 E7.54101
G1 X109.198 Y116.535 E7.58317
G1 X108.177 Y116.857 E7.62521
G1 X107.129 Y117.089 E7.66736
G1 X106.605 Y117.17 E7.68818
G1 X105.56 Y117.262 E7.72937
G1 X104.467 Y117.263 E7.77229
G1 X103.395 Y117.17 E7.81454
G1 X102.871 Y117.089 E7.83536
G1 X101.847 Y116.862 E7.87654
G1 X101.309 Y116.707 E7.89852
G1 X100.804 Y116.535 E7.91947
G1 X99.812 Y116.125 E7.96162
G1 X98.863 Y115.63 E8.00365
G1 X97.959 Y115.055 E8.04572
G1 X97.11 Y114.403 E8.08775
G1 X96.338 Y113.697 E8.12883
G1 X95.95 Y113.293 E8.15082
G1 X95.598 Y112.892 E8.17177
G1 X94.96 Y112.06 E8.21294
G1 X94.371 Y111.14 E8.25583
G1 X93.875 Y110.188 E8.29798
G1 X93.465 Y109.198 E8.34005
G1 X93.143 Y108.175 E8.38216
G1 X93.017 Y107.659 E8.40302
G1 X92.834 Y106.626 E8.44421
G1 X92.737 Y105.538 E8.4871
G1 X92.737 Y104.465 E8.52923
G1 X92.83 Y103.398 E8.57128
G1 X93.017 Y102.341 E8.61343
G1 X93.143 Y101.825 E8.63429
G1 X93.458 Y100.825 E8.67546
G1 X93.874 Y99.815 E8.71835
G1 X94.37 Y98.863 E8.7605
G1 X94.55 Y98.579 E8.7737
G1 X94.765 Y98.242 F7800
;LAYER_CHANGE
;Z:1.35
;HEIGHT:0.2
G92 E0
G1 Z1.35 F7800
G1 X104.334 Y110.232
;TYPE:Perimeter
G1 F884.349
G1 X104.177 Y110.221 E.00618
G1 X103.474 Y110.062 E.03448
G1 X102.645 Y109.732 E.06951
G1 X101.859 Y109.251 E.10569
G1 X101.196 Y108.645 E.14096
G1 X100.881 Y108.311 E.15899
G1 X100.365 Y107.538 E.19548
G1 X99.989 Y106.681 E.23223
G1 X99.837 Y106.118 E.25513
G1 X99.747 Y105.449 E.28163
G1 X99.715 Y104.909 E.30287
G1 X99.792 Y104.201 E.33083
G1 X99.863 Y103.757 E.34848
G1 X100.083 Y103.059 E.37722
G1 X100.384 Y102.421 E.40492
G1 X100.709 Y101.936 E.42784
G1 X101.008 Y101.535 E.44748
G1 X101.535 Y101.008 E.47674
G1 X102.227 Y100.522 E.50994
G1 X102.638 Y100.271 E.52885
G1 X103.326 Y99.986 E.55809
G1 X104.215 Y99.773 E.59398
G1 X105.35 Y99.727 E.63858
G1 X106.275 Y99.871 E.67534
G1 X107.12 Y100.177 E.71063
G1 X107.583 Y100.391 E.73066
G1 X108.043 Y100.674 E.75187
G1 X108.673 Y101.199 E.78407
G1 X109.274 Y101.89 E.82003
G1 X109.724 Y102.668 E.85532
G1 X109.923 Y103.081 E.87332
G1 X110.184 Y103.974 E.90985
G1 X110.285 Y104.91 E.94681
G1 X110.251 Y105.616 E.97456
G1 X110.068 Y106.501 E1.01004
G1 X109.732 Y107.355 E1.04607
G1 X109.373 Y107.972 E1.0741
G1 X108.801 Y108.674 E1.10966
G1 X108.104 Y109.279 E1.1459
G1 X107.124 Y109.839 E1.19022
G1 X106.298 Y110.105 E1.22429
G1 X105.83 Y110.22 E1.24321
G1 X105.089 Y110.285 E1.27242
G1 X104.394 Y110.236 E1.29978
G1 X104.378 Y109.828 F7800
G1 F884.349
G1 X104.212 Y109.816 E1.30631
G1 X103.571 Y109.667 E1.33215
G1 X102.801 Y109.356 E1.36476
G1 X102.078 Y108.908 E1.39816
G1 X101.477 Y108.351 E1.43033
G1 X101.22 Y108.085 E1.44485
G1 X100.703 Y107.312 E1.48136
G1 X100.362 Y106.518 E1.51529
G1 X100.233 Y106.021 E1.53545
G1 X100.152 Y105.413 E1.55953
G1 X100.122 Y104.933 E1.57841
G1 X100.223 Y104.003 E1.61514
G1 X100.456 Y103.232 E1.64677
G1 X100.75 Y102.601 E1.6741
G1 X101.305 Y101.814 E1.71191
G1 X101.823 Y101.296 E1.74067
G1 X102.794 Y100.647 E1.78653
G1 X103.482 Y100.362 E1.81577
G1 X104.303 Y100.171 E1.84887
G1 X105.359 Y100.134 E1.89036
G1 X106.204 Y100.271 E1.92397
G1 X106.972 Y100.556 E1.95613
G1 X107.372 Y100.739 E1.9734
G1 X107.806 Y101.005 E1.99339
G1 X108.412 Y101.511 E2.02439
G1 X108.962 Y102.152 E2.05755
G1 X109.367 Y102.863 E2.08968
G1 X109.533 Y103.195 E2.10425
G1 X109.793 Y104.087 E2.14073
G1 X109.88 Y104.945 E2.17459
G1 X109.845 Y105.59 E2.19995
G1 X109.671 Y106.413 E2.23298
G1 X109.356 Y107.199 E2.26623
G1 X109.025 Y107.761 E2.29184
G1 X108.489 Y108.412 E2.32495
G1 X107.842 Y108.967 E2.35842
G1 X106.928 Y109.482 E2.39961
G1 X106.184 Y109.714 E2.43021
G1 X105.795 Y109.815 E2.44599
G1 X105.053 Y109.88 E2.47524
G1 X104.438 Y109.833 E2.49946
G1 X104.422 Y109.425 F7800
;TYPE:External perimeter
G1 F884.349
G1 X104.248 Y109.41 E2.50632
G1 X103.667 Y109.272 E2.52977
G1 X102.956 Y108.98 E2.55995
G1 X102.296 Y108.564 E2.59058
G1 X101.558 Y107.859 E2.63065
G1 X101.042 Y107.085 E2.66718
G1 X100.738 Y106.362 E2.69798
G1 X100.597 Y105.797 E2.72084
G1 X100.53 Y105.066 E2.74966
G1 X100.639 Y104.002 E2.79166
G1 X100.86 Y103.304 E2.82041
G1 X101.115 Y102.781 E2.84326
G1 X101.535 Y102.175 E2.87221
G1 X102.073 Y101.621 E2.90253
G1 X102.95 Y101.023 E2.94421
G1 X103.638 Y100.738 E2.97345
G1 X104.391 Y100.568 E3.00376
G1 X105.368 Y100.541 E3.04214
G1 X106.134 Y100.672 E3.07265
G1 X106.825 Y100.935 E3.10168
G1 X107.161 Y101.087 E3.11616
G1 X107.581 Y101.345 E3.13551
G1 X108.151 Y101.824 E3.16474
G1 X108.65 Y102.414 E3.19508
G1 X109.142 Y103.309 E3.23518
G1 X109.402 Y104.201 E3.27166
G1 X109.474 Y104.981 E3.30242
G1 X109.439 Y105.564 E3.32535
G1 X109.273 Y106.325 E3.35593
G1 X108.98 Y107.044 E3.38642
G1 X108.677 Y107.55 E3.40958
G1 X108.176 Y108.151 E3.4403
G1 X107.581 Y108.655 E3.47092
G1 X106.732 Y109.125 E3.50902
G1 X105.759 Y109.409 E3.54882
G1 X105.018 Y109.474 E3.57803
G1 X104.482 Y109.43 E3.59915
G1 X104.087 Y109.367 F7800
G92 E0
G1 X95.279 Y98.951
;TYPE:Perimeter
G1 F884.349
G1 X95.564 Y98.503 E.02085
G1 X95.901 Y98.032 E.04359
G1 X96.465 Y97.359 E.07807
G1 X96.847 Y96.948 E.1001
G1 X97.249 Y96.558 E.12209
G1 X98.024 Y95.908 E.16181
G1 X98.843 Y95.335 E.20106
G1 X99.631 Y94.88 E.23679
G1 X100.146 Y94.618 E.25948
G1 X101.081 Y94.231 E.29921
G1 X102.034 Y93.931 E.33844
G1 X103.01 Y93.714 E.3777
G1 X103.912 Y93.595 E.41342
G1 X104.489 Y93.551 E.43614
G1 X105.367 Y93.55 E.47061
G1 X105.928 Y93.579 E.49267
G1 X106.485 Y93.636 E.51465
G1 X107.48 Y93.812 E.55432
G1 X108.446 Y94.071 E.59359
G1 X109.301 Y94.382 E.62931
G1 X109.833 Y94.609 E.65202
G1 X110.73 Y95.075 E.69171
G1 X111.498 Y95.564 E.72746
G1 X111.968 Y95.901 E.75017
G1 X112.641 Y96.465 E.78465
G1 X113.052 Y96.847 E.80668
G1 X113.442 Y97.249 E.82867
G1 X114.092 Y98.024 E.86839
G1 X114.665 Y98.843 E.90764
G1 X115.12 Y99.63 E.94333
G1 X115.382 Y100.146 E.96605
G1 X115.769 Y101.08 E1.00575
G1 X116.029 Y101.905 E1.03971
G1 X116.304 Y103.121 E1.08866
G1 X116.373 Y103.628 E1.10875
G1 X116.449 Y104.564 E1.14562
G1 X116.45 Y105.489 E1.18194
G1 X116.37 Y106.406 E1.21808
G1 X116.288 Y106.979 E1.24081
G1 X116.069 Y107.966 E1.28051
G1 X115.769 Y108.92 E1.31978
G1 X115.386 Y109.843 E1.35902
G1 X114.925 Y110.73 E1.39827
G1 X114.436 Y111.497 E1.43399
G1 X114.099 Y111.968 E1.45673
G1 X113.535 Y112.641 E1.49121
G1 X113.153 Y113.052 E1.51324
G1 X112.751 Y113.442 E1.53523
G1 X112.045 Y114.034 E1.57141
G1 X111.583 Y114.381 E1.5941
G1 X110.73 Y114.925 E1.63382
G1 X109.843 Y115.386 E1.67307
G1 X108.92 Y115.769 E1.71231
G1 X107.966 Y116.069 E1.75158
G1 X106.99 Y116.286 E1.79084
G1 X105.999 Y116.416 E1.83008
G1 X105.09 Y116.456 E1.86581
G1 X104.511 Y116.45 E1.88855
G1 X103.504 Y116.362 E1.92824
G1 X102.52 Y116.188 E1.96748
G1 X101.641 Y115.953 E2.00321
G1 X101.091 Y115.773 E2.02593
G1 X100.157 Y115.386 E2.06563
G1 X99.27 Y114.925 E2.10488
G1 X98.427 Y114.387 E2.14415
G1 X97.634 Y113.779 E2.18339
G1 X96.963 Y113.164 E2.21913
G1 X96.558 Y112.751 E2.24184
G1 X95.966 Y112.045 E2.27802
G1 X95.618 Y111.582 E2.30076
G1 X95.146 Y110.842 E2.33522
G1 X94.869 Y110.354 E2.35725
M73 P14 R27
G1 X94.618 Y109.854 E2.37922
G1 X94.231 Y108.92 E2.41892
G1 X93.958 Y108.052 E2.45465
G1 X93.814 Y107.491 E2.47739
M73 Q14 S27
G1 X93.66 Y106.626 E2.51189
G1 X93.591 Y106.07 E2.53389
G1 X93.551 Y105.511 E2.5559
G1 X93.551 Y104.5 E2.5956
G1 X93.63 Y103.594 E2.63131
G1 X93.712 Y103.021 E2.65404
G1 X93.901 Y102.163 E2.68854
G1 X94.05 Y101.622 E2.71057
G1 X94.227 Y101.091 E2.73255
G1 X94.614 Y100.157 E2.77225
G1 X95.075 Y99.27 E2.8115
G1 X95.246 Y99.002 E2.82398
G1 X94.931 Y98.74 F7800
G1 F884.349
G1 X95.283 Y98.187 E2.84972
G1 X95.581 Y97.781 E2.86949
G1 X96.224 Y97.013 E2.90882
G1 X96.609 Y96.607 E2.93079
G1 X96.977 Y96.255 E2.95079
G1 X97.776 Y95.585 E2.99173
G1 X98.624 Y94.991 E3.03238
G1 X99.526 Y94.47 E3.07328
G1 X99.978 Y94.247 E3.09307
G1 X100.941 Y93.848 E3.134
G1 X101.928 Y93.537 E3.17463
G1 X102.939 Y93.313 E3.21529
G1 X103.973 Y93.177 E3.25624
G1 X104.476 Y93.144 E3.27603
G1 X105.477 Y93.143 E3.31533
G1 X106.035 Y93.178 E3.33728
G1 X106.542 Y93.233 E3.3573
G1 X107.569 Y93.414 E3.39825
G1 X108.569 Y93.682 E3.4389
G1 X109.548 Y94.038 E3.4798
G1 X110.009 Y94.241 E3.49958
G1 X110.934 Y94.723 E3.54053
G1 X111.813 Y95.283 E3.58145
G1 X112.219 Y95.581 E3.60122
G1 X112.987 Y96.224 E3.64055
G1 X113.393 Y96.609 E3.66252
G1 X113.745 Y96.977 E3.68252
G1 X114.415 Y97.776 E3.72346
G1 X115.009 Y98.624 E3.76411
G1 X115.53 Y99.526 E3.80501
G1 X115.753 Y99.978 E3.8248
G1 X116.152 Y100.941 E3.86573
G1 X116.417 Y101.783 E3.90039
G1 X116.706 Y103.059 E3.95176
G1 X116.778 Y103.592 E3.97288
G1 X116.856 Y104.554 E4.01078
G1 X116.857 Y105.511 E4.04836
G1 X116.765 Y106.556 E4.08955
G1 X116.689 Y107.054 E4.10933
G1 X116.463 Y108.071 E4.15024
G1 X116.152 Y109.059 E4.19091
G1 X115.755 Y110.015 E4.23155
G1 X115.277 Y110.934 E4.27222
G1 X114.717 Y111.813 E4.31314
G1 X114.419 Y112.219 E4.33291
G1 X113.776 Y112.987 E4.37224
G1 X113.391 Y113.393 E4.39421
G1 X113.023 Y113.745 E4.41421
G1 X112.219 Y114.419 E4.4554
G1 X111.813 Y114.717 E4.47517
G1 X110.934 Y115.277 E4.51609
G1 X110.015 Y115.755 E4.55676
G1 X109.059 Y116.152 E4.5974
G1 X108.071 Y116.463 E4.63807
G1 X107.061 Y116.687 E4.67869
G1 X106.034 Y116.822 E4.71936
G1 X104.993 Y116.868 E4.76027
G1 X104.489 Y116.857 E4.78006
G1 X103.451 Y116.766 E4.82097
G1 X102.431 Y116.586 E4.86164
G1 X101.425 Y116.316 E4.90254
G1 X100.948 Y116.154 E4.92232
G1 X99.985 Y115.755 E4.96325
G1 X99.066 Y115.277 E5.00392
G1 X98.193 Y114.721 E5.04456
G1 X97.372 Y114.091 E5.08519
G1 X96.603 Y113.387 E5.12613
G1 X96.255 Y113.023 E5.1459
G1 X95.581 Y112.219 E5.18709
G1 X95.282 Y111.812 E5.20692
G1 X94.744 Y110.969 E5.24619
G1 X94.473 Y110.479 E5.26818
G1 X94.247 Y110.022 E5.2882
G1 X93.848 Y109.059 E5.32913
G1 X93.535 Y108.065 E5.37005
G1 X93.415 Y107.575 E5.38986
G1 X93.24 Y106.589 E5.42918
G1 X93.177 Y106.033 E5.45115
G1 X93.144 Y105.525 E5.47114
G1 X93.144 Y104.482 E5.51209
G1 X93.235 Y103.444 E5.553
G1 X93.312 Y102.946 E5.57279
G1 X93.527 Y101.968 E5.61211
G1 X93.682 Y101.43 E5.63409
G1 X93.846 Y100.947 E5.65412
G1 X94.245 Y99.985 E5.69501
G1 X94.723 Y99.066 E5.73568
G1 X94.898 Y98.79 E5.74851
G1 X94.582 Y98.529 F7800
;TYPE:External perimeter
G1 F884.349
G1 X94.946 Y97.957 E5.77513
G1 X95.26 Y97.529 E5.79597
G1 X95.92 Y96.742 E5.8363
G1 X96.321 Y96.32 E5.85916
G1 X96.705 Y95.952 E5.88004
G1 X97.528 Y95.262 E5.92221
G1 X98.405 Y94.648 E5.96425
G1 X99.334 Y94.111 E6.00638
G1 X99.81 Y93.876 E6.02722
G1 X100.802 Y93.465 E6.06938
G1 X101.823 Y93.143 E6.11142
G1 X102.869 Y92.912 E6.15348
G1 X103.933 Y92.772 E6.19562
G1 X104.462 Y92.737 E6.21644
G1 X105.489 Y92.736 E6.25676
G1 X106.07 Y92.772 E6.27962
G1 X106.6 Y92.83 E6.30055
G1 X107.657 Y93.016 E6.34269
G1 X108.691 Y93.293 E6.38472
G1 X109.7 Y93.66 E6.42688
G1 X110.185 Y93.874 E6.44769
G1 X111.137 Y94.37 E6.48984
G1 X112.043 Y94.946 E6.53199
G1 X112.471 Y95.26 E6.55283
G1 X113.258 Y95.92 E6.59316
G1 X113.68 Y96.321 E6.61602
G1 X114.048 Y96.705 E6.6369
G1 X114.738 Y97.528 E6.67907
G1 X115.352 Y98.405 E6.72111
G1 X115.889 Y99.334 E6.76324
G1 X116.124 Y99.81 E6.78408
G1 X116.535 Y100.802 E6.82624
G1 X116.857 Y101.823 E6.86828
G1 X117.115 Y103.041 E6.91717
G1 X117.184 Y103.556 E6.93757
G1 X117.263 Y104.543 E6.97645
G1 X117.263 Y105.533 E7.01532
G1 X117.17 Y106.605 E7.05757
G1 X117.089 Y107.129 E7.07839
G1 X116.857 Y108.177 E7.12054
G1 X116.535 Y109.198 E7.16258
G1 X116.125 Y110.188 E7.20465
G1 X115.63 Y111.137 E7.24668
G1 X115.054 Y112.043 E7.28883
G1 X114.74 Y112.471 E7.30967
G1 X114.08 Y113.258 E7.35
G1 X113.679 Y113.68 E7.37286
G1 X113.295 Y114.048 E7.39374
G1 X112.471 Y114.74 E7.43599
G1 X112.043 Y115.054 E7.45683
G1 X111.137 Y115.63 E7.49898
G1 X110.188 Y116.125 E7.54101
G1 X109.198 Y116.535 E7.58308
G1 X108.177 Y116.857 E7.62512
G1 X107.132 Y117.088 E7.66714
G1 X106.07 Y117.228 E7.7092
G1 X104.998 Y117.275 E7.75133
G1 X104.467 Y117.263 E7.77218
G1 X103.398 Y117.17 E7.81431
G1 X102.343 Y116.984 E7.85637
G1 X101.307 Y116.706 E7.89849
G1 X100.804 Y116.535 E7.91935
G1 X99.812 Y116.125 E7.9615
G1 X98.863 Y115.63 E8.00353
G1 X97.959 Y115.055 E8.0456
G1 X97.11 Y114.403 E8.08763
G1 X96.319 Y113.678 E8.12976
G1 X95.952 Y113.295 E8.15059
G1 X95.26 Y112.471 E8.19284
G1 X94.946 Y112.043 E8.21368
G1 X94.394 Y111.177 E8.254
G1 X94.112 Y110.668 E8.27685
G1 X93.876 Y110.19 E8.29778
G1 X93.465 Y109.198 E8.33994
G1 X93.143 Y108.175 E8.38205
G1 X93.017 Y107.659 E8.40291
G1 X92.837 Y106.648 E8.44323
G1 X92.772 Y106.069 E8.46611
G1 X92.737 Y105.538 E8.487
G1 X92.737 Y104.465 E8.52913
G1 X92.83 Y103.395 E8.5713
G1 X92.911 Y102.871 E8.59212
G1 X93.132 Y101.868 E8.63245
G1 X93.293 Y101.309 E8.65529
G1 X93.465 Y100.804 E8.67624
G1 X93.875 Y99.812 E8.71839
G1 X94.37 Y98.863 E8.76042
G1 X94.55 Y98.579 E8.77362
G1 X94.765 Y98.242 F7800
G92 E0
G1 X98.306 Y96.626
;TYPE:Internal infill
;WIDTH:0.45
;HEIGHT:0.4
G1 F494.289
G1 X98.076 Y96.263 E.03019
G1 X97.454 Y96.785 E.08723
G1 X96.758 Y97.485 E.15658
G1 X96.142 Y98.221 E.224
G1 X95.34 Y99.423 E.32551
G1 X94.891 Y100.286 E.39385
G1 X94.514 Y101.196 E.46305
G1 X94.264 Y101.997 E.522
G1 X97.896 Y108.722 E1.05892
G1 X98.784 Y110.689 E1.21053
G92 E0
G1 X105.041 Y115.106 F7800
G1 F494.289
G1 X105.041 Y116.144 E.07292
G1 X106.937 Y115.985 E.20658
G1 X107.887 Y115.774 E.27494
G1 X108.815 Y115.482 E.34328
G1 X109.714 Y115.109 E.41165
G1 X111.193 Y114.268 E.53117
G1 X112.164 Y113.536 E.61659
G1 X112.55 Y109.923 E.87185
G92 E0
G1 X115.67 Y101.782 F7800
G1 F494.289
G1 X115.933 Y102.829 E.07584
G1 X116.115 Y104.178 E.17147
G1 X115.715 Y104.186 E.19958
G1 X115.65 Y104.048 F7800
G1 F494.289
G1 X113.241 Y101.031 E.4708
;LAYER_CHANGE
;Z:1.55
;HEIGHT:0.2
G92 E0
G1 Z1.55 F7800
G1 X104.289 Y110.231
;TYPE:Perimeter
;WIDTH:0.449999
G1 F884.349
G1 X104.169 Y110.22 E.00473
G1 X103.474 Y110.062 E.03272
G1 X102.645 Y109.732 E.06775
G1 X101.859 Y109.251 E.10393
G1 X101.309 Y108.786 E.13221
G1 X100.726 Y108.11 E.16726
G1 X100.341 Y107.501 E.19555
G1 X100.124 Y107.008 E.2167
G1 X99.938 Y106.527 E.23695
G1 X99.807 Y105.995 E.25846
G1 X99.746 Y105.445 E.28019
G1 X99.715 Y104.909 E.30127
G1 X99.792 Y104.201 E.32923
G1 X99.859 Y103.769 E.3464
G1 X100.083 Y103.059 E.37563
G1 X100.383 Y102.424 E.40321
G1 X100.71 Y101.935 E.42631
G1 X101.008 Y101.535 E.4459
G1 X101.535 Y101.008 E.47516
G1 X102.227 Y100.522 E.50836
G1 X102.638 Y100.271 E.52727
G1 X103.326 Y99.986 E.55651
G1 X104.215 Y99.773 E.5924
G1 X105.35 Y99.727 E.637
G1 X106.275 Y99.871 E.67376
G1 X107.341 Y100.263 E.71836
G1 X107.978 Y100.631 E.74725
G1 X108.66 Y101.187 E.7818
G1 X109.274 Y101.89 E.81845
G1 X109.724 Y102.668 E.85374
G1 X109.923 Y103.081 E.87174
G1 X110.184 Y103.974 E.90827
G1 X110.284 Y104.892 E.94453
G1 X110.25 Y105.624 E.9733
G1 X110.069 Y106.498 E1.00835
G1 X109.732 Y107.355 E1.04451
G1 X109.369 Y107.978 E1.07282
G1 X108.805 Y108.669 E1.10784
G1 X108.11 Y109.274 E1.14402
G1 X107.51 Y109.654 E1.17191
G1 X106.676 Y110.013 E1.20756
G1 X105.984 Y110.195 E1.23566
G1 X105.415 Y110.257 E1.25813
G1 X104.911 Y110.285 E1.27795
G1 X104.349 Y110.236 E1.3001
G1 X104.351 Y109.828 F7800
G1 F884.349
G1 X104.205 Y109.815 E1.30586
G1 X103.571 Y109.667 E1.33142
G1 X102.801 Y109.356 E1.36403
G1 X102.078 Y108.908 E1.39743
G1 X101.577 Y108.48 E1.4233
G1 X101.038 Y107.848 E1.45591
G1 X100.689 Y107.289 E1.48179
G1 X100.382 Y106.566 E1.51263
G1 X100.232 Y106.019 E1.5349
G1 X100.152 Y105.409 E1.55906
G1 X100.122 Y104.933 E1.57779
G1 X100.223 Y104.003 E1.61452
G1 X100.456 Y103.232 E1.64615
G1 X100.748 Y102.604 E1.67334
G1 X101.296 Y101.823 E1.7108
G1 X101.823 Y101.296 E1.74006
M73 P15 R27
G1 X102.794 Y100.647 E1.78592
G1 X103.482 Y100.362 E1.81516
G1 X104.303 Y100.171 E1.84826
M73 Q15 S27
G1 X105.359 Y100.134 E1.88975
G1 X106.204 Y100.271 E1.92336
G1 X107.194 Y100.642 E1.96487
G1 X107.767 Y100.979 E1.99097
G1 X108.398 Y101.499 E2.02307
G1 X108.962 Y102.152 E2.05695
G1 X109.367 Y102.863 E2.08908
G1 X109.533 Y103.195 E2.10365
G1 X109.793 Y104.087 E2.14013
G1 X109.878 Y104.927 E2.17328
G1 X109.844 Y105.597 E2.19962
G1 X109.671 Y106.41 E2.23226
G1 X109.356 Y107.199 E2.26562
G1 X109.021 Y107.767 E2.29151
G1 X108.493 Y108.407 E2.32409
G1 X107.848 Y108.962 E2.3575
G1 X107.299 Y109.306 E2.38294
G1 X106.52 Y109.637 E2.41617
G1 X105.887 Y109.8 E2.44184
G1 X104.94 Y109.879 E2.47915
G1 X104.411 Y109.833 E2.5
G1 X104.413 Y109.422 F7800
;TYPE:External perimeter
G1 F884.349
G1 X104.248 Y109.41 E2.5065
G1 X103.667 Y109.272 E2.52995
G1 X102.956 Y108.98 E2.56013
G1 X102.296 Y108.564 E2.59076
G1 X101.846 Y108.174 E2.61414
G1 X101.35 Y107.586 E2.64434
G1 X101.037 Y107.078 E2.66777
G1 X100.758 Y106.411 E2.69616
G1 X100.628 Y105.922 E2.71603
G1 X100.526 Y104.978 E2.75331
G1 X100.628 Y104.051 E2.78993
G1 X100.844 Y103.354 E2.81858
G1 X101.113 Y102.783 E2.84336
G1 X101.536 Y102.173 E2.87251
G1 X102.073 Y101.621 E2.90275
G1 X102.95 Y101.023 E2.94443
G1 X103.638 Y100.738 E2.97367
G1 X104.391 Y100.568 E3.00398
G1 X105.368 Y100.541 E3.04236
G1 X106.134 Y100.672 E3.07287
G1 X107.046 Y101.022 E3.11123
G1 X107.555 Y101.327 E3.13453
G1 X108.136 Y101.811 E3.16422
G1 X108.65 Y102.414 E3.19533
G1 X109.142 Y103.309 E3.23543
G1 X109.402 Y104.201 E3.27191
G1 X109.473 Y104.963 E3.30196
G1 X109.438 Y105.571 E3.32587
G1 X109.274 Y106.322 E3.35605
G1 X108.98 Y107.044 E3.38666
G1 X108.673 Y107.555 E3.41007
G1 X108.181 Y108.146 E3.44026
G1 X107.586 Y108.65 E3.47088
G1 X107.087 Y108.958 E3.4939
G1 X106.364 Y109.261 E3.52468
G1 X105.79 Y109.404 E3.54791
G1 X105.07 Y109.47 E3.5763
G1 X104.473 Y109.426 E3.5998
G1 X104.078 Y109.365 F7800
G92 E0
G1 X95.279 Y98.951
;TYPE:Perimeter
G1 F884.349
G1 X95.564 Y98.503 E.02085
G1 X95.901 Y98.032 E.04359
G1 X96.452 Y97.373 E.07732
G1 X96.846 Y96.949 E.10005
G1 X97.249 Y96.558 E.1221
G1 X98.024 Y95.908 E.16182
G1 X98.843 Y95.335 E.20107
G1 X99.709 Y94.835 E.24033
G1 X100.563 Y94.435 E.27736
G1 X101.072 Y94.234 E.29885
G1 X102.034 Y93.931 E.33845
G1 X103.01 Y93.714 E.37771
G1 X103.912 Y93.595 E.41343
G1 X104.49 Y93.551 E.43619
G1 X105.348 Y93.55 E.46988
G1 X105.926 Y93.579 E.4926
G1 X106.485 Y93.636 E.51466
G1 X107.48 Y93.812 E.55433
G1 X108.359 Y94.047 E.59006
G1 X108.909 Y94.227 E.61278
G1 X109.843 Y94.614 E.65248
G1 X110.73 Y95.075 E.69173
G1 X111.498 Y95.564 E.72748
G1 X111.968 Y95.901 E.75019
G1 X112.627 Y96.452 E.78392
G1 X113.051 Y96.846 E.80665
G1 X113.442 Y97.249 E.8287
G1 X114.092 Y98.024 E.86842
G1 X114.665 Y98.843 E.90767
G1 X115.12 Y99.63 E.94336
G1 X115.382 Y100.146 E.96608
G1 X115.769 Y101.08 E1.00578
G1 X116.029 Y101.905 E1.03974
G1 X116.304 Y103.121 E1.08869
G1 X116.373 Y103.627 E1.10874
G1 X116.449 Y104.56 E1.1455
G1 X116.45 Y105.489 E1.18198
G1 X116.37 Y106.406 E1.21812
G1 X116.288 Y106.979 E1.24085
G1 X116.069 Y107.966 E1.28055
G1 X115.769 Y108.92 E1.31982
G1 X115.386 Y109.843 E1.35906
G1 X114.925 Y110.73 E1.39831
G1 X114.436 Y111.498 E1.43406
G1 X114.099 Y111.968 E1.45677
G1 X113.449 Y112.742 E1.49646
G1 X112.742 Y113.449 E1.53572
G1 X111.976 Y114.092 E1.57499
G1 X111.157 Y114.665 E1.61424
G1 X110.369 Y115.12 E1.64997
G1 X109.854 Y115.382 E1.67266
G1 X108.92 Y115.769 E1.71236
G1 X107.966 Y116.069 E1.75163
G1 X106.99 Y116.286 E1.79089
G1 X106.088 Y116.405 E1.82661
G1 X105.511 Y116.449 E1.84933
G1 X104.5 Y116.449 E1.88903
G1 X103.504 Y116.362 E1.92829
G1 X102.52 Y116.188 E1.96753
G1 X101.641 Y115.953 E2.00326
G1 X101.091 Y115.773 E2.02598
G1 X100.157 Y115.386 E2.06568
G1 X99.27 Y114.925 E2.10493
G1 X98.427 Y114.387 E2.1442
G1 X97.633 Y113.778 E2.18349
G1 X96.937 Y113.142 E2.22051
G1 X96.557 Y112.749 E2.24197
G1 X95.908 Y111.976 E2.2816
G1 X95.386 Y111.231 E2.31732
G1 X95.08 Y110.739 E2.34007
G1 X94.683 Y109.978 E2.37377
G1 X94.441 Y109.452 E2.3965
G1 X94.235 Y108.93 E2.41853
G1 X93.958 Y108.052 E2.45468
G1 X93.814 Y107.491 E2.47742
G1 X93.663 Y106.646 E2.51112
G1 X93.591 Y106.071 E2.53387
G1 X93.551 Y105.511 E2.55591
G1 X93.551 Y104.5 E2.59561
G1 X93.63 Y103.594 E2.63132
G1 X93.712 Y103.02 E2.65409
G1 X93.896 Y102.182 E2.68778
G1 X94.05 Y101.624 E2.71051
G1 X94.227 Y101.091 E2.73256
G1 X94.614 Y100.157 E2.77226
G1 X95.075 Y99.27 E2.81151
G1 X95.246 Y99.002 E2.82399
G1 X94.931 Y98.74 F7800
G1 F884.349
G1 X95.283 Y98.187 E2.84973
G1 X95.581 Y97.781 E2.8695
G1 X96.21 Y97.029 E2.90799
G1 X96.609 Y96.607 E2.93079
G1 X96.977 Y96.255 E2.95079
G1 X97.776 Y95.585 E2.99173
G1 X98.624 Y94.991 E3.03238
G1 X99.521 Y94.473 E3.07305
G1 X100.402 Y94.061 E3.11124
G1 X100.936 Y93.85 E3.13378
G1 X101.929 Y93.537 E3.17466
G1 X102.939 Y93.313 E3.21528
G1 X103.973 Y93.177 E3.25623
G1 X104.476 Y93.144 E3.27602
G1 X105.456 Y93.142 E3.3145
G1 X106.036 Y93.178 E3.33732
G1 X106.542 Y93.233 E3.3573
G1 X107.569 Y93.414 E3.39825
G1 X108.575 Y93.684 E3.43915
G1 X109.053 Y93.846 E3.45897
G1 X110.015 Y94.245 E3.49986
G1 X110.934 Y94.723 E3.54053
G1 X111.813 Y95.283 E3.58145
G1 X112.219 Y95.581 E3.60122
G1 X112.971 Y96.21 E3.63971
G1 X113.393 Y96.609 E3.66251
G1 X113.745 Y96.977 E3.68251
G1 X114.415 Y97.776 E3.72345
G1 X115.009 Y98.624 E3.7641
G1 X115.53 Y99.526 E3.805
G1 X115.753 Y99.978 E3.82479
G1 X116.152 Y100.941 E3.86572
G1 X116.417 Y101.783 E3.90038
G1 X116.706 Y103.059 E3.95175
G1 X116.778 Y103.591 E3.97283
G1 X116.856 Y104.549 E4.01057
G1 X116.857 Y105.511 E4.04834
G1 X116.765 Y106.556 E4.08953
G1 X116.689 Y107.054 E4.10931
G1 X116.463 Y108.071 E4.15022
G1 X116.152 Y109.059 E4.19089
G1 X115.755 Y110.015 E4.23153
G1 X115.277 Y110.934 E4.2722
G1 X114.717 Y111.813 E4.31312
G1 X114.419 Y112.219 E4.33289
M73 P15 R26
G1 X113.75 Y113.017 E4.37378
G1 X113.017 Y113.75 E4.41448
G1 X112.224 Y114.415 E4.45512
G1 X111.376 Y115.009 E4.49577
G1 X110.474 Y115.53 E4.53667
G1 X110.022 Y115.753 E4.55646
G1 X109.059 Y116.152 E4.59739
G1 X108.071 Y116.463 E4.63806
G1 X107.061 Y116.687 E4.67868
G1 X106.027 Y116.823 E4.71963
G1 X105.525 Y116.856 E4.73938
G1 X104.482 Y116.856 E4.78033
G1 X103.451 Y116.766 E4.82097
G1 X102.431 Y116.586 E4.86164
G1 X101.425 Y116.316 E4.90254
G1 X100.948 Y116.154 E4.92232
G1 X99.985 Y115.755 E4.96325
G1 X99.066 Y115.277 E5.00392
G1 X98.193 Y114.721 E5.04456
G1 X97.371 Y114.091 E5.08522
G1 X96.653 Y113.434 E5.12343
G1 X96.254 Y113.022 E5.14595
G1 X95.585 Y112.224 E5.18684
G1 X94.987 Y111.371 E5.22774
G1 X94.726 Y110.939 E5.24756
G1 X94.272 Y110.071 E5.28602
G1 X94.035 Y109.54 E5.30885
G1 X93.85 Y109.065 E5.32887
G1 X93.535 Y108.065 E5.37004
G1 X93.415 Y107.575 E5.38985
G1 X93.243 Y106.61 E5.42834
G1 X93.177 Y106.033 E5.45114
G1 X93.144 Y105.525 E5.47113
G1 X93.144 Y104.482 E5.51208
G1 X93.235 Y103.444 E5.55299
G1 X93.312 Y102.946 E5.57278
G1 X93.522 Y101.989 E5.61125
G1 X93.682 Y101.43 E5.63408
G1 X93.846 Y100.947 E5.65411
G1 X94.245 Y99.985 E5.695
G1 X94.723 Y99.066 E5.73567
G1 X94.898 Y98.79 E5.7485
G1 X94.582 Y98.529 F7800
;TYPE:External perimeter
G1 F884.349
G1 X94.946 Y97.957 E5.77512
G1 X95.26 Y97.529 E5.79596
G1 X95.905 Y96.758 E5.83543
G1 X96.321 Y96.32 E5.85915
G1 X96.705 Y95.952 E5.88003
G1 X97.528 Y95.262 E5.9222
G1 X98.405 Y94.648 E5.96424
G1 X99.332 Y94.112 E6.00628
G1 X100.241 Y93.687 E6.04568
G1 X100.8 Y93.466 E6.06928
G1 X101.823 Y93.143 E6.1114
G1 X102.869 Y92.912 E6.15346
G1 X103.933 Y92.772 E6.1956
G1 X104.462 Y92.737 E6.21642
G1 X105.468 Y92.735 E6.25592
G1 X106.07 Y92.772 E6.2796
M73 Q15 S26
G1 X106.6 Y92.83 E6.30053
G1 X107.657 Y93.016 E6.34267
G1 X108.693 Y93.294 E6.38479
G1 X109.196 Y93.465 E6.40565
G1 X110.188 Y93.875 E6.4478
G1 X111.137 Y94.37 E6.48983
G1 X112.043 Y94.946 E6.53198
G1 X112.471 Y95.26 E6.55282
G1 X113.242 Y95.905 E6.59229
G1 X113.68 Y96.321 E6.61601
G1 X114.048 Y96.705 E6.63689
G1 X114.738 Y97.528 E6.67906
G1 X115.352 Y98.405 E6.7211
G1 X115.889 Y99.334 E6.76323
G1 X116.124 Y99.81 E6.78407
G1 X116.535 Y100.802 E6.82623
G1 X116.857 Y101.823 E6.86827
G1 X117.115 Y103.041 E6.91716
G1 X117.184 Y103.554 E6.93748
G1 X117.263 Y104.538 E6.97624
G1 X117.263 Y105.533 E7.01531
G1 X117.17 Y106.605 E7.05756
G1 X117.089 Y107.129 E7.07838
G1 X116.857 Y108.177 E7.12053
G1 X116.535 Y109.198 E7.16257
G1 X116.125 Y110.188 E7.20464
G1 X115.63 Y111.137 E7.24667
G1 X115.054 Y112.043 E7.28882
G1 X114.74 Y112.471 E7.30966
G1 X114.05 Y113.293 E7.3518
G1 X113.293 Y114.05 E7.39384
G1 X112.472 Y114.738 E7.4359
G1 X111.595 Y115.352 E7.47794
G1 X110.666 Y115.889 E7.52007
G1 X110.19 Y116.124 E7.54091
G1 X109.198 Y116.535 E7.58307
G1 X108.177 Y116.857 E7.62511
G1 X107.132 Y117.088 E7.66713
G1 X106.067 Y117.228 E7.70931
G1 X105.538 Y117.263 E7.73013
G1 X104.465 Y117.263 E7.77226
G1 X103.398 Y117.17 E7.81431
G1 X102.343 Y116.984 E7.85637
G1 X101.307 Y116.706 E7.89849
G1 X100.804 Y116.535 E7.91935
G1 X99.812 Y116.125 E7.9615
G1 X98.863 Y115.63 E8.00353
G1 X97.959 Y115.055 E8.0456
G1 X97.11 Y114.403 E8.08763
G1 X96.369 Y113.726 E8.12704
G1 X95.951 Y113.294 E8.15064
G1 X95.262 Y112.472 E8.19275
G1 X94.646 Y111.593 E8.23489
G1 X94.371 Y111.139 E8.25573
G1 X93.905 Y110.248 E8.29521
G1 X93.659 Y109.697 E8.3189
G1 X93.466 Y109.201 E8.3398
G1 X93.143 Y108.175 E8.38203
G1 X93.017 Y107.659 E8.40289
G1 X92.84 Y106.669 E8.44238
G1 X92.772 Y106.069 E8.46609
G1 X92.737 Y105.538 E8.48698
G1 X92.737 Y104.465 E8.52911
G1 X92.83 Y103.395 E8.57128
G1 X92.911 Y102.871 E8.5921
G1 X93.127 Y101.889 E8.63158
G1 X93.293 Y101.308 E8.65531
G1 X93.465 Y100.804 E8.67622
G1 X93.875 Y99.812 E8.71837
G1 X94.37 Y98.863 E8.7604
G1 X94.55 Y98.579 E8.7736
G1 X94.765 Y98.242 F7800
;LAYER_CHANGE
;Z:1.75
;HEIGHT:0.2
G92 E0
G1 Z1.75 F7800
G1 X104.333 Y110.235
;TYPE:Perimeter
G1 F884.349
G1 X104.169 Y110.22 E.00647
G1 X103.08 Y109.923 E.05079
G1 X102.308 Y109.527 E.08486
G1 X101.896 Y109.279 E.10374
M73 P16 R26
G1 X101.325 Y108.8 E.133
G1 X100.721 Y108.104 E.16918
G1 X100.291 Y107.361 E.20289
G1 X100.077 Y106.919 E.22217
G1 X99.816 Y106.026 E.2587
M73 Q16 S26
G1 X99.746 Y105.447 E.2816
G1 X99.715 Y104.909 E.30276
G1 X99.859 Y103.769 E.34788
G1 X100.083 Y103.059 E.37711
G1 X100.381 Y102.427 E.40455
G1 X100.71 Y101.934 E.42782
G1 X101.008 Y101.535 E.44737
G1 X101.535 Y101.008 E.47663
G1 X102.227 Y100.522 E.50983
G1 X102.638 Y100.271 E.52874
G1 X103.326 Y99.986 E.55798
G1 X104.215 Y99.773 E.59387
G1 X104.799 Y99.721 E.61689
G1 X105.478 Y99.749 E.64357
G1 X105.983 Y99.805 E.66352
G1 X106.512 Y99.934 E.6849
G1 X107.065 Y100.149 E.7082
G1 X107.622 Y100.415 E.73244
G1 X108.1 Y100.718 E.75466
G1 X108.675 Y101.2 E.78412
G1 X109.274 Y101.89 E.82
G1 X109.724 Y102.668 E.85529
G1 X109.923 Y103.081 E.87329
G1 X110.184 Y103.974 E.90982
G1 X110.282 Y104.874 E.94537
G1 X110.25 Y105.624 E.97485
G1 X110.069 Y106.498 E1.0099
G1 X109.732 Y107.355 E1.04606
G1 X109.377 Y107.966 E1.07381
G1 X108.801 Y108.673 E1.10962
G1 X108.11 Y109.274 E1.14558
G1 X107.501 Y109.659 E1.17387
G1 X106.681 Y110.011 E1.20891
G1 X105.998 Y110.192 E1.23665
G1 X105.454 Y110.253 E1.25814
G1 X104.921 Y110.286 E1.27911
G1 X104.393 Y110.24 E1.29992
G1 X104.378 Y109.828 F7800
G1 F884.349
G1 X104.205 Y109.815 E1.30673
G1 X103.194 Y109.532 E1.34795
G1 X102.504 Y109.17 E1.37854
G1 X102.157 Y108.967 E1.39433
G1 X101.587 Y108.488 E1.42356
G1 X101.033 Y107.842 E1.45697
G1 X100.648 Y107.165 E1.48755
G1 X100.467 Y106.805 E1.50337
G1 X100.205 Y105.907 E1.5401
G1 X100.125 Y105.105 E1.57175
G1 X100.192 Y104.29 E1.60386
G1 X100.247 Y103.892 E1.61964
G1 X100.471 Y103.182 E1.64887
G1 X100.746 Y102.607 E1.6739
G1 X101.044 Y102.167 E1.69477
G1 X101.296 Y101.823 E1.71151
G1 X101.823 Y101.296 E1.74077
G1 X102.794 Y100.647 E1.78663
G1 X103.482 Y100.362 E1.81587
G1 X104.303 Y100.171 E1.84897
G1 X104.826 Y100.127 E1.86958
G1 X105.444 Y100.155 E1.89387
G1 X105.984 Y100.224 E1.91525
G1 X106.48 Y100.349 E1.93533
G1 X107.164 Y100.63 E1.96436
G1 X107.649 Y100.908 E1.98631
G1 X108.138 Y101.281 E2.01046
G1 X108.493 Y101.593 E2.02902
G1 X108.967 Y102.158 E2.05798
G1 X109.367 Y102.863 E2.08981
G1 X109.533 Y103.195 E2.10438
G1 X109.793 Y104.087 E2.14086
G1 X109.876 Y104.909 E2.1733
G1 X109.844 Y105.597 E2.20034
G1 X109.671 Y106.41 E2.23298
G1 X109.356 Y107.199 E2.26634
G1 X109.029 Y107.755 E2.29167
G1 X108.489 Y108.412 E2.32506
G1 X107.848 Y108.962 E2.35822
G1 X107.289 Y109.311 E2.3841
G1 X106.525 Y109.635 E2.41668
G1 X105.901 Y109.797 E2.44199
G1 X105.054 Y109.88 E2.47541
G1 X104.438 Y109.833 E2.49967
G1 X104.422 Y109.424 F7800
;TYPE:External perimeter
G1 F884.349
G1 X104.24 Y109.409 E2.50684
G1 X103.308 Y109.142 E2.54491
G1 X102.419 Y108.655 E2.58471
G1 X101.849 Y108.176 E2.61394
G1 X101.345 Y107.581 E2.64456
G1 X100.858 Y106.691 E2.6844
G1 X100.597 Y105.797 E2.72097
G1 X100.53 Y105.07 E2.74964
G1 X100.636 Y104.014 E2.79131
G1 X100.86 Y103.304 E2.82054
G1 X101.112 Y102.786 E2.84316
G1 X101.538 Y102.171 E2.87254
G1 X102.073 Y101.621 E2.90267
G1 X102.95 Y101.023 E2.94435
G1 X103.638 Y100.738 E2.97359
G1 X104.391 Y100.568 E3.0039
G1 X104.973 Y100.526 E3.02681
G1 X105.715 Y100.587 E3.05604
G1 X106.32 Y100.725 E3.08041
G1 X107.009 Y101.006 E3.10963
G1 X107.555 Y101.327 E3.1345
G1 X108.111 Y101.79 E3.16291
G1 X108.65 Y102.414 E3.19529
G1 X109.142 Y103.309 E3.23539
G1 X109.402 Y104.201 E3.27187
G1 X109.471 Y104.945 E3.30121
G1 X109.438 Y105.571 E3.32582
G1 X109.274 Y106.322 E3.356
G1 X108.98 Y107.044 E3.38661
G1 X108.681 Y107.544 E3.40948
G1 X108.177 Y108.151 E3.44046
G1 X107.586 Y108.65 E3.47083
G1 X107.078 Y108.963 E3.49426
G1 X106.369 Y109.259 E3.52443
G1 X105.803 Y109.402 E3.54735
G1 X105.018 Y109.474 E3.5783
G1 X104.482 Y109.429 E3.59942
G1 X104.088 Y109.359 F7800
G92 E0
G1 X95.279 Y98.951
;TYPE:Perimeter
G1 F884.349
G1 X95.564 Y98.503 E.02085
G1 X95.902 Y98.032 E.04361
G1 X96.5 Y97.316 E.08024
G1 X97.249 Y96.558 E.12208
G1 X98.024 Y95.908 E.1618
G1 X98.843 Y95.335 E.20105
G1 X99.709 Y94.834 E.24033
G1 X100.544 Y94.443 E.27653
G1 X101.073 Y94.234 E.29886
G1 X102.034 Y93.931 E.33842
G1 X103.01 Y93.714 E.37768
G1 X103.912 Y93.595 E.4134
G1 X104.49 Y93.551 E.43616
G1 X105.423 Y93.549 E.47279
G1 X106.485 Y93.636 E.51463
G1 X107.48 Y93.812 E.5543
G1 X108.446 Y94.071 E.59357
G1 X109.301 Y94.382 E.62929
G1 X109.833 Y94.609 E.652
G1 X110.65 Y95.034 E.68816
G1 X111.149 Y95.329 E.71092
G1 X111.914 Y95.863 E.74755
G1 X112.734 Y96.543 E.78938
G1 X113.449 Y97.258 E.82908
G1 X114.092 Y98.024 E.86835
G1 X114.665 Y98.843 E.9076
G1 X115.12 Y99.63 E.94329
G1 X115.382 Y100.146 E.96601
G1 X115.769 Y101.08 E1.00571
G1 X116.029 Y101.905 E1.03967
G1 X116.304 Y103.121 E1.08862
G1 X116.373 Y103.625 E1.10859
G1 X116.448 Y104.556 E1.14526
G1 X116.45 Y105.489 E1.18189
G1 X116.37 Y106.406 E1.21803
G1 X116.288 Y106.979 E1.24076
G1 X116.069 Y107.966 E1.28046
G1 X115.769 Y108.92 E1.31973
G1 X115.386 Y109.843 E1.35897
G1 X114.925 Y110.73 E1.39822
G1 X114.436 Y111.497 E1.43394
G1 X114.099 Y111.968 E1.45668
G1 X113.449 Y112.742 E1.49637
G1 X112.742 Y113.449 E1.53563
G1 X111.976 Y114.092 E1.5749
G1 X111.157 Y114.665 E1.61415
G1 X110.369 Y115.12 E1.64988
G1 X109.854 Y115.382 E1.67257
G1 X108.92 Y115.769 E1.71227
G1 X107.966 Y116.069 E1.75154
G1 X106.99 Y116.286 E1.7908
G1 X105.999 Y116.416 E1.83004
G1 X105.09 Y116.456 E1.86577
G1 X104.511 Y116.45 E1.88851
G1 X103.594 Y116.37 E1.92465
G1 X103.021 Y116.288 E1.94738
G1 X102.034 Y116.069 E1.98708
G1 X101.08 Y115.769 E2.02635
G1 X100.157 Y115.386 E2.06559
G1 X99.27 Y114.925 E2.10484
G1 X98.427 Y114.387 E2.14411
G1 X97.633 Y113.778 E2.1834
G1 X96.952 Y113.157 E2.21959
G1 X96.556 Y112.748 E2.24194
G1 X95.966 Y112.045 E2.27798
G1 X95.618 Y111.582 E2.30072
G1 X95.115 Y110.796 E2.33736
G1 X94.618 Y109.854 E2.37918
G1 X94.231 Y108.92 E2.41888
G1 X93.958 Y108.052 E2.45461
G1 X93.814 Y107.491 E2.47735
G1 X93.65 Y106.572 E2.514
G1 X93.551 Y105.511 E2.55584
G1 X93.551 Y104.5 E2.59554
G1 X93.638 Y103.504 E2.6348
G1 X93.796 Y102.608 E2.67052
G1 X93.927 Y102.044 E2.69325
G1 X94.206 Y101.153 E2.72991
G1 X94.609 Y100.167 E2.77173
G1 X95.075 Y99.27 E2.81142
G1 X95.246 Y99.002 E2.8239
G1 X94.931 Y98.74 F7800
G1 F884.349
G1 X95.283 Y98.187 E2.84964
G1 X95.581 Y97.78 E2.86945
G1 X96.196 Y97.045 E2.90708
G1 X96.61 Y96.607 E2.93074
G1 X96.977 Y96.255 E2.95071
G1 X97.776 Y95.585 E2.99165
G1 X98.624 Y94.991 E3.0323
G1 X99.521 Y94.473 E3.07297
G1 X100.382 Y94.069 E3.11031
G1 X100.936 Y93.85 E3.1337
G1 X101.929 Y93.537 E3.17458
G1 X102.939 Y93.313 E3.2152
G1 X103.973 Y93.177 E3.25615
G1 X104.476 Y93.144 E3.27594
G1 X105.435 Y93.142 E3.31359
G1 X106.036 Y93.178 E3.33723
G1 X106.542 Y93.233 E3.35721
G1 X107.569 Y93.414 E3.39816
G1 X108.569 Y93.682 E3.43881
G1 X109.548 Y94.038 E3.47971
G1 X110.009 Y94.241 E3.49949
G1 X110.94 Y94.726 E3.54071
G1 X111.371 Y94.988 E3.56051
G1 X112.157 Y95.536 E3.59813
G1 X112.63 Y95.91 E3.62181
G1 X113.013 Y96.246 E3.64182
G1 X113.75 Y96.983 E3.68274
G1 X114.415 Y97.776 E3.72338
G1 X115.009 Y98.624 E3.76403
G1 X115.53 Y99.526 E3.80493
G1 X115.753 Y99.978 E3.82472
G1 X116.152 Y100.941 E3.86565
G1 X116.417 Y101.783 E3.90031
G1 X116.706 Y103.059 E3.95168
G1 X116.778 Y103.589 E3.97268
G1 X116.855 Y104.544 E4.0103
G1 X116.857 Y105.511 E4.04827
G1 X116.765 Y106.556 E4.08946
G1 X116.689 Y107.054 E4.10924
G1 X116.463 Y108.071 E4.15015
G1 X116.152 Y109.059 E4.19082
G1 X115.755 Y110.015 E4.23146
G1 X115.277 Y110.934 E4.27213
G1 X114.717 Y111.813 E4.31305
G1 X114.419 Y112.219 E4.33282
G1 X113.75 Y113.017 E4.37371
G1 X113.017 Y113.75 E4.41441
G1 X112.224 Y114.415 E4.45505
G1 X111.376 Y115.009 E4.4957
G1 X110.474 Y115.53 E4.5366
G1 X110.022 Y115.753 E4.55639
G1 X109.059 Y116.152 E4.59732
G1 X108.071 Y116.463 E4.63799
G1 X107.061 Y116.687 E4.67861
G1 X106.034 Y116.822 E4.71928
G1 X104.993 Y116.868 E4.76019
G1 X104.489 Y116.857 E4.77998
G1 X103.444 Y116.765 E4.82117
G1 X102.946 Y116.689 E4.84095
G1 X101.929 Y116.463 E4.88186
G1 X100.941 Y116.152 E4.92253
G1 X99.985 Y115.755 E4.96317
G1 X99.066 Y115.277 E5.00384
G1 X98.193 Y114.721 E5.04448
G1 X97.371 Y114.091 E5.08514
G1 X96.668 Y113.449 E5.12252
G1 X96.254 Y113.021 E5.1459
G1 X95.581 Y112.219 E5.18701
G1 X95.282 Y111.812 E5.20684
G1 X94.766 Y111.005 E5.24445
G1 X94.472 Y110.478 E5.26814
G1 X94.247 Y110.022 E5.28811
G1 X93.848 Y109.059 E5.32904
G1 X93.535 Y108.065 E5.36996
G1 X93.415 Y107.575 E5.38977
G1 X93.247 Y106.631 E5.42742
G1 X93.177 Y106.032 E5.4511
G1 X93.144 Y105.525 E5.47105
G1 X93.144 Y104.482 E5.512
G1 X93.234 Y103.451 E5.55264
G1 X93.415 Y102.425 E5.59355
G1 X93.535 Y101.934 E5.6134
G1 X93.821 Y101.02 E5.651
G1 X94.036 Y100.457 E5.67466
G1 X94.241 Y99.991 E5.69465
G1 X94.723 Y99.066 E5.7356
G1 X94.898 Y98.79 E5.74843
G1 X94.582 Y98.529 F7800
;TYPE:External perimeter
G1 F884.349
G1 X94.946 Y97.957 E5.77505
G1 X95.26 Y97.529 E5.79589
G1 X95.891 Y96.774 E5.83452
G1 X96.321 Y96.32 E5.85907
G1 X96.705 Y95.952 E5.87995
G1 X97.528 Y95.262 E5.92212
G1 X98.405 Y94.648 E5.96416
G1 X99.332 Y94.112 E6.0062
G1 X100.221 Y93.696 E6.04474
G1 X100.8 Y93.466 E6.0692
G1 X101.823 Y93.143 E6.11132
G1 X102.869 Y92.912 E6.15338
G1 X103.933 Y92.772 E6.19552
G1 X104.462 Y92.737 E6.21634
G1 X105.446 Y92.735 E6.25498
G1 X106.071 Y92.772 E6.27956
G1 X106.6 Y92.83 E6.30046
G1 X107.657 Y93.016 E6.3426
G1 X108.691 Y93.293 E6.38463
G1 X109.7 Y93.66 E6.42679
G1 X110.185 Y93.874 E6.4476
G1 X111.14 Y94.371 E6.48987
G1 X111.593 Y94.646 E6.51068
G1 X112.4 Y95.209 E6.54932
G1 X112.891 Y95.597 E6.57389
G1 X113.291 Y95.948 E6.59479
G1 X114.05 Y96.707 E6.63694
G1 X114.738 Y97.528 E6.679
G1 X115.352 Y98.405 E6.72104
G1 X115.889 Y99.334 E6.76317
G1 X116.124 Y99.81 E6.78401
G1 X116.535 Y100.802 E6.82617
G1 X116.857 Y101.823 E6.86821
G1 X117.115 Y103.041 E6.9171
G1 X117.184 Y103.552 E6.93735
G1 X117.262 Y104.533 E6.97599
G1 X117.263 Y105.533 E7.01525
G1 X117.17 Y106.605 E7.0575
G1 X117.089 Y107.129 E7.07832
G1 X116.857 Y108.177 E7.12047
G1 X116.535 Y109.198 E7.16251
G1 X116.125 Y110.188 E7.20458
G1 X115.63 Y111.137 E7.24661
G1 X115.054 Y112.043 E7.28876
G1 X114.74 Y112.471 E7.3096
G1 X114.05 Y113.293 E7.35174
G1 X113.293 Y114.05 E7.39378
G1 X112.472 Y114.738 E7.43584
G1 X111.595 Y115.352 E7.47788
M73 P17 R26
G1 X110.666 Y115.889 E7.52001
G1 X110.19 Y116.124 E7.54085
G1 X109.198 Y116.535 E7.58301
G1 X108.177 Y116.857 E7.62505
M73 Q17 S26
G1 X107.132 Y117.088 E7.66707
G1 X106.07 Y117.228 E7.70913
G1 X104.998 Y117.275 E7.75126
G1 X104.467 Y117.263 E7.77211
G1 X103.395 Y117.17 E7.81436
G1 X102.871 Y117.089 E7.83518
G1 X101.823 Y116.857 E7.87733
G1 X100.802 Y116.535 E7.91937
G1 X99.812 Y116.125 E7.96144
G1 X98.863 Y115.63 E8.00347
G1 X97.959 Y115.055 E8.04554
G1 X97.11 Y114.403 E8.08757
G1 X96.385 Y113.741 E8.12612
G1 X95.951 Y113.294 E8.15058
G1 X95.26 Y112.471 E8.19277
G1 X94.946 Y112.042 E8.21364
G1 X94.416 Y111.214 E8.25224
G1 X94.112 Y110.667 E8.27681
G1 X93.876 Y110.19 E8.29771
G1 X93.465 Y109.198 E8.33987
G1 X93.143 Y108.175 E8.38198
G1 X93.017 Y107.659 E8.40284
G1 X92.844 Y106.69 E8.44149
G1 X92.772 Y106.069 E8.46604
G1 X92.737 Y105.538 E8.48693
G1 X92.737 Y104.465 E8.52906
G1 X92.83 Y103.398 E8.57111
G1 X93.017 Y102.341 E8.61326
G1 X93.143 Y101.825 E8.63412
G1 X93.437 Y100.886 E8.67275
G1 X93.66 Y100.302 E8.6973
G1 X93.874 Y99.815 E8.71819
G1 X94.37 Y98.863 E8.76034
G1 X94.55 Y98.579 E8.77354
G1 X94.765 Y98.242 F7800
G92 E0
G1 X98.519 Y96.965
;TYPE:Internal infill
;WIDTH:0.45
;HEIGHT:0.4
G1 F494.289
G1 X98.076 Y96.263 E.05831
G1 X97.454 Y96.785 E.11535
G1 X96.734 Y97.513 E.18728
G1 X95.871 Y98.59 E.28423
G1 X95.34 Y99.423 E.35363
G1 X94.891 Y100.286 E.42197
G1 X94.308 Y101.858 E.53975
G1 X94.718 Y102.118 E.57386
G1 X95.228 Y103.535 E.67965
G1 X95.921 Y104.981 E.79229
G1 X97.897 Y108.721 E1.08944
G1 X97.723 Y109.174 E1.12353
G1 X97.98 Y108.907 F7800
G1 F494.289
G1 X98.948 Y111.054 E1.28898
G92 E0
G1 X105.071 Y114.708 F7800
G1 F494.289
G1 X104.855 Y116.144 E.10201
G1 X105.972 Y116.112 E.18051
G1 X106.937 Y115.985 E.24889
G1 X107.887 Y115.774 E.31725
G1 X108.815 Y115.482 E.38559
G1 X109.728 Y115.104 E.45501
G1 X110.993 Y114.407 E.55647
G1 X112.141 Y113.555 E.6569
G1 X111.927 Y112.116 E.7591
G1 X112.43 Y111.042 E.84241
G1 X112.592 Y109.525 E.94958
G92 E0
G1 X115.585 Y104.142 F7800
G1 F494.289
G1 X115.336 Y104.056 E.01851
G92 E0
G1 X112.991 Y100.718 F7800
G1 F494.289
G1 X115.778 Y104.209 E.31381
G1 X116.115 Y104.178 E.33758
G1 X115.988 Y103.077 E.41544
G1 X115.774 Y102.113 E.48481
G1 X115.482 Y101.185 E.55315
G1 X114.901 Y99.862 E.65466
G1 X114.407 Y99.007 E.72403
G1 X113.849 Y98.21 E.79238
G1 X113.224 Y97.464 E.86075
G1 X112.496 Y96.741 E.93283
G1 X111.205 Y95.74 E1.04759
G1 X110.577 Y95.34 E1.0999
G1 X109.37 Y94.748 E1.19434
G1 X109.255 Y95.01 E1.21444
;LAYER_CHANGE
;Z:1.95
;HEIGHT:0.2
G92 E0
G1 Z1.95 F7800
G1 X104.334 Y110.232
;TYPE:Perimeter
;WIDTH:0.449999
G1 F884.349
G1 X104.169 Y110.22 E.0065
G1 X103.568 Y110.085 E.03069
G1 X102.645 Y109.732 E.06949
G1 X101.924 Y109.275 E.10301
G1 X101.535 Y108.992 E.1219
G1 X101.008 Y108.465 E.15116
G1 X100.577 Y107.897 E.17916
G1 X100.177 Y107.154 E.21229
G1 X99.915 Y106.45 E.24178
G1 X99.751 Y105.597 E.27589
G1 X99.727 Y104.635 E.31367
G1 X99.824 Y103.921 E.34196
G1 X100.083 Y103.059 E.3773
G1 X100.473 Y102.308 E.41053
G1 X100.721 Y101.896 E.42941
G1 X101.2 Y101.325 E.45867
G1 X101.715 Y100.857 E.48599
G1 X102.173 Y100.55 E.50764
G1 X102.63 Y100.275 E.52858
G1 X103.319 Y99.989 E.55787
G1 X104.215 Y99.773 E.59406
G1 X104.801 Y99.721 E.61716
G1 X105.482 Y99.75 E.64392
G1 X105.983 Y99.805 E.66371
G1 X106.509 Y99.933 E.68497
G1 X107.066 Y100.149 E.70843
G1 X107.583 Y100.391 E.73084
G1 X108.043 Y100.674 E.75205
G1 X108.669 Y101.195 E.78403
G1 X109.274 Y101.89 E.82021
G1 X109.724 Y102.668 E.8555
G1 X109.923 Y103.081 E.8735
G1 X110.184 Y103.974 E.91003
G1 X110.254 Y104.556 E.93305
G1 X110.287 Y105.067 E.95316
G1 X110.25 Y105.624 E.97508
G1 X110.069 Y106.498 E1.01013
G1 X109.732 Y107.355 E1.04629
G1 X109.379 Y107.963 E1.07389
G1 X108.802 Y108.673 E1.10981
G1 X108.11 Y109.274 E1.1458
G1 X107.501 Y109.659 E1.17409
G1 X106.681 Y110.011 E1.20913
G1 X106.118 Y110.163 E1.23203
G1 X105.091 Y110.285 E1.27264
G1 X104.394 Y110.236 E1.30007
G1 X104.378 Y109.828 F7800
G1 F884.349
G1 X104.205 Y109.815 E1.30688
G1 X103.664 Y109.69 E1.32868
G1 X102.801 Y109.356 E1.36501
G1 X102.15 Y108.937 E1.39541
G1 X101.823 Y108.704 E1.41118
G1 X101.296 Y108.177 E1.44044
G1 X100.905 Y107.656 E1.46602
G1 X100.538 Y106.966 E1.49671
G1 X100.301 Y106.318 E1.5238
G1 X100.152 Y105.525 E1.55548
G1 X100.134 Y104.635 E1.59043
G1 X100.226 Y103.983 E1.61628
G1 X100.471 Y103.182 E1.64917
G1 X101.033 Y102.157 E1.69507
G1 X101.512 Y101.587 E1.7243
G1 X101.984 Y101.163 E1.74921
G1 X102.698 Y100.697 E1.78269
G1 X103.475 Y100.365 E1.81587
G1 X104.303 Y100.171 E1.84926
G1 X104.828 Y100.127 E1.86995
G1 X105.448 Y100.156 E1.89432
G1 X105.985 Y100.224 E1.91557
G1 X106.477 Y100.348 E1.93549
G1 X107.165 Y100.63 E1.96469
G1 X107.767 Y100.979 E1.99201
G1 X108.407 Y101.507 E2.02459
G1 X108.962 Y102.152 E2.058
G1 X109.367 Y102.863 E2.09013
G1 X109.533 Y103.195 E2.1047
G1 X109.793 Y104.087 E2.14118
G1 X109.849 Y104.591 E2.16109
G1 X109.874 Y105.137 E2.18255
G1 X109.839 Y105.644 E2.2025
G1 X109.671 Y106.41 E2.23329
G1 X109.356 Y107.199 E2.26665
G1 X109.031 Y107.752 E2.29184
G1 X108.489 Y108.412 E2.32537
G1 X107.848 Y108.962 E2.35853
G1 X107.289 Y109.311 E2.38441
G1 X106.525 Y109.635 E2.41699
G1 X106.02 Y109.768 E2.43749
G1 X105.055 Y109.88 E2.47563
G1 X104.438 Y109.833 E2.49993
G1 X104.422 Y109.424 F7800
;TYPE:External perimeter
G1 F884.349
G1 X104.24 Y109.409 E2.5071
G1 X103.667 Y109.272 E2.53023
G1 X102.956 Y108.98 E2.56041
G1 X102.376 Y108.598 E2.58768
G1 X102.11 Y108.416 E2.60034
G1 X101.584 Y107.889 E2.62958
G1 X101.233 Y107.416 E2.65271
G1 X100.899 Y106.778 E2.68099
G1 X100.686 Y106.187 E2.70566
G1 X100.553 Y105.454 E2.73491
G1 X100.541 Y104.635 E2.76707
G1 X100.629 Y104.045 E2.79049
G1 X100.86 Y103.304 E2.82097
G1 X101.345 Y102.419 E2.8606
G1 X101.824 Y101.849 E2.88983
G1 X102.252 Y101.469 E2.9123
G1 X102.918 Y101.04 E2.94341
G1 X103.631 Y100.741 E2.97377
G1 X104.391 Y100.568 E3.00437
G1 X104.97 Y100.526 E3.02716
G1 X105.716 Y100.587 E3.05655
G1 X106.317 Y100.724 E3.08075
G1 X107.01 Y101.007 E3.11014
G1 X107.555 Y101.327 E3.13496
G1 X108.146 Y101.819 E3.16515
G1 X108.65 Y102.414 E3.19577
G1 X109.142 Y103.309 E3.23587
G1 X109.403 Y104.203 E3.27244
G1 X109.47 Y104.93 E3.30111
G1 X109.438 Y105.571 E3.32631
G1 X109.274 Y106.322 E3.35649
G1 X108.98 Y107.044 E3.3871
G1 X108.682 Y107.542 E3.40989
G1 X108.177 Y108.151 E3.44095
G1 X107.586 Y108.65 E3.47132
G1 X107.078 Y108.963 E3.49475
G1 X106.369 Y109.259 E3.52492
G1 X105.807 Y109.401 E3.54768
G1 X105.018 Y109.474 E3.57879
G1 X104.482 Y109.429 E3.59991
G1 X104.087 Y109.368 F7800
G92 E0
G1 X95.279 Y98.951
;TYPE:Perimeter
G1 F884.349
G1 X95.564 Y98.503 E.02085
G1 X95.902 Y98.031 E.04364
G1 X96.486 Y97.331 E.07943
G1 X97.249 Y96.558 E.12208
G1 X98.024 Y95.908 E.1618
G1 X98.843 Y95.335 E.20105
G1 X99.631 Y94.88 E.23678
G1 X100.146 Y94.618 E.25947
G1 X101.08 Y94.231 E.29917
G1 X102.034 Y93.931 E.33844
G1 X103.01 Y93.714 E.3777
G1 X103.912 Y93.595 E.41342
G1 X104.49 Y93.551 E.43618
G1 X105.402 Y93.549 E.47199
G1 X106.485 Y93.636 E.51465
G1 X107.48 Y93.812 E.55432
G1 X108.446 Y94.071 E.59359
G1 X109.301 Y94.382 E.62931
G1 X109.833 Y94.609 E.65202
G1 X110.73 Y95.075 E.69171
G1 X111.498 Y95.564 E.72746
G1 X111.968 Y95.901 E.75017
G1 X112.742 Y96.551 E.78986
G1 X113.449 Y97.258 E.82912
G1 X114.092 Y98.024 E.86839
G1 X114.665 Y98.843 E.90764
G1 X115.12 Y99.63 E.94333
G1 X115.382 Y100.146 E.96605
G1 X115.834 Y101.288 E1.01427
G1 X116.163 Y102.415 E1.06037
G1 X116.363 Y103.541 E1.10527
G1 X116.422 Y104.084 E1.12672
G1 X116.449 Y104.59 E1.14662
G1 X116.449 Y105.5 E1.18235
G1 X116.37 Y106.406 E1.21806
G1 X116.288 Y106.979 E1.24079
G1 X116.069 Y107.966 E1.28049
G1 X115.769 Y108.92 E1.31976
G1 X115.386 Y109.843 E1.359
G1 X114.925 Y110.73 E1.39825
G1 X114.436 Y111.497 E1.43397
G1 X114.099 Y111.968 E1.45671
G1 X113.449 Y112.742 E1.4964
G1 X112.742 Y113.449 E1.53566
G1 X111.976 Y114.092 E1.57493
G1 X111.157 Y114.665 E1.61418
G1 X110.369 Y115.12 E1.64991
G1 X109.854 Y115.382 E1.6726
G1 X108.92 Y115.769 E1.7123
G1 X108.052 Y116.042 E1.74803
G1 X107.492 Y116.186 E1.77073
G1 X106.496 Y116.362 E1.81044
G1 X105.5 Y116.449 E1.8497
G1 X104.5 Y116.449 E1.88896
G1 X103.594 Y116.37 E1.92467
G1 X103.021 Y116.288 E1.9474
G1 X102.034 Y116.069 E1.9871
G1 X101.08 Y115.769 E2.02637
G1 X100.157 Y115.386 E2.06561
G1 X99.27 Y114.925 E2.10486
G1 X98.427 Y114.387 E2.14413
M73 P18 R26
G1 X97.633 Y113.778 E2.18342
G1 X96.967 Y113.171 E2.2188
G1 X96.556 Y112.748 E2.24196
G1 X95.908 Y111.976 E2.28154
M73 Q18 S26
G1 X95.386 Y111.231 E2.31726
G1 X95.08 Y110.739 E2.34001
G1 X94.657 Y109.931 E2.37582
G1 X94.443 Y109.454 E2.39635
G1 X94.235 Y108.93 E2.41849
G1 X93.958 Y108.052 E2.45464
G1 X93.813 Y107.49 E2.47743
G1 X93.653 Y106.593 E2.51321
G1 X93.551 Y105.511 E2.55588
G1 X93.551 Y104.5 E2.59558
G1 X93.638 Y103.504 E2.63484
G1 X93.796 Y102.608 E2.67056
G1 X93.927 Y102.045 E2.69326
G1 X94.231 Y101.08 E2.73299
G1 X94.614 Y100.157 E2.77223
G1 X95.075 Y99.27 E2.81148
G1 X95.246 Y99.002 E2.82396
G1 X94.931 Y98.74 F7800
G1 F884.349
G1 X95.283 Y98.187 E2.8497
G1 X95.581 Y97.78 E2.86951
G1 X96.182 Y97.061 E2.9063
G1 X96.61 Y96.607 E2.9308
G1 X96.977 Y96.255 E2.95077
G1 X97.776 Y95.585 E2.99171
G1 X98.624 Y94.991 E3.03236
G1 X99.526 Y94.47 E3.07326
G1 X99.978 Y94.247 E3.09305
G1 X100.941 Y93.848 E3.13398
G1 X101.929 Y93.537 E3.17465
G1 X102.939 Y93.313 E3.21527
G1 X103.973 Y93.177 E3.25622
G1 X104.476 Y93.144 E3.27601
G1 X105.413 Y93.142 E3.3128
G1 X106.037 Y93.178 E3.33734
G1 X106.542 Y93.233 E3.35729
G1 X107.569 Y93.414 E3.39824
G1 X108.569 Y93.682 E3.43889
G1 X109.548 Y94.038 E3.47979
G1 X110.009 Y94.241 E3.49957
G1 X110.934 Y94.723 E3.54052
G1 X111.813 Y95.283 E3.58144
G1 X112.219 Y95.581 E3.60121
G1 X113.017 Y96.251 E3.64212
G1 X113.75 Y96.983 E3.68279
G1 X114.415 Y97.776 E3.72343
G1 X115.009 Y98.624 E3.76408
G1 X115.53 Y99.526 E3.80498
G1 X115.753 Y99.978 E3.82477
G1 X116.152 Y100.941 E3.8657
G1 X116.465 Y101.935 E3.90662
G1 X116.585 Y102.425 E3.92643
G1 X116.767 Y103.494 E3.96901
G1 X116.829 Y104.057 E3.99125
G1 X116.856 Y104.59 E4.0122
G1 X116.856 Y105.518 E4.04864
G1 X116.765 Y106.556 E4.08955
G1 X116.689 Y107.054 E4.10933
G1 X116.463 Y108.071 E4.15024
G1 X116.152 Y109.059 E4.19091
G1 X115.755 Y110.015 E4.23155
G1 X115.277 Y110.934 E4.27222
G1 X114.717 Y111.813 E4.31314
G1 X114.419 Y112.219 E4.33291
G1 X113.75 Y113.017 E4.3738
G1 X113.017 Y113.75 E4.4145
G1 X112.224 Y114.415 E4.45514
G1 X111.376 Y115.009 E4.49579
G1 X110.474 Y115.53 E4.53669
G1 X110.022 Y115.753 E4.55648
G1 X109.059 Y116.152 E4.59741
G1 X108.065 Y116.465 E4.63833
G1 X107.575 Y116.585 E4.65814
G1 X106.549 Y116.766 E4.69905
G1 X105.518 Y116.856 E4.73969
G1 X104.482 Y116.856 E4.78037
G1 X103.444 Y116.765 E4.82128
G1 X102.946 Y116.689 E4.84106
G1 X101.929 Y116.463 E4.88197
G1 X100.941 Y116.152 E4.92264
G1 X99.985 Y115.755 E4.96328
G1 X99.066 Y115.277 E5.00395
G1 X98.193 Y114.721 E5.04459
G1 X97.371 Y114.09 E5.08528
G1 X96.684 Y113.464 E5.12177
G1 X96.253 Y113.021 E5.14604
G1 X95.585 Y112.224 E5.18687
G1 X94.987 Y111.371 E5.22777
G1 X94.725 Y110.939 E5.24761
G1 X94.291 Y110.109 E5.28439
G1 X94.035 Y109.539 E5.30892
G1 X93.85 Y109.065 E5.3289
G1 X93.535 Y108.065 E5.37007
G1 X93.415 Y107.575 E5.38988
G1 X93.25 Y106.652 E5.4267
G1 X93.177 Y106.032 E5.45121
G1 X93.144 Y105.525 E5.47116
G1 X93.144 Y104.482 E5.51211
G1 X93.234 Y103.451 E5.55275
G1 X93.415 Y102.425 E5.59366
G1 X93.535 Y101.935 E5.61347
G1 X93.848 Y100.941 E5.65439
G1 X94.245 Y99.985 E5.69503
G1 X94.723 Y99.066 E5.7357
G1 X94.898 Y98.79 E5.74853
G1 X94.582 Y98.529 F7800
;TYPE:External perimeter
G1 F884.349
G1 X94.946 Y97.957 E5.77515
G1 X95.26 Y97.529 E5.79599
G1 X95.877 Y96.791 E5.83376
G1 X96.321 Y96.32 E5.85918
G1 X96.705 Y95.952 E5.88006
G1 X97.528 Y95.262 E5.92223
G1 X98.405 Y94.648 E5.96427
G1 X99.334 Y94.111 E6.0064
G1 X99.81 Y93.876 E6.02724
G1 X100.802 Y93.465 E6.0694
G1 X101.823 Y93.143 E6.11144
G1 X102.869 Y92.912 E6.1535
G1 X103.933 Y92.772 E6.19564
G1 X104.462 Y92.737 E6.21646
G1 X105.425 Y92.734 E6.25427
G1 X106.071 Y92.772 E6.27968
G1 X106.6 Y92.83 E6.30058
G1 X107.657 Y93.016 E6.34272
G1 X108.691 Y93.293 E6.38475
G1 X109.7 Y93.66 E6.42691
G1 X110.185 Y93.874 E6.44772
G1 X111.137 Y94.37 E6.48987
G1 X112.043 Y94.946 E6.53202
G1 X112.471 Y95.26 E6.55286
G1 X113.293 Y95.95 E6.595
G1 X114.05 Y96.707 E6.63704
G1 X114.738 Y97.528 E6.6791
G1 X115.352 Y98.405 E6.72114
G1 X115.889 Y99.334 E6.76327
G1 X116.124 Y99.81 E6.78411
G1 X116.535 Y100.802 E6.82627
G1 X116.857 Y101.825 E6.86838
G1 X116.983 Y102.341 E6.88924
G1 X117.172 Y103.446 E6.93326
G1 X117.235 Y104.031 E6.95636
G1 X117.263 Y104.59 E6.97834
G1 X117.263 Y105.535 E7.01545
G1 X117.17 Y106.605 E7.05762
G1 X117.089 Y107.129 E7.07844
G1 X116.857 Y108.177 E7.12059
G1 X116.535 Y109.198 E7.16263
G1 X116.125 Y110.188 E7.2047
G1 X115.63 Y111.137 E7.24673
G1 X115.054 Y112.043 E7.28888
G1 X114.74 Y112.471 E7.30972
G1 X114.05 Y113.293 E7.35186
G1 X113.293 Y114.05 E7.3939
G1 X112.472 Y114.738 E7.43596
G1 X111.595 Y115.352 E7.478
G1 X110.666 Y115.889 E7.52013
G1 X110.19 Y116.124 E7.54097
G1 X109.198 Y116.535 E7.58313
G1 X108.175 Y116.857 E7.62524
G1 X107.659 Y116.983 E7.6461
G1 X106.602 Y117.17 E7.68825
G1 X105.535 Y117.263 E7.7303
G1 X104.465 Y117.263 E7.77231
G1 X103.395 Y117.17 E7.81448
G1 X102.871 Y117.089 E7.8353
G1 X101.823 Y116.857 E7.87745
G1 X100.802 Y116.535 E7.91949
G1 X99.812 Y116.125 E7.96156
G1 X98.863 Y115.63 E8.00359
G1 X97.959 Y115.055 E8.04566
G1 X97.11 Y114.403 E8.08769
G1 X96.4 Y113.756 E8.12541
G1 X95.951 Y113.294 E8.15071
G1 X95.262 Y112.472 E8.19282
G1 X94.646 Y111.593 E8.23496
G1 X94.371 Y111.139 E8.2558
G1 X93.924 Y110.287 E8.29358
G1 X93.659 Y109.697 E8.31898
G1 X93.466 Y109.201 E8.33988
G1 X93.143 Y108.175 E8.38211
G1 X93.017 Y107.659 E8.40297
G1 X92.847 Y106.712 E8.44075
G1 X92.772 Y106.069 E8.46617
G1 X92.737 Y105.538 E8.48706
G1 X92.737 Y104.465 E8.52919
G1 X92.83 Y103.398 E8.57124
G1 X93.017 Y102.341 E8.61339
G1 X93.143 Y101.825 E8.63425
G1 X93.465 Y100.802 E8.67636
G1 X93.875 Y99.812 E8.71843
G1 X94.37 Y98.863 E8.76046
G1 X94.55 Y98.579 E8.77366
G1 X94.765 Y98.242 F7800
;LAYER_CHANGE
;Z:2.15
;HEIGHT:0.2
G92 E0
G1 Z2.15 F7800
G1 X104.335 Y110.222
;TYPE:Perimeter
G1 F884.349
G1 X103.965 Y110.182 E.01461
G1 X103.066 Y109.919 E.05139
G1 X102.241 Y109.509 E.08756
G1 X101.653 Y109.093 E.11584
G1 X101.032 Y108.489 E.14985
G1 X100.657 Y108.006 E.17386
G1 X100.315 Y107.419 E.20053
G1 X100.082 Y106.939 E.22148
G1 X99.883 Y106.255 E.24945
G1 X99.779 Y105.823 E.2669
G1 X99.715 Y105.089 E.29583
G1 X99.779 Y104.177 E.33173
G1 X100.077 Y103.08 E.37636
G1 X100.378 Y102.433 E.40438
G1 X100.873 Y101.701 E.43908
G1 X101.284 Y101.259 E.46278
G1 X101.672 Y100.893 E.48372
G1 X102.638 Y100.271 E.52883
G1 X103.326 Y99.986 E.55807
G1 X104.215 Y99.773 E.59396
G1 X104.803 Y99.721 E.61714
G1 X105.486 Y99.75 E.64398
G1 X105.984 Y99.805 E.66365
G1 X106.526 Y99.938 E.68556
G1 X107.06 Y100.146 E.70806
G1 X107.583 Y100.391 E.73074
G1 X108.043 Y100.674 E.75195
G1 X108.618 Y101.152 E.78131
G1 X109.274 Y101.89 E.82008
G1 X109.724 Y102.668 E.85537
G1 X109.919 Y103.066 E.87277
G1 X110.141 Y103.77 E.90175
G1 X110.254 Y104.626 E.93565
M73 P18 R25
G1 X110.281 Y105.163 E.95676
G1 X110.242 Y105.701 E.97794
G1 X110.069 Y106.498 E1.00996
G1 X109.732 Y107.355 E1.04612
G1 X109.369 Y107.978 E1.07443
G1 X108.805 Y108.669 E1.10945
G1 X108.11 Y109.274 E1.14563
G1 X107.501 Y109.659 E1.17392
G1 X106.681 Y110.011 E1.20896
G1 X106.004 Y110.191 E1.23647
G1 X105.406 Y110.257 E1.26009
G1 X104.889 Y110.283 E1.28042
G1 X104.394 Y110.229 E1.29997
G1 X104.379 Y109.818 F7800
G1 F884.349
G1 X104.004 Y109.777 E1.31478
G1 X103.189 Y109.531 E1.34821
G1 X102.429 Y109.148 E1.38163
G1 X101.893 Y108.765 E1.4075
G1 X101.32 Y108.202 E1.43904
G1 X100.985 Y107.765 E1.46066
G1 X100.676 Y107.231 E1.48488
G1 X100.467 Y106.805 E1.50351
G1 X100.206 Y105.907 E1.54023
G1 X100.121 Y105.06 E1.57365
G1 X100.184 Y104.212 E1.60704
G1 X100.468 Y103.194 E1.64854
G1 X100.743 Y102.612 E1.67381
G1 X101.207 Y101.934 E1.70607
G1 X101.572 Y101.547 E1.72696
G1 X101.915 Y101.22 E1.74557
G1 X102.688 Y100.703 E1.78208
G1 X103.59 Y100.329 E1.82042
G1 X104.311 Y100.169 E1.84942
G1 X104.83 Y100.127 E1.86986
G1 X105.452 Y100.156 E1.89431
G1 X105.981 Y100.223 E1.91525
G1 X106.468 Y100.344 E1.93495
G1 X107.158 Y100.627 E1.96423
G1 X107.767 Y100.979 E1.99185
G1 X108.356 Y101.464 E2.02181
G1 X108.962 Y102.152 E2.05781
G1 X109.367 Y102.863 E2.08994
G1 X109.531 Y103.189 E2.10427
G1 X109.754 Y103.897 E2.13342
G1 X109.85 Y104.67 E2.164
G1 X109.874 Y105.137 E2.18236
G1 X109.839 Y105.644 E2.20231
G1 X109.671 Y106.41 E2.2331
G1 X109.356 Y107.199 E2.26646
G1 X109.021 Y107.767 E2.29235
G1 X108.493 Y108.407 E2.32493
G1 X107.848 Y108.962 E2.35834
G1 X107.289 Y109.311 E2.38422
G1 X106.525 Y109.635 E2.4168
G1 X105.907 Y109.796 E2.44188
G1 X104.933 Y109.878 E2.48026
G1 X104.439 Y109.824 E2.49977
G1 X104.424 Y109.405 F7800
;TYPE:External perimeter
G1 F884.349
G1 X104.007 Y109.362 E2.51623
G1 X103.304 Y109.14 E2.54518
G1 X102.617 Y108.786 E2.57553
G1 X102.134 Y108.436 E2.59895
G1 X101.608 Y107.914 E2.62805
G1 X101.233 Y107.416 E2.65253
G1 X100.897 Y106.775 E2.68095
G1 X100.59 Y105.752 E2.72289
G1 X100.526 Y105.018 E2.75182
G1 X100.59 Y104.248 E2.78216
G1 X100.858 Y103.308 E2.82054
G1 X101.109 Y102.792 E2.84307
M73 Q18 S25
G1 X101.541 Y102.166 E2.87293
G1 X102.073 Y101.621 E2.90283
G1 X102.95 Y101.023 E2.94451
G1 X103.638 Y100.738 E2.97375
G1 X104.391 Y100.568 E3.00406
G1 X104.967 Y100.526 E3.02674
G1 X105.718 Y100.587 E3.05632
G1 X106.333 Y100.728 E3.08109
G1 X107.002 Y101.003 E3.10949
G1 X107.555 Y101.327 E3.13466
G1 X108.095 Y101.776 E3.16223
G1 X108.65 Y102.414 E3.19543
G1 X109.143 Y103.311 E3.23562
G1 X109.365 Y104.016 E3.26464
G1 X109.445 Y104.715 E3.29227
G1 X109.468 Y105.11 E3.30781
G1 X109.434 Y105.601 E3.32714
G1 X109.273 Y106.329 E3.35642
G1 X108.98 Y107.044 E3.38676
G1 X108.673 Y107.555 E3.41017
G1 X108.181 Y108.146 E3.44036
G1 X107.586 Y108.65 E3.47098
G1 X107.078 Y108.963 E3.49441
G1 X106.369 Y109.259 E3.52458
G1 X105.81 Y109.4 E3.54722
G1 X105.059 Y109.471 E3.57684
G1 X104.484 Y109.411 E3.59954
G1 X104.086 Y109.37 F7800
G92 E0
G1 X95.279 Y98.951
;TYPE:Perimeter
G1 F884.349
G1 X95.564 Y98.503 E.02085
G1 X95.902 Y98.031 E.04364
G1 X96.472 Y97.347 E.0786
G1 X97.249 Y96.558 E.12208
G1 X98.024 Y95.908 E.1618
G1 X98.843 Y95.335 E.20105
G1 X99.708 Y94.835 E.24028
G1 X100.533 Y94.45 E.27603
G1 X101.07 Y94.235 E.29874
G1 X102.034 Y93.931 E.33843
G1 X103.01 Y93.714 E.37769
G1 X103.912 Y93.595 E.41341
G1 X104.49 Y93.551 E.43617
G1 X105.381 Y93.548 E.47115
G1 X106.485 Y93.636 E.51464
M73 P19 R25
G1 X107.48 Y93.812 E.55431
G1 X108.446 Y94.071 E.59358
G1 X109.301 Y94.382 E.6293
G1 X109.833 Y94.609 E.65201
M73 Q19 S25
G1 X110.73 Y95.075 E.6917
G1 X111.498 Y95.564 E.72745
G1 X111.969 Y95.902 E.75021
G1 X112.653 Y96.472 E.78517
G1 X113.442 Y97.249 E.82865
G1 X114.092 Y98.024 E.86837
G1 X114.665 Y98.843 E.90762
G1 X115.12 Y99.63 E.94331
G1 X115.382 Y100.146 E.96603
G1 X115.809 Y101.209 E1.01101
G1 X116.097 Y102.143 E1.04939
G1 X116.24 Y102.806 E1.07602
G1 X116.355 Y103.479 E1.10283
G1 X116.423 Y104.087 E1.12685
G1 X116.449 Y104.59 E1.14663
G1 X116.449 Y105.5 E1.18236
G1 X116.37 Y106.406 E1.21807
G1 X116.288 Y106.979 E1.2408
G1 X116.069 Y107.966 E1.2805
G1 X115.769 Y108.92 E1.31977
G1 X115.386 Y109.843 E1.35901
G1 X114.925 Y110.73 E1.39826
G1 X114.436 Y111.497 E1.43398
G1 X114.099 Y111.968 E1.45672
G1 X113.449 Y112.742 E1.49641
G1 X112.742 Y113.449 E1.53567
G1 X111.976 Y114.092 E1.57494
G1 X111.157 Y114.665 E1.61419
G1 X110.369 Y115.12 E1.64992
G1 X109.854 Y115.382 E1.67261
G1 X108.92 Y115.769 E1.71231
G1 X107.966 Y116.069 E1.75158
G1 X106.99 Y116.286 E1.79084
G1 X106.088 Y116.405 E1.82656
G1 X105.511 Y116.449 E1.84928
G1 X104.5 Y116.449 E1.88898
G1 X103.594 Y116.37 E1.92469
G1 X103.021 Y116.288 E1.94742
G1 X102.034 Y116.069 E1.98712
G1 X101.08 Y115.769 E2.02639
G1 X100.157 Y115.386 E2.06563
G1 X99.27 Y114.925 E2.10488
G1 X98.427 Y114.387 E2.14415
G1 X97.632 Y113.778 E2.18347
G1 X96.982 Y113.186 E2.21799
G1 X96.555 Y112.747 E2.24204
G1 X95.966 Y112.045 E2.27802
G1 X95.618 Y111.581 E2.30079
G1 X95.137 Y110.832 E2.33574
G1 X94.618 Y109.854 E2.37921
G1 X94.231 Y108.92 E2.41891
G1 X93.958 Y108.052 E2.45464
G1 X93.814 Y107.492 E2.47734
G1 X93.638 Y106.496 E2.51705
G1 X93.551 Y105.5 E2.55631
G1 X93.551 Y104.5 E2.59557
G1 X93.638 Y103.504 E2.63483
G1 X93.796 Y102.608 E2.67055
G1 X93.928 Y102.043 E2.69333
G1 X94.193 Y101.193 E2.72829
G1 X94.609 Y100.167 E2.77176
G1 X95.075 Y99.27 E2.81145
G1 X95.246 Y99.002 E2.82393
G1 X94.931 Y98.74 F7800
G1 F884.349
G1 X95.283 Y98.187 E2.84967
G1 X95.581 Y97.78 E2.86948
G1 X96.167 Y97.077 E2.90542
G1 X96.61 Y96.606 E2.93081
G1 X96.977 Y96.255 E2.95075
G1 X97.776 Y95.585 E2.99169
G1 X98.624 Y94.991 E3.03234
G1 X99.52 Y94.474 E3.07296
G1 X100.465 Y94.033 E3.11391
G1 X100.935 Y93.85 E3.13371
G1 X101.929 Y93.537 E3.17463
G1 X102.939 Y93.313 E3.21525
G1 X103.973 Y93.177 E3.2562
G1 X104.476 Y93.144 E3.27599
G1 X105.392 Y93.141 E3.31196
G1 X106.037 Y93.178 E3.33733
G1 X106.542 Y93.233 E3.35728
G1 X107.569 Y93.414 E3.39823
G1 X108.569 Y93.682 E3.43888
G1 X109.548 Y94.038 E3.47978
G1 X110.009 Y94.241 E3.49956
G1 X110.934 Y94.723 E3.54051
G1 X111.813 Y95.283 E3.58143
G1 X112.22 Y95.581 E3.60124
G1 X112.923 Y96.167 E3.63718
G1 X113.394 Y96.61 E3.66257
G1 X113.745 Y96.977 E3.68251
G1 X114.415 Y97.776 E3.72345
G1 X115.009 Y98.624 E3.7641
G1 X115.53 Y99.526 E3.805
G1 X115.753 Y99.978 E3.82479
G1 X116.198 Y101.087 E3.87171
G1 X116.492 Y102.046 E3.91109
G1 X116.641 Y102.734 E3.93873
G1 X116.759 Y103.431 E3.96649
G1 X116.829 Y104.06 E3.99134
G1 X116.856 Y104.59 E4.01218
G1 X116.856 Y105.518 E4.04862
G1 X116.765 Y106.556 E4.08953
G1 X116.689 Y107.054 E4.10931
G1 X116.463 Y108.071 E4.15022
G1 X116.152 Y109.059 E4.19089
G1 X115.755 Y110.015 E4.23153
G1 X115.277 Y110.934 E4.2722
G1 X114.717 Y111.813 E4.31312
G1 X114.419 Y112.219 E4.33289
G1 X113.75 Y113.017 E4.37378
G1 X113.017 Y113.75 E4.41448
G1 X112.224 Y114.415 E4.45512
G1 X111.376 Y115.009 E4.49577
G1 X110.474 Y115.53 E4.53667
G1 X110.022 Y115.753 E4.55646
G1 X109.059 Y116.152 E4.59739
G1 X108.071 Y116.463 E4.63806
G1 X107.061 Y116.687 E4.67868
G1 X106.027 Y116.823 E4.71963
G1 X105.525 Y116.856 E4.73938
G1 X104.482 Y116.856 E4.78033
G1 X103.444 Y116.765 E4.82124
G1 X102.946 Y116.689 E4.84102
G1 X101.929 Y116.463 E4.88193
G1 X100.941 Y116.152 E4.9226
G1 X99.985 Y115.755 E4.96324
G1 X99.066 Y115.277 E5.00391
G1 X98.193 Y114.721 E5.04455
G1 X97.371 Y114.09 E5.08524
G1 X96.699 Y113.479 E5.1209
G1 X96.253 Y113.021 E5.146
G1 X95.581 Y112.219 E5.18708
G1 X95.282 Y111.812 E5.20691
G1 X94.788 Y111.041 E5.24286
G1 X94.472 Y110.477 E5.26824
G1 X94.247 Y110.022 E5.28817
G1 X93.848 Y109.059 E5.3291
G1 X93.535 Y108.065 E5.37002
G1 X93.415 Y107.575 E5.38983
G1 X93.234 Y106.549 E5.43074
G1 X93.144 Y105.518 E5.47138
G1 X93.144 Y104.482 E5.51206
G1 X93.234 Y103.451 E5.5527
G1 X93.415 Y102.425 E5.59361
G1 X93.535 Y101.934 E5.61346
G1 X93.808 Y101.06 E5.64941
G1 X94.037 Y100.456 E5.67477
G1 X94.241 Y99.991 E5.69471
G1 X94.723 Y99.066 E5.73566
G1 X94.898 Y98.79 E5.74849
G1 X94.582 Y98.529 F7800
;TYPE:External perimeter
G1 F884.349
G1 X94.946 Y97.957 E5.77511
G1 X95.26 Y97.529 E5.79595
G1 X95.863 Y96.807 E5.83289
G1 X96.321 Y96.32 E5.85914
G1 X96.705 Y95.952 E5.88002
G1 X97.528 Y95.262 E5.92219
G1 X98.405 Y94.648 E5.96423
G1 X99.332 Y94.112 E6.00627
G1 X100.305 Y93.659 E6.04841
G1 X100.799 Y93.466 E6.06923
G1 X101.823 Y93.143 E6.11139
G1 X102.869 Y92.912 E6.15345
G1 X103.933 Y92.772 E6.19559
G1 X104.462 Y92.737 E6.21641
G1 X105.403 Y92.734 E6.25336
G1 X106.071 Y92.772 E6.27963
G1 X106.6 Y92.83 E6.30053
G1 X107.657 Y93.016 E6.34267
G1 X108.691 Y93.293 E6.3847
G1 X109.7 Y93.66 E6.42686
G1 X110.185 Y93.874 E6.44767
G1 X111.137 Y94.37 E6.48982
G1 X112.043 Y94.946 E6.53197
G1 X112.471 Y95.26 E6.55281
G1 X113.193 Y95.863 E6.58975
G1 X113.68 Y96.321 E6.616
G1 X114.048 Y96.705 E6.63688
G1 X114.738 Y97.528 E6.67905
G1 X115.352 Y98.405 E6.72109
G1 X115.889 Y99.334 E6.76322
G1 X116.124 Y99.81 E6.78406
G1 X116.586 Y100.964 E6.83287
G1 X116.888 Y101.949 E6.87332
G1 X117.041 Y102.663 E6.90199
G1 X117.163 Y103.383 E6.93066
G1 X117.235 Y104.033 E6.95634
G1 X117.263 Y104.59 E6.97824
G1 X117.263 Y105.535 E7.01535
G1 X117.17 Y106.605 E7.05752
G1 X117.089 Y107.129 E7.07834
G1 X116.857 Y108.177 E7.12049
G1 X116.535 Y109.198 E7.16253
G1 X116.125 Y110.188 E7.2046
G1 X115.63 Y111.137 E7.24663
G1 X115.054 Y112.043 E7.28878
G1 X114.74 Y112.471 E7.30962
G1 X114.05 Y113.293 E7.35176
G1 X113.293 Y114.05 E7.3938
G1 X112.472 Y114.738 E7.43586
G1 X111.595 Y115.352 E7.4779
G1 X110.666 Y115.889 E7.52003
G1 X110.19 Y116.124 E7.54087
G1 X109.198 Y116.535 E7.58303
G1 X108.177 Y116.857 E7.62507
G1 X107.131 Y117.088 E7.66713
G1 X106.067 Y117.228 E7.70927
G1 X105.538 Y117.263 E7.73009
G1 X104.465 Y117.263 E7.77222
G1 X103.395 Y117.17 E7.81439
G1 X102.871 Y117.089 E7.83521
G1 X101.823 Y116.857 E7.87736
G1 X100.802 Y116.535 E7.9194
G1 X99.812 Y116.125 E7.96147
G1 X98.863 Y115.63 E8.0035
G1 X97.959 Y115.055 E8.04557
G1 X97.11 Y114.403 E8.0876
G1 X96.416 Y113.771 E8.12446
G1 X95.951 Y113.294 E8.15062
G1 X95.26 Y112.471 E8.19281
G1 X94.946 Y112.042 E8.21368
G1 X94.438 Y111.251 E8.25059
G1 X94.112 Y110.667 E8.27685
G1 X93.876 Y110.19 E8.29775
G1 X93.465 Y109.198 E8.33991
G1 X93.143 Y108.175 E8.38202
G1 X93.017 Y107.659 E8.40288
G1 X92.83 Y106.602 E8.44503
G1 X92.737 Y105.535 E8.48708
G1 X92.737 Y104.465 E8.52909
G1 X92.83 Y103.398 E8.57114
G1 X93.017 Y102.341 E8.61329
G1 X93.143 Y101.825 E8.63415
G1 X93.423 Y100.927 E8.67108
G1 X93.66 Y100.302 E8.69733
G1 X93.874 Y99.815 E8.71822
G1 X94.37 Y98.863 E8.76037
G1 X94.55 Y98.579 E8.77357
G1 X94.765 Y98.242 F7800
G92 E0
G1 X98.732 Y97.303
;TYPE:Internal infill
;WIDTH:0.45
;HEIGHT:0.4
G1 F494.289
G1 X98.076 Y96.263 E.08638
G1 X97.453 Y96.786 E.14352
G1 X96.707 Y97.543 E.21818
G1 X95.871 Y98.59 E.3123
G1 X95.34 Y99.423 E.3817
G1 X94.891 Y100.286 E.45004
G1 X94.466 Y101.356 E.53092
G1 X95.014 Y101.853 E.58289
G1 X96.004 Y104.765 E.79896
G1 X97.898 Y108.719 E1.10695
G1 X97.579 Y109.548 E1.16935
G1 X97.981 Y108.905 F7800
G1 F494.289
G1 X99.113 Y111.419 E1.36304
G92 E0
G1 X105.13 Y114.313 F7800
G1 F494.289
G1 X104.855 Y116.144 E.13007
G1 X106.213 Y116.08 E.22557
G1 X107.887 Y115.774 E.34512
G1 X108.815 Y115.482 E.41346
G1 X109.728 Y115.104 E.48288
G1 X110.993 Y114.407 E.58434
G1 X112.002 Y113.672 E.67203
G1 X111.528 Y112.101 E.78731
G1 X112.098 Y111.132 E.86629
G1 X112.668 Y109.133 E1.01232
G92 E0
G1 X115.587 Y104.144 F7800
G1 F494.289
G1 X114.958 Y103.925 E.04679
G92 E0
G1 X112.742 Y100.406 F7800
G1 F494.289
G1 X115.779 Y104.211 E.342
G1 X116.123 Y104.183 E.36625
M73 P20 R25
M73 Q20 S25
G1 X115.888 Y102.573 E.48055
G1 X115.482 Y101.185 E.58214
G1 X114.901 Y99.862 E.68365
G1 X114.407 Y99.007 E.75302
G1 X113.849 Y98.21 E.82137
G1 X113.224 Y97.464 E.88974
G1 X112.487 Y96.735 E.96256
G1 X111.41 Y95.871 E1.05956
G1 X110.577 Y95.34 E1.12896
G1 X109.368 Y94.737 E1.22387
G1 X109.101 Y95.38 E1.27278
;LAYER_CHANGE
;Z:2.35
;HEIGHT:0.2
G92 E0
G1 Z2.35 F7800
G1 X104.334 Y110.232
;TYPE:Perimeter
;WIDTH:0.449999
G1 F884.349
G1 X104.177 Y110.221 E.00618
G1 X103.611 Y110.096 E.02894
G1 X103.319 Y110.011 E.04088
G1 X102.638 Y109.729 E.06982
G1 X101.924 Y109.275 E.10304
G1 X101.535 Y108.992 E.12193
G1 X101.008 Y108.465 E.15119
G1 X100.652 Y108.001 E.17415
G1 X100.31 Y107.408 E.20103
G1 X100.057 Y106.865 E.22455
G1 X99.893 Y106.374 E.24488
G1 X99.743 Y105.552 E.27769
G1 X99.727 Y104.635 E.3137
G1 X99.872 Y103.717 E.35019
G1 X100.031 Y103.211 E.37102
G1 X100.161 Y102.876 E.38513
G1 X100.473 Y102.308 E.41058
G1 X100.721 Y101.896 E.42946
G1 X101.2 Y101.325 E.45872
G1 X101.728 Y100.846 E.48671
G1 X102.594 Y100.29 E.52712
G1 X103.296 Y99.998 E.55697
G1 X104.215 Y99.773 E.59412
G1 X105.347 Y99.727 E.6386
G1 X106.275 Y99.871 E.67547
G1 X107.341 Y100.263 E.72007
G1 X107.978 Y100.631 E.74896
G1 X108.604 Y101.141 E.78066
G1 X108.8 Y101.325 E.79122
G1 X109.279 Y101.896 E.82048
G1 X109.659 Y102.499 E.84847
G1 X110.011 Y103.319 E.88351
G1 X110.165 Y103.891 E.90677
G1 X110.254 Y104.571 E.9337
G1 X110.281 Y105.163 E.95697
G1 X110.242 Y105.701 E.97815
G1 X110.069 Y106.498 E1.01017
G1 X109.732 Y107.355 E1.04633
G1 X109.383 Y107.958 E1.07369
G1 X108.802 Y108.672 E1.10983
G1 X108.11 Y109.274 E1.14584
G1 X107.501 Y109.659 E1.17413
G1 X106.681 Y110.011 E1.20917
G1 X106.116 Y110.164 E1.23215
G1 X105.092 Y110.285 E1.27264
G1 X104.394 Y110.236 E1.30011
G1 X104.378 Y109.828 F7800
G1 F884.349
G1 X104.212 Y109.816 E1.30664
G1 X103.708 Y109.701 E1.32694
G1 X102.801 Y109.356 E1.36504
G1 X101.823 Y108.704 E1.41119
G1 X101.296 Y108.177 E1.44045
G1 X100.98 Y107.76 E1.46099
G1 X100.67 Y107.218 E1.48551
G1 X100.442 Y106.733 E1.50655
G1 X100.279 Y106.236 E1.52709
G1 X100.144 Y105.479 E1.55728
G1 X100.134 Y104.635 E1.59042
G1 X100.273 Y103.788 E1.62412
G1 X100.475 Y103.169 E1.64969
G1 X100.83 Y102.504 E1.67929
G1 X101.033 Y102.158 E1.69504
G1 X101.512 Y101.587 E1.7243
G1 X101.997 Y101.152 E1.74988
G1 X102.7 Y100.696 E1.78278
G1 X103.452 Y100.374 E1.8149
G1 X104.303 Y100.171 E1.84925
G1 X105.356 Y100.134 E1.89062
G1 X106.204 Y100.271 E1.92435
G1 X107.194 Y100.642 E1.96586
G1 X107.767 Y100.979 E1.99196
G1 X108.342 Y101.452 E2.02119
G1 X108.962 Y102.152 E2.05791
G1 X109.311 Y102.711 E2.08379
G1 X109.635 Y103.475 E2.11637
G1 X109.77 Y103.989 E2.13724
G1 X109.849 Y104.607 E2.1617
G1 X109.874 Y105.136 E2.18249
G1 X109.839 Y105.644 E2.20248
G1 X109.671 Y106.41 E2.23327
G1 X109.356 Y107.199 E2.26663
G1 X109.034 Y107.747 E2.29159
G1 X108.489 Y108.411 E2.32532
G1 X107.848 Y108.962 E2.35851
G1 X107.289 Y109.311 E2.38439
G1 X106.525 Y109.635 E2.41697
G1 X106.019 Y109.768 E2.43751
G1 X105.055 Y109.88 E2.47562
G1 X104.438 Y109.833 E2.49992
G1 X104.422 Y109.425 F7800
;TYPE:External perimeter
G1 F884.349
G1 X104.248 Y109.41 E2.50678
G1 X103.667 Y109.272 E2.53023
G1 X102.956 Y108.98 E2.56041
G1 X102.11 Y108.416 E2.60033
G1 X101.584 Y107.889 E2.62957
G1 X101.246 Y107.435 E2.65179
G1 X100.892 Y106.764 E2.68158
G1 X100.688 Y106.193 E2.70539
G1 X100.544 Y105.408 E2.73673
G1 X100.541 Y104.635 E2.76708
G1 X100.674 Y103.859 E2.79799
G1 X100.861 Y103.3 E2.82113
G1 X101.187 Y102.7 E2.84794
G1 X101.345 Y102.419 E2.8606
G1 X101.824 Y101.849 E2.88983
G1 X102.265 Y101.458 E2.91297
G1 X102.918 Y101.039 E2.94343
G1 X103.608 Y100.75 E2.9728
G1 X104.391 Y100.568 E3.00436
G1 X105.365 Y100.541 E3.04262
G1 X106.134 Y100.672 E3.07325
G1 X107.046 Y101.022 E3.11161
G1 X107.555 Y101.327 E3.13491
G1 X108.08 Y101.764 E3.16173
G1 X108.65 Y102.414 E3.19568
G1 X108.963 Y102.922 E3.21911
G1 X109.259 Y103.631 E3.24928
G1 X109.4 Y104.187 E3.2718
G1 X109.471 Y104.943 E3.30161
G1 X109.438 Y105.571 E3.3263
G1 X109.274 Y106.322 E3.35648
G1 X108.98 Y107.044 E3.38709
G1 X108.686 Y107.536 E3.40959
G1 X108.177 Y108.151 E3.44094
G1 X107.586 Y108.65 E3.47131
G1 X107.078 Y108.963 E3.49474
G1 X106.369 Y109.259 E3.52491
G1 X105.813 Y109.4 E3.54743
G1 X105.018 Y109.474 E3.57878
G1 X104.482 Y109.429 E3.5999
G1 X104.087 Y109.367 F7800
G92 E0
G1 X95.279 Y98.951
;TYPE:Perimeter
G1 F884.349
G1 X95.564 Y98.503 E.02085
G1 X95.902 Y98.031 E.04364
G1 X96.459 Y97.363 E.07779
G1 X96.843 Y96.953 E.09985
G1 X97.249 Y96.558 E.12209
G1 X98.024 Y95.908 E.16181
G1 X98.843 Y95.335 E.20106
G1 X99.71 Y94.834 E.24038
G1 X100.486 Y94.469 E.27405
G1 X101.074 Y94.233 E.29893
G1 X102.034 Y93.931 E.33845
G1 X103.01 Y93.714 E.37771
G1 X103.912 Y93.595 E.41343
G1 X104.491 Y93.551 E.43623
G1 X105.36 Y93.548 E.47035
G1 X105.922 Y93.579 E.49245
G1 X106.485 Y93.636 E.51467
G1 X107.48 Y93.812 E.55434
G1 X108.359 Y94.047 E.59007
G1 X108.909 Y94.227 E.61279
G1 X109.843 Y94.614 E.65249
G1 X110.73 Y95.075 E.69174
G1 X111.498 Y95.564 E.72749
G1 X111.969 Y95.902 E.75025
G1 X112.637 Y96.459 E.7844
G1 X113.047 Y96.843 E.80646
G1 X113.442 Y97.249 E.8287
G1 X114.092 Y98.024 E.86842
G1 X114.665 Y98.843 E.90767
G1 X115.12 Y99.631 E.9434
G1 X115.382 Y100.146 E.96609
G1 X115.769 Y101.08 E1.00579
G1 X115.998 Y101.806 E1.03568
G1 X116.164 Y102.418 E1.06058
G1 X116.357 Y103.499 E1.1037
G1 X116.423 Y104.089 E1.12701
G1 X116.449 Y104.59 E1.14671
G1 X116.449 Y105.5 E1.18244
G1 X116.37 Y106.406 E1.21815
G1 X116.288 Y106.979 E1.24088
G1 X116.069 Y107.966 E1.28058
G1 X115.769 Y108.92 E1.31985
G1 X115.386 Y109.843 E1.35909
G1 X114.925 Y110.73 E1.39834
G1 X114.436 Y111.497 E1.43406
G1 X114.099 Y111.968 E1.4568
G1 X113.449 Y112.742 E1.49649
G1 X112.742 Y113.449 E1.53575
G1 X111.976 Y114.092 E1.57502
G1 X111.157 Y114.665 E1.61427
G1 X110.369 Y115.12 E1.65
G1 X109.854 Y115.382 E1.67269
G1 X108.92 Y115.769 E1.71239
G1 X108.052 Y116.042 E1.74812
G1 X107.492 Y116.186 E1.77082
G1 X106.496 Y116.362 E1.81053
G1 X105.5 Y116.449 E1.84979
G1 X104.5 Y116.449 E1.88905
G1 X103.504 Y116.362 E1.92831
G1 X102.608 Y116.204 E1.96403
G1 X102.045 Y116.073 E1.98673
G1 X101.08 Y115.769 E2.02646
G1 X100.157 Y115.386 E2.0657
G1 X99.27 Y114.925 E2.10495
G1 X98.427 Y114.387 E2.14422
G1 X97.634 Y113.779 E2.18346
G1 X96.963 Y113.164 E2.2192
G1 X96.558 Y112.751 E2.24191
G1 X95.966 Y112.045 E2.27809
G1 X95.618 Y111.581 E2.30086
G1 X95.148 Y110.85 E2.33498
G1 X94.873 Y110.359 E2.35708
G1 X94.618 Y109.854 E2.37929
G1 X94.231 Y108.92 E2.41899
G1 X93.958 Y108.052 E2.45472
G1 X93.814 Y107.492 E2.47742
G1 X93.638 Y106.496 E2.51713
G1 X93.551 Y105.5 E2.55639
G1 X93.551 Y104.5 E2.59565
G1 X93.638 Y103.504 E2.63491
G1 X93.796 Y102.608 E2.67063
G1 X93.928 Y102.043 E2.69341
G1 X94.186 Y101.213 E2.72754
G1 X94.385 Y100.687 E2.74962
G1 X94.609 Y100.167 E2.77185
G1 X95.075 Y99.27 E2.81154
G1 X95.246 Y99.002 E2.82402
G1 X94.931 Y98.74 F7800
G1 F884.349
G1 X95.283 Y98.187 E2.84976
G1 X95.581 Y97.78 E2.86957
G1 X96.153 Y97.093 E2.90467
G1 X96.61 Y96.606 E2.93089
G1 X96.977 Y96.255 E2.95083
G1 X97.776 Y95.585 E2.99177
G1 X98.624 Y94.991 E3.03242
G1 X99.521 Y94.473 E3.07309
G1 X100.324 Y94.095 E3.10794
G1 X100.937 Y93.85 E3.13386
G1 X101.929 Y93.537 E3.1747
G1 X102.939 Y93.313 E3.21532
G1 X103.973 Y93.177 E3.25627
G1 X104.477 Y93.144 E3.2761
G1 X105.371 Y93.141 E3.3112
G1 X106.037 Y93.178 E3.33739
G1 X106.542 Y93.233 E3.35734
G1 X107.569 Y93.414 E3.39829
G1 X108.575 Y93.684 E3.43919
G1 X109.053 Y93.846 E3.45901
G1 X110.015 Y94.245 E3.4999
G1 X110.934 Y94.723 E3.54057
G1 X111.813 Y95.283 E3.58149
G1 X112.22 Y95.581 E3.6013
G1 X112.907 Y96.153 E3.6364
G1 X113.394 Y96.61 E3.66262
G1 X113.745 Y96.977 E3.68256
G1 X114.415 Y97.776 E3.7235
G1 X115.009 Y98.624 E3.76415
G1 X115.53 Y99.526 E3.80505
G1 X115.753 Y99.978 E3.82484
G1 X116.152 Y100.941 E3.86577
G1 X116.431 Y101.826 E3.90221
G1 X116.559 Y102.321 E3.92229
G1 X116.761 Y103.451 E3.96736
G1 X116.829 Y104.062 E3.9915
G1 X116.856 Y104.59 E4.01226
G1 X116.856 Y105.518 E4.0487
G1 X116.765 Y106.556 E4.08961
G1 X116.689 Y107.054 E4.10939
G1 X116.463 Y108.071 E4.1503
G1 X116.152 Y109.059 E4.19097
G1 X115.755 Y110.015 E4.23161
G1 X115.277 Y110.934 E4.27228
G1 X114.717 Y111.813 E4.3132
G1 X114.419 Y112.219 E4.33297
G1 X113.75 Y113.017 E4.37386
G1 X113.017 Y113.75 E4.41456
G1 X112.224 Y114.415 E4.4552
G1 X111.376 Y115.009 E4.49585
G1 X110.474 Y115.53 E4.53675
G1 X110.022 Y115.753 E4.55654
G1 X109.059 Y116.152 E4.59747
G1 X108.065 Y116.465 E4.63839
G1 X107.575 Y116.585 E4.6582
G1 X106.549 Y116.766 E4.69911
G1 X105.518 Y116.856 E4.73975
G1 X104.482 Y116.856 E4.78043
G1 X103.451 Y116.766 E4.82107
G1 X102.425 Y116.585 E4.86198
G1 X101.935 Y116.465 E4.88179
G1 X100.941 Y116.152 E4.92271
G1 X99.985 Y115.755 E4.96335
G1 X99.066 Y115.277 E5.00402
G1 X98.193 Y114.721 E5.04466
G1 X97.372 Y114.091 E5.08529
G1 X96.603 Y113.387 E5.12623
G1 X96.255 Y113.023 E5.146
G1 X95.581 Y112.219 E5.18719
G1 X95.282 Y111.812 E5.20702
G1 X94.799 Y111.059 E5.24215
G1 X94.472 Y110.477 E5.26836
G1 X94.247 Y110.022 E5.28829
G1 X93.848 Y109.059 E5.32922
G1 X93.535 Y108.065 E5.37014
G1 X93.415 Y107.575 E5.38995
G1 X93.234 Y106.549 E5.43086
G1 X93.144 Y105.518 E5.4715
G1 X93.144 Y104.482 E5.51218
G1 X93.234 Y103.451 E5.55282
G1 X93.415 Y102.425 E5.59373
G1 X93.535 Y101.934 E5.61358
G1 X93.801 Y101.08 E5.6487
G1 X94.037 Y100.456 E5.67489
G1 X94.241 Y99.991 E5.69483
G1 X94.723 Y99.066 E5.73578
G1 X94.898 Y98.79 E5.74861
G1 X94.582 Y98.529 F7800
;TYPE:External perimeter
G1 F884.349
G1 X94.946 Y97.957 E5.77523
G1 X95.26 Y97.529 E5.79607
G1 X95.848 Y96.823 E5.83215
G1 X96.321 Y96.32 E5.85926
G1 X96.705 Y95.952 E5.88014
G1 X97.528 Y95.262 E5.92231
G1 X98.405 Y94.648 E5.96435
G1 X99.332 Y94.112 E6.00639
M73 P21 R25
G1 X100.161 Y93.722 E6.04236
G1 X100.8 Y93.466 E6.06939
G1 X101.823 Y93.143 E6.11151
G1 X102.869 Y92.912 E6.15357
G1 X103.933 Y92.772 E6.19571
M73 Q21 S25
G1 X104.463 Y92.737 E6.21657
G1 X105.381 Y92.733 E6.25262
G1 X106.071 Y92.772 E6.27976
G1 X106.6 Y92.83 E6.30066
G1 X107.657 Y93.016 E6.3428
G1 X108.693 Y93.294 E6.38492
G1 X109.196 Y93.465 E6.40578
G1 X110.188 Y93.875 E6.44793
G1 X111.137 Y94.37 E6.48996
G1 X112.043 Y94.946 E6.53211
G1 X112.471 Y95.26 E6.55295
G1 X113.177 Y95.848 E6.58903
G1 X113.68 Y96.321 E6.61614
G1 X114.048 Y96.705 E6.63702
G1 X114.738 Y97.528 E6.67919
G1 X115.352 Y98.405 E6.72123
G1 X115.889 Y99.334 E6.76336
G1 X116.124 Y99.81 E6.7842
G1 X116.535 Y100.802 E6.82636
G1 X116.819 Y101.703 E6.86345
G1 X116.955 Y102.224 E6.88459
G1 X117.165 Y103.402 E6.93157
G1 X117.235 Y104.035 E6.95658
G1 X117.263 Y104.59 E6.9784
G1 X117.263 Y105.535 E7.01551
G1 X117.17 Y106.605 E7.05768
G1 X117.089 Y107.129 E7.0785
G1 X116.857 Y108.177 E7.12065
G1 X116.535 Y109.198 E7.16269
G1 X116.125 Y110.188 E7.20476
G1 X115.63 Y111.137 E7.24679
G1 X115.054 Y112.043 E7.28894
G1 X114.74 Y112.471 E7.30978
G1 X114.05 Y113.293 E7.35192
G1 X113.293 Y114.05 E7.39396
G1 X112.472 Y114.738 E7.43602
G1 X111.595 Y115.352 E7.47806
G1 X110.666 Y115.889 E7.52019
G1 X110.19 Y116.124 E7.54103
G1 X109.198 Y116.535 E7.58319
G1 X108.175 Y116.857 E7.6253
G1 X107.659 Y116.983 E7.64616
G1 X106.602 Y117.17 E7.68831
G1 X105.535 Y117.263 E7.73036
G1 X104.465 Y117.263 E7.77237
G1 X103.398 Y117.17 E7.81442
G1 X102.341 Y116.983 E7.85657
G1 X101.825 Y116.857 E7.87743
G1 X100.802 Y116.535 E7.91954
G1 X99.812 Y116.125 E7.96161
G1 X98.863 Y115.63 E8.00364
G1 X97.959 Y115.055 E8.04571
G1 X97.11 Y114.403 E8.08774
G1 X96.319 Y113.678 E8.12987
G1 X95.952 Y113.295 E8.1507
G1 X95.26 Y112.471 E8.19295
G1 X94.946 Y112.042 E8.21382
G1 X94.45 Y111.269 E8.24988
G1 X94.111 Y110.667 E8.27701
G1 X93.876 Y110.19 E8.29789
G1 X93.465 Y109.198 E8.34005
G1 X93.143 Y108.175 E8.38216
G1 X93.017 Y107.659 E8.40302
G1 X92.83 Y106.602 E8.44517
G1 X92.737 Y105.535 E8.48722
G1 X92.737 Y104.465 E8.52923
G1 X92.83 Y103.398 E8.57128
G1 X93.017 Y102.341 E8.61343
G1 X93.143 Y101.825 E8.63429
G1 X93.416 Y100.948 E8.67035
G1 X93.66 Y100.302 E8.69746
G1 X93.874 Y99.815 E8.71835
G1 X94.37 Y98.863 E8.7605
G1 X94.55 Y98.579 E8.7737
G1 X94.765 Y98.242 F7800
;LAYER_CHANGE
;Z:2.55
;HEIGHT:0.2
G92 E0
G1 Z2.55 F7800
G1 X104.333 Y110.235
;TYPE:Perimeter
G1 F884.349
G1 X104.169 Y110.22 E.00647
G1 X103.605 Y110.095 E.02915
G1 X102.642 Y109.73 E.06959
G1 X101.859 Y109.251 E.10563
G1 X101.309 Y108.786 E.13391
G1 X100.721 Y108.104 E.16927
G1 X100.271 Y107.362 E.20334
G1 X99.986 Y106.674 E.23258
G1 X99.839 Y106.121 E.25505
G1 X99.779 Y105.823 E.26699
G1 X99.715 Y105.089 E.29592
G1 X99.779 Y104.177 E.33182
G1 X100.071 Y103.101 E.3756
G1 X100.473 Y102.308 E.41051
G1 X100.721 Y101.896 E.42939
G1 X101.2 Y101.325 E.45865
G1 X101.707 Y100.864 E.48556
G1 X102.177 Y100.548 E.5078
G1 X102.638 Y100.271 E.52892
G1 X103.326 Y99.986 E.55816
G1 X104.215 Y99.773 E.59405
G1 X105.329 Y99.728 E.63783
G1 X106.275 Y99.871 E.6754
G1 X106.962 Y100.09 E.70371
G1 X107.692 Y100.473 E.73608
G1 X108.104 Y100.721 E.75496
G1 X108.675 Y101.2 E.78422
G1 X109.274 Y101.89 E.8201
G1 X109.724 Y102.668 E.85539
G1 X109.923 Y103.081 E.87339
G1 X110.184 Y103.973 E.90988
G1 X110.276 Y104.801 E.94259
G1 X110.25 Y105.624 E.97492
G1 X110.069 Y106.498 E1.00997
G1 X109.732 Y107.355 E1.04613
G1 X109.369 Y107.978 E1.07444
G1 X108.805 Y108.669 E1.10946
G1 X108.11 Y109.274 E1.14564
G1 X107.501 Y109.659 E1.17393
G1 X106.681 Y110.011 E1.20897
G1 X106.011 Y110.19 E1.2362
G1 X105.403 Y110.257 E1.26022
G1 X104.904 Y110.285 E1.27984
G1 X104.393 Y110.24 E1.29998
G1 X104.378 Y109.83 F7800
G1 F884.349
G1 X104.205 Y109.815 E1.3068
G1 X103.701 Y109.7 E1.3271
G1 X102.796 Y109.354 E1.36514
G1 X102.078 Y108.908 E1.39833
G1 X101.577 Y108.48 E1.4242
G1 X101.033 Y107.842 E1.45712
G1 X100.689 Y107.289 E1.48269
G1 X100.365 Y106.525 E1.51527
G1 X100.234 Y106.025 E1.53556
G1 X100.121 Y105.06 E1.57371
G1 X100.184 Y104.212 E1.6071
G1 X100.461 Y103.215 E1.64773
G1 X100.83 Y102.504 E1.67918
G1 X101.033 Y102.158 E1.69493
G1 X101.512 Y101.587 E1.72419
G1 X101.976 Y101.169 E1.74871
G1 X102.794 Y100.647 E1.78681
G1 X103.482 Y100.362 E1.81605
G1 X104.303 Y100.171 E1.84915
G1 X105.338 Y100.135 E1.88981
G1 X106.204 Y100.271 E1.92423
G1 X106.831 Y100.475 E1.95012
G1 X107.842 Y101.033 E1.99546
G1 X108.413 Y101.512 E2.02472
G1 X108.962 Y102.152 E2.05783
G1 X109.367 Y102.863 E2.08996
G1 X109.533 Y103.195 E2.10453
G1 X109.793 Y104.087 E2.14101
G1 X109.87 Y104.836 E2.17057
G1 X109.844 Y105.597 E2.20047
G1 X109.671 Y106.41 E2.23311
G1 X109.356 Y107.199 E2.26647
G1 X109.021 Y107.767 E2.29236
G1 X108.493 Y108.407 E2.32494
G1 X107.848 Y108.962 E2.35835
G1 X107.289 Y109.311 E2.38423
G1 X106.525 Y109.635 E2.41681
G1 X105.913 Y109.794 E2.44164
G1 X104.94 Y109.879 E2.47999
G1 X104.438 Y109.835 E2.49978
G1 X104.422 Y109.423 F7800
;TYPE:External perimeter
G1 F884.349
G1 X104.248 Y109.41 E2.50663
G1 X103.692 Y109.279 E2.52906
G1 X102.95 Y108.977 E2.56052
G1 X102.296 Y108.564 E2.59089
G1 X101.846 Y108.174 E2.61427
G1 X101.345 Y107.581 E2.64475
G1 X101.037 Y107.078 E2.66791
G1 X100.741 Y106.369 E2.69808
G1 X100.596 Y105.79 E2.72152
G1 X100.526 Y105.025 E2.75168
G1 X100.59 Y104.248 E2.78229
G1 X100.852 Y103.329 E2.81981
G1 X101.345 Y102.419 E2.86045
G1 X101.824 Y101.849 E2.88968
G1 X102.245 Y101.475 E2.91179
G1 X102.918 Y101.04 E2.94325
G1 X103.61 Y100.75 E2.97271
G1 X104.391 Y100.568 E3.0042
G1 X105.346 Y100.542 E3.04171
G1 X106.134 Y100.672 E3.07307
G1 X106.7 Y100.861 E3.0965
G1 X107.581 Y101.345 E3.13597
G1 X108.151 Y101.824 E3.1652
G1 X108.65 Y102.414 E3.19554
G1 X109.142 Y103.309 E3.23564
G1 X109.402 Y104.201 E3.27212
G1 X109.465 Y104.872 E3.29858
G1 X109.438 Y105.571 E3.32605
G1 X109.274 Y106.322 E3.35623
G1 X108.98 Y107.044 E3.38684
G1 X108.673 Y107.555 E3.41025
G1 X108.181 Y108.146 E3.44044
G1 X107.586 Y108.65 E3.47106
G1 X107.078 Y108.963 E3.49449
G1 X106.369 Y109.259 E3.52466
G1 X105.816 Y109.399 E3.54706
G1 X105.056 Y109.471 E3.57703
G1 X104.482 Y109.428 E3.59963
G1 X104.087 Y109.367 F7800
G92 E0
G1 X95.279 Y98.951
;TYPE:Perimeter
G1 F884.349
G1 X95.564 Y98.503 E.02085
G1 X95.902 Y98.031 E.04364
G1 X96.445 Y97.379 E.07696
G1 X96.843 Y96.954 E.09982
G1 X97.249 Y96.558 E.12209
G1 X98.024 Y95.908 E.16181
G1 X98.843 Y95.335 E.20106
G1 X99.71 Y94.834 E.24038
G1 X100.467 Y94.477 E.27324
G1 X101.075 Y94.233 E.29896
G1 X102.034 Y93.931 E.33844
G1 X103.01 Y93.714 E.3777
G1 X103.912 Y93.595 E.41342
G1 X104.491 Y93.551 E.43622
G1 X105.339 Y93.547 E.46952
G1 X105.921 Y93.579 E.49241
G1 X106.485 Y93.636 E.51467
G1 X107.48 Y93.812 E.55434
G1 X108.446 Y94.071 E.59361
G1 X109.301 Y94.382 E.62933
G1 X109.833 Y94.609 E.65204
G1 X110.73 Y95.075 E.69173
G1 X111.498 Y95.564 E.72748
G1 X111.968 Y95.901 E.75019
G1 X112.742 Y96.551 E.78988
G1 X113.449 Y97.258 E.82914
G1 X114.092 Y98.024 E.86841
G1 X114.665 Y98.843 E.90766
G1 X115.12 Y99.63 E.94335
G1 X115.382 Y100.146 E.96607
G1 X115.769 Y101.08 E1.00577
G1 X116.029 Y101.905 E1.03973
G1 X116.304 Y103.121 E1.08868
G1 X116.372 Y103.618 E1.10838
G1 X116.445 Y104.542 E1.14477
G1 X116.45 Y105.489 E1.18195
G1 X116.37 Y106.406 E1.21809
G1 X116.288 Y106.979 E1.24082
G1 X116.069 Y107.966 E1.28052
G1 X115.769 Y108.92 E1.31979
G1 X115.386 Y109.843 E1.35903
G1 X114.925 Y110.73 E1.39828
G1 X114.436 Y111.497 E1.434
G1 X114.099 Y111.968 E1.45674
G1 X113.449 Y112.742 E1.49643
G1 X112.742 Y113.449 E1.53569
G1 X111.976 Y114.092 E1.57496
G1 X111.157 Y114.665 E1.61421
G1 X110.369 Y115.12 E1.64994
G1 X109.854 Y115.382 E1.67263
G1 X108.92 Y115.769 E1.71233
G1 X107.966 Y116.069 E1.7516
G1 X106.99 Y116.286 E1.79086
G1 X106.088 Y116.405 E1.82658
G1 X105.511 Y116.449 E1.8493
G1 X104.5 Y116.449 E1.889
G1 X103.504 Y116.362 E1.92826
G1 X102.608 Y116.204 E1.96398
G1 X102.045 Y116.073 E1.98668
G1 X101.08 Y115.769 E2.02641
G1 X100.157 Y115.386 E2.06565
G1 X99.27 Y114.925 E2.1049
G1 X98.427 Y114.387 E2.14417
G1 X97.634 Y113.779 E2.18341
G1 X96.963 Y113.164 E2.21915
G1 X96.558 Y112.751 E2.24186
G1 X95.966 Y112.045 E2.27804
G1 X95.617 Y111.581 E2.30084
G1 X95.159 Y110.867 E2.33415
G1 X94.873 Y110.36 E2.35701
G1 X94.618 Y109.854 E2.37926
G1 X94.231 Y108.92 E2.41896
G1 X93.958 Y108.052 E2.45469
G1 X93.814 Y107.492 E2.47739
G1 X93.638 Y106.496 E2.5171
M73 P21 R24
G1 X93.551 Y105.5 E2.55636
G1 X93.551 Y104.5 E2.59562
G1 X93.638 Y103.504 E2.63488
G1 X93.796 Y102.608 E2.6706
G1 X93.928 Y102.043 E2.69338
G1 X94.179 Y101.233 E2.72668
G1 X94.384 Y100.688 E2.74954
G1 X94.609 Y100.167 E2.77182
G1 X95.075 Y99.27 E2.81151
G1 X95.246 Y99.002 E2.82399
G1 X94.931 Y98.74 F7800
G1 F884.349
G1 X95.283 Y98.187 E2.84973
G1 X95.581 Y97.78 E2.86954
G1 X96.139 Y97.109 E2.90381
G1 X96.611 Y96.606 E2.93089
G1 X96.977 Y96.255 E2.9508
G1 X97.776 Y95.585 E2.99174
G1 X98.624 Y94.991 E3.03239
G1 X99.521 Y94.473 E3.07306
G1 X100.304 Y94.104 E3.10705
G1 X100.938 Y93.849 E3.13388
G1 X101.929 Y93.537 E3.17467
G1 X102.939 Y93.313 E3.21529
G1 X103.973 Y93.177 E3.25624
G1 X104.477 Y93.144 E3.27607
G1 X105.349 Y93.14 E3.31031
G1 X106.038 Y93.178 E3.3374
G1 X106.542 Y93.233 E3.35731
G1 X107.569 Y93.414 E3.39826
G1 X108.569 Y93.682 E3.43891
G1 X109.548 Y94.038 E3.47981
G1 X110.009 Y94.241 E3.49959
G1 X110.934 Y94.723 E3.54054
G1 X111.813 Y95.283 E3.58146
G1 X112.219 Y95.581 E3.60123
G1 X113.017 Y96.251 E3.64214
G1 X113.75 Y96.983 E3.68281
G1 X114.415 Y97.776 E3.72345
G1 X115.009 Y98.624 E3.7641
G1 X115.53 Y99.526 E3.805
G1 X115.753 Y99.978 E3.82479
G1 X116.152 Y100.941 E3.86572
G1 X116.417 Y101.783 E3.90038
G1 X116.706 Y103.059 E3.95175
G1 X116.778 Y103.581 E3.97244
G1 X116.852 Y104.529 E4.00978
G1 X116.857 Y105.511 E4.04834
G1 X116.765 Y106.556 E4.08953
G1 X116.689 Y107.054 E4.10931
G1 X116.463 Y108.071 E4.15022
G1 X116.152 Y109.059 E4.19089
G1 X115.755 Y110.015 E4.23153
G1 X115.277 Y110.934 E4.2722
G1 X114.717 Y111.813 E4.31312
G1 X114.419 Y112.219 E4.33289
G1 X113.75 Y113.017 E4.37378
G1 X113.017 Y113.75 E4.41448
M73 P22 R24
M73 Q21 S24
G1 X112.224 Y114.415 E4.45512
G1 X111.376 Y115.009 E4.49577
G1 X110.474 Y115.53 E4.53667
G1 X110.022 Y115.753 E4.55646
G1 X109.059 Y116.152 E4.59739
M73 Q22 S24
G1 X108.071 Y116.463 E4.63806
G1 X107.061 Y116.687 E4.67868
G1 X106.027 Y116.823 E4.71963
G1 X105.525 Y116.856 E4.73938
G1 X104.482 Y116.856 E4.78033
G1 X103.451 Y116.766 E4.82097
G1 X102.425 Y116.585 E4.86188
G1 X101.935 Y116.465 E4.88169
G1 X100.941 Y116.152 E4.92261
G1 X99.985 Y115.755 E4.96325
G1 X99.066 Y115.277 E5.00392
G1 X98.193 Y114.721 E5.04456
G1 X97.372 Y114.091 E5.08519
G1 X96.603 Y113.387 E5.12613
G1 X96.255 Y113.023 E5.1459
G1 X95.581 Y112.219 E5.18709
G1 X95.282 Y111.812 E5.20692
G1 X94.81 Y111.078 E5.24118
G1 X94.472 Y110.477 E5.26825
G1 X94.247 Y110.022 E5.28818
G1 X93.848 Y109.059 E5.32911
G1 X93.535 Y108.065 E5.37003
G1 X93.415 Y107.575 E5.38984
G1 X93.234 Y106.549 E5.43075
G1 X93.144 Y105.518 E5.47139
G1 X93.144 Y104.482 E5.51207
G1 X93.234 Y103.451 E5.55271
G1 X93.415 Y102.425 E5.59362
G1 X93.535 Y101.934 E5.61347
G1 X93.794 Y101.1 E5.64776
G1 X94.037 Y100.455 E5.67482
G1 X94.241 Y99.991 E5.69472
G1 X94.723 Y99.066 E5.73567
G1 X94.898 Y98.79 E5.7485
G1 X94.582 Y98.529 F7800
;TYPE:External perimeter
G1 F884.349
G1 X94.946 Y97.957 E5.77512
G1 X95.26 Y97.529 E5.79596
G1 X95.834 Y96.839 E5.8312
G1 X96.321 Y96.319 E5.85917
G1 X96.705 Y95.952 E5.88003
G1 X97.528 Y95.262 E5.9222
G1 X98.405 Y94.648 E5.96424
G1 X99.333 Y94.112 E6.00632
G1 X100.142 Y93.73 E6.04145
G1 X100.801 Y93.466 E6.06932
G1 X101.823 Y93.143 E6.1114
G1 X102.869 Y92.912 E6.15346
G1 X103.933 Y92.772 E6.1956
G1 X104.463 Y92.737 E6.21646
G1 X105.36 Y92.733 E6.25168
G1 X106.071 Y92.772 E6.27964
G1 X106.6 Y92.83 E6.30054
G1 X107.657 Y93.016 E6.34268
G1 X108.691 Y93.293 E6.38471
G1 X109.7 Y93.66 E6.42687
G1 X110.185 Y93.874 E6.44768
G1 X111.137 Y94.37 E6.48983
G1 X112.043 Y94.946 E6.53198
G1 X112.471 Y95.26 E6.55282
G1 X113.293 Y95.95 E6.59496
G1 X114.05 Y96.707 E6.637
G1 X114.738 Y97.528 E6.67906
G1 X115.352 Y98.405 E6.7211
G1 X115.889 Y99.334 E6.76323
G1 X116.124 Y99.81 E6.78407
G1 X116.535 Y100.802 E6.82623
G1 X116.857 Y101.823 E6.86827
G1 X117.115 Y103.041 E6.91716
G1 X117.183 Y103.544 E6.93709
G1 X117.259 Y104.515 E6.97533
G1 X117.263 Y105.533 E7.0153
G1 X117.17 Y106.605 E7.05755
G1 X117.089 Y107.129 E7.07837
G1 X116.857 Y108.177 E7.12052
G1 X116.535 Y109.198 E7.16256
G1 X116.125 Y110.188 E7.20463
G1 X115.63 Y111.137 E7.24666
G1 X115.054 Y112.043 E7.28881
G1 X114.74 Y112.471 E7.30965
G1 X114.05 Y113.293 E7.35179
G1 X113.293 Y114.05 E7.39383
G1 X112.472 Y114.738 E7.43589
G1 X111.595 Y115.352 E7.47793
G1 X110.666 Y115.889 E7.52006
G1 X110.19 Y116.124 E7.5409
G1 X109.198 Y116.535 E7.58306
G1 X108.177 Y116.857 E7.6251
G1 X107.131 Y117.088 E7.66716
G1 X106.067 Y117.228 E7.7093
G1 X105.538 Y117.263 E7.73012
G1 X104.465 Y117.263 E7.77225
G1 X103.398 Y117.17 E7.8143
G1 X102.341 Y116.983 E7.85645
G1 X101.825 Y116.857 E7.87731
G1 X100.802 Y116.535 E7.91942
G1 X99.812 Y116.125 E7.96149
G1 X98.863 Y115.63 E8.00352
G1 X97.959 Y115.055 E8.04559
G1 X97.11 Y114.403 E8.08762
G1 X96.319 Y113.678 E8.12975
G1 X95.952 Y113.295 E8.15058
G1 X95.26 Y112.471 E8.19283
G1 X94.946 Y112.042 E8.2137
G1 X94.461 Y111.288 E8.2489
G1 X94.111 Y110.667 E8.27689
G1 X93.876 Y110.19 E8.29777
G1 X93.465 Y109.198 E8.33993
G1 X93.143 Y108.175 E8.38204
G1 X93.017 Y107.659 E8.4029
G1 X92.83 Y106.602 E8.44505
G1 X92.737 Y105.535 E8.4871
G1 X92.737 Y104.465 E8.52911
G1 X92.83 Y103.398 E8.57116
G1 X93.017 Y102.341 E8.61331
G1 X93.143 Y101.825 E8.63417
G1 X93.409 Y100.968 E8.6694
G1 X93.66 Y100.301 E8.69738
G1 X93.874 Y99.815 E8.71823
G1 X94.37 Y98.863 E8.76038
G1 X94.55 Y98.579 E8.77358
G1 X94.765 Y98.242 F7800
G92 E0
G1 X98.945 Y97.642
;TYPE:Internal infill
;WIDTH:0.45
;HEIGHT:0.4
G1 F494.289
G1 X98.076 Y96.263 E.1145
G1 X98.21 Y96.151 E.12677
G1 X99.007 Y95.593 E.19512
G1 X99.852 Y95.105 E.26367
G1 X101.178 Y94.521 E.36546
G1 X102.113 Y94.226 E.43433
G1 X103.217 Y93.995 E.51357
G1 X103.263 Y94.347 E.53851
G92 E0
G1 X108.947 Y95.749 F7800
G1 F494.289
G1 X109.372 Y94.749 E.07633
G1 X110.577 Y95.34 E.17061
G1 X111.41 Y95.871 E.24001
G1 X112.478 Y96.728 E.3362
G1 X113.224 Y97.464 E.40982
G1 X113.849 Y98.21 E.47819
G1 X114.407 Y99.007 E.54654
G1 X115.104 Y100.272 E.648
G1 X115.482 Y101.185 E.71742
G1 X115.774 Y102.113 E.78576
G1 X116.039 Y103.411 E.87882
G1 X116.118 Y104.185 E.93348
G1 X115.78 Y104.213 E.95731
G1 X112.492 Y100.093 E1.32761
G92 E0
G1 X114.581 Y103.793 F7800
G1 F494.289
G1 X115.588 Y104.146 E.07496
G92 E0
G1 X112.726 Y108.737 F7800
G1 F494.289
G1 X112.641 Y109.314 E.04097
G1 X111.699 Y111.161 E.18662
G1 X111.128 Y112.096 E.26358
G1 X112.005 Y113.6 E.38589
G1 X111.994 Y113.679 E.39149
G1 X110.993 Y114.407 E.47844
G1 X109.728 Y115.104 E.5799
G1 X108.815 Y115.482 E.64932
G1 X107.887 Y115.774 E.71766
G1 X106.213 Y116.08 E.83721
G1 X104.855 Y116.144 E.93271
G1 X105.19 Y113.917 E1.09092
G92 E0
G1 X97.825 Y108.907 F7800
G1 F494.289
G1 X97.436 Y109.921 E.07629
G92 E0
G1 X99.276 Y111.784 F7800
G1 F494.289
G1 X96.687 Y106.066 E.44094
G1 X96.424 Y105.345 E.49485
G1 X96.23 Y104.455 E.55884
G1 X95.31 Y101.584 E.77063
G1 X94.489 Y101.275 E.83225
G1 X94.113 Y102.571 E.92705
G1 X93.932 Y103.648 E1.00377
;LAYER_CHANGE
;Z:2.75
;HEIGHT:0.2
G92 E0
G1 Z2.75 F7800
G1 X104.333 Y110.235
;TYPE:Perimeter
;WIDTH:0.449999
G1 F884.349
G1 X104.169 Y110.22 E.00647
G1 X103.081 Y109.923 E.05075
G1 X102.241 Y109.509 E.08752
G1 X101.677 Y109.112 E.1146
G1 X101.232 Y108.687 E.13876
G1 X100.887 Y108.319 E.15857
G1 X100.365 Y107.538 E.19545
G1 X99.989 Y106.681 E.2322
G1 X99.839 Y106.121 E.25496
G1 X99.779 Y105.823 E.2669
G1 X99.715 Y105.089 E.29583
G1 X99.779 Y104.177 E.33173
G1 X100.077 Y103.08 E.37636
G1 X100.473 Y102.308 E.41043
G1 X100.721 Y101.896 E.42931
G1 X101.2 Y101.325 E.45857
G1 X101.728 Y100.846 E.48656
G1 X102.593 Y100.291 E.52691
G1 X103.3 Y99.997 E.55697
G1 X104.215 Y99.773 E.59396
G1 X104.809 Y99.72 E.61738
G1 X105.496 Y99.752 E.64438
G1 X106.085 Y99.829 E.6677
G1 X106.572 Y99.95 E.6874
G1 X107.347 Y100.265 E.72025
G1 X107.978 Y100.631 E.74889
G1 X108.575 Y101.117 E.77912
G1 X108.8 Y101.325 E.79115
G1 X109.279 Y101.896 E.82041
G1 X109.724 Y102.668 E.8554
G1 X109.941 Y103.13 E.87544
G1 X110.11 Y103.633 E.89628
G1 X110.253 Y104.424 E.92784
G1 X110.273 Y105.365 E.9648
G1 X110.072 Y106.483 E1.0094
G1 X109.732 Y107.355 E1.04615
G1 X109.369 Y107.978 E1.07446
G1 X108.805 Y108.669 E1.10948
G1 X108.11 Y109.274 E1.14566
G1 X107.501 Y109.659 E1.17395
G1 X106.681 Y110.011 E1.20899
G1 X106.014 Y110.189 E1.2361
G1 X105.402 Y110.257 E1.26028
G1 X104.904 Y110.285 E1.27986
G1 X104.393 Y110.24 E1.3
G1 X104.378 Y109.83 F7800
G1 F884.349
G1 X104.199 Y109.814 E1.30706
G1 X103.195 Y109.533 E1.348
G1 X102.429 Y109.148 E1.38166
G1 X101.917 Y108.784 E1.40633
G1 X101.22 Y108.085 E1.44509
G1 X100.703 Y107.312 E1.4816
G1 X100.365 Y106.525 E1.51523
G1 X100.234 Y106.025 E1.53552
G1 X100.121 Y105.06 E1.57367
G1 X100.184 Y104.212 E1.60706
G1 X100.468 Y103.194 E1.64856
G1 X100.83 Y102.504 E1.67915
G1 X101.033 Y102.158 E1.6949
G1 X101.512 Y101.587 E1.72416
G1 X101.997 Y101.152 E1.74974
G1 X102.7 Y100.696 E1.78264
G1 X103.456 Y100.373 E1.81492
G1 X104.303 Y100.171 E1.84911
G1 X104.837 Y100.126 E1.87015
G1 X105.462 Y100.157 E1.89472
G1 X105.989 Y100.225 E1.91558
G1 X106.488 Y100.353 E1.93581
G1 X107.204 Y100.646 E1.96619
G1 X107.767 Y100.979 E1.99187
G1 X108.488 Y101.587 E2.0289
G1 X108.967 Y102.158 E2.05816
M73 P23 R24
G1 X109.367 Y102.863 E2.08999
G1 X109.556 Y103.261 E2.10729
G1 X109.716 Y103.738 E2.12704
G1 X109.852 Y104.494 E2.1572
G1 X109.866 Y105.365 E2.1914
G1 X109.673 Y106.404 E2.23289
G1 X109.356 Y107.199 E2.2665
M73 Q23 S24
G1 X109.021 Y107.767 E2.29239
G1 X108.493 Y108.407 E2.32497
G1 X107.848 Y108.962 E2.35838
G1 X107.289 Y109.311 E2.38426
G1 X106.525 Y109.635 E2.41684
G1 X105.917 Y109.794 E2.44152
G1 X104.94 Y109.879 E2.48003
G1 X104.438 Y109.835 E2.49982
G1 X104.422 Y109.423 F7800
;TYPE:External perimeter
G1 F884.349
G1 X104.24 Y109.409 E2.50699
G1 X103.308 Y109.142 E2.54506
G1 X102.617 Y108.786 E2.57558
G1 X102.157 Y108.455 E2.59783
G1 X101.61 Y107.915 E2.62801
G1 X101.042 Y107.085 E2.6675
G1 X100.741 Y106.369 E2.698
G1 X100.596 Y105.79 E2.72144
G1 X100.526 Y105.025 E2.7516
G1 X100.59 Y104.248 E2.78221
G1 X100.858 Y103.308 E2.82059
G1 X101.345 Y102.419 E2.86039
G1 X101.824 Y101.849 E2.88962
G1 X102.265 Y101.458 E2.91276
G1 X102.918 Y101.039 E2.94322
G1 X103.612 Y100.749 E2.97275
G1 X104.391 Y100.568 E3.00415
G1 X104.957 Y100.526 E3.02643
G1 X105.723 Y100.588 E3.05661
G1 X106.305 Y100.72 E3.08004
G1 X107.039 Y101.018 E3.11114
G1 X107.555 Y101.327 E3.13476
G1 X108.052 Y101.741 E3.16016
G1 X108.65 Y102.414 E3.19551
G1 X109.01 Y103.059 E3.22451
G1 X109.17 Y103.392 E3.23902
G1 X109.326 Y103.859 E3.25835
G1 X109.456 Y104.592 E3.28758
G1 X109.459 Y105.365 E3.31793
G1 X109.273 Y106.324 E3.35629
G1 X108.98 Y107.044 E3.38681
G1 X108.673 Y107.555 E3.41022
G1 X108.181 Y108.146 E3.44041
G1 X107.586 Y108.65 E3.47103
G1 X107.078 Y108.963 E3.49446
G1 X106.369 Y109.259 E3.52463
G1 X105.819 Y109.399 E3.54691
G1 X105.054 Y109.471 E3.57708
G1 X104.482 Y109.428 E3.5996
G1 X104.088 Y109.359 F7800
G92 E0
G1 X95.279 Y98.951
;TYPE:Perimeter
G1 F884.349
G1 X95.564 Y98.503 E.02085
G1 X95.903 Y98.03 E.0437
G1 X96.431 Y97.394 E.07616
G1 X96.842 Y96.954 E.0998
G1 X97.249 Y96.558 E.1221
G1 X98.024 Y95.908 E.16182
G1 X98.843 Y95.335 E.20107
G1 X99.711 Y94.834 E.24042
G1 X100.448 Y94.485 E.27244
G1 X101.075 Y94.233 E.29897
G1 X102.034 Y93.931 E.33845
G1 X103.01 Y93.714 E.37771
G1 X103.912 Y93.595 E.41343
G1 X104.491 Y93.551 E.43623
G1 X105.318 Y93.547 E.4687
G1 X105.919 Y93.579 E.49233
G1 X106.485 Y93.636 E.51467
G1 X107.48 Y93.812 E.55434
G1 X108.449 Y94.071 E.59372
G1 X109.216 Y94.346 E.62571
G1 X109.838 Y94.611 E.65226
G1 X110.73 Y95.075 E.69174
G1 X111.498 Y95.564 E.72749
G1 X111.97 Y95.903 E.75031
G1 X112.606 Y96.431 E.78277
G1 X113.046 Y96.842 E.80641
G1 X113.442 Y97.249 E.82871
G1 X114.092 Y98.024 E.86843
G1 X114.665 Y98.843 E.90768
G1 X115.12 Y99.63 E.94337
G1 X115.382 Y100.146 E.96609
G1 X115.769 Y101.081 E1.00582
G1 X116.07 Y102.036 E1.04514
G1 X116.251 Y102.832 E1.07719
G1 X116.361 Y103.499 E1.10373
G1 X116.449 Y104.635 E1.14847
G1 X116.449 Y105.5 E1.18243
G1 X116.37 Y106.406 E1.21814
G1 X116.288 Y106.979 E1.24087
G1 X116.069 Y107.966 E1.28057
G1 X115.769 Y108.92 E1.31984
G1 X115.386 Y109.843 E1.35908
G1 X114.925 Y110.73 E1.39833
G1 X114.436 Y111.497 E1.43405
G1 X114.099 Y111.968 E1.45679
G1 X113.449 Y112.742 E1.49648
G1 X112.742 Y113.449 E1.53574
G1 X111.976 Y114.092 E1.57501
G1 X111.157 Y114.665 E1.61426
G1 X110.369 Y115.12 E1.64999
G1 X109.854 Y115.382 E1.67268
G1 X108.92 Y115.769 E1.71238
G1 X107.966 Y116.069 E1.75165
G1 X106.99 Y116.286 E1.79091
G1 X106.088 Y116.405 E1.82663
G1 X105.511 Y116.449 E1.84935
G1 X104.5 Y116.449 E1.88905
G1 X103.594 Y116.37 E1.92476
G1 X103.021 Y116.288 E1.94749
G1 X102.034 Y116.069 E1.98719
G1 X101.08 Y115.769 E2.02646
G1 X100.157 Y115.386 E2.0657
G1 X99.27 Y114.925 E2.10495
G1 X98.427 Y114.387 E2.14422
G1 X97.634 Y113.779 E2.18346
G1 X96.963 Y113.164 E2.2192
G1 X96.558 Y112.751 E2.24191
G1 X95.966 Y112.045 E2.27809
G1 X95.617 Y111.581 E2.30089
G1 X95.17 Y110.885 E2.33337
G1 X94.874 Y110.361 E2.357
G1 X94.618 Y109.854 E2.3793
G1 X94.231 Y108.92 E2.419
G1 X93.958 Y108.052 E2.45473
G1 X93.814 Y107.492 E2.47743
G1 X93.638 Y106.496 E2.51714
G1 X93.551 Y105.5 E2.5564
G1 X93.551 Y104.5 E2.59566
G1 X93.638 Y103.504 E2.63492
G1 X93.796 Y102.608 E2.67064
G1 X93.927 Y102.045 E2.69334
G1 X94.231 Y101.08 E2.73307
G1 X94.614 Y100.157 E2.77231
G1 X95.075 Y99.27 E2.81156
G1 X95.246 Y99.002 E2.82404
G1 X94.931 Y98.74 F7800
G1 F884.349
G1 X95.283 Y98.187 E2.84978
G1 X95.582 Y97.78 E2.86961
G1 X96.125 Y97.125 E2.90302
G1 X96.611 Y96.606 E2.93094
G1 X96.977 Y96.255 E2.95085
G1 X97.776 Y95.585 E2.99179
G1 X98.624 Y94.991 E3.03244
G1 X99.522 Y94.473 E3.07315
G1 X100.285 Y94.112 E3.10629
G1 X100.938 Y93.849 E3.13393
G1 X101.929 Y93.537 E3.17472
G1 X102.939 Y93.313 E3.21534
G1 X103.973 Y93.177 E3.25629
G1 X104.477 Y93.144 E3.27612
G1 X105.328 Y93.14 E3.30953
G1 X106.038 Y93.178 E3.33745
G1 X106.542 Y93.233 E3.35736
G1 X107.569 Y93.414 E3.39831
G1 X108.57 Y93.682 E3.439
G1 X109.365 Y93.967 E3.47216
G1 X110.013 Y94.243 E3.49982
G1 X110.934 Y94.723 E3.5406
G1 X111.813 Y95.283 E3.58152
G1 X112.22 Y95.582 E3.60135
G1 X112.875 Y96.125 E3.63476
G1 X113.394 Y96.611 E3.66268
G1 X113.745 Y96.977 E3.68259
G1 X114.415 Y97.776 E3.72353
G1 X115.009 Y98.624 E3.76418
G1 X115.53 Y99.526 E3.80508
G1 X115.753 Y99.978 E3.82487
G1 X116.152 Y100.941 E3.8658
G1 X116.463 Y101.93 E3.90651
G1 X116.65 Y102.753 E3.93965
G1 X116.766 Y103.448 E3.96732
G1 X116.856 Y104.635 E4.01406
G1 X116.856 Y105.518 E4.04873
G1 X116.765 Y106.556 E4.08964
G1 X116.689 Y107.054 E4.10942
G1 X116.463 Y108.071 E4.15033
G1 X116.152 Y109.059 E4.191
G1 X115.755 Y110.015 E4.23164
G1 X115.277 Y110.934 E4.27231
G1 X114.717 Y111.813 E4.31323
G1 X114.419 Y112.219 E4.333
G1 X113.75 Y113.017 E4.37389
G1 X113.017 Y113.75 E4.41459
G1 X112.224 Y114.415 E4.45523
G1 X111.376 Y115.009 E4.49588
G1 X110.474 Y115.53 E4.53678
G1 X110.022 Y115.753 E4.55657
G1 X109.059 Y116.152 E4.5975
G1 X108.071 Y116.463 E4.63817
G1 X107.061 Y116.687 E4.67879
G1 X106.027 Y116.823 E4.71974
G1 X105.525 Y116.856 E4.73949
G1 X104.482 Y116.856 E4.78044
G1 X103.444 Y116.765 E4.82135
G1 X102.946 Y116.689 E4.84113
G1 X101.929 Y116.463 E4.88204
G1 X100.941 Y116.152 E4.92271
G1 X99.985 Y115.755 E4.96335
G1 X99.066 Y115.277 E5.00402
G1 X98.193 Y114.721 E5.04466
G1 X97.372 Y114.091 E5.08529
G1 X96.603 Y113.387 E5.12623
G1 X96.255 Y113.023 E5.146
G1 X95.581 Y112.219 E5.18719
G1 X95.282 Y111.811 E5.20705
G1 X94.821 Y111.096 E5.24045
G1 X94.472 Y110.477 E5.26835
G1 X94.247 Y110.022 E5.28828
G1 X93.848 Y109.059 E5.32921
G1 X93.535 Y108.065 E5.37013
G1 X93.415 Y107.575 E5.38994
G1 X93.234 Y106.549 E5.43085
G1 X93.144 Y105.518 E5.47149
G1 X93.144 Y104.482 E5.51217
G1 X93.234 Y103.451 E5.55281
G1 X93.415 Y102.425 E5.59372
G1 X93.535 Y101.935 E5.61353
G1 X93.848 Y100.941 E5.65445
G1 X94.245 Y99.985 E5.69509
G1 X94.723 Y99.066 E5.73576
G1 X94.898 Y98.79 E5.74859
G1 X94.582 Y98.529 F7800
;TYPE:External perimeter
G1 F884.349
G1 X94.946 Y97.957 E5.77521
G1 X95.261 Y97.529 E5.79608
G1 X95.82 Y96.856 E5.83043
G1 X96.321 Y96.319 E5.85927
G1 X96.705 Y95.952 E5.88013
G1 X97.528 Y95.262 E5.9223
G1 X98.405 Y94.648 E5.96434
G1 X99.333 Y94.112 E6.00642
G1 X100.122 Y93.739 E6.04069
G1 X100.801 Y93.466 E6.06942
G1 X101.823 Y93.143 E6.1115
G1 X102.869 Y92.912 E6.15356
G1 X103.933 Y92.772 E6.1957
G1 X104.463 Y92.737 E6.21656
G1 X105.338 Y92.733 E6.25092
G1 X106.071 Y92.772 E6.27974
G1 X106.6 Y92.83 E6.30064
G1 X107.657 Y93.016 E6.34278
G1 X108.692 Y93.293 E6.38485
G1 X109.513 Y93.588 E6.4191
G1 X110.187 Y93.875 E6.44786
G1 X111.137 Y94.37 E6.48992
G1 X112.043 Y94.946 E6.53207
G1 X112.471 Y95.261 E6.55294
G1 X113.144 Y95.82 E6.58729
G1 X113.681 Y96.321 E6.61613
G1 X114.048 Y96.705 E6.63699
G1 X114.738 Y97.528 E6.67916
G1 X115.352 Y98.405 E6.7212
G1 X115.889 Y99.334 E6.76333
G1 X116.124 Y99.81 E6.78417
G1 X116.535 Y100.802 E6.82633
G1 X116.857 Y101.824 E6.8684
G1 X117.05 Y102.675 E6.90266
G1 X117.17 Y103.397 E6.9314
G1 X117.263 Y104.635 E6.98015
G1 X117.263 Y105.535 E7.01549
G1 X117.17 Y106.605 E7.05766
G1 X117.089 Y107.129 E7.07848
G1 X116.857 Y108.177 E7.12063
G1 X116.535 Y109.198 E7.16267
G1 X116.125 Y110.188 E7.20474
G1 X115.63 Y111.137 E7.24677
G1 X115.054 Y112.043 E7.28892
G1 X114.74 Y112.471 E7.30976
G1 X114.05 Y113.293 E7.3519
G1 X113.293 Y114.05 E7.39394
G1 X112.472 Y114.738 E7.436
G1 X111.595 Y115.352 E7.47804
G1 X110.666 Y115.889 E7.52017
G1 X110.19 Y116.124 E7.54101
G1 X109.198 Y116.535 E7.58317
G1 X108.177 Y116.857 E7.62521
G1 X107.132 Y117.088 E7.66723
G1 X106.067 Y117.228 E7.70941
G1 X105.538 Y117.263 E7.73023
G1 X104.465 Y117.263 E7.77236
G1 X103.395 Y117.17 E7.81453
G1 X102.871 Y117.089 E7.83535
G1 X101.823 Y116.857 E7.8775
G1 X100.802 Y116.535 E7.91954
G1 X99.812 Y116.125 E7.96161
G1 X98.863 Y115.63 E8.00364
G1 X97.959 Y115.055 E8.04571
G1 X97.11 Y114.403 E8.08774
G1 X96.319 Y113.678 E8.12987
G1 X95.952 Y113.295 E8.1507
G1 X95.26 Y112.471 E8.19295
G1 X94.946 Y112.042 E8.21382
G1 X94.472 Y111.306 E8.24819
G1 X94.111 Y110.667 E8.27701
G1 X93.876 Y110.19 E8.29789
G1 X93.465 Y109.198 E8.34005
G1 X93.143 Y108.175 E8.38216
G1 X93.017 Y107.659 E8.40302
G1 X92.83 Y106.602 E8.44517
G1 X92.737 Y105.535 E8.48722
G1 X92.737 Y104.465 E8.52923
G1 X92.83 Y103.398 E8.57128
G1 X93.017 Y102.341 E8.61343
G1 X93.143 Y101.825 E8.63429
G1 X93.465 Y100.802 E8.6764
G1 X93.875 Y99.812 E8.71847
G1 X94.37 Y98.863 E8.7605
G1 X94.55 Y98.579 E8.7737
G1 X94.765 Y98.242 F7800
;LAYER_CHANGE
;Z:2.95
;HEIGHT:0.2
G92 E0
G1 Z2.95 F7800
G1 X104.333 Y110.235
;TYPE:Perimeter
G1 F884.349
G1 X104.169 Y110.22 E.00647
G1 X103.568 Y110.085 E.03066
G1 X102.645 Y109.732 E.06946
G1 X101.859 Y109.251 E.10564
G1 X101.196 Y108.645 E.14091
G1 X100.881 Y108.311 E.15894
G1 X100.365 Y107.538 E.19543
G1 X99.989 Y106.681 E.23218
G1 X99.747 Y105.571 E.27679
G1 X99.727 Y104.635 E.31355
G1 X99.804 Y104.041 E.33707
G1 X99.985 Y103.377 E.36409
G1 X100.152 Y102.894 E.38416
G1 X100.721 Y101.896 E.42927
G1 X101.2 Y101.325 E.45853
M73 P24 R24
G1 X101.702 Y100.868 E.48519
G1 X102.179 Y100.547 E.50777
G1 X102.638 Y100.271 E.5288
G1 X103.326 Y99.986 E.55804
G1 X104.215 Y99.773 E.59393
G1 X104.812 Y99.72 E.61746
G1 X105.499 Y99.752 E.64446
M73 Q24 S24
G1 X106.086 Y99.83 E.66771
G1 X106.602 Y99.961 E.68861
G1 X107.072 Y100.152 E.70853
G1 X107.583 Y100.391 E.73068
G1 X108.043 Y100.674 E.75189
G1 X108.8 Y101.325 E.79109
G1 X109.279 Y101.896 E.82035
G1 X109.724 Y102.668 E.85534
G1 X109.923 Y103.081 E.87334
G1 X110.184 Y103.973 E.90983
G1 X110.285 Y104.904 E.9466
G1 X110.25 Y105.624 E.9749
G1 X110.069 Y106.498 E1.00995
G1 X109.732 Y107.355 E1.04611
G1 X109.369 Y107.978 E1.07442
G1 X108.805 Y108.669 E1.10944
G1 X108.11 Y109.274 E1.14562
G1 X107.332 Y109.724 E1.18091
G1 X106.919 Y109.923 E1.19891
G1 X106.026 Y110.184 E1.23544
G1 X105.415 Y110.257 E1.2596
G1 X104.911 Y110.285 E1.27942
G1 X104.393 Y110.24 E1.29984
G1 X104.378 Y109.83 F7800
G1 F884.349
G1 X104.199 Y109.814 E1.3069
G1 X103.664 Y109.69 E1.32846
G1 X102.801 Y109.356 E1.36479
G1 X102.078 Y108.908 E1.39819
G1 X101.477 Y108.351 E1.43036
G1 X101.22 Y108.085 E1.44488
G1 X100.703 Y107.312 E1.48139
G1 X100.365 Y106.525 E1.51502
G1 X100.146 Y105.491 E1.55652
G1 X100.134 Y104.635 E1.59013
G1 X100.207 Y104.102 E1.61125
G1 X100.373 Y103.497 E1.63588
G1 X100.518 Y103.071 E1.65355
G1 X100.966 Y102.256 E1.69007
G1 X101.417 Y101.7 E1.71818
G1 X101.971 Y101.173 E1.7482
G1 X102.794 Y100.647 E1.78655
G1 X103.482 Y100.362 E1.81579
G1 X104.303 Y100.171 E1.84889
G1 X104.839 Y100.126 E1.87001
G1 X105.466 Y100.158 E1.89466
G1 X105.99 Y100.225 E1.9154
G1 X106.485 Y100.352 E1.93547
G1 X107.204 Y100.646 E1.96597
G1 X107.767 Y100.979 E1.99165
G1 X108.488 Y101.587 E2.02868
G1 X108.967 Y102.158 E2.05794
G1 X109.367 Y102.863 E2.08977
G1 X109.533 Y103.195 E2.10434
G1 X109.793 Y104.087 E2.14082
G1 X109.879 Y104.94 E2.17448
G1 X109.844 Y105.597 E2.20031
G1 X109.671 Y106.41 E2.23295
G1 X109.356 Y107.199 E2.26631
G1 X109.021 Y107.767 E2.2922
G1 X108.493 Y108.407 E2.32478
G1 X107.848 Y108.962 E2.35819
G1 X107.137 Y109.367 E2.39032
G1 X106.805 Y109.533 E2.40489
G1 X105.913 Y109.793 E2.44137
G1 X104.94 Y109.879 E2.47972
G1 X104.438 Y109.835 E2.49951
G1 X104.422 Y109.423 F7800
;TYPE:External perimeter
G1 F884.349
G1 X104.24 Y109.409 E2.50668
G1 X103.667 Y109.272 E2.52981
G1 X102.956 Y108.98 E2.55999
G1 X102.296 Y108.564 E2.59062
G1 X101.558 Y107.859 E2.63069
G1 X101.042 Y107.085 E2.66722
G1 X100.741 Y106.369 E2.69772
G1 X100.545 Y105.412 E2.73608
G1 X100.541 Y104.635 E2.76659
G1 X100.622 Y104.076 E2.78877
G1 X100.849 Y103.337 E2.81912
G1 X101.187 Y102.7 E2.84743
G1 X101.345 Y102.419 E2.86009
G1 X101.824 Y101.849 E2.88932
G1 X102.24 Y101.479 E2.91118
G1 X102.918 Y101.04 E2.94289
G1 X103.614 Y100.748 E2.97253
G1 X104.391 Y100.568 E3.00385
G1 X104.954 Y100.526 E3.02602
G1 X105.725 Y100.588 E3.05639
G1 X106.302 Y100.719 E3.07962
G1 X107.018 Y101.01 E3.10997
G1 X107.555 Y101.327 E3.13445
G1 X108.038 Y101.729 E3.15912
G1 X108.65 Y102.414 E3.19519
G1 X109.142 Y103.309 E3.23529
G1 X109.402 Y104.201 E3.27177
G1 X109.474 Y104.975 E3.30229
G1 X109.438 Y105.571 E3.32573
G1 X109.274 Y106.322 E3.35591
G1 X108.98 Y107.044 E3.38652
G1 X108.673 Y107.555 E3.40993
G1 X108.181 Y108.146 E3.44012
G1 X107.586 Y108.65 E3.47074
G1 X106.691 Y109.142 E3.51084
G1 X105.799 Y109.402 E3.54732
G1 X105.07 Y109.47 E3.57607
G1 X104.482 Y109.427 E3.59922
G1 X104.087 Y109.367 F7800
G92 E0
G1 X95.279 Y98.951
;TYPE:Perimeter
G1 F884.349
G1 X95.564 Y98.503 E.02085
G1 X95.903 Y98.03 E.0437
G1 X96.417 Y97.41 E.07532
G1 X96.842 Y96.955 E.09977
G1 X97.249 Y96.558 E.12209
G1 X98.024 Y95.908 E.16181
G1 X98.843 Y95.335 E.20106
G1 X99.711 Y94.834 E.24041
G1 X100.429 Y94.494 E.2716
G1 X101.076 Y94.233 E.29899
G1 X102.034 Y93.931 E.33843
G1 X103.01 Y93.714 E.37769
G1 X103.912 Y93.595 E.41341
G1 X104.492 Y93.551 E.43625
G1 X105.297 Y93.546 E.46786
G1 X105.918 Y93.579 E.49228
G1 X106.485 Y93.636 E.51466
G1 X107.48 Y93.812 E.55433
G1 X108.446 Y94.071 E.5936
G1 X109.301 Y94.382 E.62932
G1 X109.833 Y94.609 E.65203
G1 X110.73 Y95.075 E.69172
G1 X111.498 Y95.564 E.72747
G1 X111.97 Y95.903 E.75029
G1 X112.59 Y96.417 E.78191
G1 X113.045 Y96.842 E.80636
G1 X113.442 Y97.249 E.82868
G1 X114.092 Y98.024 E.8684
G1 X114.665 Y98.843 E.90765
G1 X115.12 Y99.63 E.94334
G1 X115.382 Y100.146 E.96606
G1 X115.769 Y101.08 E1.00576
G1 X116.029 Y101.905 E1.03972
G1 X116.16 Y102.442 E1.06142
G1 X116.304 Y103.121 E1.08867
G1 X116.373 Y103.631 E1.10888
G1 X116.449 Y104.635 E1.14841
G1 X116.449 Y105.5 E1.18237
G1 X116.37 Y106.406 E1.21808
G1 X116.288 Y106.979 E1.24081
G1 X116.069 Y107.966 E1.28051
G1 X115.769 Y108.92 E1.31978
G1 X115.386 Y109.843 E1.35902
G1 X114.925 Y110.73 E1.39827
G1 X114.436 Y111.497 E1.43399
G1 X114.099 Y111.968 E1.45673
G1 X113.449 Y112.742 E1.49642
G1 X112.742 Y113.449 E1.53568
G1 X111.976 Y114.092 E1.57495
G1 X111.157 Y114.665 E1.6142
G1 X110.37 Y115.12 E1.64989
G1 X109.854 Y115.382 E1.67261
G1 X108.92 Y115.769 E1.71231
G1 X107.966 Y116.069 E1.75158
G1 X106.99 Y116.286 E1.79084
G1 X106.088 Y116.405 E1.82656
G1 X105.511 Y116.449 E1.84928
G1 X104.5 Y116.449 E1.88898
G1 X103.594 Y116.37 E1.92469
G1 X103.021 Y116.288 E1.94742
G1 X102.034 Y116.069 E1.98712
G1 X101.08 Y115.769 E2.02639
G1 X100.157 Y115.386 E2.06563
G1 X99.27 Y114.925 E2.10488
G1 X98.427 Y114.387 E2.14415
G1 X97.634 Y113.779 E2.18339
G1 X96.963 Y113.164 E2.21913
G1 X96.558 Y112.751 E2.24184
G1 X95.966 Y112.045 E2.27802
G1 X95.617 Y111.58 E2.30085
G1 X95.18 Y110.903 E2.33249
G1 X94.874 Y110.362 E2.35689
G1 X94.618 Y109.854 E2.37923
G1 X94.231 Y108.92 E2.41893
G1 X93.958 Y108.052 E2.45466
G1 X93.814 Y107.492 E2.47736
G1 X93.638 Y106.496 E2.51707
G1 X93.551 Y105.5 E2.55633
G1 X93.551 Y104.5 E2.59559
G1 X93.63 Y103.594 E2.6313
G1 X93.712 Y103.018 E2.65414
G1 X93.882 Y102.231 E2.68575
G1 X94.049 Y101.631 E2.7102
G1 X94.227 Y101.091 E2.73253
G1 X94.614 Y100.157 E2.77223
G1 X95.075 Y99.27 E2.81148
G1 X95.246 Y99.002 E2.82396
G1 X94.931 Y98.74 F7800
G1 F884.349
G1 X95.283 Y98.187 E2.8497
G1 X95.582 Y97.779 E2.86956
G1 X96.111 Y97.141 E2.9021
G1 X96.611 Y96.605 E2.93088
G1 X96.977 Y96.255 E2.95076
G1 X97.776 Y95.585 E2.9917
G1 X98.624 Y94.991 E3.03235
G1 X99.522 Y94.473 E3.07306
G1 X100.265 Y94.121 E3.10534
G1 X100.938 Y93.849 E3.13384
G1 X101.929 Y93.537 E3.17463
G1 X102.939 Y93.313 E3.21525
G1 X103.973 Y93.177 E3.2562
G1 X104.477 Y93.144 E3.27603
G1 X105.307 Y93.139 E3.30862
G1 X106.038 Y93.178 E3.33736
G1 X106.542 Y93.233 E3.35727
G1 X107.569 Y93.414 E3.39822
G1 X108.569 Y93.682 E3.43887
G1 X109.548 Y94.038 E3.47977
G1 X110.009 Y94.241 E3.49955
G1 X110.934 Y94.723 E3.5405
G1 X111.813 Y95.283 E3.58142
G1 X112.221 Y95.582 E3.60128
G1 X112.859 Y96.111 E3.63382
G1 X113.395 Y96.611 E3.6626
G1 X113.745 Y96.977 E3.68248
G1 X114.415 Y97.776 E3.72342
G1 X115.009 Y98.624 E3.76407
G1 X115.53 Y99.526 E3.80497
G1 X115.753 Y99.978 E3.82476
G1 X116.152 Y100.941 E3.86569
G1 X116.417 Y101.783 E3.90035
G1 X116.557 Y102.354 E3.92343
G1 X116.706 Y103.059 E3.95172
G1 X116.778 Y103.596 E3.97299
G1 X116.856 Y104.635 E4.0139
G1 X116.856 Y105.518 E4.04857
G1 X116.765 Y106.556 E4.08948
G1 X116.689 Y107.054 E4.10926
G1 X116.463 Y108.071 E4.15017
G1 X116.152 Y109.059 E4.19084
G1 X115.755 Y110.015 E4.23148
G1 X115.277 Y110.934 E4.27215
G1 X114.717 Y111.813 E4.31307
G1 X114.419 Y112.219 E4.33284
G1 X113.75 Y113.017 E4.37373
G1 X113.017 Y113.75 E4.41443
G1 X112.224 Y114.415 E4.45507
G1 X111.376 Y115.009 E4.49572
G1 X110.474 Y115.53 E4.53662
G1 X110.022 Y115.753 E4.55641
G1 X109.059 Y116.152 E4.59734
G1 X108.071 Y116.463 E4.63801
G1 X107.061 Y116.687 E4.67863
G1 X106.027 Y116.823 E4.71958
G1 X105.525 Y116.856 E4.73933
G1 X104.482 Y116.856 E4.78028
G1 X103.444 Y116.765 E4.82119
G1 X102.946 Y116.689 E4.84097
G1 X101.929 Y116.463 E4.88188
G1 X100.941 Y116.152 E4.92255
G1 X99.985 Y115.755 E4.96319
G1 X99.066 Y115.277 E5.00386
G1 X98.193 Y114.721 E5.0445
G1 X97.372 Y114.091 E5.08513
G1 X96.603 Y113.387 E5.12607
G1 X96.255 Y113.023 E5.14584
G1 X95.581 Y112.219 E5.18703
G1 X95.282 Y111.811 E5.20689
G1 X94.832 Y111.114 E5.23947
G1 X94.471 Y110.476 E5.26825
G1 X94.247 Y110.022 E5.28813
G1 X93.848 Y109.059 E5.32906
G1 X93.535 Y108.065 E5.36998
G1 X93.415 Y107.575 E5.38979
G1 X93.234 Y106.549 E5.4307
G1 X93.144 Y105.518 E5.47134
G1 X93.144 Y104.482 E5.51202
G1 X93.235 Y103.444 E5.55293
G1 X93.312 Y102.944 E5.57279
G1 X93.487 Y102.133 E5.60537
G1 X93.683 Y101.428 E5.6341
G1 X93.846 Y100.947 E5.65404
G1 X94.245 Y99.985 E5.69493
G1 X94.723 Y99.066 E5.7356
G1 X94.898 Y98.79 E5.74843
G1 X94.582 Y98.529 F7800
;TYPE:External perimeter
G1 F884.349
G1 X94.946 Y97.957 E5.77505
G1 X95.261 Y97.529 E5.79592
G1 X95.806 Y96.872 E5.82944
G1 X96.321 Y96.319 E5.85911
G1 X96.705 Y95.952 E5.87997
G1 X97.528 Y95.262 E5.92214
G1 X98.405 Y94.648 E5.96418
G1 X99.333 Y94.112 E6.00626
G1 X100.102 Y93.748 E6.03967
G1 X100.801 Y93.466 E6.06927
G1 X101.823 Y93.143 E6.11135
G1 X102.869 Y92.912 E6.15341
G1 X103.933 Y92.772 E6.19555
G1 X104.463 Y92.737 E6.21641
G1 X105.316 Y92.732 E6.2499
G1 X106.071 Y92.772 E6.27959
G1 X106.6 Y92.83 E6.30049
G1 X107.657 Y93.016 E6.34263
G1 X108.691 Y93.293 E6.38466
G1 X109.7 Y93.66 E6.42682
G1 X110.185 Y93.874 E6.44763
G1 X111.137 Y94.37 E6.48978
G1 X112.043 Y94.946 E6.53193
G1 X112.471 Y95.261 E6.5528
G1 X113.128 Y95.806 E6.58632
G1 X113.681 Y96.321 E6.61599
G1 X114.048 Y96.705 E6.63685
G1 X114.738 Y97.528 E6.67902
G1 X115.352 Y98.405 E6.72106
G1 X115.889 Y99.334 E6.76319
G1 X116.124 Y99.81 E6.78403
G1 X116.535 Y100.802 E6.82619
G1 X116.857 Y101.823 E6.86823
G1 X117.115 Y103.041 E6.91712
G1 X117.184 Y103.56 E6.93768
G1 X117.263 Y104.635 E6.98
G1 X117.263 Y105.535 E7.01534
G1 X117.17 Y106.605 E7.05751
G1 X117.089 Y107.129 E7.07833
G1 X116.857 Y108.177 E7.12048
G1 X116.535 Y109.198 E7.16252
G1 X116.125 Y110.188 E7.20459
G1 X115.63 Y111.137 E7.24662
G1 X115.054 Y112.043 E7.28877
G1 X114.74 Y112.471 E7.30961
M73 P24 R23
G1 X114.05 Y113.293 E7.35175
G1 X113.293 Y114.05 E7.39379
G1 X112.472 Y114.738 E7.43585
G1 X111.595 Y115.352 E7.47789
G1 X110.666 Y115.889 E7.52002
G1 X110.19 Y116.124 E7.54086
G1 X109.198 Y116.535 E7.58302
G1 X108.177 Y116.857 E7.62506
G1 X107.131 Y117.088 E7.66712
G1 X106.067 Y117.228 E7.70926
G1 X105.538 Y117.263 E7.73008
G1 X104.465 Y117.263 E7.77221
G1 X103.395 Y117.17 E7.81438
M73 P25 R23
G1 X102.871 Y117.089 E7.8352
G1 X101.823 Y116.857 E7.87735
G1 X100.802 Y116.535 E7.91939
G1 X99.812 Y116.125 E7.96146
G1 X98.863 Y115.63 E8.00349
G1 X97.959 Y115.055 E8.04556
M73 Q25 S24
G1 X97.11 Y114.403 E8.08759
G1 X96.319 Y113.678 E8.12972
G1 X95.952 Y113.295 E8.15055
G1 X95.26 Y112.471 E8.1928
G1 X94.946 Y112.042 E8.21367
G1 X94.483 Y111.325 E8.24718
G1 X94.111 Y110.667 E8.27686
G1 X93.876 Y110.19 E8.29774
G1 X93.465 Y109.198 E8.3399
G1 X93.143 Y108.175 E8.38201
G1 X93.017 Y107.659 E8.40287
G1 X92.83 Y106.602 E8.44502
G1 X92.737 Y105.535 E8.48707
G1 X92.737 Y104.465 E8.52908
G1 X92.83 Y103.395 E8.57125
G1 X92.911 Y102.87 E8.59211
G1 X93.091 Y102.036 E8.62561
G1 X93.294 Y101.308 E8.65529
G1 X93.465 Y100.804 E8.67619
G1 X93.875 Y99.812 E8.71834
G1 X94.37 Y98.863 E8.76037
G1 X94.55 Y98.579 E8.77357
G1 X94.765 Y98.242 F7800
G92 E0
G1 X95.515 Y101.23
;TYPE:Internal infill
;WIDTH:0.45
;HEIGHT:0.4
G1 F494.289
G1 X94.075 Y102.783 E.14878
G1 X93.941 Y103.544 E.20306
G1 X93.856 Y105.21 E.32025
G92 E0
G1 X95.563 Y101.448 F7800
M73 Q25 S23
G1 F494.289
G1 X96.424 Y104.127 E.19768
G1 X96.804 Y106.649 E.37685
G1 X97.899 Y108.715 E.54111
G1 X97.292 Y110.295 E.66001
G1 X97.983 Y108.901 F7800
G1 F494.289
G1 X99.44 Y112.149 E.91009
G92 E0
G1 X105.25 Y113.522 F7800
G1 F494.289
G1 X104.855 Y116.144 E.18627
G1 X105.958 Y116.114 E.26378
G1 X106.937 Y115.985 E.33315
G1 X107.887 Y115.774 E.40151
G1 X108.815 Y115.482 E.46985
G1 X109.728 Y115.104 E.53927
G1 X110.993 Y114.407 E.64073
G1 X111.879 Y113.775 E.71718
G1 X111.787 Y113.499 E.73762
G1 X110.728 Y112.109 E.86038
G1 X112.382 Y109.432 E1.08144
G1 X112.851 Y108.359 E1.1637
G92 E0
G1 X115.589 Y104.148 F7800
G1 F494.289
G1 X114.204 Y103.66 E.10316
G92 E0
G1 X112.243 Y99.78 F7800
G1 F494.289
G1 X115.781 Y104.216 E.3986
G1 X116.115 Y104.187 E.42215
G1 X116.058 Y103.537 E.46799
G1 X115.774 Y102.113 E.57
G1 X115.482 Y101.185 E.63834
G1 X115.104 Y100.272 E.70776
G1 X114.407 Y99.007 E.80922
G1 X113.849 Y98.21 E.87757
G1 X113.214 Y97.453 E.94698
G1 X112.395 Y96.653 E1.02741
G1 X111.41 Y95.871 E1.11576
G1 X110.577 Y95.34 E1.18516
G1 X109.708 Y94.888 E1.25397
G1 X108.378 Y94.371 E1.35421
G1 X108.928 Y96.124 E1.48328
G92 E0
G1 X103.417 Y94.7 F7800
G1 F494.289
G1 X102.883 Y94.055 E.05882
G1 X102.113 Y94.226 E.11423
G1 X101.179 Y94.52 E.18302
G1 X99.852 Y95.104 E.28487
G1 X99.007 Y95.593 E.35345
G1 X98.21 Y96.151 E.4218
G1 X98.076 Y96.263 E.43407
G1 X99.158 Y97.98 E.57664
;LAYER_CHANGE
;Z:3.15
;HEIGHT:0.2
G92 E0
G1 Z3.15 F7800
G1 X104.335 Y110.224
;TYPE:Perimeter
;WIDTH:0.449999
G1 F884.349
G1 X103.631 Y110.109 E.02801
G1 X102.659 Y109.737 E.06887
G1 X102.022 Y109.369 E.09776
G1 X101.611 Y109.039 E.11846
G1 X101.206 Y108.682 E.13966
G1 X100.721 Y108.104 E.16929
G1 X100.341 Y107.501 E.19728
G1 X99.989 Y106.681 E.23232
G1 X99.747 Y105.571 E.27693
G1 X99.727 Y104.635 E.31369
G1 X99.804 Y104.039 E.33729
G1 X99.986 Y103.374 E.36436
G1 X100.152 Y102.894 E.3843
G1 X100.473 Y102.308 E.41053
G1 X100.721 Y101.896 E.42941
G1 X101.2 Y101.325 E.45867
G1 X101.699 Y100.87 E.48519
G1 X102.181 Y100.546 E.50799
G1 X102.638 Y100.271 E.52893
G1 X103.326 Y99.986 E.55817
G1 X104.215 Y99.773 E.59406
G1 X105.273 Y99.729 E.63564
G1 X105.549 Y99.743 E.64649
G1 X106.283 Y99.872 E.67575
G1 X107.341 Y100.263 E.72004
G1 X107.978 Y100.631 E.74893
G1 X108.547 Y101.093 E.77771
G1 X108.8 Y101.325 E.79119
G1 X109.279 Y101.896 E.82045
G1 X109.724 Y102.668 E.85544
G1 X109.923 Y103.081 E.87344
G1 X110.184 Y103.973 E.90993
G1 X110.255 Y104.568 E.93346
G1 X110.28 Y105.172 E.9572
G1 X110.245 Y105.675 E.977
G1 X110.068 Y106.5 E1.01013
G1 X109.732 Y107.355 E1.0462
G1 X109.369 Y107.978 E1.07451
G1 X108.907 Y108.547 E1.10329
G1 X108.675 Y108.8 E1.11677
G1 X108.104 Y109.279 E1.14603
G1 X107.332 Y109.724 E1.18102
G1 X106.87 Y109.941 E1.20106
G1 X106.369 Y110.109 E1.22181
G1 X105.549 Y110.257 E1.25453
G1 X104.635 Y110.273 E1.29042
G1 X104.394 Y110.234 E1.30001
G1 X104.378 Y109.824 F7800
G1 F884.349
G1 X103.788 Y109.727 E1.32349
G1 X102.806 Y109.358 E1.36468
G1 X102.233 Y109.021 E1.39078
G1 X101.587 Y108.488 E1.42366
G1 X101.033 Y107.842 E1.45707
G1 X100.689 Y107.289 E1.48264
G1 X100.365 Y106.525 E1.51522
G1 X100.146 Y105.491 E1.55672
G1 X100.134 Y104.635 E1.59033
G1 X100.207 Y104.1 E1.61153
G1 X100.374 Y103.494 E1.63621
G1 X100.518 Y103.071 E1.65375
G1 X100.966 Y102.256 E1.69027
G1 X101.405 Y101.715 E1.71763
G1 X101.968 Y101.175 E1.74826
G1 X102.794 Y100.647 E1.78675
G1 X103.482 Y100.362 E1.81599
G1 X104.303 Y100.171 E1.84909
G1 X105.282 Y100.136 E1.88755
G1 X106.204 Y100.271 E1.92414
G1 X107.194 Y100.642 E1.96565
G1 X107.767 Y100.979 E1.99175
G1 X108.488 Y101.587 E2.02878
G1 X108.967 Y102.158 E2.05804
G1 X109.367 Y102.863 E2.08987
G1 X109.533 Y103.195 E2.10444
G1 X109.793 Y104.087 E2.14092
G1 X109.85 Y104.604 E2.16134
G1 X109.874 Y105.147 E2.18268
G1 X109.836 Y105.652 E2.20256
G1 X109.67 Y106.416 E2.23326
G1 X109.356 Y107.199 E2.26638
G1 X109.021 Y107.767 E2.29227
G1 X108.413 Y108.488 E2.3293
G1 X107.842 Y108.967 E2.35856
G1 X107.137 Y109.367 E2.39039
G1 X106.739 Y109.556 E2.40769
G1 X106.264 Y109.716 E2.42737
G1 X105.478 Y109.857 E2.45872
G1 X104.635 Y109.866 E2.49182
G1 X104.438 Y109.834 E2.49966
G1 X104.422 Y109.422 F7800
;TYPE:External perimeter
G1 F884.349
G1 X103.859 Y109.326 E2.52209
G1 X102.954 Y108.978 E2.56016
G1 X102.445 Y108.673 E2.58346
G1 X101.849 Y108.176 E2.61393
G1 X101.345 Y107.581 E2.64455
G1 X101.037 Y107.078 E2.66771
G1 X100.741 Y106.369 E2.69788
G1 X100.545 Y105.412 E2.73624
G1 X100.541 Y104.635 E2.76675
G1 X100.622 Y104.08 E2.78877
G1 X100.85 Y103.336 E2.81932
G1 X101.345 Y102.419 E2.86024
G1 X101.824 Y101.849 E2.88947
G1 X102.238 Y101.481 E2.91122
G1 X102.917 Y101.04 E2.94301
G1 X103.615 Y100.747 E2.97273
G1 X104.391 Y100.568 E3.004
G1 X105.291 Y100.543 E3.03935
G1 X106.134 Y100.672 E3.07284
G1 X107.046 Y101.022 E3.1112
G1 X107.555 Y101.327 E3.1345
G1 X108.176 Y101.849 E3.16635
G1 X108.655 Y102.419 E3.19558
G1 X109.142 Y103.309 E3.23542
G1 X109.403 Y104.204 E3.27203
G1 X109.47 Y104.93 E3.30066
G1 X109.442 Y105.535 E3.32444
G1 X109.273 Y106.328 E3.35628
G1 X108.98 Y107.044 E3.38666
G1 X108.673 Y107.555 E3.41007
G1 X108.151 Y108.176 E3.44192
G1 X107.581 Y108.655 E3.47115
G1 X106.941 Y109.01 E3.49989
G1 X106.608 Y109.17 E3.5144
G1 X106.141 Y109.326 E3.53373
G1 X105.408 Y109.456 E3.56296
G1 X104.635 Y109.459 E3.59331
G1 X104.482 Y109.433 E3.5994
G1 X104.087 Y109.365 F7800
G92 E0
G1 X95.279 Y98.951
;TYPE:Perimeter
G1 F884.349
G1 X95.564 Y98.503 E.02085
G1 X95.903 Y98.03 E.0437
G1 X96.403 Y97.426 E.07449
G1 X96.841 Y96.956 E.09972
G1 X97.249 Y96.558 E.1221
G1 X98.024 Y95.908 E.16182
G1 X98.843 Y95.335 E.20107
G1 X99.711 Y94.833 E.24044
G1 X100.41 Y94.502 E.27081
G1 X101.076 Y94.233 E.29901
G1 X102.034 Y93.931 E.33845
G1 X103.01 Y93.714 E.37771
G1 X103.912 Y93.595 E.41343
G1 X104.492 Y93.551 E.43627
G1 X105.276 Y93.546 E.46705
G1 X105.918 Y93.579 E.49229
G1 X106.485 Y93.636 E.51467
G1 X107.48 Y93.812 E.55434
G1 X108.359 Y94.047 E.59007
G1 X108.909 Y94.227 E.61279
G1 X109.843 Y94.614 E.65249
G1 X110.73 Y95.075 E.69174
G1 X111.498 Y95.564 E.72749
G1 X111.97 Y95.903 E.75031
G1 X112.574 Y96.403 E.7811
G1 X113.044 Y96.841 E.80633
G1 X113.442 Y97.249 E.82871
G1 X114.092 Y98.024 E.86843
G1 X114.665 Y98.843 E.90768
G1 X115.12 Y99.63 E.94337
G1 X115.382 Y100.146 E.96609
G1 X115.769 Y101.08 E1.00579
G1 X116.042 Y101.948 E1.04152
G1 X116.187 Y102.512 E1.06439
G1 X116.328 Y103.283 E1.09517
G1 X116.417 Y104.008 E1.12385
G1 X116.449 Y104.59 E1.14674
G1 X116.449 Y105.5 E1.18247
G1 X116.37 Y106.406 E1.21818
G1 X116.288 Y106.979 E1.24091
M73 P26 R23
G1 X116.069 Y107.966 E1.28061
G1 X115.769 Y108.92 E1.31988
G1 X115.386 Y109.843 E1.35912
G1 X114.925 Y110.73 E1.39837
G1 X114.436 Y111.497 E1.43409
G1 X114.097 Y111.97 E1.45694
M73 Q26 S23
G1 X113.597 Y112.574 E1.48773
G1 X113.159 Y113.044 E1.51296
G1 X112.751 Y113.442 E1.53534
G1 X111.976 Y114.092 E1.57506
G1 X111.157 Y114.665 E1.61431
G1 X110.37 Y115.12 E1.65
G1 X109.854 Y115.382 E1.67272
G1 X108.92 Y115.769 E1.71242
G1 X107.966 Y116.069 E1.75169
G1 X106.99 Y116.286 E1.79095
G1 X106.088 Y116.405 E1.82667
G1 X105.511 Y116.449 E1.84939
G1 X104.5 Y116.449 E1.88909
G1 X103.594 Y116.37 E1.9248
G1 X103.021 Y116.288 E1.94753
G1 X102.034 Y116.069 E1.98723
G1 X101.08 Y115.769 E2.0265
G1 X100.157 Y115.386 E2.06574
G1 X99.27 Y114.925 E2.10499
G1 X98.427 Y114.387 E2.14426
G1 X97.634 Y113.779 E2.1835
G1 X96.963 Y113.164 E2.21924
G1 X96.558 Y112.751 E2.24195
G1 X95.966 Y112.045 E2.27813
G1 X95.617 Y111.58 E2.30096
G1 X95.191 Y110.921 E2.33177
G1 X94.875 Y110.362 E2.35698
G1 X94.618 Y109.854 E2.37933
G1 X94.231 Y108.92 E2.41903
G1 X93.958 Y108.052 E2.45476
G1 X93.814 Y107.492 E2.47746
G1 X93.638 Y106.496 E2.51717
G1 X93.551 Y105.5 E2.55643
G1 X93.551 Y104.5 E2.59569
G1 X93.63 Y103.594 E2.6314
G1 X93.712 Y103.018 E2.65424
G1 X93.877 Y102.251 E2.68504
G1 X94.048 Y101.632 E2.71026
G1 X94.227 Y101.091 E2.73263
G1 X94.614 Y100.157 E2.77233
G1 X95.075 Y99.27 E2.81158
G1 X95.246 Y99.002 E2.82406
G1 X94.931 Y98.74 F7800
G1 F884.349
G1 X95.283 Y98.187 E2.8498
G1 X95.582 Y97.779 E2.86966
G1 X96.097 Y97.157 E2.90137
G1 X96.611 Y96.605 E2.93099
G1 X96.977 Y96.255 E2.95087
G1 X97.776 Y95.585 E2.99181
G1 X98.624 Y94.991 E3.03246
G1 X99.522 Y94.473 E3.07317
G1 X100.246 Y94.129 E3.10464
G1 X100.939 Y93.849 E3.13399
G1 X101.929 Y93.537 E3.17475
G1 X102.939 Y93.313 E3.21537
G1 X103.973 Y93.177 E3.25632
G1 X104.477 Y93.144 E3.27615
G1 X105.285 Y93.139 E3.30788
G1 X106.039 Y93.178 E3.33753
G1 X106.542 Y93.233 E3.3574
G1 X107.569 Y93.414 E3.39835
G1 X108.575 Y93.684 E3.43925
G1 X109.053 Y93.846 E3.45907
G1 X110.015 Y94.245 E3.49996
G1 X110.934 Y94.723 E3.54063
G1 X111.813 Y95.283 E3.58155
G1 X112.221 Y95.582 E3.60141
G1 X112.843 Y96.097 E3.63312
G1 X113.395 Y96.611 E3.66274
G1 X113.745 Y96.977 E3.68262
G1 X114.415 Y97.776 E3.72356
G1 X115.009 Y98.624 E3.76421
G1 X115.53 Y99.526 E3.80511
G1 X115.753 Y99.978 E3.8249
G1 X116.152 Y100.941 E3.86583
G1 X116.431 Y101.826 E3.90227
G1 X116.561 Y102.326 E3.92256
G1 X116.762 Y103.473 E3.96828
G1 X116.829 Y104.07 E3.99187
G1 X116.856 Y104.59 E4.01232
G1 X116.856 Y105.518 E4.04876
G1 X116.765 Y106.556 E4.08967
G1 X116.689 Y107.054 E4.10945
G1 X116.463 Y108.071 E4.15036
G1 X116.152 Y109.059 E4.19103
G1 X115.755 Y110.015 E4.23167
G1 X115.277 Y110.934 E4.27234
G1 X114.717 Y111.813 E4.31326
G1 X114.418 Y112.221 E4.33312
G1 X113.903 Y112.843 E4.36483
G1 X113.389 Y113.395 E4.39445
G1 X113.023 Y113.745 E4.41433
G1 X112.224 Y114.415 E4.45527
G1 X111.376 Y115.009 E4.49592
G1 X110.474 Y115.53 E4.53682
G1 X110.022 Y115.753 E4.55661
G1 X109.059 Y116.152 E4.59754
G1 X108.071 Y116.463 E4.63821
G1 X107.061 Y116.687 E4.67883
G1 X106.027 Y116.823 E4.71978
G1 X105.525 Y116.856 E4.73953
G1 X104.482 Y116.856 E4.78048
G1 X103.444 Y116.765 E4.82139
G1 X102.946 Y116.689 E4.84117
G1 X101.929 Y116.463 E4.88208
G1 X100.941 Y116.152 E4.92275
G1 X99.985 Y115.755 E4.96339
G1 X99.066 Y115.277 E5.00406
G1 X98.193 Y114.721 E5.0447
G1 X97.372 Y114.091 E5.08533
G1 X96.603 Y113.387 E5.12627
G1 X96.255 Y113.023 E5.14604
G1 X95.581 Y112.219 E5.18723
G1 X95.281 Y111.811 E5.20711
G1 X94.843 Y111.132 E5.23884
G1 X94.471 Y110.476 E5.26845
G1 X94.247 Y110.022 E5.28833
G1 X93.848 Y109.059 E5.32926
G1 X93.535 Y108.065 E5.37018
G1 X93.415 Y107.575 E5.38999
G1 X93.234 Y106.549 E5.4309
G1 X93.144 Y105.518 E5.47154
G1 X93.144 Y104.482 E5.51222
G1 X93.235 Y103.444 E5.55313
G1 X93.312 Y102.944 E5.57299
G1 X93.482 Y102.154 E5.60472
G1 X93.683 Y101.427 E5.63434
G1 X93.846 Y100.947 E5.65424
G1 X94.245 Y99.985 E5.69513
G1 X94.723 Y99.066 E5.7358
G1 X94.898 Y98.79 E5.74863
G1 X94.582 Y98.529 F7800
;TYPE:External perimeter
G1 F884.349
G1 X94.946 Y97.957 E5.77525
G1 X95.261 Y97.529 E5.79612
G1 X95.791 Y96.888 E5.82878
G1 X96.321 Y96.319 E5.85931
G1 X96.705 Y95.952 E5.88017
G1 X97.528 Y95.262 E5.92234
G1 X98.405 Y94.648 E5.96438
G1 X99.333 Y94.112 E6.00646
G1 X100.082 Y93.756 E6.03902
G1 X100.801 Y93.466 E6.06946
G1 X101.823 Y93.143 E6.11154
G1 X102.869 Y92.912 E6.1536
G1 X103.933 Y92.772 E6.19574
G1 X104.463 Y92.737 E6.2166
G1 X105.295 Y92.732 E6.24927
G1 X106.071 Y92.772 E6.27978
G1 X106.6 Y92.83 E6.30068
G1 X107.657 Y93.016 E6.34282
G1 X108.693 Y93.294 E6.38494
G1 X109.196 Y93.465 E6.4058
G1 X110.188 Y93.875 E6.44795
G1 X111.137 Y94.37 E6.48998
G1 X112.043 Y94.946 E6.53213
G1 X112.471 Y95.261 E6.553
G1 X113.112 Y95.791 E6.58566
G1 X113.681 Y96.321 E6.61619
G1 X114.048 Y96.705 E6.63705
G1 X114.738 Y97.528 E6.67922
G1 X115.352 Y98.405 E6.72126
G1 X115.889 Y99.334 E6.76339
G1 X116.124 Y99.81 E6.78423
G1 X116.535 Y100.802 E6.82639
G1 X116.819 Y101.703 E6.86348
G1 X116.956 Y102.229 E6.88482
G1 X117.166 Y103.424 E6.93246
G1 X117.236 Y104.043 E6.95692
G1 X117.263 Y104.59 E6.97842
G1 X117.263 Y105.535 E7.01553
G1 X117.17 Y106.605 E7.0577
G1 X117.089 Y107.129 E7.07852
G1 X116.857 Y108.177 E7.12067
G1 X116.535 Y109.198 E7.16271
G1 X116.125 Y110.188 E7.20478
G1 X115.63 Y111.137 E7.24681
G1 X115.054 Y112.043 E7.28896
G1 X114.739 Y112.471 E7.30983
G1 X114.209 Y113.112 E7.34249
G1 X113.679 Y113.681 E7.37302
G1 X113.295 Y114.048 E7.39388
G1 X112.472 Y114.738 E7.43605
G1 X111.595 Y115.352 E7.47809
G1 X110.666 Y115.889 E7.52022
G1 X110.19 Y116.124 E7.54106
G1 X109.198 Y116.535 E7.58322
G1 X108.177 Y116.857 E7.62526
G1 X107.131 Y117.088 E7.66732
G1 X106.067 Y117.228 E7.70946
G1 X105.538 Y117.263 E7.73028
G1 X104.465 Y117.263 E7.77241
G1 X103.395 Y117.17 E7.81458
G1 X102.871 Y117.089 E7.8354
G1 X101.823 Y116.857 E7.87755
G1 X100.802 Y116.535 E7.91959
G1 X99.812 Y116.125 E7.96166
G1 X98.863 Y115.63 E8.00369
G1 X97.959 Y115.055 E8.04576
G1 X97.11 Y114.403 E8.08779
G1 X96.319 Y113.678 E8.12992
G1 X95.952 Y113.295 E8.15075
G1 X95.26 Y112.471 E8.193
G1 X94.946 Y112.042 E8.21387
G1 X94.495 Y111.343 E8.24653
G1 X94.111 Y110.667 E8.27706
G1 X93.876 Y110.19 E8.29794
G1 X93.465 Y109.198 E8.3401
G1 X93.143 Y108.175 E8.38221
G1 X93.017 Y107.659 E8.40307
G1 X92.83 Y106.602 E8.44522
G1 X92.737 Y105.535 E8.48727
G1 X92.737 Y104.465 E8.52928
G1 X92.83 Y103.395 E8.57145
G1 X92.911 Y102.87 E8.59231
G1 X93.086 Y102.057 E8.62496
G1 X93.294 Y101.307 E8.65552
G1 X93.465 Y100.804 E8.67638
G1 X93.875 Y99.812 E8.71853
G1 X94.37 Y98.863 E8.76056
G1 X94.55 Y98.579 E8.77376
G1 X94.765 Y98.242 F7800
;LAYER_CHANGE
;Z:3.35
;HEIGHT:0.2
G92 E0
G1 Z3.35 F7800
G1 X104.333 Y110.235
;TYPE:Perimeter
G1 F884.349
G1 X104.169 Y110.22 E.00647
G1 X103.081 Y109.923 E.05075
G1 X102.241 Y109.509 E.08752
G1 X101.685 Y109.119 E.11419
G1 X101.229 Y108.684 E.13893
G1 X100.887 Y108.319 E.15857
G1 X100.418 Y107.617 E.19172
G1 X99.989 Y106.681 E.23215
G1 X99.839 Y106.121 E.25491
G1 X99.779 Y105.823 E.26685
G1 X99.715 Y105.089 E.29578
G1 X99.78 Y104.169 E.33199
G1 X100.006 Y103.324 E.36633
G1 X100.162 Y102.876 E.38496
G1 X100.609 Y102.061 E.42146
G1 X101.081 Y101.467 E.45125
G1 X101.347 Y101.18 E.46661
G1 X101.728 Y100.846 E.4865
G1 X102.167 Y100.553 E.50722
G1 X102.638 Y100.271 E.52877
G1 X103.326 Y99.986 E.55801
G1 X104.215 Y99.773 E.5939
G1 X105.255 Y99.729 E.63477
G1 X105.549 Y99.743 E.64633
G1 X106.283 Y99.872 E.67559
G1 X107.12 Y100.177 E.71057
G1 X107.583 Y100.391 E.7306
G1 X108.043 Y100.674 E.75181
G1 X108.8 Y101.325 E.79101
G1 X109.279 Y101.896 E.82027
G1 X109.724 Y102.668 E.85526
G1 X109.941 Y103.13 E.8753
G1 X110.109 Y103.631 E.89605
G1 X110.273 Y104.628 E.93572
G1 X110.273 Y105.372 E.96493
G1 X110.072 Y106.483 E1.00926
G1 X109.732 Y107.355 E1.04601
G1 X109.369 Y107.978 E1.07432
G1 X108.805 Y108.669 E1.10934
G1 X108.11 Y109.274 E1.14552
G1 X107.332 Y109.724 E1.18081
G1 X106.919 Y109.923 E1.19881
G1 X106.026 Y110.184 E1.23534
G1 X105.415 Y110.257 E1.2595
G1 X104.911 Y110.285 E1.27932
G1 X104.393 Y110.24 E1.29974
G1 X104.378 Y109.83 F7800
G1 F884.349
G1 X104.199 Y109.814 E1.3068
G1 X103.195 Y109.533 E1.34774
G1 X102.429 Y109.148 E1.3814
G1 X101.925 Y108.79 E1.40567
G1 X101.22 Y108.085 E1.44482
G1 X100.703 Y107.312 E1.48133
G1 X100.365 Y106.525 E1.51496
G1 X100.234 Y106.025 E1.53525
G1 X100.121 Y105.06 E1.5734
G1 X100.185 Y104.205 E1.60707
G1 X100.397 Y103.438 E1.63832
G1 X100.518 Y103.071 E1.65349
G1 X100.966 Y102.256 E1.69001
G1 X101.393 Y101.729 E1.71664
G1 X101.616 Y101.486 E1.72959
G1 X101.997 Y101.152 E1.74948
G1 X102.7 Y100.696 E1.78238
G1 X103.461 Y100.371 E1.81487
G1 X104.303 Y100.171 E1.84885
G1 X105.478 Y100.143 E1.895
G1 X106.212 Y100.273 E1.92427
G1 X106.972 Y100.556 E1.95611
G1 X107.372 Y100.739 E1.97338
G1 X107.806 Y101.005 E1.99337
G1 X108.488 Y101.587 E2.02857
G1 X108.967 Y102.158 E2.05783
G1 X109.367 Y102.863 E2.08966
G1 X109.556 Y103.261 E2.10696
G1 X109.716 Y103.736 E2.12664
G1 X109.848 Y104.47 E2.15592
G1 X109.866 Y105.365 E2.19107
G1 X109.673 Y106.404 E2.23256
G1 X109.356 Y107.199 E2.26617
G1 X109.021 Y107.767 E2.29206
G1 X108.493 Y108.407 E2.32464
G1 X107.848 Y108.962 E2.35805
G1 X107.137 Y109.367 E2.39018
G1 X106.805 Y109.533 E2.40475
G1 X105.913 Y109.793 E2.44123
G1 X104.94 Y109.879 E2.47958
G1 X104.438 Y109.835 E2.49937
G1 X104.422 Y109.423 F7800
;TYPE:External perimeter
G1 F884.349
G1 X104.24 Y109.409 E2.50654
G1 X103.308 Y109.142 E2.54461
G1 X102.617 Y108.786 E2.57513
G1 X102.164 Y108.461 E2.59702
G1 X101.558 Y107.859 E2.63056
G1 X101.042 Y107.085 E2.66709
G1 X100.741 Y106.369 E2.69759
G1 X100.596 Y105.79 E2.72103
G1 X100.526 Y105.025 E2.75119
G1 X100.591 Y104.24 E2.78212
G1 X100.875 Y103.267 E2.82192
G1 X101.323 Y102.452 E2.85844
G1 X101.705 Y101.991 E2.88195
G1 X102.265 Y101.458 E2.91231
G1 X102.918 Y101.039 E2.94277
G1 X103.617 Y100.747 E2.97251
G1 X104.391 Y100.568 E3.0037
G1 X105.272 Y100.543 E3.03831
G1 X106.134 Y100.672 E3.07253
G1 X106.825 Y100.935 E3.10156
G1 X107.161 Y101.087 E3.11604
G1 X107.581 Y101.345 E3.13539
G1 X108.151 Y101.824 E3.16462
G1 X108.65 Y102.414 E3.19496
G1 X109.01 Y103.059 E3.22396
G1 X109.17 Y103.392 E3.23847
G1 X109.326 Y103.859 E3.2578
G1 X109.456 Y104.592 E3.28703
G1 X109.459 Y105.365 E3.31738
G1 X109.273 Y106.324 E3.35574
G1 X108.98 Y107.044 E3.38626
M73 P27 R23
G1 X108.673 Y107.555 E3.40967
G1 X108.181 Y108.146 E3.43986
G1 X107.586 Y108.65 E3.47048
G1 X106.691 Y109.142 E3.51058
G1 X105.799 Y109.402 E3.54706
G1 X105.07 Y109.47 E3.57581
M73 Q27 S23
G1 X104.482 Y109.427 E3.59896
G1 X104.088 Y109.359 F7800
G92 E0
G1 X95.279 Y98.951
;TYPE:Perimeter
G1 F884.349
G1 X95.564 Y98.503 E.02085
G1 X95.903 Y98.029 E.04373
G1 X96.389 Y97.442 E.07365
G1 X96.841 Y96.956 E.09971
G1 X97.249 Y96.558 E.12209
G1 X98.024 Y95.908 E.16181
G1 X98.843 Y95.335 E.20106
G1 X99.712 Y94.833 E.24046
G1 X100.39 Y94.511 E.26993
G1 X101.077 Y94.232 E.29904
G1 X102.034 Y93.931 E.33843
G1 X103.01 Y93.714 E.37769
G1 X103.912 Y93.595 E.41341
G1 X104.492 Y93.551 E.43625
G1 X105.255 Y93.545 E.46621
G1 X105.917 Y93.579 E.49224
G1 X106.485 Y93.636 E.51465
G1 X107.48 Y93.812 E.55432
G1 X108.446 Y94.071 E.59359
G1 X109.301 Y94.382 E.62931
G1 X109.833 Y94.609 E.65202
G1 X110.73 Y95.075 E.69171
G1 X111.498 Y95.564 E.72746
G1 X111.971 Y95.903 E.75031
G1 X112.558 Y96.389 E.78023
G1 X113.044 Y96.841 E.80629
G1 X113.442 Y97.249 E.82867
G1 X114.092 Y98.024 E.86839
G1 X114.665 Y98.843 E.90764
G1 X115.12 Y99.63 E.94333
G1 X115.382 Y100.146 E.96605
G1 X115.769 Y101.08 E1.00575
G1 X116.069 Y102.034 E1.04502
G1 X116.266 Y102.922 E1.08073
G1 X116.361 Y103.493 E1.10346
G1 X116.449 Y104.635 E1.14843
G1 X116.449 Y105.5 E1.18239
G1 X116.37 Y106.406 E1.2181
G1 X116.288 Y106.979 E1.24083
G1 X116.069 Y107.966 E1.28053
G1 X115.769 Y108.92 E1.3198
G1 X115.386 Y109.843 E1.35904
G1 X114.925 Y110.73 E1.39829
G1 X114.436 Y111.497 E1.43401
G1 X114.099 Y111.968 E1.45675
G1 X113.449 Y112.742 E1.49644
G1 X112.742 Y113.449 E1.5357
G1 X111.976 Y114.092 E1.57497
G1 X111.157 Y114.665 E1.61422
G1 X110.37 Y115.12 E1.64991
G1 X109.854 Y115.382 E1.67263
G1 X108.92 Y115.769 E1.71233
G1 X107.966 Y116.069 E1.7516
G1 X106.99 Y116.286 E1.79086
G1 X106.088 Y116.405 E1.82658
G1 X105.511 Y116.449 E1.8493
G1 X104.5 Y116.449 E1.889
G1 X103.594 Y116.37 E1.92471
G1 X103.021 Y116.288 E1.94744
G1 X102.034 Y116.069 E1.98714
G1 X101.08 Y115.769 E2.02641
G1 X100.157 Y115.386 E2.06565
G1 X99.27 Y114.925 E2.1049
G1 X98.427 Y114.387 E2.14417
G1 X97.634 Y113.779 E2.18341
G1 X96.963 Y113.164 E2.21915
G1 X96.558 Y112.751 E2.24186
G1 X95.966 Y112.045 E2.27804
G1 X95.617 Y111.58 E2.30087
G1 X95.202 Y110.939 E2.33085
G1 X94.875 Y110.363 E2.35686
G1 X94.618 Y109.854 E2.37925
G1 X94.231 Y108.92 E2.41895
G1 X93.958 Y108.052 E2.45468
G1 X93.814 Y107.492 E2.47738
G1 X93.638 Y106.496 E2.51709
G1 X93.551 Y105.5 E2.55635
G1 X93.551 Y104.5 E2.59561
G1 X93.63 Y103.594 E2.63132
G1 X93.712 Y103.017 E2.6542
G1 X93.872 Y102.272 E2.68412
G1 X94.048 Y101.633 E2.71014
G1 X94.227 Y101.091 E2.73255
G1 X94.614 Y100.157 E2.77225
G1 X95.075 Y99.27 E2.8115
G1 X95.246 Y99.002 E2.82398
G1 X94.931 Y98.74 F7800
G1 F884.349
G1 X95.283 Y98.187 E2.84972
G1 X95.582 Y97.779 E2.86958
G1 X96.083 Y97.173 E2.90045
G1 X96.612 Y96.605 E2.93093
G1 X96.977 Y96.255 E2.95079
G1 X97.776 Y95.585 E2.99173
G1 X98.624 Y94.991 E3.03238
G1 X99.522 Y94.472 E3.0731
G1 X100.226 Y94.138 E3.1037
G1 X100.939 Y93.849 E3.13391
G1 X101.929 Y93.537 E3.17467
G1 X102.939 Y93.313 E3.21529
G1 X103.973 Y93.177 E3.25624
G1 X104.478 Y93.144 E3.27611
G1 X105.264 Y93.138 E3.30697
G1 X106.039 Y93.178 E3.33744
G1 X106.542 Y93.233 E3.35731
G1 X107.569 Y93.414 E3.39826
G1 X108.569 Y93.682 E3.43891
G1 X109.548 Y94.038 E3.47981
G1 X110.009 Y94.241 E3.49959
G1 X110.934 Y94.723 E3.54054
G1 X111.813 Y95.283 E3.58146
G1 X112.221 Y95.582 E3.60132
G1 X112.827 Y96.083 E3.63219
G1 X113.395 Y96.612 E3.66267
G1 X113.745 Y96.977 E3.68253
G1 X114.415 Y97.776 E3.72347
G1 X115.009 Y98.624 E3.76412
G1 X115.53 Y99.526 E3.80502
G1 X115.753 Y99.978 E3.82481
G1 X116.152 Y100.941 E3.86574
G1 X116.463 Y101.929 E3.90641
G1 X116.689 Y102.946 E3.94732
G1 X116.765 Y103.444 E3.9671
G1 X116.856 Y104.635 E4.014
G1 X116.856 Y105.518 E4.04867
G1 X116.765 Y106.556 E4.08958
G1 X116.689 Y107.054 E4.10936
G1 X116.463 Y108.071 E4.15027
G1 X116.152 Y109.059 E4.19094
G1 X115.755 Y110.015 E4.23158
G1 X115.277 Y110.934 E4.27225
G1 X114.717 Y111.813 E4.31317
G1 X114.419 Y112.219 E4.33294
G1 X113.75 Y113.017 E4.37383
G1 X113.017 Y113.75 E4.41453
G1 X112.224 Y114.415 E4.45517
G1 X111.376 Y115.009 E4.49582
G1 X110.474 Y115.53 E4.53672
G1 X110.022 Y115.753 E4.55651
G1 X109.059 Y116.152 E4.59744
G1 X108.072 Y116.463 E4.63807
G1 X107.061 Y116.687 E4.67873
G1 X106.027 Y116.823 E4.71968
G1 X105.525 Y116.856 E4.73943
G1 X104.482 Y116.856 E4.78038
G1 X103.444 Y116.765 E4.82129
G1 X102.946 Y116.689 E4.84107
G1 X101.929 Y116.463 E4.88198
G1 X100.941 Y116.152 E4.92265
G1 X99.985 Y115.755 E4.96329
G1 X99.066 Y115.277 E5.00396
G1 X98.193 Y114.721 E5.0446
G1 X97.372 Y114.091 E5.08523
G1 X96.603 Y113.387 E5.12617
G1 X96.255 Y113.023 E5.14594
G1 X95.581 Y112.219 E5.18713
G1 X95.281 Y111.811 E5.20701
G1 X94.854 Y111.151 E5.23788
G1 X94.471 Y110.476 E5.26835
G1 X94.247 Y110.022 E5.28823
G1 X93.848 Y109.059 E5.32916
G1 X93.535 Y108.065 E5.37008
G1 X93.415 Y107.575 E5.38989
G1 X93.234 Y106.549 E5.4308
G1 X93.144 Y105.518 E5.47144
G1 X93.144 Y104.482 E5.51212
G1 X93.235 Y103.444 E5.55303
G1 X93.312 Y102.944 E5.57289
G1 X93.477 Y102.175 E5.60377
G1 X93.683 Y101.427 E5.63423
G1 X93.846 Y100.948 E5.6541
G1 X94.245 Y99.985 E5.69503
G1 X94.723 Y99.066 E5.7357
G1 X94.898 Y98.79 E5.74853
G1 X94.582 Y98.529 F7800
;TYPE:External perimeter
G1 F884.349
G1 X94.946 Y97.957 E5.77515
G1 X95.261 Y97.529 E5.79602
G1 X95.777 Y96.905 E5.82781
G1 X96.321 Y96.319 E5.85921
G1 X96.705 Y95.952 E5.88007
G1 X97.528 Y95.262 E5.92224
G1 X98.405 Y94.648 E5.96428
G1 X99.333 Y94.112 E6.00636
G1 X100.062 Y93.765 E6.03806
G1 X100.801 Y93.466 E6.06936
G1 X101.823 Y93.143 E6.11144
G1 X102.869 Y92.912 E6.1535
G1 X103.933 Y92.772 E6.19564
G1 X104.463 Y92.737 E6.2165
G1 X105.273 Y92.731 E6.24831
G1 X106.071 Y92.772 E6.27968
G1 X106.6 Y92.83 E6.30058
G1 X107.657 Y93.016 E6.34272
G1 X108.691 Y93.293 E6.38475
G1 X109.7 Y93.66 E6.42691
G1 X110.185 Y93.874 E6.44772
G1 X111.137 Y94.37 E6.48987
G1 X112.043 Y94.946 E6.53202
G1 X112.471 Y95.261 E6.55289
G1 X113.095 Y95.777 E6.58468
G1 X113.681 Y96.321 E6.61608
G1 X114.048 Y96.705 E6.63694
G1 X114.738 Y97.528 E6.67911
G1 X115.352 Y98.405 E6.72115
G1 X115.889 Y99.334 E6.76328
G1 X116.124 Y99.81 E6.78412
G1 X116.535 Y100.802 E6.82628
G1 X116.857 Y101.823 E6.86832
G1 X117.089 Y102.871 E6.91047
G1 X117.17 Y103.395 E6.93129
G1 X117.263 Y104.635 E6.98011
G1 X117.263 Y105.535 E7.01545
G1 X117.17 Y106.605 E7.05762
G1 X117.089 Y107.129 E7.07844
G1 X116.857 Y108.177 E7.12059
G1 X116.535 Y109.198 E7.16263
G1 X116.125 Y110.188 E7.2047
G1 X115.63 Y111.137 E7.24673
G1 X115.054 Y112.043 E7.28888
G1 X114.74 Y112.471 E7.30972
G1 X114.05 Y113.293 E7.35186
G1 X113.293 Y114.05 E7.3939
G1 X112.472 Y114.738 E7.43596
G1 X111.595 Y115.352 E7.478
G1 X110.666 Y115.889 E7.52013
G1 X110.19 Y116.124 E7.54097
G1 X109.198 Y116.535 E7.58313
G1 X108.177 Y116.857 E7.62517
G1 X107.131 Y117.088 E7.66723
G1 X106.067 Y117.228 E7.70937
G1 X105.538 Y117.263 E7.73019
G1 X104.465 Y117.263 E7.77232
G1 X103.395 Y117.17 E7.81449
G1 X102.871 Y117.089 E7.83531
G1 X101.823 Y116.857 E7.87746
G1 X100.802 Y116.535 E7.9195
G1 X99.812 Y116.125 E7.96157
G1 X98.863 Y115.63 E8.0036
G1 X97.959 Y115.055 E8.04567
G1 X97.11 Y114.403 E8.0877
G1 X96.319 Y113.678 E8.12983
G1 X95.952 Y113.295 E8.15066
G1 X95.26 Y112.471 E8.19291
G1 X94.946 Y112.042 E8.21378
G1 X94.506 Y111.362 E8.24558
G1 X94.111 Y110.666 E8.277
G1 X93.876 Y110.19 E8.29784
G1 X93.465 Y109.198 E8.34
G1 X93.143 Y108.175 E8.38211
G1 X93.017 Y107.659 E8.40297
G1 X92.83 Y106.602 E8.44512
G1 X92.737 Y105.535 E8.48717
G1 X92.737 Y104.465 E8.52918
G1 X92.83 Y103.395 E8.57135
G1 X92.911 Y102.87 E8.59221
G1 X93.081 Y102.078 E8.62402
G1 X93.294 Y101.307 E8.65543
G1 X93.465 Y100.804 E8.67629
G1 X93.875 Y99.812 E8.71844
G1 X94.37 Y98.863 E8.76047
G1 X94.55 Y98.579 E8.77367
G1 X94.765 Y98.242 F7800
G92 E0
G1 X95.712 Y100.882
;TYPE:Internal infill
;WIDTH:0.45
;HEIGHT:0.4
G1 F494.289
G1 X95.501 Y101.253 E.02998
G1 X94.075 Y102.785 E.17701
G1 X94.513 Y101.199 E.2926
G1 X94.891 Y100.286 E.36202
G1 X95.34 Y99.423 E.43036
G1 X95.871 Y98.59 E.49976
G1 X96.626 Y97.636 E.58523
G1 X97.453 Y96.786 E.66854
G1 X98.077 Y96.262 E.72578
G1 X99.371 Y98.319 E.8965
G92 E0
G1 X95.553 Y101.45 F7800
G1 F494.289
G1 X96.251 Y104.314 E.20708
G1 X96.214 Y105.149 E.2658
G1 X96.434 Y106.799 E.38274
G1 X97.9 Y108.714 E.55216
G1 X97.149 Y110.668 E.69922
G1 X97.983 Y108.899 F7800
G1 F494.289
G1 X99.604 Y112.514 E.97753
G92 E0
G1 X105.312 Y113.127 F7800
M73 P28 R23
G1 F494.289
G1 X104.824 Y116.144 E.2147
G1 X105.958 Y116.114 E.29439
M73 Q28 S23
G1 X106.937 Y115.985 E.36376
G1 X107.887 Y115.774 E.43212
G1 X108.815 Y115.482 E.50046
G1 X109.728 Y115.104 E.56988
G1 X110.993 Y114.407 E.67134
G1 X111.825 Y113.82 E.74287
G1 X110.528 Y112.119 E.89314
M73 P28 R22
G1 X110.739 Y112.027 E.90931
G1 X110.635 Y111.946 F7800
G1 F494.289
G1 X113.062 Y108.019 E1.23361
G92 E0
G1 X115.673 Y101.793 F7800
G1 F494.289
G1 X115.943 Y102.875 E.07834
G1 X116.115 Y104.189 E.17144
G1 X115.782 Y104.218 E.19492
G1 X113.826 Y103.527 E.34065
G1 X115.655 Y104.059 F7800
G1 F494.289
G1 X112.341 Y99.851 E.71693
G1 X111.978 Y99.481 E.75334
G92 E0
G1 X109.085 Y96.491 F7800
G1 F494.289
G1 X108.153 Y94.308 E.16675
G1 X107.414 Y94.11 E.2205
G1 X106.441 Y93.939 E.2899
G1 X105.343 Y93.856 E.36725
G1 X104.042 Y93.886 E.45867
M73 Q28 S22
G1 X102.883 Y94.055 E.54095
G1 X103.672 Y95.007 E.62781
;LAYER_CHANGE
;Z:3.55
;HEIGHT:0.2
G92 E0
G1 Z3.55 F7800
G1 X104.334 Y110.23
;TYPE:Perimeter
;WIDTH:0.449999
G1 F884.349
G1 X103.495 Y110.067 E.03356
G1 X102.519 Y109.67 E.07493
G1 X101.897 Y109.275 E.10386
G1 X101.228 Y108.676 E.13912
G1 X100.907 Y108.347 E.15717
G1 X100.577 Y107.897 E.17908
G1 X100.151 Y107.104 E.21443
G1 X99.936 Y106.515 E.23905
G1 X99.744 Y105.555 E.27749
G1 X99.727 Y104.955 E.30106
G1 X99.738 Y104.476 E.31987
G1 X99.815 Y103.965 E.34016
G1 X99.978 Y103.398 E.36332
G1 X100.149 Y102.9 E.38399
G1 X100.609 Y102.06 E.42159
G1 X100.961 Y101.611 E.44399
G1 X101.292 Y101.229 E.46384
G1 X101.728 Y100.846 E.48663
G1 X102.481 Y100.353 E.52197
G1 X102.982 Y100.128 E.54353
G1 X103.486 Y99.935 E.56472
G1 X104.215 Y99.773 E.59404
G1 X105.236 Y99.73 E.63416
G1 X105.549 Y99.743 E.64646
G1 X106.283 Y99.872 E.67572
G1 X107.078 Y100.16 E.70892
G1 X107.501 Y100.341 E.72699
G1 X107.978 Y100.631 E.74891
G1 X108.771 Y101.292 E.78945
G1 X109.279 Y101.896 E.82044
G1 X109.852 Y102.901 E.86586
G1 X110.015 Y103.395 E.88629
G1 X110.184 Y103.973 E.90994
G1 X110.253 Y104.54 E.93237
G1 X110.288 Y105.045 E.95225
G1 X110.255 Y105.58 E.9733
G1 X110.069 Y106.499 E1.01012
G1 X109.877 Y107.005 E1.03137
G1 X109.659 Y107.501 E1.05264
G1 X109.369 Y107.978 E1.07456
G1 X108.708 Y108.771 E1.1151
G1 X108.104 Y109.279 E1.14609
G1 X107.372 Y109.703 E1.17931
G1 X106.919 Y109.923 E1.19908
G1 X106.026 Y110.184 E1.23561
G1 X105.088 Y110.285 E1.27265
G1 X104.473 Y110.257 E1.29682
G1 X104.393 Y110.241 E1.30002
G1 X104.378 Y109.827 F7800
G1 F884.349
G1 X103.583 Y109.67 E1.33184
G1 X102.794 Y109.353 E1.36523
G1 X101.977 Y108.83 E1.40332
G1 X101.305 Y108.187 E1.43984
G1 X100.962 Y107.734 E1.46215
G1 X100.512 Y106.916 E1.49881
G1 X100.321 Y106.382 E1.52108
G1 X100.144 Y105.482 E1.5571
G1 X100.134 Y104.955 E1.5778
G1 X100.141 Y104.537 E1.59421
G1 X100.218 Y104.025 E1.61454
G1 X100.518 Y103.071 E1.65381
G1 X100.966 Y102.256 E1.69033
G1 X101.512 Y101.587 E1.72424
G1 X101.924 Y101.216 E1.74601
G1 X102.348 Y100.92 E1.76631
G1 X102.794 Y100.647 E1.78684
G1 X103.482 Y100.362 E1.81608
G1 X104.303 Y100.171 E1.84918
G1 X105.478 Y100.143 E1.89533
G1 X106.212 Y100.273 E1.9246
G1 X107.289 Y100.689 E1.96993
G1 X107.767 Y100.979 E1.99188
G1 X108.413 Y101.512 E2.02476
G1 X108.967 Y102.158 E2.05817
G1 X109.505 Y103.12 E2.10145
G1 X109.815 Y104.205 E2.14576
G1 X109.88 Y104.947 E2.17501
G1 X109.851 Y105.513 E2.19726
G1 X109.671 Y106.413 E2.2333
G1 X109.353 Y107.206 E2.26685
G1 X109.021 Y107.767 E2.29245
G1 X108.488 Y108.413 E2.32533
G1 X107.842 Y108.967 E2.35874
G1 X107.176 Y109.346 E2.38883
G1 X106.805 Y109.533 E2.40514
G1 X105.913 Y109.793 E2.44162
G1 X105.053 Y109.88 E2.47556
G1 X104.499 Y109.851 E2.49734
G1 X104.437 Y109.838 E2.49983
G1 X104.421 Y109.436 F7800
;TYPE:External perimeter
G1 F884.349
G1 X103.671 Y109.272 E2.52997
G1 X102.95 Y108.977 E2.56056
G1 X102.334 Y108.589 E2.58915
G1 X101.564 Y107.866 E2.63062
G1 X101.233 Y107.416 E2.65255
G1 X100.873 Y106.728 E2.68304
G1 X100.706 Y106.25 E2.70292
G1 X100.545 Y105.409 E2.73654
G1 X100.541 Y104.664 E2.76579
G1 X100.619 Y104.096 E2.7883
G1 X100.859 Y103.305 E2.82076
G1 X101.323 Y102.452 E2.85889
G1 X101.824 Y101.849 E2.88967
G1 X102.265 Y101.458 E2.91281
G1 X102.918 Y101.039 E2.94327
G1 X103.638 Y100.738 E2.97391
G1 X104.391 Y100.568 E3.00422
G1 X105.254 Y100.544 E3.03812
G1 X106.134 Y100.672 E3.07304
G1 X107.078 Y101.037 E3.11278
G1 X107.555 Y101.327 E3.1347
G1 X108.151 Y101.824 E3.16517
G1 X108.655 Y102.419 E3.19579
G1 X109.125 Y103.268 E3.23389
G1 X109.409 Y104.241 E3.27369
G1 X109.474 Y104.982 E3.3029
G1 X109.445 Y105.488 E3.3228
G1 X109.273 Y106.327 E3.35643
G1 X108.977 Y107.05 E3.38711
G1 X108.673 Y107.555 E3.41025
G1 X108.176 Y108.151 E3.44072
G1 X107.581 Y108.655 E3.47134
G1 X106.691 Y109.142 E3.51118
G1 X105.799 Y109.402 E3.54766
G1 X105.018 Y109.474 E3.57846
G1 X104.48 Y109.441 E3.59962
G1 X104.088 Y109.363 F7800
G92 E0
G1 X95.273 Y98.948
;TYPE:Perimeter
G1 F884.349
G1 X95.293 Y98.914 E.00155
G1 X95.606 Y98.436 E.02398
G1 X96.221 Y97.634 E.06366
G1 X96.897 Y96.897 E.10293
G1 X97.634 Y96.221 E.1422
G1 X98.356 Y95.667 E.17793
G1 X98.833 Y95.341 E.20062
G1 X99.708 Y94.835 E.24031
G1 X100.615 Y94.412 E.27961
G1 X101.47 Y94.101 E.31533
G1 X102.023 Y93.933 E.33802
G1 X103.01 Y93.714 E.37772
G1 X103.912 Y93.595 E.41344
G1 X104.493 Y93.551 E.43632
G1 X105.234 Y93.545 E.46542
G1 X105.916 Y93.579 E.49223
G1 X106.485 Y93.636 E.51468
G1 X107.48 Y93.812 E.55435
G1 X108.446 Y94.071 E.59362
G1 X109.385 Y94.412 E.63285
G1 X110.295 Y94.837 E.67229
G1 X110.93 Y95.197 E.70095
G1 X111.57 Y95.611 E.73088
G1 X112.366 Y96.221 E.77026
G1 X113.103 Y96.897 E.80953
G1 X113.779 Y97.634 E.8488
G1 X114.333 Y98.356 E.88453
G1 X114.662 Y98.836 E.90738
G1 X115.037 Y99.475 E.93647
G1 X115.349 Y100.083 E.9633
G1 X115.584 Y100.604 E.98574
G1 X115.899 Y101.469 E1.02189
G1 X116.067 Y102.023 E1.04462
G1 X116.286 Y103.01 E1.08432
G1 X116.416 Y104.001 E1.12356
G1 X116.454 Y105.135 E1.16811
G1 X116.416 Y105.999 E1.20207
G1 X116.286 Y106.99 E1.24131
G1 X116.068 Y107.97 E1.28073
G1 X115.854 Y108.668 E1.3094
G1 X115.589 Y109.382 E1.3393
G1 X115.203 Y110.21 E1.37517
G1 X114.931 Y110.72 E1.39786
G1 X114.387 Y111.573 E1.43758
G1 X113.779 Y112.366 E1.47682
G1 X113.103 Y113.103 E1.51609
G1 X112.366 Y113.779 E1.55536
G1 X111.644 Y114.333 E1.59109
G1 X111.167 Y114.659 E1.61378
G1 X110.292 Y115.165 E1.65347
G1 X109.385 Y115.588 E1.69277
G1 X108.446 Y115.929 E1.732
G1 X107.567 Y116.165 E1.76774
G1 X106.997 Y116.285 E1.79061
G1 X106.263 Y116.388 E1.81971
G1 X105.582 Y116.443 E1.84654
G1 X105.011 Y116.46 E1.86897
G1 X104.001 Y116.416 E1.90866
G1 X103.01 Y116.286 E1.9479
G1 X102.03 Y116.068 E1.98732
G1 X101.332 Y115.854 E2.01599
G1 X100.618 Y115.589 E2.04589
G1 X99.708 Y115.165 E2.08531
G1 X98.921 Y114.71 E2.121
G1 X98.436 Y114.394 E2.14373
G1 X97.634 Y113.779 E2.18341
G1 X96.897 Y113.103 E2.22268
G1 X96.221 Y112.366 E2.26195
G1 X95.613 Y111.573 E2.30119
G1 X95.075 Y110.73 E2.34046
G1 X94.655 Y109.923 E2.37618
G1 X94.416 Y109.396 E2.3989
G1 X94.071 Y108.446 E2.43858
G1 X93.812 Y107.48 E2.47785
G1 X93.654 Y106.584 E2.51357
G1 X93.584 Y106.01 E2.53627
G1 X93.544 Y105.09 E2.57243
G1 X93.55 Y104.507 E2.59532
G1 X93.609 Y103.768 E2.62443
G1 X93.703 Y103.092 E2.65123
G1 X93.809 Y102.531 E2.67365
G1 X94.071 Y101.554 E2.71337
G1 X94.382 Y100.699 E2.74909
G1 X94.61 Y100.163 E2.77196
G1 X94.947 Y99.503 E2.80106
G1 X95.243 Y98.999 E2.82401
G1 X94.925 Y98.736 F7800
G1 F884.349
G1 X94.993 Y98.619 E2.82932
G1 X95.275 Y98.199 E2.84918
G1 X95.909 Y97.372 E2.8901
G1 X96.609 Y96.609 E2.93076
G1 X97.372 Y95.909 E2.97142
G1 X98.199 Y95.275 E3.01234
G1 X98.618 Y94.995 E3.03213
G1 X99.52 Y94.474 E3.07303
G1 X100.459 Y94.036 E3.11371
G1 X101.438 Y93.68 E3.15461
G1 X101.922 Y93.539 E3.1744
G1 X102.939 Y93.313 E3.21531
G1 X103.973 Y93.177 E3.25626
G1 X104.478 Y93.144 E3.27613
G1 X105.243 Y93.138 E3.30617
G1 X106.039 Y93.178 E3.33746
G1 X106.542 Y93.233 E3.35733
G1 X107.569 Y93.414 E3.39828
G1 X108.569 Y93.682 E3.43893
G1 X109.541 Y94.036 E3.47955
G1 X110.482 Y94.475 E3.52032
G1 X111.141 Y94.848 E3.55005
G1 X111.805 Y95.278 E3.58111
G1 X112.628 Y95.909 E3.62183
G1 X113.391 Y96.609 E3.66249
G1 X114.091 Y97.372 E3.70315
G1 X114.725 Y98.199 E3.74407
G1 X115.007 Y98.62 E3.76397
G1 X115.394 Y99.279 E3.79398
G1 X115.758 Y99.989 E3.82531
G1 X115.962 Y100.452 E3.84518
G1 X116.32 Y101.438 E3.88637
G1 X116.461 Y101.922 E3.90616
G1 X116.687 Y102.939 E3.94707
G1 X116.822 Y103.966 E3.98774
G1 X116.861 Y105.152 E4.03433
G1 X116.822 Y106.034 E4.069
G1 X116.687 Y107.061 E4.10967
G1 X116.462 Y108.074 E4.15041
G1 X116.24 Y108.799 E4.18018
G1 X115.965 Y109.54 E4.21121
G1 X115.524 Y110.486 E4.25219
M73 P29 R22
G1 X115.281 Y110.928 E4.27199
G1 X114.721 Y111.807 E4.31291
G1 X114.091 Y112.628 E4.35354
G1 X113.391 Y113.391 E4.3942
G1 X112.628 Y114.091 E4.43486
G1 X111.801 Y114.725 E4.47578
M73 Q29 S22
G1 X111.382 Y115.005 E4.49557
G1 X110.48 Y115.526 E4.53647
G1 X109.541 Y115.964 E4.57715
G1 X108.569 Y116.318 E4.61777
G1 X107.562 Y116.588 E4.65871
G1 X107.065 Y116.687 E4.67861
G1 X106.308 Y116.792 E4.70862
G1 X105.513 Y116.857 E4.73994
G1 X105.007 Y116.868 E4.75981
G1 X103.966 Y116.822 E4.80072
G1 X102.939 Y116.687 E4.84139
G1 X101.926 Y116.462 E4.88213
G1 X101.201 Y116.24 E4.9119
G1 X100.461 Y115.965 E4.9429
G1 X99.52 Y115.526 E4.98367
G1 X98.618 Y115.005 E5.02457
G1 X98.199 Y114.725 E5.04436
G1 X97.372 Y114.091 E5.08528
G1 X96.609 Y113.391 E5.12594
G1 X95.909 Y112.628 E5.1666
G1 X95.279 Y111.807 E5.20723
G1 X94.723 Y110.934 E5.24787
G1 X94.241 Y110.009 E5.28882
G1 X94.038 Y109.548 E5.3086
G1 X93.682 Y108.569 E5.3495
G1 X93.414 Y107.569 E5.39015
G1 X93.233 Y106.542 E5.4311
G1 X93.178 Y106.041 E5.45089
G1 X93.132 Y104.993 E5.49208
G1 X93.143 Y104.487 E5.51195
G1 X93.204 Y103.724 E5.542
G1 X93.313 Y102.934 E5.57331
G1 X93.412 Y102.438 E5.59317
G1 X93.682 Y101.431 E5.63411
G1 X94.038 Y100.452 E5.67501
G1 X94.242 Y99.989 E5.69488
G1 X94.59 Y99.307 E5.72494
G1 X94.895 Y98.788 E5.74858
G1 X94.577 Y98.525 F7800
;TYPE:External perimeter
G1 F884.349
G1 X94.648 Y98.403 E5.75412
G1 X94.944 Y97.961 E5.77501
G1 X95.597 Y97.11 E5.81713
G1 X96.32 Y96.32 E5.85918
G1 X97.11 Y95.597 E5.90123
G1 X97.961 Y94.944 E5.94335
G1 X98.403 Y94.649 E5.96422
G1 X99.332 Y94.112 E6.00635
G1 X100.303 Y93.66 E6.0484
G1 X101.311 Y93.292 E6.09053
G1 X101.821 Y93.144 E6.11138
G1 X102.869 Y92.912 E6.15353
G1 X103.933 Y92.772 E6.19567
G1 X104.463 Y92.737 E6.21653
G1 X105.252 Y92.731 E6.24751
G1 X106.071 Y92.772 E6.27971
G1 X106.6 Y92.83 E6.30061
G1 X107.657 Y93.016 E6.34275
G1 X108.691 Y93.293 E6.38478
G1 X109.697 Y93.66 E6.42683
G1 X110.669 Y94.113 E6.46894
G1 X111.352 Y94.5 E6.49976
G1 X112.04 Y94.945 E6.53193
G1 X112.89 Y95.597 E6.57399
G1 X113.68 Y96.32 E6.61604
G1 X114.403 Y97.11 E6.65809
G1 X115.056 Y97.961 E6.70021
G1 X115.352 Y98.403 E6.7211
G1 X115.751 Y99.083 E6.75206
G1 X116.126 Y99.814 E6.78432
G1 X116.34 Y100.3 E6.80517
G1 X116.708 Y101.311 E6.84741
G1 X116.856 Y101.821 E6.86826
G1 X117.088 Y102.868 E6.91037
G1 X117.228 Y103.93 E6.95243
G1 X117.267 Y105.17 E7.00114
G1 X117.228 Y106.07 E7.03651
G1 X117.088 Y107.132 E7.07857
G1 X116.856 Y108.178 E7.12064
G1 X116.626 Y108.929 E7.15148
G1 X116.341 Y109.697 E7.18364
G1 X115.887 Y110.67 E7.2258
G1 X115.632 Y111.135 E7.24662
G1 X115.055 Y112.041 E7.2888
G1 X114.403 Y112.89 E7.33083
G1 X113.68 Y113.68 E7.37288
G1 X112.89 Y114.403 E7.41493
G1 X112.039 Y115.056 E7.45705
G1 X111.597 Y115.351 E7.47792
G1 X110.668 Y115.888 E7.52005
G1 X109.697 Y116.34 E7.5621
G1 X108.691 Y116.707 E7.60415
G1 X107.654 Y116.984 E7.64629
G1 X107.133 Y117.088 E7.66715
G1 X106.352 Y117.197 E7.69811
G1 X105.534 Y117.263 E7.73033
G1 X105.002 Y117.275 E7.75122
G1 X103.93 Y117.228 E7.79335
G1 X102.869 Y117.088 E7.83537
G1 X101.822 Y116.856 E7.87748
G1 X101.071 Y116.626 E7.90832
G1 X100.303 Y116.341 E7.94048
G1 X99.332 Y115.888 E7.98255
G1 X98.403 Y115.351 E8.02468
G1 X97.961 Y115.056 E8.04555
G1 X97.11 Y114.403 E8.08767
G1 X96.32 Y113.68 E8.12972
G1 X95.597 Y112.89 E8.17177
G1 X94.945 Y112.041 E8.2138
G1 X94.37 Y111.137 E8.25587
G1 X93.874 Y110.185 E8.29802
G1 X93.66 Y109.7 E8.31883
G1 X93.293 Y108.691 E8.36099
G1 X93.016 Y107.657 E8.40302
G1 X92.83 Y106.6 E8.44516
G1 X92.772 Y106.072 E8.46602
G1 X92.725 Y104.998 E8.50823
G1 X92.737 Y104.466 E8.52912
G1 X92.799 Y103.68 E8.56008
G1 X92.912 Y102.867 E8.59231
G1 X93.016 Y102.346 E8.61317
G1 X93.293 Y101.309 E8.65531
G1 X93.66 Y100.3 E8.69747
G1 X93.874 Y99.814 E8.71832
G1 X94.233 Y99.112 E8.74928
G1 X94.547 Y98.577 E8.77364
G1 X94.76 Y98.239 F7800
;LAYER_CHANGE
;Z:3.75
;HEIGHT:0.2
G92 E0
G1 Z3.75 F7800
G1 X104.334 Y110.224
;TYPE:Perimeter
G1 F884.349
G1 X104.038 Y110.2 E.01166
G1 X103.55 Y110.081 E.03138
G1 X102.994 Y109.876 E.05465
G1 X102.526 Y109.675 E.07465
G1 X101.869 Y109.258 E.1052
G1 X101.228 Y108.676 E.1392
G1 X100.907 Y108.347 E.15725
G1 X100.577 Y107.897 E.17916
G1 X100.151 Y107.104 E.21451
G1 X99.816 Y106.027 E.2588
G1 X99.711 Y104.989 E.29976
G1 X99.822 Y103.937 E.3413
G1 X100.131 Y102.935 E.38247
G1 X100.545 Y102.177 E.41638
G1 X100.721 Y101.896 E.4294
G1 X101.2 Y101.325 E.45866
G1 X101.656 Y100.91 E.48287
G1 X102.519 Y100.33 E.5237
G1 X103.486 Y99.935 E.56471
G1 X104.215 Y99.773 E.59403
G1 X104.821 Y99.719 E.61792
G1 X105.511 Y99.754 E.64505
G1 X106.027 Y99.816 E.66546
G1 X106.92 Y100.077 E.70199
G1 X107.388 Y100.306 E.72245
G1 X107.939 Y100.609 E.74714
G1 X108.389 Y100.961 E.76957
G1 X108.771 Y101.292 E.78942
G1 X109.279 Y101.896 E.82041
G1 X109.703 Y102.628 E.85363
G1 X109.91 Y103.038 E.87166
G1 X110.09 Y103.567 E.8936
G1 X110.272 Y104.583 E.93413
G1 X110.273 Y105.372 E.96511
G1 X110.193 Y105.916 E.9867
G1 X110.085 Y106.445 E1.0079
G1 X109.84 Y107.078 E1.03455
G1 X109.632 Y107.545 E1.05462
G1 X109.369 Y107.978 E1.07451
G1 X109.039 Y108.389 E1.09521
G1 X108.708 Y108.771 E1.11506
G1 X108.104 Y109.279 E1.14605
G1 X107.372 Y109.703 E1.17927
G1 X106.919 Y109.923 E1.19904
G1 X106.026 Y110.184 E1.23557
G1 X105.089 Y110.285 E1.27257
G1 X104.394 Y110.229 E1.29995
G1 X104.378 Y109.828 F7800
G1 F884.349
G1 X104.205 Y109.815 E1.30676
G1 X103.647 Y109.686 E1.32925
G1 X103.149 Y109.5 E1.35012
G1 X102.567 Y109.219 E1.3755
G1 X102.071 Y108.904 E1.39857
G1 X101.51 Y108.382 E1.42866
G1 X101.235 Y108.107 E1.44393
G1 X100.905 Y107.656 E1.46587
G1 X100.512 Y106.916 E1.49877
G1 X100.207 Y105.913 E1.53993
G1 X100.12 Y105.053 E1.57387
G1 X100.225 Y103.992 E1.61573
G1 X100.471 Y103.182 E1.64897
G1 X101.033 Y102.158 E1.69483
G1 X101.512 Y101.587 E1.72409
G1 X101.924 Y101.216 E1.74586
G1 X102.722 Y100.682 E1.78356
G1 X103.482 Y100.362 E1.81594
G1 X104.303 Y100.171 E1.84904
G1 X104.849 Y100.125 E1.87055
G1 X105.478 Y100.159 E1.89528
G1 X105.913 Y100.207 E1.91246
G1 X106.806 Y100.468 E1.94899
G1 X107.842 Y101.033 E1.99532
G1 X108.413 Y101.512 E2.02458
G1 X108.967 Y102.158 E2.05799
G1 X109.525 Y103.169 E2.10333
G1 X109.704 Y103.698 E2.12526
G1 X109.857 Y104.522 E2.15817
G1 X109.866 Y105.372 E2.19155
G1 X109.727 Y106.212 E2.22498
G1 X109.46 Y106.93 E2.25506
G1 X109.284 Y107.333 E2.27233
G1 X109.021 Y107.767 E2.29226
G1 X108.488 Y108.413 E2.32514
G1 X107.842 Y108.967 E2.35855
G1 X107.176 Y109.346 E2.38864
G1 X106.805 Y109.533 E2.40495
G1 X105.913 Y109.793 E2.44143
G1 X105.053 Y109.88 E2.47537
G1 X104.438 Y109.833 E2.49959
G1 X104.422 Y109.425 F7800
;TYPE:External perimeter
G1 F884.349
G1 X104.24 Y109.409 E2.50676
G1 X103.744 Y109.29 E2.52679
G1 X102.95 Y108.977 E2.5603
G1 X102.307 Y108.571 E2.59016
G1 X101.564 Y107.866 E2.63038
G1 X101.233 Y107.416 E2.65231
G1 X100.873 Y106.728 E2.6828
G1 X100.598 Y105.799 E2.72084
G1 X100.526 Y105.018 E2.75164
G1 X100.627 Y104.053 E2.78974
G1 X100.86 Y103.304 E2.82054
G1 X101.259 Y102.569 E2.85338
G1 X101.584 Y102.134 E2.8747
G1 X101.846 Y101.826 E2.89058
G1 X102.265 Y101.458 E2.91248
G1 X102.918 Y101.039 E2.94294
G1 X103.638 Y100.738 E2.97358
G1 X104.391 Y100.568 E3.00389
G1 X104.942 Y100.526 E3.02559
G1 X105.799 Y100.598 E3.05936
G1 X106.692 Y100.858 E3.09588
G1 X107.431 Y101.259 E3.12889
G1 X107.866 Y101.584 E3.15021
G1 X108.176 Y101.849 E3.16622
G1 X108.655 Y102.419 E3.19545
G1 X109.139 Y103.3 E3.23492
G1 X109.319 Y103.829 E3.25686
G1 X109.456 Y104.592 E3.2873
G1 X109.459 Y105.372 E3.31793
G1 X109.326 Y106.141 E3.34857
G1 X109.081 Y106.783 E3.37555
G1 X108.936 Y107.122 E3.39003
G1 X108.673 Y107.555 E3.40992
G1 X108.176 Y108.151 E3.44039
G1 X107.581 Y108.655 E3.47101
G1 X106.691 Y109.142 E3.51085
G1 X105.799 Y109.402 E3.54733
G1 X105.018 Y109.474 E3.57813
G1 X104.482 Y109.43 E3.59925
G1 X104.087 Y109.368 F7800
G92 E0
G1 X95.275 Y98.949
;TYPE:Perimeter
G1 F884.349
G1 X95.611 Y98.429 E.02431
G1 X96.221 Y97.634 E.06366
G1 X96.897 Y96.897 E.10293
G1 X97.634 Y96.221 E.1422
G1 X98.356 Y95.667 E.17793
G1 X98.833 Y95.341 E.20062
G1 X99.708 Y94.835 E.24031
G1 X100.615 Y94.412 E.27961
G1 X101.47 Y94.101 E.31533
G1 X102.023 Y93.933 E.33802
G1 X103.01 Y93.714 E.37772
G1 X103.912 Y93.595 E.41344
G1 X104.493 Y93.551 E.43632
G1 X105.213 Y93.544 E.46459
G1 X105.915 Y93.579 E.49219
G1 X106.485 Y93.636 E.51468
G1 X107.48 Y93.812 E.55435
G1 X108.446 Y94.071 E.59362
G1 X109.385 Y94.412 E.63285
G1 X110.296 Y94.837 E.67232
G1 X110.912 Y95.186 E.70012
G1 X111.571 Y95.611 E.73091
G1 X112.366 Y96.221 E.77026
G1 X113.103 Y96.897 E.80953
G1 X113.779 Y97.634 E.8488
G1 X114.333 Y98.356 E.88453
G1 X114.659 Y98.833 E.90722
G1 X115.165 Y99.708 E.94691
G1 X115.588 Y100.615 E.98621
G1 X115.899 Y101.47 E1.02193
G1 X116.067 Y102.023 E1.04462
G1 X116.286 Y103.01 E1.08432
G1 X116.399 Y103.868 E1.1183
G1 X116.454 Y105.135 E1.1681
G1 X116.416 Y105.999 E1.20206
G1 X116.286 Y106.99 E1.2413
G1 X116.089 Y107.879 E1.27705
G1 X115.933 Y108.435 E1.29972
G1 X115.588 Y109.385 E1.3394
G1 X115.203 Y110.21 E1.37515
G1 X114.931 Y110.72 E1.39784
G1 X114.387 Y111.573 E1.43756
G1 X113.779 Y112.366 E1.4768
G1 X113.103 Y113.103 E1.51607
G1 X112.366 Y113.779 E1.55534
G1 X111.644 Y114.333 E1.59107
G1 X111.167 Y114.659 E1.61376
G1 X110.292 Y115.165 E1.65345
G1 X109.385 Y115.588 E1.69275
G1 X108.446 Y115.929 E1.73198
G1 X107.567 Y116.165 E1.76772
G1 X106.997 Y116.285 E1.79059
G1 X106.284 Y116.385 E1.81886
G1 X105.583 Y116.442 E1.84648
G1 X105.011 Y116.46 E1.86895
G1 X104.001 Y116.416 E1.90864
G1 X103.01 Y116.286 E1.94788
G1 X102.03 Y116.068 E1.9873
G1 X101.352 Y115.861 E2.01513
G1 X100.617 Y115.589 E2.0459
G1 X99.704 Y115.163 E2.08546
G1 X99.088 Y114.814 E2.11326
G1 X98.429 Y114.389 E2.14405
G1 X97.634 Y113.779 E2.1834
G1 X96.897 Y113.103 E2.22267
G1 X96.221 Y112.366 E2.26194
G1 X95.613 Y111.573 E2.30118
G1 X95.075 Y110.73 E2.34045
G1 X94.655 Y109.923 E2.37617
G1 X94.416 Y109.396 E2.39889
G1 X94.071 Y108.446 E2.43857
G1 X93.812 Y107.48 E2.47784
G1 X93.654 Y106.584 E2.51356
G1 X93.584 Y106.01 E2.53626
G1 X93.544 Y105.09 E2.57242
G1 X93.55 Y104.507 E2.59531
G1 X93.607 Y103.789 E2.62359
G1 X93.703 Y103.093 E2.65118
M73 P30 R22
G1 X93.809 Y102.531 E2.67364
G1 X94.071 Y101.554 E2.71336
G1 X94.412 Y100.615 E2.75259
G1 X94.837 Y99.704 E2.79206
G1 X95.186 Y99.088 E2.81986
G1 X95.243 Y98.999 E2.82401
G1 X94.927 Y98.738 F7800
G1 F884.349
M73 Q30 S22
G1 X95.278 Y98.195 E2.8494
G1 X95.909 Y97.372 E2.89012
G1 X96.609 Y96.609 E2.93078
G1 X97.372 Y95.909 E2.97144
G1 X98.199 Y95.275 E3.01236
G1 X98.618 Y94.995 E3.03215
G1 X99.52 Y94.474 E3.07305
G1 X100.459 Y94.036 E3.11373
G1 X101.438 Y93.68 E3.15463
G1 X101.922 Y93.539 E3.17442
G1 X102.939 Y93.313 E3.21533
G1 X103.973 Y93.177 E3.25628
G1 X104.478 Y93.144 E3.27615
G1 X105.222 Y93.137 E3.30536
G1 X106.039 Y93.178 E3.33748
G1 X106.542 Y93.233 E3.35735
G1 X107.569 Y93.414 E3.3983
G1 X108.569 Y93.682 E3.43895
G1 X109.541 Y94.036 E3.47957
G1 X110.482 Y94.475 E3.52034
G1 X111.123 Y94.837 E3.54924
G1 X111.805 Y95.278 E3.58113
G1 X112.628 Y95.909 E3.62185
G1 X113.391 Y96.609 E3.66251
G1 X114.091 Y97.372 E3.70317
G1 X114.725 Y98.199 E3.74409
G1 X115.005 Y98.618 E3.76388
G1 X115.526 Y99.52 E3.80478
G1 X115.964 Y100.459 E3.84546
G1 X116.32 Y101.438 E3.88636
G1 X116.461 Y101.922 E3.90615
G1 X116.687 Y102.939 E3.94706
G1 X116.822 Y103.966 E3.98773
G1 X116.861 Y105.153 E4.03436
G1 X116.822 Y106.034 E4.06899
G1 X116.687 Y107.061 E4.10966
G1 X116.461 Y108.078 E4.15057
G1 X116.32 Y108.562 E4.17036
G1 X115.964 Y109.541 E4.21126
G1 X115.524 Y110.486 E4.25219
G1 X115.281 Y110.928 E4.27199
G1 X114.721 Y111.807 E4.31291
G1 X114.091 Y112.628 E4.35354
G1 X113.391 Y113.391 E4.3942
G1 X112.628 Y114.091 E4.43486
G1 X111.801 Y114.725 E4.47578
G1 X111.382 Y115.005 E4.49557
G1 X110.48 Y115.526 E4.53647
G1 X109.541 Y115.964 E4.57715
G1 X108.569 Y116.318 E4.61777
G1 X107.562 Y116.588 E4.65871
G1 X107.065 Y116.687 E4.67861
G1 X106.329 Y116.79 E4.70779
G1 X105.513 Y116.857 E4.73994
G1 X105.007 Y116.868 E4.75981
G1 X103.966 Y116.822 E4.80072
G1 X102.939 Y116.687 E4.84139
G1 X101.926 Y116.462 E4.88213
G1 X101.222 Y116.247 E4.91103
G1 X100.46 Y115.965 E4.94293
G1 X99.518 Y115.525 E4.98375
G1 X98.877 Y115.163 E5.01265
G1 X98.195 Y114.722 E5.04454
G1 X97.372 Y114.091 E5.08526
G1 X96.609 Y113.391 E5.12592
G1 X95.909 Y112.628 E5.16658
G1 X95.279 Y111.807 E5.20721
G1 X94.723 Y110.934 E5.24785
G1 X94.241 Y110.009 E5.2888
G1 X94.038 Y109.548 E5.30858
G1 X93.682 Y108.569 E5.34948
G1 X93.414 Y107.569 E5.39013
G1 X93.233 Y106.542 E5.43108
G1 X93.178 Y106.041 E5.45087
G1 X93.132 Y104.993 E5.49206
G1 X93.143 Y104.486 E5.51197
G1 X93.202 Y103.745 E5.54116
G1 X93.314 Y102.934 E5.57331
G1 X93.412 Y102.438 E5.59316
G1 X93.682 Y101.431 E5.6341
G1 X94.036 Y100.459 E5.67472
G1 X94.475 Y99.518 E5.71549
G1 X94.837 Y98.877 E5.74439
G1 X94.895 Y98.788 E5.74856
G1 X94.579 Y98.527 F7800
;TYPE:External perimeter
G1 F884.349
G1 X94.945 Y97.96 E5.77506
G1 X95.597 Y97.11 E5.81712
G1 X96.32 Y96.32 E5.85917
G1 X97.11 Y95.597 E5.90122
G1 X97.961 Y94.944 E5.94334
G1 X98.403 Y94.649 E5.96421
G1 X99.332 Y94.112 E6.00634
G1 X100.303 Y93.66 E6.04839
G1 X101.311 Y93.292 E6.09052
G1 X101.821 Y93.144 E6.11137
G1 X102.869 Y92.912 E6.15352
G1 X103.933 Y92.772 E6.19566
G1 X104.463 Y92.737 E6.21652
G1 X105.23 Y92.73 E6.24664
G1 X106.072 Y92.772 E6.27974
G1 X106.6 Y92.83 E6.3006
G1 X107.657 Y93.016 E6.34274
G1 X108.691 Y93.293 E6.38477
G1 X109.697 Y93.66 E6.42682
G1 X110.669 Y94.113 E6.46893
G1 X111.334 Y94.489 E6.49893
G1 X112.04 Y94.945 E6.53193
G1 X112.89 Y95.597 E6.57399
G1 X113.68 Y96.32 E6.61604
G1 X114.403 Y97.11 E6.65809
G1 X115.056 Y97.961 E6.70021
G1 X115.351 Y98.403 E6.72108
G1 X115.888 Y99.332 E6.76321
G1 X116.34 Y100.303 E6.80526
G1 X116.708 Y101.311 E6.84739
G1 X116.856 Y101.821 E6.86824
G1 X117.088 Y102.869 E6.91039
G1 X117.228 Y103.93 E6.95241
G1 X117.267 Y105.17 E7.00112
G1 X117.228 Y106.07 E7.03649
G1 X117.088 Y107.132 E7.07855
G1 X116.856 Y108.179 E7.12066
G1 X116.708 Y108.689 E7.14151
G1 X116.34 Y109.697 E7.18364
G1 X115.887 Y110.67 E7.22578
G1 X115.632 Y111.135 E7.2466
G1 X115.055 Y112.041 E7.28878
G1 X114.403 Y112.89 E7.33081
G1 X113.68 Y113.68 E7.37286
G1 X112.89 Y114.403 E7.41491
G1 X112.039 Y115.056 E7.45703
G1 X111.597 Y115.351 E7.4779
G1 X110.668 Y115.888 E7.52003
G1 X109.697 Y116.34 E7.56208
G1 X108.691 Y116.707 E7.60413
G1 X107.654 Y116.984 E7.64627
G1 X107.133 Y117.088 E7.66713
G1 X106.374 Y117.195 E7.69723
G1 X105.534 Y117.263 E7.73032
G1 X105.002 Y117.275 E7.75121
G1 X103.93 Y117.228 E7.79334
G1 X102.869 Y117.088 E7.83536
G1 X101.822 Y116.856 E7.87747
G1 X101.091 Y116.633 E7.90748
G1 X100.303 Y116.341 E7.94048
G1 X99.331 Y115.887 E7.9826
G1 X98.666 Y115.511 E8.0126
G1 X97.96 Y115.055 E8.0456
G1 X97.11 Y114.403 E8.08766
G1 X96.32 Y113.68 E8.12971
G1 X95.597 Y112.89 E8.17176
G1 X94.945 Y112.041 E8.21379
G1 X94.37 Y111.137 E8.25586
G1 X93.874 Y110.185 E8.29801
G1 X93.66 Y109.7 E8.31882
G1 X93.293 Y108.691 E8.36098
G1 X93.016 Y107.657 E8.40301
G1 X92.83 Y106.6 E8.44515
G1 X92.772 Y106.072 E8.46601
G1 X92.725 Y104.998 E8.50822
G1 X92.737 Y104.466 E8.52911
G1 X92.797 Y103.702 E8.5592
G1 X92.912 Y102.867 E8.5923
G1 X93.016 Y102.346 E8.61316
G1 X93.293 Y101.309 E8.6553
G1 X93.66 Y100.303 E8.69735
G1 X94.113 Y99.331 E8.73946
G1 X94.489 Y98.666 E8.76946
G1 X94.546 Y98.577 E8.77361
G1 X94.763 Y98.241 F7800
G92 E0
G1 X95.91 Y100.535
;TYPE:Internal infill
;WIDTH:0.45
;HEIGHT:0.4
G1 F494.289
G1 X95.602 Y101.075 E.04367
G92 E0
G1 X99.571 Y98.665 F7800
G1 F494.289
G1 X98.153 Y96.211 E.1991
G1 X98.994 Y95.6 E.27213
G1 X99.85 Y95.106 E.34156
G1 X100.731 Y94.695 E.40985
G1 X101.66 Y94.357 E.4793
G1 X102.781 Y94.078 E.56045
G1 X102.837 Y94.335 E.57893
G1 X103.954 Y95.289 E.68212
G92 E0
G1 X110.399 Y95.246 F7800
G1 F494.289
G1 X109.269 Y94.695 E.08832
G1 X108.15 Y94.307 E.17152
G1 X109.215 Y96.868 E.36637
G92 E0
G1 X111.597 Y99.369 F7800
G1 F494.289
G1 X112.575 Y99.527 E.06959
G1 X113.96 Y102.091 E.27431
G1 X115.783 Y104.22 E.47121
G1 X116.12 Y104.213 E.49489
G1 X116.154 Y105 E.55023
G1 X116.112 Y105.972 E.61858
G1 X115.985 Y106.937 E.68696
G1 X115.773 Y107.892 E.75568
G1 X115.305 Y109.269 E.85785
G1 X114.888 Y110.164 E.92721
G1 X114.137 Y111.398 E1.02869
G1 X113.545 Y112.17 E1.09703
G1 X112.887 Y112.887 E1.16539
G1 X111.819 Y113.814 E1.26474
G1 X110.524 Y112.12 E1.41453
G1 X112.202 Y109.445 E1.63636
G1 X112.774 Y108.299 E1.72634
G1 X113.298 Y107.698 E1.78235
G92 E0
G1 X115.591 Y104.153 F7800
G1 F494.289
G1 X113.45 Y103.393 E.1596
G92 E0
G1 X111.106 Y111.868 F7800
G1 F494.289
G1 X110.711 Y112.039 E.03024
G92 E0
G1 X108.166 Y115.61 F7800
G1 F494.289
G1 X108.365 Y115.634 E.01408
G1 X106.946 Y115.984 E.11675
G1 X105.476 Y116.145 E.22063
G1 X104.8 Y116.146 E.26812
G1 X105.579 Y113.186 E.48314
G1 X105.037 Y112.851 E.5279
G92 E0
G1 X99.767 Y112.879 F7800
G1 F494.289
G1 X97.901 Y108.712 E.32074
G1 X96.251 Y106.881 E.49389
G1 X96.027 Y105.2 E.61302
G1 X96.28 Y104.41 E.67129
G1 X95.779 Y102.816 E.78867
G1 X95.501 Y101.252 E.90026
G1 X94.068 Y102.792 E1.04804
M73 P31 R22
G1 X93.912 Y103.811 E1.12046
M73 Q31 S22
G1 X93.855 Y105.219 E1.21945
G92 E0
G1 X96.078 Y107.037 F7800
G1 F494.289
G1 X96.1 Y107.017 E.00209
G92 E0
G1 X97.828 Y108.902 F7800
G1 F494.289
G1 X97.005 Y111.041 E.161
;LAYER_CHANGE
;Z:3.95
;HEIGHT:0.2
G92 E0
G1 Z3.95 F7800
G1 X104.334 Y110.227
;TYPE:Perimeter
;WIDTH:0.449999
G1 F884.349
G1 X103.922 Y110.172 E.01632
G1 X103.41 Y110.044 E.03704
G1 X102.638 Y109.729 E.06978
G1 X102.129 Y109.423 E.0931
G1 X101.711 Y109.138 E.11296
G1 X101.228 Y108.676 E.1392
G1 X100.907 Y108.347 E.15725
G1 X100.577 Y107.897 E.17916
G1 X100.151 Y107.104 E.21451
G1 X99.816 Y106.027 E.2588
G1 X99.711 Y104.989 E.29976
G1 X99.818 Y103.965 E.34019
G1 X99.971 Y103.414 E.36264
G1 X100.149 Y102.899 E.38404
G1 X100.609 Y102.06 E.42161
G1 X100.961 Y101.611 E.44401
G1 X101.292 Y101.229 E.46386
G1 X101.689 Y100.878 E.48467
G1 X102.147 Y100.568 E.50639
G1 X102.598 Y100.289 E.52721
G1 X103.326 Y99.986 E.55817
G1 X104.204 Y99.775 E.59363
G1 X104.824 Y99.718 E.61808
G1 X105.513 Y99.754 E.64517
G1 X106.09 Y99.83 E.66802
G1 X106.587 Y99.957 E.68816
G1 X107.356 Y100.269 E.72074
G1 X108.311 Y100.882 E.7653
G1 X108.728 Y101.271 E.78769
G1 X109.08 Y101.635 E.80757
G1 X109.394 Y102.06 E.82832
G1 X109.846 Y102.89 E.86543
G1 X110.184 Y103.974 E.91001
G1 X110.253 Y104.54 E.9324
G1 X110.288 Y105.045 E.95228
G1 X110.25 Y105.624 E.97506
G1 X110.067 Y106.505 E1.01039
G1 X109.872 Y107.018 E1.03194
G1 X109.659 Y107.501 E1.05267
G1 X109.369 Y107.978 E1.07459
G1 X108.708 Y108.771 E1.11513
G1 X108.104 Y109.279 E1.14612
G1 X107.501 Y109.659 E1.17411
G1 X107.018 Y109.872 E1.19484
G1 X106.548 Y110.057 E1.21467
G1 X106.034 Y110.183 E1.23545
G1 X105.089 Y110.285 E1.27277
G1 X104.496 Y110.249 E1.2961
G1 X104.394 Y110.235 E1.30014
G1 X104.378 Y109.824 F7800
G1 F884.349
G1 X104.019 Y109.777 E1.31436
G1 X103.532 Y109.656 E1.33406
G1 X102.794 Y109.353 E1.36538
G1 X101.977 Y108.83 E1.40347
G1 X101.305 Y108.187 E1.43999
G1 X100.962 Y107.734 E1.4623
G1 X100.512 Y106.916 E1.49896
G1 X100.207 Y105.913 E1.54012
G1 X100.12 Y105.053 E1.57406
G1 X100.223 Y104.009 E1.61525
M73 P31 R21
G1 X100.471 Y103.182 E1.64915
G1 X100.966 Y102.256 E1.69038
G1 X101.512 Y101.587 E1.72429
G1 X101.934 Y101.205 E1.74664
G1 X102.368 Y100.91 E1.76724
G1 X102.794 Y100.647 E1.7869
G1 X103.482 Y100.362 E1.81614
G1 X104.293 Y100.173 E1.84884
G1 X104.852 Y100.124 E1.87087
G1 X105.481 Y100.16 E1.89561
G1 X105.995 Y100.226 E1.91596
G1 X106.469 Y100.347 E1.93517
G1 X107.203 Y100.646 E1.96629
G1 X108.085 Y101.22 E2.00761
G1 X108.704 Y101.823 E2.04154
G1 X109.067 Y102.302 E2.06514
G1 X109.486 Y103.08 E2.09984
G1 X109.815 Y104.205 E2.14586
G1 X109.88 Y104.947 E2.17511
G1 X109.851 Y105.501 E2.19689
G1 X109.67 Y106.417 E2.23355
G1 X109.353 Y107.206 E2.26694
G1 X109.021 Y107.767 E2.29254
G1 X108.488 Y108.413 E2.32542
G1 X107.842 Y108.967 E2.35883
G1 X107.289 Y109.311 E2.3844
G1 X106.518 Y109.638 E2.41728
G1 X105.937 Y109.787 E2.44083
G1 X105.053 Y109.88 E2.47573
G1 X104.531 Y109.843 E2.49628
G1 X104.438 Y109.831 E2.49996
G1 X104.422 Y109.425 F7800
;TYPE:External perimeter
G1 F884.349
G1 X104.293 Y109.414 E2.50504
G1 X103.667 Y109.272 E2.53024
G1 X102.95 Y108.977 E2.56068
G1 X102.334 Y108.589 E2.58927
G1 X101.564 Y107.866 E2.63074
G1 X101.233 Y107.416 E2.65267
G1 X100.873 Y106.728 E2.68316
G1 X100.598 Y105.799 E2.7212
G1 X100.526 Y105.018 E2.752
G1 X100.627 Y104.053 E2.7901
G1 X100.86 Y103.304 E2.8209
G1 X101.323 Y102.452 E2.85897
G1 X101.824 Y101.849 E2.88975
G1 X102.203 Y101.51 E2.90972
G1 X102.917 Y101.04 E2.94328
G1 X103.638 Y100.738 E2.97397
G1 X104.381 Y100.57 E3.00388
G1 X104.881 Y100.531 E3.02357
G1 X105.448 Y100.565 E3.04587
G1 X105.9 Y100.622 E3.06376
G1 X106.316 Y100.724 E3.08058
G1 X107.049 Y101.023 E3.11166
G1 X107.859 Y101.559 E3.1498
G1 X108.416 Y102.111 E3.18059
G1 X108.74 Y102.544 E3.20182
G1 X109.126 Y103.27 E3.2341
G1 X109.409 Y104.241 E3.27381
G1 X109.474 Y104.983 E3.30306
M73 Q31 S21
G1 X109.438 Y105.571 E3.32619
G1 X109.273 Y106.329 E3.35665
G1 X108.977 Y107.05 E3.38725
G1 X108.673 Y107.555 E3.41039
G1 X108.176 Y108.151 E3.44086
G1 X107.581 Y108.655 E3.47148
G1 X107.078 Y108.963 E3.49464
G1 X106.362 Y109.262 E3.52511
G1 X105.84 Y109.392 E3.54623
G1 X105.018 Y109.474 E3.57867
G1 X104.482 Y109.43 E3.59979
G1 X104.087 Y109.364 F7800
G92 E0
G1 X95.273 Y98.948
;TYPE:Perimeter
G1 F884.349
G1 X95.292 Y98.915 E.0015
G1 X95.606 Y98.436 E.02399
G1 X96.221 Y97.634 E.06367
G1 X96.897 Y96.897 E.10294
G1 X97.634 Y96.221 E.14221
G1 X98.356 Y95.667 E.17794
G1 X98.833 Y95.341 E.20063
G1 X99.708 Y94.835 E.24032
G1 X100.615 Y94.412 E.27962
G1 X101.559 Y94.069 E.31906
G1 X102.221 Y93.885 E.34604
G1 X103.007 Y93.715 E.37762
G1 X103.912 Y93.595 E.41347
G1 X104.494 Y93.551 E.43639
G1 X105.192 Y93.544 E.4638
G1 X105.914 Y93.579 E.49218
G1 X106.485 Y93.636 E.51471
G1 X107.48 Y93.812 E.55438
G1 X108.446 Y94.071 E.59365
G1 X109.385 Y94.412 E.63288
G1 X110.21 Y94.797 E.66863
G1 X110.725 Y95.072 E.69155
G1 X111.317 Y95.441 E.71894
G1 X111.908 Y95.859 E.74736
G1 X112.358 Y96.214 E.76987
G1 X113.103 Y96.897 E.80955
G1 X113.779 Y97.634 E.84882
G1 X114.333 Y98.356 E.88455
G1 X114.662 Y98.837 E.90743
G1 X115.017 Y99.438 E.93484
G1 X115.348 Y100.082 E.96327
G1 X115.584 Y100.604 E.98576
G1 X115.899 Y101.469 E1.02191
G1 X116.067 Y102.023 E1.04464
G1 X116.286 Y103.01 E1.08434
G1 X116.416 Y104.001 E1.12358
G1 X116.454 Y105.135 E1.16813
G1 X116.416 Y105.999 E1.20209
G1 X116.286 Y106.99 E1.24133
G1 X116.089 Y107.878 E1.27704
G1 X115.933 Y108.435 E1.29975
G1 X115.588 Y109.385 E1.33943
G1 X115.203 Y110.21 E1.37518
G1 X114.931 Y110.72 E1.39787
G1 X114.387 Y111.573 E1.43759
G1 X113.779 Y112.366 E1.47683
G1 X113.103 Y113.103 E1.5161
G1 X112.366 Y113.779 E1.55537
G1 X111.644 Y114.333 E1.5911
G1 X111.167 Y114.659 E1.61379
G1 X110.292 Y115.165 E1.65348
G1 X109.385 Y115.588 E1.69278
G1 X108.446 Y115.929 E1.73201
G1 X107.567 Y116.165 E1.76775
G1 X106.996 Y116.285 E1.79066
G1 X106.305 Y116.383 E1.81806
G1 X105.584 Y116.442 E1.84646
G1 X105.011 Y116.46 E1.86897
G1 X104.091 Y116.42 E1.90513
G1 X103.515 Y116.364 E1.92785
G1 X102.52 Y116.188 E1.96752
G1 X101.554 Y115.929 E2.00679
G1 X100.615 Y115.588 E2.04602
G1 X99.708 Y115.165 E2.08532
G1 X98.921 Y114.71 E2.12101
G1 X98.436 Y114.394 E2.14374
G1 X97.634 Y113.779 E2.18342
G1 X96.897 Y113.103 E2.22269
G1 X96.221 Y112.366 E2.26196
G1 X95.613 Y111.573 E2.3012
G1 X95.075 Y110.73 E2.34047
G1 X94.655 Y109.923 E2.37619
G1 X94.416 Y109.396 E2.39891
G1 X94.071 Y108.446 E2.43859
G1 X93.812 Y107.48 E2.47786
G1 X93.654 Y106.584 E2.51358
G1 X93.584 Y106.01 E2.53628
G1 X93.544 Y105.09 E2.57244
G1 X93.55 Y104.506 E2.59537
G1 X93.604 Y103.81 E2.62278
G1 X93.703 Y103.094 E2.65116
G1 X93.809 Y102.531 E2.67365
G1 X94.071 Y101.554 E2.71337
G1 X94.382 Y100.699 E2.74909
G1 X94.611 Y100.162 E2.77201
G1 X94.927 Y99.54 E2.7994
G1 X95.243 Y99 E2.82397
G1 X94.925 Y98.737 F7800
G1 F884.349
G1 X94.994 Y98.619 E2.82934
G1 X95.275 Y98.199 E2.84918
G1 X95.909 Y97.372 E2.8901
G1 X96.609 Y96.609 E2.93076
G1 X97.372 Y95.909 E2.97142
G1 X98.199 Y95.275 E3.01234
G1 X98.618 Y94.995 E3.03213
G1 X99.52 Y94.474 E3.07303
G1 X100.459 Y94.036 E3.11371
G1 X101.434 Y93.681 E3.15445
G1 X102.123 Y93.489 E3.18253
G1 X102.938 Y93.313 E3.21527
G1 X103.973 Y93.177 E3.25626
G1 X104.478 Y93.144 E3.27613
G1 X105.2 Y93.137 E3.30448
G1 X106.04 Y93.178 E3.3375
G1 X106.542 Y93.233 E3.35733
G1 X107.569 Y93.414 E3.39828
G1 X108.569 Y93.682 E3.43893
G1 X109.541 Y94.036 E3.47955
G1 X110.486 Y94.476 E3.52048
G1 X110.931 Y94.72 E3.54041
G1 X111.543 Y95.102 E3.56874
G1 X112.229 Y95.588 E3.60175
G1 X112.623 Y95.904 E3.62158
G1 X113.391 Y96.609 E3.66251
G1 X114.091 Y97.372 E3.70317
G1 X114.725 Y98.199 E3.74409
G1 X115.007 Y98.62 E3.76399
G1 X115.374 Y99.242 E3.79235
G1 X115.758 Y99.989 E3.82533
G1 X115.962 Y100.452 E3.8452
G1 X116.32 Y101.438 E3.88639
G1 X116.461 Y101.922 E3.90618
G1 X116.687 Y102.939 E3.94709
G1 X116.822 Y103.966 E3.98776
G1 X116.861 Y105.152 E4.03435
G1 X116.822 Y106.034 E4.06902
G1 X116.687 Y107.061 E4.10969
G1 X116.461 Y108.078 E4.1506
G1 X116.32 Y108.562 E4.17039
G1 X115.964 Y109.541 E4.21129
G1 X115.524 Y110.486 E4.25222
G1 X115.281 Y110.928 E4.27202
G1 X114.721 Y111.807 E4.31294
G1 X114.091 Y112.628 E4.35357
G1 X113.391 Y113.391 E4.39423
G1 X112.628 Y114.091 E4.43489
G1 X111.801 Y114.725 E4.47581
G1 X111.382 Y115.005 E4.4956
G1 X110.48 Y115.526 E4.5365
G1 X109.541 Y115.964 E4.57718
G1 X108.569 Y116.318 E4.6178
G1 X107.562 Y116.588 E4.65874
G1 X107.065 Y116.687 E4.67864
G1 X106.35 Y116.788 E4.70699
G1 X105.512 Y116.857 E4.74001
G1 X105.007 Y116.868 E4.75984
G1 X103.959 Y116.822 E4.80103
G1 X103.458 Y116.767 E4.82082
G1 X102.431 Y116.586 E4.86177
G1 X101.431 Y116.318 E4.90242
G1 X100.459 Y115.964 E4.94304
G1 X99.52 Y115.526 E4.98372
G1 X98.618 Y115.005 E5.02462
G1 X98.199 Y114.725 E5.04441
G1 X97.372 Y114.091 E5.08533
G1 X96.609 Y113.391 E5.12599
G1 X95.909 Y112.628 E5.16665
G1 X95.279 Y111.807 E5.20728
G1 X94.723 Y110.934 E5.24792
G1 X94.241 Y110.009 E5.28887
G1 X94.038 Y109.548 E5.30865
G1 X93.682 Y108.569 E5.34955
G1 X93.414 Y107.569 E5.3902
G1 X93.233 Y106.542 E5.43115
G1 X93.178 Y106.041 E5.45094
G1 X93.132 Y104.993 E5.49213
G1 X93.143 Y104.486 E5.51204
G1 X93.199 Y103.767 E5.54036
G1 X93.314 Y102.934 E5.57338
G1 X93.412 Y102.438 E5.59323
G1 X93.682 Y101.431 E5.63417
G1 X94.038 Y100.452 E5.67507
G1 X94.243 Y99.988 E5.69499
G1 X94.57 Y99.345 E5.72331
G1 X94.895 Y98.788 E5.74863
G1 X94.577 Y98.525 F7800
;TYPE:External perimeter
G1 F884.349
G1 X94.648 Y98.403 E5.75417
G1 X94.944 Y97.961 E5.77506
G1 X95.597 Y97.11 E5.81718
G1 X96.32 Y96.32 E5.85923
G1 X97.11 Y95.597 E5.90128
G1 X97.961 Y94.944 E5.9434
G1 X98.403 Y94.649 E5.96427
G1 X99.332 Y94.112 E6.0064
G1 X100.303 Y93.66 E6.04845
G1 X101.31 Y93.293 E6.09053
G1 X102.025 Y93.094 E6.11967
G1 X102.868 Y92.912 E6.15353
G1 X103.933 Y92.772 E6.19571
G1 X104.463 Y92.737 E6.21657
G1 X105.208 Y92.73 E6.24582
G1 X106.072 Y92.772 E6.27978
G1 X106.6 Y92.83 E6.30064
G1 X107.657 Y93.016 E6.34278
G1 X108.691 Y93.293 E6.38481
G1 X109.697 Y93.66 E6.42686
G1 X110.67 Y94.113 E6.469
G1 X111.136 Y94.369 E6.48988
G1 X111.768 Y94.763 E6.51912
G1 X112.474 Y95.263 E6.55309
G1 X112.888 Y95.595 E6.57393
M73 P32 R21
G1 X113.68 Y96.32 E6.61609
G1 X114.403 Y97.11 E6.65814
G1 X115.056 Y97.961 E6.70026
G1 X115.352 Y98.404 E6.72118
G1 X115.731 Y99.045 E6.75042
G1 X116.126 Y99.814 E6.78436
G1 X116.34 Y100.3 E6.80521
M73 Q32 S21
G1 X116.708 Y101.311 E6.84745
G1 X116.856 Y101.821 E6.8683
G1 X117.088 Y102.869 E6.91045
G1 X117.228 Y103.93 E6.95247
G1 X117.267 Y105.17 E7.00118
G1 X117.228 Y106.07 E7.03655
G1 X117.088 Y107.132 E7.07861
G1 X116.856 Y108.179 E7.12072
G1 X116.708 Y108.689 E7.14157
G1 X116.34 Y109.697 E7.1837
G1 X115.887 Y110.67 E7.22584
G1 X115.632 Y111.135 E7.24666
G1 X115.055 Y112.041 E7.28884
G1 X114.403 Y112.89 E7.33087
G1 X113.68 Y113.68 E7.37292
G1 X112.89 Y114.403 E7.41497
G1 X112.039 Y115.056 E7.45709
G1 X111.597 Y115.351 E7.47796
G1 X110.668 Y115.888 E7.52009
G1 X109.697 Y116.34 E7.56214
G1 X108.691 Y116.707 E7.60419
G1 X107.654 Y116.984 E7.64633
G1 X107.133 Y117.088 E7.66719
G1 X106.395 Y117.193 E7.69646
G1 X105.534 Y117.263 E7.73038
G1 X105.002 Y117.275 E7.75127
G1 X103.928 Y117.228 E7.79348
G1 X103.4 Y117.17 E7.81434
G1 X102.343 Y116.984 E7.85648
G1 X101.309 Y116.707 E7.89851
G1 X100.303 Y116.34 E7.94056
G1 X99.332 Y115.888 E7.98261
G1 X98.403 Y115.351 E8.02474
G1 X97.961 Y115.056 E8.04561
G1 X97.11 Y114.403 E8.08773
G1 X96.32 Y113.68 E8.12978
G1 X95.597 Y112.89 E8.17183
G1 X94.945 Y112.041 E8.21386
G1 X94.37 Y111.137 E8.25593
G1 X93.874 Y110.185 E8.29808
G1 X93.66 Y109.7 E8.31889
G1 X93.293 Y108.691 E8.36105
G1 X93.016 Y107.657 E8.40308
G1 X92.83 Y106.6 E8.44522
G1 X92.772 Y106.072 E8.46608
G1 X92.725 Y104.998 E8.50829
G1 X92.737 Y104.466 E8.52918
G1 X92.795 Y103.723 E8.55844
G1 X92.912 Y102.867 E8.59236
G1 X93.016 Y102.346 E8.61322
G1 X93.293 Y101.309 E8.65536
G1 X93.66 Y100.3 E8.69752
G1 X93.875 Y99.814 E8.71839
G1 X94.212 Y99.15 E8.74763
G1 X94.547 Y98.577 E8.77369
G1 X94.76 Y98.239 F7800
;LAYER_CHANGE
;Z:4.15
;HEIGHT:0.2
G92 E0
G1 Z4.15 F7800
G1 X104.335 Y110.216
;TYPE:Perimeter
G1 F884.349
G1 X103.965 Y110.182 E.01459
G1 X103.414 Y110.029 E.03704
G1 X102.935 Y109.869 E.05687
G1 X102.235 Y109.505 E.08785
G1 X101.563 Y108.991 E.12107
G1 X101.2 Y108.675 E.13997
G1 X100.721 Y108.104 E.16923
G1 X100.391 Y107.583 E.19345
G1 X100.146 Y107.06 E.21613
G1 X99.956 Y106.59 E.23604
G1 X99.828 Y106.078 E.25676
G1 X99.751 Y105.504 E.2795
G1 X99.711 Y104.989 E.29978
G1 X99.818 Y103.965 E.34021
G1 X99.971 Y103.414 E.36266
G1 X100.149 Y102.899 E.38406
G1 X100.609 Y102.061 E.4216
G1 X100.961 Y101.611 E.44403
G1 X101.292 Y101.229 E.46388
G1 X101.686 Y100.881 E.48452
G1 X102.598 Y100.289 E.52721
G1 X103.326 Y99.986 E.55817
G1 X104.206 Y99.775 E.5937
G1 X104.827 Y99.718 E.61819
G1 X105.516 Y99.754 E.64528
G1 X106.078 Y99.828 E.66754
G1 X106.59 Y99.956 E.68826
G1 X107.362 Y100.271 E.721
G1 X107.895 Y100.581 E.74521
G1 X108.476 Y101.033 E.77411
G1 X108.8 Y101.325 E.79124
G1 X109.279 Y101.896 E.8205
G1 X109.703 Y102.628 E.85372
G1 X109.917 Y103.059 E.87261
G1 X110.141 Y103.77 E.90188
G1 X110.252 Y104.608 E.93507
G1 X110.287 Y105.067 E.95314
G1 X110.25 Y105.624 E.97506
G1 X110.067 Y106.505 E1.01039
G1 X109.872 Y107.018 E1.03194
G1 X109.659 Y107.501 E1.05267
G1 X109.369 Y107.978 E1.07459
G1 X108.708 Y108.771 E1.11513
G1 X108.104 Y109.279 E1.14612
G1 X107.372 Y109.703 E1.17934
G1 X106.919 Y109.923 E1.19911
G1 X106.027 Y110.184 E1.2356
G1 X105.089 Y110.285 E1.27264
G1 X104.395 Y110.222 E1.3
G1 X104.38 Y109.806 F7800
G1 F884.349
G1 X103.892 Y109.753 E1.31927
G1 X103.182 Y109.529 E1.3485
G1 X102.323 Y109.079 E1.38658
G1 X101.597 Y108.497 E1.42312
G1 X101.033 Y107.842 E1.45706
G1 X100.739 Y107.372 E1.47883
G1 X100.522 Y106.904 E1.49909
G1 X100.333 Y106.429 E1.51916
G1 X100.2 Y105.887 E1.54107
G1 X100.12 Y105.053 E1.57397
G1 X100.223 Y104.009 E1.61516
G1 X100.471 Y103.182 E1.64906
G1 X100.966 Y102.256 E1.69029
G1 X101.512 Y101.587 E1.7242
G1 X101.934 Y101.204 E1.74658
G1 X102.369 Y100.91 E1.7672
G1 X102.794 Y100.647 E1.78682
G1 X103.482 Y100.362 E1.81606
G1 X104.294 Y100.173 E1.8488
G1 X104.855 Y100.124 E1.87091
G1 X105.483 Y100.16 E1.89561
G1 X105.981 Y100.223 E1.91532
G1 X106.468 Y100.344 E1.93502
G1 X107.206 Y100.647 E1.96634
G1 X107.684 Y100.929 E1.98813
G1 X108.214 Y101.345 E2.01458
G1 X108.488 Y101.587 E2.02893
G1 X108.967 Y102.158 E2.05819
G1 X109.529 Y103.182 E2.10405
G1 X109.753 Y103.892 E2.13328
G1 X109.881 Y105.04 E2.17864
G1 X109.844 Y105.597 E2.20056
G1 X109.67 Y106.417 E2.23347
G1 X109.353 Y107.206 E2.26686
G1 X109.021 Y107.767 E2.29246
G1 X108.488 Y108.413 E2.32534
G1 X107.842 Y108.967 E2.35875
G1 X107.176 Y109.346 E2.38884
G1 X106.805 Y109.533 E2.40515
G1 X105.913 Y109.793 E2.44163
G1 X105.053 Y109.88 E2.47557
G1 X104.44 Y109.813 E2.49978
G1 X104.424 Y109.409 F7800
;TYPE:External perimeter
G1 F884.349
G1 X104.014 Y109.364 E2.51598
G1 X103.304 Y109.14 E2.54521
G1 X102.611 Y108.783 E2.57582
G1 X101.824 Y108.151 E2.61545
G1 X101.345 Y107.581 E2.64468
G1 X101.037 Y107.078 E2.66784
G1 X100.738 Y106.362 E2.69831
G1 X100.596 Y105.79 E2.72145
G1 X100.526 Y105.018 E2.75189
G1 X100.627 Y104.053 E2.78999
G1 X100.86 Y103.304 E2.82079
G1 X101.323 Y102.452 E2.85886
G1 X101.824 Y101.849 E2.88964
G1 X102.204 Y101.509 E2.90966
G1 X102.917 Y101.04 E2.94317
G1 X103.638 Y100.738 E2.97386
G1 X104.382 Y100.57 E3.00381
G1 X104.884 Y100.53 E3.02358
G1 X105.451 Y100.566 E3.04589
G1 X105.884 Y100.619 E3.06302
G1 X106.362 Y100.738 E3.08236
G1 X107.05 Y101.023 E3.1116
G1 X107.555 Y101.327 E3.13474
G1 X108.176 Y101.849 E3.16659
G1 X108.655 Y102.419 E3.19582
G1 X109.14 Y103.304 E3.23545
G1 X109.364 Y104.014 E3.26468
G1 X109.475 Y105.013 E3.30415
G1 X109.438 Y105.571 E3.32611
G1 X109.273 Y106.329 E3.35657
G1 X108.977 Y107.05 E3.38717
G1 X108.673 Y107.555 E3.41031
G1 X108.176 Y108.151 E3.44078
G1 X107.581 Y108.655 E3.4714
G1 X106.691 Y109.142 E3.51124
G1 X105.799 Y109.402 E3.54772
G1 X105.018 Y109.474 E3.57852
G1 X104.483 Y109.416 E3.59965
G1 X104.086 Y109.372 F7800
G92 E0
G1 X95.273 Y98.948
;TYPE:Perimeter
G1 F884.349
G1 X95.292 Y98.916 E.00146
G1 X95.606 Y98.436 E.02398
G1 X96.221 Y97.634 E.06366
G1 X96.897 Y96.897 E.10293
G1 X97.634 Y96.221 E.1422
G1 X98.356 Y95.667 E.17793
G1 X98.833 Y95.341 E.20062
G1 X99.708 Y94.835 E.24031
G1 X100.615 Y94.412 E.27961
G1 X101.559 Y94.069 E.31905
G1 X102.2 Y93.89 E.34518
G1 X103.008 Y93.715 E.37764
G1 X103.912 Y93.595 E.41345
G1 X104.494 Y93.551 E.43637
G1 X105.171 Y93.544 E.46295
G1 X105.914 Y93.579 E.49216
G1 X106.485 Y93.636 E.51469
G1 X107.48 Y93.812 E.55436
G1 X108.446 Y94.071 E.59363
G1 X109.385 Y94.412 E.63286
G1 X110.292 Y94.835 E.67216
G1 X111.157 Y95.335 E.71139
G1 X111.981 Y95.911 E.75087
G1 X112.495 Y96.334 E.77701
G1 X113.102 Y96.895 E.80946
G1 X113.779 Y97.634 E.84881
G1 X114.333 Y98.356 E.88454
G1 X114.659 Y98.833 E.90723
G1 X115.165 Y99.708 E.94692
G1 X115.588 Y100.615 E.98622
G1 X115.899 Y101.469 E1.02191
G1 X116.067 Y102.023 E1.04464
G1 X116.286 Y103.01 E1.08434
G1 X116.399 Y103.867 E1.11828
G1 X116.454 Y105.135 E1.16811
G1 X116.416 Y105.999 E1.20207
G1 X116.286 Y106.99 E1.24131
G1 X116.089 Y107.878 E1.27702
G1 X115.933 Y108.435 E1.29973
G1 X115.588 Y109.385 E1.33941
G1 X115.203 Y110.21 E1.37516
G1 X114.931 Y110.72 E1.39785
G1 X114.387 Y111.573 E1.43757
G1 X113.779 Y112.366 E1.47681
G1 X113.103 Y113.103 E1.51608
G1 X112.366 Y113.779 E1.55535
G1 X111.644 Y114.333 E1.59108
G1 X111.167 Y114.659 E1.61377
G1 X110.292 Y115.165 E1.65346
G1 X109.385 Y115.588 E1.69276
G1 X108.446 Y115.929 E1.73199
G1 X107.567 Y116.165 E1.76773
G1 X106.996 Y116.285 E1.79064
G1 X106.326 Y116.381 E1.81722
G1 X105.585 Y116.442 E1.84641
G1 X105.011 Y116.46 E1.86896
G1 X104.091 Y116.42 E1.90512
G1 X103.515 Y116.364 E1.92784
G1 X102.52 Y116.188 E1.96751
G1 X101.554 Y115.929 E2.00678
G1 X100.615 Y115.588 E2.04601
G1 X99.703 Y115.163 E2.08552
G1 X99.124 Y114.836 E2.11163
G1 X98.429 Y114.389 E2.14408
G1 X97.634 Y113.779 E2.18343
G1 X96.897 Y113.103 E2.2227
G1 X96.221 Y112.366 E2.26197
G1 X95.613 Y111.573 E2.30121
G1 X95.075 Y110.73 E2.34048
G1 X94.655 Y109.923 E2.3762
G1 X94.416 Y109.396 E2.39892
G1 X94.071 Y108.446 E2.4386
G1 X93.812 Y107.48 E2.47787
G1 X93.654 Y106.584 E2.51359
G1 X93.584 Y106.01 E2.53629
G1 X93.544 Y105.09 E2.57245
G1 X93.55 Y104.506 E2.59538
G1 X93.602 Y103.831 E2.62196
G1 X93.703 Y103.094 E2.65117
G1 X93.809 Y102.531 E2.67366
G1 X94.071 Y101.554 E2.71338
G1 X94.382 Y100.699 E2.7491
G1 X94.611 Y100.162 E2.77202
G1 X94.917 Y99.558 E2.79861
G1 X95.243 Y99 E2.82398
G1 X94.925 Y98.737 F7800
G1 F884.349
G1 X94.994 Y98.619 E2.82935
G1 X95.275 Y98.199 E2.84919
G1 X95.909 Y97.372 E2.89011
G1 X96.609 Y96.609 E2.93077
G1 X97.372 Y95.909 E2.97143
G1 X98.199 Y95.275 E3.01235
G1 X98.618 Y94.995 E3.03214
G1 X99.52 Y94.474 E3.07304
G1 X100.459 Y94.036 E3.11372
G1 X101.435 Y93.681 E3.1545
G1 X102.102 Y93.494 E3.1817
G1 X102.938 Y93.313 E3.21529
G1 X103.973 Y93.177 E3.25628
G1 X104.479 Y93.144 E3.27619
G1 X105.179 Y93.136 E3.30368
G1 X106.04 Y93.178 E3.33753
G1 X106.542 Y93.233 E3.35736
G1 X107.569 Y93.414 E3.39831
G1 X108.569 Y93.682 E3.43896
G1 X109.541 Y94.036 E3.47958
G1 X110.48 Y94.474 E3.52026
G1 X111.376 Y94.991 E3.56088
G1 X112.227 Y95.587 E3.60167
G1 X112.763 Y96.027 E3.6289
G1 X113.39 Y96.607 E3.66244
G1 X114.091 Y97.372 E3.70318
G1 X114.725 Y98.199 E3.7441
G1 X115.005 Y98.618 E3.76389
G1 X115.526 Y99.52 E3.80479
G1 X115.964 Y100.459 E3.84547
G1 X116.32 Y101.438 E3.88637
G1 X116.461 Y101.922 E3.90616
G1 X116.687 Y102.939 E3.94707
G1 X116.802 Y103.814 E3.98172
G1 X116.841 Y104.401 E4.00482
G1 X116.861 Y105.152 E4.03432
G1 X116.822 Y106.034 E4.06899
G1 X116.687 Y107.061 E4.10966
G1 X116.461 Y108.078 E4.15057
G1 X116.32 Y108.562 E4.17036
G1 X115.964 Y109.541 E4.21126
G1 X115.524 Y110.486 E4.25219
G1 X115.281 Y110.928 E4.27199
G1 X114.721 Y111.807 E4.31291
G1 X114.091 Y112.628 E4.35354
G1 X113.391 Y113.391 E4.3942
G1 X112.628 Y114.091 E4.43486
G1 X111.801 Y114.725 E4.47578
G1 X111.382 Y115.005 E4.49557
G1 X110.48 Y115.526 E4.53647
G1 X109.541 Y115.964 E4.57715
G1 X108.569 Y116.318 E4.61777
G1 X107.562 Y116.588 E4.65871
G1 X107.064 Y116.687 E4.67865
G1 X106.371 Y116.785 E4.70613
G1 X105.512 Y116.857 E4.73998
G1 X105.007 Y116.868 E4.75981
G1 X103.959 Y116.822 E4.801
G1 X103.458 Y116.767 E4.82079
G1 X102.431 Y116.586 E4.86174
G1 X101.431 Y116.318 E4.90239
G1 X100.459 Y115.964 E4.94301
G1 X99.517 Y115.525 E4.98382
G1 X98.913 Y115.185 E5.01104
M73 P33 R21
G1 X98.194 Y114.722 E5.04462
G1 X97.372 Y114.091 E5.08531
G1 X96.609 Y113.391 E5.12597
G1 X95.909 Y112.628 E5.16663
G1 X95.279 Y111.807 E5.20726
G1 X94.723 Y110.934 E5.2479
M73 Q33 S21
G1 X94.241 Y110.009 E5.28885
G1 X94.038 Y109.548 E5.30863
G1 X93.682 Y108.569 E5.34953
G1 X93.414 Y107.569 E5.39018
G1 X93.233 Y106.542 E5.43113
G1 X93.178 Y106.041 E5.45092
G1 X93.132 Y104.993 E5.49211
G1 X93.143 Y104.486 E5.51202
G1 X93.197 Y103.788 E5.53951
G1 X93.314 Y102.934 E5.57336
G1 X93.412 Y102.438 E5.59321
G1 X93.682 Y101.431 E5.63415
G1 X94.038 Y100.452 E5.67505
G1 X94.243 Y99.988 E5.69497
G1 X94.559 Y99.363 E5.72247
G1 X94.895 Y98.788 E5.74862
G1 X94.577 Y98.525 F7800
;TYPE:External perimeter
G1 F884.349
G1 X94.648 Y98.403 E5.75416
G1 X94.944 Y97.961 E5.77505
G1 X95.597 Y97.11 E5.81717
G1 X96.32 Y96.32 E5.85922
G1 X97.11 Y95.597 E5.90127
G1 X97.961 Y94.944 E5.94339
G1 X98.403 Y94.649 E5.96426
G1 X99.332 Y94.112 E6.00639
G1 X100.303 Y93.66 E6.04844
G1 X101.31 Y93.293 E6.09052
G1 X102.004 Y93.099 E6.11881
G1 X102.868 Y92.912 E6.15352
G1 X103.933 Y92.772 E6.1957
G1 X104.463 Y92.737 E6.21656
G1 X105.187 Y92.729 E6.24499
G1 X106.072 Y92.772 E6.27978
G1 X106.6 Y92.83 E6.30064
G1 X107.657 Y93.016 E6.34278
G1 X108.691 Y93.293 E6.38481
G1 X109.697 Y93.66 E6.42686
G1 X110.668 Y94.112 E6.46891
G1 X111.595 Y94.648 E6.51095
G1 X112.473 Y95.262 E6.55302
G1 X113.03 Y95.72 E6.58133
G1 X113.679 Y96.32 E6.61603
G1 X114.403 Y97.11 E6.6581
G1 X115.056 Y97.961 E6.70022
G1 X115.351 Y98.403 E6.72109
G1 X115.888 Y99.332 E6.76322
G1 X116.34 Y100.303 E6.80527
G1 X116.708 Y101.311 E6.8474
G1 X116.856 Y101.821 E6.86825
G1 X117.088 Y102.869 E6.9104
G1 X117.228 Y103.93 E6.95242
G1 X117.267 Y105.17 E7.00113
G1 X117.228 Y106.07 E7.0365
G1 X117.088 Y107.132 E7.07856
G1 X116.856 Y108.179 E7.12067
G1 X116.708 Y108.689 E7.14152
G1 X116.34 Y109.697 E7.18365
G1 X115.887 Y110.67 E7.22579
G1 X115.632 Y111.135 E7.24661
G1 X115.055 Y112.041 E7.28879
G1 X114.403 Y112.89 E7.33082
G1 X113.68 Y113.68 E7.37287
G1 X112.89 Y114.403 E7.41492
G1 X112.039 Y115.056 E7.45704
G1 X111.597 Y115.351 E7.47791
G1 X110.668 Y115.888 E7.52004
G1 X109.697 Y116.34 E7.56209
G1 X108.691 Y116.707 E7.60414
G1 X107.654 Y116.984 E7.64628
G1 X107.133 Y117.088 E7.66714
G1 X106.417 Y117.19 E7.69554
G1 X105.533 Y117.263 E7.73037
G1 X105.002 Y117.275 E7.75122
G1 X103.928 Y117.228 E7.79343
G1 X103.4 Y117.17 E7.81429
G1 X102.343 Y116.984 E7.85643
G1 X101.309 Y116.707 E7.89846
G1 X100.303 Y116.34 E7.94051
G1 X99.331 Y115.887 E7.98262
G1 X98.703 Y115.534 E8.01091
G1 X97.96 Y115.055 E8.04562
G1 X97.11 Y114.403 E8.08768
G1 X96.32 Y113.68 E8.12973
G1 X95.597 Y112.89 E8.17178
G1 X94.945 Y112.041 E8.21381
G1 X94.37 Y111.137 E8.25588
G1 X93.874 Y110.185 E8.29803
G1 X93.66 Y109.7 E8.31884
G1 X93.293 Y108.691 E8.361
G1 X93.016 Y107.657 E8.40303
G1 X92.83 Y106.6 E8.44517
G1 X92.772 Y106.072 E8.46603
G1 X92.725 Y104.998 E8.50824
G1 X92.737 Y104.466 E8.52913
G1 X92.792 Y103.745 E8.55752
G1 X92.912 Y102.867 E8.59231
G1 X93.016 Y102.346 E8.61317
G1 X93.293 Y101.309 E8.65531
G1 X93.66 Y100.3 E8.69747
G1 X93.875 Y99.814 E8.71834
G1 X94.202 Y99.168 E8.74677
G1 X94.547 Y98.577 E8.77364
G1 X94.76 Y98.239 F7800
G92 E0
G1 X96.109 Y100.187
;TYPE:Internal infill
;WIDTH:0.45
;HEIGHT:0.4
G1 F494.289
G1 X95.602 Y101.073 E.07171
G92 E0
G1 X99.762 Y99.017 F7800
G1 F494.289
G1 X98.47 Y96.635 E.19036
G1 X98.606 Y96.265 F7800
G1 F494.289
G1 X98.374 Y96.456 E.21147
G1 X98.173 Y96.193 E.23472
G1 X98.994 Y95.6 E.30587
G1 X99.85 Y95.106 E.3753
G1 X100.731 Y94.695 E.44359
G1 X101.652 Y94.36 E.51244
G1 X102.584 Y94.119 E.58007
G1 X104.258 Y95.549 E.73473
G92 E0
G1 X110.417 Y95.26 F7800
G1 F494.289
G1 X109.269 Y94.695 E.08988
G1 X108.171 Y94.313 E.17155
G1 X109.369 Y96.742 E.36181
G1 X108.905 Y97.122 E.40394
G1 X109.395 Y96.54 F7800
G1 F494.289
G1 X109.405 Y96.464 E.40932
G92 E0
G1 X111.2 Y99.401 F7800
G1 F494.289
G1 X112.757 Y99.171 E.11057
G1 X113.915 Y101.699 E.30591
G1 X114.422 Y102.522 E.37382
G1 X115.644 Y104.075 E.51264
G92 E0
G1 X113.073 Y103.259 F7800
G1 F494.289
G1 X115.785 Y104.223 E.20219
G1 X116.12 Y104.214 E.22573
G1 X116.154 Y105 E.281
G1 X116.112 Y105.972 E.34935
G1 X115.985 Y106.937 E.41773
G1 X115.643 Y108.34 E.51918
G1 X115.305 Y109.269 E.58863
G1 X114.668 Y110.565 E.69008
G1 X114.137 Y111.398 E.75948
G1 X113.545 Y112.17 E.82782
G1 X112.887 Y112.887 E.89618
G1 X111.819 Y113.814 E.99553
G1 X110.52 Y112.121 E1.14544
G1 X111.474 Y111.71 E1.21841
G1 X110.634 Y111.952 F7800
G1 F494.289
G1 X111.179 Y111.145 E1.28682
G1 X112.259 Y109.21 E1.44249
G1 X112.48 Y108.028 E1.52696
G1 X113.645 Y107.502 E1.61676
G92 E0
G1 X107.768 Y115.562 F7800
G1 F494.289
G1 X108.365 Y115.634 E.04224
G1 X106.945 Y115.984 E.14498
G1 X105.475 Y116.145 E.24886
G1 X104.777 Y116.145 E.29789
G1 X104.77 Y115.934 E.31272
G1 X105.93 Y112.994 E.53475
G1 X104.652 Y112.749 E.62616
G92 E0
G1 X99.931 Y113.244 F7800
G1 F494.289
G1 X99.445 Y112.157 E.08365
G1 X99.004 Y110.913 E.17637
G1 X97.902 Y108.71 E.34941
G1 X96.252 Y106.881 E.52245
G1 X95.806 Y105.946 E.59522
G1 X96.01 Y105.066 E.65868
G1 X96.677 Y104.454 E.72227
G1 X96.178 Y102.844 E.84068
G1 X95.501 Y101.25 E.96234
G1 X94.068 Y102.792 E1.11022
G1 X93.907 Y103.852 E1.18554
G1 X93.855 Y105.219 E1.28164
G92 E0
G1 X95.781 Y107.304 F7800
G1 F494.289
G1 X96.1 Y107.017 E.03014
G92 E0
G1 X97.829 Y108.899 F7800
G1 F494.289
G1 X96.862 Y111.415 E.18935
;LAYER_CHANGE
;Z:4.35
;HEIGHT:0.2
G92 E0
G1 Z4.35 F7800
G1 X104.335 Y110.22
;TYPE:Perimeter
;WIDTH:0.449999
G1 F884.349
G1 X103.965 Y110.182 E.0146
G1 X102.976 Y109.887 E.05512
G1 X102.235 Y109.505 E.08785
G1 X101.698 Y109.129 E.11359
G1 X101.257 Y108.711 E.13745
G1 X100.882 Y108.311 E.15898
G1 X100.365 Y107.538 E.19549
G1 X99.956 Y106.59 E.23603
G1 X99.828 Y106.078 E.25675
G1 X99.751 Y105.504 E.27949
G1 X99.711 Y104.989 E.29977
G1 X99.816 Y103.973 E.33988
G1 X100.077 Y103.08 E.37641
G1 X100.309 Y102.607 E.3971
G1 X100.609 Y102.06 E.4216
G1 X100.961 Y101.611 E.444
G1 X101.292 Y101.229 E.46385
G1 X101.728 Y100.846 E.48664
G1 X102.481 Y100.353 E.52198
G1 X102.982 Y100.128 E.54354
G1 X103.495 Y99.933 E.56509
G1 X104.222 Y99.771 E.59434
G1 X105.162 Y99.731 E.63128
G1 X105.549 Y99.743 E.64648
G1 X106.283 Y99.872 E.67574
G1 X107.078 Y100.16 E.70894
G1 X107.501 Y100.341 E.72701
G1 X107.978 Y100.631 E.74893
G1 X108.771 Y101.292 E.78947
G1 X109.279 Y101.896 E.82046
G1 X109.659 Y102.499 E.84845
G1 X110.061 Y103.469 E.88968
G1 X110.184 Y103.959 E.90952
G1 X110.252 Y104.563 E.93339
G1 X110.287 Y105.067 E.95323
G1 X110.25 Y105.624 E.97515
G1 X110.067 Y106.505 E1.01048
G1 X109.875 Y107.01 E1.03169
G1 X109.659 Y107.501 E1.05275
G1 X109.369 Y107.978 E1.07467
G1 X108.708 Y108.771 E1.11521
G1 X108.104 Y109.279 E1.1462
M73 P34 R21
G1 X107.372 Y109.703 E1.17942
G1 X106.919 Y109.923 E1.19919
G1 X106.027 Y110.184 E1.23568
G1 X105 Y110.289 E1.27621
G1 X104.395 Y110.226 E1.30009
G1 X104.38 Y109.814 F7800
M73 Q34 S21
G1 F884.349
G1 X104.009 Y109.777 E1.31473
G1 X103.182 Y109.529 E1.34863
G1 X102.423 Y109.144 E1.38205
G1 X101.937 Y108.8 E1.40543
G1 X101.22 Y108.085 E1.44519
G1 X100.703 Y107.312 E1.4817
G1 X100.362 Y106.518 E1.51563
G1 X100.223 Y105.981 E1.53741
G1 X100.157 Y105.469 E1.55768
G1 X100.12 Y104.949 E1.57815
G1 X100.185 Y104.205 E1.60747
G1 X100.388 Y103.466 E1.63756
G1 X100.518 Y103.071 E1.65389
G1 X100.966 Y102.256 E1.69041
G1 X101.512 Y101.587 E1.72432
G1 X101.924 Y101.216 E1.74609
G1 X102.348 Y100.92 E1.76639
G1 X102.794 Y100.647 E1.78692
G1 X103.482 Y100.362 E1.81616
G1 X104.295 Y100.172 E1.84894
G1 X105.171 Y100.138 E1.88336
G1 X105.478 Y100.143 E1.89542
G1 X106.212 Y100.273 E1.92469
G1 X106.93 Y100.54 E1.95477
G1 X107.453 Y100.788 E1.9775
G1 X107.842 Y101.033 E1.99555
G1 X108.413 Y101.512 E2.02481
G1 X108.967 Y102.158 E2.05822
G1 X109.311 Y102.711 E2.08379
G1 X109.638 Y103.482 E2.11667
G1 X109.789 Y104.058 E2.14005
G1 X109.847 Y104.602 E2.16153
G1 X109.881 Y105.04 E2.17878
G1 X109.844 Y105.597 E2.2007
G1 X109.67 Y106.417 E2.23361
G1 X109.353 Y107.206 E2.267
G1 X109.021 Y107.767 E2.2926
G1 X108.488 Y108.413 E2.32548
G1 X107.842 Y108.967 E2.35889
G1 X107.176 Y109.346 E2.38898
G1 X106.805 Y109.533 E2.40529
G1 X105.913 Y109.793 E2.44177
G1 X105.053 Y109.88 E2.47571
G1 X104.439 Y109.819 E2.49994
G1 X104.424 Y109.412 F7800
;TYPE:External perimeter
G1 F884.349
G1 X104.053 Y109.373 E2.51459
G1 X103.304 Y109.14 E2.54539
G1 X102.611 Y108.783 E2.576
G1 X102.177 Y108.47 E2.59701
G1 X101.585 Y107.89 E2.62955
G1 X101.042 Y107.085 E2.66768
G1 X100.738 Y106.362 E2.69848
G1 X100.596 Y105.79 E2.72162
G1 X100.526 Y105.018 E2.75206
G1 X100.598 Y104.201 E2.78426
G1 X100.858 Y103.308 E2.82078
G1 X101.345 Y102.419 E2.86058
G1 X101.824 Y101.849 E2.88981
G1 X102.265 Y101.458 E2.91295
G1 X102.918 Y101.039 E2.94341
G1 X103.638 Y100.738 E2.97405
G1 X104.383 Y100.57 E3.00404
G1 X105.408 Y100.544 E3.0443
G1 X106.141 Y100.674 E3.07353
G1 X106.783 Y100.919 E3.10051
G1 X107.241 Y101.136 E3.12041
G1 X107.581 Y101.345 E3.13608
G1 X108.151 Y101.824 E3.16531
G1 X108.655 Y102.419 E3.19593
G1 X108.963 Y102.922 E3.21909
G1 X109.262 Y103.638 E3.24956
G1 X109.394 Y104.156 E3.27055
G1 X109.474 Y104.981 E3.3031
G1 X109.438 Y105.571 E3.32631
G1 X109.273 Y106.329 E3.35677
G1 X108.977 Y107.05 E3.38737
G1 X108.673 Y107.555 E3.41051
G1 X108.176 Y108.151 E3.44098
G1 X107.581 Y108.655 E3.4716
G1 X106.691 Y109.142 E3.51144
G1 X105.799 Y109.402 E3.54792
G1 X105.018 Y109.474 E3.57872
G1 X104.483 Y109.418 E3.59984
G1 X104.086 Y109.371 F7800
G92 E0
G1 X95.276 Y98.95
;TYPE:Perimeter
G1 F884.349
G1 X95.611 Y98.429 E.02432
G1 X96.221 Y97.634 E.06367
G1 X96.897 Y96.897 E.10294
G1 X97.634 Y96.221 E.14221
G1 X98.356 Y95.667 E.17794
G1 X98.833 Y95.341 E.20063
G1 X99.708 Y94.835 E.24032
G1 X100.615 Y94.412 E.27962
G1 X101.56 Y94.069 E.31909
G1 X102.18 Y93.895 E.34437
G1 X103.008 Y93.715 E.37764
G1 X103.912 Y93.595 E.41345
G1 X104.495 Y93.551 E.43641
G1 X105.15 Y93.543 E.46213
G1 X105.913 Y93.58 E.49212
G1 X106.485 Y93.636 E.51469
G1 X107.48 Y93.812 E.55436
G1 X108.446 Y94.071 E.59363
G1 X109.385 Y94.412 E.63286
G1 X110.297 Y94.838 E.67238
G1 X110.859 Y95.153 E.69768
G1 X111.571 Y95.611 E.73092
G1 X112.366 Y96.221 E.77027
G1 X113.103 Y96.897 E.80954
G1 X113.779 Y97.634 E.84881
G1 X114.391 Y98.432 E.8883
G1 X114.743 Y98.971 E.91358
G1 X115.164 Y99.707 E.94687
G1 X115.588 Y100.615 E.98622
G1 X115.899 Y101.47 E1.02194
G1 X116.067 Y102.023 E1.04463
G1 X116.286 Y103.01 E1.08433
G1 X116.399 Y103.867 E1.11827
G1 X116.454 Y105.135 E1.1681
M73 P34 R20
G1 X116.416 Y105.999 E1.20206
G1 X116.286 Y106.99 E1.2413
G1 X116.068 Y107.972 E1.2808
G1 X115.881 Y108.588 E1.30608
G1 X115.588 Y109.384 E1.33938
G1 X115.203 Y110.21 E1.37516
G1 X114.931 Y110.72 E1.39785
G1 X114.387 Y111.573 E1.43757
G1 X113.779 Y112.366 E1.47681
G1 X113.103 Y113.103 E1.51608
G1 X112.366 Y113.779 E1.55535
G1 X111.644 Y114.333 E1.59108
G1 X111.167 Y114.659 E1.61377
G1 X110.292 Y115.165 E1.65346
G1 X109.386 Y115.588 E1.69272
G1 X108.446 Y115.929 E1.73198
G1 X107.48 Y116.188 E1.77125
G1 X106.584 Y116.346 E1.80697
G1 X106.01 Y116.416 E1.82967
G1 X105 Y116.46 E1.86936
G1 X104.001 Y116.416 E1.90862
G1 X103.01 Y116.286 E1.94786
G1 X102.122 Y116.089 E1.98357
G1 X101.565 Y115.933 E2.00628
G1 X100.615 Y115.588 E2.04596
G1 X99.708 Y115.165 E2.08526
G1 X98.92 Y114.71 E2.12099
G1 X98.436 Y114.394 E2.14369
G1 X97.634 Y113.779 E2.18337
G1 X96.897 Y113.103 E2.22264
G1 X96.221 Y112.366 E2.26191
G1 X95.613 Y111.573 E2.30115
G1 X95.075 Y110.73 E2.34042
G1 X94.655 Y109.923 E2.37614
G1 X94.416 Y109.396 E2.39886
G1 X94.071 Y108.446 E2.43854
G1 X93.812 Y107.48 E2.47781
G1 X93.654 Y106.584 E2.51353
G1 X93.584 Y106.01 E2.53623
G1 X93.544 Y105.09 E2.57239
G1 X93.55 Y104.505 E2.59536
G1 X93.6 Y103.852 E2.62107
G1 X93.703 Y103.095 E2.65107
G1 X93.809 Y102.531 E2.6736
G1 X94.071 Y101.554 E2.71332
G1 X94.412 Y100.615 E2.75255
G1 X94.838 Y99.703 E2.79207
G1 X95.153 Y99.141 E2.81737
M73 Q34 S20
G1 X95.244 Y99 E2.82396
G1 X94.928 Y98.738 F7800
G1 F884.349
G1 X95.278 Y98.194 E2.84936
G1 X95.909 Y97.372 E2.89005
G1 X96.609 Y96.609 E2.93071
G1 X97.372 Y95.909 E2.97137
G1 X98.199 Y95.275 E3.01229
G1 X98.618 Y94.995 E3.03208
G1 X99.52 Y94.474 E3.07298
G1 X100.459 Y94.036 E3.11366
G1 X101.435 Y93.681 E3.15444
G1 X102.082 Y93.499 E3.18083
G1 X102.938 Y93.313 E3.21522
G1 X103.973 Y93.177 E3.25621
G1 X104.479 Y93.144 E3.27612
G1 X105.158 Y93.136 E3.30278
G1 X106.04 Y93.178 E3.33745
G1 X106.542 Y93.233 E3.35728
G1 X107.569 Y93.414 E3.39823
G1 X108.569 Y93.682 E3.43888
G1 X109.541 Y94.036 E3.4795
G1 X110.483 Y94.475 E3.52031
G1 X111.069 Y94.804 E3.5467
G1 X111.806 Y95.278 E3.58111
G1 X112.628 Y95.909 E3.6218
G1 X113.391 Y96.609 E3.66246
G1 X114.091 Y97.372 E3.70312
G1 X114.723 Y98.196 E3.74389
G1 X115.091 Y98.758 E3.77027
G1 X115.526 Y99.519 E3.80469
G1 X115.964 Y100.459 E3.84541
G1 X116.32 Y101.438 E3.88631
G1 X116.461 Y101.922 E3.9061
G1 X116.687 Y102.939 E3.94701
G1 X116.802 Y103.814 E3.98166
G1 X116.844 Y104.461 E4.00712
G1 X116.861 Y105.152 E4.03426
G1 X116.822 Y106.034 E4.06893
G1 X116.687 Y107.061 E4.1096
G1 X116.462 Y108.075 E4.15038
G1 X116.268 Y108.718 E4.17675
G1 X115.965 Y109.54 E4.21115
G1 X115.524 Y110.486 E4.25213
G1 X115.281 Y110.928 E4.27193
G1 X114.721 Y111.807 E4.31285
G1 X114.091 Y112.628 E4.35348
G1 X113.391 Y113.391 E4.39414
G1 X112.628 Y114.091 E4.4348
G1 X111.801 Y114.725 E4.47572
G1 X111.382 Y115.005 E4.49551
G1 X110.48 Y115.526 E4.53641
G1 X109.541 Y115.964 E4.57709
G1 X108.569 Y116.318 E4.61771
G1 X107.569 Y116.586 E4.65836
G1 X106.542 Y116.767 E4.69931
G1 X106.041 Y116.822 E4.7191
G1 X105 Y116.867 E4.76001
G1 X103.966 Y116.822 E4.80065
G1 X102.939 Y116.687 E4.84132
G1 X101.922 Y116.461 E4.88223
G1 X101.438 Y116.32 E4.90202
G1 X100.459 Y115.964 E4.94292
G1 X99.52 Y115.526 E4.9836
G1 X98.618 Y115.005 E5.0245
G1 X98.199 Y114.725 E5.04429
G1 X97.372 Y114.091 E5.08521
G1 X96.609 Y113.391 E5.12587
G1 X95.909 Y112.628 E5.16653
G1 X95.279 Y111.807 E5.20716
G1 X94.723 Y110.934 E5.2478
G1 X94.241 Y110.009 E5.28875
G1 X94.038 Y109.548 E5.30853
G1 X93.682 Y108.569 E5.34943
G1 X93.414 Y107.569 E5.39008
G1 X93.233 Y106.542 E5.43103
G1 X93.178 Y106.041 E5.45082
G1 X93.132 Y104.993 E5.49201
G1 X93.143 Y104.486 E5.51192
G1 X93.195 Y103.809 E5.53858
G1 X93.314 Y102.934 E5.57325
G1 X93.412 Y102.438 E5.5931
G1 X93.682 Y101.431 E5.63404
G1 X94.036 Y100.459 E5.67466
G1 X94.475 Y99.517 E5.71547
G1 X94.804 Y98.931 E5.74186
G1 X94.896 Y98.789 E5.7485
G1 X94.58 Y98.527 F7800
;TYPE:External perimeter
G1 F884.349
G1 X94.945 Y97.96 E5.77498
G1 X95.597 Y97.11 E5.81704
G1 X96.32 Y96.32 E5.85909
G1 X97.11 Y95.597 E5.90114
G1 X97.961 Y94.944 E5.94326
G1 X98.403 Y94.649 E5.96413
G1 X99.332 Y94.112 E6.00626
G1 X100.303 Y93.66 E6.04831
G1 X101.31 Y93.293 E6.09039
G1 X101.983 Y93.104 E6.11784
G1 X102.868 Y92.912 E6.1534
G1 X103.933 Y92.772 E6.19558
G1 X104.463 Y92.737 E6.21644
G1 X105.165 Y92.729 E6.24401
G1 X106.072 Y92.772 E6.27966
G1 X106.6 Y92.83 E6.30052
G1 X107.657 Y93.016 E6.34266
G1 X108.691 Y93.293 E6.38469
G1 X109.697 Y93.66 E6.42674
G1 X110.669 Y94.113 E6.46885
G1 X111.278 Y94.455 E6.49627
G1 X112.04 Y94.945 E6.53184
G1 X112.89 Y95.597 E6.5739
G1 X113.68 Y96.32 E6.61595
G1 X114.403 Y97.11 E6.658
G1 X115.056 Y97.96 E6.70009
G1 X115.438 Y98.546 E6.72756
G1 X115.888 Y99.332 E6.76312
G1 X116.34 Y100.303 E6.80517
G1 X116.708 Y101.311 E6.8473
G1 X116.856 Y101.821 E6.86815
G1 X117.088 Y102.869 E6.9103
G1 X117.228 Y103.93 E6.95232
G1 X117.267 Y105.17 E7.00103
G1 X117.228 Y106.07 E7.0364
G1 X117.088 Y107.132 E7.07846
G1 X116.856 Y108.178 E7.12053
G1 X116.654 Y108.847 E7.14797
G1 X116.341 Y109.697 E7.18354
G1 X115.887 Y110.67 E7.2257
G1 X115.632 Y111.135 E7.24652
G1 X115.055 Y112.041 E7.2887
G1 X114.403 Y112.89 E7.33073
G1 X113.68 Y113.68 E7.37278
G1 X112.89 Y114.403 E7.41483
G1 X112.039 Y115.056 E7.45695
G1 X111.597 Y115.351 E7.47782
G1 X110.668 Y115.888 E7.51995
G1 X109.697 Y116.34 E7.562
G1 X108.691 Y116.707 E7.60405
G1 X107.657 Y116.984 E7.64608
G1 X106.6 Y117.17 E7.68822
G1 X106.072 Y117.228 E7.70908
G1 X105 Y117.275 E7.75121
G1 X103.93 Y117.228 E7.79326
G1 X102.869 Y117.088 E7.83528
G1 X101.821 Y116.856 E7.87743
G1 X101.311 Y116.708 E7.89828
G1 X100.303 Y116.34 E7.94041
G1 X99.332 Y115.888 E7.98246
G1 X98.403 Y115.351 E8.02459
G1 X97.961 Y115.056 E8.04546
G1 X97.11 Y114.403 E8.08758
G1 X96.32 Y113.68 E8.12963
G1 X95.597 Y112.89 E8.17168
G1 X94.945 Y112.041 E8.21371
G1 X94.37 Y111.137 E8.25578
G1 X93.874 Y110.185 E8.29793
G1 X93.66 Y109.7 E8.31874
G1 X93.293 Y108.691 E8.3609
G1 X93.016 Y107.657 E8.40293
G1 X92.83 Y106.6 E8.44507
G1 X92.772 Y106.072 E8.46593
M73 P35 R20
G1 X92.725 Y104.998 E8.50814
G1 X92.737 Y104.466 E8.52903
G1 X92.79 Y103.766 E8.55659
G1 X92.912 Y102.867 E8.59221
G1 X93.016 Y102.346 E8.61307
G1 X93.293 Y101.309 E8.65521
G1 X93.66 Y100.303 E8.69726
M73 Q35 S20
G1 X94.113 Y99.331 E8.73937
G1 X94.455 Y98.722 E8.76679
G1 X94.548 Y98.578 E8.77352
G1 X94.764 Y98.241 F7800
;LAYER_CHANGE
;Z:4.55
;HEIGHT:0.2
G92 E0
G1 Z4.55 F7800
G1 X104.335 Y110.222
;TYPE:Perimeter
G1 F884.349
G1 X104.291 Y110.218 E.00173
G1 X103.77 Y110.141 E.02241
G1 X103.059 Y109.917 E.05168
G1 X102.565 Y109.677 E.07324
G1 X102.093 Y109.416 E.09442
G1 X101.2 Y108.675 E.13998
G1 X100.721 Y108.104 E.16924
G1 X100.46 Y107.669 E.18916
G1 X100.161 Y107.124 E.21357
G1 X99.998 Y106.648 E.23333
G1 X99.816 Y106.027 E.25874
G1 X99.715 Y105.089 E.29578
G1 X99.754 Y104.465 E.32033
G1 X99.816 Y103.973 E.3398
G1 X100.077 Y103.08 E.37633
G1 X100.31 Y102.605 E.3971
G1 X100.609 Y102.06 E.42151
G1 X100.961 Y101.611 E.44391
G1 X101.292 Y101.229 E.46376
G1 X101.728 Y100.846 E.48655
G1 X102.481 Y100.353 E.52189
G1 X102.982 Y100.128 E.54345
G1 X103.486 Y99.935 E.56464
G1 X104.215 Y99.773 E.59396
G1 X104.833 Y99.717 E.61832
G1 X105.521 Y99.755 E.64538
G1 X106.093 Y99.831 E.66804
G1 X106.578 Y99.954 E.68769
G1 X107.355 Y100.268 E.7206
G1 X107.978 Y100.631 E.74891
G1 X108.771 Y101.292 E.78945
G1 X109.279 Y101.896 E.82044
G1 X109.549 Y102.348 E.84111
G1 X109.839 Y102.876 E.86476
G1 X110.015 Y103.395 E.88628
G1 X110.184 Y103.974 E.90996
G1 X110.253 Y104.54 E.93235
G1 X110.288 Y105.045 E.95223
G1 X110.25 Y105.624 E.97501
G1 X110.069 Y106.498 E1.01006
G1 X109.686 Y107.452 E1.05042
G1 X109.369 Y107.978 E1.07453
G1 X108.708 Y108.771 E1.11507
G1 X108.104 Y109.279 E1.14606
G1 X107.372 Y109.703 E1.17928
G1 X106.919 Y109.923 E1.19905
G1 X106.026 Y110.184 E1.23558
G1 X105 Y110.289 E1.27608
G1 X104.395 Y110.228 E1.29996
G1 X104.38 Y109.806 F7800
G1 F884.349
G1 X103.892 Y109.753 E1.31923
G1 X103.182 Y109.529 E1.34846
G1 X102.423 Y109.144 E1.38188
G1 X101.512 Y108.413 E1.42774
G1 X101.033 Y107.842 E1.457
G1 X100.618 Y107.11 E1.49004
G1 X100.467 Y106.805 E1.5034
G1 X100.207 Y105.913 E1.53988
G1 X100.12 Y105.053 E1.57382
G1 X100.207 Y104.087 E1.6119
G1 X100.468 Y103.194 E1.64843
G1 X100.966 Y102.256 E1.69013
G1 X101.512 Y101.587 E1.72404
G1 X101.924 Y101.216 E1.74581
G1 X102.348 Y100.92 E1.76611
G1 X102.794 Y100.647 E1.78664
G1 X103.482 Y100.362 E1.81588
G1 X104.303 Y100.171 E1.84898
G1 X104.861 Y100.123 E1.87097
G1 X105.489 Y100.161 E1.89567
G1 X105.998 Y100.227 E1.91582
G1 X106.459 Y100.344 E1.93449
G1 X107.202 Y100.645 E1.96597
G1 X107.767 Y100.979 E1.99174
G1 X108.413 Y101.512 E2.02462
G1 X108.967 Y102.158 E2.05803
G1 X109.324 Y102.784 E2.08633
G1 X109.533 Y103.195 E2.10443
G1 X109.793 Y104.087 E2.14091
G1 X109.88 Y104.947 E2.17485
G1 X109.851 Y105.501 E2.19663
G1 X109.671 Y106.41 E2.23301
G1 X109.353 Y107.206 E2.26667
G1 X109.021 Y107.767 E2.29227
G1 X108.488 Y108.413 E2.32515
G1 X107.842 Y108.967 E2.35856
G1 X107.176 Y109.346 E2.38865
G1 X106.805 Y109.533 E2.40496
G1 X105.913 Y109.793 E2.44144
G1 X105.053 Y109.88 E2.47538
G1 X104.44 Y109.813 E2.49959
G1 X104.424 Y109.409 F7800
;TYPE:External perimeter
G1 F884.349
G1 X104.014 Y109.364 E2.51579
G1 X103.304 Y109.14 E2.54502
G1 X102.611 Y108.783 E2.57563
G1 X101.824 Y108.151 E2.61526
G1 X101.345 Y107.581 E2.64449
G1 X100.858 Y106.691 E2.68433
G1 X100.598 Y105.799 E2.72081
G1 X100.526 Y105.018 E2.75161
G1 X100.591 Y104.24 E2.78226
G1 X100.875 Y103.267 E2.82206
G1 X101.323 Y102.452 E2.85858
G1 X101.824 Y101.849 E2.88936
G1 X102.265 Y101.458 E2.9125
G1 X102.918 Y101.039 E2.94296
G1 X103.638 Y100.738 E2.9736
G1 X104.391 Y100.568 E3.00391
G1 X104.89 Y100.529 E3.02356
G1 X105.456 Y100.566 E3.04583
G1 X105.903 Y100.623 E3.06352
G1 X106.306 Y100.722 E3.07981
G1 X107.049 Y101.023 E3.11129
G1 X107.555 Y101.327 E3.13447
G1 X108.151 Y101.824 E3.16494
G1 X108.655 Y102.419 E3.19556
G1 X109.142 Y103.309 E3.2354
G1 X109.402 Y104.201 E3.27188
G1 X109.474 Y104.983 E3.30271
G1 X109.438 Y105.571 E3.32584
G1 X109.274 Y106.322 E3.35602
G1 X108.977 Y107.05 E3.38689
G1 X108.673 Y107.555 E3.41003
G1 X108.176 Y108.151 E3.4405
G1 X107.581 Y108.655 E3.47112
G1 X106.691 Y109.142 E3.51096
G1 X105.799 Y109.402 E3.54744
G1 X105.018 Y109.474 E3.57824
G1 X104.483 Y109.416 E3.59937
G1 X104.086 Y109.372 F7800
G92 E0
G1 X95.277 Y98.95
;TYPE:Perimeter
G1 F884.349
G1 X95.612 Y98.428 E.02435
G1 X96.221 Y97.634 E.06364
G1 X96.897 Y96.897 E.10291
G1 X97.634 Y96.221 E.14218
G1 X98.356 Y95.667 E.17791
G1 X98.833 Y95.341 E.2006
G1 X99.708 Y94.835 E.24029
G1 X100.615 Y94.412 E.27959
G1 X101.47 Y94.101 E.31531
G1 X102.023 Y93.933 E.338
G1 X103.01 Y93.714 E.3777
G1 X103.912 Y93.595 E.41342
G1 X104.495 Y93.551 E.43638
G1 X105.129 Y93.543 E.46128
G1 X105.912 Y93.58 E.49206
G1 X106.485 Y93.636 E.51467
G1 X107.48 Y93.812 E.55434
G1 X108.446 Y94.071 E.59361
G1 X109.385 Y94.412 E.63284
G1 X110.298 Y94.838 E.6724
G1 X110.841 Y95.142 E.69683
G1 X111.572 Y95.612 E.73095
G1 X112.366 Y96.221 E.77024
G1 X113.103 Y96.897 E.80951
G1 X113.779 Y97.634 E.84878
G1 X114.387 Y98.427 E.88802
G1 X114.876 Y99.194 E.92374
G1 X115.16 Y99.698 E.94645
G1 X115.588 Y100.614 E.98615
G1 X115.899 Y101.469 E1.02187
G1 X116.067 Y102.023 E1.0446
G1 X116.286 Y103.01 E1.0843
G1 X116.416 Y104.001 E1.12354
G1 X116.454 Y105.135 E1.16809
G1 X116.416 Y105.999 E1.20205
G1 X116.286 Y106.99 E1.24129
G1 X116.069 Y107.966 E1.28055
G1 X115.796 Y108.834 E1.31628
G1 X115.592 Y109.375 E1.33898
G1 X115.203 Y110.21 E1.37515
G1 X114.931 Y110.72 E1.39784
G1 X114.387 Y111.573 E1.43756
G1 X113.779 Y112.366 E1.4768
G1 X113.103 Y113.103 E1.51607
G1 X112.366 Y113.779 E1.55534
G1 X111.644 Y114.333 E1.59107
G1 X111.167 Y114.659 E1.61376
G1 X110.292 Y115.165 E1.65345
G1 X109.385 Y115.588 E1.69275
G1 X108.446 Y115.929 E1.73198
G1 X107.48 Y116.188 E1.77125
G1 X106.584 Y116.346 E1.80697
G1 X106.01 Y116.416 E1.82967
G1 X105 Y116.46 E1.86936
G1 X104.091 Y116.42 E1.90509
G1 X103.515 Y116.364 E1.92781
G1 X102.52 Y116.188 E1.96748
G1 X101.554 Y115.929 E2.00675
G1 X100.615 Y115.588 E2.04598
G1 X99.708 Y115.165 E2.08528
G1 X98.92 Y114.71 E2.12101
G1 X98.436 Y114.394 E2.14371
G1 X97.634 Y113.779 E2.18339
G1 X96.897 Y113.103 E2.22266
G1 X96.221 Y112.366 E2.26193
G1 X95.613 Y111.573 E2.30117
G1 X95.072 Y110.724 E2.3407
G1 X94.778 Y110.176 E2.36512
G1 X94.413 Y109.387 E2.39925
G1 X94.071 Y108.446 E2.43856
G1 X93.835 Y107.567 E2.4743
G1 X93.714 Y106.995 E2.49726
G1 X93.624 Y106.367 E2.52217
G1 X93.558 Y105.586 E2.55294
G1 X93.541 Y105.067 E2.57333
G1 X93.55 Y104.505 E2.5954
G1 X93.598 Y103.873 E2.62029
G1 X93.703 Y103.095 E2.65111
G1 X93.809 Y102.531 E2.67364
G1 X94.071 Y101.554 E2.71336
G1 X94.412 Y100.615 E2.75259
G1 X94.838 Y99.703 E2.79211
G1 X95.142 Y99.159 E2.81658
G1 X95.244 Y99 E2.824
G1 X94.929 Y98.739 F7800
G1 F884.349
G1 X95.278 Y98.194 E2.84941
G1 X95.909 Y97.372 E2.8901
G1 X96.609 Y96.609 E2.93076
G1 X97.372 Y95.909 E2.97142
G1 X98.199 Y95.275 E3.01234
G1 X98.618 Y94.995 E3.03213
G1 X99.52 Y94.474 E3.07303
G1 X100.459 Y94.036 E3.11371
G1 X101.438 Y93.68 E3.15461
G1 X101.922 Y93.539 E3.1744
G1 X102.939 Y93.313 E3.21531
G1 X103.973 Y93.177 E3.25626
G1 X104.479 Y93.144 E3.27617
G1 X105.136 Y93.135 E3.30197
G1 X106.04 Y93.178 E3.33751
G1 X106.542 Y93.233 E3.35734
G1 X107.569 Y93.414 E3.39829
G1 X108.569 Y93.682 E3.43894
G1 X109.541 Y94.036 E3.47956
G1 X110.483 Y94.475 E3.52037
G1 X111.05 Y94.793 E3.5459
G1 X111.806 Y95.278 E3.58117
G1 X112.628 Y95.909 E3.62186
G1 X113.391 Y96.609 E3.66252
G1 X114.091 Y97.372 E3.70318
G1 X114.721 Y98.193 E3.74381
G1 X115.281 Y99.072 E3.78473
G1 X115.524 Y99.514 E3.80453
G1 X115.964 Y100.459 E3.84546
G1 X116.32 Y101.438 E3.88636
G1 X116.461 Y101.922 E3.90615
G1 X116.687 Y102.939 E3.94706
G1 X116.822 Y103.966 E3.98773
G1 X116.861 Y105.152 E4.03432
G1 X116.822 Y106.034 E4.06899
G1 X116.687 Y107.061 E4.10966
G1 X116.463 Y108.071 E4.15028
G1 X116.15 Y109.065 E4.1912
G1 X115.967 Y109.535 E4.211
G1 X115.524 Y110.486 E4.25219
G1 X115.281 Y110.928 E4.27199
G1 X114.721 Y111.807 E4.31291
G1 X114.091 Y112.628 E4.35354
G1 X113.391 Y113.391 E4.3942
G1 X112.628 Y114.091 E4.43486
G1 X111.801 Y114.725 E4.47578
G1 X111.382 Y115.005 E4.49557
G1 X110.48 Y115.526 E4.53647
G1 X109.541 Y115.964 E4.57715
G1 X108.569 Y116.318 E4.61777
G1 X107.569 Y116.586 E4.65842
G1 X106.542 Y116.767 E4.69937
G1 X106.041 Y116.822 E4.71916
G1 X105 Y116.867 E4.76007
G1 X103.959 Y116.822 E4.80098
G1 X103.458 Y116.767 E4.82077
G1 X102.431 Y116.586 E4.86172
G1 X101.431 Y116.318 E4.90237
G1 X100.459 Y115.964 E4.94299
G1 X99.52 Y115.526 E4.98367
G1 X98.618 Y115.005 E5.02457
G1 X98.199 Y114.725 E5.04436
G1 X97.372 Y114.091 E5.08528
G1 X96.609 Y113.391 E5.12594
G1 X95.909 Y112.628 E5.1666
G1 X95.279 Y111.807 E5.20723
G1 X94.72 Y110.93 E5.24807
G1 X94.413 Y110.358 E5.27356
G1 X94.036 Y109.542 E5.30885
G1 X93.682 Y108.569 E5.3495
G1 X93.412 Y107.562 E5.39044
G1 X93.313 Y107.064 E5.41038
G1 X93.219 Y106.413 E5.43621
G1 X93.143 Y105.512 E5.47171
G1 X93.132 Y105 E5.49182
G1 X93.143 Y104.485 E5.51205
G1 X93.193 Y103.83 E5.53784
G1 X93.314 Y102.933 E5.57338
G1 X93.412 Y102.438 E5.59319
G1 X93.682 Y101.431 E5.63413
G1 X94.036 Y100.459 E5.67475
G1 X94.475 Y99.517 E5.71556
G1 X94.793 Y98.95 E5.74109
G1 X94.896 Y98.789 E5.74859
G1 X94.58 Y98.527 F7800
;TYPE:External perimeter
G1 F884.349
G1 X94.945 Y97.96 E5.77507
G1 X95.597 Y97.11 E5.81713
G1 X96.32 Y96.32 E5.85918
G1 X97.11 Y95.597 E5.90123
G1 X97.961 Y94.944 E5.94335
G1 X98.403 Y94.649 E5.96422
G1 X99.332 Y94.112 E6.00635
G1 X100.303 Y93.66 E6.0484
G1 X101.311 Y93.292 E6.09053
G1 X101.821 Y93.144 E6.11138
G1 X102.869 Y92.912 E6.15353
G1 X103.933 Y92.772 E6.19567
G1 X104.464 Y92.737 E6.21656
G1 X105.143 Y92.728 E6.24322
G1 X106.072 Y92.772 E6.27974
G1 X106.6 Y92.83 E6.3006
G1 X107.657 Y93.016 E6.34274
G1 X108.691 Y93.293 E6.38477
G1 X109.697 Y93.66 E6.42682
G1 X110.669 Y94.113 E6.46893
G1 X111.26 Y94.444 E6.49553
G1 X112.04 Y94.945 E6.53193
G1 X112.89 Y95.597 E6.57399
G1 X113.68 Y96.32 E6.61604
G1 X114.403 Y97.11 E6.65809
G1 X115.055 Y97.959 E6.70012
G1 X115.632 Y98.865 E6.7423
G1 X115.887 Y99.33 E6.76312
G1 X116.34 Y100.303 E6.80526
G1 X116.708 Y101.311 E6.84739
M73 P36 R20
G1 X116.856 Y101.821 E6.86824
G1 X117.088 Y102.869 E6.91039
G1 X117.228 Y103.93 E6.95241
G1 X117.267 Y105.17 E7.00112
G1 X117.228 Y106.07 E7.03649
G1 X117.088 Y107.132 E7.07855
G1 X116.857 Y108.177 E7.12057
M73 Q36 S20
G1 X116.534 Y109.201 E7.16273
G1 X116.341 Y109.695 E7.18355
G1 X115.887 Y110.67 E7.22578
G1 X115.632 Y111.135 E7.2466
G1 X115.055 Y112.041 E7.28878
G1 X114.403 Y112.89 E7.33081
G1 X113.68 Y113.68 E7.37286
G1 X112.89 Y114.403 E7.41491
G1 X112.039 Y115.056 E7.45703
G1 X111.597 Y115.351 E7.4779
G1 X110.668 Y115.888 E7.52003
G1 X109.697 Y116.34 E7.56208
G1 X108.691 Y116.707 E7.60413
G1 X107.657 Y116.984 E7.64616
G1 X106.6 Y117.17 E7.6883
G1 X106.072 Y117.228 E7.70916
G1 X105 Y117.275 E7.75129
G1 X103.928 Y117.228 E7.79342
G1 X103.4 Y117.17 E7.81428
G1 X102.343 Y116.984 E7.85642
G1 X101.309 Y116.707 E7.89845
G1 X100.303 Y116.34 E7.9405
G1 X99.332 Y115.888 E7.98255
G1 X98.403 Y115.351 E8.02468
G1 X97.961 Y115.056 E8.04555
G1 X97.11 Y114.403 E8.08767
G1 X96.32 Y113.68 E8.12972
G1 X95.597 Y112.89 E8.17177
G1 X94.945 Y112.041 E8.2138
G1 X94.369 Y111.136 E8.25592
G1 X94.049 Y110.539 E8.28252
G1 X93.66 Y109.698 E8.3189
G1 X93.293 Y108.691 E8.36098
G1 X93.016 Y107.654 E8.40312
G1 X92.912 Y107.133 E8.42398
G1 X92.815 Y106.46 E8.45068
G1 X92.737 Y105.533 E8.48721
G1 X92.725 Y105 E8.50814
G1 X92.737 Y104.466 E8.52911
G1 X92.787 Y103.788 E8.5558
G1 X92.912 Y102.866 E8.59233
G1 X93.016 Y102.346 E8.61315
G1 X93.293 Y101.309 E8.65529
G1 X93.66 Y100.303 E8.69734
G1 X94.113 Y99.331 E8.73945
G1 X94.444 Y98.74 E8.76605
G1 X94.548 Y98.578 E8.77361
G1 X94.764 Y98.241 F7800
G92 E0
G1 X96.308 Y99.84
;TYPE:Internal infill
;WIDTH:0.45
;HEIGHT:0.4
G1 F494.289
G1 X95.501 Y101.248 E.11401
G1 X94.068 Y102.791 E.26194
G1 X93.903 Y103.893 E.34022
G1 X93.845 Y104.985 E.41704
G1 X93.879 Y105.754 E.47111
G1 X94.11 Y107.414 E.58885
G1 X94.362 Y108.354 E.65722
G1 X94.696 Y109.271 E.72578
G1 X95.34 Y110.577 E.82807
G1 X95.863 Y111.398 E.89645
G1 X96.455 Y112.17 E.96479
G1 X97.113 Y112.887 E1.03315
G1 X97.83 Y113.545 E1.10151
G1 X98.614 Y114.146 E1.17091
G1 X99.85 Y114.894 E1.2724
G1 X100.731 Y115.305 E1.34069
G1 X101.646 Y115.638 E1.40909
G1 X102.826 Y115.932 E1.49452
G1 X104.028 Y116.112 E1.5799
G1 X104.794 Y116.145 E1.63376
G1 X104.791 Y115.816 E1.65687
G1 X104.778 Y115.614 F7800
G1 F494.289
G1 X104.769 Y115.55 E1.66141
G1 X106.269 Y112.783 E1.88252
G1 X104.423 Y112.728 E2.01226
G1 X104.327 Y112.588 E2.02419
G92 E0
G1 X107.37 Y115.548 F7800
G1 F494.289
G1 X108.578 Y115.489 E.08496
G1 X108.633 Y115.536 E.09004
G1 X109.269 Y115.305 E.13757
G1 X110.15 Y114.894 E.20586
G1 X111.006 Y114.4 E.27529
G1 X111.818 Y113.814 E.34564
G1 X110.516 Y112.122 E.49562
G1 X110.991 Y110.842 E.59153
G1 X112.098 Y108.845 E.75193
G1 X112.217 Y107.727 E.83091
G1 X114.034 Y107.412 E.96046
G92 E0
G1 X115.642 Y104.081 F7800
G1 F494.289
G1 X114.003 Y101.31 E.22616
G1 X112.919 Y98.806 E.41784
G1 X111.296 Y99.228 E.53565
G1 X110.863 Y99.281 E.5663
G92 E0
G1 X108.595 Y97.374 F7800
G1 F494.289
G1 X109.213 Y96.873 E.05589
G1 X109.453 Y96.067 F7800
G1 F494.289
G1 X109.372 Y96.745 E.10386
G1 X108.172 Y94.313 E.29437
G1 X109.269 Y94.695 E.37597
G1 X110.157 Y95.109 E.4448
G1 X111.396 Y95.862 E.54665
G1 X112.17 Y96.455 E.61515
G1 X112.887 Y97.113 E.68351
G1 X113.545 Y97.83 E.75187
G1 X114.137 Y98.602 E.82021
G1 X114.565 Y99.273 E.87612
G1 X115.305 Y100.731 E.99098
G1 X115.771 Y102.099 E1.0925
G1 X115.985 Y103.063 E1.16187
G1 X116.12 Y104.215 E1.24335
G1 X115.786 Y104.225 E1.26682
G1 X112.696 Y103.125 E1.49724
G92 E0
G1 X111.841 Y111.552 F7800
G1 F494.289
G1 X110.703 Y112.041 E.08701
G92 E0
G1 X95.484 Y107.572 F7800
G1 F494.289
G1 X96.101 Y107.016 E.05835
G92 E0
G1 X98.022 Y108.873 F7800
G1 F494.289
G1 X99.375 Y110.762 E.16323
G1 X99.423 Y112.108 E.25785
G1 X100.094 Y113.609 E.37335
G92 E0
G1 X96.751 Y111.798 F7800
G1 F494.289
G1 X96.9 Y111.057 E.0531
G1 X97.903 Y108.707 E.23259
G1 X95.407 Y105.968 E.49291
G1 X95.993 Y104.938 E.57616
G1 X97.056 Y104.581 E.65493
G1 X96.575 Y102.894 E.77816
G1 X95.612 Y101.419 E.90191
G92 E0
G1 X98.915 Y96.012 F7800
G1 F494.289
G1 X98.53 Y96.328 E.03499
G92 E0
G1 X99.953 Y99.368 F7800
G1 F494.289
G1 X98.372 Y96.457 E.23271
G1 X98.174 Y96.195 E.25578
G1 X98.994 Y95.6 E.32695
G1 X99.85 Y95.106 E.39638
G1 X100.731 Y94.695 E.46467
G1 X101.653 Y94.359 E.53361
G1 X102.501 Y94.14 E.59514
G1 X102.794 Y94.398 E.62257
G1 X104.04 Y94.995 E.71963
G1 X104.479 Y95.879 E.78897
;LAYER_CHANGE
;Z:4.75
;HEIGHT:0.2
G92 E0
G1 Z4.75 F7800
G1 X104.335 Y110.22
;TYPE:Perimeter
;WIDTH:0.449999
G1 F884.349
G1 X103.965 Y110.182 E.0146
G1 X103.414 Y110.029 E.03705
G1 X102.935 Y109.869 E.05688
G1 X102.235 Y109.505 E.08786
G1 X101.653 Y109.093 E.11586
G1 X101.271 Y108.729 E.13658
G1 X100.92 Y108.365 E.15643
G1 X100.365 Y107.538 E.19554
G1 X100.146 Y107.06 E.21618
G1 X99.956 Y106.59 E.23609
G1 X99.828 Y106.078 E.25681
G1 X99.751 Y105.504 E.27955
G1 X99.711 Y104.989 E.29983
G1 X99.816 Y103.973 E.33994
G1 X100.077 Y103.08 E.37647
G1 X100.609 Y102.061 E.42161
G1 X100.961 Y101.611 E.44404
G1 X101.292 Y101.229 E.46389
G1 X101.834 Y100.791 E.49125
G1 X102.276 Y100.473 E.51263
G1 X102.895 Y100.151 E.54003
G1 X103.441 Y99.963 E.5627
G1 X103.943 Y99.821 E.58318
G1 X104.671 Y99.736 E.61196
G1 X105.407 Y99.728 E.64086
G1 X106.275 Y99.871 E.6754
G1 X107.078 Y100.16 E.70891
G1 X107.501 Y100.341 E.72698
G1 X107.978 Y100.631 E.7489
G1 X108.434 Y100.998 E.77188
G1 X108.8 Y101.325 E.79115
G1 X109.279 Y101.896 E.82041
G1 X109.839 Y102.876 E.86473
G1 X110.17 Y103.909 E.90732
G1 X110.252 Y104.566 E.93332
G1 X110.287 Y105.067 E.95304
G1 X110.25 Y105.624 E.97496
G1 X110.067 Y106.505 E1.01029
G1 X109.872 Y107.018 E1.03184
M73 P37 R20
G1 X109.659 Y107.501 E1.05257
G1 X109.369 Y107.978 E1.07449
G1 X108.708 Y108.771 E1.11503
G1 X108.104 Y109.279 E1.14602
G1 X107.372 Y109.703 E1.17924
G1 X106.919 Y109.923 E1.19901
G1 X106.026 Y110.184 E1.23554
G1 X105 Y110.289 E1.27604
M73 Q37 S20
G1 X104.395 Y110.226 E1.29992
G1 X104.38 Y109.814 F7800
G1 F884.349
G1 X104.009 Y109.777 E1.31456
G1 X103.182 Y109.529 E1.34846
G1 X102.423 Y109.144 E1.38188
G1 X101.893 Y108.765 E1.40746
G1 X101.296 Y108.177 E1.44036
G1 X100.703 Y107.312 E1.48154
G1 X100.362 Y106.518 E1.51547
G1 X100.223 Y105.981 E1.53725
G1 X100.157 Y105.469 E1.55752
G1 X100.12 Y104.948 E1.57803
G1 X100.185 Y104.205 E1.60731
G1 X100.388 Y103.466 E1.6374
G1 X100.518 Y103.072 E1.65369
G1 X100.966 Y102.256 E1.69024
G1 X101.512 Y101.587 E1.72415
G1 X102.089 Y101.109 E1.75357
G1 X102.464 Y100.834 E1.77183
G1 X103.083 Y100.512 E1.79923
G1 X104.005 Y100.223 E1.83717
G1 X104.87 Y100.123 E1.87136
G1 X105.393 Y100.135 E1.8919
G1 X106.204 Y100.271 E1.92419
G1 X106.93 Y100.54 E1.95459
G1 X107.289 Y100.689 E1.96985
G1 X107.767 Y100.979 E1.9918
G1 X108.488 Y101.587 E2.02883
G1 X108.967 Y102.158 E2.05809
G1 X109.482 Y103.072 E2.09928
G1 X109.803 Y104.141 E2.14311
G1 X109.879 Y104.942 E2.1747
G1 X109.851 Y105.501 E2.19668
G1 X109.67 Y106.417 E2.23334
G1 X109.353 Y107.206 E2.26673
G1 X109.021 Y107.767 E2.29233
G1 X108.488 Y108.413 E2.32521
G1 X107.842 Y108.967 E2.35862
G1 X107.176 Y109.346 E2.38871
G1 X106.805 Y109.533 E2.40502
G1 X105.913 Y109.793 E2.4415
G1 X105.053 Y109.88 E2.47544
G1 X104.439 Y109.819 E2.49967
G1 X104.424 Y109.412 F7800
;TYPE:External perimeter
G1 F884.349
G1 X104.053 Y109.373 E2.51432
G1 X103.304 Y109.14 E2.54512
G1 X102.611 Y108.783 E2.57573
G1 X102.134 Y108.436 E2.59889
G1 X101.584 Y107.889 E2.62935
G1 X101.042 Y107.085 E2.66742
G1 X100.738 Y106.362 E2.69822
G1 X100.596 Y105.79 E2.72136
G1 X100.526 Y105.018 E2.7518
G1 X100.591 Y104.24 E2.78245
G1 X100.875 Y103.267 E2.82225
G1 X101.323 Y102.452 E2.85877
G1 X101.824 Y101.849 E2.88955
G1 X102.652 Y101.195 E2.93098
G1 X103.271 Y100.873 E2.95838
G1 X104.014 Y100.636 E2.989
G1 X104.765 Y100.545 E3.0187
G1 X105.379 Y100.541 E3.04281
G1 X106.134 Y100.672 E3.0729
G1 X107.078 Y101.037 E3.11264
G1 X107.555 Y101.327 E3.13456
G1 X108.151 Y101.824 E3.16503
G1 X108.655 Y102.419 E3.19565
G1 X109.125 Y103.267 E3.23372
G1 X109.398 Y104.18 E3.27114
G1 X109.474 Y104.981 E3.30273
G1 X109.438 Y105.571 E3.32594
G1 X109.273 Y106.329 E3.3564
G1 X108.977 Y107.05 E3.387
G1 X108.673 Y107.555 E3.41014
G1 X108.176 Y108.151 E3.44061
G1 X107.581 Y108.655 E3.47123
G1 X106.691 Y109.142 E3.51107
G1 X105.799 Y109.402 E3.54755
G1 X105.018 Y109.474 E3.57835
G1 X104.483 Y109.418 E3.59947
G1 X104.086 Y109.371 F7800
G92 E0
G1 X95.273 Y98.948
;TYPE:Perimeter
G1 F884.349
G1 X95.291 Y98.918 E.00137
G1 X95.606 Y98.436 E.02398
G1 X96.221 Y97.634 E.06366
G1 X96.897 Y96.897 E.10293
G1 X97.567 Y96.282 E.13864
G1 X98.02 Y95.91 E.16166
G1 X98.517 Y95.552 E.18571
G1 X99.197 Y95.122 E.2173
G1 X99.698 Y94.84 E.23987
G1 X100.615 Y94.412 E.2796
G1 X101.561 Y94.068 E.31912
G1 X102.139 Y93.905 E.3427
G1 X103.009 Y93.714 E.37767
G1 X103.912 Y93.595 E.41343
G1 X104.496 Y93.551 E.43643
G1 X105.108 Y93.542 E.46046
G1 X105.912 Y93.58 E.49206
G1 X106.485 Y93.636 E.51467
G1 X107.48 Y93.812 E.55434
G1 X108.446 Y94.071 E.59361
G1 X109.385 Y94.412 E.63284
G1 X110.292 Y94.835 E.67214
G1 X111.157 Y95.335 E.71137
G1 X111.982 Y95.912 E.7509
G1 X112.448 Y96.293 E.77453
G1 X113.102 Y96.896 E.80946
G1 X113.779 Y97.634 E.84878
G1 X114.333 Y98.356 E.88451
G1 X114.663 Y98.839 E.90748
G1 X114.977 Y99.365 E.93153
G1 X115.346 Y100.08 E.96312
G1 X115.584 Y100.604 E.98572
G1 X115.899 Y101.469 E1.02187
G1 X116.067 Y102.023 E1.0446
G1 X116.286 Y103.01 E1.0843
G1 X116.399 Y103.867 E1.11824
G1 X116.454 Y105.135 E1.16807
G1 X116.416 Y105.999 E1.20203
G1 X116.286 Y106.99 E1.24127
G1 X116.089 Y107.878 E1.27698
G1 X115.933 Y108.435 E1.29969
G1 X115.588 Y109.385 E1.33937
G1 X115.162 Y110.298 E1.37893
G1 X114.869 Y110.823 E1.40254
G1 X114.388 Y111.572 E1.43749
G1 X113.779 Y112.366 E1.47678
G1 X113.103 Y113.103 E1.51605
G1 X112.366 Y113.779 E1.55532
G1 X111.644 Y114.333 E1.59105
G1 X111.167 Y114.659 E1.61374
G1 X110.292 Y115.165 E1.65343
G1 X109.385 Y115.588 E1.69273
G1 X108.446 Y115.929 E1.73196
G1 X107.48 Y116.188 E1.77123
G1 X106.584 Y116.346 E1.80695
G1 X106.01 Y116.416 E1.82965
G1 X105 Y116.46 E1.86934
G1 X104.091 Y116.42 E1.90507
G1 X103.515 Y116.364 E1.92779
G1 X102.52 Y116.188 E1.96746
G1 X101.554 Y115.929 E2.00673
G1 X100.615 Y115.588 E2.04596
G1 X99.708 Y115.165 E2.08526
G1 X98.92 Y114.71 E2.12099
G1 X98.436 Y114.394 E2.14369
G1 X97.634 Y113.779 E2.18337
G1 X96.897 Y113.103 E2.22264
G1 X96.221 Y112.366 E2.26191
G1 X95.613 Y111.573 E2.30115
G1 X95.075 Y110.73 E2.34042
G1 X94.655 Y109.923 E2.37614
G1 X94.416 Y109.396 E2.39886
G1 X94.071 Y108.446 E2.43854
G1 X93.812 Y107.48 E2.47781
G1 X93.654 Y106.584 E2.51353
M73 P37 R19
G1 X93.584 Y106.01 E2.53623
G1 X93.544 Y105.09 E2.57239
G1 X93.55 Y104.504 E2.5954
G1 X93.595 Y103.893 E2.61946
G1 X93.703 Y103.096 E2.65104
G1 X93.809 Y102.531 E2.67361
G1 X94.071 Y101.554 E2.71333
G1 X94.382 Y100.699 E2.74905
G1 X94.611 Y100.16 E2.77204
G1 X94.887 Y99.613 E2.7961
G1 X95.243 Y99 E2.82393
G1 X94.925 Y98.737 F7800
G1 F884.349
G1 X94.994 Y98.618 E2.82933
G1 X95.275 Y98.199 E2.84914
G1 X95.909 Y97.372 E2.89006
G1 X96.609 Y96.609 E2.93072
G1 X97.377 Y95.904 E2.97165
G1 X97.773 Y95.586 E2.99159
G1 X98.289 Y95.215 E3.01654
G1 X99.071 Y94.719 E3.0529
G1 X99.514 Y94.476 E3.07274
G1 X100.459 Y94.036 E3.11367
G1 X101.436 Y93.68 E3.1545
G1 X102.04 Y93.51 E3.17914
G1 X102.938 Y93.313 E3.21524
G1 X103.973 Y93.177 E3.25623
G1 X104.48 Y93.144 E3.27618
G1 X105.115 Y93.135 E3.30112
G1 X106.04 Y93.178 E3.33748
G1 X106.542 Y93.233 E3.35731
G1 X107.569 Y93.414 E3.39826
G1 X108.569 Y93.682 E3.43891
G1 X109.541 Y94.036 E3.47953
G1 X110.48 Y94.474 E3.52021
G1 X111.376 Y94.991 E3.56083
G1 X112.228 Y95.587 E3.60166
G1 X112.715 Y95.985 E3.62636
G1 X113.391 Y96.608 E3.66246
G1 X114.091 Y97.372 E3.70315
G1 X114.725 Y98.199 E3.74407
G1 X115.008 Y98.621 E3.76402
G1 X115.333 Y99.167 E3.78897
G1 X115.758 Y99.99 E3.82534
G1 X115.962 Y100.452 E3.84517
G1 X116.32 Y101.438 E3.88636
G1 X116.461 Y101.922 E3.90615
G1 X116.687 Y102.939 E3.94706
G1 X116.802 Y103.814 E3.98171
G1 X116.844 Y104.457 E4.00701
G1 X116.861 Y105.152 E4.03431
G1 X116.822 Y106.034 E4.06898
M73 Q37 S19
G1 X116.687 Y107.061 E4.10965
G1 X116.461 Y108.078 E4.15056
G1 X116.32 Y108.562 E4.17035
G1 X115.964 Y109.541 E4.21125
G1 X115.525 Y110.484 E4.25209
G1 X115.218 Y111.032 E4.27675
G1 X114.722 Y111.806 E4.31285
G1 X114.091 Y112.628 E4.35354
G1 X113.391 Y113.391 E4.3942
G1 X112.628 Y114.091 E4.43486
G1 X111.801 Y114.725 E4.47578
G1 X111.382 Y115.005 E4.49557
G1 X110.48 Y115.526 E4.53647
G1 X109.541 Y115.964 E4.57715
G1 X108.569 Y116.318 E4.61777
G1 X107.569 Y116.586 E4.65842
G1 X106.542 Y116.767 E4.69937
G1 X106.041 Y116.822 E4.71916
G1 X105 Y116.867 E4.76007
G1 X103.959 Y116.822 E4.80098
G1 X103.458 Y116.767 E4.82077
G1 X102.431 Y116.586 E4.86172
G1 X101.431 Y116.318 E4.90237
G1 X100.459 Y115.964 E4.94299
G1 X99.52 Y115.526 E4.98367
G1 X98.618 Y115.005 E5.02457
G1 X98.199 Y114.725 E5.04436
G1 X97.372 Y114.091 E5.08528
G1 X96.609 Y113.391 E5.12594
G1 X95.909 Y112.628 E5.1666
G1 X95.279 Y111.807 E5.20723
G1 X94.723 Y110.934 E5.24787
G1 X94.241 Y110.009 E5.28882
G1 X94.038 Y109.548 E5.3086
G1 X93.682 Y108.569 E5.3495
G1 X93.414 Y107.569 E5.39015
G1 X93.233 Y106.542 E5.4311
G1 X93.178 Y106.041 E5.45089
G1 X93.132 Y104.993 E5.49208
G1 X93.143 Y104.485 E5.51203
G1 X93.19 Y103.851 E5.53699
G1 X93.314 Y102.933 E5.57336
G1 X93.412 Y102.438 E5.59317
G1 X93.682 Y101.431 E5.63411
G1 X94.038 Y100.452 E5.67501
G1 X94.243 Y99.987 E5.69496
G1 X94.529 Y99.419 E5.71993
G1 X94.895 Y98.789 E5.74854
G1 X94.577 Y98.526 F7800
;TYPE:External perimeter
G1 F884.349
G1 X94.649 Y98.403 E5.75414
G1 X94.944 Y97.961 E5.77501
G1 X95.597 Y97.11 E5.81713
G1 X96.32 Y96.32 E5.85918
G1 X97.112 Y95.595 E5.90134
G1 X97.527 Y95.262 E5.92223
G1 X98.061 Y94.877 E5.94808
G1 X98.864 Y94.369 E5.98539
G1 X99.33 Y94.113 E6.00627
G1 X100.303 Y93.66 E6.04841
G1 X101.31 Y93.293 E6.09049
G1 X101.941 Y93.114 E6.11624
G1 X102.868 Y92.912 E6.15349
G1 X103.933 Y92.772 E6.19567
G1 X104.464 Y92.737 E6.21656
G1 X105.122 Y92.728 E6.2424
G1 X106.072 Y92.772 E6.27974
G1 X106.6 Y92.83 E6.3006
G1 X107.657 Y93.016 E6.34274
G1 X108.691 Y93.293 E6.38477
G1 X109.697 Y93.66 E6.42682
G1 X110.668 Y94.112 E6.46887
G1 X111.595 Y94.648 E6.51091
G1 X112.474 Y95.263 E6.55303
G1 X112.982 Y95.677 E6.57876
G1 X113.679 Y96.32 E6.61599
G1 X114.403 Y97.11 E6.65806
G1 X115.056 Y97.961 E6.70018
G1 X115.352 Y98.404 E6.7211
G1 X115.689 Y98.969 E6.74693
G1 X116.126 Y99.814 E6.78428
G1 X116.34 Y100.3 E6.80513
G1 X116.708 Y101.311 E6.84737
G1 X116.856 Y101.821 E6.86822
G1 X117.088 Y102.869 E6.91037
G1 X117.228 Y103.93 E6.95239
G1 X117.267 Y105.17 E7.0011
G1 X117.228 Y106.07 E7.03647
G1 X117.088 Y107.132 E7.07853
G1 X116.856 Y108.179 E7.12064
G1 X116.708 Y108.689 E7.14149
G1 X116.34 Y109.697 E7.18362
G1 X115.887 Y110.669 E7.22573
G1 X115.567 Y111.242 E7.2515
G1 X115.055 Y112.04 E7.28873
G1 X114.403 Y112.89 E7.33079
G1 X113.68 Y113.68 E7.37284
G1 X112.89 Y114.403 E7.41489
G1 X112.039 Y115.056 E7.45701
G1 X111.597 Y115.351 E7.47788
G1 X110.668 Y115.888 E7.52001
G1 X109.697 Y116.34 E7.56206
G1 X108.691 Y116.707 E7.60411
G1 X107.657 Y116.984 E7.64614
G1 X106.6 Y117.17 E7.68828
G1 X106.072 Y117.228 E7.70914
G1 X105 Y117.275 E7.75127
G1 X103.928 Y117.228 E7.7934
G1 X103.4 Y117.17 E7.81426
G1 X102.343 Y116.984 E7.8564
G1 X101.309 Y116.707 E7.89843
G1 X100.303 Y116.34 E7.94048
G1 X99.332 Y115.888 E7.98253
G1 X98.403 Y115.351 E8.02466
G1 X97.961 Y115.056 E8.04553
G1 X97.11 Y114.403 E8.08765
G1 X96.32 Y113.68 E8.1297
G1 X95.597 Y112.89 E8.17175
G1 X94.945 Y112.041 E8.21378
G1 X94.37 Y111.137 E8.25585
G1 X93.874 Y110.185 E8.298
G1 X93.66 Y109.7 E8.31881
G1 X93.293 Y108.691 E8.36097
G1 X93.016 Y107.657 E8.403
M73 P38 R19
G1 X92.83 Y106.6 E8.44514
G1 X92.772 Y106.072 E8.466
G1 X92.725 Y104.998 E8.50821
G1 X92.737 Y104.465 E8.52914
G1 X92.785 Y103.809 E8.55497
G1 X92.912 Y102.866 E8.59233
G1 X93.016 Y102.346 E8.61315
M73 Q38 S19
G1 X93.293 Y101.309 E8.65529
G1 X93.66 Y100.3 E8.69745
G1 X93.875 Y99.813 E8.71835
G1 X94.171 Y99.225 E8.7442
G1 X94.547 Y98.577 E8.77362
G1 X94.76 Y98.239 F7800
;LAYER_CHANGE
;Z:4.95
;HEIGHT:0.2
G92 E0
G1 Z4.95 F7800
G1 X104.333 Y110.234
;TYPE:Perimeter
G1 F884.349
G1 X103.517 Y110.072 E.03267
G1 X102.982 Y109.872 E.0551
G1 X102.519 Y109.67 E.07493
G1 X101.897 Y109.275 E.10386
G1 X101.228 Y108.676 E.13912
G1 X100.907 Y108.347 E.15717
G1 X100.577 Y107.897 E.17908
G1 X100.151 Y107.104 E.21443
G1 X99.816 Y106.027 E.25872
G1 X99.711 Y104.989 E.29968
G1 X99.78 Y104.169 E.33199
G1 X99.997 Y103.352 E.36518
G1 X100.162 Y102.876 E.38496
G1 X100.492 Y102.274 E.41192
G1 X100.721 Y101.896 E.42927
G1 X101.2 Y101.325 E.45853
G1 X102.068 Y100.604 E.50284
G1 X102.565 Y100.323 E.52526
G1 X103.017 Y100.097 E.5451
G1 X103.72 Y99.875 E.57405
G1 X104.672 Y99.736 E.61183
G1 X105.407 Y99.728 E.64069
G1 X106.275 Y99.871 E.67523
G1 X107.078 Y100.16 E.70874
G1 X107.501 Y100.341 E.72681
G1 X107.978 Y100.631 E.74873
G1 X108.42 Y100.986 E.77099
G1 X108.8 Y101.325 E.79098
G1 X109.279 Y101.896 E.82024
G1 X109.703 Y102.628 E.85346
G1 X109.917 Y103.059 E.87235
G1 X110.141 Y103.77 E.90162
G1 X110.252 Y104.608 E.93481
G1 X110.287 Y105.067 E.95288
G1 X110.25 Y105.624 E.9748
G1 X110.067 Y106.505 E1.01013
G1 X109.872 Y107.018 E1.03168
G1 X109.659 Y107.501 E1.05241
G1 X109.369 Y107.978 E1.07433
G1 X108.708 Y108.771 E1.11487
G1 X108.104 Y109.279 E1.14586
G1 X107.372 Y109.703 E1.17908
G1 X106.962 Y109.91 E1.19711
G1 X106.433 Y110.09 E1.21905
G1 X105.549 Y110.257 E1.25437
G1 X104.955 Y110.273 E1.2777
G1 X104.429 Y110.253 E1.29837
G1 X104.392 Y110.246 E1.29985
G1 X104.378 Y109.828 F7800
G1 F884.349
G1 X103.597 Y109.673 E1.33111
G1 X102.794 Y109.353 E1.36505
G1 X102.348 Y109.08 E1.38558
G1 X101.977 Y108.83 E1.40315
G1 X101.305 Y108.187 E1.43967
G1 X100.936 Y107.698 E1.46372
G1 X100.512 Y106.916 E1.49865
G1 X100.207 Y105.913 E1.53981
G1 X100.12 Y105.053 E1.57375
G1 X100.207 Y104.087 E1.61183
G1 X100.468 Y103.194 E1.64836
G1 X100.849 Y102.47 E1.68048
G1 X101.033 Y102.157 E1.69474
G1 X101.512 Y101.587 E1.72397
G1 X102.323 Y100.921 E1.76517
G1 X103.083 Y100.512 E1.79906
G1 X104.005 Y100.223 E1.837
G1 X104.867 Y100.123 E1.87107
G1 X105.393 Y100.134 E1.89173
G1 X106.204 Y100.271 E1.92402
G1 X107.289 Y100.689 E1.96967
G1 X107.767 Y100.979 E1.99162
G1 X108.488 Y101.587 E2.02865
G1 X108.967 Y102.158 E2.05791
G1 X109.529 Y103.182 E2.10377
G1 X109.753 Y103.892 E2.133
G1 X109.881 Y105.04 E2.17836
G1 X109.844 Y105.597 E2.20028
G1 X109.67 Y106.417 E2.23319
G1 X109.353 Y107.206 E2.26658
G1 X109.021 Y107.767 E2.29218
G1 X108.488 Y108.413 E2.32506
G1 X107.842 Y108.967 E2.35847
G1 X106.831 Y109.525 E2.40381
G1 X106.302 Y109.704 E2.42574
G1 X105.478 Y109.857 E2.45865
G1 X104.508 Y109.854 E2.49674
G1 X104.437 Y109.84 E2.49958
G1 X104.423 Y109.415 F7800
;TYPE:External perimeter
G1 F884.349
G1 X103.638 Y109.262 E2.53098
G1 X102.95 Y108.977 E2.56022
G1 X102.334 Y108.589 E2.58881
G1 X101.564 Y107.866 E2.63028
G1 X101.233 Y107.416 E2.65221
G1 X100.873 Y106.728 E2.6827
G1 X100.598 Y105.799 E2.72074
G1 X100.526 Y105.018 E2.75154
G1 X100.591 Y104.24 E2.78219
G1 X100.875 Y103.267 E2.82199
G1 X101.205 Y102.665 E2.84895
G1 X101.345 Y102.419 E2.86006
G1 X101.824 Y101.849 E2.88929
G1 X102.577 Y101.239 E2.92734
G1 X103.271 Y100.873 E2.95815
G1 X103.964 Y100.651 E2.98672
G1 X104.766 Y100.545 E3.01848
G1 X105.379 Y100.541 E3.04255
G1 X106.134 Y100.672 E3.07264
G1 X107.078 Y101.037 E3.11238
G1 X107.555 Y101.327 E3.1343
G1 X108.151 Y101.824 E3.16477
G1 X108.655 Y102.419 E3.19539
G1 X109.14 Y103.304 E3.23502
G1 X109.364 Y104.014 E3.26425
G1 X109.475 Y105.013 E3.30372
G1 X109.438 Y105.571 E3.32568
G1 X109.273 Y106.329 E3.35614
G1 X108.977 Y107.05 E3.38674
G1 X108.673 Y107.555 E3.40988
G1 X108.176 Y108.151 E3.44035
G1 X107.581 Y108.655 E3.47097
G1 X106.7 Y109.139 E3.51044
G1 X106.171 Y109.319 E3.53238
G1 X105.408 Y109.456 E3.56282
G1 X104.649 Y109.459 E3.59262
G1 X104.482 Y109.426 E3.5993
G1 X104.09 Y109.35 F7800
G92 E0
G1 X95.277 Y98.95
;TYPE:Perimeter
G1 F884.349
G1 X95.612 Y98.428 E.02435
G1 X96.221 Y97.634 E.06364
G1 X96.897 Y96.897 E.10291
G1 X97.634 Y96.221 E.14218
G1 X98.356 Y95.667 E.17791
G1 X98.833 Y95.341 E.2006
G1 X99.708 Y94.835 E.24029
G1 X100.615 Y94.412 E.27959
G1 X101.469 Y94.101 E.31528
G1 X102.023 Y93.933 E.33801
G1 X103.01 Y93.714 E.37771
G1 X103.912 Y93.595 E.41343
G1 X104.496 Y93.551 E.43643
G1 X105.087 Y93.542 E.45964
G1 X105.912 Y93.58 E.49207
G1 X106.485 Y93.636 E.51468
G1 X107.48 Y93.812 E.55435
G1 X108.446 Y94.071 E.59362
G1 X109.385 Y94.412 E.63285
G1 X110.292 Y94.835 E.67215
G1 X111.157 Y95.335 E.71138
G1 X111.983 Y95.913 E.75096
G1 X112.432 Y96.279 E.7737
G1 X113.103 Y96.896 E.80949
G1 X113.779 Y97.634 E.84879
G1 X114.333 Y98.356 E.88452
G1 X114.659 Y98.833 E.90721
G1 X115.165 Y99.708 E.9469
G1 X115.588 Y100.615 E.9862
G1 X115.899 Y101.469 E1.02189
G1 X116.067 Y102.023 E1.04462
G1 X116.286 Y103.01 E1.08432
G1 X116.399 Y103.867 E1.11826
G1 X116.454 Y105.135 E1.16809
G1 X116.416 Y105.999 E1.20205
G1 X116.286 Y106.99 E1.24129
G1 X116.089 Y107.878 E1.277
G1 X115.933 Y108.435 E1.29971
G1 X115.588 Y109.385 E1.33939
G1 X115.162 Y110.299 E1.37898
G1 X114.879 Y110.805 E1.40174
G1 X114.388 Y111.572 E1.4375
G1 X113.779 Y112.366 E1.47679
G1 X113.103 Y113.103 E1.51606
G1 X112.366 Y113.779 E1.55533
G1 X111.644 Y114.333 E1.59106
G1 X111.167 Y114.659 E1.61375
G1 X110.292 Y115.165 E1.65344
G1 X109.385 Y115.588 E1.69274
G1 X108.446 Y115.929 E1.73197
G1 X107.48 Y116.188 E1.77124
G1 X106.584 Y116.346 E1.80696
G1 X106.01 Y116.416 E1.82966
G1 X105.09 Y116.456 E1.86582
G1 X104.504 Y116.45 E1.88883
G1 X103.914 Y116.407 E1.91206
G1 X103.097 Y116.297 E1.94443
G1 X102.531 Y116.191 E1.96704
G1 X101.554 Y115.929 E2.00676
G1 X100.615 Y115.588 E2.04599
G1 X99.708 Y115.165 E2.08529
G1 X98.921 Y114.71 E2.12098
G1 X98.436 Y114.394 E2.14371
G1 X97.634 Y113.779 E2.18339
G1 X96.897 Y113.103 E2.22266
G1 X96.221 Y112.366 E2.26193
G1 X95.667 Y111.644 E2.29766
G1 X95.336 Y111.161 E2.32065
G1 X95.033 Y110.653 E2.34388
G1 X94.654 Y109.921 E2.37625
G1 X94.416 Y109.396 E2.39888
G1 X94.071 Y108.446 E2.43856
G1 X93.812 Y107.48 E2.47783
G1 X93.654 Y106.584 E2.51355
G1 X93.584 Y106.01 E2.53625
G1 X93.544 Y105.09 E2.57241
G1 X93.55 Y104.504 E2.59542
G1 X93.593 Y103.914 E2.61865
G1 X93.703 Y103.097 E2.65102
G1 X93.809 Y102.531 E2.67363
G1 X94.071 Y101.554 E2.71335
G1 X94.412 Y100.615 E2.75258
G1 X94.838 Y99.701 E2.79217
G1 X95.121 Y99.195 E2.81493
G1 X95.245 Y99.001 E2.82397
G1 X94.929 Y98.739 F7800
G1 F884.349
G1 X95.278 Y98.194 E2.84938
G1 X95.909 Y97.372 E2.89007
G1 X96.609 Y96.609 E2.93073
G1 X97.372 Y95.909 E2.97139
G1 X98.199 Y95.275 E3.01231
G1 X98.618 Y94.995 E3.0321
G1 X99.52 Y94.474 E3.073
G1 X100.459 Y94.036 E3.11368
G1 X101.438 Y93.68 E3.15458
G1 X101.922 Y93.539 E3.17437
G1 X102.939 Y93.313 E3.21528
G1 X103.973 Y93.177 E3.25623
G1 X104.48 Y93.144 E3.27618
G1 X105.094 Y93.135 E3.30029
G1 X106.04 Y93.178 E3.33747
G1 X106.542 Y93.233 E3.3573
G1 X107.569 Y93.414 E3.39825
G1 X108.569 Y93.682 E3.4389
G1 X109.541 Y94.036 E3.47952
G1 X110.48 Y94.474 E3.5202
G1 X111.376 Y94.991 E3.56082
G1 X112.228 Y95.588 E3.60167
G1 X112.699 Y95.971 E3.62551
G1 X113.391 Y96.608 E3.66244
G1 X114.091 Y97.372 E3.70313
G1 X114.725 Y98.199 E3.74405
G1 X115.005 Y98.618 E3.76384
G1 X115.526 Y99.52 E3.80474
G1 X115.964 Y100.459 E3.84542
G1 X116.32 Y101.438 E3.88632
G1 X116.461 Y101.922 E3.90611
G1 X116.687 Y102.939 E3.94702
G1 X116.802 Y103.814 E3.98167
G1 X116.841 Y104.401 E4.00477
G1 X116.861 Y105.152 E4.03427
G1 X116.822 Y106.034 E4.06894
G1 X116.687 Y107.061 E4.10961
G1 X116.461 Y108.078 E4.15052
G1 X116.32 Y108.562 E4.17031
G1 X115.964 Y109.541 E4.21121
G1 X115.524 Y110.484 E4.25207
G1 X115.229 Y111.014 E4.27589
G1 X114.722 Y111.806 E4.31281
G1 X114.091 Y112.628 E4.3535
G1 X113.391 Y113.391 E4.39416
G1 X112.628 Y114.091 E4.43482
G1 X111.801 Y114.725 E4.47574
G1 X111.382 Y115.005 E4.49553
G1 X110.48 Y115.526 E4.53643
G1 X109.541 Y115.964 E4.57711
G1 X108.569 Y116.318 E4.61773
G1 X107.569 Y116.586 E4.65838
G1 X106.542 Y116.767 E4.69933
G1 X106.041 Y116.822 E4.71912
G1 X104.993 Y116.868 E4.76031
G1 X104.485 Y116.857 E4.78026
G1 X103.872 Y116.812 E4.80439
G1 X102.933 Y116.686 E4.84159
G1 X102.438 Y116.588 E4.8614
G1 X101.431 Y116.318 E4.90234
G1 X100.459 Y115.964 E4.94296
G1 X99.52 Y115.526 E4.98364
G1 X98.618 Y115.005 E5.02454
G1 X98.199 Y114.725 E5.04433
G1 X97.372 Y114.091 E5.08525
G1 X96.609 Y113.391 E5.12591
G1 X95.909 Y112.628 E5.16657
G1 X95.275 Y111.801 E5.20749
G1 X94.992 Y111.378 E5.22747
G1 X94.677 Y110.852 E5.25154
G1 X94.242 Y110.01 E5.28875
G1 X94.038 Y109.548 E5.30858
G1 X93.682 Y108.569 E5.34948
G1 X93.414 Y107.569 E5.39013
G1 X93.233 Y106.542 E5.43108
G1 X93.178 Y106.041 E5.45087
G1 X93.132 Y104.993 E5.49206
G1 X93.143 Y104.485 E5.51201
G1 X93.188 Y103.872 E5.53614
G1 X93.314 Y102.933 E5.57334
G1 X93.412 Y102.438 E5.59315
G1 X93.682 Y101.431 E5.63409
G1 X94.036 Y100.459 E5.67471
G1 X94.476 Y99.516 E5.71557
G1 X94.771 Y98.986 E5.73939
G1 X94.897 Y98.79 E5.74854
G1 X94.581 Y98.528 F7800
;TYPE:External perimeter
G1 F884.349
G1 X94.945 Y97.96 E5.77503
G1 X95.597 Y97.11 E5.81709
G1 X96.32 Y96.32 E5.85914
G1 X97.11 Y95.597 E5.90119
G1 X97.961 Y94.944 E5.94331
G1 X98.403 Y94.649 E5.96418
G1 X99.332 Y94.112 E6.00631
G1 X100.303 Y93.66 E6.04836
G1 X101.311 Y93.292 E6.09049
G1 X101.821 Y93.144 E6.11134
G1 X102.869 Y92.912 E6.15349
G1 X103.933 Y92.772 E6.19563
G1 X104.464 Y92.737 E6.21652
G1 X105.1 Y92.727 E6.2415
G1 X106.072 Y92.772 E6.27971
G1 X106.6 Y92.83 E6.30057
G1 X107.657 Y93.016 E6.34271
G1 X108.691 Y93.293 E6.38474
G1 X109.697 Y93.66 E6.42679
G1 X110.668 Y94.112 E6.46884
G1 X111.595 Y94.648 E6.51088
G1 X112.474 Y95.263 E6.553
G1 X112.965 Y95.663 E6.57787
G1 X113.679 Y96.32 E6.61597
G1 X114.403 Y97.11 E6.65804
G1 X115.056 Y97.961 E6.70016
G1 X115.351 Y98.403 E6.72103
G1 X115.888 Y99.332 E6.76316
G1 X116.34 Y100.303 E6.80521
M73 P39 R19
G1 X116.708 Y101.311 E6.84734
G1 X116.856 Y101.821 E6.86819
G1 X117.088 Y102.868 E6.9103
G1 X117.228 Y103.93 E6.95236
G1 X117.267 Y105.17 E7.00107
G1 X117.228 Y106.07 E7.03644
M73 Q39 S19
G1 X117.088 Y107.132 E7.0785
G1 X116.856 Y108.179 E7.12061
G1 X116.708 Y108.689 E7.14146
G1 X116.34 Y109.697 E7.18359
G1 X115.887 Y110.669 E7.2257
G1 X115.578 Y111.223 E7.25061
G1 X115.055 Y112.04 E7.2887
G1 X114.403 Y112.89 E7.33076
G1 X113.68 Y113.68 E7.37281
G1 X112.89 Y114.403 E7.41486
G1 X112.039 Y115.056 E7.45698
G1 X111.597 Y115.351 E7.47785
G1 X110.668 Y115.888 E7.51998
G1 X109.697 Y116.34 E7.56203
G1 X108.691 Y116.707 E7.60408
G1 X107.657 Y116.984 E7.64611
G1 X106.6 Y117.17 E7.68825
G1 X106.072 Y117.228 E7.70911
G1 X104.998 Y117.275 E7.75132
G1 X104.465 Y117.263 E7.77225
G1 X103.831 Y117.217 E7.79721
G1 X102.866 Y117.088 E7.83544
G1 X102.346 Y116.984 E7.85626
G1 X101.309 Y116.707 E7.8984
G1 X100.303 Y116.34 E7.94045
G1 X99.332 Y115.888 E7.9825
G1 X98.403 Y115.351 E8.02463
G1 X97.961 Y115.056 E8.0455
G1 X97.11 Y114.403 E8.08762
G1 X96.32 Y113.68 E8.12967
G1 X95.597 Y112.89 E8.17172
G1 X94.944 Y112.039 E8.21384
G1 X94.648 Y111.596 E8.23476
G1 X94.322 Y111.05 E8.25973
G1 X93.874 Y110.186 E8.29794
G1 X93.66 Y109.7 E8.31879
G1 X93.293 Y108.691 E8.36095
G1 X93.016 Y107.657 E8.40298
G1 X92.83 Y106.6 E8.44512
G1 X92.772 Y106.072 E8.46598
G1 X92.725 Y104.998 E8.50819
G1 X92.737 Y104.465 E8.52912
G1 X92.783 Y103.831 E8.55408
G1 X92.912 Y102.866 E8.59231
G1 X93.016 Y102.346 E8.61313
G1 X93.293 Y101.309 E8.65527
G1 X93.66 Y100.303 E8.69732
G1 X94.113 Y99.331 E8.73943
G1 X94.422 Y98.777 E8.76434
G1 X94.549 Y98.578 E8.77361
G1 X94.764 Y98.242 F7800
G92 E0
G1 X96.506 Y99.493
;TYPE:Internal infill
;WIDTH:0.45
;HEIGHT:0.4
G1 F494.289
G1 X95.603 Y101.072 E.12778
G92 E0
G1 X99.91 Y99.76 F7800
G1 F494.289
G1 X100.129 Y99.014 E.05462
G1 X98.457 Y96.643 E.25843
G1 X99.224 Y95.758 F7800
G1 F494.289
G1 X98.371 Y96.458 E.33595
G1 X98.17 Y96.195 E.3592
G1 X97.113 Y97.113 E.45755
G1 X96.455 Y97.83 E.52591
G1 X95.481 Y99.198 E.64388
G1 X95.06 Y99.949 E.70436
G1 X94.624 Y100.927 E.77958
G1 X94.936 Y101.039 E.80287
G1 X95.017 Y100.856 E.81693
G1 X95.127 Y101.11 F7800
G1 F494.289
G1 X95.502 Y101.249 E.84503
G1 X96.969 Y102.963 E1.00352
G1 X97.414 Y104.758 E1.13344
G1 X95.981 Y104.84 E1.23427
G1 X95.009 Y106.01 E1.34113
G1 X96.253 Y106.879 E1.44773
G1 X99.756 Y110.641 E1.80884
G1 X99.14 Y111.968 E1.91162
G1 X100.186 Y113.748 E2.05666
G1 X100.153 Y113.987 E2.07361
G92 E0
G1 X102.381 Y115.835 F7800
G1 F494.289
G1 X103.946 Y116.103 E.11154
G1 X104.798 Y116.145 E.17147
G1 X104.809 Y115.815 E.19467
G1 X104.391 Y115.835 E.22407
G1 X104.781 Y115.613 F7800
G1 F494.289
G1 X104.717 Y115.154 E.25663
G1 X106.619 Y112.588 E.48101
G1 X103.934 Y112.525 E.66968
G92 E0
G1 X106.981 Y115.637 F7800
G1 F494.289
G1 X108.573 Y115.193 E.11611
G1 X108.792 Y115.138 F7800
G1 F494.289
G1 X108.881 Y115.446 E.13863
G1 X109.269 Y115.305 E.16763
G1 X110.15 Y114.894 E.23592
G1 X111.006 Y114.4 E.30535
G1 X111.818 Y113.815 E.37565
G1 X110.512 Y112.123 E.5258
G1 X110.701 Y110.568 E.63584
G1 X111.9 Y108.497 E.80395
G1 X111.971 Y107.412 E.88033
G1 X114.433 Y107.394 E1.05329
G92 E0
G1 X112.209 Y111.394 F7800
G1 F494.289
G1 X110.699 Y112.042 E.11543
G92 E0
G1 X112.358 Y102.92 F7800
G1 F494.289
G1 X112.979 Y103.452 E.05744
G1 X115.787 Y104.227 E.26208
G1 X116.12 Y104.216 E.28549
G1 X115.985 Y103.063 E.36704
G1 X115.689 Y101.817 E.45701
G92 E0
G1 X115.656 Y104.072 F7800
G1 F494.289
G1 X115.463 Y103.845 E.02093
G1 X114.635 Y101.756 E.17879
G1 X114.129 Y100.93 E.24684
G1 X113.071 Y98.436 E.43716
G1 X111.397 Y98.841 E.55815
G1 X110.523 Y99.488 E.63454
G92 E0
G1 X108.283 Y97.625 F7800
G1 F494.289
G1 X109.215 Y96.875 E.08404
G1 X109.501 Y95.67 F7800
G1 F494.289
G1 X109.374 Y96.747 E.16022
G1 X107.924 Y94.548 E.34526
G1 X107.999 Y94.267 E.36569
G1 X106.441 Y93.939 E.47754
G1 X105.181 Y93.852 E.56627
G1 X104.042 Y93.886 E.64632
G1 X102.466 Y94.147 E.75854
G1 X102.794 Y94.677 E.80233
G1 X104.331 Y94.721 E.91035
G1 X104.564 Y96.269 E1.02032
G92 E0
G1 X95.186 Y107.839 F7800
G1 F494.289
G1 X96.101 Y107.015 E.0865
G92 E0
G1 X97.772 Y108.86 F7800
G1 F494.289
G1 X96.987 Y109.784 E.08517
G1 X96.507 Y110.981 E.17577
G1 X96.811 Y112.191 E.26341
;LAYER_CHANGE
;Z:5.15
;HEIGHT:0.2
G92 E0
G1 Z5.15 F7800
G1 X104.333 Y110.234
;TYPE:Perimeter
;WIDTH:0.449999
G1 F884.349
G1 X103.903 Y110.158 E.01715
G1 X103.41 Y110.044 E.03702
G1 X102.638 Y109.729 E.06976
G1 X102.129 Y109.423 E.09308
G1 X101.711 Y109.138 E.11294
G1 X101.228 Y108.676 E.13918
G1 X100.882 Y108.311 E.15893
G1 X100.365 Y107.538 E.19544
G1 X99.956 Y106.59 E.23598
G1 X99.817 Y106.034 E.25848
G1 X99.715 Y105.089 E.2958
G1 X99.749 Y104.519 E.31822
G1 X99.808 Y104.004 E.33857
G1 X99.997 Y103.352 E.36522
G1 X100.161 Y102.876 E.38499
G1 X100.609 Y102.061 E.42151
G1 X100.961 Y101.611 E.44394
G1 X101.292 Y101.229 E.46379
G1 X102.068 Y100.604 E.50291
G1 X102.565 Y100.323 E.52533
G1 X103.017 Y100.097 E.54517
G1 X103.72 Y99.875 E.57412
G1 X104.673 Y99.736 E.61194
G1 X105.407 Y99.728 E.64076
G1 X106.275 Y99.871 E.6753
G1 X107.078 Y100.16 E.70881
G1 X107.501 Y100.341 E.72688
G1 X107.978 Y100.631 E.7488
G1 X108.675 Y101.2 E.78413
G1 X109.039 Y101.611 E.80569
G1 X109.376 Y102.033 E.82689
G1 X109.703 Y102.628 E.85355
G1 X109.91 Y103.038 E.87158
G1 X110.09 Y103.567 E.89352
G1 X110.272 Y104.583 E.93405
G1 X110.273 Y105.372 E.96503
G1 X110.193 Y105.916 E.98662
G1 X110.085 Y106.445 E1.00782
G1 X109.84 Y107.078 E1.03447
G1 X109.632 Y107.545 E1.05454
G1 X109.369 Y107.978 E1.07443
G1 X108.708 Y108.771 E1.11497
G1 X108.104 Y109.279 E1.14596
G1 X107.124 Y109.839 E1.19028
G1 X106.648 Y110.002 E1.21004
G1 X106.026 Y110.184 E1.23549
G1 X105.505 Y110.249 E1.25611
G1 X104.989 Y110.289 E1.27643
G1 X104.451 Y110.255 E1.2976
G1 X104.392 Y110.245 E1.29995
G1 X104.378 Y109.829 F7800
G1 F884.349
G1 X103.583 Y109.67 E1.33178
G1 X102.794 Y109.353 E1.36517
G1 X101.977 Y108.83 E1.40326
G1 X101.305 Y108.187 E1.43978
G1 X100.867 Y107.556 E1.46994
G1 X100.628 Y107.161 E1.48807
G1 X100.362 Y106.518 E1.51539
G1 X100.213 Y105.937 E1.53894
G1 X100.12 Y105.053 E1.57384
G1 X100.185 Y104.205 E1.60723
G1 X100.388 Y103.466 E1.63732
G1 X100.518 Y103.072 E1.65361
G1 X100.966 Y102.256 E1.69016
G1 X101.512 Y101.587 E1.72407
G1 X102.323 Y100.921 E1.76527
M73 P40 R19
G1 X103.083 Y100.512 E1.79916
G1 X104.005 Y100.223 E1.8371
G1 X104.863 Y100.123 E1.87102
G1 X105.393 Y100.134 E1.89183
G1 X106.204 Y100.271 E1.92412
G1 X107.289 Y100.689 E1.96977
G1 X107.767 Y100.979 E1.99172
M73 Q40 S19
G1 X108.413 Y101.512 E2.0246
G1 X108.967 Y102.158 E2.05801
G1 X109.525 Y103.169 E2.10335
G1 X109.704 Y103.698 E2.12528
G1 X109.857 Y104.522 E2.15819
G1 X109.866 Y105.372 E2.19157
G1 X109.727 Y106.212 E2.225
G1 X109.46 Y106.93 E2.25508
G1 X109.284 Y107.333 E2.27235
G1 X109.021 Y107.767 E2.29228
G1 X108.488 Y108.413 E2.32516
G1 X107.842 Y108.967 E2.35857
G1 X107.216 Y109.324 E2.38687
G1 X106.805 Y109.533 E2.40497
G1 X105.913 Y109.793 E2.44145
G1 X105.053 Y109.88 E2.47539
G1 X104.478 Y109.849 E2.498
G1 X104.436 Y109.841 E2.49968
G1 X104.422 Y109.426 F7800
;TYPE:External perimeter
G1 F884.349
G1 X103.672 Y109.273 E2.52973
G1 X102.95 Y108.977 E2.56037
G1 X102.334 Y108.589 E2.58896
G1 X101.558 Y107.859 E2.63079
G1 X101.042 Y107.085 E2.66732
G1 X100.738 Y106.362 E2.69812
G1 X100.608 Y105.84 E2.71924
G1 X100.526 Y105.018 E2.75168
G1 X100.591 Y104.24 E2.78233
G1 X100.875 Y103.267 E2.82213
G1 X101.322 Y102.452 E2.85863
G1 X101.824 Y101.849 E2.88944
G1 X102.578 Y101.239 E2.92752
G1 X103.271 Y100.873 E2.95829
G1 X103.964 Y100.651 E2.98686
G1 X104.767 Y100.544 E3.01867
G1 X105.379 Y100.541 E3.0427
G1 X106.134 Y100.672 E3.07279
G1 X107.078 Y101.037 E3.11253
G1 X107.555 Y101.327 E3.13445
G1 X108.151 Y101.824 E3.16492
G1 X108.655 Y102.419 E3.19554
G1 X109.139 Y103.3 E3.23501
G1 X109.319 Y103.829 E3.25695
G1 X109.456 Y104.592 E3.28739
G1 X109.459 Y105.372 E3.31802
G1 X109.326 Y106.141 E3.34866
G1 X108.936 Y107.122 E3.39011
G1 X108.673 Y107.555 E3.41
G1 X108.176 Y108.151 E3.44047
G1 X107.581 Y108.655 E3.47109
G1 X106.691 Y109.142 E3.51093
G1 X105.799 Y109.402 E3.54741
G1 X105.018 Y109.474 E3.57821
G1 X104.504 Y109.443 E3.59843
G1 X104.481 Y109.438 E3.59935
G1 X104.089 Y109.358 F7800
G92 E0
G1 X95.279 Y98.951
;TYPE:Perimeter
G1 F884.349
G1 X95.613 Y98.427 E.0244
G1 X96.221 Y97.634 E.06364
G1 X96.897 Y96.897 E.10291
G1 X97.634 Y96.221 E.14218
G1 X98.356 Y95.667 E.17791
G1 X98.833 Y95.341 E.2006
G1 X99.708 Y94.835 E.24029
G1 X100.615 Y94.412 E.27959
G1 X101.469 Y94.101 E.31528
G1 X102.023 Y93.933 E.33801
G1 X103.01 Y93.714 E.37771
G1 X103.912 Y93.595 E.41343
G1 X104.497 Y93.551 E.43646
G1 X105.067 Y93.541 E.45884
G1 X105.911 Y93.58 E.49201
G1 X106.485 Y93.636 E.51465
G1 X107.48 Y93.812 E.55432
G1 X108.446 Y94.071 E.59359
G1 X109.385 Y94.412 E.63282
G1 X110.292 Y94.835 E.67212
G1 X111.157 Y95.335 E.71135
G1 X111.976 Y95.908 E.7506
G1 X112.673 Y96.493 E.78633
G1 X113.096 Y96.888 E.80905
G1 X113.779 Y97.634 E.84876
G1 X114.333 Y98.356 E.88449
G1 X114.659 Y98.833 E.90718
G1 X115.165 Y99.708 E.94687
G1 X115.588 Y100.615 E.98617
G1 X115.899 Y101.47 E1.02189
G1 X116.067 Y102.023 E1.04458
G1 X116.286 Y103.01 E1.08428
G1 X116.399 Y103.868 E1.11826
G1 X116.454 Y105.135 E1.16806
G1 X116.416 Y105.999 E1.20202
G1 X116.286 Y106.99 E1.24126
G1 X116.089 Y107.879 E1.27701
G1 X115.933 Y108.435 E1.29968
G1 X115.588 Y109.385 E1.33936
G1 X115.203 Y110.21 E1.37511
G1 X114.931 Y110.72 E1.3978
G1 X114.387 Y111.573 E1.43752
G1 X113.779 Y112.366 E1.47676
G1 X113.103 Y113.103 E1.51603
G1 X112.366 Y113.779 E1.5553
G1 X111.573 Y114.387 E1.59454
G1 X110.806 Y114.876 E1.63026
G1 X110.302 Y115.16 E1.65297
G1 X109.386 Y115.588 E1.69267
G1 X108.446 Y115.929 E1.73193
G1 X107.48 Y116.188 E1.7712
G1 X106.584 Y116.346 E1.80692
G1 X106.01 Y116.416 E1.82962
G1 X105.09 Y116.456 E1.86578
G1 X104.503 Y116.45 E1.88883
G1 X103.935 Y116.409 E1.91119
G1 X103.097 Y116.297 E1.94439
G1 X102.531 Y116.191 E1.967
G1 X101.554 Y115.929 E2.00672
G1 X100.615 Y115.588 E2.04595
G1 X99.708 Y115.165 E2.08525
G1 X98.921 Y114.71 E2.12094
G1 X98.436 Y114.394 E2.14367
G1 X97.634 Y113.779 E2.18335
G1 X96.897 Y113.103 E2.22262
G1 X96.221 Y112.366 E2.26189
G1 X95.667 Y111.645 E2.29759
G1 X95.336 Y111.16 E2.32065
G1 X95.043 Y110.672 E2.343
G1 X94.654 Y109.921 E2.37621
G1 X94.416 Y109.396 E2.39884
G1 X94.071 Y108.446 E2.43852
G1 X93.835 Y107.567 E2.47426
G1 X93.714 Y106.993 E2.49729
G1 X93.631 Y106.43 E2.51963
G1 X93.558 Y105.587 E2.55285
G1 X93.541 Y105.067 E2.57328
G1 X93.55 Y104.503 E2.59543
G1 X93.591 Y103.935 E2.61779
G1 X93.703 Y103.097 E2.65099
G1 X93.809 Y102.531 E2.6736
G1 X94.071 Y101.554 E2.71332
G1 X94.382 Y100.699 E2.74904
G1 X94.609 Y100.167 E2.77175
G1 X95.075 Y99.27 E2.81144
G1 X95.246 Y99.002 E2.82392
G1 X94.931 Y98.74 F7800
G1 F884.349
G1 X95.279 Y98.193 E2.84938
G1 X95.909 Y97.372 E2.89001
G1 X96.609 Y96.609 E2.93067
G1 X97.372 Y95.909 E2.97133
G1 X98.199 Y95.275 E3.01225
G1 X98.618 Y94.995 E3.03204
G1 X99.52 Y94.474 E3.07294
G1 X100.459 Y94.036 E3.11362
G1 X101.438 Y93.68 E3.15452
G1 X101.922 Y93.539 E3.17431
G1 X102.939 Y93.313 E3.21522
G1 X103.973 Y93.177 E3.25617
G1 X104.481 Y93.144 E3.27616
G1 X105.073 Y93.134 E3.29941
G1 X106.041 Y93.178 E3.33746
G1 X106.542 Y93.233 E3.35725
G1 X107.569 Y93.414 E3.3982
G1 X108.569 Y93.682 E3.43885
G1 X109.541 Y94.036 E3.47947
G1 X110.48 Y94.474 E3.52015
G1 X111.376 Y94.991 E3.56077
G1 X112.224 Y95.585 E3.60142
G1 X113.023 Y96.255 E3.64236
G1 X113.387 Y96.603 E3.66213
G1 X114.091 Y97.372 E3.70307
G1 X114.725 Y98.199 E3.74399
G1 X115.005 Y98.618 E3.76378
G1 X115.526 Y99.52 E3.80468
G1 X115.964 Y100.459 E3.84536
G1 X116.32 Y101.438 E3.88626
G1 X116.461 Y101.922 E3.90605
G1 X116.687 Y102.939 E3.94696
G1 X116.822 Y103.966 E3.98763
G1 X116.861 Y105.153 E4.03426
G1 X116.822 Y106.034 E4.06889
G1 X116.687 Y107.061 E4.10956
G1 X116.461 Y108.078 E4.15047
G1 X116.32 Y108.562 E4.17026
G1 X115.964 Y109.541 E4.21116
G1 X115.524 Y110.486 E4.25209
G1 X115.281 Y110.928 E4.27189
G1 X114.721 Y111.807 E4.31281
G1 X114.091 Y112.628 E4.35344
G1 X113.391 Y113.391 E4.3941
G1 X112.628 Y114.091 E4.43476
G1 X111.807 Y114.721 E4.47539
G1 X110.928 Y115.281 E4.51631
G1 X110.486 Y115.524 E4.53611
G1 X109.541 Y115.964 E4.57704
G1 X108.569 Y116.318 E4.61766
M73 P40 R18
G1 X107.569 Y116.586 E4.65831
G1 X106.542 Y116.767 E4.69926
G1 X106.041 Y116.822 E4.71905
G1 X104.993 Y116.868 E4.76024
G1 X104.484 Y116.857 E4.78023
G1 X103.894 Y116.814 E4.80346
G1 X102.933 Y116.686 E4.84153
G1 X102.438 Y116.588 E4.86134
G1 X101.431 Y116.318 E4.90228
G1 X100.459 Y115.964 E4.9429
G1 X99.52 Y115.526 E4.98358
G1 X98.618 Y115.005 E5.02448
G1 X98.199 Y114.725 E5.04427
G1 X97.372 Y114.091 E5.08519
G1 X96.609 Y113.391 E5.12585
G1 X95.909 Y112.628 E5.16651
G1 X95.275 Y111.801 E5.20743
G1 X94.992 Y111.378 E5.22741
G1 X94.688 Y110.87 E5.25066
G1 X94.242 Y110.01 E5.2887
G1 X94.038 Y109.548 E5.30853
G1 X93.682 Y108.569 E5.34943
G1 X93.412 Y107.562 E5.39037
G1 X93.313 Y107.063 E5.41034
G1 X93.226 Y106.477 E5.4336
G1 X93.143 Y105.511 E5.47167
G1 X93.132 Y105 E5.49174
G1 X93.143 Y104.484 E5.51201
G1 X93.186 Y103.894 E5.53524
G1 X93.314 Y102.933 E5.57331
G1 X93.412 Y102.438 E5.59312
G1 X93.682 Y101.431 E5.63406
G1 X94.038 Y100.452 E5.67496
G1 X94.241 Y99.991 E5.69474
G1 X94.723 Y99.066 E5.73569
G1 X94.898 Y98.79 E5.74852
G1 X94.582 Y98.529 F7800
;TYPE:External perimeter
G1 F884.349
G1 X94.945 Y97.959 E5.77505
G1 X95.597 Y97.11 E5.81708
G1 X96.32 Y96.32 E5.85913
G1 X97.11 Y95.597 E5.90118
G1 X97.961 Y94.944 E5.9433
G1 X98.403 Y94.649 E5.96417
G1 X99.332 Y94.112 E6.0063
G1 X100.303 Y93.66 E6.04835
G1 X101.311 Y93.292 E6.09048
G1 X101.821 Y93.144 E6.11133
G1 X102.869 Y92.912 E6.15348
M73 Q40 S18
G1 X103.933 Y92.772 E6.19562
G1 X104.464 Y92.737 E6.21651
G1 X105.078 Y92.727 E6.24062
G1 X106.072 Y92.772 E6.27969
G1 X106.6 Y92.83 E6.30055
G1 X107.657 Y93.016 E6.34269
G1 X108.691 Y93.293 E6.38472
G1 X109.697 Y93.66 E6.42677
G1 X110.668 Y94.112 E6.46882
G1 X111.595 Y94.648 E6.51086
G1 X112.472 Y95.262 E6.5529
G1 X113.295 Y95.952 E6.59507
G1 X113.678 Y96.319 E6.6159
G1 X114.403 Y97.11 E6.65803
G1 X115.056 Y97.961 E6.70015
G1 X115.351 Y98.403 E6.72102
G1 X115.888 Y99.332 E6.76315
G1 X116.34 Y100.303 E6.8052
G1 X116.708 Y101.311 E6.84733
G1 X116.856 Y101.821 E6.86818
G1 X117.088 Y102.868 E6.91029
G1 X117.228 Y103.93 E6.95235
G1 X117.267 Y105.17 E7.00106
G1 X117.228 Y106.07 E7.03643
G1 X117.088 Y107.132 E7.07849
G1 X116.856 Y108.179 E7.1206
G1 X116.708 Y108.689 E7.14145
G1 X116.34 Y109.697 E7.18358
G1 X115.887 Y110.67 E7.22572
G1 X115.632 Y111.135 E7.24654
G1 X115.055 Y112.041 E7.28872
G1 X114.403 Y112.89 E7.33075
G1 X113.68 Y113.68 E7.3728
G1 X112.89 Y114.403 E7.41485
G1 X112.041 Y115.055 E7.45688
G1 X111.135 Y115.632 E7.49906
G1 X110.67 Y115.887 E7.51988
G1 X109.697 Y116.34 E7.56202
G1 X108.691 Y116.707 E7.60407
G1 X107.657 Y116.984 E7.6461
G1 X106.6 Y117.17 E7.68824
G1 X106.072 Y117.228 E7.7091
G1 X104.998 Y117.275 E7.75131
G1 X104.465 Y117.263 E7.77224
G1 X103.852 Y117.22 E7.79637
G1 X102.866 Y117.088 E7.83543
G1 X102.346 Y116.984 E7.85625
G1 X101.309 Y116.707 E7.89839
G1 X100.303 Y116.34 E7.94044
G1 X99.332 Y115.888 E7.98249
G1 X98.403 Y115.351 E8.02462
G1 X97.961 Y115.056 E8.04549
G1 X97.11 Y114.403 E8.08761
G1 X96.32 Y113.68 E8.12966
G1 X95.597 Y112.89 E8.17171
G1 X94.944 Y112.039 E8.21383
G1 X94.648 Y111.596 E8.23475
G1 X94.332 Y111.069 E8.25888
G1 X93.874 Y110.186 E8.29794
G1 X93.66 Y109.7 E8.31879
G1 X93.293 Y108.691 E8.36095
G1 X93.016 Y107.654 E8.40309
G1 X92.912 Y107.132 E8.42399
G1 X92.822 Y106.524 E8.44812
G1 X92.737 Y105.533 E8.48717
G1 X92.725 Y105 E8.5081
G1 X92.737 Y104.465 E8.52911
G1 X92.78 Y103.852 E8.55324
G1 X92.912 Y102.866 E8.5923
G1 X93.016 Y102.346 E8.61312
G1 X93.293 Y101.309 E8.65526
G1 X93.66 Y100.3 E8.69742
G1 X93.874 Y99.815 E8.71823
G1 X94.37 Y98.863 E8.76038
G1 X94.55 Y98.579 E8.77358
G1 X94.765 Y98.242 F7800
;LAYER_CHANGE
;Z:5.35
;HEIGHT:0.2
G92 E0
G1 Z5.35 F7800
G1 X104.334 Y110.23
;TYPE:Perimeter
G1 F884.349
G1 X103.495 Y110.067 E.03356
G1 X102.519 Y109.67 E.07493
G1 X101.867 Y109.256 E.10526
G1 X101.024 Y108.481 E.15022
G1 X100.725 Y108.076 E.16999
M73 P41 R18
G1 X100.365 Y107.538 E.19541
G1 X99.986 Y106.674 E.23245
G1 X99.828 Y106.078 E.25666
G1 X99.751 Y105.504 E.2794
G1 X99.711 Y104.989 E.29968
G1 X99.804 Y104.04 E.33712
G1 X99.983 Y103.388 E.36367
G1 X100.151 Y102.896 E.38408
M73 Q41 S18
G1 X100.609 Y102.06 E.42151
G1 X100.961 Y101.611 E.44391
G1 X101.292 Y101.229 E.46376
G1 X101.84 Y100.786 E.49143
G1 X102.279 Y100.472 E.51262
G1 X102.895 Y100.151 E.53989
G1 X103.457 Y99.958 E.56322
G1 X103.944 Y99.821 E.58308
G1 X104.674 Y99.735 E.61194
G1 X105.406 Y99.728 E.64068
G1 X106.275 Y99.871 E.67526
G1 X107.078 Y100.16 E.70877
G1 X107.586 Y100.393 E.73071
G1 X108.033 Y100.667 E.7513
G1 X108.675 Y101.2 E.78406
G1 X109.357 Y102.003 E.82543
G1 X109.91 Y103.038 E.87151
G1 X110.09 Y103.567 E.89345
G1 X110.272 Y104.583 E.93398
G1 X110.273 Y105.372 E.96496
G1 X110.072 Y106.483 E1.00929
G1 X109.686 Y107.452 E1.05024
G1 X109.369 Y107.978 E1.07435
G1 X109.039 Y108.389 E1.09505
G1 X108.708 Y108.771 E1.1149
G1 X108.104 Y109.279 E1.14589
G1 X107.124 Y109.839 E1.19021
G1 X106.648 Y110.002 E1.20997
G1 X106.026 Y110.184 E1.23542
G1 X105.088 Y110.285 E1.27246
G1 X104.473 Y110.257 E1.29663
G1 X104.393 Y110.241 E1.29983
G1 X104.378 Y109.827 F7800
G1 F884.349
G1 X103.583 Y109.67 E1.33165
G1 X102.794 Y109.353 E1.36504
G1 X101.977 Y108.83 E1.40313
G1 X101.305 Y108.187 E1.43965
G1 X100.703 Y107.312 E1.48135
G1 X100.362 Y106.518 E1.51528
G1 X100.223 Y105.981 E1.53706
G1 X100.157 Y105.469 E1.55733
G1 X100.12 Y104.947 E1.57788
G1 X100.209 Y104.081 E1.61206
G1 X100.518 Y103.071 E1.65353
G1 X100.966 Y102.256 E1.69005
G1 X101.512 Y101.587 E1.72396
G1 X102.095 Y101.104 E1.75369
G1 X102.467 Y100.833 E1.77176
G1 X103.083 Y100.512 E1.79903
G1 X104.005 Y100.223 E1.83697
G1 X104.86 Y100.124 E1.87077
G1 X105.393 Y100.134 E1.8917
G1 X106.204 Y100.271 E1.92399
G1 X106.93 Y100.54 E1.95439
G1 X107.375 Y100.741 E1.97356
G1 X107.822 Y101.016 E1.99417
G1 X108.413 Y101.512 E2.02446
G1 X108.967 Y102.158 E2.05787
G1 X109.525 Y103.169 E2.10321
G1 X109.704 Y103.698 E2.12514
G1 X109.857 Y104.522 E2.15805
G1 X109.866 Y105.372 E2.19143
G1 X109.673 Y106.403 E2.23261
G1 X109.353 Y107.206 E2.26655
G1 X109.021 Y107.767 E2.29215
G1 X108.488 Y108.413 E2.32503
G1 X107.842 Y108.967 E2.35844
G1 X107.216 Y109.324 E2.38674
G1 X106.805 Y109.533 E2.40484
G1 X105.913 Y109.793 E2.44132
G1 X105.053 Y109.88 E2.47526
G1 X104.499 Y109.851 E2.49704
G1 X104.437 Y109.838 E2.49953
G1 X104.421 Y109.436 F7800
;TYPE:External perimeter
G1 F884.349
G1 X103.672 Y109.273 E2.52963
G1 X102.95 Y108.977 E2.56027
G1 X102.304 Y108.569 E2.59027
G1 X101.559 Y107.859 E2.63068
G1 X101.042 Y107.086 E2.66719
G1 X100.738 Y106.362 E2.69802
G1 X100.596 Y105.79 E2.72116
G1 X100.526 Y105.018 E2.7516
G1 X100.614 Y104.123 E2.78691
G1 X100.875 Y103.267 E2.82205
G1 X101.323 Y102.452 E2.85857
G1 X101.824 Y101.849 E2.88935
G1 X102.655 Y101.194 E2.9309
G1 X103.271 Y100.873 E2.95817
G1 X103.964 Y100.651 E2.98674
G1 X104.769 Y100.544 E3.01863
G1 X105.379 Y100.541 E3.04258
G1 X106.134 Y100.672 E3.07267
G1 X106.783 Y100.919 E3.09994
G1 X107.164 Y101.089 E3.11632
G1 X107.581 Y101.345 E3.13553
G1 X108.151 Y101.824 E3.16476
G1 X108.655 Y102.419 E3.19538
G1 X109.139 Y103.3 E3.23485
G1 X109.319 Y103.829 E3.25679
G1 X109.456 Y104.592 E3.28723
G1 X109.459 Y105.372 E3.31786
G1 X109.273 Y106.324 E3.35595
G1 X108.977 Y107.05 E3.38673
G1 X108.673 Y107.555 E3.40987
G1 X108.176 Y108.151 E3.44034
G1 X107.581 Y108.655 E3.47096
G1 X106.691 Y109.142 E3.5108
G1 X105.799 Y109.402 E3.54728
G1 X105.018 Y109.474 E3.57808
G1 X104.48 Y109.441 E3.59924
G1 X104.088 Y109.363 F7800
G92 E0
G1 X95.274 Y98.948
;TYPE:Perimeter
G1 F884.349
G1 X95.29 Y98.919 E.0013
G1 X95.606 Y98.436 E.02396
G1 X96.221 Y97.634 E.06364
G1 X96.897 Y96.897 E.10291
G1 X97.567 Y96.282 E.13862
G1 X98.021 Y95.909 E.16169
G1 X98.465 Y95.587 E.18323
G1 X99.195 Y95.123 E.21719
G1 X99.698 Y94.84 E.23985
G1 X100.615 Y94.412 E.27958
G1 X101.469 Y94.101 E.31527
G1 X102.023 Y93.933 E.338
G1 X103.01 Y93.714 E.3777
G1 X103.912 Y93.595 E.41342
G1 X104.498 Y93.55 E.4365
G1 X105.046 Y93.541 E.45802
G1 X105.911 Y93.58 E.49202
G1 X106.485 Y93.636 E.51466
G1 X107.48 Y93.812 E.55433
G1 X108.446 Y94.071 E.5936
G1 X109.385 Y94.412 E.63283
G1 X110.3 Y94.839 E.67248
G1 X110.769 Y95.099 E.69354
G1 X111.573 Y95.612 E.73099
G1 X112.366 Y96.221 E.77025
G1 X113.103 Y96.897 E.80952
G1 X113.779 Y97.634 E.84879
G1 X114.387 Y98.427 E.88803
G1 X114.876 Y99.194 E.92375
G1 X115.16 Y99.698 E.94646
G1 X115.588 Y100.614 E.98616
G1 X115.899 Y101.47 E1.02192
G1 X116.067 Y102.023 E1.04461
G1 X116.286 Y103.01 E1.08431
G1 X116.399 Y103.868 E1.11829
G1 X116.454 Y105.135 E1.16809
G1 X116.416 Y105.999 E1.20205
G1 X116.286 Y106.99 E1.24129
G1 X116.069 Y107.966 E1.28055
G1 X115.796 Y108.834 E1.31628
G1 X115.592 Y109.375 E1.33898
G1 X115.203 Y110.21 E1.37515
G1 X114.931 Y110.72 E1.39784
G1 X114.387 Y111.573 E1.43756
G1 X113.779 Y112.366 E1.4768
G1 X113.103 Y113.103 E1.51607
G1 X112.366 Y113.779 E1.55534
G1 X111.573 Y114.387 E1.59458
G1 X110.806 Y114.876 E1.6303
G1 X110.302 Y115.16 E1.65301
G1 X109.385 Y115.588 E1.69274
G1 X108.446 Y115.929 E1.73197
G1 X107.567 Y116.165 E1.76771
G1 X106.992 Y116.286 E1.79078
G1 X106.45 Y116.367 E1.8123
G1 X105.588 Y116.441 E1.84627
G1 X105.011 Y116.46 E1.86894
G1 X104.001 Y116.416 E1.90863
G1 X103.01 Y116.286 E1.94787
G1 X102.122 Y116.089 E1.98358
G1 X101.565 Y115.933 E2.00629
G1 X100.615 Y115.588 E2.04597
G1 X99.708 Y115.165 E2.08527
G1 X98.921 Y114.71 E2.12096
G1 X98.428 Y114.389 E2.14406
G1 X97.988 Y114.063 E2.16556
G1 X97.326 Y113.506 E2.19953
G1 X96.904 Y113.112 E2.2222
G1 X96.221 Y112.366 E2.26191
G1 X95.613 Y111.573 E2.30115
G1 X95.124 Y110.806 E2.33687
G1 X94.84 Y110.302 E2.35958
G1 X94.412 Y109.386 E2.39928
G1 X94.071 Y108.446 E2.43854
G1 X93.812 Y107.48 E2.47781
G1 X93.654 Y106.584 E2.51353
G1 X93.584 Y106.01 E2.53623
G1 X93.544 Y105.09 E2.57239
G1 X93.55 Y104.502 E2.59548
G1 X93.588 Y103.956 E2.61697
G1 X93.703 Y103.098 E2.65096
G1 X93.809 Y102.531 E2.67361
G1 X94.071 Y101.554 E2.71333
G1 X94.382 Y100.699 E2.74905
G1 X94.612 Y100.159 E2.7721
G1 X94.857 Y99.668 E2.79365
G1 X95.244 Y99 E2.82396
G1 X94.926 Y98.737 F7800
G1 F884.349
G1 X94.994 Y98.618 E2.82934
G1 X95.275 Y98.199 E2.84915
G1 X95.909 Y97.372 E2.89007
G1 X96.609 Y96.609 E2.93073
G1 X97.377 Y95.904 E2.97166
G1 X97.774 Y95.586 E2.99163
G1 X98.236 Y95.25 E3.01406
G1 X99.072 Y94.719 E3.05295
G1 X99.514 Y94.476 E3.07275
G1 X100.459 Y94.036 E3.11368
G1 X101.438 Y93.68 E3.15458
G1 X101.922 Y93.539 E3.17437
G1 X102.939 Y93.313 E3.21528
G1 X103.973 Y93.177 E3.25623
G1 X104.481 Y93.144 E3.27622
G1 X105.051 Y93.134 E3.2986
G1 X106.041 Y93.178 E3.33751
G1 X106.542 Y93.233 E3.3573
G1 X107.569 Y93.414 E3.39825
G1 X108.569 Y93.682 E3.4389
G1 X109.541 Y94.036 E3.47952
G1 X110.485 Y94.476 E3.52041
G1 X110.978 Y94.749 E3.54254
G1 X111.806 Y95.279 E3.58114
G1 X112.628 Y95.909 E3.6218
G1 X113.391 Y96.609 E3.66246
G1 X114.091 Y97.372 E3.70312
G1 X114.721 Y98.193 E3.74375
G1 X115.281 Y99.072 E3.78467
G1 X115.524 Y99.514 E3.80447
G1 X115.964 Y100.459 E3.8454
G1 X116.32 Y101.438 E3.8863
G1 X116.461 Y101.922 E3.90609
G1 X116.687 Y102.939 E3.947
G1 X116.822 Y103.966 E3.98767
G1 X116.861 Y105.153 E4.0343
G1 X116.822 Y106.034 E4.06893
G1 X116.687 Y107.061 E4.1096
G1 X116.463 Y108.071 E4.15022
G1 X116.15 Y109.065 E4.19114
G1 X115.967 Y109.535 E4.21094
G1 X115.524 Y110.486 E4.25213
G1 X115.281 Y110.928 E4.27193
G1 X114.721 Y111.807 E4.31285
G1 X114.091 Y112.628 E4.35348
G1 X113.391 Y113.391 E4.39414
G1 X112.628 Y114.091 E4.4348
G1 X111.807 Y114.721 E4.47543
G1 X110.928 Y115.281 E4.51635
G1 X110.486 Y115.524 E4.53615
G1 X109.541 Y115.964 E4.57708
G1 X108.569 Y116.318 E4.6177
G1 X107.562 Y116.588 E4.65864
G1 X107.062 Y116.687 E4.67865
G1 X106.498 Y116.772 E4.70105
G1 X105.511 Y116.857 E4.73995
G1 X105.007 Y116.868 E4.75974
G1 X103.966 Y116.822 E4.80065
G1 X102.939 Y116.687 E4.84132
G1 X101.922 Y116.461 E4.88223
G1 X101.438 Y116.32 E4.90202
G1 X100.459 Y115.964 E4.94292
G1 X99.52 Y115.526 E4.9836
G1 X98.618 Y115.005 E5.0245
G1 X98.194 Y114.722 E5.04452
G1 X97.735 Y114.383 E5.06692
G1 X96.978 Y113.745 E5.10579
G1 X96.613 Y113.397 E5.12559
G1 X95.909 Y112.628 E5.16653
G1 X95.279 Y111.807 E5.20716
G1 X94.719 Y110.928 E5.24808
G1 X94.476 Y110.486 E5.26788
G1 X94.036 Y109.541 E5.30881
G1 X93.682 Y108.569 E5.34943
G1 X93.414 Y107.569 E5.39008
G1 X93.233 Y106.542 E5.43103
G1 X93.178 Y106.041 E5.45082
G1 X93.132 Y104.993 E5.49201
G1 X93.143 Y104.484 E5.512
G1 X93.183 Y103.915 E5.5344
G1 X93.314 Y102.933 E5.5733
G1 X93.412 Y102.438 E5.59311
G1 X93.682 Y101.431 E5.63405
G1 X94.038 Y100.452 E5.67495
G1 X94.244 Y99.986 E5.69496
G1 X94.498 Y99.475 E5.71737
G1 X94.896 Y98.789 E5.74851
G1 X94.578 Y98.526 F7800
;TYPE:External perimeter
G1 F884.349
G1 X94.649 Y98.403 E5.75409
G1 X94.944 Y97.961 E5.77496
G1 X95.597 Y97.11 E5.81708
G1 X96.32 Y96.32 E5.85913
G1 X97.112 Y95.595 E5.90129
G1 X97.527 Y95.262 E5.92218
G1 X98.007 Y94.913 E5.94548
G1 X98.865 Y94.368 E5.98539
G1 X99.33 Y94.113 E6.00621
G1 X100.303 Y93.66 E6.04835
G1 X101.311 Y93.292 E6.09048
G1 X101.821 Y93.144 E6.11133
G1 X102.868 Y92.912 E6.15344
G1 X103.933 Y92.772 E6.19562
G1 X104.464 Y92.737 E6.21651
G1 X105.057 Y92.726 E6.2398
G1 X106.072 Y92.772 E6.27969
G1 X106.6 Y92.83 E6.30055
G1 X107.657 Y93.016 E6.34269
G1 X108.691 Y93.293 E6.38472
G1 X109.697 Y93.66 E6.42677
G1 X110.67 Y94.113 E6.46891
G1 X111.186 Y94.399 E6.49207
G1 X112.04 Y94.945 E6.53187
G1 X112.89 Y95.597 E6.57393
G1 X113.68 Y96.32 E6.61598
G1 X114.403 Y97.11 E6.65803
G1 X115.055 Y97.959 E6.70006
G1 X115.632 Y98.865 E6.74224
G1 X115.887 Y99.33 E6.76306
G1 X116.34 Y100.303 E6.8052
G1 X116.708 Y101.311 E6.84733
G1 X116.856 Y101.821 E6.86818
G1 X117.088 Y102.868 E6.91029
G1 X117.228 Y103.93 E6.95235
G1 X117.267 Y105.17 E7.00106
G1 X117.228 Y106.07 E7.03643
G1 X117.088 Y107.131 E7.07845
G1 X116.857 Y108.177 E7.12051
G1 X116.534 Y109.201 E7.16267
G1 X116.341 Y109.695 E7.18349
G1 X115.887 Y110.67 E7.22572
G1 X115.632 Y111.135 E7.24654
G1 X115.055 Y112.041 E7.28872
G1 X114.403 Y112.89 E7.33075
G1 X113.68 Y113.68 E7.3728
G1 X112.89 Y114.403 E7.41485
G1 X112.041 Y115.055 E7.45688
G1 X111.135 Y115.632 E7.49906
M73 P42 R18
G1 X110.67 Y115.887 E7.51988
G1 X109.697 Y116.34 E7.56202
G1 X108.691 Y116.707 E7.60407
G1 X107.654 Y116.984 E7.64621
G1 X107.132 Y117.088 E7.66711
G1 X106.546 Y117.176 E7.69038
G1 X105.533 Y117.263 E7.7303
G1 X105.002 Y117.275 E7.75115
M73 Q42 S18
G1 X103.93 Y117.228 E7.79328
G1 X102.869 Y117.088 E7.8353
G1 X101.821 Y116.856 E7.87745
G1 X101.311 Y116.708 E7.8983
G1 X100.303 Y116.34 E7.94043
G1 X99.332 Y115.888 E7.98248
G1 X98.403 Y115.351 E8.02461
G1 X97.96 Y115.055 E8.04553
G1 X97.483 Y114.703 E8.06881
G1 X96.705 Y114.048 E8.10874
G1 X96.322 Y113.681 E8.12957
G1 X95.597 Y112.89 E8.1717
G1 X94.945 Y112.041 E8.21373
G1 X94.368 Y111.135 E8.25591
G1 X94.113 Y110.67 E8.27673
G1 X93.66 Y109.697 E8.31887
G1 X93.293 Y108.691 E8.36092
G1 X93.016 Y107.657 E8.40295
G1 X92.83 Y106.6 E8.44509
G1 X92.772 Y106.072 E8.46595
G1 X92.725 Y104.998 E8.50816
G1 X92.737 Y104.465 E8.52909
G1 X92.778 Y103.874 E8.55235
G1 X92.912 Y102.866 E8.59228
G1 X93.016 Y102.346 E8.6131
G1 X93.293 Y101.309 E8.65524
G1 X93.66 Y100.3 E8.6974
G1 X93.875 Y99.813 E8.7183
G1 X94.139 Y99.282 E8.74158
G1 X94.547 Y98.578 E8.77353
G1 X94.76 Y98.239 F7800
G92 E0
G1 X95.18 Y100.491
;TYPE:Internal infill
;WIDTH:0.45
;HEIGHT:0.4
G1 F494.289
G1 X95.018 Y100.855 E.02799
G1 X95.649 Y101.39 F7800
G1 F494.289
G1 X97.361 Y103.042 E.19512
G1 X97.759 Y104.961 E.3328
G1 X95.972 Y104.77 E.45905
G1 X94.612 Y106.063 E.59088
G1 X96.253 Y106.878 E.71959
G1 X94.889 Y108.107 E.84857
G1 X96.39 Y107.029 F7800
G1 F494.289
G1 X97.905 Y108.703 E1.00718
G1 X96.608 Y109.654 E1.12016
G1 X96.111 Y110.928 E1.21623
G1 X96.981 Y112.553 E1.34572
G92 E0
G1 X99.84 Y114.232 F7800
G1 F494.289
G1 X100.585 Y113.782 E.06114
G1 X98.746 Y111.905 E.24574
G1 X100.153 Y110.604 E.38036
G1 X98.061 Y108.834 E.57287
G92 E0
G1 X93.986 Y103.28 F7800
G1 F494.289
G1 X94.362 Y101.646 E.11779
G1 X94.623 Y100.928 E.17146
G1 X95.502 Y101.249 E.2372
G1 X96.705 Y99.146 E.4074
G92 E0
G1 X99.694 Y100.095 F7800
G1 F494.289
G1 X100.528 Y98.992 E.09714
G1 X98.503 Y96.825 E.30549
G1 X98.37 Y96.459 E.33285
G1 X98.169 Y96.196 E.3561
G1 X98.638 Y95.839 E.39751
G1 X99.85 Y95.106 E.49701
G1 X100.731 Y94.695 E.5653
G1 X102.099 Y94.229 E.66682
G1 X102.421 Y94.158 E.68998
G1 X102.519 Y94.319 E.70322
G1 X102.72 Y95.07 E.75783
G1 X104.772 Y94.349 E.91062
G1 X104.595 Y94.626 F7800
G1 F494.289
G1 X104.573 Y96.669 E1.05415
G92 E0
G1 X109.547 Y95.272 F7800
G1 F494.289
G1 X109.399 Y96.547 E.09017
G1 X107.971 Y97.875 F7800
G1 F494.289
G1 X109.376 Y96.749 E.21666
G1 X107.69 Y94.667 E.40486
G1 X107.562 Y94.15 E.44228
G1 X108.354 Y94.362 E.49988
G1 X109.269 Y94.695 E.56828
G1 X110.15 Y95.106 E.63657
G1 X111.185 Y95.727 E.72136
G1 X111.977 Y96.307 E.79032
G1 X112.685 Y96.928 E.85648
G1 X113.324 Y98.321 E.96414
G1 X111.626 Y98.625 E1.08532
G1 X110.221 Y99.75 E1.21176
G92 E0
G1 X115.602 Y104.146 F7800
G1 F494.289
G1 X112.754 Y103.783 E.20169
G1 X112.15 Y102.58 E.29625
G92 E0
G1 X114.055 Y100.595 F7800
G1 F494.289
G1 X114.882 Y101.468 E.08448
G1 X115.788 Y104.229 E.28861
G1 X116.12 Y104.217 E.31195
G1 X116.154 Y105 E.36701
G1 X116.022 Y106.651 E.48336
G1 X114.832 Y107.427 F7800
G1 F494.289
G1 X111.732 Y107.091 E.70241
G1 X111.686 Y108.159 E.77751
G1 X110.387 Y110.32 E.95464
G1 X110.507 Y112.123 E1.08158
G1 X111.82 Y113.813 E1.23192
G1 X110.565 Y114.668 E1.3386
G1 X109.269 Y115.305 E1.44005
G1 X108.881 Y115.446 E1.46905
G1 X108.769 Y115.137 E1.49214
G1 X106.595 Y115.745 E1.65072
G1 X104.609 Y115.825 F7800
G1 F494.289
G1 X103.992 Y115.855 E1.69412
G1 X102.382 Y115.834 F7800
G1 F494.289
G1 X103.995 Y116.107 E1.80904
G1 X104.799 Y116.145 E1.86558
G1 X104.763 Y114.757 E1.96312
G1 X106.968 Y112.392 E2.19027
G1 X105.127 Y112.357 E2.31962
G1 X103.536 Y112.562 E2.43231
G92 E0
G1 X108.972 Y115.134 F7800
G1 F494.289
G1 X109.192 Y115.13 E.01546
G92 E0
G1 X110.694 Y112.043 F7800
G1 F494.289
G1 X112.576 Y111.236 E.14385
G92 E0
G1 X99.533 Y95.504 F7800
G1 F494.289
G1 X98.527 Y96.33 E.09144
;LAYER_CHANGE
;Z:5.55
;HEIGHT:0.2
G92 E0
G1 Z5.55 F7800
G1 X104.334 Y110.224
;TYPE:Perimeter
;WIDTH:0.449999
G1 F884.349
G1 X104.038 Y110.2 E.01166
G1 X102.895 Y109.849 E.05861
G1 X102.235 Y109.505 E.08783
G1 X101.563 Y108.991 E.12105
G1 X101.2 Y108.675 E.13995
G1 X100.721 Y108.104 E.16921
G1 X100.161 Y107.124 E.21353
G1 X99.998 Y106.648 E.23329
G1 X99.816 Y106.027 E.2587
G1 X99.715 Y105.089 E.29574
G1 X99.803 Y104.043 E.33696
G1 X100.117 Y102.967 E.38097
G1 X100.472 Y102.31 E.41029
G1 X100.721 Y101.896 E.42926
G1 X101.2 Y101.325 E.45852
G1 X102.068 Y100.604 E.50283
G1 X102.565 Y100.323 E.52525
G1 X103.017 Y100.097 E.54509
G1 X103.72 Y99.875 E.57404
G1 X104.675 Y99.735 E.61194
G1 X105.007 Y99.715 E.625
G1 X105.821 Y99.779 E.65706
G1 X106.526 Y99.938 E.68544
G1 X107.501 Y100.341 E.72686
G1 X107.978 Y100.631 E.74878
G1 X108.771 Y101.292 E.78932
G1 X109.279 Y101.896 E.82031
G1 X109.703 Y102.628 E.85353
G1 X109.91 Y103.038 E.87156
G1 X110.09 Y103.567 E.8935
G1 X110.272 Y104.583 E.93403
G1 X110.26 Y105.5 E.97004
G1 X110.069 Y106.495 E1.00982
G1 X109.686 Y107.452 E1.05029
G1 X109.369 Y107.978 E1.0744
G1 X108.708 Y108.771 E1.11494
G1 X108.104 Y109.279 E1.14593
G1 X107.124 Y109.839 E1.19025
G1 X106.648 Y110.002 E1.21001
M73 P43 R18
G1 X106.026 Y110.184 E1.23546
G1 X105.089 Y110.285 E1.27246
G1 X104.394 Y110.229 E1.29984
G1 X104.378 Y109.828 F7800
G1 F884.349
G1 X104.205 Y109.815 E1.30665
G1 X103.083 Y109.488 E1.35254
G1 X102.423 Y109.144 E1.38176
G1 X101.512 Y108.413 E1.42762
M73 Q43 S18
G1 X101.033 Y107.842 E1.45688
G1 X100.676 Y107.216 E1.48518
G1 X100.467 Y106.805 E1.50328
G1 X100.207 Y105.913 E1.53976
G1 X100.12 Y105.053 E1.5737
G1 X100.208 Y104.084 E1.6119
G1 X100.492 Y103.126 E1.65113
G1 X101.033 Y102.158 E1.69467
G1 X101.512 Y101.587 E1.72393
G1 X102.323 Y100.921 E1.76513
G1 X103.083 Y100.512 E1.79902
G1 X104.005 Y100.223 E1.83696
G1 X104.857 Y100.124 E1.87064
G1 X105.501 Y100.162 E1.89597
G1 X105.981 Y100.223 E1.91497
G1 X106.468 Y100.344 E1.93467
G1 X107.206 Y100.647 E1.96599
G1 X107.767 Y100.979 E1.99159
G1 X108.413 Y101.512 E2.02447
G1 X108.967 Y102.158 E2.05788
G1 X109.525 Y103.169 E2.10322
G1 X109.704 Y103.698 E2.12515
G1 X109.857 Y104.522 E2.15806
G1 X109.853 Y105.495 E2.19626
G1 X109.671 Y106.411 E2.23293
G1 X109.353 Y107.206 E2.26655
G1 X109.021 Y107.767 E2.29215
G1 X108.488 Y108.413 E2.32503
G1 X107.842 Y108.967 E2.35844
G1 X106.928 Y109.482 E2.39963
G1 X105.913 Y109.793 E2.44131
G1 X105.053 Y109.88 E2.47525
G1 X104.438 Y109.833 E2.49947
G1 X104.422 Y109.425 F7800
;TYPE:External perimeter
G1 F884.349
G1 X104.24 Y109.409 E2.50664
G1 X103.271 Y109.127 E2.54627
G1 X102.611 Y108.783 E2.57549
G1 X101.824 Y108.151 E2.61512
G1 X101.345 Y107.581 E2.64435
G1 X100.858 Y106.691 E2.68419
G1 X100.598 Y105.799 E2.72067
G1 X100.526 Y105.018 E2.75147
G1 X100.613 Y104.126 E2.78666
G1 X100.866 Y103.286 E2.82111
G1 X101.345 Y102.419 E2.86
G1 X101.824 Y101.849 E2.88923
G1 X102.578 Y101.239 E2.92731
G1 X103.271 Y100.873 E2.95808
G1 X103.964 Y100.651 E2.98665
G1 X104.77 Y100.544 E3.01857
G1 X105.469 Y100.568 E3.04603
G1 X105.884 Y100.619 E3.06245
G1 X106.362 Y100.738 E3.08179
G1 X107.05 Y101.023 E3.11103
G1 X107.555 Y101.327 E3.13417
G1 X108.151 Y101.824 E3.16464
G1 X108.655 Y102.419 E3.19526
G1 X109.139 Y103.3 E3.23473
G1 X109.319 Y103.829 E3.25667
G1 X109.456 Y104.592 E3.28711
G1 X109.446 Y105.489 E3.32233
G1 X109.273 Y106.327 E3.35593
G1 X108.977 Y107.05 E3.38661
G1 X108.673 Y107.555 E3.40975
G1 X108.176 Y108.151 E3.44022
G1 X107.581 Y108.655 E3.47084
G1 X106.732 Y109.125 E3.50894
G1 X105.799 Y109.402 E3.54715
G1 X105.018 Y109.474 E3.57795
G1 X104.482 Y109.43 E3.59907
G1 X104.088 Y109.359 F7800
G92 E0
G1 X95.279 Y98.951
;TYPE:Perimeter
G1 F884.349
G1 X95.613 Y98.427 E.0244
G1 X96.221 Y97.634 E.06364
G1 X96.897 Y96.897 E.10291
G1 X97.634 Y96.221 E.14218
G1 X98.356 Y95.667 E.17791
G1 X98.833 Y95.341 E.2006
G1 X99.708 Y94.835 E.24029
G1 X100.615 Y94.412 E.27959
G1 X101.469 Y94.101 E.31528
G1 X102.023 Y93.933 E.33801
G1 X103.01 Y93.714 E.37771
G1 X103.912 Y93.595 E.41343
G1 X104.499 Y93.55 E.43655
G1 X105.025 Y93.54 E.45721
G1 X105.91 Y93.58 E.49199
G1 X106.485 Y93.636 E.51467
G1 X107.48 Y93.812 E.55434
G1 X108.446 Y94.071 E.59361
G1 X109.385 Y94.412 E.63284
G1 X110.21 Y94.797 E.66859
G1 X110.72 Y95.069 E.69128
G1 X111.573 Y95.613 E.731
G1 X112.366 Y96.221 E.77024
G1 X113.103 Y96.897 E.80951
G1 X113.779 Y97.634 E.84878
G1 X114.333 Y98.356 E.88451
G1 X114.659 Y98.833 E.9072
G1 X115.165 Y99.708 E.94689
G1 X115.588 Y100.615 E.98619
G1 X115.899 Y101.47 E1.02191
G1 X116.067 Y102.023 E1.0446
G1 X116.286 Y103.01 E1.0843
G1 X116.416 Y104.001 E1.12354
G1 X116.454 Y105.135 E1.16809
G1 X116.416 Y105.999 E1.20205
G1 X116.286 Y106.99 E1.24129
G1 X116.069 Y107.966 E1.28055
G1 X115.796 Y108.834 E1.31628
G1 X115.592 Y109.375 E1.33898
G1 X115.203 Y110.21 E1.37515
G1 X114.931 Y110.72 E1.39784
G1 X114.387 Y111.573 E1.43756
G1 X113.779 Y112.366 E1.4768
G1 X113.103 Y113.103 E1.51607
G1 X112.366 Y113.779 E1.55534
G1 X111.573 Y114.387 E1.59458
G1 X110.73 Y114.925 E1.63385
G1 X109.923 Y115.345 E1.66957
G1 X109.396 Y115.584 E1.69229
G1 X108.446 Y115.929 E1.73197
G1 X107.567 Y116.165 E1.76771
G1 X106.992 Y116.286 E1.79078
G1 X106.471 Y116.365 E1.81147
G1 X105.588 Y116.441 E1.84627
G1 X105.011 Y116.46 E1.86894
G1 X104.001 Y116.416 E1.90863
G1 X103.01 Y116.286 E1.94787
G1 X102.122 Y116.089 E1.98358
G1 X101.565 Y115.933 E2.00629
G1 X100.615 Y115.588 E2.04597
G1 X99.708 Y115.165 E2.08527
G1 X98.92 Y114.71 E2.121
G1 X98.436 Y114.394 E2.1437
G1 X97.634 Y113.779 E2.18338
G1 X96.897 Y113.103 E2.22265
G1 X96.282 Y112.433 E2.25836
G1 X95.909 Y111.978 E2.28146
G1 X95.599 Y111.553 E2.30211
G1 X95.123 Y110.805 E2.33692
G1 X94.84 Y110.302 E2.35958
G1 X94.412 Y109.385 E2.39931
G1 X94.071 Y108.446 E2.43854
G1 X93.835 Y107.567 E2.47428
G1 X93.714 Y106.992 E2.49735
G1 X93.635 Y106.471 E2.51804
G1 X93.559 Y105.588 E2.55284
G1 X93.541 Y105.067 E2.57331
G1 X93.55 Y104.502 E2.5955
G1 X93.586 Y103.976 E2.6162
G1 X93.703 Y103.098 E2.65098
G1 X93.809 Y102.531 E2.67363
G1 X94.071 Y101.554 E2.71335
G1 X94.416 Y100.605 E2.753
G1 X94.625 Y100.134 E2.77323
G1 X95.075 Y99.27 E2.81148
G1 X95.246 Y99.002 E2.82396
G1 X94.931 Y98.74 F7800
G1 F884.349
G1 X95.279 Y98.193 E2.84942
G1 X95.909 Y97.372 E2.89005
G1 X96.609 Y96.609 E2.93071
G1 X97.372 Y95.909 E2.97137
G1 X98.199 Y95.275 E3.01229
G1 X98.618 Y94.995 E3.03208
G1 X99.52 Y94.474 E3.07298
G1 X100.459 Y94.036 E3.11366
G1 X101.438 Y93.68 E3.15456
G1 X101.922 Y93.539 E3.17435
G1 X102.939 Y93.313 E3.21526
G1 X103.973 Y93.177 E3.25621
G1 X105.03 Y93.133 E3.29775
G1 X106.041 Y93.178 E3.33749
G1 X106.542 Y93.233 E3.35728
G1 X107.569 Y93.414 E3.39823
G1 X108.569 Y93.682 E3.43888
G1 X109.541 Y94.036 E3.4795
G1 X110.486 Y94.476 E3.52043
G1 X110.928 Y94.719 E3.54023
G1 X111.807 Y95.279 E3.58115
G1 X112.628 Y95.909 E3.62178
G1 X113.391 Y96.609 E3.66244
G1 X114.091 Y97.372 E3.7031
G1 X114.725 Y98.199 E3.74402
G1 X115.005 Y98.618 E3.76381
G1 X115.526 Y99.52 E3.80471
G1 X115.964 Y100.459 E3.84539
G1 X116.32 Y101.438 E3.88629
G1 X116.461 Y101.922 E3.90608
G1 X116.687 Y102.939 E3.94699
G1 X116.822 Y103.966 E3.98766
G1 X116.861 Y105.153 E4.03429
G1 X116.822 Y106.034 E4.06892
G1 X116.687 Y107.061 E4.10959
G1 X116.463 Y108.071 E4.15021
G1 X116.15 Y109.065 E4.19113
G1 X115.967 Y109.535 E4.21093
G1 X115.524 Y110.486 E4.25212
G1 X115.281 Y110.928 E4.27192
G1 X114.721 Y111.807 E4.31284
G1 X114.091 Y112.628 E4.35347
G1 X113.391 Y113.391 E4.39413
G1 X112.628 Y114.091 E4.43479
G1 X111.807 Y114.721 E4.47542
G1 X110.934 Y115.277 E4.51606
G1 X110.009 Y115.759 E4.55701
G1 X109.548 Y115.962 E4.57679
G1 X108.569 Y116.318 E4.61769
G1 X107.562 Y116.588 E4.65863
G1 X106.519 Y116.769 E4.7002
G1 X105.511 Y116.857 E4.73993
G1 X105.007 Y116.868 E4.75972
G1 X103.966 Y116.822 E4.80063
G1 X102.939 Y116.687 E4.8413
G1 X101.922 Y116.461 E4.88221
G1 X101.438 Y116.32 E4.902
G1 X100.459 Y115.964 E4.9429
G1 X99.52 Y115.526 E4.98358
G1 X98.618 Y115.005 E5.02448
G1 X98.199 Y114.725 E5.04427
G1 X97.372 Y114.091 E5.08519
G1 X96.609 Y113.391 E5.12585
G1 X95.904 Y112.623 E5.16678
G1 X95.262 Y111.782 E5.20832
G1 X94.719 Y110.928 E5.24806
G1 X94.476 Y110.486 E5.26786
G1 X94.036 Y109.541 E5.30879
G1 X93.682 Y108.569 E5.34941
G1 X93.412 Y107.562 E5.39035
G1 X93.231 Y106.519 E5.43192
G1 X93.143 Y105.511 E5.47165
M73 P43 R17
G1 X93.132 Y105 E5.49172
G1 X93.181 Y103.936 E5.53354
G1 X93.314 Y102.933 E5.57327
G1 X93.412 Y102.438 E5.59308
G1 X93.682 Y101.431 E5.63402
G1 X94.038 Y100.453 E5.67489
G1 X94.258 Y99.958 E5.69616
G1 X94.722 Y99.067 E5.7356
G1 X94.898 Y98.79 E5.74849
G1 X94.582 Y98.529 F7800
;TYPE:External perimeter
G1 F884.349
G1 X94.945 Y97.959 E5.77502
G1 X95.597 Y97.11 E5.81705
G1 X96.32 Y96.32 E5.8591
G1 X97.11 Y95.597 E5.90115
G1 X97.961 Y94.944 E5.94327
G1 X98.403 Y94.649 E5.96414
G1 X99.332 Y94.112 E6.00627
G1 X100.303 Y93.66 E6.04832
G1 X101.311 Y93.292 E6.09045
G1 X101.821 Y93.144 E6.1113
G1 X102.869 Y92.912 E6.15345
G1 X103.933 Y92.772 E6.19559
G1 X104.464 Y92.737 E6.21648
G1 X105.035 Y92.726 E6.2389
G1 X106.072 Y92.772 E6.27966
G1 X106.6 Y92.83 E6.30052
G1 X107.657 Y93.016 E6.34266
G1 X108.691 Y93.293 E6.38469
G1 X109.697 Y93.66 E6.42674
G1 X110.67 Y94.113 E6.46888
G1 X111.135 Y94.368 E6.4897
G1 X112.041 Y94.945 E6.53188
G1 X112.89 Y95.597 E6.57391
G1 X113.68 Y96.32 E6.61596
G1 X114.403 Y97.11 E6.65801
G1 X115.056 Y97.961 E6.70013
G1 X115.351 Y98.403 E6.721
G1 X115.888 Y99.332 E6.76313
G1 X116.34 Y100.303 E6.80518
G1 X116.708 Y101.311 E6.84731
G1 X116.856 Y101.821 E6.86816
G1 X117.088 Y102.869 E6.91031
G1 X117.228 Y103.93 E6.95233
M73 Q43 S17
G1 X117.267 Y105.171 E7.00108
G1 X117.228 Y106.07 E7.03641
G1 X117.088 Y107.132 E7.07847
G1 X116.857 Y108.177 E7.12049
G1 X116.534 Y109.201 E7.16265
G1 X116.341 Y109.695 E7.18347
G1 X115.887 Y110.67 E7.2257
G1 X115.632 Y111.135 E7.24652
G1 X115.055 Y112.041 E7.2887
G1 X114.403 Y112.89 E7.33073
G1 X113.68 Y113.68 E7.37278
G1 X112.89 Y114.403 E7.41483
G1 X112.041 Y115.055 E7.45686
G1 X111.137 Y115.63 E7.49893
G1 X110.185 Y116.126 E7.54108
G1 X109.7 Y116.34 E7.56189
G1 X108.691 Y116.707 E7.60405
G1 X107.654 Y116.984 E7.64619
G1 X107.132 Y117.088 E7.66709
G1 X106.567 Y117.174 E7.68953
G1 X105.533 Y117.263 E7.73028
G1 X105.002 Y117.275 E7.75113
G1 X103.93 Y117.228 E7.79326
G1 X102.869 Y117.088 E7.83528
G1 X101.821 Y116.856 E7.87743
G1 X101.311 Y116.708 E7.89828
G1 X100.303 Y116.34 E7.94041
G1 X99.332 Y115.888 E7.98246
G1 X98.403 Y115.351 E8.02459
G1 X97.961 Y115.056 E8.04546
G1 X97.11 Y114.403 E8.08758
G1 X96.32 Y113.68 E8.12963
G1 X95.595 Y112.888 E8.17179
G1 X95.262 Y112.473 E8.19268
G1 X94.925 Y112.011 E8.21513
G1 X94.368 Y111.135 E8.25589
G1 X94.113 Y110.67 E8.27671
G1 X93.66 Y109.697 E8.31885
G1 X93.293 Y108.691 E8.3609
G1 X93.016 Y107.654 E8.40304
G1 X92.912 Y107.132 E8.42394
G1 X92.826 Y106.567 E8.44638
G1 X92.737 Y105.533 E8.48713
G1 X92.725 Y105 E8.50806
M73 P44 R17
G1 X92.737 Y104.465 E8.52907
G1 X92.776 Y103.895 E8.5515
G1 X92.912 Y102.866 E8.59225
G1 X93.016 Y102.346 E8.61307
G1 X93.293 Y101.309 E8.65521
G1 X93.66 Y100.301 E8.69733
G1 X93.891 Y99.781 E8.71967
G1 X94.37 Y98.863 E8.76033
G1 X94.55 Y98.579 E8.77353
M73 Q44 S17
G1 X94.765 Y98.242 F7800
;LAYER_CHANGE
;Z:5.75
;HEIGHT:0.2
G92 E0
G1 Z5.75 F7800
G1 X104.333 Y110.235
;TYPE:Perimeter
G1 F884.349
G1 X104.169 Y110.22 E.00647
G1 X103.474 Y110.062 E.03446
G1 X102.982 Y109.872 E.05517
G1 X102.486 Y109.65 E.07651
G1 X101.535 Y108.992 E.12192
G1 X101.008 Y108.465 E.15118
G1 X100.365 Y107.538 E.19548
G1 X99.956 Y106.59 E.23602
G1 X99.828 Y106.078 E.25674
G1 X99.751 Y105.504 E.27948
G1 X99.711 Y105.001 E.29929
G1 X99.803 Y104.046 E.33696
G1 X99.984 Y103.386 E.36383
G1 X100.161 Y102.876 E.38503
G1 X100.609 Y102.061 E.42155
G1 X100.961 Y101.611 E.44398
G1 X101.292 Y101.229 E.46383
G1 X102.068 Y100.604 E.50295
G1 X102.565 Y100.323 E.52537
G1 X103.017 Y100.097 E.54521
G1 X103.72 Y99.875 E.57416
G1 X104.629 Y99.74 E.61024
G1 X105.003 Y99.715 E.62496
G1 X105.821 Y99.779 E.65718
G1 X106.526 Y99.938 E.68556
G1 X107.018 Y100.128 E.70627
G1 X107.481 Y100.33 E.7261
G1 X107.978 Y100.631 E.74891
G1 X108.675 Y101.2 E.78424
G1 X109.357 Y102.003 E.82561
G1 X109.91 Y103.038 E.87169
G1 X110.09 Y103.567 E.89363
G1 X110.272 Y104.583 E.93416
G1 X110.273 Y105.372 E.96514
G1 X110.072 Y106.483 E1.00947
G1 X109.872 Y107.018 E1.0319
G1 X109.659 Y107.501 E1.05263
G1 X109.369 Y107.978 E1.07455
G1 X109.039 Y108.389 E1.09525
G1 X108.682 Y108.794 E1.11645
G1 X108.11 Y109.274 E1.14577
G1 X107.372 Y109.703 E1.17929
G1 X106.919 Y109.923 E1.19906
G1 X106.026 Y110.184 E1.23559
G1 X105.46 Y110.253 E1.25798
G1 X104.956 Y110.288 E1.27782
G1 X104.393 Y110.24 E1.30001
G1 X104.378 Y109.828 F7800
G1 F884.349
G1 X104.205 Y109.815 E1.30682
G1 X103.571 Y109.667 E1.33238
G1 X102.794 Y109.353 E1.36529
G1 X101.823 Y108.704 E1.41115
G1 X101.296 Y108.177 E1.44041
G1 X100.703 Y107.312 E1.48159
G1 X100.362 Y106.518 E1.51552
G1 X100.223 Y105.981 E1.5373
G1 X100.157 Y105.469 E1.55757
G1 X100.121 Y104.938 E1.57847
G1 X100.208 Y104.088 E1.61202
G1 X100.518 Y103.072 E1.65373
G1 X100.966 Y102.256 E1.69028
G1 X101.512 Y101.587 E1.72419
G1 X102.323 Y100.921 E1.76539
G1 X103.083 Y100.512 E1.79928
G1 X104.004 Y100.223 E1.83718
G1 X104.854 Y100.124 E1.87078
G1 X105.503 Y100.162 E1.89631
G1 X105.981 Y100.223 E1.91523
G1 X106.468 Y100.344 E1.93493
G1 X107.206 Y100.647 E1.96625
G1 X107.682 Y100.928 E1.98795
G1 X108.413 Y101.512 E2.02469
G1 X108.967 Y102.158 E2.0581
G1 X109.525 Y103.169 E2.10344
G1 X109.704 Y103.698 E2.12537
G1 X109.857 Y104.522 E2.15828
G1 X109.866 Y105.372 E2.19166
G1 X109.673 Y106.403 E2.23284
G1 X109.353 Y107.206 E2.26678
G1 X109.021 Y107.767 E2.29238
G1 X108.488 Y108.413 E2.32526
G1 X107.848 Y108.962 E2.35837
G1 X107.176 Y109.346 E2.38876
G1 X106.805 Y109.533 E2.40507
G1 X105.913 Y109.793 E2.44155
G1 X105.053 Y109.88 E2.47549
G1 X104.438 Y109.833 E2.49971
G1 X104.422 Y109.425 F7800
;TYPE:External perimeter
G1 F884.349
G1 X104.24 Y109.409 E2.50688
G1 X103.667 Y109.272 E2.53001
G1 X102.95 Y108.977 E2.56045
G1 X102.111 Y108.416 E2.60008
G1 X101.584 Y107.889 E2.62934
G1 X101.042 Y107.085 E2.66741
G1 X100.738 Y106.362 E2.69821
G1 X100.596 Y105.79 E2.72135
G1 X100.526 Y105.018 E2.75179
G1 X100.613 Y104.129 E2.78686
G1 X100.875 Y103.267 E2.82223
G1 X101.322 Y102.452 E2.85873
G1 X101.824 Y101.849 E2.88954
G1 X102.578 Y101.239 E2.92762
G1 X103.271 Y100.873 E2.95839
G1 X103.964 Y100.651 E2.98696
G1 X104.94 Y100.527 E3.02559
G1 X105.758 Y100.591 E3.05781
G1 X106.333 Y100.728 E3.08102
G1 X107.05 Y101.023 E3.11146
G1 X107.555 Y101.327 E3.1346
G1 X108.151 Y101.824 E3.16507
G1 X108.655 Y102.419 E3.19569
G1 X109.139 Y103.3 E3.23516
G1 X109.319 Y103.829 E3.2571
G1 X109.456 Y104.592 E3.28754
G1 X109.459 Y105.372 E3.31817
G1 X109.273 Y106.324 E3.35626
G1 X108.977 Y107.05 E3.38704
G1 X108.673 Y107.555 E3.41018
G1 X108.176 Y108.151 E3.44065
G1 X107.586 Y108.65 E3.47099
G1 X106.691 Y109.142 E3.51109
G1 X105.799 Y109.402 E3.54757
G1 X105.018 Y109.474 E3.57837
G1 X104.482 Y109.43 E3.59949
G1 X104.087 Y109.368 F7800
G92 E0
G1 X95.278 Y98.951
;TYPE:Perimeter
G1 F884.349
G1 X95.613 Y98.427 E.02442
G1 X96.221 Y97.634 E.06366
G1 X96.897 Y96.897 E.10293
G1 X97.634 Y96.221 E.1422
G1 X98.356 Y95.667 E.17793
G1 X98.833 Y95.341 E.20062
G1 X99.708 Y94.835 E.24031
G1 X100.615 Y94.412 E.27961
G1 X101.469 Y94.101 E.3153
G1 X102.023 Y93.933 E.33803
G1 X103.01 Y93.714 E.37773
G1 X104.001 Y93.584 E.41697
G1 X105.016 Y93.54 E.45686
G1 X105.909 Y93.58 E.49196
G1 X106.485 Y93.636 E.51468
G1 X107.48 Y93.812 E.55435
G1 X108.446 Y94.071 E.59362
G1 X109.385 Y94.412 E.63285
G1 X110.292 Y94.835 E.67215
G1 X111.157 Y95.335 E.71138
G1 X111.989 Y95.918 E.75127
G1 X112.674 Y96.493 E.78639
G1 X113.096 Y96.888 E.80909
G1 X113.779 Y97.634 E.8488
G1 X114.387 Y98.427 E.88804
G1 X114.876 Y99.194 E.92376
G1 X115.16 Y99.698 E.94647
G1 X115.588 Y100.615 E.9862
G1 X115.899 Y101.47 E1.02192
G1 X116.067 Y102.023 E1.04461
G1 X116.286 Y103.01 E1.08431
G1 X116.399 Y103.868 E1.11829
G1 X116.454 Y105.135 E1.16809
G1 X116.416 Y105.999 E1.20205
G1 X116.286 Y106.99 E1.24129
G1 X116.089 Y107.878 E1.277
G1 X115.933 Y108.435 E1.29971
G1 X115.588 Y109.385 E1.33939
G1 X115.203 Y110.21 E1.37514
G1 X114.931 Y110.72 E1.39783
G1 X114.387 Y111.573 E1.43755
G1 X113.779 Y112.366 E1.47679
G1 X113.164 Y113.037 E1.51253
G1 X112.751 Y113.442 E1.53524
G1 X111.976 Y114.092 E1.57496
G1 X111.157 Y114.665 E1.61421
G1 X110.292 Y115.165 E1.65344
G1 X109.385 Y115.588 E1.69274
G1 X108.531 Y115.899 E1.72843
G1 X107.977 Y116.067 E1.75116
G1 X106.99 Y116.286 E1.79086
G1 X105.999 Y116.416 E1.8301
G1 X105 Y116.46 E1.86936
G1 X104.001 Y116.416 E1.90862
G1 X103.099 Y116.297 E1.94434
G1 X102.531 Y116.191 E1.96703
G1 X101.554 Y115.929 E2.00675
G1 X100.615 Y115.588 E2.04598
G1 X99.792 Y115.204 E2.08164
G1 X99.266 Y114.923 E2.10506
G1 X98.427 Y114.387 E2.14415
G1 X97.634 Y113.779 E2.18339
G1 X96.897 Y113.103 E2.22266
G1 X96.221 Y112.366 E2.26193
G1 X95.613 Y111.574 E2.30113
G1 X95.068 Y110.716 E2.34104
G1 X94.655 Y109.922 E2.37618
G1 X94.416 Y109.396 E2.39887
G1 X94.071 Y108.446 E2.43855
G1 X93.812 Y107.48 E2.47782
G1 X93.654 Y106.584 E2.51354
G1 X93.584 Y106.01 E2.53624
G1 X93.54 Y105.001 E2.5759
G1 X93.585 Y103.986 E2.61579
G1 X93.703 Y103.099 E2.65092
G1 X93.809 Y102.531 E2.67361
G1 X94.071 Y101.554 E2.71333
G1 X94.412 Y100.615 E2.75256
G1 X94.796 Y99.792 E2.78822
G1 X95.077 Y99.266 E2.81164
G1 X95.246 Y99.002 E2.82395
G1 X94.93 Y98.74 F7800
G1 F884.349
G1 X95.279 Y98.193 E2.84943
G1 X95.909 Y97.372 E2.89006
G1 X96.609 Y96.609 E2.93072
G1 X97.372 Y95.909 E2.97138
G1 X98.199 Y95.275 E3.0123
G1 X98.618 Y94.995 E3.03209
G1 X99.52 Y94.474 E3.07299
G1 X100.459 Y94.036 E3.11367
G1 X101.438 Y93.68 E3.15457
G1 X101.922 Y93.539 E3.17436
G1 X102.939 Y93.313 E3.21527
G1 X103.965 Y93.178 E3.2559
G1 X105.016 Y93.133 E3.2972
G1 X106.041 Y93.178 E3.33748
G1 X106.542 Y93.233 E3.35727
G1 X107.569 Y93.414 E3.39822
G1 X108.569 Y93.682 E3.43887
G1 X109.541 Y94.036 E3.47949
G1 X110.48 Y94.474 E3.52017
G1 X111.376 Y94.991 E3.56079
G1 X112.237 Y95.595 E3.60209
G1 X113.023 Y96.255 E3.64239
G1 X113.387 Y96.603 E3.66216
G1 X114.091 Y97.372 E3.7031
G1 X114.721 Y98.193 E3.74373
G1 X115.281 Y99.072 E3.78465
G1 X115.524 Y99.514 E3.80445
G1 X115.964 Y100.459 E3.84538
G1 X116.32 Y101.438 E3.88628
G1 X116.461 Y101.922 E3.90607
G1 X116.687 Y102.939 E3.94698
G1 X116.822 Y103.966 E3.98765
G1 X116.861 Y105.153 E4.03428
G1 X116.822 Y106.034 E4.06891
G1 X116.687 Y107.061 E4.10958
G1 X116.461 Y108.078 E4.15049
G1 X116.32 Y108.562 E4.17028
G1 X115.964 Y109.541 E4.21118
G1 X115.524 Y110.486 E4.25211
G1 X115.281 Y110.928 E4.27191
G1 X114.721 Y111.807 E4.31283
G1 X114.091 Y112.628 E4.35346
G1 X113.387 Y113.397 E4.3944
G1 X113.023 Y113.745 E4.41417
G1 X112.224 Y114.415 E4.45511
G1 X111.376 Y115.009 E4.49576
G1 X110.48 Y115.526 E4.53638
G1 X109.541 Y115.964 E4.57706
G1 X108.562 Y116.32 E4.61796
G1 X108.078 Y116.461 E4.63775
G1 X107.061 Y116.687 E4.67866
G1 X106.034 Y116.822 E4.71933
G1 X105 Y116.867 E4.75997
G1 X103.966 Y116.822 E4.80061
G1 X102.932 Y116.686 E4.84156
G1 X102.438 Y116.588 E4.86133
G1 X101.431 Y116.318 E4.90227
G1 X100.459 Y115.964 E4.94289
G1 X99.514 Y115.524 E4.98382
G1 X99.059 Y115.273 E5.00422
G1 X98.193 Y114.721 E5.04454
G1 X97.372 Y114.091 E5.08517
G1 X96.609 Y113.391 E5.12583
G1 X95.909 Y112.628 E5.16649
G1 X95.279 Y111.807 E5.20712
G1 X94.715 Y110.92 E5.24839
G1 X94.241 Y110.009 E5.28871
G1 X94.038 Y109.548 E5.30849
G1 X93.682 Y108.569 E5.34939
G1 X93.414 Y107.569 E5.39004
G1 X93.233 Y106.542 E5.43099
G1 X93.178 Y106.041 E5.45078
G1 X93.133 Y105 E5.49169
G1 X93.18 Y103.95 E5.53296
G1 X93.314 Y102.932 E5.57328
G1 X93.412 Y102.438 E5.59305
G1 X93.682 Y101.431 E5.63399
G1 X94.036 Y100.459 E5.67461
G1 X94.476 Y99.514 E5.71554
G1 X94.727 Y99.059 E5.73594
G1 X94.898 Y98.79 E5.74846
G1 X94.582 Y98.529 F7800
;TYPE:External perimeter
G1 F884.349
G1 X94.945 Y97.96 E5.77496
G1 X95.597 Y97.11 E5.81702
G1 X96.32 Y96.32 E5.85907
G1 X97.11 Y95.597 E5.90112
G1 X97.961 Y94.944 E5.94324
G1 X98.403 Y94.649 E5.96411
G1 X99.332 Y94.112 E6.00624
G1 X100.303 Y93.66 E6.04829
G1 X101.311 Y93.292 E6.09042
G1 X101.821 Y93.144 E6.11127
G1 X102.869 Y92.912 E6.15342
G1 X103.93 Y92.772 E6.19544
G1 X105.016 Y92.726 E6.23812
G1 X106.072 Y92.772 E6.27962
G1 X106.6 Y92.83 E6.30048
G1 X107.657 Y93.016 E6.34262
G1 X108.691 Y93.293 E6.38465
G1 X109.697 Y93.66 E6.4267
G1 X110.668 Y94.112 E6.46875
G1 X111.595 Y94.647 E6.51078
G1 X112.485 Y95.272 E6.55348
G1 X113.295 Y95.952 E6.59501
G1 X113.678 Y96.319 E6.61584
G1 X114.403 Y97.11 E6.65797
G1 X115.055 Y97.959 E6.7
G1 X115.632 Y98.865 E6.74218
G1 X115.887 Y99.33 E6.763
G1 X116.34 Y100.303 E6.80514
G1 X116.708 Y101.311 E6.84727
G1 X116.856 Y101.821 E6.86812
G1 X117.088 Y102.869 E6.91027
G1 X117.228 Y103.93 E6.95229
M73 P45 R17
G1 X117.267 Y105.17 E7.001
G1 X117.228 Y106.07 E7.03637
G1 X117.088 Y107.131 E7.07839
G1 X116.856 Y108.179 E7.12054
G1 X116.708 Y108.689 E7.14139
G1 X116.34 Y109.697 E7.18352
M73 Q45 S17
G1 X115.887 Y110.67 E7.22566
G1 X115.632 Y111.135 E7.24648
G1 X115.055 Y112.041 E7.28866
G1 X114.403 Y112.89 E7.33069
G1 X113.678 Y113.681 E7.37282
G1 X113.295 Y114.048 E7.39365
G1 X112.472 Y114.738 E7.43582
G1 X111.595 Y115.352 E7.47786
G1 X110.668 Y115.888 E7.5199
G1 X109.697 Y116.34 E7.56195
G1 X108.689 Y116.708 E7.60408
G1 X108.179 Y116.856 E7.62493
G1 X107.131 Y117.088 E7.66708
G1 X106.07 Y117.228 E7.7091
G1 X105 Y117.275 E7.75115
G1 X103.93 Y117.228 E7.7932
G1 X102.866 Y117.088 E7.83534
G1 X102.346 Y116.984 E7.85616
G1 X101.309 Y116.707 E7.8983
G1 X100.303 Y116.34 E7.94035
G1 X99.33 Y115.887 E7.98249
G1 X98.851 Y115.623 E8.00397
G1 X97.96 Y115.055 E8.04546
G1 X97.11 Y114.403 E8.08752
G1 X96.32 Y113.68 E8.12957
G1 X95.597 Y112.89 E8.17162
G1 X94.945 Y112.041 E8.21365
G1 X94.362 Y111.123 E8.25635
G1 X93.874 Y110.185 E8.29787
G1 X93.66 Y109.7 E8.31868
G1 X93.293 Y108.691 E8.36084
G1 X93.016 Y107.657 E8.40287
G1 X92.83 Y106.6 E8.44501
G1 X92.772 Y106.072 E8.46587
G1 X92.725 Y105 E8.508
G1 X92.774 Y103.914 E8.55068
G1 X92.912 Y102.866 E8.59218
G1 X93.016 Y102.346 E8.613
G1 X93.293 Y101.309 E8.65514
G1 X93.66 Y100.303 E8.69719
G1 X94.113 Y99.33 E8.73933
G1 X94.377 Y98.851 E8.76081
G1 X94.55 Y98.579 E8.77347
G1 X94.765 Y98.242 F7800
G1 X95.342 Y100.125
;TYPE:Internal infill
;WIDTH:0.45
;HEIGHT:0.4
G1 F494.289
G1 X94.934 Y101.043 E8.84404
G1 X94.623 Y100.93 E8.86729
G1 X94.362 Y101.646 E8.92083
G1 X94.017 Y103.049 E9.02233
G1 X94.011 Y103.098 E9.0258
G1 X94.217 Y103.125 E9.0404
G92 E0
G1 X94.592 Y108.375 F7800
G1 F494.289
G1 X96.103 Y107.011 E.143
G1 X96.404 Y107.012 F7800
G1 F494.289
G1 X98.303 Y108.748 E.32375
G1 X100.553 Y110.623 E.5295
G1 X99.078 Y112.127 E.67749
G1 X100.974 Y113.872 E.85851
G1 X99.467 Y114.375 E.97012
G92 E0
G1 X97.217 Y112.875 F7800
G1 F494.289
G1 X95.717 Y111 E.16868
G1 X96.606 Y110.051 E.26003
G1 X96.254 Y106.875 E.48451
G1 X94.217 Y106.125 E.637
G1 X95.911 Y104.822 E.78713
G1 X98.095 Y105.178 E.94258
G1 X97.752 Y103.126 E1.08873
G1 X95.659 Y101.38 E1.28021
G1 X95.126 Y101.112 F7800
G1 F494.289
G1 X95.503 Y101.249 E1.30839
G1 X96.904 Y98.799 E1.50665
G1 X96.413 Y97.886 F7800
G1 F494.289
G1 X97.113 Y97.113 E1.57991
G1 X98.168 Y96.196 E1.67811
G1 X98.37 Y96.459 E1.70141
G1 X98.687 Y97.064 E1.74939
G1 X100.928 Y98.993 E1.95711
G1 X99.409 Y100.375 E2.10137
G92 E0
G1 X97.967 Y96.75 F7800
G1 F494.289
G1 X98.205 Y96.578 E.02063
G1 X98.528 Y96.33 F7800
G1 F494.289
G1 X99.842 Y95.25 E.14012
G92 E0
G1 X102.092 Y94.5 F7800
G1 F494.289
G1 X102.222 Y94.499 E.00913
G1 X102.786 Y95.38 F7800
G1 F494.289
G1 X104.724 Y96.997 E.18644
G92 E0
G1 X105.092 Y94.125 F7800
G1 F494.289
G1 X104.688 Y94.563 E.04186
G1 X102.629 Y95.249 E.19432
G1 X102.354 Y94.172 E.27241
G1 X104.027 Y93.888 E.39162
G1 X105.14 Y93.852 E.46985
G1 X105.987 Y93.889 E.52941
G1 X107.267 Y94.084 E.62037
G1 X107.21 Y94.411 E.64369
G1 X107.316 Y94.806 E.67242
G1 X109.377 Y96.751 E.8715
G1 X111.627 Y98.626 E1.07725
G1 X109.909 Y100 E1.23179
G92 E0
G1 X107.659 Y98.125 F7800
G1 F494.289
G1 X109.218 Y96.878 E.14024
G1 X109.4 Y96.548 F7800
G1 F494.289
G1 X109.592 Y94.875 E.25854
G1 X110.337 Y95.214 F7800
G1 F494.289
G1 X111.187 Y95.729 E.32836
G1 X111.981 Y96.311 E.39752
G1 X112.336 Y96.609 E.43008
G1 X112.217 Y96.75 E.44304
G1 X111.827 Y98.59 F7800
G1 F494.289
G1 X113.717 Y98.25 E.57794
G92 E0
G1 X113.724 Y100.372 F7800
G1 F494.289
G1 X115.217 Y101.25 E.12167
G1 X115.967 Y103.5 E.28828
G1 X115.837 Y104.034 E.32689
G92 E0
G1 X112.036 Y102.197 F7800
G1 F494.289
G1 X112.507 Y104.097 E.13751
G1 X115.499 Y104.091 E.3477
G1 X115.789 Y104.232 E.37035
G1 X116.12 Y104.218 E.39362
G1 X116.154 Y105 E.44861
G1 X116.112 Y105.972 E.51696
G1 X115.821 Y107.676 E.6384
G1 X114.444 Y107.329 E.73816
G92 E0
G1 X111.667 Y106.696 F7800
G1 F494.289
G1 X112.003 Y108.373 E.12015
G1 X110.01 Y107.477 E.27366
G1 X110.365 Y106.572 E.34195
G1 X110.555 Y105.657 E.4076
G1 X110.573 Y105.124 E.44506
G92 E0
G1 X110.161 Y110.072 F7800
G1 F494.289
G1 X110.504 Y112.124 E.14615
G1 X111.604 Y113.561 E.27328
G1 X111.842 Y113.625 E.29059
G1 X111.886 Y113.763 E.30077
G1 X112.887 Y112.887 E.39421
G1 X113.545 Y112.17 E.46257
G1 X114.131 Y111.405 E.53027
G1 X114.092 Y111.375 E.53373
G1 X112.944 Y111.079 F7800
G1 F494.289
G1 X110.691 Y112.044 E.70591
G92 E0
G1 X106.217 Y115.875 F7800
G1 F494.289
G1 X108.698 Y114.943 E.18618
G1 X109.592 Y115.125 F7800
G1 F494.289
G1 X108.768 Y115.135 E.24407
G1 X108.881 Y115.446 E.26732
G1 X107.649 Y115.827 E.35791
G1 X106.2 Y116.082 E.46127
G1 X104.8 Y116.146 E.55972
G1 X104.815 Y115.814 E.58307
G1 X103.592 Y115.875 E.66909
G1 X104.824 Y115.611 F7800
M73 P46 R17
G1 F494.289
G1 X104.877 Y114.374 E.75607
G1 X107.315 Y112.194 E.98582
G1 X105.453 Y112.125 E1.11671
M73 Q46 S17
G1 X103.144 Y112.641 E1.28292
;LAYER_CHANGE
;Z:5.95
;HEIGHT:0.2
G92 E0
G1 Z5.95 F7800
G1 X104.332 Y110.242
;TYPE:Perimeter
;WIDTH:0.449999
G1 F884.349
G1 X103.859 Y110.148 E.01894
G1 X103.335 Y110.017 E.04015
G1 X102.646 Y109.732 E.06943
G1 X102.022 Y109.369 E.09778
G1 X101.609 Y109.038 E.11856
G1 X101.205 Y108.68 E.13975
G1 X100.721 Y108.104 E.16929
G1 X100.39 Y107.581 E.19359
G1 X99.989 Y106.682 E.23224
G1 X99.838 Y106.119 E.25513
G1 X99.746 Y105.452 E.28157
G1 X99.715 Y104.909 E.30293
G1 X99.859 Y103.769 E.34805
G1 X100.083 Y103.059 E.37728
G1 X100.473 Y102.309 E.41047
G1 X100.721 Y101.896 E.42939
G1 X101.2 Y101.325 E.45865
G1 X101.847 Y100.781 E.49184
G1 X102.235 Y100.495 E.51077
G1 X102.895 Y100.151 E.53999
G1 X103.761 Y99.862 E.57584
G1 X104.676 Y99.734 E.61212
G1 X105.268 Y99.723 E.63537
G1 X106.274 Y99.87 E.67529
G1 X107.341 Y100.263 E.71994
G1 X107.978 Y100.631 E.74883
G1 X108.668 Y101.195 E.78382
G1 X109.273 Y101.889 E.81997
G1 X109.724 Y102.667 E.85528
G1 X109.923 Y103.081 E.87332
G1 X110.184 Y103.973 E.90981
G1 X110.285 Y104.903 E.94654
G1 X110.26 Y105.485 E.96941
G1 X110.146 Y106.149 E.99586
G1 X110.014 Y106.674 E1.01712
G1 X109.729 Y107.362 E1.04636
G1 X109.369 Y107.978 E1.07437
G1 X108.805 Y108.668 E1.10936
G1 X108.111 Y109.273 E1.14551
G1 X107.333 Y109.724 E1.18082
G1 X106.919 Y109.923 E1.19886
G1 X106.026 Y110.184 E1.23539
G1 X105.452 Y110.254 E1.25809
G1 X104.933 Y110.287 E1.27851
G1 X104.391 Y110.252 E1.29984
G1 X104.376 Y109.839 F7800
G1 F884.349
G1 X103.583 Y109.67 E1.33168
G1 X102.802 Y109.356 E1.36473
G1 X102.233 Y109.021 E1.39066
G1 X101.587 Y108.488 E1.42354
G1 X101.033 Y107.842 E1.45695
G1 X100.738 Y107.37 E1.4788
G1 X100.365 Y106.526 E1.51503
G1 X100.234 Y106.023 E1.53544
G1 X100.152 Y105.416 E1.55949
G1 X100.122 Y104.933 E1.57849
G1 X100.223 Y104.009 E1.61499
G1 X100.471 Y103.182 E1.64889
G1 X101.033 Y102.158 E1.69475
G1 X101.512 Y101.587 E1.72401
G1 X102.423 Y100.856 E1.76987
G1 X103.083 Y100.512 E1.79909
G1 X103.884 Y100.25 E1.83218
G1 X104.724 Y100.139 E1.86545
G1 X105.255 Y100.13 E1.8863
G1 X106.203 Y100.271 E1.92393
G1 X107.194 Y100.642 E1.96548
G1 X107.767 Y100.979 E1.99158
G1 X108.407 Y101.507 E2.02416
G1 X108.961 Y102.151 E2.05752
G1 X109.367 Y102.863 E2.0897
G1 X109.533 Y103.195 E2.10427
G1 X109.793 Y104.087 E2.14075
G1 X109.879 Y104.938 E2.17433
G1 X109.853 Y105.458 E2.19477
G1 X109.749 Y106.061 E2.2188
G1 X109.635 Y106.526 E2.2376
G1 X109.353 Y107.206 E2.2665
G1 X109.021 Y107.767 E2.2921
G1 X108.493 Y108.407 E2.32468
G1 X107.849 Y108.961 E2.35804
G1 X107.137 Y109.367 E2.39022
G1 X106.805 Y109.533 E2.40479
G1 X105.907 Y109.794 E2.44151
G1 X105.106 Y109.875 E2.47312
G1 X104.436 Y109.846 E2.49945
G1 X104.421 Y109.436 F7800
;TYPE:External perimeter
G1 F884.349
G1 X103.672 Y109.273 E2.52955
G1 X102.957 Y108.98 E2.55989
G1 X102.445 Y108.673 E2.58333
G1 X101.849 Y108.176 E2.6138
G1 X101.345 Y107.581 E2.64442
G1 X101.037 Y107.078 E2.66758
G1 X100.741 Y106.37 E2.69771
G1 X100.596 Y105.79 E2.72118
G1 X100.53 Y105.071 E2.74953
G1 X100.636 Y104.014 E2.79124
G1 X100.86 Y103.304 E2.82047
G1 X101.345 Y102.419 E2.8601
G1 X101.824 Y101.849 E2.88933
G1 X102.611 Y101.217 E2.92896
G1 X103.271 Y100.873 E2.95818
G1 X104.006 Y100.638 E2.98848
G1 X104.771 Y100.543 E3.01875
G1 X105.379 Y100.541 E3.04262
G1 X106.133 Y100.672 E3.07267
G1 X107.046 Y101.022 E3.11106
G1 X107.555 Y101.327 E3.13436
G1 X108.145 Y101.818 E3.1645
G1 X108.65 Y102.413 E3.19514
G1 X109.142 Y103.309 E3.23528
G1 X109.402 Y104.201 E3.27176
G1 X109.474 Y104.974 E3.30224
G1 X109.438 Y105.571 E3.32572
G1 X109.284 Y106.277 E3.35409
G1 X108.98 Y107.043 E3.38645
G1 X108.673 Y107.555 E3.40989
G1 X108.182 Y108.145 E3.44003
G1 X107.587 Y108.65 E3.47067
G1 X106.942 Y109.01 E3.49967
G1 X106.691 Y109.142 E3.51081
G1 X105.797 Y109.403 E3.54738
G1 X105.071 Y109.47 E3.57601
G1 X104.48 Y109.441 E3.59924
G1 X104.088 Y109.362 F7800
G92 E0
G1 X95.321 Y98.977
;TYPE:Perimeter
G1 F884.349
G1 X95.606 Y98.53 E.02082
G1 X95.941 Y98.062 E.04342
G1 X96.501 Y97.394 E.07765
G1 X96.883 Y96.983 E.09968
G1 X97.283 Y96.595 E.12156
G1 X98.054 Y95.948 E.16108
G1 X98.869 Y95.377 E.20015
G1 X99.654 Y94.924 E.23574
G1 X100.167 Y94.664 E.25832
G1 X101.098 Y94.278 E.29789
G1 X102.047 Y93.979 E.33696
G1 X103.019 Y93.763 E.37606
G1 X103.917 Y93.645 E.41162
G1 X104.492 Y93.601 E.43426
G1 X105.363 Y93.6 E.46846
G1 X105.924 Y93.629 E.49052
G1 X106.478 Y93.686 E.51239
G1 X107.47 Y93.861 E.55194
G1 X108.345 Y94.095 E.5875
G1 X108.892 Y94.274 E.6101
G1 X109.822 Y94.659 E.64962
G1 X110.705 Y95.119 E.68871
G1 X111.47 Y95.606 E.72432
G1 X111.937 Y95.941 E.74689
G1 X112.708 Y96.588 E.78641
G1 X113.412 Y97.292 E.8255
G1 X114.052 Y98.054 E.86457
G1 X114.623 Y98.87 E.90368
G1 X115.076 Y99.654 E.93923
G1 X115.336 Y100.167 E.96181
G1 X115.722 Y101.098 E1.00138
G1 X115.981 Y101.919 E1.03518
G1 X116.111 Y102.454 E1.0568
G1 X116.254 Y103.129 E1.08389
G1 X116.323 Y103.636 E1.10398
G1 X116.399 Y104.636 E1.14336
G1 X116.399 Y105.409 E1.17371
G1 X116.368 Y105.984 E1.19632
G1 X116.255 Y106.848 E1.23053
G1 X116.154 Y107.4 E1.25256
G1 X116.024 Y107.942 E1.27444
G1 X115.722 Y108.902 E1.31396
G1 X115.341 Y109.822 E1.35306
G1 X114.881 Y110.705 E1.39215
G1 X114.394 Y111.47 E1.42776
G1 X114.059 Y111.937 E1.45033
G1 X113.412 Y112.708 E1.48985
G1 X112.708 Y113.412 E1.52894
G1 X111.946 Y114.052 E1.56801
G1 X111.131 Y114.623 E1.60708
G1 X110.346 Y115.076 E1.64267
G1 X109.833 Y115.336 E1.66525
G1 X108.902 Y115.722 E1.70482
G1 X108.038 Y115.994 E1.74039
G1 X107.48 Y116.138 E1.76302
G1 X106.622 Y116.29 E1.79723
G1 X106.065 Y116.359 E1.81927
G1 X105.509 Y116.399 E1.84116
G1 X104.502 Y116.399 E1.8807
G1 X103.511 Y116.312 E1.91976
G1 X102.53 Y116.139 E1.95887
G1 X101.655 Y115.905 E1.99443
G1 X101.108 Y115.726 E2.01703
G1 X100.178 Y115.341 E2.05655
G1 X99.295 Y114.881 E2.09564
G1 X98.456 Y114.346 E2.13471
G1 X97.665 Y113.74 E2.17384
G1 X96.96 Y113.095 E2.21136
G1 X96.594 Y112.716 E2.23205
G1 X96.005 Y112.014 E2.26803
G1 X95.659 Y111.554 E2.29063
G1 X95.19 Y110.819 E2.32486
G1 X94.913 Y110.331 E2.34689
G1 X94.664 Y109.833 E2.36875
G1 X94.278 Y108.902 E2.40832
G1 X94.006 Y108.038 E2.44389
G1 X93.862 Y107.48 E2.46652
G1 X93.71 Y106.622 E2.50073
G1 X93.641 Y106.065 E2.52277
G1 X93.601 Y105.509 E2.54466
G1 X93.601 Y104.502 E2.5842
G1 X93.688 Y103.511 E2.62326
G1 X93.845 Y102.618 E2.65886
G1 X93.976 Y102.057 E2.68148
G1 X94.237 Y101.226 E2.71568
G1 X94.433 Y100.699 E2.73776
G1 X94.654 Y100.188 E2.75962
G1 X95.119 Y99.295 E2.79915
G1 X95.289 Y99.028 E2.81158
G1 X94.973 Y98.766 F7800
G1 F884.349
G1 X95.324 Y98.216 E2.8372
G1 X95.62 Y97.811 E2.8569
G1 X96.258 Y97.049 E2.89592
G1 X96.644 Y96.643 E2.91792
G1 X97.011 Y96.292 E2.93786
G1 X97.806 Y95.625 E2.97861
G1 X98.651 Y95.033 E3.01912
G1 X99.549 Y94.514 E3.05984
G1 X99.999 Y94.293 E3.07952
G1 X100.958 Y93.895 E3.12029
G1 X101.941 Y93.585 E3.16076
G1 X102.948 Y93.362 E3.20126
G1 X103.977 Y93.227 E3.24201
G1 X104.478 Y93.194 E3.26172
G1 X105.472 Y93.193 E3.30075
G1 X106.031 Y93.227 E3.32274
G1 X106.536 Y93.283 E3.34269
G1 X107.558 Y93.463 E3.38344
G1 X108.56 Y93.731 E3.42417
G1 X109.035 Y93.893 E3.44388
G1 X109.994 Y94.29 E3.48463
G1 X110.909 Y94.766 E3.52513
G1 X111.784 Y95.324 E3.56588
G1 X112.189 Y95.62 E3.58558
G1 X112.984 Y96.287 E3.62633
G1 X113.713 Y97.016 E3.66681
G1 X114.375 Y97.806 E3.70728
G1 X114.967 Y98.651 E3.74779
G1 X115.486 Y99.549 E3.78851
G1 X115.707 Y99.999 E3.80819
G1 X116.105 Y100.958 E3.84896
G1 X116.369 Y101.797 E3.8835
G1 X116.509 Y102.366 E3.90651
G1 X116.657 Y103.067 E3.93464
G1 X116.729 Y103.6 E3.95576
G1 X116.806 Y104.636 E3.99655
G1 X116.806 Y105.522 E4.03134
G1 X116.773 Y106.023 E4.05105
G1 X116.645 Y107.009 E4.09009
G1 X116.537 Y107.559 E4.1121
G1 X116.417 Y108.052 E4.13202
G1 X116.105 Y109.042 E4.17278
G1 X115.71 Y109.994 E4.21325
G1 X115.234 Y110.909 E4.25375
G1 X114.676 Y111.784 E4.2945
G1 X114.38 Y112.189 E4.3142
G1 X113.713 Y112.984 E4.35495
G1 X112.984 Y113.713 E4.39543
G1 X112.194 Y114.375 E4.4359
G1 X111.349 Y114.967 E4.47641
G1 X110.451 Y115.486 E4.51713
G1 X110.001 Y115.707 E4.53681
G1 X109.042 Y116.105 E4.57758
G1 X108.052 Y116.417 E4.61834
G1 X107.564 Y116.536 E4.63806
G1 X106.586 Y116.71 E4.67706
G1 X106.029 Y116.773 E4.69907
G1 X105.522 Y116.806 E4.71902
G1 X104.485 Y116.806 E4.75974
G1 X103.458 Y116.716 E4.80022
G1 X102.442 Y116.537 E4.84073
G1 X101.44 Y116.269 E4.88146
G1 X100.965 Y116.107 E4.90117
G1 X100.006 Y115.71 E4.94192
G1 X99.091 Y115.234 E4.98242
G1 X98.222 Y114.68 E5.02288
M73 P46 R16
G1 X97.404 Y114.052 E5.06337
G1 X96.675 Y113.387 E5.10211
G1 X96.291 Y112.988 E5.12385
G1 X95.62 Y112.189 E5.16482
G1 X95.323 Y111.784 E5.18454
G1 X94.789 Y110.946 E5.22356
G1 X94.517 Y110.456 E5.24557
G1 X94.293 Y110.001 E5.26548
G1 X93.895 Y109.042 E5.30625
G1 X93.583 Y108.052 E5.34701
G1 X93.464 Y107.564 E5.36673
G1 X93.29 Y106.586 E5.40573
G1 X93.227 Y106.029 E5.42774
G1 X93.194 Y105.522 E5.44769
G1 X93.194 Y104.485 E5.48841
G1 X93.284 Y103.458 E5.52889
G1 X93.464 Y102.435 E5.56967
G1 X93.583 Y101.948 E5.58935
G1 X93.881 Y101 E5.62837
G1 X94.082 Y100.476 E5.65041
G1 X94.287 Y100.012 E5.67033
G1 X94.766 Y99.091 E5.71109
G1 X94.941 Y98.816 E5.72389
G1 X94.625 Y98.555 F7800
;TYPE:External perimeter
G1 F884.349
G1 X94.987 Y97.986 E5.75037
G1 X95.3 Y97.56 E5.77113
G1 X95.954 Y96.778 E5.81116
G1 X96.356 Y96.355 E5.83407
G1 X96.739 Y95.989 E5.85487
G1 X97.558 Y95.301 E5.89687
G1 X98.432 Y94.69 E5.93874
G1 X99.357 Y94.155 E5.9807
G1 X99.831 Y93.922 E6.00144
G1 X100.819 Y93.512 E6.04344
G1 X101.836 Y93.192 E6.0853
G1 X102.877 Y92.961 E6.12717
G1 X103.937 Y92.821 E6.16915
G1 X104.464 Y92.787 E6.18989
G1 X105.484 Y92.786 E6.22994
G1 X106.066 Y92.822 E6.25284
G1 X106.593 Y92.879 E6.27365
G1 X107.646 Y93.065 E6.31564
G1 X108.678 Y93.342 E6.3576
G1 X109.179 Y93.512 E6.37837
M73 Q46 S16
G1 X110.166 Y93.921 E6.42032
G1 X111.112 Y94.413 E6.46219
G1 X112.014 Y94.987 E6.50417
G1 X112.44 Y95.3 E6.52493
G1 X113.259 Y95.987 E6.5669
G1 X114.013 Y96.741 E6.60877
G1 X114.699 Y97.558 E6.65066
M73 P47 R16
G1 X115.31 Y98.432 E6.69253
G1 X115.845 Y99.357 E6.73449
G1 X116.078 Y99.831 E6.75523
G1 X116.488 Y100.819 E6.79723
G1 X116.808 Y101.836 E6.83909
G1 X117.066 Y103.049 E6.88778
M73 Q47 S16
G1 X117.134 Y103.565 E6.90822
G1 X117.213 Y104.636 E6.95039
G1 X117.213 Y105.536 E6.98573
G1 X117.179 Y106.063 E7.00647
G1 X117.047 Y107.074 E7.0465
G1 X116.935 Y107.646 E7.06939
G1 X116.809 Y108.162 E7.09025
G1 X116.488 Y109.181 E7.1322
G1 X116.079 Y110.166 E7.17408
G1 X115.587 Y111.112 E7.21595
G1 X115.013 Y112.014 E7.25793
G1 X114.7 Y112.44 E7.27869
G1 X114.013 Y113.259 E7.32066
G1 X113.259 Y114.013 E7.36253
G1 X112.442 Y114.699 E7.40442
G1 X111.568 Y115.31 E7.44629
G1 X110.643 Y115.845 E7.48825
G1 X110.169 Y116.078 E7.50899
G1 X109.181 Y116.488 E7.55099
G1 X108.162 Y116.809 E7.59294
G1 X107.648 Y116.935 E7.61372
G1 X106.644 Y117.113 E7.65376
G1 X106.065 Y117.178 E7.67664
G1 X105.536 Y117.213 E7.69746
G1 X104.467 Y117.213 E7.73943
G1 X103.404 Y117.12 E7.78133
G1 X102.354 Y116.935 E7.82319
G1 X101.322 Y116.658 E7.86515
G1 X100.821 Y116.488 E7.88592
G1 X99.834 Y116.079 E7.92787
G1 X98.888 Y115.587 E7.96974
G1 X97.988 Y115.014 E8.01163
G1 X97.142 Y114.365 E8.0535
G1 X96.391 Y113.678 E8.09346
G1 X95.988 Y113.26 E8.11626
G1 X95.3 Y112.44 E8.15829
G1 X94.987 Y112.014 E8.17905
G1 X94.439 Y111.155 E8.21906
G1 X94.156 Y110.644 E8.242
G1 X93.922 Y110.169 E8.26279
G1 X93.512 Y109.181 E8.30479
G1 X93.191 Y108.162 E8.34674
G1 X93.065 Y107.648 E8.36752
G1 X92.887 Y106.644 E8.40756
G1 X92.822 Y106.065 E8.43044
G1 X92.787 Y105.536 E8.45126
G1 X92.787 Y104.467 E8.49323
G1 X92.88 Y103.404 E8.53513
G1 X93.065 Y102.352 E8.57707
G1 X93.191 Y101.838 E8.59785
G1 X93.497 Y100.866 E8.63786
G1 X93.706 Y100.321 E8.66078
G1 X93.919 Y99.836 E8.68158
G1 X94.413 Y98.888 E8.72355
G1 X94.593 Y98.605 E8.73672
G1 X94.808 Y98.268 F7800
G92 E0
G1 X97.003 Y98.625
;TYPE:Internal infill
;WIDTH:0.45
G1 F884.348
G1 X95.503 Y101.25 E.11871
G1 X95.125 Y101.113 E.1345
G1 X94.746 Y102.237 E.18107
G1 X94.55 Y103.119 E.21655
G1 X94.422 Y104.061 E.25388
G1 X94.381 Y105 E.29078
G1 X94.422 Y105.926 E.32717
G1 X94.63 Y107.286 E.38119
G1 X94.873 Y108.193 E.41806
G1 X95.19 Y109.064 E.45445
G1 X95.796 Y110.296 E.50836
G1 X96.302 Y111.091 E.54536
G1 X96.866 Y111.826 E.58174
G1 X97.491 Y112.509 E.61809
G1 X98.186 Y113.145 E.65508
G1 X99.263 Y113.935 E.70752
G1 X100.085 Y114.413 E.74486
G1 X100.936 Y114.81 E.78173
G1 X101.822 Y115.133 E.81876
G1 X103.156 Y115.457 E.87266
G1 X104.824 Y115.611 E.93843
G1 X104.863 Y114.721 E.97341
G1 X103.136 Y112.993 E1.06934
G92 E0
G1 X101.128 Y114 F7800
G1 F884.348
G1 X98.878 Y112.125 E.115
G1 X100.546 Y110.791 E.19886
G1 X97.746 Y108.457 E.34199
G1 X96.476 Y108.882 E.39457
G1 X96.628 Y110.25 E.44861
G92 E0
G1 X102.41 Y109.94 F7800
;TYPE:Solid infill
;WIDTH:0.452428
G1 F879.104
G1 X103.212 Y110.291 E.03458
;WIDTH:0.450028
G1 F884.286
G1 X104.247 Y110.542 E.0764
G1 X104.996 Y110.588 E.10587
G92 E0
G1 X108.628 Y114.75 F7800
;TYPE:Internal infill
;WIDTH:0.45
G1 F884.348
G1 X108.698 Y114.943 E.00806
G1 X109.917 Y114.412 E.06027
G1 X111.091 Y113.698 E.11422
G1 X111.48 Y113.399 E.13348
G1 X110.503 Y112.125 E.19652
G1 X113.128 Y111 E.30866
G92 E0
G1 X110.469 Y111.924 F7800
G1 F884.348
G1 X110.28 Y110.791 E.0451
G1 X110.57 Y111.135 E.06277
G1 X112.756 Y109.297 E.17491
G1 X112.333 Y108.481 E.211
G1 X112.287 Y108.253 E.22013
G1 X114.628 Y107.25 E.32013
G1 X115.48 Y106.675 F7800
G1 F884.348
G1 X115.619 Y105 E.38612
G1 X115.586 Y104.241 E.41595
G1 X115.259 Y104.25 E.42879
G1 X113.39 Y105.822 E.52468
G92 E0
G1 X113.878 Y100.5 F7800
G1 F884.348
G1 X112.597 Y99.433 E.06546
G1 X112.799 Y99.263 E.07583
G1 X111.321 Y98.032 E.15136
G1 X109.321 Y96.364 E.25362
G1 X109.119 Y96.534 E.26399
G1 X107.128 Y94.875 E.36575
G1 X107.174 Y94.611 E.37627
G1 X108.193 Y94.873 E.41758
G1 X109.484 Y95.386 E.47213
G92 E0
G1 X104.878 Y94.5 F7800
G1 F884.348
G1 X102.628 Y95.25 E.09312
G1 X102.478 Y94.693 E.11577
G1 X101.807 Y94.873 E.14305
G1 X100.936 Y95.19 E.17944
G1 X100.083 Y95.588 E.2164
G1 X98.94 Y96.281 E.26888
G1 X98.494 Y96.621 E.2909
G1 X98.878 Y97.125 E.31578
G1 X99.807 Y97.9 E.36328
G1 X97.938 Y99.472 E.45917
G92 E0
G1 X95.659 Y101.38 F7800
G1 F884.348
G1 X95.463 Y101.555 E.01032
G1 X96.795 Y102.665 E.0784
G1 X96.515 Y103.01 E.09585
G92 E0
G1 X101.003 Y101.046 F7800
;TYPE:Solid infill
;WIDTH:0.394962
G1 F1022.605
G1 X101.927 Y100.281 E.04073
;WIDTH:0.38292
G1 F1058.823
G1 X102.183 Y100.11 E.05083
;WIDTH:0.414921
G1 F967.739
G1 X102.283 Y100.096 E.05445
;WIDTH:0.446922
G1 F891.085
G1 X102.382 Y100.081 E.05835
;WIDTH:0.449836
G1 F884.703
G1 X102.843 Y99.839 E.07879
;WIDTH:0.450028
G1 X103.789 Y99.538 E.11777
G1 X104.804 Y99.413 E.15793
G1 X105.5 Y99.429 E.18527
G1 X106.23 Y99.553 E.21435
G92 E0
G1 X109.378 Y101.553 F7800
;WIDTH:0.449976
G1 F884.399
G1 X109.648 Y101.898 E.0172
;WIDTH:0.445354
G1 F894.557
G1 X110.137 Y102.795 E.05686
G1 X110.246 Y103.112 E.06987
G92 E0
G1 X102.793 Y95.388 F7800
;TYPE:Internal infill
;WIDTH:0.45
G1 F884.348
G1 X102.784 Y95.38 E.00047
G92 E0
G1 X104.521 Y93.945 F7800
;TYPE:Solid infill
;WIDTH:0.544884
G1 F717.183
G1 X105.536 Y93.958 E.04915
G1 X106.439 Y94.029 E.09301
;WIDTH:0.528392
G1 F741.546
G1 X107.401 Y94.199 E.13875
;WIDTH:0.529232
G1 F740.265
G1 X108.337 Y94.45 E.18421
G1 X109.236 Y94.789 E.22928
;WIDTH:0.518146
G1 F757.534
G1 X110.113 Y95.193 E.27354
G1 X110.948 Y95.676 E.31776
G1 X111.744 Y96.241 E.3625
;WIDTH:0.517442
G1 F758.658
G1 X112.808 Y97.167 E.42706
;WIDTH:0.528244
G1 F741.773
G1 X113.158 Y97.525 E.4505
;WIDTH:0.528388
G1 X113.782 Y98.27 E.49601
G1 X114.336 Y99.061 E.54123
;WIDTH:0.529234
G1 F740.262
G1 X114.819 Y99.899 E.5866
;WIDTH:0.538802
G1 F725.979
G1 X115.394 Y101.22 E.65551
;WIDTH:0.548242
G1 F712.417
G1 X115.678 Y102.139 E.70239
G1 X115.899 Y103.088 E.74988
;WIDTH:0.52909
G1 F740.482
G1 X116.013 Y104.043 E.79498
;WIDTH:0.518154
G1 F757.522
G1 X116.06 Y105.007 E.83922
G1 X116.011 Y105.983 E.88401
;WIDTH:0.550754
G1 F708.893
G1 X115.891 Y106.887 E.92868
G1 X115.687 Y107.85 E.9769
;WIDTH:0.538748
G1 F726.058
G1 X115.393 Y108.783 E1.02368
G1 X115.024 Y109.674 E1.0698
;WIDTH:0.53931
G1 F725.236
G1 X114.578 Y110.53 E1.11601
;WIDTH:0.547558
G1 F713.383
G1 X114.051 Y111.349 E1.16341
G1 X113.482 Y112.09 E1.20888
;WIDTH:0.538566
G1 F726.325
G1 X113.152 Y112.474 E1.23309
;WIDTH:0.538752
G1 X112.472 Y113.154 E1.27908
;WIDTH:0.538916
G1 F725.812
G1 X111.733 Y113.774 E1.32523
;WIDTH:0.548246
G1 F712.411
G1 X110.94 Y114.324 E1.37227
G1 X110.101 Y114.819 E1.41975
G1 X108.779 Y115.389 E1.48992
G1 X107.854 Y115.691 E1.53735
;WIDTH:0.538208
G1 F726.85
G1 X106.476 Y115.961 E1.60443
;WIDTH:0.539336
G1 F725.198
G1 X105.496 Y116.049 E1.65154
G1 X104.518 Y116.049 E1.69837
;WIDTH:0.538916
G1 X103.556 Y115.965 E1.74457
;WIDTH:0.54825
G1 F712.406
G1 X102.607 Y115.793 E1.79158
G1 X101.663 Y115.55 E1.83909
;WIDTH:0.538636
G1 F726.222
G1 X100.324 Y115.022 E1.90791
;WIDTH:0.53931
G1 F725.236
G1 X99.47 Y114.578 E1.95399
;WIDTH:0.54693
G1 F714.272
G1 X98.659 Y114.056 E2.00088
G1 X97.887 Y113.476 E2.04782
;WIDTH:0.529162
G1 F740.372
G1 X97.2 Y112.848 E2.09147
;WIDTH:0.5393
G1 F725.251
G1 X96.524 Y112.104 E2.1396
;WIDTH:0.518154
G1 F757.522
G1 X95.934 Y111.325 E2.18439
;WIDTH:0.517324
G1 F758.847
G1 X95.205 Y110.135 E2.24825
;WIDTH:0.539264
G1 F725.303
G1 X94.982 Y109.686 E2.27225
G1 X94.607 Y108.783 E2.31906
;WIDTH:0.550342
G1 F709.469
G1 X94.32 Y107.852 E2.36674
G1 X94.039 Y106.476 E2.43548
;WIDTH:0.53933
G1 F725.207
G1 X93.951 Y105.496 E2.48259
G1 X93.951 Y104.518 E2.52942
G1 X94.035 Y103.556 E2.57566
;WIDTH:0.547568
G1 F713.369
G1 X94.208 Y102.598 E2.62305
G1 X94.596 Y101.248 E2.69142
;WIDTH:0.54855
G1 F711.983
G1 X94.975 Y100.34 E2.73941
G1 X95.417 Y99.467 E2.78713
;WIDTH:0.52925
G1 F740.238
G1 X95.942 Y98.645 E2.83288
;WIDTH:0.538206
G1 F726.853
G1 X96.824 Y97.552 E2.89998
;WIDTH:0.539338
G1 F725.195
G1 X97.518 Y96.855 E2.94708
G1 X98.267 Y96.226 E2.99391
;WIDTH:0.546934
G1 F714.266
G1 X99.06 Y95.676 E3.04083
G1 X99.899 Y95.181 E3.08819
;WIDTH:0.538806
G1 F725.973
G1 X101.22 Y94.606 E3.1571
;WIDTH:0.548388
G1 F712.211
G1 X102.139 Y94.322 E3.204
G1 X103.084 Y94.102 E3.25131
;WIDTH:0.528124
G1 F741.956
G1 X104.318 Y93.967 E3.30941
;LAYER_CHANGE
;Z:6.15
;HEIGHT:0.2
G92 E0
G1 Z6.15 F7800
G1 X104.332 Y110.242
;TYPE:Perimeter
;WIDTH:0.449999
G1 F884.349
G1 X103.859 Y110.148 E.01894
G1 X103.333 Y110.017 E.04022
G1 X102.638 Y109.729 E.06976
G1 X101.902 Y109.261 E.10401
G1 X101.526 Y108.983 E.12237
G1 X101.008 Y108.465 E.15113
G1 X100.499 Y107.739 E.18594
G1 X100.271 Y107.362 E.20324
G1 X99.986 Y106.674 E.23248
G1 X99.836 Y106.109 E.25543
G1 X99.745 Y105.431 E.28229
G1 X99.715 Y104.908 E.30286
G1 X99.859 Y103.769 E.34794
G1 X100.083 Y103.059 E.37717
G1 X100.471 Y102.311 E.41026
G1 X100.721 Y101.896 E.42928
G1 X101.2 Y101.325 E.45854
G1 X101.845 Y100.782 E.49165
G1 X102.235 Y100.495 E.51066
G1 X102.895 Y100.151 E.53988
G1 X103.757 Y99.863 E.57557
G1 X104.673 Y99.734 E.61189
G1 X105.405 Y99.728 E.64063
G1 X106.27 Y99.87 E.67505
G1 X106.912 Y100.096 E.70177
G1 X107.442 Y100.309 E.7242
G1 X107.978 Y100.631 E.74875
G1 X108.665 Y101.192 E.78358
G1 X109.238 Y101.861 E.81817
G1 X109.455 Y102.158 E.83261
G1 X109.844 Y102.886 E.86502
G1 X110.09 Y103.567 E.89345
G1 X110.225 Y104.266 E.9214
G1 X110.273 Y104.641 E.93624
G1 X110.261 Y105.49 E.96958
G1 X110.1 Y106.352 E1.00401
G1 X110.014 Y106.674 E1.0171
M73 P48 R16
G1 X109.729 Y107.362 E1.04634
G1 X109.369 Y107.978 E1.07435
G1 X108.808 Y108.665 E1.10918
G1 X108.114 Y109.27 E1.14533
G1 X107.374 Y109.701 E1.17895
G1 X106.919 Y109.923 E1.19883
G1 X106.026 Y110.184 E1.23536
G1 X105.46 Y110.253 E1.25775
M73 Q48 S16
G1 X104.933 Y110.287 E1.27849
G1 X104.391 Y110.252 E1.29982
G1 X104.377 Y109.839 F7800
G1 F884.349
G1 X103.583 Y109.67 E1.33169
G1 X102.794 Y109.353 E1.36508
G1 X102.128 Y108.922 E1.39623
G1 X101.814 Y108.695 E1.41144
G1 X101.296 Y108.177 E1.4402
G1 X100.647 Y107.206 E1.48606
G1 X100.362 Y106.518 E1.5153
G1 X100.231 Y106.012 E1.53582
G1 X100.15 Y105.395 E1.56025
G1 X100.122 Y104.933 E1.57842
G1 X100.223 Y104.009 E1.61492
G1 X100.49 Y103.132 E1.65092
G1 X101.033 Y102.158 E1.69471
G1 X101.512 Y101.587 E1.72397
G1 X102.423 Y100.856 E1.76983
G1 X103.083 Y100.512 E1.79905
G1 X103.88 Y100.251 E1.83198
G1 X104.721 Y100.139 E1.86529
G1 X105.392 Y100.134 E1.89164
G1 X106.199 Y100.271 E1.92378
G1 X107.255 Y100.67 E1.9681
G1 X107.767 Y100.979 E1.99158
G1 X108.403 Y101.504 E2.02396
G1 X108.922 Y102.119 E2.05556
G1 X109.096 Y102.349 E2.06688
G1 X109.485 Y103.078 E2.09932
G1 X109.704 Y103.698 E2.12514
G1 X109.866 Y104.636 E2.16252
G1 X109.854 Y105.485 E2.19586
G1 X109.638 Y106.518 E2.2373
G1 X109.353 Y107.206 E2.26654
G1 X109.021 Y107.767 E2.29214
G1 X108.496 Y108.403 E2.32452
G1 X107.852 Y108.959 E2.35793
G1 X107.179 Y109.344 E2.38837
G1 X106.805 Y109.533 E2.40482
G1 X105.913 Y109.793 E2.4413
G1 X105.053 Y109.88 E2.47524
G1 X104.436 Y109.846 E2.4995
G1 X104.421 Y109.436 F7800
;TYPE:External perimeter
G1 F884.349
G1 X103.672 Y109.273 E2.5296
G1 X102.95 Y108.977 E2.56024
G1 X102.101 Y108.407 E2.60039
G1 X101.584 Y107.889 E2.62913
G1 X101.023 Y107.05 E2.66876
G1 X100.738 Y106.362 E2.698
G1 X100.596 Y105.79 E2.72114
G1 X100.531 Y105.074 E2.74937
G1 X100.636 Y104.014 E2.79119
G1 X100.86 Y103.304 E2.82042
G1 X101.185 Y102.702 E2.84728
G1 X101.472 Y102.268 E2.86771
G1 X101.824 Y101.849 E2.8892
G1 X102.611 Y101.217 E2.92883
G1 X103.271 Y100.873 E2.95805
G1 X104.002 Y100.639 E2.98819
G1 X104.769 Y100.543 E3.01854
G1 X105.379 Y100.541 E3.04249
G1 X106.128 Y100.671 E3.07234
G1 X106.617 Y100.855 E3.09285
G1 X107.163 Y101.089 E3.11617
G1 X107.581 Y101.345 E3.13542
G1 X108.151 Y101.824 E3.16465
G1 X108.607 Y102.376 E3.19276
G1 X108.737 Y102.541 E3.20101
G1 X109.126 Y103.27 E3.23345
G1 X109.319 Y103.829 E3.25667
G1 X109.459 Y104.63 E3.2886
G1 X109.447 Y105.479 E3.32194
G1 X109.303 Y106.184 E3.35019
G1 X108.982 Y107.039 E3.38605
G1 X108.673 Y107.555 E3.40967
G1 X108.184 Y108.142 E3.43967
G1 X107.591 Y108.647 E3.47025
G1 X106.691 Y109.142 E3.51058
G1 X105.799 Y109.402 E3.54706
G1 X105.018 Y109.474 E3.57786
G1 X104.48 Y109.441 E3.59902
G1 X104.088 Y109.363 F7800
G92 E0
G1 X95.492 Y99.081
;TYPE:Perimeter
G1 F884.349
G1 X95.819 Y98.567 E.02392
G1 X96.263 Y97.981 E.05279
G1 X96.732 Y97.429 E.08123
G1 X97.427 Y96.735 E.11979
G1 X98.176 Y96.107 E.15817
G1 X98.977 Y95.546 E.19657
G1 X99.75 Y95.1 E.23161
G1 X100.252 Y94.845 E.25372
G1 X101.166 Y94.466 E.29257
G1 X102.099 Y94.172 E.33098
G1 X103.053 Y93.96 E.36935
G1 X103.938 Y93.844 E.4044
G1 X104.503 Y93.801 E.42665
G1 X105.25 Y93.795 E.45598
G1 X105.899 Y93.828 E.4815
G1 X106.452 Y93.884 E.50332
G1 X107.426 Y94.056 E.54216
G1 X108.374 Y94.31 E.5807
G1 X109.067 Y94.556 E.60957
G1 X109.734 Y94.839 E.63802
G1 X110.605 Y95.292 E.67657
G1 X111.358 Y95.771 E.71161
G1 X111.815 Y96.099 E.7337
G1 X112.573 Y96.735 E.77255
G1 X113.265 Y97.427 E.81098
G1 X113.893 Y98.176 E.84936
G1 X114.454 Y98.977 E.88776
G1 X114.943 Y99.824 E.92616
G1 X115.32 Y100.633 E.9612
G1 X115.53 Y101.155 E.98329
G1 X115.802 Y102.017 E1.01878
G1 X115.943 Y102.566 E1.04104
G1 X116.078 Y103.3 E1.07034
G1 X116.168 Y104.03 E1.09922
G1 X116.199 Y104.597 E1.12152
G1 X116.199 Y105.489 E1.15654
G1 X116.121 Y106.378 E1.19158
G1 X116.041 Y106.939 E1.21383
G1 X115.885 Y107.669 E1.24314
G1 X115.712 Y108.295 E1.26864
G1 X115.538 Y108.824 E1.29051
G1 X115.16 Y109.737 E1.32931
G1 X114.708 Y110.605 E1.36774
G1 X114.229 Y111.358 E1.40278
G1 X113.901 Y111.815 E1.42487
G1 X113.265 Y112.573 E1.46372
G1 X112.573 Y113.265 E1.50215
G1 X111.824 Y113.893 E1.54053
G1 X111.023 Y114.454 E1.57893
G1 X110.176 Y114.943 E1.61733
G1 X109.367 Y115.32 E1.65237
G1 X108.845 Y115.53 E1.67446
G1 X107.901 Y115.828 E1.71333
G1 X106.947 Y116.04 E1.7517
G1 X105.977 Y116.167 E1.79011
G1 X105.085 Y116.206 E1.82517
G1 X104.522 Y116.2 E1.84728
G1 X103.537 Y116.114 E1.8861
G1 X102.574 Y115.944 E1.9245
G1 X101.712 Y115.713 E1.95954
G1 X101.176 Y115.538 E1.98168
G1 X100.342 Y115.192 E2.01713
G1 X99.83 Y114.947 E2.03942
G1 X99.181 Y114.579 E2.06871
G1 X98.636 Y114.226 E2.09421
G1 X98.185 Y113.901 E2.11604
G1 X97.427 Y113.265 E2.15489
G1 X96.735 Y112.573 E2.19332
G1 X96.107 Y111.824 E2.2317
G1 X95.595 Y111.093 E2.26674
G1 X95.295 Y110.612 E2.289
G1 X94.946 Y109.952 E2.31831
G1 X94.676 Y109.361 E2.34382
G1 X94.47 Y108.845 E2.36564
G1 X94.198 Y107.983 E2.40113
G1 X94.057 Y107.434 E2.42339
G1 X93.922 Y106.7 E2.45269
G1 X93.842 Y106.055 E2.47821
G1 X93.801 Y105.5 E2.50006
G1 X93.801 Y104.511 E2.53889
G1 X93.879 Y103.622 E2.57393
G1 X93.959 Y103.061 E2.59618
G1 X94.115 Y102.331 E2.62549
G1 X94.288 Y101.705 E2.65099
G1 X94.462 Y101.176 E2.67286
G1 X94.84 Y100.263 E2.71166
G1 X95.292 Y99.395 E2.75009
G1 X95.46 Y99.131 E2.76238
G1 X95.144 Y98.869 F7800
G1 F884.349
G1 X95.485 Y98.335 E2.78726
G1 X95.945 Y97.726 E2.81723
G1 X96.433 Y97.153 E2.84678
G1 X97.151 Y96.435 E2.88665
G1 X97.928 Y95.783 E2.92648
G1 X98.758 Y95.202 E2.96626
G1 X99.546 Y94.747 E3.00199
G1 X100.084 Y94.474 E3.02568
G1 X101.027 Y94.083 E3.06576
G1 X101.993 Y93.779 E3.10552
G1 X102.983 Y93.559 E3.14534
G1 X103.885 Y93.44 E3.18106
G1 X104.489 Y93.394 E3.20484
G1 X105.259 Y93.388 E3.23507
G1 X105.92 Y93.422 E3.26106
G1 X106.51 Y93.481 E3.28434
G1 X107.514 Y93.658 E3.32437
G1 X108.496 Y93.921 E3.36429
G1 X109.215 Y94.177 E3.39426
G1 X109.908 Y94.47 E3.4238
G1 X110.809 Y94.939 E3.46368
G1 X111.576 Y95.428 E3.4994
G1 X112.067 Y95.779 E3.5231
G1 X112.849 Y96.435 E3.56318
G1 X113.565 Y97.151 E3.60294
G1 X114.217 Y97.928 E3.64277
G1 X114.798 Y98.758 E3.68255
G1 X115.305 Y99.636 E3.72236
G1 X115.689 Y100.461 E3.75809
G1 X115.915 Y101.02 E3.78176
G1 X116.224 Y102 E3.82211
G1 X116.362 Y102.594 E3.84605
G1 X116.516 Y103.522 E3.88299
G1 X116.58 Y104.089 E3.90539
G1 X116.606 Y104.597 E3.92536
G1 X116.606 Y105.507 E3.96109
G1 X116.527 Y106.413 E3.9968
G1 X116.442 Y107.013 E4.02059
G1 X116.281 Y107.766 E4.05082
G1 X116.105 Y108.404 E4.07681
G1 X115.919 Y108.967 E4.10009
G1 X115.529 Y109.91 E4.14016
G1 X115.061 Y110.809 E4.17996
G1 X114.572 Y111.576 E4.21568
G1 X114.221 Y112.067 E4.23938
G1 X113.565 Y112.849 E4.27946
G1 X112.849 Y113.565 E4.31922
G1 X112.072 Y114.217 E4.35905
G1 X111.242 Y114.798 E4.39883
G1 X110.364 Y115.305 E4.43864
G1 X109.539 Y115.689 E4.47437
G1 X108.98 Y115.915 E4.49804
G1 X108.007 Y116.221 E4.53809
G1 X107.017 Y116.441 E4.57791
G1 X106.013 Y116.573 E4.61767
G1 X105.103 Y116.613 E4.65344
G1 X104.5 Y116.607 E4.67712
G1 X103.484 Y116.518 E4.71717
G1 X102.486 Y116.342 E4.75696
G1 X101.606 Y116.106 E4.79273
G1 X101.033 Y115.919 E4.8164
G1 X100.186 Y115.568 E4.8524
G1 X99.64 Y115.307 E4.87616
G1 X98.97 Y114.927 E4.9064
G1 X98.415 Y114.567 E4.93237
G1 X97.933 Y114.221 E4.95567
G1 X97.151 Y113.565 E4.99575
G1 X96.435 Y112.849 E5.03551
G1 X95.783 Y112.072 E5.07534
G1 X95.262 Y111.327 E5.11104
G1 X94.941 Y110.813 E5.13483
G1 X94.581 Y110.132 E5.16508
G1 X94.306 Y109.531 E5.19103
G1 X94.085 Y108.98 E5.21434
G1 X93.81 Y108.105 E5.25035
G1 X93.659 Y107.519 E5.27411
G1 X93.52 Y106.762 E5.30433
G1 X93.438 Y106.105 E5.33033
G1 X93.394 Y105.514 E5.3536
G1 X93.394 Y104.493 E5.39369
G1 X93.473 Y103.587 E5.4294
G1 X93.558 Y102.987 E5.45319
G1 X93.719 Y102.234 E5.48342
G1 X93.895 Y101.597 E5.50937
G1 X94.081 Y101.033 E5.53269
G1 X94.471 Y100.09 E5.57276
G1 X94.939 Y99.191 E5.61256
G1 X95.112 Y98.92 E5.62518
G1 X94.796 Y98.658 F7800
;TYPE:External perimeter
G1 F884.349
G1 X95.15 Y98.102 E5.65106
G1 X95.628 Y97.471 E5.68214
G1 X96.134 Y96.877 E5.71278
G1 X96.876 Y96.134 E5.75401
G1 X97.68 Y95.46 E5.7952
G1 X98.539 Y94.858 E5.83639
G1 X99.45 Y94.333 E5.87767
G1 X99.916 Y94.103 E5.89807
G1 X100.887 Y93.7 E5.93935
G1 X101.888 Y93.385 E5.98055
G1 X102.912 Y93.158 E6.02173
G1 X103.954 Y93.021 E6.063
G1 X104.474 Y92.987 E6.08346
G1 X105.268 Y92.981 E6.11464
G1 X106.05 Y93.021 E6.14539
G1 X106.567 Y93.078 E6.16581
G1 X107.603 Y93.26 E6.20711
G1 X108.617 Y93.532 E6.24833
G1 X109.362 Y93.797 E6.27938
G1 X110.081 Y94.101 E6.31003
G1 X111.012 Y94.586 E6.35125
G1 X111.899 Y95.151 E6.39254
G1 X112.318 Y95.459 E6.41296
G1 X113.124 Y96.134 E6.45424
G1 X113.866 Y96.876 E6.49544
G1 X114.54 Y97.68 E6.53663
G1 X115.142 Y98.539 E6.57782
G1 X115.666 Y99.448 E6.61902
G1 X116.11 Y100.401 E6.6603
G1 X116.299 Y100.885 E6.6807
G1 X116.487 Y101.482 E6.70528
G1 X116.645 Y102.01 E6.72692
G1 X116.762 Y102.521 E6.7475
G1 X116.92 Y103.472 E6.78535
G1 X116.986 Y104.063 E6.8087
G1 X117.013 Y104.597 E6.82969
G1 X117.013 Y105.525 E6.86613
G1 X116.922 Y106.572 E6.90739
G1 X116.843 Y107.086 E6.92781
G1 X116.676 Y107.863 E6.95902
G1 X116.468 Y108.617 E6.98973
G1 X116.301 Y109.11 E7.01017
G1 X115.898 Y110.082 E7.05149
G1 X115.414 Y111.012 E7.09266
G1 X114.849 Y111.899 E7.13395
G1 X114.541 Y112.318 E7.15437
G1 X113.866 Y113.124 E7.19565
G1 X113.124 Y113.866 E7.23685
G1 X112.32 Y114.54 E7.27804
G1 X111.461 Y115.142 E7.31923
G1 X110.552 Y115.666 E7.36043
G1 X109.599 Y116.111 E7.40173
G1 X109.115 Y116.299 E7.42212
G1 X108.112 Y116.615 E7.46341
G1 X107.088 Y116.842 E7.50459
G1 X106.048 Y116.979 E7.54578
G1 X104.998 Y117.025 E7.58705
G1 X104.478 Y117.014 E7.60747
G1 X103.43 Y116.922 E7.64878
G1 X102.397 Y116.74 E7.68997
G1 X101.382 Y116.468 E7.73123
G1 X100.89 Y116.301 E7.75163
G1 X99.916 Y115.897 E7.79303
G1 X99.449 Y115.667 E7.81347
G1 X98.759 Y115.275 E7.84463
G1 X98.101 Y114.849 E7.87541
G1 X97.682 Y114.541 E7.89583
G1 X96.876 Y113.866 E7.93711
G1 X96.134 Y113.124 E7.97831
G1 X95.46 Y112.32 E8.0195
G1 X94.857 Y111.459 E8.06077
G1 X94.587 Y111.014 E8.08121
G1 X94.215 Y110.312 E8.1124
G1 X93.89 Y109.6 E8.14313
G1 X93.701 Y109.115 E8.16357
G1 X93.384 Y108.11 E8.20495
G1 X93.26 Y107.604 E8.22541
G1 X93.117 Y106.823 E8.25659
G1 X93.021 Y106.046 E8.28733
G1 X92.987 Y105.527 E8.30775
G1 X92.987 Y104.475 E8.34906
G1 X93.078 Y103.428 E8.39032
M73 P49 R16
G1 X93.157 Y102.914 E8.41074
G1 X93.324 Y102.137 E8.44195
G1 X93.532 Y101.383 E8.47266
G1 X93.699 Y100.89 E8.4931
G1 X94.102 Y99.918 E8.53442
G1 X94.586 Y98.988 E8.57559
G1 X94.764 Y98.709 E8.58858
M73 Q49 S16
G1 X94.979 Y98.372 F7800
G92 E0
G1 X113.624 Y111.952
;TYPE:Bridge infill
;WIDTH:0.40298
;HEIGHT:0.4
M106 S204
G1 F564.515
G1 X111.622 Y113.636 E.16092
G1 X110.847 Y114.178 E.21909
G1 X110.025 Y114.653 E.27749
G1 X109.317 Y114.983 E.32554
G1 X114.089 Y110.969 E.7091
G1 X114.425 Y110.441 E.7476
G1 X114.746 Y109.824 E.79038
G1 X108.086 Y115.427 E1.32573
G1 X107.817 Y115.512 E1.34308
G1 X107.09 Y115.673 E1.38888
G1 X115.159 Y108.884 E2.03751
G1 X115.377 Y108.282 E2.07689
G1 X115.439 Y108.057 E2.09125
G1 X106.23 Y115.804 E2.83148
G1 X105.948 Y115.841 E2.84897
G1 X105.457 Y115.863 E2.8792
G1 X115.629 Y107.305 E3.69687
G1 X115.763 Y106.6 E3.74101
G1 X104.735 Y115.878 E4.62748
G1 X104.084 Y115.834 E4.66761
G1 X115.831 Y105.951 E5.61188
G1 X115.872 Y105.324 E5.65053
G1 X111.932 Y108.639 E5.96725
G1 X111.827 Y108.136 E5.99886
G1 X115.872 Y104.732 E6.32405
G1 X115.849 Y104.16 E6.35926
G1 X111.725 Y107.629 E6.69074
G1 X111.624 Y107.123 E6.72248
G1 X115.788 Y103.619 E7.05723
G1 X115.708 Y103.095 E7.08983
G1 X114.296 Y104.283 E7.20333
G1 X113.593 Y104.283 E7.24657
G1 X115.611 Y102.584 E7.40883
G1 X115.485 Y102.098 E7.43971
G1 X112.889 Y104.283 E7.64842
G1 X112.337 Y104.283 E7.68237
G1 X112.296 Y104.19 E7.68862
G1 X115.338 Y101.631 E7.93314
G1 X115.185 Y101.167 E7.96319
G1 X112.166 Y103.707 E8.20587
G1 X112.08 Y103.187 E8.23829
G1 X115.004 Y100.727 E8.47333
G1 X114.806 Y100.302 E8.50217
G1 X111.993 Y102.668 E8.72827
G1 X111.913 Y102.185 E8.75838
G1 X111.778 Y102.257 E8.76779
G1 X114.6 Y99.883 E8.99463
G1 X114.37 Y99.485 E9.02291
G1 X110.225 Y102.972 E9.35609
G1 X110.166 Y102.8 E9.36727
G1 X110.028 Y102.545 E9.3851
G1 X114.135 Y99.091 E9.71519
G1 X113.874 Y98.718 E9.74319
G1 X109.808 Y102.139 E10.07004
G1 X109.66 Y101.868 E10.08903
G1 X109.566 Y101.751 E10.09826
G1 X113.611 Y98.348 E10.42341
G1 X113.32 Y98.001 E10.45127
G1 X111.974 Y99.133 E10.55945
M73 P49 R15
G1 X111.62 Y98.838 E10.58779
G1 X113.029 Y97.654 E10.70099
G1 X112.708 Y97.332 E10.72896
M73 P50 R15
G1 X111.267 Y98.544 E10.84478
G1 X110.913 Y98.249 E10.87312
G1 X112.386 Y97.01 E10.99152
G1 X112.037 Y96.712 E11.01975
M73 Q50 S16
G1 X110.56 Y97.955 E11.13849
G1 X110.206 Y97.66 E11.16683
G1 X111.685 Y96.416 E11.28571
G1 X111.314 Y96.137 E11.31426
G1 X109.853 Y97.366 E11.43169
G1 X109.499 Y97.071 E11.46003
G1 X110.917 Y95.878 E11.57401
G1 X110.517 Y95.623 E11.60319
G1 X105.933 Y99.48 E11.97169
G1 X105.517 Y99.408 E11.99766
M73 Q50 S15
G1 X105.321 Y99.403 E12.00972
G1 X110.088 Y95.391 E12.39297
G1 X109.654 Y95.165 E12.42307
G1 X104.601 Y99.416 E12.82924
G1 X103.774 Y99.52 E12.88051
G1 X109.19 Y94.963 E13.31589
G1 X108.709 Y94.776 E13.34763
G1 X102.519 Y99.984 E13.84522
G1 X102.39 Y100.051 E13.85416
G1 X102.274 Y99.913 E13.86525
G1 X97.86 Y103.626 E14.22004
G1 X97.705 Y103.441 E14.23489
G1 X108.394 Y94.449 E15.09408
M107
G92 E0
G1 X110.388 Y109.938 F7800
M106 S204
G1 F564.515
G1 X103.458 Y115.768 E.55705
G1 X102.877 Y115.666 E.59333
G1 X104.798 Y114.05 E.74774
G1 X104.476 Y113.728 E.77575
G1 X102.324 Y115.539 E.94876
G1 X101.79 Y115.396 E.98276
G1 X104.155 Y113.407 E1.17284
G1 X103.833 Y113.085 E1.20085
G1 X101.285 Y115.229 E1.40568
G1 X100.813 Y115.034 E1.43709
G1 X103.512 Y112.764 E1.65402
G1 X103.19 Y112.442 E1.68203
G1 X100.344 Y114.836 E1.91079
G1 X99.905 Y114.614 E1.94105
G1 X104.684 Y110.593 E2.32522
G1 X104.266 Y110.568 E2.35098
G1 X104.064 Y110.523 E2.36371
G1 X99.485 Y114.375 E2.73177
G1 X99.08 Y114.124 E2.76108
G1 X103.509 Y110.398 E3.11709
G1 X103.285 Y110.348 E3.13121
G1 X103.005 Y110.23 E3.1499
G1 X98.686 Y113.863 E3.49705
G1 X98.315 Y113.584 E3.5256
G1 X102.537 Y110.032 E3.86498
G1 X102.395 Y109.972 E3.87446
G1 X101.123 Y110.714 E3.96504
G1 X101.073 Y110.672 E3.96906
G1 X97.963 Y113.288 E4.21903
G1 X97.648 Y113.024 E4.24431
G1 X97.614 Y112.99 E4.24727
G1 X100.719 Y110.377 E4.49689
G1 X100.366 Y110.083 E4.52515
G1 X97.292 Y112.668 E4.7722
G1 X96.971 Y112.346 E4.80017
G1 X100.012 Y109.788 E5.0446
G1 X99.659 Y109.494 E5.07286
G1 X96.68 Y111.999 E5.31227
G1 X96.389 Y111.652 E5.34013
G1 X99.305 Y109.199 E5.57452
G1 X98.952 Y108.904 E5.60282
G1 X96.126 Y111.282 E5.83
G1 X95.865 Y110.909 E5.858
G1 X98.598 Y108.61 E6.07768
G1 X98.245 Y108.315 E6.10598
G1 X95.623 Y110.521 E6.31675
G1 X95.402 Y110.115 E6.34518
G1 X97.891 Y108.021 E6.54525
G1 X97.837 Y107.975 E6.54961
G1 X96.849 Y108.305 E6.61368
G1 X95.19 Y109.701 E6.74705
M73 P51 R15
G1 X94.995 Y109.273 E6.77598
G1 X96.488 Y108.017 E6.89599
G1 X96.428 Y107.476 E6.92947
M73 Q51 S15
G1 X94.815 Y108.833 E7.05913
G1 X94.662 Y108.369 E7.08918
G1 X96.386 Y106.919 E7.22774
G1 X96.411 Y106.458 E7.25614
G1 X96.363 Y106.346 E7.26364
G1 X94.515 Y107.902 E7.41224
G1 X94.389 Y107.415 E7.44318
G1 X96.209 Y105.885 E7.58943
G1 X96.122 Y105.365 E7.62186
G1 X94.292 Y106.905 E7.76898
G1 X94.212 Y106.381 E7.80158
G1 X96.216 Y104.695 E7.96267
M107
G92 E0
G1 X93.961 Y106 F7800
M106 S204
G1 F564.515
G1 X96.098 Y104.202 E.17178
G1 X97.202 Y102.844 E.27943
G1 X97.414 Y103.095 E.29964
G1 X97.696 Y102.858 E.3223
G1 X97.886 Y103.016 E.3375
G1 X104.752 Y97.24 E.8894
G1 X104.562 Y97.081 E.90464
G1 X107.676 Y94.461 E1.15496
G1 X107.123 Y94.334 E1.18986
G1 X104.208 Y96.787 E1.4242
G1 X103.855 Y96.492 E1.4525
G1 X106.541 Y94.232 E1.66842
G1 X105.926 Y94.157 E1.70653
G1 X103.344 Y96.33 E1.91411
M107
G92 E0
G1 X97.5 Y102.431 F7800
M106 S204
G1 F564.515
G1 X94.128 Y105.267 E.27102
G1 X94.128 Y104.675 E.30743
G1 X96.989 Y102.268 E.53741
G1 X96.635 Y101.974 E.56571
G1 X94.169 Y104.048 E.76391
G1 X94.237 Y103.399 E.80405
G1 X105.259 Y94.126 E1.69004
G1 X104.555 Y94.127 E1.73334
G1 X94.371 Y102.695 E2.55197
G1 X94.561 Y101.943 E2.59968
G1 X103.77 Y94.196 E3.33991
G1 X103.11 Y94.283 E3.38086
G1 X102.91 Y94.327 E3.39346
G1 X94.841 Y101.116 E4.04209
G1 X95.137 Y100.401 E4.08969
G1 X95.254 Y100.176 E4.10529
G1 X101.914 Y94.573 E4.64064
G1 X101.278 Y94.774 E4.68167
G1 X100.675 Y95.023 E4.7218
G1 X95.911 Y99.031 E5.10475
G1 X96.088 Y98.754 E5.12497
G1 X96.518 Y98.186 E5.16879
G1 X96.973 Y97.651 E5.21199
G1 X97.636 Y96.988 E5.26966
G1 X99.624 Y95.316 E5.42944
M107
;LAYER_CHANGE
;Z:6.35
;HEIGHT:0.2
G92 E0
G1 Z6.35 F7800
G1 X104.333 Y110.235
;TYPE:Perimeter
;WIDTH:0.449999
G1 F884.349
G1 X104.169 Y110.22 E.00647
G1 X103.531 Y110.076 E.03215
G1 X102.982 Y109.872 E.05515
G1 X102.481 Y109.647 E.07671
G1 X101.853 Y109.247 E.10595
G1 X101.232 Y108.68 E.13897
G1 X100.882 Y108.311 E.15894
G1 X100.365 Y107.538 E.19545
G1 X99.986 Y106.674 E.23249
G1 X99.821 Y106.049 E.25787
G1 X99.747 Y105.462 E.2811
G1 X99.712 Y104.955 E.30105
G1 X99.786 Y104.259 E.32853
G1 X99.876 Y103.715 E.35018
G1 X100.083 Y103.059 E.37719
G1 X100.609 Y102.061 E.42149
G1 X100.961 Y101.611 E.44392
G1 X101.292 Y101.229 E.46377
G1 X101.837 Y100.789 E.49127
G1 X102.286 Y100.468 E.51294
G1 X102.895 Y100.151 E.5399
G1 X103.414 Y99.971 E.56147
G1 X103.936 Y99.822 E.58278
G1 X104.67 Y99.735 E.6118
G1 X105.404 Y99.728 E.64062
G1 X106.265 Y99.869 E.67488
G1 X106.962 Y100.09 E.70359
G1 X107.939 Y100.609 E.74703
G1 X108.675 Y101.2 E.78409
G1 X109.237 Y101.86 E.81813
G1 X109.453 Y102.155 E.83249
G1 X109.844 Y102.886 E.86504
G1 X110.184 Y103.974 E.9098
G1 X110.253 Y104.54 E.93219
G1 X110.288 Y105.045 E.95207
G1 X110.25 Y105.624 E.97485
G1 X110.03 Y106.633 E1.0154
G1 X109.729 Y107.362 E1.04637
G1 X109.421 Y107.892 E1.07044
G1 X109.067 Y108.357 E1.09339
G1 X108.74 Y108.74 E1.11316
G1 X108.104 Y109.279 E1.14589
G1 X107.65 Y109.55 E1.16665
G1 X107.124 Y109.839 E1.19022
G1 X106.603 Y110.016 E1.21183
G1 X106.026 Y110.184 E1.23543
G1 X105.46 Y110.253 E1.25782
G1 X104.956 Y110.288 E1.27766
G1 X104.393 Y110.24 E1.29985
G1 X104.378 Y109.828 F7800
G1 F884.349
G1 X104.205 Y109.815 E1.30666
G1 X103.628 Y109.681 E1.32992
G1 X103.138 Y109.495 E1.3505
G1 X102.692 Y109.299 E1.36963
G1 X102.071 Y108.904 E1.39853
G1 X101.513 Y108.386 E1.42842
G1 X101.22 Y108.085 E1.44491
G1 X100.703 Y107.312 E1.48142
G1 X100.362 Y106.518 E1.51535
G1 X100.216 Y105.952 E1.5383
G1 X100.153 Y105.426 E1.5591
G1 X100.122 Y104.933 E1.5785
G1 X100.223 Y104.009 E1.615
G1 X100.471 Y103.182 E1.6489
G1 X101.033 Y102.158 E1.69476
G1 X101.512 Y101.587 E1.72402
G1 X102.092 Y101.106 E1.75361
G1 X102.474 Y100.829 E1.77214
G1 X103.083 Y100.512 E1.7991
G1 X103.892 Y100.247 E1.83253
G1 X104.718 Y100.139 E1.86524
G1 X105.391 Y100.134 E1.89167
G1 X106.195 Y100.27 E1.92369
G1 X106.831 Y100.475 E1.94993
G1 X107.744 Y100.966 E1.99063
G1 X108.413 Y101.512 E2.02454
G1 X109.094 Y102.347 E2.06685
G1 X109.485 Y103.078 E2.0994
M73 P52 R15
G1 X109.793 Y104.087 E2.14082
G1 X109.88 Y104.947 E2.17476
G1 X109.851 Y105.496 E2.19635
G1 X109.75 Y106.055 E2.21865
G1 X109.638 Y106.518 E2.23735
G1 X109.353 Y107.206 E2.26659
G1 X109.073 Y107.681 E2.28824
G1 X108.755 Y108.095 E2.30874
G1 X108.413 Y108.488 E2.3292
G1 X107.842 Y108.967 E2.35846
M73 Q52 S15
G1 X107.218 Y109.323 E2.38667
G1 X106.805 Y109.533 E2.40486
G1 X105.913 Y109.793 E2.44134
G1 X105.053 Y109.88 E2.47528
G1 X104.438 Y109.833 E2.4995
G1 X104.422 Y109.425 F7800
;TYPE:External perimeter
G1 F884.349
G1 X104.24 Y109.409 E2.50667
G1 X103.725 Y109.286 E2.52746
G1 X102.95 Y108.977 E2.56022
G1 X102.29 Y108.56 E2.59087
G1 X101.558 Y107.859 E2.63067
G1 X101.042 Y107.085 E2.6672
G1 X100.738 Y106.362 E2.698
G1 X100.612 Y105.855 E2.71851
G1 X100.526 Y105.018 E2.75155
G1 X100.653 Y103.96 E2.79339
G1 X100.86 Y103.304 E2.8204
G1 X101.345 Y102.419 E2.86003
G1 X101.824 Y101.849 E2.88926
G1 X102.662 Y101.19 E2.93112
G1 X103.271 Y100.873 E2.95808
G1 X104.014 Y100.636 E2.9887
G1 X104.766 Y100.543 E3.01845
G1 X105.379 Y100.541 E3.04252
G1 X106.124 Y100.671 E3.07221
G1 X106.7 Y100.861 E3.09603
G1 X107.548 Y101.322 E3.13393
G1 X108.151 Y101.824 E3.16474
G1 X108.735 Y102.539 E3.20099
G1 X109.126 Y103.27 E3.23354
G1 X109.402 Y104.201 E3.27167
G1 X109.474 Y104.983 E3.3025
G1 X109.438 Y105.571 E3.32563
G1 X109.273 Y106.329 E3.35609
G1 X108.977 Y107.05 E3.38669
G1 X108.673 Y107.555 E3.40983
G1 X108.176 Y108.151 E3.4403
G1 X107.581 Y108.655 E3.47092
G1 X106.691 Y109.142 E3.51076
G1 X105.799 Y109.402 E3.54724
G1 X105.018 Y109.474 E3.57804
G1 X104.482 Y109.43 E3.59916
G1 X104.087 Y109.368 F7800
G92 E0
G1 X95.663 Y99.184
;TYPE:Perimeter
G1 F884.349
G1 X95.981 Y98.685 E.02323
G1 X96.566 Y97.923 E.06095
G1 X97.215 Y97.215 E.09866
G1 X97.862 Y96.622 E.13312
G1 X98.296 Y96.266 E.15516
G1 X98.718 Y95.959 E.17565
G1 X99.426 Y95.509 E.20859
G1 X99.906 Y95.239 E.23021
G1 X100.787 Y94.828 E.26838
G1 X101.689 Y94.5 E.30607
G1 X102.538 Y94.272 E.34059
G1 X103.077 Y94.159 E.36221
G1 X103.959 Y94.043 E.39714
G1 X104.518 Y94 E.41915
G1 X105.04 Y93.991 E.43965
G1 X105.878 Y94.028 E.47259
G1 X106.426 Y94.082 E.49421
G1 X107.383 Y94.251 E.53237
G1 X108.311 Y94.5 E.5701
G1 X109.213 Y94.828 E.60779
G1 X110.084 Y95.234 E.64552
G1 X110.916 Y95.714 E.68323
G1 X111.702 Y96.265 E.72092
G1 X112.375 Y96.83 E.75542
G1 X112.741 Y97.171 E.77506
G1 X113.11 Y97.553 E.79591
G1 X113.735 Y98.298 E.83409
G1 X114.286 Y99.084 E.87178
G1 X114.766 Y99.916 E.90949
G1 X115.172 Y100.787 E.94722
G1 X115.5 Y101.689 E.98491
G1 X115.728 Y102.537 E1.01939
G1 X115.841 Y103.077 E1.04105
G1 X115.952 Y103.916 E1.07428
G1 X116.004 Y105.125 E1.12179
G1 X115.968 Y105.96 E1.15461
G1 X115.841 Y106.921 E1.19267
G1 X115.74 Y107.422 E1.21274
G1 X115.5 Y108.31 E1.24886
G1 X115.172 Y109.213 E1.28658
G1 X114.801 Y110.009 E1.32106
G1 X114.536 Y110.503 E1.34307
G1 X114.263 Y110.949 E1.3636
G1 X113.781 Y111.636 E1.39655
G1 X113.442 Y112.069 E1.41814
G1 X112.785 Y112.785 E1.4563
G1 X112.077 Y113.434 E1.49401
G1 X111.315 Y114.019 E1.53173
G1 X110.575 Y114.49 E1.56617
G1 X110.094 Y114.761 E1.58785
G1 X109.213 Y115.172 E1.62602
G1 X108.388 Y115.472 E1.66049
G1 X107.861 Y115.632 E1.68212
G1 X106.912 Y115.843 E1.72029
G1 X105.96 Y115.968 E1.75799
G1 X105 Y116.01 E1.79572
G1 X104.04 Y115.968 E1.83345
G1 X103.088 Y115.843 E1.87115
G1 X102.231 Y115.653 E1.90562
G1 X101.7 Y115.504 E1.92727
G1 X100.787 Y115.172 E1.96542
G1 X99.991 Y114.801 E1.9999
G1 X99.497 Y114.536 E2.02191
G1 X99.051 Y114.263 E2.04244
G1 X98.364 Y113.781 E2.07539
G1 X97.931 Y113.442 E2.09698
G1 X97.215 Y112.785 E2.13514
G1 X96.566 Y112.077 E2.17285
G1 X95.981 Y111.315 E2.21057
G1 X95.509 Y110.574 E2.24507
G1 X95.239 Y110.094 E2.26669
G1 X94.828 Y109.213 E2.30486
G1 X94.5 Y108.311 E2.34255
G1 X94.249 Y107.374 E2.38064
G1 X94.151 Y106.872 E2.40072
G1 X94.032 Y105.96 E2.43683
G1 X93.99 Y105 E2.47456
G1 X94.028 Y104.123 E2.50903
G1 X94.083 Y103.565 E2.53105
G1 X94.165 Y103.048 E2.5516
G1 X94.348 Y102.23 E2.58451
G1 X94.496 Y101.7 E2.60612
G1 X94.828 Y100.787 E2.64427
G1 X95.199 Y99.991 E2.67875
G1 X95.459 Y99.505 E2.70039
G1 X95.631 Y99.235 E2.71296
G1 X95.315 Y98.973 F7800
G1 F884.349
G1 X95.647 Y98.451 E2.73725
G1 X96.254 Y97.661 E2.77637
G1 X96.927 Y96.927 E2.81547
G1 X97.587 Y96.322 E2.85062
G1 X98.048 Y95.942 E2.87408
G1 X98.489 Y95.622 E2.89547
G1 X99.208 Y95.165 E2.92892
G1 X99.722 Y94.876 E2.95207
G1 X100.631 Y94.452 E2.99145
G1 X101.567 Y94.111 E3.03056
G1 X102.432 Y93.879 E3.06572
G1 X103.011 Y93.757 E3.08895
G1 X103.905 Y93.639 E3.12436
G1 X104.501 Y93.593 E3.14783
G1 X105.046 Y93.584 E3.16923
G1 X105.897 Y93.622 E3.20268
G1 X106.483 Y93.679 E3.2258
G1 X107.471 Y93.853 E3.26519
G1 X108.433 Y94.111 E3.3043
G1 X109.369 Y94.452 E3.34341
G1 X110.272 Y94.873 E3.38253
G1 X111.135 Y95.371 E3.42165
G1 X111.95 Y95.942 E3.46072
G1 X112.637 Y96.518 E3.49592
G1 X113.022 Y96.877 E3.51659
G1 X113.413 Y97.281 E3.53867
G1 X114.058 Y98.05 E3.57808
G1 X114.629 Y98.865 E3.61715
G1 X115.127 Y99.728 E3.65627
G1 X115.548 Y100.631 E3.69539
G1 X115.889 Y101.567 E3.7345
G1 X116.121 Y102.432 E3.76966
G1 X116.243 Y103.011 E3.79289
G1 X116.374 Y104.005 E3.83226
G1 X116.411 Y105.142 E3.87693
G1 X116.374 Y105.995 E3.91045
G1 X116.243 Y106.988 E3.94978
G1 X116.136 Y107.516 E3.97093
G1 X115.889 Y108.433 E4.00822
G1 X115.548 Y109.369 E4.04733
G1 X115.17 Y110.181 E4.0825
G1 X114.889 Y110.708 E4.10595
G1 X114.604 Y111.173 E4.12736
G1 X114.115 Y111.87 E4.16079
G1 X113.751 Y112.334 E4.18395
G1 X113.073 Y113.073 E4.22333
G1 X112.339 Y113.746 E4.26243
G1 X111.549 Y114.353 E4.30155
G1 X110.793 Y114.834 E4.33673
G1 X110.278 Y115.124 E4.35994
G1 X109.369 Y115.548 E4.39932
G1 X108.528 Y115.855 E4.43447
G1 X107.962 Y116.027 E4.4577
G1 X106.983 Y116.244 E4.49707
G1 X105.995 Y116.374 E4.5362
G1 X105 Y116.417 E4.5753
G1 X104.005 Y116.374 E4.6144
G1 X103.017 Y116.244 E4.65353
G1 X102.143 Y116.05 E4.68868
G1 X101.573 Y115.891 E4.71192
G1 X100.631 Y115.548 E4.75128
G1 X99.819 Y115.17 E4.78645
G1 X99.292 Y114.889 E4.8099
G1 X98.827 Y114.604 E4.83131
G1 X98.13 Y114.115 E4.86474
G1 X97.666 Y113.751 E4.8879
G1 X96.927 Y113.073 E4.92728
G1 X96.254 Y112.339 E4.96638
G1 X95.647 Y111.549 E5.0055
G1 X95.166 Y110.793 E5.04068
G1 X94.876 Y110.278 E5.06389
G1 X94.452 Y109.369 E5.10327
G1 X94.111 Y108.433 E5.14238
G1 X93.852 Y107.466 E5.18169
G1 X93.749 Y106.937 E5.20285
G1 X93.626 Y105.995 E5.24015
G1 X93.583 Y105 E5.27925
G1 X93.622 Y104.105 E5.31443
G1 X93.68 Y103.511 E5.33786
G1 X93.765 Y102.972 E5.35929
G1 X93.95 Y102.141 E5.39272
G1 X94.109 Y101.573 E5.41588
G1 X94.452 Y100.631 E5.45524
G1 X94.83 Y99.819 E5.49041
G1 X95.109 Y99.297 E5.51365
G1 X95.283 Y99.024 E5.52636
G1 X94.967 Y98.762 F7800
;TYPE:External perimeter
G1 F884.349
G1 X95.314 Y98.218 E5.5517
G1 X95.942 Y97.399 E5.59222
G1 X96.639 Y96.639 E5.63271
G1 X97.401 Y95.94 E5.67331
G1 X97.801 Y95.619 E5.69345
G1 X98.26 Y95.285 E5.71574
G1 X99.09 Y94.758 E5.75434
G1 X99.538 Y94.512 E5.77441
G1 X100.475 Y94.075 E5.81501
G1 X101.444 Y93.722 E5.8555
G1 X102.443 Y93.455 E5.8961
G1 X102.944 Y93.355 E5.91616
G1 X103.972 Y93.22 E5.95687
G1 X104.484 Y93.186 E5.97702
G1 X105.051 Y93.176 E5.99929
G1 X106.033 Y93.22 E6.03789
G1 X106.541 Y93.276 E6.05796
G1 X107.559 Y93.456 E6.09855
G1 X108.556 Y93.723 E6.13908
G1 X109.525 Y94.075 E6.17956
G1 X110.46 Y94.511 E6.22007
G1 X111.353 Y95.027 E6.26057
G1 X112.198 Y95.619 E6.30108
G1 X112.991 Y96.283 E6.34169
G1 X113.362 Y96.639 E6.36188
G1 X113.717 Y97.009 E6.38201
G1 X114.381 Y97.802 E6.42262
G1 X114.973 Y98.647 E6.46313
G1 X115.489 Y99.54 E6.50363
G1 X115.925 Y100.475 E6.54414
G1 X116.278 Y101.444 E6.58463
G1 X116.545 Y102.443 E6.62523
G1 X116.645 Y102.944 E6.64529
G1 X116.78 Y103.969 E6.68588
G1 X116.818 Y105.16 E6.73267
G1 X116.78 Y106.031 E6.7669
G1 X116.645 Y107.055 E6.80745
G1 X116.532 Y107.609 E6.82965
G1 X116.278 Y108.556 E6.86815
G1 X115.925 Y109.525 E6.90864
G1 X115.488 Y110.462 E6.94924
G1 X115.241 Y110.912 E6.9694
G1 X114.944 Y111.396 E6.9917
G1 X114.38 Y112.2 E7.03026
G1 X114.06 Y112.599 E7.05034
G1 X113.361 Y113.361 E7.09094
G1 X112.601 Y114.058 E7.13143
G1 X111.782 Y114.686 E7.17195
G1 X110.91 Y115.242 E7.21256
G1 X110.462 Y115.488 E7.23263
G1 X109.525 Y115.925 E7.27323
G1 X108.553 Y116.278 E7.31383
G1 X108.063 Y116.421 E7.33387
G1 X107.053 Y116.645 E7.37449
G1 X106.031 Y116.78 E7.41497
G1 X105 Y116.825 E7.45549
G1 X103.969 Y116.78 E7.49601
G1 X102.947 Y116.645 E7.53649
G1 X101.937 Y116.421 E7.57711
G1 X101.446 Y116.278 E7.59719
G1 X100.475 Y115.925 E7.63776
G1 X99.538 Y115.488 E7.67836
G1 X99.088 Y115.241 E7.69852
G1 X98.604 Y114.944 E7.72082
G1 X97.8 Y114.38 E7.75938
G1 X97.401 Y114.06 E7.77946
G1 X96.639 Y113.361 E7.82006
G1 X95.942 Y112.601 E7.86055
G1 X95.314 Y111.782 E7.90107
G1 X94.758 Y110.91 E7.94168
G1 X94.512 Y110.462 E7.96175
G1 X94.075 Y109.525 E8.00235
G1 X93.723 Y108.556 E8.04283
G1 X93.455 Y107.557 E8.08344
G1 X93.347 Y107.002 E8.10564
G1 X93.22 Y106.031 E8.14409
G1 X93.175 Y105 E8.18461
G1 X93.22 Y103.967 E8.22521
G1 X93.276 Y103.457 E8.24536
G1 X93.365 Y102.896 E8.26766
G1 X93.579 Y101.937 E8.30624
G1 X93.722 Y101.447 E8.32628
G1 X94.075 Y100.475 E8.36688
G1 X94.512 Y99.538 E8.40748
G1 X94.758 Y99.09 E8.42755
G1 X94.935 Y98.813 E8.44046
G1 X95.15 Y98.475 F7800
G92 E0
G1 X105.367 Y94.402
;TYPE:Solid infill
;WIDTH:0.611394
G1 F633.274
G1 X104.113 Y94.415 E.06876
G1 X103.184 Y94.548 E.12022
;WIDTH:0.605859
G1 F639.501
G1 X102.272 Y94.74 E.17083
G1 X101.388 Y95.017 E.22113
G1 X100.532 Y95.378 E.27157
;WIDTH:0.612328
G1 F632.236
G1 X99.709 Y95.789 E.32209
;WIDTH:0.620495
G1 F623.296
G1 X98.95 Y96.274 E.37227
G1 X98.526 Y96.587 E.40163
;WIDTH:0.60586
G1 F639.5
G1 X97.843 Y97.159 E.45
G1 X97.188 Y97.811 E.50018
;WIDTH:0.606987
G1 F638.222
G1 X96.573 Y98.545 E.55228
;WIDTH:0.619902
G1 F623.936
G1 X96.295 Y98.92 E.57826
G1 X95.826 Y99.674 E.62768
;WIDTH:0.605858
G1 F639.502
G1 X95.387 Y100.495 E.67823
G1 X95.037 Y101.356 E.7287
;WIDTH:0.612327
G1 F632.237
G1 X94.746 Y102.228 E.77919
;WIDTH:0.620493
G1 F623.298
G1 X94.552 Y103.107 E.82934
G1 X94.473 Y103.628 E.8587
;WIDTH:0.605859
G1 F639.501
M73 P53 R15
G1 X94.395 Y104.516 E.9071
G1 X94.393 Y105.44 E.95727
;WIDTH:0.607304
G1 F637.864
G1 X94.476 Y106.394 E1.0094
;WIDTH:0.620841
G1 F622.923
G1 X94.628 Y107.276 E1.05929
G1 X94.75 Y107.764 E1.08733
;WIDTH:0.605886
G1 F639.47
G1 X95.017 Y108.612 E1.13561
G1 X95.378 Y109.468 E1.18606
M73 Q53 S15
;WIDTH:0.612327
G1 F632.237
G1 X95.788 Y110.29 E1.23651
;WIDTH:0.620353
G1 F623.449
G1 X96.295 Y111.08 E1.28879
G1 X96.603 Y111.496 E1.31762
;WIDTH:0.606215
G1 F639.097
G1 X97.151 Y112.148 E1.3639
;WIDTH:0.620209
G1 F623.604
G1 X97.501 Y112.517 E1.39222
G1 X98.061 Y113.02 E1.43413
;WIDTH:0.61819
G1 F625.793
G1 X98.516 Y113.41 E1.46738
G1 X99.252 Y113.93 E1.51738
;WIDTH:0.61599
G1 F628.196
G1 X99.693 Y114.194 E1.54579
;WIDTH:0.605858
G1 F639.502
G1 X100.495 Y114.613 E1.59492
G1 X101.358 Y114.964 E1.64551
;WIDTH:0.610407
G1 F634.376
G1 X102.211 Y115.249 E1.69474
;WIDTH:0.612081
G1 F632.51
G1 X103.143 Y115.459 E1.74719
;WIDTH:0.620359
G1 F623.442
G1 X104.062 Y115.577 E1.7988
G1 X104.579 Y115.608 E1.82765
;WIDTH:0.606626
G1 F638.631
G1 X105.444 Y115.606 E1.87468
;WIDTH:0.610996
G1 F633.718
G1 X106.813 Y115.466 E1.95008
G1 X107.72 Y115.254 E2.00112
;WIDTH:0.606213
G1 F639.099
G1 X108.6 Y114.987 E2.05108
;WIDTH:0.620241
G1 F623.57
M73 P53 R14
G1 X109.075 Y114.805 E2.07941
G1 X109.671 Y114.519 E2.11622
;WIDTH:0.620713
G1 X110.287 Y114.208 E2.15468
G1 X110.719 Y113.944 E2.1829
;WIDTH:0.605896
G1 F639.459
G1 X111.446 Y113.435 E2.23109
;WIDTH:0.606216
G1 X112.148 Y112.849 E2.28077
;WIDTH:0.620259
G1 F623.55
G1 X112.495 Y112.521 E2.30736
G1 X113.11 Y111.838 E2.35854
;WIDTH:0.606156
G1 F639.164
G1 X113.685 Y111.107 E2.40907
G1 X114.183 Y110.327 E2.45934
G1 X114.608 Y109.516 E2.50908
;WIDTH:0.620439
G1 F623.356
G1 X114.815 Y109.052 E2.53738
G1 X115.046 Y108.429 E2.57439
;WIDTH:0.613286
G1 F631.174
G1 X115.361 Y107.342 E2.63665
;WIDTH:0.615533
G1 F628.697
G1 X115.46 Y106.847 E2.66453
;WIDTH:0.620455
G1 F623.339
G1 X115.577 Y105.938 E2.71558
G1 X115.622 Y105.032 E2.76611
;WIDTH:0.610997
G1 F633.717
G1 X115.585 Y104.107 E2.81683
;WIDTH:0.610324
G1 F634.469
G1 X115.452 Y103.184 E2.86787
;WIDTH:0.606215
G1 F639.097
G1 X115.263 Y102.284 E2.91784
;WIDTH:0.620457
G1 F623.337
G1 X115.123 Y101.795 E2.94617
G1 X114.826 Y100.964 E2.99533
;WIDTH:0.610996
G1 F633.718
G1 X114.438 Y100.124 E3.04603
;WIDTH:0.610712
G1 F634.035
G1 X113.972 Y99.313 E3.09726
G1 X113.448 Y98.56 E3.1475
;WIDTH:0.610329
G1 X112.839 Y97.853 E3.19857
;WIDTH:0.615644
G1 F628.575
G1 X112.497 Y97.476 E3.22669
G1 X111.484 Y96.586 E3.30118
;WIDTH:0.620322
G1 F623.482
G1 X110.716 Y96.051 E3.35331
G1 X109.914 Y95.587 E3.40491
;WIDTH:0.620148
G1 X109.449 Y95.362 E3.43367
M73 Q53 S14
;WIDTH:0.613392
G1 F631.056
G1 X108.438 Y94.958 E3.49358
G1 X107.33 Y94.636 E3.55707
;WIDTH:0.611
G1 F633.714
G1 X106.413 Y94.486 E3.60798
;WIDTH:0.609534
G1 F635.353
G1 X105.571 Y94.4 E3.65424
;WIDTH:0.449999
G1 F884.349
G1 X105.678 Y94.984 E3.67755
;WIDTH:0.621113
G1 F622.629
G1 X105.123 Y94.964 E3.70852
G1 X104.094 Y94.986 E3.76592
;WIDTH:0.60928
G1 F635.638
G1 X103.239 Y95.104 E3.81307
;WIDTH:0.605868
G1 F639.491
G1 X102.382 Y95.293 E3.86072
G1 X101.546 Y95.558 E3.90834
G1 X100.739 Y95.897 E3.95587
;WIDTH:0.610892
G1 F633.834
G1 X99.93 Y96.319 E4.00586
;WIDTH:0.620495
G1 F623.296
G1 X99.266 Y96.758 E4.0502
G1 X98.55 Y97.294 E4.10003
;WIDTH:0.615438
G1 F628.801
G1 X97.894 Y97.894 E4.14912
;WIDTH:0.616065
G1 X97.304 Y98.541 E4.19753
;WIDTH:0.619902
G1 F623.936
G1 X96.782 Y99.23 E4.24564
G1 X96.281 Y100 E4.29676
;WIDTH:0.605869
G1 F639.49
G1 X95.882 Y100.766 E4.34366
G1 X95.55 Y101.577 E4.39124
;WIDTH:0.610889
G1 F633.837
G1 X95.276 Y102.447 E4.44121
;WIDTH:0.620493
G1 F623.298
G1 X95.117 Y103.226 E4.4855
G1 X94.99 Y104.111 E4.53531
;WIDTH:0.615439
G1 F628.8
G1 X94.951 Y105 E4.58445
;WIDTH:0.61609
G1 X94.99 Y105.876 E4.63293
;WIDTH:0.619624
G1 F624.237
G1 X95.104 Y106.707 E4.67959
G1 X95.297 Y107.63 E4.73204
;WIDTH:0.606159
G1 F639.16
G1 X95.558 Y108.454 E4.779
;WIDTH:0.605869
G1 X95.897 Y109.261 E4.82653
;WIDTH:0.610805
G1 F633.931
G1 X96.319 Y110.07 E4.87651
;WIDTH:0.620353
G1 F623.449
G1 X96.778 Y110.764 E4.92285
G1 X97.302 Y111.459 E4.97133
;WIDTH:0.620209
G1 X97.891 Y112.092 E5.01948
G1 X98.46 Y112.623 E5.06282
;WIDTH:0.607066
G1 F638.133
G1 X99.204 Y113.213 E5.11449
G1 X99.987 Y113.715 E5.1651
;WIDTH:0.605869
G1 F639.49
G1 X100.766 Y114.118 E5.21272
G1 X101.577 Y114.45 E5.2603
;WIDTH:0.610267
G1 F634.532
G1 X102.412 Y114.717 E5.30827
;WIDTH:0.610805
G1 F633.931
G1 X103.304 Y114.909 E5.35825
;WIDTH:0.620359
G1 F623.442
G1 X104.131 Y115.004 E5.40461
G1 X104.999 Y115.048 E5.45302
G1 X105.869 Y115.004 E5.50154
G1 X106.776 Y114.897 E5.55241
;WIDTH:0.615337
G1 F628.912
G1 X108.016 Y114.586 E5.62299
;WIDTH:0.620241
G1 F623.57
G1 X108.831 Y114.282 E5.67143
G1 X109.455 Y113.998 E5.70961
;WIDTH:0.620713
G1 X110.021 Y113.696 E5.74536
G1 X110.764 Y113.232 E5.79418
;WIDTH:0.615209
G1 F629.053
G1 X111.459 Y112.698 E5.84256
;WIDTH:0.620259
G1 F623.55
G1 X112.091 Y112.109 E5.89067
G1 X112.969 Y111.122 E5.96423
;WIDTH:0.615306
G1 F628.946
G1 X113.456 Y110.43 E6.01095
;WIDTH:0.615485
G1 X113.908 Y109.652 E6.06064
;WIDTH:0.620439
G1 F623.356
G1 X114.274 Y108.849 E6.1098
G1 X114.575 Y108.025 E6.15867
;WIDTH:0.620103
G1 X114.814 Y107.189 E6.20708
;WIDTH:0.615533
G1 F628.697
G1 X114.894 Y106.76 E6.23118
;WIDTH:0.620455
G1 F623.339
G1 X115.002 Y105.882 E6.28046
G1 X115.055 Y104.97 E6.33135
;WIDTH:0.610163
G1 F634.649
G1 X115.016 Y104.108 E6.37856
;WIDTH:0.615335
G1 F628.914
G1 X114.812 Y102.831 E6.44996
;WIDTH:0.620457
G1 F623.337
G1 X114.578 Y101.987 E6.49875
G1 X114.278 Y101.124 E6.54965
;WIDTH:0.610164
G1 F634.648
G1 X113.912 Y100.342 E6.59689
G1 X113.467 Y99.576 E6.64536
G1 X112.968 Y98.866 E6.69284
;WIDTH:0.609532
G1 F635.355
G1 X112.4 Y98.198 E6.74076
;WIDTH:0.610211
G1 F634.595
G1 X111.782 Y97.576 E6.78874
;WIDTH:0.610611
G1 X111.095 Y97.003 E6.83772
;WIDTH:0.612563
G1 F631.975
G1 X110.179 Y96.393 E6.89819
;WIDTH:0.620148
G1 F623.67
G1 X109.632 Y96.09 E6.93301
;WIDTH:0.620439
G1 X108.848 Y95.726 E6.98116
G1 X108.026 Y95.425 E7.02992
G1 X107.147 Y95.177 E7.0808
;WIDTH:0.609398
G1 F635.506
G1 X105.882 Y94.991 E7.15066
;LAYER_CHANGE
;Z:6.55
;HEIGHT:0.2
G92 E0
G1 Z6.55 F7800
G1 X104.332 Y110.241
;TYPE:Perimeter
;WIDTH:0.449999
G1 F884.349
G1 X103.532 Y110.075 E.03208
G1 X102.638 Y109.729 E.06972
G1 X101.916 Y109.278 E.10315
G1 X101.611 Y109.055 E.11799
G1 X101.016 Y108.473 E.15067
G1 X100.577 Y107.897 E.17911
G1 X100.168 Y107.138 E.21296
G1 X99.91 Y106.347 E.24563
G1 X99.78 Y105.831 E.26652
G1 X99.715 Y105.088 E.2958
G1 X99.782 Y104.297 E.32697
G1 X99.859 Y103.769 E.34792
G1 X100.083 Y103.059 E.37715
G1 X100.448 Y102.354 E.40832
G1 X100.721 Y101.896 E.42926
G1 X101.2 Y101.325 E.45852
G1 X101.807 Y100.813 E.4897
G1 X102.235 Y100.495 E.51064
G1 X102.895 Y100.151 E.53986
G1 X103.731 Y99.871 E.57448
G1 X104.578 Y99.745 E.6081
G1 X105.276 Y99.724 E.63552
G1 X106.207 Y99.859 E.67246
G1 X106.787 Y100.047 E.6964
G1 X107.341 Y100.263 E.71975
G1 X107.978 Y100.631 E.74864
G1 X108.646 Y101.176 E.78249
G1 X109.227 Y101.848 E.81737
G1 X109.451 Y102.152 E.8322
G1 X109.844 Y102.885 E.86486
G1 X110.14 Y103.766 E.90135
G1 X110.251 Y104.592 E.93407
G1 X110.287 Y105.067 E.95277
G1 X110.25 Y105.624 E.97469
G1 X110.067 Y106.505 E1.01002
G1 X109.743 Y107.327 E1.04471
G1 X109.369 Y107.978 E1.07419
G1 X108.8 Y108.675 E1.10952
G1 X108.135 Y109.253 E1.14412
G1 X107.418 Y109.677 E1.17683
G1 X106.919 Y109.923 E1.19867
G1 X106.026 Y110.184 E1.2352
G1 X105.112 Y110.283 E1.2713
G1 X104.391 Y110.251 E1.29964
G1 X104.377 Y109.839 F7800
G1 F884.349
G1 X103.62 Y109.678 E1.33003
G1 X102.794 Y109.353 E1.36488
G1 X101.896 Y108.764 E1.40705
G1 X101.301 Y108.182 E1.43973
G1 X100.905 Y107.656 E1.46558
G1 X100.529 Y106.95 E1.49699
G1 X100.301 Y106.234 E1.52649
G1 X100.18 Y105.739 E1.5465
G1 X100.12 Y105.053 E1.57354
G1 X100.186 Y104.341 E1.60162
G1 X100.264 Y103.838 E1.62161
G1 X100.471 Y103.182 E1.64862
G1 X100.805 Y102.549 E1.67672
G1 X101.07 Y102.114 E1.69672
G1 X101.512 Y101.587 E1.72373
G1 X102.062 Y101.131 E1.75178
G1 X102.473 Y100.83 E1.77178
G1 X103.083 Y100.512 E1.79879
G1 X103.854 Y100.259 E1.83065
G1 X104.626 Y100.15 E1.86126
G1 X105.263 Y100.13 E1.88628
G1 X106.136 Y100.259 E1.92093
G1 X106.64 Y100.427 E1.94179
G1 X107.199 Y100.644 E1.96533
G1 X107.767 Y100.979 E1.99122
G1 X108.384 Y101.488 E2.02263
G1 X108.912 Y102.105 E2.05452
G1 X109.092 Y102.344 E2.06627
G1 X109.485 Y103.077 E2.09893
G1 X109.752 Y103.889 E2.13249
G1 X109.881 Y105.04 E2.17797
G1 X109.844 Y105.597 E2.19989
G1 X109.67 Y106.417 E2.2328
G1 X109.367 Y107.172 E2.26474
G1 X109.021 Y107.767 E2.29177
G1 X108.488 Y108.413 E2.32465
G1 X107.873 Y108.941 E2.35648
G1 X107.223 Y109.32 E2.38602
G1 X106.802 Y109.534 E2.40456
G1 X105.913 Y109.793 E2.44092
G1 X105.077 Y109.878 E2.47391
G1 X104.436 Y109.846 E2.49911
G1 X104.421 Y109.436 F7800
;TYPE:External perimeter
G1 F884.349
G1 X103.708 Y109.281 E2.52776
G1 X102.95 Y108.977 E2.55983
G1 X102.181 Y108.473 E2.59593
G1 X101.584 Y107.89 E2.62869
G1 X101.233 Y107.416 E2.65185
G1 X100.89 Y106.762 E2.68085
G1 X100.692 Y106.12 E2.70723
G1 X100.586 Y105.703 E2.72412
G1 X100.526 Y105.018 E2.75112
G1 X100.653 Y103.96 E2.79296
G1 X100.86 Y103.304 E2.81997
G1 X101.381 Y102.376 E2.86176
G1 X101.824 Y101.849 E2.88879
G1 X102.661 Y101.191 E2.93059
G1 X103.271 Y100.873 E2.9576
G1 X103.976 Y100.648 E2.98666
G1 X104.674 Y100.554 E3.01431
G1 X105.251 Y100.537 E3.03698
G1 X106.066 Y100.66 E3.06934
G1 X107.046 Y101.022 E3.11036
G1 X107.555 Y101.327 E3.13366
G1 X108.123 Y101.8 E3.16268
G1 X108.733 Y102.536 E3.20021
G1 X109.126 Y103.269 E3.23287
G1 X109.363 Y104.011 E3.26345
G1 X109.475 Y105.014 E3.30308
G1 X109.438 Y105.571 E3.325
G1 X109.273 Y106.329 E3.35546
G1 X108.991 Y107.016 E3.38462
G1 X108.673 Y107.555 E3.40919
G1 X108.176 Y108.151 E3.43966
G1 X107.611 Y108.629 E3.46872
G1 X107.027 Y108.963 E3.49514
G1 X106.688 Y109.143 E3.51021
G1 X105.799 Y109.402 E3.54657
G1 X105.041 Y109.472 E3.57646
G1 X104.48 Y109.441 E3.59852
G1 X104.088 Y109.363 F7800
G92 E0
G1 X96.858 Y110.701
;TYPE:Perimeter
G1 F884.349
G1 X96.381 Y109.99 E.03362
G1 X95.973 Y109.208 E.06825
G1 X95.641 Y108.406 E.10233
G1 X95.383 Y107.588 E.13601
G1 X95.128 Y106.311 E.18714
G1 X95.05 Y105.434 E.22171
G1 X95.05 Y104.566 E.25579
G1 X95.124 Y103.71 E.28953
G1 X95.377 Y102.434 E.34061
G1 X95.641 Y101.593 E.37522
G1 X95.973 Y100.791 E.4093
G1 X96.37 Y100.029 E.44304
G1 X97.092 Y98.947 E.49411
G1 X97.657 Y98.271 E.5287
G1 X98.271 Y97.657 E.56279
G1 X98.929 Y97.105 E.59651
G1 X100.01 Y96.381 E.6476
G1 X100.792 Y95.973 E.68223
G1 X101.594 Y95.641 E.71631
G1 X102.422 Y95.38 E.7504
G1 X103.27 Y95.191 E.78451
G1 X104.122 Y95.079 E.81825
G1 X105.423 Y95.05 E.86935
G1 X106.301 Y95.126 E.90395
G1 X107.145 Y95.274 E.93759
G1 X108.417 Y95.645 E.98962
G1 X109.209 Y95.973 E1.02328
M73 P54 R14
G1 X109.971 Y96.37 E1.05702
G1 X111.053 Y97.092 E1.10809
G1 X111.729 Y97.657 E1.14268
G1 X112.343 Y98.271 E1.17677
G1 X112.902 Y98.937 E1.21091
G1 X113.4 Y99.649 E1.24503
G1 X113.834 Y100.401 E1.27912
M73 Q54 S14
G1 X114.197 Y101.179 E1.31283
G1 X114.582 Y102.312 E1.35981
G1 X114.715 Y102.847 E1.38146
G1 X114.826 Y103.405 E1.4038
G1 X114.926 Y104.234 E1.43659
G1 X114.959 Y104.989 E1.46626
G1 X114.873 Y106.311 E1.51828
G1 X114.726 Y107.145 E1.55153
G1 X114.362 Y108.395 E1.60265
G1 X114.026 Y109.21 E1.63726
G1 X113.625 Y109.98 E1.67135
G1 X113.159 Y110.713 E1.70545
G1 X112.636 Y111.393 E1.73913
G1 X111.72 Y112.35 E1.79114
G1 X111.063 Y112.902 E1.82483
G1 X110.351 Y113.4 E1.85895
G1 X109.608 Y113.829 E1.89264
G1 X108.396 Y114.363 E1.94464
G1 X107.578 Y114.62 E1.97831
G1 X106.74 Y114.806 E2.01201
G1 X105.446 Y114.949 E2.06313
G1 X104.575 Y114.95 E2.09733
G1 X103.282 Y114.81 E2.1484
G1 X102.421 Y114.62 E2.18302
G1 X101.594 Y114.359 E2.21707
G1 X100.791 Y114.027 E2.25119
G1 X100.02 Y113.625 E2.28533
G1 X99.287 Y113.159 E2.31943
G1 X98.607 Y112.636 E2.35311
G1 X97.65 Y111.72 E2.40512
G1 X97.105 Y111.071 E2.4384
G1 X96.891 Y110.751 E2.45352
G1 X96.524 Y110.935 F7800
G1 F884.349
G1 X96.031 Y110.198 E2.48834
G1 X95.604 Y109.381 E2.52454
G1 X95.258 Y108.546 E2.56003
G1 X94.988 Y107.689 E2.59531
G1 X94.724 Y106.37 E2.64813
G1 X94.643 Y105.452 E2.68431
G1 X94.643 Y104.548 E2.71981
G1 X94.721 Y103.653 E2.75508
G1 X94.982 Y102.333 E2.80791
G1 X95.258 Y101.454 E2.84408
G1 X95.604 Y100.619 E2.87957
G1 X96.019 Y99.822 E2.91485
G1 X96.766 Y98.702 E2.96771
G1 X97.357 Y97.996 E3.00386
G1 X97.996 Y97.356 E3.03937
G1 X98.684 Y96.779 E3.07463
G1 X99.802 Y96.031 E3.12745
G1 X100.619 Y95.604 E3.16365
G1 X101.454 Y95.258 E3.19914
G1 X102.317 Y94.986 E3.23467
G1 X103.2 Y94.79 E3.27018
G1 X104.09 Y94.673 E3.30543
G1 X105.436 Y94.643 E3.35829
G1 X106.354 Y94.721 E3.39446
G1 X107.238 Y94.877 E3.42971
G1 X108.552 Y95.26 E3.48345
G1 X109.381 Y95.604 E3.51869
G1 X110.178 Y96.019 E3.55397
G1 X111.298 Y96.766 E3.60683
G1 X112.004 Y97.357 E3.64298
G1 X112.644 Y97.996 E3.67849
G1 X113.225 Y98.689 E3.714
G1 X113.744 Y99.43 E3.74952
G1 X114.196 Y100.213 E3.78502
G1 X114.575 Y101.027 E3.82028
G1 X114.967 Y102.181 E3.86813
G1 X115.112 Y102.758 E3.89149
G1 X115.23 Y103.352 E3.91527
G1 X115.333 Y104.217 E3.94947
G1 X115.367 Y104.994 E3.98001
G1 X115.277 Y106.36 E4.03376
G1 X115.123 Y107.238 E4.06876
G1 X114.747 Y108.53 E4.12159
G1 X114.396 Y109.382 E4.15777
G1 X113.978 Y110.184 E4.19328
G1 X113.492 Y110.946 E4.22877
G1 X112.946 Y111.659 E4.26403
G1 X111.999 Y112.648 E4.31779
G1 X111.311 Y113.225 E4.35305
G1 X110.57 Y113.744 E4.38857
G1 X109.793 Y114.193 E4.42381
G1 X108.539 Y114.744 E4.47759
G1 X107.683 Y115.014 E4.51283
G1 X106.806 Y115.208 E4.5481
G1 X105.469 Y115.356 E4.60092
G1 X104.554 Y115.357 E4.63685
G1 X103.216 Y115.212 E4.68969
G1 X102.316 Y115.014 E4.72587
G1 X101.454 Y114.742 E4.76136
G1 X100.619 Y114.396 E4.79685
G1 X99.816 Y113.978 E4.8324
G1 X99.054 Y113.492 E4.86789
G1 X98.341 Y112.946 E4.90315
G1 X97.352 Y111.999 E4.95691
G1 X96.779 Y111.316 E4.99192
G1 X96.557 Y110.985 E5.00757
G1 X96.191 Y111.168 F7800
;TYPE:External perimeter
G1 F884.349
G1 X95.68 Y110.406 E5.04359
G1 X95.235 Y109.553 E5.08137
G1 X94.875 Y108.685 E5.11827
G1 X94.593 Y107.791 E5.15508
G1 X94.321 Y106.428 E5.20965
G1 X94.235 Y105.47 E5.24742
G1 X94.235 Y104.53 E5.28433
G1 X94.317 Y103.596 E5.32114
G1 X94.587 Y102.232 E5.37574
G1 X94.875 Y101.315 E5.41348
G1 X95.235 Y100.446 E5.45041
G1 X95.668 Y99.614 E5.48724
G1 X96.439 Y98.458 E5.5418
G1 X97.056 Y97.721 E5.57954
G1 X97.721 Y97.056 E5.61647
G1 X98.439 Y96.453 E5.65329
G1 X99.594 Y95.68 E5.70786
G1 X100.447 Y95.235 E5.74564
G1 X101.315 Y94.875 E5.78254
G1 X102.211 Y94.592 E5.81943
G1 X103.129 Y94.389 E5.85635
G1 X104.059 Y94.266 E5.89318
G1 X105.448 Y94.235 E5.94773
G1 X106.407 Y94.317 E5.98552
G1 X107.33 Y94.48 E6.02232
G1 X108.687 Y94.876 E6.07782
G1 X109.554 Y95.235 E6.11467
G1 X110.386 Y95.668 E6.1515
G1 X111.542 Y96.439 E6.20606
G1 X112.279 Y97.056 E6.2438
G1 X112.944 Y97.721 E6.28073
G1 X113.548 Y98.441 E6.31763
G1 X114.087 Y99.211 E6.35453
G1 X114.557 Y100.025 E6.39144
G1 X114.954 Y100.875 E6.42828
G1 X115.353 Y102.051 E6.47704
G1 X115.509 Y102.67 E6.5021
G1 X115.633 Y103.299 E6.52727
G1 X115.74 Y104.199 E6.56286
G1 X115.775 Y104.998 E6.59426
G1 X115.682 Y106.409 E6.64978
G1 X115.52 Y107.33 E6.6865
G1 X115.132 Y108.665 E6.74109
G1 X114.765 Y109.554 E6.77885
G1 X114.331 Y110.387 E6.81573
G1 X113.826 Y111.18 E6.85264
G1 X113.255 Y111.924 E6.88946
G1 X112.278 Y112.945 E6.94495
G1 X111.559 Y113.548 E6.9818
G1 X110.789 Y114.087 E7.0187
G1 X109.977 Y114.556 E7.05552
G1 X108.683 Y115.126 E7.11104
G1 X107.789 Y115.408 E7.14785
G1 X106.873 Y115.611 E7.18469
G1 X105.491 Y115.763 E7.23928
G1 X104.532 Y115.765 E7.27693
G1 X103.15 Y115.614 E7.33152
G1 X102.211 Y115.408 E7.36927
G1 X101.315 Y115.125 E7.40616
G1 X100.446 Y114.765 E7.44309
G1 X99.613 Y114.331 E7.47997
G1 X98.82 Y113.826 E7.51688
G1 X98.076 Y113.255 E7.5537
G1 X97.055 Y112.278 E7.60919
G1 X96.453 Y111.561 E7.64595
G1 X96.224 Y111.218 E7.66214
G1 X96.001 Y110.886 F7800
G92 E0
G1 X100.555 Y113.464
;TYPE:Internal infill
;WIDTH:0.45
;HEIGHT:0.4
G1 F494.289
G1 X101.727 Y113.992 E.0903
G1 X102.521 Y114.242 E.14878
G1 X102.837 Y114.311 E.1715
G1 X104.369 Y114.314 E.27912
G92 E0
G1 X96.395 Y101.834 F7800
G1 F494.289
G1 X95.956 Y102.375 E.04894
G1 X95.669 Y102.971 E.09541
G1 X96.009 Y101.725 E.18614
G1 X96.328 Y100.956 E.24463
G1 X96.707 Y100.229 E.30222
G1 X97.396 Y99.195 E.38951
G1 X97.947 Y98.534 E.44996
G1 X99.164 Y97.418 E.56596
G1 X100.196 Y96.727 E.65321
G1 X100.723 Y96.45 E.69503
G1 X100.783 Y96.583 E.70528
G1 X100.92 Y96.553 E.71513
G1 X100.879 Y96.763 F7800
G1 F494.289
G1 X101.156 Y97.282 E.75646
;LAYER_CHANGE
;Z:6.75
;HEIGHT:0.2
G92 E0
G1 Z6.75 F7800
G1 X104.335 Y110.223
;TYPE:Perimeter
;WIDTH:0.449999
G1 F884.349
G1 X104.063 Y110.201 E.01071
G1 X103.071 Y109.921 E.05118
G1 X102.298 Y109.529 E.08521
G1 X101.872 Y109.247 E.10527
G1 X101.335 Y108.808 E.1325
G1 X100.793 Y108.178 E.16513
G1 X100.551 Y107.851 E.1811
G1 X100.156 Y107.114 E.21393
G1 X99.909 Y106.346 E.24561
G1 X99.78 Y105.831 E.26646
G1 X99.715 Y105.089 E.29571
G1 X99.773 Y104.243 E.32901
G1 X99.897 Y103.696 E.35103
G1 X100.077 Y103.08 E.37623
G1 X100.449 Y102.352 E.40833
G1 X100.721 Y101.896 E.42918
G1 X101.2 Y101.325 E.45844
G1 X101.808 Y100.812 E.48968
G1 X102.235 Y100.495 E.51056
G1 X102.895 Y100.151 E.53978
G1 X103.731 Y99.871 E.5744
G1 X104.58 Y99.745 E.6081
G1 X105.25 Y99.723 E.63442
G1 X106.243 Y99.865 E.67381
G1 X106.962 Y100.09 E.70339
G1 X107.939 Y100.609 E.74683
G1 X108.644 Y101.174 E.7823
G1 X109.228 Y101.848 E.81732
G1 X109.449 Y102.149 E.83198
G1 X109.843 Y102.885 E.86476
G1 X110.123 Y103.741 E.90012
G1 X110.202 Y104.068 E.91333
G1 X110.284 Y104.9 E.94616
G1 X110.25 Y105.624 E.97462
G1 X110.022 Y106.653 E1.016
G1 X109.73 Y107.359 E1.046
G1 X109.369 Y107.978 E1.07414
G1 X108.8 Y108.675 E1.10947
G1 X108.135 Y109.253 E1.14407
G1 X107.124 Y109.839 E1.18995
G1 X106.314 Y110.1 E1.22336
G1 X105.83 Y110.22 E1.24294
G1 X105.089 Y110.285 E1.27215
G1 X104.395 Y110.228 E1.29949
G1 X104.379 Y109.82 F7800
G1 F884.349
G1 X104.104 Y109.796 E1.31033
G1 X103.189 Y109.531 E1.34773
G1 X102.491 Y109.17 E1.37859
G1 X102.13 Y108.933 E1.39555
G1 X101.593 Y108.493 E1.42281
G1 X101.108 Y107.92 E1.45229
G1 X100.834 Y107.518 E1.47139
G1 X100.515 Y106.922 E1.49793
G1 X100.3 Y106.232 E1.52631
G1 X100.183 Y105.765 E1.54521
G1 X100.12 Y105.053 E1.57328
G1 X100.179 Y104.278 E1.6038
G1 X100.467 Y103.194 E1.64784
G1 X100.806 Y102.548 E1.67649
G1 X101.052 Y102.135 E1.69536
G1 X101.512 Y101.587 E1.72345
G1 X102.063 Y101.129 E1.75158
G1 X102.449 Y100.842 E1.77047
G1 X103.083 Y100.512 E1.79853
G1 X103.854 Y100.259 E1.83039
G1 X104.628 Y100.149 E1.86109
G1 X105.238 Y100.13 E1.88505
G1 X106.172 Y100.266 E1.92211
G1 X106.831 Y100.475 E1.94926
G1 X107.744 Y100.966 E1.98996
G1 X108.382 Y101.486 E2.02228
G1 X108.913 Y102.106 E2.05433
G1 X109.09 Y102.341 E2.06588
G1 X109.485 Y103.077 E2.09868
G1 X109.797 Y104.109 E2.14101
G1 X109.879 Y104.94 E2.1738
G1 X109.844 Y105.597 E2.19963
G1 X109.67 Y106.417 E2.23254
G1 X109.354 Y107.203 E2.2658
G1 X109.021 Y107.767 E2.29152
G1 X108.488 Y108.413 E2.3244
G1 X107.873 Y108.941 E2.35623
G1 X106.928 Y109.482 E2.39899
G1 X106.2 Y109.709 E2.42893
G1 X105.795 Y109.815 E2.44537
G1 X105.053 Y109.88 E2.47462
G1 X104.439 Y109.825 E2.49882
G1 X104.423 Y109.417 F7800
;TYPE:External perimeter
G1 F884.349
G1 X104.144 Y109.391 E2.50982
G1 X103.307 Y109.141 E2.54412
G1 X102.683 Y108.811 E2.57184
G1 X102.387 Y108.618 E2.58571
G1 X101.851 Y108.178 E2.61294
G1 X101.424 Y107.662 E2.63924
G1 X101.193 Y107.326 E2.65525
G1 X100.874 Y106.73 E2.68179
G1 X100.588 Y105.73 E2.72263
G1 X100.526 Y105.018 E2.75069
G1 X100.584 Y104.314 E2.77843
G1 X100.858 Y103.308 E2.81937
G1 X101.364 Y102.396 E2.86032
G1 X101.824 Y101.849 E2.88838
G1 X102.637 Y101.203 E2.92915
G1 X103.271 Y100.873 E2.95721
G1 X103.976 Y100.648 E2.98627
M73 P55 R14
G1 X104.676 Y100.553 E3.01401
G1 X105.225 Y100.537 E3.03558
G1 X106.102 Y100.667 E3.07039
G1 X106.7 Y100.861 E3.09507
G1 X107.548 Y101.322 E3.13297
G1 X108.121 Y101.798 E3.16222
G1 X108.731 Y102.533 E3.19972
G1 X109.126 Y103.269 E3.23252
G1 X109.343 Y103.976 E3.26156
M73 Q55 S14
G1 X109.441 Y104.649 E3.28826
G1 X109.475 Y105.014 E3.30265
G1 X109.438 Y105.571 E3.32457
G1 X109.273 Y106.329 E3.35503
G1 X108.978 Y107.047 E3.38551
G1 X108.673 Y107.555 E3.40878
G1 X108.176 Y108.151 E3.43925
G1 X107.611 Y108.629 E3.46831
G1 X106.732 Y109.125 E3.50794
G1 X105.759 Y109.409 E3.54774
G1 X105.018 Y109.474 E3.57695
G1 X104.483 Y109.423 E3.59805
G1 X104.087 Y109.365 F7800
G92 E0
G1 X96.844 Y110.683
;TYPE:Perimeter
G1 F884.349
G1 X96.397 Y110.016 E.03153
G1 X95.973 Y109.207 E.06739
G1 X95.641 Y108.406 E.10144
G1 X95.383 Y107.587 E.13516
G1 X95.132 Y106.342 E.18503
G1 X95.05 Y105.433 E.22087
G1 X95.05 Y104.566 E.25491
G1 X95.124 Y103.71 E.28865
G1 X95.37 Y102.463 E.33856
G1 X95.642 Y101.592 E.37439
G1 X95.973 Y100.791 E.40842
G1 X96.37 Y100.029 E.44216
G1 X97.074 Y98.971 E.49206
G1 X97.658 Y98.27 E.52788
G1 X98.271 Y97.657 E.56192
G1 X98.929 Y97.105 E.59564
G1 X99.984 Y96.397 E.64553
G1 X100.793 Y95.973 E.68139
G1 X101.594 Y95.641 E.71544
G1 X102.422 Y95.38 E.74953
G1 X103.27 Y95.191 E.78364
G1 X104.122 Y95.079 E.81738
G1 X105.392 Y95.049 E.86726
G1 X106.302 Y95.126 E.90312
G1 X107.156 Y95.276 E.93717
G1 X107.984 Y95.498 E.97083
G1 X109.21 Y95.975 E1.02248
G1 X110.315 Y96.579 E1.07193
G1 X111.065 Y97.1 E1.10779
G1 X111.729 Y97.657 E1.14182
G1 X112.343 Y98.271 E1.17591
G1 X112.902 Y98.937 E1.21005
G1 X113.4 Y99.649 E1.24417
G1 X113.834 Y100.401 E1.27826
G1 X114.197 Y101.179 E1.31197
G1 X114.623 Y102.433 E1.36397
G1 X114.843 Y103.532 E1.40798
G1 X114.926 Y104.234 E1.43574
G1 X114.959 Y104.989 E1.46541
G1 X114.873 Y106.311 E1.51743
G1 X114.724 Y107.156 E1.55112
G1 X114.502 Y107.984 E1.58478
G1 X114.022 Y109.219 E1.63681
G1 X113.625 Y109.98 E1.67051
G1 X113.159 Y110.713 E1.70461
G1 X112.636 Y111.393 E1.73829
G1 X111.72 Y112.35 E1.7903
G1 X111.063 Y112.902 E1.82399
G1 X110.36 Y113.394 E1.85768
G1 X109.199 Y114.031 E1.90968
G1 X108.406 Y114.359 E1.94338
G1 X107.578 Y114.62 E1.97747
G1 X106.74 Y114.806 E2.01117
G1 X105.423 Y114.95 E2.06319
G1 X104.576 Y114.95 E2.09645
G1 X103.312 Y114.814 E2.14637
G1 X102.42 Y114.62 E2.18221
G1 X101.594 Y114.359 E2.21622
G1 X100.791 Y114.027 E2.25034
G1 X100.019 Y113.625 E2.28452
G1 X99.383 Y113.221 E2.3141
G1 X98.944 Y112.907 E2.33529
G1 X98.271 Y112.343 E2.36977
G1 X97.657 Y111.729 E2.40386
G1 X97.105 Y111.071 E2.43758
G1 X96.878 Y110.732 E2.4536
G1 X96.516 Y110.923 F7800
G1 F884.349
G1 X96.047 Y110.224 E2.48665
G1 X95.604 Y109.38 E2.52408
G1 X95.258 Y108.546 E2.55953
G1 X94.988 Y107.689 E2.59481
G1 X94.729 Y106.4 E2.64643
G1 X94.643 Y105.451 E2.68384
G1 X94.643 Y104.548 E2.7193
G1 X94.721 Y103.653 E2.75457
G1 X94.975 Y102.363 E2.80619
G1 X95.258 Y101.453 E2.84361
G1 X95.604 Y100.619 E2.87906
G1 X96.019 Y99.822 E2.91434
G1 X96.747 Y98.727 E2.96597
G1 X97.357 Y97.995 E3.00338
G1 X97.996 Y97.356 E3.03886
G1 X98.684 Y96.779 E3.07412
G1 X99.776 Y96.047 E3.12574
G1 X100.62 Y95.604 E3.16317
G1 X101.454 Y95.258 E3.19862
G1 X102.317 Y94.986 E3.23415
G1 X103.2 Y94.79 E3.26966
G1 X104.091 Y94.673 E3.30495
G1 X105.405 Y94.642 E3.35656
G1 X106.354 Y94.722 E3.39395
G1 X107.244 Y94.878 E3.42943
G1 X108.111 Y95.111 E3.46468
G1 X109.382 Y95.605 E3.51822
G1 X110.529 Y96.232 E3.56955
G1 X111.312 Y96.776 E3.60699
G1 X112.004 Y97.356 E3.64244
G1 X112.644 Y97.996 E3.67798
G1 X113.225 Y98.689 E3.71349
G1 X113.744 Y99.43 E3.74901
G1 X114.196 Y100.213 E3.78451
G1 X114.575 Y101.027 E3.81977
G1 X115.016 Y102.323 E3.87352
G1 X115.247 Y103.479 E3.91981
G1 X115.333 Y104.216 E3.94894
G1 X115.367 Y104.994 E3.97952
G1 X115.277 Y106.36 E4.03327
G1 X115.122 Y107.244 E4.06851
G1 X114.889 Y108.111 E4.10376
G1 X114.393 Y109.387 E4.15751
G1 X113.978 Y110.184 E4.19279
G1 X113.492 Y110.946 E4.22828
G1 X112.946 Y111.659 E4.26354
G1 X111.999 Y112.648 E4.3173
G1 X111.311 Y113.225 E4.35256
G1 X110.576 Y113.74 E4.3878
G1 X109.375 Y114.399 E4.44159
G1 X108.546 Y114.742 E4.47682
G1 X107.683 Y115.014 E4.51235
G1 X106.807 Y115.208 E4.54758
G1 X105.446 Y115.357 E4.60134
G1 X104.554 Y115.357 E4.63636
G1 X103.247 Y115.217 E4.68797
G1 X102.316 Y115.014 E4.72538
G1 X101.454 Y114.742 E4.76087
G1 X100.619 Y114.396 E4.79636
G1 X99.816 Y113.978 E4.83191
G1 X99.165 Y113.565 E4.86218
G1 X98.693 Y113.228 E4.88495
G1 X97.996 Y112.644 E4.92065
G1 X97.356 Y112.004 E4.95619
G1 X96.779 Y111.316 E4.99145
G1 X96.549 Y110.973 E5.00767
G1 X96.187 Y111.164 F7800
;TYPE:External perimeter
G1 F884.349
G1 X95.696 Y110.433 E5.04225
G1 X95.235 Y109.553 E5.08126
G1 X94.875 Y108.685 E5.11816
G1 X94.593 Y107.79 E5.155
G1 X94.326 Y106.459 E5.2083
G1 X94.235 Y105.47 E5.2473
G1 X94.235 Y104.53 E5.28421
G1 X94.317 Y103.595 E5.32106
G1 X94.58 Y102.263 E5.37437
G1 X94.875 Y101.314 E5.41339
G1 X95.235 Y100.446 E5.45029
G1 X95.668 Y99.614 E5.48712
G1 X96.42 Y98.484 E5.54042
G1 X97.056 Y97.72 E5.57945
G1 X97.721 Y97.056 E5.61635
G1 X98.439 Y96.453 E5.65317
G1 X99.567 Y95.696 E5.70651
G1 X100.447 Y95.235 E5.74552
G1 X101.315 Y94.875 E5.78242
G1 X102.211 Y94.592 E5.81931
G1 X103.129 Y94.389 E5.85623
G1 X104.059 Y94.266 E5.89306
G1 X105.417 Y94.234 E5.9464
G1 X106.407 Y94.317 E5.98541
G1 X107.332 Y94.481 E6.0223
G1 X108.238 Y94.723 E6.05912
G1 X109.554 Y95.235 E6.11457
G1 X110.744 Y95.885 E6.16781
G1 X111.56 Y96.452 E6.20683
G1 X112.279 Y97.056 E6.2437
G1 X112.944 Y97.721 E6.28063
G1 X113.548 Y98.441 E6.31753
G1 X114.087 Y99.211 E6.35443
G1 X114.557 Y100.025 E6.39134
G1 X114.954 Y100.875 E6.42818
G1 X115.408 Y102.213 E6.48366
G1 X115.65 Y103.426 E6.53223
G1 X115.74 Y104.199 E6.56279
G1 X115.775 Y104.998 E6.59419
G1 X115.682 Y106.409 E6.64971
G1 X115.519 Y107.332 E6.68651
G1 X115.277 Y108.238 E6.72333
G1 X114.764 Y109.556 E6.77886
G1 X114.331 Y110.387 E6.81565
G1 X113.826 Y111.18 E6.85256
G1 X113.255 Y111.924 E6.88938
G1 X112.278 Y112.945 E6.94487
G1 X111.559 Y113.548 E6.98172
G1 X110.791 Y114.086 E7.01854
G1 X109.552 Y114.766 E7.07403
G1 X108.685 Y115.125 E7.11088
G1 X107.789 Y115.408 E7.14777
G1 X106.873 Y115.611 E7.18461
G1 X105.468 Y115.765 E7.24011
G1 X104.532 Y115.765 E7.27686
G1 X103.182 Y115.619 E7.33018
G1 X102.211 Y115.408 E7.3692
G1 X101.315 Y115.125 E7.40609
G1 X100.446 Y114.765 E7.44302
G1 X99.612 Y114.331 E7.47994
G1 X98.864 Y113.856 E7.51473
G1 X98.442 Y113.549 E7.53522
G1 X97.721 Y112.944 E7.57218
G1 X97.056 Y112.279 E7.60911
G1 X96.453 Y111.561 E7.64593
G1 X96.221 Y111.214 E7.66232
G1 X95.998 Y110.882 F7800
;LAYER_CHANGE
;Z:6.95
;HEIGHT:0.2
G92 E0
G1 Z6.95 F7800
G1 X104.334 Y110.228
;TYPE:Perimeter
G1 F884.349
G1 X104.192 Y110.222 E.00558
G1 X103.6 Y110.084 E.02945
G1 X103.089 Y109.927 E.05044
G1 X102.254 Y109.515 E.087
G1 X101.789 Y109.182 E.10946
G1 X101.349 Y108.82 E.13183
G1 X100.736 Y108.121 E.16833
G1 X100.446 Y107.659 E.18975
G1 X100.188 Y107.195 E.2106
G1 X99.918 Y106.453 E.2416
G1 X99.767 Y105.756 E.2696
G1 X99.716 Y104.858 E.30492
G1 X99.868 Y103.74 E.34922
G1 X100.172 Y102.847 E.38626
G1 X100.433 Y102.347 E.40841
G1 X100.839 Y101.761 E.4364
G1 X101.18 Y101.349 E.4574
G1 X101.879 Y100.736 E.4939
G1 X102.62 Y100.286 E.52794
G1 X103.185 Y100.057 E.55188
G1 X103.748 Y99.866 E.57522
G1 X104.583 Y99.744 E.60835
G1 X104.982 Y99.716 E.62406
G1 X105.818 Y99.779 E.65698
G1 X106.65 Y99.983 E.69062
G1 X107.184 Y100.208 E.71337
G1 X107.745 Y100.485 E.73794
G1 X108.506 Y101.044 E.77502
G1 X109.264 Y101.879 E.8193
G1 X109.714 Y102.62 E.85334
G1 X109.967 Y103.231 E.87931
G1 X110.132 Y103.74 E.90032
G1 X110.273 Y104.659 E.93683
G1 X110.222 Y105.808 E.98199
G1 X109.997 Y106.725 E1.01906
G1 X109.515 Y107.745 E1.06336
G1 X109.003 Y108.445 E1.09741
G1 X108.568 Y108.872 E1.12134
G1 X108.121 Y109.264 E1.14468
G1 X107.38 Y109.714 E1.17872
G1 X106.769 Y109.967 E1.20469
G1 X106.26 Y110.132 E1.2257
G1 X105.341 Y110.273 E1.26221
G1 X104.394 Y110.231 E1.29943
G1 X104.378 Y109.824 F7800
G1 F884.349
G1 X104.218 Y109.816 E1.30572
G1 X103.269 Y109.561 E1.3443
G1 X102.435 Y109.15 E1.38081
G1 X101.823 Y108.696 E1.41073
G1 X101.434 Y108.3 E1.43253
G1 X101.042 Y107.853 E1.45587
G1 X100.6 Y107.111 E1.48978
G1 X100.3 Y106.314 E1.52322
G1 X100.166 Y105.677 E1.54878
G1 X100.123 Y104.84 E1.58169
G1 X100.271 Y103.802 E1.62286
G1 X100.555 Y102.986 E1.65678
G1 X100.79 Y102.542 E1.6765
G1 X101.162 Y102.009 E1.70202
G1 X101.448 Y101.655 E1.71989
G1 X102.152 Y101.038 E1.75665
G1 X102.823 Y100.638 E1.78732
G1 X103.316 Y100.443 E1.80814
G1 X103.885 Y100.25 E1.83173
G1 X104.631 Y100.148 E1.86129
G1 X105.128 Y100.135 E1.88081
G1 X105.788 Y100.185 E1.9068
G1 X106.545 Y100.377 E1.93746
G1 X107.565 Y100.85 E1.98161
G1 X108.258 Y101.366 E2.01553
G1 X108.958 Y102.147 E2.05671
G1 X109.362 Y102.823 E2.08763
G1 X109.585 Y103.37 E2.11082
G1 X109.729 Y103.802 E2.1287
G1 X109.872 Y104.727 E2.16545
G1 X109.816 Y105.782 E2.20693
G1 X109.604 Y106.619 E2.24083
G1 X109.15 Y107.565 E2.28203
G1 X108.68 Y108.197 E2.31296
G1 X108.3 Y108.566 E2.33376
G1 X107.848 Y108.962 E2.35736
G1 X107.177 Y109.362 E2.38803
G1 X106.63 Y109.585 E2.41122
G1 X106.198 Y109.729 E2.4291
G1 X105.279 Y109.871 E2.46561
G1 X104.438 Y109.827 E2.49868
G1 X104.423 Y109.42 F7800
;TYPE:External perimeter
G1 F884.349
G1 X104.245 Y109.41 E2.50568
G1 X103.486 Y109.21 E2.5365
G1 X102.615 Y108.785 E2.57455
M73 P56 R14
G1 X102.071 Y108.373 E2.60134
G1 X101.348 Y107.584 E2.64336
G1 X100.952 Y106.907 E2.67416
G1 X100.683 Y106.175 E2.70478
G1 X100.565 Y105.597 E2.72794
G1 X100.529 Y104.822 E2.7584
G1 X100.673 Y103.864 E2.79644
G1 X100.938 Y103.125 E2.82727
M73 Q56 S14
G1 X101.219 Y102.607 E2.85041
G1 X101.689 Y101.99 E2.88086
G1 X102.416 Y101.348 E2.91894
G1 X103.027 Y100.991 E2.94673
G1 X104.01 Y100.637 E2.98775
G1 X104.679 Y100.553 E3.01422
G1 X105.097 Y100.541 E3.03064
G1 X105.757 Y100.59 E3.05663
G1 X106.44 Y100.77 E3.08436
G1 X107.385 Y101.215 E3.12537
G1 X108.01 Y101.689 E3.15617
G1 X108.652 Y102.416 E3.19425
G1 X109.009 Y103.027 E3.22204
G1 X109.327 Y103.864 E3.2572
G1 X109.469 Y104.785 E3.29379
G1 X109.41 Y105.755 E3.33195
G1 X109.21 Y106.514 E3.36277
G1 X108.785 Y107.385 E3.40082
G1 X108.357 Y107.949 E3.42862
G1 X107.584 Y108.652 E3.46965
G1 X106.973 Y109.009 E3.49744
G1 X106.136 Y109.327 E3.5326
G1 X105.217 Y109.469 E3.56911
G1 X104.483 Y109.424 E3.59798
G1 X104.087 Y109.362 F7800
G92 E0
G1 X96.835 Y110.689
;TYPE:Perimeter
G1 F884.349
G1 X96.681 Y110.47 E.01051
G1 X96.378 Y109.987 E.0329
G1 X95.973 Y109.209 E.06734
G1 X95.641 Y108.406 E.10146
G1 X95.382 Y107.587 E.13519
G1 X95.154 Y106.455 E.18053
G1 X95.08 Y105.887 E.20302
G1 X95.051 Y104.554 E.25537
G1 X95.125 Y103.709 E.28868
G1 X95.347 Y102.577 E.33397
G1 X95.495 Y102.023 E.35649
G1 X95.978 Y100.781 E.40881
G1 X96.369 Y100.03 E.44205
G1 X97.105 Y98.928 E.49408
G1 X97.657 Y98.271 E.52777
G1 X98.271 Y97.657 E.56186
G1 X98.937 Y97.098 E.596
G1 X99.649 Y96.6 E.63012
G1 X100.392 Y96.171 E.66381
G1 X101.604 Y95.637 E.71581
G1 X102.422 Y95.38 E.74948
G1 X103.27 Y95.191 E.78359
G1 X104.123 Y95.079 E.81737
G1 X105.276 Y95.051 E.86266
G1 X105.849 Y95.076 E.88518
G1 X107.166 Y95.279 E.9375
G1 X107.984 Y95.498 E.97075
G1 X109.21 Y95.975 E1.0224
G1 X110.214 Y96.522 E1.06729
G1 X110.697 Y96.831 E1.0898
G1 X111.737 Y97.665 E1.14214
G1 X112.343 Y98.271 E1.17579
G1 X112.902 Y98.937 E1.20993
G1 X113.4 Y99.649 E1.24405
G1 X113.829 Y100.392 E1.27774
G1 X114.363 Y101.604 E1.32974
G1 X114.59 Y102.325 E1.35942
G1 X114.822 Y103.372 E1.40153
G1 X114.926 Y104.234 E1.43562
G1 X114.959 Y104.989 E1.46529
G1 X114.873 Y106.311 E1.51731
M73 P56 R13
G1 X114.725 Y107.146 E1.55061
G1 X114.406 Y108.256 E1.59596
G1 X114.209 Y108.794 E1.61846
G1 X113.62 Y109.989 E1.67077
G1 X113.159 Y110.713 E1.70447
G1 X112.636 Y111.393 E1.73815
G1 X111.72 Y112.35 E1.79016
G1 X111.063 Y112.902 E1.82385
G1 X110.351 Y113.4 E1.85797
G1 X109.608 Y113.829 E1.89166
G1 X108.396 Y114.363 E1.94366
G1 X107.578 Y114.62 E1.97733
G1 X106.739 Y114.806 E2.01107
G1 X105.592 Y114.935 E2.05639
G1 X105.019 Y114.96 E2.07891
G1 X103.7 Y114.873 E2.13081
G1 X102.412 Y114.617 E2.18237
G1 X101.594 Y114.359 E2.21605
G1 X100.791 Y114.027 E2.25017
G1 X100.028 Y113.63 E2.28394
G1 X99.067 Y112.991 E2.32925
G1 X98.612 Y112.642 E2.35177
G1 X97.65 Y111.72 E2.40409
G1 X97.098 Y111.062 E2.43781
G1 X96.87 Y110.738 E2.45337
G1 X96.507 Y110.93 F7800
G1 F884.349
G1 X96.3 Y110.635 E2.46752
G1 X96.024 Y110.188 E2.48815
G1 X95.604 Y109.381 E2.52387
G1 X95.258 Y108.546 E2.55936
G1 X94.988 Y107.689 E2.59464
G1 X94.732 Y106.424 E2.64532
G1 X94.673 Y105.915 E2.66544
G1 X94.643 Y104.541 E2.7194
G1 X94.721 Y103.652 E2.75444
M73 Q56 S13
G1 X94.969 Y102.386 E2.80509
G1 X95.109 Y101.893 E2.82521
G1 X95.607 Y100.613 E2.87914
G1 X96.019 Y99.822 E2.91416
G1 X96.779 Y98.684 E2.96789
G1 X97.356 Y97.996 E3.00315
G1 X97.996 Y97.356 E3.03869
G1 X98.689 Y96.775 E3.0742
G1 X99.43 Y96.256 E3.10972
G1 X100.207 Y95.807 E3.14496
G1 X101.461 Y95.256 E3.19874
G1 X102.317 Y94.986 E3.23398
G1 X103.2 Y94.79 E3.26949
G1 X104.091 Y94.673 E3.30478
G1 X105.381 Y94.641 E3.35545
G1 X105.892 Y94.671 E3.37555
G1 X107.25 Y94.88 E3.4295
G1 X108.111 Y95.111 E3.4645
G1 X109.382 Y95.605 E3.51804
G1 X110.509 Y96.219 E3.56843
G1 X110.937 Y96.501 E3.58856
G1 X112.009 Y97.361 E3.64252
G1 X112.644 Y97.996 E3.67778
G1 X113.225 Y98.689 E3.71329
G1 X113.744 Y99.43 E3.74881
G1 X114.193 Y100.207 E3.78405
G1 X114.744 Y101.461 E3.83783
G1 X114.978 Y102.203 E3.86838
G1 X115.226 Y103.319 E3.91327
G1 X115.333 Y104.216 E3.94874
G1 X115.367 Y104.994 E3.97932
G1 X115.277 Y106.36 E4.03307
G1 X115.123 Y107.238 E4.06807
G1 X114.765 Y108.478 E4.11875
G1 X114.582 Y108.957 E4.13888
G1 X113.975 Y110.189 E4.19281
G1 X113.492 Y110.946 E4.22807
G1 X112.946 Y111.659 E4.26333
G1 X111.999 Y112.648 E4.31709
G1 X111.311 Y113.225 E4.35235
G1 X110.57 Y113.744 E4.38787
G1 X109.793 Y114.193 E4.42311
G1 X108.539 Y114.744 E4.47689
G1 X107.683 Y115.014 E4.51213
G1 X106.806 Y115.209 E4.54741
G1 X105.523 Y115.353 E4.5981
G1 X105.011 Y115.367 E4.61821
G1 X103.647 Y115.278 E4.67188
G1 X102.31 Y115.012 E4.72541
G1 X101.454 Y114.742 E4.76065
G1 X100.619 Y114.396 E4.79614
G1 X99.821 Y113.981 E4.83146
G1 X98.746 Y113.267 E4.88213
G1 X98.345 Y112.949 E4.90223
G1 X97.352 Y111.999 E4.95619
G1 X96.775 Y111.311 E4.99145
G1 X96.541 Y110.979 E5.0074
G1 X96.178 Y111.171 F7800
;TYPE:External perimeter
G1 F884.349
G1 X95.96 Y110.86 E5.02231
G1 X95.67 Y110.389 E5.04403
G1 X95.235 Y109.554 E5.081
G1 X94.875 Y108.685 E5.11793
G1 X94.593 Y107.79 E5.15477
G1 X94.33 Y106.488 E5.20693
G1 X94.267 Y105.943 E5.22847
G1 X94.236 Y104.528 E5.28404
G1 X94.317 Y103.595 E5.32081
G1 X94.573 Y102.291 E5.37299
G1 X94.723 Y101.764 E5.3945
G1 X95.236 Y100.444 E5.45011
G1 X95.668 Y99.614 E5.48685
G1 X96.453 Y98.439 E5.54233
G1 X97.056 Y97.721 E5.57915
G1 X97.721 Y97.056 E5.61608
G1 X98.441 Y96.452 E5.65298
G1 X99.211 Y95.913 E5.68988
G1 X100.023 Y95.444 E5.7267
G1 X101.317 Y94.874 E5.78222
G1 X102.211 Y94.592 E5.81903
G1 X103.129 Y94.389 E5.85595
G1 X104.059 Y94.266 E5.89278
G1 X105.388 Y94.234 E5.94498
G1 X105.935 Y94.266 E5.96649
G1 X107.334 Y94.481 E6.02207
G1 X108.238 Y94.723 E6.05882
G1 X109.554 Y95.235 E6.11427
G1 X110.719 Y95.87 E6.16637
G1 X111.177 Y96.172 E6.18791
G1 X112.281 Y97.058 E6.24349
G1 X112.944 Y97.721 E6.28031
G1 X113.548 Y98.441 E6.31721
G1 X114.087 Y99.211 E6.35411
G1 X114.556 Y100.023 E6.39093
G1 X115.126 Y101.317 E6.44645
G1 X115.408 Y102.211 E6.48326
G1 X115.629 Y103.266 E6.52558
G1 X115.74 Y104.198 E6.56243
G1 X115.775 Y104.998 E6.59387
G1 X115.682 Y106.409 E6.64939
G1 X115.52 Y107.33 E6.68611
G1 X115.151 Y108.607 E6.7383
G1 X114.956 Y109.12 E6.75985
G1 X114.33 Y110.389 E6.81541
G1 X113.826 Y111.18 E6.85224
G1 X113.255 Y111.924 E6.88906
G1 X112.278 Y112.945 E6.94455
G1 X111.559 Y113.548 E6.9814
G1 X110.789 Y114.087 E7.0183
G1 X109.977 Y114.556 E7.05512
G1 X108.683 Y115.126 E7.11064
G1 X107.789 Y115.408 E7.14745
G1 X106.873 Y115.611 E7.18429
G1 X105.552 Y115.759 E7.23648
G1 X105.004 Y115.775 E7.25801
G1 X103.593 Y115.682 E7.31353
G1 X102.209 Y115.407 E7.36893
G1 X101.315 Y115.125 E7.40574
G1 X100.446 Y114.765 E7.44267
G1 X99.614 Y114.332 E7.4795
G1 X98.507 Y113.597 E7.53167
G1 X98.077 Y113.256 E7.55322
G1 X97.055 Y112.278 E7.60876
G1 X96.452 Y111.559 E7.64561
G1 X96.213 Y111.22 E7.6619
G1 X95.984 Y110.892 F7800
G92 E0
G1 X100.202 Y113.376
;TYPE:Internal infill
;WIDTH:0.45
;HEIGHT:0.4
G1 F494.289
G1 X100.92 Y113.75 E.05687
G1 X102.453 Y114.31 E.17152
G1 X104.769 Y114.315 E.33422
G92 E0
G1 X96.568 Y101.474 F7800
G1 F494.289
G1 X95.827 Y103.384 E.14392
G1 X95.512 Y103.322 E.16647
G1 X95.667 Y102.539 E.22254
G1 X96.257 Y100.907 E.34445
G1 X96.633 Y100.186 E.40157
G1 X97.333 Y99.137 E.49016
G1 X97.884 Y98.476 E.55061
G1 X99.113 Y97.349 E.66775
G1 X100.049 Y96.721 E.74693
G1 X100.689 Y96.374 E.79807
G1 X100.782 Y96.583 E.81414
G1 X101.311 Y96.469 E.85216
G1 X100.878 Y96.763 F7800
G1 F494.289
G1 X101.344 Y97.635 E.92162
;LAYER_CHANGE
;Z:7.15
;HEIGHT:0.2
G92 E0
G1 Z7.15 F7800
G1 X104.334 Y110.229
;TYPE:Perimeter
;WIDTH:0.449999
G1 F884.349
G1 X104.192 Y110.222 E.00558
G1 X103.635 Y110.093 E.02803
G1 X103.149 Y109.954 E.04788
G1 X102.255 Y109.515 E.08699
G1 X101.808 Y109.197 E.10853
G1 X101.395 Y108.869 E.12924
G1 X100.736 Y108.121 E.16838
G1 X100.297 Y107.399 E.20156
G1 X100.033 Y106.769 E.22838
G1 X99.868 Y106.26 E.24939
G1 X99.727 Y105.341 E.2859
G1 X99.762 Y104.298 E.32688
G1 X99.927 Y103.572 E.35611
G1 X100.073 Y103.089 E.37592
G1 X100.485 Y102.255 E.41244
G1 X100.839 Y101.761 E.4363
G1 X101.163 Y101.364 E.45642
G1 X101.712 Y100.861 E.48566
G1 X102.664 Y100.26 E.52987
G1 X103.185 Y100.057 E.55182
G1 X103.748 Y99.866 E.57516
G1 X104.585 Y99.744 E.60837
G1 X105.132 Y99.727 E.62986
G1 X105.818 Y99.779 E.65687
G1 X106.725 Y100.003 E.69355
G1 X107.481 Y100.355 E.72629
M73 P57 R13
G1 X107.915 Y100.59 E.74567
G1 X108.505 Y101.044 E.7749
G1 X109.264 Y101.879 E.81921
G1 X109.733 Y102.651 E.85468
G1 X110.082 Y103.547 E.89244
G1 X110.211 Y104.133 E.916
G1 X110.272 Y105.038 E.95162
M73 Q57 S13
G1 X110.266 Y105.44 E.96741
G1 X110.13 Y106.27 E1.00043
G1 X109.828 Y107.153 E1.03707
G1 X109.306 Y108.07 E1.0785
G1 X108.943 Y108.523 E1.10129
G1 X108.121 Y109.264 E1.14474
G1 X107.314 Y109.753 E1.18179
G1 X106.252 Y110.134 E1.22609
G1 X105.319 Y110.276 E1.26315
G1 X104.394 Y110.232 E1.29951
G1 X104.378 Y109.825 F7800
G1 F884.349
G1 X104.218 Y109.816 E1.3058
G1 X103.381 Y109.604 E1.3397
G1 X102.435 Y109.15 E1.3809
G1 X101.742 Y108.634 E1.41482
G1 X101.042 Y107.853 E1.456
G1 X100.649 Y107.196 E1.48606
G1 X100.415 Y106.63 E1.51011
G1 X100.27 Y106.198 E1.528
G1 X100.129 Y105.279 E1.56451
G1 X100.169 Y104.32 E1.6022
G1 X100.322 Y103.673 E1.6283
G1 X100.439 Y103.269 E1.64481
G1 X100.85 Y102.435 E1.68132
G1 X101.438 Y101.664 E1.71939
G1 X101.987 Y101.161 E1.74863
G1 X102.875 Y100.608 E1.78971
G1 X103.879 Y100.252 E1.83154
G1 X104.634 Y100.148 E1.86146
G1 X105.102 Y100.133 E1.87985
G1 X105.787 Y100.185 E1.90682
G1 X106.619 Y100.396 E1.94052
G1 X107.667 Y100.913 E1.9864
G1 X108.258 Y101.366 E2.01564
G1 X108.958 Y102.147 E2.05682
G1 X109.38 Y102.855 E2.08918
G1 X109.7 Y103.686 E2.12414
G1 X109.812 Y104.212 E2.14526
G1 X109.865 Y105.051 E2.17827
G1 X109.864 Y105.374 E2.19095
G1 X109.729 Y106.204 E2.22397
G1 X109.445 Y107.014 E2.25767
G1 X109.028 Y107.756 E2.29109
G1 X108.719 Y108.151 E2.31078
G1 X108.3 Y108.566 E2.33394
G1 X107.848 Y108.962 E2.35754
G1 X107.11 Y109.4 E2.39124
G1 X106.121 Y109.748 E2.43241
G1 X105.266 Y109.873 E2.46634
G1 X104.438 Y109.828 E2.4989
G1 X104.423 Y109.421 F7800
;TYPE:External perimeter
G1 F884.349
G1 X104.245 Y109.41 E2.5059
G1 X103.486 Y109.21 E2.53672
G1 X102.615 Y108.785 E2.57477
G1 X101.99 Y108.311 E2.60557
G1 X101.348 Y107.584 E2.64365
G1 X101.002 Y106.992 E2.67057
G1 X100.673 Y106.136 E2.70658
G1 X100.531 Y105.217 E2.74309
G1 X100.575 Y104.343 E2.77745
G1 X100.804 Y103.449 E2.81369
G1 X101.215 Y102.615 E2.8502
G1 X101.689 Y101.99 E2.881
G1 X102.262 Y101.461 E2.91162
G1 X103.086 Y100.956 E2.94957
G1 X104.01 Y100.637 E2.98795
G1 X104.682 Y100.552 E3.01455
G1 X105.072 Y100.539 E3.02987
G1 X105.757 Y100.59 E3.05684
G1 X106.514 Y100.79 E3.08758
G1 X107.419 Y101.236 E3.1272
G1 X108.01 Y101.689 E3.15644
G1 X108.652 Y102.416 E3.19452
G1 X109.028 Y103.058 E3.22373
G1 X109.317 Y103.825 E3.25591
G1 X109.435 Y104.403 E3.27907
G1 X109.458 Y105.064 E3.30504
G1 X109.428 Y105.521 E3.32302
G1 X109.327 Y106.138 E3.34757
G1 X109.063 Y106.875 E3.37831
G1 X108.675 Y107.552 E3.40895
G1 X108.308 Y108.013 E3.43209
G1 X107.584 Y108.652 E3.47001
G1 X106.907 Y109.048 E3.50081
G1 X105.99 Y109.363 E3.53888
G1 X105.213 Y109.469 E3.56967
G1 X104.483 Y109.424 E3.59839
G1 X104.087 Y109.362 F7800
G92 E0
G1 X96.843 Y110.683
;TYPE:Perimeter
G1 F884.349
G1 X96.422 Y110.058 E.02959
G1 X96.174 Y109.615 E.04952
G1 X95.637 Y108.396 E.10182
G1 X95.38 Y107.578 E.13549
G1 X95.193 Y106.738 E.16928
G1 X95.056 Y105.525 E.21721
G1 X95.04 Y105.018 E.23713
G1 X95.127 Y103.7 E.28899
G1 X95.383 Y102.412 E.34055
G1 X95.641 Y101.594 E.37423
G1 X95.973 Y100.791 E.40835
G1 X96.369 Y100.03 E.44203
G1 X97.105 Y98.928 E.49406
G1 X97.657 Y98.271 E.52775
G1 X98.271 Y97.657 E.56184
G1 X98.937 Y97.098 E.59598
G1 X99.649 Y96.6 E.6301
G1 X100.392 Y96.171 E.66379
G1 X101.604 Y95.637 E.71579
G1 X102.422 Y95.38 E.74946
G1 X103.27 Y95.191 E.78357
G1 X104.123 Y95.079 E.81735
G1 X105.344 Y95.048 E.86531
G1 X105.85 Y95.077 E.88521
G1 X107.158 Y95.278 E.93717
G1 X108.32 Y95.612 E.98464
G1 X108.806 Y95.795 E1.00503
G1 X109.6 Y96.166 E1.03944
G1 X110.264 Y96.547 E1.0695
G1 X110.698 Y96.831 E1.08987
G1 X111.737 Y97.665 E1.14218
G1 X112.343 Y98.271 E1.17583
G1 X112.902 Y98.937 E1.20997
G1 X113.4 Y99.649 E1.24409
G1 X113.834 Y100.401 E1.27818
G1 X114.197 Y101.179 E1.31189
G1 X114.623 Y102.433 E1.36389
G1 X114.786 Y103.171 E1.39357
G1 X114.926 Y104.234 E1.43567
G1 X114.959 Y104.989 E1.46534
G1 X114.873 Y106.311 E1.51736
G1 X114.724 Y107.156 E1.55105
G1 X114.502 Y107.984 E1.58471
G1 X114.022 Y109.219 E1.63674
G1 X113.625 Y109.98 E1.67044
G1 X113.159 Y110.713 E1.70454
G1 X112.636 Y111.393 E1.73822
G1 X111.72 Y112.35 E1.79023
G1 X111.063 Y112.902 E1.82392
G1 X110.36 Y113.394 E1.85761
G1 X109.199 Y114.031 E1.90961
G1 X108.406 Y114.359 E1.94331
G1 X107.578 Y114.62 E1.9774
G1 X106.738 Y114.807 E2.01119
G1 X105.525 Y114.944 E2.05912
G1 X105.016 Y114.96 E2.07912
G1 X103.79 Y114.884 E2.12735
G1 X103.277 Y114.81 E2.1477
G1 X102.422 Y114.62 E2.18209
G1 X101.594 Y114.359 E2.21618
G1 X100.791 Y114.027 E2.2503
G1 X100.019 Y113.625 E2.28448
G1 X99.372 Y113.216 E2.31453
G1 X98.942 Y112.906 E2.33534
G1 X98.271 Y112.343 E2.36973
G1 X97.657 Y111.729 E2.40382
G1 X97.104 Y111.07 E2.4376
G1 X96.877 Y110.733 E2.45355
G1 X96.515 Y110.924 F7800
G1 F884.349
G1 X96.075 Y110.271 E2.48447
G1 X95.809 Y109.796 E2.50585
G1 X95.256 Y108.539 E2.55977
G1 X94.986 Y107.683 E2.59501
G1 X94.791 Y106.805 E2.63032
G1 X94.649 Y105.554 E2.67976
G1 X94.633 Y105.011 E2.70109
G1 X94.722 Y103.647 E2.75476
G1 X94.988 Y102.31 E2.80829
G1 X95.258 Y101.454 E2.84353
G1 X95.604 Y100.619 E2.87902
G1 X96.019 Y99.822 E2.9143
G1 X96.779 Y98.684 E2.96803
G1 X97.356 Y97.996 E3.00329
G1 X97.996 Y97.356 E3.03883
G1 X98.689 Y96.775 E3.07434
G1 X99.43 Y96.256 E3.10986
G1 X100.207 Y95.807 E3.1451
G1 X101.461 Y95.256 E3.19888
G1 X102.317 Y94.986 E3.23412
G1 X103.2 Y94.79 E3.26963
G1 X104.091 Y94.673 E3.30492
G1 X105.35 Y94.64 E3.35437
G1 X105.893 Y94.671 E3.37573
G1 X107.245 Y94.879 E3.42944
G1 X108.449 Y95.225 E3.47863
G1 X108.964 Y95.42 E3.50025
G1 X109.788 Y95.804 E3.53594
G1 X110.477 Y96.199 E3.56712
G1 X110.938 Y96.502 E3.58878
G1 X112.009 Y97.361 E3.64269
G1 X112.644 Y97.996 E3.67795
G1 X113.225 Y98.689 E3.71346
G1 X113.744 Y99.43 E3.74898
G1 X114.196 Y100.213 E3.78448
G1 X114.575 Y101.027 E3.81974
G1 X115.016 Y102.323 E3.87349
G1 X115.184 Y103.083 E3.90405
G1 X115.333 Y104.216 E3.94892
G1 X115.367 Y104.994 E3.9795
G1 X115.277 Y106.36 E4.03325
G1 X115.122 Y107.244 E4.06849
G1 X114.889 Y108.111 E4.10374
G1 X114.393 Y109.387 E4.15749
G1 X113.978 Y110.184 E4.19277
G1 X113.492 Y110.946 E4.22826
G1 X112.946 Y111.659 E4.26352
G1 X111.999 Y112.648 E4.31728
G1 X111.311 Y113.225 E4.35254
G1 X110.576 Y113.74 E4.38778
G1 X109.375 Y114.399 E4.44157
G1 X108.546 Y114.742 E4.4768
G1 X107.683 Y115.014 E4.51233
G1 X106.805 Y115.209 E4.54764
G1 X105.554 Y115.351 E4.59708
G1 X105.009 Y115.367 E4.61849
G1 X103.749 Y115.29 E4.66806
G1 X103.204 Y115.211 E4.68968
G1 X102.317 Y115.014 E4.72536
G1 X101.454 Y114.742 E4.76089
G1 X100.619 Y114.396 E4.79638
G1 X99.815 Y113.978 E4.83196
G1 X99.144 Y113.553 E4.86315
G1 X98.692 Y113.228 E4.88501
G1 X97.996 Y112.644 E4.92068
G1 X97.356 Y112.004 E4.95622
G1 X96.778 Y111.315 E4.99153
G1 X96.548 Y110.974 E5.00768
G1 X96.186 Y111.165 F7800
;TYPE:External perimeter
G1 F884.349
G1 X95.728 Y110.485 E5.03987
G1 X95.444 Y109.978 E5.06269
G1 X94.874 Y108.683 E5.11825
G1 X94.592 Y107.789 E5.15506
G1 X94.389 Y106.873 E5.1919
G1 X94.243 Y105.584 E5.24284
G1 X94.225 Y105.003 E5.26566
G1 X94.318 Y103.593 E5.32114
G1 X94.593 Y102.209 E5.37654
G1 X94.875 Y101.315 E5.41335
G1 X95.235 Y100.446 E5.45028
G1 X95.668 Y99.614 E5.48711
G1 X96.453 Y98.439 E5.54259
G1 X97.056 Y97.721 E5.57941
G1 X97.721 Y97.056 E5.61634
G1 X98.441 Y96.452 E5.65324
G1 X99.211 Y95.913 E5.69014
G1 X100.023 Y95.444 E5.72696
G1 X101.317 Y94.874 E5.78248
G1 X102.211 Y94.592 E5.81929
G1 X103.129 Y94.389 E5.85621
G1 X104.059 Y94.266 E5.89304
G1 X105.356 Y94.233 E5.94398
G1 X105.936 Y94.266 E5.96679
G1 X107.333 Y94.481 E6.02229
G1 X108.577 Y94.838 E6.07311
G1 X109.122 Y95.045 E6.096
G1 X109.975 Y95.443 E6.13296
G1 X110.69 Y95.852 E6.1653
G1 X111.177 Y96.172 E6.18818
G1 X112.281 Y97.058 E6.24376
G1 X112.944 Y97.721 E6.28058
G1 X113.548 Y98.441 E6.31748
G1 X114.087 Y99.211 E6.35438
G1 X114.557 Y100.025 E6.39129
G1 X114.954 Y100.875 E6.42813
G1 X115.408 Y102.213 E6.48361
G1 X115.581 Y102.995 E6.51506
G1 X115.74 Y104.198 E6.56271
G1 X115.775 Y104.998 E6.59415
G1 X115.682 Y106.409 E6.64967
G1 X115.519 Y107.332 E6.68647
G1 X115.277 Y108.238 E6.72329
G1 X114.764 Y109.556 E6.77882
G1 X114.331 Y110.387 E6.81561
G1 X113.826 Y111.18 E6.85252
G1 X113.255 Y111.924 E6.88934
G1 X112.278 Y112.945 E6.94483
G1 X111.559 Y113.548 E6.98168
G1 X110.791 Y114.086 E7.0185
G1 X109.552 Y114.766 E7.07399
G1 X108.685 Y115.125 E7.11084
G1 X107.789 Y115.408 E7.14773
G1 X106.873 Y115.611 E7.18457
G1 X105.584 Y115.757 E7.23551
G1 X105.003 Y115.775 E7.25833
G1 X103.707 Y115.695 E7.30931
G1 X103.13 Y115.611 E7.3322
G1 X102.211 Y115.408 E7.36915
G1 X101.315 Y115.125 E7.40604
G1 X100.446 Y114.765 E7.44297
G1 X99.612 Y114.331 E7.47989
G1 X98.916 Y113.891 E7.51222
G1 X98.442 Y113.549 E7.53517
G1 X97.721 Y112.944 E7.57213
G1 X97.056 Y112.279 E7.60906
G1 X96.453 Y111.561 E7.64588
G1 X96.22 Y111.215 E7.66226
G1 X95.996 Y110.883 F7800
;LAYER_CHANGE
;Z:7.35
;HEIGHT:0.2
G92 E0
G1 Z7.35 F7800
G1 X104.334 Y110.229
;TYPE:Perimeter
G1 F884.349
G1 X104.192 Y110.222 E.00558
G1 X103.635 Y110.093 E.02803
G1 X103.149 Y109.954 E.04788
G1 X102.255 Y109.515 E.08699
G1 X101.495 Y108.957 E.12401
G1 X100.736 Y108.121 E.16835
G1 X100.247 Y107.314 E.2054
G1 X100.045 Y106.803 E.22697
G1 X99.877 Y106.309 E.24746
G1 X99.716 Y105.13 E.29418
M73 P58 R13
G1 X99.762 Y104.301 E.32678
G1 X99.928 Y103.572 E.35614
G1 X100.073 Y103.089 E.37594
G1 X100.485 Y102.253 E.41253
G1 X100.785 Y101.831 E.43286
G1 X101.116 Y101.41 E.45389
G1 X101.79 Y100.802 E.48953
G1 X102.347 Y100.449 E.51542
M73 Q58 S13
G1 X102.785 Y100.197 E.53526
G1 X103.748 Y99.866 E.57524
G1 X104.588 Y99.743 E.60857
G1 X105.106 Y99.726 E.62892
G1 X105.817 Y99.779 E.65691
G1 X106.65 Y99.983 E.69058
G1 X107.212 Y100.222 E.71456
G1 X107.745 Y100.485 E.7379
G1 X108.506 Y101.044 E.77498
G1 X109.007 Y101.55 E.80294
G1 X109.51 Y102.248 E.83672
G1 X109.904 Y103.04 E.87145
G1 X110.103 Y103.671 E.89743
G1 X110.218 Y104.148 E.9167
G1 X110.279 Y104.703 E.93862
G1 X110.222 Y105.808 E.98207
G1 X109.997 Y106.725 E1.01914
G1 X109.515 Y107.745 E1.06344
G1 X108.957 Y108.505 E1.10046
G1 X108.121 Y109.264 E1.1448
G1 X107.38 Y109.714 E1.17884
G1 X106.815 Y109.943 E1.20278
G1 X106.252 Y110.134 E1.22612
G1 X105.319 Y110.276 E1.26318
G1 X104.394 Y110.232 E1.29954
G1 X104.378 Y109.825 F7800
G1 F884.349
G1 X104.275 Y109.82 E1.30359
G1 X103.741 Y109.7 E1.32508
G1 X103.269 Y109.561 E1.3444
G1 X102.429 Y109.147 E1.38117
G1 X101.742 Y108.634 E1.41484
G1 X101.042 Y107.853 E1.45602
G1 X100.6 Y107.11 E1.48997
G1 X100.3 Y106.314 E1.52337
G1 X100.182 Y105.626 E1.55078
G1 X100.123 Y105.153 E1.5695
G1 X100.168 Y104.324 E1.6021
G1 X100.322 Y103.672 E1.6284
G1 X100.439 Y103.269 E1.64488
G1 X100.85 Y102.434 E1.68142
G1 X101.308 Y101.818 E1.71156
G1 X101.72 Y101.412 E1.73427
G1 X102.127 Y101.054 E1.75555
G1 X102.838 Y100.631 E1.78803
G1 X103.316 Y100.443 E1.8082
G1 X103.885 Y100.25 E1.83179
G1 X104.637 Y100.147 E1.86159
G1 X105.076 Y100.132 E1.87884
G1 X105.787 Y100.184 E1.90683
G1 X106.545 Y100.377 E1.93754
G1 X107.032 Y100.587 E1.95836
G1 X107.571 Y100.853 E1.98196
G1 X108.258 Y101.366 E2.01563
G1 X108.713 Y101.832 E2.0412
G1 X109.177 Y102.481 E2.07253
G1 X109.535 Y103.212 E2.10449
G1 X109.71 Y103.776 E2.12768
G1 X109.814 Y104.192 E2.14452
G1 X109.874 Y104.747 E2.16644
G1 X109.816 Y105.782 E2.20714
G1 X109.604 Y106.619 E2.24104
G1 X109.15 Y107.565 E2.28224
G1 X108.634 Y108.258 E2.31616
G1 X107.853 Y108.958 E2.35734
G1 X107.177 Y109.362 E2.38826
G1 X106.684 Y109.557 E2.40908
G1 X106.115 Y109.75 E2.43267
G1 X105.266 Y109.873 E2.46635
G1 X104.438 Y109.828 E2.49891
G1 X104.423 Y109.421 F7800
;TYPE:External perimeter
G1 F884.349
G1 X104.302 Y109.413 E2.50367
G1 X103.486 Y109.21 E2.53669
G1 X102.615 Y108.785 E2.57474
G1 X101.99 Y108.311 E2.60554
G1 X101.348 Y107.584 E2.64362
G1 X100.952 Y106.907 E2.67442
G1 X100.683 Y106.175 E2.70504
G1 X100.529 Y105.175 E2.74477
G1 X100.575 Y104.346 E2.77737
G1 X100.804 Y103.449 E2.81372
G1 X101.215 Y102.615 E2.85023
G1 X101.631 Y102.066 E2.87728
G1 X102.365 Y101.385 E2.91659
G1 X103.091 Y100.954 E2.94974
G1 X104.01 Y100.637 E2.98791
G1 X104.685 Y100.551 E3.01463
G1 X105.046 Y100.537 E3.02882
G1 X105.757 Y100.59 E3.05681
G1 X106.44 Y100.77 E3.08454
G1 X107.385 Y101.215 E3.12555
G1 X108.01 Y101.689 E3.15635
G1 X108.419 Y102.113 E3.17948
G1 X108.843 Y102.715 E3.20839
G1 X109.166 Y103.384 E3.23756
G1 X109.409 Y104.236 E3.27235
G1 X109.47 Y104.792 E3.29431
G1 X109.41 Y105.755 E3.3322
G1 X109.21 Y106.514 E3.36302
G1 X108.785 Y107.385 E3.40107
G1 X108.311 Y108.01 E3.43187
G1 X107.584 Y108.652 E3.46995
G1 X106.973 Y109.009 E3.49774
G1 X105.99 Y109.363 E3.53876
G1 X105.213 Y109.469 E3.56955
G1 X104.482 Y109.424 E3.59831
G1 X104.088 Y109.356 F7800
G92 E0
G1 X96.834 Y110.69
;TYPE:Perimeter
G1 F884.349
G1 X96.674 Y110.462 E.01094
G1 X96.377 Y109.985 E.033
G1 X95.973 Y109.209 E.06735
G1 X95.641 Y108.406 E.10147
G1 X95.382 Y107.586 E.13523
G1 X95.144 Y106.42 E.18196
G1 X95.08 Y105.885 E.20312
G1 X95.051 Y104.554 E.25539
G1 X95.124 Y103.711 E.28861
G1 X95.383 Y102.412 E.34062
G1 X95.641 Y101.594 E.3743
G1 X95.973 Y100.791 E.40842
G1 X96.371 Y100.027 E.44224
G1 X97.027 Y99.035 E.48894
G1 X97.36 Y98.611 E.51011
G1 X98.28 Y97.65 E.56235
G1 X98.93 Y97.104 E.59568
G1 X99.916 Y96.438 E.6424
G1 X100.386 Y96.173 E.66359
G1 X101.604 Y95.637 E.71584
G1 X102.422 Y95.38 E.74951
G1 X103.27 Y95.191 E.78362
G1 X104.124 Y95.079 E.81744
G1 X105.313 Y95.047 E.86414
G1 X105.851 Y95.077 E.8853
G1 X107.166 Y95.279 E.93754
G1 X107.984 Y95.498 E.97079
G1 X109.219 Y95.978 E1.02282
G1 X109.98 Y96.375 E1.05652
G1 X110.706 Y96.837 E1.09031
G1 X111.637 Y97.577 E1.13701
G1 X112.031 Y97.946 E1.15821
G1 X112.908 Y98.946 E1.21044
G1 X113.4 Y99.649 E1.24413
G1 X113.834 Y100.401 E1.27822
G1 X114.197 Y101.179 E1.31193
G1 X114.623 Y102.433 E1.36393
G1 X114.755 Y103.028 E1.38786
G1 X114.851 Y103.589 E1.41021
G1 X114.926 Y104.234 E1.43571
G1 X114.959 Y104.989 E1.46538
G1 X114.873 Y106.311 E1.5174
G1 X114.725 Y107.148 E1.55077
G1 X114.398 Y108.291 E1.59745
G1 X114.208 Y108.796 E1.61864
G1 X113.62 Y109.989 E1.67086
G1 X113.163 Y110.706 E1.70424
G1 X112.423 Y111.637 E1.75094
G1 X112.054 Y112.031 E1.77214
G1 X111.054 Y112.908 E1.82437
G1 X110.351 Y113.4 E1.85806
G1 X109.608 Y113.829 E1.89175
G1 X108.396 Y114.363 E1.94375
G1 X107.578 Y114.62 E1.97742
G1 X106.74 Y114.806 E2.01112
G1 X105.423 Y114.95 E2.06314
G1 X104.563 Y114.95 E2.09691
G1 X103.832 Y114.889 E2.12571
G1 X103.276 Y114.81 E2.14776
G1 X102.422 Y114.62 E2.18211
G1 X101.594 Y114.359 E2.2162
G1 X100.791 Y114.027 E2.25032
G1 X100.02 Y113.625 E2.28446
G1 X99.296 Y113.164 E2.31816
G1 X98.263 Y112.335 E2.37017
G1 X97.657 Y111.729 E2.40382
G1 X97.097 Y111.062 E2.43802
G1 X96.869 Y110.739 E2.45354
G1 X96.506 Y110.931 F7800
G1 F884.349
G1 X96.334 Y110.687 E2.46526
G1 X96.023 Y110.187 E2.48838
G1 X95.604 Y109.381 E2.52405
G1 X95.258 Y108.546 E2.55954
G1 X94.987 Y107.688 E2.59487
G1 X94.742 Y106.485 E2.64307
G1 X94.673 Y105.914 E2.66565
G1 X94.643 Y104.541 E2.71957
G1 X94.721 Y103.653 E2.75457
G1 X94.988 Y102.31 E2.80833
G1 X95.258 Y101.454 E2.84357
G1 X95.604 Y100.619 E2.87906
G1 X96.019 Y99.821 E2.91438
G1 X96.696 Y98.796 E2.96261
G1 X97.052 Y98.344 E2.9852
G1 X98.001 Y97.352 E3.0391
G1 X98.685 Y96.778 E3.07416
G1 X99.702 Y96.091 E3.12235
G1 X100.204 Y95.809 E3.14496
G1 X101.461 Y95.256 E3.19888
G1 X102.317 Y94.986 E3.23412
G1 X103.2 Y94.79 E3.26963
G1 X104.092 Y94.673 E3.30495
G1 X105.319 Y94.64 E3.35315
G1 X105.894 Y94.671 E3.37576
G1 X107.25 Y94.88 E3.42963
G1 X108.111 Y95.111 E3.46463
G1 X109.387 Y95.607 E3.51838
G1 X110.184 Y96.022 E3.55366
G1 X110.942 Y96.505 E3.58895
G1 X111.904 Y97.268 E3.63716
G1 X112.324 Y97.662 E3.65977
G1 X113.229 Y98.694 E3.71366
G1 X113.744 Y99.43 E3.74893
G1 X114.196 Y100.213 E3.78443
G1 X114.575 Y101.027 E3.81969
G1 X115.016 Y102.323 E3.87344
G1 X115.152 Y102.94 E3.89825
G1 X115.254 Y103.536 E3.92199
G1 X115.333 Y104.216 E3.94887
G1 X115.367 Y104.994 E3.97945
G1 X115.277 Y106.36 E4.0332
G1 X115.122 Y107.239 E4.06825
G1 X114.785 Y108.419 E4.11643
G1 X114.582 Y108.958 E4.13904
G1 X113.975 Y110.189 E4.19293
G1 X113.495 Y110.942 E4.22799
G1 X112.732 Y111.904 E4.2762
G1 X112.338 Y112.324 E4.29881
G1 X111.306 Y113.229 E4.3527
G1 X110.57 Y113.744 E4.38797
G1 X109.793 Y114.193 E4.42321
G1 X108.539 Y114.744 E4.47699
G1 X107.683 Y115.014 E4.51223
G1 X106.807 Y115.208 E4.54746
G1 X105.446 Y115.357 E4.60122
G1 X104.547 Y115.357 E4.63652
G1 X103.786 Y115.294 E4.6665
G1 X103.203 Y115.211 E4.68962
G1 X102.317 Y115.014 E4.72526
G1 X101.454 Y114.742 E4.76079
G1 X100.619 Y114.396 E4.79628
G1 X99.816 Y113.978 E4.83183
G1 X99.059 Y113.496 E4.86707
G1 X97.991 Y112.639 E4.92084
G1 X97.356 Y112.004 E4.9561
G1 X96.774 Y111.31 E4.99166
G1 X96.541 Y110.98 E5.00752
G1 X96.178 Y111.171 F7800
;TYPE:External perimeter
G1 F884.349
G1 X95.995 Y110.912 E5.01997
G1 X95.669 Y110.389 E5.04417
G1 X95.235 Y109.554 E5.08112
G1 X94.875 Y108.685 E5.11805
G1 X94.593 Y107.79 E5.15489
G1 X94.34 Y106.55 E5.20458
G1 X94.267 Y105.942 E5.22862
G1 X94.236 Y104.528 E5.28415
G1 X94.317 Y103.596 E5.32088
G1 X94.593 Y102.209 E5.37641
G1 X94.875 Y101.315 E5.41322
G1 X95.235 Y100.446 E5.45015
G1 X95.668 Y99.614 E5.48698
G1 X96.366 Y98.558 E5.53668
G1 X96.744 Y98.077 E5.5607
G1 X97.722 Y97.055 E5.61624
G1 X98.44 Y96.453 E5.65303
G1 X99.488 Y95.744 E5.70271
G1 X100.022 Y95.444 E5.72676
G1 X101.317 Y94.874 E5.78232
G1 X102.211 Y94.592 E5.81913
G1 X103.129 Y94.389 E5.85605
G1 X104.059 Y94.266 E5.89288
G1 X105.324 Y94.232 E5.94257
G1 X105.936 Y94.266 E5.96664
G1 X107.334 Y94.481 E6.02218
G1 X108.238 Y94.723 E6.05893
G1 X109.556 Y95.236 E6.11446
G1 X110.387 Y95.669 E6.15125
G1 X111.179 Y96.173 E6.18811
G1 X112.17 Y96.96 E6.2378
G1 X112.617 Y97.379 E6.26186
G1 X113.549 Y98.443 E6.3174
G1 X114.087 Y99.211 E6.35422
G1 X114.557 Y100.025 E6.39113
G1 X114.954 Y100.875 E6.42797
G1 X115.408 Y102.213 E6.48345
G1 X115.55 Y102.852 E6.50915
G1 X115.658 Y103.483 E6.53429
G1 X115.74 Y104.198 E6.56255
G1 X115.775 Y104.998 E6.59399
G1 X115.682 Y106.409 E6.64951
G1 X115.52 Y107.331 E6.68627
G1 X115.172 Y108.547 E6.73593
G1 X114.956 Y109.12 E6.75997
G1 X114.33 Y110.389 E6.81553
G1 X113.827 Y111.179 E6.8523
G1 X113.04 Y112.17 E6.90199
G1 X112.621 Y112.617 E6.92605
G1 X111.557 Y113.549 E6.98159
G1 X110.789 Y114.087 E7.01841
G1 X109.977 Y114.556 E7.05523
G1 X108.683 Y115.126 E7.11075
G1 X107.789 Y115.408 E7.14756
G1 X106.873 Y115.611 E7.1844
G1 X105.468 Y115.765 E7.2399
G1 X104.53 Y115.765 E7.27673
G1 X103.741 Y115.699 E7.30782
G1 X103.13 Y115.611 E7.33206
G1 X102.211 Y115.408 E7.36901
G1 X101.315 Y115.125 E7.4059
G1 X100.446 Y114.765 E7.44283
G1 X99.613 Y114.331 E7.47971
G1 X98.822 Y113.827 E7.51654
G1 X97.719 Y112.942 E7.57207
G1 X97.056 Y112.279 E7.60889
G1 X96.451 Y111.559 E7.64582
M73 P59 R13
G1 X96.212 Y111.22 E7.66211
G1 X95.985 Y110.891 F7800
G92 E0
G1 X105.169 Y114.316
;TYPE:Internal infill
;WIDTH:0.45
;HEIGHT:0.4
G1 F494.289
G1 X102.441 Y114.306 E.19164
G1 X100.92 Y113.75 E.3054
M73 Q59 S13
G1 X99.507 Y112.937 E.41992
G1 X98.467 Y112.108 E.51335
G1 X97.348 Y110.886 E.62975
G1 X96.684 Y109.9 E.71326
G1 X95.924 Y108.288 E.83846
G1 X95.678 Y107.509 E.89585
G1 X95.476 Y106.519 E.96683
G1 X95.381 Y105.68 E1.02615
G1 X95.361 Y104.79 E1.08869
G1 X95.374 Y104.596 E1.10235
G1 X96.71 Y101.1 E1.36526
G92 E0
G1 X101.533 Y97.988 F7800
G1 F494.289
G1 X100.876 Y96.763 E.09765
G1 X101.702 Y96.385 F7800
G1 F494.289
G1 X100.78 Y96.584 E.16391
G1 X100.688 Y96.374 E.18002
G1 X101.712 Y95.924 E.2586
G1 X102.501 Y95.675 E.31672
G1 X104.147 Y95.384 E.43414
G1 X105.82 Y95.381 E.55167
G1 X107.092 Y95.577 E.64208
G1 X108.053 Y95.853 E.71232
G1 X109.267 Y96.347 E.80439
G1 X110.525 Y97.084 E.90681
G1 X111.498 Y97.865 E.99446
G1 X111.902 Y98.262 E1.03425
G1 X112.668 Y99.135 E1.11584
G1 X113.127 Y99.791 E1.17208
G1 X113.086 Y99.82 E1.17561
G92 E0
G1 X112.255 Y111.351 F7800
G1 F494.289
G1 X111.667 Y111.965 E.05972
G1 X110.865 Y112.668 E.13464
G1 X110.434 Y112.969 E.17157
G1 X110.405 Y112.928 E.1751
;LAYER_CHANGE
;Z:7.55
;HEIGHT:0.2
G92 E0
G1 Z7.55 F7800
G1 X104.334 Y110.226
;TYPE:Perimeter
;WIDTH:0.449999
G1 F884.349
G1 X103.995 Y110.19 E.01339
G1 X103.276 Y109.997 E.04262
G1 X102.323 Y109.559 E.0838
G1 X101.531 Y108.984 E.12223
G1 X101.128 Y108.568 E.14497
G1 X100.736 Y108.121 E.16831
G1 X100.206 Y107.235 E.20885
G1 X99.894 Y106.362 E.24525
G1 X99.784 Y105.735 E.27024
G1 X99.715 Y105.209 E.29107
G1 X99.748 Y104.398 E.32294
G1 X99.935 Y103.552 E.35696
G1 X100.073 Y103.089 E.37593
G1 X100.486 Y102.253 E.41254
G1 X100.987 Y101.568 E.44586
G1 X101.432 Y101.128 E.47043
G1 X101.881 Y100.734 E.49389
G1 X102.606 Y100.294 E.52719
G1 X103.185 Y100.057 E.55175
G1 X103.748 Y99.866 E.57509
G1 X104.591 Y99.743 E.60854
G1 X105.08 Y99.724 E.62775
G1 X105.817 Y99.779 E.65677
G1 X106.65 Y99.983 E.69044
G1 X107.22 Y100.226 E.71477
G1 X107.745 Y100.485 E.73776
G1 X108.21 Y100.817 E.76019
G1 X108.606 Y101.131 E.78003
G1 X109.264 Y101.879 E.81915
G1 X109.714 Y102.62 E.85319
G1 X109.967 Y103.231 E.87916
M73 P59 R12
G1 X110.132 Y103.74 E.90017
G1 X110.273 Y104.659 E.93668
G1 X110.222 Y105.808 E.98184
G1 X110.017 Y106.65 E1.01587
G1 X109.778 Y107.212 E1.03985
G1 X109.515 Y107.745 E1.06319
G1 X109.003 Y108.445 E1.09724
G1 X108.568 Y108.872 E1.12117
G1 X108.121 Y109.264 E1.14451
G1 X107.314 Y109.753 E1.18156
G1 X106.453 Y110.082 E1.21775
G1 X105.341 Y110.273 E1.26205
G1 X104.482 Y110.241 E1.2958
G1 X104.394 Y110.232 E1.29927
G1 X104.379 Y109.823 F7800
G1 F884.349
G1 X104.1 Y109.796 E1.31028
G1 X103.381 Y109.604 E1.3395
G1 X102.529 Y109.207 E1.37641
G1 X101.775 Y108.658 E1.41303
G1 X101.042 Y107.853 E1.45578
G1 X100.6 Y107.11 E1.48973
G1 X100.278 Y106.227 E1.52663
G1 X100.123 Y105.16 E1.56897
G1 X100.155 Y104.416 E1.59821
G1 X100.331 Y103.649 E1.62911
G1 X100.439 Y103.269 E1.64462
G1 X100.85 Y102.434 E1.68116
G1 X101.31 Y101.816 E1.71141
G1 X101.7 Y101.434 E1.73285
G1 X102.148 Y101.041 E1.75625
G1 X102.809 Y100.646 E1.78648
G1 X103.316 Y100.443 E1.80792
G1 X103.885 Y100.25 E1.83151
G1 X104.64 Y100.147 E1.86143
G1 X105.05 Y100.13 E1.87754
G1 X105.787 Y100.184 E1.90656
G1 X106.545 Y100.377 E1.93727
G1 X107.04 Y100.591 E1.95844
G1 X107.565 Y100.85 E1.98143
G1 X108.258 Y101.366 E2.01535
M73 Q59 S12
G1 X108.958 Y102.147 E2.05653
G1 X109.362 Y102.823 E2.08745
G1 X109.585 Y103.37 E2.11064
G1 X109.729 Y103.802 E2.12852
G1 X109.872 Y104.727 E2.16527
G1 X109.816 Y105.782 E2.20675
G1 X109.623 Y106.545 E2.23765
G1 X109.413 Y107.032 E2.25847
G1 X109.147 Y107.571 E2.28207
G1 X108.68 Y108.197 E2.31274
G1 X108.299 Y108.566 E2.33357
G1 X107.848 Y108.962 E2.35714
G1 X107.111 Y109.4 E2.3908
G1 X106.314 Y109.7 E2.42424
G1 X105.279 Y109.871 E2.46543
G1 X104.508 Y109.835 E2.49574
G1 X104.438 Y109.828 E2.4985
G1 X104.423 Y109.417 F7800
;TYPE:External perimeter
G1 F884.349
G1 X104.206 Y109.403 E2.50704
G1 X103.486 Y109.21 E2.53631
G1 X102.705 Y108.84 E2.57024
G1 X102.018 Y108.332 E2.60379
G1 X101.348 Y107.584 E2.64322
G1 X100.952 Y106.907 E2.67402
G1 X100.662 Y106.092 E2.70799
G1 X100.538 Y105.263 E2.7409
G1 X100.562 Y104.433 E2.7735
G1 X100.804 Y103.449 E2.81329
G1 X101.215 Y102.615 E2.8498
G1 X101.633 Y102.064 E2.87696
G1 X102.416 Y101.348 E2.91862
G1 X103.013 Y100.999 E2.94577
G1 X104.01 Y100.637 E2.98742
G1 X104.689 Y100.551 E3.01429
G1 X105.02 Y100.536 E3.0273
G1 X105.757 Y100.59 E3.05632
G1 X106.44 Y100.77 E3.08405
G1 X107.309 Y101.177 E3.12173
G1 X108.01 Y101.689 E3.15581
G1 X108.652 Y102.416 E3.19389
G1 X109.009 Y103.027 E3.22168
G1 X109.327 Y103.864 E3.25684
G1 X109.469 Y104.785 E3.29343
G1 X109.41 Y105.755 E3.33159
G1 X109.23 Y106.44 E3.3594
G1 X108.785 Y107.385 E3.40041
G1 X108.357 Y107.949 E3.42821
G1 X107.584 Y108.652 E3.46924
G1 X106.907 Y109.048 E3.50004
G1 X106.175 Y109.317 E3.53066
G1 X105.217 Y109.469 E3.56875
G1 X104.483 Y109.421 E3.59763
G1 X104.087 Y109.364 F7800
G92 E0
G1 X96.834 Y110.69
;TYPE:Perimeter
G1 F884.349
G1 X96.691 Y110.488 E.00972
G1 X96.377 Y109.984 E.03304
G1 X95.973 Y109.209 E.06736
G1 X95.641 Y108.406 E.10148
G1 X95.382 Y107.585 E.13528
G1 X95.149 Y106.45 E.18077
G1 X95.08 Y105.884 E.20316
G1 X95.051 Y104.554 E.25539
G1 X95.124 Y103.711 E.28861
G1 X95.383 Y102.412 E.34062
G1 X95.641 Y101.594 E.3743
G1 X95.973 Y100.791 E.40842
G1 X96.371 Y100.027 E.44224
G1 X97.009 Y99.059 E.48776
G1 X97.36 Y98.61 E.51014
G1 X98.28 Y97.65 E.56235
G1 X98.931 Y97.103 E.59574
G1 X99.89 Y96.453 E.64123
G1 X100.387 Y96.173 E.66363
G1 X101.604 Y95.637 E.71584
G1 X102.422 Y95.38 E.74951
G1 X103.27 Y95.191 E.78362
G1 X104.124 Y95.079 E.81744
G1 X105.283 Y95.046 E.86297
G1 X105.852 Y95.077 E.88534
G1 X107.166 Y95.279 E.93754
G1 X107.984 Y95.498 E.97079
G1 X109.222 Y95.979 E1.02294
G1 X109.837 Y96.296 E1.05011
G1 X110.347 Y96.597 E1.07336
G1 X111.063 Y97.098 E1.10767
G1 X111.729 Y97.657 E1.14181
G1 X112.343 Y98.271 E1.1759
G1 X112.902 Y98.937 E1.21004
G1 X113.4 Y99.649 E1.24416
G1 X113.829 Y100.392 E1.27785
G1 X114.363 Y101.604 E1.32985
G1 X114.59 Y102.325 E1.35953
G1 X114.822 Y103.372 E1.40164
G1 X114.926 Y104.234 E1.43573
G1 X114.959 Y104.989 E1.4654
G1 X114.873 Y106.311 E1.51742
G1 X114.724 Y107.156 E1.55111
G1 X114.502 Y107.984 E1.58477
G1 X114.022 Y109.219 E1.6368
G1 X113.625 Y109.98 E1.6705
G1 X113.159 Y110.713 E1.7046
G1 X112.636 Y111.393 E1.73828
G1 X111.72 Y112.35 E1.79029
G1 X111.063 Y112.902 E1.82398
G1 X110.358 Y113.396 E1.85778
G1 X109.345 Y113.959 E1.90329
G1 X108.826 Y114.195 E1.92568
G1 X107.567 Y114.623 E1.97789
G1 X106.737 Y114.807 E2.01127
G1 X105.586 Y114.94 E2.05676
G1 X105.005 Y114.96 E2.07959
G1 X104.129 Y114.922 E2.11402
G1 X103.432 Y114.834 E2.1416
G1 X102.86 Y114.727 E2.16445
G1 X101.583 Y114.355 E2.21668
G1 X100.791 Y114.027 E2.25034
G1 X100.02 Y113.625 E2.28448
G1 X99.287 Y113.159 E2.31858
G1 X98.607 Y112.636 E2.35226
G1 X97.65 Y111.72 E2.40427
G1 X97.097 Y111.061 E2.43805
G1 X96.869 Y110.739 E2.45354
G1 X96.506 Y110.931 F7800
G1 F884.349
G1 X96.351 Y110.713 E2.46404
G1 X96.023 Y110.186 E2.48841
G1 X95.604 Y109.381 E2.52404
G1 X95.258 Y108.546 E2.55953
G1 X94.987 Y107.688 E2.59486
G1 X94.746 Y106.516 E2.64184
G1 X94.673 Y105.913 E2.66569
G1 X94.643 Y104.541 E2.71957
G1 X94.721 Y103.653 E2.75457
G1 X94.988 Y102.31 E2.80833
G1 X95.258 Y101.454 E2.84357
G1 X95.604 Y100.619 E2.87906
G1 X96.02 Y99.82 E2.91443
G1 X96.678 Y98.822 E2.96137
G1 X97.052 Y98.343 E2.98523
G1 X98.001 Y97.352 E3.03911
G1 X98.685 Y96.778 E3.07417
G1 X99.676 Y96.107 E3.12116
G1 X100.205 Y95.809 E3.145
G1 X101.461 Y95.256 E3.19888
G1 X102.317 Y94.986 E3.23412
G1 X103.2 Y94.79 E3.26963
G1 X104.092 Y94.673 E3.30495
G1 X105.288 Y94.639 E3.35193
G1 X105.894 Y94.671 E3.37576
G1 X107.25 Y94.88 E3.42963
G1 X108.111 Y95.111 E3.46463
G1 X109.389 Y95.608 E3.51847
G1 X110.033 Y95.939 E3.5469
G1 X110.568 Y96.255 E3.5713
G1 X111.311 Y96.775 E3.60691
G1 X112.004 Y97.356 E3.64242
G1 X112.644 Y97.996 E3.67796
G1 X113.225 Y98.689 E3.71347
G1 X113.744 Y99.43 E3.74899
G1 X114.193 Y100.207 E3.78423
G1 X114.744 Y101.461 E3.83801
G1 X114.978 Y102.203 E3.86856
G1 X115.226 Y103.319 E3.91345
G1 X115.333 Y104.216 E3.94892
G1 X115.367 Y104.994 E3.9795
G1 X115.277 Y106.36 E4.03325
G1 X115.122 Y107.244 E4.06849
G1 X114.889 Y108.111 E4.10374
G1 X114.393 Y109.387 E4.15749
G1 X113.978 Y110.184 E4.19277
G1 X113.492 Y110.946 E4.22826
G1 X112.946 Y111.659 E4.26352
M73 P60 R12
G1 X111.999 Y112.648 E4.31728
G1 X111.311 Y113.225 E4.35254
G1 X110.574 Y113.741 E4.38787
G1 X109.529 Y114.323 E4.43484
G1 X108.976 Y114.574 E4.45869
G1 X107.677 Y115.016 E4.51257
M73 Q60 S12
G1 X106.805 Y115.209 E4.54764
G1 X105.616 Y115.347 E4.59464
G1 X105.003 Y115.367 E4.61872
G1 X104.095 Y115.328 E4.65441
G1 X103.369 Y115.236 E4.68314
G1 X102.765 Y115.124 E4.70726
G1 X101.448 Y114.74 E4.76112
G1 X100.619 Y114.396 E4.79636
G1 X99.816 Y113.978 E4.83191
G1 X99.054 Y113.492 E4.8674
G1 X98.341 Y112.946 E4.90266
G1 X97.352 Y111.999 E4.95642
G1 X96.774 Y111.31 E4.99173
G1 X96.54 Y110.98 E5.00761
G1 X96.177 Y111.172 F7800
;TYPE:External perimeter
G1 F884.349
G1 X96.012 Y110.939 E5.01882
G1 X95.669 Y110.388 E5.0443
G1 X95.235 Y109.554 E5.08122
G1 X94.875 Y108.685 E5.11815
G1 X94.593 Y107.79 E5.15499
G1 X94.344 Y106.582 E5.20342
G1 X94.267 Y105.942 E5.22873
G1 X94.236 Y104.528 E5.28426
G1 X94.317 Y103.596 E5.32099
G1 X94.593 Y102.209 E5.37652
G1 X94.875 Y101.315 E5.41333
G1 X95.235 Y100.446 E5.45026
G1 X95.668 Y99.614 E5.48709
G1 X96.347 Y98.584 E5.53553
G1 X96.744 Y98.076 E5.56084
G1 X97.722 Y97.055 E5.61635
G1 X98.44 Y96.453 E5.65314
G1 X99.461 Y95.761 E5.70157
G1 X100.022 Y95.444 E5.72687
G1 X101.317 Y94.874 E5.78243
G1 X102.211 Y94.592 E5.81924
G1 X103.129 Y94.389 E5.85616
G1 X104.06 Y94.266 E5.89303
G1 X105.293 Y94.232 E5.94146
G1 X105.936 Y94.266 E5.96674
G1 X107.334 Y94.481 E6.02228
G1 X108.238 Y94.723 E6.05903
G1 X109.556 Y95.236 E6.11456
G1 X110.23 Y95.582 E6.14431
G1 X110.788 Y95.912 E6.16976
G1 X111.559 Y96.452 E6.20672
G1 X112.279 Y97.056 E6.24362
G1 X112.944 Y97.721 E6.28055
G1 X113.548 Y98.441 E6.31745
G1 X114.087 Y99.211 E6.35435
G1 X114.556 Y100.023 E6.39117
G1 X115.126 Y101.317 E6.44669
G1 X115.408 Y102.211 E6.4835
G1 X115.629 Y103.266 E6.52582
G1 X115.74 Y104.198 E6.56267
G1 X115.775 Y104.998 E6.59411
G1 X115.682 Y106.409 E6.64963
G1 X115.519 Y107.332 E6.68643
G1 X115.277 Y108.238 E6.72325
G1 X114.764 Y109.556 E6.77878
G1 X114.331 Y110.387 E6.81557
G1 X113.826 Y111.18 E6.85248
G1 X113.255 Y111.924 E6.8893
G1 X112.278 Y112.945 E6.94479
G1 X111.559 Y113.548 E6.98164
G1 X110.79 Y114.087 E7.01851
G1 X109.713 Y114.687 E7.06692
G1 X109.126 Y114.953 E7.09222
G1 X107.787 Y115.408 E7.14775
G1 X106.872 Y115.611 E7.18455
G1 X105.647 Y115.753 E7.23297
G1 X105.001 Y115.775 E7.25835
G1 X104.061 Y115.734 E7.29529
G1 X103.306 Y115.638 E7.32517
G1 X102.671 Y115.52 E7.35053
G1 X101.313 Y115.124 E7.40607
G1 X100.446 Y114.765 E7.44292
G1 X99.613 Y114.331 E7.4798
G1 X98.82 Y113.826 E7.51671
G1 X98.076 Y113.255 E7.55353
G1 X97.055 Y112.278 E7.60902
G1 X96.451 Y111.559 E7.64589
G1 X96.212 Y111.221 E7.66214
G1 X95.986 Y110.891 F7800
;LAYER_CHANGE
;Z:7.75
;HEIGHT:0.2
G92 E0
G1 Z7.75 F7800
G1 X104.334 Y110.229
;TYPE:Perimeter
G1 F884.349
G1 X104.192 Y110.222 E.00558
G1 X103.275 Y109.997 E.04265
G1 X102.255 Y109.515 E.08695
G1 X101.526 Y108.981 E.12243
G1 X100.736 Y108.121 E.16828
G1 X100.441 Y107.649 E.19013
G1 X100.188 Y107.195 E.21054
G1 X99.895 Y106.366 E.24506
G1 X99.788 Y105.761 E.26918
G1 X99.715 Y105.209 E.29104
G1 X99.748 Y104.398 E.32291
G1 X99.844 Y103.856 E.34452
G1 X100.058 Y103.162 E.37304
G1 X100.237 Y102.705 E.39231
G1 X100.505 Y102.216 E.4142
G1 X100.988 Y101.566 E.446
G1 X101.449 Y101.107 E.47154
G1 X101.892 Y100.722 E.49459
G1 X102.636 Y100.277 E.52863
G1 X103.185 Y100.057 E.55185
G1 X103.748 Y99.866 E.57519
G1 X104.594 Y99.742 E.60876
G1 X105.053 Y99.722 E.6268
G1 X105.817 Y99.778 E.65688
G1 X106.65 Y99.983 E.69056
G1 X107.212 Y100.222 E.71454
G1 X107.745 Y100.485 E.73788
G1 X108.505 Y101.043 E.7749
G1 X109.194 Y101.785 E.81466
G1 X109.746 Y102.674 E.85575
G1 X109.95 Y103.183 E.87728
G1 X110.12 Y103.674 E.89768
G1 X110.273 Y104.659 E.93682
G1 X110.222 Y105.808 E.98198
G1 X109.997 Y106.725 E1.01905
G1 X109.72 Y107.382 E1.04705
G1 X109.269 Y108.113 E1.08078
G1 X108.636 Y108.837 E1.11854
G1 X108.175 Y109.222 E1.14212
G1 X107.38 Y109.714 E1.17883
G1 X106.791 Y109.955 E1.20382
G1 X106.315 Y110.121 E1.22361
G1 X105.333 Y110.275 E1.26264
G1 X104.394 Y110.231 E1.29955
G1 X104.378 Y109.824 F7800
G1 F884.349
G1 X104.218 Y109.816 E1.30584
G1 X103.381 Y109.604 E1.33974
G1 X102.435 Y109.15 E1.38094
G1 X101.774 Y108.658 E1.41329
G1 X101.042 Y107.853 E1.45601
G1 X100.553 Y107.008 E1.49434
G1 X100.279 Y106.231 E1.52669
G1 X100.122 Y105.2 E1.56764
G1 X100.155 Y104.416 E1.59845
G1 X100.275 Y103.776 E1.62402
G1 X100.44 Y103.301 E1.64376
G1 X100.593 Y102.901 E1.66058
G1 X100.862 Y102.411 E1.68253
G1 X101.311 Y101.814 E1.71186
G1 X101.721 Y101.41 E1.73446
G1 X102.121 Y101.059 E1.75536
G1 X102.844 Y100.627 E1.78843
G1 X103.885 Y100.25 E1.8319
G1 X104.643 Y100.146 E1.86194
G1 X105.024 Y100.128 E1.87692
G1 X105.787 Y100.184 E1.90696
G1 X106.545 Y100.377 E1.93767
G1 X107.032 Y100.587 E1.95849
G1 X107.571 Y100.853 E1.98209
G1 X108.257 Y101.366 E2.01572
G1 X108.891 Y102.056 E2.05251
G1 X109.396 Y102.882 E2.09052
G1 X109.7 Y103.686 E2.12427
G1 X109.871 Y104.721 E2.16546
G1 X109.816 Y105.782 E2.20718
G1 X109.604 Y106.619 E2.24108
G1 X109.348 Y107.218 E2.26666
G1 X108.925 Y107.895 E2.298
G1 X108.336 Y108.562 E2.33294
G1 X107.92 Y108.904 E2.35409
G1 X107.177 Y109.362 E2.38836
G1 X106.656 Y109.571 E2.4104
G1 X106.16 Y109.741 E2.43099
G1 X105.274 Y109.872 E2.46616
G1 X104.438 Y109.828 E2.49903
G1 X104.423 Y109.421 F7800
;TYPE:External perimeter
G1 F884.349
G1 X104.245 Y109.41 E2.50603
G1 X103.486 Y109.21 E2.53685
G1 X102.615 Y108.785 E2.5749
G1 X102.022 Y108.335 E2.60413
G1 X101.348 Y107.584 E2.64375
G1 X100.937 Y106.873 E2.676
G1 X100.663 Y106.095 E2.70839
G1 X100.538 Y105.26 E2.74154
G1 X100.562 Y104.433 E2.77403
G1 X100.674 Y103.855 E2.79715
G1 X100.938 Y103.125 E2.82763
G1 X101.219 Y102.607 E2.85077
G1 X101.634 Y102.062 E2.87767
G1 X102.36 Y101.389 E2.91654
G1 X103.091 Y100.954 E2.94994
G1 X104.01 Y100.637 E2.98811
G1 X104.692 Y100.55 E3.01511
G1 X104.994 Y100.534 E3.02698
G1 X105.757 Y100.59 E3.05702
G1 X106.44 Y100.77 E3.08475
G1 X107.385 Y101.215 E3.12576
G1 X108.01 Y101.689 E3.15656
G1 X108.588 Y102.328 E3.19039
G1 X109.046 Y103.091 E3.22533
G1 X109.317 Y103.825 E3.25605
G1 X109.469 Y104.783 E3.29414
G1 X109.41 Y105.755 E3.33238
G1 X109.21 Y106.514 E3.3632
G1 X108.975 Y107.054 E3.38632
G1 X108.582 Y107.676 E3.41521
G1 X108.036 Y108.287 E3.44738
G1 X107.578 Y108.658 E3.47052
G1 X106.973 Y109.009 E3.49798
G1 X106.095 Y109.337 E3.53478
G1 X105.215 Y109.469 E3.56972
G1 X104.483 Y109.424 E3.59852
G1 X104.087 Y109.362 F7800
G92 E0
G1 X96.833 Y110.69
;TYPE:Perimeter
G1 F884.349
G1 X96.708 Y110.513 E.00851
G1 X96.377 Y109.984 E.03301
G1 X95.973 Y109.209 E.06733
G1 X95.641 Y108.406 E.10145
G1 X95.382 Y107.584 E.13529
G1 X95.153 Y106.48 E.17956
G1 X95.08 Y105.883 E.20318
G1 X95.051 Y104.561 E.2551
G1 X95.164 Y103.451 E.29891
G1 X95.273 Y102.859 E.32255
G1 X95.645 Y101.583 E.37474
G1 X95.973 Y100.791 E.4084
G1 X96.371 Y100.026 E.44226
G1 X96.99 Y99.084 E.48652
G1 X97.361 Y98.61 E.51015
G1 X98.28 Y97.65 E.56233
G1 X98.931 Y97.103 E.59572
G1 X99.864 Y96.469 E.64001
G1 X100.388 Y96.173 E.66364
G1 X101.604 Y95.637 E.71582
G1 X102.422 Y95.38 E.74949
G1 X103.27 Y95.191 E.7836
G1 X104.125 Y95.079 E.81746
G1 X105.252 Y95.046 E.86173
G1 X105.853 Y95.077 E.88536
G1 X107.166 Y95.279 E.93752
G1 X107.984 Y95.498 E.97077
G1 X109.219 Y95.978 E1.0228
G1 X109.98 Y96.375 E1.0565
G1 X110.707 Y96.838 E1.09034
G1 X111.592 Y97.537 E1.13462
G1 X112.032 Y97.947 E1.15823
G1 X112.908 Y98.946 E1.2104
G1 X113.4 Y99.649 E1.24409
G1 X113.836 Y100.404 E1.27832
G1 X114.124 Y101.011 E1.3047
G1 X114.358 Y101.589 E1.32918
G1 X114.59 Y102.325 E1.35948
G1 X114.822 Y103.372 E1.40159
G1 X114.926 Y104.234 E1.43568
G1 X114.959 Y104.989 E1.46535
G1 X114.873 Y106.311 E1.51737
G1 X114.725 Y107.149 E1.55078
G1 X114.418 Y108.234 E1.59505
G1 X114.207 Y108.797 E1.61866
G1 X113.62 Y109.989 E1.67083
G1 X113.159 Y110.713 E1.70453
G1 X112.636 Y111.393 E1.73821
G1 X111.72 Y112.35 E1.79022
G1 X111.063 Y112.902 E1.82391
G1 X110.351 Y113.4 E1.85803
G1 X109.608 Y113.829 E1.89172
G1 X108.396 Y114.363 E1.94372
G1 X107.578 Y114.62 E1.97739
G1 X106.74 Y114.806 E2.01109
G1 X105.423 Y114.95 E2.06311
G1 X104.573 Y114.95 E2.09648
G1 X103.451 Y114.836 E2.14076
G1 X102.859 Y114.727 E2.1644
G1 X101.583 Y114.355 E2.21659
G1 X100.791 Y114.027 E2.25025
G1 X100.02 Y113.625 E2.28439
G1 X99.287 Y113.159 E2.31849
G1 X98.598 Y112.63 E2.3526
G1 X97.965 Y112.05 E2.38631
G1 X97.09 Y111.052 E2.43842
G1 X96.868 Y110.739 E2.45349
G1 X96.505 Y110.931 F7800
G1 F884.349
G1 X96.369 Y110.739 E2.46273
G1 X96.023 Y110.186 E2.48834
G1 X95.604 Y109.381 E2.52397
G1 X95.258 Y108.546 E2.55946
G1 X94.987 Y107.687 E2.59483
G1 X94.751 Y106.547 E2.64054
G1 X94.673 Y105.913 E2.66562
G1 X94.643 Y104.545 E2.71935
G1 X94.76 Y103.393 E2.76482
G1 X94.877 Y102.765 E2.7899
G1 X95.26 Y101.448 E2.84375
G1 X95.604 Y100.619 E2.87899
G1 X96.02 Y99.82 E2.91436
G1 X96.659 Y98.847 E2.96007
G1 X97.052 Y98.343 E2.98516
G1 X98.001 Y97.352 E3.03904
G1 X98.686 Y96.778 E3.07413
G1 X99.649 Y96.123 E3.11986
G1 X100.205 Y95.808 E3.14495
G1 X101.461 Y95.256 E3.19882
G1 X102.317 Y94.986 E3.23406
G1 X103.2 Y94.79 E3.26957
G1 X104.092 Y94.673 E3.30489
G1 X105.257 Y94.638 E3.35065
G1 X105.895 Y94.671 E3.37573
G1 X107.25 Y94.88 E3.42956
G1 X108.111 Y95.111 E3.46456
G1 X109.387 Y95.607 E3.51831
G1 X110.184 Y96.022 E3.55359
G1 X110.943 Y96.505 E3.58891
G1 X111.857 Y97.227 E3.63464
G1 X112.324 Y97.663 E3.65973
G1 X113.229 Y98.694 E3.7136
G1 X113.744 Y99.43 E3.74887
G1 X114.197 Y100.215 E3.78446
G1 X114.497 Y100.847 E3.81193
M73 P61 R12
G1 X114.741 Y101.452 E3.83754
G1 X114.978 Y102.203 E3.86846
G1 X115.226 Y103.319 E3.91335
G1 X115.333 Y104.216 E3.94882
G1 X115.367 Y104.994 E3.9794
G1 X115.277 Y106.36 E4.03315
G1 X115.122 Y107.24 E4.06823
M73 Q61 S12
G1 X114.805 Y108.361 E4.11397
G1 X114.582 Y108.959 E4.13903
G1 X113.975 Y110.189 E4.19289
G1 X113.492 Y110.946 E4.22815
G1 X112.946 Y111.659 E4.26341
G1 X111.999 Y112.648 E4.31717
G1 X111.311 Y113.225 E4.35243
G1 X110.57 Y113.744 E4.38795
G1 X109.793 Y114.193 E4.42319
G1 X108.539 Y114.744 E4.47697
G1 X107.683 Y115.014 E4.51221
G1 X106.807 Y115.208 E4.54744
G1 X105.446 Y115.357 E4.6012
G1 X104.552 Y115.357 E4.6363
G1 X103.393 Y115.24 E4.68204
G1 X102.765 Y115.123 E4.70712
G1 X101.448 Y114.74 E4.76097
G1 X100.619 Y114.396 E4.79621
G1 X99.816 Y113.978 E4.83176
G1 X99.054 Y113.492 E4.86725
G1 X98.336 Y112.942 E4.90276
G1 X97.674 Y112.335 E4.93803
G1 X96.77 Y111.304 E4.99187
G1 X96.54 Y110.98 E5.00747
G1 X96.177 Y111.172 F7800
;TYPE:External perimeter
G1 F884.349
G1 X96.03 Y110.965 E5.01744
G1 X95.669 Y110.388 E5.04416
G1 X95.235 Y109.554 E5.08108
G1 X94.875 Y108.685 E5.11801
G1 X94.593 Y107.79 E5.15485
G1 X94.349 Y106.613 E5.20205
G1 X94.267 Y105.942 E5.22859
G1 X94.236 Y104.529 E5.28408
G1 X94.357 Y103.335 E5.3312
G1 X94.48 Y102.671 E5.35772
G1 X94.876 Y101.313 E5.41326
G1 X95.235 Y100.446 E5.45011
G1 X95.668 Y99.614 E5.48694
G1 X96.328 Y98.609 E5.53415
G1 X96.744 Y98.076 E5.5607
G1 X97.722 Y97.055 E5.61621
G1 X98.44 Y96.453 E5.653
G1 X99.434 Y95.777 E5.7002
G1 X100.022 Y95.444 E5.72673
G1 X101.317 Y94.874 E5.78229
G1 X102.211 Y94.592 E5.8191
G1 X103.129 Y94.389 E5.85602
G1 X104.06 Y94.266 E5.89289
G1 X105.261 Y94.231 E5.94007
G1 X105.936 Y94.266 E5.96661
G1 X107.334 Y94.481 E6.02215
G1 X108.238 Y94.723 E6.0589
G1 X109.556 Y95.236 E6.11443
G1 X110.387 Y95.669 E6.15122
G1 X111.179 Y96.173 E6.18808
G1 X112.122 Y96.918 E6.23527
G1 X112.617 Y97.379 E6.26183
G1 X113.549 Y98.443 E6.31737
G1 X114.087 Y99.211 E6.35419
G1 X114.558 Y100.025 E6.39112
G1 X114.87 Y100.683 E6.41971
G1 X115.125 Y101.314 E6.44643
G1 X115.408 Y102.211 E6.48336
G1 X115.629 Y103.266 E6.52568
G1 X115.74 Y104.198 E6.56253
G1 X115.775 Y104.998 E6.59397
G1 X115.682 Y106.409 E6.64949
G1 X115.52 Y107.331 E6.68625
G1 X115.192 Y108.487 E6.73343
G1 X114.956 Y109.121 E6.75999
G1 X114.33 Y110.389 E6.81551
G1 X113.826 Y111.18 E6.85234
G1 X113.255 Y111.924 E6.88916
G1 X112.278 Y112.945 E6.94465
G1 X111.559 Y113.548 E6.9815
G1 X110.789 Y114.087 E7.0184
G1 X109.977 Y114.556 E7.05522
G1 X108.683 Y115.126 E7.11074
G1 X107.789 Y115.408 E7.14755
G1 X106.873 Y115.611 E7.18439
G1 X105.468 Y115.765 E7.23989
G1 X104.531 Y115.765 E7.27668
G1 X103.335 Y115.643 E7.32388
G1 X102.671 Y115.52 E7.3504
G1 X101.313 Y115.124 E7.40594
G1 X100.446 Y114.765 E7.44279
G1 X99.613 Y114.331 E7.47967
G1 X98.82 Y113.826 E7.51658
G1 X98.074 Y113.254 E7.55349
G1 X97.383 Y112.62 E7.59031
G1 X96.45 Y111.557 E7.64584
G1 X96.212 Y111.221 E7.66201
G1 X95.986 Y110.89 F7800
G1 X97.005 Y109.69
;TYPE:Internal infill
;WIDTH:0.45
;HEIGHT:0.4
G1 F494.289
G1 X96.68 Y109.893 E7.68893
G1 X96.25 Y109.08 E7.75354
G1 X95.928 Y108.302 E7.81269
G1 X95.678 Y107.508 E7.87117
G1 X95.452 Y106.412 E7.94978
G1 X95.369 Y105.137 E8.03954
G1 X96.844 Y100.723 E8.36648
G92 E0
G1 X98.661 Y97.728 F7800
G1 F494.289
G1 X99.115 Y97.347 E.04164
G1 X100.042 Y96.719 E.1203
G1 X100.686 Y96.375 E.17159
G1 X100.778 Y96.584 E.18763
G1 X102.093 Y96.301 E.28212
G1 X100.874 Y96.763 F7800
G1 F494.289
G1 X101.723 Y98.34 E.40794
G92 E0
G1 X108.221 Y96.109 F7800
G1 F494.289
G1 X108.285 Y95.943 E.0125
G1 X109.093 Y96.257 E.0734
G1 X109.751 Y96.599 E.1255
G1 X110.649 Y97.181 E.20067
G1 X111.445 Y97.817 E.27225
G1 X112.668 Y99.135 E.39856
G1 X113.142 Y99.813 E.45667
G1 X113.642 Y100.726 E.5298
G1 X112.788 Y99.787 E.61897
G92 E0
G1 X112.254 Y111.351 F7800
G1 F494.289
G1 X111.511 Y112.127 E.07547
G1 X110.434 Y112.969 E.17151
G1 X110.175 Y112.6 E.20318
G92 E0
G1 X102.829 Y110.258 F7800
G1 F494.289
G1 X103.068 Y110.25 E.0168
G1 X104.072 Y110.517 E.08978
G1 X105.23 Y110.59 E.17129
G1 X105.471 Y110.556 E.18839
G92 E0
G1 X105.569 Y114.32 F7800
G1 F494.289
G1 X102.423 Y114.282 E.22102
G1 X101.685 Y114.066 E.27504
G1 X100.17 Y113.359 E.39249
;LAYER_CHANGE
;Z:7.95
;HEIGHT:0.2
G92 E0
G1 Z7.95 F7800
G1 X104.334 Y110.225
;TYPE:Perimeter
;WIDTH:0.449999
G1 F884.349
G1 X103.995 Y110.19 E.01338
G1 X103.275 Y109.997 E.04265
G1 X102.556 Y109.664 E.07376
G1 X102.085 Y109.41 E.09477
G1 X101.495 Y108.957 E.12398
G1 X100.957 Y108.373 E.15516
G1 X100.62 Y107.959 E.17612
G1 X100.247 Y107.314 E.20538
G1 X99.944 Y106.525 E.23857
G1 X99.817 Y105.929 E.2625
G1 X99.727 Y105.341 E.28586
G1 X99.747 Y104.438 E.32132
G1 X99.918 Y103.623 E.35402
G1 X100.073 Y103.089 E.37585
G1 X100.485 Y102.255 E.41237
G1 X100.937 Y101.633 E.44256
G1 X101.18 Y101.349 E.45724
G1 X101.879 Y100.736 E.49374
G1 X102.535 Y100.334 E.52395
G1 X102.868 Y100.165 E.53861
G1 X103.748 Y99.866 E.5751
G1 X104.597 Y99.741 E.60879
G1 X105.027 Y99.72 E.62569
G1 X105.816 Y99.778 E.65675
G1 X106.686 Y99.993 E.69194
G1 X107.477 Y100.352 E.72605
G1 X107.915 Y100.59 E.74562
G1 X108.505 Y101.043 E.77483
G1 X109.091 Y101.682 E.80887
G1 X109.38 Y102.041 E.82697
G1 X109.753 Y102.686 E.85623
G1 X110.081 Y103.543 E.89226
G1 X110.273 Y104.659 E.93672
G1 X110.241 Y105.523 E.97067
G1 X110.182 Y106.032 E.99079
G1 X109.997 Y106.725 E1.01895
G1 X109.664 Y107.444 E1.05006
G1 X109.41 Y107.915 E1.07107
G1 X108.957 Y108.505 E1.10028
G1 X108.373 Y109.043 E1.13146
G1 X107.959 Y109.38 E1.15242
G1 X107.314 Y109.753 E1.18168
G1 X106.525 Y110.056 E1.21487
G1 X105.929 Y110.183 E1.2388
G1 X105.341 Y110.273 E1.26216
G1 X104.49 Y110.242 E1.2956
G1 X104.394 Y110.232 E1.29939
G1 X104.379 Y109.814 F7800
G1 F884.349
G1 X104.1 Y109.796 E1.31037
G1 X103.381 Y109.604 E1.33959
G1 X102.736 Y109.299 E1.3676
G1 X102.272 Y109.04 E1.38846
G1 X101.742 Y108.634 E1.41467
G1 X101.263 Y108.105 E1.44269
G1 X100.934 Y107.689 E1.46351
G1 X100.6 Y107.11 E1.48976
G1 X100.326 Y106.386 E1.52016
G1 X100.219 Y105.867 E1.54097
G1 X100.128 Y105.273 E1.56457
G1 X100.153 Y104.456 E1.59666
G1 X100.313 Y103.72 E1.62623
G1 X100.44 Y103.266 E1.64474
G1 X100.85 Y102.435 E1.68112
G1 X101.448 Y101.655 E1.71971
G1 X102.147 Y101.042 E1.75621
G1 X102.739 Y100.687 E1.78331
G1 X102.999 Y100.55 E1.79485
G1 X103.885 Y100.25 E1.83158
G1 X104.646 Y100.145 E1.86174
G1 X104.997 Y100.126 E1.87554
G1 X105.786 Y100.184 E1.9066
G1 X106.58 Y100.386 E1.93877
G1 X107.297 Y100.718 E1.96979
G1 X107.667 Y100.913 E1.98621
G1 X108.258 Y101.366 E2.01545
G1 X109.028 Y102.245 E2.06133
G1 X109.4 Y102.889 E2.09053
G1 X109.699 Y103.682 E2.12381
G1 X109.871 Y104.721 E2.16516
G1 X109.835 Y105.496 E2.19562
G1 X109.789 Y105.927 E2.21264
G1 X109.604 Y106.619 E2.24077
G1 X109.299 Y107.264 E2.26878
G1 X109.04 Y107.728 E2.28964
G1 X108.634 Y108.258 E2.31585
G1 X108.105 Y108.737 E2.34387
G1 X107.689 Y109.066 E2.36469
G1 X107.111 Y109.4 E2.3909
G1 X106.386 Y109.674 E2.42133
G1 X105.867 Y109.781 E2.44214
G1 X105.273 Y109.872 E2.46574
G1 X104.439 Y109.818 E2.49856
G1 X104.423 Y109.417 F7800
;TYPE:External perimeter
G1 F884.349
G1 X104.206 Y109.403 E2.5071
G1 X103.486 Y109.21 E2.53637
G1 X102.916 Y108.934 E2.56124
G1 X102.52 Y108.717 E2.57897
G1 X101.99 Y108.311 E2.60518
G1 X101.569 Y107.837 E2.63007
G1 X101.286 Y107.485 E2.6478
G1 X100.952 Y106.907 E2.67401
G1 X100.709 Y106.247 E2.70163
G1 X100.531 Y105.217 E2.74267
G1 X100.56 Y104.474 E2.77187
G1 X100.805 Y103.446 E2.81336
G1 X101.215 Y102.615 E2.84974
G1 X101.717 Y101.961 E2.88211
G1 X102.416 Y101.348 E2.91861
G1 X102.942 Y101.039 E2.94256
G1 X103.412 Y100.84 E2.9626
G1 X104.012 Y100.636 E2.98748
G1 X104.695 Y100.55 E3.01451
G1 X104.967 Y100.532 E3.02521
G1 X105.757 Y100.59 E3.05631
G1 X106.475 Y100.779 E3.08546
G1 X107.419 Y101.236 E3.12664
G1 X108.01 Y101.689 E3.15588
G1 X108.675 Y102.448 E3.1955
G1 X109.048 Y103.093 E3.22476
G1 X109.316 Y103.822 E3.25526
G1 X109.469 Y104.783 E3.29347
G1 X109.396 Y105.822 E3.33437
G1 X109.21 Y106.514 E3.36251
G1 X108.934 Y107.084 E3.38738
G1 X108.717 Y107.48 E3.40511
G1 X108.311 Y108.01 E3.43132
G1 X107.837 Y108.431 E3.45621
G1 X107.485 Y108.714 E3.47394
G1 X106.907 Y109.048 E3.50015
G1 X106.247 Y109.291 E3.52777
G1 X105.217 Y109.469 E3.56881
G1 X104.483 Y109.421 E3.59769
G1 X104.087 Y109.364 F7800
G92 E0
G1 X96.844 Y110.683
;TYPE:Perimeter
G1 F884.349
G1 X96.594 Y110.342 E.0166
G1 X96.166 Y109.599 E.05027
G1 X95.798 Y108.811 E.08442
G1 X95.505 Y108.005 E.11809
G1 X95.19 Y106.718 E.17012
G1 X95.078 Y105.868 E.20378
G1 X95.04 Y105 E.23789
G1 X95.078 Y104.132 E.272
G1 X95.191 Y103.27 E.30614
G1 X95.377 Y102.433 E.33981
G1 X95.803 Y101.178 E.39185
G1 X96.166 Y100.401 E.42552
G1 X96.597 Y99.654 E.45938
G1 X97.237 Y98.764 E.50242
M73 P62 R12
G1 X97.647 Y98.282 E.52727
G1 X98.607 Y97.364 E.57942
G1 X99.282 Y96.845 E.61285
G1 X100.214 Y96.268 E.65589
G1 X100.788 Y95.975 E.68119
M73 Q62 S12
G1 X101.593 Y95.641 E.71541
G1 X102.422 Y95.38 E.74954
G1 X103.27 Y95.191 E.78365
G1 X104.126 Y95.079 E.81755
G1 X105.221 Y95.045 E.86057
G1 X105.854 Y95.077 E.88546
G1 X107.166 Y95.279 E.93758
G1 X107.995 Y95.501 E.97128
G1 X108.811 Y95.798 E1.00538
G1 X109.599 Y96.166 E1.03953
G1 X110.346 Y96.597 E1.07339
G1 X111.236 Y97.237 E1.11643
G1 X111.718 Y97.647 E1.14128
G1 X112.636 Y98.607 E1.19343
G1 X113.155 Y99.282 E1.22686
G1 X113.732 Y100.214 E1.2699
G1 X114.02 Y100.778 E1.29477
G1 X114.456 Y101.897 E1.34192
G1 X114.611 Y102.425 E1.36353
G1 X114.751 Y103.029 E1.38787
G1 X114.928 Y104.271 E1.43713
G1 X114.96 Y105 E1.46578
G1 X114.922 Y105.872 E1.50005
G1 X114.843 Y106.507 E1.52518
G1 X114.725 Y107.152 E1.55093
G1 X114.499 Y107.995 E1.5852
G1 X114.202 Y108.811 E1.6193
G1 X113.839 Y109.589 E1.65301
G1 X113.152 Y110.722 E1.70504
G1 X112.63 Y111.402 E1.7387
G1 X112.043 Y112.043 E1.77283
G1 X111.41 Y112.622 E1.80651
G1 X110.342 Y113.406 E1.85853
G1 X109.599 Y113.834 E1.8922
G1 X108.811 Y114.202 E1.92635
G1 X108.005 Y114.495 E1.96002
G1 X106.718 Y114.81 E2.01205
G1 X105.868 Y114.922 E2.04571
G1 X105 Y114.96 E2.07982
G1 X104.132 Y114.922 E2.11393
G1 X103.27 Y114.809 E2.14807
G1 X102.433 Y114.623 E2.18174
G1 X101.178 Y114.197 E2.23378
G1 X100.411 Y113.839 E2.26701
G1 X99.278 Y113.152 E2.31904
G1 X98.598 Y112.63 E2.3527
G1 X97.957 Y112.043 E2.38683
G1 X97.378 Y111.41 E2.42051
G1 X96.88 Y110.731 E2.45357
G1 X96.516 Y110.923 F7800
G1 F884.349
G1 X96.253 Y110.565 E2.47101
G1 X95.804 Y109.787 E2.50628
G1 X95.422 Y108.967 E2.5418
G1 X95.115 Y108.124 E2.57703
G1 X94.789 Y106.794 E2.6308
G1 X94.672 Y105.904 E2.66605
G1 X94.633 Y105 E2.70158
G1 X94.672 Y104.096 E2.73711
G1 X94.79 Y103.2 E2.77259
G1 X94.985 Y102.323 E2.80787
G1 X95.425 Y101.027 E2.86161
G1 X95.804 Y100.213 E2.89687
G1 X96.254 Y99.433 E2.93223
G1 X96.916 Y98.513 E2.97673
G1 X97.351 Y98.002 E3.00308
G1 X98.341 Y97.054 E3.0569
G1 X99.051 Y96.51 E3.09202
G1 X100.014 Y95.913 E3.13651
G1 X100.617 Y95.605 E3.1631
G1 X101.454 Y95.258 E3.19868
G1 X102.317 Y94.986 E3.23421
G1 X103.2 Y94.79 E3.26972
G1 X104.093 Y94.673 E3.30508
G1 X105.225 Y94.638 E3.34955
G1 X105.895 Y94.672 E3.37589
G1 X107.25 Y94.88 E3.42972
G1 X108.118 Y95.113 E3.46501
G1 X108.967 Y95.422 E3.50048
G1 X109.787 Y95.804 E3.536
G1 X110.567 Y96.254 E3.57136
G1 X111.487 Y96.916 E3.61586
G1 X111.998 Y97.351 E3.64221
G1 X112.946 Y98.341 E3.69603
G1 X113.49 Y99.051 E3.73115
G1 X114.087 Y100.014 E3.77564
G1 X114.392 Y100.611 E3.80196
G1 X114.835 Y101.749 E3.84991
G1 X115.005 Y102.319 E3.87326
G1 X115.153 Y102.967 E3.89936
G1 X115.335 Y104.253 E3.95036
G1 X115.367 Y105 E3.97972
G1 X115.328 Y105.906 E4.01533
G1 X115.246 Y106.569 E4.04156
G1 X115.122 Y107.242 E4.06843
G1 X114.887 Y108.118 E4.10404
G1 X114.578 Y108.967 E4.13951
G1 X114.199 Y109.781 E4.17477
G1 X113.488 Y110.952 E4.22856
G1 X112.942 Y111.664 E4.26379
G1 X112.331 Y112.331 E4.29931
G1 X111.669 Y112.937 E4.33455
G1 X110.565 Y113.747 E4.38831
G1 X109.787 Y114.196 E4.42358
G1 X108.967 Y114.578 E4.4591
G1 X108.124 Y114.885 E4.49433
G1 X106.794 Y115.211 E4.5481
G1 X105.904 Y115.328 E4.58335
G1 X105 Y115.367 E4.61888
G1 X104.096 Y115.328 E4.65441
G1 X103.2 Y115.21 E4.68989
G1 X102.323 Y115.015 E4.72517
G1 X101.027 Y114.575 E4.77891
G1 X100.219 Y114.199 E4.8139
G1 X99.048 Y113.488 E4.86769
G1 X98.336 Y112.942 E4.90292
G1 X97.669 Y112.331 E4.93844
G1 X97.063 Y111.669 E4.97368
G1 X96.551 Y110.972 E5.00764
G1 X96.188 Y111.164 F7800
;TYPE:External perimeter
G1 F884.349
G1 X95.912 Y110.787 E5.02599
G1 X95.443 Y109.975 E5.06281
G1 X95.045 Y109.123 E5.09973
G1 X94.725 Y108.242 E5.13653
G1 X94.389 Y106.869 E5.19203
G1 X94.266 Y105.939 E5.22886
G1 X94.225 Y105 E5.26576
G1 X94.266 Y104.061 E5.30266
G1 X94.389 Y103.129 E5.33957
G1 X94.592 Y102.213 E5.37641
G1 X95.046 Y100.875 E5.43189
G1 X95.443 Y100.025 E5.46873
G1 X95.912 Y99.212 E5.50558
G1 X96.595 Y98.262 E5.55152
G1 X97.054 Y97.723 E5.57932
G1 X98.076 Y96.745 E5.63486
G1 X98.819 Y96.174 E5.67165
G1 X99.814 Y95.558 E5.7176
G1 X100.446 Y95.235 E5.74547
G1 X101.315 Y94.875 E5.7824
G1 X102.211 Y94.592 E5.81929
G1 X103.129 Y94.389 E5.85621
G1 X104.06 Y94.266 E5.89308
G1 X105.229 Y94.23 E5.939
M73 P62 R11
G1 X105.936 Y94.266 E5.9668
G1 X107.334 Y94.481 E6.02234
G1 X108.24 Y94.724 E6.05917
G1 X109.123 Y95.045 E6.09606
G1 X109.975 Y95.443 E6.13298
G1 X110.788 Y95.912 E6.16983
G1 X111.738 Y96.595 E6.21577
G1 X112.277 Y97.054 E6.24357
G1 X113.255 Y98.076 E6.29911
G1 X113.826 Y98.819 E6.3359
G1 X114.442 Y99.814 E6.38185
G1 X114.764 Y100.444 E6.40963
G1 X115.214 Y101.602 E6.45841
G1 X115.398 Y102.214 E6.4835
G1 X115.556 Y102.905 E6.51133
G1 X115.741 Y104.235 E6.56405
G1 X115.775 Y105 E6.59412
G1 X115.734 Y105.94 E6.63106
G1 X115.648 Y106.631 E6.6584
G1 X115.52 Y107.331 E6.68634
G1 X115.276 Y108.24 E6.72329
G1 X114.955 Y109.123 E6.76018
G1 X114.558 Y109.973 E6.79702
G1 X113.825 Y111.182 E6.85253
G1 X113.254 Y111.926 E6.88935
G1 X112.619 Y112.619 E6.92626
G1 X111.927 Y113.253 E6.96311
M73 Q62 S11
G1 X110.787 Y114.088 E7.01859
G1 X109.975 Y114.557 E7.05541
G1 X109.123 Y114.955 E7.09233
G1 X108.242 Y115.275 E7.12913
G1 X106.869 Y115.611 E7.18463
G1 X105.939 Y115.734 E7.22146
G1 X105 Y115.775 E7.25836
G1 X104.061 Y115.734 E7.29526
G1 X103.129 Y115.611 E7.33217
G1 X102.213 Y115.408 E7.36901
G1 X100.875 Y114.954 E7.42449
G1 X100.027 Y114.558 E7.46124
G1 X98.818 Y113.825 E7.51675
G1 X98.074 Y113.254 E7.55357
G1 X97.381 Y112.619 E7.59048
G1 X96.747 Y111.927 E7.62733
G1 X96.223 Y111.212 E7.66214
G1 X95.987 Y110.89 F7800
;LAYER_CHANGE
;Z:8.15
;HEIGHT:0.2
G92 E0
G1 Z8.15 F7800
G1 X104.334 Y110.225
;TYPE:Perimeter
G1 F884.349
G1 X103.995 Y110.19 E.01338
G1 X103.276 Y109.997 E.04261
G1 X102.527 Y109.658 E.07489
G1 X102.193 Y109.477 E.08981
G1 X101.504 Y108.964 E.12354
G1 X100.957 Y108.373 E.15516
G1 X100.62 Y107.959 E.17612
G1 X100.247 Y107.314 E.20538
G1 X99.938 Y106.509 E.23924
G1 X99.767 Y105.756 E.26956
G1 X99.716 Y104.861 E.30476
G1 X99.823 Y104.035 E.33746
G1 X99.918 Y103.547 E.35698
G1 X100.172 Y102.847 E.38622
G1 X100.505 Y102.216 E.41423
G1 X101.043 Y101.495 E.44955
G1 X101.654 Y100.933 E.48215
G1 X102.041 Y100.62 E.50169
G1 X102.686 Y100.247 E.53095
G1 X103.748 Y99.866 E.57525
G1 X104.601 Y99.741 E.6091
G1 X105 Y99.719 E.62479
G1 X105.816 Y99.778 E.65691
G1 X106.686 Y99.993 E.6921
G1 X107.477 Y100.352 E.72621
G1 X107.915 Y100.59 E.74578
G1 X108.505 Y101.044 E.77501
G1 X109.067 Y101.654 E.80758
G1 X109.38 Y102.041 E.82712
G1 X109.753 Y102.686 E.85638
G1 X110.069 Y103.509 E.89099
G1 X110.273 Y104.659 E.93685
G1 X110.242 Y105.51 E.97029
G1 X110.19 Y106.005 E.98983
G1 X109.997 Y106.724 E1.01906
G1 X109.654 Y107.497 E1.05227
G1 X109.321 Y108.008 E1.07622
G1 X108.97 Y108.488 E1.09957
G1 X108.373 Y109.043 E1.13158
G1 X107.959 Y109.38 E1.15254
G1 X107.314 Y109.753 E1.1818
G1 X106.57 Y110.026 E1.21292
G1 X106.057 Y110.179 E1.23394
G1 X105.319 Y110.276 E1.26317
G1 X104.49 Y110.242 E1.29575
G1 X104.394 Y110.232 E1.29954
G1 X104.379 Y109.815 F7800
G1 F884.349
G1 X104.1 Y109.796 E1.31052
G1 X103.381 Y109.604 E1.33974
G1 X102.436 Y109.151 E1.38089
G1 X101.748 Y108.638 E1.41459
G1 X101.263 Y108.105 E1.44289
G1 X100.934 Y107.689 E1.46371
G1 X100.6 Y107.111 E1.48992
G1 X100.32 Y106.37 E1.52102
G1 X100.166 Y105.677 E1.54889
G1 X100.123 Y104.844 E1.58164
G1 X100.3 Y103.686 E1.62764
G1 X100.555 Y102.986 E1.65689
G1 X100.862 Y102.411 E1.68248
G1 X101.366 Y101.742 E1.71537
G1 X102.245 Y100.972 E1.76125
G1 X102.89 Y100.6 E1.79049
G1 X103.879 Y100.252 E1.83166
G1 X104.65 Y100.145 E1.86222
G1 X104.971 Y100.125 E1.87485
G1 X105.786 Y100.184 E1.90693
G1 X106.58 Y100.386 E1.9391
G1 X107.297 Y100.718 E1.97012
G1 X107.667 Y100.913 E1.98654
G1 X108.258 Y101.366 E2.01578
G1 X109.028 Y102.245 E2.06166
G1 X109.4 Y102.889 E2.09086
G1 X109.686 Y103.648 E2.12271
G1 X109.871 Y104.721 E2.16546
G1 X109.835 Y105.483 E2.19541
G1 X109.796 Y105.9 E2.21185
G1 X109.604 Y106.619 E2.24107
G1 X109.285 Y107.324 E2.27145
G1 X108.993 Y107.768 E2.29232
G1 X108.638 Y108.252 E2.31589
G1 X108.105 Y108.737 E2.34419
G1 X107.689 Y109.066 E2.36501
G1 X107.11 Y109.4 E2.39126
G1 X106.439 Y109.641 E2.41925
G1 X105.928 Y109.786 E2.44011
G1 X105.266 Y109.873 E2.46633
G1 X104.439 Y109.819 E2.49887
G1 X104.423 Y109.417 F7800
;TYPE:External perimeter
G1 F884.349
G1 X104.206 Y109.403 E2.50741
G1 X103.486 Y109.21 E2.53668
G1 X102.878 Y108.923 E2.56308
G1 X102.49 Y108.683 E2.58099
G1 X101.992 Y108.312 E2.60537
G1 X101.569 Y107.837 E2.63034
G1 X101.286 Y107.485 E2.64807
G1 X100.952 Y106.907 E2.67428
G1 X100.703 Y106.23 E2.7026
G1 X100.565 Y105.597 E2.72804
G1 X100.529 Y104.826 E2.75835
G1 X100.683 Y103.825 E2.79812
G1 X100.938 Y103.125 E2.82737
G1 X101.219 Y102.607 E2.85051
G1 X101.689 Y101.99 E2.88096
G1 X102.448 Y101.325 E2.92058
G1 X103.093 Y100.952 E2.94984
G1 X104.01 Y100.637 E2.98791
G1 X104.941 Y100.531 E3.0247
G1 X105.757 Y100.59 E3.05682
G1 X106.475 Y100.779 E3.08597
G1 X107.419 Y101.236 E3.12715
G1 X108.01 Y101.689 E3.15639
G1 X108.675 Y102.448 E3.19601
G1 X109.048 Y103.093 E3.22527
G1 X109.304 Y103.787 E3.25431
G1 X109.469 Y104.783 E3.29395
G1 X109.403 Y105.794 E3.33373
G1 X109.21 Y106.514 E3.363
G1 X108.916 Y107.152 E3.39058
G1 X108.313 Y108.006 E3.43163
G1 X107.837 Y108.431 E3.45669
G1 X107.485 Y108.714 E3.47442
G1 X106.907 Y109.048 E3.50063
G1 X106.308 Y109.255 E3.52551
G1 X105.875 Y109.382 E3.54323
G1 X105.213 Y109.469 E3.56945
G1 X104.483 Y109.421 E3.59818
G1 X104.087 Y109.364 F7800
G92 E0
G1 X96.844 Y110.683
;TYPE:Perimeter
G1 F884.349
G1 X96.594 Y110.342 E.0166
G1 X96.166 Y109.599 E.05027
M73 P63 R11
G1 X95.798 Y108.811 E.08442
G1 X95.503 Y108 E.1183
G1 X95.239 Y106.969 E.16009
G1 X95.127 Y106.314 E.18618
G1 X95.041 Y104.989 E.23832
G1 X95.078 Y104.132 E.272
M73 Q63 S11
G1 X95.191 Y103.27 E.30614
G1 X95.377 Y102.433 E.33981
G1 X95.803 Y101.178 E.39185
G1 X96.166 Y100.401 E.42552
G1 X96.6 Y99.649 E.45961
G1 X97.092 Y98.946 E.4933
G1 X97.966 Y97.95 E.54533
G1 X98.598 Y97.37 E.57901
G1 X99.283 Y96.845 E.6129
G1 X100.187 Y96.283 E.6547
G1 X100.788 Y95.974 E.68123
G1 X101.593 Y95.641 E.71544
G1 X102.422 Y95.38 E.74957
G1 X103.27 Y95.191 E.78368
G1 X104.126 Y95.079 E.81758
G1 X105.191 Y95.044 E.85942
G1 X105.854 Y95.077 E.88548
G1 X107.166 Y95.279 E.9376
G1 X107.995 Y95.501 E.9713
G1 X108.811 Y95.798 E1.0054
G1 X109.599 Y96.166 E1.03955
G1 X110.351 Y96.6 E1.07364
G1 X111.054 Y97.092 E1.10733
G1 X112.05 Y97.966 E1.15936
G1 X112.63 Y98.598 E1.19304
G1 X113.159 Y99.287 E1.22715
G1 X113.62 Y100.011 E1.26085
G1 X114.206 Y101.199 E1.31286
G1 X114.464 Y101.909 E1.34252
G1 X114.611 Y102.425 E1.36359
G1 X114.751 Y103.029 E1.38793
G1 X114.928 Y104.271 E1.43719
G1 X114.96 Y105 E1.46584
G1 X114.922 Y105.868 E1.49995
G1 X114.81 Y106.719 E1.53365
G1 X114.495 Y108.005 E1.58564
G1 X114.202 Y108.811 E1.61931
G1 X113.839 Y109.589 E1.65302
G1 X113.152 Y110.722 E1.70505
G1 X112.63 Y111.402 E1.73871
G1 X112.043 Y112.043 E1.77284
G1 X111.41 Y112.622 E1.80652
G1 X110.342 Y113.406 E1.85854
G1 X109.599 Y113.834 E1.89221
G1 X108.811 Y114.202 E1.92636
G1 X108.005 Y114.495 E1.96003
G1 X106.718 Y114.81 E2.01206
G1 X105.868 Y114.922 E2.04572
G1 X105 Y114.96 E2.07983
G1 X104.132 Y114.922 E2.11394
G1 X103.27 Y114.809 E2.14808
G1 X102.418 Y114.619 E2.18236
G1 X101.835 Y114.442 E2.20628
G1 X101.191 Y114.203 E2.23325
G1 X100.411 Y113.839 E2.26705
G1 X99.278 Y113.152 E2.31908
G1 X98.598 Y112.63 E2.35274
G1 X97.957 Y112.043 E2.38687
G1 X97.378 Y111.41 E2.42055
G1 X96.88 Y110.731 E2.45361
G1 X96.516 Y110.923 F7800
G1 F884.349
G1 X96.253 Y110.565 E2.47105
G1 X95.804 Y109.787 E2.50632
G1 X95.422 Y108.967 E2.54184
G1 X95.114 Y108.121 E2.57719
G1 X94.841 Y107.053 E2.62047
G1 X94.723 Y106.361 E2.64803
G1 X94.633 Y104.993 E2.70186
G1 X94.672 Y104.096 E2.73711
G1 X94.79 Y103.2 E2.77259
G1 X94.985 Y102.323 E2.80787
G1 X95.425 Y101.027 E2.86161
G1 X95.804 Y100.213 E2.89687
G1 X96.256 Y99.43 E2.93237
G1 X96.771 Y98.694 E2.96764
G1 X97.674 Y97.665 E3.02139
G1 X98.336 Y97.058 E3.05666
G1 X99.051 Y96.51 E3.09203
G1 X99.987 Y95.928 E3.13531
G1 X100.617 Y95.605 E3.16311
G1 X101.454 Y95.258 E3.19869
G1 X102.317 Y94.986 E3.23422
G1 X103.2 Y94.79 E3.26973
G1 X104.093 Y94.673 E3.30509
G1 X105.194 Y94.637 E3.34834
G1 X105.895 Y94.672 E3.3759
G1 X107.25 Y94.88 E3.42973
G1 X108.118 Y95.113 E3.46502
G1 X108.967 Y95.422 E3.50049
G1 X109.787 Y95.804 E3.53601
G1 X110.57 Y96.256 E3.57151
G1 X111.306 Y96.771 E3.60678
G1 X112.335 Y97.674 E3.66053
G1 X112.942 Y98.336 E3.6958
G1 X113.492 Y99.054 E3.73131
G1 X113.975 Y99.811 E3.76657
G1 X114.58 Y101.039 E3.82032
G1 X114.846 Y101.77 E3.85086
G1 X115.005 Y102.319 E3.8733
G1 X115.153 Y102.967 E3.8994
G1 X115.335 Y104.253 E3.9504
G1 X115.367 Y105 E3.97976
G1 X115.328 Y105.904 E4.01529
G1 X115.211 Y106.794 E4.05054
G1 X114.885 Y108.124 E4.10431
G1 X114.578 Y108.967 E4.13954
G1 X114.199 Y109.781 E4.1748
G1 X113.488 Y110.952 E4.22859
G1 X112.942 Y111.664 E4.26382
G1 X112.331 Y112.331 E4.29934
G1 X111.669 Y112.937 E4.33458
G1 X110.565 Y113.747 E4.38834
G1 X109.787 Y114.196 E4.42361
G1 X108.967 Y114.578 E4.45913
G1 X108.124 Y114.885 E4.49436
G1 X106.794 Y115.211 E4.54813
G1 X105.904 Y115.328 E4.58338
G1 X105 Y115.367 E4.61891
G1 X104.096 Y115.328 E4.65444
G1 X103.2 Y115.21 E4.68992
G1 X102.314 Y115.013 E4.72556
G1 X101.705 Y114.827 E4.75056
G1 X101.034 Y114.579 E4.77865
G1 X100.219 Y114.199 E4.81396
G1 X99.048 Y113.488 E4.86775
G1 X98.336 Y112.942 E4.90298
G1 X97.669 Y112.331 E4.9385
G1 X97.063 Y111.669 E4.97374
G1 X96.551 Y110.972 E5.0077
G1 X96.188 Y111.164 F7800
;TYPE:External perimeter
G1 F884.349
G1 X95.912 Y110.787 E5.02605
G1 X95.443 Y109.975 E5.06287
G1 X95.045 Y109.123 E5.09979
G1 X94.724 Y108.241 E5.13664
G1 X94.442 Y107.138 E5.18134
G1 X94.318 Y106.409 E5.21037
G1 X94.225 Y104.998 E5.26589
G1 X94.266 Y104.061 E5.30272
G1 X94.389 Y103.129 E5.33963
G1 X94.592 Y102.213 E5.37647
G1 X95.046 Y100.875 E5.43195
G1 X95.443 Y100.025 E5.46879
G1 X95.913 Y99.211 E5.5057
G1 X96.451 Y98.442 E5.54255
G1 X97.383 Y97.38 E5.59803
G1 X98.074 Y96.746 E5.63485
G1 X98.819 Y96.174 E5.67173
G1 X99.786 Y95.574 E5.71641
G1 X100.446 Y95.235 E5.74554
G1 X101.315 Y94.875 E5.78247
G1 X102.211 Y94.592 E5.81936
G1 X103.129 Y94.389 E5.85628
G1 X104.06 Y94.266 E5.89315
G1 X105.198 Y94.23 E5.93786
G1 X105.936 Y94.266 E5.96687
G1 X107.334 Y94.481 E6.02241
G1 X108.24 Y94.724 E6.05924
G1 X109.123 Y95.045 E6.09613
G1 X109.975 Y95.443 E6.13305
G1 X110.789 Y95.913 E6.16996
G1 X111.558 Y96.451 E6.20681
G1 X112.62 Y97.383 E6.26229
G1 X113.254 Y98.074 E6.29911
G1 X113.826 Y98.82 E6.33602
G1 X114.33 Y99.611 E6.37285
G1 X114.955 Y100.879 E6.42836
G1 X115.229 Y101.631 E6.45979
G1 X115.398 Y102.214 E6.48362
G1 X115.556 Y102.905 E6.51145
G1 X115.741 Y104.235 E6.56417
G1 X115.775 Y105 E6.59424
G1 X115.734 Y105.939 E6.63114
G1 X115.611 Y106.869 E6.66797
G1 X115.275 Y108.242 E6.72347
G1 X114.955 Y109.123 E6.76027
G1 X114.558 Y109.973 E6.79711
G1 X113.825 Y111.182 E6.85262
G1 X113.254 Y111.926 E6.88944
G1 X112.619 Y112.619 E6.92635
G1 X111.927 Y113.253 E6.9632
G1 X110.787 Y114.088 E7.01868
G1 X109.975 Y114.557 E7.0555
G1 X109.123 Y114.955 E7.09242
G1 X108.242 Y115.275 E7.12922
G1 X106.869 Y115.611 E7.18472
G1 X105.939 Y115.734 E7.22155
G1 X105 Y115.775 E7.25845
G1 X104.061 Y115.734 E7.29535
G1 X103.129 Y115.611 E7.33226
G1 X102.21 Y115.407 E7.36922
G1 X101.575 Y115.213 E7.39529
G1 X100.877 Y114.955 E7.42451
G1 X100.027 Y114.558 E7.46135
G1 X98.818 Y113.825 E7.51686
G1 X98.074 Y113.254 E7.55368
G1 X97.381 Y112.619 E7.59059
G1 X96.747 Y111.927 E7.62744
G1 X96.223 Y111.212 E7.66225
G1 X95.987 Y110.89 F7800
G1 X96.894 Y109.306
;TYPE:Internal infill
;WIDTH:0.45
;HEIGHT:0.4
G1 F494.289
G1 X97.406 Y110.932 E7.782
G1 X97.614 Y111.216 E7.80673
G1 X98.794 Y112.396 E7.92396
G1 X99.451 Y112.899 E7.98209
G1 X100.555 Y113.569 E8.07281
G1 X101.292 Y113.913 E8.12995
G1 X102.23 Y114.231 E8.19953
G1 X105.968 Y114.33 E8.46221
G92 E0
G1 X105.605 Y110.541 F7800
G1 F494.289
G1 X105.247 Y110.589 E.02537
G1 X104.083 Y110.518 E.10729
G1 X103.198 Y110.289 E.17151
G1 X102.43 Y110.225 E.22565
G1 X103.89 Y110.475 F7800
G1 F494.289
G1 X103.981 Y110.562 E.23449
G92 E0
G1 X110.357 Y112.243 F7800
G1 F494.289
G1 X109.781 Y113.377 E.08935
G1 X111.216 Y112.386 E.21186
G1 X111.827 Y111.827 E.27004
G1 X112.899 Y110.549 E.38722
G1 X113.569 Y109.445 E.47794
G1 X113.919 Y108.695 E.53608
G1 X114.202 Y107.917 E.59424
G1 X114.523 Y106.561 E.69213
G1 X114.654 Y105 E.80217
G1 X114.618 Y104.173 E.86032
G1 X114.422 Y102.897 E.95101
G1 X114.211 Y102.111 E1.00818
G1 X113.807 Y101.08 E1.08597
G1 X112.54 Y99.472 E1.22978
G92 E0
G1 X111.23 Y97.652 F7800
G1 F494.289
G1 X110.18 Y96.854 E.09265
G1 X109.458 Y96.437 E.15122
G1 X109.197 Y96.315 E.17146
G1 X107.824 Y96.06 E.26956
G92 E0
G1 X101.912 Y98.692 F7800
G1 F494.289
G1 X100.872 Y96.764 E.15389
G1 X102.484 Y96.216 F7800
G1 F494.289
G1 X100.776 Y96.585 E.27664
G1 X100.669 Y96.379 E.29295
G1 X99.456 Y97.097 E.39197
G1 X98.652 Y97.743 E.46442
G92 E0
G1 X96.963 Y100.342 F7800
G1 F494.289
G1 X95.389 Y105.641 E.38833
G1 X95.51 Y106.743 E.46621
M73 P64 R11
M73 Q64 S11
G1 X95.84 Y108.034 E.55982
;LAYER_CHANGE
;Z:8.35
;HEIGHT:0.200001
G92 E0
G1 Z8.35 F7800
G1 X104.334 Y110.231
;TYPE:Perimeter
;WIDTH:0.449999
G1 F884.349
G1 X104.192 Y110.222 E.00559
G1 X103.671 Y110.103 E.02657
G1 X103.089 Y109.927 E.05044
G1 X102.255 Y109.515 E.08696
G1 X101.526 Y108.981 E.12244
G1 X100.839 Y108.238 E.16217
G1 X100.62 Y107.959 E.1761
G1 X100.247 Y107.314 E.20536
G1 X99.957 Y106.544 E.23767
G1 X99.85 Y106.184 E.25242
G1 X99.725 Y105.331 E.28627
G1 X99.752 Y104.46 E.32049
G1 X99.789 Y104.124 E.33376
G1 X99.999 Y103.29 E.36753
G1 X100.352 Y102.523 E.40068
G1 X100.59 Y102.085 E.42025
G1 X101.043 Y101.495 E.44946
G1 X101.671 Y100.908 E.48321
G1 X101.898 Y100.719 E.49481
G1 X102.519 Y100.347 E.52323
G1 X102.868 Y100.165 E.53868
G1 X103.748 Y99.866 E.57517
G1 X104.604 Y99.74 E.60914
G1 X104.974 Y99.717 E.6237
G1 X105.816 Y99.778 E.65685
G1 X106.686 Y99.993 E.69204
G1 X107.477 Y100.352 E.72615
G1 X107.915 Y100.59 E.74572
G1 X108.505 Y101.044 E.77495
G1 X109.007 Y101.55 E.80294
G1 X109.319 Y101.976 E.82367
G1 X109.612 Y102.414 E.84436
G1 X109.935 Y103.106 E.87435
G1 X110.17 Y103.921 E.90765
G1 X110.271 Y104.627 E.93565
G1 X110.241 Y105.528 E.97105
G1 X110.181 Y106.036 E.99114
G1 X109.997 Y106.725 E1.01914
G1 X109.72 Y107.382 E1.04714
G1 X109.249 Y108.144 E1.08231
G1 X108.663 Y108.807 E1.11705
G1 X108.087 Y109.293 E1.14664
G1 X107.349 Y109.733 E1.18038
G1 X106.491 Y110.069 E1.21656
G1 X105.637 Y110.228 E1.25067
G1 X105.12 Y110.283 E1.27108
G1 X104.394 Y110.235 E1.29965
G1 X104.378 Y109.826 F7800
G1 F884.349
G1 X104.218 Y109.816 E1.30594
G1 X103.381 Y109.604 E1.33984
G1 X102.736 Y109.299 E1.36785
G1 X102.272 Y109.04 E1.38871
G1 X101.742 Y108.634 E1.41492
G1 X100.972 Y107.755 E1.4608
G1 X100.6 Y107.11 E1.49004
G1 X100.253 Y106.125 E1.53105
G1 X100.128 Y105.273 E1.56486
G1 X100.184 Y104.223 E1.60615
G1 X100.394 Y103.389 E1.63992
G1 X100.913 Y102.333 E1.68612
G1 X101.366 Y101.743 E1.71533
G1 X102.121 Y101.059 E1.75533
G1 X102.999 Y100.55 E1.79518
G1 X103.885 Y100.25 E1.83191
G1 X104.653 Y100.144 E1.86235
G1 X104.944 Y100.123 E1.87381
G1 X105.786 Y100.184 E1.90696
G1 X106.58 Y100.386 E1.93913
G1 X107.297 Y100.718 E1.97015
G1 X107.667 Y100.913 E1.98657
G1 X108.258 Y101.366 E2.01581
G1 X108.713 Y101.832 E2.04138
G1 X109.199 Y102.514 E2.07426
G1 X109.566 Y103.278 E2.10754
G1 X109.777 Y104.026 E2.13806
G1 X109.866 Y104.671 E2.16363
G1 X109.834 Y105.501 E2.19624
G1 X109.788 Y105.931 E2.21322
G1 X109.604 Y106.619 E2.24118
G1 X109.348 Y107.218 E2.26676
G1 X108.906 Y107.926 E2.29953
G1 X108.363 Y108.532 E2.33148
G1 X107.832 Y108.975 E2.35863
G1 X107.145 Y109.38 E2.38994
G1 X106.352 Y109.686 E2.42331
G1 X105.575 Y109.825 E2.4543
G1 X105.146 Y109.877 E2.47127
G1 X104.438 Y109.83 E2.49913
G1 X104.423 Y109.421 F7800
;TYPE:External perimeter
G1 F884.349
G1 X104.245 Y109.41 E2.50613
G1 X103.486 Y109.21 E2.53695
G1 X102.916 Y108.934 E2.56182
G1 X102.52 Y108.717 E2.57955
G1 X101.99 Y108.311 E2.60576
G1 X101.325 Y107.552 E2.64538
G1 X100.952 Y106.907 E2.67464
G1 X100.725 Y106.273 E2.70108
G1 X100.621 Y105.828 E2.71902
G1 X100.531 Y105.215 E2.74335
G1 X100.565 Y104.504 E2.7713
G1 X100.701 Y103.838 E2.79799
G1 X100.805 Y103.446 E2.81391
G1 X101.215 Y102.615 E2.85029
G1 X101.689 Y101.99 E2.88109
G1 X102.345 Y101.399 E2.91576
G1 X103.13 Y100.936 E2.95154
G1 X104.012 Y100.636 E2.98812
G1 X104.915 Y100.529 E3.02382
G1 X105.757 Y100.59 E3.05697
G1 X106.475 Y100.779 E3.08612
G1 X107.419 Y101.236 E3.1273
G1 X108.01 Y101.689 E3.15654
G1 X108.419 Y102.113 E3.17967
G1 X108.866 Y102.748 E3.21016
G1 X109.197 Y103.45 E3.24063
G1 X109.383 Y104.132 E3.26839
G1 X109.461 Y104.715 E3.29149
G1 X109.395 Y105.825 E3.33515
G1 X109.21 Y106.514 E3.36316
G1 X108.975 Y107.054 E3.38628
G1 X108.562 Y107.707 E3.41662
G1 X108.063 Y108.257 E3.44578
G1 X107.578 Y108.658 E3.47049
G1 X106.942 Y109.028 E3.49938
G1 X106.213 Y109.304 E3.52999
G1 X105.173 Y109.471 E3.57135
G1 X104.482 Y109.425 E3.59854
G1 X104.087 Y109.362 F7800
G92 E0
G1 X96.831 Y110.693
;TYPE:Perimeter
G1 F884.349
G1 X96.161 Y109.589 E.05071
G1 X95.798 Y108.811 E.08442
G1 X95.505 Y108.005 E.11809
G1 X95.19 Y106.718 E.17012
G1 X95.078 Y105.868 E.20378
G1 X95.04 Y105 E.23789
G1 X95.078 Y104.132 E.272
G1 X95.191 Y103.27 E.30614
G1 X95.377 Y102.433 E.33981
G1 X95.803 Y101.178 E.39185
G1 X96.166 Y100.401 E.42552
G1 X96.6 Y99.649 E.45961
G1 X97.092 Y98.946 E.4933
G1 X97.966 Y97.95 E.54533
G1 X98.598 Y97.37 E.57901
G1 X99.283 Y96.844 E.61292
G1 X100.161 Y96.297 E.65354
G1 X100.789 Y95.974 E.68127
G1 X101.593 Y95.641 E.71544
G1 X102.422 Y95.38 E.74957
G1 X103.27 Y95.191 E.78368
G1 X104.127 Y95.079 E.81762
G1 X105.16 Y95.044 E.8582
G1 X105.855 Y95.077 E.88552
G1 X107.166 Y95.279 E.9376
G1 X107.995 Y95.501 E.9713
G1 X108.811 Y95.798 E1.0054
G1 X109.599 Y96.166 E1.03955
G1 X110.342 Y96.594 E1.07322
G1 X111.41 Y97.378 E1.12524
G1 X112.043 Y97.957 E1.15892
G1 X112.63 Y98.598 E1.19305
G1 X113.159 Y99.287 E1.22716
G1 X113.62 Y100.011 E1.26086
G1 X114.206 Y101.199 E1.31287
G1 X114.499 Y102.005 E1.34654
G1 X114.721 Y102.834 E1.38024
G1 X114.928 Y104.27 E1.43721
G1 X114.96 Y105 E1.4659
G1 X114.922 Y105.873 E1.50021
G1 X114.852 Y106.447 E1.52291
G1 X114.724 Y107.153 E1.55108
G1 X114.499 Y107.995 E1.5853
G1 X114.202 Y108.811 E1.6194
G1 X113.839 Y109.589 E1.65311
G1 X113.152 Y110.722 E1.70514
G1 X112.63 Y111.402 E1.7388
G1 X112.043 Y112.043 E1.77293
G1 X111.41 Y112.622 E1.80661
G1 X110.342 Y113.406 E1.85863
G1 X109.599 Y113.834 E1.8923
G1 X108.811 Y114.202 E1.92645
G1 X107.995 Y114.499 E1.96055
G1 X107.156 Y114.724 E1.99466
G1 X106.3 Y114.875 E2.02879
G1 X105.445 Y114.949 E2.06249
G1 X104.121 Y114.921 E2.11449
G1 X103.27 Y114.809 E2.14819
G1 X102.433 Y114.623 E2.18186
G1 X101.178 Y114.197 E2.2339
G1 X100.411 Y113.839 E2.26713
G1 X99.278 Y113.152 E2.31916
G1 X98.598 Y112.63 E2.35282
G1 X97.961 Y112.046 E2.38675
G1 X97.27 Y111.277 E2.42734
G1 X96.864 Y110.743 E2.45368
G1 X96.501 Y110.934 F7800
G1 F884.349
G1 X95.801 Y109.781 E2.50664
G1 X95.422 Y108.967 E2.5419
G1 X95.115 Y108.124 E2.57713
G1 X94.789 Y106.794 E2.6309
G1 X94.672 Y105.904 E2.66615
G1 X94.633 Y105 E2.70168
G1 X94.672 Y104.096 E2.73721
G1 X94.79 Y103.2 E2.77269
G1 X94.985 Y102.323 E2.80797
G1 X95.425 Y101.027 E2.86171
G1 X95.804 Y100.213 E2.89697
G1 X96.256 Y99.43 E2.93247
G1 X96.771 Y98.694 E2.96774
G1 X97.674 Y97.665 E3.02149
G1 X98.336 Y97.058 E3.05676
G1 X99.051 Y96.509 E3.09216
G1 X99.959 Y95.943 E3.13417
G1 X100.617 Y95.604 E3.16323
G1 X101.454 Y95.258 E3.19879
G1 X102.317 Y94.986 E3.23432
G1 X103.2 Y94.79 E3.26983
G1 X104.094 Y94.672 E3.30524
G1 X105.163 Y94.636 E3.34724
G1 X105.896 Y94.672 E3.37606
G1 X107.25 Y94.88 E3.42985
G1 X108.118 Y95.113 E3.46514
G1 X108.967 Y95.422 E3.50061
G1 X109.787 Y95.804 E3.53613
G1 X110.565 Y96.253 E3.5714
G1 X111.669 Y97.063 E3.62516
G1 X112.331 Y97.669 E3.6604
G1 X112.942 Y98.336 E3.69592
G1 X113.492 Y99.054 E3.73143
G1 X113.975 Y99.811 E3.76669
G1 X114.58 Y101.039 E3.82044
G1 X114.887 Y101.883 E3.8557
G1 X115.12 Y102.75 E3.89095
G1 X115.335 Y104.253 E3.95057
G1 X115.367 Y105 E3.97993
G1 X115.328 Y105.907 E4.01558
G1 X115.255 Y106.507 E4.03931
G1 X115.122 Y107.242 E4.06864
G1 X114.887 Y108.118 E4.10425
G1 X114.578 Y108.967 E4.13972
G1 X114.199 Y109.781 E4.17498
G1 X113.488 Y110.952 E4.22877
G1 X112.942 Y111.664 E4.264
G1 X112.331 Y112.331 E4.29952
G1 X111.669 Y112.937 E4.33476
G1 X110.565 Y113.747 E4.38852
G1 X109.787 Y114.196 E4.42379
G1 X108.967 Y114.578 E4.45931
G1 X108.118 Y114.887 E4.49478
G1 X107.244 Y115.122 E4.53032
G1 X106.353 Y115.279 E4.56584
G1 X105.459 Y115.357 E4.60108
G1 X104.09 Y115.327 E4.65485
G1 X103.2 Y115.21 E4.6901
G1 X102.323 Y115.015 E4.72538
G1 X101.027 Y114.575 E4.77912
G1 X100.219 Y114.199 E4.81411
G1 X99.048 Y113.488 E4.8679
G1 X98.336 Y112.942 E4.90313
G1 X97.671 Y112.333 E4.93854
G1 X96.956 Y111.537 E4.98055
G1 X96.535 Y110.983 E5.00787
G1 X96.171 Y111.176 F7800
;TYPE:External perimeter
G1 F884.349
G1 X95.442 Y109.973 E5.0631
G1 X95.045 Y109.123 E5.09994
G1 X94.725 Y108.242 E5.13674
G1 X94.389 Y106.869 E5.19224
G1 X94.266 Y105.939 E5.22907
G1 X94.225 Y105 E5.26597
G1 X94.266 Y104.061 E5.30287
G1 X94.389 Y103.129 E5.33978
G1 X94.592 Y102.213 E5.37662
G1 X95.046 Y100.875 E5.4321
G1 X95.443 Y100.025 E5.46894
G1 X95.913 Y99.211 E5.50585
G1 X96.451 Y98.442 E5.5427
G1 X97.383 Y97.38 E5.59818
G1 X98.074 Y96.746 E5.635
G1 X98.819 Y96.174 E5.67188
G1 X99.758 Y95.589 E5.71532
G1 X100.446 Y95.235 E5.7457
G1 X101.315 Y94.875 E5.78263
G1 X102.211 Y94.592 E5.81952
G1 X103.129 Y94.389 E5.85644
G1 X104.06 Y94.266 E5.89331
G1 X105.166 Y94.229 E5.93676
G1 X105.937 Y94.266 E5.96707
G1 X107.334 Y94.481 E6.02257
G1 X108.24 Y94.724 E6.0594
G1 X109.123 Y95.045 E6.09629
G1 X109.975 Y95.443 E6.13321
G1 X110.788 Y95.912 E6.17006
G1 X111.928 Y96.748 E6.22557
G1 X112.619 Y97.381 E6.26237
G1 X113.254 Y98.074 E6.29928
G1 X113.826 Y98.82 E6.33619
G1 X114.33 Y99.611 E6.37302
G1 X114.955 Y100.879 E6.42853
G1 X115.276 Y101.76 E6.46535
G1 X115.519 Y102.666 E6.50218
G1 X115.741 Y104.235 E6.5644
G1 X115.775 Y105 E6.59447
G1 X115.734 Y105.94 E6.63141
G1 X115.658 Y106.568 E6.65625
G1 X115.52 Y107.332 E6.68673
G1 X115.276 Y108.24 E6.72365
G1 X114.955 Y109.123 E6.76054
M73 P65 R11
G1 X114.558 Y109.973 E6.79738
G1 X113.825 Y111.182 E6.85289
G1 X113.254 Y111.926 E6.88971
G1 X112.619 Y112.619 E6.92662
G1 X111.927 Y113.253 E6.96347
M73 Q65 S11
G1 X110.787 Y114.088 E7.01895
G1 X109.975 Y114.557 E7.05577
G1 X109.123 Y114.955 E7.09269
G1 X108.24 Y115.276 E7.12958
G1 X107.332 Y115.519 E7.16649
G1 X106.406 Y115.683 E7.20341
G1 X105.472 Y115.764 E7.24022
G1 X104.059 Y115.733 E7.29571
G1 X103.129 Y115.611 E7.33254
G1 X102.213 Y115.408 E7.36938
G1 X100.875 Y114.954 E7.42486
G1 X100.027 Y114.558 E7.46161
G1 X98.818 Y113.825 E7.51712
G1 X98.074 Y113.254 E7.55394
G1 X97.382 Y112.619 E7.59082
G1 X96.642 Y111.796 E7.63428
G1 X96.207 Y111.224 E7.6625
G1 X95.996 Y110.885 F7800
;LAYER_CHANGE
;Z:8.55
;HEIGHT:0.2
G92 E0
G1 Z8.55 F7800
G1 X104.334 Y110.229
;TYPE:Perimeter
G1 F884.349
G1 X103.995 Y110.19 E.0134
G1 X103.276 Y109.997 E.04263
G1 X102.525 Y109.658 E.07498
G1 X102.199 Y109.481 E.08955
G1 X101.504 Y108.964 E.12356
G1 X100.857 Y108.259 E.16113
G1 X100.62 Y107.959 E.17614
G1 X100.247 Y107.314 E.2054
G1 X99.944 Y106.525 E.23859
G1 X99.817 Y105.929 E.26252
G1 X99.727 Y105.341 E.28588
G1 X99.752 Y104.46 E.32049
G1 X99.788 Y104.127 E.33364
G1 X99.999 Y103.29 E.36753
G1 X100.352 Y102.523 E.40068
G1 X100.59 Y102.086 E.42022
G1 X101.043 Y101.495 E.44946
G1 X101.654 Y100.933 E.48206
G1 X102.041 Y100.62 E.5016
G1 X102.868 Y100.165 E.53866
G1 X103.748 Y99.866 E.57515
G1 X104.608 Y99.739 E.60928
G1 X104.955 Y99.716 E.62293
G1 X105.815 Y99.778 E.65679
G1 X106.686 Y99.993 E.69202
G1 X107.477 Y100.352 E.72613
G1 X107.915 Y100.59 E.7457
G1 X108.505 Y101.044 E.77493
G1 X109.091 Y101.682 E.80894
G1 X109.38 Y102.041 E.82704
G1 X109.753 Y102.686 E.8563
G1 X110.068 Y103.525 E.89149
G1 X110.149 Y103.812 E.9032
G1 X110.274 Y104.666 E.93709
G1 X110.242 Y105.51 E.97025
G1 X110.19 Y106.005 E.98979
G1 X109.997 Y106.725 E1.01906
G1 X109.596 Y107.581 E1.05618
G1 X109.41 Y107.915 E1.07119
G1 X108.957 Y108.505 E1.1004
G1 X108.373 Y109.043 E1.13158
G1 X107.959 Y109.38 E1.15254
G1 X107.314 Y109.753 E1.1818
G1 X106.544 Y110.043 E1.21411
G1 X106.188 Y110.149 E1.22869
G1 X105.331 Y110.275 E1.2627
G1 X104.394 Y110.235 E1.29952
G1 X104.379 Y109.814 F7800
G1 F884.349
G1 X104.1 Y109.796 E1.3105
G1 X103.381 Y109.604 E1.33972
G1 X102.701 Y109.29 E1.36913
G1 X102.245 Y109.008 E1.39018
G1 X101.748 Y108.638 E1.41451
G1 X100.972 Y107.755 E1.46067
G1 X100.6 Y107.11 E1.48991
G1 X100.326 Y106.386 E1.52031
G1 X100.219 Y105.867 E1.54112
G1 X100.128 Y105.273 E1.56472
G1 X100.183 Y104.226 E1.60589
G1 X100.394 Y103.39 E1.63974
G1 X100.913 Y102.333 E1.68598
G1 X101.366 Y101.742 E1.71522
G1 X102.245 Y100.972 E1.7611
G1 X102.999 Y100.55 E1.79503
G1 X103.885 Y100.25 E1.83176
G1 X104.925 Y100.122 E1.8729
G1 X105.786 Y100.184 E1.90679
G1 X106.58 Y100.386 E1.93896
G1 X107.297 Y100.718 E1.96998
G1 X107.667 Y100.913 E1.9864
G1 X108.258 Y101.366 E2.01564
G1 X109.028 Y102.245 E2.06152
G1 X109.4 Y102.89 E2.09076
G1 X109.746 Y103.871 E2.1316
G1 X109.872 Y104.725 E2.16549
G1 X109.796 Y105.9 E2.21172
G1 X109.604 Y106.619 E2.24094
G1 X109.087 Y107.667 E2.28682
G1 X108.634 Y108.258 E2.31606
G1 X108.105 Y108.737 E2.34408
G1 X107.689 Y109.066 E2.3649
G1 X107.11 Y109.4 E2.39115
G1 X106.408 Y109.66 E2.42054
G1 X105.886 Y109.782 E2.44159
G1 X105.273 Y109.872 E2.46592
G1 X104.439 Y109.818 E2.49874
G1 X104.423 Y109.417 F7800
;TYPE:External perimeter
G1 F884.349
G1 X104.206 Y109.403 E2.50728
G1 X103.486 Y109.21 E2.53655
G1 X102.876 Y108.923 E2.56302
G1 X102.488 Y108.681 E2.58098
G1 X101.992 Y108.312 E2.60525
G1 X101.325 Y107.552 E2.64495
G1 X100.952 Y106.907 E2.67421
G1 X100.709 Y106.247 E2.70183
G1 X100.531 Y105.217 E2.74287
G1 X100.565 Y104.502 E2.77098
G1 X100.701 Y103.837 E2.79763
G1 X100.805 Y103.446 E2.81352
G1 X101.215 Y102.615 E2.8499
G1 X101.689 Y101.99 E2.8807
G1 X102.448 Y101.325 E2.92032
G1 X103.13 Y100.936 E2.95115
G1 X104.012 Y100.636 E2.98773
G1 X104.706 Y100.547 E3.0152
G1 X105.393 Y100.564 E3.04218
G1 X105.868 Y100.617 E3.06095
G1 X106.514 Y100.79 E3.08721
G1 X107.419 Y101.236 E3.12683
G1 X108.01 Y101.689 E3.15607
G1 X108.675 Y102.448 E3.19569
G1 X109.048 Y103.093 E3.22495
G1 X109.3 Y103.797 E3.25431
G1 X109.469 Y104.784 E3.29363
G1 X109.403 Y105.794 E3.33337
G1 X109.21 Y106.514 E3.36264
G1 X108.764 Y107.419 E3.40226
G1 X108.311 Y108.01 E3.4315
G1 X107.836 Y108.431 E3.45642
G1 X107.485 Y108.714 E3.47412
G1 X106.907 Y109.048 E3.50033
G1 X106.272 Y109.276 E3.52682
G1 X105.827 Y109.379 E3.54475
G1 X105.215 Y109.469 E3.56904
G1 X104.483 Y109.421 E3.59784
G1 X104.087 Y109.364 F7800
G92 E0
G1 X96.831 Y110.693
;TYPE:Perimeter
G1 F884.349
G1 X96.161 Y109.589 E.05071
G1 X95.798 Y108.811 E.08442
G1 X95.505 Y108.005 E.11809
G1 X95.19 Y106.718 E.17012
G1 X95.078 Y105.868 E.20378
G1 X95.04 Y105 E.23789
G1 X95.078 Y104.132 E.272
G1 X95.191 Y103.27 E.30614
G1 X95.377 Y102.433 E.33981
G1 X95.803 Y101.178 E.39185
G1 X96.166 Y100.401 E.42552
G1 X96.6 Y99.649 E.45961
G1 X97.092 Y98.946 E.4933
G1 X97.966 Y97.95 E.54533
G1 X98.598 Y97.37 E.57901
G1 X99.284 Y96.844 E.61295
G1 X100.134 Y96.312 E.65232
G1 X100.789 Y95.974 E.68126
G1 X101.593 Y95.641 E.71543
G1 X102.422 Y95.38 E.74956
G1 X103.27 Y95.191 E.78367
G1 X104.128 Y95.079 E.81764
G1 X105.13 Y95.043 E.85701
G1 X105.855 Y95.077 E.88551
G1 X107.166 Y95.279 E.93759
G1 X107.995 Y95.501 E.97129
G1 X108.811 Y95.798 E1.00539
G1 X109.599 Y96.166 E1.03954
G1 X110.348 Y96.598 E1.07349
G1 X111.164 Y97.179 E1.11282
G1 X111.719 Y97.648 E1.14135
G1 X112.636 Y98.607 E1.19345
G1 X113.156 Y99.284 E1.22697
G1 X113.688 Y100.134 E1.26634
G1 X114.021 Y100.779 E1.29484
G1 X114.455 Y101.897 E1.34193
G1 X114.629 Y102.49 E1.3662
G1 X114.765 Y103.118 E1.39143
G1 X114.928 Y104.271 E1.43715
G1 X114.96 Y105 E1.4658
G1 X114.922 Y105.868 E1.49991
G1 X114.81 Y106.719 E1.53361
G1 X114.495 Y108.005 E1.5856
G1 X114.203 Y108.808 E1.61915
G1 X113.772 Y109.713 E1.65851
G1 X113.407 Y110.34 E1.687
G1 X112.622 Y111.41 E1.73911
G1 X112.043 Y112.043 E1.77279
G1 X111.41 Y112.622 E1.80647
G1 X110.342 Y113.406 E1.85849
G1 X109.599 Y113.834 E1.89216
G1 X108.811 Y114.202 E1.92631
G1 X108.005 Y114.495 E1.95998
G1 X106.718 Y114.81 E2.01201
G1 X105.868 Y114.922 E2.04567
G1 X105.004 Y114.96 E2.07963
G1 X104.003 Y114.908 E2.11899
M73 P65 R10
G1 X103.283 Y114.81 E2.14752
G1 X101.995 Y114.495 E2.19958
G1 X101.189 Y114.202 E2.23325
G1 X100.411 Y113.839 E2.26696
G1 X99.278 Y113.152 E2.31899
G1 X98.598 Y112.63 E2.35265
G1 X97.96 Y112.045 E2.38664
G1 X97.289 Y111.301 E2.42598
G1 X96.864 Y110.743 E2.45352
G1 X96.501 Y110.934 F7800
G1 F884.349
G1 X95.801 Y109.781 E2.50648
G1 X95.422 Y108.967 E2.54174
G1 X95.115 Y108.124 E2.57697
G1 X94.789 Y106.794 E2.63074
G1 X94.672 Y105.904 E2.66599
G1 X94.633 Y105 E2.70152
G1 X94.672 Y104.096 E2.73705
G1 X94.79 Y103.2 E2.77253
G1 X94.985 Y102.323 E2.80781
G1 X95.425 Y101.027 E2.86155
G1 X95.804 Y100.213 E2.89681
G1 X96.256 Y99.43 E2.93231
G1 X96.771 Y98.694 E2.96758
G1 X97.674 Y97.665 E3.02133
G1 X98.336 Y97.058 E3.0566
M73 Q65 S10
G1 X99.052 Y96.509 E3.09203
G1 X99.932 Y95.958 E3.1328
G1 X100.618 Y95.604 E3.16311
G1 X101.454 Y95.258 E3.19864
G1 X102.317 Y94.986 E3.23417
G1 X103.2 Y94.79 E3.26968
G1 X104.094 Y94.672 E3.30509
G1 X105.132 Y94.636 E3.34587
G1 X105.896 Y94.672 E3.3759
G1 X107.25 Y94.88 E3.42969
G1 X108.118 Y95.113 E3.46498
G1 X108.967 Y95.422 E3.50045
G1 X109.787 Y95.804 E3.53597
G1 X110.568 Y96.255 E3.57138
G1 X111.414 Y96.858 E3.61217
G1 X111.998 Y97.351 E3.64218
G1 X112.946 Y98.341 E3.696
G1 X113.491 Y99.052 E3.73118
G1 X114.042 Y99.932 E3.77195
G1 X114.393 Y100.612 E3.802
G1 X114.889 Y101.889 E3.85579
G1 X115.022 Y102.385 E3.87595
G1 X115.167 Y103.056 E3.9029
G1 X115.335 Y104.253 E3.95036
G1 X115.367 Y105 E3.97972
G1 X115.328 Y105.904 E4.01525
G1 X115.211 Y106.794 E4.0505
G1 X114.885 Y108.124 E4.10427
G1 X114.579 Y108.965 E4.13941
G1 X114.132 Y109.903 E4.18021
G1 X113.748 Y110.564 E4.21023
G1 X112.937 Y111.669 E4.26405
G1 X112.331 Y112.331 E4.29929
G1 X111.669 Y112.937 E4.33453
G1 X110.565 Y113.747 E4.38829
G1 X109.787 Y114.196 E4.42356
G1 X108.967 Y114.578 E4.45908
G1 X108.124 Y114.885 E4.49431
G1 X106.794 Y115.211 E4.54808
G1 X105.904 Y115.328 E4.58333
G1 X105.002 Y115.367 E4.61878
G1 X103.965 Y115.313 E4.65955
G1 X103.207 Y115.211 E4.68958
G1 X101.876 Y114.885 E4.74339
G1 X101.033 Y114.578 E4.77862
G1 X100.219 Y114.199 E4.81388
G1 X99.048 Y113.488 E4.86767
G1 X98.336 Y112.942 E4.9029
G1 X97.671 Y112.332 E4.93833
G1 X96.976 Y111.561 E4.97909
G1 X96.536 Y110.983 E5.00761
G1 X96.171 Y111.176 F7800
;TYPE:External perimeter
G1 F884.349
G1 X95.442 Y109.973 E5.06284
G1 X95.045 Y109.123 E5.09968
G1 X94.725 Y108.242 E5.13648
G1 X94.389 Y106.869 E5.19198
G1 X94.266 Y105.939 E5.22881
G1 X94.225 Y105 E5.26571
G1 X94.266 Y104.061 E5.30261
G1 X94.389 Y103.129 E5.33952
G1 X94.592 Y102.213 E5.37636
G1 X95.046 Y100.875 E5.43184
G1 X95.443 Y100.025 E5.46868
G1 X95.913 Y99.211 E5.50559
G1 X96.451 Y98.442 E5.54244
G1 X97.383 Y97.38 E5.59792
G1 X98.074 Y96.746 E5.63474
G1 X98.819 Y96.174 E5.67162
G1 X99.73 Y95.604 E5.71381
G1 X100.446 Y95.235 E5.74544
G1 X101.315 Y94.875 E5.78237
G1 X102.211 Y94.592 E5.81926
G1 X103.129 Y94.389 E5.85618
G1 X104.06 Y94.266 E5.89305
G1 X105.134 Y94.228 E5.93525
G1 X105.937 Y94.266 E5.96681
G1 X107.334 Y94.481 E6.02231
G1 X108.24 Y94.724 E6.05914
G1 X109.123 Y95.045 E6.09603
G1 X109.975 Y95.443 E6.13295
G1 X110.789 Y95.912 E6.16984
G1 X111.664 Y96.536 E6.21204
G1 X112.278 Y97.054 E6.24358
G1 X113.255 Y98.076 E6.29909
G1 X113.826 Y98.819 E6.33588
M73 P66 R10
G1 X114.396 Y99.73 E6.37807
G1 X114.764 Y100.444 E6.40961
G1 X115.277 Y101.762 E6.46514
G1 X115.474 Y102.5 E6.49513
G1 X115.569 Y102.994 E6.51488
M73 Q66 S10
G1 X115.741 Y104.235 E6.56407
G1 X115.775 Y105 E6.59414
G1 X115.734 Y105.939 E6.63104
G1 X115.611 Y106.869 E6.66787
G1 X115.275 Y108.242 E6.72337
G1 X114.955 Y109.123 E6.76017
G1 X114.493 Y110.093 E6.80236
G1 X114.089 Y110.787 E6.83389
G1 X113.252 Y111.928 E6.88945
G1 X112.619 Y112.619 E6.92625
G1 X111.927 Y113.253 E6.9631
G1 X110.787 Y114.088 E7.01858
G1 X109.975 Y114.557 E7.0554
G1 X109.123 Y114.955 E7.09232
G1 X108.242 Y115.275 E7.12912
G1 X106.869 Y115.611 E7.18462
G1 X105.939 Y115.734 E7.22145
G1 X105.001 Y115.775 E7.25832
G1 X103.927 Y115.719 E7.30055
G1 X103.131 Y115.611 E7.33209
G1 X101.758 Y115.275 E7.38759
G1 X100.877 Y114.955 E7.42439
G1 X100.027 Y114.558 E7.46123
G1 X98.818 Y113.825 E7.51674
G1 X98.074 Y113.254 E7.55356
G1 X97.382 Y112.619 E7.59044
G1 X96.662 Y111.821 E7.63264
G1 X96.207 Y111.224 E7.66211
G1 X95.996 Y110.885 F7800
G1 X97.771 Y110.969
;TYPE:Internal infill
;WIDTH:0.45
;HEIGHT:0.4
G1 F494.289
G1 X96.724 Y108.944 E7.82225
G92 E0
G1 X97.969 Y111.28 F7800
G1 F494.289
G1 X97.865 Y111.149 E.01175
G1 X97.7 Y111.298 E.02737
G1 X98.794 Y112.396 E.13626
G1 X99.451 Y112.899 E.19439
G1 X100.555 Y113.569 E.28511
G1 X101.292 Y113.913 E.34225
G1 X101.542 Y113.998 E.3608
G1 X101.613 Y113.95 E.36682
G1 X103.673 Y114.183 E.51246
G1 X106.368 Y114.349 E.70214
G92 E0
G1 X103.89 Y110.475 F7800
G1 F494.289
G1 X104.27 Y110.838 E.03692
G1 X105.607 Y110.537 F7800
G1 F494.289
G1 X105.243 Y110.59 E.06276
G1 X104.083 Y110.518 E.14441
G1 X103.2 Y110.289 E.20849
G1 X102.031 Y110.192 E.29089
G92 E0
G1 X110.569 Y111.906 F7800
G1 F494.289
G1 X109.654 Y113.151 E.10854
G1 X109.546 Y113.513 E.13508
G1 X110.175 Y113.15 E.1861
G1 X111.529 Y112.099 E.30651
G92 E0
G1 X114.577 Y105.023 F7800
G1 F494.289
G1 X114.653 Y105.027 E.00535
G1 X114.618 Y104.173 E.06539
G1 X114.422 Y102.897 E.15608
G1 X114.211 Y102.111 E.21325
G1 X114.031 Y101.647 E.24821
G1 X113.919 Y101.636 E.25612
G1 X112.31 Y99.145 E.46444
G1 X111.468 Y97.845 F7800
G1 F494.289
G1 X110.175 Y96.851 E.57901
G1 X109.473 Y96.445 E.63598
G1 X109.367 Y96.599 E.64911
G1 X107.433 Y95.979 E.79178
G92 E0
G1 X102.102 Y99.044 F7800
G1 F494.289
G1 X100.872 Y96.763 E.18205
G1 X100.599 Y96.686 F7800
G1 F494.289
G1 X100.361 Y96.824 E.20138
G92 E0
G1 X102.875 Y96.132 F7800
G1 F494.289
G1 X100.776 Y96.584 E.15083
G1 X100.669 Y96.379 E.16707
G1 X100.304 Y96.568 E.19594
G1 X99.458 Y97.096 E.266
G1 X98.794 Y97.604 E.32473
G1 X98.184 Y98.164 E.3829
G1 X97.333 Y99.135 E.4736
G1 X96.437 Y100.542 E.59078
G1 X96.087 Y101.292 E.64892
G1 X95.672 Y102.515 E.73965
G1 X95.382 Y104.159 E.85692
G1 X95.346 Y105 E.91605
G1 X95.418 Y106.11 E.99419
G1 X95.646 Y106.079 E1.01035
G1 X95.664 Y106.277 E1.02432
G1 X95.692 Y105.881 F7800
G1 F494.289
G1 X97.067 Y99.956 E1.45161
;LAYER_CHANGE
;Z:8.75
;HEIGHT:0.2
G92 E0
G1 Z8.75 F7800
G1 X104.335 Y110.224
;TYPE:Perimeter
;WIDTH:0.449999
G1 F884.349
G1 X103.995 Y110.19 E.01342
G1 X103.276 Y109.997 E.04265
G1 X102.47 Y109.638 E.07729
G1 X101.512 Y108.97 E.12315
G1 X100.957 Y108.373 E.15516
G1 X100.62 Y107.959 E.17612
G1 X100.247 Y107.314 E.20538
G1 X99.944 Y106.525 E.23857
G1 X99.817 Y105.929 E.2625
G1 X99.727 Y105.341 E.28586
G1 X99.751 Y104.469 E.32011
G1 X99.788 Y104.13 E.3335
G1 X99.999 Y103.291 E.36747
G1 X100.352 Y102.523 E.40066
G1 X100.59 Y102.086 E.4202
G1 X101.043 Y101.495 E.44944
G1 X101.672 Y100.906 E.48328
G1 X101.929 Y100.7 E.49621
G1 X102.673 Y100.255 E.53025
G1 X103.748 Y99.866 E.57514
G1 X104.611 Y99.739 E.60939
G1 X104.951 Y99.716 E.62277
G1 X105.815 Y99.778 E.65678
G1 X106.686 Y99.993 E.69201
G1 X107.477 Y100.352 E.72612
G1 X107.915 Y100.59 E.74569
G1 X108.505 Y101.044 E.77492
G1 X109.067 Y101.654 E.80749
G1 X109.38 Y102.041 E.82703
G1 X109.753 Y102.686 E.85629
G1 X110.081 Y103.543 E.89232
G1 X110.273 Y104.659 E.93678
G1 X110.236 Y105.598 E.97368
G1 X110.19 Y106.005 E.98976
G1 X109.997 Y106.725 E1.01903
G1 X109.664 Y107.444 E1.05014
G1 X109.41 Y107.915 E1.07115
G1 X108.957 Y108.505 E1.10036
G1 X108.373 Y109.043 E1.13154
G1 X107.959 Y109.38 E1.1525
G1 X107.314 Y109.753 E1.18176
G1 X106.525 Y110.056 E1.21495
G1 X105.929 Y110.183 E1.23888
G1 X105.341 Y110.273 E1.26224
G1 X104.527 Y110.244 E1.29422
G1 X104.394 Y110.231 E1.29947
G1 X104.379 Y109.818 F7800
G1 F884.349
G1 X104.026 Y109.777 E1.31342
G1 X103.381 Y109.604 E1.33964
G1 X102.642 Y109.269 E1.3715
G1 X101.753 Y108.642 E1.41421
G1 X101.263 Y108.105 E1.44275
G1 X100.934 Y107.689 E1.46357
G1 X100.6 Y107.11 E1.48982
G1 X100.326 Y106.386 E1.52022
G1 X100.219 Y105.867 E1.54103
G1 X100.128 Y105.273 E1.56463
G1 X100.183 Y104.23 E1.60564
G1 X100.394 Y103.39 E1.63965
G1 X100.913 Y102.333 E1.68589
G1 X101.366 Y101.743 E1.7151
G1 X102.138 Y101.049 E1.75586
G1 X102.882 Y100.605 E1.78988
G1 X103.884 Y100.25 E1.83162
G1 X104.922 Y100.122 E1.87269
G1 X105.786 Y100.184 E1.9067
G1 X106.58 Y100.386 E1.93887
G1 X107.297 Y100.718 E1.96989
G1 X107.667 Y100.913 E1.98631
G1 X108.258 Y101.366 E2.01555
G1 X109.028 Y102.245 E2.06143
G1 X109.4 Y102.889 E2.09063
G1 X109.699 Y103.682 E2.12391
G1 X109.871 Y104.721 E2.16526
G1 X109.796 Y105.9 E2.21165
G1 X109.604 Y106.619 E2.24087
G1 X109.299 Y107.264 E2.26888
G1 X109.04 Y107.728 E2.28974
G1 X108.634 Y108.258 E2.31595
G1 X108.105 Y108.737 E2.34397
G1 X107.689 Y109.066 E2.36479
G1 X107.111 Y109.4 E2.391
G1 X106.386 Y109.674 E2.42143
G1 X105.867 Y109.781 E2.44224
G1 X105.273 Y109.872 E2.46584
G1 X104.553 Y109.838 E2.49414
G1 X104.439 Y109.825 E2.49865
G1 X104.423 Y109.415 F7800
;TYPE:External perimeter
G1 F884.349
G1 X104.132 Y109.383 E2.51014
G1 X103.486 Y109.21 E2.5364
G1 X102.814 Y108.901 E2.56544
G1 X101.994 Y108.313 E2.60506
G1 X101.569 Y107.837 E2.63012
G1 X101.286 Y107.485 E2.64785
G1 X100.952 Y106.907 E2.67406
G1 X100.709 Y106.247 E2.70168
G1 X100.531 Y105.217 E2.74272
G1 X100.564 Y104.512 E2.77043
G1 X100.7 Y103.84 E2.79735
G1 X100.805 Y103.446 E2.81336
G1 X101.215 Y102.615 E2.84974
G1 X101.689 Y101.99 E2.88054
G1 X102.347 Y101.398 E2.91529
G1 X103.091 Y100.954 E2.94931
G1 X104.01 Y100.637 E2.98748
G1 X104.711 Y100.547 E3.01523
G1 X105.395 Y100.564 E3.0421
G1 X105.868 Y100.617 E3.06079
G1 X106.514 Y100.79 E3.08705
G1 X107.419 Y101.236 E3.12667
G1 X108.01 Y101.689 E3.15591
G1 X108.675 Y102.448 E3.19553
G1 X109.048 Y103.093 E3.22479
G1 X109.316 Y103.822 E3.25529
G1 X109.469 Y104.783 E3.2935
G1 X109.403 Y105.794 E3.33328
G1 X109.21 Y106.514 E3.36255
G1 X108.934 Y107.084 E3.38742
G1 X108.717 Y107.48 E3.40515
G1 X108.311 Y108.01 E3.43136
G1 X107.837 Y108.431 E3.45625
G1 X107.485 Y108.714 E3.47398
G1 X106.907 Y109.048 E3.50019
G1 X106.247 Y109.291 E3.52781
G1 X105.217 Y109.469 E3.56885
G1 X104.58 Y109.432 E3.5939
G1 X104.483 Y109.421 E3.59773
G1 X104.087 Y109.364 F7800
G92 E0
G1 X96.844 Y110.683
;TYPE:Perimeter
G1 F884.349
G1 X96.594 Y110.342 E.0166
G1 X96.166 Y109.599 E.05027
G1 X95.798 Y108.811 E.08442
G1 X95.505 Y108.005 E.11809
G1 X95.19 Y106.718 E.17012
G1 X95.078 Y105.868 E.20378
G1 X95.04 Y105 E.23789
G1 X95.078 Y104.135 E.27189
G1 X95.211 Y103.173 E.31002
G1 X95.377 Y102.434 E.33976
G1 X95.803 Y101.178 E.39184
G1 X96.166 Y100.401 E.42551
G1 X96.6 Y99.649 E.4596
G1 X97.092 Y98.946 E.49329
G1 X97.966 Y97.95 E.54532
G1 X98.598 Y97.37 E.579
G1 X99.285 Y96.843 E.613
G1 X100.107 Y96.327 E.65111
G1 X100.787 Y95.975 E.68118
G1 X101.687 Y95.609 E.71933
G1 X102.421 Y95.38 E.74952
G1 X103.27 Y95.191 E.78367
G1 X104.129 Y95.078 E.81769
G1 X105.099 Y95.042 E.8558
G1 X105.856 Y95.077 E.88556
G1 X107.166 Y95.279 E.9376
G1 X107.995 Y95.501 E.9713
G1 X108.811 Y95.798 E1.0054
G1 X109.599 Y96.166 E1.03955
G1 X110.351 Y96.6 E1.07364
G1 X111.054 Y97.092 E1.10733
G1 X112.05 Y97.966 E1.15936
G1 X112.63 Y98.598 E1.19304
G1 X113.157 Y99.285 E1.22704
G1 X113.673 Y100.107 E1.26515
G1 X114.021 Y100.78 E1.2949
G1 X114.456 Y101.897 E1.34197
G1 X114.611 Y102.425 E1.36358
G1 X114.751 Y103.029 E1.38792
G1 X114.928 Y104.271 E1.43718
G1 X114.96 Y104.997 E1.46571
G1 X114.911 Y105.967 E1.50385
M73 P67 R10
G1 X114.81 Y106.717 E1.53356
G1 X114.495 Y108.005 E1.58562
G1 X114.202 Y108.811 E1.61929
G1 X113.839 Y109.589 E1.653
M73 Q67 S10
G1 X113.152 Y110.722 E1.70503
G1 X112.63 Y111.402 E1.73869
G1 X112.043 Y112.043 E1.77282
G1 X111.41 Y112.622 E1.8065
G1 X110.342 Y113.406 E1.85852
G1 X109.599 Y113.834 E1.89219
G1 X108.811 Y114.202 E1.92634
G1 X108.005 Y114.495 E1.96001
G1 X106.718 Y114.81 E2.01204
G1 X105.868 Y114.922 E2.0457
G1 X105 Y114.96 E2.07981
G1 X104.143 Y114.922 E2.11349
G1 X102.834 Y114.721 E2.16549
G1 X102.005 Y114.499 E2.19919
G1 X101.189 Y114.202 E2.23329
G1 X100.401 Y113.834 E2.26744
G1 X99.658 Y113.406 E2.30111
G1 X98.59 Y112.622 E2.35313
G1 X97.957 Y112.043 E2.38681
G1 X97.378 Y111.41 E2.42049
G1 X96.88 Y110.731 E2.45355
G1 X96.516 Y110.923 F7800
G1 F884.349
G1 X96.253 Y110.565 E2.47099
G1 X95.804 Y109.787 E2.50626
G1 X95.422 Y108.967 E2.54178
G1 X95.115 Y108.124 E2.57701
G1 X94.789 Y106.794 E2.63078
G1 X94.672 Y105.904 E2.66603
G1 X94.633 Y105 E2.70156
G1 X94.672 Y104.098 E2.73701
G1 X94.81 Y103.101 E2.77653
G1 X94.984 Y102.324 E2.80779
G1 X95.425 Y101.027 E2.86158
G1 X95.804 Y100.213 E2.89684
G1 X96.256 Y99.43 E2.93234
G1 X96.771 Y98.694 E2.96761
G1 X97.674 Y97.665 E3.02136
G1 X98.336 Y97.058 E3.05663
G1 X99.052 Y96.509 E3.09206
G1 X99.905 Y95.973 E3.13162
G1 X100.616 Y95.605 E3.16305
G1 X101.55 Y95.225 E3.20264
G1 X102.316 Y94.986 E3.23415
G1 X103.2 Y94.79 E3.2697
G1 X104.095 Y94.672 E3.30515
G1 X105.101 Y94.635 E3.34468
G1 X105.896 Y94.672 E3.37593
G1 X107.25 Y94.88 E3.42972
G1 X108.118 Y95.113 E3.46501
G1 X108.967 Y95.422 E3.50048
G1 X109.787 Y95.804 E3.536
G1 X110.57 Y96.256 E3.5715
G1 X111.306 Y96.771 E3.60677
G1 X112.335 Y97.674 E3.66052
G1 X112.942 Y98.336 E3.69579
G1 X113.491 Y99.052 E3.73122
G1 X114.027 Y99.905 E3.77078
G1 X114.393 Y100.612 E3.80204
G1 X114.835 Y101.749 E3.84994
G1 X115.005 Y102.319 E3.87329
G1 X115.153 Y102.967 E3.89939
G1 X115.335 Y104.253 E3.95039
G1 X115.367 Y104.998 E3.97967
G1 X115.317 Y106.004 E4.01922
G1 X115.211 Y106.793 E4.05048
G1 X114.885 Y108.124 E4.10429
G1 X114.578 Y108.967 E4.13952
G1 X114.199 Y109.781 E4.17478
G1 X113.488 Y110.952 E4.22857
G1 X112.942 Y111.664 E4.2638
G1 X112.331 Y112.331 E4.29932
G1 X111.669 Y112.937 E4.33456
G1 X110.565 Y113.747 E4.38832
G1 X109.787 Y114.196 E4.42359
G1 X108.967 Y114.578 E4.45911
G1 X108.124 Y114.885 E4.49434
G1 X106.794 Y115.211 E4.54811
G1 X105.904 Y115.328 E4.58336
G1 X105 Y115.367 E4.61889
G1 X104.103 Y115.328 E4.65414
G1 X102.75 Y115.12 E4.70789
G1 X101.883 Y114.887 E4.74314
G1 X101.033 Y114.578 E4.77865
G1 X100.213 Y114.196 E4.81417
G1 X99.435 Y113.747 E4.84944
G1 X98.331 Y112.937 E4.9032
G1 X97.669 Y112.331 E4.93844
G1 X97.063 Y111.669 E4.97368
G1 X96.551 Y110.972 E5.00764
G1 X96.188 Y111.164 F7800
;TYPE:External perimeter
G1 F884.349
G1 X95.912 Y110.787 E5.02599
G1 X95.443 Y109.975 E5.06281
G1 X95.045 Y109.123 E5.09973
G1 X94.725 Y108.242 E5.13653
G1 X94.389 Y106.869 E5.19203
G1 X94.266 Y105.939 E5.22886
G1 X94.225 Y105 E5.26576
G1 X94.266 Y104.061 E5.30266
G1 X94.409 Y103.028 E5.34361
G1 X94.592 Y102.214 E5.37637
G1 X95.046 Y100.875 E5.43189
G1 X95.443 Y100.025 E5.46873
G1 X95.913 Y99.211 E5.50564
G1 X96.451 Y98.442 E5.54249
G1 X97.383 Y97.38 E5.59797
G1 X98.074 Y96.746 E5.63479
G1 X98.819 Y96.174 E5.67167
G1 X99.703 Y95.619 E5.71265
G1 X100.446 Y95.235 E5.74549
G1 X101.412 Y94.842 E5.78644
G1 X102.211 Y94.592 E5.81931
G1 X103.129 Y94.389 E5.85623
G1 X104.061 Y94.266 E5.89314
G1 X105.103 Y94.227 E5.93408
G1 X105.937 Y94.266 E5.96686
G1 X107.334 Y94.481 E6.02236
G1 X108.24 Y94.724 E6.05919
G1 X109.123 Y95.045 E6.09608
G1 X109.975 Y95.443 E6.133
G1 X110.789 Y95.913 E6.16991
G1 X111.558 Y96.451 E6.20676
G1 X112.62 Y97.383 E6.26224
G1 X113.254 Y98.074 E6.29906
G1 X113.826 Y98.819 E6.33594
G1 X114.381 Y99.703 E6.37692
G1 X114.764 Y100.444 E6.40967
G1 X115.214 Y101.602 E6.45845
G1 X115.398 Y102.214 E6.48354
G1 X115.556 Y102.905 E6.51137
G1 X115.741 Y104.235 E6.56409
G1 X115.775 Y105 E6.59416
G1 X115.723 Y106.041 E6.63509
G1 X115.611 Y106.869 E6.6679
G1 X115.275 Y108.242 E6.7234
G1 X114.955 Y109.123 E6.7602
G1 X114.558 Y109.973 E6.79704
G1 X113.825 Y111.182 E6.85255
G1 X113.254 Y111.926 E6.88937
G1 X112.619 Y112.619 E6.92628
G1 X111.927 Y113.253 E6.96313
G1 X110.787 Y114.088 E7.01861
G1 X109.975 Y114.557 E7.05543
G1 X109.123 Y114.955 E7.09235
G1 X108.242 Y115.275 E7.12915
G1 X106.869 Y115.611 E7.18465
G1 X105.939 Y115.734 E7.22148
G1 X105 Y115.775 E7.25838
G1 X104.063 Y115.734 E7.29521
G1 X102.666 Y115.519 E7.35071
G1 X101.76 Y115.276 E7.38754
G1 X100.877 Y114.955 E7.42443
G1 X100.025 Y114.557 E7.46135
G1 X99.212 Y114.088 E7.4982
G1 X98.072 Y113.252 E7.55371
G1 X97.381 Y112.619 E7.59051
G1 X96.747 Y111.927 E7.62736
G1 X96.223 Y111.212 E7.66217
G1 X95.987 Y110.89 F7800
;LAYER_CHANGE
;Z:8.95
;HEIGHT:0.2
G92 E0
G1 Z8.95 F7800
G1 X104.334 Y110.231
;TYPE:Perimeter
G1 F884.349
G1 X104.192 Y110.222 E.00559
G1 X103.279 Y109.998 E.0425
G1 X102.523 Y109.657 E.07506
G1 X102.205 Y109.484 E.08927
G1 X101.504 Y108.964 E.12354
G1 X100.938 Y108.352 E.15627
G1 X100.62 Y107.959 E.17612
G1 X100.247 Y107.314 E.20538
G1 X99.944 Y106.525 E.23857
G1 X99.817 Y105.929 E.2625
G1 X99.727 Y105.341 E.28586
G1 X99.746 Y104.445 E.32105
G1 X99.917 Y103.626 E.3539
G1 X100.073 Y103.089 E.37586
G1 X100.485 Y102.255 E.41238
G1 X101.043 Y101.495 E.4494
G1 X101.654 Y100.933 E.482
G1 X102.041 Y100.62 E.50154
G1 X102.686 Y100.247 E.5308
G1 X103.748 Y99.866 E.5751
G1 X104.615 Y99.738 E.60951
G1 X104.948 Y99.716 E.62261
G1 X105.815 Y99.778 E.65674
G1 X106.686 Y99.993 E.69197
G1 X107.47 Y100.349 E.72578
G1 X107.915 Y100.59 E.74565
G1 X108.506 Y101.044 E.77491
G1 X109.067 Y101.654 E.80745
G1 X109.38 Y102.041 E.82699
G1 X109.753 Y102.686 E.85625
G1 X110.057 Y103.492 E.89007
G1 X110.147 Y103.806 E.9029
G1 X110.274 Y104.665 E.93699
G1 X110.242 Y105.51 E.97019
G1 X110.19 Y106.005 E.98973
G1 X109.997 Y106.724 E1.01896
G1 X109.654 Y107.497 E1.05217
G1 X109.321 Y108.008 E1.07612
G1 X108.97 Y108.488 E1.09947
G1 X108.355 Y109.07 E1.13272
G1 X108.073 Y109.298 E1.14696
G1 X107.325 Y109.747 E1.18121
G1 X106.498 Y110.066 E1.21601
G1 X105.676 Y110.222 E1.24886
G1 X105.121 Y110.283 E1.27078
G1 X104.394 Y110.235 E1.29939
G1 X104.378 Y109.826 F7800
G1 F884.349
G1 X104.218 Y109.816 E1.30568
G1 X103.384 Y109.605 E1.33946
G1 X102.698 Y109.29 E1.3691
G1 X102.244 Y109.006 E1.39013
G1 X101.748 Y108.638 E1.41438
G1 X100.972 Y107.755 E1.46054
G1 X100.6 Y107.11 E1.48978
G1 X100.326 Y106.386 E1.52018
G1 X100.219 Y105.867 E1.54099
G1 X100.128 Y105.273 E1.56459
G1 X100.153 Y104.463 E1.59641
G1 X100.313 Y103.723 E1.62614
G1 X100.44 Y103.266 E1.64476
G1 X100.85 Y102.435 E1.68114
G1 X101.366 Y101.742 E1.71506
G1 X102.245 Y100.972 E1.76094
G1 X102.89 Y100.6 E1.79018
G1 X103.879 Y100.252 E1.83135
G1 X104.919 Y100.122 E1.8725
G1 X105.785 Y100.184 E1.90659
G1 X106.58 Y100.386 E1.9388
G1 X107.29 Y100.714 E1.96951
G1 X107.667 Y100.913 E1.98625
G1 X108.258 Y101.366 E2.01549
G1 X109.028 Y102.245 E2.06137
G1 X109.4 Y102.889 E2.09057
G1 X109.745 Y103.865 E2.13122
G1 X109.872 Y104.725 E2.16535
G1 X109.796 Y105.9 E2.21158
G1 X109.604 Y106.619 E2.2408
G1 X109.285 Y107.324 E2.27118
G1 X108.993 Y107.767 E2.29201
G1 X108.638 Y108.252 E2.31561
G1 X108.083 Y108.768 E2.34537
G1 X107.647 Y109.079 E2.3664
G1 X107.117 Y109.396 E2.39065
G1 X106.359 Y109.683 E2.42247
G1 X105.614 Y109.819 E2.45221
G1 X105.146 Y109.877 E2.47073
G1 X104.438 Y109.83 E2.49859
G1 X104.423 Y109.421 F7800
;TYPE:External perimeter
G1 F884.349
G1 X104.245 Y109.41 E2.50559
G1 X103.49 Y109.211 E2.53625
G1 X102.874 Y108.922 E2.56297
G1 X102.487 Y108.68 E2.58089
G1 X101.992 Y108.312 E2.60511
G1 X101.325 Y107.552 E2.64481
G1 X100.952 Y106.907 E2.67407
G1 X100.709 Y106.247 E2.70169
G1 X100.531 Y105.217 E2.74273
G1 X100.56 Y104.481 E2.77165
G1 X100.805 Y103.446 E2.81341
G1 X101.215 Y102.615 E2.84979
G1 X101.689 Y101.99 E2.88059
G1 X102.448 Y101.325 E2.92021
G1 X103.093 Y100.952 E2.94947
G1 X104.01 Y100.637 E2.98754
G1 X104.715 Y100.546 E3.01545
G1 X105.398 Y100.565 E3.04228
G1 X105.868 Y100.617 E3.06085
G1 X106.514 Y100.79 E3.08711
G1 X107.419 Y101.236 E3.12673
G1 X108.01 Y101.689 E3.15597
G1 X108.675 Y102.448 E3.19559
G1 X109.048 Y103.093 E3.22485
G1 X109.289 Y103.765 E3.25288
G1 X109.469 Y104.784 E3.29351
G1 X109.403 Y105.794 E3.33325
G1 X109.21 Y106.514 E3.36252
G1 X108.916 Y107.152 E3.3901
G1 X108.313 Y108.006 E3.43115
G1 X107.81 Y108.466 E3.45791
G1 X107.438 Y108.73 E3.47582
G1 X106.909 Y109.046 E3.50001
G1 X106.22 Y109.301 E3.52886
G1 X105.173 Y109.471 E3.57051
G1 X104.482 Y109.425 E3.5977
G1 X104.087 Y109.362 F7800
G92 E0
G1 X96.831 Y110.692
;TYPE:Perimeter
G1 F884.349
G1 X96.803 Y110.656 E.00179
G1 X96.381 Y109.99 E.03275
G1 X95.794 Y108.801 E.08482
G1 X95.505 Y108.005 E.11807
G1 X95.19 Y106.718 E.1701
G1 X95.078 Y105.868 E.20376
G1 X95.04 Y105 E.23787
G1 X95.078 Y104.134 E.27191
G1 X95.205 Y103.203 E.3088
G1 X95.377 Y102.434 E.33974
G1 X95.803 Y101.178 E.39182
G1 X96.166 Y100.401 E.42549
G1 X96.6 Y99.649 E.45958
G1 X97.092 Y98.946 E.49327
G1 X97.966 Y97.95 E.5453
G1 X98.598 Y97.37 E.57898
G1 X99.286 Y96.843 E.61301
G1 X100.08 Y96.342 E.64987
G1 X100.79 Y95.974 E.68127
G1 X101.593 Y95.641 E.7154
G1 X102.422 Y95.38 E.74953
G1 X103.27 Y95.191 E.78364
G1 X104.13 Y95.078 E.8177
G1 X105.068 Y95.042 E.85456
G1 X105.856 Y95.077 E.88553
G1 X107.166 Y95.279 E.93757
G1 X107.995 Y95.501 E.97127
G1 X108.811 Y95.798 E1.00537
G1 X109.597 Y96.165 E1.03943
G1 X110.408 Y96.638 E1.07629
M73 P68 R10
G1 X111.054 Y97.091 E1.10727
G1 X112.05 Y97.966 E1.15933
G1 X112.63 Y98.598 E1.19301
G1 X113.152 Y99.279 E1.2267
M73 Q68 S10
G1 X113.839 Y100.411 E1.27869
G1 X114.202 Y101.189 E1.3124
G1 X114.499 Y102.005 E1.3465
G1 X114.721 Y102.834 E1.3802
G1 X114.903 Y104.017 E1.4272
G1 X114.955 Y105.102 E1.46985
G1 X114.922 Y105.868 E1.49995
G1 X114.81 Y106.719 E1.53365
G1 X114.495 Y108.005 E1.58564
G1 X114.202 Y108.811 E1.61931
G1 X113.839 Y109.589 E1.65302
G1 X113.152 Y110.722 E1.70505
G1 X112.63 Y111.402 E1.73871
G1 X112.043 Y112.043 E1.77284
G1 X111.41 Y112.622 E1.80652
G1 X110.342 Y113.406 E1.85854
G1 X109.599 Y113.834 E1.89221
G1 X108.811 Y114.202 E1.92636
G1 X107.997 Y114.498 E1.96037
G1 X107.089 Y114.737 E1.99724
G1 X106.312 Y114.873 E2.02821
G1 X104.991 Y114.959 E2.08019
G1 X104.064 Y114.915 E2.11663
G1 X103.282 Y114.81 E2.14761
G1 X101.995 Y114.495 E2.19964
G1 X101.189 Y114.202 E2.23331
G1 X100.411 Y113.839 E2.26702
G1 X99.278 Y113.152 E2.31905
G1 X98.598 Y112.63 E2.35271
G1 X97.957 Y112.043 E2.38684
G1 X97.372 Y111.404 E2.42086
G1 X96.867 Y110.74 E2.45362
G1 X96.503 Y110.933 F7800
G1 F884.349
G1 X96.469 Y110.888 E2.45583
G1 X96.025 Y110.19 E2.48831
G1 X95.42 Y108.961 E2.5421
G1 X95.115 Y108.124 E2.57708
G1 X94.789 Y106.794 E2.63085
G1 X94.672 Y105.904 E2.6661
G1 X94.633 Y105 E2.70163
G1 X94.672 Y104.098 E2.73708
G1 X94.804 Y103.131 E2.7754
G1 X94.984 Y102.324 E2.80787
G1 X95.425 Y101.027 E2.86166
G1 X95.804 Y100.213 E2.89692
G1 X96.256 Y99.43 E2.93242
G1 X96.771 Y98.694 E2.96769
G1 X97.674 Y97.665 E3.02144
G1 X98.336 Y97.058 E3.05671
G1 X99.053 Y96.508 E3.09219
G1 X99.877 Y95.988 E3.13045
G1 X100.618 Y95.604 E3.16322
G1 X101.454 Y95.258 E3.19875
G1 X102.317 Y94.986 E3.23428
G1 X103.2 Y94.79 E3.26979
G1 X104.095 Y94.672 E3.30524
G1 X105.07 Y94.634 E3.34355
G1 X105.897 Y94.672 E3.37606
G1 X107.25 Y94.88 E3.42981
G1 X108.118 Y95.113 E3.4651
G1 X108.967 Y95.422 E3.50057
G1 X109.786 Y95.804 E3.53605
G1 X110.628 Y96.295 E3.57432
G1 X111.306 Y96.771 E3.60685
G1 X112.335 Y97.674 E3.6606
G1 X112.942 Y98.336 E3.69587
G1 X113.488 Y99.048 E3.7311
G1 X114.199 Y100.219 E3.78489
G1 X114.578 Y101.033 E3.82015
G1 X114.887 Y101.883 E3.85566
G1 X115.12 Y102.75 E3.89091
G1 X115.305 Y103.955 E3.93878
G1 X115.348 Y104.548 E3.96213
G1 X115.362 Y105.12 E3.9846
G1 X115.328 Y105.904 E4.01541
G1 X115.211 Y106.794 E4.05066
G1 X114.885 Y108.124 E4.10443
G1 X114.578 Y108.967 E4.13966
G1 X114.199 Y109.781 E4.17492
G1 X113.488 Y110.952 E4.22871
G1 X112.942 Y111.664 E4.26394
G1 X112.331 Y112.331 E4.29946
G1 X111.669 Y112.937 E4.3347
G1 X110.565 Y113.747 E4.38846
G1 X109.787 Y114.196 E4.42373
G1 X108.967 Y114.578 E4.45925
G1 X108.119 Y114.887 E4.49469
G1 X107.175 Y115.135 E4.53301
G1 X106.36 Y115.277 E4.56549
G1 X104.994 Y115.367 E4.61924
G1 X104.027 Y115.32 E4.65725
G1 X103.207 Y115.211 E4.68973
G1 X101.876 Y114.885 E4.74354
G1 X101.033 Y114.578 E4.77877
G1 X100.219 Y114.199 E4.81403
G1 X99.048 Y113.488 E4.86782
G1 X98.336 Y112.942 E4.90305
G1 X97.669 Y112.331 E4.93857
G1 X97.059 Y111.665 E4.97403
G1 X96.539 Y110.981 E5.00777
G1 X96.174 Y111.174 F7800
;TYPE:External perimeter
G1 F884.349
G1 X96.134 Y111.121 E5.01038
G1 X95.67 Y110.389 E5.04441
G1 X95.045 Y109.121 E5.09992
G1 X94.725 Y108.242 E5.13665
G1 X94.389 Y106.869 E5.19215
G1 X94.266 Y105.939 E5.22898
G1 X94.225 Y105 E5.26588
G1 X94.266 Y104.061 E5.30278
G1 X94.403 Y103.059 E5.34249
G1 X94.592 Y102.213 E5.37653
G1 X95.046 Y100.875 E5.43201
G1 X95.443 Y100.025 E5.46885
G1 X95.913 Y99.211 E5.50576
G1 X96.451 Y98.442 E5.54261
G1 X97.383 Y97.38 E5.59809
G1 X98.074 Y96.746 E5.63491
G1 X98.82 Y96.174 E5.67182
G1 X99.675 Y95.635 E5.71151
G1 X100.446 Y95.235 E5.74561
G1 X101.315 Y94.875 E5.78254
G1 X102.211 Y94.592 E5.81943
G1 X103.129 Y94.389 E5.85635
G1 X104.061 Y94.266 E5.89326
G1 X105.071 Y94.227 E5.93295
G1 X105.937 Y94.266 E5.96699
G1 X107.334 Y94.481 E6.02249
G1 X108.24 Y94.724 E6.05932
G1 X109.123 Y95.045 E6.09621
G1 X109.975 Y95.443 E6.13313
G1 X110.848 Y95.952 E6.17281
G1 X111.557 Y96.451 E6.20685
G1 X112.62 Y97.383 E6.26236
G1 X113.254 Y98.074 E6.29918
G1 X113.825 Y98.818 E6.336
G1 X114.558 Y100.027 E6.39151
G1 X114.955 Y100.877 E6.42835
G1 X115.276 Y101.76 E6.46524
G1 X115.519 Y102.666 E6.50207
G1 X115.708 Y103.893 E6.55082
G1 X115.754 Y104.531 E6.57594
G1 X115.769 Y105.138 E6.59978
G1 X115.734 Y105.939 E6.63126
G1 X115.611 Y106.869 E6.66809
G1 X115.275 Y108.242 E6.72359
G1 X114.955 Y109.123 E6.76039
G1 X114.558 Y109.973 E6.79723
G1 X113.825 Y111.182 E6.85274
G1 X113.254 Y111.926 E6.88956
G1 X112.619 Y112.619 E6.92647
G1 X111.927 Y113.253 E6.96332
G1 X110.787 Y114.088 E7.0188
G1 X109.975 Y114.557 E7.05562
G1 X109.123 Y114.955 E7.09254
G1 X108.24 Y115.276 E7.12943
G1 X107.262 Y115.533 E7.16913
G1 X106.409 Y115.682 E7.20313
G1 X104.998 Y115.775 E7.25865
G1 X103.99 Y115.726 E7.29828
G1 X103.131 Y115.611 E7.33231
G1 X101.758 Y115.275 E7.38781
G1 X100.877 Y114.955 E7.42461
G1 X100.027 Y114.558 E7.46145
G1 X98.818 Y113.825 E7.51696
G1 X98.074 Y113.254 E7.55378
G1 X97.381 Y112.619 E7.59069
G1 X96.746 Y111.926 E7.6276
G1 X96.211 Y111.221 E7.66235
G1 X95.989 Y110.889 F7800
G92 E0
G1 X97.992 Y111.308
;TYPE:Internal infill
;WIDTH:0.45
;HEIGHT:0.4
G1 F494.289
G1 X98.218 Y111.593 E.02555
G92 E0
G1 X96.521 Y108.932 F7800
G1 F494.289
G1 X96.644 Y108.748 E.01555
G1 X97.865 Y111.149 E.20478
G1 X97.695 Y111.305 E.22099
G1 X98.784 Y112.386 E.32878
G1 X99.644 Y113.016 E.40367
G1 X100.555 Y113.569 E.47854
G1 X101.095 Y113.821 E.5204
G1 X101.109 Y113.766 E.52439
G1 X101.36 Y113.777 E.54204
G1 X101.438 Y113.592 E.55614
G1 X103.395 Y114.284 E.70196
G1 X106.767 Y114.374 E.93893
G92 E0
G1 X104.559 Y111.115 F7800
G1 F494.289
G1 X103.884 Y110.47 E.06559
G1 X103.211 Y110.291 E.11451
G1 X101.633 Y110.159 E.22575
G92 E0
G1 X95.45 Y103.675 F7800
G1 F494.289
G1 X95.346 Y105 E.09337
G1 X95.382 Y105.841 E.1525
G1 X95.418 Y106.109 E.1715
G1 X95.647 Y106.079 E.18772
G1 X95.7 Y106.676 E.22982
M73 P68 R9
G1 X95.791 Y105.936 F7800
G1 F494.289
G1 X95.967 Y105.76 E.24731
G1 X96.102 Y105.737 E.25693
G1 X96.145 Y103.934 E.38363
G1 X95.914 Y103.089 E.44517
G1 X97.051 Y100.025 E.67476
G1 X97.158 Y99.566 E.70787
G92 E0
G1 X102.292 Y99.396 F7800
G1 F494.289
G1 X100.67 Y96.38 E.24057
G1 X99.459 Y97.094 E.33933
M73 Q68 S9
G1 X98.794 Y97.604 E.3982
G1 X98.461 Y97.909 E.42992
G1 X98.506 Y97.956 E.43449
G1 X100.015 Y97.025 F7800
G1 F494.289
G1 X100.599 Y96.686 E.48193
G1 X100.971 Y96.528 F7800
G1 F494.289
G1 X102.128 Y96.197 E.56647
G1 X103.269 Y96.067 E.64714
G92 E0
G1 X107.089 Y95.784 F7800
G1 F494.289
G1 X107.702 Y96.271 E.055
G1 X109.581 Y96.936 E.19502
G1 X109.326 Y96.543 E.22793
G1 X109.564 Y96.499 E.24493
G1 X109.455 Y96.435 E.25381
G1 X108.695 Y96.081 E.31271
G1 X107.289 Y95.628 E.41648
G92 E0
G1 X112.115 Y98.797 F7800
G1 F494.289
G1 X113.665 Y101.742 E.23379
G1 X113.853 Y101.825 E.24823
G1 X114.069 Y101.746 E.26439
G1 X114.211 Y102.111 E.2919
G1 X114.422 Y102.897 E.34907
G1 X114.618 Y104.173 E.43976
G1 X114.653 Y105.025 E.49966
G1 X114.403 Y105.014 E.51724
G1 X114.434 Y104.822 E.5309
G1 X114.199 Y105.009 F7800
G1 F494.289
G1 X114.178 Y105.009 E.53238
G92 E0
G1 X114.012 Y102.192 F7800
G1 F494.289
G1 X113.934 Y102.012 E.01378
G92 E0
G1 X113.612 Y108.92 F7800
G1 F494.289
G1 X113.578 Y109.228 E.02177
G1 X113.636 Y109.303 E.02843
G1 X113.569 Y109.445 E.03946
G1 X112.899 Y110.549 E.13018
G1 X112.396 Y111.206 E.18831
G1 X111.216 Y112.386 E.30554
G1 X110.175 Y113.15 E.39625
M73 P69 R9
G1 X109.398 Y113.591 E.45901
G1 X109.277 Y113.016 E.50029
M73 Q69 S9
G1 X110.866 Y111.641 E.64791
;LAYER_CHANGE
;Z:9.15
;HEIGHT:0.2
G92 E0
G1 Z9.15 F7800
G1 X104.334 Y110.226
;TYPE:Perimeter
;WIDTH:0.449999
G1 F884.349
G1 X103.995 Y110.19 E.01339
G1 X103.276 Y109.997 E.04262
G1 X102.461 Y109.628 E.07775
G1 X101.939 Y109.306 E.10183
G1 X101.696 Y109.124 E.11375
G1 X101.119 Y108.587 E.1447
G1 X100.788 Y108.188 E.16506
G1 X100.267 Y107.349 E.20384
G1 X99.944 Y106.525 E.23859
G1 X99.817 Y105.929 E.26252
G1 X99.727 Y105.341 E.28588
G1 X99.751 Y104.461 E.32045
G1 X99.877 Y103.691 E.35109
G1 X100.171 Y102.85 E.38607
G1 X100.505 Y102.216 E.41421
G1 X100.837 Y101.763 E.43626
G1 X101.169 Y101.359 E.45679
G1 X101.765 Y100.821 E.48832
G1 X102.303 Y100.452 E.51394
G1 X103.171 Y100.042 E.55163
G1 X103.669 Y99.888 E.5721
G1 X103.964 Y99.818 E.584
G1 X104.747 Y99.721 E.61498
G1 X105.458 Y99.753 E.64293
G1 X106.005 Y99.81 E.66452
G1 X106.725 Y100.003 E.69379
G1 X107.477 Y100.352 E.72634
G1 X107.915 Y100.59 E.74591
G1 X108.505 Y101.043 E.77512
G1 X109.007 Y101.55 E.80313
G1 X109.612 Y102.414 E.84454
G1 X109.935 Y103.106 E.87453
G1 X110.17 Y103.921 E.90783
G1 X110.271 Y104.627 E.93583
G1 X110.242 Y105.51 E.97052
G1 X110.19 Y106.005 E.99006
G1 X109.997 Y106.725 E1.01933
G1 X109.72 Y107.382 E1.04733
G1 X109.269 Y108.113 E1.08106
G1 X108.672 Y108.79 E1.1165
G1 X108.083 Y109.296 E1.14699
G1 X107.349 Y109.733 E1.18053
G1 X106.507 Y110.057 E1.21595
G1 X106.198 Y110.147 E1.22859
G1 X105.335 Y110.274 E1.26284
G1 X104.454 Y110.239 E1.29746
G1 X104.394 Y110.233 E1.29983
G1 X104.379 Y109.814 F7800
G1 F884.349
G1 X104.1 Y109.796 E1.31081
G1 X103.381 Y109.604 E1.34003
G1 X102.636 Y109.26 E1.37225
G1 X102.167 Y108.969 E1.39392
G1 X101.487 Y108.374 E1.4294
G1 X101.106 Y107.935 E1.45222
G1 X100.62 Y107.145 E1.48864
G1 X100.326 Y106.386 E1.5206
G1 X100.219 Y105.867 E1.54141
G1 X100.128 Y105.273 E1.56501
G1 X100.157 Y104.482 E1.59609
G1 X100.276 Y103.772 E1.62436
G1 X100.554 Y102.989 E1.65698
G1 X100.862 Y102.411 E1.6827
G1 X101.366 Y101.743 E1.71556
G1 X101.972 Y101.182 E1.74798
G1 X102.527 Y100.791 E1.77464
G1 X103.341 Y100.412 E1.8099
G1 X103.907 Y100.243 E1.83309
G1 X104.669 Y100.141 E1.86328
G1 X104.915 Y100.122 E1.87297
G1 X105.785 Y100.184 E1.90722
G1 X106.58 Y100.386 E1.93943
G1 X107.297 Y100.718 E1.97045
G1 X107.667 Y100.913 E1.98687
G1 X108.258 Y101.366 E2.01611
G1 X108.713 Y101.832 E2.04168
G1 X109.199 Y102.514 E2.07456
G1 X109.566 Y103.278 E2.10784
G1 X109.777 Y104.026 E2.13836
G1 X109.866 Y104.671 E2.16393
G1 X109.835 Y105.483 E2.19584
G1 X109.796 Y105.9 E2.21228
G1 X109.604 Y106.619 E2.2415
G1 X109.348 Y107.218 E2.26708
G1 X108.925 Y107.895 E2.29842
G1 X108.374 Y108.513 E2.33093
G1 X107.83 Y108.977 E2.359
G1 X107.145 Y109.38 E2.39021
G1 X106.371 Y109.674 E2.42272
G1 X106.138 Y109.744 E2.43227
G1 X105.275 Y109.871 E2.46652
G1 X104.439 Y109.818 E2.49941
G1 X104.423 Y109.421 F7800
;TYPE:External perimeter
G1 F884.349
G1 X104.245 Y109.41 E2.50641
G1 X103.486 Y109.21 E2.53723
G1 X102.811 Y108.893 E2.56651
G1 X102.286 Y108.558 E2.59096
G1 X101.765 Y108.076 E2.61883
G1 X101.425 Y107.682 E2.63926
G1 X100.972 Y106.942 E2.67333
G1 X100.709 Y106.247 E2.70251
G1 X100.531 Y105.217 E2.74355
G1 X100.564 Y104.503 E2.77161
G1 X100.675 Y103.854 E2.79746
G1 X100.936 Y103.128 E2.82775
G1 X101.219 Y102.607 E2.85103
G1 X101.689 Y101.99 E2.88148
G1 X102.245 Y101.484 E2.911
G1 X102.752 Y101.131 E2.93526
G1 X103.51 Y100.782 E2.96803
G1 X104.019 Y100.634 E2.98884
G1 X104.719 Y100.545 E3.01655
G1 X105.4 Y100.565 E3.0433
G1 X105.868 Y100.617 E3.06179
G1 X106.514 Y100.79 E3.08805
G1 X107.117 Y101.083 E3.11437
G1 X107.419 Y101.236 E3.12766
G1 X108.01 Y101.689 E3.1569
G1 X108.419 Y102.113 E3.18003
G1 X108.866 Y102.748 E3.21052
G1 X109.197 Y103.45 E3.24099
G1 X109.383 Y104.132 E3.26875
G1 X109.461 Y104.715 E3.29185
G1 X109.429 Y105.457 E3.32101
G1 X109.403 Y105.794 E3.33428
G1 X109.21 Y106.514 E3.36355
G1 X108.975 Y107.054 E3.38667
G1 X108.582 Y107.676 E3.41556
G1 X108.076 Y108.235 E3.44517
G1 X107.577 Y108.658 E3.47086
G1 X106.942 Y109.028 E3.49972
G1 X106.234 Y109.29 E3.52936
G1 X105.173 Y109.471 E3.57162
G1 X104.482 Y109.425 E3.59881
G1 X104.087 Y109.362 F7800
G92 E0
G1 X96.836 Y110.689
;TYPE:Perimeter
G1 F884.349
G1 X96.6 Y110.352 E.01615
G1 X96.166 Y109.599 E.05028
G1 X95.798 Y108.811 E.08443
G1 X95.505 Y108.005 E.1181
G1 X95.19 Y106.718 E.17013
G1 X95.078 Y105.868 E.20379
G1 X95.04 Y105 E.2379
G1 X95.078 Y104.133 E.27198
G1 X95.199 Y103.233 E.30764
G1 X95.377 Y102.433 E.33982
G1 X95.803 Y101.178 E.39186
G1 X96.166 Y100.401 E.42553
G1 X96.599 Y99.65 E.45957
G1 X97.122 Y98.907 E.49525
G1 X97.649 Y98.28 E.52741
G1 X98.607 Y97.364 E.57945
G1 X99.286 Y96.842 E.61308
G1 X100.054 Y96.356 E.64877
G1 X100.789 Y95.974 E.68129
G1 X101.629 Y95.629 E.71695
G1 X102.422 Y95.38 E.74959
G1 X103.27 Y95.191 E.7837
G1 X104.131 Y95.078 E.8178
G1 X105.038 Y95.041 E.85344
G1 X105.857 Y95.078 E.88563
G1 X107.166 Y95.279 E.93763
G1 X107.995 Y95.501 E.97133
G1 X108.811 Y95.798 E1.00543
G1 X109.599 Y96.166 E1.03958
G1 X110.342 Y96.594 E1.07325
G1 X111.41 Y97.378 E1.12527
G1 X112.043 Y97.957 E1.15895
G1 X112.63 Y98.598 E1.19308
G1 X113.159 Y99.287 E1.22719
G1 X113.62 Y100.011 E1.26089
G1 X114.206 Y101.199 E1.3129
G1 X114.499 Y102.005 E1.34657
G1 X114.721 Y102.834 E1.38027
G1 X114.903 Y104.017 E1.42727
G1 X114.955 Y105.102 E1.46992
G1 X114.922 Y105.868 E1.50002
G1 X114.81 Y106.719 E1.53372
G1 X114.495 Y108.005 E1.58571
G1 X114.205 Y108.801 E1.61897
G1 X113.62 Y109.989 E1.67097
G1 X113.159 Y110.713 E1.70467
G1 X112.63 Y111.402 E1.73878
G1 X112.043 Y112.043 E1.77291
G1 X111.41 Y112.622 E1.80659
G1 X110.342 Y113.406 E1.85861
G1 X109.599 Y113.834 E1.89228
G1 X108.811 Y114.202 E1.92643
G1 X107.995 Y114.499 E1.96053
G1 X107.156 Y114.724 E1.99464
G1 X106.3 Y114.875 E2.02877
G1 X105.445 Y114.949 E2.06247
G1 X104.121 Y114.921 E2.11447
G1 X103.27 Y114.809 E2.14817
G1 X102.433 Y114.623 E2.18184
G1 X101.178 Y114.197 E2.23388
G1 X100.465 Y113.864 E2.26478
G1 X99.997 Y113.612 E2.28565
G1 X99.288 Y113.159 E2.31869
G1 X98.598 Y112.63 E2.35283
G1 X97.957 Y112.043 E2.38696
G1 X97.418 Y111.454 E2.41831
G1 X97.082 Y111.042 E2.43918
G1 X96.87 Y110.738 E2.45373
G1 X96.507 Y110.93 F7800
G1 F884.349
G1 X96.256 Y110.571 E2.47093
G1 X95.804 Y109.787 E2.50646
G1 X95.422 Y108.967 E2.54198
G1 X95.115 Y108.124 E2.57721
G1 X94.789 Y106.794 E2.63098
G1 X94.672 Y105.904 E2.66623
G1 X94.633 Y105 E2.70176
G1 X94.672 Y104.097 E2.73725
G1 X94.798 Y103.162 E2.77429
G1 X94.984 Y102.323 E2.80803
G1 X95.425 Y101.027 E2.86178
G1 X95.804 Y100.213 E2.89704
G1 X96.256 Y99.43 E2.93254
G1 X96.799 Y98.658 E2.9696
G1 X97.352 Y98.001 E3.00332
G1 X98.341 Y97.054 E3.05708
G1 X99.053 Y96.508 E3.09231
G1 X99.85 Y96.003 E3.12936
G1 X100.618 Y95.604 E3.16334
G1 X101.491 Y95.245 E3.2004
G1 X102.316 Y94.986 E3.23435
G1 X103.2 Y94.79 E3.2699
G1 X104.096 Y94.672 E3.30538
G1 X105.039 Y94.634 E3.34244
G1 X105.897 Y94.672 E3.37616
G1 X107.25 Y94.88 E3.42991
G1 X108.118 Y95.113 E3.4652
G1 X108.967 Y95.422 E3.50067
G1 X109.787 Y95.804 E3.53619
G1 X110.565 Y96.253 E3.57146
G1 X111.669 Y97.063 E3.62522
G1 X112.331 Y97.669 E3.66046
G1 X112.942 Y98.336 E3.69598
G1 X113.492 Y99.054 E3.73149
G1 X113.975 Y99.811 E3.76675
G1 X114.58 Y101.039 E3.8205
G1 X114.887 Y101.882 E3.85573
G1 X115.12 Y102.75 E3.89102
G1 X115.305 Y103.955 E3.93889
G1 X115.348 Y104.548 E3.96224
G1 X115.362 Y105.12 E3.98471
G1 X115.328 Y105.904 E4.01552
G1 X115.211 Y106.794 E4.05077
G1 X114.885 Y108.124 E4.10454
G1 X114.58 Y108.961 E4.13952
G1 X113.975 Y110.189 E4.19327
G1 X113.492 Y110.946 E4.22853
G1 X112.942 Y111.664 E4.26404
G1 X112.331 Y112.331 E4.29956
G1 X111.669 Y112.937 E4.3348
G1 X110.565 Y113.747 E4.38856
G1 X109.787 Y114.196 E4.42383
G1 X108.967 Y114.578 E4.45935
G1 X108.117 Y114.887 E4.49486
G1 X107.244 Y115.122 E4.53036
G1 X106.353 Y115.279 E4.56588
G1 X105.459 Y115.357 E4.60112
G1 X104.09 Y115.327 E4.65489
G1 X103.2 Y115.21 E4.69014
G1 X102.323 Y115.015 E4.72542
G1 X101.027 Y114.575 E4.77916
G1 X100.293 Y114.233 E4.81096
G1 X99.789 Y113.962 E4.83343
G1 X99.054 Y113.493 E4.86766
G1 X98.336 Y112.942 E4.9032
G1 X97.669 Y112.331 E4.93872
G1 X97.118 Y111.729 E4.97076
G1 X96.756 Y111.286 E4.99322
G1 X96.542 Y110.979 E5.00791
G1 X96.179 Y111.17 F7800
;TYPE:External perimeter
G1 F884.349
G1 X95.913 Y110.789 E5.02616
G1 X95.443 Y109.975 E5.06307
G1 X95.045 Y109.123 E5.09999
G1 X94.725 Y108.242 E5.13679
G1 X94.389 Y106.869 E5.19229
G1 X94.266 Y105.939 E5.22912
G1 X94.225 Y105 E5.26602
G1 X94.266 Y104.061 E5.30292
G1 X94.397 Y103.09 E5.34139
G1 X94.592 Y102.213 E5.37667
G1 X95.046 Y100.875 E5.43215
G1 X95.443 Y100.025 E5.46899
G1 X95.912 Y99.211 E5.50588
G1 X96.477 Y98.41 E5.54437
G1 X97.055 Y97.722 E5.57965
G1 X98.076 Y96.745 E5.63514
G1 X98.82 Y96.174 E5.67196
G1 X99.647 Y95.65 E5.7104
G1 X100.446 Y95.235 E5.74575
G1 X101.352 Y94.862 E5.78422
G1 X102.211 Y94.592 E5.81958
G1 X103.129 Y94.389 E5.8565
G1 X104.061 Y94.266 E5.89341
G1 X105.04 Y94.226 E5.93188
G1 X105.937 Y94.266 E5.96714
G1 X107.334 Y94.481 E6.02264
G1 X108.24 Y94.724 E6.05947
G1 X109.123 Y95.045 E6.09636
G1 X109.975 Y95.443 E6.13328
G1 X110.788 Y95.912 E6.17013
G1 X111.928 Y96.748 E6.22564
G1 X112.619 Y97.381 E6.26244
G1 X113.254 Y98.074 E6.29935
G1 X113.826 Y98.82 E6.33626
G1 X114.33 Y99.611 E6.37309
G1 X114.955 Y100.879 E6.4286
G1 X115.276 Y101.76 E6.46542
G1 X115.519 Y102.666 E6.50225
G1 X115.708 Y103.893 E6.551
G1 X115.754 Y104.53 E6.57608
G1 X115.769 Y105.138 E6.59996
G1 X115.734 Y105.939 E6.63144
G1 X115.611 Y106.869 E6.66827
G1 X115.275 Y108.242 E6.72377
G1 X114.955 Y109.121 E6.7605
G1 X114.33 Y110.389 E6.81601
G1 X113.826 Y111.18 E6.85284
G1 X113.254 Y111.926 E6.88975
G1 X112.619 Y112.619 E6.92666
M73 P70 R9
G1 X111.927 Y113.253 E6.96351
G1 X110.787 Y114.088 E7.01899
G1 X109.975 Y114.557 E7.05581
G1 X109.123 Y114.955 E7.09273
M73 Q70 S9
G1 X108.24 Y115.276 E7.12962
G1 X107.332 Y115.519 E7.16653
G1 X106.406 Y115.683 E7.20345
G1 X105.472 Y115.764 E7.24026
G1 X104.059 Y115.733 E7.29575
G1 X103.129 Y115.611 E7.33258
G1 X102.213 Y115.408 E7.36942
G1 X100.875 Y114.954 E7.4249
G1 X100.023 Y114.556 E7.46182
G1 X99.581 Y114.312 E7.48164
G1 X98.82 Y113.826 E7.51709
G1 X98.074 Y113.254 E7.554
G1 X97.381 Y112.619 E7.59091
G1 X96.745 Y111.924 E7.6279
G1 X96.43 Y111.529 E7.64774
G1 X96.213 Y111.22 E7.66257
G1 X95.984 Y110.892 F7800
;LAYER_CHANGE
;Z:9.35
;HEIGHT:0.200001
G92 E0
G1 Z9.35 F7800
G1 X104.334 Y110.225
;TYPE:Perimeter
G1 F884.349
G1 X103.995 Y110.19 E.01338
G1 X103.276 Y109.997 E.04261
G1 X102.503 Y109.654 E.07582
G1 X101.992 Y109.322 E.09975
G1 X101.512 Y108.97 E.12312
G1 X100.957 Y108.373 E.15513
G1 X100.62 Y107.959 E.17609
G1 X100.247 Y107.314 E.20535
G1 X99.918 Y106.453 E.24154
G1 X99.727 Y105.341 E.28584
G1 X99.751 Y104.457 E.32056
G1 X99.877 Y103.691 E.35104
G1 X100.171 Y102.85 E.38602
G1 X100.505 Y102.216 E.41416
G1 X101.043 Y101.495 E.44948
G1 X101.653 Y100.934 E.48202
G1 X102.041 Y100.62 E.50162
G1 X102.686 Y100.247 E.53088
G1 X103.748 Y99.866 E.57518
G1 X104.623 Y99.736 E.60991
G1 X104.941 Y99.716 E.62242
G1 X105.814 Y99.778 E.65678
G1 X106.686 Y99.993 E.69204
G1 X107.477 Y100.352 E.72615
G1 X107.915 Y100.59 E.74572
G1 X108.506 Y101.044 E.77498
G1 X109.007 Y101.55 E.80294
G1 X109.602 Y102.395 E.84352
G1 X109.936 Y103.109 E.87447
G1 X110.17 Y103.921 E.90765
G1 X110.271 Y104.627 E.93565
G1 X110.273 Y105.394 E.96577
G1 X110.128 Y106.282 E1.0011
G1 X109.841 Y107.116 E1.03573
G1 X109.344 Y108.01 E1.07589
G1 X109.021 Y108.426 E1.09657
G1 X108.354 Y109.072 E1.13303
G1 X107.774 Y109.497 E1.16126
G1 X106.928 Y109.919 E1.19838
G1 X106.095 Y110.16 E1.23243
G1 X105.384 Y110.27 E1.26068
G1 X104.49 Y110.242 E1.2958
G1 X104.394 Y110.232 E1.29959
G1 X104.379 Y109.823 F7800
G1 F884.349
G1 X104.1 Y109.796 E1.3106
G1 X103.381 Y109.604 E1.33982
G1 X102.676 Y109.285 E1.3702
G1 X102.233 Y108.993 E1.39103
G1 X101.748 Y108.638 E1.41463
G1 X101.263 Y108.105 E1.44293
G1 X100.934 Y107.689 E1.46375
G1 X100.6 Y107.111 E1.48996
G1 X100.3 Y106.314 E1.5234
G1 X100.129 Y105.279 E1.56459
G1 X100.157 Y104.478 E1.59606
G1 X100.276 Y103.773 E1.62413
G1 X100.554 Y102.989 E1.65679
G1 X100.862 Y102.411 E1.68251
G1 X101.366 Y101.742 E1.7154
G1 X102.245 Y100.972 E1.76128
G1 X102.89 Y100.6 E1.79052
G1 X103.879 Y100.252 E1.83169
G1 X104.912 Y100.122 E1.87257
G1 X105.785 Y100.184 E1.90693
G1 X106.58 Y100.386 E1.93914
G1 X107.297 Y100.718 E1.97016
G1 X107.667 Y100.913 E1.98658
G1 X108.258 Y101.366 E2.01582
G1 X108.713 Y101.832 E2.04139
G1 X109.199 Y102.514 E2.07427
G1 X109.567 Y103.281 E2.10767
G1 X109.777 Y104.026 E2.13806
G1 X109.866 Y104.671 E2.16363
G1 X109.866 Y105.385 E2.19166
G1 X109.727 Y106.212 E2.22459
G1 X109.459 Y106.976 E2.25638
G1 X108.993 Y107.804 E2.29369
G1 X108.624 Y108.27 E2.31703
G1 X108.081 Y108.77 E2.34601
G1 X107.55 Y109.157 E2.37181
G1 X106.756 Y109.55 E2.4066
G1 X105.993 Y109.766 E2.43774
G1 X105.342 Y109.865 E2.4636
G1 X104.517 Y109.835 E2.49601
G1 X104.438 Y109.828 E2.49912
G1 X104.423 Y109.415 F7800
;TYPE:External perimeter
G1 F884.349
G1 X104.206 Y109.403 E2.50765
G1 X103.486 Y109.21 E2.53692
G1 X102.848 Y108.916 E2.5645
G1 X101.994 Y108.313 E2.60555
G1 X101.569 Y107.837 E2.63061
G1 X101.286 Y107.485 E2.64834
G1 X100.952 Y106.907 E2.67455
G1 X100.683 Y106.175 E2.70517
G1 X100.531 Y105.217 E2.74326
G1 X100.564 Y104.498 E2.77152
G1 X100.675 Y103.854 E2.79718
G1 X100.936 Y103.128 E2.82747
G1 X101.219 Y102.607 E2.85075
G1 X101.689 Y101.99 E2.8812
G1 X102.448 Y101.325 E2.92082
G1 X103.093 Y100.952 E2.95008
G1 X104.01 Y100.637 E2.98815
G1 X104.724 Y100.544 E3.01642
G1 X105.403 Y100.565 E3.04309
G1 X105.868 Y100.617 E3.06146
G1 X106.514 Y100.79 E3.08772
G1 X107.419 Y101.236 E3.12734
G1 X108.01 Y101.689 E3.15658
G1 X108.419 Y102.113 E3.17971
G1 X108.866 Y102.748 E3.2102
G1 X109.198 Y103.453 E3.2408
G1 X109.383 Y104.132 E3.26843
G1 X109.461 Y104.715 E3.29153
G1 X109.459 Y105.376 E3.31748
G1 X109.326 Y106.141 E3.34797
G1 X109.076 Y106.837 E3.37701
G1 X108.642 Y107.598 E3.41141
G1 X108.308 Y108.014 E3.43236
G1 X107.808 Y108.468 E3.45888
G1 X107.325 Y108.818 E3.4823
G1 X106.584 Y109.181 E3.5147
G1 X105.89 Y109.373 E3.54297
G1 X105.3 Y109.46 E3.56639
G1 X104.483 Y109.418 E3.59851
G1 X104.087 Y109.364 F7800
G92 E0
G1 X96.872 Y110.72
;TYPE:Perimeter
G1 F884.349
G1 X96.594 Y110.342 E.01842
G1 X96.166 Y109.599 E.05209
G1 X95.803 Y108.821 E.0858
G1 X95.377 Y107.567 E.1378
G1 X95.191 Y106.73 E.17147
G1 X95.078 Y105.868 E.20561
G1 X95.04 Y105 E.23972
G1 X95.078 Y104.132 E.27383
G1 X95.193 Y103.263 E.30825
G1 X95.377 Y102.433 E.34163
G1 X95.803 Y101.178 E.39367
G1 X96.165 Y100.401 E.42733
G1 X96.604 Y99.642 E.46176
G1 X97.092 Y98.946 E.49514
G1 X97.966 Y97.95 E.54717
G1 X98.598 Y97.371 E.58082
G1 X99.294 Y96.837 E.61526
G1 X100.011 Y96.38 E.64864
G1 X101.189 Y95.799 E.70021
G1 X102.433 Y95.377 E.75179
G1 X103.271 Y95.191 E.78549
G1 X104.132 Y95.078 E.81959
G1 X105.008 Y95.04 E.85402
G1 X105.857 Y95.078 E.88739
G1 X107.166 Y95.279 E.93939
G1 X107.995 Y95.501 E.97309
G1 X108.811 Y95.798 E1.00719
G1 X109.599 Y96.166 E1.04134
G1 X110.342 Y96.594 E1.07501
G1 X111.41 Y97.378 E1.12703
G1 X112.043 Y97.957 E1.16071
G1 X112.63 Y98.598 E1.19484
G1 X113.158 Y99.287 E1.22892
G1 X113.629 Y100.027 E1.26336
G1 X114.022 Y100.781 E1.29675
G1 X114.502 Y102.016 E1.34878
G1 X114.721 Y102.834 E1.38203
G1 X114.928 Y104.27 E1.439
G1 X114.96 Y105 E1.46769
G1 X114.922 Y105.868 E1.5018
G1 X114.81 Y106.719 E1.5355
G1 X114.495 Y108.005 E1.58749
G1 X114.202 Y108.811 E1.62116
G1 X113.839 Y109.589 E1.65487
G1 X113.152 Y110.722 E1.7069
G1 X112.63 Y111.402 E1.74056
G1 X112.043 Y112.043 E1.77469
G1 X111.41 Y112.622 E1.80837
G1 X110.342 Y113.406 E1.86039
G1 X109.599 Y113.834 E1.89406
G1 X108.812 Y114.202 E1.92817
G1 X107.988 Y114.501 E1.96259
G1 X107.166 Y114.721 E1.996
G1 X105.857 Y114.922 E2.048
G1 X105 Y114.96 E2.08168
G1 X104.132 Y114.922 E2.11579
G1 X103.27 Y114.809 E2.14993
G1 X102.433 Y114.623 E2.1836
G1 X101.178 Y114.197 E2.23564
G1 X100.411 Y113.839 E2.26887
G1 X99.278 Y113.152 E2.3209
G1 X98.598 Y112.63 E2.35456
G1 X97.957 Y112.043 E2.38869
G1 X97.378 Y111.41 E2.42237
G1 X96.907 Y110.768 E2.45363
G1 X96.533 Y110.946 F7800
G1 F884.349
G1 X96.253 Y110.565 E2.4722
G1 X95.804 Y109.787 E2.50747
G1 X95.425 Y108.973 E2.54273
G1 X94.985 Y107.677 E2.59647
G1 X94.79 Y106.8 E2.63175
G1 X94.672 Y105.904 E2.66723
G1 X94.633 Y105 E2.70276
G1 X94.672 Y104.097 E2.73825
G1 X94.792 Y103.192 E2.7741
G1 X94.985 Y102.323 E2.80905
G1 X95.425 Y101.027 E2.86279
G1 X95.804 Y100.213 E2.89805
G1 X96.261 Y99.423 E2.93389
G1 X96.771 Y98.694 E2.96882
G1 X97.674 Y97.665 E3.02257
G1 X98.336 Y97.058 E3.05784
G1 X99.06 Y96.503 E3.09366
G1 X99.811 Y96.025 E3.12861
G1 X101.033 Y95.422 E3.18211
G1 X102.323 Y94.984 E3.2356
G1 X103.2 Y94.79 E3.27087
G1 X104.096 Y94.672 E3.30635
G1 X105.008 Y94.633 E3.34219
G1 X105.897 Y94.672 E3.37713
G1 X107.25 Y94.88 E3.43088
G1 X108.118 Y95.113 E3.46617
G1 X108.967 Y95.422 E3.50164
G1 X109.787 Y95.804 E3.53716
G1 X110.565 Y96.253 E3.57243
G1 X111.669 Y97.063 E3.62619
G1 X112.331 Y97.669 E3.66143
G1 X112.942 Y98.336 E3.69695
G1 X113.492 Y99.053 E3.73243
G1 X113.982 Y99.823 E3.76827
G1 X114.393 Y100.613 E3.80324
G1 X114.889 Y101.889 E3.85699
G1 X115.12 Y102.75 E3.89199
G1 X115.335 Y104.253 E3.95161
G1 X115.367 Y105 E3.98097
G1 X115.328 Y105.904 E4.0165
G1 X115.211 Y106.794 E4.05175
G1 X114.885 Y108.124 E4.10552
G1 X114.578 Y108.967 E4.14075
G1 X114.199 Y109.781 E4.17601
G1 X113.488 Y110.952 E4.2298
G1 X112.942 Y111.664 E4.26503
G1 X112.331 Y112.331 E4.30055
G1 X111.669 Y112.937 E4.33579
G1 X110.565 Y113.747 E4.38955
G1 X109.787 Y114.196 E4.42482
G1 X108.968 Y114.578 E4.4603
G1 X108.11 Y114.89 E4.49615
G1 X107.25 Y115.12 E4.5311
G1 X105.897 Y115.328 E4.58485
G1 X105 Y115.367 E4.6201
G1 X104.096 Y115.328 E4.65563
G1 X103.2 Y115.21 E4.69111
G1 X102.323 Y115.015 E4.72639
G1 X101.027 Y114.575 E4.78013
G1 X100.219 Y114.199 E4.81512
G1 X99.048 Y113.488 E4.86891
G1 X98.336 Y112.942 E4.90414
G1 X97.669 Y112.331 E4.93966
G1 X97.063 Y111.669 E4.9749
G1 X96.568 Y110.995 E5.00773
G1 X96.194 Y111.173 F7800
;TYPE:External perimeter
G1 F884.349
G1 X95.912 Y110.787 E5.0265
G1 X95.443 Y109.975 E5.06332
G1 X95.046 Y109.125 E5.10016
G1 X94.592 Y107.787 E5.15564
G1 X94.389 Y106.871 E5.19248
G1 X94.266 Y105.939 E5.22939
G1 X94.225 Y105 E5.26629
G1 X94.266 Y104.061 E5.30319
G1 X94.39 Y103.121 E5.34042
G1 X94.592 Y102.213 E5.37694
G1 X95.046 Y100.875 E5.43242
G1 X95.443 Y100.025 E5.46926
G1 X95.917 Y99.204 E5.50648
G1 X96.451 Y98.442 E5.54302
G1 X97.383 Y97.38 E5.5985
G1 X98.074 Y96.746 E5.63532
G1 X98.826 Y96.169 E5.67254
G1 X99.611 Y95.67 E5.70906
G1 X100.877 Y95.046 E5.76448
G1 X102.213 Y94.592 E5.81988
G1 X103.129 Y94.389 E5.85672
G1 X104.061 Y94.266 E5.89363
G1 X105.008 Y94.225 E5.93085
G1 X105.937 Y94.266 E5.96736
G1 X107.334 Y94.481 E6.02286
G1 X108.24 Y94.724 E6.05969
G1 X109.123 Y95.045 E6.09658
G1 X109.975 Y95.443 E6.1335
G1 X110.788 Y95.912 E6.17035
G1 X111.928 Y96.748 E6.22586
G1 X112.619 Y97.381 E6.26266
G1 X113.254 Y98.074 E6.29957
G1 X113.826 Y98.82 E6.33648
G1 X114.335 Y99.62 E6.37371
G1 X114.764 Y100.445 E6.41022
G1 X115.277 Y101.762 E6.46572
G1 X115.519 Y102.666 E6.50247
M73 P71 R9
G1 X115.741 Y104.235 E6.56469
G1 X115.775 Y105 E6.59476
G1 X115.734 Y105.939 E6.63166
G1 X115.611 Y106.869 E6.66849
M73 Q71 S9
G1 X115.275 Y108.242 E6.72399
G1 X114.955 Y109.123 E6.76079
G1 X114.558 Y109.973 E6.79763
G1 X113.825 Y111.182 E6.85314
G1 X113.254 Y111.926 E6.88996
G1 X112.619 Y112.619 E6.92687
G1 X111.927 Y113.253 E6.96372
G1 X110.787 Y114.088 E7.0192
G1 X109.975 Y114.557 E7.05602
G1 X109.123 Y114.955 E7.09294
G1 X108.232 Y115.278 E7.13015
G1 X107.334 Y115.519 E7.16666
G1 X105.937 Y115.734 E7.22216
G1 X105 Y115.775 E7.25899
G1 X104.061 Y115.734 E7.29589
G1 X103.129 Y115.611 E7.3328
G1 X102.213 Y115.408 E7.36964
G1 X100.875 Y114.954 E7.42512
G1 X100.027 Y114.558 E7.46187
G1 X98.818 Y113.825 E7.51738
G1 X98.074 Y113.254 E7.5542
G1 X97.381 Y112.619 E7.59111
G1 X96.747 Y111.927 E7.62796
G1 X96.229 Y111.221 E7.66234
G1 X95.993 Y110.898 F7800
G92 E0
G1 X96.528 Y108.375
;TYPE:Internal infill
;WIDTH:0.45
;HEIGHT:0.4
G1 F494.289
G1 X98.016 Y111.011 E.21264
G1 X98.471 Y111.507 E.25992
G1 X99.4 Y112.322 E.34674
G1 X100.047 Y112.775 E.40222
G1 X101.313 Y113.443 E.50278
G1 X101.403 Y113.25 E.51774
G92 E0
G1 X101.234 Y110.125 F7800
G1 F494.289
G1 X103.206 Y110.291 E.13902
G1 X104.083 Y110.518 E.20266
G1 X105.242 Y110.59 E.28424
G1 X105.615 Y110.551 E.31059
G1 X104.848 Y111.391 F7800
G1 F494.289
G1 X103.89 Y110.477 E.40361
G92 E0
G1 X105.903 Y114 F7800
G1 F494.289
G1 X105.917 Y114.167 E.01177
G1 X107.001 Y113.999 E.08883
G1 X108.513 Y113.522 E.20021
G1 X109.083 Y113.241 E.24485
G1 X108.903 Y112.875 E.2735
G1 X110.711 Y111.307 E.44162
G1 X111.153 Y111.75 E.48558
G1 X111.816 Y111.205 F7800
G1 F494.289
G1 X112.778 Y109.948 E.59678
G1 X113.2 Y109.201 E.65705
G1 X113.028 Y109.125 E.67026
G92 E0
G1 X113.778 Y105 F7800
G1 F494.289
G1 X114.199 Y105.009 E.02958
G1 X114.154 Y103.93 E.10545
G1 X113.999 Y102.999 E.17175
G1 X113.662 Y101.899 E.25257
G1 X113.403 Y102 E.2721
G92 E0
G1 X111.903 Y99 F7800
G1 F494.289
G1 X111.952 Y98.955 E.00467
G1 X111.529 Y98.493 E.04867
G1 X110.6 Y97.678 E.13549
G1 X109.953 Y97.225 E.19097
G1 X109.685 Y97.07 E.21272
G1 X109.653 Y97.125 E.21719
G1 X107.403 Y96.375 E.3838
G92 E0
G1 X102.487 Y99.746 F7800
G1 F494.289
G1 X101.127 Y97.303 E.19642
G92 E0
G1 X103.653 Y96 F7800
G1 F494.289
G1 X101.028 Y97.125 E.20063
G1 X100.861 Y96.768 E.22832
G1 X99.698 Y97.459 E.32335
G1 X98.912 Y98.095 E.39438
G1 X98.778 Y98.25 F7800
G1 F494.289
G1 X98.475 Y98.488 E.42145
G1 X97.691 Y99.381 E.50493
G1 X97.204 Y100.083 E.56495
G1 X97.278 Y100.125 E.57093
G92 E0
G1 X95.892 Y103.619 F7800
G1 F494.289
G1 X95.781 Y105 E.09733
G1 X95.849 Y106.053 E.17146
G1 X96.421 Y105.977 E.212
G1 X96.153 Y103.875 E.36086
G1 X95.36 Y104.994 F7800
;TYPE:Solid infill
;WIDTH:0.4784
;HEIGHT:0.2
G1 F826.674
G1 X95.397 Y104.154 E.39618
G1 X95.508 Y103.315 E.43173
;WIDTH:0.47792
G1 F827.586
G1 X95.622 Y102.788 E.45435
;WIDTH:0.471752
G1 F839.49
G1 X95.817 Y102.101 E.48389
;WIDTH:0.4784
G1 F826.674
G1 X96.1 Y101.298 E.51965
G1 X96.452 Y100.544 E.5546
;WIDTH:0.478562
G1 X96.874 Y99.814 E.59003
G1 X97.359 Y99.124 E.62547
;WIDTH:0.47595
G1 F831.351
G1 X97.708 Y98.713 E.64799
;WIDTH:0.478952
G1 F825.627
G1 X98.194 Y98.174 E.67851
G1 X98.916 Y97.527 E.71928
;WIDTH:0.480024
G1 F823.603
G1 X99.477 Y97.1 E.749
G1 X100.569 Y96.451 E.80256
;WIDTH:0.477266
G1 F828.832
G1 X101.313 Y96.094 E.83713
;WIDTH:0.484974
G1 F814.38
G1 X102.52 Y95.688 E.89143
;WIDTH:0.497888
G1 F791.264
G1 X103.328 Y95.516 E.92768
G1 X104.175 Y95.396 E.96522
;WIDTH:0.479002
G1 F825.533
G1 X105.224 Y95.368 E1.00936
;WIDTH:0.478128
G1 F827.191
G1 X105.834 Y95.397 E1.035
G1 X107.096 Y95.591 E1.0886
;WIDTH:0.478398
G1 F826.678
G1 X107.904 Y95.808 E1.12374
G1 X108.694 Y96.096 E1.15906
G1 X109.456 Y96.452 E1.19439
G1 X110.184 Y96.874 E1.22973
;WIDTH:0.49758
G1 F791.8
G1 X111.201 Y97.633 E1.28538
G1 X111.829 Y98.197 E1.3224
;WIDTH:0.47858
G1 F826.332
G1 X112.388 Y98.808 E1.3572
;WIDTH:0.47885
G1 F825.821
G1 X112.898 Y99.473 E1.39244
G1 X113.416 Y100.306 E1.43369
;WIDTH:0.47813
G1 F827.187
G1 X113.733 Y100.921 E1.46273
G1 X114.196 Y102.111 E1.51633
;WIDTH:0.47766
G1 F828.081
G1 X114.411 Y102.916 E1.55127
;WIDTH:0.484976
G1 F814.376
G1 X114.601 Y104.175 E1.60556
;WIDTH:0.497886
G1 F791.268
G1 X114.63 Y105 E1.64179
G1 X114.601 Y105.858 E1.67946
;WIDTH:0.478584
G1 F826.325
G1 X114.492 Y106.676 E1.71414
;WIDTH:0.484976
G1 F814.376
G1 X114.186 Y107.912 E1.76843
;WIDTH:0.49788
G1 F791.278
G1 X113.897 Y108.685 E1.80464
G1 X113.541 Y109.466 E1.84231
;WIDTH:0.49104
G1 F803.356
G1 X112.883 Y110.537 E1.89664
G1 X112.382 Y111.194 E1.93235
;WIDTH:0.497882
G1 F791.275
G1 X111.81 Y111.81 E1.96924
G1 X111.184 Y112.392 E2.00675
;WIDTH:0.48498
G1 F814.369
G1 X110.165 Y113.135 E2.06052
;WIDTH:0.497884
G1 F791.271
G1 X109.447 Y113.542 E2.09674
G1 X108.672 Y113.912 E2.13443
;WIDTH:0.47856
G1 F826.37
G1 X107.892 Y114.196 E2.16931
G1 X107.084 Y114.411 E2.20444
;WIDTH:0.477266
G1 F828.832
G1 X106.116 Y114.566 E2.24551
;WIDTH:0.469328
G1 F844.262
G1 X105.417 Y114.626 E2.27436
G1 X104.569 Y114.626 E2.30924
;WIDTH:0.475208
G1 F832.778
G1 X104.031 Y114.588 E2.33173
;WIDTH:0.479692
G1 F824.229
G1 X103.326 Y114.493 E2.3617
G1 X102.088 Y114.178 E2.41552
;WIDTH:0.4784
G1 F826.674
G1 X101.298 Y113.9 E2.4507
G1 X100.544 Y113.547 E2.48567
;WIDTH:0.48676
G1 F811.103
G1 X99.461 Y112.884 E2.54003
;WIDTH:0.49791
G1 F791.226
G1 X98.81 Y112.377 E2.57624
G1 X98.171 Y111.803 E2.61394
;WIDTH:0.478584
G1 F826.325
G1 X97.615 Y111.194 E2.64859
;WIDTH:0.484978
G1 F814.373
G1 X96.865 Y110.165 E2.70288
;WIDTH:0.497882
G1 F791.275
G1 X96.458 Y109.447 E2.7391
G1 X96.089 Y108.672 E2.77677
;WIDTH:0.497582
G1 X95.695 Y107.478 E2.83191
G1 X95.504 Y106.656 E2.86892
;WIDTH:0.478584
G1 F826.325
G1 X95.396 Y105.834 E2.90376
;WIDTH:0.4784
G1 X95.369 Y105.198 E2.9305
;LAYER_CHANGE
;Z:9.55
;HEIGHT:0.2
G92 E0
G1 Z9.55 F7800
G1 X104.332 Y110.242
;TYPE:Perimeter
;WIDTH:0.449999
G1 F884.349
G1 X103.292 Y110.001 E.04192
G1 X102.772 Y109.779 E.06412
G1 X102.317 Y109.557 E.084
G1 X101.834 Y109.235 E.10679
G1 X101.253 Y108.719 E.1373
G1 X100.801 Y108.204 E.1642
G1 X100.416 Y107.605 E.19216
G1 X100.17 Y107.146 E.21261
G1 X99.903 Y106.396 E.24387
G1 X99.779 Y105.691 E.27198
G1 X99.716 Y105.135 E.29395
G1 X99.757 Y104.339 E.32525
G1 X99.877 Y103.692 E.35109
G1 X100.042 Y103.213 E.37098
G1 X100.223 Y102.733 E.39112
G1 X100.507 Y102.212 E.41442
G1 X100.839 Y101.762 E.43638
G1 X101.169 Y101.359 E.45683
G1 X101.76 Y100.825 E.4881
G1 X102.195 Y100.524 E.50887
G1 X103.109 Y100.064 E.54905
G1 X103.68 Y99.885 E.57255
G1 X104.595 Y99.74 E.60893
G1 X105.127 Y99.73 E.62982
G1 X105.814 Y99.778 E.65686
G1 X106.648 Y99.983 E.69058
G1 X107.213 Y100.222 E.71467
G1 X107.745 Y100.485 E.73797
G1 X108.443 Y100.995 E.77191
G1 X108.953 Y101.494 E.79993
G1 X109.508 Y102.245 E.8366
G1 X109.903 Y103.037 E.87135
G1 X110.096 Y103.655 E.89677
G1 X110.224 Y104.177 E.91787
G1 X110.28 Y104.707 E.9388
G1 X110.222 Y105.808 E.98209
G1 X110.008 Y106.683 E1.01746
G1 X109.515 Y107.745 E1.06343
G1 X109.031 Y108.408 E1.09566
G1 X108.532 Y108.928 E1.12396
G1 X107.778 Y109.492 E1.16093
G1 X107.266 Y109.761 E1.18364
G1 X106.788 Y109.978 E1.20425
G1 X106.005 Y110.19 E1.2361
G1 X105.297 Y110.279 E1.26412
G1 X104.392 Y110.245 E1.29968
G1 X104.377 Y109.838 F7800
G1 F884.349
G1 X104.36 Y109.837 E1.30035
G1 X103.391 Y109.606 E1.33946
G1 X102.606 Y109.253 E1.37326
G1 X102.156 Y108.96 E1.39434
G1 X101.528 Y108.419 E1.42689
G1 X101.119 Y107.95 E1.45132
G1 X100.768 Y107.402 E1.47687
G1 X100.553 Y107.01 E1.49442
G1 X100.286 Y106.26 E1.52568
G1 X100.123 Y105.155 E1.56954
G1 X100.163 Y104.36 E1.60079
G1 X100.276 Y103.773 E1.62426
G1 X100.61 Y102.866 E1.66221
G1 X100.863 Y102.409 E1.68272
G1 X101.366 Y101.743 E1.71549
G1 X102.032 Y101.127 E1.75111
G1 X102.527 Y100.792 E1.77458
G1 X103.281 Y100.433 E1.80737
G1 X103.794 Y100.276 E1.82843
G1 X104.645 Y100.144 E1.86224
G1 X105.099 Y100.136 E1.88007
G1 X105.785 Y100.184 E1.90707
G1 X106.543 Y100.376 E1.93777
M73 P71 R8
G1 X107.033 Y100.587 E1.95872
G1 X107.57 Y100.852 E1.98223
G1 X108.195 Y101.318 E2.01284
G1 X108.659 Y101.775 E2.03841
G1 X109.175 Y102.479 E2.07268
G1 X109.534 Y103.21 E2.10466
G1 X109.702 Y103.758 E2.12717
G1 X109.822 Y104.246 E2.1469
G1 X109.875 Y104.75 E2.1668
G1 X109.816 Y105.782 E2.20739
G1 X109.615 Y106.577 E2.23959
G1 X109.15 Y107.565 E2.28247
G1 X108.708 Y108.16 E2.31157
G1 X108.251 Y108.634 E2.33742
G1 X107.544 Y109.159 E2.372
G1 X107.094 Y109.392 E2.3919
G1 X106.619 Y109.604 E2.41232
G1 X105.9 Y109.796 E2.44154
G1 X105.253 Y109.874 E2.46713
G1 X104.437 Y109.84 E2.4992
G1 X104.421 Y109.432 F7800
;TYPE:External perimeter
G1 F884.349
G1 X104.381 Y109.43 E2.50077
G1 X103.49 Y109.211 E2.5368
G1 X102.778 Y108.884 E2.56756
G1 X102.287 Y108.558 E2.5907
G1 X101.803 Y108.118 E2.61638
G1 X101.436 Y107.695 E2.63837
M73 Q71 S8
G1 X100.937 Y106.873 E2.67613
G1 X100.67 Y106.123 E2.70739
G1 X100.529 Y105.176 E2.74498
G1 X100.57 Y104.381 E2.77624
G1 X100.675 Y103.854 E2.79734
G1 X100.974 Y103.049 E2.83106
G1 X101.219 Y102.606 E2.85094
G1 X101.689 Y101.99 E2.88136
G1 X102.305 Y101.429 E2.91407
G1 X102.752 Y101.131 E2.93516
G1 X103.453 Y100.802 E2.96557
G1 X104.018 Y100.634 E2.98871
G1 X104.695 Y100.548 E3.01551
G1 X105.384 Y100.564 E3.04257
G1 X105.871 Y100.617 E3.0618
G1 X106.514 Y100.79 E3.08794
G1 X107.385 Y101.215 E3.12599
G1 X107.947 Y101.641 E3.15368
G1 X108.365 Y102.057 E3.17684
G1 X108.841 Y102.712 E3.20863
G1 X109.165 Y103.382 E3.23785
G1 X109.412 Y104.259 E3.27362
G1 X109.47 Y104.792 E3.29467
M73 P72 R8
G1 X109.41 Y105.755 E3.33256
G1 X109.222 Y106.472 E3.36166
G1 X108.785 Y107.385 E3.4014
G1 X108.385 Y107.913 E3.42741
M73 Q72 S8
G1 X107.969 Y108.34 E3.45082
G1 X107.311 Y108.825 E3.48292
G1 X106.636 Y109.157 E3.51246
G1 X106.113 Y109.318 E3.53395
G1 X105.669 Y109.419 E3.55183
G1 X105.176 Y109.471 E3.57129
G1 X104.481 Y109.435 E3.59862
G1 X104.089 Y109.356 F7800
G92 E0
G1 X96.968 Y110.596
;TYPE:Perimeter
G1 F884.349
G1 X96.499 Y109.895 E.03312
G1 X96.109 Y109.146 E.06628
G1 X95.782 Y108.355 E.09989
G1 X95.527 Y107.547 E.13316
G1 X95.291 Y106.387 E.17964
G1 X95.229 Y105.872 E.20001
G1 X95.2 Y104.561 E.2515
G1 X95.273 Y103.73 E.28425
G1 X95.528 Y102.45 E.3355
G1 X95.782 Y101.645 E.36864
G1 X96.109 Y100.854 E.40225
G1 X96.499 Y100.105 E.43541
G1 X97.224 Y99.02 E.48665
G1 X97.767 Y98.373 E.51982
G1 X98.373 Y97.767 E.55347
G1 X99.028 Y97.217 E.58705
G1 X99.729 Y96.726 E.62065
G1 X100.461 Y96.304 E.65383
G1 X101.655 Y95.778 E.70506
G1 X102.461 Y95.524 E.73824
G1 X103.297 Y95.339 E.77186
G1 X104.137 Y95.229 E.80512
G1 X105.32 Y95.197 E.85159
G1 X105.838 Y95.226 E.87196
G1 X107.134 Y95.426 E.92345
G1 X107.939 Y95.641 E.95617
G1 X109.156 Y96.114 E1.00744
G1 X109.905 Y96.504 E1.0406
G1 X110.627 Y96.964 E1.07421
G1 X111.297 Y97.479 E1.10739
G1 X112.24 Y98.381 E1.15863
G1 X112.783 Y99.028 E1.1918
G1 X113.274 Y99.729 E1.2254
G1 X113.701 Y100.47 E1.25898
G1 X114.059 Y101.236 E1.29218
G1 X114.478 Y102.472 E1.34342
G1 X114.62 Y103.111 E1.36912
G1 X114.71 Y103.673 E1.39147
G1 X114.777 Y104.244 E1.41404
G1 X114.809 Y104.989 E1.44332
G1 X114.724 Y106.291 E1.49455
G1 X114.577 Y107.123 E1.52772
G1 X114.356 Y107.95 E1.56133
G1 X114.067 Y108.744 E1.59451
G1 X113.49 Y109.914 E1.64573
G1 X113.035 Y110.628 E1.67897
G1 X112.59 Y111.213 E1.70783
G1 X112.237 Y111.623 E1.72907
G1 X111.627 Y112.233 E1.76294
G1 X110.972 Y112.783 E1.79652
G1 X110.278 Y113.269 E1.82979
G1 X109.242 Y113.843 E1.87629
G1 X108.77 Y114.057 E1.89664
G1 X107.526 Y114.479 E1.94822
G1 X106.82 Y114.638 E1.97664
G1 X106.287 Y114.725 E1.99784
G1 X105.428 Y114.801 E2.0317
G1 X104.581 Y114.801 E2.06496
G1 X103.403 Y114.677 E2.11147
G1 X102.894 Y114.581 E2.13181
G1 X101.635 Y114.214 E2.1833
G1 X100.854 Y113.891 E2.21648
G1 X100.095 Y113.496 E2.25008
G1 X99.373 Y113.036 E2.28369
G1 X98.693 Y112.514 E2.31735
G1 X98.149 Y112.019 E2.34623
G1 X97.771 Y111.632 E2.36747
G1 X97.224 Y110.98 E2.40089
G1 X97.001 Y110.646 E2.41666
G1 X96.639 Y110.837 F7800
G1 F884.349
G1 X96.148 Y110.103 E2.45133
G1 X95.74 Y109.318 E2.48607
G1 X95.399 Y108.494 E2.52109
G1 X95.132 Y107.649 E2.55589
G1 X94.888 Y106.452 E2.60386
G1 X94.822 Y105.901 E2.62565
G1 X94.793 Y104.548 E2.67879
G1 X94.87 Y103.673 E2.71328
G1 X95.133 Y102.349 E2.76628
G1 X95.399 Y101.506 E2.80099
G1 X95.74 Y100.682 E2.83601
G1 X96.149 Y99.897 E2.87077
G1 X96.898 Y98.775 E2.92374
G1 X97.467 Y98.097 E2.95849
G1 X98.097 Y97.467 E2.99347
G1 X98.78 Y96.894 E3.02848
G1 X99.51 Y96.383 E3.06347
G1 X100.277 Y95.94 E3.09825
G1 X101.512 Y95.397 E3.15122
G1 X102.356 Y95.131 E3.18597
G1 X103.226 Y94.938 E3.22096
G1 X104.105 Y94.822 E3.25577
G1 X105.326 Y94.79 E3.30373
G1 X105.88 Y94.821 E3.32552
G1 X107.218 Y95.027 E3.37867
G1 X108.066 Y95.254 E3.41314
G1 X109.324 Y95.743 E3.46614
G1 X110.109 Y96.152 E3.5009
G1 X110.86 Y96.63 E3.53585
G1 X111.562 Y97.169 E3.5706
G1 X112.537 Y98.102 E3.62359
G1 X113.106 Y98.78 E3.65834
G1 X113.617 Y99.51 E3.69333
G1 X114.063 Y100.282 E3.72834
G1 X114.437 Y101.084 E3.76309
G1 X114.871 Y102.362 E3.81608
G1 X115.037 Y103.112 E3.84624
G1 X115.184 Y104.226 E3.89036
G1 X115.217 Y104.994 E3.92054
G1 X115.129 Y106.34 E3.9735
G1 X114.975 Y107.211 E4.00823
G1 X114.744 Y108.072 E4.04323
G1 X114.442 Y108.904 E4.07798
G1 X113.845 Y110.114 E4.13096
G1 X113.369 Y110.861 E4.16574
G1 X112.906 Y111.469 E4.19575
G1 X112.536 Y111.9 E4.21805
G1 X111.903 Y112.533 E4.2532
G1 X111.22 Y113.106 E4.28821
G1 X110.494 Y113.614 E4.323
G1 X109.425 Y114.207 E4.371
G1 X108.919 Y114.436 E4.39281
G1 X107.637 Y114.871 E4.44597
G1 X106.898 Y115.038 E4.47572
G1 X106.337 Y115.13 E4.49804
G1 X105.446 Y115.208 E4.53316
G1 X104.559 Y115.208 E4.56799
G1 X103.344 Y115.08 E4.61596
G1 X102.799 Y114.977 E4.63774
G1 X101.499 Y114.599 E4.6909
G1 X100.682 Y114.26 E4.72563
G1 X99.891 Y113.848 E4.76065
G1 X99.14 Y113.37 E4.7956
G1 X98.432 Y112.826 E4.83066
G1 X97.866 Y112.312 E4.86068
G1 X97.469 Y111.906 E4.88298
G1 X96.898 Y111.225 E4.91787
G1 X96.672 Y110.887 E4.93383
G1 X96.31 Y111.078 F7800
;TYPE:External perimeter
G1 F884.349
G1 X95.798 Y110.31 E4.97007
G1 X95.371 Y109.49 E5.00637
G1 X95.016 Y108.634 E5.04276
G1 X94.738 Y107.751 E5.07911
G1 X94.486 Y106.516 E5.1286
G1 X94.416 Y105.929 E5.15181
G1 X94.386 Y104.534 E5.2066
G1 X94.466 Y103.615 E5.24282
G1 X94.738 Y102.248 E5.29755
G1 X95.016 Y101.366 E5.33386
G1 X95.371 Y100.51 E5.37025
G1 X95.798 Y99.689 E5.40659
G1 X96.572 Y98.53 E5.46131
G1 X97.167 Y97.822 E5.49762
G1 X97.822 Y97.167 E5.53399
G1 X98.532 Y96.571 E5.57039
G1 X99.291 Y96.039 E5.60678
G1 X100.092 Y95.577 E5.64309
G1 X101.368 Y95.015 E5.69784
G1 X102.25 Y94.737 E5.73415
G1 X103.155 Y94.537 E5.77054
G1 X104.072 Y94.416 E5.80686
G1 X105.332 Y94.382 E5.85635
G1 X105.923 Y94.415 E5.87959
G1 X107.302 Y94.628 E5.93438
G1 X108.193 Y94.866 E5.97059
G1 X109.492 Y95.372 E6.02533
G1 X110.312 Y95.799 E6.06163
G1 X111.094 Y96.297 E6.09803
G1 X111.828 Y96.86 E6.13435
G1 X112.835 Y97.824 E6.18909
G1 X113.429 Y98.532 E6.22538
G1 X113.961 Y99.291 E6.26177
G1 X114.424 Y100.094 E6.29817
G1 X114.815 Y100.932 E6.33448
G1 X115.263 Y102.252 E6.38921
G1 X115.434 Y103.024 E6.42026
G1 X115.59 Y104.208 E6.46715
G1 X115.625 Y104.998 E6.4982
G1 X115.534 Y106.389 E6.55293
G1 X115.373 Y107.3 E6.58925
G1 X115.133 Y108.195 E6.62563
G1 X114.817 Y109.064 E6.66194
G1 X114.2 Y110.314 E6.71667
G1 X113.703 Y111.094 E6.75299
G1 X113.223 Y111.725 E6.78412
G1 X112.834 Y112.177 E6.80754
G1 X112.178 Y112.833 E6.84397
G1 X111.468 Y113.429 E6.88037
G1 X110.71 Y113.96 E6.91671
G1 X109.608 Y114.571 E6.96619
G1 X109.069 Y114.815 E6.98942
G1 X107.747 Y115.263 E7.04423
G1 X106.976 Y115.437 E7.07526
G1 X106.388 Y115.534 E7.09866
G1 X105.463 Y115.615 E7.13512
G1 X104.538 Y115.615 E7.17144
G1 X103.285 Y115.483 E7.22091
G1 X102.704 Y115.374 E7.24412
G1 X101.364 Y114.983 E7.29893
G1 X100.51 Y114.629 E7.33523
G1 X99.688 Y114.201 E7.37162
G1 X98.906 Y113.703 E7.40802
G1 X98.17 Y113.139 E7.44443
G1 X97.584 Y112.605 E7.47556
G1 X97.167 Y112.179 E7.49897
G1 X96.572 Y111.47 E7.53531
G1 X96.344 Y111.128 E7.55145
G1 X96.122 Y110.795 F7800
G92 E0
G1 X105.261 Y95.542
;TYPE:Solid infill
;WIDTH:0.513204
G1 F765.496
G1 X104.206 Y95.563 E.04787
;WIDTH:0.510421
G1 F770.052
G1 X103.381 Y95.666 E.08536
G1 X102.574 Y95.843 E.12261
G1 X101.771 Y96.094 E.16055
;WIDTH:0.510309
G1 X100.645 Y96.589 E.216
;WIDTH:0.510416
G1 X99.933 Y96.996 E.25298
G1 X99.254 Y97.468 E.29027
G1 X98.62 Y97.998 E.32753
;WIDTH:0.510733
G1 F769.538
G1 X98.038 Y98.577 E.36457
;WIDTH:0.519398
G1 F755.544
G1 X97.505 Y99.214 E.40274
G1 X96.814 Y100.237 E.45948
;WIDTH:0.51042
G1 F770.053
G1 X96.426 Y100.972 E.49696
G1 X96.108 Y101.735 E.53423
G1 X95.852 Y102.538 E.57223
;WIDTH:0.51
G1 X95.614 Y103.736 E.62726
G1 X95.536 Y104.574 E.66518
G1 X95.563 Y105.798 E.72034
;WIDTH:0.513683
G1 F764.716
G1 X95.623 Y106.323 E.74433
G1 X95.843 Y107.422 E.79522
;WIDTH:0.510422
G1 F770.05
G1 X96.089 Y108.215 E.83266
G1 X96.403 Y108.979 E.86991
G1 X96.791 Y109.728 E.90795
;WIDTH:0.509997
G1 X97.469 Y110.743 E.96294
;WIDTH:0.510424
G1 X97.998 Y111.38 E1.00028
;WIDTH:0.513797
G1 F764.531
G1 X98.379 Y111.771 E1.02508
;WIDTH:0.514962
G1 F762.644
G1 X98.902 Y112.248 E1.05731
;WIDTH:0.519458
G1 F755.449
G1 X99.56 Y112.751 E1.09538
G1 X100.244 Y113.192 E1.13279
;WIDTH:0.511071
G1 F768.983
G1 X100.972 Y113.574 E1.16991
;WIDTH:0.510422
G1 F770.05
G1 X101.75 Y113.899 E1.20793
;WIDTH:0.509995
G1 X102.923 Y114.24 E1.26296
;WIDTH:0.513682
G1 F764.718
G1 X103.442 Y114.341 E1.28697
G1 X104.556 Y114.461 E1.33785
;WIDTH:0.510512
G1 F769.902
G1 X105.374 Y114.465 E1.37474
;WIDTH:0.519757
G1 F754.975
G1 X106.235 Y114.388 E1.4145
G1 X106.749 Y114.309 E1.43842
;WIDTH:0.51169
G1 F767.967
G1 X107.423 Y114.158 E1.46965
;WIDTH:0.510584
G1 F769.783
G1 X108.215 Y113.895 E1.50729
;WIDTH:0.509066
G1 F772.29
G1 X108.985 Y113.592 E1.54449
G1 X109.702 Y113.209 E1.58104
;WIDTH:0.511081
G1 F768.966
G1 X110.748 Y112.529 E1.63738
G1 X111.371 Y112.01 E1.674
;WIDTH:0.519755
G1 F754.978
G1 X111.981 Y111.398 E1.71374
G1 X112.324 Y111.007 E1.73766
;WIDTH:0.511686
G1 F767.974
G1 X112.745 Y110.455 E1.76905
;WIDTH:0.510575
G1 F769.798
G1 X113.19 Y109.76 E1.80628
;WIDTH:0.51042
G1 F770.053
G1 X113.563 Y109.017 E1.84377
;WIDTH:0.506803
G1 F776.058
G1 X113.889 Y108.258 E1.88073
;WIDTH:0.511073
G1 F768.979
G1 X114.243 Y107.073 E1.93658
G1 X114.388 Y106.264 E1.97369
;WIDTH:0.510421
G1 F770.052
G1 X114.449 Y105.434 E2.01122
;WIDTH:0.506737
G1 F776.168
G1 X114.459 Y104.615 E2.04786
;WIDTH:0.51108
G1 F768.968
G1 X114.333 Y103.378 E2.10401
G1 X114.157 Y102.575 E2.14113
;WIDTH:0.51042
G1 F770.053
G1 X113.895 Y101.785 E2.17866
;WIDTH:0.506392
G1 F776.746
G1 X113.587 Y101.014 E2.21578
;WIDTH:0.506805
G1 X113.209 Y100.285 E2.25252
;WIDTH:0.51107
G1 F768.984
G1 X112.529 Y99.252 E2.30836
G1 X112.003 Y98.621 E2.34545
;WIDTH:0.510419
G1 F770.055
G1 X111.406 Y98.041 E2.38298
;WIDTH:0.506805
G1 F776.054
G1 X110.78 Y97.503 E2.41991
;WIDTH:0.51132
G1 F768.574
G1 X109.767 Y96.815 E2.47523
;WIDTH:0.519653
G1 F755.14
G1 X109.027 Y96.431 E2.51357
G1 X107.878 Y95.977 E2.57038
;WIDTH:0.510422
G1 F770.05
G1 X107.077 Y95.758 E2.60782
G1 X106.256 Y95.625 E2.64532
;WIDTH:0.513791
G1 F764.541
G1 X105.465 Y95.538 E2.68146
G92 E0
G1 X109.301 Y97.103 F7800
;WIDTH:0.509376
G1 F771.778
G1 X108.412 Y96.672 E.04445
;WIDTH:0.510258
G1 F770.32
G1 X107.695 Y96.407 E.07891
G1 X106.935 Y96.205 E.11436
;WIDTH:0.509049
G1 F772.318
G1 X106.161 Y96.074 E.14965
;WIDTH:0.513791
G1 F764.541
G1 X105.399 Y96.01 E.18438
G1 X104.2 Y96.03 E.23884
;WIDTH:0.510257
G1 F770.322
M73 P73 R8
G1 X103.422 Y96.134 E.27422
G1 X102.656 Y96.305 E.3096
G1 X101.914 Y96.541 E.3447
G1 X100.823 Y97.022 E.39845
G1 X100.15 Y97.412 E.43351
M73 Q73 S8
G1 X99.507 Y97.864 E.46894
G1 X98.906 Y98.37 E.50435
;WIDTH:0.510869
G1 F769.315
G1 X98.352 Y98.927 E.53981
G1 X97.611 Y99.86 E.59359
;WIDTH:0.51026
G1 F770.317
G1 X97.194 Y100.509 E.62836
G1 X96.832 Y101.207 E.6638
G1 X96.533 Y101.933 E.69919
G1 X96.299 Y102.683 E.73461
;WIDTH:0.51
G1 X96.069 Y103.841 E.7878
G1 X96.004 Y104.614 E.82275
G1 X96.03 Y105.804 E.87637
G1 X96.137 Y106.577 E.91153
;WIDTH:0.51026
G1 X96.305 Y107.344 E.94692
G1 X96.542 Y108.093 E.98233
G1 X96.844 Y108.819 E1.01777
G1 X97.209 Y109.514 E1.05316
;WIDTH:0.509997
G1 X97.865 Y110.495 E1.10633
;WIDTH:0.510424
G1 X98.356 Y111.08 E1.14077
;WIDTH:0.513797
G1 F764.531
G1 X98.713 Y111.44 E1.1638
;WIDTH:0.514962
G1 F762.644
G1 X99.213 Y111.892 E1.19449
;WIDTH:0.519458
G1 F755.449
G1 X99.838 Y112.363 E1.23046
G1 X100.521 Y112.813 E1.26805
;WIDTH:0.510273
G1 F770.296
G1 X101.207 Y113.168 E1.30287
G1 X101.933 Y113.466 E1.33825
;WIDTH:0.509995
G1 X103.07 Y113.797 E1.3916
G1 X103.839 Y113.927 E1.42674
;WIDTH:0.510258
G1 X104.621 Y113.998 E1.46214
;WIDTH:0.510939
G1 F769.2
G1 X105.4 Y113.996 E1.49731
;WIDTH:0.51169
G1 F767.967
G1 X106.66 Y113.849 E1.55467
G1 X107.344 Y113.695 E1.58637
;WIDTH:0.509049
G1 F772.318
G1 X108.092 Y113.454 E1.6217
;WIDTH:0.511194
G1 F768.781
G1 X108.878 Y113.126 E1.66017
;WIDTH:0.51942
G1 F755.509
G1 X109.838 Y112.58 E1.71093
G1 X110.504 Y112.127 E1.74795
;WIDTH:0.510942
G1 F769.195
G1 X111.089 Y111.635 E1.78246
;WIDTH:0.511686
G1 F767.974
G1 X111.96 Y110.711 E1.83987
G1 X112.385 Y110.154 E1.87155
;WIDTH:0.510257
G1 F770.322
G1 X112.806 Y109.49 E1.90699
;WIDTH:0.514534
G1 F763.336
G1 X113.321 Y108.428 E1.96068
;WIDTH:0.519459
G1 F755.447
G1 X113.575 Y107.709 E1.99573
G1 X113.798 Y106.922 E2.03333
;WIDTH:0.510258
G1 F770.32
G1 X113.93 Y106.162 E2.0681
;WIDTH:0.514412
G1 F763.534
G1 X114 Y104.983 E2.12181
;WIDTH:0.519564
G1 F755.281
G1 X113.959 Y104.222 E2.15685
G1 X113.863 Y103.409 E2.19449
;WIDTH:0.510257
G1 F770.322
G1 X113.695 Y102.656 E2.22927
;WIDTH:0.514365
G1 F763.61
G1 X113.308 Y101.54 E2.28298
;WIDTH:0.514897
G1 F762.749
G1 X112.983 Y100.845 E2.31791
;WIDTH:0.519458
G1 F755.449
G1 X112.587 Y100.173 E2.35376
G1 X112.127 Y99.496 E2.39138
;WIDTH:0.510258
G1 F770.32
G1 X111.63 Y98.906 E2.42615
;WIDTH:0.514534
G1 F763.336
G1 X110.772 Y98.095 E2.47986
;WIDTH:0.519496
G1 F755.388
G1 X110.162 Y97.637 E2.51492
G1 X109.484 Y97.192 E2.5522
;LAYER_CHANGE
;Z:9.75
;HEIGHT:0.2
G92 E0
G1 Z9.75 F7800
G1 X104.332 Y110.241
;TYPE:Perimeter
;WIDTH:0.449999
G1 F884.349
G1 X103.292 Y110.001 E.04191
G1 X102.492 Y109.644 E.07631
G1 X102.217 Y109.492 E.08865
G1 X101.508 Y108.967 E.12329
G1 X100.945 Y108.359 E.15583
G1 X100.62 Y107.959 E.17607
G1 X100.247 Y107.314 E.20533
G1 X99.946 Y106.531 E.23827
G1 X99.817 Y105.927 E.26252
G1 X99.726 Y105.334 E.28608
G1 X99.75 Y104.46 E.32041
G1 X99.868 Y103.735 E.34925
G1 X100.156 Y102.891 E.38427
G1 X100.505 Y102.216 E.41411
G1 X101.043 Y101.495 E.44943
G1 X101.744 Y100.854 E.48673
G1 X102.041 Y100.62 E.50158
G1 X102.686 Y100.247 E.53084
G1 X103.578 Y99.924 E.56809
G1 X103.949 Y99.82 E.58322
G1 X104.737 Y99.722 E.6144
G1 X105.455 Y99.753 E.64262
G1 X106.005 Y99.81 E.66433
G1 X106.725 Y100.003 E.6936
G1 X107.474 Y100.351 E.72603
G1 X107.915 Y100.59 E.74573
G1 X108.506 Y101.044 E.77499
G1 X109.007 Y101.55 E.80295
G1 X109.6 Y102.39 E.84332
G1 X109.936 Y103.109 E.87448
G1 X110.166 Y103.923 E.90769
G1 X110.28 Y104.707 E.9388
G1 X110.282 Y105.243 E.95985
G1 X110.183 Y105.937 E.98738
G1 X110.082 Y106.454 E1.00806
G1 X109.828 Y107.153 E1.03726
G1 X109.414 Y107.891 E1.07049
G1 X108.94 Y108.526 E1.1016
G1 X108.333 Y109.078 E1.13381
G1 X107.959 Y109.38 E1.15268
G1 X107.314 Y109.753 E1.18194
G1 X106.498 Y110.066 E1.21626
G1 X105.519 Y110.246 E1.25534
G1 X105.135 Y110.284 E1.27049
G1 X104.392 Y110.246 E1.2997
G1 X104.377 Y109.838 F7800
G1 F884.349
G1 X104.363 Y109.837 E1.30025
G1 X103.391 Y109.606 E1.33948
G1 X102.459 Y109.164 E1.37998
G1 X101.751 Y108.64 E1.41456
G1 X101.251 Y108.091 E1.44372
G1 X100.972 Y107.755 E1.46087
G1 X100.6 Y107.11 E1.49011
G1 X100.328 Y106.392 E1.52026
G1 X100.219 Y105.865 E1.54139
G1 X100.128 Y105.275 E1.56483
G1 X100.157 Y104.481 E1.59603
G1 X100.267 Y103.816 E1.6225
G1 X100.539 Y103.031 E1.65512
G1 X100.862 Y102.411 E1.68257
G1 X101.366 Y101.742 E1.71546
G1 X102.245 Y100.972 E1.76134
G1 X102.89 Y100.6 E1.79058
G1 X104 Y100.224 E1.8366
G1 X104.787 Y100.126 E1.86774
G1 X105.426 Y100.159 E1.89286
G1 X105.979 Y100.225 E1.91473
G1 X106.619 Y100.396 E1.94074
G1 X107.667 Y100.913 E1.98662
G1 X108.258 Y101.366 E2.01586
G1 X108.713 Y101.832 E2.04143
G1 X109.199 Y102.514 E2.07431
G1 X109.567 Y103.281 E2.10771
G1 X109.772 Y104.025 E2.13801
G1 X109.875 Y104.75 E2.16676
G1 X109.869 Y105.321 E2.18918
G1 X109.7 Y106.314 E2.22873
G1 X109.445 Y107.014 E2.25798
G1 X109.063 Y107.685 E2.2883
G1 X108.624 Y108.27 E2.31702
G1 X107.755 Y109.028 E2.3623
G1 X107.111 Y109.4 E2.3915
G1 X106.359 Y109.683 E2.42305
G1 X105.457 Y109.844 E2.45903
G1 X105.156 Y109.877 E2.47092
G1 X104.437 Y109.841 E2.49919
G1 X104.421 Y109.433 F7800
;TYPE:External perimeter
G1 F884.349
G1 X104.384 Y109.431 E2.50064
G1 X103.49 Y109.211 E2.53679
G1 X102.841 Y108.908 E2.56491
G1 X102.277 Y108.523 E2.59172
G1 X101.953 Y108.274 E2.60776
G1 X101.348 Y107.584 E2.64379
G1 X100.952 Y106.907 E2.67459
G1 X100.711 Y106.252 E2.70199
G1 X100.531 Y105.217 E2.74324
G1 X100.563 Y104.501 E2.77138
G1 X100.666 Y103.897 E2.79544
G1 X100.921 Y103.17 E2.82569
G1 X101.219 Y102.607 E2.8507
G1 X101.689 Y101.99 E2.88115
G1 X102.448 Y101.325 E2.92077
G1 X103.093 Y100.952 E2.95003
G1 X104.05 Y100.628 E2.9897
G1 X104.837 Y100.53 E3.02084
G1 X105.874 Y100.618 E3.0617
G1 X106.514 Y100.79 E3.08772
G1 X107.419 Y101.236 E3.12734
G1 X108.01 Y101.689 E3.15658
G1 X108.419 Y102.113 E3.17971
G1 X108.866 Y102.748 E3.2102
G1 X109.198 Y103.453 E3.2408
G1 X109.378 Y104.128 E3.26823
G1 X109.47 Y104.792 E3.29455
G1 X109.465 Y105.267 E3.3132
G1 X109.327 Y106.137 E3.34779
G1 X109.063 Y106.875 E3.37857
G1 X108.712 Y107.479 E3.406
G1 X108.307 Y108.014 E3.43235
G1 X107.552 Y108.675 E3.47175
G1 X106.907 Y109.048 E3.50101
G1 X106.22 Y109.301 E3.52976
G1 X105.176 Y109.471 E3.57129
G1 X104.481 Y109.436 E3.59861
G1 X104.089 Y109.356 F7800
G92 E0
G1 X97.121 Y110.489
;TYPE:Perimeter
G1 F884.349
G1 X97.052 Y110.398 E.00448
G1 X96.684 Y109.816 E.03152
G1 X96.118 Y108.667 E.08181
G1 X95.839 Y107.9 E.11386
G1 X95.535 Y106.658 E.16407
G1 X95.427 Y105.838 E.19654
G1 X95.39 Y105 E.22948
G1 X95.427 Y104.162 E.26242
G1 X95.537 Y103.325 E.29557
G1 X95.647 Y102.798 E.31671
G1 X95.834 Y102.112 E.34463
G1 X96.122 Y101.322 E.37765
G1 X96.476 Y100.563 E.41053
G1 X96.895 Y99.837 E.44344
G1 X97.379 Y99.145 E.4766
G1 X97.721 Y98.729 E.49775
G1 X98.2 Y98.209 E.52551
G1 X98.93 Y97.553 E.56405
G1 X99.478 Y97.136 E.59109
G1 X100.573 Y96.471 E.64139
G1 X101.319 Y96.123 E.67371
G1 X102.242 Y95.797 E.71215
G1 X102.907 Y95.621 E.73916
G1 X104.169 Y95.427 E.78929
G1 X105.137 Y95.393 E.82732
G1 X105.825 Y95.426 E.85437
G1 X107.091 Y95.621 E.90467
G1 X107.89 Y95.835 E.93715
G1 X108.678 Y96.122 E.97008
G1 X109.437 Y96.476 E1.00296
G1 X110.163 Y96.895 E1.03587
G1 X110.841 Y97.37 E1.06837
G1 X111.803 Y98.213 E1.11859
G1 X112.362 Y98.823 E1.15108
G1 X112.869 Y99.485 E1.18382
G1 X113.388 Y100.315 E1.22226
G1 X113.704 Y100.927 E1.2493
G1 X114.168 Y102.121 E1.2996
G1 X114.381 Y102.916 E1.33192
G1 X114.55 Y103.971 E1.37387
G1 X114.597 Y104.681 E1.40181
G1 X114.572 Y105.849 E1.44768
G1 X114.464 Y106.665 E1.48
G1 X114.244 Y107.619 E1.51844
G1 X114.034 Y108.274 E1.54545
G1 X113.518 Y109.447 E1.59577
G1 X113.107 Y110.16 E1.62808
G1 X112.538 Y110.957 E1.66653
G1 X112.094 Y111.483 E1.69356
G1 X111.171 Y112.365 E1.74369
G1 X110.398 Y112.948 E1.78171
G1 X109.816 Y113.316 E1.80875
G1 X108.667 Y113.882 E1.85904
G1 X107.89 Y114.165 E1.89151
G1 X107.084 Y114.381 E1.92427
G1 X106.118 Y114.543 E1.96273
G1 X105.421 Y114.601 E1.99019
G1 X104.575 Y114.601 E2.02341
G1 X104.038 Y114.56 E2.04456
G1 X103.344 Y114.466 E2.07206
G1 X102.1 Y114.161 E2.12235
G1 X101.322 Y113.878 E2.15486
G1 X100.563 Y113.524 E2.18774
G1 X99.837 Y113.105 E2.22065
G1 X99.159 Y112.63 E2.25315
G1 X98.197 Y111.787 E2.30337
G1 X97.641 Y111.18 E2.33569
G1 X97.157 Y110.537 E2.36729
G1 X96.792 Y110.73 F7800
G1 F884.349
G1 X96.717 Y110.63 E2.3722
G1 X96.329 Y110.015 E2.40075
G1 X95.743 Y108.827 E2.45276
G1 X95.449 Y108.018 E2.48656
G1 X95.134 Y106.733 E2.53851
G1 X95.021 Y105.873 E2.57257
G1 X94.983 Y105 E2.60688
G1 X95.021 Y104.127 E2.64119
G1 X95.135 Y103.257 E2.67564
G1 X95.251 Y102.703 E2.69786
G1 X95.446 Y101.989 E2.72692
G1 X95.745 Y101.167 E2.76126
G1 X96.115 Y100.375 E2.79558
G1 X96.551 Y99.618 E2.82988
G1 X97.055 Y98.899 E2.86436
G1 X97.414 Y98.461 E2.8866
G1 X97.914 Y97.919 E2.91555
G1 X98.67 Y97.239 E2.95548
G1 X99.248 Y96.799 E2.984
G1 X100.381 Y96.112 E3.03603
G1 X101.164 Y95.746 E3.06997
G1 X102.122 Y95.407 E3.10987
G1 X102.824 Y95.222 E3.13837
G1 X104.131 Y95.021 E3.19029
G1 X105.14 Y94.986 E3.22993
G1 X105.865 Y95.02 E3.25843
G1 X107.175 Y95.222 E3.31047
G1 X108.012 Y95.446 E3.34449
G1 X108.833 Y95.745 E3.3788
G1 X109.625 Y96.115 E3.41312
G1 X110.382 Y96.551 E3.44742
G1 X111.093 Y97.049 E3.4815
G1 X112.088 Y97.922 E3.53347
G1 X112.674 Y98.561 E3.56751
G1 X113.204 Y99.252 E3.6017
G1 X113.742 Y100.114 E3.6416
G1 X114.075 Y100.76 E3.67014
G1 X114.555 Y101.994 E3.72213
G1 X114.779 Y102.829 E3.75608
G1 X114.956 Y103.937 E3.80014
G1 X115.004 Y104.69 E3.82977
G1 X114.978 Y105.88 E3.87651
G1 X114.865 Y106.737 E3.91045
G1 X114.637 Y107.727 E3.95034
G1 X114.416 Y108.419 E3.97886
G1 X113.882 Y109.631 E4.03086
G1 X113.45 Y110.38 E4.06481
G1 X112.86 Y111.207 E4.1047
G1 X112.391 Y111.762 E4.13323
G1 X111.435 Y112.676 E4.18516
G1 X110.63 Y113.283 E4.22475
G1 X110.015 Y113.671 E4.2533
G1 X108.827 Y114.257 E4.30531
G1 X108.012 Y114.554 E4.33937
G1 X107.171 Y114.779 E4.37355
G1 X106.169 Y114.947 E4.41344
G1 X105.438 Y115.008 E4.44224
G1 X104.56 Y115.008 E4.47671
G1 X103.995 Y114.965 E4.49896
G1 X103.268 Y114.866 E4.52777
G1 X101.981 Y114.551 E4.5798
G1 X101.167 Y114.255 E4.61381
G1 X100.375 Y113.885 E4.64813
G1 X99.618 Y113.449 E4.68243
G1 X98.907 Y112.951 E4.71651
G1 X97.912 Y112.078 E4.76848
G1 X97.328 Y111.441 E4.80241
G1 X96.828 Y110.778 E4.83502
G1 X96.464 Y110.971 F7800
;TYPE:External perimeter
G1 F884.349
G1 X96.381 Y110.861 E4.84043
G1 X95.973 Y110.214 E4.87046
G1 X95.368 Y108.987 E4.92418
G1 X95.058 Y108.137 E4.95971
M73 P74 R8
G1 X94.733 Y106.808 E5.01343
G1 X94.615 Y105.909 E5.04903
G1 X94.575 Y105 E5.08476
M73 Q74 S8
G1 X94.615 Y104.091 E5.12049
G1 X94.734 Y103.188 E5.15625
G1 X94.856 Y102.608 E5.17952
G1 X95.058 Y101.866 E5.20971
G1 X95.369 Y101.011 E5.24543
G1 X95.753 Y100.186 E5.28116
G1 X96.208 Y99.399 E5.31685
G1 X96.73 Y98.653 E5.3526
G1 X97.106 Y98.194 E5.3759
G1 X97.628 Y97.629 E5.4061
G1 X98.41 Y96.925 E5.44741
G1 X99.019 Y96.462 E5.47745
G1 X100.188 Y95.752 E5.53115
G1 X101.01 Y95.369 E5.56676
G1 X102.002 Y95.018 E5.60808
G1 X102.741 Y94.823 E5.63809
G1 X104.093 Y94.615 E5.6918
G1 X105.142 Y94.578 E5.73301
G1 X105.906 Y94.615 E5.76304
G1 X107.258 Y94.823 E5.81675
G1 X108.135 Y95.058 E5.8524
G1 X108.989 Y95.369 E5.88809
G1 X109.814 Y95.753 E5.92382
G1 X110.601 Y96.208 E5.95951
G1 X111.345 Y96.728 E5.99515
G1 X112.373 Y97.63 E6.04885
G1 X112.986 Y98.299 E6.08448
G1 X113.539 Y99.02 E6.12016
G1 X114.097 Y99.912 E6.16147
G1 X114.447 Y100.592 E6.1915
G1 X114.943 Y101.867 E6.24522
G1 X115.178 Y102.743 E6.28083
G1 X115.361 Y103.903 E6.32694
G1 X115.411 Y104.699 E6.35826
G1 X115.385 Y105.911 E6.40586
G1 X115.266 Y106.81 E6.44147
G1 X115.03 Y107.835 E6.48277
G1 X114.797 Y108.563 E6.51278
G1 X114.246 Y109.816 E6.56653
G1 X113.793 Y110.601 E6.60212
G1 X113.181 Y111.457 E6.64344
G1 X112.688 Y112.041 E6.67345
G1 X111.7 Y112.987 E6.72716
G1 X110.861 Y113.619 E6.7684
G1 X110.214 Y114.027 E6.79843
G1 X108.987 Y114.632 E6.85215
G1 X108.135 Y114.942 E6.88775
G1 X107.257 Y115.178 E6.92345
G1 X106.219 Y115.351 E6.96477
G1 X105.455 Y115.415 E6.99487
G1 X104.544 Y115.415 E7.03064
G1 X103.952 Y115.37 E7.05395
G1 X103.192 Y115.267 E7.08406
G1 X101.863 Y114.942 E7.13778
G1 X101.011 Y114.631 E7.17339
G1 X100.186 Y114.247 E7.20912
G1 X99.399 Y113.792 E7.24481
G1 X98.655 Y113.272 E7.28045
G1 X97.627 Y112.37 E7.33415
G1 X97.015 Y111.701 E7.36975
G1 X96.5 Y111.019 E7.40331
G1 X96.275 Y110.688 F7800
G92 E0
G1 X100.836 Y110.092
;TYPE:Internal infill
;WIDTH:0.45
;HEIGHT:0.4
G1 F494.289
G1 X103.23 Y110.293 E.16877
G1 X104.215 Y110.539 E.24009
G1 X105.243 Y110.59 E.3124
G1 X106.447 Y110.405 E.39797
G1 X107.389 Y110.059 E.46847
G1 X107.891 Y109.785 E.50865
G1 X108.596 Y109.286 E.56933
G1 X109.131 Y108.774 E.62135
G1 X109.548 Y108.257 E.66801
G1 X110.113 Y107.262 E.74839
G1 X110.371 Y106.553 E.80139
G1 X110.51 Y105.97 E.84349
G1 X110.589 Y104.74 E.93007
G1 X110.519 Y104.087 E.97621
G1 X110.293 Y103.201 E1.04044
G1 X109.785 Y102.109 E1.12505
G1 X109.286 Y101.404 E1.18573
G1 X108.759 Y100.857 E1.23909
G1 X108.005 Y100.281 E1.30575
G1 X106.94 Y99.752 E1.38929
G1 X105.945 Y99.486 E1.46164
G1 X104.954 Y99.411 E1.53146
G1 X103.908 Y99.517 E1.60532
G1 X103.098 Y99.738 E1.6643
G1 X102.624 Y99.936 E1.70039
G1 X102.253 Y99.421 E1.74498
G92 E0
G1 X96.818 Y105.925 F7800
G1 F494.289
G1 X96.493 Y105.968 E.02303
G1 X96.723 Y107.218 E.11232
G1 X96.948 Y107.931 E.16484
G1 X97.584 Y109.289 E.27018
G1 X98.212 Y110.228 E.34954
G1 X99.21 Y111.316 E.45326
G1 X99.79 Y111.801 E.50637
G1 X100.729 Y112.428 E.58569
G1 X102.059 Y113.047 E.68875
G1 X103.16 Y113.368 E.76931
G1 X104.624 Y113.56 E.87304
G1 X105.378 Y113.558 E.92601
G1 X106.503 Y113.435 E1.00551
G1 X107.218 Y113.277 E1.05695
G1 X108.621 Y112.766 E1.16184
G1 X109.271 Y112.428 E1.21331
G1 X110.139 Y111.848 E1.28665
G1 X110.746 Y111.344 E1.34207
G1 X110.44 Y111.013 E1.37374
G92 E0
G1 X105.137 Y111.667 F7800
G1 F494.289
G1 X103.891 Y110.477 E.12104
G92 E0
G1 X95.692 Y104.984 F7800
;TYPE:Solid infill
;WIDTH:0.412888
;HEIGHT:0.2
G1 F973.059
G1 X95.711 Y105.798 E.02906
;WIDTH:0.411164
G1 F977.613
G1 X95.814 Y106.595 E.0576
;WIDTH:0.410516
G1 F979.336
G1 X96.004 Y107.394 E.08672
;WIDTH:0.406432
G1 F990.339
G1 X96.241 Y108.175 E.11534
G1 X96.559 Y108.926 E.14394
;WIDTH:0.410807
G1 F978.561
G1 X96.921 Y109.65 E.17266
;WIDTH:0.419595
G1 F955.731
G1 X97.287 Y110.226 E.19745
G1 X97.606 Y110.664 E.21714
;WIDTH:0.40643
G1 F990.344
G1 X98.123 Y111.286 E.2455
G1 X98.704 Y111.857 E.27406
;WIDTH:0.410806
G1 F978.564
G1 X99.315 Y112.387 E.30276
;WIDTH:0.419651
G1 F955.589
G1 X99.986 Y112.855 E.33249
G1 X100.689 Y113.265 E.36206
;WIDTH:0.414946
G1 F967.674
G1 X101.425 Y113.609 E.39121
;WIDTH:0.419086
G1 F957.024
G1 X102.174 Y113.88 E.42011
G1 X102.976 Y114.086 E.45015
;WIDTH:0.407329
G1 F987.901
G1 X103.771 Y114.237 E.47859
;WIDTH:0.410932
G1 F978.229
G1 X104.574 Y114.314 E.50722
;WIDTH:0.411695
G1 F976.205
G1 X105.395 Y114.315 E.53642
;WIDTH:0.419667
G1 F955.548
G1 X106.074 Y114.255 E.56119
G1 X106.61 Y114.174 E.58089
;WIDTH:0.406432
G1 F990.339
G1 X107.4 Y114.003 E.60923
G1 X108.175 Y113.759 E.63772
G1 X108.927 Y113.441 E.66635
;WIDTH:0.409467
G1 F982.139
G1 X109.629 Y113.09 E.6941
;WIDTH:0.419586
G1 F955.754
G1 X110.226 Y112.713 E.71975
G1 X110.976 Y112.152 E.75378
;WIDTH:0.415808
G1 F965.437
G1 X111.386 Y111.769 E.77396
;WIDTH:0.419237
G1 F956.64
G1 X111.875 Y111.29 E.79881
G1 X112.307 Y110.787 E.82288
;WIDTH:0.413277
G1 F972.035
G1 X112.622 Y110.353 E.84204
;WIDTH:0.406786
G1 F989.375
G1 X113.057 Y109.679 E.87019
G1 X113.546 Y108.684 E.9091
;WIDTH:0.415372
G1 F966.568
G1 X113.761 Y108.181 E.92875
;WIDTH:0.419629
G1 F955.645
G1 X113.962 Y107.549 E.95285
G1 X114.091 Y107.023 E.97253
;WIDTH:0.406428
G1 F990.35
G1 X114.236 Y106.228 E1.00086
G1 X114.3 Y105.415 E1.02945
;WIDTH:0.410769
G1 F978.662
G1 X114.313 Y104.609 E1.05805
;WIDTH:0.419667
G1 F955.548
G1 X114.255 Y103.926 E1.08296
G1 X114.174 Y103.39 E1.10266
;WIDTH:0.406431
G1 F990.341
G1 X114.003 Y102.6 E1.131
G1 X113.751 Y101.823 E1.15964
;WIDTH:0.409504
G1 F982.04
G1 X113.459 Y101.084 E1.18774
;WIDTH:0.412926
G1 F972.957
G1 X113.142 Y100.464 E1.21259
;WIDTH:0.419444
G1 F956.114
G1 X112.636 Y99.658 E1.24715
G1 X112.146 Y99.014 E1.27654
;WIDTH:0.41478
G1 F968.106
G1 X111.608 Y98.426 E1.30513
;WIDTH:0.420159
G1 F954.302
G1 X110.669 Y97.605 E1.35051
G1 X110.014 Y97.145 E1.37963
;WIDTH:0.419731
G1 F955.386
G1 X109.31 Y96.738 E1.40919
G1 X108.576 Y96.39 E1.43871
;WIDTH:0.4114
G1 F976.987
G1 X107.823 Y96.114 E1.46721
;WIDTH:0.410517
G1 F979.333
G1 X107.042 Y95.903 E1.49589
G1 X106.232 Y95.773 E1.52498
;WIDTH:0.417617
G1 F960.776
G1 X105.37 Y95.683 E1.5563
G1 X104.207 Y95.712 E1.59835
;WIDTH:0.410812
G1 F978.548
G1 X103.399 Y95.83 E1.62733
;WIDTH:0.407329
G1 F987.901
G1 X102.6 Y95.996 E1.65601
G1 X101.839 Y96.239 E1.68409
;WIDTH:0.41335
G1 F971.844
G1 X100.876 Y96.646 E1.72144
G1 X100.007 Y97.144 E1.75723
;WIDTH:0.40733
G1 F987.898
G1 X99.337 Y97.599 E1.7857
G1 X98.718 Y98.124 E1.81423
;WIDTH:0.407799
G1 F986.628
G1 X98.144 Y98.689 E1.84258
;WIDTH:0.419993
G1 F954.722
G1 X97.615 Y99.315 E1.87239
G1 X97.143 Y99.985 E1.9022
;WIDTH:0.414782
G1 F968.101
G1 X96.735 Y100.689 E1.93138
G1 X96.391 Y101.425 E1.96052
;WIDTH:0.415464
G1 F966.329
G1 X96.112 Y102.192 E1.98985
;WIDTH:0.417175
G1 F961.911
G1 X95.93 Y102.861 E2.01488
;WIDTH:0.420009
G1 F954.682
G1 X95.825 Y103.367 E2.03368
G1 X95.717 Y104.18 E2.06351
;WIDTH:0.419607
G1 F955.701
G1 X95.687 Y104.78 E2.08534
G92 E0
G1 X104.104 Y113.905 F7800
;WIDTH:0.407191
G1 F988.275
G1 X103.088 Y113.744 E.03614
;WIDTH:0.419086
G1 F957.024
G1 X102.291 Y113.523 E.06615
G1 X101.575 Y113.268 E.09373
;WIDTH:0.414946
G1 F967.674
G1 X100.867 Y112.939 E.12174
;WIDTH:0.419651
G1 F955.589
G1 X100.199 Y112.544 E.14994
G1 X99.57 Y112.12 E.1775
;WIDTH:0.411124
G1 F977.719
G1 X98.961 Y111.607 E.20578
;WIDTH:0.406439
G1 F990.32
G1 X98.406 Y111.058 E.23315
G1 X97.913 Y110.47 E.26005
;WIDTH:0.419595
G1 F955.731
G1 X97.259 Y109.5 E.30255
;WIDTH:0.411325
G1 F977.185
G1 X96.892 Y108.793 E.33086
;WIDTH:0.406438
G1 F990.322
G1 X96.59 Y108.073 E.35824
G1 X96.357 Y107.328 E.38561
;WIDTH:0.409253
G1 F982.713
G1 X96.183 Y106.567 E.41319
;WIDTH:0.410353
G1 F979.771
G1 X96.081 Y105.806 E.4404
;WIDTH:0.419588
G1 F955.749
G1 X96.057 Y104.996 E.46984
G1 X96.092 Y104.216 E.49821
;WIDTH:0.420009
G1 F954.682
G1 X96.194 Y103.442 E.52661
G1 X96.294 Y102.946 E.54501
;WIDTH:0.417175
G1 F961.911
G1 X96.465 Y102.311 E.56875
;WIDTH:0.415464
G1 F966.329
G1 X96.731 Y101.575 E.59687
;WIDTH:0.414787
G1 F968.088
G1 X97.061 Y100.867 E.62489
G1 X97.452 Y100.191 E.6529
;WIDTH:0.419993
G1 F954.722
G1 X97.908 Y99.552 E.68145
G1 X98.226 Y99.158 E.69987
;WIDTH:0.417274
G1 F961.657
G1 X98.665 Y98.678 E.72336
;WIDTH:0.41489
G1 F967.82
G1 X99.35 Y98.058 E.75651
;WIDTH:0.41453
G1 F968.758
G1 X99.851 Y97.68 E.77901
;WIDTH:0.418504
G1 F958.507
G1 X100.889 Y97.057 E.82287
;WIDTH:0.419648
G1 F955.597
G1 X101.576 Y96.739 E.85038
G1 X102.437 Y96.425 E.88368
;WIDTH:0.414532
G1 F968.752
G1 X103.044 Y96.267 E.90616
G1 X104.208 Y96.079 E.94842
;WIDTH:0.417617
G1 F960.776
G1 X105.217 Y96.061 E.98489
G1 X105.761 Y96.084 E1.00457
;WIDTH:0.415166
G1 F967.102
G1 X106.927 Y96.254 E1.04688
;WIDTH:0.410354
G1 F979.768
G1 X107.682 Y96.455 E1.07457
G1 X108.398 Y96.715 E1.10157
;WIDTH:0.419731
G1 F955.386
G1 X109.133 Y97.07 E1.13124
G1 X109.801 Y97.456 E1.15928
G1 X110.254 Y97.761 E1.17913
;WIDTH:0.413467
G1 F971.537
G1 X111.045 Y98.399 E1.21545
;WIDTH:0.406438
G1 F990.322
G1 X111.593 Y98.942 E1.2425
;WIDTH:0.406737
G1 F989.508
G1 X112.088 Y99.529 E1.26945
;WIDTH:0.407483
G1 F987.484
G1 X112.74 Y100.501 E1.31061
;WIDTH:0.410594
G1 F979.128
G1 X113.112 Y101.205 E1.33885
G1 X113.407 Y101.928 E1.36654
;WIDTH:0.406437
G1 F990.325
G1 X113.646 Y102.671 E1.39391
G1 X113.812 Y103.42 E1.42081
;WIDTH:0.419667
G1 F955.548
G1 X113.945 Y104.586 E1.46346
;WIDTH:0.411432
G1 F976.902
G1 X113.943 Y105.38 E1.49168
;WIDTH:0.406435
G1 F990.33
G1 X113.879 Y106.157 E1.51902
G1 X113.746 Y106.913 E1.54593
;WIDTH:0.419629
G1 F955.645
G1 X113.45 Y107.949 E1.58508
;WIDTH:0.412628
G1 F973.741
G1 X113.225 Y108.517 E1.60687
;WIDTH:0.419038
G1 F957.146
G1 X112.923 Y109.147 E1.63222
G1 X112.551 Y109.803 E1.65958
;WIDTH:0.414694
G1 F968.33
G1 X112.018 Y110.554 E1.6926
;WIDTH:0.419237
G1 F956.64
G1 X111.609 Y111.025 E1.71524
G1 X111.147 Y111.497 E1.73921
;WIDTH:0.415808
G1 F965.437
G1 X110.746 Y111.858 E1.75862
;WIDTH:0.419586
G1 F955.754
G1 X110.021 Y112.397 E1.79144
G1 X109.484 Y112.752 E1.81483
;WIDTH:0.411222
G1 F977.459
G1 X108.793 Y113.108 E1.84244
;WIDTH:0.406439
G1 F990.32
G1 X108.073 Y113.41 E1.86982
G1 X107.329 Y113.646 E1.89719
G1 X106.58 Y113.812 E1.92409
;WIDTH:0.419667
G1 F955.548
G1 X105.414 Y113.945 E1.96674
;WIDTH:0.411436
G1 F976.891
G1 X104.62 Y113.948 E1.99496
;WIDTH:0.412421
G1 F974.287
G1 X104.307 Y113.922 E2.00615
;LAYER_CHANGE
;Z:9.95
;HEIGHT:0.2
G92 E0
G1 Z9.95 F7800
G1 X104.333 Y110.239
;TYPE:Perimeter
;WIDTH:0.449999
G1 F884.349
G1 X104.144 Y110.218 E.00747
G1 X103.275 Y109.997 E.04268
G1 X102.255 Y109.515 E.08698
G1 X101.77 Y109.168 E.1104
G1 X101.349 Y108.82 E.13185
G1 X100.736 Y108.121 E.16835
G1 X100.421 Y107.615 E.19175
G1 X100.172 Y107.153 E.21236
G1 X99.918 Y106.453 E.2416
G1 X99.727 Y105.341 E.2859
G1 X99.735 Y104.751 E.30907
G1 X99.774 Y104.199 E.3308
G1 X99.877 Y103.692 E.35111
G1 X100.22 Y102.738 E.39092
G1 X100.507 Y102.212 E.41445
G1 X101.043 Y101.495 E.4496
G1 X101.879 Y100.736 E.49394
G1 X102.6 Y100.297 E.52708
G1 X102.868 Y100.165 E.53881
G1 X103.749 Y99.866 E.57534
G1 X104.578 Y99.741 E.60826
G1 X104.931 Y99.716 E.62216
G1 X105.813 Y99.778 E.65688
G1 X106.665 Y99.987 E.69133
G1 X106.911 Y100.073 E.70156
G1 X107.746 Y100.485 E.73812
G1 X108.23 Y100.832 E.7615
G1 X108.621 Y101.147 E.78121
M73 P75 R8
G1 X109.007 Y101.55 E.80312
G1 X109.533 Y102.281 E.83848
M73 P75 R7
G1 X109.984 Y103.233 E.87984
G1 X110.198 Y104.046 E.91285
M73 Q75 S8
G1 X110.28 Y104.707 E.939
G1 X110.222 Y105.808 E.98229
G1 X109.997 Y106.724 E1.01933
G1 X109.557 Y107.683 E1.06076
G1 X108.988 Y108.463 E1.09867
G1 X108.564 Y108.876 E1.12191
G1 X108.121 Y109.264 E1.14503
G1 X107.609 Y109.582 E1.1687
G1 X107.147 Y109.83 E1.18929
G1 X106.403 Y110.095 E1.2203
G1 X105.752 Y110.234 E1.24644
G1 X105.21 Y110.266 E1.26776
G1 X104.679 Y110.278 E1.28861
G1 X104.393 Y110.246 E1.29991
G1 X104.377 Y109.833 F7800
G1 F884.349
G1 X104.19 Y109.813 E1.30729
G1 X103.381 Y109.604 E1.3401
G1 X102.462 Y109.164 E1.38011
G1 X102.018 Y108.845 E1.40158
G1 X101.655 Y108.552 E1.4199
G1 X101.042 Y107.853 E1.4564
G1 X100.555 Y107.014 E1.49449
M73 Q75 S7
G1 X100.3 Y106.314 E1.52374
G1 X100.134 Y105.309 E1.56374
G1 X100.142 Y104.771 E1.58487
G1 X100.174 Y104.276 E1.60435
G1 X100.276 Y103.773 E1.6245
G1 X100.577 Y102.941 E1.65924
G1 X100.863 Y102.409 E1.68296
G1 X101.366 Y101.742 E1.71576
G1 X102.147 Y101.042 E1.75694
G1 X102.804 Y100.649 E1.787
G1 X103.322 Y100.441 E1.80892
G1 X103.879 Y100.252 E1.83202
G1 X104.629 Y100.145 E1.86177
G1 X105.178 Y100.142 E1.88333
G1 X105.784 Y100.184 E1.90718
G1 X106.56 Y100.38 E1.93861
G1 X107.565 Y100.85 E1.98217
G1 X108.327 Y101.429 E2.01975
G1 X108.713 Y101.832 E2.04166
G1 X109.199 Y102.514 E2.07454
G1 X109.567 Y103.281 E2.10794
G1 X109.804 Y104.149 E2.14327
G1 X109.875 Y104.75 E2.16703
G1 X109.816 Y105.782 E2.20762
G1 X109.604 Y106.619 E2.24152
G1 X109.252 Y107.394 E2.27494
G1 X108.66 Y108.222 E2.31491
G1 X107.853 Y108.958 E2.3578
G1 X107.01 Y109.446 E2.39605
G1 X106.266 Y109.712 E2.42707
G1 X105.675 Y109.834 E2.45076
G1 X104.791 Y109.875 E2.48551
G1 X104.437 Y109.839 E2.49948
G1 X104.422 Y109.429 F7800
;TYPE:External perimeter
G1 F884.349
G1 X104.235 Y109.409 E2.50686
G1 X103.486 Y109.21 E2.53729
G1 X102.642 Y108.798 E2.57417
G1 X101.99 Y108.311 E2.60612
G1 X101.368 Y107.607 E2.64301
G1 X100.952 Y106.907 E2.67498
G1 X100.683 Y106.175 E2.7056
G1 X100.536 Y105.248 E2.74245
G1 X100.569 Y104.387 E2.77628
G1 X100.675 Y103.854 E2.79762
G1 X100.958 Y103.083 E2.82987
G1 X101.219 Y102.607 E2.85119
G1 X101.689 Y101.99 E2.88164
G1 X102.416 Y101.348 E2.91972
G1 X103.007 Y101.002 E2.94661
G1 X104.01 Y100.637 E2.98852
G1 X104.679 Y100.549 E3.01501
G1 X105.149 Y100.548 E3.03346
G1 X105.756 Y100.59 E3.05735
G1 X106.454 Y100.774 E3.08569
G1 X107.385 Y101.215 E3.12614
G1 X108.01 Y101.689 E3.15694
G1 X108.419 Y102.113 E3.18007
G1 X108.866 Y102.748 E3.21056
G1 X109.198 Y103.453 E3.24116
G1 X109.411 Y104.252 E3.27363
G1 X109.47 Y104.792 E3.29496
G1 X109.41 Y105.755 E3.33285
G1 X109.21 Y106.514 E3.36367
G1 X108.884 Y107.222 E3.39427
G1 X108.332 Y107.981 E3.43112
G1 X107.607 Y108.632 E3.46938
G1 X106.907 Y109.048 E3.50135
G1 X106.129 Y109.329 E3.53383
G1 X105.597 Y109.435 E3.55513
G1 X104.775 Y109.468 E3.58743
G1 X104.481 Y109.436 E3.59904
G1 X104.088 Y109.365 F7800
G92 E0
G1 X97.663 Y110.11
;TYPE:Perimeter
G1 F884.349
G1 X97.239 Y109.476 E.02995
G1 X96.88 Y108.786 E.06049
G1 X96.58 Y108.064 E.09119
G1 X96.345 Y107.319 E.12186
G1 X96.176 Y106.556 E.15254
G1 X96.076 Y105.792 E.18279
G1 X96.05 Y104.598 E.22968
G1 X96.116 Y103.841 E.25952
G1 X96.347 Y102.677 E.30612
G1 X96.581 Y101.935 E.33667
G1 X96.88 Y101.213 E.36735
G1 X97.241 Y100.52 E.39803
G1 X97.655 Y99.87 E.42829
G1 X98.397 Y98.944 E.47488
G1 X98.947 Y98.394 E.50542
G1 X99.546 Y97.892 E.53611
G1 X100.186 Y97.443 E.56681
G1 X100.847 Y97.061 E.59679
G1 X101.946 Y96.577 E.64394
G1 X102.681 Y96.345 E.6742
G1 X103.444 Y96.176 E.70488
G1 X104.208 Y96.076 E.73513
G1 X105.395 Y96.049 E.78175
G1 X106.17 Y96.117 E.8123
G1 X106.939 Y96.253 E.84296
G1 X107.694 Y96.455 E.87365
G1 X108.412 Y96.716 E.90365
G1 X109.48 Y97.242 E.95039
G1 X110.457 Y97.895 E.99653
G1 X111.053 Y98.394 E1.02705
G1 X111.606 Y98.947 E1.05776
G1 X112.101 Y99.537 E1.088
G1 X112.761 Y100.524 E1.13462
G1 X113.12 Y101.214 E1.16516
G1 X113.42 Y101.936 E1.19586
G1 X113.655 Y102.681 E1.22653
G1 X113.789 Y103.289 E1.25098
G1 X113.862 Y103.806 E1.27148
G1 X113.951 Y104.72 E1.30754
G1 X113.951 Y105.391 E1.33389
G1 X113.883 Y106.169 E1.36455
G1 X113.749 Y106.929 E1.39485
G1 X113.417 Y108.068 E1.44143
G1 X113.12 Y108.787 E1.47197
G1 X112.759 Y109.48 E1.50265
G1 X112.339 Y110.139 E1.53333
G1 X111.87 Y110.751 E1.5636
G1 X111.045 Y111.613 E1.61045
G1 X110.463 Y112.101 E1.64027
G1 X109.47 Y112.765 E1.68717
G1 X108.787 Y113.12 E1.71739
G1 X108.064 Y113.42 E1.74813
G1 X107.319 Y113.655 E1.7788
G1 X106.567 Y113.821 E1.80904
G1 X105.38 Y113.951 E1.85593
G1 X104.609 Y113.951 E1.8862
G1 X103.831 Y113.883 E1.91686
G1 X103.071 Y113.749 E1.94716
G1 X101.932 Y113.417 E1.99374
G1 X101.213 Y113.12 E2.02428
G1 X100.53 Y112.764 E2.05452
G1 X99.543 Y112.105 E2.10112
G1 X98.947 Y111.606 E2.13164
G1 X98.394 Y111.053 E2.16235
G1 X97.899 Y110.463 E2.19259
G1 X97.696 Y110.159 E2.20694
G1 X97.334 Y110.35 F7800
G1 F884.349
G1 X96.888 Y109.684 E2.23841
G1 X96.51 Y108.959 E2.27051
G1 X96.198 Y108.204 E2.30259
G1 X95.952 Y107.424 E2.3347
G1 X95.775 Y106.627 E2.36676
G1 X95.669 Y105.823 E2.3986
G1 X95.642 Y104.585 E2.44722
G1 X95.712 Y103.784 E2.47879
G1 X95.952 Y102.576 E2.52715
G1 X96.198 Y101.796 E2.55926
G1 X96.51 Y101.041 E2.59134
G1 X96.888 Y100.316 E2.62344
G1 X97.323 Y99.632 E2.65527
G1 X98.094 Y98.672 E2.70362
G1 X98.672 Y98.094 E2.73572
G1 X99.298 Y97.568 E2.76782
G1 X99.967 Y97.1 E2.79988
G1 X100.663 Y96.698 E2.83144
G1 X101.803 Y96.196 E2.88035
G1 X102.576 Y95.952 E2.91218
G1 X103.373 Y95.775 E2.94424
G1 X104.177 Y95.669 E2.97608
G1 X105.408 Y95.642 E3.02443
G1 X106.223 Y95.713 E3.05655
G1 X107.027 Y95.855 E3.08861
G1 X107.817 Y96.066 E3.12072
G1 X108.572 Y96.341 E3.15227
G1 X109.684 Y96.889 E3.20095
G1 X110.702 Y97.569 E3.24902
G1 X111.329 Y98.094 E3.28113
G1 X111.906 Y98.672 E3.3132
G1 X112.427 Y99.293 E3.34503
G1 X113.112 Y100.316 E3.39337
G1 X113.49 Y101.041 E3.42547
G1 X113.802 Y101.796 E3.45755
G1 X114.048 Y102.576 E3.48966
G1 X114.197 Y103.248 E3.51669
G1 X114.267 Y103.761 E3.53702
G1 X114.358 Y104.72 E3.57484
G1 X114.358 Y105.409 E3.60189
G1 X114.287 Y106.223 E3.63397
G1 X114.146 Y107.021 E3.66579
G1 X113.802 Y108.203 E3.71413
G1 X113.49 Y108.959 E3.74624
G1 X113.112 Y109.684 E3.77834
G1 X112.673 Y110.373 E3.81042
G1 X112.18 Y111.016 E3.84223
G1 X111.323 Y111.911 E3.89088
G1 X110.707 Y112.427 E3.92243
G1 X109.678 Y113.115 E3.97103
G1 X108.959 Y113.49 E4.00287
G1 X108.204 Y113.802 E4.03495
G1 X107.424 Y114.048 E4.06706
G1 X106.633 Y114.224 E4.09888
G1 X105.402 Y114.358 E4.1475
G1 X104.591 Y114.358 E4.17934
G1 X103.777 Y114.287 E4.21142
G1 X102.979 Y114.146 E4.24324
G1 X101.797 Y113.802 E4.29158
G1 X101.041 Y113.49 E4.32369
G1 X100.322 Y113.115 E4.35553
G1 X99.298 Y112.431 E4.40388
G1 X98.671 Y111.906 E4.43599
G1 X98.094 Y111.328 E4.46806
G1 X97.573 Y110.707 E4.49989
G1 X97.367 Y110.4 E4.51441
G1 X97.005 Y110.591 F7800
;TYPE:External perimeter
G1 F884.349
G1 X96.537 Y109.892 E4.54744
G1 X96.141 Y109.131 E4.58112
G1 X95.815 Y108.343 E4.6146
G1 X95.558 Y107.53 E4.64808
G1 X95.374 Y106.697 E4.68158
G1 X95.263 Y105.854 E4.71497
G1 X95.235 Y104.571 E4.76536
G1 X95.309 Y103.726 E4.79867
G1 X95.557 Y102.475 E4.84875
G1 X95.815 Y101.657 E4.88243
G1 X96.141 Y100.869 E4.91591
G1 X96.535 Y100.113 E4.94938
G1 X96.992 Y99.395 E4.9828
G1 X97.79 Y98.4 E5.03288
G1 X98.396 Y97.793 E5.06656
G1 X99.049 Y97.245 E5.10003
G1 X99.748 Y96.756 E5.13353
G1 X100.478 Y96.334 E5.16664
G1 X101.659 Y95.814 E5.21731
G1 X102.47 Y95.558 E5.2507
G1 X103.303 Y95.374 E5.2842
G1 X104.146 Y95.263 E5.31759
G1 X105.421 Y95.235 E5.36766
G1 X106.276 Y95.309 E5.40136
G1 X107.116 Y95.457 E5.43485
G1 X107.939 Y95.678 E5.46831
G1 X108.732 Y95.966 E5.50144
G1 X109.888 Y96.535 E5.55203
G1 X110.946 Y97.242 E5.60199
G1 X111.604 Y97.793 E5.63569
G1 X112.207 Y98.396 E5.66917
G1 X112.754 Y99.048 E5.70259
G1 X113.463 Y100.108 E5.75266
G1 X113.859 Y100.869 E5.78634
G1 X114.185 Y101.657 E5.81982
G1 X114.442 Y102.47 E5.8533
G1 X114.595 Y103.159 E5.88101
G1 X114.671 Y103.717 E5.90312
G1 X114.765 Y104.72 E5.94267
G1 X114.765 Y105.426 E5.97039
G1 X114.691 Y106.276 E6.00389
G1 X114.543 Y107.114 E6.0373
G1 X114.187 Y108.338 E6.08735
G1 X113.859 Y109.131 E6.12105
G1 X113.465 Y109.887 E6.15452
G1 X113.007 Y110.607 E6.18803
G1 X112.489 Y111.282 E6.22144
G1 X111.602 Y112.208 E6.27179
G1 X110.952 Y112.754 E6.30512
G1 X109.885 Y113.466 E6.35549
G1 X109.131 Y113.859 E6.38888
G1 X108.343 Y114.185 E6.42236
G1 X107.53 Y114.442 E6.45584
G1 X106.699 Y114.626 E6.48926
G1 X105.424 Y114.765 E6.53962
G1 X104.574 Y114.765 E6.57299
G1 X103.724 Y114.691 E6.60649
G1 X102.886 Y114.543 E6.6399
G1 X101.662 Y114.187 E6.68995
G1 X100.869 Y113.859 E6.72365
G1 X100.114 Y113.466 E6.75707
G1 X99.054 Y112.758 E6.80712
G1 X98.396 Y112.207 E6.84082
G1 X97.793 Y111.604 E6.8743
G1 X97.246 Y110.952 E6.90772
G1 X97.039 Y110.641 E6.92239
G1 X96.816 Y110.309 F7800
;LAYER_CHANGE
;Z:10.15
;HEIGHT:0.2
G92 E0
G1 Z10.15 F7800
G1 X104.335 Y110.219
;TYPE:Perimeter
G1 F884.349
G1 X103.809 Y110.144 E.02086
G1 X103.167 Y109.944 E.04726
G1 X102.705 Y109.763 E.06674
G1 X102.216 Y109.495 E.08863
G1 X101.394 Y108.869 E.1292
G1 X100.755 Y108.143 E.16718
G1 X100.433 Y107.636 E.19076
G1 X100.188 Y107.195 E.21057
G1 X99.918 Y106.453 E.24157
G1 X99.727 Y105.341 E.28587
G1 X99.755 Y104.35 E.3248
G1 X99.877 Y103.692 E.35108
G1 X100.207 Y102.767 E.38964
G1 X100.507 Y102.212 E.41441
G1 X101.043 Y101.495 E.44956
G1 X101.851 Y100.752 E.49266
G1 X102.671 Y100.256 E.53029
G1 X103.749 Y99.866 E.5753
G1 X104.58 Y99.741 E.6083
G1 X104.927 Y99.716 E.62196
G1 X105.813 Y99.778 E.65683
G1 X106.665 Y99.987 E.69128
G1 X106.911 Y100.073 E.70151
G1 X107.745 Y100.485 E.73803
G1 X108.505 Y101.044 E.77507
G1 X108.922 Y101.461 E.79823
G1 X109.533 Y102.281 E.83838
G1 X109.984 Y103.233 E.87974
G1 X110.198 Y104.043 E.91264
G1 X110.279 Y104.707 E.9389
G1 X110.222 Y105.808 E.98219
G1 X110.013 Y106.665 E1.01683
G1 X109.597 Y107.608 E1.0573
G1 X109.308 Y108.057 E1.07827
G1 X108.699 Y108.768 E1.11503
G1 X108.087 Y109.293 E1.14669
M73 P76 R7
G1 X107.194 Y109.812 E1.18724
G1 X106.252 Y110.134 E1.22633
G1 X105.319 Y110.276 E1.26339
M73 Q76 S7
G1 X104.726 Y110.275 E1.28667
G1 X104.394 Y110.228 E1.29984
G1 X104.379 Y109.816 F7800
G1 F884.349
G1 X103.88 Y109.743 E1.31964
G1 X103.306 Y109.562 E1.34327
G1 X102.901 Y109.407 E1.3603
G1 X102.411 Y109.138 E1.38225
G1 X101.742 Y108.634 E1.41514
G1 X101.061 Y107.874 E1.45521
G1 X100.786 Y107.433 E1.47562
G1 X100.555 Y107.014 E1.49441
G1 X100.3 Y106.314 E1.52366
G1 X100.129 Y105.279 E1.56485
G1 X100.162 Y104.37 E1.60056
G1 X100.276 Y103.773 E1.62442
G1 X100.575 Y102.944 E1.65902
G1 X100.863 Y102.409 E1.68288
G1 X101.366 Y101.743 E1.71565
G1 X102.024 Y101.133 E1.75088
G1 X102.88 Y100.605 E1.79037
G1 X103.879 Y100.252 E1.83197
G1 X104.631 Y100.145 E1.86179
G1 X105.154 Y100.14 E1.88233
G1 X105.784 Y100.184 E1.90713
G1 X106.559 Y100.38 E1.93852
G1 X107.565 Y100.85 E1.98212
G1 X108.258 Y101.366 E2.01604
G1 X108.627 Y101.742 E2.03673
G1 X109.199 Y102.514 E2.07446
G1 X109.567 Y103.281 E2.10786
G1 X109.804 Y104.146 E2.14308
G1 X109.875 Y104.749 E2.16692
G1 X109.816 Y105.782 E2.20755
G1 X109.62 Y106.559 E2.23901
G1 X109.229 Y107.434 E2.27664
G1 X108.895 Y107.941 E2.30048
G1 X108.399 Y108.493 E2.32962
G1 X107.832 Y108.975 E2.35884
G1 X107.11 Y109.4 E2.39174
G1 X106.121 Y109.748 E2.43291
G1 X105.266 Y109.873 E2.46684
G1 X104.735 Y109.868 E2.48769
G1 X104.439 Y109.825 E2.49943
G1 X104.422 Y109.424 F7800
;TYPE:External perimeter
G1 F884.349
G1 X103.95 Y109.342 E2.51824
G1 X103.097 Y109.05 E2.55364
G1 X102.607 Y108.781 E2.57559
G1 X101.99 Y108.311 E2.60604
G1 X101.367 Y107.606 E2.64298
G1 X100.952 Y106.907 E2.6749
G1 X100.683 Y106.175 E2.70552
G1 X100.531 Y105.217 E2.74361
G1 X100.568 Y104.39 E2.77611
G1 X100.675 Y103.854 E2.79757
G1 X100.957 Y103.086 E2.82969
G1 X101.219 Y102.607 E2.85113
G1 X101.689 Y101.99 E2.88158
G1 X102.298 Y101.435 E2.91393
G1 X103.09 Y100.954 E2.95031
G1 X104.01 Y100.637 E2.98852
G1 X104.682 Y100.548 E3.01514
G1 X105.126 Y100.546 E3.03257
G1 X105.756 Y100.59 E3.05737
G1 X106.454 Y100.774 E3.08571
G1 X107.385 Y101.215 E3.12616
G1 X108.01 Y101.689 E3.15696
G1 X108.419 Y102.113 E3.18009
G1 X108.866 Y102.748 E3.21058
G1 X109.198 Y103.453 E3.24118
G1 X109.41 Y104.249 E3.27352
G1 X109.47 Y104.792 E3.29497
G1 X109.41 Y105.755 E3.33286
G1 X109.226 Y106.454 E3.36124
G1 X108.861 Y107.259 E3.39595
G1 X108.558 Y107.714 E3.41741
G1 X108.098 Y108.218 E3.4442
G1 X107.578 Y108.658 E3.47095
G1 X106.907 Y109.048 E3.50142
G1 X105.99 Y109.363 E3.53949
G1 X105.213 Y109.469 E3.57028
G1 X104.624 Y109.459 E3.59341
G1 X104.481 Y109.434 E3.59911
G1 X104.087 Y109.366 F7800
G92 E0
G1 X97.688 Y110.148
;TYPE:Perimeter
G1 F884.349
G1 X97.253 Y109.499 E.03068
G1 X96.879 Y108.785 E.06233
G1 X96.581 Y108.064 E.09296
G1 X96.345 Y107.319 E.12364
G1 X96.176 Y106.556 E.15432
G1 X96.074 Y105.781 E.18501
G1 X96.041 Y105.011 E.21527
G1 X96.118 Y103.83 E.26174
G1 X96.341 Y102.704 E.30681
G1 X96.581 Y101.934 E.33848
G1 X96.88 Y101.213 E.36913
G1 X97.241 Y100.52 E.39981
G1 X97.655 Y99.87 E.43007
G1 X98.402 Y98.939 E.47694
G1 X98.947 Y98.394 E.5072
G1 X99.546 Y97.892 E.53789
G1 X100.177 Y97.449 E.56816
G1 X101.193 Y96.891 E.61367
G1 X101.937 Y96.58 E.64533
G1 X102.681 Y96.345 E.67597
G1 X103.444 Y96.176 E.70665
G1 X104.209 Y96.076 E.73694
G1 X105.368 Y96.049 E.78246
G1 X106.171 Y96.117 E.8141
G1 X106.939 Y96.253 E.84472
G1 X107.694 Y96.455 E.87541
G1 X108.419 Y96.718 E.90569
G1 X109.49 Y97.247 E.95259
G1 X110.101 Y97.635 E.98101
G1 X111.062 Y98.403 E1.02931
G1 X111.606 Y98.947 E1.05952
G1 X112.102 Y99.538 E1.08981
G1 X112.747 Y100.501 E1.13532
G1 X113.121 Y101.215 E1.16697
G1 X113.42 Y101.936 E1.19762
G1 X113.655 Y102.681 E1.22829
G1 X113.789 Y103.286 E1.25262
G1 X113.862 Y103.8 E1.273
G1 X113.949 Y104.685 E1.30792
G1 X113.951 Y105.392 E1.33568
G1 X113.883 Y106.169 E1.36631
G1 X113.747 Y106.939 E1.39701
G1 X113.545 Y107.694 E1.4277
G1 X113.282 Y108.419 E1.45798
G1 X112.754 Y109.489 E1.50483
G1 X112.339 Y110.139 E1.53511
G1 X111.863 Y110.76 E1.56583
G1 X111.359 Y111.311 E1.59515
G1 X110.758 Y111.865 E1.62724
G1 X110.167 Y112.319 E1.6565
G1 X109.479 Y112.76 E1.68859
G1 X108.787 Y113.12 E1.71922
G1 X108.064 Y113.42 E1.74996
G1 X107.319 Y113.655 E1.78063
G1 X106.566 Y113.822 E1.81091
G1 X105.414 Y113.949 E1.85642
G1 X104.608 Y113.951 E1.88807
G1 X103.831 Y113.883 E1.9187
G1 X103.071 Y113.749 E1.949
G1 X101.925 Y113.415 E1.99587
G1 X101.213 Y113.12 E2.02613
G1 X100.529 Y112.764 E2.05641
G1 X99.565 Y112.122 E2.10189
G1 X98.946 Y111.605 E2.13356
G1 X98.394 Y111.053 E2.16421
G1 X97.898 Y110.462 E2.1945
G1 X97.721 Y110.198 E2.20698
G1 X97.349 Y110.374 F7800
G1 F884.349
G1 X96.903 Y109.708 E2.23845
G1 X96.51 Y108.958 E2.2717
G1 X96.198 Y108.204 E2.30374
G1 X95.952 Y107.424 E2.33585
G1 X95.775 Y106.627 E2.36791
G1 X95.668 Y105.816 E2.40003
G1 X95.633 Y105.006 E2.43186
G1 X95.714 Y103.777 E2.48022
G1 X95.946 Y102.603 E2.52721
G1 X96.198 Y101.795 E2.56044
G1 X96.51 Y101.041 E2.59248
G1 X96.888 Y100.316 E2.62458
G1 X97.323 Y99.633 E2.65637
G1 X98.098 Y98.667 E2.705
G1 X98.672 Y98.094 E2.73685
G1 X99.298 Y97.568 E2.76895
G1 X99.962 Y97.103 E2.80078
G1 X101.016 Y96.523 E2.84802
G1 X101.797 Y96.197 E2.88125
G1 X102.576 Y95.952 E2.91331
G1 X103.373 Y95.775 E2.94537
G1 X104.178 Y95.669 E2.97725
G1 X105.38 Y95.641 E3.02446
G1 X106.224 Y95.713 E3.05772
G1 X107.027 Y95.855 E3.08974
G1 X107.817 Y96.066 E3.12185
G1 X108.579 Y96.344 E3.1537
G1 X109.69 Y96.891 E3.20232
G1 X110.338 Y97.304 E3.23249
G1 X111.334 Y98.099 E3.28253
G1 X111.906 Y98.672 E3.31432
G1 X112.428 Y99.293 E3.34617
G1 X113.097 Y100.292 E3.39338
G1 X113.49 Y101.042 E3.42663
G1 X113.802 Y101.796 E3.45867
G1 X114.048 Y102.576 E3.49078
G1 X114.198 Y103.249 E3.51785
G1 X114.267 Y103.755 E3.5379
G1 X114.356 Y104.684 E3.57454
G1 X114.358 Y105.409 E3.60301
G1 X114.287 Y106.223 E3.63509
G1 X114.145 Y107.027 E3.66715
G1 X113.934 Y107.817 E3.69926
G1 X113.656 Y108.579 E3.73111
G1 X113.109 Y109.689 E3.7797
G1 X112.673 Y110.373 E3.81155
G1 X112.176 Y111.021 E3.84362
G1 X111.648 Y111.598 E3.87433
G1 X111.021 Y112.176 E3.90781
G1 X110.401 Y112.652 E3.9385
G1 X109.683 Y113.113 E3.972
G1 X108.959 Y113.49 E4.00405
G1 X108.204 Y113.802 E4.03613
G1 X107.424 Y114.048 E4.06824
G1 X106.633 Y114.224 E4.10006
G1 X105.437 Y114.356 E4.14731
G1 X104.591 Y114.358 E4.18053
G1 X103.777 Y114.287 E4.21261
G1 X102.979 Y114.146 E4.24443
G1 X101.79 Y113.8 E4.29305
G1 X101.041 Y113.49 E4.32488
G1 X100.322 Y113.115 E4.35672
G1 X99.321 Y112.448 E4.40395
G1 X98.671 Y111.906 E4.43718
G1 X98.094 Y111.328 E4.46925
G1 X97.572 Y110.707 E4.5011
G1 X97.383 Y110.424 E4.51446
G1 X97.011 Y110.601 F7800
;TYPE:External perimeter
G1 F884.349
G1 X96.552 Y109.916 E4.54684
G1 X96.141 Y109.131 E4.58163
G1 X95.815 Y108.343 E4.61511
G1 X95.558 Y107.53 E4.64859
G1 X95.374 Y106.697 E4.68209
G1 X95.262 Y105.852 E4.71556
G1 X95.225 Y105.002 E4.74897
G1 X95.309 Y103.724 E4.79926
G1 X95.55 Y102.503 E4.84813
G1 X95.815 Y101.657 E4.88294
G1 X96.141 Y100.869 E4.91642
G1 X96.535 Y100.113 E4.94989
G1 X96.992 Y99.395 E4.98331
G1 X97.795 Y98.395 E5.03367
G1 X98.396 Y97.793 E5.06707
G1 X99.049 Y97.245 E5.10054
G1 X99.746 Y96.757 E5.13395
G1 X100.839 Y96.156 E5.18293
G1 X101.657 Y95.815 E5.21773
G1 X102.47 Y95.558 E5.25121
G1 X103.303 Y95.374 E5.28471
G1 X104.146 Y95.263 E5.3181
G1 X105.393 Y95.234 E5.36708
G1 X106.276 Y95.309 E5.40188
G1 X107.116 Y95.457 E5.43537
G1 X107.939 Y95.678 E5.46883
G1 X108.739 Y95.969 E5.50226
G1 X109.889 Y96.536 E5.5526
G1 X110.575 Y96.972 E5.58452
G1 X111.606 Y97.795 E5.63632
G1 X112.207 Y98.396 E5.66969
G1 X112.754 Y99.048 E5.70311
G1 X113.448 Y100.084 E5.75207
G1 X113.859 Y100.869 E5.78686
G1 X114.185 Y101.657 E5.82034
G1 X114.442 Y102.47 E5.85382
G1 X114.595 Y103.161 E5.88161
G1 X114.671 Y103.71 E5.90337
G1 X114.764 Y104.683 E5.94175
G1 X114.765 Y105.427 E5.97096
G1 X114.691 Y106.276 E6.00442
G1 X114.543 Y107.116 E6.03791
G1 X114.322 Y107.939 E6.07137
G1 X114.031 Y108.739 E6.1048
G1 X113.464 Y109.889 E6.15514
G1 X113.007 Y110.607 E6.18856
G1 X112.488 Y111.283 E6.22202
G1 X111.937 Y111.886 E6.25409
G1 X111.283 Y112.488 E6.28899
G1 X110.636 Y112.986 E6.32105
G1 X109.887 Y113.465 E6.35596
G1 X109.131 Y113.859 E6.38943
G1 X108.343 Y114.185 E6.42291
G1 X107.53 Y114.442 E6.45639
G1 X106.699 Y114.626 E6.48981
G1 X105.46 Y114.763 E6.53876
G1 X104.573 Y114.765 E6.57359
G1 X103.724 Y114.691 E6.60705
G1 X102.886 Y114.543 E6.64046
G1 X101.655 Y114.184 E6.69081
G1 X100.869 Y113.859 E6.72421
G1 X100.114 Y113.466 E6.75763
G1 X99.077 Y112.775 E6.80656
G1 X98.396 Y112.207 E6.84138
G1 X97.793 Y111.604 E6.87486
G1 X97.246 Y110.952 E6.90828
G1 X97.044 Y110.65 E6.92255
G1 X96.822 Y110.318 F7800
G92 E0
G1 X100.437 Y110.058
;TYPE:Internal infill
;WIDTH:0.45
;HEIGHT:0.4
G1 F494.289
G1 X103.196 Y110.291 E.19451
G1 X104.027 Y110.51 E.25488
G1 X105.245 Y110.589 E.34062
G1 X106.212 Y110.462 E.40913
G1 X107.314 Y110.093 E.49077
G1 X108.188 Y109.598 E.56133
G1 X108.716 Y109.179 E.60868
G1 X109.438 Y108.407 E.68293
G1 X109.845 Y107.798 E.73439
G1 X110.254 Y106.924 E.80218
G1 X110.51 Y105.971 E.8715
G1 X110.584 Y104.679 E.96241
G1 X110.51 Y104.04 E1.0076
G1 X110.275 Y103.138 E1.07308
G1 X109.801 Y102.131 E1.15127
G1 X109.286 Y101.404 E1.21386
G1 X108.779 Y100.875 E1.26533
G1 X108.004 Y100.28 E1.33397
G1 X106.915 Y99.743 E1.41927
G1 X105.971 Y99.49 E1.48793
G1 X104.695 Y99.418 E1.57771
M73 P77 R7
G1 X103.788 Y99.538 E1.64198
G1 X102.731 Y99.894 E1.72033
M73 Q77 S7
G1 X102.505 Y99.702 E1.74116
G1 X102.287 Y99.355 E1.76995
G1 X101.923 Y99.208 E1.79753
G92 E0
G1 X97.213 Y105.937 F7800
G1 F494.289
G1 X96.382 Y105.776 E.05946
G1 X96.641 Y107.24 E.1639
G1 X96.868 Y107.96 E.21693
G1 X97.511 Y109.333 E.32344
G1 X98.143 Y110.279 E.40336
G1 X99.152 Y111.379 E.50822
G1 X99.739 Y111.869 E.56194
G1 X100.685 Y112.501 E.64186
G1 X102.031 Y113.128 E.74617
G1 X103.141 Y113.452 E.8274
G1 X104.621 Y113.646 E.93226
G1 X105.383 Y113.644 E.98579
G1 X106.517 Y113.52 E1.06593
G1 X107.24 Y113.359 E1.11796
G1 X107.96 Y113.132 E1.17099
G1 X109.314 Y112.501 E1.27593
G1 X110.692 Y111.511 E1.39513
G1 X110.804 Y111.407 E1.40587
G1 X110.169 Y110.719 E1.47164
G92 E0
G1 X105.427 Y111.943 F7800
G1 F494.289
G1 X103.891 Y110.478 E.14911
;LAYER_CHANGE
;Z:10.35
;HEIGHT:0.200001
G1 Z10.35 F7800
G1 X104.334 Y110.229
;TYPE:Perimeter
;WIDTH:0.449999
G1 F884.349
G1 X103.806 Y110.144 E.17011
G1 X103.219 Y109.963 E.19423
G1 X102.725 Y109.774 E.215
G1 X102.041 Y109.38 E.24599
G1 X101.477 Y108.943 E.274
G1 X100.754 Y108.142 E.31637
G1 X100.446 Y107.658 E.3389
G1 X100.188 Y107.195 E.35971
G1 X99.906 Y106.41 E.39246
G1 X99.728 Y105.348 E.43474
G1 X99.748 Y104.398 E.47205
G1 X99.876 Y103.696 E.50007
G1 X100.244 Y102.689 E.54217
G1 X100.442 Y102.329 E.5583
G1 X101.043 Y101.495 E.59866
G1 X101.432 Y101.121 E.61985
G1 X101.864 Y100.743 E.64239
G1 X102.302 Y100.453 E.66302
G1 X102.769 Y100.224 E.68344
G1 X103.271 Y100.003 E.70498
G1 X103.794 Y99.852 E.72635
G1 X104.582 Y99.74 E.7576
G1 X104.924 Y99.716 E.77106
G1 X105.812 Y99.778 E.80601
G1 X106.635 Y99.979 E.83927
G1 X107.217 Y100.224 E.86406
G1 X107.745 Y100.485 E.88719
G1 X108.456 Y101.006 E.9218
G1 X109.007 Y101.55 E.9522
G1 X109.533 Y102.281 E.98756
G1 X109.984 Y103.233 E1.02892
G1 X110.19 Y103.995 E1.05991
G1 X110.279 Y104.703 E1.08793
G1 X110.283 Y105.232 E1.1087
G1 X110.218 Y105.856 E1.13333
G1 X109.997 Y106.724 E1.1685
G1 X109.537 Y107.717 E1.21147
G1 X108.972 Y108.484 E1.24887
G1 X108.556 Y108.905 E1.27211
G1 X108.301 Y109.125 E1.28533
G1 X107.719 Y109.533 E1.31324
G1 X107.222 Y109.782 E1.33507
G1 X106.719 Y109.998 E1.35656
G1 X105.96 Y110.197 E1.38737
G1 X105.427 Y110.265 E1.40847
G1 X104.606 Y110.273 E1.44071
G1 X104.393 Y110.238 E1.44919
G1 X104.378 Y109.826 F7800
G1 F884.349
G1 X103.877 Y109.743 E1.46913
G1 X103.359 Y109.581 E1.49044
G1 X102.889 Y109.4 E1.51022
G1 X102.244 Y109.028 E1.53946
G1 X101.732 Y108.625 E1.56504
G1 X101.06 Y107.873 E1.60464
G1 X100.6 Y107.11 E1.63962
G1 X100.29 Y106.273 E1.67467
G1 X100.13 Y105.287 E1.71389
G1 X100.155 Y104.416 E1.7481
G1 X100.275 Y103.776 E1.77367
G1 X100.574 Y102.947 E1.80827
G1 X100.798 Y102.526 E1.82699
G1 X101.366 Y101.743 E1.86497
G1 X102.022 Y101.135 E1.90009
G1 X102.527 Y100.792 E1.92406
G1 X103.322 Y100.419 E1.95854
G1 X103.906 Y100.243 E1.98249
G1 X104.633 Y100.144 E2.0113
G1 X105.13 Y100.139 E2.03082
G1 X105.784 Y100.184 E2.05656
G1 X106.529 Y100.372 E2.08673
G1 X107.037 Y100.589 E2.10842
G1 X107.565 Y100.85 E2.13155
G1 X108.208 Y101.329 E2.16303
G1 X108.713 Y101.832 E2.19102
G1 X109.199 Y102.514 E2.2239
G1 X109.567 Y103.281 E2.2573
G1 X109.796 Y104.1 E2.29069
G1 X109.874 Y104.747 E2.31628
G1 X109.873 Y105.279 E2.33717
G1 X109.813 Y105.81 E2.35815
G1 X109.604 Y106.619 E2.39096
G1 X109.231 Y107.431 E2.42605
G1 X108.645 Y108.242 E2.46534
G1 X108.274 Y108.611 E2.48589
G1 X107.486 Y109.199 E2.5245
G1 X106.719 Y109.567 E2.5579
G1 X105.857 Y109.803 E2.59299
G1 X105.251 Y109.875 E2.61695
G1 X104.615 Y109.866 E2.64192
G1 X104.437 Y109.836 E2.64901
G1 X104.422 Y109.424 F7800
;TYPE:External perimeter
G1 F884.349
G1 X103.947 Y109.342 E2.66794
G1 X103.125 Y109.063 E2.70202
G1 X102.448 Y108.675 E2.73266
G1 X101.987 Y108.308 E2.7558
G1 X101.366 Y107.605 E2.79263
G1 X100.952 Y106.907 E2.82449
G1 X100.673 Y106.136 E2.85668
G1 X100.533 Y105.227 E2.89279
G1 X100.562 Y104.433 E2.92399
G1 X100.674 Y103.855 E2.94711
G1 X100.955 Y103.088 E2.97918
G1 X101.155 Y102.723 E2.99552
G1 X101.689 Y101.99 E3.03113
G1 X102.295 Y101.437 E3.06334
G1 X102.752 Y101.131 E3.08493
G1 X103.492 Y100.788 E3.11696
G1 X104.019 Y100.634 E3.13852
G1 X104.684 Y100.548 E3.16485
G1 X105.102 Y100.545 E3.18126
G1 X105.756 Y100.59 E3.207
G1 X106.424 Y100.765 E3.23411
G1 X107.385 Y101.215 E3.27578
G1 X107.961 Y101.652 E3.30417
G1 X108.419 Y102.113 E3.32969
G1 X108.866 Y102.748 E3.36018
G1 X109.198 Y103.453 E3.39078
G1 X109.403 Y104.206 E3.42142
G1 X109.47 Y104.791 E3.44454
G1 X109.424 Y105.632 E3.47761
G1 X109.21 Y106.514 E3.51325
G1 X108.863 Y107.257 E3.54545
G1 X108.318 Y108 E3.58163
G1 X107.887 Y108.419 E3.60523
G1 X107.252 Y108.866 E3.63572
G1 X106.547 Y109.198 E3.66632
G1 X105.754 Y109.41 E3.69855
G1 X105.208 Y109.47 E3.72012
G1 X104.624 Y109.459 E3.74305
G1 X104.481 Y109.434 E3.74875
G1 X104.087 Y109.366 F7800
G92 E0
G1 X97.687 Y110.148
;TYPE:Perimeter
G1 F884.349
G1 X97.267 Y109.523 E.02957
G1 X96.879 Y108.784 E.06234
G1 X96.58 Y108.064 E.09295
G1 X96.345 Y107.319 E.12362
G1 X96.176 Y106.556 E.1543
G1 X96.074 Y105.781 E.18499
G1 X96.041 Y105.011 E.21525
G1 X96.118 Y103.829 E.26176
G1 X96.334 Y102.731 E.3057
G1 X96.581 Y101.933 E.3385
G1 X96.88 Y101.213 E.36911
G1 X97.241 Y100.52 E.39979
G1 X97.655 Y99.87 E.43005
G1 X98.402 Y98.939 E.47692
G1 X98.947 Y98.394 E.50718
G1 X99.538 Y97.898 E.53747
G1 X100.477 Y97.267 E.58189
G1 X101.216 Y96.879 E.61466
G1 X101.936 Y96.581 E.64526
G1 X102.681 Y96.345 E.67594
G1 X103.444 Y96.176 E.70662
G1 X104.209 Y96.076 E.73691
G1 X105.34 Y96.048 E.78133
G1 X106.172 Y96.117 E.81411
G1 X106.939 Y96.253 E.8447
G1 X107.684 Y96.452 E.87498
G1 X108.796 Y96.885 E.92184
G1 X109.48 Y97.241 E.95212
G1 X110.139 Y97.661 E.9828
G1 X110.759 Y98.136 E1.01347
G1 X111.336 Y98.665 E1.04421
G1 X111.864 Y99.241 E1.07489
G1 X112.303 Y99.811 E1.10314
G1 X112.761 Y100.522 E1.13635
G1 X113.12 Y101.213 E1.16693
G1 X113.42 Y101.936 E1.19767
G1 X113.655 Y102.681 E1.22834
G1 X113.78 Y103.245 E1.25102
G1 X113.856 Y103.745 E1.27088
G1 X113.948 Y104.657 E1.30687
G1 X113.951 Y105.393 E1.33577
G1 X113.883 Y106.169 E1.36636
G1 X113.749 Y106.93 E1.3967
G1 X113.435 Y108.016 E1.44109
G1 X113.119 Y108.789 E1.47388
G1 X112.759 Y109.48 E1.50447
G1 X112.339 Y110.139 E1.53515
G1 X111.863 Y110.76 E1.56587
G1 X111.476 Y111.183 E1.58838
G1 X111.06 Y111.6 E1.61151
G1 X110.462 Y112.102 E1.64217
G1 X109.523 Y112.733 E1.68659
G1 X108.784 Y113.121 E1.71936
G1 X108.064 Y113.42 E1.74997
G1 X107.319 Y113.655 E1.78064
G1 X106.556 Y113.824 E1.81132
G1 X105.781 Y113.926 E1.84201
G1 X105.011 Y113.959 E1.87227
G1 X103.82 Y113.881 E1.91913
G1 X103.07 Y113.749 E1.94903
G1 X101.984 Y113.435 E1.99342
G1 X101.211 Y113.119 E2.02621
G1 X100.529 Y112.764 E2.0564
G1 X99.587 Y112.138 E2.10081
G1 X98.945 Y111.604 E2.1336
G1 X98.394 Y111.053 E2.1642
G1 X97.898 Y110.462 E2.19449
G1 X97.721 Y110.198 E2.20697
G1 X97.349 Y110.375 F7800
G1 F884.349
G1 X96.917 Y109.732 E2.23739
G1 X96.51 Y108.957 E2.27176
G1 X96.198 Y108.204 E2.30376
G1 X95.952 Y107.424 E2.33587
G1 X95.775 Y106.627 E2.36793
G1 X95.668 Y105.816 E2.40005
G1 X95.633 Y105.006 E2.43188
G1 X95.714 Y103.777 E2.48024
G1 X95.939 Y102.631 E2.5261
G1 X96.198 Y101.795 E2.56046
G1 X96.51 Y101.041 E2.5925
G1 X96.888 Y100.316 E2.6246
G1 X97.323 Y99.633 E2.65639
G1 X98.098 Y98.667 E2.70502
G1 X98.672 Y98.094 E2.73687
G1 X99.293 Y97.572 E2.76872
G1 X100.268 Y96.917 E2.81484
G1 X101.043 Y96.51 E2.84921
G1 X101.796 Y96.198 E2.88121
G1 X102.576 Y95.952 E2.91332
G1 X103.373 Y95.775 E2.94538
G1 X104.178 Y95.669 E2.97726
G1 X105.352 Y95.641 E3.02337
G1 X106.224 Y95.713 E3.05773
G1 X107.027 Y95.855 E3.08975
G1 X107.811 Y96.065 E3.12162
G1 X108.965 Y96.513 E3.17023
G1 X109.684 Y96.888 E3.20207
G1 X110.373 Y97.327 E3.23415
G1 X111.021 Y97.824 E3.26622
G1 X111.624 Y98.376 E3.29832
G1 X112.176 Y98.979 E3.33042
G1 X112.636 Y99.576 E3.36001
G1 X113.113 Y100.318 E3.39465
G1 X113.49 Y101.041 E3.42667
G1 X113.802 Y101.796 E3.45875
G1 X114.048 Y102.576 E3.49086
G1 X114.177 Y103.157 E3.51423
G1 X114.261 Y103.7 E3.5358
G1 X114.355 Y104.655 E3.57348
G1 X114.358 Y105.41 E3.60312
G1 X114.287 Y106.223 E3.63516
G1 X114.146 Y107.022 E3.66702
G1 X113.82 Y108.15 E3.71312
G1 X113.489 Y108.96 E3.74748
G1 X113.112 Y109.684 E3.77953
G1 X112.673 Y110.373 E3.81161
G1 X112.175 Y111.022 E3.84373
G1 X111.709 Y111.532 E3.87086
G1 X111.332 Y111.903 E3.89163
G1 X110.707 Y112.428 E3.92368
G1 X109.732 Y113.083 E3.9698
G1 X108.957 Y113.49 E4.00417
G1 X108.204 Y113.802 E4.03617
G1 X107.424 Y114.048 E4.06828
G1 X106.627 Y114.225 E4.10034
G1 X105.816 Y114.332 E4.13246
G1 X105.006 Y114.367 E4.16429
G1 X103.771 Y114.286 E4.21289
G1 X102.978 Y114.146 E4.24451
G1 X101.85 Y113.82 E4.29061
G1 X101.04 Y113.489 E4.32497
G1 X100.321 Y113.115 E4.35679
G1 X99.343 Y112.465 E4.4029
G1 X98.671 Y111.905 E4.43725
G1 X98.094 Y111.328 E4.46929
G1 X97.572 Y110.707 E4.50114
G1 X97.382 Y110.424 E4.51452
G1 X97.011 Y110.601 F7800
;TYPE:External perimeter
G1 F884.349
G1 X96.567 Y109.941 E4.54575
G1 X96.141 Y109.131 E4.58168
G1 X95.815 Y108.343 E4.61516
G1 X95.558 Y107.53 E4.64864
G1 X95.374 Y106.697 E4.68214
G1 X95.262 Y105.852 E4.71561
G1 X95.225 Y105.002 E4.74902
G1 X95.309 Y103.724 E4.79931
G1 X95.544 Y102.531 E4.84705
G1 X95.815 Y101.656 E4.88302
G1 X96.141 Y100.869 E4.91647
G1 X96.535 Y100.113 E4.94994
G1 X96.992 Y99.395 E4.98336
G1 X97.795 Y98.395 E5.03372
G1 X98.396 Y97.793 E5.06712
G1 X99.048 Y97.246 E5.10054
G1 X100.059 Y96.567 E5.14836
G1 X100.869 Y96.141 E5.18429
G1 X101.657 Y95.815 E5.21777
G1 X102.47 Y95.558 E5.25125
G1 X103.303 Y95.374 E5.28475
M73 P78 R7
G1 X104.146 Y95.263 E5.31814
G1 X105.364 Y95.233 E5.36598
G1 X106.276 Y95.309 E5.40191
M73 Q78 S7
G1 X107.116 Y95.457 E5.4354
G1 X107.937 Y95.677 E5.46877
G1 X109.133 Y96.142 E5.51915
G1 X109.887 Y96.535 E5.55254
G1 X110.607 Y96.993 E5.58605
G1 X111.283 Y97.512 E5.61951
G1 X111.912 Y98.088 E5.653
G1 X112.488 Y98.717 E5.68649
G1 X112.969 Y99.341 E5.71743
G1 X113.465 Y100.113 E5.75346
G1 X113.859 Y100.869 E5.78693
G1 X114.185 Y101.657 E5.82041
G1 X114.442 Y102.47 E5.85389
G1 X114.574 Y103.068 E5.87794
G1 X114.665 Y103.655 E5.90126
G1 X114.762 Y104.653 E5.94063
G1 X114.765 Y105.427 E5.97102
G1 X114.691 Y106.276 E6.00448
G1 X114.543 Y107.114 E6.03789
G1 X114.205 Y108.284 E6.08571
G1 X113.859 Y109.131 E6.12163
G1 X113.465 Y109.887 E6.1551
G1 X113.007 Y110.607 E6.18861
G1 X112.488 Y111.283 E6.22207
G1 X112.01 Y111.807 E6.24992
G1 X111.605 Y112.206 E6.27224
G1 X110.952 Y112.754 E6.30571
G1 X109.941 Y113.433 E6.35353
G1 X109.131 Y113.859 E6.38946
G1 X108.343 Y114.185 E6.42294
G1 X107.53 Y114.442 E6.45642
G1 X106.697 Y114.626 E6.48992
G1 X105.852 Y114.738 E6.52339
G1 X105.002 Y114.775 E6.5568
G1 X103.722 Y114.691 E6.60717
G1 X102.886 Y114.543 E6.64051
G1 X101.716 Y114.205 E6.68833
G1 X100.869 Y113.859 E6.72425
M73 P78 R6
G1 X100.114 Y113.466 E6.75767
G1 X99.1 Y112.792 E6.80548
G1 X98.396 Y112.206 E6.84145
G1 X97.793 Y111.604 E6.87491
G1 X97.246 Y110.952 E6.90833
G1 X97.044 Y110.651 E6.92256
G1 X96.821 Y110.318 F7800
;LAYER_CHANGE
;Z:10.55
;HEIGHT:0.2
G92 E0
G1 Z10.55 F7800
G1 X104.334 Y110.23
;TYPE:Perimeter
G1 F884.349
G1 X104.192 Y110.222 E.00558
G1 X103.276 Y109.997 E.04262
G1 X102.346 Y109.574 E.08274
G1 X101.832 Y109.233 E.10696
G1 X101.446 Y108.893 E.12716
G1 X101.047 Y108.512 E.14882
G1 X100.705 Y108.085 E.1703
G1 X100.247 Y107.314 E.20551
G1 X99.907 Y106.413 E.24332
G1 X99.728 Y105.347 E.28576
M73 Q78 S6
G1 X99.754 Y104.357 E.32465
G1 X99.909 Y103.652 E.35299
G1 X100.046 Y103.149 E.37346
G1 X100.485 Y102.255 E.41257
G1 X101.044 Y101.495 E.44961
G1 X101.461 Y101.078 E.47277
G1 X102.281 Y100.467 E.51292
G1 X102.78 Y100.217 E.53483
G1 X103.254 Y100.009 E.55515
G1 X103.79 Y99.853 E.57707
G1 X104.585 Y99.74 E.6086
G1 X105.134 Y99.731 E.63016
G1 X105.812 Y99.778 E.65685
G1 X106.635 Y99.979 E.69011
G1 X107.217 Y100.224 E.7149
G1 X107.745 Y100.485 E.73803
G1 X108.432 Y100.987 E.77144
G1 X108.943 Y101.483 E.7994
G1 X109.497 Y102.23 E.83592
G1 X109.936 Y103.109 E.8745
G1 X110.093 Y103.635 E.89605
G1 X110.218 Y104.148 E.91678
G1 X110.279 Y104.703 E.9387
G1 X110.222 Y105.808 E.98215
G1 X110.021 Y106.635 E1.01557
G1 X109.768 Y107.247 E1.04157
G1 X109.539 Y107.714 E1.06199
G1 X109.233 Y108.168 E1.08349
G1 X108.703 Y108.759 E1.11466
G1 X108.457 Y108.996 E1.12807
G1 X107.735 Y109.522 E1.16314
G1 X107.22 Y109.783 E1.18581
G1 X106.719 Y109.998 E1.20722
G1 X105.964 Y110.197 E1.23788
G1 X105.294 Y110.279 E1.26438
G1 X104.394 Y110.233 E1.29976
G1 X104.378 Y109.825 F7800
G1 F884.349
G1 X104.218 Y109.816 E1.30605
G1 X103.381 Y109.604 E1.33995
G1 X102.572 Y109.232 E1.37491
G1 X102.059 Y108.896 E1.39899
G1 X101.412 Y108.306 E1.43337
G1 X101.024 Y107.831 E1.45745
G1 X100.6 Y107.111 E1.49026
G1 X100.29 Y106.276 E1.52523
G1 X100.13 Y105.287 E1.56457
G1 X100.161 Y104.377 E1.60032
G1 X100.304 Y103.75 E1.62557
G1 X100.439 Y103.269 E1.64519
G1 X100.85 Y102.435 E1.6817
G1 X101.366 Y101.742 E1.71562
G1 X101.742 Y101.373 E1.73631
G1 X102.514 Y100.801 E1.77404
G1 X103.281 Y100.433 E1.80744
G1 X103.786 Y100.278 E1.82818
G1 X104.636 Y100.143 E1.86197
G1 X105.106 Y100.137 E1.88043
G1 X105.784 Y100.184 E1.90712
G1 X106.529 Y100.372 E1.93729
G1 X107.037 Y100.589 E1.95898
G1 X107.565 Y100.85 E1.98211
G1 X108.184 Y101.31 E2.01239
G1 X108.649 Y101.765 E2.03793
G1 X109.164 Y102.463 E2.07199
G1 X109.567 Y103.281 E2.10779
G1 X109.796 Y104.1 E2.14118
G1 X109.874 Y104.747 E2.16677
G1 X109.816 Y105.782 E2.20747
G1 X109.628 Y106.529 E2.23772
G1 X109.4 Y107.073 E2.26088
G1 X109.187 Y107.508 E2.2799
G1 X108.896 Y107.941 E2.30038
G1 X108.404 Y108.483 E2.32912
G1 X108.001 Y108.825 E2.34987
G1 X107.495 Y109.193 E2.37444
G1 X106.719 Y109.567 E2.40826
G1 X105.861 Y109.803 E2.4432
G1 X105.251 Y109.875 E2.46732
G1 X104.438 Y109.828 E2.4993
G1 X104.423 Y109.421 F7800
;TYPE:External perimeter
G1 F884.349
G1 X104.245 Y109.41 E2.5063
G1 X103.486 Y109.21 E2.53712
G1 X102.746 Y108.864 E2.56919
G1 X102.286 Y108.558 E2.59088
G1 X101.688 Y108.008 E2.62278
G1 X101.342 Y107.577 E2.64448
G1 X100.952 Y106.907 E2.67492
G1 X100.674 Y106.139 E2.70699
G1 X100.533 Y105.226 E2.74326
G1 X100.567 Y104.396 E2.77588
G1 X100.804 Y103.449 E2.81421
G1 X101.215 Y102.615 E2.85072
G1 X101.689 Y101.99 E2.88152
G1 X102.113 Y101.581 E2.90465
G1 X102.748 Y101.134 E2.93514
G1 X103.453 Y100.802 E2.96574
G1 X104.018 Y100.634 E2.98888
G1 X104.687 Y100.547 E3.01537
G1 X105.078 Y100.543 E3.03072
G1 X105.756 Y100.59 E3.05741
G1 X106.424 Y100.765 E3.08452
G1 X107.385 Y101.215 E3.12619
G1 X107.936 Y101.633 E3.15335
G1 X108.355 Y102.046 E3.17645
G1 X108.831 Y102.697 E3.20812
G1 X109.198 Y103.453 E3.24112
G1 X109.403 Y104.206 E3.27176
G1 X109.47 Y104.792 E3.29492
G1 X109.41 Y105.755 E3.33281
G1 X109.235 Y106.424 E3.35996
G1 X109.032 Y106.9 E3.38028
G1 X108.849 Y107.281 E3.39688
G1 X108.558 Y107.714 E3.41736
G1 X108.105 Y108.206 E3.44362
G1 X107.761 Y108.496 E3.46129
G1 X107.256 Y108.864 E3.48582
G1 X106.547 Y109.198 E3.51659
G1 X105.757 Y109.409 E3.5487
G1 X105.208 Y109.47 E3.57039
G1 X104.482 Y109.425 E3.59895
G1 X104.087 Y109.362 F7800
G92 E0
G1 X97.687 Y110.149
;TYPE:Perimeter
G1 F884.349
G1 X97.282 Y109.547 E.02849
G1 X96.878 Y108.784 E.06239
G1 X96.58 Y108.064 E.09299
G1 X96.345 Y107.319 E.12366
G1 X96.176 Y106.556 E.15434
G1 X96.074 Y105.781 E.18503
G1 X96.041 Y105.011 E.21529
G1 X96.118 Y103.829 E.2618
G1 X96.327 Y102.757 E.30468
G1 X96.582 Y101.932 E.33859
G1 X96.88 Y101.213 E.36915
G1 X97.241 Y100.52 E.39983
G1 X97.655 Y99.87 E.43009
G1 X98.402 Y98.939 E.47696
G1 X98.947 Y98.394 E.50722
G1 X99.539 Y97.898 E.53754
G1 X100.453 Y97.282 E.58082
G1 X101.216 Y96.878 E.61472
G1 X101.936 Y96.581 E.6453
G1 X102.681 Y96.345 E.67598
G1 X103.444 Y96.176 E.70666
G1 X104.21 Y96.075 E.737
G1 X105.312 Y96.048 E.78028
G1 X106.173 Y96.117 E.8142
G1 X106.939 Y96.253 E.84475
G1 X107.684 Y96.452 E.87503
G1 X108.796 Y96.885 E.92189
G1 X109.48 Y97.241 E.95217
G1 X110.139 Y97.661 E.98285
G1 X110.751 Y98.13 E1.01312
G1 X111.613 Y98.955 E1.05997
G1 X112.108 Y99.546 E1.09024
G1 X112.557 Y100.186 E1.12094
G1 X112.942 Y100.853 E1.15118
G1 X113.423 Y101.946 E1.19807
G1 X113.655 Y102.681 E1.22833
G1 X113.78 Y103.245 E1.25101
G1 X113.856 Y103.749 E1.27102
G1 X113.951 Y104.72 E1.30933
G1 X113.951 Y105.391 E1.33568
G1 X113.883 Y106.169 E1.36634
G1 X113.747 Y106.939 E1.39704
G1 X113.548 Y107.684 E1.42732
G1 X113.115 Y108.796 E1.47418
G1 X112.759 Y109.48 E1.50446
G1 X112.339 Y110.139 E1.53514
G1 X111.864 Y110.759 E1.56581
G1 X111.343 Y111.328 E1.5961
G1 X110.452 Y112.109 E1.64262
G1 X109.547 Y112.718 E1.68545
G1 X108.784 Y113.122 E1.71935
G1 X108.064 Y113.42 E1.74995
G1 X107.319 Y113.655 E1.78062
G1 X106.565 Y113.822 E1.81094
G1 X105.469 Y113.946 E1.85425
G1 X104.606 Y113.951 E1.88814
G1 X103.831 Y113.883 E1.91869
G1 X103.071 Y113.749 E1.94899
G1 X101.925 Y113.415 E1.99586
G1 X101.222 Y113.124 E2.02573
G1 X100.253 Y112.597 E2.06904
G1 X99.543 Y112.106 E2.10293
G1 X98.947 Y111.606 E2.13348
G1 X98.394 Y111.053 E2.16419
G1 X97.898 Y110.461 E2.19451
G1 X97.721 Y110.198 E2.20696
G1 X97.349 Y110.375 F7800
G1 F884.349
G1 X96.932 Y109.756 E2.23627
G1 X96.51 Y108.957 E2.27175
G1 X96.198 Y108.204 E2.30375
G1 X95.952 Y107.424 E2.33586
G1 X95.775 Y106.627 E2.36792
G1 X95.668 Y105.816 E2.40004
G1 X95.633 Y105.006 E2.43187
G1 X95.714 Y103.776 E2.48027
G1 X95.932 Y102.658 E2.52499
G1 X96.198 Y101.794 E2.56049
G1 X96.51 Y101.041 E2.59249
G1 X96.888 Y100.316 E2.62459
G1 X97.323 Y99.633 E2.65638
G1 X98.098 Y98.667 E2.70501
G1 X98.672 Y98.094 E2.73686
G1 X99.293 Y97.572 E2.76871
G1 X100.244 Y96.932 E2.81372
G1 X101.043 Y96.51 E2.8492
G1 X101.796 Y96.198 E2.8812
G1 X102.576 Y95.952 E2.91331
G1 X103.373 Y95.775 E2.94537
G1 X104.178 Y95.669 E2.97725
G1 X105.324 Y95.64 E3.02226
G1 X106.225 Y95.713 E3.05775
G1 X107.027 Y95.855 E3.08973
G1 X107.811 Y96.065 E3.1216
G1 X108.965 Y96.513 E3.17021
G1 X109.684 Y96.888 E3.20205
G1 X110.373 Y97.327 E3.23413
G1 X111.016 Y97.82 E3.26594
G1 X111.911 Y98.677 E3.31459
G1 X112.432 Y99.298 E3.34642
G1 X112.9 Y99.967 E3.37848
G1 X113.306 Y100.669 E3.41032
G1 X113.804 Y101.803 E3.45895
G1 X114.048 Y102.576 E3.49078
G1 X114.177 Y103.157 E3.51415
G1 X114.261 Y103.705 E3.53592
G1 X114.358 Y104.72 E3.57596
G1 X114.358 Y105.409 E3.60301
G1 X114.287 Y106.223 E3.63509
G1 X114.145 Y107.027 E3.66715
G1 X113.935 Y107.811 E3.69902
G1 X113.487 Y108.965 E3.74763
G1 X113.112 Y109.684 E3.77947
G1 X112.673 Y110.373 E3.81155
G1 X112.176 Y111.021 E3.84362
G1 X111.628 Y111.619 E3.87547
G1 X110.701 Y112.432 E3.92388
G1 X109.756 Y113.068 E3.96861
G1 X108.957 Y113.49 E4.00409
G1 X108.204 Y113.802 E4.03609
G1 X107.424 Y114.048 E4.0682
G1 X106.632 Y114.224 E4.10006
G1 X105.493 Y114.352 E4.14506
G1 X104.589 Y114.358 E4.18056
G1 X103.777 Y114.287 E4.21256
G1 X102.979 Y114.146 E4.24438
G1 X101.79 Y113.8 E4.293
G1 X101.046 Y113.492 E4.32462
G1 X100.04 Y112.944 E4.3696
G1 X99.296 Y112.43 E4.40511
G1 X98.672 Y111.906 E4.4371
G1 X98.094 Y111.328 E4.4692
G1 X97.572 Y110.707 E4.50105
G1 X97.382 Y110.425 E4.5144
G1 X97.01 Y110.601 F7800
;TYPE:External perimeter
G1 F884.349
G1 X96.582 Y109.965 E4.5445
G1 X96.141 Y109.13 E4.58158
G1 X95.815 Y108.343 E4.61503
G1 X95.558 Y107.53 E4.64851
G1 X95.374 Y106.697 E4.68201
G1 X95.262 Y105.852 E4.71548
G1 X95.225 Y105.002 E4.74889
G1 X95.309 Y103.724 E4.79918
G1 X95.537 Y102.559 E4.84579
G1 X95.815 Y101.656 E4.88289
G1 X96.141 Y100.869 E4.91634
G1 X96.535 Y100.113 E4.94981
G1 X96.992 Y99.395 E4.98323
G1 X97.795 Y98.395 E5.03359
G1 X98.396 Y97.793 E5.06699
G1 X99.048 Y97.246 E5.10041
G1 X100.035 Y96.582 E5.14712
G1 X100.87 Y96.141 E5.1842
G1 X101.657 Y95.815 E5.21765
G1 X102.47 Y95.558 E5.25113
G1 X103.303 Y95.374 E5.28463
G1 X104.146 Y95.263 E5.31802
G1 X105.335 Y95.233 E5.36472
G1 X106.277 Y95.309 E5.40183
G1 X107.116 Y95.457 E5.43528
G1 X107.937 Y95.677 E5.46865
G1 X109.133 Y96.142 E5.51903
G1 X109.887 Y96.535 E5.55242
G1 X110.607 Y96.993 E5.58593
M73 P79 R6
G1 X111.282 Y97.511 E5.61934
G1 X112.208 Y98.398 E5.66969
G1 X112.755 Y99.05 E5.70311
M73 Q79 S6
G1 X113.244 Y99.748 E5.73657
G1 X113.669 Y100.485 E5.76997
G1 X114.186 Y101.659 E5.82034
G1 X114.442 Y102.47 E5.85373
G1 X114.626 Y103.301 E5.88715
G1 X114.765 Y104.72 E5.94313
G1 X114.765 Y105.426 E5.97085
G1 X114.691 Y106.276 E6.00435
G1 X114.543 Y107.116 E6.03784
G1 X114.323 Y107.937 E6.07121
G1 X113.858 Y109.133 E6.12159
G1 X113.465 Y109.887 E6.15498
G1 X113.007 Y110.607 E6.18849
G1 X112.488 Y111.283 E6.22195
G1 X111.913 Y111.91 E6.25535
G1 X110.95 Y112.755 E6.30565
G1 X109.965 Y113.418 E6.35227
G1 X109.13 Y113.859 E6.38935
G1 X108.343 Y114.185 E6.4228
G1 X107.53 Y114.442 E6.45628
G1 X106.699 Y114.626 E6.4897
G1 X105.517 Y114.759 E6.5364
G1 X104.573 Y114.765 E6.57347
G1 X103.724 Y114.691 E6.60693
G1 X102.886 Y114.543 E6.64034
G1 X101.655 Y114.184 E6.69069
G1 X100.871 Y113.86 E6.724
G1 X99.826 Y113.291 E6.77072
G1 X99.049 Y112.754 E6.80781
G1 X98.396 Y112.207 E6.84126
G1 X97.793 Y111.604 E6.87474
G1 X97.246 Y110.952 E6.90816
G1 X97.044 Y110.651 E6.92239
G1 X96.82 Y110.319 F7800
G92 E0
G1 X100.038 Y110.025
;TYPE:Internal infill
;WIDTH:0.45
;HEIGHT:0.4
G1 F494.289
G1 X103.199 Y110.292 E.22285
G1 X104.03 Y110.51 E.2832
G1 X104.539 Y110.575 E.31925
G1 X105.244 Y110.589 E.36879
G1 X105.95 Y110.513 E.41867
G1 X106.862 Y110.275 E.48488
G1 X107.871 Y109.799 E.56325
G1 X108.596 Y109.286 E.62564
G1 X109.128 Y108.777 E.67736
G1 X109.834 Y107.815 E.76119
G1 X110.261 Y106.904 E.83187
G1 X110.51 Y105.973 E.89957
G1 X110.589 Y104.745 E.98601
G1 X110.499 Y103.975 E1.04047
G1 X110.215 Y102.984 E1.11289
G1 X109.786 Y102.109 E1.18135
G1 X109.286 Y101.404 E1.24207
G1 X108.779 Y100.875 E1.29354
G1 X108.005 Y100.281 E1.36208
G1 X106.94 Y99.752 E1.44562
G1 X105.971 Y99.49 E1.51614
G1 X104.688 Y99.419 E1.60641
G1 X103.716 Y99.556 E1.67537
G1 X102.827 Y99.862 E1.74142
G1 X102.466 Y98.998 E1.8072
G1 X101.532 Y99.278 E1.8757
G92 E0
G1 X97.222 Y101.91 F7800
G1 F494.289
G1 X96.963 Y101.809 E.01953
G1 X96.628 Y102.82 E.09435
G1 X96.421 Y103.869 E.16946
G1 X96.346 Y105.014 E.25007
G1 X96.379 Y105.754 E.30211
G1 X97.308 Y105.909 E.36827
G1 X97.576 Y106.085 E.39079
G92 E0
G1 X103.891 Y110.479 F7800
G1 F494.289
G1 X105.716 Y112.22 E.17719
G92 E0
G1 X109.842 Y110.543 F7800
G1 F494.289
G1 X109.878 Y110.588 E.00405
G1 X110.231 Y110.581 E.02885
G1 X110.883 Y111.325 E.09835
G1 X111.63 Y110.563 E.17331
G1 X112.089 Y109.964 E.22632
G1 X112.837 Y108.67 E.33132
G1 X113.193 Y107.754 E.40036
G1 X113.451 Y106.861 E.46566
G1 X113.58 Y106.13 E.51781
G1 X113.642 Y104.602 E.62524
G1 X113.52 Y103.483 E.70432
G1 X113.359 Y102.76 E.75635
G1 X113.137 Y102.054 E.80834
G1 X112.405 Y100.534 E.92686
G1 X111.502 Y99.298 E1.03439
G1 X110.552 Y98.362 E1.12808
G1 X109.964 Y97.911 E1.18014
G1 X108.67 Y97.163 E1.28514
G1 X107.589 Y96.743 E1.36661
G1 X106.873 Y96.551 E1.41869
G1 X106.675 Y96.516 E1.43282
G1 X106.633 Y96.787 E1.45208
;LAYER_CHANGE
;Z:10.75
;HEIGHT:0.2
G92 E0
G1 Z10.75 F7800
G1 X104.334 Y110.225
;TYPE:Perimeter
;WIDTH:0.449999
G1 F884.349
G1 X103.736 Y110.131 E.02377
G1 X103.167 Y109.944 E.04729
G1 X102.682 Y109.75 E.0678
G1 X102.01 Y109.358 E.09835
G1 X101.475 Y108.941 E.12498
G1 X100.752 Y108.139 E.16738
G1 X100.454 Y107.672 E.18913
G1 X100.197 Y107.215 E.20972
G1 X99.908 Y106.417 E.24304
G1 X99.728 Y105.347 E.28564
G1 X99.754 Y104.36 E.32441
G1 X99.876 Y103.693 E.35103
G1 X100.172 Y102.847 E.38622
G1 X100.446 Y102.324 E.4094
G1 X101.043 Y101.495 E.44951
G1 X101.879 Y100.736 E.49385
G1 X102.328 Y100.454 E.51467
G1 X102.785 Y100.197 E.53526
G1 X103.748 Y99.866 E.57524
G1 X104.587 Y99.739 E.60856
G1 X105.143 Y99.732 E.63039
G1 X105.812 Y99.778 E.65672
G1 X106.635 Y99.979 E.68998
G1 X107.217 Y100.224 E.71477
G1 X107.745 Y100.485 E.7379
G1 X108.46 Y101.009 E.77271
G1 X108.844 Y101.399 E.7942
G1 X109.264 Y101.879 E.81924
G1 X109.546 Y102.328 E.84006
G1 X109.803 Y102.785 E.86065
G1 X110.082 Y103.547 E.89251
G1 X110.273 Y104.659 E.93681
G1 X110.263 Y105.189 E.95762
G1 X110.222 Y105.809 E.98202
G1 X110.021 Y106.635 E1.0154
G1 X109.768 Y107.248 E1.04144
G1 X109.54 Y107.711 E1.0617
G1 X109.234 Y108.168 E1.08329
G1 X108.731 Y108.729 E1.11288
G1 X108.212 Y109.193 E1.14021
G1 X107.609 Y109.582 E1.16839
G1 X107.174 Y109.82 E1.18786
G1 X106.654 Y110.022 E1.20976
G1 X105.838 Y110.215 E1.24268
G1 X104.959 Y110.277 E1.27728
G1 X104.622 Y110.271 E1.29051
G1 X104.394 Y110.235 E1.29957
G1 X104.379 Y109.82 F7800
G1 F884.349
G1 X103.8 Y109.729 E1.32258
G1 X102.887 Y109.399 E1.3607
G1 X102.215 Y109.007 E1.39125
G1 X101.731 Y108.624 E1.41548
G1 X101.058 Y107.871 E1.45513
G1 X100.655 Y107.206 E1.48566
G1 X100.422 Y106.644 E1.50955
G1 X100.262 Y106.164 E1.52942
G1 X100.129 Y105.277 E1.56464
G1 X100.16 Y104.38 E1.59988
G1 X100.275 Y103.774 E1.6241
G1 X100.555 Y102.986 E1.65694
G1 X100.802 Y102.52 E1.67765
G1 X101.366 Y101.742 E1.71538
G1 X102.129 Y101.058 E1.75561
G1 X102.794 Y100.655 E1.78614
G1 X103.321 Y100.441 E1.80847
G1 X103.879 Y100.252 E1.8316
G1 X104.638 Y100.143 E1.86171
G1 X105.115 Y100.138 E1.88044
G1 X105.784 Y100.184 E1.90677
G1 X106.529 Y100.372 E1.93694
G1 X107.037 Y100.589 E1.95863
G1 X107.565 Y100.85 E1.98176
G1 X108.213 Y101.332 E2.01347
G1 X108.942 Y102.129 E2.05588
G1 X109.345 Y102.794 E2.08641
G1 X109.583 Y103.365 E2.1107
G1 X109.73 Y103.802 E2.1288
G1 X109.871 Y104.721 E2.16531
G1 X109.816 Y105.782 E2.20703
G1 X109.628 Y106.529 E2.23728
G1 X109.4 Y107.074 E2.26048
G1 X109.189 Y107.505 E2.27932
G1 X108.896 Y107.941 E2.29995
G1 X108.432 Y108.453 E2.32708
G1 X107.958 Y108.875 E2.352
G1 X107.406 Y109.23 E2.37777
G1 X107.026 Y109.44 E2.39482
G1 X106.506 Y109.643 E2.41674
G1 X105.75 Y109.818 E2.44721
G1 X104.943 Y109.87 E2.47896
G1 X104.438 Y109.826 E2.49886
G1 X104.423 Y109.415 F7800
;TYPE:External perimeter
G1 F884.349
G1 X103.863 Y109.327 E2.52112
G1 X103.125 Y109.063 E2.5519
G1 X102.42 Y108.655 E2.58388
G1 X101.986 Y108.308 E2.6057
G1 X101.364 Y107.602 E2.64264
G1 X101.008 Y107.003 E2.67
G1 X100.805 Y106.507 E2.69104
G1 X100.665 Y106.103 E2.70783
G1 X100.531 Y105.217 E2.74301
G1 X100.567 Y104.399 E2.77516
G1 X100.674 Y103.854 E2.79697
G1 X100.938 Y103.125 E2.82741
G1 X101.219 Y102.607 E2.85055
G1 X101.689 Y101.99 E2.881
G1 X102.398 Y101.364 E2.91814
G1 X102.997 Y101.008 E2.9455
G1 X104.01 Y100.637 E2.98786
G1 X104.69 Y100.547 E3.01479
G1 X105.389 Y100.565 E3.04225
G1 X105.884 Y100.621 E3.06181
G1 X106.514 Y100.79 E3.08742
G1 X107.385 Y101.215 E3.12547
G1 X107.965 Y101.655 E3.15406
G1 X108.636 Y102.398 E3.19337
G1 X108.992 Y102.997 E3.22073
G1 X109.327 Y103.864 E3.25723
G1 X109.469 Y104.783 E3.29374
G1 X109.41 Y105.755 E3.33198
G1 X109.235 Y106.424 E3.35913
G1 X108.851 Y107.278 E3.3959
G1 X108.558 Y107.714 E3.41653
G1 X108.133 Y108.176 E3.44118
G1 X107.704 Y108.556 E3.46368
G1 X106.879 Y109.061 E3.50166
G1 X106.358 Y109.263 E3.5236
G1 X105.662 Y109.42 E3.55161
G1 X104.928 Y109.463 E3.58048
G1 X104.483 Y109.423 E3.59802
G1 X104.087 Y109.362 F7800
G92 E0
G1 X97.687 Y110.149
;TYPE:Perimeter
G1 F884.349
G1 X97.332 Y109.623 E.02492
G1 X97.061 Y109.152 E.04626
G1 X96.577 Y108.054 E.09338
G1 X96.345 Y107.319 E.12364
G1 X96.176 Y106.556 E.15432
G1 X96.074 Y105.781 E.18501
G1 X96.041 Y105.011 E.21527
G1 X96.118 Y103.828 E.26182
G1 X96.309 Y102.846 E.3011
G1 X96.45 Y102.322 E.32241
G1 X96.885 Y101.204 E.36951
G1 X97.241 Y100.52 E.39979
G1 X97.655 Y99.87 E.43005
G1 X98.402 Y98.939 E.47692
G1 X98.947 Y98.394 E.50718
G1 X99.539 Y97.897 E.53753
G1 X100.377 Y97.332 E.57721
G1 X100.848 Y97.061 E.59855
G1 X101.946 Y96.577 E.64567
G1 X102.681 Y96.345 E.67593
G1 X103.444 Y96.176 E.70661
G1 X104.211 Y96.075 E.73699
G1 X105.221 Y96.049 E.77666
G1 X105.764 Y96.073 E.798
G1 X106.95 Y96.255 E.84511
G1 X107.684 Y96.452 E.87495
G1 X108.796 Y96.885 E.92181
G1 X109.48 Y97.241 E.95209
G1 X110.139 Y97.661 E.98277
G1 X110.761 Y98.137 E1.01352
G1 X111.219 Y98.555 E1.03787
G1 X111.602 Y98.942 E1.05925
G1 X112.103 Y99.539 E1.08985
G1 X112.668 Y100.377 E1.12953
G1 X112.939 Y100.848 E1.15087
G1 X113.423 Y101.946 E1.19799
G1 X113.655 Y102.681 E1.22825
G1 X113.821 Y103.433 E1.25849
G1 X113.951 Y104.72 E1.30928
G1 X113.951 Y105.391 E1.33563
G1 X113.883 Y106.169 E1.36629
G1 X113.747 Y106.939 E1.39699
G1 X113.548 Y107.684 E1.42727
G1 X113.115 Y108.796 E1.47413
G1 X112.759 Y109.48 E1.50441
G1 X112.339 Y110.139 E1.53509
G1 X111.863 Y110.761 E1.56584
G1 X111.446 Y111.219 E1.59016
G1 X111.058 Y111.602 E1.61157
G1 X110.463 Y112.101 E1.64206
G1 X109.47 Y112.765 E1.68896
G1 X108.787 Y113.12 E1.71918
G1 X108.064 Y113.42 E1.74992
M73 P80 R6
G1 X107.319 Y113.655 E1.78059
G1 X106.556 Y113.824 E1.81127
G1 X105.781 Y113.926 E1.84196
G1 X105.011 Y113.959 E1.87222
M73 Q80 S6
G1 X103.82 Y113.881 E1.91908
G1 X103.071 Y113.749 E1.94894
G1 X101.925 Y113.415 E1.99581
G1 X101.213 Y113.12 E2.02607
G1 X100.53 Y112.765 E2.05629
G1 X99.537 Y112.101 E2.10319
G1 X98.947 Y111.606 E2.13343
G1 X98.394 Y111.053 E2.16414
G1 X97.897 Y110.461 E2.19449
G1 X97.72 Y110.199 E2.2069
G1 X97.348 Y110.375 F7800
G1 F884.349
G1 X96.942 Y109.774 E2.23538
G1 X96.696 Y109.334 E2.25517
G1 X96.196 Y108.197 E2.30394
G1 X95.952 Y107.424 E2.33577
G1 X95.775 Y106.627 E2.36783
G1 X95.668 Y105.816 E2.39995
G1 X95.633 Y105.006 E2.43178
G1 X95.714 Y103.776 E2.48018
G1 X95.927 Y102.678 E2.5241
G1 X96.063 Y102.193 E2.54388
G1 X96.513 Y101.035 E2.59266
G1 X96.888 Y100.316 E2.6245
G1 X97.323 Y99.633 E2.65629
G1 X98.098 Y98.667 E2.70492
G1 X98.672 Y98.094 E2.73677
G1 X99.294 Y97.572 E2.76865
G1 X100.226 Y96.942 E2.81282
G1 X100.666 Y96.696 E2.83261
G1 X101.803 Y96.196 E2.88138
G1 X102.576 Y95.952 E2.91321
G1 X103.373 Y95.775 E2.94527
G1 X104.179 Y95.669 E2.97719
G1 X105.303 Y95.639 E3.02134
G1 X105.806 Y95.667 E3.04112
G1 X107.034 Y95.856 E3.0899
G1 X107.811 Y96.065 E3.12149
G1 X108.965 Y96.513 E3.1701
G1 X109.684 Y96.888 E3.20194
G1 X110.373 Y97.327 E3.23402
G1 X111.022 Y97.825 E3.26614
G1 X111.543 Y98.298 E3.29377
G1 X111.904 Y98.669 E3.3141
G1 X112.428 Y99.294 E3.34612
G1 X113.058 Y100.226 E3.39029
G1 X113.304 Y100.666 E3.41008
G1 X113.804 Y101.803 E3.45885
G1 X114.048 Y102.576 E3.49068
G1 X114.224 Y103.367 E3.5225
G1 X114.358 Y104.72 E3.57588
G1 X114.358 Y105.409 E3.60293
G1 X114.287 Y106.223 E3.63501
G1 X114.145 Y107.027 E3.66707
G1 X113.935 Y107.811 E3.69894
G1 X113.487 Y108.965 E3.74755
G1 X113.112 Y109.684 E3.77939
G1 X112.673 Y110.373 E3.81147
G1 X112.175 Y111.022 E3.84359
G1 X111.702 Y111.543 E3.87122
G1 X111.331 Y111.904 E3.89155
G1 X110.707 Y112.427 E3.92352
G1 X109.678 Y113.115 E3.97212
G1 X108.959 Y113.49 E4.00396
G1 X108.204 Y113.802 E4.03604
G1 X107.424 Y114.048 E4.06815
G1 X106.627 Y114.225 E4.10021
G1 X105.816 Y114.332 E4.13233
G1 X105.006 Y114.367 E4.16416
G1 X103.771 Y114.286 E4.21276
G1 X102.979 Y114.146 E4.24434
G1 X101.79 Y113.8 E4.29296
G1 X101.041 Y113.49 E4.32479
G1 X100.322 Y113.115 E4.35663
G1 X99.292 Y112.427 E4.40526
G1 X98.672 Y111.906 E4.43706
G1 X98.094 Y111.328 E4.46916
G1 X97.572 Y110.706 E4.50104
G1 X97.382 Y110.425 E4.51436
G1 X97.01 Y110.601 F7800
;TYPE:External perimeter
G1 F884.349
G1 X96.596 Y109.988 E4.5434
G1 X96.331 Y109.516 E4.56465
G1 X95.814 Y108.341 E4.61505
G1 X95.558 Y107.53 E4.64844
G1 X95.374 Y106.697 E4.68194
G1 X95.262 Y105.852 E4.71541
G1 X95.225 Y105.002 E4.74882
G1 X95.309 Y103.723 E4.79915
G1 X95.53 Y102.584 E4.84471
G1 X95.677 Y102.064 E4.86593
G1 X96.142 Y100.867 E4.91635
G1 X96.535 Y100.113 E4.94974
G1 X96.992 Y99.395 E4.98316
G1 X97.795 Y98.395 E5.03352
G1 X98.396 Y97.793 E5.06692
G1 X99.048 Y97.246 E5.10034
G1 X100.012 Y96.596 E5.14599
G1 X100.484 Y96.331 E5.16724
G1 X101.659 Y95.814 E5.21764
G1 X102.47 Y95.558 E5.25103
G1 X103.303 Y95.374 E5.28453
G1 X104.147 Y95.263 E5.31795
G1 X105.309 Y95.232 E5.36359
G1 X105.849 Y95.262 E5.38483
G1 X107.118 Y95.457 E5.43524
G1 X107.937 Y95.677 E5.46854
G1 X109.133 Y96.142 E5.51892
G1 X109.887 Y96.535 E5.55231
G1 X110.607 Y96.993 E5.58582
G1 X111.283 Y97.512 E5.61928
G1 X111.825 Y98.005 E5.64805
G1 X112.206 Y98.395 E5.66946
G1 X112.754 Y99.048 E5.70293
G1 X113.404 Y100.012 E5.74858
G1 X113.669 Y100.484 E5.76983
G1 X114.186 Y101.659 E5.82023
G1 X114.442 Y102.47 E5.85362
G1 X114.626 Y103.301 E5.88704
G1 X114.765 Y104.72 E5.94302
G1 X114.765 Y105.426 E5.97074
G1 X114.691 Y106.276 E6.00424
G1 X114.543 Y107.116 E6.03773
G1 X114.323 Y107.937 E6.0711
G1 X113.858 Y109.133 E6.12148
G1 X113.465 Y109.887 E6.15487
G1 X113.007 Y110.607 E6.18838
G1 X112.488 Y111.283 E6.22184
G1 X111.995 Y111.825 E6.25061
G1 X111.605 Y112.206 E6.27202
G1 X110.952 Y112.754 E6.30549
G1 X109.885 Y113.466 E6.35586
G1 X109.131 Y113.859 E6.38925
G1 X108.343 Y114.185 E6.42273
G1 X107.53 Y114.442 E6.45621
G1 X106.697 Y114.626 E6.48971
G1 X105.852 Y114.738 E6.52318
G1 X105.002 Y114.775 E6.55659
G1 X103.722 Y114.691 E6.60696
G1 X102.886 Y114.543 E6.6403
G1 X101.655 Y114.184 E6.69065
G1 X100.869 Y113.859 E6.72405
G1 X100.114 Y113.466 E6.75747
G1 X99.048 Y112.753 E6.80783
G1 X98.396 Y112.207 E6.84122
G1 X97.793 Y111.604 E6.8747
G1 X97.246 Y110.952 E6.90812
G1 X97.043 Y110.651 E6.92238
G1 X96.82 Y110.319 F7800
;LAYER_CHANGE
;Z:10.95
;HEIGHT:0.2
G92 E0
G1 Z10.95 F7800
G1 X104.334 Y110.231
;TYPE:Perimeter
G1 F884.349
G1 X104.192 Y110.222 E.00559
G1 X103.276 Y109.997 E.04263
G1 X102.772 Y109.779 E.06419
G1 X102.299 Y109.545 E.08491
G1 X101.737 Y109.135 E.11222
G1 X101.349 Y108.82 E.13184
G1 X100.736 Y108.121 E.16834
G1 X100.466 Y107.693 E.18821
G1 X100.197 Y107.215 E.20975
G1 X99.909 Y106.42 E.24295
G1 X99.726 Y105.338 E.28604
G1 X99.753 Y104.364 E.3243
G1 X99.876 Y103.694 E.35105
G1 X100.172 Y102.847 E.38628
G1 X100.446 Y102.324 E.40946
G1 X101.043 Y101.495 E.44957
G1 X101.712 Y100.861 E.48576
G1 X102.201 Y100.52 E.50917
G1 X102.751 Y100.232 E.53355
G1 X103.21 Y100.024 E.55334
G1 X103.793 Y99.852 E.57721
G1 X104.59 Y99.738 E.60882
G1 X105.119 Y99.731 E.62959
G1 X105.811 Y99.778 E.65682
G1 X106.665 Y99.987 E.69134
G1 X106.911 Y100.073 E.70157
G1 X107.745 Y100.485 E.73809
G1 X108.456 Y101.006 E.7727
G1 X109.007 Y101.55 E.8031
G1 X109.602 Y102.394 E.84365
G1 X109.936 Y103.109 E.87464
G1 X110.09 Y103.628 E.8959
G1 X110.223 Y104.178 E.91812
G1 X110.279 Y104.705 E.93893
G1 X110.222 Y105.808 E.9823
G1 X110.021 Y106.635 E1.01572
G1 X109.767 Y107.249 E1.04181
G1 X109.542 Y107.709 E1.06192
G1 X109.234 Y108.168 E1.08362
G1 X108.748 Y108.711 E1.11223
G1 X108.462 Y108.992 E1.12797
G1 X107.735 Y109.522 E1.1633
G1 X107.228 Y109.779 E1.18562
G1 X106.767 Y109.984 E1.20543
G1 X105.971 Y110.195 E1.23776
G1 X105.425 Y110.265 E1.25937
G1 X105.12 Y110.283 E1.27137
G1 X104.394 Y110.235 E1.29994
G1 X104.378 Y109.825 F7800
G1 F884.349
G1 X104.218 Y109.816 E1.30623
G1 X103.381 Y109.604 E1.34013
G1 X102.606 Y109.252 E1.37355
G1 X101.978 Y108.807 E1.40377
G1 X101.655 Y108.552 E1.41993
G1 X101.042 Y107.853 E1.45643
G1 X100.654 Y107.204 E1.48612
G1 X100.422 Y106.643 E1.50996
G1 X100.263 Y106.167 E1.52967
G1 X100.129 Y105.277 E1.56501
G1 X100.16 Y104.383 E1.60013
G1 X100.275 Y103.774 E1.62446
G1 X100.555 Y102.986 E1.6573
G1 X100.802 Y102.52 E1.67801
G1 X101.366 Y101.743 E1.71571
G1 X101.987 Y101.161 E1.74913
G1 X102.427 Y100.858 E1.77011
G1 X102.922 Y100.602 E1.79199
G1 X103.384 Y100.394 E1.81188
G1 X103.906 Y100.243 E1.83322
G1 X104.641 Y100.142 E1.86235
G1 X105.091 Y100.137 E1.88002
G1 X105.783 Y100.184 E1.90725
G1 X106.559 Y100.38 E1.93868
G1 X107.565 Y100.85 E1.98228
G1 X108.208 Y101.329 E2.01376
G1 X108.713 Y101.832 E2.04175
G1 X109.199 Y102.514 E2.07463
G1 X109.567 Y103.281 E2.10803
G1 X109.802 Y104.133 E2.14273
G1 X109.875 Y104.749 E2.16709
G1 X109.816 Y105.782 E2.20772
G1 X109.628 Y106.529 E2.23797
G1 X109.399 Y107.075 E2.26122
G1 X109.19 Y107.502 E2.27989
G1 X108.896 Y107.941 E2.30064
G1 X108.222 Y108.663 E2.33942
G1 X107.495 Y109.193 E2.37475
G1 X106.719 Y109.567 E2.40857
G1 X105.867 Y109.802 E2.44327
G1 X105.251 Y109.875 E2.46763
G1 X104.438 Y109.828 E2.49961
G1 X104.423 Y109.421 F7800
;TYPE:External perimeter
G1 F884.349
G1 X104.245 Y109.41 E2.50661
G1 X103.486 Y109.21 E2.53743
G1 X102.778 Y108.884 E2.56803
G1 X101.961 Y108.283 E2.60785
G1 X101.348 Y107.584 E2.64435
G1 X101.006 Y107 E2.67092
G1 X100.666 Y106.106 E2.70848
G1 X100.531 Y105.217 E2.74379
G1 X100.566 Y104.403 E2.77578
G1 X100.674 Y103.854 E2.79775
G1 X100.938 Y103.125 E2.82819
G1 X101.219 Y102.607 E2.85133
G1 X101.689 Y101.99 E2.88178
G1 X102.262 Y101.461 E2.9124
G1 X102.751 Y101.132 E2.93554
G1 X103.483 Y100.791 E2.96725
G1 X104.019 Y100.634 E2.98918
G1 X104.692 Y100.546 E3.01583
G1 X105.392 Y100.565 E3.04333
G1 X105.884 Y100.621 E3.06277
G1 X106.514 Y100.79 E3.08838
G1 X107.385 Y101.215 E3.12643
G1 X107.961 Y101.652 E3.15482
G1 X108.419 Y102.113 E3.18034
G1 X108.866 Y102.748 E3.21083
G1 X109.198 Y103.453 E3.24143
G1 X109.408 Y104.237 E3.2733
G1 X109.47 Y104.792 E3.29523
G1 X109.41 Y105.755 E3.33312
G1 X109.235 Y106.424 E3.36027
G1 X108.852 Y107.275 E3.39691
G1 X108.558 Y107.714 E3.41766
G1 X108.15 Y108.159 E3.44137
G1 X107.789 Y108.475 E3.46021
G1 X107.256 Y108.864 E3.48612
G1 X106.547 Y109.198 E3.51689
G1 X105.763 Y109.408 E3.54876
G1 X105.208 Y109.47 E3.57069
G1 X104.482 Y109.425 E3.59925
G1 X104.087 Y109.362 F7800
G92 E0
G1 X97.686 Y110.149
;TYPE:Perimeter
G1 F884.349
G1 X97.346 Y109.646 E.02384
G1 X97.06 Y109.152 E.04625
G1 X96.577 Y108.054 E.09335
G1 X96.345 Y107.319 E.12361
G1 X96.178 Y106.564 E.15397
G1 X96.065 Y105.586 E.19263
G1 X96.04 Y105.016 E.21503
G1 X96.118 Y103.828 E.26178
G1 X96.302 Y102.873 E.29997
G1 X96.45 Y102.321 E.32241
G1 X96.885 Y101.204 E.36948
G1 X97.241 Y100.52 E.39976
G1 X97.656 Y99.868 E.43011
G1 X98.268 Y99.097 E.46876
G1 X98.653 Y98.676 E.49116
G1 X99.555 Y97.885 E.53827
G1 X100.188 Y97.442 E.56861
G1 X100.746 Y97.116 E.59398
G1 X101.208 Y96.882 E.61431
G1 X101.936 Y96.581 E.64524
G1 X102.681 Y96.345 E.67592
G1 X103.444 Y96.176 E.7066
G1 X104.211 Y96.075 E.73698
G1 X105.194 Y96.048 E.77559
G1 X105.765 Y96.073 E.79803
G1 X106.95 Y96.255 E.8451
G1 X107.694 Y96.455 E.87535
G1 X108.419 Y96.718 E.90563
G1 X109.489 Y97.247 E.9525
G1 X110.139 Y97.661 E.98276
G1 X110.759 Y98.136 E1.01343
G1 X111.336 Y98.665 E1.04417
G1 X111.864 Y99.241 E1.07485
G1 X112.339 Y99.861 E1.10552
G1 X112.759 Y100.52 E1.1362
G1 X113.12 Y101.213 E1.16688
G1 X113.42 Y101.936 E1.19762
G1 X113.655 Y102.681 E1.22829
G1 X113.786 Y103.274 E1.25214
G1 X113.86 Y103.786 E1.27245
G1 X113.951 Y104.72 E1.3093
G1 X113.951 Y105.391 E1.33565
G1 X113.883 Y106.169 E1.36631
G1 X113.747 Y106.939 E1.39701
G1 X113.548 Y107.684 E1.42729
G1 X113.115 Y108.796 E1.47415
G1 X112.759 Y109.48 E1.50443
G1 X112.339 Y110.139 E1.53511
G1 X111.862 Y110.761 E1.56589
G1 X111.428 Y111.24 E1.59127
G1 X111.057 Y111.602 E1.61162
G1 X110.463 Y112.101 E1.64208
G1 X109.47 Y112.765 E1.68898
G1 X108.787 Y113.12 E1.7192
G1 X108.064 Y113.42 E1.74994
G1 X107.319 Y113.655 E1.78061
G1 X106.556 Y113.824 E1.81129
G1 X105.781 Y113.926 E1.84198
G1 X105.011 Y113.959 E1.87224
G1 X103.82 Y113.881 E1.9191
G1 X103.071 Y113.749 E1.94896
G1 X101.925 Y113.415 E1.99583
G1 X101.213 Y113.12 E2.02609
G1 X100.53 Y112.765 E2.05631
G1 X99.537 Y112.101 E2.10321
M73 P81 R6
G1 X98.947 Y111.606 E2.13345
G1 X98.394 Y111.053 E2.16416
G1 X97.897 Y110.461 E2.19451
M73 Q81 S6
G1 X97.72 Y110.199 E2.20692
G1 X97.348 Y110.375 F7800
G1 F884.349
G1 X96.957 Y109.798 E2.23429
G1 X96.696 Y109.334 E2.25519
G1 X96.196 Y108.197 E2.30396
G1 X95.952 Y107.424 E2.33579
G1 X95.776 Y106.631 E2.36768
G1 X95.65 Y105.542 E2.41072
G1 X95.633 Y105.01 E2.43162
G1 X95.714 Y103.775 E2.48022
G1 X95.92 Y102.705 E2.523
G1 X96.063 Y102.193 E2.54387
G1 X96.513 Y101.035 E2.59265
G1 X96.888 Y100.316 E2.62449
G1 X97.324 Y99.631 E2.65637
G1 X98.006 Y98.772 E2.69944
G1 X98.369 Y98.383 E2.72033
G1 X99.303 Y97.565 E2.76908
G1 X99.968 Y97.099 E2.80096
G1 X100.551 Y96.759 E2.82746
G1 X101.038 Y96.512 E2.8489
G1 X101.796 Y96.198 E2.88112
G1 X102.576 Y95.952 E2.91323
G1 X103.373 Y95.775 E2.94529
G1 X104.179 Y95.669 E2.97721
G1 X105.275 Y95.639 E3.02026
G1 X105.807 Y95.668 E3.04118
G1 X107.034 Y95.856 E3.08992
G1 X107.817 Y96.066 E3.12175
G1 X108.579 Y96.344 E3.1536
G1 X109.689 Y96.891 E3.20219
G1 X110.373 Y97.327 E3.23404
G1 X111.021 Y97.824 E3.26611
G1 X111.624 Y98.376 E3.29821
G1 X112.176 Y98.979 E3.33031
G1 X112.673 Y99.627 E3.36238
G1 X113.112 Y100.316 E3.39446
G1 X113.49 Y101.041 E3.42656
G1 X113.802 Y101.796 E3.45864
G1 X114.048 Y102.576 E3.49075
G1 X114.183 Y103.186 E3.51528
G1 X114.265 Y103.742 E3.53735
G1 X114.358 Y104.72 E3.57592
G1 X114.358 Y105.409 E3.60297
G1 X114.287 Y106.223 E3.63505
G1 X114.145 Y107.027 E3.66711
G1 X113.935 Y107.811 E3.69898
G1 X113.487 Y108.965 E3.74759
G1 X113.112 Y109.684 E3.77943
G1 X112.673 Y110.373 E3.81151
G1 X112.175 Y111.022 E3.84363
G1 X111.721 Y111.522 E3.87015
G1 X111.331 Y111.904 E3.89159
G1 X110.707 Y112.427 E3.92356
G1 X109.678 Y113.115 E3.97216
G1 X108.959 Y113.49 E4.004
G1 X108.204 Y113.802 E4.03608
G1 X107.424 Y114.048 E4.06819
G1 X106.627 Y114.225 E4.10025
G1 X105.816 Y114.332 E4.13237
G1 X105.006 Y114.367 E4.1642
G1 X103.771 Y114.286 E4.2128
G1 X102.979 Y114.146 E4.24438
G1 X101.79 Y113.8 E4.293
G1 X101.041 Y113.49 E4.32483
G1 X100.322 Y113.115 E4.35667
G1 X99.292 Y112.427 E4.4053
G1 X98.672 Y111.906 E4.4371
G1 X98.094 Y111.328 E4.4692
G1 X97.571 Y110.706 E4.50111
G1 X97.381 Y110.425 E4.51443
G1 X97.009 Y110.602 F7800
;TYPE:External perimeter
G1 F884.349
G1 X96.611 Y110.012 E4.54237
G1 X96.331 Y109.516 E4.56473
G1 X95.814 Y108.341 E4.61513
G1 X95.558 Y107.53 E4.64852
G1 X95.374 Y106.699 E4.68194
G1 X95.244 Y105.572 E4.72648
G1 X95.225 Y105.003 E4.74883
G1 X95.309 Y103.723 E4.7992
G1 X95.524 Y102.612 E4.84363
G1 X95.677 Y102.064 E4.86597
G1 X96.142 Y100.867 E4.91639
G1 X96.535 Y100.113 E4.94978
M73 P81 R5
G1 X96.992 Y99.395 E4.9832
G1 X97.697 Y98.506 E5.02775
G1 X98.086 Y98.09 E5.05011
G1 X99.051 Y97.244 E5.1005
G1 X99.748 Y96.756 E5.13391
G1 X100.356 Y96.401 E5.16155
G1 X100.868 Y96.141 E5.1841
G1 X101.657 Y95.815 E5.21762
G1 X102.47 Y95.558 E5.2511
G1 X103.303 Y95.374 E5.2846
G1 X104.147 Y95.263 E5.31802
G1 X105.28 Y95.231 E5.36252
G1 X105.849 Y95.262 E5.38489
G1 X107.118 Y95.457 E5.4353
G1 X107.939 Y95.678 E5.46868
M73 Q81 S5
G1 X108.739 Y95.969 E5.50211
G1 X109.889 Y96.536 E5.55245
G1 X110.607 Y96.993 E5.58587
G1 X111.283 Y97.512 E5.61933
G1 X111.912 Y98.088 E5.65282
G1 X112.488 Y98.717 E5.68631
G1 X113.007 Y99.393 E5.71977
G1 X113.465 Y100.113 E5.75328
G1 X113.859 Y100.869 E5.78675
G1 X114.185 Y101.657 E5.82023
G1 X114.442 Y102.47 E5.85371
G1 X114.595 Y103.159 E5.88142
G1 X114.669 Y103.698 E5.90278
G1 X114.765 Y104.72 E5.94309
G1 X114.765 Y105.426 E5.97081
G1 X114.691 Y106.276 E6.00431
G1 X114.543 Y107.116 E6.0378
G1 X114.323 Y107.937 E6.07117
G1 X113.858 Y109.133 E6.12155
G1 X113.465 Y109.887 E6.15494
G1 X113.007 Y110.607 E6.18845
G1 X112.488 Y111.284 E6.22194
G1 X112.015 Y111.805 E6.24957
G1 X111.605 Y112.206 E6.27209
G1 X110.952 Y112.754 E6.30556
G1 X109.885 Y113.466 E6.35593
G1 X109.131 Y113.859 E6.38932
G1 X108.343 Y114.185 E6.4228
G1 X107.53 Y114.442 E6.45628
G1 X106.697 Y114.626 E6.48978
G1 X105.852 Y114.738 E6.52325
G1 X105.002 Y114.775 E6.55666
G1 X103.722 Y114.691 E6.60703
G1 X102.886 Y114.543 E6.64037
G1 X101.655 Y114.184 E6.69072
G1 X100.869 Y113.859 E6.72412
G1 X100.114 Y113.466 E6.75754
G1 X99.048 Y112.753 E6.8079
G1 X98.396 Y112.207 E6.84129
G1 X97.793 Y111.604 E6.87477
G1 X97.246 Y110.952 E6.90819
G1 X97.043 Y110.651 E6.92245
G1 X96.819 Y110.32 F7800
G92 E0
G1 X99.64 Y109.991
;TYPE:Internal infill
;WIDTH:0.45
;HEIGHT:0.4
G1 F494.289
G1 X103.232 Y110.296 E.25324
G1 X104.029 Y110.51 E.31121
G1 X104.694 Y110.586 E.35823
G1 X105.637 Y110.551 E.42452
G1 X103.891 Y110.479 F7800
G1 F494.289
G1 X106.005 Y112.496 E.62978
G92 E0
G1 X110.482 Y110.305 F7800
G1 F494.289
G1 X110.037 Y110.528 E.03497
G1 X109.77 Y110.149 F7800
G1 F494.289
G1 X109.855 Y110.619 E.06852
G1 X110.659 Y111.538 E.1543
G1 X111.628 Y110.565 E.25077
G1 X112.256 Y109.702 E.32575
G92 E0
G1 X106.573 Y97.183 F7800
G1 F494.289
G1 X106.674 Y96.522 E.04697
G1 X105.733 Y96.377 E.11385
G1 X104.234 Y96.38 E.21915
G1 X103.497 Y96.477 E.27137
G1 X102.074 Y96.857 E.37484
G1 X102.838 Y99.334 E.55694
G1 X102.733 Y98.881 E.58961
G1 X101.161 Y99.427 E.70651
G92 E0
G1 X97.595 Y102.055 F7800
G1 F494.289
G1 X96.975 Y101.813 E.04675
G1 X96.619 Y102.853 E.12397
G1 X96.422 Y103.867 E.19653
G1 X96.346 Y105.014 E.27728
G1 X96.387 Y105.712 E.3264
G1 X97.534 Y105.579 E.40752
G1 X97.697 Y106.463 E.47067
;LAYER_CHANGE
;Z:11.15
;HEIGHT:0.2
G92 E0
G1 Z11.15 F7800
G1 X104.334 Y110.231
;TYPE:Perimeter
;WIDTH:0.449999
G1 F884.349
G1 X104.192 Y110.222 E.00559
G1 X103.276 Y109.997 E.04263
G1 X102.779 Y109.781 E.06391
G1 X102.275 Y109.531 E.086
G1 X101.741 Y109.138 E.11203
G1 X101.349 Y108.82 E.13185
G1 X100.736 Y108.121 E.16835
G1 X100.418 Y107.609 E.19202
G1 X100.171 Y107.15 E.21249
G1 X99.91 Y106.423 E.24282
G1 X99.727 Y105.345 E.28575
G1 X99.748 Y104.459 E.32055
G1 X99.837 Y103.947 E.34095
G1 X99.998 Y103.294 E.36736
G1 X100.21 Y102.811 E.38807
G1 X100.485 Y102.255 E.41243
G1 X101.043 Y101.495 E.44945
G1 X101.461 Y101.078 E.47263
G1 X102.213 Y100.515 E.50952
G1 X102.684 Y100.263 E.53049
G1 X103.138 Y100.053 E.55013
G1 X103.698 Y99.88 E.57314
G1 X104.592 Y99.738 E.60868
G1 X105.094 Y99.729 E.62839
G1 X105.811 Y99.778 E.65661
G1 X106.635 Y99.979 E.68991
G1 X107.217 Y100.224 E.7147
G1 X107.745 Y100.485 E.73783
G1 X108.432 Y100.987 E.77124
G1 X108.943 Y101.483 E.7992
G1 X109.533 Y102.281 E.83817
G1 X109.936 Y103.109 E.87433
G1 X110.09 Y103.629 E.89562
G1 X110.222 Y104.175 E.91768
G1 X110.279 Y104.705 E.93861
G1 X110.222 Y105.808 E.98198
G1 X110.013 Y106.665 E1.01662
G1 X109.606 Y107.593 E1.05641
G1 X108.973 Y108.484 E1.09932
G1 X108.288 Y109.139 E1.13653
G1 X107.571 Y109.597 E1.16994
G1 X107.132 Y109.835 E1.18955
G1 X106.251 Y110.134 E1.22608
G1 X105.38 Y110.268 E1.26068
G1 X105.119 Y110.283 E1.27094
G1 X104.394 Y110.235 E1.29947
G1 X104.379 Y109.823 F7800
G1 F884.349
G1 X104.218 Y109.816 E1.3058
G1 X103.381 Y109.604 E1.3397
G1 X102.581 Y109.237 E1.37426
G1 X101.982 Y108.811 E1.40312
G1 X101.655 Y108.552 E1.4195
G1 X101.042 Y107.853 E1.456
G1 X100.554 Y107.012 E1.49418
G1 X100.293 Y106.286 E1.52447
G1 X100.13 Y105.285 E1.56429
G1 X100.155 Y104.478 E1.59599
G1 X100.232 Y104.045 E1.61326
G1 X100.393 Y103.392 E1.63967
G1 X100.85 Y102.435 E1.68131
G1 X101.366 Y101.742 E1.71523
G1 X101.742 Y101.373 E1.73592
G1 X102.446 Y100.848 E1.7704
G1 X103.178 Y100.483 E1.80252
G1 X103.811 Y100.271 E1.82873
G1 X104.644 Y100.142 E1.86183
G1 X105.067 Y100.135 E1.87844
G1 X105.783 Y100.184 E1.90662
G1 X106.529 Y100.372 E1.93683
G1 X107.037 Y100.589 E1.95852
G1 X107.565 Y100.85 E1.98165
G1 X108.184 Y101.31 E2.01193
G1 X108.649 Y101.765 E2.03747
G1 X109.199 Y102.514 E2.07396
G1 X109.567 Y103.281 E2.10736
G1 X109.801 Y104.13 E2.14194
G1 X109.875 Y104.749 E2.16642
G1 X109.816 Y105.782 E2.20705
G1 X109.62 Y106.559 E2.23851
G1 X109.237 Y107.419 E2.27547
G1 X108.645 Y108.242 E2.31528
G1 X108.013 Y108.839 E2.34942
G1 X107.36 Y109.249 E2.37969
G1 X107.001 Y109.45 E2.39584
G1 X106.121 Y109.748 E2.43232
G1 X105.327 Y109.865 E2.46383
G1 X104.439 Y109.826 E2.49873
G1 X104.423 Y109.419 F7800
;TYPE:External perimeter
G1 F884.349
G1 X104.245 Y109.41 E2.50573
G1 X103.486 Y109.21 E2.53655
G1 X102.754 Y108.869 E2.56826
G1 X101.961 Y108.283 E2.60698
G1 X101.348 Y107.584 E2.64348
G1 X100.952 Y106.907 E2.67428
G1 X100.676 Y106.148 E2.70599
G1 X100.532 Y105.224 E2.74271
G1 X100.562 Y104.498 E2.77124
G1 X100.789 Y103.49 E2.81181
G1 X101.215 Y102.615 E2.85002
G1 X101.689 Y101.99 E2.88082
G1 X102.113 Y101.581 E2.90395
G1 X102.68 Y101.181 E2.9312
G1 X103.349 Y100.853 E2.96046
G1 X104.019 Y100.634 E2.98814
G1 X104.695 Y100.545 E3.01491
G1 X105.395 Y100.566 E3.04241
G1 X105.884 Y100.621 E3.06173
G1 X106.514 Y100.79 E3.08734
G1 X107.385 Y101.215 E3.12539
G1 X107.936 Y101.633 E3.15255
G1 X108.355 Y102.046 E3.17565
G1 X108.866 Y102.748 E3.20974
G1 X109.198 Y103.453 E3.24034
G1 X109.408 Y104.233 E3.27206
G1 X109.47 Y104.792 E3.29414
G1 X109.41 Y105.755 E3.33203
G1 X109.226 Y106.454 E3.36041
G1 X108.869 Y107.246 E3.39452
G1 X108.317 Y108.001 E3.43124
G1 X107.738 Y108.539 E3.46227
G1 X106.87 Y109.064 E3.5021
G1 X105.99 Y109.363 E3.53859
G1 X105.274 Y109.461 E3.56697
G1 X104.483 Y109.422 E3.59807
G1 X104.087 Y109.362 F7800
M73 P82 R5
G92 E0
G1 X97.688 Y110.148
;TYPE:Perimeter
G1 F884.349
M73 Q82 S5
G1 X97.235 Y109.47 E.03202
G1 X96.88 Y108.787 E.06224
G1 X96.58 Y108.064 E.09298
G1 X96.345 Y107.319 E.12365
G1 X96.176 Y106.556 E.15433
G1 X96.074 Y105.781 E.18502
G1 X96.04 Y105 E.21571
G1 X96.074 Y104.216 E.24652
G1 X96.152 Y103.603 E.27078
G1 X96.249 Y103.076 E.29182
G1 X96.585 Y101.925 E.3389
G1 X96.88 Y101.213 E.36916
G1 X97.241 Y100.52 E.39984
G1 X97.655 Y99.87 E.4301
G1 X98.402 Y98.939 E.47697
G1 X98.947 Y98.394 E.50723
G1 X99.546 Y97.892 E.53792
G1 X100.18 Y97.448 E.56831
G1 X101.08 Y96.946 E.60877
G1 X101.557 Y96.728 E.62936
G1 X102.692 Y96.343 E.67642
G1 X103.444 Y96.176 E.70667
G1 X104.212 Y96.075 E.73708
G1 X105.242 Y96.045 E.77754
G1 X105.765 Y96.073 E.7981
G1 X106.95 Y96.255 E.84517
G1 X107.684 Y96.452 E.87501
G1 X108.796 Y96.885 E.92187
G1 X109.48 Y97.241 E.95215
G1 X110.139 Y97.661 E.98283
G1 X110.751 Y98.13 E1.0131
G1 X111.613 Y98.955 E1.05995
G1 X112.104 Y99.54 E1.08994
G1 X112.682 Y100.393 E1.1304
G1 X112.94 Y100.849 E1.15097
G1 X113.423 Y101.946 E1.19803
G1 X113.655 Y102.681 E1.22829
G1 X113.785 Y103.271 E1.25201
G1 X113.86 Y103.783 E1.27233
G1 X113.951 Y104.72 E1.30929
G1 X113.951 Y105.391 E1.33564
G1 X113.883 Y106.169 E1.3663
G1 X113.747 Y106.939 E1.397
G1 X113.545 Y107.694 E1.42769
G1 X113.282 Y108.419 E1.45797
G1 X112.754 Y109.489 E1.50482
G1 X112.339 Y110.139 E1.5351
G1 X111.864 Y110.759 E1.56577
G1 X111.343 Y111.328 E1.59606
G1 X110.454 Y112.107 E1.64247
G1 X109.47 Y112.765 E1.68895
G1 X108.787 Y113.12 E1.71917
G1 X108.064 Y113.42 E1.74991
G1 X107.319 Y113.655 E1.78058
G1 X106.556 Y113.824 E1.81126
G1 X105.781 Y113.926 E1.84195
G1 X105.011 Y113.959 E1.87221
G1 X103.82 Y113.881 E1.91907
G1 X103.071 Y113.749 E1.94893
G1 X101.925 Y113.415 E1.9958
G1 X101.213 Y113.12 E2.02606
G1 X100.53 Y112.765 E2.05628
G1 X99.537 Y112.101 E2.10318
G1 X98.947 Y111.606 E2.13342
G1 X98.394 Y111.053 E2.16413
G1 X97.899 Y110.463 E2.19437
G1 X97.722 Y110.198 E2.20688
G1 X97.35 Y110.374 F7800
G1 F884.349
G1 X96.885 Y109.678 E2.23975
G1 X96.51 Y108.959 E2.27159
G1 X96.198 Y108.204 E2.30367
G1 X95.952 Y107.424 E2.33578
G1 X95.775 Y106.627 E2.36784
G1 X95.668 Y105.816 E2.39996
G1 X95.633 Y105 E2.43203
G1 X95.668 Y104.182 E2.46418
G1 X95.749 Y103.54 E2.48959
G1 X95.853 Y102.982 E2.51188
G1 X96.2 Y101.79 E2.56063
G1 X96.51 Y101.041 E2.59246
G1 X96.888 Y100.316 E2.62456
G1 X97.323 Y99.633 E2.65635
G1 X98.098 Y98.667 E2.70498
G1 X98.672 Y98.094 E2.73683
G1 X99.298 Y97.568 E2.76893
G1 X99.963 Y97.102 E2.80081
G1 X100.896 Y96.582 E2.84275
G1 X101.407 Y96.349 E2.8648
G1 X102.582 Y95.95 E2.91352
G1 X103.373 Y95.775 E2.94533
G1 X104.179 Y95.669 E2.97725
G1 X105.247 Y95.638 E3.0192
G1 X105.807 Y95.668 E3.04122
G1 X107.034 Y95.856 E3.08996
G1 X107.811 Y96.065 E3.12155
G1 X108.965 Y96.513 E3.17016
G1 X109.684 Y96.888 E3.202
G1 X110.373 Y97.327 E3.23408
G1 X111.016 Y97.82 E3.26589
G1 X111.911 Y98.677 E3.31454
G1 X112.429 Y99.294 E3.34617
G1 X113.028 Y100.178 E3.3881
G1 X113.305 Y100.666 E3.41013
G1 X113.804 Y101.803 E3.45888
G1 X114.048 Y102.576 E3.49071
G1 X114.183 Y103.183 E3.51513
G1 X114.264 Y103.738 E3.53715
G1 X114.358 Y104.72 E3.57588
G1 X114.358 Y105.409 E3.60293
G1 X114.287 Y106.223 E3.63501
G1 X114.145 Y107.027 E3.66707
G1 X113.934 Y107.817 E3.69918
G1 X113.656 Y108.579 E3.73103
G1 X113.109 Y109.689 E3.77962
G1 X112.673 Y110.373 E3.81147
G1 X112.176 Y111.021 E3.84354
G1 X111.628 Y111.619 E3.87539
G1 X110.702 Y112.431 E3.92375
G1 X109.678 Y113.115 E3.9721
G1 X108.959 Y113.49 E4.00394
G1 X108.204 Y113.802 E4.03602
G1 X107.424 Y114.048 E4.06813
G1 X106.627 Y114.225 E4.10019
G1 X105.816 Y114.332 E4.13231
G1 X105.006 Y114.367 E4.16414
G1 X103.771 Y114.286 E4.21274
G1 X102.979 Y114.146 E4.24432
G1 X101.79 Y113.8 E4.29294
G1 X101.041 Y113.49 E4.32477
G1 X100.322 Y113.115 E4.35661
G1 X99.292 Y112.427 E4.40524
G1 X98.672 Y111.906 E4.43704
G1 X98.094 Y111.328 E4.46914
G1 X97.573 Y110.707 E4.50097
G1 X97.383 Y110.424 E4.51435
G1 X97.011 Y110.6 F7800
;TYPE:External perimeter
G1 F884.349
G1 X96.534 Y109.885 E4.5481
G1 X96.141 Y109.131 E4.58149
G1 X95.815 Y108.343 E4.61497
G1 X95.558 Y107.53 E4.64845
G1 X95.374 Y106.697 E4.68195
G1 X95.262 Y105.852 E4.71542
G1 X95.225 Y105 E4.7489
G1 X95.262 Y104.148 E4.78238
G1 X95.347 Y103.478 E4.8089
G1 X95.456 Y102.887 E4.8325
G1 X95.816 Y101.655 E4.8829
G1 X96.141 Y100.869 E4.9163
G1 X96.535 Y100.113 E4.94977
G1 X96.992 Y99.395 E4.98319
G1 X97.795 Y98.395 E5.03355
G1 X98.396 Y97.793 E5.06695
G1 X99.049 Y97.245 E5.10042
G1 X99.747 Y96.757 E5.13386
G1 X100.712 Y96.218 E5.17726
G1 X101.257 Y95.97 E5.20077
G1 X102.472 Y95.558 E5.25114
G1 X103.303 Y95.374 E5.28456
G1 X104.147 Y95.263 E5.31798
G1 X105.252 Y95.231 E5.36139
G1 X105.849 Y95.262 E5.38486
G1 X107.118 Y95.457 E5.43527
G1 X107.937 Y95.677 E5.46857
G1 X109.133 Y96.142 E5.51895
G1 X109.887 Y96.535 E5.55234
G1 X110.607 Y96.993 E5.58585
G1 X111.282 Y97.511 E5.61926
G1 X112.208 Y98.398 E5.66961
G1 X112.754 Y99.048 E5.70294
G1 X113.374 Y99.963 E5.74634
G1 X113.669 Y100.484 E5.76985
G1 X114.186 Y101.659 E5.82025
G1 X114.442 Y102.47 E5.85364
G1 X114.595 Y103.159 E5.88135
G1 X114.669 Y103.694 E5.90256
G1 X114.765 Y104.72 E5.94302
G1 X114.765 Y105.426 E5.97074
G1 X114.691 Y106.276 E6.00424
G1 X114.543 Y107.116 E6.03773
G1 X114.322 Y107.939 E6.07119
G1 X114.031 Y108.739 E6.10462
G1 X113.464 Y109.889 E6.15496
G1 X113.007 Y110.607 E6.18838
G1 X112.488 Y111.283 E6.22184
G1 X111.913 Y111.91 E6.25524
G1 X110.95 Y112.755 E6.30554
G1 X109.885 Y113.466 E6.35582
G1 X109.131 Y113.859 E6.38921
G1 X108.343 Y114.185 E6.42269
G1 X107.53 Y114.442 E6.45617
G1 X106.697 Y114.626 E6.48967
G1 X105.852 Y114.738 E6.52314
G1 X105.002 Y114.775 E6.55655
G1 X103.722 Y114.691 E6.60692
G1 X102.886 Y114.543 E6.64026
G1 X101.655 Y114.184 E6.69061
G1 X100.869 Y113.859 E6.72401
G1 X100.114 Y113.466 E6.75743
G1 X99.048 Y112.753 E6.80779
G1 X98.396 Y112.207 E6.84118
G1 X97.793 Y111.604 E6.87466
G1 X97.246 Y110.952 E6.90808
G1 X97.045 Y110.65 E6.92232
G1 X96.822 Y110.318 F7800
;LAYER_CHANGE
;Z:11.35
;HEIGHT:0.200001
G92 E0
G1 Z11.35 F7800
G1 X104.333 Y110.241
;TYPE:Perimeter
G1 F884.349
G1 X103.851 Y110.155 E.01922
G1 X103.167 Y109.944 E.04733
G1 X102.686 Y109.753 E.06765
G1 X102.041 Y109.38 E.09691
G1 X101.477 Y108.943 E.12492
G1 X100.748 Y108.135 E.16765
G1 X100.299 Y107.404 E.20133
G1 X100.038 Y106.78 E.22789
G1 X99.875 Y106.302 E.24772
G1 X99.726 Y105.339 E.28598
G1 X99.731 Y104.8 E.30714
G1 X99.767 Y104.244 E.32902
G1 X99.876 Y103.696 E.35096
G1 X100.055 Y103.174 E.37263
G1 X100.237 Y102.703 E.39246
G1 X100.506 Y102.214 E.41437
G1 X101.043 Y101.495 E.44961
G1 X101.434 Y101.118 E.47094
G1 X101.847 Y100.755 E.49253
G1 X102.3 Y100.454 E.51389
G1 X103.109 Y100.064 E.54915
G1 X103.672 Y99.887 E.57232
G1 X104.595 Y99.737 E.60904
G1 X105.07 Y99.728 E.62769
G1 X105.811 Y99.778 E.65685
G1 X106.665 Y99.987 E.69137
G1 X106.911 Y100.073 E.7016
G1 X107.745 Y100.485 E.73812
G1 X108.464 Y101.012 E.77312
G1 X108.901 Y101.439 E.79711
G1 X109.253 Y101.881 E.8193
G1 X109.591 Y102.375 E.8428
G1 X109.936 Y103.109 E.87465
G1 X110.09 Y103.63 E.89598
G1 X110.222 Y104.171 E.91785
G1 X110.279 Y104.705 E.93894
G1 X110.222 Y105.808 E.98231
G1 X110.021 Y106.635 E1.01573
G1 X109.767 Y107.25 E1.04186
G1 X109.545 Y107.703 E1.06167
G1 X108.969 Y108.489 E1.09993
G1 X108.574 Y108.875 E1.12162
G1 X108.146 Y109.249 E1.14394
G1 X107.7 Y109.546 E1.16498
G1 X106.767 Y109.984 E1.20545
G1 X105.978 Y110.194 E1.23751
G1 X105.424 Y110.265 E1.25944
G1 X105.117 Y110.283 E1.27151
G1 X104.392 Y110.249 E1.30001
G1 X104.377 Y109.839 F7800
G1 F884.349
G1 X103.774 Y109.725 E1.32411
G1 X102.986 Y109.445 E1.35695
G1 X102.244 Y109.028 E1.39037
G1 X101.732 Y108.625 E1.41595
G1 X101.054 Y107.867 E1.45588
G1 X100.652 Y107.2 E1.48646
G1 X100.421 Y106.642 E1.51017
G1 X100.265 Y106.173 E1.52958
G1 X100.129 Y105.277 E1.56516
G1 X100.155 Y104.416 E1.59898
G1 X100.275 Y103.776 E1.62455
G1 X100.566 Y102.962 E1.65849
G1 X100.863 Y102.41 E1.6831
G1 X101.366 Y101.743 E1.7159
G1 X102.008 Y101.145 E1.75035
G1 X102.526 Y100.793 E1.77494
G1 X103.281 Y100.433 E1.80778
G1 X103.786 Y100.278 E1.82852
G1 X104.647 Y100.141 E1.86275
G1 X105.042 Y100.134 E1.87826
G1 X105.783 Y100.184 E1.90742
G1 X106.559 Y100.38 E1.93885
G1 X107.565 Y100.85 E1.98245
G1 X108.216 Y101.335 E2.01433
G1 X108.607 Y101.721 E2.0359
G1 X108.92 Y102.114 E2.05563
G1 X109.235 Y102.571 E2.07742
G1 X109.567 Y103.281 E2.1082
G1 X109.801 Y104.126 E2.14263
G1 X109.875 Y104.748 E2.16722
G1 X109.816 Y105.782 E2.20789
G1 X109.628 Y106.529 E2.23814
G1 X109.399 Y107.077 E2.26146
G1 X109.178 Y107.519 E2.28086
G1 X108.64 Y108.249 E2.31647
G1 X107.992 Y108.855 E2.35131
G1 X107.474 Y109.207 E2.3759
G1 X106.719 Y109.567 E2.40874
G1 X105.874 Y109.801 E2.44317
G1 X105.252 Y109.875 E2.46776
G1 X104.436 Y109.843 E2.49982
G1 X104.421 Y109.435 F7800
;TYPE:External perimeter
G1 F884.349
G1 X104.409 Y109.435 E2.50029
G1 X103.855 Y109.326 E2.52246
G1 X103.125 Y109.063 E2.55293
G1 X102.448 Y108.675 E2.58357
G1 X101.987 Y108.308 E2.60671
G1 X101.36 Y107.598 E2.6439
G1 X101.004 Y106.997 E2.67133
G1 X100.667 Y106.112 E2.70851
G1 X100.531 Y105.217 E2.74406
G1 X100.562 Y104.433 E2.77487
G1 X100.674 Y103.855 E2.79799
G1 X100.948 Y103.103 E2.82942
G1 X101.219 Y102.607 E2.85161
G1 X101.689 Y101.99 E2.88206
G1 X102.282 Y101.446 E2.91366
G1 X102.751 Y101.131 E2.93584
G1 X103.453 Y100.802 E2.96628
G1 X104.018 Y100.634 E2.98942
G1 X104.698 Y100.545 E3.01635
G1 X105.398 Y100.566 E3.04385
G1 X105.884 Y100.621 E3.06305
G1 X106.514 Y100.79 E3.08866
G1 X107.385 Y101.215 E3.12671
G1 X107.969 Y101.658 E3.15549
G1 X108.419 Y102.113 E3.18062
G1 X108.806 Y102.663 E3.20703
G1 X109.211 Y103.487 E3.24308
G1 X109.407 Y104.23 E3.27325
G1 X109.47 Y104.792 E3.29545
G1 X109.41 Y105.755 E3.33334
G1 X109.235 Y106.424 E3.36049
G1 X108.851 Y107.277 E3.39722
G1 X108.313 Y108.007 E3.43283
G1 X107.718 Y108.554 E3.46456
G1 X107.249 Y108.869 E3.48674
G1 X106.547 Y109.198 E3.51718
G1 X105.77 Y109.407 E3.54877
G1 X105.208 Y109.47 E3.57097
G1 X104.481 Y109.438 E3.59954
G1 X104.087 Y109.37 F7800
G92 E0
G1 X97.685 Y110.15
;TYPE:Perimeter
G1 F884.349
G1 X97.332 Y109.631 E.02465
G1 X97.06 Y109.15 E.04635
G1 X96.577 Y108.054 E.09338
G1 X96.345 Y107.319 E.12364
G1 X96.176 Y106.556 E.15432
G1 X96.074 Y105.777 E.18517
G1 X96.044 Y105.189 E.20829
G1 X96.048 Y104.62 E.23063
G1 X96.149 Y103.619 E.27013
M73 P83 R5
G1 X96.25 Y103.075 E.29185
G1 X96.585 Y101.925 E.33888
G1 X96.88 Y101.213 E.36914
M73 Q83 S5
G1 X97.241 Y100.52 E.39982
G1 X97.655 Y99.87 E.43008
G1 X98.402 Y98.939 E.47695
G1 X98.947 Y98.394 E.50721
G1 X99.541 Y97.896 E.53765
G1 X100.369 Y97.332 E.57699
G1 X100.85 Y97.06 E.59869
G1 X101.946 Y96.577 E.64572
G1 X102.681 Y96.345 E.67598
G1 X103.444 Y96.176 E.70666
G1 X104.213 Y96.075 E.73711
G1 X105.214 Y96.045 E.77643
G1 X105.766 Y96.073 E.79813
G1 X106.95 Y96.255 E.84517
G1 X107.694 Y96.455 E.87542
G1 X108.419 Y96.718 E.9057
G1 X109.489 Y97.247 E.95257
G1 X110.139 Y97.661 E.98283
G1 X110.762 Y98.139 E1.01366
G1 X111.2 Y98.534 E1.03682
G1 X111.599 Y98.939 E1.05914
G1 X112.235 Y99.718 E1.09863
G1 X112.548 Y100.173 E1.12031
G1 X113.125 Y101.224 E1.16739
G1 X113.42 Y101.936 E1.19765
G1 X113.655 Y102.681 E1.22832
G1 X113.785 Y103.268 E1.25193
G1 X113.859 Y103.779 E1.2722
G1 X113.951 Y104.72 E1.30932
G1 X113.951 Y105.391 E1.33567
G1 X113.883 Y106.169 E1.36633
G1 X113.747 Y106.939 E1.39703
G1 X113.548 Y107.684 E1.42731
G1 X113.115 Y108.796 E1.47417
G1 X112.759 Y109.48 E1.50445
G1 X112.339 Y110.139 E1.53513
G1 X111.861 Y110.762 E1.56596
G1 X111.466 Y111.2 E1.58912
G1 X111.056 Y111.603 E1.61169
G1 X110.463 Y112.101 E1.6421
G1 X109.47 Y112.765 E1.689
G1 X108.787 Y113.12 E1.71922
G1 X108.064 Y113.42 E1.74996
G1 X107.319 Y113.655 E1.78063
G1 X106.556 Y113.824 E1.81131
G1 X105.781 Y113.926 E1.842
G1 X105.011 Y113.959 E1.87226
G1 X103.82 Y113.881 E1.91912
G1 X103.071 Y113.749 E1.94898
G1 X101.925 Y113.415 E1.99585
G1 X101.213 Y113.12 E2.02611
G1 X100.53 Y112.765 E2.05633
G1 X99.537 Y112.101 E2.10323
G1 X98.947 Y111.606 E2.13347
G1 X98.394 Y111.053 E2.16418
G1 X97.896 Y110.46 E2.19459
G1 X97.719 Y110.199 E2.20697
G1 X97.347 Y110.376 F7800
G1 F884.349
G1 X96.986 Y109.846 E2.23215
G1 X96.695 Y109.333 E2.25531
G1 X96.196 Y108.197 E2.30403
G1 X95.952 Y107.424 E2.33586
G1 X95.775 Y106.627 E2.36792
G1 X95.668 Y105.814 E2.40012
G1 X95.637 Y105.197 E2.42438
G1 X95.641 Y104.598 E2.4479
G1 X95.746 Y103.561 E2.48883
G1 X95.853 Y102.981 E2.51199
G1 X96.2 Y101.79 E2.5607
G1 X96.51 Y101.041 E2.59253
G1 X96.888 Y100.316 E2.62463
G1 X97.323 Y99.633 E2.65642
G1 X98.098 Y98.667 E2.70505
G1 X98.672 Y98.094 E2.7369
G1 X99.295 Y97.571 E2.76884
G1 X100.154 Y96.986 E2.80965
G1 X100.667 Y96.695 E2.83281
G1 X101.803 Y96.196 E2.88153
G1 X102.576 Y95.952 E2.91336
G1 X103.373 Y95.775 E2.94542
G1 X104.18 Y95.669 E2.97738
G1 X105.218 Y95.637 E3.01816
G1 X105.808 Y95.668 E3.04136
G1 X107.034 Y95.856 E3.09006
G1 X107.817 Y96.066 E3.12189
G1 X108.579 Y96.344 E3.15374
G1 X109.689 Y96.891 E3.20233
G1 X110.373 Y97.327 E3.23418
G1 X111.023 Y97.826 E3.26636
G1 X111.481 Y98.24 E3.2906
G1 X111.902 Y98.667 E3.31414
G1 X112.561 Y99.474 E3.35505
G1 X112.895 Y99.96 E3.3782
G1 X113.492 Y101.047 E3.42689
G1 X113.802 Y101.796 E3.45872
G1 X114.048 Y102.576 E3.49083
G1 X114.182 Y103.18 E3.51512
G1 X114.264 Y103.734 E3.53711
G1 X114.358 Y104.72 E3.576
G1 X114.358 Y105.409 E3.60305
G1 X114.287 Y106.223 E3.63513
G1 X114.145 Y107.027 E3.66719
G1 X113.935 Y107.811 E3.69906
G1 X113.487 Y108.965 E3.74767
G1 X113.112 Y109.684 E3.77951
G1 X112.673 Y110.373 E3.81159
G1 X112.174 Y111.023 E3.84377
G1 X111.76 Y111.481 E3.86801
G1 X111.33 Y111.905 E3.89172
G1 X110.707 Y112.427 E3.92363
G1 X109.678 Y113.115 E3.97223
G1 X108.959 Y113.49 E4.00407
G1 X108.204 Y113.802 E4.03615
G1 X107.424 Y114.048 E4.06826
G1 X106.627 Y114.225 E4.10032
G1 X105.816 Y114.332 E4.13244
G1 X105.006 Y114.367 E4.16427
G1 X103.771 Y114.286 E4.21287
G1 X102.979 Y114.146 E4.24445
G1 X101.79 Y113.8 E4.29307
G1 X101.041 Y113.49 E4.3249
G1 X100.322 Y113.115 E4.35674
G1 X99.292 Y112.427 E4.40537
G1 X98.672 Y111.906 E4.43717
G1 X98.094 Y111.328 E4.46927
G1 X97.571 Y110.705 E4.50121
G1 X97.381 Y110.426 E4.51446
G1 X97.008 Y110.602 F7800
;TYPE:External perimeter
G1 F884.349
G1 X96.64 Y110.062 E4.54012
G1 X96.331 Y109.516 E4.56475
G1 X95.814 Y108.341 E4.61515
G1 X95.558 Y107.53 E4.64854
G1 X95.374 Y106.697 E4.68204
G1 X95.262 Y105.851 E4.71555
G1 X95.23 Y105.206 E4.74091
G1 X95.234 Y104.576 E4.76565
G1 X95.343 Y103.504 E4.80796
G1 X95.456 Y102.887 E4.83259
G1 X95.816 Y101.655 E4.88299
G1 X96.141 Y100.869 E4.91639
G1 X96.535 Y100.113 E4.94986
G1 X96.992 Y99.395 E4.98328
G1 X97.795 Y98.395 E5.03364
G1 X98.396 Y97.793 E5.06704
G1 X99.049 Y97.246 E5.10049
G1 X99.938 Y96.64 E5.14273
G1 X100.484 Y96.331 E5.16736
G1 X101.659 Y95.814 E5.21776
G1 X102.47 Y95.558 E5.25115
G1 X103.303 Y95.374 E5.28465
G1 X104.147 Y95.263 E5.31807
G1 X105.223 Y95.23 E5.36034
G1 X105.849 Y95.262 E5.38495
G1 X107.118 Y95.457 E5.43536
G1 X107.939 Y95.678 E5.46874
G1 X108.739 Y95.969 E5.50217
G1 X109.889 Y96.536 E5.55251
G1 X110.607 Y96.993 E5.58593
G1 X111.284 Y97.513 E5.61945
G1 X111.763 Y97.946 E5.6448
G1 X112.205 Y98.395 E5.66954
G1 X112.887 Y99.229 E5.71184
G1 X113.242 Y99.746 E5.73646
G1 X113.86 Y100.871 E5.78686
G1 X114.185 Y101.657 E5.82026
G1 X114.442 Y102.47 E5.85374
G1 X114.626 Y103.301 E5.88716
G1 X114.765 Y104.72 E5.94314
G1 X114.765 Y105.426 E5.97086
G1 X114.691 Y106.276 E6.00436
G1 X114.543 Y107.116 E6.03785
G1 X114.323 Y107.937 E6.07122
G1 X113.858 Y109.133 E6.1216
G1 X113.465 Y109.887 E6.15499
G1 X113.007 Y110.607 E6.1885
G1 X112.487 Y111.284 E6.22202
G1 X112.054 Y111.763 E6.24737
G1 X111.604 Y112.206 E6.27216
G1 X110.952 Y112.754 E6.3056
G1 X109.885 Y113.466 E6.35597
G1 X109.131 Y113.859 E6.38936
G1 X108.343 Y114.185 E6.42284
G1 X107.53 Y114.442 E6.45632
G1 X106.697 Y114.626 E6.48982
G1 X105.852 Y114.738 E6.52329
G1 X105.002 Y114.775 E6.5567
G1 X103.722 Y114.691 E6.60707
G1 X102.886 Y114.543 E6.64041
G1 X101.655 Y114.184 E6.69076
G1 X100.869 Y113.859 E6.72416
G1 X100.114 Y113.466 E6.75758
G1 X99.048 Y112.753 E6.80794
G1 X98.396 Y112.207 E6.84133
G1 X97.793 Y111.604 E6.87481
G1 X97.246 Y110.951 E6.90826
G1 X97.042 Y110.652 E6.92247
G1 X96.817 Y110.321 F7800
G92 E0
G1 X99.449 Y109.775
;TYPE:Internal infill
;WIDTH:0.45
;HEIGHT:0.4
G1 F494.289
G1 X99.623 Y110.067 E.02388
G1 X102.626 Y110.061 E.23484
G1 X103.546 Y110.393 E.30355
G1 X106.309 Y112.756 E.55895
G92 E0
G1 X110.84 Y110.126 F7800
G1 F494.289
G1 X110.034 Y110.529 E.0633
G1 X109.701 Y109.755 F7800
G1 F494.289
G1 X109.852 Y110.62 E.12498
G1 X110.687 Y111.496 E.21
G1 X111.63 Y110.563 E.30319
G1 X112.089 Y109.964 E.3562
G1 X112.487 Y109.339 E.40825
G1 X112.91 Y108.481 E.47545
G1 X113.257 Y107.589 E.54269
G1 X113.449 Y106.873 E.59477
G1 X113.646 Y105.377 E.70077
G1 X113.646 Y104.637 E.75275
G1 X113.52 Y103.483 E.8343
G1 X113.142 Y102.072 E.93692
G1 X112.982 Y102.122 E.9487
G92 E0
G1 X106.361 Y97.465 F7800
G1 F494.289
G1 X107.76 Y96.809 E.10855
G1 X106.887 Y96.555 E.17242
G1 X105.295 Y96.355 E.28514
G1 X104.236 Y96.38 E.35955
G1 X103.497 Y96.477 E.41191
G1 X102.774 Y96.638 E.46394
G1 X102.089 Y96.87 E.51475
G1 X102.841 Y99.335 E.69579
G1 X100.762 Y99.449 E.84206
G92 E0
G1 X102.794 Y99.137 F7800
G1 F494.289
G1 X102.641 Y98.492 E.04657
G92 E0
G1 X97.893 Y102.296 F7800
G1 F494.289
G1 X97.192 Y101.275 E.087
G1 X96.873 Y102.027 E.14438
G1 X96.547 Y103.146 E.22626
G1 X96.352 Y104.862 E.34758
G1 X96.373 Y105.628 E.40141
G1 X97.534 Y105.579 E.48304
G1 X97.77 Y106.856 E.57427
G1 X97.73 Y105.522 F7800
G1 F494.289
G1 X97.962 Y105.455 E.59123
;LAYER_CHANGE
;Z:11.55
;HEIGHT:0.2
G92 E0
G1 Z11.55 F7800
G1 X104.335 Y110.216
;TYPE:Perimeter
;WIDTH:0.449999
G1 F884.349
G1 X104.046 Y110.179 E.01144
G1 X103.546 Y110.082 E.03144
G1 X102.847 Y109.828 E.06064
G1 X102.1 Y109.412 E.09421
G1 X101.476 Y108.942 E.12488
G1 X101.115 Y108.587 E.14476
G1 X100.706 Y108.086 E.17015
G1 X100.247 Y107.314 E.20542
G1 X99.918 Y106.453 E.24161
G1 X99.727 Y105.341 E.28591
G1 X99.747 Y104.465 E.32031
G1 X99.876 Y103.694 E.351
G1 X100.162 Y102.881 E.38484
G1 X100.269 Y102.646 E.39498
G1 X100.742 Y101.87 E.43066
G1 X101.341 Y101.191 E.46621
G1 X101.53 Y101.015 E.47635
G1 X102.264 Y100.479 E.51204
G1 X103.077 Y100.081 E.54758
G1 X103.792 Y99.852 E.57706
G1 X104.628 Y99.733 E.61022
G1 X105.045 Y99.726 E.6266
G1 X105.81 Y99.778 E.65671
G1 X106.665 Y99.987 E.69127
G1 X107.452 Y100.34 E.72514
G1 X107.915 Y100.59 E.7458
G1 X108.506 Y101.044 E.77506
G1 X109.007 Y101.55 E.80302
G1 X109.492 Y102.223 E.83559
G1 X109.91 Y103.053 E.87208
G1 X110.194 Y104.019 E.91161
G1 X110.265 Y104.576 E.93366
M73 P84 R5
G1 X110.284 Y105.211 E.9586
G1 X110.185 Y105.92 E.98671
G1 X110.082 Y106.454 E1.00806
M73 Q84 S5
G1 X109.828 Y107.153 E1.03726
G1 X109.428 Y107.873 E1.0696
G1 X109.003 Y108.448 E1.09767
G1 X108.45 Y109.007 E1.12854
G1 X108.015 Y109.326 E1.14972
G1 X107.566 Y109.622 E1.17084
G1 X106.891 Y109.936 E1.20007
G1 X106.1 Y110.15 E1.23224
G1 X105.602 Y110.252 E1.2522
G1 X104.858 Y110.284 E1.28144
G1 X104.395 Y110.224 E1.29977
G1 X104.381 Y109.807 F7800
G1 F884.349
G1 X103.686 Y109.7 E1.32738
G1 X102.986 Y109.445 E1.35663
G1 X102.305 Y109.06 E1.38735
G1 X101.731 Y108.625 E1.41563
G1 X101.36 Y108.251 E1.43631
G1 X101.024 Y107.832 E1.4574
G1 X100.6 Y107.111 E1.49024
G1 X100.3 Y106.314 E1.52368
G1 X100.129 Y105.279 E1.56487
G1 X100.154 Y104.484 E1.5961
G1 X100.275 Y103.775 E1.62434
G1 X100.544 Y103.022 E1.65574
G1 X101.014 Y102.207 E1.69268
G1 X101.162 Y101.986 E1.70312
G1 X101.681 Y101.423 E1.73319
G1 X102.552 Y100.776 E1.77579
G1 X103.248 Y100.45 E1.80597
G1 X103.905 Y100.243 E1.83302
G1 X104.68 Y100.136 E1.86374
G1 X105.428 Y100.16 E1.89313
G1 X105.99 Y100.228 E1.91536
G1 X106.619 Y100.396 E1.94092
G1 X107.667 Y100.913 E1.9868
G1 X108.258 Y101.366 E2.01604
G1 X108.713 Y101.832 E2.04161
G1 X109.159 Y102.456 E2.07173
G1 X109.541 Y103.225 E2.10544
G1 X109.8 Y104.123 E2.14214
G1 X109.861 Y104.62 E2.1618
G1 X109.877 Y105.21 E2.18497
G1 X109.783 Y105.857 E2.21064
G1 X109.668 Y106.402 E2.23251
G1 X109.445 Y107.014 E2.25809
G1 X109.076 Y107.668 E2.28757
G1 X108.686 Y108.193 E2.31325
G1 X108.168 Y108.713 E2.34207
G1 X107.486 Y109.199 E2.37495
G1 X106.775 Y109.541 E2.40593
G1 X106.004 Y109.754 E2.43734
G1 X105.584 Y109.845 E2.45421
G1 X104.84 Y109.877 E2.48345
G1 X104.44 Y109.816 E2.49934
G1 X104.424 Y109.409 F7800
;TYPE:External perimeter
G1 F884.349
G1 X103.825 Y109.317 E2.52314
G1 X103.125 Y109.063 E2.55238
G1 X102.51 Y108.708 E2.58026
G1 X101.987 Y108.308 E2.60611
G1 X101.617 Y107.92 E2.62716
G1 X101.325 Y107.552 E2.64561
G1 X100.952 Y106.907 E2.67487
G1 X100.683 Y106.175 E2.70549
G1 X100.531 Y105.217 E2.74358
G1 X100.561 Y104.503 E2.77164
G1 X100.674 Y103.855 E2.79747
G1 X100.926 Y103.162 E2.82642
G1 X101.462 Y102.262 E2.86755
G1 X101.98 Y101.699 E2.89759
G1 X102.76 Y101.126 E2.93559
G1 X103.419 Y100.82 E2.96412
G1 X104.019 Y100.634 E2.98878
G1 X104.732 Y100.54 E3.01702
G1 X105.4 Y100.566 E3.04327
G1 X105.884 Y100.621 E3.0624
G1 X106.514 Y100.79 E3.08801
G1 X107.419 Y101.236 E3.12763
G1 X108.01 Y101.689 E3.15687
G1 X108.419 Y102.113 E3.18
G1 X108.825 Y102.69 E3.2077
G1 X109.172 Y103.397 E3.23862
G1 X109.407 Y104.227 E3.27249
G1 X109.47 Y104.792 E3.29481
G1 X109.467 Y105.239 E3.31236
G1 X109.327 Y106.137 E3.34805
G1 X109.084 Y106.817 E3.3764
G1 X108.724 Y107.464 E3.40547
G1 X108.369 Y107.937 E3.42869
G1 X107.887 Y108.419 E3.45545
G1 X107.252 Y108.866 E3.48594
G1 X106.603 Y109.172 E3.51411
G1 X105.566 Y109.438 E3.55615
G1 X104.822 Y109.471 E3.58539
G1 X104.483 Y109.419 E3.59886
G1 X104.088 Y109.358 F7800
G92 E0
G1 X97.674 Y110.157
;TYPE:Perimeter
G1 F884.349
G1 X97.661 Y110.139 E.00087
G1 X97.246 Y109.489 E.03115
G1 X96.721 Y108.424 E.07777
G1 X96.403 Y107.515 E.11558
G1 X96.256 Y106.953 E.13839
G1 X96.074 Y105.77 E.18539
G1 X96.04 Y105 E.21565
G1 X96.074 Y104.219 E.24634
G1 X96.176 Y103.444 E.27703
G1 X96.343 Y102.692 E.30728
G1 X96.727 Y101.561 E.35418
G1 X97.05 Y100.868 E.3842
G1 X97.547 Y100.031 E.42242
G1 X97.883 Y99.557 E.44523
G1 X98.673 Y98.657 E.49225
G1 X99.236 Y98.14 E.52226
G1 X100.016 Y97.557 E.5605
G1 X100.508 Y97.248 E.58331
G1 X101.582 Y96.718 E.63034
G1 X102.306 Y96.455 E.66059
G1 X103.05 Y96.255 E.69084
G1 X104.224 Y96.075 E.73748
G1 X105.187 Y96.044 E.77531
G1 X105.767 Y96.073 E.79811
G1 X106.95 Y96.255 E.84511
G1 X107.694 Y96.455 E.87536
G1 X108.429 Y96.722 E.90606
G1 X109.132 Y97.05 E.93652
G1 X109.969 Y97.547 E.97474
G1 X110.443 Y97.883 E.99755
G1 X111.343 Y98.673 E1.04457
G1 X111.867 Y99.244 E1.075
G1 X112.212 Y99.686 E1.09702
G1 X112.555 Y100.183 E1.12073
G1 X112.947 Y100.863 E1.15155
G1 X113.278 Y101.571 E1.18224
G1 X113.541 Y102.295 E1.21249
G1 X113.755 Y103.167 E1.24774
G1 X113.862 Y103.734 E1.2704
G1 X113.935 Y104.428 E1.2978
G1 X113.956 Y105.08 E1.32341
G1 X113.926 Y105.781 E1.35096
G1 X113.825 Y106.545 E1.38122
G1 X113.541 Y107.705 E1.42811
G1 X113.278 Y108.429 E1.45836
G1 X112.947 Y109.137 E1.48905
G1 X112.562 Y109.805 E1.51932
M73 P84 R4
G1 X111.856 Y110.767 E1.56617
G1 X111.336 Y111.336 E1.59644
G1 X110.759 Y111.864 E1.62715
G1 X110.136 Y112.342 E1.65798
G1 X109.665 Y112.648 E1.68003
G1 X109.14 Y112.946 E1.70373
G1 X108.429 Y113.278 E1.73454
G1 X107.694 Y113.545 E1.76524
G1 X106.939 Y113.747 E1.79593
G1 X106.165 Y113.884 E1.82679
G1 X105.607 Y113.937 E1.8488
G1 X105.003 Y113.96 E1.87253
G1 X104.219 Y113.926 E1.90334
G1 X103.444 Y113.824 E1.93403
M73 Q84 S4
G1 X102.681 Y113.655 E1.96471
G1 X101.946 Y113.423 E1.99497
G1 X100.853 Y112.942 E2.04186
G1 X100.186 Y112.557 E2.0721
G1 X99.542 Y112.106 E2.10297
G1 X99.109 Y111.749 E2.12501
G1 X98.667 Y111.338 E2.14871
G1 X98.136 Y110.759 E2.17956
G1 X97.711 Y110.205 E2.20698
G1 X97.335 Y110.384 F7800
G1 F884.349
G1 X97.327 Y110.373 E2.20751
G1 X96.891 Y109.689 E2.23936
G1 X96.345 Y108.582 E2.28783
G1 X96.013 Y107.634 E2.32727
G1 X95.857 Y107.036 E2.35154
G1 X95.668 Y105.81 E2.40025
G1 X95.633 Y105 E2.43208
G1 X95.668 Y104.184 E2.46415
G1 X95.775 Y103.373 E2.49627
G1 X95.95 Y102.582 E2.52808
G1 X96.349 Y101.409 E2.57673
G1 X96.69 Y100.678 E2.6084
G1 X97.205 Y99.809 E2.64806
G1 X97.563 Y99.304 E2.67237
G1 X98.381 Y98.372 E2.72106
G1 X98.976 Y97.827 E2.75274
G1 X99.785 Y97.221 E2.79243
G1 X100.309 Y96.892 E2.81672
G1 X101.422 Y96.343 E2.86545
G1 X102.183 Y96.066 E2.89725
G1 X102.966 Y95.856 E2.92908
G1 X104.187 Y95.669 E2.97758
G1 X105.19 Y95.637 E3.01698
G1 X105.808 Y95.668 E3.04128
G1 X107.034 Y95.856 E3.08998
G1 X107.817 Y96.066 E3.12181
G1 X108.585 Y96.346 E3.15391
G1 X109.322 Y96.69 E3.18585
G1 X110.191 Y97.205 E3.22551
G1 X110.696 Y97.563 E3.24982
G1 X111.628 Y98.381 E3.29851
G1 X112.178 Y98.981 E3.33047
G1 X112.54 Y99.445 E3.35358
G1 X112.899 Y99.965 E3.37839
G1 X113.309 Y100.675 E3.41058
G1 X113.654 Y101.415 E3.44264
G1 X113.932 Y102.177 E3.47449
G1 X114.226 Y103.38 E3.52312
G1 X114.319 Y104.086 E3.55108
G1 X114.363 Y105.098 E3.59085
G1 X114.332 Y105.816 E3.61907
G1 X114.226 Y106.62 E3.65091
G1 X113.931 Y107.823 E3.69954
G1 X113.654 Y108.585 E3.73138
G1 X113.309 Y109.325 E3.76344
G1 X112.904 Y110.027 E3.79526
G1 X112.171 Y111.026 E3.84391
G1 X111.624 Y111.624 E3.87573
G1 X111.021 Y112.176 E3.90783
G1 X110.371 Y112.675 E3.94001
G1 X109.877 Y112.995 E3.96312
G1 X109.327 Y113.308 E3.98797
G1 X108.585 Y113.654 E4.02012
G1 X107.817 Y113.934 E4.05222
G1 X107.027 Y114.145 E4.08433
G1 X106.22 Y114.288 E4.11651
G1 X105.634 Y114.344 E4.13962
G1 X105.002 Y114.367 E4.16445
G1 X104.184 Y114.332 E4.1966
G1 X103.373 Y114.225 E4.22872
G1 X102.576 Y114.048 E4.26078
G1 X101.802 Y113.804 E4.29265
G1 X100.669 Y113.306 E4.34124
G1 X99.967 Y112.9 E4.37308
G1 X99.295 Y112.43 E4.40528
G1 X98.841 Y112.055 E4.4284
G1 X98.378 Y111.625 E4.45321
G1 X97.824 Y111.021 E4.48539
G1 X97.372 Y110.431 E4.51457
G1 X96.996 Y110.61 F7800
;TYPE:External perimeter
G1 F884.349
G1 X96.993 Y110.607 E4.51474
G1 X96.536 Y109.889 E4.54816
G1 X95.969 Y108.739 E4.5985
G1 X95.623 Y107.753 E4.63953
G1 X95.458 Y107.118 E4.66529
G1 X95.262 Y105.85 E4.71567
G1 X95.225 Y105 E4.74908
G1 X95.262 Y104.148 E4.78256
G1 X95.374 Y103.303 E4.81603
G1 X95.558 Y102.472 E4.84945
G1 X95.97 Y101.257 E4.89982
G1 X96.329 Y100.487 E4.93318
G1 X96.864 Y99.587 E4.97429
G1 X97.244 Y99.052 E5.00006
G1 X98.09 Y98.087 E5.05045
G1 X98.716 Y97.513 E5.0838
G1 X99.555 Y96.885 E5.12495
G1 X100.11 Y96.536 E5.15069
G1 X101.261 Y95.969 E5.20107
G1 X102.061 Y95.678 E5.2345
G1 X102.882 Y95.457 E5.26788
G1 X104.149 Y95.262 E5.31821
G1 X105.194 Y95.229 E5.35926
G1 X105.849 Y95.262 E5.38501
G1 X107.118 Y95.457 E5.43542
G1 X107.939 Y95.678 E5.4688
G1 X108.741 Y95.969 E5.5023
G1 X109.513 Y96.329 E5.53575
G1 X110.413 Y96.864 E5.57686
G1 X110.948 Y97.244 E5.60263
G1 X111.913 Y98.09 E5.65302
G1 X112.489 Y98.718 E5.68648
G1 X112.868 Y99.204 E5.71068
G1 X113.244 Y99.747 E5.73661
G1 X113.67 Y100.486 E5.7701
G1 X114.031 Y101.259 E5.8036
G1 X114.322 Y102.059 E5.83703
G1 X114.627 Y103.305 E5.8874
G1 X114.722 Y104.033 E5.91623
G1 X114.77 Y105.116 E5.9588
G1 X114.738 Y105.852 E5.98773
G1 X114.627 Y106.695 E6.02112
G1 X114.322 Y107.941 E6.07149
G1 X114.031 Y108.741 E6.10492
G1 X113.67 Y109.514 E6.13842
G1 X113.245 Y110.25 E6.17179
G1 X112.486 Y111.285 E6.22219
G1 X111.912 Y111.912 E6.25557
G1 X111.283 Y112.488 E6.28906
G1 X110.606 Y113.008 E6.32258
G1 X110.088 Y113.343 E6.3468
G1 X109.514 Y113.67 E6.37274
G1 X108.741 Y114.031 E6.40624
G1 X107.939 Y114.322 E6.43974
G1 X107.116 Y114.543 E6.4732
G1 X106.275 Y114.691 E6.50673
G1 X105.661 Y114.75 E6.53095
G1 X105.001 Y114.775 E6.55688
G1 X104.148 Y114.738 E6.5904
G1 X103.303 Y114.626 E6.62387
G1 X102.47 Y114.442 E6.65737
G1 X101.659 Y114.186 E6.69076
G1 X100.485 Y113.669 E6.74113
G1 X99.748 Y113.244 E6.77453
G1 X99.049 Y112.754 E6.80805
G1 X98.573 Y112.362 E6.83226
G1 X98.089 Y111.912 E6.85821
G1 X97.512 Y111.283 E6.89172
G1 X97.032 Y110.658 E6.92266
G1 X96.813 Y110.323 F7800
;LAYER_CHANGE
;Z:11.75
;HEIGHT:0.2
G92 E0
G1 Z11.75 F7800
G1 X104.333 Y110.239
;TYPE:Perimeter
G1 F884.349
G1 X104.148 Y110.218 E.00731
G1 X103.335 Y110.013 E.04023
G1 X102.533 Y109.652 E.07476
G1 X102.085 Y109.41 E.09475
G1 X101.494 Y108.956 E.12401
G1 X100.92 Y108.331 E.15733
G1 X100.62 Y107.959 E.17609
G1 X100.247 Y107.314 E.20535
G1 X99.939 Y106.512 E.23908
G1 X99.816 Y105.923 E.26271
G1 X99.727 Y105.341 E.28583
G1 X99.747 Y104.465 E.32023
G1 X99.78 Y104.181 E.33146
G1 X99.998 Y103.295 E.36729
G1 X100.522 Y102.187 E.41541
G1 X101.044 Y101.495 E.44944
G1 X101.879 Y100.736 E.49375
G1 X102.632 Y100.278 E.52836
G1 X103.468 Y99.961 E.56347
G1 X103.992 Y99.814 E.58484
G1 X104.701 Y99.723 E.61291
G1 X105.457 Y99.754 E.64262
G1 X106.005 Y99.81 E.66425
G1 X106.725 Y100.003 E.69352
G1 X107.454 Y100.341 E.72507
G1 X107.915 Y100.59 E.74564
G1 X108.506 Y101.044 E.7749
G1 X109.06 Y101.646 E.80702
G1 X109.38 Y102.041 E.82698
G1 X109.753 Y102.686 E.85624
G1 X110.061 Y103.488 E.88997
G1 X110.184 Y104.077 E.9136
G1 X110.273 Y104.659 E.93672
G1 X110.273 Y105.394 E.96558
G1 X110.128 Y106.282 E1.00091
G1 X109.849 Y107.095 E1.03466
G1 X109.42 Y107.888 E1.07006
G1 X109.127 Y108.295 E1.08975
G1 X108.82 Y108.651 E1.10821
G1 X108.121 Y109.264 E1.14471
G1 X107.663 Y109.551 E1.16593
G1 X107.151 Y109.828 E1.18879
G1 X106.434 Y110.087 E1.21872
G1 X105.755 Y110.233 E1.24599
G1 X104.725 Y110.281 E1.28648
M73 P85 R4
G1 X104.393 Y110.245 E1.29959
G1 X104.377 Y109.833 F7800
M73 Q85 S4
G1 F884.349
G1 X104.315 Y109.827 E1.30204
G1 X103.441 Y109.62 E1.33731
G1 X102.713 Y109.287 E1.36874
G1 X102.333 Y109.087 E1.3856
G1 X101.742 Y108.634 E1.41484
G1 X100.972 Y107.755 E1.46072
G1 X100.6 Y107.111 E1.48992
G1 X100.321 Y106.372 E1.52094
G1 X100.219 Y105.861 E1.5414
G1 X100.129 Y105.279 E1.56452
G1 X100.154 Y104.483 E1.59579
G1 X100.31 Y103.729 E1.62602
G1 X100.452 Y103.242 E1.64594
G1 X100.85 Y102.435 E1.68127
G1 X101.366 Y101.742 E1.71519
G1 X102.147 Y101.042 E1.75637
G1 X102.836 Y100.631 E1.78787
G1 X103.599 Y100.347 E1.81984
G1 X104.044 Y100.218 E1.83803
G1 X104.754 Y100.127 E1.86614
G1 X105.43 Y100.16 E1.89271
G1 X105.99 Y100.228 E1.91486
G1 X106.619 Y100.396 E1.94042
G1 X107.667 Y100.913 E1.9863
G1 X108.258 Y101.366 E2.01554
G1 X109.028 Y102.245 E2.06142
G1 X109.4 Y102.89 E2.09066
G1 X109.679 Y103.628 E2.12164
G1 X109.781 Y104.139 E2.1421
G1 X109.871 Y104.721 E2.16522
G1 X109.866 Y105.385 E2.19129
G1 X109.727 Y106.212 E2.22422
G1 X109.466 Y106.956 E2.25518
G1 X109.068 Y107.683 E2.28772
G1 X108.625 Y108.269 E2.31656
G1 X107.755 Y109.028 E2.36189
G1 X107.111 Y109.4 E2.39109
G1 X106.377 Y109.675 E2.42187
G1 X105.676 Y109.834 E2.45009
G1 X104.84 Y109.877 E2.48296
G1 X104.437 Y109.839 E2.49885
G1 X104.422 Y109.429 F7800
;TYPE:External perimeter
G1 F884.349
G1 X104.236 Y109.409 E2.5062
G1 X103.546 Y109.226 E2.53423
G1 X102.581 Y108.764 E2.57624
G1 X101.99 Y108.311 E2.60548
G1 X101.325 Y107.552 E2.6451
G1 X100.952 Y106.907 E2.67436
G1 X100.704 Y106.233 E2.70256
G1 X100.531 Y105.217 E2.74303
G1 X100.56 Y104.502 E2.77113
G1 X100.706 Y103.826 E2.79828
G1 X100.817 Y103.422 E2.81473
G1 X101.215 Y102.615 E2.85006
G1 X101.689 Y101.99 E2.88086
G1 X102.416 Y101.348 E2.91894
G1 X103.04 Y100.983 E2.94732
G1 X103.73 Y100.732 E2.97615
G1 X104.096 Y100.622 E2.99116
G1 X104.806 Y100.53 E3.01927
G1 X105.403 Y100.567 E3.04276
G1 X105.884 Y100.621 E3.06176
G1 X106.514 Y100.79 E3.08737
G1 X107.419 Y101.236 E3.12699
G1 X108.01 Y101.689 E3.15623
G1 X108.675 Y102.448 E3.19585
G1 X109.048 Y103.093 E3.22511
G1 X109.296 Y103.767 E3.25331
G1 X109.469 Y104.783 E3.29378
G1 X109.459 Y105.376 E3.31707
G1 X109.326 Y106.141 E3.34756
G1 X109.084 Y106.817 E3.37575
G1 X108.716 Y107.479 E3.40549
G1 X108.308 Y108.013 E3.43188
G1 X107.552 Y108.675 E3.47134
G1 X106.907 Y109.048 E3.5006
G1 X106.239 Y109.292 E3.52852
G1 X105.597 Y109.435 E3.55435
G1 X104.822 Y109.471 E3.58481
G1 X104.481 Y109.435 E3.59827
G1 X104.088 Y109.365 F7800
G92 E0
G1 X97.674 Y110.157
;TYPE:Perimeter
G1 F884.349
G1 X97.664 Y110.143 E.00068
G1 X97.164 Y109.341 E.03779
G1 X96.886 Y108.799 E.06171
G1 X96.456 Y107.694 E.10827
G1 X96.175 Y106.545 E.15471
G1 X96.074 Y105.781 E.18497
G1 X96.04 Y105 E.21566
G1 X96.074 Y104.219 E.24635
G1 X96.176 Y103.444 E.27704
G1 X96.343 Y102.692 E.30729
G1 X96.727 Y101.561 E.35419
G1 X97.05 Y100.867 E.38425
G1 X97.532 Y100.054 E.42136
G1 X97.884 Y99.557 E.44527
G1 X98.665 Y98.665 E.49182
G1 X99.555 Y97.885 E.53829
G1 X100.186 Y97.443 E.56854
G1 X100.863 Y97.053 E.59922
G1 X101.571 Y96.722 E.62991
G1 X102.31 Y96.453 E.66079
G1 X102.824 Y96.31 E.68174
G1 X103.441 Y96.177 E.70652
G1 X104.214 Y96.075 E.73713
G1 X105.159 Y96.044 E.77425
G1 X105.767 Y96.073 E.79815
G1 X106.95 Y96.255 E.84515
G1 X107.694 Y96.455 E.8754
G1 X108.429 Y96.722 E.9061
G1 X109.133 Y97.05 E.9366
G1 X109.946 Y97.532 E.97371
G1 X110.443 Y97.884 E.99762
G1 X111.343 Y98.673 E1.04461
G1 X111.864 Y99.241 E1.07487
G1 X112.339 Y99.861 E1.10554
G1 X112.759 Y100.52 E1.13622
G1 X113.115 Y101.204 E1.1665
G1 X113.544 Y102.306 E1.21293
G1 X113.838 Y103.555 E1.26331
G1 X113.929 Y104.299 E1.29274
G1 X113.956 Y105.08 E1.32342
G1 X113.926 Y105.781 E1.35097
G1 X113.825 Y106.545 E1.38123
G1 X113.541 Y107.705 E1.42812
G1 X113.278 Y108.429 E1.45837
G1 X112.947 Y109.137 E1.48906
G1 X112.559 Y109.81 E1.51956
G1 X112.009 Y110.578 E1.55665
G1 X111.615 Y111.043 E1.58058
G1 X110.75 Y111.87 E1.62757
G1 X110.139 Y112.339 E1.65781
G1 X109.489 Y112.754 E1.68809
G1 X108.418 Y113.282 E1.73497
G1 X107.694 Y113.545 E1.76522
G1 X106.939 Y113.747 E1.79591
G1 X106.169 Y113.883 E1.82661
G1 X105.391 Y113.951 E1.85727
G1 X104.609 Y113.951 E1.88797
G1 X103.831 Y113.883 E1.91863
G1 X103.061 Y113.747 E1.94933
G1 X102.306 Y113.545 E1.98002
G1 X101.571 Y113.278 E2.01072
G1 X100.863 Y112.947 E2.04141
G1 X100.186 Y112.557 E2.07209
G1 X99.546 Y112.108 E2.10279
G1 X98.955 Y111.613 E2.13306
G1 X98.13 Y110.75 E2.17994
G1 X97.711 Y110.205 E2.20693
G1 X97.335 Y110.384 F7800
G1 F884.349
G1 X97.329 Y110.375 E2.20735
G1 X96.81 Y109.542 E2.24589
G1 X96.514 Y108.966 E2.27132
G1 X96.067 Y107.816 E2.31977
G1 X95.774 Y106.62 E2.36812
G1 X95.668 Y105.816 E2.39996
G1 X95.633 Y105 E2.43203
G1 X95.668 Y104.184 E2.4641
G1 X95.775 Y103.373 E2.49622
G1 X95.95 Y102.582 E2.52803
G1 X96.349 Y101.409 E2.57668
G1 X96.69 Y100.677 E2.60839
G1 X97.19 Y99.832 E2.64694
G1 X97.564 Y99.304 E2.67235
G1 X98.377 Y98.377 E2.72076
G1 X99.303 Y97.565 E2.76912
G1 X99.967 Y97.1 E2.80095
G1 X100.675 Y96.691 E2.83305
G1 X101.415 Y96.346 E2.86511
G1 X102.186 Y96.065 E2.89733
G1 X102.726 Y95.915 E2.91934
G1 X103.372 Y95.775 E2.94529
G1 X104.181 Y95.669 E2.97733
G1 X105.162 Y95.636 E3.01587
G1 X105.808 Y95.668 E3.04127
G1 X107.034 Y95.856 E3.08997
G1 X107.817 Y96.066 E3.1218
G1 X108.585 Y96.346 E3.1539
G1 X109.323 Y96.69 E3.18587
G1 X110.168 Y97.19 E3.22442
G1 X110.696 Y97.564 E3.24983
G1 X111.628 Y98.381 E3.29849
G1 X112.176 Y98.979 E3.33034
G1 X112.673 Y99.627 E3.36241
G1 X113.112 Y100.316 E3.39449
G1 X113.487 Y101.036 E3.42637
G1 X113.933 Y102.184 E3.47473
G1 X114.226 Y103.38 E3.52308
G1 X114.319 Y104.086 E3.55104
G1 X114.363 Y105.098 E3.59081
G1 X114.332 Y105.816 E3.61903
G1 X114.226 Y106.62 E3.65087
G1 X113.931 Y107.823 E3.6995
G1 X113.654 Y108.585 E3.73134
G1 X113.309 Y109.325 E3.7634
G1 X112.902 Y110.03 E3.79536
G1 X112.33 Y110.829 E3.83394
G1 X111.912 Y111.322 E3.85932
G1 X111.016 Y112.18 E3.90803
G1 X110.373 Y112.673 E3.93984
G1 X109.689 Y113.109 E3.97169
G1 X108.578 Y113.657 E4.02033
G1 X107.817 Y113.934 E4.05213
G1 X107.027 Y114.145 E4.08424
G1 X106.223 Y114.287 E4.1163
G1 X105.408 Y114.358 E4.14842
G1 X104.592 Y114.358 E4.18046
G1 X103.777 Y114.287 E4.21258
G1 X102.973 Y114.145 E4.24464
G1 X102.183 Y113.934 E4.27675
G1 X101.415 Y113.654 E4.30885
G1 X100.675 Y113.309 E4.34091
G1 X99.967 Y112.9 E4.37301
G1 X99.298 Y112.432 E4.40507
G1 X98.676 Y111.91 E4.43695
G1 X97.82 Y111.016 E4.48555
G1 X97.372 Y110.431 E4.51448
G1 X96.996 Y110.61 F7800
;TYPE:External perimeter
G1 F884.349
G1 X96.993 Y110.607 E4.51465
G1 X96.455 Y109.743 E4.55461
G1 X96.142 Y109.133 E4.58153
G1 X95.678 Y107.939 E4.63183
G1 X95.373 Y106.695 E4.68212
G1 X95.262 Y105.852 E4.71551
G1 X95.225 Y105 E4.74899
G1 X95.262 Y104.148 E4.78247
G1 X95.374 Y103.303 E4.81594
G1 X95.558 Y102.472 E4.84936
G1 X95.97 Y101.257 E4.89973
G1 X96.329 Y100.487 E4.93309
G1 X96.848 Y99.611 E4.97307
G1 X97.244 Y99.052 E4.99997
G1 X98.089 Y98.088 E5.0503
G1 X99.051 Y97.244 E5.10055
G1 X99.748 Y96.756 E5.13396
G1 X100.486 Y96.33 E5.16742
G1 X101.259 Y95.969 E5.20092
G1 X102.062 Y95.677 E5.23447
G1 X102.628 Y95.52 E5.25753
G1 X103.302 Y95.374 E5.28461
G1 X104.147 Y95.263 E5.31807
G1 X105.165 Y95.229 E5.35806
G1 X105.849 Y95.262 E5.38495
G1 X107.118 Y95.457 E5.43536
G1 X107.939 Y95.678 E5.46874
G1 X108.741 Y95.969 E5.50224
G1 X109.513 Y96.329 E5.53569
G1 X110.389 Y96.848 E5.57567
G1 X110.948 Y97.244 E5.60257
G1 X111.913 Y98.09 E5.65296
G1 X112.488 Y98.717 E5.68636
G1 X113.007 Y99.393 E5.71982
G1 X113.465 Y100.113 E5.75333
G1 X113.858 Y100.867 E5.78672
G1 X114.322 Y102.061 E5.83702
G1 X114.627 Y103.305 E5.88731
G1 X114.722 Y104.033 E5.91614
G1 X114.77 Y105.116 E5.95871
G1 X114.738 Y105.852 E5.98764
G1 X114.627 Y106.695 E6.02103
G1 X114.322 Y107.941 E6.0714
G1 X114.031 Y108.741 E6.10483
G1 X113.67 Y109.514 E6.13833
G1 X113.244 Y110.251 E6.17175
G1 X112.651 Y111.079 E6.21174
G1 X112.208 Y111.602 E6.23865
G1 X111.281 Y112.489 E6.28903
G1 X110.607 Y113.007 E6.32241
G1 X109.889 Y113.464 E6.35583
G1 X108.739 Y114.031 E6.40617
G1 X107.939 Y114.322 E6.4396
G1 X107.116 Y114.543 E6.47306
G1 X106.276 Y114.691 E6.50655
G1 X105.426 Y114.766 E6.54005
G1 X104.574 Y114.766 E6.5735
G1 X103.724 Y114.691 E6.607
G1 X102.884 Y114.543 E6.64049
G1 X102.061 Y114.322 E6.67395
G1 X101.259 Y114.031 E6.70745
G1 X100.486 Y113.67 E6.74095
G1 X99.748 Y113.244 E6.77441
G1 X99.049 Y112.755 E6.80791
G1 X98.398 Y112.208 E6.8413
G1 X97.511 Y111.281 E6.89168
G1 X97.032 Y110.658 E6.92254
G1 X96.817 Y110.321 F7800
G92 E0
G1 X99.171 Y109.513
;TYPE:Internal infill
;WIDTH:0.45
;HEIGHT:0.4
G1 F494.289
G1 X99.667 Y110.391 E.07084
G1 X102.714 Y110.102 E.28585
G1 X103.202 Y110.293 E.32266
G1 X103.264 Y110.615 E.3457
G1 X105.308 Y112.177 E.52642
G1 X106.633 Y112.989 E.63559
G92 E0
G1 X108.653 Y112.826 F7800
G1 F494.289
G1 X109.964 Y112.089 E.10565
G1 X110.693 Y111.503 E.17136
G1 X109.849 Y110.622 E.25707
G1 X109.633 Y109.361 E.34694
G1 X110.031 Y110.53 F7800
G1 F494.289
G1 X111.198 Y109.947 E.43858
G92 E0
G1 X97.842 Y107.249 F7800
G1 F494.289
G1 X97.571 Y105.777 E.10515
G1 X98.347 Y105.345 F7800
G1 F494.289
G1 X97.534 Y105.577 E.16454
G1 X96.373 Y105.628 E.24618
G1 X96.379 Y104.246 E.34327
G1 X96.477 Y103.497 E.39634
M73 P86 R4
G1 X96.638 Y102.774 E.44837
G1 X97.011 Y101.675 E.5299
M73 Q86 S4
G1 X97.223 Y101.219 E.56523
G1 X97.571 Y101.508 E.59701
G1 X98.09 Y102.643 E.68468
G92 E0
G1 X100.363 Y99.47 F7800
G1 F494.289
G1 X102.639 Y99.347 E.16012
G1 X102.548 Y98.103 F7800
G1 F494.289
G1 X103 Y99.793 E.28301
G1 X103.794 Y99.537 E.34162
G1 X104.919 Y99.412 E.42114
G1 X105.944 Y99.486 E.49333
G1 X106.915 Y99.743 E.56389
G1 X107.972 Y100.26 E.64655
G1 X108.759 Y100.857 E.71594
G1 X109.314 Y101.438 E.77238
G1 X109.73 Y102.03 E.82321
G1 X109.776 Y102.002 E.82699
G92 E0
G1 X113.026 Y102.52 F7800
G1 F494.289
G1 X112.914 Y101.528 E.07013
G1 X112.393 Y100.514 E.15022
G1 X111.63 Y99.437 E.24294
G1 X111.129 Y98.891 E.295
G1 X110.254 Y98.124 E.37674
G1 X108.989 Y97.32 E.48204
G1 X107.79 Y96.815 E.57344
G1 X106.369 Y97.664 E.68972
G1 X106.018 Y97.32 E.72425
;LAYER_CHANGE
;Z:11.95
;HEIGHT:0.2
G92 E0
G1 Z11.95 F7800
G1 X104.333 Y110.236
;TYPE:Perimeter
;WIDTH:0.449999
G1 F884.349
G1 X104.148 Y110.218 E.0073
G1 X103.129 Y109.945 E.04872
G1 X102.466 Y109.635 E.07746
G1 X101.764 Y109.155 E.11085
G1 X101.349 Y108.82 E.13179
G1 X100.736 Y108.121 E.16829
G1 X100.374 Y107.533 E.1954
G1 X100.172 Y107.151 E.21237
G1 X99.913 Y106.437 E.24219
G1 X99.727 Y105.34 E.28588
G1 X99.747 Y104.464 E.32028
G1 X99.876 Y103.695 E.3509
G1 X100.18 Y102.831 E.38686
G1 X100.506 Y102.215 E.41423
G1 X101.043 Y101.495 E.4495
G1 X101.726 Y100.851 E.48636
G1 X102.665 Y100.26 E.52992
G1 X103.455 Y99.966 E.56302
G1 X103.945 Y99.82 E.5831
G1 X104.698 Y99.723 E.61291
G1 X105.46 Y99.755 E.64286
G1 X106.005 Y99.81 E.66437
G1 X106.725 Y100.003 E.69364
G1 X107.439 Y100.334 E.72454
G1 X107.915 Y100.59 E.74576
G1 X108.506 Y101.044 E.77502
G1 X109.06 Y101.646 E.80714
G1 X109.38 Y102.041 E.8271
G1 X109.753 Y102.686 E.85636
G1 X110.051 Y103.459 E.88889
G1 X110.184 Y104.077 E.91371
G1 X110.273 Y104.659 E.93683
G1 X110.273 Y105.394 E.96569
G1 X110.128 Y106.282 E1.00102
G1 X109.849 Y107.095 E1.03477
G1 X109.428 Y107.874 E1.06954
G1 X109.253 Y108.136 E1.08191
G1 X108.637 Y108.833 E1.11843
G1 X108.086 Y109.293 E1.14661
G1 X107.314 Y109.753 E1.1819
G1 X106.515 Y110.058 E1.21548
G1 X105.755 Y110.233 E1.2461
G1 X104.858 Y110.284 E1.28138
G1 X104.393 Y110.241 E1.29972
G1 X104.378 Y109.832 F7800
G1 F884.349
G1 X104.192 Y109.814 E1.30706
G1 X103.381 Y109.604 E1.33995
G1 X102.639 Y109.266 E1.37196
G1 X102.005 Y108.827 E1.40224
G1 X101.655 Y108.552 E1.41972
G1 X101.042 Y107.853 E1.45622
G1 X100.554 Y107.013 E1.49436
G1 X100.296 Y106.299 E1.52417
G1 X100.129 Y105.282 E1.56464
G1 X100.154 Y104.482 E1.59607
G1 X100.275 Y103.775 E1.62423
G1 X100.562 Y102.971 E1.65775
G1 X100.862 Y102.411 E1.68269
G1 X101.366 Y101.743 E1.71555
G1 X102 Y101.151 E1.74961
G1 X102.876 Y100.608 E1.79008
G1 X103.586 Y100.351 E1.81973
G1 X103.997 Y100.224 E1.83662
G1 X104.75 Y100.127 E1.86643
G1 X105.432 Y100.161 E1.89324
G1 X105.99 Y100.228 E1.91531
G1 X106.619 Y100.396 E1.94087
G1 X107.259 Y100.699 E1.96867
G1 X107.741 Y100.97 E1.99038
G1 X108.258 Y101.366 E2.01595
G1 X109.028 Y102.245 E2.06183
G1 X109.4 Y102.889 E2.09103
G1 X109.668 Y103.598 E2.12079
G1 X109.781 Y104.139 E2.14249
G1 X109.871 Y104.721 E2.16561
G1 X109.866 Y105.385 E2.19168
G1 X109.727 Y106.212 E2.22461
G1 X109.466 Y106.956 E2.25557
G1 X109.075 Y107.67 E2.28753
G1 X108.739 Y108.103 E2.30905
G1 X108.332 Y108.563 E2.33317
G1 X107.832 Y108.976 E2.35863
G1 X107.111 Y109.4 E2.39147
G1 X106.376 Y109.676 E2.4223
G1 X105.676 Y109.834 E2.45048
G1 X104.84 Y109.877 E2.48335
G1 X104.437 Y109.838 E2.49925
G1 X104.422 Y109.429 F7800
;TYPE:External perimeter
G1 F884.349
G1 X104.236 Y109.409 E2.5066
G1 X103.486 Y109.21 E2.53707
G1 X102.812 Y108.898 E2.56623
G1 X101.961 Y108.283 E2.60746
G1 X101.348 Y107.584 E2.64396
G1 X100.937 Y106.874 E2.67617
G1 X100.679 Y106.16 E2.70598
G1 X100.532 Y105.221 E2.7433
G1 X100.56 Y104.501 E2.77159
G1 X100.674 Y103.855 E2.79735
G1 X100.944 Y103.111 E2.82843
G1 X101.219 Y102.607 E2.85097
G1 X101.689 Y101.99 E2.88142
G1 X102.275 Y101.452 E2.91266
G1 X103.086 Y100.956 E2.94999
G1 X104.049 Y100.628 E2.98993
G1 X104.802 Y100.53 E3.01975
G1 X105.405 Y100.567 E3.04347
G1 X105.884 Y100.621 E3.0624
G1 X106.514 Y100.79 E3.08801
G1 X107.079 Y101.064 E3.11267
G1 X107.493 Y101.293 E3.13125
G1 X108.01 Y101.689 E3.15682
G1 X108.675 Y102.448 E3.19644
G1 X109.048 Y103.093 E3.2257
G1 X109.285 Y103.738 E3.25268
G1 X109.469 Y104.783 E3.29434
G1 X109.459 Y105.376 E3.31763
G1 X109.326 Y106.141 E3.34812
G1 X109.084 Y106.817 E3.37631
G1 X108.723 Y107.466 E3.40547
G1 X108.043 Y108.276 E3.447
G1 X107.577 Y108.658 E3.47066
G1 X106.907 Y109.048 E3.5011
G1 X106.238 Y109.293 E3.52907
G1 X105.597 Y109.435 E3.55485
G1 X104.822 Y109.471 E3.58531
G1 X104.481 Y109.435 E3.59877
G1 X104.088 Y109.365 F7800
G92 E0
G1 X97.649 Y110.12
;TYPE:Perimeter
G1 F884.349
G1 X97.177 Y109.365 E.03496
G1 X96.885 Y108.798 E.06
G1 X96.456 Y107.694 E.10651
G1 X96.175 Y106.545 E.15295
G1 X96.074 Y105.781 E.18321
G1 X96.04 Y105 E.2139
G1 X96.074 Y104.219 E.24459
G1 X96.176 Y103.448 E.27513
G1 X96.382 Y102.555 E.31111
G1 X96.576 Y101.948 E.33613
G1 X97.056 Y100.857 E.38293
G1 X97.516 Y100.077 E.41849
G1 X97.884 Y99.556 E.44354
G1 X98.665 Y98.665 E.49006
G1 X99.555 Y97.885 E.53653
G1 X100.186 Y97.443 E.56678
G1 X100.863 Y97.053 E.59746
G1 X101.571 Y96.722 E.62815
G1 X102.306 Y96.455 E.65885
G1 X103.05 Y96.255 E.6891
G1 X104.226 Y96.074 E.73582
G1 X105.131 Y96.043 E.77138
G1 X105.768 Y96.073 E.79642
G1 X106.95 Y96.255 E.84338
G1 X107.694 Y96.455 E.87363
G1 X108.429 Y96.722 E.90433
G1 X109.127 Y97.048 E.93458
G1 X110.148 Y97.667 E.98146
G1 X110.759 Y98.136 E1.0117
G1 X111.336 Y98.664 E1.04241
G1 X111.864 Y99.241 E1.07312
G1 X112.339 Y99.861 E1.10379
G1 X112.754 Y100.511 E1.13407
G1 X113.282 Y101.582 E1.18095
G1 X113.541 Y102.295 E1.21074
G1 X113.838 Y103.555 E1.26157
G1 X113.929 Y104.299 E1.291
G1 X113.956 Y105.08 E1.32168
G1 X113.926 Y105.781 E1.34923
G1 X113.825 Y106.545 E1.37949
G1 X113.541 Y107.705 E1.42638
G1 X113.278 Y108.429 E1.45663
G1 X112.947 Y109.137 E1.48732
G1 X112.562 Y109.805 E1.51759
G1 X111.856 Y110.767 E1.56444
G1 X111.336 Y111.336 E1.59471
G1 X110.759 Y111.864 E1.62542
G1 X110.139 Y112.339 E1.65609
G1 X109.489 Y112.754 E1.68637
G1 X108.418 Y113.282 E1.73325
G1 X107.694 Y113.545 E1.7635
G1 X106.939 Y113.747 E1.79419
G1 X106.169 Y113.883 E1.82489
G1 X105.402 Y113.95 E1.85512
G1 X104.208 Y113.924 E1.90201
G1 X103.444 Y113.824 E1.93226
G1 X102.681 Y113.655 E1.96294
G1 X101.946 Y113.423 E1.9932
G1 X100.853 Y112.942 E2.04009
G1 X100.186 Y112.557 E2.07033
G1 X99.546 Y112.108 E2.10103
G1 X98.955 Y111.613 E2.1313
G1 X98.13 Y110.75 E2.17818
G1 X97.683 Y110.169 E2.20696
G1 X97.32 Y110.361 F7800
G1 F884.349
G1 X96.823 Y109.566 E2.24377
G1 X96.514 Y108.966 E2.27027
G1 X96.067 Y107.816 E2.31872
G1 X95.774 Y106.62 E2.36707
G1 X95.668 Y105.816 E2.39891
G1 X95.633 Y105 E2.43098
G1 X95.668 Y104.184 E2.46305
G1 X95.775 Y103.376 E2.49505
G1 X95.989 Y102.447 E2.53248
G1 X96.195 Y101.804 E2.55899
G1 X96.693 Y100.671 E2.60758
G1 X97.174 Y99.856 E2.64474
G1 X97.564 Y99.304 E2.67128
G1 X98.377 Y98.377 E2.71969
G1 X99.303 Y97.565 E2.76805
G1 X99.967 Y97.1 E2.79988
G1 X100.675 Y96.691 E2.83198
G1 X101.415 Y96.346 E2.86404
G1 X102.183 Y96.066 E2.89614
G1 X102.966 Y95.856 E2.92797
G1 X104.188 Y95.668 E2.97652
G1 X105.134 Y95.636 E3.01369
G1 X105.809 Y95.668 E3.04022
G1 X107.034 Y95.856 E3.08888
G1 X107.817 Y96.066 E3.12071
G1 X108.585 Y96.346 E3.15281
G1 X109.32 Y96.688 E3.18464
G1 X110.378 Y97.331 E3.23325
G1 X111.021 Y97.824 E3.26506
G1 X111.624 Y98.376 E3.29716
G1 X112.176 Y98.979 E3.32926
G1 X112.673 Y99.627 E3.36133
G1 X113.109 Y100.311 E3.39318
G1 X113.657 Y101.422 E3.44182
G1 X113.932 Y102.177 E3.47337
G1 X114.226 Y103.38 E3.522
G1 X114.319 Y104.086 E3.54996
G1 X114.363 Y105.098 E3.58973
G1 X114.332 Y105.816 E3.61795
G1 X114.226 Y106.62 E3.64979
G1 X113.931 Y107.823 E3.69842
G1 X113.654 Y108.585 E3.73026
G1 X113.309 Y109.325 E3.76232
G1 X112.904 Y110.027 E3.79414
G1 X112.171 Y111.026 E3.84279
G1 X111.624 Y111.624 E3.87461
G1 X111.021 Y112.176 E3.90671
G1 X110.373 Y112.673 E3.93878
G1 X109.689 Y113.109 E3.97063
G1 X108.578 Y113.657 E4.01927
G1 X107.817 Y113.934 E4.05107
G1 X107.027 Y114.145 E4.08318
G1 X106.223 Y114.287 E4.11524
G1 X105.415 Y114.358 E4.14709
G1 X104.177 Y114.331 E4.19571
G1 X103.373 Y114.225 E4.22755
G1 X102.576 Y114.048 E4.25961
G1 X101.802 Y113.804 E4.29148
G1 X100.669 Y113.306 E4.34007
G1 X99.967 Y112.9 E4.37191
G1 X99.298 Y112.432 E4.40397
G1 X98.676 Y111.91 E4.43585
G1 X97.82 Y111.016 E4.48445
G1 X97.355 Y110.41 E4.51444
G1 X96.99 Y110.602 F7800
;TYPE:External perimeter
G1 F884.349
G1 X96.469 Y109.768 E4.55305
G1 X96.142 Y109.133 E4.58109
G1 X95.678 Y107.939 E4.63139
G1 X95.373 Y106.695 E4.68168
G1 X95.262 Y105.852 E4.71507
G1 X95.225 Y105 E4.74855
G1 X95.262 Y104.148 E4.78203
G1 X95.374 Y103.303 E4.8155
G1 X95.596 Y102.339 E4.85434
G1 X95.814 Y101.659 E4.88238
G1 X96.331 Y100.485 E4.93275
G1 X96.832 Y99.635 E4.97149
G1 X97.244 Y99.051 E4.99955
G1 X98.089 Y98.088 E5.04985
G1 X99.051 Y97.244 E5.1001
G1 X99.748 Y96.756 E5.13351
G1 X100.486 Y96.33 E5.16697
G1 X101.259 Y95.969 E5.20047
G1 X102.061 Y95.678 E5.23397
G1 X102.882 Y95.457 E5.26735
M73 P87 R4
G1 X104.15 Y95.262 E5.31772
M73 Q87 S4
G1 X105.136 Y95.228 E5.35646
G1 X105.849 Y95.262 E5.38449
G1 X107.118 Y95.457 E5.4349
G1 X107.939 Y95.678 E5.46828
G1 X108.741 Y95.969 E5.50178
G1 X109.512 Y96.329 E5.53519
G1 X110.608 Y96.994 E5.58553
G1 X111.283 Y97.512 E5.61894
G1 X111.912 Y98.088 E5.65243
G1 X112.488 Y98.717 E5.68592
G1 X113.007 Y99.393 E5.71938
G1 X113.464 Y100.111 E5.7528
G1 X114.031 Y101.261 E5.80314
G1 X114.322 Y102.059 E5.83649
G1 X114.627 Y103.305 E5.88686
G1 X114.722 Y104.033 E5.91569
G1 X114.77 Y105.116 E5.95826
G1 X114.738 Y105.852 E5.98719
G1 X114.627 Y106.695 E6.02058
G1 X114.322 Y107.941 E6.07095
G1 X114.031 Y108.741 E6.10438
G1 X113.67 Y109.514 E6.13788
G1 X113.245 Y110.25 E6.17125
G1 X112.486 Y111.285 E6.22165
G1 X111.912 Y111.912 E6.25503
G1 X111.283 Y112.488 E6.28852
G1 X110.607 Y113.007 E6.32198
G1 X109.889 Y113.464 E6.3554
G1 X108.739 Y114.031 E6.40574
G1 X107.939 Y114.322 E6.43917
G1 X107.116 Y114.543 E6.47263
G1 X106.276 Y114.691 E6.50612
G1 X105.428 Y114.765 E6.53954
G1 X104.146 Y114.737 E6.58989
G1 X103.303 Y114.626 E6.62328
G1 X102.47 Y114.442 E6.65678
G1 X101.659 Y114.186 E6.69017
G1 X100.485 Y113.669 E6.74054
G1 X99.748 Y113.244 E6.77394
G1 X99.049 Y112.755 E6.80744
G1 X98.398 Y112.208 E6.84083
G1 X97.511 Y111.281 E6.89121
G1 X97.027 Y110.65 E6.92244
G1 X96.811 Y110.313 F7800
;LAYER_CHANGE
;Z:12.15
;HEIGHT:0.2
G92 E0
G1 Z12.15 F7800
G1 X104.333 Y110.236
;TYPE:Perimeter
G1 F884.349
G1 X104.242 Y110.229 E.00358
G1 X103.335 Y110.013 E.04019
G1 X102.49 Y109.648 E.07633
G1 X101.834 Y109.235 E.10677
G1 X101.154 Y108.626 E.14261
G1 X100.707 Y108.086 E.17013
G1 X100.387 Y107.555 E.19447
G1 X100.172 Y107.152 E.2124
G1 X99.914 Y106.44 E.24214
G1 X99.727 Y105.34 E.28595
G1 X99.747 Y104.463 E.32039
G1 X99.876 Y103.695 E.35097
G1 X100.162 Y102.879 E.38492
G1 X100.506 Y102.215 E.41428
G1 X101.043 Y101.495 E.44955
G1 X101.879 Y100.736 E.49389
G1 X102.632 Y100.278 E.5285
G1 X103.473 Y99.96 E.5638
G1 X103.996 Y99.814 E.58512
G1 X104.694 Y99.723 E.61276
G1 X105.461 Y99.755 E.6429
G1 X106.005 Y99.81 E.66437
G1 X106.724 Y100.003 E.6936
G1 X107.501 Y100.348 E.72698
G1 X107.813 Y100.535 E.74126
G1 X108.488 Y101.03 E.77413
G1 X109.007 Y101.55 E.80298
G1 X109.602 Y102.394 E.84353
G1 X109.936 Y103.109 E.87452
G1 X110.192 Y104.008 E.91122
G1 X110.266 Y104.578 E.93379
G1 X110.283 Y104.88 E.94567
G1 X110.222 Y105.808 E.98219
G1 X110.005 Y106.695 E1.01804
G1 X109.72 Y107.382 E1.04724
G1 X109.247 Y108.147 E1.08256
G1 X108.679 Y108.788 E1.11619
G1 X108.086 Y109.293 E1.14677
G1 X107.371 Y109.72 E1.17947
G1 X106.514 Y110.059 E1.21566
G1 X105.755 Y110.233 E1.24623
G1 X104.923 Y110.28 E1.27895
G1 X104.393 Y110.24 E1.29982
G1 X104.378 Y109.831 F7800
G1 F884.349
G1 X104.286 Y109.824 E1.30344
G1 X103.441 Y109.62 E1.33757
G1 X102.662 Y109.279 E1.37096
G1 X102.061 Y108.897 E1.39892
G1 X101.43 Y108.326 E1.43233
G1 X101.025 Y107.832 E1.45741
G1 X100.555 Y107.013 E1.49449
G1 X100.297 Y106.302 E1.52419
G1 X100.129 Y105.279 E1.5649
G1 X100.153 Y104.481 E1.59625
G1 X100.275 Y103.775 E1.62438
G1 X100.544 Y103.019 E1.65589
G1 X100.862 Y102.411 E1.68283
G1 X101.366 Y101.742 E1.71572
G1 X102.147 Y101.042 E1.7569
G1 X102.836 Y100.631 E1.7884
G1 X103.604 Y100.345 E1.82058
G1 X104.049 Y100.217 E1.83876
G1 X104.747 Y100.127 E1.86639
G1 X105.434 Y100.161 E1.8934
G1 X105.99 Y100.228 E1.91539
G1 X106.619 Y100.396 E1.94095
G1 X107.329 Y100.717 E1.97154
G1 X107.968 Y101.154 E2.00194
G1 X108.434 Y101.541 E2.02572
G1 X108.772 Y101.904 E2.0452
G1 X109.199 Y102.514 E2.07444
G1 X109.567 Y103.281 E2.10784
G1 X109.798 Y104.113 E2.14174
G1 X109.861 Y104.622 E2.16188
G1 X109.836 Y105.472 E2.19527
G1 X109.796 Y105.9 E2.21215
G1 X109.604 Y106.619 E2.24137
G1 X109.348 Y107.218 E2.26695
G1 X108.904 Y107.928 E2.29983
G1 X108.379 Y108.513 E2.33069
G1 X107.832 Y108.975 E2.3588
G1 X107.168 Y109.367 E2.38908
G1 X106.376 Y109.676 E2.42246
G1 X105.676 Y109.834 E2.45064
G1 X104.906 Y109.873 E2.48091
G1 X104.437 Y109.836 E2.49938
G1 X104.422 Y109.427 F7800
;TYPE:External perimeter
G1 F884.349
G1 X104.331 Y109.419 E2.50297
G1 X103.546 Y109.226 E2.53471
G1 X102.834 Y108.91 E2.5653
G1 X102.287 Y108.558 E2.59084
G1 X101.705 Y108.027 E2.62177
G1 X101.342 Y107.577 E2.64447
G1 X100.952 Y106.907 E2.67491
G1 X100.686 Y106.18 E2.70531
G1 X100.531 Y105.217 E2.74361
G1 X100.56 Y104.5 E2.77179
G1 X100.674 Y103.855 E2.79751
G1 X100.927 Y103.159 E2.82659
G1 X101.219 Y102.607 E2.85111
G1 X101.689 Y101.99 E2.88156
G1 X102.416 Y101.348 E2.91964
G1 X103.04 Y100.983 E2.94802
G1 X103.734 Y100.731 E2.97701
G1 X104.101 Y100.621 E2.99205
G1 X104.799 Y100.53 E3.01969
G1 X105.407 Y100.567 E3.04361
G1 X105.884 Y100.621 E3.06246
G1 X106.514 Y100.79 E3.08807
G1 X107.157 Y101.086 E3.11586
G1 X107.727 Y101.482 E3.14311
G1 X108.14 Y101.822 E3.16411
G1 X108.439 Y102.137 E3.18116
G1 X108.866 Y102.748 E3.21043
G1 X109.198 Y103.453 E3.24103
G1 X109.405 Y104.218 E3.27215
G1 X109.47 Y104.792 E3.29483
G1 X109.403 Y105.794 E3.33426
G1 X109.21 Y106.514 E3.36353
G1 X108.975 Y107.054 E3.38665
G1 X108.56 Y107.71 E3.41713
G1 X108.08 Y108.237 E3.44512
G1 X107.577 Y108.658 E3.47087
G1 X106.964 Y109.014 E3.4987
G1 X106.237 Y109.293 E3.52928
G1 X105.597 Y109.435 E3.55502
G1 X104.889 Y109.467 E3.58285
G1 X104.482 Y109.432 E3.59889
G1 X104.089 Y109.357 F7800
G92 E0
G1 X97.674 Y110.157
;TYPE:Perimeter
G1 F884.349
G1 X97.663 Y110.142 E.00073
G1 X97.191 Y109.389 E.03562
G1 X96.88 Y108.788 E.06219
G1 X96.604 Y108.122 E.0905
G1 X96.429 Y107.606 E.11189
G1 X96.256 Y106.951 E.13849
G1 X96.074 Y105.77 E.18541
G1 X96.04 Y105 E.21567
M73 P87 R3
G1 X96.074 Y104.219 E.24636
G1 X96.176 Y103.444 E.27705
G1 X96.343 Y102.692 E.3073
G1 X96.727 Y101.561 E.3542
G1 X97.051 Y100.866 E.38431
G1 X97.501 Y100.1 E.41919
G1 X97.884 Y99.556 E.44531
G1 X98.665 Y98.665 E.49183
G1 X99.555 Y97.885 E.5383
M73 Q87 S3
G1 X100.186 Y97.443 E.56855
G1 X100.863 Y97.053 E.59923
G1 X101.571 Y96.722 E.62992
G1 X102.248 Y96.476 E.6582
G1 X102.77 Y96.323 E.67956
G1 X103.443 Y96.176 E.70661
G1 X104.216 Y96.075 E.73722
G1 X105.103 Y96.042 E.77207
G1 X105.768 Y96.074 E.79821
G1 X106.95 Y96.255 E.84516
G1 X107.694 Y96.455 E.87541
G1 X108.429 Y96.722 E.90611
G1 X109.134 Y97.051 E.93666
G1 X109.9 Y97.501 E.97154
G1 X110.444 Y97.884 E.99766
G1 X111.343 Y98.673 E1.04463
G1 X111.864 Y99.241 E1.07489
G1 X112.339 Y99.861 E1.10556
G1 X112.759 Y100.52 E1.13624
G1 X113.115 Y101.204 E1.16652
G1 X113.544 Y102.306 E1.21295
G1 X113.753 Y103.158 E1.2474
G1 X113.86 Y103.723 E1.26998
G1 X113.935 Y104.426 E1.29774
G1 X113.956 Y105.08 E1.32343
G1 X113.926 Y105.781 E1.35098
G1 X113.825 Y106.545 E1.38124
G1 X113.541 Y107.705 E1.42813
G1 X113.278 Y108.429 E1.45838
G1 X112.947 Y109.137 E1.48907
G1 X112.562 Y109.805 E1.51934
G1 X111.856 Y110.767 E1.56619
G1 X111.336 Y111.336 E1.59646
G1 X110.759 Y111.864 E1.62717
G1 X110.188 Y112.302 E1.65543
G1 X109.736 Y112.604 E1.67677
G1 X109.139 Y112.947 E1.7038
G1 X108.429 Y113.278 E1.73456
G1 X107.694 Y113.545 E1.76526
G1 X106.939 Y113.747 E1.79595
G1 X106.18 Y113.881 E1.82621
G1 X105 Y113.959 E1.87264
G1 X103.82 Y113.881 E1.91907
G1 X103.061 Y113.747 E1.94933
G1 X102.306 Y113.545 E1.98002
G1 X101.571 Y113.278 E2.01072
G1 X100.863 Y112.947 E2.04141
G1 X100.186 Y112.557 E2.07209
G1 X99.546 Y112.108 E2.10279
G1 X98.955 Y111.613 E2.13306
G1 X98.13 Y110.75 E2.17994
G1 X97.711 Y110.205 E2.20693
G1 X97.335 Y110.384 F7800
G1 F884.349
G1 X97.328 Y110.374 E2.20741
G1 X96.837 Y109.591 E2.2437
G1 X96.511 Y108.959 E2.27162
G1 X96.196 Y108.2 E2.30389
G1 X96.039 Y107.722 E2.32364
G1 X95.857 Y107.035 E2.35155
G1 X95.668 Y105.81 E2.40022
G1 X95.633 Y105 E2.43205
G1 X95.668 Y104.184 E2.46412
G1 X95.775 Y103.373 E2.49624
G1 X95.95 Y102.582 E2.52805
G1 X96.349 Y101.409 E2.5767
G1 X96.69 Y100.676 E2.60844
G1 X97.158 Y99.879 E2.64473
G1 X97.564 Y99.304 E2.67237
G1 X98.377 Y98.377 E2.72078
G1 X99.303 Y97.565 E2.76914
G1 X99.967 Y97.1 E2.80097
G1 X100.675 Y96.691 E2.83307
G1 X101.415 Y96.346 E2.86513
G1 X102.187 Y96.065 E2.89739
G1 X102.671 Y95.928 E2.91714
G1 X103.372 Y95.775 E2.94531
G1 X104.182 Y95.669 E2.97739
G1 X105.106 Y95.635 E3.0137
G1 X105.809 Y95.668 E3.04133
G1 X107.034 Y95.856 E3.08999
G1 X107.817 Y96.066 E3.12182
G1 X108.585 Y96.346 E3.15392
G1 X109.324 Y96.69 E3.18593
G1 X110.121 Y97.158 E3.22222
G1 X110.696 Y97.564 E3.24986
G1 X111.628 Y98.381 E3.29852
G1 X112.176 Y98.979 E3.33037
G1 X112.673 Y99.627 E3.36244
G1 X113.112 Y100.316 E3.39452
G1 X113.487 Y101.036 E3.4264
G1 X113.933 Y102.184 E3.47476
G1 X114.226 Y103.38 E3.52311
G1 X114.319 Y104.086 E3.55107
G1 X114.363 Y105.098 E3.59084
G1 X114.332 Y105.816 E3.61906
G1 X114.226 Y106.62 E3.6509
G1 X113.931 Y107.823 E3.69953
G1 X113.654 Y108.585 E3.73137
G1 X113.309 Y109.325 E3.76343
G1 X112.904 Y110.027 E3.79525
G1 X112.171 Y111.026 E3.8439
G1 X111.624 Y111.624 E3.87572
G1 X111.021 Y112.176 E3.90782
G1 X110.37 Y112.676 E3.94005
G1 X109.949 Y112.952 E3.95982
G1 X109.326 Y113.309 E3.98801
G1 X108.585 Y113.654 E4.0201
G1 X107.817 Y113.934 E4.0522
G1 X107.027 Y114.145 E4.08431
G1 X106.229 Y114.286 E4.11613
G1 X105 Y114.367 E4.16449
G1 X103.771 Y114.286 E4.21285
G1 X102.973 Y114.145 E4.24467
G1 X102.183 Y113.934 E4.27678
G1 X101.415 Y113.654 E4.30888
G1 X100.675 Y113.309 E4.34094
G1 X99.967 Y112.9 E4.37304
G1 X99.298 Y112.432 E4.4051
G1 X98.676 Y111.91 E4.43698
G1 X97.82 Y111.016 E4.48558
G1 X97.372 Y110.431 E4.51451
G1 X96.996 Y110.61 F7800
;TYPE:External perimeter
G1 F884.349
G1 X96.993 Y110.607 E4.51468
G1 X96.483 Y109.793 E4.5524
G1 X96.141 Y109.131 E4.58166
G1 X95.814 Y108.342 E4.6152
G1 X95.648 Y107.838 E4.63604
G1 X95.457 Y107.118 E4.66529
G1 X95.262 Y105.85 E4.71566
G1 X95.225 Y105 E4.74907
G1 X95.262 Y104.148 E4.78255
G1 X95.374 Y103.303 E4.81602
G1 X95.558 Y102.472 E4.84944
G1 X95.97 Y101.257 E4.89981
G1 X96.329 Y100.487 E4.93317
G1 X96.816 Y99.658 E4.97092
G1 X97.244 Y99.051 E5.00008
G1 X98.089 Y98.088 E5.05038
G1 X99.051 Y97.244 E5.10063
G1 X99.748 Y96.756 E5.13404
G1 X100.487 Y96.33 E5.16753
G1 X101.259 Y95.969 E5.20099
G1 X102.062 Y95.677 E5.23454
G1 X102.572 Y95.533 E5.25535
G1 X103.302 Y95.374 E5.28469
G1 X104.148 Y95.262 E5.3182
G1 X105.108 Y95.228 E5.35592
G1 X105.85 Y95.262 E5.38508
G1 X107.118 Y95.457 E5.43545
G1 X107.939 Y95.678 E5.46883
G1 X108.741 Y95.969 E5.50233
G1 X109.513 Y96.329 E5.53578
G1 X110.342 Y96.816 E5.57353
M73 P88 R3
G1 X110.949 Y97.244 E5.60269
M73 Q88 S3
G1 X111.913 Y98.09 E5.65305
G1 X112.488 Y98.717 E5.68645
G1 X113.007 Y99.393 E5.71991
G1 X113.465 Y100.113 E5.75342
G1 X113.858 Y100.867 E5.78681
G1 X114.322 Y102.061 E5.83711
G1 X114.627 Y103.305 E5.8874
G1 X114.722 Y104.033 E5.91623
G1 X114.77 Y105.116 E5.9588
G1 X114.738 Y105.852 E5.98773
G1 X114.627 Y106.695 E6.02112
G1 X114.322 Y107.941 E6.07149
G1 X114.031 Y108.741 E6.10492
G1 X113.67 Y109.514 E6.13842
G1 X113.245 Y110.25 E6.17179
G1 X112.486 Y111.285 E6.22219
G1 X111.912 Y111.912 E6.25557
G1 X111.283 Y112.488 E6.28906
G1 X110.605 Y113.008 E6.32261
G1 X110.162 Y113.299 E6.34342
G1 X109.514 Y113.67 E6.37274
G1 X108.741 Y114.031 E6.40624
G1 X107.939 Y114.322 E6.43974
G1 X107.116 Y114.543 E6.4732
G1 X106.278 Y114.691 E6.50661
G1 X105 Y114.775 E6.5569
G1 X103.722 Y114.691 E6.60719
G1 X102.884 Y114.543 E6.6406
G1 X102.061 Y114.322 E6.67406
G1 X101.259 Y114.031 E6.70756
G1 X100.486 Y113.67 E6.74106
G1 X99.748 Y113.244 E6.77452
G1 X99.049 Y112.755 E6.80802
G1 X98.398 Y112.208 E6.84141
G1 X97.511 Y111.281 E6.89179
G1 X97.032 Y110.658 E6.92265
G1 X96.816 Y110.322 F7800
G92 E0
G1 X99.76 Y110.778
;TYPE:Internal infill
;WIDTH:0.45
;HEIGHT:0.4
G1 F494.289
G1 X99.533 Y109.342 E.10213
G1 X97.842 Y107.249 E.29115
G1 X96.751 Y107.609 E.37186
G1 X96.524 Y106.686 E.43863
G1 X96.378 Y105.74 E.50587
G1 X96.346 Y105 E.5579
G1 X96.476 Y103.503 E.66346
G1 X96.661 Y102.706 E.72094
G1 X96.945 Y101.868 E.7831
G1 X97.355 Y100.951 E.85366
G1 X97.886 Y101.263 E.89693
G1 X98.178 Y103.032 E1.02288
G92 E0
G1 X98.745 Y105.317 F7800
G1 F494.289
G1 X97.204 Y105.35 E.10828
G1 X97.778 Y107.056 E.23473
G92 E0
G1 X99.963 Y99.492 F7800
G1 F494.289
G1 X102.641 Y99.346 E.18841
G1 X102.455 Y97.714 F7800
G1 F494.289
G1 X102.961 Y99.817 E.34036
G1 X103.792 Y99.537 E.40196
G1 X104.912 Y99.412 E.48113
G1 X105.944 Y99.486 E.55381
G1 X106.913 Y99.742 E.62422
G1 X107.982 Y100.266 E.70785
G1 X108.781 Y100.876 E.77847
G1 X109.352 Y101.492 E.83748
G1 X110.114 Y102.014 E.90237
G92 E0
G1 X113.088 Y102.915 F7800
G1 F494.289
G1 X112.846 Y101.389 E.10854
G1 X112.487 Y100.661 E.16556
G1 X112.089 Y100.036 E.21761
G1 X111.539 Y99.338 E.28004
G1 X110.616 Y98.552 F7800
G1 F494.289
G1 X110.671 Y98.489 E.28591
G1 X109.897 Y97.872 E.35545
G1 X108.984 Y97.318 E.43047
G1 X107.797 Y96.817 E.52098
G1 X106.271 Y98.052 E.65889
G1 X105.847 Y96.96 E.74118
G92 E0
G1 X105.488 Y110.56 F7800
G1 F494.289
G1 X104.676 Y110.583 E.05707
G1 X104.028 Y110.51 E.10288
G1 X103.085 Y110.252 E.17156
G1 X102.896 Y110.771 E.21036
G1 X105.01 Y112.445 E.39979
G1 X107.004 Y113.138 E.54809
G1 X108.625 Y112.839 F7800
G1 F494.289
G1 X109.964 Y112.089 E.6559
G1 X110.674 Y111.528 E.71947
G1 X109.846 Y110.623 E.80564
G1 X109.566 Y108.967 E.92362
G1 X110.028 Y110.532 F7800
G1 F494.289
G1 X111.556 Y109.768 E1.04363
;LAYER_CHANGE
;Z:12.35
;HEIGHT:0.200001
G92 E0
G1 Z12.35 F7800
G1 X104.334 Y110.229
;TYPE:Perimeter
;WIDTH:0.449999
G1 F884.349
G1 X103.779 Y110.139 E.02208
G1 X102.905 Y109.849 E.05824
G1 X102.097 Y109.412 E.09431
G1 X101.87 Y109.258 E.10508
G1 X101.172 Y108.643 E.14161
G1 X100.707 Y108.087 E.17007
G1 X100.18 Y107.174 E.21146
G1 X99.94 Y106.513 E.23907
G1 X99.816 Y105.925 E.26267
G1 X99.727 Y105.34 E.2859
G1 X99.746 Y104.462 E.32038
G1 X99.876 Y103.695 E.35093
G1 X100.172 Y102.846 E.38623
G1 X100.505 Y102.216 E.41421
G1 X101.043 Y101.495 E.44953
G1 X101.72 Y100.855 E.48611
G1 X102.195 Y100.524 E.50884
G1 X103.051 Y100.092 E.54649
G1 X103.705 Y99.878 E.57351
G1 X104.61 Y99.734 E.60949
G1 X104.947 Y99.721 E.62273
G1 X105.809 Y99.778 E.65665
G1 X106.665 Y99.987 E.69125
G1 X107.467 Y100.348 E.72578
G1 X107.915 Y100.59 E.74577
G1 X108.505 Y101.043 E.77498
G1 X109.06 Y101.646 E.80716
G1 X109.38 Y102.041 E.82712
G1 X109.753 Y102.686 E.85638
G1 X110.067 Y103.507 E.89089
G1 X110.179 Y104.041 E.91231
G1 X110.273 Y104.66 E.93689
G1 X110.273 Y105.394 E.96571
G1 X110.09 Y106.433 E1.00713
G1 X109.849 Y107.095 E1.03479
G1 X109.551 Y107.663 E1.05998
G1 X109.264 Y108.121 E1.0812
G1 X108.651 Y108.821 E1.11773
G1 X107.987 Y109.337 E1.15075
G1 X107.566 Y109.622 E1.17071
G1 X106.891 Y109.936 E1.19994
G1 X105.866 Y110.217 E1.24167
G1 X105.296 Y110.279 E1.26418
G1 X104.606 Y110.273 E1.29127
G1 X104.393 Y110.238 E1.29975
G1 X104.378 Y109.826 F7800
G1 F884.349
G1 X103.849 Y109.738 E1.32081
G1 X103.044 Y109.466 E1.35417
G1 X102.301 Y109.059 E1.38743
G1 X101.708 Y108.572 E1.41756
G1 X101.278 Y108.148 E1.44127
G1 X100.972 Y107.756 E1.4608
G1 X100.6 Y107.111 E1.49004
G1 X100.323 Y106.375 E1.52092
G1 X100.218 Y105.863 E1.54144
G1 X100.129 Y105.279 E1.56464
G1 X100.153 Y104.48 E1.59603
G1 X100.275 Y103.775 E1.62412
G1 X100.555 Y102.986 E1.65699
G1 X100.862 Y102.411 E1.68258
G1 X101.366 Y101.743 E1.71544
G1 X101.995 Y101.155 E1.74925
G1 X102.421 Y100.863 E1.76953
G1 X103.223 Y100.461 E1.80475
G1 X103.818 Y100.269 E1.8293
G1 X104.662 Y100.137 E1.86284
G1 X105.436 Y100.161 E1.89325
G1 X105.99 Y100.228 E1.91516
G1 X106.619 Y100.396 E1.94072
G1 X107.667 Y100.913 E1.9866
G1 X108.258 Y101.366 E2.01584
G1 X109.028 Y102.245 E2.06172
G1 X109.4 Y102.889 E2.09092
G1 X109.684 Y103.646 E2.12267
G1 X109.871 Y104.719 E2.16544
G1 X109.866 Y105.385 E2.19159
G1 X109.727 Y106.212 E2.22452
G1 X109.466 Y106.956 E2.25548
G1 X109.198 Y107.46 E2.27789
G1 X108.958 Y107.853 E2.29597
G1 X108.345 Y108.552 E2.33247
G1 X107.747 Y109.008 E2.362
G1 X107.394 Y109.253 E2.37887
G1 X106.719 Y109.567 E2.4081
G1 X105.89 Y109.798 E2.44189
G1 X105.378 Y109.861 E2.46215
G1 X104.615 Y109.866 E2.49211
G1 X104.437 Y109.836 E2.4992
G1 X104.422 Y109.424 F7800
;TYPE:External perimeter
G1 F884.349
G1 X103.92 Y109.337 E2.5192
G1 X103.183 Y109.084 E2.5498
G1 X102.505 Y108.707 E2.58026
G1 X101.977 Y108.267 E2.60725
G1 X101.596 Y107.894 E2.62819
G1 X101.325 Y107.552 E2.64532
G1 X100.952 Y106.907 E2.67458
G1 X100.706 Y106.236 E2.70264
G1 X100.532 Y105.219 E2.74315
G1 X100.56 Y104.499 E2.77144
G1 X100.674 Y103.855 E2.79712
G1 X100.938 Y103.125 E2.8276
G1 X101.219 Y102.607 E2.85074
G1 X101.689 Y101.99 E2.88119
G1 X102.269 Y101.456 E2.91215
G1 X102.751 Y101.132 E2.93495
G1 X103.394 Y100.83 E2.96284
G1 X103.932 Y100.66 E2.98499
G1 X104.715 Y100.541 E3.01609
G1 X105.409 Y100.567 E3.04336
G1 X105.884 Y100.621 E3.06213
G1 X106.514 Y100.79 E3.08774
G1 X107.419 Y101.236 E3.12736
G1 X108.01 Y101.689 E3.1566
G1 X108.675 Y102.448 E3.19622
G1 X109.048 Y103.093 E3.22548
G1 X109.302 Y103.784 E3.25439
G1 X109.468 Y104.781 E3.29408
G1 X109.459 Y105.376 E3.31745
G1 X109.326 Y106.141 E3.34794
G1 X109.084 Y106.817 E3.37613
G1 X108.675 Y107.552 E3.40916
G1 X108.039 Y108.284 E3.44723
G1 X107.222 Y108.884 E3.48703
G1 X106.547 Y109.198 E3.51626
G1 X105.786 Y109.405 E3.54723
G1 X105.208 Y109.47 E3.57007
G1 X104.624 Y109.459 E3.593
G1 X104.481 Y109.434 E3.5987
G1 X104.087 Y109.366 F7800
G92 E0
G1 X97.674 Y110.157
;TYPE:Perimeter
G1 F884.349
G1 X97.661 Y110.139 E.00087
G1 X97.241 Y109.48 E.03155
G1 X96.885 Y108.796 E.06183
G1 X96.456 Y107.694 E.10826
G1 X96.175 Y106.545 E.1547
G1 X96.074 Y105.781 E.18496
G1 X96.04 Y105 E.21565
G1 X96.074 Y104.219 E.24634
G1 X96.176 Y103.447 E.27692
G1 X96.367 Y102.608 E.31071
G1 X96.577 Y101.947 E.33794
G1 X97.057 Y100.856 E.38474
G1 X97.486 Y100.123 E.41809
G1 X97.885 Y99.555 E.44534
G1 X98.665 Y98.665 E.49181
G1 X99.555 Y97.885 E.53828
G1 X100.186 Y97.443 E.56853
G1 X100.863 Y97.053 E.59921
G1 X101.571 Y96.722 E.6299
G1 X102.251 Y96.475 E.65831
G1 X102.743 Y96.33 E.67845
G1 X103.443 Y96.176 E.70659
G1 X104.216 Y96.075 E.7372
G1 X105.076 Y96.042 E.77099
G1 X105.769 Y96.074 E.79823
G1 X106.95 Y96.255 E.84514
G1 X107.694 Y96.455 E.87539
G1 X108.429 Y96.722 E.90609
G1 X109.137 Y97.053 E.93678
G1 X109.814 Y97.443 E.96746
G1 X110.445 Y97.885 E.99771
G1 X111.343 Y98.673 E1.04462
G1 X111.864 Y99.241 E1.07488
G1 X112.339 Y99.861 E1.10555
G1 X112.754 Y100.511 E1.13583
G1 X113.316 Y101.676 E1.18662
G1 X113.566 Y102.377 E1.21584
G1 X113.704 Y102.899 E1.23704
G1 X113.834 Y103.521 E1.26199
G1 X113.929 Y104.301 E1.29284
G1 X113.956 Y105.08 E1.32345
G1 X113.926 Y105.781 E1.351
G1 X113.824 Y106.556 E1.38169
G1 X113.657 Y107.308 E1.41194
G1 X113.277 Y108.429 E1.45842
G1 X112.753 Y109.489 E1.50485
G1 X112.339 Y110.139 E1.53511
M73 P89 R3
M73 Q89 S3
G1 X111.864 Y110.759 E1.56578
G1 X111.336 Y111.336 E1.59649
G1 X110.759 Y111.864 E1.6272
G1 X110.139 Y112.339 E1.65787
G1 X109.489 Y112.754 E1.68815
G1 X108.489 Y113.247 E1.73193
G1 X108.004 Y113.44 E1.75243
G1 X107.32 Y113.654 E1.78057
G1 X106.556 Y113.824 E1.8113
G1 X105.781 Y113.926 E1.84199
G1 X105.011 Y113.959 E1.87225
G1 X103.82 Y113.881 E1.91911
G1 X103.061 Y113.747 E1.94937
G1 X102.306 Y113.545 E1.98006
G1 X101.571 Y113.278 E2.01076
G1 X100.863 Y112.947 E2.04145
G1 X100.186 Y112.557 E2.07213
G1 X99.546 Y112.108 E2.10283
G1 X98.955 Y111.613 E2.1331
G1 X98.13 Y110.75 E2.17998
G1 X97.711 Y110.205 E2.20697
G1 X97.335 Y110.384 F7800
G1 F884.349
G1 X97.327 Y110.373 E2.2075
G1 X96.888 Y109.684 E2.23958
G1 X96.513 Y108.965 E2.27142
G1 X96.067 Y107.816 E2.31981
G1 X95.774 Y106.62 E2.36816
G1 X95.668 Y105.816 E2.4
G1 X95.633 Y105 E2.43207
G1 X95.668 Y104.184 E2.46414
G1 X95.775 Y103.375 E2.49618
G1 X95.974 Y102.501 E2.53138
G1 X96.195 Y101.803 E2.56013
G1 X96.694 Y100.67 E2.60874
G1 X97.143 Y99.902 E2.64367
G1 X97.564 Y99.303 E2.67242
G1 X98.377 Y98.377 E2.7208
G1 X99.303 Y97.565 E2.76916
G1 X99.967 Y97.1 E2.80099
G1 X100.675 Y96.691 E2.83309
G1 X101.415 Y96.346 E2.86515
G1 X102.111 Y96.092 E2.89424
G1 X102.644 Y95.935 E2.91606
G1 X103.373 Y95.775 E2.94537
G1 X104.182 Y95.669 E2.97741
G1 X105.078 Y95.634 E3.01262
G1 X105.809 Y95.668 E3.04135
G1 X107.034 Y95.856 E3.09001
G1 X107.817 Y96.066 E3.12184
G1 X108.585 Y96.346 E3.15394
G1 X109.325 Y96.691 E3.186
G1 X110.033 Y97.1 E3.2181
G1 X110.697 Y97.565 E3.24993
G1 X111.628 Y98.381 E3.29854
G1 X112.176 Y98.979 E3.33039
G1 X112.673 Y99.627 E3.36246
G1 X113.109 Y100.311 E3.39431
G1 X113.657 Y101.422 E3.44295
G1 X113.908 Y102.111 E3.47174
G1 X114.065 Y102.644 E3.49356
G1 X114.225 Y103.373 E3.52287
G1 X114.319 Y104.086 E3.55111
G1 X114.363 Y105.098 E3.59088
G1 X114.332 Y105.816 E3.6191
G1 X114.225 Y106.627 E3.65122
G1 X114.05 Y107.418 E3.68303
G1 X113.654 Y108.585 E3.73142
G1 X113.109 Y109.689 E3.77976
G1 X112.673 Y110.373 E3.81161
G1 X112.176 Y111.021 E3.84368
G1 X111.624 Y111.624 E3.87578
G1 X111.021 Y112.176 E3.90788
G1 X110.373 Y112.673 E3.93995
G1 X109.689 Y113.109 E3.9718
G1 X108.669 Y113.612 E4.01645
G1 X108.137 Y113.825 E4.03895
G1 X107.425 Y114.048 E4.06825
G1 X106.627 Y114.225 E4.10034
G1 X105.816 Y114.332 E4.13246
G1 X105.006 Y114.367 E4.16429
G1 X103.771 Y114.286 E4.21289
G1 X102.973 Y114.145 E4.24471
G1 X102.183 Y113.934 E4.27682
G1 X101.415 Y113.654 E4.30892
G1 X100.675 Y113.309 E4.34098
G1 X99.967 Y112.9 E4.37308
G1 X99.298 Y112.432 E4.40514
G1 X98.676 Y111.91 E4.43702
G1 X97.82 Y111.016 E4.48562
G1 X97.372 Y110.431 E4.51455
G1 X96.996 Y110.61 F7800
;TYPE:External perimeter
G1 F884.349
G1 X96.993 Y110.607 E4.51472
G1 X96.535 Y109.887 E4.54823
G1 X96.142 Y109.133 E4.58162
G1 X95.678 Y107.939 E4.63192
G1 X95.373 Y106.695 E4.68221
G1 X95.262 Y105.852 E4.7156
G1 X95.225 Y105 E4.74908
G1 X95.262 Y104.148 E4.78256
G1 X95.374 Y103.303 E4.81603
G1 X95.58 Y102.394 E4.85263
G1 X95.814 Y101.659 E4.88292
G1 X96.331 Y100.485 E4.93329
G1 X96.8 Y99.682 E4.9698
G1 X97.244 Y99.051 E5.00009
G1 X98.089 Y98.088 E5.05039
G1 X99.051 Y97.244 E5.10064
G1 X99.748 Y96.756 E5.13405
G1 X100.487 Y96.33 E5.16754
G1 X101.259 Y95.969 E5.201
G1 X102.062 Y95.677 E5.23455
G1 X102.544 Y95.54 E5.25423
G1 X103.302 Y95.374 E5.2847
G1 X104.147 Y95.262 E5.31817
G1 X105.079 Y95.227 E5.35479
G1 X105.85 Y95.262 E5.38509
G1 X107.118 Y95.457 E5.43546
G1 X107.939 Y95.678 E5.46884
G1 X108.741 Y95.969 E5.50234
G1 X109.514 Y96.33 E5.53584
G1 X110.252 Y96.756 E5.5693
G1 X110.949 Y97.244 E5.60271
G1 X111.913 Y98.09 E5.65307
G1 X112.488 Y98.717 E5.68647
G1 X113.007 Y99.393 E5.71993
G1 X113.464 Y100.111 E5.75335
G1 X114.031 Y101.261 E5.80369
G1 X114.323 Y102.062 E5.83717
G1 X114.46 Y102.544 E5.85685
G1 X114.626 Y103.302 E5.88732
G1 X114.722 Y104.033 E5.91627
G1 X114.77 Y105.116 E5.95884
G1 X114.738 Y105.852 E5.98777
G1 X114.626 Y106.697 E6.02124
G1 X114.442 Y107.528 E6.05466
G1 X114.03 Y108.741 E6.10496
G1 X113.464 Y109.889 E6.15522
G1 X113.007 Y110.607 E6.18864
G1 X112.488 Y111.283 E6.2221
G1 X111.912 Y111.912 E6.25559
G1 X111.283 Y112.488 E6.28908
G1 X110.607 Y113.007 E6.32254
G1 X109.889 Y113.464 E6.35596
G1 X108.849 Y113.977 E6.40149
G1 X108.271 Y114.21 E6.42596
G1 X107.53 Y114.442 E6.45645
G1 X106.697 Y114.626 E6.48995
G1 X105.852 Y114.738 E6.52342
G1 X105.002 Y114.775 E6.55683
G1 X103.722 Y114.691 E6.6072
G1 X102.884 Y114.543 E6.64061
G1 X102.061 Y114.322 E6.67407
G1 X101.259 Y114.031 E6.70757
G1 X100.486 Y113.67 E6.74107
G1 X99.748 Y113.244 E6.77453
G1 X99.049 Y112.755 E6.80803
G1 X98.398 Y112.208 E6.84142
G1 X97.511 Y111.281 E6.8918
G1 X97.032 Y110.658 E6.92266
G1 X96.813 Y110.323 F7800
;LAYER_CHANGE
;Z:12.55
;HEIGHT:0.2
G92 E0
G1 Z12.55 F7800
G1 X104.334 Y110.228
;TYPE:Perimeter
G1 F884.349
G1 X103.598 Y110.076 E.02951
G1 X103.108 Y109.936 E.04952
G1 X102.429 Y109.618 E.07896
G1 X101.788 Y109.172 E.10962
G1 X101.349 Y108.82 E.13171
G1 X100.736 Y108.121 E.16821
G1 X100.449 Y107.663 E.18943
G1 X100.172 Y107.153 E.21222
G1 X99.916 Y106.447 E.24171
G1 X99.727 Y105.341 E.28577
G1 X99.746 Y104.466 E.32013
G1 X99.876 Y103.696 E.35079
G1 X100.162 Y102.877 E.38485
G1 X100.505 Y102.215 E.41412
G1 X101.043 Y101.495 E.44941
G1 X101.666 Y100.904 E.48313
G1 X102.221 Y100.507 E.50992
G1 X103.052 Y100.091 E.54641
G1 X103.791 Y99.853 E.57689
G1 X104.613 Y99.733 E.60951
G1 X104.922 Y99.719 E.62166
G1 X105.809 Y99.778 E.65656
G1 X106.665 Y99.987 E.69116
G1 X107.467 Y100.348 E.72569
G1 X107.915 Y100.59 E.74568
G1 X108.506 Y101.044 E.77494
G1 X109.007 Y101.55 E.8029
G1 X109.533 Y102.281 E.83826
G1 X109.91 Y103.053 E.87199
G1 X110.165 Y103.904 E.90687
G1 X110.269 Y104.61 E.93489
G1 X110.242 Y105.499 E.96981
G1 X110.19 Y106.005 E.98978
G1 X109.997 Y106.725 E1.01905
G1 X109.72 Y107.382 E1.04705
G1 X109.264 Y108.121 E1.08115
G1 X108.678 Y108.79 E1.11607
G1 X108.087 Y109.293 E1.14654
G1 X107.314 Y109.753 E1.18186
G1 X106.447 Y110.084 E1.2183
G1 X105.341 Y110.273 E1.26236
G1 X104.46 Y110.254 E1.29696
G1 X104.392 Y110.24 E1.29969
G1 X104.378 Y109.826 F7800
G1 F884.349
G1 X103.695 Y109.681 E1.32711
G1 X103.281 Y109.567 E1.34397
G1 X102.601 Y109.249 E1.37345
G1 X102.029 Y108.844 E1.40097
G1 X101.635 Y108.529 E1.42078
G1 X101.042 Y107.853 E1.45609
G1 X100.6 Y107.11 E1.49004
G1 X100.333 Y106.403 E1.51971
G1 X100.219 Y105.863 E1.54138
G1 X100.129 Y105.279 E1.56458
G1 X100.153 Y104.485 E1.59577
G1 X100.275 Y103.775 E1.62406
G1 X100.544 Y103.017 E1.65564
G1 X100.862 Y102.411 E1.68251
G1 X101.366 Y101.743 E1.71537
G1 X101.941 Y101.204 E1.74632
G1 X102.447 Y100.845 E1.77068
G1 X103.224 Y100.46 E1.80473
G1 X103.905 Y100.244 E1.83278
G1 X104.666 Y100.137 E1.86295
G1 X105.438 Y100.161 E1.89328
G1 X105.99 Y100.228 E1.91511
G1 X106.619 Y100.396 E1.94067
G1 X107.667 Y100.913 E1.98655
G1 X108.258 Y101.366 E2.01579
G1 X108.713 Y101.832 E2.04136
G1 X109.199 Y102.514 E2.07424
G1 X109.541 Y103.225 E2.10522
G1 X109.771 Y104.009 E2.1373
G1 X109.864 Y104.654 E2.16289
G1 X109.836 Y105.472 E2.19503
G1 X109.796 Y105.9 E2.21191
G1 X109.604 Y106.619 E2.24113
G1 X109.348 Y107.218 E2.26671
G1 X108.92 Y107.903 E2.29842
G1 X108.379 Y108.515 E2.33049
G1 X107.832 Y108.975 E2.35855
G1 X107.111 Y109.4 E2.39141
G1 X106.308 Y109.701 E2.42508
G1 X105.28 Y109.871 E2.46599
G1 X104.478 Y109.848 E2.49749
G1 X104.437 Y109.839 E2.49914
G1 X104.422 Y109.424 F7800
;TYPE:External perimeter
G1 F884.349
G1 X103.453 Y109.198 E2.53821
G1 X102.773 Y108.881 E2.56767
G1 X101.941 Y108.261 E2.60841
G1 X101.348 Y107.584 E2.64375
G1 X100.952 Y106.907 E2.67455
G1 X100.716 Y106.264 E2.70144
G1 X100.532 Y105.218 E2.74314
G1 X100.559 Y104.503 E2.77123
G1 X100.674 Y103.855 E2.79707
G1 X100.927 Y103.156 E2.82626
G1 X101.219 Y102.607 E2.85068
G1 X101.689 Y101.99 E2.88113
G1 X102.215 Y101.505 E2.90922
G1 X102.673 Y101.184 E2.93118
G1 X103.395 Y100.829 E2.96277
G1 X104.018 Y100.634 E2.9884
G1 X104.719 Y100.54 E3.01617
G1 X105.411 Y100.568 E3.04336
G1 X105.884 Y100.621 E3.06205
G1 X106.514 Y100.79 E3.08766
G1 X107.419 Y101.236 E3.12728
G1 X108.01 Y101.689 E3.15652
G1 X108.419 Y102.113 E3.17965
G1 X108.866 Y102.748 E3.21014
G1 X109.172 Y103.397 E3.23831
G1 X109.378 Y104.114 E3.2676
G1 X109.46 Y104.698 E3.29076
G1 X109.403 Y105.794 E3.33385
G1 X109.21 Y106.514 E3.36312
G1 X108.975 Y107.054 E3.38624
G1 X108.577 Y107.684 E3.4155
G1 X108.079 Y108.239 E3.44478
G1 X107.578 Y108.658 E3.47042
G1 X106.907 Y109.048 E3.50089
G1 X106.17 Y109.319 E3.53172
G1 X105.218 Y109.468 E3.56955
G1 X104.495 Y109.441 E3.59796
G1 X104.481 Y109.438 E3.59852
G1 X104.091 Y109.347 F7800
G92 E0
G1 X97.648 Y110.12
;TYPE:Perimeter
G1 F884.349
G1 X97.246 Y109.489 E.02938
G1 X96.718 Y108.418 E.07626
G1 X96.459 Y107.705 E.10605
G1 X96.175 Y106.545 E.15294
G1 X96.074 Y105.781 E.1832
G1 X96.04 Y105 E.21389
G1 X96.074 Y104.221 E.24451
G1 X96.186 Y103.397 E.27716
G1 X96.343 Y102.692 E.30552
G1 X96.727 Y101.561 E.35242
G1 X97.053 Y100.863 E.38267
G1 X97.442 Y100.188 E.41326
G1 X97.922 Y99.508 E.44594
G1 X98.387 Y98.956 E.47428
G1 X99.242 Y98.137 E.52077
G1 X100.196 Y97.438 E.56721
G1 X100.863 Y97.053 E.59745
G1 X101.571 Y96.722 E.62814
G1 X102.295 Y96.459 E.65839
G1 X103.455 Y96.175 E.70528
G1 X104.217 Y96.074 E.73546
G1 X105.048 Y96.041 E.76811
G1 X105.769 Y96.074 E.79645
G1 X106.95 Y96.255 E.84336
G1 X107.694 Y96.455 E.87361
G1 X108.429 Y96.722 E.90431
G1 X109.137 Y97.053 E.935
G1 X109.814 Y97.443 E.96568
G1 X110.445 Y97.885 E.99593
G1 X111.343 Y98.673 E1.04284
G1 X111.864 Y99.241 E1.0731
G1 X112.333 Y99.852 E1.10334
G1 X112.952 Y100.873 E1.15022
G1 X113.278 Y101.571 E1.18047
G1 X113.545 Y102.306 E1.21117
G1 X113.745 Y103.05 E1.24142
G1 X113.935 Y104.424 E1.29588
G1 X113.956 Y105.08 E1.32165
G1 X113.926 Y105.781 E1.3492
G1 X113.824 Y106.556 E1.37989
G1 X113.657 Y107.308 E1.41014
G1 X113.273 Y108.439 E1.45704
G1 X112.952 Y109.127 E1.48685
G1 X112.333 Y110.148 E1.53373
G1 X111.864 Y110.759 E1.56397
G1 X111.336 Y111.336 E1.59468
G1 X110.759 Y111.864 E1.62539
G1 X110.139 Y112.339 E1.65606
G1 X109.489 Y112.754 E1.68634
G1 X108.428 Y113.277 E1.73279
G1 X107.308 Y113.657 E1.77923
G1 X106.556 Y113.824 E1.80948
G1 X105.781 Y113.926 E1.84017
M73 P90 R3
M73 Q90 S3
G1 X105 Y113.96 E1.87086
G1 X104.219 Y113.926 E1.90155
G1 X103.444 Y113.824 E1.93224
G1 X102.681 Y113.655 E1.96292
G1 X101.946 Y113.423 E1.99318
G1 X100.853 Y112.942 E2.04007
G1 X100.186 Y112.557 E2.07031
G1 X99.555 Y112.115 E2.10056
G1 X98.657 Y111.327 E2.14747
G1 X98.136 Y110.759 E2.17773
G1 X97.683 Y110.169 E2.20694
G1 X97.319 Y110.361 F7800
G1 F884.349
G1 X96.891 Y109.689 E2.23822
G1 X96.343 Y108.578 E2.28686
G1 X96.068 Y107.823 E2.31841
G1 X95.774 Y106.62 E2.36704
G1 X95.668 Y105.816 E2.39888
G1 X95.633 Y105 E2.43095
G1 X95.668 Y104.185 E2.46298
G1 X95.785 Y103.325 E2.49706
G1 X95.95 Y102.582 E2.52694
G1 X96.349 Y101.409 E2.57559
G1 X96.691 Y100.675 E2.60739
G1 X97.099 Y99.968 E2.63944
G1 X97.599 Y99.259 E2.6735
G1 X98.089 Y98.677 E2.70337
G1 X98.979 Y97.825 E2.75175
G1 X99.973 Y97.096 E2.80015
G1 X100.675 Y96.691 E2.83197
G1 X101.415 Y96.346 E2.86403
G1 X102.177 Y96.068 E2.89588
G1 X103.38 Y95.774 E2.94451
G1 X104.182 Y95.668 E2.97627
G1 X105.049 Y95.634 E3.01034
G1 X105.81 Y95.668 E3.04025
G1 X107.034 Y95.856 E3.08887
G1 X107.817 Y96.066 E3.1207
G1 X108.585 Y96.346 E3.1528
G1 X109.325 Y96.691 E3.18486
G1 X110.033 Y97.1 E3.21696
G1 X110.697 Y97.565 E3.24879
G1 X111.628 Y98.381 E3.2974
G1 X112.176 Y98.979 E3.32925
G1 X112.669 Y99.622 E3.36106
G1 X113.312 Y100.681 E3.40971
G1 X113.654 Y101.415 E3.44151
G1 X113.934 Y102.183 E3.47361
G1 X114.144 Y102.966 E3.50544
G1 X114.313 Y104.069 E3.54925
G1 X114.363 Y105.098 E3.5897
G1 X114.332 Y105.816 E3.61792
G1 X114.225 Y106.627 E3.65004
G1 X114.05 Y107.418 E3.68185
G1 X113.651 Y108.591 E3.7305
G1 X113.312 Y109.32 E3.76207
G1 X112.669 Y110.378 E3.81068
G1 X112.176 Y111.021 E3.84249
G1 X111.624 Y111.624 E3.87459
G1 X111.021 Y112.176 E3.90669
G1 X110.373 Y112.673 E3.93876
G1 X109.689 Y113.109 E3.97061
G1 X108.584 Y113.654 E4.01899
G1 X107.418 Y114.05 E4.06734
G1 X106.627 Y114.225 E4.09915
G1 X105.816 Y114.332 E4.13127
G1 X105 Y114.367 E4.16334
G1 X104.184 Y114.332 E4.19541
G1 X103.373 Y114.225 E4.22753
G1 X102.576 Y114.048 E4.25959
G1 X101.802 Y113.804 E4.29146
G1 X100.669 Y113.306 E4.34005
G1 X99.967 Y112.9 E4.37189
G1 X99.303 Y112.435 E4.40372
G1 X98.372 Y111.619 E4.45233
G1 X97.824 Y111.021 E4.48418
G1 X97.355 Y110.41 E4.51442
G1 X96.99 Y110.602 F7800
;TYPE:External perimeter
G1 F884.349
G1 X96.536 Y109.889 E4.54761
G1 X95.969 Y108.739 E4.59795
G1 X95.678 Y107.941 E4.6313
G1 X95.373 Y106.695 E4.68167
G1 X95.262 Y105.852 E4.71506
G1 X95.225 Y105 E4.74854
G1 X95.262 Y104.148 E4.78202
G1 X95.384 Y103.253 E4.81749
G1 X95.558 Y102.472 E4.84891
G1 X95.97 Y101.257 E4.89928
G1 X96.33 Y100.486 E4.93269
G1 X96.756 Y99.748 E4.96615
G1 X97.277 Y99.01 E5.00162
G1 X97.792 Y98.398 E5.03303
G1 X98.717 Y97.512 E5.08332
G1 X99.75 Y96.755 E5.13361
G1 X100.486 Y96.33 E5.16698
G1 X101.259 Y95.969 E5.20048
G1 X102.059 Y95.678 E5.23391
G1 X103.305 Y95.373 E5.28428
G1 X104.148 Y95.262 E5.31767
G1 X105.05 Y95.226 E5.35311
G1 X105.85 Y95.262 E5.38455
G1 X107.118 Y95.457 E5.43492
G1 X107.939 Y95.678 E5.4683
G1 X108.741 Y95.969 E5.5018
G1 X109.514 Y96.33 E5.5353
G1 X110.252 Y96.756 E5.56876
G1 X110.949 Y97.244 E5.60217
G1 X111.913 Y98.09 E5.65253
G1 X112.488 Y98.717 E5.68593
G1 X113.006 Y99.392 E5.71934
G1 X113.671 Y100.489 E5.76971
G1 X114.031 Y101.259 E5.80308
G1 X114.322 Y102.061 E5.83658
G1 X114.543 Y102.882 E5.86996
G1 X114.716 Y104.007 E5.91465
G1 X114.756 Y104.574 E5.93697
G1 X114.77 Y105.116 E5.95826
G1 X114.738 Y105.852 E5.98719
G1 X114.626 Y106.697 E6.02066
G1 X114.442 Y107.528 E6.05408
G1 X114.03 Y108.743 E6.10445
G1 X113.671 Y109.512 E6.13777
G1 X113.006 Y110.608 E6.18811
G1 X112.488 Y111.283 E6.22152
G1 X111.912 Y111.912 E6.25501
G1 X111.283 Y112.488 E6.2885
G1 X110.607 Y113.007 E6.32196
G1 X109.889 Y113.464 E6.35538
G1 X108.74 Y114.031 E6.40569
G1 X107.528 Y114.442 E6.45594
G1 X106.697 Y114.626 E6.48936
G1 X105.852 Y114.738 E6.52283
G1 X105 Y114.775 E6.55631
G1 X104.148 Y114.738 E6.58979
G1 X103.303 Y114.626 E6.62326
G1 X102.47 Y114.442 E6.65676
G1 X101.659 Y114.186 E6.69015
G1 X100.485 Y113.669 E6.74052
G1 X99.748 Y113.244 E6.77392
G1 X99.051 Y112.756 E6.80733
G1 X98.087 Y111.91 E6.85769
G1 X97.512 Y111.283 E6.89109
G1 X97.027 Y110.65 E6.9224
G1 X96.808 Y110.315 F7800
G92 E0
G1 X99.75 Y111.178
;TYPE:Internal infill
;WIDTH:0.45
;HEIGHT:0.4
G1 F494.289
G1 X99.905 Y109.195 E.13973
G1 X97.842 Y107.249 E.33896
G1 X96.746 Y107.595 E.4197
G1 X96.475 Y106.488 E.49976
G1 X96.354 Y105.193 E.59113
G92 E0
G1 X99.144 Y105.347 F7800
G1 F494.289
G1 X96.879 Y105.117 E.15993
G1 X97.759 Y107.064 E.31003
G1 X97.851 Y107.046 F7800
G1 F494.289
G1 X98.017 Y103.132 E.58523
G1 X97.875 Y101.072 E.73029
G1 X99.917 Y99.375 E.91681
G92 E0
G1 X102.375 Y97.322 F7800
G1 F494.289
G1 X102.716 Y99.375 E.1462
G1 X102.921 Y99.819 E.18055
G1 X103.712 Y99.557 E.23909
G1 X104.905 Y99.412 E.32351
G1 X105.944 Y99.486 E.39668
M73 P90 R2
G1 X106.915 Y99.743 E.46724
G1 X107.959 Y100.253 E.54886
G1 X108.759 Y100.857 E.61928
M73 Q90 S2
G1 X109.204 Y101.325 E.66465
G1 X110.439 Y102.247 E.77292
G92 E0
G1 X110.769 Y104.655 F7800
G1 F494.289
G1 X110.581 Y104.675 E.01328
G1 X110.518 Y105.917 E.10064
G1 X110.188 Y107.062 E.18435
G1 X109.5 Y108.572 F7800
G1 F494.289
G1 X109.844 Y110.624 E.33051
G1 X110.672 Y111.53 E.41673
G1 X111.63 Y110.563 E.51235
G1 X112.08 Y109.975 E.56437
G1 X112.577 Y109.157 E.63161
G1 X112.994 Y108.311 E.69787
G1 X113.362 Y107.226 E.77836
G1 X113.508 Y106.571 E.8255
G1 X113.411 Y106.548 E.8325
G92 E0
G1 X113.162 Y103.308 F7800
G1 F494.289
G1 X112.673 Y101.037 E.16319
G1 X112.08 Y100.025 E.24559
G1 X111.272 Y99.048 E.33465
G1 X110.352 Y98.853 F7800
G1 F494.289
G1 X110.671 Y98.489 E.36865
G1 X110.257 Y98.126 E.40733
G1 X108.996 Y97.324 E.51231
G1 X107.958 Y96.876 E.59173
G1 X106.155 Y98.435 E.75917
G1 X105.75 Y96.572 E.8931
G92 E0
G1 X111.913 Y109.589 F7800
G1 F494.289
G1 X110.026 Y110.533 E.14822
G92 E0
G1 X106.773 Y110.437 F7800
G1 F494.289
G1 X106.727 Y110.312 E.00936
G1 X106.016 Y110.5 E.06102
G1 X105.244 Y110.589 E.11561
G1 X104.539 Y110.575 E.16515
G1 X103.661 Y110.428 E.22769
G1 X102.785 Y110.13 E.29269
G1 X102.528 Y110.926 E.35145
G1 X104.731 Y112.731 E.55152
G1 X107.394 Y113.225 E.74179
;LAYER_CHANGE
;Z:12.75
;HEIGHT:0.2
G92 E0
G1 Z12.75 F7800
G1 X104.333 Y110.234
;TYPE:Perimeter
;WIDTH:0.449999
G1 F884.349
G1 X104.148 Y110.218 E.00729
G1 X103.305 Y110.005 E.04143
G1 X102.491 Y109.648 E.07633
G1 X101.834 Y109.235 E.1068
G1 X101.161 Y108.634 E.14223
G1 X100.707 Y108.087 E.17014
G1 X100.189 Y107.195 E.21064
G1 X99.917 Y106.451 E.24174
G1 X99.727 Y105.341 E.28596
G1 X99.746 Y104.46 E.32056
G1 X99.876 Y103.696 E.35099
G1 X100.162 Y102.876 E.38509
G1 X100.505 Y102.215 E.41433
G1 X100.828 Y101.775 E.43576
G1 X101.163 Y101.364 E.45658
G1 X101.714 Y100.859 E.48593
G1 X102.195 Y100.524 E.50895
M73 P91 R2
M73 Q91 S2
G1 X103.053 Y100.09 E.5467
G1 X103.79 Y99.853 E.5771
G1 X104.617 Y99.732 E.60992
G1 X104.898 Y99.718 E.62097
G1 X105.809 Y99.778 E.65682
G1 X106.665 Y99.987 E.69142
G1 X107.527 Y100.36 E.7283
G1 X108.488 Y101.03 E.7743
G1 X109.072 Y101.66 E.80803
G1 X109.38 Y102.041 E.82727
G1 X109.753 Y102.686 E.85653
G1 X110.051 Y103.459 E.88906
G1 X110.184 Y104.077 E.91388
G1 X110.273 Y104.659 E.937
G1 X110.273 Y105.394 E.96586
G1 X110.128 Y106.282 E1.00119
G1 X109.849 Y107.095 E1.03494
G1 X109.427 Y107.878 E1.06987
G1 X109.001 Y108.45 E1.09787
G1 X108.334 Y109.097 E1.13436
G1 X107.625 Y109.564 E1.16769
G1 X107.153 Y109.828 E1.18892
G1 X106.453 Y110.082 E1.21816
G1 X105.756 Y110.233 E1.24616
G1 X104.889 Y110.283 E1.28026
G1 X104.393 Y110.24 E1.29981
G1 X104.378 Y109.831 F7800
G1 F884.349
G1 X104.192 Y109.814 E1.30714
G1 X103.411 Y109.612 E1.33881
G1 X102.663 Y109.279 E1.37096
G1 X102.061 Y108.897 E1.39895
G1 X101.436 Y108.334 E1.43198
G1 X101.025 Y107.832 E1.45745
G1 X100.6 Y107.111 E1.49031
G1 X100.3 Y106.312 E1.52382
G1 X100.129 Y105.279 E1.56493
G1 X100.153 Y104.478 E1.5964
G1 X100.275 Y103.775 E1.62442
G1 X100.544 Y103.016 E1.65604
G1 X100.862 Y102.411 E1.68288
G1 X101.366 Y101.743 E1.71574
G1 X101.989 Y101.159 E1.74927
G1 X102.422 Y100.862 E1.76989
G1 X103.225 Y100.459 E1.80517
G1 X103.904 Y100.244 E1.83314
G1 X104.67 Y100.136 E1.86351
G1 X105.44 Y100.162 E1.89376
G1 X105.99 Y100.228 E1.91551
G1 X106.619 Y100.396 E1.94107
G1 X107.355 Y100.729 E1.97279
G1 X108.247 Y101.358 E2.01565
G1 X108.766 Y101.928 E2.04592
G1 X109.028 Y102.245 E2.06207
G1 X109.4 Y102.889 E2.09127
G1 X109.668 Y103.598 E2.12103
G1 X109.781 Y104.139 E2.14273
G1 X109.871 Y104.721 E2.16585
G1 X109.866 Y105.385 E2.19192
G1 X109.727 Y106.212 E2.22485
G1 X109.466 Y106.956 E2.25581
G1 X109.074 Y107.674 E2.28793
G1 X108.684 Y108.195 E2.31348
G1 X108.059 Y108.797 E2.34755
G1 X107.414 Y109.216 E2.37775
G1 X106.927 Y109.477 E2.39944
G1 X106.314 Y109.7 E2.42505
G1 X105.677 Y109.834 E2.45061
G1 X104.871 Y109.876 E2.4823
G1 X104.437 Y109.836 E2.49941
G1 X104.422 Y109.427 F7800
;TYPE:External perimeter
G1 F884.349
G1 X104.236 Y109.409 E2.50675
G1 X103.516 Y109.218 E2.536
G1 X102.835 Y108.91 E2.56535
G1 X102.287 Y108.558 E2.59092
G1 X101.711 Y108.034 E2.62149
G1 X101.342 Y107.578 E2.64452
G1 X100.952 Y106.907 E2.67499
G1 X100.682 Y106.173 E2.7057
G1 X100.531 Y105.217 E2.7437
G1 X100.559 Y104.496 E2.77203
G1 X100.674 Y103.855 E2.7976
G1 X100.927 Y103.155 E2.82683
G1 X101.219 Y102.607 E2.85121
G1 X101.689 Y101.99 E2.88166
G1 X102.264 Y101.46 E2.91236
G1 X102.751 Y101.132 E2.93541
G1 X103.397 Y100.828 E2.96344
G1 X104.018 Y100.634 E2.98899
G1 X104.723 Y100.54 E3.01692
G1 X105.413 Y100.568 E3.04403
G1 X105.884 Y100.621 E3.06264
G1 X106.514 Y100.79 E3.08825
G1 X107.183 Y101.098 E3.11717
G1 X108.006 Y101.687 E3.15691
G1 X108.675 Y102.448 E3.19669
G1 X109.048 Y103.093 E3.22595
G1 X109.285 Y103.738 E3.25293
G1 X109.469 Y104.783 E3.29459
G1 X109.459 Y105.376 E3.31788
G1 X109.326 Y106.141 E3.34837
G1 X109.084 Y106.817 E3.37656
G1 X108.722 Y107.47 E3.40588
G1 X108.366 Y107.94 E3.42903
G1 X107.784 Y108.496 E3.46063
G1 X107.203 Y108.868 E3.48772
G1 X106.787 Y109.094 E3.50631
G1 X106.175 Y109.317 E3.53189
G1 X105.597 Y109.435 E3.55505
G1 X104.853 Y109.469 E3.58429
G1 X104.482 Y109.433 E3.59893
G1 X104.088 Y109.364 F7800
G92 E0
G1 X97.648 Y110.12
;TYPE:Perimeter
G1 F884.349
G1 X97.231 Y109.462 E.03059
G1 X96.88 Y108.787 E.06046
G1 X96.581 Y108.065 E.09114
G1 X96.345 Y107.319 E.12186
G1 X96.176 Y106.556 E.15254
G1 X96.074 Y105.781 E.18323
G1 X96.04 Y105 E.21392
G1 X96.074 Y104.219 E.24461
G1 X96.176 Y103.444 E.2753
G1 X96.343 Y102.692 E.30555
G1 X96.727 Y101.561 E.35245
G1 X97.053 Y100.863 E.3827
G1 X97.443 Y100.187 E.41334
G1 X97.905 Y99.529 E.44491
G1 X98.394 Y98.947 E.47476
G1 X98.947 Y98.394 E.50547
G1 X99.546 Y97.892 E.53616
G1 X100.186 Y97.443 E.56686
G1 X100.863 Y97.053 E.59754
G1 X101.571 Y96.722 E.62823
G1 X102.295 Y96.459 E.65848
G1 X103.455 Y96.175 E.70537
G1 X104.218 Y96.074 E.73559
G1 X105.021 Y96.041 E.76715
G1 X105.77 Y96.074 E.79659
G1 X106.95 Y96.255 E.84346
G1 X107.694 Y96.455 E.87371
G1 X108.428 Y96.722 E.90438
G1 X109.155 Y97.062 E.93589
G1 X109.804 Y97.438 E.96534
G1 X110.767 Y98.144 E1.01222
G1 X111.335 Y98.664 E1.04246
G1 X111.877 Y99.257 E1.074
G1 X112.333 Y99.852 E1.10343
G1 X112.952 Y100.873 E1.15031
G1 X113.278 Y101.571 E1.18056
G1 X113.541 Y102.295 E1.21081
G1 X113.838 Y103.555 E1.26164
G1 X113.929 Y104.299 E1.29107
G1 X113.96 Y105 E1.31862
G1 X113.926 Y105.781 E1.34931
G1 X113.825 Y106.545 E1.37957
G1 X113.541 Y107.705 E1.42646
G1 X113.278 Y108.429 E1.45671
G1 X112.947 Y109.137 E1.4874
G1 X112.562 Y109.805 E1.51767
G1 X111.856 Y110.767 E1.56452
G1 X111.336 Y111.336 E1.59479
G1 X110.759 Y111.864 E1.6255
G1 X110.139 Y112.339 E1.65617
G1 X109.489 Y112.754 E1.68645
G1 X108.418 Y113.282 E1.73333
G1 X107.694 Y113.545 E1.76358
G1 X106.939 Y113.747 E1.79427
G1 X106.18 Y113.881 E1.82453
G1 X104.989 Y113.959 E1.87139
G1 X104.219 Y113.926 E1.90165
G1 X103.455 Y113.825 E1.93191
G1 X102.295 Y113.541 E1.9788
G1 X101.571 Y113.278 E2.00905
G1 X100.863 Y112.947 E2.03974
G1 X100.187 Y112.557 E2.07038
G1 X99.529 Y112.095 E2.10195
G1 X98.955 Y111.613 E2.13138
G1 X98.13 Y110.75 E2.17826
G1 X97.683 Y110.169 E2.20704
G1 X97.319 Y110.361 F7800
G1 F884.349
G1 X96.877 Y109.665 E2.23941
G1 X96.51 Y108.959 E2.27065
G1 X96.198 Y108.204 E2.30273
G1 X95.952 Y107.424 E2.33484
G1 X95.775 Y106.627 E2.3669
G1 X95.668 Y105.816 E2.39902
G1 X95.633 Y105 E2.43109
G1 X95.668 Y104.184 E2.46316
G1 X95.775 Y103.373 E2.49528
G1 X95.95 Y102.582 E2.52709
G1 X96.349 Y101.409 E2.57574
G1 X96.691 Y100.675 E2.60754
G1 X97.099 Y99.967 E2.63962
G1 X97.582 Y99.281 E2.67256
G1 X98.094 Y98.671 E2.70383
G1 X98.671 Y98.094 E2.73587
G1 X99.298 Y97.568 E2.768
G1 X99.967 Y97.1 E2.80006
G1 X100.675 Y96.691 E2.83216
G1 X101.415 Y96.346 E2.86422
G1 X102.177 Y96.068 E2.89607
G1 X103.38 Y95.774 E2.9447
G1 X104.183 Y95.668 E2.9765
G1 X105.021 Y95.633 E3.00943
G1 X105.81 Y95.668 E3.04044
G1 X107.034 Y95.856 E3.08906
G1 X107.817 Y96.066 E3.12089
G1 X108.584 Y96.346 E3.15295
G1 X109.344 Y96.701 E3.18589
G1 X110.027 Y97.096 E3.21687
G1 X111.026 Y97.829 E3.26552
G1 X111.623 Y98.376 E3.29731
G1 X112.189 Y98.995 E3.33024
G1 X112.669 Y99.622 E3.36124
G1 X113.312 Y100.681 E3.40989
G1 X113.654 Y101.415 E3.44169
G1 X113.932 Y102.177 E3.47354
G1 X114.242 Y103.502 E3.52697
G1 X114.336 Y104.282 E3.55782
G1 X114.367 Y105 E3.58604
G1 X114.332 Y105.816 E3.61811
G1 X114.226 Y106.62 E3.64995
G1 X113.931 Y107.823 E3.69858
G1 X113.654 Y108.585 E3.73042
G1 X113.309 Y109.325 E3.76248
G1 X112.904 Y110.027 E3.7943
G1 X112.171 Y111.026 E3.84295
G1 X111.624 Y111.624 E3.87477
G1 X111.021 Y112.176 E3.90687
G1 X110.373 Y112.673 E3.93894
G1 X109.689 Y113.109 E3.97079
G1 X108.578 Y113.657 E4.01943
G1 X107.817 Y113.934 E4.05123
G1 X107.027 Y114.145 E4.08334
G1 X106.229 Y114.286 E4.11516
G1 X104.993 Y114.367 E4.1638
G1 X104.184 Y114.332 E4.19559
G1 X103.38 Y114.226 E4.22743
G1 X102.177 Y113.931 E4.27606
G1 X101.415 Y113.654 E4.3079
G1 X100.675 Y113.309 E4.33996
G1 X99.967 Y112.901 E4.37204
G1 X99.281 Y112.418 E4.40498
G1 X98.677 Y111.911 E4.43594
G1 X97.82 Y111.016 E4.48459
G1 X97.355 Y110.41 E4.51458
G1 X96.99 Y110.602 F7800
;TYPE:External perimeter
G1 F884.349
G1 X96.524 Y109.868 E4.54872
G1 X96.141 Y109.131 E4.58133
G1 X95.815 Y108.343 E4.61481
G1 X95.558 Y107.53 E4.64829
G1 X95.374 Y106.697 E4.68179
G1 X95.262 Y105.852 E4.71526
G1 X95.225 Y105 E4.74874
G1 X95.262 Y104.148 E4.78222
G1 X95.374 Y103.303 E4.81569
G1 X95.558 Y102.472 E4.84911
G1 X95.97 Y101.257 E4.89948
G1 X96.33 Y100.486 E4.93289
G1 X96.756 Y99.748 E4.96635
G1 X97.259 Y99.033 E5.00068
G1 X97.793 Y98.396 E5.03332
G1 X98.396 Y97.793 E5.0668
G1 X99.049 Y97.245 E5.10027
G1 X99.748 Y96.756 E5.13377
G1 X100.486 Y96.33 E5.16723
G1 X101.259 Y95.969 E5.20073
G1 X102.059 Y95.678 E5.23416
G1 X103.305 Y95.373 E5.28453
G1 X104.148 Y95.262 E5.31792
G1 X105.022 Y95.226 E5.35227
G1 X105.85 Y95.262 E5.38481
G1 X107.118 Y95.457 E5.43518
G1 X107.939 Y95.678 E5.46856
G1 X108.74 Y95.969 E5.50202
G1 X109.532 Y96.34 E5.53636
G1 X110.25 Y96.755 E5.56892
G1 X111.285 Y97.514 E5.61932
G1 X111.912 Y98.088 E5.6527
G1 X112.501 Y98.734 E5.68703
G1 X113.006 Y99.392 E5.7196
G1 X113.671 Y100.489 E5.76997
G1 X114.031 Y101.259 E5.80334
G1 X114.322 Y102.059 E5.83677
G1 X114.646 Y103.449 E5.89281
G1 X114.743 Y104.264 E5.92504
G1 X114.775 Y105 E5.95397
G1 X114.738 Y105.852 E5.98745
G1 X114.627 Y106.695 E6.02084
G1 X114.322 Y107.941 E6.07121
G1 X114.031 Y108.741 E6.10464
G1 X113.67 Y109.514 E6.13814
G1 X113.245 Y110.25 E6.17151
G1 X112.486 Y111.285 E6.22191
G1 X111.912 Y111.912 E6.25529
G1 X111.283 Y112.488 E6.28878
G1 X110.607 Y113.007 E6.32224
G1 X109.889 Y113.464 E6.35566
G1 X108.739 Y114.031 E6.406
G1 X107.939 Y114.322 E6.43943
G1 X107.116 Y114.543 E6.47289
G1 X106.278 Y114.691 E6.5063
G1 X104.998 Y114.775 E6.55667
G1 X104.148 Y114.738 E6.59008
G1 X103.305 Y114.627 E6.62347
G1 X102.059 Y114.322 E6.67384
G1 X101.259 Y114.031 E6.70727
G1 X100.486 Y113.67 E6.74077
G1 X99.748 Y113.244 E6.77423
G1 X99.033 Y112.741 E6.80856
G1 X98.398 Y112.208 E6.84111
G1 X97.511 Y111.281 E6.89149
G1 X97.027 Y110.65 E6.92272
G1 X96.809 Y110.315 F7800
G1 X98.201 Y109.661
;TYPE:Internal infill
;WIDTH:0.45
G1 F884.348
G1 X97.526 Y108.485 E6.97596
G1 X97.14 Y107.471 E7.01856
G1 X97.842 Y107.25 E7.04746
G1 X100.092 Y109.125 E7.16246
G1 X99.725 Y111.329 E7.25019
G1 X100.57 Y111.956 E7.2915
G1 X101.8 Y112.599 E7.346
G92 E0
G1 X110.592 Y102.375 F7800
G1 F884.348
G1 X110.202 Y102.05 E.01993
G1 X110.441 Y102.463 E.03867
G1 X110.808 Y103.479 E.08109
G1 X110.997 Y104.729 E.13073
G1 X110.974 Y105.583 E.16427
G1 X110.826 Y106.427 E.19791
G1 X110.489 Y107.418 E.23901
G1 X109.902 Y108.464 E.28611
G1 X109.554 Y108.899 E.30798
G1 X109.809 Y110.424 E.36869
G1 X108.973 Y108.957 F7800
M73 P92 R2
M73 Q92 S2
;TYPE:Solid infill
;WIDTH:0.38292
G1 F1058.823
G1 X108.181 Y109.618 E.40252
;WIDTH:0.383362
G1 F1057.449
G1 X107.13 Y110.19 E.44181
;WIDTH:0.431246
G1 F927.056
G1 X106.451 Y110.413 E.46858
G1 X105.65 Y110.571 E.49916
;WIDTH:0.41775
G1 F960.435
G1 X104.676 Y110.6 E.53439
;WIDTH:0.417176
G1 F961.908
G1 X104.006 Y110.529 E.55871
;WIDTH:0.39934
G1 F1010.044
G1 X102.844 Y110.174 E.60048
;WIDTH:0.388854
G1 F1040.661
G1 X101.948 Y109.71 E.63415
;WIDTH:0.430594
G1 F928.615
G1 X101.544 Y109.411 E.65294
G1 X100.809 Y108.728 E.69046
;WIDTH:0.41784
G1 F960.205
G1 X100.366 Y108.175 E.71608
;WIDTH:0.402406
G1 F1001.43
G1 X99.811 Y107.13 E.75711
;WIDTH:0.429174
G1 F932.029
G1 X99.585 Y106.449 E.78384
G1 X99.489 Y106.011 E.80055
;WIDTH:0.386516
G1 F1047.742
G1 X99.389 Y105.009 E.83392
;WIDTH:0.431388
G1 F926.717
G1 X99.444 Y104.266 E.86184
G1 X99.613 Y103.444 E.89328
;WIDTH:0.420718
G1 F952.89
G1 X99.917 Y102.628 E.92501
G1 X100.399 Y101.794 E.96011
;WIDTH:0.384582
G1 F1053.673
G1 X101.042 Y101.023 E.99319
;WIDTH:0.397294
G1 F1015.876
G1 X101.637 Y100.502 E1.02022
G1 X102.517 Y99.97 E1.05537
;WIDTH:0.422988
G1 F947.199
G1 X103.081 Y99.73 E1.07784
G1 X103.708 Y99.541 E1.10185
;WIDTH:0.415776
G1 F965.52
G1 X104.279 Y99.438 E1.12272
;WIDTH:0.396724
G1 F1017.513
G1 X104.91 Y99.386 E1.14433
;WIDTH:0.402684
G1 F1000.656
G1 X105.966 Y99.463 E1.18107
G1 X107.14 Y99.813 E1.22358
;WIDTH:0.43158
G1 F926.259
G1 X107.804 Y100.148 E1.25146
G1 X108.203 Y100.403 E1.26921
;WIDTH:0.38292
G1 F1058.823
G1 X108.976 Y101.045 E1.30216
;WIDTH:0.397328
G1 F1015.778
G1 X109.626 Y101.814 E1.33658
G1 X110.189 Y102.868 E1.37743
;WIDTH:0.384236
G1 F1054.741
G1 X110.48 Y103.803 E1.40967
;WIDTH:0.388726
G1 F1041.046
G1 X110.613 Y105.011 E1.45021
G1 X110.554 Y105.801 E1.47663
;WIDTH:0.38762
G1 F1044.386
G1 X110.309 Y106.797 E1.51073
;WIDTH:0.38292
G1 F1058.823
G1 X109.967 Y107.598 E1.53929
;WIDTH:0.41063
G1 F979.032
G1 X109.581 Y108.245 E1.56601
;WIDTH:0.416483
G1 F963.693
G1 X109.105 Y108.802 E1.59241
G92 E0
G1 X111.593 Y110.564 F7800
;WIDTH:0.398018
G1 F1013.805
G1 X111.09 Y111.101 E.0252
;WIDTH:0.392194
G1 F1030.709
G1 X110.538 Y111.612 E.05054
G1 X109.938 Y112.066 E.07589
;WIDTH:0.39911
G1 F1010.696
G1 X109.318 Y112.469 E.1013
G1 X108.278 Y112.977 E.14107
;WIDTH:0.392924
G1 F1028.56
G1 X107.586 Y113.228 E.16592
;WIDTH:0.392198
G1 F1030.698
G1 X106.859 Y113.422 E.19127
G1 X106.13 Y113.546 E.21618
;WIDTH:0.417176
G1 F961.908
G1 X105.4 Y113.61 E.24263
G1 X104.622 Y113.617 E.27072
;WIDTH:0.408284
G1 F985.319
G1 X103.874 Y113.551 E.29718
;WIDTH:0.417218
G1 F961.8
G1 X103.147 Y113.419 E.32386
G1 X102.385 Y113.214 E.35235
;WIDTH:0.390922
G1 F1034.477
G1 X101.693 Y112.965 E.37704
;WIDTH:0.392196
G1 F1030.704
G1 X101.011 Y112.647 E.40239
G1 X100.363 Y112.267 E.4277
;WIDTH:0.397298
G1 F1015.865
G1 X99.726 Y111.827 E.45416
;WIDTH:0.401698
G1 F1003.406
G1 X99.169 Y111.36 E.47931
G1 X98.378 Y110.525 E.51911
;WIDTH:0.392926
G1 F1028.554
G1 X97.935 Y109.939 E.54391
;WIDTH:0.397296
G1 F1015.87
G1 X97.515 Y109.289 E.57036
;WIDTH:0.400054
G1 F1008.025
G1 X97.176 Y108.64 E.59558
G1 X96.889 Y107.944 E.62151
G1 X96.663 Y107.226 E.64744
G1 X96.501 Y106.491 E.67337
G1 X96.404 Y105.744 E.69932
;WIDTH:0.398382
G1 F1012.767
G1 X96.38 Y104.993 E.72508
;WIDTH:0.392196
G1 F1030.704
G1 X96.409 Y104.241 E.75043
G1 X96.512 Y103.496 E.77577
;WIDTH:0.39912
G1 F1010.668
G1 X96.665 Y102.772 E.80119
G1 X97.041 Y101.677 E.84097
;WIDTH:0.392928
G1 F1028.548
G1 X97.353 Y101.011 E.8658
;WIDTH:0.392196
G1 F1030.704
G1 X97.733 Y100.363 E.89111
;WIDTH:0.3973
G1 F1015.859
G1 X98.173 Y99.726 E.91757
;WIDTH:0.400056
G1 F1008.019
G1 X98.643 Y99.165 E.94278
G1 X99.176 Y98.633 E.96872
G1 X99.753 Y98.149 E.99466
G1 X100.37 Y97.718 E1.02059
G1 X101.023 Y97.343 E1.04653
;WIDTH:0.407668
G1 F986.983
G1 X102.063 Y96.89 E1.08644
;WIDTH:0.41808
G1 F959.591
G1 X102.769 Y96.673 E1.11317
G1 X103.526 Y96.499 E1.14128
;WIDTH:0.40008
G1 F1007.952
G1 X104.255 Y96.404 E1.16661
;WIDTH:0.403184
G1 F999.267
G1 X105.437 Y96.388 E1.20769
;WIDTH:0.418036
G1 F959.703
G1 X106.127 Y96.454 E1.23277
G1 X106.891 Y96.582 E1.2608
;WIDTH:0.400082
G1 F1007.946
G1 X107.602 Y96.774 E1.28617
;WIDTH:0.39838
G1 F1012.772
G1 X108.305 Y97.038 E1.31192
;WIDTH:0.39264
G1 F1029.395
G1 X109.007 Y97.363 E1.33801
G1 X109.627 Y97.727 E1.36226
;WIDTH:0.391698
G1 F1032.175
G1 X110.562 Y98.409 E1.40119
;WIDTH:0.392266
G1 F1030.497
G1 X111.103 Y98.906 E1.42594
;WIDTH:0.39264
G1 F1029.395
G1 X111.625 Y99.477 E1.45204
G1 X112.058 Y100.051 E1.47629
;WIDTH:0.41718
G1 F961.898
G1 X112.452 Y100.669 E1.50275
G1 X112.818 Y101.357 E1.53088
;WIDTH:0.408282
G1 F985.324
G1 X113.105 Y102.05 E1.55731
;WIDTH:0.418074
G1 F959.606
G1 X113.327 Y102.769 E1.58454
G1 X113.5 Y103.526 E1.61264
;WIDTH:0.406848
G1 F989.207
G1 X113.615 Y104.6 E1.65056
;WIDTH:0.408194
G1 F985.562
G1 X113.617 Y105.378 E1.67797
G1 X113.551 Y106.126 E1.70443
;WIDTH:0.417218
G1 F961.8
G1 X113.419 Y106.853 E1.73111
G1 X113.113 Y107.927 E1.77143
;WIDTH:0.408194
G1 F985.562
G1 X112.816 Y108.647 E1.79887
G1 X112.47 Y109.313 E1.82531
;WIDTH:0.418076
G1 F959.601
G1 X112.061 Y109.944 E1.85252
G1 X111.716 Y110.402 E1.87327
G92 E0
G1 X112.866 Y107.468 F7800
;TYPE:Internal infill
;WIDTH:0.45
G1 F884.348
G1 X112.315 Y108.808 E.05689
G1 X111.792 Y109.65 E.09581
G1 X109.842 Y110.625 E.18141
G1 X110.396 Y111.23 E.21362
G1 X110.301 Y111.317 E.21868
G1 X109.139 Y112.132 E.27441
G1 X108.138 Y112.625 E.31822
G1 X107.48 Y112.865 E.34572
G1 X106.46 Y113.109 E.3869
G1 X104.592 Y112.875 E.46082
G1 X102.342 Y111 E.57582
G1 X102.589 Y110.478 E.59849
G1 X101.998 Y110.199 E.62415
G1 X101.295 Y109.722 E.65751
G1 X100.52 Y108.992 E.69931
G1 X100.047 Y108.39 E.72937
G1 X99.583 Y107.586 E.76582
G1 X99.199 Y106.549 E.80924
G1 X99.011 Y105.328 E.85775
G1 X96.753 Y105.005 E.94731
G1 X97.751 Y107.068 E1.03729
G1 X97.861 Y107.047 F7800
G1 F884.348
G1 X98.217 Y103.125 E1.19192
G1 X97.848 Y100.91 E1.28009
G1 X98.47 Y99.964 E1.32454
G1 X99.351 Y98.997 E1.3759
G1 X99.717 Y99.375 F7800
G1 F884.348
G1 X102.717 Y99.375 E1.49369
G1 X102.751 Y99.449 E1.49689
G1 X103.624 Y99.159 E1.53301
G1 X104.612 Y99.014 E1.57222
G1 X105.134 Y99.02 E1.59272
G92 E0
G1 X102.684 Y99.174 F7800
G1 F884.348
G1 X102.354 Y97.195 E.07878
G1 X103.587 Y96.876 E.12879
G1 X105.089 Y96.757 E.18795
G1 X105.788 Y96.797 E.21544
G1 X106.092 Y98.625 E.2882
G1 X107.806 Y97.254 E.37438
G1 X108.825 Y97.695 E.41798
G1 X109.414 Y98.035 E.44468
G1 X110.414 Y98.786 E.49378
G1 X110.217 Y99 E.5052
;LAYER_CHANGE
;Z:12.95
;HEIGHT:0.2
G92 E0
G1 Z12.95 F7800
G1 X104.328 Y110.282
;TYPE:Perimeter
;WIDTH:0.449999
G1 F884.349
G1 X104.227 Y110.275 E.00398
G1 X103.965 Y110.233 E.0144
G1 X103.061 Y109.97 E.05137
G1 X102.292 Y109.591 E.08503
G1 X101.799 Y109.244 E.1087
G1 X101.307 Y108.849 E.13347
G1 X100.741 Y108.205 E.16713
G1 X100.418 Y107.696 E.1908
G1 X100.115 Y107.143 E.21556
G1 X99.855 Y106.338 E.24878
G1 X99.73 Y105.839 E.26898
G1 X99.665 Y105.088 E.29858
G1 X99.732 Y104.296 E.32979
G1 X99.81 Y103.759 E.3511
G1 X100.037 Y103.04 E.3807
G1 X100.402 Y102.333 E.41194
G1 X100.68 Y101.867 E.43325
G1 X101.165 Y101.29 E.46285
G1 X101.698 Y100.807 E.49109
G1 X102.595 Y100.235 E.53286
G1 X103.278 Y99.952 E.56189
G1 X104.151 Y99.736 E.5972
G1 X104.911 Y99.664 E.62717
G1 X105.783 Y99.726 E.6615
G1 X106.606 Y99.934 E.69483
G1 X107.143 Y100.115 E.71708
G1 X107.968 Y100.568 E.75404
G1 X108.662 Y101.125 E.78898
G1 X109.259 Y101.795 E.82422
G1 X109.582 Y102.304 E.84789
G1 X109.885 Y102.857 E.87265
G1 X110.17 Y103.696 E.90744
G1 X110.231 Y103.954 E.91785
G1 X110.333 Y104.889 E.95478
G1 X110.3 Y105.63 E.9839
G1 X110.203 Y106.124 E1.00367
G1 X110.062 Y106.689 E1.02653
G1 X109.773 Y107.385 E1.05612
G1 X109.41 Y108.006 E1.08436
G1 X109.097 Y108.398 E1.10406
G1 X108.71 Y108.835 E1.12698
G1 X108.133 Y109.32 E1.15658
G1 X107.143 Y109.885 E1.20134
G1 X106.338 Y110.145 E1.23456
G1 X105.839 Y110.27 E1.25476
G1 X105.089 Y110.335 E1.28432
G1 X104.388 Y110.287 E1.31191
G1 X104.372 Y109.878 F7800
G1 F884.349
G1 X104.262 Y109.87 E1.31624
G1 X103.185 Y109.581 E1.36002
G1 X102.48 Y109.23 E1.39094
G1 X102.053 Y108.926 E1.41152
G1 X101.562 Y108.532 E1.43624
G1 X101.053 Y107.944 E1.46678
G1 X100.775 Y107.5 E1.48735
G1 X100.472 Y106.947 E1.51211
G1 X100.246 Y106.224 E1.54185
G1 X100.136 Y105.804 E1.5589
G1 X100.07 Y105.053 E1.5885
G1 X100.137 Y104.34 E1.61662
G1 X100.217 Y103.822 E1.6372
G1 X100.425 Y103.162 E1.66437
G1 X100.759 Y102.529 E1.69247
G1 X101.032 Y102.082 E1.71304
G1 X101.477 Y101.552 E1.74021
G1 X101.966 Y101.113 E1.76601
G1 X102.676 Y100.652 E1.79925
G1 X103.434 Y100.328 E1.83162
G1 X104.239 Y100.134 E1.86413
G1 X104.938 Y100.07 E1.89169
G1 X105.748 Y100.131 E1.92358
G1 X106.492 Y100.324 E1.95376
G1 X106.979 Y100.489 E1.97395
G1 X107.772 Y100.925 E2.00948
G1 X108.401 Y101.437 E2.04133
G1 X108.947 Y102.056 E2.07374
G1 X109.225 Y102.5 E2.09431
G1 X109.528 Y103.053 E2.11907
G1 X109.782 Y103.818 E2.15072
G1 X109.927 Y104.924 E2.19452
G1 X109.894 Y105.604 E2.22125
G1 X109.718 Y106.432 E2.25449
G1 X109.421 Y107.172 E2.2858
G1 X109.062 Y107.795 E2.31403
G1 X108.524 Y108.448 E2.34725
G1 X107.944 Y108.947 E2.37729
G1 X107.5 Y109.225 E2.39786
G1 X106.947 Y109.528 E2.42262
G1 X106.224 Y109.754 E2.45236
G1 X105.804 Y109.864 E2.46941
G1 X105.053 Y109.93 E2.49901
G1 X104.432 Y109.883 E2.52346
G1 X104.417 Y109.474 F7800
;TYPE:External perimeter
G1 F884.349
G1 X104.298 Y109.464 E2.52815
G1 X103.299 Y109.191 E2.56881
G1 X102.668 Y108.869 E2.59663
G1 X101.817 Y108.215 E2.63877
G1 X101.365 Y107.682 E2.66621
G1 X100.829 Y106.752 E2.70836
G1 X100.541 Y105.768 E2.74862
G1 X100.476 Y105.018 E2.77818
G1 X100.605 Y103.945 E2.82061
G1 X100.813 Y103.285 E2.84778
G1 X101.116 Y102.725 E2.87278
G1 X101.344 Y102.343 E2.89025
G1 X101.788 Y101.813 E2.9174
G1 X102.235 Y101.419 E2.9408
G1 X102.895 Y100.995 E2.9716
G1 X103.59 Y100.704 E3.00118
G1 X104.327 Y100.531 E3.0309
G1 X104.965 Y100.476 E3.05604
G1 X105.714 Y100.537 E3.08555
G1 X106.378 Y100.715 E3.11254
G1 X106.783 Y100.846 E3.12925
G1 X107.577 Y101.282 E3.16482
G1 X108.139 Y101.749 E3.19351
G1 X108.635 Y102.318 E3.22315
G1 X109.171 Y103.248 E3.2653
G1 X109.393 Y103.94 E3.29384
G1 X109.523 Y104.968 E3.33453
G1 X109.488 Y105.577 E3.35848
G1 X109.32 Y106.344 E3.38931
G1 X109.045 Y107.016 E3.41782
G1 X108.714 Y107.584 E3.44363
G1 X108.212 Y108.187 E3.47444
G1 X107.682 Y108.635 E3.50169
G1 X106.752 Y109.171 E3.54384
G1 X105.768 Y109.459 E3.5841
G1 X105.018 Y109.524 E3.61366
G1 X104.477 Y109.479 E3.63498
G1 X104.084 Y109.402 F7800
G92 E0
G1 X97.703 Y110.081
;TYPE:Perimeter
G1 F884.349
G1 X97.299 Y109.479 E.02847
G1 X96.924 Y108.764 E.06017
G1 X96.627 Y108.047 E.09064
G1 X96.394 Y107.306 E.12114
G1 X96.226 Y106.547 E.15166
G1 X96.125 Y105.787 E.18176
G1 X96.1 Y104.6 E.22838
G1 X96.165 Y103.847 E.25806
G1 X96.388 Y102.721 E.30313
G1 X96.628 Y101.951 E.3348
G1 X96.925 Y101.235 E.36524
G1 X97.279 Y100.554 E.39538
G1 X97.915 Y99.599 E.44043
G1 X98.432 Y98.979 E.47213
G1 X98.981 Y98.431 E.50259
G1 X99.576 Y97.931 E.53311
G1 X100.213 Y97.486 E.56362
G1 X100.876 Y97.102 E.5937
G1 X101.963 Y96.624 E.64032
G1 X102.694 Y96.394 E.67041
G1 X103.453 Y96.226 E.70093
G1 X104.213 Y96.125 E.73103
G1 X105.361 Y96.099 E.77612
G1 X106.165 Y96.167 E.8078
G1 X106.928 Y96.301 E.83822
G1 X107.669 Y96.5 E.86835
G1 X108.775 Y96.93 E.91494
G1 X109.446 Y97.279 E.94464
G1 X110.401 Y97.915 E.98969
G1 X111.021 Y98.432 E1.02139
G1 X111.569 Y98.981 E1.05185
G1 X112.062 Y99.568 E1.08195
G1 X112.746 Y100.607 E1.13079
G1 X113.107 Y101.311 E1.16185
G1 X113.396 Y102.027 E1.19217
G1 X113.638 Y102.835 E1.22529
G1 X113.786 Y103.562 E1.25442
G1 X113.899 Y104.68 E1.29854
G1 X113.901 Y105.39 E1.32642
G1 X113.834 Y106.163 E1.35689
G1 X113.7 Y106.918 E1.387
G1 X113.381 Y108.021 E1.43208
G1 X113.074 Y108.767 E1.46375
G1 X112.716 Y109.455 E1.4942
G1 X112.299 Y110.11 E1.52469
G1 X111.832 Y110.718 E1.55479
G1 X111.011 Y111.576 E1.60142
G1 X110.432 Y112.062 E1.6311
G1 X109.479 Y112.701 E1.67615
G1 X108.764 Y113.076 E1.70785
G1 X108.047 Y113.373 E1.73832
G1 X107.306 Y113.606 E1.76882
G1 X106.557 Y113.772 E1.79894
G1 X105.417 Y113.899 E1.84398
M73 Q93 S2
G1 X104.61 Y113.901 E1.87567
M73 P93 R2
G1 X103.837 Y113.834 E1.90614
G1 X103.082 Y113.7 E1.93625
G1 X101.979 Y113.381 E1.98133
G1 X101.233 Y113.074 E2.013
G1 X100.554 Y112.721 E2.04305
G1 X99.599 Y112.085 E2.0881
G1 X98.979 Y111.568 E2.1198
G1 X98.431 Y111.019 E2.15026
G1 X97.938 Y110.432 E2.18036
G1 X97.736 Y110.131 E2.19459
G1 X97.374 Y110.322 F7800
G1 F884.349
G1 X96.949 Y109.687 E2.22459
G1 X96.555 Y108.937 E2.25785
G1 X96.245 Y108.187 E2.28971
G1 X96 Y107.412 E2.32162
G1 X95.824 Y106.618 E2.35355
G1 X95.719 Y105.818 E2.38523
G1 X95.692 Y104.587 E2.43358
G1 X95.762 Y103.79 E2.46499
G1 X95.993 Y102.621 E2.51178
G1 X96.245 Y101.812 E2.54505
G1 X96.556 Y101.062 E2.57693
G1 X96.928 Y100.347 E2.60858
G1 X97.589 Y99.355 E2.65539
G1 X98.131 Y98.705 E2.68862
G1 X98.705 Y98.131 E2.72049
G1 X99.328 Y97.608 E2.75243
G1 X99.994 Y97.142 E2.78435
G1 X100.692 Y96.739 E2.816
G1 X101.82 Y96.243 E2.86438
G1 X102.588 Y96 E2.89601
G1 X103.382 Y95.824 E2.92794
G1 X104.182 Y95.719 E2.95962
G1 X105.373 Y95.691 E3.0064
G1 X106.217 Y95.763 E3.03966
G1 X107.017 Y95.904 E3.07156
G1 X107.796 Y96.112 E3.10322
G1 X108.944 Y96.559 E3.15159
G1 X109.653 Y96.928 E3.18297
G1 X110.645 Y97.589 E3.22978
G1 X111.295 Y98.131 E3.26301
G1 X111.869 Y98.705 E3.29488
G1 X112.388 Y99.323 E3.32657
G1 X113.051 Y100.313 E3.37335
G1 X113.445 Y101.063 E3.40661
G1 X113.755 Y101.813 E3.43847
G1 X113.971 Y102.497 E3.46663
G1 X114.088 Y102.985 E3.48633
G1 X114.19 Y103.517 E3.5076
G1 X114.306 Y104.678 E3.55341
G1 X114.308 Y105.407 E3.58203
G1 X114.238 Y106.216 E3.61391
G1 X114.098 Y107.011 E3.64561
G1 X113.766 Y108.155 E3.69238
G1 X113.444 Y108.939 E3.72566
G1 X113.069 Y109.659 E3.75754
G1 X112.632 Y110.344 E3.78944
G1 X112.141 Y110.984 E3.82111
G1 X111.29 Y111.874 E3.86946
G1 X110.677 Y112.388 E3.90087
G1 X109.687 Y113.051 E3.94765
G1 X108.937 Y113.445 E3.98091
G1 X108.187 Y113.755 E4.01277
G1 X107.412 Y114 E4.04468
G1 X106.624 Y114.174 E4.07637
G1 X105.44 Y114.306 E4.12315
G1 X104.593 Y114.308 E4.15641
G1 X103.784 Y114.238 E4.18829
G1 X102.989 Y114.098 E4.21999
G1 X101.845 Y113.766 E4.26676
G1 X101.062 Y113.444 E4.3
G1 X100.347 Y113.072 E4.33165
G1 X99.355 Y112.411 E4.37846
G1 X98.705 Y111.869 E4.41169
G1 X98.131 Y111.295 E4.44356
G1 X97.612 Y110.677 E4.47525
G1 X97.408 Y110.372 E4.48966
G1 X97.046 Y110.563 F7800
;TYPE:External perimeter
G1 F884.349
G1 X96.598 Y109.895 E4.52124
G1 X96.186 Y109.11 E4.55605
G1 X95.862 Y108.326 E4.58936
G1 X95.607 Y107.517 E4.62267
G1 X95.423 Y106.689 E4.65597
G1 X95.312 Y105.85 E4.6892
G1 X95.285 Y104.574 E4.73931
G1 X95.358 Y103.733 E4.77246
G1 X95.598 Y102.521 E4.82097
G1 X95.862 Y101.674 E4.85581
G1 X96.186 Y100.89 E4.88912
G1 X96.577 Y100.139 E4.92236
G1 X97.262 Y99.111 E4.97086
G1 X97.83 Y98.43 E5.00568
G1 X98.43 Y97.83 E5.039
G1 X99.08 Y97.285 E5.07231
G1 X99.775 Y96.798 E5.10563
G1 X100.508 Y96.375 E5.13886
G1 X101.676 Y95.861 E5.18897
G1 X102.483 Y95.607 E5.22219
G1 X103.311 Y95.423 E5.25549
G1 X104.151 Y95.312 E5.28876
G1 X105.385 Y95.284 E5.33722
G1 X106.27 Y95.358 E5.37209
G1 X107.105 Y95.506 E5.40539
G1 X107.922 Y95.725 E5.4386
G1 X109.112 Y96.187 E5.48872
G1 X109.861 Y96.577 E5.52188
G1 X110.889 Y97.262 E5.57038
G1 X111.57 Y97.83 E5.6052
G1 X112.17 Y98.43 E5.63852
G1 X112.714 Y99.079 E5.67177
G1 X113.402 Y100.105 E5.72027
G1 X113.814 Y100.89 E5.75508
G1 X114.138 Y101.674 E5.78839
G1 X114.359 Y102.375 E5.81725
G1 X114.485 Y102.897 E5.83833
G1 X114.595 Y103.473 E5.86136
G1 X114.713 Y104.677 E5.90886
G1 X114.716 Y105.425 E5.93823
G1 X114.642 Y106.269 E5.9715
G1 X114.495 Y107.103 E6.00475
G1 X114.151 Y108.289 E6.05324
G1 X113.813 Y109.11 E6.0881
G1 X113.422 Y109.862 E6.12138
G1 X112.966 Y110.578 E6.15471
G1 X112.451 Y111.249 E6.18792
G1 X111.568 Y112.171 E6.23805
G1 X110.922 Y112.714 E6.27119
G1 X109.895 Y113.402 E6.31973
G1 X109.11 Y113.814 E6.35454
G1 X108.326 Y114.138 E6.38785
G1 X107.517 Y114.393 E6.42116
G1 X106.691 Y114.577 E6.45439
G1 X105.463 Y114.713 E6.5029
G1 X104.575 Y114.715 E6.53777
G1 X103.731 Y114.642 E6.57103
G1 X102.897 Y114.495 E6.60428
G1 X101.711 Y114.151 E6.65277
G1 X100.89 Y113.814 E6.68762
G1 X100.139 Y113.423 E6.72086
G1 X99.111 Y112.738 E6.76936
G1 X98.43 Y112.17 E6.80418
G1 X97.83 Y111.57 E6.8375
G1 X97.286 Y110.922 E6.87072
G1 X97.079 Y110.613 E6.88532
G1 X96.857 Y110.281 F7800
G92 E0
G1 X106.199 Y113.687
;TYPE:Bridge infill
;WIDTH:0.401674
;HEIGHT:0.4
M106 S204
G1 F568.192
G1 X107.948 Y113.06 E.11355
G1 X108.625 Y112.779 E.15835
G1 X109.311 Y112.42 E.20567
G1 X110.319 Y111.73 E.28032
G1 X105.179 Y113.573 E.61402
G1 X104.624 Y113.574 E.64794
G1 X103.991 Y113.519 E.68677
G1 X111.159 Y110.949 E1.15213
G1 X111.584 Y110.505 E1.18969
G1 X111.783 Y110.245 E1.2097
G1 X103.089 Y113.362 E1.77413
G1 X102.35 Y113.148 E1.82115
G1 X112.234 Y109.604 E2.46284
G1 X112.433 Y109.291 E2.48551
G1 X112.586 Y108.998 E2.50571
G1 X101.685 Y112.907 E3.21343
G1 X101.371 Y112.778 E3.23418
G1 X101.1 Y112.636 E3.25288
G1 X112.864 Y108.418 E4.01662
G1 X113.088 Y107.858 E4.05348
M73 P93 R1
M73 Q93 S1
G1 X108.345 Y109.559 E4.36141
G1 X108.228 Y109.657 E4.37074
G1 X107.168 Y110.235 E4.44452
G1 X105.998 Y110.578 E4.51903
G1 X105.339 Y110.637 E4.55946
G1 X100.578 Y112.344 E4.86855
G1 X100.109 Y112.032 E4.90297
G1 X104.13 Y110.59 E5.16403
G1 X104.014 Y110.58 E5.17115
G1 X103.355 Y110.388 E5.2131
G1 X99.663 Y111.712 E5.4528
G1 X99.26 Y111.377 E5.48483
G1 X102.674 Y110.153 E5.70647
G1 X102.13 Y109.868 E5.744
G1 X98.9 Y111.026 E5.9537
G1 X98.562 Y110.667 E5.98383
M73 P94 R1
M73 Q94 S1
G1 X101.67 Y109.553 E6.1856
G1 X101.258 Y109.221 E6.21794
G1 X98.253 Y110.298 E6.41302
G1 X97.985 Y109.915 E6.44159
G1 X100.883 Y108.875 E6.62975
G1 X100.575 Y108.506 E6.65912
G1 X97.725 Y109.528 E6.84415
G1 X97.487 Y109.133 E6.87233
G1 X100.289 Y108.129 E7.05423
G1 X100.07 Y107.728 E7.08215
G1 X97.275 Y108.73 E7.2636
G1 X97.092 Y108.315 E7.29132
G1 X99.851 Y107.326 E7.47043
G1 X99.765 Y107.168 E7.48142
G1 X99.687 Y106.905 E7.49818
G1 X96.922 Y107.896 E7.67768
G1 X96.787 Y107.465 E7.70528
G1 X99.558 Y106.471 E7.88519
G1 X99.43 Y106.038 E7.91278
G1 X96.667 Y107.028 E8.09215
G1 X96.568 Y106.584 E8.11995
G1 X99.386 Y105.574 E8.30289
G1 X99.342 Y105.11 E8.33137
G1 X96.5 Y106.129 E8.51588
G1 X96.45 Y105.667 E8.54428
G1 X99.376 Y104.617 E8.73426
G1 X99.429 Y104.119 E8.76487
G1 X96.439 Y105.191 E8.95899
G1 X96.429 Y104.715 E8.98809
G1 X99.523 Y103.605 E9.18897
G1 X99.692 Y103.065 E9.22355
G1 X96.461 Y104.223 E9.4333
G1 X96.523 Y103.721 E9.46421
G1 X99.95 Y102.493 E9.68668
G1 X100.275 Y101.896 E9.72822
G1 X96.625 Y103.205 E9.96519
G1 X96.742 Y102.683 E9.99788
G1 X101.195 Y101.086 E10.28699
M107
G92 E0
G1 X108.793 Y108.918 F7800
M106 S204
G1 F568.192
G1 X113.243 Y107.323 E.28889
G1 X113.391 Y106.79 E.3227
G1 X109.735 Y108.101 E.56006
G1 X110.027 Y107.615 E.59471
G1 X110.076 Y107.499 E.60241
G1 X113.482 Y106.278 E.82353
G1 X113.539 Y105.777 E.85434
G1 X110.313 Y106.934 E1.06378
G1 X110.433 Y106.596 E1.0857
G1 X110.477 Y106.395 E1.09827
G1 X113.574 Y105.285 E1.29932
G1 X113.573 Y104.805 E1.32865
G1 X110.592 Y105.874 E1.52219
G1 X110.639 Y105.377 E1.5527
G1 X113.543 Y104.336 E1.74123
G1 X113.491 Y103.875 E1.76958
G1 X110.655 Y104.892 E1.9537
G1 X110.605 Y104.43 E1.9821
G1 X113.432 Y103.417 E2.16562
G1 X113.333 Y102.972 E2.19348
G1 X110.554 Y103.969 E2.37391
G1 X110.533 Y103.775 E2.38584
G1 X110.454 Y103.525 E2.40186
G1 X113.214 Y102.535 E2.58105
G1 X113.078 Y102.104 E2.60867
G1 X110.318 Y103.094 E2.78786
G1 X110.235 Y102.83 E2.80477
G1 X110.149 Y102.674 E2.81566
G1 X112.908 Y101.685 E2.99477
G1 X112.725 Y101.271 E3.02243
G1 X109.93 Y102.273 E3.20388
G1 X109.711 Y101.872 E3.2318
G1 X112.513 Y100.867 E3.41372
G1 X112.275 Y100.473 E3.44185
G1 X109.425 Y101.494 E3.62686
G1 X109.117 Y101.125 E3.65623
G1 X112.016 Y100.086 E3.84443
G1 X111.748 Y99.702 E3.87305
G1 X108.748 Y100.777 E4.0678
G1 X108.346 Y100.442 E4.09978
G1 X111.438 Y99.333 E4.30053
G1 X111.101 Y98.974 E4.33062
G1 X107.852 Y100.139 E4.54155
G1 X107.32 Y99.85 E4.57855
G1 X110.74 Y98.624 E4.80058
G1 X110.338 Y98.288 E4.8326
G1 X106.647 Y99.611 E5.07222
G1 X105.985 Y99.42 E5.11433
G1 X105.868 Y99.411 E5.1215
G1 X109.891 Y97.968 E5.38269
G1 X109.423 Y97.656 E5.41706
G1 X104.696 Y99.351 E5.72395
G1 X104.259 Y99.382 E5.75072
G1 X103.405 Y99.567 E5.80412
G1 X103.191 Y99.634 E5.81782
G1 X102.485 Y99.927 E5.86453
G1 X102.287 Y100.03 E5.87817
G1 X101.627 Y100.452 E5.92604
G1 X96.911 Y102.143 E6.23221
G1 X97.134 Y101.583 E6.26905
G1 X108.901 Y97.364 E7.03298
G1 X108.64 Y97.228 E7.05097
M73 P95 R1
M73 Q95 S1
G1 X108.305 Y97.098 E7.07293
G1 X97.414 Y101.002 E7.77997
G1 X97.561 Y100.721 E7.79935
G1 X97.78 Y100.391 E7.82355
G1 X107.663 Y96.848 E8.46516
G1 X106.915 Y96.636 E8.51267
G1 X98.208 Y99.758 E9.07795
G1 X98.674 Y99.2 E9.12238
G1 X98.812 Y99.062 E9.13431
G1 X106.009 Y96.481 E9.60156
G1 X105.435 Y96.433 E9.63676
G1 X104.777 Y96.443 E9.67698
G1 X99.68 Y98.271 E10.0079
G1 X100.388 Y97.761 E10.06122
G1 X101.024 Y97.394 E10.10609
G1 X102.072 Y96.933 E10.17606
G1 X103.838 Y96.3 E10.29071
M107
;LAYER_CHANGE
;Z:13.15
;HEIGHT:0.2
G92 E0
G1 Z13.15 F7800
G1 X104.308 Y110.47
;TYPE:Perimeter
;WIDTH:0.449999
G1 F884.349
G1 X103.733 Y110.383 E.02283
G1 X103.242 Y110.234 E.04298
G1 X102.647 Y110.009 E.06796
G1 X102.074 Y109.702 E.09348
G1 X101.422 Y109.215 E.12543
G1 X101.187 Y109.012 E.13762
G1 X100.6 Y108.356 E.17218
G1 X100.234 Y107.819 E.1977
G1 X99.829 Y106.977 E.23439
G1 X99.547 Y105.945 E.2764
G1 X99.47 Y105.3 E.30191
G1 X99.517 Y104.22 E.34436
G1 X99.634 Y103.631 E.36794
G1 X99.781 Y103.148 E.38776
G1 X100.228 Y102.192 E.4292
G1 X100.652 Y101.602 E.45773
G1 X100.963 Y101.21 E.47738
G1 X101.39 Y100.801 E.5006
G1 X101.787 Y100.489 E.52043
G1 X102.483 Y100.077 E.55219
G1 X103.167 Y99.78 E.58147
G1 X103.758 Y99.603 E.60569
G1 X104.553 Y99.497 E.63718
G1 X105.072 Y99.473 E.65758
G1 X105.861 Y99.532 E.68865
G1 X106.729 Y99.747 E.72376
G1 X107.01 Y99.845 E.73545
G1 X107.781 Y100.215 E.76903
G1 X108.631 Y100.827 E.81016
G1 X109.095 Y101.281 E.83565
G1 X109.511 Y101.787 E.86137
G1 X109.918 Y102.475 E.89276
G1 X110.199 Y103.138 E.92103
G1 X110.366 Y103.631 E.94147
G1 X110.481 Y104.211 E.96469
G1 X110.531 Y104.714 E.98454
G1 X110.485 Y105.738 E1.02479
G1 X110.354 Y106.331 E1.04864
G1 X110.197 Y106.915 E1.07238
G1 X109.785 Y107.781 E1.11004
G1 X109.173 Y108.631 E1.15117
G1 X108.719 Y109.095 E1.17666
G1 X108.422 Y109.345 E1.1919
G1 X107.844 Y109.749 E1.21959
G1 X106.977 Y110.171 E1.25745
G1 X105.945 Y110.453 E1.29946
G1 X105.3 Y110.53 E1.32497
G1 X104.697 Y110.529 E1.34865
G1 X104.367 Y110.479 E1.36176
G1 X104.352 Y110.067 F7800
G1 F884.349
G1 X103.798 Y109.981 E1.38377
G1 X103.019 Y109.714 E1.4161
G1 X102.404 Y109.42 E1.44287
G1 X101.982 Y109.131 E1.46295
G1 X101.574 Y108.818 E1.48314
G1 X100.89 Y108.07 E1.52294
G1 X100.574 Y107.596 E1.54531
G1 X100.198 Y106.805 E1.5797
G1 X99.941 Y105.844 E1.61876
G1 X99.875 Y105.259 E1.64188
G1 X99.907 Y104.383 E1.6763
G1 X100.034 Y103.711 E1.70315
G1 X100.182 Y103.232 E1.72284
G1 X100.582 Y102.395 E1.75926
G1 X100.978 Y101.846 E1.78584
G1 X101.244 Y101.504 E1.80285
G1 X101.671 Y101.095 E1.82607
G1 X102.101 Y100.767 E1.8473
G1 X102.784 Y100.373 E1.87826
G1 X103.315 Y100.159 E1.90074
G1 X103.863 Y99.996 E1.92319
G1 X104.601 Y99.901 E1.95241
G1 X105.041 Y99.879 E1.96971
G1 X105.831 Y99.938 E2.00082
G1 X106.624 Y100.14 E2.03295
G1 X107.605 Y100.582 E2.0752
G1 X108.387 Y101.153 E2.11322
G1 X108.801 Y101.563 E2.1361
G1 X109.188 Y102.035 E2.16007
G1 X109.566 Y102.678 E2.18936
G1 X109.816 Y103.277 E2.21485
G1 X109.966 Y103.711 E2.23288
G1 X110.082 Y104.29 E2.25607
G1 X110.128 Y104.803 E2.27629
G1 X110.078 Y105.716 E2.31219
G1 X109.818 Y106.768 E2.35474
G1 X109.418 Y107.605 E2.39116
G1 X108.847 Y108.387 E2.42918
G1 X108.437 Y108.801 E2.45206
G1 X107.679 Y109.368 E2.48923
G1 X106.805 Y109.802 E2.52755
G1 X105.844 Y110.059 E2.56661
G1 X105.259 Y110.125 E2.58973
G1 X104.702 Y110.122 E2.6116
G1 X104.411 Y110.076 E2.62317
G1 X104.396 Y109.665 F7800
;TYPE:External perimeter
G1 F884.349
G1 X103.864 Y109.579 E2.64433
G1 X103.163 Y109.333 E2.6735
G1 X102.603 Y109.064 E2.69789
G1 X101.918 Y108.569 E2.73107
G1 X101.532 Y108.177 E2.75267
G1 X101.189 Y107.792 E2.77292
G1 X100.914 Y107.373 E2.7926
G1 X100.567 Y106.632 E2.82473
G1 X100.336 Y105.743 E2.8608
G1 X100.28 Y105.218 E2.88153
G1 X100.314 Y104.401 E2.91364
G1 X100.433 Y103.79 E2.93808
G1 X100.568 Y103.365 E2.95559
G1 X100.949 Y102.571 E2.99017
G1 X101.304 Y102.09 E3.01364
G1 X101.526 Y101.798 E3.02804
G1 X101.953 Y101.389 E3.05126
G1 X102.377 Y101.078 E3.07191
G1 X102.988 Y100.726 E3.0996
G1 X103.462 Y100.539 E3.11961
G1 X103.969 Y100.389 E3.14037
G1 X104.65 Y100.305 E3.16731
G1 X105.011 Y100.285 E3.18151
G1 X105.8 Y100.344 E3.21258
G1 X106.518 Y100.533 E3.24173
G1 X107.429 Y100.949 E3.28105
G1 X108.143 Y101.479 E3.31596
G1 X108.507 Y101.844 E3.3362
G1 X108.865 Y102.283 E3.35844
G1 X109.213 Y102.882 E3.38564
G1 X109.567 Y103.79 E3.42391
G1 X109.682 Y104.37 E3.44713
G1 X109.72 Y104.814 E3.46463
G1 X109.672 Y105.693 E3.49919
G1 X109.468 Y106.511 E3.53229
G1 X109.039 Y107.45 E3.57283
G1 X108.521 Y108.143 E3.6068
G1 X108.156 Y108.507 E3.62704
G1 X107.446 Y109.035 E3.66178
G1 X106.632 Y109.433 E3.69736
G1 X105.743 Y109.664 E3.73343
G1 X105.218 Y109.72 E3.75416
G1 X104.707 Y109.715 E3.77423
G1 X104.455 Y109.674 E3.78425
G1 X104.06 Y109.611 F7800
G92 E0
G1 X97.864 Y109.969
;TYPE:Perimeter
G1 F884.349
G1 X97.547 Y109.503 E.02213
G1 X97.281 Y109.035 E.04327
G1 X96.812 Y107.968 E.08903
G1 X96.587 Y107.254 E.11842
G1 X96.422 Y106.512 E.14827
G1 X96.323 Y105.755 E.17825
G1 X96.294 Y105.185 E.20066
G1 X96.298 Y104.624 E.22269
G1 X96.364 Y103.87 E.25241
G1 X96.546 Y102.914 E.29062
G1 X96.689 Y102.395 E.31176
G1 X97.111 Y101.309 E.35751
G1 X97.452 Y100.655 E.38647
G1 X98.097 Y99.689 E.43208
G1 X98.578 Y99.116 E.46145
G1 X99.116 Y98.578 E.49132
G1 X99.698 Y98.09 E.52114
G1 X100.32 Y97.654 E.55097
G1 X100.969 Y97.28 E.58038
G1 X102.032 Y96.812 E.62598
G1 X102.746 Y96.587 E.65537
G1 X103.488 Y96.422 E.68522
G1 X104.234 Y96.324 E.71476
G1 X105.207 Y96.295 E.75298
G1 X105.744 Y96.322 E.77409
G1 X106.896 Y96.499 E.81985
G1 X107.619 Y96.693 E.84924
G1 X108.323 Y96.949 E.87865
G1 X109.364 Y97.463 E.92424
G1 X109.996 Y97.865 E.95365
G1 X110.601 Y98.33 E.98361
G1 X111.026 Y98.713 E1.00607
G1 X111.419 Y99.113 E1.02809
G1 X111.906 Y99.693 E1.05783
G1 X112.453 Y100.497 E1.09601
G1 X112.719 Y100.965 E1.11715
G1 X113.214 Y102.115 E1.16631
G1 X113.428 Y102.811 E1.1949
G1 X113.549 Y103.352 E1.21667
G1 X113.651 Y104.045 E1.24417
G1 X113.702 Y104.689 E1.26954
G1 X113.702 Y105.38 E1.29667
G1 X113.636 Y106.13 E1.32623
G1 X113.454 Y107.086 E1.36444
G1 X113.311 Y107.605 E1.38558
G1 X112.889 Y108.691 E1.43133
G1 X112.543 Y109.355 E1.46073
G1 X112.135 Y109.996 E1.49056
G1 X111.67 Y110.601 E1.52052
G1 X111.287 Y111.026 E1.54298
G1 X110.887 Y111.419 E1.565
G1 X110.302 Y111.91 E1.59499
G1 X109.68 Y112.346 E1.62482
G1 X109.031 Y112.72 E1.65423
G1 X107.968 Y113.188 E1.69983
G1 X107.254 Y113.413 E1.72922
G1 X106.519 Y113.576 E1.75878
G1 X105.553 Y113.69 E1.79697
G1 X105.015 Y113.71 E1.81811
G1 X103.852 Y113.633 E1.86387
G1 X103.121 Y113.505 E1.89301
G1 X102.185 Y113.24 E1.93121
G1 X101.681 Y113.052 E1.95233
G1 X100.642 Y112.54 E1.99781
G1 X99.837 Y112.012 E2.03561
G1 X99.413 Y111.681 E2.05673
G1 X98.571 Y110.876 E2.10247
G1 X98.094 Y110.307 E2.13162
G1 X97.898 Y110.018 E2.14533
G1 X97.535 Y110.21 F7800
G1 F884.349
G1 X97.201 Y109.718 E2.16868
G1 X96.917 Y109.218 E2.19126
G1 X96.431 Y108.112 E2.23869
G1 X96.193 Y107.36 E2.26966
G1 X96.021 Y106.583 E2.30091
G1 X95.917 Y105.792 E2.33224
G1 X95.887 Y105.194 E2.35575
G1 X95.891 Y104.605 E2.37888
G1 X95.96 Y103.814 E2.41006
G1 X96.149 Y102.821 E2.44975
G1 X96.302 Y102.267 E2.47232
G1 X96.74 Y101.141 E2.51976
G1 X97.101 Y100.447 E2.55048
G1 X97.771 Y99.445 E2.59781
G1 X98.278 Y98.84 E2.6288
G1 X98.84 Y98.278 E2.66001
G1 X99.45 Y97.767 E2.69125
G1 X100.101 Y97.311 E2.72246
G1 X100.785 Y96.916 E2.75347
G1 X101.888 Y96.431 E2.80078
G1 X102.64 Y96.193 E2.83175
G1 X103.417 Y96.021 E2.863
G1 X104.202 Y95.918 E2.89409
G1 X105.211 Y95.887 E2.93373
G1 X105.786 Y95.917 E2.95634
G1 X106.98 Y96.101 E3.00378
G1 X107.742 Y96.305 E3.03475
G1 X108.483 Y96.574 E3.0657
G1 X109.564 Y97.108 E3.11304
G1 X110.229 Y97.532 E3.14401
G1 X110.862 Y98.017 E3.17532
G1 X111.307 Y98.419 E3.19887
G1 X111.72 Y98.839 E3.222
G1 X112.231 Y99.447 E3.25318
G1 X112.799 Y100.282 E3.29283
G1 X113.083 Y100.782 E3.31541
G1 X113.602 Y101.992 E3.36711
G1 X113.825 Y102.72 E3.39701
G1 X113.951 Y103.284 E3.4197
M73 P96 R1
M73 Q96 S1
G1 X114.057 Y104.009 E3.44847
G1 X114.109 Y104.689 E3.47525
G1 X114.109 Y105.398 E3.50309
G1 X114.04 Y106.186 E3.53415
G1 X113.851 Y107.179 E3.57384
G1 X113.698 Y107.733 E3.59641
G1 X113.26 Y108.859 E3.64385
G1 X112.896 Y109.559 E3.67483
G1 X112.468 Y110.229 E3.70605
G1 X111.983 Y110.862 E3.73736
G1 X111.581 Y111.307 E3.76091
G1 X111.161 Y111.72 E3.78404
G1 X110.55 Y112.233 E3.81537
G1 X109.899 Y112.689 E3.84658
G1 X109.216 Y113.084 E3.87756
G1 X108.112 Y113.569 E3.92491
G1 X107.36 Y113.807 E3.95588
G1 X106.587 Y113.978 E3.98697
G1 X105.584 Y114.096 E4.02662
G1 X105.009 Y114.117 E4.04921
G1 X103.803 Y114.038 E4.09666
G1 X103.03 Y113.902 E4.12748
G1 X102.058 Y113.627 E4.16714
G1 X101.519 Y113.427 E4.18971
G1 X100.439 Y112.894 E4.237
G1 X99.6 Y112.344 E4.27639
G1 X99.146 Y111.99 E4.29899
G1 X98.274 Y111.154 E4.34642
G1 X97.769 Y110.553 E4.37724
G1 X97.569 Y110.259 E4.3912
G1 X97.207 Y110.45 F7800
;TYPE:External perimeter
G1 F884.349
G1 X96.855 Y109.933 E4.41576
G1 X96.553 Y109.401 E4.43978
G1 X96.049 Y108.256 E4.4889
G1 X95.8 Y107.465 E4.52146
G1 X95.62 Y106.654 E4.55408
G1 X95.511 Y105.829 E4.58675
G1 X95.48 Y105.202 E4.6114
G1 X95.484 Y104.585 E4.63563
G1 X95.557 Y103.758 E4.66823
G1 X95.752 Y102.729 E4.70935
G1 X95.915 Y102.139 E4.73338
G1 X96.369 Y100.973 E4.78251
G1 X96.75 Y100.239 E4.81498
G1 X97.445 Y99.2 E4.86406
G1 X97.978 Y98.565 E4.89661
G1 X98.565 Y97.978 E4.92921
G1 X99.202 Y97.443 E4.96187
G1 X99.882 Y96.967 E4.99446
G1 X100.6 Y96.552 E5.02702
G1 X101.744 Y96.049 E5.07609
G1 X102.535 Y95.8 E5.10865
G1 X103.346 Y95.62 E5.14127
G1 X104.169 Y95.512 E5.17386
G1 X105.216 Y95.48 E5.21499
G1 X105.827 Y95.511 E5.23901
G1 X107.064 Y95.702 E5.28816
G1 X107.864 Y95.916 E5.32068
G1 X108.643 Y96.2 E5.35324
G1 X109.764 Y96.752 E5.4023
G1 X110.463 Y97.198 E5.43486
G1 X111.123 Y97.704 E5.46751
G1 X111.589 Y98.125 E5.49217
G1 X112.022 Y98.564 E5.51638
G1 X112.556 Y99.201 E5.54902
G1 X113.145 Y100.067 E5.59014
G1 X113.447 Y100.599 E5.61416
G1 X113.898 Y101.624 E5.65813
G1 X114.101 Y102.219 E5.68281
G1 X114.241 Y102.713 E5.70297
G1 X114.352 Y103.216 E5.7232
G1 X114.462 Y103.974 E5.75327
G1 X114.516 Y104.689 E5.78142
G1 X114.516 Y105.415 E5.80993
G1 X114.443 Y106.242 E5.84253
G1 X114.248 Y107.271 E5.88365
G1 X114.085 Y107.861 E5.90768
G1 X113.631 Y109.027 E5.95681
G1 X113.249 Y109.762 E5.98933
G1 X112.802 Y110.463 E6.02197
G1 X112.296 Y111.123 E6.05462
G1 X111.875 Y111.589 E6.07928
G1 X111.436 Y112.022 E6.10349
G1 X110.798 Y112.557 E6.13618
G1 X110.118 Y113.033 E6.16877
G1 X109.4 Y113.448 E6.20133
G1 X108.256 Y113.951 E6.2504
G1 X107.465 Y114.2 E6.28296
G1 X106.655 Y114.38 E6.31554
G1 X105.615 Y114.503 E6.35666
G1 X105.003 Y114.525 E6.38071
G1 X103.755 Y114.443 E6.42982
G1 X102.94 Y114.299 E6.46232
G1 X101.932 Y114.015 E6.50344
G1 X101.358 Y113.801 E6.52749
G1 X100.237 Y113.248 E6.57657
G1 X99.363 Y112.675 E6.6176
G1 X98.88 Y112.298 E6.64166
G1 X97.976 Y111.433 E6.69079
G1 X97.444 Y110.799 E6.72329
G1 X97.241 Y110.5 E6.73748
G1 X97.016 Y110.169 F7800
G92 E0
G1 X99.966 Y98.088
;TYPE:Solid infill
;WIDTH:0.38292
G1 F1058.823
G1 X99.253 Y98.729 E.03144
G1 X98.729 Y99.253 E.05574
G1 X98.236 Y99.791 E.07967
G1 X97.734 Y100.791 F7800
G1 F1058.823
G1 X97.693 Y100.802 E.08106
G1 X97.674 Y100.731 E.08347
G1 X97.745 Y100.75 E.08588
;WIDTH:0.41646
G1 F963.754
G1 X97.843 Y100.612 E.09198
;WIDTH:0.449999
G1 F884.349
G1 X97.94 Y100.473 E.09864
G1 X100.526 Y97.888 E.24221
G1 X101.696 Y97.293 F7800
G1 F884.349
G1 X97.285 Y101.704 E.48715
G1 X97.214 Y101.843 E.49328
;WIDTH:0.41646
G1 F963.754
G1 X97.142 Y101.981 E.49889
;WIDTH:0.38292
G1 F1058.823
G1 X97.071 Y101.962 E.5013
G1 X97.09 Y102.033 E.50371
G1 X97.131 Y102.022 E.5051
G1 X96.641 Y103.227 F7800
G1 F1058.823
G1 X96.742 Y102.782 E.52006
;WIDTH:0.41646
G1 F963.754
G1 X96.842 Y102.702 E.52467
;WIDTH:0.449999
G1 F884.349
G1 X96.943 Y102.622 E.52973
G1 X102.618 Y96.947 E.84485
G1 X102.778 Y96.746 E.85494
;WIDTH:0.38292
G1 F1058.823
G1 X103.09 Y96.671 E.86546
;WIDTH:0.41646
G1 F963.754
G1 X103.236 Y96.715 E.87095
;WIDTH:0.449999
G1 F884.349
G1 X103.382 Y96.759 E.87694
G1 X96.77 Y103.371 E1.24409
G1 X96.654 Y104.063 E1.27164
G1 X104.062 Y96.655 E1.68299
G1 X104.674 Y96.618 E1.70706
G1 X96.603 Y104.689 E2.15523
G1 X96.563 Y104.828 E2.16091
;WIDTH:0.41646
G1 F963.754
G1 X96.523 Y104.966 E2.16609
;WIDTH:0.38292
G1 F1058.823
G1 X96.452 Y104.947 E2.1685
G1 X96.471 Y105.018 E2.17091
G1 X96.512 Y105.007 E2.1723
G92 E0
G1 X101.667 Y100.201 F7800
;WIDTH:0.449999
G1 F884.349
G1 X105.265 Y96.603 E.19979
G1 X105.803 Y96.64 E.22096
G1 X102.876 Y99.567 E.38349
G1 X102.753 Y99.663 E.38962
;WIDTH:0.41646
G1 F963.754
G1 X102.629 Y99.759 E.39527
;WIDTH:0.38292
G1 F1058.823
G1 X102.558 Y99.74 E.39768
G1 X102.577 Y99.811 E.40009
G1 X102.618 Y99.8 E.40148
G1 X103.632 Y99.486 F7800
G1 F1058.823
G1 X103.437 Y99.472 E.40789
;WIDTH:0.41646
G1 F963.754
G1 X103.579 Y99.385 E.41389
;WIDTH:0.449999
G1 F884.349
G1 X103.722 Y99.297 E.42048
G1 X106.302 Y96.717 E.56374
G1 X107.233 Y96.906 F7800
G1 F884.349
G1 X107.527 Y96.985 E.57569
G1 X108.203 Y97.231 E.60394
G1 X109.214 Y97.729 E.64819
G1 X109.821 Y98.116 E.67646
G1 X110.406 Y98.565 E.70542
G1 X110.814 Y98.934 E.72702
G1 X111.193 Y99.318 E.7482
G1 X111.662 Y99.877 E.77685
G1 X112.194 Y100.659 E.81399
G1 X112.445 Y101.102 E.83398
G1 X112.923 Y102.207 E.88125
G1 X113.13 Y102.878 E.90882
G1 X113.287 Y103.633 E.9391
G1 X113.203 Y103.633 E.9424
G1 X110.725 Y106.111 E1.08
G1 X110.771 Y105.906 E1.08825
G1 X110.839 Y104.748 E1.1338
G1 X110.792 Y104.221 E1.15457
G1 X110.651 Y103.516 E1.1828
G1 X110.315 Y102.572 E1.22214
G1 X109.749 Y101.596 E1.26644
G1 X109.314 Y101.073 E1.29315
G1 X108.809 Y100.585 E1.32072
G1 X108.026 Y100.004 E1.359
G1 X106.981 Y99.503 E1.4045
G1 X105.988 Y99.239 E1.44484
G1 X105.008 Y99.163 E1.48343
G1 X106.7 Y97.471 E1.57738
G1 X107.093 Y97.054 E1.59988
G1 X106.801 Y96.794 E1.61523
G1 X104.383 Y99.212 E1.7495
G92 E0
G1 X107.342 Y97.98 F7800
G1 F884.349
G1 X106.729 Y98.594 E.03407
G1 X107.371 Y98.783 E.06035
G1 X108.386 Y99.274 E.10462
G1 X109.297 Y99.933 E.14877
G1 X109.59 Y100.184 E.16392
G1 X110.056 Y100.671 E.19039
G1 X110.394 Y101.098 E.21177
G1 X111.003 Y102.129 E.25879
G1 X111.418 Y103.243 E.30547
G1 X111.591 Y104.064 E.33841
G1 X112.391 Y103.294 E.38201
G1 X112.146 Y102.451 E.41648
G1 X111.717 Y101.468 E.45859
G1 X111.249 Y100.717 E.49333
G1 X110.848 Y100.174 E.51983
G1 X110.26 Y99.532 E.55401
G1 X109.884 Y99.191 E.57394
G1 X109.353 Y98.783 E.60023
G1 X108.814 Y98.44 E.62532
G1 X107.883 Y97.98 E.66609
G1 X107.486 Y97.836 E.68267
G1 X107.255 Y97.511 E.69833
G1 X105.941 Y98.806 E.77077
G1 X107.085 Y99.109 E.81724
G1 X108.203 Y99.637 E.86579
G1 X109.053 Y100.259 E.90715
G1 X109.608 Y100.791 E.93734
G1 X109.947 Y101.185 E.95775
G1 X110.333 Y101.786 E.9858
G1 X110.651 Y102.333 E1.01064
G1 X111.035 Y103.379 E1.05439
G1 X111.191 Y104.142 E1.08497
G1 X111.243 Y104.697 E1.10686
G1 X111.23 Y105.03 E1.11995
G1 X112.838 Y103.423 E1.20921
G1 X112.716 Y102.904 E1.23014
G1 X112.52 Y102.283 E1.25571
G1 X112.081 Y101.285 E1.29852
G1 X111.828 Y100.844 E1.31848
G1 X111.337 Y100.123 E1.35273
G1 X110.892 Y99.592 E1.37993
G1 X110.533 Y99.228 E1.4
G1 X110.145 Y98.878 E1.42052
G1 X109.587 Y98.449 E1.44816
G1 X109.014 Y98.085 E1.47481
G1 X108.043 Y97.606 E1.51732
G1 X107.405 Y97.373 E1.54399
G1 X107.606 Y98.377 F7800
;WIDTH:0.572942
G1 F679.217
G1 X108.584 Y98.849 E1.59951
;WIDTH:0.589154
G1 F659.058
G1 X109.079 Y99.174 E1.63071
G1 X109.581 Y99.555 E1.66391
;WIDTH:0.582242
G1 F667.505
G1 X110.242 Y100.184 E1.71138
;WIDTH:0.577462
G1 F673.474
G1 X110.639 Y100.651 E1.74298
;WIDTH:0.589682
G1 F658.422
G1 X111.097 Y101.342 E1.7867
G1 X111.402 Y101.897 E1.8201
;WIDTH:0.587928
G1 F660.541
G1 X111.692 Y102.595 E1.85983
G1 X111.857 Y103.086 E1.88706
;WIDTH:0.568742
G1 F684.642
G1 X111.878 Y103.148 E1.89038
G1 X113.347 Y104.065 F7800
;WIDTH:0.449999
G1 F884.349
G1 X110.517 Y106.895 E2.04753
G1 X110.444 Y107.033 E2.05366
;WIDTH:0.41646
G1 F963.754
G1 X110.372 Y107.172 E2.0593
;WIDTH:0.38292
G1 F1058.823
G1 X110.301 Y107.153 E2.06171
G1 X110.32 Y107.224 E2.06412
G1 X110.361 Y107.213 E2.06551
G92 E0
G1 X108.232 Y109.806 F7800
G1 F1058.823
G1 X108.694 Y109.416 E.01983
G1 X109.238 Y108.884 E.04478
G1 X109.792 Y108.246 E.07249
;WIDTH:0.41646
G1 F963.754
G1 X109.911 Y108.102 E.07922
;WIDTH:0.449999
G1 F884.349
G1 X110.029 Y107.958 E.08653
G1 X113.393 Y104.595 E.2733
G92 E0
G1 X101.379 Y100.452 F7800
M73 P96 R0
M73 Q96 S0
;WIDTH:0.39739
G1 F1015.601
G1 X101.259 Y100.557 E.00545
;WIDTH:0.396818
G1 F1017.242
G1 X100.555 Y101.275 E.03977
;WIDTH:0.423409
G1 F946.152
G1 X100.43 Y101.419 E.04677
;WIDTH:0.449999
G1 F884.349
G1 X100.305 Y101.563 E.05426
G1 X96.604 Y105.264 E.25977
G1 X96.637 Y105.806 E.28109
G1 X99.682 Y102.751 E.45045
;WIDTH:0.41646
G1 F963.754
G1 X99.8 Y102.622 E.45675
;WIDTH:0.38292
G1 F1058.823
G1 X99.759 Y102.633 E.45814
G1 X99.74 Y102.562 E.46055
G1 X99.811 Y102.581 E.46296
G1 X99.509 Y103.412 F7800
G1 F1058.823
G1 X99.438 Y103.393 E.46537
G1 X99.457 Y103.464 E.46778
G1 X99.498 Y103.453 E.46917
;WIDTH:0.41646
G1 F963.754
G1 X99.403 Y103.582 E.47494
;WIDTH:0.449999
G1 F884.349
G1 X99.308 Y103.711 E.48123
G1 X96.704 Y106.315 E.62583
G1 X96.798 Y106.797 E.64511
G1 X99.198 Y104.397 E.77838
G1 X99.163 Y105.278 E.813
G1 X99.242 Y105.98 E.84074
M73 Q97 S0
G1 X99.468 Y106.869 E.87676
M73 P97 R0
G1 X99.967 Y107.966 E.92408
G1 X100.277 Y108.437 E.94622
G1 X101.018 Y109.276 E.99017
G1 X101.932 Y109.972 E1.03528
G1 X102.436 Y110.25 E1.05788
G1 X103.357 Y110.603 E1.09661
G1 X104.517 Y110.818 E1.14293
G1 X105.259 Y110.838 E1.17207
G1 X105.988 Y110.756 E1.20087
G1 X106.87 Y110.536 E1.23656
G1 X104.185 Y113.227 E1.38582
G1 X104.179 Y113.349 E1.39062
G1 X103.889 Y113.33 E1.40203
G1 X103.19 Y113.207 E1.4299
G1 X102.28 Y112.95 E1.46703
G1 X101.802 Y112.772 E1.48706
G1 X100.793 Y112.274 E1.53124
G1 X100.015 Y111.764 E1.56777
G1 X99.613 Y111.45 E1.5878
G1 X98.794 Y110.667 E1.63229
G1 X98.338 Y110.123 E1.66016
G1 X97.806 Y109.341 E1.6973
G1 X97.555 Y108.898 E1.71729
G1 X97.098 Y107.861 E1.76179
G1 X96.904 Y107.244 E1.78719
G1 X96.942 Y107.229 E1.78879
G1 X99.028 Y105.142 E1.90465
G1 X98.824 Y105.922 E1.93631
G1 X98.847 Y106.08 E1.94258
G1 X99.074 Y106.97 E1.97864
G1 X99.626 Y108.188 E2.03115
G1 X99.972 Y108.707 E2.05564
G1 X100.801 Y109.627 E2.10427
G1 X101.734 Y110.328 E2.15009
G1 X102.212 Y110.593 E2.17155
G1 X103.264 Y111.001 E2.21585
G1 X104.505 Y111.225 E2.26536
G1 X105.219 Y111.246 E2.29341
G1 X105.629 Y111.207 E2.30958
G1 X103.915 Y112.921 E2.40476
G1 X103.28 Y112.809 E2.43008
G1 X102.441 Y112.572 E2.46431
G1 X101.963 Y112.397 E2.4843
G1 X100.996 Y111.92 E2.52664
G1 X100.282 Y111.452 E2.56016
G1 X99.879 Y111.142 E2.58012
G1 X99.092 Y110.388 E2.62291
G1 X98.663 Y109.877 E2.64911
G1 X98.172 Y109.155 E2.68339
G1 X97.919 Y108.715 E2.70332
G1 X97.584 Y107.953 E2.736
G1 X97.372 Y107.375 E2.76017
G1 X98.68 Y106.066 E2.83283
G1 X98.593 Y106.73 E2.85912
G1 X98.679 Y107.07 E2.87289
G1 X98.814 Y107.408 E2.88718
G1 X99.285 Y108.41 E2.93065
G1 X99.667 Y108.977 E2.95749
G1 X100.555 Y109.951 E3.00924
G1 X101.536 Y110.684 E3.05732
G1 X102.014 Y110.949 E3.07878
G1 X103.154 Y111.393 E3.12682
G1 X103.702 Y111.498 E3.14873
G1 X104.624 Y111.636 E3.18534
G1 X103.777 Y112.483 E3.23237
G1 X103.371 Y112.412 E3.24855
G1 X102.773 Y112.243 E3.27295
G1 X102.125 Y112.023 E3.29982
G1 X101.59 Y111.759 E3.32324
G1 X100.882 Y111.359 E3.35517
G1 X100.146 Y110.833 E3.39069
G1 X99.373 Y110.089 E3.43282
G1 X98.809 Y109.368 E3.46876
G1 X98.273 Y108.51 E3.50848
G1 X97.834 Y107.488 E3.55215
G1 X98.449 Y106.874 E3.58627
G1 X98.386 Y107.6 E3.61488
;WIDTH:0.579964
G1 F670.336
G1 X98.705 Y108.32 E3.65567
G1 X99.19 Y109.109 E3.70364
;WIDTH:0.593342
G1 F654.044
G1 X99.74 Y109.782 E3.74978
G1 X100.151 Y110.206 E3.78113
;WIDTH:0.590998
G1 F656.841
G1 X100.768 Y110.713 E3.82335
G1 X101.22 Y111.03 E3.85254
;WIDTH:0.55647
G1 F701.003
G1 X101.792 Y111.349 E3.88498
;WIDTH:0.588732
G1 F659.568
G1 X102.314 Y111.585 E3.91514
G1 X102.9 Y111.797 E3.94795
;WIDTH:0.59416
G1 F653.073
G1 X103.615 Y111.969 E3.98705
G92 E0
G1 X104.907 Y113.546 F7800
;WIDTH:0.38292
G1 F1058.823
G1 X104.866 Y113.557 E.00139
G1 X104.847 Y113.486 E.0038
G1 X104.918 Y113.505 E.00621
;WIDTH:0.41646
G1 F963.754
G1 X104.764 Y113.441 E.01222
;WIDTH:0.449999
G1 F884.349
G1 X104.61 Y113.377 E.01877
G1 X107.944 Y110.044 E.20387
G92 E0
G1 X105.164 Y113.399 F7800
G1 F884.349
G1 X113.396 Y105.167 E.45711
G1 X113.36 Y105.779 E.48118
G1 X105.783 Y113.356 E.90192
G1 X106.436 Y113.278 E.92774
G1 X113.264 Y106.45 E1.30689
G1 X113.112 Y107.178 E1.33609
G1 X107.172 Y113.119 E1.66596
G1 X107.801 Y112.995 E1.69113
;WIDTH:0.38292
G1 F1058.823
G1 X107.73 Y112.976 E1.69354
G1 X107.749 Y113.047 E1.69595
G1 X107.79 Y113.036 E1.69734
;WIDTH:0.41646
G1 F963.754
G1 X107.918 Y112.928 E1.70337
;WIDTH:0.449999
G1 F884.349
G1 X108.046 Y112.82 E1.70995
G1 X112.807 Y108.059 E1.97432
G1 X112.912 Y107.93 E1.98085
;WIDTH:0.41646
G1 F963.754
G1 X113.017 Y107.801 E1.98684
;WIDTH:0.38292
G1 F1058.823
G1 X112.976 Y107.812 E1.98823
G1 X112.957 Y107.741 E1.99064
G1 X113.028 Y107.76 E1.99305
G1 X112.573 Y108.822 F7800
G1 F1058.823
G1 X112.501 Y108.803 E1.99549
G1 X112.52 Y108.874 E1.9979
G1 X112.562 Y108.863 E1.99932
;WIDTH:0.41646
G1 F963.754
G1 X112.441 Y108.992 E2.00569
;WIDTH:0.449999
G1 F884.349
G1 X109.004 Y112.429 E2.19654
;WIDTH:0.41646
G1 F963.754
G1 X108.877 Y112.548 E2.20281
;WIDTH:0.38292
G1 F1058.823
G1 X108.836 Y112.559 E2.2042
G1 X108.817 Y112.488 E2.20661
G1 X108.888 Y112.507 E2.20902
G1 X110.167 Y111.733 F7800
G1 F1058.823
G1 X110.716 Y111.23 E2.23344
G1 X111.101 Y110.848 E2.25123
G1 X111.483 Y110.446 E2.26942
G1 X111.975 Y109.885 E2.29389
;LAYER_CHANGE
;Z:13.35
;HEIGHT:0.200001
G92 E0
G1 Z13.35 F7800
G1 X104.286 Y110.674
;TYPE:Perimeter
;WIDTH:0.449999
G1 F884.349
G1 X103.515 Y110.544 E.0307
G1 X102.637 Y110.226 E.06737
G1 X101.973 Y109.874 E.09688
G1 X101.542 Y109.579 E.11739
G1 X100.91 Y109.009 E.15081
G1 X100.338 Y108.344 E.18525
G1 X100.053 Y107.908 E.2057
G1 X99.676 Y107.115 E.24018
G1 X99.413 Y106.306 E.27358
G1 X99.266 Y105.184 E.31801
G1 X99.279 Y104.564 E.34236
G1 X99.341 Y104.047 E.36281
G1 X99.561 Y103.194 E.3974
G1 X100 Y102.191 E.44039
G1 X100.322 Y101.689 E.46381
G1 X100.74 Y101.156 E.49041
G1 X101.261 Y100.648 E.51898
G1 X101.672 Y100.325 E.5395
G1 X102.555 Y99.808 E.57968
G1 X103.211 Y99.549 E.60737
G1 X103.715 Y99.407 E.62793
G1 X104.554 Y99.29 E.66119
G1 X105.435 Y99.279 E.69578
G1 X105.953 Y99.341 E.71626
G1 X106.781 Y99.554 E.74983
G1 X107.133 Y99.682 E.76454
G1 X107.809 Y100 E.79387
G1 X108.441 Y100.409 E.82343
G1 X109.09 Y100.991 E.85766
G1 X109.662 Y101.656 E.8921
G1 X110.123 Y102.431 E.92751
G1 X110.451 Y103.211 E.96073
G1 X110.593 Y103.715 E.98129
G1 X110.733 Y104.728 E1.02144
G1 X110.701 Y105.556 E1.05398
G1 X110.559 Y106.422 E1.08844
G1 X110.407 Y106.921 E1.10892
G1 X110.043 Y107.719 E1.14336
G1 X109.591 Y108.441 E1.17681
G1 X109.261 Y108.844 E1.19726
G1 X108.657 Y109.407 E1.22968
G1 X108.034 Y109.864 E1.26002
G1 X107.465 Y110.182 E1.28561
G1 X106.549 Y110.522 E1.32397
G1 X105.967 Y110.649 E1.34736
G1 X105.294 Y110.731 E1.37398
G1 X104.567 Y110.721 E1.40253
G1 X104.345 Y110.684 E1.41137
G1 X104.33 Y110.27 F7800
G1 F884.349
G1 X103.568 Y110.134 E1.44176
G1 X102.777 Y109.844 E1.47484
G1 X102.169 Y109.517 E1.50195
G1 X101.712 Y109.195 E1.5239
G1 X101.093 Y108.625 E1.55694
G1 X100.656 Y108.09 E1.58406
G1 X100.363 Y107.631 E1.60544
G1 X100.045 Y106.944 E1.63516
G1 X99.804 Y106.192 E1.66617
G1 X99.673 Y105.192 E1.70577
G1 X99.686 Y104.574 E1.73004
G1 X99.757 Y104.035 E1.75139
G1 X99.954 Y103.299 E1.78131
G1 X100.368 Y102.364 E1.82146
G1 X100.66 Y101.916 E1.84246
G1 X101.051 Y101.418 E1.86732
G1 X101.543 Y100.942 E1.8942
G1 X101.942 Y100.632 E1.91404
G1 X102.7 Y100.192 E1.94845
G1 X103.359 Y99.928 E1.97632
G1 X103.9 Y99.785 E1.99829
G1 X104.735 Y99.677 E2.03135
G1 X105.425 Y99.686 E2.05844
G1 X105.978 Y99.76 E2.08035
G1 X106.773 Y99.973 E2.11267
G1 X107.523 Y100.315 E2.14504
G1 X108.214 Y100.747 E2.17704
G1 X108.815 Y101.29 E2.20884
G1 X109.344 Y101.91 E2.24084
G1 X109.771 Y102.635 E2.27388
G1 X110.072 Y103.359 E2.30467
G1 X110.208 Y103.855 E2.32486
G1 X110.322 Y104.714 E2.35888
G1 X110.294 Y105.538 E2.39125
G1 X110.159 Y106.342 E2.42326
G1 X109.996 Y106.861 E2.44462
G1 X109.674 Y107.546 E2.47434
G1 X109.253 Y108.214 E2.50534
G1 X108.931 Y108.602 E2.52514
G1 X108.383 Y109.106 E2.55437
G1 X107.808 Y109.525 E2.58231
G1 X107.277 Y109.821 E2.60618
G1 X106.411 Y110.139 E2.6424
G1 X105.888 Y110.25 E2.66339
G1 X105.259 Y110.325 E2.68826
G1 X104.575 Y110.314 E2.71512
G1 X104.389 Y110.281 E2.72254
G1 X104.373 Y109.872 F7800
;TYPE:External perimeter
G1 F884.349
G1 X103.743 Y109.761 E2.74766
G1 X102.918 Y109.462 E2.78212
G1 X102.365 Y109.16 E2.80686
G1 X101.898 Y108.813 E2.8297
G1 X101.369 Y108.325 E2.85796
G1 X100.974 Y107.836 E2.88264
G1 X100.726 Y107.446 E2.90079
G1 X100.373 Y106.683 E2.9338
G1 X100.195 Y106.079 E2.95852
G1 X100.081 Y105.232 E2.99208
G1 X100.093 Y104.584 E3.01753
G1 X100.154 Y104.127 E3.03563
G1 X100.367 Y103.332 E3.06795
G1 X100.737 Y102.537 E3.10238
G1 X101.085 Y102.013 E3.12708
G1 X101.489 Y101.557 E3.151
G1 X102.168 Y100.971 E3.18622
G1 X102.903 Y100.545 E3.21958
G1 X103.506 Y100.307 E3.24503
G1 X104.073 Y100.173 E3.26791
G1 X104.787 Y100.081 E3.29618
G1 X105.416 Y100.093 E3.32088
G1 X105.996 Y100.187 E3.34395
G1 X106.668 Y100.367 E3.37127
G1 X107.35 Y100.683 E3.40078
G1 X107.987 Y101.085 E3.43036
G1 X108.539 Y101.59 E3.45974
G1 X109.026 Y102.165 E3.48933
G1 X109.418 Y102.838 E3.51991
G1 X109.693 Y103.506 E3.54827
G1 X109.811 Y103.952 E3.56638
G1 X109.919 Y104.767 E3.59866
G1 X109.887 Y105.519 E3.62821
G1 X109.76 Y106.262 E3.65781
G1 X109.621 Y106.701 E3.67589
G1 X109.263 Y107.463 E3.70895
G1 X108.915 Y107.987 E3.73365
G1 X108.548 Y108.404 E3.75546
G1 X107.996 Y108.907 E3.78478
G1 X107.474 Y109.258 E3.80948
G1 X107 Y109.494 E3.83027
G1 X106.273 Y109.757 E3.86063
G1 X105.656 Y109.881 E3.88534
G1 X105.048 Y109.917 E3.90925
G1 X104.553 Y109.904 E3.92869
G1 X104.432 Y109.883 E3.93351
G1 X104.038 Y109.813 F7800
G92 E0
G1 X98.017 Y109.862
;TYPE:Perimeter
G1 F884.349
G1 X97.636 Y109.264 E.02784
G1 X97.134 Y108.246 E.07241
G1 X96.884 Y107.559 E.10112
G1 X96.692 Y106.844 E.13019
G1 X96.558 Y106.07 E.16103
G1 X96.499 Y105.384 E.18806
G1 X96.529 Y104.206 E.23433
G1 X96.618 Y103.534 E.26095
G1 X96.888 Y102.431 E.30554
G1 X97.134 Y101.754 E.33382
G1 X97.636 Y100.736 E.37839
G1 X98.029 Y100.119 E.40711
G1 X98.481 Y99.53 E.43626
G1 X98.983 Y98.983 E.46541
G1 X99.53 Y98.481 E.49456
G1 X100.119 Y98.029 E.52371
G1 X100.736 Y97.636 E.55243
G1 X101.754 Y97.134 E.597
G1 X102.431 Y96.888 E.62528
G1 X103.533 Y96.618 E.66983
G1 X104.257 Y96.523 E.6985
G1 X105.041 Y96.491 E.72931
G1 X105.73 Y96.522 E.75639
G1 X106.853 Y96.695 E.801
G1 X107.559 Y96.884 E.8297
G1 X108.257 Y97.138 E.85886
G1 X108.929 Y97.452 E.88798
G1 X109.563 Y97.817 E.9167
G1 X110.478 Y98.489 E.96128
G1 X111.017 Y98.983 E.98999
G1 X111.519 Y99.53 E1.01914
G1 X111.964 Y100.11 E1.04784
G1 X112.553 Y101.081 E1.09243
G1 X112.862 Y101.743 E1.12112
G1 X113.115 Y102.439 E1.1502
M73 Q98 S0
G1 X113.316 Y103.199 E1.18107
M73 P98 R0
G1 X113.435 Y103.878 E1.20814
G1 X113.506 Y105.087 E1.25569
G1 X113.477 Y105.742 E1.28143
G1 X113.381 Y106.478 E1.31057
G1 X113.22 Y107.203 E1.33973
G1 X113 Y107.9 E1.36843
G1 X112.543 Y108.939 E1.413
G1 X112.183 Y109.563 E1.44129
G1 X111.511 Y110.478 E1.48587
G1 X111.017 Y111.017 E1.51458
G1 X110.478 Y111.512 E1.54331
G1 X109.563 Y112.183 E1.58786
G1 X108.929 Y112.548 E1.61658
G1 X108.266 Y112.857 E1.6453
G1 X107.192 Y113.222 E1.68984
G1 X106.478 Y113.381 E1.71856
G1 X105.742 Y113.477 E1.7477
G1 X105 Y113.51 E1.77686
G1 X104.258 Y113.477 E1.80602
G1 X103.522 Y113.381 E1.83516
G1 X102.797 Y113.22 E1.86432
G1 X102.1 Y113 E1.89302
G1 X101.061 Y112.543 E1.93759
G1 X100.437 Y112.183 E1.96588
G1 X99.522 Y111.511 E2.01046
G1 X98.983 Y111.017 E2.03917
G1 X98.481 Y110.47 E2.06832
G1 X98.052 Y109.911 E2.09599
G1 X97.688 Y110.103 F7800
G1 F884.349
G1 X97.281 Y109.464 E2.12574
G1 X96.759 Y108.406 E2.17206
G1 X96.495 Y107.681 E2.20236
G1 X96.294 Y106.931 E2.23285
G1 X96.154 Y106.122 E2.26509
G1 X96.092 Y105.397 E2.29366
G1 X96.122 Y104.174 E2.3417
G1 X96.217 Y103.458 E2.37006
G1 X96.498 Y102.312 E2.41639
G1 X96.759 Y101.594 E2.44639
G1 X97.281 Y100.536 E2.49271
G1 X97.695 Y99.885 E2.523
G1 X98.169 Y99.268 E2.55355
G1 X98.695 Y98.695 E2.58409
G1 X99.268 Y98.169 E2.61463
G1 X99.885 Y97.695 E2.64518
G1 X100.536 Y97.281 E2.67547
G1 X101.594 Y96.759 E2.72179
G1 X102.312 Y96.498 E2.75179
G1 X103.458 Y96.217 E2.79812
G1 X104.222 Y96.117 E2.82837
G1 X105.042 Y96.084 E2.86059
G1 X105.77 Y96.116 E2.8892
G1 X106.936 Y96.296 E2.93552
G1 X107.681 Y96.495 E2.9658
G1 X108.413 Y96.761 E2.99638
G1 X109.118 Y97.09 E3.02693
G1 X109.786 Y97.476 E3.05722
G1 X110.737 Y98.173 E3.10352
G1 X111.306 Y98.695 E3.13384
G1 X111.831 Y99.268 E3.16435
G1 X112.301 Y99.88 E3.19465
G1 X112.913 Y100.888 E3.24095
G1 X113.239 Y101.587 E3.27123
G1 X113.504 Y102.318 E3.30176
G1 X113.714 Y103.111 E3.33397
G1 X113.84 Y103.829 E3.36259
G1 X113.913 Y105.105 E3.41277
G1 X113.883 Y105.777 E3.43918
G1 X113.782 Y106.548 E3.46971
G1 X113.613 Y107.308 E3.50028
G1 X113.381 Y108.044 E3.53058
G1 X112.906 Y109.123 E3.57687
G1 X112.524 Y109.786 E3.60691
G1 X111.827 Y110.737 E3.65321
G1 X111.306 Y111.305 E3.68347
G1 X110.737 Y111.827 E3.71379
G1 X109.786 Y112.524 E3.76009
G1 X109.118 Y112.91 E3.79038
G1 X108.418 Y113.236 E3.8207
G1 X107.301 Y113.615 E3.86701
G1 X106.548 Y113.782 E3.89729
G1 X105.777 Y113.883 E3.92782
G1 X105 Y113.917 E3.95836
G1 X104.223 Y113.883 E3.9889
G1 X103.452 Y113.782 E4.01943
G1 X102.692 Y113.613 E4.05
G1 X101.956 Y113.381 E4.0803
G1 X100.877 Y112.906 E4.12659
G1 X100.214 Y112.524 E4.15663
G1 X99.263 Y111.827 E4.20293
G1 X98.695 Y111.305 E4.23322
G1 X98.169 Y110.732 E4.26376
G1 X97.723 Y110.151 E4.29252
G1 X97.359 Y110.344 F7800
;TYPE:External perimeter
G1 F884.349
G1 X96.926 Y109.664 E4.32417
G1 X96.384 Y108.566 E4.37225
G1 X96.107 Y107.804 E4.40409
G1 X95.896 Y107.019 E4.43601
G1 X95.75 Y106.174 E4.46968
G1 X95.684 Y105.409 E4.49983
G1 X95.716 Y104.142 E4.54959
G1 X95.817 Y103.383 E4.57965
G1 X96.108 Y102.194 E4.62771
G1 X96.384 Y101.433 E4.65949
G1 X96.926 Y100.336 E4.70753
G1 X97.362 Y99.652 E4.73938
G1 X97.857 Y99.006 E4.77134
G1 X98.406 Y98.406 E4.80327
G1 X99.006 Y97.857 E4.8352
G1 X99.652 Y97.362 E4.86716
G1 X100.336 Y96.926 E4.89901
G1 X101.434 Y96.384 E4.94709
G1 X102.194 Y96.107 E4.97885
G1 X103.383 Y95.817 E5.0269
G1 X104.187 Y95.711 E5.05874
G1 X105.043 Y95.676 E5.09238
G1 X105.811 Y95.711 E5.12257
G1 X107.02 Y95.897 E5.1706
G1 X107.804 Y96.107 E5.20247
G1 X108.568 Y96.385 E5.23439
G1 X109.306 Y96.729 E5.26636
G1 X110.008 Y97.135 E5.2982
G1 X110.996 Y97.858 E5.34627
G1 X111.594 Y98.406 E5.37812
G1 X112.143 Y99.006 E5.41005
G1 X112.637 Y99.65 E5.44192
G1 X113.272 Y100.696 E5.48997
G1 X113.615 Y101.432 E5.52185
G1 X113.893 Y102.196 E5.55377
G1 X114.112 Y103.024 E5.5874
G1 X114.245 Y103.781 E5.61758
G1 X114.319 Y105.122 E5.67031
G1 X114.289 Y105.813 E5.69747
G1 X114.183 Y106.619 E5.72939
G1 X114.007 Y107.413 E5.76132
G1 X113.763 Y108.187 E5.79319
G1 X113.27 Y109.308 E5.84127
G1 X112.865 Y110.008 E5.87302
G1 X112.142 Y110.996 E5.92109
G1 X111.594 Y111.594 E5.95294
G1 X110.995 Y112.142 E5.98482
G1 X110.008 Y112.866 E6.03288
G1 X109.306 Y113.271 E6.0647
G1 X108.57 Y113.614 E6.09658
G1 X107.411 Y114.008 E6.14465
G1 X106.619 Y114.183 E6.1765
G1 X105.813 Y114.289 E6.20842
G1 X105 Y114.325 E6.24037
G1 X104.187 Y114.289 E6.27232
G1 X103.381 Y114.183 E6.30424
G1 X102.587 Y114.007 E6.33617
G1 X101.813 Y113.763 E6.36804
G1 X100.692 Y113.27 E6.41612
G1 X99.992 Y112.865 E6.44787
G1 X99.004 Y112.142 E6.49594
G1 X98.406 Y111.594 E6.52779
G1 X97.857 Y110.994 E6.55972
G1 X97.395 Y110.392 E6.58952
G1 X97.177 Y110.057 F7800
G92 E0
G1 X109.715 Y98.077
;TYPE:Top solid infill
;WIDTH:0.400706
G1 F900
G1 X110.823 Y99.185 E.05408
G1 X111.304 Y99.71 E.07865
G1 X111.733 Y100.269 E.10297
G1 X112.245 Y101.113 E.13704
G1 X108.876 Y97.745 E.30144
G1 X108.149 Y97.397 E.32926
G1 X107.95 Y97.325 E.33656
G1 X112.675 Y102.05 E.56716
G1 X112.848 Y102.523 E.58454
G1 X112.921 Y102.802 E.59449
G1 X107.197 Y97.077 E.87387
G1 X106.795 Y96.969 E.88823
G1 X106.545 Y96.931 E.89696
G1 X113.078 Y103.464 E1.2158
G1 X113.166 Y104.058 E1.23652
G1 X105.947 Y96.839 E1.58884
G1 X105.702 Y96.801 E1.5974
G1 X105.389 Y96.787 E1.60821
G1 X113.202 Y104.6 E1.98952
G1 X113.224 Y105.128 E2.00776
G1 X110.319 Y102.223 E2.14954
G1 X109.884 Y101.485 E2.1791
G1 X109.45 Y100.947 E2.20295
G1 X108.749 Y100.296 E2.23596
G1 X108.026 Y99.796 E2.2663
G1 X107.774 Y99.678 E2.2759
G1 X104.877 Y96.781 E2.41729
G1 X104.388 Y96.799 E2.43418
G1 X106.888 Y99.298 E2.55617
G1 X106.199 Y99.115 E2.58077
G1 X103.932 Y96.848 E2.69141
G1 X103.585 Y96.894 E2.70349
G1 X103.494 Y96.916 E2.70672
G1 X105.59 Y99.012 E2.80901
G1 X105.064 Y98.992 E2.82718
G1 X103.087 Y97.016 E2.92364
G1 X102.681 Y97.115 E2.93806
G1 X104.576 Y99.01 E3.03054
G1 X104.128 Y99.069 E3.04613
G1 X102.295 Y97.235 E3.13561
G1 X101.924 Y97.37 E3.14923
G1 X103.681 Y99.128 E3.235
G1 X103.282 Y99.235 E3.24926
G1 X101.58 Y97.532 E3.33235
G1 X101.241 Y97.699 E3.34539
G1 X102.91 Y99.368 E3.42684
G1 X102.547 Y99.511 E3.4403
G1 X100.902 Y97.867 E3.52056
G1 X100.591 Y98.061 E3.53321
G1 X102.214 Y99.684 E3.61242
G1 X101.895 Y99.871 E3.62518
G1 X100.282 Y98.258 E3.7039
G1 X99.995 Y98.477 E3.71636
G1 X101.576 Y100.058 E3.79352
G1 X101.284 Y100.272 E3.80601
G1 X99.709 Y98.697 E3.88288
G1 X99.445 Y98.939 E3.89524
G1 X101.009 Y100.503 E3.97157
G1 X100.751 Y100.751 E3.98392
G1 X99.181 Y99.181 E4.06054
G1 X98.939 Y99.445 E4.0729
G1 X100.5 Y101.006 E4.14908
G1 X100.27 Y101.282 E4.16148
G1 X98.697 Y99.709 E4.23825
G1 X98.477 Y99.995 E4.2507
G1 X100.061 Y101.579 E4.32801
G1 X99.858 Y101.882 E4.3406
G1 X98.258 Y100.282 E4.41869
G1 X98.061 Y100.591 E4.43134
G1 X99.684 Y102.214 E4.51055
G1 X99.523 Y102.559 E4.52369
G1 X97.867 Y100.902 E4.60453
G1 X97.699 Y101.241 E4.61759
G1 X99.361 Y102.903 E4.6987
G1 X99.249 Y103.296 E4.7128
G1 X97.532 Y101.58 E4.79657
G1 X97.392 Y101.864 E4.8075
G1 X97.37 Y101.924 E4.80971
G1 X99.142 Y103.696 E4.89619
G1 X99.07 Y103.967 E4.90587
M73 P99 R0
M73 Q99 S0
G1 X99.052 Y104.112 E4.91091
G1 X97.235 Y102.295 E4.99959
G1 X97.115 Y102.681 E5.01354
G1 X98.999 Y104.565 E5.10549
G1 X98.99 Y105.062 E5.12264
G1 X97.016 Y103.088 E5.21898
G1 X96.916 Y103.494 E5.23341
G1 X99.034 Y105.612 E5.33678
G1 X99.117 Y106.201 E5.35731
G1 X96.848 Y103.932 E5.46805
G1 X96.804 Y104.394 E5.48407
G1 X99.567 Y107.157 E5.61892
G92 E0
G1 X110.436 Y102.847 F7800
G1 F900
G1 X113.203 Y105.613 E.13502
G1 X113.152 Y106.068 E.15082
G1 X110.887 Y103.803 E.26136
G1 X110.968 Y104.39 E.28181
G1 X113.087 Y106.509 E.38523
G1 X112.995 Y106.923 E.39987
G1 X111.003 Y104.931 E.49709
G1 X110.982 Y105.416 E.51384
G1 X112.888 Y107.322 E.60686
G1 X112.767 Y107.707 E.62079
G1 X110.948 Y105.889 E.70954
G1 X110.864 Y106.31 E.72436
G1 X112.62 Y108.067 E.81009
G1 X112.466 Y108.418 E.82332
G1 X110.765 Y106.717 E.90634
G1 X110.638 Y107.096 E.92013
G1 X112.311 Y108.769 E1.00178
G1 X112.13 Y109.094 E1.01462
G1 X110.477 Y107.441 E1.09529
G1 X110.316 Y107.786 E1.10843
G1 X111.944 Y109.414 E1.18788
G1 X111.73 Y109.706 E1.20037
G1 X110.142 Y108.118 E1.27787
G1 X109.94 Y108.422 E1.29047
G1 X111.516 Y109.998 E1.36739
G1 X111.302 Y110.29 E1.37988
G1 X109.73 Y108.718 E1.4566
G1 X109.499 Y108.993 E1.46899
G1 X111.061 Y110.555 E1.54522
G1 X110.819 Y110.819 E1.55758
G1 X109.244 Y109.244 E1.63445
G1 X108.979 Y109.485 E1.64681
G1 X110.555 Y111.061 E1.72373
G1 X110.29 Y111.302 E1.73609
G1 X108.713 Y109.725 E1.81305
G1 X108.422 Y109.94 E1.82554
G1 X109.998 Y111.516 E1.90246
G1 X109.706 Y111.73 E1.91495
G1 X108.118 Y110.142 E1.99245
G1 X107.795 Y110.325 E2.00526
G1 X109.414 Y111.944 E2.08427
G1 X109.094 Y112.13 E2.09704
G1 X107.453 Y110.489 E2.17713
G1 X107.081 Y110.623 E2.19078
G1 X108.771 Y112.313 E2.27326
G1 X108.426 Y112.474 E2.2864
G1 X106.71 Y110.757 E2.37017
G1 X106.537 Y110.82 E2.37652
G1 X106.311 Y110.865 E2.38447
G1 X108.073 Y112.627 E2.47046
G1 X107.695 Y112.755 E2.48423
G1 X105.888 Y110.948 E2.57242
G1 X105.433 Y110.999 E2.58822
G1 X107.318 Y112.884 E2.68022
G1 X106.923 Y112.995 E2.69438
G1 X104.933 Y111.005 E2.7915
G1 X104.411 Y110.989 E2.80952
G1 X106.509 Y113.087 E2.91191
G1 X106.429 Y113.104 E2.91473
G1 X106.068 Y113.152 E2.9273
G1 X103.79 Y110.874 E3.03848
G1 X103.39 Y110.8 E3.05252
G1 X103.099 Y110.689 E3.06327
G1 X105.613 Y113.203 E3.18596
G1 X105.128 Y113.224 E3.20271
G1 X102.25 Y110.346 E3.34317
G1 X101.777 Y110.084 E3.36183
G1 X101.249 Y109.703 E3.3843
G1 X100.496 Y108.991 E3.42006
G1 X100.069 Y108.453 E3.44376
G1 X99.748 Y107.937 E3.46473
G1 X99.669 Y107.765 E3.47126
G1 X96.792 Y104.888 E3.61167
G1 X96.781 Y105.382 E3.62872
G1 X104.61 Y113.212 E4.01084
G1 X104.061 Y113.169 E4.02984
G1 X96.828 Y105.936 E4.38284
G1 X96.924 Y106.538 E4.40388
G1 X103.468 Y113.081 E4.72323
G1 X102.81 Y112.93 E4.74653
G1 X97.077 Y107.197 E5.02633
G1 X97.152 Y107.475 E5.03627
G1 X97.325 Y107.951 E5.05375
G1 X102.043 Y112.669 E5.28401
G1 X101.123 Y112.255 E5.31883
G1 X97.77 Y108.902 E5.48247
G1 X97.881 Y109.126 E5.4911
G1 X98.259 Y109.72 E5.5154
G1 X98.696 Y110.29 E5.54019
G1 X99.178 Y110.816 E5.56481
G1 X100.285 Y111.923 E5.61884
; stop printing object M_8_fitting_to_body_back.stl id:0 copy 0
G92 E0
M107
;TYPE:Custom
; Filament-specific end gcode
#M104 S0 ; turn off temperature
G00 Z100; Z Axis to safe point
G00 Y100; Y Axis to Front
G28 X0  ; home X axis
M84     ; disable motors
M73 P100 R0
M73 Q100 S0
; objects_info = {"objects":[{"name":"M_8_fitting_to_body_back.stl id:0 copy 0","polygon":[[105.545,92.512],[106.632,92.607],[108.235,92.926],[110.283,93.671],[111.250,94.175],[112.610,95.083],[114.216,96.555],[115.542,98.284],[116.088,99.228],[116.746,100.725],[117.310,102.829],[117.488,104.455],[117.488,105.545],[117.310,107.171],[117.074,108.235],[116.329,110.283],[115.239,112.170],[114.576,113.035],[113.445,114.216],[112.610,114.917],[111.250,115.825],[109.275,116.746],[108.235,117.074],[106.632,117.393],[104.455,117.488],[103.368,117.393],[101.765,117.074],[99.717,116.329],[98.750,115.825],[97.390,114.917],[95.784,113.445],[94.458,111.716],[93.671,110.283],[93.254,109.275],[92.926,108.235],[92.607,106.632],[92.512,104.455],[92.607,103.368],[92.926,101.765],[93.671,99.717],[94.761,97.830],[95.784,96.555],[96.555,95.784],[97.390,95.083],[98.750,94.175],[100.725,93.254],[101.765,92.926],[103.368,92.607]]}]}
; filament used [mm] = 1067.88
; filament used [cm3] = 2.57
; filament used [g] = 3.11
; filament cost = 108.78
; total filament used [g] = 3.11
; total filament cost = 108.78
; total filament used for wipe tower [g] = 0.00
; estimated printing time (normal mode) = 31m 58s
; estimated printing time (silent mode) = 32m 2s
; estimated first layer printing time (normal mode) = 1m 27s
; estimated first layer printing time (silent mode) = 1m 27s

; prusaslicer_config = begin
; arc_fitting = disabled
; autoemit_temperature_commands = 1
; automatic_extrusion_widths = 0
; automatic_infill_combination = 1
; automatic_infill_combination_max_layer_height = 100%
; avoid_crossing_curled_overhangs = 0
; avoid_crossing_perimeters = 0
; avoid_crossing_perimeters_max_detour = 0
; bed_custom_model = 
; bed_custom_texture = 
; bed_shape = 0x0,210x0,210x210,0x210
; bed_temperature = 30
; bed_temperature_extruder = 0
; before_layer_gcode = 
; between_objects_gcode = 
; binary_gcode = 0
; bottom_fill_pattern = monotonic
; bottom_solid_layers = 3
; bottom_solid_min_thickness = 0
; bridge_acceleration = 0
; bridge_angle = 0
; bridge_fan_speed = 80
; bridge_flow_ratio = 1
; bridge_speed = 60
; brim_separation = 0
; brim_type = outer_only
; brim_width = 0
; chamber_minimal_temperature = 0
; chamber_temperature = 0
; color_change_gcode = M600
; colorprint_heights = 
; compatible_printers_condition_cummulative = ;"printer_notes!~/.*NO_TEMPLATES.*/ and printer_notes!~/.*PRINTER_VENDOR_TRILAB.*/ and printer_notes!~/.*PRINTER_MODEL_MK4IS.*/ and ! (printer_notes=~/.*PRINTER_VENDOR_PRUSA3D.*/ and num_extruders>1)"
; complete_objects = 1
; cooling = 0
; cooling_perimeter_transition_distance = 0
; cooling_slowdown_logic = uniform_cooling
; cooling_tube_length = 5
; cooling_tube_retraction = 91.5
; custom_parameters_filament = ""
; custom_parameters_print = 
; custom_parameters_printer = 
; default_acceleration = 0
; default_filament_profile = 
; default_print_profile = 
; deretract_speed = 0
; disable_fan_first_layers = 3
; dont_support_bridges = 1
; draft_shield = disabled
; duplicate_distance = 6
; elefant_foot_compensation = 0
; enable_dynamic_fan_speeds = 0
; enable_dynamic_overhang_speeds = 0
; end_filament_gcode = "; Filament-specific end gcode"
; end_gcode = #M104 S0 ; turn off temperature\nG00 Z100; Z Axis to safe point\nG00 Y100; Y Axis to Front\nG28 X0  ; home X axis\nM84     ; disable motors\n
; ensure_vertical_shell_thickness = enabled
; external_perimeter_acceleration = 0
; external_perimeter_extrusion_width = 0
; external_perimeter_speed = 50%
; external_perimeters_first = 0
; extra_loading_move = -2
; extra_perimeters = 1
; extra_perimeters_on_overhangs = 0
; extruder_clearance_height = 20
; extruder_clearance_radius = 25
; extruder_colour = #FF0000
; extruder_offset = 0x0
; extrusion_axis = E
; extrusion_multiplier = 1.16
; extrusion_width = 0
; fan_always_on = 0
; fan_below_layer_time = 100
; filament_abrasive = 0
; filament_colour = #000000
; filament_cooling_final_speed = 2
; filament_cooling_initial_speed = 3
; filament_cooling_moves = 1
; filament_cost = 35000
; filament_density = 1.21
; filament_deretract_speed = nil
; filament_diameter = 1.75
; filament_infill_max_crossing_speed = 0
; filament_infill_max_speed = 0
; filament_load_time = 0
; filament_loading_speed = 14
; filament_loading_speed_start = 19
; filament_max_volumetric_speed = 1.2
; filament_minimal_purge_on_wipe_tower = 0
; filament_multitool_ramming = 0
; filament_multitool_ramming_flow = 10
; filament_multitool_ramming_volume = 10
; filament_notes = ""
; filament_purge_multiplier = 100%
; filament_ramming_parameters = "130 120 2.70968 2.93548 3.32258 3.83871 4.58065 5.54839 6.51613 7.35484 7.93548 8.16129| 0.05 2.66451 0.45 3.05805 0.95 4.05807 1.45 5.97742 1.95 7.69999 2.45 8.1936 2.95 11.342 3.45 11.4065 3.95 7.6 4.45 7.6 4.95 7.6"
; filament_retract_before_travel = nil
; filament_retract_before_wipe = nil
; filament_retract_layer_change = nil
; filament_retract_length = 0
; filament_retract_length_toolchange = nil
; filament_retract_lift = nil
; filament_retract_lift_above = nil
; filament_retract_lift_below = nil
; filament_retract_restart_extra = nil
; filament_retract_restart_extra_toolchange = nil
; filament_retract_speed = nil
; filament_seam_gap_distance = nil
; filament_settings_id = "TPU Local"
; filament_shrinkage_compensation_xy = 0%
; filament_shrinkage_compensation_z = 0%
; filament_soluble = 0
; filament_spool_weight = 1000
; filament_stamping_distance = 0
; filament_stamping_loading_speed = 20
; filament_toolchange_delay = 0
; filament_travel_lift_before_obstacle = nil
; filament_travel_max_lift = nil
; filament_travel_ramping_lift = nil
; filament_travel_slope = nil
; filament_type = FLEX
; filament_unload_time = 0
; filament_unloading_speed = 20
; filament_unloading_speed_start = 100
; filament_vendor = Eolas Prints
; filament_wipe = nil
; fill_angle = 45
; fill_density = 20%
; fill_pattern = lightning
; first_layer_acceleration = 0
; first_layer_acceleration_over_raft = 0
; first_layer_bed_temperature = 40
; first_layer_extrusion_width = 200%
; first_layer_height = 0.25
; first_layer_infill_speed = 0
; first_layer_speed = 30
; first_layer_speed_over_raft = 30
; first_layer_temperature = 200
; full_fan_speed_layer = 0
; fuzzy_skin = none
; fuzzy_skin_point_dist = 0.8
; fuzzy_skin_thickness = 0.3
; gap_fill_enabled = 1
; gap_fill_speed = 20
; gcode_comments = 0
; gcode_flavor = marlin
; gcode_label_objects = octoprint
; gcode_resolution = 0.0125
; gcode_substitutions = 
; high_current_on_filament_swap = 0
; host_type = prusalink
; idle_temperature = nil
; infill_acceleration = 0
; infill_anchor = 600%
; infill_anchor_max = 50
; infill_every_layers = 1
; infill_extruder = 1
; infill_extrusion_width = 0
; infill_first = 0
; infill_overlap = 25%
; infill_speed = 80
; inherits_cummulative = ;"Eolas Prints TPU 93A @Template";
; interface_shells = 0
; interlocking_beam = 0
; interlocking_beam_layer_count = 2
; interlocking_beam_width = 0.8
; interlocking_boundary_avoidance = 2
; interlocking_depth = 2
; interlocking_orientation = 22.5
; ironing = 0
; ironing_flowrate = 15%
; ironing_spacing = 0.1
; ironing_speed = 15
; ironing_type = top
; layer_gcode = 
; layer_height = 0.2
; machine_limits_usage = time_estimate_only
; machine_max_acceleration_e = 10000,5000
; machine_max_acceleration_extruding = 1500,1250
; machine_max_acceleration_retracting = 1500,1250
; machine_max_acceleration_travel = 1500,1250
; machine_max_acceleration_x = 9000,1000
; machine_max_acceleration_y = 9000,1000
; machine_max_acceleration_z = 500,200
; machine_max_feedrate_e = 120,120
; machine_max_feedrate_x = 500,200
; machine_max_feedrate_y = 500,200
; machine_max_feedrate_z = 12,12
; machine_max_jerk_e = 2.5,2.5
; machine_max_jerk_x = 10,10
; machine_max_jerk_y = 10,10
; machine_max_jerk_z = 0.2,0.4
; machine_max_junction_deviation = 0,0
; machine_min_extruding_rate = 0,0
; machine_min_travel_rate = 0,0
; max_fan_speed = 90
; max_layer_height = 0
; max_print_height = 200
; max_print_speed = 80
; max_volumetric_extrusion_rate_slope_negative = 0
; max_volumetric_extrusion_rate_slope_positive = 0
; max_volumetric_speed = 0
; min_bead_width = 85%
; min_fan_speed = 70
; min_feature_size = 25%
; min_layer_height = 0.05
; min_print_speed = 10
; min_skirt_length = 0
; mmu_segmented_region_interlocking_depth = 0
; mmu_segmented_region_max_width = 0
; multimaterial_purging = 140
; notes = 
; nozzle_diameter = 0.4
; nozzle_high_flow = 0
; only_one_perimeter_first_layer = 0
; only_retract_when_crossing_perimeters = 0
; ooze_prevention = 0
; output_filename_format = [input_filename_base].gcode
; over_bridge_speed = 0
; overhang_fan_speed_0 = 0
; overhang_fan_speed_1 = 0
; overhang_fan_speed_2 = 0
; overhang_fan_speed_3 = 0
; overhang_speed_0 = 15
; overhang_speed_1 = 15
; overhang_speed_2 = 20
; overhang_speed_3 = 25
; overhangs = 1
; parking_pos_retraction = 92
; pause_print_gcode = M601
; perimeter_acceleration = 0
; perimeter_extruder = 1
; perimeter_extrusion_width = 0
; perimeter_generator = arachne
; perimeter_speed = 60
; perimeters = 3
; physical_printer_settings_id = 
; post_process = 
; prefer_clockwise_movements = 0
; print_settings_id = Anet
; printer_model = 
; printer_notes = 
; printer_settings_id = Anet
; printer_technology = FFF
; printer_variant = 
; printer_vendor = 
; raft_contact_distance = 0.1
; raft_expansion = 1.5
; raft_first_layer_density = 90%
; raft_first_layer_expansion = 3
; raft_layers = 0
; remaining_times = 1
; resolution = 0
; retract_before_travel = 2
; retract_before_wipe = 0%
; retract_layer_change = 0
; retract_length = 2
; retract_length_toolchange = 10
; retract_lift = 0
; retract_lift_above = 0
; retract_lift_below = 0
; retract_restart_extra = 0
; retract_restart_extra_toolchange = 0
; retract_speed = 40
; scarf_seam_entire_loop = 0
; scarf_seam_length = 20
; scarf_seam_max_segment_length = 1
; scarf_seam_on_inner_perimeters = 0
; scarf_seam_only_on_smooth = 1
; scarf_seam_placement = nowhere
; scarf_seam_start_height = 0%
; seam_gap_distance = 15%
; seam_position = aligned
; silent_mode = 1
; single_extruder_multi_material = 0
; single_extruder_multi_material_priming = 1
; skirt_distance = 6
; skirt_height = 1
; skirts = 0
; slice_closing_radius = 0.049
; slicing_mode = regular
; slowdown_below_layer_time = 10
; small_perimeter_speed = 15
; solid_infill_acceleration = 0
; solid_infill_below_area = 70
; solid_infill_every_layers = 0
; solid_infill_extruder = 1
; solid_infill_extrusion_width = 0
; solid_infill_speed = 20
; spiral_vase = 0
; staggered_inner_seams = 0
; standby_temperature_delta = -5
; start_filament_gcode = "; Filament gcode\n"
; start_gcode = G28 ; home all axes\nG1 Z5 F5000 ; lift nozzle\n
; support_material = 0
; support_material_angle = 0
; support_material_auto = 1
; support_material_bottom_contact_distance = 0
; support_material_bottom_interface_layers = -1
; support_material_buildplate_only = 0
; support_material_closing_radius = 2
; support_material_contact_distance = 0.2
; support_material_enforce_layers = 0
; support_material_extruder = 1
; support_material_extrusion_width = 0
; support_material_interface_contact_loops = 0
; support_material_interface_extruder = 1
; support_material_interface_layers = 3
; support_material_interface_pattern = rectilinear
; support_material_interface_spacing = 0
; support_material_interface_speed = 100%
; support_material_pattern = rectilinear
; support_material_spacing = 2.5
; support_material_speed = 60
; support_material_style = grid
; support_material_synchronize_layers = 0
; support_material_threshold = 0
; support_material_with_sheath = 1
; support_material_xy_spacing = 50%
; support_tree_angle = 40
; support_tree_angle_slow = 25
; support_tree_branch_diameter = 2
; support_tree_branch_diameter_angle = 5
; support_tree_branch_diameter_double_wall = 3
; support_tree_branch_distance = 1
; support_tree_tip_diameter = 0.8
; support_tree_top_rate = 15%
; temperature = 190
; template_custom_gcode = 
; thick_bridges = 1
; thin_walls = 1
; thumbnails = 
; thumbnails_format = PNG
; toolchange_gcode = 
; top_fill_pattern = monotonic
; top_infill_extrusion_width = 0
; top_one_perimeter_type = none
; top_solid_infill_acceleration = 0
; top_solid_infill_speed = 15
; top_solid_layers = 3
; top_solid_min_thickness = 0
; travel_acceleration = 0
; travel_lift_before_obstacle = 0
; travel_max_lift = 0
; travel_ramping_lift = 0
; travel_short_distance_acceleration = 0
; travel_slope = 0
; travel_speed = 130
; travel_speed_z = 0
; use_firmware_retraction = 0
; use_relative_e_distances = 0
; use_volumetric_e = 0
; variable_layer_height = 1
; wall_distribution_count = 1
; wall_transition_angle = 10
; wall_transition_filter_deviation = 25%
; wall_transition_length = 100%
; wipe = 0
; wipe_into_infill = 0
; wipe_into_objects = 0
; wipe_tower = 1
; wipe_tower_acceleration = 0
; wipe_tower_bridging = 10
; wipe_tower_brim_width = 2
; wipe_tower_cone_angle = 0
; wipe_tower_extra_flow = 100%
; wipe_tower_extra_spacing = 100%
; wipe_tower_extruder = 0
; wipe_tower_no_sparse_layers = 0
; wipe_tower_width = 60
; wiping_volumes_matrix = 0
; wiping_volumes_use_custom_matrix = 0
; xy_size_compensation = 0
; z_offset = 0.3
; prusaslicer_config = end
