; generated by PrusaSlicer 2.9.4 on 2026-05-23 at 18:45:06 UTC

; 

; external perimeters extrusion width = 0.45mm
; perimeters extrusion width = 0.45mm
; infill extrusion width = 0.45mm
; solid infill extrusion width = 0.45mm
; top infill extrusion width = 0.40mm
; first layer extrusion width = 0.50mm

M73 P0 R37
M73 Q0 S37

; printing object Front_mk_8_nut_fit.stl id:0 copy 0
; stop printing object Front_mk_8_nut_fit.stl id:0 copy 0

M190 S60 ; set bed temperature and wait for it to be reached
M104 S200 ; set temperature
;TYPE:Custom
G28 ; home all axes
G1 Z5 F5000 ; lift nozzle
M109 S200 ; set temperature and wait for it to be reached
G21 ; set units to millimeters
G90 ; use absolute coordinates
M82 ; use absolute distances for extrusion
G92 E0
; Filament gcode
M107
;LAYER_CHANGE
;Z:0.55
;HEIGHT:0.55
; printing object Front_mk_8_nut_fit.stl id:0 copy 0
G92 E0
G1 X113.361 Y104.997 F7800
G1 Z.55
;TYPE:Perimeter
;WIDTH:0.499999
;HEIGHT:0.25
G1 F645.235
G1 X113.364 Y105.014 E.00093
G1 X113.326 Y105.288 E.01582
G1 X113.214 Y105.558 E.03155
G1 X109.59 Y111.835 E.42161
G1 X109.482 Y111.99 E.43178
G1 X109.169 Y112.25 E.45368
G1 X108.834 Y112.373 E.47288
G1 X108.24 Y112.393 E.50486
G1 X101.376 Y112.393 E.87425
G1 X101.04 Y112.341 E.89255
G1 X100.668 Y112.139 E.91533
G1 X100.41 Y111.835 E.93679
G1 X96.786 Y105.558 E1.32685
G1 X96.663 Y105.244 E1.345
G1 X96.652 Y104.814 E1.36815
G1 X96.786 Y104.442 E1.38943
G1 X100.41 Y98.165 E1.77949
G1 X100.62 Y97.902 E1.7976
G1 X100.998 Y97.673 E1.82138
G1 X101.376 Y97.607 E1.84203
G1 X108.624 Y97.607 E2.23208
G1 X108.822 Y97.625 E2.24278
G1 X109.203 Y97.769 E2.2647
G1 X109.412 Y97.933 E2.279
G1 X109.59 Y98.165 E2.29474
G1 X113.214 Y104.442 E2.6848
G1 X113.299 Y104.624 E2.69561
G1 X113.351 Y104.938 E2.71274
G1 X112.914 Y105.002 F7800
G1 F645.235
G1 X112.895 Y105.173 E2.722
G1 X112.43 Y106.024 E2.77419
G1 X109.204 Y111.612 E3.12143
G1 X108.981 Y111.843 E3.13871
G1 X108.75 Y111.934 E3.15207
G1 X108.24 Y111.946 E3.17952
G1 X101.376 Y111.946 E3.54891
G1 X101.067 Y111.871 E3.56602
G1 X100.813 Y111.639 E3.58453
G1 X97.172 Y105.335 E3.9763
G1 X97.083 Y105.026 E3.9936
G1 X97.092 Y104.889 E4.00099
G1 X97.172 Y104.665 E4.01379
G1 X100.796 Y98.388 E4.40385
G1 X101.019 Y98.157 E4.42113
G1 X101.25 Y98.066 E4.43449
G1 X101.76 Y98.054 E4.46194
G1 X108.624 Y98.054 E4.83133
G1 X108.965 Y98.147 E4.85035
G1 X109.204 Y98.388 E4.86862
G1 X112.828 Y104.665 E5.25868
G1 X112.908 Y104.944 E5.2743
G1 X112.456 Y105 F7800
;TYPE:External perimeter
G1 F645.235
G1 X112.463 Y105.058 E5.27744
G1 X108.817 Y111.388 E5.67056
G1 X108.687 Y111.491 E5.67949
G1 X107.419 Y111.5 E5.74773
G1 X101.372 Y111.5 E6.07315
G1 X101.234 Y111.449 E6.08107
G1 X100.8 Y110.725 E6.1265
G1 X97.559 Y105.112 E6.4753
G1 X97.532 Y104.963 E6.48345
G1 X98.117 Y103.922 E6.54771
G1 X101.183 Y98.612 E6.87768
G1 X101.301 Y98.513 E6.88597
G1 X108.624 Y98.5 E7.28006
G1 X108.782 Y98.565 E7.28925
G1 X112.441 Y104.888 E7.68239
G1 X112.448 Y104.94 E7.68521
G1 X112.308 Y105.315 F7800
G92 E0
G1 X94.529 Y108.275
;TYPE:Perimeter
G1 F645.235
G1 X94.393 Y107.842 E.02442
G1 X94.186 Y106.907 E.07596
G1 X94.06 Y105.955 E.12764
G1 X94.021 Y105.117 E.17279
G1 X94.029 Y104.528 E.20449
G1 X94.11 Y103.601 E.25457
G1 X94.183 Y103.103 E.28166
G1 X94.365 Y102.271 E.32749
G1 X94.516 Y101.735 E.35746
G1 X94.676 Y101.256 E.38464
G1 X95.048 Y100.359 E.4369
G1 X95.469 Y99.55 E.48598
G1 X95.732 Y99.108 E.51366
G1 X96.219 Y98.409 E.55951
G1 X96.591 Y97.937 E.59185
G1 X96.934 Y97.551 E.61964
G1 X97.634 Y96.86 E.67257
G1 X98.362 Y96.252 E.72361
G1 X99.005 Y95.81 E.7656
G1 X99.553 Y95.47 E.80031
G1 X100.348 Y95.052 E.84865
G1 X101.244 Y94.681 E.90084
G1 X102.158 Y94.393 E.95241
G1 X103.093 Y94.186 E1.00395
G1 X103.998 Y94.067 E1.05307
G1 X104.51 Y94.029 E1.0807
G1 X105.362 Y94.026 E1.12655
G1 X105.916 Y94.058 E1.15641
G1 X106.421 Y94.111 E1.18374
G1 X107.377 Y94.279 E1.23598
G1 X108.264 Y94.517 E1.2854
G1 X108.744 Y94.676 E1.31261
G1 X109.641 Y95.048 E1.36487
G1 X110.346 Y95.415 E1.40764
G1 X110.89 Y95.731 E1.4415
G1 X111.685 Y96.288 E1.49374
G1 X112.419 Y96.904 E1.54531
G1 X113.096 Y97.581 E1.59683
G1 X113.712 Y98.315 E1.6484
G1 X114.261 Y99.1 E1.69995
G1 X114.717 Y99.89 E1.74904
G1 X114.948 Y100.348 E1.77664
G1 X115.319 Y101.244 E1.82883
G1 X115.607 Y102.158 E1.8804
G1 X115.8 Y103.029 E1.92841
G1 X115.873 Y103.539 E1.95614
G1 X115.942 Y104.102 E1.98666
G1 X115.978 Y104.922 E2.03083
G1 X115.971 Y105.472 E2.06043
G1 X115.887 Y106.433 E2.11234
G1 X115.721 Y107.377 E2.16392
G1 X115.484 Y108.261 E2.21317
G1 X115.324 Y108.744 E2.24055
G1 X114.952 Y109.641 E2.29281
G1 X114.51 Y110.491 E2.34437
G1 X113.995 Y111.299 E2.39593
G1 X113.411 Y112.06 E2.44755
G1 X112.846 Y112.681 E2.49273
G1 X112.424 Y113.091 E2.52439
G1 X111.711 Y113.69 E2.5745
G1 X111.272 Y114.013 E2.60383
G1 X110.447 Y114.53 E2.65623
G1 X109.652 Y114.948 E2.70457
G1 X108.756 Y115.319 E2.75676
G1 X107.842 Y115.607 E2.80833
G1 X106.907 Y115.814 E2.85987
G1 X106.002 Y115.933 E2.90899
G1 X105.491 Y115.971 E2.93657
G1 X104.521 Y115.971 E2.98877
G1 X103.567 Y115.887 E3.04031
G1 X102.665 Y115.728 E3.0896
G1 X102.168 Y115.61 E3.11709
G1 X101.355 Y115.357 E3.16291
G1 X100.37 Y114.958 E3.2201
G1 X99.654 Y114.585 E3.26355
G1 X99.108 Y114.268 E3.29753
G1 X98.409 Y113.781 E3.34338
G1 X97.968 Y113.434 E3.37358
G1 X97.59 Y113.105 E3.40055
G1 X96.904 Y112.419 E3.45276
G1 X96.288 Y111.685 E3.50433
G1 X95.739 Y110.9 E3.55588
G1 X95.259 Y110.069 E3.60752
G1 X94.901 Y109.309 E3.65273
G1 X94.683 Y108.763 E3.68437
G1 X94.547 Y108.332 E3.70869
G1 X94.107 Y108.418 F7800
G1 F645.235
G1 X93.961 Y107.958 E3.73466
G1 X93.746 Y106.984 E3.78834
G1 X93.615 Y105.995 E3.84203
G1 X93.575 Y105.124 E3.88895
G1 X93.582 Y104.506 E3.92221
G1 X93.665 Y103.562 E3.97321
G1 X93.744 Y103.022 E4.00258
M73 Q1 S37
G1 X93.932 Y102.163 E4.0499
M73 P1 R37
G1 X94.086 Y101.614 E4.08059
G1 X94.258 Y101.098 E4.10986
G1 X94.643 Y100.17 E4.16393
G1 X95.073 Y99.344 E4.21404
G1 X95.358 Y98.865 E4.24404
G1 X95.86 Y98.143 E4.29136
G1 X96.212 Y97.696 E4.32198
G1 X96.569 Y97.285 E4.35128
G1 X97.279 Y96.574 E4.40535
G1 X98.002 Y95.968 E4.45612
G1 X98.44 Y95.642 E4.4855
G1 X99.179 Y95.167 E4.53278
G1 X99.685 Y94.884 E4.56398
G1 X100.163 Y94.646 E4.59272
G1 X101.091 Y94.261 E4.64679
G1 X102.042 Y93.961 E4.70045
G1 X103.016 Y93.746 E4.75413
G1 X103.939 Y93.624 E4.80423
G1 X104.495 Y93.583 E4.83423
G1 X105.374 Y93.58 E4.88153
G1 X105.941 Y93.612 E4.91209
G1 X106.484 Y93.668 E4.94147
G1 X107.473 Y93.843 E4.99552
G1 X108.38 Y94.086 E5.04605
G1 X108.902 Y94.258 E5.07563
G1 X109.83 Y94.643 E5.1297
G1 X110.67 Y95.08 E5.18066
G1 X111.134 Y95.357 E5.20974
G1 X111.957 Y95.934 E5.26383
G1 X112.721 Y96.574 E5.31746
G1 X113.426 Y97.279 E5.37112
G1 X114.066 Y98.043 E5.42475
G1 X114.638 Y98.86 E5.47842
G1 X115.104 Y99.666 E5.52852
G1 X115.354 Y100.163 E5.55846
G1 X115.739 Y101.091 E5.61253
G1 X116.039 Y102.042 E5.66619
G1 X116.236 Y102.932 E5.71525
G1 X116.316 Y103.481 E5.74511
G1 X116.388 Y104.081 E5.77763
G1 X116.425 Y104.928 E5.82326
G1 X116.418 Y105.494 E5.85372
G1 X116.33 Y106.492 E5.90764
G1 X116.157 Y107.473 E5.96125
G1 X115.915 Y108.376 E6.01156
G1 X115.742 Y108.902 E6.04136
G1 X115.357 Y109.83 E6.09543
G1 X114.897 Y110.714 E6.14906
G1 X114.361 Y111.555 E6.20273
G1 X113.754 Y112.347 E6.25643
G1 X113.167 Y112.991 E6.30332
G1 X112.724 Y113.423 E6.33662
G1 X111.998 Y114.032 E6.38762
G1 X111.56 Y114.358 E6.417
G1 X110.821 Y114.833 E6.46428
G1 X110.315 Y115.116 E6.49548
G1 X109.837 Y115.354 E6.52422
G1 X108.909 Y115.739 E6.57829
G1 X107.958 Y116.039 E6.63195
G1 X106.984 Y116.254 E6.68563
G1 X106.061 Y116.376 E6.73573
G1 X105.506 Y116.417 E6.76568
G1 X104.502 Y116.417 E6.81971
G1 X103.508 Y116.33 E6.87341
G1 X102.588 Y116.168 E6.92368
G1 X102.048 Y116.041 E6.95353
G1 X101.209 Y115.779 E7.00083
G1 X100.67 Y115.575 E7.03184
G1 X100.177 Y115.361 E7.06076
G1 X99.33 Y114.92 E7.11215
G1 X98.865 Y114.642 E7.14131
G1 X98.143 Y114.14 E7.18863
G1 X97.692 Y113.785 E7.21952
G1 X97.285 Y113.431 E7.24855
G1 X96.574 Y112.721 E7.30262
G1 X95.934 Y111.957 E7.35625
G1 X95.362 Y111.14 E7.40992
G1 X94.863 Y110.276 E7.46361
G1 X94.492 Y109.487 E7.51053
G1 X94.263 Y108.913 E7.54379
G1 X94.125 Y108.476 E7.56845
G1 X93.684 Y108.562 F7800
;TYPE:External perimeter
G1 F645.235
G1 X93.53 Y108.073 E7.59604
G1 X93.306 Y107.062 E7.65177
G1 X93.17 Y106.035 E7.70752
G1 X93.128 Y105.132 E7.75617
G1 X93.136 Y104.484 E7.79105
G1 X93.227 Y103.447 E7.84707
G1 X93.305 Y102.94 E7.87468
G1 X93.498 Y102.055 E7.92343
G1 X93.675 Y101.428 E7.95849
G1 X93.84 Y100.941 E7.98616
G1 X94.238 Y99.982 E8.04204
G1 X94.717 Y99.06 E8.09795
G1 X94.984 Y98.622 E8.12556
G1 X95.501 Y97.878 E8.17432
G1 X95.904 Y97.366 E8.20938
G1 X96.243 Y96.979 E8.23707
G1 X96.978 Y96.245 E8.29297
G1 X97.773 Y95.577 E8.34885
G1 X98.187 Y95.274 E8.37646
G1 X98.95 Y94.785 E8.42523
G1 X99.518 Y94.466 E8.46029
G1 X99.979 Y94.239 E8.48794
G1 X100.939 Y93.841 E8.54387
G1 X101.927 Y93.53 E8.59961
G1 X102.938 Y93.306 E8.65534
G1 X103.968 Y93.17 E8.71125
G1 X104.48 Y93.137 E8.73886
G1 X105.386 Y93.134 E8.78762
G1 X106.036 Y93.17 E8.82265
G1 X106.547 Y93.226 E8.85031
G1 X107.57 Y93.407 E8.90622
G1 X108.573 Y93.676 E8.9621
G1 X109.059 Y93.84 E8.9897
G1 X110.018 Y94.238 E9.04558
G1 X110.94 Y94.717 E9.10149
G1 X111.378 Y94.983 E9.12907
G1 X112.229 Y95.579 E9.18498
G1 X113.022 Y96.245 E9.24071
G1 X113.755 Y96.978 E9.2965
G1 X114.421 Y97.771 E9.35223
G1 X115.015 Y98.62 E9.40799
G1 X115.534 Y99.519 E9.46385
G1 X115.761 Y99.979 E9.49146
G1 X116.159 Y100.939 E9.54739
G1 X116.47 Y101.927 E9.60313
G1 X116.672 Y102.836 E9.65324
G1 X116.758 Y103.423 E9.68517
G1 X116.834 Y104.06 E9.71969
G1 X116.871 Y104.934 E9.76677
G1 X116.864 Y105.516 E9.79809
G1 X116.773 Y106.55 E9.85395
G1 X116.593 Y107.57 E9.90969
G1 X116.324 Y108.573 E9.96557
G1 X116.16 Y109.059 E9.99317
G1 X115.762 Y110.019 E10.0491
G1 X115.284 Y110.937 E10.1048
G1 X114.727 Y111.811 E10.16057
G1 X114.096 Y112.633 E10.21634
G1 X113.488 Y113.301 E10.26495
G1 X113.024 Y113.754 E10.29985
G1 X112.227 Y114.423 E10.35585
G1 X111.813 Y114.726 E10.38346
G1 X111.05 Y115.215 E10.43223
G1 X110.482 Y115.534 E10.46729
G1 X110.021 Y115.761 E10.49494
G1 X109.061 Y116.159 E10.55087
G1 X108.073 Y116.47 E10.60661
G1 X107.062 Y116.694 E10.66234
G1 X106.032 Y116.83 E10.71825
G1 X105.521 Y116.863 E10.74581
G1 X104.482 Y116.863 E10.80172
G1 X103.45 Y116.773 E10.85747
G1 X102.427 Y116.593 E10.91337
G1 X101.929 Y116.471 E10.94096
G1 X101.064 Y116.201 E10.98973
G1 X100.455 Y115.971 E11.02476
G1 X99.984 Y115.763 E11.05247
G1 X99.06 Y115.283 E11.1085
G1 X98.622 Y115.016 E11.13611
G1 X97.878 Y114.499 E11.18487
G1 X97.366 Y114.096 E11.21993
G1 X96.979 Y113.757 E11.24762
G1 X96.245 Y113.022 E11.30352
G1 X95.579 Y112.229 E11.35925
G1 X94.985 Y111.38 E11.41501
G1 X94.467 Y110.483 E11.47075
G1 X94.082 Y109.665 E11.5194
G1 X93.842 Y109.063 E11.55428
G1 X93.702 Y108.619 E11.57933
G1 X93.582 Y108.238 F7800
G92 E0
G1 X111.03 Y95.993
;TYPE:Solid infill
;WIDTH:0.506115
G1 F636.513
G1 X112.872 Y97.835 E.14211
G1 X113.446 Y98.519 E.19082
G1 X113.979 Y99.28 E.2415
G1 X114.391 Y99.994 E.28647
G1 X110.019 Y95.622 E.62377
G1 X109.499 Y95.351 E.65576
G1 X108.833 Y95.075 E.69509
G1 X114.925 Y101.167 E1.16508
G1 X115.004 Y101.359 E1.17641
G1 X115.247 Y102.13 E1.22051
G1 X107.877 Y94.76 E1.7891
G1 X107.304 Y94.606 E1.82147
G1 X107.037 Y94.559 E1.83626
G1 X115.443 Y102.966 E2.48482
G1 X115.559 Y103.722 E2.52654
G1 X106.268 Y94.431 E3.24333
G1 X105.571 Y94.374 E3.28148
M73 P1 R36
G1 X108.47 Y97.273 E3.50514
G1 X107.831 Y97.273 E3.54
G1 X104.922 Y94.364 E3.76443
G1 X104.297 Y94.379 E3.79854
G1 X107.191 Y97.273 E4.02181
G1 X106.551 Y97.273 E4.05672
G1 X103.719 Y94.441 E4.27521
G1 X103.154 Y94.515 E4.3063
G1 X105.911 Y97.273 E4.51904
G1 X105.271 Y97.273 E4.55395
G1 X102.63 Y94.631 E4.75774
G1 X102.116 Y94.757 E4.78661
G1 X104.631 Y97.273 E4.98068
G1 X103.991 Y97.273 E5.01559
M73 Q1 S36
G1 X101.629 Y94.911 E5.19782
G1 X101.359 Y94.996 E5.21326
G1 X101.158 Y95.079 E5.22512
G1 X103.351 Y97.273 E5.39435
G1 X102.711 Y97.273 E5.42926
M73 P2 R36
M73 Q2 S36
G1 X100.705 Y95.267 E5.58402
G1 X100.265 Y95.466 E5.61036
G1 X102.072 Y97.273 E5.74977
G1 X101.432 Y97.273 E5.78468
G1 X99.848 Y95.688 E5.90692
G1 X99.445 Y95.925 E5.93242
G1 X100.88 Y97.36 E6.04313
G1 X100.665 Y97.458 E6.05602
G1 X100.475 Y97.596 E6.06883
G1 X99.055 Y96.175 E6.17842
G1 X98.677 Y96.437 E6.20351
G1 X100.168 Y97.928 E6.31854
G1 X99.929 Y98.329 E6.34401
G1 X98.32 Y96.721 E6.4681
G1 X97.972 Y97.013 E6.49288
G1 X99.694 Y98.735 E6.62573
G1 X99.46 Y99.14 E6.65125
G1 X97.639 Y97.319 E6.79174
G1 X97.319 Y97.639 E6.81643
G1 X99.226 Y99.546 E6.96355
G1 X98.992 Y99.952 E6.98911
G1 X97.008 Y97.968 E7.14217
G1 X96.717 Y98.317 E7.16696
G1 X98.758 Y100.357 E7.32438
G1 X98.523 Y100.763 E7.34997
G1 X96.439 Y98.679 E7.51075
G1 X96.177 Y99.056 E7.5358
G1 X98.289 Y101.169 E7.69878
G1 X98.055 Y101.574 E7.7243
G1 X95.922 Y99.441 E7.88886
G1 X95.69 Y99.85 E7.91451
G1 X97.821 Y101.98 E8.07888
G1 X97.586 Y102.386 E8.10447
G1 X95.471 Y100.27 E8.26768
G1 X95.266 Y100.706 E8.29396
G1 X97.352 Y102.791 E8.45485
G1 X97.118 Y103.197 E8.48041
G1 X95.079 Y101.158 E8.63772
G1 X94.905 Y101.624 E8.66486
G1 X96.884 Y103.603 E8.81754
G1 X96.65 Y104.008 E8.84306
G1 X94.757 Y102.115 E8.9891
G1 X94.63 Y102.628 E9.01793
G1 X96.436 Y104.435 E9.1573
G1 X96.322 Y104.753 E9.17573
G1 X96.305 Y104.943 E9.18614
G1 X94.515 Y103.153 E9.32424
G1 X94.436 Y103.714 E9.35515
G1 X96.563 Y105.841 E9.51925
G1 X97.437 Y107.355 E9.61462
G1 X94.384 Y104.303 E9.85012
G1 X94.358 Y104.916 E9.88359
G1 X98.311 Y108.869 E10.18856
G1 X99.185 Y110.383 E10.28393
G1 X94.167 Y105.365 E10.67107
G92 E0
G1 X110.266 Y99.068 F7800
G1 F636.513
G1 X115.622 Y104.424 E.41321
G1 X115.642 Y105.084 E.44923
G1 X111.689 Y101.131 E.7542
G1 X112.563 Y102.645 E.84957
G1 X115.616 Y105.697 E1.08507
G1 X115.564 Y106.286 E1.11733
G1 X113.437 Y104.159 E1.28143
G1 X113.616 Y104.516 E1.30322
G1 X113.694 Y105.056 E1.33298
G1 X115.476 Y106.838 E1.47046
G1 X115.375 Y107.376 E1.50032
G1 X113.57 Y105.572 E1.63954
G1 X113.516 Y105.705 E1.64737
G1 X113.35 Y105.992 E1.66546
G1 X115.239 Y107.881 E1.8112
G1 X115.095 Y108.376 E1.83932
G1 X113.116 Y106.397 E1.992
G1 X112.882 Y106.803 E2.01756
G1 X114.921 Y108.842 E2.17487
G1 X114.733 Y109.295 E2.20163
G1 X112.648 Y107.209 E2.36252
G1 X112.413 Y107.614 E2.38806
G1 X114.529 Y109.73 E2.55131
G1 X114.31 Y110.15 E2.57715
G1 X112.179 Y108.02 E2.74152
G1 X111.945 Y108.426 E2.76708
G1 X114.073 Y110.554 E2.93125
G1 X113.824 Y110.945 E2.95654
G1 X111.711 Y108.831 E3.1196
G1 X111.476 Y109.237 E3.14519
G1 X113.558 Y111.318 E3.30578
G1 X113.28 Y111.681 E3.33072
G1 X111.242 Y109.643 E3.48795
G1 X111.008 Y110.048 E3.51347
G1 X112.988 Y112.028 E3.66623
G1 X112.683 Y112.363 E3.69094
G1 X110.774 Y110.454 E3.83822
G1 X110.54 Y110.86 E3.86378
G1 X112.363 Y112.683 E4.00442
G1 X112.028 Y112.987 E4.0291
G1 X110.305 Y111.265 E4.16199
G1 X110.071 Y111.671 E4.18755
G1 X111.68 Y113.279 E4.31164
G1 X111.323 Y113.563 E4.33653
G1 X109.833 Y112.073 E4.45148
G1 X109.738 Y112.207 E4.46044
G1 X109.52 Y112.4 E4.47632
G1 X110.945 Y113.825 E4.58626
G1 X110.555 Y114.075 E4.61153
G1 X109.121 Y112.64 E4.7222
G1 X108.897 Y112.702 E4.73488
G1 X108.568 Y112.727 E4.75288
G1 X110.152 Y114.312 E4.87512
G1 X109.735 Y114.534 E4.90089
G1 X107.928 Y112.727 E5.0403
G1 X107.288 Y112.727 E5.07521
G1 X109.294 Y114.733 E5.22997
G1 X108.842 Y114.921 E5.25668
G1 X106.648 Y112.727 E5.42595
G1 X106.009 Y112.727 E5.46081
G1 X108.371 Y115.089 E5.64304
G1 X107.884 Y115.243 E5.6709
G1 X105.369 Y112.727 E5.86497
G1 X104.729 Y112.727 E5.89988
G1 X107.37 Y115.369 E6.10367
G1 X106.849 Y115.484 E6.13278
G1 X104.089 Y112.727 E6.3456
G1 X103.449 Y112.727 E6.38051
G1 X106.281 Y115.559 E6.599
G1 X105.912 Y115.608 E6.61931
G1 X105.703 Y115.621 E6.63073
G1 X102.809 Y112.727 E6.854
G1 X102.169 Y112.727 E6.88891
G1 X105.078 Y115.636 E7.11334
G1 X104.429 Y115.627 E7.14875
G1 X101.325 Y112.523 E7.38822
G92 E0
G1 X103.948 Y115.786 F7800
G1 F636.513
G1 X94.441 Y106.278 E.7335
G1 X94.557 Y107.035 E.77528
M73 P3 R36
M73 Q3 S36
G1 X102.963 Y115.441 E1.4238
G1 X102.68 Y115.391 E1.43948
G1 X102.13 Y115.248 E1.47048
G1 X94.753 Y107.871 E2.03961
G1 X95.069 Y108.827 E2.09454
G1 X101.172 Y114.93 E2.56538
G1 X100.515 Y114.656 E2.60421
G1 X99.98 Y114.378 E2.6371
G1 X95.609 Y110.007 E2.97432
G1 X96.021 Y110.72 E3.01924
G1 X96.554 Y111.481 E3.06992
G1 X97.128 Y112.166 E3.11867
G1 X98.973 Y114.011 E3.26101
;LAYER_CHANGE
;Z:0.75
;HEIGHT:0.2
G92 E0
G1 Z.75 F7800
M104 S190 ; set temperature
M140 S40 ; set bed temperature
G1 X113.252 Y104.998
;TYPE:Perimeter
;WIDTH:0.449999
G1 F884.349
G1 X113.258 Y105.044 E.00182
G1 X113.203 Y105.333 E.01337
G1 X112.937 Y105.831 E.03554
G1 X109.502 Y111.78 E.30527
G1 X109.27 Y112.056 E.31943
G1 X108.976 Y112.225 E.33275
G1 X108.621 Y112.289 E.34691
G1 X101.379 Y112.289 E.63126
G1 X101.024 Y112.225 E.64542
G1 X100.73 Y112.056 E.65874
G1 X100.498 Y111.78 E.6729
G1 X96.877 Y105.509 E.95723
G1 X96.765 Y105.219 E.96944
G1 X96.742 Y104.956 E.97981
G1 X96.797 Y104.667 E.99136
G1 X97.063 Y104.169 E1.01353
G1 X100.498 Y98.22 E1.28326
G1 X100.765 Y97.917 E1.29912
G1 X101.023 Y97.775 E1.31068
G1 X101.379 Y97.711 E1.32488
G1 X108.621 Y97.711 E1.60923
G1 X108.976 Y97.775 E1.62339
G1 X109.27 Y97.944 E1.63671
G1 X109.502 Y98.22 E1.65087
G1 X113.123 Y104.491 E1.9352
G1 X113.203 Y104.667 E1.94279
G1 X113.243 Y104.939 E1.95358
G1 X112.851 Y104.995 F7800
G1 F884.349
G1 X112.852 Y105 E1.95378
G1 X112.819 Y105.2 E1.96174
G1 X109.15 Y111.577 E2.25062
G1 X108.926 Y111.8 E2.26303
G1 X108.621 Y111.882 E2.27543
G1 X101.379 Y111.882 E2.55978
G1 X101.074 Y111.8 E2.57218
G1 X100.85 Y111.577 E2.58459
G1 X97.23 Y105.305 E2.86893
G1 X97.148 Y105.027 E2.88031
G1 X97.181 Y104.8 E2.88932
G1 X100.85 Y98.423 E3.1782
G1 X101.011 Y98.242 E3.18771
G1 X101.165 Y98.157 E3.19462
G1 X101.379 Y98.118 E3.20316
G1 X108.621 Y98.118 E3.48751
G1 X108.926 Y98.2 E3.49991
G1 X109.15 Y98.423 E3.51232
G1 X112.77 Y104.695 E3.79666
G1 X112.835 Y104.937 E3.8065
G1 X112.428 Y105 F7800
;TYPE:External perimeter
G1 F884.349
G1 X112.434 Y105.067 E3.80914
G1 X108.797 Y111.373 E4.09497
G1 X108.674 Y111.468 E4.10107
G1 X101.379 Y111.475 E4.38751
G1 X101.249 Y111.428 E4.39294
G1 X97.582 Y105.102 E4.68004
G1 X97.566 Y104.933 E4.68671
G1 X101.203 Y98.627 E4.97254
G1 X101.308 Y98.538 E4.97794
G1 X102.168 Y98.525 E5.01171
G1 X108.621 Y98.525 E5.26508
G1 X108.765 Y98.584 E5.27119
G1 X112.418 Y104.898 E5.55761
G1 X112.422 Y104.94 E5.55927
G1 X112.282 Y105.315 F7800
G92 E0
G1 X94.211 Y108.383
;TYPE:Perimeter
G1 F884.349
G1 X94.076 Y107.932 E.01848
G1 X93.931 Y107.312 E.04348
G1 X93.794 Y106.517 E.07516
G1 X93.734 Y105.997 E.09571
G1 X93.69 Y105 E.13489
G1 X93.733 Y104.014 E.17364
G1 X93.856 Y103.081 E.21059
G1 X93.955 Y102.563 E.2313
G1 X94.214 Y101.599 E.27049
G1 X94.551 Y100.672 E.30922
G1 X94.968 Y99.778 E.34795
G1 X95.461 Y98.923 E.3867
G1 X95.997 Y98.158 E.42338
G1 X96.328 Y97.739 E.44435
G1 X97.003 Y97.003 E.48356
G1 X97.73 Y96.336 E.5223
G1 X98.518 Y95.732 E.56128
G1 X99.042 Y95.389 E.58587
G1 X99.776 Y94.969 E.61907
G1 X100.672 Y94.551 E.65789
G1 X101.555 Y94.23 E.69478
G1 X102.062 Y94.078 E.71556
G1 X103.036 Y93.862 E.75473
G1 X103.961 Y93.74 E.79136
G1 X104.502 Y93.701 E.81266
G1 X105.139 Y93.693 E.83767
G1 X105.934 Y93.731 E.86892
G1 X106.465 Y93.785 E.88988
G1 X107.448 Y93.958 E.92907
G1 X108.401 Y94.214 E.96782
G1 X109.328 Y94.551 E1.00655
G1 X110.222 Y94.968 E1.04528
G1 X111.077 Y95.461 E1.08403
G1 X111.85 Y96.003 E1.1211
G1 X112.261 Y96.328 E1.14167
G1 X112.997 Y97.003 E1.18088
G1 X113.664 Y97.73 E1.21962
G1 X114.232 Y98.47 E1.25625
G1 X114.533 Y98.913 E1.27728
G1 X115.032 Y99.778 E1.31649
G1 X115.449 Y100.672 E1.35522
G1 X115.769 Y101.551 E1.39195
G1 X115.922 Y102.062 E1.41289
G1 X116.122 Y102.963 E1.44913
G1 X116.27 Y104.083 E1.49349
G1 X116.307 Y105.066 E1.53211
G1 X116.267 Y105.986 E1.56827
G1 X116.144 Y106.919 E1.60522
G1 X116.045 Y107.437 E1.62593
G1 X115.786 Y108.401 E1.66512
G1 X115.449 Y109.328 E1.70385
G1 X115.032 Y110.222 E1.74258
G1 X114.566 Y111.03 E1.7792
G1 X114.271 Y111.478 E1.80026
G1 X113.664 Y112.27 E1.83944
G1 X112.997 Y112.997 E1.87818
G1 X112.303 Y113.634 E1.91517
G1 X111.894 Y113.966 E1.93585
G1 X111.077 Y114.539 E1.97503
G1 X110.222 Y115.032 E2.01378
G1 X109.328 Y115.449 E2.05251
G1 X108.401 Y115.786 E2.09124
G1 X107.497 Y116.029 E2.128
G1 X106.969 Y116.138 E2.14917
G1 X106.338 Y116.228 E2.1742
G1 X105.546 Y116.295 E2.20541
G1 X105.044 Y116.31 E2.22513
G1 X104.512 Y116.3 E2.24602
G1 X103.876 Y116.252 E2.27106
G1 X103.086 Y116.145 E2.30236
G1 X102.563 Y116.045 E2.32327
G1 X101.599 Y115.786 E2.36246
G1 X100.672 Y115.449 E2.40119
G1 X99.778 Y115.032 E2.43992
G1 X98.923 Y114.539 E2.47867
G1 X98.15 Y113.997 E2.51574
G1 X97.739 Y113.672 E2.53631
G1 X97.003 Y112.997 E2.57552
G1 X96.371 Y112.308 E2.61223
G1 X96.034 Y111.894 E2.63319
G1 X95.461 Y111.077 E2.67237
G1 X94.968 Y110.222 E2.71112
G1 X94.551 Y109.328 E2.74985
G1 X94.231 Y108.449 E2.78658
G1 X94.229 Y108.44 E2.78694
G1 X93.822 Y108.515 F7800
G1 F884.349
G1 X93.682 Y108.036 E2.80653
G1 X93.532 Y107.393 E2.83245
G1 X93.393 Y106.586 E2.8646
G1 X93.328 Y106.028 E2.88666
G1 X93.283 Y105 E2.92706
G1 X93.327 Y103.979 E2.96719
G1 X93.452 Y103.028 E3.00485
G1 X93.559 Y102.471 E3.02712
G1 X93.825 Y101.477 E3.06752
G1 X94.175 Y100.516 E3.10768
G1 X94.607 Y99.59 E3.1478
G1 X95.118 Y98.704 E3.18796
G1 X95.663 Y97.925 E3.22529
G1 X96.019 Y97.473 E3.24788
G1 X96.715 Y96.715 E3.28829
G1 X97.468 Y96.024 E3.32842
G1 X98.282 Y95.399 E3.36872
G1 X98.829 Y95.042 E3.39437
G1 X99.588 Y94.607 E3.42872
G1 X100.516 Y94.175 E3.46891
G1 X101.415 Y93.847 E3.50648
G1 X101.961 Y93.683 E3.52886
G1 X102.965 Y93.461 E3.56923
G1 X103.986 Y93.326 E3.60967
G1 X104.486 Y93.294 E3.62934
G1 X105.146 Y93.286 E3.65526
G1 X105.953 Y93.324 E3.68698
G1 X106.523 Y93.382 E3.70948
G1 X107.536 Y93.56 E3.74986
G1 X108.523 Y93.825 E3.78999
G1 X109.484 Y94.175 E3.83015
G1 X110.41 Y94.607 E3.87027
G1 X111.296 Y95.118 E3.91043
G1 X112.084 Y95.669 E3.94818
G1 X112.527 Y96.019 E3.97035
G1 X113.285 Y96.715 E4.01076
G1 X113.976 Y97.468 E4.05089
G1 X114.555 Y98.222 E4.08822
G1 X114.879 Y98.698 E4.11083
M73 P4 R36
M73 Q4 S36
G1 X115.393 Y99.59 E4.15125
G1 X115.825 Y100.516 E4.19137
G1 X116.152 Y101.412 E4.22882
G1 X116.317 Y101.961 E4.25133
G1 X116.519 Y102.875 E4.28808
G1 X116.677 Y104.065 E4.33521
G1 X116.714 Y105.084 E4.37525
G1 X116.673 Y106.021 E4.41208
G1 X116.548 Y106.972 E4.44974
G1 X116.441 Y107.529 E4.47201
G1 X116.175 Y108.523 E4.51241
G1 X115.825 Y109.484 E4.55257
G1 X115.393 Y110.41 E4.59269
G1 X114.918 Y111.233 E4.63
G1 X114.602 Y111.715 E4.65263
G1 X113.976 Y112.532 E4.69304
G1 X113.285 Y113.285 E4.73317
G1 X112.578 Y113.934 E4.77085
G1 X112.139 Y114.292 E4.79309
G1 X111.296 Y114.882 E4.83349
G1 X110.41 Y115.393 E4.87365
G1 X109.484 Y115.825 E4.91377
G1 X108.523 Y116.175 E4.95393
G1 X107.529 Y116.441 E4.99433
G1 X107.038 Y116.539 E5.01399
G1 X106.384 Y116.633 E5.03993
G1 X105.505 Y116.707 E5.07457
G1 X105 Y116.718 E5.0944
G1 X104.492 Y116.707 E5.11435
G1 X103.834 Y116.657 E5.14026
G1 X103.031 Y116.548 E5.17208
G1 X102.471 Y116.441 E5.19447
G1 X101.477 Y116.175 E5.23487
G1 X100.516 Y115.825 E5.27503
G1 X99.59 Y115.393 E5.31515
G1 X98.704 Y114.882 E5.35531
G1 X97.916 Y114.331 E5.39306
G1 X97.473 Y113.981 E5.41523
G1 X96.715 Y113.285 E5.45564
G1 X96.071 Y112.583 E5.49305
G1 X95.708 Y112.139 E5.51557
G1 X95.118 Y111.296 E5.55597
G1 X94.607 Y110.41 E5.59613
G1 X94.175 Y109.484 E5.63625
G1 X93.842 Y108.571 E5.67441
G1 X93.436 Y108.646 F7800
;TYPE:External perimeter
G1 F884.349
G1 X93.436 Y108.644 E5.67449
G1 X93.289 Y108.139 E5.69514
G1 X93.133 Y107.474 E5.72196
G1 X92.979 Y106.581 E5.75754
G1 X92.921 Y106.059 E5.77816
G1 X92.875 Y105 E5.81978
G1 X92.921 Y103.943 E5.86132
G1 X93.06 Y102.892 E5.90295
G1 X93.162 Y102.378 E5.92353
G1 X93.436 Y101.354 E5.96515
G1 X93.798 Y100.36 E6.00669
G1 X94.245 Y99.401 E6.04823
G1 X94.774 Y98.485 E6.08976
G1 X95.382 Y97.617 E6.13137
G1 X95.71 Y97.208 E6.15196
G1 X96.426 Y96.426 E6.19359
G1 X97.206 Y95.712 E6.23511
G1 X98.047 Y95.067 E6.27672
G1 X98.616 Y94.695 E6.30341
G1 X99.401 Y94.245 E6.33894
G1 X100.36 Y93.798 E6.38048
G1 X101.356 Y93.436 E6.42209
G1 X101.859 Y93.289 E6.44267
G1 X102.895 Y93.059 E6.48434
G1 X103.946 Y92.921 E6.52596
G1 X104.47 Y92.887 E6.54658
G1 X105.153 Y92.878 E6.5734
G1 X106.059 Y92.921 E6.60901
G1 X106.58 Y92.979 E6.62959
G1 X107.624 Y93.163 E6.67121
G1 X108.646 Y93.436 E6.71275
G1 X109.64 Y93.798 E6.75429
G1 X110.599 Y94.245 E6.79583
G1 X111.515 Y94.774 E6.83736
G1 X112.383 Y95.382 E6.87897
G1 X112.792 Y95.71 E6.89956
G1 X113.574 Y96.426 E6.94119
G1 X114.288 Y97.206 E6.98271
G1 X114.934 Y98.047 E7.02435
G1 X115.225 Y98.483 E7.04493
G1 X115.755 Y99.401 E7.08655
G1 X116.202 Y100.36 E7.12809
G1 X116.564 Y101.356 E7.1697
G1 X116.711 Y101.859 E7.19028
G1 X116.917 Y102.787 E7.2276
G1 X117.083 Y104.048 E7.27754
G1 X117.12 Y105.102 E7.31895
G1 X117.079 Y106.057 E7.35648
G1 X116.94 Y107.108 E7.39811
G1 X116.838 Y107.622 E7.41869
G1 X116.564 Y108.646 E7.46031
G1 X116.202 Y109.64 E7.50185
G1 X115.755 Y110.599 E7.54339
G1 X115.225 Y111.517 E7.58501
G1 X114.934 Y111.953 E7.60559
G1 X114.288 Y112.794 E7.64723
G1 X113.574 Y113.574 E7.68875
G1 X112.792 Y114.29 E7.73038
G1 X112.383 Y114.618 E7.75097
G1 X111.515 Y115.226 E7.79258
G1 X110.599 Y115.755 E7.83411
G1 X109.64 Y116.202 E7.87565
G1 X108.646 Y116.564 E7.91719
G1 X107.622 Y116.838 E7.95881
G1 X107.107 Y116.941 E7.97943
G1 X106.43 Y117.038 E8.00628
G1 X105.527 Y117.113 E8.04186
G1 X105 Y117.125 E8.06256
G1 X104.472 Y117.113 E8.0833
G1 X103.791 Y117.062 E8.11011
G1 X102.893 Y116.94 E8.14569
G1 X102.378 Y116.838 E8.1663
G1 X101.354 Y116.564 E8.20792
G1 X100.36 Y116.202 E8.24946
G1 X99.401 Y115.755 E8.291
G1 X98.485 Y115.226 E8.33253
G1 X97.617 Y114.618 E8.37414
G1 X97.208 Y114.29 E8.39473
G1 X96.426 Y113.574 E8.43636
G1 X95.71 Y112.792 E8.47799
G1 X95.382 Y112.383 E8.49858
G1 X94.774 Y111.515 E8.54019
G1 X94.245 Y110.599 E8.58172
G1 X93.798 Y109.64 E8.62326
G1 X93.457 Y108.702 E8.66245
G1 X93.342 Y108.319 F7800
G92 E0
G1 X98.184 Y96.182
;TYPE:Solid infill
;WIDTH:0.38292
G1 F1058.823
G1 X97.847 Y96.476 E.01467
G1 X97.148 Y97.146 E.04642
G1 X96.159 Y98.2 E.09382
G1 X95.7 Y99.134 F7800
G1 F1058.823
G1 X95.659 Y99.145 E.09521
G1 X95.64 Y99.074 E.09762
G1 X95.711 Y99.093 E.10003
;WIDTH:0.41646
G1 F963.754
G1 X95.81 Y98.955 E.10615
;WIDTH:0.449999
G1 F884.349
G1 X95.909 Y98.816 E.11285
G1 X98.838 Y95.887 E.27549
G1 X98.997 Y95.788 E.28284
;WIDTH:0.41646
G1 F963.754
G1 X99.156 Y95.689 E.28959
;WIDTH:0.38292
G1 F1058.823
G1 X99.115 Y95.7 E.29098
G1 X99.096 Y95.629 E.29339
G1 X99.167 Y95.648 E.2958
G1 X100.187 Y95.114 F7800
;WIDTH:0.449999
G1 F884.349
G1 X95.114 Y100.187 E.5775
G1 X95.034 Y100.325 E.58376
;WIDTH:0.41646
G1 F963.754
G1 X94.954 Y100.464 E.58954
;WIDTH:0.38292
G1 F1058.823
G1 X94.883 Y100.445 E.59195
G1 X94.902 Y100.516 E.59436
G1 X94.943 Y100.505 E.59575
G1 X94.546 Y101.466 F7800
G1 F1058.823
G1 X94.474 Y101.447 E.59819
G1 X94.493 Y101.518 E.6006
G1 X94.535 Y101.507 E.60202
;WIDTH:0.41646
G1 F963.754
G1 X94.611 Y101.348 E.60837
;WIDTH:0.449999
G1 F884.349
G1 X94.688 Y101.189 E.61531
G1 X101.186 Y94.69 E.97616
G1 X101.344 Y94.615 E.98303
;WIDTH:0.41646
G1 F963.754
G1 X101.502 Y94.539 E.98935
;WIDTH:0.38292
G1 F1058.823
G1 X101.461 Y94.55 E.99074
G1 X101.442 Y94.479 E.99315
G1 X101.513 Y94.498 E.99556
;WIDTH:0.449999
G1 F884.349
G1 X102.054 Y94.398 E1.01716
G1 X94.411 Y102.041 E1.44156
M73 P4 R35
G1 X94.217 Y102.811 E1.47274
G1 X102.801 Y94.227 E1.9494
G1 X103.494 Y94.11 E1.977
G1 X94.11 Y103.494 E2.49808
G1 X93.936 Y104.464 F7800
;WIDTH:0.38292
G1 F1058.823
G1 X93.895 Y104.475 E2.49947
G1 X93.876 Y104.404 E2.50188
G1 X93.947 Y104.423 E2.50429
;WIDTH:0.41646
G1 F963.754
G1 X93.99 Y104.285 E2.5095
;WIDTH:0.449999
G1 F884.349
G1 X94.033 Y104.146 E2.51521
G1 X104.15 Y94.03 E3.07696
G1 X104.751 Y94.004 E3.10058
G1 X101.349 Y97.406 E3.28949
G1 X101.226 Y97.476 E3.29505
M73 Q4 S35
;WIDTH:0.41646
G1 F963.754
G1 X101.102 Y97.547 E3.3002
;WIDTH:0.38292
G1 F1058.823
G1 X101.031 Y97.528 E3.30261
G1 X101.05 Y97.599 E3.30502
G1 X101.091 Y97.588 E3.30641
G1 X101.925 Y97.406 F7800
;WIDTH:0.449999
G1 F884.349
G1 X105.323 Y94.007 E3.49512
G1 X105.873 Y94.033 E3.51674
G1 X102.501 Y97.406 E3.70401
G1 X103.077 Y97.406 E3.72663
G1 X106.398 Y94.085 E3.91104
G1 X106.888 Y94.17 E3.93057
G1 X103.652 Y97.406 E4.11026
G1 X104.228 Y97.406 E4.13288
G1 X107.378 Y94.256 E4.30779
G1 X107.832 Y94.377 E4.32624
G1 X104.804 Y97.406 E4.49441
G1 X105.379 Y97.406 E4.51699
G1 X108.286 Y94.499 E4.67841
G1 X108.71 Y94.651 E4.6961
G1 X105.955 Y97.406 E4.84908
G1 X106.53 Y97.406 E4.87166
G1 X109.132 Y94.805 E5.01612
G1 X109.386 Y95.126 E5.03219
G1 X107.106 Y97.406 E5.15879
G1 X108.647 Y97.406 E5.2193
G1 X109.125 Y97.51 E5.23851
G1 X109.572 Y97.812 E5.25969
G1 X109.759 Y98.054 E5.2717
G1 X113.385 Y104.334 E5.55643
G1 X113.498 Y104.594 E5.56756
G1 X113.561 Y104.987 E5.58319
G1 X113.502 Y105.399 E5.59953
G1 X115.758 Y103.147 E5.72469
G1 X115.839 Y103.101 E5.72835
G1 X115.498 Y101.701 E5.78493
G1 X115.167 Y100.789 E5.82302
G1 X114.762 Y99.921 E5.86063
G1 X114.02 Y98.696 E5.91686
G1 X113.43 Y97.927 E5.95492
G1 X112.783 Y97.22 E5.99255
G1 X111.707 Y96.276 E6.04875
G1 X110.913 Y95.719 E6.08683
G1 X110.081 Y95.239 E6.12454
G1 X109.53 Y94.982 E6.14841
G1 X109.616 Y95.471 E6.16791
G1 X109.893 Y95.601 E6.17992
G1 X110.694 Y96.063 E6.21623
G1 X111.455 Y96.596 E6.25271
G1 X112.497 Y97.512 E6.30718
G1 X113.118 Y98.189 E6.34325
G1 X113.684 Y98.926 E6.37974
G1 X114.402 Y100.113 E6.43421
G1 X114.79 Y100.945 E6.47026
G1 X115.108 Y101.819 E6.50678
G1 X115.383 Y102.946 E6.55233
G1 X113.877 Y104.452 E6.63596
G1 X113.738 Y104.131 E6.64969
G1 X110.099 Y97.83 E6.93539
G1 X109.766 Y97.44 E6.95553
G1 X109.345 Y97.168 E6.97521
G1 X109.132 Y97.082 E6.98423
G1 X108.647 Y96.999 E7.00355
G1 X108.089 Y96.999 E7.02546
G1 X109.472 Y95.615 E7.10228
G1 X109.703 Y95.965 E7.11875
G1 X110.475 Y96.406 E7.15366
G1 X111.204 Y96.917 E7.18862
G1 X112.212 Y97.803 E7.24131
G1 X112.805 Y98.45 E7.27577
G1 X113.347 Y99.156 E7.31072
G1 X114.043 Y100.305 E7.36347
G1 X114.414 Y101.101 E7.39795
G1 X114.718 Y101.937 E7.43288
G1 X114.933 Y102.82 E7.46856
G1 X113.993 Y103.76 E7.52076
G1 X110.416 Y97.563 E7.80171
G1 X110.002 Y97.108 E7.82586
G1 X109.554 Y96.818 E7.84681
G1 X109.018 Y96.645 E7.86892
G1 X109.559 Y96.108 E7.89885
G1 X109.77 Y96.471 E7.91534
;WIDTH:0.481952
G1 F819.986
G1 X110.247 Y96.764 E7.93905
;WIDTH:0.513899
G1 F764.365
G1 X110.409 Y96.896 E7.94854
;WIDTH:0.545846
G1 F715.811
G1 X110.576 Y97.032 E7.95899
;WIDTH:0.497923
G1 F791.204
G1 X110.58 Y97.034 E7.95919
;WIDTH:0.449999
G1 F884.349
G1 X110.952 Y97.237 E7.97583
G1 X111.927 Y98.094 E8.0268
G1 X112.493 Y98.712 E8.0597
G1 X113.011 Y99.386 E8.09308
G1 X113.683 Y100.497 E8.14406
G1 X114.037 Y101.257 E8.17698
G1 X114.328 Y102.055 E8.21033
G1 X114.484 Y102.694 E8.23616
M73 P5 R35
G1 X114.081 Y103.097 E8.25854
M73 Q5 S35
G1 X110.682 Y97.211 E8.52542
G92 E0
G1 X112.178 Y98.977 F7800
;WIDTH:0.494605
G1 F797.016
G1 X112.327 Y99.201 E.01172
;WIDTH:0.529816
G1 F739.379
G1 X112.477 Y99.425 E.02438
;WIDTH:0.565026
G1 F689.515
G1 X112.626 Y99.649 E.03793
;WIDTH:0.59103
G1 F656.802
G1 X113.261 Y100.722 E.10385
G1 X113.444 Y101.074 E.12482
;WIDTH:0.556385
G1 F701.119
G1 X113.628 Y101.426 E.14449
G92 E0
G1 X115.902 Y103.579 F7800
;WIDTH:0.449999
G1 F884.349
G1 X112.798 Y106.682 E.17233
G1 X112.708 Y106.82 E.1788
;WIDTH:0.41646
G1 F963.754
G1 X112.618 Y106.959 E.18477
;WIDTH:0.38292
G1 F1058.823
G1 X112.547 Y106.94 E.18718
G1 X112.566 Y107.011 E.18959
G1 X112.607 Y107 E.19098
G1 X111.832 Y108.321 F7800
G1 F1058.823
G1 X111.761 Y108.302 E.19339
G1 X111.78 Y108.373 E.1958
G1 X111.821 Y108.362 E.19719
;WIDTH:0.41646
G1 F963.754
G1 X111.916 Y108.203 E.20386
;WIDTH:0.449999
G1 F884.349
G1 X112.012 Y108.044 E.21115
G1 X115.965 Y104.091 E.43065
G1 X115.989 Y104.643 E.45234
G1 X111.225 Y109.406 E.71685
G1 X111.13 Y109.565 E.72412
;WIDTH:0.41646
G1 F963.754
G1 X111.034 Y109.724 E.73081
;WIDTH:0.38292
G1 F1058.823
G1 X110.993 Y109.735 E.7322
G1 X110.974 Y109.664 E.73461
G1 X111.045 Y109.683 E.73702
G1 X110.259 Y111.045 F7800
G1 F1058.823
G1 X110.188 Y111.026 E.73943
G1 X110.207 Y111.098 E.74187
G1 X110.248 Y111.087 E.74326
;WIDTH:0.41646
G1 F963.754
G1 X110.343 Y110.928 E.74993
;WIDTH:0.449999
G1 F884.349
G1 X110.439 Y110.769 E.75722
G1 X115.995 Y105.212 E1.06576
G92 E0
G1 X99.874 Y98.844 F7800
;WIDTH:0.38292
G1 F1058.823
G1 X99.803 Y98.825 E.00241
G1 X99.822 Y98.896 E.00482
G1 X99.863 Y98.885 E.00621
;WIDTH:0.41646
G1 F963.754
G1 X99.738 Y99.014 E.01268
;WIDTH:0.449999
G1 F884.349
G1 X94.007 Y104.748 E.331
G1 X94.01 Y105.321 E.3535
G1 X98.951 Y100.376 E.62798
;WIDTH:0.41646
G1 F963.754
G1 X99.077 Y100.247 E.63448
;WIDTH:0.38292
G1 F1058.823
G1 X99.036 Y100.258 E.63587
G1 X99.017 Y100.187 E.63828
G1 X99.088 Y100.206 E.64069
G1 X98.301 Y101.568 F7800
G1 F1058.823
G1 X98.23 Y101.549 E.6431
G1 X98.249 Y101.62 E.64551
G1 X98.29 Y101.609 E.6469
;WIDTH:0.41646
G1 F963.754
G1 X98.165 Y101.738 E.65337
;WIDTH:0.449999
G1 F884.349
G1 X94.034 Y105.873 E.88287
G1 X94.085 Y106.397 E.90354
G1 X97.379 Y103.1 E1.08653
;WIDTH:0.41646
G1 F963.754
G1 X97.504 Y102.971 E1.093
;WIDTH:0.38292
G1 F1058.823
G1 X97.463 Y102.982 E1.09439
G1 X97.444 Y102.911 E1.0968
G1 X97.515 Y102.93 E1.09921
G1 X96.771 Y104.237 F7800
G1 F1058.823
G1 X96.7 Y104.218 E1.10162
G1 X96.719 Y104.289 E1.10403
G1 X96.76 Y104.278 E1.10542
;WIDTH:0.41646
G1 F963.754
G1 X96.641 Y104.407 E1.11174
;WIDTH:0.449999
G1 F884.349
G1 X94.168 Y106.89 E1.24934
G1 X94.259 Y107.374 E1.26868
G1 X96.456 Y105.177 E1.39068
G1 X96.576 Y105.633 E1.40919
G1 X96.615 Y105.665 E1.41117
G1 X100.24 Y111.944 E1.69585
G1 X100.539 Y112.293 E1.71389
G1 X100.996 Y112.533 E1.73416
G1 X101.386 Y112.594 E1.74966
G1 X104.007 Y112.594 E1.85257
G1 X101.263 Y115.339 E2.00497
G1 X100.789 Y115.167 E2.02477
G1 X99.919 Y114.761 E2.06247
G1 X99.345 Y114.43 E2.08849
G1 X98.847 Y114.113 E2.11167
G1 X98.185 Y113.629 E2.14387
G1 X97.208 Y112.771 E2.19492
G1 X96.314 Y111.756 E2.24803
G1 X95.719 Y110.912 E2.28858
G1 X95.239 Y110.081 E2.32626
G1 X94.833 Y109.211 E2.36396
G1 X94.501 Y108.298 E2.40211
G1 X94.374 Y107.806 E2.42206
G1 X94.403 Y107.806 E2.4232
G1 X96.432 Y105.777 E2.53587
G1 X96.502 Y106.283 E2.55593
G1 X99.888 Y112.148 E2.82184
G1 X100.207 Y112.535 E2.84153
G1 X100.364 Y112.665 E2.84953
G1 X100.835 Y112.907 E2.87032
G1 X101.386 Y113.002 E2.89227
G1 X103.024 Y113.002 E2.95659
G1 X101.158 Y114.868 E3.06021
G1 X100.945 Y114.79 E3.06912
G1 X100.107 Y114.399 E3.10543
G1 X99.549 Y114.077 E3.13073
G1 X99.081 Y113.779 E3.15251
G1 X98.453 Y113.324 E3.18296
G1 X97.495 Y112.481 E3.23307
G1 X96.617 Y111.479 E3.28538
G1 X96.033 Y110.642 E3.32545
G1 X95.577 Y109.842 E3.36161
G1 X95.083 Y108.706 E3.41025
G1 X94.832 Y107.953 E3.44142
G1 X96.358 Y106.427 E3.52616
G1 X96.414 Y106.946 E3.54666
G1 X99.555 Y112.386 E3.79331
G1 X99.898 Y112.8 E3.81442
G1 X100.161 Y113.018 E3.82783
G1 X100.624 Y113.257 E3.84829
G1 X100.955 Y113.361 E3.86191
G1 X101.386 Y113.409 E3.87894
G1 X102.042 Y113.409 E3.9047
G1 X101.057 Y114.393 E3.95937
G1 X100.295 Y114.038 E3.99238
G1 X99.314 Y113.446 E4.03737
G1 X98.722 Y113.018 E4.06605
G1 X97.784 Y112.193 E4.1151
G1 X96.965 Y111.266 E4.16367
G1 X96.406 Y110.473 E4.20177
G1 X95.962 Y109.705 E4.2366
G1 X95.586 Y108.899 E4.27152
G1 X95.286 Y108.075 E4.30595
G1 X96.27 Y107.09 E4.36062
G1 X96.327 Y107.609 E4.38112
G1 X99.208 Y112.599 E4.60736
;WIDTH:0.481555
G1 F820.729
G1 X99.387 Y112.843 E4.62016
;WIDTH:0.51311
G1 F765.648
G1 X99.566 Y113.086 E4.63385
G1 X99.278 Y112.899 E4.64942
;WIDTH:0.481555
G1 F820.729
G1 X98.991 Y112.712 E4.66391
;WIDTH:0.449999
G1 F884.349
G1 X98.071 Y111.904 E4.71199
G1 X97.29 Y111.021 E4.75828
G1 X96.749 Y110.254 E4.79513
G1 X96.323 Y109.517 E4.82855
G1 X95.963 Y108.743 E4.86207
G1 X95.757 Y108.179 E4.88565
G1 X96.183 Y107.753 E4.90931
G1 X96.372 Y108.574 F7800
;WIDTH:0.557252
G1 F699.937
G1 X96.56 Y108.935 E4.9295
;WIDTH:0.592766
G1 F654.729
G1 X97.152 Y109.996 E4.99394
G1 X97.369 Y110.329 E5.01502
;WIDTH:0.550692
G1 F708.981
G1 X97.586 Y110.663 E5.03453
;WIDTH:0.508591
G1 F773.079
G1 X97.803 Y110.996 E5.05238
G92 E0
G1 X99.566 Y113.086 F7800
;WIDTH:0.51311
G1 F765.648
G1 X99.761 Y113.229 E.01097
;WIDTH:0.482705
G1 F818.582
G1 X99.956 Y113.371 E.0212
;WIDTH:0.477082
G1 F829.184
G1 X100.431 Y113.631 E.04388
;WIDTH:0.523398
G1 F749.254
G1 X100.695 Y113.731 E.05696
;WIDTH:0.569714
G1 F683.379
G1 X100.958 Y113.832 E.07127
G1 X101.685 Y115.493 F7800
;WIDTH:0.449999
G1 F884.349
G1 X104.583 Y112.594 E.23222
G1 X105.159 Y112.594 E.25484
G1 X102.138 Y115.615 E.42259
G1 X102.592 Y115.736 E.44104
G1 X105.734 Y112.594 E.61551
G1 X106.31 Y112.594 E.63813
G1 X103.07 Y115.834 E.81804
G1 X103.577 Y115.903 E.83813
G1 X106.886 Y112.594 E1.02187
G1 X107.461 Y112.594 E1.04445
G1 X104.094 Y115.962 E1.23144
G1 X104.634 Y115.997 E1.25269
G1 X108.037 Y112.594 E1.44165
G1 X108.939 Y112.435 F7800
;WIDTH:0.38292
G1 F1058.823
G1 X108.868 Y112.416 E1.44406
G1 X108.887 Y112.487 E1.44647
G1 X108.928 Y112.476 E1.44786
;WIDTH:0.41646
G1 F963.754
G1 X108.77 Y112.535 E1.45394
;WIDTH:0.449999
G1 F884.349
G1 X108.613 Y112.594 E1.46053
G1 X105.207 Y116.001 E1.64969
G1 X105.817 Y115.966 E1.67368
G1 X115.969 Y105.814 E2.23741
G1 X115.896 Y106.463 E2.26305
G1 X106.455 Y115.903 E2.78727
G1 X107.142 Y115.792 E2.81459
G1 X115.792 Y107.142 E3.29491
G1 X115.603 Y107.908 E3.32589
G1 X107.908 Y115.603 E3.75318
G1 X108.508 Y115.501 E3.77708
;WIDTH:0.38292
G1 F1058.823
G1 X108.437 Y115.482 E3.77949
G1 X108.456 Y115.554 E3.78193
G1 X108.497 Y115.543 E3.78332
;WIDTH:0.41646
G1 F963.754
G1 X108.624 Y115.438 E3.78926
;WIDTH:0.449999
G1 F884.349
G1 X108.752 Y115.334 E3.79574
G1 X115.334 Y108.752 E4.16123
G1 X115.436 Y108.623 E4.16769
;WIDTH:0.41646
G1 F963.754
G1 X115.538 Y108.494 E4.17362
;WIDTH:0.38292
G1 F1058.823
G1 X115.497 Y108.505 E4.17501
G1 X115.478 Y108.434 E4.17742
G1 X115.549 Y108.453 E4.17983
G1 X115.153 Y109.444 F7800
G1 F1058.823
G1 X115.082 Y109.425 E4.18224
G1 X115.101 Y109.496 E4.18465
G1 X115.142 Y109.485 E4.18604
;WIDTH:0.41646
G1 F963.754
G1 X115.03 Y109.614 E4.1922
;WIDTH:0.449999
G1 F884.349
G1 X109.615 Y115.032 E4.49297
;WIDTH:0.41646
G1 F963.754
G1 X109.487 Y115.146 E4.49915
;WIDTH:0.38292
G1 F1058.823
G1 X109.446 Y115.157 E4.50054
G1 X109.427 Y115.085 E4.50298
G1 X109.498 Y115.105 E4.5054
G1 X110.816 Y114.394 F7800
G1 F1058.823
G1 X110.745 Y114.375 E4.50781
G1 X110.764 Y114.446 E4.51022
G1 X110.805 Y114.435 E4.51161
;WIDTH:0.41646
G1 F963.754
G1 X110.934 Y114.305 E4.51821
;WIDTH:0.449999
G1 F884.349
G1 X114.323 Y110.912 E4.70651
;WIDTH:0.41646
G1 F963.754
G1 X114.451 Y110.783 E4.71306
;WIDTH:0.38292
G1 F1058.823
G1 X114.409 Y110.794 E4.71448
G1 X114.39 Y110.723 E4.71689
G1 X114.462 Y110.742 E4.71933
G1 X113.513 Y112.144 F7800
G1 F1058.823
G1 X112.844 Y112.844 E4.75108
G1 X113.373 Y112.291 E4.77618
;LAYER_CHANGE
;Z:0.95
;HEIGHT:0.2
G92 E0
G1 Z.95 F7800
G1 X113.246 Y105
;TYPE:Perimeter
;WIDTH:0.449999
G1 F884.349
G1 X113.246 Y105.166 E.00652
G1 X113.123 Y105.509 E.02083
G1 X109.502 Y111.78 E.30516
G1 X109.267 Y112.058 E.31945
G1 X108.979 Y112.224 E.3325
G1 X108.621 Y112.289 E.34679
G1 X101.379 Y112.289 E.63114
G1 X101.072 Y112.242 E.64333
G1 X100.832 Y112.13 E.65373
G1 X100.615 Y111.943 E.66498
G1 X100.34 Y111.507 E.68522
G1 X96.877 Y105.509 E.95716
G1 X96.755 Y105.169 E.97134
G1 X96.754 Y104.834 E.98449
G1 X96.877 Y104.491 E.9988
M73 Q6 S35
G1 X100.498 Y98.22 E1.28313
M73 P6 R35
G1 X100.733 Y97.942 E1.29742
G1 X101.021 Y97.776 E1.31047
G1 X101.379 Y97.711 E1.32476
G1 X108.621 Y97.711 E1.60911
G1 X108.821 Y97.731 E1.617
G1 X109.149 Y97.858 E1.63081
G1 X109.34 Y98.008 E1.64035
G1 X109.502 Y98.22 E1.65083
G1 X113.123 Y104.491 E1.93516
G1 X113.246 Y104.834 E1.94947
G1 X113.246 Y104.94 E1.95363
G1 X112.851 Y104.995 F7800
G1 F884.349
G1 X112.852 Y105 E1.95383
G1 X112.77 Y105.305 E1.96623
G1 X109.15 Y111.577 E2.25057
G1 X108.926 Y111.8 E2.26298
G1 X108.621 Y111.882 E2.27538
G1 X101.379 Y111.882 E2.55973
G1 X101.097 Y111.813 E2.57113
G1 X100.921 Y111.675 E2.57991
G1 X100.261 Y110.556 E2.63092
G1 X97.23 Y105.305 E2.86898
G1 X97.148 Y105 E2.88138
G1 X97.23 Y104.695 E2.89378
G1 X100.85 Y98.423 E3.17812
G1 X101.074 Y98.2 E3.19053
G1 X101.379 Y98.118 E3.20293
G1 X108.621 Y98.118 E3.48728
G1 X108.938 Y98.207 E3.50021
G1 X109.15 Y98.423 E3.51209
G1 X112.77 Y104.695 E3.79643
G1 X112.835 Y104.937 E3.80627
G1 X112.431 Y105 F7800
;TYPE:External perimeter
G1 F884.349
G1 X112.438 Y105.053 E3.80837
G1 X108.797 Y111.373 E4.09476
G1 X108.674 Y111.468 E4.10086
G1 X101.379 Y111.475 E4.3873
G1 X101.226 Y111.406 E4.39389
G1 X100.614 Y110.353 E4.44171
G1 X97.582 Y105.102 E4.67979
G1 X97.558 Y104.967 E4.68517
G1 X101.203 Y98.627 E4.97232
G1 X101.308 Y98.538 E4.97772
G1 X102.532 Y98.525 E5.02578
G1 X108.621 Y98.525 E5.26486
G1 X108.765 Y98.584 E5.27097
G1 X112.418 Y104.898 E5.55739
G1 X112.423 Y104.94 E5.55905
G1 X112.28 Y105.314 F7800
G92 E0
G1 X94.077 Y108.429
;TYPE:Perimeter
G1 F884.349
G1 X93.931 Y107.966 E.01906
G1 X93.724 Y107.036 E.05647
G1 X93.639 Y106.507 E.07751
G1 X93.552 Y105.507 E.11692
G1 X93.551 Y104.5 E.15646
G1 X93.638 Y103.504 E.19572
G1 X93.803 Y102.569 E.233
G1 X93.927 Y102.045 E.25414
G1 X94.229 Y101.088 E.29354
G1 X94.614 Y100.157 E.3331
G1 X95.049 Y99.321 E.3701
G1 X95.328 Y98.852 E.39153
G1 X95.904 Y98.03 E.43094
G1 X96.551 Y97.258 E.47049
G1 X97.258 Y96.551 E.50975
G1 X98.024 Y95.908 E.54902
G1 X98.843 Y95.335 E.58827
G1 X99.709 Y94.835 E.62753
G1 X100.567 Y94.434 E.66472
G1 X101.07 Y94.235 E.68596
G1 X102.034 Y93.931 E.72565
G1 X103.01 Y93.714 E.76491
G1 X103.945 Y93.591 E.80194
G1 X104.489 Y93.551 E.82336
G1 X105.492 Y93.551 E.86274
G1 X106.496 Y93.638 E.90231
G1 X107.48 Y93.812 E.94155
G1 X108.398 Y94.058 E.97887
G1 X108.909 Y94.227 E1
G1 X109.843 Y94.614 E1.0397
G1 X110.694 Y95.057 E1.07737
G1 X111.148 Y95.328 E1.09813
G1 X111.97 Y95.904 E1.13754
G1 X112.742 Y96.551 E1.17709
G1 X113.449 Y97.258 E1.21635
G1 X114.056 Y97.981 E1.25342
G1 X114.381 Y98.417 E1.27477
G1 X114.921 Y99.264 E1.31421
G1 X115.386 Y100.157 E1.35374
G1 X115.769 Y101.08 E1.39298
G1 X116.069 Y102.034 E1.43225
G1 X116.288 Y103.021 E1.47195
G1 X116.366 Y103.549 E1.49291
G1 X116.449 Y104.571 E1.53317
G1 X116.449 Y105.5 E1.56965
G1 X116.362 Y106.496 E1.60891
G1 X116.188 Y107.48 E1.64815
G1 X115.943 Y108.394 E1.6853
G1 X115.773 Y108.909 E1.70659
G1 X115.408 Y109.791 E1.74407
G1 X115.171 Y110.282 E1.76548
G1 X114.669 Y111.151 E1.80488
G1 X114.092 Y111.976 E1.84441
G1 X113.449 Y112.742 E1.88368
G1 X112.742 Y113.449 E1.92294
G1 X111.976 Y114.092 E1.96221
G1 X111.157 Y114.665 E2.00146
G1 X110.292 Y115.165 E2.04069
G1 X109.426 Y115.569 E2.07821
G1 X108.93 Y115.765 E2.09915
G1 X108.015 Y116.054 E2.13683
G1 X107.492 Y116.186 E2.15801
G1 X106.496 Y116.362 E2.19772
G1 X105.5 Y116.449 E2.23698
G1 X104.5 Y116.449 E2.27624
G1 X103.504 Y116.362 E2.3155
G1 X102.52 Y116.188 E2.35474
G1 X101.554 Y115.929 E2.39401
G1 X100.656 Y115.603 E2.43152
G1 X100.167 Y115.391 E2.45245
G1 X99.27 Y114.925 E2.49214
G1 X98.427 Y114.387 E2.53141
G1 X97.634 Y113.779 E2.57065
G1 X96.94 Y113.143 E2.60761
G1 X96.558 Y112.751 E2.6291
G1 X95.908 Y111.976 E2.66882
G1 X95.335 Y111.157 E2.70807
G1 X94.863 Y110.341 E2.74508
G1 X94.618 Y109.854 E2.76649
G1 X94.231 Y108.92 E2.80619
G1 X94.095 Y108.486 E2.82405
G1 X93.691 Y108.56 F7800
G1 F884.349
G1 X93.537 Y108.071 E2.84418
G1 X93.311 Y107.054 E2.88509
G1 X93.235 Y106.556 E2.90487
G1 X93.144 Y105.525 E2.94551
G1 X93.144 Y104.482 E2.98646
G1 X93.234 Y103.451 E3.0271
G1 X93.415 Y102.425 E3.06801
G1 X93.535 Y101.935 E3.08782
G1 X93.846 Y100.948 E3.12845
G1 X94.245 Y99.985 E3.16938
G1 X94.726 Y99.06 E3.21032
G1 X94.987 Y98.629 E3.2301
G1 X95.581 Y97.782 E3.27072
G1 X96.251 Y96.982 E3.31169
G1 X96.983 Y96.25 E3.35234
G1 X97.776 Y95.585 E3.39298
G1 X98.624 Y94.991 E3.43363
G1 X99.6 Y94.436 E3.47771
G1 X100.522 Y94.011 E3.51757
G1 X101.004 Y93.829 E3.5378
G1 X102.028 Y93.515 E3.57985
G1 X103.044 Y93.299 E3.62063
G1 X104.053 Y93.172 E3.66056
G1 X104.557 Y93.144 E3.68038
G1 X105.618 Y93.153 E3.72204
G1 X106.655 Y93.253 E3.76295
G1 X107.669 Y93.441 E3.80344
G1 X108.645 Y93.708 E3.84317
G1 X109.439 Y94.006 E3.87647
G1 X110.095 Y94.286 E3.90448
G1 X111.02 Y94.775 E3.94556
G1 X111.657 Y95.188 E3.97537
G1 X112.377 Y95.714 E4.01038
G1 X113.088 Y96.321 E4.04709
G1 X113.816 Y97.062 E4.08788
G1 X114.467 Y97.846 E4.12789
G1 X114.761 Y98.256 E4.1477
G1 X115.324 Y99.156 E4.18938
G1 X115.797 Y100.085 E4.23031
G1 X116.183 Y101.042 E4.27083
G1 X116.485 Y102.028 E4.31132
G1 X116.699 Y103.017 E4.35105
G1 X116.771 Y103.514 E4.37077
G1 X116.856 Y104.571 E4.41241
G1 X116.856 Y105.518 E4.44959
G1 X116.766 Y106.549 E4.49023
G1 X116.586 Y107.569 E4.5309
G1 X116.316 Y108.575 E4.5718
G1 X116.154 Y109.052 E4.59158
G1 X115.753 Y110.022 E4.63279
G1 X115.53 Y110.474 E4.65258
G1 X115.013 Y111.37 E4.6932
G1 X114.415 Y112.224 E4.73414
G1 X113.749 Y113.017 E4.7748
G1 X113.017 Y113.75 E4.81547
G1 X112.224 Y114.415 E4.85611
G1 X111.376 Y115.009 E4.89676
G1 X110.48 Y115.526 E4.93738
G1 X109.535 Y115.967 E4.97833
G1 X109.065 Y116.15 E4.99813
G1 X108.065 Y116.465 E5.0393
G1 X107.575 Y116.585 E5.05911
G1 X106.549 Y116.766 E5.10002
G1 X105.518 Y116.856 E5.14066
G1 X104.482 Y116.856 E5.18134
G1 X103.451 Y116.766 E5.22198
G1 X102.431 Y116.586 E5.26265
G1 X101.431 Y116.318 E5.3033
G1 X100.452 Y115.962 E5.3442
G1 X99.991 Y115.759 E5.36398
G1 X99.066 Y115.277 E5.40493
G1 X98.193 Y114.721 E5.44557
G1 X97.372 Y114.091 E5.4862
G1 X96.609 Y113.392 E5.52683
G1 X96.255 Y113.023 E5.54691
G1 X95.585 Y112.224 E5.58785
G1 X94.991 Y111.376 E5.6285
G1 X94.47 Y110.474 E5.6694
G1 X94.247 Y110.022 E5.68919
G1 X93.848 Y109.059 E5.73012
G1 X93.709 Y108.617 E5.74831
G1 X93.305 Y108.69 F7800
;TYPE:External perimeter
G1 F884.349
G1 X93.143 Y108.177 E5.76943
G1 X92.911 Y107.129 E5.81158
G1 X92.83 Y106.605 E5.8324
G1 X92.737 Y105.543 E5.87426
G1 X92.737 Y104.465 E5.91659
G1 X92.83 Y103.398 E5.95864
G1 X93.017 Y102.341 E6.00079
G1 X93.143 Y101.825 E6.02165
G1 X93.463 Y100.809 E6.06347
G1 X93.875 Y99.812 E6.10583
G1 X94.371 Y98.86 E6.14798
G1 X94.646 Y98.407 E6.16879
G1 X95.257 Y97.534 E6.21063
G1 X95.95 Y96.707 E6.253
G1 X96.707 Y95.95 E6.29504
G1 X97.528 Y95.262 E6.3371
G1 X98.405 Y94.648 E6.37914
G1 X99.332 Y94.112 E6.42118
G1 X100.298 Y93.662 E6.46302
G1 X100.799 Y93.466 E6.48414
G1 X101.823 Y93.143 E6.5263
G1 X102.869 Y92.912 E6.56836
G1 X103.933 Y92.772 E6.6105
G1 X104.462 Y92.737 E6.63132
G1 X105.528 Y92.737 E6.67318
G1 X106.602 Y92.83 E6.71551
G1 X107.657 Y93.016 E6.75757
G1 X108.609 Y93.271 E6.79627
G1 X109.115 Y93.437 E6.81718
G1 X110.283 Y93.925 E6.86688
G1 X111.231 Y94.427 E6.909
G1 X111.891 Y94.854 E6.93987
G1 X112.639 Y95.402 E6.97628
G1 X113.376 Y96.033 E7.01438
G1 X114.128 Y96.8 E7.05656
G1 X114.795 Y97.605 E7.09761
G1 X115.104 Y98.037 E7.11846
G1 X115.685 Y98.968 E7.16155
G1 X116.173 Y99.929 E7.20387
G1 X116.572 Y100.919 E7.24578
G1 X116.882 Y101.94 E7.28768
G1 X117.102 Y102.955 E7.32846
G1 X117.177 Y103.478 E7.34921
G1 X117.263 Y104.571 E7.39226
G1 X117.263 Y105.535 E7.43011
G1 X117.17 Y106.602 E7.47216
G1 X116.984 Y107.657 E7.51422
G1 X116.706 Y108.693 E7.55634
G1 X116.535 Y109.196 E7.5772
G1 X116.124 Y110.19 E7.61943
G1 X115.889 Y110.666 E7.64027
G1 X115.356 Y111.589 E7.68212
G1 X114.738 Y112.472 E7.72444
G1 X114.05 Y113.293 E7.7665
G1 X113.293 Y114.05 E7.80854
G1 X112.472 Y114.738 E7.8506
G1 X111.595 Y115.352 E7.89264
G1 X110.668 Y115.888 E7.93468
G1 X109.695 Y116.341 E7.97682
G1 X109.201 Y116.534 E7.99764
G1 X108.175 Y116.857 E8.03987
G1 X107.659 Y116.983 E8.06073
G1 X106.602 Y117.17 E8.10288
G1 X105.535 Y117.263 E8.14493
G1 X104.465 Y117.263 E8.18694
G1 X103.398 Y117.17 E8.22899
G1 X102.343 Y116.984 E8.27105
G1 X101.309 Y116.707 E8.31308
G1 X100.3 Y116.34 E8.35524
M73 P7 R35
M73 Q7 S35
G1 X99.815 Y116.126 E8.37605
G1 X98.863 Y115.63 E8.4182
G1 X97.959 Y115.055 E8.46027
G1 X97.11 Y114.403 E8.5023
G1 X96.324 Y113.683 E8.54415
G1 X95.952 Y113.295 E8.56526
G1 X95.262 Y112.472 E8.60743
G1 X94.648 Y111.595 E8.64947
G1 X94.111 Y110.666 E8.6916
G1 X93.876 Y110.19 E8.71244
G1 X93.465 Y109.198 E8.7546
G1 X93.323 Y108.748 E8.77313
G1 X93.203 Y108.366 F7800
G92 E0
G1 X96.032 Y111.883
;TYPE:Solid infill
;WIDTH:0.38292
G1 F1058.823
G1 X97.036 Y112.955 E.04817
G1 X98.091 Y113.938 E.09546
G1 X99.01 Y114.41 F7800
G1 F1058.823
G1 X98.991 Y114.481 E.09787
G1 X99.062 Y114.462 E.10028
G1 X99.051 Y114.421 E.10167
;WIDTH:0.41646
G1 F963.754
G1 X98.892 Y114.321 E.10844
;WIDTH:0.449999
G1 F884.349
G1 X98.733 Y114.22 E.11584
G1 X95.796 Y111.283 E.27893
G1 X95.69 Y111.124 E.28643
;WIDTH:0.416497
G1 F963.658
G1 X95.585 Y110.965 E.2933
;WIDTH:0.382994
G1 F1058.593
G1 X95.596 Y111.006 E.29469
G1 X95.525 Y111.025 E.2971
G1 X95.544 Y110.954 E.29951
G1 X94.765 Y109.56 F7800
;WIDTH:0.38292
G1 F1058.823
G1 X94.746 Y109.631 E.30192
G1 X94.817 Y109.612 E.30433
G1 X94.806 Y109.571 E.30572
;WIDTH:0.41646
G1 F963.754
G1 X94.891 Y109.729 E.31218
;WIDTH:0.449999
G1 F884.349
G1 X94.975 Y109.887 E.31921
G1 X100.101 Y115.013 E.60385
G1 X100.24 Y115.094 E.61017
;WIDTH:0.41646
G1 F963.754
G1 X100.378 Y115.176 E.61595
;WIDTH:0.38292
G1 F1058.823
G1 X100.359 Y115.247 E.61836
G1 X100.43 Y115.228 E.62077
G1 X100.419 Y115.187 E.62216
G1 X101.382 Y115.584 F7800
G1 F1058.823
G1 X101.363 Y115.655 E.62457
G1 X101.434 Y115.636 E.62698
G1 X101.423 Y115.595 E.62837
;WIDTH:0.41646
G1 F963.754
G1 X101.264 Y115.518 E.63474
;WIDTH:0.449999
G1 F884.349
G1 X101.105 Y115.441 E.64168
G1 X94.546 Y108.882 E1.00589
G1 X94.472 Y108.725 E1.0127
M73 P7 R34
;WIDTH:0.41646
G1 F963.754
G1 X94.397 Y108.567 E1.019
;WIDTH:0.38292
G1 F1058.823
G1 X94.408 Y108.608 E1.02039
G1 X94.337 Y108.627 E1.0228
G1 X94.356 Y108.556 E1.02521
;WIDTH:0.449999
G1 F884.349
G1 X94.272 Y108.032 E1.04605
G1 X101.962 Y115.723 E1.47309
G1 X102.042 Y115.823 E1.47812
;WIDTH:0.41646
G1 F963.754
G1 X102.122 Y115.923 E1.48273
;WIDTH:0.38292
G1 F1058.823
G1 X102.676 Y116.061 E1.50145
;WIDTH:0.449999
G1 F884.349
G1 X102.731 Y115.915 E1.50758
G1 X94.09 Y107.275 E1.98737
G1 X94.049 Y107.438 E1.99397
;WIDTH:0.41646
G1 F963.754
G1 X94.007 Y107.601 E2.00003
;WIDTH:0.38292
G1 F1058.823
G1 X94.07 Y107.872 E2.00915
G1 X93.957 Y106.566 F7800
;WIDTH:0.449999
G1 F884.349
G1 X103.43 Y116.039 E2.53517
G1 X104.39 Y116.205 F7800
;WIDTH:0.38292
G1 F1058.823
G1 X104.401 Y116.246 E2.53656
G1 X104.33 Y116.265 E2.53897
G1 X104.349 Y116.194 E2.54138
;WIDTH:0.41646
G1 F963.754
G1 X104.21 Y116.15 E2.54663
;WIDTH:0.449999
G1 F884.349
G1 X104.072 Y116.105 E2.55233
G1 X93.895 Y105.928 E3.11744
G1 X93.857 Y105.314 E3.14159
M73 Q7 S34
G1 X99.903 Y111.361 E3.47734
G1 X100.015 Y111.505 E3.4845
;WIDTH:0.41646
G1 F963.754
G1 X100.128 Y111.648 E3.49107
;WIDTH:0.38292
G1 F1058.823
G1 X100.453 Y112.059 E3.50825
G1 X100.82 Y112.38 E3.52424
;WIDTH:0.449999
G1 F884.349
G1 X101.108 Y112.565 E3.53768
G1 X104.686 Y116.144 E3.73639
G1 X105.262 Y116.144 E3.75901
G1 X101.713 Y112.594 E3.95611
G1 X102.288 Y112.594 E3.97869
G1 X105.809 Y116.115 E4.17421
G1 X106.339 Y116.069 E4.1951
G1 X102.864 Y112.594 E4.38806
G1 X103.44 Y112.594 E4.41068
G1 X106.837 Y115.992 E4.59934
G1 X107.326 Y115.905 E4.61884
G1 X104.015 Y112.594 E4.80269
G1 X104.591 Y112.594 E4.82531
G1 X107.794 Y115.798 E5.0032
G1 X108.236 Y115.664 E5.02133
G1 X105.167 Y112.594 E5.19177
G1 X105.742 Y112.594 E5.21435
G1 X108.674 Y115.526 E5.37716
G1 X109.097 Y115.373 E5.39482
G1 X106.318 Y112.594 E5.54913
G1 X106.894 Y112.594 E5.57175
G1 X109.498 Y115.198 E5.71635
G92 E0
G1 X107.613 Y112.738 F7800
G1 F884.349
G1 X109.89 Y115.015 E.12644
G1 X110.771 Y114.536 E.16581
G1 X111.236 Y114.238 E.1875
G1 X111.79 Y113.849 E.21408
G1 X112.536 Y113.224 E.25229
G1 X113.224 Y112.536 E.29049
G1 X113.849 Y111.791 E.32867
G1 X114.41 Y110.989 E.3671
G1 X115.105 Y109.723 E.42381
G1 X115.487 Y108.801 E.463
G1 X115.648 Y108.315 E.4831
G1 X115.89 Y107.414 E.51973
G1 X115.932 Y107.173 E.52934
G1 X115.865 Y107.173 E.53197
G1 X113.548 Y104.856 E.66063
G1 X113.512 Y105.364 E.68063
G1 X113.407 Y105.626 E.69171
G1 X109.747 Y111.965 E.97912
G1 X109.429 Y112.315 E.99769
G1 X109.049 Y112.52 E1.01464
G1 X108.614 Y112.594 E1.03197
G1 X107.47 Y112.594 E1.07689
G1 X108.452 Y113.002 F7800
G1 F884.349
G1 X108.721 Y112.992 E1.08746
G1 X109.318 Y112.849 E1.11156
G1 X109.759 Y112.571 E1.13203
G1 X110.099 Y112.169 E1.1527
G1 X113.828 Y105.711 E1.44551
G1 X115.481 Y107.365 E1.53733
G1 X115.296 Y108.059 E1.56553
G1 X115.106 Y108.658 E1.5902
G1 X114.738 Y109.547 E1.62798
G1 X114.064 Y110.773 E1.68291
G1 X113.526 Y111.543 E1.71979
G1 X112.923 Y112.26 E1.75658
G1 X112.26 Y112.923 E1.7934
G1 X111.542 Y113.526 E1.83022
G1 X110.774 Y114.064 E1.86704
G1 X109.976 Y114.525 E1.90323
G1 X108.596 Y113.145 E1.97986
G1 X109.306 Y113.28 E2.00824
G1 X109.836 Y113.021 E2.0314
G1 X110.091 Y112.812 E2.04435
G1 X110.452 Y112.372 E2.0667
G1 X113.915 Y106.374 E2.33864
G1 X115.027 Y107.487 E2.40042
G1 X114.725 Y108.514 E2.44245
G1 X114.37 Y109.37 E2.47884
G1 X113.718 Y110.558 E2.53205
G1 X113.202 Y111.295 E2.56738
G1 X112.623 Y111.985 E2.60275
G1 X111.985 Y112.623 E2.63818
G1 X111.294 Y113.203 E2.6736
G1 X110.555 Y113.72 E2.70901
G1 X110.043 Y114.016 E2.73223
G1 X109.45 Y113.424 E2.76513
G1 X110.122 Y113.412 E2.79152
;WIDTH:0.640576
G1 F602.353
G1 X110.402 Y113.214 E2.81129
G1 X110.45 Y113.129 E2.81692
;WIDTH:0.594456
G1 F652.723
G1 X110.568 Y112.945 E2.82855
;WIDTH:0.546304
G1 F715.16
G1 X110.686 Y112.76 E2.8392
;WIDTH:0.498152
G1 F790.807
G1 X110.804 Y112.576 E2.8488
;WIDTH:0.449999
G1 F884.349
G1 X114.002 Y107.037 E3.09993
G1 X114.573 Y107.609 E3.13166
G1 X114.46 Y108.028 E3.1487
G1 X114.256 Y108.582 E3.17188
G1 X113.988 Y109.22 E3.19905
G1 X113.371 Y110.343 E3.24936
G1 X112.864 Y111.064 E3.28397
G1 X112.309 Y111.724 E3.31783
G1 X111.699 Y112.332 E3.35165
G1 X110.836 Y113.027 E3.39516
;WIDTH:0.486171
G1 F812.182
G1 X110.753 Y113.062 E3.39901
;WIDTH:0.522343
G1 F750.904
G1 X110.671 Y113.098 E3.40315
;WIDTH:0.558514
G1 F698.224
G1 X110.589 Y113.134 E3.4076
G1 X111.596 Y111.926 F7800
;WIDTH:0.357353
G1 F1144.918
G1 X112.332 Y110.652 E3.45222
;WIDTH:0.392375
G1 F1030.176
G1 X112.75 Y109.963 E3.47938
G1 X113.495 Y108.657 E3.53006
;WIDTH:0.421388
G1 F951.205
G1 X113.545 Y108.613 E3.53249
;WIDTH:0.463606
G1 F855.745
G1 X113.595 Y108.568 E3.53522
;WIDTH:0.505825
G1 F777.698
G1 X113.645 Y108.524 E3.53819
;WIDTH:0.548043
G1 F712.698
G1 X113.695 Y108.48 E3.54144
;WIDTH:0.590262
G1 F657.725
G1 X113.746 Y108.436 E3.545
;WIDTH:0.63248
G1 F610.625
G1 X113.796 Y108.391 E3.54883
G1 X113.791 Y108.461 E3.55282
;WIDTH:0.587711
G1 F660.804
G1 X113.786 Y108.531 E3.55651
;WIDTH:0.542941
G1 F719.97
G1 X113.781 Y108.602 E3.55994
;WIDTH:0.498172
G1 F790.772
G1 X113.777 Y108.672 E3.56302
;WIDTH:0.453402
G1 F877.018
G1 X113.772 Y108.742 E3.5658
;WIDTH:0.408633
G1 F984.38
G1 X113.767 Y108.812 E3.56828
;WIDTH:0.379169
G1 F1070.635
G1 X113.663 Y109.041 E3.57644
;WIDTH:0.392375
G1 F1030.176
G1 X113.051 Y110.141 E3.61887
G1 X112.593 Y110.827 E3.64667
;WIDTH:0.357353
G1 F1144.918
G1 X112.056 Y111.466 E3.67198
G1 X111.74 Y111.782 E3.68553
G92 E0
G1 X113.796 Y108.391 F7800
;WIDTH:0.63248
G1 F610.625
G1 X113.89 Y108.2 E.01211
G92 E0
G1 X116.009 Y106.741 F7800
;WIDTH:0.449999
G1 F884.349
G1 X113.088 Y103.82 E.1622
G1 X112.301 Y102.458 F7800
G1 F884.349
G1 X116.078 Y106.235 E.37193
G1 X116.124 Y105.706 E.39278
G1 X111.515 Y101.096 E.64874
G1 X110.729 Y99.735 F7800
G1 F884.349
G1 X116.144 Y105.149 E.9494
G92 E0
G1 X99.368 Y110.257 F7800
;WIDTH:0.38292
G1 F1058.823
G1 X99.379 Y110.298 E.00139
G1 X99.308 Y110.317 E.0038
G1 X99.327 Y110.246 E.00621
;WIDTH:0.41646
G1 F963.754
G1 X99.222 Y110.122 E.01206
;WIDTH:0.449999
G1 F884.349
G1 X99.117 Y109.999 E.01841
G1 X93.856 Y104.738 E.31055
G1 X93.885 Y104.191 E.33206
G1 X98.331 Y108.637 E.57894
G1 X98.436 Y108.76 E.58529
;WIDTH:0.41646
G1 F963.754
G1 X98.541 Y108.884 E.59114
;WIDTH:0.38292
G1 F1058.823
G1 X98.522 Y108.955 E.59355
G1 X98.593 Y108.936 E.59596
G1 X98.582 Y108.895 E.59735
G1 X97.796 Y107.533 F7800
G1 F1058.823
G1 X97.807 Y107.574 E.59874
G1 X97.735 Y107.593 E.60118
G1 X97.755 Y107.522 E.6036
;WIDTH:0.41646
G1 F963.754
G1 X97.65 Y107.399 E.60943
;WIDTH:0.449999
G1 F884.349
G1 X97.545 Y107.275 E.61581
G1 X93.931 Y103.661 E.81649
G1 X94.008 Y103.163 E.83628
G1 X96.759 Y105.913 E.98901
G1 X96.863 Y106.037 E.99536
;WIDTH:0.41646
G1 F963.754
G1 X96.968 Y106.16 E1.00119
;WIDTH:0.38292
G1 F1058.823
G1 X96.949 Y106.231 E1.0036
G1 X97.02 Y106.212 E1.00601
G1 X97.009 Y106.171 E1.0074
G1 X96.608 Y105.273 F7800
G1 F1058.823
G1 X96.619 Y105.314 E1.00879
G1 X96.548 Y105.333 E1.0112
G1 X96.567 Y105.262 E1.01361
;WIDTH:0.41646
G1 F963.754
G1 X96.502 Y105.139 E1.01862
;WIDTH:0.449999
G1 F884.349
G1 X96.436 Y105.016 E1.0241
G1 X94.095 Y102.674 E1.15412
G1 X94.356 Y102.383 E1.16947
G1 X96.541 Y104.544 E1.29014
G1 X96.594 Y104.372 E1.29721
G1 X100.254 Y98.032 E1.58465
G1 X100.565 Y97.689 E1.60283
M73 P8 R34
M73 Q8 S34
G1 X100.948 Y97.482 E1.61992
G1 X101.351 Y97.406 E1.63602
G1 X103.795 Y97.406 E1.73198
G1 X100.988 Y94.599 E1.88785
G1 X100.129 Y94.976 E1.92468
G1 X99.583 Y95.26 E1.94885
G1 X99.007 Y95.593 E1.97497
G1 X98.21 Y96.151 E2.01317
G1 X97.464 Y96.776 E2.05138
G1 X96.776 Y97.464 E2.08958
G1 X96.148 Y98.214 E2.12799
G1 X95.345 Y99.414 E2.18468
G1 X94.891 Y100.286 E2.22328
G1 X94.517 Y101.19 E2.26169
G1 X94.209 Y102.242 E2.30473
G1 X94.674 Y102.102 E2.3238
G1 X94.901 Y101.325 E2.35558
G1 X95.26 Y100.458 E2.39243
G1 X95.696 Y99.622 E2.42945
G1 X96.474 Y98.459 E2.48439
G1 X97.077 Y97.739 E2.52127
G1 X97.74 Y97.077 E2.55806
G1 X98.458 Y96.474 E2.59488
G1 X99.226 Y95.936 E2.6317
G1 X100.038 Y95.467 E2.66852
G1 X100.885 Y95.072 E2.70522
G1 X102.812 Y96.999 E2.81222
G1 X101.278 Y96.999 E2.87245
G1 X100.676 Y97.154 E2.89686
G1 X100.236 Y97.433 E2.91732
G1 X99.902 Y97.829 E2.93766
G1 X96.424 Y103.852 E3.21075
G1 X94.818 Y102.246 E3.29993
G1 X95.133 Y101.985 E3.31599
G1 X95.286 Y101.461 E3.33742
G1 X95.63 Y100.63 E3.37273
G1 X96.046 Y99.829 E3.40817
G1 X96.8 Y98.703 E3.46138
G1 X97.377 Y98.014 E3.49667
G1 X98.015 Y97.377 E3.53207
G1 X98.706 Y96.797 E3.56749
G1 X99.445 Y96.28 E3.6029
G1 X100.226 Y95.829 E3.63831
G1 X100.799 Y95.561 E3.66315
G1 X101.829 Y96.592 E3.72037
G1 X101.154 Y96.611 E3.74688
G1 X100.626 Y96.729 E3.76812
G1 X100.157 Y96.984 E3.78908
G1 X99.903 Y97.193 E3.802
G1 X99.549 Y97.625 E3.82393
G1 X96.337 Y103.189 E4.07619
G1 X95.277 Y102.129 E4.13505
G1 X95.591 Y101.868 E4.15108
G1 X95.693 Y101.542 E4.16449
G1 X96.01 Y100.781 E4.19686
G1 X96.414 Y100.012 E4.23097
G1 X97.126 Y98.948 E4.28124
G1 X97.692 Y98.276 E4.31574
G1 X98.301 Y97.668 E4.34953
G1 X99.163 Y96.974 E4.39298
;WIDTH:0.497635
G1 F791.705
G1 X99.271 Y96.928 E4.39813
;WIDTH:0.545271
G1 F716.631
G1 X99.378 Y96.881 E4.40379
;WIDTH:0.592907
G1 F654.562
G1 X99.486 Y96.835 E4.41002
;WIDTH:0.640542
G1 F602.387
G1 X99.594 Y96.789 E4.41679
G1 X99.543 Y96.877 E4.42265
;WIDTH:0.592629
G1 F654.892
G1 X99.428 Y97.059 E4.43406
;WIDTH:0.545086
G1 F716.895
G1 X99.312 Y97.24 E4.44447
;WIDTH:0.497543
G1 F791.866
G1 X99.197 Y97.422 E4.45391
;WIDTH:0.449999
G1 F884.349
G1 X96.25 Y102.526 E4.68532
G1 X95.735 Y102.011 E4.71392
G1 X96.145 Y101.729 E4.73346
;WIDTH:0.648554
G1 F594.419
G1 X96.26 Y101.496 E4.74864
;WIDTH:0.682635
G1 F562.751
G1 X96.375 Y101.263 E4.76467
;WIDTH:0.716716
G1 F534.286
G1 X96.489 Y101.031 E4.78147
;WIDTH:0.751972
G1 F507.72
G1 X96.878 Y100.322 E4.83678
G1 X97.209 Y99.79 E4.87963
;WIDTH:0.710543
G1 F539.226
G1 X97.54 Y99.259 E4.91992
;WIDTH:0.669114
G1 F574.902
G1 X97.696 Y99.036 E4.93636
;WIDTH:0.621904
G1 F621.78
G1 X97.851 Y98.814 E4.95148
;WIDTH:0.574693
G1 F676.981
G1 X98.007 Y98.591 E4.96544
G92 E0
G1 X99.594 Y96.789 F7800
;WIDTH:0.640542
G1 F602.387
G1 X99.71 Y96.696 E.00857
;WIDTH:0.621996
G1 F621.68
G1 X100.231 Y96.383 E.04252
;WIDTH:0.632488
G1 F610.617
G1 X100.461 Y96.281 E.05683
;WIDTH:0.663454
G1 F580.145
G1 X100.69 Y96.179 E.07183
G1 X101.412 Y94.447 F7800
;WIDTH:0.449999
G1 F884.349
G1 X104.37 Y97.406 E.23611
G1 X104.946 Y97.406 E.25873
G1 X101.849 Y94.309 E.4307
G1 X102.3 Y94.184 E.44908
G1 X105.522 Y97.406 E.62799
G1 X106.097 Y97.406 E.65057
G1 X102.772 Y94.08 E.83523
G1 X103.257 Y93.99 E.8546
G1 X106.673 Y97.406 E1.04429
G1 X107.249 Y97.406 E1.06691
G1 X103.766 Y93.923 E1.26032
G1 X104.289 Y93.87 E1.28096
G1 X107.824 Y97.406 E1.47728
G1 X108.4 Y97.406 E1.4999
G1 X104.853 Y93.859 E1.69686
G1 X105.433 Y93.862 E1.71963
G1 X109.076 Y97.506 E1.92195
G1 X109.22 Y97.61 E1.92892
;WIDTH:0.41646
G1 F963.754
G1 X109.364 Y97.713 E1.9353
;WIDTH:0.38292
G1 F1058.823
G1 X109.712 Y98.085 E1.95201
;WIDTH:0.449999
G1 F884.349
G1 X109.943 Y98.373 E1.96651
G1 X116.144 Y104.573 E2.31081
G1 X116.199 Y104.39 E2.31831
;WIDTH:0.41646
G1 F963.754
G1 X116.255 Y104.206 E2.32524
;WIDTH:0.38292
G1 F1058.823
G1 X116.266 Y104.247 E2.32663
G1 X116.195 Y104.266 E2.32904
G1 X116.214 Y104.195 E2.33145
;WIDTH:0.449999
G1 F884.349
G1 X116.094 Y103.948 E2.34223
G1 X106.052 Y93.906 E2.89985
G1 X106.707 Y93.985 E2.92575
G1 X116.022 Y103.301 E3.44303
G1 X115.878 Y102.58 E3.4719
G1 X107.406 Y94.109 E3.94231
G1 X107.447 Y93.961 E3.94834
;WIDTH:0.38292
G1 F1058.823
G1 X108.032 Y94.118 E3.9682
;WIDTH:0.449999
G1 F884.349
G1 X108.191 Y94.318 E3.97823
G1 X115.795 Y101.94 E4.40097
;WIDTH:0.41646
G1 F963.754
G1 X115.914 Y102.076 E4.40748
;WIDTH:0.38292
G1 F1058.823
G1 X115.882 Y101.964 E4.4113
G1 X115.588 Y101.18 F7800
G1 F1058.823
G1 X115.599 Y101.221 E4.41269
G1 X115.528 Y101.24 E4.4151
G1 X115.547 Y101.169 E4.41751
;WIDTH:0.41646
G1 F963.754
G1 X115.461 Y101.047 E4.42289
;WIDTH:0.449999
G1 F884.349
G1 X115.374 Y100.925 E4.42877
G1 X109.079 Y94.63 E4.77832
G1 X108.95 Y94.519 E4.785
;WIDTH:0.41646
G1 F963.754
G1 X108.821 Y94.409 E4.79111
;WIDTH:0.38292
G1 F1058.823
G1 X108.832 Y94.45 E4.7925
G1 X108.761 Y94.469 E4.79491
G1 X108.78 Y94.398 E4.79732
G1 X109.835 Y94.857 F7800
G1 F1058.823
G1 X109.816 Y94.928 E4.79973
G1 X109.887 Y94.909 E4.80214
G1 X109.876 Y94.868 E4.80353
;WIDTH:0.41646
G1 F963.754
G1 X110.005 Y94.989 E4.8099
;WIDTH:0.449999
G1 F884.349
G1 X114.89 Y99.866 E5.08093
G1 X114.987 Y99.988 E5.08705
;WIDTH:0.41646
G1 F963.754
G1 X115.083 Y100.11 E5.09264
;WIDTH:0.38292
G1 F1058.823
G1 X115.064 Y100.181 E5.09505
G1 X115.135 Y100.162 E5.09746
G1 X115.124 Y100.121 E5.09885
G92 E0
G1 X113.845 Y98.226 F7800
;WIDTH:0.519859
G1 F754.813
G1 X113.514 Y97.864 E.02257
;WIDTH:0.562648
G1 F692.67
G1 X113.182 Y97.502 E.04719
G1 X112.498 Y96.818 E.09568
G1 X112.137 Y96.488 E.1202
;WIDTH:0.519735
G1 F755.01
G1 X111.776 Y96.157 E.14273
;LAYER_CHANGE
;Z:1.15
;HEIGHT:0.2
G92 E0
G1 Z1.15 F7800
G1 X113.246 Y105
;TYPE:Perimeter
;WIDTH:0.449999
G1 F884.349
G1 X113.246 Y105.166 E.00652
G1 X113.123 Y105.509 E.02083
G1 X109.502 Y111.78 E.30516
G1 X109.267 Y112.058 E.31945
G1 X108.979 Y112.224 E.3325
G1 X108.621 Y112.289 E.34679
G1 X101.379 Y112.289 E.63114
G1 X101.031 Y112.228 E.64501
G1 X100.735 Y112.059 E.65839
G1 X100.498 Y111.78 E.67276
G1 X96.877 Y105.509 E.95709
G1 X96.755 Y105.168 E.97131
G1 X96.753 Y104.845 E.98399
G1 X96.877 Y104.491 E.99872
G1 X100.498 Y98.22 E1.28305
G1 X100.733 Y97.942 E1.29734
G1 X101.032 Y97.772 E1.31085
G1 X101.379 Y97.711 E1.32468
G1 X108.621 Y97.711 E1.60903
G1 X108.969 Y97.772 E1.6229
G1 X109.322 Y97.991 E1.63921
G1 X109.502 Y98.22 E1.65065
G1 X113.123 Y104.491 E1.93498
G1 X113.245 Y104.832 E1.9492
G1 X113.245 Y104.94 E1.95344
G1 X112.847 Y104.995 F7800
G1 F884.349
G1 X112.852 Y105.013 E1.95417
G1 X112.77 Y105.305 E1.96608
G1 X109.15 Y111.577 E2.25042
G1 X108.926 Y111.8 E2.26283
G1 X108.621 Y111.882 E2.27523
G1 X101.379 Y111.882 E2.55958
G1 X101.074 Y111.801 E2.57197
G1 X100.866 Y111.603 E2.58325
G1 X100.483 Y110.94 E2.61331
G1 X97.23 Y105.305 E2.86879
G1 X97.148 Y104.999 E2.88123
G1 X97.23 Y104.695 E2.89359
G1 X100.85 Y98.423 E3.17793
G1 X101.074 Y98.2 E3.19034
G1 X101.379 Y98.118 E3.20274
G1 X108.621 Y98.118 E3.48709
G1 X108.926 Y98.199 E3.49948
G1 X109.134 Y98.397 E3.51076
G1 X112.77 Y104.695 E3.7963
G1 X112.833 Y104.937 E3.80612
G1 X112.429 Y105 F7800
;TYPE:External perimeter
G1 F884.349
G1 X112.435 Y105.063 E3.8086
G1 X108.797 Y111.373 E4.09459
G1 X108.674 Y111.468 E4.10069
M73 P9 R34
M73 Q9 S34
G1 X101.379 Y111.475 E4.38713
G1 X101.226 Y111.406 E4.39372
G1 X100.835 Y110.736 E4.42418
G1 X97.582 Y105.102 E4.67962
G1 X97.557 Y104.969 E4.68493
G1 X101.203 Y98.627 E4.97216
G1 X101.337 Y98.529 E4.97868
G1 X108.621 Y98.525 E5.26468
G1 X108.774 Y98.594 E5.27127
G1 X112.418 Y104.898 E5.55717
G1 X112.422 Y104.94 E5.55883
G1 X112.282 Y105.315 F7800
G92 E0
G1 X94.077 Y108.429
;TYPE:Perimeter
G1 F884.349
G1 X93.931 Y107.966 E.01906
G1 X93.724 Y107.036 E.05647
G1 X93.639 Y106.507 E.07751
G1 X93.557 Y105.576 E.11421
G1 X93.54 Y105.036 E.13542
G1 X93.55 Y104.511 E.15604
G1 X93.638 Y103.504 E.19573
G1 X93.803 Y102.569 E.23301
G1 X93.927 Y102.044 E.25419
G1 X94.204 Y101.166 E.29034
G1 X94.395 Y100.657 E.31169
G1 X94.609 Y100.167 E.33268
G1 X95.049 Y99.321 E.37012
G1 X95.329 Y98.852 E.39157
G1 X95.856 Y98.097 E.42772
G1 X96.192 Y97.669 E.44909
G1 X96.543 Y97.266 E.47007
G1 X97.258 Y96.551 E.50977
G1 X98.024 Y95.908 E.54904
G1 X98.843 Y95.335 E.58829
G1 X99.672 Y94.856 E.62588
G1 X100.146 Y94.618 E.64671
G1 X101.08 Y94.231 E.68641
G1 X102.034 Y93.931 E.72568
G1 X103.01 Y93.714 E.76494
G1 X103.945 Y93.591 E.80197
G1 X104.489 Y93.551 E.82339
G1 X105.408 Y93.55 E.85947
G1 X105.952 Y93.58 E.88086
G1 X106.485 Y93.636 E.9019
G1 X107.48 Y93.812 E.94157
G1 X108.398 Y94.058 E.97889
G1 X108.909 Y94.227 E1.00002
G1 X109.804 Y94.598 E1.03806
G1 X110.282 Y94.829 E1.05891
G1 X111.091 Y95.296 E1.09559
G1 X111.543 Y95.592 E1.1168
G1 X111.968 Y95.901 E1.13743
G1 X112.742 Y96.551 E1.17712
G1 X113.449 Y97.258 E1.21638
G1 X114.092 Y98.024 E1.25565
G1 X114.665 Y98.843 E1.2949
G1 X115.137 Y99.659 E1.33191
G1 X115.382 Y100.146 E1.35332
G1 X115.769 Y101.08 E1.39302
G1 X116.069 Y102.034 E1.43229
G1 X116.288 Y103.021 E1.47199
G1 X116.366 Y103.549 E1.49295
G1 X116.449 Y104.526 E1.53145
G1 X116.45 Y105.465 E1.56832
G1 X116.418 Y105.988 E1.58889
G1 X116.297 Y106.908 E1.62532
G1 X116.197 Y107.439 E1.64654
G1 X116.073 Y107.955 E1.66738
G1 X115.769 Y108.92 E1.70711
G1 X115.408 Y109.791 E1.74413
G1 X115.17 Y110.282 E1.76555
G1 X114.712 Y111.078 E1.80161
G1 X114.414 Y111.535 E1.82303
G1 X114.099 Y111.968 E1.84405
G1 X113.449 Y112.742 E1.88374
G1 X112.742 Y113.449 E1.923
G1 X111.976 Y114.092 E1.96227
G1 X111.157 Y114.665 E2.00152
G1 X110.292 Y115.165 E2.04075
G1 X109.426 Y115.569 E2.07827
G1 X108.93 Y115.765 E2.09921
G1 X108.015 Y116.054 E2.13689
G1 X107.492 Y116.186 E2.15807
G1 X106.496 Y116.362 E2.19778
G1 X105.5 Y116.449 E2.23704
G1 X104.5 Y116.449 E2.2763
G1 X103.504 Y116.362 E2.31556
G1 X102.572 Y116.197 E2.35272
G1 X102.045 Y116.073 E2.37398
G1 X101.081 Y115.769 E2.41367
G1 X100.196 Y115.402 E2.45129
G1 X99.718 Y115.171 E2.47214
G1 X98.909 Y114.704 E2.50882
G1 X98.457 Y114.408 E2.53003
G1 X98.032 Y114.099 E2.55066
G1 X97.258 Y113.449 E2.59035
G1 X96.551 Y112.742 E2.62961
G1 X95.908 Y111.976 E2.66888
G1 X95.335 Y111.157 E2.70813
G1 X94.863 Y110.341 E2.74514
G1 X94.618 Y109.854 E2.76655
G1 X94.231 Y108.92 E2.80625
G1 X94.095 Y108.486 E2.82411
G1 X93.691 Y108.56 F7800
G1 F884.349
G1 X93.537 Y108.071 E2.84424
G1 X93.311 Y107.054 E2.88515
G1 X93.235 Y106.556 E2.90493
G1 X93.146 Y105.548 E2.94466
G1 X93.143 Y104.489 E2.98624
G1 X93.234 Y103.451 E3.02715
G1 X93.415 Y102.425 E3.06806
G1 X93.535 Y101.935 E3.08787
G1 X93.838 Y100.97 E3.12758
G1 X94.241 Y99.991 E3.16915
G1 X94.726 Y99.06 E3.21037
G1 X94.987 Y98.629 E3.23015
G1 X95.567 Y97.8 E3.26988
G1 X96.246 Y96.987 E3.31147
G1 X96.983 Y96.251 E3.35237
G1 X97.776 Y95.585 E3.39303
G1 X98.624 Y94.991 E3.43368
G1 X99.526 Y94.47 E3.47458
G1 X99.978 Y94.247 E3.49437
G1 X100.941 Y93.848 E3.5353
G1 X101.929 Y93.537 E3.57597
G1 X102.939 Y93.313 E3.61659
G1 X103.973 Y93.177 E3.65754
G1 X104.476 Y93.144 E3.67733
G1 X105.487 Y93.143 E3.71703
G1 X106.542 Y93.233 E3.7586
G1 X107.569 Y93.414 E3.79955
G1 X108.575 Y93.684 E3.84045
G1 X109.053 Y93.846 E3.86027
G1 X110.022 Y94.247 E3.90145
G1 X110.474 Y94.47 E3.92124
G1 X110.925 Y94.73 E3.94168
G1 X111.403 Y95.01 E3.96343
G1 X111.846 Y95.307 E3.98437
G1 X112.378 Y95.714 E4.01067
G1 X113.088 Y96.321 E4.04735
G1 X113.816 Y97.062 E4.08814
G1 X114.476 Y97.863 E4.12889
G1 X115.063 Y98.718 E4.16961
G1 X115.566 Y99.599 E4.20944
G1 X115.784 Y100.053 E4.22921
G1 X116.183 Y101.042 E4.27108
G1 X116.485 Y102.028 E4.31157
G1 X116.699 Y103.017 E4.3513
G1 X116.771 Y103.513 E4.37098
G1 X116.856 Y104.516 E4.4105
G1 X116.856 Y105.518 E4.44984
G1 X116.823 Y106.028 E4.46991
G1 X116.692 Y107.03 E4.50959
G1 X116.465 Y108.065 E4.55119
G1 X116.152 Y109.059 E4.59211
G1 X115.753 Y110.022 E4.63304
G1 X115.53 Y110.474 E4.65283
G1 X115.025 Y111.35 E4.69253
G1 X114.419 Y112.219 E4.73413
G1 X113.749 Y113.017 E4.77504
G1 X113.017 Y113.75 E4.81571
G1 X112.224 Y114.415 E4.85635
G1 X111.376 Y115.009 E4.897
G1 X110.48 Y115.526 E4.93762
G1 X109.535 Y115.967 E4.97857
G1 X109.065 Y116.15 E4.99837
G1 X108.065 Y116.465 E5.03954
G1 X107.575 Y116.585 E5.05935
G1 X106.549 Y116.766 E5.10026
G1 X105.518 Y116.856 E5.1409
G1 X104.482 Y116.856 E5.18158
G1 X103.451 Y116.766 E5.22222
G1 X102.425 Y116.585 E5.26313
G1 X101.935 Y116.465 E5.28294
G1 X100.941 Y116.152 E5.32386
G1 X99.978 Y115.753 E5.36479
G1 X99.526 Y115.53 E5.38458
G1 X98.65 Y115.025 E5.42428
G1 X97.781 Y114.419 E5.46588
G1 X96.983 Y113.75 E5.50677
G1 X96.251 Y113.017 E5.54744
G1 X95.585 Y112.224 E5.5881
G1 X94.991 Y111.376 E5.62875
G1 X94.47 Y110.474 E5.66965
G1 X94.247 Y110.022 E5.68944
G1 X93.848 Y109.059 E5.73037
G1 X93.709 Y108.617 E5.74856
G1 X93.305 Y108.69 F7800
;TYPE:External perimeter
G1 F884.349
G1 X93.143 Y108.177 E5.76968
G1 X92.911 Y107.129 E5.81183
G1 X92.83 Y106.605 E5.83265
G1 X92.739 Y105.571 E5.87341
G1 X92.725 Y105 E5.89584
G1 X92.737 Y104.467 E5.91677
G1 X92.83 Y103.398 E5.9589
G1 X93.017 Y102.341 E6.00105
G1 X93.143 Y101.825 E6.02191
G1 X93.454 Y100.836 E6.06262
G1 X93.66 Y100.302 E6.08509
G1 X93.874 Y99.815 E6.10598
G1 X94.371 Y98.86 E6.14825
G1 X94.646 Y98.407 E6.16906
G1 X95.24 Y97.557 E6.20978
G1 X95.597 Y97.11 E6.23224
G1 X95.948 Y96.709 E6.25316
G1 X96.707 Y95.95 E6.29531
G1 X97.528 Y95.262 E6.33737
G1 X98.405 Y94.648 E6.37941
G1 X99.334 Y94.111 E6.42154
G1 X99.81 Y93.876 E6.44238
G1 X100.802 Y93.465 E6.48454
G1 X101.823 Y93.143 E6.52658
G1 X102.869 Y92.912 E6.56864
G1 X103.933 Y92.772 E6.61078
G1 X104.462 Y92.737 E6.6316
G1 X105.499 Y92.736 E6.67232
G1 X106.07 Y92.772 E6.69478
G1 X106.6 Y92.83 E6.71571
G1 X107.657 Y93.016 E6.75785
G1 X108.693 Y93.294 E6.79997
G1 X109.196 Y93.465 E6.82083
G1 X110.19 Y93.876 E6.86306
G1 X110.666 Y94.111 E6.8839
G1 X111.128 Y94.377 E6.90483
G1 X111.628 Y94.671 E6.9276
G1 X112.087 Y94.979 E6.9493
G1 X112.64 Y95.402 E6.97664
G1 X113.375 Y96.033 E7.01468
G1 X114.128 Y96.8 E7.05688
G1 X114.81 Y97.63 E7.09906
G1 X115.416 Y98.514 E7.14114
G1 X115.931 Y99.419 E7.18203
G1 X116.16 Y99.897 E7.20284
G1 X116.572 Y100.919 E7.24611
G1 X116.882 Y101.94 E7.28801
G1 X117.102 Y102.955 E7.32879
G1 X117.177 Y103.477 E7.3495
G1 X117.263 Y104.505 E7.39
G1 X117.263 Y105.535 E7.43044
G1 X117.228 Y106.067 E7.45137
G1 X117.094 Y107.096 E7.49211
G1 X116.984 Y107.657 E7.51456
G1 X116.857 Y108.175 E7.5355
G1 X116.535 Y109.198 E7.57761
G1 X116.124 Y110.19 E7.61977
G1 X115.889 Y110.666 E7.64061
G1 X115.371 Y111.564 E7.68132
G1 X115.055 Y112.041 E7.70379
G1 X114.74 Y112.471 E7.72472
G1 X114.05 Y113.293 E7.76686
G1 X113.293 Y114.05 E7.8089
G1 X112.472 Y114.738 E7.85096
G1 X111.595 Y115.352 E7.893
G1 X110.668 Y115.888 E7.93504
G1 X109.695 Y116.341 E7.97718
G1 X109.201 Y116.534 E7.998
G1 X108.175 Y116.857 E8.04023
G1 X107.659 Y116.983 E8.06109
G1 X106.602 Y117.17 E8.10324
G1 X105.535 Y117.263 E8.14529
G1 X104.465 Y117.263 E8.1873
G1 X103.398 Y117.17 E8.22935
G1 X102.341 Y116.983 E8.2715
M73 P9 R33
G1 X101.825 Y116.857 E8.29236
G1 X100.802 Y116.535 E8.33447
G1 X99.81 Y116.124 E8.37663
G1 X99.334 Y115.889 E8.39747
G1 X98.436 Y115.371 E8.43818
G1 X97.959 Y115.055 E8.46065
G1 X97.529 Y114.74 E8.48158
G1 X96.707 Y114.05 E8.52372
G1 X95.95 Y113.293 E8.56576
G1 X95.262 Y112.472 E8.60782
G1 X94.648 Y111.595 E8.64986
G1 X94.111 Y110.666 E8.69199
G1 X93.876 Y110.19 E8.71283
G1 X93.465 Y109.198 E8.75499
G1 X93.323 Y108.748 E8.77352
G1 X93.203 Y108.366 F7800
;LAYER_CHANGE
;Z:1.35
;HEIGHT:0.2
G92 E0
G1 Z1.35 F7800
G1 X113.239 Y105
;TYPE:Perimeter
G1 F884.349
G1 X113.23 Y105.241 E.00947
G1 X112.98 Y105.756 E.03195
G1 X109.502 Y111.78 E.30507
G1 X109.267 Y112.058 E.31936
G1 X108.906 Y112.248 E.33538
G1 X108.621 Y112.289 E.34669
G1 X101.379 Y112.289 E.63104
G1 X101.072 Y112.242 E.64323
G1 X100.832 Y112.13 E.65363
G1 X100.615 Y111.943 E.66488
G1 X100.339 Y111.506 E.68517
G1 X96.877 Y105.509 E.95706
G1 X96.756 Y105.179 E.97086
G1 X96.753 Y104.845 E.98397
G1 X96.877 Y104.491 E.9987
G1 X100.498 Y98.22 E1.28303
G1 X100.733 Y97.942 E1.29732
G1 X101.032 Y97.772 E1.31083
G1 X101.379 Y97.711 E1.32466
M73 Q9 S33
G1 X108.621 Y97.711 E1.60901
G1 X108.812 Y97.729 E1.61654
G1 X109.149 Y97.858 E1.63071
G1 X109.339 Y98.007 E1.64019
G1 X109.663 Y98.498 E1.66329
G1 X113.123 Y104.491 E1.935
G1 X113.246 Y104.834 E1.94931
G1 X113.242 Y104.94 E1.95348
G1 X112.851 Y105.005 F7800
G1 F884.349
G1 X112.77 Y105.305 E1.96568
G1 X109.15 Y111.577 E2.25002
G1 X108.926 Y111.8 E2.26243
G1 X108.621 Y111.882 E2.27483
G1 X101.379 Y111.882 E2.55918
G1 X101.097 Y111.813 E2.57058
M73 P10 R33
M73 Q10 S33
G1 X100.921 Y111.675 E2.57936
G1 X97.23 Y105.305 E2.86843
G1 X97.148 Y104.998 E2.88091
G1 X97.23 Y104.695 E2.89324
G1 X100.85 Y98.423 E3.17758
G1 X101.074 Y98.2 E3.18999
G1 X101.379 Y98.118 E3.20239
G1 X108.621 Y98.118 E3.48674
G1 X108.938 Y98.207 E3.49967
G1 X109.15 Y98.423 E3.51155
G1 X112.77 Y104.695 E3.79589
G1 X112.838 Y104.947 E3.80614
G1 X112.429 Y105 F7800
;TYPE:External perimeter
G1 F884.349
G1 X112.435 Y105.063 E3.80862
G1 X112.047 Y105.745 E3.83943
G1 X108.797 Y111.373 E4.09461
G1 X108.663 Y111.471 E4.10113
G1 X101.379 Y111.475 E4.38713
G1 X101.226 Y111.406 E4.39372
G1 X97.582 Y105.102 E4.67962
G1 X97.557 Y104.969 E4.68493
G1 X97.965 Y104.234 E4.71794
G1 X101.203 Y98.627 E4.97217
G1 X101.337 Y98.529 E4.97869
G1 X102.532 Y98.525 E5.02561
G1 X108.621 Y98.525 E5.26469
G1 X108.764 Y98.584 E5.27076
G1 X112.418 Y104.898 E5.5572
G1 X112.422 Y104.94 E5.55886
G1 X112.283 Y105.315 F7800
G92 E0
G1 X94.077 Y108.429
;TYPE:Perimeter
G1 F884.349
G1 X93.931 Y107.966 E.01906
G1 X93.724 Y107.036 E.05647
G1 X93.639 Y106.506 E.07755
G1 X93.554 Y105.555 E.11504
G1 X93.55 Y104.511 E.15603
G1 X93.638 Y103.504 E.19572
G1 X93.803 Y102.569 E.233
G1 X93.927 Y102.044 E.25418
G1 X94.213 Y101.133 E.29167
G1 X94.609 Y100.167 E.33266
G1 X95.049 Y99.321 E.3701
G1 X95.329 Y98.851 E.39158
G1 X95.875 Y98.068 E.42906
G1 X96.543 Y97.266 E.47004
G1 X97.258 Y96.551 E.50974
G1 X98.024 Y95.908 E.54901
G1 X98.843 Y95.335 E.58826
G1 X99.672 Y94.856 E.62585
G1 X100.146 Y94.618 E.64668
G1 X101.08 Y94.231 E.68638
G1 X102.034 Y93.931 E.72565
G1 X103.01 Y93.714 E.76491
G1 X103.945 Y93.591 E.80194
G1 X104.49 Y93.551 E.8234
G1 X105.444 Y93.55 E.86086
G1 X106.485 Y93.636 E.90187
G1 X107.48 Y93.812 E.94154
G1 X108.447 Y94.071 E.98085
G1 X109.334 Y94.392 E1.01789
G1 X109.835 Y94.61 E1.03934
G1 X110.694 Y95.057 E1.07736
G1 X111.149 Y95.329 E1.09817
G1 X111.932 Y95.875 E1.13565
G1 X112.734 Y96.543 E1.17663
G1 X113.449 Y97.258 E1.21633
G1 X114.092 Y98.024 E1.2556
G1 X114.665 Y98.843 E1.29485
G1 X115.137 Y99.659 E1.33186
G1 X115.382 Y100.146 E1.35327
G1 X115.769 Y101.08 E1.39297
G1 X116.069 Y102.034 E1.43224
G1 X116.288 Y103.021 E1.47194
G1 X116.366 Y103.549 E1.4929
G1 X116.449 Y104.571 E1.53316
G1 X116.449 Y105.458 E1.56799
G1 X116.418 Y105.988 E1.58884
G1 X116.294 Y106.935 E1.62634
G1 X116.073 Y107.955 E1.66732
G1 X115.769 Y108.92 E1.70705
G1 X115.408 Y109.791 E1.74407
G1 X115.171 Y110.282 E1.76548
G1 X114.665 Y111.157 E1.80517
G1 X114.092 Y111.976 E1.84442
G1 X113.449 Y112.742 E1.88369
G1 X112.742 Y113.449 E1.92295
G1 X111.976 Y114.092 E1.96222
G1 X111.157 Y114.665 E2.00147
G1 X110.328 Y115.144 E2.03906
G1 X109.854 Y115.382 E2.05989
G1 X108.919 Y115.769 E2.09962
G1 X108.015 Y116.054 E2.13684
G1 X107.492 Y116.186 E2.15802
G1 X106.496 Y116.362 E2.19773
G1 X105.5 Y116.449 E2.23699
G1 X104.5 Y116.449 E2.27625
G1 X103.56 Y116.367 E2.3133
G1 X103.02 Y116.288 E2.33473
G1 X102.088 Y116.083 E2.3722
G1 X101.091 Y115.773 E2.4132
G1 X100.157 Y115.386 E2.4529
G1 X99.27 Y114.925 E2.49215
G1 X98.427 Y114.387 E2.53142
G1 X97.633 Y113.778 E2.57071
G1 X96.936 Y113.142 E2.60776
G1 X96.557 Y112.749 E2.6292
G1 X95.908 Y111.976 E2.66883
G1 X95.335 Y111.157 E2.70808
G1 X94.863 Y110.341 E2.74509
G1 X94.618 Y109.854 E2.7665
G1 X94.231 Y108.92 E2.8062
G1 X94.095 Y108.486 E2.82406
G1 X93.691 Y108.56 F7800
G1 F884.349
G1 X93.537 Y108.072 E2.84415
G1 X93.311 Y107.054 E2.88509
G1 X93.235 Y106.555 E2.90491
G1 X93.148 Y105.579 E2.94338
G1 X93.132 Y104.998 E2.9662
G1 X93.143 Y104.489 E2.98619
G1 X93.234 Y103.451 E3.0271
G1 X93.415 Y102.425 E3.06801
G1 X93.535 Y101.935 E3.08782
G1 X93.829 Y100.999 E3.12634
G1 X94.036 Y100.457 E3.14912
G1 X94.241 Y99.991 E3.16911
G1 X94.726 Y99.06 E3.21033
G1 X94.988 Y98.629 E3.23013
G1 X95.549 Y97.825 E3.26862
G1 X95.91 Y97.37 E3.29143
G1 X96.246 Y96.987 E3.31144
G1 X96.983 Y96.251 E3.35234
G1 X97.776 Y95.585 E3.393
G1 X98.624 Y94.991 E3.43365
G1 X99.526 Y94.47 E3.47455
G1 X99.978 Y94.247 E3.49434
G1 X101.033 Y93.819 E3.53904
G1 X102.028 Y93.515 E3.57989
G1 X103.044 Y93.299 E3.62067
G1 X104.053 Y93.172 E3.6606
G1 X104.555 Y93.144 E3.68034
G1 X105.533 Y93.147 E3.71874
G1 X106.096 Y93.184 E3.74089
G1 X106.621 Y93.247 E3.76165
G1 X107.669 Y93.441 E3.8035
G1 X108.661 Y93.715 E3.84391
G1 X109.545 Y94.04 E3.88089
G1 X110.075 Y94.276 E3.90367
G1 X111.02 Y94.775 E3.94563
G1 X111.652 Y95.184 E3.97519
G1 X112.226 Y95.59 E4.0028
G1 X112.67 Y95.945 E4.02512
G1 X113.065 Y96.298 E4.04592
G1 X113.816 Y97.062 E4.08798
G1 X114.476 Y97.863 E4.12873
G1 X115.063 Y98.718 E4.16945
G1 X115.566 Y99.599 E4.20928
G1 X115.784 Y100.053 E4.22905
G1 X116.183 Y101.042 E4.27092
G1 X116.485 Y102.028 E4.31141
G1 X116.699 Y103.017 E4.35114
G1 X116.771 Y103.514 E4.37086
G1 X116.856 Y104.571 E4.4125
G1 X116.856 Y105.525 E4.44996
G1 X116.823 Y106.028 E4.46975
G1 X116.697 Y107 E4.50823
G1 X116.586 Y107.57 E4.53103
G1 X116.465 Y108.065 E4.55104
G1 X116.152 Y109.059 E4.59196
G1 X115.753 Y110.022 E4.63289
G1 X115.53 Y110.474 E4.65268
G1 X115.009 Y111.376 E4.69358
G1 X114.415 Y112.224 E4.73423
G1 X113.749 Y113.017 E4.77489
G1 X113.017 Y113.75 E4.81556
G1 X112.224 Y114.415 E4.8562
G1 X111.376 Y115.009 E4.89685
G1 X110.474 Y115.53 E4.93775
G1 X110.022 Y115.753 E4.95754
G1 X109.059 Y116.152 E4.99847
G1 X108.065 Y116.465 E5.03939
G1 X107.575 Y116.585 E5.0592
G1 X106.549 Y116.766 E5.10011
G1 X105.518 Y116.856 E5.14075
G1 X104.482 Y116.856 E5.18143
G1 X103.444 Y116.765 E5.22234
G1 X102.946 Y116.688 E5.24213
G1 X101.988 Y116.478 E5.28064
G1 X101.43 Y116.318 E5.30343
G1 X100.948 Y116.154 E5.32342
G1 X99.985 Y115.755 E5.36435
G1 X99.066 Y115.277 E5.40502
G1 X98.193 Y114.721 E5.44566
G1 X97.371 Y114.091 E5.48632
G1 X96.653 Y113.434 E5.52453
G1 X96.254 Y113.022 E5.54705
G1 X95.585 Y112.224 E5.58794
G1 X94.991 Y111.376 E5.62859
G1 X94.47 Y110.474 E5.66949
G1 X94.247 Y110.022 E5.68928
G1 X93.848 Y109.059 E5.73021
G1 X93.709 Y108.617 E5.7484
G1 X93.305 Y108.69 F7800
;TYPE:External perimeter
G1 F884.349
G1 X93.143 Y108.177 E5.76952
G1 X92.911 Y107.129 E5.81167
G1 X92.83 Y106.604 E5.83253
G1 X92.741 Y105.602 E5.87203
G1 X92.725 Y104.999 E5.89571
G1 X92.737 Y104.467 E5.9166
G1 X92.83 Y103.398 E5.95873
G1 X93.017 Y102.341 E6.00088
G1 X93.143 Y101.825 E6.02174
G1 X93.444 Y100.865 E6.06124
G1 X93.66 Y100.302 E6.08492
G1 X93.874 Y99.815 E6.10581
G1 X94.371 Y98.86 E6.14808
G1 X94.646 Y98.407 E6.16889
G1 X95.222 Y97.582 E6.2084
G1 X95.597 Y97.109 E6.2321
G1 X95.948 Y96.709 E6.253
G1 X96.707 Y95.95 E6.29515
G1 X97.528 Y95.262 E6.33721
G1 X98.405 Y94.648 E6.37925
G1 X99.334 Y94.111 E6.42138
G1 X99.81 Y93.876 E6.44222
G1 X100.91 Y93.431 E6.48881
G1 X101.94 Y93.118 E6.53108
G1 X102.991 Y92.896 E6.57326
G1 X104.027 Y92.765 E6.61426
G1 X104.555 Y92.737 E6.63502
G1 X105.558 Y92.741 E6.6744
G1 X106.14 Y92.779 E6.6973
G1 X106.692 Y92.846 E6.71913
G1 X107.774 Y93.048 E6.76235
G1 X108.799 Y93.332 E6.80411
G1 X109.707 Y93.667 E6.84211
G1 X110.263 Y93.915 E6.86601
G1 X111.231 Y94.427 E6.90901
G1 X111.885 Y94.85 E6.93959
G1 X112.48 Y95.271 E6.96821
G1 X112.938 Y95.639 E6.99128
G1 X113.353 Y96.01 E7.01314
G1 X114.128 Y96.8 E7.05659
G1 X114.81 Y97.63 E7.09877
G1 X115.416 Y98.514 E7.14085
G1 X115.931 Y99.419 E7.18174
G1 X116.16 Y99.897 E7.20255
G1 X116.572 Y100.919 E7.24582
G1 X116.882 Y101.94 E7.28772
G1 X117.102 Y102.955 E7.3285
G1 X117.177 Y103.478 E7.34925
G1 X117.263 Y104.571 E7.3923
G1 X117.263 Y105.538 E7.43027
G1 X117.228 Y106.068 E7.45113
G1 X117.099 Y107.065 E7.4906
G1 X116.984 Y107.657 E7.51428
G1 X116.857 Y108.175 E7.53522
G1 X116.535 Y109.198 E7.57733
G1 X116.124 Y110.19 E7.61949
G1 X115.889 Y110.666 E7.64033
G1 X115.352 Y111.595 E7.68246
G1 X114.738 Y112.472 E7.7245
G1 X114.05 Y113.293 E7.76656
G1 X113.293 Y114.05 E7.8086
G1 X112.472 Y114.738 E7.85066
G1 X111.595 Y115.352 E7.8927
G1 X110.666 Y115.889 E7.93483
G1 X110.19 Y116.124 E7.95567
G1 X109.198 Y116.535 E7.99783
G1 X108.175 Y116.857 E8.03994
G1 X107.659 Y116.983 E8.0608
G1 X106.602 Y117.17 E8.10295
G1 X105.535 Y117.263 E8.145
G1 X104.465 Y117.263 E8.18701
G1 X103.395 Y117.17 E8.22918
G1 X102.871 Y117.089 E8.25
G1 X101.888 Y116.872 E8.28953
G1 X101.308 Y116.707 E8.31321
G1 X100.804 Y116.535 E8.33412
G1 X99.812 Y116.125 E8.37627
G1 X98.863 Y115.63 E8.4183
G1 X97.959 Y115.055 E8.46037
G1 X97.11 Y114.403 E8.5024
G1 X96.369 Y113.726 E8.54181
G1 X95.951 Y113.294 E8.56541
G1 X95.262 Y112.472 E8.60752
G1 X94.648 Y111.595 E8.64956
G1 X94.111 Y110.666 E8.69169
G1 X93.876 Y110.19 E8.71253
G1 X93.465 Y109.198 E8.75469
G1 X93.323 Y108.748 E8.77322
G1 X93.203 Y108.366 F7800
G92 E0
G1 X96.476 Y105.317
;TYPE:Internal infill
;WIDTH:0.45
;HEIGHT:0.4
G1 F494.289
G1 X96.451 Y104.793 E.03685
G1 X96.584 Y104.39 E.06666
G1 X97.328 Y103.1 E.17127
G1 X97.138 Y103.014 E.18592
G1 X96.483 Y103.003 E.23194
G1 X96.155 Y103.137 E.25683
G1 X95.173 Y104.069 E.35194
G1 X94.517 Y104.365 E.4025
G1 X93.868 Y104.376 E.4481
G1 X93.859 Y105.531 E.52924
G1 X93.985 Y106.745 E.61498
G1 X94.517 Y106.986 E.65601
G1 X95.173 Y106.997 E.7021
G1 X95.5 Y106.863 E.72693
G1 X96.483 Y105.931 E.82209
G1 X96.71 Y105.828 E.8396
G1 X97.931 Y107.944 E1.01122
G92 E0
G1 X100.054 Y111.622 F7800
M73 P11 R33
M73 Q11 S33
G1 F494.289
G1 X98.833 Y109.507 E.17156
G1 X98.448 Y109.205 E.20593
G1 X97.793 Y108.552 E.2709
G1 X97.138 Y108.255 E.32142
G1 X96.483 Y108.244 E.36744
G1 X96.155 Y108.378 E.39233
G1 X95.173 Y109.31 E.48744
G1 X94.794 Y109.481 E.51665
G1 X95.593 Y110.993 E.63679
G1 X96.033 Y111.621 E.69066
G1 X96.483 Y111.172 E.73532
G1 X97.138 Y110.876 E.78581
G1 X97.793 Y110.865 E.83183
G1 X98.121 Y110.999 E.85672
G1 X99.104 Y111.931 E.95188
G1 X99.759 Y112.227 E1.00237
G1 X100.462 Y112.219 E1.05176
G1 X100.976 Y112.532 E1.09404
G1 X101.374 Y112.594 E1.12234
G1 X108.627 Y112.594 E1.63186
G1 X108.991 Y112.542 E1.65769
G1 X109.283 Y112.418 E1.67998
G1 X109.726 Y111.995 E1.72301
G1 X110.241 Y112.227 E1.76269
G1 X110.896 Y112.238 E1.80871
G1 X111.224 Y112.104 E1.8336
G1 X112.207 Y111.172 E1.92876
G1 X112.862 Y110.876 E1.97925
G1 X113.517 Y110.865 E2.02527
G1 X113.845 Y110.999 E2.05016
G1 X114.193 Y111.299 E2.08244
G1 X114.414 Y110.982 E2.10959
G1 X115.151 Y109.612 E2.21887
G1 X114.827 Y109.618 E2.24163
G1 X114.5 Y109.484 E2.26646
G1 X113.517 Y108.552 E2.36162
G1 X112.862 Y108.255 E2.41214
G1 X112.207 Y108.244 E2.45816
G1 X111.761 Y108.479 E2.49357
G1 X113.404 Y105.626 E2.72485
G1 X113.845 Y105.758 E2.75719
G1 X114.827 Y106.69 E2.8523
G1 X115.483 Y106.986 E2.90286
G1 X115.969 Y106.994 E2.93701
G1 X116.144 Y105.501 E3.04261
G1 X116.106 Y104.083 E3.14226
G1 X115.483 Y104.365 E3.1903
G1 X114.827 Y104.376 E3.23639
G1 X114.5 Y104.242 E3.26122
G1 X113.517 Y103.31 E3.35638
G1 X112.862 Y103.014 E3.40687
G1 X112.62 Y103.01 E3.42387
G1 X111.619 Y101.276 E3.56452
G1 X112.207 Y100.69 E3.62284
G1 X112.862 Y100.393 E3.67336
G1 X113.517 Y100.382 E3.71938
G1 X113.845 Y100.516 E3.74427
G1 X114.827 Y101.448 E3.83938
G1 X115.483 Y101.745 E3.88997
G1 X115.659 Y101.748 E3.90234
G1 X115.104 Y100.272 E4.01312
G1 X114.261 Y98.798 E4.13241
G1 X113.517 Y98.069 E4.20558
G1 X112.862 Y97.773 E4.25607
G1 X112.207 Y97.762 E4.30209
G1 X111.879 Y97.896 E4.32698
G1 X110.896 Y98.828 E4.42214
G1 X110.349 Y99.076 E4.46433
G1 X109.557 Y97.793 E4.57025
G1 X109.23 Y97.553 E4.59874
G1 X108.727 Y97.413 E4.63542
G92 E0
G1 X101.888 Y94.297 F7800
G1 F494.289
G1 X103.063 Y94.015 E.08489
G1 X104.287 Y93.87 E.17148
G1 X105.502 Y93.859 E.25684
G1 X106.443 Y93.939 E.32318
G1 X107.414 Y94.11 E.39244
G1 X108.355 Y94.362 E.46087
G1 X109.714 Y94.891 E.56332
G1 X110.974 Y95.58 E.6642
G1 X111.622 Y96.032 E.7197
G1 X111.224 Y96.38 E.75684
G1 X110.896 Y96.514 E.78173
G1 X110.241 Y96.504 E.82775
G1 X109.586 Y96.207 E.87827
G1 X108.603 Y95.275 E.97343
G1 X108.276 Y95.141 E.99826
G1 X107.621 Y95.152 E1.04428
G1 X106.966 Y95.448 E1.09477
G1 X105.983 Y96.38 E1.18993
G1 X105.655 Y96.514 E1.21482
G1 X105 Y96.504 E1.26084
G1 X104.345 Y96.207 E1.31136
G1 X103.362 Y95.275 E1.40652
G1 X103.035 Y95.141 E1.43135
G1 X102.379 Y95.152 E1.47744
G1 X101.724 Y95.448 E1.52793
G1 X100.741 Y96.38 E1.62309
G1 X100.414 Y96.514 E1.64792
G1 X99.759 Y96.504 E1.69394
G1 X99.104 Y96.207 E1.74446
G1 X98.702 Y95.806 E1.78435
G1 X97.464 Y96.776 E1.89483
G1 X96.527 Y97.762 E1.99038
G1 X97.138 Y97.773 E2.03331
G1 X97.793 Y98.069 E2.0838
G1 X98.776 Y99.001 E2.17896
G1 X99.104 Y99.135 E2.20385
G1 X99.622 Y99.126 E2.24024
G1 X98.582 Y100.928 E2.3864
G1 X98.121 Y100.516 E2.42983
G1 X97.793 Y100.382 E2.45472
G1 X97.138 Y100.393 E2.50074
G1 X96.483 Y100.69 E2.55126
G1 X95.5 Y101.622 E2.64642
G1 X95.173 Y101.756 E2.67125
G1 X94.517 Y101.745 E2.71734
G1 X94.363 Y101.675 E2.72922
G1 X94.885 Y100.298 E2.83267
G1 X95.332 Y99.439 E2.9007
G92 E0
G1 X102.035 Y115.747 F7800
G1 F494.289
G1 X101.185 Y115.482 E.06255
G1 X99.772 Y114.842 E.17152
G1 X100.414 Y114.552 E.22101
G1 X101.397 Y113.62 E.31617
G1 X101.724 Y113.486 E.341
G1 X102.379 Y113.496 E.38702
G1 X103.035 Y113.793 E.43761
G1 X104.017 Y114.725 E.53272
G1 X104.345 Y114.859 E.55761
G1 X105 Y114.848 E.60363
G1 X105.655 Y114.552 E.65412
G1 X106.638 Y113.62 E.74928
G1 X106.966 Y113.486 E.77417
G1 X107.621 Y113.496 E.82019
G1 X108.276 Y113.793 E.87071
G1 X109.259 Y114.725 E.96587
G1 X109.586 Y114.859 E.9907
G1 X110.23 Y114.848 E1.03595
G1 X111.154 Y114.295 E1.1116
G1 X111.879 Y113.62 E1.18119
G1 X112.223 Y113.486 E1.20712
G1 X112.536 Y113.224 E1.23579
G1 X113.224 Y112.536 E1.30414
G1 X113.9 Y111.718 E1.37869
;LAYER_CHANGE
;Z:1.55
;HEIGHT:0.2
G92 E0
G1 Z1.55 F7800
G1 X113.239 Y105
;TYPE:Perimeter
;WIDTH:0.449999
G1 F884.349
G1 X113.23 Y105.241 E.00947
G1 X112.994 Y105.732 E.03086
G1 X109.502 Y111.78 E.30507
G1 X109.267 Y112.058 E.31936
G1 X108.979 Y112.224 E.33241
G1 X108.621 Y112.289 E.3467
G1 X101.379 Y112.289 E.63105
G1 X101.03 Y112.228 E.64496
G1 X100.751 Y112.073 E.65749
G1 X100.498 Y111.78 E.67269
G1 X96.877 Y105.509 E.95702
G1 X96.754 Y105.166 E.97133
G1 X96.754 Y104.834 E.98437
G1 X96.877 Y104.491 E.99868
G1 X100.498 Y98.22 E1.28301
G1 X100.733 Y97.942 E1.2973
G1 X101.032 Y97.772 E1.31081
G1 X101.379 Y97.711 E1.32464
G1 X108.621 Y97.711 E1.60899
G1 X108.97 Y97.772 E1.6229
G1 X109.319 Y97.988 E1.63902
G1 X109.502 Y98.22 E1.65062
G1 X113.123 Y104.491 E1.93495
G1 X113.246 Y104.834 E1.94926
G1 X113.242 Y104.94 E1.95343
G1 X112.851 Y105.005 F7800
G1 F884.349
G1 X112.77 Y105.305 E1.96563
G1 X109.15 Y111.577 E2.24997
G1 X108.926 Y111.8 E2.26238
G1 X108.621 Y111.882 E2.27478
G1 X101.379 Y111.882 E2.55913
G1 X101.075 Y111.801 E2.57148
G1 X100.866 Y111.603 E2.58278
G1 X97.23 Y105.305 E2.86832
G1 X97.148 Y105 E2.88072
G1 X97.23 Y104.695 E2.89312
G1 X100.85 Y98.423 E3.17746
G1 X101.074 Y98.2 E3.18987
G1 X101.379 Y98.118 E3.20227
G1 X108.621 Y98.118 E3.48662
G1 X108.925 Y98.199 E3.49897
G1 X109.134 Y98.397 E3.51027
G1 X112.77 Y104.695 E3.79581
G1 X112.838 Y104.947 E3.80606
M73 P12 R33
M73 Q12 S33
G1 X112.429 Y105 F7800
;TYPE:External perimeter
G1 F884.349
G1 X112.435 Y105.063 E3.80854
G1 X108.797 Y111.373 E4.09453
G1 X108.674 Y111.468 E4.10063
G1 X101.379 Y111.475 E4.38707
G1 X101.226 Y111.405 E4.39368
G1 X97.582 Y105.102 E4.67955
G1 X97.558 Y104.967 E4.68493
G1 X97.965 Y104.234 E4.71785
G1 X101.203 Y98.627 E4.97208
G1 X101.337 Y98.529 E4.9786
G1 X102.532 Y98.525 E5.02552
G1 X108.621 Y98.525 E5.2646
G1 X108.774 Y98.595 E5.27121
G1 X112.418 Y104.898 E5.55708
G1 X112.422 Y104.94 E5.55874
G1 X112.282 Y105.315 F7800
G92 E0
G1 X94.077 Y108.429
;TYPE:Perimeter
G1 F884.349
G1 X93.931 Y107.966 E.01906
G1 X93.724 Y107.036 E.05647
G1 X93.639 Y106.507 E.07751
G1 X93.551 Y105.5 E.1172
G1 X93.551 Y104.5 E.15646
G1 X93.638 Y103.504 E.19572
G1 X93.803 Y102.569 E.233
G1 X93.927 Y102.044 E.25418
G1 X94.204 Y101.161 E.29052
G1 X94.609 Y100.167 E.33266
G1 X95.049 Y99.321 E.3701
G1 X95.329 Y98.851 E.39158
G1 X95.858 Y98.092 E.42791
G1 X96.543 Y97.266 E.47004
G1 X97.258 Y96.551 E.50974
G1 X98.024 Y95.908 E.54901
G1 X98.843 Y95.335 E.58826
G1 X99.672 Y94.856 E.62585
G1 X100.146 Y94.618 E.64668
G1 X101.08 Y94.231 E.68638
G1 X102.034 Y93.931 E.72565
G1 X103.01 Y93.714 E.76491
G1 X103.945 Y93.591 E.80194
G1 X104.49 Y93.551 E.8234
G1 X105.415 Y93.549 E.85972
G1 X106.485 Y93.636 E.90187
G1 X107.48 Y93.812 E.94154
G1 X108.447 Y94.071 E.98085
G1 X109.306 Y94.381 E1.01671
G1 X110.283 Y94.83 E1.05893
G1 X111.085 Y95.29 E1.09523
G1 X111.968 Y95.901 E1.13739
G1 X112.742 Y96.551 E1.17708
G1 X113.449 Y97.258 E1.21634
G1 X114.092 Y98.024 E1.25561
G1 X114.665 Y98.843 E1.29486
G1 X115.137 Y99.659 E1.33187
G1 X115.382 Y100.146 E1.35328
G1 X115.769 Y101.08 E1.39298
G1 X116.069 Y102.034 E1.43225
G1 X116.288 Y103.021 E1.47195
G1 X116.366 Y103.549 E1.49291
G1 X116.449 Y104.571 E1.53317
G1 X116.449 Y105.458 E1.568
G1 X116.418 Y105.989 E1.58888
G1 X116.299 Y106.906 E1.62519
G1 X116.073 Y107.955 E1.66732
G1 X115.769 Y108.92 E1.70705
G1 X115.408 Y109.791 E1.74407
G1 X115.17 Y110.283 E1.76553
G1 X114.71 Y111.085 E1.80183
G1 X114.099 Y111.968 E1.84399
G1 X113.449 Y112.742 E1.88368
G1 X112.742 Y113.449 E1.92294
G1 X111.976 Y114.092 E1.96221
G1 X111.157 Y114.665 E2.00146
G1 X110.292 Y115.165 E2.04069
G1 X109.426 Y115.569 E2.07821
G1 X108.93 Y115.765 E2.09915
G1 X108.015 Y116.054 E2.13683
G1 X107.49 Y116.187 E2.1581
G1 X106.58 Y116.349 E2.19439
G1 X105.511 Y116.449 E2.23655
G1 X104.5 Y116.449 E2.27625
G1 X103.504 Y116.362 E2.31551
G1 X102.572 Y116.197 E2.35267
G1 X102.045 Y116.073 E2.37393
G1 X101.081 Y115.769 E2.41362
G1 X100.196 Y115.402 E2.45124
G1 X99.717 Y115.17 E2.47214
G1 X98.915 Y114.71 E2.50844
G1 X98.032 Y114.099 E2.5506
G1 X97.258 Y113.449 E2.59029
G1 X96.551 Y112.742 E2.62955
G1 X95.908 Y111.976 E2.66882
G1 X95.335 Y111.157 E2.70807
G1 X94.863 Y110.341 E2.74508
G1 X94.618 Y109.854 E2.76649
G1 X94.231 Y108.92 E2.80619
G1 X94.095 Y108.486 E2.82405
G1 X93.691 Y108.56 F7800
G1 F884.349
G1 X93.537 Y108.071 E2.84418
G1 X93.311 Y107.054 E2.88509
G1 X93.235 Y106.556 E2.90487
G1 X93.144 Y105.518 E2.94578
G1 X93.144 Y104.482 E2.98646
G1 X93.234 Y103.451 E3.0271
G1 X93.415 Y102.425 E3.06801
G1 X93.535 Y101.934 E3.08786
G1 X93.819 Y101.028 E3.12514
G1 X94.036 Y100.456 E3.14916
G1 X94.241 Y99.991 E3.16911
G1 X94.726 Y99.06 E3.21033
G1 X94.988 Y98.629 E3.23013
G1 X95.531 Y97.849 E3.26745
G1 X95.91 Y97.37 E3.29143
G1 X96.246 Y96.987 E3.31144
G1 X96.983 Y96.251 E3.35234
G1 X97.776 Y95.585 E3.393
M73 P12 R32
G1 X98.624 Y94.991 E3.43365
G1 X99.526 Y94.47 E3.47455
G1 X99.978 Y94.247 E3.49434
G1 X101.033 Y93.819 E3.53904
G1 X102.028 Y93.515 E3.57989
G1 X103.044 Y93.299 E3.62067
G1 X104.053 Y93.172 E3.6606
G1 X104.555 Y93.144 E3.68034
G1 X105.502 Y93.146 E3.71752
G1 X106.099 Y93.184 E3.74101
G1 X106.621 Y93.247 E3.76165
G1 X107.669 Y93.441 E3.8035
G1 X108.66 Y93.715 E3.84387
G1 X109.516 Y94.028 E3.87966
G1 X110.064 Y94.268 E3.90315
G1 X110.53 Y94.502 E3.92362
G1 X111.349 Y94.977 E3.96079
G1 X111.851 Y95.311 E3.98446
G1 X112.378 Y95.714 E4.01051
G1 X113.088 Y96.321 E4.04719
G1 X113.816 Y97.062 E4.08798
G1 X114.476 Y97.863 E4.12873
G1 X115.063 Y98.718 E4.16945
G1 X115.566 Y99.599 E4.20928
G1 X115.784 Y100.053 E4.22905
G1 X116.183 Y101.042 E4.27092
G1 X116.485 Y102.028 E4.31141
G1 X116.699 Y103.017 E4.35114
G1 X116.771 Y103.514 E4.37086
G1 X116.856 Y104.571 E4.4125
G1 X116.856 Y105.525 E4.44996
G1 X116.823 Y106.028 E4.46975
G1 X116.701 Y106.97 E4.50705
G1 X116.586 Y107.571 E4.53108
G1 X116.465 Y108.065 E4.55105
G1 X116.152 Y109.059 E4.59197
G1 X115.753 Y110.022 E4.6329
G1 X115.53 Y110.474 E4.65269
G1 X115.056 Y111.298 E4.69002
G1 X114.72 Y111.809 E4.71403
G1 X114.419 Y112.219 E4.734
G1 X113.749 Y113.017 E4.77491
G1 X113.017 Y113.75 E4.81558
G1 X112.224 Y114.415 E4.85622
G1 X111.376 Y115.009 E4.89687
G1 X110.48 Y115.526 E4.93749
G1 X109.535 Y115.967 E4.97844
G1 X109.065 Y116.15 E4.99824
G1 X108.065 Y116.465 E5.03941
G1 X107.575 Y116.585 E5.05922
G1 X106.639 Y116.752 E5.09655
G1 X106.032 Y116.823 E5.12055
G1 X105.525 Y116.856 E5.1405
G1 X104.482 Y116.856 E5.18145
G1 X103.451 Y116.766 E5.22209
G1 X102.425 Y116.585 E5.263
G1 X101.935 Y116.465 E5.28281
G1 X100.941 Y116.152 E5.32373
G1 X99.978 Y115.753 E5.36466
M73 Q12 S32
G1 X99.526 Y115.53 E5.38445
G1 X98.702 Y115.056 E5.42178
G1 X98.191 Y114.72 E5.44579
G1 X97.781 Y114.419 E5.46576
G1 X96.983 Y113.75 E5.50665
G1 X96.251 Y113.017 E5.54732
G1 X95.585 Y112.224 E5.58798
G1 X94.991 Y111.376 E5.62863
G1 X94.47 Y110.474 E5.66953
G1 X94.247 Y110.022 E5.68932
G1 X93.848 Y109.059 E5.73025
G1 X93.709 Y108.617 E5.74844
G1 X93.305 Y108.69 F7800
;TYPE:External perimeter
G1 F884.349
G1 X93.143 Y108.177 E5.76956
G1 X92.911 Y107.129 E5.81171
G1 X92.83 Y106.605 E5.83253
G1 X92.737 Y105.535 E5.8747
G1 X92.737 Y104.465 E5.91671
G1 X92.83 Y103.398 E5.95876
G1 X93.017 Y102.341 E6.00091
G1 X93.143 Y101.825 E6.02177
G1 X93.434 Y100.894 E6.06007
G1 X93.66 Y100.302 E6.08495
G1 X93.874 Y99.815 E6.10584
G1 X94.371 Y98.86 E6.14811
G1 X94.646 Y98.407 E6.16892
G1 X95.204 Y97.606 E6.20725
G1 X95.597 Y97.109 E6.23213
G1 X95.948 Y96.709 E6.25303
G1 X96.707 Y95.95 E6.29518
G1 X97.528 Y95.262 E6.33724
G1 X98.405 Y94.648 E6.37928
G1 X99.334 Y94.111 E6.42141
G1 X99.81 Y93.876 E6.44225
G1 X100.802 Y93.465 E6.48441
G1 X101.823 Y93.143 E6.52645
G1 X102.868 Y92.912 E6.56847
G1 X103.933 Y92.772 E6.61065
G1 X104.462 Y92.737 E6.63147
G1 X105.438 Y92.735 E6.66979
G1 X106.071 Y92.772 E6.69469
G1 X106.6 Y92.83 E6.71559
G1 X107.657 Y93.016 E6.75773
G1 X108.691 Y93.293 E6.79976
G1 X109.606 Y93.624 E6.83797
G1 X110.188 Y93.875 E6.86286
G1 X110.666 Y94.111 E6.88379
G1 X111.573 Y94.637 E6.92496
G1 X112.091 Y94.982 E6.9494
G1 X112.64 Y95.402 E6.97654
G1 X113.375 Y96.033 E7.01458
G1 X114.128 Y96.8 E7.05678
G1 X114.81 Y97.63 E7.09896
G1 X115.416 Y98.514 E7.14104
G1 X115.931 Y99.419 E7.18193
G1 X116.16 Y99.897 E7.20274
G1 X116.572 Y100.919 E7.24601
G1 X116.882 Y101.94 E7.28791
G1 X117.102 Y102.955 E7.32869
G1 X117.177 Y103.478 E7.34944
G1 X117.263 Y104.571 E7.39249
G1 X117.263 Y105.538 E7.43046
G1 X117.228 Y106.068 E7.45132
G1 X117.103 Y107.035 E7.4896
G1 X116.984 Y107.658 E7.5145
G1 X116.857 Y108.175 E7.5354
G1 X116.535 Y109.198 E7.57751
G1 X116.124 Y110.19 E7.61967
G1 X115.889 Y110.666 E7.64051
G1 X115.403 Y111.512 E7.67882
G1 X115.055 Y112.041 E7.70368
G1 X114.74 Y112.471 E7.72461
G1 X114.05 Y113.293 E7.76675
G1 X113.293 Y114.05 E7.80879
G1 X112.472 Y114.738 E7.85085
G1 X111.595 Y115.352 E7.89289
G1 X110.668 Y115.888 E7.93493
G1 X109.695 Y116.341 E7.97707
G1 X109.201 Y116.534 E7.99789
G1 X108.175 Y116.857 E8.04012
G1 X107.659 Y116.983 E8.06098
G1 X106.699 Y117.155 E8.09927
G1 X106.069 Y117.228 E8.12417
G1 X105.538 Y117.263 E8.14506
G1 X104.465 Y117.263 E8.18719
G1 X103.398 Y117.17 E8.22924
G1 X102.341 Y116.983 E8.27139
G1 X101.825 Y116.857 E8.29225
G1 X100.802 Y116.535 E8.33436
G1 X99.81 Y116.124 E8.37652
G1 X99.334 Y115.889 E8.39736
G1 X98.488 Y115.403 E8.43567
G1 X97.959 Y115.055 E8.46053
G1 X97.529 Y114.74 E8.48146
G1 X96.707 Y114.05 E8.5236
G1 X95.95 Y113.293 E8.56564
G1 X95.262 Y112.472 E8.6077
G1 X94.648 Y111.595 E8.64974
G1 X94.111 Y110.666 E8.69187
G1 X93.876 Y110.19 E8.71271
G1 X93.465 Y109.198 E8.75487
G1 X93.323 Y108.748 E8.7734
G1 X93.203 Y108.366 F7800
;LAYER_CHANGE
;Z:1.75
;HEIGHT:0.2
G92 E0
G1 Z1.75 F7800
G1 X113.244 Y105
;TYPE:Perimeter
G1 F884.349
G1 X113.247 Y105.155 E.00609
G1 X113.123 Y105.509 E.02082
G1 X109.502 Y111.78 E.30515
G1 X109.267 Y112.058 E.31944
G1 X108.979 Y112.224 E.33249
G1 X108.621 Y112.289 E.34678
G1 X101.379 Y112.289 E.63113
G1 X101.072 Y112.242 E.64332
G1 X100.832 Y112.13 E.65372
G1 X100.615 Y111.943 E.66497
G1 X100.34 Y111.507 E.68521
G1 X96.877 Y105.509 E.95715
G1 X96.76 Y105.2 E.97012
G1 X96.753 Y104.845 E.98406
G1 X96.877 Y104.491 E.99879
G1 X100.498 Y98.22 E1.28312
G1 X100.733 Y97.942 E1.29741
G1 X101.023 Y97.775 E1.31055
G1 X101.379 Y97.711 E1.32475
G1 X108.621 Y97.711 E1.6091
G1 X108.97 Y97.773 E1.62302
G1 X109.318 Y97.987 E1.63906
G1 X109.502 Y98.22 E1.65072
G1 X113.123 Y104.491 E1.93505
G1 X113.24 Y104.8 E1.94802
G1 X113.243 Y104.94 E1.95352
G1 X112.847 Y104.995 F7800
G1 F884.349
G1 X112.852 Y105.013 E1.95425
G1 X112.77 Y105.305 E1.96616
G1 X109.15 Y111.577 E2.2505
G1 X108.926 Y111.8 E2.26291
M73 P13 R32
M73 Q13 S32
G1 X108.621 Y111.882 E2.27531
G1 X101.379 Y111.882 E2.55966
G1 X101.097 Y111.813 E2.57106
G1 X100.921 Y111.675 E2.57984
G1 X97.23 Y105.305 E2.86891
G1 X97.148 Y104.997 E2.88142
G1 X97.23 Y104.695 E2.89371
G1 X100.85 Y98.423 E3.17805
G1 X101.074 Y98.2 E3.19046
G1 X101.379 Y98.118 E3.20286
G1 X108.621 Y98.118 E3.48721
G1 X108.925 Y98.199 E3.49956
G1 X109.134 Y98.397 E3.51086
G1 X112.77 Y104.695 E3.7964
G1 X112.833 Y104.937 E3.80622
G1 X112.431 Y105 F7800
;TYPE:External perimeter
G1 F884.349
G1 X112.438 Y105.053 E3.80832
G1 X108.797 Y111.373 E4.09471
G1 X108.674 Y111.468 E4.10081
G1 X101.379 Y111.475 E4.38725
G1 X101.226 Y111.406 E4.39384
G1 X97.582 Y105.102 E4.67974
G1 X97.553 Y104.948 E4.68589
G1 X101.203 Y98.627 E4.97249
G1 X101.308 Y98.538 E4.97789
G1 X108.621 Y98.525 E5.26503
G1 X108.774 Y98.595 E5.27164
G1 X112.418 Y104.898 E5.55751
G1 X112.423 Y104.94 E5.55917
G1 X112.28 Y105.314 F7800
G92 E0
G1 X94.077 Y108.429
;TYPE:Perimeter
G1 F884.349
G1 X93.931 Y107.966 E.01906
G1 X93.724 Y107.036 E.05647
G1 X93.639 Y106.506 E.07755
G1 X93.558 Y105.615 E.11268
G1 X93.541 Y105.037 E.13538
G1 X93.55 Y104.511 E.15604
G1 X93.638 Y103.504 E.19573
G1 X93.812 Y102.52 E.23497
G1 X94.057 Y101.606 E.27212
G1 X94.227 Y101.091 E.29341
G1 X94.614 Y100.157 E.33311
G1 X95.049 Y99.321 E.37011
G1 X95.329 Y98.851 E.39159
G1 X95.84 Y98.116 E.42674
G1 X96.191 Y97.671 E.44899
G1 X96.543 Y97.266 E.47006
G1 X97.258 Y96.551 E.50976
G1 X98.024 Y95.908 E.54903
G1 X98.843 Y95.335 E.58828
G1 X99.71 Y94.834 E.6276
G1 X100.509 Y94.459 E.66226
G1 X101.074 Y94.233 E.68615
G1 X102.034 Y93.931 E.72567
G1 X103.01 Y93.714 E.76493
G1 X103.945 Y93.591 E.80196
G1 X104.49 Y93.551 E.82342
G1 X105.385 Y93.548 E.85856
G1 X105.949 Y93.58 E.88074
G1 X106.485 Y93.636 E.9019
G1 X107.48 Y93.812 E.94157
G1 X108.398 Y94.058 E.97889
G1 X108.909 Y94.227 E1.00002
G1 X109.804 Y94.598 E1.03806
G1 X110.283 Y94.83 E1.05896
G1 X111.059 Y95.275 E1.09408
G1 X111.541 Y95.591 E1.11671
G1 X111.968 Y95.901 E1.13743
G1 X112.742 Y96.551 E1.17712
G1 X113.449 Y97.258 E1.21638
G1 X114.092 Y98.024 E1.25565
G1 X114.665 Y98.843 E1.2949
G1 X115.137 Y99.659 E1.33191
G1 X115.382 Y100.146 E1.35332
G1 X115.769 Y101.08 E1.39302
G1 X116.069 Y102.034 E1.43229
G1 X116.288 Y103.021 E1.47199
G1 X116.366 Y103.548 E1.49291
G1 X116.443 Y104.434 E1.52783
G1 X116.45 Y105.489 E1.56926
G1 X116.362 Y106.496 E1.60895
G1 X116.188 Y107.48 E1.64819
G1 X115.943 Y108.394 E1.68534
G1 X115.773 Y108.909 E1.70663
G1 X115.408 Y109.791 E1.74411
G1 X115.17 Y110.283 E1.76557
G1 X114.725 Y111.059 E1.80069
G1 X114.415 Y111.532 E1.8229
G1 X114.099 Y111.968 E1.84404
G1 X113.449 Y112.742 E1.88373
G1 X112.742 Y113.449 E1.92299
G1 X111.976 Y114.092 E1.96226
G1 X111.157 Y114.665 E2.00151
G1 X110.292 Y115.165 E2.04074
G1 X109.426 Y115.569 E2.07826
G1 X108.93 Y115.765 E2.0992
G1 X108.015 Y116.054 E2.13688
G1 X107.49 Y116.187 E2.15815
G1 X106.61 Y116.345 E2.19326
G1 X106.048 Y116.411 E2.21548
G1 X105.511 Y116.449 E2.23662
G1 X104.5 Y116.449 E2.27632
G1 X103.504 Y116.362 E2.31558
G1 X102.52 Y116.188 E2.35482
G1 X101.554 Y115.929 E2.39409
G1 X100.656 Y115.603 E2.4316
G1 X100.167 Y115.391 E2.45253
G1 X99.27 Y114.925 E2.49222
G1 X98.427 Y114.387 E2.53149
G1 X97.634 Y113.779 E2.57073
G1 X96.935 Y113.138 E2.60797
G1 X96.558 Y112.751 E2.62918
G1 X95.908 Y111.976 E2.6689
G1 X95.335 Y111.157 E2.70815
G1 X94.863 Y110.341 E2.74516
G1 X94.618 Y109.854 E2.76657
G1 X94.231 Y108.92 E2.80627
G1 X94.095 Y108.486 E2.82413
G1 X93.691 Y108.56 F7800
G1 F884.349
G1 X93.537 Y108.071 E2.84426
G1 X93.311 Y107.054 E2.88517
G1 X93.235 Y106.555 E2.90499
G1 X93.152 Y105.639 E2.9411
G1 X93.132 Y104.997 E2.96632
G1 X93.143 Y104.489 E2.98627
G1 X93.234 Y103.451 E3.02718
G1 X93.414 Y102.431 E3.06785
G1 X93.684 Y101.425 E3.10875
G1 X93.846 Y100.948 E3.12853
G1 X94.245 Y99.985 E3.16946
G1 X94.726 Y99.06 E3.2104
G1 X94.988 Y98.629 E3.2302
G1 X95.513 Y97.874 E3.26631
G1 X95.911 Y97.37 E3.29153
G1 X96.246 Y96.987 E3.31151
G1 X96.983 Y96.251 E3.35241
G1 X97.776 Y95.585 E3.39307
G1 X98.624 Y94.991 E3.43372
G1 X99.521 Y94.473 E3.47439
G1 X100.347 Y94.085 E3.51022
G1 X100.937 Y93.85 E3.53516
G1 X101.929 Y93.537 E3.576
G1 X102.939 Y93.313 E3.61662
G1 X103.973 Y93.177 E3.65757
G1 X104.476 Y93.144 E3.67736
G1 X105.396 Y93.141 E3.71348
G1 X106.037 Y93.178 E3.73869
G1 X106.542 Y93.233 E3.75864
G1 X107.569 Y93.414 E3.79959
G1 X108.575 Y93.684 E3.84049
G1 X109.053 Y93.846 E3.86031
G1 X110.022 Y94.247 E3.90149
G1 X110.475 Y94.471 E3.92133
G1 X111.272 Y94.928 E3.9574
G1 X111.809 Y95.28 E3.98261
G1 X112.219 Y95.581 E4.00258
G1 X113.017 Y96.251 E4.04349
G1 X113.749 Y96.983 E4.08414
G1 X114.415 Y97.776 E4.1248
G1 X115.009 Y98.624 E4.16545
G1 X115.53 Y99.526 E4.20635
G1 X115.753 Y99.978 E4.22614
G1 X116.152 Y100.941 E4.26707
G1 X116.463 Y101.929 E4.30774
G1 X116.689 Y102.946 E4.34865
G1 X116.771 Y103.511 E4.37107
G1 X116.85 Y104.421 E4.40694
G1 X116.857 Y105.511 E4.44974
G1 X116.766 Y106.549 E4.49065
G1 X116.586 Y107.569 E4.53132
G1 X116.316 Y108.575 E4.57222
G1 X116.154 Y109.053 E4.59204
G1 X115.753 Y110.022 E4.63322
G1 X115.529 Y110.475 E4.65306
G1 X115.072 Y111.272 E4.68913
G1 X114.72 Y111.809 E4.71434
G1 X114.419 Y112.219 E4.73431
G1 X113.749 Y113.017 E4.77522
G1 X113.017 Y113.75 E4.81589
G1 X112.224 Y114.415 E4.85653
G1 X111.376 Y115.009 E4.89718
G1 X110.48 Y115.526 E4.9378
G1 X109.535 Y115.967 E4.97875
G1 X109.065 Y116.15 E4.99855
G1 X108.065 Y116.465 E5.03972
G1 X107.574 Y116.585 E5.05957
G1 X106.669 Y116.747 E5.09567
G1 X106.032 Y116.823 E5.12086
G1 X105.525 Y116.856 E5.14081
G1 X104.482 Y116.856 E5.18176
G1 X103.451 Y116.766 E5.2224
G1 X102.431 Y116.586 E5.26307
G1 X101.431 Y116.318 E5.30372
G1 X100.452 Y115.962 E5.34462
G1 X99.991 Y115.759 E5.3644
G1 X99.066 Y115.277 E5.40535
G1 X98.193 Y114.721 E5.44599
G1 X97.372 Y114.091 E5.48662
G1 X96.603 Y113.387 E5.52756
G1 X96.255 Y113.023 E5.54733
G1 X95.585 Y112.224 E5.58827
G1 X94.991 Y111.376 E5.62892
G1 X94.47 Y110.474 E5.66982
G1 X94.247 Y110.022 E5.68961
G1 X93.848 Y109.059 E5.73054
G1 X93.709 Y108.617 E5.74873
G1 X93.305 Y108.69 F7800
;TYPE:External perimeter
G1 F884.349
G1 X93.143 Y108.177 E5.76985
G1 X92.911 Y107.129 E5.812
G1 X92.83 Y106.604 E5.83286
G1 X92.745 Y105.664 E5.86992
G1 X92.725 Y104.999 E5.89604
G1 X92.737 Y104.467 E5.91693
G1 X92.83 Y103.398 E5.95906
G1 X93.016 Y102.343 E6.00112
G1 X93.294 Y101.307 E6.04324
G1 X93.465 Y100.804 E6.0641
G1 X93.875 Y99.812 E6.10625
G1 X94.371 Y98.86 E6.1484
G1 X94.646 Y98.406 E6.16924
G1 X95.186 Y97.631 E6.20633
G1 X95.597 Y97.109 E6.23242
G1 X95.948 Y96.709 E6.25332
G1 X96.707 Y95.95 E6.29547
G1 X97.528 Y95.262 E6.33753
G1 X98.405 Y94.648 E6.37957
G1 X99.332 Y94.112 E6.42161
G1 X100.185 Y93.711 E6.45862
G1 X100.8 Y93.466 E6.48461
G1 X101.823 Y93.143 E6.52673
G1 X102.869 Y92.912 E6.56879
G1 X103.933 Y92.772 E6.61093
G1 X104.462 Y92.737 E6.63175
G1 X105.407 Y92.734 E6.66886
G1 X106.071 Y92.772 E6.69497
G1 X106.6 Y92.83 E6.71587
G1 X107.657 Y93.016 E6.75801
G1 X108.609 Y93.271 E6.79671
G1 X109.115 Y93.437 E6.81762
G1 X110.262 Y93.912 E6.86637
G1 X110.732 Y94.149 E6.88704
G1 X111.546 Y94.621 E6.92399
G1 X112.093 Y94.984 E6.94977
G1 X112.64 Y95.402 E6.9768
G1 X113.375 Y96.033 E7.01484
G1 X114.128 Y96.8 E7.05704
G1 X114.81 Y97.63 E7.09922
G1 X115.416 Y98.514 E7.1413
G1 X115.931 Y99.419 E7.18219
G1 X116.16 Y99.897 E7.203
G1 X116.572 Y100.919 E7.24627
G1 X116.882 Y101.94 E7.28817
G1 X117.102 Y102.955 E7.32895
G1 X117.177 Y103.475 E7.34958
G1 X117.257 Y104.409 E7.38639
G1 X117.263 Y105.533 E7.43052
G1 X117.17 Y106.602 E7.47265
G1 X116.984 Y107.657 E7.51471
G1 X116.706 Y108.693 E7.55683
G1 X116.535 Y109.196 E7.57769
G1 X116.124 Y110.19 E7.61992
G1 X115.889 Y110.666 E7.64076
G1 X115.419 Y111.485 E7.67784
G1 X115.054 Y112.041 E7.70395
G1 X114.74 Y112.471 E7.72486
G1 X114.05 Y113.293 E7.767
G1 X113.293 Y114.05 E7.80904
G1 X112.472 Y114.738 E7.8511
G1 X111.595 Y115.352 E7.89314
G1 X110.668 Y115.888 E7.93518
G1 X109.695 Y116.341 E7.97732
G1 X109.201 Y116.534 E7.99814
G1 X108.175 Y116.857 E8.04037
G1 X107.659 Y116.983 E8.06123
G1 X106.729 Y117.15 E8.09833
G1 X106.069 Y117.228 E8.12442
G1 X105.538 Y117.263 E8.14531
G1 X104.465 Y117.263 E8.18744
G1 X103.398 Y117.17 E8.22949
G1 X102.343 Y116.984 E8.27155
G1 X101.309 Y116.707 E8.31358
G1 X100.3 Y116.34 E8.35574
G1 X99.815 Y116.126 E8.37655
G1 X98.863 Y115.63 E8.4187
G1 X97.959 Y115.055 E8.46077
G1 X97.11 Y114.403 E8.5028
G1 X96.319 Y113.678 E8.54493
G1 X95.952 Y113.295 E8.56576
G1 X95.262 Y112.472 E8.60793
G1 X94.648 Y111.595 E8.64997
G1 X94.111 Y110.666 E8.6921
G1 X93.876 Y110.19 E8.71294
G1 X93.465 Y109.198 E8.7551
G1 X93.323 Y108.748 E8.77363
G1 X93.203 Y108.366 F7800
G92 E0
G1 X97.123 Y103.456
;TYPE:Internal infill
;WIDTH:0.45
;HEIGHT:0.4
G1 F494.289
G1 X96.584 Y104.39 E.07575
G1 X96.453 Y104.78 E.10465
G1 X96.479 Y105.342 E.14417
G1 X96.633 Y105.696 E.17129
G1 X96.483 Y105.71 E.18187
G1 X95.828 Y106.169 E.23806
G1 X95.173 Y106.748 E.29947
G1 X94.517 Y106.971 E.34814
G1 X94.012 Y106.924 E.38377
G1 X93.862 Y105.548 E.48101
G1 X93.889 Y104.137 E.58015
G1 X94.517 Y104.351 E.62676
M73 P14 R32
M73 Q14 S32
G1 X95.173 Y104.29 E.67304
G1 X95.828 Y103.831 E.72923
G1 X96.483 Y103.252 E.79064
G1 X97.138 Y103.029 E.83925
G1 X97.358 Y103.049 E.85477
G1 X98.429 Y101.193 E1.0053
G1 X97.793 Y100.631 E1.06492
G1 X97.138 Y100.408 E1.11353
G1 X96.483 Y100.469 E1.15974
G1 X95.828 Y100.927 E1.21589
G1 X95.173 Y101.507 E1.27735
G1 X94.517 Y101.73 E1.32602
G1 X94.35 Y101.715 E1.3378
G1 X94.891 Y100.286 E1.44514
G1 X95.347 Y99.41 E1.51452
G1 X95.972 Y98.463 E1.59423
G1 X96.483 Y98.011 E1.64216
G1 X97.138 Y97.787 E1.69079
G1 X97.793 Y97.848 E1.737
G1 X98.448 Y98.307 E1.79319
G1 X99.104 Y98.886 E1.85466
G1 X99.653 Y99.073 E1.8954
G1 X100.442 Y97.794 E2.00097
G1 X100.918 Y97.488 E2.04072
G1 X101.275 Y97.41 E2.06639
G92 E0
G1 X100.576 Y94.771 F7800
G1 F494.289
G1 X99.851 Y95.105 E.05608
G1 X98.459 Y95.977 E.17147
G1 X99.104 Y96.428 E.22676
G1 X99.759 Y96.489 E.27297
G1 X100.414 Y96.266 E.32158
G1 X101.069 Y95.686 E.38304
G1 X101.724 Y95.228 E.43919
G1 X102.379 Y95.167 E.4854
G1 X103.035 Y95.39 E.53407
G1 X103.69 Y95.969 E.59548
G1 X104.345 Y96.428 E.65167
G1 X105 Y96.489 E.69788
G1 X105.655 Y96.266 E.74649
G1 X106.31 Y95.686 E.80795
G1 X106.966 Y95.228 E.86415
G1 X107.621 Y95.167 E.91036
G1 X108.276 Y95.39 E.95897
G1 X108.931 Y95.969 E1.02038
G1 X109.586 Y96.428 E1.07657
G1 X110.241 Y96.489 E1.12278
G1 X110.896 Y96.266 E1.17139
G1 X111.372 Y95.845 E1.21603
G1 X112.536 Y96.776 E1.32074
G1 X113.587 Y97.897 E1.42869
G1 X113.517 Y97.848 E1.43469
G1 X112.862 Y97.787 E1.4809
G1 X112.207 Y98.011 E1.52953
G1 X111.552 Y98.59 E1.59094
G1 X110.896 Y99.048 E1.64714
G1 X110.362 Y99.098 E1.68482
G1 X111.463 Y101.006 E1.83957
G1 X112.207 Y100.469 E1.90403
G1 X112.862 Y100.408 E1.95024
G1 X113.517 Y100.631 E1.99885
G1 X114.172 Y101.211 E2.06031
G1 X114.827 Y101.669 E2.11646
G1 X115.483 Y101.73 E2.16274
G1 X115.637 Y101.678 E2.17416
G1 X115.104 Y100.272 E2.27979
G1 X114.661 Y99.446 E2.34563
G92 E0
G1 X113.525 Y105.311 F7800
G1 F494.289
G1 X113.547 Y104.779 E.0374
G1 X113.41 Y104.378 E.06717
G1 X112.669 Y103.094 E.17131
G1 X112.862 Y103.029 E.18562
G1 X113.517 Y103.09 E.23183
G1 X114.172 Y103.548 E.28798
G1 X114.827 Y104.128 E.34944
G1 X115.483 Y104.351 E.39811
G1 X116.124 Y104.291 E.44334
G1 X116.144 Y105.487 E.52737
G1 X115.999 Y106.795 E.61982
G1 X115.483 Y106.971 E.65812
G1 X114.827 Y106.91 E.7044
G1 X114.172 Y106.452 E.76055
G1 X113.517 Y105.873 E.82196
G1 X113.307 Y105.801 E.83756
G1 X112.086 Y107.916 E1.00912
G92 E0
G1 X110.106 Y111.345 F7800
G1 F494.289
G1 X111.327 Y109.23 E.17156
G1 X112.207 Y108.493 E.2522
G1 X112.862 Y108.27 E.30081
G1 X113.517 Y108.331 E.34702
G1 X114.172 Y108.789 E.40317
G1 X114.827 Y109.369 E.46463
G1 X115.2 Y109.496 E.49231
G1 X114.901 Y110.139 E.54213
G1 X114.02 Y111.559 E.65952
G1 X113.517 Y111.114 E.7067
G1 X112.862 Y110.891 E.75531
G1 X112.207 Y110.952 E.80152
G1 X111.552 Y111.41 E.85767
G1 X110.896 Y111.989 E.91914
G1 X110.241 Y112.213 E.96777
G1 X109.588 Y112.152 E1.01384
G1 X109.464 Y112.292 E1.02698
G1 X109.088 Y112.509 E1.05748
G1 X108.628 Y112.594 E1.09034
G1 X101.374 Y112.594 E1.59993
G1 X101.009 Y112.542 E1.62583
G1 X100.722 Y112.42 E1.64774
G1 X100.301 Y112.028 E1.68815
G1 X99.759 Y112.213 E1.72838
G1 X99.104 Y112.152 E1.77459
G1 X98.448 Y111.693 E1.83083
G1 X97.793 Y111.114 E1.89224
G1 X97.138 Y110.891 E1.94085
G1 X96.483 Y110.952 E1.98706
G1 X95.866 Y111.383 E2.03993
G1 X95.099 Y110.138 E2.14266
G1 X94.828 Y109.563 E2.18731
G1 X95.173 Y109.531 E2.21165
G1 X95.828 Y109.073 E2.2678
G1 X96.483 Y108.493 E2.32926
G1 X97.138 Y108.27 E2.37787
G1 X97.793 Y108.331 E2.42408
G1 X98.398 Y108.754 E2.47594
G1 X99.619 Y110.869 E2.6475
G92 E0
G1 X102.013 Y115.737 F7800
G1 F494.289
G1 X100.96 Y115.388 E.07793
G1 X99.751 Y114.831 E.17144
G1 X100.414 Y114.772 E.2182
G1 X101.069 Y114.314 E.27435
G1 X101.724 Y113.734 E.33581
G1 X102.379 Y113.511 E.38442
G1 X103.035 Y113.572 E.4307
G1 X103.69 Y114.031 E.48689
G1 X104.345 Y114.61 E.5483
G1 X105 Y114.833 E.59691
G1 X105.655 Y114.772 E.64312
G1 X106.31 Y114.314 E.69927
G1 X106.966 Y113.734 E.76078
G1 X107.621 Y113.511 E.80939
G1 X108.276 Y113.572 E.8556
G1 X108.931 Y114.031 E.91179
G1 X109.586 Y114.61 E.9732
G1 X110.258 Y114.832 E1.02292
G1 X109.255 Y115.311 E1.101
G1 X107.996 Y115.74 E1.19444
;LAYER_CHANGE
;Z:1.95
;HEIGHT:0.2
G92 E0
G1 Z1.95 F7800
G1 X113.246 Y105
;TYPE:Perimeter
;WIDTH:0.449999
G1 F884.349
G1 X113.245 Y105.168 E.0066
G1 X113.123 Y105.509 E.02082
G1 X109.502 Y111.78 E.30515
G1 X109.267 Y112.058 E.31944
G1 X108.979 Y112.224 E.33249
G1 X108.621 Y112.289 E.34678
G1 X101.379 Y112.289 E.63113
G1 X101.072 Y112.242 E.64332
G1 X100.832 Y112.13 E.65372
G1 X100.615 Y111.943 E.66497
G1 X100.34 Y111.507 E.68521
G1 X96.877 Y105.509 E.95715
G1 X96.762 Y105.208 E.9698
G1 X96.753 Y104.845 E.98406
G1 X96.877 Y104.491 E.99879
G1 X100.498 Y98.22 E1.28312
G1 X100.733 Y97.942 E1.29741
G1 X101.023 Y97.775 E1.31055
G1 X101.379 Y97.711 E1.32475
G1 X108.621 Y97.711 E1.6091
G1 X108.97 Y97.773 E1.62302
G1 X109.316 Y97.986 E1.63897
G1 X109.502 Y98.22 E1.65071
G1 X113.123 Y104.491 E1.93504
G1 X113.246 Y104.834 E1.94935
G1 X113.246 Y104.94 E1.95351
G1 X112.851 Y104.995 F7800
G1 F884.349
G1 X112.852 Y105 E1.95371
G1 X112.794 Y105.261 E1.96421
G1 X109.15 Y111.577 E2.25052
G1 X108.926 Y111.8 E2.26293
G1 X108.621 Y111.882 E2.27533
G1 X101.379 Y111.882 E2.55968
G1 X101.097 Y111.813 E2.57108
G1 X100.896 Y111.655 E2.58112
G1 X97.23 Y105.305 E2.86902
G1 X97.148 Y104.997 E2.88153
G1 X97.23 Y104.695 E2.89382
G1 X100.85 Y98.423 E3.17816
G1 X101.074 Y98.2 E3.19057
G1 X101.379 Y98.118 E3.20297
G1 X108.621 Y98.118 E3.48732
G1 X108.924 Y98.199 E3.49963
G1 X109.134 Y98.397 E3.51096
G1 X109.517 Y99.06 E3.54102
G1 X112.77 Y104.695 E3.7965
G1 X112.835 Y104.937 E3.80634
G1 X112.432 Y105 F7800
;TYPE:External perimeter
G1 F884.349
G1 X112.439 Y105.052 E3.8084
G1 X108.797 Y111.373 E4.09484
G1 X108.674 Y111.468 E4.10094
M73 P15 R32
M73 Q15 S32
G1 X107.436 Y111.475 E4.14955
G1 X101.379 Y111.475 E4.38738
G1 X101.22 Y111.403 E4.39423
G1 X97.582 Y105.102 E4.67991
G1 X97.557 Y104.969 E4.68522
G1 X101.203 Y98.627 E4.97245
G1 X101.308 Y98.538 E4.97785
M73 P15 R31
G1 X102.532 Y98.525 E5.02591
G1 X108.621 Y98.525 E5.26499
G1 X108.774 Y98.595 E5.2716
G1 X112.418 Y104.898 E5.55747
G1 X112.424 Y104.94 E5.55914
G1 X112.28 Y105.314 F7800
G92 E0
G1 X94.077 Y108.429
;TYPE:Perimeter
G1 F884.349
G1 X93.931 Y107.966 E.01906
G1 X93.724 Y107.036 E.05647
G1 X93.639 Y106.505 E.07758
G1 X93.56 Y105.645 E.11149
G1 X93.541 Y105.038 E.13534
G1 X93.55 Y104.511 E.15604
G1 X93.638 Y103.504 E.19573
G1 X93.803 Y102.569 E.23301
G1 X93.928 Y102.043 E.25424
G1 X94.184 Y101.218 E.28816
G1 X94.395 Y100.661 E.31155
G1 X94.595 Y100.198 E.33135
G1 X94.83 Y99.716 E.35241
G1 X95.259 Y98.966 E.38634
G1 X95.585 Y98.469 E.40968
G1 X95.901 Y98.032 E.43085
G1 X96.551 Y97.258 E.47054
G1 X97.258 Y96.551 E.5098
G1 X98.024 Y95.908 E.54907
G1 X98.843 Y95.335 E.58832
G1 X99.71 Y94.834 E.62764
G1 X100.482 Y94.471 E.66114
G1 X101.075 Y94.233 E.68623
G1 X102.034 Y93.931 E.72571
G1 X103.01 Y93.714 E.76497
G1 X103.945 Y93.591 E.802
G1 X104.491 Y93.551 E.8235
G1 X105.355 Y93.548 E.85742
G1 X105.949 Y93.581 E.88078
G1 X106.485 Y93.636 E.90194
G1 X107.48 Y93.812 E.94161
G1 X108.448 Y94.071 E.98096
G1 X109.25 Y94.36 E1.01443
G1 X109.807 Y94.598 E1.03821
M73 Q15 S31
G1 X110.284 Y94.83 E1.05904
G1 X111.034 Y95.259 E1.09297
G1 X111.541 Y95.591 E1.11677
G1 X111.968 Y95.901 E1.13749
G1 X112.742 Y96.551 E1.17718
G1 X113.449 Y97.258 E1.21644
G1 X114.092 Y98.024 E1.25571
G1 X114.665 Y98.843 E1.29496
G1 X115.137 Y99.659 E1.33197
G1 X115.382 Y100.146 E1.35338
G1 X115.769 Y101.08 E1.39308
G1 X116.069 Y102.034 E1.43235
G1 X116.288 Y103.021 E1.47205
G1 X116.366 Y103.549 E1.49301
G1 X116.449 Y104.571 E1.53327
G1 X116.449 Y105.502 E1.56983
G1 X116.378 Y106.352 E1.60332
G1 X116.287 Y106.984 E1.62839
G1 X116.069 Y107.966 E1.66789
G1 X115.769 Y108.92 E1.70716
G1 X115.408 Y109.791 E1.74418
G1 X115.17 Y110.284 E1.76568
G1 X114.741 Y111.034 E1.79961
G1 X114.415 Y111.531 E1.82295
G1 X114.099 Y111.968 E1.84412
G1 X113.449 Y112.742 E1.88381
G1 X112.742 Y113.449 E1.92307
G1 X111.976 Y114.092 E1.96234
G1 X111.157 Y114.665 E2.00159
G1 X110.292 Y115.165 E2.04082
G1 X109.426 Y115.569 E2.07834
G1 X108.93 Y115.765 E2.09928
G1 X108.015 Y116.054 E2.13696
G1 X107.49 Y116.187 E2.15823
G1 X106.639 Y116.34 E2.19218
G1 X106.049 Y116.411 E2.21551
G1 X105.511 Y116.449 E2.23669
G1 X104.5 Y116.449 E2.27639
G1 X103.504 Y116.362 E2.31565
G1 X102.572 Y116.197 E2.35281
G1 X102.045 Y116.073 E2.37407
G1 X101.081 Y115.769 E2.41376
G1 X100.157 Y115.386 E2.45303
G1 X99.27 Y114.925 E2.49228
G1 X98.427 Y114.387 E2.53155
G1 X97.634 Y113.779 E2.57079
G1 X96.935 Y113.138 E2.60803
G1 X96.558 Y112.751 E2.62924
G1 X95.908 Y111.976 E2.66896
G1 X95.335 Y111.157 E2.70821
G1 X94.863 Y110.341 E2.74522
G1 X94.618 Y109.854 E2.76663
G1 X94.231 Y108.92 E2.80633
G1 X94.095 Y108.486 E2.82419
G1 X93.691 Y108.56 F7800
G1 F884.349
G1 X93.537 Y108.071 E2.84432
G1 X93.311 Y107.054 E2.88523
G1 X93.235 Y106.555 E2.90505
G1 X93.154 Y105.67 E2.93994
G1 X93.132 Y104.997 E2.96638
G1 X93.143 Y104.489 E2.98633
G1 X93.234 Y103.451 E3.02724
G1 X93.415 Y102.425 E3.06815
G1 X93.535 Y101.934 E3.088
G1 X93.799 Y101.085 E3.12291
G1 X94.037 Y100.455 E3.14935
G1 X94.244 Y99.984 E3.16955
G1 X94.471 Y99.525 E3.18966
G1 X94.912 Y98.754 E3.22454
G1 X95.28 Y98.19 E3.25098
G1 X95.581 Y97.781 E3.27092
G1 X96.251 Y96.983 E3.31183
G1 X96.983 Y96.251 E3.35248
G1 X97.776 Y95.585 E3.39314
G1 X98.624 Y94.991 E3.43379
G1 X99.598 Y94.437 E3.47779
G1 X100.377 Y94.074 E3.51153
G1 X101.017 Y93.825 E3.53849
G1 X102.028 Y93.515 E3.58001
G1 X103.044 Y93.299 E3.62079
G1 X104.053 Y93.172 E3.66072
G1 X104.553 Y93.144 E3.68038
G1 X105.439 Y93.145 E3.71517
G1 X106.104 Y93.185 E3.74133
G1 X106.621 Y93.247 E3.76178
G1 X107.669 Y93.441 E3.80363
G1 X108.659 Y93.714 E3.84395
G1 X109.463 Y94.008 E3.87756
G1 X110.068 Y94.27 E3.90345
G1 X110.529 Y94.502 E3.92371
G1 X111.296 Y94.945 E3.95849
G1 X111.854 Y95.313 E3.98474
G1 X112.378 Y95.714 E4.01065
G1 X113.088 Y96.321 E4.04733
G1 X113.816 Y97.062 E4.08812
G1 X114.476 Y97.863 E4.12887
G1 X115.063 Y98.718 E4.16959
G1 X115.566 Y99.599 E4.20942
G1 X115.784 Y100.053 E4.22919
G1 X116.183 Y101.042 E4.27106
G1 X116.485 Y102.028 E4.31155
G1 X116.699 Y103.017 E4.35128
G1 X116.771 Y103.514 E4.371
G1 X116.856 Y104.571 E4.41264
G1 X116.856 Y105.519 E4.44986
G1 X116.783 Y106.398 E4.48449
G1 X116.688 Y107.057 E4.51063
G1 X116.463 Y108.071 E4.55141
G1 X116.152 Y109.059 E4.59208
G1 X115.753 Y110.022 E4.63301
G1 X115.529 Y110.475 E4.65285
G1 X115.088 Y111.246 E4.68773
G1 X114.72 Y111.81 E4.71417
G1 X114.419 Y112.219 E4.73411
G1 X113.749 Y113.017 E4.77502
G1 X113.017 Y113.75 E4.81569
G1 X112.224 Y114.415 E4.85633
G1 X111.376 Y115.009 E4.89698
G1 X110.48 Y115.526 E4.9376
G1 X109.535 Y115.967 E4.97855
G1 X109.065 Y116.15 E4.99835
G1 X108.065 Y116.465 E5.03952
G1 X107.574 Y116.585 E5.05937
G1 X106.7 Y116.743 E5.09424
G1 X106.031 Y116.823 E5.1207
G1 X105.525 Y116.856 E5.14061
G1 X104.482 Y116.856 E5.18156
G1 X103.451 Y116.766 E5.2222
G1 X102.425 Y116.585 E5.26311
G1 X101.935 Y116.465 E5.28292
G1 X100.941 Y116.152 E5.32384
G1 X99.985 Y115.755 E5.36448
G1 X99.066 Y115.277 E5.40515
G1 X98.193 Y114.721 E5.44579
G1 X97.372 Y114.091 E5.48642
G1 X96.603 Y113.387 E5.52736
G1 X96.255 Y113.023 E5.54713
G1 X95.585 Y112.224 E5.58807
G1 X94.991 Y111.376 E5.62872
G1 X94.47 Y110.474 E5.66962
G1 X94.247 Y110.022 E5.68941
G1 X93.848 Y109.059 E5.73034
G1 X93.709 Y108.617 E5.74853
G1 X93.305 Y108.69 F7800
;TYPE:External perimeter
G1 F884.349
G1 X93.143 Y108.177 E5.76965
G1 X92.911 Y107.129 E5.8118
G1 X92.83 Y106.604 E5.83266
G1 X92.747 Y105.695 E5.8685
G1 X92.725 Y104.999 E5.89584
G1 X92.737 Y104.467 E5.91673
G1 X92.83 Y103.398 E5.95886
G1 X93.017 Y102.341 E6.00101
G1 X93.143 Y101.825 E6.02187
G1 X93.414 Y100.953 E6.05772
G1 X93.66 Y100.302 E6.08505
G1 X94.111 Y99.334 E6.12698
G1 X94.565 Y98.541 E6.16286
G1 X94.946 Y97.958 E6.19021
G1 X95.26 Y97.529 E6.21108
G1 X95.95 Y96.707 E6.25322
G1 X96.707 Y95.95 E6.29526
G1 X97.528 Y95.262 E6.33732
G1 X98.405 Y94.648 E6.37936
G1 X99.424 Y94.069 E6.42538
G1 X100.226 Y93.696 E6.46011
G1 X100.894 Y93.436 E6.48826
G1 X101.94 Y93.118 E6.53119
G1 X102.991 Y92.896 E6.57337
G1 X104.027 Y92.765 E6.61437
G1 X104.552 Y92.737 E6.63501
G1 X105.462 Y92.738 E6.67074
G1 X106.148 Y92.78 E6.69773
G1 X106.692 Y92.846 E6.71925
G1 X107.774 Y93.048 E6.76247
G1 X108.797 Y93.331 E6.80415
G1 X109.624 Y93.634 E6.83873
G1 X110.248 Y93.905 E6.86544
G1 X110.731 Y94.148 E6.88667
G1 X111.519 Y94.604 E6.92242
G1 X112.095 Y94.985 E6.94954
G1 X112.64 Y95.402 E6.97648
G1 X113.375 Y96.033 E7.01452
G1 X114.128 Y96.8 E7.05672
G1 X114.81 Y97.63 E7.0989
G1 X115.416 Y98.514 E7.14098
G1 X115.931 Y99.419 E7.18187
G1 X116.16 Y99.897 E7.20268
G1 X116.572 Y100.919 E7.24595
G1 X116.882 Y101.94 E7.28785
G1 X117.102 Y102.955 E7.32863
G1 X117.177 Y103.478 E7.34938
G1 X117.263 Y104.571 E7.39243
G1 X117.263 Y105.536 E7.43032
G1 X117.187 Y106.444 E7.4661
G1 X117.089 Y107.13 E7.49331
G1 X116.857 Y108.177 E7.53542
G1 X116.535 Y109.198 E7.57746
G1 X116.124 Y110.19 E7.61962
G1 X115.889 Y110.666 E7.64046
G1 X115.435 Y111.459 E7.67634
G1 X115.054 Y112.042 E7.70369
G1 X114.74 Y112.471 E7.72456
G1 X114.05 Y113.293 E7.7667
G1 X113.293 Y114.05 E7.80874
G1 X112.472 Y114.738 E7.8508
G1 X111.595 Y115.352 E7.89284
G1 X110.668 Y115.888 E7.93488
G1 X109.695 Y116.341 E7.97702
G1 X109.201 Y116.534 E7.99784
G1 X108.175 Y116.857 E8.04007
G1 X107.659 Y116.983 E8.06093
G1 X106.76 Y117.146 E8.0968
G1 X106.069 Y117.228 E8.12412
G1 X105.538 Y117.263 E8.14501
G1 X104.465 Y117.263 E8.18714
G1 X103.398 Y117.17 E8.22919
G1 X102.341 Y116.983 E8.27134
G1 X101.825 Y116.857 E8.2922
G1 X100.802 Y116.535 E8.33431
G1 X99.812 Y116.125 E8.37638
G1 X98.863 Y115.63 E8.41841
G1 X97.959 Y115.055 E8.46048
G1 X97.11 Y114.403 E8.50251
G1 X96.319 Y113.678 E8.54464
G1 X95.952 Y113.295 E8.56547
G1 X95.262 Y112.472 E8.60764
G1 X94.648 Y111.595 E8.64968
G1 X94.111 Y110.666 E8.69181
G1 X93.876 Y110.19 E8.71265
G1 X93.465 Y109.198 E8.75481
G1 X93.323 Y108.748 E8.77334
G1 X93.203 Y108.366 F7800
;LAYER_CHANGE
;Z:2.15
;HEIGHT:0.2
G92 E0
G1 Z2.15 F7800
G1 X113.246 Y105
;TYPE:Perimeter
G1 F884.349
G1 X113.246 Y105.166 E.00652
G1 X113.123 Y105.509 E.02083
G1 X109.502 Y111.78 E.30516
G1 X109.267 Y112.058 E.31945
G1 X108.979 Y112.224 E.3325
G1 X108.621 Y112.289 E.34679
G1 X101.379 Y112.289 E.63114
G1 X101.072 Y112.242 E.64333
G1 X100.832 Y112.13 E.65373
G1 X100.615 Y111.943 E.66498
G1 X100.337 Y111.502 E.68545
G1 X96.877 Y105.509 E.95716
G1 X96.754 Y105.166 E.97147
G1 X96.754 Y104.834 E.98451
G1 X96.877 Y104.491 E.99882
G1 X100.498 Y98.22 E1.28315
G1 X100.733 Y97.942 E1.29744
G1 X101.032 Y97.772 E1.31095
G1 X101.379 Y97.711 E1.32478
G1 X108.621 Y97.711 E1.60913
G1 X108.971 Y97.773 E1.62309
G1 X109.315 Y97.985 E1.63896
G1 X109.502 Y98.22 E1.65075
G1 X113.123 Y104.491 E1.93508
G1 X113.246 Y104.834 E1.94939
G1 X113.246 Y104.94 E1.95355
G1 X112.851 Y105.005 F7800
G1 F884.349
G1 X112.77 Y105.305 E1.96575
G1 X109.15 Y111.577 E2.25009
G1 X108.926 Y111.8 E2.2625
G1 X108.621 Y111.882 E2.2749
G1 X101.379 Y111.882 E2.55925
M73 Q16 S31
G1 X101.097 Y111.813 E2.57065
M73 P16 R31
G1 X100.921 Y111.675 E2.57943
G1 X97.23 Y105.305 E2.8685
G1 X97.148 Y105 E2.8809
G1 X97.23 Y104.695 E2.8933
G1 X100.85 Y98.423 E3.17764
G1 X101.074 Y98.2 E3.19005
G1 X101.379 Y98.118 E3.20245
G1 X108.621 Y98.118 E3.4868
G1 X108.831 Y98.155 E3.49517
G1 X109.082 Y98.328 E3.50714
G1 X112.77 Y104.695 E3.79605
G1 X112.838 Y104.947 E3.8063
G1 X112.431 Y105 F7800
;TYPE:External perimeter
G1 F884.349
G1 X112.438 Y105.053 E3.8084
G1 X112.05 Y105.739 E3.83935
G1 X108.797 Y111.373 E4.09479
G1 X108.665 Y111.475 E4.10134
G1 X101.379 Y111.475 E4.38742
G1 X101.226 Y111.406 E4.39401
G1 X97.582 Y105.102 E4.67991
G1 X97.558 Y104.967 E4.68529
G1 X97.965 Y104.234 E4.71821
G1 X101.203 Y98.627 E4.97244
G1 X101.337 Y98.529 E4.97896
G1 X108.621 Y98.525 E5.26496
G1 X108.774 Y98.595 E5.27157
G1 X112.418 Y104.898 E5.55744
G1 X112.423 Y104.94 E5.5591
G1 X112.283 Y105.315 F7800
G92 E0
G1 X94.077 Y108.429
;TYPE:Perimeter
G1 F884.349
G1 X93.931 Y107.966 E.01906
G1 X93.724 Y107.036 E.05647
G1 X93.639 Y106.507 E.07751
G1 X93.551 Y105.5 E.1172
G1 X93.551 Y104.5 E.15646
G1 X93.638 Y103.504 E.19572
G1 X93.803 Y102.569 E.233
G1 X93.928 Y102.042 E.25427
G1 X94.175 Y101.246 E.28699
G1 X94.394 Y100.662 E.31148
G1 X94.609 Y100.167 E.33267
G1 X95.049 Y99.321 E.37011
G1 X95.33 Y98.85 E.39164
G1 X95.805 Y98.165 E.42437
G1 X96.19 Y97.672 E.44893
G1 X96.543 Y97.266 E.47005
G1 X97.258 Y96.551 E.50975
G1 X98.024 Y95.908 E.54902
G1 X98.843 Y95.335 E.58827
G1 X99.672 Y94.856 E.62586
G1 X100.146 Y94.618 E.64669
G1 X101.08 Y94.231 E.68639
G1 X102.034 Y93.931 E.72566
G1 X103.01 Y93.714 E.76492
G1 X103.945 Y93.591 E.80195
G1 X104.491 Y93.551 E.82345
G1 X105.325 Y93.547 E.8562
G1 X105.948 Y93.581 E.8807
G1 X106.485 Y93.636 E.9019
G1 X107.48 Y93.812 E.94157
G1 X108.446 Y94.071 E.98084
G1 X109.344 Y94.397 E1.01835
G1 X109.81 Y94.599 E1.03829
G1 X110.284 Y94.83 E1.05899
G1 X111.008 Y95.244 E1.09174
G1 X111.54 Y95.591 E1.11668
G1 X111.968 Y95.901 E1.13743
G1 X112.742 Y96.551 E1.17712
G1 X113.449 Y97.258 E1.21638
G1 X114.092 Y98.024 E1.25565
G1 X114.665 Y98.843 E1.2949
G1 X115.137 Y99.659 E1.33191
G1 X115.382 Y100.146 E1.35332
G1 X115.769 Y101.08 E1.39302
G1 X116.069 Y102.034 E1.43229
G1 X116.288 Y103.021 E1.47199
G1 X116.366 Y103.549 E1.49295
G1 X116.449 Y104.571 E1.53321
G1 X116.449 Y105.5 E1.56969
G1 X116.362 Y106.496 E1.60895
G1 X116.188 Y107.48 E1.64819
G1 X115.943 Y108.394 E1.68534
G1 X115.773 Y108.909 E1.70663
G1 X115.408 Y109.791 E1.74411
G1 X115.17 Y110.284 E1.76561
G1 X114.756 Y111.008 E1.79836
G1 X114.416 Y111.531 E1.82285
G1 X114.099 Y111.968 E1.84405
G1 X113.449 Y112.742 E1.88374
G1 X112.742 Y113.449 E1.923
G1 X111.976 Y114.092 E1.96227
G1 X111.157 Y114.665 E2.00152
G1 X110.292 Y115.165 E2.04075
G1 X109.426 Y115.569 E2.07827
G1 X108.93 Y115.765 E2.09921
G1 X108.015 Y116.054 E2.13689
G1 X107.489 Y116.187 E2.15819
G1 X106.669 Y116.335 E2.19091
G1 X106.049 Y116.411 E2.21544
G1 X105.511 Y116.449 E2.23662
G1 X104.5 Y116.449 E2.27632
G1 X103.504 Y116.362 E2.31558
G1 X102.52 Y116.188 E2.35482
G1 X101.554 Y115.929 E2.39409
G1 X100.656 Y115.603 E2.4316
G1 X100.167 Y115.391 E2.45253
G1 X99.27 Y114.925 E2.49222
G1 X98.427 Y114.387 E2.53149
G1 X97.632 Y113.777 E2.57084
G1 X97.023 Y113.225 E2.60311
G1 X96.554 Y112.746 E2.62943
G1 X95.908 Y111.976 E2.66889
G1 X95.335 Y111.157 E2.70814
G1 X94.863 Y110.341 E2.74515
G1 X94.618 Y109.854 E2.76656
G1 X94.231 Y108.92 E2.80626
G1 X94.095 Y108.486 E2.82412
G1 X93.691 Y108.56 F7800
G1 F884.349
G1 X93.537 Y108.071 E2.84425
G1 X93.311 Y107.054 E2.88516
G1 X93.235 Y106.556 E2.90494
G1 X93.144 Y105.518 E2.94585
G1 X93.144 Y104.482 E2.98653
G1 X93.234 Y103.451 E3.02717
G1 X93.415 Y102.425 E3.06808
G1 X93.535 Y101.934 E3.08793
G1 X93.789 Y101.114 E3.12164
G1 X94.037 Y100.455 E3.14929
G1 X94.241 Y99.991 E3.16919
G1 X94.726 Y99.06 E3.21041
G1 X94.988 Y98.628 E3.23025
G1 X95.477 Y97.923 E3.26394
G1 X95.911 Y97.369 E3.29157
G1 X96.246 Y96.987 E3.31152
G1 X96.983 Y96.251 E3.35242
G1 X97.776 Y95.585 E3.39308
G1 X98.624 Y94.991 E3.43373
G1 X99.526 Y94.47 E3.47463
G1 X99.978 Y94.247 E3.49442
G1 X100.941 Y93.848 E3.53535
G1 X101.929 Y93.537 E3.57602
G1 X102.939 Y93.313 E3.61664
G1 X103.973 Y93.177 E3.65759
G1 X104.477 Y93.144 E3.67742
G1 X105.335 Y93.14 E3.71111
G1 X106.038 Y93.178 E3.73875
G1 X106.542 Y93.233 E3.75866
G1 X107.569 Y93.414 E3.79961
G1 X108.569 Y93.682 E3.84026
G1 X109.548 Y94.038 E3.88116
G1 X110.056 Y94.264 E3.90299
G1 X110.528 Y94.501 E3.92373
G1 X111.27 Y94.929 E3.95736
G1 X111.856 Y95.314 E3.98489
G1 X112.378 Y95.714 E4.01071
G1 X113.088 Y96.321 E4.04739
G1 X113.816 Y97.062 E4.08818
G1 X114.476 Y97.863 E4.12893
G1 X115.063 Y98.718 E4.16965
G1 X115.566 Y99.599 E4.20948
G1 X115.784 Y100.053 E4.22925
G1 X116.183 Y101.042 E4.27112
G1 X116.485 Y102.028 E4.31161
G1 X116.699 Y103.017 E4.35134
G1 X116.771 Y103.514 E4.37106
G1 X116.856 Y104.571 E4.4127
G1 X116.856 Y105.518 E4.44988
G1 X116.766 Y106.549 E4.49052
G1 X116.586 Y107.569 E4.53119
G1 X116.316 Y108.575 E4.57209
G1 X116.154 Y109.052 E4.59187
G1 X115.753 Y110.022 E4.63308
G1 X115.529 Y110.475 E4.65292
G1 X115.104 Y111.22 E4.6866
G1 X114.719 Y111.81 E4.71426
G1 X114.419 Y112.219 E4.73418
G1 X113.749 Y113.017 E4.77509
G1 X113.017 Y113.75 E4.81576
G1 X112.224 Y114.415 E4.8564
G1 X111.376 Y115.009 E4.89705
G1 X110.48 Y115.526 E4.93767
G1 X109.535 Y115.967 E4.97862
G1 X109.065 Y116.15 E4.99842
G1 X108.065 Y116.465 E5.03959
G1 X107.574 Y116.585 E5.05944
G1 X106.73 Y116.738 E5.09312
G1 X106.031 Y116.823 E5.12077
G1 X105.525 Y116.856 E5.14068
G1 X104.482 Y116.856 E5.18163
G1 X103.451 Y116.766 E5.22227
G1 X102.431 Y116.586 E5.26294
G1 X101.431 Y116.318 E5.30359
G1 X100.452 Y115.962 E5.34449
G1 X99.991 Y115.759 E5.36427
G1 X99.066 Y115.277 E5.40522
G1 X98.193 Y114.721 E5.44586
G1 X97.371 Y114.09 E5.48655
G1 X96.74 Y113.518 E5.51999
G1 X96.253 Y113.02 E5.54734
G1 X95.585 Y112.224 E5.58814
G1 X94.991 Y111.376 E5.62879
G1 X94.47 Y110.474 E5.66969
G1 X94.247 Y110.022 E5.68948
G1 X93.848 Y109.059 E5.73041
G1 X93.709 Y108.617 E5.7486
G1 X93.305 Y108.69 F7800
;TYPE:External perimeter
G1 F884.349
G1 X93.143 Y108.177 E5.76972
G1 X92.911 Y107.129 E5.81187
G1 X92.83 Y106.605 E5.83269
G1 X92.737 Y105.535 E5.87486
G1 X92.737 Y104.465 E5.91687
G1 X92.83 Y103.398 E5.95892
G1 X93.017 Y102.341 E6.00107
G1 X93.143 Y101.825 E6.02193
G1 X93.404 Y100.982 E6.05658
G1 X93.66 Y100.301 E6.08515
G1 X93.874 Y99.815 E6.106
G1 X94.371 Y98.86 E6.14827
G1 X94.646 Y98.406 E6.16911
G1 X95.149 Y97.681 E6.20376
G1 X95.598 Y97.109 E6.23231
G1 X95.948 Y96.709 E6.25318
G1 X96.707 Y95.95 E6.29533
G1 X97.528 Y95.262 E6.33739
G1 X98.405 Y94.648 E6.37943
G1 X99.334 Y94.111 E6.42156
G1 X99.81 Y93.876 E6.4424
G1 X100.91 Y93.431 E6.48899
G1 X101.94 Y93.118 E6.53126
G1 X102.991 Y92.896 E6.57344
G1 X104.027 Y92.765 E6.61444
G1 X104.551 Y92.736 E6.63505
G1 X105.43 Y92.737 E6.66956
G1 X106.15 Y92.781 E6.69788
G1 X106.692 Y92.846 E6.71931
G1 X107.774 Y93.048 E6.76253
G1 X108.801 Y93.333 E6.80438
G1 X109.775 Y93.694 E6.84517
G1 X110.73 Y94.148 E6.88669
G1 X111.492 Y94.587 E6.92122
G1 X112.096 Y94.986 E6.94964
G1 X112.64 Y95.402 E6.97653
G1 X113.375 Y96.033 E7.01457
G1 X114.128 Y96.8 E7.05677
G1 X114.81 Y97.63 E7.09895
G1 X115.416 Y98.514 E7.14103
G1 X115.931 Y99.419 E7.18192
G1 X116.16 Y99.897 E7.20273
G1 X116.572 Y100.919 E7.246
G1 X116.882 Y101.94 E7.2879
G1 X117.102 Y102.955 E7.32868
G1 X117.177 Y103.478 E7.34943
G1 X117.263 Y104.571 E7.39248
G1 X117.263 Y105.535 E7.43033
G1 X117.17 Y106.602 E7.47238
G1 X116.984 Y107.657 E7.51444
G1 X116.706 Y108.693 E7.55656
G1 X116.535 Y109.196 E7.57742
G1 X116.124 Y110.19 E7.61965
G1 X115.889 Y110.666 E7.64049
G1 X115.451 Y111.432 E7.67514
G1 X115.054 Y112.042 E7.70372
G1 X114.74 Y112.471 E7.72459
G1 X114.05 Y113.293 E7.76673
G1 X113.293 Y114.05 E7.80877
G1 X112.472 Y114.738 E7.85083
G1 X111.595 Y115.352 E7.89287
G1 X110.668 Y115.888 E7.93491
G1 X109.695 Y116.341 E7.97705
G1 X109.201 Y116.534 E7.99787
G1 X108.175 Y116.857 E8.0401
G1 X107.659 Y116.984 E8.06097
G1 X106.79 Y117.141 E8.09564
G1 X106.069 Y117.228 E8.12416
G1 X105.538 Y117.263 E8.14505
G1 X104.465 Y117.263 E8.18718
G1 X103.398 Y117.17 E8.22923
G1 X102.343 Y116.984 E8.27129
G1 X101.309 Y116.707 E8.31332
G1 X100.3 Y116.34 E8.35548
G1 X99.815 Y116.126 E8.37629
G1 X98.863 Y115.63 E8.41844
G1 X97.959 Y115.055 E8.46051
G1 X97.109 Y114.403 E8.50257
G1 X96.458 Y113.811 E8.53712
G1 X95.951 Y113.294 E8.56555
G1 X95.262 Y112.472 E8.60766
G1 X94.648 Y111.595 E8.6497
G1 X94.111 Y110.666 E8.69183
G1 X93.876 Y110.19 E8.71267
G1 X93.465 Y109.198 E8.75483
G1 X93.323 Y108.748 E8.77336
G1 X93.203 Y108.366 F7800
G92 E0
G1 X95.934 Y111.48
;TYPE:Internal infill
;WIDTH:0.45
;HEIGHT:0.4
G1 F494.289
G1 X96.781 Y112.541 E.09537
G1 X97.559 Y113.296 E.17153
G1 X97.793 Y113.224 E.18873
G1 X98.121 Y113.231 E.21178
G1 X98.448 Y113.458 E.23974
G1 X99.104 Y114.434 E.32235
G1 X99.423 Y114.66 E.34981
G1 X100.414 Y115.12 E.42656
G1 X100.741 Y115.113 E.44954
G1 X101.069 Y114.887 E.47752
G1 X101.724 Y113.91 E.56015
G1 X102.379 Y113.424 E.61745
G1 X103.035 Y113.224 E.66563
G1 X103.362 Y113.231 E.68861
G1 X103.69 Y113.458 E.71663
G1 X104.345 Y114.434 E.7992
G1 X105 Y114.921 E.85654
M73 Q17 S31
G1 X105.655 Y115.12 E.90463
M73 P17 R31
G1 X105.983 Y115.113 E.92768
G1 X106.31 Y114.887 E.9556
G1 X106.966 Y113.91 E1.03827
G1 X107.621 Y113.424 E1.09557
G1 X108.276 Y113.224 E1.14368
G1 X108.603 Y113.231 E1.16666
G1 X108.931 Y113.458 E1.19468
G1 X109.586 Y114.434 E1.27725
G1 X110.181 Y114.876 E1.32932
G1 X108.829 Y115.477 E1.43326
G1 X107.426 Y115.888 E1.53596
G1 X107.225 Y115.924 E1.5503
G1 X106.966 Y115.845 E1.56932
G1 X106.638 Y115.852 E1.59237
G1 X106.323 Y116.07 E1.61928
G1 X105.501 Y116.144 E1.67726
G1 X103.887 Y116.089 E1.79071
G92 E0
G1 X101.24 Y97.416 F7800
G1 F494.289
G1 X100.734 Y97.575 E.03726
G1 X100.441 Y97.795 E.063
G1 X99.634 Y99.105 E.17109
G1 X99.104 Y98.71 E.21753
G1 X98.448 Y97.734 E.30014
G1 X98.121 Y97.508 E.32806
G1 X97.793 Y97.5 E.35111
G1 X97.138 Y97.7 E.39922
G1 X96.483 Y98.187 E.45656
G1 X95.828 Y99.163 E.53913
G1 X95.5 Y99.389 E.56711
G1 X95.368 Y99.392 E.57639
G1 X94.697 Y100.724 E.68116
G1 X94.297 Y101.885 E.76742
G1 X94.517 Y101.818 E.78358
G1 X95.173 Y101.331 E.84097
G1 X95.828 Y100.355 E.92354
G1 X96.155 Y100.128 E.9515
G1 X96.483 Y100.121 E.97455
G1 X97.138 Y100.321 E1.02266
G1 X97.793 Y100.807 E1.07996
G1 X98.255 Y101.495 E1.13818
G1 X97.479 Y102.837 E1.24708
G1 X97.138 Y102.941 E1.27212
G1 X96.483 Y103.428 E1.32946
G1 X95.828 Y104.404 E1.41203
G1 X95.5 Y104.63 E1.44001
G1 X95.173 Y104.638 E1.46299
G1 X94.517 Y104.438 E1.51117
G1 X93.903 Y103.982 E1.5649
G1 X93.863 Y105.564 E1.67607
G1 X94.072 Y107.194 E1.79151
G1 X94.517 Y107.059 E1.82418
G1 X95.173 Y106.572 E1.88157
G1 X95.828 Y105.596 E1.96414
G1 X96.155 Y105.37 E1.99206
G1 X96.483 Y105.362 E2.01511
G1 X97.955 Y107.987 E2.22653
G1 X97.793 Y107.983 E2.23791
G1 X97.138 Y108.182 E2.286
G1 X96.483 Y108.669 E2.34334
G1 X95.828 Y109.645 E2.42591
G1 X95.5 Y109.872 E2.45393
G1 X95.173 Y109.879 E2.47691
G1 X94.936 Y109.807 E2.49431
G1 X95.659 Y111.088 E2.59764
G1 X95.828 Y110.837 E2.6189
G1 X96.155 Y110.611 E2.64682
G1 X96.483 Y110.604 E2.66987
G1 X97.138 Y110.803 E2.71796
G1 X97.793 Y111.29 E2.7753
G1 X98.448 Y112.266 E2.85787
G1 X98.776 Y112.492 E2.88585
G1 X99.104 Y112.5 E2.9089
G1 X99.759 Y112.3 E2.95701
G1 X100.24 Y111.943 E2.99909
G1 X100.387 Y112.147 E3.01675
G1 X100.715 Y112.417 E3.04659
G1 X100.977 Y112.532 E3.06669
G1 X101.374 Y112.594 E3.09492
G1 X108.628 Y112.594 E3.60451
G1 X108.965 Y112.55 E3.62839
G1 X109.2 Y112.452 E3.64628
G1 X109.586 Y112.5 E3.67361
G1 X110.241 Y112.3 E3.72172
G1 X110.896 Y111.813 E3.77906
G1 X111.552 Y110.837 E3.86167
G1 X111.879 Y110.611 E3.88959
G1 X112.207 Y110.604 E3.91264
G1 X112.862 Y110.803 E3.96073
G1 X113.517 Y111.29 E4.01807
G1 X113.851 Y111.788 E4.06019
G1 X114.488 Y110.86 E4.13926
G1 X115.208 Y109.475 E4.24892
G1 X114.827 Y109.193 E4.28222
G1 X114.172 Y108.217 E4.36479
G1 X113.845 Y107.99 E4.39275
G1 X113.517 Y107.983 E4.4158
G1 X112.862 Y108.182 E4.46389
G1 X112.207 Y108.669 E4.52123
G1 X111.552 Y109.645 E4.6038
G1 X111.224 Y109.872 E4.63182
G1 X110.953 Y109.878 E4.65086
G1 X113.27 Y105.865 E4.97639
G1 X113.517 Y106.049 E4.99803
G1 X114.172 Y107.025 E5.0806
G1 X114.5 Y107.251 E5.10858
G1 X114.827 Y107.258 E5.13156
G1 X115.483 Y107.059 E5.17972
G1 X116.023 Y106.657 E5.22701
G1 X116.144 Y105.487 E5.30964
G1 X116.144 Y104.638 E5.36928
G1 X115.483 Y104.438 E5.41779
G1 X114.827 Y103.952 E5.47514
G1 X114.172 Y102.975 E5.55777
G1 X113.845 Y102.749 E5.58569
G1 X113.517 Y102.742 E5.60874
G1 X112.862 Y102.941 E5.65683
G1 X112.665 Y103.087 E5.67406
G1 X113.409 Y104.378 E5.77873
G1 X113.547 Y104.78 E5.80859
G1 X113.528 Y105.304 E5.84542
G92 E0
G1 X114.672 Y99.464 F7800
G1 F494.289
G1 X115.104 Y100.272 E.06437
G1 X115.482 Y101.185 E.13379
G1 X115.643 Y101.698 E.17156
G1 X115.483 Y101.818 E.18561
G1 X114.827 Y102.017 E.23377
G1 X114.5 Y102.01 E.25675
G1 X114.172 Y101.783 E.28477
G1 X113.517 Y100.807 E.36734
G1 X112.862 Y100.321 E.42464
G1 X112.207 Y100.121 E.47275
G1 X111.879 Y100.128 E.4958
G1 X111.552 Y100.355 E.52376
G1 X111.302 Y100.727 E.55525
G1 X110.457 Y99.262 E.67406
G1 X110.896 Y99.396 E.7063
G1 X111.224 Y99.389 E.72935
G1 X111.552 Y99.163 E.75733
G1 X112.207 Y98.187 E.8399
G1 X112.862 Y97.7 E.89724
G1 X113.308 Y97.564 E.93
G1 X112.536 Y96.776 E1.0075
G1 X111.155 Y95.704 E1.13031
G1 X110.896 Y96.09 E1.16296
G1 X110.241 Y96.576 E1.22026
G1 X109.586 Y96.776 E1.26837
G1 X109.259 Y96.769 E1.29135
G1 X108.931 Y96.542 E1.31937
G1 X108.276 Y95.566 E1.40194
G1 X107.621 Y95.079 E1.45928
G1 X106.966 Y94.88 E1.50737
G1 X106.638 Y94.887 E1.53042
G1 X106.31 Y95.113 E1.5584
G1 X105.655 Y96.09 E1.64103
G1 X105 Y96.576 E1.69833
G1 X104.345 Y96.776 E1.74644
G1 X104.017 Y96.769 E1.76949
G1 X103.69 Y96.542 E1.79745
G1 X103.035 Y95.566 E1.88002
G1 X102.379 Y95.079 E1.93741
G1 X101.724 Y94.88 E1.9855
G1 X101.397 Y94.887 E2.00848
G1 X101.069 Y95.113 E2.03646
G1 X100.414 Y96.09 E2.11909
G1 X99.759 Y96.576 E2.17639
G1 X99.104 Y96.776 E2.2245
G1 X98.776 Y96.769 E2.24755
G1 X98.448 Y96.542 E2.27557
G1 X98.194 Y96.164 E2.30756
G1 X99.007 Y95.593 E2.37735
G1 X100.452 Y94.822 E2.49241
G1 X101.185 Y94.518 E2.54816
M73 P17 R30
G1 X102.113 Y94.226 E2.6165
G1 X103.063 Y94.015 E2.68486
G1 X104.042 Y93.886 E2.75423
G1 X104.866 Y93.856 E2.81215
G1 X105 Y93.956 E2.8239
G1 X105.655 Y94.155 E2.87199
G1 X105.983 Y94.148 E2.89504
G1 X106.307 Y93.924 E2.92271
G1 X107.414 Y94.11 E3.00157
G1 X108.679 Y94.48 E3.09416
;LAYER_CHANGE
;Z:2.35
;HEIGHT:0.2
G92 E0
G1 Z2.35 F7800
G1 X113.246 Y105
;TYPE:Perimeter
;WIDTH:0.449999
G1 F884.349
G1 X113.246 Y105.166 E.00652
G1 X113.123 Y105.509 E.02083
G1 X109.502 Y111.78 E.30516
G1 X109.267 Y112.058 E.31945
G1 X108.979 Y112.224 E.3325
G1 X108.621 Y112.289 E.34679
G1 X101.379 Y112.289 E.63114
G1 X101.072 Y112.242 E.64333
G1 X100.832 Y112.13 E.65373
G1 X100.615 Y111.943 E.66498
G1 X100.34 Y111.507 E.68522
G1 X96.877 Y105.509 E.95716
G1 X96.775 Y105.263 E.96762
G1 X96.741 Y105 E.97803
G1 X96.754 Y104.834 E.98457
G1 X96.877 Y104.491 E.99888
G1 X100.498 Y98.22 E1.28321
M73 Q17 S30
G1 X100.742 Y97.935 E1.29794
G1 X101.115 Y97.746 E1.31436
G1 X101.663 Y97.711 E1.33592
G1 X108.621 Y97.711 E1.60912
G1 X108.971 Y97.773 E1.62308
G1 X109.314 Y97.984 E1.63889
G1 X109.502 Y98.22 E1.65074
G1 X113.123 Y104.491 E1.93507
G1 X113.246 Y104.834 E1.94938
G1 X113.246 Y104.94 E1.95354
G1 X112.851 Y105.005 F7800
G1 F884.349
G1 X112.77 Y105.305 E1.96574
G1 X109.15 Y111.577 E2.25008
G1 X108.926 Y111.8 E2.26249
G1 X108.621 Y111.882 E2.27489
G1 X101.379 Y111.882 E2.55924
G1 X101.097 Y111.813 E2.57064
G1 X100.921 Y111.675 E2.57942
G1 X97.23 Y105.305 E2.86849
G1 X97.168 Y105.158 E2.87475
M73 P18 R30
M73 Q18 S30
G1 X97.156 Y104.9 E2.88489
G1 X97.23 Y104.695 E2.89345
G1 X100.85 Y98.423 E3.17779
G1 X101.07 Y98.202 E3.19003
G1 X101.379 Y98.118 E3.2026
G1 X108.621 Y98.118 E3.48695
G1 X108.923 Y98.198 E3.49922
G1 X109.134 Y98.397 E3.51061
G1 X109.517 Y99.06 E3.54067
G1 X112.77 Y104.695 E3.79615
G1 X112.838 Y104.947 E3.8064
G1 X112.431 Y105 F7800
;TYPE:External perimeter
G1 F884.349
G1 X112.438 Y105.053 E3.8085
G1 X108.797 Y111.373 E4.09489
G1 X108.674 Y111.468 E4.10099
G1 X107.436 Y111.475 E4.1496
G1 X101.379 Y111.475 E4.38743
G1 X101.226 Y111.406 E4.39402
G1 X97.582 Y105.102 E4.67992
G1 X97.582 Y104.898 E4.68793
G1 X101.203 Y98.627 E4.97226
G1 X101.326 Y98.532 E4.97836
G1 X102.532 Y98.525 E5.02571
G1 X108.621 Y98.525 E5.26479
G1 X108.775 Y98.595 E5.27143
G1 X112.418 Y104.898 E5.55728
G1 X112.423 Y104.94 E5.55894
G1 X112.28 Y105.314 F7800
G92 E0
G1 X94.077 Y108.429
;TYPE:Perimeter
G1 F884.349
G1 X93.931 Y107.966 E.01906
G1 X93.724 Y107.036 E.05647
G1 X93.639 Y106.507 E.07751
G1 X93.551 Y105.5 E.1172
G1 X93.551 Y104.5 E.15646
G1 X93.638 Y103.504 E.19572
G1 X93.812 Y102.52 E.23496
G1 X94.057 Y101.606 E.27211
G1 X94.227 Y101.091 E.2934
G1 X94.614 Y100.157 E.3331
G1 X95.049 Y99.321 E.3701
G1 X95.33 Y98.849 E.39167
G1 X95.787 Y98.189 E.42319
G1 X96.19 Y97.673 E.4489
G1 X96.543 Y97.266 E.47005
G1 X97.258 Y96.551 E.50975
G1 X98.024 Y95.908 E.54902
G1 X98.809 Y95.359 E.58663
G1 X99.263 Y95.079 E.60757
G1 X99.973 Y94.704 E.6391
G1 X100.576 Y94.429 E.66512
G1 X101.07 Y94.235 E.68596
G1 X102.034 Y93.931 E.72565
G1 X103.01 Y93.714 E.76491
G1 X103.945 Y93.591 E.80194
G1 X104.492 Y93.551 E.82348
G1 X105.295 Y93.546 E.85501
G1 X105.947 Y93.581 E.88065
G1 X106.485 Y93.636 E.90188
G1 X107.48 Y93.812 E.94155
G1 X108.446 Y94.071 E.98082
G1 X109.344 Y94.397 E1.01833
G1 X109.81 Y94.599 E1.03827
G1 X110.284 Y94.831 E1.05899
G1 X110.982 Y95.228 E1.09052
G1 X111.54 Y95.591 E1.11666
G1 X111.968 Y95.901 E1.13741
G1 X112.742 Y96.551 E1.1771
G1 X113.449 Y97.258 E1.21636
G1 X114.092 Y98.024 E1.25563
G1 X114.665 Y98.843 E1.29488
G1 X115.137 Y99.659 E1.33189
G1 X115.382 Y100.146 E1.3533
G1 X115.769 Y101.08 E1.393
G1 X116.069 Y102.034 E1.43227
G1 X116.288 Y103.021 E1.47197
G1 X116.366 Y103.549 E1.49293
G1 X116.449 Y104.571 E1.53319
G1 X116.449 Y105.5 E1.56967
G1 X116.362 Y106.496 E1.60893
G1 X116.188 Y107.48 E1.64817
G1 X115.943 Y108.394 E1.68532
G1 X115.773 Y108.909 E1.70661
G1 X115.408 Y109.791 E1.74409
G1 X115.171 Y110.282 E1.7655
G1 X114.665 Y111.157 E1.80519
G1 X114.092 Y111.976 E1.84444
G1 X113.449 Y112.742 E1.88371
G1 X112.742 Y113.449 E1.92297
G1 X111.976 Y114.092 E1.96224
G1 X111.157 Y114.665 E2.00149
G1 X110.292 Y115.165 E2.04072
G1 X109.426 Y115.569 E2.07824
G1 X108.93 Y115.765 E2.09918
G1 X108.015 Y116.054 E2.13686
G1 X107.492 Y116.186 E2.15804
G1 X106.496 Y116.362 E2.19775
G1 X105.5 Y116.449 E2.23701
G1 X104.5 Y116.449 E2.27627
G1 X103.504 Y116.362 E2.31553
G1 X102.572 Y116.197 E2.35269
G1 X102.045 Y116.073 E2.37395
G1 X101.081 Y115.769 E2.41364
G1 X100.157 Y115.386 E2.45291
G1 X99.27 Y114.925 E2.49216
G1 X98.427 Y114.387 E2.53143
G1 X97.634 Y113.779 E2.57067
G1 X96.935 Y113.138 E2.60791
G1 X96.558 Y112.751 E2.62912
G1 X95.908 Y111.976 E2.66884
G1 X95.335 Y111.157 E2.70809
G1 X94.863 Y110.341 E2.7451
G1 X94.618 Y109.854 E2.76651
G1 X94.231 Y108.92 E2.80621
G1 X94.095 Y108.486 E2.82407
G1 X93.691 Y108.56 F7800
G1 F884.349
G1 X93.537 Y108.072 E2.84416
G1 X93.311 Y107.054 E2.8851
G1 X93.235 Y106.556 E2.90488
G1 X93.144 Y105.518 E2.94579
G1 X93.144 Y104.482 E2.98647
G1 X93.234 Y103.451 E3.02711
G1 X93.414 Y102.431 E3.06778
G1 X93.684 Y101.425 E3.10868
G1 X93.846 Y100.948 E3.12846
G1 X94.245 Y99.985 E3.16939
G1 X94.726 Y99.06 E3.21033
G1 X94.988 Y98.628 E3.23017
G1 X95.459 Y97.947 E3.26268
G1 X95.911 Y97.369 E3.29149
G1 X96.246 Y96.987 E3.31144
G1 X96.983 Y96.251 E3.35234
G1 X97.776 Y95.585 E3.393
G1 X98.629 Y94.987 E3.4339
G1 X99.062 Y94.725 E3.45377
G1 X99.793 Y94.339 E3.48623
G1 X100.462 Y94.034 E3.5151
G1 X100.935 Y93.85 E3.53503
G1 X101.929 Y93.537 E3.57595
G1 X102.939 Y93.313 E3.61657
G1 X103.973 Y93.177 E3.65752
G1 X104.477 Y93.144 E3.67735
G1 X105.304 Y93.139 E3.70982
G1 X106.038 Y93.178 E3.73868
G1 X106.542 Y93.233 E3.75859
G1 X107.569 Y93.414 E3.79954
G1 X108.569 Y93.682 E3.84019
G1 X109.548 Y94.038 E3.88109
G1 X110.056 Y94.264 E3.90292
G1 X110.528 Y94.501 E3.92366
G1 X111.243 Y94.912 E3.95604
G1 X111.857 Y95.315 E3.98488
G1 X112.378 Y95.714 E4.01065
G1 X113.088 Y96.321 E4.04733
G1 X113.816 Y97.062 E4.08812
G1 X114.476 Y97.863 E4.12887
G1 X115.063 Y98.718 E4.16959
G1 X115.566 Y99.599 E4.20942
G1 X115.784 Y100.053 E4.22919
G1 X116.183 Y101.042 E4.27106
G1 X116.485 Y102.028 E4.31155
G1 X116.699 Y103.017 E4.35128
G1 X116.771 Y103.514 E4.371
G1 X116.856 Y104.571 E4.41264
G1 X116.856 Y105.518 E4.44982
G1 X116.766 Y106.549 E4.49046
G1 X116.586 Y107.569 E4.53113
G1 X116.316 Y108.575 E4.57203
G1 X116.154 Y109.053 E4.59185
G1 X115.753 Y110.022 E4.63303
G1 X115.53 Y110.474 E4.65282
G1 X115.009 Y111.376 E4.69372
G1 X114.415 Y112.224 E4.73437
G1 X113.749 Y113.017 E4.77503
G1 X113.017 Y113.75 E4.8157
G1 X112.224 Y114.415 E4.85634
G1 X111.376 Y115.009 E4.89699
G1 X110.48 Y115.526 E4.93761
G1 X109.535 Y115.967 E4.97856
G1 X109.065 Y116.15 E4.99836
G1 X108.065 Y116.465 E5.03953
G1 X107.575 Y116.585 E5.05934
G1 X106.549 Y116.766 E5.10025
G1 X105.518 Y116.856 E5.14089
G1 X104.482 Y116.856 E5.18157
G1 X103.451 Y116.766 E5.22221
G1 X102.425 Y116.585 E5.26312
G1 X101.935 Y116.465 E5.28293
G1 X100.941 Y116.152 E5.32385
G1 X99.985 Y115.755 E5.36449
G1 X99.066 Y115.277 E5.40516
G1 X98.193 Y114.721 E5.4458
G1 X97.372 Y114.091 E5.48643
G1 X96.603 Y113.387 E5.52737
G1 X96.255 Y113.023 E5.54714
G1 X95.585 Y112.224 E5.58808
G1 X94.991 Y111.376 E5.62873
G1 X94.47 Y110.474 E5.66963
G1 X94.247 Y110.022 E5.68942
G1 X93.848 Y109.059 E5.73035
G1 X93.709 Y108.617 E5.74854
G1 X93.305 Y108.69 F7800
;TYPE:External perimeter
G1 F884.349
G1 X93.143 Y108.177 E5.76966
G1 X92.911 Y107.129 E5.81181
G1 X92.83 Y106.605 E5.83263
G1 X92.737 Y105.535 E5.8748
G1 X92.746 Y104.359 E5.92098
G1 X92.868 Y103.183 E5.9674
G1 X93.046 Y102.23 E6.00547
G1 X93.323 Y101.22 E6.04659
G1 X93.5 Y100.719 E6.06745
G1 X93.933 Y99.701 E6.11089
G1 X94.42 Y98.779 E6.15183
G1 X94.696 Y98.335 E6.17236
G1 X95.182 Y97.64 E6.20566
G1 X95.65 Y97.049 E6.23526
G1 X96.013 Y96.644 E6.25661
G1 X96.797 Y95.875 E6.29973
G1 X97.618 Y95.198 E6.34151
G1 X98.475 Y94.605 E6.38243
G1 X99.031 Y94.281 E6.4077
G1 X99.679 Y93.944 E6.43638
G1 X100.371 Y93.633 E6.46617
G1 X100.881 Y93.441 E6.48757
G1 X101.94 Y93.118 E6.53104
G1 X102.991 Y92.896 E6.57322
G1 X104.027 Y92.765 E6.61422
G1 X104.549 Y92.736 E6.63475
G1 X105.398 Y92.736 E6.66809
G1 X106.152 Y92.781 E6.69775
G1 X106.692 Y92.846 E6.71911
G1 X107.774 Y93.048 E6.76233
G1 X108.801 Y93.333 E6.80418
G1 X109.775 Y93.694 E6.84497
G1 X110.729 Y94.147 E6.88644
G1 X111.465 Y94.571 E6.91979
G1 X112.098 Y94.987 E6.94953
G1 X112.64 Y95.402 E6.97633
G1 X113.375 Y96.033 E7.01437
G1 X114.128 Y96.8 E7.05657
G1 X114.81 Y97.63 E7.09875
G1 X115.416 Y98.514 E7.14083
G1 X115.931 Y99.419 E7.18172
G1 X116.16 Y99.897 E7.20253
G1 X116.572 Y100.919 E7.2458
G1 X116.882 Y101.94 E7.2877
G1 X117.102 Y102.955 E7.32848
G1 X117.177 Y103.478 E7.34923
G1 X117.263 Y104.571 E7.39228
G1 X117.263 Y105.535 E7.43013
G1 X117.17 Y106.602 E7.47218
G1 X116.984 Y107.657 E7.51424
G1 X116.706 Y108.693 E7.55636
G1 X116.535 Y109.196 E7.57722
G1 X116.124 Y110.19 E7.61945
G1 X115.889 Y110.666 E7.64029
G1 X115.352 Y111.595 E7.68242
G1 X114.738 Y112.472 E7.72446
G1 X114.05 Y113.293 E7.76652
G1 X113.293 Y114.05 E7.80856
G1 X112.472 Y114.738 E7.85062
G1 X111.595 Y115.352 E7.89266
G1 X110.668 Y115.888 E7.9347
G1 X109.695 Y116.341 E7.97684
G1 X109.201 Y116.534 E7.99766
G1 X108.175 Y116.857 E8.03989
G1 X107.659 Y116.983 E8.06075
G1 X106.602 Y117.17 E8.1029
G1 X105.535 Y117.263 E8.14495
G1 X104.465 Y117.263 E8.18696
G1 X103.398 Y117.17 E8.22901
G1 X102.341 Y116.983 E8.27116
G1 X101.825 Y116.857 E8.29202
G1 X100.802 Y116.535 E8.33413
G1 X99.812 Y116.125 E8.3762
G1 X98.863 Y115.63 E8.41823
G1 X97.959 Y115.055 E8.4603
G1 X97.11 Y114.403 E8.50233
G1 X96.319 Y113.678 E8.54446
G1 X95.952 Y113.295 E8.56529
G1 X95.262 Y112.472 E8.60746
G1 X94.648 Y111.595 E8.6495
G1 X94.111 Y110.666 E8.69163
G1 X93.876 Y110.19 E8.71247
G1 X93.465 Y109.198 E8.75463
G1 X93.323 Y108.748 E8.77316
G1 X93.203 Y108.366 F7800
;LAYER_CHANGE
;Z:2.55
;HEIGHT:0.2
G92 E0
G1 Z2.55 F7800
G1 X113.246 Y105
;TYPE:Perimeter
G1 F884.349
G1 X113.246 Y105.166 E.00652
G1 X113.123 Y105.509 E.02083
G1 X109.502 Y111.78 E.30516
G1 X109.267 Y112.058 E.31945
G1 X108.979 Y112.224 E.3325
G1 X108.621 Y112.289 E.34679
G1 X101.379 Y112.289 E.63114
G1 X101.072 Y112.242 E.64333
G1 X100.832 Y112.13 E.65373
G1 X100.615 Y111.943 E.66498
G1 X100.34 Y111.507 E.68522
G1 X96.877 Y105.509 E.95716
G1 X96.754 Y105.166 E.97147
G1 X96.754 Y104.834 E.98451
G1 X96.877 Y104.491 E.99882
G1 X100.498 Y98.22 E1.28315
G1 X100.733 Y97.942 E1.29744
M73 P19 R30
M73 Q19 S30
G1 X101.032 Y97.772 E1.31095
G1 X101.379 Y97.711 E1.32478
G1 X108.621 Y97.711 E1.60913
G1 X108.972 Y97.773 E1.62313
G1 X109.314 Y97.983 E1.63889
G1 X109.502 Y98.22 E1.65077
G1 X113.123 Y104.491 E1.9351
G1 X113.246 Y104.834 E1.94941
G1 X113.246 Y104.94 E1.95357
G1 X112.851 Y105.005 F7800
G1 F884.349
G1 X112.77 Y105.305 E1.96577
G1 X109.15 Y111.577 E2.25011
G1 X108.926 Y111.8 E2.26252
G1 X108.621 Y111.882 E2.27492
G1 X101.379 Y111.882 E2.55927
G1 X101.097 Y111.813 E2.57067
G1 X100.921 Y111.675 E2.57945
G1 X97.23 Y105.305 E2.86852
G1 X97.148 Y105 E2.88092
G1 X97.23 Y104.695 E2.89332
G1 X100.85 Y98.423 E3.17766
G1 X101.074 Y98.2 E3.19007
G1 X101.379 Y98.118 E3.20247
G1 X108.621 Y98.118 E3.48682
G1 X108.923 Y98.198 E3.49909
G1 X109.134 Y98.397 E3.51048
G1 X109.517 Y99.06 E3.54054
G1 X112.77 Y104.695 E3.79602
G1 X112.838 Y104.947 E3.80627
G1 X112.431 Y105 F7800
;TYPE:External perimeter
G1 F884.349
G1 X112.438 Y105.053 E3.80837
G1 X108.797 Y111.373 E4.09476
G1 X108.674 Y111.468 E4.10086
G1 X107.436 Y111.475 E4.14947
G1 X101.379 Y111.475 E4.3873
G1 X101.226 Y111.406 E4.39389
G1 X97.582 Y105.102 E4.67979
G1 X97.558 Y104.967 E4.68517
G1 X97.95 Y104.261 E4.71688
G1 X101.203 Y98.627 E4.97232
G1 X101.337 Y98.529 E4.97884
G1 X102.532 Y98.525 E5.02576
G1 X108.621 Y98.525 E5.26484
G1 X108.775 Y98.595 E5.27148
G1 X112.418 Y104.898 E5.55733
G1 X112.423 Y104.94 E5.55899
G1 X112.28 Y105.314 F7800
G92 E0
G1 X94.077 Y108.429
;TYPE:Perimeter
G1 F884.349
G1 X93.931 Y107.966 E.01906
G1 X93.724 Y107.036 E.05647
G1 X93.639 Y106.507 E.07751
G1 X93.551 Y105.5 E.1172
G1 X93.551 Y104.5 E.15646
G1 X93.638 Y103.504 E.19572
G1 X93.812 Y102.52 E.23496
G1 X94.057 Y101.606 E.27211
G1 X94.227 Y101.091 E.2934
G1 X94.614 Y100.157 E.3331
G1 X95.049 Y99.321 E.3701
G1 X95.33 Y98.849 E.39167
G1 X95.769 Y98.213 E.42201
G1 X96.19 Y97.674 E.44886
G1 X96.543 Y97.266 E.47004
G1 X97.258 Y96.551 E.50974
G1 X98.024 Y95.908 E.54901
G1 X98.843 Y95.335 E.58826
G1 X99.672 Y94.856 E.62585
G1 X100.146 Y94.618 E.64668
G1 X101.08 Y94.231 E.68638
G1 X102.034 Y93.931 E.72565
G1 X103.01 Y93.714 E.76491
G1 X103.945 Y93.591 E.80194
G1 X104.492 Y93.551 E.82348
G1 X105.265 Y93.546 E.85383
G1 X105.947 Y93.581 E.88064
G1 X106.485 Y93.636 E.90187
G1 X107.428 Y93.803 E.93947
G1 X107.959 Y93.928 E.96089
G1 X108.697 Y94.155 E.99121
G1 X109.346 Y94.397 E1.01841
G1 X109.81 Y94.599 E1.03828
G1 X110.285 Y94.831 E1.05904
G1 X110.957 Y95.213 E1.08939
G1 X111.539 Y95.59 E1.11662
G1 X111.968 Y95.901 E1.13743
G1 X112.742 Y96.551 E1.17712
G1 X113.449 Y97.258 E1.21638
G1 X114.092 Y98.024 E1.25565
G1 X114.665 Y98.843 E1.2949
G1 X115.137 Y99.659 E1.33191
G1 X115.382 Y100.146 E1.35332
G1 X115.769 Y101.08 E1.39302
G1 X116.069 Y102.034 E1.43229
G1 X116.288 Y103.021 E1.47199
G1 X116.366 Y103.549 E1.49295
G1 X116.449 Y104.571 E1.53321
G1 X116.449 Y105.5 E1.56969
G1 X116.362 Y106.496 E1.60895
G1 X116.188 Y107.48 E1.64819
G1 X115.943 Y108.394 E1.68534
G1 X115.773 Y108.909 E1.70663
G1 X115.408 Y109.791 E1.74411
G1 X115.169 Y110.285 E1.76566
G1 X114.787 Y110.957 E1.79601
G1 X114.416 Y111.529 E1.82278
G1 X114.099 Y111.968 E1.84404
G1 X113.449 Y112.742 E1.88373
G1 X112.742 Y113.449 E1.92299
G1 X111.976 Y114.092 E1.96226
G1 X111.157 Y114.665 E2.00151
G1 X110.292 Y115.165 E2.04074
G1 X109.426 Y115.569 E2.07826
G1 X108.93 Y115.765 E2.0992
G1 X108.015 Y116.054 E2.13688
G1 X107.488 Y116.187 E2.15822
G1 X106.728 Y116.326 E2.18856
G1 X106.051 Y116.41 E2.21535
G1 X105.511 Y116.449 E2.23661
G1 X104.5 Y116.449 E2.27631
G1 X103.504 Y116.362 E2.31557
G1 X102.572 Y116.197 E2.35273
G1 X102.045 Y116.073 E2.37399
G1 X101.081 Y115.769 E2.41368
G1 X100.157 Y115.386 E2.45295
G1 X99.27 Y114.925 E2.4922
G1 X98.427 Y114.387 E2.53147
G1 X97.634 Y113.779 E2.57071
G1 X96.935 Y113.138 E2.60795
G1 X96.558 Y112.751 E2.62916
G1 X95.908 Y111.976 E2.66888
G1 X95.335 Y111.157 E2.70813
G1 X94.863 Y110.341 E2.74514
G1 X94.618 Y109.854 E2.76655
G1 X94.231 Y108.92 E2.80625
G1 X94.095 Y108.486 E2.82411
G1 X93.691 Y108.56 F7800
G1 F884.349
G1 X93.537 Y108.072 E2.8442
G1 X93.311 Y107.054 E2.88514
G1 X93.235 Y106.556 E2.90492
G1 X93.144 Y105.518 E2.94583
G1 X93.144 Y104.482 E2.98651
G1 X93.234 Y103.451 E3.02715
G1 X93.414 Y102.431 E3.06782
G1 X93.684 Y101.425 E3.10872
G1 X93.846 Y100.948 E3.1285
G1 X94.245 Y99.985 E3.16943
G1 X94.726 Y99.06 E3.21037
G1 X94.988 Y98.628 E3.23021
G1 X95.441 Y97.972 E3.26151
G1 X95.912 Y97.368 E3.29158
G1 X96.246 Y96.987 E3.31147
G1 X96.983 Y96.251 E3.35237
G1 X97.776 Y95.585 E3.39303
G1 X98.624 Y94.991 E3.43368
G1 X99.526 Y94.47 E3.47458
G1 X99.978 Y94.247 E3.49437
G1 X100.941 Y93.848 E3.5353
G1 X101.929 Y93.537 E3.57597
G1 X102.939 Y93.313 E3.61659
G1 X103.973 Y93.177 E3.65754
G1 X104.478 Y93.144 E3.67741
G1 X105.274 Y93.138 E3.70867
G1 X106.039 Y93.178 E3.73875
G1 X106.542 Y93.233 E3.75862
G1 X107.575 Y93.415 E3.79981
G1 X108.067 Y93.535 E3.81969
G1 X108.828 Y93.77 E3.85096
G1 X109.546 Y94.037 E3.88104
G1 X110.056 Y94.264 E3.90296
G1 X110.527 Y94.5 E3.92365
G1 X111.217 Y94.896 E3.95489
G1 X111.859 Y95.316 E3.98501
G1 X112.378 Y95.714 E4.01069
G1 X113.088 Y96.321 E4.04737
G1 X113.816 Y97.062 E4.08816
G1 X114.476 Y97.863 E4.12891
G1 X115.063 Y98.718 E4.16963
G1 X115.566 Y99.599 E4.20946
G1 X115.784 Y100.053 E4.22923
G1 X116.183 Y101.042 E4.2711
G1 X116.485 Y102.028 E4.31159
G1 X116.699 Y103.017 E4.35132
G1 X116.771 Y103.514 E4.37104
G1 X116.856 Y104.571 E4.41268
G1 X116.856 Y105.518 E4.44986
G1 X116.766 Y106.549 E4.4905
G1 X116.586 Y107.569 E4.53117
G1 X116.316 Y108.575 E4.57207
G1 X116.154 Y109.052 E4.59185
G1 X115.753 Y110.022 E4.63306
G1 X115.529 Y110.476 E4.65294
G1 X115.135 Y111.168 E4.68421
G1 X114.719 Y111.811 E4.71428
G1 X114.419 Y112.219 E4.73416
G1 X113.749 Y113.017 E4.77507
G1 X113.017 Y113.75 E4.81574
G1 X112.224 Y114.415 E4.85638
G1 X111.376 Y115.009 E4.89703
G1 X110.48 Y115.526 E4.93765
G1 X109.535 Y115.967 E4.9786
G1 X109.065 Y116.15 E4.9984
G1 X108.065 Y116.465 E5.03957
G1 X107.573 Y116.585 E5.05945
G1 X106.79 Y116.729 E5.09071
G1 X106.03 Y116.823 E5.12078
G1 X105.525 Y116.856 E5.14065
G1 X104.482 Y116.856 E5.1816
G1 X103.451 Y116.766 E5.22224
G1 X102.425 Y116.585 E5.26315
G1 X101.935 Y116.465 E5.28296
G1 X100.941 Y116.152 E5.32388
G1 X99.985 Y115.755 E5.36452
G1 X99.066 Y115.277 E5.40519
G1 X98.193 Y114.721 E5.44583
G1 X97.372 Y114.091 E5.48646
G1 X96.603 Y113.387 E5.5274
G1 X96.255 Y113.023 E5.54717
G1 X95.585 Y112.224 E5.58811
G1 X94.991 Y111.376 E5.62876
G1 X94.47 Y110.474 E5.66966
G1 X94.247 Y110.022 E5.68945
G1 X93.848 Y109.059 E5.73038
G1 X93.709 Y108.617 E5.74857
G1 X93.305 Y108.69 F7800
;TYPE:External perimeter
G1 F884.349
G1 X93.143 Y108.177 E5.76969
G1 X92.911 Y107.129 E5.81184
G1 X92.83 Y106.605 E5.83266
G1 X92.737 Y105.535 E5.87483
G1 X92.737 Y104.465 E5.91684
G1 X92.83 Y103.398 E5.95889
G1 X93.016 Y102.343 E6.00095
G1 X93.294 Y101.307 E6.04307
G1 X93.465 Y100.804 E6.06393
G1 X93.875 Y99.812 E6.10608
G1 X94.371 Y98.86 E6.14823
G1 X94.647 Y98.406 E6.16909
G1 X95.113 Y97.731 E6.2013
G1 X95.598 Y97.109 E6.23227
G1 X95.948 Y96.709 E6.25314
G1 X96.707 Y95.95 E6.29529
G1 X97.528 Y95.262 E6.33735
G1 X98.405 Y94.648 E6.37939
G1 X99.334 Y94.111 E6.42152
G1 X99.81 Y93.876 E6.44236
G1 X100.91 Y93.431 E6.48895
G1 X101.94 Y93.118 E6.53122
G1 X102.991 Y92.896 E6.5734
G1 X104.027 Y92.765 E6.6144
G1 X104.548 Y92.736 E6.63489
G1 X105.367 Y92.736 E6.66705
G1 X106.154 Y92.781 E6.698
G1 X106.692 Y92.846 E6.71928
G1 X107.748 Y93.038 E6.76142
G1 X108.252 Y93.167 E6.78185
G1 X109.031 Y93.411 E6.8139
G1 X109.765 Y93.689 E6.84472
G1 X110.236 Y93.899 E6.86497
G1 X110.728 Y94.146 E6.88659
G1 X111.439 Y94.555 E6.9188
G1 X112.099 Y94.988 E6.94979
G1 X112.64 Y95.402 E6.97654
G1 X113.375 Y96.033 E7.01458
G1 X114.128 Y96.8 E7.05678
G1 X114.81 Y97.63 E7.09896
G1 X115.416 Y98.514 E7.14104
G1 X115.931 Y99.419 E7.18193
G1 X116.16 Y99.897 E7.20274
G1 X116.572 Y100.919 E7.24601
G1 X116.882 Y101.94 E7.28791
G1 X117.102 Y102.955 E7.32869
G1 X117.177 Y103.478 E7.34944
G1 X117.263 Y104.571 E7.39249
G1 X117.263 Y105.535 E7.43034
G1 X117.17 Y106.602 E7.47239
G1 X116.984 Y107.657 E7.51445
G1 X116.706 Y108.693 E7.55657
G1 X116.535 Y109.196 E7.57743
G1 X116.124 Y110.19 E7.61966
G1 X115.889 Y110.666 E7.6405
G1 X115.483 Y111.38 E7.67275
G1 X115.054 Y112.042 E7.70372
G1 X114.74 Y112.471 E7.72459
G1 X114.05 Y113.293 E7.76673
G1 X113.293 Y114.05 E7.80877
G1 X112.472 Y114.738 E7.85083
G1 X111.595 Y115.352 E7.89287
G1 X110.668 Y115.888 E7.93491
G1 X109.695 Y116.341 E7.97705
G1 X109.201 Y116.534 E7.99787
G1 X108.175 Y116.857 E8.0401
G1 X107.658 Y116.984 E8.061
G1 X106.852 Y117.131 E8.09317
G1 X106.068 Y117.228 E8.12419
G1 X105.538 Y117.263 E8.14505
G1 X104.465 Y117.263 E8.18718
G1 X103.398 Y117.17 E8.22923
G1 X102.341 Y116.983 E8.27138
G1 X101.825 Y116.857 E8.29224
G1 X100.802 Y116.535 E8.33435
G1 X99.812 Y116.125 E8.37642
G1 X98.863 Y115.63 E8.41845
G1 X97.959 Y115.055 E8.46052
G1 X97.11 Y114.403 E8.50255
M73 Q20 S30
G1 X96.319 Y113.678 E8.54468
G1 X95.952 Y113.295 E8.56551
M73 P20 R30
G1 X95.262 Y112.472 E8.60768
G1 X94.648 Y111.595 E8.64972
G1 X94.111 Y110.666 E8.69185
G1 X93.876 Y110.19 E8.71269
G1 X93.465 Y109.198 E8.75485
G1 X93.323 Y108.748 E8.77338
G1 X93.203 Y108.366 F7800
G92 E0
G1 X94.968 Y109.872
;TYPE:Internal infill
;WIDTH:0.45
;HEIGHT:0.4
G1 F494.289
G1 X94.518 Y108.815 E.0807
G1 X94.156 Y107.574 E.17151
G1 X94.848 Y106.966 E.23622
G1 X95.215 Y106.31 E.28903
G1 X95.295 Y105.655 E.33539
G1 X95.2 Y105.328 E.35931
G1 X94.931 Y105 E.38911
G1 X94.187 Y104.345 E.45874
G1 X93.914 Y103.857 E.49802
G1 X94.185 Y102.308 E.60849
G1 X94.848 Y101.724 E.67056
G1 X95.215 Y101.069 E.7233
G1 X95.295 Y100.414 E.76966
G1 X95.2 Y100.086 E.79365
G1 X95.074 Y99.933 E.80757
G1 X94.494 Y101.254 E.90892
G1 X94.237 Y102.111 E.97177
G92 E0
G1 X114.744 Y99.589 F7800
G1 F494.289
G1 X115.104 Y100.272 E.05424
G1 X115.687 Y101.835 E.17143
G1 X115.069 Y102.379 E.22927
G1 X114.8 Y102.707 E.25907
G1 X114.705 Y103.035 E.28306
G1 X114.785 Y103.69 E.32942
G1 X115.152 Y104.345 E.38216
G1 X115.897 Y105 E.45185
G1 X116.144 Y105.302 E.47926
G1 X116.059 Y106.456 E.56055
G1 X115.813 Y106.966 E.60033
G1 X115.069 Y107.621 E.66996
G1 X114.8 Y107.948 E.69971
G1 X114.705 Y108.276 E.7237
G1 X114.785 Y108.931 E.77006
G1 X115.159 Y109.593 E.82347
G1 X114.469 Y110.886 E.92643
G1 X113.622 Y112.061 E1.02818
G1 X113.56 Y111.552 E1.0642
G1 X113.192 Y110.896 E1.11704
G1 X112.448 Y110.241 E1.18667
G1 X112.18 Y109.914 E1.21637
G1 X112.084 Y109.586 E1.24038
G1 X112.164 Y108.931 E1.28674
G1 X112.532 Y108.276 E1.33952
G1 X113.276 Y107.621 E1.40915
G1 X113.544 Y107.293 E1.43891
G1 X113.64 Y106.966 E1.46285
G1 X113.56 Y106.31 E1.50928
G1 X113.29 Y105.829 E1.54803
G1 X113.519 Y105.344 E1.58571
G1 X113.547 Y104.78 E1.62538
G1 X113.409 Y104.378 E1.65524
G1 X112.6 Y102.974 E1.76907
G1 X113.276 Y102.379 E1.83233
G1 X113.544 Y102.052 E1.86203
G1 X113.64 Y101.724 E1.88604
G1 X113.56 Y101.069 E1.9324
G1 X113.192 Y100.414 E1.98518
G1 X112.448 Y99.759 E2.05481
G1 X112.18 Y99.431 E2.08457
G1 X112.084 Y99.104 E2.10851
G1 X112.164 Y98.448 E2.15494
G1 X112.532 Y97.793 E2.20772
G1 X113.075 Y97.315 E2.25854
G1 X112.536 Y96.776 E2.31209
G1 X111.779 Y96.141 E2.3815
G1 X110.969 Y95.584 E2.45056
G1 X110.939 Y95.828 E2.46783
G1 X110.572 Y96.483 E2.52057
G1 X109.827 Y97.138 E2.59026
G1 X109.559 Y97.466 E2.62002
G1 X109.481 Y97.734 E2.63963
G1 X109.08 Y97.487 E2.67272
G1 X108.881 Y97.431 E2.68724
G1 X107.729 Y97.407 E2.76819
G1 X108.303 Y96.81 E2.82637
G1 X108.399 Y96.483 E2.85031
G1 X108.318 Y95.828 E2.89667
G1 X107.951 Y95.173 E2.94941
G1 X107.207 Y94.517 E3.01909
G1 X106.938 Y94.19 E3.04884
G1 X106.888 Y94.017 E3.06149
G1 X105.982 Y93.888 E3.12578
G1 X104.666 Y93.856 E3.21826
G1 X105.414 Y94.517 E3.28838
G1 X105.682 Y94.845 E3.31814
G1 X105.778 Y95.173 E3.34215
G1 X105.698 Y95.828 E3.38851
G1 X105.33 Y96.483 E3.44129
G1 X104.586 Y97.138 E3.51092
G1 X104.367 Y97.406 E3.53523
M73 P20 R29
G1 X102.489 Y97.406 E3.66716
G1 X103.062 Y96.81 E3.72524
G1 X103.157 Y96.483 E3.74916
G1 X103.077 Y95.828 E3.79552
G1 X102.71 Y95.173 E3.84826
G1 X101.806 Y94.323 E3.93543
G1 X100.439 Y94.827 E4.03778
G1 X100.537 Y95.173 E4.06304
G1 X100.456 Y95.828 E4.1094
G1 X100.089 Y96.483 E4.16214
G1 X99.345 Y97.138 E4.23177
G1 X99.076 Y97.466 E4.26157
G1 X98.981 Y97.793 E4.28549
G1 X99.061 Y98.448 E4.33185
G1 X99.428 Y99.104 E4.38466
G1 X99.565 Y99.224 E4.39745
G1 X100.442 Y97.794 E4.51529
G1 X100.762 Y97.558 E4.54322
G1 X101.102 Y97.435 E4.56862
G92 E0
G1 X99.942 Y95.066 F7800
G1 F494.289
G1 X99.007 Y95.593 E.0754
G1 X97.907 Y96.405 E.17145
G1 X97.82 Y96.81 E.20055
G1 X97.552 Y97.138 E.23031
G1 X96.808 Y97.793 E.29994
G1 X96.44 Y98.448 E.35272
G1 X96.36 Y99.104 E.39915
G1 X96.456 Y99.431 E.42309
G1 X96.724 Y99.759 E.45285
G1 X97.469 Y100.414 E.52254
G1 X97.836 Y101.069 E.57528
G1 X97.916 Y101.724 E.62164
G1 X97.82 Y102.052 E.64565
M73 Q20 S29
G1 X97.552 Y102.379 E.67535
G1 X96.808 Y103.035 E.74503
G1 X96.44 Y103.69 E.79781
G1 X96.36 Y104.345 E.84417
G1 X96.479 Y104.701 E.87054
G1 X96.435 Y105.002 E.89191
G1 X96.479 Y105.341 E.91592
G1 X96.592 Y105.625 E.93739
G1 X97.664 Y107.483 E1.08808
G1 X96.808 Y108.276 E1.17005
G1 X96.44 Y108.931 E1.22283
G1 X96.36 Y109.586 E1.26919
G1 X96.456 Y109.914 E1.2932
G1 X96.724 Y110.241 E1.3229
G1 X97.469 Y110.896 E1.39259
G1 X97.836 Y111.552 E1.4454
G1 X97.916 Y112.207 E1.49176
G1 X97.82 Y112.534 E1.5157
G1 X97.314 Y113.072 E1.56758
G1 X98.602 Y114.137 E1.68499
G1 X99.285 Y114.572 E1.74188
G1 X99.061 Y114.172 E1.77409
G1 X98.981 Y113.517 E1.82045
G1 X99.076 Y113.19 E1.84437
G1 X99.345 Y112.862 E1.87417
G1 X100.089 Y112.207 E1.9438
G1 X100.238 Y111.941 E1.96522
G1 X99.017 Y109.826 E2.13678
G92 E0
G1 X104.787 Y116.144 F7800
G1 F494.289
G1 X103.544 Y116.059 E.08752
G1 X102.369 Y115.838 E.17151
G1 X101.965 Y115.483 E.20929
G1 X101.697 Y115.155 E.23905
G1 X101.601 Y114.827 E.26306
G1 X101.682 Y114.172 E.30942
G1 X102.049 Y113.517 E.36216
G1 X102.793 Y112.862 E.43179
G1 X103.012 Y112.594 E.4561
G1 X104.89 Y112.594 E.58803
G1 X104.318 Y113.19 E.64606
G1 X104.222 Y113.517 E.67
G1 X104.302 Y114.172 E.71636
G1 X104.67 Y114.827 E.76914
G1 X105.414 Y115.483 E.83882
G1 X105.682 Y115.81 E.86852
G1 X105.772 Y116.119 E.89113
G1 X106.578 Y116.037 E.94804
G1 X107.615 Y115.842 E1.02217
G1 X107.207 Y115.483 E1.06035
G1 X106.938 Y115.155 E1.09015
G1 X106.843 Y114.827 E1.11414
G1 X106.923 Y114.172 E1.1605
G1 X107.29 Y113.517 E1.21324
G1 X108.035 Y112.862 E1.28293
G1 X108.254 Y112.594 E1.30724
G1 X108.96 Y112.55 E1.35693
G1 X109.464 Y112.292 E1.39671
G1 X109.737 Y111.983 E1.42568
G1 X110.707 Y110.304 E1.5619
G1 X110.924 Y110.569 E1.58596
G1 X111.019 Y110.896 E1.60988
G1 X110.939 Y111.552 E1.65631
G1 X110.572 Y112.207 E1.70905
G1 X109.827 Y112.862 E1.77874
G1 X109.559 Y113.19 E1.8085
G1 X109.463 Y113.517 E1.83244
G1 X109.544 Y114.172 E1.8788
G1 X109.911 Y114.827 E1.93154
G1 X110.043 Y114.944 E1.94393
G1 X110.993 Y114.407 E2.02059
G1 X112.08 Y113.606 E2.11544
;LAYER_CHANGE
;Z:2.75
;HEIGHT:0.2
G92 E0
G1 Z2.75 F7800
G1 X113.252 Y104.999
;TYPE:Perimeter
;WIDTH:0.449999
G1 F884.349
G1 X113.258 Y105.044 E.00178
G1 X113.206 Y105.326 E.01304
G1 X112.965 Y105.782 E.03329
G1 X109.502 Y111.78 E.30523
G1 X109.267 Y112.058 E.31952
G1 X108.979 Y112.224 E.33257
G1 X108.621 Y112.289 E.34686
G1 X101.379 Y112.289 E.63121
G1 X101.021 Y112.224 E.6455
G1 X100.725 Y112.051 E.65896
G1 X100.498 Y111.78 E.67284
G1 X96.877 Y105.509 E.95717
G1 X96.753 Y105.159 E.97175
G1 X96.753 Y104.841 E.98424
G1 X96.877 Y104.491 E.99882
G1 X100.498 Y98.22 E1.28315
G1 X100.697 Y97.973 E1.2956
G1 X101.011 Y97.78 E1.31007
G1 X101.379 Y97.711 E1.32477
G1 X108.621 Y97.711 E1.60912
G1 X108.979 Y97.776 E1.62341
G1 X109.267 Y97.942 E1.63646
G1 X109.502 Y98.22 E1.65075
G1 X113.123 Y104.491 E1.93508
G1 X113.206 Y104.674 E1.94297
G1 X113.243 Y104.939 E1.95348
G1 X112.851 Y104.995 F7800
G1 F884.349
G1 X112.852 Y105 E1.95368
G1 X112.82 Y105.196 E1.96148
G1 X109.15 Y111.577 E2.25051
G1 X108.926 Y111.8 E2.26292
G1 X108.621 Y111.882 E2.27532
G1 X101.379 Y111.882 E2.55967
G1 X101.074 Y111.8 E2.57207
M73 Q21 S29
G1 X100.85 Y111.577 E2.58448
M73 P21 R29
G1 X97.23 Y105.305 E2.86882
G1 X97.148 Y105.013 E2.88073
G1 X97.196 Y104.762 E2.89076
G1 X100.85 Y98.423 E3.17805
G1 X101.055 Y98.211 E3.18963
G1 X101.379 Y98.118 E3.20287
G1 X108.621 Y98.118 E3.48722
G1 X108.926 Y98.2 E3.49962
G1 X109.15 Y98.423 E3.51203
G1 X112.77 Y104.695 E3.79637
G1 X112.835 Y104.937 E3.80621
G1 X112.428 Y105 F7800
;TYPE:External perimeter
G1 F884.349
G1 X112.434 Y105.065 E3.80877
G1 X108.797 Y111.373 E4.09467
G1 X108.674 Y111.468 E4.10077
G1 X107.885 Y111.475 E4.13175
G1 X101.379 Y111.475 E4.38721
G1 X101.228 Y111.408 E4.3937
G1 X97.582 Y105.102 E4.67971
G1 X97.557 Y104.968 E4.68506
G1 X97.934 Y104.289 E4.71555
G1 X101.203 Y98.627 E4.97226
G1 X101.305 Y98.539 E4.97755
G1 X108.621 Y98.525 E5.26481
G1 X108.765 Y98.584 E5.27092
G1 X112.418 Y104.898 E5.55734
G1 X112.422 Y104.94 E5.559
G1 X112.282 Y105.315 F7800
G92 E0
G1 X94.067 Y108.432
;TYPE:Perimeter
G1 F884.349
G1 X93.825 Y107.528 E.03675
G1 X93.715 Y106.997 E.05804
G1 X93.612 Y106.262 E.08718
G1 X93.554 Y105.539 E.11566
G1 X93.54 Y105.035 E.13546
G1 X93.55 Y104.507 E.1562
G1 X93.609 Y103.768 E.18531
G1 X93.708 Y103.054 E.21361
G1 X93.809 Y102.531 E.23452
G1 X94.071 Y101.554 E.27424
G1 X94.412 Y100.615 E.31347
G1 X94.835 Y99.708 E.35277
G1 X95.335 Y98.843 E.392
G1 X95.911 Y98.02 E.43144
G1 X96.376 Y97.457 E.46011
G1 X96.894 Y96.899 E.49
G1 X97.599 Y96.253 E.52755
G1 X98.018 Y95.912 E.54876
G1 X98.622 Y95.482 E.57787
G1 X99.237 Y95.096 E.60638
G1 X99.698 Y94.84 E.62708
G1 X100.615 Y94.412 E.66681
G1 X101.507 Y94.088 E.70407
G1 X102.023 Y93.933 E.72522
G1 X103.01 Y93.714 E.76492
G1 X103.945 Y93.591 E.80195
G1 X104.493 Y93.551 E.82352
G1 X105.235 Y93.545 E.85266
G1 X105.946 Y93.581 E.88061
G1 X106.485 Y93.636 E.90188
G1 X107.48 Y93.812 E.94155
G1 X108.446 Y94.071 E.98082
G1 X109.385 Y94.412 E1.02005
G1 X110.292 Y94.835 E1.05935
G1 X111.157 Y95.335 E1.09858
G1 X111.939 Y95.882 E1.13605
G1 X112.358 Y96.214 E1.15704
G1 X113.103 Y96.897 E1.19672
G1 X113.782 Y97.637 E1.23615
G1 X114.231 Y98.213 E1.26483
G1 X114.663 Y98.84 E1.29473
G1 X115.165 Y99.708 E1.3341
G1 X115.588 Y100.615 E1.3734
G1 X115.933 Y101.565 E1.41308
G1 X116.081 Y102.084 E1.43427
G1 X116.337 Y103.4 E1.48691
G1 X116.419 Y104.073 E1.51353
G1 X116.457 Y105.07 E1.55271
G1 X116.416 Y105.999 E1.58922
G1 X116.286 Y106.99 E1.62846
G1 X116.081 Y107.916 E1.6657
G1 X115.933 Y108.435 E1.68689
G1 X115.588 Y109.385 E1.72657
G1 X115.165 Y110.292 E1.76587
G1 X114.665 Y111.157 E1.8051
G1 X114.124 Y111.931 E1.84218
G1 X113.786 Y112.358 E1.86356
G1 X113.103 Y113.103 E1.90324
G1 X112.401 Y113.747 E1.94065
G1 X111.986 Y114.085 E1.96167
G1 X111.157 Y114.665 E2.0014
G1 X110.292 Y115.165 E2.04063
G1 X109.385 Y115.588 E2.07993
G1 X108.446 Y115.929 E2.11916
G1 X107.48 Y116.188 E2.15843
G1 X106.496 Y116.362 E2.19767
G1 X105.556 Y116.444 E2.23472
G1 X105.045 Y116.46 E2.25479
G1 X104.507 Y116.45 E2.27592
G1 X103.768 Y116.391 E2.30503
G1 X103.061 Y116.293 E2.33306
G1 X102.531 Y116.191 E2.35425
G1 X101.554 Y115.929 E2.39397
G1 X100.615 Y115.588 E2.4332
G1 X99.708 Y115.165 E2.4725
G1 X98.879 Y114.686 E2.51009
G1 X98.436 Y114.394 E2.53092
G1 X97.634 Y113.779 E2.5706
G1 X96.897 Y113.103 E2.60987
G1 X96.258 Y112.407 E2.64697
G1 X95.912 Y111.982 E2.66849
G1 X95.482 Y111.378 E2.6976
G1 X95.104 Y110.775 E2.72554
G1 X94.84 Y110.302 E2.74681
G1 X94.412 Y109.385 E2.78654
G1 X94.086 Y108.489 E2.82398
G1 X93.68 Y108.563 F7800
G1 F884.349
G1 X93.412 Y107.562 E2.86467
G1 X93.313 Y107.065 E2.88457
G1 X93.207 Y106.307 E2.91462
G1 X93.143 Y105.513 E2.9459
G1 X93.132 Y105 E2.96605
G1 X93.143 Y104.487 E2.9862
G1 X93.204 Y103.723 E3.01629
G1 X93.313 Y102.934 E3.04756
G1 X93.412 Y102.438 E3.06742
G1 X93.682 Y101.431 E3.10836
G1 X94.036 Y100.459 E3.14898
G1 X94.474 Y99.52 E3.18966
G1 X94.991 Y98.624 E3.23028
G1 X95.586 Y97.774 E3.27102
G1 X96.07 Y97.189 E3.30083
G1 X96.607 Y96.61 E3.33184
G1 X97.377 Y95.904 E3.37286
G1 X97.772 Y95.587 E3.39275
G1 X98.396 Y95.143 E3.42282
G1 X99.07 Y94.72 E3.45406
G1 X99.514 Y94.476 E3.47395
G1 X100.459 Y94.036 E3.51488
G1 X101.438 Y93.68 E3.55578
G1 X101.922 Y93.539 E3.57557
G1 X102.939 Y93.313 E3.61648
G1 X103.973 Y93.177 E3.65743
G1 X104.478 Y93.144 E3.6773
G1 X105.244 Y93.138 E3.70738
G1 X106.039 Y93.178 E3.73863
G1 X106.542 Y93.233 E3.7585
G1 X107.569 Y93.414 E3.79945
G1 X108.569 Y93.682 E3.8401
G1 X109.541 Y94.036 E3.88072
G1 X110.48 Y94.474 E3.9214
G1 X111.376 Y94.991 E3.96202
G1 X112.23 Y95.589 E4.00296
G1 X112.623 Y95.904 E4.02274
G1 X113.391 Y96.609 E4.06367
G1 X114.093 Y97.374 E4.10444
G1 X114.559 Y97.972 E4.13421
G1 X115.008 Y98.622 E4.16523
G1 X115.526 Y99.52 E4.20594
G1 X115.964 Y100.459 E4.24662
G1 X116.32 Y101.438 E4.28752
G1 X116.461 Y101.922 E4.30731
G1 X116.666 Y102.845 E4.34443
G1 X116.826 Y104.055 E4.39235
G1 X116.863 Y105.088 E4.43294
G1 X116.822 Y106.034 E4.47012
G1 X116.687 Y107.061 E4.51079
G1 X116.461 Y108.078 E4.5517
G1 X116.32 Y108.562 E4.57149
G1 X115.964 Y109.541 E4.61239
G1 X115.526 Y110.48 E4.65307
G1 X115.009 Y111.376 E4.69369
G1 X114.411 Y112.23 E4.73463
G1 X114.096 Y112.623 E4.75441
G1 X113.391 Y113.391 E4.79534
G1 X112.623 Y114.096 E4.83627
G1 X112.23 Y114.411 E4.85605
G1 X111.376 Y115.009 E4.89699
G1 X110.48 Y115.526 E4.93761
G1 X109.541 Y115.964 E4.97829
G1 X108.569 Y116.318 E5.01891
G1 X107.569 Y116.586 E5.05956
G1 X106.549 Y116.766 E5.10023
G1 X105.511 Y116.857 E5.14114
G1 X105 Y116.868 E5.16121
G1 X104.487 Y116.857 E5.18136
G1 X103.723 Y116.796 E5.21145
G1 X102.934 Y116.687 E5.24272
G1 X102.438 Y116.588 E5.26258
G1 X101.431 Y116.318 E5.30352
G1 X100.459 Y115.964 E5.34414
G1 X99.52 Y115.526 E5.38482
G1 X98.618 Y115.005 E5.42572
G1 X98.199 Y114.725 E5.44551
G1 X97.372 Y114.091 E5.48643
G1 X96.609 Y113.391 E5.52709
G1 X95.904 Y112.623 E5.56802
G1 X95.587 Y112.228 E5.58791
G1 X95.143 Y111.604 E5.61798
G1 X94.72 Y110.93 E5.64922
G1 X94.476 Y110.486 E5.66911
G1 X94.036 Y109.541 E5.71004
G1 X93.701 Y108.62 E5.74852
G1 X93.294 Y108.694 F7800
;TYPE:External perimeter
G1 F884.349
G1 X93.293 Y108.691 E5.74864
G1 X93.016 Y107.654 E5.79078
G1 X92.912 Y107.133 E5.81164
G1 X92.803 Y106.351 E5.84264
G1 X92.737 Y105.534 E5.87482
G1 X92.725 Y105 E5.89579
G1 X92.737 Y104.466 E5.91676
G1 X92.799 Y103.679 E5.94776
G1 X92.912 Y102.867 E5.97995
G1 X93.016 Y102.346 E6.00081
G1 X93.293 Y101.309 E6.04295
G1 X93.66 Y100.303 E6.085
G1 X94.112 Y99.332 E6.12705
G1 X94.648 Y98.405 E6.16909
G1 X95.262 Y97.527 E6.21116
G1 X95.763 Y96.92 E6.24206
G1 X96.32 Y96.321 E6.27418
G1 X97.112 Y95.595 E6.31637
G1 X97.526 Y95.263 E6.33721
G1 X98.169 Y94.805 E6.36821
G1 X98.864 Y94.369 E6.40042
G1 X99.33 Y94.113 E6.4213
G1 X100.303 Y93.66 E6.46344
G1 X101.311 Y93.292 E6.50557
G1 X101.821 Y93.144 E6.52642
G1 X102.868 Y92.912 E6.56853
G1 X103.933 Y92.772 E6.61071
G1 X104.463 Y92.737 E6.63157
G1 X105.252 Y92.731 E6.66255
G1 X106.071 Y92.772 E6.69475
G1 X106.6 Y92.83 E6.71565
G1 X107.657 Y93.016 E6.75779
G1 X108.691 Y93.293 E6.79982
G1 X109.697 Y93.66 E6.84187
G1 X110.668 Y94.112 E6.88392
G1 X111.595 Y94.648 E6.92596
G1 X112.474 Y95.263 E6.96808
G1 X112.888 Y95.595 E6.98892
G1 X113.68 Y96.32 E7.03108
G1 X114.404 Y97.111 E7.07318
G1 X114.887 Y97.731 E7.10404
G1 X115.352 Y98.404 E7.13616
G1 X115.888 Y99.332 E7.17824
G1 X116.34 Y100.303 E7.22029
G1 X116.708 Y101.311 E7.26242
G1 X116.856 Y101.821 E7.28327
G1 X117.064 Y102.757 E7.32092
G1 X117.233 Y104.038 E7.37165
G1 X117.27 Y105.105 E7.41357
G1 X117.228 Y106.07 E7.4515
G1 X117.088 Y107.131 E7.49352
G1 X116.856 Y108.179 E7.53567
G1 X116.708 Y108.689 E7.55652
G1 X116.34 Y109.697 E7.59865
G1 X115.888 Y110.668 E7.6407
G1 X115.352 Y111.595 E7.68274
G1 X114.737 Y112.474 E7.72486
G1 X114.405 Y112.888 E7.7457
G1 X113.68 Y113.68 E7.78786
G1 X112.888 Y114.405 E7.83002
G1 X112.474 Y114.737 E7.85086
G1 X111.595 Y115.352 E7.89298
G1 X110.668 Y115.888 E7.93502
G1 X109.697 Y116.34 E7.97707
G1 X108.691 Y116.707 E8.01912
G1 X107.657 Y116.984 E8.06115
G1 X106.602 Y117.17 E8.10321
G1 X105.533 Y117.263 E8.14534
G1 X105 Y117.275 E8.16627
G1 X104.466 Y117.263 E8.18724
G1 X103.679 Y117.201 E8.21824
G1 X102.867 Y117.088 E8.25043
G1 X102.346 Y116.984 E8.27129
G1 X101.309 Y116.707 E8.31343
G1 X100.303 Y116.34 E8.35548
G1 X99.332 Y115.888 E8.39753
G1 X98.403 Y115.351 E8.43966
G1 X97.961 Y115.056 E8.46053
G1 X97.11 Y114.403 E8.50265
G1 X96.32 Y113.68 E8.5447
G1 X95.595 Y112.888 E8.58686
G1 X95.263 Y112.474 E8.6077
G1 X94.805 Y111.831 E8.6387
G1 X94.369 Y111.136 E8.67091
G1 X94.113 Y110.67 E8.69179
G1 X93.66 Y109.697 E8.73393
G1 X93.315 Y108.751 E8.77347
G1 X93.207 Y108.365 F7800
;LAYER_CHANGE
;Z:2.95
;HEIGHT:0.2
G92 E0
G1 Z2.95 F7800
G1 X113.252 Y104.999
;TYPE:Perimeter
G1 F884.349
G1 X113.258 Y105.044 E.00178
G1 X113.206 Y105.326 E.01304
G1 X112.965 Y105.782 E.03329
G1 X109.502 Y111.78 E.30523
G1 X109.267 Y112.058 E.31952
G1 X108.979 Y112.224 E.33257
G1 X108.621 Y112.289 E.34686
G1 X101.379 Y112.289 E.63121
G1 X101.021 Y112.224 E.6455
G1 X100.725 Y112.051 E.65896
G1 X100.498 Y111.78 E.67284
G1 X96.877 Y105.509 E.95717
G1 X96.753 Y105.158 E.97179
M73 P22 R29
M73 Q22 S29
G1 X96.742 Y104.956 E.97973
G1 X96.855 Y104.532 E.99696
G1 X100.498 Y98.22 E1.28311
G1 X100.726 Y97.948 E1.29705
G1 X101.021 Y97.776 E1.31046
G1 X101.379 Y97.711 E1.32475
G1 X108.621 Y97.711 E1.6091
G1 X108.979 Y97.776 E1.62339
G1 X109.267 Y97.942 E1.63644
G1 X109.502 Y98.22 E1.65073
G1 X113.123 Y104.491 E1.93506
G1 X113.206 Y104.674 E1.94295
G1 X113.243 Y104.939 E1.95346
G1 X112.851 Y104.995 F7800
G1 F884.349
G1 X112.852 Y105 E1.95366
G1 X112.82 Y105.196 E1.96146
G1 X109.15 Y111.577 E2.25049
G1 X108.926 Y111.8 E2.2629
G1 X108.621 Y111.882 E2.2753
G1 X101.379 Y111.882 E2.55965
G1 X101.074 Y111.8 E2.57205
G1 X100.85 Y111.577 E2.58446
G1 X97.23 Y105.305 E2.8688
G1 X97.148 Y105.007 E2.88094
G1 X97.23 Y104.695 E2.89361
G1 X100.85 Y98.423 E3.17795
G1 X101.074 Y98.2 E3.19036
G1 X101.379 Y98.118 E3.20276
G1 X108.621 Y98.118 E3.48711
G1 X108.926 Y98.2 E3.49951
G1 X109.15 Y98.423 E3.51192
G1 X112.77 Y104.695 E3.79626
G1 X112.835 Y104.937 E3.8061
G1 X112.428 Y105 F7800
;TYPE:External perimeter
G1 F884.349
G1 X112.434 Y105.065 E3.80866
G1 X108.797 Y111.373 E4.09456
G1 X108.674 Y111.468 E4.10066
G1 X101.379 Y111.475 E4.3871
G1 X101.228 Y111.408 E4.39359
G1 X100.627 Y110.375 E4.44052
G1 X97.582 Y105.102 E4.6796
G1 X97.566 Y104.933 E4.68627
G1 X101.203 Y98.627 E4.9721
G1 X101.308 Y98.538 E4.9775
G1 X102.146 Y98.525 E5.01041
G1 X108.621 Y98.525 E5.26465
G1 X108.765 Y98.584 E5.27076
G1 X112.418 Y104.898 E5.55718
G1 X112.422 Y104.94 E5.55884
G1 X112.282 Y105.315 F7800
G92 E0
G1 X94.067 Y108.432
;TYPE:Perimeter
G1 F884.349
G1 X93.825 Y107.528 E.03675
G1 X93.715 Y106.997 E.05804
G1 X93.616 Y106.292 E.08599
G1 X93.554 Y105.54 E.11562
G1 X93.54 Y105.011 E.1364
G1 X93.582 Y104.044 E.1744
G1 X93.637 Y103.511 E.19544
G1 X93.754 Y102.809 E.22338
G1 X93.919 Y102.082 E.25265
G1 X94.067 Y101.565 E.27377
G1 X94.412 Y100.615 E.31345
G1 X94.835 Y99.708 E.35275
G1 X95.335 Y98.843 E.39198
G1 X95.911 Y98.02 E.43142
G1 X96.356 Y97.479 E.45892
G1 X96.894 Y96.899 E.48998
G1 X97.634 Y96.221 E.52939
G1 X98.393 Y95.639 E.56694
G1 X98.833 Y95.341 E.58781
G1 X99.708 Y94.835 E.6275
G1 X100.615 Y94.412 E.6668
G1 X101.507 Y94.088 E.70406
G1 X102.023 Y93.933 E.72521
G1 X103.01 Y93.714 E.76491
G1 X103.945 Y93.591 E.80194
G1 X104.493 Y93.551 E.82351
G1 X105.205 Y93.544 E.85147
G1 X105.945 Y93.581 E.88056
G1 X106.485 Y93.636 E.90187
G1 X107.48 Y93.812 E.94154
G1 X108.446 Y94.071 E.98081
G1 X109.385 Y94.412 E1.02004
G1 X110.292 Y94.835 E1.05934
G1 X111.157 Y95.335 E1.09857
G1 X111.939 Y95.882 E1.13604
G1 X112.358 Y96.214 E1.15703
G1 X113.103 Y96.897 E1.19671
G1 X113.742 Y97.593 E1.23381
G1 X114.085 Y98.014 E1.25513
G1 X114.665 Y98.843 E1.29486
G1 X115.165 Y99.708 E1.33409
G1 X115.588 Y100.614 E1.37335
G1 X115.933 Y101.565 E1.41307
G1 X116.081 Y102.084 E1.43426
G1 X116.337 Y103.4 E1.4869
G1 X116.419 Y104.073 E1.51352
G1 X116.457 Y105.07 E1.5527
G1 X116.416 Y105.999 E1.58921
G1 X116.286 Y106.99 E1.62845
G1 X116.081 Y107.916 E1.66569
G1 X115.933 Y108.435 E1.68688
G1 X115.588 Y109.385 E1.72656
G1 X115.165 Y110.292 E1.76586
G1 X114.665 Y111.157 E1.80509
G1 X114.124 Y111.931 E1.84217
G1 X113.786 Y112.358 E1.86355
G1 X113.103 Y113.103 E1.90323
G1 X112.401 Y113.747 E1.94064
G1 X111.986 Y114.085 E1.96166
G1 X111.157 Y114.665 E2.00139
G1 X110.292 Y115.165 E2.04062
G1 X109.385 Y115.588 E2.07992
G1 X108.446 Y115.929 E2.11915
G1 X107.48 Y116.188 E2.15842
G1 X106.496 Y116.362 E2.19766
G1 X105.556 Y116.444 E2.23471
G1 X105.045 Y116.46 E2.25478
G1 X104.507 Y116.45 E2.27591
G1 X103.797 Y116.394 E2.30387
G1 X103.061 Y116.293 E2.33304
G1 X102.531 Y116.191 E2.35423
G1 X101.554 Y115.929 E2.39395
G1 X100.615 Y115.588 E2.43318
G1 X99.708 Y115.165 E2.47248
G1 X98.879 Y114.686 E2.51007
G1 X98.436 Y114.394 E2.5309
G1 X97.634 Y113.779 E2.57058
G1 X96.897 Y113.103 E2.60985
G1 X96.258 Y112.407 E2.64695
G1 X95.912 Y111.982 E2.66847
G1 X95.499 Y111.403 E2.6964
G1 X95.104 Y110.776 E2.7255
G1 X94.84 Y110.302 E2.7468
G1 X94.412 Y109.385 E2.78653
G1 X94.086 Y108.489 E2.82397
G1 X93.68 Y108.563 F7800
G1 F884.349
G1 X93.412 Y107.562 E2.86466
G1 X93.313 Y107.065 E2.88456
G1 X93.211 Y106.337 E2.91342
G1 X93.143 Y105.513 E2.94588
G1 X93.132 Y105.007 E2.96575
G1 X93.178 Y103.959 E3.00694
G1 X93.233 Y103.455 E3.02685
G1 X93.354 Y102.73 E3.05571
G1 X93.538 Y101.924 E3.08817
G1 X93.68 Y101.438 E3.10805
G1 X94.036 Y100.459 E3.14895
G1 X94.474 Y99.52 E3.18963
G1 X94.991 Y98.624 E3.23025
G1 X95.587 Y97.773 E3.27104
G1 X96.05 Y97.211 E3.29963
G1 X96.607 Y96.61 E3.3318
G1 X97.372 Y95.909 E3.37254
G1 X98.199 Y95.275 E3.41346
G1 X98.618 Y94.995 E3.43325
G1 X99.52 Y94.474 E3.47415
G1 X100.459 Y94.036 E3.51483
G1 X101.438 Y93.68 E3.55573
G1 X101.922 Y93.539 E3.57552
G1 X102.939 Y93.313 E3.61643
G1 X103.973 Y93.177 E3.65738
G1 X104.478 Y93.144 E3.67725
G1 X105.213 Y93.137 E3.70611
G1 X106.039 Y93.178 E3.73858
G1 X106.542 Y93.233 E3.75845
G1 X107.569 Y93.414 E3.7994
G1 X108.569 Y93.682 E3.84005
G1 X109.541 Y94.036 E3.88067
G1 X110.48 Y94.474 E3.92135
G1 X111.376 Y94.991 E3.96197
G1 X112.23 Y95.589 E4.00291
G1 X112.623 Y95.904 E4.02269
G1 X113.391 Y96.609 E4.06362
G1 X114.096 Y97.377 E4.10455
G1 X114.411 Y97.77 E4.12433
G1 X115.009 Y98.624 E4.16527
G1 X115.526 Y99.52 E4.20589
G1 X115.964 Y100.459 E4.24657
G1 X116.32 Y101.438 E4.28747
G1 X116.461 Y101.922 E4.30726
G1 X116.666 Y102.845 E4.34438
G1 X116.826 Y104.055 E4.3923
G1 X116.863 Y105.088 E4.43289
G1 X116.822 Y106.034 E4.47007
G1 X116.687 Y107.061 E4.51074
G1 X116.461 Y108.078 E4.55165
G1 X116.32 Y108.562 E4.57144
G1 X115.964 Y109.541 E4.61234
G1 X115.526 Y110.48 E4.65302
G1 X115.009 Y111.376 E4.69364
G1 X114.411 Y112.23 E4.73458
G1 X114.096 Y112.623 E4.75436
G1 X113.391 Y113.391 E4.79529
G1 X112.623 Y114.096 E4.83622
G1 X112.23 Y114.411 E4.856
G1 X111.376 Y115.009 E4.89694
G1 X110.48 Y115.526 E4.93756
G1 X109.541 Y115.964 E4.97824
G1 X108.569 Y116.318 E5.01886
G1 X107.569 Y116.586 E5.05951
G1 X106.549 Y116.766 E5.10018
G1 X105.511 Y116.857 E5.14109
G1 X105 Y116.868 E5.16116
G1 X104.486 Y116.857 E5.18135
G1 X103.754 Y116.799 E5.21018
G1 X102.934 Y116.686 E5.24268
G1 X102.438 Y116.588 E5.26253
G1 X101.431 Y116.318 E5.30347
G1 X100.459 Y115.964 E5.34409
G1 X99.52 Y115.526 E5.38477
G1 X98.618 Y115.005 E5.42567
G1 X98.199 Y114.725 E5.44546
G1 X97.372 Y114.091 E5.48638
G1 X96.609 Y113.391 E5.52704
G1 X95.904 Y112.623 E5.56797
G1 X95.587 Y112.228 E5.58786
G1 X95.16 Y111.63 E5.61671
G1 X94.72 Y110.929 E5.64921
G1 X94.476 Y110.486 E5.66907
G1 X94.036 Y109.541 E5.71
G1 X93.701 Y108.62 E5.74848
G1 X93.294 Y108.694 F7800
;TYPE:External perimeter
G1 F884.349
G1 X93.293 Y108.691 E5.7486
G1 X93.016 Y107.654 E5.79074
G1 X92.912 Y107.133 E5.8116
G1 X92.806 Y106.382 E5.84138
G1 X92.737 Y105.534 E5.87479
G1 X92.725 Y105.002 E5.89568
G1 X92.772 Y103.928 E5.93789
G1 X92.83 Y103.399 E5.95879
G1 X92.955 Y102.651 E5.98857
G1 X93.144 Y101.821 E6.02199
G1 X93.292 Y101.311 E6.04284
G1 X93.66 Y100.303 E6.08497
G1 X94.112 Y99.332 E6.12702
G1 X94.648 Y98.405 E6.16906
G1 X95.262 Y97.527 E6.21113
G1 X95.743 Y96.943 E6.24084
G1 X96.32 Y96.321 E6.27415
G1 X97.11 Y95.597 E6.31622
G1 X97.961 Y94.944 E6.35834
G1 X98.403 Y94.649 E6.37921
G1 X99.332 Y94.112 E6.42134
G1 X100.303 Y93.66 E6.46339
G1 X101.311 Y93.292 E6.50552
G1 X101.821 Y93.144 E6.52637
G1 X102.868 Y92.912 E6.56848
G1 X103.933 Y92.772 E6.61066
G1 X104.463 Y92.737 E6.63152
G1 X105.221 Y92.73 E6.66128
G1 X106.072 Y92.772 E6.69473
G1 X106.6 Y92.83 E6.71559
G1 X107.657 Y93.016 E6.75773
G1 X108.691 Y93.293 E6.79976
G1 X109.697 Y93.66 E6.84181
G1 X110.668 Y94.112 E6.88386
G1 X111.595 Y94.648 E6.9259
G1 X112.474 Y95.263 E6.96802
G1 X112.888 Y95.595 E6.98886
G1 X113.68 Y96.32 E7.03102
G1 X114.405 Y97.112 E7.07318
G1 X114.737 Y97.526 E7.09402
G1 X115.352 Y98.405 E7.13614
G1 X115.888 Y99.332 E7.17818
G1 X116.34 Y100.303 E7.22023
G1 X116.708 Y101.311 E7.26236
G1 X116.856 Y101.821 E7.28321
G1 X117.064 Y102.757 E7.32086
G1 X117.233 Y104.038 E7.37159
G1 X117.27 Y105.105 E7.41351
G1 X117.228 Y106.07 E7.45144
G1 X117.088 Y107.131 E7.49346
G1 X116.856 Y108.179 E7.53561
G1 X116.708 Y108.689 E7.55646
G1 X116.34 Y109.697 E7.59859
G1 X115.888 Y110.668 E7.64064
G1 X115.352 Y111.595 E7.68268
G1 X114.737 Y112.474 E7.7248
G1 X114.405 Y112.888 E7.74564
G1 X113.68 Y113.68 E7.7878
G1 X112.888 Y114.405 E7.82996
G1 X112.474 Y114.737 E7.8508
G1 X111.595 Y115.352 E7.89292
G1 X110.668 Y115.888 E7.93496
G1 X109.697 Y116.34 E7.97701
G1 X108.691 Y116.707 E8.01906
G1 X107.657 Y116.984 E8.06109
G1 X106.602 Y117.17 E8.10315
G1 X105.533 Y117.263 E8.14528
G1 X105 Y117.275 E8.16621
G1 X104.466 Y117.263 E8.18718
G1 X103.71 Y117.204 E8.21695
M73 Q23 S29
G1 X102.867 Y117.088 E8.25036
G1 X102.346 Y116.984 E8.27122
G1 X101.309 Y116.707 E8.31336
M73 P23 R29
G1 X100.303 Y116.34 E8.35541
G1 X99.332 Y115.888 E8.39746
G1 X98.403 Y115.351 E8.43959
G1 X97.961 Y115.056 E8.46046
G1 X97.11 Y114.403 E8.50258
G1 X96.32 Y113.68 E8.54463
G1 X95.595 Y112.888 E8.58679
G1 X95.263 Y112.474 E8.60763
G1 X94.822 Y111.856 E8.63744
G1 X94.369 Y111.136 E8.67084
G1 X94.113 Y110.67 E8.69172
M73 P23 R28
G1 X93.66 Y109.697 E8.73386
G1 X93.315 Y108.751 E8.7734
G1 X93.207 Y108.365 F7800
G92 E0
G1 X95.156 Y110.243
;TYPE:Internal infill
;WIDTH:0.45
;HEIGHT:0.4
G1 F494.289
G1 X94.695 Y109.269 E.0757
G1 X94.261 Y107.977 E.17145
G1 X95.048 Y106.966 E.26145
G1 X95.173 Y106.31 E.30836
G1 X95.014 Y105.655 E.35571
G1 X93.987 Y104.345 E.47265
G1 X93.913 Y103.801 E.51122
G1 X94.027 Y103.026 E.56625
G1 X95.048 Y101.724 E.68248
G1 X95.173 Y101.069 E.72932
G1 X95.014 Y100.414 E.77667
G1 X94.906 Y100.279 E.78882
G1 X95.593 Y99.007 E.89038
G1 X96.165 Y98.192 E.96033
G92 E0
G1 X98.239 Y101.522 F7800
G1 F494.289
G1 X99.46 Y99.407 E.17156
G1 X99.228 Y99.104 E.19837
G1 X99.103 Y98.448 E.24528
G1 X99.262 Y97.793 E.29263
G1 X100.289 Y96.483 E.40957
G1 X100.414 Y95.828 E.45641
G1 X100.255 Y95.173 E.50376
G1 X100.106 Y94.986 E.52056
M73 Q23 S28
G1 X100.731 Y94.695 E.56899
G1 X101.712 Y94.342 E.64223
G1 X102.165 Y94.214 E.6753
G1 X102.91 Y95.173 E.76061
G1 X103.035 Y95.828 E.80745
G1 X102.876 Y96.483 E.8548
G1 X102.145 Y97.406 E.93751
G1 X104.815 Y97.406 E1.12508
G1 X105.531 Y96.483 E1.20714
G1 X105.655 Y95.828 E1.25397
G1 X105.497 Y95.173 E1.3013
G1 X104.504 Y93.856 E1.41717
G1 X105.983 Y93.888 E1.52109
G1 X107.308 Y94.091 E1.61526
G1 X108.151 Y95.173 E1.71162
G1 X108.276 Y95.828 E1.75846
G1 X108.117 Y96.483 E1.80581
G1 X107.386 Y97.406 E1.88852
G1 X108.679 Y97.406 E1.97935
G1 X109.083 Y97.488 E2.00831
G1 X109.459 Y97.705 E2.03881
G1 X109.7 Y97.979 E2.06444
G1 X109.745 Y97.793 E2.07788
G1 X110.772 Y96.483 E2.19482
G1 X110.897 Y95.828 E2.24166
G1 X110.815 Y95.49 E2.26609
G1 X111.802 Y96.159 E2.34985
G1 X112.867 Y97.095 E2.44945
G1 X112.331 Y97.793 E2.51127
G1 X112.207 Y98.448 E2.5581
G1 X112.365 Y99.104 E2.6055
G1 X113.393 Y100.414 E2.72248
G1 X113.517 Y101.069 E2.76931
G1 X113.359 Y101.724 E2.81664
G1 X112.504 Y102.809 E2.91368
G1 X113.496 Y104.578 E3.05616
G1 X113.564 Y105.063 E3.09056
G1 X113.391 Y105.654 E3.13382
G1 X113.517 Y106.31 E3.18075
G1 X113.359 Y106.966 E3.22815
G1 X112.331 Y108.276 E3.34513
G1 X112.207 Y108.931 E3.39196
G1 X112.365 Y109.586 E3.43929
G1 X113.393 Y110.896 E3.55627
G1 X113.517 Y111.552 E3.60317
G1 X113.359 Y112.207 E3.6505
G1 X112.64 Y113.114 E3.73181
G1 X111.902 Y113.761 E3.80076
G1 X110.694 Y114.58 E3.90329
G92 E0
G1 X114.86 Y99.791 F7800
G1 F494.289
G1 X115.305 Y100.731 E.07306
G1 X115.759 Y102.057 E.17152
G1 X114.986 Y103.035 E.25909
G1 X114.827 Y103.69 E.30644
G1 X114.952 Y104.345 E.35328
G1 X115.979 Y105.655 E.47022
G1 X116.092 Y106.121 E.5039
G1 X115.964 Y107.029 E.56832
G1 X114.986 Y108.276 E.67965
G1 X114.827 Y108.931 E.727
G1 X114.952 Y109.586 E.77384
G1 X115.079 Y109.753 E.78858
G1 X114.407 Y110.993 E.88766
G1 X113.813 Y111.835 E.96005
G92 E0
G1 X111.742 Y108.511 F7800
G1 F494.289
G1 X110.521 Y110.626 E.17156
G1 X110.738 Y110.896 E.19589
G1 X110.897 Y111.552 E.24331
G1 X110.772 Y112.207 E.29015
G1 X109.745 Y113.517 E.40709
G1 X109.586 Y114.172 E.45444
G1 X109.711 Y114.827 E.50128
G1 X109.864 Y115.028 E.51903
G1 X108.354 Y115.638 E.63344
G1 X107.868 Y115.768 E.66878
G1 X107.124 Y114.827 E.75305
G1 X106.965 Y114.172 E.8004
G1 X107.09 Y113.517 E.84724
G1 X107.806 Y112.594 E.9293
G1 X105.234 Y112.594 E1.10998
G1 X104.503 Y113.517 E1.19269
G1 X104.345 Y114.172 E1.24002
G1 X104.469 Y114.827 E1.28685
G1 X105.473 Y116.145 E1.40324
G1 X103.815 Y116.088 E1.51978
G1 X102.745 Y115.923 E1.59584
G1 X101.883 Y114.827 E1.69379
G1 X101.724 Y114.172 E1.74114
G1 X101.849 Y113.517 E1.78798
G1 X102.565 Y112.594 E1.87004
G1 X101.035 Y112.55 E1.97757
G1 X100.719 Y112.419 E2.0016
G1 X100.319 Y112.052 E2.03974
G1 X100.289 Y112.207 E2.05083
G1 X99.262 Y113.517 E2.16777
G1 X99.103 Y114.172 E2.21512
G1 X99.165 Y114.496 E2.23829
G1 X97.83 Y113.545 E2.35344
G1 X97.113 Y112.887 E2.4218
G1 X97.635 Y112.207 E2.48202
G1 X97.793 Y111.552 E2.52935
G1 X97.669 Y110.896 E2.57625
G1 X96.641 Y109.586 E2.69323
G1 X96.483 Y108.931 E2.74056
G1 X96.607 Y108.276 E2.78739
G1 X97.478 Y107.161 E2.88678
G1 X96.611 Y105.659 E3.00861
G1 X96.451 Y105.209 E3.04216
G1 X96.451 Y104.791 E3.07152
G1 X96.632 Y104.305 E3.10795
G1 X96.483 Y103.69 E3.1524
G1 X96.607 Y103.035 E3.19923
G1 X97.635 Y101.724 E3.31626
G1 X97.793 Y101.069 E3.36359
G1 X97.669 Y100.414 E3.41042
G1 X96.641 Y99.104 E3.5274
G1 X96.483 Y98.448 E3.5748
G1 X96.607 Y97.793 E3.62163
G1 X97.174 Y97.056 E3.68695
G1 X97.83 Y96.455 E3.74945
G1 X99.09 Y95.549 E3.85847
;LAYER_CHANGE
;Z:3.15
;HEIGHT:0.2
G92 E0
G1 Z3.15 F7800
G1 X113.252 Y104.999
;TYPE:Perimeter
;WIDTH:0.449999
G1 F884.349
G1 X113.258 Y105.044 E.00178
G1 X113.206 Y105.326 E.01304
G1 X112.965 Y105.782 E.03329
G1 X109.502 Y111.78 E.30523
G1 X109.267 Y112.058 E.31952
G1 X108.979 Y112.224 E.33257
G1 X108.621 Y112.289 E.34686
G1 X101.379 Y112.289 E.63121
G1 X101.021 Y112.224 E.6455
G1 X100.725 Y112.051 E.65896
G1 X100.498 Y111.78 E.67284
G1 X96.877 Y105.509 E.95717
G1 X96.753 Y105.158 E.97179
G1 X96.742 Y104.956 E.97973
G1 X96.855 Y104.532 E.99696
G1 X100.498 Y98.22 E1.28311
G1 X100.726 Y97.948 E1.29705
G1 X101.021 Y97.776 E1.31046
G1 X101.379 Y97.711 E1.32475
G1 X108.621 Y97.711 E1.6091
G1 X108.979 Y97.776 E1.62339
G1 X109.267 Y97.942 E1.63644
G1 X109.502 Y98.22 E1.65073
G1 X113.123 Y104.491 E1.93506
G1 X113.206 Y104.674 E1.94295
G1 X113.243 Y104.939 E1.95346
G1 X112.851 Y104.995 F7800
G1 F884.349
G1 X112.852 Y105 E1.95366
G1 X112.82 Y105.196 E1.96146
G1 X109.15 Y111.577 E2.25049
G1 X108.926 Y111.8 E2.2629
G1 X108.621 Y111.882 E2.2753
G1 X101.379 Y111.882 E2.55965
G1 X101.074 Y111.8 E2.57205
M73 P24 R28
M73 Q24 S28
G1 X100.85 Y111.577 E2.58446
G1 X97.23 Y105.305 E2.8688
G1 X97.148 Y105.007 E2.88094
G1 X97.23 Y104.695 E2.89361
G1 X100.85 Y98.423 E3.17795
G1 X101.074 Y98.2 E3.19036
G1 X101.379 Y98.118 E3.20276
G1 X108.621 Y98.118 E3.48711
G1 X108.926 Y98.2 E3.49951
G1 X109.15 Y98.423 E3.51192
G1 X112.77 Y104.695 E3.79626
G1 X112.835 Y104.937 E3.8061
G1 X112.428 Y105 F7800
;TYPE:External perimeter
G1 F884.349
G1 X112.434 Y105.065 E3.80866
G1 X108.797 Y111.373 E4.09456
G1 X108.674 Y111.468 E4.10066
G1 X107.885 Y111.475 E4.13164
G1 X101.379 Y111.475 E4.3871
G1 X101.228 Y111.408 E4.39359
G1 X97.582 Y105.102 E4.6796
G1 X97.566 Y104.933 E4.68627
G1 X101.203 Y98.627 E4.9721
G1 X101.308 Y98.538 E4.9775
G1 X108.621 Y98.525 E5.26464
G1 X108.765 Y98.584 E5.27075
G1 X112.418 Y104.898 E5.55717
G1 X112.422 Y104.94 E5.55883
G1 X112.282 Y105.315 F7800
G92 E0
G1 X94.067 Y108.432
;TYPE:Perimeter
G1 F884.349
G1 X93.825 Y107.528 E.03675
G1 X93.715 Y106.996 E.05808
G1 X93.619 Y106.322 E.08481
G1 X93.554 Y105.54 E.11562
G1 X93.54 Y105.011 E.1364
G1 X93.582 Y104.044 E.1744
G1 X93.637 Y103.51 E.19548
G1 X93.748 Y102.838 E.22222
G1 X93.919 Y102.082 E.25265
G1 X94.067 Y101.565 E.27377
G1 X94.412 Y100.615 E.31345
G1 X94.835 Y99.708 E.35275
G1 X95.335 Y98.843 E.39198
G1 X95.911 Y98.019 E.43146
G1 X96.336 Y97.502 E.45774
G1 X96.895 Y96.898 E.49005
G1 X97.634 Y96.221 E.5294
G1 X98.393 Y95.639 E.56695
G1 X98.833 Y95.341 E.58782
G1 X99.708 Y94.835 E.62751
G1 X100.615 Y94.412 E.66681
G1 X101.559 Y94.069 E.70625
G1 X102.204 Y93.889 E.73254
G1 X103.008 Y93.715 E.76484
G1 X103.945 Y93.591 E.80195
G1 X104.494 Y93.551 E.82356
G1 X105.175 Y93.544 E.8503
G1 X105.945 Y93.581 E.88057
G1 X106.485 Y93.636 E.90188
G1 X107.48 Y93.812 E.94155
G1 X108.446 Y94.071 E.98082
G1 X109.385 Y94.412 E1.02005
G1 X110.292 Y94.835 E1.05935
G1 X111.157 Y95.335 E1.09858
G1 X111.939 Y95.882 E1.13605
G1 X112.358 Y96.214 E1.15704
G1 X113.103 Y96.897 E1.19672
G1 X113.782 Y97.638 E1.23618
G1 X114.195 Y98.165 E1.26247
G1 X114.664 Y98.84 E1.29474
G1 X115.165 Y99.708 E1.33409
G1 X115.588 Y100.614 E1.37335
G1 X115.933 Y101.565 E1.41307
G1 X116.081 Y102.084 E1.43426
G1 X116.337 Y103.4 E1.4869
G1 X116.419 Y104.073 E1.51352
G1 X116.457 Y105.07 E1.5527
G1 X116.416 Y105.999 E1.58921
G1 X116.286 Y106.99 E1.62845
G1 X116.081 Y107.916 E1.66569
G1 X115.933 Y108.435 E1.68688
G1 X115.588 Y109.385 E1.72656
G1 X115.165 Y110.292 E1.76586
G1 X114.694 Y111.108 E1.80285
G1 X114.394 Y111.564 E1.82428
G1 X113.779 Y112.366 E1.86396
G1 X113.103 Y113.103 E1.90323
G1 X112.401 Y113.747 E1.94064
G1 X111.986 Y114.085 E1.96166
G1 X111.157 Y114.665 E2.00139
G1 X110.292 Y115.165 E2.04062
G1 X109.385 Y115.588 E2.07992
G1 X108.446 Y115.929 E2.11915
G1 X107.48 Y116.188 E2.15842
G1 X106.496 Y116.362 E2.19766
G1 X105.556 Y116.444 E2.23471
G1 X105.045 Y116.46 E2.25478
G1 X104.511 Y116.45 E2.27575
G1 X103.504 Y116.362 E2.31544
G1 X102.52 Y116.188 E2.35468
G1 X101.554 Y115.929 E2.39395
G1 X100.615 Y115.588 E2.43318
G1 X99.708 Y115.165 E2.47248
G1 X98.879 Y114.686 E2.51007
G1 X98.436 Y114.394 E2.5309
G1 X97.634 Y113.779 E2.57058
G1 X96.897 Y113.103 E2.60985
G1 X96.221 Y112.366 E2.64912
G1 X95.613 Y111.573 E2.68836
G1 X95.106 Y110.778 E2.72538
G1 X94.84 Y110.302 E2.74679
G1 X94.412 Y109.385 E2.78652
G1 X94.086 Y108.489 E2.82396
G1 X93.68 Y108.563 F7800
G1 F884.349
G1 X93.412 Y107.562 E2.86465
G1 X93.313 Y107.064 E2.88459
G1 X93.214 Y106.367 E2.91223
G1 X93.143 Y105.512 E2.94592
G1 X93.132 Y105.007 E2.96575
G1 X93.178 Y103.959 E3.00694
G1 X93.233 Y103.455 E3.02685
G1 X93.348 Y102.76 E3.05451
G1 X93.538 Y101.923 E3.08821
G1 X93.68 Y101.438 E3.10805
G1 X94.036 Y100.459 E3.14895
G1 X94.474 Y99.52 E3.18963
G1 X94.991 Y98.624 E3.23025
G1 X95.587 Y97.773 E3.27104
G1 X96.029 Y97.234 E3.29841
G1 X96.607 Y96.61 E3.33181
G1 X97.372 Y95.909 E3.37255
G1 X98.199 Y95.275 E3.41347
G1 X98.618 Y94.995 E3.43326
G1 X99.52 Y94.474 E3.47416
G1 X100.459 Y94.036 E3.51484
G1 X101.434 Y93.681 E3.55558
G1 X102.106 Y93.493 E3.58298
G1 X102.938 Y93.313 E3.6164
G1 X103.973 Y93.177 E3.65739
G1 X104.479 Y93.144 E3.6773
G1 X105.183 Y93.136 E3.70494
G1 X106.04 Y93.178 E3.73863
G1 X106.542 Y93.233 E3.75846
G1 X107.569 Y93.414 E3.79941
G1 X108.569 Y93.682 E3.84006
G1 X109.541 Y94.036 E3.88068
G1 X110.48 Y94.474 E3.92136
G1 X111.376 Y94.991 E3.96198
G1 X112.23 Y95.589 E4.00292
G1 X112.623 Y95.904 E4.0227
G1 X113.391 Y96.609 E4.06363
G1 X114.093 Y97.374 E4.1044
G1 X114.523 Y97.923 E4.13178
G1 X115.008 Y98.622 E4.16519
G1 X115.526 Y99.52 E4.2059
G1 X115.964 Y100.459 E4.24658
G1 X116.32 Y101.438 E4.28748
G1 X116.461 Y101.922 E4.30727
G1 X116.666 Y102.845 E4.34439
G1 X116.826 Y104.055 E4.39231
G1 X116.863 Y105.088 E4.4329
G1 X116.822 Y106.034 E4.47008
G1 X116.687 Y107.061 E4.51075
G1 X116.461 Y108.078 E4.55166
G1 X116.32 Y108.562 E4.57145
G1 X115.964 Y109.541 E4.61235
G1 X115.526 Y110.48 E4.65303
G1 X115.005 Y111.382 E4.69393
G1 X114.725 Y111.801 E4.71372
G1 X114.091 Y112.628 E4.75464
G1 X113.391 Y113.391 E4.7953
G1 X112.623 Y114.096 E4.83623
G1 X112.23 Y114.411 E4.85601
G1 X111.376 Y115.009 E4.89695
G1 X110.48 Y115.526 E4.93757
G1 X109.541 Y115.964 E4.97825
G1 X108.569 Y116.318 E5.01887
G1 X107.569 Y116.586 E5.05952
G1 X106.549 Y116.766 E5.10019
G1 X105.511 Y116.857 E5.1411
G1 X105 Y116.868 E5.16117
G1 X104.489 Y116.857 E5.18124
G1 X103.451 Y116.766 E5.22215
G1 X102.431 Y116.586 E5.26282
G1 X101.431 Y116.318 E5.30347
G1 X100.459 Y115.964 E5.34409
G1 X99.52 Y115.526 E5.38477
G1 X98.618 Y115.005 E5.42567
G1 X98.199 Y114.725 E5.44546
G1 X97.372 Y114.091 E5.48638
G1 X96.609 Y113.391 E5.52704
G1 X95.909 Y112.628 E5.5677
G1 X95.279 Y111.807 E5.60833
G1 X94.719 Y110.928 E5.64925
G1 X94.476 Y110.486 E5.66905
G1 X94.036 Y109.541 E5.70998
G1 X93.701 Y108.62 E5.74846
G1 X93.294 Y108.694 F7800
;TYPE:External perimeter
G1 F884.349
G1 X93.293 Y108.691 E5.74858
G1 X93.016 Y107.654 E5.79072
G1 X92.912 Y107.133 E5.81158
G1 X92.809 Y106.413 E5.84014
G1 X92.737 Y105.534 E5.87477
G1 X92.725 Y105.002 E5.89566
G1 X92.772 Y103.928 E5.93787
G1 X92.83 Y103.399 E5.95877
G1 X92.949 Y102.682 E5.98731
G1 X93.144 Y101.821 E6.02197
G1 X93.292 Y101.311 E6.04282
G1 X93.66 Y100.303 E6.08495
G1 X94.112 Y99.332 E6.127
G1 X94.648 Y98.405 E6.16904
G1 X95.262 Y97.527 E6.21111
G1 X95.723 Y96.967 E6.23959
G1 X96.32 Y96.321 E6.27413
G1 X97.11 Y95.597 E6.3162
G1 X97.961 Y94.944 E6.35832
G1 X98.403 Y94.649 E6.37919
G1 X99.332 Y94.112 E6.42132
G1 X100.303 Y93.66 E6.46337
G1 X101.31 Y93.293 E6.50545
G1 X102.008 Y93.098 E6.53391
G1 X102.868 Y92.912 E6.56846
G1 X103.933 Y92.772 E6.61064
G1 X104.463 Y92.737 E6.6315
G1 X105.19 Y92.729 E6.66005
G1 X106.072 Y92.772 E6.69472
G1 X106.6 Y92.83 E6.71558
G1 X107.657 Y93.016 E6.75772
G1 X108.691 Y93.293 E6.79975
G1 X109.697 Y93.66 E6.8418
G1 X110.668 Y94.112 E6.88385
G1 X111.595 Y94.648 E6.92589
G1 X112.474 Y95.263 E6.96801
G1 X112.888 Y95.595 E6.98885
G1 X113.68 Y96.32 E7.03101
G1 X114.404 Y97.111 E7.07311
G1 X114.851 Y97.681 E7.10155
G1 X115.352 Y98.404 E7.13609
G1 X115.888 Y99.332 E7.17817
G1 X116.34 Y100.303 E7.22022
G1 X116.708 Y101.311 E7.26235
G1 X116.856 Y101.821 E7.2832
G1 X117.064 Y102.757 E7.32085
G1 X117.233 Y104.038 E7.37158
G1 X117.27 Y105.105 E7.4135
G1 X117.228 Y106.07 E7.45143
G1 X117.088 Y107.131 E7.49345
G1 X116.856 Y108.179 E7.5356
G1 X116.708 Y108.689 E7.55645
G1 X116.34 Y109.697 E7.59858
G1 X115.888 Y110.668 E7.64063
G1 X115.351 Y111.597 E7.68276
G1 X115.056 Y112.039 E7.70363
G1 X114.403 Y112.89 E7.74575
G1 X113.68 Y113.68 E7.7878
G1 X112.888 Y114.405 E7.82996
G1 X112.474 Y114.737 E7.8508
G1 X111.595 Y115.352 E7.89292
G1 X110.668 Y115.888 E7.93496
G1 X109.697 Y116.34 E7.97701
G1 X108.691 Y116.707 E8.01906
G1 X107.657 Y116.984 E8.06109
G1 X106.602 Y117.17 E8.10315
G1 X105.533 Y117.263 E8.14528
G1 X105 Y117.275 E8.16621
G1 X104.467 Y117.263 E8.18714
G1 X103.398 Y117.17 E8.22927
G1 X102.343 Y116.984 E8.27133
G1 X101.309 Y116.707 E8.31336
G1 X100.303 Y116.34 E8.35541
G1 X99.332 Y115.888 E8.39746
G1 X98.403 Y115.351 E8.43959
G1 X97.961 Y115.056 E8.46046
G1 X97.11 Y114.403 E8.50258
G1 X96.32 Y113.68 E8.54463
G1 X95.597 Y112.89 E8.58668
G1 X94.945 Y112.041 E8.62871
G1 X94.368 Y111.135 E8.67089
G1 X94.113 Y110.67 E8.69171
G1 X93.66 Y109.697 E8.73385
G1 X93.315 Y108.751 E8.77339
G1 X93.207 Y108.365 F7800
;LAYER_CHANGE
;Z:3.35
;HEIGHT:0.2
G92 E0
G1 Z3.35 F7800
G1 X113.252 Y104.999
;TYPE:Perimeter
G1 F884.349
G1 X113.258 Y105.044 E.00178
G1 X113.206 Y105.326 E.01304
G1 X112.965 Y105.782 E.03329
G1 X109.502 Y111.78 E.30523
G1 X109.385 Y111.943 E.31311
G1 X109.11 Y112.164 E.32696
G1 X108.885 Y112.254 E.33648
G1 X108.621 Y112.289 E.34694
G1 X101.379 Y112.289 E.63129
G1 X101.021 Y112.224 E.64558
G1 X100.725 Y112.051 E.65904
G1 X100.498 Y111.78 E.67292
G1 X96.877 Y105.509 E.95725
G1 X96.753 Y105.155 E.97198
M73 P25 R28
M73 Q25 S28
G1 X96.742 Y104.956 E.97981
G1 X96.855 Y104.531 E.99708
G1 X100.498 Y98.22 E1.2832
G1 X100.769 Y97.914 E1.29925
G1 X101.019 Y97.777 E1.31044
G1 X101.379 Y97.711 E1.32481
G1 X108.621 Y97.711 E1.60916
G1 X108.979 Y97.776 E1.62345
G1 X109.267 Y97.942 E1.6365
G1 X109.502 Y98.22 E1.65079
G1 X113.123 Y104.491 E1.93512
G1 X113.206 Y104.674 E1.94301
G1 X113.243 Y104.939 E1.95352
G1 X112.851 Y104.995 F7800
G1 F884.349
G1 X112.852 Y105 E1.95372
G1 X112.82 Y105.196 E1.96152
G1 X109.15 Y111.577 E2.25055
G1 X108.915 Y111.807 E2.26346
G1 X108.621 Y111.882 E2.27537
G1 X101.379 Y111.882 E2.55972
G1 X101.074 Y111.8 E2.57212
G1 X100.85 Y111.577 E2.58453
G1 X97.23 Y105.305 E2.86887
G1 X97.148 Y105.007 E2.88101
G1 X97.23 Y104.695 E2.89368
G1 X100.85 Y98.423 E3.17802
G1 X101.013 Y98.24 E3.18764
G1 X101.163 Y98.157 E3.19437
G1 X101.379 Y98.118 E3.20299
G1 X108.621 Y98.118 E3.48734
G1 X108.926 Y98.2 E3.49974
G1 X109.15 Y98.423 E3.51215
G1 X112.77 Y104.695 E3.79649
G1 X112.835 Y104.937 E3.80633
G1 X112.428 Y105 F7800
;TYPE:External perimeter
G1 F884.349
G1 X112.434 Y105.065 E3.80889
G1 X108.797 Y111.373 E4.09479
G1 X108.674 Y111.468 E4.10089
G1 X107.885 Y111.475 E4.13187
G1 X101.379 Y111.475 E4.38733
G1 X101.228 Y111.408 E4.39382
G1 X97.582 Y105.102 E4.67983
G1 X97.566 Y104.933 E4.6865
G1 X101.203 Y98.627 E4.97233
G1 X101.307 Y98.538 E4.9777
G1 X108.621 Y98.525 E5.26488
G1 X108.765 Y98.584 E5.27099
G1 X112.418 Y104.898 E5.55741
G1 X112.422 Y104.94 E5.55907
G1 X112.282 Y105.315 F7800
G92 E0
G1 X94.067 Y108.432
;TYPE:Perimeter
G1 F884.349
G1 X93.812 Y107.48 E.0387
G1 X93.638 Y106.496 E.07794
G1 X93.555 Y105.541 E.11558
G1 X93.54 Y105.011 E.1364
G1 X93.582 Y104.044 E.1744
G1 X93.637 Y103.509 E.19552
G1 X93.742 Y102.868 E.22102
G1 X93.919 Y102.083 E.25262
G1 X94.067 Y101.565 E.27377
G1 X94.412 Y100.615 E.31345
G1 X94.835 Y99.708 E.35275
G1 X95.335 Y98.843 E.39198
G1 X95.912 Y98.019 E.43148
G1 X96.317 Y97.525 E.45656
G1 X96.895 Y96.898 E.49004
G1 X97.634 Y96.221 E.52939
G1 X98.432 Y95.609 E.56888
G1 X98.966 Y95.259 E.59395
G1 X99.707 Y94.836 E.62745
G1 X100.615 Y94.412 E.6668
G1 X101.56 Y94.068 E.70629
G1 X102.175 Y93.896 E.73136
G1 X103.008 Y93.715 E.76483
G1 X103.945 Y93.591 E.80194
G1 X104.495 Y93.551 E.82359
G1 X105.145 Y93.543 E.84911
G1 X105.945 Y93.581 E.88056
G1 X106.485 Y93.636 E.90187
G1 X107.48 Y93.812 E.94154
G1 X108.446 Y94.071 E.98081
G1 X109.385 Y94.412 E1.02004
G1 X110.292 Y94.835 E1.05934
G1 X111.157 Y95.335 E1.09857
G1 X111.939 Y95.882 E1.13604
G1 X112.358 Y96.214 E1.15703
G1 X113.103 Y96.897 E1.19671
G1 X113.742 Y97.593 E1.23381
G1 X114.085 Y98.014 E1.25513
G1 X114.665 Y98.843 E1.29486
G1 X115.165 Y99.708 E1.33409
G1 X115.588 Y100.614 E1.37335
G1 X115.933 Y101.565 E1.41307
G1 X116.081 Y102.084 E1.43426
G1 X116.337 Y103.4 E1.4869
G1 X116.419 Y104.073 E1.51352
G1 X116.457 Y105.07 E1.5527
G1 X116.416 Y105.999 E1.58921
G1 X116.286 Y106.99 E1.62845
G1 X116.081 Y107.916 E1.66569
G1 X115.933 Y108.435 E1.68688
G1 X115.588 Y109.385 E1.72656
G1 X115.165 Y110.292 E1.76586
G1 X114.694 Y111.108 E1.80285
G1 X114.394 Y111.564 E1.82428
G1 X113.779 Y112.366 E1.86396
G1 X113.103 Y113.103 E1.90323
G1 X112.366 Y113.779 E1.9425
G1 X111.573 Y114.387 E1.98174
G1 X110.765 Y114.902 E2.01936
G1 X110.302 Y115.16 E2.04017
G1 X109.386 Y115.588 E2.07987
G1 X108.446 Y115.929 E2.11913
G1 X107.48 Y116.188 E2.1584
G1 X106.496 Y116.362 E2.19764
G1 X105.556 Y116.444 E2.23469
G1 X105.045 Y116.46 E2.25476
G1 X104.511 Y116.45 E2.27573
G1 X103.504 Y116.362 E2.31542
G1 X102.52 Y116.188 E2.35466
G1 X101.554 Y115.929 E2.39393
G1 X100.615 Y115.588 E2.43316
G1 X99.708 Y115.165 E2.47246
G1 X98.879 Y114.686 E2.51005
G1 X98.436 Y114.394 E2.53088
G1 X97.634 Y113.779 E2.57056
G1 X96.897 Y113.103 E2.60983
G1 X96.258 Y112.407 E2.64693
G1 X95.911 Y111.981 E2.6685
G1 X95.532 Y111.453 E2.69402
G1 X95.105 Y110.776 E2.72545
G1 X94.84 Y110.302 E2.74677
G1 X94.412 Y109.385 E2.7865
G1 X94.086 Y108.489 E2.82394
G1 X93.68 Y108.563 F7800
G1 F884.349
G1 X93.414 Y107.569 E2.86434
G1 X93.234 Y106.549 E2.90501
G1 X93.143 Y105.511 E2.94592
G1 X93.132 Y105.007 E2.96571
G1 X93.178 Y103.959 E3.0069
G1 X93.233 Y103.454 E3.02685
G1 X93.343 Y102.79 E3.05328
G1 X93.538 Y101.923 E3.08817
G1 X93.68 Y101.438 E3.10801
G1 X94.036 Y100.459 E3.14891
G1 X94.474 Y99.52 E3.18959
G1 X94.991 Y98.624 E3.23021
G1 X95.587 Y97.773 E3.271
G1 X96.009 Y97.257 E3.29717
G1 X96.608 Y96.609 E3.33182
G1 X97.372 Y95.909 E3.37251
G1 X98.196 Y95.277 E3.41328
G1 X98.754 Y94.912 E3.43946
G1 X99.519 Y94.474 E3.47407
G1 X100.459 Y94.036 E3.51479
G1 X101.435 Y93.681 E3.55557
G1 X102.076 Y93.501 E3.58171
G1 X102.938 Y93.313 E3.61635
G1 X103.973 Y93.177 E3.65734
G1 X104.479 Y93.144 E3.67725
G1 X105.152 Y93.136 E3.70368
G1 X106.04 Y93.178 E3.73859
G1 X106.542 Y93.233 E3.75842
G1 X107.569 Y93.414 E3.79937
G1 X108.569 Y93.682 E3.84002
G1 X109.541 Y94.036 E3.88064
G1 X110.48 Y94.474 E3.92132
G1 X111.376 Y94.991 E3.96194
G1 X112.23 Y95.589 E4.00288
G1 X112.623 Y95.904 E4.02266
G1 X113.391 Y96.609 E4.06359
M73 P25 R27
G1 X114.096 Y97.377 E4.10452
G1 X114.411 Y97.77 E4.1243
G1 X115.009 Y98.624 E4.16524
G1 X115.526 Y99.52 E4.20586
G1 X115.964 Y100.459 E4.24654
G1 X116.32 Y101.438 E4.28744
G1 X116.461 Y101.922 E4.30723
G1 X116.666 Y102.845 E4.34435
G1 X116.826 Y104.055 E4.39227
G1 X116.863 Y105.088 E4.43286
G1 X116.822 Y106.034 E4.47004
G1 X116.687 Y107.061 E4.51071
G1 X116.461 Y108.078 E4.55162
G1 X116.32 Y108.562 E4.57141
G1 X115.964 Y109.541 E4.61231
G1 X115.526 Y110.48 E4.65299
G1 X115.005 Y111.382 E4.69389
G1 X114.725 Y111.801 E4.71368
G1 X114.091 Y112.628 E4.7546
G1 X113.391 Y113.391 E4.79526
G1 X112.628 Y114.091 E4.83592
G1 X111.807 Y114.721 E4.87655
G1 X110.928 Y115.281 E4.91747
G1 X110.486 Y115.524 E4.93727
G1 X109.541 Y115.964 E4.9782
G1 X108.569 Y116.318 E5.01882
G1 X107.569 Y116.586 E5.05947
G1 X106.549 Y116.766 E5.10014
G1 X105.511 Y116.857 E5.14105
G1 X105 Y116.868 E5.16112
G1 X104.489 Y116.857 E5.18119
G1 X103.451 Y116.766 E5.2221
G1 X102.431 Y116.586 E5.26277
G1 X101.431 Y116.318 E5.30342
G1 X100.459 Y115.964 E5.34404
G1 X99.52 Y115.526 E5.38472
G1 X98.618 Y115.005 E5.42562
G1 X98.199 Y114.725 E5.44541
G1 X97.372 Y114.091 E5.48633
G1 X96.609 Y113.391 E5.52699
G1 X95.904 Y112.623 E5.56792
G1 X95.587 Y112.227 E5.58784
G1 X95.194 Y111.68 E5.61429
G1 X94.719 Y110.929 E5.64918
G1 X94.476 Y110.486 E5.66902
M73 Q25 S27
G1 X94.036 Y109.541 E5.70995
G1 X93.701 Y108.62 E5.74843
G1 X93.294 Y108.694 F7800
;TYPE:External perimeter
G1 F884.349
G1 X93.293 Y108.691 E5.74855
G1 X93.016 Y107.657 E5.79058
G1 X92.83 Y106.602 E5.83264
G1 X92.737 Y105.533 E5.87477
G1 X92.725 Y105.002 E5.89562
G1 X92.772 Y103.928 E5.93783
G1 X92.83 Y103.399 E5.95873
G1 X92.943 Y102.712 E5.98607
G1 X93.144 Y101.821 E6.02193
G1 X93.292 Y101.311 E6.04278
G1 X93.66 Y100.303 E6.08491
G1 X94.112 Y99.332 E6.12696
G1 X94.648 Y98.405 E6.169
G1 X95.263 Y97.526 E6.21112
G1 X95.702 Y96.99 E6.23832
G1 X96.32 Y96.321 E6.27408
G1 X97.11 Y95.597 E6.31615
G1 X97.961 Y94.944 E6.35827
G1 X98.541 Y94.565 E6.38547
G1 X99.332 Y94.112 E6.42126
G1 X100.303 Y93.66 E6.46331
G1 X101.31 Y93.293 E6.50539
G1 X101.978 Y93.105 E6.53264
G1 X102.868 Y92.912 E6.5684
G1 X103.933 Y92.772 E6.61058
G1 X104.463 Y92.737 E6.63144
G1 X105.16 Y92.729 E6.65881
G1 X106.072 Y92.772 E6.69466
G1 X106.6 Y92.83 E6.71552
G1 X107.657 Y93.016 E6.75766
G1 X108.691 Y93.293 E6.79969
G1 X109.697 Y93.66 E6.84174
G1 X110.668 Y94.112 E6.88379
G1 X111.595 Y94.648 E6.92583
G1 X112.474 Y95.263 E6.96795
G1 X112.888 Y95.595 E6.98879
G1 X113.68 Y96.32 E7.03095
G1 X114.405 Y97.112 E7.07311
G1 X114.737 Y97.526 E7.09395
G1 X115.352 Y98.405 E7.13607
G1 X115.888 Y99.332 E7.17811
G1 X116.34 Y100.303 E7.22016
G1 X116.708 Y101.311 E7.26229
G1 X116.856 Y101.821 E7.28314
G1 X117.064 Y102.757 E7.32079
G1 X117.233 Y104.038 E7.37152
G1 X117.27 Y105.105 E7.41344
G1 X117.228 Y106.07 E7.45137
G1 X117.088 Y107.131 E7.49339
G1 X116.856 Y108.179 E7.53554
G1 X116.708 Y108.689 E7.55639
G1 X116.34 Y109.697 E7.59852
G1 X115.888 Y110.668 E7.64057
G1 X115.351 Y111.597 E7.6827
G1 X115.056 Y112.039 E7.70357
G1 X114.403 Y112.89 E7.74569
G1 X113.68 Y113.68 E7.78774
G1 X112.89 Y114.403 E7.82979
G1 X112.041 Y115.055 E7.87182
G1 X111.135 Y115.632 E7.914
G1 X110.67 Y115.887 E7.93482
G1 X109.697 Y116.34 E7.97696
G1 X108.691 Y116.707 E8.01901
G1 X107.657 Y116.984 E8.06104
G1 X106.602 Y117.17 E8.1031
M73 Q26 S27
G1 X105.533 Y117.263 E8.14523
G1 X105 Y117.275 E8.16616
M73 P26 R27
G1 X104.467 Y117.263 E8.18709
G1 X103.398 Y117.17 E8.22922
G1 X102.343 Y116.984 E8.27128
G1 X101.309 Y116.707 E8.31331
G1 X100.303 Y116.34 E8.35536
G1 X99.332 Y115.888 E8.39741
G1 X98.403 Y115.351 E8.43954
G1 X97.961 Y115.056 E8.46041
G1 X97.11 Y114.403 E8.50253
G1 X96.32 Y113.68 E8.54458
G1 X95.595 Y112.888 E8.58674
G1 X95.262 Y112.473 E8.60763
G1 X94.856 Y111.908 E8.63495
G1 X94.369 Y111.136 E8.67079
G1 X94.113 Y110.67 E8.69167
G1 X93.66 Y109.697 E8.73381
G1 X93.315 Y108.751 E8.77335
G1 X93.207 Y108.365 F7800
G92 E0
G1 X95.262 Y110.437
;TYPE:Internal infill
;WIDTH:0.45
;HEIGHT:0.4
G1 F494.289
G1 X94.695 Y109.269 E.09121
G1 X94.318 Y108.19 E.1715
G1 X95.019 Y107.621 E.23493
G1 X95.279 Y107.293 E.26433
G1 X95.35 Y106.966 E.28784
G1 X95.23 Y106.31 E.33469
G1 X94.823 Y105.655 E.38886
G1 X94.016 Y105 E.46187
G1 X93.855 Y104.797 E.48007
G1 X93.889 Y104.013 E.5352
G1 X93.957 Y103.444 E.57546
G1 X94.212 Y103.035 E.60932
G1 X95.019 Y102.379 E.68238
G1 X95.279 Y102.052 E.71173
G1 X95.35 Y101.724 E.73531
G1 X95.23 Y101.069 E.78209
G1 X94.834 Y100.432 E.83478
G1 X95.593 Y99.007 E.9482
G1 X96.34 Y97.979 E1.03747
G1 X96.425 Y98.448 E1.07095
G1 X96.832 Y99.104 E1.12518
G1 X97.639 Y99.759 E1.19819
G1 X97.9 Y100.086 E1.22758
G1 X97.97 Y100.414 E1.25114
G1 X97.851 Y101.069 E1.29791
G1 X97.444 Y101.724 E1.35208
G1 X96.637 Y102.379 E1.42509
G1 X96.377 Y102.707 E1.45449
G1 X96.306 Y103.035 E1.47807
G1 X96.425 Y103.69 E1.52484
G1 X96.717 Y104.16 E1.56371
G1 X97.938 Y102.044 E1.73533
G92 E0
G1 X97.896 Y96.405 F7800
G1 F494.289
G1 X98.608 Y95.858 E.06307
G1 X99.934 Y95.067 E.17154
G1 X100.065 Y95.173 E.18338
G1 X100.472 Y95.828 E.23755
G1 X100.591 Y96.483 E.28432
G1 X100.52 Y96.81 E.30783
G1 X100.26 Y97.138 E.33723
G1 X99.453 Y97.793 E.41024
G1 X99.046 Y98.448 E.46441
G1 X98.926 Y99.104 E.51126
G1 X98.997 Y99.431 E.53477
G1 X99.257 Y99.759 E.56417
G1 X100.394 Y97.845 E.72056
G1 X100.917 Y97.488 E.76504
G1 X101.665 Y97.406 E.8179
G1 X101.878 Y97.138 E.84195
G1 X102.685 Y96.483 E.91496
G1 X103.092 Y95.828 E.96913
G1 X103.212 Y95.173 E1.01591
G1 X103.141 Y94.845 E1.03949
G1 X102.881 Y94.517 E1.06889
G1 X102.431 Y94.153 E1.10955
G1 X104.171 Y93.878 E1.2333
G1 X104.238 Y94.19 E1.25572
G1 X104.499 Y94.517 E1.28511
G1 X105.306 Y95.173 E1.35817
G1 X105.713 Y95.828 E1.41234
G1 X105.832 Y96.483 E1.45911
G1 X105.762 Y96.81 E1.4826
G1 X105.501 Y97.138 E1.51205
G1 X105.171 Y97.406 E1.54191
G1 X106.906 Y97.406 E1.66379
G1 X107.119 Y97.138 E1.68784
G1 X107.926 Y96.483 E1.76085
G1 X108.334 Y95.828 E1.81506
G1 X108.453 Y95.173 E1.86183
G1 X108.382 Y94.845 E1.88541
G1 X108.122 Y94.517 E1.91481
G1 X107.722 Y94.193 E1.95097
G1 X106.441 Y93.939 E2.04271
G1 X105.309 Y93.856 E2.12245
G92 E0
G1 X115.752 Y107.968 F7800
G1 F494.289
G1 X115.305 Y109.269 E.09664
G1 X114.9 Y110.138 E.16399
G1 X114.721 Y109.914 E.18413
G1 X114.65 Y109.586 E.20771
G1 X114.77 Y108.931 E.25449
G1 X115.177 Y108.276 E.30866
G1 X115.8 Y107.77 E.36504
G1 X116.09 Y106.14 E.48134
G1 X115.788 Y105.655 E.52148
G1 X114.981 Y105 E.59449
G1 X114.721 Y104.672 E.62389
G1 X114.65 Y104.345 E.6474
G1 X114.77 Y103.69 E.69418
G1 X115.177 Y103.035 E.74835
G1 X115.856 Y102.483 E.80982
G1 X115.643 Y101.66 E.86954
G1 X115.05 Y100.184 E.98128
G92 E0
G1 X110.987 Y100.181 F7800
G1 F494.289
G1 X109.766 Y98.066 E.17156
G1 X109.935 Y97.793 E.19412
G1 X110.743 Y97.138 E.26719
G1 X111.003 Y96.81 E.29659
G1 X111.074 Y96.483 E.3201
G1 X110.954 Y95.828 E.36688
G1 X110.705 Y95.426 E.4001
G1 X111.802 Y96.159 E.49278
G1 X112.655 Y96.899 E.57211
G1 X112.361 Y97.138 E.59873
G1 X112.1 Y97.466 E.62818
G1 X112.03 Y97.793 E.65167
G1 X112.149 Y98.448 E.69844
G1 X112.556 Y99.104 E.75267
G1 X113.363 Y99.759 E.82568
G1 X113.624 Y100.086 E.85507
G1 X113.694 Y100.414 E.87863
G1 X113.575 Y101.069 E.9254
G1 X113.168 Y101.724 E.97957
G1 X112.3 Y102.455 E1.05929
G1 X113.496 Y104.578 E1.23047
G1 X113.564 Y104.937 E1.25614
G1 X113.535 Y105.216 E1.27585
G1 X113.624 Y105.328 E1.2859
G1 X113.694 Y105.655 E1.30939
G1 X113.575 Y106.31 E1.35616
G1 X113.168 Y106.966 E1.41039
G1 X112.361 Y107.621 E1.4834
G1 X112.1 Y107.948 E1.51279
G1 X112.03 Y108.276 E1.53635
G1 X112.149 Y108.931 E1.58312
G1 X112.556 Y109.586 E1.63729
G1 X113.363 Y110.241 E1.7103
G1 X113.624 Y110.569 E1.73975
G1 X113.694 Y110.896 E1.76324
G1 X113.575 Y111.552 E1.81008
G1 X113.168 Y112.207 E1.86425
G1 X112.361 Y112.862 E1.93726
G1 X112.1 Y113.19 E1.96671
G1 X112.051 Y113.636 E1.99823
G1 X111.179 Y114.277 E2.07426
G1 X110.005 Y114.962 E2.16975
G92 E0
G1 X108.874 Y112.562 F7800
G1 F494.289
G1 X109.283 Y112.418 E.03046
G1 X109.614 Y112.147 E.06051
G1 X110.423 Y110.796 E.17113
G1 X110.547 Y110.896 E.18232
G1 X110.954 Y111.552 E.23655
G1 X111.074 Y112.207 E.28333
G1 X111.003 Y112.534 E.30684
G1 X110.743 Y112.862 E.33624
G1 X109.935 Y113.517 E.40931
G1 X109.528 Y114.172 E.46348
G1 X109.409 Y114.827 E.51025
G1 X109.51 Y115.193 E.53692
G1 X108.265 Y115.662 E.63038
G1 X108.122 Y115.483 E.64647
G1 X107.315 Y114.827 E.71953
G1 X106.908 Y114.172 E.7737
G1 X106.788 Y113.517 E.82048
G1 X106.859 Y113.19 E.84399
G1 X107.119 Y112.862 E.87339
G1 X107.449 Y112.594 E.90325
G1 X105.714 Y112.594 E1.02513
G1 X105.501 Y112.862 E1.04918
G1 X104.694 Y113.517 E1.12219
G1 X104.287 Y114.172 E1.17636
G1 X104.168 Y114.827 E1.22313
G1 X104.238 Y115.155 E1.24669
G1 X104.499 Y115.483 E1.27614
G1 X105.312 Y116.148 E1.34993
G1 X104.528 Y116.145 E1.40501
G1 X103.181 Y115.995 E1.50022
G1 X103.141 Y115.81 E1.51352
G1 X102.881 Y115.483 E1.54287
G1 X102.074 Y114.827 E1.61593
G1 X101.667 Y114.172 E1.6701
G1 X101.547 Y113.517 E1.71688
G1 X101.618 Y113.19 E1.74039
G1 X101.878 Y112.862 E1.76979
G1 X102.208 Y112.594 E1.79965
G1 X101.035 Y112.55 E1.88211
G1 X100.568 Y112.313 E1.9189
G1 X100.52 Y112.534 E1.93479
G1 X100.26 Y112.862 E1.96419
G1 X99.453 Y113.517 E2.0372
G1 X99.046 Y114.172 E2.09137
G1 X99.004 Y114.402 E2.10779
G1 X97.83 Y113.545 E2.2099
G1 X96.896 Y112.651 E2.30073
G1 X97.444 Y112.207 E2.35028
G1 X97.851 Y111.552 E2.40445
G1 X97.97 Y110.896 E2.45129
G1 X97.9 Y110.569 E2.47478
G1 X97.639 Y110.241 E2.50423
G1 X96.832 Y109.586 E2.57724
G1 X96.425 Y108.931 E2.63141
G1 X96.306 Y108.276 E2.67818
G1 X96.377 Y107.948 E2.70176
G1 X96.637 Y107.621 E2.73111
G1 X97.39 Y107.009 E2.79928
G1 X98.955 Y109.719 E3.01912
G1 X98.997 Y109.914 E3.03313
G1 X99.255 Y110.239 E3.06228
G1 X100.417 Y112.177 E3.22102
;LAYER_CHANGE
;Z:3.55
;HEIGHT:0.2
G92 E0
G1 Z3.55 F7800
G1 X113.252 Y104.999
;TYPE:Perimeter
;WIDTH:0.449999
G1 F884.349
G1 X113.258 Y105.044 E.00178
G1 X113.206 Y105.326 E.01304
G1 X112.965 Y105.782 E.03329
G1 X109.502 Y111.78 E.30523
G1 X109.267 Y112.058 E.31952
G1 X108.979 Y112.224 E.33257
G1 X108.621 Y112.289 E.34686
G1 X101.379 Y112.289 E.63121
G1 X101.021 Y112.224 E.6455
G1 X100.725 Y112.051 E.65896
G1 X100.498 Y111.78 E.67284
G1 X96.877 Y105.509 E.95717
G1 X96.753 Y105.157 E.97182
G1 X96.742 Y104.956 E.97972
G1 X96.794 Y104.674 E.99098
G1 X97.05 Y104.192 E1.01241
G1 X100.498 Y98.22 E1.28317
G1 X100.695 Y97.976 E1.29548
G1 X101.011 Y97.78 E1.31008
G1 X101.379 Y97.711 E1.32478
G1 X108.621 Y97.711 E1.60913
G1 X108.979 Y97.776 E1.62342
M73 Q27 S27
G1 X109.267 Y97.942 E1.63647
G1 X109.502 Y98.22 E1.65076
G1 X113.123 Y104.491 E1.93509
G1 X113.206 Y104.674 E1.94298
M73 P27 R27
G1 X113.243 Y104.939 E1.95349
G1 X112.851 Y104.995 F7800
G1 F884.349
G1 X112.852 Y105 E1.95369
G1 X112.82 Y105.196 E1.96149
G1 X109.15 Y111.577 E2.25052
G1 X108.926 Y111.8 E2.26293
G1 X108.621 Y111.882 E2.27533
G1 X101.379 Y111.882 E2.55968
G1 X101.074 Y111.8 E2.57208
G1 X100.85 Y111.577 E2.58449
G1 X97.23 Y105.305 E2.86883
G1 X97.148 Y105.007 E2.88097
G1 X97.23 Y104.695 E2.89364
G1 X100.85 Y98.423 E3.17798
G1 X101.053 Y98.213 E3.18945
G1 X101.355 Y98.118 E3.20188
G1 X108.621 Y98.118 E3.48718
G1 X108.926 Y98.2 E3.49958
G1 X109.15 Y98.423 E3.51199
G1 X112.77 Y104.695 E3.79633
G1 X112.835 Y104.937 E3.80617
G1 X112.428 Y105 F7800
;TYPE:External perimeter
G1 F884.349
G1 X112.434 Y105.065 E3.80873
G1 X108.797 Y111.373 E4.09463
G1 X108.674 Y111.468 E4.10073
G1 X101.379 Y111.475 E4.38717
G1 X101.228 Y111.408 E4.39366
G1 X100.627 Y110.375 E4.44059
G1 X97.582 Y105.102 E4.67967
G1 X97.566 Y104.935 E4.68626
G1 X101.203 Y98.627 E4.97216
G1 X101.305 Y98.539 E4.97745
G1 X102.146 Y98.525 E5.01048
G1 X108.621 Y98.525 E5.26472
G1 X108.765 Y98.584 E5.27083
G1 X112.418 Y104.898 E5.55725
G1 X112.422 Y104.94 E5.55891
G1 X112.282 Y105.315 F7800
G92 E0
G1 X94.067 Y108.432
;TYPE:Perimeter
G1 F884.349
G1 X93.825 Y107.528 E.03675
G1 X93.714 Y106.994 E.05817
G1 X93.625 Y106.381 E.08249
G1 X93.554 Y105.54 E.11563
G1 X93.54 Y105.011 E.13641
G1 X93.584 Y104.001 E.1761
G1 X93.708 Y103.057 E.21348
G1 X93.809 Y102.531 E.23451
G1 X94.071 Y101.554 E.27423
G1 X94.412 Y100.615 E.31346
G1 X94.835 Y99.708 E.35276
G1 X95.335 Y98.843 E.39199
G1 X95.912 Y98.018 E.43152
G1 X96.297 Y97.547 E.45541
G1 X96.896 Y96.898 E.49009
G1 X97.599 Y96.253 E.52755
G1 X98.02 Y95.91 E.54887
G1 X98.522 Y95.548 E.57317
G1 X99.236 Y95.097 E.60633
G1 X99.698 Y94.84 E.62709
G1 X100.615 Y94.412 E.66682
G1 X101.507 Y94.088 E.70408
G1 X102.023 Y93.933 E.72523
G1 X103.01 Y93.714 E.76493
G1 X103.945 Y93.591 E.80196
G1 X104.496 Y93.551 E.82365
G1 X105.115 Y93.542 E.84796
G1 X105.944 Y93.581 E.88055
G1 X106.485 Y93.636 E.9019
G1 X107.48 Y93.812 E.94157
G1 X108.446 Y94.071 E.98084
G1 X109.385 Y94.412 E1.02007
G1 X110.292 Y94.835 E1.05937
G1 X111.157 Y95.335 E1.0986
G1 X111.939 Y95.882 E1.13607
G1 X112.358 Y96.214 E1.15706
G1 X113.103 Y96.897 E1.19674
G1 X113.742 Y97.593 E1.23384
G1 X114.085 Y98.014 E1.25516
G1 X114.665 Y98.843 E1.29489
G1 X115.165 Y99.708 E1.33412
G1 X115.588 Y100.614 E1.37338
G1 X115.933 Y101.565 E1.4131
G1 X116.081 Y102.084 E1.43429
G1 X116.337 Y103.4 E1.48693
G1 X116.419 Y104.073 E1.51355
G1 X116.457 Y105.07 E1.55273
G1 X116.416 Y105.999 E1.58924
G1 X116.286 Y106.99 E1.62848
G1 X116.081 Y107.916 E1.66572
G1 X115.933 Y108.435 E1.68691
G1 X115.588 Y109.385 E1.72659
G1 X115.165 Y110.292 E1.76589
G1 X114.665 Y111.157 E1.80512
G1 X114.124 Y111.931 E1.8422
G1 X113.786 Y112.358 E1.86358
G1 X113.103 Y113.103 E1.90326
G1 X112.401 Y113.747 E1.94067
G1 X111.986 Y114.085 E1.96169
G1 X111.157 Y114.665 E2.00142
G1 X110.292 Y115.165 E2.04065
G1 X109.385 Y115.588 E2.07995
G1 X108.446 Y115.929 E2.11918
G1 X107.48 Y116.188 E2.15845
G1 X106.496 Y116.362 E2.19769
G1 X105.556 Y116.444 E2.23474
G1 X105.011 Y116.46 E2.25615
G1 X104.001 Y116.416 E2.29584
G1 X103.064 Y116.293 E2.33295
G1 X102.531 Y116.191 E2.35426
G1 X101.554 Y115.929 E2.39398
G1 X100.615 Y115.588 E2.43321
G1 X99.708 Y115.165 E2.47251
G1 X98.879 Y114.686 E2.5101
G1 X98.436 Y114.394 E2.53093
G1 X97.634 Y113.779 E2.57061
G1 X96.897 Y113.103 E2.60988
G1 X96.221 Y112.366 E2.64915
G1 X95.608 Y111.568 E2.68866
G1 X95.275 Y111.059 E2.71254
G1 X94.836 Y110.293 E2.74721
G1 X94.412 Y109.385 E2.78656
G1 X94.086 Y108.489 E2.824
G1 X93.68 Y108.563 F7800
G1 F884.349
G1 X93.412 Y107.562 E2.86469
G1 X93.313 Y107.063 E2.88466
G1 X93.221 Y106.428 E2.90985
G1 X93.143 Y105.512 E2.94595
G1 X93.132 Y105.007 E2.96578
G1 X93.178 Y103.966 E3.00669
G1 X93.314 Y102.932 E3.04764
G1 X93.412 Y102.438 E3.06741
G1 X93.682 Y101.431 E3.10835
G1 X94.036 Y100.459 E3.14897
G1 X94.474 Y99.52 E3.18965
G1 X94.991 Y98.624 E3.23027
G1 X95.587 Y97.772 E3.2711
G1 X95.989 Y97.28 E3.29605
G1 X96.608 Y96.609 E3.33189
G1 X97.377 Y95.904 E3.37285
G1 X97.773 Y95.586 E3.39279
G1 X98.294 Y95.211 E3.41799
G1 X99.071 Y94.719 E3.4541
G1 X99.514 Y94.476 E3.47394
G1 X100.459 Y94.036 E3.51487
G1 X101.438 Y93.68 E3.55577
G1 X101.922 Y93.539 E3.57556
G1 X102.939 Y93.313 E3.61647
G1 X103.973 Y93.177 E3.65742
G1 X104.48 Y93.144 E3.67737
G1 X105.122 Y93.135 E3.70258
G1 X106.04 Y93.178 E3.73866
G1 X106.542 Y93.233 E3.75849
G1 X107.569 Y93.414 E3.79944
G1 X108.569 Y93.682 E3.84009
G1 X109.541 Y94.036 E3.88071
G1 X110.48 Y94.474 E3.92139
G1 X111.376 Y94.991 E3.96201
G1 X112.23 Y95.589 E4.00295
G1 X112.623 Y95.904 E4.02273
G1 X113.391 Y96.609 E4.06366
G1 X114.096 Y97.377 E4.10459
G1 X114.411 Y97.77 E4.12437
G1 X115.009 Y98.624 E4.16531
G1 X115.526 Y99.52 E4.20593
G1 X115.964 Y100.459 E4.24661
G1 X116.32 Y101.438 E4.28751
G1 X116.461 Y101.922 E4.3073
G1 X116.666 Y102.845 E4.34442
G1 X116.826 Y104.055 E4.39234
G1 X116.863 Y105.088 E4.43293
G1 X116.822 Y106.034 E4.47011
G1 X116.687 Y107.061 E4.51078
G1 X116.461 Y108.078 E4.55169
G1 X116.32 Y108.562 E4.57148
G1 X115.964 Y109.541 E4.61238
G1 X115.526 Y110.48 E4.65306
G1 X115.009 Y111.376 E4.69368
G1 X114.411 Y112.23 E4.73462
G1 X114.096 Y112.623 E4.7544
G1 X113.391 Y113.391 E4.79533
G1 X112.623 Y114.096 E4.83626
G1 X112.23 Y114.411 E4.85604
G1 X111.376 Y115.009 E4.89698
G1 X110.48 Y115.526 E4.9376
G1 X109.541 Y115.964 E4.97828
G1 X108.569 Y116.318 E5.0189
G1 X107.569 Y116.586 E5.05955
G1 X106.549 Y116.766 E5.10022
G1 X105.511 Y116.857 E5.14113
G1 X105.007 Y116.868 E5.16092
G1 X103.966 Y116.822 E5.20183
G1 X102.932 Y116.686 E5.24278
G1 X102.438 Y116.588 E5.26255
G1 X101.431 Y116.318 E5.30349
G1 X100.459 Y115.964 E5.34411
G1 X99.52 Y115.526 E5.38479
G1 X98.618 Y115.005 E5.42569
G1 X98.199 Y114.725 E5.44548
G1 X97.372 Y114.091 E5.4864
G1 X96.609 Y113.391 E5.52706
G1 X95.909 Y112.628 E5.56772
G1 X95.276 Y111.803 E5.60855
G1 X94.928 Y111.272 E5.63348
G1 X94.474 Y110.481 E5.66929
G1 X94.036 Y109.541 E5.71001
G1 X93.701 Y108.62 E5.74849
G1 X93.294 Y108.694 F7800
;TYPE:External perimeter
G1 F884.349
G1 X93.293 Y108.691 E5.74861
G1 X93.016 Y107.654 E5.79075
G1 X92.912 Y107.132 E5.81165
G1 X92.816 Y106.474 E5.83776
G1 X92.737 Y105.533 E5.87484
G1 X92.725 Y105.002 E5.89569
G1 X92.772 Y103.93 E5.93782
G1 X92.912 Y102.866 E5.97996
G1 X93.016 Y102.346 E6.00078
G1 X93.293 Y101.309 E6.04292
G1 X93.66 Y100.303 E6.08497
G1 X94.112 Y99.332 E6.12702
G1 X94.648 Y98.405 E6.16906
G1 X95.263 Y97.526 E6.21118
G1 X95.682 Y97.013 E6.23719
G1 X96.32 Y96.321 E6.27415
G1 X97.112 Y95.595 E6.31634
G1 X97.527 Y95.262 E6.33723
G1 X98.066 Y94.874 E6.36331
G1 X98.864 Y94.369 E6.40039
G1 X99.33 Y94.113 E6.42127
G1 X100.303 Y93.66 E6.46341
G1 X101.311 Y93.292 E6.50554
G1 X101.821 Y93.144 E6.52639
G1 X102.869 Y92.912 E6.56854
G1 X103.933 Y92.772 E6.61068
G1 X104.464 Y92.737 E6.63157
G1 X105.129 Y92.728 E6.65768
G1 X106.072 Y92.772 E6.69475
G1 X106.6 Y92.83 E6.71561
G1 X107.657 Y93.016 E6.75775
G1 X108.691 Y93.293 E6.79978
G1 X109.697 Y93.66 E6.84183
G1 X110.668 Y94.112 E6.88388
G1 X111.595 Y94.648 E6.92592
G1 X112.474 Y95.263 E6.96804
G1 X112.888 Y95.595 E6.98888
G1 X113.68 Y96.32 E7.03104
G1 X114.405 Y97.112 E7.0732
G1 X114.737 Y97.526 E7.09404
G1 X115.352 Y98.405 E7.13616
G1 X115.888 Y99.332 E7.1782
G1 X116.34 Y100.303 E7.22025
G1 X116.708 Y101.311 E7.26238
G1 X116.856 Y101.821 E7.28323
G1 X117.064 Y102.757 E7.32088
G1 X117.233 Y104.038 E7.37161
G1 X117.27 Y105.105 E7.41353
G1 X117.228 Y106.07 E7.45146
G1 X117.088 Y107.131 E7.49348
G1 X116.856 Y108.179 E7.53563
G1 X116.708 Y108.689 E7.55648
G1 X116.34 Y109.697 E7.59861
G1 X115.888 Y110.668 E7.64066
G1 X115.352 Y111.595 E7.6827
G1 X114.737 Y112.474 E7.72482
G1 X114.405 Y112.888 E7.74566
G1 X113.68 Y113.68 E7.78782
G1 X112.888 Y114.405 E7.82998
G1 X112.474 Y114.737 E7.85082
G1 X111.595 Y115.352 E7.89294
G1 X110.668 Y115.888 E7.93498
G1 X109.697 Y116.34 E7.97703
G1 X108.691 Y116.707 E8.01908
G1 X107.657 Y116.984 E8.06111
G1 X106.602 Y117.17 E8.10317
G1 X105.533 Y117.263 E8.1453
G1 X105.002 Y117.275 E8.16615
G1 X103.93 Y117.228 E8.20828
G1 X102.866 Y117.088 E8.25042
G1 X102.346 Y116.984 E8.27124
G1 X101.309 Y116.707 E8.31338
G1 X100.303 Y116.34 E8.35543
G1 X99.332 Y115.888 E8.39748
G1 X98.403 Y115.351 E8.43961
G1 X97.961 Y115.056 E8.46048
G1 X97.11 Y114.403 E8.5026
G1 X96.32 Y113.68 E8.54465
G1 X95.597 Y112.89 E8.5867
G1 X94.944 Y112.039 E8.62882
G1 X94.581 Y111.485 E8.65483
G1 X94.112 Y110.668 E8.69182
G1 X93.66 Y109.697 E8.73387
G1 X93.315 Y108.751 E8.77341
G1 X93.207 Y108.365 F7800
;LAYER_CHANGE
;Z:3.75
;HEIGHT:0.2
G92 E0
G1 Z3.75 F7800
G1 X113.252 Y104.999
;TYPE:Perimeter
G1 F884.349
M73 Q28 S27
G1 X113.258 Y105.044 E.00178
G1 X113.206 Y105.326 E.01304
G1 X112.965 Y105.782 E.03329
G1 X109.502 Y111.78 E.30523
G1 X109.267 Y112.058 E.31952
M73 P28 R27
G1 X108.979 Y112.224 E.33257
G1 X108.621 Y112.289 E.34686
G1 X101.379 Y112.289 E.63121
G1 X101.021 Y112.224 E.6455
G1 X100.733 Y112.058 E.65855
G1 X100.498 Y111.78 E.67284
G1 X96.877 Y105.509 E.95717
G1 X96.753 Y105.156 E.97186
G1 X96.742 Y104.956 E.97972
G1 X96.856 Y104.53 E.99704
G1 X100.498 Y98.22 E1.28311
G1 X100.751 Y97.927 E1.29831
G1 X101.02 Y97.776 E1.31042
G1 X101.379 Y97.711 E1.32475
G1 X108.621 Y97.711 E1.6091
G1 X108.979 Y97.776 E1.62339
G1 X109.267 Y97.942 E1.63644
G1 X109.502 Y98.22 E1.65073
G1 X113.123 Y104.491 E1.93506
G1 X113.206 Y104.674 E1.94295
G1 X113.243 Y104.939 E1.95346
G1 X112.851 Y104.995 F7800
G1 F884.349
G1 X112.852 Y105 E1.95366
G1 X112.82 Y105.196 E1.96146
G1 X109.15 Y111.577 E2.25049
G1 X108.926 Y111.8 E2.2629
G1 X108.621 Y111.882 E2.2753
G1 X101.379 Y111.882 E2.55965
G1 X101.074 Y111.8 E2.57205
G1 X100.85 Y111.577 E2.58446
G1 X97.23 Y105.305 E2.8688
G1 X97.148 Y105.007 E2.88094
G1 X97.23 Y104.695 E2.89361
G1 X100.85 Y98.423 E3.17795
G1 X101.003 Y98.248 E3.18708
G1 X101.164 Y98.157 E3.19434
G1 X101.379 Y98.118 E3.20292
G1 X108.621 Y98.118 E3.48727
G1 X108.926 Y98.2 E3.49967
G1 X109.15 Y98.423 E3.51208
G1 X112.77 Y104.695 E3.79642
G1 X112.835 Y104.937 E3.80626
G1 X112.428 Y105 F7800
;TYPE:External perimeter
G1 F884.349
G1 X112.434 Y105.065 E3.80882
G1 X108.797 Y111.373 E4.09472
G1 X108.674 Y111.468 E4.10082
G1 X107.885 Y111.475 E4.1318
G1 X101.379 Y111.475 E4.38726
G1 X101.25 Y111.429 E4.39264
G1 X97.582 Y105.102 E4.6798
G1 X97.566 Y104.933 E4.68647
M73 P28 R26
G1 X101.203 Y98.627 E4.9723
G1 X101.307 Y98.538 E4.97767
G1 X108.621 Y98.525 E5.26485
G1 X108.765 Y98.584 E5.27096
G1 X112.418 Y104.898 E5.55738
G1 X112.422 Y104.94 E5.55904
G1 X112.282 Y105.315 F7800
G92 E0
G1 X94.067 Y108.432
;TYPE:Perimeter
G1 F884.349
G1 X93.825 Y107.528 E.03675
G1 X93.714 Y106.994 E.05817
G1 X93.629 Y106.411 E.0813
G1 X93.554 Y105.54 E.11563
G1 X93.54 Y105.011 E.13641
G1 X93.582 Y104.044 E.17441
G1 X93.637 Y103.508 E.19557
G1 X93.731 Y102.926 E.21872
G1 X93.919 Y102.083 E.25263
G1 X94.067 Y101.565 E.27378
G1 X94.412 Y100.615 E.31346
G1 X94.835 Y99.708 E.35276
M73 Q28 S26
G1 X95.335 Y98.843 E.39199
G1 X95.913 Y98.017 E.43157
G1 X96.277 Y97.569 E.45423
G1 X96.896 Y96.897 E.4901
G1 X97.634 Y96.221 E.5294
G1 X98.433 Y95.608 E.56894
G1 X98.915 Y95.29 E.59161
G1 X99.707 Y94.835 E.62747
G1 X100.615 Y94.412 E.6668
G1 X101.507 Y94.088 E.70406
G1 X102.023 Y93.933 E.72521
G1 X103.01 Y93.714 E.76491
G1 X103.945 Y93.591 E.80194
G1 X104.497 Y93.551 E.82367
G1 X105.085 Y93.542 E.84676
G1 X105.944 Y93.581 E.88052
G1 X106.485 Y93.636 E.90187
G1 X107.48 Y93.812 E.94154
G1 X108.446 Y94.071 E.98081
G1 X109.385 Y94.412 E1.02004
G1 X110.292 Y94.835 E1.05934
G1 X111.157 Y95.335 E1.09857
G1 X111.983 Y95.913 E1.13815
G1 X112.431 Y96.277 E1.16081
G1 X113.103 Y96.896 E1.19668
G1 X113.742 Y97.593 E1.23381
G1 X114.085 Y98.014 E1.25513
G1 X114.665 Y98.843 E1.29486
G1 X115.165 Y99.708 E1.33409
G1 X115.588 Y100.615 E1.37339
G1 X115.933 Y101.565 E1.41307
G1 X116.081 Y102.084 E1.43426
G1 X116.337 Y103.4 E1.4869
G1 X116.419 Y104.073 E1.51352
G1 X116.457 Y105.07 E1.5527
G1 X116.416 Y105.999 E1.58921
G1 X116.286 Y106.99 E1.62845
G1 X116.081 Y107.916 E1.66569
G1 X115.933 Y108.435 E1.68688
G1 X115.588 Y109.385 E1.72656
G1 X115.165 Y110.292 E1.76586
G1 X114.694 Y111.108 E1.80285
G1 X114.394 Y111.564 E1.82428
G1 X113.779 Y112.366 E1.86396
G1 X113.103 Y113.103 E1.90323
G1 X112.401 Y113.747 E1.94064
G1 X111.986 Y114.085 E1.96166
G1 X111.157 Y114.665 E2.00139
G1 X110.292 Y115.165 E2.04062
G1 X109.385 Y115.588 E2.07992
G1 X108.446 Y115.929 E2.11915
G1 X107.532 Y116.174 E2.1563
G1 X106.994 Y116.286 E2.17788
G1 X106.411 Y116.371 E2.20101
G1 X105.555 Y116.444 E2.23474
G1 X105.011 Y116.46 E2.25611
G1 X104.001 Y116.416 E2.2958
G1 X103.064 Y116.293 E2.33291
G1 X102.531 Y116.191 E2.35422
G1 X101.554 Y115.929 E2.39394
G1 X100.615 Y115.588 E2.43317
G1 X99.708 Y115.165 E2.47247
G1 X98.843 Y114.665 E2.5117
G1 X98.061 Y114.118 E2.54917
G1 X97.642 Y113.786 E2.57016
G1 X96.935 Y113.138 E2.60782
G1 X96.558 Y112.751 E2.62903
G1 X95.908 Y111.976 E2.66875
G1 X95.335 Y111.157 E2.708
G1 X94.835 Y110.292 E2.74723
G1 X94.412 Y109.385 E2.78653
G1 X94.086 Y108.489 E2.82397
G1 X93.68 Y108.563 F7800
G1 F884.349
G1 X93.412 Y107.562 E2.86466
G1 X93.313 Y107.063 E2.88463
G1 X93.224 Y106.458 E2.90864
G1 X93.143 Y105.511 E2.94596
G1 X93.132 Y105.007 E2.96575
G1 X93.178 Y103.959 E3.00694
G1 X93.234 Y103.453 E3.02693
G1 X93.331 Y102.849 E3.05095
G1 X93.538 Y101.922 E3.08824
G1 X93.68 Y101.438 E3.10805
G1 X94.036 Y100.459 E3.14895
G1 X94.474 Y99.52 E3.18963
G1 X94.991 Y98.624 E3.23025
G1 X95.588 Y97.772 E3.2711
G1 X95.969 Y97.303 E3.29483
G1 X96.608 Y96.609 E3.33187
G1 X97.372 Y95.909 E3.37256
G1 X98.197 Y95.276 E3.41339
G1 X98.702 Y94.944 E3.43712
G1 X99.52 Y94.474 E3.47416
G1 X100.459 Y94.036 E3.51484
G1 X101.438 Y93.68 E3.55574
G1 X101.922 Y93.539 E3.57553
G1 X102.939 Y93.313 E3.61644
G1 X103.973 Y93.177 E3.65739
G1 X104.48 Y93.144 E3.67734
G1 X105.091 Y93.135 E3.70133
G1 X106.04 Y93.178 E3.73863
G1 X106.542 Y93.233 E3.75846
G1 X107.569 Y93.414 E3.79941
G1 X108.569 Y93.682 E3.84006
G1 X109.541 Y94.036 E3.88068
G1 X110.48 Y94.474 E3.92136
G1 X111.376 Y94.991 E3.96198
G1 X112.228 Y95.588 E4.00283
G1 X112.697 Y95.969 E4.02656
G1 X113.391 Y96.608 E4.0636
G1 X114.096 Y97.377 E4.10456
G1 X114.411 Y97.77 E4.12434
G1 X115.009 Y98.624 E4.16528
G1 X115.526 Y99.52 E4.2059
G1 X115.964 Y100.459 E4.24658
G1 X116.32 Y101.438 E4.28748
G1 X116.461 Y101.922 E4.30727
G1 X116.666 Y102.845 E4.34439
G1 X116.826 Y104.055 E4.39231
G1 X116.863 Y105.088 E4.4329
G1 X116.822 Y106.034 E4.47008
G1 X116.687 Y107.061 E4.51075
G1 X116.461 Y108.078 E4.55166
G1 X116.32 Y108.562 E4.57145
G1 X115.964 Y109.541 E4.61235
G1 X115.526 Y110.48 E4.65303
G1 X115.005 Y111.382 E4.69393
G1 X114.725 Y111.801 E4.71372
G1 X114.091 Y112.628 E4.75464
G1 X113.391 Y113.391 E4.7953
G1 X112.623 Y114.096 E4.83623
G1 X112.23 Y114.411 E4.85601
G1 X111.376 Y115.009 E4.89695
G1 X110.48 Y115.526 E4.93757
G1 X109.541 Y115.964 E4.97825
G1 X108.569 Y116.318 E5.01887
G1 X107.562 Y116.588 E5.05981
G1 X107.063 Y116.687 E5.07978
G1 X106.458 Y116.776 E5.10379
G1 X105.511 Y116.857 E5.14111
G1 X105.007 Y116.868 E5.1609
G1 X103.966 Y116.822 E5.20181
G1 X102.932 Y116.686 E5.24276
G1 X102.438 Y116.588 E5.26253
G1 X101.431 Y116.318 E5.30347
G1 X100.459 Y115.964 E5.34409
G1 X99.52 Y115.526 E5.38477
G1 X98.624 Y115.009 E5.42539
G1 X97.77 Y114.411 E5.46633
G1 X97.377 Y114.096 E5.48611
G1 X96.603 Y113.387 E5.52732
G1 X96.255 Y113.023 E5.54709
G1 X95.585 Y112.224 E5.58803
G1 X94.991 Y111.376 E5.62868
G1 X94.474 Y110.48 E5.6693
G1 X94.036 Y109.541 E5.70998
G1 X93.701 Y108.62 E5.74846
G1 X93.294 Y108.694 F7800
;TYPE:External perimeter
G1 F884.349
G1 X93.293 Y108.691 E5.74858
G1 X93.016 Y107.654 E5.79072
G1 X92.912 Y107.132 E5.81162
G1 X92.82 Y106.505 E5.8365
G1 X92.737 Y105.533 E5.8748
G1 X92.725 Y105.002 E5.89565
G1 X92.772 Y103.928 E5.93786
G1 X92.83 Y103.399 E5.95876
G1 X92.931 Y102.773 E5.98366
G1 X93.144 Y101.821 E6.02196
G1 X93.292 Y101.311 E6.04281
G1 X93.66 Y100.303 E6.08494
G1 X94.112 Y99.332 E6.12699
G1 X94.648 Y98.405 E6.16903
G1 X95.263 Y97.526 E6.21115
G1 X95.661 Y97.036 E6.23594
G1 X96.32 Y96.321 E6.27412
G1 X97.11 Y95.597 E6.31619
G1 X97.961 Y94.944 E6.35831
G1 X98.488 Y94.597 E6.38309
G1 X99.332 Y94.112 E6.42131
G1 X100.303 Y93.66 E6.46336
G1 X101.311 Y93.292 E6.50549
G1 X101.821 Y93.144 E6.52634
G1 X102.868 Y92.912 E6.56845
G1 X103.933 Y92.772 E6.61063
G1 X104.464 Y92.737 E6.63152
G1 X105.098 Y92.727 E6.65642
G1 X106.072 Y92.772 E6.6947
G1 X106.6 Y92.83 E6.71556
G1 X107.657 Y93.016 E6.7577
G1 X108.691 Y93.293 E6.79973
G1 X109.697 Y93.66 E6.84178
G1 X110.668 Y94.112 E6.88383
G1 X111.595 Y94.648 E6.92587
G1 X112.474 Y95.263 E6.96799
G1 X112.964 Y95.661 E6.99278
G1 X113.679 Y96.32 E7.03096
G1 X114.405 Y97.112 E7.07315
G1 X114.737 Y97.526 E7.09399
G1 X115.352 Y98.405 E7.13611
G1 X115.888 Y99.332 E7.17815
G1 X116.34 Y100.303 E7.2202
G1 X116.708 Y101.311 E7.26233
G1 X116.856 Y101.821 E7.28318
G1 X117.064 Y102.757 E7.32083
M73 Q29 S26
G1 X117.233 Y104.038 E7.37156
G1 X117.27 Y105.105 E7.41348
M73 P29 R26
G1 X117.228 Y106.07 E7.45141
G1 X117.088 Y107.131 E7.49343
G1 X116.856 Y108.179 E7.53558
G1 X116.708 Y108.689 E7.55643
G1 X116.34 Y109.697 E7.59856
G1 X115.888 Y110.668 E7.64061
G1 X115.351 Y111.597 E7.68274
G1 X115.056 Y112.039 E7.70361
G1 X114.403 Y112.89 E7.74573
G1 X113.68 Y113.68 E7.78778
G1 X112.888 Y114.405 E7.82994
G1 X112.474 Y114.737 E7.85078
G1 X111.595 Y115.352 E7.8929
G1 X110.668 Y115.888 E7.93494
G1 X109.697 Y116.34 E7.97699
G1 X108.691 Y116.707 E8.01904
G1 X107.654 Y116.984 E8.06118
G1 X107.132 Y117.088 E8.08208
G1 X106.505 Y117.18 E8.10696
G1 X105.533 Y117.263 E8.14526
G1 X105.002 Y117.275 E8.16611
G1 X103.93 Y117.228 E8.20824
G1 X102.866 Y117.088 E8.25038
G1 X102.346 Y116.984 E8.2712
G1 X101.309 Y116.707 E8.31334
G1 X100.303 Y116.34 E8.35539
G1 X99.332 Y115.888 E8.39744
G1 X98.405 Y115.352 E8.43948
G1 X97.526 Y114.737 E8.4816
G1 X97.112 Y114.405 E8.50244
G1 X96.319 Y113.678 E8.54468
G1 X95.952 Y113.295 E8.56551
G1 X95.262 Y112.472 E8.60768
G1 X94.648 Y111.595 E8.64972
G1 X94.112 Y110.668 E8.69176
G1 X93.66 Y109.697 E8.73381
G1 X93.315 Y108.751 E8.77335
G1 X93.207 Y108.365 F7800
G92 E0
G1 X95.334 Y110.545
;TYPE:Internal infill
;WIDTH:0.45
;HEIGHT:0.4
G1 F494.289
G1 X94.695 Y109.269 E.10025
G1 X94.362 Y108.354 E.16865
G1 X94.517 Y108.203 E.18385
G1 X95.173 Y108.047 E.23122
G1 X95.5 Y108.091 E.2544
G1 X95.828 Y108.34 E.28333
G1 X96.483 Y109.216 E.36017
G1 X97.138 Y109.659 E.41572
G1 X97.793 Y109.815 E.46302
G1 X98.121 Y109.771 E.48627
G1 X98.448 Y109.522 E.51514
G1 X98.671 Y109.224 E.54129
G1 X99.567 Y110.778 E.6673
G1 X99.104 Y110.668 E.70073
G1 X98.776 Y110.712 E.72398
G1 X98.448 Y110.961 E.75291
G1 X97.793 Y111.837 E.82975
G1 X97.138 Y112.28 E.8853
G1 X96.66 Y112.394 E.91982
G1 X97.83 Y113.545 E1.03512
G1 X98.815 Y114.273 E1.12116
G1 X99.104 Y113.887 E1.15503
G1 X99.759 Y113.444 E1.21058
G1 X100.414 Y113.288 E1.25788
G1 X100.741 Y113.333 E1.28107
G1 X101.069 Y113.582 E1.31
G1 X101.724 Y114.457 E1.38678
G1 X102.379 Y114.901 E1.44237
G1 X103.035 Y115.056 E1.48972
G1 X103.362 Y115.012 E1.5129
G1 X103.69 Y114.763 E1.54183
G1 X104.345 Y113.887 E1.61867
G1 X105 Y113.444 E1.67422
G1 X105.655 Y113.288 E1.72152
G1 X105.983 Y113.333 E1.74478
G1 X106.31 Y113.582 E1.77365
G1 X106.966 Y114.457 E1.85047
G1 X107.621 Y114.901 E1.90606
G1 X108.276 Y115.056 E1.95334
G1 X108.603 Y115.012 E1.97652
G1 X108.931 Y114.763 E2.00545
G1 X109.586 Y113.887 E2.08229
G1 X110.241 Y113.444 E2.13784
G1 X110.896 Y113.288 E2.18514
G1 X111.224 Y113.333 E2.2084
G1 X111.552 Y113.582 E2.23733
G1 X111.761 Y113.861 E2.26182
G1 X110.993 Y114.408 E2.32806
G1 X110.15 Y114.894 E2.39642
G1 X109.269 Y115.305 E2.46471
G1 X108.354 Y115.638 E2.53311
G1 X107.414 Y115.89 E2.60148
G1 X106.545 Y116.043 E2.66347
G1 X105.13 Y116.152 E2.76317
G1 X105 Y116.065 E2.77416
G1 X104.345 Y115.909 E2.82146
G1 X104.017 Y115.953 E2.84471
G1 X103.841 Y116.087 E2.86025
G1 X102.6 Y115.894 E2.94848
G1 X101.46 Y115.57 E3.03174
G92 E0
G1 X108.748 Y112.579 F7800
G1 F494.289
G1 X109.088 Y112.509 E.02439
G1 X109.464 Y112.292 E.05489
G1 X109.744 Y111.971 E.08481
G1 X110.36 Y110.904 E.17136
G1 X110.896 Y111.267 E.21684
G1 X111.552 Y112.142 E.29366
G1 X111.879 Y112.391 E.32253
G1 X112.207 Y112.436 E.34579
G1 X112.862 Y112.28 E.39309
G1 X113.517 Y111.837 E.44864
G1 X114.172 Y110.961 E.52548
G1 X114.576 Y110.702 E.55919
G1 X115.305 Y109.269 E.67214
G1 X115.698 Y108.151 E.75539
G1 X115.483 Y108.203 E.77093
G1 X114.827 Y108.646 E.82654
G1 X114.172 Y109.522 E.90338
G1 X113.845 Y109.771 E.93225
G1 X113.517 Y109.815 E.9555
G1 X112.862 Y109.659 E1.0028
G1 X112.207 Y109.216 E1.05835
G1 X111.715 Y108.558 E1.11607
G1 X112.549 Y107.113 E1.23327
G1 X112.862 Y107.039 E1.25586
G1 X113.517 Y106.595 E1.31145
G1 X114.172 Y105.72 E1.38823
G1 X114.5 Y105.471 E1.41716
G1 X114.827 Y105.426 E1.44035
G1 X115.483 Y105.582 E1.48772
G1 X116.107 Y106.005 E1.54068
G1 X116.154 Y105 E1.61136
G1 X116.112 Y104.028 E1.67971
G1 X115.938 Y102.853 E1.76315
G1 X115.483 Y102.961 E1.796
G1 X114.827 Y103.405 E1.85165
G1 X114.172 Y104.28 E1.92843
G1 X113.845 Y104.529 E1.9573
G1 X113.517 Y104.574 E1.98056
G1 X111.993 Y101.924 E2.19531
G1 X112.207 Y101.953 E2.21048
G1 X112.862 Y101.797 E2.25778
G1 X113.517 Y101.354 E2.31333
G1 X114.172 Y100.478 E2.39017
G1 X114.5 Y100.229 E2.4191
G1 X114.827 Y100.185 E2.44228
G1 X115.078 Y100.245 E2.46041
G1 X114.305 Y98.861 E2.57177
G1 X114.172 Y99.039 E2.58738
G1 X113.845 Y99.288 E2.61625
G1 X113.517 Y99.332 E2.6395
G1 X112.862 Y99.177 E2.68678
G1 X112.207 Y98.733 E2.74237
G1 X111.552 Y97.858 E2.81915
G1 X111.224 Y97.609 E2.84808
G1 X110.896 Y97.564 E2.87134
G1 X110.241 Y97.72 E2.91864
G1 X109.756 Y98.049 E2.95981
G1 X109.556 Y97.791 E2.98274
G1 X109.285 Y97.584 E3.0067
G1 X108.679 Y97.406 E3.05107
G1 X101.321 Y97.406 E3.56797
G1 X100.916 Y97.489 E3.59701
G1 X100.688 Y97.602 E3.61489
G1 X100.414 Y97.564 E3.63432
G1 X99.759 Y97.72 E3.68162
G1 X99.104 Y98.163 E3.73717
G1 X98.448 Y99.039 E3.81405
G1 X98.121 Y99.288 E3.84292
G1 X97.793 Y99.332 E3.86617
G1 X97.138 Y99.177 E3.91345
G1 X96.483 Y98.733 E3.96904
G1 X96.122 Y98.251 E4.01134
G1 X95.593 Y99.007 E4.07616
G1 X94.791 Y100.526 E4.19683
G1 X95.173 Y100.784 E4.22921
G1 X95.828 Y101.66 E4.30605
G1 X96.155 Y101.909 E4.33492
G1 X96.483 Y101.953 E4.35817
G1 X97.138 Y101.797 E4.40547
G1 X97.793 Y101.354 E4.46102
G1 X98.448 Y100.478 E4.53786
G1 X98.776 Y100.229 E4.56679
G1 X99.003 Y100.199 E4.58288
G1 X96.727 Y104.14 E4.90259
G1 X96.483 Y103.975 E4.92328
G1 X95.828 Y103.099 E5.00012
G1 X95.5 Y102.85 E5.02905
G1 X95.173 Y102.806 E5.05223
G1 X94.517 Y102.961 E5.09958
G1 X93.981 Y103.325 E5.1451
G1 X93.888 Y104.028 E5.19492
G1 X93.854 Y105.427 E5.29323
G1 X94.517 Y105.582 E5.34106
G1 X95.173 Y106.025 E5.39667
G1 X95.828 Y106.901 E5.47351
G1 X96.155 Y107.15 E5.50238
G1 X96.483 Y107.194 E5.52563
G1 X97.138 Y107.039 E5.57291
G1 X97.334 Y106.906 E5.58955
G1 X96.566 Y105.575 E5.6975
G1 X96.451 Y105.206 E5.72465
G1 X96.482 Y104.694 E5.76068
G92 E0
G1 X105.911 Y93.885 F7800
G1 F494.289
G1 X104.507 Y93.856 E.09865
G1 X103.475 Y93.961 E.17152
G1 X103.362 Y94.047 E.1815
G1 X103.035 Y94.091 E.20468
G1 X102.883 Y94.055 E.21565
G1 X101.66 Y94.357 E.30415
G1 X100.731 Y94.695 E.3736
G1 X99.806 Y95.131 E.44544
G1 X100.414 Y95.543 E.49703
G1 X101.069 Y96.418 E.57381
G1 X101.397 Y96.667 E.60274
G1 X101.724 Y96.712 E.62593
G1 X102.379 Y96.556 E.67323
G1 X103.035 Y96.113 E.72884
G1 X103.69 Y95.237 E.80568
G1 X104.017 Y94.988 E.83455
G1 X104.345 Y94.944 E.8578
G1 X105 Y95.099 E.90508
G1 X105.655 Y95.543 E.96067
G1 X106.31 Y96.418 E1.03745
G1 X106.638 Y96.667 E1.06638
G1 X106.966 Y96.712 E1.08964
G1 X107.621 Y96.556 E1.13694
G1 X108.276 Y96.113 E1.19249
G1 X108.931 Y95.237 E1.26933
G1 X109.259 Y94.988 E1.29826
G1 X109.586 Y94.944 E1.32144
G1 X110.027 Y95.048 E1.35327
G1 X110.896 Y95.543 E1.42353
G1 X111.552 Y96.418 E1.50035
G1 X111.879 Y96.667 E1.52922
G1 X112.207 Y96.712 E1.55248
G1 X112.4 Y96.666 E1.56642
G1 X113.555 Y97.841 E1.68216
G1 X114.034 Y98.473 E1.73787
;LAYER_CHANGE
;Z:3.95
;HEIGHT:0.2
G92 E0
G1 Z3.95 F7800
G1 X113.252 Y104.999
;TYPE:Perimeter
;WIDTH:0.449999
G1 F884.349
G1 X113.258 Y105.044 E.00178
G1 X113.206 Y105.326 E.01304
G1 X112.95 Y105.808 E.03447
G1 X109.502 Y111.78 E.30523
G1 X109.267 Y112.058 E.31952
G1 X108.979 Y112.224 E.33257
G1 X108.621 Y112.289 E.34686
G1 X101.379 Y112.289 E.63121
G1 X101.021 Y112.224 E.6455
G1 X100.725 Y112.051 E.65896
G1 X100.498 Y111.78 E.67284
G1 X96.877 Y105.509 E.95717
G1 X96.753 Y105.156 E.97186
M73 P30 R26
M73 Q30 S26
G1 X96.742 Y104.956 E.97972
G1 X96.856 Y104.529 E.99707
G1 X100.498 Y98.22 E1.2831
G1 X100.693 Y97.977 E1.29533
G1 X101.011 Y97.78 E1.31002
G1 X101.379 Y97.711 E1.32472
G1 X108.621 Y97.711 E1.60907
G1 X108.979 Y97.776 E1.62336
G1 X109.267 Y97.942 E1.63641
G1 X109.502 Y98.22 E1.6507
G1 X113.123 Y104.491 E1.93503
G1 X113.206 Y104.674 E1.94292
G1 X113.243 Y104.939 E1.95343
G1 X112.851 Y104.995 F7800
G1 F884.349
G1 X112.852 Y105 E1.95363
G1 X112.82 Y105.196 E1.96143
G1 X109.15 Y111.577 E2.25046
G1 X108.926 Y111.8 E2.26287
G1 X108.621 Y111.882 E2.27527
G1 X101.379 Y111.882 E2.55962
G1 X101.074 Y111.8 E2.57202
G1 X100.85 Y111.577 E2.58443
G1 X97.23 Y105.305 E2.86877
G1 X97.148 Y105.007 E2.88091
G1 X97.23 Y104.695 E2.89358
G1 X100.85 Y98.423 E3.17792
G1 X101.052 Y98.213 E3.18936
G1 X101.355 Y98.118 E3.20183
G1 X102.146 Y98.118 E3.23289
G1 X108.621 Y98.118 E3.48713
G1 X108.926 Y98.2 E3.49953
G1 X109.15 Y98.423 E3.51194
G1 X112.77 Y104.695 E3.79628
G1 X112.835 Y104.937 E3.80612
G1 X112.428 Y105 F7800
;TYPE:External perimeter
G1 F884.349
G1 X112.434 Y105.065 E3.80868
G1 X108.797 Y111.373 E4.09458
G1 X108.674 Y111.468 E4.10068
G1 X101.379 Y111.475 E4.38712
G1 X101.228 Y111.408 E4.39361
G1 X97.582 Y105.102 E4.67962
G1 X97.566 Y104.933 E4.68629
G1 X101.203 Y98.627 E4.97212
G1 X101.305 Y98.539 E4.97741
G1 X102.146 Y98.525 E5.01044
G1 X108.621 Y98.525 E5.26468
G1 X108.765 Y98.584 E5.27079
G1 X112.418 Y104.898 E5.55721
G1 X112.422 Y104.94 E5.55887
G1 X112.282 Y105.315 F7800
G92 E0
G1 X94.067 Y108.432
;TYPE:Perimeter
G1 F884.349
G1 X93.825 Y107.528 E.03675
G1 X93.714 Y106.993 E.0582
G1 X93.632 Y106.441 E.08011
G1 X93.554 Y105.541 E.11558
G1 X93.54 Y105.011 E.1364
G1 X93.582 Y104.044 E.1744
G1 X93.637 Y103.507 E.1956
G1 X93.725 Y102.956 E.21751
G1 X93.919 Y102.084 E.25259
G1 X94.067 Y101.565 E.27378
G1 X94.412 Y100.615 E.31346
G1 X94.835 Y99.708 E.35276
G1 X95.335 Y98.843 E.39199
G1 X95.913 Y98.017 E.43157
G1 X96.258 Y97.592 E.45306
G1 X96.896 Y96.897 E.4901
G1 X97.599 Y96.253 E.52753
G1 X98.021 Y95.909 E.54891
G1 X98.473 Y95.582 E.57082
G1 X99.236 Y95.097 E.60632
G1 X99.698 Y94.84 E.62708
G1 X100.615 Y94.412 E.66681
G1 X101.507 Y94.088 E.70407
G1 X102.023 Y93.933 E.72522
G1 X103.01 Y93.714 E.76492
G1 X103.945 Y93.591 E.80195
G1 X104.498 Y93.55 E.82372
G1 X105.055 Y93.541 E.84559
G1 X105.943 Y93.581 E.88049
G1 X106.485 Y93.636 E.90188
G1 X107.48 Y93.812 E.94155
G1 X108.446 Y94.071 E.98082
G1 X109.385 Y94.412 E1.02005
G1 X110.292 Y94.835 E1.05935
G1 X111.157 Y95.335 E1.09858
G1 X111.983 Y95.913 E1.13816
G1 X112.408 Y96.258 E1.15965
G1 X113.103 Y96.896 E1.19669
G1 X113.779 Y97.634 E1.23599
G1 X114.353 Y98.382 E1.27301
G1 X114.659 Y98.833 E1.29441
G1 X115.165 Y99.708 E1.3341
G1 X115.588 Y100.615 E1.3734
G1 X115.933 Y101.565 E1.41308
G1 X116.081 Y102.084 E1.43427
G1 X116.337 Y103.4 E1.48691
G1 X116.419 Y104.073 E1.51353
G1 X116.457 Y105.07 E1.55271
G1 X116.416 Y105.999 E1.58922
G1 X116.292 Y106.943 E1.6266
G1 X116.191 Y107.469 E1.64763
G1 X115.929 Y108.446 E1.68735
G1 X115.588 Y109.385 E1.72658
G1 X115.165 Y110.292 E1.76588
G1 X114.694 Y111.108 E1.80287
G1 X114.394 Y111.564 E1.8243
G1 X113.779 Y112.366 E1.86398
G1 X113.103 Y113.103 E1.90325
G1 X112.401 Y113.747 E1.94066
G1 X111.986 Y114.085 E1.96168
G1 X111.157 Y114.665 E2.00141
G1 X110.292 Y115.165 E2.04064
G1 X109.385 Y115.588 E2.07994
G1 X108.446 Y115.929 E2.11917
G1 X107.48 Y116.188 E2.15844
G1 X106.496 Y116.362 E2.19768
G1 X105.556 Y116.444 E2.23473
G1 X105.045 Y116.46 E2.2548
G1 X104.511 Y116.45 E2.27577
G1 X103.504 Y116.362 E2.31546
G1 X102.52 Y116.188 E2.3547
G1 X101.554 Y115.929 E2.39397
G1 X100.615 Y115.588 E2.4332
G1 X99.708 Y115.165 E2.4725
G1 X98.879 Y114.686 E2.51009
G1 X98.436 Y114.394 E2.53092
G1 X97.634 Y113.779 E2.5706
G1 X96.897 Y113.103 E2.60987
G1 X96.258 Y112.407 E2.64697
G1 X95.909 Y111.979 E2.66865
G1 X95.582 Y111.527 E2.69056
G1 X95.105 Y110.777 E2.72546
G1 X94.84 Y110.302 E2.74682
G1 X94.412 Y109.385 E2.78655
G1 X94.086 Y108.489 E2.82399
G1 X93.68 Y108.563 F7800
G1 F884.349
G1 X93.412 Y107.562 E2.86468
G1 X93.313 Y107.062 E2.88469
G1 X93.227 Y106.488 E2.90748
G1 X93.143 Y105.511 E2.94598
G1 X93.132 Y105.007 E2.96577
G1 X93.178 Y103.959 E3.00696
G1 X93.234 Y103.452 E3.02699
G1 X93.325 Y102.879 E3.04977
G1 X93.538 Y101.922 E3.08827
G1 X93.68 Y101.438 E3.10808
G1 X94.036 Y100.459 E3.14898
G1 X94.474 Y99.52 E3.18966
G1 X94.991 Y98.624 E3.23028
G1 X95.588 Y97.771 E3.27116
G1 X95.949 Y97.326 E3.29366
G1 X96.608 Y96.609 E3.3319
G1 X97.377 Y95.904 E3.37286
G1 X97.774 Y95.586 E3.39283
G1 X98.244 Y95.245 E3.41563
G1 X99.072 Y94.719 E3.45415
G1 X99.514 Y94.476 E3.47395
G1 X100.459 Y94.036 E3.51488
G1 X101.438 Y93.68 E3.55578
G1 X101.922 Y93.539 E3.57557
G1 X102.939 Y93.313 E3.61648
G1 X103.973 Y93.177 E3.65743
G1 X104.481 Y93.144 E3.67742
G1 X105.061 Y93.134 E3.7002
G1 X106.041 Y93.178 E3.73872
G1 X106.542 Y93.233 E3.75851
G1 X107.569 Y93.414 E3.79946
G1 X108.569 Y93.682 E3.84011
G1 X109.541 Y94.036 E3.88073
G1 X110.48 Y94.474 E3.92141
G1 X111.376 Y94.991 E3.96203
G1 X112.229 Y95.588 E4.00291
G1 X112.674 Y95.949 E4.02541
G1 X113.391 Y96.608 E4.06365
G1 X114.091 Y97.372 E4.10434
G1 X114.725 Y98.199 E4.14526
G1 X115.005 Y98.618 E4.16505
G1 X115.526 Y99.52 E4.20595
G1 X115.964 Y100.459 E4.24663
G1 X116.32 Y101.438 E4.28753
G1 X116.461 Y101.922 E4.30732
G1 X116.666 Y102.845 E4.34444
G1 X116.826 Y104.055 E4.39236
G1 X116.863 Y105.088 E4.43295
G1 X116.822 Y106.034 E4.47013
G1 X116.686 Y107.068 E4.51108
G1 X116.588 Y107.562 E4.53085
G1 X116.318 Y108.569 E4.57179
G1 X115.964 Y109.541 E4.61241
G1 X115.526 Y110.48 E4.65309
G1 X115.005 Y111.382 E4.69399
G1 X114.725 Y111.801 E4.71378
G1 X114.091 Y112.628 E4.7547
G1 X113.391 Y113.391 E4.79536
G1 X112.623 Y114.096 E4.83629
G1 X112.23 Y114.411 E4.85607
G1 X111.376 Y115.009 E4.89701
G1 X110.48 Y115.526 E4.93763
G1 X109.541 Y115.964 E4.97831
G1 X108.569 Y116.318 E5.01893
G1 X107.569 Y116.586 E5.05958
G1 X106.549 Y116.766 E5.10025
G1 X105.511 Y116.857 E5.14116
G1 X105 Y116.868 E5.16123
G1 X104.489 Y116.857 E5.1813
G1 X103.451 Y116.766 E5.22221
G1 X102.431 Y116.586 E5.26288
G1 X101.431 Y116.318 E5.30353
G1 X100.459 Y115.964 E5.34415
G1 X99.52 Y115.526 E5.38483
G1 X98.618 Y115.005 E5.42573
G1 X98.199 Y114.725 E5.44552
G1 X97.372 Y114.091 E5.48644
G1 X96.609 Y113.391 E5.5271
G1 X95.904 Y112.623 E5.56803
G1 X95.586 Y112.226 E5.588
G1 X95.245 Y111.756 E5.6108
G1 X94.719 Y110.928 E5.64932
G1 X94.476 Y110.486 E5.66912
G1 X94.036 Y109.541 E5.71005
G1 X93.701 Y108.62 E5.74853
G1 X93.294 Y108.694 F7800
;TYPE:External perimeter
G1 F884.349
G1 X93.293 Y108.691 E5.74865
G1 X93.016 Y107.654 E5.79079
G1 X92.912 Y107.132 E5.81169
G1 X92.823 Y106.536 E5.83535
G1 X92.737 Y105.533 E5.87488
G1 X92.725 Y105.002 E5.89573
G1 X92.772 Y103.928 E5.93794
G1 X92.83 Y103.398 E5.95887
G1 X92.925 Y102.803 E5.98253
G1 X93.144 Y101.821 E6.02204
G1 X93.292 Y101.311 E6.04289
G1 X93.66 Y100.303 E6.08502
G1 X94.112 Y99.332 E6.12707
G1 X94.648 Y98.405 E6.16911
G1 X95.263 Y97.526 E6.21123
G1 X95.641 Y97.06 E6.23479
G1 X96.32 Y96.321 E6.27419
G1 X97.112 Y95.595 E6.31638
G1 X97.527 Y95.262 E6.33727
G1 X98.015 Y94.908 E6.36094
G1 X98.865 Y94.368 E6.40048
G1 X99.33 Y94.113 E6.4213
G1 X100.303 Y93.66 E6.46344
G1 X101.311 Y93.292 E6.50557
G1 X101.821 Y93.144 E6.52642
G1 X102.868 Y92.912 E6.56853
G1 X103.933 Y92.772 E6.61071
G1 X104.464 Y92.737 E6.6316
G1 X105.067 Y92.727 E6.65528
G1 X106.072 Y92.772 E6.69478
G1 X106.6 Y92.83 E6.71564
G1 X107.657 Y93.016 E6.75778
G1 X108.691 Y93.293 E6.79981
G1 X109.697 Y93.66 E6.84186
G1 X110.668 Y94.112 E6.88391
G1 X111.595 Y94.648 E6.92595
G1 X112.474 Y95.263 E6.96807
G1 X112.94 Y95.641 E6.99163
G1 X113.679 Y96.32 E7.03103
G1 X114.403 Y97.11 E7.0731
G1 X115.056 Y97.961 E7.11522
G1 X115.351 Y98.403 E7.13609
G1 X115.888 Y99.332 E7.17822
G1 X116.34 Y100.303 E7.22027
G1 X116.708 Y101.311 E7.2624
G1 X116.856 Y101.821 E7.28325
G1 X117.064 Y102.757 E7.3209
G1 X117.233 Y104.038 E7.37163
G1 X117.27 Y105.105 E7.41355
G1 X117.228 Y106.07 E7.45148
G1 X117.088 Y107.134 E7.49362
G1 X116.984 Y107.654 E7.51444
G1 X116.707 Y108.691 E7.55658
G1 X116.34 Y109.697 E7.59863
G1 X115.888 Y110.668 E7.64068
G1 X115.351 Y111.597 E7.68281
G1 X115.056 Y112.039 E7.70368
G1 X114.403 Y112.89 E7.7458
G1 X113.68 Y113.68 E7.78785
G1 X112.888 Y114.405 E7.83001
G1 X112.474 Y114.737 E7.85085
G1 X111.595 Y115.352 E7.89297
G1 X110.668 Y115.888 E7.93501
G1 X109.697 Y116.34 E7.97706
G1 X108.691 Y116.707 E8.01911
G1 X107.657 Y116.984 E8.06114
M73 Q31 S26
G1 X106.602 Y117.17 E8.1032
M73 P30 R25
G1 X105.533 Y117.263 E8.14533
M73 P31 R25
G1 X105 Y117.275 E8.16626
G1 X104.467 Y117.263 E8.18719
G1 X103.398 Y117.17 E8.22932
G1 X102.343 Y116.984 E8.27138
G1 X101.309 Y116.707 E8.31341
G1 X100.303 Y116.34 E8.35546
G1 X99.332 Y115.888 E8.39751
G1 X98.403 Y115.351 E8.43964
G1 X97.961 Y115.056 E8.46051
G1 X97.11 Y114.403 E8.50263
G1 X96.32 Y113.68 E8.54468
G1 X95.595 Y112.888 E8.58684
G1 X95.262 Y112.473 E8.60773
G1 X94.908 Y111.985 E8.6314
G1 X94.368 Y111.135 E8.67094
G1 X94.113 Y110.67 E8.69176
G1 X93.66 Y109.697 E8.7339
G1 X93.315 Y108.751 E8.77344
G1 X93.207 Y108.365 F7800
G92 E0
G1 X95.946 Y107.759
;TYPE:Internal infill
;WIDTH:0.45
G1 F884.348
G1 X95.325 Y108.086 E.02756
G1 X95.59 Y106.366 E.09589
G1 X95.173 Y105.94 E.1193
G1 X94.517 Y105.631 E.14777
G1 X94.363 Y105.626 E.15382
G1 X94.379 Y104.071 E.21488
G1 X94.531 Y103.01 E.25697
G1 X95.173 Y102.987 E.28219
G1 X95.5 Y103.114 E.29596
G1 X95.646 Y103.238 E.30348
G1 X96.184 Y102.057 E.35444
G1 X95.082 Y102.021 E.39773
G1 X95.684 Y101.22 E.43707
G1 X95.227 Y100.755 E.46267
G1 X95.543 Y100.077 E.49204
G1 X96.392 Y98.725 E.55472
G1 X96.483 Y98.818 E.55983
G1 X97.138 Y99.128 E.58828
G1 X97.254 Y99.132 E.59284
G1 X98.618 Y97.317 E.68199
G1 X98.756 Y97.421 E.68877
M73 Q31 S25
G92 E0
G1 X108.648 Y97.364 F7800
;TYPE:Solid infill
;WIDTH:0.5352
G1 F731.291
G1 X109.121 Y97.461 E.02293
;WIDTH:0.533762
G1 F733.434
G1 X109.544 Y97.731 E.04669
;WIDTH:0.535526
G1 F730.807
G1 X109.816 Y98.067 E.06723
G1 X113.507 Y104.461 E.41802
;WIDTH:0.534974
G1 F731.627
G1 X113.598 Y104.907 E.43962
;WIDTH:0.528088
G1 F742.011
G1 X113.568 Y105.265 E.45643
;WIDTH:0.535518
G1 F730.819
G1 X113.415 Y105.699 E.47829
G1 X109.789 Y111.976 E.82272
;WIDTH:0.533274
G1 F734.163
G1 X109.515 Y112.293 E.84254
;WIDTH:0.549306
G1 F710.92
G1 X109.106 Y112.536 E.86578
G1 X108.604 Y112.637 E.89079
;WIDTH:0.534556
G1 F732.249
G1 X101.395 Y112.637 E1.23264
G1 X100.944 Y112.559 E1.25434
;WIDTH:0.532948
G1 F734.652
G1 X100.501 Y112.316 E1.27822
;WIDTH:0.53552
G1 F730.816
G1 X100.187 Y111.938 E1.30157
G1 X96.584 Y105.697 E1.64397
;WIDTH:0.53456
G1 F732.243
G1 X96.458 Y105.373 E1.66046
;WIDTH:0.5311
G1 F737.433
G1 X96.398 Y104.979 E1.67923
G1 X96.464 Y104.581 E1.69823
;WIDTH:0.535524
G1 F730.81
G1 X96.585 Y104.301 E1.71272
G1 X100.188 Y98.06 E2.05512
;WIDTH:0.534912
G1 F731.719
G1 X100.437 Y97.753 E2.07388
;WIDTH:0.527436
G1 F743.009
G1 X100.847 Y97.479 E2.09693
;WIDTH:0.53297
G1 F734.619
G1 X101.341 Y97.365 E2.12089
;WIDTH:0.535138
G1 F731.383
G1 X108.445 Y97.364 E2.45816
G92 E0
G1 X103.633 Y96.914 F7800
;TYPE:Internal infill
;WIDTH:0.45
G1 F884.348
G1 X105.524 Y95.396 E.09521
G1 X105 Y95.148 E.11797
G1 X104.345 Y95.125 E.1437
G1 X104.017 Y95.252 E.15751
G1 X103 Y96.214 E.21248
G1 X102.917 Y95.9 E.22523
G1 X101.739 Y96.175 E.27273
G1 X101.054 Y96.111 E.29974
G1 X100.338 Y95.422 E.33876
G1 X101.801 Y94.83 E.40073
G1 X103.129 Y94.503 E.45443
G1 X104.07 Y94.379 E.4917
G1 X105.071 Y94.342 E.53103
G1 X105.949 Y94.38 E.56554
G1 X107.308 Y94.592 E.61955
G1 X108.206 Y94.832 E.65605
G1 X109.28 Y95.244 E.70122
G1 X108.276 Y96.198 E.7556
G1 X107.92 Y96.366 E.77106
G1 X108.233 Y96.914 E.79584
G1 X108.725 Y96.918 E.81516
G1 X109.277 Y97.036 E.83732
G1 X109.785 Y97.336 E.86048
G1 X110.178 Y97.799 E.88433
G1 X110.896 Y97.746 E.9126
G1 X111.224 Y97.873 E.92641
G1 X112.207 Y98.818 E.97995
G1 X112.862 Y99.128 E1.0084
G1 X113.517 Y99.151 E1.03413
G1 X113.831 Y99.029 E1.04736
G1 X114.628 Y100.444 E1.11113
G1 X114.326 Y100.641 E1.12529
G1 X113.412 Y103.395 E1.23922
G1 X113.88 Y104.235 E1.27698
G1 X114.827 Y103.32 E1.32868
G1 X115.47 Y103.016 E1.35661
G1 X115.621 Y104.071 E1.39846
G1 X115.631 Y105.701 E1.46246
G1 X115.483 Y105.631 E1.46889
G1 X114.827 Y105.608 E1.49466
G1 X114.5 Y105.735 E1.50843
G1 X113.517 Y106.68 E1.56197
G1 X113.312 Y106.777 E1.57087
G1 X112.081 Y108.909 E1.66753
G1 X112.571 Y109.181 E1.68954
G1 X113.688 Y109.567 E1.73594
G1 X113.845 Y109.506 E1.74255
G1 X114.172 Y109.229 E1.75938
G1 X114.827 Y108.561 E1.79611
G1 X115.082 Y108.441 E1.80718
G1 X114.457 Y109.923 E1.87033
G1 X113.982 Y110.746 E1.90764
G1 X113.167 Y111.853 E1.96162
G1 X112.819 Y112.232 E1.98182
G1 X112.129 Y112.224 E2.00891
G1 X110.928 Y113.822 E2.0874
G1 X110.896 Y113.47 E2.10128
G1 X110.241 Y113.493 E2.12701
G1 X109.586 Y113.802 E2.15545
G1 X108.603 Y114.748 E2.20902
G1 X108.276 Y114.875 E2.22279
G1 X107.621 Y114.852 E2.24852
G1 X106.966 Y114.542 E2.27697
G1 X106.771 Y114.343 E2.28791
G1 X106.613 Y114.485 E2.29625
G1 X105.928 Y113.886 E2.33198
G1 X105.722 Y113.81 E2.3406
G1 X104.412 Y113.857 E2.39207
G1 X104.435 Y113.76 E2.39598
G1 X103.362 Y114.748 E2.45325
G1 X103.035 Y114.875 E2.46702
G1 X102.379 Y114.852 E2.49279
G1 X101.724 Y114.542 E2.52124
G1 X100.741 Y113.597 E2.57478
G1 X100.414 Y113.47 E2.58855
G1 X99.759 Y113.493 E2.61428
G1 X99.057 Y113.85 E2.6452
G1 X98.147 Y113.167 E2.68988
G1 X97.167 Y112.217 E2.74347
G1 X97.793 Y111.922 E2.77064
G1 X98.776 Y110.976 E2.82421
G1 X99.051 Y110.869 E2.8358
G1 X98.531 Y109.969 E2.87661
G1 X96.453 Y109.962 E2.9582
G1 X96.703 Y109.405 E2.98217
G1 X96.483 Y109.301 E2.99172
G1 X95.5 Y108.356 E3.04526
G1 X95.173 Y108.228 E3.05905
G1 X94.845 Y108.24 E3.07194
G1 X95.15 Y109.08 E3.10703
G1 X95.85 Y110.46 E3.16779
G92 E0
G1 X113.507 Y112.147 F7800
;TYPE:Solid infill
;WIDTH:0.535848
G1 F730.33
G1 X112.846 Y112.867 E.04647
;WIDTH:0.551322
G1 F708.101
G1 X112.128 Y113.514 E.09387
G1 X111.615 Y113.915 E.1258
;WIDTH:0.53856
G1 F726.334
G1 X110.964 Y114.374 E.16388
;WIDTH:0.535902
G1 F730.25
G1 X110.124 Y114.859 E.21
G1 X109.246 Y115.268 E.25606
G1 X108.335 Y115.599 E.30215
G1 X107.398 Y115.849 E.34826
G1 X106.424 Y116.019 E.39527
;WIDTH:0.53542
G1 X105.037 Y116.11 E.4613
;WIDTH:0.54701
G1 F714.158
G1 X104.531 Y116.096 E.48591
;WIDTH:0.555834
G1 F701.872
G1 X103.551 Y116.006 E.5346
G1 X102.595 Y115.848 E.58254
;WIDTH:0.53585
G1 F730.327
G1 X101.652 Y115.595 E.62896
G1 X100.742 Y115.263 E.67502
G1 X99.857 Y114.849 E.72147
;WIDTH:0.554994
G1 F703.023
G1 X99.021 Y114.355 E.76943
G1 X98.424 Y113.946 E.80517
;WIDTH:0.535852
G1 F730.324
G1 X97.853 Y113.507 E.83941
G1 X97.138 Y112.852 E.88551
;WIDTH:0.537004
G1 F728.621
G1 X96.48 Y112.132 E.93199
;WIDTH:0.53771
G1 F727.581
G1 X95.87 Y111.33 E.98008
G1 X95.158 Y110.135 E1.04647
;WIDTH:0.53585
G1 F730.327
G1 X94.732 Y109.246 E1.09334
G1 X94.401 Y108.335 E1.13942
;WIDTH:0.537044
G1 F728.562
G1 X94.149 Y107.392 E1.18594
;WIDTH:0.5374
G1 X93.979 Y106.398 E1.23404
;WIDTH:0.555158
G1 F702.798
G1 X93.908 Y105.473 E1.27988
G1 X93.897 Y104.809 E1.31269
;WIDTH:0.537016
G1 F728.603
G1 X93.933 Y104.009 E1.35085
;WIDTH:0.5374
G1 X94.068 Y103.02 E1.39846
;WIDTH:0.555124
G1 F702.845
G1 X94.279 Y102.117 E1.44427
G1 X94.551 Y101.252 E1.48907
;WIDTH:0.535848
G1 F730.33
G1 X94.737 Y100.742 E1.51488
G1 X95.148 Y99.863 E1.56101
G1 X95.633 Y99.024 E1.60709
;WIDTH:0.536694
G1 F729.078
G1 X96.201 Y98.215 E1.65417
;WIDTH:0.555734
G1 F702.009
G1 X97.143 Y97.143 E1.72476
;WIDTH:0.536702
G1 F729.067
G1 X97.873 Y96.476 E1.77186
;WIDTH:0.552936
G1 F705.86
G1 X98.86 Y95.737 E1.83252
G1 X99.456 Y95.376 E1.8668
;WIDTH:0.546718
G1 F714.572
G1 X100.167 Y95.005 E1.90577
;WIDTH:0.535886
G1 F730.274
G1 X100.754 Y94.732 E1.93655
G1 X101.685 Y94.396 E1.98361
G1 X103.06 Y94.059 E2.05092
;WIDTH:0.536926
G1 F728.736
G1 X104.043 Y93.93 E2.09816
G1 X105.089 Y93.892 E2.14803
;WIDTH:0.53571
G1 F730.534
G1 X106.441 Y93.982 E2.21244
;WIDTH:0.535854
G1 X107.412 Y94.154 E2.25933
G1 X108.348 Y94.405 E2.30541
G1 X109.258 Y94.737 E2.35147
G1 X110.136 Y95.148 E2.39756
G1 X110.988 Y95.641 E2.44436
;WIDTH:0.555086
G1 F702.897
G1 X111.768 Y96.199 E2.49174
G1 X112.18 Y96.522 E2.5176
;WIDTH:0.537182
G1 F728.359
G1 X112.867 Y97.154 E2.5621
;WIDTH:0.535584
G1 F730.721
G1 X113.524 Y97.873 E2.60838
;WIDTH:0.535706
G1 X114.366 Y99.021 E2.67605
;WIDTH:0.535852
G1 X114.859 Y99.876 E2.72298
G1 X115.272 Y100.766 E2.76963
;WIDTH:0.535574
G1 X115.72 Y102.117 E2.83727
;WIDTH:0.535852
G1 X115.943 Y103.077 E2.88413
G1 X116.069 Y104.039 E2.93026
G1 X116.111 Y105.007 E2.97633
G1 X116.068 Y105.975 E3.0224
;WIDTH:0.536418
G1 F729.486
G1 X115.938 Y106.951 E3.06927
;WIDTH:0.549848
G1 F710.16
G1 X115.597 Y108.341 E3.13925
;WIDTH:0.53585
G1 F730.327
G1 X115.263 Y109.258 E3.18565
G1 X114.849 Y110.143 E3.2321
;WIDTH:0.555192
G1 F702.752
G1 X114.357 Y110.975 E3.27986
G1 X113.954 Y111.565 E3.31516
;WIDTH:0.535871
G1 F730.296
G1 X113.631 Y111.986 E3.34039
;LAYER_CHANGE
;Z:4.15
;HEIGHT:0.2
G92 E0
G1 Z4.15 F7800
G1 X113.252 Y104.999
;TYPE:Perimeter
;WIDTH:0.449999
G1 F884.349
G1 X113.258 Y105.044 E.00178
G1 X113.206 Y105.326 E.01304
G1 X112.965 Y105.782 E.03329
G1 X109.502 Y111.78 E.30523
G1 X109.275 Y112.051 E.31911
G1 X108.979 Y112.224 E.33257
G1 X108.621 Y112.289 E.34686
G1 X101.379 Y112.289 E.63121
G1 X101.021 Y112.224 E.6455
G1 X100.725 Y112.051 E.65896
G1 X100.498 Y111.78 E.67284
G1 X96.877 Y105.509 E.95717
G1 X96.753 Y105.155 E.9719
G1 X96.742 Y104.956 E.97973
G1 X96.857 Y104.528 E.99713
G1 X100.498 Y98.22 E1.28311
G1 X100.726 Y97.948 E1.29705
G1 X101.021 Y97.776 E1.31046
G1 X101.379 Y97.711 E1.32475
G1 X108.621 Y97.711 E1.6091
G1 X108.979 Y97.776 E1.62339
G1 X109.324 Y97.993 E1.63939
G1 X109.502 Y98.22 E1.65072
G1 X113.123 Y104.491 E1.93505
G1 X113.206 Y104.674 E1.94294
G1 X113.243 Y104.939 E1.95345
G1 X112.851 Y104.995 F7800
G1 F884.349
G1 X112.852 Y105 E1.95365
G1 X112.82 Y105.196 E1.96145
G1 X109.15 Y111.577 E2.25048
G1 X108.926 Y111.8 E2.26289
M73 Q32 S25
G1 X108.621 Y111.882 E2.27529
G1 X101.379 Y111.882 E2.55964
M73 P32 R25
G1 X101.074 Y111.8 E2.57204
G1 X100.862 Y111.597 E2.58356
G1 X97.23 Y105.305 E2.86882
G1 X97.148 Y105.007 E2.88096
G1 X97.23 Y104.695 E2.89363
G1 X100.85 Y98.423 E3.17797
G1 X101.074 Y98.2 E3.19038
G1 X101.379 Y98.118 E3.20278
G1 X108.621 Y98.118 E3.48713
G1 X108.926 Y98.2 E3.49953
G1 X109.138 Y98.403 E3.51105
G1 X112.77 Y104.695 E3.79631
G1 X112.835 Y104.937 E3.80615
G1 X112.428 Y105 F7800
;TYPE:External perimeter
G1 F884.349
G1 X112.434 Y105.065 E3.80871
G1 X108.797 Y111.373 E4.09461
G1 X108.674 Y111.468 E4.10071
G1 X101.379 Y111.475 E4.38715
G1 X101.227 Y111.406 E4.3937
G1 X97.582 Y105.102 E4.67962
G1 X97.566 Y104.933 E4.68629
G1 X101.203 Y98.627 E4.97212
G1 X101.308 Y98.538 E4.97752
G1 X102.142 Y98.525 E5.01027
G1 X108.621 Y98.525 E5.26467
G1 X108.773 Y98.594 E5.27122
G1 X112.418 Y104.898 E5.55714
G1 X112.422 Y104.94 E5.5588
G1 X112.282 Y105.315 F7800
G92 E0
G1 X94.067 Y108.432
;TYPE:Perimeter
G1 F884.349
G1 X93.812 Y107.48 E.0387
G1 X93.638 Y106.496 E.07794
G1 X93.555 Y105.541 E.11558
G1 X93.54 Y105.011 E.1364
G1 X93.582 Y104.044 E.1744
G1 X93.637 Y103.506 E.19563
G1 X93.719 Y102.985 E.21634
G1 X93.919 Y102.084 E.25258
G1 X94.067 Y101.565 E.27377
G1 X94.412 Y100.615 E.31345
G1 X94.811 Y99.76 E.3505
G1 X95.074 Y99.271 E.3723
G1 X95.349 Y98.821 E.39301
G1 X95.877 Y98.069 E.42909
G1 X96.214 Y97.642 E.45045
G1 X96.897 Y96.897 E.49013
G1 X97.634 Y96.221 E.5294
G1 X98.393 Y95.639 E.56695
G1 X98.833 Y95.341 E.58782
G1 X99.708 Y94.835 E.62751
G1 X100.615 Y94.412 E.66681
G1 X101.563 Y94.067 E.70642
G1 X102.059 Y93.924 E.72669
G1 X103.01 Y93.714 E.76493
G1 X103.945 Y93.591 E.80196
G1 X104.499 Y93.55 E.82377
G1 X105.026 Y93.54 E.84447
G1 X105.943 Y93.581 E.88051
G1 X106.485 Y93.636 E.9019
G1 X107.48 Y93.812 E.94157
G1 X108.446 Y94.071 E.98084
G1 X109.385 Y94.412 E1.02007
G1 X110.292 Y94.835 E1.05937
G1 X111.121 Y95.314 E1.09696
G1 X111.572 Y95.611 E1.11816
G1 X111.997 Y95.924 E1.13888
G1 X112.704 Y96.519 E1.17516
G1 X113.096 Y96.888 E1.1963
G1 X113.786 Y97.642 E1.23643
G1 X114.124 Y98.069 E1.25781
G1 X114.711 Y98.921 E1.29843
G1 X115.203 Y99.791 E1.33767
G1 X115.618 Y100.698 E1.37683
G1 X115.951 Y101.628 E1.41562
G1 X116.089 Y102.118 E1.43561
G1 X116.337 Y103.4 E1.48688
G1 X116.419 Y104.073 E1.5135
G1 X116.457 Y105.07 E1.55268
G1 X116.416 Y105.999 E1.58919
G1 X116.286 Y106.99 E1.62843
G1 X116.081 Y107.916 E1.66567
G1 X115.933 Y108.435 E1.68686
G1 X115.588 Y109.385 E1.72654
G1 X115.165 Y110.292 E1.76584
G1 X114.665 Y111.157 E1.80507
G1 X114.124 Y111.931 E1.84215
G1 X113.786 Y112.358 E1.86353
G1 X113.138 Y113.065 E1.90119
G1 X112.744 Y113.449 E1.92279
G1 X112.346 Y113.795 E1.9435
G1 X111.607 Y114.362 E1.98007
G1 X111.167 Y114.659 E2.00091
G1 X110.292 Y115.165 E2.0406
G1 X109.386 Y115.588 E2.07986
G1 X108.446 Y115.929 E2.11912
G1 X107.48 Y116.188 E2.15839
G1 X106.496 Y116.362 E2.19763
G1 X105.556 Y116.444 E2.23468
G1 X105.045 Y116.46 E2.25475
G1 X104.511 Y116.45 E2.27572
G1 X103.504 Y116.362 E2.31541
G1 X102.52 Y116.188 E2.35465
G1 X101.554 Y115.929 E2.39392
G1 X100.615 Y115.588 E2.43315
G1 X99.708 Y115.165 E2.47245
G1 X98.879 Y114.686 E2.51004
G1 X98.428 Y114.389 E2.53124
G1 X98.004 Y114.076 E2.55193
G1 X97.296 Y113.481 E2.58824
G1 X96.904 Y113.112 E2.60938
G1 X96.221 Y112.366 E2.64909
G1 X95.607 Y111.565 E2.68872
G1 X95.321 Y111.136 E2.70896
G1 X94.835 Y110.292 E2.7472
G1 X94.412 Y109.385 E2.7865
G1 X94.086 Y108.489 E2.82394
G1 X93.68 Y108.563 F7800
G1 F884.349
G1 X93.414 Y107.569 E2.86434
G1 X93.234 Y106.549 E2.90501
G1 X93.143 Y105.511 E2.94592
G1 X93.132 Y105.007 E2.96571
G1 X93.178 Y103.959 E3.0069
G1 X93.319 Y102.909 E3.0485
G1 X93.538 Y101.922 E3.0882
G1 X93.68 Y101.438 E3.10801
G1 X94.036 Y100.459 E3.14891
G1 X94.476 Y99.514 E3.18984
G1 X95.008 Y98.598 E3.23143
G1 X95.589 Y97.77 E3.27115
G1 X95.904 Y97.377 E3.29093
G1 X96.609 Y96.609 E3.33186
G1 X97.372 Y95.909 E3.37252
G1 X98.199 Y95.275 E3.41344
G1 X98.618 Y94.995 E3.43323
G1 X99.52 Y94.474 E3.47413
G1 X100.459 Y94.036 E3.51481
G1 X101.437 Y93.68 E3.55568
G1 X101.958 Y93.53 E3.57697
G1 X102.939 Y93.313 E3.61642
G1 X103.973 Y93.177 E3.65737
G1 X105.031 Y93.133 E3.69895
G1 X106.041 Y93.178 E3.73865
G1 X106.542 Y93.233 E3.75844
G1 X107.569 Y93.414 E3.79939
G1 X108.569 Y93.682 E3.84004
G1 X109.541 Y94.036 E3.88066
G1 X110.48 Y94.474 E3.92134
G1 X111.382 Y94.995 E3.96224
G1 X112.249 Y95.604 E4.00384
G1 X113.023 Y96.255 E4.04355
G1 X113.387 Y96.603 E4.06332
G1 X114.096 Y97.377 E4.10453
G1 X114.411 Y97.77 E4.12431
G1 X115.009 Y98.624 E4.16525
G1 X115.526 Y99.52 E4.20587
G1 X115.964 Y100.459 E4.24655
G1 X116.32 Y101.437 E4.28742
G1 X116.47 Y101.958 E4.30871
G1 X116.666 Y102.846 E4.34442
G1 X116.826 Y104.055 E4.3923
G1 X116.863 Y105.088 E4.43289
G1 X116.822 Y106.034 E4.47007
G1 X116.687 Y107.061 E4.51074
G1 X116.461 Y108.078 E4.55165
G1 X116.32 Y108.562 E4.57144
G1 X115.964 Y109.541 E4.61234
G1 X115.526 Y110.48 E4.65302
G1 X115.009 Y111.376 E4.69364
G1 X114.411 Y112.23 E4.73458
G1 X114.096 Y112.623 E4.75436
G1 X113.387 Y113.397 E4.79557
G1 X112.604 Y114.11 E4.83715
G1 X111.802 Y114.725 E4.87683
G1 X111.382 Y115.005 E4.89665
G1 X110.48 Y115.526 E4.93755
G1 X109.541 Y115.964 E4.97823
G1 X108.569 Y116.318 E5.01885
G1 X107.569 Y116.586 E5.0595
G1 X106.549 Y116.766 E5.10017
G1 X105.511 Y116.857 E5.14108
G1 X105 Y116.868 E5.16115
G1 X104.489 Y116.857 E5.18122
G1 X103.451 Y116.766 E5.22213
G1 X102.431 Y116.586 E5.2628
G1 X101.431 Y116.318 E5.30345
G1 X100.459 Y115.964 E5.34407
G1 X99.52 Y115.526 E5.38475
G1 X98.618 Y115.005 E5.42565
G1 X97.751 Y114.396 E5.46725
G1 X96.977 Y113.745 E5.50696
G1 X96.613 Y113.397 E5.52673
G1 X95.909 Y112.628 E5.56767
G1 X95.275 Y111.802 E5.60855
G1 X94.975 Y111.35 E5.62985
G1 X94.474 Y110.48 E5.66927
G1 X94.036 Y109.541 E5.70995
G1 X93.701 Y108.62 E5.74843
G1 X93.294 Y108.694 F7800
;TYPE:External perimeter
G1 F884.349
G1 X93.293 Y108.691 E5.74855
G1 X93.016 Y107.657 E5.79058
G1 X92.83 Y106.602 E5.83264
G1 X92.737 Y105.533 E5.87477
G1 X92.725 Y105.002 E5.89562
G1 X92.772 Y103.928 E5.93783
G1 X92.83 Y103.398 E5.95876
G1 X92.919 Y102.833 E5.98122
G1 X93.144 Y101.821 E6.02193
G1 X93.292 Y101.311 E6.04278
G1 X93.66 Y100.303 E6.08491
G1 X94.113 Y99.33 E6.12705
G1 X94.369 Y98.863 E6.14796
G1 X94.668 Y98.375 E6.17043
G1 X95.263 Y97.526 E6.21114
G1 X95.595 Y97.112 E6.23198
G1 X96.32 Y96.32 E6.27414
G1 X97.11 Y95.597 E6.31619
G1 X97.961 Y94.944 E6.35831
G1 X98.403 Y94.649 E6.37918
G1 X99.332 Y94.112 E6.42131
G1 X100.303 Y93.66 E6.46336
G1 X101.311 Y93.293 E6.50548
G1 X101.858 Y93.135 E6.52784
G1 X102.868 Y92.912 E6.56845
G1 X103.933 Y92.772 E6.61063
G1 X104.464 Y92.737 E6.63152
G1 X105.036 Y92.726 E6.65398
G1 X106.072 Y92.772 E6.6947
G1 X106.6 Y92.83 E6.71556
G1 X107.657 Y93.016 E6.7577
G1 X108.691 Y93.293 E6.79973
G1 X109.697 Y93.66 E6.84178
G1 X110.668 Y94.112 E6.88383
G1 X111.597 Y94.649 E6.92596
G1 X112.04 Y94.945 E6.94688
G1 X112.501 Y95.284 E6.96935
G1 X113.295 Y95.952 E7.01009
G1 X113.678 Y96.319 E7.03092
G1 X114.405 Y97.112 E7.07316
G1 X114.737 Y97.526 E7.094
G1 X115.352 Y98.405 E7.13612
G1 X115.888 Y99.332 E7.17816
G1 X116.34 Y100.303 E7.22021
G1 X116.707 Y101.311 E7.26233
G1 X116.865 Y101.858 E7.28469
G1 X117.064 Y102.758 E7.32088
G1 X117.233 Y104.038 E7.37157
G1 X117.27 Y105.105 E7.41349
G1 X117.228 Y106.07 E7.45142
G1 X117.088 Y107.131 E7.49344
G1 X116.856 Y108.179 E7.53559
G1 X116.708 Y108.689 E7.55644
G1 X116.34 Y109.697 E7.59857
G1 X115.888 Y110.668 E7.64062
G1 X115.352 Y111.595 E7.68266
G1 X114.737 Y112.474 E7.72478
G1 X114.405 Y112.888 E7.74562
G1 X113.678 Y113.681 E7.78786
G1 X113.293 Y114.05 E7.8088
G1 X112.862 Y114.426 E7.83126
G1 X112.039 Y115.056 E7.87196
G1 X111.597 Y115.351 E7.89283
G1 X110.668 Y115.888 E7.93496
G1 X109.697 Y116.34 E7.97701
G1 X108.691 Y116.707 E8.01906
G1 X107.657 Y116.984 E8.06109
G1 X106.602 Y117.17 E8.10315
G1 X105.533 Y117.263 E8.14528
G1 X105 Y117.275 E8.16621
G1 X104.467 Y117.263 E8.18714
G1 X103.398 Y117.17 E8.22927
G1 X102.343 Y116.984 E8.27133
G1 X101.309 Y116.707 E8.31336
G1 X100.303 Y116.34 E8.35541
G1 X99.332 Y115.888 E8.39746
G1 X98.403 Y115.351 E8.43959
G1 X97.96 Y115.055 E8.46051
G1 X97.499 Y114.716 E8.48298
G1 X96.705 Y114.048 E8.52372
G1 X96.322 Y113.681 E8.54455
G1 X95.597 Y112.89 E8.58668
G1 X94.944 Y112.039 E8.6288
G1 X94.629 Y111.564 E8.65118
G1 X94.112 Y110.668 E8.6918
G1 X93.66 Y109.697 E8.73385
G1 X93.315 Y108.751 E8.77339
G1 X93.207 Y108.365 F7800
G92 E0
G1 X96.899 Y106.242
;TYPE:Solid infill
;WIDTH:0.535244
G1 F731.226
G1 X96.611 Y105.744 E.02732
;WIDTH:0.53462
G1 F732.154
G1 X96.521 Y105.36 E.04603
;WIDTH:0.499728
G1 F788.077
G1 X96.431 Y104.976 E.06341
;WIDTH:0.5057
G1 F777.907
G1 X96.438 Y104.842 E.0694
;WIDTH:0.546564
G1 F714.791
G1 X96.445 Y104.709 E.07587
G1 X96.499 Y104.601 E.08174
;WIDTH:0.502918
G1 F782.613
G1 X96.553 Y104.494 E.08706
;WIDTH:0.459271
G1 F864.656
G1 X96.606 Y104.386 E.09189
;WIDTH:0.415624
G1 F965.914
G1 X96.978 Y103.824 E.11612
;WIDTH:0.421285
G1 F951.462
G1 X96.989 Y103.755 E.11867
;WIDTH:0.45965
G1 F863.869
G1 X96.999 Y103.686 E.12147
;WIDTH:0.498015
G1 F791.044
G1 X97.01 Y103.617 E.12454
;WIDTH:0.53638
G1 F729.542
G1 X97.02 Y103.547 E.12791
G1 X100.192 Y98.053 E.42986
;WIDTH:0.534894
G1 F731.746
G1 X100.512 Y97.687 E.45293
;WIDTH:0.532536
G1 F735.27
G1 X100.901 Y97.452 E.47439
;WIDTH:0.535174
G1 F731.33
G1 X101.352 Y97.364 E.49621
;WIDTH:0.53547
G1 F730.89
G1 X102.387 Y97.364 E.54538
G1 X102.456 Y97.383 E.54878
;WIDTH:0.496784
G1 F793.189
G1 X102.526 Y97.402 E.55196
;WIDTH:0.458098
G1 F867.098
G1 X102.596 Y97.422 E.55488
;WIDTH:0.419892
G1 F954.978
G1 X104.285 Y97.422 E.61629
;WIDTH:0.458607
G1 F866.037
G1 X104.362 Y97.402 E.61948
;WIDTH:0.497322
G1 F792.251
G1 X104.439 Y97.383 E.62296
;WIDTH:0.536036
G1 F730.051
G1 X104.516 Y97.363 E.62674
G1 X107.454 Y97.364 E.76648
;WIDTH:0.53569
G1 X107.523 Y97.383 E.76988
M73 P33 R25
M73 Q33 S25
;WIDTH:0.49691
G1 F792.969
G1 X107.593 Y97.402 E.77306
;WIDTH:0.45813
G1 F867.031
G1 X107.663 Y97.422 E.77598
;WIDTH:0.41935
G1 F956.353
G1 X108.215 Y97.422 E.79602
;WIDTH:0.419102
G1 X108.712 Y97.453 E.81409
;WIDTH:0.38292
G1 F1058.823
G1 X109.134 Y97.574 E.82849
G1 X109.475 Y97.798 E.84187
;WIDTH:0.413247
G1 F972.114
G1 X109.668 Y98.017 E.8523
;WIDTH:0.443574
G1 F898.531
G1 X109.86 Y98.236 E.86356
;WIDTH:0.489539
G1 F806.056
G1 X109.902 Y98.262 E.86569
;WIDTH:0.535504
G1 F730.84
G1 X109.943 Y98.288 E.868
G1 X110.024 Y98.428 E.87568
G92 E0
G1 X113.369 Y104.389 F7800
;WIDTH:0.38292
G1 F1058.823
G1 X112.677 Y103.187 E.04548
;WIDTH:0.421066
G1 F952.014
G1 X112.663 Y103.121 E.04794
;WIDTH:0.459211
G1 F864.78
G1 X112.649 Y103.055 E.05065
;WIDTH:0.497357
G1 F792.19
G1 X112.634 Y102.99 E.05357
;WIDTH:0.535502
G1 F730.843
G1 X112.62 Y102.924 E.05678
G1 X112.321 Y102.407 E.08516
G92 E0
G1 X112.692 Y106.56 F7800
;WIDTH:0.38292
G1 F1058.823
G1 X112.987 Y106.114 E.01754
G92 E0
G1 X110.83 Y109.785 F7800
G1 F1058.823
G1 X111.125 Y109.339 E.01754
G92 E0
G1 X115.159 Y110.011 F7800
;TYPE:Bridge infill
;WIDTH:0.403441
;HEIGHT:0.4
M106 S204
G1 F563.226
G1 X113.538 Y112.145 E.16522
G1 X112.863 Y112.882 E.22683
G1 X112.138 Y113.543 E.28732
G1 X111.661 Y113.909 E.32439
G1 X115.407 Y108.927 E.70867
G1 X115.623 Y108.334 E.74758
G1 X115.807 Y107.64 E.79184
G1 X110.541 Y114.644 E1.33208
G1 X110.141 Y114.875 E1.36056
G1 X109.615 Y115.12 E1.39633
G1 X116.004 Y106.623 E2.05174
G1 X116.09 Y105.97 E2.09235
G1 X116.1 Y105.741 E2.10648
G1 X113.049 Y109.799 E2.41948
G1 X113.34 Y109.9 E2.43847
G1 X111.255 Y112.673 E2.65236
G1 X111.216 Y112.237 E2.67935
G1 X108.797 Y115.454 E2.9275
G1 X108.348 Y115.618 E2.95697
G1 X108.046 Y115.698 E2.97623
G1 X111.156 Y111.562 E3.29526
G1 X111.095 Y110.888 E3.33698
G1 X107.163 Y116.118 E3.74038
M107
G92 E0
G1 X112.47 Y109.814 F7800
M106 S204
G1 F563.226
G1 X116.13 Y104.946 E.37548
G1 X116.099 Y104.233 E.41948
G1 X112.053 Y109.615 E.83459
M107
G92 E0
G1 X116.204 Y103.34 F7800
M106 S204
G1 F563.226
G1 X106.687 Y115.996 E.97625
G1 X106.453 Y116.038 E.99091
G1 X106.063 Y116.072 E1.01505
G1 X108.665 Y112.611 E1.282
G1 X108.094 Y112.616 E1.3172
G1 X105.457 Y116.124 E1.58776
G1 X104.884 Y116.131 E1.62309
G1 X106.575 Y113.882 E1.79656
G1 X106.232 Y113.583 E1.82461
G1 X104.335 Y116.106 E2.01922
G1 X103.803 Y116.06 E2.05214
G1 X105.813 Y113.387 E2.25833
G1 X105.236 Y113.399 E2.29391
G1 X103.287 Y115.992 E2.49389
G1 X102.786 Y115.903 E2.52526
G1 X105.102 Y112.823 E2.76284
G1 X105.152 Y112.616 E2.77597
G1 X104.69 Y112.616 E2.80445
G1 X102.302 Y115.792 E3.04943
G1 X101.83 Y115.665 E3.07956
G1 X104.123 Y112.616 E3.31476
G1 X103.556 Y112.616 E3.34972
M73 P33 R24
G1 X101.375 Y115.516 E3.57343
G1 X100.929 Y115.354 E3.60268
G1 X102.988 Y112.616 E3.81389
G1 X102.421 Y112.616 E3.84885
G1 X100.498 Y115.173 E4.0461
G1 X100.078 Y114.977 E4.07467
G1 X101.854 Y112.616 E4.25681
G1 X101.294 Y112.606 E4.29134
G1 X99.67 Y114.765 E4.4579
G1 X99.274 Y114.537 E4.48607
G1 X100.819 Y112.483 E4.64453
G1 X100.709 Y112.438 E4.65186
G1 X100.442 Y112.23 E4.67273
G1 X98.887 Y114.298 E4.83225
M73 Q33 S24
G1 X98.516 Y114.037 E4.86022
G1 X100.161 Y111.85 E5.02893
G1 X99.914 Y111.423 E5.05934
G1 X98.149 Y113.771 E5.24043
G1 X97.801 Y113.479 E5.26844
G1 X99.668 Y110.996 E5.45997
G1 X99.421 Y110.569 E5.49038
G1 X97.454 Y113.186 E5.69221
G1 X97.125 Y112.869 E5.72038
G1 X98.965 Y110.421 E5.90918
G1 X98.714 Y110.001 E5.93935
G1 X96.813 Y112.529 E6.13435
G1 X96.502 Y112.189 E6.16276
G1 X98.468 Y109.574 E6.36446
G1 X98.448 Y109.54 E6.36689
G1 X97.927 Y109.538 E6.39901
G1 X96.213 Y111.818 E6.57486
G1 X95.926 Y111.445 E6.60388
G1 X97.361 Y109.536 E6.75112
G1 X97.113 Y109.536 E6.76641
G1 X97.584 Y108.485 E6.83741
G1 X95.656 Y111.049 E7.03519
G1 X95.406 Y110.628 E7.06538
G1 X97.696 Y107.582 E7.30032
G1 X97.45 Y107.155 E7.3307
G1 X95.16 Y110.201 E7.56564
G1 X95.125 Y110.141 E7.56992
G1 X94.939 Y109.74 E7.59717
G1 X97.204 Y106.728 E7.82951
G1 X97.153 Y106.64 E7.83578
M73 Q34 S24
G1 X96.407 Y107.033 E7.88776
G1 X94.721 Y109.275 E8.0607
M73 P34 R24
G1 X94.535 Y108.768 E8.09399
G1 X95.941 Y106.898 E8.23823
G1 X96.087 Y105.949 E8.29743
G1 X94.357 Y108.251 E8.47496
G1 X94.208 Y107.695 E8.51045
G1 X96.058 Y105.233 E8.70031
G1 X95.88 Y104.716 E8.73402
G1 X94.079 Y107.112 E8.91881
G1 X93.971 Y106.5 E8.95712
G1 X96.207 Y103.526 E9.18651
G1 X96.042 Y103.402 E9.19923
G1 X96.516 Y102.362 E9.26969
G1 X93.908 Y105.83 E9.53721
G1 X93.869 Y105.127 E9.58062
G1 X96.641 Y101.44 E9.86501
M107
G92 E0
G1 X111.188 Y109.255 F7800
M106 S204
G1 F563.226
G1 X115.936 Y102.941 E.48705
G1 X115.807 Y102.358 E.52386
G1 X113.523 Y105.396 E.75818
G1 X113.585 Y105.065 E.77894
G1 X113.581 Y104.914 E.78825
G1 X113.802 Y104.358 E.82514
G1 X113.774 Y104.308 E.82867
G1 X115.661 Y101.799 E1.02222
G1 X115.622 Y101.664 E1.03088
G1 X115.482 Y101.281 E1.05602
G1 X113.527 Y103.882 E1.25662
G1 X113.281 Y103.455 E1.287
G1 X115.297 Y100.773 E1.49385
G1 X115.285 Y100.74 E1.49601
G1 X115.082 Y100.304 E1.52566
G1 X113.119 Y102.915 E1.72705
G1 X113.568 Y101.564 E1.81482
G1 X114.864 Y99.84 E1.94779
G1 X114.617 Y99.414 E1.97815
G1 X112.965 Y101.612 E2.14767
G1 X112.12 Y101.98 E2.20449
G1 X114.369 Y98.989 E2.4352
G1 X114.095 Y98.599 E2.46458
G1 X111.834 Y101.606 E2.69652
G1 X111.588 Y101.179 E2.7269
G1 X113.822 Y98.208 E2.95607
G1 X113.528 Y97.844 E2.98492
G1 X111.342 Y100.752 E3.20921
G1 X111.095 Y100.325 E3.23962
G1 X113.217 Y97.504 E3.45725
G1 X112.905 Y97.164 E3.4857
G1 X110.849 Y99.899 E3.69665
G1 X110.602 Y99.472 E3.72706
G1 X112.578 Y96.845 E3.92972
G1 X112.233 Y96.549 E3.95775
G1 X110.356 Y99.045 E4.15029
G1 X110.326 Y98.993 E4.15399
G1 X110.718 Y97.871 E4.22726
G1 X110.674 Y97.868 E4.22998
G1 X111.885 Y96.257 E4.35423
G1 X111.52 Y95.988 E4.38218
G1 X110.136 Y97.829 E4.52418
G1 X109.985 Y97.818 E4.53351
G1 X109.768 Y97.563 E4.55415
G1 X111.149 Y95.727 E4.69579
G1 X110.993 Y95.617 E4.70756
G1 X110.764 Y95.485 E4.72386
G1 X109.401 Y97.297 E4.86365
G1 X109.299 Y97.229 E4.87121
G1 X108.964 Y97.124 E4.89285
G1 X110.368 Y95.256 E5.03692
G1 X110.141 Y95.125 E5.05308
G1 X109.962 Y95.042 E5.06524
G1 X108.464 Y97.034 E5.2189
G1 X108.238 Y97.009 E5.23292
G1 X107.916 Y97.009 E5.25277
G1 X109.542 Y94.846 E5.4196
G1 X109.114 Y94.661 E5.44835
G1 X107.601 Y96.672 E5.6035
G1 X107.546 Y96.574 E5.61043
G1 X107.085 Y96.604 E5.63891
G1 X108.668 Y94.499 E5.80129
G1 X108.215 Y94.347 E5.83075
G1 X106.574 Y96.53 E5.99912
G1 X106.485 Y96.502 E6.00487
G1 X106.208 Y96.262 E6.02747
G1 X107.743 Y94.22 E6.18496
G1 X107.262 Y94.105 E6.21545
G1 X105.886 Y95.936 E6.35666
G1 X105.731 Y95.779 E6.37026
G1 X104.984 Y96.381 E6.42941
G1 X106.762 Y94.017 E6.61177
G1 X106.252 Y93.94 E6.64357
G1 X103.945 Y97.008 E6.88022
G1 X103.378 Y97.008 E6.91518
G1 X105.716 Y93.898 E7.15505
G1 X105.167 Y93.874 E7.18893
G1 X102.81 Y97.008 E7.43069
G1 X102.769 Y97.008 E7.43322
G1 X102.631 Y96.492 E7.46615
G1 X104.598 Y93.876 E7.66793
G1 X104.003 Y93.913 E7.70468
G1 X102.021 Y96.549 E7.90801
G1 X101.757 Y96.611 E7.92473
G1 X101.443 Y96.563 E7.94431
G1 X103.373 Y93.996 E8.14231
G1 X103.066 Y94.036 E8.1614
G1 X102.718 Y94.113 E8.18337
G1 X100.573 Y96.965 E8.40338
G1 X99.398 Y97.774 E8.49133
G1 X102.031 Y94.272 E8.76145
G1 X101.664 Y94.378 E8.785
G1 X101.278 Y94.519 E8.81034
G1 X93.896 Y104.336 E9.56759
G1 X93.91 Y104.016 E9.58734
G1 X93.984 Y103.465 E9.62161
G1 X100.469 Y94.841 E10.28684
G1 X99.859 Y95.125 E10.32832
G1 X99.556 Y95.3 E10.34989
G1 X94.17 Y102.463 E10.90241
G1 X94.25 Y102.105 E10.92503
M73 Q35 S24
G1 X94.377 Y101.666 E10.9532
G1 X94.542 Y101.214 E10.98287
M73 P35 R24
G1 X98.467 Y95.993 E11.38556
G1 X97.844 Y96.472 E11.43401
G1 X97.128 Y97.128 E11.49388
G1 X96.677 Y97.62 E11.53503
G1 X94.752 Y100.179 E11.73245
M107
G92 E0
G1 X97.493 Y100.241 F7800
;TYPE:Internal infill
;WIDTH:0.45
G1 F494.289
G1 X96.758 Y101.218 E.08589
G1 X97.496 Y101.242 E.13776
G1 X97.296 Y101.681 E.17165
G1 X97.635 Y101.583 E.19644
G1 X98.856 Y99.468 E.368
G92 E0
G1 X99.147 Y109.972 F7800
;TYPE:Solid infill
;WIDTH:0.38292
;HEIGHT:0.2
G1 F1058.823
G1 X98.72 Y109.233 E.02799
;WIDTH:0.421067
G1 F952.011
G1 X98.673 Y109.192 E.03026
;WIDTH:0.459214
G1 F864.773
G1 X98.625 Y109.151 E.03279
;WIDTH:0.497361
G1 F792.182
G1 X98.578 Y109.11 E.03552
;WIDTH:0.535508
G1 F730.834
G1 X98.53 Y109.069 E.03852
G1 X98.141 Y108.395 E.07549
G92 E0
G1 X105.631 Y112.637 F7800
;WIDTH:0.535506
G1 F730.837
G1 X107.328 Y112.637 E.08063
;LAYER_CHANGE
;Z:4.35
;HEIGHT:0.2
G92 E0
G1 Z4.35 F7800
G1 X113.656 Y104.998
;TYPE:Perimeter
;WIDTH:0.449999
G1 F884.349
G1 X113.665 Y105.062 E.00254
G1 X113.591 Y105.456 E.01828
G1 X113.314 Y105.991 E.04194
G1 X109.855 Y111.984 E.31363
G1 X109.525 Y112.372 E.33363
G1 X109.122 Y112.605 E.35191
G1 X108.621 Y112.696 E.3719
G1 X101.379 Y112.696 E.65625
G1 X100.878 Y112.605 E.67624
G1 X100.463 Y112.362 E.69512
G1 X100.145 Y111.984 E.71452
G1 X96.524 Y105.712 E.99888
G1 X96.35 Y105.217 E1.01948
G1 X96.335 Y104.938 E1.03045
G1 X96.409 Y104.544 E1.04619
G1 X96.686 Y104.009 E1.06985
G1 X100.145 Y98.016 E1.34154
G1 X100.464 Y97.636 E1.36102
G1 X100.878 Y97.395 E1.37983
G1 X101.379 Y97.304 E1.39982
G1 X108.621 Y97.304 E1.68417
G1 X109.122 Y97.395 E1.70416
G1 X109.528 Y97.63 E1.72258
G1 X109.855 Y98.016 E1.74244
G1 X113.476 Y104.288 E2.0268
G1 X113.591 Y104.544 E2.03782
G1 X113.648 Y104.939 E2.05349
G1 X113.252 Y104.999 F7800
G1 F884.349
G1 X113.258 Y105.044 E2.05527
G1 X113.206 Y105.326 E2.06653
G1 X112.962 Y105.788 E2.08704
G1 X109.502 Y111.78 E2.35872
G1 X109.267 Y112.058 E2.37301
G1 X108.979 Y112.224 E2.38606
G1 X108.621 Y112.289 E2.40035
G1 X101.379 Y112.289 E2.6847
G1 X101.021 Y112.224 E2.69899
G1 X100.725 Y112.051 E2.71245
G1 X100.498 Y111.78 E2.72633
G1 X96.877 Y105.509 E3.01066
G1 X96.753 Y105.155 E3.02539
G1 X96.742 Y104.956 E3.03322
G1 X96.794 Y104.674 E3.04448
G1 X97.038 Y104.212 E3.06499
G1 X100.498 Y98.22 E3.33667
G1 X100.726 Y97.948 E3.35061
G1 X101.021 Y97.776 E3.36402
G1 X101.379 Y97.711 E3.37831
G1 X108.621 Y97.711 E3.66266
G1 X108.979 Y97.776 E3.67695
G1 X109.269 Y97.944 E3.69011
G1 X109.502 Y98.22 E3.70429
G1 X113.123 Y104.491 E3.98862
G1 X113.206 Y104.674 E3.99651
G1 X113.243 Y104.939 E4.00702
G1 X112.851 Y104.995 F7800
G1 F884.349
G1 X112.852 Y105 E4.00722
G1 X112.82 Y105.195 E4.01498
G1 X109.15 Y111.577 E4.30405
G1 X108.926 Y111.8 E4.31646
G1 X108.621 Y111.882 E4.32886
G1 X101.379 Y111.882 E4.61321
G1 X101.074 Y111.8 E4.62561
G1 X100.85 Y111.577 E4.63802
G1 X97.23 Y105.305 E4.92236
G1 X97.148 Y105.007 E4.9345
G1 X97.23 Y104.695 E4.94717
G1 X100.85 Y98.423 E5.23151
G1 X101.074 Y98.2 E5.24392
G1 X101.379 Y98.118 E5.25632
G1 X108.621 Y98.118 E5.54067
G1 X108.926 Y98.2 E5.55307
G1 X109.15 Y98.423 E5.56548
G1 X112.77 Y104.695 E5.84982
G1 X112.835 Y104.937 E5.85966
G1 X112.428 Y105 F7800
;TYPE:External perimeter
G1 F884.349
G1 X112.434 Y105.065 E5.86222
G1 X108.797 Y111.373 E6.14812
G1 X108.674 Y111.468 E6.15422
G1 X101.379 Y111.475 E6.44066
G1 X101.228 Y111.408 E6.44715
G1 X97.582 Y105.102 E6.73316
G1 X97.566 Y104.935 E6.73975
G1 X101.203 Y98.627 E7.02565
G1 X101.308 Y98.538 E7.03105
G1 X102.121 Y98.525 E7.06298
G1 X108.621 Y98.525 E7.3182
G1 X108.765 Y98.585 E7.32433
G1 X112.418 Y104.898 E7.61071
G1 X112.422 Y104.94 E7.61237
G1 X112.282 Y105.315 F7800
G92 E0
G1 X94.453 Y108.301
;TYPE:Perimeter
G1 F884.349
G1 X94.21 Y107.392 E.03694
G1 X94.041 Y106.435 E.0751
G1 X93.985 Y105.788 E.1006
G1 X93.947 Y105.016 E.13095
G1 X93.99 Y104.037 E.16943
G1 X94.117 Y103.074 E.20757
G1 X94.317 Y102.173 E.24381
G1 X94.454 Y101.691 E.26349
G1 X94.789 Y100.77 E.30197
G1 X95.196 Y99.897 E.33979
G1 X95.678 Y99.062 E.37765
G1 X96.236 Y98.266 E.41582
G1 X96.861 Y97.521 E.454
G1 X97.21 Y97.162 E.47366
G1 X98.194 Y96.305 E.5249
G1 X99.048 Y95.686 E.56631
G1 X99.897 Y95.196 E.6048
G1 X100.77 Y94.789 E.64262
G1 X101.684 Y94.457 E.6808
G1 X102.573 Y94.219 E.71694
G1 X103.065 Y94.118 E.73666
G1 X104.036 Y93.99 E.77512
G1 X105.007 Y93.948 E.81328
G1 X105.925 Y93.988 E.84936
G1 X106.427 Y94.039 E.86917
G1 X107.392 Y94.21 E.90765
G1 X108.324 Y94.459 E.94553
G1 X109.23 Y94.789 E.98339
G1 X110.055 Y95.174 E1.01914
G1 X110.522 Y95.439 E1.04022
G1 X111.191 Y95.856 E1.07117
G1 X112.093 Y96.523 E1.11522
G1 X112.815 Y97.185 E1.15368
G1 X113.467 Y97.896 E1.19156
G1 X114.03 Y98.63 E1.22788
G1 X114.314 Y99.048 E1.24772
G1 X114.804 Y99.897 E1.28621
G1 X115.211 Y100.77 E1.32403
G1 X115.546 Y101.691 E1.36251
G1 X115.683 Y102.173 E1.38219
G1 X115.934 Y103.453 E1.43341
G1 X116.013 Y104.091 E1.45865
G1 X116.052 Y105 E1.49437
G1 X116.01 Y105.963 E1.53222
G1 X115.883 Y106.926 E1.57036
G1 X115.683 Y107.827 E1.6066
G1 X115.546 Y108.309 E1.62628
G1 X115.211 Y109.23 E1.66476
G1 X114.804 Y110.103 E1.70258
G1 X114.314 Y110.952 E1.74107
G1 X114.03 Y111.37 E1.76091
G1 X113.419 Y112.156 E1.8
G1 X112.766 Y112.86 E1.8377
G1 X111.741 Y113.759 E1.89123
G1 X110.938 Y114.321 E1.92971
G1 X110.103 Y114.804 E1.96759
G1 X109.23 Y115.211 E2.00541
G1 X108.323 Y115.541 E2.04331
G1 X107.392 Y115.79 E2.08115
G1 X106.435 Y115.959 E2.11931
G1 X105.521 Y116.038 E2.15533
G1 X105.016 Y116.053 E2.17517
G1 X104.037 Y116.01 E2.21365
G1 X103.118 Y115.889 E2.25005
G1 X102.616 Y115.793 E2.27012
G1 X101.677 Y115.541 E2.30829
G1 X100.77 Y115.211 E2.34619
G1 X99.944 Y114.826 E2.38197
G1 X99.479 Y114.563 E2.40295
G1 X98.673 Y114.063 E2.44019
G1 X97.896 Y113.467 E2.47864
G1 X97.185 Y112.815 E2.51652
G1 X96.533 Y112.104 E2.5544
G1 X95.946 Y111.339 E2.59226
G1 X95.449 Y110.559 E2.62858
G1 X95.203 Y110.118 E2.64841
G1 X94.789 Y109.23 E2.68688
G1 X94.472 Y108.358 E2.72331
G1 X94.067 Y108.432 F7800
G1 F884.349
G1 X93.812 Y107.481 E2.76197
G1 X93.637 Y106.488 E2.80156
G1 X93.555 Y105.541 E2.83888
G1 X93.54 Y105.011 E2.8597
G1 X93.584 Y104.001 E2.89939
G1 X93.716 Y103.003 E2.93892
G1 X93.919 Y102.084 E2.97587
G1 X94.067 Y101.565 E2.99706
G1 X94.412 Y100.615 E3.03674
G1 X94.835 Y99.708 E3.07604
G1 X95.335 Y98.843 E3.11527
G1 X95.913 Y98.018 E3.15482
G1 X96.517 Y97.298 E3.19172
G1 X96.888 Y96.904 E3.21297
G1 X97.634 Y96.221 E3.25268
G1 X98.393 Y95.639 E3.29023
G1 X98.833 Y95.341 E3.3111
G1 X99.708 Y94.835 E3.35079
G1 X100.614 Y94.413 E3.39003
G1 X101.561 Y94.068 E3.4296
G1 X102.468 Y93.826 E3.46646
G1 X102.999 Y93.716 E3.48775
G1 X104.001 Y93.584 E3.52743
M73 Q36 S24
G1 X105.007 Y93.54 E3.56697
G1 X105.943 Y93.581 E3.60376
G1 X106.485 Y93.636 E3.62515
M73 P36 R24
G1 X107.48 Y93.812 E3.66482
G1 X108.446 Y94.071 E3.70409
G1 X109.385 Y94.412 E3.74332
G1 X110.291 Y94.835 E3.78258
G1 X111.164 Y95.339 E3.82216
G1 X111.94 Y95.883 E3.85937
G1 X112.358 Y96.214 E3.88031
G1 X113.103 Y96.897 E3.91999
G1 X113.779 Y97.634 E3.95926
G1 X114.353 Y98.382 E3.99628
G1 X114.659 Y98.833 E4.01768
G1 X115.165 Y99.708 E4.05737
G1 X115.588 Y100.615 E4.09667
G1 X115.933 Y101.565 E4.13635
G1 X116.081 Y102.084 E4.15754
G1 X116.337 Y103.4 E4.21018
G1 X116.419 Y104.073 E4.2368
G1 X116.46 Y105 E4.27323
G1 X116.416 Y105.999 E4.31249
G1 X116.284 Y106.997 E4.35202
G1 X116.081 Y107.916 E4.38897
G1 X115.933 Y108.435 E4.41016
G1 X115.588 Y109.385 E4.44984
G1 X115.165 Y110.292 E4.48914
G1 X114.694 Y111.108 E4.52613
G1 X114.394 Y111.564 E4.54756
G1 X113.779 Y112.366 E4.58724
G1 X113.103 Y113.103 E4.62651
G1 X112.401 Y113.747 E4.66392
G1 X111.986 Y114.085 E4.68494
G1 X111.157 Y114.665 E4.72467
G1 X110.292 Y115.165 E4.7639
G1 X109.385 Y115.588 E4.8032
G1 X108.446 Y115.929 E4.84243
G1 X107.481 Y116.188 E4.88166
G1 X106.488 Y116.363 E4.92125
G1 X105.556 Y116.444 E4.95798
G1 X105.011 Y116.46 E4.97939
G1 X104.001 Y116.416 E5.01908
G1 X103.065 Y116.293 E5.05615
G1 X102.523 Y116.189 E5.07782
G1 X101.554 Y115.929 E5.11721
G1 X100.615 Y115.588 E5.15644
G1 X99.708 Y115.165 E5.19574
G1 X98.879 Y114.686 E5.23333
G1 X98.436 Y114.394 E5.25416
G1 X97.634 Y113.779 E5.29384
G1 X96.897 Y113.103 E5.33311
G1 X96.221 Y112.366 E5.37238
G1 X95.613 Y111.573 E5.41162
G1 X95.106 Y110.778 E5.44864
G1 X94.84 Y110.302 E5.47005
G1 X94.412 Y109.385 E5.50978
G1 X94.086 Y108.489 E5.54722
G1 X93.68 Y108.563 F7800
G1 F884.349
G1 X93.414 Y107.569 E5.58762
G1 X93.233 Y106.541 E5.6286
G1 X93.143 Y105.511 E5.6692
G1 X93.132 Y105.007 E5.68899
G1 X93.178 Y103.966 E5.7299
G1 X93.314 Y102.932 E5.77085
G1 X93.539 Y101.922 E5.81148
G1 X93.68 Y101.438 E5.83127
G1 X94.036 Y100.459 E5.87217
G1 X94.474 Y99.52 E5.91285
G1 X94.991 Y98.624 E5.95347
G1 X95.59 Y97.77 E5.99443
G1 X96.255 Y96.977 E6.03507
G1 X96.603 Y96.613 E6.05484
G1 X97.372 Y95.909 E6.09578
G1 X98.199 Y95.275 E6.1367
G1 X98.618 Y94.995 E6.15649
G1 X99.52 Y94.474 E6.19739
G1 X100.458 Y94.036 E6.23804
G1 X101.439 Y93.68 E6.27902
G1 X102.438 Y93.412 E6.31963
G1 X102.932 Y93.314 E6.3394
G1 X103.966 Y93.178 E6.38035
G1 X105.008 Y93.133 E6.4213
G1 X106.041 Y93.178 E6.4619
G1 X106.542 Y93.233 E6.48169
G1 X107.569 Y93.414 E6.52264
G1 X108.569 Y93.682 E6.56329
G1 X109.541 Y94.036 E6.60391
G1 X110.48 Y94.473 E6.64458
G1 X111.383 Y94.995 E6.68553
G1 X112.23 Y95.589 E6.72615
G1 X112.623 Y95.904 E6.74593
G1 X113.391 Y96.609 E6.78686
G1 X114.091 Y97.372 E6.82752
G1 X114.725 Y98.199 E6.86844
G1 X115.005 Y98.618 E6.88823
G1 X115.526 Y99.52 E6.92913
G1 X115.964 Y100.459 E6.96981
G1 X116.32 Y101.438 E7.01071
G1 X116.461 Y101.922 E7.0305
G1 X116.666 Y102.845 E7.06762
G1 X116.826 Y104.055 E7.11554
G1 X116.867 Y105 E7.15268
G1 X116.822 Y106.034 E7.19332
G1 X116.686 Y107.068 E7.23427
G1 X116.461 Y108.078 E7.2749
G1 X116.32 Y108.562 E7.29469
G1 X115.964 Y109.541 E7.33559
G1 X115.526 Y110.48 E7.37627
G1 X115.005 Y111.382 E7.41717
G1 X114.725 Y111.801 E7.43696
G1 X114.091 Y112.628 E7.47788
G1 X113.391 Y113.391 E7.51854
G1 X112.623 Y114.096 E7.55947
G1 X112.23 Y114.411 E7.57925
G1 X111.376 Y115.009 E7.62019
M73 P36 R23
G1 X110.48 Y115.526 E7.66081
G1 X109.541 Y115.964 E7.70149
G1 X108.569 Y116.318 E7.74211
G1 X107.569 Y116.586 E7.78276
G1 X106.541 Y116.767 E7.82374
G1 X105.511 Y116.857 E7.86434
G1 X105.007 Y116.868 E7.88413
G1 X103.966 Y116.822 E7.92504
G1 X102.933 Y116.686 E7.96595
G1 X102.431 Y116.586 E7.98605
G1 X101.431 Y116.318 E8.0267
G1 X100.459 Y115.964 E8.06732
G1 X99.52 Y115.526 E8.108
G1 X98.618 Y115.005 E8.1489
G1 X98.199 Y114.725 E8.16869
G1 X97.372 Y114.091 E8.20961
G1 X96.609 Y113.391 E8.25027
G1 X95.909 Y112.628 E8.29093
G1 X95.279 Y111.807 E8.33156
G1 X94.719 Y110.928 E8.37248
G1 X94.476 Y110.486 E8.39228
G1 X94.036 Y109.541 E8.43321
G1 X93.701 Y108.62 E8.47169
G1 X93.294 Y108.694 F7800
;TYPE:External perimeter
G1 F884.349
G1 X93.293 Y108.691 E8.47181
G1 X93.016 Y107.657 E8.51384
G1 X92.829 Y106.595 E8.55618
G1 X92.737 Y105.533 E8.59804
G1 X92.725 Y105.002 E8.61889
G1 X92.772 Y103.93 E8.66102
G1 X92.913 Y102.861 E8.70336
G1 X93.144 Y101.821 E8.74519
G1 X93.292 Y101.311 E8.76604
G1 X93.66 Y100.303 E8.80817
G1 X94.112 Y99.332 E8.85022
G1 X94.648 Y98.405 E8.89226
G1 X95.267 Y97.522 E8.9346
G1 X95.952 Y96.705 E8.97646
M73 Q36 S23
G1 X96.319 Y96.322 E8.99729
G1 X97.11 Y95.597 E9.03942
G1 X97.961 Y94.944 E9.08154
G1 X98.403 Y94.649 E9.10241
G1 X99.332 Y94.112 E9.14454
G1 X100.303 Y93.66 E9.18659
G1 X101.316 Y93.291 E9.22892
G1 X102.346 Y93.016 E9.27078
G1 X102.866 Y92.912 E9.2916
G1 X103.93 Y92.772 E9.33374
G1 X105.008 Y92.725 E9.37611
G1 X106.072 Y92.772 E9.41793
G1 X106.6 Y92.83 E9.43879
G1 X107.657 Y93.016 E9.48093
G1 X108.691 Y93.293 E9.52296
G1 X109.697 Y93.66 E9.56501
G1 X110.668 Y94.112 E9.60706
G1 X111.602 Y94.652 E9.64942
G1 X112.474 Y95.263 E9.69123
G1 X112.888 Y95.595 E9.71207
G1 X113.68 Y96.32 E9.75423
G1 X114.403 Y97.11 E9.79628
G1 X115.056 Y97.961 E9.8384
G1 X115.351 Y98.403 E9.85927
G1 X115.888 Y99.332 E9.9014
G1 X116.34 Y100.303 E9.94345
G1 X116.708 Y101.311 E9.98558
G1 X116.856 Y101.821 E10.00643
G1 X117.064 Y102.757 E10.04408
G1 X117.233 Y104.038 E10.09481
G1 X117.275 Y105 E10.13262
G1 X117.228 Y106.07 E10.17467
G1 X117.087 Y107.139 E10.21701
G1 X116.856 Y108.179 E10.25884
G1 X116.708 Y108.689 E10.27969
G1 X116.34 Y109.697 E10.32182
G1 X115.888 Y110.668 E10.36387
G1 X115.351 Y111.597 E10.406
G1 X115.056 Y112.039 E10.42687
G1 X114.403 Y112.89 E10.46899
G1 X113.68 Y113.68 E10.51104
G1 X112.888 Y114.405 E10.5532
G1 X112.474 Y114.737 E10.57404
G1 X111.595 Y115.352 E10.61616
G1 X110.668 Y115.888 E10.6582
G1 X109.697 Y116.34 E10.70025
G1 X108.691 Y116.707 E10.7423
G1 X107.657 Y116.984 E10.78433
G1 X106.595 Y117.171 E10.82667
G1 X105.533 Y117.263 E10.86853
G1 X105.002 Y117.275 E10.88938
G1 X103.93 Y117.228 E10.93151
G1 X102.866 Y117.088 E10.97365
G1 X102.338 Y116.983 E10.99479
G1 X101.309 Y116.707 E11.03662
G1 X100.303 Y116.34 E11.07867
G1 X99.332 Y115.888 E11.12072
G1 X98.403 Y115.351 E11.16285
G1 X97.961 Y115.056 E11.18372
G1 X97.11 Y114.403 E11.22584
G1 X96.32 Y113.68 E11.26789
G1 X95.597 Y112.89 E11.30994
G1 X94.945 Y112.041 E11.35197
G1 X94.368 Y111.135 E11.39415
G1 X94.113 Y110.67 E11.41497
G1 X93.66 Y109.697 E11.45711
G1 X93.315 Y108.751 E11.49665
G1 X93.207 Y108.365 F7800
G92 E0
G1 X105.071 Y94.256
;TYPE:Solid infill
G1 F884.349
G1 X105.951 Y94.295 E.03459
G1 X107.328 Y94.508 E.0893
G1 X108.232 Y94.751 E.12606
G1 X109.113 Y95.071 E.16286
G1 X109.962 Y95.467 E.19964
G1 X110.78 Y95.94 E.23674
G1 X111.554 Y96.482 E.27384
G1 X112.601 Y97.402 E.32857
G1 X113.233 Y98.092 E.36531
G1 X113.812 Y98.847 E.40267
G1 X114.533 Y100.04 E.4574
G1 X114.929 Y100.887 E.49411
G1 X115.254 Y101.782 E.5315
G1 X115.584 Y103.136 E.58622
G1 X115.706 Y104.063 E.62293
G1 X115.747 Y105 E.65976
G1 X115.706 Y105.936 E.69655
G1 X115.582 Y106.873 E.73366
G1 X115.377 Y107.796 E.77078
G1 X114.928 Y109.115 E.82549
G1 X114.533 Y109.962 E.86219
G1 X114.067 Y110.768 E.89875
G1 X113.207 Y111.936 E.9557
G1 X112.404 Y112.778 E1.00139
G1 X111.647 Y113.443 E1.04095
G1 X110.774 Y114.064 E1.08302
G1 X109.962 Y114.533 E1.11984
G1 X109.113 Y114.929 E1.15662
G1 X108.232 Y115.249 E1.19342
G1 X107.326 Y115.492 E1.23025
G1 X106.396 Y115.656 E1.26733
G1 X105.454 Y115.738 E1.30446
G1 X104.061 Y115.706 E1.35917
G1 X103.12 Y115.582 E1.39644
G1 X101.767 Y115.249 E1.45115
G1 X100.887 Y114.929 E1.48792
G1 X100.038 Y114.533 E1.5247
G1 X99.213 Y114.056 E1.56212
G1 X98.091 Y113.231 E1.6168
G1 X97.401 Y112.599 E1.65354
G1 X96.767 Y111.908 E1.69036
G1 X96.197 Y111.164 E1.72716
G1 X95.685 Y110.361 E1.76455
G1 X95.071 Y109.111 E1.81923
G1 X94.751 Y108.232 E1.85596
G1 X94.508 Y107.326 E1.89279
G1 X94.344 Y106.396 E1.92987
G1 X94.262 Y105.454 E1.967
G1 X94.294 Y104.062 E2.02167
G1 X94.418 Y103.127 E2.0587
G1 X94.623 Y102.204 E2.09582
G1 X95.072 Y100.885 E2.15053
G1 X95.467 Y100.038 E2.18723
G1 X95.936 Y99.226 E2.22405
G1 X96.479 Y98.452 E2.26117
G1 X97.086 Y97.729 E2.29824
G1 X98.094 Y96.766 E2.35298
G1 X98.847 Y96.188 E2.39025
G1 X100.04 Y95.467 E2.44498
G1 X100.887 Y95.071 E2.48169
G1 X101.775 Y94.749 E2.51878
G1 X102.688 Y94.504 E2.5559
G1 X104.065 Y94.294 E2.61059
G1 X104.868 Y94.264 E2.64214
G92 E0
G1 X113.045 Y111.513 F7800
;WIDTH:0.402777
G1 F1000.399
G1 X113.467 Y110.955 E.02428
;WIDTH:0.39715
G1 F1016.289
G1 X113.958 Y110.197 E.05514
G1 X114.376 Y109.397 E.08598
G1 X114.721 Y108.555 E.11707
;WIDTH:0.42668
G1 F938.086
G1 X114.996 Y107.689 E.1507
G1 X115.195 Y106.805 E.18424
;WIDTH:0.421582
G1 F950.716
G1 X115.316 Y105.902 E.21752
;WIDTH:0.417154
G1 F961.965
G1 X115.356 Y105 E.25011
G1 X115.342 Y104.478 E.26896
;WIDTH:0.41174
G1 F976.086
G1 X115.233 Y103.444 E.30595
G1 X115.003 Y102.341 E.34603
;WIDTH:0.39786
G1 F1014.256
G1 X114.743 Y101.49 E.37649
;WIDTH:0.407412
G1 F987.676
G1 X114.199 Y100.235 E.42458
G1 X113.741 Y99.456 E.45635
;WIDTH:0.39715
G1 F1016.289
G1 X113.229 Y98.713 E.48718
G1 X112.651 Y98.021 E.51799
G1 X111.994 Y97.37 E.54959
;WIDTH:0.426876
G1 F937.607
G1 X111.309 Y96.794 E.58274
G1 X110.905 Y96.493 E.6014
;WIDTH:0.397856
G1 F1014.267
G1 X110.197 Y96.042 E.63014
;WIDTH:0.397152
G1 F1016.283
G1 X109.396 Y95.623 E.66103
;WIDTH:0.405626
G1 F992.539
G1 X108.748 Y95.348 E.68566
;WIDTH:0.426308
G1 F938.996
G1 X108.113 Y95.128 E.71051
G1 X107.262 Y94.89 E.74319
;WIDTH:0.407416
G1 F987.665
G1 X106.374 Y94.741 E.77485
;WIDTH:0.401572
G1 F1003.759
G1 X105.515 Y94.659 E.8047
;WIDTH:0.407148
G1 F988.392
G1 X104.12 Y94.678 E.85371
G1 X103.224 Y94.803 E.88549
;WIDTH:0.397238
G1 F1016.036
G1 X102.34 Y94.991 E.91638
G1 X101.48 Y95.261 E.94719
;WIDTH:0.399016
G1 F1010.963
G1 X100.626 Y95.614 E.97893
G1 X99.456 Y96.26 E1.02483
;WIDTH:0.397156
G1 F1016.272
G1 X98.713 Y96.771 E1.05564
G1 X98.024 Y97.353 E1.08646
;WIDTH:0.409634
G1 F981.691
G1 X97.369 Y97.994 E1.11888
;WIDTH:0.425772
G1 F940.311
G1 X96.792 Y98.693 E1.15235
;WIDTH:0.42617
G1 F939.335
G1 X96.27 Y99.439 E1.18601
G1 X95.814 Y100.218 E1.21938
;WIDTH:0.415758
G1 F965.567
G1 X95.434 Y101.031 E1.25165
;WIDTH:0.415502
G1 F966.23
G1 X94.996 Y102.309 E1.3002
;WIDTH:0.426232
G1 F939.183
G1 X94.807 Y103.196 E1.33373
G1 X94.728 Y103.691 E1.35226
;WIDTH:0.39753
G1 F1015.2
G1 X94.66 Y104.527 E1.38095
;WIDTH:0.406662
G1 F989.713
G1 X94.648 Y105.429 E1.4126
;WIDTH:0.408922
G1 F983.601
G1 X94.728 Y106.345 E1.44506
;WIDTH:0.426198
G1 F939.266
G1 X94.894 Y107.241 E1.47875
G1 X95.123 Y108.114 E1.51212
;WIDTH:0.41576
G1 F965.562
G1 X95.43 Y108.958 E1.54442
;WIDTH:0.41539
G1 F966.521
G1 X95.912 Y109.955 E1.5842
;WIDTH:0.406718
G1 F989.56
G1 X96.388 Y110.746 E1.61659
G1 X96.907 Y111.457 E1.64748
;WIDTH:0.405868
G1 F991.878
G1 X97.491 Y112.127 E1.67859
G1 X98.1 Y112.717 E1.70827
G1 X99.047 Y113.467 E1.75056
;WIDTH:0.397148
G1 F1016.295
G1 X99.803 Y113.958 E1.78136
G1 X100.604 Y114.377 E1.81225
G1 X101.436 Y114.723 E1.84304
G1 X102.329 Y114.999 E1.87498
;WIDTH:0.426386
G1 F938.806
G1 X103.193 Y115.193 E1.90773
G1 X104.092 Y115.311 E1.94127
;WIDTH:0.426202
G1 F939.256
G1 X104.592 Y115.341 E1.95979
;WIDTH:0.428084
G1 F934.667
G1 X105.442 Y115.341 E1.99137
G1 X106.344 Y115.264 E2.025
;WIDTH:0.425802
G1 F940.238
G1 X106.84 Y115.191 E2.04351
;WIDTH:0.397504
G1 F1015.274
G1 X107.66 Y115.009 E2.07224
;WIDTH:0.39786
G1 F1014.256
G1 X108.51 Y114.743 E2.10273
;WIDTH:0.412198
G1 F974.875
G1 X109.558 Y114.293 E2.14335
G1 X110.549 Y113.748 E2.18363
M73 Q37 S23
;WIDTH:0.407414
G1 F987.671
G1 X111.278 Y113.237 E2.21493
;WIDTH:0.4122
G1 F974.87
G1 X112.141 Y112.492 E2.25554
G1 X112.923 Y111.675 E2.29582
M73 P37 R23
G92 E0
G1 X105.077 Y95.047 F7800
;WIDTH:0.449999
G1 F884.349
G1 X105.88 Y95.074 E.03155
G1 X106.309 Y95.111 E.04846
G1 X107.133 Y95.256 E.08131
G1 X108.002 Y95.507 E.11683
G1 X108.593 Y95.701 E.14125
G1 X109.204 Y95.954 E.16722
G1 X109.977 Y96.355 E.20141
G1 X110.7 Y96.814 E.23504
G1 X111.712 Y97.623 E.28591
G1 X112.347 Y98.252 E.321
G1 X112.906 Y98.917 E.35511
G1 X113.407 Y99.629 E.38929
G1 X113.836 Y100.371 E.42294
G1 X114.202 Y101.198 E.45845
G1 X114.508 Y102.013 E.49263
G1 X114.634 Y102.414 E.50913
G1 X114.845 Y103.469 E.55137
G1 X114.92 Y104.141 E.57792
G1 X114.965 Y105.001 E.61173
G1 X114.927 Y105.867 E.64577
G1 X114.809 Y106.731 E.68001
G1 X114.706 Y107.268 E.70148
G1 X114.38 Y108.391 E.74739
G1 X114.046 Y109.205 E.78194
G1 X113.645 Y109.977 E.8161
G1 X113.179 Y110.711 E.85024
G1 X112.658 Y111.391 E.88388
G1 X112.034 Y112.046 E.9194
G1 X111.059 Y112.924 E.97092
G1 X110.382 Y113.399 E1.00339
G1 X109.589 Y113.835 E1.03892
G1 X108.802 Y114.202 E1.07302
G1 X107.997 Y114.505 E1.10679
G1 X107.157 Y114.73 E1.14093
G1 X106.3 Y114.871 E1.17503
G1 X105.696 Y114.938 E1.19889
G1 X104.583 Y114.965 E1.2426
G1 X103.5 Y114.849 E1.28537
G1 X102.462 Y114.645 E1.32691
G1 X101.599 Y114.378 E1.36238
G1 X100.796 Y114.046 E1.3965
G1 X100.023 Y113.645 E1.43069
G1 X99.3 Y113.186 E1.46432
G1 X98.588 Y112.618 E1.50008
G1 X97.951 Y112.039 E1.53388
G1 X97.363 Y111.397 E1.56806
G1 X96.834 Y110.707 E1.6022
G1 X96.363 Y109.965 E1.63671
G1 X95.886 Y109.039 E1.67761
G1 X95.63 Y108.424 E1.70377
G1 X95.372 Y107.607 E1.73741
G1 X95.116 Y106.336 E1.78832
G1 X95.034 Y105.446 E1.82341
G1 X95.033 Y104.578 E1.85749
G1 X95.107 Y103.724 E1.89115
G1 X95.357 Y102.452 E1.94205
G1 X95.622 Y101.599 E1.97712
G1 X95.954 Y100.796 E2.01124
G1 X96.348 Y100.035 E2.04489
G1 X96.956 Y99.121 E2.08799
G1 X97.616 Y98.295 E2.1295
G1 X98.252 Y97.653 E2.16498
G1 X98.917 Y97.094 E2.19909
G1 X99.618 Y96.601 E2.23274
G1 X100.416 Y96.161 E2.26852
G1 X101.187 Y95.793 E2.30206
G1 X102.01 Y95.493 E2.33645
G1 X102.853 Y95.268 E2.37071
G1 X104.104 Y95.065 E2.42047
G1 X104.873 Y95.05 E2.45067
;LAYER_CHANGE
;Z:4.55
;HEIGHT:0.2
G92 E0
G1 Z4.55 F7800
G1 X113.237 Y105
;TYPE:Perimeter
G1 F884.349
G1 X113.237 Y105.214 E.0084
G1 X113.028 Y105.673 E.0282
G1 X109.502 Y111.78 E.30509
G1 X109.257 Y112.066 E.31988
G1 X108.949 Y112.235 E.33367
G1 X108.621 Y112.289 E.34672
G1 X101.379 Y112.289 E.63107
G1 X101.072 Y112.242 E.64326
G1 X100.832 Y112.13 E.65366
G1 X100.498 Y111.78 E.67266
G1 X96.877 Y105.509 E.95699
G1 X96.756 Y105.176 E.9709
G1 X96.763 Y104.786 E.98622
G1 X96.961 Y104.345 E1.0052
G1 X100.498 Y98.22 E1.28291
G1 X100.742 Y97.935 E1.29764
G1 X101.051 Y97.765 E1.31149
G1 X101.379 Y97.711 E1.32454
G1 X108.621 Y97.711 E1.60889
G1 X109.091 Y97.826 E1.62789
G1 X109.308 Y97.978 E1.63829
G1 X109.502 Y98.22 E1.65047
G1 X113.123 Y104.491 E1.9348
G1 X113.237 Y104.786 E1.94722
G1 X113.237 Y104.94 E1.95327
G1 X112.851 Y104.995 F7800
G1 F884.349
G1 X112.852 Y105 E1.95347
G1 X112.77 Y105.305 E1.96587
G1 X109.15 Y111.577 E2.25021
G1 X108.915 Y111.807 E2.26312
G1 X108.621 Y111.882 E2.27503
G1 X101.379 Y111.882 E2.55938
G1 X101.074 Y111.8 E2.57178
G1 X100.85 Y111.577 E2.58419
G1 X97.23 Y105.305 E2.86853
G1 X97.148 Y105 E2.88093
G1 X97.23 Y104.695 E2.89333
G1 X100.85 Y98.423 E3.17767
G1 X100.997 Y98.252 E3.18652
G1 X101.182 Y98.151 E3.1948
G1 X101.379 Y98.118 E3.20264
G1 X108.621 Y98.118 E3.48699
G1 X108.949 Y98.214 E3.50041
G1 X109.15 Y98.423 E3.5118
G1 X112.77 Y104.695 E3.79614
G1 X112.835 Y104.937 E3.80598
G1 X112.431 Y105 F7800
;TYPE:External perimeter
G1 F884.349
G1 X112.438 Y105.053 E3.80808
G1 X111.946 Y105.919 E3.84719
G1 X108.797 Y111.373 E4.09447
G1 X108.686 Y111.464 E4.10011
G1 X101.379 Y111.475 E4.38702
G1 X101.27 Y111.443 E4.39148
G1 X100.913 Y110.871 E4.41795
G1 X97.582 Y105.102 E4.67951
G1 X97.557 Y104.942 E4.68587
G1 X101.203 Y98.627 E4.97219
G1 X101.313 Y98.536 E4.9778
G1 X101.96 Y98.525 E5.00321
G1 X108.621 Y98.525 E5.26475
G1 X108.758 Y98.578 E5.27052
G1 X112.418 Y104.898 E5.55728
G1 X112.423 Y104.94 E5.55894
G1 X112.282 Y105.314 F7800
G92 E0
G1 X97.37 Y111.402
;TYPE:Perimeter
G1 F884.349
G1 X96.852 Y110.727 E.03341
G1 X96.374 Y109.979 E.06826
G1 X95.973 Y109.209 E.10235
G1 X95.641 Y108.406 E.13647
G1 X95.383 Y107.588 E.17015
G1 X95.127 Y106.306 E.22148
G1 X95.05 Y105.434 E.25585
G1 X95.05 Y104.566 E.28993
G1 X95.124 Y103.711 E.32363
G1 X95.379 Y102.428 E.37499
G1 X95.641 Y101.593 E.40935
G1 X95.973 Y100.791 E.44343
G1 X96.37 Y100.03 E.47713
G1 X97.095 Y98.942 E.52847
G1 X97.657 Y98.271 E.56284
G1 X98.271 Y97.657 E.59693
G1 X98.937 Y97.098 E.63107
G1 X99.64 Y96.606 E.66476
G1 X100.786 Y95.977 E.71609
G1 X101.594 Y95.641 E.75045
G1 X102.422 Y95.38 E.78454
G1 X103.27 Y95.191 E.81865
G1 X104.121 Y95.079 E.85235
G1 X105.428 Y95.05 E.90368
G1 X106.301 Y95.125 E.93808
G1 X107.145 Y95.274 E.97173
G1 X108.417 Y95.645 E1.02376
G1 X109.209 Y95.973 E1.05742
G1 X109.875 Y96.32 E1.08691
G1 X110.354 Y96.613 E1.10896
G1 X110.916 Y97.006 E1.13589
G1 X111.767 Y97.697 E1.17893
G1 X112.379 Y98.313 E1.21302
G1 X112.934 Y98.983 E1.24718
G1 X113.429 Y99.699 E1.28136
G1 X113.858 Y100.458 E1.31559
G1 X114.365 Y101.609 E1.36497
G1 X114.63 Y102.475 E1.40053
G1 X114.875 Y103.705 E1.44977
G1 X114.95 Y104.605 E1.48523
G1 X114.95 Y105.434 E1.51778
G1 X114.875 Y106.3 E1.55191
G1 X114.726 Y107.145 E1.5856
G1 X114.36 Y108.401 E1.63697
G1 X114.026 Y109.21 E1.67134
G1 X113.625 Y109.98 E1.70543
G1 X113.159 Y110.713 E1.73953
G1 X112.636 Y111.393 E1.77321
G1 X111.72 Y112.35 E1.82522
G1 X111.063 Y112.902 E1.85891
G1 X110.36 Y113.394 E1.8926
G1 X109.199 Y114.031 E1.9446
G1 X108.406 Y114.359 E1.9783
G1 X107.578 Y114.62 E2.01239
G1 X106.729 Y114.809 E2.04654
G1 X105.896 Y114.919 E2.07953
G1 X104.565 Y114.949 E2.1318
G1 X103.277 Y114.809 E2.18267
G1 X102.422 Y114.62 E2.21705
G1 X101.594 Y114.359 E2.25114
G1 X100.791 Y114.027 E2.28526
G1 X100.02 Y113.625 E2.3194
G1 X99.287 Y113.159 E2.3535
G1 X98.598 Y112.63 E2.38761
G1 X97.957 Y112.043 E2.42174
G1 X97.411 Y111.446 E2.45351
G1 X97.058 Y111.664 F7800
G1 F884.349
G1 X96.518 Y110.961 E2.48832
G1 X96.021 Y110.183 E2.52457
G1 X95.604 Y109.381 E2.56006
G1 X95.258 Y108.546 E2.59555
G1 X94.988 Y107.689 E2.63083
G1 X94.723 Y106.364 E2.68389
G1 X94.643 Y105.452 E2.71984
G1 X94.643 Y104.548 E2.75534
G1 X94.721 Y103.653 E2.79061
G1 X94.984 Y102.327 E2.84369
G1 X95.258 Y101.454 E2.87962
G1 X95.604 Y100.619 E2.91511
G1 X96.019 Y99.822 E2.95039
G1 X96.769 Y98.698 E3.00345
G1 X97.357 Y97.996 E3.03941
G1 X97.996 Y97.356 E3.07492
G1 X98.689 Y96.775 E3.11043
G1 X99.424 Y96.26 E3.14567
G1 X100.609 Y95.609 E3.19876
G1 X101.455 Y95.258 E3.23472
G1 X102.317 Y94.986 E3.27021
G1 X103.2 Y94.79 E3.30572
G1 X104.09 Y94.673 E3.34097
G1 X105.441 Y94.643 E3.39403
G1 X106.354 Y94.721 E3.43001
G1 X107.238 Y94.877 E3.46526
G1 X108.552 Y95.26 E3.519
G1 X109.381 Y95.604 E3.55424
G1 X110.135 Y95.996 E3.58761
G1 X110.573 Y96.27 E3.6079
G1 X111.171 Y96.688 E3.63655
G1 X112.055 Y97.409 E3.68134
G1 X112.69 Y98.052 E3.71682
G1 X113.268 Y98.75 E3.7524
G1 X113.782 Y99.495 E3.78794
G1 X114.231 Y100.294 E3.82393
G1 X114.747 Y101.468 E3.87428
G1 X115.029 Y102.396 E3.91236
G1 X115.28 Y103.652 E3.96265
G1 X115.357 Y104.605 E4.00019
G1 X115.357 Y105.452 E4.03345
G1 X115.279 Y106.353 E4.06896
G1 X115.123 Y107.238 E4.10424
G1 X114.745 Y108.535 E4.15728
G1 X114.396 Y109.382 E4.19325
G1 X113.978 Y110.184 E4.22876
G1 X113.492 Y110.946 E4.26425
G1 X112.946 Y111.659 E4.29951
G1 X111.999 Y112.648 E4.35327
G1 X111.311 Y113.225 E4.38853
G1 X110.576 Y113.74 E4.42377
G1 X109.375 Y114.399 E4.47756
G1 X108.546 Y114.742 E4.51279
M73 Q38 S23
G1 X107.683 Y115.014 E4.54832
G1 X106.8 Y115.21 E4.58383
G1 X105.927 Y115.325 E4.6184
M73 P38 R23
G1 X104.547 Y115.357 E4.6726
G1 X103.21 Y115.211 E4.72541
G1 X102.316 Y115.014 E4.76135
G1 X101.454 Y114.742 E4.79684
G1 X100.619 Y114.396 E4.83233
G1 X99.816 Y113.978 E4.86788
G1 X99.054 Y113.492 E4.90337
G1 X98.336 Y112.942 E4.93888
G1 X97.669 Y112.331 E4.9744
G1 X97.099 Y111.708 E5.00756
G1 X96.746 Y111.926 F7800
;TYPE:External perimeter
G1 F884.349
G1 X96.184 Y111.195 E5.04376
G1 X95.669 Y110.387 E5.08138
G1 X95.235 Y109.554 E5.11826
G1 X94.875 Y108.685 E5.15519
G1 X94.593 Y107.791 E5.192
G1 X94.32 Y106.422 E5.24681
G1 X94.235 Y105.47 E5.28434
G1 X94.235 Y104.53 E5.32125
G1 X94.317 Y103.596 E5.35806
G1 X94.589 Y102.226 E5.4129
G1 X94.875 Y101.315 E5.45039
G1 X95.235 Y100.446 E5.48732
G1 X95.668 Y99.614 E5.52415
G1 X96.443 Y98.453 E5.57896
G1 X97.056 Y97.721 E5.61645
G1 X97.721 Y97.056 E5.65338
G1 X98.441 Y96.452 E5.69028
G1 X99.209 Y95.914 E5.7271
G1 X100.432 Y95.242 E5.78189
G1 X101.315 Y94.875 E5.81944
G1 X102.211 Y94.592 E5.85633
G1 X103.129 Y94.389 E5.89325
G1 X104.059 Y94.266 E5.93008
G1 X105.454 Y94.235 E5.98487
G1 X106.407 Y94.317 E6.02243
G1 X107.33 Y94.48 E6.05923
G1 X108.687 Y94.876 E6.11473
G1 X109.554 Y95.235 E6.15158
G1 X110.387 Y95.669 E6.18846
G1 X111.179 Y96.173 E6.22532
G1 X112.268 Y97.046 E6.28012
G1 X112.944 Y97.721 E6.31763
G1 X113.548 Y98.441 E6.35453
G1 X114.087 Y99.211 E6.39143
G1 X114.556 Y100.023 E6.42825
G1 X115.126 Y101.317 E6.48377
G1 X115.407 Y102.209 E6.52049
G1 X115.661 Y103.482 E6.57146
G1 X115.765 Y104.605 E6.61574
G1 X115.765 Y105.47 E6.6497
G1 X115.683 Y106.406 E6.68659
G1 X115.52 Y107.33 E6.72343
G1 X115.13 Y108.67 E6.77823
G1 X114.765 Y109.554 E6.81578
G1 X114.331 Y110.387 E6.85266
G1 X113.826 Y111.18 E6.88957
G1 X113.255 Y111.924 E6.92639
G1 X112.278 Y112.945 E6.98188
G1 X111.559 Y113.548 E7.01873
G1 X110.791 Y114.086 E7.05555
G1 X109.552 Y114.766 E7.11104
G1 X108.685 Y115.125 E7.14789
G1 X107.789 Y115.408 E7.18478
G1 X106.871 Y115.611 E7.2217
G1 X105.959 Y115.732 E7.25782
G1 X104.53 Y115.764 E7.31394
G1 X103.144 Y115.613 E7.36868
G1 X102.211 Y115.408 E7.40619
G1 X101.315 Y115.125 E7.44308
G1 X100.446 Y114.765 E7.48001
G1 X99.613 Y114.331 E7.51689
G1 X98.82 Y113.826 E7.5538
G1 X98.074 Y113.254 E7.59071
G1 X97.381 Y112.619 E7.62762
G1 X96.787 Y111.97 E7.66216
G1 X96.539 Y111.656 F7800
G92 E0
G1 X97.901 Y108.879
;TYPE:Internal infill
;WIDTH:0.45
;HEIGHT:0.4
G1 F494.289
G1 X96.68 Y106.764 E.17156
G1 X96.483 Y106.663 E.18711
G1 X95.828 Y105.965 E.25435
G1 X95.464 Y105.679 E.28687
G1 X95.44 Y104.583 E.36388
G1 X95.523 Y103.71 E.42548
G1 X96.106 Y104.267 E.48212
G1 X97.519 Y101.783 E.68288
G1 X97.138 Y101.755 E.70972
G1 X96.483 Y101.422 E.76134
G1 X96.241 Y101.165 E.78614
G1 X96.706 Y100.229 E.85956
G1 X97.292 Y99.351 E.93372
G1 X97.691 Y98.854 E.97849
G1 X98.776 Y97.829 E1.08334
G1 X99.104 Y97.715 E1.10773
G1 X99.824 Y97.795 E1.15862
G1 X100.202 Y97.347 E1.1998
G1 X100.723 Y97.036 E1.24242
G1 X101.317 Y96.914 E1.28502
G1 X101.955 Y96.914 E1.32984
G92 E0
G1 X103.978 Y95.493 F7800
G1 F494.289
G1 X102.523 Y95.757 E.10388
G1 X101.609 Y96.058 E.17148
G1 X101.724 Y96.181 E.18331
G1 X102.379 Y96.514 E.23493
G1 X103.035 Y96.561 E.28113
G1 X103.362 Y96.447 E.30546
G1 X104.362 Y95.466 E.40387
G1 X105.464 Y95.447 E.4813
G1 X106.357 Y95.532 E.54432
G1 X106.965 Y96.181 E.60679
G1 X107.621 Y96.514 E.65847
G1 X108.276 Y96.561 E.7046
G1 X108.603 Y96.447 E.72893
G1 X108.845 Y96.245 E.75107
G1 X109.784 Y96.713 E.82477
G1 X110.476 Y97.154 E.88242
G1 X111.453 Y97.937 E.97038
G1 X112.575 Y99.155 E1.08671
G1 X112.207 Y99.182 E1.11263
G1 X111.879 Y99.067 E1.13705
G1 X110.896 Y98.095 E1.23416
G1 X110.145 Y97.755 E1.29207
G1 X112.3 Y101.469 E1.59372
G1 X112.862 Y101.755 E1.63802
G1 X113.517 Y101.803 E1.68416
G1 X113.938 Y101.61 E1.71669
G1 X114.238 Y102.509 E1.78327
G1 X114.372 Y103.178 E1.8312
G1 X113.683 Y103.866 E1.8996
G1 X113.969 Y104.447 E1.94509
G1 X114.055 Y104.949 E1.98087
G1 X114.011 Y105.404 E2.01298
G1 X113.813 Y105.909 E2.05109
G1 X113.172 Y107.019 E2.14114
G1 X113.517 Y107.044 E2.16544
G1 X113.845 Y106.929 E2.18986
G1 X114.471 Y106.337 E2.25039
G1 X114.308 Y107.182 E2.31085
G1 X113.991 Y108.271 E2.39053
G1 X113.585 Y109.212 E2.46253
G1 X112.862 Y109.617 E2.52075
G1 X112.207 Y109.665 E2.56689
G1 X111.766 Y109.455 E2.6012
G1 X110.965 Y110.842 E2.71372
G1 X111.224 Y110.933 E2.733
G1 X111.909 Y111.588 E2.79958
G1 X110.812 Y112.6 E2.90443
G1 X110.154 Y113.061 E2.96087
G1 X109.226 Y113.57 E3.03522
G1 X108.258 Y113.996 E3.10952
G1 X107.477 Y114.243 E3.16706
G1 X106.262 Y114.466 E3.25384
G1 X105.655 Y113.819 E3.31616
G1 X105 Y113.486 E3.36778
G1 X104.345 Y113.439 E3.41391
G1 X104.017 Y113.553 E3.4383
G1 X103.178 Y114.372 E3.52067
G1 X102.547 Y114.247 E3.56586
G1 X101.725 Y113.991 E3.62634
G1 X100.956 Y113.672 E3.68483
G1 X99.524 Y112.846 E3.80096
G1 X98.422 Y111.938 E3.90127
G1 X99.21 Y111.145 E3.9798
G1 X98.005 Y109.058 E4.14909
G1 X97.793 Y109.284 E4.17086
G1 X97.138 Y109.617 E4.22248
G1 X96.648 Y109.653 E4.257
G1 X96.008 Y108.273 E4.36386
G1 X95.742 Y107.392 E4.42851
G92 E0
G1 X96.399 Y105.03 F7800
;TYPE:Solid infill
;WIDTH:0.528282
;HEIGHT:0.2
G1 F741.714
G1 X96.427 Y104.742 E.01355
;WIDTH:0.535484
G1 F730.869
G1 X96.585 Y104.301 E.03581
G1 X100.192 Y98.053 E.37857
;WIDTH:0.538994
G1 F725.698
G1 X100.368 Y97.817 E.39266
G1 X100.696 Y97.551 E.41287
;WIDTH:0.534184
G1 F732.804
G1 X100.901 Y97.453 E.42364
G1 X101.382 Y97.363 E.44683
G1 X108.063 Y97.364 E.76341
;WIDTH:0.537824
G1 F727.414
G1 X108.669 Y97.367 E.79234
;WIDTH:0.548572
G1 F711.952
G1 X109.109 Y97.465 E.81433
G1 X109.481 Y97.674 E.83514
;WIDTH:0.537952
G1 F727.226
G1 X109.811 Y98.06 E.85939
;WIDTH:0.53493
G1 F731.692
G1 X113.42 Y104.31 E1.20189
;WIDTH:0.545224
G1 F716.697
G1 X113.529 Y104.57 E1.21555
G1 X113.602 Y104.95 E1.2343
;WIDTH:0.533958
G1 F733.141
G1 X113.558 Y105.319 E1.2519
;WIDTH:0.535478
G1 F730.878
G1 X113.415 Y105.699 E1.27119
G1 X109.806 Y111.947 E1.61399
;WIDTH:0.53821
G1 F726.847
G1 X109.473 Y112.331 E1.63827
;WIDTH:0.55171
G1 F707.561
G1 X109.105 Y112.535 E1.65892
G1 X108.604 Y112.634 E1.68398
;WIDTH:0.539214
G1 F725.376
G1 X101.395 Y112.637 E2.02907
;WIDTH:0.536624
G1 F729.182
G1 X100.905 Y112.547 E2.05279
;WIDTH:0.559464
G1 F696.94
G1 X100.507 Y112.303 E2.07605
G1 X100.187 Y111.938 E2.10023
;WIDTH:0.535484
G1 F730.869
G1 X96.584 Y105.697 E2.4426
;WIDTH:0.534516
G1 F732.309
G1 X96.461 Y105.38 E2.45872
;WIDTH:0.519613
G1 F755.204
G1 X96.434 Y105.231 E2.46568
;LAYER_CHANGE
;Z:4.75
;HEIGHT:0.2
G92 E0
G1 Z4.75 F7800
G1 X113.24 Y105
;TYPE:Perimeter
;WIDTH:0.449999
G1 F884.349
G1 X113.245 Y105.173 E.0068
G1 X113.123 Y105.509 E.02084
G1 X109.502 Y111.78 E.30517
G1 X109.304 Y112.026 E.31757
G1 X108.943 Y112.237 E.33399
G1 X108.621 Y112.289 E.3468
G1 X101.379 Y112.289 E.63115
G1 X101.072 Y112.242 E.64334
G1 X100.832 Y112.13 E.65374
G1 X100.498 Y111.78 E.67274
G1 X96.877 Y105.509 E.95707
G1 X96.756 Y105.176 E.97098
M73 P38 R22
G1 X96.763 Y104.786 E.9863
G1 X96.962 Y104.344 E1.00533
G1 X100.498 Y98.22 E1.28299
G1 X100.742 Y97.935 E1.29772
G1 X100.889 Y97.837 E1.30466
G1 X101.379 Y97.711 E1.32453
G1 X108.621 Y97.711 E1.60888
G1 X109.091 Y97.826 E1.62788
M73 P39 R22
M73 Q39 S23
G1 X109.308 Y97.978 E1.63828
G1 X109.502 Y98.22 E1.65046
G1 X113.123 Y104.491 E1.93479
G1 X113.235 Y104.776 E1.94681
G1 X113.239 Y104.94 E1.95325
G1 X112.85 Y105.005 F7800
G1 F884.349
G1 X112.77 Y105.305 E1.96544
G1 X109.15 Y111.577 E2.24978
G1 X108.926 Y111.8 E2.26219
M73 Q39 S22
G1 X108.621 Y111.882 E2.27459
G1 X101.379 Y111.882 E2.55894
G1 X101.074 Y111.8 E2.57134
G1 X100.85 Y111.577 E2.58375
G1 X97.23 Y105.305 E2.86809
G1 X97.148 Y105 E2.88049
G1 X97.23 Y104.695 E2.89289
G1 X100.85 Y98.423 E3.17723
G1 X100.997 Y98.252 E3.18608
G1 X101.311 Y98.122 E3.19942
G1 X101.962 Y98.118 E3.22498
G1 X108.621 Y98.118 E3.48644
G1 X108.949 Y98.214 E3.49986
G1 X109.15 Y98.423 E3.51125
G1 X112.77 Y104.695 E3.79559
G1 X112.839 Y104.947 E3.80585
G1 X112.431 Y105 F7800
;TYPE:External perimeter
G1 F884.349
G1 X112.438 Y105.052 E3.80791
G1 X108.797 Y111.373 E4.09433
G1 X108.669 Y111.469 E4.10061
G1 X108.018 Y111.475 E4.12617
G1 X101.379 Y111.475 E4.38685
G1 X101.27 Y111.443 E4.39131
G1 X100.727 Y110.549 E4.43238
G1 X97.582 Y105.102 E4.67934
G1 X97.557 Y104.942 E4.6857
G1 X101.203 Y98.627 E4.97202
G1 X101.281 Y98.55 E4.97632
G1 X101.962 Y98.525 E5.00308
G1 X108.621 Y98.525 E5.26454
G1 X108.758 Y98.578 E5.27031
G1 X112.418 Y104.898 E5.55707
G1 X112.424 Y104.94 E5.55874
G1 X112.28 Y105.314 F7800
G92 E0
G1 X97.365 Y111.377
;TYPE:Perimeter
G1 F884.349
G1 X97.066 Y111.017 E.01837
G1 X96.571 Y110.301 E.05255
G1 X96.141 Y109.547 E.08663
G1 X95.644 Y108.416 E.13514
G1 X95.383 Y107.588 E.16923
G1 X95.13 Y106.328 E.21969
G1 X95.05 Y105.433 E.25497
G1 X95.05 Y104.566 E.28901
G1 X95.124 Y103.71 E.32275
G1 X95.373 Y102.45 E.37318
G1 X95.641 Y101.592 E.40847
G1 X95.973 Y100.791 E.44252
G1 X96.375 Y100.02 E.47666
G1 X96.836 Y99.296 E.51036
G1 X97.638 Y98.293 E.56078
G1 X98.272 Y97.656 E.59607
G1 X98.937 Y97.098 E.63016
G1 X99.64 Y96.606 E.66385
G1 X101.013 Y95.883 E.72478
G1 X101.641 Y95.626 E.75142
G1 X102.473 Y95.368 E.78562
G1 X103.325 Y95.184 E.81984
G1 X104.193 Y95.078 E.85417
G1 X105.409 Y95.05 E.90193
G1 X106.359 Y95.136 E.93938
G1 X107.208 Y95.29 E.97326
G1 X108.041 Y95.518 E1.00717
G1 X109.201 Y95.969 E1.05604
G1 X109.98 Y96.375 E1.09053
G1 X110.704 Y96.836 E1.12423
G1 X111.707 Y97.638 E1.17465
G1 X112.344 Y98.272 E1.20994
G1 X112.902 Y98.937 E1.24403
G1 X113.4 Y99.649 E1.27815
G1 X113.829 Y100.392 E1.31184
G1 X114.363 Y101.604 E1.36384
G1 X114.62 Y102.422 E1.39751
G1 X114.806 Y103.26 E1.43121
G1 X114.948 Y104.584 E1.48349
G1 X114.95 Y105.436 E1.51694
G1 X114.896 Y106.067 E1.54181
G1 X114.811 Y106.72 E1.56767
G1 X114.62 Y107.578 E1.60218
G1 X114.359 Y108.406 E1.63627
G1 X114.027 Y109.209 E1.67039
G1 X113.625 Y109.98 E1.70453
G1 X113.159 Y110.713 E1.73863
G1 X112.63 Y111.402 E1.77274
G1 X112.05 Y112.035 E1.80645
G1 X111.054 Y112.908 E1.85845
G1 X110.351 Y113.4 E1.89214
G1 X109.608 Y113.829 E1.92583
G1 X108.396 Y114.363 E1.97783
G1 X107.578 Y114.62 E2.0115
G1 X106.74 Y114.806 E2.0452
G1 X105.463 Y114.948 E2.09565
G1 X104.564 Y114.95 E2.13095
G1 X103.71 Y114.876 E2.16461
G1 X102.45 Y114.627 E2.21504
G1 X101.592 Y114.359 E2.25033
G1 X101.015 Y114.12 E2.27485
G1 X100.413 Y113.83 E2.30109
G1 X99.92 Y113.562 E2.32312
G1 X99.084 Y112.995 E2.36278
G1 X98.25 Y112.319 E2.40493
G1 X97.62 Y111.685 E2.44002
G1 X97.403 Y111.423 E2.45338
G1 X97.057 Y111.647 F7800
G1 F884.349
G1 X96.775 Y111.311 E2.4706
G1 X96.256 Y110.57 E2.50612
G1 X95.804 Y109.787 E2.54162
G1 X95.458 Y109.047 E2.57369
G1 X95.26 Y108.551 E2.59466
G1 X94.988 Y107.689 E2.63015
G1 X94.727 Y106.387 E2.68229
G1 X94.643 Y105.451 E2.71919
G1 X94.643 Y104.548 E2.75465
G1 X94.721 Y103.653 E2.78992
G1 X94.978 Y102.35 E2.84207
G1 X95.258 Y101.453 E2.87897
G1 X95.604 Y100.619 E2.91442
G1 X96.022 Y99.816 E2.94997
G1 X96.504 Y99.059 E2.98521
G1 X97.334 Y98.022 E3.03736
G1 X97.997 Y97.356 E3.07426
G1 X98.689 Y96.775 E3.10974
G1 X99.425 Y96.26 E3.14501
G1 X100.588 Y95.619 E3.19715
G1 X101.455 Y95.258 E3.23403
G1 X102.317 Y94.986 E3.26952
G1 X103.2 Y94.79 E3.30503
G1 X104.09 Y94.673 E3.34028
G1 X105.418 Y94.642 E3.39244
G1 X106.354 Y94.722 E3.42933
G1 X107.244 Y94.878 E3.46481
G1 X108.118 Y95.113 E3.50035
G1 X108.895 Y95.394 E3.53279
G1 X109.376 Y95.601 E3.55335
G1 X110.184 Y96.022 E3.58912
G1 X110.941 Y96.504 E3.62436
G1 X111.978 Y97.334 E3.67651
G1 X112.644 Y97.997 E3.71341
G1 X113.225 Y98.689 E3.74889
G1 X113.744 Y99.43 E3.78441
G1 X114.193 Y100.207 E3.81965
G1 X114.744 Y101.461 E3.87343
G1 X115.014 Y102.317 E3.90867
G1 X115.209 Y103.194 E3.94395
G1 X115.355 Y104.582 E3.99875
G1 X115.357 Y105.453 E4.03295
G1 X115.286 Y106.276 E4.06538
G1 X115.211 Y106.795 E4.08597
G1 X115.014 Y107.683 E4.12168
G1 X114.742 Y108.546 E4.15721
G1 X114.396 Y109.381 E4.1927
G1 X113.978 Y110.184 E4.22825
G1 X113.492 Y110.946 E4.26374
G1 X112.942 Y111.664 E4.29925
G1 X112.335 Y112.326 E4.33452
G1 X111.306 Y113.229 E4.38827
G1 X110.57 Y113.744 E4.42354
G1 X109.793 Y114.193 E4.45878
G1 X108.539 Y114.744 E4.51256
G1 X107.683 Y115.014 E4.5478
G1 X106.806 Y115.209 E4.58308
G1 X105.486 Y115.355 E4.63523
G1 X104.547 Y115.357 E4.6721
G1 X103.653 Y115.279 E4.70734
G1 X102.35 Y115.022 E4.75949
G1 X101.453 Y114.742 E4.79639
G1 X100.619 Y114.396 E4.83184
G1 X99.816 Y113.978 E4.86739
G1 X99.059 Y113.496 E4.90263
G1 X98.022 Y112.666 E4.95478
G1 X97.356 Y112.003 E4.99168
G1 X97.095 Y111.693 E5.00759
G1 X96.751 Y111.915 F7800
;TYPE:External perimeter
G1 F884.349
G1 X96.452 Y111.559 E5.02584
G1 X95.913 Y110.789 E5.06274
G1 X95.443 Y109.975 E5.09965
G1 X95.061 Y109.159 E5.13503
G1 X94.876 Y108.687 E5.15494
G1 X94.593 Y107.79 E5.19187
G1 X94.324 Y106.445 E5.24573
G1 X94.235 Y105.47 E5.28417
G1 X94.235 Y104.53 E5.32108
G1 X94.317 Y103.595 E5.35793
G1 X94.583 Y102.25 E5.41176
G1 X94.875 Y101.315 E5.45022
G1 X95.235 Y100.446 E5.48715
G1 X95.669 Y99.613 E5.52403
G1 X96.173 Y98.821 E5.56089
G1 X97.03 Y97.75 E5.61475
G1 X97.721 Y97.056 E5.6532
G1 X98.441 Y96.452 E5.6901
G1 X99.209 Y95.914 E5.72692
G1 X100.411 Y95.252 E5.7808
G1 X101.315 Y94.875 E5.81926
G1 X102.211 Y94.592 E5.85615
G1 X103.129 Y94.389 E5.89307
G1 X104.059 Y94.266 E5.9299
G1 X105.431 Y94.235 E5.98378
G1 X106.407 Y94.317 E6.02224
G1 X107.332 Y94.481 E6.05913
G1 X108.24 Y94.724 E6.09604
G1 X109.087 Y95.031 E6.13141
G1 X109.552 Y95.234 E6.15133
G1 X110.387 Y95.669 E6.1883
G1 X111.179 Y96.173 E6.22516
G1 X112.25 Y97.03 E6.27902
G1 X112.944 Y97.721 E6.31747
G1 X113.548 Y98.441 E6.35437
G1 X114.087 Y99.211 E6.39127
G1 X114.556 Y100.023 E6.42809
G1 X115.126 Y101.317 E6.48361
G1 X115.408 Y102.211 E6.52042
G1 X115.611 Y103.127 E6.55726
G1 X115.762 Y104.581 E6.61466
G1 X115.765 Y105.47 E6.64957
G1 X115.687 Y106.368 E6.68496
G1 X115.612 Y106.869 E6.70485
G1 X115.408 Y107.789 E6.74185
G1 X115.125 Y108.685 E6.77874
G1 X114.765 Y109.554 E6.81567
G1 X114.331 Y110.387 E6.85255
G1 X113.826 Y111.18 E6.88946
G1 X113.254 Y111.926 E6.92637
G1 X112.62 Y112.617 E6.96319
G1 X111.557 Y113.549 E7.0187
G1 X110.789 Y114.087 E7.05552
G1 X109.977 Y114.556 E7.09234
G1 X108.683 Y115.126 E7.14786
G1 X107.789 Y115.408 E7.18467
G1 X106.873 Y115.611 E7.22151
G1 X105.509 Y115.762 E7.27539
G1 X104.53 Y115.765 E7.31383
G1 X103.595 Y115.683 E7.35068
G1 X102.25 Y115.417 E7.40451
G1 X101.315 Y115.125 E7.44297
G1 X100.446 Y114.765 E7.4799
G1 X99.613 Y114.331 E7.51678
G1 X98.821 Y113.827 E7.55364
G1 X97.75 Y112.97 E7.6075
G1 X97.056 Y112.279 E7.64595
G1 X96.789 Y111.961 E7.66225
G1 X96.532 Y111.655 F7800
G92 E0
G1 X101.382 Y97.365
;TYPE:Solid infill
;WIDTH:0.539558
G1 F724.874
G1 X108.72 Y97.366 E.35151
G1 X109.26 Y97.528 E.37852
;WIDTH:0.554868
G1 F703.196
G1 X109.57 Y97.764 E.39776
G1 X109.813 Y98.069 E.41702
;WIDTH:0.543232
G1 F719.551
G1 X113.42 Y104.31 E.76488
;WIDTH:0.543968
G1 F718.494
G1 X113.53 Y104.57 E.77852
G1 X113.602 Y104.95 E.79721
;WIDTH:0.53381
G1 F733.362
G1 X113.558 Y105.318 E.81476
;WIDTH:0.535476
G1 F730.881
G1 X113.415 Y105.699 E.83409
G1 X109.791 Y111.973 E1.17832
;WIDTH:0.532732
G1 F734.976
M73 P40 R22
M73 Q40 S22
G1 X109.519 Y112.29 E1.19805
;WIDTH:0.543256
G1 F719.516
G1 X109.107 Y112.539 E1.22128
G1 X108.604 Y112.637 E1.24601
;WIDTH:0.534516
G1 F732.309
G1 X101.395 Y112.637 E1.58784
;WIDTH:0.536626
G1 F729.179
G1 X100.905 Y112.547 E1.61156
;WIDTH:0.559424
G1 F696.994
G1 X100.507 Y112.303 E1.63482
G1 X100.187 Y111.938 E1.659
;WIDTH:0.535484
G1 F730.869
G1 X96.584 Y105.697 E2.00137
;WIDTH:0.534518
G1 F732.306
G1 X96.461 Y105.382 E2.0174
;WIDTH:0.528306
G1 F741.678
G1 X96.399 Y105.031 E2.03409
G1 X96.427 Y104.742 E2.04768
;WIDTH:0.535484
G1 F730.869
G1 X96.585 Y104.301 E2.06994
G1 X100.188 Y98.06 E2.41231
;WIDTH:0.540948
G1 F722.851
G1 X100.501 Y97.692 E2.43552
;WIDTH:0.558648
G1 F698.042
G1 X100.894 Y97.469 E2.458
G1 X101.183 Y97.407 E2.4727
;LAYER_CHANGE
;Z:4.95
;HEIGHT:0.2
G92 E0
G1 Z4.95 F7800
G1 X113.238 Y105
;TYPE:Perimeter
;WIDTH:0.449999
G1 F884.349
G1 X113.237 Y105.214 E.0084
G1 X113.039 Y105.655 E.02738
G1 X109.502 Y111.78 E.30509
G1 X109.304 Y112.026 E.31749
G1 X108.943 Y112.237 E.33391
G1 X108.621 Y112.289 E.34672
G1 X101.379 Y112.289 E.63107
G1 X101.072 Y112.242 E.64326
G1 X100.832 Y112.13 E.65366
G1 X100.498 Y111.78 E.67266
G1 X96.877 Y105.509 E.95699
G1 X96.756 Y105.176 E.9709
G1 X96.763 Y104.786 E.98622
G1 X96.962 Y104.343 E1.00529
G1 X100.498 Y98.22 E1.28292
G1 X100.741 Y97.936 E1.2976
G1 X100.888 Y97.837 E1.30456
G1 X101.379 Y97.711 E1.32446
G1 X108.621 Y97.711 E1.60881
G1 X109.091 Y97.826 E1.62781
G1 X109.308 Y97.978 E1.63821
G1 X109.502 Y98.22 E1.65039
G1 X113.123 Y104.491 E1.93472
G1 X113.239 Y104.797 E1.94757
G1 X113.238 Y104.94 E1.95318
G1 X112.851 Y105.005 F7800
G1 F884.349
G1 X112.77 Y105.305 E1.96538
G1 X109.15 Y111.577 E2.24972
G1 X108.926 Y111.8 E2.26213
G1 X108.621 Y111.882 E2.27453
G1 X101.379 Y111.882 E2.55888
G1 X101.074 Y111.8 E2.57128
G1 X100.85 Y111.577 E2.58369
G1 X97.23 Y105.305 E2.86803
G1 X97.148 Y105 E2.88043
G1 X97.23 Y104.695 E2.89283
G1 X100.85 Y98.423 E3.17717
G1 X100.996 Y98.253 E3.18597
G1 X101.304 Y98.123 E3.1991
G1 X101.963 Y98.118 E3.22498
G1 X108.621 Y98.118 E3.4864
G1 X108.949 Y98.214 E3.49982
G1 X109.15 Y98.423 E3.51121
G1 X112.77 Y104.695 E3.79555
G1 X112.838 Y104.947 E3.8058
G1 X112.431 Y105 F7800
;TYPE:External perimeter
G1 F884.349
G1 X112.44 Y105.064 E3.80834
G1 X108.797 Y111.373 E4.09439
G1 X108.669 Y111.469 E4.10067
G1 X108.018 Y111.475 E4.12623
G1 X101.379 Y111.475 E4.38691
G1 X101.27 Y111.443 E4.39137
G1 X100.738 Y110.567 E4.43161
G1 X97.582 Y105.102 E4.6794
G1 X97.557 Y104.942 E4.68576
G1 X101.203 Y98.627 E4.97208
G1 X101.281 Y98.55 E4.97638
G1 X101.963 Y98.525 E5.00318
G1 X108.621 Y98.525 E5.2646
G1 X108.758 Y98.578 E5.27037
G1 X112.418 Y104.898 E5.55713
G1 X112.423 Y104.94 E5.55879
G1 X112.286 Y105.316 F7800
G92 E0
G1 X97.363 Y111.378
;TYPE:Perimeter
G1 F884.349
G1 X97.098 Y111.063 E.01616
G1 X96.6 Y110.351 E.05028
G1 X96.165 Y109.598 E.08443
G1 X95.836 Y108.895 E.11491
G1 X95.643 Y108.415 E.13522
G1 X95.382 Y107.587 E.16931
G1 X95.134 Y106.351 E.21881
G1 X95.05 Y105.432 E.25504
G1 X95.05 Y104.566 E.28904
G1 X95.124 Y103.71 E.32278
G1 X95.368 Y102.472 E.37232
G1 X95.642 Y101.592 E.40851
G1 X95.973 Y100.791 E.44254
G1 X96.375 Y100.02 E.47668
G1 X96.836 Y99.296 E.51038
G1 X97.623 Y98.31 E.55992
G1 X98.273 Y97.655 E.59615
G1 X98.937 Y97.098 E.63018
G1 X99.641 Y96.606 E.6639
G1 X100.745 Y95.997 E.71341
G1 X101.596 Y95.64 E.74965
G1 X102.422 Y95.38 E.78365
G1 X103.27 Y95.191 E.81776
G1 X104.122 Y95.079 E.8515
G1 X105.383 Y95.049 E.90103
G1 X106.302 Y95.126 E.93724
G1 X107.156 Y95.276 E.97129
G1 X107.984 Y95.498 E1.00495
G1 X109.219 Y95.978 E1.05698
G1 X109.98 Y96.375 E1.09068
G1 X110.704 Y96.836 E1.12438
G1 X111.69 Y97.623 E1.17392
G1 X112.345 Y98.273 E1.21015
G1 X112.902 Y98.937 E1.24418
G1 X113.4 Y99.649 E1.2783
G1 X113.829 Y100.392 E1.31199
G1 X114.363 Y101.604 E1.36399
G1 X114.62 Y102.422 E1.39766
G1 X114.806 Y103.26 E1.43136
G1 X114.95 Y104.624 E1.48521
G1 X114.95 Y105.434 E1.51701
G1 X114.876 Y106.289 E1.55071
G1 X114.617 Y107.588 E1.60272
G1 X114.359 Y108.406 E1.6364
G1 X114.031 Y109.199 E1.6701
G1 X113.394 Y110.361 E1.72213
G1 X112.902 Y111.063 E1.75579
G1 X112.343 Y111.729 E1.78993
G1 X111.729 Y112.343 E1.82402
G1 X111.063 Y112.902 E1.85816
G1 X110.351 Y113.4 E1.89228
G1 X109.608 Y113.829 E1.92597
G1 X108.396 Y114.363 E1.97797
G1 X107.578 Y114.62 E2.01164
G1 X106.729 Y114.809 E2.04579
G1 X105.959 Y114.911 E2.07629
G1 X105.443 Y114.95 E2.09661
G1 X104.566 Y114.95 E2.13105
G1 X103.71 Y114.876 E2.16479
G1 X102.472 Y114.632 E2.21433
G1 X101.592 Y114.358 E2.25052
G1 X100.791 Y114.027 E2.28455
G1 X100.02 Y113.625 E2.31869
G1 X99.296 Y113.164 E2.35239
G1 X98.31 Y112.377 E2.40193
G1 X97.655 Y111.727 E2.43816
G1 X97.401 Y111.424 E2.45368
G1 X97.057 Y111.647 F7800
G1 F884.349
G1 X96.775 Y111.311 E2.4709
G1 X96.256 Y110.57 E2.50642
G1 X95.804 Y109.787 E2.54192
G1 X95.445 Y109.02 E2.57517
G1 X95.259 Y108.551 E2.59498
G1 X94.988 Y107.689 E2.63046
G1 X94.731 Y106.41 E2.68168
G1 X94.643 Y105.451 E2.71949
G1 X94.643 Y104.548 E2.75495
G1 X94.721 Y103.653 E2.79022
G1 X94.973 Y102.373 E2.84144
G1 X95.258 Y101.453 E2.87926
G1 X95.604 Y100.619 E2.91471
G1 X96.022 Y99.816 E2.95026
G1 X96.504 Y99.058 E2.98553
G1 X97.319 Y98.039 E3.03676
G1 X97.997 Y97.356 E3.07455
G1 X98.689 Y96.775 E3.11003
G1 X99.425 Y96.26 E3.1453
G1 X100.567 Y95.63 E3.19651
G1 X101.455 Y95.258 E3.23431
G1 X102.317 Y94.986 E3.2698
G1 X103.2 Y94.79 E3.30531
G1 X104.091 Y94.673 E3.3406
G1 X105.395 Y94.642 E3.39182
G1 X106.355 Y94.722 E3.42964
G1 X107.244 Y94.878 E3.46508
G1 X108.111 Y95.111 E3.50033
G1 X109.387 Y95.607 E3.55408
G1 X110.184 Y96.022 E3.58936
G1 X110.942 Y96.504 E3.62463
G1 X111.961 Y97.319 E3.67586
G1 X112.644 Y97.997 E3.71365
G1 X113.225 Y98.689 E3.74913
G1 X113.744 Y99.43 E3.78465
G1 X114.193 Y100.207 E3.81989
G1 X114.744 Y101.461 E3.87367
G1 X115.014 Y102.317 E3.90891
G1 X115.208 Y103.193 E3.94414
G1 X115.357 Y104.624 E4.00063
G1 X115.357 Y105.452 E4.03314
G1 X115.279 Y106.347 E4.06841
G1 X115.012 Y107.69 E4.12217
G1 X114.742 Y108.546 E4.15741
G1 X114.398 Y109.375 E4.19265
G1 X113.74 Y110.576 E4.24642
G1 X113.225 Y111.311 E4.28166
G1 X112.644 Y112.004 E4.31717
G1 X112.004 Y112.644 E4.35271
G1 X111.311 Y113.225 E4.38822
G1 X110.57 Y113.744 E4.42374
G1 X109.793 Y114.193 E4.45898
G1 X108.539 Y114.744 E4.51276
G1 X107.683 Y115.014 E4.548
G1 X106.8 Y115.21 E4.58351
G1 X105.96 Y115.322 E4.61678
G1 X105.457 Y115.357 E4.63658
G1 X104.548 Y115.357 E4.67227
G1 X103.653 Y115.279 E4.70754
G1 X102.373 Y115.027 E4.75876
G1 X101.453 Y114.742 E4.79658
G1 X100.619 Y114.396 E4.83203
G1 X99.816 Y113.978 E4.86758
G1 X99.058 Y113.496 E4.90285
G1 X98.039 Y112.681 E4.95408
G1 X97.356 Y112.003 E4.99187
G1 X97.095 Y111.693 E5.00778
G1 X96.751 Y111.915 F7800
;TYPE:External perimeter
G1 F884.349
G1 X96.452 Y111.559 E5.02603
G1 X95.913 Y110.789 E5.06293
G1 X95.443 Y109.975 E5.09984
G1 X95.071 Y109.181 E5.13427
G1 X94.876 Y108.687 E5.15512
G1 X94.593 Y107.79 E5.19205
G1 X94.327 Y106.469 E5.24496
G1 X94.235 Y105.47 E5.28435
G1 X94.235 Y104.53 E5.32126
G1 X94.317 Y103.595 E5.35811
G1 X94.578 Y102.273 E5.41102
G1 X94.875 Y101.314 E5.45044
G1 X95.235 Y100.446 E5.48734
G1 X95.669 Y99.613 E5.52422
G1 X96.173 Y98.821 E5.56108
G1 X97.015 Y97.768 E5.61402
G1 X97.721 Y97.056 E5.65339
M73 Q41 S22
G1 X98.441 Y96.452 E5.69029
G1 X99.209 Y95.914 E5.72711
G1 X100.39 Y95.263 E5.78006
M73 P41 R22
G1 X101.315 Y94.875 E5.81945
G1 X102.211 Y94.592 E5.85634
G1 X103.129 Y94.389 E5.89326
G1 X104.059 Y94.266 E5.93009
G1 X105.407 Y94.234 E5.98303
G1 X106.407 Y94.317 E6.02243
G1 X107.332 Y94.481 E6.05932
G1 X108.238 Y94.723 E6.09614
G1 X109.556 Y95.236 E6.15167
G1 X110.387 Y95.669 E6.18846
G1 X111.179 Y96.173 E6.22532
G1 X112.232 Y97.015 E6.27826
G1 X112.944 Y97.721 E6.31763
G1 X113.548 Y98.441 E6.35453
G1 X114.087 Y99.211 E6.39143
G1 X114.556 Y100.023 E6.42825
G1 X115.126 Y101.317 E6.48377
G1 X115.408 Y102.211 E6.52058
G1 X115.611 Y103.127 E6.55742
G1 X115.765 Y104.624 E6.61651
G1 X115.765 Y105.47 E6.64973
G1 X115.683 Y106.404 E6.68654
G1 X115.407 Y107.791 E6.74207
G1 X115.125 Y108.685 E6.77888
G1 X114.766 Y109.552 E6.81573
G1 X114.086 Y110.791 E6.87122
G1 X113.548 Y111.559 E6.90804
G1 X112.944 Y112.279 E6.94494
G1 X112.279 Y112.944 E6.98187
G1 X111.559 Y113.548 E7.01877
G1 X110.789 Y114.087 E7.05567
G1 X109.977 Y114.556 E7.09249
G1 X108.683 Y115.126 E7.14801
G1 X107.789 Y115.408 E7.18482
G1 X106.871 Y115.611 E7.22174
G1 X106.002 Y115.727 E7.25616
G1 X105.472 Y115.765 E7.27702
G1 X104.53 Y115.765 E7.31401
G1 X103.595 Y115.683 E7.35086
G1 X102.273 Y115.422 E7.40377
G1 X101.314 Y115.125 E7.44319
G1 X100.446 Y114.765 E7.48009
G1 X99.613 Y114.331 E7.51697
G1 X98.821 Y113.827 E7.55383
G1 X97.768 Y112.985 E7.60677
G1 X97.056 Y112.279 E7.64614
G1 X96.789 Y111.961 E7.66244
G1 X96.532 Y111.655 F7800
G92 E0
G1 X97.765 Y108.642
;TYPE:Internal infill
;WIDTH:0.45
;HEIGHT:0.4
G1 F494.289
G1 X96.544 Y106.527 E.17156
G1 X96.369 Y106.31 E.19114
G1 X95.966 Y105.289 E.26825
G1 X95.948 Y104.891 E.29624
G1 X96.046 Y104.399 E.33148
G1 X97.385 Y102.015 E.52356
G1 X96.896 Y101.724 E.56353
G1 X96.369 Y101.069 E.62259
G1 X96.288 Y100.847 E.63919
G1 X97.085 Y99.474 E.75072
G1 X97.865 Y98.501 E.83832
G1 X98.48 Y97.88 E.89972
G1 X99.177 Y97.303 E.96328
G1 X99.878 Y97.72 E1.02058
G1 X98.647 Y99.829 E1.19213
G92 E0
G1 X95.953 Y101.639 F7800
G1 F494.289
G1 X95.667 Y102.538 E.06627
G1 X95.427 Y103.753 E.15327
G1 X95.404 Y104.012 E.17154
G1 X95.526 Y104.345 E.19645
G1 X95.562 Y104.672 E.21956
G1 X95.355 Y105.017 E.24782
G1 X95.436 Y106.297 E.33792
G1 X95.679 Y107.511 E.42489
G1 X95.931 Y108.313 E.48395
G1 X96.436 Y109.457 E.5718
G1 X96.733 Y109.971 E.6135
G1 X97.38 Y109.586 E.66639
G1 X97.916 Y108.905 E.72727
G1 X99.255 Y111.223 E.91532
G1 X98.99 Y111.552 E.945
G1 X98.737 Y112.325 E1.00214
G1 X99.474 Y112.915 E1.06846
G1 X100.92 Y113.75 E1.18576
G1 X101.695 Y114.071 E1.24469
G1 X102.953 Y114.415 E1.33631
G1 X103.148 Y114.172 E1.3582
G1 X103.388 Y113.517 E1.40721
G1 X103.424 Y113.19 E1.43032
G1 X103.366 Y113.087 E1.43862
G1 X104.519 Y113.087 E1.51962
G1 X105.242 Y113.517 E1.57871
G1 X105.769 Y114.172 E1.63777
G1 X105.922 Y114.59 E1.66904
G1 X106.69 Y114.505 E1.72332
G1 X107.499 Y114.325 E1.78154
G1 X108.451 Y114.005 E1.85209
G1 X108.63 Y113.517 E1.88861
G1 X108.666 Y113.19 E1.91172
G1 X108.608 Y113.087 E1.92002
G1 X109.103 Y113.021 E1.9551
G1 X109.43 Y112.891 E1.97982
G1 X110.018 Y113.24 E2.02785
G1 X110.865 Y112.668 E2.09965
G1 X112.089 Y111.54 E2.21658
G1 X111.853 Y110.896 E2.26476
G1 X111.817 Y110.569 E2.28787
G1 X112.002 Y110.241 E2.31432
G1 X113.104 Y109.586 E2.40438
G1 X113.631 Y108.931 E2.46344
G1 X113.871 Y108.276 E2.51245
G1 X113.907 Y107.948 E2.53563
G1 X113.722 Y107.621 E2.56202
G1 X113.054 Y107.224 E2.61661
G1 X113.813 Y105.909 E2.72327
G1 X114.011 Y105.404 E2.76138
G1 X114.055 Y104.949 E2.79349
G1 X113.969 Y104.447 E2.82927
G1 X113.602 Y103.725 E2.88617
G1 X113.871 Y103.035 E2.9382
G1 X113.907 Y102.707 E2.96138
G1 X113.722 Y102.379 E2.98783
G1 X112.62 Y101.724 E3.07789
G1 X112.093 Y101.069 E3.13695
G1 X111.853 Y100.414 E3.18596
G1 X111.817 Y100.086 E3.20914
G1 X112.002 Y99.759 E3.23553
G1 X112.78 Y99.296 E3.29913
G1 X112.12 Y98.48 E3.37286
G1 X111.493 Y97.858 E3.4349
G1 X110.526 Y97.085 E3.52187
G1 X109.279 Y96.354 E3.62341
G1 X109.196 Y96.81 E3.65597
G1 X109.342 Y97.067 E3.67673
G1 X110.483 Y97.793 E3.77173
G1 X111.01 Y98.448 E3.83079
G1 X111.25 Y99.104 E3.87986
G1 X111.286 Y99.431 E3.90297
G1 X111.205 Y99.574 E3.91452
G1 X111.492 Y100.07 E3.95478
G92 E0
G1 X105.661 Y96.913 F7800
G1 F494.289
G1 X108.103 Y96.914 E.17155
G1 X107.379 Y96.483 E.23074
G1 X106.852 Y95.828 E.2898
G1 X106.736 Y95.512 E.31345
G1 X106.263 Y95.429 E.34719
G1 X105.444 Y95.361 E.40492
G1 X104.594 Y95.376 E.46464
G1 X104.231 Y95.828 E.50536
G1 X103.991 Y96.483 E.55437
G1 X103.955 Y96.81 E.57748
G1 X104.013 Y96.913 E.58578
G1 X102.862 Y96.914 E.66664
G1 X102.137 Y96.483 E.72589
G1 X101.693 Y95.93 E.77571
G1 X102.501 Y95.675 E.83523
M73 P41 R21
G1 X104.07 Y95.394 E.94721
;LAYER_CHANGE
;Z:5.15
;HEIGHT:0.2
G92 E0
G1 Z5.15 F7800
G1 X113.238 Y105
;TYPE:Perimeter
;WIDTH:0.449999
G1 F884.349
G1 X113.237 Y105.214 E.0084
G1 X113.028 Y105.673 E.0282
G1 X109.502 Y111.78 E.30509
G1 X109.257 Y112.066 E.31988
G1 X108.949 Y112.235 E.33367
G1 X108.621 Y112.289 E.34672
G1 X101.379 Y112.289 E.63107
G1 X101.072 Y112.242 E.64326
G1 X100.832 Y112.13 E.65366
G1 X100.498 Y111.78 E.67266
G1 X96.877 Y105.509 E.95699
G1 X96.747 Y105.112 E.97339
M73 Q41 S21
G1 X96.766 Y104.775 E.98664
G1 X96.963 Y104.343 E1.00528
G1 X100.498 Y98.22 E1.28289
G1 X100.741 Y97.936 E1.29757
G1 X100.887 Y97.838 E1.30447
G1 X101.379 Y97.711 E1.32442
G1 X108.621 Y97.711 E1.60877
G1 X109.139 Y97.853 E1.62986
G1 X109.439 Y98.123 E1.64571
G1 X113.123 Y104.491 E1.93457
G1 X113.239 Y104.797 E1.94742
G1 X113.238 Y104.94 E1.95303
G1 X112.851 Y104.995 F7800
G1 F884.349
G1 X112.852 Y105 E1.95323
G1 X112.77 Y105.305 E1.96563
G1 X109.15 Y111.577 E2.24997
G1 X108.915 Y111.807 E2.26288
G1 X108.621 Y111.882 E2.27479
G1 X101.379 Y111.882 E2.55914
G1 X101.074 Y111.8 E2.57154
G1 X100.85 Y111.577 E2.58395
G1 X97.23 Y105.305 E2.86829
G1 X97.148 Y105.013 E2.8802
G1 X97.23 Y104.695 E2.89309
G1 X100.85 Y98.423 E3.17743
G1 X100.996 Y98.253 E3.18623
G1 X101.315 Y98.118 E3.19983
G1 X108.621 Y98.118 E3.4867
G1 X108.949 Y98.214 E3.50012
G1 X109.15 Y98.423 E3.51151
G1 X112.77 Y104.695 E3.79585
G1 X112.835 Y104.937 E3.80569
G1 X112.431 Y105 F7800
;TYPE:External perimeter
G1 F884.349
G1 X112.438 Y105.053 E3.80779
G1 X108.797 Y111.373 E4.09418
G1 X108.686 Y111.464 E4.09982
G1 X108.041 Y111.475 E4.12515
G1 X101.379 Y111.475 E4.38673
G1 X101.27 Y111.443 E4.39119
G1 X100.924 Y110.891 E4.41677
G1 X97.582 Y105.102 E4.67923
G1 X97.558 Y104.941 E4.68562
M73 P42 R21
M73 Q42 S21
G1 X101.203 Y98.627 E4.97188
G1 X101.307 Y98.525 E4.9776
G1 X108.621 Y98.525 E5.26478
G1 X108.758 Y98.578 E5.27055
G1 X112.418 Y104.898 E5.55731
G1 X112.423 Y104.94 E5.55897
G1 X112.28 Y105.314 F7800
G92 E0
G1 X97.363 Y111.378
;TYPE:Perimeter
G1 F884.349
G1 X97.098 Y111.063 E.01616
G1 X96.6 Y110.351 E.05028
G1 X96.165 Y109.598 E.08443
G1 X95.828 Y108.879 E.11561
G1 X95.643 Y108.414 E.13526
G1 X95.382 Y107.587 E.16931
G1 X95.143 Y106.403 E.21674
G1 X95.08 Y105.887 E.23715
G1 X95.051 Y104.554 E.2895
G1 X95.125 Y103.709 E.32281
G1 X95.355 Y102.531 E.36994
G1 X95.495 Y102.023 E.39063
G1 X95.978 Y100.781 E.44295
G1 X96.375 Y100.02 E.47665
G1 X96.836 Y99.295 E.51038
G1 X97.584 Y98.358 E.55746
G1 X97.944 Y97.97 E.57824
G1 X98.946 Y97.092 E.63055
G1 X99.641 Y96.605 E.66387
G1 X100.702 Y96.019 E.71146
G1 X101.171 Y95.805 E.7317
G1 X102.433 Y95.377 E.78402
G1 X103.27 Y95.191 E.81769
G1 X104.123 Y95.079 E.85147
G1 X105.317 Y95.05 E.89837
G1 X105.849 Y95.076 E.91928
G1 X107.157 Y95.278 E.97125
G1 X108.304 Y95.608 E1.01811
G1 X108.794 Y95.791 E1.03865
G1 X109.989 Y96.38 E1.09096
G1 X110.705 Y96.836 E1.12429
G1 X111.645 Y97.587 E1.17153
G1 X112.03 Y97.944 E1.19215
G1 X112.908 Y98.946 E1.24446
G1 X113.4 Y99.649 E1.27815
G1 X113.829 Y100.392 E1.31184
G1 X114.363 Y101.604 E1.36384
G1 X114.62 Y102.422 E1.39751
G1 X114.806 Y103.26 E1.43121
G1 X114.95 Y104.624 E1.48506
G1 X114.95 Y105.434 E1.51686
G1 X114.875 Y106.3 E1.55099
G1 X114.725 Y107.146 E1.58473
G1 X114.394 Y108.297 E1.63176
G1 X114.209 Y108.794 E1.65258
G1 X113.624 Y109.979 E1.70447
G1 X112.895 Y111.072 E1.75606
G1 X112.343 Y111.729 E1.78975
G1 X111.729 Y112.343 E1.82384
G1 X111.063 Y112.902 E1.85798
G1 X110.36 Y113.394 E1.89167
G1 X109.199 Y114.031 E1.94367
G1 X108.406 Y114.359 E1.97737
G1 X107.578 Y114.62 E2.01146
G1 X106.739 Y114.806 E2.0452
G1 X105.552 Y114.94 E2.0921
G1 X105.008 Y114.96 E2.11347
G1 X104.131 Y114.922 E2.14794
G1 X103.382 Y114.825 E2.17759
G1 X102.863 Y114.728 E2.19832
G1 X101.583 Y114.355 E2.25067
G1 X100.791 Y114.027 E2.28433
G1 X100.02 Y113.625 E2.31847
G1 X99.287 Y113.159 E2.35257
G1 X98.607 Y112.636 E2.38625
G1 X97.65 Y111.72 E2.43826
G1 X97.401 Y111.424 E2.45345
G1 X97.057 Y111.647 F7800
G1 F884.349
G1 X96.775 Y111.311 E2.47067
G1 X96.256 Y110.57 E2.50619
G1 X95.804 Y109.786 E2.54172
G1 X95.454 Y109.041 E2.57404
G1 X95.259 Y108.55 E2.59478
G1 X94.988 Y107.689 E2.63022
G1 X94.733 Y106.426 E2.68081
G1 X94.673 Y105.915 E2.70101
G1 X94.643 Y104.541 E2.75497
G1 X94.721 Y103.652 E2.79001
G1 X94.969 Y102.388 E2.84059
G1 X95.109 Y101.893 E2.86079
G1 X95.607 Y100.613 E2.91472
G1 X96.022 Y99.816 E2.95
G1 X96.505 Y99.058 E2.98529
G1 X97.308 Y98.051 E3.03586
G1 X97.661 Y97.677 E3.05605
G1 X98.694 Y96.771 E3.11
G1 X99.425 Y96.259 E3.14504
G1 X100.553 Y95.637 E3.19562
G1 X101.022 Y95.426 E3.21581
G1 X102.323 Y94.985 E3.26975
G1 X103.2 Y94.79 E3.30503
G1 X104.091 Y94.673 E3.34032
G1 X105.379 Y94.641 E3.39091
G1 X105.892 Y94.671 E3.41109
G1 X107.245 Y94.879 E3.46484
G1 X108.476 Y95.234 E3.51514
G1 X108.957 Y95.418 E3.53536
G1 X110.189 Y96.025 E3.58929
G1 X110.942 Y96.505 E3.62435
G1 X111.949 Y97.308 E3.67492
G1 X112.323 Y97.661 E3.69511
G1 X113.229 Y98.694 E3.74906
G1 X113.744 Y99.43 E3.78433
G1 X114.193 Y100.207 E3.81957
G1 X114.744 Y101.461 E3.87335
G1 X115.014 Y102.317 E3.90859
G1 X115.208 Y103.193 E3.94382
G1 X115.357 Y104.624 E4.00031
G1 X115.357 Y105.452 E4.03282
G1 X115.279 Y106.353 E4.06833
G1 X115.123 Y107.238 E4.10361
G1 X114.766 Y108.476 E4.1542
G1 X114.582 Y108.957 E4.17442
G1 X113.978 Y110.183 E4.22808
G1 X113.221 Y111.316 E4.28158
G1 X112.644 Y112.004 E4.31684
G1 X112.004 Y112.644 E4.35238
G1 X111.311 Y113.225 E4.38789
G1 X110.576 Y113.74 E4.42313
G1 X109.375 Y114.399 E4.47692
G1 X108.546 Y114.742 E4.51215
G1 X107.683 Y115.014 E4.54768
G1 X106.806 Y115.209 E4.58296
G1 X105.525 Y115.353 E4.63357
G1 X105.004 Y115.368 E4.65404
G1 X104.096 Y115.328 E4.68973
G1 X103.279 Y115.222 E4.72208
G1 X102.767 Y115.124 E4.74255
G1 X101.448 Y114.74 E4.79649
G1 X100.619 Y114.396 E4.83173
G1 X99.816 Y113.978 E4.86728
G1 X99.054 Y113.492 E4.90277
G1 X98.341 Y112.946 E4.93803
G1 X97.352 Y111.999 E4.99179
G1 X97.095 Y111.693 E5.00748
G1 X96.751 Y111.915 F7800
;TYPE:External perimeter
G1 F884.349
G1 X96.452 Y111.559 E5.02573
G1 X95.913 Y110.789 E5.06263
G1 X95.443 Y109.975 E5.09954
G1 X95.08 Y109.203 E5.13304
G1 X94.876 Y108.687 E5.15483
G1 X94.593 Y107.79 E5.19176
G1 X94.33 Y106.49 E5.24384
G1 X94.267 Y105.943 E5.26546
G1 X94.236 Y104.528 E5.32103
G1 X94.317 Y103.595 E5.3578
G1 X94.572 Y102.293 E5.40989
G1 X94.723 Y101.763 E5.43153
G1 X95.236 Y100.444 E5.4871
G1 X95.669 Y99.613 E5.52389
G1 X96.173 Y98.821 E5.56075
G1 X97 Y97.784 E5.61283
G1 X97.378 Y97.384 E5.63444
G1 X98.443 Y96.451 E5.69003
G1 X99.209 Y95.914 E5.72676
G1 X100.371 Y95.272 E5.77889
G1 X100.873 Y95.047 E5.80049
G1 X102.213 Y94.592 E5.85605
G1 X103.129 Y94.389 E5.89289
G1 X104.059 Y94.266 E5.92972
G1 X105.386 Y94.234 E5.98184
G1 X105.935 Y94.266 E6.00343
G1 X107.333 Y94.481 E6.05897
G1 X108.605 Y94.848 E6.11095
G1 X109.12 Y95.044 E6.13259
G1 X110.389 Y95.67 E6.18815
G1 X111.179 Y96.173 E6.22492
G1 X112.216 Y97 E6.277
G1 X112.616 Y97.378 E6.29861
G1 X113.549 Y98.443 E6.3542
G1 X114.087 Y99.211 E6.39102
G1 X114.556 Y100.023 E6.42784
G1 X115.126 Y101.317 E6.48336
G1 X115.408 Y102.211 E6.52017
G1 X115.611 Y103.127 E6.55701
G1 X115.765 Y104.624 E6.6161
G1 X115.765 Y105.47 E6.64932
G1 X115.683 Y106.406 E6.68621
G1 X115.52 Y107.33 E6.72305
G1 X115.152 Y108.605 E6.77516
G1 X114.956 Y109.12 E6.7968
G1 X114.331 Y110.387 E6.85227
G1 X113.547 Y111.561 E6.9077
G1 X112.944 Y112.279 E6.94452
G1 X112.279 Y112.944 E6.98145
G1 X111.559 Y113.548 E7.01835
G1 X110.791 Y114.086 E7.05517
G1 X109.552 Y114.766 E7.11066
G1 X108.685 Y115.125 E7.14751
G1 X107.789 Y115.408 E7.1844
G1 X106.873 Y115.611 E7.22124
G1 X105.554 Y115.759 E7.27335
G1 X105.001 Y115.775 E7.29507
G1 X104.061 Y115.734 E7.33201
G1 X103.214 Y115.624 E7.36555
G1 X102.672 Y115.52 E7.38722
G1 X101.313 Y115.124 E7.4428
G1 X100.446 Y114.765 E7.47965
G1 X99.613 Y114.331 E7.51653
G1 X98.82 Y113.826 E7.55344
G1 X98.076 Y113.255 E7.59026
G1 X97.055 Y112.278 E7.64575
G1 X96.789 Y111.961 E7.662
G1 X96.532 Y111.655 F7800
;LAYER_CHANGE
;Z:5.35
;HEIGHT:0.2
G92 E0
G1 Z5.35 F7800
G1 X113.238 Y105
;TYPE:Perimeter
G1 F884.349
G1 X113.237 Y105.214 E.0084
G1 X113.028 Y105.673 E.0282
G1 X109.502 Y111.78 E.30509
G1 X109.257 Y112.066 E.31988
G1 X108.949 Y112.235 E.33367
G1 X108.621 Y112.289 E.34672
G1 X101.379 Y112.289 E.63107
G1 X101.072 Y112.242 E.64326
G1 X100.832 Y112.13 E.65366
G1 X100.498 Y111.78 E.67266
G1 X96.877 Y105.509 E.95699
G1 X96.747 Y105.111 E.97343
G1 X96.766 Y104.775 E.98664
G1 X96.963 Y104.342 E1.00532
G1 X100.498 Y98.22 E1.28289
G1 X100.74 Y97.937 E1.29751
G1 X100.886 Y97.838 E1.30444
G1 X101.27 Y97.711 E1.32032
G1 X108.621 Y97.711 E1.60895
G1 X109.091 Y97.826 E1.62795
G1 X109.321 Y97.99 E1.63904
G1 X109.568 Y98.334 E1.65567
G1 X113.123 Y104.491 E1.93483
G1 X113.239 Y104.797 E1.94768
G1 X113.238 Y104.94 E1.95329
G1 X112.851 Y105.005 F7800
G1 F884.349
G1 X112.77 Y105.305 E1.96549
G1 X109.15 Y111.577 E2.24983
G1 X108.915 Y111.807 E2.26274
G1 X108.621 Y111.882 E2.27465
G1 X101.379 Y111.882 E2.559
G1 X101.074 Y111.8 E2.5714
G1 X100.85 Y111.577 E2.58381
G1 X97.23 Y105.305 E2.86815
G1 X97.148 Y105.013 E2.88006
G1 X97.23 Y104.695 E2.89295
G1 X100.85 Y98.423 E3.17729
G1 X100.996 Y98.253 E3.18609
G1 X101.31 Y98.118 E3.19951
G1 X108.621 Y98.118 E3.48657
G1 X108.921 Y98.197 E3.49875
G1 X109.15 Y98.423 E3.51138
G1 X112.77 Y104.695 E3.79572
G1 X112.838 Y104.947 E3.80597
G1 X112.431 Y105 F7800
;TYPE:External perimeter
G1 F884.349
G1 X112.438 Y105.053 E3.80807
G1 X108.797 Y111.373 E4.09446
G1 X108.686 Y111.464 E4.1001
M73 Q43 S21
G1 X101.379 Y111.475 E4.38701
G1 X101.27 Y111.443 E4.39147
M73 P43 R21
G1 X100.747 Y110.583 E4.43099
G1 X97.582 Y105.102 E4.6795
G1 X97.555 Y105.004 E4.68349
G1 X97.668 Y104.749 E4.69444
G1 X101.203 Y98.627 E4.97201
G1 X101.307 Y98.525 E4.97773
G1 X108.621 Y98.525 E5.26491
G1 X108.761 Y98.581 E5.27083
G1 X109.069 Y99.097 E5.29443
G1 X112.418 Y104.898 E5.55744
G1 X112.423 Y104.94 E5.5591
G1 X112.28 Y105.314 F7800
G92 E0
G1 X97.401 Y111.406
;TYPE:Perimeter
G1 F884.349
G1 X97.092 Y111.054 E.01839
G1 X96.6 Y110.351 E.05208
G1 X96.165 Y109.598 E.08623
G1 X95.837 Y108.9 E.11651
G1 X95.643 Y108.413 E.13709
G1 X95.382 Y107.586 E.17114
G1 X95.138 Y106.384 E.2193
G1 X95.08 Y105.886 E.23899
G1 X95.051 Y104.554 E.2913
G1 X95.125 Y103.709 E.32461
G1 X95.359 Y102.505 E.37277
G1 X95.496 Y102.022 E.39248
G1 X95.978 Y100.781 E.44475
G1 X96.375 Y100.02 E.47845
G1 X96.837 Y99.295 E.51221
G1 X97.601 Y98.335 E.56038
G1 X97.945 Y97.97 E.58007
G1 X98.946 Y97.092 E.63235
G1 X99.641 Y96.605 E.66567
G1 X100.714 Y96.011 E.71383
G1 X101.172 Y95.805 E.73355
G1 X102.433 Y95.377 E.78584
G1 X103.27 Y95.191 E.81951
G1 X104.123 Y95.079 E.85329
G1 X105.349 Y95.048 E.90144
G1 X105.85 Y95.077 E.92114
G1 X107.166 Y95.279 E.97342
G1 X107.984 Y95.498 E1.00667
G1 X109.219 Y95.978 E1.0587
G1 X109.972 Y96.37 E1.09203
G1 X110.994 Y97.048 E1.14019
G1 X111.388 Y97.359 E1.1599
G1 X112.35 Y98.28 E1.21219
G1 X112.902 Y98.937 E1.24588
G1 X113.4 Y99.649 E1.28
G1 X113.829 Y100.392 E1.31369
G1 X114.363 Y101.604 E1.36569
G1 X114.62 Y102.422 E1.39936
G1 X114.806 Y103.26 E1.43306
G1 X114.95 Y104.624 E1.48691
G1 X114.95 Y105.434 E1.51871
G1 X114.875 Y106.3 E1.55284
G1 X114.725 Y107.147 E1.58661
G1 X114.386 Y108.326 E1.63478
G1 X114.209 Y108.795 E1.65446
G1 X113.62 Y109.989 E1.70674
G1 X113.159 Y110.713 E1.74044
G1 X112.636 Y111.393 E1.77412
G1 X111.72 Y112.35 E1.82613
G1 X111.063 Y112.902 E1.85982
G1 X110.36 Y113.394 E1.89351
G1 X109.199 Y114.031 E1.94551
G1 X108.406 Y114.359 E1.97921
G1 X107.578 Y114.62 E2.0133
G1 X106.728 Y114.809 E2.04749
G1 X105.964 Y114.912 E2.07776
G1 X105.441 Y114.95 E2.09835
G1 X104.575 Y114.95 E2.13235
G1 X103.355 Y114.821 E2.18052
G1 X102.862 Y114.728 E2.20022
G1 X101.583 Y114.355 E2.25253
G1 X100.791 Y114.027 E2.28619
G1 X100.02 Y113.625 E2.32033
G1 X99.295 Y113.163 E2.35409
G1 X98.335 Y112.399 E2.40226
G1 X97.97 Y112.055 E2.42195
G1 X97.441 Y111.452 E2.45345
G1 X97.083 Y111.662 F7800
G1 F884.349
G1 X96.771 Y111.306 E2.47204
G1 X96.256 Y110.57 E2.50731
G1 X95.804 Y109.786 E2.54284
G1 X95.463 Y109.062 E2.57426
G1 X95.259 Y108.55 E2.5959
G1 X94.988 Y107.688 E2.63138
G1 X94.736 Y106.449 E2.68102
G1 X94.673 Y105.914 E2.70217
G1 X94.643 Y104.541 E2.75609
G1 X94.721 Y103.652 E2.79113
G1 X94.963 Y102.411 E2.84078
G1 X95.109 Y101.893 E2.86191
G1 X95.607 Y100.613 E2.91584
G1 X96.022 Y99.816 E2.95112
G1 X96.505 Y99.058 E2.98641
G1 X97.293 Y98.069 E3.03606
G1 X97.662 Y97.677 E3.0572
G1 X98.694 Y96.771 E3.11112
G1 X99.425 Y96.259 E3.14616
G1 X100.532 Y95.647 E3.19583
G1 X101.023 Y95.426 E3.21697
G1 X102.323 Y94.985 E3.27087
G1 X103.2 Y94.79 E3.30615
G1 X104.091 Y94.673 E3.34144
G1 X105.356 Y94.641 E3.39113
G1 X105.893 Y94.671 E3.41225
G1 X107.25 Y94.88 E3.46616
G1 X108.111 Y95.111 E3.50116
G1 X109.387 Y95.607 E3.55491
G1 X110.179 Y96.019 E3.58996
G1 X111.233 Y96.718 E3.63962
G1 X111.656 Y97.051 E3.66076
G1 X112.648 Y98.001 E3.71469
G1 X113.225 Y98.689 E3.74995
G1 X113.744 Y99.43 E3.78547
G1 X114.193 Y100.207 E3.82071
G1 X114.744 Y101.461 E3.87449
G1 X115.014 Y102.317 E3.90973
G1 X115.208 Y103.193 E3.94496
G1 X115.357 Y104.624 E4.00145
G1 X115.357 Y105.452 E4.03396
G1 X115.279 Y106.353 E4.06947
G1 X115.122 Y107.239 E4.1048
G1 X114.773 Y108.454 E4.15444
G1 X114.582 Y108.958 E4.1756
G1 X113.975 Y110.189 E4.22949
G1 X113.492 Y110.946 E4.26475
G1 X112.946 Y111.659 E4.30001
G1 X111.999 Y112.648 E4.35377
G1 X111.311 Y113.225 E4.38903
G1 X110.576 Y113.74 E4.42427
G1 X109.375 Y114.399 E4.47806
G1 X108.546 Y114.742 E4.51329
G1 X107.683 Y115.014 E4.54882
G1 X106.799 Y115.21 E4.58437
G1 X106.006 Y115.317 E4.61579
G1 X105.456 Y115.357 E4.63744
G1 X104.553 Y115.357 E4.6729
G1 X103.295 Y115.224 E4.72257
G1 X102.767 Y115.124 E4.74367
G1 X101.448 Y114.74 E4.79761
G1 X100.619 Y114.396 E4.83285
G1 X99.816 Y113.978 E4.8684
G1 X99.058 Y113.495 E4.90369
G1 X98.069 Y112.707 E4.95334
G1 X97.677 Y112.338 E4.97448
G1 X97.123 Y111.707 E5.00745
G1 X96.765 Y111.917 F7800
;TYPE:External perimeter
G1 F884.349
G1 X96.451 Y111.557 E5.02621
G1 X95.913 Y110.789 E5.06303
G1 X95.442 Y109.975 E5.09996
G1 X95.09 Y109.224 E5.13253
G1 X94.875 Y108.687 E5.15524
G1 X94.593 Y107.79 E5.19216
G1 X94.334 Y106.513 E5.24332
G1 X94.267 Y105.943 E5.26585
G1 X94.236 Y104.528 E5.32142
G1 X94.317 Y103.595 E5.35819
G1 X94.567 Y102.316 E5.40936
G1 X94.723 Y101.763 E5.43192
G1 X95.236 Y100.444 E5.48749
G1 X95.669 Y99.613 E5.52428
G1 X96.173 Y98.821 E5.56114
G1 X96.985 Y97.802 E5.6123
G1 X97.379 Y97.384 E5.63485
G1 X98.443 Y96.451 E5.69041
G1 X99.209 Y95.914 E5.72714
G1 X100.35 Y95.282 E5.77835
G1 X100.873 Y95.047 E5.80086
G1 X102.213 Y94.592 E5.85642
G1 X103.129 Y94.389 E5.89326
G1 X104.059 Y94.266 E5.93009
G1 X105.362 Y94.233 E5.98127
G1 X105.936 Y94.266 E6.00385
G1 X107.334 Y94.481 E6.05939
G1 X108.238 Y94.723 E6.09614
G1 X109.556 Y95.236 E6.15167
G1 X110.386 Y95.668 E6.18841
G1 X111.472 Y96.388 E6.23957
G1 X111.923 Y96.744 E6.26213
G1 X112.945 Y97.722 E6.31767
G1 X113.548 Y98.441 E6.35452
G1 X114.087 Y99.211 E6.39142
G1 X114.556 Y100.023 E6.42824
G1 X115.126 Y101.317 E6.48376
G1 X115.408 Y102.211 E6.52057
G1 X115.611 Y103.127 E6.55741
G1 X115.765 Y104.624 E6.6165
G1 X115.765 Y105.47 E6.64972
G1 X115.683 Y106.406 E6.68661
G1 X115.52 Y107.33 E6.72345
G1 X115.16 Y108.583 E6.77464
G1 X114.956 Y109.12 E6.7972
G1 X114.33 Y110.389 E6.85276
G1 X113.826 Y111.18 E6.88959
G1 X113.255 Y111.924 E6.92641
G1 X112.278 Y112.945 E6.9819
G1 X111.559 Y113.548 E7.01875
G1 X110.791 Y114.086 E7.05557
G1 X109.552 Y114.766 E7.11106
G1 X108.685 Y115.125 E7.14791
G1 X107.789 Y115.408 E7.1848
G1 X106.871 Y115.611 E7.22172
G1 X106.049 Y115.722 E7.25429
G1 X105.471 Y115.765 E7.27705
G1 X104.532 Y115.765 E7.31392
G1 X103.236 Y115.627 E7.36509
G1 X102.671 Y115.52 E7.38767
G1 X101.313 Y115.124 E7.44321
G1 X100.446 Y114.765 E7.48006
G1 X99.613 Y114.331 E7.51694
G1 X98.821 Y113.827 E7.5538
G1 X97.802 Y113.015 E7.60496
G1 X97.384 Y112.621 E7.62751
G1 X96.805 Y111.962 E7.66195
G1 X96.541 Y111.661 F7800
G92 E0
G1 X95.857 Y108.078
;TYPE:Internal infill
;WIDTH:0.45
;HEIGHT:0.4
G1 F494.289
G1 X96.436 Y109.457 E.10507
G1 X96.916 Y110.271 E.17145
G1 X97.55 Y109.586 E.23702
G1 X97.804 Y108.931 E.28637
G1 X97.774 Y108.276 E.33243
G1 X97.619 Y107.948 E.35792
G1 X96.726 Y106.965 E.45122
G1 X96.472 Y106.31 E.50057
G1 X96.502 Y105.655 E.54663
G1 X96.554 Y105.545 E.55518
G1 X96.435 Y105.025 E.59265
G1 X96.467 Y104.706 E.61517
G1 X96.609 Y104.345 E.64242
G1 X97.58 Y102.662 E.77892
G1 X96.726 Y101.724 E.86803
G1 X96.472 Y101.069 E.91738
G1 X96.501 Y100.438 E.96175
G1 X96.797 Y99.925 E1.00336
G1 X97.55 Y99.104 E1.08162
G1 X97.711 Y98.688 E1.11296
G1 X97.841 Y98.526 E1.12755
G1 X99.135 Y97.332 E1.25124
G1 X99.506 Y97.073 E1.28303
G1 X100.171 Y97.793 E1.35188
G1 X100.262 Y98.028 E1.36958
G1 X99.036 Y100.141 E1.54119
G92 E0
G1 X104.126 Y95.387 F7800
G1 F494.289
G1 X102.515 Y95.672 E.11493
G1 X101.753 Y95.93 E.17145
G1 X101.967 Y96.483 E.21311
G1 X102.808 Y97.406 E.30083
G1 X105.052 Y97.406 E.45847
G1 X104.519 Y96.81 E.51464
G1 X104.364 Y96.483 E.54006
G1 X104.334 Y95.828 E.58612
G1 X104.509 Y95.376 E.62017
G1 X105.818 Y95.38 E.71213
G1 X106.967 Y95.557 E.7938
G1 X106.954 Y95.828 E.81286
G1 X107.209 Y96.483 E.86224
G1 X108.049 Y97.406 E.94991
G1 X108.776 Y97.414 E1.00098
G1 X109.203 Y97.538 E1.03222
G1 X109.513 Y97.75 E1.0586
G1 X109.765 Y98.065 E1.08694
G1 X110.621 Y99.547 E1.20717
G1 X110.877 Y99.104 E1.24311
G1 X110.908 Y98.448 E1.28925
G1 X110.653 Y97.793 E1.33863
G1 X109.76 Y96.81 E1.43193
G1 X109.636 Y96.547 E1.45236
G1 X108.883 Y96.175 E1.51136
G1 X107.368 Y95.656 E1.62386
G92 E0
G1 X114.047 Y101.646 F7800
G1 F494.289
G1 X113.556 Y100.53 E.08565
G1 X112.916 Y99.489 E.17149
G1 X112.381 Y100.086 E.22781
G1 X112.226 Y100.414 E.2533
G1 X112.196 Y101.069 E.29936
G1 X112.45 Y101.724 E.34871
G1 X113.343 Y102.707 E.44201
G1 X113.498 Y103.035 E.4675
M73 Q44 S21
G1 X113.528 Y103.69 E.51356
G1 X113.321 Y104.224 E.55379
M73 P44 R21
G1 X113.538 Y104.732 E.5926
G1 X113.565 Y105.002 E.61166
G1 X113.521 Y105.342 E.63574
G1 X113.391 Y105.656 E.65961
G1 X112.564 Y107.088 E.77578
G1 X113.343 Y107.948 E.85729
G1 X113.498 Y108.276 E.88278
G1 X113.528 Y108.931 E.92884
G1 X113.274 Y109.586 E.97819
G1 X112.381 Y110.569 E1.07149
G1 X112.226 Y110.896 E1.09691
G1 X112.203 Y111.405 E1.1327
G1 X111.511 Y112.127 E1.20295
G1 X110.877 Y112.659 E1.26109
G1 X110.259 Y113.092 E1.3141
G1 X109.76 Y112.534 E1.36669
G1 X109.603 Y112.14 E1.39648
G1 X109.259 Y112.431 E1.42813
G1 X109.046 Y112.525 E1.44449
G1 X108.747 Y112.589 E1.46597
G1 X107.569 Y112.594 E1.54872
G1 X108.102 Y113.19 E1.60489
G1 X108.256 Y113.517 E1.63028
G1 X108.282 Y114.078 E1.66973
G1 X106.688 Y114.505 E1.78566
G1 X105.645 Y114.622 E1.85939
G1 X105.666 Y114.172 E1.89104
G1 X105.412 Y113.517 E1.94039
G1 X104.571 Y112.594 E2.02811
G1 X102.327 Y112.594 E2.18575
G1 X102.86 Y113.19 E2.24192
G1 X103.015 Y113.517 E2.26734
G1 X103.046 Y114.172 E2.3134
G1 X102.945 Y114.433 E2.33306
G1 X101.685 Y114.066 E2.42525
G1 X100.92 Y113.75 E2.4834
G1 X99.812 Y113.131 E2.57256
G1 X99.562 Y112.862 E2.59836
G1 X99.278 Y112.534 E2.62884
G1 X99.123 Y112.207 E2.65426
G1 X99.092 Y111.552 E2.70032
G1 X99.347 Y110.896 E2.74976
G1 X99.524 Y110.705 E2.76805
G1 X100.319 Y112.063 E2.87859
G1 X100.665 Y112.387 E2.91189
G1 X101.026 Y112.543 E2.93952
;LAYER_CHANGE
;Z:5.55
;HEIGHT:0.2
G92 E0
G1 Z5.55 F7800
G1 X113.251 Y104.999
;TYPE:Perimeter
;WIDTH:0.449999
G1 F884.349
G1 X113.257 Y105.067 E.00268
G1 X113.23 Y105.241 E.00959
G1 X113.017 Y105.693 E.02921
G1 X109.502 Y111.78 E.3052
G1 X109.257 Y112.066 E.31999
G1 X108.949 Y112.235 E.33378
G1 X108.621 Y112.289 E.34683
G1 X101.379 Y112.289 E.63118
G1 X101.072 Y112.242 E.64337
G1 X100.832 Y112.13 E.65377
G1 X100.498 Y111.78 E.67277
G1 X96.877 Y105.509 E.9571
G1 X96.747 Y105.111 E.97354
M73 P44 R20
G1 X96.766 Y104.775 E.98675
G1 X96.964 Y104.341 E1.00548
G1 X100.498 Y98.22 E1.283
G1 X100.739 Y97.937 E1.2976
G1 X100.886 Y97.839 E1.30454
G1 X101.263 Y97.711 E1.32017
G1 X108.621 Y97.711 E1.60908
G1 X109.091 Y97.826 E1.62808
G1 X109.308 Y97.978 E1.63848
G1 X109.502 Y98.22 E1.65066
G1 X113.123 Y104.491 E1.93499
G1 X113.226 Y104.742 E1.94564
G1 X113.245 Y104.939 E1.95341
G1 X112.848 Y105.005 F7800
G1 F884.349
G1 X112.77 Y105.305 E1.96558
G1 X109.15 Y111.577 E2.24992
G1 X108.915 Y111.807 E2.26283
M73 Q44 S20
G1 X108.621 Y111.882 E2.27474
G1 X101.379 Y111.882 E2.55909
G1 X101.074 Y111.8 E2.57149
G1 X100.85 Y111.577 E2.5839
G1 X97.23 Y105.305 E2.86824
G1 X97.148 Y105.013 E2.88015
G1 X97.23 Y104.695 E2.89304
G1 X100.85 Y98.423 E3.17738
G1 X100.995 Y98.254 E3.18612
G1 X101.305 Y98.118 E3.19941
G1 X108.621 Y98.118 E3.48667
G1 X108.949 Y98.214 E3.50009
G1 X109.15 Y98.423 E3.51148
G1 X112.77 Y104.695 E3.79582
G1 X112.84 Y104.947 E3.80609
G1 X112.432 Y105 F7800
;TYPE:External perimeter
G1 F884.349
G1 X112.439 Y105.048 E3.80799
G1 X108.797 Y111.373 E4.09457
G1 X108.686 Y111.464 E4.10021
G1 X108.041 Y111.475 E4.12554
G1 X101.379 Y111.475 E4.38712
G1 X101.27 Y111.443 E4.39158
G1 X100.924 Y110.891 E4.41716
G1 X97.582 Y105.102 E4.67962
G1 X97.558 Y104.941 E4.68601
G1 X101.203 Y98.627 E4.97227
G1 X101.353 Y98.525 E4.97939
G1 X108.621 Y98.525 E5.26476
G1 X108.758 Y98.578 E5.27053
G1 X112.418 Y104.898 E5.55729
G1 X112.424 Y104.94 E5.55896
G1 X112.279 Y105.313 F7800
G92 E0
G1 X97.363 Y111.378
;TYPE:Perimeter
G1 F884.349
G1 X97.098 Y111.063 E.01616
G1 X96.6 Y110.351 E.05028
G1 X96.171 Y109.608 E.08397
G1 X95.637 Y108.396 E.13597
G1 X95.382 Y107.586 E.16931
G1 X95.142 Y106.407 E.21655
G1 X95.08 Y105.885 E.23719
G1 X95.051 Y104.554 E.28946
G1 X95.125 Y103.709 E.32277
G1 X95.354 Y102.527 E.37004
G1 X95.496 Y102.021 E.39068
G1 X95.978 Y100.781 E.44292
G1 X96.375 Y100.02 E.47662
G1 X96.837 Y99.294 E.51041
G1 X97.586 Y98.353 E.55763
G1 X97.945 Y97.97 E.57824
G1 X98.946 Y97.092 E.63052
G1 X99.642 Y96.605 E.66387
G1 X100.694 Y96.021 E.71111
G1 X101.173 Y95.805 E.73174
G1 X102.433 Y95.377 E.78399
G1 X103.27 Y95.191 E.81766
G1 X104.123 Y95.079 E.85144
G1 X105.326 Y95.047 E.89869
G1 X105.851 Y95.077 E.91934
G1 X107.166 Y95.279 E.97158
G1 X107.984 Y95.498 E1.00483
G1 X109.219 Y95.978 E1.05686
G1 X109.98 Y96.375 E1.09056
G1 X110.704 Y96.836 E1.12426
G1 X111.737 Y97.665 E1.17627
G1 X112.343 Y98.271 E1.20992
G1 X112.902 Y98.937 E1.24406
G1 X113.4 Y99.649 E1.27818
G1 X113.829 Y100.392 E1.31187
G1 X114.363 Y101.604 E1.36387
G1 X114.62 Y102.422 E1.39754
G1 X114.807 Y103.262 E1.43133
G1 X114.881 Y103.911 E1.45698
G1 X114.96 Y104.983 E1.49919
G1 X114.873 Y106.311 E1.55145
G1 X114.724 Y107.156 E1.58514
G1 X114.502 Y107.984 E1.6188
G1 X114.022 Y109.219 E1.67083
G1 X113.625 Y109.98 E1.70453
G1 X113.159 Y110.713 E1.73863
G1 X112.636 Y111.393 E1.77231
G1 X111.72 Y112.35 E1.82432
G1 X111.063 Y112.902 E1.85801
G1 X110.36 Y113.394 E1.8917
G1 X109.199 Y114.031 E1.9437
G1 X108.406 Y114.359 E1.9774
G1 X107.578 Y114.62 E2.01149
G1 X106.738 Y114.807 E2.04528
G1 X105.542 Y114.943 E2.09254
G1 X105.006 Y114.96 E2.1136
G1 X104.13 Y114.922 E2.14803
G1 X103.389 Y114.827 E2.17736
G1 X102.861 Y114.727 E2.19846
G1 X101.583 Y114.355 E2.25072
G1 X100.791 Y114.027 E2.28438
G1 X100.02 Y113.625 E2.31852
G1 X99.287 Y113.159 E2.35262
G1 X98.607 Y112.636 E2.3863
G1 X97.65 Y111.72 E2.43831
G1 X97.401 Y111.424 E2.4535
G1 X97.057 Y111.647 F7800
G1 F884.349
G1 X96.775 Y111.311 E2.47072
G1 X96.256 Y110.57 E2.50624
G1 X95.807 Y109.793 E2.54148
G1 X95.256 Y108.539 E2.59526
G1 X94.987 Y107.688 E2.6303
G1 X94.74 Y106.472 E2.67902
G1 X94.673 Y105.914 E2.70109
G1 X94.643 Y104.541 E2.75501
G1 X94.721 Y103.652 E2.79005
G1 X94.958 Y102.433 E2.83881
G1 X95.109 Y101.892 E2.86086
G1 X95.607 Y100.613 E2.91475
G1 X96.022 Y99.816 E2.95003
G1 X96.505 Y99.058 E2.98532
G1 X97.277 Y98.086 E3.03406
G1 X97.662 Y97.676 E3.05614
G1 X98.694 Y96.771 E3.11003
G1 X99.426 Y96.259 E3.1451
G1 X100.511 Y95.657 E3.19382
G1 X101.023 Y95.426 E3.21587
G1 X102.323 Y94.985 E3.26977
G1 X103.2 Y94.79 E3.30505
G1 X104.091 Y94.673 E3.34034
G1 X105.332 Y94.64 E3.38908
G1 X105.893 Y94.671 E3.41114
G1 X107.25 Y94.88 E3.46505
G1 X108.111 Y95.111 E3.50005
G1 X109.387 Y95.607 E3.5538
G1 X110.184 Y96.022 E3.58908
G1 X110.941 Y96.504 E3.62432
G1 X112.009 Y97.361 E3.67809
G1 X112.644 Y97.996 E3.71335
G1 X113.225 Y98.689 E3.74886
G1 X113.744 Y99.43 E3.78438
G1 X114.193 Y100.207 E3.81962
G1 X114.744 Y101.461 E3.8734
G1 X115.014 Y102.317 E3.90864
G1 X115.209 Y103.195 E3.94395
G1 X115.351 Y104.481 E3.99475
G1 X115.367 Y104.99 E4.01475
G1 X115.277 Y106.36 E4.06866
G1 X115.122 Y107.244 E4.1039
G1 X114.889 Y108.111 E4.13915
G1 X114.393 Y109.387 E4.1929
G1 X113.978 Y110.184 E4.22818
G1 X113.492 Y110.946 E4.26367
G1 X112.946 Y111.659 E4.29893
G1 X111.999 Y112.648 E4.35269
G1 X111.311 Y113.225 E4.38795
G1 X110.576 Y113.74 E4.42319
G1 X109.375 Y114.399 E4.47698
G1 X108.546 Y114.742 E4.51221
G1 X107.683 Y115.014 E4.54774
G1 X106.805 Y115.209 E4.58305
G1 X105.572 Y115.35 E4.63178
G1 X105.004 Y115.367 E4.65409
G1 X104.096 Y115.328 E4.68978
G1 X103.325 Y115.229 E4.7203
M73 Q45 S20
G1 X102.766 Y115.124 E4.74263
G1 X101.448 Y114.74 E4.79653
G1 X100.619 Y114.396 E4.83177
M73 P45 R20
G1 X99.816 Y113.978 E4.86732
G1 X99.054 Y113.492 E4.90281
G1 X98.341 Y112.946 E4.93807
G1 X97.352 Y111.999 E4.99183
G1 X97.095 Y111.693 E5.00752
G1 X96.751 Y111.915 F7800
;TYPE:External perimeter
G1 F884.349
G1 X96.452 Y111.559 E5.02577
G1 X95.913 Y110.789 E5.06267
G1 X95.444 Y109.977 E5.09949
G1 X94.874 Y108.683 E5.15501
G1 X94.593 Y107.79 E5.19177
G1 X94.337 Y106.537 E5.24198
G1 X94.267 Y105.942 E5.2655
G1 X94.236 Y104.528 E5.32103
G1 X94.317 Y103.595 E5.3578
G1 X94.561 Y102.339 E5.40804
G1 X94.723 Y101.763 E5.43153
G1 X95.236 Y100.444 E5.4871
G1 X95.669 Y99.613 E5.52389
G1 X96.173 Y98.821 E5.56075
G1 X96.969 Y97.82 E5.61097
G1 X97.379 Y97.383 E5.6345
G1 X98.443 Y96.451 E5.69004
G1 X99.209 Y95.914 E5.72677
G1 X100.328 Y95.293 E5.77702
G1 X100.874 Y95.047 E5.80053
G1 X102.213 Y94.592 E5.85606
G1 X103.129 Y94.389 E5.8929
G1 X104.059 Y94.266 E5.92973
G1 X105.338 Y94.233 E5.97997
G1 X105.936 Y94.266 E6.00349
G1 X107.334 Y94.481 E6.05903
G1 X108.238 Y94.723 E6.09578
G1 X109.556 Y95.236 E6.15131
G1 X110.387 Y95.669 E6.1881
G1 X111.178 Y96.173 E6.22493
G1 X112.281 Y97.058 E6.28046
G1 X112.944 Y97.721 E6.31728
G1 X113.548 Y98.441 E6.35418
G1 X114.087 Y99.211 E6.39108
G1 X114.556 Y100.023 E6.4279
G1 X115.126 Y101.317 E6.48342
G1 X115.408 Y102.211 E6.52023
G1 X115.611 Y103.127 E6.55707
G1 X115.758 Y104.468 E6.61004
G1 X115.775 Y104.997 E6.63082
G1 X115.682 Y106.409 E6.68638
G1 X115.519 Y107.332 E6.72318
G1 X115.277 Y108.238 E6.76
G1 X114.764 Y109.556 E6.81553
G1 X114.331 Y110.387 E6.85232
G1 X113.826 Y111.18 E6.88923
G1 X113.255 Y111.924 E6.92605
G1 X112.278 Y112.945 E6.98154
G1 X111.559 Y113.548 E7.01839
G1 X110.791 Y114.086 E7.05521
G1 X109.552 Y114.766 E7.1107
G1 X108.685 Y115.125 E7.14755
G1 X107.789 Y115.408 E7.18444
G1 X106.873 Y115.611 E7.22128
G1 X105.601 Y115.756 E7.27155
G1 X105.001 Y115.775 E7.29512
G1 X104.061 Y115.734 E7.33206
G1 X103.261 Y115.632 E7.36373
G1 X102.671 Y115.52 E7.38731
G1 X101.313 Y115.124 E7.44285
G1 X100.446 Y114.765 E7.4797
G1 X99.613 Y114.331 E7.51658
G1 X98.82 Y113.826 E7.55349
G1 X98.076 Y113.255 E7.59031
G1 X97.055 Y112.278 E7.6458
G1 X96.789 Y111.961 E7.66205
G1 X96.532 Y111.655 F7800
;LAYER_CHANGE
;Z:5.75
;HEIGHT:0.2
G92 E0
G1 Z5.75 F7800
G1 X113.238 Y105
;TYPE:Perimeter
G1 F884.349
G1 X113.237 Y105.214 E.0084
G1 X113.028 Y105.673 E.0282
G1 X109.502 Y111.78 E.30509
G1 X109.257 Y112.066 E.31988
G1 X108.949 Y112.235 E.33367
G1 X108.621 Y112.289 E.34672
G1 X101.379 Y112.289 E.63107
G1 X101.072 Y112.242 E.64326
G1 X100.832 Y112.13 E.65366
G1 X100.498 Y111.78 E.67266
G1 X96.877 Y105.509 E.95699
G1 X96.747 Y105.111 E.97343
G1 X96.766 Y104.775 E.98664
G1 X96.964 Y104.341 E1.00537
G1 X100.498 Y98.22 E1.28289
G1 X100.738 Y97.938 E1.29743
G1 X100.885 Y97.839 E1.30439
G1 X101.256 Y97.711 E1.3198
G1 X108.621 Y97.711 E1.60898
G1 X109.091 Y97.826 E1.62798
G1 X109.308 Y97.978 E1.63838
G1 X109.502 Y98.22 E1.65056
G1 X113.123 Y104.491 E1.93489
G1 X113.239 Y104.797 E1.94774
G1 X113.238 Y104.94 E1.95335
G1 X112.851 Y104.995 F7800
G1 F884.349
G1 X112.852 Y105 E1.95355
G1 X112.77 Y105.305 E1.96595
G1 X109.15 Y111.577 E2.25029
G1 X108.915 Y111.807 E2.2632
G1 X108.621 Y111.882 E2.27511
G1 X101.379 Y111.882 E2.55946
G1 X101.074 Y111.8 E2.57186
G1 X100.85 Y111.577 E2.58427
G1 X97.23 Y105.305 E2.86861
G1 X97.148 Y105.013 E2.88052
G1 X97.23 Y104.695 E2.89341
G1 X100.85 Y98.423 E3.17775
G1 X100.995 Y98.254 E3.18649
G1 X101.3 Y98.118 E3.1996
G1 X108.621 Y98.118 E3.48706
G1 X108.949 Y98.214 E3.50048
G1 X109.15 Y98.423 E3.51187
G1 X112.77 Y104.695 E3.79621
G1 X112.835 Y104.937 E3.80605
G1 X112.431 Y105 F7800
;TYPE:External perimeter
G1 F884.349
G1 X112.438 Y105.053 E3.80815
G1 X108.797 Y111.373 E4.09454
G1 X108.686 Y111.464 E4.10018
G1 X108.041 Y111.475 E4.12551
G1 X101.379 Y111.475 E4.38709
G1 X101.27 Y111.443 E4.39155
G1 X100.768 Y110.621 E4.42937
G1 X97.582 Y105.102 E4.67959
G1 X97.558 Y104.941 E4.68598
G1 X101.203 Y98.627 E4.97224
G1 X101.351 Y98.525 E4.9793
G1 X108.621 Y98.525 E5.26475
G1 X108.758 Y98.578 E5.27052
G1 X112.418 Y104.898 E5.55728
G1 X112.423 Y104.94 E5.55894
G1 X112.28 Y105.314 F7800
G92 E0
G1 X97.401 Y111.406
;TYPE:Perimeter
G1 F884.349
G1 X97.092 Y111.054 E.01839
G1 X96.6 Y110.351 E.05208
G1 X96.164 Y109.597 E.08628
G1 X95.855 Y108.942 E.11472
G1 X95.642 Y108.412 E.13715
G1 X95.382 Y107.586 E.17115
G1 X95.145 Y106.429 E.21752
G1 X95.08 Y105.884 E.23907
G1 X95.051 Y104.554 E.2913
G1 X95.125 Y103.708 E.32464
G1 X95.348 Y102.549 E.37098
G1 X95.496 Y102.021 E.39251
G1 X95.978 Y100.781 E.44475
G1 X96.375 Y100.02 E.47845
G1 X96.837 Y99.294 E.51224
G1 X97.571 Y98.37 E.55857
G1 X97.946 Y97.969 E.58013
G1 X98.946 Y97.092 E.63236
G1 X99.642 Y96.605 E.66571
G1 X100.673 Y96.031 E.71204
G1 X101.173 Y95.805 E.73358
G1 X102.433 Y95.377 E.78583
G1 X103.27 Y95.191 E.8195
G1 X104.124 Y95.079 E.85332
G1 X105.304 Y95.047 E.89967
G1 X105.852 Y95.077 E.92122
G1 X107.166 Y95.279 E.97342
G1 X107.997 Y95.502 E1.0072
G1 X108.679 Y95.746 E1.03564
G1 X109.204 Y95.971 E1.05807
G1 X109.98 Y96.375 E1.09242
G1 X110.706 Y96.837 E1.12621
G1 X111.63 Y97.571 E1.17254
G1 X112.031 Y97.946 E1.1941
G1 X112.908 Y98.946 E1.24633
G1 X113.4 Y99.649 E1.28002
G1 X113.829 Y100.392 E1.31371
G1 X114.363 Y101.604 E1.36571
G1 X114.62 Y102.422 E1.39938
G1 X114.806 Y103.26 E1.43308
G1 X114.95 Y104.624 E1.48693
G1 X114.95 Y105.434 E1.51873
G1 X114.875 Y106.3 E1.55286
G1 X114.725 Y107.148 E1.58667
G1 X114.401 Y108.282 E1.63298
G1 X114.208 Y108.796 E1.65454
G1 X113.62 Y109.989 E1.70676
G1 X113.159 Y110.713 E1.74046
G1 X112.628 Y111.404 E1.77468
G1 X112.142 Y111.94 E1.80309
G1 X111.733 Y112.34 E1.82555
G1 X111.063 Y112.902 E1.85989
G1 X110.36 Y113.394 E1.89358
G1 X109.199 Y114.031 E1.94558
G1 X108.406 Y114.359 E1.97928
G1 X107.578 Y114.62 E2.01337
G1 X106.727 Y114.809 E2.0476
G1 X106.01 Y114.907 E2.07601
G1 X105.44 Y114.95 E2.09845
G1 X104.576 Y114.95 E2.13237
G1 X103.26 Y114.806 E2.18435
G1 X102.422 Y114.62 E2.21805
G1 X101.594 Y114.359 E2.25214
G1 X100.791 Y114.027 E2.28626
G1 X100.02 Y113.625 E2.3204
G1 X99.294 Y113.163 E2.35419
G1 X98.37 Y112.429 E2.40052
G1 X97.969 Y112.054 E2.42208
G1 X97.441 Y111.452 E2.45352
G1 X97.083 Y111.662 F7800
G1 F884.349
G1 X96.771 Y111.306 E2.47211
G1 X96.256 Y110.57 E2.50738
G1 X95.803 Y109.786 E2.54293
G1 X95.482 Y109.105 E2.57249
G1 X95.259 Y108.549 E2.59601
G1 X94.987 Y107.688 E2.63146
G1 X94.743 Y106.495 E2.67927
G1 X94.673 Y105.913 E2.70229
G1 X94.643 Y104.541 E2.75617
G1 X94.721 Y103.652 E2.79121
G1 X94.952 Y102.456 E2.83904
G1 X95.11 Y101.892 E2.86204
G1 X95.607 Y100.613 E2.91592
G1 X96.022 Y99.816 E2.9512
G1 X96.505 Y99.058 E2.98649
G1 X97.262 Y98.104 E3.03431
G1 X97.662 Y97.676 E3.05731
G1 X98.694 Y96.771 E3.1112
G1 X99.426 Y96.259 E3.14627
G1 X100.49 Y95.667 E3.19408
G1 X101.024 Y95.426 E3.21708
G1 X102.323 Y94.985 E3.27094
G1 X103.2 Y94.79 E3.30622
G1 X104.092 Y94.673 E3.34154
G1 X105.309 Y94.639 E3.38934
G1 X105.894 Y94.671 E3.41234
G1 X107.25 Y94.88 E3.46621
G1 X108.119 Y95.113 E3.50154
G1 X108.827 Y95.367 E3.53107
G1 X109.378 Y95.602 E3.55459
G1 X110.184 Y96.022 E3.59028
G1 X110.942 Y96.505 E3.62557
G1 X111.896 Y97.262 E3.67339
G1 X112.324 Y97.662 E3.69639
G1 X113.229 Y98.694 E3.75028
G1 X113.744 Y99.43 E3.78555
G1 X114.193 Y100.207 E3.82079
G1 X114.744 Y101.461 E3.87457
G1 X115.014 Y102.317 E3.90981
G1 X115.208 Y103.193 E3.94504
G1 X115.357 Y104.624 E4.00153
G1 X115.357 Y105.452 E4.03404
G1 X115.279 Y106.353 E4.06955
G1 X115.122 Y107.239 E4.10488
G1 X114.788 Y108.41 E4.15269
G1 X114.582 Y108.958 E4.17568
G1 X113.975 Y110.189 E4.22957
M73 Q46 S20
G1 X113.492 Y110.946 E4.26483
G1 X112.941 Y111.665 E4.3004
M73 P46 R20
G1 X112.435 Y112.222 E4.32995
G1 X112.007 Y112.641 E4.35347
G1 X111.311 Y113.225 E4.38914
G1 X110.576 Y113.74 E4.42438
G1 X109.375 Y114.399 E4.47817
G1 X108.546 Y114.742 E4.5134
G1 X107.683 Y115.014 E4.54893
G1 X106.799 Y115.21 E4.58448
G1 X106.053 Y115.312 E4.61404
G1 X105.456 Y115.357 E4.63755
G1 X104.554 Y115.357 E4.67297
G1 X103.193 Y115.208 E4.72673
G1 X102.317 Y115.014 E4.76196
G1 X101.454 Y114.742 E4.79749
G1 X100.619 Y114.396 E4.83298
G1 X99.816 Y113.978 E4.86853
G1 X99.058 Y113.495 E4.90382
G1 X98.104 Y112.738 E4.95164
G1 X97.676 Y112.338 E4.97464
G1 X97.123 Y111.707 E5.00758
G1 X96.765 Y111.917 F7800
;TYPE:External perimeter
G1 F884.349
G1 X96.451 Y111.557 E5.02634
G1 X95.913 Y110.789 E5.06316
G1 X95.442 Y109.975 E5.10009
G1 X95.109 Y109.268 E5.13078
G1 X94.875 Y108.686 E5.15541
G1 X94.593 Y107.79 E5.19229
G1 X94.341 Y106.56 E5.24159
G1 X94.267 Y105.942 E5.26603
G1 X94.236 Y104.528 E5.32156
G1 X94.317 Y103.595 E5.35833
G1 X94.555 Y102.362 E5.40764
G1 X94.723 Y101.763 E5.43207
G1 X95.236 Y100.444 E5.48764
G1 X95.669 Y99.613 E5.52443
G1 X96.173 Y98.821 E5.56129
G1 X96.954 Y97.838 E5.61059
G1 X97.379 Y97.383 E5.63504
G1 X98.443 Y96.451 E5.69058
G1 X99.21 Y95.913 E5.72737
G1 X100.307 Y95.303 E5.77665
G1 X100.874 Y95.047 E5.80108
G1 X102.213 Y94.592 E5.85661
G1 X103.129 Y94.389 E5.89345
G1 X104.06 Y94.266 E5.93032
G1 X105.315 Y94.232 E5.97962
G1 X105.936 Y94.266 E6.00404
G1 X107.334 Y94.481 E6.05958
G1 X108.24 Y94.724 E6.09641
G1 X108.976 Y94.988 E6.12711
G1 X109.553 Y95.234 E6.15174
G1 X110.387 Y95.669 E6.18867
G1 X111.179 Y96.173 E6.22553
G1 X112.162 Y96.954 E6.27483
G1 X112.617 Y97.379 E6.29928
G1 X113.549 Y98.443 E6.35482
G1 X114.087 Y99.211 E6.39164
G1 X114.556 Y100.023 E6.42846
G1 X115.126 Y101.317 E6.48398
G1 X115.408 Y102.211 E6.52079
G1 X115.611 Y103.127 E6.55763
G1 X115.765 Y104.624 E6.61672
G1 X115.765 Y105.47 E6.64994
G1 X115.683 Y106.406 E6.68683
G1 X115.52 Y107.331 E6.72371
G1 X115.175 Y108.538 E6.773
G1 X114.956 Y109.12 E6.79742
G1 X114.33 Y110.389 E6.85298
G1 X113.826 Y111.18 E6.88981
G1 X113.254 Y111.926 E6.92672
G1 X112.728 Y112.505 E6.95743
G1 X112.28 Y112.943 E6.98203
G1 X111.559 Y113.548 E7.01899
G1 X110.791 Y114.086 E7.05581
G1 X109.552 Y114.766 E7.1113
G1 X108.685 Y115.125 E7.14815
G1 X107.789 Y115.408 E7.18504
G1 X106.871 Y115.611 E7.22196
G1 X106.096 Y115.717 E7.25267
G1 X105.471 Y115.765 E7.27728
G1 X104.532 Y115.765 E7.31415
G1 X103.127 Y115.611 E7.36965
G1 X102.211 Y115.408 E7.40649
G1 X101.315 Y115.125 E7.44338
G1 X100.446 Y114.765 E7.48031
G1 X99.613 Y114.331 E7.51719
G1 X98.821 Y113.827 E7.55405
G1 X97.838 Y113.046 E7.60335
G1 X97.383 Y112.621 E7.6278
G1 X96.805 Y111.962 E7.66222
G1 X96.541 Y111.661 F7800
G92 E0
G1 X95.957 Y108.364
;TYPE:Internal infill
;WIDTH:0.45
;HEIGHT:0.4
G1 F494.289
G1 X96.444 Y109.47 E.08489
G1 X97.09 Y110.52 E.17149
G1 X97.637 Y109.914 E.22884
G1 X97.786 Y109.586 E.25415
G1 X97.806 Y108.931 E.30018
G1 X97.542 Y108.276 E.34979
G1 X96.64 Y107.293 E.44351
G1 X96.49 Y106.965 E.46885
G1 X96.47 Y106.31 E.51488
G1 X96.683 Y105.783 E.55481
G1 X96.461 Y105.261 E.59466
G1 X96.435 Y105.025 E.61134
G1 X96.467 Y104.706 E.63386
G1 X96.609 Y104.345 E.66111
G1 X97.432 Y102.919 E.77677
G1 X96.64 Y102.052 E.85926
G1 X96.49 Y101.724 E.8846
G1 X96.47 Y101.069 E.93063
G1 X96.734 Y100.414 E.98024
G1 X97.637 Y99.431 E1.07401
G1 X97.786 Y99.104 E1.09925
G1 X97.803 Y98.57 E1.13678
G1 X99.135 Y97.332 E1.26453
G1 X99.75 Y96.901 E1.31729
G1 X100.257 Y97.466 E1.37062
G1 X100.408 Y97.838 E1.39882
G1 X100.741 Y97.569 E1.42889
G1 X101.166 Y97.422 E1.46048
G1 X102.417 Y97.406 E1.54837
G1 X101.881 Y96.81 E1.60468
G1 X101.731 Y96.483 E1.62995
G1 X101.715 Y95.943 E1.6679
G1 X102.515 Y95.672 E1.72724
G1 X103.324 Y95.492 E1.78546
G1 X104.346 Y95.379 E1.85769
G1 X104.332 Y95.828 E1.88925
G1 X104.596 Y96.483 E1.93886
G1 X105.447 Y97.406 E2.02705
G1 X107.658 Y97.406 E2.18237
G1 X107.122 Y96.81 E2.23868
G1 X106.973 Y96.483 E2.26392
G1 X106.952 Y95.828 E2.30996
G1 X107.056 Y95.571 E2.32944
G1 X107.104 Y95.578 E2.33285
G1 X107.889 Y95.789 E2.38995
G1 X109.093 Y96.257 E2.4807
G1 X110.225 Y96.893 E2.57191
G1 X110.457 Y97.138 E2.59561
G1 X110.74 Y97.466 E2.62604
G1 X110.889 Y97.793 E2.65128
G1 X110.91 Y98.448 E2.69732
G1 X110.645 Y99.104 E2.74702
G1 X110.471 Y99.287 E2.76476
G1 X109.682 Y97.939 E2.87448
G1 X109.23 Y97.553 E2.91624
G1 X108.961 Y97.47 E2.93602
G92 E0
G1 X114.147 Y101.937 F7800
G1 F494.289
G1 X113.556 Y100.53 E.10721
G1 X113.092 Y99.741 E.17151
G1 X112.458 Y100.414 E.23646
G1 X112.194 Y101.069 E.28607
G1 X112.214 Y101.724 E.3321
G1 X112.364 Y102.052 E.35744
G1 X113.266 Y103.035 E.45116
G1 X113.53 Y103.69 E.50077
G1 X113.51 Y104.345 E.5468
G1 X113.447 Y104.482 E.55739
G1 X113.565 Y105.002 E.59485
G1 X113.521 Y105.342 E.61893
G1 X113.39 Y105.656 E.64283
G1 X112.413 Y107.35 E.78021
G1 X113.266 Y108.276 E.86865
G1 X113.53 Y108.931 E.91826
G1 X113.512 Y109.517 E.95945
G1 X113.152 Y110.156 E1.01097
G1 X112.458 Y110.896 E1.08224
G1 X112.29 Y111.314 E1.11389
G1 X111.511 Y112.127 E1.19299
G1 X110.506 Y112.919 E1.28288
G1 X109.838 Y112.207 E1.35146
G1 X109.741 Y111.967 E1.36964
G1 X110.966 Y109.855 E1.54116
G92 E0
G1 X105.874 Y114.598 F7800
G1 F494.289
G1 X106.687 Y114.505 E.05749
G1 X108.255 Y114.087 E.17149
G1 X108.024 Y113.517 E.2147
G1 X107.174 Y112.594 E.30285
G1 X104.963 Y112.594 E.45817
G1 X105.498 Y113.19 E.51443
G1 X105.648 Y113.517 E.5397
G1 X105.668 Y114.172 E.58573
G1 X105.48 Y114.64 E.62116
G1 X104.463 Y114.631 E.69261
G1 X103.039 Y114.445 E.7935
G1 X103.048 Y114.172 E.81269
G1 X102.783 Y113.517 E.86233
G1 X101.933 Y112.594 E.95048
G1 X101.239 Y112.587 E.99924
G1 X100.662 Y112.384 E1.04221
G1 X100.312 Y112.054 E1.076
G1 X99.371 Y110.44 E1.20725
G1 X99.111 Y110.896 E1.24413
G1 X99.09 Y111.552 E1.29024
G1 X99.355 Y112.207 E1.33988
G1 X100.257 Y113.19 E1.4336
G1 X100.386 Y113.472 E1.45538
G1 X101.685 Y114.066 E1.55572
G1 X102.657 Y114.35 E1.62686
;LAYER_CHANGE
;Z:5.95
;HEIGHT:0.2
G92 E0
G1 Z5.95 F7800
G1 X113.245 Y105.001
;TYPE:Perimeter
;WIDTH:0.449999
G1 F884.349
G1 X113.225 Y105.263 E.01032
G1 X113.028 Y105.673 E.02818
G1 X109.502 Y111.78 E.30507
G1 X109.304 Y112.026 E.31747
G1 X108.943 Y112.237 E.33389
G1 X108.621 Y112.289 E.3467
G1 X101.379 Y112.289 E.63105
G1 X101.072 Y112.242 E.64324
G1 X100.832 Y112.13 E.65364
G1 X100.498 Y111.78 E.67264
G1 X96.877 Y105.509 E.95697
G1 X96.747 Y105.11 E.97345
G1 X96.766 Y104.775 E.98662
G1 X96.964 Y104.34 E1.00539
G1 X100.498 Y98.22 E1.28288
G1 X100.738 Y97.938 E1.29742
G1 X100.884 Y97.839 E1.30435
G1 X101.249 Y97.711 E1.31954
G1 X108.621 Y97.711 E1.609
G1 X109.091 Y97.826 E1.628
G1 X109.308 Y97.978 E1.6384
G1 X109.502 Y98.22 E1.65058
G1 X113.123 Y104.491 E1.93491
G1 X113.253 Y104.89 E1.95139
G1 X113.249 Y104.941 E1.9534
G1 X112.85 Y105.002 F7800
G1 F884.349
G1 X112.832 Y105.158 E1.95957
G1 X112.287 Y106.142 E2.00374
G1 X109.15 Y111.577 E2.25014
G1 X108.926 Y111.8 E2.26255
M73 P46 R19
G1 X108.621 Y111.882 E2.27495
G1 X101.379 Y111.882 E2.5593
G1 X101.074 Y111.8 E2.5717
G1 X100.85 Y111.577 E2.58411
G1 X97.23 Y105.305 E2.86845
G1 X97.148 Y105.013 E2.88036
G1 X97.23 Y104.695 E2.89325
G1 X100.85 Y98.423 E3.17759
G1 X101.082 Y98.195 E3.19036
M73 Q47 S20
G1 X101.379 Y98.118 E3.20241
M73 P47 R19
G1 X108.621 Y98.118 E3.48676
G1 X108.949 Y98.214 E3.50018
M73 Q47 S19
G1 X109.15 Y98.423 E3.51157
G1 X112.77 Y104.695 E3.79591
G1 X112.84 Y104.944 E3.80607
G1 X112.431 Y105 F7800
;TYPE:External perimeter
G1 F884.349
G1 X112.438 Y105.053 E3.80817
G1 X108.797 Y111.373 E4.09456
G1 X108.669 Y111.469 E4.10084
G1 X108.018 Y111.475 E4.1264
G1 X101.379 Y111.475 E4.38708
G1 X101.238 Y111.434 E4.39285
G1 X97.582 Y105.102 E4.67994
G1 X97.558 Y104.941 E4.68633
G1 X101.203 Y98.627 E4.97259
G1 X101.349 Y98.525 E4.97958
G1 X108.621 Y98.525 E5.26511
G1 X108.758 Y98.578 E5.27088
G1 X112.418 Y104.898 E5.55764
G1 X112.423 Y104.94 E5.5593
G1 X112.28 Y105.314 F7800
G92 E0
G1 X97.363 Y111.378
;TYPE:Perimeter
G1 F884.349
G1 X97.098 Y111.063 E.01616
G1 X96.6 Y110.351 E.05028
G1 X96.171 Y109.608 E.08397
G1 X95.637 Y108.396 E.13597
G1 X95.382 Y107.585 E.16935
G1 X95.149 Y106.452 E.21477
G1 X95.08 Y105.884 E.23724
G1 X95.051 Y104.554 E.28947
G1 X95.125 Y103.708 E.32281
G1 X95.343 Y102.572 E.36823
G1 X95.496 Y102.02 E.39072
G1 X95.978 Y100.781 E.44292
G1 X96.375 Y100.02 E.47662
G1 X96.837 Y99.294 E.51041
G1 X97.555 Y98.387 E.55583
G1 X97.946 Y97.969 E.5783
G1 X98.946 Y97.092 E.63053
G1 X99.642 Y96.604 E.66391
G1 X100.653 Y96.041 E.70935
G1 X101.174 Y95.805 E.73181
G1 X102.433 Y95.377 E.78402
G1 X103.27 Y95.191 E.81769
G1 X104.124 Y95.079 E.85151
G1 X105.281 Y95.046 E.89696
G1 X105.852 Y95.077 E.91941
G1 X107.166 Y95.279 E.97161
G1 X107.998 Y95.502 E1.00543
G1 X108.657 Y95.738 E1.03291
G1 X109.205 Y95.971 E1.05629
G1 X109.875 Y96.32 E1.08595
G1 X110.354 Y96.613 E1.108
G1 X110.913 Y97.001 E1.13472
G1 X111.646 Y97.586 E1.17154
G1 X112.07 Y97.99 E1.19454
G1 X112.91 Y98.949 E1.2446
G1 X113.429 Y99.699 E1.28041
G1 X113.858 Y100.458 E1.31464
G1 X114.364 Y101.608 E1.36397
G1 X114.63 Y102.475 E1.39958
G1 X114.852 Y103.552 E1.44276
G1 X114.921 Y104.162 E1.46686
G1 X114.949 Y105.446 E1.51729
G1 X114.875 Y106.3 E1.55095
G1 X114.724 Y107.156 E1.58508
G1 X114.502 Y107.984 E1.61874
G1 X114.022 Y109.219 E1.67077
G1 X113.625 Y109.98 E1.70447
G1 X113.159 Y110.713 E1.73857
G1 X112.63 Y111.402 E1.77268
G1 X112.05 Y112.035 E1.80639
G1 X111.054 Y112.908 E1.85839
G1 X110.351 Y113.4 E1.89208
G1 X109.608 Y113.829 E1.92577
G1 X108.396 Y114.363 E1.97777
G1 X107.578 Y114.62 E2.01144
G1 X106.727 Y114.809 E2.04567
G1 X106.033 Y114.904 E2.07317
G1 X105.439 Y114.95 E2.09656
G1 X104.573 Y114.95 E2.13056
G1 X103.423 Y114.832 E2.17595
G1 X102.86 Y114.727 E2.19844
G1 X101.583 Y114.355 E2.25067
G1 X100.791 Y114.027 E2.28433
G1 X100.02 Y113.625 E2.31847
G1 X99.287 Y113.159 E2.35257
G1 X98.607 Y112.636 E2.38625
G1 X97.65 Y111.72 E2.43826
G1 X97.401 Y111.424 E2.45345
G1 X97.057 Y111.647 F7800
G1 F884.349
G1 X96.775 Y111.311 E2.47067
G1 X96.256 Y110.57 E2.50619
G1 X95.807 Y109.793 E2.54143
G1 X95.256 Y108.539 E2.59521
G1 X94.987 Y107.688 E2.63025
G1 X94.747 Y106.518 E2.67715
G1 X94.673 Y105.913 E2.70108
G1 X94.643 Y104.541 E2.75496
G1 X94.721 Y103.651 E2.79004
G1 X94.946 Y102.478 E2.83694
G1 X95.11 Y101.892 E2.86083
G1 X95.607 Y100.613 E2.91471
G1 X96.022 Y99.816 E2.94999
G1 X96.505 Y99.057 E2.98531
G1 X97.247 Y98.121 E3.03221
G1 X97.663 Y97.676 E3.05613
G1 X98.694 Y96.771 E3.11
G1 X99.426 Y96.259 E3.14507
G1 X100.469 Y95.678 E3.19195
G1 X101.024 Y95.426 E3.21588
G1 X102.323 Y94.985 E3.26974
G1 X103.2 Y94.79 E3.30502
G1 X104.092 Y94.673 E3.34034
G1 X105.286 Y94.639 E3.38724
G1 X105.894 Y94.671 E3.41115
G1 X107.25 Y94.88 E3.46502
G1 X108.119 Y95.113 E3.50035
G1 X108.806 Y95.359 E3.529
G1 X109.379 Y95.603 E3.55345
G1 X110.135 Y95.996 E3.58691
G1 X110.573 Y96.27 E3.6072
G1 X111.166 Y96.682 E3.63555
G1 X111.924 Y97.289 E3.67368
G1 X112.376 Y97.722 E3.69826
G1 X113.233 Y98.699 E3.74929
G1 X113.782 Y99.495 E3.78726
G1 X114.231 Y100.294 E3.82325
G1 X114.747 Y101.467 E3.87357
G1 X115.029 Y102.393 E3.91158
G1 X115.255 Y103.489 E3.95552
G1 X115.328 Y104.153 E3.98175
G1 X115.357 Y105.459 E4.03304
G1 X115.279 Y106.353 E4.06828
G1 X115.122 Y107.244 E4.1038
G1 X114.889 Y108.111 E4.13905
G1 X114.393 Y109.387 E4.1928
G1 X113.978 Y110.184 E4.22808
G1 X113.492 Y110.946 E4.26357
G1 X112.942 Y111.664 E4.29908
G1 X112.335 Y112.326 E4.33435
G1 X111.306 Y113.229 E4.3881
G1 X110.57 Y113.744 E4.42337
G1 X109.793 Y114.193 E4.45861
G1 X108.539 Y114.744 E4.51239
G1 X107.683 Y115.014 E4.54763
G1 X106.799 Y115.21 E4.58318
G1 X106.076 Y115.309 E4.61183
G1 X105.455 Y115.357 E4.63629
G1 X104.552 Y115.357 E4.67175
G1 X103.364 Y115.235 E4.71864
G1 X102.765 Y115.124 E4.74256
G1 X101.448 Y114.74 E4.79642
G1 X100.619 Y114.396 E4.83166
G1 X99.816 Y113.978 E4.86721
G1 X99.054 Y113.492 E4.9027
G1 X98.341 Y112.946 E4.93796
G1 X97.352 Y111.999 E4.99172
G1 X97.095 Y111.693 E5.00741
G1 X96.751 Y111.915 F7800
;TYPE:External perimeter
G1 F884.349
G1 X96.452 Y111.559 E5.02566
G1 X95.913 Y110.789 E5.06256
G1 X95.444 Y109.977 E5.09938
G1 X94.874 Y108.683 E5.1549
G1 X94.593 Y107.79 E5.19166
G1 X94.345 Y106.583 E5.24004
G1 X94.267 Y105.942 E5.26539
G1 X94.236 Y104.528 E5.32092
G1 X94.317 Y103.595 E5.35769
G1 X94.55 Y102.385 E5.40607
G1 X94.723 Y101.763 E5.43142
G1 X95.236 Y100.444 E5.48699
G1 X95.669 Y99.613 E5.52378
G1 X96.173 Y98.821 E5.56064
G1 X96.938 Y97.855 E5.60902
G1 X97.379 Y97.383 E5.63438
G1 X98.443 Y96.451 E5.68992
G1 X99.21 Y95.913 E5.72671
G1 X100.286 Y95.314 E5.77506
G1 X100.874 Y95.047 E5.80042
G1 X102.213 Y94.592 E5.85595
G1 X103.129 Y94.389 E5.89279
G1 X104.06 Y94.266 E5.92966
G1 X105.291 Y94.232 E5.97801
G1 X105.936 Y94.266 E6.00337
G1 X107.334 Y94.481 E6.05891
G1 X108.241 Y94.724 E6.09578
G1 X108.954 Y94.98 E6.12553
G1 X109.553 Y95.234 E6.15108
G1 X110.323 Y95.635 E6.18517
G1 X110.791 Y95.926 E6.20681
G1 X111.419 Y96.363 E6.23685
G1 X112.202 Y96.991 E6.27626
G1 X112.682 Y97.454 E6.30245
G1 X113.555 Y98.449 E6.35442
G1 X114.134 Y99.292 E6.39458
G1 X114.604 Y100.13 E6.43231
G1 X115.13 Y101.327 E6.48365
G1 X115.428 Y102.311 E6.52402
G1 X115.657 Y103.427 E6.56875
G1 X115.735 Y104.144 E6.59707
G1 X115.764 Y105.472 E6.64923
G1 X115.683 Y106.406 E6.68604
G1 X115.519 Y107.332 E6.72296
G1 X115.277 Y108.238 E6.75978
G1 X114.764 Y109.556 E6.81531
G1 X114.331 Y110.387 E6.8521
G1 X113.826 Y111.18 E6.88901
G1 X113.254 Y111.926 E6.92592
G1 X112.62 Y112.617 E6.96274
G1 X111.557 Y113.549 E7.01825
G1 X110.789 Y114.087 E7.05507
G1 X109.977 Y114.556 E7.09189
G1 X108.683 Y115.126 E7.14741
G1 X107.789 Y115.408 E7.18422
G1 X106.87 Y115.611 E7.22117
G1 X106.12 Y115.714 E7.25089
G1 X105.471 Y115.765 E7.27645
G1 X104.531 Y115.765 E7.31336
G1 X103.306 Y115.638 E7.36172
G1 X102.671 Y115.52 E7.38708
G1 X101.313 Y115.124 E7.44262
G1 X100.446 Y114.765 E7.47947
G1 X99.613 Y114.331 E7.51635
G1 X98.82 Y113.826 E7.55326
G1 X98.076 Y113.255 E7.59008
G1 X97.055 Y112.278 E7.64557
G1 X96.789 Y111.961 E7.66182
G1 X96.532 Y111.655 F7800
;LAYER_CHANGE
;Z:6.15
;HEIGHT:0.2
G92 E0
G1 Z6.15 F7800
G1 X113.238 Y105
;TYPE:Perimeter
G1 F884.349
G1 X113.237 Y105.214 E.0084
G1 X113.028 Y105.673 E.0282
G1 X109.502 Y111.78 E.30509
G1 X109.304 Y112.026 E.31749
G1 X108.943 Y112.237 E.33391
G1 X108.621 Y112.289 E.34672
G1 X101.379 Y112.289 E.63107
G1 X101.072 Y112.242 E.64326
G1 X100.832 Y112.13 E.65366
G1 X100.498 Y111.78 E.67266
G1 X96.877 Y105.509 E.95699
G1 X96.747 Y105.11 E.97347
G1 X96.766 Y104.775 E.98664
G1 X96.965 Y104.339 E1.00546
G1 X100.498 Y98.22 E1.28289
G1 X100.737 Y97.939 E1.29737
G1 X100.883 Y97.84 E1.3043
G1 X101.242 Y97.711 E1.31928
G1 X108.621 Y97.711 E1.60901
G1 X109.139 Y97.853 E1.6301
G1 X109.44 Y98.125 E1.64603
G1 X113.123 Y104.491 E1.93481
G1 X113.239 Y104.797 E1.94766
G1 X113.238 Y104.94 E1.95327
G1 X112.851 Y104.995 F7800
G1 F884.349
G1 X112.852 Y105 E1.95347
G1 X112.77 Y105.305 E1.96587
G1 X109.15 Y111.577 E2.25021
G1 X108.926 Y111.8 E2.26262
G1 X108.621 Y111.882 E2.27502
G1 X101.379 Y111.882 E2.55937
G1 X101.074 Y111.8 E2.57177
G1 X100.85 Y111.577 E2.58418
G1 X97.23 Y105.305 E2.86852
G1 X97.148 Y105.013 E2.88043
M73 P48 R19
M73 Q48 S19
G1 X97.23 Y104.695 E2.89332
G1 X100.85 Y98.423 E3.17766
G1 X101.081 Y98.195 E3.1904
G1 X101.379 Y98.118 E3.20249
G1 X108.621 Y98.118 E3.48684
G1 X108.949 Y98.214 E3.50026
G1 X109.15 Y98.423 E3.51165
G1 X112.77 Y104.695 E3.79599
G1 X112.835 Y104.937 E3.80583
G1 X112.431 Y105 F7800
;TYPE:External perimeter
G1 F884.349
G1 X112.438 Y105.053 E3.80793
G1 X108.797 Y111.373 E4.09432
G1 X108.669 Y111.469 E4.1006
G1 X101.379 Y111.475 E4.38684
G1 X101.27 Y111.443 E4.3913
G1 X100.79 Y110.658 E4.42743
G1 X97.582 Y105.102 E4.67934
G1 X97.555 Y105.004 E4.68333
G1 X97.67 Y104.746 E4.69442
G1 X101.203 Y98.627 E4.97185
G1 X101.347 Y98.525 E4.97878
G1 X108.621 Y98.525 E5.26439
G1 X108.758 Y98.578 E5.27016
G1 X109.21 Y99.342 E5.30501
G1 X112.418 Y104.898 E5.55692
G1 X112.423 Y104.94 E5.55858
G1 X112.28 Y105.314 F7800
G92 E0
G1 X97.371 Y111.372
;TYPE:Perimeter
G1 F884.349
G1 X97.092 Y111.054 E.01661
G1 X96.6 Y110.351 E.0503
G1 X96.164 Y109.596 E.08453
G1 X95.874 Y108.984 E.11112
G1 X95.642 Y108.411 E.13539
G1 X95.382 Y107.585 E.16939
G1 X95.152 Y106.475 E.2139
G1 X95.08 Y105.883 E.23732
G1 X95.051 Y104.554 E.28952
G1 X95.125 Y103.707 E.3229
G1 X95.338 Y102.594 E.36739
G1 X95.497 Y102.02 E.39078
G1 X95.978 Y100.781 E.44297
G1 X96.375 Y100.02 E.47667
G1 X96.838 Y99.293 E.51051
G1 X97.54 Y98.404 E.55499
G1 X97.947 Y97.968 E.57841
G1 X98.946 Y97.092 E.63058
G1 X99.643 Y96.604 E.66399
G1 X100.632 Y96.052 E.70846
G1 X101.174 Y95.804 E.73186
G1 X102.433 Y95.377 E.78406
G1 X103.27 Y95.191 E.81773
G1 X104.125 Y95.079 E.85159
G1 X105.258 Y95.046 E.8961
G1 X105.853 Y95.077 E.91949
G1 X107.159 Y95.278 E.97137
G1 X108.239 Y95.584 E1.01544
G1 X108.797 Y95.793 E1.03884
G1 X109.989 Y96.38 E1.09101
G1 X110.707 Y96.838 E1.12445
G1 X111.596 Y97.54 E1.16893
G1 X112.032 Y97.947 E1.19235
G1 X112.908 Y98.946 E1.24452
G1 X113.4 Y99.649 E1.27821
G1 X113.829 Y100.392 E1.3119
G1 X114.363 Y101.604 E1.3639
G1 X114.62 Y102.422 E1.39757
G1 X114.806 Y103.26 E1.43127
G1 X114.95 Y104.624 E1.48512
G1 X114.95 Y105.434 E1.51692
G1 X114.875 Y106.3 E1.55105
G1 X114.724 Y107.156 E1.58518
G1 X114.502 Y107.984 E1.61884
G1 X114.022 Y109.219 E1.67087
G1 X113.625 Y109.98 E1.70457
G1 X113.159 Y110.713 E1.73867
G1 X112.636 Y111.393 E1.77235
G1 X111.72 Y112.35 E1.82436
G1 X111.063 Y112.902 E1.85805
G1 X110.351 Y113.4 E1.89217
G1 X109.608 Y113.829 E1.92586
G1 X108.396 Y114.363 E1.97786
G1 X107.578 Y114.62 E2.01153
G1 X106.726 Y114.809 E2.0458
G1 X106.056 Y114.902 E2.07236
G1 X105.439 Y114.95 E2.09666
G1 X104.573 Y114.95 E2.13066
G1 X103.445 Y114.835 E2.17518
G1 X102.859 Y114.727 E2.19858
G1 X101.583 Y114.355 E2.25077
G1 X100.791 Y114.027 E2.28443
G1 X100.02 Y113.625 E2.31857
G1 X99.293 Y113.162 E2.35241
G1 X98.404 Y112.46 E2.39689
G1 X97.968 Y112.053 E2.42031
G1 X97.41 Y111.417 E2.45353
G1 X97.064 Y111.64 F7800
G1 F884.349
G1 X96.771 Y111.306 E2.47098
G1 X96.256 Y110.57 E2.50625
G1 X95.803 Y109.785 E2.54184
G1 X95.501 Y109.148 E2.56952
G1 X95.259 Y108.548 E2.59492
G1 X94.987 Y107.687 E2.63037
G1 X94.75 Y106.541 E2.67632
G1 X94.673 Y105.913 E2.70116
G1 X94.643 Y104.541 E2.75504
G1 X94.721 Y103.651 E2.79012
G1 X94.941 Y102.501 E2.83609
G1 X95.11 Y101.891 E2.86094
G1 X95.607 Y100.613 E2.91478
G1 X96.022 Y99.816 E2.95006
G1 X96.505 Y99.057 E2.98538
G1 X97.231 Y98.139 E3.03133
G1 X97.663 Y97.676 E3.05619
G1 X98.694 Y96.771 E3.11006
G1 X99.426 Y96.259 E3.14513
G1 X100.448 Y95.688 E3.1911
G1 X101.024 Y95.425 E3.21596
G1 X102.323 Y94.985 E3.26981
G1 X103.2 Y94.79 E3.30509
G1 X104.092 Y94.673 E3.34041
G1 X105.262 Y94.638 E3.38637
G1 X105.894 Y94.671 E3.41122
G1 X107.246 Y94.88 E3.46494
G1 X108.366 Y95.197 E3.51064
G1 X108.959 Y95.418 E3.53549
G1 X110.189 Y96.025 E3.58935
G1 X110.943 Y96.505 E3.62445
G1 X111.861 Y97.231 E3.6704
G1 X112.324 Y97.663 E3.69526
G1 X113.229 Y98.694 E3.74913
G1 X113.744 Y99.43 E3.7844
G1 X114.193 Y100.207 E3.81964
G1 X114.744 Y101.461 E3.87342
G1 X115.014 Y102.317 E3.90866
G1 X115.208 Y103.193 E3.94389
G1 X115.357 Y104.624 E4.00038
G1 X115.357 Y105.452 E4.03289
G1 X115.279 Y106.353 E4.0684
G1 X115.122 Y107.244 E4.10392
G1 X114.889 Y108.111 E4.13917
G1 X114.393 Y109.387 E4.19292
G1 X113.978 Y110.184 E4.2282
G1 X113.492 Y110.946 E4.26369
G1 X112.946 Y111.659 E4.29895
G1 X111.999 Y112.648 E4.35271
G1 X111.311 Y113.225 E4.38797
G1 X110.57 Y113.744 E4.42349
G1 X109.793 Y114.193 E4.45873
G1 X108.539 Y114.744 E4.51251
G1 X107.683 Y115.014 E4.54775
G1 X106.798 Y115.21 E4.58334
G1 X106.099 Y115.307 E4.61105
G1 X105.455 Y115.357 E4.63641
G1 X104.552 Y115.357 E4.67187
G1 X103.387 Y115.239 E4.71785
G1 X102.765 Y115.123 E4.74269
G1 X101.448 Y114.74 E4.79654
G1 X100.619 Y114.396 E4.83178
G1 X99.816 Y113.978 E4.86733
G1 X99.057 Y113.495 E4.90265
G1 X98.139 Y112.769 E4.9486
G1 X97.676 Y112.337 E4.97346
G1 X97.104 Y111.685 E5.00752
G1 X96.758 Y111.909 F7800
;TYPE:External perimeter
G1 F884.349
G1 X96.451 Y111.557 E5.02586
G1 X95.913 Y110.789 E5.06268
G1 X95.442 Y109.975 E5.09961
G1 X95.128 Y109.311 E5.12845
G1 X94.875 Y108.686 E5.15492
G1 X94.593 Y107.79 E5.1918
G1 X94.348 Y106.607 E5.23924
G1 X94.267 Y105.942 E5.26554
G1 X94.236 Y104.528 E5.32107
G1 X94.317 Y103.595 E5.35784
G1 X94.544 Y102.408 E5.40529
G1 X94.723 Y101.763 E5.43157
G1 X95.236 Y100.444 E5.48714
G1 X95.669 Y99.613 E5.52393
G1 X96.173 Y98.821 E5.56079
G1 X96.922 Y97.873 E5.60823
G1 X97.379 Y97.383 E5.63454
G1 X98.443 Y96.451 E5.69008
G1 X99.21 Y95.913 E5.72687
G1 X100.264 Y95.325 E5.77426
G1 X100.874 Y95.047 E5.80058
G1 X102.213 Y94.592 E5.85611
G1 X103.129 Y94.389 E5.89295
G1 X104.06 Y94.266 E5.92982
G1 X105.267 Y94.231 E5.97723
G1 X105.936 Y94.266 E6.00353
G1 X107.333 Y94.481 E6.05903
G1 X108.493 Y94.81 E6.10637
G1 X109.121 Y95.044 E6.13268
G1 X110.389 Y95.67 E6.1882
G1 X111.179 Y96.173 E6.22497
G1 X112.127 Y96.922 E6.27241
G1 X112.617 Y97.379 E6.29872
G1 X113.549 Y98.443 E6.35426
G1 X114.087 Y99.211 E6.39108
G1 X114.556 Y100.023 E6.4279
G1 X115.126 Y101.317 E6.48342
G1 X115.408 Y102.211 E6.52023
G1 X115.611 Y103.127 E6.55707
G1 X115.765 Y104.624 E6.61616
G1 X115.765 Y105.47 E6.64938
G1 X115.683 Y106.406 E6.68627
G1 X115.519 Y107.332 E6.72319
G1 X115.277 Y108.238 E6.76001
G1 X114.764 Y109.556 E6.81554
G1 X114.331 Y110.387 E6.85233
G1 X113.826 Y111.18 E6.88924
G1 X113.255 Y111.924 E6.92606
G1 X112.278 Y112.945 E6.98155
G1 X111.559 Y113.548 E7.0184
G1 X110.789 Y114.087 E7.0553
G1 X109.977 Y114.556 E7.09212
G1 X108.683 Y115.126 E7.14764
G1 X107.789 Y115.408 E7.18445
G1 X106.87 Y115.611 E7.2214
G1 X106.143 Y115.711 E7.25021
G1 X105.471 Y115.765 E7.27668
G1 X104.531 Y115.765 E7.31359
G1 X103.33 Y115.642 E7.36099
G1 X102.671 Y115.52 E7.38731
G1 X101.313 Y115.124 E7.44285
G1 X100.446 Y114.765 E7.4797
G1 X99.613 Y114.331 E7.51658
G1 X98.821 Y113.827 E7.55344
G1 X97.873 Y113.078 E7.60088
G1 X97.383 Y112.621 E7.62719
G1 X96.798 Y111.954 E7.66203
G1 X96.534 Y111.653 F7800
G92 E0
G1 X97.951 Y107.98
;TYPE:Internal infill
;WIDTH:0.45
;HEIGHT:0.4
G1 F494.289
G1 X96.73 Y105.865 E.17156
G1 X96.362 Y106.31 E.21213
G1 X96.107 Y106.965 E.26151
G1 X96.054 Y107.293 E.28485
G1 X96.215 Y107.621 E.31052
G1 X97.374 Y108.276 E.40404
G1 X97.914 Y108.931 E.46367
G1 X98.169 Y109.586 E.51305
G1 X98.223 Y109.914 E.5364
G1 X98.061 Y110.241 E.56204
G1 X97.226 Y110.713 E.62942
G1 X98.035 Y111.667 E.71729
G1 X98.708 Y112.31 E.78268
G1 X99.47 Y112.913 E.85094
G1 X100.736 Y113.654 E.95399
G1 X100.843 Y113.19 E.98744
G1 X100.682 Y112.862 E1.01311
G1 X99.523 Y112.207 E1.10663
G1 X98.983 Y111.552 E1.16626
G1 X98.728 Y110.896 E1.2157
G1 X98.674 Y110.569 E1.23898
G1 X98.835 Y110.241 E1.26465
G1 X99.153 Y110.062 E1.29029
G1 X100.317 Y112.061 E1.45279
G1 X100.77 Y112.446 E1.49455
G1 X101.323 Y112.592 E1.53473
G1 X101.456 Y112.862 E1.55587
G1 X102.615 Y113.517 E1.64939
G1 X103.155 Y114.172 E1.70902
G1 X103.281 Y114.494 E1.73331
G1 X104.589 Y114.645 E1.82581
G1 X105.386 Y114.645 E1.8818
G1 X105.776 Y114.172 E1.92487
G1 X106.031 Y113.517 E1.97425
G1 X106.085 Y113.19 E1.99753
G1 X105.923 Y112.862 E2.02323
G1 X105.45 Y112.594 E2.06142
G1 X106.566 Y112.594 E2.13982
G1 X106.697 Y112.862 E2.16078
G1 X107.856 Y113.517 E2.2543
G1 X108.31 Y114.067 E2.3044
M73 Q49 S19
G1 X107.499 Y114.325 E2.36419
M73 P49 R19
G1 X105.934 Y114.605 E2.47588
G92 E0
G1 X114.329 Y102.523 F7800
G1 F494.289
G1 X114.52 Y103.456 E.0669
G1 X114.621 Y104.37 E.1315
G1 X114.633 Y104.94 E.17155
G1 X114.398 Y105.328 E.20342
G1 X114.593 Y106.018 E.25379
G1 X114.425 Y107.09 E.33002
G1 X114.019 Y108.382 E.42516
G92 E0
G1 X110.993 Y109.808 F7800
G1 F494.289
G1 X109.772 Y111.924 E.17162
G1 X110.006 Y112.207 E.19742
G1 X110.845 Y112.681 E.26512
G1 X111.667 Y111.965 E.3417
G1 X112.638 Y110.89 E.44346
G1 X113.361 Y109.827 E.53377
G1 X113.719 Y109.139 E.58825
G1 X113.638 Y108.931 E.60393
G1 X113.098 Y108.276 E.66356
G1 X112.178 Y107.756 E.7378
G1 X113.391 Y105.656 E.90817
G1 X113.548 Y105.134 E.94646
G1 X113.785 Y105 E.96559
G1 X113.946 Y104.672 E.99126
G1 X113.893 Y104.345 E1.01453
G1 X113.638 Y103.69 E1.06391
G1 X113.098 Y103.035 E1.12354
G1 X112.41 Y102.646 E1.17906
G1 X111.85 Y101.676 E1.25774
G1 X112.086 Y101.069 E1.30349
G1 X112.626 Y100.414 E1.36312
G1 X113.277 Y100.046 E1.41565
G1 X112.668 Y99.135 E1.49263
G1 X111.812 Y98.159 E1.58383
G1 X111.289 Y97.688 E1.63327
G1 X111.017 Y98.448 E1.68998
G1 X110.393 Y99.151 E1.75601
G1 X109.765 Y98.065 E1.84414
G1 X109.514 Y97.752 E1.87232
G1 X109.203 Y97.538 E1.89884
G1 X108.811 Y97.429 E1.92742
G1 X109.345 Y96.403 F7800
G1 F494.289
G1 X108.406 Y95.972 E2
G1 X107.056 Y95.571 E2.09893
G1 X106.845 Y95.828 E2.12229
G1 X106.59 Y96.483 E2.17167
G1 X106.536 Y96.81 E2.19495
G1 X106.697 Y97.138 E2.22062
G1 X107.17 Y97.406 E2.25881
G1 X106.055 Y97.406 E2.33714
G1 X105.923 Y97.138 E2.35813
G1 X104.764 Y96.483 E2.45165
G1 X104.224 Y95.828 E2.51128
G1 X104.056 Y95.396 E2.54384
G1 X102.515 Y95.672 E2.65382
G1 X101.535 Y96.005 E2.72653
G1 X101.349 Y96.483 E2.76256
G1 X101.295 Y96.81 E2.78584
G1 X101.456 Y97.138 E2.81151
G1 X101.929 Y97.406 E2.8497
G1 X101.152 Y97.424 E2.9043
G1 X100.832 Y97.537 E2.92814
G1 X100.682 Y97.138 E2.95808
G1 X100.002 Y96.754 E3.01294
G1 X99.135 Y97.332 E3.08614
G1 X97.915 Y98.45 E3.20239
G1 X98.169 Y99.104 E3.25168
G1 X98.223 Y99.431 E3.27496
G1 X98.061 Y99.759 E3.30066
G1 X96.902 Y100.414 E3.39418
G1 X96.362 Y101.069 E3.45381
G1 X96.107 Y101.724 E3.50319
G1 X96.054 Y102.052 E3.52653
G1 X96.215 Y102.379 E3.55213
G1 X97.367 Y103.031 E3.64512
G1 X98.789 Y100.57 E3.84479
G1 X98.674 Y100.086 E3.87974
G1 X98.835 Y99.759 E3.90534
G1 X99.461 Y99.405 E3.95586
G1 X100.237 Y98.061 E4.06488
G1 X100.652 Y97.629 E4.10696
;LAYER_CHANGE
;Z:6.35
;HEIGHT:0.2
G92 E0
G1 Z6.35 F7800
G1 X113.245 Y105.001
;TYPE:Perimeter
;WIDTH:0.449999
G1 F884.349
G1 X113.225 Y105.263 E.01032
G1 X113.028 Y105.673 E.02818
G1 X109.502 Y111.78 E.30507
G1 X109.257 Y112.066 E.31986
G1 X108.949 Y112.235 E.33365
G1 X108.621 Y112.289 E.3467
G1 X101.379 Y112.289 E.63105
G1 X101.072 Y112.242 E.64324
G1 X100.832 Y112.13 E.65364
G1 X100.498 Y111.78 E.67264
G1 X96.877 Y105.509 E.95697
G1 X96.747 Y105.11 E.97345
G1 X96.766 Y104.775 E.98662
G1 X96.965 Y104.338 E1.00547
G1 X100.498 Y98.22 E1.28287
G1 X100.736 Y97.94 E1.2973
G1 X100.882 Y97.84 E1.30425
G1 X101.236 Y97.711 E1.31904
G1 X108.621 Y97.711 E1.60901
G1 X109.091 Y97.826 E1.62801
G1 X109.308 Y97.978 E1.63841
G1 X109.502 Y98.22 E1.65059
G1 X113.123 Y104.491 E1.93492
G1 X113.253 Y104.89 E1.9514
G1 X113.25 Y104.941 E1.95341
G1 X112.85 Y105.002 F7800
G1 F884.349
G1 X112.832 Y105.158 E1.95958
G1 X112.287 Y106.142 E2.00375
G1 X109.15 Y111.577 E2.25015
G1 X108.915 Y111.807 E2.26306
G1 X108.621 Y111.882 E2.27497
G1 X101.379 Y111.882 E2.55932
G1 X101.074 Y111.8 E2.57172
M73 P49 R18
G1 X100.85 Y111.577 E2.58413
G1 X97.23 Y105.305 E2.86847
G1 X97.148 Y105.013 E2.88038
G1 X97.23 Y104.695 E2.89327
G1 X100.85 Y98.423 E3.17761
G1 X101.081 Y98.196 E3.19033
G1 X101.379 Y98.118 E3.20243
G1 X108.621 Y98.118 E3.48678
G1 X108.949 Y98.214 E3.5002
G1 X109.15 Y98.423 E3.51159
G1 X112.77 Y104.695 E3.79593
G1 X112.84 Y104.944 E3.80609
M73 Q49 S18
G1 X112.431 Y105 F7800
;TYPE:External perimeter
G1 F884.349
G1 X112.438 Y105.053 E3.80819
G1 X108.797 Y111.373 E4.09458
G1 X108.686 Y111.464 E4.10022
G1 X108.041 Y111.475 E4.12555
G1 X101.379 Y111.475 E4.38713
G1 X101.27 Y111.443 E4.39159
G1 X100.801 Y110.677 E4.42686
G1 X97.582 Y105.102 E4.67963
G1 X97.558 Y104.941 E4.68602
G1 X101.203 Y98.627 E4.97228
G1 X101.346 Y98.525 E4.97918
G1 X108.621 Y98.525 E5.26483
G1 X108.758 Y98.578 E5.2706
G1 X112.418 Y104.898 E5.55736
G1 X112.423 Y104.94 E5.55902
G1 X112.28 Y105.314 F7800
G92 E0
G1 X97.401 Y111.406
;TYPE:Perimeter
G1 F884.349
G1 X97.092 Y111.054 E.01839
G1 X96.6 Y110.351 E.05208
G1 X96.171 Y109.608 E.08577
G1 X95.637 Y108.396 E.13777
G1 X95.382 Y107.584 E.17119
G1 X95.156 Y106.497 E.21478
G1 X95.08 Y105.883 E.23907
G1 X95.051 Y104.554 E.29127
G1 X95.125 Y103.707 E.32465
G1 X95.332 Y102.616 E.36825
G1 X95.497 Y102.019 E.39257
G1 X95.978 Y100.781 E.44472
G1 X96.375 Y100.02 E.47842
G1 X96.838 Y99.293 E.51226
G1 X97.525 Y98.421 E.55585
G1 X97.947 Y97.968 E.58016
G1 X98.946 Y97.092 E.63233
G1 X99.643 Y96.604 E.66574
G1 X100.612 Y96.062 E.70933
G1 X101.175 Y95.804 E.73365
G1 X102.433 Y95.377 E.78581
G1 X103.27 Y95.191 E.81948
G1 X104.125 Y95.079 E.85334
G1 X105.235 Y95.045 E.89694
G1 X105.853 Y95.077 E.92124
G1 X107.166 Y95.279 E.9734
G1 X107.984 Y95.498 E1.00665
G1 X109.219 Y95.978 E1.05868
G1 X109.875 Y96.32 E1.08773
G1 X110.354 Y96.613 E1.10978
G1 X110.912 Y97 E1.13644
G1 X111.612 Y97.556 E1.17154
G1 X112.072 Y97.992 E1.19643
G1 X112.911 Y98.949 E1.2464
G1 X113.429 Y99.699 E1.28219
G1 X113.858 Y100.458 E1.31642
G1 X114.364 Y101.608 E1.36575
G1 X114.631 Y102.474 E1.40133
G1 X114.845 Y103.506 E1.44271
G1 X114.921 Y104.164 E1.46872
G1 X114.949 Y105.446 E1.51907
G1 X114.875 Y106.3 E1.55273
G1 X114.724 Y107.156 E1.58686
G1 X114.502 Y107.984 E1.62052
G1 X114.022 Y109.219 E1.67255
G1 X113.625 Y109.98 E1.70625
G1 X113.159 Y110.713 E1.74035
G1 X112.636 Y111.393 E1.77403
G1 X111.72 Y112.35 E1.82604
G1 X111.063 Y112.902 E1.85973
G1 X110.36 Y113.394 E1.89342
G1 X109.199 Y114.031 E1.94542
G1 X108.406 Y114.359 E1.97912
G1 X107.578 Y114.62 E2.01321
G1 X106.726 Y114.809 E2.04748
G1 X106.078 Y114.899 E2.07317
G1 X105.438 Y114.95 E2.09838
G1 X104.576 Y114.95 E2.13223
G1 X103.26 Y114.806 E2.18421
G1 X102.422 Y114.62 E2.21791
G1 X101.594 Y114.359 E2.252
G1 X100.791 Y114.027 E2.28612
M73 Q50 S18
G1 X100.02 Y113.625 E2.32026
G1 X99.293 Y113.162 E2.3541
M73 P50 R18
G1 X98.421 Y112.475 E2.39769
G1 X97.968 Y112.053 E2.422
G1 X97.441 Y111.452 E2.45339
G1 X97.083 Y111.662 F7800
G1 F884.349
G1 X96.771 Y111.306 E2.47198
G1 X96.256 Y110.57 E2.50725
G1 X95.807 Y109.793 E2.54249
G1 X95.256 Y108.539 E2.59627
G1 X94.987 Y107.687 E2.63135
G1 X94.754 Y106.564 E2.67638
G1 X94.673 Y105.912 E2.70218
G1 X94.643 Y104.541 E2.75602
G1 X94.721 Y103.651 E2.7911
G1 X94.935 Y102.524 E2.83614
G1 X95.11 Y101.891 E2.86193
G1 X95.607 Y100.613 E2.91577
G1 X96.022 Y99.816 E2.95105
G1 X96.506 Y99.057 E2.9864
G1 X97.216 Y98.156 E3.03144
G1 X97.663 Y97.676 E3.05719
G1 X98.694 Y96.771 E3.11106
G1 X99.426 Y96.259 E3.14613
G1 X100.427 Y95.698 E3.19119
G1 X101.025 Y95.425 E3.217
G1 X102.323 Y94.984 E3.27083
G1 X103.2 Y94.79 E3.3061
G1 X104.093 Y94.673 E3.34146
G1 X105.239 Y94.638 E3.38648
G1 X105.895 Y94.671 E3.41227
G1 X107.25 Y94.88 E3.4661
G1 X108.111 Y95.111 E3.5011
G1 X109.387 Y95.607 E3.55485
G1 X110.135 Y95.996 E3.58795
G1 X110.573 Y96.27 E3.60824
G1 X111.164 Y96.68 E3.63648
G1 X111.889 Y97.258 E3.67289
G1 X112.378 Y97.724 E3.69941
G1 X113.233 Y98.699 E3.75033
G1 X113.782 Y99.495 E3.7883
G1 X114.231 Y100.294 E3.82429
G1 X114.747 Y101.467 E3.87461
G1 X115.029 Y102.392 E3.91258
G1 X115.248 Y103.443 E3.95473
G1 X115.328 Y104.155 E3.98286
G1 X115.357 Y105.459 E4.03407
G1 X115.279 Y106.353 E4.06931
G1 X115.122 Y107.244 E4.10483
G1 X114.889 Y108.111 E4.14008
G1 X114.393 Y109.387 E4.19383
G1 X113.978 Y110.184 E4.22911
G1 X113.492 Y110.946 E4.2646
G1 X112.946 Y111.659 E4.29986
G1 X111.999 Y112.648 E4.35362
G1 X111.311 Y113.225 E4.38888
G1 X110.576 Y113.74 E4.42412
G1 X109.375 Y114.399 E4.47791
G1 X108.546 Y114.742 E4.51314
G1 X107.683 Y115.014 E4.54867
G1 X106.798 Y115.21 E4.58426
G1 X106.123 Y115.304 E4.61102
G1 X105.455 Y115.357 E4.63733
G1 X104.554 Y115.357 E4.67271
G1 X103.193 Y115.208 E4.72647
G1 X102.317 Y115.014 E4.7617
G1 X101.454 Y114.742 E4.79723
G1 X100.619 Y114.396 E4.83272
G1 X99.816 Y113.978 E4.86827
G1 X99.057 Y113.494 E4.90362
G1 X98.156 Y112.784 E4.94866
G1 X97.676 Y112.337 E4.97441
G1 X97.123 Y111.707 E5.00732
G1 X96.765 Y111.917 F7800
;TYPE:External perimeter
G1 F884.349
G1 X96.451 Y111.557 E5.02608
G1 X95.913 Y110.789 E5.0629
G1 X95.444 Y109.977 E5.09972
G1 X94.874 Y108.683 E5.15524
G1 X94.593 Y107.79 E5.192
G1 X94.352 Y106.63 E5.23852
G1 X94.266 Y105.942 E5.26574
G1 X94.236 Y104.528 E5.32127
G1 X94.317 Y103.595 E5.35804
G1 X94.538 Y102.432 E5.40452
G1 X94.723 Y101.763 E5.43177
G1 X95.236 Y100.444 E5.48734
G1 X95.669 Y99.613 E5.52413
G1 X96.173 Y98.821 E5.56099
G1 X96.906 Y97.891 E5.60748
G1 X97.379 Y97.383 E5.63473
G1 X98.443 Y96.451 E5.69027
G1 X99.21 Y95.913 E5.72706
G1 X100.243 Y95.335 E5.77354
G1 X100.874 Y95.047 E5.80077
G1 X102.213 Y94.592 E5.8563
G1 X103.129 Y94.389 E5.89314
G1 X104.06 Y94.266 E5.93001
G1 X105.243 Y94.231 E5.97648
G1 X105.936 Y94.266 E6.00373
G1 X107.334 Y94.481 E6.05927
G1 X108.238 Y94.723 E6.09602
G1 X109.556 Y95.236 E6.15155
G1 X110.323 Y95.635 E6.1855
G1 X110.791 Y95.926 E6.20714
G1 X111.417 Y96.36 E6.23705
G1 X112.166 Y96.96 E6.27473
G1 X112.684 Y97.455 E6.30286
G1 X113.555 Y98.449 E6.35475
G1 X114.134 Y99.292 E6.39491
G1 X114.604 Y100.13 E6.43264
G1 X115.13 Y101.326 E6.48394
G1 X115.428 Y102.309 E6.52427
G1 X115.65 Y103.379 E6.56718
G1 X115.735 Y104.146 E6.59748
G1 X115.764 Y105.472 E6.64956
G1 X115.683 Y106.406 E6.68637
G1 X115.519 Y107.332 E6.72329
G1 X115.277 Y108.238 E6.76011
G1 X114.764 Y109.556 E6.81564
G1 X114.331 Y110.387 E6.85243
G1 X113.826 Y111.18 E6.88934
G1 X113.255 Y111.924 E6.92616
G1 X112.278 Y112.945 E6.98165
G1 X111.559 Y113.548 E7.0185
G1 X110.791 Y114.086 E7.05532
G1 X109.552 Y114.766 E7.11081
G1 X108.685 Y115.125 E7.14766
G1 X107.789 Y115.408 E7.18455
G1 X106.87 Y115.611 E7.2215
G1 X106.167 Y115.709 E7.24937
G1 X105.471 Y115.765 E7.27679
G1 X104.532 Y115.765 E7.31366
G1 X103.127 Y115.611 E7.36916
G1 X102.211 Y115.408 E7.406
G1 X101.315 Y115.125 E7.44289
G1 X100.446 Y114.765 E7.47982
G1 X99.613 Y114.331 E7.5167
G1 X98.821 Y113.827 E7.55356
G1 X97.891 Y113.093 E7.60008
G1 X97.383 Y112.621 E7.62731
G1 X96.805 Y111.962 E7.66173
G1 X96.541 Y111.661 F7800
;LAYER_CHANGE
;Z:6.55
;HEIGHT:0.2
G92 E0
G1 Z6.55 F7800
G1 X113.254 Y105.002
;TYPE:Perimeter
G1 F884.349
G1 X113.235 Y105.219 E.00855
G1 X113.123 Y105.509 E.02076
G1 X109.502 Y111.78 E.30509
G1 X109.168 Y112.13 E.32409
G1 X108.906 Y112.248 E.33537
G1 X108.409 Y112.289 E.35495
G1 X101.379 Y112.289 E.63098
G1 X101.03 Y112.227 E.6449
G1 X100.704 Y112.033 E.6598
G1 X100.498 Y111.78 E.67261
G1 X96.874 Y105.503 E.9572
G1 X96.752 Y105.154 E.97172
G1 X96.76 Y104.802 E.98554
G1 X96.877 Y104.491 E.99859
G1 X100.498 Y98.22 E1.28292
G1 X100.697 Y97.973 E1.29537
G1 X100.929 Y97.816 E1.30637
G1 X101.379 Y97.711 E1.32451
G1 X108.621 Y97.711 E1.60886
G1 X108.933 Y97.76 E1.62126
G1 X109.304 Y97.974 E1.63808
G1 X109.597 Y98.384 E1.65787
G1 X113.123 Y104.491 E1.93476
G1 X113.255 Y104.943 E1.95325
G1 X112.844 Y104.996 F7800
G1 F884.349
G1 X112.852 Y105.027 E1.95451
G1 X112.77 Y105.305 E1.96589
G1 X109.15 Y111.577 E2.25023
G1 X108.932 Y111.797 E2.26239
G1 X108.621 Y111.882 E2.27505
G1 X101.379 Y111.882 E2.5594
G1 X101.074 Y111.8 E2.5718
G1 X100.85 Y111.577 E2.58421
G1 X97.228 Y105.302 E2.86869
G1 X97.148 Y104.987 E2.88145
G1 X97.23 Y104.695 E2.89336
G1 X100.85 Y98.423 E3.1777
G1 X101.066 Y98.204 E3.18978
G1 X101.379 Y98.118 E3.20253
G1 X108.621 Y98.118 E3.48688
G1 X108.926 Y98.2 E3.49928
G1 X109.15 Y98.423 E3.51169
G1 X112.77 Y104.695 E3.79603
G1 X112.83 Y104.938 E3.80586
G1 X112.434 Y105 F7800
;TYPE:External perimeter
G1 F884.349
G1 X112.44 Y105.044 E3.8076
G1 X112.128 Y105.604 E3.83277
G1 X108.797 Y111.373 E4.09433
G1 X108.668 Y111.475 E4.10079
G1 X101.379 Y111.475 E4.38699
G1 X101.244 Y111.424 E4.39266
G1 X97.581 Y105.101 E4.67958
G1 X97.559 Y104.96 E4.68518
G1 X97.973 Y104.221 E4.71844
G1 X101.203 Y98.627 E4.97207
G1 X101.289 Y98.546 E4.97671
G1 X102.322 Y98.525 E5.01728
G1 X108.621 Y98.525 E5.26461
G1 X108.765 Y98.584 E5.27072
G1 X112.418 Y104.898 E5.55714
G1 X112.424 Y104.94 E5.55881
G1 X112.282 Y105.314 F7800
G92 E0
G1 X97.357 Y111.384
;TYPE:Perimeter
G1 F884.349
G1 X96.845 Y110.718 E.03298
G1 X96.273 Y109.794 E.07565
G1 X95.98 Y109.222 E.10088
G1 X95.498 Y107.984 E.15304
G1 X95.278 Y107.162 E.18645
G1 X95.102 Y106.089 E.22914
G1 X95.051 Y105.449 E.25435
G1 X95.079 Y104.127 E.30627
G1 X95.233 Y103.063 E.34848
G1 X95.376 Y102.436 E.37373
G1 X95.803 Y101.178 E.42589
G1 X96.163 Y100.407 E.4593
G1 X96.718 Y99.472 E.50199
G1 X97.09 Y98.948 E.52722
G1 X97.966 Y97.95 E.57936
G1 X98.593 Y97.374 E.61279
G1 X99.659 Y96.601 E.66449
G1 X100.18 Y96.297 E.68817
G1 X101.25 Y95.776 E.7349
G1 X102.055 Y95.49 E.76844
G1 X103.286 Y95.189 E.8182
G1 X104.192 Y95.077 E.85404
G1 X105.266 Y95.048 E.89623
G1 X105.921 Y95.087 E.92199
G1 X107.169 Y95.28 E.97157
G1 X108.041 Y95.518 E1.00706
G1 X109.023 Y95.897 E1.04839
G1 X109.975 Y96.383 E1.09036
G1 X110.458 Y96.675 E1.11252
G1 X111.096 Y97.126 E1.1432
G1 X111.763 Y97.694 E1.1776
G1 X112.639 Y98.609 E1.22734
G1 X113.19 Y99.334 E1.2631
G1 X113.523 Y99.853 E1.28731
G1 X113.856 Y100.447 E1.31405
G1 X114.221 Y101.242 E1.3484
G1 X114.511 Y102.06 E1.38248
G1 X114.81 Y103.284 E1.43195
G1 X114.924 Y104.172 E1.4671
G1 X114.958 Y105.037 E1.50109
G1 X114.922 Y105.868 E1.53375
G1 X114.809 Y106.73 E1.56789
G1 X114.623 Y107.567 E1.60156
G1 X114.197 Y108.822 E1.6536
G1 X113.839 Y109.589 E1.68683
G1 X113.152 Y110.722 E1.73886
G1 X112.63 Y111.402 E1.77252
G1 X112.043 Y112.043 E1.80665
M73 Q51 S18
G1 X111.402 Y112.63 E1.84078
G1 X110.713 Y113.159 E1.87489
M73 P51 R18
G1 X109.989 Y113.62 E1.90859
G1 X108.801 Y114.206 E1.9606
G1 X107.995 Y114.499 E1.99427
G1 X107.166 Y114.721 E2.02797
G1 X105.857 Y114.922 E2.07997
G1 X105 Y114.96 E2.11365
G1 X104.138 Y114.922 E2.14753
G1 X103.063 Y114.767 E2.19018
G1 X102.436 Y114.624 E2.21543
G1 X101.178 Y114.197 E2.26759
G1 X100.401 Y113.834 E2.30126
G1 X99.658 Y113.406 E2.33493
G1 X98.59 Y112.622 E2.38695
G1 X97.957 Y112.043 E2.42063
G1 X97.396 Y111.43 E2.45326
G1 X97.05 Y111.653 F7800
G1 F884.349
G1 X96.51 Y110.949 E2.4881
G1 X95.918 Y109.994 E2.53222
G1 X95.608 Y109.389 E2.55891
G1 X95.111 Y108.111 E2.61275
G1 X94.879 Y107.247 E2.64788
G1 X94.698 Y106.139 E2.69196
G1 X94.643 Y105.461 E2.71867
G1 X94.673 Y104.093 E2.7724
G1 X94.832 Y102.988 E2.81623
G1 X94.984 Y102.325 E2.84294
G1 X95.425 Y101.027 E2.89677
G1 X95.803 Y100.216 E2.9319
G1 X96.376 Y99.25 E2.976
G1 X96.77 Y98.696 E3.00269
G1 X97.674 Y97.665 E3.05653
G1 X98.333 Y97.061 E3.09163
G1 X99.233 Y96.388 E3.13576
G1 X99.809 Y96.026 E3.16247
G1 X101.039 Y95.42 E3.21631
G1 X101.876 Y95.115 E3.25129
G1 X103.206 Y94.789 E3.30506
G1 X104.093 Y94.673 E3.34018
G1 X105.216 Y94.637 E3.3843
G1 X105.895 Y94.672 E3.411
G1 X107.25 Y94.88 E3.46483
G1 X108.117 Y95.113 E3.50008
G1 X108.967 Y95.422 E3.53559
G1 X109.737 Y95.781 E3.56895
G1 X110.691 Y96.341 E3.61239
G1 X111.358 Y96.814 E3.6445
G1 X112.057 Y97.413 E3.68064
G1 X112.949 Y98.345 E3.73129
G1 X113.531 Y99.113 E3.76913
G1 X113.877 Y99.652 E3.79428
G1 X114.225 Y100.275 E3.8223
G1 X114.604 Y101.103 E3.85806
G1 X114.907 Y101.963 E3.89386
G1 X115.212 Y103.21 E3.94427
G1 X115.33 Y104.154 E3.98162
G1 X115.365 Y105.055 E4.01702
G1 X115.328 Y105.904 E4.05039
G1 X115.21 Y106.8 E4.08587
G1 X115.015 Y107.677 E4.12115
G1 X114.575 Y108.973 E4.17489
G1 X114.199 Y109.781 E4.20988
G1 X113.488 Y110.952 E4.26367
G1 X112.942 Y111.664 E4.2989
G1 X112.331 Y112.331 E4.33442
G1 X111.664 Y112.942 E4.36994
G1 X110.946 Y113.492 E4.40545
G1 X110.189 Y113.975 E4.44071
G1 X108.961 Y114.58 E4.49446
G1 X108.117 Y114.887 E4.52972
G1 X107.25 Y115.12 E4.56497
G1 X105.897 Y115.328 E4.61872
G1 X105 Y115.367 E4.65397
G1 X104.1 Y115.328 E4.68934
G1 X102.988 Y115.168 E4.73345
G1 X102.325 Y115.016 E4.76016
G1 X101.027 Y114.575 E4.81399
G1 X100.213 Y114.196 E4.84925
G1 X99.435 Y113.747 E4.88452
G1 X98.331 Y112.937 E4.93828
G1 X97.669 Y112.331 E4.97352
G1 X97.089 Y111.698 E5.00723
G1 X96.743 Y111.922 F7800
;TYPE:External perimeter
G1 F884.349
G1 X96.174 Y111.181 E5.04391
G1 X95.563 Y110.195 E5.08946
G1 X95.236 Y109.556 E5.11764
G1 X94.723 Y108.238 E5.17317
G1 X94.481 Y107.333 E5.20995
G1 X94.293 Y106.188 E5.25551
G1 X94.236 Y105.473 E5.28367
G1 X94.266 Y104.06 E5.33916
G1 X94.432 Y102.914 E5.38463
G1 X94.592 Y102.214 E5.41282
G1 X95.046 Y100.875 E5.46834
G1 X95.442 Y100.026 E5.50512
G1 X96.035 Y99.028 E5.5507
G1 X96.45 Y98.443 E5.57886
G1 X97.383 Y97.38 E5.63439
G1 X98.073 Y96.747 E5.67116
G1 X99.002 Y96.052 E5.71671
G1 X99.61 Y95.67 E5.7449
G1 X100.879 Y95.045 E5.80044
G1 X101.758 Y94.725 E5.83717
G1 X103.131 Y94.389 E5.89267
G1 X104.06 Y94.266 E5.92947
G1 X105.22 Y94.23 E5.97504
G1 X105.936 Y94.266 E6.00319
G1 X107.334 Y94.481 E6.05873
G1 X108.24 Y94.724 E6.09556
G1 X109.123 Y95.045 E6.13245
G1 X109.909 Y95.412 E6.16651
G1 X110.925 Y96.008 E6.21276
G1 X111.62 Y96.503 E6.24626
G1 X112.351 Y97.131 E6.2841
G1 X113.26 Y98.081 E6.33573
G1 X113.873 Y98.892 E6.37565
G1 X114.231 Y99.451 E6.40171
G1 X114.594 Y100.103 E6.43101
G1 X114.986 Y100.963 E6.46812
G1 X115.302 Y101.867 E6.50572
G1 X115.613 Y103.137 E6.55706
G1 X115.737 Y104.136 E6.59659
G1 X115.772 Y105.073 E6.63341
G1 X115.734 Y105.939 E6.66745
G1 X115.611 Y106.871 E6.70436
G1 X115.408 Y107.787 E6.7412
G1 X114.954 Y109.125 E6.79668
G1 X114.558 Y109.973 E6.83343
G1 X113.825 Y111.182 E6.88894
G1 X113.254 Y111.926 E6.92576
G1 X112.619 Y112.619 E6.96267
G1 X111.926 Y113.254 E6.99958
G1 X111.18 Y113.826 E7.03649
G1 X110.389 Y114.33 E7.07332
G1 X109.121 Y114.955 E7.12883
G1 X108.24 Y115.276 E7.16565
G1 X107.334 Y115.519 E7.20248
G1 X105.937 Y115.734 E7.25798
G1 X105 Y115.775 E7.29481
G1 X104.062 Y115.734 E7.33168
G1 X102.914 Y115.568 E7.37722
G1 X102.214 Y115.408 E7.40541
G1 X100.875 Y114.954 E7.46093
G1 X100.025 Y114.557 E7.49777
G1 X99.212 Y114.088 E7.53462
G1 X98.072 Y113.252 E7.59013
G1 X97.381 Y112.619 E7.62693
G1 X96.783 Y111.967 E7.66167
G1 X96.536 Y111.652 F7800
G92 E0
G1 X106.093 Y114.577
;TYPE:Internal infill
;WIDTH:0.45
;HEIGHT:0.4
G1 F494.289
G1 X107.293 Y114.371 E.08553
G1 X108.461 Y114.005 E.17152
G1 X108.276 Y113.812 E.1903
G1 X107.621 Y113.489 E.2416
G1 X106.965 Y113.453 E.28775
G1 X106.638 Y113.574 E.31224
G1 X105.655 Y114.533 E.40871
G1 X105.448 Y114.635 E.42492
G1 X104.463 Y114.631 E.49412
G1 X103.758 Y114.554 E.54394
G1 X103.035 Y113.812 E.61672
G1 X102.379 Y113.489 E.66809
G1 X101.724 Y113.453 E.71417
G1 X101.397 Y113.574 E.73866
G1 X101.099 Y113.823 E.76594
G1 X100.733 Y113.652 E.79432
G1 X99.72 Y113.072 E.87632
G1 X98.673 Y112.285 E.96833
G1 X98.184 Y111.836 E1.01497
G1 X97.337 Y110.858 E1.10586
G1 X97.793 Y110.832 E1.13795
G1 X98.121 Y110.953 E1.16251
G1 X99.104 Y111.912 E1.25898
G1 X99.759 Y112.235 E1.31028
G1 X100.486 Y112.244 E1.36136
G1 X100.235 Y111.935 E1.38933
G1 X98.865 Y109.562 E1.58182
G1 X98.448 Y109.255 E1.6182
G1 X97.793 Y108.57 E1.68478
G1 X97.138 Y108.248 E1.73605
G1 X96.483 Y108.212 E1.78213
G1 X96.155 Y108.332 E1.80667
G1 X96.009 Y108.455 E1.82008
G1 X95.738 Y107.7 E1.87643
G1 X95.545 Y106.871 E1.93622
G1 X96.483 Y105.95 E2.02857
G1 X96.713 Y105.836 E2.0466
G1 X96.46 Y105.259 E2.09086
G1 X96.467 Y104.706 E2.12971
G1 X96.609 Y104.345 E2.15696
G1 X97.328 Y103.1 E2.25796
G1 X97.138 Y103.007 E2.27282
G1 X96.483 Y102.97 E2.31891
G1 X96.155 Y103.091 E2.34347
G1 X95.439 Y103.772 E2.41289
G1 X95.489 Y103.426 E2.43745
G1 X95.644 Y102.632 E2.49428
G1 X95.947 Y101.705 E2.56279
G1 X96.242 Y100.96 E2.61908
G1 X96.483 Y100.708 E2.64358
G1 X97.138 Y100.386 E2.69485
G1 X97.793 Y100.35 E2.74093
G1 X98.121 Y100.47 E2.76547
G1 X98.597 Y100.901 E2.81058
G1 X99.614 Y99.139 E2.9535
G1 X99.104 Y99.168 E2.98939
G1 X98.776 Y99.047 E3.01395
G1 X98.032 Y98.337 E3.0862
G1 X98.992 Y97.457 E3.17769
G1 X99.714 Y96.927 E3.24061
G1 X100.374 Y96.545 E3.29418
G1 X100.741 Y96.426 E3.32128
G1 X101.306 Y96.082 E3.36775
G1 X102.302 Y95.744 E3.44164
G1 X103.628 Y95.452 E3.53702
G1 X104.345 Y96.188 E3.6092
G1 X105 Y96.511 E3.6605
G1 X105.655 Y96.547 E3.70658
G1 X105.983 Y96.426 E3.73114
G1 X106.89 Y95.546 E3.81992
G1 X107.889 Y95.789 E3.89215
G1 X109.2 Y96.316 E3.99141
G1 X108.731 Y97.413 F7800
G1 F494.289
G1 X109.279 Y97.579 E4.03163
G1 X109.556 Y97.792 E4.05618
G1 X110.349 Y99.078 E4.16232
G1 X110.896 Y98.809 E4.20514
G1 X111.663 Y98.031 E4.28189
G1 X112.78 Y99.295 E4.40039
G1 X113.454 Y100.353 E4.48851
G1 X112.862 Y100.386 E4.53016
G1 X112.207 Y100.708 E4.58143
G1 X111.633 Y101.307 E4.63971
G1 X112.609 Y102.993 E4.77656
G1 X112.862 Y103.007 E4.79436
G1 X113.517 Y103.329 E4.84563
G1 X114.172 Y104.013 E4.91216
G1 X114.62 Y104.333 E4.95084
G1 X114.627 Y105.631 E5.04203
G1 X114.547 Y106.378 E5.09481
G1 X113.845 Y105.712 E5.16279
G1 X113.417 Y105.597 E5.19392
G1 X111.814 Y108.387 E5.41996
G1 X112.207 Y108.212 E5.45018
G1 X112.862 Y108.248 E5.49626
G1 X113.517 Y108.57 E5.54753
G1 X113.822 Y108.889 E5.57853
G1 X113.501 Y109.557 E5.63059
G1 X112.899 Y110.549 E5.71211
G1 X112.528 Y111.033 E5.75495
G1 X112.207 Y111.191 E5.78008
G1 X111.224 Y112.15 E5.87655
G1 X110.896 Y112.271 E5.90111
G1 X110.241 Y112.235 E5.94719
G1 X109.733 Y111.985 E5.98696
G1 X109.521 Y112.242 E6.01036
G1 X108.992 Y112.542 E6.05308
G1 X108.623 Y112.594 E6.07926
G1 X107.503 Y112.594 E6.15794
;LAYER_CHANGE
;Z:6.75
;HEIGHT:0.2
G92 E0
G1 Z6.75 F7800
G1 X113.254 Y105.002
;TYPE:Perimeter
;WIDTH:0.449999
G1 F884.349
G1 X113.235 Y105.219 E.00855
G1 X113.123 Y105.509 E.02076
G1 X109.502 Y111.78 E.30509
G1 X109.168 Y112.13 E.32409
G1 X108.906 Y112.248 E.33537
G1 X108.409 Y112.289 E.35495
G1 X101.379 Y112.289 E.63098
G1 X101.03 Y112.227 E.6449
G1 X100.704 Y112.033 E.6598
G1 X100.498 Y111.78 E.67261
G1 X96.877 Y105.509 E.95694
G1 X96.752 Y105.154 E.97172
M73 P52 R18
M73 Q52 S18
G1 X96.76 Y104.802 E.98554
G1 X96.877 Y104.491 E.99859
G1 X100.498 Y98.22 E1.28292
G1 X100.78 Y97.906 E1.29949
G1 X101.078 Y97.756 E1.31259
G1 X101.578 Y97.711 E1.3323
G1 X108.621 Y97.711 E1.60884
G1 X108.933 Y97.76 E1.62124
G1 X109.304 Y97.974 E1.63806
G1 X109.602 Y98.392 E1.65822
G1 X113.123 Y104.491 E1.93474
G1 X113.255 Y104.943 E1.95323
G1 X112.844 Y104.996 F7800
G1 F884.349
G1 X112.852 Y105.027 E1.95449
G1 X112.77 Y105.305 E1.96587
G1 X109.15 Y111.577 E2.25021
G1 X108.932 Y111.797 E2.26237
G1 X108.621 Y111.882 E2.27503
G1 X101.379 Y111.882 E2.55938
G1 X101.074 Y111.8 E2.57178
G1 X100.85 Y111.577 E2.58419
G1 X97.23 Y105.305 E2.86853
G1 X97.155 Y105.092 E2.8774
G1 X97.159 Y104.881 E2.88569
G1 X97.23 Y104.695 E2.89351
G1 X100.85 Y98.423 E3.17785
G1 X101.062 Y98.207 E3.18973
G1 X101.379 Y98.118 E3.20266
G1 X108.621 Y98.118 E3.48701
G1 X108.926 Y98.2 E3.49941
G1 X109.15 Y98.423 E3.51182
G1 X112.77 Y104.695 E3.79616
G1 X112.83 Y104.938 E3.80599
G1 X112.434 Y105 F7800
;TYPE:External perimeter
G1 F884.349
G1 X112.44 Y105.044 E3.80773
G1 X108.797 Y111.373 E4.09446
G1 X108.678 Y111.467 E4.10041
M73 P52 R17
G1 X101.379 Y111.475 E4.387
G1 X101.244 Y111.424 E4.39267
G1 X100.902 Y110.851 E4.41887
G1 X97.582 Y105.102 E4.67954
G1 X97.559 Y104.96 E4.68519
G1 X101.203 Y98.627 E4.97208
G1 X101.319 Y98.534 E4.97792
M73 Q52 S17
G1 X102.114 Y98.525 E5.00914
G1 X108.621 Y98.525 E5.26463
G1 X108.765 Y98.584 E5.27074
G1 X112.418 Y104.898 E5.55716
G1 X112.424 Y104.94 E5.55883
G1 X112.278 Y105.313 F7800
G92 E0
G1 X97.386 Y111.419
;TYPE:Perimeter
G1 F884.349
G1 X97.37 Y111.402 E.00092
G1 X96.845 Y110.717 E.03481
G1 X96.284 Y109.814 E.07655
G1 X95.979 Y109.222 E.1027
G1 X95.498 Y107.984 E.15485
G1 X95.278 Y107.161 E.1883
G1 X95.105 Y106.112 E.23004
G1 X95.051 Y105.448 E.2562
G1 X95.079 Y104.126 E.30812
G1 X95.228 Y103.085 E.34941
G1 X95.376 Y102.436 E.37555
G1 X95.803 Y101.178 E.42771
G1 X96.163 Y100.406 E.46116
G1 X96.705 Y99.491 E.50292
G1 X97.09 Y98.948 E.52906
G1 X97.966 Y97.95 E.5812
G1 X98.598 Y97.37 E.61488
G1 X99.279 Y96.848 E.64857
G1 X100.454 Y96.141 E.70241
G1 X101.229 Y95.783 E.73593
G1 X101.792 Y95.574 E.75951
G1 X102.467 Y95.37 E.7872
G1 X103.325 Y95.184 E.82167
G1 X104.191 Y95.077 E.85593
G1 X105.243 Y95.047 E.89725
G1 X105.922 Y95.088 E.92396
G1 X107.169 Y95.28 E.9735
G1 X108.041 Y95.518 E1.00899
G1 X109.023 Y95.897 E1.05032
G1 X109.975 Y96.383 E1.09229
G1 X110.458 Y96.675 E1.11445
G1 X111.097 Y97.126 E1.14516
G1 X111.559 Y97.509 E1.16872
G1 X112.073 Y97.991 E1.19639
G1 X112.663 Y98.642 E1.23089
G1 X113.189 Y99.34 E1.26521
G1 X113.841 Y100.414 E1.31454
G1 X114.221 Y101.242 E1.35031
G1 X114.511 Y102.06 E1.38439
G1 X114.81 Y103.284 E1.43386
G1 X114.924 Y104.172 E1.46901
G1 X114.958 Y105.037 E1.503
G1 X114.922 Y105.868 E1.53566
G1 X114.809 Y106.73 E1.5698
G1 X114.623 Y107.567 E1.60347
G1 X114.197 Y108.822 E1.65551
G1 X113.839 Y109.589 E1.68874
G1 X113.152 Y110.722 E1.74077
G1 X112.63 Y111.402 E1.77443
G1 X112.043 Y112.043 E1.80856
G1 X111.402 Y112.63 E1.84269
G1 X110.713 Y113.159 E1.8768
G1 X109.989 Y113.62 E1.9105
G1 X108.801 Y114.206 E1.96251
G1 X107.995 Y114.499 E1.99618
G1 X107.161 Y114.722 E2.03008
G1 X106.112 Y114.895 E2.07182
G1 X105.448 Y114.949 E2.09798
G1 X104.132 Y114.921 E2.14966
G1 X102.834 Y114.721 E2.20123
G1 X102.005 Y114.499 E2.23493
G1 X101.189 Y114.202 E2.26903
G1 X100.401 Y113.834 E2.30318
G1 X99.658 Y113.406 E2.33685
G1 X98.59 Y112.622 E2.38887
G1 X97.957 Y112.043 E2.42255
G1 X97.426 Y111.463 E2.45343
G1 X97.067 Y111.674 F7800
G1 F884.349
G1 X97.058 Y111.664 E2.45396
G1 X96.51 Y110.949 E2.48933
G1 X95.929 Y110.015 E2.53252
G1 X95.608 Y109.389 E2.56014
G1 X95.111 Y108.111 E2.61398
G1 X94.879 Y107.247 E2.64911
G1 X94.7 Y106.162 E2.69229
G1 X94.643 Y105.46 E2.71994
G1 X94.673 Y104.093 E2.77363
G1 X94.828 Y103.011 E2.81655
G1 X94.984 Y102.325 E2.84417
G1 X95.425 Y101.027 E2.898
G1 X95.803 Y100.216 E2.93313
G1 X96.363 Y99.27 E2.97629
G1 X96.77 Y98.695 E3.00395
G1 X97.674 Y97.665 E3.05776
G1 X98.336 Y97.058 E3.09303
G1 X99.048 Y96.512 E3.12826
G1 X100.219 Y95.801 E3.18205
G1 X101.035 Y95.421 E3.21739
G1 X101.63 Y95.198 E3.24234
G1 X102.315 Y94.986 E3.27049
G1 X103.2 Y94.79 E3.30608
G1 X104.093 Y94.673 E3.34144
G1 X105.192 Y94.637 E3.38461
G1 X105.895 Y94.672 E3.41225
G1 X107.25 Y94.88 E3.46608
G1 X108.117 Y95.113 E3.50133
G1 X108.967 Y95.422 E3.53684
G1 X109.737 Y95.781 E3.5702
G1 X110.691 Y96.341 E3.61364
G1 X111.356 Y96.812 E3.64564
G1 X111.835 Y97.21 E3.67009
G1 X112.373 Y97.716 E3.69909
G1 X112.986 Y98.394 E3.73498
G1 X113.537 Y99.129 E3.77105
G1 X114.202 Y100.224 E3.82135
G1 X114.604 Y101.103 E3.8593
G1 X114.907 Y101.963 E3.8951
G1 X115.212 Y103.21 E3.94551
G1 X115.33 Y104.154 E3.98286
G1 X115.365 Y105.055 E4.01826
G1 X115.328 Y105.904 E4.05163
G1 X115.21 Y106.8 E4.08711
G1 X115.015 Y107.677 E4.12239
G1 X114.575 Y108.973 E4.17613
G1 X114.199 Y109.781 E4.21112
G1 X113.488 Y110.952 E4.26491
G1 X112.942 Y111.664 E4.30014
G1 X112.331 Y112.331 E4.33566
G1 X111.664 Y112.942 E4.37118
G1 X110.946 Y113.492 E4.40669
G1 X110.189 Y113.975 E4.44195
G1 X108.961 Y114.58 E4.4957
G1 X108.117 Y114.887 E4.53096
G1 X107.247 Y115.121 E4.56633
G1 X106.162 Y115.3 E4.60951
G1 X105.46 Y115.357 E4.63716
G1 X104.096 Y115.327 E4.69073
G1 X102.75 Y115.12 E4.7442
G1 X101.883 Y114.887 E4.77945
G1 X101.033 Y114.578 E4.81496
G1 X100.213 Y114.196 E4.85048
G1 X99.435 Y113.747 E4.88575
G1 X98.331 Y112.937 E4.93951
G1 X97.669 Y112.331 E4.97475
G1 X97.108 Y111.718 E5.00738
G1 X96.749 Y111.93 F7800
;TYPE:External perimeter
G1 F884.349
G1 X96.746 Y111.926 E5.00758
G1 X96.174 Y111.181 E5.04446
G1 X95.575 Y110.216 E5.08906
G1 X95.236 Y109.556 E5.11819
G1 X94.723 Y108.238 E5.17372
G1 X94.481 Y107.333 E5.2105
G1 X94.296 Y106.212 E5.25511
G1 X94.236 Y105.473 E5.28422
G1 X94.266 Y104.06 E5.33971
G1 X94.427 Y102.937 E5.38425
G1 X94.592 Y102.214 E5.41337
G1 X95.046 Y100.875 E5.46889
G1 X95.442 Y100.026 E5.50567
G1 X96.021 Y99.048 E5.5503
G1 X96.45 Y98.443 E5.57942
G1 X97.383 Y97.38 E5.63495
G1 X98.074 Y96.746 E5.67177
G1 X98.818 Y96.175 E5.70859
G1 X100.027 Y95.442 E5.7641
G1 X100.878 Y95.045 E5.80097
G1 X101.498 Y94.813 E5.82696
G1 X102.211 Y94.592 E5.85627
G1 X103.129 Y94.389 E5.89319
G1 X104.06 Y94.266 E5.93006
G1 X105.196 Y94.229 E5.97469
G1 X105.936 Y94.266 E6.00378
G1 X107.334 Y94.481 E6.05932
G1 X108.24 Y94.724 E6.09615
G1 X109.123 Y95.045 E6.13304
G1 X109.909 Y95.412 E6.1671
G1 X110.925 Y96.008 E6.21335
G1 X111.615 Y96.497 E6.24656
G1 X112.112 Y96.911 E6.27196
G1 X112.674 Y97.441 E6.30229
G1 X113.309 Y98.146 E6.33954
G1 X113.885 Y98.918 E6.37736
G1 X114.563 Y100.034 E6.42863
G1 X114.986 Y100.963 E6.46871
G1 X115.302 Y101.867 E6.50631
G1 X115.613 Y103.137 E6.55765
G1 X115.737 Y104.136 E6.59718
G1 X115.772 Y105.073 E6.634
G1 X115.734 Y105.939 E6.66804
G1 X115.611 Y106.871 E6.70495
G1 X115.408 Y107.787 E6.74179
G1 X114.954 Y109.125 E6.79727
G1 X114.558 Y109.973 E6.83402
G1 X113.825 Y111.182 E6.88953
G1 X113.254 Y111.926 E6.92635
G1 X112.619 Y112.619 E6.96326
G1 X111.926 Y113.254 E7.00017
G1 X111.18 Y113.826 E7.03708
G1 X110.389 Y114.33 E7.07391
G1 X109.121 Y114.955 E7.12942
G1 X108.24 Y115.276 E7.16624
G1 X107.333 Y115.519 E7.20311
G1 X106.212 Y115.704 E7.24772
G1 X105.473 Y115.764 E7.27683
G1 X104.061 Y115.734 E7.33228
G1 X102.666 Y115.519 E7.3877
G1 X101.76 Y115.276 E7.42453
G1 X100.877 Y114.955 E7.46142
G1 X100.025 Y114.557 E7.49834
G1 X99.212 Y114.088 E7.53519
G1 X98.072 Y113.252 E7.5907
G1 X97.381 Y112.619 E7.6275
G1 X96.79 Y111.974 E7.66185
G1 X96.542 Y111.659 F7800
;LAYER_CHANGE
;Z:6.95
;HEIGHT:0.2
G92 E0
G1 Z6.95 F7800
G1 X99.729 Y104.77
;TYPE:Overhang perimeter
;WIDTH:0.4
;HEIGHT:0.4
M106 S204
G1 F572.958
G1 X99.727 Y104.628 E.00861
G1 X99.824 Y103.922 E.0518
G1 X100.083 Y103.059 E.10641
G1 X100.331 Y102.53 E.14182
G1 X100.846 Y101.74 E.19897
G1 X101.297 Y101.246 E.23951
G1 X101.671 Y100.894 E.27064
G1 X102.281 Y100.467 E.31577
G1 X103.032 Y100.115 E.36604
M73 Q53 S17
G1 X103.495 Y99.933 E.39619
M73 P53 R17
G1 X104.222 Y99.771 E.44133
G1 X104.932 Y99.713 E.4845
G1 X105.83 Y99.78 E.53907
G1 X106.526 Y99.938 E.58232
G1 X107.481 Y100.33 E.64488
G1 X108.147 Y100.753 E.6927
G1 X108.786 Y101.338 E.7452
G1 X109.118 Y101.689 E.77448
G1 X109.635 Y102.462 E.83084
G1 X109.872 Y102.982 E.86547
G1 X110.062 Y103.474 E.89743
G1 X110.195 Y104.015 E.93119
G1 X110.288 Y105.044 E.99381
G1 X110.22 Y105.831 E1.04168
G1 X109.924 Y106.916 E1.10984
G1 X109.662 Y107.485 E1.1478
G1 X109.298 Y108.054 E1.18874
G1 X108.992 Y108.465 E1.21979
G1 X108.465 Y108.992 E1.26496
G1 X107.54 Y109.633 E1.33316
G1 X106.984 Y109.886 E1.37018
G1 X106.505 Y110.067 E1.40121
G1 X105.778 Y110.229 E1.44635
G1 X105.067 Y110.287 E1.48958
G1 X103.965 Y110.182 E1.55667
G1 X103.414 Y110.029 E1.59133
G1 X102.935 Y109.869 E1.62194
G1 X102.416 Y109.613 E1.65701
G1 X101.671 Y109.106 E1.71162
G1 X100.92 Y108.365 E1.77556
G1 X100.467 Y107.719 E1.82338
G1 X100.211 Y107.226 E1.85705
G1 X99.935 Y106.505 E1.90384
G1 X99.743 Y105.549 E1.96293
G1 X99.73 Y104.83 E2.00651
M107
G1 X100.136 Y104.788 F7800
M106 S204
G1 F572.958
G1 X100.134 Y104.628 E2.01621
G1 X100.226 Y103.984 E2.05564
G1 X100.471 Y103.182 E2.10646
G1 X100.696 Y102.71 E2.13815
G1 X101.179 Y101.973 E2.19155
G1 X101.585 Y101.533 E2.22783
G1 X101.904 Y101.228 E2.25458
G1 X102.514 Y100.8 E2.29974
G1 X103.583 Y100.33 E2.37051
G1 X104.311 Y100.169 E2.4157
G1 X104.958 Y100.119 E2.45503
G1 X105.795 Y100.185 E2.50591
G1 X106.429 Y100.333 E2.54537
G1 X107.206 Y100.647 E2.59616
G1 X107.929 Y101.096 E2.64774
G1 X108.505 Y101.632 E2.69542
G1 X108.78 Y101.915 E2.71933
G1 X109.297 Y102.688 E2.77569
G1 X109.638 Y103.482 E2.82806
G1 X109.799 Y104.112 E2.86747
G1 X109.88 Y104.947 E2.91831
G1 X109.815 Y105.795 E2.96985
G1 X109.533 Y106.802 E3.03323
G1 X109.297 Y107.304 E3.06685
G1 X108.965 Y107.821 E3.10409
G1 X108.704 Y108.177 E3.13084
G1 X108.177 Y108.704 E3.17601
G1 X107.314 Y109.295 E3.2394
G1 X106.417 Y109.67 E3.29832
G1 X105.689 Y109.831 E3.34351
G1 X105.04 Y109.881 E3.38296
G1 X104.009 Y109.777 E3.44576
G1 X103.181 Y109.529 E3.49814
G1 X102.695 Y109.297 E3.53078
G1 X101.904 Y108.772 E3.58832
G1 X101.296 Y108.177 E3.63988
G1 X100.8 Y107.486 E3.69143
G1 X100.506 Y106.905 E3.73089
G1 X100.32 Y106.374 E3.76499
G1 X100.143 Y105.478 E3.82034
G1 X100.137 Y104.848 E3.85852
M107
G1 X100.542 Y104.805 F7800
M106 S204
G1 F572.958
G1 X100.541 Y104.628 E3.86925
G1 X100.628 Y104.046 E3.90491
G1 X100.86 Y103.304 E3.95203
G1 X101.117 Y102.776 E3.98762
G1 X101.513 Y102.206 E4.02968
G1 X102.138 Y101.561 E4.08411
G1 X102.748 Y101.134 E4.12924
G1 X103.671 Y100.728 E4.19035
G1 X104.399 Y100.566 E4.23555
G1 X104.985 Y100.525 E4.27115
G1 X105.76 Y100.591 E4.31829
G1 X106.333 Y100.728 E4.35399
G1 X107.05 Y101.023 E4.40098
G1 X107.71 Y101.44 E4.44829
G1 X108.442 Y102.141 E4.50971
G1 X108.958 Y102.915 E4.56609
G1 X109.262 Y103.638 E4.61362
G1 X109.404 Y104.208 E4.64922
G1 X109.474 Y104.982 E4.69632
G1 X109.409 Y105.76 E4.74363
G1 X109.143 Y106.688 E4.80214
G1 X108.882 Y107.226 E4.83838
G1 X108.439 Y107.862 E4.88535
G1 X107.889 Y108.416 E4.93266
G1 X107.088 Y108.956 E4.9912
G1 X106.362 Y109.262 E5.03895
G1 X105.601 Y109.434 E5.08623
G1 X105.013 Y109.475 E5.12195
G1 X104.053 Y109.373 E5.18046
G1 X103.304 Y109.14 E5.228
G1 X102.776 Y108.883 E5.26359
G1 X102.138 Y108.439 E5.3107
G1 X101.584 Y107.89 E5.35797
G1 X101.134 Y107.252 E5.40529
G1 X100.871 Y106.725 E5.44098
G1 X100.706 Y106.243 E5.47186
G1 X100.544 Y105.408 E5.52341
G1 X100.542 Y104.865 E5.55632
M107
G1 X100.57 Y104.466 F7800
G92 E0
G1 X97.357 Y111.384
;TYPE:Perimeter
;WIDTH:0.449999
;HEIGHT:0.2
G1 F884.349
G1 X96.844 Y110.717 E.03304
G1 X96.295 Y109.834 E.07387
G1 X95.979 Y109.221 E.10095
G1 X95.498 Y107.984 E.15306
G1 X95.278 Y107.16 E.18655
G1 X95.107 Y106.135 E.22735
G1 X95.051 Y105.448 E.25441
G1 X95.079 Y104.126 E.30633
G1 X95.224 Y103.108 E.3467
G1 X95.376 Y102.435 E.37379
G1 X95.803 Y101.178 E.42592
G1 X96.163 Y100.405 E.4594
G1 X96.692 Y99.511 E.50019
G1 X97.09 Y98.948 E.52726
G1 X97.966 Y97.95 E.5794
G1 X98.598 Y97.37 E.61308
G1 X99.279 Y96.848 E.64677
G1 X100.411 Y96.161 E.69876
G1 X101.189 Y95.798 E.73247
G1 X101.995 Y95.505 E.76614
G1 X103.282 Y95.19 E.81817
G1 X104.127 Y95.079 E.85163
G1 X105.166 Y95.044 E.89245
G1 X105.855 Y95.077 E.91953
G1 X107.166 Y95.279 E.97161
G1 X107.995 Y95.501 E1.00531
G1 X108.811 Y95.798 E1.03941
G1 X109.599 Y96.166 E1.07356
G1 X110.351 Y96.6 E1.10765
G1 X111.054 Y97.092 E1.14134
G1 X112.05 Y97.966 E1.19337
G1 X112.63 Y98.598 E1.22705
G1 X113.152 Y99.279 E1.26074
G1 X113.839 Y100.411 E1.31273
G1 X114.202 Y101.189 E1.34644
G1 X114.495 Y101.995 E1.38011
G1 X114.78 Y103.158 E1.42713
G1 X114.926 Y104.234 E1.46977
G1 X114.955 Y105.102 E1.50387
G1 X114.922 Y105.868 E1.53397
G1 X114.809 Y106.73 E1.56811
G1 X114.62 Y107.578 E1.60222
G1 X114.362 Y108.396 E1.6359
G1 X113.833 Y109.599 E1.6875
G1 X113.152 Y110.722 E1.73907
G1 X112.63 Y111.402 E1.77273
G1 X112.043 Y112.043 E1.80686
G1 X111.402 Y112.63 E1.84099
G1 X110.713 Y113.159 E1.8751
G1 X109.989 Y113.62 E1.9088
G1 X108.801 Y114.206 E1.96081
G1 X107.995 Y114.499 E1.99448
G1 X107.166 Y114.721 E2.02818
G1 X105.857 Y114.922 E2.08018
G1 X105 Y114.96 E2.11386
G1 X104.143 Y114.922 E2.14754
G1 X102.834 Y114.721 E2.19954
G1 X102.005 Y114.499 E2.23324
G1 X101.189 Y114.202 E2.26734
G1 X100.401 Y113.834 E2.30149
G1 X99.658 Y113.406 E2.33516
G1 X98.59 Y112.622 E2.38718
G1 X97.957 Y112.043 E2.42086
G1 X97.396 Y111.43 E2.45349
G1 X97.05 Y111.653 F7800
G1 F884.349
G1 X96.509 Y110.949 E2.48835
G1 X95.94 Y110.035 E2.53062
G1 X95.608 Y109.389 E2.55914
G1 X95.111 Y108.111 E2.61298
G1 X94.879 Y107.247 E2.64811
G1 X94.703 Y106.185 E2.69038
G1 X94.643 Y105.46 E2.71894
G1 X94.673 Y104.093 E2.77263
G1 X94.823 Y103.034 E2.81463
G1 X94.984 Y102.324 E2.84322
G1 X95.425 Y101.027 E2.89701
G1 X95.803 Y100.215 E2.93218
G1 X96.35 Y99.289 E2.97441
G1 X96.77 Y98.695 E3.00297
G1 X97.674 Y97.665 E3.05678
G1 X98.336 Y97.058 E3.09205
G1 X99.048 Y96.512 E3.12728
G1 X100.219 Y95.801 E3.18107
G1 X101.033 Y95.422 E3.21633
G1 X101.876 Y95.115 E3.25156
G1 X103.206 Y94.789 E3.30533
G1 X104.094 Y94.673 E3.34049
G1 X105.169 Y94.636 E3.38272
G1 X105.896 Y94.672 E3.4113
G1 X107.25 Y94.88 E3.46509
G1 X108.117 Y95.113 E3.50034
G1 X108.967 Y95.422 E3.53585
G1 X109.787 Y95.804 E3.57137
G1 X110.57 Y96.256 E3.60687
G1 X111.306 Y96.771 E3.64214
G1 X112.335 Y97.674 E3.69589
G1 X112.942 Y98.336 E3.73116
G1 X113.488 Y99.048 E3.76639
G1 X114.199 Y100.219 E3.82018
G1 X114.578 Y101.033 E3.85544
G1 X114.885 Y101.876 E3.89067
G1 X115.211 Y103.206 E3.94444
G1 X115.312 Y103.977 E3.97497
G1 X115.362 Y105.12 E4.01989
G1 X115.328 Y105.904 E4.0507
G1 X115.21 Y106.8 E4.08618
G1 X115.014 Y107.683 E4.12169
G1 X114.744 Y108.54 E4.15697
G1 X114.195 Y109.787 E4.21047
G1 X113.488 Y110.952 E4.26398
G1 X112.942 Y111.664 E4.29921
G1 X112.331 Y112.331 E4.33473
G1 X111.664 Y112.942 E4.37025
G1 X110.946 Y113.492 E4.40576
G1 X110.189 Y113.975 E4.44102
G1 X108.961 Y114.58 E4.49477
G1 X108.117 Y114.887 E4.53003
G1 X107.25 Y115.12 E4.56528
G1 X105.897 Y115.328 E4.61903
G1 X105 Y115.367 E4.65428
G1 X104.103 Y115.328 E4.68953
G1 X102.75 Y115.12 E4.74328
G1 X101.882 Y114.887 E4.77857
G1 X101.033 Y114.578 E4.81404
G1 X100.213 Y114.196 E4.84956
G1 X99.435 Y113.747 E4.88483
G1 X98.331 Y112.937 E4.93859
G1 X97.669 Y112.331 E4.97383
G1 X97.089 Y111.698 E5.00754
G1 X96.743 Y111.922 F7800
;TYPE:External perimeter
G1 F884.349
G1 X96.174 Y111.181 E5.04422
G1 X95.586 Y110.237 E5.08789
G1 X95.236 Y109.556 E5.11795
G1 X94.723 Y108.238 E5.17348
G1 X94.481 Y107.333 E5.21026
G1 X94.299 Y106.235 E5.25396
G1 X94.236 Y105.472 E5.28402
G1 X94.266 Y104.06 E5.33947
G1 X94.422 Y102.96 E5.38309
G1 X94.592 Y102.214 E5.41313
G1 X95.046 Y100.875 E5.46865
G1 X95.442 Y100.025 E5.50547
G1 X96.008 Y99.068 E5.54913
G1 X96.45 Y98.443 E5.57919
G1 X97.383 Y97.38 E5.63472
G1 X98.074 Y96.746 E5.67154
G1 X98.818 Y96.175 E5.70836
G1 X100.027 Y95.442 E5.76387
G1 X100.877 Y95.045 E5.80071
G1 X101.758 Y94.725 E5.83751
G1 X103.131 Y94.389 E5.89301
G1 X104.06 Y94.266 E5.92981
G1 X105.172 Y94.229 E5.9735
G1 X105.937 Y94.266 E6.00357
G1 X107.334 Y94.481 E6.05907
G1 X108.24 Y94.724 E6.0959
G1 X109.123 Y95.045 E6.13279
G1 X109.975 Y95.443 E6.16971
G1 X110.789 Y95.913 E6.20662
G1 X111.558 Y96.451 E6.24347
G1 X112.62 Y97.383 E6.29895
G1 X113.254 Y98.074 E6.33577
G1 X113.825 Y98.818 E6.37259
G1 X114.558 Y100.027 E6.4281
G1 X114.955 Y100.877 E6.46494
G1 X115.275 Y101.758 E6.50174
G1 X115.611 Y103.131 E6.55724
G1 X115.734 Y104.061 E6.59407
G1 X115.769 Y105.137 E6.63634
G1 X115.734 Y105.939 E6.66786
G1 X115.611 Y106.871 E6.70477
G1 X115.408 Y107.789 E6.74169
G1 X115.126 Y108.683 E6.7785
G1 X114.557 Y109.975 E6.83393
G1 X113.825 Y111.182 E6.88936
G1 X113.254 Y111.926 E6.92618
G1 X112.619 Y112.619 E6.96309
G1 X111.926 Y113.254 E7
G1 X111.18 Y113.826 E7.03691
G1 X110.389 Y114.33 E7.07374
G1 X109.121 Y114.955 E7.12925
G1 X108.24 Y115.276 E7.16607
G1 X107.334 Y115.519 E7.2029
G1 X105.937 Y115.734 E7.2584
G1 X105 Y115.775 E7.29523
G1 X104.063 Y115.734 E7.33206
G1 X102.666 Y115.519 E7.38756
G1 X101.76 Y115.276 E7.42439
G1 X100.877 Y114.955 E7.46128
G1 X100.025 Y114.557 E7.4982
G1 X99.212 Y114.088 E7.53505
G1 X98.072 Y113.252 E7.59056
G1 X97.381 Y112.619 E7.62736
G1 X96.783 Y111.967 E7.6621
G1 X96.536 Y111.652 F7800
G92 E0
G1 X99.309 Y112.771
M73 Q54 S17
;TYPE:Internal infill
;WIDTH:0.45
;HEIGHT:0.4
G1 F494.289
M73 P54 R17
G1 X99.825 Y113.149 E.04493
G1 X100.542 Y113.563 E.10309
G1 X101.429 Y113.964 E.17147
G1 X101.724 Y113.713 E.19868
G1 X102.379 Y113.514 E.24677
G1 X103.035 Y113.599 E.29324
G1 X104.331 Y114.62 E.40914
G1 X105.841 Y114.611 E.51522
G1 X106.965 Y113.713 E.61629
G1 X107.621 Y113.514 E.66445
G1 X108.276 Y113.599 E.71085
G1 X108.707 Y113.911 E.74823
G1 X109.839 Y113.353 E.83689
G1 X110.537 Y112.908 E.89504
G1 X111.827 Y111.827 E1.01327
G1 X112.396 Y111.206 E1.07244
G1 X112.61 Y110.926 E1.0972
G1 X112.207 Y110.979 E1.12575
G1 X110.896 Y112.011 E1.24296
G1 X110.241 Y112.21 E1.29105
G1 X109.719 Y112.142 E1.32803
G1 X111.534 Y109.043 E1.58032
G1 X112.207 Y108.472 E1.64232
G1 X112.862 Y108.273 E1.69041
G1 X113.517 Y108.358 E1.73681
G1 X113.918 Y108.648 E1.77157
G1 X114.328 Y107.485 E1.8582
G1 X114.511 Y106.654 E1.91798
G1 X113.517 Y105.851 E2.00775
G1 X113.398 Y105.815 E2.01648
G1 X113.535 Y105.554 E2.03719
G1 X113.647 Y105.079 E2.07147
G1 X113.54 Y104.463 E2.11539
G1 X112.746 Y103.067 E2.22821
G1 X112.862 Y103.032 E2.23672
G1 X113.517 Y103.117 E2.28312
G1 X114.59 Y103.946 E2.37837
G1 X114.509 Y103.338 E2.42146
G1 X114.203 Y102.084 E2.51214
G1 X113.919 Y101.305 E2.57039
G1 X113.646 Y100.72 E2.61574
G1 X113.517 Y100.61 E2.62765
G1 X112.862 Y100.411 E2.67574
G1 X112.207 Y100.496 E2.72214
G1 X111.542 Y100.978 E2.77984
G1 X110.449 Y99.08 E2.9337
G1 X110.896 Y99.022 E2.96536
G1 X111.898 Y98.252 E3.05413
G1 X110.865 Y97.333 E3.15126
G1 X109.458 Y96.437 E3.26844
G1 X108.695 Y96.081 E3.32759
G1 X107.903 Y95.793 E3.38679
G1 X106.621 Y95.504 E3.47911
G1 X105.655 Y96.287 E3.56646
G1 X105 Y96.486 E3.61455
G1 X104.345 Y96.401 E3.66095
G1 X103.213 Y95.521 E3.76167
G1 X101.973 Y95.838 E3.85158
G1 X100.896 Y96.271 E3.93312
G1 X101.168 Y97.35 F7800
G1 F494.289
G1 X100.744 Y97.472 E3.96411
G1 X100.354 Y97.766 E3.99842
G1 X99.568 Y99.049 E4.10412
G1 X99.104 Y98.908 E4.13819
G1 X98.187 Y98.161 E4.22128
G1 X97.33 Y99.137 E4.31252
G1 X96.451 Y100.519 E4.42758
G1 X97.138 Y100.411 E4.47643
G1 X97.793 Y100.61 E4.52452
G1 X98.379 Y101.109 E4.57859
G1 X97.259 Y103.047 E4.73583
G1 X97.138 Y103.032 E4.7444
G1 X96.483 Y103.23 E4.79247
G1 X95.391 Y104.105 E4.89077
G1 X95.671 Y102.518 E5.00398
G1 X95.937 Y101.732 E5.06227
G92 E0
G1 X97.01 Y103.479 F7800
G1 F494.289
G1 X96.48 Y104.409 E.0752
G1 X96.374 Y104.745 E.09995
G1 X96.39 Y105.326 E.14078
G1 X96.552 Y105.728 E.17123
G1 X95.479 Y106.508 E.26442
G1 X95.789 Y107.889 E.36385
G1 X96.132 Y108.771 E.43033
G1 X96.483 Y108.472 E.46272
G1 X97.138 Y108.273 E.51081
G1 X97.793 Y108.358 E.55721
G1 X98.27 Y108.703 E.59857
G1 X100.23 Y112.067 E.87208
G1 X99.759 Y112.21 E.90666
G1 X99.104 Y112.125 E.95306
G1 X97.793 Y111.092 E1.07031
G1 X97.434 Y110.983 E1.09667
G1 X96.553 Y109.67 E1.20775
G1 X96.206 Y108.961 E1.2632
G92 E0
G1 X113.357 Y104.673 F7800
;TYPE:Bridge infill
;WIDTH:0.402155
M106 S204
G1 F566.834
G1 X113.134 Y105.404 E.04682
G1 X112.159 Y107.102 E.16677
G1 X112.985 Y104.34 E.34337
G1 X112.674 Y103.801 E.38149
G1 X111.181 Y108.797 E.70091
G1 X110.203 Y110.491 E.82074
G1 X112.363 Y103.261 E1.28298
G1 X112.053 Y102.722 E1.32107
G1 X109.294 Y111.954 E1.91133
G1 X109.133 Y112.106 E1.92489
G1 X108.902 Y112.209 E1.94038
G1 X108.739 Y112.232 E1.95046
G1 X111.742 Y102.183 E2.59295
G1 X111.431 Y101.643 E2.63112
G1 X110.574 Y104.511 E2.81449
G1 X110.616 Y105 E2.84456
G1 X110.52 Y106.03 E2.90793
G1 X110.179 Y107.172 E2.98094
G1 X109.85 Y107.832 E3.02612
G1 X109.38 Y108.507 E3.07651
G1 X108.261 Y112.251 E3.31589
G1 X107.789 Y112.251 E3.3448
G1 X108.699 Y109.209 E3.53931
G1 X108.567 Y109.338 E3.55062
G1 X108.095 Y109.648 E3.58521
G1 X107.317 Y112.251 E3.75164
G1 X106.846 Y112.251 E3.78049
G1 X107.513 Y110.017 E3.92331
G1 X106.974 Y110.243 E3.95911
G1 X106.374 Y112.251 E4.08749
G1 X105.902 Y112.251 E4.1164
G1 X106.451 Y110.414 E4.23385
G1 X105.946 Y110.524 E4.26551
G1 X105.43 Y112.251 E4.37593
G1 X104.958 Y112.251 E4.40484
G1 X105.456 Y110.585 E4.51136
G1 X104.975 Y110.614 E4.54088
G1 X104.486 Y112.251 E4.64554
G1 X104.014 Y112.251 E4.67445
G1 X104.518 Y110.563 E4.78237
G1 X104.062 Y110.513 E4.81047
G1 X103.542 Y112.251 E4.9216
G1 X103.07 Y112.251 E4.95051
G1 X103.614 Y110.431 E5.06687
G1 X103.183 Y110.296 E5.09454
G1 X102.598 Y112.251 E5.21955
G1 X102.126 Y112.251 E5.24846
M73 P54 R16
G1 X102.758 Y110.139 E5.38351
G1 X102.346 Y109.939 E5.41157
G1 X101.655 Y112.251 E5.55939
G1 X101.395 Y112.251 E5.57532
G1 X101.191 Y112.224 E5.58793
G1 X101.948 Y109.691 E5.74988
G1 X101.558 Y109.415 E5.77915
G1 X100.775 Y112.036 E5.94672
G1 X100.521 Y111.745 E5.97038
G1 X100.435 Y111.596 E5.98092
G1 X101.181 Y109.097 E6.14068
G1 X100.819 Y108.732 E6.17217
M73 Q54 S16
G1 X100.124 Y111.057 E6.32082
G1 X99.813 Y110.518 E6.35894
G1 X100.478 Y108.291 E6.50132
G1 X100.15 Y107.812 E6.53688
G1 X99.502 Y109.98 E6.67549
M73 Q55 S16
G1 X99.191 Y109.441 E6.71361
M73 P55 R16
G1 X99.852 Y107.229 E6.85504
G1 X99.595 Y106.511 E6.90176
G1 X98.8 Y109.169 E7.07171
M107
G92 E0
G1 X111.2 Y100.837 F7800
M106 S204
G1 F566.834
G1 X110.401 Y103.51 E.1709
G1 X110.339 Y103.259 E.18674
G1 X110.142 Y102.8 E.21734
G1 X110.81 Y100.564 E.3603
G1 X110.499 Y100.025 E.39842
G1 X109.85 Y102.197 E.53729
G1 X109.524 Y101.708 E.57329
G1 X110.188 Y99.486 E.71535
G1 X109.877 Y98.946 E.75352
G1 X109.184 Y101.266 E.90185
G1 X108.816 Y100.92 E.93279
G1 X109.567 Y98.407 E1.09346
G1 X109.477 Y98.252 E1.10444
G1 X109.312 Y98.036 E1.12109
G1 X109.225 Y97.97 E1.12778
G1 X108.448 Y100.573 E1.29419
G1 X108.053 Y100.313 E1.32316
G1 X108.81 Y97.781 E1.48505
G1 X108.602 Y97.749 E1.49794
G1 X108.348 Y97.749 E1.5135
G1 X107.656 Y100.064 E1.66151
G1 X107.545 Y99.994 E1.66955
G1 X107.242 Y99.869 E1.68963
G1 X107.876 Y97.749 E1.82518
G1 X107.404 Y97.749 E1.85409
G1 X106.822 Y99.695 E1.97852
G1 X106.387 Y99.571 E2.00623
G1 X106.932 Y97.749 E2.12273
G1 X106.46 Y97.749 E2.15164
G1 X105.946 Y99.468 E2.26155
G1 X105.487 Y99.427 E2.28978
G1 X105.988 Y97.749 E2.39706
G1 X105.516 Y97.749 E2.42597
G1 X105.025 Y99.394 E2.53113
G1 X104.547 Y99.412 E2.56043
G1 X105.044 Y97.749 E2.66676
G1 X104.572 Y97.749 E2.69567
G1 X104.056 Y99.477 E2.80614
G1 X103.551 Y99.587 E2.8378
G1 X104.1 Y97.749 E2.95531
G1 X103.629 Y97.749 E2.98416
G1 X103.028 Y99.76 E3.11274
G1 X102.484 Y99.999 E3.14914
G1 X103.157 Y97.749 E3.29301
G1 X102.685 Y97.749 E3.32192
G1 X101.915 Y100.326 E3.48668
G1 X101.39 Y100.698 E3.5261
G1 X101.307 Y100.78 E3.53325
G1 X102.213 Y97.749 E3.72704
G1 X101.741 Y97.749 E3.75595
G1 X100.618 Y101.507 E3.99622
G1 X100.142 Y102.182 E4.04682
G1 X99.782 Y102.928 E4.09756
G1 X99.502 Y103.864 E4.15741
G1 X99.406 Y104.504 E4.19705
G1 X99.413 Y105.538 E4.26039
G1 X98.569 Y108.364 E4.44106
G1 X98.258 Y107.825 E4.47918
G1 X101.263 Y97.769 E5.12212
G1 X101.086 Y97.796 E5.13309
G1 X100.867 Y97.894 E5.14779
G1 X100.719 Y98.01 E5.15931
G1 X97.947 Y107.287 E5.75244
G1 X97.636 Y106.748 E5.79056
G1 X99.801 Y99.501 E6.25389
G1 X98.823 Y101.196 E6.37377
G1 X97.325 Y106.209 E6.69428
G1 X97.014 Y105.671 E6.73235
G1 X97.845 Y102.89 E6.91015
G1 X96.869 Y104.589 E7.03018
G1 X96.637 Y105.354 E7.07915
M107
;LAYER_CHANGE
;Z:7.15
;HEIGHT:0.2
G92 E0
G1 Z7.15 F7800
G1 X99.738 Y104.793
;TYPE:Perimeter
;WIDTH:0.449999
G1 F884.349
G1 X99.749 Y104.519 E.01077
G1 X99.816 Y103.973 E.03237
G1 X100.077 Y103.08 E.0689
G1 X100.332 Y102.529 E.09274
G1 X100.846 Y101.739 E.12975
G1 X101.297 Y101.246 E.15599
G1 X101.671 Y100.894 E.17616
G1 X102.281 Y100.467 E.2054
G1 X103.052 Y100.106 E.23883
G1 X103.495 Y99.933 E.2575
G1 X104.222 Y99.771 E.28675
G1 X104.926 Y99.713 E.31449
G1 X105.83 Y99.78 E.35008
G1 X106.519 Y99.936 E.37782
G1 X107.481 Y100.33 E.41864
G1 X108.147 Y100.753 E.44962
G1 X108.755 Y101.308 E.48194
G1 X109.119 Y101.689 E.50263
G1 X109.635 Y102.462 E.53912
G1 X109.872 Y102.982 E.56156
G1 X110.062 Y103.474 E.58227
G1 X110.195 Y104.016 E.60418
G1 X110.288 Y105.044 E.64471
G1 X110.22 Y105.831 E.67573
G1 X109.923 Y106.919 E.72001
G1 X109.684 Y107.422 E.74188
G1 X109.439 Y107.874 E.76207
G1 X109.097 Y108.342 E.78483
G1 X108.701 Y108.756 E.80732
G1 X108.311 Y109.119 E.82824
G1 X107.538 Y109.635 E.86473
G1 X106.984 Y109.886 E.88861
G1 X106.527 Y110.062 E.90784
G1 X105.991 Y110.194 E.92951
G1 X105.421 Y110.256 E.95202
G1 X104.889 Y110.283 E.97294
G1 X103.965 Y110.182 E1.00944
G1 X103.414 Y110.029 E1.03189
G1 X102.935 Y109.869 E1.05172
G1 X102.063 Y109.393 E1.09073
G1 X101.583 Y109.016 E1.1147
G1 X101.2 Y108.675 E1.13484
G1 X100.721 Y108.104 E1.1641
G1 X100.271 Y107.362 E1.19817
G1 X99.986 Y106.674 E1.22741
G1 X99.835 Y106.108 E1.25041
G1 X99.722 Y105.172 E1.28743
G1 X99.735 Y104.852 E1.30001
G1 X100.143 Y104.801 F7800
G1 F884.349
G1 X100.155 Y104.554 E1.30972
G1 X100.207 Y104.087 E1.32817
G1 X100.468 Y103.194 E1.3647
G1 X100.697 Y102.709 E1.38576
G1 X101.18 Y101.972 E1.42036
G1 X101.585 Y101.533 E1.44381
G1 X101.904 Y101.228 E1.46114
G1 X102.514 Y100.8 E1.4904
G1 X103.583 Y100.33 E1.53625
G1 X104.311 Y100.169 E1.56553
G1 X104.953 Y100.119 E1.59081
G1 X105.795 Y100.185 E1.62397
G1 X106.423 Y100.331 E1.64929
G1 X107.205 Y100.647 E1.68241
G1 X107.929 Y101.096 E1.71586
G1 X108.473 Y101.602 E1.74503
G1 X108.78 Y101.915 E1.76224
G1 X109.297 Y102.688 E1.79875
G1 X109.638 Y103.482 E1.83268
G1 X109.8 Y104.113 E1.85826
G1 X109.88 Y104.947 E1.89116
G1 X109.815 Y105.795 E1.92455
G1 X109.533 Y106.806 E1.96576
G1 X109.144 Y107.577 E1.99967
G1 X108.769 Y108.101 E2.02497
G1 X108.085 Y108.78 E2.06281
G1 X107.312 Y109.297 E2.09932
G1 X106.43 Y109.667 E2.13688
G1 X105.894 Y109.798 E2.15855
G1 X104.933 Y109.878 E2.19641
G1 X104.009 Y109.777 E2.23291
G1 X103.182 Y109.529 E2.26681
G1 X102.259 Y109.036 E2.3079
G1 X101.512 Y108.413 E2.34609
G1 X101.033 Y107.842 E2.37535
G1 X100.647 Y107.206 E2.40456
G1 X100.362 Y106.518 E2.4338
G1 X100.231 Y106.011 E2.45436
G1 X100.127 Y105.136 E2.48896
G1 X100.14 Y104.861 E2.49977
G1 X100.554 Y104.811 F7800
;TYPE:External perimeter
G1 F884.349
G1 X100.598 Y104.201 E2.52378
G1 X100.858 Y103.308 E2.5603
G1 X101.118 Y102.774 E2.58362
G1 X101.513 Y102.206 E2.61078
G1 X102.138 Y101.561 E2.64604
G1 X102.748 Y101.134 E2.67528
G1 X103.671 Y100.727 E2.71489
G1 X104.399 Y100.566 E2.74417
G1 X104.98 Y100.526 E2.76704
G1 X105.759 Y100.591 E2.79773
G1 X106.326 Y100.727 E2.82062
G1 X107.05 Y101.023 E2.85133
G1 X107.71 Y101.44 E2.88198
G1 X108.442 Y102.141 E2.92178
G1 X108.958 Y102.915 E2.95831
G1 X109.262 Y103.638 E2.98911
G1 X109.404 Y104.21 E3.01225
G1 X109.474 Y104.982 E3.04269
G1 X109.409 Y105.76 E3.07334
G1 X109.142 Y106.692 E3.11141
G1 X108.783 Y107.389 E3.14219
G1 X108.441 Y107.861 E3.16508
G1 X107.89 Y108.416 E3.19579
G1 X107.088 Y108.956 E3.23375
G1 X106.362 Y109.262 E3.26468
G1 X105.797 Y109.403 E3.28754
G1 X105.018 Y109.474 E3.31825
G1 X104.014 Y109.364 E3.35791
G1 X103.304 Y109.14 E3.38714
G1 X102.455 Y108.679 E3.42507
G1 X101.849 Y108.176 E3.45599
G1 X101.345 Y107.581 E3.48661
G1 X101.023 Y107.05 E3.51099
G1 X100.738 Y106.362 E3.54023
G1 X100.596 Y105.79 E3.56337
G1 X100.533 Y105.101 E3.59054
G1 X100.55 Y104.87 E3.59963
G1 X100.578 Y104.471 F7800
G92 E0
G1 X97.357 Y111.384
;TYPE:Perimeter
G1 F884.349
G1 X96.838 Y110.708 E.03346
G1 X96.532 Y110.239 E.05545
G1 X96.166 Y109.601 E.08433
G1 X95.798 Y108.811 E.11855
G1 X95.501 Y107.995 E.15265
G1 X95.277 Y107.16 E.1866
G1 X95.11 Y106.158 E.22649
G1 X95.051 Y105.447 E.2545
G1 X95.079 Y104.125 E.30642
G1 X95.219 Y103.13 E.34587
G1 X95.376 Y102.435 E.37385
G1 X95.803 Y101.178 E.42598
G1 X96.164 Y100.405 E.45948
G1 X96.679 Y99.53 E.49935
G1 X97.091 Y98.947 E.52738
G1 X97.966 Y97.95 E.57946
G1 X98.595 Y97.373 E.61297
G1 X99.406 Y96.762 E.65284
G1 X100.009 Y96.381 E.68085
G1 X101.195 Y95.796 E.73277
G1 X102.142 Y95.461 E.77221
G1 X102.832 Y95.279 E.80023
G1 X104.139 Y95.078 E.85215
G1 X105.143 Y95.043 E.8916
G1 X105.855 Y95.077 E.91959
G1 X107.166 Y95.279 E.97167
G1 X107.995 Y95.501 E1.00537
G1 X108.811 Y95.798 E1.03947
G1 X109.599 Y96.166 E1.07362
G1 X110.351 Y96.6 E1.10771
G1 X111.068 Y97.102 E1.14208
G1 X111.501 Y97.457 E1.16407
G1 X112.041 Y97.956 E1.19294
G1 X112.63 Y98.598 E1.22715
G1 X113.152 Y99.279 E1.26084
G1 X113.839 Y100.411 E1.31283
G1 X114.202 Y101.189 E1.34654
G1 X114.495 Y101.995 E1.38021
G1 X114.78 Y103.158 E1.42723
G1 X114.926 Y104.234 E1.46987
G1 X114.955 Y105.102 E1.50397
G1 X114.922 Y105.868 E1.53407
G1 X114.809 Y106.73 E1.56821
M73 Q56 S16
G1 X114.623 Y107.567 E1.60188
M73 P56 R16
G1 X114.197 Y108.822 E1.65392
G1 X113.836 Y109.595 E1.68742
G1 X113.321 Y110.47 E1.72729
G1 X112.909 Y111.053 E1.75532
G1 X112.034 Y112.05 E1.8074
G1 X111.402 Y112.63 E1.84108
G1 X110.713 Y113.159 E1.87519
G1 X109.989 Y113.62 E1.90889
G1 X108.801 Y114.206 E1.9609
G1 X107.995 Y114.499 E1.99457
G1 X107.166 Y114.721 E2.02827
G1 X105.857 Y114.922 E2.08027
G1 X105 Y114.96 E2.11395
G1 X104.126 Y114.922 E2.1483
G1 X103.57 Y114.855 E2.17029
G1 X102.846 Y114.724 E2.19918
G1 X102.005 Y114.499 E2.23336
G1 X101.189 Y114.202 E2.26746
G1 X100.401 Y113.834 E2.30161
G1 X99.658 Y113.406 E2.33528
G1 X98.59 Y112.622 E2.3873
G1 X97.957 Y112.043 E2.42098
G1 X97.396 Y111.43 E2.45361
G1 X97.05 Y111.653 F7800
G1 F884.349
G1 X96.505 Y110.944 E2.48872
G1 X96.184 Y110.452 E2.51179
G1 X95.805 Y109.788 E2.54181
G1 X95.422 Y108.967 E2.57738
G1 X95.113 Y108.118 E2.61285
G1 X94.879 Y107.246 E2.6483
G1 X94.706 Y106.208 E2.68962
G1 X94.643 Y105.46 E2.71909
G1 X94.673 Y104.092 E2.77282
G1 X94.819 Y103.057 E2.81386
G1 X94.984 Y102.324 E2.84336
G1 X95.425 Y101.027 E2.89715
G1 X95.803 Y100.215 E2.93232
G1 X96.337 Y99.309 E2.97361
G1 X96.771 Y98.695 E3.00313
G1 X97.674 Y97.665 E3.05691
G1 X98.334 Y97.06 E3.09206
G1 X99.175 Y96.427 E3.13339
G1 X99.81 Y96.026 E3.16288
G1 X101.037 Y95.421 E3.2166
G1 X102.022 Y95.072 E3.25763
G1 X102.749 Y94.88 E3.28715
G1 X104.101 Y94.672 E3.34086
G1 X105.146 Y94.636 E3.38192
G1 X105.896 Y94.672 E3.4114
G1 X107.25 Y94.88 E3.46519
G1 X108.117 Y95.113 E3.50044
G1 X108.967 Y95.422 E3.53595
G1 X109.787 Y95.804 E3.57147
G1 X110.57 Y96.256 E3.60697
G1 X111.314 Y96.777 E3.64263
G1 X111.768 Y97.149 E3.66568
G1 X112.33 Y97.668 E3.69572
G1 X112.942 Y98.336 E3.73129
G1 X113.488 Y99.048 E3.76652
G1 X114.199 Y100.219 E3.82031
G1 X114.578 Y101.033 E3.85557
G1 X114.885 Y101.876 E3.8908
G1 X115.211 Y103.206 E3.94457
G1 X115.312 Y103.977 E3.9751
G1 X115.362 Y105.12 E4.02002
G1 X115.328 Y105.904 E4.05083
G1 X115.21 Y106.8 E4.08631
G1 X115.015 Y107.677 E4.12159
G1 X114.575 Y108.973 E4.17533
G1 X114.197 Y109.785 E4.2105
G1 X113.663 Y110.691 E4.25179
G1 X113.229 Y111.305 E4.28131
G1 X112.326 Y112.335 E4.33509
G1 X111.664 Y112.942 E4.37036
G1 X110.946 Y113.492 E4.40587
G1 X110.189 Y113.975 E4.44113
G1 X108.961 Y114.58 E4.49488
G1 X108.117 Y114.887 E4.53014
G1 X107.25 Y115.12 E4.56539
G1 X105.897 Y115.328 E4.61914
G1 X105 Y115.367 E4.65439
G1 X104.093 Y115.328 E4.69004
G1 X103.51 Y115.258 E4.7131
G1 X102.757 Y115.122 E4.74314
G1 X101.882 Y114.887 E4.77871
G1 X101.033 Y114.578 E4.81418
G1 X100.213 Y114.196 E4.8497
G1 X99.435 Y113.747 E4.88497
G1 X98.331 Y112.937 E4.93873
G1 X97.669 Y112.331 E4.97397
G1 X97.089 Y111.698 E5.00768
G1 X96.743 Y111.922 F7800
;TYPE:External perimeter
G1 F884.349
G1 X96.173 Y111.179 E5.04445
G1 X95.837 Y110.665 E5.06856
G1 X95.443 Y109.976 E5.09972
G1 X95.045 Y109.123 E5.13668
G1 X94.724 Y108.24 E5.17357
G1 X94.481 Y107.333 E5.21044
G1 X94.301 Y106.259 E5.2532
G1 X94.236 Y105.472 E5.28421
G1 X94.266 Y104.059 E5.3397
G1 X94.418 Y102.984 E5.38233
G1 X94.592 Y102.214 E5.41333
G1 X95.046 Y100.875 E5.46885
G1 X95.442 Y100.025 E5.50567
G1 X95.995 Y99.087 E5.54842
G1 X96.45 Y98.443 E5.57938
G1 X97.383 Y97.38 E5.63491
G1 X98.074 Y96.746 E5.67173
G1 X98.943 Y96.091 E5.71446
G1 X99.611 Y95.67 E5.74546
G1 X100.878 Y95.045 E5.80093
G1 X101.902 Y94.682 E5.84359
G1 X102.666 Y94.481 E5.87461
G1 X104.062 Y94.266 E5.93007
G1 X105.148 Y94.228 E5.97274
G1 X105.937 Y94.266 E6.00376
G1 X107.334 Y94.481 E6.05926
G1 X108.24 Y94.724 E6.09609
G1 X109.123 Y95.045 E6.13298
G1 X109.975 Y95.443 E6.1699
G1 X110.789 Y95.913 E6.20681
G1 X111.56 Y96.453 E6.24377
G1 X112.036 Y96.842 E6.26791
G1 X112.619 Y97.381 E6.29909
G1 X113.254 Y98.074 E6.336
G1 X113.825 Y98.818 E6.37282
G1 X114.558 Y100.027 E6.42833
G1 X114.955 Y100.877 E6.46517
G1 X115.275 Y101.758 E6.50197
G1 X115.611 Y103.131 E6.55747
G1 X115.734 Y104.061 E6.5943
G1 X115.769 Y105.137 E6.63657
G1 X115.734 Y105.939 E6.66809
G1 X115.611 Y106.871 E6.705
G1 X115.408 Y107.787 E6.74184
G1 X114.954 Y109.125 E6.79732
G1 X114.558 Y109.975 E6.83414
G1 X114.005 Y110.913 E6.87689
G1 X113.55 Y111.557 E6.90785
G1 X112.617 Y112.62 E6.96338
G1 X111.926 Y113.254 E7.0002
G1 X111.18 Y113.826 E7.03711
G1 X110.389 Y114.33 E7.07394
G1 X109.121 Y114.955 E7.12945
G1 X108.24 Y115.276 E7.16627
G1 X107.334 Y115.519 E7.2031
G1 X105.937 Y115.734 E7.2586
G1 X105 Y115.775 E7.29543
G1 X104.06 Y115.734 E7.33237
G1 X103.449 Y115.66 E7.35654
G1 X102.668 Y115.52 E7.38769
G1 X101.76 Y115.276 E7.42461
G1 X100.877 Y114.955 E7.4615
G1 X100.025 Y114.557 E7.49842
G1 X99.212 Y114.088 E7.53527
G1 X98.072 Y113.252 E7.59078
G1 X97.381 Y112.619 E7.62758
G1 X96.783 Y111.967 E7.66232
G1 X96.536 Y111.652 F7800
G92 E0
G1 X101.232 Y97.752
;TYPE:Solid infill
G1 F884.349
G1 X100.178 Y98.806 E.05853
G1 X100.083 Y98.965 E.0658
;WIDTH:0.41646
G1 F963.754
G1 X99.987 Y99.124 E.07249
;WIDTH:0.38292
G1 F1058.823
G1 X99.946 Y99.135 E.07388
G1 X99.927 Y99.064 E.07629
G1 X99.998 Y99.083 E.0787
G1 X99.201 Y100.486 F7800
G1 F1058.823
G1 X99.16 Y100.497 E.08009
G1 X99.141 Y100.426 E.0825
G1 X99.212 Y100.445 E.08491
;WIDTH:0.41646
G1 F963.754
G1 X99.302 Y100.306 E.09088
;WIDTH:0.449999
G1 F884.349
G1 X99.392 Y100.168 E.09735
G1 X101.833 Y97.727 E.2329
G1 X102.408 Y97.727 E.25548
G1 X98.605 Y101.53 E.46665
G1 X98.515 Y101.669 E.47315
;WIDTH:0.41646
G1 F963.754
G1 X98.426 Y101.807 E.47907
;WIDTH:0.38292
G1 F1058.823
G1 X98.354 Y101.788 E.48151
G1 X98.373 Y101.859 E.48392
G1 X98.415 Y101.848 E.48534
G1 X97.628 Y103.21 F7800
G1 F1058.823
G1 X97.587 Y103.221 E.48673
G1 X97.568 Y103.15 E.48914
G1 X97.639 Y103.169 E.49155
;WIDTH:0.41646
G1 F963.754
G1 X97.729 Y103.031 E.49749
;WIDTH:0.449999
G1 F884.349
G1 X97.819 Y102.892 E.50399
G1 X102.984 Y97.727 E.79079
G1 X103.56 Y97.727 E.81341
G1 X97.033 Y104.254 E1.17584
G1 X96.947 Y104.393 E1.18226
;WIDTH:0.41646
G1 F963.754
G1 X96.862 Y104.531 E1.1881
;WIDTH:0.38292
G1 F1058.823
G1 X96.791 Y104.512 E1.19051
G1 X96.81 Y104.583 E1.19292
G1 X96.851 Y104.572 E1.19431
;WIDTH:0.449999
G1 F884.349
G1 X96.772 Y105.09 E1.21488
G1 X104.135 Y97.727 E1.62374
G1 X104.711 Y97.727 E1.64636
G1 X102.361 Y100.077 E1.77685
G1 X102.073 Y100.305 E1.79127
;WIDTH:0.38292
G1 F1058.823
G1 X101.468 Y100.81 E1.81711
G1 X100.867 Y101.408 E1.84491
G1 X100.311 Y102.062 E1.87306
;WIDTH:0.41646
G1 F963.754
G1 X100.196 Y102.21 E1.87981
;WIDTH:0.449999
G1 F884.349
G1 X100.081 Y102.357 E1.88714
G1 X96.908 Y105.53 E2.06333
G1 X97.119 Y105.895 E2.07988
G1 X99.689 Y103.324 E2.22262
G1 X99.763 Y103.347 E2.22566
;WIDTH:0.41646
G1 F963.754
G1 X99.836 Y103.37 E2.22842
;WIDTH:0.38292
G1 F1058.823
G1 X99.884 Y103.194 E2.2344
G1 X99.86 Y103.037 E2.23961
G1 X99.488 Y104.102 F7800
;WIDTH:0.449999
G1 F884.349
G1 X97.33 Y106.26 E2.35944
G92 E0
G1 X99.284 Y104.882 F7800
G1 F884.349
G1 X97.54 Y106.625 E.09681
G1 X100.499 Y111.749 E.32914
G1 X100.793 Y112.073 E.34632
G1 X101.108 Y112.232 E.36017
G1 X101.56 Y112.272 E.37799
G1 X105.277 Y112.272 E.52394
G1 X105.277 Y112.129 E.52955
G1 X107.34 Y110.066 E.64411
G1 X106.748 Y110.312 E.66928
G1 X105.967 Y110.509 E.70091
G1 X104.999 Y110.595 E.73907
G1 X103.858 Y110.474 E.78412
G1 X102.878 Y110.175 E.82435
G1 X101.755 Y109.555 E.87472
G1 X101.043 Y108.956 E.91125
G1 X100.383 Y108.154 E.95203
G1 X100.046 Y107.597 E.97759
G1 X99.707 Y106.798 E1.01167
G1 X99.493 Y105.977 E1.04498
G1 X99.407 Y104.991 E1.08384
G1 X99.428 Y104.738 E1.09381
G1 X99.057 Y105.684 F7800
G1 F884.349
G1 X99.098 Y106.079 E1.1094
G1 X99.332 Y106.956 E1.14504
G1 X99.697 Y107.807 E1.1814
G1 X100.069 Y108.413 E1.20932
G1 X100.753 Y109.243 E1.25155
G1 X101.492 Y109.866 E1.2895
G1 X102.757 Y110.564 E1.34623
G1 X103.815 Y110.879 E1.38957
G1 X104.995 Y111.004 E1.43616
G1 X105.905 Y110.926 E1.47202
G1 X104.99 Y111.865 E1.5235
G1 X101.417 Y111.865 E1.66379
G1 X101.072 Y111.774 E1.6778
G1 X100.835 Y111.518 E1.6915
G1 X98.049 Y106.692 E1.9103
G1 X98.913 Y105.828 E1.95828
G1 X98.812 Y106.454 E1.98318
;WIDTH:0.378623
G1 F1072.376
G1 X99.011 Y107.091 E2.00479
;WIDTH:0.330816
G1 F1200
G1 X99.217 Y107.531 E2.01828
;WIDTH:0.302503
G1 X99.423 Y107.972 E2.03047
;WIDTH:0.286887
G1 X99.817 Y108.62 E2.04832
;WIDTH:0.329147
G1 X100.174 Y109.091 E2.06464
;WIDTH:0.371406
G1 F1095.937
G1 X100.531 Y109.563 E2.08339
;WIDTH:0.410703
G1 F978.839
G1 X100.88 Y109.87 E2.09988
;WIDTH:0.449999
G1 F884.349
G1 X101.23 Y110.178 E2.11819
G1 X101.803 Y110.516 E2.14431
G1 X102.637 Y110.953 E2.18128
;WIDTH:0.493654
G1 F798.699
G1 X102.918 Y111.057 E2.19431
;WIDTH:0.537308
G1 F728.174
G1 X103.2 Y111.162 E2.20866
;WIDTH:0.580962
G1 F669.093
G1 X103.481 Y111.266 E2.22421
;WIDTH:0.624616
G1 F618.88
G1 X103.763 Y111.371 E2.24109
G1 X103.654 Y111.395 E2.24735
;WIDTH:0.576959
G1 F674.109
G1 X103.546 Y111.418 E2.25304
;WIDTH:0.529301
G1 F740.161
G1 X102.92 Y111.438 E2.28242
;WIDTH:0.48965
G1 F805.856
G1 X102.295 Y111.458 E2.30936
;WIDTH:0.449999
G1 F884.349
G1 X101.329 Y111.441 E2.3473
G1 X101.172 Y111.287 E2.35594
G1 X100.462 Y110.096 E2.41038
;WIDTH:0.410703
G1 F978.839
G1 X100.164 Y109.621 E2.43027
;WIDTH:0.371406
G1 F1095.937
G1 X99.868 Y109.154 E2.44779
;WIDTH:0.329147
G1 F1200
G1 X99.573 Y108.687 E2.46304
;WIDTH:0.286887
G1 X99.151 Y107.958 E2.48286
;WIDTH:0.304514
G1 X98.953 Y107.588 E2.49345
;WIDTH:0.330816
G1 X98.754 Y107.218 E2.50512
;WIDTH:0.378623
G1 F1072.376
G1 X98.513 Y106.753 E2.52208
G1 X98.668 Y106.598 E2.52918
G92 E0
G1 X101.632 Y110.936 F7800
;WIDTH:0.639804
G1 F603.132
G1 X101.58 Y110.884 E.00423
G1 X101.508 Y110.903 E.00852
G1 X101.488 Y110.975 E.01282
G1 X101.541 Y111.028 E.01714
G1 X101.613 Y111.009 E.02143
G92 E0
G1 X103.763 Y111.371 F7800
;WIDTH:0.624616
G1 F618.88
G1 X104.103 Y111.389 E.0191
;WIDTH:0.588813
G1 F659.47
G1 X104.443 Y111.407 E.03703
;WIDTH:0.55301
G1 F705.759
G1 X104.783 Y111.425 E.05378
G92 E0
G1 X103.105 Y99.878 F7800
;WIDTH:0.38292
G1 F1058.823
G1 X103.064 Y99.889 E.00139
G1 X103.045 Y99.818 E.0038
G1 X103.116 Y99.837 E.00621
;WIDTH:0.41646
G1 F963.754
G1 X103.239 Y99.745 E.01174
;WIDTH:0.449999
G1 F884.349
G1 X103.361 Y99.653 E.01774
G1 X105.287 Y97.727 E.12469
G1 X108.444 Y97.728 E.24865
G1 X108.944 Y97.784 E.26841
G1 X109.237 Y97.955 E.28173
G1 X109.499 Y98.246 E.2971
G1 X112.82 Y104.011 E.55833
G1 X110.367 Y106.464 E.69454
G1 X110.501 Y106.006 E.71328
G1 X110.593 Y104.982 E.75365
G1 X110.508 Y104.027 E.7913
G1 X110.312 Y103.25 E.82276
G1 X109.912 Y102.33 E.86215
G1 X109.376 Y101.524 E.90016
G1 X109.183 Y101.294 E.91195
G1 X108.412 Y100.566 E.95359
G1 X107.519 Y100.007 E.99496
G1 X106.714 Y99.676 E1.02914
G1 X106.028 Y99.504 E1.05691
G1 X104.912 Y99.408 E1.10089
G1 X104.102 Y99.488 E1.13285
G1 X105.676 Y97.914 E1.22025
G1 X106.006 Y98.135 E1.23584
G1 X108.577 Y98.136 E1.33679
G1 X108.913 Y98.218 E1.35037
G1 X109.159 Y98.472 E1.36425
G1 X112.311 Y103.944 E1.6122
G1 X110.978 Y105.277 E1.68622
M73 P57 R16
M73 Q57 S16
G1 X110.999 Y104.947 E1.6992
G1 X110.903 Y103.928 E1.73939
G1 X110.686 Y103.09 E1.77338
G1 X110.251 Y102.104 E1.8157
G1 X109.714 Y101.299 E1.8537
G1 X109.462 Y100.999 E1.86908
G1 X108.661 Y100.241 E1.91238
G1 X107.675 Y99.631 E1.9579
G1 X106.815 Y99.282 E1.99434
G1 X106.063 Y99.098 E2.02474
G1 X105.146 Y99.019 E2.06088
G1 X105.865 Y98.281 E2.10134
G1 X106.199 Y98.542 E2.11798
G1 X107.972 Y98.543 E2.1876
G1 X108.701 Y98.569 E2.21624
G1 X108.82 Y98.698 E2.22313
G1 X109.382 Y99.675 E2.26739
;WIDTH:0.45508
G1 F873.447
G1 X109.9 Y100.578 E2.30878
;WIDTH:0.49707
G1 F792.69
G1 X109.945 Y100.699 E2.31444
;WIDTH:0.53906
G1 F725.602
G1 X109.991 Y100.82 E2.32063
;WIDTH:0.58105
G1 F668.983
G1 X110.036 Y100.941 E2.32733
G1 X109.939 Y100.861 E2.33386
;WIDTH:0.53906
G1 F725.602
G1 X109.841 Y100.781 E2.33991
;WIDTH:0.49707
G1 F792.69
G1 X109.744 Y100.701 E2.34542
;WIDTH:0.45508
G1 F873.447
G1 X108.908 Y99.915 E2.39104
;WIDTH:0.449999
G1 F884.349
G1 X107.83 Y99.255 E2.44067
G1 X106.915 Y98.887 E2.47939
G1 X106.055 Y98.686 E2.51407
G92 E0
G1 X108.495 Y99.09 F7800
;WIDTH:0.626586
G1 F616.791
G1 X108.425 Y99.108 E.00407
G1 X108.373 Y99.057 E.00817
G1 X108.392 Y98.986 E.01231
G1 X108.462 Y98.968 E.01638
G1 X108.514 Y99.019 E.02048
G92 E0
G1 X110.036 Y100.941 F7800
;WIDTH:0.58105
G1 F668.983
G1 X110.102 Y101.04 E.00618
;WIDTH:0.566718
G1 F687.288
G1 X110.403 Y101.535 E.03545
;WIDTH:0.537638
G1 F727.687
G1 X110.705 Y102.029 E.06308
;WIDTH:0.54621
G1 F715.293
G1 X110.849 Y102.318 E.07875
;WIDTH:0.583862
G1 F665.506
G1 X110.994 Y102.606 E.09557
;WIDTH:0.621514
G1 F622.198
G1 X111.138 Y102.895 E.11359
G1 X111.198 Y102.964 E.11869
;WIDTH:0.586844
G1 F661.857
G1 X111.258 Y103.033 E.12349
;WIDTH:0.552174
G1 F706.916
G1 X111.525 Y103.454 E.14798
;WIDTH:0.509826
G1 F771.033
G1 X111.792 Y103.875 E.17043
;WIDTH:0.467478
G1 F847.941
G1 X111.361 Y104.306 E.19539
G1 X111.307 Y103.827 E.21513
;WIDTH:0.507793
G1 F774.405
G1 X111.263 Y103.583 E.22625
;WIDTH:0.548108
G1 F712.607
G1 X111.219 Y103.339 E.23833
;WIDTH:0.588423
G1 F659.942
G1 X111.175 Y103.095 E.25138
G92 E0
G1 X113.03 Y104.376 F7800
;WIDTH:0.449999
G1 F884.349
G1 X110.068 Y107.339 E.1645
G1 X109.854 Y107.627 E.17859
;WIDTH:0.38292
G1 F1058.823
G1 X109.286 Y108.336 E.20838
G92 E0
G1 X113.198 Y104.784 F7800
;WIDTH:0.449999
G1 F884.349
G1 X105.709 Y112.273 E.41585
G1 X106.285 Y112.273 E.43847
G1 X113.158 Y105.4 E.82012
G1 X112.655 Y106.441 F7800
;WIDTH:0.38292
G1 F1058.823
G1 X112.584 Y106.422 E.82253
G1 X112.603 Y106.493 E.82494
G1 X112.644 Y106.482 E.82633
;WIDTH:0.41646
G1 F963.754
G1 X112.519 Y106.611 E.8328
;WIDTH:0.449999
G1 F884.349
G1 X106.861 Y112.273 E1.14709
G1 X107.436 Y112.273 E1.16967
G1 X111.732 Y107.973 E1.40833
;WIDTH:0.41646
G1 F963.754
G1 X111.858 Y107.844 E1.41483
;WIDTH:0.38292
G1 F1058.823
G1 X111.817 Y107.855 E1.41622
G1 X111.798 Y107.784 E1.41863
G1 X111.869 Y107.803 E1.42104
G1 X111.082 Y109.165 F7800
G1 F1058.823
G1 X111.011 Y109.146 E1.42345
G1 X111.03 Y109.218 E1.42589
G1 X111.071 Y109.207 E1.42728
;WIDTH:0.41646
G1 F963.754
G1 X110.946 Y109.335 E1.43373
;WIDTH:0.449999
G1 F884.349
G1 X108.012 Y112.273 E1.59676
G1 X108.588 Y112.273 E1.61938
G1 X110.16 Y110.698 E1.70675
;WIDTH:0.41646
G1 F963.754
G1 X110.285 Y110.569 E1.71322
;WIDTH:0.38292
G1 F1058.823
G1 X110.244 Y110.58 E1.71461
G1 X110.225 Y110.509 E1.71702
G1 X110.296 Y110.528 E1.71943
G1 X109.55 Y111.794 F7800
G1 F1058.823
G1 X109.192 Y112.159 E1.7362
;LAYER_CHANGE
;Z:7.35
;HEIGHT:0.2
G92 E0
G1 Z7.35 F7800
G1 X99.73 Y104.792
;TYPE:Perimeter
;WIDTH:0.449999
G1 F884.349
G1 X99.727 Y104.627 E.00648
G1 X99.928 Y103.517 E.05077
G1 X100.142 Y102.948 E.07464
G1 X100.365 Y102.462 E.09564
G1 X100.882 Y101.689 E.13215
G1 X101.271 Y101.271 E.15457
G1 X101.671 Y100.894 E.17615
G1 X102.281 Y100.467 E.20539
G1 X103.032 Y100.115 E.23796
G1 X103.495 Y99.933 E.25749
G1 X104.222 Y99.771 E.28674
G1 X105.158 Y99.731 E.32353
G1 X105.549 Y99.743 E.33889
G1 X106.283 Y99.872 E.36815
G1 X106.962 Y100.09 E.39615
G1 X107.484 Y100.338 E.41884
G1 X108.314 Y100.884 E.45785
G1 X108.725 Y101.268 E.47994
G1 X109.08 Y101.635 E.49999
G1 X109.635 Y102.462 E.5391
G1 X109.872 Y102.982 E.56154
G1 X110.062 Y103.474 E.58225
G1 X110.195 Y104.016 E.60416
G1 X110.288 Y105.044 E.64469
G1 X110.22 Y105.831 E.67571
G1 X109.923 Y106.919 E.71999
G1 X109.694 Y107.402 E.74098
G1 X109.424 Y107.896 E.76308
G1 X109.101 Y108.337 E.78454
G1 X108.365 Y109.08 E.8256
G1 X107.908 Y109.416 E.84787
G1 X107.106 Y109.848 E.88364
G1 X106.03 Y110.183 E.92789
G1 X105.423 Y110.256 E.9519
G1 X104.889 Y110.283 E.97289
G1 X103.965 Y110.182 E1.00939
G1 X103.414 Y110.029 E1.03184
G1 X102.935 Y109.869 E1.05167
G1 X102.063 Y109.393 E1.09068
G1 X101.583 Y109.016 E1.11465
G1 X101.2 Y108.675 E1.13479
G1 X100.721 Y108.104 E1.16405
G1 X100.413 Y107.583 E1.18781
G1 X100.161 Y107.124 E1.20837
G1 X99.934 Y106.503 E1.23433
G1 X99.743 Y105.551 E1.27245
G1 X99.731 Y104.852 E1.2999
G1 X100.136 Y104.801 F7800
G1 F884.349
G1 X100.134 Y104.627 E1.30673
G1 X100.327 Y103.596 E1.34791
G1 X100.704 Y102.688 E1.38651
G1 X101.22 Y101.915 E1.423
G1 X101.823 Y101.296 E1.45693
G1 X102.477 Y100.827 E1.48853
G1 X103.196 Y100.488 E1.51974
G1 X103.583 Y100.33 E1.53615
G1 X104.311 Y100.169 E1.56543
G1 X105.478 Y100.143 E1.61126
G1 X106.212 Y100.273 E1.64053
G1 X106.831 Y100.475 E1.6661
G1 X107.304 Y100.703 E1.68672
G1 X108.081 Y101.217 E1.7233
G1 X108.704 Y101.823 E1.75743
G1 X109.297 Y102.688 E1.79861
G1 X109.638 Y103.482 E1.83254
G1 X109.8 Y104.113 E1.85812
G1 X109.88 Y104.947 E1.89102
G1 X109.815 Y105.795 E1.92441
G1 X109.533 Y106.806 E1.96562
G1 X109.144 Y107.577 E1.99953
G1 X108.773 Y108.097 E2.02461
G1 X108.178 Y108.703 E2.05796
G1 X107.746 Y109.03 E2.07923
G1 X106.917 Y109.488 E2.11642
G1 X105.916 Y109.792 E2.1575
G1 X104.933 Y109.878 E2.19624
G1 X104.009 Y109.777 E2.23274
G1 X103.182 Y109.529 E2.26664
G1 X102.259 Y109.036 E2.30773
G1 X101.512 Y108.413 E2.34592
G1 X101.033 Y107.842 E2.37518
G1 X100.518 Y106.928 E2.41637
G1 X100.319 Y106.372 E2.43956
G1 X100.144 Y105.479 E2.47529
G1 X100.137 Y104.861 E2.49956
G1 X100.542 Y104.81 F7800
;TYPE:External perimeter
G1 F884.349
G1 X100.541 Y104.627 E2.50675
G1 X100.725 Y103.685 E2.54444
G1 X101.023 Y102.95 E2.57558
G1 X101.584 Y102.11 E2.61524
G1 X102.11 Y101.584 E2.64445
G1 X102.71 Y101.16 E2.6733
G1 X103.672 Y100.727 E2.71472
G1 X104.399 Y100.566 E2.74396
G1 X105.408 Y100.544 E2.78359
G1 X106.141 Y100.674 E2.81282
G1 X106.7 Y100.861 E2.83596
G1 X107.226 Y101.118 E2.85895
G1 X107.847 Y101.551 E2.88868
G1 X108.416 Y102.111 E2.92003
G1 X108.958 Y102.915 E2.9581
G1 X109.262 Y103.638 E2.9889
G1 X109.404 Y104.21 E3.01204
G1 X109.474 Y104.982 E3.04248
G1 X109.409 Y105.76 E3.07313
G1 X109.142 Y106.692 E3.1112
G1 X108.783 Y107.389 E3.14198
G1 X108.444 Y107.856 E3.16464
G1 X107.89 Y108.416 E3.19557
G1 X107.426 Y108.76 E3.21825
G1 X106.729 Y109.127 E3.24918
G1 X105.802 Y109.401 E3.28713
G1 X105.017 Y109.474 E3.31809
G1 X104.053 Y109.373 E3.35615
G1 X103.304 Y109.14 E3.38695
G1 X102.455 Y108.679 E3.42488
M73 P57 R15
G1 X101.849 Y108.176 E3.4558
G1 X101.345 Y107.581 E3.48642
G1 X100.88 Y106.74 E3.52415
G1 X100.705 Y106.241 E3.54491
G1 X100.544 Y105.408 E3.57822
G1 X100.542 Y104.87 E3.59934
G1 X100.578 Y104.472 F7800
G92 E0
G1 X97.386 Y111.419
;TYPE:Perimeter
G1 F884.349
G1 X97.37 Y111.402 E.00092
G1 X96.844 Y110.716 E.03486
G1 X96.317 Y109.875 E.07383
G1 X95.979 Y109.22 E.10277
G1 X95.498 Y107.984 E.15485
G1 X95.277 Y107.159 E.18839
G1 X95.112 Y106.181 E.22733
G1 X95.051 Y105.447 E.25625
G1 X95.079 Y104.125 E.30817
G1 X95.215 Y103.153 E.34671
G1 X95.377 Y102.434 E.37565
G1 X95.803 Y101.178 E.42773
G1 X96.161 Y100.411 E.46096
G1 X96.848 Y99.278 E.51299
G1 X97.37 Y98.598 E.54665
G1 X97.957 Y97.957 E.58078
G1 X98.603 Y97.366 E.61516
G1 X99.024 Y97.034 E.63621
M73 Q57 S15
G1 X99.647 Y96.601 E.666
G1 X100.401 Y96.166 E.70018
G1 X101.189 Y95.798 E.73433
G1 X101.995 Y95.505 E.768
G1 X103.282 Y95.19 E.82003
G1 X104.128 Y95.079 E.85353
G1 X105.12 Y95.043 E.89251
G1 X105.855 Y95.077 E.9214
G1 X107.166 Y95.279 E.97348
G1 X107.995 Y95.501 E1.00718
G1 X108.811 Y95.798 E1.04128
G1 X109.599 Y96.166 E1.07543
G1 X110.351 Y96.6 E1.10952
G1 X111.069 Y97.102 E1.14392
G1 X111.484 Y97.441 E1.16496
G1 X112.042 Y97.956 E1.19477
G1 X112.63 Y98.598 E1.22895
G1 X113.152 Y99.279 E1.26264
G1 X113.839 Y100.411 E1.31463
G1 X114.202 Y101.189 E1.34834
G1 X114.495 Y101.995 E1.38201
G1 X114.78 Y103.158 E1.42903
G1 X114.926 Y104.234 E1.47167
G1 X114.955 Y105.102 E1.50577
G1 X114.922 Y105.868 E1.53587
G1 X114.809 Y106.73 E1.57001
G1 X114.623 Y107.567 E1.60368
G1 X114.197 Y108.822 E1.65572
G1 X113.839 Y109.589 E1.68895
G1 X113.152 Y110.722 E1.74098
G1 X112.63 Y111.402 E1.77464
G1 X112.043 Y112.043 E1.80877
G1 X111.402 Y112.63 E1.8429
G1 X110.713 Y113.159 E1.87701
G1 X109.989 Y113.62 E1.91071
G1 X108.801 Y114.206 E1.96272
G1 X107.995 Y114.499 E1.99639
G1 X107.166 Y114.721 E2.03009
G1 X105.857 Y114.922 E2.08209
G1 X105 Y114.96 E2.11577
G1 X104.143 Y114.922 E2.14945
G1 X102.834 Y114.721 E2.20145
G1 X102.005 Y114.499 E2.23515
G1 X101.189 Y114.202 E2.26925
G1 X100.401 Y113.834 E2.3034
G1 X99.658 Y113.406 E2.33707
G1 X98.59 Y112.622 E2.38909
G1 X97.957 Y112.043 E2.42277
G1 X97.426 Y111.463 E2.45365
G1 X97.067 Y111.674 F7800
G1 F884.349
G1 X97.058 Y111.664 E2.45418
G1 X96.509 Y110.948 E2.48961
G1 X95.963 Y110.076 E2.53001
G1 X95.607 Y109.388 E2.56043
G1 X95.111 Y108.111 E2.61422
G1 X94.879 Y107.246 E2.64938
G1 X94.708 Y106.232 E2.68976
G1 X94.643 Y105.46 E2.72018
G1 X94.673 Y104.092 E2.77391
G1 X94.814 Y103.08 E2.81403
G1 X94.984 Y102.324 E2.84446
G1 X95.425 Y101.027 E2.89825
G1 X95.801 Y100.219 E2.93324
G1 X96.512 Y99.048 E2.98703
G1 X97.058 Y98.336 E3.02226
G1 X97.669 Y97.669 E3.05778
G1 X98.339 Y97.055 E3.09346
G1 X98.782 Y96.707 E3.11558
G1 X99.429 Y96.257 E3.14652
G1 X100.213 Y95.804 E3.18207
G1 X101.033 Y95.422 E3.21759
G1 X101.876 Y95.115 E3.25282
G1 X103.206 Y94.789 E3.30659
G1 X104.094 Y94.672 E3.34176
G1 X105.122 Y94.635 E3.38215
G1 X105.896 Y94.672 E3.41258
G1 X107.25 Y94.88 E3.46637
G1 X108.117 Y95.113 E3.50162
G1 X108.967 Y95.422 E3.53713
G1 X109.787 Y95.804 E3.57265
G1 X110.57 Y96.256 E3.60815
G1 X111.315 Y96.777 E3.64385
G1 X111.751 Y97.134 E3.66598
G1 X112.33 Y97.668 E3.69691
G1 X112.942 Y98.336 E3.73248
G1 X113.488 Y99.048 E3.76771
G1 X114.199 Y100.219 E3.8215
G1 X114.578 Y101.033 E3.85676
G1 X114.885 Y101.876 E3.89199
G1 X115.211 Y103.206 E3.94576
G1 X115.312 Y103.977 E3.97629
G1 X115.362 Y105.12 E4.02121
G1 X115.328 Y105.904 E4.05202
G1 X115.21 Y106.8 E4.0875
G1 X115.015 Y107.677 E4.12278
G1 X114.575 Y108.973 E4.17652
G1 X114.199 Y109.781 E4.21151
G1 X113.488 Y110.952 E4.2653
G1 X112.942 Y111.664 E4.30053
G1 X112.331 Y112.331 E4.33605
G1 X111.664 Y112.942 E4.37157
G1 X110.946 Y113.492 E4.40708
G1 X110.189 Y113.975 E4.44234
G1 X108.961 Y114.58 E4.49609
G1 X108.117 Y114.887 E4.53135
G1 X107.25 Y115.12 E4.5666
G1 X105.897 Y115.328 E4.62035
G1 X105 Y115.367 E4.6556
G1 X104.103 Y115.328 E4.69085
G1 X102.75 Y115.12 E4.7446
G1 X101.882 Y114.887 E4.77989
G1 X101.033 Y114.578 E4.81536
G1 X100.213 Y114.196 E4.85088
G1 X99.435 Y113.747 E4.88615
G1 X98.331 Y112.937 E4.93991
G1 X97.669 Y112.331 E4.97515
G1 X97.108 Y111.718 E5.00778
G1 X96.749 Y111.93 F7800
;TYPE:External perimeter
G1 F884.349
G1 X96.746 Y111.926 E5.00798
G1 X96.174 Y111.181 E5.04486
G1 X95.609 Y110.278 E5.08668
G1 X95.236 Y109.556 E5.11859
G1 X94.723 Y108.238 E5.17412
G1 X94.481 Y107.333 E5.2109
G1 X94.304 Y106.283 E5.25271
G1 X94.236 Y105.472 E5.28467
G1 X94.266 Y104.059 E5.34016
G1 X94.413 Y103.007 E5.38187
G1 X94.592 Y102.214 E5.41379
G1 X95.046 Y100.875 E5.46931
G1 X95.442 Y100.027 E5.50606
G1 X96.175 Y98.818 E5.56157
G1 X96.746 Y98.074 E5.59839
G1 X97.381 Y97.381 E5.6353
M73 Q58 S15
G1 X98.075 Y96.745 E5.67226
M73 P58 R15
G1 X98.539 Y96.38 E5.69544
G1 X99.21 Y95.913 E5.72754
G1 X100.025 Y95.443 E5.76448
G1 X100.877 Y95.045 E5.8014
G1 X101.758 Y94.725 E5.8382
G1 X103.131 Y94.389 E5.8937
G1 X104.06 Y94.266 E5.9305
G1 X105.124 Y94.228 E5.9723
G1 X105.937 Y94.266 E6.00426
G1 X107.334 Y94.481 E6.05976
G1 X108.24 Y94.724 E6.09659
G1 X109.123 Y95.045 E6.13348
G1 X109.975 Y95.443 E6.1704
G1 X110.789 Y95.913 E6.20731
G1 X111.56 Y96.453 E6.24427
G1 X112.018 Y96.827 E6.26749
G1 X112.619 Y97.381 E6.29958
G1 X113.254 Y98.074 E6.33649
G1 X113.825 Y98.818 E6.37331
G1 X114.558 Y100.027 E6.42882
G1 X114.955 Y100.877 E6.46566
G1 X115.275 Y101.758 E6.50246
G1 X115.611 Y103.131 E6.55796
G1 X115.734 Y104.061 E6.59479
G1 X115.769 Y105.137 E6.63706
G1 X115.734 Y105.939 E6.66858
G1 X115.611 Y106.871 E6.70549
G1 X115.408 Y107.787 E6.74233
G1 X114.954 Y109.125 E6.79781
G1 X114.558 Y109.973 E6.83456
G1 X113.825 Y111.182 E6.89007
G1 X113.254 Y111.926 E6.92689
G1 X112.619 Y112.619 E6.9638
G1 X111.926 Y113.254 E7.00071
G1 X111.18 Y113.826 E7.03762
G1 X110.389 Y114.33 E7.07445
G1 X109.121 Y114.955 E7.12996
G1 X108.24 Y115.276 E7.16678
G1 X107.334 Y115.519 E7.20361
G1 X105.937 Y115.734 E7.25911
G1 X105 Y115.775 E7.29594
G1 X104.063 Y115.734 E7.33277
G1 X102.666 Y115.519 E7.38827
G1 X101.76 Y115.276 E7.4251
G1 X100.877 Y114.955 E7.46199
G1 X100.025 Y114.557 E7.49891
G1 X99.212 Y114.088 E7.53576
G1 X98.072 Y113.252 E7.59127
G1 X97.381 Y112.619 E7.62807
G1 X96.79 Y111.974 E7.66242
G1 X96.542 Y111.659 F7800
G92 E0
G1 X99.474 Y112.892
;TYPE:Internal infill
;WIDTH:0.45
;HEIGHT:0.4
G1 F494.289
G1 X100.542 Y113.563 E.08861
G1 X101.622 Y114.035 E.17141
G1 X101.724 Y113.894 E.18364
G1 X102.379 Y113.438 E.23971
G1 X103.035 Y113.27 E.28728
G1 X103.362 Y113.304 E.31038
G1 X103.69 Y113.548 E.3391
G1 X104.345 Y114.45 E.41741
G1 X104.614 Y114.637 E.44042
G1 X105.827 Y114.618 E.52564
G1 X106.517 Y114.512 E.57468
G1 X106.965 Y113.894 E.6283
G1 X107.621 Y113.438 E.68442
G1 X108.276 Y113.27 E.73192
G1 X108.603 Y113.304 E.75502
G1 X108.931 Y113.548 E.78374
G1 X109.066 Y113.734 E.79989
G1 X109.839 Y113.353 E.86043
G1 X111.206 Y112.396 E.97765
G1 X111.816 Y111.836 E1.03582
G1 X112.721 Y110.781 E1.13347
G1 X112.207 Y110.649 E1.17075
G1 X111.879 Y110.684 E1.19392
G1 X111.552 Y110.927 E1.22254
G1 X110.896 Y111.83 E1.30095
G1 X110.241 Y112.286 E1.35702
G1 X109.586 Y112.454 E1.40452
G1 X109.408 Y112.435 E1.4171
G1 X109.835 Y111.985 E1.46068
G1 X111.089 Y109.813 E1.63687
G1 X111.224 Y109.799 E1.6464
G1 X111.552 Y109.555 E1.67512
G1 X112.207 Y108.653 E1.75343
G1 X112.862 Y108.197 E1.8095
G1 X113.517 Y108.029 E1.857
G1 X113.845 Y108.063 E1.88017
G1 X114.074 Y108.234 E1.90025
G1 X114.411 Y107.112 E1.98255
G1 X114.172 Y106.935 E2.00344
G1 X113.517 Y106.032 E2.08181
G1 X113.342 Y105.911 E2.09676
G1 X113.611 Y105.324 E2.14212
G1 X113.643 Y104.901 E2.17192
G1 X113.517 Y104.405 E2.20787
G1 X112.733 Y103.045 E2.31815
G1 X112.862 Y102.956 E2.32916
G1 X113.517 Y102.787 E2.37668
G1 X113.845 Y102.822 E2.39985
G1 X114.172 Y103.065 E2.42847
G1 X114.54 Y103.572 E2.47248
G1 X114.654 Y105 E2.57312
G1 X114.596 Y106.007 E2.64398
G92 E0
G1 X114.388 Y102.842 F7800
G1 F494.289
G1 X114.203 Y102.084 E.05481
G1 X113.948 Y101.385 E.10708
G1 X113.517 Y100.791 E.15864
G1 X112.862 Y100.335 E.21471
G1 X112.207 Y100.167 E.26221
G1 X111.879 Y100.201 E.28538
G1 X111.552 Y100.445 E.31404
G1 X111.375 Y100.688 E.33516
G1 X110.554 Y99.263 E.45069
G1 X110.896 Y99.351 E.4755
G1 X111.224 Y99.316 E.49867
G1 X111.552 Y99.073 E.52735
G1 X112.037 Y98.404 E.5854
G1 X111.293 Y97.681 E.65828
G1 X110.187 Y96.858 E.75513
G1 X109.849 Y96.663 E.78254
G1 X109.586 Y96.73 E.80161
G1 X109.259 Y96.696 E.82471
G1 X108.931 Y96.452 E.85343
G1 X108.649 Y96.064 E.88713
G1 X107.104 Y95.578 E1.00091
G1 X106.145 Y95.431 E1.06907
G1 X105.655 Y96.106 E1.12767
G1 X105 Y96.562 E1.18374
G1 X104.345 Y96.73 E1.23124
G1 X104.017 Y96.696 E1.25441
G1 X103.69 Y96.452 E1.28307
G1 X103.044 Y95.562 E1.36033
G1 X102.16 Y95.779 E1.42427
G1 X101.314 Y96.078 E1.4873
G1 X100.744 Y96.359 E1.53194
G1 X101.169 Y97.35 F7800
G1 F494.289
G1 X100.671 Y97.513 E1.56875
G1 X100.434 Y97.686 E1.58936
G1 X100.164 Y98.016 E1.61931
G1 X99.568 Y99.049 E1.70309
G1 X99.104 Y98.726 E1.74281
G1 X98.491 Y97.883 E1.81603
G1 X98.184 Y98.164 E1.84527
G1 X97.203 Y99.317 E1.95162
G1 X96.642 Y100.207 E2.02553
G1 X97.138 Y100.335 E2.06152
G1 X97.793 Y100.791 E2.11759
G1 X98.221 Y101.381 E2.16879
G1 X97.343 Y102.903 E2.29222
G1 X97.138 Y102.956 E2.30709
G1 X96.483 Y103.412 E2.36316
G1 X95.828 Y104.314 E2.44147
G1 X95.5 Y104.558 E2.47019
G1 X95.375 Y104.571 E2.47902
G1 X95.356 Y105.438 E2.53994
G1 X95.432 Y106.232 E2.59597
G1 X95.828 Y105.686 E2.64335
G1 X96.155 Y105.442 E2.67201
G1 X96.418 Y105.415 E2.69058
G1 X97.886 Y108.038 E2.90174
G1 X97.138 Y108.197 E2.95546
G1 X96.483 Y108.653 E3.01153
G1 X96.226 Y109.007 E3.04226
G1 X96.527 Y109.617 E3.09005
G1 X97.095 Y110.541 E3.16624
G1 X97.5 Y111.07 E3.21304
G1 X97.793 Y111.274 E3.23812
G1 X98.237 Y111.885 E3.29118
G1 X98.839 Y112.426 E3.34804
G1 X99.104 Y112.454 E3.36676
G1 X99.759 Y112.286 E3.41426
G1 X100.174 Y111.997 E3.44979
G1 X100.463 Y112.34 E3.4813
G1 X100.987 Y112.622 E3.5231
G1 X101.381 Y112.68 E3.55108
G1 X102.377 Y112.68 E3.62105
G92 E0
G1 X105.723 Y111.559 F7800
;HEIGHT:0.2
G1 F884.348
G1 X103.28 Y111.559 E.09592
G1 X103.507 Y111.823 E.10959
G1 X101.423 Y111.823 E.19142
G1 X101.032 Y111.694 E.20759
G1 X99.825 Y109.682 E.29972
G1 X100.182 Y109.774 E.3142
G1 X98.614 Y107.058 E.43734
G1 X98.448 Y106.935 E.44545
G1 X97.793 Y106.032 E.48925
G1 X97.667 Y105.944 E.49528
G1 X97.231 Y105.139 E.53123
G1 X97.267 Y104.753 E.54645
G1 X97.83 Y103.773 E.59083
G1 X97.899 Y104.994 F7800
;TYPE:Solid infill
;WIDTH:0.449999
G1 F884.349
G1 X98.477 Y103.993 E.63622
;WIDTH:0.48753
G1 F809.7
G1 X98.709 Y103.637 E.65444
;WIDTH:0.52506
G1 F746.672
G1 X98.94 Y103.281 E.67418
;WIDTH:0.56259
G1 F692.747
G1 X99.171 Y102.924 E.69549
G1 X99.596 Y102.134 E.74045
;WIDTH:0.563114
G1 X100.248 Y101.043 E.80422
G1 X100.401 Y100.739 E.8213
;WIDTH:0.525409
G1 F746.131
G1 X100.555 Y100.434 E.8372
;WIDTH:0.487704
G1 F809.382
G1 X100.708 Y100.129 E.85184
;WIDTH:0.449999
G1 F884.349
G1 X101.454 Y98.848 E.91005
G1 X103.192 Y98.848 E.97829
;WIDTH:0.499344
G1 F788.741
G1 X103.741 Y98.872 E1.00248
;WIDTH:0.548688
G1 F711.789
G1 X104.29 Y98.897 E1.02929
G1 X105.696 Y98.892 E1.09788
;WIDTH:0.540507
G1 F723.492
G1 X106.138 Y98.87 E1.11912
;WIDTH:0.495253
G1 F795.874
G1 X106.58 Y98.848 E1.13843
;WIDTH:0.449999
G1 F884.349
G1 X108.554 Y98.851 E1.21594
G1 X109.379 Y100.281 E1.28076
;WIDTH:0.48645
G1 F811.67
G1 X109.539 Y100.594 E1.2958
;WIDTH:0.522901
G1 F750.03
G1 X109.699 Y100.908 E1.31212
;WIDTH:0.559352
G1 F697.091
G1 X109.859 Y101.221 E1.32963
G1 X110.401 Y102.129 E1.3823
;WIDTH:0.568416
G1 F685.067
G1 X110.911 Y103.052 E1.43575
G1 X111.074 Y103.295 E1.45058
;WIDTH:0.528944
G1 F740.705
G1 X111.237 Y103.537 E1.46426
;WIDTH:0.489472
G1 F806.178
G1 X111.4 Y103.78 E1.47686
;WIDTH:0.449999
G1 F884.349
G1 X112.101 Y105.006 E1.53231
G1 X111.299 Y106.394 E1.59525
;WIDTH:0.496194
G1 F794.222
G1 X110.971 Y106.914 E1.62213
;WIDTH:0.542389
G1 F720.765
G1 X110.643 Y107.433 E1.65171
G1 X110.108 Y108.375 E1.7039
;WIDTH:0.54531
G1 F716.575
G1 X109.756 Y108.972 E1.73748
G1 X109.566 Y109.348 E1.75789
;WIDTH:0.497655
G1 F791.671
G1 X109.376 Y109.725 E1.77641
;WIDTH:0.449999
G1 F884.349
G1 X108.546 Y111.152 E1.84123
G1 X107.204 Y111.152 E1.89392
;WIDTH:0.484013
G1 F816.156
G1 X106.776 Y111.133 E1.91215
;WIDTH:0.518026
G1 F757.726
G1 X106.348 Y111.114 E1.93178
;WIDTH:0.552039
G1 F707.104
G1 X105.92 Y111.095 E1.95282
G1 X104.948 Y111.114 E2.00056
;WIDTH:0.559908
G1 F696.342
G1 X104.353 Y111.097 E2.03024
;WIDTH:0.592749
G1 F654.749
G1 X103.759 Y111.081 E2.06175
G1 X103.65 Y111.1 E2.06762
;WIDTH:0.553698
G1 F704.807
G1 X103.295 Y111.118 E2.08513
;WIDTH:0.519132
G1 F755.966
G1 X102.939 Y111.135 E2.1015
;WIDTH:0.484566
G1 F815.134
G1 X102.584 Y111.152 E2.11664
;WIDTH:0.449999
G1 F884.349
G1 X101.445 Y111.147 E2.16136
G1 X100.924 Y110.245 E2.20226
;WIDTH:0.491253
G1 F802.976
G1 X100.809 Y110.004 E2.21381
;WIDTH:0.532506
G1 F735.316
G1 X100.693 Y109.763 E2.22644
;WIDTH:0.573759
G1 F678.172
G1 X100.578 Y109.521 E2.24016
;WIDTH:0.615012
G1 F629.269
G1 X100.462 Y109.28 E2.25492
G1 X100.184 Y108.838 E2.28373
;WIDTH:0.574553
G1 F677.159
G1 X99.906 Y108.397 E2.31046
;WIDTH:0.550712
G1 F708.952
G1 X99.289 Y107.311 E2.37164
G1 X99.168 Y107.134 E2.38214
;WIDTH:0.517141
G1 F759.14
G1 X99.046 Y106.957 E2.39197
;WIDTH:0.48357
G1 F816.975
G1 X98.924 Y106.78 E2.40111
;WIDTH:0.449999
G1 F884.349
G1 X98 Y105.171 E2.47396
G92 E0
G1 X101.067 Y109.573 F7800
;WIDTH:0.555315
G1 F702.583
G1 X101.565 Y109.98 E.03179
G1 X102.618 Y110.561 E.09123
G1 X102.99 Y110.693 E.11074
G1 X101.713 Y110.693 E.17385
G1 X101.169 Y109.749 E.2277
G92 E0
G1 X99.44 Y105.209 F7800
;WIDTH:0.449999
G1 F884.349
G1 X99.439 Y105.587 E.01484
G1 X99.604 Y106.473 E.05023
;WIDTH:0.48357
G1 F816.975
G1 X99.664 Y106.701 E.06025
;WIDTH:0.517141
G1 F759.14
G1 X99.725 Y106.929 E.07105
;WIDTH:0.550712
G1 F708.952
G1 X99.786 Y107.157 E.08261
G1 X100.35 Y108.186 E.14008
;WIDTH:0.575106
G1 F676.455
G1 X100.979 Y108.976 E.19192
G1 X101.238 Y109.169 E.2085
;WIDTH:0.533404
G1 F733.969
G1 X101.496 Y109.362 E.22374
;WIDTH:0.491702
G1 F802.172
G1 X101.754 Y109.555 E.23769
;WIDTH:0.449999
G1 F884.349
G1 X102.877 Y110.175 E.28806
;WIDTH:0.497583
G1 F791.796
G1 X103.181 Y110.294 E.30238
;WIDTH:0.545166
G1 F716.781
G1 X103.485 Y110.413 E.3182
;WIDTH:0.592749
G1 F654.749
G1 X103.789 Y110.533 E.33553
G1 X104.394 Y110.583 E.36772
;WIDTH:0.559908
G1 F696.342
G1 X104.999 Y110.633 E.39799
;WIDTH:0.552039
G1 F707.104
G1 X105.979 Y110.558 E.44626
G1 X106.351 Y110.434 E.46552
;WIDTH:0.518026
G1 F757.726
G1 X106.723 Y110.31 E.48349
;WIDTH:0.484013
G1 F816.156
G1 X107.095 Y110.186 E.50017
;WIDTH:0.449999
G1 F884.349
G1 X108.03 Y109.702 E.54151
G1 X108.688 Y109.201 E.57398
;WIDTH:0.489158
G1 F806.746
G1 X108.907 Y109.005 E.58663
;WIDTH:0.528316
G1 F741.663
G1 X109.127 Y108.81 E.60039
;WIDTH:0.567474
G1 F686.297
G1 X109.346 Y108.614 E.61526
G1 X109.717 Y108.077 E.64828
;WIDTH:0.542389
G1 F720.765
G1 X110.198 Y107.184 E.69715
G1 X110.349 Y106.602 E.72612
;WIDTH:0.496194
G1 F794.222
G1 X110.5 Y106.021 E.75237
;WIDTH:0.449999
G1 F884.349
G1 X110.593 Y104.982 E.79333
G1 X110.508 Y104.027 E.83098
;WIDTH:0.49544
G1 F795.545
G1 X110.464 Y103.759 E.84283
;WIDTH:0.540881
G1 F722.948
G1 X110.419 Y103.491 E.85588
;WIDTH:0.586322
G1 F662.493
G1 X110.374 Y103.223 E.87012
G1 X110.16 Y102.766 E.89657
;WIDTH:0.557276
G1 F699.905
G1 X109.945 Y102.308 E.92167
;WIDTH:0.553154
G1 F705.559
G1 X109.39 Y101.461 E.97151
G1 X109.147 Y101.232 E.98794
;WIDTH:0.518769
G1 F756.542
G1 X108.903 Y101.003 E1.0033
;WIDTH:0.484384
G1 F815.469
G1 X108.659 Y100.774 E1.01755
;WIDTH:0.449999
G1 F884.349
G1 X107.8 Y100.156 E1.0591
G1 X107.179 Y99.849 E1.0863
G1 X106.507 Y99.615 E1.11424
;WIDTH:0.495253
G1 F795.874
G1 X106.026 Y99.503 E1.13579
;WIDTH:0.540507
G1 F723.492
G1 X105.545 Y99.391 E1.15949
;WIDTH:0.548688
G1 F711.789
G1 X104.267 Y99.403 E1.22184
G1 X103.757 Y99.546 E1.24768
;WIDTH:0.499344
G1 F788.741
G1 X103.247 Y99.69 E1.27101
;WIDTH:0.449999
G1 F884.349
G1 X102.203 Y100.154 E1.31587
G1 X101.35 Y100.763 E1.35702
;WIDTH:0.487704
G1 F809.382
G1 X101.107 Y100.986 E1.37117
;WIDTH:0.525409
G1 F746.131
G1 X100.864 Y101.209 E1.38652
;WIDTH:0.563114
G1 F692.05
G1 X100.621 Y101.432 E1.40307
G1 X99.994 Y102.413 E1.46149
;WIDTH:0.56259
G1 X99.613 Y103.3 E1.50988
G1 X99.557 Y103.664 E1.52834
;WIDTH:0.52506
G1 F746.672
G1 X99.501 Y104.027 E1.54542
;WIDTH:0.48753
G1 F809.7
G1 X99.444 Y104.391 E1.56122
;WIDTH:0.449999
G1 F884.349
G1 X99.44 Y105.005 E1.58533
G1 X98.529 Y105.176 F7800
;WIDTH:0.555962
G1 F701.697
G1 X99.067 Y106.109 E1.63863
G1 X98.976 Y105.546 E1.66685
G1 X98.984 Y104.401 E1.72351
M73 Q59 S15
G1 X99.083 Y103.865 E1.75048
M73 P59 R15
G1 X98.427 Y105 E1.81535
G92 E0
G1 X101.067 Y100.413 F7800
;WIDTH:0.540199
G1 F723.94
G1 X101.709 Y99.3 E.06163
G1 X103.011 Y99.3 E.12408
G1 X101.977 Y99.76 E.17836
G1 X101.232 Y100.294 E.22233
G92 E0
G1 X106.98 Y99.3 F7800
;WIDTH:0.540087
G1 F724.103
G1 X108.291 Y99.3 E.06287
G1 X108.925 Y100.405 E.12396
G1 X108.033 Y99.767 E.17655
G1 X107.403 Y99.454 E.21028
G1 X107.171 Y99.369 E.22213
G92 E0
G1 X111.049 Y105.924 F7800
;WIDTH:0.54016
G1 F723.996
G1 X111.582 Y105 E.05116
G1 X110.951 Y103.916 E.11132
G1 X111.044 Y104.943 E.16078
G1 X110.947 Y106.1 E.21647
G92 E0
G1 X107.177 Y110.696 F7800
;WIDTH:0.547944
G1 F712.837
G1 X108.289 Y110.696 E.05417
G1 X108.923 Y109.597 E.11597
G1 X108.305 Y110.065 E.15373
G1 X107.317 Y110.585 E.20812
G1 X106.974 Y110.696 E.22568
;LAYER_CHANGE
;Z:7.55
;HEIGHT:0.2
G92 E0
G1 Z7.55 F7800
G1 X99.741 Y104.793
;TYPE:Perimeter
;WIDTH:0.449999
G1 F884.349
G1 X99.752 Y104.566 E.00892
G1 X99.818 Y103.965 E.03266
G1 X100.083 Y103.059 E.06972
G1 X100.609 Y102.06 E.11405
G1 X101.2 Y101.325 E.15108
G1 X102.006 Y100.641 E.19259
G1 X102.499 Y100.341 E.21525
G1 X103.016 Y100.114 E.23742
G1 X103.495 Y99.933 E.25753
G1 X104.222 Y99.771 E.28678
G1 X104.915 Y99.713 E.31409
G1 X105.425 Y99.745 E.33415
G1 X106.027 Y99.816 E.35795
G1 X106.92 Y100.077 E.39448
G1 X107.377 Y100.3 E.41445
G1 X107.94 Y100.609 E.43967
G1 X108.675 Y101.2 E.4767
G1 X109.082 Y101.646 E.50041
G1 X109.646 Y102.479 E.53991
G1 X109.872 Y102.982 E.56156
G1 X110.062 Y103.474 E.58227
G1 X110.195 Y104.016 E.60418
G1 X110.288 Y105.044 E.64471
G1 X110.22 Y105.831 E.67573
G1 X109.923 Y106.92 E.72005
G1 X109.695 Y107.386 E.74042
G1 X109.391 Y107.94 E.76523
G1 X109.016 Y108.417 E.78905
G1 X108.657 Y108.814 E.81007
G1 X107.932 Y109.396 E.84657
G1 X107.104 Y109.849 E.88363
G1 X106.027 Y110.184 E.92792
G1 X105.169 Y110.278 E.96181
G1 X104.532 Y110.244 E.98686
G1 X103.965 Y110.182 E1.00926
G1 X103.414 Y110.029 E1.03171
G1 X102.935 Y109.869 E1.05154
G1 X102.063 Y109.393 E1.09055
G1 X101.583 Y109.016 E1.11452
G1 X101.2 Y108.675 E1.13466
G1 X100.721 Y108.104 E1.16392
G1 X100.355 Y107.523 E1.19088
G1 X99.986 Y106.674 E1.22723
G1 X99.834 Y106.104 E1.25039
G1 X99.722 Y105.169 E1.28736
G1 X99.738 Y104.853 E1.29978
G1 X100.146 Y104.801 F7800
G1 F884.349
G1 X100.157 Y104.61 E1.30729
G1 X100.223 Y104.009 E1.33103
G1 X100.471 Y103.182 E1.36493
G1 X100.966 Y102.256 E1.40616
G1 X101.512 Y101.587 E1.44007
G1 X102.158 Y101.033 E1.47348
G1 X102.711 Y100.689 E1.49905
G1 X103.583 Y100.33 E1.53608
G1 X104.311 Y100.169 E1.56536
G1 X104.942 Y100.12 E1.59021
G1 X105.794 Y100.185 E1.62376
G1 X106.518 Y100.384 E1.65324
G1 X106.929 Y100.518 E1.67021
G1 X107.744 Y100.966 E1.70673
G1 X108.413 Y101.512 E1.74064
G1 X108.776 Y101.914 E1.76191
G1 X109.303 Y102.698 E1.799
G1 X109.638 Y103.482 E1.83248
G1 X109.8 Y104.113 E1.85806
G1 X109.88 Y104.947 E1.89096
G1 X109.815 Y105.795 E1.92435
G1 X109.532 Y106.806 E1.96557
G1 X109.036 Y107.741 E2.00713
G1 X108.402 Y108.497 E2.04587
G1 X107.673 Y109.083 E2.0826
G1 X106.916 Y109.488 E2.11631
G1 X105.913 Y109.793 E2.15747
G1 X105.134 Y109.873 E2.18822
G1 X104.576 Y109.839 E2.21017
G1 X104.009 Y109.777 E2.23257
G1 X103.182 Y109.529 E2.26647
G1 X102.259 Y109.036 E2.30756
G1 X101.512 Y108.413 E2.34575
G1 X101.033 Y107.842 E2.37501
G1 X100.703 Y107.312 E2.39952
G1 X100.362 Y106.518 E2.43345
G1 X100.23 Y106.007 E2.45417
G1 X100.127 Y105.134 E2.48869
G1 X100.143 Y104.861 E2.49943
G1 X100.559 Y104.81 F7800
;TYPE:External perimeter
G1 F884.349
G1 X100.627 Y104.053 E2.52927
G1 X100.86 Y103.304 E2.56007
G1 X101.323 Y102.452 E2.59814
G1 X101.824 Y101.849 E2.62892
G1 X102.419 Y101.345 E2.65954
G1 X102.922 Y101.037 E2.6827
G1 X103.638 Y100.738 E2.71317
G1 X104.395 Y100.567 E2.74364
G1 X104.969 Y100.526 E2.76624
G1 X105.759 Y100.591 E2.79736
G1 X106.733 Y100.875 E2.8372
G1 X107.548 Y101.323 E2.87372
G1 X108.151 Y101.824 E2.9045
G1 X108.531 Y102.252 E2.92697
G1 X108.96 Y102.918 E2.95808
G1 X109.262 Y103.638 E2.98874
G1 X109.404 Y104.21 E3.01188
G1 X109.474 Y104.982 E3.04232
G1 X109.409 Y105.76 E3.07297
G1 X109.142 Y106.692 E3.11104
G1 X108.679 Y107.545 E3.14915
G1 X108.176 Y108.151 E3.18007
G1 X107.422 Y108.761 E3.21815
G1 X106.728 Y109.127 E3.24896
G1 X105.799 Y109.402 E3.287
G1 X105.098 Y109.467 E3.31464
G1 X104.014 Y109.364 E3.35739
G1 X103.304 Y109.14 E3.38662
G1 X102.455 Y108.679 E3.42455
G1 X101.849 Y108.176 E3.45547
G1 X101.345 Y107.581 E3.48609
G1 X101.051 Y107.101 E3.50819
G1 X100.738 Y106.362 E3.5397
G1 X100.596 Y105.79 E3.56284
G1 X100.533 Y105.098 E3.59012
G1 X100.553 Y104.87 E3.59911
G1 X100.59 Y104.472 F7800
G92 E0
G1 X97.357 Y111.384
;TYPE:Perimeter
G1 F884.349
G1 X96.843 Y110.715 E.03313
G1 X96.328 Y109.895 E.07115
G1 X95.979 Y109.22 E.10099
G1 X95.498 Y107.984 E.15307
G1 X95.277 Y107.159 E.18661
G1 X95.115 Y106.203 E.22468
G1 X95.051 Y105.447 E.25447
G1 X95.079 Y104.124 E.30643
G1 X95.21 Y103.175 E.34405
G1 X95.377 Y102.434 E.37387
G1 X95.803 Y101.178 E.42595
G1 X96.164 Y100.404 E.45948
G1 X96.654 Y99.568 E.49753
G1 X97.091 Y98.947 E.52735
G1 X97.966 Y97.95 E.57943
G1 X98.596 Y97.372 E.613
G1 X99.368 Y96.787 E.65103
G1 X100.01 Y96.381 E.68086
G1 X101.199 Y95.794 E.73293
G1 X101.995 Y95.505 E.76618
G1 X103.282 Y95.19 E.81821
G1 X104.129 Y95.078 E.85176
G1 X105.097 Y95.042 E.88979
G1 X105.856 Y95.077 E.91962
G1 X107.166 Y95.279 E.97166
G1 X107.995 Y95.501 E1.00536
G1 X108.811 Y95.798 E1.03946
G1 X109.596 Y96.164 E1.07347
G1 X110.432 Y96.654 E1.11152
G1 X111.053 Y97.091 E1.14134
G1 X112.05 Y97.966 E1.19342
G1 X112.63 Y98.598 E1.2271
G1 X113.152 Y99.279 E1.26079
G1 X113.839 Y100.411 E1.31278
G1 X114.202 Y101.189 E1.34649
G1 X114.495 Y101.995 E1.38016
G1 X114.78 Y103.158 E1.42718
G1 X114.926 Y104.234 E1.46982
G1 X114.955 Y105.102 E1.50392
G1 X114.922 Y105.868 E1.53402
G1 X114.809 Y106.73 E1.56816
G1 X114.623 Y107.567 E1.60183
G1 X114.197 Y108.822 E1.65387
G1 X113.834 Y109.599 E1.68754
G1 X113.406 Y110.342 E1.72121
G1 X112.622 Y111.41 E1.77323
G1 X112.043 Y112.043 E1.80691
G1 X111.402 Y112.63 E1.84104
G1 X110.713 Y113.159 E1.87515
G1 X109.989 Y113.62 E1.90885
G1 X108.801 Y114.206 E1.96086
G1 X107.995 Y114.499 E1.99453
G1 X107.159 Y114.723 E2.02851
G1 X106.203 Y114.885 E2.06658
G1 X105.447 Y114.949 E2.09637
G1 X104.114 Y114.92 E2.14872
G1 X103.616 Y114.862 E2.16841
G1 X102.846 Y114.724 E2.19913
G1 X102.005 Y114.499 E2.23331
G1 X101.189 Y114.202 E2.26741
G1 X100.401 Y113.834 E2.30156
G1 X99.658 Y113.406 E2.33523
G1 X98.59 Y112.622 E2.38725
G1 X97.957 Y112.043 E2.42093
G1 X97.396 Y111.43 E2.45356
G1 X97.05 Y111.653 F7800
G1 F884.349
G1 X96.509 Y110.948 E2.48845
G1 X95.974 Y110.097 E2.52792
G1 X95.607 Y109.388 E2.55927
G1 X95.111 Y108.111 E2.61306
G1 X94.879 Y107.246 E2.64822
G1 X94.711 Y106.255 E2.68769
G1 X94.643 Y105.459 E2.71906
G1 X94.673 Y104.092 E2.77275
G1 X94.809 Y103.103 E2.81195
G1 X94.984 Y102.324 E2.8433
G1 X95.425 Y101.027 E2.89709
G1 X95.803 Y100.214 E2.93229
G1 X96.311 Y99.347 E2.97175
G1 X96.771 Y98.695 E3.00308
G1 X97.674 Y97.665 E3.05686
G1 X98.335 Y97.059 E3.09207
G1 X99.136 Y96.453 E3.13151
G1 X99.81 Y96.025 E3.16286
G1 X101.039 Y95.42 E3.21665
G1 X101.876 Y95.115 E3.25163
G1 X103.206 Y94.789 E3.3054
G1 X104.095 Y94.672 E3.34061
G1 X105.099 Y94.635 E3.38006
G1 X105.896 Y94.672 E3.41139
G1 X107.25 Y94.88 E3.46518
G1 X108.117 Y95.113 E3.50043
G1 X108.967 Y95.422 E3.53594
G1 X109.786 Y95.803 E3.57141
G1 X110.653 Y96.311 E3.61087
G1 X111.305 Y96.771 E3.6422
G1 X112.335 Y97.674 E3.69598
G1 X112.942 Y98.336 E3.73125
G1 X113.488 Y99.048 E3.76648
G1 X114.199 Y100.219 E3.82027
G1 X114.578 Y101.033 E3.85553
G1 X114.885 Y101.876 E3.89076
G1 X115.211 Y103.206 E3.94453
G1 X115.312 Y103.977 E3.97506
G1 X115.362 Y105.12 E4.01998
G1 X115.328 Y105.904 E4.05079
G1 X115.21 Y106.8 E4.08627
G1 X115.015 Y107.677 E4.12155
G1 X114.575 Y108.973 E4.17529
G1 X114.196 Y109.787 E4.21055
G1 X113.747 Y110.565 E4.24582
G1 X112.937 Y111.669 E4.29958
G1 X112.331 Y112.331 E4.33482
G1 X111.664 Y112.942 E4.37034
G1 X110.946 Y113.492 E4.40585
G1 X110.189 Y113.975 E4.44111
G1 X108.961 Y114.58 E4.49486
G1 X108.117 Y114.887 E4.53012
G1 X107.246 Y115.121 E4.56553
G1 X106.255 Y115.289 E4.605
G1 X105.459 Y115.357 E4.63637
G1 X104.085 Y115.327 E4.69033
G1 X103.556 Y115.265 E4.71124
G1 X102.757 Y115.122 E4.74311
G1 X101.882 Y114.887 E4.77868
G1 X101.033 Y114.578 E4.81415
G1 X100.213 Y114.196 E4.84967
G1 X99.435 Y113.747 E4.88494
G1 X98.331 Y112.937 E4.9387
G1 X97.669 Y112.331 E4.97394
G1 X97.089 Y111.698 E5.00765
G1 X96.743 Y111.922 F7800
;TYPE:External perimeter
G1 F884.349
G1 X96.174 Y111.18 E5.04436
G1 X95.62 Y110.299 E5.08522
G1 X95.236 Y109.556 E5.11806
G1 X94.723 Y108.238 E5.17359
G1 X94.481 Y107.332 E5.21041
G1 X94.306 Y106.306 E5.25128
G1 X94.236 Y105.472 E5.28414
G1 X94.267 Y104.059 E5.33963
G1 X94.409 Y103.03 E5.38042
G1 X94.592 Y102.214 E5.41326
G1 X95.046 Y100.875 E5.46878
G1 X95.442 Y100.025 E5.5056
G1 X95.969 Y99.127 E5.54648
G1 X96.45 Y98.443 E5.57931
G1 X97.383 Y97.38 E5.63484
G1 X98.074 Y96.746 E5.67166
G1 X98.904 Y96.118 E5.71253
G1 X99.611 Y95.67 E5.74539
G1 X100.879 Y95.045 E5.8009
G1 X101.758 Y94.725 E5.83763
G1 X103.131 Y94.389 E5.89313
G1 X104.061 Y94.266 E5.92996
G1 X105.101 Y94.227 E5.97082
G1 X105.937 Y94.266 E6.00368
G1 X107.334 Y94.481 E6.05918
G1 X108.24 Y94.724 E6.09601
G1 X109.123 Y95.045 E6.1329
G1 X109.975 Y95.442 E6.16981
G1 X110.873 Y95.969 E6.21069
G1 X111.557 Y96.45 E6.24352
G1 X112.62 Y97.383 E6.29905
G1 X113.254 Y98.074 E6.33587
G1 X113.825 Y98.818 E6.37269
G1 X114.558 Y100.027 E6.4282
G1 X114.955 Y100.877 E6.46504
G1 X115.275 Y101.758 E6.50184
G1 X115.611 Y103.131 E6.55734
G1 X115.734 Y104.061 E6.59417
G1 X115.769 Y105.137 E6.63644
G1 X115.734 Y105.939 E6.66796
G1 X115.611 Y106.871 E6.70487
G1 X115.408 Y107.787 E6.74171
G1 X114.954 Y109.125 E6.79719
G1 X114.557 Y109.975 E6.83403
G1 X114.088 Y110.788 E6.87088
G1 X113.252 Y111.928 E6.92639
G1 X112.619 Y112.619 E6.96319
G1 X111.926 Y113.254 E7.0001
G1 X111.18 Y113.826 E7.03701
G1 X110.389 Y114.33 E7.07384
G1 X109.121 Y114.955 E7.12935
G1 X108.24 Y115.276 E7.16617
G1 X107.333 Y115.519 E7.20304
G1 X106.306 Y115.694 E7.24395
G1 X105.472 Y115.764 E7.27681
G1 X104.057 Y115.733 E7.33238
G1 X103.496 Y115.668 E7.35455
G1 X102.668 Y115.519 E7.38758
G1 X101.76 Y115.276 E7.42449
G1 X100.877 Y114.955 E7.46138
G1 X100.025 Y114.557 E7.4983
G1 X99.212 Y114.088 E7.53515
G1 X98.072 Y113.252 E7.59066
G1 X97.381 Y112.619 E7.62746
G1 X96.783 Y111.967 E7.6622
G1 X96.536 Y111.652 F7800
;LAYER_CHANGE
;Z:7.75
;HEIGHT:0.2
G92 E0
G1 Z7.75 F7800
G1 X99.73 Y104.792
;TYPE:Perimeter
G1 F884.349
G1 X99.727 Y104.627 E.00648
G1 X99.817 Y103.967 E.03263
G1 X100.083 Y103.059 E.06978
G1 X100.609 Y102.06 E.11411
G1 X101.151 Y101.384 E.14813
M73 Q60 S15
G1 X101.665 Y100.902 E.1758
M73 P60 R15
G1 X102.414 Y100.396 E.21129
G1 X102.982 Y100.128 E.23595
G1 X103.495 Y99.933 E.2575
G1 X104.222 Y99.771 E.28675
G1 X105.117 Y99.732 E.32193
G1 X105.549 Y99.743 E.3389
G1 X106.283 Y99.872 E.36816
G1 X106.962 Y100.09 E.39616
G1 X107.94 Y100.609 E.43963
G1 X108.616 Y101.151 E.47365
G1 X109.107 Y101.674 E.50182
G1 X109.645 Y102.478 E.5398
G1 X109.872 Y102.982 E.5615
G1 X110.062 Y103.474 E.58221
G1 X110.195 Y104.016 E.60412
G1 X110.288 Y105.044 E.64465
G1 X110.22 Y105.831 E.67567
G1 X109.923 Y106.92 E.71999
G1 X109.695 Y107.386 E.74036
G1 X109.391 Y107.94 E.76517
G1 X109.016 Y108.417 E.78899
G1 X108.657 Y108.814 E.81001
G1 X107.932 Y109.396 E.84651
G1 X107.435 Y109.677 E.86893
G1 X106.983 Y109.903 E.88877
G1 X106.23 Y110.141 E.91978
G1 X105.372 Y110.255 E.95377
G1 X104.889 Y110.283 E.97277
G1 X103.965 Y110.182 E1.00927
G1 X103.379 Y110.018 E1.03316
G1 X102.876 Y109.838 E1.05414
G1 X102.06 Y109.391 E1.09067
G1 X101.583 Y109.016 E1.11449
G1 X101.2 Y108.675 E1.13463
G1 X100.721 Y108.104 E1.16389
G1 X100.161 Y107.124 E1.20821
G1 X99.935 Y106.505 E1.23408
G1 X99.743 Y105.549 E1.27237
G1 X99.731 Y104.852 E1.29974
G1 X100.136 Y104.801 F7800
G1 F884.349
G1 X100.134 Y104.627 E1.30657
G1 X100.219 Y104.029 E1.33029
G1 X100.471 Y103.182 E1.36499
G1 X100.966 Y102.256 E1.40622
G1 X101.463 Y101.646 E1.43711
G1 X101.933 Y101.208 E1.46234
G1 X102.632 Y100.739 E1.49539
G1 X103.138 Y100.504 E1.5173
G1 X103.658 Y100.314 E1.53904
G1 X104.311 Y100.169 E1.5653
G1 X105.126 Y100.139 E1.59732
G1 X105.478 Y100.143 E1.61114
G1 X106.212 Y100.273 E1.64041
G1 X106.831 Y100.475 E1.66598
G1 X107.744 Y100.966 E1.70668
G1 X108.354 Y101.463 E1.73757
G1 X108.801 Y101.943 E1.76332
G1 X109.303 Y102.698 E1.79892
G1 X109.638 Y103.482 E1.8324
G1 X109.8 Y104.113 E1.85798
G1 X109.88 Y104.947 E1.89088
G1 X109.815 Y105.795 E1.92427
G1 X109.532 Y106.806 E1.96549
G1 X109.036 Y107.741 E2.00705
G1 X108.402 Y108.497 E2.04579
G1 X107.677 Y109.079 E2.08229
G1 X106.917 Y109.488 E2.11618
G1 X106.108 Y109.753 E2.14961
G1 X105.327 Y109.85 E2.18051
G1 X104.933 Y109.878 E2.19602
G1 X104.009 Y109.777 E2.23252
G1 X103.071 Y109.482 E2.27113
G1 X102.256 Y109.034 E2.30765
G1 X101.512 Y108.413 E2.3457
G1 X101.033 Y107.842 E2.37496
G1 X100.522 Y106.934 E2.41587
G1 X100.32 Y106.374 E2.43924
G1 X100.143 Y105.478 E2.4751
G1 X100.137 Y104.861 E2.49933
G1 X100.542 Y104.81 F7800
;TYPE:External perimeter
G1 F884.349
G1 X100.541 Y104.627 E2.50652
G1 X100.621 Y104.091 E2.5278
G1 X100.86 Y103.304 E2.56009
G1 X101.323 Y102.452 E2.59816
G1 X101.775 Y101.907 E2.62596
G1 X102.202 Y101.514 E2.64875
G1 X102.851 Y101.082 E2.67936
G1 X103.638 Y100.738 E2.71308
G1 X104.359 Y100.575 E2.7421
M73 P60 R14
G1 X105.408 Y100.544 E2.78331
G1 X106.141 Y100.674 E2.81254
G1 X106.7 Y100.861 E2.83568
G1 X107.548 Y101.323 E2.8736
G1 X108.093 Y101.775 E2.9014
G1 X108.496 Y102.212 E2.92474
G1 X108.96 Y102.918 E2.95791
G1 X109.262 Y103.638 E2.98857
G1 X109.404 Y104.21 E3.01171
G1 X109.474 Y104.982 E3.04215
G1 X109.409 Y105.76 E3.0728
G1 X109.142 Y106.692 E3.11087
G1 X108.679 Y107.545 E3.14898
G1 X108.176 Y108.151 E3.1799
G1 X107.389 Y108.783 E3.21953
G1 X106.729 Y109.127 E3.24875
G1 X105.986 Y109.364 E3.27937
G1 X104.978 Y109.474 E3.31918
G1 X104.053 Y109.373 E3.35572
G1 X103.304 Y109.14 E3.38652
G1 X102.455 Y108.679 E3.42445
G1 X101.849 Y108.176 E3.45537
G1 X101.345 Y107.581 E3.48599
G1 X100.878 Y106.738 E3.52383
G1 X100.706 Y106.243 E3.54441
G1 X100.544 Y105.408 E3.57781
G1 X100.542 Y104.87 E3.59893
M73 Q60 S14
G1 X100.569 Y104.471 F7800
G92 E0
G1 X97.386 Y111.419
;TYPE:Perimeter
G1 F884.349
G1 X97.37 Y111.402 E.00092
G1 X96.843 Y110.715 E.03492
G1 X96.339 Y109.915 E.07205
G1 X95.979 Y109.22 E.10278
G1 X95.498 Y107.984 E.15486
G1 X95.277 Y107.158 E.18843
G1 X95.117 Y106.226 E.22556
G1 X95.051 Y105.446 E.2563
G1 X95.079 Y104.123 E.30826
G1 X95.206 Y103.198 E.34492
G1 X95.377 Y102.434 E.37566
G1 X95.803 Y101.178 E.42774
G1 X96.166 Y100.401 E.46141
G1 X96.6 Y99.649 E.4955
G1 X97.098 Y98.937 E.52962
G1 X97.65 Y98.28 E.56331
G1 X98.605 Y97.365 E.61524
G1 X99.349 Y96.8 E.65192
G1 X100.01 Y96.381 E.68265
G1 X101.189 Y95.799 E.73428
G1 X102.433 Y95.377 E.78586
G1 X103.271 Y95.191 E.81956
G1 X104.13 Y95.078 E.85358
G1 X105.074 Y95.042 E.89067
G1 X105.856 Y95.077 E.92141
G1 X107.166 Y95.279 E.97345
G1 X107.995 Y95.501 E1.00715
G1 X108.811 Y95.798 E1.04125
G1 X109.599 Y96.166 E1.0754
G1 X110.351 Y96.6 E1.10949
G1 X111.063 Y97.098 E1.14361
G1 X111.72 Y97.65 E1.1773
G1 X112.636 Y98.607 E1.22931
G1 X113.152 Y99.279 E1.26258
G1 X113.839 Y100.411 E1.31457
G1 X114.202 Y101.189 E1.34828
G1 X114.495 Y101.995 E1.38195
G1 X114.78 Y103.158 E1.42897
G1 X114.926 Y104.234 E1.47161
G1 X114.955 Y105.102 E1.50571
G1 X114.922 Y105.868 E1.53581
G1 X114.809 Y106.73 E1.56995
G1 X114.623 Y107.567 E1.60362
G1 X114.197 Y108.822 E1.65566
G1 X113.834 Y109.599 E1.68933
G1 X113.406 Y110.342 E1.723
G1 X112.622 Y111.41 E1.77502
G1 X112.05 Y112.035 E1.80829
G1 X111.054 Y112.908 E1.86029
G1 X110.351 Y113.4 E1.89398
G1 X109.599 Y113.834 E1.92807
G1 X108.811 Y114.202 E1.96222
G1 X107.995 Y114.499 E1.99632
G1 X107.166 Y114.721 E2.03002
G1 X105.857 Y114.922 E2.08202
G1 X105.002 Y114.96 E2.11562
G1 X104.058 Y114.914 E2.15273
G1 X103.282 Y114.81 E2.18347
G1 X101.995 Y114.495 E2.2355
G1 X101.189 Y114.202 E2.26917
G1 X100.401 Y113.834 E2.30332
G1 X99.658 Y113.406 E2.33699
G1 X98.59 Y112.622 E2.38901
G1 X97.957 Y112.043 E2.42269
G1 X97.426 Y111.463 E2.45357
G1 X97.067 Y111.674 F7800
G1 F884.349
G1 X97.058 Y111.664 E2.4541
G1 X96.508 Y110.947 E2.48958
G1 X95.985 Y110.117 E2.5281
G1 X95.607 Y109.388 E2.56034
G1 X95.111 Y108.111 E2.61413
G1 X94.879 Y107.245 E2.64933
G1 X94.713 Y106.278 E2.68785
G1 X94.643 Y105.459 E2.72012
G1 X94.673 Y104.091 E2.77385
G1 X94.805 Y103.126 E2.81209
G1 X94.984 Y102.324 E2.84435
G1 X95.425 Y101.027 E2.89814
G1 X95.804 Y100.213 E2.9334
G1 X96.256 Y99.43 E2.9689
G1 X96.775 Y98.689 E3.00442
G1 X97.352 Y98.001 E3.03968
G1 X98.34 Y97.055 E3.09339
G1 X99.116 Y96.466 E3.13164
G1 X99.81 Y96.025 E3.16393
G1 X101.033 Y95.422 E3.21747
G1 X102.323 Y94.985 E3.27095
G1 X103.2 Y94.79 E3.30623
G1 X104.095 Y94.672 E3.34168
G1 X105.076 Y94.634 E3.38023
G1 X105.896 Y94.672 E3.41246
G1 X107.25 Y94.88 E3.46625
G1 X108.117 Y95.113 E3.5015
G1 X108.967 Y95.422 E3.53701
G1 X109.787 Y95.804 E3.57253
G1 X110.57 Y96.256 E3.60803
G1 X111.311 Y96.775 E3.64355
G1 X111.999 Y97.352 E3.67881
G1 X112.946 Y98.341 E3.73257
G1 X113.488 Y99.048 E3.76755
G1 X114.199 Y100.219 E3.82134
G1 X114.578 Y101.033 E3.8566
G1 X114.885 Y101.876 E3.89183
G1 X115.211 Y103.206 E3.9456
G1 X115.312 Y103.977 E3.97613
G1 X115.362 Y105.12 E4.02105
G1 X115.328 Y105.904 E4.05186
G1 X115.21 Y106.8 E4.08734
G1 X115.015 Y107.677 E4.12262
G1 X114.575 Y108.973 E4.17636
G1 X114.196 Y109.787 E4.21162
G1 X113.747 Y110.565 E4.24689
G1 X112.937 Y111.669 E4.30065
G1 X112.335 Y112.326 E4.33564
G1 X111.306 Y113.229 E4.38939
G1 X110.57 Y113.744 E4.42466
G1 X109.787 Y114.196 E4.46016
G1 X108.967 Y114.578 E4.49568
G1 X108.117 Y114.887 E4.53119
G1 X107.25 Y115.12 E4.56644
G1 X105.897 Y115.328 E4.62019
G1 X105.001 Y115.367 E4.6554
G1 X104.021 Y115.32 E4.69392
G1 X103.207 Y115.211 E4.72617
G1 X101.876 Y114.885 E4.77998
G1 X101.033 Y114.578 E4.81521
G1 X100.213 Y114.196 E4.85073
G1 X99.435 Y113.747 E4.886
G1 X98.331 Y112.937 E4.93976
G1 X97.669 Y112.331 E4.975
G1 X97.108 Y111.718 E5.00763
G1 X96.749 Y111.93 F7800
;TYPE:External perimeter
G1 F884.349
G1 X96.746 Y111.926 E5.00783
G1 X96.174 Y111.18 E5.04474
G1 X95.632 Y110.32 E5.08465
G1 X95.236 Y109.556 E5.11844
G1 X94.723 Y108.238 E5.17397
G1 X94.481 Y107.332 E5.21079
G1 X94.309 Y106.33 E5.25071
G1 X94.236 Y105.472 E5.28452
G1 X94.267 Y104.059 E5.34001
G1 X94.404 Y103.053 E5.37987
G1 X94.592 Y102.213 E5.41367
G1 X95.046 Y100.875 E5.46915
G1 X95.443 Y100.025 E5.50599
G1 X95.913 Y99.211 E5.5429
G1 X96.452 Y98.441 E5.5798
G1 X97.055 Y97.722 E5.61665
G1 X98.076 Y96.745 E5.67214
G1 X98.884 Y96.131 E5.71199
G1 X99.611 Y95.67 E5.74579
G1 X100.877 Y95.046 E5.80121
G1 X102.213 Y94.592 E5.85661
G1 X103.129 Y94.389 E5.89345
G1 X104.061 Y94.266 E5.93036
G1 X105.077 Y94.227 E5.97028
G1 X105.937 Y94.266 E6.00408
G1 X107.334 Y94.481 E6.05958
G1 X108.24 Y94.724 E6.09641
G1 X109.123 Y95.045 E6.1333
G1 X109.975 Y95.443 E6.17022
G1 X110.789 Y95.913 E6.20713
G1 X111.559 Y96.452 E6.24403
G1 X112.278 Y97.055 E6.28088
G1 X113.255 Y98.076 E6.33637
G1 X113.825 Y98.818 E6.37311
G1 X114.558 Y100.027 E6.42862
G1 X114.955 Y100.877 E6.46546
G1 X115.275 Y101.758 E6.50226
G1 X115.611 Y103.131 E6.55776
G1 X115.734 Y104.061 E6.59459
G1 X115.769 Y105.137 E6.63686
G1 X115.734 Y105.939 E6.66838
G1 X115.611 Y106.871 E6.70529
G1 X115.408 Y107.787 E6.74213
G1 X114.954 Y109.125 E6.79761
G1 X114.557 Y109.975 E6.83445
G1 X114.088 Y110.788 E6.8713
G1 X113.252 Y111.928 E6.92681
G1 X112.62 Y112.617 E6.96352
G1 X111.557 Y113.549 E7.01903
G1 X110.789 Y114.087 E7.05585
G1 X109.975 Y114.557 E7.09276
G1 X109.123 Y114.955 E7.12968
G1 X108.24 Y115.276 E7.16657
G1 X107.334 Y115.519 E7.2034
G1 X105.937 Y115.734 E7.2589
G1 X105 Y115.775 E7.29573
G1 X103.984 Y115.725 E7.33567
G1 X103.131 Y115.611 E7.36946
G1 X101.758 Y115.275 E7.42496
G1 X100.877 Y114.955 E7.46176
G1 X100.025 Y114.557 E7.49868
G1 X99.212 Y114.088 E7.53553
G1 X98.072 Y113.252 E7.59104
G1 X97.381 Y112.619 E7.62784
G1 X96.79 Y111.974 E7.66219
G1 X96.542 Y111.659 F7800
G92 E0
G1 X103.779 Y110.459
;TYPE:Internal infill
;WIDTH:0.45
;HEIGHT:0.4
G1 F494.289
G1 X102.857 Y110.168 E.06792
G1 X101.77 Y109.568 E.15514
G1 X101.591 Y109.418 E.17155
G1 X101.564 Y109.586 E.1835
G1 X101.642 Y109.914 E.20718
G1 X101.905 Y110.241 E.23666
G1 X102.692 Y110.896 E.30859
G1 X103.087 Y111.552 E.36238
G1 X103.195 Y112.207 E.40901
G1 X103.116 Y112.534 E.43264
G1 X102.854 Y112.862 E.46213
G1 X102.066 Y113.517 E.53411
G1 X101.73 Y114.074 E.57981
G1 X103.225 Y114.482 E.68867
G1 X104.565 Y114.625 E.78334
G1 X104.292 Y114.172 E.8205
G1 X104.184 Y113.517 E.86713
G1 X104.263 Y113.19 E.89076
G1 X104.526 Y112.862 E.92029
G1 X105.313 Y112.207 E.99222
G1 X105.708 Y111.552 E1.04595
G1 X105.816 Y110.896 E1.09265
G1 X105.708 Y110.533 E1.11926
G1 X106.223 Y110.46 E1.1558
G1 X107.099 Y110.183 E1.22034
G1 X107.934 Y110.896 E1.29747
G1 X108.329 Y111.552 E1.35126
G1 X108.436 Y112.207 E1.39788
G1 X108.358 Y112.534 E1.4215
G1 X108.095 Y112.862 E1.45103
G1 X107.308 Y113.517 E1.52296
G1 X106.913 Y114.172 E1.57669
G1 X106.866 Y114.458 E1.59705
G1 X107.903 Y114.207 E1.672
G1 X108.681 Y113.924 E1.73016
M73 Q61 S14
G1 X109.432 Y113.554 E1.78897
M73 P61 R14
G1 X109.504 Y113.19 E1.81504
G1 X109.767 Y112.862 E1.84457
G1 X110.554 Y112.207 E1.9165
G1 X110.949 Y111.552 E1.97023
G1 X111.057 Y110.896 E2.01693
G1 X110.978 Y110.569 E2.04056
G1 X110.716 Y110.241 E2.07005
G1 X109.928 Y109.586 E2.14203
G1 X109.533 Y108.931 E2.19576
G1 X109.443 Y108.379 E2.23505
G1 X110.024 Y107.407 E2.3146
G1 X110.554 Y106.965 E2.36308
G1 X110.949 Y106.31 E2.41681
G1 X111.057 Y105.655 E2.46344
G1 X110.978 Y105.328 E2.48707
G1 X110.586 Y104.892 E2.52826
G1 X110.512 Y104.042 E2.5882
G1 X110.299 Y103.215 E2.64819
G1 X109.882 Y102.283 E2.71992
G1 X110.554 Y101.724 E2.78133
G1 X110.949 Y101.069 E2.83506
G1 X111.057 Y100.414 E2.88169
G1 X110.978 Y100.086 E2.90539
G1 X110.716 Y99.759 E2.93483
G1 X109.928 Y99.104 E3.00681
G1 X109.533 Y98.448 E3.0606
G1 X109.426 Y97.793 E3.10722
G1 X109.504 Y97.466 E3.13084
G1 X109.767 Y97.138 E3.16037
G1 X110.134 Y96.833 E3.19389
G1 X109.454 Y96.435 E3.24924
G1 X108.35 Y95.955 E3.33381
G1 X108.436 Y96.483 E3.37139
G1 X108.358 Y96.81 E3.39501
G1 X108.095 Y97.138 E3.42454
G1 X107.308 Y97.793 E3.49647
G1 X106.913 Y98.448 E3.5502
G1 X106.805 Y99.104 E3.5969
G1 X106.884 Y99.431 E3.62053
G1 X107.146 Y99.759 E3.65002
G1 X107.411 Y99.979 E3.67422
G1 X108.211 Y100.418 E3.73833
G1 X108.965 Y101.053 E3.80758
G1 X109.324 Y101.462 E3.84581
G92 E0
G1 X110.306 Y96.941 F7800
G1 F494.289
G1 X110.865 Y97.333 E.04796
G1 X112.14 Y98.53 E.17082
G1 X112.046 Y99.104 E.21168
G1 X112.125 Y99.431 E.23531
G1 X112.388 Y99.759 E.26484
G1 X113.175 Y100.414 E.33677
G1 X113.57 Y101.069 E.3905
G1 X113.678 Y101.724 E.43713
G1 X113.599 Y102.052 E.46083
G1 X113.336 Y102.379 E.49031
G1 X112.549 Y103.035 E.56228
G1 X112.154 Y103.69 E.61601
G1 X112.046 Y104.345 E.66264
G1 X112.125 Y104.672 E.68627
G1 X112.388 Y105 E.7158
G1 X113.175 Y105.655 E.78773
G1 X113.57 Y106.31 E.84146
G1 X113.678 Y106.965 E.88809
G1 X113.599 Y107.293 E.91179
G1 X113.336 Y107.621 E.94132
G1 X112.549 Y108.276 E1.01325
G1 X112.154 Y108.931 E1.06698
G1 X112.046 Y109.586 E1.11361
G1 X112.125 Y109.914 E1.13731
G1 X112.388 Y110.241 E1.16679
G1 X112.831 Y110.61 E1.20729
G1 X113.563 Y109.458 E1.30317
G1 X113.993 Y108.473 E1.37867
G92 E0
G1 X100.494 Y101.698 F7800
G1 F494.289
G1 X101.102 Y100.989 E.06561
G1 X101.6 Y100.557 E.11192
G1 X102.313 Y100.098 E.17149
G1 X101.905 Y99.759 E.20875
G1 X101.642 Y99.431 E.23828
G1 X101.564 Y99.104 E.2619
G1 X101.671 Y98.448 E.30859
G1 X102.066 Y97.793 E.36232
G1 X102.854 Y97.138 E.4343
G1 X103.116 Y96.81 E.46379
G1 X103.195 Y96.483 E.48742
G1 X103.087 Y95.828 E.53405
G1 X102.942 Y95.587 E.55381
G1 X104.154 Y95.383 E.64015
G1 X105.782 Y95.38 E.75452
G1 X105.708 Y95.828 E.78642
G1 X105.313 Y96.483 E.84015
G1 X104.526 Y97.138 E.91208
G1 X104.263 Y97.466 E.94161
G1 X104.184 Y97.793 E.96524
G1 X104.292 Y98.448 E1.01187
G1 X104.687 Y99.104 E1.06566
G1 X105.063 Y99.416 E1.09998
G1 X104.269 Y99.453 E1.15582
G1 X103.396 Y99.642 E1.21857
G1 X102.695 Y99.917 E1.27147
G92 E0
G1 X101.185 Y96.142 F7800
G1 F494.289
G1 X100.16 Y96.647 E.08027
G1 X99.537 Y97.042 E.13209
G1 X99.022 Y97.466 E.17895
G1 X98.943 Y97.793 E.20258
G1 X99.051 Y98.448 E.24921
G1 X99.446 Y99.104 E.303
G1 X100.233 Y99.759 E.37493
G1 X100.496 Y100.086 E.40441
G1 X100.574 Y100.414 E.42809
G1 X100.467 Y101.069 E.47471
G1 X100.072 Y101.724 E.52844
G1 X99.284 Y102.379 E.60042
G1 X99.022 Y102.707 E.62991
G1 X98.943 Y103.035 E.65361
G1 X99.051 Y103.69 E.70024
G1 X99.459 Y104.356 E.75511
G1 X99.405 Y104.972 E.79855
G1 X99.489 Y105.964 E.86849
G1 X99.842 Y107.156 E.95582
G1 X99.284 Y107.621 E1.00685
G1 X99.022 Y107.948 E1.03629
G1 X98.943 Y108.276 E1.05999
G1 X99.051 Y108.931 E1.10662
G1 X99.446 Y109.586 E1.16035
G1 X100.233 Y110.241 E1.23228
G1 X100.496 Y110.569 E1.26181
G1 X100.574 Y110.896 E1.28543
G1 X100.467 Y111.552 E1.33212
G1 X100.072 Y112.207 E1.38585
G1 X99.354 Y112.804 E1.45145
G1 X98.784 Y112.386 E1.50111
G1 X97.701 Y111.311 E1.60831
G1 X97.451 Y110.896 E1.64234
G1 X97.094 Y110.541 E1.67771
G1 X96.368 Y109.308 E1.77823
G1 X96.43 Y108.931 E1.80507
G1 X96.825 Y108.276 E1.8588
G1 X97.612 Y107.621 E1.93073
G1 X97.875 Y107.293 E1.96026
G1 X97.954 Y106.965 E1.98396
G1 X97.846 Y106.31 E2.03059
G1 X97.451 Y105.655 E2.08432
G1 X96.664 Y105 E2.15625
G1 X96.401 Y104.672 E2.18578
G1 X96.322 Y104.345 E2.20941
G1 X96.43 Y103.69 E2.25604
G1 X96.825 Y103.035 E2.30977
G1 X97.612 Y102.379 E2.38174
G1 X97.875 Y102.052 E2.41122
G1 X97.954 Y101.724 E2.43492
G1 X97.846 Y101.069 E2.48155
G1 X97.451 Y100.414 E2.53528
G1 X96.82 Y99.889 E2.59294
G1 X96.087 Y101.292 E2.70414
G1 X95.811 Y102.104 E2.76439
;LAYER_CHANGE
;Z:7.95
;HEIGHT:0.2
G92 E0
G1 Z7.95 F7800
G1 X99.731 Y104.792
;TYPE:Perimeter
;WIDTH:0.449999
G1 F884.349
G1 X99.727 Y104.627 E.00648
G1 X99.824 Y103.921 E.03446
G1 X100.131 Y102.935 E.07501
G1 X100.609 Y102.06 E.11416
G1 X101.151 Y101.384 E.14818
G1 X101.634 Y100.941 E.17391
G1 X102.022 Y100.631 E.19341
G1 X102.499 Y100.341 E.21533
G1 X103.016 Y100.114 E.2375
G1 X103.495 Y99.933 E.25761
G1 X104.222 Y99.771 E.28686
G1 X104.903 Y99.714 E.31369
G1 X105.984 Y99.805 E.35629
G1 X106.526 Y99.938 E.3782
G1 X107.481 Y100.33 E.41873
G1 X107.953 Y100.614 E.44036
G1 X108.672 Y101.198 E.47673
G1 X109.084 Y101.647 E.50066
G1 X109.645 Y102.477 E.54
G1 X109.872 Y102.982 E.56174
G1 X110.062 Y103.474 E.58245
G1 X110.195 Y104.016 E.60436
G1 X110.288 Y105.044 E.64489
G1 X110.22 Y105.831 E.67591
G1 X110.098 Y106.381 E.69803
G1 X109.858 Y107.052 E.72601
G1 X109.66 Y107.498 E.74517
G1 X109.385 Y107.955 E.76611
G1 X109.032 Y108.395 E.78826
G1 X108.691 Y108.786 E.80863
G1 X108.272 Y109.154 E.83053
G1 X107.584 Y109.606 E.86285
G1 X106.984 Y109.886 E.88885
G1 X106.528 Y110.062 E.90804
G1 X106.013 Y110.189 E.92887
G1 X105.414 Y110.256 E.95254
G1 X104.889 Y110.283 E.97318
G1 X103.965 Y110.182 E1.00968
G1 X103.059 Y109.917 E1.04674
G1 X102.063 Y109.393 E1.09093
G1 X101.583 Y109.016 E1.1149
G1 X101.2 Y108.675 E1.13504
G1 X100.721 Y108.104 E1.1643
G1 X100.341 Y107.501 E1.19229
G1 X100.114 Y106.984 E1.21446
G1 X99.928 Y106.483 E1.23544
G1 X99.747 Y105.571 E1.27195
G1 X99.732 Y104.852 E1.30019
G1 X100.137 Y104.801 F7800
G1 F884.349
G1 X100.134 Y104.627 E1.30702
G1 X100.226 Y103.983 E1.33256
G1 X100.471 Y103.182 E1.36545
G1 X100.966 Y102.256 E1.40668
G1 X101.463 Y101.646 E1.43757
G1 X101.896 Y101.253 E1.46053
G1 X102.233 Y100.979 E1.47758
G1 X102.711 Y100.689 E1.49953
G1 X103.583 Y100.33 E1.53656
G1 X104.311 Y100.169 E1.56584
G1 X104.931 Y100.12 E1.59026
G1 X105.793 Y100.185 E1.6242
G1 X106.429 Y100.333 E1.64984
G1 X107.206 Y100.647 E1.68275
G1 X107.676 Y100.923 E1.70415
G1 X108.411 Y101.51 E1.74108
G1 X108.778 Y101.916 E1.76257
G1 X109.303 Y102.698 E1.79955
G1 X109.638 Y103.482 E1.83303
G1 X109.8 Y104.113 E1.85861
G1 X109.88 Y104.947 E1.89151
G1 X109.815 Y105.795 E1.9249
G1 X109.702 Y106.284 E1.94461
G1 X109.481 Y106.896 E1.97016
G1 X109.312 Y107.288 E1.98692
G1 X109.037 Y107.743 E2.00779
G1 X108.719 Y108.135 E2.02761
G1 X108.423 Y108.48 E2.04546
G1 X108.003 Y108.848 E2.06739
G1 X107.365 Y109.263 E2.09727
G1 X106.828 Y109.509 E2.12046
G1 X106.431 Y109.667 E2.13724
G1 X105.916 Y109.794 E2.15807
G1 X104.933 Y109.878 E2.19681
G1 X104.003 Y109.777 E2.23354
G1 X103.182 Y109.529 E2.26721
G1 X102.259 Y109.036 E2.3083
G1 X101.512 Y108.413 E2.34649
G1 X101.033 Y107.842 E2.37575
G1 X100.689 Y107.289 E2.40132
G1 X100.327 Y106.403 E2.4389
G1 X100.146 Y105.491 E2.47541
G1 X100.137 Y104.861 E2.50015
G1 X100.542 Y104.81 F7800
;TYPE:External perimeter
G1 F884.349
G1 X100.541 Y104.627 E2.50734
G1 X100.629 Y104.045 E2.53045
G1 X100.86 Y103.304 E2.56093
G1 X101.323 Y102.452 E2.599
G1 X101.775 Y101.907 E2.6268
G1 X102.445 Y101.327 E2.6616
G1 X102.922 Y101.037 E2.68352
G1 X103.638 Y100.738 E2.71399
G1 X104.395 Y100.567 E2.74446
G1 X104.958 Y100.526 E2.76662
G1 X105.759 Y100.591 E2.79817
G1 X106.333 Y100.728 E2.82134
G1 X107.05 Y101.023 E2.85178
G1 X107.532 Y101.311 E2.87383
G1 X108.151 Y101.823 E2.90537
G1 X108.524 Y102.243 E2.92743
G1 X108.96 Y102.918 E2.95898
G1 X109.262 Y103.638 E2.98964
G1 X109.404 Y104.21 E3.01278
G1 X109.474 Y104.982 E3.04322
G1 X109.409 Y105.76 E3.07387
G1 X109.272 Y106.333 E3.097
G1 X108.977 Y107.05 E3.12744
G1 X108.689 Y107.532 E3.14949
G1 X108.177 Y108.151 E3.18103
G1 X107.735 Y108.542 E3.2042
G1 X107.146 Y108.919 E3.23166
G1 X106.672 Y109.133 E3.25208
G1 X106.333 Y109.271 E3.26645
G1 X105.818 Y109.399 E3.28729
G1 X105.018 Y109.474 E3.31884
G1 X104.053 Y109.373 E3.35694
G1 X103.304 Y109.14 E3.38774
G1 X102.455 Y108.679 E3.42567
G1 X101.849 Y108.176 E3.45659
G1 X101.345 Y107.581 E3.48721
G1 X101.037 Y107.078 E3.51037
G1 X100.738 Y106.362 E3.54084
G1 X100.545 Y105.412 E3.5789
G1 X100.542 Y104.87 E3.60018
G1 X100.569 Y104.471 F7800
G92 E0
G1 X97.386 Y111.419
;TYPE:Perimeter
G1 F884.349
G1 X97.372 Y111.403 E.00083
G1 X96.813 Y110.67 E.03703
G1 X96.381 Y109.99 E.06866
G1 X95.794 Y108.801 E.12073
G1 X95.501 Y107.995 E.1544
G1 X95.277 Y107.157 E.18846
G1 X95.12 Y106.249 E.22464
G1 X95.051 Y105.446 E.25629
G1 X95.077 Y104.219 E.30448
G1 X95.131 Y103.661 E.32649
G1 X95.276 Y102.845 E.35903
G1 X95.501 Y102.005 E.39317
G1 X95.798 Y101.189 E.42727
G1 X96.166 Y100.401 E.46142
G1 X96.6 Y99.649 E.49551
G1 X97.098 Y98.937 E.52963
G1 X97.65 Y98.28 E.56332
G1 X98.605 Y97.365 E.61525
G1 X99.33 Y96.813 E.65103
G1 X100.01 Y96.381 E.68266
G1 X101.199 Y95.794 E.73473
G1 X101.995 Y95.505 E.76798
G1 X103.282 Y95.19 E.82001
G1 X104.13 Y95.078 E.8536
G1 X105.051 Y95.041 E.88979
G1 X105.856 Y95.077 E.92143
G1 X107.166 Y95.279 E.97347
G1 X107.995 Y95.501 E1.00717
G1 X108.811 Y95.798 E1.04127
G1 X109.599 Y96.166 E1.07542
G1 X110.351 Y96.6 E1.10951
G1 X111.054 Y97.092 E1.1432
G1 X112.05 Y97.966 E1.19523
G1 X112.63 Y98.598 E1.22891
G1 X113.152 Y99.279 E1.2626
G1 X113.839 Y100.411 E1.31459
G1 X114.202 Y101.189 E1.3483
G1 X114.495 Y101.995 E1.38197
G1 X114.78 Y103.158 E1.42899
G1 X114.926 Y104.234 E1.47163
M73 Q62 S14
G1 X114.955 Y105.102 E1.50573
G1 X114.922 Y105.868 E1.53583
M73 P62 R14
G1 X114.809 Y106.73 E1.56997
G1 X114.623 Y107.567 E1.60364
G1 X114.197 Y108.822 E1.65568
G1 X113.839 Y109.589 E1.68891
G1 X113.152 Y110.722 E1.74094
G1 X112.63 Y111.402 E1.7746
G1 X112.043 Y112.043 E1.80873
G1 X111.402 Y112.63 E1.84286
G1 X110.713 Y113.159 E1.87697
G1 X109.989 Y113.62 E1.91067
G1 X108.801 Y114.206 E1.96268
G1 X107.995 Y114.499 E1.99635
G1 X107.166 Y114.721 E2.03005
G1 X105.857 Y114.922 E2.08205
G1 X105 Y114.96 E2.11573
G1 X104.132 Y114.922 E2.14984
G1 X103.27 Y114.809 E2.18398
G1 X102.433 Y114.623 E2.21765
G1 X101.178 Y114.197 E2.26969
G1 X100.401 Y113.834 E2.30336
G1 X99.658 Y113.406 E2.33703
G1 X98.59 Y112.622 E2.38905
G1 X97.957 Y112.043 E2.42273
G1 X97.426 Y111.463 E2.45361
G1 X97.067 Y111.674 F7800
G1 F884.349
G1 X97.059 Y111.665 E2.45408
G1 X96.478 Y110.903 E2.4917
G1 X96.025 Y110.189 E2.5249
G1 X95.42 Y108.961 E2.57865
G1 X95.113 Y108.117 E2.61391
G1 X94.879 Y107.245 E2.64936
G1 X94.716 Y106.301 E2.68697
G1 X94.643 Y105.459 E2.72015
G1 X94.67 Y104.21 E2.7692
G1 X94.728 Y103.602 E2.79318
G1 X94.878 Y102.756 E2.82692
G1 X95.113 Y101.882 E2.86246
G1 X95.422 Y101.033 E2.89793
G1 X95.804 Y100.213 E2.93345
G1 X96.256 Y99.43 E2.96895
G1 X96.775 Y98.689 E3.00447
G1 X97.352 Y98.001 E3.03973
G1 X98.34 Y97.055 E3.09344
G1 X99.097 Y96.478 E3.13081
G1 X99.811 Y96.025 E3.16401
G1 X101.039 Y95.42 E3.21776
G1 X101.876 Y95.115 E3.25274
G1 X103.206 Y94.789 E3.30651
G1 X104.095 Y94.672 E3.34172
G1 X105.052 Y94.634 E3.37933
G1 X105.897 Y94.672 E3.41254
G1 X107.25 Y94.88 E3.46629
G1 X108.117 Y95.113 E3.50154
G1 X108.967 Y95.422 E3.53705
G1 X109.787 Y95.804 E3.57257
G1 X110.57 Y96.256 E3.60807
G1 X111.306 Y96.771 E3.64334
G1 X112.335 Y97.674 E3.69709
G1 X112.942 Y98.336 E3.73236
G1 X113.488 Y99.048 E3.76759
G1 X114.199 Y100.219 E3.82138
G1 X114.578 Y101.033 E3.85664
G1 X114.885 Y101.876 E3.89187
G1 X115.211 Y103.206 E3.94564
G1 X115.312 Y103.977 E3.97617
G1 X115.362 Y105.12 E4.02109
G1 X115.328 Y105.904 E4.0519
G1 X115.21 Y106.8 E4.08738
G1 X115.015 Y107.677 E4.12266
G1 X114.575 Y108.973 E4.1764
G1 X114.199 Y109.781 E4.21139
G1 X113.488 Y110.952 E4.26518
G1 X112.942 Y111.664 E4.30041
G1 X112.331 Y112.331 E4.33593
G1 X111.664 Y112.942 E4.37145
G1 X110.946 Y113.492 E4.40696
G1 X110.189 Y113.975 E4.44222
G1 X108.961 Y114.58 E4.49597
G1 X108.117 Y114.887 E4.53123
G1 X107.25 Y115.12 E4.56648
G1 X105.897 Y115.328 E4.62023
G1 X105 Y115.367 E4.65548
G1 X104.096 Y115.328 E4.69101
G1 X103.2 Y115.21 E4.72649
G1 X102.323 Y115.015 E4.76177
G1 X101.027 Y114.575 E4.81551
G1 X100.213 Y114.196 E4.85077
G1 X99.435 Y113.747 E4.88604
G1 X98.331 Y112.937 E4.9398
G1 X97.669 Y112.331 E4.97504
G1 X97.108 Y111.718 E5.00767
G1 X96.749 Y111.93 F7800
;TYPE:External perimeter
G1 F884.349
G1 X96.746 Y111.926 E5.00787
G1 X96.144 Y111.136 E5.04687
G1 X95.67 Y110.389 E5.08161
G1 X95.045 Y109.121 E5.13712
G1 X94.724 Y108.24 E5.17394
G1 X94.481 Y107.332 E5.21085
G1 X94.312 Y106.353 E5.24986
G1 X94.236 Y105.472 E5.28458
G1 X94.267 Y104.057 E5.34015
G1 X94.325 Y103.543 E5.36046
G1 X94.481 Y102.668 E5.39536
G1 X94.724 Y101.76 E5.43227
G1 X95.045 Y100.877 E5.46916
G1 X95.443 Y100.025 E5.50608
G1 X95.913 Y99.211 E5.54299
G1 X96.452 Y98.441 E5.57989
G1 X97.055 Y97.722 E5.61674
G1 X98.076 Y96.745 E5.67223
G1 X98.864 Y96.144 E5.71114
G1 X99.611 Y95.67 E5.74588
G1 X100.879 Y95.045 E5.80139
G1 X101.758 Y94.725 E5.83812
G1 X103.131 Y94.389 E5.89362
G1 X104.061 Y94.266 E5.93045
G1 X105.053 Y94.226 E5.96943
G1 X105.937 Y94.266 E6.00418
G1 X107.334 Y94.481 E6.05968
G1 X108.24 Y94.724 E6.09651
G1 X109.123 Y95.045 E6.1334
G1 X109.975 Y95.443 E6.17032
G1 X110.789 Y95.913 E6.20723
G1 X111.558 Y96.451 E6.24408
G1 X112.62 Y97.383 E6.29956
G1 X113.254 Y98.074 E6.33638
G1 X113.825 Y98.818 E6.3732
G1 X114.558 Y100.027 E6.42871
G1 X114.955 Y100.877 E6.46555
G1 X115.275 Y101.758 E6.50235
G1 X115.611 Y103.131 E6.55785
G1 X115.734 Y104.061 E6.59468
G1 X115.769 Y105.137 E6.63695
G1 X115.734 Y105.939 E6.66847
G1 X115.611 Y106.871 E6.70538
G1 X115.408 Y107.787 E6.74222
G1 X114.954 Y109.125 E6.7977
G1 X114.558 Y109.973 E6.83445
G1 X113.825 Y111.182 E6.88996
G1 X113.254 Y111.926 E6.92678
G1 X112.619 Y112.619 E6.96369
G1 X111.926 Y113.254 E7.0006
G1 X111.18 Y113.826 E7.03751
G1 X110.389 Y114.33 E7.07434
G1 X109.121 Y114.955 E7.12985
G1 X108.24 Y115.276 E7.16667
G1 X107.334 Y115.519 E7.2035
G1 X105.937 Y115.734 E7.259
G1 X105 Y115.775 E7.29583
G1 X104.061 Y115.734 E7.33273
G1 X103.129 Y115.611 E7.36964
G1 X102.213 Y115.408 E7.40648
G1 X100.875 Y114.954 E7.46196
G1 X100.025 Y114.557 E7.4988
G1 X99.212 Y114.088 E7.53565
G1 X98.072 Y113.252 E7.59116
G1 X97.381 Y112.619 E7.62796
G1 X96.79 Y111.974 E7.66231
G1 X96.543 Y111.659 F7800
;LAYER_CHANGE
;Z:8.15
;HEIGHT:0.2
G92 E0
G1 Z8.15 F7800
G1 X99.741 Y104.793
;TYPE:Perimeter
G1 F884.349
G1 X99.753 Y104.559 E.0092
G1 X99.818 Y103.965 E.03266
G1 X100.083 Y103.059 E.06972
G1 X100.34 Y102.509 E.09356
G1 X100.878 Y101.694 E.1319
G1 X101.535 Y101.008 E.1692
G1 X102.462 Y100.365 E.2135
G1 X103.016 Y100.114 E.23738
G1 X103.495 Y99.933 E.25749
G1 X104.222 Y99.771 E.28674
G1 X105.077 Y99.733 E.32034
G1 X105.549 Y99.743 E.33888
G1 X106.283 Y99.872 E.36814
G1 X106.962 Y100.09 E.39614
G1 X107.94 Y100.609 E.43961
G1 X108.675 Y101.2 E.47664
G1 X109.079 Y101.644 E.50021
G1 X109.647 Y102.481 E.53993
G1 X109.872 Y102.982 E.56149
G1 X110.062 Y103.474 E.5822
G1 X110.195 Y104.016 E.60411
G1 X110.288 Y105.044 E.64464
G1 X110.22 Y105.831 E.67566
G1 X109.923 Y106.919 E.71994
G1 X109.677 Y107.435 E.74239
G1 X109.423 Y107.897 E.76309
G1 X108.978 Y108.453 E.79105
G1 X108.657 Y108.814 E.81002
G1 X107.932 Y109.396 E.84652
G1 X107.435 Y109.677 E.86894
G1 X106.983 Y109.903 E.88878
G1 X106.23 Y110.141 E.91979
G1 X105.527 Y110.261 E.94779
G1 X104.495 Y110.264 E.98831
G1 X103.956 Y110.183 E1.00971
G1 X103.064 Y109.918 E1.04625
G1 X102.516 Y109.662 E1.07
G1 X101.671 Y109.106 E1.10972
G1 X100.92 Y108.365 E1.15115
G1 X100.577 Y107.897 E1.17393
G1 X100.151 Y107.104 E1.20928
G1 X99.816 Y106.027 E1.25357
G1 X99.721 Y105.166 E1.28758
G1 X99.738 Y104.852 E1.29993
G1 X100.146 Y104.801 F7800
G1 F884.349
G1 X100.158 Y104.603 E1.30772
G1 X100.223 Y104.009 E1.33118
G1 X100.471 Y103.182 E1.36508
G1 X100.705 Y102.688 E1.38654
G1 X101.212 Y101.926 E1.42248
G1 X101.823 Y101.296 E1.45694
G1 X102.685 Y100.706 E1.49795
G1 X103.583 Y100.33 E1.53618
G1 X104.311 Y100.169 E1.56546
G1 X105.478 Y100.143 E1.61129
G1 X106.212 Y100.273 E1.64056
G1 X106.831 Y100.475 E1.66613
G1 X107.744 Y100.966 E1.70683
G1 X108.413 Y101.512 E1.74074
G1 X108.773 Y101.912 E1.76187
G1 X109.304 Y102.7 E1.79918
G1 X109.638 Y103.482 E1.83257
G1 X109.8 Y104.113 E1.85815
G1 X109.88 Y104.947 E1.89105
G1 X109.815 Y105.795 E1.92444
G1 X109.533 Y106.806 E1.96565
G1 X109.144 Y107.577 E1.99956
G1 X108.661 Y108.198 E2.03045
G1 X108.402 Y108.497 E2.04598
G1 X107.677 Y109.079 E2.08248
G1 X106.917 Y109.488 E2.11637
G1 X106.108 Y109.753 E2.1498
G1 X105.465 Y109.859 E2.17539
G1 X104.628 Y109.866 E2.20826
G1 X104.087 Y109.791 E2.22971
G1 X103.184 Y109.529 E2.26663
G1 X102.696 Y109.297 E2.28785
G1 X101.904 Y108.772 E2.32516
G1 X101.296 Y108.177 E2.35856
G1 X100.972 Y107.747 E2.3797
G1 X100.512 Y106.916 E2.41699
G1 X100.207 Y105.913 E2.45815
G1 X100.127 Y105.131 E2.48902
G1 X100.143 Y104.861 E2.49964
G1 X100.558 Y104.81 F7800
;TYPE:External perimeter
G1 F884.349
G1 X100.627 Y104.053 E2.52949
G1 X100.86 Y103.304 E2.56029
G1 X101.071 Y102.867 E2.57934
G1 X101.547 Y102.158 E2.61287
G1 X102.111 Y101.584 E2.64447
G1 X102.911 Y101.044 E2.68237
G1 X103.638 Y100.738 E2.71334
G1 X104.395 Y100.567 E2.74381
G1 X105.408 Y100.544 E2.7836
G1 X106.141 Y100.674 E2.81283
G1 X106.7 Y100.861 E2.83597
G1 X107.548 Y101.323 E2.87389
G1 X108.151 Y101.824 E2.90467
G1 X108.542 Y102.265 E2.92781
G1 X108.961 Y102.918 E2.95827
G1 X109.262 Y103.638 E2.98891
G1 X109.404 Y104.21 E3.01205
G1 X109.474 Y104.982 E3.04249
G1 X109.409 Y105.76 E3.07314
G1 X109.142 Y106.692 E3.11121
G1 X108.783 Y107.389 E3.14199
G1 X108.148 Y108.179 E3.18179
G1 X107.422 Y108.761 E3.21833
G1 X106.729 Y109.127 E3.2491
G1 X105.986 Y109.364 E3.27972
G1 X105.403 Y109.456 E3.30289
G1 X104.628 Y109.459 E3.33332
G1 X104.078 Y109.378 E3.35515
G1 X103.305 Y109.141 E3.3869
G1 X102.774 Y108.882 E3.4101
G1 X102.138 Y108.439 E3.44053
G1 X101.584 Y107.889 E3.47118
G1 X101.233 Y107.416 E3.49431
G1 X100.873 Y106.728 E3.5248
G1 X100.598 Y105.799 E3.56284
G1 X100.533 Y105.095 E3.5906
G1 X100.553 Y104.87 E3.59947
G1 X100.589 Y104.472 F7800
G92 E0
G1 X97.386 Y111.419
;TYPE:Perimeter
G1 F884.349
G1 X97.37 Y111.402 E.00092
G1 X96.841 Y110.713 E.03503
G1 X96.38 Y109.989 E.06873
G1 X95.794 Y108.801 E.12074
G1 X95.501 Y107.995 E.15441
G1 X95.277 Y107.157 E.18847
G1 X95.122 Y106.272 E.22375
G1 X95.051 Y105.446 E.2563
G1 X95.079 Y104.122 E.3083
G1 X95.197 Y103.242 E.34316
G1 X95.377 Y102.433 E.3757
G1 X95.803 Y101.178 E.42774
G1 X96.166 Y100.401 E.46141
G1 X96.6 Y99.649 E.4955
G1 X97.098 Y98.937 E.52962
G1 X97.65 Y98.28 E.56331
G1 X98.606 Y97.364 E.6153
G1 X99.311 Y96.825 E.65014
G1 X100.011 Y96.381 E.68269
G1 X101.199 Y95.794 E.73472
G1 X101.995 Y95.505 E.76797
G1 X103.282 Y95.19 E.82
G1 X104.131 Y95.078 E.85362
G1 X105.029 Y95.041 E.88891
G1 X105.857 Y95.078 E.92145
G1 X107.166 Y95.279 E.97345
G1 X107.995 Y95.501 E1.00715
G1 X108.811 Y95.798 E1.04125
G1 X109.598 Y96.165 E1.07535
G1 X110.375 Y96.616 E1.11063
G1 X111.054 Y97.092 E1.14319
M73 P62 R13
G1 X112.05 Y97.966 E1.19522
G1 X112.63 Y98.598 E1.2289
G1 X113.152 Y99.279 E1.26259
G1 X113.839 Y100.411 E1.31458
G1 X114.202 Y101.189 E1.34829
G1 X114.495 Y101.995 E1.38196
G1 X114.78 Y103.158 E1.42898
G1 X114.926 Y104.234 E1.47162
G1 X114.96 Y105 E1.50173
G1 X114.922 Y105.868 E1.53584
G1 X114.809 Y106.73 E1.56998
G1 X114.623 Y107.567 E1.60365
G1 X114.197 Y108.822 E1.65569
G1 X113.834 Y109.599 E1.68936
G1 X113.406 Y110.342 E1.72303
G1 X112.622 Y111.41 E1.77505
G1 X112.05 Y112.035 E1.80832
G1 X111.054 Y112.908 E1.86032
G1 X110.351 Y113.4 E1.89401
G1 X109.599 Y113.834 E1.9281
M73 Q62 S13
G1 X108.811 Y114.202 E1.96225
G1 X107.995 Y114.499 E1.99635
G1 X107.166 Y114.721 E2.03005
G1 X105.857 Y114.922 E2.08205
G1 X105 Y114.96 E2.11573
G1 X104.132 Y114.922 E2.14984
G1 X103.27 Y114.809 E2.18398
G1 X102.433 Y114.623 E2.21765
G1 X101.178 Y114.197 E2.26969
G1 X100.401 Y113.834 E2.30336
G1 X99.658 Y113.406 E2.33703
G1 X98.59 Y112.622 E2.38905
G1 X97.957 Y112.043 E2.42273
G1 X97.426 Y111.463 E2.45361
G1 X97.067 Y111.674 F7800
G1 F884.349
G1 X97.058 Y111.664 E2.45414
G1 X96.508 Y110.946 E2.48965
G1 X96.025 Y110.189 E2.52491
G1 X95.42 Y108.961 E2.57866
G1 X95.113 Y108.118 E2.61389
G1 X94.879 Y107.245 E2.64938
G1 X94.718 Y106.324 E2.68609
G1 X94.643 Y105.459 E2.72018
G1 X94.673 Y104.09 E2.77395
G1 X94.796 Y103.171 E2.81036
G1 X94.984 Y102.323 E2.84446
G1 X95.425 Y101.027 E2.89821
G1 X95.804 Y100.213 E2.93347
G1 X96.256 Y99.43 E2.96897
G1 X96.775 Y98.689 E3.00449
M73 Q63 S13
G1 X97.352 Y98.001 E3.03975
G1 X98.341 Y97.055 E3.09349
M73 P63 R13
G1 X99.078 Y96.491 E3.12993
G1 X99.811 Y96.025 E3.16403
G1 X101.039 Y95.42 E3.21778
G1 X101.876 Y95.115 E3.25276
G1 X103.206 Y94.789 E3.30653
G1 X104.096 Y94.672 E3.34178
G1 X105.029 Y94.633 E3.37845
G1 X105.897 Y94.672 E3.41257
G1 X107.25 Y94.88 E3.46632
G1 X108.118 Y95.113 E3.50161
G1 X108.967 Y95.422 E3.53708
G1 X109.787 Y95.804 E3.5726
G1 X110.595 Y96.272 E3.60926
G1 X111.306 Y96.771 E3.64337
G1 X112.335 Y97.674 E3.69712
G1 X112.942 Y98.336 E3.73239
G1 X113.488 Y99.048 E3.76762
G1 X114.199 Y100.219 E3.82141
G1 X114.578 Y101.033 E3.85667
G1 X114.885 Y101.876 E3.8919
G1 X115.175 Y103.061 E3.9398
G1 X115.264 Y103.608 E3.96156
G1 X115.333 Y104.216 E3.98559
G1 X115.367 Y105 E4.0164
G1 X115.328 Y105.904 E4.05193
G1 X115.21 Y106.8 E4.08741
G1 X115.015 Y107.677 E4.12269
G1 X114.575 Y108.973 E4.17643
G1 X114.196 Y109.787 E4.21169
G1 X113.747 Y110.565 E4.24696
G1 X112.937 Y111.669 E4.30072
G1 X112.335 Y112.326 E4.33571
G1 X111.306 Y113.229 E4.38946
G1 X110.57 Y113.744 E4.42473
G1 X109.787 Y114.196 E4.46023
G1 X108.967 Y114.578 E4.49575
G1 X108.117 Y114.887 E4.53126
G1 X107.25 Y115.12 E4.56651
G1 X105.897 Y115.328 E4.62026
G1 X105 Y115.367 E4.65551
G1 X104.096 Y115.328 E4.69104
G1 X103.2 Y115.21 E4.72652
G1 X102.323 Y115.015 E4.7618
G1 X101.027 Y114.575 E4.81554
G1 X100.213 Y114.196 E4.8508
G1 X99.435 Y113.747 E4.88607
G1 X98.331 Y112.937 E4.93983
G1 X97.669 Y112.331 E4.97507
G1 X97.108 Y111.718 E5.0077
G1 X96.749 Y111.93 F7800
;TYPE:External perimeter
G1 F884.349
G1 X96.746 Y111.926 E5.0079
G1 X96.174 Y111.18 E5.04481
G1 X95.67 Y110.389 E5.08164
G1 X95.045 Y109.121 E5.13715
G1 X94.724 Y108.24 E5.17397
G1 X94.481 Y107.332 E5.21088
G1 X94.314 Y106.377 E5.24895
G1 X94.236 Y105.472 E5.28462
G1 X94.266 Y104.059 E5.34011
G1 X94.395 Y103.1 E5.3781
G1 X94.592 Y102.213 E5.41378
G1 X95.046 Y100.875 E5.46926
G1 X95.443 Y100.025 E5.5061
G1 X95.913 Y99.211 E5.54301
G1 X96.452 Y98.441 E5.57991
G1 X97.055 Y97.722 E5.61676
G1 X98.076 Y96.745 E5.67225
G1 X98.845 Y96.157 E5.71026
G1 X99.611 Y95.67 E5.7459
G1 X100.879 Y95.045 E5.80141
G1 X101.758 Y94.725 E5.83814
G1 X103.131 Y94.389 E5.89364
G1 X104.061 Y94.266 E5.93047
G1 X105.03 Y94.226 E5.96855
G1 X105.937 Y94.266 E6.0042
G1 X107.334 Y94.481 E6.0597
G1 X108.24 Y94.724 E6.09653
G1 X109.123 Y95.045 E6.13342
G1 X109.975 Y95.443 E6.17034
G1 X110.814 Y95.929 E6.20841
G1 X111.558 Y96.451 E6.2441
G1 X112.62 Y97.383 E6.29958
G1 X113.254 Y98.074 E6.3364
G1 X113.825 Y98.818 E6.37322
G1 X114.558 Y100.027 E6.42873
G1 X114.955 Y100.877 E6.46557
G1 X115.275 Y101.758 E6.50237
G1 X115.571 Y102.964 E6.55113
G1 X115.667 Y103.555 E6.57464
G1 X115.74 Y104.199 E6.60009
G1 X115.775 Y105 E6.63157
G1 X115.734 Y105.939 E6.66847
G1 X115.611 Y106.871 E6.70538
G1 X115.408 Y107.787 E6.74222
G1 X114.954 Y109.125 E6.7977
G1 X114.557 Y109.975 E6.83454
G1 X114.088 Y110.788 E6.87139
G1 X113.252 Y111.928 E6.9269
G1 X112.62 Y112.617 E6.96361
G1 X111.557 Y113.549 E7.01912
G1 X110.789 Y114.087 E7.05594
G1 X109.975 Y114.557 E7.09285
G1 X109.123 Y114.955 E7.12977
G1 X108.24 Y115.276 E7.16666
G1 X107.334 Y115.519 E7.20349
G1 X105.937 Y115.734 E7.25899
G1 X105 Y115.775 E7.29582
G1 X104.061 Y115.734 E7.33272
G1 X103.129 Y115.611 E7.36963
G1 X102.213 Y115.408 E7.40647
G1 X100.875 Y114.954 E7.46195
G1 X100.025 Y114.557 E7.49879
G1 X99.212 Y114.088 E7.53564
G1 X98.072 Y113.252 E7.59115
G1 X97.381 Y112.619 E7.62795
G1 X96.79 Y111.974 E7.6623
G1 X96.542 Y111.659 F7800
G92 E0
G1 X99.469 Y112.888
;TYPE:Internal infill
;WIDTH:0.45
;HEIGHT:0.4
G1 F494.289
G1 X98.784 Y112.386 E.05966
G1 X97.751 Y111.366 E.16164
G1 X97.645 Y110.896 E.19549
G1 X96.618 Y109.586 E.31243
G1 X96.483 Y108.931 E.35941
G1 X96.631 Y108.276 E.40658
G1 X97.658 Y106.965 E.52357
G1 X97.793 Y106.31 E.57055
G1 X97.645 Y105.655 E.61772
G1 X96.618 Y104.345 E.73466
G1 X96.483 Y103.69 E.78164
G1 X96.631 Y103.035 E.82881
G1 X97.658 Y101.724 E.9458
G1 X97.793 Y101.069 E.99278
G1 X97.645 Y100.414 E1.03995
G1 X97.005 Y99.603 E1.11253
G1 X96.437 Y100.542 E1.18962
G1 X95.921 Y101.781 E1.28391
G92 E0
G1 X109.736 Y102.055 F7800
G1 F494.289
G1 X109.439 Y101.595 E.03846
G1 X108.965 Y101.053 E.08904
G1 X108.051 Y100.318 E.17143
G1 X107.1 Y99.104 E.27976
G1 X106.965 Y98.448 E.32681
G1 X107.114 Y97.793 E.374
G1 X108.141 Y96.483 E.49094
G1 X108.257 Y95.921 E.53125
G1 X109.457 Y96.436 E.62298
G1 X110.357 Y96.977 E.69675
G1 X109.721 Y97.793 E.76943
G1 X109.586 Y98.448 E.81641
G1 X109.735 Y99.104 E.86367
G1 X110.762 Y100.414 E.98061
G1 X110.897 Y101.069 E1.02759
G1 X110.748 Y101.724 E1.07478
G1 X110.042 Y102.621 E1.15497
G1 X110.299 Y103.215 E1.20044
G1 X110.512 Y104.042 E1.26043
G1 X110.595 Y105.001 E1.32805
G1 X110.56 Y105.396 E1.35591
G1 X110.762 Y105.655 E1.37898
G1 X110.897 Y106.31 E1.42596
G1 X110.748 Y106.965 E1.47315
G1 X109.721 Y108.276 E1.59014
G1 X109.586 Y108.931 E1.63712
G1 X109.735 Y109.586 E1.68431
G1 X110.762 Y110.896 E1.80125
G1 X110.897 Y111.552 E1.8483
G1 X110.748 Y112.207 E1.89549
G1 X109.869 Y113.326 E1.99545
G1 X108.681 Y113.924 E2.08888
G1 X107.903 Y114.207 E2.14704
G1 X107.019 Y114.435 E2.21117
G1 X106.965 Y114.172 E2.23003
G1 X107.114 Y113.517 E2.27722
G1 X108.141 Y112.207 E2.39416
G1 X108.276 Y111.552 E2.44114
G1 X108.127 Y110.896 E2.4884
G1 X107.442 Y110.026 E2.56619
G1 X106.225 Y110.459 E2.65693
G1 X105.268 Y110.571 E2.72462
G1 X105.52 Y110.896 E2.75351
G1 X105.655 Y111.552 E2.80056
G1 X105.507 Y112.207 E2.84773
G1 X104.48 Y113.517 E2.96467
G1 X104.345 Y114.172 E3.01165
G1 X104.449 Y114.63 E3.04464
G1 X103.324 Y114.508 E3.12413
G1 X102.059 Y114.173 E3.21606
G92 E0
G1 X100.227 Y107.9 F7800
G1 F494.289
G1 X100.75 Y108.637 E.06349
G1 X101.393 Y109.277 E.12722
G1 X101.902 Y109.641 E.17118
G1 X102.886 Y110.896 E.28321
G1 X103.035 Y111.552 E.33047
G1 X102.9 Y112.207 E.37745
G1 X101.873 Y113.517 E.49439
G1 X101.748 Y114.068 E.53408
G1 X100.542 Y113.563 E.62593
G1 X99.633 Y113.009 E.70071
G1 X100.265 Y112.207 E.77244
G1 X100.414 Y111.552 E.81963
G1 X100.279 Y110.896 E.86668
G1 X99.252 Y109.586 E.98362
G1 X99.103 Y108.931 E1.03081
G1 X99.238 Y108.276 E1.07779
G1 X99.947 Y107.367 E1.15877
G1 X99.649 Y106.63 E1.21462
G1 X99.49 Y105.97 E1.26231
G1 X99.422 Y105.376 E1.30431
G1 X99.428 Y104.567 E1.36114
G1 X99.252 Y104.345 E1.38104
G1 X99.103 Y103.69 E1.42823
G1 X99.238 Y103.035 E1.47521
G1 X100.265 Y101.724 E1.5922
G1 X100.414 Y101.069 E1.63939
G1 X100.279 Y100.414 E1.68637
G1 X99.252 Y99.104 E1.80331
G1 X99.103 Y98.448 E1.85057
G1 X99.238 Y97.793 E1.89755
G1 X100.16 Y96.647 E2.00088
G1 X101.319 Y96.076 E2.09164
G1 X102.084 Y95.797 E2.14884
G1 X102.978 Y95.579 E2.21348
G1 X103.035 Y95.828 E2.23142
G1 X102.9 Y96.483 E2.2784
G1 X101.873 Y97.793 E2.39534
G1 X101.724 Y98.448 E2.44253
G1 X101.859 Y99.104 E2.48958
G1 X102.543 Y99.98 E2.56766
G1 X103.396 Y99.642 E2.63212
G1 X104.269 Y99.453 E2.69487
G1 X104.744 Y99.42 E2.72832
G1 X104.493 Y99.104 E2.75667
G1 X104.345 Y98.448 E2.80391
G1 X104.48 Y97.793 E2.85089
G1 X105.507 Y96.483 E2.96783
G1 X105.655 Y95.828 E3.015
G1 X105.561 Y95.37 E3.04784
G1 X107.104 Y95.578 E3.15722
G1 X107.957 Y95.812 E3.21936
G92 E0
G1 X110.524 Y97.093 F7800
G1 F494.289
G1 X111.836 Y98.184 E.11987
G1 X112.244 Y98.629 E.16228
G1 X112.342 Y99.104 E.19635
G1 X113.369 Y100.414 E.31329
G1 X113.517 Y101.069 E.36046
G1 X113.382 Y101.724 E.40744
M73 Q64 S13
G1 X112.355 Y103.035 E.52443
M73 P64 R13
G1 X112.207 Y103.69 E.5716
G1 X112.342 Y104.345 E.61858
G1 X113.369 Y105.655 E.73552
G1 X113.517 Y106.31 E.78269
G1 X113.382 Y106.965 E.82967
G1 X112.355 Y108.276 E.94666
G1 X112.207 Y108.931 E.99383
G1 X112.342 Y109.586 E1.04081
G1 X112.98 Y110.406 E1.1138
G1 X113.569 Y109.445 E1.19298
G1 X114.074 Y108.233 E1.28522
;LAYER_CHANGE
;Z:8.35
;HEIGHT:0.200001
G92 E0
G1 Z8.35 F7800
G1 X99.737 Y104.792
;TYPE:Perimeter
;WIDTH:0.449999
G1 F884.349
G1 X99.75 Y104.587 E.00807
G1 X99.818 Y103.965 E.03264
G1 X99.982 Y103.379 E.05653
G1 X100.162 Y102.876 E.07751
G1 X100.609 Y102.06 E.11404
G1 X101.2 Y101.325 E.15107
G1 X101.611 Y100.961 E.17263
G1 X102.022 Y100.631 E.19333
G1 X102.499 Y100.341 E.21525
G1 X102.982 Y100.128 E.23598
G1 X103.474 Y99.938 E.25669
G1 X104.219 Y99.772 E.28666
G1 X104.891 Y99.714 E.31314
G1 X105.984 Y99.805 E.3562
G1 X106.526 Y99.938 E.37811
G1 X107.482 Y100.33 E.41868
G1 X108.308 Y100.88 E.45764
G1 X108.754 Y101.297 E.48161
G1 X109.119 Y101.689 E.50264
G1 X109.635 Y102.462 E.53913
G1 X109.871 Y102.981 E.56152
G1 X110.057 Y103.452 E.5814
G1 X110.195 Y104.016 E.6042
G1 X110.256 Y104.577 E.62636
G1 X110.285 Y105.089 E.6465
G1 X110.22 Y105.831 E.67575
G1 X109.923 Y106.92 E.72007
G1 X109.695 Y107.386 E.74044
G1 X109.391 Y107.939 E.76522
G1 X109.016 Y108.417 E.78907
G1 X108.657 Y108.814 E.81009
G1 X107.932 Y109.396 E.84659
G1 X107.435 Y109.677 E.86901
G1 X106.962 Y109.91 E.88971
G1 X106.278 Y110.11 E.91769
G1 X105.831 Y110.22 E.93576
G1 X105.088 Y110.285 E.96504
G1 X104.489 Y110.258 E.98858
G1 X103.534 Y110.076 E1.02675
G1 X102.638 Y109.729 E1.06448
G1 X102.143 Y109.444 E1.08691
G1 X101.574 Y109.006 E1.1151
G1 X101.2 Y108.675 E1.13471
G1 X100.721 Y108.104 E1.16397
G1 X100.161 Y107.124 E1.20829
G1 X99.971 Y106.586 E1.23069
G1 X99.827 Y106.101 E1.25055
G1 X99.717 Y105.111 E1.28966
G1 X99.733 Y104.852 E1.29985
G1 X100.147 Y104.801 F7800
G1 F884.349
G1 X100.222 Y104.012 E1.33097
G1 X100.518 Y103.071 E1.3697
G1 X100.966 Y102.256 E1.40622
G1 X101.512 Y101.587 E1.44013
G1 X102.158 Y101.033 E1.47354
G1 X102.711 Y100.689 E1.49911
G1 X103.482 Y100.362 E1.53199
G1 X104.307 Y100.17 E1.56525
G1 X104.919 Y100.12 E1.58936
G1 X105.792 Y100.185 E1.62373
G1 X106.429 Y100.333 E1.64941
G1 X107.206 Y100.647 E1.68232
G1 X108.082 Y101.218 E1.72338
G1 X108.78 Y101.915 E1.76211
G1 X109.297 Y102.688 E1.79862
G1 X109.638 Y103.482 E1.83255
G1 X109.764 Y103.968 E1.85226
G1 X109.851 Y104.612 E1.87778
G1 X109.88 Y105.053 E1.89513
G1 X109.815 Y105.795 E1.92438
G1 X109.532 Y106.806 E1.9656
G1 X109.036 Y107.741 E2.00716
G1 X108.402 Y108.497 E2.0459
G1 X107.677 Y109.079 E2.0824
G1 X106.916 Y109.488 E2.11632
G1 X105.795 Y109.815 E2.16217
G1 X105.053 Y109.88 E2.19142
G1 X104.515 Y109.852 E2.21257
G1 X103.622 Y109.679 E2.24829
G1 X102.794 Y109.353 E2.28323
G1 X102.353 Y109.095 E2.30329
G1 X101.834 Y108.693 E2.32907
G1 X101.512 Y108.413 E2.34582
G1 X101.033 Y107.842 E2.37508
G1 X100.518 Y106.928 E2.41627
G1 X100.247 Y106.108 E2.45018
G1 X100.122 Y105.066 E2.49139
G1 X100.141 Y104.861 E2.49947
G1 X100.548 Y104.81 F7800
;TYPE:External perimeter
G1 F884.349
G1 X100.627 Y104.057 E2.5292
G1 X100.86 Y103.304 E2.56015
G1 X101.323 Y102.452 E2.59822
G1 X101.824 Y101.849 E2.629
G1 X102.419 Y101.345 E2.65962
G1 X102.922 Y101.037 E2.68278
G1 X103.638 Y100.738 E2.71325
G1 X104.395 Y100.567 E2.74372
G1 X104.947 Y100.526 E2.76545
G1 X105.759 Y100.591 E2.79743
G1 X106.333 Y100.728 E2.8206
G1 X107.05 Y101.023 E2.85104
G1 X107.856 Y101.557 E2.889
G1 X108.416 Y102.111 E2.91993
G1 X108.958 Y102.915 E2.958
G1 X109.262 Y103.638 E2.9888
G1 X109.404 Y104.21 E3.01194
G1 X109.474 Y104.982 E3.04238
G1 X109.409 Y105.76 E3.07303
G1 X109.142 Y106.692 E3.1111
G1 X108.679 Y107.545 E3.14921
G1 X108.176 Y108.151 E3.18013
G1 X107.389 Y108.783 E3.21976
G1 X106.728 Y109.127 E3.24902
G1 X105.76 Y109.409 E3.28861
G1 X105.018 Y109.474 E3.31786
G1 X104.429 Y109.438 E3.34103
G1 X103.71 Y109.281 E3.36993
G1 X102.95 Y108.977 E3.40207
G1 X102.477 Y108.695 E3.42369
G1 X101.85 Y108.177 E3.45562
G1 X101.345 Y107.581 E3.48629
G1 X100.875 Y106.733 E3.52436
G1 X100.636 Y105.985 E3.55519
G1 X100.526 Y105.022 E3.59325
G1 X100.542 Y104.87 E3.59925
G1 X100.584 Y104.472 F7800
G92 E0
G1 X97.386 Y111.419
;TYPE:Perimeter
G1 F884.349
G1 X97.37 Y111.402 E.00092
G1 X96.838 Y110.708 E.03525
G1 X96.38 Y109.989 E.06872
G1 X95.794 Y108.801 E.12073
G1 X95.501 Y107.995 E.1544
G1 X95.275 Y107.15 E.18874
G1 X95.127 Y106.311 E.22219
G1 X95.041 Y104.989 E.27421
G1 X95.079 Y104.126 E.30813
G1 X95.19 Y103.281 E.34159
G1 X95.505 Y101.995 E.39358
G1 X95.798 Y101.189 E.42725
G1 X96.165 Y100.401 E.46138
G1 X96.603 Y99.644 E.49572
G1 X97.092 Y98.946 E.52918
G1 X97.966 Y97.95 E.58121
G1 X98.598 Y97.37 E.61489
G1 X99.279 Y96.848 E.64858
G1 X100.411 Y96.161 E.70057
G1 X101.189 Y95.798 E.73428
G1 X101.995 Y95.505 E.76795
G1 X103.281 Y95.19 E.81994
G1 X104.132 Y95.078 E.85364
G1 X105.006 Y95.04 E.88799
G1 X105.857 Y95.078 E.92144
G1 X107.166 Y95.279 E.97344
G1 X107.995 Y95.501 E1.00714
G1 X108.811 Y95.798 E1.04124
G1 X109.599 Y96.165 E1.07537
G1 X110.356 Y96.603 E1.10971
G1 X111.054 Y97.092 E1.14317
G1 X112.05 Y97.966 E1.1952
G1 X112.63 Y98.598 E1.22888
G1 X113.152 Y99.279 E1.26257
G1 X113.839 Y100.411 E1.31456
G1 X114.202 Y101.188 E1.34823
G1 X114.5 Y102.01 E1.38256
G1 X114.721 Y102.834 E1.41606
G1 X114.928 Y104.271 E1.47307
G1 X114.955 Y105.102 E1.50572
G1 X114.922 Y105.868 E1.53582
G1 X114.809 Y106.73 E1.56996
G1 X114.623 Y107.567 E1.60363
G1 X114.197 Y108.822 E1.65567
G1 X113.834 Y109.599 E1.68934
G1 X113.406 Y110.342 E1.72301
G1 X112.622 Y111.41 E1.77503
G1 X112.05 Y112.035 E1.8083
G1 X111.054 Y112.908 E1.8603
G1 X110.351 Y113.4 E1.89399
G1 X109.599 Y113.834 E1.92808
G1 X108.821 Y114.197 E1.96179
G1 X107.567 Y114.623 E2.01379
G1 X106.73 Y114.809 E2.04746
G1 X105.868 Y114.922 E2.0816
G1 X105 Y114.96 E2.11571
G1 X104.132 Y114.922 E2.14982
G1 X103.27 Y114.809 E2.18396
G1 X102.422 Y114.62 E2.21807
G1 X101.604 Y114.362 E2.25175
G1 X100.391 Y113.829 E2.30377
G1 X99.658 Y113.406 E2.337
G1 X98.59 Y112.622 E2.38902
G1 X97.957 Y112.043 E2.4227
G1 X97.426 Y111.463 E2.45358
G1 X97.067 Y111.674 F7800
G1 F884.349
G1 X97.058 Y111.664 E2.45411
G1 X96.504 Y110.942 E2.48984
G1 X96.025 Y110.189 E2.52488
G1 X95.42 Y108.961 E2.57863
G1 X95.113 Y108.118 E2.61386
G1 X94.877 Y107.238 E2.64963
G1 X94.723 Y106.36 E2.68463
G1 X94.633 Y104.993 E2.73842
G1 X94.673 Y104.091 E2.77387
G1 X94.789 Y103.206 E2.80892
G1 X95.115 Y101.876 E2.86269
G1 X95.422 Y101.033 E2.89792
G1 X95.804 Y100.213 E2.93344
G1 X96.26 Y99.425 E2.96919
G1 X96.771 Y98.694 E3.00421
G1 X97.674 Y97.665 E3.05796
G1 X98.336 Y97.058 E3.09323
G1 X99.048 Y96.512 E3.12846
G1 X100.219 Y95.801 E3.18225
G1 X101.033 Y95.422 E3.21751
G1 X101.876 Y95.115 E3.25274
G1 X103.206 Y94.789 E3.30651
G1 X104.096 Y94.672 E3.34176
G1 X105.006 Y94.633 E3.37752
G1 X105.897 Y94.672 E3.41254
G1 X107.25 Y94.88 E3.46629
G1 X108.117 Y95.113 E3.50154
G1 X108.967 Y95.422 E3.53705
G1 X109.787 Y95.804 E3.57257
G1 X110.575 Y96.26 E3.60832
G1 X111.306 Y96.771 E3.64334
G1 X112.335 Y97.674 E3.69709
G1 X112.942 Y98.336 E3.73236
G1 X113.488 Y99.048 E3.76759
G1 X114.199 Y100.219 E3.82138
G1 X114.578 Y101.032 E3.8566
G1 X114.889 Y101.888 E3.89236
G1 X115.12 Y102.75 E3.9274
G1 X115.305 Y103.955 E3.97527
G1 X115.349 Y104.588 E4.00018
G1 X115.362 Y105.12 E4.02107
G1 X115.328 Y105.904 E4.05188
G1 X115.21 Y106.8 E4.08736
G1 X115.015 Y107.677 E4.12264
G1 X114.575 Y108.973 E4.17638
G1 X114.196 Y109.787 E4.21164
G1 X113.747 Y110.565 E4.24691
G1 X112.937 Y111.669 E4.30067
G1 X112.335 Y112.326 E4.33566
G1 X111.306 Y113.229 E4.38941
G1 X110.57 Y113.744 E4.42468
G1 X109.787 Y114.196 E4.46018
G1 X108.973 Y114.575 E4.49544
G1 X107.677 Y115.016 E4.54919
G1 X106.8 Y115.21 E4.58446
G1 X105.904 Y115.328 E4.61994
G1 X105 Y115.367 E4.65547
G1 X104.096 Y115.328 E4.691
G1 X103.2 Y115.21 E4.72648
G1 X102.317 Y115.014 E4.76199
G1 X101.46 Y114.744 E4.79727
G1 X100.207 Y114.193 E4.85102
G1 X99.435 Y113.747 E4.88603
G1 X98.331 Y112.937 E4.93979
G1 X97.669 Y112.331 E4.97503
G1 X97.108 Y111.718 E5.00766
G1 X96.749 Y111.93 F7800
;TYPE:External perimeter
G1 F884.349
G1 X96.746 Y111.926 E5.00786
G1 X96.171 Y111.175 E5.045
G1 X95.67 Y110.389 E5.0816
G1 X95.045 Y109.121 E5.13711
G1 X94.724 Y108.24 E5.17393
G1 X94.479 Y107.326 E5.21108
G1 X94.318 Y106.408 E5.24768
G1 X94.225 Y104.998 E5.30316
G1 X94.267 Y104.055 E5.34022
G1 X94.389 Y103.131 E5.37682
G1 X94.725 Y101.758 E5.43232
G1 X95.045 Y100.877 E5.46912
G1 X95.443 Y100.025 E5.50604
G1 X95.916 Y99.206 E5.54318
G1 X96.451 Y98.442 E5.5798
G1 X97.383 Y97.38 E5.63528
G1 X98.074 Y96.746 E5.6721
G1 X98.818 Y96.175 E5.70892
G1 X100.027 Y95.442 E5.76443
G1 X100.877 Y95.045 E5.80127
G1 X101.758 Y94.725 E5.83807
G1 X103.131 Y94.389 E5.89357
G1 X104.061 Y94.266 E5.9304
G1 X105.006 Y94.225 E5.96754
G1 X105.937 Y94.266 E6.00413
G1 X107.334 Y94.481 E6.05963
G1 X108.24 Y94.724 E6.09646
G1 X109.123 Y95.045 E6.13335
G1 X109.975 Y95.443 E6.17027
G1 X110.794 Y95.916 E6.20741
G1 X111.558 Y96.451 E6.24403
G1 X112.62 Y97.383 E6.29951
G1 X113.254 Y98.074 E6.33633
G1 X113.825 Y98.818 E6.37315
G1 X114.558 Y100.027 E6.42866
G1 X114.955 Y100.877 E6.4655
G1 X115.278 Y101.766 E6.50264
G1 X115.519 Y102.666 E6.53922
G1 X115.734 Y104.063 E6.59472
G1 X115.769 Y105.137 E6.63691
G1 X115.734 Y105.939 E6.66843
G1 X115.611 Y106.871 E6.70534
G1 X115.408 Y107.787 E6.74218
G1 X114.954 Y109.125 E6.79766
G1 X114.557 Y109.975 E6.8345
G1 X114.088 Y110.788 E6.87135
G1 X113.252 Y111.928 E6.92686
G1 X112.62 Y112.617 E6.96357
G1 X111.557 Y113.549 E7.01908
G1 X110.789 Y114.087 E7.0559
G1 X109.975 Y114.557 E7.09281
G1 X109.125 Y114.954 E7.12965
G1 X107.787 Y115.408 E7.18513
G1 X106.871 Y115.611 E7.22197
G1 X105.939 Y115.734 E7.25888
G1 X105 Y115.775 E7.29578
G1 X104.061 Y115.734 E7.33268
G1 X103.129 Y115.611 E7.36959
G1 X102.211 Y115.408 E7.40651
G1 X101.317 Y115.126 E7.44332
G1 X100.023 Y114.556 E7.49884
G1 X99.212 Y114.088 E7.53561
G1 X98.072 Y113.252 E7.59112
G1 X97.381 Y112.619 E7.62792
G1 X96.79 Y111.974 E7.66227
G1 X96.543 Y111.659 F7800
G92 E0
G1 X105.098 Y95.37
;TYPE:Solid infill
;WIDTH:0.49112
G1 F803.213
G1 X105.83 Y95.397 E.03167
;WIDTH:0.478076
G1 F827.29
G1 X107.092 Y95.591 E.08526
;WIDTH:0.477662
G1 F828.077
G1 X108.185 Y95.907 E.13297
;WIDTH:0.47964
G1 F824.327
G1 X108.689 Y96.094 E.15561
;WIDTH:0.497706
G1 F791.581
G1 X109.447 Y96.458 E.1925
G1 X110.182 Y96.877 E.22961
;WIDTH:0.496968
G1 F792.868
G1 X110.851 Y97.351 E.26552
G1 X111.519 Y97.912 E.30372
;WIDTH:0.469468
G1 F843.985
G1 X112.108 Y98.494 E.33779
G1 X112.648 Y99.139 E.3724
G1 X113.125 Y99.83 E.40695
;WIDTH:0.480044
G1 F823.565
G1 X113.556 Y100.562 E.44277
G1 X114.06 Y101.721 E.49606
M73 Q65 S13
;WIDTH:0.469978
G1 F842.977
M73 P65 R13
G1 X114.309 Y102.513 E.53026
;WIDTH:0.46937
G1 F844.179
G1 X114.461 Y103.199 E.55916
;WIDTH:0.486718
G1 F811.18
G1 X114.6 Y104.175 E.60136
;WIDTH:0.487402
G1 F809.932
G1 X114.636 Y105 E.63676
G1 X114.599 Y105.84 E.67281
;WIDTH:0.495272
G1 F795.84
G1 X114.485 Y106.672 E.70945
G1 X114.338 Y107.381 E.74104
;WIDTH:0.47605
G1 F831.159
G1 X114.187 Y107.886 E.76306
;WIDTH:0.496746
G1 F793.256
G1 X113.892 Y108.699 E.80092
G1 X113.547 Y109.449 E.83706
;WIDTH:0.496966
G1 F792.871
G1 X113.13 Y110.162 E.87323
G1 X112.372 Y111.205 E.9297
;WIDTH:0.486854
G1 F810.931
G1 X112.1 Y111.514 E.94733
;WIDTH:0.469466
G1 F843.989
G1 X111.502 Y112.103 E.98186
;WIDTH:0.478398
G1 F826.678
G1 X110.857 Y112.656 E1.01755
G1 X110.175 Y113.133 E1.05251
;WIDTH:0.479734
G1 F824.149
G1 X109.451 Y113.55 E1.08771
G1 X108.277 Y114.055 E1.14156
;WIDTH:0.478394
G1 F826.685
G1 X107.481 Y114.315 E1.17673
;WIDTH:0.479354
G1 F824.867
G1 X106.674 Y114.493 E1.21152
G1 X105.538 Y114.62 E1.25964
;WIDTH:0.4783
G1 F826.864
G1 X105 Y114.64 E1.28225
G1 X104.153 Y114.603 E1.31785
;WIDTH:0.482294
G1 F819.347
G1 X103.326 Y114.492 E1.35321
;WIDTH:0.49785
G1 F791.331
G1 X102.507 Y114.302 E1.3901
G1 X101.687 Y114.051 E1.42773
;WIDTH:0.476628
G1 F830.052
G1 X100.925 Y113.726 E1.46239
;WIDTH:0.46947
G1 F843.981
G1 X100.178 Y113.342 E1.49695
G1 X99.48 Y112.89 E1.53116
;WIDTH:0.470186
G1 F842.566
G1 X98.478 Y112.092 E1.58395
G1 X97.892 Y111.506 E1.6181
;WIDTH:0.46947
G1 F843.981
G1 X97.353 Y110.861 E1.65268
G1 X96.871 Y110.172 E1.68728
G1 X96.46 Y109.45 E1.72146
;WIDTH:0.496774
G1 F793.207
G1 X96.097 Y108.672 E1.75904
G1 X95.811 Y107.898 E1.79516
;WIDTH:0.495236
G1 F795.904
G1 X95.596 Y107.079 E1.8321
G1 X95.462 Y106.374 E1.86341
;WIDTH:0.476072
G1 F831.117
G1 X95.408 Y105.85 E1.88542
;WIDTH:0.49674
G1 F793.266
G1 X95.37 Y104.986 E1.92328
G1 X95.402 Y104.155 E1.95968
;WIDTH:0.494408
G1 F797.363
G1 X95.512 Y103.342 E1.99541
G1 X95.67 Y102.622 E2.02751
;WIDTH:0.47995
G1 F823.742
G1 X95.812 Y102.088 E2.0508
;WIDTH:0.497718
G1 F791.56
G1 X96.103 Y101.315 E2.08703
G1 X96.453 Y100.551 E2.12389
;WIDTH:0.487488
G1 F809.775
G1 X96.877 Y99.818 E2.1602
;WIDTH:0.494412
G1 F797.356
G1 X97.35 Y99.148 E2.19592
G1 X97.822 Y98.583 E2.22798
;WIDTH:0.479956
G1 F823.731
G1 X98.195 Y98.174 E2.25131
G1 X99.149 Y97.345 E2.30459
;WIDTH:0.470186
G1 F842.566
G1 X99.83 Y96.875 E2.33869
;WIDTH:0.478124
G1 F827.198
G1 X100.562 Y96.443 E2.37437
G1 X101.192 Y96.147 E2.40359
;WIDTH:0.47522
G1 F832.755
G1 X101.704 Y95.946 E2.42653
;WIDTH:0.469118
G1 F844.678
G1 X102.513 Y95.697 E2.46133
;WIDTH:0.478396
G1 F826.682
G1 X103.34 Y95.505 E2.49699
;WIDTH:0.479292
G1 F824.984
G1 X104.159 Y95.397 E2.53176
;WIDTH:0.488557
G1 F807.834
G1 X104.894 Y95.376 E2.56337
;LAYER_CHANGE
;Z:8.55
;HEIGHT:0.2
G92 E0
G1 Z8.55 F7800
G1 X99.73 Y104.792
;TYPE:Perimeter
;WIDTH:0.449999
G1 F884.349
G1 X99.727 Y104.671 E.00475
G1 X99.815 Y103.968 E.03257
G1 X100.076 Y103.081 E.06887
G1 X100.464 Y102.324 E.10227
G1 X100.721 Y101.896 E.12187
G1 X101.2 Y101.325 E.15113
G1 X101.863 Y100.749 E.18561
G1 X102.499 Y100.341 E.21528
G1 X103.286 Y100.003 E.24891
G1 X104.18 Y99.781 E.28508
G1 X104.886 Y99.714 E.31293
G1 X105.808 Y99.778 E.34922
G1 X106.526 Y99.938 E.3781
G1 X107.325 Y100.256 E.41187
G1 X107.872 Y100.564 E.43652
G1 X108.652 Y101.181 E.47557
G1 X109.124 Y101.691 E.50285
G1 X109.72 Y102.618 E.54612
G1 X110.011 Y103.319 E.57592
G1 X110.195 Y104.016 E.60422
G1 X110.282 Y104.875 E.63812
G1 X110.227 Y105.755 E.67274
G1 X110.105 Y106.297 E.69455
G1 X109.923 Y106.919 E.72
G1 X109.525 Y107.727 E.75537
G1 X109.001 Y108.425 E.78964
G1 X108.671 Y108.803 E.80934
G1 X107.765 Y109.505 E.85434
G1 X107.104 Y109.849 E.8836
G1 X106.433 Y110.09 E.91159
G1 X105.916 Y110.193 E.93229
G1 X105.394 Y110.273 E.95303
G1 X104.635 Y110.273 E.98283
G1 X103.968 Y110.185 E1.00925
G1 X103.065 Y109.919 E1.04621
G1 X102.456 Y109.635 E1.07259
G1 X101.992 Y109.328 E1.09444
G1 X101.535 Y108.992 E1.11671
G1 X101.008 Y108.465 E1.14597
G1 X100.532 Y107.788 E1.17846
G1 X100.271 Y107.362 E1.19808
G1 X99.986 Y106.674 E1.22732
G1 X99.747 Y105.571 E1.27163
G1 X99.731 Y104.852 E1.29987
G1 X100.136 Y104.801 F7800
G1 F884.349
G1 X100.134 Y104.671 E1.30497
G1 X100.217 Y104.028 E1.33043
G1 X100.465 Y103.201 E1.36433
G1 X100.821 Y102.52 E1.3945
G1 X101.033 Y102.157 E1.41101
G1 X101.512 Y101.587 E1.44024
G1 X102.124 Y101.061 E1.47193
G1 X102.711 Y100.689 E1.49922
G1 X103.442 Y100.379 E1.5304
G1 X104.268 Y100.178 E1.56378
G1 X104.914 Y100.12 E1.58925
G1 X105.775 Y100.183 E1.62315
G1 X106.429 Y100.333 E1.6495
G1 X107.169 Y100.632 E1.68084
G1 X107.662 Y100.913 E1.70312
G1 X108.392 Y101.495 E1.73978
G1 X108.819 Y101.961 E1.7646
G1 X109.353 Y102.794 E1.80345
G1 X109.638 Y103.482 E1.83269
G1 X109.8 Y104.113 E1.85827
G1 X109.877 Y104.911 E1.88975
G1 X109.821 Y105.72 E1.92159
G1 X109.533 Y106.806 E1.96571
G1 X109.164 Y107.539 E1.99793
G1 X108.683 Y108.17 E2.02908
G1 X108.403 Y108.497 E2.04598
G1 X107.677 Y109.079 E2.08252
G1 X106.916 Y109.488 E2.11644
G1 X106.302 Y109.704 E2.142
G1 X105.478 Y109.857 E2.17491
G1 X104.635 Y109.866 E2.20801
G1 X104.028 Y109.783 E2.23207
G1 X103.185 Y109.53 E2.26663
G1 X102.635 Y109.269 E2.29053
G1 X101.907 Y108.774 E2.3251
G1 X101.322 Y108.203 E2.3572
G1 X100.87 Y107.562 E2.388
G1 X100.647 Y107.206 E2.40449
G1 X100.362 Y106.518 E2.43373
G1 X100.146 Y105.491 E2.47494
G1 X100.137 Y104.861 E2.49968
G1 X100.542 Y104.81 F7800
;TYPE:External perimeter
G1 F884.349
G1 X100.541 Y104.671 E2.50514
G1 X100.62 Y104.088 E2.52824
G1 X100.854 Y103.321 E2.55973
G1 X101.345 Y102.419 E2.60005
G1 X101.824 Y101.849 E2.62928
G1 X102.386 Y101.373 E2.6582
G1 X102.922 Y101.037 E2.68304
G1 X103.598 Y100.755 E2.7118
G1 X104.356 Y100.576 E2.74238
G1 X104.942 Y100.526 E2.76547
G1 X105.742 Y100.589 E2.79698
G1 X106.333 Y100.728 E2.82082
G1 X107.014 Y101.008 E2.84973
G1 X107.452 Y101.262 E2.86961
G1 X108.132 Y101.808 E2.90385
G1 X108.514 Y102.231 E2.92623
G1 X108.96 Y102.917 E2.95836
G1 X109.259 Y103.631 E2.98875
G1 X109.404 Y104.21 E3.01219
G1 X109.471 Y104.946 E3.04121
G1 X109.416 Y105.684 E3.07027
G1 X109.142 Y106.692 E3.11128
G1 X108.803 Y107.351 E3.14038
G1 X108.148 Y108.179 E3.18183
G1 X107.423 Y108.761 E3.21833
G1 X106.728 Y109.127 E3.24917
G1 X106.171 Y109.319 E3.2723
G1 X105.408 Y109.456 E3.30274
G1 X104.635 Y109.459 E3.33309
G1 X104.088 Y109.38 E3.35479
G1 X103.305 Y109.141 E3.38693
G1 X102.814 Y108.903 E3.40835
G1 X102.139 Y108.44 E3.44049
G1 X101.61 Y107.915 E3.46975
G1 X101.209 Y107.335 E3.49744
G1 X101.023 Y107.05 E3.5108
G1 X100.738 Y106.362 E3.54004
G1 X100.545 Y105.412 E3.5781
G1 X100.542 Y104.87 E3.59938
G1 X100.572 Y104.471 F7800
G92 E0
G1 X97.478 Y111.282
;TYPE:Perimeter
G1 F884.349
G1 X97.217 Y110.972 E.01591
G1 X96.726 Y110.271 E.04951
G1 X96.304 Y109.539 E.08269
G1 X95.778 Y108.345 E.13392
G1 X95.527 Y107.548 E.16673
G1 X95.283 Y106.331 E.21547
G1 X95.199 Y105.426 E.25116
G1 X95.199 Y104.572 E.28469
G1 X95.273 Y103.729 E.31792
G1 X95.513 Y102.511 E.36666
G1 X95.783 Y101.643 E.40235
G1 X96.109 Y100.854 E.43587
G1 X96.504 Y100.095 E.46947
G1 X96.964 Y99.373 E.50308
G1 X97.486 Y98.694 E.53671
G1 X97.981 Y98.151 E.56556
G1 X98.366 Y97.773 E.58675
G1 X99.028 Y97.217 E.62069
G1 X99.72 Y96.733 E.65385
G1 X100.864 Y96.105 E.70509
G1 X101.645 Y95.782 E.73827
G1 X102.461 Y95.524 E.77187
M73 P65 R12
G1 X103.297 Y95.339 E.80549
G1 X104.135 Y95.229 E.83868
G1 X105.377 Y95.199 E.88746
G1 X106.283 Y95.274 E.92316
G1 X107.123 Y95.423 E.95666
G1 X107.939 Y95.641 E.98982
G1 X109.147 Y96.111 E1.04072
G1 X110.227 Y96.701 E1.08904
G1 X110.974 Y97.219 E1.12473
G1 X111.627 Y97.767 E1.1582
G1 X112.233 Y98.373 E1.19185
G1 X112.783 Y99.028 E1.22543
G1 X113.274 Y99.729 E1.25903
G1 X113.696 Y100.461 E1.29221
G1 X114.222 Y101.655 E1.34344
G1 X114.473 Y102.452 E1.37625
G1 X114.729 Y103.79 E1.42974
G1 X114.801 Y104.678 E1.46472
G1 X114.801 Y105.428 E1.49417
M73 Q65 S12
G1 X114.727 Y106.271 E1.5274
G1 X114.487 Y107.489 E1.57614
G1 X114.217 Y108.357 E1.61183
G1 X113.891 Y109.146 E1.64535
G1 X113.496 Y109.905 E1.67895
G1 X113.036 Y110.627 E1.71256
G1 X112.514 Y111.306 E1.74619
G1 X112.019 Y111.849 E1.77504
G1 X111.634 Y112.227 E1.79623
G1 X110.972 Y112.783 E1.83017
G1 X110.271 Y113.274 E1.86377
G1 X109.539 Y113.696 E1.89695
G1 X108.345 Y114.222 E1.94818
G1 X107.539 Y114.476 E1.98136
G1 X106.703 Y114.661 E2.01498
G1 X105.866 Y114.771 E2.04813
G1 X104.561 Y114.8 E2.09938
G1 X103.729 Y114.727 E2.13217
G1 X102.511 Y114.487 E2.18091
G1 X101.643 Y114.217 E2.2166
G1 X100.854 Y113.891 E2.25012
G1 X100.095 Y113.496 E2.28372
G1 X99.382 Y113.041 E2.31693
G1 X98.411 Y112.266 E2.36571
G1 X97.766 Y111.626 E2.40139
G1 X97.516 Y111.328 E2.41666
G1 X97.172 Y111.551 F7800
G1 F884.349
G1 X96.894 Y111.22 E2.43363
G1 X96.383 Y110.49 E2.46862
G1 X95.94 Y109.723 E2.5034
G1 X95.397 Y108.488 E2.55637
G1 X95.133 Y107.65 E2.59087
G1 X94.879 Y106.39 E2.64134
G1 X94.792 Y105.444 E2.67864
G1 X94.792 Y104.554 E2.71359
G1 X94.87 Y103.672 E2.74836
G1 X95.118 Y102.411 E2.79882
G1 X95.399 Y101.504 E2.8361
G1 X95.74 Y100.682 E2.87104
G1 X96.152 Y99.891 E2.90606
G1 X96.63 Y99.14 E2.94101
G1 X97.173 Y98.432 E2.97604
G1 X97.681 Y97.877 E3.00558
G1 X98.093 Y97.47 E3.02832
G1 X98.78 Y96.894 E3.06352
G1 X99.505 Y96.387 E3.09826
G1 X100.688 Y95.737 E3.15126
G1 X101.505 Y95.399 E3.18598
G1 X102.356 Y95.131 E3.22101
G1 X103.226 Y94.938 E3.256
G1 X104.104 Y94.822 E3.29077
G1 X105.389 Y94.792 E3.34124
G1 X106.335 Y94.87 E3.37851
G1 X107.211 Y95.025 E3.41344
G1 X108.066 Y95.254 E3.44819
G1 X109.319 Y95.741 E3.50097
G1 X110.441 Y96.354 E3.55117
G1 X111.221 Y96.895 E3.58844
G1 X111.903 Y97.467 E3.62339
G1 X112.533 Y98.097 E3.65837
G1 X113.106 Y98.78 E3.69338
G1 X113.617 Y99.51 E3.72837
G1 X114.06 Y100.277 E3.76315
G1 X114.603 Y101.512 E3.81612
G1 X114.867 Y102.35 E3.85062
G1 X115.134 Y103.753 E3.9067
G1 X115.208 Y104.678 E3.94314
G1 X115.208 Y105.446 E3.9733
G1 X115.13 Y106.328 E4.00807
G1 X114.882 Y107.589 E4.05853
G1 X114.601 Y108.496 E4.09581
G1 X114.26 Y109.318 E4.13075
G1 X113.848 Y110.109 E4.16577
G1 X113.37 Y110.86 E4.20072
G1 X112.827 Y111.568 E4.23575
G1 X112.319 Y112.123 E4.26529
G1 X111.907 Y112.53 E4.28803
G1 X111.22 Y113.106 E4.32323
G1 X110.49 Y113.617 E4.35822
G1 X109.723 Y114.06 E4.393
G1 X108.488 Y114.603 E4.44597
G1 X107.644 Y114.869 E4.48072
G1 X106.774 Y115.062 E4.51571
G1 X105.897 Y115.178 E4.55044
G1 X104.548 Y115.207 E4.60342
G1 X103.672 Y115.13 E4.63795
G1 X102.411 Y114.882 E4.68841
G1 X101.504 Y114.601 E4.72569
G1 X100.682 Y114.26 E4.76063
G1 X99.891 Y113.848 E4.79565
G1 X99.144 Y113.373 E4.83041
G1 X98.14 Y112.57 E4.88089
G1 X97.466 Y111.902 E4.91815
G1 X97.21 Y111.597 E4.93379
G1 X96.865 Y111.819 F7800
;TYPE:External perimeter
G1 F884.349
G1 X96.571 Y111.468 E4.95177
G1 X96.039 Y110.709 E4.98816
G1 X95.577 Y109.908 E5.02447
G1 X95.015 Y108.632 E5.07922
G1 X94.738 Y107.752 E5.11544
G1 X94.476 Y106.449 E5.16763
G1 X94.385 Y105.463 E5.20651
G1 X94.385 Y104.537 E5.24287
G1 X94.466 Y103.615 E5.27921
G1 X94.723 Y102.311 E5.3314
G1 X95.016 Y101.366 E5.37025
G1 X95.371 Y100.51 E5.40664
G1 X95.799 Y99.688 E5.44303
G1 X96.297 Y98.906 E5.47943
G1 X96.861 Y98.17 E5.51584
G1 X97.444 Y97.532 E5.54977
G1 X97.821 Y97.168 E5.57035
G1 X98.532 Y96.571 E5.6068
G1 X99.29 Y96.04 E5.64314
G1 X100.512 Y95.37 E5.69786
G1 X101.366 Y95.016 E5.73416
G1 X102.25 Y94.737 E5.77056
G1 X103.155 Y94.537 E5.80695
G1 X104.072 Y94.416 E5.84327
G1 X105.401 Y94.384 E5.89547
G1 X106.387 Y94.466 E5.93432
G1 X107.3 Y94.627 E5.97072
G1 X108.193 Y94.866 E6.00702
G1 X109.491 Y95.371 E6.06171
G1 X110.655 Y96.007 E6.11379
G1 X111.468 Y96.571 E6.15264
G1 X112.178 Y97.167 E6.18904
G1 X112.833 Y97.822 E6.22541
G1 X113.429 Y98.532 E6.26181
G1 X113.961 Y99.291 E6.2982
G1 X114.423 Y100.092 E6.33451
G1 X114.985 Y101.368 E6.38926
G1 X115.262 Y102.248 E6.42548
G1 X115.539 Y103.715 E6.4841
G1 X115.615 Y104.678 E6.52203
G1 X115.615 Y105.463 E6.55285
G1 X115.534 Y106.385 E6.58919
G1 X115.277 Y107.689 E6.64138
G1 X114.984 Y108.634 E6.68023
G1 X114.629 Y109.49 E6.71662
G1 X114.201 Y110.312 E6.75301
G1 X113.703 Y111.094 E6.78941
G1 X113.139 Y111.83 E6.82582
G1 X112.556 Y112.468 E6.85975
G1 X112.179 Y112.832 E6.88033
G1 X111.468 Y113.429 E6.91678
G1 X110.709 Y113.961 E6.95317
G1 X109.908 Y114.423 E6.98948
G1 X108.632 Y114.985 E7.04423
G1 X107.75 Y115.263 E7.08054
G1 X106.845 Y115.463 E7.11693
M73 Q66 S12
G1 X105.928 Y115.584 E7.15325
G1 X104.534 Y115.614 E7.208
M73 P66 R12
G1 X103.615 Y115.534 E7.24422
G1 X102.311 Y115.277 E7.29641
G1 X101.366 Y114.984 E7.33526
G1 X100.51 Y114.629 E7.37165
G1 X99.688 Y114.201 E7.40804
G1 X98.907 Y113.704 E7.44439
G1 X97.869 Y112.875 E7.49655
G1 X97.166 Y112.178 E7.53542
G1 X96.904 Y111.865 E7.55145
G1 X96.647 Y111.559 F7800
G1 X97.556 Y110.084
;TYPE:Internal infill
;WIDTH:0.45
;HEIGHT:0.4
G1 F494.289
G1 X97.198 Y109.522 E7.59826
G1 X96.663 Y108.437 E7.68324
G1 X96.469 Y107.904 E7.72309
G1 X96.699 Y107.621 E7.74871
G1 X97.461 Y106.965 E7.81934
G1 X97.84 Y106.31 E7.8725
G1 X97.932 Y105.655 E7.91897
G1 X97.843 Y105.328 E7.94278
G1 X97.577 Y105 E7.97245
G1 X96.815 Y104.345 E8.04304
G1 X96.436 Y103.69 E8.0962
G1 X96.344 Y103.035 E8.14267
G1 X96.433 Y102.707 E8.16655
G1 X96.699 Y102.379 E8.19622
G1 X97.461 Y101.724 E8.26681
G1 X97.84 Y101.069 E8.31997
G1 X97.932 Y100.414 E8.36644
G1 X97.843 Y100.086 E8.39032
G1 X97.634 Y99.829 E8.41359
G1 X97 Y100.836 E8.49718
G1 X96.509 Y101.986 E8.58502
G92 E0
G1 X95.545 Y105.41 F7800
;TYPE:Solid infill
;WIDTH:0.52966
;HEIGHT:0.2
G1 F739.615
G1 X95.578 Y104.157 E.05885
;WIDTH:0.520346
G1 F754.044
G1 X95.69 Y103.349 E.09641
;WIDTH:0.531818
G1 F736.35
G1 X95.849 Y102.596 E.1327
;WIDTH:0.537038
G1 F728.571
G1 X96.111 Y101.762 E.17436
;WIDTH:0.537188
G1 X96.426 Y101.002 E.21358
G1 X96.807 Y100.27 E.25292
;WIDTH:0.5475
G1 F713.465
G1 X97.255 Y99.577 E.29308
G1 X97.762 Y98.902 E.33417
;WIDTH:0.528662
G1 F741.134
G1 X98.319 Y98.299 E.37263
;WIDTH:0.542944
G1 F719.965
G1 X99.245 Y97.495 E.43178
G1 X99.749 Y97.131 E.46176
;WIDTH:0.52415
G1 F748.083
G1 X100.267 Y96.815 E.48992
;WIDTH:0.546332
G1 F715.12
G1 X101.018 Y96.424 E.53103
;WIDTH:0.54765
G1 F713.253
G1 X101.766 Y96.115 E.57043
G1 X102.569 Y95.853 E.61155
;WIDTH:0.52853
G1 F741.336
G1 X103.363 Y95.678 E.64963
;WIDTH:0.52835
G1 X104.178 Y95.572 E.68811
;WIDTH:0.527398
G1 F743.068
G1 X105.412 Y95.547 E.74579
;WIDTH:0.547392
G1 F713.617
G1 X106.237 Y95.626 E.78612
G1 X107.067 Y95.764 E.82706
;WIDTH:0.52853
G1 F741.336
G1 X107.852 Y95.976 E.86515
;WIDTH:0.5266
G1 F744.294
G1 X108.624 Y96.267 E.90364
;WIDTH:0.509944
G1 F770.838
G1 X109.372 Y96.616 E.94082
;WIDTH:0.524614
G1 F747.362
G1 X110.09 Y97.023 E.97917
;WIDTH:0.52835
G1 F741.611
G1 X110.767 Y97.495 E1.01781
;WIDTH:0.529654
G1 F739.624
G1 X111.394 Y98.022 E1.05626
;WIDTH:0.547332
G1 F713.702
G1 X111.971 Y98.612 E1.09641
G1 X112.506 Y99.241 E1.13659
;WIDTH:0.547498
G1 X112.975 Y99.92 E1.17675
G1 X113.403 Y100.647 E1.21781
;WIDTH:0.526524
G1 F744.411
G1 X113.738 Y101.388 E1.25574
;WIDTH:0.519628
G1 F755.179
G1 X114.025 Y102.161 E1.29365
G1 X114.233 Y102.96 E1.33161
;WIDTH:0.524188
G1 F748.024
G1 X114.383 Y103.775 E1.37008
G1 X114.439 Y104.374 E1.39801
;WIDTH:0.52218
G1 F751.158
G1 X114.46 Y105.003 E1.4271
;WIDTH:0.519634
G1 F755.17
G1 X114.424 Y105.831 E1.46521
G1 X114.311 Y106.648 E1.50313
;WIDTH:0.524194
G1 F748.015
G1 X114.138 Y107.459 E1.54162
;WIDTH:0.533954
G1 F733.147
G1 X113.89 Y108.239 E1.58039
;WIDTH:0.537164
G1 F728.385
G1 X113.574 Y108.998 E1.61958
;WIDTH:0.543032
G1 F719.839
G1 X113.191 Y109.729 E1.65939
G1 X112.751 Y110.427 E1.69919
;WIDTH:0.547528
G1 F713.425
G1 X112.243 Y111.079 E1.73942
G1 X111.677 Y111.704 E1.78046
;WIDTH:0.537056
G1 F728.544
G1 X110.757 Y112.507 E1.83866
;WIDTH:0.537186
G1 X110.083 Y112.979 E1.87789
;WIDTH:0.546534
G1 F714.833
G1 X109.379 Y113.38 E1.91725
G1 X108.222 Y113.895 E1.97877
;WIDTH:0.537188
G1 F728.35
G1 X107.449 Y114.138 E2.0174
;WIDTH:0.543036
G1 F719.833
G1 X106.642 Y114.314 E2.05724
G1 X106.024 Y114.405 E2.08737
;WIDTH:0.524146
G1 F748.089
G1 X105.419 Y114.446 E2.11552
;WIDTH:0.520348
G1 F754.04
G1 X104.157 Y114.422 E2.17365
G1 X103.352 Y114.311 E2.21107
;WIDTH:0.52585
G1 F745.45
G1 X102.553 Y114.141 E2.24912
;WIDTH:0.547142
G1 F713.971
G1 X101.763 Y113.884 E2.28952
G1 X101.002 Y113.574 E2.32948
;WIDTH:0.537286
G1 F728.205
G1 X100.27 Y113.193 E2.36883
;WIDTH:0.546634
G1 F714.691
G1 X99.588 Y112.753 E2.40826
G1 X98.643 Y112.005 E2.46682
;WIDTH:0.537056
G1 F728.544
G1 X98.023 Y111.389 E2.50848
;WIDTH:0.537194
G1 X97.494 Y110.759 E2.5477
G1 X97.021 Y110.083 E2.58703
;WIDTH:0.546536
G1 F714.83
G1 X96.62 Y109.379 E2.62639
G1 X96.258 Y108.601 E2.66807
;WIDTH:0.519636
G1 F755.167
G1 X95.975 Y107.839 E2.70545
G1 X95.768 Y107.045 E2.74318
;WIDTH:0.521022
G1 F752.977
G1 X95.597 Y106.024 E2.79092
;WIDTH:0.526807
G1 F743.975
G1 X95.562 Y105.613 E2.81017
G92 E0
G1 X100.676 Y108.54 F7800
;TYPE:Internal infill
;WIDTH:0.45
;HEIGHT:0.4
G1 F494.289
G1 X101.427 Y109.305 E.07531
G1 X102.818 Y110.241 E.19309
G1 X103.084 Y110.569 E.22276
G1 X103.173 Y110.896 E.24657
G1 X103.081 Y111.552 E.2931
G1 X102.702 Y112.207 E.34626
G1 X101.941 Y112.862 E.4168
G1 X101.675 Y113.19 E.44647
G1 X101.629 Y113.358 E.45871
G1 X100.325 Y112.705 E.56116
G1 X100.464 Y112.534 E.57664
G1 X100.552 Y112.207 E.60043
G1 X100.461 Y111.552 E.64689
G1 X100.082 Y110.896 E.70011
G1 X99.32 Y110.241 E.7707
G1 X99.054 Y109.914 E.80031
G1 X98.965 Y109.586 E.82419
G1 X99.057 Y108.931 E.87066
G1 X99.436 Y108.276 E.92382
G1 X100.11 Y107.695 E.98633
G1 X99.664 Y106.681 E1.06415
G1 X99.527 Y106.157 E1.1022
G1 X99.415 Y105.082 E1.17813
G1 X99.054 Y104.672 E1.21651
G1 X98.965 Y104.345 E1.24032
G1 X99.057 Y103.69 E1.28679
G1 X99.436 Y103.035 E1.33995
G1 X99.987 Y102.56 E1.39106
G1 X100.541 Y101.643 E1.46632
G1 X100.461 Y101.069 E1.50703
G1 X100.082 Y100.414 E1.56019
G1 X99.32 Y99.759 E1.63078
G1 X99.054 Y99.431 E1.66045
G1 X98.965 Y99.104 E1.68426
G1 X99.057 Y98.448 E1.73079
G1 X99.308 Y98.014 E1.76601
G1 X100.474 Y97.2 E1.86591
G1 X101.55 Y96.669 E1.9502
G1 X102.837 Y96.251 E2.04526
G1 X102.702 Y96.483 E2.06412
G1 X101.941 Y97.138 E2.13466
G1 X101.675 Y97.466 E2.16433
G1 X101.586 Y97.793 E2.18814
G1 X101.677 Y98.448 E2.2346
G1 X102.056 Y99.104 E2.28782
G1 X102.883 Y99.839 E2.36555
G1 X103.396 Y99.642 E2.40415
G1 X104.311 Y99.45 E2.46983
G1 X104.206 Y99.104 E2.49523
G1 X104.298 Y98.448 E2.54176
G1 X104.677 Y97.793 E2.59492
G1 X105.439 Y97.138 E2.66551
G1 X105.705 Y96.81 E2.69518
G1 X105.794 Y96.483 E2.71899
G1 X105.728 Y96.012 E2.7524
G1 X106.967 Y96.199 E2.84042
G1 X107.944 Y96.483 E2.91189
G1 X107.182 Y97.138 E2.98248
G1 X106.916 Y97.466 E3.01215
G1 X106.827 Y97.793 E3.03596
G1 X106.919 Y98.448 E3.08243
G1 X107.298 Y99.104 E3.13565
G1 X108.059 Y99.759 E3.20619
G1 X108.325 Y100.086 E3.2358
G1 X108.414 Y100.414 E3.25968
G1 X108.393 Y100.569 E3.27067
G1 X107.604 Y100.048 E3.33709
G1 X106.734 Y99.682 E3.4034
G1 X106.199 Y99.548 E3.44214
G92 E0
G1 X111.94 Y99.243 F7800
G1 F494.289
G1 X111.081 Y98.341 E.0875
G1 X110.142 Y97.601 E.17149
G1 X109.918 Y97.793 E.19222
G1 X109.539 Y98.448 E.24538
G1 X109.448 Y99.104 E.2919
G1 X109.536 Y99.431 E.31569
G1 X109.803 Y99.759 E.3454
G1 X110.564 Y100.414 E.41594
G1 X110.943 Y101.069 E.4691
G1 X111.035 Y101.724 E.51557
G1 X110.946 Y102.052 E.53945
G1 X110.68 Y102.379 E.56906
G1 X110.143 Y102.842 E.61887
G1 X110.336 Y103.317 E.65489
G1 X110.493 Y103.95 E.70071
G1 X110.595 Y105 E.77482
G1 X110.54 Y105.634 E.81953
G1 X110.943 Y106.31 E.87482
G1 X111.035 Y106.965 E.92129
G1 X110.946 Y107.293 E.94517
G1 X110.68 Y107.621 E.97484
G1 X109.918 Y108.276 E1.04543
G1 X109.539 Y108.931 E1.09859
G1 X109.448 Y109.586 E1.14505
G1 X109.536 Y109.914 E1.16891
G1 X109.803 Y110.241 E1.19857
G1 X110.564 Y110.896 E1.26911
G1 X110.943 Y111.552 E1.32233
G1 X110.971 Y111.749 E1.33631
G1 X111.366 Y111.388 E1.3739
G1 X112.167 Y110.474 E1.45928
G1 X112.677 Y109.705 E1.5241
G1 X112.539 Y109.586 E1.5369
G1 X112.16 Y108.931 E1.59006
G1 X112.068 Y108.276 E1.63653
G1 X112.157 Y107.948 E1.66041
G1 X112.423 Y107.621 E1.69002
G1 X113.185 Y106.965 E1.76065
G1 X113.564 Y106.31 E1.81381
G1 X113.656 Y105.655 E1.86028
G1 X113.567 Y105.328 E1.88409
G1 X113.301 Y105 E1.91376
G1 X112.539 Y104.345 E1.98435
G1 X112.16 Y103.69 E2.03751
G1 X112.068 Y103.035 E2.08398
G1 X112.157 Y102.707 E2.10786
G1 X112.423 Y102.379 E2.13753
G1 X113.185 Y101.724 E2.20812
G1 X113.312 Y101.505 E2.2259
G1 X113.601 Y102.288 E2.28453
G1 X113.945 Y103.857 E2.39737
G92 E0
G1 X109.493 Y108.319 F7800
G1 F494.289
G1 X108.868 Y109.036 E.06682
G1 X108.052 Y109.688 E.14019
G1 X107.659 Y109.897 E.17146
G1 X108.059 Y110.241 E.20852
G1 X108.325 Y110.569 E.23819
G1 X108.414 Y110.896 E.262
G1 X108.323 Y111.552 E.30852
G1 X107.944 Y112.207 E.36168
G1 X107.182 Y112.862 E.43227
G1 X106.916 Y113.19 E.46194
G1 X106.827 Y113.517 E.48575
G1 X106.869 Y113.818 E.5071
G1 X105.413 Y114.009 E.61026
G1 X104.405 Y113.987 E.68109
G1 X104.677 Y113.517 E.71924
G1 X105.439 Y112.862 E.78983
G1 X105.705 Y112.534 E.8195
G1 X105.794 Y112.207 E.84331
G1 X105.702 Y111.552 E.88978
G1 X105.323 Y110.896 E.943
G1 X104.97 Y110.593 E.97568
G1 X106.026 Y110.499 E1.05016
G1 X107.332 Y110.07 E1.14673
;LAYER_CHANGE
;Z:8.75
;HEIGHT:0.2
G92 E0
G1 Z8.75 F7800
G1 X99.738 Y104.792
;TYPE:Perimeter
;WIDTH:0.449999
G1 F884.349
G1 X99.773 Y104.243 E.0216
G1 X99.885 Y103.738 E.04191
G1 X100.077 Y103.08 E.06882
G1 X100.463 Y102.326 E.10208
G1 X100.721 Y101.896 E.12177
G1 X101.2 Y101.325 E.15103
G1 X101.886 Y100.73 E.18669
G1 X102.499 Y100.341 E.2152
G1 X103.266 Y100.011 E.24799
G1 X104.176 Y99.782 E.28483
G1 X105.315 Y99.728 E.3296
G1 X106.244 Y99.865 E.36647
G1 X106.797 Y100.034 E.38917
G1 X107.124 Y100.161 E.40294
G1 X107.94 Y100.609 E.43949
G1 X108.665 Y101.192 E.47602
G1 X109.12 Y101.687 E.50242
G1 X109.72 Y102.618 E.54591
G1 X110.009 Y103.314 E.5755
G1 X110.195 Y104.016 E.60401
G1 X110.281 Y104.864 E.63748
G1 X110.227 Y105.757 E.67261
G1 X110.115 Y106.262 E.69292
G1 X109.923 Y106.919 E.7198
G1 X109.543 Y107.692 E.75362
G1 X109.185 Y108.195 E.77786
G1 X108.81 Y108.663 E.80141
G1 X108.272 Y109.154 E.83001
G1 X107.382 Y109.72 E.87142
G1 X106.686 Y110.009 E.90101
G1 X105.893 Y110.189 E.93294
G1 X105.375 Y110.273 E.95354
G1 X104.628 Y110.273 E.98287
G1 X104.119 Y110.208 E1.00302
G1 X103.824 Y110.153 E1.0148
G1 X103.063 Y109.918 E1.04607
G1 X102.326 Y109.537 E1.07865
G1 X101.896 Y109.279 E1.09834
G1 X101.325 Y108.8 E1.1276
G1 X100.752 Y108.141 E1.16189
G1 X100.161 Y107.124 E1.20808
G1 X99.881 Y106.301 E1.24221
G1 X99.791 Y105.791 E1.26254
G1 X99.717 Y105.111 E1.2894
G1 X99.734 Y104.852 E1.29959
G1 X100.133 Y104.801 F7800
G1 F884.349
G1 X100.185 Y104.205 E1.32308
G1 X100.368 Y103.536 E1.35031
M73 Q67 S12
G1 X100.524 Y103.06 E1.36998
G1 X100.966 Y102.256 E1.406
G1 X101.445 Y101.667 E1.43581
M73 P67 R12
G1 X102.148 Y101.042 E1.47274
G1 X102.711 Y100.689 E1.49883
G1 X103.422 Y100.387 E1.52916
G1 X104.264 Y100.179 E1.56321
G1 X105.324 Y100.135 E1.60487
G1 X106.173 Y100.266 E1.6386
G1 X106.928 Y100.518 E1.66985
G1 X107.744 Y100.966 E1.7064
G1 X108.403 Y101.504 E1.7398
G1 X108.815 Y101.957 E1.76384
G1 X109.353 Y102.794 E1.80291
G1 X109.638 Y103.482 E1.83215
G1 X109.8 Y104.113 E1.85773
G1 X109.876 Y104.899 E1.88874
G1 X109.821 Y105.722 E1.92113
G1 X109.632 Y106.464 E1.95119
G1 X109.45 Y106.99 E1.97304
G1 X109.144 Y107.577 E1.99903
G1 X108.496 Y108.403 E2.04025
G1 X108.003 Y108.848 E2.06633
G1 X107.3 Y109.304 E2.09923
G1 X106.53 Y109.633 E2.13211
G1 X105.814 Y109.79 E2.16089
G1 X105.372 Y109.866 E2.1785
G1 X104.628 Y109.866 E2.20771
G1 X104.034 Y109.784 E2.23125
G1 X103.186 Y109.53 E2.26601
G1 X102.158 Y108.967 E2.31203
G1 X101.587 Y108.488 E2.34129
G1 X101.064 Y107.879 E2.37281
G1 X100.518 Y106.928 E2.41587
G1 X100.27 Y106.178 E2.44689
G1 X100.16 Y105.42 E2.47696
G1 X100.127 Y104.865 E2.49879
G1 X100.128 Y104.861 E2.49895
G1 X100.541 Y104.81 F7800
;TYPE:External perimeter
G1 F884.349
G1 X100.591 Y104.24 E2.52142
G1 X100.881 Y103.256 E2.5617
G1 X101.323 Y102.452 E2.59772
G1 X101.756 Y101.929 E2.62438
G1 X102.409 Y101.353 E2.65857
G1 X102.922 Y101.037 E2.68223
G1 X103.577 Y100.763 E2.71011
G1 X104.352 Y100.577 E2.7414
G1 X105.333 Y100.542 E2.77994
G1 X106.102 Y100.667 E2.81053
G1 X106.7 Y100.861 E2.83521
G1 X107.581 Y101.345 E2.87468
G1 X108.151 Y101.824 E2.90391
G1 X108.51 Y102.226 E2.92507
G1 X108.96 Y102.917 E2.95745
G1 X109.257 Y103.626 E2.98763
G1 X109.404 Y104.21 E3.01128
G1 X109.47 Y104.935 E3.03986
G1 X109.416 Y105.686 E3.06942
G1 X109.241 Y106.351 E3.09642
G1 X109.089 Y106.802 E3.11511
G1 X108.783 Y107.389 E3.1411
G1 X108.179 Y108.148 E3.17919
G1 X107.735 Y108.542 E3.2025
G1 X107.082 Y108.961 E3.23296
G1 X106.374 Y109.257 E3.26309
G1 X105.372 Y109.459 E3.30322
G1 X104.628 Y109.459 E3.33243
G1 X104.094 Y109.381 E3.35362
G1 X103.305 Y109.141 E3.386
G1 X102.419 Y108.655 E3.42568
G1 X101.849 Y108.176 E3.45491
G1 X101.376 Y107.617 E3.48366
G1 X100.875 Y106.732 E3.52359
G1 X100.658 Y106.056 E3.55147
G1 X100.565 Y105.375 E3.57846
G1 X100.533 Y104.9 E3.59715
G1 X100.536 Y104.87 E3.59833
G1 X100.57 Y104.471 F7800
G92 E0
G1 X97.631 Y111.154
;TYPE:Perimeter
G1 F884.349
G1 X97.376 Y110.85 E.01558
G1 X96.895 Y110.163 E.04851
G1 X96.481 Y109.447 E.08098
G1 X95.966 Y108.276 E.13121
G1 X95.72 Y107.495 E.16336
G1 X95.491 Y106.375 E.20825
G1 X95.428 Y105.854 E.22886
G1 X95.4 Y104.57 E.27929
G1 X95.472 Y103.754 E.31145
G1 X95.689 Y102.631 E.35636
G1 X95.83 Y102.126 E.37695
G1 X96.296 Y100.929 E.42739
G1 X96.678 Y100.195 E.45988
G1 X97.124 Y99.495 E.49247
G1 X97.835 Y98.599 E.53738
G1 X98.193 Y98.217 E.55794
G1 X99.159 Y97.37 E.60838
G1 X99.837 Y96.895 E.64088
G1 X100.565 Y96.475 E.67388
G1 X101.2 Y96.175 E.70146
G1 X101.708 Y95.971 E.72295
G1 X102.513 Y95.718 E.75608
G1 X103.331 Y95.536 E.78898
G1 X104.154 Y95.428 E.82157
G1 X105.297 Y95.397 E.86647
G1 X105.821 Y95.425 E.88707
G1 X107.083 Y95.62 E.93721
G1 X108.171 Y95.931 E.98164
G1 X108.662 Y96.115 E1.00223
G1 X109.814 Y96.684 E1.05268
G1 X110.503 Y97.122 E1.08474
G1 X111.5 Y97.923 E1.13496
G1 X112.085 Y98.508 E1.16744
G1 X112.624 Y99.15 E1.20035
G1 X113.105 Y99.837 E1.23328
G1 X113.519 Y100.553 E1.26575
G1 X113.986 Y101.616 E1.31134
G1 X114.303 Y102.602 E1.35201
G1 X114.448 Y103.263 E1.37858
G1 X114.534 Y103.822 E1.40079
G1 X114.601 Y104.675 E1.43439
G1 X114.601 Y105.419 E1.4636
G1 X114.528 Y106.246 E1.4962
G1 X114.311 Y107.369 E1.54111
G1 X114.17 Y107.874 E1.5617
G1 X113.704 Y109.071 E1.61214
G1 X113.327 Y109.795 E1.64419
G1 X112.617 Y110.859 E1.69441
G1 X112.085 Y111.492 E1.72688
G1 X111.492 Y112.085 E1.75981
G1 X110.85 Y112.624 E1.79272
G1 X110.163 Y113.105 E1.82565
G1 X109.447 Y113.519 E1.85812
G1 X108.276 Y114.034 E1.90835
G1 X107.487 Y114.282 E1.94082
G1 X106.677 Y114.462 E1.9734
G1 X105.541 Y114.593 E2.0183
G1 X105.006 Y114.61 E2.03932
G1 X104.16 Y114.573 E2.07257
G1 X103.463 Y114.484 E2.10016
G1 X102.936 Y114.386 E2.12121
G1 X101.703 Y114.026 E2.17164
G1 X100.939 Y113.709 E2.20412
G1 X100.195 Y113.322 E2.23705
G1 X99.497 Y112.878 E2.26953
G1 X98.5 Y112.077 E2.31975
G1 X97.915 Y111.492 E2.35223
G1 X97.669 Y111.2 E2.36722
G1 X97.325 Y111.422 F7800
G1 F884.349
G1 X97.053 Y111.098 E2.38383
G1 X96.551 Y110.382 E2.41816
G1 X96.118 Y109.631 E2.4522
G1 X95.585 Y108.42 E2.50415
G1 X95.325 Y107.597 E2.53804
G1 X95.089 Y106.44 E2.5844
G1 X95.022 Y105.883 E2.60643
G1 X94.993 Y104.556 E2.65855
G1 X95.068 Y103.697 E2.69241
G1 X95.292 Y102.538 E2.73876
G1 X95.443 Y101.997 E2.76081
G1 X95.924 Y100.761 E2.81289
G1 X96.325 Y99.991 E2.84698
G1 X96.792 Y99.258 E2.88111
G1 X97.526 Y98.333 E2.92748
G1 X97.91 Y97.924 E2.94951
G1 X98.907 Y97.049 E3.00159
G1 X99.618 Y96.551 E3.03567
G1 X100.376 Y96.114 E3.07002
G1 X101.037 Y95.802 E3.09872
G1 X101.571 Y95.588 E3.12131
G1 X102.407 Y95.324 E3.15573
G1 X103.261 Y95.135 E3.19007
G1 X104.122 Y95.021 E3.22417
G1 X105.303 Y94.989 E3.27056
G1 X105.863 Y95.02 E3.29258
G1 X107.17 Y95.221 E3.3445
G1 X108.299 Y95.544 E3.39061
G1 X108.824 Y95.741 E3.41263
G1 X110.014 Y96.328 E3.46473
G1 X110.74 Y96.791 E3.49854
G1 X111.772 Y97.619 E3.55049
G1 X112.386 Y98.232 E3.58456
G1 X112.947 Y98.902 E3.61887
G1 X113.449 Y99.618 E3.6532
G1 X113.882 Y100.369 E3.68724
G1 X114.359 Y101.452 E3.73371
G1 X114.7 Y102.513 E3.77747
G1 X114.85 Y103.197 E3.80497
G1 X114.94 Y103.787 E3.8284
G1 X115.008 Y104.675 E3.86337
G1 X115.008 Y105.437 E3.89329
G1 X114.932 Y106.303 E3.92742
G1 X114.708 Y107.462 E3.97377
G1 X114.557 Y108.003 E3.99582
G1 X114.076 Y109.239 E4.0479
G1 X113.678 Y110.003 E4.08172
G1 X112.943 Y111.103 E4.13367
G1 X112.386 Y111.768 E4.16773
G1 X111.768 Y112.386 E4.20205
G1 X111.098 Y112.947 E4.23636
G1 X110.382 Y113.449 E4.27069
G1 X109.631 Y113.882 E4.30473
G1 X108.42 Y114.415 E4.35668
G1 X107.593 Y114.676 E4.39073
G1 X106.744 Y114.864 E4.42487
G1 X105.571 Y114.999 E4.47123
G1 X105.003 Y115.017 E4.49354
G1 X104.126 Y114.979 E4.52801
G1 X103.4 Y114.887 E4.55674
G1 X102.842 Y114.782 E4.57903
G1 X101.568 Y114.411 E4.63113
G1 X100.766 Y114.079 E4.66521
G1 X99.991 Y113.675 E4.69953
G1 X99.26 Y113.209 E4.73357
G1 X98.228 Y112.381 E4.78552
G1 X97.614 Y111.768 E4.81959
G1 X97.363 Y111.468 E4.83495
G1 X97.018 Y111.691 F7800
;TYPE:External perimeter
G1 F884.349
G1 X96.729 Y111.346 E4.85262
G1 X96.208 Y110.601 E4.88832
G1 X95.754 Y109.815 E4.92396
G1 X95.203 Y108.563 E4.97767
G1 X94.931 Y107.7 E5.0132
G1 X94.687 Y106.505 E5.06109
G1 X94.615 Y105.912 E5.08454
G1 X94.585 Y104.543 E5.13831
G1 X94.664 Y103.641 E5.17386
G1 X94.896 Y102.444 E5.22173
G1 X95.057 Y101.868 E5.24521
G1 X95.553 Y100.592 E5.29896
G1 X95.972 Y99.788 E5.33456
G1 X96.46 Y99.022 E5.37022
G1 X97.218 Y98.067 E5.41809
G1 X97.626 Y97.631 E5.44154
G1 X98.656 Y96.728 E5.49532
G1 X99.399 Y96.208 E5.53093
G1 X100.187 Y95.753 E5.56666
G1 X100.875 Y95.429 E5.59652
G1 X101.433 Y95.204 E5.62014
G1 X102.302 Y94.93 E5.65592
G1 X103.19 Y94.734 E5.69163
G1 X104.09 Y94.615 E5.72728
G1 X105.309 Y94.582 E5.77516
G1 X105.905 Y94.615 E5.7986
G1 X107.257 Y94.823 E5.85231
G1 X108.427 Y95.157 E5.90008
G1 X108.986 Y95.368 E5.92354
G1 X110.214 Y95.973 E5.97729
G1 X110.978 Y96.459 E6.01284
G1 X112.044 Y97.316 E6.06655
G1 X112.686 Y97.957 E6.10217
G1 X113.271 Y98.654 E6.1379
G1 X113.792 Y99.399 E6.1736
G1 X114.246 Y100.185 E6.20924
G1 X114.731 Y101.288 E6.25655
G1 X114.933 Y101.868 E6.28067
G1 X115.097 Y102.423 E6.30339
G1 X115.252 Y103.131 E6.33185
G1 X115.345 Y103.751 E6.35647
G1 X115.415 Y104.675 E6.39285
G1 X115.415 Y105.455 E6.42348
G1 X115.336 Y106.359 E6.45911
G1 X115.104 Y107.556 E6.50698
G1 X114.943 Y108.132 E6.53046
G1 X114.447 Y109.408 E6.58421
G1 X114.029 Y110.211 E6.61976
G1 X113.269 Y111.348 E6.67346
G1 X112.686 Y112.043 E6.70908
G1 X112.043 Y112.686 E6.74478
G1 X111.346 Y113.271 E6.78051
G1 X110.601 Y113.792 E6.81621
G1 X109.815 Y114.246 E6.85185
G1 X108.563 Y114.797 E6.90556
G1 X107.698 Y115.07 E6.94118
G1 X106.812 Y115.266 E6.97681
G1 X105.601 Y115.405 E7.02467
G1 X105.001 Y115.425 E7.04824
G1 X104.091 Y115.385 E7.08401
G1 X103.337 Y115.289 E7.11385
G1 X102.747 Y115.178 E7.13742
G1 X101.432 Y114.795 E7.1912
G1 X100.594 Y114.448 E7.22681
G1 X99.788 Y114.028 E7.2625
G1 X99.022 Y113.541 E7.29814
G1 X97.956 Y112.684 E7.35185
G1 X97.314 Y112.043 E7.38747
G1 X97.057 Y111.737 E7.40316
G1 X96.8 Y111.43 F7800
G92 E0
G1 X105.194 Y95.745
;TYPE:Solid infill
;WIDTH:0.52802
G1 F742.115
G1 X105.804 Y95.771 E.02857
G1 X107.011 Y95.957 E.08571
;WIDTH:0.534502
G1 F732.329
G1 X108.062 Y96.261 E.13759
G1 X108.551 Y96.444 E.16235
;WIDTH:0.54678
G1 F714.484
G1 X109.641 Y96.992 E.22164
G1 X110.329 Y97.423 E.2611
;WIDTH:0.536342
G1 F729.599
G1 X111.267 Y98.183 E.31856
;WIDTH:0.536996
G1 F728.633
G1 X111.828 Y98.744 E.35637
;WIDTH:0.540518
G1 F723.476
G1 X112.346 Y99.364 E.39515
G1 X112.811 Y100.024 E.4339
;WIDTH:0.546136
G1 F715.399
G1 X113.203 Y100.713 E.47238
G1 X113.707 Y101.847 E.53261
;WIDTH:0.537126
G1 F728.441
G1 X113.946 Y102.606 E.57054
G1 X114.096 Y103.267 E.60285
G1 X114.198 Y103.911 E.63393
;WIDTH:0.528306
G1 F741.678
G1 X114.256 Y104.601 E.66635
G1 X114.256 Y105.411 E.70427
G1 X114.184 Y106.216 E.74211
;WIDTH:0.534492
G1 F732.344
G1 X113.973 Y107.289 E.79396
G1 X113.833 Y107.792 E.81872
;WIDTH:0.526594
G1 F744.303
G1 X113.548 Y108.548 E.85641
;WIDTH:0.519822
G1 F754.872
G1 X113.211 Y109.282 E.89356
G1 X112.802 Y109.978 E.93069
;WIDTH:0.528348
G1 F741.614
G1 X112.341 Y110.652 E.96892
;WIDTH:0.529658
G1 F739.618
G1 X111.83 Y111.259 E1.00617
;WIDTH:0.546958
G1 F714.232
G1 X111.253 Y111.824 E1.04543
G1 X110.636 Y112.346 E1.08472
;WIDTH:0.540626
G1 F723.319
G1 X109.976 Y112.811 E1.12348
;WIDTH:0.546132
G1 F715.404
G1 X109.287 Y113.203 E1.16196
G1 X108.153 Y113.707 E1.22219
;WIDTH:0.536998
G1 F728.63
G1 X107.397 Y113.945 E1.25996
;WIDTH:0.539952
G1 F724.299
G1 X106.619 Y114.116 E1.29815
G1 X106.089 Y114.191 E1.32381
;WIDTH:0.529858
G1 F739.314
G1 X105.515 Y114.248 E1.3509
;WIDTH:0.54728
G1 F713.776
G1 X105.007 Y114.256 E1.37562
G1 X104.177 Y114.227 E1.41602
;WIDTH:0.529382
G1 F740.037
G1 X103.273 Y114.099 E1.45886
;WIDTH:0.526004
G1 F745.212
G1 X102.609 Y113.941 E1.49066
;WIDTH:0.520534
G1 F753.747
G1 X101.439 Y113.548 E1.54752
G1 X100.718 Y113.211 E1.58418
;WIDTH:0.51982
G1 F754.875
G1 X100.019 Y112.807 E1.62132
G1 X99.361 Y112.339 E1.65846
;WIDTH:0.529974
G1 F739.138
G1 X98.731 Y111.82 E1.69681
;WIDTH:0.546952
G1 F714.24
G1 X98.176 Y111.253 E1.73538
G1 X97.653 Y110.638 E1.77463
;WIDTH:0.537096
G1 F728.485
G1 X97.19 Y109.976 E1.81314
;WIDTH:0.546154
G1 F715.373
G1 X96.797 Y109.287 E1.85164
G1 X96.442 Y108.525 E1.89244
;WIDTH:0.519824
G1 F754.869
G1 X96.166 Y107.778 E1.92907
G1 X95.964 Y107.006 E1.96578
;WIDTH:0.546878
G1 F714.345
G1 X95.84 Y106.318 E1.99976
G1 X95.77 Y105.788 E2.02575
;WIDTH:0.547528
G1 F713.425
G1 X95.755 Y104.581 E2.0845
G1 X95.833 Y103.685 E2.12827
;WIDTH:0.534602
G1 F732.181
G1 X96.027 Y102.711 E2.17537
G1 X96.172 Y102.194 E2.20083
;WIDTH:0.533824
G1 F733.341
G1 X96.627 Y101.035 E2.25979
G1 X96.979 Y100.363 E2.29571
;WIDTH:0.528324
G1 F741.65
G1 X97.415 Y99.681 E2.33361
;WIDTH:0.534498
G1 F732.335
G1 X98.098 Y98.827 E2.38546
G1 X98.454 Y98.445 E2.41022
;WIDTH:0.536344
G1 F729.596
G1 X99.374 Y97.644 E2.46828
;WIDTH:0.537
G1 F728.627
G1 X100.024 Y97.19 E2.50606
;WIDTH:0.547312
G1 F713.731
G1 X100.729 Y96.789 E2.54552
G1 X101.456 Y96.442 E2.58471
;WIDTH:0.525666
G1 F745.734
G1 X101.933 Y96.26 E2.60848
;WIDTH:0.528328
G1 F741.644
G1 X102.607 Y96.05 E2.64153
G1 X103.398 Y95.875 E2.67946
G1 X104.198 Y95.771 E2.71723
;WIDTH:0.527456
G1 F742.979
G1 X104.99 Y95.751 E2.75426
;LAYER_CHANGE
;Z:8.95
;HEIGHT:0.2
G92 E0
G1 Z8.95 F7800
G1 X99.742 Y104.793
;TYPE:Perimeter
;WIDTH:0.449999
G1 F884.349
G1 X99.754 Y104.553 E.00944
G1 X99.818 Y103.965 E.03266
G1 X99.968 Y103.424 E.0547
G1 X100.131 Y102.935 E.07494
G1 X100.36 Y102.466 E.09543
G1 X100.89 Y101.677 E.13275
G1 X101.271 Y101.271 E.15461
G1 X101.645 Y100.913 E.17494
G1 X102.455 Y100.369 E.21325
G1 X103.306 Y99.995 E.24975
G1 X104.171 Y99.783 E.28472
M73 Q68 S12
G1 X104.874 Y99.715 E.31245
G1 X105.431 Y99.748 E.33436
G1 X106.027 Y99.816 E.35791
M73 P68 R12
G1 X106.92 Y100.077 E.39444
G1 X107.479 Y100.335 E.41861
G1 X108.287 Y100.864 E.45653
G1 X108.992 Y101.535 E.49475
G1 X109.635 Y102.462 E.53905
G1 X109.872 Y102.982 E.56149
G1 X110.057 Y103.452 E.58132
G1 X110.195 Y104.016 E.60412
G1 X110.266 Y104.69 E.63073
G1 X110.285 Y105.089 E.64641
G1 X110.22 Y105.831 E.67566
G1 X109.923 Y106.92 E.71998
G1 X109.673 Y107.462 E.74342
G1 X109.397 Y107.914 E.76421
G1 X109.106 Y108.329 E.78411
G1 X108.705 Y108.752 E.807
G1 X108.311 Y109.118 E.82812
G1 X107.538 Y109.635 E.86463
G1 X106.987 Y109.884 E.88837
G1 X106.531 Y110.061 E.90758
G1 X106.042 Y110.183 E.92737
G1 X105.169 Y110.278 E.96185
G1 X104.553 Y110.246 E.98607
G1 X103.96 Y110.181 E1.00949
G1 X103.059 Y109.917 E1.04635
G1 X102.06 Y109.391 E1.09068
G1 X101.585 Y109.018 E1.11439
G1 X101.2 Y108.675 E1.13464
G1 X100.721 Y108.104 E1.1639
G1 X100.42 Y107.631 E1.18591
G1 X100.116 Y106.987 E1.21387
G1 X99.938 Y106.526 E1.23327
G1 X99.805 Y105.984 E1.25518
G1 X99.723 Y105.184 E1.28676
G1 X99.739 Y104.853 E1.29977
G1 X100.147 Y104.801 F7800
G1 F884.349
G1 X100.158 Y104.597 E1.30779
G1 X100.223 Y104.004 E1.33121
G1 X100.471 Y103.182 E1.36492
G1 X100.726 Y102.645 E1.38826
G1 X101.225 Y101.908 E1.42321
G1 X101.823 Y101.296 E1.45681
G1 X102.619 Y100.742 E1.49489
G1 X103.47 Y100.367 E1.5314
G1 X104.26 Y100.18 E1.56328
G1 X104.903 Y100.121 E1.58863
G1 X105.791 Y100.185 E1.62359
G1 X106.905 Y100.506 E1.66911
G1 X107.406 Y100.753 E1.69104
G1 X108.053 Y101.198 E1.72187
G1 X108.704 Y101.823 E1.7573
G1 X109.297 Y102.688 E1.79848
G1 X109.638 Y103.482 E1.83241
G1 X109.771 Y103.997 E1.85329
G1 X109.86 Y104.725 E1.88209
G1 X109.88 Y105.053 E1.89499
G1 X109.815 Y105.795 E1.92424
G1 X109.576 Y106.656 E1.95933
G1 X109.308 Y107.282 E1.98607
G1 X108.827 Y108.017 E2.02056
G1 X108.417 Y108.464 E2.04438
G1 X108.085 Y108.78 E2.06238
G1 X107.312 Y109.297 E2.09889
G1 X106.432 Y109.666 E2.13636
G1 X105.943 Y109.788 E2.15615
G1 X105.13 Y109.872 E2.18824
G1 X104.597 Y109.842 E2.2092
G1 X104.006 Y109.777 E2.23255
G1 X103.182 Y109.529 E2.26634
G1 X102.272 Y109.043 E2.30685
G1 X101.512 Y108.413 E2.34561
G1 X101.033 Y107.842 E2.37487
G1 X100.689 Y107.289 E2.40044
G1 X100.362 Y106.518 E2.43332
G1 X100.233 Y106.021 E2.45348
G1 X100.129 Y105.149 E2.48796
M73 P68 R11
G1 X100.144 Y104.861 E2.49928
G1 X100.561 Y104.81 F7800
;TYPE:External perimeter
G1 F884.349
G1 X100.627 Y104.053 E2.52912
G1 X100.86 Y103.304 E2.55992
G1 X101.092 Y102.823 E2.58089
G1 X101.56 Y102.139 E2.61343
G1 X102.11 Y101.584 E2.64411
G1 X102.782 Y101.114 E2.67631
G1 X103.634 Y100.74 E2.71284
G1 X104.348 Y100.578 E2.74159
G1 X104.931 Y100.527 E2.76457
G1 X105.758 Y100.591 E2.79714
G1 X106.725 Y100.871 E2.83667
G1 X107.226 Y101.118 E2.8586
G1 X107.82 Y101.531 E2.88701
G1 X108.416 Y102.111 E2.91966
G1 X108.958 Y102.914 E2.9577
G1 X109.262 Y103.638 E2.98853
G1 X109.404 Y104.21 E3.01167
G1 X109.474 Y105.018 E3.04351
G1 X109.409 Y105.76 E3.07276
G1 X109.185 Y106.542 E3.1047
G1 X108.943 Y107.102 E3.12865
M73 Q68 S11
G1 X108.494 Y107.784 E3.16071
G1 X107.859 Y108.442 E3.19661
G1 X107.086 Y108.958 E3.2331
G1 X106.362 Y109.262 E3.26393
G1 X105.845 Y109.393 E3.28487
G1 X105.092 Y109.467 E3.31458
G1 X104.053 Y109.373 E3.35554
G1 X103.304 Y109.14 E3.38634
G1 X102.468 Y108.686 E3.42369
G1 X101.849 Y108.176 E3.45518
G1 X101.345 Y107.581 E3.4858
G1 X101.037 Y107.078 E3.50896
G1 X100.738 Y106.362 E3.53943
G1 X100.596 Y105.79 E3.56257
G1 X100.534 Y105.113 E3.58926
G1 X100.556 Y104.87 E3.59884
G1 X100.591 Y104.472 F7800
G92 E0
G1 X97.778 Y111.031
;TYPE:Perimeter
G1 F884.349
G1 X97.292 Y110.397 E.03137
G1 X96.857 Y109.714 E.06316
G1 X96.303 Y108.591 E.11233
G1 X96.026 Y107.83 E.14413
G1 X95.815 Y107.043 E.17612
G1 X95.648 Y106.024 E.21666
G1 X95.6 Y105.425 E.24025
G1 X95.627 Y104.169 E.28958
G1 X95.734 Y103.362 E.32154
G1 X95.859 Y102.775 E.34511
G1 X96.024 Y102.174 E.36958
G1 X96.306 Y101.399 E.40196
G1 X96.653 Y100.655 E.43419
G1 X97.058 Y99.954 E.46598
G1 X97.799 Y98.943 E.5152
G1 X98.346 Y98.346 E.54699
G1 X98.947 Y97.796 E.57898
G1 X99.774 Y97.178 E.61952
G1 X100.283 Y96.858 E.64313
G1 X101.4 Y96.307 E.69203
G1 X102.575 Y95.908 E.74075
G1 X103.366 Y95.733 E.77256
G1 X104.174 Y95.627 E.80456
G1 X105.206 Y95.595 E.8451
G1 X105.806 Y95.625 E.86869
G1 X107.047 Y95.816 E.91799
G1 X107.83 Y96.026 E.94982
G1 X108.601 Y96.306 E.98203
G1 X109.345 Y96.653 E1.01426
G1 X110.056 Y97.064 E1.04651
G1 X110.728 Y97.535 E1.07873
G1 X111.349 Y98.055 E1.11053
G1 X112.215 Y98.96 E1.15971
G1 X112.701 Y99.594 E1.19108
G1 X113.351 Y100.665 E1.24027
G1 X113.694 Y101.399 E1.27208
G1 X113.898 Y101.96 E1.29552
G1 X114.05 Y102.452 E1.31574
G1 X114.223 Y103.169 E1.3447
G1 X114.338 Y103.857 E1.37209
G1 X114.389 Y104.433 E1.39479
G1 X114.41 Y104.996 E1.41691
G1 X114.374 Y105.82 E1.44929
G1 X114.267 Y106.634 E1.48153
G1 X114.088 Y107.439 E1.51391
G1 X113.912 Y108.013 E1.53748
G1 X113.695 Y108.598 E1.56198
G1 X113.349 Y109.339 E1.59409
G1 X112.822 Y110.227 E1.63463
G1 X112.474 Y110.717 E1.65823
G1 X111.646 Y111.661 E1.70753
G1 X111.049 Y112.208 E1.73932
G1 X110.397 Y112.708 E1.77158
G1 X109.714 Y113.143 E1.80337
G1 X108.591 Y113.697 E1.85254
G1 X107.83 Y113.974 E1.88434
G1 X107.043 Y114.185 E1.91633
G1 X106.024 Y114.352 E1.95687
G1 X105.425 Y114.4 E1.98046
G1 X104.169 Y114.373 E2.02979
G1 X103.366 Y114.267 E2.06159
G1 X102.575 Y114.092 E2.0934
G1 X101.389 Y113.689 E2.14258
G1 X100.655 Y113.347 E2.17438
G1 X99.954 Y112.942 E2.20617
G1 X98.943 Y112.201 E2.25539
G1 X98.346 Y111.654 E2.28718
G1 X97.817 Y111.076 E2.31795
G1 X97.471 Y111.3 F7800
G1 F884.349
G1 X96.958 Y110.631 E2.35105
G1 X96.501 Y109.914 E2.38443
G1 X95.928 Y108.751 E2.43534
G1 X95.637 Y107.952 E2.46873
G1 X95.416 Y107.128 E2.50223
G1 X95.244 Y106.073 E2.5442
G1 X95.193 Y105.437 E2.56925
G1 X95.221 Y104.138 E2.62027
G1 X95.332 Y103.293 E2.65373
G1 X95.463 Y102.678 E2.67842
G1 X95.636 Y102.05 E2.704
G1 X95.93 Y101.243 E2.73772
G1 X96.292 Y100.467 E2.77134
G1 X96.717 Y99.731 E2.80471
G1 X97.484 Y98.685 E2.85564
G1 X98.058 Y98.058 E2.88902
G1 X98.687 Y97.482 E2.92251
G1 X99.543 Y96.842 E2.96448
G1 X100.084 Y96.502 E2.98957
G1 X101.244 Y95.931 E3.04034
G1 X102.466 Y95.516 E3.09101
G1 X103.295 Y95.332 E3.12435
G1 X104.141 Y95.221 E3.15785
G1 X105.21 Y95.187 E3.19985
G1 X105.847 Y95.219 E3.22489
G1 X107.131 Y95.417 E3.2759
G1 X107.952 Y95.637 E3.30927
G1 X108.757 Y95.93 E3.34291
G1 X109.533 Y96.292 E3.37653
G1 X110.275 Y96.72 E3.41016
G1 X110.976 Y97.211 E3.44376
G1 X111.628 Y97.758 E3.47718
G1 X112.525 Y98.695 E3.52811
G1 X113.038 Y99.364 E3.56121
G1 X113.711 Y100.473 E3.61215
G1 X114.07 Y101.243 E3.64551
G1 X114.363 Y102.048 E3.67915
G1 X114.557 Y102.771 E3.70854
G1 X114.659 Y103.297 E3.72958
G1 X114.743 Y103.819 E3.75034
G1 X114.796 Y104.418 E3.77395
G1 X114.817 Y104.998 E3.79674
G1 X114.78 Y105.856 E3.83046
G1 X114.668 Y106.705 E3.86408
G1 X114.482 Y107.543 E3.89778
G1 X114.298 Y108.144 E3.92246
G1 X114.071 Y108.755 E3.94805
G1 X113.71 Y109.53 E3.98162
G1 X113.163 Y110.449 E4.02361
G1 X112.794 Y110.97 E4.04868
G1 X111.937 Y111.946 E4.09968
G1 X111.31 Y112.52 E4.13306
G1 X110.631 Y113.042 E4.16669
G1 X109.914 Y113.499 E4.20007
G1 X108.751 Y114.072 E4.25098
G1 X107.952 Y114.363 E4.28437
G1 X107.128 Y114.584 E4.31787
G1 X106.073 Y114.756 E4.35984
G1 X105.437 Y114.807 E4.38489
G1 X104.138 Y114.779 E4.43591
G1 X103.295 Y114.668 E4.4693
G1 X102.465 Y114.484 E4.50268
G1 X101.237 Y114.067 E4.5536
G1 X100.467 Y113.708 E4.58696
G1 X99.731 Y113.283 E4.62033
G1 X98.685 Y112.516 E4.67126
G1 X98.058 Y111.942 E4.70464
G1 X97.511 Y111.345 E4.73643
G1 X97.164 Y111.568 F7800
;TYPE:External perimeter
G1 F884.349
G1 X96.624 Y110.865 E4.77124
G1 X96.146 Y110.114 E4.80619
G1 X95.553 Y108.911 E4.85885
G1 X95.248 Y108.075 E4.89379
G1 X95.018 Y107.214 E4.92878
G1 X94.839 Y106.122 E4.97223
G1 X94.785 Y105.449 E4.99874
G1 X94.814 Y104.107 E5.05145
G1 X94.931 Y103.224 E5.08642
G1 X95.068 Y102.582 E5.1122
G1 X95.248 Y101.926 E5.13891
G1 X95.554 Y101.087 E5.17398
G1 X95.931 Y100.279 E5.20899
G1 X96.375 Y99.508 E5.24392
G1 X97.169 Y98.426 E5.29662
G1 X97.77 Y97.77 E5.33155
G1 X98.427 Y97.168 E5.36654
G1 X99.313 Y96.506 E5.40997
G1 X99.885 Y96.146 E5.43651
G1 X101.087 Y95.554 E5.48912
G1 X102.356 Y95.123 E5.54174
G1 X103.224 Y94.931 E5.57665
G1 X104.108 Y94.814 E5.61166
G1 X105.214 Y94.78 E5.65511
G1 X105.888 Y94.814 E5.68161
G1 X107.215 Y95.018 E5.73433
G1 X108.075 Y95.248 E5.76928
G1 X108.913 Y95.554 E5.80431
G1 X109.721 Y95.931 E5.83932
G1 X110.494 Y96.376 E5.87434
G1 X111.224 Y96.888 E5.90935
G1 X111.906 Y97.46 E5.9443
G1 X112.834 Y98.429 E5.99698
G1 X113.374 Y99.134 E6.03185
G1 X114.07 Y100.281 E6.08453
G1 X114.446 Y101.087 E6.11945
G1 X114.752 Y101.925 E6.15448
G1 X114.95 Y102.666 E6.1846
G1 X115.06 Y103.226 E6.20701
G1 X115.148 Y103.78 E6.22904
G1 X115.203 Y104.403 E6.2536
G1 X115.225 Y104.999 E6.27702
G1 X115.186 Y105.891 E6.31208
G1 X115.069 Y106.776 E6.34713
G1 X114.876 Y107.647 E6.38216
G1 X114.684 Y108.275 E6.40794
G1 X114.447 Y108.912 E6.43463
G1 X114.07 Y109.72 E6.46964
G1 X113.505 Y110.671 E6.51307
G1 X113.114 Y111.222 E6.5396
G1 X112.228 Y112.232 E6.59235
G1 X111.572 Y112.833 E6.62728
G1 X110.865 Y113.376 E6.66228
G1 X110.114 Y113.854 E6.69723
G1 X108.911 Y114.447 E6.74989
G1 X108.075 Y114.752 E6.78483
G1 X107.214 Y114.982 E6.81982
G1 X106.122 Y115.161 E6.86327
G1 X105.449 Y115.215 E6.88978
G1 X104.107 Y115.186 E6.94249
G1 X103.224 Y115.069 E6.97746
G1 X102.356 Y114.877 E7.01237
G1 X101.085 Y114.446 E7.06507
G1 X100.279 Y114.069 E7.10001
G1 X99.508 Y113.625 E7.13494
G1 X98.426 Y112.831 E7.18764
G1 X97.77 Y112.23 E7.22257
G1 X97.205 Y111.613 E7.25542
G1 X96.958 Y111.298 F7800
G92 E0
G1 X102.224 Y113.138
;TYPE:Internal infill
;WIDTH:0.45
;HEIGHT:0.4
G1 F494.289
G1 X103.481 Y113.483 E.09157
G1 X104.235 Y113.584 E.14501
G1 X104.612 Y113.592 E.1715
G1 X105.655 Y113.244 E.24874
G1 X105.983 Y113.263 E.27182
G1 X106.337 Y113.506 E.30198
G1 X107.592 Y113.22 E.3924
G1 X108.659 Y112.783 E.4734
G92 E0
G1 X105.629 Y110.549 F7800
G1 F494.289
G1 X106.734 Y110.318 E.0793
G1 X107.56 Y109.974 E.14216
G1 X107.914 Y109.756 E.17137
G1 X108.276 Y109.859 E.19781
G1 X108.603 Y109.84 E.22082
G1 X108.931 Y109.605 E.24917
G1 X109.586 Y108.662 E.32983
G1 X110.241 Y108.189 E.38659
G1 X110.896 Y108.003 E.43442
G1 X111.224 Y108.022 E.4575
G1 X111.552 Y108.257 E.48585
G1 X112.207 Y109.2 E.56651
G1 X112.426 Y109.358 E.58548
G1 X111.847 Y110.234 E.65925
G1 X110.892 Y111.28 E.75875
G1 X110.241 Y110.809 E.8152
G1 X109.586 Y110.623 E.86303
G1 X109.259 Y110.642 E.88604
G1 X108.931 Y110.877 E.91439
G1 X108.276 Y111.82 E.99505
G1 X107.621 Y112.294 E1.05185
G1 X106.965 Y112.48 E1.09975
G1 X106.638 Y112.461 E1.12276
G1 X106.31 Y112.226 E1.15111
G1 X105.655 Y111.283 E1.23177
G1 X105 Y110.809 E1.28857
G1 X104.345 Y110.623 E1.3364
G1 X104.017 Y110.642 E1.35948
G1 X103.69 Y110.877 E1.38777
G1 X103.035 Y111.82 E1.46843
G1 X102.379 Y112.294 E1.52528
G1 X101.724 Y112.48 E1.57311
G1 X101.397 Y112.461 E1.59612
G1 X101.069 Y112.226 E1.62447
G1 X100.414 Y111.283 E1.70513
G1 X99.759 Y110.809 E1.76193
G1 X99.104 Y110.623 E1.80976
M73 Q69 S11
G1 X98.776 Y110.642 E1.83284
M73 P69 R11
G1 X98.604 Y110.765 E1.84769
G1 X97.883 Y109.854 E1.92931
G1 X98.121 Y109.84 E1.94606
G1 X98.448 Y109.605 E1.97435
G1 X99.104 Y108.662 E2.05505
G1 X99.759 Y108.189 E2.11181
G1 X100.308 Y108.033 E2.1519
G1 X100.025 Y107.559 E2.19068
G1 X99.701 Y106.784 E2.24969
G1 X99.487 Y105.956 E2.30977
G1 X99.448 Y105.48 E2.34332
G1 X99.104 Y105.382 E2.36845
G1 X98.776 Y105.401 E2.39153
G1 X98.448 Y105.636 E2.41988
G1 X97.793 Y106.579 E2.50054
G1 X97.138 Y107.053 E2.55734
G1 X96.682 Y107.182 E2.59063
G1 X96.51 Y106.481 E2.64134
G1 X96.414 Y105.751 E2.69306
G1 X96.381 Y105 E2.74587
G1 X96.458 Y103.922 E2.82179
G1 X97.138 Y104.432 E2.8815
G1 X97.793 Y104.618 E2.92933
G1 X98.121 Y104.599 E2.95241
G1 X98.448 Y104.364 E2.9807
G1 X99.104 Y103.421 E3.0614
G1 X99.804 Y102.935 E3.12126
G1 X100.128 Y102.251 E3.17443
G1 X100.782 Y101.33 E3.25378
G1 X100.414 Y100.8 E3.29911
G1 X99.759 Y100.327 E3.35587
G1 X99.104 Y100.141 E3.4037
G1 X98.776 Y100.16 E3.42678
G1 X98.448 Y100.395 E3.45513
G1 X97.793 Y101.338 E3.53579
G1 X97.138 Y101.811 E3.59255
G1 X96.987 Y101.854 E3.60358
G1 X97.349 Y101.034 E3.66655
G1 X97.949 Y100.044 E3.74787
G1 X98.398 Y99.46 E3.79962
G1 X99.46 Y98.398 E3.90513
G1 X100.678 Y97.544 E4.00963
G1 X101.069 Y97.774 E4.0415
G1 X101.724 Y98.717 E4.12216
G1 X102.379 Y99.191 E4.17896
G1 X103.035 Y99.377 E4.22686
G1 X103.362 Y99.358 E4.24987
G1 X103.69 Y99.123 E4.27822
G1 X104.345 Y98.18 E4.35888
G1 X105 Y97.706 E4.41568
G1 X105.655 Y97.52 E4.46351
G1 X105.983 Y97.539 E4.48659
G1 X106.31 Y97.774 E4.51488
G1 X106.965 Y98.717 E4.59554
G1 X107.621 Y99.191 E4.65239
G1 X108.276 Y99.377 E4.70022
G1 X108.603 Y99.358 E4.72323
G1 X108.931 Y99.123 E4.75158
G1 X109.586 Y98.18 E4.83224
G1 X109.923 Y97.936 E4.86147
G1 X108.98 Y97.355 E4.93928
G1 X108.298 Y97.037 E4.99214
G1 X107.226 Y96.682 E5.07147
G1 X106.965 Y96.756 E5.09053
G1 X106.638 Y96.737 E5.11354
G1 X106.31 Y96.502 E5.14189
G1 X105.736 Y96.413 E5.1827
G1 X105.093 Y96.385 E5.22791
G1 X103.879 Y96.463 E5.31337
G92 E0
G1 X111.122 Y98.316 F7800
;TYPE:Solid infill
;WIDTH:0.528056
;HEIGHT:0.2
G1 F742.06
G1 X111.951 Y99.181 E.05606
G1 X112.423 Y99.8 E.09249
G1 X113.045 Y100.824 E.14855
;WIDTH:0.528348
G1 F741.614
G1 X113.377 Y101.537 E.18538
G1 X113.647 Y102.281 E.22244
;WIDTH:0.528454
G1 X113.851 Y103.044 E.25943
G1 X113.99 Y103.844 E.29746
;WIDTH:0.532912
G1 F734.706
G1 X114.041 Y104.396 E.32366
;WIDTH:0.537758
G1 F727.511
G1 X114.061 Y104.995 E.35227
G1 X114.026 Y105.79 E.39025
;WIDTH:0.536802
G1 F728.919
G1 X113.923 Y106.573 E.42787
;WIDTH:0.537038
G1 X113.751 Y107.35 E.4658
G1 X113.584 Y107.902 E.49329
;WIDTH:0.532742
G1 F734.961
G1 X113.372 Y108.475 E.52216
;WIDTH:0.52835
G1 F741.611
G1 X113.037 Y109.191 E.55917
;WIDTH:0.532238
G1 F735.718
G1 X112.531 Y110.038 E.60574
G1 X112.192 Y110.516 E.6334
;WIDTH:0.528048
G1 F742.072
G1 X111.402 Y111.417 E.68947
;WIDTH:0.528452
G1 F741.455
G1 X110.822 Y111.948 E.7263
G1 X110.175 Y112.442 E.76442
;WIDTH:0.528056
G1 F742.06
G1 X109.534 Y112.848 E.79993
G1 X108.459 Y113.378 E.85601
;WIDTH:0.52835
G1 F741.611
G1 X107.719 Y113.647 E.89288
G1 X106.956 Y113.851 E.92986
;WIDTH:0.53224
G1 F735.715
G1 X105.982 Y114.008 E.97642
G1 X105.398 Y114.055 E1.00407
;WIDTH:0.52805
G1 F742.069
G1 X104.2 Y114.029 E1.06014
;WIDTH:0.527844
G1 X103.397 Y113.921 E1.09804
;WIDTH:0.528052
G1 X102.656 Y113.755 E1.13357
G1 X101.522 Y113.371 E1.18959
;WIDTH:0.52845
G1 F741.458
G1 X100.809 Y113.038 E1.22644
G1 X100.106 Y112.628 E1.26455
;WIDTH:0.546404
G1 F715.018
G1 X99.168 Y111.927 E1.32142
G1 X98.577 Y111.396 E1.36
;WIDTH:0.528538
G1 F741.323
G1 X98.052 Y110.822 E1.39644
;WIDTH:0.528352
G1 X97.571 Y110.194 E1.43348
G1 X97.152 Y109.533 E1.47012
;WIDTH:0.528058
G1 F742.057
G1 X96.622 Y108.459 E1.52616
;WIDTH:0.529658
G1 F739.618
G1 X96.355 Y107.726 E1.56278
G1 X96.077 Y106.554 E1.61933
;WIDTH:0.523024
G1 F749.838
G1 X95.972 Y105.783 E1.65536
G1 X95.945 Y104.994 E1.69192
;WIDTH:0.528464
G1 F741.436
G1 X95.971 Y104.195 E1.72936
G1 X96.078 Y103.399 E1.76697
;WIDTH:0.532914
G1 F734.703
G1 X96.196 Y102.857 E1.79319
;WIDTH:0.546834
G1 F714.408
G1 X96.362 Y102.281 E1.82233
G1 X96.633 Y101.514 E1.86187
;WIDTH:0.529656
G1 F739.621
G1 X96.96 Y100.815 E1.8981
G1 X97.593 Y99.791 E1.95462
;WIDTH:0.528348
G1 F741.614
G1 X98.066 Y99.162 E1.99147
G1 X98.595 Y98.585 E2.02812
G1 X99.179 Y98.052 E2.06514
;WIDTH:0.53263
G1 F735.129
G1 X99.97 Y97.464 E2.11169
G1 X100.467 Y97.152 E2.13941
;WIDTH:0.528056
G1 F742.06
G1 X101.529 Y96.627 E2.19485
;WIDTH:0.527548
G1 X102.664 Y96.242 E2.25087
;WIDTH:0.528348
G1 F741.614
G1 X103.433 Y96.072 E2.28775
G1 X104.217 Y95.97 E2.32477
;WIDTH:0.53173
G1 F736.483
G1 X105.278 Y95.945 E2.37481
G1 X105.788 Y95.971 E2.39889
;WIDTH:0.528048
G1 F742.072
G1 X106.972 Y96.153 E2.45494
;WIDTH:0.528346
G1 F741.617
G1 X107.732 Y96.357 E2.49178
G1 X108.475 Y96.628 E2.52881
G1 X109.192 Y96.963 E2.56586
G1 X109.876 Y97.358 E2.60284
G1 X110.524 Y97.813 E2.63991
G1 X110.966 Y98.185 E2.66696
G1 X111.736 Y99.634 F7800
;TYPE:Internal infill
;WIDTH:0.45
;HEIGHT:0.4
G1 F494.289
G1 X112.051 Y100.044 E2.70328
G1 X112.651 Y101.034 E2.7846
G1 X112.973 Y101.731 E2.83854
G1 X112.862 Y101.811 E2.84815
G1 X112.207 Y101.997 E2.89598
G1 X111.879 Y101.978 E2.91906
G1 X111.552 Y101.743 E2.94735
G1 X110.896 Y100.8 E3.02805
G1 X110.241 Y100.327 E3.08481
G1 X109.586 Y100.141 E3.13264
G1 X109.259 Y100.16 E3.15565
G1 X108.931 Y100.395 E3.184
G1 X108.665 Y100.778 E3.21676
G1 X109.42 Y101.571 E3.29368
G1 X109.937 Y102.369 E3.36048
G1 X110.199 Y102.978 E3.40705
G1 X110.896 Y102.761 E3.45833
G1 X111.224 Y102.781 E3.48141
G1 X111.552 Y103.015 E3.50971
G1 X112.207 Y103.958 E3.59037
G1 X112.862 Y104.432 E3.64717
G1 X113.61 Y104.613 E3.70123
G1 X113.609 Y105.398 E3.75638
G1 X113.457 Y106.622 E3.84303
G1 X112.862 Y107.053 E3.89464
G1 X112.207 Y107.239 E3.94247
G1 X111.879 Y107.22 E3.96555
G1 X111.552 Y106.985 E3.99384
G1 X110.896 Y106.042 E4.07454
G1 X110.527 Y105.774 E4.10658
G1 X110.59 Y104.889 E4.16891
G1 X110.512 Y104.042 E4.22866
G1 X110.342 Y103.36 E4.27804
;LAYER_CHANGE
;Z:9.15
;HEIGHT:0.2
G92 E0
G1 Z9.15 F7800
G1 X99.727 Y104.792
;TYPE:Perimeter
;WIDTH:0.449999
G1 F884.349
G1 X99.818 Y103.965 E.03267
G1 X99.971 Y103.414 E.05512
G1 X100.162 Y102.876 E.07754
G1 X100.609 Y102.06 E.11407
G1 X100.961 Y101.611 E.13647
G1 X101.292 Y101.229 E.15632
G1 X101.896 Y100.721 E.18731
G1 X102.876 Y100.161 E.23163
G1 X103.711 Y99.878 E.26625
G1 X104.584 Y99.746 E.30092
G1 X105.021 Y99.715 E.31812
G1 X105.822 Y99.779 E.34967
G1 X106.526 Y99.938 E.37801
G1 X107.5 Y100.341 E.4194
G1 X108.465 Y101.008 E.46546
G1 X108.992 Y101.535 E.49472
G1 X109.635 Y102.462 E.53902
G1 X109.884 Y103.012 E.56273
G1 X110.062 Y103.474 E.58217
G1 X110.195 Y104.016 E.60408
G1 X110.28 Y104.85 E.637
G1 X110.225 Y105.774 E.67334
G1 X110.009 Y106.624 E.70778
G1 X109.849 Y107.105 E.72768
G1 X109.505 Y107.765 E.7569
G1 X108.814 Y108.658 E.80123
G1 X108.401 Y109.02 E.82279
G1 X107.932 Y109.396 E.84639
G1 X107.105 Y109.849 E.88341
G1 X106.091 Y110.17 E.92517
G1 X105.166 Y110.278 E.96174
G1 X104.551 Y110.248 E.98592
G1 X104.03 Y110.194 E1.00649
G1 X103.067 Y109.919 E1.04581
G1 X102.116 Y109.428 E1.08783
G1 X101.382 Y108.846 E1.12461
G1 X100.721 Y108.104 E1.16363
G1 X100.161 Y107.124 E1.20795
G1 X99.991 Y106.625 E1.22865
G1 X99.816 Y106.026 E1.25315
G1 X99.744 Y105.427 E1.27684
G1 X99.717 Y104.889 E1.29799
G1 X99.721 Y104.852 E1.29945
G1 X100.136 Y104.801 F7800
G1 F884.349
G1 X100.223 Y104.009 E1.33073
G1 X100.471 Y103.182 E1.36463
G1 X101.033 Y102.157 E1.41053
G1 X101.512 Y101.587 E1.43976
G1 X102.158 Y101.033 E1.47317
G1 X103.072 Y100.518 E1.51436
G1 X103.833 Y100.266 E1.54584
G1 X104.631 Y100.151 E1.5775
G1 X104.988 Y100.121 E1.59157
G1 X105.79 Y100.185 E1.62316
G1 X106.429 Y100.333 E1.64891
G1 X107.206 Y100.647 E1.68182
G1 X108.177 Y101.296 E1.72768
G1 X108.704 Y101.823 E1.75694
G1 X109.297 Y102.688 E1.79812
G1 X109.667 Y103.571 E1.83571
G1 X109.8 Y104.113 E1.85762
G1 X109.874 Y104.886 E1.88811
G1 X109.82 Y105.739 E1.92167
G1 X109.619 Y106.511 E1.95299
G1 X109.488 Y106.917 E1.96974
G1 X109.144 Y107.577 E1.99896
G1 X108.512 Y108.384 E2.03921
G1 X107.677 Y109.079 E2.08187
G1 X106.917 Y109.488 E2.11576
G1 X105.975 Y109.78 E2.15448
G1 X105.127 Y109.873 E2.18798
G1 X104.593 Y109.843 E2.20898
G1 X104.071 Y109.789 E2.22959
G1 X103.186 Y109.53 E2.2658
G1 X102.309 Y109.069 E2.3047
G1 X101.641 Y108.532 E2.33835
G1 X101.033 Y107.842 E2.37446
G1 X100.518 Y106.928 E2.41565
G1 X100.214 Y105.935 E2.45643
G1 X100.15 Y105.392 E2.4779
G1 X100.122 Y104.933 E2.49596
G1 X100.129 Y104.861 E2.4988
G1 X100.548 Y104.81 F7800
;TYPE:External perimeter
G1 F884.349
G1 X100.636 Y104.014 E2.53025
G1 X100.86 Y103.304 E2.55948
G1 X101.345 Y102.419 E2.59911
G1 X101.824 Y101.849 E2.62834
G1 X102.419 Y101.345 E2.65896
G1 X103.267 Y100.875 E2.69703
G1 X103.956 Y100.654 E2.72544
G1 X104.956 Y100.527 E2.76502
G1 X105.758 Y100.591 E2.79661
G1 X106.333 Y100.728 E2.81982
G1 X107.05 Y101.023 E2.85026
G1 X107.89 Y101.584 E2.88992
G1 X108.416 Y102.111 E2.91916
G1 X108.942 Y102.891 E2.9561
G1 X109.262 Y103.638 E2.98801
G1 X109.404 Y104.21 E3.01115
G1 X109.469 Y104.921 E3.03918
G1 X109.414 Y105.703 E3.06996
G1 X109.127 Y106.729 E3.11179
G1 X108.783 Y107.389 E3.14101
G1 X108.194 Y108.129 E3.17815
G1 X107.422 Y108.761 E3.21732
G1 X106.729 Y109.127 E3.24809
G1 X105.859 Y109.39 E3.28378
G1 X105.089 Y109.467 E3.31416
G1 X104.113 Y109.384 E3.35262
G1 X103.306 Y109.141 E3.38571
G1 X102.503 Y108.711 E3.42148
G1 X101.9 Y108.218 E3.45206
G1 X101.345 Y107.581 E3.48523
G1 X100.875 Y106.732 E3.52333
G1 X100.605 Y105.822 E3.5606
G1 X100.526 Y105.018 E3.59232
G1 X100.542 Y104.87 E3.59817
G1 X100.585 Y104.472 F7800
G92 E0
G1 X97.931 Y110.902
;TYPE:Perimeter
G1 F884.349
G1 X97.456 Y110.283 E.03064
G1 X97.03 Y109.614 E.06178
G1 X96.487 Y108.514 E.10995
G1 X96.216 Y107.769 E.14108
G1 X96.011 Y107.004 E.17218
G1 X95.825 Y105.792 E.22033
G1 X95.79 Y105 E.25146
G1 X95.822 Y104.264 E.28039
G1 X95.884 Y103.697 E.30279
G1 X96.008 Y103.008 E.33028
G1 X96.216 Y102.231 E.36186
G1 X96.468 Y101.538 E.39081
G1 X96.698 Y101.016 E.41321
G1 X97.023 Y100.397 E.44066
G1 X97.456 Y99.717 E.47231
G1 X97.945 Y99.08 E.50384
G1 X98.488 Y98.488 E.53538
G1 X99.08 Y97.945 E.56692
G1 X99.717 Y97.456 E.59845
G1 X100.386 Y97.03 E.62959
G1 X101.407 Y96.526 E.6743
G1 X101.947 Y96.312 E.69711
G1 X102.615 Y96.104 E.72458
G1 X103.401 Y95.93 E.75619
G1 X104.194 Y95.826 E.78759
G1 X105.114 Y95.793 E.82374
G1 X105.79 Y95.824 E.85031
G1 X107.004 Y96.011 E.89854
G1 X107.769 Y96.216 E.92964
G1 X108.524 Y96.491 E.96119
G1 X109.243 Y96.826 E.99234
G1 X110.291 Y97.463 E1.04049
G1 X110.92 Y97.945 E1.0716
G1 X111.512 Y98.488 E1.10314
G1 X112.053 Y99.077 E1.13454
G1 X112.608 Y99.812 E1.1707
G1 X112.969 Y100.384 E1.19726
G1 X113.513 Y101.486 E1.24551
G1 X113.784 Y102.231 E1.27664
M73 Q70 S11
G1 X113.966 Y102.913 E1.30436
G1 X114.15 Y103.992 E1.34734
G1 X114.201 Y104.679 E1.37439
M73 P70 R11
G1 X114.201 Y105.401 E1.40274
G1 X114.131 Y106.202 E1.43431
G1 X113.992 Y106.993 E1.46584
G1 X113.784 Y107.769 E1.49738
G1 X113.509 Y108.524 E1.52893
G1 X113.169 Y109.253 E1.56051
G1 X112.768 Y109.948 E1.59202
G1 X112.307 Y110.607 E1.6236
G1 X111.797 Y111.214 E1.65473
G1 X110.914 Y112.059 E1.70272
G1 X110.188 Y112.608 E1.73846
G1 X109.616 Y112.969 E1.76502
G1 X108.514 Y113.513 E1.81327
G1 X107.769 Y113.784 E1.8444
G1 X106.997 Y113.991 E1.87578
G1 X106.089 Y114.143 E1.91193
G1 X105.414 Y114.2 E1.93853
G1 X104.19 Y114.173 E1.9866
G1 X103.289 Y114.048 E2.02232
G1 X102.629 Y113.899 E2.04889
G1 X101.465 Y113.504 E2.09715
G1 X100.747 Y113.169 E2.12826
G1 X100.052 Y112.768 E2.15977
G1 X99.393 Y112.307 E2.19135
G1 X98.786 Y111.797 E2.22248
G1 X97.972 Y110.946 E2.26872
G1 X97.624 Y111.171 F7800
G1 F884.349
G1 X97.122 Y110.516 E2.30112
G1 X96.675 Y109.814 E2.3338
G1 X96.112 Y108.674 E2.38372
G1 X95.828 Y107.892 E2.41639
G1 X95.612 Y107.088 E2.44908
G1 X95.419 Y105.832 E2.49898
G1 X95.383 Y105 E2.53168
G1 X95.419 Y104.158 E2.56477
G1 X95.481 Y103.637 E2.58537
G1 X95.61 Y102.919 E2.61401
G1 X95.828 Y102.108 E2.64698
G1 X96.116 Y101.316 E2.68007
G1 X96.332 Y100.838 E2.70067
G1 X96.671 Y100.192 E2.72932
G1 X97.122 Y99.484 E2.76228
G1 X97.633 Y98.818 E2.79524
G1 X98.2 Y98.2 E2.82817
G1 X98.818 Y97.633 E2.8611
G1 X99.484 Y97.122 E2.89406
G1 X100.186 Y96.675 E2.92674
G1 X101.329 Y96.111 E2.97679
G1 X101.814 Y95.927 E2.99716
G1 X102.51 Y95.711 E3.02577
G1 X103.33 Y95.529 E3.05875
G1 X104.16 Y95.42 E3.09162
G1 X105.116 Y95.385 E3.12918
G1 X105.831 Y95.419 E3.15729
G1 X107.088 Y95.612 E3.20722
G1 X107.892 Y95.828 E3.23991
G1 X108.68 Y96.115 E3.27284
G1 X109.435 Y96.467 E3.30555
G1 X110.522 Y97.126 E3.35546
G1 X111.182 Y97.633 E3.38814
G1 X111.8 Y98.2 E3.42107
G1 X112.366 Y98.817 E3.45395
G1 X112.943 Y99.58 E3.49151
G1 X113.325 Y100.185 E3.5196
G1 X113.888 Y101.326 E3.56956
G1 X114.172 Y102.108 E3.60223
G1 X114.36 Y102.808 E3.63069
G1 X114.556 Y103.958 E3.6765
G1 X114.608 Y104.679 E3.70488
G1 X114.608 Y105.419 E3.73394
G1 X114.535 Y106.255 E3.76689
G1 X114.389 Y107.082 E3.79986
G1 X114.172 Y107.892 E3.83279
G1 X113.885 Y108.68 E3.86572
G1 X113.531 Y109.441 E3.89868
G1 X113.111 Y110.167 E3.93161
G1 X112.63 Y110.855 E3.96457
G1 X112.095 Y111.492 E3.99723
G1 X111.178 Y112.37 E4.04708
G1 X110.42 Y112.943 E4.08439
G1 X109.815 Y113.325 E4.11248
G1 X108.674 Y113.888 E4.16244
G1 X107.892 Y114.172 E4.19511
G1 X107.084 Y114.389 E4.22796
G1 X106.14 Y114.548 E4.26555
G1 X105.427 Y114.608 E4.29364
G1 X104.157 Y114.58 E4.34352
G1 X103.216 Y114.449 E4.38082
G1 X102.518 Y114.291 E4.40892
G1 X101.314 Y113.882 E4.45885
G1 X100.559 Y113.531 E4.49154
G1 X99.833 Y113.111 E4.52447
G1 X99.145 Y112.63 E4.55743
G1 X98.508 Y112.095 E4.59009
G1 X97.665 Y111.215 E4.63794
G1 X97.318 Y111.44 F7800
;TYPE:External perimeter
G1 F884.349
G1 X96.788 Y110.75 E4.6721
G1 X96.319 Y110.014 E4.70637
G1 X95.738 Y108.834 E4.75801
G1 X95.439 Y108.015 E4.79224
G1 X95.213 Y107.172 E4.82651
G1 X95.013 Y105.871 E4.87819
G1 X94.975 Y105 E4.91242
G1 X95.013 Y104.125 E4.94681
G1 X95.079 Y103.577 E4.96848
G1 X95.213 Y102.831 E4.99824
G1 X95.439 Y101.985 E5.03262
G1 X95.739 Y101.162 E5.06701
G1 X95.966 Y100.659 E5.08868
G1 X96.318 Y99.988 E5.11843
G1 X96.788 Y99.25 E5.15278
G1 X97.321 Y98.556 E5.18714
G1 X97.911 Y97.911 E5.22146
G1 X98.556 Y97.321 E5.25578
G1 X99.25 Y96.788 E5.29014
G1 X99.986 Y96.319 E5.32441
G1 X101.167 Y95.737 E5.37611
G1 X101.681 Y95.542 E5.3977
G1 X102.405 Y95.317 E5.42747
G1 X103.259 Y95.128 E5.46181
G1 X104.126 Y95.013 E5.49615
G1 X105.118 Y94.978 E5.53512
G1 X105.871 Y95.013 E5.56472
G1 X107.172 Y95.213 E5.6164
G1 X108.014 Y95.439 E5.65063
G1 X108.836 Y95.738 E5.68497
G1 X109.627 Y96.107 E5.71924
G1 X110.752 Y96.79 E5.77092
G1 X111.444 Y97.321 E5.80517
G1 X112.089 Y97.911 E5.83949
G1 X112.679 Y98.556 E5.87381
G1 X113.278 Y99.349 E5.91283
G1 X113.68 Y99.986 E5.94241
G1 X114.262 Y101.166 E5.99407
G1 X114.561 Y101.985 E6.0283
G1 X114.753 Y102.702 E6.05744
G1 X114.962 Y103.924 E6.10612
G1 X115.015 Y104.679 E6.13584
G1 X115.015 Y105.437 E6.1656
G1 X114.939 Y106.308 E6.19993
G1 X114.787 Y107.17 E6.2343
G1 X114.561 Y108.015 E6.26864
G1 X114.262 Y108.836 E6.30295
G1 X113.892 Y109.629 E6.33731
G1 X113.455 Y110.386 E6.37163
G1 X112.953 Y111.103 E6.406
G1 X112.392 Y111.771 E6.44025
G1 X111.442 Y112.68 E6.49188
G1 X110.651 Y113.278 E6.53082
G1 X110.014 Y113.68 E6.5604
G1 X108.834 Y114.262 E6.61206
G1 X108.014 Y114.561 E6.64633
G1 X107.17 Y114.787 E6.68064
G1 X106.191 Y114.952 E6.71962
G1 X105.44 Y115.015 E6.74921
G1 X104.125 Y114.986 E6.80086
G1 X103.143 Y114.849 E6.83979
G1 X102.408 Y114.684 E6.86937
G1 X101.162 Y114.261 E6.92104
G1 X100.371 Y113.892 E6.95531
G1 X99.614 Y113.455 E6.98963
G1 X98.897 Y112.953 E7.024
G1 X98.229 Y112.392 E7.05825
G1 X97.359 Y111.483 E7.10765
G1 X97.111 Y111.169 F7800
;LAYER_CHANGE
;Z:9.35
;HEIGHT:0.200001
G92 E0
G1 Z9.35 F7800
G1 X99.728 Y104.792
;TYPE:Perimeter
G1 F884.349
G1 X99.739 Y104.491 E.01183
G1 X99.917 Y103.57 E.04866
G1 X100.135 Y102.981 E.07332
G1 X100.335 Y102.518 E.09312
G1 X100.71 Y101.938 E.12024
G1 X101.008 Y101.535 E.13992
G1 X101.535 Y101.008 E.16918
G1 X101.976 Y100.681 E.19074
G1 X102.414 Y100.388 E.21143
G1 X102.915 Y100.141 E.23336
G1 X103.742 Y99.868 E.26756
G1 X104.591 Y99.745 E.30124
G1 X105.015 Y99.715 E.31793
G1 X105.822 Y99.779 E.34972
G1 X106.622 Y99.99 E.38221
G1 X107.118 Y100.158 E.40277
G1 X107.879 Y100.569 E.43673
G1 X108.616 Y101.152 E.47363
G1 X109.093 Y101.659 E.50096
G1 X109.647 Y102.481 E.53988
G1 X110.057 Y103.452 E.58127
G1 X110.195 Y104.016 E.60407
G1 X110.28 Y104.848 E.63691
G1 X110.226 Y105.769 E.67313
G1 X110.01 Y106.622 E.70768
G1 X109.839 Y107.124 E.7285
G1 X109.387 Y107.947 E.76537
G1 X108.8 Y108.675 E.80209
G1 X107.926 Y109.401 E.8467
G1 X107.105 Y109.849 E.88342
G1 X106.097 Y110.169 E.92495
G1 X105.165 Y110.278 E.96179
G1 X104.553 Y110.246 E.98585
G1 X103.965 Y110.182 E1.00907
G1 X103.059 Y109.917 E1.04613
G1 X102.053 Y109.387 E1.09078
G1 X101.325 Y108.8 E1.1275
G1 X100.643 Y107.997 E1.16887
G1 X100.161 Y107.124 E1.20803
G1 X99.981 Y106.616 E1.22919
G1 X99.818 Y106.035 E1.25288
G1 X99.717 Y105.111 E1.28938
G1 X99.726 Y104.852 E1.29956
G1 X100.129 Y104.801 F7800
G1 F884.349
G1 X100.153 Y104.427 E1.31428
G1 X100.315 Y103.655 E1.34525
G1 X100.709 Y102.679 E1.38658
G1 X101.296 Y101.823 E1.42733
G1 X101.823 Y101.296 E1.45659
G1 X102.514 Y100.8 E1.48999
G1 X103.095 Y100.506 E1.51556
G1 X103.864 Y100.256 E1.54731
G1 X104.638 Y100.15 E1.57798
G1 X104.983 Y100.121 E1.59157
G1 X105.79 Y100.185 E1.62336
G1 X106.508 Y100.381 E1.65258
G1 X106.925 Y100.516 E1.66979
G1 X107.686 Y100.927 E1.70375
G1 X108.357 Y101.466 E1.73754
G1 X108.787 Y101.928 E1.76232
G1 X109.304 Y102.7 E1.7988
G1 X109.638 Y103.482 E1.83219
G1 X109.77 Y103.991 E1.85284
G1 X109.874 Y104.883 E1.8881
G1 X109.82 Y105.734 E1.92158
G1 X109.619 Y106.508 E1.95298
G1 X109.482 Y106.929 E1.97036
G1 X109.032 Y107.748 E2.00705
G1 X108.488 Y108.413 E2.04078
G1 X107.677 Y109.079 E2.08198
G1 X106.917 Y109.488 E2.11587
G1 X105.981 Y109.779 E2.15436
G1 X105.126 Y109.873 E2.18813
G1 X104.597 Y109.842 E2.20894
G1 X104.004 Y109.777 E2.23236
G1 X103.182 Y109.529 E2.26607
G1 X102.256 Y109.034 E2.3073
G1 X101.587 Y108.488 E2.34121
G1 X101.033 Y107.842 E2.37462
G1 X100.518 Y106.928 E2.41581
G1 X100.247 Y106.108 E2.44972
G1 X100.119 Y104.964 E2.49492
G1 X100.125 Y104.861 E2.49897
G1 X100.536 Y104.81 F7800
;TYPE:External perimeter
G1 F884.349
G1 X100.556 Y104.48 E2.51195
G1 X100.713 Y103.739 E2.54169
G1 X101.083 Y102.841 E2.57983
G1 X101.584 Y102.11 E2.61463
G1 X102.11 Y101.584 E2.64384
G1 X102.748 Y101.134 E2.6745
G1 X103.275 Y100.871 E2.69763
G1 X103.986 Y100.644 E2.72694
G1 X104.951 Y100.527 E2.76511
G1 X105.758 Y100.591 E2.7969
G1 X106.731 Y100.875 E2.8367
G1 X107.492 Y101.286 E2.87066
G1 X108.098 Y101.78 E2.90136
G1 X108.481 Y102.196 E2.92356
G1 X108.961 Y102.918 E2.9576
G1 X109.262 Y103.638 E2.98824
G1 X109.404 Y104.21 E3.01138
G1 X109.469 Y104.919 E3.03934
G1 X109.415 Y105.698 E3.07
G1 X109.125 Y106.733 E3.1122
G1 X108.677 Y107.549 E3.14875
G1 X108.176 Y108.151 E3.1795
G1 X107.422 Y108.761 E3.21758
G1 X106.729 Y109.127 E3.24835
G1 X105.864 Y109.389 E3.28384
G1 X105.087 Y109.468 E3.31451
G1 X104.053 Y109.373 E3.35528
G1 X103.304 Y109.14 E3.38608
G1 X102.452 Y108.678 E3.42414
G1 X101.849 Y108.176 E3.45495
G1 X101.345 Y107.581 E3.48557
G1 X100.875 Y106.733 E3.52364
G1 X100.636 Y105.986 E3.55444
G1 X100.525 Y104.988 E3.59387
G1 X100.533 Y104.87 E3.59851
G1 X100.566 Y104.471 F7800
G92 E0
G1 X98.084 Y110.773
;TYPE:Perimeter
G1 F884.349
G1 X97.62 Y110.168 E.02994
G1 X97.203 Y109.514 E.06039
G1 X96.672 Y108.437 E.10754
G1 X96.411 Y107.72 E.1375
G1 X96.126 Y106.554 E.18463
G1 X96.024 Y105.785 E.21509
G1 X95.99 Y105 E.24594
G1 X96.024 Y104.216 E.27675
G1 X96.131 Y103.413 E.30856
G1 X96.295 Y102.679 E.33809
G1 X96.681 Y101.542 E.38524
G1 X97.004 Y100.85 E.41523
G1 X97.626 Y99.823 E.46237
G1 X98.098 Y99.209 E.49278
G1 X98.629 Y98.629 E.52366
G1 X99.209 Y98.098 E.55454
G1 X99.832 Y97.62 E.58537
G1 X100.486 Y97.203 E.61582
G1 X101.553 Y96.677 E.66253
G1 X102.679 Y96.295 E.70922
G1 X103.435 Y96.127 E.73963
G1 X104.214 Y96.025 E.77048
G1 X105.023 Y95.991 E.80227
G1 X105.774 Y96.024 E.83179
G1 X106.961 Y96.207 E.87895
G1 X107.709 Y96.407 E.90935
G1 X108.448 Y96.676 E.94023
G1 X109.16 Y97.008 E.97108
G1 X109.841 Y97.401 E1.00195
G1 X110.485 Y97.852 E1.03282
G1 X111.079 Y98.35 E1.06326
G1 X111.909 Y99.217 E1.11039
M73 P70 R10
G1 X112.374 Y99.824 E1.14041
G1 X112.997 Y100.85 E1.18754
G1 X113.29 Y101.478 E1.21475
G1 X113.479 Y101.979 E1.23577
G1 X113.663 Y102.551 E1.25936
G1 X113.832 Y103.255 E1.28779
G1 X113.942 Y103.927 E1.31453
G1 X114.001 Y104.688 E1.3445
G1 X114 Y105.415 E1.37305
G1 X113.933 Y106.176 E1.40305
G1 X113.796 Y106.95 E1.43391
G1 X113.593 Y107.709 E1.46476
G1 X113.324 Y108.448 E1.49564
G1 X112.992 Y109.159 E1.52645
G1 X112.586 Y109.86 E1.55826
G1 X112.154 Y110.476 E1.5878
G1 X111.363 Y111.378 E1.63491
G1 X110.792 Y111.901 E1.66531
G1 X110.149 Y112.393 E1.6971
M73 Q70 S10
G1 X109.514 Y112.797 E1.72665
G1 X108.437 Y113.328 E1.7738
G1 X107.709 Y113.593 E1.80422
G1 X106.951 Y113.796 E1.83503
G1 X106.153 Y113.935 E1.86683
G1 X105.404 Y114 E1.89635
G1 X104.205 Y113.974 E1.94344
G1 X103.413 Y113.869 E1.97481
G1 X102.679 Y113.705 E2.00434
G1 X101.542 Y113.319 E2.05149
G1 X100.841 Y112.992 E2.08186
G1 X100.14 Y112.586 E2.11367
G1 X99.524 Y112.154 E2.14321
G1 X98.622 Y111.363 E2.19032
G1 X98.123 Y110.819 E2.21931
G1 X97.778 Y111.042 F7800
G1 F884.349
G1 X97.286 Y110.402 E2.25101
G1 X96.848 Y109.714 E2.28303
G1 X96.297 Y108.598 E2.3319
G1 X96.021 Y107.838 E2.36365
G1 X95.725 Y106.629 E2.41252
G1 X95.619 Y105.821 E2.44452
G1 X95.583 Y105 E2.47679
G1 X95.618 Y104.18 E2.50902
G1 X95.73 Y103.342 E2.54222
G1 X95.902 Y102.569 E2.57331
G1 X96.302 Y101.39 E2.62219
G1 X96.644 Y100.657 E2.65395
G1 X97.29 Y99.593 E2.70282
G1 X97.786 Y98.947 E2.7348
G1 X98.341 Y98.341 E2.76707
G1 X98.947 Y97.786 E2.79934
G1 X99.598 Y97.286 E2.83157
G1 X100.286 Y96.848 E2.86359
G1 X101.397 Y96.3 E2.91223
G1 X102.569 Y95.902 E2.96083
G1 X103.365 Y95.726 E2.99284
G1 X104.179 Y95.619 E3.02508
G1 X105.023 Y95.583 E3.05825
G1 X105.814 Y95.618 E3.08934
G1 X107.045 Y95.808 E3.13825
G1 X107.832 Y96.019 E3.17024
G1 X108.604 Y96.3 E3.2025
G1 X109.348 Y96.647 E3.23473
G1 X110.06 Y97.058 E3.26701
G1 X110.733 Y97.529 E3.29926
G1 X111.357 Y98.053 E3.33125
G1 X112.218 Y98.952 E3.38013
G1 X112.71 Y99.593 E3.41186
M73 Q71 S10
G1 X113.356 Y100.658 E3.46077
M73 P71 R10
G1 X113.7 Y101.396 E3.49274
G1 X113.981 Y102.168 E3.525
G1 X114.168 Y102.864 E3.5533
G1 X114.348 Y103.891 E3.59424
G1 X114.408 Y104.689 E3.62566
G1 X114.407 Y105.434 E3.65491
G1 X114.337 Y106.229 E3.68625
G1 X114.194 Y107.038 E3.71851
G1 X113.981 Y107.832 E3.75079
G1 X113.7 Y108.604 E3.78305
G1 X113.353 Y109.348 E3.81528
G1 X112.93 Y110.079 E3.84844
G1 X112.475 Y110.727 E3.87953
G1 X111.654 Y111.664 E3.92845
G1 X111.054 Y112.214 E3.96041
G1 X110.382 Y112.727 E3.99361
G1 X109.714 Y113.152 E4.0247
G1 X108.598 Y113.703 E4.07357
G1 X107.832 Y113.981 E4.10557
G1 X107.039 Y114.194 E4.13781
G1 X106.206 Y114.339 E4.17101
G1 X105.417 Y114.408 E4.20211
G1 X104.173 Y114.381 E4.25097
G1 X103.342 Y114.27 E4.28389
G1 X102.569 Y114.098 E4.31498
G1 X101.39 Y113.698 E4.36386
G1 X100.652 Y113.353 E4.39585
G1 X99.921 Y112.93 E4.42901
G1 X99.273 Y112.475 E4.4601
G1 X98.336 Y111.654 E4.50902
G1 X97.817 Y111.087 E4.5392
G1 X97.471 Y111.311 F7800
;TYPE:External perimeter
G1 F884.349
G1 X96.952 Y110.635 E4.57266
G1 X96.493 Y109.914 E4.60622
G1 X95.922 Y108.758 E4.65685
G1 X95.631 Y107.956 E4.69035
G1 X95.324 Y106.704 E4.74097
G1 X95.213 Y105.856 E4.77455
G1 X95.175 Y105 E4.80819
G1 X95.213 Y104.144 E4.84183
G1 X95.329 Y103.271 E4.87641
G1 X95.51 Y102.459 E4.90908
G1 X95.924 Y101.238 E4.9597
G1 X96.284 Y100.465 E4.99318
G1 X96.953 Y99.363 E5.0438
G1 X97.474 Y98.685 E5.07737
G1 X98.053 Y98.053 E5.11102
G1 X98.685 Y97.474 E5.14467
G1 X99.365 Y96.952 E5.17833
G1 X100.086 Y96.493 E5.21189
G1 X101.241 Y95.923 E5.26246
G1 X102.459 Y95.51 E5.31296
G1 X103.294 Y95.324 E5.34655
G1 X104.144 Y95.213 E5.38021
G1 X105.024 Y95.176 E5.41479
G1 X105.854 Y95.213 E5.44741
G1 X107.129 Y95.409 E5.49806
G1 X107.954 Y95.63 E5.5316
G1 X108.76 Y95.923 E5.56527
G1 X109.537 Y96.285 E5.59893
G1 X110.279 Y96.714 E5.63258
G1 X110.981 Y97.205 E5.66622
G1 X111.636 Y97.755 E5.6998
G1 X112.528 Y98.687 E5.75045
G1 X113.047 Y99.363 E5.78391
G1 X113.716 Y100.465 E5.83453
G1 X114.077 Y101.24 E5.8681
G1 X114.37 Y102.046 E5.90177
G1 X114.561 Y102.758 E5.93071
G1 X114.753 Y103.856 E5.97448
G1 X114.815 Y104.69 E6.00732
G1 X114.814 Y105.452 E6.03724
G1 X114.741 Y106.282 E6.06996
G1 X114.592 Y107.126 E6.10361
G1 X114.37 Y107.954 E6.13727
G1 X114.077 Y108.76 E6.17094
G1 X113.715 Y109.536 E6.20456
G1 X113.273 Y110.299 E6.23918
G1 X112.796 Y110.979 E6.27179
G1 X111.946 Y111.949 E6.32243
G1 X111.315 Y112.526 E6.356
G1 X110.616 Y113.061 E6.39056
G1 X109.914 Y113.507 E6.42322
G1 X108.758 Y114.078 E6.47385
G1 X107.954 Y114.37 E6.50744
G1 X107.127 Y114.592 E6.54106
G1 X106.259 Y114.743 E6.57565
G1 X105.431 Y114.815 E6.60828
G1 X104.142 Y114.787 E6.6589
G1 X103.271 Y114.671 E6.6934
G1 X102.459 Y114.49 E6.72607
G1 X101.238 Y114.076 E6.77669
G1 X100.464 Y113.715 E6.81022
G1 X99.701 Y113.273 E6.84484
G1 X99.021 Y112.796 E6.87745
G1 X98.051 Y111.946 E6.92809
G1 X97.511 Y111.356 E6.95949
G1 X97.264 Y111.041 F7800
G92 E0
G1 X102.067 Y113.175
;TYPE:Internal infill
;WIDTH:0.45
;HEIGHT:0.4
G1 F494.289
G1 X102.761 Y113.411 E.05149
G1 X104.228 Y113.669 E.15613
G1 X104.446 Y113.674 E.17145
G1 X105 Y113.513 E.21198
G1 X105.983 Y113.644 E.28165
G1 X106.885 Y113.498 E.34584
G1 X108.34 Y113.036 E.45308
G92 E0
G1 X106.036 Y110.497 F7800
G1 F494.289
G1 X107.128 Y110.174 E.08
G1 X108.003 Y109.72 E.14925
G1 X108.931 Y109.055 E.22945
G1 X109.586 Y108.484 E.29049
G1 X110.241 Y108.271 E.33888
G1 X110.896 Y108.342 E.38516
G1 X111.552 Y108.807 E.44165
G1 X112.207 Y109.378 E.50269
G1 X112.464 Y109.461 E.52166
G1 X111.914 Y110.287 E.59137
G1 X111.057 Y111.245 E.68167
G1 X110.896 Y111.105 E.69666
G1 X110.241 Y110.892 E.74505
G1 X109.586 Y110.963 E.79133
G1 X108.931 Y111.428 E.84776
G1 X108.276 Y111.998 E.90876
G1 X107.621 Y112.211 E.95715
G1 X106.965 Y112.14 E1.0035
G1 X106.31 Y111.675 E1.05993
G1 X105.655 Y111.105 E1.12093
G1 X105 Y110.892 E1.16932
G1 X104.345 Y110.963 E1.2156
G1 X103.69 Y111.428 E1.27203
G1 X103.035 Y111.998 E1.33303
G1 X102.379 Y112.211 E1.38148
G1 X101.724 Y112.14 E1.42776
G1 X101.069 Y111.675 E1.48419
G1 X100.414 Y111.105 E1.54519
G1 X99.759 Y110.892 E1.59358
G1 X99.104 Y110.963 E1.63986
G1 X98.841 Y111.149 E1.66249
G1 X98.332 Y110.595 E1.71534
G1 X97.583 Y109.542 E1.80612
G1 X97.793 Y109.52 E1.82095
G1 X98.448 Y109.055 E1.87738
G1 X99.104 Y108.484 E1.93848
G1 X99.759 Y108.271 E1.98687
G1 X100.414 Y108.342 E2.03315
G1 X100.704 Y108.548 E2.05814
G1 X100.386 Y108.163 E2.09322
G1 X99.826 Y107.13 E2.17577
G1 X99.543 Y106.236 E2.24164
G1 X99.463 Y105.683 E2.28089
G1 X99.104 Y105.722 E2.30626
G1 X98.448 Y106.187 E2.36275
G1 X97.793 Y106.757 E2.42375
G1 X97.138 Y106.97 E2.47214
G1 X96.526 Y106.904 E2.51538
G1 X96.329 Y105.759 E2.597
G1 X96.296 Y105 E2.65037
G1 X96.358 Y104.027 E2.71886
G1 X96.483 Y104.136 E2.73051
G1 X97.138 Y104.349 E2.7789
G1 X97.793 Y104.278 E2.82518
G1 X98.448 Y103.813 E2.88161
G1 X99.104 Y103.243 E2.94266
G1 X99.778 Y103.032 E2.99227
G1 X100.136 Y102.238 E3.05346
G1 X100.416 Y101.792 E3.09045
G1 X100.982 Y101.117 E3.15233
G1 X100.414 Y100.622 E3.20526
G1 X99.759 Y100.409 E3.25365
G1 X99.104 Y100.48 E3.29993
G1 X98.448 Y100.945 E3.35642
G1 X97.793 Y101.516 E3.41746
G1 X97.138 Y101.729 E3.46585
G1 X96.947 Y101.708 E3.47935
G1 X97.273 Y100.994 E3.53449
G1 X97.879 Y99.996 E3.61651
G1 X98.332 Y99.405 E3.66882
G1 X99.405 Y98.332 E3.77542
G1 X100.08 Y97.824 E3.83477
G1 X100.414 Y97.86 E3.85837
G1 X101.069 Y98.325 E3.9148
G1 X101.724 Y98.895 E3.9758
G1 X102.379 Y99.108 E4.02419
G1 X103.035 Y99.037 E4.07054
G1 X103.69 Y98.572 E4.12697
G1 X104.345 Y98.002 E4.18797
G1 X105 Y97.789 E4.23636
G1 X105.655 Y97.86 E4.28264
G1 X106.31 Y98.325 E4.33907
G1 X106.965 Y98.895 E4.40007
G1 X107.621 Y99.108 E4.44852
G1 X108.276 Y99.037 E4.4948
G1 X108.931 Y98.572 E4.55123
G1 X109.586 Y98.002 E4.61223
G1 X109.982 Y97.873 E4.64149
G1 X110.87 Y98.573 E4.72092
G1 X111.677 Y99.416 E4.8029
G1 X112.121 Y99.996 E4.85421
G1 X112.727 Y100.994 E4.93623
G1 X113.042 Y101.67 E4.98862
G1 X112.862 Y101.729 E5.00193
G1 X112.207 Y101.658 E5.04821
G1 X111.552 Y101.193 E5.10464
G1 X110.896 Y100.622 E5.16574
G1 X110.241 Y100.409 E5.21413
G1 X109.586 Y100.48 E5.26041
G1 X108.883 Y100.987 E5.3213
G1 X109.439 Y101.595 E5.37918
G1 X109.974 Y102.44 E5.44944
G1 X110.223 Y103.036 E5.49482
G1 X110.896 Y103.101 E5.54232
G1 X111.552 Y103.566 E5.59881
G1 X112.207 Y104.136 E5.65981
G1 X112.862 Y104.349 E5.7082
G1 X113.517 Y104.278 E5.75448
G1 X113.658 Y104.179 E5.76658
G1 X113.695 Y105.402 E5.85253
G1 X113.521 Y106.754 E5.94829
G1 X112.862 Y106.97 E5.99701
G1 X112.207 Y106.899 E6.04329
G1 X111.552 Y106.434 E6.09972
G1 X110.896 Y105.864 E6.16077
G1 X110.53 Y105.744 E6.18783
G1 X110.595 Y105.002 E6.24015
G1 X110.51 Y104.031 E6.30862
G1 X110.335 Y103.33 E6.35938
;LAYER_CHANGE
;Z:9.55
;HEIGHT:0.2
G92 E0
G1 Z9.55 F7800
G1 X99.74 Y104.792
;TYPE:Perimeter
;WIDTH:0.449999
G1 F884.349
G1 X99.784 Y104.273 E.02045
G1 X99.859 Y103.77 E.04042
G1 X100.083 Y103.059 E.06969
G1 X100.445 Y102.359 E.10063
G1 X100.721 Y101.896 E.12179
G1 X101.2 Y101.325 E.15105
G1 X101.825 Y100.781 E.18358
G1 X102.349 Y100.451 E.20789
G1 X102.876 Y100.161 E.23151
G1 X103.711 Y99.878 E.26613
G1 X104.564 Y99.748 E.30001
G1 X104.963 Y99.713 E.31574
G1 X105.549 Y99.743 E.33878
G1 X106.283 Y99.872 E.36804
G1 X106.862 Y100.056 E.39189
G1 X107.125 Y100.162 E.40302
G1 X107.94 Y100.609 E.43952
G1 X108.651 Y101.18 E.47533
G1 X109.154 Y101.728 E.50454
G1 X109.72 Y102.618 E.54595
G1 X110.002 Y103.298 E.57485
G1 X110.195 Y104.016 E.60404
G1 X110.28 Y104.851 E.637
G1 X110.226 Y105.769 E.67311
G1 X110.019 Y106.592 E.70643
G1 X109.842 Y107.118 E.72822
G1 X109.434 Y107.874 E.76195
G1 X108.827 Y108.641 E.80036
G1 X108.198 Y109.183 E.83296
G1 X107.765 Y109.505 E.85415
G1 X107.105 Y109.849 E.88337
G1 X106.23 Y110.141 E.91959
G1 X105.111 Y110.283 E.96388
G1 X104.259 Y110.219 E.99743
G1 X103.848 Y110.157 E1.01375
G1 X103.068 Y109.92 E1.04576
G1 X102.305 Y109.525 E1.0795
G1 X101.896 Y109.279 E1.09824
G1 X101.325 Y108.8 E1.1275
G1 X100.781 Y108.175 E1.16003
G1 X100.451 Y107.651 E1.18434
G1 X100.161 Y107.123 E1.20799
G1 X99.912 Y106.353 E1.23977
G1 X99.78 Y105.83 E1.26095
G1 X99.715 Y105.089 E1.29016
G1 X99.735 Y104.852 E1.2995
G1 X100.148 Y104.802 F7800
G1 F884.349
G1 X100.247 Y103.892 E1.33544
G1 X100.471 Y103.182 E1.36467
G1 X100.802 Y102.555 E1.39251
G1 X101.085 Y102.096 E1.41368
G1 X101.512 Y101.587 E1.43977
G1 X102.087 Y101.092 E1.46956
G1 X102.545 Y100.807 E1.49074
G1 X103.072 Y100.518 E1.51434
G1 X103.833 Y100.266 E1.54582
G1 X104.611 Y100.152 E1.57669
G1 X105.255 Y100.13 E1.60199
G1 X106.121 Y100.257 E1.63636
G1 X106.731 Y100.442 E1.66139
G1 X107.472 Y100.817 E1.694
G1 X107.843 Y101.033 E1.71086
G1 X108.413 Y101.512 E1.74009
G1 X108.848 Y101.997 E1.76567
G1 X109.304 Y102.7 E1.79857
G1 X109.626 Y103.454 E1.83076
G1 X109.8 Y104.113 E1.85752
G1 X109.875 Y104.887 E1.88805
G1 X109.82 Y105.733 E1.92134
G1 X109.628 Y106.478 E1.95155
G1 X109.459 Y106.97 E1.97198
G1 X109.076 Y107.681 E2.00369
G1 X108.513 Y108.383 E2.03902
G1 X107.943 Y108.866 E2.06836
G1 X107.505 Y109.181 E2.08954
G1 X106.917 Y109.488 E2.11558
G1 X106.108 Y109.753 E2.14901
G1 X105.067 Y109.878 E2.19018
G1 X103.967 Y109.768 E2.23359
G1 X103.187 Y109.53 E2.26561
G1 X102.158 Y108.967 E2.31167
G1 X101.587 Y108.488 E2.34093
G1 X101.092 Y107.913 E2.37072
G1 X100.808 Y107.456 E2.39185
M73 Q72 S10
G1 X100.518 Y106.928 E2.4155
G1 X100.302 Y106.239 E2.44385
G1 X100.178 Y105.715 E2.46499
M73 P72 R10
G1 X100.12 Y105.053 E2.49108
G1 X100.141 Y104.861 E2.49866
G1 X100.548 Y104.81 F7800
;TYPE:External perimeter
G1 F884.349
G1 X100.636 Y104.014 E2.53011
G1 X100.86 Y103.304 E2.55934
G1 X101.159 Y102.75 E2.58406
G1 X101.397 Y102.357 E2.6021
G1 X101.824 Y101.849 E2.62816
G1 X102.349 Y101.404 E2.65518
G1 X103.267 Y100.875 E2.69678
G1 X103.955 Y100.654 E2.72515
G1 X104.658 Y100.557 E2.75301
G1 X105.241 Y100.537 E2.77591
G1 X106.05 Y100.658 E2.80803
G1 X106.6 Y100.827 E2.83062
G1 X107.276 Y101.173 E2.86044
G1 X107.581 Y101.345 E2.87419
G1 X108.151 Y101.824 E2.90342
G1 X108.542 Y102.265 E2.92656
G1 X108.961 Y102.918 E2.95702
G1 X109.25 Y103.609 E2.98643
G1 X109.404 Y104.21 E3.01079
G1 X109.469 Y104.922 E3.03886
G1 X109.415 Y105.698 E3.0694
G1 X109.237 Y106.364 E3.09647
G1 X109.101 Y106.776 E3.11351
G1 X108.717 Y107.488 E3.14527
G1 X108.199 Y108.124 E3.17748
G1 X107.688 Y108.548 E3.20355
G1 X107.317 Y108.82 E3.22161
G1 X106.729 Y109.127 E3.24765
G1 X105.986 Y109.364 E3.27827
G1 X105.022 Y109.474 E3.31637
G1 X104.085 Y109.379 E3.35335
G1 X103.306 Y109.141 E3.38533
G1 X102.419 Y108.655 E3.42504
G1 X101.849 Y108.176 E3.45427
G1 X101.404 Y107.651 E3.48129
G1 X100.875 Y106.732 E3.52293
G1 X100.693 Y106.125 E3.54781
G1 X100.584 Y105.679 E3.56584
G1 X100.526 Y105.018 E3.59189
G1 X100.542 Y104.87 E3.59774
G1 X100.585 Y104.472 F7800
G92 E0
G1 X98.128 Y110.736
;TYPE:Perimeter
G1 F884.349
G1 X97.899 Y110.463 E.01399
G1 X97.243 Y109.482 E.06033
G1 X96.879 Y108.786 E.09117
G1 X96.58 Y108.064 E.12185
G1 X96.349 Y107.329 E.1521
G1 X96.118 Y106.172 E.19843
G1 X96.049 Y105.39 E.22925
G1 X96.049 Y104.609 E.25992
G1 X96.117 Y103.831 E.29058
G1 X96.251 Y103.071 E.32088
G1 X96.58 Y101.938 E.3672
G1 X96.88 Y101.213 E.39801
G1 X97.236 Y100.53 E.42825
G1 X97.891 Y99.548 E.4746
G1 X98.395 Y98.946 E.50543
G1 X98.947 Y98.394 E.53608
G1 X99.537 Y97.899 E.56632
G1 X100.518 Y97.243 E.61266
G1 X101.214 Y96.879 E.6435
G1 X101.936 Y96.58 E.67418
G1 X102.681 Y96.345 E.70485
G1 X103.444 Y96.176 E.73553
G1 X104.209 Y96.076 E.76582
G1 X105.388 Y96.049 E.81213
G1 X106.17 Y96.117 E.84295
G1 X106.929 Y96.251 E.87321
G1 X108.062 Y96.58 E.91953
G1 X108.787 Y96.88 E.95034
G1 X109.48 Y97.241 E.98102
G1 X110.13 Y97.655 E1.01128
G1 X111.061 Y98.402 E1.05815
G1 X111.606 Y98.947 E1.08841
G1 X112.108 Y99.546 E1.1191
G1 X112.557 Y100.186 E1.1498
G1 X112.942 Y100.853 E1.18004
G1 X113.423 Y101.946 E1.22693
G1 X113.651 Y102.671 E1.25677
G1 X113.891 Y103.927 E1.30698
G1 X113.951 Y104.691 E1.33707
G1 X113.951 Y105.391 E1.36456
G1 X113.883 Y106.169 E1.39522
G1 X113.747 Y106.939 E1.42592
G1 X113.548 Y107.684 E1.4562
G1 X113.115 Y108.796 E1.50306
G1 X112.764 Y109.47 E1.5329
G1 X112.109 Y110.452 E1.57925
G1 X111.606 Y111.054 E1.61005
G1 X111.053 Y111.606 E1.64073
G1 X110.463 Y112.101 E1.67097
G1 X109.482 Y112.757 E1.71731
G1 X108.786 Y113.121 E1.74815
G1 X108.075 Y113.415 E1.77836
G1 X106.928 Y113.749 E1.82527
G1 X106.169 Y113.883 E1.85553
G1 X105.391 Y113.951 E1.88619
G1 X104.609 Y113.951 E1.91689
G1 X103.831 Y113.883 E1.94755
G1 X103.061 Y113.747 E1.97825
G1 X102.306 Y113.545 E2.00894
G1 X101.581 Y113.282 E2.03922
G1 X100.511 Y112.753 E2.08609
G1 X99.87 Y112.345 E2.11592
G1 X98.939 Y111.598 E2.16279
G1 X98.394 Y111.053 E2.19305
G1 X98.167 Y110.782 E2.20693
G1 X97.822 Y111.005 F7800
G1 F884.349
G1 X97.572 Y110.707 E2.2222
G1 X96.892 Y109.69 E2.27024
G1 X96.51 Y108.958 E2.30266
G1 X96.198 Y108.204 E2.3347
G1 X95.954 Y107.43 E2.36657
G1 X95.714 Y106.23 E2.41462
G1 X95.642 Y105.408 E2.44702
G1 X95.642 Y104.591 E2.4791
G1 X95.713 Y103.777 E2.51118
G1 X95.854 Y102.979 E2.543
G1 X96.196 Y101.803 E2.59109
G1 X96.51 Y101.041 E2.62345
G1 X96.885 Y100.322 E2.65529
G1 X97.564 Y99.304 E2.70334
G1 X98.094 Y98.671 E2.73576
G1 X98.672 Y98.094 E2.76783
G1 X99.293 Y97.572 E2.79968
G1 X100.31 Y96.892 E2.84772
G1 X101.042 Y96.51 E2.88014
G1 X101.796 Y96.198 E2.91218
G1 X102.576 Y95.952 E2.94429
G1 X103.373 Y95.775 E2.97635
G1 X104.177 Y95.669 E3.00819
G1 X105.401 Y95.642 E3.05626
G1 X106.223 Y95.713 E3.08866
G1 X107.021 Y95.854 E3.12048
G1 X108.197 Y96.196 E3.16857
G1 X108.959 Y96.51 E3.20093
G1 X109.684 Y96.888 E3.23303
G1 X110.367 Y97.323 E3.26482
G1 X111.333 Y98.098 E3.31345
G1 X111.906 Y98.672 E3.3453
G1 X112.432 Y99.298 E3.3774
G1 X112.9 Y99.967 E3.40946
G1 X113.306 Y100.669 E3.4413
G1 X113.804 Y101.803 E3.48993
G1 X114.046 Y102.57 E3.52151
G1 X114.296 Y103.892 E3.57434
G1 X114.358 Y104.691 E3.60581
G1 X114.358 Y105.409 E3.634
G1 X114.287 Y106.223 E3.66608
G1 X114.145 Y107.027 E3.69814
G1 X113.935 Y107.811 E3.73001
G1 X113.487 Y108.965 E3.77862
G1 X113.115 Y109.678 E3.8102
G1 X112.436 Y110.696 E3.85825
G1 X111.906 Y111.329 E3.89067
G1 X111.328 Y111.906 E3.92274
G1 X110.707 Y112.428 E3.95459
G1 X109.69 Y113.108 E4.00263
G1 X108.958 Y113.49 E4.03505
G1 X108.21 Y113.8 E4.06684
G1 X107.021 Y114.146 E4.11546
G1 X106.223 Y114.287 E4.14728
G1 X105.409 Y114.358 E4.17936
G1 X104.591 Y114.358 E4.21148
G1 X103.777 Y114.287 E4.24356
G1 X102.973 Y114.145 E4.27562
G1 X102.183 Y113.934 E4.30773
G1 X101.421 Y113.656 E4.33958
G1 X100.311 Y113.109 E4.38817
G1 X99.633 Y112.677 E4.41974
G1 X98.667 Y111.902 E4.46837
G1 X98.094 Y111.328 E4.50022
G1 X97.861 Y111.051 E4.51443
G1 X97.516 Y111.273 F7800
;TYPE:External perimeter
G1 F884.349
G1 X97.246 Y110.952 E4.5309
G1 X96.541 Y109.898 E4.58069
G1 X96.141 Y109.131 E4.61466
G1 X95.815 Y108.343 E4.64814
G1 X95.559 Y107.532 E4.68153
G1 X95.311 Y106.288 E4.73134
G1 X95.235 Y105.426 E4.76532
G1 X95.235 Y104.574 E4.79877
G1 X95.309 Y103.724 E4.83227
G1 X95.457 Y102.886 E4.86568
G1 X95.811 Y101.668 E4.91548
G1 X96.141 Y100.869 E4.94942
G1 X96.534 Y100.114 E4.98284
G1 X97.238 Y99.059 E5.03264
G1 X97.793 Y98.396 E5.06659
G1 X98.396 Y97.793 E5.10007
G1 X99.048 Y97.246 E5.13349
G1 X100.102 Y96.541 E5.18328
G1 X100.869 Y96.141 E5.21725
G1 X101.657 Y95.815 E5.25073
G1 X102.47 Y95.558 E5.28421
G1 X103.303 Y95.374 E5.31771
G1 X104.146 Y95.263 E5.3511
G1 X105.414 Y95.234 E5.4009
G1 X106.276 Y95.309 E5.43487
G1 X107.114 Y95.457 E5.46828
G1 X108.332 Y95.811 E5.51808
G1 X109.131 Y96.141 E5.55202
G1 X109.887 Y96.535 E5.58549
G1 X110.605 Y96.992 E5.61891
G1 X111.605 Y97.795 E5.66927
G1 X112.207 Y98.396 E5.70267
G1 X112.755 Y99.049 E5.73614
G1 X113.244 Y99.748 E5.76964
G1 X113.669 Y100.485 E5.80304
G1 X114.186 Y101.659 E5.85341
G1 X114.441 Y102.468 E5.88672
G1 X114.702 Y103.856 E5.94217
G1 X114.765 Y104.691 E5.97505
G1 X114.765 Y105.426 E6.00391
G1 X114.691 Y106.276 E6.03741
G1 X114.543 Y107.116 E6.0709
G1 X114.323 Y107.937 E6.10427
G1 X113.858 Y109.133 E6.15465
G1 X113.466 Y109.886 E6.18798
G1 X112.762 Y110.941 E6.23778
G1 X112.207 Y111.604 E6.27173
G1 X111.604 Y112.207 E6.30521
G1 X110.952 Y112.754 E6.33863
G1 X109.898 Y113.459 E6.38842
G1 X109.131 Y113.859 E6.42239
G1 X108.345 Y114.185 E6.4558
G1 X107.113 Y114.543 E6.50617
G1 X106.276 Y114.691 E6.53954
G1 X105.426 Y114.765 E6.57304
G1 X104.574 Y114.765 E6.60649
G1 X103.724 Y114.691 E6.63999
G1 X102.884 Y114.543 E6.67348
G1 X102.061 Y114.322 E6.70694
G1 X101.261 Y114.031 E6.74037
G1 X100.111 Y113.464 E6.79071
G1 X99.395 Y113.008 E6.82404
G1 X98.395 Y112.205 E6.8744
G1 X97.793 Y111.604 E6.9078
G1 X97.554 Y111.319 E6.9224
G1 X97.297 Y111.013 F7800
;LAYER_CHANGE
;Z:9.75
;HEIGHT:0.2
G92 E0
G1 Z9.75 F7800
G1 X99.73 Y104.792
;TYPE:Perimeter
G1 F884.349
G1 X99.727 Y104.689 E.00405
G1 X99.862 Y103.85 E.03742
G1 X99.992 Y103.313 E.05911
G1 X100.33 Y102.528 E.09267
G1 X100.871 Y101.704 E.13137
G1 X101.491 Y101.052 E.1667
G1 X102.281 Y100.467 E.2053
G1 X102.807 Y100.194 E.22857
G1 X103.711 Y99.878 E.26617
G1 X104.566 Y99.748 E.30013
G1 X105.003 Y99.715 E.31734
G1 X105.82 Y99.779 E.34952
G1 X106.919 Y100.077 E.39423
G1 X107.683 Y100.462 E.42782
G1 X108.033 Y100.673 E.44387
G1 X108.667 Y101.194 E.47609
G1 X109.154 Y101.728 E.50447
G1 X109.72 Y102.618 E.54588
G1 X110.002 Y103.298 E.57478
G1 X110.195 Y104.016 E.60397
G1 X110.28 Y104.853 E.637
G1 X110.226 Y105.769 E.67303
G1 X110.019 Y106.592 E.70635
G1 X109.842 Y107.117 E.7281
G1 X109.437 Y107.869 E.76164
G1 X108.828 Y108.641 E.80025
G1 X108.198 Y109.183 E.83288
G1 X107.765 Y109.505 E.85407
G1 X107.105 Y109.849 E.88329
G1 X106.37 Y110.088 E.91364
G1 X105.915 Y110.205 E.93209
G1 X105.099 Y110.284 E.96428
G1 X104.258 Y110.219 E.9974
G1 X103.854 Y110.159 E1.01344
G1 X103.069 Y109.92 E1.04566
G1 X102.317 Y109.538 E1.07878
G1 X101.967 Y109.327 E1.09483
G1 X101.333 Y108.807 E1.12703
G1 X100.78 Y108.174 E1.16003
G1 X100.459 Y107.666 E1.18362
G1 X100.161 Y107.123 E1.20794
G1 X99.91 Y106.433 E1.23677
G1 X99.753 Y105.607 E1.26978
G1 X99.732 Y104.852 E1.29944
G1 X100.137 Y104.801 F7800
G1 F884.349
G1 X100.134 Y104.689 E1.30384
G1 X100.261 Y103.929 E1.33409
G1 X100.375 Y103.452 E1.35335
G1 X100.703 Y102.689 E1.38596
G1 X101.207 Y101.934 E1.4216
G1 X101.779 Y101.34 E1.45398
G1 X102.514 Y100.8 E1.48979
G1 X102.987 Y100.559 E1.51063
G1 X103.833 Y100.266 E1.54578
G1 X104.613 Y100.152 E1.57673
G1 X105.139 Y100.134 E1.5974
G1 X105.789 Y100.185 E1.623
G1 X106.805 Y100.467 E1.6644
G1 X107.775 Y100.987 E1.70761
G1 X108.408 Y101.508 E1.7398
G1 X108.848 Y101.997 E1.76563
G1 X109.304 Y102.7 E1.79853
G1 X109.626 Y103.454 E1.83072
G1 X109.8 Y104.113 E1.85748
G1 X109.875 Y104.889 E1.88809
G1 X109.82 Y105.733 E1.9213
G1 X109.628 Y106.478 E1.95151
G1 X109.459 Y106.971 E1.97197
G1 X109.079 Y107.676 E2.00342
G1 X108.513 Y108.383 E2.03898
G1 X107.943 Y108.865 E2.06829
G1 X107.495 Y109.187 E2.08995
G1 X106.917 Y109.488 E2.11554
G1 X105.876 Y109.8 E2.15821
G1 X105.059 Y109.879 E2.19044
G1 X103.972 Y109.769 E2.23334
G1 X103.188 Y109.531 E2.26551
G1 X102.225 Y109.013 E2.30844
G1 X101.592 Y108.492 E2.34063
G1 X101.092 Y107.912 E2.3707
G1 X100.815 Y107.47 E2.39118
G1 X100.518 Y106.927 E2.41548
G1 X100.296 Y106.302 E2.44152
G1 X100.154 Y105.537 E2.47207
G1 X100.138 Y104.861 E2.49862
G1 X100.543 Y104.81 F7800
;TYPE:External perimeter
G1 F884.349
G1 X100.541 Y104.689 E2.50337
G1 X100.749 Y103.613 E2.5464
G1 X101.077 Y102.85 E2.57901
G1 X101.543 Y102.165 E2.61154
G1 X102.067 Y101.628 E2.641
G1 X102.748 Y101.134 E2.67403
G1 X103.275 Y100.871 E2.69716
G1 X103.955 Y100.654 E2.72519
G1 X104.661 Y100.556 E2.75318
G1 X105.108 Y100.54 E2.77074
G1 X105.758 Y100.591 E2.79634
G1 X106.691 Y100.858 E2.83444
G1 X107.516 Y101.302 E2.87123
G1 X108.15 Y101.823 E2.90345
G1 X108.542 Y102.265 E2.92665
G1 X108.961 Y102.918 E2.95711
G1 X109.25 Y103.609 E2.98652
G1 X109.404 Y104.21 E3.01088
G1 X109.469 Y104.924 E3.03903
G1 X109.415 Y105.698 E3.06949
G1 X109.237 Y106.364 E3.09656
G1 X109.1 Y106.778 E3.11368
G1 X108.72 Y107.483 E3.14513
G1 X108.199 Y108.124 E3.17756
G1 X107.688 Y108.548 E3.20363
G1 X107.307 Y108.826 E3.22215
G1 X106.729 Y109.127 E3.24774
G1 X106.136 Y109.308 E3.27208
G1 X105.636 Y109.414 E3.29215
G1 X105.02 Y109.474 E3.31645
G1 X104.091 Y109.38 E3.35311
G1 X103.306 Y109.141 E3.38533
G1 X102.484 Y108.698 E3.42199
G1 X101.85 Y108.178 E3.45419
G1 X101.404 Y107.651 E3.4813
G1 X100.875 Y106.732 E3.52294
G1 X100.681 Y106.171 E3.54625
G1 X100.555 Y105.466 E3.57437
G1 X100.544 Y104.87 E3.59778
G1 X100.588 Y104.472 F7800
G92 E0
G1 X98.128 Y110.736
;TYPE:Perimeter
G1 F884.349
G1 X97.898 Y110.462 E.01405
G1 X97.252 Y109.497 E.05965
G1 X96.879 Y108.785 E.09121
G1 X96.58 Y108.064 E.12186
G1 X96.349 Y107.329 E.15211
G1 X96.121 Y106.19 E.19772
G1 X96.049 Y105.39 E.22926
G1 X96.049 Y104.609 E.25993
G1 X96.117 Y103.831 E.29059
G1 X96.251 Y103.071 E.32089
G1 X96.574 Y101.956 E.36647
G1 X96.88 Y101.212 E.39806
G1 X97.236 Y100.529 E.4283
G1 X97.88 Y99.563 E.47389
G1 X98.395 Y98.946 E.50545
G1 X98.947 Y98.394 E.5361
G1 X99.538 Y97.898 E.56639
G1 X100.503 Y97.252 E.61199
G1 X101.215 Y96.879 E.64355
G1 X101.936 Y96.581 E.67418
G1 X102.681 Y96.345 E.70486
G1 X103.444 Y96.176 E.73554
G1 X104.209 Y96.076 E.76583
G1 X105.37 Y96.049 E.81143
G1 X106.171 Y96.117 E.84299
G1 X106.929 Y96.251 E.87321
G1 X108.044 Y96.574 E.91879
G1 X108.788 Y96.88 E.95038
G1 X109.48 Y97.241 E.98103
G1 X110.13 Y97.655 E1.01129
M73 Q73 S10
G1 X111.061 Y98.402 E1.05816
G1 X111.606 Y98.947 E1.08842
M73 P73 R10
G1 X112.108 Y99.546 E1.11911
G1 X112.557 Y100.186 E1.14981
G1 X112.942 Y100.853 E1.18005
G1 X113.423 Y101.946 E1.22694
G1 X113.651 Y102.671 E1.25678
G1 X113.888 Y103.909 E1.30627
G1 X113.951 Y104.693 E1.33715
G1 X113.951 Y105.391 E1.36456
G1 X113.883 Y106.169 E1.39522
G1 X113.747 Y106.939 E1.42592
G1 X113.548 Y107.684 E1.4562
G1 X113.115 Y108.796 E1.50306
G1 X112.764 Y109.47 E1.5329
G1 X112.101 Y110.463 E1.57978
G1 X111.606 Y111.053 E1.61002
G1 X111.053 Y111.606 E1.64073
G1 X110.463 Y112.101 E1.67097
G1 X109.47 Y112.765 E1.71787
G1 X108.787 Y113.12 E1.74809
G1 X108.064 Y113.42 E1.77883
G1 X107.36 Y113.642 E1.80781
G1 X106.157 Y113.884 E1.85599
G1 X105.391 Y113.951 E1.88618
G1 X104.609 Y113.951 E1.91688
G1 X103.831 Y113.883 E1.94754
G1 X103.061 Y113.747 E1.97824
G1 X102.316 Y113.548 E2.00852
G1 X101.204 Y113.115 E2.05538
G1 X100.52 Y112.759 E2.08566
G1 X99.87 Y112.345 E2.11592
G1 X98.939 Y111.598 E2.16279
G1 X98.394 Y111.053 E2.19305
G1 X98.167 Y110.782 E2.20693
G1 X97.822 Y111.005 F7800
G1 F884.349
G1 X97.572 Y110.707 E2.2222
G1 X96.902 Y109.706 E2.2695
G1 X96.51 Y108.958 E2.30266
G1 X96.198 Y108.204 E2.3347
G1 X95.954 Y107.43 E2.36657
G1 X95.717 Y106.248 E2.4139
G1 X95.642 Y105.408 E2.44701
G1 X95.642 Y104.591 E2.47909
G1 X95.713 Y103.777 E2.51117
G1 X95.854 Y102.979 E2.54299
G1 X96.19 Y101.821 E2.59033
G1 X96.511 Y101.041 E2.62345
G1 X96.885 Y100.322 E2.65527
G1 X97.553 Y99.319 E2.70259
G1 X98.094 Y98.671 E2.73574
G1 X98.672 Y98.094 E2.76781
G1 X99.293 Y97.572 E2.79966
G1 X100.294 Y96.902 E2.84696
G1 X101.042 Y96.51 E2.88012
G1 X101.796 Y96.198 E2.91216
G1 X102.576 Y95.952 E2.94427
G1 X103.373 Y95.775 E2.97633
G1 X104.178 Y95.669 E3.00821
G1 X105.382 Y95.641 E3.0555
G1 X106.223 Y95.713 E3.08864
G1 X107.021 Y95.854 E3.12046
G1 X108.179 Y96.19 E3.1678
G1 X108.959 Y96.511 E3.20092
G1 X109.684 Y96.888 E3.23301
G1 X110.367 Y97.323 E3.2648
G1 X111.333 Y98.098 E3.31343
G1 X111.906 Y98.672 E3.34528
G1 X112.432 Y99.298 E3.37738
G1 X112.9 Y99.967 E3.40944
G1 X113.306 Y100.669 E3.44128
G1 X113.804 Y101.803 E3.48991
G1 X114.046 Y102.57 E3.52149
G1 X114.294 Y103.872 E3.57353
G1 X114.358 Y104.693 E3.60586
G1 X114.358 Y105.409 E3.63397
G1 X114.287 Y106.223 E3.66605
G1 X114.145 Y107.027 E3.69811
G1 X113.935 Y107.811 E3.72998
G1 X113.487 Y108.965 E3.77859
G1 X113.115 Y109.678 E3.81017
G1 X112.427 Y110.708 E3.8588
G1 X111.906 Y111.328 E3.8906
G1 X111.328 Y111.906 E3.9227
G1 X110.707 Y112.427 E3.95453
G1 X109.678 Y113.115 E4.00313
G1 X108.959 Y113.49 E4.03497
G1 X108.204 Y113.803 E4.06706
G1 X107.462 Y114.037 E4.09761
G1 X106.215 Y114.288 E4.14755
G1 X105.409 Y114.358 E4.17932
G1 X104.591 Y114.358 E4.21144
G1 X103.777 Y114.287 E4.24352
G1 X102.973 Y114.145 E4.27558
G1 X102.189 Y113.935 E4.30745
G1 X101.035 Y113.487 E4.35606
G1 X100.316 Y113.112 E4.3879
G1 X99.633 Y112.677 E4.41969
G1 X98.667 Y111.902 E4.46832
G1 X98.094 Y111.328 E4.50017
G1 X97.861 Y111.051 E4.51438
G1 X97.516 Y111.273 F7800
;TYPE:External perimeter
G1 F884.349
G1 X97.246 Y110.952 E4.53085
G1 X96.551 Y109.914 E4.5799
G1 X96.141 Y109.131 E4.6146
G1 X95.815 Y108.343 E4.64808
G1 X95.559 Y107.532 E4.68147
G1 X95.314 Y106.307 E4.73052
G1 X95.235 Y105.426 E4.76525
G1 X95.235 Y104.574 E4.7987
G1 X95.309 Y103.724 E4.8322
G1 X95.457 Y102.886 E4.86561
G1 X95.805 Y101.687 E4.91463
G1 X96.141 Y100.869 E4.94935
G1 X96.534 Y100.114 E4.98277
G1 X97.227 Y99.075 E5.03181
G1 X97.793 Y98.396 E5.06652
G1 X98.396 Y97.793 E5.1
G1 X99.048 Y97.246 E5.13342
G1 X100.086 Y96.551 E5.18247
G1 X100.869 Y96.141 E5.21717
G1 X101.657 Y95.815 E5.25065
G1 X102.47 Y95.558 E5.28413
G1 X103.303 Y95.374 E5.31763
G1 X104.146 Y95.263 E5.35102
G1 X105.395 Y95.234 E5.40007
G1 X106.276 Y95.309 E5.43479
G1 X107.114 Y95.457 E5.4682
G1 X108.313 Y95.805 E5.51722
G1 X109.131 Y96.141 E5.55194
G1 X109.887 Y96.535 E5.58541
G1 X110.605 Y96.992 E5.61883
G1 X111.605 Y97.795 E5.66919
G1 X112.207 Y98.396 E5.70259
G1 X112.755 Y99.049 E5.73606
G1 X113.244 Y99.748 E5.76956
G1 X113.669 Y100.485 E5.80296
G1 X114.186 Y101.659 E5.85333
G1 X114.441 Y102.468 E5.88664
G1 X114.699 Y103.836 E5.9413
G1 X114.765 Y104.693 E5.97505
G1 X114.765 Y105.426 E6.00383
G1 X114.691 Y106.276 E6.03733
G1 X114.543 Y107.116 E6.07082
G1 X114.323 Y107.937 E6.10419
G1 X113.858 Y109.133 E6.15457
G1 X113.466 Y109.886 E6.1879
G1 X112.753 Y110.952 E6.23826
G1 X112.207 Y111.604 E6.27165
G1 X111.604 Y112.207 E6.30513
G1 X110.952 Y112.754 E6.33855
G1 X109.885 Y113.466 E6.38892
G1 X109.131 Y113.859 E6.42231
G1 X108.343 Y114.185 E6.45579
G1 X107.564 Y114.432 E6.48788
G1 X106.273 Y114.691 E6.53958
G1 X105.426 Y114.765 E6.57296
G1 X104.574 Y114.765 E6.60641
G1 X103.724 Y114.691 E6.63991
G1 X102.884 Y114.543 E6.6734
G1 X102.063 Y114.323 E6.70677
G1 X100.867 Y113.858 E6.75715
G1 X100.113 Y113.465 E6.79054
G1 X99.395 Y113.008 E6.82396
G1 X98.395 Y112.205 E6.87432
G1 X97.793 Y111.604 E6.90772
G1 X97.554 Y111.319 E6.92232
G1 X97.297 Y111.013 F7800
G92 E0
G1 X101.681 Y112.973
;TYPE:Internal infill
;WIDTH:0.45
;HEIGHT:0.4
G1 F494.289
G1 X102.411 Y113.257 E.05503
G1 X103.127 Y113.449 E.10711
G1 X104.033 Y113.594 E.17157
G1 X104.345 Y113.472 E.1951
G1 X105 Y113.494 E.24114
M73 P73 R9
G1 X105.455 Y113.639 E.27469
G1 X106.114 Y113.582 E.32116
G1 X107.843 Y113.165 E.4461
G92 E0
G1 X104.119 Y110.508 F7800
G1 F494.289
G1 X102.884 Y110.179 E.08978
G1 X101.864 Y109.627 E.17125
G1 X101.724 Y109.631 E.18109
G1 X101.397 Y109.503 E.20576
G1 X100.414 Y108.56 E.30145
G1 X99.759 Y108.252 E.3523
M73 Q73 S9
G1 X99.104 Y108.231 E.39834
G1 X98.776 Y108.359 E.42307
G1 X97.793 Y109.302 E.51876
G1 X97.562 Y109.411 E.5367
G1 X98.143 Y110.279 E.61008
G1 X99.029 Y111.256 E.70273
G1 X99.759 Y110.873 E.76064
G1 X100.414 Y110.851 E.80668
G1 X100.741 Y110.98 E.83137
G1 X101.724 Y111.923 E.92706
G1 X102.379 Y112.23 E.97788
G1 X103.035 Y112.252 E1.02399
G1 X103.362 Y112.123 E1.04868
G1 X104.345 Y111.18 E1.14437
G1 X105 Y110.873 E1.19519
G1 X105.655 Y110.851 E1.24123
G1 X105.983 Y110.98 E1.26599
G1 X106.965 Y111.923 E1.36163
G1 X107.621 Y112.23 E1.41251
G1 X108.276 Y112.252 E1.45855
G1 X108.603 Y112.123 E1.48324
G1 X109.586 Y111.18 E1.57893
G1 X110.241 Y110.873 E1.62975
G1 X110.896 Y110.851 E1.67579
G1 X111.237 Y110.991 E1.70169
G1 X111.861 Y110.273 E1.76852
G1 X112.292 Y109.628 E1.82302
G1 X111.879 Y109.503 E1.85333
G1 X110.896 Y108.56 E1.94902
G1 X110.241 Y108.252 E1.99987
G1 X109.537 Y108.25 E2.04933
G1 X110.179 Y107.116 E2.14087
G1 X110.51 Y105.973 E2.22446
G1 X110.54 Y105.622 E2.24921
G1 X110.896 Y105.61 E2.27423
G1 X111.224 Y105.739 E2.29899
G1 X112.207 Y106.682 E2.39468
G1 X112.862 Y106.989 E2.4455
G1 X113.413 Y107.007 E2.48423
G1 X113.58 Y106.13 E2.54695
G1 X113.646 Y105.377 E2.60005
G1 X113.589 Y103.988 E2.69771
G1 X112.862 Y104.368 E2.75534
G1 X112.207 Y104.39 E2.80138
G1 X111.879 Y104.261 E2.82614
G1 X110.896 Y103.318 E2.92183
G1 X110.213 Y103.01 E2.97446
G1 X109.907 Y102.32 E3.02748
G1 X109.439 Y101.595 E3.0881
G1 X109.092 Y101.199 E3.12509
G1 X109.586 Y100.698 E3.17452
G1 X110.241 Y100.39 E3.22537
G1 X110.896 Y100.369 E3.27141
G1 X111.224 Y100.497 E3.29614
G1 X112.207 Y101.44 E3.39183
G1 X112.862 Y101.748 E3.44268
G1 X113.004 Y101.752 E3.45266
G1 X112.669 Y100.992 E3.51101
G1 X112.299 Y100.35 E3.56306
G1 X111.381 Y99.153 E3.66903
G1 X110.857 Y98.63 E3.72104
G1 X109.715 Y97.752 E3.82223
G1 X109.586 Y97.748 E3.8313
G1 X109.259 Y97.877 E3.85599
G1 X108.276 Y98.82 E3.95168
G1 X107.621 Y99.127 E4.0025
G1 X106.965 Y99.149 E4.04861
G1 X106.638 Y99.02 E4.0733
G1 X105.655 Y98.077 E4.16899
G1 X105 Y97.77 E4.21981
G1 X104.345 Y97.748 E4.26585
G1 X104.017 Y97.877 E4.29061
G1 X103.035 Y98.82 E4.38625
G1 X102.379 Y99.127 E4.43713
G1 X101.724 Y99.149 E4.48317
G1 X101.397 Y99.02 E4.50786
G1 X100.414 Y98.077 E4.60355
G1 X100.065 Y97.913 E4.63064
G1 X99.153 Y98.619 E4.71166
G1 X98.13 Y99.74 E4.81827
G1 X97.499 Y100.685 E4.89809
G1 X97.014 Y101.69 E4.97648
G1 X97.138 Y101.748 E4.9861
G1 X97.793 Y101.769 E5.03214
G1 X98.121 Y101.641 E5.05687
G1 X99.104 Y100.698 E5.15256
G1 X99.759 Y100.39 E5.20341
G1 X100.414 Y100.369 E5.24945
G1 X100.741 Y100.497 E5.27412
G1 X101.202 Y100.91 E5.3176
G1 X100.712 Y101.407 E5.36663
G1 X100.401 Y101.814 E5.40261
G1 X100.091 Y102.318 E5.44418
G1 X99.78 Y103.021 E5.49818
G1 X99.104 Y102.989 E5.54572
G1 X98.776 Y103.118 E5.57048
G1 X97.793 Y104.061 E5.66617
G1 X97.138 Y104.368 E5.71699
G1 X96.483 Y104.39 E5.76303
G1 X96.378 Y104.349 E5.77095
G1 X96.354 Y105.376 E5.84312
G1 X96.536 Y106.707 E5.93749
G1 X97.138 Y106.989 E5.98419
G1 X97.793 Y107.011 E6.03023
G1 X98.121 Y106.882 E6.05499
G1 X99.104 Y105.939 E6.15068
G1 X99.471 Y105.767 E6.17915
G1 X99.405 Y104.999 E6.2333
G1 X99.426 Y104.511 E6.26761
G1 X99.654 Y103.355 E6.35038
;LAYER_CHANGE
;Z:9.95
;HEIGHT:0.2
G1 Z9.95 F7800
G1 X99.741 Y104.792
;TYPE:Perimeter
;WIDTH:0.449999
G1 F884.349
G1 X99.784 Y104.273 E6.37083
G1 X99.859 Y103.77 E6.3908
G1 X100.083 Y103.059 E6.42007
G1 X100.388 Y102.414 E6.44808
G1 X100.851 Y101.733 E6.48041
G1 X101.491 Y101.052 E6.5171
M73 Q74 S9
G1 X102.281 Y100.467 E6.5557
G1 X102.809 Y100.193 E6.57906
M73 P74 R9
G1 X103.711 Y99.878 E6.61657
G1 X104.568 Y99.747 E6.65061
G1 X104.997 Y99.716 E6.6675
G1 X105.82 Y99.779 E6.69991
G1 X106.906 Y100.073 E6.74409
G1 X107.668 Y100.46 E6.77765
G1 X108.104 Y100.721 E6.7976
G1 X108.675 Y101.2 E6.82686
G1 X109.154 Y101.728 E6.85485
G1 X109.447 Y102.167 E6.87557
G1 X109.72 Y102.618 E6.89627
G1 X110.002 Y103.298 E6.92517
G1 X110.195 Y104.016 E6.95436
G1 X110.28 Y104.855 E6.98747
G1 X110.226 Y105.769 E7.02342
G1 X110.019 Y106.592 E7.05674
G1 X109.838 Y107.124 E7.0788
G1 X109.391 Y107.94 E7.11533
G1 X108.84 Y108.627 E7.14991
G1 X108.196 Y109.184 E7.18334
G1 X107.765 Y109.505 E7.20444
G1 X107.105 Y109.849 E7.23366
G1 X106.311 Y110.106 E7.26643
G1 X105.921 Y110.204 E7.28222
G1 X105.099 Y110.284 E7.31465
G1 X104.273 Y110.216 E7.34719
G1 X103.769 Y110.141 E7.3672
G1 X103.059 Y109.917 E7.39643
G1 X102.357 Y109.554 E7.42746
G1 X101.896 Y109.279 E7.44854
G1 X101.325 Y108.8 E7.4778
G1 X100.779 Y108.173 E7.51045
G1 X100.466 Y107.68 E7.53338
G1 X100.16 Y107.122 E7.55837
G1 X99.902 Y106.338 E7.59078
G1 X99.796 Y105.921 E7.60767
G1 X99.716 Y105.099 E7.6401
G1 X99.736 Y104.852 E7.64983
G1 X100.149 Y104.802 F7800
G1 F884.349
G1 X100.247 Y103.892 E7.68577
G1 X100.471 Y103.182 E7.715
G1 X100.753 Y102.594 E7.74061
G1 X101.184 Y101.966 E7.77052
G1 X101.779 Y101.34 E7.80443
G1 X102.514 Y100.8 E7.84024
G1 X102.989 Y100.558 E7.86117
G1 X103.833 Y100.266 E7.89624
G1 X104.615 Y100.151 E7.92728
G1 X105.124 Y100.134 E7.94728
G1 X105.789 Y100.185 E7.97347
G1 X106.792 Y100.464 E8.01435
G1 X107.472 Y100.817 E8.04443
G1 X107.843 Y101.033 E8.06129
G1 X108.413 Y101.512 E8.09052
G1 X108.848 Y101.997 E8.1161
G1 X109.304 Y102.7 E8.149
G1 X109.626 Y103.454 E8.18119
G1 X109.8 Y104.113 E8.20795
G1 X109.875 Y104.891 E8.23864
G1 X109.82 Y105.733 E8.27177
G1 X109.628 Y106.478 E8.30198
G1 X109.481 Y106.93 E8.32064
G1 X109.034 Y107.744 E8.3571
G1 X108.528 Y108.366 E8.38858
G1 X107.941 Y108.867 E8.41888
G1 X107.535 Y109.166 E8.43868
G1 X106.917 Y109.488 E8.46604
G1 X105.881 Y109.798 E8.5085
G1 X105.059 Y109.879 E8.54093
G1 X103.892 Y109.753 E8.58702
G1 X103.182 Y109.529 E8.61625
G1 X102.553 Y109.197 E8.64418
G1 X102.121 Y108.936 E8.664
G1 X101.587 Y108.488 E8.69137
G1 X101.091 Y107.912 E8.72122
G1 X100.823 Y107.484 E8.74105
G1 X100.518 Y106.927 E8.76598
G1 X100.292 Y106.221 E8.79509
G1 X100.186 Y105.723 E8.81508
G1 X100.121 Y105.06 E8.84124
G1 X100.142 Y104.861 E8.8491
G1 X100.549 Y104.81 F7800
;TYPE:External perimeter
G1 F884.349
G1 X100.636 Y104.014 E8.88054
G1 X100.86 Y103.304 E8.90977
G1 X101.118 Y102.774 E8.93291
G1 X101.518 Y102.2 E8.96038
G1 X102.067 Y101.628 E8.99151
G1 X102.748 Y101.134 E9.02454
G1 X103.275 Y100.871 E9.04767
G1 X103.955 Y100.654 E9.0757
G1 X104.663 Y100.555 E9.10377
G1 X105.093 Y100.54 E9.12066
G1 X105.758 Y100.591 E9.14685
G1 X106.678 Y100.854 E9.18442
G1 X107.581 Y101.345 E9.22478
G1 X108.151 Y101.824 E9.25401
G1 X108.542 Y102.265 E9.27715
G1 X108.961 Y102.918 E9.30761
G1 X109.25 Y103.609 E9.33702
G1 X109.404 Y104.21 E9.36138
G1 X109.469 Y104.926 E9.38961
G1 X109.415 Y105.698 E9.42
G1 X109.124 Y106.735 E9.46229
G1 X108.677 Y107.548 E9.49872
G1 X108.216 Y108.104 E9.52708
G1 X107.686 Y108.549 E9.55425
G1 X107.347 Y108.805 E9.57093
G1 X106.729 Y109.127 E9.59829
G1 X105.841 Y109.393 E9.63469
G1 X105.02 Y109.474 E9.66708
G1 X104.014 Y109.364 E9.70682
G1 X103.304 Y109.14 E9.73605
G1 X102.383 Y108.624 E9.7775
G1 X101.849 Y108.176 E9.80487
G1 X101.403 Y107.65 E9.83195
G1 X100.875 Y106.733 E9.8735
G1 X100.682 Y106.104 E9.89933
G1 X100.591 Y105.683 E9.91624
G1 X100.526 Y105.02 E9.9424
G1 X100.542 Y104.87 E9.94832
G1 X100.586 Y104.472 F7800
G92 E0
G1 X98.128 Y110.736
;TYPE:Perimeter
G1 F884.349
G1 X97.898 Y110.462 E.01405
G1 X97.262 Y109.513 E.05891
G1 X96.879 Y108.785 E.09121
G1 X96.58 Y108.064 E.12186
G1 X96.348 Y107.328 E.15216
G1 X96.123 Y106.208 E.19701
G1 X96.049 Y105.389 E.2293
G1 X96.049 Y104.609 E.25993
G1 X96.117 Y103.831 E.29059
G1 X96.251 Y103.071 E.32089
G1 X96.569 Y101.973 E.36577
G1 X96.881 Y101.212 E.39806
G1 X97.236 Y100.529 E.42828
G1 X97.869 Y99.578 E.47314
G1 X98.395 Y98.945 E.50546
G1 X98.947 Y98.394 E.53608
G1 X99.538 Y97.898 E.56637
G1 X100.487 Y97.262 E.61123
G1 X101.215 Y96.879 E.64353
G1 X101.936 Y96.581 E.67416
G1 X102.681 Y96.345 E.70484
G1 X103.444 Y96.176 E.73552
G1 X104.209 Y96.076 E.76581
G1 X105.352 Y96.049 E.8107
G1 X106.171 Y96.117 E.84297
G1 X106.929 Y96.251 E.87319
G1 X108.027 Y96.569 E.91807
G1 X108.788 Y96.881 E.95036
G1 X109.48 Y97.241 E.98099
G1 X110.131 Y97.655 E1.01128
G1 X111.023 Y98.369 E1.05614
G1 X111.607 Y98.948 E1.08843
G1 X112.108 Y99.546 E1.11906
G1 X112.557 Y100.186 E1.14976
G1 X112.942 Y100.853 E1.18
G1 X113.423 Y101.946 E1.22689
G1 X113.652 Y102.672 E1.25678
G1 X113.885 Y103.89 E1.30547
G1 X113.951 Y104.695 E1.33718
G1 X113.951 Y105.391 E1.36451
G1 X113.883 Y106.169 E1.39517
G1 X113.747 Y106.939 E1.42587
G1 X113.548 Y107.684 E1.45615
G1 X113.119 Y108.787 E1.50262
G1 X112.576 Y109.78 E1.54706
G1 X112.107 Y110.456 E1.57937
G1 X111.606 Y111.053 E1.60997
G1 X111.053 Y111.606 E1.64068
G1 X110.462 Y112.102 E1.67097
G1 X109.513 Y112.738 E1.71583
G1 X108.785 Y113.121 E1.74813
G1 X108.064 Y113.42 E1.77878
G1 X107.319 Y113.655 E1.80945
G1 X106.566 Y113.822 E1.83973
G1 X105.43 Y113.948 E1.88461
G1 X104.607 Y113.951 E1.91692
G1 X103.831 Y113.883 E1.94751
G1 X103.072 Y113.749 E1.97777
G1 X101.925 Y113.415 E2.02468
G1 X101.213 Y113.12 E2.05494
G1 X100.529 Y112.764 E2.08522
G1 X99.578 Y112.131 E2.13008
G1 X98.945 Y111.605 E2.1624
G1 X98.394 Y111.053 E2.19302
G1 X98.167 Y110.782 E2.2069
G1 X97.822 Y111.005 F7800
G1 F884.349
G1 X97.572 Y110.707 E2.22217
G1 X96.911 Y109.722 E2.26875
G1 X96.51 Y108.958 E2.30263
G1 X96.198 Y108.204 E2.33467
G1 X95.954 Y107.43 E2.36654
G1 X95.72 Y106.267 E2.41312
G1 X95.642 Y105.407 E2.44703
G1 X95.642 Y104.591 E2.47907
G1 X95.713 Y103.777 E2.51115
G1 X95.854 Y102.978 E2.54301
G1 X96.184 Y101.839 E2.58957
G1 X96.511 Y101.04 E2.62347
G1 X96.885 Y100.322 E2.65526
G1 X97.542 Y99.334 E2.70185
G1 X98.095 Y98.671 E2.73575
G1 X98.672 Y98.094 E2.76779
G1 X99.293 Y97.572 E2.79964
G1 X100.278 Y96.911 E2.84622
G1 X101.042 Y96.51 E2.8801
G1 X101.796 Y96.198 E2.91214
G1 X102.576 Y95.952 E2.94425
G1 X103.373 Y95.775 E2.97631
G1 X104.178 Y95.669 E3.00819
G1 X105.364 Y95.641 E3.05477
G1 X106.224 Y95.713 E3.08866
G1 X107.022 Y95.854 E3.12048
G1 X108.161 Y96.184 E3.16704
G1 X108.96 Y96.511 E3.20094
G1 X109.684 Y96.888 E3.23299
G1 X110.368 Y97.324 E3.26484
G1 X111.294 Y98.064 E3.31138
G1 X111.907 Y98.672 E3.34528
G1 X112.432 Y99.298 E3.37736
G1 X112.9 Y99.967 E3.40942
G1 X113.306 Y100.669 E3.44126
G1 X113.804 Y101.803 E3.48989
G1 X114.046 Y102.57 E3.52147
G1 X114.291 Y103.853 E3.57276
G1 X114.358 Y104.695 E3.60593
G1 X114.358 Y105.409 E3.63396
G1 X114.287 Y106.223 E3.66604
G1 X114.145 Y107.027 E3.6981
G1 X113.935 Y107.811 E3.72997
G1 X113.489 Y108.959 E3.77833
G1 X112.923 Y109.994 E3.82465
G1 X112.431 Y110.703 E3.85853
G1 X111.906 Y111.328 E3.89058
G1 X111.328 Y111.906 E3.92268
G1 X110.707 Y112.428 E3.95453
G1 X109.722 Y113.089 E4.00111
G1 X108.958 Y113.49 E4.03499
G1 X108.204 Y113.802 E4.06703
G1 X107.424 Y114.048 E4.09914
G1 X106.632 Y114.224 E4.131
G1 X105.453 Y114.355 E4.17758
G1 X104.59 Y114.358 E4.21147
G1 X103.777 Y114.287 E4.24351
G1 X102.979 Y114.146 E4.27533
G1 X101.79 Y113.8 E4.32395
G1 X101.041 Y113.49 E4.35578
G1 X100.322 Y113.115 E4.38762
G1 X99.334 Y112.458 E4.43421
G1 X98.671 Y111.905 E4.46811
G1 X98.094 Y111.328 E4.50015
G1 X97.861 Y111.051 E4.51436
G1 X97.516 Y111.273 F7800
;TYPE:External perimeter
G1 F884.349
G1 X97.246 Y110.952 E4.53083
G1 X96.561 Y109.93 E4.57914
G1 X96.141 Y109.131 E4.61458
G1 X95.815 Y108.343 E4.64806
G1 X95.559 Y107.532 E4.68145
G1 X95.317 Y106.326 E4.72975
G1 X95.235 Y105.426 E4.76523
G1 X95.235 Y104.574 E4.79868
G1 X95.309 Y103.724 E4.83218
G1 X95.457 Y102.886 E4.86559
G1 X95.799 Y101.705 E4.91387
G1 X96.141 Y100.869 E4.94934
G1 X96.534 Y100.114 E4.98276
G1 X97.215 Y99.09 E5.03105
G1 X97.794 Y98.396 E5.06654
G1 X98.396 Y97.793 E5.1
G1 X99.048 Y97.246 E5.13342
G1 X100.07 Y96.561 E5.18173
G1 X100.869 Y96.141 E5.21717
G1 X101.657 Y95.815 E5.25065
G1 X102.47 Y95.558 E5.28413
G1 X103.303 Y95.374 E5.31763
G1 X104.146 Y95.263 E5.35102
G1 X105.376 Y95.234 E5.39933
G1 X106.276 Y95.309 E5.43479
G1 X107.114 Y95.457 E5.4682
G1 X108.295 Y95.799 E5.51648
G1 X109.131 Y96.141 E5.55195
G1 X109.887 Y96.535 E5.58542
G1 X110.605 Y96.992 E5.61884
G1 X111.566 Y97.76 E5.66714
G1 X112.207 Y98.397 E5.70262
G1 X112.755 Y99.049 E5.73606
G1 X113.244 Y99.748 E5.76956
G1 X113.669 Y100.485 E5.80296
G1 X114.186 Y101.659 E5.85333
G1 X114.441 Y102.468 E5.88664
G1 X114.696 Y103.816 E5.94051
G1 X114.765 Y104.695 E5.97513
G1 X114.765 Y105.426 E6.00383
G1 X114.691 Y106.276 E6.03733
G1 X114.543 Y107.116 E6.07082
G1 X114.323 Y107.937 E6.10419
G1 X113.859 Y109.131 E6.15449
G1 X113.27 Y110.209 E6.20272
G1 X112.755 Y110.951 E6.23818
G1 X112.207 Y111.604 E6.27165
G1 X111.604 Y112.207 E6.30513
G1 X110.952 Y112.754 E6.33855
G1 X109.93 Y113.439 E6.38686
G1 X109.131 Y113.859 E6.4223
G1 X108.343 Y114.185 E6.45578
G1 X107.53 Y114.442 E6.48926
G1 X106.699 Y114.626 E6.52268
G1 X105.477 Y114.762 E6.57096
G1 X104.573 Y114.765 E6.60646
G1 X103.724 Y114.691 E6.63992
G1 X102.886 Y114.543 E6.67333
G1 X101.655 Y114.184 E6.72368
G1 X100.869 Y113.859 E6.75708
G1 X100.114 Y113.466 E6.7905
G1 X99.09 Y112.785 E6.83879
G1 X98.396 Y112.206 E6.87428
G1 X97.793 Y111.604 E6.90774
G1 X97.554 Y111.319 E6.92234
G1 X97.297 Y111.013 F7800
;LAYER_CHANGE
;Z:10.15
;HEIGHT:0.2
G92 E0
G1 Z10.15 F7800
G1 X99.74 Y104.792
;TYPE:Perimeter
G1 F884.349
G1 X99.788 Y104.242 E.02168
G1 X99.859 Y103.77 E.04042
G1 X100.083 Y103.059 E.06969
G1 X100.446 Y102.356 E.10076
G1 X100.721 Y101.896 E.1218
G1 X101.2 Y101.325 E.15106
G1 X101.848 Y100.761 E.18479
G1 X102.607 Y100.309 E.21948
G1 X103.059 Y100.083 E.23932
G1 X103.769 Y99.859 E.26855
G1 X104.57 Y99.746 E.30031
G1 X105.222 Y99.722 E.32593
G1 X105.594 Y99.751 E.34058
G1 X106.391 Y99.902 E.37243
G1 X107.331 Y100.258 E.4119
G1 X108.028 Y100.692 E.44414
G1 X108.465 Y101.008 E.46531
G1 X108.992 Y101.535 E.49457
G1 X109.463 Y102.205 E.52673
G1 X109.729 Y102.638 E.54668
G1 X110.014 Y103.326 E.57592
G1 X110.195 Y104.016 E.60393
G1 X110.281 Y104.857 E.63712
G1 X110.226 Y105.769 E.67299
G1 X110.019 Y106.592 E.70631
G1 X109.849 Y107.105 E.72753
G1 X109.505 Y107.765 E.75675
G1 X108.814 Y108.658 E.80108
G1 X108.198 Y109.183 E.83286
G1 X107.765 Y109.505 E.85405
G1 X107.105 Y109.849 E.88327
G1 X106.289 Y110.122 E.91706
G1 X105.419 Y110.249 E.95158
G1 X104.898 Y110.284 E.97208
G1 X104.059 Y110.2 E1.00519
G1 X103.425 Y110.028 E1.03098
G1 X102.876 Y109.838 E1.05379
G1 X102.06 Y109.391 E1.09032
G1 X101.349 Y108.82 E1.12613
G1 X100.779 Y108.172 E1.16002
G1 X100.474 Y107.695 E1.18225
G1 X100.16 Y107.122 E1.20791
G1 X99.903 Y106.324 E1.24083
G1 X99.78 Y105.83 E1.26082
G1 X99.715 Y105.089 E1.29003
G1 X99.735 Y104.852 E1.29937
G1 X100.148 Y104.802 F7800
G1 F884.349
G1 X100.247 Y103.892 E1.33531
G1 X100.471 Y103.182 E1.36454
G1 X100.803 Y102.552 E1.3925
G1 X101.053 Y102.134 E1.41162
G1 X101.512 Y101.587 E1.43966
G1 X102.11 Y101.073 E1.47062
G1 X102.802 Y100.666 E1.50214
G1 X103.219 Y100.46 E1.5204
G1 X103.892 Y100.247 E1.54812
G1 X104.618 Y100.151 E1.57687
G1 X105.21 Y100.129 E1.60013
G1 X105.518 Y100.151 E1.61225
G1 X106.315 Y100.302 E1.6441
G1 X107.179 Y100.636 E1.68047
G1 X107.801 Y101.031 E1.7094
G1 X108.243 Y101.362 E1.73108
G1 X108.704 Y101.823 E1.75668
G1 X109.353 Y102.794 E1.80254
G1 X109.638 Y103.482 E1.83178
G1 X109.8 Y104.113 E1.85736
G1 X109.875 Y104.893 E1.88813
G1 X109.82 Y105.733 E1.92118
G1 X109.628 Y106.478 E1.95139
G1 X109.459 Y106.972 E1.97189
G1 X109.144 Y107.577 E1.99867
G1 X108.497 Y108.403 E2.03987
G1 X107.943 Y108.865 E2.06819
G1 X107.495 Y109.187 E2.08985
G1 X106.917 Y109.488 E2.11544
G1 X106.167 Y109.734 E2.14643
G1 X105.375 Y109.845 E2.17783
G1 X104.939 Y109.879 E2.195
G1 X104.099 Y109.795 E2.22815
G1 X103.543 Y109.638 E2.25083
G1 X103.045 Y109.467 E2.2715
G1 X102.256 Y109.034 E2.30684
G1 X101.611 Y108.508 E2.33952
G1 X101.091 Y107.911 E2.37061
G1 X100.831 Y107.499 E2.38974
G1 X100.517 Y106.927 E2.41536
G1 X100.294 Y106.21 E2.44484
M73 Q75 S9
G1 X100.185 Y105.795 E2.46169
G1 X100.12 Y105.053 E2.49094
M73 P75 R9
G1 X100.141 Y104.861 E2.49852
G1 X100.548 Y104.81 F7800
;TYPE:External perimeter
G1 F884.349
G1 X100.636 Y104.014 E2.52997
G1 X100.86 Y103.304 E2.5592
G1 X101.365 Y102.395 E2.60003
G1 X101.824 Y101.849 E2.62804
G1 X102.372 Y101.385 E2.65623
G1 X102.998 Y101.023 E2.68462
G1 X103.342 Y100.848 E2.69977
G1 X104.014 Y100.636 E2.72744
G1 X104.666 Y100.555 E2.75324
G1 X105.197 Y100.536 E2.7741
G1 X106.018 Y100.66 E2.8067
G1 X106.416 Y100.769 E2.8229
G1 X107.048 Y101.022 E2.84963
G1 X107.575 Y101.369 E2.87441
G1 X107.955 Y101.65 E2.89297
G1 X108.416 Y102.111 E2.91857
G1 X108.977 Y102.95 E2.9582
G1 X109.262 Y103.638 E2.98744
G1 X109.404 Y104.21 E3.01058
G1 X109.469 Y104.928 E3.03889
G1 X109.415 Y105.698 E3.0692
G1 X109.237 Y106.364 E3.09627
G1 X109.098 Y106.784 E3.11364
G1 X108.783 Y107.389 E3.14042
G1 X108.179 Y108.148 E3.17851
G1 X107.688 Y108.548 E3.20338
G1 X107.307 Y108.826 E3.2219
G1 X106.729 Y109.127 E3.24749
G1 X106.045 Y109.346 E3.27569
G1 X104.98 Y109.474 E3.31781
G1 X104.14 Y109.39 E3.35096
G1 X103.306 Y109.141 E3.38513
G1 X102.419 Y108.655 E3.42484
G1 X101.849 Y108.176 E3.45407
G1 X101.402 Y107.649 E3.4812
G1 X100.875 Y106.732 E3.52273
G1 X100.591 Y105.759 E3.56253
G1 X100.526 Y105.018 E3.59174
G1 X100.542 Y104.87 E3.59759
G1 X100.585 Y104.472 F7800
G92 E0
G1 X98.128 Y110.736
;TYPE:Perimeter
G1 F884.349
G1 X97.898 Y110.462 E.01405
G1 X97.271 Y109.529 E.05819
G1 X96.879 Y108.784 E.09124
G1 X96.58 Y108.064 E.12185
G1 X96.345 Y107.319 E.15252
G1 X96.176 Y106.556 E.1832
G1 X96.074 Y105.781 E.21389
G1 X96.041 Y105.011 E.24415
G1 X96.119 Y103.82 E.29101
G1 X96.251 Y103.07 E.32091
G1 X96.563 Y101.99 E.36505
G1 X96.881 Y101.211 E.39809
G1 X97.236 Y100.529 E.42828
G1 X97.858 Y99.593 E.47241
G1 X98.396 Y98.945 E.50548
G1 X98.947 Y98.394 E.53608
G1 X99.546 Y97.892 E.56677
G1 X100.186 Y97.443 E.59747
G1 X100.864 Y97.052 E.6282
G1 X101.377 Y96.811 E.65045
G1 X101.928 Y96.583 E.67386
G1 X102.681 Y96.345 E.70487
G1 X103.444 Y96.176 E.73555
G1 X104.21 Y96.075 E.76589
G1 X105.333 Y96.048 E.81
G1 X106.172 Y96.117 E.84305
G1 X106.93 Y96.251 E.87327
G1 X108.01 Y96.563 E.91741
G1 X108.789 Y96.881 E.95045
G1 X109.48 Y97.241 E.98104
G1 X110.13 Y97.655 E1.0113
G1 X111.061 Y98.402 E1.05817
G1 X111.606 Y98.947 E1.08843
G1 X112.108 Y99.546 E1.11912
G1 X112.557 Y100.186 E1.14982
G1 X112.942 Y100.853 E1.18006
G1 X113.423 Y101.946 E1.22695
G1 X113.652 Y102.672 E1.25684
G1 X113.785 Y103.335 E1.28339
G1 X113.883 Y103.871 E1.30478
G1 X113.951 Y104.697 E1.33732
G1 X113.951 Y105.391 E1.36457
G1 X113.883 Y106.169 E1.39523
G1 X113.747 Y106.939 E1.42593
G1 X113.548 Y107.684 E1.45621
G1 X113.119 Y108.786 E1.50264
G1 X112.55 Y109.823 E1.54908
G1 X112.108 Y110.454 E1.57933
G1 X111.606 Y111.053 E1.61002
G1 X111.053 Y111.606 E1.64073
G1 X110.463 Y112.101 E1.67097
G1 X109.47 Y112.765 E1.71787
G1 X108.787 Y113.12 E1.74809
G1 X108.064 Y113.42 E1.77883
G1 X107.319 Y113.655 E1.8095
G1 X106.556 Y113.824 E1.84018
G1 X105.781 Y113.926 E1.87087
G1 X105.011 Y113.959 E1.90113
G1 X103.82 Y113.881 E1.94799
G1 X103.061 Y113.747 E1.97825
G1 X102.316 Y113.548 E2.00853
G1 X101.204 Y113.115 E2.05539
G1 X100.52 Y112.759 E2.08567
G1 X99.87 Y112.345 E2.11593
G1 X98.939 Y111.598 E2.1628
G1 X98.394 Y111.053 E2.19306
G1 X98.167 Y110.782 E2.20694
G1 X97.822 Y111.005 F7800
G1 F884.349
G1 X97.572 Y110.707 E2.22221
G1 X96.921 Y109.738 E2.26805
G1 X96.51 Y108.957 E2.3027
G1 X96.198 Y108.204 E2.3347
G1 X95.952 Y107.424 E2.36681
G1 X95.775 Y106.627 E2.39887
G1 X95.668 Y105.816 E2.43099
G1 X95.633 Y105.006 E2.46282
G1 X95.714 Y103.771 E2.51142
G1 X95.854 Y102.978 E2.54304
G1 X96.178 Y101.857 E2.58886
G1 X96.511 Y101.04 E2.6235
G1 X96.885 Y100.321 E2.65532
G1 X97.531 Y99.349 E2.70115
G1 X98.095 Y98.67 E2.73581
G1 X98.672 Y98.094 E2.76782
G1 X99.298 Y97.568 E2.79992
G1 X99.967 Y97.1 E2.83198
G1 X100.675 Y96.691 E2.86408
G1 X101.295 Y96.4 E2.89097
G1 X101.791 Y96.199 E2.91198
G1 X102.576 Y95.952 E2.94429
G1 X103.373 Y95.775 E2.97635
G1 X104.178 Y95.669 E3.00823
G1 X105.345 Y95.641 E3.05406
G1 X106.224 Y95.713 E3.08869
G1 X107.022 Y95.854 E3.12051
G1 X108.143 Y96.178 E3.16633
G1 X108.96 Y96.511 E3.20097
G1 X109.684 Y96.888 E3.23302
G1 X110.367 Y97.323 E3.26481
G1 X111.333 Y98.098 E3.31344
G1 X111.906 Y98.672 E3.34529
G1 X112.432 Y99.298 E3.37739
G1 X112.9 Y99.967 E3.40945
G1 X113.306 Y100.669 E3.44129
G1 X113.804 Y101.803 E3.48992
G1 X114.046 Y102.57 E3.5215
G1 X114.184 Y103.255 E3.54894
G1 X114.288 Y103.834 E3.57204
G1 X114.358 Y104.697 E3.60604
G1 X114.358 Y105.409 E3.634
G1 X114.287 Y106.223 E3.66608
G1 X114.145 Y107.027 E3.69814
G1 X113.935 Y107.811 E3.73001
G1 X113.489 Y108.959 E3.77837
G1 X112.896 Y110.039 E3.82675
G1 X112.432 Y110.702 E3.85852
G1 X111.906 Y111.328 E3.89062
G1 X111.328 Y111.906 E3.92272
G1 X110.707 Y112.427 E3.95455
G1 X109.678 Y113.115 E4.00315
G1 X108.959 Y113.49 E4.03499
G1 X108.204 Y113.802 E4.06707
G1 X107.424 Y114.048 E4.09918
G1 X106.627 Y114.225 E4.13124
G1 X105.816 Y114.332 E4.16336
G1 X105.006 Y114.367 E4.19519
G1 X103.771 Y114.286 E4.24379
G1 X102.973 Y114.145 E4.27561
G1 X102.189 Y113.935 E4.30748
G1 X101.035 Y113.487 E4.35609
G1 X100.316 Y113.112 E4.38793
G1 X99.633 Y112.677 E4.41972
G1 X98.667 Y111.902 E4.46835
G1 X98.094 Y111.328 E4.5002
G1 X97.861 Y111.051 E4.51441
G1 X97.516 Y111.273 F7800
;TYPE:External perimeter
G1 F884.349
G1 X97.246 Y110.952 E4.53088
G1 X96.571 Y109.947 E4.57842
G1 X96.141 Y109.13 E4.61467
G1 X95.815 Y108.343 E4.64812
G1 X95.558 Y107.53 E4.6816
G1 X95.374 Y106.697 E4.7151
G1 X95.262 Y105.852 E4.74857
G1 X95.225 Y105.002 E4.78198
G1 X95.309 Y103.722 E4.83235
G1 X95.457 Y102.886 E4.86569
G1 X95.792 Y101.723 E4.91321
G1 X96.141 Y100.869 E4.94943
G1 X96.534 Y100.114 E4.98285
G1 X97.204 Y99.106 E5.03037
G1 X97.794 Y98.396 E5.06662
G1 X98.396 Y97.793 E5.10008
G1 X99.049 Y97.245 E5.13355
G1 X99.748 Y96.756 E5.16705
G1 X100.487 Y96.33 E5.20054
G1 X101.122 Y96.032 E5.22808
G1 X101.655 Y95.815 E5.25068
G1 X102.47 Y95.558 E5.28423
G1 X103.303 Y95.374 E5.31773
G1 X104.146 Y95.263 E5.35112
G1 X105.357 Y95.233 E5.39868
G1 X106.276 Y95.309 E5.43489
G1 X107.114 Y95.457 E5.4683
G1 X108.277 Y95.792 E5.51582
G1 X109.131 Y96.141 E5.55204
G1 X109.887 Y96.535 E5.58551
G1 X110.605 Y96.992 E5.61893
G1 X111.605 Y97.795 E5.66929
G1 X112.207 Y98.396 E5.70269
G1 X112.755 Y99.049 E5.73616
G1 X113.244 Y99.748 E5.76966
G1 X113.669 Y100.485 E5.80306
G1 X114.186 Y101.659 E5.85343
G1 X114.441 Y102.468 E5.88674
G1 X114.583 Y103.174 E5.91502
G1 X114.693 Y103.796 E5.93982
G1 X114.765 Y104.697 E5.97531
G1 X114.765 Y105.426 E6.00393
G1 X114.691 Y106.276 E6.03743
G1 X114.543 Y107.116 E6.07092
G1 X114.323 Y107.937 E6.10429
G1 X113.859 Y109.131 E6.15459
G1 X113.243 Y110.254 E6.20488
G1 X112.755 Y110.951 E6.23829
G1 X112.207 Y111.604 E6.27176
G1 X111.604 Y112.207 E6.30524
G1 X110.952 Y112.754 E6.33866
G1 X109.885 Y113.466 E6.38903
G1 X109.131 Y113.859 E6.42242
G1 X108.343 Y114.185 E6.4559
G1 X107.53 Y114.442 E6.48938
G1 X106.697 Y114.626 E6.52288
G1 X105.852 Y114.738 E6.55635
G1 X105.002 Y114.775 E6.58976
G1 X103.722 Y114.691 E6.64013
G1 X102.884 Y114.543 E6.67354
G1 X102.063 Y114.323 E6.70691
G1 X100.867 Y113.858 E6.75729
G1 X100.113 Y113.465 E6.79068
G1 X99.395 Y113.008 E6.8241
G1 X98.395 Y112.205 E6.87446
G1 X97.793 Y111.604 E6.90786
G1 X97.554 Y111.319 E6.92246
G1 X97.297 Y111.013 F7800
G92 E0
G1 X112.327 Y109.595
;TYPE:Internal infill
;WIDTH:0.45
;HEIGHT:0.4
G1 F494.289
G1 X112.842 Y108.657 E.07517
G1 X113.316 Y107.37 E.17152
G1 X112.635 Y106.965 E.22718
G1 X112.075 Y106.31 E.28772
G1 X111.719 Y105.328 E.3611
G1 X111.824 Y105 E.38529
G1 X113.089 Y104.345 E.48536
G1 X113.564 Y103.788 E.53679
G1 X113.355 Y102.748 E.61131
G1 X113.115 Y102.004 E.66623
G1 X112.635 Y101.724 E.70527
G1 X112.075 Y101.069 E.76581
G1 X111.719 Y100.086 E.83925
G1 X111.87 Y99.737 E.86596
G1 X111.284 Y99.057 E.92902
G1 X111.385 Y99.431 E.95623
G1 X111.28 Y99.759 E.98042
G1 X110.015 Y100.414 E1.08049
G1 X109.455 Y101.069 E1.14103
G1 X109.303 Y101.429 E1.16848
G1 X109.907 Y102.32 E1.2441
G1 X110.143 Y102.845 E1.28454
G1 X110.468 Y103.035 E1.31099
G1 X111.028 Y103.69 E1.37153
G1 X111.385 Y104.672 E1.44493
G1 X111.28 Y105 E1.46912
G1 X110.566 Y105.333 E1.52447
G1 X110.51 Y105.973 E1.5696
G1 X110.18 Y107.115 E1.65311
G1 X109.778 Y107.888 E1.71432
G1 X110.468 Y108.276 E1.76993
G1 X111.028 Y108.931 E1.83047
G1 X111.385 Y109.914 E1.90394
G1 X111.28 Y110.241 E1.92807
G1 X110.015 Y110.896 E2.02814
G1 X109.455 Y111.552 E2.08873
G1 X109.18 Y112.207 E2.13863
G1 X109.119 Y112.601 E2.16664
G1 X108.637 Y112.852 E2.20482
G1 X107.394 Y112.207 E2.3032
G1 X106.834 Y111.552 E2.36374
G1 X106.477 Y110.569 E2.43721
G1 X106.545 Y110.357 E2.45285
G1 X106.106 Y110.483 E2.48493
G1 X105.354 Y110.56 E2.53803
G1 X104.773 Y110.896 E2.58518
G1 X104.213 Y111.552 E2.64577
G1 X103.938 Y112.207 E2.69567
G1 X103.857 Y112.534 E2.71934
G1 X103.962 Y112.862 E2.74353
G1 X104.666 Y113.19 E2.79809
G1 X105.227 Y113.517 E2.84371
G1 X105.331 Y113.64 E2.85503
G1 X103.856 Y113.578 E2.95874
G1 X103.444 Y113.505 E2.98813
G1 X103.523 Y113.19 E3.01094
G1 X103.418 Y112.862 E3.03513
G1 X102.153 Y112.207 E3.1352
G1 X101.593 Y111.552 E3.19574
G1 X101.236 Y110.569 E3.26921
G1 X101.341 Y110.241 E3.2934
G1 X102.212 Y109.816 E3.36148
G1 X101.803 Y109.591 E3.39427
G1 X101.044 Y108.956 E3.46379
G1 X100.402 Y108.188 E3.53411
G1 X99.831 Y107.141 E3.61789
G1 X99.512 Y106.082 E3.69559
G1 X99.472 Y105.725 E3.72083
G1 X98.972 Y106.31 E3.77489
G1 X98.615 Y107.293 E3.84836
G1 X98.72 Y107.621 E3.87255
G1 X99.985 Y108.276 E3.97262
G1 X100.545 Y108.931 E4.03316
G1 X100.902 Y109.914 E4.10663
G1 X100.797 Y110.241 E4.13076
G1 X99.532 Y110.896 E4.23083
G1 X99.134 Y111.362 E4.27388
G1 X98.142 Y110.278 E4.3771
G1 X97.54 Y109.381 E4.45299
G1 X97.925 Y108.931 E4.49459
G1 X98.281 Y107.948 E4.56803
G1 X98.176 Y107.621 E4.59216
G1 X96.911 Y106.965 E4.69226
G1 X96.487 Y106.469 E4.7381
M73 Q76 S9
G1 X96.37 Y105.546 E4.80346
G1 X96.354 Y104.898 E4.849
M73 P76 R9
G1 X97.365 Y104.345 E4.92995
G1 X97.925 Y103.69 E4.99049
G1 X98.2 Y103.035 E5.04039
G1 X98.281 Y102.707 E5.06412
G1 X98.176 Y102.379 E5.08831
G1 X96.984 Y101.767 E5.18244
G1 X97.499 Y100.684 E5.26668
G1 X98.108 Y99.769 E5.34389
G1 X99.153 Y98.619 E5.45305
G1 X100.079 Y97.903 E5.53528
G1 X100.545 Y98.448 E5.58565
G1 X100.902 Y99.431 E5.65912
G1 X100.797 Y99.759 E5.68331
G1 X99.532 Y100.414 E5.78338
G1 X98.972 Y101.069 E5.84392
G1 X98.615 Y102.052 E5.91739
G1 X98.72 Y102.379 E5.94152
G1 X99.808 Y102.931 E6.02723
G1 X100.399 Y101.817 E6.11582
G1 X101.044 Y101.044 E6.18654
G1 X101.435 Y100.694 E6.2234
G1 X101.236 Y100.086 E6.26834
G1 X101.341 Y99.759 E6.29247
G1 X102.606 Y99.104 E6.39254
G1 X103.166 Y98.448 E6.45313
G1 X103.523 Y97.466 E6.52653
M73 P76 R8
G1 X103.418 Y97.138 E6.55072
G1 X102.541 Y96.71 E6.61927
G1 X103.967 Y96.415 E6.72157
G1 X103.857 Y96.81 E6.75037
G1 X103.962 Y97.138 E6.77456
G1 X105.227 Y97.793 E6.87463
G1 X105.787 Y98.448 E6.93517
G1 X106.062 Y99.104 E6.98514
M73 Q76 S8
G1 X106.143 Y99.431 E7.00881
G1 X106.111 Y99.531 E7.01619
G1 X106.731 Y99.689 E7.06114
G1 X107.847 Y99.104 E7.14966
G1 X108.407 Y98.448 E7.21025
G1 X108.764 Y97.466 E7.28365
G1 X108.667 Y97.161 E7.30613
G1 X107.917 Y96.854 E7.36306
G1 X106.86 Y96.549 E7.44034
G1 X106.336 Y96.456 E7.47773
;LAYER_CHANGE
;Z:10.35
;HEIGHT:0.200001
G92 E0
G1 Z10.35 F7800
G1 X99.741 Y104.792
;TYPE:Perimeter
;WIDTH:0.449999
G1 F884.349
G1 X99.784 Y104.273 E.02045
G1 X99.859 Y103.77 E.04042
G1 X100.083 Y103.059 E.06969
G1 X100.461 Y102.329 E.10197
G1 X100.721 Y101.896 E.1218
G1 X101.2 Y101.325 E.15106
G1 X101.816 Y100.799 E.18287
G1 X102.272 Y100.485 E.20461
G1 X102.885 Y100.157 E.23191
G1 X103.711 Y99.878 E.26614
G1 X104.572 Y99.746 E.30034
G1 X105.125 Y99.726 E.32207
G1 X105.819 Y99.779 E.3494
G1 X106.526 Y99.938 E.37785
G1 X107.313 Y100.251 E.41111
G1 X108.032 Y100.695 E.44429
G1 X108.469 Y101.012 E.46549
G1 X109.06 Y101.617 E.4987
G1 X109.456 Y102.188 E.52598
G1 X109.72 Y102.618 E.54579
G1 X110.002 Y103.298 E.57469
G1 X110.195 Y104.016 E.60388
G1 X110.281 Y104.859 E.63715
G1 X110.226 Y105.769 E.67295
G1 X110.019 Y106.592 E.70627
G1 X109.838 Y107.124 E.72833
G1 X109.391 Y107.94 E.76486
G1 X108.84 Y108.627 E.79944
G1 X108.194 Y109.186 E.83298
G1 X107.765 Y109.505 E.85397
G1 X107.105 Y109.849 E.88319
G1 X106.334 Y110.1 E.91503
G1 X105.793 Y110.215 E.93675
G1 X105.101 Y110.284 E.96406
G1 X104.304 Y110.219 E.99546
G1 X103.77 Y110.141 E1.01665
G1 X103.059 Y109.917 E1.04592
G1 X102.332 Y109.54 E1.07808
G1 X101.896 Y109.279 E1.09803
G1 X101.325 Y108.8 E1.12729
G1 X100.657 Y108.018 E1.16767
G1 X100.161 Y107.124 E1.20781
G1 X99.9 Y106.334 E1.24048
G1 X99.785 Y105.793 E1.2622
G1 X99.716 Y105.101 E1.28951
G1 X99.736 Y104.852 E1.29932
G1 X100.149 Y104.802 F7800
G1 F884.349
G1 X100.247 Y103.892 E1.33526
G1 X100.471 Y103.182 E1.36449
G1 X100.818 Y102.525 E1.39366
G1 X101.06 Y102.126 E1.41198
G1 X101.512 Y101.587 E1.4396
G1 X102.074 Y101.114 E1.46844
G1 X102.464 Y100.844 E1.48706
G1 X103.077 Y100.515 E1.51438
G1 X103.833 Y100.266 E1.54563
G1 X104.62 Y100.15 E1.57687
G1 X105.094 Y100.132 E1.59549
G1 X105.788 Y100.185 E1.62282
G1 X106.429 Y100.333 E1.64865
G1 X107.157 Y100.627 E1.67948
G1 X107.805 Y101.033 E1.7095
G1 X108.183 Y101.301 E1.72769
G1 X108.768 Y101.902 E1.76062
G1 X109.353 Y102.794 E1.8025
G1 X109.638 Y103.482 E1.83174
G1 X109.8 Y104.113 E1.85732
G1 X109.875 Y104.894 E1.88813
G1 X109.82 Y105.733 E1.92114
G1 X109.628 Y106.478 E1.95135
G1 X109.48 Y106.932 E1.9701
G1 X109.034 Y107.744 E2.00648
G1 X108.528 Y108.366 E2.03796
G1 X107.94 Y108.868 E2.06832
G1 X107.564 Y109.151 E2.0868
G1 X106.917 Y109.488 E2.11544
G1 X106.216 Y109.71 E2.14431
G1 X105.753 Y109.81 E2.16291
G1 X105.06 Y109.879 E2.19025
G1 X104.348 Y109.814 E2.21832
G1 X103.803 Y109.725 E2.24
G1 X103.182 Y109.529 E2.26557
G1 X102.528 Y109.183 E2.29462
G1 X102.157 Y108.967 E2.31148
G1 X101.587 Y108.488 E2.34071
G1 X101.09 Y107.91 E2.37064
G1 X100.518 Y106.928 E2.41526
G1 X100.29 Y106.216 E2.44461
G1 X100.19 Y105.753 E2.46321
G1 X100.121 Y105.06 E2.49055
G1 X100.142 Y104.861 E2.49841
G1 X100.549 Y104.81 F7800
;TYPE:External perimeter
G1 F884.349
G1 X100.636 Y104.014 E2.52985
G1 X100.86 Y103.304 E2.55908
G1 X101.372 Y102.387 E2.60032
G1 X101.824 Y101.849 E2.62791
G1 X102.331 Y101.429 E2.65376
G1 X102.656 Y101.203 E2.6693
G1 X103.269 Y100.874 E2.69662
G1 X103.955 Y100.654 E2.72491
G1 X104.668 Y100.554 E2.75318
G1 X105.063 Y100.538 E2.7687
G1 X105.757 Y100.59 E2.79603
G1 X106.333 Y100.728 E2.81929
G1 X107.001 Y101.003 E2.84765
G1 X107.891 Y101.586 E2.88943
G1 X108.477 Y102.186 E2.92236
G1 X108.977 Y102.95 E2.95821
G1 X109.262 Y103.638 E2.98745
G1 X109.404 Y104.21 E3.01059
G1 X109.47 Y104.93 E3.03898
G1 X109.415 Y105.698 E3.06921
G1 X109.123 Y106.736 E3.11155
G1 X108.677 Y107.548 E3.14793
G1 X108.216 Y108.104 E3.17629
G1 X107.376 Y108.79 E3.21887
G1 X106.729 Y109.127 E3.24751
G1 X106.099 Y109.321 E3.27339
G1 X105.712 Y109.405 E3.28894
G1 X105.02 Y109.474 E3.31625
G1 X104.392 Y109.41 E3.34104
G1 X103.926 Y109.336 E3.35957
G1 X103.304 Y109.14 E3.38518
G1 X102.419 Y108.655 E3.42481
G1 X101.849 Y108.176 E3.45404
G1 X101.402 Y107.648 E3.4812
G1 X100.875 Y106.733 E3.52266
G1 X100.679 Y106.099 E3.54872
G1 X100.595 Y105.712 E3.56427
G1 X100.526 Y105.02 E3.59158
G1 X100.542 Y104.87 E3.5975
G1 X100.586 Y104.472 F7800
G92 E0
G1 X98.158 Y110.771
;TYPE:Perimeter
G1 F884.349
G1 X97.898 Y110.461 E.01589
G1 X97.281 Y109.545 E.05925
G1 X96.878 Y108.784 E.09306
G1 X96.58 Y108.064 E.12366
G1 X96.348 Y107.328 E.15396
G1 X96.129 Y106.245 E.19734
G1 X96.049 Y105.388 E.23114
G1 X96.049 Y104.609 E.26173
G1 X96.117 Y103.831 E.29239
G1 X96.251 Y103.07 E.32273
G1 X96.557 Y102.008 E.36613
G1 X96.881 Y101.211 E.39991
G1 X97.241 Y100.519 E.43054
G1 X97.589 Y99.97 E.45606
G1 X97.887 Y99.551 E.47625
G1 X98.394 Y98.947 E.50721
G1 X98.947 Y98.394 E.53792
G1 X99.539 Y97.898 E.56824
G1 X100.455 Y97.281 E.6116
G1 X101.216 Y96.878 E.64541
G1 X101.936 Y96.581 E.67599
G1 X102.681 Y96.345 E.70667
G1 X103.444 Y96.176 E.73735
G1 X104.21 Y96.075 E.76769
G1 X105.315 Y96.048 E.81109
G1 X106.173 Y96.117 E.84489
G1 X106.93 Y96.251 E.87508
G1 X107.992 Y96.557 E.91848
G1 X108.789 Y96.881 E.95226
G1 X109.48 Y97.241 E.98285
G1 X110.131 Y97.656 E1.01316
G1 X110.996 Y98.344 E1.05656
G1 X111.608 Y98.949 E1.09035
G1 X112.108 Y99.546 E1.12093
G1 X112.557 Y100.186 E1.15163
G1 X112.942 Y100.853 E1.18187
G1 X113.423 Y101.946 E1.22876
G1 X113.652 Y102.672 E1.25865
G1 X113.88 Y103.853 E1.30588
G1 X113.951 Y104.698 E1.33918
G1 X113.951 Y105.391 E1.36639
G1 X113.883 Y106.169 E1.39705
G1 X113.747 Y106.939 E1.42775
G1 X113.548 Y107.684 E1.45803
G1 X113.119 Y108.788 E1.50454
G1 X112.596 Y109.749 E1.5475
G1 X112.106 Y110.457 E1.58131
G1 X111.606 Y111.053 E1.61186
G1 X111.053 Y111.606 E1.64257
G1 X110.461 Y112.102 E1.67289
G1 X109.545 Y112.719 E1.71625
G1 X108.784 Y113.122 E1.75006
G1 X108.064 Y113.42 E1.78066
G1 X107.328 Y113.652 E1.81096
G1 X106.245 Y113.871 E1.85434
G1 X105.388 Y113.951 E1.88814
G1 X104.609 Y113.951 E1.91873
G1 X103.841 Y113.884 E1.949
G1 X102.67 Y113.651 E1.99588
G1 X101.936 Y113.42 E2.02609
G1 X101.213 Y113.12 E2.05683
G1 X100.52 Y112.759 E2.08751
G1 X99.87 Y112.345 E2.11777
G1 X98.939 Y111.598 E2.16464
G1 X98.394 Y111.053 E2.1949
G1 X98.196 Y110.817 E2.207
G1 X97.84 Y111.026 F7800
G1 F884.349
G1 X97.572 Y110.707 E2.22336
G1 X96.931 Y109.754 E2.26846
G1 X96.51 Y108.957 E2.30385
G1 X96.198 Y108.204 E2.33585
G1 X95.954 Y107.43 E2.36772
G1 X95.726 Y106.304 E2.41283
G1 X95.642 Y105.407 E2.4482
G1 X95.642 Y104.591 E2.48024
G1 X95.713 Y103.777 E2.51232
G1 X95.854 Y102.978 E2.54418
G1 X96.171 Y101.874 E2.58928
G1 X96.511 Y101.039 E2.62468
G1 X96.888 Y100.316 E2.6567
G1 X97.245 Y99.752 E2.68291
G1 X97.566 Y99.301 E2.70465
G1 X98.094 Y98.672 E2.7369
G1 X98.672 Y98.094 E2.769
G1 X99.293 Y97.572 E2.80085
G1 X100.246 Y96.931 E2.84595
G1 X101.043 Y96.51 E2.88134
G1 X101.796 Y96.198 E2.91334
G1 X102.576 Y95.952 E2.94545
G1 X103.373 Y95.775 E2.97751
G1 X104.178 Y95.669 E3.00939
G1 X105.326 Y95.64 E3.05448
G1 X106.225 Y95.713 E3.0899
G1 X107.022 Y95.854 E3.12168
G1 X108.126 Y96.171 E3.16678
G1 X108.961 Y96.511 E3.20218
G1 X109.684 Y96.888 E3.2342
G1 X110.368 Y97.324 E3.26605
G1 X111.266 Y98.04 E3.31115
G1 X111.908 Y98.673 E3.34655
G1 X112.432 Y99.298 E3.37857
G1 X112.9 Y99.967 E3.41063
G1 X113.306 Y100.669 E3.44247
G1 X113.804 Y101.803 E3.4911
G1 X114.046 Y102.57 E3.52268
G1 X114.285 Y103.815 E3.57246
G1 X114.358 Y104.698 E3.60725
G1 X114.358 Y105.409 E3.63517
G1 X114.287 Y106.223 E3.66725
G1 X114.145 Y107.027 E3.69931
G1 X113.935 Y107.811 E3.73118
G1 X113.489 Y108.96 E3.77957
G1 X112.943 Y109.962 E3.82437
G1 X112.43 Y110.704 E3.85979
G1 X111.906 Y111.328 E3.89178
G1 X111.328 Y111.906 E3.92388
G1 X110.707 Y112.428 E3.95573
G1 X109.754 Y113.069 E4.00083
G1 X108.957 Y113.49 E4.03622
G1 X108.204 Y113.802 E4.06822
G1 X107.43 Y114.047 E4.1001
G1 X106.304 Y114.274 E4.1452
G1 X105.407 Y114.358 E4.18057
G1 X104.591 Y114.358 E4.21261
G1 X103.784 Y114.288 E4.24442
G1 X102.569 Y114.046 E4.29306
G1 X101.796 Y113.802 E4.32489
G1 X101.041 Y113.49 E4.35697
G1 X100.316 Y113.112 E4.38907
G1 X99.633 Y112.677 E4.42086
G1 X98.667 Y111.902 E4.46949
G1 X98.094 Y111.328 E4.50134
G1 X97.879 Y111.072 E4.51447
G1 X97.522 Y111.281 F7800
;TYPE:External perimeter
G1 F884.349
G1 X97.246 Y110.952 E4.53133
G1 X96.581 Y109.963 E4.57812
G1 X96.141 Y109.13 E4.61511
G1 X95.815 Y108.343 E4.64856
G1 X95.559 Y107.531 E4.68199
G1 X95.322 Y106.364 E4.72875
G1 X95.235 Y105.426 E4.76574
G1 X95.235 Y104.574 E4.79919
G1 X95.309 Y103.724 E4.83269
G1 X95.457 Y102.886 E4.8661
G1 X95.786 Y101.741 E4.91288
G1 X96.141 Y100.868 E4.94988
G1 X96.535 Y100.112 E4.98335
G1 X96.944 Y99.467 E5.01334
G1 X97.244 Y99.051 E5.03348
G1 X97.793 Y98.396 E5.06704
G1 X98.396 Y97.793 E5.10052
G1 X99.048 Y97.246 E5.13394
G1 X100.037 Y96.581 E5.18073
G1 X100.87 Y96.141 E5.21772
G1 X101.657 Y95.815 E5.25117
G1 X102.47 Y95.558 E5.28465
G1 X103.303 Y95.374 E5.31815
G1 X104.146 Y95.263 E5.35154
G1 X105.338 Y95.233 E5.39836
G1 X106.277 Y95.309 E5.43535
G1 X107.114 Y95.457 E5.46872
G1 X108.259 Y95.786 E5.5155
G1 X109.132 Y96.141 E5.5525
G1 X109.887 Y96.535 E5.58594
G1 X110.605 Y96.992 E5.61936
G1 X111.537 Y97.735 E5.66616
G1 X112.207 Y98.397 E5.70314
G1 X112.755 Y99.049 E5.73658
G1 X113.244 Y99.748 E5.77008
G1 X113.669 Y100.485 E5.80348
G1 X114.186 Y101.659 E5.85385
G1 X114.441 Y102.468 E5.88716
G1 X114.691 Y103.777 E5.93949
G1 X114.765 Y104.698 E5.97577
G1 X114.765 Y105.426 E6.00435
G1 X114.691 Y106.276 E6.03785
G1 X114.543 Y107.116 E6.07134
G1 X114.323 Y107.937 E6.10471
G1 X113.859 Y109.131 E6.15501
G1 X113.29 Y110.176 E6.20173
G1 X112.754 Y110.951 E6.23873
G1 X112.207 Y111.604 E6.27218
G1 X111.604 Y112.207 E6.30566
G1 X110.952 Y112.754 E6.33908
G1 X109.963 Y113.419 E6.38587
G1 X109.13 Y113.859 E6.42286
G1 X108.343 Y114.185 E6.45631
G1 X107.531 Y114.441 E6.48974
M73 Q77 S8
G1 X106.364 Y114.678 E6.5365
M73 P77 R8
G1 X105.426 Y114.765 E6.57349
G1 X104.574 Y114.765 E6.60694
G1 X103.726 Y114.691 E6.64036
G1 X102.468 Y114.441 E6.69072
G1 X101.657 Y114.185 E6.72411
G1 X100.869 Y113.859 E6.75759
G1 X100.113 Y113.465 E6.79106
G1 X99.395 Y113.008 E6.82448
G1 X98.395 Y112.205 E6.87484
G1 X97.793 Y111.604 E6.90824
G1 X97.561 Y111.327 E6.92243
G1 X97.304 Y111.021 F7800
;LAYER_CHANGE
;Z:10.55
;HEIGHT:0.2
G92 E0
G1 Z10.55 F7800
G1 X99.722 Y104.792
;TYPE:Perimeter
G1 F884.349
G1 X99.768 Y104.271 E.02054
G1 X100.003 Y103.276 E.06068
G1 X100.43 Y102.347 E.10083
G1 X100.823 Y101.789 E.12763
G1 X101.131 Y101.395 E.14727
G1 X101.712 Y100.861 E.17825
G1 X102.669 Y100.258 E.22266
G1 X103.143 Y100.071 E.24267
G1 X103.749 Y99.866 E.26779
G1 X104.574 Y99.745 E.30053
G1 X104.979 Y99.716 E.31647
G1 X105.818 Y99.779 E.34951
G1 X106.724 Y100.003 E.38615
G1 X107.566 Y100.379 E.42236
G1 X108.488 Y101.03 E.46668
G1 X108.888 Y101.438 E.48911
G1 X109.223 Y101.816 E.50894
G1 X109.725 Y102.641 E.54686
G1 X109.945 Y103.191 E.57012
G1 X110.134 Y103.748 E.59322
G1 X110.224 Y104.282 E.61448
G1 X110.285 Y104.792 E.63465
G1 X110.222 Y105.808 E.67462
G1 X110.021 Y106.635 E.70804
G1 X109.787 Y107.194 E.73183
G1 X109.515 Y107.745 E.75596
G1 X108.957 Y108.505 E.79298
G1 X108.562 Y108.888 E.81458
G1 X108.166 Y109.235 E.83525
G1 X107.571 Y109.597 E.8626
G1 X107.132 Y109.835 E.88221
G1 X106.252 Y110.134 E.9187
G1 X105.718 Y110.224 E.93996
G1 X105.208 Y110.285 E.96013
G1 X104.222 Y110.224 E.99892
G1 X103.605 Y110.085 E1.02375
G1 X103.109 Y109.936 E1.04408
G1 X102.434 Y109.621 E1.07333
G1 X101.512 Y108.97 E1.11765
G1 X101.078 Y108.539 E1.14167
G1 X100.467 Y107.719 E1.18182
G1 X100.064 Y106.891 E1.21798
G1 X99.777 Y105.799 E1.26231
G1 X99.716 Y104.858 E1.29934
G1 X99.716 Y104.852 E1.29958
G1 X100.126 Y104.801 F7800
G1 F884.349
G1 X100.173 Y104.315 E1.31875
G1 X100.396 Y103.381 E1.35645
G1 X100.797 Y102.524 E1.3936
G1 X101.438 Y101.664 E1.43572
G1 X101.987 Y101.161 E1.46496
G1 X102.878 Y100.607 E1.50616
G1 X103.879 Y100.252 E1.54786
G1 X104.623 Y100.149 E1.57735
G1 X105.112 Y100.134 E1.59656
G1 X105.787 Y100.184 E1.62314
G1 X106.619 Y100.396 E1.65685
G1 X107.394 Y100.748 E1.69027
G1 X108.247 Y101.358 E1.73145
G1 X108.839 Y101.987 E1.76537
G1 X109.377 Y102.852 E1.80537
G1 X109.748 Y103.879 E1.84825
G1 X109.858 Y104.623 E1.87778
G1 X109.854 Y105.194 E1.9002
G1 X109.816 Y105.782 E1.92334
G1 X109.628 Y106.529 E1.95359
G1 X109.422 Y107.014 E1.97428
G1 X109.15 Y107.565 E1.99841
G1 X108.634 Y108.257 E2.0323
G1 X108.013 Y108.839 E2.06572
G1 X107.36 Y109.249 E2.09599
G1 X107.001 Y109.45 E2.11214
G1 X106.121 Y109.748 E2.14862
G1 X105.377 Y109.858 E2.17815
G1 X104.806 Y109.854 E2.20057
G1 X104.218 Y109.816 E2.22371
G1 X103.281 Y109.567 E2.26178
G1 X102.606 Y109.253 E2.29101
G1 X101.753 Y108.642 E2.33221
G1 X101.373 Y108.258 E2.35342
G1 X100.801 Y107.486 E2.39115
G1 X100.433 Y106.719 E2.42455
G1 X100.172 Y105.703 E2.46574
G1 X100.124 Y104.861 E2.49885
G1 X100.531 Y104.81 F7800
;TYPE:External perimeter
G1 F884.349
G1 X100.591 Y104.236 E2.52151
G1 X100.79 Y103.486 E2.55198
G1 X101.164 Y102.7 E2.58616
G1 X101.713 Y101.964 E2.62221
G1 X102.262 Y101.461 E2.65145
G1 X103.089 Y100.955 E2.68952
G1 X104.01 Y100.637 E2.72778
G1 X104.671 Y100.553 E2.75394
G1 X105.082 Y100.54 E2.77009
G1 X105.757 Y100.59 E2.79667
G1 X106.514 Y100.79 E2.82741
G1 X107.222 Y101.116 E2.85801
G1 X108.006 Y101.687 E2.89609
G1 X108.539 Y102.262 E2.92687
G1 X109.029 Y103.063 E2.96374
G1 X109.355 Y103.987 E3.00221
G1 X109.455 Y104.677 E3.02959
G1 X109.41 Y105.755 E3.07195
G1 X109.235 Y106.424 E3.0991
G1 X108.785 Y107.385 E3.14077
G1 X108.311 Y108.01 E3.17157
G1 X107.738 Y108.539 E3.20219
G1 X106.87 Y109.064 E3.24202
G1 X105.99 Y109.363 E3.27851
G1 X105.323 Y109.455 E3.30495
G1 X104.276 Y109.412 E3.34609
G1 X103.486 Y109.21 E3.37811
G1 X102.778 Y108.884 E3.40871
G1 X101.994 Y108.313 E3.44679
G1 X101.581 Y107.887 E3.47009
G1 X101.134 Y107.252 E3.50058
G1 X100.802 Y106.547 E3.53118
G1 X100.567 Y105.606 E3.56926
G1 X100.532 Y104.87 E3.59819
G1 X100.567 Y104.471 F7800
G92 E0
G1 X98.128 Y110.736
;TYPE:Perimeter
G1 F884.349
G1 X97.897 Y110.461 E.0141
G1 X97.326 Y109.613 E.05424
G1 X97.061 Y109.153 E.07508
G1 X96.577 Y108.054 E.12223
G1 X96.348 Y107.327 E.15216
G1 X96.144 Y106.325 E.19231
G1 X96.076 Y105.798 E.21317
G1 X96.05 Y104.598 E.2603
G1 X96.117 Y103.831 E.29053
G1 X96.251 Y103.069 E.32091
G1 X96.533 Y102.086 E.36106
G1 X96.715 Y101.587 E.38192
G1 X97.247 Y100.509 E.42912
G1 X97.579 Y99.985 E.45348
G1 X97.887 Y99.551 E.47438
G1 X98.394 Y98.947 E.50534
G1 X98.947 Y98.394 E.53605
G1 X99.546 Y97.892 E.56674
G1 X100.186 Y97.443 E.59744
G1 X100.864 Y97.052 E.62817
G1 X101.436 Y96.783 E.65299
G1 X101.929 Y96.583 E.67388
G1 X102.681 Y96.345 E.70485
G1 X103.444 Y96.176 E.73553
G1 X104.21 Y96.075 E.76587
G1 X105.233 Y96.049 E.80605
G1 X105.763 Y96.073 E.82688
G1 X106.941 Y96.254 E.87368
G1 X107.914 Y96.533 E.91342
G1 X108.413 Y96.715 E.93428
G1 X109.489 Y97.247 E.98141
G1 X110.13 Y97.655 E1.01124
G1 X111.061 Y98.402 E1.05811
G1 X111.606 Y98.947 E1.08837
G1 X112.108 Y99.546 E1.11906
G1 X112.557 Y100.186 E1.14976
G1 X112.942 Y100.853 E1.18
G1 X113.423 Y101.946 E1.22689
G1 X113.652 Y102.673 E1.25682
G1 X113.871 Y103.749 E1.29993
G1 X113.926 Y104.29 E1.32128
G1 X113.95 Y105.402 E1.36495
G1 X113.883 Y106.169 E1.39518
G1 X113.747 Y106.939 E1.42588
G1 X113.548 Y107.684 E1.45616
G1 X113.118 Y108.788 E1.50268
G1 X112.635 Y109.677 E1.54241
G1 X112.35 Y110.125 E1.56326
G1 X111.598 Y111.061 E1.6104
G1 X111.053 Y111.606 E1.64066
G1 X110.463 Y112.101 E1.6709
G1 X109.47 Y112.765 E1.7178
G1 X108.787 Y113.12 E1.74802
G1 X108.064 Y113.42 E1.77876
G1 X107.327 Y113.652 E1.8091
G1 X106.325 Y113.855 E1.84924
G1 X105.798 Y113.924 E1.87011
G1 X104.598 Y113.95 E1.91724
G1 X103.841 Y113.884 E1.94708
G1 X102.67 Y113.651 E1.99396
G1 X101.936 Y113.42 E2.02417
G1 X101.213 Y113.12 E2.05491
G1 X100.52 Y112.759 E2.08559
G1 X99.87 Y112.345 E2.11585
G1 X98.939 Y111.598 E2.16272
G1 X98.394 Y111.053 E2.19298
G1 X98.167 Y110.782 E2.20686
G1 X97.822 Y111.005 F7800
G1 F884.349
G1 X97.572 Y110.706 E2.22216
G1 X96.988 Y109.841 E2.26314
G1 X96.696 Y109.335 E2.28608
G1 X96.196 Y108.197 E2.33489
G1 X95.953 Y107.429 E2.36652
G1 X95.746 Y106.406 E2.4075
G1 X95.669 Y105.827 E2.43043
G1 X95.642 Y104.585 E2.47921
G1 X95.713 Y103.777 E2.51106
G1 X95.854 Y102.978 E2.54292
G1 X96.142 Y101.974 E2.58393
G1 X96.342 Y101.425 E2.60687
G1 X96.892 Y100.31 E2.65569
G1 X97.271 Y99.711 E2.68352
G1 X97.566 Y99.301 E2.70335
G1 X98.094 Y98.672 E2.7356
G1 X98.672 Y98.094 E2.7677
G1 X99.298 Y97.568 E2.7998
G1 X99.967 Y97.1 E2.83186
G1 X100.676 Y96.691 E2.864
G1 X101.323 Y96.386 E2.89209
G1 X101.792 Y96.199 E2.91191
G1 X102.576 Y95.952 E2.94419
G1 X103.373 Y95.775 E2.97625
G1 X104.178 Y95.669 E3.00813
G1 X105.222 Y95.642 E3.04914
G1 X105.806 Y95.667 E3.07209
G1 X107.029 Y95.856 E3.12068
G1 X108.026 Y96.142 E3.16141
G1 X108.575 Y96.342 E3.18435
G1 X109.689 Y96.891 E3.23311
G1 X110.367 Y97.323 E3.26468
G1 X111.333 Y98.098 E3.31331
G1 X111.906 Y98.672 E3.34516
G1 X112.432 Y99.298 E3.37726
G1 X112.9 Y99.967 E3.40932
G1 X113.306 Y100.669 E3.44116
G1 X113.804 Y101.803 E3.48979
G1 X114.047 Y102.571 E3.52142
G1 X114.284 Y103.777 E3.56968
G1 X114.333 Y104.281 E3.58956
G1 X114.358 Y105.415 E3.6341
G1 X114.287 Y106.223 E3.66595
G1 X114.145 Y107.027 E3.69801
G1 X113.935 Y107.811 E3.72988
G1 X113.488 Y108.96 E3.77829
G1 X112.993 Y109.872 E3.81903
G1 X112.679 Y110.364 E3.84195
G1 X111.902 Y111.333 E3.89072
G1 X111.328 Y111.906 E3.92257
G1 X110.707 Y112.427 E3.9544
G1 X109.678 Y113.115 E4.003
G1 X108.959 Y113.49 E4.03484
G1 X108.204 Y113.802 E4.06692
G1 X107.429 Y114.047 E4.09883
G1 X106.406 Y114.254 E4.13981
G1 X105.827 Y114.331 E4.16274
G1 X104.585 Y114.358 E4.21152
G1 X103.784 Y114.288 E4.24309
G1 X102.569 Y114.046 E4.29173
G1 X101.796 Y113.802 E4.32356
G1 X101.041 Y113.49 E4.35564
G1 X100.316 Y113.112 E4.38774
G1 X99.633 Y112.677 E4.41953
G1 X98.667 Y111.902 E4.46816
G1 X98.094 Y111.328 E4.50001
G1 X97.861 Y111.051 E4.51422
G1 X97.516 Y111.273 F7800
;TYPE:External perimeter
G1 F884.349
G1 X97.246 Y110.952 E4.53069
G1 X96.589 Y109.977 E4.57685
G1 X96.331 Y109.517 E4.59756
G1 X95.814 Y108.341 E4.648
G1 X95.559 Y107.531 E4.68134
G1 X95.325 Y106.38 E4.72746
G1 X95.263 Y105.855 E4.74822
G1 X95.235 Y104.571 E4.79865
G1 X95.309 Y103.724 E4.83203
G1 X95.457 Y102.886 E4.86544
G1 X95.781 Y101.757 E4.91156
G1 X95.968 Y101.263 E4.9323
G1 X96.536 Y100.11 E4.98277
G1 X96.933 Y99.483 E5.01191
G1 X97.244 Y99.051 E5.03281
G1 X97.793 Y98.396 E5.06637
G1 X98.396 Y97.793 E5.09985
G1 X99.049 Y97.245 E5.13332
G1 X99.748 Y96.756 E5.16682
G1 X100.487 Y96.329 E5.20033
G1 X101.161 Y96.013 E5.22956
G1 X101.655 Y95.815 E5.25046
G1 X102.47 Y95.558 E5.28401
G1 X103.303 Y95.374 E5.31751
G1 X104.147 Y95.263 E5.35093
G1 X105.321 Y95.232 E5.39704
G1 X105.848 Y95.262 E5.41777
G1 X107.116 Y95.457 E5.46814
G1 X108.243 Y95.781 E5.51418
G1 X108.737 Y95.968 E5.53492
G1 X109.889 Y96.536 E5.58535
G1 X110.605 Y96.992 E5.61868
G1 X111.605 Y97.795 E5.66904
G1 X112.207 Y98.396 E5.70244
G1 X112.755 Y99.049 E5.73591
G1 X113.244 Y99.748 E5.76941
G1 X113.669 Y100.485 E5.80281
G1 X114.186 Y101.659 E5.85318
G1 X114.441 Y102.469 E5.88652
G1 X114.688 Y103.729 E5.93693
G1 X114.74 Y104.272 E5.95835
G1 X114.765 Y105.429 E6.00379
G1 X114.691 Y106.276 E6.03717
G1 X114.543 Y107.116 E6.07066
G1 X114.323 Y107.937 E6.10403
G1 X113.858 Y109.132 E6.15438
G1 X113.299 Y110.162 E6.20039
G1 X113.009 Y110.604 E6.22115
G1 X112.205 Y111.605 E6.27156
G1 X111.604 Y112.207 E6.30496
G1 X110.952 Y112.754 E6.33838
G1 X109.885 Y113.466 E6.38875
G1 X109.131 Y113.859 E6.42214
G1 X108.343 Y114.185 E6.45562
G1 X107.531 Y114.441 E6.48905
G1 X106.38 Y114.675 E6.53517
G1 X105.855 Y114.737 E6.55593
G1 X104.571 Y114.765 E6.60636
G1 X103.726 Y114.691 E6.63967
G1 X102.468 Y114.441 E6.69003
G1 X101.657 Y114.185 E6.72342
G1 X100.869 Y113.859 E6.7569
G1 X100.113 Y113.465 E6.79037
G1 X99.395 Y113.008 E6.82379
G1 X98.395 Y112.205 E6.87415
G1 X97.793 Y111.604 E6.90755
G1 X97.554 Y111.319 E6.92215
G1 X97.297 Y111.013 F7800
G92 E0
G1 X100.572 Y108.396
;TYPE:Internal infill
;WIDTH:0.45
;HEIGHT:0.4
G1 F494.289
G1 X101.183 Y109.089 E.0649
G1 X101.803 Y109.591 E.12094
G1 X102.425 Y109.944 E.17118
G1 X101.856 Y110.569 E.23056
G1 X101.714 Y110.896 E.2556
G1 X101.708 Y111.552 E.30169
G1 X101.987 Y112.207 E.3517
G1 X102.902 Y113.19 E.44604
G1 X102.996 Y113.405 E.46252
G1 X103.885 Y113.581 E.52618
G1 X104.608 Y113.645 E.57717
G1 X105.439 Y113.627 E.63556
G1 X104.477 Y112.534 E.73785
G1 X104.334 Y112.207 E.76292
G1 X104.328 Y111.552 E.80894
G1 X104.608 Y110.896 E.85905
G1 X104.909 Y110.585 E.88945
G1 X103.817 Y110.468 E.9666
G1 X103.086 Y110.257 E1.02005
G1 X102.608 Y110.032 E1.05716
G92 E0
G1 X109.566 Y108.228 F7800
G1 F494.289
G1 X108.955 Y108.957 E.06682
G1 X108.416 Y109.431 E.11724
G1 X107.766 Y109.841 E.17123
G1 X107.098 Y110.569 E.24064
G1 X106.955 Y110.896 E.26571
G1 X106.949 Y111.552 E.3118
G1 X107.228 Y112.207 E.36181
G1 X108.059 Y113.091 E.44704
G1 X108.654 Y112.845 E.49227
G1 X109.616 Y112.3 E.56994
G1 X109.57 Y111.552 E.62259
G1 X109.849 Y110.896 E.67267
M73 Q78 S8
G1 X110.764 Y109.914 E.76696
M73 P78 R8
G1 X110.907 Y109.586 E.7921
G1 X110.913 Y108.931 E.83812
G1 X110.634 Y108.276 E.88813
G1 X109.943 Y107.556 E.95823
G1 X110.248 Y106.94 E1.00652
G1 X110.507 Y105.983 E1.07617
G1 X110.584 Y104.883 E1.15363
G1 X110.764 Y104.672 E1.17311
G1 X110.907 Y104.345 E1.19818
G1 X110.913 Y103.69 E1.2442
G1 X110.634 Y103.035 E1.29421
G1 X109.693 Y101.994 E1.39279
G1 X109.576 Y101.724 E1.41346
G1 X109.57 Y101.069 E1.45948
G1 X109.849 Y100.414 E1.50949
G1 X110.764 Y99.431 E1.60383
G1 X110.907 Y99.104 E1.6289
G1 X110.911 Y98.69 E1.65798
G1 X111.383 Y99.156 E1.70458
G1 X112.253 Y100.284 E1.80465
G1 X112.196 Y100.414 E1.81462
G1 X112.19 Y101.069 E1.86064
G1 X112.47 Y101.724 E1.91068
G1 X113.318 Y102.629 E1.9978
G1 X113.533 Y103.625 E2.06938
G1 X113.254 Y104.345 E2.12362
G1 X112.339 Y105.328 E2.21796
G1 X112.196 Y105.655 E2.24303
G1 X112.19 Y106.31 E2.28905
G1 X112.47 Y106.965 E2.33909
G1 X113.201 Y107.734 E2.41362
G1 X112.841 Y108.659 E2.48335
G1 X112.113 Y109.91 E2.58503
G92 E0
G1 X109.674 Y97.726 F7800
G1 F494.289
G1 X108.429 Y97.064 E.09906
G1 X107.459 Y96.721 E.17134
G1 X108.144 Y97.466 E.24244
G1 X108.286 Y97.793 E.26748
G1 X108.292 Y98.448 E.3135
G1 X108.013 Y99.104 E.36358
G1 X107.257 Y99.9 E.4407
G1 X106.901 Y99.738 E.46818
G1 X105.971 Y99.49 E.5358
G1 X105.506 Y99.451 E.56858
G1 X105.666 Y99.104 E.59542
G1 X105.672 Y98.448 E.64151
G1 X105.392 Y97.793 E.69155
G1 X104.477 Y96.81 E.78589
G1 X104.333 Y96.379 E.81781
G1 X103.497 Y96.477 E.87694
G1 X102.285 Y96.79 E.96488
G1 X102.902 Y97.466 E1.02918
G1 X103.045 Y97.793 E1.05425
G1 X103.051 Y98.448 E1.10027
G1 X102.772 Y99.104 E1.15035
G1 X101.856 Y100.086 E1.24469
G1 X101.713 Y100.484 E1.2744
G1 X102.858 Y99.831 E1.367
G1 X103.932 Y99.52 E1.44555
G92 E0
G1 X98.36 Y99.463 F7800
G1 F494.289
G1 X99.153 Y98.619 E.08136
G1 X100.171 Y97.84 E.17141
G1 X100.43 Y98.448 E.21784
G1 X100.424 Y99.104 E.26393
G1 X100.282 Y99.431 E.28897
G1 X99.366 Y100.414 E.38336
G1 X99.087 Y101.069 E.43337
G1 X99.093 Y101.724 E.47939
G1 X99.236 Y102.052 E.50453
G1 X99.885 Y102.76 E.572
G1 X99.748 Y103.071 E.59587
G1 X99.49 Y104.028 E.6655
G1 X99.405 Y104.999 E.73397
G1 X99.446 Y105.573 E.7744
G1 X99.087 Y106.31 E.83199
G1 X99.093 Y106.965 E.87801
G1 X99.236 Y107.293 E.90315
G1 X100.151 Y108.276 E.99749
G1 X100.43 Y108.931 E1.0475
G1 X100.424 Y109.586 E1.09352
G1 X100.282 Y109.914 E1.11863
G1 X99.366 Y110.896 E1.21297
G1 X99.159 Y111.383 E1.25014
G1 X98.142 Y110.278 E1.35564
G1 X97.587 Y109.453 E1.42549
G1 X97.81 Y108.931 E1.46537
G1 X97.804 Y108.276 E1.51139
G1 X97.661 Y107.948 E1.53653
G1 X96.746 Y106.965 E1.63087
G1 X96.466 Y106.31 E1.68091
G1 X96.472 Y105.655 E1.72693
G1 X96.615 Y105.328 E1.752
G1 X97.53 Y104.345 E1.84634
G1 X97.81 Y103.69 E1.89638
G1 X97.804 Y103.035 E1.9424
G1 X97.661 Y102.707 E1.96754
G1 X96.926 Y101.91 E2.0437
G1 X97.514 Y100.659 E2.14081
G1 X98.1 Y99.777 E2.2152
;LAYER_CHANGE
;Z:10.75
;HEIGHT:0.2
G92 E0
G1 Z10.75 F7800
G1 X99.722 Y104.792
;TYPE:Perimeter
;WIDTH:0.449999
G1 F884.349
G1 X99.768 Y104.271 E.02054
G1 X100.018 Y103.212 E.06326
G1 X100.485 Y102.255 E.10507
G1 X100.806 Y101.803 E.12684
G1 X101.131 Y101.395 E.14732
G1 X101.712 Y100.861 E.1783
G1 X102.362 Y100.444 E.20862
G1 X102.868 Y100.165 E.23131
G1 X103.749 Y99.866 E.26784
G1 X104.576 Y99.744 E.30066
G1 X105.127 Y99.727 E.32231
G1 X105.817 Y99.779 E.34948
G1 X106.724 Y100.003 E.38616
G1 X107.566 Y100.379 E.42237
G1 X108.488 Y101.03 E.46669
G1 X108.888 Y101.438 E.48912
G1 X109.223 Y101.816 E.50895
G1 X109.725 Y102.641 E.54687
G1 X109.945 Y103.191 E.57013
G1 X110.134 Y103.748 E.59323
G1 X110.232 Y104.343 E.61691
G1 X110.283 Y104.88 E.63809
G1 X110.222 Y105.808 E.67461
G1 X110.021 Y106.635 E.70803
G1 X109.781 Y107.215 E.73268
G1 X109.55 Y107.693 E.75353
G1 X108.965 Y108.495 E.79251
G1 X108.562 Y108.888 E.81461
G1 X108.166 Y109.235 E.83528
G1 X107.571 Y109.597 E.86263
G1 X107.132 Y109.835 E.88224
G1 X106.252 Y110.134 E.91873
G1 X105.735 Y110.222 E.93932
G1 X105.208 Y110.285 E.96016
G1 X104.698 Y110.275 E.98019
G1 X103.718 Y110.128 E1.0191
G1 X103.197 Y109.955 E1.04066
G1 X102.725 Y109.774 E1.06051
G1 X101.898 Y109.275 E1.09843
G1 X101.432 Y108.877 E1.12249
G1 X101.066 Y108.532 E1.14224
G1 X100.475 Y107.73 E1.18136
G1 X100.064 Y106.891 E1.21804
G1 X99.777 Y105.799 E1.26237
G1 X99.716 Y104.858 E1.2994
G1 X99.716 Y104.852 E1.29964
G1 X100.126 Y104.801 F7800
G1 F884.349
G1 X100.173 Y104.315 E1.31881
G1 X100.396 Y103.381 E1.35651
G1 X100.85 Y102.435 E1.39771
G1 X101.366 Y101.743 E1.4316
G1 X101.987 Y101.161 E1.46502
G1 X102.573 Y100.792 E1.49221
G1 X102.999 Y100.55 E1.51145
G1 X103.879 Y100.252 E1.54793
G1 X104.625 Y100.149 E1.5775
G1 X105.097 Y100.133 E1.59604
G1 X105.787 Y100.184 E1.62321
G1 X106.619 Y100.396 E1.65692
G1 X107.394 Y100.747 E1.69033
G1 X108.247 Y101.358 E1.73153
G1 X108.839 Y101.987 E1.76545
G1 X109.377 Y102.852 E1.80545
G1 X109.748 Y103.879 E1.84833
G1 X109.877 Y104.854 E1.88695
G1 X109.816 Y105.782 E1.92347
G1 X109.628 Y106.529 E1.95372
G1 X109.414 Y107.039 E1.97544
G1 X109.192 Y107.499 E1.9955
G1 X108.639 Y108.251 E2.03215
G1 X108.013 Y108.839 E2.06587
G1 X107.36 Y109.249 E2.09614
G1 X107.001 Y109.45 E2.11229
G1 X106.121 Y109.748 E2.14877
G1 X105.375 Y109.858 E2.17838
G1 X104.707 Y109.868 E2.20461
G1 X103.788 Y109.727 E2.24112
G1 X102.986 Y109.445 E2.2745
G1 X102.109 Y108.927 E2.31449
G1 X101.328 Y108.215 E2.35599
G1 X100.805 Y107.493 E2.391
G1 X100.433 Y106.719 E2.42472
G1 X100.172 Y105.703 E2.46591
G1 X100.124 Y104.861 E2.49902
G1 X100.531 Y104.81 F7800
;TYPE:External perimeter
G1 F884.349
G1 X100.591 Y104.236 E2.52168
G1 X100.79 Y103.486 E2.55215
G1 X101.215 Y102.615 E2.5902
G1 X101.689 Y101.99 E2.621
G1 X102.262 Y101.461 E2.65162
G1 X103.13 Y100.936 E2.69145
G1 X104.01 Y100.637 E2.72794
G1 X104.674 Y100.553 E2.75422
G1 X105.067 Y100.539 E2.76966
G1 X105.757 Y100.59 E2.79683
G1 X106.514 Y100.79 E2.82757
G1 X107.222 Y101.116 E2.85817
G1 X108.006 Y101.687 E2.89625
G1 X108.539 Y102.262 E2.92703
G1 X109.029 Y103.063 E2.9639
G1 X109.353 Y103.981 E3.00212
G1 X109.469 Y104.787 E3.03409
G1 X109.41 Y105.755 E3.07217
G1 X109.235 Y106.424 E3.09932
G1 X108.839 Y107.296 E3.13692
G1 X108.312 Y108.008 E3.1717
G1 X107.738 Y108.539 E3.2024
G1 X106.87 Y109.064 E3.24223
G1 X105.99 Y109.363 E3.27872
G1 X105.322 Y109.455 E3.3052
G1 X104.716 Y109.461 E3.329
G1 X103.859 Y109.326 E3.36306
G1 X103.125 Y109.063 E3.39367
G1 X102.32 Y108.579 E3.43055
G1 X101.656 Y107.971 E3.4659
G1 X101.136 Y107.255 E3.50065
G1 X100.802 Y106.547 E3.53139
G1 X100.567 Y105.606 E3.56947
G1 X100.532 Y104.87 E3.5984
G1 X100.567 Y104.471 F7800
G92 E0
G1 X98.128 Y110.736
;TYPE:Perimeter
G1 F884.349
G1 X97.897 Y110.461 E.0141
G1 X97.335 Y109.628 E.05356
G1 X97.06 Y109.152 E.07514
G1 X96.577 Y108.054 E.12224
G1 X96.348 Y107.327 E.15217
G1 X96.147 Y106.343 E.1916
G1 X96.076 Y105.798 E.21318
G1 X96.05 Y104.598 E.26031
G1 X96.117 Y103.831 E.29054
G1 X96.251 Y103.069 E.32092
G1 X96.528 Y102.103 E.36038
G1 X96.716 Y101.587 E.38194
G1 X97.247 Y100.509 E.42912
G1 X97.569 Y100 E.45277
G1 X97.888 Y99.55 E.47443
G1 X98.394 Y98.947 E.50534
G1 X98.947 Y98.394 E.53605
G1 X99.539 Y97.897 E.5664
G1 X100.371 Y97.335 E.60582
G1 X100.848 Y97.06 E.62744
G1 X101.946 Y96.577 E.67454
G1 X102.681 Y96.345 E.7048
M73 P78 R7
G1 X103.444 Y96.176 E.73548
G1 X104.211 Y96.075 E.76586
G1 X105.215 Y96.049 E.80529
G1 X105.764 Y96.073 E.82687
G1 X106.942 Y96.254 E.87367
G1 X107.897 Y96.528 E.91268
G1 X108.413 Y96.716 E.93424
G1 X109.489 Y97.247 E.98135
G1 X110.13 Y97.655 E1.01118
G1 X111.061 Y98.402 E1.05805
G1 X111.606 Y98.947 E1.08831
G1 X112.108 Y99.546 E1.119
M73 Q78 S7
G1 X112.557 Y100.186 E1.1497
G1 X112.942 Y100.853 E1.17994
G1 X113.423 Y101.946 E1.22683
G1 X113.651 Y102.671 E1.25667
G1 X113.893 Y103.942 E1.30747
G1 X113.951 Y104.689 E1.33689
G1 X113.951 Y105.391 E1.36445
G1 X113.883 Y106.169 E1.39511
G1 X113.747 Y106.939 E1.42581
G1 X113.548 Y107.684 E1.45609
G1 X113.118 Y108.789 E1.50265
G1 X112.645 Y109.662 E1.54164
G1 X112.349 Y110.125 E1.56322
G1 X111.598 Y111.061 E1.61034
G1 X111.053 Y111.606 E1.6406
G1 X110.463 Y112.101 E1.67084
G1 X109.47 Y112.765 E1.71774
G1 X108.787 Y113.12 E1.74796
G1 X108.064 Y113.42 E1.7787
G1 X107.327 Y113.652 E1.80904
G1 X106.343 Y113.853 E1.84847
G1 X105.798 Y113.924 E1.87005
G1 X104.598 Y113.95 E1.91718
G1 X103.841 Y113.884 E1.94702
G1 X102.67 Y113.651 E1.9939
G1 X101.936 Y113.42 E2.02411
G1 X101.213 Y113.12 E2.05485
G1 X100.52 Y112.759 E2.08553
G1 X99.87 Y112.345 E2.11579
G1 X98.939 Y111.598 E2.16266
G1 X98.394 Y111.053 E2.19292
G1 X98.167 Y110.782 E2.2068
G1 X97.822 Y111.005 F7800
G1 F884.349
G1 X97.572 Y110.706 E2.2221
G1 X96.946 Y109.78 E2.26599
G1 X96.696 Y109.334 E2.28607
G1 X96.196 Y108.197 E2.33484
G1 X95.953 Y107.429 E2.36647
G1 X95.73 Y106.334 E2.41035
G1 X95.669 Y105.827 E2.4304
G1 X95.642 Y104.585 E2.47918
G1 X95.713 Y103.777 E2.51103
G1 X95.854 Y102.977 E2.54293
G1 X96.161 Y101.903 E2.58679
G1 X96.342 Y101.425 E2.60686
G1 X96.892 Y100.31 E2.65568
G1 X97.26 Y99.726 E2.68278
G1 X97.566 Y99.3 E2.70337
G1 X98.094 Y98.672 E2.73559
G1 X98.672 Y98.094 E2.76769
G1 X99.294 Y97.572 E2.79957
G1 X100.22 Y96.946 E2.84346
G1 X100.666 Y96.696 E2.86354
G1 X101.803 Y96.196 E2.91231
G1 X102.576 Y95.952 E2.94414
G1 X103.373 Y95.775 E2.9762
G1 X104.179 Y95.669 E3.00812
G1 X105.296 Y95.639 E3.05199
G1 X105.806 Y95.667 E3.07205
G1 X107.029 Y95.856 E3.12064
G1 X108.097 Y96.161 E3.16425
G1 X108.575 Y96.342 E3.18432
G1 X109.689 Y96.891 E3.23308
G1 X110.367 Y97.323 E3.26465
G1 X111.333 Y98.098 E3.31328
G1 X111.906 Y98.672 E3.34513
G1 X112.432 Y99.298 E3.37723
G1 X112.9 Y99.967 E3.40929
G1 X113.306 Y100.669 E3.44113
G1 X113.804 Y101.803 E3.48976
M73 Q79 S7
G1 X114.046 Y102.569 E3.5213
G1 X114.298 Y103.906 E3.57472
M73 P79 R7
G1 X114.358 Y104.689 E3.60555
G1 X114.358 Y105.409 E3.63382
G1 X114.287 Y106.223 E3.6659
G1 X114.145 Y107.027 E3.69796
G1 X113.935 Y107.811 E3.72983
G1 X113.488 Y108.96 E3.77824
G1 X112.959 Y109.937 E3.82186
G1 X112.679 Y110.365 E3.84194
G1 X111.902 Y111.333 E3.89068
G1 X111.328 Y111.906 E3.92253
G1 X110.707 Y112.427 E3.95436
G1 X109.678 Y113.115 E4.00296
G1 X108.959 Y113.49 E4.0348
G1 X108.204 Y113.802 E4.06688
G1 X107.429 Y114.047 E4.09879
G1 X106.334 Y114.27 E4.14267
G1 X105.827 Y114.331 E4.16272
G1 X104.585 Y114.358 E4.2115
G1 X103.784 Y114.288 E4.24307
G1 X102.569 Y114.046 E4.29171
G1 X101.796 Y113.802 E4.32354
G1 X101.041 Y113.49 E4.35562
G1 X100.316 Y113.112 E4.38772
G1 X99.633 Y112.677 E4.41951
G1 X98.667 Y111.902 E4.46814
G1 X98.094 Y111.328 E4.49999
G1 X97.861 Y111.051 E4.5142
G1 X97.516 Y111.273 F7800
;TYPE:External perimeter
G1 F884.349
G1 X97.246 Y110.952 E4.53067
G1 X96.599 Y109.994 E4.57606
G1 X96.331 Y109.516 E4.59758
G1 X95.814 Y108.341 E4.64798
G1 X95.559 Y107.531 E4.68132
G1 X95.328 Y106.399 E4.72668
G1 X95.263 Y105.855 E4.74819
G1 X95.235 Y104.571 E4.79862
G1 X95.309 Y103.724 E4.832
G1 X95.457 Y102.886 E4.86541
G1 X95.775 Y101.775 E4.91078
G1 X95.968 Y101.262 E4.9323
G1 X96.536 Y100.11 E4.98273
G1 X96.922 Y99.499 E5.01111
G1 X97.244 Y99.05 E5.0328
G1 X97.793 Y98.396 E5.06633
G1 X98.396 Y97.793 E5.09981
G1 X99.048 Y97.246 E5.13323
G1 X100.006 Y96.599 E5.17862
G1 X100.484 Y96.331 E5.20014
G1 X101.659 Y95.814 E5.25054
G1 X102.47 Y95.558 E5.28393
G1 X103.303 Y95.374 E5.31743
G1 X104.147 Y95.263 E5.35085
G1 X105.302 Y95.232 E5.39622
G1 X105.849 Y95.262 E5.41773
G1 X107.116 Y95.457 E5.46806
G1 X108.225 Y95.775 E5.51336
G1 X108.738 Y95.968 E5.53488
G1 X109.889 Y96.536 E5.58528
G1 X110.605 Y96.992 E5.61861
G1 X111.605 Y97.795 E5.66897
G1 X112.207 Y98.396 E5.70237
G1 X112.755 Y99.049 E5.73584
G1 X113.244 Y99.748 E5.76934
G1 X113.669 Y100.485 E5.80274
G1 X114.186 Y101.659 E5.85311
G1 X114.441 Y102.468 E5.88642
G1 X114.704 Y103.871 E5.94247
G1 X114.765 Y104.689 E5.97468
G1 X114.765 Y105.426 E6.00362
G1 X114.691 Y106.276 E6.03712
G1 X114.543 Y107.116 E6.07061
G1 X114.323 Y107.937 E6.10398
G1 X113.858 Y109.132 E6.15433
G1 X113.309 Y110.145 E6.19957
G1 X113.009 Y110.604 E6.2211
G1 X112.205 Y111.605 E6.27151
G1 X111.604 Y112.207 E6.30491
G1 X110.952 Y112.754 E6.33833
G1 X109.885 Y113.466 E6.3887
G1 X109.131 Y113.859 E6.42209
G1 X108.343 Y114.185 E6.45557
G1 X107.531 Y114.441 E6.489
G1 X106.399 Y114.672 E6.53436
G1 X105.855 Y114.737 E6.55587
G1 X104.571 Y114.765 E6.6063
G1 X103.726 Y114.691 E6.63961
G1 X102.468 Y114.441 E6.68997
G1 X101.657 Y114.185 E6.72336
G1 X100.869 Y113.859 E6.75684
G1 X100.113 Y113.465 E6.79031
G1 X99.395 Y113.008 E6.82373
G1 X98.395 Y112.205 E6.87409
G1 X97.793 Y111.604 E6.90749
G1 X97.554 Y111.319 E6.92209
G1 X97.297 Y111.013 F7800
;LAYER_CHANGE
;Z:10.95
;HEIGHT:0.2
G92 E0
G1 Z10.95 F7800
G1 X99.741 Y104.793
;TYPE:Perimeter
G1 F884.349
G1 X99.778 Y104.192 E.02364
G1 X100.003 Y103.275 E.06071
G1 X100.486 Y102.253 E.10509
G1 X100.807 Y101.802 E.12683
G1 X101.131 Y101.395 E.14726
G1 X101.741 Y100.834 E.1798
G1 X102.667 Y100.259 E.2226
G1 X103.146 Y100.07 E.24282
G1 X103.749 Y99.866 E.26781
G1 X104.579 Y99.744 E.30075
G1 X105.112 Y99.727 E.32169
G1 X105.816 Y99.778 E.3494
G1 X106.724 Y100.003 E.38613
G1 X107.643 Y100.424 E.42582
G1 X108.494 Y101.035 E.46695
G1 X108.888 Y101.438 E.48908
G1 X109.223 Y101.816 E.50891
G1 X109.725 Y102.641 E.54683
G1 X109.945 Y103.191 E.57009
G1 X110.134 Y103.748 E.59319
G1 X110.232 Y104.343 E.61687
G1 X110.285 Y104.836 E.63634
G1 X110.273 Y105.394 E.65825
G1 X110.139 Y106.221 E.69115
G1 X109.828 Y107.153 E.72973
G1 X109.569 Y107.649 E.7517
G1 X109.164 Y108.235 E.77967
G1 X108.837 Y108.636 E.79999
G1 X108.288 Y109.139 E.82923
G1 X107.571 Y109.597 E.86264
G1 X107.132 Y109.835 E.88225
G1 X106.252 Y110.134 E.91874
G1 X105.751 Y110.22 E.9387
G1 X105.208 Y110.285 E.96017
G1 X104.222 Y110.224 E.99896
G1 X103.605 Y110.085 E1.02379
G1 X103.099 Y109.932 E1.04455
G1 X102.357 Y109.576 E1.07686
G1 X101.506 Y108.965 E1.11799
G1 X101.078 Y108.539 E1.1417
G1 X100.467 Y107.719 E1.18185
G1 X100.064 Y106.891 E1.21801
G1 X99.894 Y106.35 E1.24028
G1 X99.78 Y105.751 E1.26422
G1 X99.715 Y105.208 E1.28569
G1 X99.737 Y104.852 E1.29969
G1 X100.147 Y104.801 F7800
G1 F884.349
G1 X100.184 Y104.218 E1.32263
G1 X100.396 Y103.381 E1.35653
G1 X100.85 Y102.435 E1.39773
G1 X101.366 Y101.743 E1.43162
G1 X102.004 Y101.146 E1.46593
G1 X102.878 Y100.607 E1.50625
G1 X103.879 Y100.252 E1.54795
G1 X104.628 Y100.148 E1.57764
G1 X105.082 Y100.133 E1.59548
G1 X105.787 Y100.184 E1.62323
G1 X106.619 Y100.396 E1.65694
G1 X107.467 Y100.791 E1.69367
G1 X108.251 Y101.361 E1.73173
G1 X108.839 Y101.987 E1.76545
G1 X109.377 Y102.852 E1.80545
G1 X109.748 Y103.879 E1.84833
G1 X109.878 Y104.827 E1.8859
G1 X109.866 Y105.385 E1.90781
G1 X109.738 Y106.151 E1.9383
G1 X109.445 Y107.014 E1.97409
G1 X109.138 Y107.589 E1.99968
G1 X108.634 Y108.257 E2.03254
G1 X108.013 Y108.839 E2.06596
G1 X107.36 Y109.249 E2.09623
G1 X107.001 Y109.45 E2.11238
G1 X106.121 Y109.748 E2.14886
G1 X105.373 Y109.859 E2.17855
G1 X104.806 Y109.854 E2.20081
G1 X104.218 Y109.816 E2.22395
G1 X103.275 Y109.565 E2.26227
G1 X102.533 Y109.209 E2.29458
G1 X101.749 Y108.639 E2.33264
G1 X101.373 Y108.258 E2.35366
G1 X100.801 Y107.486 E2.39139
G1 X100.433 Y106.719 E2.42479
G1 X100.285 Y106.236 E2.44463
G1 X100.184 Y105.698 E2.46612
G1 X100.122 Y105.199 E2.48586
G1 X100.143 Y104.861 E2.49916
G1 X100.566 Y104.811 F7800
;TYPE:External perimeter
G1 F884.349
G1 X100.59 Y104.245 E2.5214
G1 X100.79 Y103.486 E2.55222
G1 X101.215 Y102.615 E2.59027
G1 X101.689 Y101.99 E2.62107
G1 X102.262 Y101.461 E2.65169
G1 X103.089 Y100.955 E2.68976
G1 X104.01 Y100.637 E2.72802
G1 X104.677 Y100.552 E2.75442
G1 X105.052 Y100.539 E2.76915
G1 X105.757 Y100.59 E2.7969
G1 X106.514 Y100.79 E2.82764
G1 X107.291 Y101.158 E2.8614
G1 X108.007 Y101.688 E2.89638
G1 X108.539 Y102.262 E2.92711
G1 X109.029 Y103.063 E2.96398
G1 X109.353 Y103.981 E3.0022
G1 X109.469 Y104.787 E3.03417
G1 X109.459 Y105.376 E3.0573
G1 X109.337 Y106.08 E3.08535
G1 X109.062 Y106.875 E3.11838
G1 X108.781 Y107.393 E3.14152
G1 X108.311 Y108.01 E3.17197
G1 X107.738 Y108.539 E3.20259
G1 X106.87 Y109.064 E3.24242
G1 X105.99 Y109.363 E3.27891
G1 X105.32 Y109.455 E3.30546
G1 X104.276 Y109.412 E3.34649
G1 X103.486 Y109.21 E3.37851
G1 X102.709 Y108.842 E3.41227
G1 X101.992 Y108.312 E3.44728
G1 X101.581 Y107.887 E3.47049
G1 X101.134 Y107.252 E3.50098
G1 X100.802 Y106.547 E3.53158
G1 X100.634 Y105.982 E3.55472
G1 X100.545 Y105.32 E3.58095
G1 X100.564 Y104.871 E3.5986
G1 X100.581 Y104.471 F7800
G92 E0
G1 X98.128 Y110.736
;TYPE:Perimeter
G1 F884.349
G1 X97.897 Y110.461 E.0141
G1 X97.344 Y109.644 E.05284
G1 X97.06 Y109.152 E.07515
G1 X96.577 Y108.054 E.12225
G1 X96.348 Y107.327 E.15218
G1 X96.15 Y106.361 E.1909
G1 X96.076 Y105.797 E.21324
G1 X96.05 Y104.598 E.26033
G1 X96.117 Y103.831 E.29056
G1 X96.251 Y103.071 E.32086
G1 X96.585 Y101.925 E.36773
G1 X96.88 Y101.213 E.39799
G1 X97.242 Y100.518 E.42876
G1 X97.588 Y99.969 E.45424
G1 X97.888 Y99.55 E.47447
G1 X98.394 Y98.947 E.50538
G1 X98.947 Y98.394 E.53609
G1 X99.546 Y97.892 E.56678
G1 X100.186 Y97.443 E.59748
G1 X100.865 Y97.051 E.62826
G1 X101.451 Y96.775 E.65369
G1 X101.93 Y96.582 E.67397
G1 X102.681 Y96.345 E.70489
G1 X103.444 Y96.176 E.73557
G1 X104.211 Y96.075 E.76595
G1 X105.196 Y96.048 E.80464
G1 X105.765 Y96.073 E.827
G1 X106.942 Y96.254 E.87376
G1 X107.88 Y96.522 E.91206
G1 X108.414 Y96.716 E.93437
G1 X109.489 Y97.247 E.98145
G1 X110.13 Y97.655 E1.01128
G1 X111.061 Y98.402 E1.05815
G1 X111.606 Y98.947 E1.08841
G1 X112.108 Y99.546 E1.1191
G1 X112.557 Y100.186 E1.1498
G1 X112.942 Y100.853 E1.18004
G1 X113.423 Y101.946 E1.22693
G1 X113.651 Y102.671 E1.25677
G1 X113.893 Y103.942 E1.30757
G1 X113.951 Y104.689 E1.33699
G1 X113.951 Y105.391 E1.36455
G1 X113.883 Y106.169 E1.39521
G1 X113.747 Y106.939 E1.42591
G1 X113.548 Y107.684 E1.45619
G1 X113.115 Y108.796 E1.50305
G1 X112.765 Y109.47 E1.53287
G1 X112.101 Y110.463 E1.57977
G1 X111.606 Y111.053 E1.61001
G1 X111.053 Y111.606 E1.64072
G1 X110.463 Y112.101 E1.67096
G1 X109.47 Y112.765 E1.71786
G1 X108.787 Y113.12 E1.74808
G1 X108.064 Y113.42 E1.77882
G1 X107.327 Y113.652 E1.80916
G1 X106.361 Y113.85 E1.84788
G1 X105.797 Y113.924 E1.87022
G1 X104.598 Y113.95 E1.91731
G1 X103.841 Y113.884 E1.94715
G1 X102.67 Y113.651 E1.99403
G1 X101.936 Y113.42 E2.02424
G1 X101.213 Y113.12 E2.05498
G1 X100.52 Y112.759 E2.08566
G1 X99.87 Y112.345 E2.11592
G1 X98.939 Y111.598 E2.16279
G1 X98.394 Y111.053 E2.19305
G1 X98.167 Y110.782 E2.20693
G1 X97.822 Y111.005 F7800
G1 F884.349
G1 X97.571 Y110.706 E2.22226
G1 X96.956 Y109.796 E2.26539
G1 X96.696 Y109.334 E2.28621
G1 X96.196 Y108.197 E2.33498
G1 X95.953 Y107.429 E2.36661
G1 X95.733 Y106.353 E2.40973
G1 X95.669 Y105.826 E2.43057
G1 X95.642 Y104.585 E2.47931
G1 X95.713 Y103.777 E2.51116
G1 X95.854 Y102.979 E2.54298
G1 X96.2 Y101.79 E2.5916
G1 X96.51 Y101.041 E2.62343
G1 X96.888 Y100.315 E2.65557
G1 X97.25 Y99.742 E2.68218
G1 X97.566 Y99.3 E2.70351
G1 X98.094 Y98.672 E2.73573
G1 X98.672 Y98.094 E2.76783
G1 X99.298 Y97.568 E2.79993
G1 X99.967 Y97.1 E2.83199
G1 X100.676 Y96.69 E2.86415
G1 X101.289 Y96.401 E2.89076
G1 X101.793 Y96.199 E2.91208
G1 X102.576 Y95.952 E2.94432
G1 X103.373 Y95.775 E2.97638
G1 X104.179 Y95.669 E3.0083
G1 X105.277 Y95.639 E3.05143
G1 X105.807 Y95.668 E3.07227
G1 X107.029 Y95.856 E3.12082
G1 X108.079 Y96.155 E3.16369
G1 X108.576 Y96.342 E3.18454
G1 X109.689 Y96.891 E3.23327
G1 X110.367 Y97.323 E3.26484
G1 X111.333 Y98.098 E3.31347
G1 X111.906 Y98.672 E3.34532
G1 X112.432 Y99.298 E3.37742
G1 X112.9 Y99.967 E3.40948
G1 X113.306 Y100.669 E3.44132
G1 X113.804 Y101.803 E3.48995
G1 X114.046 Y102.569 E3.52149
G1 X114.298 Y103.906 E3.57491
G1 X114.358 Y104.689 E3.60574
G1 X114.358 Y105.409 E3.63401
G1 X114.287 Y106.223 E3.66609
G1 X114.145 Y107.027 E3.69815
G1 X113.935 Y107.811 E3.73002
G1 X113.487 Y108.965 E3.77863
G1 X113.115 Y109.678 E3.81021
G1 X112.427 Y110.708 E3.85884
G1 X111.906 Y111.328 E3.89064
G1 X111.328 Y111.906 E3.92274
G1 X110.707 Y112.427 E3.95457
G1 X109.678 Y113.115 E4.00317
G1 X108.959 Y113.49 E4.03501
G1 X108.204 Y113.802 E4.06709
G1 X107.429 Y114.047 E4.099
G1 X106.353 Y114.267 E4.14212
G1 X105.826 Y114.331 E4.16296
G1 X104.585 Y114.358 E4.2117
G1 X103.784 Y114.288 E4.24327
G1 X102.569 Y114.046 E4.29191
G1 X101.796 Y113.802 E4.32374
G1 X101.041 Y113.49 E4.35582
G1 X100.316 Y113.112 E4.38792
G1 X99.633 Y112.677 E4.41971
G1 X98.667 Y111.902 E4.46834
G1 X98.094 Y111.328 E4.50019
G1 X97.861 Y111.051 E4.5144
G1 X97.516 Y111.273 F7800
;TYPE:External perimeter
G1 F884.349
G1 X97.246 Y110.952 E4.53087
G1 X96.609 Y110.01 E4.57552
G1 X96.331 Y109.516 E4.59778
G1 X95.814 Y108.341 E4.64818
G1 X95.559 Y107.531 E4.68152
G1 X95.331 Y106.418 E4.72613
G1 X95.263 Y105.855 E4.7484
G1 X95.235 Y104.571 E4.79883
G1 X95.309 Y103.724 E4.83221
G1 X95.457 Y102.886 E4.86562
G1 X95.816 Y101.655 E4.91597
G1 X96.141 Y100.869 E4.94937
G1 X96.535 Y100.112 E4.98288
G1 X96.912 Y99.515 E5.0106
G1 X97.244 Y99.05 E5.03303
G1 X97.793 Y98.396 E5.06656
G1 X98.396 Y97.793 E5.10004
G1 X99.049 Y97.245 E5.13351
G1 X99.748 Y96.756 E5.16701
G1 X100.487 Y96.329 E5.20052
G1 X101.126 Y96.028 E5.22825
G1 X101.656 Y95.815 E5.25068
G1 X102.47 Y95.558 E5.2842
G1 X103.303 Y95.374 E5.3177
G1 X104.147 Y95.263 E5.35112
G1 X105.283 Y95.231 E5.39574
G1 X105.849 Y95.262 E5.418
G1 X107.116 Y95.457 E5.46833
G1 X108.207 Y95.769 E5.51288
G1 X108.738 Y95.968 E5.53515
G1 X109.889 Y96.536 E5.58555
G1 X110.605 Y96.992 E5.61888
G1 X111.605 Y97.795 E5.66924
G1 X112.207 Y98.396 E5.70264
G1 X112.755 Y99.049 E5.73611
G1 X113.244 Y99.748 E5.76961
M73 Q80 S7
G1 X113.669 Y100.485 E5.80301
G1 X114.186 Y101.659 E5.85338
M73 P80 R7
G1 X114.441 Y102.468 E5.88669
G1 X114.704 Y103.871 E5.94274
G1 X114.765 Y104.689 E5.97495
G1 X114.765 Y105.426 E6.00389
G1 X114.691 Y106.276 E6.03739
G1 X114.543 Y107.116 E6.07088
G1 X114.323 Y107.937 E6.10425
G1 X113.858 Y109.133 E6.15463
G1 X113.466 Y109.886 E6.18796
G1 X112.753 Y110.952 E6.23832
G1 X112.207 Y111.604 E6.27171
G1 X111.604 Y112.207 E6.30519
G1 X110.952 Y112.754 E6.33861
G1 X109.885 Y113.466 E6.38898
G1 X109.131 Y113.859 E6.42237
G1 X108.343 Y114.185 E6.45585
G1 X107.531 Y114.441 E6.48928
G1 X106.418 Y114.669 E6.53389
G1 X105.855 Y114.737 E6.55616
G1 X104.571 Y114.765 E6.60659
G1 X103.726 Y114.691 E6.6399
G1 X102.468 Y114.441 E6.69026
G1 X101.657 Y114.185 E6.72365
G1 X100.869 Y113.859 E6.75713
G1 X100.113 Y113.465 E6.7906
G1 X99.395 Y113.008 E6.82402
G1 X98.395 Y112.205 E6.87438
G1 X97.793 Y111.604 E6.90778
G1 X97.554 Y111.319 E6.92238
G1 X97.297 Y111.013 F7800
G92 E0
G1 X100.399 Y112.32
;TYPE:Internal infill
;WIDTH:0.45
;HEIGHT:0.4
G1 F494.289
G1 X101.343 Y112.843 E.07581
G1 X102.62 Y113.315 E.17145
G1 X101.922 Y112.534 E.24503
G1 X101.76 Y112.207 E.27067
G1 X101.716 Y111.552 E.31679
G1 X101.955 Y110.896 E.36584
G1 X102.682 Y110.091 E.44204
G1 X103.631 Y110.423 E.51267
G1 X104.54 Y110.574 E.5774
G1 X104.381 Y110.896 E.60263
G1 X104.336 Y111.552 E.64882
G1 X104.576 Y112.207 E.69783
G1 X105.457 Y113.19 E.79056
G1 X105.626 Y113.623 E.82321
G1 X106.227 Y113.565 E.86563
G1 X107.754 Y113.197 E.97597
G1 X107.163 Y112.534 E1.03836
G1 X107.002 Y112.207 E1.06396
G1 X106.957 Y111.552 E1.11008
G1 X107.197 Y110.896 E1.15915
G1 X108.078 Y109.914 E1.25183
G1 X108.243 Y109.536 E1.2808
G1 X109.125 Y108.78 E1.36241
G1 X109.704 Y108.029 E1.42903
G1 X109.859 Y107.739 E1.45213
G92 E0
G1 X111.615 Y110.552 F7800
G1 F494.289
G1 X110.847 Y111.381 E.07939
G1 X109.805 Y112.173 E.17133
G1 X109.578 Y111.552 E.21778
G1 X109.622 Y110.896 E.26397
G1 X109.784 Y110.569 E.28961
G1 X110.665 Y109.586 E.38234
G1 X110.905 Y108.931 E.43135
G1 X110.86 Y108.276 E.47747
G1 X110.699 Y107.948 E.50314
G1 X110.103 Y107.281 E.56598
G1 X110.371 Y106.554 E.62041
G1 X110.51 Y105.97 E.66258
G1 X110.573 Y105.488 E.69673
G1 X110.552 Y104.469 E.76833
G1 X110.665 Y104.345 E.78012
G1 X110.905 Y103.69 E.82913
G1 X110.86 Y103.035 E.87525
G1 X110.699 Y102.707 E.90092
G1 X109.817 Y101.724 E.9937
G1 X109.578 Y101.069 E1.04268
G1 X109.622 Y100.414 E1.0888
G1 X109.784 Y100.086 E1.1145
G1 X110.665 Y99.104 E1.20718
G1 X110.843 Y98.618 E1.24354
G1 X111.866 Y99.732 E1.34979
G1 X112.398 Y100.522 E1.4167
G1 X112.198 Y101.069 E1.45761
G1 X112.243 Y101.724 E1.50373
G1 X112.405 Y102.052 E1.52943
G1 X113.286 Y103.035 E1.62216
G1 X113.526 Y103.69 E1.67117
G1 X113.481 Y104.345 E1.71729
G1 X113.319 Y104.672 E1.74293
G1 X112.438 Y105.655 E1.83566
G1 X112.198 Y106.31 E1.88467
G1 X112.243 Y106.965 E1.93079
G1 X112.405 Y107.293 E1.95649
G1 X113.079 Y108.048 E2.02759
G1 X113.449 Y106.873 E2.11413
G1 X113.62 Y105.677 E2.199
G92 E0
G1 X109.325 Y97.506 F7800
G1 F494.289
G1 X108.292 Y96.996 E.08093
G1 X107.063 Y96.606 E.17151
G1 X107.163 Y96.81 E.18747
G1 X108.045 Y97.793 E.28025
G1 X108.284 Y98.448 E.32923
G1 X108.24 Y99.104 E.37542
G1 X108.078 Y99.431 E.40106
G1 X107.54 Y100.035 E.45788
G1 X106.927 Y99.748 E.50543
G1 X105.945 Y99.486 E.57683
G1 X105.135 Y99.422 E.63391
G1 X105.424 Y99.104 E.6641
G1 X105.664 Y98.448 E.71317
G1 X105.619 Y97.793 E.75929
G1 X105.457 Y97.466 E.78493
G1 X104.576 Y96.483 E.87766
G1 X104.536 Y96.374 E.88582
G1 X103.497 Y96.477 E.95917
G1 X102.184 Y96.822 E1.05454
G92 E0
G1 X97.915 Y100.037 F7800
G1 F494.289
G1 X97.514 Y100.658 E.05193
G1 X97.051 Y101.597 E.12548
G1 X96.82 Y102.211 E.17156
G1 X97.562 Y103.035 E.24946
G1 X97.802 Y103.69 E.29847
G1 X97.757 Y104.345 E.34459
G1 X97.595 Y104.672 E.37023
G1 X96.714 Y105.655 E.46296
G1 X96.474 Y106.31 E.51197
G1 X96.486 Y106.474 E.52352
G1 X96.681 Y107.293 E.58266
G1 X97.562 Y108.276 E.67539
G1 X97.802 Y108.931 E.7244
G1 X97.722 Y109.656 E.77564
G1 X98.141 Y110.277 E.82827
G1 X99.11 Y111.337 E.92916
G1 X99.14 Y110.896 E.96021
G1 X99.301 Y110.569 E.98581
G1 X100.183 Y109.586 E1.07859
G1 X100.422 Y108.931 E1.12757
G1 X100.378 Y108.276 E1.17369
G1 X100.216 Y107.948 E1.19939
G1 X99.335 Y106.965 E1.29212
G1 X99.095 Y106.31 E1.34113
G1 X99.14 Y105.655 E1.38725
G1 X99.41 Y105.203 E1.42424
G1 X99.49 Y104.029 E1.5069
G1 X99.745 Y103.082 E1.5758
G1 X100.032 Y102.497 E1.62158
G1 X99.335 Y101.724 E1.6947
G1 X99.095 Y101.069 E1.74371
G1 X99.14 Y100.414 E1.78983
G1 X99.301 Y100.086 E1.8155
G1 X100.183 Y99.104 E1.90823
G1 X100.422 Y98.448 E1.95728
G1 X100.343 Y97.723 E2.00851
G1 X100.992 Y97.331 E2.06177
G1 X101.992 Y96.891 E2.13852
G1 X102.803 Y97.793 E2.22373
G1 X103.043 Y98.448 E2.27274
G1 X102.998 Y99.104 E2.31893
G1 X102.837 Y99.431 E2.34453
G1 X102.106 Y100.249 E2.4216
G1 X101.595 Y100.56 E2.46362
G1 X100.912 Y101.181 E2.52847
G1 X100.348 Y101.908 E2.59311
;LAYER_CHANGE
;Z:11.15
;HEIGHT:0.2
G92 E0
G1 Z11.15 F7800
G1 X99.725 Y104.792
;TYPE:Perimeter
;WIDTH:0.449999
G1 F884.349
G1 X99.868 Y103.74 E.04169
G1 X100.136 Y102.947 E.07456
G1 X100.464 Y102.29 E.10339
G1 X100.808 Y101.801 E.12687
G1 X101.131 Y101.395 E.14724
G1 X101.712 Y100.861 E.17822
G1 X102.334 Y100.461 E.20726
G1 X102.785 Y100.197 E.22778
G1 X103.748 Y99.866 E.26776
G1 X104.581 Y99.743 E.30082
G1 X105.096 Y99.726 E.32105
G1 X105.816 Y99.778 E.34939
G1 X106.724 Y100.003 E.38612
G1 X107.637 Y100.421 E.42555
G1 X108.494 Y101.035 E.46694
G1 X109.212 Y101.805 E.50828
G1 X109.719 Y102.629 E.54627
G1 X109.945 Y103.191 E.57005
G1 X110.134 Y103.748 E.59315
G1 X110.232 Y104.343 E.61683
G1 X110.285 Y104.836 E.6363
G1 X110.273 Y105.394 E.65821
G1 X110.139 Y106.221 E.69111
G1 X109.828 Y107.153 E.72969
G1 X109.495 Y107.784 E.7577
G1 X108.957 Y108.505 E.79302
G1 X108.562 Y108.888 E.81462
G1 X108.166 Y109.235 E.83529
G1 X107.571 Y109.597 E.86264
G1 X107.132 Y109.835 E.88225
G1 X106.252 Y110.134 E.91874
G1 X105.657 Y110.232 E.94242
G1 X105.132 Y110.284 E.96313
G1 X104.316 Y110.24 E.99522
G1 X103.581 Y110.074 E1.02481
G1 X103.1 Y109.932 E1.0445
G1 X102.363 Y109.579 E1.07659
G1 X101.506 Y108.965 E1.11798
G1 X101.078 Y108.539 E1.14169
G1 X100.467 Y107.719 E1.18184
G1 X100.064 Y106.891 E1.218
G1 X99.777 Y105.799 E1.26233
G1 X99.716 Y104.858 E1.29936
G1 X99.717 Y104.851 E1.29964
G1 X100.128 Y104.801 F7800
G1 F884.349
G1 X100.267 Y103.823 E1.33843
G1 X100.518 Y103.086 E1.369
G1 X100.821 Y102.486 E1.39539
G1 X101.131 Y102.049 E1.41643
G1 X101.438 Y101.664 E1.43576
G1 X101.987 Y101.161 E1.465
G1 X102.545 Y100.809 E1.4909
G1 X102.999 Y100.55 E1.51142
G1 X103.879 Y100.252 E1.5479
G1 X104.63 Y100.147 E1.57767
G1 X105.067 Y100.132 E1.59484
G1 X105.786 Y100.184 E1.62314
G1 X106.619 Y100.396 E1.65689
G1 X107.462 Y100.788 E1.69339
G1 X108.251 Y101.361 E1.73168
G1 X108.886 Y102.051 E1.7685
G1 X109.369 Y102.837 E1.80472
G1 X109.559 Y103.321 E1.82514
G1 X109.748 Y103.879 E1.84827
G1 X109.878 Y104.827 E1.88584
G1 X109.866 Y105.385 E1.90775
G1 X109.738 Y106.151 E1.93824
G1 X109.445 Y107.014 E1.97403
G1 X109.138 Y107.589 E1.99962
G1 X108.634 Y108.257 E2.03248
G1 X108.013 Y108.839 E2.0659
G1 X107.36 Y109.249 E2.09617
G1 X107.001 Y109.45 E2.11232
G1 X106.121 Y109.748 E2.1488
G1 X105.154 Y109.877 E2.18711
G1 X104.337 Y109.834 E2.21923
G1 X103.276 Y109.565 E2.26221
G1 X102.538 Y109.212 E2.29433
G1 X101.749 Y108.639 E2.33262
G1 X101.373 Y108.258 E2.35364
G1 X100.801 Y107.486 E2.39137
G1 X100.433 Y106.719 E2.42477
G1 X100.172 Y105.703 E2.46596
G1 X100.124 Y104.86 E2.49911
G1 X100.531 Y104.81 F7800
;TYPE:External perimeter
G1 F884.349
G1 X100.67 Y103.885 E2.53584
G1 X100.901 Y103.225 E2.5633
G1 X101.178 Y102.682 E2.58723
G1 X101.689 Y101.99 E2.62101
G1 X102.262 Y101.461 E2.65163
G1 X103.13 Y100.936 E2.69146
G1 X104.01 Y100.637 E2.72795
G1 X104.679 Y100.551 E2.75443
G1 X105.037 Y100.538 E2.7685
G1 X105.757 Y100.59 E2.79684
G1 X106.514 Y100.79 E2.82758
G1 X107.286 Y101.155 E2.86111
G1 X108.007 Y101.687 E2.89629
G1 X108.584 Y102.323 E2.93001
G1 X109.019 Y103.046 E2.96314
G1 X109.353 Y103.981 E3.00212
G1 X109.469 Y104.787 E3.03409
G1 X109.459 Y105.376 E3.05722
G1 X109.337 Y106.08 E3.08527
G1 X109.062 Y106.875 E3.1183
G1 X108.781 Y107.393 E3.14144
G1 X108.311 Y108.01 E3.17189
G1 X107.738 Y108.539 E3.20251
G1 X106.87 Y109.064 E3.24234
G1 X105.99 Y109.363 E3.27883
G1 X105.213 Y109.469 E3.30962
G1 X104.359 Y109.427 E3.34319
G1 X103.451 Y109.197 E3.37997
G1 X102.714 Y108.845 E3.41204
G1 X101.992 Y108.312 E3.44728
G1 X101.581 Y107.887 E3.47049
G1 X101.134 Y107.252 E3.50098
G1 X100.802 Y106.547 E3.53158
G1 X100.567 Y105.606 E3.56966
G1 X100.532 Y104.869 E3.59863
G1 X100.583 Y104.473 F7800
G92 E0
G1 X98.128 Y110.736
;TYPE:Perimeter
G1 F884.349
G1 X97.897 Y110.46 E.01413
G1 X97.312 Y109.597 E.05507
G1 X97.06 Y109.151 E.07518
G1 X96.577 Y108.054 E.12224
G1 X96.348 Y107.326 E.15221
G1 X96.138 Y106.305 E.19314
G1 X96.076 Y105.797 E.21323
G1 X96.05 Y104.598 E.26032
G1 X96.117 Y103.831 E.29055
G1 X96.251 Y103.068 E.32097
G1 X96.536 Y102.066 E.36187
G1 X96.716 Y101.586 E.382
G1 X97.248 Y100.508 E.4292
G1 X97.577 Y99.985 E.45346
G1 X97.888 Y99.549 E.47449
G1 X98.394 Y98.947 E.50537
G1 X98.947 Y98.394 E.53608
M73 Q81 S7
G1 X99.54 Y97.897 E.56646
G1 X100.403 Y97.312 E.6074
G1 X100.849 Y97.06 E.62751
M73 P81 R7
G1 X101.946 Y96.577 E.67457
G1 X102.681 Y96.345 E.70483
G1 X103.444 Y96.176 E.73551
G1 X104.212 Y96.075 E.76592
G1 X105.253 Y96.046 E.80681
G1 X105.765 Y96.073 E.82694
G1 X106.942 Y96.254 E.8737
G1 X107.934 Y96.536 E.91419
G1 X108.414 Y96.716 E.93432
G1 X109.489 Y97.247 E.9814
G1 X110.13 Y97.655 E1.01123
G1 X111.061 Y98.402 E1.0581
G1 X111.606 Y98.947 E1.08836
G1 X112.108 Y99.546 E1.11905
G1 X112.557 Y100.186 E1.14975
G1 X112.942 Y100.853 E1.17999
G1 X113.423 Y101.946 E1.22688
G1 X113.651 Y102.671 E1.25672
G1 X113.893 Y103.942 E1.30752
G1 X113.951 Y104.689 E1.33694
G1 X113.951 Y105.391 E1.3645
G1 X113.883 Y106.169 E1.39516
G1 X113.747 Y106.939 E1.42586
G1 X113.548 Y107.684 E1.45614
G1 X113.118 Y108.789 E1.5027
G1 X112.628 Y109.697 E1.54321
G1 X112.348 Y110.126 E1.56332
G1 X111.598 Y111.061 E1.61038
G1 X111.053 Y111.606 E1.64064
G1 X110.463 Y112.101 E1.67088
G1 X109.47 Y112.765 E1.71778
G1 X108.787 Y113.12 E1.748
G1 X108.064 Y113.42 E1.77874
G1 X107.329 Y113.651 E1.80899
G1 X106.158 Y113.884 E1.85587
G1 X105.391 Y113.951 E1.8861
G1 X104.609 Y113.951 E1.9168
G1 X103.841 Y113.884 E1.94707
G1 X102.67 Y113.651 E1.99395
G1 X101.936 Y113.42 E2.02416
G1 X101.213 Y113.12 E2.0549
G1 X100.52 Y112.759 E2.08558
G1 X99.87 Y112.345 E2.11584
G1 X98.939 Y111.598 E2.16271
G1 X98.394 Y111.053 E2.19297
G1 X98.167 Y110.782 E2.20685
G1 X97.822 Y111.005 F7800
G1 F884.349
G1 X97.571 Y110.706 E2.22218
G1 X96.966 Y109.812 E2.26457
G1 X96.696 Y109.334 E2.28613
G1 X96.196 Y108.197 E2.3349
G1 X95.953 Y107.429 E2.36653
G1 X95.736 Y106.371 E2.40894
G1 X95.669 Y105.826 E2.4305
G1 X95.642 Y104.585 E2.47924
G1 X95.713 Y103.777 E2.51109
G1 X95.854 Y102.977 E2.54299
G1 X96.149 Y101.938 E2.5854
G1 X96.342 Y101.424 E2.60696
G1 X96.892 Y100.309 E2.65578
G1 X97.239 Y99.758 E2.68135
G1 X97.566 Y99.3 E2.70345
G1 X98.094 Y98.672 E2.73567
G1 X98.672 Y98.094 E2.76777
G1 X99.294 Y97.571 E2.79968
G1 X100.188 Y96.966 E2.84207
G1 X100.666 Y96.696 E2.86363
G1 X101.803 Y96.196 E2.9124
G1 X102.576 Y95.952 E2.94423
G1 X103.373 Y95.775 E2.97629
G1 X104.179 Y95.669 E3.00821
G1 X105.258 Y95.638 E3.05059
G1 X105.807 Y95.668 E3.07218
G1 X107.029 Y95.856 E3.12073
G1 X108.062 Y96.149 E3.16289
G1 X108.576 Y96.342 E3.18445
G1 X109.689 Y96.891 E3.23318
G1 X110.367 Y97.323 E3.26475
G1 X111.333 Y98.098 E3.31338
G1 X111.906 Y98.672 E3.34523
G1 X112.432 Y99.298 E3.37733
G1 X112.9 Y99.967 E3.40939
G1 X113.306 Y100.669 E3.44123
G1 X113.804 Y101.803 E3.48986
G1 X114.046 Y102.569 E3.5214
G1 X114.298 Y103.906 E3.57482
G1 X114.358 Y104.689 E3.60565
G1 X114.358 Y105.409 E3.63392
G1 X114.287 Y106.223 E3.666
G1 X114.145 Y107.027 E3.69806
G1 X113.935 Y107.811 E3.72993
G1 X113.488 Y108.961 E3.77838
G1 X112.978 Y109.905 E3.82051
G1 X112.679 Y110.365 E3.84205
G1 X111.902 Y111.333 E3.89079
G1 X111.328 Y111.906 E3.92264
G1 X110.707 Y112.427 E3.95447
G1 X109.678 Y113.115 E4.00307
G1 X108.959 Y113.49 E4.03491
G1 X108.204 Y113.802 E4.06699
G1 X107.431 Y114.046 E4.09882
G1 X106.216 Y114.288 E4.14746
G1 X105.409 Y114.358 E4.17927
G1 X104.591 Y114.358 E4.21139
G1 X103.784 Y114.288 E4.2432
G1 X102.569 Y114.046 E4.29184
G1 X101.796 Y113.802 E4.32367
G1 X101.041 Y113.49 E4.35575
G1 X100.316 Y113.112 E4.38785
G1 X99.633 Y112.677 E4.41964
G1 X98.667 Y111.902 E4.46827
G1 X98.094 Y111.328 E4.50012
G1 X97.861 Y111.051 E4.51433
G1 X97.516 Y111.273 F7800
;TYPE:External perimeter
G1 F884.349
G1 X97.246 Y110.952 E4.5308
G1 X96.619 Y110.027 E4.57468
G1 X96.331 Y109.516 E4.59771
G1 X95.814 Y108.341 E4.64811
G1 X95.559 Y107.531 E4.68145
G1 X95.334 Y106.437 E4.7253
G1 X95.263 Y105.855 E4.74832
G1 X95.235 Y104.571 E4.79875
G1 X95.309 Y103.724 E4.83213
G1 X95.457 Y102.886 E4.86554
G1 X95.762 Y101.811 E4.90942
G1 X95.968 Y101.262 E4.93244
G1 X96.536 Y100.11 E4.98287
G1 X96.901 Y99.531 E5.00974
G1 X97.244 Y99.05 E5.03294
G1 X97.793 Y98.396 E5.06647
G1 X98.396 Y97.793 E5.09995
G1 X99.048 Y97.246 E5.13337
G1 X99.973 Y96.619 E5.17725
G1 X100.484 Y96.331 E5.20028
G1 X101.659 Y95.814 E5.25068
G1 X102.47 Y95.558 E5.28407
G1 X103.303 Y95.374 E5.31757
G1 X104.147 Y95.263 E5.35099
G1 X105.264 Y95.231 E5.39487
G1 X105.849 Y95.262 E5.41787
G1 X107.116 Y95.457 E5.4682
G1 X108.189 Y95.762 E5.512
G1 X108.738 Y95.968 E5.53502
G1 X109.889 Y96.536 E5.58542
G1 X110.605 Y96.992 E5.61875
G1 X111.605 Y97.795 E5.66911
G1 X112.207 Y98.396 E5.70251
G1 X112.755 Y99.049 E5.73598
G1 X113.244 Y99.748 E5.76948
G1 X113.669 Y100.485 E5.80288
G1 X114.186 Y101.659 E5.85325
G1 X114.441 Y102.468 E5.88656
G1 X114.704 Y103.871 E5.94261
G1 X114.765 Y104.689 E5.97482
G1 X114.765 Y105.426 E6.00376
G1 X114.691 Y106.276 E6.03726
G1 X114.543 Y107.116 E6.07075
G1 X114.323 Y107.937 E6.10412
G1 X113.858 Y109.132 E6.15447
G1 X113.328 Y110.113 E6.19825
G1 X113.009 Y110.604 E6.22124
G1 X112.205 Y111.605 E6.27165
G1 X111.604 Y112.207 E6.30505
M73 P81 R6
G1 X110.952 Y112.754 E6.33847
G1 X109.885 Y113.466 E6.38884
G1 X109.131 Y113.859 E6.42223
G1 X108.343 Y114.185 E6.45571
G1 X107.532 Y114.441 E6.4891
G1 X106.274 Y114.691 E6.53946
G1 X105.426 Y114.765 E6.57288
G1 X104.574 Y114.765 E6.60633
G1 X103.726 Y114.691 E6.63975
G1 X102.468 Y114.441 E6.69011
M73 Q81 S6
G1 X101.657 Y114.185 E6.7235
G1 X100.869 Y113.859 E6.75698
G1 X100.113 Y113.465 E6.79045
G1 X99.395 Y113.008 E6.82387
G1 X98.395 Y112.205 E6.87423
G1 X97.793 Y111.604 E6.90763
G1 X97.554 Y111.319 E6.92223
G1 X97.297 Y111.013 F7800
;LAYER_CHANGE
;Z:11.35
;HEIGHT:0.200001
G92 E0
G1 Z11.35 F7800
G1 X99.722 Y104.792
;TYPE:Perimeter
G1 F884.349
G1 X99.768 Y104.271 E.02054
G1 X100.003 Y103.276 E.06068
G1 X100.418 Y102.368 E.09988
G1 X100.83 Y101.781 E.12804
G1 X101.163 Y101.364 E.14899
G1 X101.712 Y100.861 E.17823
G1 X102.319 Y100.47 E.20658
G1 X102.785 Y100.197 E.22779
G1 X103.748 Y99.866 E.26777
G1 X104.583 Y99.742 E.30092
G1 X105.081 Y99.725 E.32049
G1 X105.815 Y99.778 E.34939
G1 X106.724 Y100.003 E.38616
G1 X107.664 Y100.433 E.42675
G1 X108.493 Y101.034 E.46695
G1 X109.209 Y101.8 E.50812
G1 X109.719 Y102.63 E.54637
G1 X109.945 Y103.191 E.57012
G1 X110.134 Y103.748 E.59322
G1 X110.232 Y104.343 E.6169
G1 X110.283 Y104.881 E.63812
G1 X110.222 Y105.809 E.67464
G1 X110.021 Y106.635 E.70802
G1 X109.776 Y107.217 E.73281
G1 X109.515 Y107.745 E.75594
G1 X109.164 Y108.235 E.77961
G1 X108.837 Y108.636 E.79993
G1 X108.288 Y109.139 E.82917
G1 X107.571 Y109.597 E.86258
G1 X107.132 Y109.835 E.88219
G1 X106.252 Y110.134 E.91868
G1 X105.657 Y110.232 E.94236
G1 X105.119 Y110.283 E.96358
G1 X104.192 Y110.222 E1.00006
G1 X103.605 Y110.085 E1.02373
G1 X103.101 Y109.932 E1.04441
G1 X102.368 Y109.582 E1.0763
G1 X101.507 Y108.966 E1.11787
G1 X101.078 Y108.539 E1.14164
G1 X100.577 Y107.876 E1.17427
G1 X100.375 Y107.557 E1.1891
G1 X100.038 Y106.818 E1.22099
G1 X99.775 Y105.793 E1.26254
G1 X99.716 Y104.858 E1.29933
G1 X99.716 Y104.852 E1.29957
G1 X100.126 Y104.801 F7800
G1 F884.349
G1 X100.173 Y104.315 E1.31874
G1 X100.396 Y103.381 E1.35644
G1 X100.785 Y102.543 E1.39272
G1 X101.438 Y101.664 E1.43572
G1 X101.987 Y101.161 E1.46496
G1 X102.53 Y100.818 E1.49018
G1 X102.999 Y100.55 E1.51139
G1 X103.879 Y100.252 E1.54787
G1 X104.633 Y100.146 E1.57777
G1 X105.051 Y100.131 E1.59419
G1 X105.786 Y100.184 E1.62312
G1 X106.619 Y100.396 E1.65687
G1 X107.457 Y100.785 E1.69315
G1 X108.25 Y101.361 E1.73163
G1 X108.883 Y102.046 E1.76825
G1 X109.37 Y102.839 E1.80479
G1 X109.559 Y103.321 E1.82512
G1 X109.748 Y103.879 E1.84825
G1 X109.877 Y104.854 E1.88687
G1 X109.816 Y105.782 E1.92339
G1 X109.628 Y106.529 E1.95364
G1 X109.411 Y107.037 E1.97533
G1 X109.15 Y107.565 E1.99846
G1 X108.562 Y108.336 E2.03653
G1 X108.013 Y108.839 E2.06577
G1 X107.36 Y109.249 E2.09604
G1 X107.001 Y109.45 E2.11219
G1 X106.121 Y109.748 E2.14867
G1 X105.146 Y109.877 E2.18729
G1 X104.218 Y109.816 E2.22381
G1 X103.276 Y109.565 E2.26209
G1 X102.543 Y109.215 E2.29398
G1 X101.75 Y108.639 E2.33246
G1 X101.373 Y108.258 E2.35351
G1 X100.911 Y107.643 E2.38371
G1 X100.745 Y107.389 E2.39562
G1 X100.409 Y106.65 E2.42749
G1 X100.171 Y105.699 E2.46598
G1 X100.124 Y104.861 E2.49894
G1 X100.531 Y104.81 F7800
;TYPE:External perimeter
G1 F884.349
G1 X100.591 Y104.236 E2.5216
G1 X100.79 Y103.486 E2.55207
G1 X101.152 Y102.718 E2.58541
G1 X101.713 Y101.964 E2.62231
G1 X102.262 Y101.461 E2.65155
G1 X103.13 Y100.936 E2.69138
G1 X104.01 Y100.637 E2.72787
G1 X104.682 Y100.55 E2.75448
G1 X105.022 Y100.537 E2.76784
G1 X105.756 Y100.59 E2.79674
G1 X106.514 Y100.79 E2.82752
G1 X107.282 Y101.152 E2.86086
G1 X108.007 Y101.687 E2.89624
G1 X108.58 Y102.318 E2.92971
G1 X109.02 Y103.047 E2.96314
G1 X109.353 Y103.981 E3.00207
G1 X109.469 Y104.787 E3.03404
G1 X109.41 Y105.755 E3.07212
G1 X109.235 Y106.424 E3.09927
G1 X108.799 Y107.358 E3.13974
G1 X108.311 Y108.01 E3.17172
G1 X107.738 Y108.539 E3.20234
G1 X106.871 Y109.064 E3.24214
G1 X105.99 Y109.363 E3.27867
G1 X105.213 Y109.469 E3.30946
G1 X104.276 Y109.412 E3.34632
G1 X103.486 Y109.21 E3.37834
G1 X102.718 Y108.848 E3.41168
G1 X101.993 Y108.312 E3.44708
G1 X101.581 Y107.887 E3.47032
G1 X101.116 Y107.22 E3.50225
G1 X100.779 Y106.481 E3.53414
G1 X100.567 Y105.605 E3.56953
G1 X100.532 Y104.87 E3.59842
G1 X100.567 Y104.471 F7800
G92 E0
G1 X98.128 Y110.736
;TYPE:Perimeter
G1 F884.349
G1 X97.89 Y110.452 E.01455
G1 X97.536 Y109.954 E.03854
G1 X97.243 Y109.484 E.06029
G1 X96.88 Y108.787 E.09115
G1 X96.58 Y108.064 E.12189
G1 X96.348 Y107.326 E.15227
G1 X96.141 Y106.324 E.19244
G1 X96.076 Y105.796 E.21333
G1 X96.05 Y104.598 E.26038
G1 X96.117 Y103.831 E.29061
G1 X96.251 Y103.068 E.32103
G1 X96.53 Y102.083 E.36123
G1 X96.716 Y101.585 E.3821
G1 X97.248 Y100.508 E.42927
G1 X97.567 Y100 E.45282
G1 X97.889 Y99.549 E.47458
G1 X98.394 Y98.947 E.50543
G1 X98.947 Y98.394 E.53614
G1 X99.54 Y97.896 E.56655
G1 X100.387 Y97.321 E.60675
G1 X100.849 Y97.06 E.62758
G1 X101.946 Y96.577 E.67464
G1 X102.681 Y96.345 E.7049
G1 X103.444 Y96.176 E.73558
G1 X104.212 Y96.075 E.76599
G1 X105.235 Y96.045 E.80617
G1 X105.766 Y96.073 E.82705
G1 X106.939 Y96.254 E.87365
G1 X108.075 Y96.585 E.92011
G1 X108.787 Y96.88 E.95037
G1 X109.48 Y97.241 E.98105
G1 X110.13 Y97.655 E1.01131
G1 X111.061 Y98.402 E1.05818
G1 X111.606 Y98.947 E1.08844
G1 X112.108 Y99.546 E1.11913
G1 X112.557 Y100.186 E1.14983
G1 X112.942 Y100.853 E1.18007
G1 X113.423 Y101.946 E1.22696
G1 X113.651 Y102.671 E1.2568
G1 X113.893 Y103.942 E1.3076
G1 X113.951 Y104.689 E1.33702
G1 X113.951 Y105.391 E1.36458
G1 X113.883 Y106.169 E1.39524
G1 X113.747 Y106.939 E1.42594
G1 X113.548 Y107.684 E1.45622
G1 X113.115 Y108.796 E1.50308
G1 X112.765 Y109.47 E1.5329
G1 X112.101 Y110.463 E1.5798
G1 X111.606 Y111.053 E1.61004
G1 X111.053 Y111.606 E1.64075
G1 X110.463 Y112.101 E1.67099
G1 X109.47 Y112.765 E1.71789
G1 X108.787 Y113.12 E1.74811
G1 X108.064 Y113.42 E1.77885
G1 X107.329 Y113.651 E1.8091
G1 X106.158 Y113.884 E1.85598
G1 X105.391 Y113.951 E1.88621
G1 X104.609 Y113.951 E1.91691
G1 X103.841 Y113.884 E1.94718
G1 X102.67 Y113.651 E1.99406
G1 X101.936 Y113.42 E2.02427
G1 X101.213 Y113.12 E2.05501
G1 X100.52 Y112.759 E2.08569
G1 X99.87 Y112.345 E2.11595
G1 X98.939 Y111.598 E2.16282
G1 X98.394 Y111.053 E2.19308
G1 X98.167 Y110.782 E2.20696
G1 X97.822 Y111.005 F7800
G1 F884.349
G1 X97.567 Y110.701 E2.22254
G1 X97.197 Y110.18 E2.24763
G1 X96.889 Y109.686 E2.27049
G1 X96.51 Y108.959 E2.30268
G1 X96.198 Y108.204 E2.33476
G1 X95.953 Y107.428 E2.36671
G1 X95.739 Y106.39 E2.40832
G1 X95.669 Y105.826 E2.43064
G1 X95.642 Y104.585 E2.47938
G1 X95.713 Y103.777 E2.51123
G1 X95.854 Y102.977 E2.54313
G1 X96.143 Y101.956 E2.58479
G1 X96.342 Y101.424 E2.60709
G1 X96.892 Y100.309 E2.65591
G1 X97.229 Y99.773 E2.68077
G1 X97.567 Y99.3 E2.7036
G1 X98.094 Y98.672 E2.73579
G1 X98.672 Y98.094 E2.76789
G1 X99.294 Y97.571 E2.7998
G1 X100.172 Y96.975 E2.84147
M73 Q82 S6
G1 X100.667 Y96.695 E2.8638
G1 X101.803 Y96.196 E2.91252
M73 P82 R6
G1 X102.576 Y95.952 E2.94435
G1 X103.373 Y95.775 E2.97641
G1 X104.179 Y95.669 E3.00833
G1 X105.24 Y95.638 E3.05001
G1 X105.807 Y95.668 E3.0723
G1 X107.027 Y95.855 E3.12076
G1 X108.21 Y96.2 E3.16914
G1 X108.959 Y96.51 E3.20097
G1 X109.684 Y96.888 E3.23307
G1 X110.367 Y97.323 E3.26486
G1 X111.333 Y98.098 E3.31349
G1 X111.906 Y98.672 E3.34534
G1 X112.432 Y99.298 E3.37744
G1 X112.9 Y99.967 E3.4095
G1 X113.306 Y100.669 E3.44134
G1 X113.804 Y101.803 E3.48997
G1 X114.046 Y102.569 E3.52151
G1 X114.298 Y103.906 E3.57493
G1 X114.358 Y104.689 E3.60576
G1 X114.358 Y105.409 E3.63403
G1 X114.287 Y106.223 E3.66611
G1 X114.145 Y107.027 E3.69817
G1 X113.935 Y107.811 E3.73004
G1 X113.487 Y108.965 E3.77865
G1 X113.115 Y109.678 E3.81023
G1 X112.427 Y110.708 E3.85886
G1 X111.906 Y111.328 E3.89066
G1 X111.328 Y111.906 E3.92276
G1 X110.707 Y112.427 E3.95459
G1 X109.678 Y113.115 E4.00319
G1 X108.959 Y113.49 E4.03503
G1 X108.204 Y113.802 E4.06711
G1 X107.431 Y114.046 E4.09894
G1 X106.216 Y114.288 E4.14758
G1 X105.409 Y114.358 E4.17939
G1 X104.591 Y114.358 E4.21151
G1 X103.784 Y114.288 E4.24332
G1 X102.569 Y114.046 E4.29196
G1 X101.796 Y113.802 E4.32379
G1 X101.041 Y113.49 E4.35587
G1 X100.316 Y113.112 E4.38797
G1 X99.633 Y112.677 E4.41976
G1 X98.667 Y111.902 E4.46839
G1 X98.094 Y111.328 E4.50024
G1 X97.861 Y111.051 E4.51445
G1 X97.516 Y111.273 F7800
;TYPE:External perimeter
G1 F884.349
G1 X97.245 Y110.95 E4.53101
G1 X96.858 Y110.405 E4.55726
G1 X96.535 Y109.888 E4.5812
G1 X96.141 Y109.131 E4.61471
G1 X95.815 Y108.343 E4.64819
G1 X95.559 Y107.531 E4.68162
G1 X95.337 Y106.456 E4.72472
G1 X95.263 Y105.855 E4.7485
G1 X95.235 Y104.571 E4.79893
G1 X95.309 Y103.724 E4.83231
G1 X95.457 Y102.886 E4.86572
G1 X95.756 Y101.829 E4.90885
G1 X95.968 Y101.262 E4.93262
G1 X96.536 Y100.11 E4.98305
G1 X96.89 Y99.547 E5.00916
G1 X97.245 Y99.05 E5.03314
G1 X97.793 Y98.396 E5.06664
G1 X98.396 Y97.793 E5.10012
G1 X99.049 Y97.246 E5.13357
G1 X99.957 Y96.629 E5.17667
G1 X100.484 Y96.331 E5.20044
G1 X101.659 Y95.814 E5.25084
G1 X102.47 Y95.558 E5.28423
G1 X103.303 Y95.374 E5.31773
G1 X104.147 Y95.263 E5.35115
G1 X105.244 Y95.231 E5.39424
G1 X105.849 Y95.262 E5.41803
G1 X107.116 Y95.457 E5.46836
G1 X108.345 Y95.816 E5.51863
G1 X109.131 Y96.141 E5.55203
G1 X109.887 Y96.535 E5.5855
G1 X110.605 Y96.992 E5.61892
G1 X111.605 Y97.795 E5.66928
G1 X112.207 Y98.396 E5.70268
G1 X112.755 Y99.049 E5.73615
G1 X113.244 Y99.748 E5.76965
G1 X113.669 Y100.485 E5.80305
G1 X114.186 Y101.659 E5.85342
G1 X114.441 Y102.468 E5.88673
G1 X114.704 Y103.871 E5.94278
G1 X114.765 Y104.689 E5.97499
G1 X114.765 Y105.426 E6.00393
G1 X114.691 Y106.276 E6.03743
G1 X114.543 Y107.116 E6.07092
G1 X114.323 Y107.937 E6.10429
G1 X113.858 Y109.133 E6.15467
G1 X113.466 Y109.886 E6.188
G1 X112.753 Y110.952 E6.23836
G1 X112.207 Y111.604 E6.27175
G1 X111.604 Y112.207 E6.30523
G1 X110.952 Y112.754 E6.33865
G1 X109.885 Y113.466 E6.38902
G1 X109.131 Y113.859 E6.42241
G1 X108.343 Y114.185 E6.45589
G1 X107.532 Y114.441 E6.48928
G1 X106.274 Y114.691 E6.53964
G1 X105.426 Y114.765 E6.57306
G1 X104.574 Y114.765 E6.60651
G1 X103.726 Y114.691 E6.63993
G1 X102.468 Y114.441 E6.69029
G1 X101.657 Y114.185 E6.72368
G1 X100.869 Y113.859 E6.75716
G1 X100.113 Y113.465 E6.79063
G1 X99.395 Y113.008 E6.82405
G1 X98.395 Y112.205 E6.87441
G1 X97.793 Y111.604 E6.90781
G1 X97.554 Y111.319 E6.92241
G1 X97.297 Y111.013 F7800
G92 E0
G1 X104.365 Y113.624
;TYPE:Internal infill
;WIDTH:0.45
;HEIGHT:0.4
G1 F494.289
G1 X102.746 Y113.355 E.11529
G1 X102.04 Y113.132 E.1673
G1 X101.593 Y112.862 E.20399
G1 X101.385 Y112.534 E.23127
G1 X101.399 Y112.207 E.25426
G1 X101.62 Y111.552 E.30282
G1 X102.128 Y110.896 E.36111
G1 X103.124 Y110.268 E.44383
G1 X104.044 Y110.508 E.51062
G1 X104.02 Y110.896 E.53793
G1 X104.241 Y111.552 E.58656
G1 X104.749 Y112.207 E.64479
G1 X105.786 Y112.862 E.73095
G1 X105.995 Y113.19 E.75827
G1 X105.954 Y113.596 E.78694
G1 X106.115 Y113.581 E.7983
G1 X107.495 Y113.279 E.89754
G1 X106.835 Y112.862 E.95238
G1 X106.626 Y112.534 E.9797
G1 X106.641 Y112.207 E1.0027
G1 X106.862 Y111.552 E1.05126
G1 X107.369 Y110.896 E1.1095
G1 X108.407 Y110.241 E1.19572
G1 X108.615 Y109.914 E1.22295
G1 X108.601 Y109.586 E1.24601
G1 X108.517 Y109.338 E1.2644
G1 X109.125 Y108.78 E1.32237
G1 X109.705 Y108.028 E1.38909
G1 X110.178 Y107.084 E1.46326
G1 X111.027 Y107.621 E1.53383
G1 X111.236 Y107.948 E1.56109
G1 X111.221 Y108.276 E1.58416
G1 X111 Y108.931 E1.63272
G1 X110.492 Y109.586 E1.69095
G1 X109.455 Y110.241 E1.77711
G1 X109.247 Y110.569 E1.80439
G1 X109.261 Y110.896 E1.82738
G1 X109.482 Y111.552 E1.87601
G1 X109.91 Y112.103 E1.92502
G1 X110.847 Y111.381 E2.00812
G1 X111.37 Y110.857 E2.06013
G1 X111.97 Y110.11 E2.12744
G1 X112.428 Y109.424 E2.18538
G1 X112.84 Y108.661 E2.2463
G1 X113.014 Y108.213 E2.28006
G1 X112.076 Y107.621 E2.35798
G1 X111.867 Y107.293 E2.3853
G1 X111.882 Y106.965 E2.40837
G1 X112.103 Y106.31 E2.45693
G1 X112.611 Y105.655 E2.51516
G1 X113.646 Y105.001 E2.60117
G1 X113.516 Y103.554 E2.70323
G1 X113.113 Y103.035 E2.74939
G1 X112.076 Y102.379 E2.83559
G1 X111.867 Y102.052 E2.86285
G1 X111.882 Y101.724 E2.88592
G1 X112.103 Y101.069 E2.93448
G1 X112.453 Y100.617 E2.97464
G1 X111.866 Y99.732 E3.04924
G1 X110.859 Y98.631 E3.15406
G1 X110.492 Y99.104 E3.19612
G1 X109.455 Y99.759 E3.28228
G1 X109.247 Y100.086 E3.30951
G1 X109.261 Y100.414 E3.33257
G1 X109.482 Y101.069 E3.38113
G1 X109.99 Y101.724 E3.43936
G1 X111.027 Y102.379 E3.52552
G1 X111.236 Y102.707 E3.55284
G1 X111.221 Y103.035 E3.57591
G1 X111 Y103.69 E3.62447
G1 X110.53 Y104.296 E3.67834
G1 X110.468 Y103.814 E3.71248
G1 X110.082 Y102.661 E3.7979
G1 X109.515 Y101.698 E3.87641
G1 X108.79 Y100.884 E3.95299
G1 X107.776 Y100.157 E4.04064
G1 X108.407 Y99.759 E4.09305
G1 X108.615 Y99.431 E4.12033
G1 X108.601 Y99.104 E4.14332
G1 X108.38 Y98.448 E4.19195
G1 X107.872 Y97.793 E4.25018
G1 X106.835 Y97.138 E4.33634
G1 X106.626 Y96.81 E4.36366
G1 X106.639 Y96.516 E4.38433
G1 X105.734 Y96.377 E4.44865
G1 X104.661 Y96.37 E4.52403
G1 X104.749 Y96.483 E4.53409
G1 X105.786 Y97.138 E4.62025
G1 X105.995 Y97.466 E4.64757
G1 X105.98 Y97.793 E4.67057
G1 X105.759 Y98.448 E4.71913
G1 X105.251 Y99.104 E4.77742
G1 X104.756 Y99.416 E4.81852
G1 X103.788 Y99.538 E4.88706
G1 X103.174 Y99.745 E4.93258
G1 X103.374 Y99.431 E4.95873
G1 X103.36 Y99.104 E4.98172
G1 X103.138 Y98.448 E5.03037
G1 X102.631 Y97.793 E5.08856
G1 X101.557 Y97.082 E5.17904
G1 X100.753 Y97.465 E5.2416
G1 X100.739 Y97.793 E5.26466
G1 X100.518 Y98.448 E5.31322
G1 X100.01 Y99.104 E5.37151
G1 X98.973 Y99.759 E5.45767
G1 X98.764 Y100.086 E5.48493
G1 X98.779 Y100.414 E5.508
G1 X99 Y101.069 E5.55656
G1 X99.508 Y101.724 E5.61479
G1 X100.186 Y102.152 E5.67112
G1 X99.965 Y102.564 E5.70396
G1 X99.601 Y103.534 E5.77674
G1 X99.414 Y104.722 E5.86122
G1 X98.973 Y105 E5.89784
G1 X98.764 Y105.328 E5.92516
G1 X98.779 Y105.655 E5.94816
G1 X99 Y106.31 E5.99672
G1 X99.508 Y106.965 E6.05495
G1 X99.88 Y107.201 E6.0859
G1 X100.149 Y107.787 E6.1312
G1 X100.658 Y108.516 E6.19366
G1 X100.518 Y108.931 E6.22443
G1 X100.01 Y109.586 E6.28266
G1 X98.973 Y110.241 E6.36882
G1 X98.764 Y110.569 E6.39614
G1 X98.834 Y111.062 E6.43112
G1 X98.018 Y110.095 E6.52001
G1 X98.133 Y109.914 E6.53507
G1 X98.118 Y109.586 E6.55814
G1 X97.897 Y108.931 E6.6067
G1 X97.389 Y108.276 E6.66493
G1 X96.862 Y107.943 E6.70872
G1 X96.644 Y107.249 E6.75982
G1 X96.437 Y106.235 E6.83252
G1 X96.887 Y105.655 E6.88409
G1 X97.924 Y105 E6.97025
G1 X98.133 Y104.672 E6.99757
G1 X98.118 Y104.345 E7.02057
G1 X97.897 Y103.69 E7.06913
G1 X97.389 Y103.035 E7.12736
G1 X96.702 Y102.6 E7.18448
G1 X96.997 Y101.707 E7.25055
G1 X97.691 Y100.378 E7.35587
;LAYER_CHANGE
;Z:11.55
;HEIGHT:0.2
G92 E0
G1 Z11.55 F7800
G1 X99.722 Y104.792
;TYPE:Perimeter
;WIDTH:0.449999
G1 F884.349
G1 X99.768 Y104.271 E.02054
G1 X100.003 Y103.275 E.06072
G1 X100.485 Y102.255 E.10502
G1 X100.81 Y101.799 E.12701
G1 X101.131 Y101.395 E.14727
G1 X101.712 Y100.861 E.17825
G1 X102.67 Y100.257 E.22272
G1 X103.15 Y100.069 E.24296
G1 X103.749 Y99.866 E.26779
G1 X104.586 Y99.742 E.30101
G1 X105.065 Y99.724 E.31983
G1 X105.815 Y99.778 E.34935
G1 X106.724 Y100.003 E.38612
G1 X107.627 Y100.415 E.42509
G1 X108.493 Y101.034 E.46689
G1 X109.219 Y101.813 E.5087
G1 X109.72 Y102.631 E.54636
G1 X109.945 Y103.191 E.57006
G1 X110.134 Y103.748 E.59316
G1 X110.232 Y104.343 E.61684
G1 X110.283 Y104.881 E.63806
G1 X110.222 Y105.808 E.67454
G1 X110.021 Y106.635 E.70796
G1 X109.769 Y107.241 E.73373
G1 X109.513 Y107.755 E.75628
G1 X108.837 Y108.636 E.79988
G1 X108.288 Y109.139 E.82912
G1 X107.571 Y109.597 E.86253
G1 X107.132 Y109.835 E.88214
G1 X106.252 Y110.134 E.91863
G1 X105.657 Y110.232 E.94231
G1 X105.12 Y110.283 E.96349
G1 X104.192 Y110.222 E1.00001
G1 X103.605 Y110.085 E1.02368
G1 X103.101 Y109.933 E1.04435
G1 X102.373 Y109.585 E1.07603
G1 X101.507 Y108.966 E1.11783
G1 X101.078 Y108.539 E1.1416
G1 X100.467 Y107.719 E1.18175
G1 X100.064 Y106.891 E1.21791
G1 X99.777 Y105.799 E1.26224
G1 X99.716 Y104.858 E1.29927
G1 X99.716 Y104.852 E1.29951
G1 X100.126 Y104.801 F7800
G1 F884.349
G1 X100.173 Y104.315 E1.31868
G1 X100.396 Y103.381 E1.35638
G1 X100.85 Y102.435 E1.39758
G1 X101.366 Y101.743 E1.43147
M73 Q83 S6
G1 X101.987 Y101.161 E1.46489
G1 X102.878 Y100.607 E1.50609
M73 P83 R6
G1 X103.879 Y100.252 E1.54779
G1 X104.635 Y100.146 E1.57776
G1 X105.036 Y100.13 E1.59352
G1 X105.786 Y100.184 E1.62304
G1 X106.619 Y100.396 E1.65679
G1 X107.452 Y100.782 E1.69284
G1 X108.25 Y101.361 E1.73155
G1 X108.88 Y102.041 E1.76795
G1 X109.37 Y102.84 E1.80475
G1 X109.559 Y103.321 E1.82504
G1 X109.748 Y103.879 E1.84817
G1 X109.877 Y104.854 E1.88679
G1 X109.816 Y105.782 E1.92331
G1 X109.628 Y106.529 E1.95356
G1 X109.402 Y107.066 E1.97644
G1 X109.174 Y107.529 E1.9967
G1 X108.562 Y108.336 E2.03647
G1 X108.013 Y108.839 E2.06571
G1 X107.36 Y109.249 E2.09598
G1 X107.001 Y109.45 E2.11213
G1 X106.121 Y109.748 E2.14861
G1 X105.146 Y109.877 E2.18723
G1 X104.219 Y109.816 E2.22371
G1 X103.276 Y109.565 E2.26203
G1 X102.548 Y109.218 E2.2937
G1 X101.75 Y108.639 E2.33241
G1 X101.373 Y108.258 E2.35346
G1 X100.801 Y107.486 E2.39119
G1 X100.433 Y106.719 E2.42459
G1 X100.172 Y105.703 E2.46578
G1 X100.124 Y104.861 E2.49889
G1 X100.531 Y104.81 F7800
;TYPE:External perimeter
G1 F884.349
G1 X100.591 Y104.236 E2.52155
G1 X100.79 Y103.486 E2.55202
G1 X101.216 Y102.612 E2.5902
G1 X101.689 Y101.99 E2.62088
G1 X102.262 Y101.461 E2.6515
G1 X103.089 Y100.955 E2.68957
G1 X104.01 Y100.637 E2.72783
G1 X104.685 Y100.55 E2.75455
G1 X105.006 Y100.536 E2.76717
G1 X105.756 Y100.59 E2.79669
G1 X106.514 Y100.79 E2.82747
G1 X107.277 Y101.15 E2.8606
G1 X108.007 Y101.687 E2.89618
G1 X108.577 Y102.314 E2.92945
G1 X109.021 Y103.049 E2.96317
G1 X109.353 Y103.981 E3.00202
G1 X109.469 Y104.787 E3.03399
G1 X109.41 Y105.755 E3.07207
G1 X109.235 Y106.424 E3.09922
G1 X108.83 Y107.311 E3.13751
G1 X108.313 Y108.007 E3.17155
G1 X107.738 Y108.539 E3.20231
G1 X106.87 Y109.064 E3.24214
G1 X105.99 Y109.363 E3.27863
G1 X105.213 Y109.469 E3.30942
G1 X104.275 Y109.412 E3.34632
G1 X103.486 Y109.21 E3.3783
G1 X102.723 Y108.85 E3.41143
G1 X101.993 Y108.312 E3.44704
G1 X101.581 Y107.887 E3.47028
G1 X101.134 Y107.252 E3.50077
G1 X100.802 Y106.547 E3.53137
G1 X100.567 Y105.606 E3.56945
G1 X100.532 Y104.87 E3.59838
G1 X100.567 Y104.471 F7800
G92 E0
G1 X98.128 Y110.736
;TYPE:Perimeter
G1 F884.349
G1 X97.896 Y110.46 E.01416
G1 X97.331 Y109.629 E.05362
G1 X97.06 Y109.15 E.07523
G1 X96.577 Y108.054 E.12226
G1 X96.347 Y107.325 E.15227
G1 X96.143 Y106.342 E.19169
G1 X96.076 Y105.796 E.21329
G1 X96.05 Y104.598 E.26034
G1 X96.117 Y103.831 E.29057
G1 X96.251 Y103.067 E.32103
G1 X96.524 Y102.101 E.36045
G1 X96.717 Y101.585 E.38208
G1 X97.248 Y100.507 E.42926
G1 X97.557 Y100.016 E.45204
G1 X97.889 Y99.549 E.47454
G1 X98.394 Y98.947 E.50539
G1 X98.947 Y98.394 E.5361
G1 X99.546 Y97.892 E.56679
G1 X100.186 Y97.443 E.59749
G1 X100.866 Y97.051 E.62831
G1 X101.401 Y96.797 E.65156
G1 X101.932 Y96.582 E.67405
G1 X102.681 Y96.345 E.7049
G1 X103.444 Y96.176 E.73558
G1 X104.212 Y96.075 E.76599
G1 X105.216 Y96.045 E.80543
G1 X105.766 Y96.073 E.82705
G1 X106.943 Y96.254 E.87381
G1 X107.899 Y96.524 E.91282
G1 X108.415 Y96.717 E.93445
G1 X109.489 Y97.247 E.98148
G1 X110.13 Y97.655 E1.01131
G1 X111.061 Y98.402 E1.05818
G1 X111.606 Y98.947 E1.08844
G1 X112.108 Y99.546 E1.11913
G1 X112.557 Y100.186 E1.14983
G1 X112.942 Y100.853 E1.18007
G1 X113.423 Y101.946 E1.22696
G1 X113.651 Y102.671 E1.2568
G1 X113.893 Y103.942 E1.3076
G1 X113.951 Y104.689 E1.33702
G1 X113.951 Y105.391 E1.36458
G1 X113.883 Y106.169 E1.39524
G1 X113.747 Y106.939 E1.42594
G1 X113.548 Y107.684 E1.45622
G1 X113.115 Y108.796 E1.50308
G1 X112.765 Y109.47 E1.5329
G1 X112.101 Y110.463 E1.5798
G1 X111.606 Y111.053 E1.61004
G1 X111.053 Y111.606 E1.64075
G1 X110.463 Y112.101 E1.67099
G1 X109.47 Y112.765 E1.71789
G1 X108.787 Y113.12 E1.74811
G1 X108.064 Y113.42 E1.77885
G1 X107.329 Y113.651 E1.8091
G1 X106.158 Y113.884 E1.85598
G1 X105.391 Y113.951 E1.88621
G1 X104.609 Y113.951 E1.91691
G1 X103.841 Y113.884 E1.94718
G1 X102.67 Y113.651 E1.99406
G1 X101.936 Y113.42 E2.02427
G1 X101.213 Y113.12 E2.05501
G1 X100.52 Y112.759 E2.08569
G1 X99.87 Y112.345 E2.11595
G1 X98.939 Y111.598 E2.16282
G1 X98.394 Y111.053 E2.19308
G1 X98.167 Y110.782 E2.20696
G1 X97.822 Y111.005 F7800
G1 F884.349
G1 X97.571 Y110.705 E2.22232
G1 X96.985 Y109.844 E2.26321
G1 X96.695 Y109.333 E2.28628
G1 X96.196 Y108.197 E2.335
G1 X95.953 Y107.428 E2.36667
G1 X95.741 Y106.408 E2.40758
G1 X95.669 Y105.825 E2.43065
G1 X95.642 Y104.585 E2.47935
G1 X95.713 Y103.777 E2.5112
G1 X95.854 Y102.976 E2.54313
G1 X96.137 Y101.974 E2.58401
G1 X96.342 Y101.424 E2.60706
G1 X96.892 Y100.309 E2.65588
G1 X97.218 Y99.789 E2.67998
G1 X97.567 Y99.299 E2.7036
G1 X98.094 Y98.672 E2.73576
G1 X98.672 Y98.094 E2.76786
G1 X99.298 Y97.568 E2.79996
G1 X99.967 Y97.1 E2.83202
G1 X100.677 Y96.69 E2.86421
G1 X101.237 Y96.424 E2.88855
G1 X101.794 Y96.198 E2.91215
G1 X102.576 Y95.952 E2.94434
G1 X103.373 Y95.775 E2.9764
G1 X104.18 Y95.669 E3.00836
G1 X105.221 Y95.638 E3.04925
G1 X105.808 Y95.668 E3.07233
G1 X107.03 Y95.856 E3.12088
G1 X108.026 Y96.137 E3.16151
G1 X108.576 Y96.342 E3.18456
G1 X109.689 Y96.891 E3.23329
G1 X110.367 Y97.323 E3.26486
G1 X111.333 Y98.098 E3.31349
G1 X111.906 Y98.672 E3.34534
G1 X112.432 Y99.298 E3.37744
G1 X112.9 Y99.967 E3.4095
G1 X113.306 Y100.669 E3.44134
G1 X113.804 Y101.803 E3.48997
G1 X114.046 Y102.569 E3.52151
G1 X114.298 Y103.906 E3.57493
G1 X114.358 Y104.689 E3.60576
G1 X114.358 Y105.409 E3.63403
G1 X114.287 Y106.223 E3.66611
G1 X114.145 Y107.027 E3.69817
G1 X113.935 Y107.811 E3.73004
G1 X113.487 Y108.965 E3.77865
G1 X113.115 Y109.678 E3.81023
G1 X112.427 Y110.708 E3.85886
G1 X111.906 Y111.328 E3.89066
G1 X111.328 Y111.906 E3.92276
G1 X110.707 Y112.427 E3.95459
G1 X109.678 Y113.115 E4.00319
G1 X108.959 Y113.49 E4.03503
G1 X108.204 Y113.802 E4.06711
G1 X107.431 Y114.046 E4.09894
G1 X106.216 Y114.288 E4.14758
G1 X105.409 Y114.358 E4.17939
G1 X104.591 Y114.358 E4.21151
G1 X103.784 Y114.288 E4.24332
G1 X102.569 Y114.046 E4.29196
G1 X101.796 Y113.802 E4.32379
G1 X101.041 Y113.49 E4.35587
G1 X100.316 Y113.112 E4.38797
G1 X99.633 Y112.677 E4.41976
G1 X98.667 Y111.902 E4.46839
G1 X98.094 Y111.328 E4.50024
G1 X97.861 Y111.051 E4.51445
G1 X97.516 Y111.273 F7800
;TYPE:External perimeter
G1 F884.349
G1 X97.246 Y110.951 E4.53095
G1 X96.639 Y110.059 E4.57331
G1 X96.331 Y109.516 E4.59782
G1 X95.814 Y108.341 E4.64822
G1 X95.559 Y107.531 E4.68156
G1 X95.339 Y106.475 E4.72391
G1 X95.263 Y105.855 E4.74844
G1 X95.235 Y104.571 E4.79887
G1 X95.309 Y103.724 E4.83225
G1 X95.457 Y102.885 E4.8657
G1 X95.75 Y101.847 E4.90805
G1 X95.968 Y101.262 E4.93256
G1 X96.536 Y100.11 E4.98299
G1 X96.88 Y99.563 E5.00836
G1 X97.245 Y99.05 E5.03308
G1 X97.793 Y98.396 E5.06658
G1 X98.396 Y97.793 E5.10006
G1 X99.049 Y97.245 E5.13353
G1 X99.748 Y96.756 E5.16703
G1 X100.487 Y96.329 E5.20054
G1 X101.073 Y96.051 E5.22601
G1 X101.656 Y95.815 E5.25071
G1 X102.47 Y95.558 E5.28423
G1 X103.303 Y95.374 E5.31773
G1 X104.147 Y95.263 E5.35115
G1 X105.225 Y95.23 E5.3935
G1 X105.849 Y95.262 E5.41803
G1 X107.117 Y95.457 E5.4684
G1 X108.153 Y95.75 E5.51067
G1 X108.738 Y95.968 E5.53518
G1 X109.889 Y96.536 E5.58558
G1 X110.605 Y96.992 E5.61891
G1 X111.605 Y97.795 E5.66927
G1 X112.207 Y98.396 E5.70267
G1 X112.755 Y99.049 E5.73614
G1 X113.244 Y99.748 E5.76964
G1 X113.669 Y100.485 E5.80304
G1 X114.186 Y101.659 E5.85341
G1 X114.441 Y102.468 E5.88672
G1 X114.704 Y103.871 E5.94277
G1 X114.765 Y104.689 E5.97498
G1 X114.765 Y105.426 E6.00392
G1 X114.691 Y106.276 E6.03742
G1 X114.543 Y107.116 E6.07091
G1 X114.323 Y107.937 E6.10428
G1 X113.858 Y109.133 E6.15466
G1 X113.466 Y109.886 E6.18799
G1 X112.753 Y110.952 E6.23835
G1 X112.207 Y111.604 E6.27174
G1 X111.604 Y112.207 E6.30522
G1 X110.952 Y112.754 E6.33864
G1 X109.885 Y113.466 E6.38901
G1 X109.131 Y113.859 E6.4224
G1 X108.343 Y114.185 E6.45588
G1 X107.532 Y114.441 E6.48927
G1 X106.274 Y114.691 E6.53963
G1 X105.426 Y114.765 E6.57305
G1 X104.574 Y114.765 E6.6065
G1 X103.726 Y114.691 E6.63992
G1 X102.468 Y114.441 E6.69028
G1 X101.657 Y114.185 E6.72367
G1 X100.869 Y113.859 E6.75715
G1 X100.113 Y113.465 E6.79062
G1 X99.395 Y113.008 E6.82404
G1 X98.395 Y112.205 E6.8744
G1 X97.793 Y111.604 E6.9078
G1 X97.554 Y111.319 E6.9224
G1 X97.297 Y111.013 F7800
;LAYER_CHANGE
;Z:11.75
;HEIGHT:0.2
G92 E0
G1 Z11.75 F7800
G1 X99.726 Y104.792
;TYPE:Perimeter
G1 F884.349
G1 X99.782 Y104.148 E.02538
G1 X99.91 Y103.624 E.04656
G1 X100.067 Y103.102 E.06796
G1 X100.412 Y102.378 E.09945
G1 X100.815 Y101.803 E.12702
G1 X101.163 Y101.364 E.14902
G1 X101.712 Y100.861 E.17826
G1 X102.556 Y100.326 E.2175
G1 X102.868 Y100.165 E.23129
G1 X103.749 Y99.866 E.26782
G1 X104.588 Y99.741 E.30113
G1 X105.049 Y99.724 E.31924
G1 X105.814 Y99.778 E.34935
G1 X106.665 Y99.987 E.38376
G1 X107.494 Y100.345 E.41922
G1 X107.882 Y100.586 E.43715
G1 X108.488 Y101.03 E.46665
G1 X109.178 Y101.764 E.50621
G1 X109.736 Y102.658 E.54759
G1 X110.034 Y103.455 E.581
G1 X110.179 Y103.943 E.60099
G1 X110.276 Y104.681 E.63022
G1 X110.209 Y105.918 E.67886
G1 X110.013 Y106.665 E.70918
G1 X109.649 Y107.495 E.74477
G1 X109.487 Y107.791 E.75802
G1 X108.967 Y108.492 E.79229
G1 X108.31 Y109.118 E.82792
G1 X107.598 Y109.581 E.86127
G1 X107.132 Y109.835 E.88211
G1 X106.252 Y110.134 E.9186
G1 X105.688 Y110.228 E.94105
G1 X105.186 Y110.285 E.96089
G1 X104.192 Y110.222 E1
G1 X103.335 Y110.013 E1.03464
G1 X102.378 Y109.588 E1.07575
G1 X101.508 Y108.966 E1.11774
G1 X100.993 Y108.45 E1.14636
G1 X100.467 Y107.719 E1.18172
G1 X100.238 Y107.266 E1.20165
G1 X99.997 Y106.703 E1.2257
G1 X99.777 Y105.799 E1.26223
G1 X99.717 Y104.889 E1.29804
G1 X99.72 Y104.852 E1.2995
G1 X100.126 Y104.801 F7800
G1 F884.349
G1 X100.186 Y104.192 E1.32353
G1 X100.396 Y103.381 E1.35642
G1 X100.711 Y102.696 E1.38602
G1 X100.903 Y102.366 E1.40101
G1 X101.36 Y101.75 E1.43113
G1 X101.942 Y101.203 E1.46249
G1 X102.767 Y100.674 E1.50097
G1 X102.999 Y100.55 E1.5113
G1 X103.879 Y100.252 E1.54778
G1 X104.638 Y100.145 E1.57788
G1 X105.02 Y100.13 E1.59289
G1 X105.785 Y100.184 E1.623
G1 X106.559 Y100.38 E1.65435
G1 X107.322 Y100.714 E1.68705
G1 X107.964 Y101.151 E1.71754
G1 X108.366 Y101.471 E1.73771
G1 X108.876 Y102.037 E1.76762
G1 X109.387 Y102.867 E1.80589
G1 X109.649 Y103.586 E1.83594
G1 X109.776 Y103.996 E1.85279
G1 X109.873 Y104.734 E1.88202
G1 X109.808 Y105.848 E1.92584
G1 X109.62 Y106.559 E1.95472
G1 X109.281 Y107.32 E1.98743
G1 X109.16 Y107.549 E1.9976
G1 X108.64 Y108.25 E2.03187
G1 X108.035 Y108.818 E2.06445
G1 X107.387 Y109.232 E2.09464
G1 X107.001 Y109.45 E2.11205
G1 X106.121 Y109.748 E2.14853
G1 X105.266 Y109.873 E2.18246
G1 X104.218 Y109.816 E2.22367
G1 X103.441 Y109.62 E2.25513
G1 X102.553 Y109.221 E2.29335
G1 X101.75 Y108.639 E2.33229
G1 X101.287 Y108.168 E2.35822
G1 X100.801 Y107.486 E2.3911
G1 X100.433 Y106.719 E2.4245
G1 X100.155 Y105.584 E2.47038
G1 X100.123 Y104.861 E2.4988
G1 X100.535 Y104.81 F7800
;TYPE:External perimeter
G1 F884.349
G1 X100.591 Y104.236 E2.52144
G1 X100.79 Y103.486 E2.55191
G1 X101.078 Y102.871 E2.57857
G1 X101.23 Y102.609 E2.59046
G1 X101.687 Y101.993 E2.62058
G1 X102.217 Y101.503 E2.64892
G1 X102.978 Y101.022 E2.68427
G1 X103.422 Y100.836 E2.70317
G1 X104.01 Y100.637 E2.72754
G1 X104.688 Y100.549 E2.75438
G1 X104.991 Y100.536 E2.76629
G1 X105.756 Y100.59 E2.7964
G1 X106.454 Y100.774 E2.82474
G1 X107.15 Y101.083 E2.85464
G1 X107.723 Y101.479 E2.88199
G1 X108.064 Y101.744 E2.89895
G1 X108.576 Y102.312 E2.92898
G1 X109.038 Y103.077 E2.96407
G1 X109.372 Y104.049 E3.00443
G1 X109.469 Y104.787 E3.03366
G1 X109.41 Y105.746 E3.07139
G1 X109.226 Y106.454 E3.10011
G1 X108.914 Y107.145 E3.12988
G1 X108.507 Y107.745 E3.15835
G1 X108.287 Y108.036 E3.17267
G1 X107.738 Y108.539 E3.20191
G1 X106.87 Y109.064 E3.24174
G1 X105.99 Y109.363 E3.27823
G1 X105.213 Y109.469 E3.30902
G1 X104.245 Y109.41 E3.3471
G1 X103.546 Y109.226 E3.37548
G1 X102.728 Y108.853 E3.41078
G1 X101.993 Y108.313 E3.44659
G1 X101.581 Y107.887 E3.46986
G1 X101.134 Y107.252 E3.50035
G1 X100.802 Y106.547 E3.53095
G1 X100.598 Y105.732 E3.56394
G1 X100.532 Y104.87 E3.59789
G1 X100.568 Y104.471 F7800
G92 E0
G1 X98.123 Y110.741
;TYPE:Perimeter
G1 F884.349
M73 Q84 S6
G1 X97.664 Y110.144 E.02957
G1 X97.145 Y109.306 E.06827
G1 X96.886 Y108.8 E.09059
M73 P84 R6
G1 X96.454 Y107.689 E.13739
G1 X96.214 Y106.745 E.17563
G1 X96.119 Y106.184 E.19797
G1 X96.041 Y104.989 E.24499
G1 X96.074 Y104.219 E.27525
G1 X96.176 Y103.444 E.30594
G1 X96.346 Y102.677 E.33679
G1 X96.514 Y102.129 E.3593
G1 X96.721 Y101.574 E.38256
G1 X97.05 Y100.868 E.41314
G1 X97.553 Y100.021 E.45182
G1 X97.883 Y99.557 E.47418
G1 X98.673 Y98.657 E.5212
G1 X99.241 Y98.136 E.55146
G1 X99.856 Y97.664 E.5819
G1 X100.694 Y97.145 E.6206
G1 X101.21 Y96.881 E.64336
G1 X101.935 Y96.581 E.67417
G1 X102.681 Y96.345 E.70489
G1 X103.444 Y96.176 E.73557
G1 X104.213 Y96.075 E.76602
G1 X105.198 Y96.045 E.80471
G1 X105.766 Y96.073 E.82704
G1 X106.95 Y96.255 E.87408
G1 X107.694 Y96.455 E.90433
G1 X108.429 Y96.722 E.93503
G1 X109.132 Y97.05 E.96549
G1 X109.979 Y97.553 E1.00417
G1 X110.443 Y97.883 E1.02653
G1 X111.335 Y98.665 E1.07311
G1 X112.115 Y99.555 E1.11958
G1 X112.557 Y100.186 E1.14983
G1 X112.947 Y100.863 E1.18051
G1 X113.278 Y101.571 E1.2112
G1 X113.545 Y102.306 E1.2419
G1 X113.747 Y103.061 E1.27259
G1 X113.881 Y103.82 E1.30285
M73 P84 R5
G1 X113.926 Y104.509 E1.32996
G1 X113.939 Y105.577 E1.3719
G1 X113.884 Y106.166 E1.39513
G1 X113.747 Y106.939 E1.42595
G1 X113.545 Y107.694 E1.45664
G1 X113.278 Y108.429 E1.48734
G1 X112.947 Y109.137 E1.51803
G1 X112.557 Y109.814 E1.54871
G1 X112.108 Y110.454 E1.57941
G1 X111.613 Y111.045 E1.60968
M73 Q84 S5
G1 X110.75 Y111.87 E1.65656
G1 X110.139 Y112.339 E1.6868
G1 X109.48 Y112.759 E1.71748
G1 X108.796 Y113.115 E1.74776
G1 X107.684 Y113.548 E1.79462
G1 X106.939 Y113.747 E1.8249
G1 X106.169 Y113.883 E1.8556
G1 X105.391 Y113.951 E1.88626
G1 X104.609 Y113.951 E1.91696
G1 X103.831 Y113.883 E1.94762
G1 X103.061 Y113.747 E1.97832
G1 X102.306 Y113.545 E2.00901
G1 X101.577 Y113.28 E2.03947
G1 X100.689 Y112.852 E2.07818
G1 X100.198 Y112.564 E2.10053
G1 X99.233 Y111.856 E2.14752
G1 X98.664 Y111.336 E2.17779
G1 X98.162 Y110.787 E2.207
G1 X97.816 Y111.01 F7800
G1 F884.349
G1 X97.329 Y110.376 E2.23839
G1 X96.791 Y109.507 E2.27852
G1 X96.514 Y108.967 E2.30235
G1 X96.066 Y107.814 E2.35092
G1 X95.815 Y106.829 E2.39083
G1 X95.714 Y106.231 E2.41464
G1 X95.633 Y104.993 E2.46335
G1 X95.668 Y104.184 E2.49514
G1 X95.775 Y103.373 E2.52726
G1 X95.952 Y102.573 E2.55943
G1 X96.129 Y101.999 E2.58302
G1 X96.345 Y101.417 E2.6074
G1 X96.69 Y100.678 E2.63942
G1 X97.212 Y99.799 E2.67956
G1 X97.563 Y99.304 E2.70339
G1 X98.381 Y98.372 E2.75208
G1 X98.979 Y97.824 E2.78393
G1 X99.624 Y97.329 E2.81585
G1 X100.493 Y96.79 E2.856
G1 X101.039 Y96.511 E2.88008
G1 X101.796 Y96.198 E2.91224
G1 X102.576 Y95.952 E2.94435
G1 X103.373 Y95.775 E2.97641
G1 X104.18 Y95.669 E3.00837
G1 X105.202 Y95.637 E3.04852
G1 X105.808 Y95.668 E3.07235
G1 X107.034 Y95.856 E3.12105
G1 X107.817 Y96.066 E3.15288
G1 X108.585 Y96.346 E3.18498
G1 X109.322 Y96.69 E3.21692
G1 X110.201 Y97.212 E3.25706
G1 X110.696 Y97.563 E3.28089
G1 X111.623 Y98.377 E3.32933
G1 X112.435 Y99.303 E3.37769
G1 X112.9 Y99.967 E3.40952
G1 X113.309 Y100.675 E3.44162
G1 X113.654 Y101.415 E3.47368
G1 X113.934 Y102.183 E3.50578
G1 X114.145 Y102.973 E3.53789
G1 X114.286 Y103.771 E3.56971
G1 X114.333 Y104.482 E3.59769
G1 X114.346 Y105.603 E3.64171
G1 X114.288 Y106.221 E3.66608
G1 X114.145 Y107.027 E3.69822
G1 X113.934 Y107.817 E3.73033
G1 X113.654 Y108.585 E3.76243
G1 X113.309 Y109.325 E3.79449
G1 X112.9 Y110.033 E3.82659
G1 X112.432 Y110.702 E3.85865
G1 X111.91 Y111.324 E3.89053
G1 X111.016 Y112.18 E3.93913
G1 X110.373 Y112.673 E3.97094
G1 X109.684 Y113.112 E4.00302
G1 X108.964 Y113.487 E4.0349
G1 X107.81 Y113.936 E4.08352
G1 X107.027 Y114.145 E4.11534
G1 X106.223 Y114.287 E4.1474
G1 X105.408 Y114.358 E4.17952
G1 X104.592 Y114.358 E4.21156
G1 X103.777 Y114.287 E4.24368
G1 X102.973 Y114.145 E4.27574
G1 X102.183 Y113.934 E4.30785
G1 X101.419 Y113.656 E4.33977
G1 X100.498 Y113.212 E4.37992
G1 X99.974 Y112.905 E4.40377
G1 X98.974 Y112.171 E4.45248
G1 X98.376 Y111.624 E4.4843
G1 X97.855 Y111.055 E4.51459
G1 X97.509 Y111.279 F7800
;TYPE:External perimeter
G1 F884.349
G1 X96.994 Y110.607 E4.54783
G1 X96.436 Y109.707 E4.58941
G1 X96.142 Y109.133 E4.61473
G1 X95.677 Y107.938 E4.66508
G1 X95.417 Y106.914 E4.70656
G1 X95.309 Y106.279 E4.73185
G1 X95.225 Y104.998 E4.78226
G1 X95.262 Y104.148 E4.81567
G1 X95.374 Y103.303 E4.84914
G1 X95.558 Y102.469 E4.88267
G1 X95.743 Y101.868 E4.90736
G1 X95.969 Y101.26 E4.93283
G1 X96.329 Y100.487 E4.96631
G1 X96.87 Y99.577 E5.00788
G1 X97.243 Y99.052 E5.03317
G1 X98.09 Y98.087 E5.08359
G1 X98.717 Y97.512 E5.11699
G1 X99.393 Y96.994 E5.15043
G1 X100.293 Y96.436 E5.19201
G1 X100.869 Y96.141 E5.21742
G1 X101.657 Y95.815 E5.2509
G1 X102.47 Y95.558 E5.28438
G1 X103.303 Y95.374 E5.31788
G1 X104.147 Y95.263 E5.3513
G1 X105.206 Y95.23 E5.3929
G1 X105.849 Y95.262 E5.41818
G1 X107.118 Y95.457 E5.46859
G1 X107.939 Y95.678 E5.50197
G1 X108.741 Y95.969 E5.53547
G1 X109.513 Y96.329 E5.56892
G1 X110.423 Y96.87 E5.61049
G1 X110.948 Y97.243 E5.63578
G1 X111.912 Y98.089 E5.68614
G1 X112.756 Y99.051 E5.73639
G1 X113.244 Y99.748 E5.7698
G1 X113.67 Y100.486 E5.80326
G1 X114.031 Y101.259 E5.83676
G1 X114.322 Y102.061 E5.87026
G1 X114.543 Y102.884 E5.90372
G1 X114.691 Y103.722 E5.93713
G1 X114.739 Y104.455 E5.96597
G1 X114.752 Y105.63 E6.01211
G1 X114.691 Y106.275 E6.03755
G1 X114.543 Y107.116 E6.07108
G1 X114.322 Y107.939 E6.10454
G1 X114.031 Y108.741 E6.13804
G1 X113.67 Y109.514 E6.17154
G1 X113.244 Y110.252 E6.205
G1 X112.755 Y110.951 E6.2385
G1 X112.208 Y111.602 E6.27189
G1 X111.281 Y112.489 E6.32227
G1 X110.607 Y113.007 E6.35565
G1 X109.887 Y113.465 E6.38916
G1 X109.133 Y113.858 E6.42255
G1 X107.937 Y114.323 E6.47293
G1 X107.116 Y114.543 E6.5063
G1 X106.276 Y114.691 E6.53979
G1 X105.426 Y114.766 E6.57329
G1 X104.574 Y114.766 E6.60674
G1 X103.724 Y114.691 E6.64024
G1 X102.884 Y114.543 E6.67373
G1 X102.061 Y114.322 E6.70719
G1 X101.26 Y114.031 E6.74065
G1 X100.306 Y113.571 E6.78224
G1 X99.75 Y113.245 E6.80755
G1 X98.715 Y112.486 E6.85795
G1 X98.088 Y111.912 E6.89133
G1 X97.549 Y111.324 E6.92265
G1 X97.302 Y111.009 F7800
G92 E0
G1 X110.33 Y106.643
;TYPE:Internal infill
;WIDTH:0.45
;HEIGHT:0.4
G1 F494.289
G1 X110.51 Y105.971 E.04887
G1 X110.59 Y104.757 E.13434
G1 X110.522 Y104.232 E.17153
G1 X110.896 Y104.032 E.20132
G1 X111.552 Y103.313 E.26969
G1 X111.879 Y103.042 E.29952
G1 X112.207 Y102.936 E.32374
G1 X112.862 Y102.998 E.36996
G1 X113.47 Y103.322 E.41836
G1 X113.579 Y103.871 E.45768
G1 X113.646 Y104.898 E.52998
G1 X113.627 Y105.592 E.57875
G1 X113.517 Y105.557 E.58686
G1 X112.862 Y105.619 E.63308
G1 X112.207 Y105.968 E.68522
G1 X111.552 Y106.687 E.75355
G1 X111.224 Y106.958 E.78344
G1 X110.896 Y107.064 E.80766
G1 X110.222 Y106.992 E.85528
G1 X109.769 Y107.921 E.92789
G1 X109.135 Y108.769 E1.00227
G1 X108.758 Y109.117 E1.03831
G1 X109.259 Y109.579 E1.08619
G1 X109.586 Y109.685 E1.11034
G1 X110.241 Y109.622 E1.15657
G1 X110.896 Y109.273 E1.20871
G1 X111.552 Y108.555 E1.27703
G1 X111.879 Y108.283 E1.30691
G1 X112.207 Y108.177 E1.33113
G1 X112.862 Y108.24 E1.37736
G1 X112.98 Y108.302 E1.38672
G1 X112.582 Y109.16 E1.45316
G1 X111.857 Y110.279 E1.54683
G1 X111.39 Y110.836 E1.59789
G1 X110.635 Y111.558 E1.67128
G1 X109.941 Y112.083 E1.73241
G1 X109.586 Y111.894 E1.76066
G1 X108.931 Y111.175 E1.82899
G1 X108.603 Y110.904 E1.85888
G1 X108.276 Y110.798 E1.88303
G1 X107.621 Y110.86 E1.92925
G1 X106.965 Y111.209 E1.98145
G1 X106.31 Y111.928 E2.04978
G1 X105.983 Y112.199 E2.07961
G1 X105.655 Y112.305 E2.10383
G1 X105 Y112.243 E2.15005
G1 X104.345 Y111.894 E2.20219
G1 X103.69 Y111.175 E2.27052
G1 X103.362 Y110.904 E2.30041
G1 X103.035 Y110.798 E2.32456
G1 X102.379 Y110.86 E2.37085
G1 X101.724 Y111.209 E2.42299
G1 X101.069 Y111.928 E2.49132
G1 X100.741 Y112.199 E2.52121
G1 X100.369 Y112.301 E2.54831
G1 X99.02 Y111.247 E2.66857
G1 X98.255 Y110.413 E2.74807
G1 X97.746 Y109.696 E2.80984
G1 X97.389 Y109.112 E2.85792
G1 X96.99 Y108.226 E2.92618
G1 X97.138 Y108.24 E2.93662
G1 X97.793 Y108.589 E2.98876
G1 X98.448 Y109.307 E3.05703
G1 X98.776 Y109.579 E3.08696
G1 X99.104 Y109.685 E3.11118
G1 X99.759 Y109.622 E3.15741
G1 X100.414 Y109.273 E3.20955
G1 X100.878 Y108.764 E3.25793
G1 X100.15 Y107.789 E3.34341
G1 X99.782 Y107.004 E3.40431
G1 X99.104 Y106.653 E3.45794
G1 X98.448 Y105.934 E3.52631
G1 X98.121 Y105.663 E3.55614
G1 X97.793 Y105.557 E3.58036
G1 X97.138 Y105.619 E3.62658
G1 X96.416 Y106.042 E3.68536
G1 X96.37 Y104.434 E3.79837
G1 X96.603 Y102.947 E3.90411
G1 X97.138 Y102.998 E3.94186
G1 X97.793 Y103.347 E3.994
G1 X98.448 Y104.066 E4.06233
G1 X98.776 Y104.337 E4.09222
G1 X99.104 Y104.443 E4.11644
G1 X99.447 Y104.411 E4.14064
G1 X99.727 Y103.132 E4.23262
G1 X100.193 Y102.138 E4.30974
G1 X100.412 Y101.823 E4.33669
G1 X99.759 Y101.76 E4.38278
G1 X99.104 Y101.411 E4.43492
G1 X98.448 Y100.693 E4.50324
G1 X98.121 Y100.421 E4.53312
G1 X97.73 Y100.321 E4.56147
G1 X98.123 Y99.747 E4.61034
G1 X98.728 Y99.056 E4.67486
G1 X99.104 Y99.202 E4.7032
G1 X99.759 Y99.14 E4.74942
G1 X100.414 Y98.791 E4.80156
G1 X101.069 Y98.072 E4.86989
G1 X101.397 Y97.801 E4.89978
G1 X101.724 Y97.695 E4.92393
G1 X102.379 Y97.757 E4.97015
G1 X103.035 Y98.106 E5.02235
G1 X103.69 Y98.825 E5.09068
G1 X104.017 Y99.096 E5.12051
G1 X104.345 Y99.202 E5.14473
G1 X105 Y99.14 E5.19095
G1 X105.655 Y98.791 E5.24309
G1 X106.31 Y98.072 E5.31142
G1 X106.638 Y97.801 E5.34131
G1 X106.965 Y97.695 E5.36546
G1 X107.621 Y97.757 E5.41175
G1 X108.276 Y98.106 E5.46389
G1 X108.931 Y98.825 E5.53222
G1 X109.259 Y99.096 E5.56211
G1 X109.586 Y99.202 E5.58626
G1 X110.241 Y99.14 E5.63248
G1 X110.949 Y98.733 E5.68985
G1 X111.874 Y99.743 E5.78606
G1 X112.444 Y100.601 E5.85842
G1 X112.207 Y100.727 E5.87728
G1 X111.552 Y101.445 E5.94555
G1 X111.224 Y101.717 E5.97548
G1 X110.896 Y101.823 E5.9997
G1 X110.241 Y101.76 E6.04593
M73 Q85 S5
G1 X109.586 Y101.411 E6.09807
M73 P85 R5
G1 X108.931 Y100.693 E6.16634
G1 X108.603 Y100.421 E6.19627
G1 X108.276 Y100.315 E6.22042
G1 X108.059 Y100.336 E6.23574
G1 X107.812 Y100.163 E6.25692
G1 X106.913 Y99.742 E6.32666
G1 X105.799 Y99.475 E6.40713
G92 E0
G1 X108.396 Y97.048 F7800
G1 F494.289
G1 X106.878 Y96.553 E.11217
G1 X106.044 Y96.425 E.17144
G1 X105.655 Y96.582 E.20091
G1 X105 Y96.519 E.24714
G1 X104.716 Y96.368 E.26974
G1 X104.237 Y96.38 E.3034
G1 X103.497 Y96.477 E.35583
G1 X102.319 Y96.78 E.44128
;LAYER_CHANGE
;Z:11.95
;HEIGHT:0.2
G92 E0
G1 Z11.95 F7800
G1 X99.722 Y104.792
;TYPE:Perimeter
;WIDTH:0.449999
G1 F884.349
G1 X99.782 Y104.148 E.0254
G1 X99.91 Y103.623 E.04662
G1 X100.067 Y103.102 E.06799
G1 X100.408 Y102.383 E.09924
G1 X100.816 Y101.801 E.12715
G1 X101.147 Y101.379 E.14821
G1 X101.55 Y100.993 E.17012
G1 X102.414 Y100.388 E.21153
G1 X103.053 Y100.09 E.23921
G1 X103.701 Y99.879 E.26597
G1 X104.591 Y99.74 E.30134
G1 X105.033 Y99.723 E.31871
G1 X105.814 Y99.778 E.34945
G1 X106.665 Y99.987 E.38386
G1 X107.481 Y100.344 E.41883
G1 X107.863 Y100.567 E.4362
G1 X108.492 Y101.033 E.46694
G1 X109.175 Y101.759 E.50608
G1 X109.737 Y102.659 E.54774
G1 X110.034 Y103.455 E.5811
G1 X110.179 Y103.943 E.60109
G1 X110.276 Y104.681 E.63032
G1 X110.254 Y105.319 E.65539
G1 X110.209 Y105.918 E.67898
G1 X110.013 Y106.665 E.7093
G1 X109.649 Y107.496 E.74492
G1 X109.49 Y107.786 E.75791
G1 X108.967 Y108.492 E.79241
G1 X108.31 Y109.118 E.82804
G1 X107.598 Y109.581 E.86139
G1 X107.132 Y109.835 E.88223
G1 X106.251 Y110.134 E.91876
G1 X105.38 Y110.268 E.95336
G1 X104.339 Y110.243 E.99425
G1 X103.306 Y110.005 E1.03587
G1 X102.383 Y109.592 E1.07557
G1 X101.508 Y108.967 E1.11779
G1 X100.993 Y108.45 E1.14644
G1 X100.587 Y107.891 E1.17357
G1 X100.378 Y107.566 E1.18874
G1 X100.064 Y106.891 E1.21797
G1 X99.854 Y106.117 E1.24946
G1 X99.748 Y105.602 E1.27011
G1 X99.716 Y104.858 E1.29935
G1 X99.716 Y104.852 E1.29959
G1 X100.126 Y104.801 F7800
G1 F884.349
G1 X100.186 Y104.192 E1.32362
G1 X100.396 Y103.381 E1.35651
G1 X100.712 Y102.694 E1.3862
G1 X100.894 Y102.379 E1.40048
G1 X101.36 Y101.75 E1.43122
G1 X101.832 Y101.287 E1.45718
G1 X102.514 Y100.801 E1.49006
G1 X103.225 Y100.459 E1.52104
G1 X103.815 Y100.27 E1.54537
G1 X104.641 Y100.144 E1.57818
G1 X105.005 Y100.129 E1.59248
G1 X105.785 Y100.184 E1.62318
G1 X106.559 Y100.38 E1.65453
G1 X107.306 Y100.712 E1.68663
G1 X107.621 Y100.894 E1.70091
G1 X108.249 Y101.36 E1.73162
G1 X108.873 Y102.032 E1.76763
G1 X109.388 Y102.868 E1.80618
G1 X109.649 Y103.586 E1.83618
G1 X109.776 Y103.996 E1.85303
G1 X109.873 Y104.734 E1.88226
G1 X109.808 Y105.848 E1.92608
G1 X109.62 Y106.559 E1.95496
G1 X109.281 Y107.321 E1.98771
G1 X109.163 Y107.544 E1.99762
G1 X108.64 Y108.249 E2.03209
G1 X108.035 Y108.818 E2.0647
G1 X107.387 Y109.232 E2.09489
G1 X107.001 Y109.45 E2.1123
G1 X106.121 Y109.748 E2.14878
G1 X105.327 Y109.865 E2.18029
G1 X104.36 Y109.837 E2.21827
G1 X103.405 Y109.61 E2.25681
G1 X102.558 Y109.224 E2.29336
G1 X101.75 Y108.64 E2.33251
G1 X101.287 Y108.168 E2.35847
G1 X100.747 Y107.394 E2.39553
G1 X100.433 Y106.719 E2.42476
G1 X100.155 Y105.584 E2.47064
G1 X100.123 Y104.861 E2.49906
G1 X100.531 Y104.81 F7800
;TYPE:External perimeter
G1 F884.349
G1 X100.591 Y104.236 E2.52172
G1 X100.79 Y103.486 E2.55219
G1 X101.079 Y102.868 E2.57898
G1 X101.47 Y102.286 E2.60651
G1 X101.822 Y101.86 E2.62821
G1 X102.137 Y101.561 E2.64526
G1 X102.747 Y101.134 E2.6745
G1 X103.397 Y100.828 E2.70271
G1 X103.929 Y100.66 E2.72462
G1 X104.691 Y100.548 E2.75486
G1 X105.393 Y100.565 E2.78243
G1 X105.884 Y100.621 E2.80183
G1 X106.514 Y100.79 E2.82744
G1 X107.132 Y101.079 E2.85423
G1 X107.714 Y101.47 E2.88176
G1 X108.065 Y101.745 E2.89927
G1 X108.573 Y102.307 E2.92902
G1 X109.038 Y103.078 E2.96437
G1 X109.372 Y104.049 E3.00469
G1 X109.469 Y104.787 E3.03392
G1 X109.41 Y105.747 E3.07169
G1 X109.226 Y106.454 E3.10037
G1 X108.914 Y107.147 E3.13021
G1 X108.287 Y108.036 E3.17292
G1 X107.738 Y108.539 E3.20216
G1 X106.87 Y109.064 E3.24199
G1 X105.99 Y109.363 E3.27848
G1 X105.274 Y109.461 E3.30686
G1 X104.381 Y109.43 E3.34194
G1 X103.504 Y109.215 E3.37739
G1 X102.732 Y108.856 E3.41082
G1 X101.993 Y108.313 E3.44683
G1 X101.581 Y107.887 E3.4701
G1 X101.116 Y107.222 E3.50196
G1 X100.802 Y106.547 E3.53119
G1 X100.562 Y105.566 E3.57084
G1 X100.531 Y104.87 E3.5982
G1 X100.567 Y104.471 F7800
G92 E0
G1 X98.123 Y110.741
;TYPE:Perimeter
G1 F884.349
G1 X97.561 Y109.99 E.03683
G1 X97.248 Y109.492 E.05993
G1 X96.718 Y108.418 E.10696
G1 X96.455 Y107.694 E.13721
G1 X96.254 Y106.945 E.16766
G1 X96.097 Y105.991 E.20562
G1 X96.05 Y105.405 E.2287
G1 X96.076 Y104.208 E.27571
G1 X96.176 Y103.444 E.30596
G1 X96.346 Y102.677 E.33681
G1 X96.508 Y102.147 E.35857
G1 X96.721 Y101.574 E.38257
G1 X97.05 Y100.868 E.41315
G1 X97.543 Y100.037 E.45109
G1 X97.883 Y99.557 E.47419
G1 X98.673 Y98.657 E.52121
G1 X99.241 Y98.136 E.55147
G1 X99.861 Y97.661 E.58214
G1 X100.511 Y97.246 E.61242
G1 X101.572 Y96.723 E.65887
G1 X102.692 Y96.343 E.70531
G1 X103.444 Y96.176 E.73556
G1 X104.213 Y96.075 E.76601
G1 X105.18 Y96.044 E.804
G1 X105.767 Y96.073 E.82708
G1 X106.95 Y96.255 E.87408
G1 X107.694 Y96.455 E.90433
G1 X108.429 Y96.722 E.93503
G1 X109.132 Y97.05 E.96549
G1 X109.963 Y97.543 E1.00343
G1 X110.443 Y97.883 E1.02653
G1 X111.335 Y98.665 E1.07311
G1 X112.115 Y99.555 E1.11958
G1 X112.557 Y100.186 E1.14983
G1 X112.947 Y100.863 E1.18051
G1 X113.278 Y101.571 E1.2112
G1 X113.545 Y102.306 E1.2419
G1 X113.747 Y103.061 E1.27259
G1 X113.881 Y103.82 E1.30285
G1 X113.926 Y104.509 E1.32996
G1 X113.941 Y105.558 E1.37115
G1 X113.884 Y106.166 E1.39513
G1 X113.747 Y106.939 E1.42595
G1 X113.545 Y107.694 E1.45664
G1 X113.278 Y108.429 E1.48734
G1 X112.947 Y109.137 E1.51803
G1 X112.557 Y109.814 E1.54871
G1 X112.108 Y110.454 E1.57941
G1 X111.613 Y111.045 E1.60968
G1 X110.75 Y111.87 E1.65656
G1 X110.139 Y112.339 E1.6868
G1 X109.48 Y112.759 E1.71748
G1 X108.786 Y113.121 E1.74821
G1 X108.065 Y113.419 E1.77884
G1 X107.319 Y113.655 E1.80956
G1 X106.556 Y113.824 E1.84024
G1 X105.781 Y113.926 E1.87093
G1 X105.011 Y113.959 E1.90119
G1 X103.82 Y113.881 E1.94805
G1 X103.061 Y113.747 E1.97831
G1 X102.306 Y113.545 E2.009
G1 X101.577 Y113.28 E2.03946
G1 X100.705 Y112.861 E2.07745
G1 X100.198 Y112.564 E2.10052
G1 X99.233 Y111.856 E2.14751
G1 X98.664 Y111.336 E2.17778
G1 X98.162 Y110.787 E2.20699
G1 X97.816 Y111.01 F7800
G1 F884.349
G1 X97.225 Y110.221 E2.2457
G1 X96.892 Y109.691 E2.27028
G1 X96.343 Y108.578 E2.31901
G1 X96.066 Y107.817 E2.35081
G1 X95.856 Y107.031 E2.38275
G1 X95.693 Y106.041 E2.42215
G1 X95.642 Y105.417 E2.44673
G1 X95.669 Y104.177 E2.49543
G1 X95.775 Y103.373 E2.52727
G1 X95.952 Y102.573 E2.55944
G1 X96.123 Y102.016 E2.58232
G1 X96.345 Y101.417 E2.6074
G1 X96.69 Y100.678 E2.63942
G1 X97.201 Y99.815 E2.6788
G1 X97.563 Y99.304 E2.70339
G1 X98.381 Y98.372 E2.75208
G1 X98.979 Y97.824 E2.78393
G1 X99.627 Y97.327 E2.816
G1 X100.311 Y96.891 E2.84785
G1 X101.416 Y96.346 E2.89623
G1 X102.582 Y95.95 E2.94458
G1 X103.373 Y95.775 E2.97639
G1 X104.18 Y95.669 E3.00835
G1 X105.183 Y95.637 E3.04775
G1 X105.808 Y95.668 E3.07232
G1 X107.034 Y95.856 E3.12102
G1 X107.817 Y96.066 E3.15285
G1 X108.585 Y96.346 E3.18495
G1 X109.322 Y96.69 E3.21689
G1 X110.185 Y97.201 E3.25627
G1 X110.696 Y97.563 E3.28086
G1 X111.623 Y98.377 E3.3293
G1 X112.435 Y99.303 E3.37766
G1 X112.9 Y99.967 E3.40949
G1 X113.309 Y100.675 E3.44159
G1 X113.654 Y101.415 E3.47365
G1 X113.934 Y102.183 E3.50575
G1 X114.145 Y102.973 E3.53786
G1 X114.286 Y103.771 E3.56968
G1 X114.333 Y104.482 E3.59766
G1 X114.347 Y105.584 E3.64093
G1 X114.288 Y106.221 E3.66605
G1 X114.145 Y107.027 E3.69819
G1 X113.934 Y107.817 E3.7303
G1 X113.654 Y108.585 E3.7624
G1 X113.309 Y109.325 E3.79446
G1 X112.9 Y110.033 E3.82656
G1 X112.432 Y110.702 E3.85862
G1 X111.91 Y111.324 E3.8905
G1 X111.016 Y112.18 E3.9391
G1 X110.373 Y112.673 E3.97091
G1 X109.684 Y113.112 E4.00299
G1 X108.959 Y113.49 E4.03509
G1 X108.204 Y113.802 E4.06717
G1 X107.424 Y114.048 E4.09928
G1 X106.627 Y114.225 E4.13134
G1 X105.816 Y114.332 E4.16346
G1 X105.006 Y114.367 E4.19529
G1 X103.771 Y114.286 E4.24389
G1 X102.973 Y114.145 E4.27571
G1 X102.183 Y113.934 E4.30782
G1 X101.418 Y113.655 E4.33979
G1 X100.514 Y113.221 E4.37916
G1 X99.974 Y112.905 E4.40373
G1 X98.974 Y112.171 E4.45244
G1 X98.376 Y111.624 E4.48426
G1 X97.855 Y111.055 E4.51455
G1 X97.509 Y111.279 F7800
;TYPE:External perimeter
G1 F884.349
G1 X96.889 Y110.451 E4.55517
G1 X96.536 Y109.89 E4.5812
G1 X95.969 Y108.739 E4.63158
G1 X95.678 Y107.939 E4.66501
G1 X95.457 Y107.117 E4.69843
G1 X95.289 Y106.09 E4.73929
G1 X95.235 Y105.429 E4.76533
G1 X95.263 Y104.146 E4.81572
G1 X95.374 Y103.303 E4.84911
G1 X95.559 Y102.469 E4.88265
G1 X95.737 Y101.886 E4.90658
G1 X95.969 Y101.26 E4.93279
G1 X96.329 Y100.487 E4.96627
G1 X96.86 Y99.593 E5.0071
G1 X97.244 Y99.052 E5.03315
G1 X98.09 Y98.087 E5.08354
G1 X98.717 Y97.512 E5.11694
G1 X99.393 Y96.993 E5.1504
G1 X100.111 Y96.536 E5.18382
G1 X101.26 Y95.969 E5.23413
G1 X102.472 Y95.558 E5.28438
G1 X103.303 Y95.374 E5.3178
G1 X104.147 Y95.263 E5.35122
G1 X105.187 Y95.229 E5.39208
G1 X105.849 Y95.262 E5.41811
G1 X107.118 Y95.457 E5.46852
G1 X107.939 Y95.678 E5.5019
G1 X108.741 Y95.969 E5.5354
G1 X109.513 Y96.329 E5.56885
G1 X110.407 Y96.86 E5.60968
G1 X110.948 Y97.244 E5.63573
G1 X111.912 Y98.089 E5.68606
G1 X112.756 Y99.051 E5.73631
G1 X113.244 Y99.748 E5.76972
G1 X113.67 Y100.486 E5.80318
G1 X114.031 Y101.259 E5.83668
G1 X114.322 Y102.061 E5.87018
G1 X114.543 Y102.884 E5.90364
G1 X114.691 Y103.722 E5.93705
G1 X114.739 Y104.455 E5.96589
G1 X114.753 Y105.61 E6.01124
G1 X114.691 Y106.275 E6.03746
G1 X114.543 Y107.116 E6.07099
G1 X114.322 Y107.939 E6.10445
G1 X114.031 Y108.741 E6.13795
G1 X113.67 Y109.514 E6.17145
G1 X113.244 Y110.252 E6.20491
G1 X112.755 Y110.951 E6.23841
G1 X112.208 Y111.602 E6.2718
G1 X111.281 Y112.489 E6.32218
G1 X110.607 Y113.007 E6.35556
G1 X109.887 Y113.465 E6.38907
G1 X109.131 Y113.859 E6.42254
G1 X108.343 Y114.185 E6.45602
G1 X107.53 Y114.442 E6.4895
G1 X106.697 Y114.626 E6.523
G1 X105.852 Y114.738 E6.55647
G1 X105.002 Y114.775 E6.58988
G1 X103.722 Y114.691 E6.64025
G1 X102.884 Y114.543 E6.67366
G1 X102.061 Y114.322 E6.70712
G1 X101.26 Y114.031 E6.74058
G1 X100.323 Y113.58 E6.78141
G1 X99.75 Y113.245 E6.80747
G1 X98.715 Y112.486 E6.85787
G1 X98.088 Y111.912 E6.89125
G1 X97.549 Y111.324 E6.92257
G1 X97.306 Y111.006 F7800
;LAYER_CHANGE
;Z:12.15
;HEIGHT:0.2
G92 E0
G1 Z12.15 F7800
G1 X99.72 Y104.792
;TYPE:Perimeter
G1 F884.349
G1 X99.782 Y104.144 E.02556
G1 X100.055 Y103.129 E.06683
G1 X100.59 Y102.085 E.11289
G1 X101.043 Y101.495 E.1421
G1 X101.667 Y100.903 E.17587
G1 X102.414 Y100.412 E.21097
G1 X102.855 Y100.17 E.23072
G1 X103.748 Y99.866 E.26776
G1 X104.593 Y99.739 E.30131
G1 X105.018 Y99.722 E.31801
G1 X105.813 Y99.778 E.3493
G1 X106.665 Y99.987 E.38375
G1 X107.331 Y100.269 E.41215
G1 X107.738 Y100.48 E.43015
G1 X108.488 Y101.03 E.46667
G1 X109.097 Y101.667 E.50127
G1 X109.259 Y101.872 E.51153
G1 X109.741 Y102.667 E.54803
G1 X110.034 Y103.455 E.58104
G1 X110.179 Y103.943 E.60103
G1 X110.276 Y104.681 E.63026
G1 X110.222 Y105.808 E.67456
G1 X110.013 Y106.665 E.7092
G1 X109.652 Y107.467 E.74373
G1 X109.41 Y107.915 E.76372
G1 X108.957 Y108.505 E.79293
G1 X108.322 Y109.108 E.82731
G1 X107.631 Y109.56 E.85973
G1 X107.132 Y109.835 E.8821
G1 X106.252 Y110.134 E.91859
G1 X105.675 Y110.23 E.94156
G1 X105.134 Y110.284 E.96291
G1 X104.192 Y110.222 E.99998
G1 X103.335 Y110.013 E1.03462
G1 X102.388 Y109.595 E1.07526
G1 X101.508 Y108.967 E1.11771
G1 X100.993 Y108.45 E1.14636
G1 X100.44 Y107.678 E1.18365
G1 X100.077 Y106.919 E1.21668
G1 X99.854 Y106.115 E1.24944
G1 X99.748 Y105.595 E1.27028
G1 X99.72 Y104.852 E1.29947
M73 Q86 S5
G1 X100.126 Y104.801 F7800
G1 F884.349
G1 X100.125 Y104.79 E1.2999
G1 X100.187 Y104.19 E1.32358
G1 X100.396 Y103.381 E1.35639
M73 P86 R5
G1 X100.913 Y102.333 E1.40227
G1 X101.366 Y101.743 E1.43148
G1 X101.942 Y101.203 E1.46248
G1 X102.625 Y100.76 E1.49444
G1 X102.999 Y100.55 E1.51128
G1 X103.879 Y100.252 E1.54776
G1 X104.644 Y100.143 E1.5781
G1 X104.989 Y100.128 E1.59166
G1 X105.785 Y100.184 E1.62299
G1 X106.559 Y100.38 E1.65434
G1 X107.159 Y100.638 E1.67998
G1 X107.497 Y100.808 E1.69484
G1 X108.247 Y101.358 E1.73136
G1 X108.797 Y101.942 E1.76286
G1 X109.393 Y102.878 E1.80643
G1 X109.649 Y103.586 E1.83599
G1 X109.776 Y103.996 E1.85284
G1 X109.873 Y104.734 E1.88207
G1 X109.816 Y105.782 E1.92328
G1 X109.62 Y106.559 E1.95474
G1 X109.287 Y107.287 E1.98617
G1 X109.087 Y107.667 E2.00303
G1 X108.634 Y108.257 E2.03224
G1 X108.047 Y108.808 E2.06385
G1 X107.42 Y109.212 E2.09314
G1 X106.973 Y109.459 E2.11319
G1 X106.121 Y109.748 E2.14852
G1 X105.146 Y109.877 E2.18714
G1 X104.218 Y109.816 E2.22366
G1 X103.441 Y109.62 E2.25512
G1 X102.563 Y109.227 E2.29289
G1 X101.751 Y108.64 E2.33223
G1 X101.287 Y108.168 E2.35822
G1 X100.784 Y107.461 E2.39229
G1 X100.446 Y106.747 E2.42331
G1 X100.249 Y106.018 E2.45296
G1 X100.155 Y105.58 E2.47055
G1 X100.128 Y104.861 E2.4988
G1 X100.534 Y104.81 F7800
;TYPE:External perimeter
G1 F884.349
G1 X100.532 Y104.775 E2.50018
G1 X100.591 Y104.235 E2.52151
G1 X100.79 Y103.486 E2.55194
G1 X101.236 Y102.581 E2.59156
G1 X101.689 Y101.99 E2.6208
G1 X102.217 Y101.503 E2.649
G1 X103.13 Y100.936 E2.6912
G1 X104.012 Y100.636 E2.72778
G1 X104.695 Y100.547 E2.75482
G1 X105.395 Y100.565 E2.78231
G1 X105.884 Y100.621 E2.80164
G1 X106.514 Y100.79 E2.82725
G1 X107.256 Y101.137 E2.85941
G1 X108.006 Y101.687 E2.89593
G1 X108.497 Y102.217 E2.9243
G1 X109.045 Y103.089 E2.96474
G1 X109.372 Y104.049 E3.00456
G1 X109.469 Y104.787 E3.03379
G1 X109.41 Y105.748 E3.07159
G1 X109.226 Y106.454 E3.10024
G1 X108.764 Y107.419 E3.14225
G1 X108.311 Y108.01 E3.17149
G1 X107.772 Y108.508 E3.2003
G1 X106.842 Y109.074 E3.24305
G1 X105.99 Y109.363 E3.27838
G1 X105.213 Y109.469 E3.30917
G1 X104.245 Y109.41 E3.34725
G1 X103.546 Y109.226 E3.37563
G1 X102.737 Y108.859 E3.41051
G1 X101.993 Y108.313 E3.44675
G1 X101.581 Y107.887 E3.47002
G1 X101.129 Y107.244 E3.50088
G1 X100.815 Y106.575 E3.5299
G1 X100.562 Y105.565 E3.57078
G1 X100.536 Y104.87 E3.59809
G1 X100.567 Y104.471 F7800
G92 E0
G1 X98.123 Y110.741
;TYPE:Perimeter
G1 F884.349
G1 X97.571 Y110.005 E.03612
G1 X97.248 Y109.492 E.05992
G1 X96.718 Y108.418 E.10695
G1 X96.455 Y107.694 E.1372
G1 X96.254 Y106.944 E.16769
G1 X96.099 Y106.009 E.2049
G1 X96.05 Y105.404 E.22873
G1 X96.076 Y104.208 E.2757
G1 X96.176 Y103.444 E.30595
G1 X96.345 Y102.681 E.33663
G1 X96.577 Y101.946 E.36689
G1 X97.056 Y100.858 E.41357
G1 X97.533 Y100.052 E.45034
G1 X97.884 Y99.557 E.47417
G1 X98.673 Y98.657 E.52116
G1 X99.241 Y98.136 E.55142
G1 X99.861 Y97.661 E.58209
G1 X100.524 Y97.238 E.61297
G1 X100.997 Y96.986 E.63401
G1 X101.559 Y96.728 E.65829
G1 X102.692 Y96.343 E.70527
G1 X103.444 Y96.176 E.73552
G1 X104.214 Y96.075 E.76601
G1 X105.161 Y96.044 E.80321
G1 X105.767 Y96.073 E.82703
G1 X106.95 Y96.255 E.87403
G1 X107.694 Y96.455 E.90428
G1 X108.433 Y96.724 E.93516
G1 X108.921 Y96.945 E.95619
G1 X109.478 Y97.239 E.98092
G1 X110.139 Y97.661 E1.01171
G1 X110.759 Y98.136 E1.04238
G1 X111.336 Y98.664 E1.07309
G1 X111.864 Y99.241 E1.1038
G1 X112.333 Y99.852 E1.13404
G1 X112.952 Y100.873 E1.18092
G1 X113.278 Y101.571 E1.21117
G1 X113.545 Y102.306 E1.24187
G1 X113.747 Y103.061 E1.27256
G1 X113.881 Y103.82 E1.30282
G1 X113.926 Y104.509 E1.32993
G1 X113.942 Y105.54 E1.37042
G1 X113.884 Y106.167 E1.39514
G1 X113.747 Y106.939 E1.42593
G1 X113.545 Y107.694 E1.45662
G1 X113.278 Y108.429 E1.48732
G1 X112.947 Y109.137 E1.51801
G1 X112.557 Y109.814 E1.54869
G1 X112.108 Y110.454 E1.57939
G1 X111.613 Y111.045 E1.60966
G1 X110.754 Y111.867 E1.65634
G1 X110.005 Y112.429 E1.69311
G1 X109.492 Y112.752 E1.71691
G1 X108.418 Y113.282 E1.76394
G1 X107.694 Y113.545 E1.79419
G1 X106.939 Y113.747 E1.82488
G1 X106.165 Y113.884 E1.85574
G1 X105.632 Y113.936 E1.87677
G1 X105.014 Y113.96 E1.90105
G1 X103.82 Y113.881 E1.94803
G1 X103.061 Y113.747 E1.97829
G1 X102.306 Y113.545 E2.00898
G1 X101.576 Y113.28 E2.03947
G1 X100.722 Y112.87 E2.07667
G1 X100.198 Y112.564 E2.1005
G1 X99.233 Y111.856 E2.14749
G1 X98.664 Y111.336 E2.17776
G1 X98.162 Y110.787 E2.20697
G1 X97.816 Y111.01 F7800
G1 F884.349
G1 X97.235 Y110.236 E2.24497
G1 X96.892 Y109.691 E2.27025
G1 X96.343 Y108.578 E2.31898
G1 X96.066 Y107.817 E2.35078
G1 X95.856 Y107.03 E2.38276
G1 X95.695 Y106.059 E2.42141
G1 X95.642 Y105.417 E2.4467
G1 X95.669 Y104.177 E2.4954
G1 X95.775 Y103.373 E2.52724
G1 X95.952 Y102.576 E2.5593
G1 X96.196 Y101.802 E2.59117
G1 X96.693 Y100.672 E2.63964
G1 X97.191 Y99.83 E2.67805
G1 X97.564 Y99.304 E2.70337
G1 X98.381 Y98.372 E2.75203
G1 X98.979 Y97.824 E2.78388
G1 X99.627 Y97.327 E2.81595
G1 X100.319 Y96.886 E2.84817
G1 X100.816 Y96.621 E2.87029
G1 X101.408 Y96.349 E2.89587
G1 X102.582 Y95.95 E2.94456
G1 X103.373 Y95.775 E2.97637
G1 X104.181 Y95.669 E3.00837
G1 X105.164 Y95.636 E3.04699
G1 X105.808 Y95.668 E3.07231
G1 X107.034 Y95.856 E3.12101
G1 X107.817 Y96.066 E3.15284
G1 X108.588 Y96.347 E3.18506
G1 X109.1 Y96.58 E3.20715
G1 X109.682 Y96.887 E3.23299
G1 X110.373 Y97.327 E3.26516
G1 X111.021 Y97.824 E3.29723
G1 X111.624 Y98.376 E3.32933
G1 X112.176 Y98.979 E3.36143
G1 X112.669 Y99.622 E3.39324
G1 X113.312 Y100.681 E3.44189
G1 X113.654 Y101.415 E3.47369
G1 X113.934 Y102.183 E3.50579
G1 X114.145 Y102.973 E3.5379
G1 X114.286 Y103.771 E3.56972
G1 X114.333 Y104.482 E3.5977
G1 X114.348 Y105.565 E3.64023
G1 X114.287 Y106.221 E3.6661
G1 X114.145 Y107.027 E3.69823
G1 X113.934 Y107.817 E3.73034
G1 X113.654 Y108.585 E3.76244
G1 X113.309 Y109.325 E3.7945
G1 X112.9 Y110.033 E3.8266
G1 X112.432 Y110.702 E3.85866
G1 X111.91 Y111.324 E3.89054
G1 X111.018 Y112.178 E3.93903
G1 X110.236 Y112.765 E3.97742
G1 X109.691 Y113.108 E4.0027
G1 X108.578 Y113.657 E4.05143
G1 X107.817 Y113.934 E4.08323
G1 X107.027 Y114.145 E4.11534
G1 X106.22 Y114.288 E4.14752
G1 X105.66 Y114.342 E4.16961
G1 X105.008 Y114.367 E4.19523
G1 X103.771 Y114.286 E4.2439
G1 X102.973 Y114.145 E4.27572
G1 X102.183 Y113.934 E4.30783
G1 X101.418 Y113.655 E4.3398
G1 X100.531 Y113.23 E4.37842
G1 X99.974 Y112.905 E4.40374
G1 X98.974 Y112.171 E4.45245
G1 X98.376 Y111.624 E4.48427
G1 X97.855 Y111.055 E4.51456
G1 X97.509 Y111.279 F7800
;TYPE:External perimeter
G1 F884.349
G1 X96.9 Y110.467 E4.55441
G1 X96.536 Y109.89 E4.5812
G1 X95.969 Y108.739 E4.63158
G1 X95.678 Y107.939 E4.66501
G1 X95.457 Y107.116 E4.69847
G1 X95.291 Y106.109 E4.73854
G1 X95.235 Y105.429 E4.76533
G1 X95.263 Y104.146 E4.81572
G1 X95.374 Y103.303 E4.84911
G1 X95.558 Y102.47 E4.88261
G1 X95.814 Y101.659 E4.916
G1 X96.33 Y100.485 E4.96635
G1 X96.849 Y99.609 E5.00633
G1 X97.244 Y99.052 E5.03314
G1 X98.09 Y98.087 E5.08353
G1 X98.717 Y97.512 E5.11693
G1 X99.393 Y96.993 E5.15039
G1 X100.114 Y96.534 E5.18395
G1 X100.635 Y96.257 E5.20712
G1 X101.257 Y95.97 E5.23402
G1 X102.472 Y95.558 E5.28439
G1 X103.303 Y95.374 E5.31781
G1 X104.147 Y95.263 E5.35123
G1 X105.168 Y95.229 E5.39134
G1 X105.849 Y95.262 E5.41811
G1 X107.118 Y95.457 E5.46852
G1 X107.939 Y95.678 E5.5019
G1 X108.742 Y95.97 E5.53545
G1 X109.279 Y96.214 E5.55861
G1 X109.887 Y96.534 E5.58559
G1 X110.607 Y96.993 E5.61912
G1 X111.283 Y97.512 E5.65258
G1 X111.912 Y98.088 E5.68607
G1 X112.488 Y98.717 E5.71956
G1 X113.006 Y99.392 E5.75297
G1 X113.671 Y100.489 E5.80334
G1 X114.031 Y101.259 E5.83671
G1 X114.322 Y102.061 E5.87021
G1 X114.543 Y102.884 E5.90367
G1 X114.691 Y103.722 E5.93708
G1 X114.739 Y104.455 E5.96592
G1 X114.755 Y105.591 E6.01053
G1 X114.691 Y106.275 E6.0375
G1 X114.543 Y107.116 E6.07103
G1 X114.322 Y107.939 E6.10449
G1 X114.031 Y108.741 E6.13799
G1 X113.67 Y109.514 E6.17149
G1 X113.244 Y110.252 E6.20495
G1 X112.755 Y110.951 E6.23845
G1 X112.208 Y111.602 E6.27184
G1 X111.282 Y112.489 E6.32219
G1 X110.467 Y113.1 E6.36218
G1 X109.89 Y113.464 E6.38897
G1 X108.739 Y114.031 E6.43935
G1 X107.939 Y114.322 E6.47278
G1 X107.116 Y114.543 E6.50624
G1 X106.275 Y114.691 E6.53977
G1 X105.687 Y114.748 E6.56297
G1 X105.003 Y114.775 E6.58985
G1 X103.722 Y114.691 E6.64026
G1 X102.884 Y114.543 E6.67367
G1 X102.061 Y114.322 E6.70713
G1 X101.26 Y114.031 E6.74059
G1 X100.34 Y113.59 E6.78065
G1 X99.75 Y113.245 E6.80749
G1 X98.715 Y112.486 E6.85789
G1 X98.088 Y111.912 E6.89127
G1 X97.549 Y111.324 E6.92259
G1 X97.306 Y111.007 F7800
G92 E0
G1 X99.683 Y106.678
;TYPE:Internal infill
;WIDTH:0.45
;HEIGHT:0.4
G1 F494.289
G1 X99.444 Y105.62 E.0762
G1 X99.41 Y104.784 E.13498
G1 X99.462 Y104.267 E.17148
G1 X99.104 Y104.171 E.19752
G1 X97.793 Y103.142 E.3146
G1 X97.138 Y103.034 E.36123
G1 X96.545 Y103.192 E.40434
G1 X96.381 Y104.231 E.47823
M73 P86 R4
G1 X96.391 Y105.832 E.5907
G1 X96.483 Y105.763 E.59878
G1 X97.138 Y105.654 E.64543
G1 X97.793 Y105.829 E.69306
M73 Q86 S4
G1 X99.104 Y106.858 E.81014
G1 X99.766 Y106.965 E.85725
G1 X100.117 Y107.726 E.91612
G1 X100.675 Y108.546 E.9858
G1 X101.082 Y108.978 E1.02749
G1 X100.414 Y109.478 E1.08611
G1 X99.759 Y109.587 E1.13276
G1 X99.104 Y109.412 E1.18039
G1 X97.793 Y108.384 E1.29742
G1 X97.138 Y108.275 E1.34407
G1 X97.005 Y108.31 E1.35373
G1 X97.514 Y109.342 E1.43457
G1 X97.816 Y109.822 E1.47441
G1 X98.376 Y110.568 E1.53994
G1 X98.881 Y111.119 E1.59245
G1 X99.426 Y111.62 E1.64445
G1 X100.103 Y112.116 E1.70341
G1 X100.414 Y112.033 E1.72602
G1 X101.724 Y111.004 E1.84304
G1 X102.379 Y110.895 E1.88969
G1 X103.035 Y111.07 E1.93739
G1 X104.345 Y112.099 E2.05441
G1 X105 Y112.208 E2.10106
G1 X105.655 Y112.033 E2.14869
G1 X106.965 Y111.004 E2.26571
G1 X107.621 Y110.895 E2.31243
G1 X108.276 Y111.07 E2.36006
G1 X109.586 Y112.099 E2.47708
G1 X109.873 Y112.147 E2.49752
G1 X110.556 Y111.634 E2.55753
G1 X111.39 Y110.836 E2.63862
G1 X112.299 Y109.65 E2.74359
G1 X113.001 Y108.298 E2.85061
G1 X112.862 Y108.275 E2.86051
G1 X112.207 Y108.45 E2.90814
G1 X110.896 Y109.478 E3.02517
G1 X110.241 Y109.587 E3.07182
G1 X109.586 Y109.412 E3.11945
G1 X108.978 Y108.913 E3.1747
G1 X109.747 Y107.959 E3.26078
G1 X110.233 Y106.965 E3.33851
G1 X110.896 Y106.792 E3.38664
G1 X112.207 Y105.763 E3.50372
G1 X112.862 Y105.654 E3.55037
G1 X113.517 Y105.829 E3.598
G1 X113.602 Y105.899 E3.60574
G1 X113.654 Y105.02 E3.6676
G1 X113.578 Y103.856 E3.74954
M73 P87 R4
M73 Q87 S4
G1 X113.45 Y103.131 E3.80126
G1 X112.862 Y103.034 E3.84313
G1 X112.207 Y103.208 E3.89074
G1 X110.896 Y104.237 E4.00782
G1 X110.528 Y104.298 E4.03402
G1 X110.588 Y104.73 E4.06466
G1 X110.51 Y105.97 E4.15194
G1 X110.313 Y106.708 E4.2056
G92 E0
G1 X107.227 Y99.891 F7800
G1 F494.289
G1 X107.856 Y100.19 E.04893
G1 X108.76 Y100.857 E.12785
G1 X109.182 Y101.314 E.17155
G1 X109.586 Y101.616 E.20698
G1 X110.241 Y101.725 E.25363
G1 X110.896 Y101.55 E.30126
G1 X112.207 Y100.522 E.41829
G1 X112.366 Y100.495 E.42962
G1 X111.797 Y99.656 E.50084
G1 X111.086 Y98.854 E.57613
G1 X110.896 Y98.996 E.59279
G1 X110.241 Y99.105 E.63944
G1 X109.586 Y98.93 E.68707
G1 X108.276 Y97.901 E.80409
G1 X107.621 Y97.792 E.85074
G1 X106.965 Y97.967 E.89844
G1 X105.655 Y98.996 E1.01546
G1 X105 Y99.105 E1.06211
G1 X104.345 Y98.93 E1.10974
G1 X103.035 Y97.901 E1.22676
G1 X102.379 Y97.792 E1.27348
G1 X101.724 Y97.967 E1.32111
G1 X100.414 Y98.996 E1.43813
G1 X99.759 Y99.105 E1.48478
G1 X99.104 Y98.93 E1.53241
G1 X98.958 Y98.81 E1.54569
G1 X98.124 Y99.746 E1.63376
G1 X97.602 Y100.537 E1.70034
G1 X97.793 Y100.588 E1.71423
G1 X99.104 Y101.616 E1.83126
G1 X99.759 Y101.725 E1.87791
G1 X100.414 Y101.55 E1.92554
G1 X101.595 Y100.56 E2.0338
G1 X102.109 Y100.215 E2.07729
G1 X102.642 Y99.926 E2.11988
G1 X103.283 Y99.683 E2.16804
G92 E0
G1 X101.98 Y96.907 F7800
G1 F494.289
G1 X102.774 Y96.638 E.05889
G1 X103.497 Y96.477 E.11092
G1 X104.354 Y96.377 E.17153
G1 X105 Y96.484 E.21753
G1 X105.451 Y96.364 E.25031
G1 X105.737 Y96.378 E.27043
G1 X106.887 Y96.555 E.35217
G1 X107.839 Y96.832 E.42182
;LAYER_CHANGE
;Z:12.35
;HEIGHT:0.200001
G92 E0
G1 Z12.35 F7800
G1 X99.72 Y104.792
;TYPE:Perimeter
;WIDTH:0.449999
G1 F884.349
G1 X99.782 Y104.144 E.02556
G1 X99.911 Y103.62 E.04675
G1 X100.066 Y103.104 E.0679
G1 X100.402 Y102.393 E.09878
G1 X100.819 Y101.798 E.12731
G1 X101.163 Y101.364 E.14905
G1 X101.712 Y100.861 E.17829
G1 X102.513 Y100.352 E.21555
G1 X102.868 Y100.165 E.2313
G1 X103.748 Y99.866 E.26779
G1 X104.596 Y99.739 E.30146
G1 X105.002 Y99.722 E.31742
G1 X105.812 Y99.778 E.3493
G1 X106.665 Y99.987 E.38378
G1 X107.482 Y100.339 E.41871
G1 X108.013 Y100.682 E.44353
G1 X108.488 Y101.03 E.46665
G1 X109.087 Y101.661 E.50081
G1 X109.285 Y101.909 E.51327
G1 X109.747 Y102.677 E.54846
G1 X110.034 Y103.455 E.58102
G1 X110.179 Y103.943 E.60101
G1 X110.276 Y104.681 E.63024
G1 X110.244 Y105.468 E.66117
G1 X110.19 Y106.005 E.68236
G1 X109.997 Y106.725 E.71163
G1 X109.652 Y107.467 E.74376
G1 X109.41 Y107.915 E.76375
G1 X108.957 Y108.505 E.79296
G1 X108.31 Y109.118 E.82796
G1 X107.625 Y109.564 E.86005
G1 X107.132 Y109.835 E.88214
G1 X106.252 Y110.134 E.91863
G1 X105.673 Y110.23 E.94167
G1 X105.136 Y110.284 E.96286
G1 X104.351 Y110.245 E.99372
G1 X103.304 Y110.004 E1.03591
G1 X102.393 Y109.598 E1.07507
G1 X101.518 Y108.974 E1.11727
G1 X100.993 Y108.45 E1.14639
G1 X100.467 Y107.719 E1.18175
G1 X100.077 Y106.919 E1.2167
G1 X99.853 Y106.114 E1.24951
G1 X99.748 Y105.596 E1.27026
G1 X99.72 Y104.852 E1.29949
G1 X100.125 Y104.801 F7800
G1 F884.349
G1 X100.125 Y104.796 E1.29969
G1 X100.187 Y104.19 E1.32361
G1 X100.396 Y103.381 E1.35642
G1 X100.713 Y102.688 E1.38634
G1 X100.877 Y102.405 E1.39918
G1 X101.36 Y101.751 E1.4311
G1 X101.942 Y101.203 E1.46249
G1 X102.724 Y100.7 E1.499
G1 X102.999 Y100.55 E1.5113
G1 X103.879 Y100.252 E1.54778
G1 X104.647 Y100.142 E1.57824
G1 X104.973 Y100.128 E1.59105
G1 X105.784 Y100.184 E1.62297
G1 X106.559 Y100.38 E1.65436
G1 X107.31 Y100.708 E1.68654
G1 X107.772 Y101.01 E1.70821
G1 X108.247 Y101.358 E1.73133
G1 X108.937 Y102.118 E1.77164
G1 X109.397 Y102.884 E1.80672
G1 X109.776 Y103.996 E1.85285
G1 X109.873 Y104.734 E1.88208
G1 X109.838 Y105.441 E1.90987
G1 X109.772 Y105.99 E1.93158
G1 X109.604 Y106.619 E1.95714
G1 X109.087 Y107.667 E2.00302
G1 X108.634 Y108.257 E2.03223
G1 X108.035 Y108.818 E2.06445
G1 X107.414 Y109.216 E2.09341
G1 X106.973 Y109.459 E2.11318
G1 X106.121 Y109.748 E2.14851
G1 X105.148 Y109.877 E2.18705
G1 X104.371 Y109.839 E2.2176
G1 X103.402 Y109.609 E2.2567
G1 X102.568 Y109.23 E2.29267
G1 X101.76 Y108.647 E2.33179
G1 X101.287 Y108.168 E2.35822
G1 X100.801 Y107.486 E2.3911
G1 X100.446 Y106.747 E2.42329
G1 X100.249 Y106.017 E2.45298
G1 X100.155 Y105.581 E2.47049
G1 X100.128 Y104.861 E2.49878
G1 X100.533 Y104.81 F7800
;TYPE:External perimeter
G1 F884.349
G1 X100.532 Y104.78 E2.49996
G1 X100.591 Y104.236 E2.52145
G1 X100.79 Y103.486 E2.55192
G1 X101.081 Y102.862 E2.57895
G1 X101.474 Y102.282 E2.60646
G1 X101.782 Y101.901 E2.6257
G1 X102.262 Y101.461 E2.65127
G1 X103.13 Y100.936 E2.6911
G1 X104.01 Y100.637 E2.72759
G1 X104.698 Y100.546 E2.75484
G1 X105.398 Y100.565 E2.78234
G1 X105.884 Y100.621 E2.80155
G1 X106.514 Y100.79 E2.82716
G1 X107.138 Y101.077 E2.85413
G1 X108.006 Y101.687 E2.89579
G1 X108.484 Y102.208 E2.92355
G1 X109.046 Y103.09 E2.96461
G1 X109.372 Y104.049 E3.00438
G1 X109.469 Y104.787 E3.03361
G1 X109.432 Y105.415 E3.05831
G1 X109.379 Y105.884 E3.07684
G1 X109.21 Y106.514 E3.10245
G1 X108.764 Y107.419 E3.14207
G1 X108.311 Y108.01 E3.17131
G1 X107.76 Y108.518 E3.20074
G1 X106.842 Y109.074 E3.24288
G1 X105.99 Y109.363 E3.27821
G1 X105.213 Y109.469 E3.309
G1 X104.392 Y109.432 E3.34127
G1 X103.501 Y109.214 E3.37729
G1 X102.742 Y108.862 E3.41014
G1 X102.002 Y108.32 E3.44616
G1 X101.581 Y107.887 E3.46987
G1 X101.134 Y107.252 E3.50036
G1 X100.815 Y106.575 E3.52975
G1 X100.562 Y105.565 E3.57063
G1 X100.535 Y104.87 E3.59794
G1 X100.567 Y104.471 F7800
G92 E0
G1 X98.123 Y110.741
;TYPE:Perimeter
G1 F884.349
G1 X97.581 Y110.021 E.03539
G1 X97.247 Y109.491 E.05999
G1 X96.718 Y108.418 E.10696
G1 X96.455 Y107.694 E.13721
G1 X96.254 Y106.944 E.1677
G1 X96.101 Y106.028 E.20416
G1 X96.05 Y105.404 E.22874
G1 X96.076 Y104.208 E.27571
G1 X96.176 Y103.444 E.30596
G1 X96.347 Y102.676 E.33685
G1 X96.497 Y102.182 E.35712
G1 X96.721 Y101.573 E.3826
G1 X97.051 Y100.867 E.4132
G1 X97.523 Y100.067 E.44967
G1 X97.884 Y99.556 E.47424
G1 X98.673 Y98.657 E.52121
G1 X99.241 Y98.136 E.55147
G1 X99.857 Y97.663 E.58196
G1 X100.645 Y97.172 E.61842
G1 X101.207 Y96.883 E.64323
G1 X102.071 Y96.535 E.6798
G1 X102.679 Y96.346 E.7048
G1 X103.444 Y96.176 E.73557
G1 X104.214 Y96.075 E.76606
G1 X105.143 Y96.043 E.80256
G1 X105.768 Y96.073 E.82713
G1 X106.95 Y96.255 E.87409
G1 X107.694 Y96.455 E.90434
G1 X108.429 Y96.722 E.93504
G1 X109.127 Y97.048 E.96529
G1 X110.148 Y97.667 E1.01217
G1 X110.759 Y98.136 E1.04241
G1 X111.336 Y98.664 E1.07312
G1 X111.864 Y99.241 E1.10383
G1 X112.333 Y99.852 E1.13407
G1 X112.952 Y100.873 E1.18095
G1 X113.278 Y101.571 E1.2112
G1 X113.545 Y102.306 E1.2419
G1 X113.747 Y103.061 E1.27259
G1 X113.881 Y103.82 E1.30285
G1 X113.955 Y105.111 E1.35362
G1 X113.926 Y105.77 E1.37952
G1 X113.745 Y106.95 E1.42639
G1 X113.545 Y107.694 E1.45664
G1 X113.278 Y108.429 E1.48734
G1 X112.947 Y109.137 E1.51803
G1 X112.557 Y109.814 E1.54871
G1 X112.108 Y110.454 E1.57941
G1 X111.613 Y111.045 E1.60968
G1 X110.75 Y111.87 E1.65656
G1 X110.139 Y112.339 E1.6868
G1 X109.489 Y112.754 E1.71708
G1 X108.418 Y113.282 E1.76396
G1 X107.694 Y113.545 E1.79421
G1 X106.939 Y113.747 E1.8249
G1 X106.164 Y113.884 E1.8558
G1 X105.65 Y113.935 E1.87608
G1 X105.013 Y113.96 E1.90111
G1 X103.82 Y113.881 E1.94806
G1 X103.061 Y113.747 E1.97832
G1 X102.306 Y113.545 E2.00901
G1 X101.581 Y113.282 E2.03929
G1 X100.511 Y112.753 E2.08616
G1 X99.861 Y112.339 E2.11642
G1 X99.241 Y111.864 E2.14709
G1 X98.664 Y111.336 E2.1778
G1 X98.162 Y110.787 E2.20701
G1 X97.816 Y111.01 F7800
G1 F884.349
G1 X97.246 Y110.252 E2.24425
G1 X96.892 Y109.69 E2.27033
G1 X96.343 Y108.578 E2.31902
G1 X96.066 Y107.817 E2.35082
G1 X95.855 Y107.03 E2.38281
G1 X95.697 Y106.078 E2.4207
G1 X95.642 Y105.416 E2.44678
G1 X95.669 Y104.177 E2.49544
G1 X95.775 Y103.373 E2.52728
G1 X95.953 Y102.572 E2.5595
G1 X96.111 Y102.052 E2.58084
G1 X96.345 Y101.417 E2.60741
G1 X96.69 Y100.677 E2.63947
G1 X97.181 Y99.846 E2.67737
G1 X97.564 Y99.304 E2.70343
G1 X98.381 Y98.372 E2.75209
G1 X98.979 Y97.824 E2.78394
G1 X99.625 Y97.328 E2.81592
G1 X100.444 Y96.818 E2.8538
G1 X101.037 Y96.512 E2.88
G1 X101.934 Y96.151 E2.91797
G1 X102.574 Y95.952 E2.94429
G1 X103.373 Y95.775 E2.97642
G1 X104.181 Y95.669 E3.00842
G1 X105.146 Y95.636 E3.04633
G1 X105.809 Y95.668 E3.07239
G1 X107.034 Y95.856 E3.12105
G1 X107.817 Y96.066 E3.15288
G1 X108.585 Y96.346 E3.18498
G1 X109.32 Y96.688 E3.21681
G1 X110.378 Y97.331 E3.26542
G1 X111.021 Y97.824 E3.29723
G1 X111.624 Y98.376 E3.32933
G1 X112.176 Y98.979 E3.36143
G1 X112.669 Y99.622 E3.39324
G1 X113.312 Y100.681 E3.44189
G1 X113.654 Y101.415 E3.47369
G1 X113.934 Y102.183 E3.50579
G1 X114.145 Y102.973 E3.5379
G1 X114.286 Y103.771 E3.56972
G1 X114.362 Y105.129 E3.62312
G1 X114.332 Y105.81 E3.64989
G1 X114.144 Y107.034 E3.69851
G1 X113.934 Y107.817 E3.73034
G1 X113.654 Y108.585 E3.76244
G1 X113.309 Y109.325 E3.7945
G1 X112.9 Y110.033 E3.8266
G1 X112.432 Y110.702 E3.85866
G1 X111.91 Y111.324 E3.89054
G1 X111.016 Y112.18 E3.93914
G1 X110.373 Y112.673 E3.97095
G1 X109.689 Y113.109 E4.0028
G1 X108.578 Y113.657 E4.05144
G1 X107.817 Y113.934 E4.08324
G1 X107.027 Y114.145 E4.11535
G1 X106.219 Y114.288 E4.14757
G1 X105.678 Y114.341 E4.16891
G1 X105.008 Y114.367 E4.19524
G1 X103.771 Y114.286 E4.24391
G1 X102.973 Y114.145 E4.27573
G1 X102.183 Y113.934 E4.30784
G1 X101.421 Y113.656 E4.33969
G1 X100.311 Y113.109 E4.38828
G1 X99.627 Y112.673 E4.42013
G1 X98.979 Y112.176 E4.4522
G1 X98.376 Y111.624 E4.4843
G1 X97.855 Y111.055 E4.51459
G1 X97.509 Y111.279 F7800
;TYPE:External perimeter
G1 F884.349
G1 X96.91 Y110.483 E4.55371
G1 X96.536 Y109.89 E4.58124
G1 X95.969 Y108.739 E4.63162
G1 X95.678 Y107.939 E4.66505
G1 X95.457 Y107.116 E4.69851
G1 X95.293 Y106.128 E4.73783
G1 X95.235 Y105.429 E4.76537
G1 X95.263 Y104.146 E4.81576
G1 X95.374 Y103.303 E4.84915
G1 X95.559 Y102.469 E4.88269
G1 X95.725 Y101.922 E4.90513
G1 X95.969 Y101.26 E4.93283
G1 X96.329 Y100.487 E4.96631
G1 X96.838 Y99.625 E5.00562
G1 X97.244 Y99.051 E5.03323
G1 X98.09 Y98.087 E5.08359
G1 X98.717 Y97.512 E5.11699
G1 X99.393 Y96.993 E5.15045
G1 X100.243 Y96.463 E5.18978
G1 X100.868 Y96.142 E5.21737
G1 X101.797 Y95.767 E5.25671
G1 X102.47 Y95.558 E5.28438
G1 X103.303 Y95.374 E5.31788
G1 X104.147 Y95.263 E5.3513
G1 X105.148 Y95.228 E5.39063
G1 X105.849 Y95.262 E5.41819
G1 X107.118 Y95.457 E5.4686
G1 X107.939 Y95.678 E5.50198
G1 X108.741 Y95.969 E5.53548
G1 X109.512 Y96.329 E5.56889
G1 X110.608 Y96.994 E5.61923
G1 X111.283 Y97.512 E5.65264
G1 X111.912 Y98.088 E5.68613
G1 X112.488 Y98.717 E5.71962
G1 X113.006 Y99.392 E5.75303
G1 X113.671 Y100.489 E5.8034
G1 X114.031 Y101.259 E5.83677
G1 X114.322 Y102.061 E5.87027
G1 X114.543 Y102.884 E5.90373
G1 X114.691 Y103.722 E5.93714
M73 Q88 S4
G1 X114.768 Y105.147 E5.99317
G1 X114.738 Y105.85 E6.0208
M73 P88 R4
G1 X114.543 Y107.118 E6.07117
G1 X114.322 Y107.939 E6.10455
G1 X114.031 Y108.741 E6.13805
G1 X113.67 Y109.514 E6.17155
G1 X113.244 Y110.252 E6.20501
G1 X112.755 Y110.951 E6.23851
G1 X112.208 Y111.602 E6.2719
G1 X111.281 Y112.489 E6.32228
G1 X110.607 Y113.007 E6.35566
G1 X109.889 Y113.464 E6.38908
G1 X108.739 Y114.031 E6.43942
G1 X107.939 Y114.322 E6.47285
G1 X107.116 Y114.543 E6.50631
G1 X106.275 Y114.691 E6.53984
G1 X105.706 Y114.747 E6.56229
G1 X105.003 Y114.775 E6.58991
G1 X103.722 Y114.691 E6.64032
G1 X102.884 Y114.543 E6.67373
G1 X102.061 Y114.322 E6.70719
G1 X101.261 Y114.031 E6.74062
G1 X100.111 Y113.464 E6.79096
G1 X99.393 Y113.007 E6.82438
G1 X98.717 Y112.488 E6.85784
G1 X98.088 Y111.912 E6.89133
G1 X97.549 Y111.324 E6.92265
G1 X97.305 Y111.007 F7800
;LAYER_CHANGE
;Z:12.55
;HEIGHT:0.2
G92 E0
G1 Z12.55 F7800
G1 X99.722 Y104.792
;TYPE:Perimeter
G1 F884.349
G1 X99.782 Y104.148 E.0254
G1 X99.907 Y103.635 E.04613
G1 X100.055 Y103.129 E.06683
G1 X100.356 Y102.516 E.09364
G1 X100.59 Y102.085 E.1129
G1 X101.043 Y101.495 E.14211
G1 X101.667 Y100.903 E.17588
G1 X101.872 Y100.741 E.18614
G1 X102.667 Y100.259 E.22264
G1 X103.748 Y99.866 E.2678
G1 X104.599 Y99.738 E.30159
G1 X104.986 Y99.721 E.3168
G1 X105.812 Y99.778 E.34931
G1 X106.665 Y99.987 E.38379
G1 X107.291 Y100.253 E.4105
G1 X107.771 Y100.501 E.43171
G1 X108.49 Y101.032 E.46681
G1 X109.097 Y101.667 E.5013
G1 X109.259 Y101.872 E.51156
G1 X109.741 Y102.667 E.54806
G1 X110.034 Y103.455 E.58107
G1 X110.179 Y103.943 E.60106
G1 X110.276 Y104.681 E.63029
G1 X110.244 Y105.468 E.66122
G1 X110.19 Y106.005 E.68241
G1 X109.997 Y106.724 E.71164
G1 X109.649 Y107.5 E.74503
G1 X109.499 Y107.771 E.75719
G1 X108.968 Y108.49 E.79229
G1 X108.31 Y109.118 E.828
G1 X107.598 Y109.581 E.86135
G1 X107.132 Y109.835 E.88219
G1 X106.252 Y110.134 E.91868
G1 X105.688 Y110.228 E.94113
G1 X105.186 Y110.285 E.96097
G1 X104.192 Y110.222 E1.00008
G1 X103.335 Y110.013 E1.03472
G1 X102.434 Y109.621 E1.0733
G1 X101.512 Y108.97 E1.11762
G1 X100.993 Y108.45 E1.14647
G1 X100.467 Y107.72 E1.1818
G1 X100.026 Y106.796 E1.222
G1 X99.853 Y106.119 E1.24944
G1 X99.748 Y105.602 E1.27015
G1 X99.716 Y104.858 E1.29939
G1 X99.716 Y104.852 E1.29963
G1 X100.126 Y104.801 F7800
G1 F884.349
G1 X100.186 Y104.192 E1.32366
G1 X100.396 Y103.381 E1.35655
G1 X100.721 Y102.696 E1.38632
G1 X100.913 Y102.333 E1.40244
G1 X101.366 Y101.743 E1.43165
G1 X101.942 Y101.203 E1.46265
G1 X102.709 Y100.709 E1.49847
G1 X102.999 Y100.55 E1.51146
G1 X103.879 Y100.252 E1.54794
G1 X104.65 Y100.142 E1.57852
G1 X104.958 Y100.127 E1.59063
G1 X105.784 Y100.184 E1.62314
G1 X106.559 Y100.38 E1.65453
G1 X107.117 Y100.621 E1.6784
G1 X107.529 Y100.828 E1.6965
G1 X108.249 Y101.36 E1.73165
G1 X108.797 Y101.942 E1.76304
G1 X109.393 Y102.878 E1.80661
G1 X109.649 Y103.586 E1.83617
G1 X109.776 Y103.996 E1.85302
G1 X109.873 Y104.734 E1.88225
G1 X109.838 Y105.441 E1.91004
G1 X109.772 Y105.99 E1.93175
G1 X109.604 Y106.619 E1.95731
G1 X109.28 Y107.326 E1.98785
G1 X109.172 Y107.529 E1.99688
G1 X108.64 Y108.249 E2.03203
G1 X108.035 Y108.818 E2.06464
G1 X107.387 Y109.232 E2.09483
G1 X107.001 Y109.45 E2.11224
G1 X106.121 Y109.748 E2.14872
G1 X105.266 Y109.873 E2.18265
G1 X104.218 Y109.816 E2.22386
G1 X103.441 Y109.62 E2.25532
G1 X102.606 Y109.252 E2.29115
G1 X101.753 Y108.642 E2.33233
G1 X101.287 Y108.168 E2.35843
G1 X100.801 Y107.486 E2.39131
G1 X100.42 Y106.682 E2.42624
G1 X100.155 Y105.584 E2.47059
G1 X100.123 Y104.861 E2.49901
G1 X100.531 Y104.81 F7800
;TYPE:External perimeter
G1 F884.349
G1 X100.591 Y104.236 E2.52167
G1 X100.79 Y103.486 E2.55214
G1 X101.236 Y102.581 E2.59176
G1 X101.689 Y101.99 E2.621
G1 X102.217 Y101.503 E2.6492
G1 X103.13 Y100.936 E2.6914
G1 X104.01 Y100.637 E2.72789
G1 X104.701 Y100.545 E2.75526
G1 X105.4 Y100.566 E2.78272
G1 X105.884 Y100.621 E2.80185
G1 X106.514 Y100.79 E2.82746
G1 X107.254 Y101.135 E2.85952
G1 X107.999 Y101.681 E2.89579
G1 X108.497 Y102.217 E2.92452
G1 X109.045 Y103.089 E2.96496
G1 X109.372 Y104.049 E3.00478
G1 X109.469 Y104.787 E3.03401
G1 X109.432 Y105.415 E3.05871
G1 X109.379 Y105.884 E3.07724
G1 X109.21 Y106.514 E3.10285
G1 X108.912 Y107.152 E3.1305
G1 X108.287 Y108.036 E3.17301
G1 X107.738 Y108.539 E3.20225
G1 X106.87 Y109.064 E3.24208
G1 X105.99 Y109.363 E3.27857
G1 X105.213 Y109.469 E3.30936
G1 X104.245 Y109.41 E3.34744
G1 X103.546 Y109.226 E3.37582
G1 X102.778 Y108.884 E3.40883
G1 X101.994 Y108.313 E3.44691
G1 X101.581 Y107.887 E3.47021
G1 X101.134 Y107.253 E3.50067
G1 X100.79 Y106.512 E3.53275
G1 X100.562 Y105.566 E3.57096
G1 X100.531 Y104.87 E3.59832
G1 X100.567 Y104.471 F7800
G92 E0
G1 X98.123 Y110.741
;TYPE:Perimeter
G1 F884.349
G1 X97.663 Y110.142 E.02965
G1 X97.181 Y109.371 E.06535
G1 X96.885 Y108.798 E.09067
G1 X96.452 Y107.684 E.1376
G1 X96.254 Y106.943 E.16772
G1 X96.103 Y106.046 E.20344
G1 X96.05 Y105.404 E.22873
G1 X96.076 Y104.208 E.2757
G1 X96.176 Y103.444 E.30595
G1 X96.345 Y102.681 E.33663
G1 X96.577 Y101.946 E.36689
G1 X97.056 Y100.857 E.4136
G1 X97.512 Y100.083 E.44887
G1 X97.884 Y99.556 E.4742
G1 X98.673 Y98.657 E.52117
G1 X99.241 Y98.136 E.55143
G1 X99.858 Y97.663 E.58196
G1 X100.629 Y97.181 E.61766
G1 X101.208 Y96.882 E.64325
G1 X102.053 Y96.541 E.67903
G1 X102.679 Y96.346 E.70477
G1 X103.444 Y96.176 E.73554
G1 X104.215 Y96.075 E.76607
G1 X105.124 Y96.043 E.80178
G1 X105.768 Y96.073 E.82709
G1 X106.95 Y96.255 E.87405
G1 X107.694 Y96.455 E.9043
G1 X108.369 Y96.7 E.9325
G1 X108.887 Y96.929 E.95474
G1 X109.478 Y97.239 E.98094
G1 X110.139 Y97.661 E1.01173
G1 X110.759 Y98.136 E1.0424
G1 X111.336 Y98.664 E1.07311
G1 X111.864 Y99.241 E1.10382
G1 X112.333 Y99.852 E1.13406
G1 X112.952 Y100.873 E1.18094
G1 X113.278 Y101.571 E1.21119
G1 X113.545 Y102.306 E1.24189
G1 X113.747 Y103.061 E1.27258
G1 X113.881 Y103.82 E1.30284
G1 X113.955 Y105.111 E1.35361
G1 X113.926 Y105.77 E1.37951
G1 X113.745 Y106.95 E1.42638
G1 X113.545 Y107.694 E1.45663
G1 X113.278 Y108.429 E1.48733
G1 X112.947 Y109.137 E1.51802
G1 X112.557 Y109.814 E1.5487
G1 X112.108 Y110.454 E1.5794
G1 X111.613 Y111.045 E1.60967
G1 X110.75 Y111.87 E1.65655
G1 X110.139 Y112.339 E1.68679
G1 X109.48 Y112.759 E1.71747
G1 X108.796 Y113.115 E1.74775
G1 X107.684 Y113.548 E1.79461
G1 X106.939 Y113.747 E1.82489
G1 X106.169 Y113.883 E1.85559
G1 X105.391 Y113.951 E1.88625
G1 X104.609 Y113.951 E1.91695
G1 X103.831 Y113.883 E1.94761
G1 X103.061 Y113.747 E1.97831
G1 X102.306 Y113.545 E2.009
G1 X101.581 Y113.282 E2.03928
G1 X100.511 Y112.753 E2.08615
G1 X99.861 Y112.339 E2.11641
G1 X99.241 Y111.864 E2.14708
G1 X98.664 Y111.336 E2.17779
G1 X98.162 Y110.787 E2.207
G1 X97.816 Y111.01 F7800
G1 F884.349
G1 X97.328 Y110.375 E2.23845
G1 X96.827 Y109.573 E2.27558
G1 X96.514 Y108.966 E2.3024
G1 X96.064 Y107.81 E2.35111
G1 X95.855 Y107.03 E2.38282
G1 X95.699 Y106.097 E2.41996
G1 X95.642 Y105.416 E2.44679
G1 X95.669 Y104.177 E2.49545
G1 X95.775 Y103.373 E2.52729
G1 X95.952 Y102.576 E2.55935
G1 X96.196 Y101.802 E2.59122
G1 X96.693 Y100.671 E2.63973
G1 X97.17 Y99.862 E2.67661
G1 X97.564 Y99.304 E2.70343
G1 X98.381 Y98.372 E2.75209
G1 X98.979 Y97.824 E2.78394
G1 X99.625 Y97.328 E2.81592
G1 X100.427 Y96.827 E2.85305
G1 X101.038 Y96.512 E2.88004
G1 X101.916 Y96.157 E2.91723
G1 X102.574 Y95.952 E2.94429
G1 X103.373 Y95.775 E2.97642
G1 X104.181 Y95.669 E3.00842
G1 X105.127 Y95.635 E3.04559
G1 X105.809 Y95.668 E3.0724
G1 X107.034 Y95.856 E3.12106
G1 X107.817 Y96.066 E3.15289
G1 X108.588 Y96.347 E3.18511
G1 X109.066 Y96.563 E3.20571
G1 X109.683 Y96.887 E3.23307
G1 X110.373 Y97.327 E3.2652
G1 X111.021 Y97.824 E3.29727
G1 X111.624 Y98.376 E3.32937
G1 X112.176 Y98.979 E3.36147
G1 X112.669 Y99.622 E3.39328
G1 X113.312 Y100.681 E3.44193
G1 X113.654 Y101.415 E3.47373
G1 X113.934 Y102.183 E3.50583
G1 X114.145 Y102.973 E3.53794
G1 X114.286 Y103.771 E3.56976
G1 X114.362 Y105.129 E3.62316
G1 X114.332 Y105.81 E3.64993
G1 X114.144 Y107.034 E3.69855
G1 X113.934 Y107.817 E3.73038
G1 X113.654 Y108.585 E3.76248
G1 X113.309 Y109.325 E3.79454
G1 X112.9 Y110.033 E3.82664
G1 X112.432 Y110.702 E3.8587
G1 X111.91 Y111.324 E3.89058
G1 X111.016 Y112.18 E3.93918
G1 X110.373 Y112.673 E3.97099
G1 X109.684 Y113.112 E4.00307
G1 X108.964 Y113.487 E4.03495
G1 X107.81 Y113.935 E4.08356
G1 X107.027 Y114.145 E4.11539
G1 X106.223 Y114.287 E4.14745
G1 X105.408 Y114.358 E4.17957
G1 X104.592 Y114.358 E4.21161
G1 X103.777 Y114.287 E4.24373
G1 X102.973 Y114.145 E4.27579
G1 X102.183 Y113.934 E4.3079
G1 X101.421 Y113.656 E4.33975
G1 X100.311 Y113.109 E4.38834
G1 X99.627 Y112.673 E4.42019
G1 X98.979 Y112.176 E4.45226
G1 X98.376 Y111.624 E4.48436
G1 X97.855 Y111.055 E4.51465
G1 X97.509 Y111.279 F7800
;TYPE:External perimeter
G1 F884.349
G1 X96.993 Y110.607 E4.54792
G1 X96.473 Y109.774 E4.58648
G1 X96.142 Y109.133 E4.61481
G1 X95.677 Y107.937 E4.66519
G1 X95.457 Y107.116 E4.69856
G1 X95.295 Y106.147 E4.73714
G1 X95.235 Y105.429 E4.76543
G1 X95.263 Y104.146 E4.81582
G1 X95.374 Y103.303 E4.84921
G1 X95.558 Y102.47 E4.88271
G1 X95.814 Y101.659 E4.9161
G1 X96.331 Y100.485 E4.96647
G1 X96.828 Y99.641 E5.00493
G1 X97.244 Y99.051 E5.03328
G1 X98.09 Y98.087 E5.08364
G1 X98.717 Y97.512 E5.11704
G1 X99.393 Y96.993 E5.1505
G1 X100.226 Y96.473 E5.18906
G1 X100.868 Y96.141 E5.21744
G1 X101.779 Y95.773 E5.25602
G1 X102.47 Y95.558 E5.28443
G1 X103.303 Y95.374 E5.31793
G1 X104.147 Y95.262 E5.35136
G1 X105.129 Y95.228 E5.38994
G1 X105.849 Y95.262 E5.41824
G1 X107.118 Y95.457 E5.46865
G1 X107.939 Y95.678 E5.50203
G1 X108.742 Y95.97 E5.53558
G1 X109.245 Y96.197 E5.55725
G1 X109.887 Y96.535 E5.58574
G1 X110.607 Y96.993 E5.61925
G1 X111.283 Y97.512 E5.65271
G1 X111.912 Y98.088 E5.6862
G1 X112.488 Y98.717 E5.71969
G1 X113.006 Y99.392 E5.7531
G1 X113.671 Y100.489 E5.80347
G1 X114.031 Y101.259 E5.83684
G1 X114.322 Y102.061 E5.87034
G1 X114.543 Y102.884 E5.9038
G1 X114.691 Y103.722 E5.93721
G1 X114.768 Y105.147 E5.99324
G1 X114.738 Y105.85 E6.02087
G1 X114.543 Y107.118 E6.07124
G1 X114.322 Y107.939 E6.10462
G1 X114.031 Y108.741 E6.13812
G1 X113.67 Y109.514 E6.17162
G1 X113.244 Y110.252 E6.20508
G1 X112.755 Y110.951 E6.23858
G1 X112.208 Y111.602 E6.27197
G1 X111.281 Y112.489 E6.32235
G1 X110.607 Y113.007 E6.35573
G1 X109.887 Y113.465 E6.38924
G1 X109.133 Y113.858 E6.42263
G1 X107.937 Y114.323 E6.47301
G1 X107.116 Y114.543 E6.50638
G1 X106.276 Y114.691 E6.53987
G1 X105.426 Y114.766 E6.57337
G1 X104.574 Y114.766 E6.60682
G1 X103.724 Y114.691 E6.64032
G1 X102.884 Y114.543 E6.67381
G1 X102.061 Y114.322 E6.70727
G1 X101.261 Y114.031 E6.7407
G1 X100.111 Y113.464 E6.79104
G1 X99.393 Y113.007 E6.82446
G1 X98.717 Y112.488 E6.85792
G1 X98.088 Y111.912 E6.89141
G1 X97.549 Y111.324 E6.92273
G1 X97.302 Y111.009 F7800
G1 X98.242 Y110.391
;TYPE:Internal infill
;WIDTH:0.45
;HEIGHT:0.4
G1 F494.289
G1 X97.483 Y109.278 E7.01737
G1 X97.015 Y108.29 E7.09417
G1 X97.138 Y108.21 E7.10448
G1 X97.793 Y108.071 E7.15152
G1 X98.121 Y108.129 E7.17492
G1 X98.448 Y108.383 E7.20401
G1 X99.104 Y109.225 E7.27899
G1 X99.759 Y109.652 E7.33392
G1 X100.414 Y109.791 E7.38096
G1 X100.741 Y109.733 E7.40429
G1 X101.069 Y109.479 E7.43343
G1 X101.299 Y109.183 E7.45976
G1 X100.672 Y108.544 E7.52265
G1 X100.127 Y107.746 E7.59054
G1 X99.788 Y107.012 E7.64734
G1 X99.104 Y107.17 E7.69666
G1 X98.776 Y107.113 E7.72005
G1 X98.448 Y106.858 E7.74924
G1 X97.793 Y106.016 E7.82418
G1 X97.138 Y105.589 E7.87911
G1 X96.483 Y105.451 E7.92613
G1 X96.362 Y105.472 E7.93476
G1 X96.381 Y104.231 E8.02195
G1 X96.503 Y103.382 E8.0822
G1 X97.138 Y102.969 E8.13541
G1 X97.793 Y102.83 E8.18245
G1 X98.121 Y102.887 E8.20584
M73 Q89 S4
G1 X98.448 Y103.142 E8.23497
G1 X99.104 Y103.984 E8.30995
M73 P89 R4
G1 X99.467 Y104.221 E8.3404
G1 X99.41 Y104.784 E8.38015
G1 X99.444 Y105.62 E8.43893
G1 X99.672 Y106.633 E8.51187
G92 E0
G1 X105.996 Y113.592 F7800
G1 F494.289
G1 X104.898 Y113.646 E.07723
G1 X103.856 Y113.578 E.15059
G1 X103.563 Y113.526 E.17149
G1 X103.362 Y113.37 E.18936
G1 X103.035 Y113.313 E.21268
G1 X102.802 Y113.362 E.22941
G1 X101.702 Y113 E.31076
G1 X100.661 Y112.487 E.39229
G1 X100.038 Y112.091 E.44415
G1 X100.414 Y111.846 E.47568
G1 X101.069 Y111.004 E.55062
G1 X101.397 Y110.749 E.57981
G1 X101.724 Y110.692 E.60313
G1 X102.379 Y110.831 E.65017
G1 X103.035 Y111.257 E.70512
G1 X103.69 Y112.099 E.78006
G1 X104.017 Y112.354 E.80919
G1 X104.345 Y112.411 E.83258
G1 X105 Y112.273 E.8796
G1 X105.655 Y111.846 E.93453
G1 X106.31 Y111.004 E1.00947
G1 X106.638 Y110.749 E1.03866
G1 X106.965 Y110.692 E1.06198
G1 X107.621 Y110.831 E1.10909
G1 X108.276 Y111.257 E1.16398
G1 X108.931 Y112.099 E1.23892
G1 X109.259 Y112.354 E1.26811
G1 X109.486 Y112.394 E1.2843
G1 X110.551 Y111.638 E1.37605
G1 X111.39 Y110.836 E1.45759
G1 X112.299 Y109.65 E1.56256
G1 X112.676 Y108.996 E1.61559
G1 X113.047 Y108.171 E1.67914
G1 X112.862 Y108.21 E1.69242
G1 X112.207 Y108.636 E1.74731
G1 X111.552 Y109.479 E1.82231
G1 X111.224 Y109.733 E1.85145
G1 X110.896 Y109.791 E1.87485
G1 X110.241 Y109.652 E1.92189
G1 X109.586 Y109.225 E1.97682
G1 X109.182 Y108.706 E2.02302
G1 X109.747 Y107.959 E2.08882
G1 X110.198 Y107.04 E2.16073
G1 X110.896 Y106.605 E2.21851
G1 X111.552 Y105.763 E2.29349
G1 X111.879 Y105.508 E2.32262
G1 X112.207 Y105.451 E2.34601
G1 X112.862 Y105.589 E2.39303
G1 X113.569 Y106.083 E2.45362
G1 X113.654 Y105.014 E2.52895
G1 X113.578 Y103.856 E2.61047
G1 X113.377 Y102.86 E2.68185
G1 X112.862 Y102.969 E2.71883
G1 X112.207 Y103.395 E2.77372
G1 X111.552 Y104.237 E2.84866
G1 X111.224 Y104.492 E2.87785
G1 X110.896 Y104.549 E2.90124
G1 X110.553 Y104.477 E2.92586
G1 X110.449 Y103.736 E2.97843
G1 X110.071 Y102.636 E3.06014
G1 X109.638 Y101.918 E3.11904
G1 X110.241 Y101.79 E3.16234
G1 X110.896 Y101.364 E3.21723
G1 X111.552 Y100.521 E3.29227
G1 X111.879 Y100.267 E3.32136
G1 X112.194 Y100.212 E3.34382
G1 X111.361 Y99.144 E3.43897
G1 X111.224 Y99.251 E3.45118
G1 X110.896 Y99.308 E3.47457
G1 X110.241 Y99.169 E3.52161
G1 X109.586 Y98.743 E3.5765
G1 X108.931 Y97.901 E3.65144
G1 X108.603 Y97.646 E3.68063
G1 X108.276 Y97.589 E3.70395
G1 X107.621 Y97.727 E3.75097
G1 X106.965 Y98.154 E3.80596
G1 X106.31 Y98.996 E3.8809
G1 X105.983 Y99.251 E3.91003
G1 X105.655 Y99.308 E3.93342
G1 X105 Y99.169 E3.98046
G1 X104.345 Y98.743 E4.03535
G1 X103.69 Y97.901 E4.11029
G1 X103.362 Y97.646 E4.13948
G1 X103.035 Y97.589 E4.1628
G1 X102.379 Y97.727 E4.20989
G1 X101.724 Y98.154 E4.26482
G1 X101.069 Y98.996 E4.33976
G1 X100.741 Y99.251 E4.36895
G1 X100.414 Y99.308 E4.39227
G1 X99.759 Y99.169 E4.43931
G1 X99.073 Y98.704 E4.49753
G1 X98.124 Y99.745 E4.59649
G1 X97.552 Y100.618 E4.66981
G1 X97.793 Y100.775 E4.69002
G1 X98.448 Y101.617 E4.76496
G1 X98.776 Y101.871 E4.7941
G1 X99.104 Y101.929 E4.8175
G1 X99.759 Y101.79 E4.86454
G1 X100.414 Y101.364 E4.91943
G1 X101.069 Y100.521 E4.99443
M73 P89 R3
G1 X101.397 Y100.267 E5.02357
G1 X101.724 Y100.209 E5.0469
G1 X102.057 Y100.28 E5.07082
G1 X102.639 Y99.929 E5.11857
M73 Q89 S3
G1 X103.788 Y99.538 E5.20383
G1 X104.332 Y99.466 E5.24238
G92 E0
G1 X101.437 Y97.119 F7800
G1 F494.289
G1 X102.168 Y96.825 E.05535
G1 X103.497 Y96.477 E.15186
G1 X103.774 Y96.441 E.17148
G1 X104.017 Y96.63 E.19311
G1 X104.345 Y96.687 E.2165
G1 X105 Y96.549 E.26352
G1 X105.295 Y96.357 E.28825
G1 X106.887 Y96.555 E.40095
G1 X107.692 Y96.779 E.45965
;LAYER_CHANGE
;Z:12.75
;HEIGHT:0.2
G92 E0
G1 Z12.75 F7800
G1 X99.721 Y104.792
;TYPE:Perimeter
;WIDTH:0.449999
G1 F884.349
G1 X99.782 Y104.145 E.02552
G1 X99.907 Y103.635 E.04614
G1 X100.055 Y103.129 E.06684
G1 X100.36 Y102.48 E.095
G1 X100.531 Y102.189 E.10825
G1 X101.032 Y101.51 E.14138
G1 X101.663 Y100.91 E.17557
G1 X102.301 Y100.453 E.20638
G1 X103.224 Y100.019 E.24643
G1 X103.79 Y99.853 E.26959
G1 X104.602 Y99.737 E.3018
G1 X104.97 Y99.72 E.31626
G1 X105.811 Y99.778 E.34936
G1 X106.665 Y99.987 E.38388
G1 X107.492 Y100.347 E.4193
G1 X107.811 Y100.531 E.43376
G1 X108.49 Y101.032 E.46689
G1 X109.097 Y101.667 E.50138
G1 X109.259 Y101.872 E.51164
G1 X109.741 Y102.667 E.54814
G1 X110.034 Y103.455 E.58115
G1 X110.179 Y103.943 E.60114
G1 X110.276 Y104.681 E.63037
G1 X110.244 Y105.468 E.6613
G1 X110.19 Y106.005 E.68249
G1 X109.997 Y106.724 E.71172
G1 X109.648 Y107.501 E.74516
G1 X109.502 Y107.766 E.75704
G1 X108.968 Y108.49 E.79236
G1 X108.31 Y109.118 E.82807
G1 X107.701 Y109.545 E.85727
G1 X106.925 Y109.917 E.89106
G1 X106.207 Y110.148 E.92068
G1 X105.186 Y110.285 E.96113
G1 X104.398 Y110.252 E.9921
G1 X103.297 Y110.002 E1.03643
G1 X102.404 Y109.604 E1.07482
G1 X101.516 Y108.973 E1.11759
G1 X100.993 Y108.45 E1.14663
G1 X100.438 Y107.676 E1.18403
G1 X100.064 Y106.891 E1.21817
G1 X99.846 Y106.082 E1.25107
G1 X99.746 Y105.553 E1.27221
G1 X99.719 Y104.852 E1.29975
G1 X100.125 Y104.801 F7800
G1 F884.349
G1 X100.187 Y104.19 E1.32386
G1 X100.396 Y103.381 E1.35667
G1 X100.729 Y102.653 E1.3881
G1 X101.149 Y102.037 E1.41737
G1 X101.5 Y101.608 E1.43913
G1 X102.014 Y101.141 E1.4664
G1 X102.526 Y100.792 E1.49073
G1 X103.281 Y100.433 E1.52356
G1 X103.781 Y100.28 E1.54409
G1 X104.653 Y100.141 E1.57876
G1 X104.942 Y100.127 E1.59012
G1 X105.783 Y100.184 E1.62322
G1 X106.559 Y100.38 E1.65465
G1 X107.318 Y100.715 E1.68723
G1 X107.57 Y100.859 E1.69863
G1 X108.248 Y101.359 E1.73171
G1 X108.797 Y101.942 E1.76315
G1 X109.393 Y102.878 E1.80672
G1 X109.649 Y103.586 E1.83628
G1 X109.776 Y103.996 E1.85313
G1 X109.873 Y104.734 E1.88236
G1 X109.838 Y105.441 E1.91015
G1 X109.772 Y105.99 E1.93186
G1 X109.604 Y106.619 E1.95742
G1 X109.175 Y107.525 E1.99678
G1 X108.641 Y108.248 E2.03207
G1 X108.035 Y108.818 E2.06474
G1 X107.475 Y109.207 E2.09151
G1 X106.754 Y109.548 E2.12283
G1 X106.094 Y109.757 E2.15001
G1 X105.266 Y109.873 E2.18284
G1 X104.416 Y109.845 E2.21623
G1 X103.394 Y109.607 E2.25743
G1 X102.578 Y109.236 E2.29263
G1 X101.758 Y108.645 E2.33232
G1 X101.287 Y108.168 E2.35864
G1 X100.801 Y107.486 E2.39152
G1 X100.433 Y106.719 E2.42492
G1 X100.241 Y105.986 E2.45467
G1 X100.153 Y105.537 E2.47264
G1 X100.127 Y104.861 E2.4992
G1 X100.532 Y104.81 F7800
;TYPE:External perimeter
G1 F884.349
G1 X100.531 Y104.791 E2.49995
G1 X100.591 Y104.236 E2.52187
G1 X100.79 Y103.486 E2.55234
G1 X101.097 Y102.827 E2.58089
G1 X101.477 Y102.278 E2.60711
G1 X101.774 Y101.909 E2.62571
G1 X102.288 Y101.442 E2.65298
G1 X102.751 Y101.131 E2.67488
G1 X103.453 Y100.802 E2.70532
G1 X104.018 Y100.634 E2.72846
G1 X104.705 Y100.545 E2.75566
G1 X105.402 Y100.566 E2.78304
G1 X105.884 Y100.621 E2.80209
G1 X106.514 Y100.79 E2.8277
G1 X107.145 Y101.084 E2.85503
G1 X107.722 Y101.477 E2.88244
G1 X108.099 Y101.782 E2.90148
G1 X108.539 Y102.262 E2.92705
G1 X109.045 Y103.089 E2.96512
G1 X109.372 Y104.049 E3.00494
G1 X109.469 Y104.787 E3.03417
G1 X109.432 Y105.415 E3.05887
G1 X109.379 Y105.884 E3.0774
G1 X109.21 Y106.514 E3.10301
G1 X108.912 Y107.154 E3.13073
G1 X108.287 Y108.036 E3.17317
G1 X107.738 Y108.539 E3.20241
G1 X107.249 Y108.868 E3.22555
G1 X106.584 Y109.178 E3.25436
G1 X105.981 Y109.366 E3.27916
G1 X105.213 Y109.469 E3.30959
G1 X104.433 Y109.438 E3.34024
G1 X103.491 Y109.212 E3.37828
G1 X102.751 Y108.867 E3.41034
G1 X102 Y108.318 E3.44687
G1 X101.581 Y107.887 E3.47047
G1 X101.134 Y107.252 E3.50096
G1 X100.802 Y106.547 E3.53156
G1 X100.56 Y105.521 E3.57295
G1 X100.534 Y104.87 E3.59853
G1 X100.567 Y104.471 F7800
G92 E0
G1 X98.152 Y110.776
;TYPE:Perimeter
G1 F884.349
G1 X98.136 Y110.759 E.00092
G1 X97.663 Y110.142 E.03145
G1 X97.19 Y109.387 E.06643
G1 X96.885 Y108.798 E.09247
G1 X96.452 Y107.684 E.1394
G1 X96.269 Y106.999 E.16724
G1 X96.162 Y106.463 E.1887
G1 X96.074 Y105.783 E.21562
G1 X96.04 Y105 E.24639
G1 X96.074 Y104.219 E.27708
G1 X96.176 Y103.444 E.30777
G1 X96.345 Y102.681 E.33845
G1 X96.577 Y101.946 E.36871
G1 X97.057 Y100.856 E.41547
G1 X97.502 Y100.098 E.44998
G1 X97.884 Y99.556 E.47602
G1 X98.673 Y98.657 E.52299
G1 X99.241 Y98.136 E.55325
G1 X99.858 Y97.663 E.58378
G1 X100.613 Y97.19 E.61876
G1 X101.209 Y96.882 E.6451
G1 X102.036 Y96.547 E.68013
G1 X102.679 Y96.346 E.70658
G1 X103.444 Y96.176 E.73735
G1 X104.216 Y96.075 E.76792
G1 X105.106 Y96.042 E.80289
G1 X105.768 Y96.074 E.82891
G1 X106.95 Y96.255 E.87586
G1 X107.694 Y96.455 E.90611
G1 X108.429 Y96.722 E.93681
G1 X109.134 Y97.051 E.96736
G1 X109.902 Y97.502 E1.00233
G1 X110.444 Y97.884 E1.02837
G1 X111.343 Y98.673 E1.07534
G1 X111.864 Y99.241 E1.1056
G1 X112.333 Y99.852 E1.13584
G1 X112.952 Y100.873 E1.18272
G1 X113.278 Y101.571 E1.21297
G1 X113.545 Y102.306 E1.24367
G1 X113.747 Y103.061 E1.27436
G1 X113.881 Y103.82 E1.30462
G1 X113.955 Y105.111 E1.35539
G1 X113.926 Y105.77 E1.38129
G1 X113.745 Y106.95 E1.42816
G1 X113.545 Y107.694 E1.45841
G1 X113.278 Y108.429 E1.48911
G1 X112.947 Y109.137 E1.5198
G1 X112.557 Y109.814 E1.55048
G1 X112.108 Y110.454 E1.58118
G1 X111.613 Y111.045 E1.61145
G1 X110.75 Y111.87 E1.65833
G1 X110.139 Y112.339 E1.68857
G1 X109.489 Y112.754 E1.71885
G1 X108.418 Y113.282 E1.76573
G1 X107.694 Y113.545 E1.79598
G1 X106.939 Y113.747 E1.82667
G1 X106.169 Y113.883 E1.85737
G1 X105.391 Y113.951 E1.88803
G1 X104.609 Y113.951 E1.91873
G1 X103.831 Y113.883 E1.94939
G1 X103.061 Y113.747 E1.98009
G1 X102.306 Y113.545 E2.01078
G1 X101.581 Y113.282 E2.04106
G1 X100.511 Y112.753 E2.08793
G1 X99.861 Y112.339 E2.11819
G1 X99.241 Y111.864 E2.14886
G1 X98.664 Y111.336 E2.17957
G1 X98.192 Y110.82 E2.20703
G1 X97.834 Y111.031 F7800
G1 F884.349
G1 X97.824 Y111.021 E2.20759
G1 X97.328 Y110.375 E2.23957
G1 X96.836 Y109.589 E2.27598
G1 X96.514 Y108.965 E2.30355
G1 X96.064 Y107.81 E2.35222
G1 X95.854 Y107.023 E2.3842
G1 X95.759 Y106.527 E2.40403
G1 X95.668 Y105.817 E2.43214
G1 X95.633 Y105 E2.46425
G1 X95.668 Y104.184 E2.49632
G1 X95.775 Y103.373 E2.52844
G1 X95.952 Y102.576 E2.5605
G1 X96.196 Y101.802 E2.59237
G1 X96.694 Y100.671 E2.64089
G1 X97.16 Y99.877 E2.67704
G1 X97.564 Y99.304 E2.70457
G1 X98.381 Y98.372 E2.75323
G1 X98.979 Y97.824 E2.78508
G1 X99.625 Y97.328 E2.81706
G1 X100.411 Y96.836 E2.85347
G1 X101.038 Y96.512 E2.88118
G1 X101.898 Y96.163 E2.91762
G1 X102.575 Y95.952 E2.94546
G1 X103.373 Y95.775 E2.97755
G1 X104.182 Y95.669 E3.00959
G1 X105.108 Y95.635 E3.04597
G1 X105.809 Y95.668 E3.07352
M73 Q90 S3
G1 X107.034 Y95.856 E3.12218
M73 P90 R3
G1 X107.817 Y96.066 E3.15401
G1 X108.585 Y96.346 E3.18611
G1 X109.324 Y96.69 E3.21812
G1 X110.123 Y97.16 E3.25452
G1 X110.696 Y97.564 E3.28205
G1 X111.628 Y98.381 E3.33071
G1 X112.176 Y98.979 E3.36256
G1 X112.669 Y99.622 E3.39437
G1 X113.312 Y100.681 E3.44302
G1 X113.654 Y101.415 E3.47482
G1 X113.934 Y102.183 E3.50692
G1 X114.145 Y102.973 E3.53903
G1 X114.286 Y103.771 E3.57085
G1 X114.362 Y105.129 E3.62425
G1 X114.332 Y105.81 E3.65102
G1 X114.144 Y107.034 E3.69964
G1 X113.934 Y107.817 E3.73147
G1 X113.654 Y108.585 E3.76357
G1 X113.309 Y109.325 E3.79563
G1 X112.9 Y110.033 E3.82773
G1 X112.432 Y110.702 E3.85979
G1 X111.91 Y111.324 E3.89167
G1 X111.016 Y112.18 E3.94027
G1 X110.373 Y112.673 E3.97208
G1 X109.689 Y113.109 E4.00393
G1 X108.578 Y113.657 E4.05257
G1 X107.817 Y113.934 E4.08437
G1 X107.027 Y114.145 E4.11648
G1 X106.223 Y114.287 E4.14854
G1 X105.408 Y114.358 E4.18066
G1 X104.592 Y114.358 E4.2127
G1 X103.777 Y114.287 E4.24482
G1 X102.973 Y114.145 E4.27688
G1 X102.183 Y113.934 E4.30899
G1 X101.421 Y113.656 E4.34084
G1 X100.311 Y113.109 E4.38943
G1 X99.627 Y112.673 E4.42128
G1 X98.979 Y112.176 E4.45335
G1 X98.376 Y111.624 E4.48545
G1 X97.874 Y111.076 E4.51463
G1 X97.515 Y111.287 F7800
;TYPE:External perimeter
G1 F884.349
G1 X97.512 Y111.283 E4.51483
G1 X96.993 Y110.607 E4.54829
G1 X96.482 Y109.791 E4.58609
G1 X96.142 Y109.133 E4.61517
G1 X95.677 Y107.937 E4.66555
G1 X95.457 Y107.114 E4.699
G1 X95.357 Y106.591 E4.71991
G1 X95.262 Y105.852 E4.74917
G1 X95.225 Y105 E4.78265
G1 X95.262 Y104.148 E4.81613
G1 X95.374 Y103.303 E4.8496
G1 X95.558 Y102.47 E4.8831
G1 X95.814 Y101.659 E4.91649
G1 X96.331 Y100.485 E4.96686
G1 X96.817 Y99.656 E5.00459
G1 X97.244 Y99.051 E5.03367
G1 X98.09 Y98.087 E5.08403
G1 X98.717 Y97.512 E5.11743
G1 X99.393 Y96.993 E5.15089
G1 X100.209 Y96.482 E5.18869
G1 X100.868 Y96.141 E5.21782
G1 X101.761 Y95.779 E5.25565
G1 X102.47 Y95.558 E5.28481
G1 X103.303 Y95.374 E5.31831
G1 X104.148 Y95.262 E5.35178
G1 X105.11 Y95.228 E5.38958
G1 X105.85 Y95.262 E5.41867
G1 X107.118 Y95.457 E5.46904
G1 X107.939 Y95.678 E5.50242
G1 X108.741 Y95.969 E5.53592
G1 X109.513 Y96.329 E5.56937
G1 X110.344 Y96.817 E5.60721
G1 X110.949 Y97.244 E5.63629
G1 X111.913 Y98.09 E5.68665
G1 X112.488 Y98.717 E5.72005
G1 X113.006 Y99.392 E5.75346
G1 X113.671 Y100.489 E5.80383
G1 X114.031 Y101.259 E5.8372
G1 X114.322 Y102.061 E5.8707
G1 X114.543 Y102.884 E5.90416
G1 X114.691 Y103.722 E5.93757
G1 X114.768 Y105.147 E5.9936
G1 X114.738 Y105.85 E6.02123
G1 X114.543 Y107.118 E6.0716
G1 X114.322 Y107.939 E6.10498
G1 X114.031 Y108.741 E6.13848
G1 X113.67 Y109.514 E6.17198
G1 X113.244 Y110.252 E6.20544
G1 X112.755 Y110.951 E6.23894
G1 X112.208 Y111.602 E6.27233
G1 X111.281 Y112.489 E6.32271
G1 X110.607 Y113.007 E6.35609
G1 X109.889 Y113.464 E6.38951
G1 X108.739 Y114.031 E6.43985
G1 X107.939 Y114.322 E6.47328
G1 X107.116 Y114.543 E6.50674
G1 X106.276 Y114.691 E6.54023
G1 X105.426 Y114.766 E6.57373
G1 X104.574 Y114.766 E6.60718
G1 X103.724 Y114.691 E6.64068
G1 X102.884 Y114.543 E6.67417
G1 X102.061 Y114.322 E6.70763
G1 X101.261 Y114.031 E6.74106
G1 X100.111 Y113.464 E6.7914
G1 X99.393 Y113.007 E6.82482
G1 X98.717 Y112.488 E6.85828
G1 X98.088 Y111.912 E6.89177
G1 X97.556 Y111.331 E6.9227
G1 X97.309 Y111.017 F7800
;LAYER_CHANGE
;Z:12.95
;HEIGHT:0.2
G92 E0
G1 Z12.95 F7800
G1 X99.721 Y104.792
;TYPE:Perimeter
G1 F884.349
G1 X99.782 Y104.146 E.02548
G1 X100.055 Y103.129 E.06683
G1 X100.59 Y102.085 E.11289
G1 X101.043 Y101.495 E.1421
G1 X101.667 Y100.903 E.17587
G1 X101.872 Y100.741 E.18613
G1 X102.667 Y100.259 E.22263
G1 X103.745 Y99.867 E.26767
G1 X104.604 Y99.736 E.30179
G1 X104.954 Y99.72 E.31555
G1 X105.811 Y99.778 E.34928
G1 X106.665 Y99.987 E.3838
G1 X107.263 Y100.239 E.40928
G1 X107.761 Y100.495 E.43127
G1 X108.49 Y101.032 E.46682
G1 X109.157 Y101.735 E.50487
G1 X109.739 Y102.663 E.54788
G1 X110.034 Y103.455 E.58106
G1 X110.179 Y103.943 E.60105
G1 X110.276 Y104.681 E.63028
G1 X110.222 Y105.808 E.67458
G1 X110.013 Y106.665 E.70922
G1 X109.648 Y107.51 E.74536
G1 X109.153 Y108.238 E.77993
G1 X108.834 Y108.639 E.80005
G1 X108.265 Y109.157 E.83026
G1 X107.602 Y109.579 E.86112
G1 X107.132 Y109.835 E.88213
G1 X106.252 Y110.134 E.91862
G1 X105.668 Y110.23 E.94186
G1 X105.142 Y110.284 E.96262
G1 X104.398 Y110.252 E.99186
G1 X103.578 Y110.071 E1.02483
G1 X103.09 Y109.927 E1.04481
G1 X102.409 Y109.607 E1.07435
G1 X101.516 Y108.972 E1.11737
G1 X100.993 Y108.45 E1.14638
G1 X100.397 Y107.603 E1.18705
G1 X100.064 Y106.891 E1.21791
G1 X99.845 Y106.081 E1.25086
G1 X99.746 Y105.55 E1.27207
G1 X99.718 Y104.852 E1.2995
G1 X100.125 Y104.801 F7800
G1 F884.349
G1 X100.187 Y104.191 E1.32357
G1 X100.396 Y103.381 E1.35642
G1 X100.913 Y102.333 E1.4023
G1 X101.366 Y101.742 E1.43154
G1 X101.942 Y101.203 E1.46251
G1 X102.965 Y100.563 E1.50989
G1 X103.876 Y100.253 E1.54767
G1 X104.656 Y100.14 E1.57862
G1 X105.432 Y100.16 E1.6091
G1 X105.99 Y100.228 E1.63117
G1 X106.619 Y100.396 E1.65673
G1 X107.52 Y100.822 E1.69586
G1 X108.248 Y101.359 E1.73138
G1 X108.856 Y102.009 E1.76633
G1 X109.391 Y102.874 E1.80627
G1 X109.649 Y103.586 E1.83601
G1 X109.776 Y103.996 E1.85286
G1 X109.873 Y104.734 E1.88209
G1 X109.816 Y105.782 E1.9233
G1 X109.62 Y106.559 E1.95476
G1 X109.279 Y107.338 E1.98815
G1 X108.825 Y107.997 E2.01957
G1 X108.56 Y108.337 E2.0365
G1 X107.991 Y108.856 E2.06674
G1 X107.392 Y109.23 E2.09447
G1 X107.001 Y109.45 E2.11209
G1 X106.121 Y109.748 E2.14857
G1 X105.615 Y109.827 E2.16868
G1 X105.102 Y109.875 E2.18891
G1 X104.416 Y109.845 E2.21587
G1 X103.675 Y109.676 E2.24571
G1 X103.264 Y109.559 E2.26249
G1 X102.582 Y109.238 E2.29209
G1 X101.757 Y108.645 E2.33198
G1 X101.287 Y108.168 E2.35827
G1 X100.801 Y107.486 E2.39115
G1 X100.433 Y106.719 E2.42455
G1 X100.241 Y105.984 E2.45438
G1 X100.153 Y105.534 E2.47238
G1 X100.126 Y104.861 E2.49883
G1 X100.531 Y104.81 F7800
;TYPE:External perimeter
G1 F884.349
G1 X100.531 Y104.796 E2.49938
G1 X100.591 Y104.236 E2.52149
G1 X100.79 Y103.486 E2.55196
G1 X101.236 Y102.581 E2.59158
G1 X101.689 Y101.99 E2.62082
G1 X102.217 Y101.503 E2.64902
G1 X103.118 Y100.94 E2.69074
G1 X104.007 Y100.638 E2.72761
G1 X104.708 Y100.544 E2.75538
G1 X105.405 Y100.566 E2.78276
G1 X105.884 Y100.621 E2.80169
G1 X106.514 Y100.79 E2.8273
G1 X107.244 Y101.13 E2.85892
G1 X108.001 Y101.683 E2.89573
G1 X108.554 Y102.283 E2.92777
G1 X109.042 Y103.084 E2.9646
G1 X109.372 Y104.049 E3.00464
G1 X109.469 Y104.787 E3.03387
G1 X109.41 Y105.755 E3.07195
G1 X109.226 Y106.454 E3.10033
G1 X108.91 Y107.166 E3.13092
G1 X108.286 Y108.036 E3.17296
G1 X107.717 Y108.554 E3.20317
G1 X106.87 Y109.064 E3.24199
G1 X105.99 Y109.363 E3.27848
G1 X105.228 Y109.467 E3.30868
G1 X104.495 Y109.441 E3.33748
G1 X103.437 Y109.191 E3.38017
G1 X102.756 Y108.87 E3.40973
G1 X101.999 Y108.317 E3.44654
G1 X101.581 Y107.887 E3.47009
G1 X101.134 Y107.252 E3.50058
G1 X100.802 Y106.547 E3.53118
G1 X100.56 Y105.518 E3.57269
G1 X100.534 Y104.87 E3.59815
G1 X100.567 Y104.471 F7800
G92 E0
G1 X98.123 Y110.741
;TYPE:Perimeter
G1 F884.349
G1 X97.662 Y110.142 E.02968
G1 X97.198 Y109.403 E.06394
G1 X96.885 Y108.797 E.09072
G1 X96.452 Y107.684 E.13761
G1 X96.268 Y106.997 E.16554
G1 X96.165 Y106.481 E.1862
G1 X96.074 Y105.782 E.21388
G1 X96.04 Y105 E.24461
G1 X96.074 Y104.219 E.2753
G1 X96.176 Y103.444 E.30599
G1 X96.345 Y102.681 E.33667
G1 X96.577 Y101.946 E.36693
G1 X97.057 Y100.856 E.41369
G1 X97.492 Y100.113 E.4475
G1 X97.885 Y99.556 E.47427
G1 X98.673 Y98.657 E.52121
G1 X99.241 Y98.136 E.55147
G1 X99.858 Y97.662 E.58202
G1 X100.597 Y97.198 E.61628
G1 X101.21 Y96.881 E.64338
G1 X102.018 Y96.552 E.67763
G1 X102.68 Y96.346 E.70485
G1 X103.444 Y96.176 E.73558
G1 X104.216 Y96.075 E.76615
G1 X105.087 Y96.042 E.80037
G1 X105.769 Y96.074 E.82718
G1 X106.95 Y96.255 E.87409
G1 X107.694 Y96.455 E.90434
G1 X108.373 Y96.702 E.93271
G1 X108.854 Y96.913 E.95333
G1 X109.479 Y97.24 E.98103
G1 X110.139 Y97.661 E1.01177
G1 X110.759 Y98.136 E1.04244
G1 X111.328 Y98.657 E1.07273
G1 X112.115 Y99.555 E1.11961
G1 X112.557 Y100.186 E1.14986
G1 X112.947 Y100.863 E1.18054
G1 X113.278 Y101.571 E1.21123
G1 X113.545 Y102.306 E1.24193
G1 X113.695 Y102.863 E1.26458
G1 X113.805 Y103.385 E1.28553
G1 X113.888 Y103.92 E1.30679
G1 X113.959 Y105 E1.34929
G1 X113.881 Y106.18 E1.39572
G1 X113.747 Y106.939 E1.42598
G1 X113.545 Y107.694 E1.45667
G1 X113.278 Y108.429 E1.48737
G1 X112.947 Y109.137 E1.51806
G1 X112.557 Y109.814 E1.54874
G1 X112.108 Y110.454 E1.57944
G1 X111.613 Y111.045 E1.60971
G1 X110.75 Y111.87 E1.65659
G1 X110.139 Y112.339 E1.68683
G1 X109.48 Y112.759 E1.71751
G1 X108.796 Y113.115 E1.74779
G1 X107.684 Y113.548 E1.79465
G1 X106.939 Y113.747 E1.82493
G1 X106.229 Y113.873 E1.85324
G1 X105.706 Y113.931 E1.8739
G1 X105.001 Y113.96 E1.9016
G1 X104.219 Y113.926 E1.93233
G1 X103.444 Y113.824 E1.96302
G1 X102.74 Y113.668 E1.99133
G1 X102.234 Y113.521 E2.01202
G1 X101.583 Y113.282 E2.03925
G1 X100.511 Y112.753 E2.08619
G1 X99.861 Y112.339 E2.11645
G1 X99.241 Y111.864 E2.14712
G1 X98.664 Y111.336 E2.17783
G1 X98.162 Y110.787 E2.20704
G1 X97.816 Y111.01 F7800
G1 F884.349
G1 X97.328 Y110.374 E2.23852
G1 X96.845 Y109.605 E2.27418
G1 X96.514 Y108.965 E2.30247
G1 X96.065 Y107.81 E2.35113
G1 X95.875 Y107.103 E2.37988
G1 X95.762 Y106.546 E2.4022
G1 X95.668 Y105.817 E2.43106
G1 X95.633 Y105 E2.46317
G1 X95.668 Y104.184 E2.49524
G1 X95.775 Y103.373 E2.52736
G1 X95.952 Y102.576 E2.55942
G1 X96.196 Y101.802 E2.59129
G1 X96.694 Y100.671 E2.63981
G1 X97.149 Y99.893 E2.6752
G1 X97.564 Y99.303 E2.70352
G1 X98.381 Y98.372 E2.75215
G1 X98.979 Y97.824 E2.784
G1 X99.626 Y97.328 E2.81601
G1 X100.395 Y96.845 E2.85167
G1 X101.039 Y96.511 E2.88015
G1 X101.881 Y96.169 E2.91583
G1 X102.575 Y95.952 E2.94438
G1 X103.373 Y95.775 E2.97647
G1 X104.182 Y95.669 E3.00851
G1 X105.089 Y95.635 E3.04415
G1 X105.809 Y95.668 E3.07245
G1 X107.034 Y95.856 E3.12111
G1 X107.817 Y96.066 E3.15294
G1 X108.512 Y96.319 E3.18198
G1 X109.032 Y96.546 E3.20426
G1 X109.683 Y96.887 E3.23312
G1 X110.373 Y97.327 E3.26525
G1 X111.021 Y97.824 E3.29732
G1 X111.619 Y98.372 E3.32917
G1 X112.435 Y99.303 E3.37778
G1 X112.9 Y99.967 E3.40961
G1 X113.309 Y100.675 E3.44171
G1 X113.654 Y101.415 E3.47377
G1 X113.934 Y102.183 E3.50587
G1 X114.088 Y102.758 E3.52924
G1 X114.205 Y103.314 E3.55155
G1 X114.294 Y103.894 E3.57459
G1 X114.367 Y105 E3.61811
G1 X114.286 Y106.229 E3.66647
G1 X114.145 Y107.027 E3.69829
G1 X113.934 Y107.817 E3.7304
G1 X113.654 Y108.585 E3.7625
G1 X113.309 Y109.325 E3.79456
G1 X112.9 Y110.033 E3.82666
G1 X112.432 Y110.702 E3.85872
G1 X111.91 Y111.324 E3.8906
G1 X111.016 Y112.18 E3.9392
G1 X110.373 Y112.673 E3.97101
G1 X109.684 Y113.112 E4.00309
G1 X108.965 Y113.487 E4.03493
G1 X107.81 Y113.936 E4.08359
G1 X107.027 Y114.145 E4.11541
G1 X106.299 Y114.274 E4.14444
G1 X105.735 Y114.337 E4.16672
G1 X105.001 Y114.367 E4.19556
G1 X104.184 Y114.332 E4.22767
G1 X103.373 Y114.225 E4.25979
G1 X102.652 Y114.065 E4.28879
G1 X102.105 Y113.908 E4.31113
G1 X101.422 Y113.657 E4.3397
G1 X100.311 Y113.109 E4.38834
G1 X99.627 Y112.673 E4.42019
G1 X98.979 Y112.176 E4.45226
G1 X98.376 Y111.624 E4.48436
G1 X97.855 Y111.055 E4.51465
G1 X97.509 Y111.279 F7800
;TYPE:External perimeter
G1 F884.349
G1 X96.993 Y110.607 E4.54792
G1 X96.491 Y109.808 E4.58497
G1 X96.142 Y109.133 E4.61481
G1 X95.677 Y107.937 E4.66519
G1 X95.456 Y107.114 E4.69865
G1 X95.36 Y106.61 E4.7188
G1 X95.262 Y105.852 E4.74881
G1 X95.225 Y105 E4.78229
G1 X95.262 Y104.148 E4.81577
G1 X95.374 Y103.303 E4.84924
G1 X95.558 Y102.47 E4.88274
G1 X95.814 Y101.659 E4.91613
G1 X96.33 Y100.485 E4.96648
G1 X96.807 Y99.672 E5.00349
G1 X97.244 Y99.051 E5.03331
G1 X98.09 Y98.087 E5.08367
G1 X98.717 Y97.512 E5.11707
G1 X99.393 Y96.993 E5.15053
G1 X100.192 Y96.491 E5.18758
G1 X100.868 Y96.141 E5.21747
G1 X101.743 Y95.785 E5.25456
G1 X102.47 Y95.558 E5.28446
G1 X103.303 Y95.374 E5.31796
G1 X104.147 Y95.263 E5.35138
M73 Q91 S3
G1 X105.091 Y95.227 E5.38847
G1 X105.85 Y95.262 E5.4183
M73 P91 R3
G1 X107.118 Y95.457 E5.46867
G1 X107.939 Y95.678 E5.50205
G1 X108.742 Y95.97 E5.5356
G1 X109.21 Y96.18 E5.55574
G1 X109.887 Y96.535 E5.58576
G1 X110.607 Y96.993 E5.61927
G1 X111.283 Y97.512 E5.65273
G1 X111.91 Y98.087 E5.68613
G1 X112.756 Y99.051 E5.73649
G1 X113.244 Y99.748 E5.7699
G1 X113.67 Y100.486 E5.80336
G1 X114.031 Y101.259 E5.83686
G1 X114.322 Y102.061 E5.87036
G1 X114.481 Y102.652 E5.89439
G1 X114.606 Y103.243 E5.91811
G1 X114.7 Y103.867 E5.94289
G1 X114.775 Y105 E5.98747
G1 X114.691 Y106.278 E6.03776
G1 X114.543 Y107.116 E6.07117
G1 X114.322 Y107.939 E6.10463
G1 X114.031 Y108.741 E6.13813
G1 X113.67 Y109.513 E6.17159
G1 X113.244 Y110.252 E6.20508
G1 X112.755 Y110.951 E6.23858
G1 X112.208 Y111.602 E6.27197
G1 X111.281 Y112.489 E6.32235
G1 X110.607 Y113.007 E6.35573
G1 X109.887 Y113.465 E6.38924
G1 X109.133 Y113.858 E6.42263
G1 X107.937 Y114.323 E6.47301
G1 X107.116 Y114.543 E6.50638
G1 X106.274 Y114.691 E6.53995
G1 X105.764 Y114.743 E6.56008
G1 X105 Y114.775 E6.5901
G1 X104.148 Y114.738 E6.62358
G1 X103.303 Y114.626 E6.65705
G1 X102.469 Y114.441 E6.69059
G1 X101.977 Y114.294 E6.71075
G1 X101.261 Y114.032 E6.74069
G1 X100.111 Y113.464 E6.79105
G1 X99.393 Y113.007 E6.82447
G1 X98.717 Y112.488 E6.85793
G1 X98.088 Y111.912 E6.89142
G1 X97.549 Y111.324 E6.92274
G1 X97.302 Y111.009 F7800
G1 X98.311 Y110.485
;TYPE:Internal infill
;WIDTH:0.45
;HEIGHT:0.4
G1 F494.289
G1 X98.881 Y111.119 E6.98263
G1 X99.437 Y111.63 E7.03568
G1 X100.103 Y112.132 E7.09427
G1 X100.478 Y111.552 E7.14279
G1 X100.615 Y110.896 E7.18987
G1 X100.555 Y110.569 E7.21323
G1 X100.3 Y110.241 E7.24242
G1 X99.463 Y109.586 E7.31708
G1 X99.039 Y108.931 E7.37189
G1 X98.903 Y108.276 E7.41888
G1 X98.962 Y107.948 E7.44229
G1 X99.218 Y107.621 E7.47146
G1 X99.842 Y107.132 E7.52715
G1 X99.474 Y105.848 E7.62098
G1 X99.412 Y104.731 E7.69957
G1 X99.455 Y104.333 E7.72769
G1 X99.039 Y103.69 E7.78149
G1 X98.903 Y103.035 E7.82848
G1 X98.962 Y102.707 E7.85189
G1 X99.218 Y102.379 E7.88112
G1 X100.055 Y101.724 E7.95578
G1 X100.478 Y101.069 E8.01055
G1 X100.615 Y100.414 E8.05756
G1 X100.555 Y100.086 E8.08098
G1 X100.3 Y99.759 E8.11011
G1 X99.463 Y99.104 E8.18477
G1 X99.155 Y98.629 E8.22454
G1 X98.125 Y99.745 E8.33123
G1 X97.558 Y100.606 E8.40365
G1 X97.858 Y101.069 E8.44241
G1 X97.994 Y101.724 E8.4894
G1 X97.935 Y102.052 E8.51281
G1 X97.679 Y102.379 E8.54198
G1 X96.842 Y103.035 E8.61669
G1 X96.46 Y103.624 E8.66601
G1 X96.359 Y104.695 E8.74158
G1 X96.597 Y105 E8.76876
G1 X97.434 Y105.655 E8.84342
G1 X97.858 Y106.31 E8.89823
G1 X97.994 Y106.965 E8.94522
G1 X97.935 Y107.293 E8.96863
G1 X97.679 Y107.621 E8.99786
G1 X96.971 Y108.175 E9.06101
G1 X96.549 Y106.865 E9.15769
G1 X96.386 Y105.814 E9.2324
G92 E0
G1 X100.488 Y101.729 F7800
G1 F494.289
G1 X100.857 Y101.24 E.04304
G1 X101.595 Y100.56 E.11354
G1 X102.289 Y100.111 E.17161
G1 X101.838 Y99.759 E.2118
G1 X101.583 Y99.431 E.24099
G1 X101.524 Y99.104 E.26433
G1 X101.66 Y98.448 E.31139
G1 X102.083 Y97.793 E.36616
G1 X102.92 Y97.138 E.44082
G1 X103.176 Y96.81 E.47005
G1 X103.225 Y96.538 E.48947
G1 X104.241 Y96.379 E.56171
G1 X105.375 Y96.361 E.64138
G1 X105.296 Y96.483 E.65159
G1 X104.459 Y97.138 E.72625
G1 X104.203 Y97.466 E.75548
G1 X104.144 Y97.793 E.77882
G1 X104.28 Y98.448 E.82581
G1 X104.704 Y99.104 E.88068
G1 X105.115 Y99.425 E.91732
G1 X104.675 Y99.419 E.94823
G1 X103.788 Y99.538 E1.0111
G1 X102.742 Y99.893 E1.0887
G92 E0
G1 X109.22 Y101.357 F7800
G1 F494.289
G1 X108.759 Y100.856 E.04783
G1 X107.866 Y100.196 E.12584
G1 X107.279 Y99.915 E.17156
G1 X107.08 Y99.759 E.18932
G1 X106.824 Y99.431 E.21855
G1 X106.765 Y99.104 E.24189
G1 X106.901 Y98.448 E.28895
G1 X107.325 Y97.793 E.34376
G1 X108.162 Y97.138 E.41842
G1 X108.276 Y96.991 E.43149
G1 X109.425 Y97.576 E.52207
G1 X109.385 Y97.793 E.53757
G1 X109.522 Y98.448 E.58458
G1 X109.945 Y99.104 E.63941
G1 X110.782 Y99.759 E.71407
G1 X111.038 Y100.086 E.74324
G1 X111.097 Y100.414 E.76665
G1 X110.961 Y101.069 E.81364
G1 X110.537 Y101.724 E.86845
G1 X109.847 Y102.265 E.93004
G1 X110.071 Y102.636 E.96048
G1 X110.449 Y103.736 E1.04219
G1 X110.581 Y104.843 E1.12051
G1 X110.782 Y105 E1.13843
G1 X111.038 Y105.328 E1.16766
G1 X111.097 Y105.655 E1.191
G1 X110.961 Y106.31 E1.23799
G1 X110.537 Y106.965 E1.2928
G1 X110.058 Y107.34 E1.33553
G1 X109.829 Y107.825 E1.37321
G1 X109.41 Y108.395 E1.42291
G1 X109.522 Y108.931 E1.46138
G1 X109.945 Y109.586 E1.51615
G1 X110.782 Y110.241 E1.59081
G1 X111.038 Y110.569 E1.62004
G1 X111.097 Y110.896 E1.64338
G1 X111.04 Y111.17 E1.66304
G1 X111.39 Y110.836 E1.69703
G1 X112.091 Y109.947 E1.77656
G1 X112.006 Y109.586 E1.80261
G1 X112.142 Y108.931 E1.8496
G1 X112.566 Y108.276 E1.90441
G1 X113.185 Y107.791 E1.95965
G1 X113.445 Y106.887 E2.02573
G1 X113.543 Y106.251 E2.07094
G1 X113.158 Y105.655 E2.12078
G1 X112.321 Y105 E2.19544
G1 X112.065 Y104.672 E2.22467
G1 X112.006 Y104.345 E2.24801
G1 X112.142 Y103.69 E2.295
G1 X112.566 Y103.035 E2.34981
G1 X113.276 Y102.479 E2.41316
G1 X112.995 Y101.688 E2.47213
G1 X112.683 Y101.017 E2.52411
G1 X112.235 Y100.28 E2.5847
G92 E0
G1 X103.745 Y110.422 F7800
G1 F494.289
G1 X103.084 Y110.257 E.04786
G1 X102.177 Y109.83 E.11828
G1 X101.566 Y109.38 E.17159
G1 X101.524 Y109.586 E.18636
G1 X101.583 Y109.914 E.20977
G1 X101.838 Y110.241 E.2389
G1 X102.675 Y110.896 E.31356
G1 X103.099 Y111.552 E.36843
G1 X103.235 Y112.207 E.41542
G1 X103.176 Y112.534 E.43876
G1 X102.92 Y112.862 E.46799
G1 X102.416 Y113.257 E.51297
G1 X103.313 Y113.482 E.57794
G1 X104.163 Y113.606 E.63828
G1 X104.203 Y113.19 E.66764
G1 X104.459 Y112.862 E.69687
G1 X105.296 Y112.207 E.77153
G1 X105.72 Y111.552 E.82634
G1 X105.856 Y110.896 E.8734
G1 X105.758 Y110.519 E.90076
G1 X106.264 Y110.449 E.93664
G1 X107.043 Y110.195 E.9942
G1 X107.917 Y110.896 E1.07291
G1 X108.34 Y111.552 E1.12774
G1 X108.477 Y112.207 E1.17475
G1 X108.417 Y112.534 E1.19811
G1 X108.162 Y112.862 E1.2273
G1 X107.723 Y113.205 E1.26644
G1 X106.873 Y113.449 E1.32856
G1 X106.13 Y113.58 E1.38156
G1 X105.33 Y113.641 E1.43792
;LAYER_CHANGE
;Z:13.15
;HEIGHT:0.2
G92 E0
G1 Z13.15 F7800
G1 X99.721 Y104.792
;TYPE:Perimeter
;WIDTH:0.449999
G1 F884.349
G1 X99.782 Y104.146 E.02548
G1 X100.055 Y103.129 E.06683
G1 X100.362 Y102.474 E.09523
G1 X100.824 Y101.792 E.12757
G1 X101.163 Y101.364 E.14901
G1 X101.712 Y100.861 E.17825
G1 X102.375 Y100.436 E.20917
G1 X102.868 Y100.165 E.23126
G1 X103.748 Y99.866 E.26775
G1 X104.607 Y99.735 E.30187
G1 X104.939 Y99.719 E.31492
G1 X105.81 Y99.778 E.3492
G1 X106.665 Y99.987 E.38376
G1 X107.25 Y100.232 E.40866
G1 X107.7 Y100.453 E.42834
G1 X108.485 Y101.028 E.46655
G1 X109.092 Y101.664 E.50107
G1 X109.272 Y101.89 E.51241
G1 X109.742 Y102.669 E.54813
G1 X110.034 Y103.455 E.58105
G1 X110.179 Y103.943 E.60104
G1 X110.276 Y104.681 E.63027
G1 X110.222 Y105.808 E.67457
G1 X110.013 Y106.665 E.70921
G1 X109.652 Y107.467 E.74374
G1 X109.41 Y107.915 E.76373
G1 X108.957 Y108.505 E.79294
G1 X108.313 Y109.113 E.82772
G1 X107.7 Y109.546 E.85719
G1 X106.891 Y109.936 E.89245
G1 X106.21 Y110.147 E.92044
G1 X105.666 Y110.231 E.94205
G1 X105.142 Y110.284 E.96273
G1 X104.398 Y110.252 E.99197
G1 X103.297 Y110.002 E1.0363
G1 X102.414 Y109.61 E1.07423
G1 X101.515 Y108.972 E1.11751
G1 X100.993 Y108.45 E1.1465
G1 X100.442 Y107.683 E1.18358
G1 X100.081 Y106.923 E1.21662
G1 X99.85 Y106.104 E1.25003
G1 X99.748 Y105.599 E1.27026
G1 X99.718 Y104.852 E1.29961
G1 X100.126 Y104.801 F7800
G1 F884.349
G1 X100.186 Y104.191 E1.32368
G1 X100.396 Y103.381 E1.35654
G1 X100.73 Y102.647 E1.3882
G1 X101.152 Y102.034 E1.41742
G1 X101.507 Y101.601 E1.43941
G1 X101.987 Y101.161 E1.46498
G1 X102.586 Y100.784 E1.49277
G1 X102.999 Y100.55 E1.51141
G1 X103.879 Y100.252 E1.54789
G1 X104.659 Y100.139 E1.57884
G1 X105.434 Y100.161 E1.60928
G1 X105.99 Y100.228 E1.63127
G1 X106.619 Y100.396 E1.65683
G1 X107.515 Y100.82 E1.69575
G1 X108.248 Y101.359 E1.73147
G1 X108.791 Y101.938 E1.76264
G1 X109.394 Y102.879 E1.80652
G1 X109.649 Y103.586 E1.83603
G1 X109.776 Y103.996 E1.85288
G1 X109.873 Y104.734 E1.88211
G1 X109.816 Y105.779 E1.9232
G1 X109.62 Y106.559 E1.95478
G1 X109.287 Y107.287 E1.98621
G1 X109.087 Y107.667 E2.00307
G1 X108.634 Y108.257 E2.03228
G1 X108.039 Y108.812 E2.06423
G1 X107.474 Y109.207 E2.0913
G1 X106.719 Y109.567 E2.12414
G1 X106.096 Y109.756 E2.1497
G1 X105.298 Y109.869 E2.18135
G1 X104.478 Y109.848 E2.21356
G1 X103.394 Y109.607 E2.25716
G1 X102.587 Y109.241 E2.29195
G1 X101.756 Y108.644 E2.33213
G1 X101.287 Y108.168 E2.35837
G1 X100.801 Y107.486 E2.39125
G1 X100.45 Y106.752 E2.4232
G1 X100.246 Y106.008 E2.45349
G1 X100.155 Y105.582 E2.47059
G1 X100.125 Y104.861 E2.49892
G1 X100.531 Y104.81 F7800
;TYPE:External perimeter
G1 F884.349
G1 X100.531 Y104.802 E2.49923
G1 X100.591 Y104.236 E2.52158
G1 X100.79 Y103.486 E2.55205
G1 X101.099 Y102.82 E2.58088
G1 X101.48 Y102.275 E2.60699
G1 X101.782 Y101.901 E2.62586
G1 X102.262 Y101.461 E2.65143
G1 X103.13 Y100.936 E2.69126
G1 X104.012 Y100.636 E2.72784
G1 X104.711 Y100.543 E2.75553
G1 X105.407 Y100.567 E2.78287
G1 X105.884 Y100.621 E2.80172
G1 X106.514 Y100.79 E2.82733
G1 X107.24 Y101.127 E2.85876
G1 X108.002 Y101.684 E2.89582
G1 X108.491 Y102.212 E2.92408
G1 X109.046 Y103.09 E2.96486
G1 X109.372 Y104.049 E3.00463
G1 X109.469 Y104.787 E3.03386
G1 X109.41 Y105.753 E3.07186
G1 X109.226 Y106.454 E3.10032
G1 X108.764 Y107.419 E3.14233
G1 X108.311 Y108.01 E3.17157
G1 X107.765 Y108.512 E3.20069
G1 X107.249 Y108.869 E3.22533
G1 X106.547 Y109.198 E3.25577
G1 X105.982 Y109.366 E3.27891
G1 X105.245 Y109.465 E3.30811
G1 X104.495 Y109.441 E3.33757
G1 X103.491 Y109.212 E3.378
G1 X102.76 Y108.873 E3.40964
G1 X101.998 Y108.316 E3.4467
G1 X101.581 Y107.887 E3.47019
G1 X101.134 Y107.252 E3.50068
G1 X100.82 Y106.581 E3.52977
G1 X100.562 Y105.566 E3.57089
G1 X100.533 Y104.87 E3.59824
G1 X100.567 Y104.471 F7800
G92 E0
G1 X98.123 Y110.741
M73 Q92 S3
;TYPE:Perimeter
G1 F884.349
M73 P92 R3
G1 X97.661 Y110.139 E.0298
G1 X97.246 Y109.489 E.06008
G1 X96.718 Y108.418 E.10696
G1 X96.455 Y107.694 E.13721
G1 X96.253 Y106.939 E.1679
G1 X96.119 Y106.18 E.19816
G1 X96.041 Y104.989 E.24502
G1 X96.074 Y104.219 E.27528
G1 X96.176 Y103.444 E.30597
G1 X96.345 Y102.681 E.33665
G1 X96.577 Y101.946 E.36691
G1 X97.057 Y100.856 E.41367
G1 X97.482 Y100.128 E.44677
G1 X97.885 Y99.555 E.47428
G1 X98.673 Y98.657 E.52119
G1 X99.241 Y98.136 E.55145
G1 X99.861 Y97.661 E.58212
G1 X100.511 Y97.246 E.6124
G1 X101.572 Y96.723 E.65885
G1 X102.692 Y96.343 E.70529
G1 X103.444 Y96.176 E.73554
M73 P92 R2
G1 X104.216 Y96.075 E.76611
G1 X105.069 Y96.042 E.79963
G1 X105.769 Y96.074 E.82714
G1 X106.95 Y96.255 E.87405
G1 X107.694 Y96.455 E.9043
M73 Q92 S2
G1 X108.374 Y96.702 E.93271
G1 X108.838 Y96.905 E.9526
G1 X109.479 Y97.24 E.981
G1 X110.139 Y97.661 E1.01174
G1 X110.759 Y98.136 E1.04241
G1 X111.336 Y98.664 E1.07312
G1 X111.864 Y99.241 E1.10383
G1 X112.333 Y99.852 E1.13407
G1 X112.952 Y100.873 E1.18095
G1 X113.278 Y101.571 E1.2112
G1 X113.545 Y102.306 E1.2419
G1 X113.747 Y103.061 E1.27259
G1 X113.881 Y103.82 E1.30285
G1 X113.926 Y104.509 E1.32996
G1 X113.948 Y105.448 E1.36684
G1 X113.883 Y106.168 E1.39523
G1 X113.747 Y106.939 E1.42597
G1 X113.545 Y107.694 E1.45666
G1 X113.278 Y108.429 E1.48736
G1 X112.947 Y109.137 E1.51805
G1 X112.557 Y109.814 E1.54873
G1 X112.108 Y110.454 E1.57943
G1 X111.613 Y111.045 E1.6097
G1 X110.75 Y111.87 E1.65658
G1 X110.139 Y112.339 E1.68682
G1 X109.48 Y112.759 E1.7175
G1 X108.796 Y113.115 E1.74778
G1 X107.684 Y113.548 E1.79464
G1 X106.939 Y113.747 E1.82492
G1 X106.227 Y113.873 E1.85331
G1 X105.724 Y113.93 E1.87319
G1 X105.001 Y113.96 E1.9016
G1 X104.219 Y113.926 E1.93233
G1 X103.455 Y113.825 E1.96259
G1 X102.295 Y113.541 E2.00948
G1 X101.581 Y113.282 E2.0393
G1 X100.511 Y112.753 E2.08617
G1 X99.861 Y112.339 E2.11643
G1 X99.241 Y111.864 E2.1471
G1 X98.664 Y111.336 E2.17781
G1 X98.162 Y110.787 E2.20702
G1 X97.816 Y111.01 F7800
G1 F884.349
G1 X97.327 Y110.373 E2.23855
G1 X96.891 Y109.689 E2.2704
G1 X96.343 Y108.578 E2.31904
G1 X96.066 Y107.817 E2.35084
G1 X95.855 Y107.027 E2.38295
G1 X95.714 Y106.229 E2.41477
G1 X95.633 Y104.993 E2.46341
G1 X95.668 Y104.184 E2.4952
G1 X95.775 Y103.373 E2.52732
G1 X95.952 Y102.576 E2.55938
G1 X96.196 Y101.802 E2.59125
G1 X96.694 Y100.67 E2.63981
G1 X97.139 Y99.908 E2.67446
G1 X97.564 Y99.303 E2.70349
G1 X98.381 Y98.372 E2.75212
G1 X98.979 Y97.824 E2.78397
G1 X99.627 Y97.327 E2.81604
G1 X100.311 Y96.891 E2.84789
G1 X101.416 Y96.346 E2.89627
G1 X102.582 Y95.95 E2.94462
G1 X103.373 Y95.775 E2.97643
G1 X104.182 Y95.669 E3.00847
G1 X105.07 Y95.634 E3.04336
G1 X105.809 Y95.668 E3.07241
G1 X107.034 Y95.856 E3.12107
G1 X107.817 Y96.066 E3.1529
G1 X108.514 Y96.32 E3.18203
G1 X109.016 Y96.538 E3.20352
G1 X109.683 Y96.887 E3.23308
G1 X110.373 Y97.327 E3.26521
G1 X111.021 Y97.824 E3.29728
G1 X111.624 Y98.376 E3.32938
G1 X112.176 Y98.979 E3.36148
G1 X112.669 Y99.622 E3.39329
G1 X113.312 Y100.681 E3.44194
G1 X113.654 Y101.415 E3.47374
G1 X113.934 Y102.183 E3.50584
G1 X114.145 Y102.973 E3.53795
G1 X114.286 Y103.771 E3.56977
G1 X114.333 Y104.482 E3.59775
G1 X114.354 Y105.472 E3.63663
G1 X114.287 Y106.222 E3.6662
G1 X114.145 Y107.027 E3.6983
G1 X113.934 Y107.817 E3.73041
G1 X113.654 Y108.585 E3.76251
G1 X113.309 Y109.325 E3.79457
G1 X112.9 Y110.033 E3.82667
G1 X112.432 Y110.702 E3.85873
G1 X111.91 Y111.324 E3.89061
G1 X111.016 Y112.18 E3.93921
G1 X110.373 Y112.673 E3.97102
G1 X109.684 Y113.112 E4.0031
G1 X108.965 Y113.487 E4.03494
G1 X107.81 Y113.936 E4.0836
G1 X107.027 Y114.145 E4.11542
G1 X106.297 Y114.274 E4.14453
G1 X105.753 Y114.336 E4.16603
G1 X105.001 Y114.367 E4.19558
G1 X104.184 Y114.332 E4.22769
G1 X103.38 Y114.226 E4.25953
G1 X102.177 Y113.931 E4.30816
G1 X101.421 Y113.656 E4.33975
G1 X100.311 Y113.109 E4.38834
G1 X99.627 Y112.673 E4.42019
G1 X98.979 Y112.176 E4.45226
G1 X98.376 Y111.624 E4.48436
G1 X97.855 Y111.055 E4.51465
G1 X97.509 Y111.279 F7800
;TYPE:External perimeter
G1 F884.349
G1 X96.993 Y110.607 E4.54792
G1 X96.536 Y109.889 E4.58134
G1 X95.969 Y108.739 E4.63168
G1 X95.678 Y107.939 E4.66511
G1 X95.457 Y107.116 E4.69857
G1 X95.309 Y106.278 E4.73198
G1 X95.225 Y104.998 E4.78235
G1 X95.262 Y104.148 E4.81576
G1 X95.374 Y103.303 E4.84923
G1 X95.558 Y102.47 E4.88273
G1 X95.814 Y101.659 E4.91612
G1 X96.331 Y100.485 E4.96649
G1 X96.796 Y99.688 E5.00272
G1 X97.244 Y99.051 E5.0333
G1 X98.09 Y98.087 E5.08366
G1 X98.717 Y97.512 E5.11706
G1 X99.393 Y96.993 E5.15052
G1 X100.111 Y96.536 E5.18394
G1 X101.26 Y95.969 E5.23425
G1 X102.472 Y95.558 E5.2845
G1 X103.303 Y95.374 E5.31792
G1 X104.148 Y95.262 E5.35139
G1 X105.072 Y95.227 E5.3877
G1 X105.85 Y95.262 E5.41828
G1 X107.118 Y95.457 E5.46865
G1 X107.939 Y95.678 E5.50203
G1 X108.653 Y95.937 E5.53185
G1 X109.193 Y96.172 E5.55497
G1 X109.887 Y96.535 E5.58572
G1 X110.607 Y96.993 E5.61923
G1 X111.283 Y97.512 E5.65269
G1 X111.912 Y98.088 E5.68618
G1 X112.488 Y98.717 E5.71967
G1 X113.006 Y99.392 E5.75308
G1 X113.671 Y100.489 E5.80345
G1 X114.031 Y101.259 E5.83682
G1 X114.322 Y102.061 E5.87032
G1 X114.543 Y102.884 E5.90378
G1 X114.691 Y103.722 E5.93719
G1 X114.739 Y104.455 E5.96603
G1 X114.761 Y105.496 E6.00691
G1 X114.691 Y106.276 E6.03766
G1 X114.543 Y107.116 E6.07115
G1 X114.322 Y107.939 E6.10461
G1 X114.031 Y108.741 E6.13811
G1 X113.67 Y109.514 E6.17161
G1 X113.244 Y110.252 E6.20507
G1 X112.755 Y110.951 E6.23857
G1 X112.208 Y111.602 E6.27196
G1 X111.281 Y112.489 E6.32234
G1 X110.607 Y113.007 E6.35572
G1 X109.887 Y113.465 E6.38923
G1 X109.133 Y113.858 E6.42262
G1 X107.937 Y114.323 E6.473
G1 X107.116 Y114.543 E6.50637
G1 X106.368 Y114.675 E6.53619
G1 X105.783 Y114.742 E6.55931
G1 X105 Y114.775 E6.59008
G1 X104.148 Y114.738 E6.62356
G1 X103.305 Y114.627 E6.65695
G1 X102.059 Y114.322 E6.70732
G1 X101.261 Y114.031 E6.74067
G1 X100.111 Y113.464 E6.79101
G1 X99.393 Y113.007 E6.82443
G1 X98.717 Y112.488 E6.85789
G1 X98.088 Y111.912 E6.89138
G1 X97.549 Y111.324 E6.9227
G1 X97.302 Y111.009 F7800
G92 E0
G1 X99.149 Y106.225
;TYPE:Internal infill
;WIDTH:0.45
G1 F884.348
G1 X99.037 Y105.652 E.02292
G1 X99.011 Y104.661 E.06184
G1 X99.135 Y103.805 E.0958
G1 X99.084 Y103.69 E.10074
G1 X99.077 Y103.035 E.12646
G1 X99.214 Y102.707 E.14042
G1 X99.745 Y102.124 E.17138
G1 X100.433 Y101.069 E.22083
G1 X100.44 Y100.414 E.24655
G1 X100.304 Y100.086 E.26049
G1 X99.336 Y99.015 E.31717
G1 X98.446 Y99.996 E.36918
G1 X97.788 Y101.014 E.41677
G1 X97.819 Y101.724 E.44467
G1 X97.683 Y102.052 E.45861
G1 X97.085 Y102.701 E.49326
G1 X96.879 Y103.568 E.52825
G1 X96.759 Y104.867 E.57947
G1 X97.521 Y105.655 E.62251
G1 X97.813 Y106.31 E.65067
G1 X97.819 Y106.965 E.67639
G1 X97.683 Y107.293 E.69033
G1 X97.245 Y107.781 E.71608
G1 X97.375 Y108.138 E.731
G1 X97.868 Y109.139 E.77481
G1 X98.683 Y110.301 E.83054
G1 X99.699 Y111.317 E.88696
G1 X100.327 Y111.791 E.91785
G1 X100.433 Y111.552 E.92812
G1 X100.44 Y110.896 E.95388
G1 X100.304 Y110.569 E.96779
G1 X99.376 Y109.586 E1.02087
G1 X99.084 Y108.931 E1.04903
G1 X99.077 Y108.276 E1.07475
G1 X99.214 Y107.948 E1.08871
G1 X99.58 Y107.532 E1.11047
G1 X99.761 Y107.927 E1.12753
G1 X100.361 Y108.809 E1.16941
G1 X100.951 Y109.432 E1.2031
G1 X102.13 Y110.258 E1.25962
G1 X102.762 Y110.896 E1.29488
G1 X103.054 Y111.552 E1.32307
G1 X103.061 Y112.207 E1.34879
G1 X102.924 Y112.534 E1.36271
G1 X102.619 Y112.889 E1.38109
G1 X103.571 Y113.122 E1.41957
G1 X104.441 Y113.222 E1.45396
G1 X105.383 Y112.207 E1.50833
G1 X105.675 Y111.552 E1.53649
G1 X105.681 Y110.941 E1.56048
G1 X106.39 Y110.837 E1.58862
G1 X107.533 Y110.422 E1.63637
G1 X108.003 Y110.896 E1.66258
G1 X108.295 Y111.552 E1.69077
G1 X108.302 Y112.207 E1.71649
G1 X108.166 Y112.534 E1.7304
G1 X108.087 Y112.627 E1.73519
G1 X107.462 Y112.87 E1.76152
G1 X106.785 Y113.051 E1.78904
G1 X105.727 Y113.213 E1.83107
G92 E0
G1 X111.382 Y110.844 F7800
;TYPE:Solid infill
;WIDTH:0.450028
G1 F884.286
G1 X110.551 Y111.638 E.04513
G1 X109.956 Y112.094 E.07457
G1 X109.319 Y112.499 E.10421
G1 X108.66 Y112.841 E.13336
G1 X107.588 Y113.258 E.17853
G1 X106.864 Y113.451 E.20795
;WIDTH:0.466738
G1 F849.421
G1 X106.079 Y113.577 E.24045
G1 X105.545 Y113.632 E.26239
;WIDTH:0.450038
G1 F884.264
G1 X104.993 Y113.645 E.28407
G1 X104.231 Y113.619 E.31401
G1 X103.487 Y113.519 E.34349
G1 X102.486 Y113.274 E.38396
G1 X101.941 Y113.087 E.40659
G1 X101.346 Y112.825 E.43212
G1 X100.654 Y112.477 E.46254
;WIDTH:0.439938
G1 F906.76
G1 X100.034 Y112.077 E.49079
;WIDTH:0.450024
G1 F884.295
G1 X99.426 Y111.62 E.52066
G1 X98.875 Y111.113 E.55006
G1 X98.365 Y110.556 E.57971
G1 X97.906 Y109.956 E.60937
G1 X97.508 Y109.329 E.63853
G1 X97 Y108.298 E.68366
G1 X96.744 Y107.594 E.71307
G1 X96.549 Y106.86 E.74289
;WIDTH:0.448226
G1 F888.218
G1 X96.386 Y105.728 E.7876
;WIDTH:0.450038
G1 F884.264
G1 X96.346 Y104.986 E.81678
G1 X96.38 Y104.237 E.84622
G1 X96.479 Y103.489 E.87585
G1 X96.652 Y102.725 E.90661
G1 X96.867 Y102.044 E.93465
G1 X97.33 Y100.994 E.97971
G1 X97.727 Y100.313 E1.01066
G1 X98.176 Y99.684 E1.04101
;WIDTH:0.446106
G1 F892.888
G1 X98.905 Y98.87 E1.0835
;WIDTH:0.45003
G1 F884.282
G1 X99.449 Y98.362 E1.11273
G1 X100.044 Y97.906 E1.14217
G1 X100.671 Y97.508 E1.17133
G1 X101.695 Y97.003 E1.21616
G1 X102.736 Y96.65 E1.25932
;WIDTH:0.449882
G1 X103.507 Y96.485 E1.29027
;WIDTH:0.450034
G1 X104.256 Y96.379 E1.31997
G1 X105.131 Y96.351 E1.35435
G1 X105.749 Y96.38 E1.37864
G1 X106.887 Y96.555 E1.42385
G1 X107.616 Y96.751 E1.45349
G1 X108.706 Y97.19 E1.49963
G1 X109.339 Y97.513 E1.52754
G1 X109.971 Y97.916 E1.55697
G1 X110.569 Y98.376 E1.5866
G1 X111.125 Y98.887 E1.61625
G1 X111.635 Y99.444 E1.64591
G1 X112.086 Y100.034 E1.67507
G1 X112.683 Y101.017 E1.72023
G1 X112.999 Y101.696 E1.74964
G1 X113.256 Y102.406 E1.77929
G1 X113.451 Y103.136 E1.80896
;WIDTH:0.449762
G1 X113.58 Y103.885 E1.83878
;WIDTH:0.450004
G1 X113.646 Y104.898 E1.87864
G1 X113.643 Y105.407 E1.89863
G1 X113.579 Y106.137 E1.9274
G1 X113.447 Y106.882 E1.95711
G1 X113.251 Y107.611 E1.98675
G1 X112.992 Y108.32 E2.01639
G1 X112.672 Y109.004 E2.04604
G1 X112.294 Y109.657 E2.07567
G1 X111.86 Y110.275 E2.10532
;WIDTH:0.450246
G1 F883.815
G1 X111.513 Y110.688 E2.12651
G92 E0
G1 X111.845 Y100.422 F7800
;TYPE:Internal infill
;WIDTH:0.45
G1 F884.348
G1 X112.323 Y101.209 E.03615
G1 X112.891 Y102.618 E.0958
G1 X112.479 Y103.035 E.11882
G1 X112.187 Y103.69 E.14698
G1 X112.181 Y104.345 E.1727
G1 X112.317 Y104.672 E.18661
G1 X113.217 Y105.627 E.23814
G1 X113.177 Y106.075 E.2558
G1 X112.865 Y107.48 E.31231
G1 X112.631 Y108.122 E.33914
G1 X112.479 Y108.276 E.34764
G1 X112.186 Y109.031 E.37944
G1 X111.543 Y110.02 E.42576
G1 X110.87 Y110.77 E.46533
G1 X110.786 Y110.569 E.47388
G1 X110.507 Y110.241 E.49079
G1 X109.859 Y109.586 E.52697
G1 X109.566 Y108.869 E.55738
G1 X110.134 Y108.094 E.59511
G1 X110.641 Y107.054 E.64054
G1 X110.916 Y106.31 E.67168
G1 X110.996 Y104.727 E.73392
G1 X110.85 Y103.665 E.77601
G1 X110.442 Y102.462 E.82589
G1 X110.234 Y102.119 E.84164
G1 X110.624 Y101.724 E.86344
G1 X110.916 Y101.069 E.8916
G1 X110.923 Y100.414 E.91732
G1 X110.786 Y100.086 E.93128
G1 X109.859 Y99.104 E.9843
G1 X109.567 Y98.448 E1.01249
G1 X109.564 Y98.138 E1.02466
G1 X108.527 Y97.546 E1.07155
G1 X107.781 Y97.245 E1.10314
G1 X107.238 Y97.793 E1.13343
G1 X106.946 Y98.448 E1.16159
G1 X106.939 Y99.104 E1.18735
G1 X107.044 Y99.356 E1.19807
G1 X106.012 Y99.082 E1.23999
G1 X104.58 Y99.021 E1.29627
G1 X104.325 Y98.448 E1.3209
G1 X104.319 Y97.793 E1.34662
G1 X104.455 Y97.466 E1.36053
G1 X105.111 Y96.758 E1.39843
G1 X104.275 Y96.785 E1.43127
G1 X103.568 Y96.879 E1.45927
G1 X102.687 Y97.089 E1.49483
G1 X101.997 Y97.793 E1.53354
G1 X101.705 Y98.448 E1.5617
G1 X101.698 Y99.104 E1.58746
G1 X101.834 Y99.431 E1.60137
G1 X102.119 Y99.764 E1.61858
G1 X102.44 Y99.569 E1.63333
G1 X103.667 Y99.149 E1.68425
G1 X104.379 Y99.049 E1.71248
G1 X104.923 Y99.413 F7800
;TYPE:Solid infill
;WIDTH:0.45244
G1 F879.078
G1 X105.949 Y99.488 E1.75312
G1 X106.937 Y99.753 E1.79353
;WIDTH:0.450036
G1 F884.269
G1 X107.84 Y100.183 E1.8328
G1 X108.78 Y100.875 E1.87864
M73 Q93 S2
G1 X109.45 Y101.612 E1.91775
M73 P93 R2
G1 X110.071 Y102.636 E1.96478
G1 X110.457 Y103.773 E2.01193
G1 X110.587 Y104.751 E2.05067
G1 X110.51 Y105.971 E2.09867
G1 X110.248 Y106.933 E2.13782
G1 X109.765 Y107.923 E2.18108
;WIDTH:0.450148
G1 X109.126 Y108.777 E2.22297
G1 X108.37 Y109.463 E2.26307
;WIDTH:0.450038
G1 X107.503 Y109.987 E2.30285
G1 X106.918 Y110.239 E2.32786
;WIDTH:0.43711
G1 F913.265
G1 X106.092 Y110.476 E2.36053
;WIDTH:0.448124
G1 F888.441
G1 X105.221 Y110.588 E2.39485
;WIDTH:0.44991
G1 F884.543
G1 X104.126 Y110.521 E2.43792
G1 X103.083 Y110.255 E2.48017
;WIDTH:0.450036
G1 X102.185 Y109.833 E2.51913
G1 X101.221 Y109.126 E2.56607
G1 X100.67 Y108.54 E2.59766
G1 X100.109 Y107.71 E2.637
G1 X99.733 Y106.88 E2.67278
G1 X99.488 Y105.904 E2.71229
G1 X99.455 Y105.607 E2.72402
;WIDTH:0.450156
G1 X99.419 Y104.675 E2.76066
G1 X99.498 Y104.014 E2.78681
;WIDTH:0.442034
G1 F901.998
G1 X99.783 Y103.001 E2.82732
;WIDTH:0.44904
G1 F886.437
G1 X100.171 Y102.178 E2.86296
;WIDTH:0.449466
G1 F885.509
G1 X100.754 Y101.38 E2.90171
G1 X101.233 Y100.888 E2.92864
;WIDTH:0.437238
G1 F912.969
G1 X101.744 Y100.462 E2.95394
;WIDTH:0.449876
G1 F884.617
G1 X102.632 Y99.934 E2.99449
;WIDTH:0.450034
G1 X103.779 Y99.541 E3.0421
G1 X104.72 Y99.435 E3.07928
;LAYER_CHANGE
;Z:13.35
;HEIGHT:0.200001
G92 E0
G1 Z13.35 F7800
G1 X99.721 Y104.792
;TYPE:Perimeter
;WIDTH:0.449999
G1 F884.349
G1 X99.782 Y104.147 E.02544
G1 X99.919 Y103.591 E.04792
G1 X100.065 Y103.107 E.06777
G1 X100.387 Y102.42 E.09756
G1 X100.766 Y101.833 E.12499
G1 X101.376 Y101.152 E.16089
G1 X101.914 Y100.707 E.1883
G1 X102.686 Y100.247 E.22359
G1 X103.498 Y99.951 E.25753
G1 X103.945 Y99.821 E.27581
G1 X104.698 Y99.723 E.30563
G1 X105.463 Y99.755 E.33569
G1 X106.005 Y99.81 E.35708
G1 X106.724 Y100.003 E.38631
G1 X107.58 Y100.387 E.42315
G1 X108.486 Y101.029 E.46675
G1 X109.097 Y101.667 E.50144
G1 X109.259 Y101.872 E.5117
G1 X109.741 Y102.667 E.5482
G1 X110.034 Y103.455 E.58121
G1 X110.179 Y103.943 E.6012
G1 X110.276 Y104.681 E.63043
G1 X110.222 Y105.808 E.67473
G1 X110.013 Y106.665 E.70937
G1 X109.648 Y107.506 E.74537
G1 X109.511 Y107.751 E.75639
G1 X108.969 Y108.489 E.79234
G1 X108.312 Y109.115 E.82797
G1 X107.601 Y109.58 E.86133
G1 X107.132 Y109.835 E.88229
G1 X106.252 Y110.134 E.91878
G1 X105.643 Y110.234 E.94301
G1 X105.119 Y110.283 E.96367
G1 X104.192 Y110.222 E1.00015
G1 X103.591 Y110.081 E1.02439
G1 X103.109 Y109.936 E1.04415
G1 X102.434 Y109.621 E1.0734
G1 X101.512 Y108.97 E1.11772
G1 X100.993 Y108.45 E1.14657
G1 X100.467 Y107.719 E1.18193
G1 X100.08 Y106.922 E1.21672
G1 X99.858 Y106.133 E1.2489
G1 X99.748 Y105.6 E1.27027
G1 X99.717 Y104.852 E1.29967
G1 X100.126 Y104.801 F7800
G1 F884.349
G1 X100.186 Y104.191 E1.32374
G1 X100.433 Y103.28 E1.3608
G1 X100.756 Y102.592 E1.39064
G1 X101.104 Y102.06 E1.4156
G1 X101.676 Y101.427 E1.4491
G1 X102.168 Y101.024 E1.47407
G1 X102.89 Y100.6 E1.50695
G1 X103.629 Y100.336 E1.53776
G1 X103.997 Y100.224 E1.55286
G1 X104.75 Y100.127 E1.58267
G1 X105.436 Y100.161 E1.60964
G1 X105.99 Y100.228 E1.63155
G1 X106.619 Y100.396 E1.65711
G1 X107.408 Y100.756 E1.69116
G1 X108.245 Y101.357 E1.73162
G1 X108.797 Y101.942 E1.7632
G1 X109.393 Y102.878 E1.80677
G1 X109.649 Y103.586 E1.83633
G1 X109.776 Y103.996 E1.85318
G1 X109.873 Y104.734 E1.88241
G1 X109.816 Y105.782 E1.92362
G1 X109.62 Y106.559 E1.95508
G1 X109.279 Y107.333 E1.98829
G1 X108.827 Y107.995 E2.01976
G1 X108.561 Y108.337 E2.03677
G1 X108 Y108.849 E2.06659
G1 X107.39 Y109.231 E2.09485
G1 X107.001 Y109.45 E2.11238
G1 X106.121 Y109.748 E2.14886
G1 X105.146 Y109.877 E2.18748
G1 X104.218 Y109.816 E2.224
G1 X103.281 Y109.567 E2.26207
G1 X102.606 Y109.253 E2.2913
G1 X101.753 Y108.642 E2.3325
G1 X101.287 Y108.168 E2.3586
G1 X100.801 Y107.486 E2.39148
G1 X100.449 Y106.75 E2.42351
G1 X100.253 Y106.037 E2.45254
G1 X100.151 Y105.496 E2.47416
G1 X100.125 Y104.861 E2.49911
G1 X100.53 Y104.81 F7800
;TYPE:External perimeter
G1 F884.349
G1 X100.53 Y104.807 E2.49923
G1 X100.591 Y104.236 E2.52178
G1 X100.79 Y103.486 E2.55225
G1 X101.102 Y102.812 E2.58141
G1 X101.442 Y102.287 E2.60597
G1 X101.976 Y101.703 E2.63704
G1 X102.423 Y101.342 E2.6596
G1 X103.093 Y100.952 E2.69004
G1 X103.76 Y100.722 E2.71774
G1 X104.049 Y100.628 E2.72967
G1 X104.802 Y100.53 E2.75949
G1 X105.409 Y100.567 E2.78337
G1 X105.884 Y100.621 E2.80214
G1 X106.514 Y100.79 E2.82775
G1 X107.235 Y101.124 E2.85895
G1 X108.004 Y101.685 E2.89633
G1 X108.497 Y102.217 E2.92481
G1 X109.045 Y103.089 E2.96525
G1 X109.372 Y104.049 E3.00507
G1 X109.469 Y104.787 E3.0343
G1 X109.41 Y105.755 E3.07238
G1 X109.226 Y106.454 E3.10076
G1 X108.911 Y107.16 E3.13111
G1 X108.286 Y108.036 E3.17336
G1 X107.726 Y108.548 E3.20315
G1 X106.87 Y109.064 E3.24239
G1 X105.99 Y109.363 E3.27888
G1 X105.213 Y109.469 E3.30967
G1 X104.206 Y109.403 E3.34929
G1 X103.486 Y109.21 E3.37856
G1 X102.806 Y108.897 E3.40795
G1 X101.994 Y108.313 E3.44722
G1 X101.581 Y107.887 E3.47052
G1 X101.134 Y107.252 E3.50101
G1 X100.818 Y106.579 E3.5302
G1 X100.649 Y105.941 E3.55611
G1 X100.558 Y105.479 E3.5746
G1 X100.533 Y104.87 E3.59853
G1 X100.567 Y104.471 F7800
G92 E0
G1 X98.123 Y110.741
;TYPE:Perimeter
G1 F884.349
G1 X97.661 Y110.139 E.0298
G1 X97.246 Y109.489 E.06008
G1 X96.718 Y108.418 E.10696
G1 X96.455 Y107.694 E.13721
G1 X96.255 Y106.95 E.16746
G1 X96.074 Y105.77 E.21433
G1 X96.04 Y105 E.24459
G1 X96.074 Y104.219 E.27528
G1 X96.176 Y103.446 E.30589
G1 X96.36 Y102.632 E.33866
G1 X96.577 Y101.947 E.36687
G1 X97.058 Y100.853 E.41379
G1 X97.442 Y100.188 E.44394
G1 X97.923 Y99.506 E.47671
G1 X98.387 Y98.956 E.50496
G1 X99.25 Y98.13 E.55187
G1 X99.861 Y97.661 E.58211
G1 X100.511 Y97.246 E.61239
G1 X101.58 Y96.719 E.65919
G1 X102.354 Y96.441 E.69148
G1 X103.049 Y96.255 E.71973
G1 X104.228 Y96.074 E.76657
G1 X105.051 Y96.041 E.79891
G1 X105.769 Y96.074 E.82713
G1 X106.95 Y96.255 E.87404
G1 X107.694 Y96.455 E.90429
G1 X108.418 Y96.718 E.93454
G1 X109.489 Y97.247 E.98144
G1 X110.139 Y97.661 E1.0117
G1 X110.759 Y98.136 E1.04237
G1 X111.336 Y98.664 E1.07308
G1 X111.864 Y99.241 E1.10379
G1 X112.333 Y99.852 E1.13403
G1 X112.952 Y100.873 E1.18091
G1 X113.278 Y101.571 E1.21116
G1 X113.545 Y102.306 E1.24186
G1 X113.695 Y102.863 E1.26451
G1 X113.804 Y103.392 E1.28572
G1 X113.895 Y103.959 E1.30827
G1 X113.951 Y104.687 E1.33694
G1 X113.951 Y105.391 E1.36458
G1 X113.883 Y106.169 E1.39524
G1 X113.747 Y106.939 E1.42594
G1 X113.545 Y107.694 E1.45663
G1 X113.278 Y108.429 E1.48733
G1 X112.947 Y109.137 E1.51802
G1 X112.557 Y109.814 E1.5487
G1 X112.108 Y110.454 E1.5794
G1 X111.613 Y111.045 E1.60967
G1 X110.75 Y111.87 E1.65655
G1 X110.139 Y112.339 E1.68679
G1 X109.48 Y112.759 E1.71747
G1 X108.796 Y113.115 E1.74775
G1 X107.684 Y113.548 E1.79461
G1 X106.941 Y113.747 E1.82481
G1 X106.119 Y113.889 E1.85756
G1 X105.402 Y113.95 E1.88581
G1 X104.208 Y113.924 E1.9327
G1 X103.446 Y113.824 E1.96288
G1 X102.632 Y113.64 E1.99565
G1 X101.947 Y113.423 E2.02386
G1 X100.853 Y112.942 E2.07078
G1 X100.195 Y112.562 E2.10061
G1 X99.233 Y111.856 E2.14746
G1 X98.664 Y111.336 E2.17773
G1 X98.162 Y110.787 E2.20694
G1 X97.816 Y111.01 F7800
G1 F884.349
G1 X97.327 Y110.373 E2.23847
G1 X96.891 Y109.689 E2.27032
G1 X96.343 Y108.578 E2.31896
G1 X96.066 Y107.817 E2.35076
G1 X95.856 Y107.034 E2.38259
G1 X95.668 Y105.81 E2.43121
G1 X95.633 Y105 E2.46304
G1 X95.668 Y104.184 E2.49511
G1 X95.775 Y103.375 E2.52715
G1 X95.966 Y102.526 E2.56132
G1 X96.195 Y101.803 E2.5911
G1 X96.694 Y100.669 E2.63975
G1 X97.099 Y99.968 E2.67154
G1 X97.601 Y99.257 E2.70571
G1 X98.089 Y98.677 E2.73547
G1 X98.984 Y97.82 E2.78412
G1 X99.627 Y97.327 E2.81593
G1 X100.311 Y96.891 E2.84778
G1 X101.42 Y96.344 E2.89633
G1 X102.233 Y96.052 E2.93025
G1 X102.966 Y95.856 E2.96004
G1 X104.189 Y95.668 E3.00862
G1 X105.052 Y95.634 E3.04253
G1 X105.81 Y95.668 E3.07232
G1 X107.034 Y95.856 E3.12094
G1 X107.817 Y96.066 E3.15277
G1 X108.579 Y96.344 E3.18462
G1 X109.689 Y96.891 E3.23321
G1 X110.373 Y97.327 E3.26506
G1 X111.021 Y97.824 E3.29713
G1 X111.624 Y98.376 E3.32923
G1 X112.176 Y98.979 E3.36133
G1 X112.669 Y99.622 E3.39314
G1 X113.312 Y100.681 E3.44179
G1 X113.654 Y101.415 E3.47359
G1 X113.934 Y102.183 E3.50569
G1 X114.088 Y102.758 E3.52906
G1 X114.206 Y103.323 E3.55172
G1 X114.301 Y103.924 E3.57561
G1 X114.358 Y104.687 E3.60565
G1 X114.358 Y105.408 E3.63396
G1 X114.287 Y106.223 E3.66608
G1 X114.145 Y107.027 E3.69814
G1 X113.934 Y107.817 E3.73025
G1 X113.654 Y108.585 E3.76235
G1 X113.309 Y109.325 E3.79441
G1 X112.9 Y110.033 E3.82651
G1 X112.432 Y110.702 E3.85857
G1 X111.91 Y111.324 E3.89045
G1 X111.016 Y112.18 E3.93905
G1 X110.373 Y112.673 E3.97086
G1 X109.684 Y113.112 E4.00294
G1 X108.965 Y113.487 E4.03478
G1 X107.81 Y113.935 E4.08342
G1 X107.029 Y114.145 E4.11517
G1 X106.171 Y114.293 E4.14936
G1 X105.415 Y114.358 E4.17915
G1 X104.177 Y114.331 E4.22777
G1 X103.375 Y114.225 E4.25953
G1 X102.526 Y114.034 E4.2937
G1 X101.803 Y113.805 E4.32348
G1 X100.669 Y113.306 E4.37213
G1 X99.973 Y112.904 E4.40369
G1 X98.974 Y112.171 E4.45234
G1 X98.376 Y111.624 E4.48416
G1 X97.855 Y111.055 E4.51445
G1 X97.509 Y111.279 F7800
;TYPE:External perimeter
G1 F884.349
G1 X96.993 Y110.607 E4.54772
G1 X96.536 Y109.889 E4.58114
G1 X95.969 Y108.739 E4.63148
G1 X95.678 Y107.939 E4.66491
G1 X95.457 Y107.118 E4.69829
G1 X95.262 Y105.85 E4.74866
G1 X95.225 Y105 E4.78207
G1 X95.262 Y104.148 E4.81555
G1 X95.374 Y103.303 E4.84902
G1 X95.573 Y102.419 E4.8846
G1 X95.814 Y101.659 E4.91591
G1 X96.331 Y100.485 E4.96628
G1 X96.756 Y99.748 E4.99968
G1 X97.278 Y99.008 E5.03524
G1 X97.792 Y98.398 E5.06656
G1 X98.719 Y97.511 E5.11694
G1 X99.393 Y96.993 E5.15032
G1 X100.111 Y96.536 E5.18374
G1 X101.261 Y95.969 E5.23408
G1 X102.111 Y95.663 E5.26955
G1 X102.882 Y95.457 E5.30088
G1 X104.15 Y95.262 E5.35125
G1 X105.053 Y95.226 E5.38673
G1 X105.85 Y95.262 E5.41806
G1 X107.118 Y95.457 E5.46843
G1 X107.939 Y95.678 E5.50181
G1 X108.739 Y95.969 E5.53524
G1 X109.889 Y96.536 E5.58558
G1 X110.607 Y96.993 E5.619
G1 X111.283 Y97.512 E5.65246
G1 X111.912 Y98.088 E5.68595
G1 X112.488 Y98.717 E5.71944
G1 X113.006 Y99.392 E5.75285
G1 X113.671 Y100.489 E5.80322
G1 X114.031 Y101.259 E5.83659
G1 X114.322 Y102.061 E5.87009
G1 X114.481 Y102.652 E5.89412
G1 X114.607 Y103.253 E5.91823
G1 X114.707 Y103.889 E5.94351
G1 X114.766 Y104.687 E5.97493
G1 X114.766 Y105.426 E6.00395
G1 X114.691 Y106.276 E6.03745
G1 X114.543 Y107.116 E6.07094
G1 X114.322 Y107.939 E6.1044
G1 X114.031 Y108.741 E6.1379
G1 X113.67 Y109.514 E6.1714
G1 X113.244 Y110.252 E6.20486
G1 X112.755 Y110.951 E6.23836
G1 X112.208 Y111.602 E6.27175
G1 X111.281 Y112.489 E6.32213
G1 X110.607 Y113.007 E6.35551
G1 X109.887 Y113.465 E6.38902
G1 X109.133 Y113.858 E6.42241
G1 X107.937 Y114.323 E6.47279
G1 X107.116 Y114.543 E6.50616
G1 X106.223 Y114.697 E6.54174
G1 X105.429 Y114.765 E6.57303
G1 X104.146 Y114.737 E6.62342
G1 X103.303 Y114.626 E6.65681
G1 X102.419 Y114.427 E6.69239
G1 X101.659 Y114.186 E6.7237
G1 X100.485 Y113.669 E6.77407
G1 X99.75 Y113.245 E6.80739
G1 X98.715 Y112.486 E6.85779
G1 X98.088 Y111.912 E6.89117
G1 X97.549 Y111.324 E6.92249
G1 X97.302 Y111.009 F7800
G92 E0
G1 X100.882 Y112.815
;TYPE:Bridge infill
;WIDTH:0.404241
;HEIGHT:0.4
M106 S204
G1 F560.999
G1 X99.407 Y111.573 E.11935
G1 X98.896 Y111.104 E.16228
G1 X98.387 Y110.549 E.20889
G1 X97.928 Y109.952 E.2555
G1 X97.629 Y109.482 E.28998
G1 X101.818 Y113.01 E.62897
G1 X102.062 Y113.117 E.64546
G1 X102.718 Y113.325 E.68806
G1 X102.963 Y113.38 E.7036
G1 X97.091 Y108.434 E1.1788
G1 X97.019 Y108.29 E1.18877
M73 P94 R2
M73 Q94 S2
G1 X96.757 Y107.56 E1.23678
G1 X103.871 Y113.55 E1.81241
G1 X104.233 Y113.598 E1.83501
G1 X104.643 Y113.607 E1.86039
G1 X96.563 Y106.803 E2.51421
G1 X96.458 Y106.12 E2.55698
G1 X105.367 Y113.623 E3.27792
G1 X106.01 Y113.57 E3.31785
G1 X96.388 Y105.467 E4.09647
G1 X96.373 Y104.861 E4.13399
G1 X106.601 Y113.474 E4.96163
G1 X106.871 Y113.427 E4.97859
G1 X107.159 Y113.35 E4.99704
G1 X103.706 Y110.442 E5.27646
G1 X104.079 Y110.54 E5.30033
G1 X104.561 Y110.569 E5.33022
G1 X107.683 Y113.198 E5.58285
G1 X108.165 Y113.01 E5.61487
G1 X105.308 Y110.604 E5.84606
G1 X105.913 Y110.52 E5.88387
G1 X108.648 Y112.822 E6.10514
G1 X108.661 Y112.817 E6.106
G1 X109.085 Y112.597 E6.13557
G1 X106.475 Y110.399 E6.34677
G1 X106.976 Y110.226 E6.37958
G1 X109.505 Y112.356 E6.58424
G1 X109.906 Y112.101 E6.61365
G1 X107.459 Y110.04 E6.81167
G1 X107.869 Y109.791 E6.84136
G1 X110.279 Y111.82 E7.03636
G1 X110.636 Y111.528 E7.06491
G1 X108.279 Y109.543 E7.25564
G1 X108.406 Y109.466 E7.26483
G1 X108.639 Y109.252 E7.28441
G1 X110.966 Y111.212 E7.47273
G1 X111.296 Y110.896 E7.50101
G1 X108.977 Y108.943 E7.68867
G1 X109.151 Y108.784 E7.70326
G1 X109.282 Y108.605 E7.71699
G1 X111.597 Y110.555 E7.90434
G1 X111.885 Y110.204 E7.93244
G1 X109.551 Y108.238 E8.12133
G1 X109.82 Y107.871 E8.14949
G1 X112.146 Y109.83 E8.33772
G1 X112.393 Y109.444 E8.36608
G1 X110.029 Y107.453 E8.55738
G1 X110.228 Y107.027 E8.58648
G1 X112.624 Y109.044 E8.78034
G1 X112.827 Y108.622 E8.80933
G1 X110.375 Y106.557 E9.00775
G1 X110.505 Y106.072 E9.03883
G1 X113.018 Y108.188 E9.24217
G1 X113.183 Y107.734 E9.27207
G1 X110.561 Y105.526 E9.48424
G1 X110.598 Y104.963 E9.51916
G1 X113.324 Y107.258 E9.73972
G1 X113.428 Y106.868 E9.7647
G1 X113.446 Y106.768 E9.77099
G1 X110.556 Y104.333 E10.0049
G1 X110.483 Y103.781 E10.03936
G1 X110.434 Y103.637 E10.04877
G1 X113.537 Y106.25 E10.29986
G1 X113.596 Y105.706 E10.33373
G1 X109.765 Y102.48 E10.64373
M107
G92 E0
G1 X100.212 Y107.5 F7800
M73 P94 R1
M73 Q94 S1
M106 S204
G1 F560.999
G1 X96.398 Y104.288 E.30863
G1 X96.465 Y103.751 E.34213
G1 X99.585 Y106.378 E.59458
G1 X99.457 Y105.87 E.62701
G1 X99.426 Y105.651 E.6407
G1 X96.559 Y103.235 E.87276
G1 X96.671 Y102.736 E.90441
G1 X99.406 Y105.04 E1.12576
G1 X99.396 Y104.659 E1.14935
G1 X99.419 Y104.457 E1.16193
G1 X96.818 Y102.267 E1.37239
G1 X96.883 Y102.062 E1.3857
G1 X96.991 Y101.818 E1.40222
G1 X99.495 Y103.927 E1.60486
G1 X99.622 Y103.44 E1.63601
G1 X97.181 Y101.384 E1.83355
G1 X97.377 Y100.955 E1.86274
G1 X99.769 Y102.97 E2.05633
G1 X99.97 Y102.545 E2.08543
G1 X97.607 Y100.555 E2.27665
G1 X97.855 Y100.17 E2.305
G1 X100.179 Y102.127 E2.49305
G1 X100.435 Y101.75 E2.52126
G1 X98.118 Y99.798 E2.70878
G1 X98.403 Y99.444 E2.73691
G1 X100.715 Y101.391 E2.924
G1 X101.023 Y101.057 E2.95212
G1 X98.704 Y99.104 E3.13978
G1 X99.034 Y98.788 E3.16806
G1 X101.353 Y100.741 E3.35572
G1 X101.712 Y100.449 E3.38436
M73 P95 R1
M73 Q95 S1
G1 X99.364 Y98.472 E3.57435
G1 X99.722 Y98.179 E3.60298
G1 X102.126 Y100.204 E3.79753
G1 X102.54 Y99.958 E3.82734
G1 X100.094 Y97.899 E4.02524
G1 X100.496 Y97.643 E4.05474
G1 X103.026 Y99.774 E4.25948
G1 X103.526 Y99.601 E4.29223
G1 X100.922 Y97.408 E4.50295
G1 X101.366 Y97.189 E4.53359
G1 X104.086 Y99.479 E4.75367
G1 X104.694 Y99.397 E4.79164
G1 X101.823 Y96.979 E5.02397
G1 X102.317 Y96.801 E5.05647
G1 X105.435 Y99.428 E5.30883
G1 X105.948 Y99.464 E5.34066
G1 X106.293 Y99.556 E5.36276
G1 X102.841 Y96.649 E5.6421
G1 X103.117 Y96.576 E5.65977
G1 X103.406 Y96.531 E5.67787
G1 X113.625 Y105.136 E6.50476
G1 X113.617 Y104.536 E6.5419
G1 X104.002 Y96.439 E7.31994
G1 X104.259 Y96.4 E7.33603
G1 X104.646 Y96.387 E7.36
G1 X113.559 Y103.894 E8.08129
G1 X113.44 Y103.199 E8.12493
G1 X105.344 Y96.382 E8.78002
G1 X105.737 Y96.399 E8.80437
G1 X106.145 Y96.462 E8.82992
G1 X113.243 Y102.439 E9.40427
G1 X112.917 Y101.572 E9.4616
G1 X107.033 Y96.616 E9.93777
G1 X107.596 Y96.767 E9.97385
G1 X108.162 Y96.973 E10.01113
G1 X112.337 Y100.489 E10.34898
G1 X112.063 Y100.037 E10.3817
G1 X111.613 Y99.451 E10.42743
G1 X111.104 Y98.896 E10.47404
G1 X110.582 Y98.417 E10.51789
G1 X109.169 Y97.227 E10.63223
M107
;LAYER_CHANGE
;Z:13.55
;HEIGHT:0.2
G92 E0
G1 Z13.55 F7800
G1 X99.722 Y104.792
;TYPE:Perimeter
;WIDTH:0.449999
G1 F884.349
G1 X99.782 Y104.148 E.0254
G1 X99.914 Y103.607 E.04727
G1 X100.064 Y103.108 E.06773
G1 X100.384 Y102.425 E.09735
G1 X100.765 Y101.834 E.12496
G1 X101.342 Y101.188 E.15897
G1 X101.913 Y100.707 E.18828
G1 X102.806 Y100.188 E.22883
G1 X103.748 Y99.866 E.26792
G1 X104.614 Y99.733 E.30232
G1 X104.907 Y99.718 E.31384
G1 X105.809 Y99.778 E.34933
G1 X106.665 Y99.987 E.38393
G1 X107.575 Y100.384 E.42291
G1 X108.487 Y101.029 E.46677
G1 X109.146 Y101.721 E.50429
G1 X109.741 Y102.666 E.54814
G1 X110.034 Y103.455 E.58119
G1 X110.179 Y103.943 E.60118
G1 X110.276 Y104.681 E.63041
G1 X110.222 Y105.808 E.67471
G1 X110.013 Y106.665 E.70935
G1 X109.648 Y107.507 E.74538
G1 X109.514 Y107.746 E.75614
G1 X108.969 Y108.488 E.79229
G1 X108.31 Y109.118 E.82809
G1 X107.598 Y109.581 E.86144
G1 X107.132 Y109.835 E.88228
G1 X106.252 Y110.134 E.91877
G1 X105.719 Y110.224 E.93999
G1 X105.142 Y110.284 E.96277
G1 X104.398 Y110.252 E.99201
G1 X103.628 Y110.083 E1.02296
G1 X103.108 Y109.936 E1.04418
G1 X102.425 Y109.616 E1.0738
G1 X101.988 Y109.32 E1.09452
G1 X101.512 Y108.969 E1.11774
G1 X100.993 Y108.45 E1.14656
G1 X100.664 Y108.001 E1.16842
G1 X100.378 Y107.565 E1.18889
G1 X100.06 Y106.881 E1.21851
G1 X99.858 Y106.132 E1.24897
G1 X99.748 Y105.602 E1.27022
G1 X99.716 Y104.858 E1.29946
G1 X99.716 Y104.852 E1.2997
G1 X100.126 Y104.801 F7800
G1 F884.349
G1 X100.186 Y104.192 E1.32373
G1 X100.396 Y103.381 E1.35662
G1 X100.733 Y102.64 E1.38858
G1 X101.104 Y102.06 E1.41561
G1 X101.642 Y101.464 E1.44714
G1 X102.168 Y101.025 E1.47404
G1 X102.89 Y100.6 E1.50694
G1 X103.879 Y100.252 E1.54811
G1 X104.666 Y100.137 E1.57934
G1 X105.438 Y100.161 E1.60967
G1 X105.99 Y100.228 E1.6315
G1 X106.619 Y100.396 E1.65706
G1 X107.403 Y100.753 E1.69088
G1 X108.246 Y101.357 E1.7316
G1 X108.845 Y101.995 E1.76596
G1 X109.392 Y102.877 E1.80671
G1 X109.649 Y103.586 E1.83632
G1 X109.776 Y103.996 E1.85317
G1 X109.873 Y104.734 E1.8824
G1 X109.816 Y105.782 E1.92361
G1 X109.62 Y106.559 E1.95507
G1 X109.279 Y107.335 E1.98835
G1 X108.826 Y107.995 E2.01978
G1 X108.562 Y108.336 E2.03671
G1 X108.013 Y108.839 E2.06595
G1 X107.387 Y109.232 E2.09497
G1 X107.001 Y109.45 E2.11238
G1 X106.121 Y109.748 E2.14886
G1 X105.266 Y109.873 E2.18279
G1 X104.478 Y109.848 E2.21375
G1 X103.725 Y109.688 E2.24398
G1 X103.2 Y109.529 E2.26552
G1 X102.597 Y109.247 E2.29166
G1 X101.754 Y108.643 E2.33238
G1 X101.287 Y108.168 E2.35853
G1 X100.801 Y107.486 E2.39141
G1 X100.448 Y106.749 E2.4235
G1 X100.253 Y106.036 E2.45252
G1 X100.151 Y105.491 E2.47429
G1 X100.123 Y104.861 E2.49905
G1 X100.531 Y104.81 F7800
;TYPE:External perimeter
G1 F884.349
G1 X100.591 Y104.236 E2.52171
G1 X100.79 Y103.486 E2.55218
G1 X101.101 Y102.813 E2.58129
G1 X101.442 Y102.287 E2.6059
G1 X101.942 Y101.739 E2.63503
G1 X102.423 Y101.342 E2.65952
G1 X103.093 Y100.952 E2.68996
G1 X104.01 Y100.637 E2.72803
G1 X104.719 Y100.541 E2.75612
G1 X105.411 Y100.567 E2.78331
G1 X105.884 Y100.621 E2.802
G1 X106.514 Y100.79 E2.82761
G1 X107.23 Y101.121 E2.85858
G1 X108.005 Y101.685 E2.89622
G1 X108.545 Y102.27 E2.92748
G1 X109.044 Y103.088 E2.9651
G1 X109.372 Y104.049 E3.00497
G1 X109.469 Y104.787 E3.0342
G1 X109.41 Y105.755 E3.07228
G1 X109.226 Y106.454 E3.10066
G1 X108.91 Y107.162 E3.1311
G1 X108.287 Y108.036 E3.17324
G1 X107.738 Y108.539 E3.20248
G1 X106.87 Y109.064 E3.24231
G1 X105.99 Y109.363 E3.2788
G1 X105.213 Y109.469 E3.30959
G1 X104.495 Y109.441 E3.3378
G1 X103.822 Y109.293 E3.36486
G1 X103.372 Y109.16 E3.38328
G1 X102.77 Y108.879 E3.40937
G1 X101.995 Y108.315 E3.44701
G1 X101.581 Y107.887 E3.47039
G1 X101.134 Y107.252 E3.50088
G1 X100.817 Y106.578 E3.53013
G1 X100.649 Y105.94 E3.55603
G1 X100.558 Y105.474 E3.57467
G1 X100.531 Y104.87 E3.59841
G1 X100.567 Y104.471 F7800
G92 E0
G1 X98.152 Y110.776
;TYPE:Perimeter
G1 F884.349
G1 X98.137 Y110.76 E.00086
G1 X97.643 Y110.112 E.03285
G1 X97.247 Y109.49 E.0618
G1 X96.718 Y108.418 E.10874
G1 X96.455 Y107.694 E.13899
G1 X96.255 Y106.95 E.16924
G1 X96.074 Y105.77 E.21611
G1 X96.04 Y105 E.24637
G1 X96.074 Y104.219 E.27706
G1 X96.176 Y103.445 E.30771
G1 X96.354 Y102.65 E.3397
G1 X96.577 Y101.946 E.3687
G1 X97.058 Y100.854 E.41555
G1 X97.461 Y100.159 E.44709
G1 X97.885 Y99.555 E.47607
G1 X98.673 Y98.657 E.52298
G1 X99.241 Y98.136 E.55324
G1 X99.86 Y97.661 E.58388
G1 X100.548 Y97.225 E.61586
G1 X101.213 Y96.88 E.64528
G1 X101.935 Y96.581 E.67596
G1 X102.681 Y96.345 E.70668
G1 X103.444 Y96.176 E.73736
G1 X104.218 Y96.074 E.76801
G1 X105.032 Y96.041 E.8
G1 X105.77 Y96.074 E.82901
G1 X106.95 Y96.255 E.87588
G1 X107.694 Y96.455 E.90613
G1 X108.419 Y96.718 E.93641
G1 X109.489 Y97.247 E.98328
G1 X110.139 Y97.661 E1.01354
G1 X110.759 Y98.136 E1.04421
G1 X111.328 Y98.657 E1.0745
G1 X112.115 Y99.555 E1.12138
G1 X112.557 Y100.186 E1.15163
G1 X112.947 Y100.863 E1.18231
G1 X113.278 Y101.571 E1.213
G1 X113.545 Y102.306 E1.2437
G1 X113.695 Y102.863 E1.26635
G1 X113.805 Y103.385 E1.2873
G1 X113.888 Y103.92 E1.30856
G1 X113.959 Y105 E1.35106
G1 X113.881 Y106.18 E1.39749
G1 X113.747 Y106.939 E1.42775
G1 X113.545 Y107.694 E1.45844
G1 X113.278 Y108.429 E1.48914
G1 X112.947 Y109.137 E1.51983
G1 X112.557 Y109.814 E1.55051
G1 X112.108 Y110.454 E1.58121
G1 X111.613 Y111.045 E1.61148
G1 X110.75 Y111.87 E1.65836
G1 X110.139 Y112.339 E1.6886
G1 X109.48 Y112.759 E1.71928
G1 X108.796 Y113.115 E1.74956
G1 X107.684 Y113.548 E1.79642
G1 X106.939 Y113.747 E1.8267
G1 X106.18 Y113.881 E1.85696
G1 X104.989 Y113.959 E1.90382
G1 X104.219 Y113.926 E1.93408
G1 X103.444 Y113.824 E1.96477
G1 X102.692 Y113.657 E1.99502
M73 P96 R1
M73 Q96 S1
G1 X101.561 Y113.273 E2.04192
G1 X100.873 Y112.952 E2.07173
G1 X99.852 Y112.333 E2.11861
G1 X99.241 Y111.864 E2.14885
G1 X98.664 Y111.336 E2.17956
G1 X98.192 Y110.82 E2.20702
G1 X97.834 Y111.031 F7800
G1 F884.349
G1 X97.825 Y111.022 E2.20752
G1 X97.308 Y110.346 E2.24094
G1 X96.891 Y109.689 E2.27149
G1 X96.343 Y108.578 E2.32013
G1 X96.066 Y107.817 E2.35193
G1 X95.856 Y107.034 E2.38376
G1 X95.668 Y105.81 E2.43238
G1 X95.633 Y105 E2.46421
G1 X95.668 Y104.184 E2.49628
G1 X95.775 Y103.374 E2.52836
G1 X95.961 Y102.544 E2.56176
G1 X96.196 Y101.803 E2.59228
G1 X96.694 Y100.67 E2.64087
G1 X97.118 Y99.94 E2.67402
G1 X97.565 Y99.303 E2.70458
G1 X98.381 Y98.372 E2.75319
G1 X98.979 Y97.824 E2.78504
G1 X99.627 Y97.327 E2.81711
G1 X100.345 Y96.872 E2.85049
G1 X101.041 Y96.51 E2.88129
G1 X101.796 Y96.198 E2.91337
G1 X102.576 Y95.952 E2.94548
G1 X103.373 Y95.775 E2.97754
G1 X104.183 Y95.668 E3.00962
G1 X105.033 Y95.633 E3.04302
G1 X105.81 Y95.668 E3.07356
G1 X107.034 Y95.856 E3.12218
G1 X107.817 Y96.066 E3.15401
G1 X108.579 Y96.344 E3.18586
G1 X109.689 Y96.891 E3.23445
G1 X110.373 Y97.327 E3.2663
G1 X111.021 Y97.824 E3.29837
G1 X111.619 Y98.372 E3.33022
G1 X112.435 Y99.303 E3.37883
G1 X112.9 Y99.967 E3.41066
G1 X113.309 Y100.675 E3.44276
G1 X113.654 Y101.415 E3.47482
G1 X113.934 Y102.183 E3.50692
G1 X114.088 Y102.758 E3.53029
G1 X114.205 Y103.314 E3.5526
G1 X114.294 Y103.893 E3.5756
G1 X114.367 Y105 E3.61916
G1 X114.286 Y106.229 E3.66752
G1 X114.145 Y107.027 E3.69934
G1 X113.934 Y107.817 E3.73145
G1 X113.654 Y108.585 E3.76355
G1 X113.309 Y109.325 E3.79561
G1 X112.9 Y110.033 E3.82771
G1 X112.432 Y110.702 E3.85977
G1 X111.91 Y111.324 E3.89165
G1 X111.016 Y112.18 E3.94025
G1 X110.373 Y112.673 E3.97206
G1 X109.684 Y113.112 E4.00414
G1 X108.965 Y113.487 E4.03598
G1 X107.81 Y113.935 E4.08462
G1 X107.027 Y114.145 E4.11645
G1 X106.229 Y114.286 E4.14827
G1 X104.993 Y114.367 E4.19691
G1 X104.184 Y114.332 E4.2287
G1 X103.373 Y114.225 E4.26082
G1 X102.582 Y114.05 E4.29263
G1 X101.409 Y113.651 E4.34128
G1 X100.68 Y113.312 E4.37285
G1 X99.622 Y112.669 E4.42146
G1 X98.979 Y112.176 E4.45327
G1 X98.376 Y111.624 E4.48537
G1 X97.874 Y111.076 E4.51455
G1 X97.515 Y111.287 F7800
;TYPE:External perimeter
G1 F884.349
G1 X97.512 Y111.283 E4.51475
G1 X96.974 Y110.579 E4.54954
G1 X96.536 Y109.889 E4.58163
G1 X95.969 Y108.739 E4.63197
G1 X95.678 Y107.939 E4.6654
G1 X95.457 Y107.118 E4.69878
G1 X95.262 Y105.85 E4.74915
G1 X95.225 Y105 E4.78256
G1 X95.262 Y104.148 E4.81604
G1 X95.374 Y103.303 E4.84951
G1 X95.568 Y102.438 E4.88432
G1 X95.814 Y101.659 E4.9164
G1 X96.331 Y100.485 E4.96677
G1 X96.775 Y99.72 E5.0015
G1 X97.244 Y99.051 E5.03358
G1 X98.09 Y98.087 E5.08394
G1 X98.717 Y97.512 E5.11734
G1 X99.393 Y96.993 E5.1508
G1 X100.142 Y96.519 E5.1856
G1 X100.869 Y96.141 E5.21777
G1 X101.657 Y95.815 E5.25125
G1 X102.47 Y95.558 E5.28473
G1 X103.303 Y95.374 E5.31823
G1 X104.148 Y95.262 E5.3517
G1 X105.034 Y95.226 E5.38652
G1 X105.85 Y95.262 E5.41859
G1 X107.118 Y95.457 E5.46896
G1 X107.939 Y95.678 E5.50234
G1 X108.739 Y95.969 E5.53577
G1 X109.889 Y96.536 E5.58611
G1 X110.607 Y96.993 E5.61953
G1 X111.283 Y97.512 E5.65299
G1 X111.91 Y98.087 E5.68639
G1 X112.756 Y99.051 E5.73675
G1 X113.244 Y99.748 E5.77016
G1 X113.67 Y100.486 E5.80362
G1 X114.031 Y101.259 E5.83712
G1 X114.322 Y102.061 E5.87062
G1 X114.481 Y102.652 E5.89465
G1 X114.606 Y103.243 E5.91837
G1 X114.7 Y103.867 E5.94315
G1 X114.775 Y105 E5.98773
G1 X114.691 Y106.278 E6.03802
G1 X114.543 Y107.116 E6.07143
G1 X114.322 Y107.939 E6.10489
G1 X114.031 Y108.741 E6.13839
G1 X113.67 Y109.514 E6.17189
G1 X113.244 Y110.252 E6.20535
G1 X112.755 Y110.951 E6.23885
G1 X112.208 Y111.602 E6.27224
G1 X111.281 Y112.489 E6.32262
G1 X110.607 Y113.007 E6.356
G1 X109.887 Y113.465 E6.38951
G1 X109.133 Y113.858 E6.4229
G1 X107.937 Y114.323 E6.47328
G1 X107.116 Y114.543 E6.50665
G1 X106.278 Y114.691 E6.54006
G1 X104.998 Y114.775 E6.59043
G1 X104.148 Y114.738 E6.62384
G1 X103.303 Y114.626 E6.65731
G1 X102.472 Y114.442 E6.69073
G1 X101.257 Y114.03 E6.7411
G1 X100.488 Y113.671 E6.77442
G1 X99.392 Y113.006 E6.82476
G1 X98.717 Y112.488 E6.85817
G1 X98.088 Y111.912 E6.89166
G1 X97.556 Y111.331 E6.92259
G1 X97.309 Y111.016 F7800
G92 E0
G1 X99.761 Y97.929
;TYPE:Solid infill
;WIDTH:0.38292
G1 F1058.823
G1 X99.361 Y98.28 E.01745
G1 X98.818 Y98.799 E.04208
G1 X98.016 Y99.656 E.08057
G1 X97.529 Y100.617 F7800
G1 F1058.823
G1 X97.458 Y100.598 E.08298
G1 X97.477 Y100.669 E.08539
G1 X97.518 Y100.658 E.08678
;WIDTH:0.41646
G1 F963.754
G1 X97.613 Y100.499 E.09345
;WIDTH:0.449999
G1 F884.349
G1 X97.709 Y100.34 E.10074
G1 X100.315 Y97.734 E.24545
G1 X100.474 Y97.638 E.25274
;WIDTH:0.41646
G1 F963.754
G1 X100.633 Y97.542 E.25943
;WIDTH:0.38292
G1 F1058.823
G1 X100.592 Y97.553 E.26082
G1 X100.573 Y97.482 E.26323
G1 X100.644 Y97.501 E.26564
G1 X101.884 Y96.869 F7800
G1 F1058.823
G1 X101.813 Y96.85 E.26805
G1 X101.832 Y96.921 E.27046
G1 X101.873 Y96.91 E.27185
;WIDTH:0.41646
G1 F963.754
G1 X101.715 Y96.989 E.27821
;WIDTH:0.449999
G1 F884.349
G1 X101.558 Y97.068 E.28511
G1 X97.093 Y101.532 E.53302
G1 X97.015 Y101.671 E.53928
;WIDTH:0.41646
G1 F963.754
G1 X96.937 Y101.809 E.54499
;WIDTH:0.38292
G1 F1058.823
G1 X96.866 Y101.79 E.5474
G1 X96.885 Y101.861 E.54981
G1 X96.926 Y101.85 E.5512
G1 X96.389 Y103.188 F7800
G1 F1058.823
G1 X96.526 Y102.63 E.57004
;WIDTH:0.41646
G1 F963.754
G1 X96.629 Y102.549 E.57476
;WIDTH:0.449999
G1 F884.349
G1 X96.732 Y102.469 E.57988
G1 X102.468 Y96.733 E.89839
G1 X102.628 Y96.531 E.90851
;WIDTH:0.38292
G1 F1058.823
G1 X102.912 Y96.46 E.91811
;WIDTH:0.41646
G1 F963.754
G1 X103.077 Y96.497 E.9242
;WIDTH:0.449999
G1 F884.349
G1 X103.243 Y96.534 E.93088
G1 X96.535 Y103.242 E1.30337
G1 X96.42 Y103.932 E1.33084
G1 X103.932 Y96.42 E1.74797
G1 X104.56 Y96.368 E1.77271
G1 X96.365 Y104.563 E2.22777
G1 X96.352 Y105.151 E2.25086
G1 X105.152 Y96.352 E2.73948
G1 X105.703 Y96.376 E2.76114
G1 X96.376 Y105.703 E3.27905
G1 X96.349 Y105.841 E3.28457
;WIDTH:0.41646
G1 F963.754
G1 X96.321 Y105.98 E3.28968
;WIDTH:0.38292
G1 F1058.823
G1 X96.25 Y105.961 E3.29209
G1 X96.269 Y106.032 E3.2945
G1 X96.31 Y106.021 E3.29589
;WIDTH:0.449999
G1 F884.349
G1 X96.45 Y106.205 E3.30497
G1 X100.006 Y102.637 E3.50276
;WIDTH:0.41646
G1 F963.754
G1 X100.122 Y102.508 E3.50901
;WIDTH:0.38292
G1 F1058.823
G1 X100.081 Y102.519 E3.5104
G1 X100.062 Y102.448 E3.51281
G1 X100.133 Y102.467 E3.51522
G1 X99.758 Y103.35 F7800
G1 F1058.823
G1 X99.786 Y103.504 E3.52035
;WIDTH:0.41646
G1 F963.754
G1 X99.689 Y103.571 E3.5246
;WIDTH:0.449999
G1 F884.349
G1 X99.593 Y103.638 E3.5292
G1 X96.526 Y106.704 E3.69948
G1 X96.632 Y107.175 E3.71844
G1 X99.453 Y104.353 E3.87511
G1 X99.425 Y104.957 E3.89885
G1 X96.755 Y107.627 E4.04711
G92 E0
G1 X99.297 Y105.661 F7800
G1 F884.349
G1 X96.909 Y108.049 E.1326
G1 X97.37 Y109.05 E.17587
G1 X97.858 Y109.882 E.21374
G1 X98.189 Y110.325 E.23545
G1 X98.835 Y111.07 E.27417
G1 X99.293 Y111.497 E.29876
G1 X99.958 Y112.029 E.3322
G1 X101.017 Y112.682 E.38105
G1 X101.675 Y112.989 E.40956
G1 X102.617 Y113.309 E.44862
G1 X103.226 Y112.67 E.48328
G1 X105.314 Y110.582 E.59922
G1 X104.269 Y110.547 E.64027
G1 X103.132 Y110.272 E.6862
G1 X102.154 Y109.814 E.7286
G1 X101.236 Y109.137 E.77339
G1 X100.689 Y108.563 E.80452
G1 X100.126 Y107.74 E.84367
G1 X99.739 Y106.904 E.87984
G1 X99.481 Y105.877 E.92142
G1 X99.441 Y105.517 E.93564
G1 X99.181 Y106.352 F7800
G1 F884.349
G1 X99.377 Y107.09 E.96562
G1 X99.786 Y107.964 E1.00351
G1 X100.393 Y108.842 E1.04542
G1 X100.994 Y109.464 E1.07938
G1 X101.912 Y110.142 E1.12419
G1 X103.037 Y110.667 E1.17294
G1 X104.153 Y110.938 E1.21803
G1 X104.362 Y110.958 E1.22627
G1 X102.486 Y112.835 E1.33047
G1 X101.827 Y112.611 E1.3578
G1 X101.209 Y112.323 E1.38457
G1 X100.255 Y111.744 E1.42839
G1 X99.699 Y111.317 E1.45592
G1 X99.169 Y110.831 E1.48415
G1 X98.684 Y110.303 E1.5123
G1 X98.227 Y109.704 E1.54188
G1 X97.868 Y109.14 E1.56813
G1 X97.381 Y108.152 E1.61138
G1 X99.037 Y106.496 E1.70334
G1 X98.966 Y107.143 E1.7289
G1 X99.007 Y107.26 E1.73377
G1 X99.453 Y108.198 E1.77455
G1 X100.097 Y109.122 E1.81877
G1 X100.752 Y109.792 E1.85556
G1 X101.671 Y110.469 E1.90038
G1 X102.049 Y110.668 E1.91715
G1 X102.941 Y111.063 E1.95545
G1 X103.537 Y111.207 E1.97953
G1 X102.377 Y112.368 E2.04397
G1 X101.979 Y112.233 E2.06047
G1 X101.401 Y111.963 E2.08552
G1 X100.485 Y111.407 E2.12759
G1 X99.961 Y111.005 E2.15352
G1 X99.457 Y110.543 E2.18037
G1 X98.997 Y110.041 E2.2071
G1 X98.562 Y109.471 E2.23525
G1 X98.224 Y108.94 E2.25997
G1 X97.875 Y108.234 E2.29089
G1 X98.822 Y107.287 E2.34348
G1 X98.816 Y107.939 E2.36908
;WIDTH:0.557228
G1 F699.97
G1 X99.072 Y108.457 E2.39774
;WIDTH:0.565661
G1 F688.678
G1 X99.374 Y108.908 E2.42511
G1 X99.763 Y109.438 E2.45826
;WIDTH:0.56003
G1 F696.177
G1 X100.155 Y109.856 E2.48684
;WIDTH:0.562882
G1 F692.358
G1 X100.581 Y110.241 E2.51564
G1 X101.399 Y110.837 E2.5664
;WIDTH:0.563134
G1 X101.853 Y111.088 E2.59243
G1 X102.642 Y111.447 E2.63593
;WIDTH:0.562888
G1 X102.253 Y111.836 E2.66352
G1 X102.079 Y111.768 E2.67289
G1 X101.25 Y111.339 E2.7197
;WIDTH:0.568427
G1 F685.053
G1 X100.737 Y111.013 E2.75051
G1 X100.154 Y110.558 E2.788
;WIDTH:0.56003
G1 F696.177
G1 X99.776 Y110.208 E2.81369
G1 X99.258 Y109.628 E2.85248
;WIDTH:0.565661
G1 F688.678
G1 X98.937 Y109.195 E2.87966
G1 X98.642 Y108.74 E2.907
;WIDTH:0.557228
G1 F699.97
G1 X98.43 Y108.325 E2.93012
;WIDTH:0.549766
G1 F710.275
G1 X98.672 Y108.083 E2.94685
G92 E0
G1 X103.048 Y113.423 F7800
;WIDTH:0.449999
G1 F884.349
G1 X105.983 Y110.489 E.16295
G1 X106.14 Y110.423 E.16964
;WIDTH:0.41646
G1 F963.754
G1 X106.298 Y110.358 E.1758
;WIDTH:0.38292
G1 F1058.823
G1 X106.257 Y110.369 E.17719
G1 X106.238 Y110.298 E.1796
G1 X106.309 Y110.317 E.18201
G1 X107.101 Y110.082 F7800
G1 F1058.823
G1 X107.029 Y110.063 E.18445
G1 X107.049 Y110.134 E.18687
G1 X107.09 Y110.123 E.18826
;WIDTH:0.41646
G1 F963.754
G1 X106.932 Y110.198 E.19456
;WIDTH:0.449999
G1 F884.349
G1 X106.774 Y110.273 E.20143
G1 X103.521 Y113.526 E.38206
G92 E0
G1 X102.526 Y100.11 F7800
;WIDTH:0.38292
G1 F1058.823
G1 X102.485 Y100.121 E.00139
G1 X102.466 Y100.05 E.0038
G1 X102.537 Y100.069 E.00621
;WIDTH:0.41646
G1 F963.754
G1 X102.66 Y99.97 E.0119
;WIDTH:0.449999
G1 F884.349
G1 X102.784 Y99.871 E.01813
G1 X106.205 Y96.45 E.20809
G1 X106.704 Y96.526 E.22791
M73 P97 R1
M73 Q97 S1
G1 X103.645 Y99.585 E.39777
G1 X103.503 Y99.674 E.40435
;WIDTH:0.41646
G1 F963.754
G1 X103.36 Y99.764 E.41044
;WIDTH:0.38292
G1 F1058.823
G1 X103.511 Y99.785 E.41544
G1 X103.589 Y99.765 E.41808
;WIDTH:0.449999
G1 F884.349
G1 X104.344 Y99.462 E.45002
G1 X107.175 Y96.632 E.60719
G1 X107.627 Y96.755 E.62558
G1 X104.966 Y99.416 E.77334
G1 X105.503 Y99.454 E.79448
G1 X108.049 Y96.909 E.93583
G1 X108.312 Y97.221 E.95185
G1 X106.026 Y99.507 E1.07879
G1 X106.896 Y99.738 E1.11413
G1 X107.797 Y100.156 E1.15313
G1 X108.662 Y100.788 E1.19519
G1 X109.437 Y101.595 E1.23912
G1 X110.089 Y102.689 E1.28913
G1 X110.443 Y103.717 E1.33182
G1 X110.585 Y104.71 E1.37121
G1 X110.549 Y105.346 E1.39622
G1 X113.283 Y102.613 E1.54801
G1 X113.311 Y102.613 E1.54911
G1 X113.016 Y101.745 E1.58511
G1 X112.757 Y101.178 E1.60959
G1 X112.333 Y100.408 E1.6441
G1 X112.024 Y99.958 E1.66553
G1 X111.713 Y99.559 E1.68539
G1 X111.109 Y98.871 E1.72134
G1 X110.563 Y98.37 E1.75044
G1 X109.964 Y97.911 E1.78007
G1 X109.339 Y97.513 E1.80916
G1 X108.456 Y97.077 E1.84783
G1 X108.538 Y97.571 E1.86749
G1 X109.139 Y97.868 E1.89381
G1 X109.73 Y98.245 E1.92133
G1 X110.301 Y98.683 E1.94959
G1 X110.818 Y99.156 E1.9771
G1 X111.553 Y99.995 E2.0209
G1 X111.955 Y100.569 E2.04842
G1 X112.315 Y101.192 E2.07667
G1 X112.619 Y101.844 E2.10492
G1 X112.848 Y102.472 E2.13117
G1 X110.949 Y104.371 E2.23662
G1 X110.828 Y103.585 E2.26785
G1 X110.442 Y102.462 E2.31448
G1 X109.738 Y101.321 E2.36712
G1 X109.004 Y100.535 E2.40935
G1 X107.969 Y99.788 E2.45947
G1 X107.103 Y99.382 E2.49702
G1 X106.814 Y99.295 E2.50887
G1 X108.394 Y97.715 E2.5966
G1 X108.619 Y98.066 E2.61297
G1 X108.939 Y98.223 E2.62697
G1 X109.496 Y98.578 E2.6529
G1 X110.039 Y98.995 E2.67978
G1 X110.526 Y99.441 E2.70571
G1 X111.233 Y100.247 E2.74781
G1 X111.612 Y100.788 E2.77375
G1 X111.954 Y101.38 E2.80059
G1 X112.19 Y101.886 E2.82251
G1 X112.377 Y102.368 E2.84281
G1 X111.228 Y103.516 E2.90658
G1 X110.813 Y102.289 E2.95744
G1 X110.039 Y101.046 E3.01493
G1 X109.245 Y100.207 E3.06029
G1 X108.142 Y99.419 E3.11352
G1 X107.545 Y99.139 E3.13941
G1 X108.475 Y98.21 E3.19102
G1 X108.712 Y98.627 E3.20985
;WIDTH:0.569265
G1 F683.962
G1 X109.238 Y98.968 E3.24167
G1 X109.749 Y99.358 E3.27431
;WIDTH:0.562975
G1 F692.234
G1 X110.205 Y99.775 E3.30531
;WIDTH:0.560212
G1 F695.932
G1 X110.915 Y100.593 E3.35935
;WIDTH:0.569264
G1 F683.963
G1 X111.223 Y101.049 E3.38729
G1 X111.602 Y101.716 E3.42624
;WIDTH:0.557853
G1 F699.12
G1 X111.843 Y102.25 E3.45534
G1 X111.429 Y102.664 E3.48442
G1 X111.295 Y102.274 E3.5049
;WIDTH:0.56298
G1 F692.228
G1 X111.089 Y101.849 E3.52859
;WIDTH:0.569264
G1 F683.963
G1 X110.77 Y101.317 E3.56008
G1 X110.377 Y100.738 E3.59561
;WIDTH:0.560212
G1 F695.932
G1 X109.819 Y100.12 E3.63715
;WIDTH:0.562975
G1 F692.234
G1 X109.419 Y99.759 E3.66418
;WIDTH:0.569265
G1 F683.962
G1 X108.921 Y99.389 E3.69568
G1 X108.338 Y99 E3.73126
;WIDTH:0.555866
G1 F701.828
G1 X108.568 Y98.771 E3.74732
G92 E0
G1 X113.427 Y103.045 F7800
;WIDTH:0.449999
G1 F884.349
G1 X110.407 Y106.055 E.16742
;WIDTH:0.41646
G1 F963.754
G1 X110.303 Y106.149 E.17247
;WIDTH:0.38292
G1 F1058.823
G1 X110.115 Y106.857 E.19649
G1 X110.122 Y107.032 E.20223
;WIDTH:0.449999
G1 F884.349
G1 X110.303 Y106.745 E.21555
G1 X113.52 Y103.528 E.39419
G1 X113.589 Y104.034 E.41424
G1 X109.86 Y107.763 E.62131
G1 X109.74 Y107.906 E.62864
;WIDTH:0.416585
G1 F963.431
G1 X109.62 Y108.05 E.6354
;WIDTH:0.38317
G1 F1058.046
G1 X109.053 Y108.71 E.66396
;WIDTH:0.38292
G1 X108.127 Y109.557 E.70512
;WIDTH:0.449999
G1 F884.349
G1 X107.839 Y109.784 E.71952
G1 X104.03 Y113.593 E.93103
G1 X104.168 Y113.685 E.93754
;WIDTH:0.41646
G1 F963.754
G1 X104.306 Y113.777 E.94352
;WIDTH:0.38292
G1 F1058.823
G1 X104.265 Y113.788 E.94491
G1 X104.246 Y113.717 E.94732
G1 X104.317 Y113.736 E.94973
;WIDTH:0.449999
G1 F884.349
G1 X104.564 Y113.635 E.96021
G1 X113.625 Y104.574 E1.46335
G1 X113.644 Y105.13 E1.48519
M73 P97 R0
M73 Q97 S0
G1 X105.13 Y113.644 E1.95796
G1 X105.746 Y113.604 E1.9822
G1 X113.604 Y105.746 E2.41854
G1 X113.534 Y106.392 E2.44405
G1 X106.392 Y113.534 E2.84063
G1 X107.118 Y113.383 E2.86975
G1 X113.383 Y107.118 E3.21764
G1 X113.341 Y107.651 E3.23863
;WIDTH:0.38292
G1 F1058.823
G1 X113.27 Y107.632 E3.24104
G1 X113.289 Y107.703 E3.24345
G1 X113.33 Y107.692 E3.24484
;WIDTH:0.41646
G1 F963.754
G1 X113.229 Y107.821 E3.25074
;WIDTH:0.449999
G1 F884.349
G1 X113.127 Y107.95 E3.2572
G1 X107.967 Y113.11 E3.54373
G1 X107.839 Y113.215 E3.55023
;WIDTH:0.41646
G1 F963.754
G1 X107.712 Y113.321 E3.55619
;WIDTH:0.38292
G1 F1058.823
G1 X107.671 Y113.332 E3.55758
G1 X107.652 Y113.261 E3.55999
G1 X107.723 Y113.28 E3.5624
G1 X108.73 Y112.868 F7800
G1 F1058.823
G1 X108.659 Y112.849 E3.56481
G1 X108.678 Y112.92 E3.56722
G1 X108.719 Y112.909 E3.56861
;WIDTH:0.41646
G1 F963.754
G1 X108.847 Y112.794 E3.57481
;WIDTH:0.449999
G1 F884.349
G1 X112.806 Y108.831 E3.79476
;WIDTH:0.41646
G1 F963.754
G1 X112.919 Y108.702 E3.80094
;WIDTH:0.38292
G1 F1058.823
G1 X112.877 Y108.713 E3.80236
G1 X112.858 Y108.642 E3.80477
G1 X112.93 Y108.661 E3.80721
G1 X111.892 Y110.289 F7800
;WIDTH:0.415415
G1 F966.456
G1 X111.642 Y110.563 E3.82054
;WIDTH:0.447822
G1 F889.104
G1 X111.391 Y110.837 E3.83505
G1 X110.56 Y111.649 E3.88043
;WIDTH:0.422458
G1 F948.522
G1 X110 Y112.14 E3.90769
;LAYER_CHANGE
;Z:13.75
;HEIGHT:0.2
G92 E0
G1 Z13.75 F7800
G1 X99.722 Y104.792
;TYPE:Perimeter
;WIDTH:0.449999
G1 F884.349
G1 X99.782 Y104.148 E.0254
G1 X100.003 Y103.276 E.06072
G1 X100.339 Y102.519 E.09324
G1 X100.483 Y102.259 E.10491
G1 X101.03 Y101.512 E.14126
G1 X101.646 Y100.94 E.17427
G1 X102.041 Y100.62 E.19423
G1 X102.686 Y100.247 E.22349
G1 X103.173 Y100.062 E.24395
G1 X103.748 Y99.866 E.2678
G1 X104.617 Y99.732 E.30232
G1 X104.891 Y99.717 E.31309
G1 X105.809 Y99.778 E.34921
G1 X106.665 Y99.987 E.38381
G1 X107.507 Y100.352 E.41984
G1 X107.747 Y100.486 E.43063
G1 X108.488 Y101.03 E.46672
G1 X109.096 Y101.666 E.50127
G1 X109.262 Y101.876 E.51178
G1 X109.742 Y102.667 E.54811
G1 X110.034 Y103.455 E.58111
G1 X110.179 Y103.943 E.6011
G1 X110.276 Y104.681 E.63033
G1 X110.222 Y105.808 E.67463
G1 X110.013 Y106.665 E.70927
G1 X109.648 Y107.509 E.74538
G1 X109.518 Y107.741 E.75582
G1 X108.97 Y108.488 E.7922
G1 X108.333 Y109.097 E.8268
G1 X107.625 Y109.564 E.8601
G1 X107.132 Y109.835 E.88219
G1 X106.252 Y110.134 E.91868
G1 X105.719 Y110.224 E.9399
G1 X105.141 Y110.284 E.96272
G1 X104.393 Y110.251 E.99212
G1 X103.63 Y110.084 E1.02279
G1 X103.108 Y109.936 E1.04409
G1 X102.43 Y109.619 E1.07348
G1 X101.512 Y108.97 E1.11762
G1 X100.993 Y108.45 E1.14647
G1 X100.681 Y108.024 E1.1672
G1 X100.388 Y107.586 E1.18789
G1 X100.078 Y106.92 E1.21673
G1 X99.851 Y106.103 E1.25002
G1 X99.748 Y105.602 E1.2701
G1 X99.716 Y104.858 E1.29934
G1 X99.716 Y104.852 E1.29958
G1 X100.126 Y104.801 F7800
G1 F884.349
G1 X100.186 Y104.192 E1.32361
G1 X100.396 Y103.381 E1.3565
G1 X100.708 Y102.692 E1.3862
G1 X101.009 Y102.229 E1.40788
G1 X101.359 Y101.753 E1.43108
G1 X101.914 Y101.246 E1.4606
G1 X102.245 Y100.972 E1.47747
G1 X102.89 Y100.6 E1.50671
G1 X103.879 Y100.252 E1.54788
G1 X104.67 Y100.136 E1.57927
G1 X105.44 Y100.162 E1.60952
G1 X105.99 Y100.228 E1.63127
G1 X106.619 Y100.396 E1.65683
G1 X107.335 Y100.72 E1.68769
G1 X107.971 Y101.156 E1.71797
G1 X108.398 Y101.506 E1.73965
G1 X108.842 Y101.991 E1.76547
G1 X109.394 Y102.878 E1.80649
G1 X109.649 Y103.586 E1.83604
G1 X109.776 Y103.996 E1.85289
G1 X109.873 Y104.734 E1.88212
G1 X109.816 Y105.782 E1.92333
G1 X109.62 Y106.559 E1.95479
G1 X109.279 Y107.336 E1.98811
G1 X108.844 Y107.971 E2.01833
G1 X108.493 Y108.399 E2.04006
G1 X108.013 Y108.839 E2.06563
G1 X107.414 Y109.216 E2.09342
G1 X106.973 Y109.459 E2.11319
G1 X106.121 Y109.748 E2.14852
G1 X105.266 Y109.873 E2.18245
G1 X104.48 Y109.847 E2.21333
G1 X103.727 Y109.689 E2.24354
G1 X103.198 Y109.529 E2.26524
G1 X102.602 Y109.25 E2.29108
G1 X101.754 Y108.642 E2.33205
G1 X101.287 Y108.168 E2.35818
G1 X100.801 Y107.486 E2.39106
G1 X100.447 Y106.748 E2.4232
G1 X100.246 Y106.006 E2.45338
G1 X100.155 Y105.584 E2.47033
G1 X100.123 Y104.861 E2.49875
G1 X100.531 Y104.81 F7800
;TYPE:External perimeter
G1 F884.349
G1 X100.591 Y104.236 E2.52141
G1 X100.79 Y103.486 E2.55188
G1 X101.077 Y102.864 E2.57878
G1 X101.686 Y101.994 E2.62048
G1 X102.448 Y101.325 E2.66029
G1 X103.093 Y100.952 E2.68955
G1 X104.01 Y100.637 E2.72762
G1 X104.723 Y100.54 E2.75587
G1 X105.413 Y100.568 E2.78298
G1 X105.884 Y100.621 E2.80159
G1 X106.514 Y100.79 E2.8272
G1 X107.163 Y101.089 E2.85526
G1 X107.73 Y101.484 E2.88239
G1 X108.098 Y101.781 E2.90096
G1 X108.541 Y102.266 E2.92675
G1 X109.045 Y103.089 E2.96464
G1 X109.372 Y104.049 E3.00446
G1 X109.469 Y104.787 E3.03369
G1 X109.41 Y105.755 E3.07177
G1 X109.226 Y106.454 E3.10015
G1 X108.91 Y107.164 E3.13066
G1 X108.516 Y107.73 E3.15774
G1 X108.218 Y108.099 E3.17636
G1 X107.738 Y108.539 E3.20193
G1 X106.842 Y109.074 E3.24291
G1 X105.99 Y109.363 E3.27824
G1 X105.213 Y109.469 E3.30903
G1 X104.498 Y109.441 E3.33713
G1 X103.823 Y109.293 E3.36426
G1 X103.37 Y109.16 E3.3828
G1 X102.775 Y108.881 E3.4086
G1 X101.994 Y108.314 E3.44649
G1 X101.581 Y107.887 E3.46982
G1 X101.134 Y107.252 E3.50031
G1 X100.816 Y106.576 E3.52964
G1 X100.562 Y105.566 E3.57053
G1 X100.531 Y104.87 E3.59789
G1 X100.567 Y104.471 F7800
G92 E0
G1 X98.152 Y110.776
;TYPE:Perimeter
G1 F884.349
G1 X98.136 Y110.759 E.00092
G1 X97.661 Y110.139 E.03159
G1 X97.246 Y109.489 E.06187
G1 X96.718 Y108.418 E.10875
G1 X96.455 Y107.694 E.139
G1 X96.253 Y106.94 E.16965
G1 X96.115 Y106.156 E.20091
G1 X96.05 Y105.402 E.23063
G1 X96.076 Y104.209 E.27748
G1 X96.179 Y103.431 E.30829
G1 X96.343 Y102.692 E.33801
G1 X96.727 Y101.561 E.38491
G1 X97.048 Y100.873 E.41472
G1 X97.667 Y99.852 E.4616
G1 X98.136 Y99.241 E.49184
G1 X98.664 Y98.664 E.52255
G1 X99.241 Y98.136 E.55326
G1 X99.86 Y97.661 E.5839
G1 X100.532 Y97.234 E.61516
G1 X101.213 Y96.88 E.6453
G1 X101.948 Y96.576 E.67653
G1 X102.681 Y96.345 E.70671
G1 X103.444 Y96.176 E.73739
G1 X104.219 Y96.074 E.76808
G1 X105.014 Y96.04 E.79932
G1 X105.77 Y96.074 E.82903
G1 X106.95 Y96.255 E.8759
G1 X107.694 Y96.455 E.90615
G1 X108.429 Y96.722 E.93685
G1 X109.137 Y97.052 E.96752
G1 X109.826 Y97.451 E.99878
G1 X110.445 Y97.885 E1.02846
G1 X111.343 Y98.673 E1.07537
G1 X111.864 Y99.241 E1.10563
G1 X112.333 Y99.852 E1.13587
G1 X112.952 Y100.873 E1.18275
G1 X113.278 Y101.571 E1.213
G1 X113.545 Y102.306 E1.2437
G1 X113.695 Y102.863 E1.26635
G1 X113.805 Y103.385 E1.2873
G1 X113.888 Y103.92 E1.30856
G1 X113.959 Y105 E1.35106
G1 X113.881 Y106.18 E1.39749
G1 X113.747 Y106.939 E1.42775
G1 X113.545 Y107.694 E1.45844
G1 X113.278 Y108.429 E1.48914
G1 X112.947 Y109.137 E1.51983
G1 X112.557 Y109.814 E1.55051
G1 X112.115 Y110.445 E1.58076
M73 Q98 S0
G1 X111.327 Y111.343 E1.62767
M73 P98 R0
G1 X110.759 Y111.864 E1.65793
G1 X110.139 Y112.339 E1.6886
G1 X109.489 Y112.754 E1.71888
G1 X108.418 Y113.282 E1.76576
G1 X107.694 Y113.545 E1.79601
G1 X106.939 Y113.747 E1.8267
G1 X106.18 Y113.881 E1.85696
G1 X104.989 Y113.959 E1.90382
G1 X104.22 Y113.926 E1.93404
G1 X103.431 Y113.821 E1.96529
G1 X102.692 Y113.657 E1.99501
G1 X101.561 Y113.273 E2.04191
G1 X100.873 Y112.952 E2.07172
G1 X99.852 Y112.333 E2.1186
G1 X99.241 Y111.864 E2.14884
G1 X98.664 Y111.336 E2.17955
G1 X98.192 Y110.82 E2.20701
G1 X97.834 Y111.031 F7800
G1 F884.349
G1 X97.824 Y111.021 E2.20757
G1 X97.327 Y110.373 E2.23964
G1 X96.891 Y109.689 E2.27149
G1 X96.343 Y108.578 E2.32013
G1 X96.066 Y107.817 E2.35193
G1 X95.855 Y107.028 E2.384
G1 X95.711 Y106.209 E2.41665
G1 X95.642 Y105.415 E2.44794
G1 X95.669 Y104.177 E2.49656
G1 X95.778 Y103.36 E2.52892
G1 X95.95 Y102.582 E2.56021
G1 X96.349 Y101.409 E2.60886
G1 X96.688 Y100.68 E2.64043
G1 X97.331 Y99.622 E2.68904
G1 X97.824 Y98.979 E2.72085
G1 X98.376 Y98.376 E2.75295
G1 X98.979 Y97.824 E2.78505
G1 X99.627 Y97.327 E2.81712
G1 X100.329 Y96.881 E2.84978
G1 X101.041 Y96.51 E2.8813
G1 X101.809 Y96.193 E2.91392
G1 X102.575 Y95.952 E2.94545
G1 X103.373 Y95.775 E2.97754
G1 X104.183 Y95.668 E3.00962
G1 X105.014 Y95.633 E3.04228
G1 X105.81 Y95.668 E3.07356
G1 X107.034 Y95.856 E3.12218
G1 X107.817 Y96.066 E3.15401
G1 X108.585 Y96.346 E3.18611
G1 X109.325 Y96.691 E3.21817
G1 X110.045 Y97.108 E3.25084
G1 X110.697 Y97.565 E3.2821
G1 X111.628 Y98.381 E3.33071
G1 X112.176 Y98.979 E3.36256
G1 X112.669 Y99.622 E3.39437
G1 X113.312 Y100.681 E3.44302
G1 X113.654 Y101.415 E3.47482
G1 X113.934 Y102.183 E3.50692
G1 X114.088 Y102.758 E3.53029
G1 X114.205 Y103.314 E3.5526
G1 X114.294 Y103.893 E3.5756
G1 X114.367 Y105 E3.61916
G1 X114.286 Y106.229 E3.66752
G1 X114.145 Y107.027 E3.69934
G1 X113.934 Y107.817 E3.73145
G1 X113.654 Y108.585 E3.76355
G1 X113.309 Y109.325 E3.79561
G1 X112.9 Y110.033 E3.82771
G1 X112.435 Y110.697 E3.85954
G1 X111.619 Y111.628 E3.90815
G1 X111.021 Y112.176 E3.94
G1 X110.373 Y112.673 E3.97207
G1 X109.689 Y113.109 E4.00392
G1 X108.578 Y113.657 E4.05256
G1 X107.817 Y113.934 E4.08436
G1 X107.027 Y114.145 E4.11647
G1 X106.229 Y114.286 E4.14829
G1 X104.993 Y114.367 E4.19693
G1 X104.184 Y114.332 E4.22872
G1 X103.36 Y114.222 E4.26136
G1 X102.582 Y114.05 E4.29265
G1 X101.409 Y113.651 E4.3413
G1 X100.68 Y113.312 E4.37287
G1 X99.622 Y112.669 E4.42148
G1 X98.979 Y112.176 E4.45329
G1 X98.376 Y111.624 E4.48539
G1 X97.874 Y111.076 E4.51457
G1 X97.515 Y111.287 F7800
;TYPE:External perimeter
G1 F884.349
G1 X97.512 Y111.283 E4.51477
G1 X96.993 Y110.607 E4.54823
G1 X96.536 Y109.889 E4.58165
G1 X95.969 Y108.739 E4.63199
G1 X95.678 Y107.939 E4.66542
G1 X95.457 Y107.116 E4.69888
G1 X95.307 Y106.262 E4.73293
G1 X95.235 Y105.428 E4.7658
G1 X95.263 Y104.146 E4.81615
G1 X95.377 Y103.289 E4.8501
G1 X95.558 Y102.472 E4.88296
G1 X95.97 Y101.257 E4.93333
G1 X96.329 Y100.488 E4.96665
G1 X96.994 Y99.392 E5.01699
G1 X97.512 Y98.717 E5.0504
G1 X98.088 Y98.088 E5.08389
G1 X98.717 Y97.512 E5.11738
G1 X99.393 Y96.993 E5.15084
G1 X100.125 Y96.528 E5.18489
G1 X100.869 Y96.141 E5.21782
G1 X101.67 Y95.81 E5.25185
G1 X102.47 Y95.558 E5.28478
G1 X103.303 Y95.374 E5.31828
G1 X104.148 Y95.262 E5.35175
G1 X105.014 Y95.226 E5.38578
G1 X105.85 Y95.262 E5.41864
G1 X107.118 Y95.457 E5.46901
G1 X107.939 Y95.678 E5.50239
G1 X108.741 Y95.969 E5.53589
G1 X109.513 Y96.33 E5.56935
G1 X110.264 Y96.764 E5.60341
G1 X110.949 Y97.244 E5.63625
G1 X111.913 Y98.09 E5.68661
G1 X112.488 Y98.717 E5.72001
G1 X113.006 Y99.392 E5.75342
G1 X113.671 Y100.489 E5.80379
G1 X114.031 Y101.259 E5.83716
G1 X114.322 Y102.061 E5.87066
G1 X114.481 Y102.652 E5.89469
G1 X114.606 Y103.243 E5.91841
G1 X114.7 Y103.867 E5.94319
G1 X114.775 Y105 E5.98777
G1 X114.691 Y106.278 E6.03806
G1 X114.543 Y107.116 E6.07147
G1 X114.322 Y107.939 E6.10493
G1 X114.031 Y108.741 E6.13843
G1 X113.67 Y109.514 E6.17193
G1 X113.244 Y110.252 E6.20539
G1 X112.756 Y110.949 E6.2388
G1 X111.91 Y111.913 E6.28916
G1 X111.283 Y112.488 E6.32256
G1 X110.607 Y113.007 E6.35602
G1 X109.889 Y113.464 E6.38944
G1 X108.739 Y114.031 E6.43978
G1 X107.939 Y114.322 E6.47321
G1 X107.116 Y114.543 E6.50667
G1 X106.278 Y114.691 E6.54008
G1 X104.998 Y114.775 E6.59045
G1 X104.148 Y114.738 E6.62386
G1 X103.289 Y114.623 E6.65789
G1 X102.472 Y114.442 E6.69075
G1 X101.257 Y114.03 E6.74112
G1 X100.488 Y113.671 E6.77444
G1 X99.392 Y113.006 E6.82478
G1 X98.717 Y112.488 E6.85819
G1 X98.088 Y111.912 E6.89168
G1 X97.556 Y111.331 E6.92261
G1 X97.309 Y111.017 F7800
G92 E0
G1 X109.966 Y97.696
;TYPE:Top solid infill
;WIDTH:0.404459
G1 F900
G1 X111.178 Y98.907 E.05975
G1 X111.649 Y99.421 E.08406
G1 X112.101 Y100.011 E.10998
G1 X112.612 Y100.853 E.14433
G1 X109.134 Y97.374 E.31588
G1 X108.321 Y96.981 E.34737
G1 X108.177 Y96.929 E.35271
G1 X113.071 Y101.823 E.59406
G1 X113.278 Y102.39 E.61511
G1 X113.333 Y102.596 E.62255
G1 X107.404 Y96.667 E.91495
G1 X106.892 Y96.53 E.93343
G1 X106.731 Y96.505 E.93911
G1 X113.501 Y103.275 E1.27298
G1 X113.605 Y103.891 E1.29477
G1 X106.126 Y96.412 E1.66361
G1 X105.742 Y96.353 E1.67716
G1 X105.547 Y96.345 E1.68397
G1 X113.641 Y104.438 E2.08311
G1 X113.677 Y104.985 E2.10223
G1 X105.018 Y96.326 E2.52926
G1 X104.524 Y96.344 E2.5465
G1 X113.647 Y105.467 E2.99641
G1 X113.616 Y105.947 E3.01318
G1 X104.048 Y96.379 E3.48504
G1 X103.597 Y96.439 E3.50091
G1 X106.94 Y99.783 E3.6658
G1 X106.235 Y99.588 E3.69131
G1 X103.17 Y96.524 E3.84244
G1 X102.752 Y96.617 E3.85737
G1 X105.623 Y99.488 E3.99896
G1 X105.073 Y99.449 E4.01819
G1 X102.363 Y96.739 E4.15184
G1 X101.979 Y96.867 E4.16596
G1 X104.569 Y99.456 E4.29367
G1 X104.119 Y99.518 E4.30951
G1 X101.617 Y97.016 E4.4329
G1 X101.261 Y97.171 E4.44644
G1 X103.688 Y99.598 E4.56613
G1 X103.306 Y99.728 E4.5802
G1 X100.924 Y97.346 E4.69767
G1 X100.594 Y97.527 E4.7108
G1 X102.925 Y99.857 E4.82573
G1 X102.646 Y99.952 E4.83601
G1 X102.559 Y100.003 E4.83953
G1 X100.281 Y97.725 E4.95187
G1 X99.973 Y97.928 E4.96473
G1 X102.234 Y100.19 E5.07626
G1 X101.91 Y100.377 E5.08931
G1 X99.683 Y98.15 E5.19914
G1 X99.396 Y98.374 E5.21184
G1 X101.621 Y100.599 E5.32157
G1 X101.349 Y100.838 E5.3342
G1 X99.129 Y98.619 E5.44366
G1 X98.863 Y98.863 E5.45625
G1 X101.076 Y101.077 E5.56541
G1 X100.894 Y101.237 E5.57386
G1 X100.822 Y101.334 E5.57807
G1 X98.618 Y99.13 E5.68676
G1 X98.374 Y99.397 E5.69937
G1 X100.605 Y101.628 E5.8094
G1 X100.388 Y101.922 E5.82214
G1 X98.15 Y99.684 E5.93251
G1 X97.928 Y99.973 E5.94522
G1 X100.177 Y102.222 E6.05613
G1 X100.014 Y102.571 E6.06956
G1 X97.731 Y100.288 E6.18215
G1 X97.538 Y100.606 E6.19512
G1 X99.851 Y102.919 E6.30919
G1 X99.757 Y103.121 E6.31696
G1 X99.713 Y103.293 E6.32315
G1 X97.345 Y100.924 E6.43996
G1 X97.174 Y101.265 E6.45326
G1 X99.609 Y103.7 E6.57335
G1 X99.505 Y104.107 E6.588
G1 X97.012 Y101.614 E6.71095
G1 X96.987 Y101.666 E6.71296
G1 X96.877 Y101.99 E6.72489
G1 X99.457 Y104.57 E6.85213
G1 X99.435 Y104.784 E6.85963
M73 P99 R0
M73 Q99 S0
G1 X99.446 Y105.071 E6.86965
G1 X96.748 Y102.372 E7.00273
G1 X96.618 Y102.754 E7.0168
G1 X99.468 Y105.604 E7.15735
G1 X99.503 Y105.862 E7.16643
G1 X99.6 Y106.247 E7.18028
G1 X96.524 Y103.171 E7.33198
G1 X96.44 Y103.598 E7.34716
G1 X100.111 Y107.27 E7.52823
G92 E0
G1 X109.917 Y102.76 F7800
G1 F900
G1 X113.558 Y106.4 E.17954
G1 X113.481 Y106.835 E.19495
G1 X110.431 Y103.784 E.34539
G1 X110.514 Y104.379 E.36634
G1 X113.376 Y107.241 E.50748
G1 X113.278 Y107.61 E.52079
G1 X113.266 Y107.642 E.52198
G1 X110.551 Y104.927 E.65587
G1 X110.521 Y105.408 E.67268
G1 X113.129 Y108.017 E.80132
G1 X112.988 Y108.387 E.81513
G1 X110.49 Y105.889 E.93832
G1 X110.485 Y105.966 E.94101
G1 X110.395 Y106.305 E.95324
G1 X112.825 Y108.736 E1.0731
G1 X112.657 Y109.079 E1.08642
G1 X110.287 Y106.708 E1.20332
G1 X110.234 Y106.905 E1.21043
G1 X110.151 Y107.083 E1.21728
G1 X112.47 Y109.403 E1.33167
G1 X112.279 Y109.723 E1.34467
G1 X109.988 Y107.432 E1.45765
G1 X109.825 Y107.78 E1.47105
G1 X112.068 Y110.023 E1.58167
G1 X111.853 Y110.319 E1.59443
G1 X109.611 Y108.077 E1.705
G1 X109.395 Y108.373 E1.71778
G1 X111.614 Y110.592 E1.82721
G1 X111.375 Y110.864 E1.83984
G1 X109.179 Y108.668 E1.94814
G1 X109.125 Y108.742 E1.95133
G1 X108.926 Y108.926 E1.96078
G1 X111.136 Y111.136 E2.06977
G1 X110.87 Y111.382 E2.0824
G1 X108.659 Y109.171 E2.19144
G1 X108.393 Y109.416 E2.20405
G1 X110.603 Y111.626 E2.31304
G1 X110.316 Y111.85 E2.32574
G1 X108.076 Y109.611 E2.43618
G1 X107.759 Y109.804 E2.44912
G1 X110.027 Y112.072 E2.56097
G1 X109.718 Y112.275 E2.57386
G1 X107.441 Y109.998 E2.68615
G1 X107.378 Y110.037 E2.68873
G1 X107.074 Y110.142 E2.69995
G1 X109.406 Y112.474 E2.81496
G1 X109.069 Y112.648 E2.82819
G1 X106.694 Y110.274 E2.94529
G1 X106.315 Y110.405 E2.95927
G1 X108.726 Y112.817 E3.0782
G1 X108.384 Y112.986 E3.0915
G1 X105.876 Y110.478 E3.21519
G1 X105.428 Y110.541 E3.23097
G1 X108.016 Y113.13 E3.35863
G1 X107.641 Y113.266 E3.37254
G1 X104.924 Y110.549 E3.50653
G1 X104.391 Y110.526 E3.52513
G1 X107.241 Y113.377 E3.66571
G1 X106.879 Y113.474 E3.67878
G1 X106.834 Y113.481 E3.68037
G1 X103.748 Y110.395 E3.83256
G1 X103.121 Y110.243 E3.85506
G1 X103.053 Y110.211 E3.85768
G1 X106.399 Y113.558 E4.02272
G1 X106.147 Y113.603 E4.03165
G1 X105.946 Y113.616 E4.03867
G1 X96.38 Y104.049 E4.51046
G1 X96.349 Y104.53 E4.52727
G1 X105.466 Y113.647 E4.97689
G1 X104.986 Y113.679 E4.99367
G1 X96.338 Y105.031 E5.42016
G1 X96.344 Y105.547 E5.43816
G1 X104.452 Y113.655 E5.83802
G1 X103.883 Y113.598 E5.85796
G1 X96.392 Y106.107 E6.22739
G1 X96.5 Y106.726 E6.2493
G1 X103.272 Y113.499 E6.5833
G1 X102.767 Y113.387 E6.60134
G1 X102.588 Y113.326 E6.60793
G1 X96.668 Y107.405 E6.89991
G1 X96.722 Y107.61 E6.9073
G1 X96.929 Y108.178 E6.92838
G1 X101.814 Y113.063 E7.16929
G1 X101.666 Y113.013 E7.17474
G1 X101.005 Y112.705 E7.20017
G1 X100.851 Y112.611 E7.20646
G1 X97.394 Y109.154 E7.37695
G1 X97.491 Y109.351 E7.38461
G1 X97.89 Y109.978 E7.41053
G1 X98.351 Y110.579 E7.43694
G1 X98.831 Y111.103 E7.46172
G1 X100.028 Y112.3 E7.52075
; stop printing object Front_mk_8_nut_fit.stl id:0 copy 0
G92 E0
M107
;TYPE:Custom
; Filament-specific end gcode
#M104 S0 ; turn off temperature
G00 Z100; Z Axis to safe point
G00 Y100; Y Axis to Front
G28 X0  ; home X axis
M84     ; disable motors
M73 P100 R0
M73 Q100 S0
; objects_info = {"objects":[{"name":"Front_mk_8_nut_fit.stl id:0 copy 0","polygon":[[105.545,92.512],[107.705,92.796],[108.759,93.079],[110.283,93.671],[111.250,94.175],[112.610,95.083],[114.216,96.555],[115.239,97.830],[115.825,98.750],[116.746,100.725],[117.310,102.829],[117.488,104.455],[117.488,105.545],[117.204,107.705],[116.921,108.759],[116.329,110.283],[115.239,112.170],[114.576,113.035],[113.445,114.216],[112.610,114.917],[111.250,115.825],[109.275,116.746],[108.235,117.074],[106.632,117.393],[104.455,117.488],[103.368,117.393],[101.765,117.074],[99.717,116.329],[98.750,115.825],[97.390,114.917],[95.784,113.445],[94.761,112.170],[94.175,111.250],[93.254,109.275],[92.690,107.171],[92.512,105.545],[92.512,104.455],[92.796,102.295],[93.254,100.725],[93.671,99.717],[94.761,97.830],[95.784,96.555],[96.555,95.784],[97.390,95.083],[98.750,94.175],[100.725,93.254],[102.295,92.796],[103.368,92.607]]}]}
; filament used [mm] = 1267.29
; filament used [cm3] = 3.05
; filament used [g] = 3.69
; filament cost = 129.09
; total filament used [g] = 3.69
; total filament cost = 129.09
; total filament used for wipe tower [g] = 0.00
; estimated printing time (normal mode) = 37m 39s
; estimated printing time (silent mode) = 37m 43s
; estimated first layer printing time (normal mode) = 1m 13s
; estimated first layer printing time (silent mode) = 1m 13s

; prusaslicer_config = begin
; arc_fitting = disabled
; autoemit_temperature_commands = 1
; automatic_extrusion_widths = 0
; automatic_infill_combination = 1
; automatic_infill_combination_max_layer_height = 100%
; avoid_crossing_curled_overhangs = 0
; avoid_crossing_perimeters = 0
; avoid_crossing_perimeters_max_detour = 0
; bed_custom_model = 
; bed_custom_texture = 
; bed_shape = 0x0,210x0,210x210,0x210
; bed_temperature = 40
; bed_temperature_extruder = 0
; before_layer_gcode = 
; between_objects_gcode = 
; binary_gcode = 0
; bottom_fill_pattern = monotonic
; bottom_solid_layers = 3
; bottom_solid_min_thickness = 0
; bridge_acceleration = 0
; bridge_angle = 0
; bridge_fan_speed = 80
; bridge_flow_ratio = 1
; bridge_speed = 60
; brim_separation = 0
; brim_type = outer_only
; brim_width = 0
; chamber_minimal_temperature = 0
; chamber_temperature = 0
; color_change_gcode = M600
; colorprint_heights = 
; compatible_printers_condition_cummulative = ;"printer_notes!~/.*NO_TEMPLATES.*/ and printer_notes!~/.*PRINTER_VENDOR_TRILAB.*/ and printer_notes!~/.*PRINTER_MODEL_MK4IS.*/ and ! (printer_notes=~/.*PRINTER_VENDOR_PRUSA3D.*/ and num_extruders>1)"
; complete_objects = 1
; cooling = 0
; cooling_perimeter_transition_distance = 0
; cooling_slowdown_logic = uniform_cooling
; cooling_tube_length = 5
; cooling_tube_retraction = 91.5
; custom_parameters_filament = ""
; custom_parameters_print = 
; custom_parameters_printer = 
; default_acceleration = 0
; default_filament_profile = 
; default_print_profile = 
; deretract_speed = 0
; disable_fan_first_layers = 3
; dont_support_bridges = 1
; draft_shield = disabled
; duplicate_distance = 6
; elefant_foot_compensation = 0
; enable_dynamic_fan_speeds = 0
; enable_dynamic_overhang_speeds = 0
; end_filament_gcode = "; Filament-specific end gcode"
; end_gcode = #M104 S0 ; turn off temperature\nG00 Z100; Z Axis to safe point\nG00 Y100; Y Axis to Front\nG28 X0  ; home X axis\nM84     ; disable motors\n
; ensure_vertical_shell_thickness = enabled
; external_perimeter_acceleration = 0
; external_perimeter_extrusion_width = 0
; external_perimeter_speed = 50%
; external_perimeters_first = 0
; extra_loading_move = -2
; extra_perimeters = 1
; extra_perimeters_on_overhangs = 0
; extruder_clearance_height = 20
; extruder_clearance_radius = 25
; extruder_colour = #FF0000
; extruder_offset = 0x0
; extrusion_axis = E
; extrusion_multiplier = 1.16
; extrusion_width = 0
; fan_always_on = 0
; fan_below_layer_time = 100
; filament_abrasive = 0
; filament_colour = #000000
; filament_cooling_final_speed = 2
; filament_cooling_initial_speed = 3
; filament_cooling_moves = 1
; filament_cost = 35000
; filament_density = 1.21
; filament_deretract_speed = nil
; filament_diameter = 1.75
; filament_infill_max_crossing_speed = 0
; filament_infill_max_speed = 0
; filament_load_time = 0
; filament_loading_speed = 14
; filament_loading_speed_start = 19
; filament_max_volumetric_speed = 1.2
; filament_minimal_purge_on_wipe_tower = 0
; filament_multitool_ramming = 0
; filament_multitool_ramming_flow = 10
; filament_multitool_ramming_volume = 10
; filament_notes = ""
; filament_purge_multiplier = 100%
; filament_ramming_parameters = "130 120 2.70968 2.93548 3.32258 3.83871 4.58065 5.54839 6.51613 7.35484 7.93548 8.16129| 0.05 2.66451 0.45 3.05805 0.95 4.05807 1.45 5.97742 1.95 7.69999 2.45 8.1936 2.95 11.342 3.45 11.4065 3.95 7.6 4.45 7.6 4.95 7.6"
; filament_retract_before_travel = nil
; filament_retract_before_wipe = nil
; filament_retract_layer_change = nil
; filament_retract_length = 0
; filament_retract_length_toolchange = nil
; filament_retract_lift = nil
; filament_retract_lift_above = nil
; filament_retract_lift_below = nil
; filament_retract_restart_extra = nil
; filament_retract_restart_extra_toolchange = nil
; filament_retract_speed = nil
; filament_seam_gap_distance = nil
; filament_settings_id = "TPU Local"
; filament_shrinkage_compensation_xy = 0%
; filament_shrinkage_compensation_z = 0%
; filament_soluble = 0
; filament_spool_weight = 1000
; filament_stamping_distance = 0
; filament_stamping_loading_speed = 20
; filament_toolchange_delay = 0
; filament_travel_lift_before_obstacle = nil
; filament_travel_max_lift = nil
; filament_travel_ramping_lift = nil
; filament_travel_slope = nil
; filament_type = FLEX
; filament_unload_time = 0
; filament_unloading_speed = 20
; filament_unloading_speed_start = 100
; filament_vendor = Eolas Prints
; filament_wipe = nil
; fill_angle = 45
; fill_density = 20%
; fill_pattern = gyroid
; first_layer_acceleration = 0
; first_layer_acceleration_over_raft = 0
; first_layer_bed_temperature = 60
; first_layer_extrusion_width = 200%
; first_layer_height = 0.25
; first_layer_infill_speed = 0
; first_layer_speed = 30
; first_layer_speed_over_raft = 30
; first_layer_temperature = 200
; full_fan_speed_layer = 0
; fuzzy_skin = none
; fuzzy_skin_point_dist = 0.8
; fuzzy_skin_thickness = 0.3
; gap_fill_enabled = 1
; gap_fill_speed = 20
; gcode_comments = 0
; gcode_flavor = marlin
; gcode_label_objects = octoprint
; gcode_resolution = 0.0125
; gcode_substitutions = 
; high_current_on_filament_swap = 0
; host_type = prusalink
; idle_temperature = nil
; infill_acceleration = 0
; infill_anchor = 600%
; infill_anchor_max = 50
; infill_every_layers = 1
; infill_extruder = 1
; infill_extrusion_width = 0
; infill_first = 0
; infill_overlap = 25%
; infill_speed = 80
; inherits_cummulative = ;"Eolas Prints TPU 93A @Template";
; interface_shells = 0
; interlocking_beam = 0
; interlocking_beam_layer_count = 2
; interlocking_beam_width = 0.8
; interlocking_boundary_avoidance = 2
; interlocking_depth = 2
; interlocking_orientation = 22.5
; ironing = 0
; ironing_flowrate = 15%
; ironing_spacing = 0.1
; ironing_speed = 15
; ironing_type = top
; layer_gcode = 
; layer_height = 0.2
; machine_limits_usage = time_estimate_only
; machine_max_acceleration_e = 10000,5000
; machine_max_acceleration_extruding = 1500,1250
; machine_max_acceleration_retracting = 1500,1250
; machine_max_acceleration_travel = 1500,1250
; machine_max_acceleration_x = 9000,1000
; machine_max_acceleration_y = 9000,1000
; machine_max_acceleration_z = 500,200
; machine_max_feedrate_e = 120,120
; machine_max_feedrate_x = 500,200
; machine_max_feedrate_y = 500,200
; machine_max_feedrate_z = 12,12
; machine_max_jerk_e = 2.5,2.5
; machine_max_jerk_x = 10,10
; machine_max_jerk_y = 10,10
; machine_max_jerk_z = 0.2,0.4
; machine_max_junction_deviation = 0,0
; machine_min_extruding_rate = 0,0
; machine_min_travel_rate = 0,0
; max_fan_speed = 90
; max_layer_height = 0
; max_print_height = 200
; max_print_speed = 80
; max_volumetric_extrusion_rate_slope_negative = 0
; max_volumetric_extrusion_rate_slope_positive = 0
; max_volumetric_speed = 0
; min_bead_width = 85%
; min_fan_speed = 70
; min_feature_size = 25%
; min_layer_height = 0.05
; min_print_speed = 10
; min_skirt_length = 0
; mmu_segmented_region_interlocking_depth = 0
; mmu_segmented_region_max_width = 0
; multimaterial_purging = 140
; notes = 
; nozzle_diameter = 0.4
; nozzle_high_flow = 0
; only_one_perimeter_first_layer = 0
; only_retract_when_crossing_perimeters = 0
; ooze_prevention = 0
; output_filename_format = [print_time],[filament_type],[input_filename_base].gcode
; over_bridge_speed = 0
; overhang_fan_speed_0 = 0
; overhang_fan_speed_1 = 0
; overhang_fan_speed_2 = 0
; overhang_fan_speed_3 = 0
; overhang_speed_0 = 15
; overhang_speed_1 = 15
; overhang_speed_2 = 20
; overhang_speed_3 = 25
; overhangs = 1
; parking_pos_retraction = 92
; pause_print_gcode = M601
; perimeter_acceleration = 0
; perimeter_extruder = 1
; perimeter_extrusion_width = 0
; perimeter_generator = arachne
; perimeter_speed = 60
; perimeters = 3
; physical_printer_settings_id = 
; post_process = 
; prefer_clockwise_movements = 0
; print_settings_id = Anet
; printer_model = 
; printer_notes = 
; printer_settings_id = Anet
; printer_technology = FFF
; printer_variant = 
; printer_vendor = 
; raft_contact_distance = 0.1
; raft_expansion = 1.5
; raft_first_layer_density = 90%
; raft_first_layer_expansion = 3
; raft_layers = 0
; remaining_times = 1
; resolution = 0
; retract_before_travel = 2
; retract_before_wipe = 0%
; retract_layer_change = 0
; retract_length = 2
; retract_length_toolchange = 10
; retract_lift = 0
; retract_lift_above = 0
; retract_lift_below = 0
; retract_restart_extra = 0
; retract_restart_extra_toolchange = 0
; retract_speed = 40
; scarf_seam_entire_loop = 0
; scarf_seam_length = 20
; scarf_seam_max_segment_length = 1
; scarf_seam_on_inner_perimeters = 0
; scarf_seam_only_on_smooth = 1
; scarf_seam_placement = nowhere
; scarf_seam_start_height = 0%
; seam_gap_distance = 15%
; seam_position = aligned
; silent_mode = 1
; single_extruder_multi_material = 0
; single_extruder_multi_material_priming = 1
; skirt_distance = 6
; skirt_height = 1
; skirts = 0
; slice_closing_radius = 0.049
; slicing_mode = regular
; slowdown_below_layer_time = 10
; small_perimeter_speed = 15
; solid_infill_acceleration = 0
; solid_infill_below_area = 70
; solid_infill_every_layers = 0
; solid_infill_extruder = 1
; solid_infill_extrusion_width = 0
; solid_infill_speed = 20
; spiral_vase = 0
; staggered_inner_seams = 0
; standby_temperature_delta = -5
; start_filament_gcode = "; Filament gcode\n"
; start_gcode = G28 ; home all axes\nG1 Z5 F5000 ; lift nozzle\n
; support_material = 0
; support_material_angle = 0
; support_material_auto = 1
; support_material_bottom_contact_distance = 0
; support_material_bottom_interface_layers = -1
; support_material_buildplate_only = 0
; support_material_closing_radius = 2
; support_material_contact_distance = 0.2
; support_material_enforce_layers = 0
; support_material_extruder = 1
; support_material_extrusion_width = 0
; support_material_interface_contact_loops = 0
; support_material_interface_extruder = 1
; support_material_interface_layers = 3
; support_material_interface_pattern = rectilinear
; support_material_interface_spacing = 0
; support_material_interface_speed = 100%
; support_material_pattern = rectilinear
; support_material_spacing = 2.5
; support_material_speed = 60
; support_material_style = grid
; support_material_synchronize_layers = 0
; support_material_threshold = 0
; support_material_with_sheath = 1
; support_material_xy_spacing = 50%
; support_tree_angle = 40
; support_tree_angle_slow = 25
; support_tree_branch_diameter = 2
; support_tree_branch_diameter_angle = 5
; support_tree_branch_diameter_double_wall = 3
; support_tree_branch_distance = 1
; support_tree_tip_diameter = 0.8
; support_tree_top_rate = 15%
; temperature = 190
; template_custom_gcode = 
; thick_bridges = 1
; thin_walls = 1
; thumbnails = 
; thumbnails_format = PNG
; toolchange_gcode = 
; top_fill_pattern = monotonic
; top_infill_extrusion_width = 0
; top_one_perimeter_type = none
; top_solid_infill_acceleration = 0
; top_solid_infill_speed = 15
; top_solid_layers = 3
; top_solid_min_thickness = 0
; travel_acceleration = 0
; travel_lift_before_obstacle = 0
; travel_max_lift = 0
; travel_ramping_lift = 0
; travel_short_distance_acceleration = 0
; travel_slope = 0
; travel_speed = 130
; travel_speed_z = 0
; use_firmware_retraction = 0
; use_relative_e_distances = 0
; use_volumetric_e = 0
; variable_layer_height = 1
; wall_distribution_count = 1
; wall_transition_angle = 10
; wall_transition_filter_deviation = 25%
; wall_transition_length = 100%
; wipe = 0
; wipe_into_infill = 0
; wipe_into_objects = 0
; wipe_tower = 1
; wipe_tower_acceleration = 0
; wipe_tower_bridging = 10
; wipe_tower_brim_width = 2
; wipe_tower_cone_angle = 0
; wipe_tower_extra_flow = 100%
; wipe_tower_extra_spacing = 100%
; wipe_tower_extruder = 0
; wipe_tower_no_sparse_layers = 0
; wipe_tower_width = 60
; wiping_volumes_matrix = 0
; wiping_volumes_use_custom_matrix = 0
; xy_size_compensation = 0
; z_offset = 0.3
; prusaslicer_config = end
