; generated by PrusaSlicer 2.9.4 on 2026-05-23 at 14:30:14 UTC

; 

; external perimeters extrusion width = 0.45mm
; perimeters extrusion width = 0.45mm
; infill extrusion width = 0.45mm
; solid infill extrusion width = 0.45mm
; top infill extrusion width = 0.40mm
; first layer extrusion width = 0.50mm

M73 P0 R6
M73 Q0 S6

; printing object spacer_for_board_casing_1.stl id:0 copy 0
; stop printing object spacer_for_board_casing_1.stl id:0 copy 0

M190 S40 ; set bed temperature and wait for it to be reached
M104 S200 ; set temperature
;TYPE:Custom
G28 ; home all axes
G1 Z5 F5000 ; lift nozzle
M109 S200 ; set temperature and wait for it to be reached
G21 ; set units to millimeters
G90 ; use absolute coordinates
M82 ; use absolute distances for extrusion
G92 E0
; Filament gcode
M107
;LAYER_CHANGE
;Z:0.55
;HEIGHT:0.55
; printing object spacer_for_board_casing_1.stl id:0 copy 0
G92 E0
G1 X101.627 Y104.405 F7800
G1 Z.55
;TYPE:Perimeter
;WIDTH:0.499999
;HEIGHT:0.25
G1 F645.235
G1 X101.69 Y104.128 E.01529
G1 X101.841 Y103.628 E.0434
G1 X102.078 Y103.173 E.07101
G1 X102.408 Y102.733 E.10061
G1 X102.844 Y102.315 E.13311
G1 X103.276 Y102.043 E.16058
G1 X103.736 Y101.796 E.18868
G1 X104.225 Y101.642 E.21627
G1 X104.925 Y101.558 E.25421
G1 X105.54 Y101.598 E.28738
G1 X106.029 Y101.727 E.3146
G1 X106.43 Y101.873 E.33757
G1 X107.026 Y102.217 E.3746
G1 X107.539 Y102.699 E.41248
G1 X107.783 Y102.974 E.43226
G1 X108.145 Y103.602 E.47127
G1 X108.312 Y104.137 E.50143
G1 X108.423 Y104.638 E.52905
G1 X108.423 Y105.36 E.5679
G1 X108.31 Y105.872 E.59612
G1 X108.159 Y106.372 E.62423
G1 X107.922 Y106.826 E.65179
G1 X107.486 Y107.383 E.68986
G1 X106.797 Y107.935 E.73737
G1 X106.165 Y108.222 E.77472
G1 X105.809 Y108.345 E.79499
G1 X105.088 Y108.441 E.83413
G1 X104.55 Y108.417 E.86311
G1 X103.963 Y108.266 E.89573
G1 X103.543 Y108.118 E.91969
G1 X103.303 Y107.999 E.93411
G1 X102.629 Y107.495 E.9794
G1 X102.266 Y107.098 E1.00835
G1 X101.958 Y106.576 E1.04097
M73 Q1 S6
G1 X101.77 Y106.182 E1.06446
M73 P1 R6
G1 X101.627 Y105.703 E1.09136
G1 X101.564 Y105.228 E1.11715
G1 X101.577 Y104.623 E1.14972
G1 X101.614 Y104.464 E1.15851
G1 X102.063 Y104.482 F7800
;TYPE:External perimeter
G1 F645.235
G1 X102.219 Y103.88 E1.19198
G1 X102.46 Y103.405 E1.22064
G1 X102.744 Y103.03 E1.24596
G1 X103.153 Y102.637 E1.27648
G1 X103.826 Y102.241 E1.3185
G1 X104.331 Y102.076 E1.34709
G1 X104.974 Y102.001 E1.38193
G1 X105.501 Y102.043 E1.41038
G1 X106.126 Y102.22 E1.44534
G1 X106.802 Y102.604 E1.48718
G1 X107.396 Y103.198 E1.53239
G1 X107.759 Y103.826 E1.57143
G1 X107.959 Y104.543 E1.61149
G1 X107.977 Y105.36 E1.65547
G1 X107.781 Y106.12 E1.69771
G1 X107.54 Y106.595 E1.72637
G1 X107.137 Y107.103 E1.76127
G1 X106.525 Y107.581 E1.80306
G1 X105.75 Y107.903 E1.84822
G1 X105.03 Y107.998 E1.8873
G1 X104.58 Y107.969 E1.91157
G1 X103.88 Y107.781 E1.95058
G1 X103.509 Y107.603 E1.97272
G1 X102.901 Y107.141 E2.01381
G1 X102.604 Y106.802 E2.03806
G1 X102.241 Y106.174 E2.0771
G1 X102.076 Y105.668 E2.10574
G1 X102.011 Y105.237 E2.1292
G1 X102.024 Y104.633 E2.16171
G1 X102.048 Y104.54 E2.16688
G1 X102.148 Y104.153 F7800
G1 X101.197 Y104.329
;TYPE:Perimeter
;WIDTH:0.485034
G1 F667.619
G1 X101.266 Y104.015 E2.1836
G1 X101.493 Y103.364 E2.21946
;WIDTH:0.467154
G1 F696.487
G1 X101.776 Y102.862 E2.24819
;WIDTH:0.46881
G1 F693.708
G1 X102.137 Y102.397 E2.27766
G1 X102.569 Y101.992 E2.3073
;WIDTH:0.485172
G1 F667.405
G1 X103.056 Y101.663 E2.33788
G1 X103.608 Y101.391 E2.3699
;WIDTH:0.457488
G1 F713.157
G1 X104.116 Y101.236 E2.39576
;WIDTH:0.478714
G1 F677.545
G1 X104.651 Y101.149 E2.42354
G1 X105.154 Y101.133 E2.44933
;WIDTH:0.47224
G1 F688.024
G1 X105.861 Y101.228 E2.48533
G1 X106.459 Y101.416 E2.51697
;WIDTH:0.486664
G1 F665.106
G1 X106.92 Y101.649 E2.54394
G1 X107.465 Y102.023 E2.57845
;WIDTH:0.480354
G1 F674.941
G1 X107.848 Y102.39 E2.60574
G1 X108.15 Y102.762 E2.63039
;WIDTH:0.471372
G1 F689.454
G1 X108.501 Y103.354 E2.66505
G1 X108.62 Y103.655 E2.68135
;WIDTH:0.47309
G1 F686.63
G1 X108.808 Y104.316 E2.7161
;WIDTH:0.480834
G1 F674.183
G1 X108.859 Y104.82 E2.74219
G1 X108.846 Y105.408 E2.77248
;WIDTH:0.485174
G1 F667.402
G1 X108.734 Y105.985 E2.80306
G1 X108.536 Y106.568 E2.83509
;WIDTH:0.457482
G1 F713.168
G1 X108.286 Y107.037 E2.86097
;WIDTH:0.478814
G1 F677.386
G1 X107.97 Y107.476 E2.8887
G1 X107.623 Y107.845 E2.91467
;WIDTH:0.469406
G1 F692.714
G1 X107.059 Y108.277 E2.95028
;WIDTH:0.470864
G1 F690.293
G1 X106.798 Y108.427 E2.96542
;WIDTH:0.481764
G1 F672.718
G1 X106.332 Y108.626 E2.99157
G1 X105.864 Y108.766 E3.01678
;WIDTH:0.483568
G1 F669.895
G1 X105.349 Y108.848 E3.04381
G1 X104.843 Y108.868 E3.07006
G1 X104.14 Y108.767 E3.10687
G1 X103.541 Y108.584 E3.13934
;WIDTH:0.463022
G1 F703.517
M73 Q2 S6
G1 X103.073 Y108.361 E3.16493
;WIDTH:0.485022
G1 F667.637
M73 P2 R6
G1 X102.661 Y108.073 E3.19107
G1 X102.215 Y107.685 E3.22182
;WIDTH:0.454944
G1 F717.678
G1 X101.85 Y107.238 E3.24974
;WIDTH:0.48353
G1 F669.954
G1 X101.578 Y106.795 E3.27668
G1 X101.359 Y106.312 E3.30417
;WIDTH:0.470312
G1 F691.208
G1 X101.208 Y105.768 E3.33253
;WIDTH:0.455598
G1 F716.511
G1 X101.143 Y105.219 E3.35932
;WIDTH:0.46303
G1 F703.503
G1 X101.157 Y104.506 E3.39452
;WIDTH:0.485034
G1 F667.619
G1 X101.184 Y104.388 E3.40082
G92 E0
G1 X105.199 Y100.706 F7800
;WIDTH:0.499999
G1 F645.235
G1 X105.21 Y100.706 E.00059
G1 X105.973 Y100.81 E.04203
G1 X106.613 Y101.021 E.0783
G1 X107.145 Y101.27 E.10991
G1 X107.613 Y101.583 E.14021
G1 X108.171 Y102.094 E.18093
G1 X108.632 Y102.695 E.22169
G1 X108.896 Y103.176 E.25122
G1 X109.15 Y103.874 E.29119
G1 X109.243 Y104.307 E.31502
G1 X109.296 Y104.839 E.34379
G1 X109.264 Y105.569 E.38311
G1 X109.158 Y106.103 E.41241
G1 X108.911 Y106.782 E.45129
G1 X108.65 Y107.247 E.47999
G1 X108.301 Y107.76 E.51338
G1 X107.911 Y108.167 E.54372
G1 X107.322 Y108.619 E.58367
G1 X106.993 Y108.813 E.60422
G1 X106.478 Y109.04 E.63451
G1 X105.974 Y109.175 E.66259
G1 X105.359 Y109.286 E.69622
G1 X104.787 Y109.294 E.72701
G1 X104.027 Y109.19 E.76829
G1 X103.299 Y108.945 E.80963
G1 X102.836 Y108.717 E.8374
G1 X102.365 Y108.396 E.86807
G1 X101.806 Y107.876 E.90916
G1 X101.349 Y107.274 E.94983
G1 X101.046 Y106.674 E.986
G1 X100.846 Y106.121 E1.01765
G1 X100.737 Y105.572 E1.04777
G1 X100.704 Y104.826 E1.08796
G1 X100.733 Y104.446 E1.10847
G1 X100.842 Y103.897 E1.13859
G1 X101.102 Y103.182 E1.17953
G1 X101.48 Y102.527 E1.22023
G1 X101.822 Y102.101 E1.24963
G1 X102.387 Y101.583 E1.29088
G1 X102.84 Y101.28 E1.32021
G1 X103.495 Y100.974 E1.35912
G1 X104.007 Y100.83 E1.38774
G1 X104.641 Y100.714 E1.42243
G1 X105.139 Y100.707 E1.44923
G1 X105.209 Y100.264 F7800
;TYPE:External perimeter
G1 F645.235
G1 X105.268 Y100.264 E1.45241
G1 X106.089 Y100.379 E1.49702
G1 X106.775 Y100.605 E1.53589
G1 X107.372 Y100.885 E1.57138
G1 X107.889 Y101.231 E1.60486
G1 X108.501 Y101.792 E1.64954
G1 X109.007 Y102.45 E1.69421
G1 X109.303 Y102.991 E1.7274
G1 X109.569 Y103.721 E1.76921
G1 X109.686 Y104.258 E1.79879
G1 X109.742 Y104.858 E1.83122
G1 X109.708 Y105.622 E1.87238
G1 X109.589 Y106.224 E1.9054
M73 P3 R6
M73 Q3 S6
G1 X109.304 Y107.007 E1.95024
G1 X108.954 Y107.614 E1.98795
G1 X108.64 Y108.051 E2.01691
G1 X108.21 Y108.5 E2.05037
G1 X107.593 Y108.973 E2.09221
G1 X107.196 Y109.212 E2.11715
G1 X106.626 Y109.462 E2.15065
G1 X106.089 Y109.606 E2.18057
G1 X105.417 Y109.731 E2.21735
G1 X104.795 Y109.745 E2.25083
G1 X104.241 Y109.672 E2.2809
G1 X103.621 Y109.543 E2.31498
G1 X103.137 Y109.361 E2.34281
G1 X102.628 Y109.115 E2.37323
G1 X102.113 Y108.771 E2.40656
G1 X101.499 Y108.208 E2.45139
G1 X101.16 Y107.767 E2.48132
G1 X100.812 Y107.237 E2.51544
G1 X100.59 Y106.744 E2.54454
G1 X100.413 Y106.232 E2.57369
G1 X100.292 Y105.625 E2.607
G1 X100.258 Y104.846 E2.64896
G1 X100.291 Y104.383 E2.67394
G1 X100.411 Y103.776 E2.70724
G1 X100.696 Y102.993 E2.75208
G1 X101.111 Y102.274 E2.79676
G1 X101.495 Y101.795 E2.8298
G1 X102.111 Y101.231 E2.87475
G1 X102.621 Y100.89 E2.90777
G1 X103.376 Y100.537 E2.95262
G1 X104.124 Y100.337 E2.99429
G1 X104.631 Y100.268 E3.02183
G1 X105.149 Y100.264 E3.04971
G1 X105.547 Y100.305 F7800
;LAYER_CHANGE
;Z:0.75
;HEIGHT:0.2
G92 E0
G1 Z.75 F7800
M104 S190 ; set temperature
M140 S30 ; set bed temperature
G1 X101.686 Y104.416
;TYPE:Perimeter
;WIDTH:0.449999
G1 F884.349
G1 X101.728 Y104.167 E.00991
G1 X101.892 Y103.67 E.03046
G1 X102.115 Y103.243 E.04937
G1 X102.556 Y102.669 E.07779
G1 X102.947 Y102.313 E.09855
G1 X103.634 Y101.911 E.1298
G1 X104.216 Y101.712 E.15395
G1 X104.928 Y101.622 E.18213
G1 X105.534 Y101.662 E.20598
G1 X106.165 Y101.834 E.23166
G1 X106.68 Y102.092 E.25428
G1 X107.119 Y102.369 E.27466
G1 X107.63 Y102.881 E.30306
G1 X107.987 Y103.456 E.32963
G1 X108.161 Y103.814 E.34526
G1 X108.309 Y104.307 E.36547
G1 X108.37 Y104.833 E.38626
G1 X108.358 Y105.375 E.40755
G1 X108.157 Y106.196 E.44074
G1 X107.913 Y106.707 E.46297
G1 X107.565 Y107.182 E.48609
G1 X107.306 Y107.467 E.50121
G1 X106.907 Y107.792 E.52142
G1 X106.507 Y108.024 E.53958
G1 X105.945 Y108.244 E.56328
G1 X105.283 Y108.35 E.5896
G1 X104.875 Y108.375 E.60565
G1 X104.481 Y108.338 E.62119
G1 X103.782 Y108.151 E.6496
G1 X103.121 Y107.809 E.67882
G1 X102.648 Y107.428 E.70267
G1 X102.273 Y106.993 E.72522
G1 X101.911 Y106.366 E.75365
G1 X101.737 Y105.864 E.77451
G1 X101.622 Y105.066 E.80617
G1 X101.662 Y104.562 E.82602
G1 X101.677 Y104.475 E.82949
G1 X102.081 Y104.485 F7800
;TYPE:External perimeter
G1 F884.349
G1 X102.092 Y104.378 E.83371
G1 X102.245 Y103.878 E.85424
G1 X102.438 Y103.491 E.87122
G1 X102.879 Y102.917 E.89964
G1 X103.211 Y102.625 E.917
M73 P4 R6
M73 Q4 S6
G1 X103.838 Y102.263 E.94543
G1 X104.338 Y102.1 E.96608
G1 X104.973 Y102.026 E.99118
G1 X105.499 Y102.068 E1.0119
G1 X106.051 Y102.225 E1.03443
G1 X106.789 Y102.625 E1.06739
G1 X107.375 Y103.211 E1.09993
G1 X107.737 Y103.838 E1.12836
G1 X107.9 Y104.339 E1.14905
G1 X107.963 Y104.824 E1.16825
G1 X107.951 Y105.366 E1.18954
G1 X107.763 Y106.09 E1.21891
G1 X107.518 Y106.583 E1.24053
G1 X107.118 Y107.087 E1.26579
G1 X106.721 Y107.426 E1.28629
G1 X106.359 Y107.645 E1.3029
G1 X105.797 Y107.865 E1.3266
G1 X105.229 Y107.946 E1.34913
G1 X104.902 Y107.969 E1.362
G1 X104.586 Y107.944 E1.37445
G1 X103.887 Y107.757 E1.40286
G1 X103.317 Y107.452 E1.42824
G1 X102.91 Y107.116 E1.44896
G1 X102.625 Y106.789 E1.46599
G1 X102.263 Y106.162 E1.49442
G1 X102.1 Y105.661 E1.51511
G1 X102.026 Y105.022 E1.54037
G1 X102.075 Y104.545 E1.5592
G1 X102.165 Y104.155 F7800
G1 X101.208 Y104.331
;TYPE:Perimeter
;WIDTH:0.629322
G1 F613.913
G1 X101.256 Y104.018 E1.57711
;WIDTH:0.624186
G1 F619.338
G1 X101.493 Y103.364 E1.61611
;WIDTH:0.639046
G1 F603.899
G1 X101.843 Y102.774 E1.65555
G1 X102.165 Y102.369 E1.6853
;WIDTH:0.621216
G1 F622.519
G1 X102.588 Y101.975 E1.71754
;WIDTH:0.641938
G1 F600.984
G1 X103.052 Y101.666 E1.74975
G1 X103.677 Y101.364 E1.78986
;WIDTH:0.629268
G1 F613.97
G1 X104.352 Y101.186 E1.82934
G1 X105.148 Y101.133 E1.87446
;WIDTH:0.627472
G1 F615.856
G1 X105.85 Y101.226 E1.91439
G1 X106.369 Y101.382 E1.94495
;WIDTH:0.641012
G1 F601.914
G1 X106.931 Y101.657 E1.98104
G1 X107.468 Y102.021 E2.01846
;WIDTH:0.63896
G1 F603.986
G1 X107.84 Y102.381 E2.04822
G1 X108.15 Y102.763 E2.0765
;WIDTH:0.640572
G1 F602.357
G1 X108.422 Y103.205 E2.10642
G1 X108.633 Y103.665 E2.13559
;WIDTH:0.624748
G1 F618.74
G1 X108.814 Y104.34 E2.17481
;WIDTH:0.629056
G1 F614.192
G1 X108.867 Y104.844 E2.20346
G1 X108.814 Y105.652 E2.24924
;WIDTH:0.62623
G1 F617.168
G1 X108.635 Y106.324 E2.28837
G1 X108.533 Y106.567 E2.3032
;WIDTH:0.607676
G1 F637.443
G1 X108.193 Y107.175 E2.34115
;WIDTH:0.61813
G1 F625.858
G1 X107.668 Y107.804 E2.38661
G1 X107.257 Y108.139 E2.41603
;WIDTH:0.62018
G1 F623.636
G1 X106.8 Y108.431 E2.44623
;WIDTH:0.634212
G1 F608.836
G1 X106.333 Y108.628 E2.47514
;WIDTH:0.64116
G1 F601.765
G1 X105.647 Y108.809 E2.51608
G1 X104.928 Y108.87 E2.55772
;WIDTH:0.615758
G1 F628.45
G1 X104.354 Y108.809 E2.58961
;WIDTH:0.640562
G1 F602.367
G1 X103.85 Y108.689 E2.61948
G1 X103.375 Y108.512 E2.6487
;WIDTH:0.625876
G1 F617.542
G1 X102.887 Y108.237 E2.6802
;WIDTH:0.630832
G1 F612.337
G1 X102.523 Y107.972 E2.70573
G1 X102.154 Y107.624 E2.73449
;WIDTH:0.640612
G1 F602.317
G1 X101.729 Y107.055 E2.77543
G1 X101.434 Y106.503 E2.81151
;WIDTH:0.627388
G1 F615.945
G1 X101.264 Y106.013 E2.84075
;WIDTH:0.633362
G1 F609.713
G1 X101.17 Y105.525 E2.86905
G1 X101.136 Y104.806 E2.91004
;WIDTH:0.629322
G1 F613.913
G1 X101.199 Y104.391 E2.93378
G92 E0
G1 X105.175 Y100.638 F7800
;WIDTH:0.449999
G1 F884.349
G1 X105.952 Y100.739 E.03077
G1 X106.479 Y100.892 E.05232
G1 X107.183 Y101.22 E.08282
M73 P5 R6
M73 Q5 S6
G1 X107.811 Y101.659 E.11291
G1 X108.215 Y102.046 E.13488
G1 X108.537 Y102.466 E.15566
G1 X108.881 Y103.003 E.1807
G1 X109.11 Y103.537 E.20351
G1 X109.305 Y104.286 E.2339
G1 X109.363 Y105.184 E.26923
G1 X109.302 Y105.743 E.29131
G1 X109.102 Y106.493 E.32179
G1 X108.781 Y107.183 E.35167
G1 X108.341 Y107.811 E.38178
G1 X107.954 Y108.215 E.40375
G1 X107.457 Y108.596 E.42834
G1 X107.023 Y108.87 E.44849
G1 X106.499 Y109.101 E.47098
G1 X105.994 Y109.236 E.4915
G1 X105.387 Y109.35 E.51575
G1 X104.816 Y109.362 E.53818
G1 X104.291 Y109.293 E.55897
G1 X103.693 Y109.167 E.58297
G1 X103.161 Y108.96 E.60538
G1 X102.621 Y108.648 E.62987
G1 X102.179 Y108.331 E.65123
G1 X101.762 Y107.925 E.67408
G1 X101.294 Y107.306 E.70455
G1 X100.987 Y106.7 E.73122
G1 X100.784 Y106.137 E.75472
M73 P5 R5
G1 X100.673 Y105.585 E.77683
G1 X100.65 Y105.071 E.79703
G1 X100.669 Y104.437 E.82193
G1 X100.779 Y103.885 E.84403
G1 X101.044 Y103.155 E.87452
G1 X101.427 Y102.49 E.90465
G1 X101.771 Y102.062 E.92621
G1 X102.348 Y101.532 E.95697
G1 X102.804 Y101.227 E.97851
G1 X103.507 Y100.898 E1.00899
G1 X103.991 Y100.768 E1.02867
G1 X104.613 Y100.65 E1.05353
G1 X105.115 Y100.639 E1.07325
G1 X105.2 Y100.23 F7800
;TYPE:External perimeter
G1 F884.349
G1 X106.035 Y100.339 E1.10631
G1 X106.622 Y100.51 E1.13032
G1 X107.387 Y100.865 E1.16343
G1 X108.07 Y101.344 E1.19619
G1 X108.519 Y101.773 E1.22057
M73 Q5 S5
G1 X108.993 Y102.391 E1.25115
G1 X109.254 Y102.839 E1.27151
G1 X109.504 Y103.432 E1.29678
G1 X109.71 Y104.241 E1.32956
G1 X109.77 Y105.206 E1.36752
G1 X109.704 Y105.818 E1.39169
G1 X109.486 Y106.633 E1.42482
G1 X109.135 Y107.387 E1.45748
G1 X108.656 Y108.07 E1.49024
G1 X108.227 Y108.519 E1.51462
G1 X107.705 Y108.919 E1.54044
G1 X107.207 Y109.234 E1.56358
G1 X106.635 Y109.486 E1.58812
G1 X106.099 Y109.629 E1.6099
G1 X105.419 Y109.756 E1.63706
G1 X104.794 Y109.77 E1.66161
G1 X104.237 Y109.697 E1.68367
G1 X103.567 Y109.554 E1.71057
G1 X102.984 Y109.328 E1.73512
G1 X102.417 Y109.001 E1.76082
G1 X101.933 Y108.659 E1.78409
G1 X101.481 Y108.227 E1.80864
G1 X101.14 Y107.782 E1.83065
G1 X100.791 Y107.25 E1.85563
G1 X100.567 Y106.754 E1.877
G1 X100.389 Y106.238 E1.89843
G1 X100.268 Y105.634 E1.92262
G1 X100.236 Y104.92 E1.95068
G1 X100.266 Y104.379 E1.97195
G1 X100.386 Y103.775 E1.99613
G1 X100.673 Y102.982 E2.02924
G1 X101.09 Y102.26 E2.06198
G1 X101.472 Y101.783 E2.08597
G1 X102.095 Y101.211 E2.11918
G1 X102.603 Y100.871 E2.14318
G1 X103.367 Y100.514 E2.17629
G1 X104.046 Y100.332 E2.20389
G1 X104.581 Y100.244 E2.22518
G1 X105.14 Y100.231 E2.24713
M73 Q6 S5
G1 X105.538 Y100.275 F7800
M73 P6 R5
;LAYER_CHANGE
;Z:0.95
;HEIGHT:0.2
G92 E0
G1 Z.95 F7800
G1 X101.694 Y104.417
;TYPE:Perimeter
G1 F884.349
G1 X101.849 Y103.782 E.02567
G1 X102.121 Y103.229 E.04987
G1 X102.454 Y102.778 E.07188
G1 X102.89 Y102.36 E.0956
G1 X103.477 Y102.001 E.12262
G1 X103.814 Y101.839 E.1373
G1 X104.332 Y101.687 E.1585
G1 X104.925 Y101.622 E.18192
G1 X105.533 Y101.662 E.20584
G1 X106.232 Y101.853 E.23429
G1 X106.993 Y102.273 E.26842
G1 X107.494 Y102.744 E.29542
G1 X107.727 Y103.007 E.30922
G1 X108.089 Y103.634 E.33765
G1 X108.288 Y104.216 E.3618
G1 X108.371 Y104.771 E.38383
G1 X108.358 Y105.375 E.40755
G1 X108.15 Y106.219 E.44168
G1 X107.879 Y106.771 E.46583
G1 X107.436 Y107.342 E.49421
G1 X106.982 Y107.738 E.51786
G1 X106.354 Y108.096 E.54624
G1 X105.661 Y108.314 E.57476
G1 X105.054 Y108.38 E.59873
G1 X104.466 Y108.338 E.62188
G1 X103.931 Y108.205 E.64353
G1 X103.378 Y107.964 E.66722
G1 X102.67 Y107.445 E.70169
G1 X102.317 Y107.059 E.72223
G1 X102.013 Y106.544 E.74571
G1 X101.832 Y106.163 E.76227
G1 X101.691 Y105.694 E.7815
G1 X101.63 Y105.278 E.79801
G1 X101.641 Y104.635 E.82326
G1 X101.68 Y104.475 E.82973
G1 X102.088 Y104.487 F7800
;TYPE:External perimeter
G1 F884.349
G1 X102.243 Y103.887 E.85406
G1 X102.482 Y103.417 E.87476
G1 X102.753 Y103.055 E.89252
G1 X103.172 Y102.654 E.91529
G1 X103.681 Y102.354 E.93849
G1 X103.936 Y102.227 E.94968
G1 X104.452 Y102.084 E.9707
G1 X104.97 Y102.026 E.99117
G1 X105.498 Y102.068 E1.01197
G1 X106.118 Y102.244 E1.03728
G1 X106.789 Y102.625 E1.06758
G1 X107.375 Y103.211 E1.10012
G1 X107.737 Y103.838 E1.12855
G1 X107.9 Y104.339 E1.14924
G1 X107.964 Y104.8 E1.16751
G1 X107.951 Y105.366 E1.18974
G1 X107.757 Y106.113 E1.22004
G1 X107.518 Y106.583 E1.24074
G1 X107.118 Y107.087 E1.266
G1 X106.721 Y107.426 E1.2865
G1 X106.158 Y107.739 E1.31179
G1 X105.546 Y107.923 E1.33688
G1 X105.018 Y107.974 E1.35771
G1 X104.501 Y107.932 E1.37808
G1 X104.061 Y107.818 E1.39593
G1 X103.54 Y107.591 E1.41824
G1 X102.917 Y107.122 E1.44886
G1 X102.625 Y106.789 E1.46625
G1 X102.263 Y106.162 E1.49468
G1 X102.1 Y105.661 E1.51537
G1 X102.037 Y105.259 E1.53135
G1 X102.048 Y104.643 E1.55554
G1 X102.073 Y104.545 E1.55951
G1 X102.173 Y104.157 F7800
G1 X101.2 Y104.33
;TYPE:Perimeter
;WIDTH:0.642494
G1 F600.426
G1 X101.264 Y104.025 E1.57753
G1 X101.494 Y103.364 E1.618
;WIDTH:0.62418
G1 F619.344
G1 X101.776 Y102.861 E1.65033
;WIDTH:0.624712
G1 F618.778
G1 X102.13 Y102.404 E1.68277
G1 X102.763 Y101.849 E1.73001
;WIDTH:0.63792
G1 F605.042
G1 X103.227 Y101.567 E1.76117
G1 X103.665 Y101.367 E1.7888
;WIDTH:0.629234
G1 F614.005
G1 X104.352 Y101.185 E1.82899
G1 X105.144 Y101.133 E1.87388
G1 X105.862 Y101.228 E1.91484
G1 X106.459 Y101.416 E1.95024
;WIDTH:0.643714
G1 F599.207
G1 X106.92 Y101.649 E1.98017
G1 X107.465 Y102.024 E2.01851
;WIDTH:0.637388
G1 F605.583
M73 Q7 S5
G1 X107.848 Y102.39 E2.04889
G1 X108.15 Y102.763 E2.07641
M73 P7 R5
;WIDTH:0.640572
G1 F602.357
G1 X108.422 Y103.205 E2.10633
G1 X108.633 Y103.665 E2.1355
;WIDTH:0.624748
G1 F618.74
G1 X108.792 Y104.233 E2.1686
;WIDTH:0.625892
G1 F617.525
G1 X108.866 Y104.819 E2.20181
G1 X108.846 Y105.409 E2.235
;WIDTH:0.642132
G1 F600.789
G1 X108.733 Y105.988 E2.2691
G1 X108.507 Y106.635 E2.30871
;WIDTH:0.629326
G1 F613.909
G1 X108.155 Y107.239 E2.34825
G1 X107.668 Y107.804 E2.39044
;WIDTH:0.618128
G1 F625.861
G1 X107.257 Y108.139 E2.41986
;WIDTH:0.635862
G1 F607.142
G1 X106.796 Y108.424 E2.45086
G1 X106.335 Y108.632 E2.47978
;WIDTH:0.625828
G1 F617.593
G1 X105.798 Y108.783 E2.51114
;WIDTH:0.630996
G1 F612.166
G1 X105.349 Y108.853 E2.53692
G1 X104.843 Y108.867 E2.56563
;WIDTH:0.62475
G1 F618.737
G1 X104.259 Y108.797 E2.59864
;WIDTH:0.625692
G1 F617.737
G1 X103.7 Y108.645 E2.6312
G1 X103.159 Y108.401 E2.66456
;WIDTH:0.642488
G1 F600.432
G1 X102.67 Y108.079 E2.69842
G1 X102.215 Y107.684 E2.73327
;WIDTH:0.612068
G1 F632.524
G1 X101.85 Y107.237 E2.76495
;WIDTH:0.640578
G1 F602.351
G1 X101.578 Y106.795 E2.79487
G1 X101.359 Y106.312 E2.82544
;WIDTH:0.627388
G1 F615.945
G1 X101.208 Y105.768 E2.85727
;WIDTH:0.612898
G1 F631.603
G1 X101.144 Y105.229 E2.88711
;WIDTH:0.619344
G1 F624.54
G1 X101.153 Y104.551 E2.92481
;WIDTH:0.642494
G1 F600.426
G1 X101.187 Y104.389 E2.93438
G92 E0
G1 X105.175 Y100.643 F7800
;WIDTH:0.449999
G1 F884.349
G1 X105.207 Y100.642 E.00126
G1 X105.991 Y100.748 E.03232
G1 X106.636 Y100.961 E.05899
G1 X107.178 Y101.215 E.08249
G1 X107.653 Y101.532 E.10491
G1 X108.219 Y102.051 E.13506
G1 X108.537 Y102.466 E.15559
G1 X108.881 Y103.003 E.18063
G1 X109.11 Y103.537 E.20344
G1 X109.305 Y104.286 E.23383
G1 X109.36 Y104.841 E.25573
G1 X109.328 Y105.576 E.28462
G1 X109.219 Y106.124 E.30656
G1 X108.957 Y106.845 E.33668
G1 X108.706 Y107.279 E.35637
G1 X108.35 Y107.802 E.38121
G1 X107.954 Y108.215 E.40368
G1 X107.552 Y108.524 E.42359
G1 X107.023 Y108.87 E.44841
G1 X106.499 Y109.101 E.4709
G1 X105.9 Y109.261 E.49524
G1 X105.36 Y109.35 E.51673
G1 X104.778 Y109.357 E.53958
G1 X104.012 Y109.251 E.56994
G1 X103.492 Y109.094 E.59127
G1 X102.779 Y108.757 E.62224
G1 X102.33 Y108.45 E.6436
G1 X101.754 Y107.914 E.67449
G1 X101.293 Y107.306 E.70445
G1 X100.987 Y106.7 E.73111
G1 X100.783 Y106.137 E.75462
G1 X100.674 Y105.59 E.77652
G1 X100.64 Y104.829 E.80643
G1 X100.669 Y104.437 E.82186
G1 X100.778 Y103.89 E.84376
G1 X101.044 Y103.155 E.87445
G1 X101.427 Y102.49 E.90458
G1 X101.767 Y102.066 E.92592
G1 X102.343 Y101.536 E.95665
G1 X102.99 Y101.124 E.98677
G1 X103.501 Y100.899 E1.00869
G1 X103.991 Y100.768 E1.02861
G1 X104.64 Y100.65 E1.05451
G1 X105.115 Y100.643 E1.07316
G1 X105.2 Y100.239 F7800
;TYPE:External perimeter
G1 F884.349
G1 X105.26 Y100.239 E1.07552
G1 X106.096 Y100.355 E1.10866
G1 X106.784 Y100.582 E1.13711
G1 X107.385 Y100.864 E1.16318
G1 X107.905 Y101.211 E1.18773
G1 X108.52 Y101.775 E1.22049
G1 X108.993 Y102.391 E1.25098
M73 P8 R5
M73 Q8 S5
G1 X109.254 Y102.839 E1.27134
G1 X109.504 Y103.432 E1.29661
G1 X109.71 Y104.241 E1.32939
G1 X109.767 Y104.859 E1.35376
G1 X109.733 Y105.625 E1.38387
G1 X109.612 Y106.234 E1.40825
G1 X109.327 Y107.018 E1.441
G1 X108.975 Y107.627 E1.46862
G1 X108.659 Y108.067 E1.48989
G1 X108.227 Y108.519 E1.51444
G1 X107.667 Y108.949 E1.54216
G1 X107.207 Y109.234 E1.56341
G1 X106.635 Y109.486 E1.58795
G1 X106.005 Y109.654 E1.61355
G1 X105.419 Y109.756 E1.6369
G1 X104.794 Y109.77 E1.66145
G1 X103.965 Y109.661 E1.69428
G1 X103.383 Y109.492 E1.71808
G1 X102.611 Y109.134 E1.75149
G1 X102.107 Y108.798 E1.77527
G1 X101.48 Y108.225 E1.80862
G1 X101.14 Y107.782 E1.83055
G1 X100.791 Y107.25 E1.85553
G1 X100.567 Y106.754 E1.8769
G1 X100.389 Y106.238 E1.89833
G1 X100.269 Y105.64 E1.92228
G1 X100.233 Y104.847 E1.95345
G1 X100.266 Y104.379 E1.97187
G1 X100.384 Y103.78 E1.99584
G1 X100.673 Y102.982 E2.02916
G1 X101.09 Y102.26 E2.0619
G1 X101.469 Y101.787 E2.0857
G1 X102.094 Y101.212 E2.11905
G1 X102.797 Y100.764 E2.15178
G1 X103.365 Y100.514 E2.17615
G1 X104.118 Y100.313 E2.20675
G1 X104.631 Y100.243 E2.22708
G1 X105.14 Y100.239 E2.24707
G1 X105.538 Y100.28 F7800
;LAYER_CHANGE
;Z:1.15
;HEIGHT:0.2
G92 E0
G1 Z1.15 F7800
G1 X101.694 Y104.417
;TYPE:Perimeter
G1 F884.349
G1 X101.836 Y103.833 E.0236
G1 X102.099 Y103.271 E.04796
G1 X102.393 Y102.846 E.06825
G1 X102.889 Y102.361 E.09549
G1 X103.587 Y101.938 E.12754
G1 X104.148 Y101.733 E.15099
G1 X104.731 Y101.643 E.17415
G1 X105.097 Y101.625 E.18854
G1 X105.625 Y101.677 E.20937
G1 X106.079 Y101.8 E.22784
G1 X106.745 Y102.108 E.25665
G1 X107.342 Y102.564 E.28615
G1 X107.807 Y103.119 E.31458
G1 X108.101 Y103.656 E.33862
G1 X108.288 Y104.216 E.3618
G1 X108.371 Y104.77 E.3838
G1 X108.36 Y105.363 E.40709
G1 X108.156 Y106.197 E.4408
G1 X107.913 Y106.707 E.46298
G1 X107.565 Y107.182 E.4861
G1 X107.306 Y107.467 E.50122
G1 X106.884 Y107.806 E.52247
G1 X106.354 Y108.096 E.54619
G1 X105.664 Y108.313 E.57459
G1 X105.055 Y108.38 E.59865
G1 X104.466 Y108.338 E.62184
G1 X103.844 Y108.169 E.64715
G1 X103.294 Y107.904 E.67112
G1 X102.985 Y107.709 E.68547
G1 X102.581 Y107.363 E.70636
G1 X102.342 Y107.09 E.72061
G1 X102.013 Y106.544 E.74564
G1 X101.832 Y106.163 E.7622
G1 X101.691 Y105.693 E.78147
G1 X101.629 Y105.23 E.79981
G1 X101.64 Y104.637 E.8231
G1 X101.68 Y104.475 E.82965
G1 X102.084 Y104.486 F7800
;TYPE:External perimeter
G1 F884.349
G1 X102.243 Y103.887 E.85398
G1 X102.482 Y103.417 E.87468
G1 X102.752 Y103.058 E.89232
G1 X103.172 Y102.655 E.91517
G1 X103.79 Y102.29 E.94335
G1 X104.271 Y102.122 E.96336
G1 X104.776 Y102.048 E.9834
G1 X105.062 Y102.031 E.99465
G1 X105.65 Y102.102 E1.01791
G1 X105.908 Y102.169 E1.02838
M73 Q9 S5
G1 X106.574 Y102.478 E1.05721
M73 P9 R5
G1 X107.087 Y102.881 E1.08282
G1 X107.49 Y103.374 E1.10782
G1 X107.741 Y103.845 E1.12878
G1 X107.9 Y104.339 E1.14916
G1 X107.963 Y104.825 E1.1684
G1 X107.953 Y105.354 E1.18917
G1 X107.763 Y106.093 E1.21913
G1 X107.518 Y106.583 E1.24064
G1 X107.118 Y107.087 E1.2659
G1 X106.721 Y107.426 E1.2864
G1 X106.158 Y107.739 E1.31169
G1 X105.549 Y107.923 E1.33667
G1 X105.018 Y107.974 E1.35762
G1 X104.501 Y107.932 E1.37799
G1 X103.958 Y107.778 E1.40015
G1 X103.489 Y107.546 E1.42069
G1 X103.246 Y107.397 E1.43188
G1 X102.822 Y107.02 E1.45416
G1 X102.648 Y106.822 E1.46451
G1 X102.366 Y106.34 E1.48644
G1 X102.22 Y106.041 E1.4995
G1 X102.057 Y105.398 E1.52555
G1 X102.054 Y104.598 E1.55696
G1 X102.068 Y104.544 E1.55915
G1 X102.171 Y104.157 F7800
G1 X101.207 Y104.331
;TYPE:Perimeter
;WIDTH:0.64031
G1 F602.621
G1 X101.232 Y104.152 E1.56956
G1 X101.468 Y103.434 E1.61311
;WIDTH:0.619122
G1 F624.781
G1 X101.773 Y102.861 E1.64919
;WIDTH:0.62568
G1 F617.75
G1 X102.127 Y102.408 E1.68151
G1 X102.551 Y102.009 E1.71424
;WIDTH:0.6396
G1 F603.339
G1 X102.914 Y101.747 E1.74
G1 X103.562 Y101.412 E1.78198
;WIDTH:0.614742
G1 F629.567
G1 X104.069 Y101.245 E1.81142
;WIDTH:0.633134
G1 F609.948
G1 X104.676 Y101.147 E1.84642
G1 X105.139 Y101.132 E1.87279
;WIDTH:0.624624
G1 F618.871
G1 X105.741 Y101.203 E1.9068
;WIDTH:0.620062
G1 F623.763
G1 X106.286 Y101.353 E1.93827
;WIDTH:0.630076
G1 F613.125
G1 X106.925 Y101.643 E1.97801
;WIDTH:0.632938
G1 F610.151
G1 X107.329 Y101.915 E2.00573
G1 X107.853 Y102.387 E2.04586
;WIDTH:0.625502
G1 F617.939
G1 X108.187 Y102.812 E2.07623
;WIDTH:0.631154
G1 F612.001
G1 X108.426 Y103.203 E2.10223
G1 X108.633 Y103.665 E2.13095
;WIDTH:0.62475
G1 F618.737
G1 X108.814 Y104.34 E2.17017
;WIDTH:0.62895
G1 F614.303
G1 X108.867 Y104.844 E2.19882
G1 X108.816 Y105.642 E2.24402
;WIDTH:0.626152
G1 F617.25
G1 X108.635 Y106.324 E2.28371
G1 X108.533 Y106.567 E2.29854
;WIDTH:0.60768
G1 F637.439
G1 X108.193 Y107.175 E2.33649
;WIDTH:0.618126
G1 F625.863
G1 X107.668 Y107.804 E2.38195
G1 X107.257 Y108.139 E2.41137
;WIDTH:0.63586
G1 F607.144
G1 X106.796 Y108.424 E2.44237
G1 X106.335 Y108.632 E2.47129
;WIDTH:0.625812
G1 F617.61
G1 X105.801 Y108.782 E2.50247
;WIDTH:0.631156
G1 F611.999
G1 X105.349 Y108.853 E2.52843
G1 X104.843 Y108.867 E2.55715
;WIDTH:0.627572
G1 F615.751
G1 X104.15 Y108.774 E2.59658
G1 X103.632 Y108.618 E2.62709
;WIDTH:0.633006
G1 F610.081
G1 X103.055 Y108.341 E2.66352
G1 X102.668 Y108.089 E2.6898
;WIDTH:0.624632
G1 F618.863
G1 X102.146 Y107.614 E2.7294
;WIDTH:0.64061
G1 F602.319
G1 X101.729 Y107.055 E2.76961
G1 X101.434 Y106.503 E2.80569
;WIDTH:0.618336
G1 F625.634
G1 X101.243 Y105.931 E2.83916
G1 X101.154 Y105.409 E2.86855
;WIDTH:0.632148
G1 F610.969
G1 X101.138 Y104.83 E2.90147
;WIDTH:0.64031
G1 F602.621
G1 X101.199 Y104.391 E2.92701
G92 E0
G1 X105.175 Y100.639 F7800
;WIDTH:0.449999
G1 F884.349
G1 X105.959 Y100.74 E.03104
G1 X106.464 Y100.894 E.05177
G1 X107.178 Y101.215 E.08251
G1 X107.637 Y101.521 E.10417
G1 X108.219 Y102.051 E.13508
G1 X108.591 Y102.535 E.15905
G1 X108.881 Y103.002 E.18063
G1 X109.11 Y103.537 E.20348
G1 X109.305 Y104.286 E.23387
M73 P10 R5
M73 Q10 S5
G1 X109.363 Y105.184 E.2692
G1 X109.304 Y105.733 E.29088
G1 X109.102 Y106.494 E.3218
G1 X108.781 Y107.183 E.35165
G1 X108.341 Y107.811 E.38176
G1 X107.954 Y108.215 E.40373
G1 X107.552 Y108.524 E.42364
G1 X107.023 Y108.87 E.44846
G1 X106.499 Y109.101 E.47095
G1 X105.903 Y109.26 E.49517
G1 X105.387 Y109.35 E.51574
G1 X104.816 Y109.362 E.53817
G1 X104.048 Y109.261 E.56858
G1 X103.567 Y109.122 E.58824
G1 X103.276 Y108.993 E.60074
G1 X102.778 Y108.756 E.6224
G1 X102.335 Y108.454 E.64345
G1 X101.754 Y107.914 E.67459
G1 X101.293 Y107.306 E.70455
G1 X100.987 Y106.7 E.73121
G1 X100.783 Y106.137 E.75472
G1 X100.675 Y105.595 E.77642
G1 X100.639 Y104.809 E.80731
G1 X100.739 Y104.048 E.83745
G1 X100.889 Y103.531 E.85859
G1 X101.211 Y102.834 E.88874
G1 X101.419 Y102.5 E.90419
G1 X101.764 Y102.069 E.92587
G1 X102.237 Y101.634 E.9511
G1 X102.648 Y101.32 E.97141
G1 X103.132 Y101.054 E.99309
G1 X103.871 Y100.783 E1.024
G1 X104.626 Y100.65 E1.0541
G1 X105.116 Y100.638 E1.07335
G1 X105.2 Y100.239 F7800
;TYPE:External perimeter
G1 F884.349
G1 X105.254 Y100.238 E1.07547
G1 X106.096 Y100.355 E1.10885
G1 X106.612 Y100.515 E1.13006
G1 X107.385 Y100.864 E1.16336
G1 X107.889 Y101.199 E1.18712
G1 X108.52 Y101.775 E1.22067
G1 X108.993 Y102.392 E1.2512
G1 X109.254 Y102.838 E1.27149
G1 X109.504 Y103.432 E1.29679
G1 X109.71 Y104.241 E1.32957
G1 X109.77 Y105.206 E1.36753
G1 X109.705 Y105.807 E1.39127
G1 X109.486 Y106.633 E1.42482
G1 X109.135 Y107.387 E1.45748
G1 X108.656 Y108.07 E1.49024
G1 X108.227 Y108.519 E1.51462
G1 X107.667 Y108.949 E1.54234
G1 X107.207 Y109.234 E1.56359
G1 X106.635 Y109.486 E1.58813
G1 X106.008 Y109.654 E1.61362
G1 X105.419 Y109.756 E1.63709
G1 X104.794 Y109.77 E1.66164
G1 X103.965 Y109.661 E1.69447
G1 X103.388 Y109.494 E1.71806
G1 X102.611 Y109.134 E1.75168
G1 X102.111 Y108.801 E1.77527
G1 X101.48 Y108.225 E1.80882
G1 X101.14 Y107.782 E1.83075
G1 X100.791 Y107.25 E1.85573
G1 X100.567 Y106.754 E1.8771
G1 X100.389 Y106.238 E1.89853
G1 X100.27 Y105.645 E1.92228
G1 X100.23 Y104.791 E1.95585
G1 X100.339 Y103.965 E1.98856
G1 X100.506 Y103.388 E2.01215
G1 X100.842 Y102.663 E2.04353
G1 X101.087 Y102.263 E2.06195
G1 X101.465 Y101.791 E2.08569
G1 X101.961 Y101.334 E2.11217
G1 X102.433 Y100.974 E2.13548
G1 X102.962 Y100.683 E2.15919
G1 X103.69 Y100.416 E2.18964
G1 X104.655 Y100.242 E2.22814
G1 X105.14 Y100.239 E2.24718
G1 X105.538 Y100.28 F7800
;LAYER_CHANGE
;Z:1.35
;HEIGHT:0.2
G92 E0
G1 Z1.35 F7800
G1 X101.682 Y104.416
;TYPE:Perimeter
G1 F884.349
G1 X101.849 Y103.783 E.0257
G1 X102.121 Y103.229 E.04993
M73 P11 R5
M73 Q11 S5
G1 X102.454 Y102.778 E.07194
G1 X102.89 Y102.36 E.09566
G1 X103.634 Y101.911 E.12978
G1 X104.216 Y101.712 E.15393
G1 X104.918 Y101.622 E.18172
G1 X105.532 Y101.662 E.20588
G1 X106.232 Y101.853 E.23437
G1 X106.795 Y102.158 E.25951
G1 X107.119 Y102.37 E.27471
G1 X107.63 Y102.881 E.30309
G1 X107.999 Y103.477 E.33061
G1 X108.161 Y103.814 E.34529
G1 X108.309 Y104.306 E.36546
G1 X108.369 Y104.81 E.38539
G1 X108.358 Y105.373 E.4075
G1 X108.15 Y106.219 E.44171
G1 X107.879 Y106.771 E.46586
G1 X107.436 Y107.342 E.49424
G1 X106.982 Y107.738 E.51789
G1 X106.526 Y108.017 E.53888
G1 X105.939 Y108.246 E.56362
G1 X105.283 Y108.35 E.5897
G1 X104.875 Y108.375 E.60575
G1 X104.481 Y108.338 E.62129
G1 X103.782 Y108.15 E.64971
G1 X103.309 Y107.929 E.67021
G1 X102.832 Y107.569 E.69367
G1 X102.54 Y107.312 E.70894
G1 X102.195 Y106.884 E.73053
G1 X101.899 Y106.344 E.75471
G1 X101.737 Y105.864 E.7746
G1 X101.637 Y105.35 E.79516
G1 X101.637 Y104.814 E.81621
G1 X101.66 Y104.496 E.82873
G1 X101.666 Y104.474 E.82963
G1 X102.089 Y104.487 F7800
;TYPE:External perimeter
G1 F884.349
G1 X102.243 Y103.887 E.85395
G1 X102.482 Y103.417 E.87465
G1 X102.746 Y103.062 E.89202
G1 X103.172 Y102.654 E.91518
G1 X103.838 Y102.263 E.9455
G1 X104.338 Y102.1 E.96615
G1 X104.963 Y102.027 E.99086
G1 X105.498 Y102.068 E1.01193
G1 X106.118 Y102.244 E1.03724
G1 X106.591 Y102.511 E1.05857
G1 X106.831 Y102.657 E1.0696
G1 X107.343 Y103.169 E1.09803
G1 X107.646 Y103.681 E1.12139
G1 X107.773 Y103.936 E1.13258
G1 X107.924 Y104.478 E1.15467
G1 X107.962 Y104.803 E1.16752
G1 X107.951 Y105.365 E1.18959
G1 X107.757 Y106.113 E1.21993
G1 X107.518 Y106.583 E1.24063
G1 X107.118 Y107.087 E1.26589
G1 X106.721 Y107.426 E1.28639
G1 X106.354 Y107.648 E1.30323
G1 X105.791 Y107.867 E1.32695
G1 X105.23 Y107.947 E1.3492
G1 X104.902 Y107.969 E1.36211
G1 X104.586 Y107.944 E1.37456
G1 X103.887 Y107.757 E1.40297
G1 X103.491 Y107.562 E1.4203
G1 X102.917 Y107.122 E1.4487
G1 X102.512 Y106.629 E1.47375
G1 X102.259 Y106.155 E1.49485
G1 X102.1 Y105.661 E1.51523
G1 X102.037 Y105.253 E1.53144
G1 X102.047 Y104.649 E1.55516
G1 X102.074 Y104.545 E1.55938
G1 X102.173 Y104.158 F7800
G1 X101.199 Y104.332
;TYPE:Perimeter
;WIDTH:0.64277
G1 F600.15
G1 X101.262 Y104.035 E1.57695
G1 X101.494 Y103.363 E1.61808
;WIDTH:0.62415
G1 F619.376
G1 X101.776 Y102.861 E1.65036
;WIDTH:0.623852
G1 X102.123 Y102.411 E1.6822
G1 X102.568 Y101.993 E1.71641
;WIDTH:0.641604
G1 F601.319
G1 X103.039 Y101.674 E1.74926
G1 X103.678 Y101.363 E1.7903
;WIDTH:0.62917
G1 F614.072
G1 X104.352 Y101.185 E1.82972
G1 X105.134 Y101.132 E1.87404
;WIDTH:0.62933
G1 F613.905
G1 X105.863 Y101.228 E1.91563
G1 X106.459 Y101.416 E1.95098
;WIDTH:0.639464
G1 F603.476
G1 X107.046 Y101.724 E1.98912
G1 X107.611 Y102.153 E2.02994
;WIDTH:0.63731
G1 F605.663
G1 X108.151 Y102.763 E2.07665
;WIDTH:0.637918
G1 X108.433 Y103.227 E2.10781
G1 X108.633 Y103.665 E2.13544
;WIDTH:0.624748
G1 F618.74
G1 X108.791 Y104.231 E2.16842
;WIDTH:0.627598
G1 F615.724
M73 P12 R5
M73 Q12 S5
G1 X108.865 Y104.819 E2.20184
G1 X108.846 Y105.409 E2.23513
;WIDTH:0.64213
G1 F600.791
G1 X108.733 Y105.988 E2.26923
G1 X108.507 Y106.635 E2.30884
;WIDTH:0.629326
G1 F613.909
G1 X108.155 Y107.239 E2.34838
G1 X107.668 Y107.804 E2.39057
;WIDTH:0.618128
G1 F625.861
G1 X107.257 Y108.139 E2.41999
;WIDTH:0.620108
G1 F623.714
G1 X106.8 Y108.431 E2.45018
;WIDTH:0.63425
G1 F608.797
G1 X106.333 Y108.628 E2.47909
G1 X105.861 Y108.766 E2.50714
;WIDTH:0.640568
G1 F602.361
G1 X105.349 Y108.848 E2.53703
G1 X104.843 Y108.868 E2.56622
G1 X104.14 Y108.767 E2.60716
G1 X103.453 Y108.548 E2.64873
;WIDTH:0.615754
G1 F628.454
G1 X102.946 Y108.272 E2.68062
;WIDTH:0.640564
G1 F602.365
G1 X102.526 Y107.968 E2.71051
G1 X102.155 Y107.623 E2.73971
;WIDTH:0.625826
G1 F617.595
G1 X101.815 Y107.191 E2.77062
;WIDTH:0.631322
G1 F611.827
G1 X101.574 Y106.797 E2.79683
G1 X101.359 Y106.312 E2.82694
;WIDTH:0.62739
G1 F615.943
G1 X101.208 Y105.769 E2.85871
;WIDTH:0.613104
G1 F631.375
G1 X101.145 Y105.238 E2.88812
;WIDTH:0.619212
G1 F624.683
G1 X101.153 Y104.557 E2.92598
;WIDTH:0.64277
G1 F600.15
G1 X101.187 Y104.391 E2.93578
G92 E0
G1 X105.2 Y100.642 F7800
;WIDTH:0.449999
G1 F884.349
G1 X105.682 Y100.704 E.01908
G1 X106.307 Y100.833 E.04414
G1 X106.846 Y101.043 E.06685
G1 X107.32 Y101.302 E.08806
G1 X107.95 Y101.782 E.11916
G1 X108.337 Y102.204 E.14164
G1 X108.564 Y102.5 E.15629
G1 X108.891 Y103.025 E.18058
G1 X109.11 Y103.537 E.20245
G1 X109.305 Y104.286 E.23284
G1 X109.36 Y104.841 E.25474
G1 X109.328 Y105.576 E.28363
G1 X109.219 Y106.124 E.30557
G1 X108.957 Y106.845 E.33569
G1 X108.706 Y107.279 E.35538
G1 X108.35 Y107.802 E.38022
G1 X107.954 Y108.215 E.40269
G1 X107.457 Y108.597 E.4273
G1 X107.023 Y108.87 E.44743
G1 X106.499 Y109.101 E.46992
G1 X105.987 Y109.238 E.49073
G1 X105.387 Y109.35 E.5147
G1 X104.816 Y109.362 E.53713
G1 X104.291 Y109.293 E.55792
G1 X103.693 Y109.167 E.58192
G1 X103.161 Y108.96 E.60433
G1 X102.702 Y108.695 E.62514
G1 X102.178 Y108.331 E.65019
G1 X101.762 Y107.924 E.67304
G1 X101.267 Y107.26 E.70556
G1 X100.987 Y106.7 E.73014
G1 X100.783 Y106.136 E.75369
G1 X100.676 Y105.6 E.77515
G1 X100.64 Y104.829 E.80546
G1 X100.669 Y104.436 E.82093
G1 X100.775 Y103.9 E.84238
G1 X101.044 Y103.154 E.87352
G1 X101.427 Y102.49 E.90362
G1 X101.761 Y102.073 E.9246
G1 X102.348 Y101.531 E.95597
G1 X102.791 Y101.235 E.97689
G1 X103.468 Y100.916 E1.00628
G1 X103.991 Y100.768 E1.02762
G1 X104.613 Y100.65 E1.05248
G1 X105.141 Y100.638 E1.07322
G1 X105.21 Y100.233 F7800
;TYPE:External perimeter
G1 F884.349
G1 X105.904 Y100.322 E1.10069
G1 X106.433 Y100.446 E1.12202
G1 X107.018 Y100.673 E1.14666
G1 X107.542 Y100.959 E1.1701
G1 X108.226 Y101.48 E1.20386
G1 X108.637 Y101.929 E1.22776
G1 X108.907 Y102.281 E1.24518
G1 X109.264 Y102.861 E1.27192
G1 X109.504 Y103.432 E1.29624
G1 X109.71 Y104.241 E1.32902
G1 X109.767 Y104.859 E1.35339
G1 X109.733 Y105.625 E1.3835
M73 P13 R5
M73 Q13 S5
G1 X109.612 Y106.234 E1.40788
G1 X109.327 Y107.018 E1.44063
G1 X108.975 Y107.627 E1.46825
G1 X108.659 Y108.067 E1.48952
G1 X108.227 Y108.519 E1.51407
G1 X107.705 Y108.919 E1.53989
G1 X107.207 Y109.234 E1.56303
G1 X106.635 Y109.486 E1.58757
G1 X106.093 Y109.631 E1.6096
G1 X105.419 Y109.756 E1.63652
G1 X104.794 Y109.77 E1.66107
G1 X104.237 Y109.697 E1.68313
G1 X103.567 Y109.554 E1.71003
G1 X102.984 Y109.328 E1.73458
G1 X102.498 Y109.047 E1.75662
G1 X101.933 Y108.659 E1.78353
G1 X101.481 Y108.227 E1.80808
G1 X101.088 Y107.715 E1.83342
G1 X100.791 Y107.25 E1.85508
G1 X100.567 Y106.754 E1.87645
G1 X100.389 Y106.238 E1.89788
G1 X100.271 Y105.65 E1.92143
G1 X100.233 Y104.848 E1.95296
G1 X100.266 Y104.379 E1.97142
G1 X100.382 Y103.791 E1.99495
G1 X100.673 Y102.982 E2.02871
G1 X101.09 Y102.26 E2.06145
G1 X101.462 Y101.795 E2.08483
G1 X102.096 Y101.211 E2.11868
G1 X102.589 Y100.879 E2.14202
G1 X103.367 Y100.514 E2.17576
G1 X104.045 Y100.332 E2.20332
G1 X104.582 Y100.244 E2.22469
G1 X105.15 Y100.23 E2.247
G1 X105.547 Y100.277 F7800
;LAYER_CHANGE
;Z:1.55
;HEIGHT:0.2
G92 E0
G1 Z1.55 F7800
G1 X101.682 Y104.415
;TYPE:Perimeter
G1 F884.349
G1 X101.849 Y103.783 E.02567
G1 X102.121 Y103.229 E.0499
G1 X102.454 Y102.778 E.07191
G1 X102.89 Y102.36 E.09563
G1 X103.634 Y101.911 E.12975
G1 X104.216 Y101.712 E.1539
G1 X104.915 Y101.622 E.18157
G1 X105.532 Y101.662 E.20585
G1 X106.232 Y101.853 E.23434
G1 X106.791 Y102.156 E.25931
G1 X107.119 Y102.37 E.27469
G1 X107.63 Y102.881 E.30307
G1 X107.999 Y103.477 E.33059
G1 X108.161 Y103.814 E.34527
G1 X108.309 Y104.307 E.36548
G1 X108.371 Y104.806 E.38522
G1 X108.36 Y105.356 E.40682
G1 X108.156 Y106.199 E.44088
G1 X107.913 Y106.707 E.46299
G1 X107.565 Y107.182 E.48611
G1 X107.306 Y107.467 E.50123
G1 X106.907 Y107.792 E.52144
G1 X106.501 Y108.027 E.53986
G1 X105.939 Y108.246 E.56354
G1 X105.283 Y108.35 E.58962
G1 X104.874 Y108.375 E.60571
G1 X104.5 Y108.34 E.62046
G1 X103.783 Y108.151 E.64957
G1 X103.315 Y107.932 E.66986
G1 X102.811 Y107.553 E.69462
G1 X102.54 Y107.312 E.70886
G1 X102.197 Y106.887 E.7303
G1 X101.899 Y106.345 E.75459
G1 X101.662 Y105.52 E.78829
G1 X101.64 Y104.804 E.81642
G1 X101.66 Y104.5 E.82838
G1 X101.667 Y104.473 E.82948
G1 X102.085 Y104.486 F7800
;TYPE:External perimeter
G1 F884.349
G1 X102.243 Y103.887 E.8538
G1 X102.482 Y103.417 E.8745
G1 X102.743 Y103.065 E.89171
G1 X103.172 Y102.654 E.91504
G1 X103.838 Y102.263 E.94536
G1 X104.338 Y102.1 E.96601
G1 X104.96 Y102.027 E.9906
G1 X105.498 Y102.068 E1.01179
G1 X106.118 Y102.244 E1.0371
G1 X106.831 Y102.657 E1.06945
G1 X107.343 Y103.169 E1.09788
G1 X107.646 Y103.681 E1.12124
G1 X107.773 Y103.936 E1.13243
G1 X107.924 Y104.478 E1.15452
G1 X107.964 Y104.799 E1.16722
G1 X107.953 Y105.348 E1.18878
M73 Q14 S5
G1 X107.762 Y106.095 E1.21905
M73 P14 R5
G1 X107.518 Y106.583 E1.24047
G1 X107.118 Y107.087 E1.26573
G1 X106.721 Y107.426 E1.28623
G1 X106.354 Y107.648 E1.30307
G1 X105.791 Y107.867 E1.32679
G1 X105.23 Y107.947 E1.34904
G1 X104.9 Y107.969 E1.36203
G1 X104.604 Y107.946 E1.37369
G1 X103.887 Y107.757 E1.4028
G1 X103.513 Y107.575 E1.41913
G1 X102.857 Y107.057 E1.45195
G1 X102.514 Y106.631 E1.47342
G1 X102.259 Y106.155 E1.49462
G1 X102.056 Y105.414 E1.52479
G1 X102.047 Y104.803 E1.54878
G1 X102.054 Y104.604 E1.5566
G1 X102.069 Y104.544 E1.55903
G1 X102.171 Y104.157 F7800
G1 X101.2 Y104.33
;TYPE:Perimeter
;WIDTH:0.642914
G1 F600.006
G1 X101.261 Y104.039 E1.57624
G1 X101.494 Y103.363 E1.61762
;WIDTH:0.624132
G1 F619.395
G1 X101.776 Y102.861 E1.6499
;WIDTH:0.623424
G1 F620.151
G1 X102.12 Y102.415 E1.68144
G1 X102.567 Y101.994 E1.71582
;WIDTH:0.642132
G1 F600.789
G1 X103.059 Y101.662 E1.75012
G1 X103.677 Y101.364 E1.78977
;WIDTH:0.629136
G1 F614.108
G1 X104.352 Y101.185 E1.82926
G1 X105.129 Y101.132 E1.8733
;WIDTH:0.629342
G1 F613.892
G1 X105.863 Y101.228 E1.91517
G1 X106.459 Y101.416 E1.95052
;WIDTH:0.639562
G1 F603.377
G1 X107.042 Y101.721 E1.98838
G1 X107.611 Y102.154 E2.02953
;WIDTH:0.637294
G1 F605.679
G1 X108.151 Y102.763 E2.07619
;WIDTH:0.637916
G1 X108.433 Y103.227 E2.10735
G1 X108.633 Y103.665 E2.13498
;WIDTH:0.624748
G1 F618.74
G1 X108.792 Y104.233 E2.16808
;WIDTH:0.626584
G1 F616.793
G1 X108.866 Y104.816 E2.20116
G1 X108.817 Y105.633 E2.24724
;WIDTH:0.626052
G1 F617.356
G1 X108.634 Y106.325 E2.2875
G1 X108.533 Y106.567 E2.30225
;WIDTH:0.607678
G1 F637.441
G1 X108.193 Y107.175 E2.3402
;WIDTH:0.618126
G1 F625.863
G1 X107.668 Y107.804 E2.38566
G1 X107.257 Y108.139 E2.41508
;WIDTH:0.62011
G1 F623.711
G1 X106.8 Y108.431 E2.44527
;WIDTH:0.634248
G1 F608.799
G1 X106.333 Y108.628 E2.47418
G1 X105.861 Y108.766 E2.50223
;WIDTH:0.640566
G1 F602.363
G1 X105.349 Y108.848 E2.53212
G1 X104.843 Y108.868 E2.56131
;WIDTH:0.640988
G1 F601.938
G1 X104.151 Y108.768 E2.60164
G1 X103.458 Y108.543 E2.64367
;WIDTH:0.616014
G1 F628.169
G1 X102.963 Y108.284 E2.67455
;WIDTH:0.638542
G1 F604.41
G1 X102.508 Y107.952 E2.70691
G1 X102.155 Y107.623 E2.73463
;WIDTH:0.625806
G1 F617.617
G1 X101.695 Y107.017 E2.7774
;WIDTH:0.621498
G1 F622.215
G1 X101.434 Y106.503 E2.80957
;WIDTH:0.643784
G1 F599.137
G1 X101.272 Y106.01 E2.83965
G1 X101.154 Y105.364 E2.87771
;WIDTH:0.619146
G1 F624.755
G1 X101.152 Y104.56 E2.9224
;WIDTH:0.642914
G1 F600.006
G1 X101.188 Y104.389 E2.93251
G92 E0
G1 X105.2 Y100.643 F7800
;WIDTH:0.449999
G1 F884.349
G1 X105.681 Y100.704 E.01904
G1 X106.307 Y100.833 E.04414
G1 X106.846 Y101.043 E.06685
G1 X107.315 Y101.299 E.08783
G1 X107.95 Y101.782 E.11916
G1 X108.337 Y102.204 E.14164
G1 X108.564 Y102.5 E.15629
G1 X108.891 Y103.025 E.18058
G1 X109.11 Y103.537 E.20245
G1 X109.305 Y104.286 E.23284
G1 X109.363 Y105.186 E.26825
G1 X109.305 Y105.723 E.28946
G1 X109.102 Y106.494 E.32076
G1 X108.781 Y107.183 E.35061
M73 Q15 S5
G1 X108.341 Y107.811 E.38072
M73 P15 R5
G1 X107.954 Y108.215 E.40269
G1 X107.457 Y108.597 E.4273
G1 X107.023 Y108.87 E.44743
G1 X106.499 Y109.101 E.46992
G1 X105.987 Y109.238 E.49073
G1 X105.387 Y109.35 E.5147
G1 X104.816 Y109.362 E.53713
G1 X104.086 Y109.266 E.56604
G1 X103.577 Y109.125 E.58678
G1 X103.255 Y108.983 E.6006
G1 X102.682 Y108.686 E.62594
G1 X102.161 Y108.314 E.65108
G1 X101.762 Y107.924 E.67299
G1 X101.268 Y107.263 E.70539
G1 X100.987 Y106.7 E.7301
G1 X100.783 Y106.136 E.75365
G1 X100.677 Y105.605 E.77491
G1 X100.64 Y104.829 E.80541
G1 X100.669 Y104.436 E.82088
G1 X100.774 Y103.905 E.84213
G1 X101.044 Y103.154 E.87347
G1 X101.428 Y102.49 E.90359
G1 X101.757 Y102.077 E.92432
G1 X102.348 Y101.532 E.95589
G1 X102.811 Y101.222 E.97777
G1 X103.507 Y100.898 E1.00791
G1 X103.991 Y100.768 E1.02759
G1 X104.613 Y100.65 E1.05245
G1 X105.141 Y100.637 E1.07319
G1 X105.21 Y100.234 F7800
;TYPE:External perimeter
G1 F884.349
G1 X105.903 Y100.322 E1.10062
G1 X106.433 Y100.446 E1.12199
G1 X107.018 Y100.673 E1.14663
G1 X107.537 Y100.956 E1.16984
G1 X108.226 Y101.48 E1.20383
G1 X108.637 Y101.929 E1.22773
G1 X108.907 Y102.281 E1.24515
G1 X109.264 Y102.861 E1.27189
G1 X109.504 Y103.432 E1.29621
G1 X109.71 Y104.241 E1.32899
G1 X109.77 Y105.207 E1.36699
G1 X109.707 Y105.797 E1.39029
G1 X109.486 Y106.633 E1.42424
G1 X109.135 Y107.387 E1.4569
G1 X108.656 Y108.07 E1.48966
G1 X108.227 Y108.519 E1.51404
G1 X107.705 Y108.919 E1.53986
G1 X107.207 Y109.234 E1.563
G1 X106.635 Y109.486 E1.58754
G1 X106.093 Y109.631 E1.60957
G1 X105.419 Y109.756 E1.63649
G1 X104.794 Y109.77 E1.66104
G1 X103.964 Y109.661 E1.69391
G1 X103.398 Y109.497 E1.71705
G1 X102.771 Y109.207 E1.74417
G1 X102.448 Y109.019 E1.75884
G1 X101.879 Y108.608 E1.7864
G1 X101.439 Y108.172 E1.81072
G1 X100.916 Y107.467 E1.84519
G1 X100.615 Y106.864 E1.87165
G1 X100.389 Y106.238 E1.89778
G1 X100.271 Y105.655 E1.92114
G1 X100.233 Y104.848 E1.95286
G1 X100.266 Y104.379 E1.97132
G1 X100.38 Y103.796 E1.99464
G1 X100.673 Y102.982 E2.02861
G1 X101.09 Y102.26 E2.06135
G1 X101.458 Y101.799 E2.08451
G1 X102.095 Y101.211 E2.11855
G1 X102.611 Y100.866 E2.14292
G1 X103.367 Y100.514 E2.17566
G1 X104.044 Y100.332 E2.20319
G1 X104.582 Y100.244 E2.2246
G1 X105.15 Y100.23 E2.24691
G1 X105.547 Y100.277 F7800
;LAYER_CHANGE
;Z:1.75
;HEIGHT:0.2
G92 E0
G1 Z1.75 F7800
G1 X101.682 Y104.417
;TYPE:Perimeter
G1 F884.349
G1 X101.849 Y103.784 E.0257
G1 X102.121 Y103.229 E.04997
G1 X102.485 Y102.752 E.07353
G1 X102.888 Y102.362 E.09555
G1 X103.477 Y102.001 E.12268
G1 X103.814 Y101.839 E.13736
G1 X104.331 Y101.688 E.15851
G1 X104.912 Y101.622 E.18147
M73 P16 R5
M73 Q16 S5
G1 X105.532 Y101.662 E.20586
G1 X106.232 Y101.853 E.23435
G1 X106.786 Y102.153 E.25909
G1 X107.119 Y102.37 E.2747
G1 X107.63 Y102.881 E.30308
G1 X107.999 Y103.477 E.3306
G1 X108.161 Y103.814 E.34528
G1 X108.309 Y104.307 E.36549
G1 X108.371 Y104.809 E.38535
G1 X108.358 Y105.375 E.40758
G1 X108.15 Y106.219 E.44171
G1 X107.879 Y106.771 E.46586
G1 X107.436 Y107.342 E.49424
G1 X106.982 Y107.738 E.51789
G1 X106.526 Y108.017 E.53888
G1 X105.939 Y108.246 E.56362
G1 X105.283 Y108.35 E.5897
G1 X104.875 Y108.375 E.60575
G1 X104.481 Y108.338 E.62129
G1 X103.782 Y108.151 E.6497
G1 X103.135 Y107.818 E.67827
G1 X102.65 Y107.429 E.70268
G1 X102.273 Y106.993 E.72531
G1 X101.911 Y106.366 E.75374
G1 X101.737 Y105.863 E.77464
G1 X101.638 Y105.356 E.79492
G1 X101.637 Y104.812 E.81628
G1 X101.659 Y104.503 E.82844
G1 X101.667 Y104.475 E.82958
G1 X102.089 Y104.487 F7800
;TYPE:External perimeter
G1 F884.349
G1 X102.243 Y103.888 E.85386
G1 X102.482 Y103.417 E.8746
G1 X102.767 Y103.045 E.893
G1 X103.171 Y102.655 E.91505
G1 X103.681 Y102.354 E.9383
G1 X103.936 Y102.227 E.94949
G1 X104.453 Y102.083 E.97056
G1 X104.957 Y102.027 E.99047
G1 X105.498 Y102.068 E1.01177
G1 X106.118 Y102.244 E1.03708
G1 X106.831 Y102.657 E1.06943
G1 X107.343 Y103.169 E1.09786
G1 X107.646 Y103.681 E1.12122
G1 X107.773 Y103.936 E1.13241
G1 X107.924 Y104.477 E1.15446
G1 X107.964 Y104.8 E1.16724
G1 X107.951 Y105.366 E1.18947
G1 X107.757 Y106.113 E1.21977
G1 X107.518 Y106.583 E1.24047
G1 X107.118 Y107.087 E1.26573
G1 X106.721 Y107.426 E1.28623
G1 X106.354 Y107.648 E1.30307
G1 X105.791 Y107.867 E1.32679
G1 X105.23 Y107.947 E1.34904
G1 X104.902 Y107.969 E1.36195
G1 X104.586 Y107.944 E1.3744
G1 X103.887 Y107.757 E1.40281
G1 X103.33 Y107.46 E1.4276
G1 X102.91 Y107.116 E1.44892
G1 X102.625 Y106.789 E1.46595
G1 X102.263 Y106.162 E1.49438
G1 X102.1 Y105.661 E1.51507
G1 X102.038 Y105.259 E1.53104
G1 X102.046 Y104.656 E1.55472
G1 X102.075 Y104.546 E1.55919
G1 X102.174 Y104.158 F7800
G1 X101.2 Y104.333
;TYPE:Perimeter
;WIDTH:0.64306
G1 F599.86
G1 X101.26 Y104.044 E1.57628
G1 X101.494 Y103.363 E1.61796
;WIDTH:0.624116
G1 F619.412
G1 X101.775 Y102.864 E1.65006
;WIDTH:0.628288
G1 F614.998
G1 X102.14 Y102.395 E1.68361
G1 X102.763 Y101.849 E1.73038
;WIDTH:0.637922
G1 F605.04
G1 X103.227 Y101.567 E1.76154
G1 X103.665 Y101.367 E1.78917
;WIDTH:0.629096
G1 F614.15
G1 X104.352 Y101.185 E1.82935
G1 X105.124 Y101.132 E1.8731
;WIDTH:0.62935
G1 F613.884
G1 X105.863 Y101.229 E1.91526
G1 X106.459 Y101.416 E1.95059
;WIDTH:0.639658
G1 F603.28
G1 X107.037 Y101.719 E1.98815
G1 X107.611 Y102.154 E2.0296
;WIDTH:0.637278
G1 F605.696
G1 X108.151 Y102.763 E2.07626
;WIDTH:0.637916
G1 X108.433 Y103.227 E2.10742
G1 X108.633 Y103.665 E2.13505
;WIDTH:0.62475
G1 F618.737
G1 X108.792 Y104.233 E2.16815
;WIDTH:0.625892
G1 F617.525
G1 X108.866 Y104.819 E2.20136
G1 X108.846 Y105.409 E2.23455
;WIDTH:0.642134
G1 F600.787
G1 X108.733 Y105.988 E2.26865
G1 X108.507 Y106.635 E2.30826
;WIDTH:0.629326
G1 F613.909
M73 P17 R5
M73 Q17 S5
G1 X108.155 Y107.239 E2.3478
G1 X107.668 Y107.804 E2.38999
;WIDTH:0.618126
G1 F625.863
G1 X107.257 Y108.139 E2.41941
;WIDTH:0.620108
G1 F623.714
G1 X106.8 Y108.431 E2.4496
;WIDTH:0.634248
G1 F608.799
G1 X106.333 Y108.628 E2.47851
;WIDTH:0.640604
G1 F602.325
G1 X105.647 Y108.809 E2.51941
G1 X104.928 Y108.87 E2.56101
;WIDTH:0.615758
G1 F628.45
G1 X104.354 Y108.809 E2.5929
;WIDTH:0.640564
G1 F602.365
G1 X103.85 Y108.689 E2.62277
G1 X103.375 Y108.512 E2.65199
;WIDTH:0.625786
G1 F617.638
G1 X102.721 Y108.13 E2.69457
;WIDTH:0.621666
G1 F622.035
G1 X102.213 Y107.686 E2.73223
;WIDTH:0.615756
G1 F628.452
G1 X101.85 Y107.237 E2.76413
;WIDTH:0.640578
G1 F602.351
G1 X101.578 Y106.795 E2.79405
G1 X101.359 Y106.312 E2.82462
;WIDTH:0.62739
G1 F615.943
G1 X101.208 Y105.77 E2.85634
;WIDTH:0.613316
G1 F631.14
G1 X101.146 Y105.246 E2.88537
;WIDTH:0.619084
G1 F624.822
G1 X101.152 Y104.563 E2.92333
;WIDTH:0.64306
G1 F599.86
G1 X101.187 Y104.392 E2.93343
G92 E0
G1 X105.2 Y100.643 F7800
;WIDTH:0.449999
G1 F884.349
G1 X105.68 Y100.704 E.019
G1 X106.307 Y100.833 E.04413
G1 X106.846 Y101.043 E.06684
G1 X107.311 Y101.296 E.08763
G1 X107.95 Y101.782 E.11915
G1 X108.337 Y102.204 E.14163
G1 X108.564 Y102.5 E.15628
G1 X108.891 Y103.025 E.18057
G1 X109.11 Y103.537 E.20244
G1 X109.305 Y104.286 E.23283
G1 X109.36 Y104.841 E.25473
G1 X109.328 Y105.576 E.28362
G1 X109.219 Y106.124 E.30556
G1 X108.957 Y106.845 E.33568
G1 X108.706 Y107.279 E.35537
G1 X108.35 Y107.802 E.38021
G1 X107.954 Y108.215 E.40268
G1 X107.457 Y108.597 E.42729
G1 X107.023 Y108.87 E.44742
G1 X106.499 Y109.101 E.46991
G1 X105.987 Y109.238 E.49072
G1 X105.387 Y109.35 E.51469
G1 X104.816 Y109.362 E.53712
G1 X104.291 Y109.293 E.55791
G1 X103.693 Y109.167 E.58191
G1 X103.161 Y108.96 E.60432
G1 X102.634 Y108.656 E.62821
G1 X102.179 Y108.331 E.65016
G1 X101.762 Y107.925 E.67301
G1 X101.293 Y107.306 E.7035
G1 X100.987 Y106.7 E.73016
G1 X100.783 Y106.136 E.75371
G1 X100.677 Y105.61 E.77478
G1 X100.64 Y104.829 E.80548
G1 X100.67 Y104.436 E.82096
G1 X100.773 Y103.91 E.84201
G1 X101.044 Y103.154 E.87354
G1 X101.427 Y102.49 E.90364
G1 X101.777 Y102.055 E.92556
G1 X102.342 Y101.537 E.95566
G1 X102.99 Y101.124 E.98583
G1 X103.501 Y100.899 E1.00775
G1 X103.991 Y100.768 E1.02767
G1 X104.613 Y100.65 E1.05253
G1 X105.141 Y100.637 E1.07327
G1 X105.21 Y100.234 F7800
;TYPE:External perimeter
G1 F884.349
G1 X105.903 Y100.322 E1.1007
G1 X106.433 Y100.446 E1.12207
G1 X107.018 Y100.673 E1.14671
G1 X107.533 Y100.954 E1.16975
G1 X108.226 Y101.48 E1.20391
G1 X108.637 Y101.929 E1.22781
G1 X108.907 Y102.281 E1.24523
G1 X109.264 Y102.861 E1.27197
G1 X109.504 Y103.432 E1.29629
G1 X109.71 Y104.241 E1.32907
G1 X109.767 Y104.859 E1.35344
G1 X109.733 Y105.625 E1.38355
G1 X109.612 Y106.234 E1.40793
G1 X109.327 Y107.018 E1.44068
G1 X108.975 Y107.627 E1.4683
G1 X108.659 Y108.067 E1.48957
G1 X108.227 Y108.519 E1.51412
M73 P18 R5
M73 Q18 S5
G1 X107.705 Y108.919 E1.53994
G1 X107.207 Y109.234 E1.56308
G1 X106.635 Y109.486 E1.58762
G1 X106.093 Y109.631 E1.60965
G1 X105.419 Y109.756 E1.63657
G1 X104.794 Y109.77 E1.66112
G1 X104.237 Y109.697 E1.68318
G1 X103.567 Y109.554 E1.71008
G1 X102.984 Y109.328 E1.73463
G1 X102.43 Y109.008 E1.75975
G1 X101.933 Y108.659 E1.7836
G1 X101.481 Y108.227 E1.80815
G1 X101.14 Y107.782 E1.83016
G1 X100.791 Y107.25 E1.85514
G1 X100.567 Y106.754 E1.87651
G1 X100.389 Y106.238 E1.89794
G1 X100.272 Y105.661 E1.92106
G1 X100.233 Y104.848 E1.95302
G1 X100.266 Y104.379 E1.97148
G1 X100.379 Y103.801 E1.9946
G1 X100.673 Y102.982 E2.02877
G1 X101.09 Y102.26 E2.06151
G1 X101.479 Y101.776 E2.08589
G1 X102.094 Y101.212 E2.11865
G1 X102.797 Y100.764 E2.15138
G1 X103.365 Y100.514 E2.17575
G1 X104.044 Y100.332 E2.20335
G1 X104.582 Y100.244 E2.22476
G1 X105.15 Y100.23 E2.24707
G1 X105.547 Y100.278 F7800
;LAYER_CHANGE
;Z:1.95
;HEIGHT:0.2
G92 E0
G1 Z1.95 F7800
G1 X101.683 Y104.417
;TYPE:Perimeter
G1 F884.349
G1 X101.849 Y103.784 E.02569
G1 X102.121 Y103.229 E.04996
G1 X102.438 Y102.798 E.07097
G1 X102.888 Y102.362 E.09557
G1 X103.634 Y101.911 E.1298
G1 X104.331 Y101.688 E.15853
G1 X104.908 Y101.622 E.18133
G1 X105.531 Y101.662 E.20584
G1 X106.232 Y101.853 E.23437
G1 X106.992 Y102.272 E.26845
G1 X107.485 Y102.736 E.29503
G1 X107.727 Y103.007 E.3093
G1 X108.089 Y103.634 E.33773
G1 X108.288 Y104.216 E.36188
G1 X108.369 Y104.743 E.38282
G1 X108.361 Y105.346 E.4065
G1 X108.245 Y105.86 E.42719
G1 X108.102 Y106.343 E.44697
G1 X107.867 Y106.794 E.46694
G1 X107.436 Y107.342 E.49431
G1 X106.982 Y107.738 E.51796
G1 X106.526 Y108.017 E.53895
G1 X105.939 Y108.246 E.56369
G1 X105.283 Y108.35 E.58977
G1 X104.874 Y108.375 E.60586
G1 X104.507 Y108.341 E.62033
G1 X103.784 Y108.151 E.64968
G1 X103.33 Y107.94 E.66934
G1 X102.83 Y107.567 E.69383
G1 X102.54 Y107.312 E.70899
G1 X102.201 Y106.892 E.73018
G1 X101.899 Y106.345 E.75471
G1 X101.737 Y105.863 E.77468
G1 X101.638 Y105.36 E.79481
G1 X101.637 Y104.811 E.81637
G1 X101.659 Y104.507 E.82834
G1 X101.667 Y104.475 E.82964
G1 X102.09 Y104.488 F7800
;TYPE:External perimeter
G1 F884.349
G1 X102.243 Y103.888 E.85395
G1 X102.482 Y103.417 E.87469
G1 X102.768 Y103.045 E.89311
G1 X103.171 Y102.655 E.91513
G1 X103.838 Y102.263 E.94551
G1 X104.454 Y102.083 E.97071
G1 X104.954 Y102.027 E.99047
G1 X105.498 Y102.068 E1.01189
G1 X106.118 Y102.244 E1.0372
G1 X106.789 Y102.625 E1.0675
G1 X107.198 Y103.024 E1.08994
G1 X107.375 Y103.211 E1.10005
G1 X107.737 Y103.838 E1.12848
G1 X107.9 Y104.339 E1.14917
G1 X107.961 Y104.807 E1.1677
G1 X107.954 Y105.341 E1.18867
G1 X107.757 Y106.112 E1.21992
G1 X107.518 Y106.583 E1.24066
G1 X107.118 Y107.087 E1.26592
G1 X106.721 Y107.426 E1.28642
G1 X106.354 Y107.648 E1.30326
G1 X105.791 Y107.867 E1.32698
M73 Q19 S5
G1 X105.23 Y107.947 E1.34923
M73 P19 R5
G1 X104.899 Y107.969 E1.36226
G1 X104.61 Y107.947 E1.37364
G1 X103.888 Y107.758 E1.40294
G1 X103.512 Y107.574 E1.41938
G1 X102.917 Y107.122 E1.44872
G1 X102.517 Y106.636 E1.47343
G1 X102.259 Y106.156 E1.49483
G1 X102.1 Y105.661 E1.51524
G1 X102.038 Y105.262 E1.53109
G1 X102.046 Y104.659 E1.55477
G1 X102.075 Y104.546 E1.55935
G1 X102.174 Y104.158 F7800
G1 X101.2 Y104.334
;TYPE:Perimeter
;WIDTH:0.64321
G1 F599.71
G1 X101.259 Y104.049 E1.5762
G1 X101.494 Y103.362 E1.61824
;WIDTH:0.624102
G1 F619.427
G1 X101.775 Y102.864 E1.65029
;WIDTH:0.628628
G1 F614.641
G1 X102.14 Y102.395 E1.68386
G1 X102.57 Y101.991 E1.71719
;WIDTH:0.641264
G1 F601.661
G1 X103.026 Y101.681 E1.74901
G1 X103.679 Y101.363 E1.79093
;WIDTH:0.629062
G1 F614.186
G1 X104.352 Y101.185 E1.83029
G1 X105.119 Y101.132 E1.87376
;WIDTH:0.624526
G1 F618.976
G1 X105.618 Y101.185 E1.90191
;WIDTH:0.635878
G1 F607.126
G1 X106.151 Y101.309 E1.93321
G1 X106.625 Y101.488 E1.96219
;WIDTH:0.626422
G1 F616.964
G1 X107.24 Y101.843 E2.00216
;WIDTH:0.627912
G1 F615.393
G1 X107.478 Y102.027 E2.01913
;WIDTH:0.638962
G1 F603.984
G1 X107.84 Y102.381 E2.04824
G1 X108.15 Y102.763 E2.07652
;WIDTH:0.64057
G1 F602.359
G1 X108.422 Y103.205 E2.10644
G1 X108.633 Y103.665 E2.13561
;WIDTH:0.62475
G1 F618.737
G1 X108.791 Y104.229 E2.16848
;WIDTH:0.628386
G1 F614.895
G1 X108.864 Y104.819 E2.20205
G1 X108.848 Y105.386 E2.23408
;WIDTH:0.643894
G1 F599.028
G1 X108.732 Y105.988 E2.26962
G1 X108.507 Y106.635 E2.30933
;WIDTH:0.629326
G1 F613.909
G1 X108.155 Y107.239 E2.34887
G1 X107.668 Y107.804 E2.39106
;WIDTH:0.618128
G1 F625.861
G1 X107.257 Y108.139 E2.42048
;WIDTH:0.620108
G1 F623.714
G1 X106.8 Y108.431 E2.45067
;WIDTH:0.634248
G1 F608.799
G1 X106.333 Y108.628 E2.47958
G1 X105.861 Y108.766 E2.50763
;WIDTH:0.640566
G1 F602.363
G1 X105.349 Y108.848 E2.53752
G1 X104.843 Y108.868 E2.56671
;WIDTH:0.642996
G1 F599.924
G1 X104.14 Y108.765 E2.60783
G1 X103.456 Y108.549 E2.64935
;WIDTH:0.615474
G1 F628.762
G1 X102.97 Y108.286 E2.67987
;WIDTH:0.641526
G1 F601.397
G1 X102.526 Y107.968 E2.7114
G1 X102.155 Y107.623 E2.74065
;WIDTH:0.625768
G1 F617.657
G1 X101.821 Y107.199 E2.77099
;WIDTH:0.631792
G1 F611.338
G1 X101.574 Y106.797 E2.79779
G1 X101.359 Y106.312 E2.82792
;WIDTH:0.627392
G1 F615.941
G1 X101.208 Y105.771 E2.85958
;WIDTH:0.613424
G1 F631.021
G1 X101.146 Y105.25 E2.88845
;WIDTH:0.619016
G1 F624.896
G1 X101.152 Y104.566 E2.92646
;WIDTH:0.64321
G1 F599.71
G1 X101.187 Y104.393 E2.93668
G92 E0
G1 X105.2 Y100.644 F7800
;WIDTH:0.449999
G1 F884.349
G1 X105.679 Y100.705 E.01896
G1 X106.307 Y100.833 E.04413
G1 X106.839 Y101.04 E.06654
G1 X107.487 Y101.414 E.09592
G1 X107.802 Y101.65 E.11137
G1 X108.215 Y102.046 E.13384
G1 X108.537 Y102.466 E.15462
G1 X108.881 Y103.003 E.17966
G1 X109.11 Y103.537 E.20247
G1 X109.305 Y104.286 E.23286
G1 X109.36 Y104.841 E.25476
G1 X109.328 Y105.576 E.28365
G1 X109.219 Y106.124 E.30559
G1 X108.957 Y106.845 E.33571
G1 X108.706 Y107.279 E.3554
G1 X108.35 Y107.802 E.38024
G1 X107.954 Y108.215 E.40271
G1 X107.457 Y108.597 E.42732
G1 X107.023 Y108.87 E.44745
G1 X106.499 Y109.101 E.46994
G1 X105.987 Y109.238 E.49075
M73 P20 R5
M73 Q20 S5
G1 X105.387 Y109.35 E.51472
G1 X104.816 Y109.362 E.53715
G1 X104.319 Y109.297 E.55683
G1 X103.693 Y109.167 E.58193
G1 X103.161 Y108.96 E.60434
G1 X102.726 Y108.709 E.62406
G1 X102.178 Y108.331 E.6502
G1 X101.762 Y107.924 E.67305
G1 X101.272 Y107.269 E.70517
G1 X100.987 Y106.7 E.73016
G1 X100.783 Y106.136 E.75371
G1 X100.678 Y105.616 E.77454
G1 X100.64 Y104.829 E.80548
G1 X100.67 Y104.436 E.82096
G1 X100.772 Y103.915 E.84181
G1 X101.044 Y103.154 E.87354
G1 X101.427 Y102.49 E.90364
G1 X101.777 Y102.055 E.92556
G1 X102.348 Y101.532 E.95596
G1 X102.777 Y101.243 E.97627
G1 X103.468 Y100.916 E1.00629
G1 X103.991 Y100.768 E1.02763
G1 X104.613 Y100.65 E1.05249
G1 X105.141 Y100.637 E1.07323
G1 X105.21 Y100.235 F7800
;TYPE:External perimeter
G1 F884.349
G1 X105.902 Y100.322 E1.10061
G1 X106.433 Y100.446 E1.12202
G1 X107.016 Y100.672 E1.14657
G1 X107.691 Y101.062 E1.17718
G1 X108.067 Y101.341 E1.19556
G1 X108.519 Y101.773 E1.22011
G1 X108.993 Y102.391 E1.25069
G1 X109.254 Y102.839 E1.27105
G1 X109.504 Y103.432 E1.29632
G1 X109.71 Y104.241 E1.3291
G1 X109.767 Y104.859 E1.35347
G1 X109.733 Y105.625 E1.38358
G1 X109.612 Y106.234 E1.40796
G1 X109.327 Y107.018 E1.44071
G1 X108.975 Y107.627 E1.46833
G1 X108.659 Y108.067 E1.4896
G1 X108.227 Y108.519 E1.51415
G1 X107.705 Y108.919 E1.53997
G1 X107.207 Y109.234 E1.56311
G1 X106.635 Y109.486 E1.58765
G1 X106.093 Y109.631 E1.60968
G1 X105.419 Y109.756 E1.6366
G1 X104.794 Y109.77 E1.66115
G1 X104.266 Y109.7 E1.68206
G1 X103.567 Y109.554 E1.7101
G1 X102.984 Y109.328 E1.73465
G1 X102.523 Y109.062 E1.75555
G1 X101.933 Y108.659 E1.7836
G1 X101.481 Y108.227 E1.80815
G1 X101.094 Y107.722 E1.83313
G1 X100.791 Y107.25 E1.85515
G1 X100.567 Y106.754 E1.87652
G1 X100.389 Y106.238 E1.89795
G1 X100.273 Y105.666 E1.92087
G1 X100.233 Y104.848 E1.95303
G1 X100.266 Y104.379 E1.97149
G1 X100.378 Y103.806 E1.99441
G1 X100.673 Y102.982 E2.02877
G1 X101.09 Y102.26 E2.06151
G1 X101.479 Y101.776 E2.08589
G1 X102.095 Y101.211 E2.11871
G1 X102.576 Y100.888 E2.14146
G1 X103.368 Y100.514 E2.17585
G1 X104.043 Y100.332 E2.2033
G1 X104.582 Y100.244 E2.22474
G1 X105.15 Y100.23 E2.24705
G1 X105.547 Y100.278 F7800
;LAYER_CHANGE
;Z:2.15
;HEIGHT:0.2
G92 E0
G1 Z2.15 F7800
G1 X101.683 Y104.417
;TYPE:Perimeter
G1 F884.349
G1 X101.849 Y103.785 E.02566
G1 X102.121 Y103.229 E.04996
G1 X102.454 Y102.778 E.07197
G1 X102.89 Y102.36 E.09569
G1 X103.634 Y101.911 E.12981
G1 X104.216 Y101.712 E.15396
G1 X104.905 Y101.622 E.18124
G1 X105.531 Y101.662 E.20587
G1 X106.232 Y101.853 E.2344
G1 X106.778 Y102.149 E.25879
G1 X107.119 Y102.37 E.27475
G1 X107.63 Y102.881 E.30313
G1 X107.999 Y103.477 E.33065
M73 P21 R5
M73 Q21 S5
G1 X108.161 Y103.814 E.34533
G1 X108.313 Y104.333 E.36656
G1 X108.378 Y104.934 E.3903
G1 X108.324 Y105.564 E.41513
G1 X108.164 Y106.178 E.44004
G1 X107.913 Y106.707 E.46303
G1 X107.565 Y107.182 E.48615
G1 X107.306 Y107.467 E.50127
G1 X106.884 Y107.806 E.52252
G1 X106.354 Y108.096 E.54624
G1 X105.68 Y108.31 E.57401
M73 P21 R4
G1 X105.057 Y108.38 E.59863
G1 X104.481 Y108.338 E.62131
G1 X103.782 Y108.15 E.64973
G1 X103.309 Y107.929 E.67023
G1 X102.832 Y107.569 E.69369
G1 X102.525 Y107.298 E.70977
G1 X102.273 Y106.993 E.7253
G1 X101.911 Y106.366 E.75373
G1 X101.737 Y105.863 E.77463
G1 X101.636 Y105.335 E.79574
G1 X101.636 Y104.813 E.81624
G1 X101.659 Y104.51 E.82817
G1 X101.668 Y104.475 E.82959
G1 X102.09 Y104.488 F7800
;TYPE:External perimeter
G1 F884.349
G1 X102.243 Y103.888 E.8539
G1 X102.482 Y103.417 E.87464
G1 X102.763 Y103.046 E.89291
G1 X103.172 Y102.654 E.91515
G1 X103.838 Y102.263 E.94547
G1 X104.338 Y102.1 E.96612
M73 Q21 S4
G1 X104.951 Y102.027 E.99036
G1 X105.498 Y102.068 E1.0119
G1 X106.118 Y102.244 E1.03721
G1 X106.574 Y102.501 E1.05776
G1 X106.831 Y102.657 E1.06956
G1 X107.343 Y103.169 E1.09799
G1 X107.646 Y103.681 E1.12135
G1 X107.773 Y103.936 E1.13254
G1 X107.915 Y104.438 E1.15302
G1 X107.974 Y104.978 E1.17435
G1 X107.919 Y105.52 E1.19574
G1 X107.776 Y106.055 E1.21748
G1 X107.552 Y106.519 E1.23771
G1 X107.247 Y106.927 E1.25771
G1 X107.044 Y107.155 E1.2697
G1 X106.624 Y107.484 E1.29065
G1 X106.158 Y107.739 E1.31151
G1 X105.565 Y107.92 E1.33585
G1 X105.019 Y107.974 E1.35739
G1 X104.586 Y107.944 E1.37443
G1 X103.887 Y107.757 E1.40284
G1 X103.491 Y107.562 E1.42017
G1 X102.917 Y107.121 E1.44859
G1 X102.625 Y106.789 E1.46595
G1 X102.263 Y106.162 E1.49438
G1 X102.1 Y105.661 E1.51507
G1 X102.036 Y105.238 E1.53187
G1 X102.046 Y104.661 E1.55453
G1 X102.075 Y104.546 E1.55919
G1 X102.174 Y104.158 F7800
G1 X101.2 Y104.334
;TYPE:Perimeter
;WIDTH:0.643362
G1 F599.558
G1 X101.257 Y104.054 E1.57574
G1 X101.495 Y103.362 E1.61812
;WIDTH:0.624088
G1 F619.442
G1 X101.776 Y102.861 E1.65032
;WIDTH:0.62589
G1 F617.527
G1 X102.139 Y102.394 E1.68358
G1 X102.57 Y101.991 E1.71676
;WIDTH:0.641152
G1 F601.773
G1 X103.022 Y101.683 E1.74832
G1 X103.68 Y101.363 E1.79054
;WIDTH:0.629024
G1 F614.225
G1 X104.352 Y101.185 E1.82984
G1 X105.114 Y101.132 E1.87302
;WIDTH:0.629366
G1 F613.867
G1 X105.864 Y101.229 E1.9158
G1 X106.459 Y101.416 E1.95108
;WIDTH:0.639854
G1 F603.082
G1 X107.029 Y101.714 E1.98811
G1 X107.612 Y102.154 E2.03016
;WIDTH:0.637248
G1 F605.726
G1 X108.151 Y102.763 E2.07678
;WIDTH:0.637916
G1 X108.433 Y103.227 E2.10794
G1 X108.633 Y103.665 E2.13557
;WIDTH:0.627412
G1 F615.919
G1 X108.812 Y104.34 E2.17494
G1 X108.867 Y105.158 E2.22116
;WIDTH:0.627642
G1 X108.75 Y105.929 E2.26514
;WIDTH:0.60631
G1 F638.989
G1 X108.533 Y106.567 E2.30176
;WIDTH:0.607678
G1 F637.441
G1 X108.193 Y107.175 E2.33971
;WIDTH:0.618126
G1 F625.863
G1 X107.668 Y107.804 E2.38517
G1 X107.257 Y108.139 E2.41459
;WIDTH:0.63586
G1 F607.144
G1 X106.796 Y108.424 E2.44559
G1 X106.335 Y108.632 E2.47451
M73 P22 R4
M73 Q22 S4
;WIDTH:0.625716
G1 F617.712
G1 X105.609 Y108.823 E2.51671
;WIDTH:0.622006
G1 F621.669
G1 X104.928 Y108.87 E2.55484
;WIDTH:0.615754
G1 F628.454
G1 X104.354 Y108.809 E2.58673
;WIDTH:0.64057
G1 F602.359
G1 X103.85 Y108.689 E2.6166
G1 X103.375 Y108.513 E2.6458
G1 X102.764 Y108.151 E2.68674
G1 X102.213 Y107.686 E2.7283
;WIDTH:0.615762
G1 F628.446
G1 X101.85 Y107.237 E2.7602
;WIDTH:0.640578
G1 F602.351
G1 X101.578 Y106.795 E2.79012
G1 X101.359 Y106.312 E2.82069
;WIDTH:0.627392
G1 F615.941
G1 X101.207 Y105.767 E2.85259
;WIDTH:0.6137
G1 F630.716
G1 X101.144 Y105.222 E2.88279
;WIDTH:0.61895
G1 F624.967
G1 X101.151 Y104.569 E2.91907
;WIDTH:0.643362
G1 F599.558
G1 X101.188 Y104.393 E2.92949
G92 E0
G1 X105.2 Y100.644 F7800
;WIDTH:0.449999
G1 F884.349
G1 X105.678 Y100.705 E.01892
G1 X106.307 Y100.833 E.04412
G1 X106.846 Y101.043 E.06683
G1 X107.302 Y101.291 E.08721
G1 X107.951 Y101.783 E.11919
G1 X108.337 Y102.204 E.14162
G1 X108.564 Y102.5 E.15627
G1 X108.891 Y103.025 E.18056
G1 X109.11 Y103.537 E.20243
G1 X109.305 Y104.286 E.23282
G1 X109.363 Y105.185 E.26819
G1 X109.308 Y105.708 E.28884
G1 X109.102 Y106.495 E.32078
G1 X108.781 Y107.183 E.35059
G1 X108.341 Y107.811 E.3807
G1 X107.954 Y108.215 E.40267
G1 X107.552 Y108.524 E.42258
G1 X107.023 Y108.87 E.4474
G1 X106.499 Y109.101 E.46989
G1 X105.917 Y109.257 E.49355
G1 X105.387 Y109.35 E.51468
G1 X104.816 Y109.362 E.53711
G1 X104.291 Y109.293 E.5579
G1 X103.693 Y109.167 E.5819
G1 X103.161 Y108.96 E.60431
G1 X102.702 Y108.695 E.62512
G1 X102.178 Y108.331 E.65017
G1 X101.762 Y107.925 E.67299
G1 X101.293 Y107.306 E.70348
G1 X100.987 Y106.7 E.73014
G1 X100.783 Y106.136 E.75369
G1 X100.679 Y105.621 E.77432
G1 X100.64 Y104.828 E.80549
G1 X100.67 Y104.436 E.82093
G1 X100.77 Y103.92 E.84157
G1 X101.044 Y103.154 E.87351
G1 X101.427 Y102.49 E.90361
G1 X101.777 Y102.055 E.92553
G1 X102.348 Y101.531 E.95596
G1 X102.773 Y101.245 E.97607
G1 X103.468 Y100.916 E1.00626
G1 X103.991 Y100.768 E1.0276
G1 X104.614 Y100.65 E1.0525
G1 X105.139 Y100.637 E1.07312
G1 X105.21 Y100.235 F7800
;TYPE:External perimeter
G1 F884.349
G1 X105.901 Y100.322 E1.10047
G1 X106.433 Y100.446 E1.12192
G1 X107.018 Y100.673 E1.14656
G1 X107.524 Y100.948 E1.16917
G1 X108.226 Y101.481 E1.20378
G1 X108.637 Y101.929 E1.22765
G1 X108.907 Y102.281 E1.24507
G1 X109.264 Y102.861 E1.27181
G1 X109.504 Y103.432 E1.29613
G1 X109.71 Y104.242 E1.32895
G1 X109.77 Y105.206 E1.36687
G1 X109.709 Y105.781 E1.38957
G1 X109.486 Y106.633 E1.42415
G1 X109.135 Y107.387 E1.45681
G1 X108.656 Y108.07 E1.48957
G1 X108.227 Y108.519 E1.51395
G1 X107.667 Y108.949 E1.54167
G1 X107.207 Y109.234 E1.56292
G1 X106.635 Y109.486 E1.58746
G1 X106.023 Y109.65 E1.61234
G1 X105.419 Y109.756 E1.63642
G1 X104.794 Y109.77 E1.66097
M73 P23 R4
M73 Q23 S4
G1 X104.237 Y109.697 E1.68303
G1 X103.567 Y109.554 E1.70993
G1 X102.984 Y109.328 E1.73448
G1 X102.498 Y109.047 E1.75652
G1 X101.933 Y108.659 E1.78343
G1 X101.481 Y108.227 E1.80798
G1 X101.14 Y107.782 E1.82999
G1 X100.791 Y107.25 E1.85497
G1 X100.567 Y106.754 E1.87634
G1 X100.389 Y106.238 E1.89777
G1 X100.274 Y105.671 E1.92049
G1 X100.233 Y104.849 E1.95281
G1 X100.266 Y104.379 E1.97131
G1 X100.377 Y103.812 E1.994
G1 X100.673 Y102.982 E2.0286
G1 X101.09 Y102.26 E2.06134
G1 X101.479 Y101.776 E2.08572
G1 X102.095 Y101.211 E2.11854
G1 X102.571 Y100.89 E2.14108
G1 X103.368 Y100.514 E2.17568
G1 X104.043 Y100.333 E2.20312
G1 X104.582 Y100.244 E2.22457
G1 X105.15 Y100.229 E2.24688
G1 X105.547 Y100.278 F7800
;LAYER_CHANGE
;Z:2.35
;HEIGHT:0.2
G92 E0
G1 Z2.35 F7800
G1 X101.684 Y104.415
;TYPE:Perimeter
G1 F884.349
G1 X101.849 Y103.785 E.02557
G1 X102.121 Y103.229 E.04987
G1 X102.454 Y102.778 E.07188
G1 X102.89 Y102.36 E.0956
G1 X103.634 Y101.911 E.12972
G1 X104.242 Y101.704 E.15494
G1 X104.902 Y101.622 E.18105
G1 X105.53 Y101.662 E.20576
G1 X106.232 Y101.853 E.23433
G1 X106.774 Y102.146 E.25852
G1 X107.119 Y102.37 E.27467
G1 X107.63 Y102.881 E.30305
G1 X107.999 Y103.477 E.33057
G1 X108.161 Y103.814 E.34525
G1 X108.309 Y104.307 E.36546
G1 X108.37 Y104.835 E.38633
G1 X108.362 Y105.343 E.40628
G1 X108.155 Y106.201 E.44094
G1 X107.913 Y106.707 E.46296
G1 X107.565 Y107.182 E.48608
G1 X107.306 Y107.467 E.5012
G1 X106.884 Y107.806 E.52245
G1 X106.354 Y108.096 E.54617
G1 X105.683 Y108.309 E.57381
G1 X105.057 Y108.379 E.59854
G1 X104.203 Y108.282 E.63229
G1 X103.567 Y108.044 E.65895
G1 X103.271 Y107.901 E.67186
G1 X102.672 Y107.447 E.70137
G1 X102.317 Y107.059 E.72202
G1 X102.013 Y106.544 E.7455
G1 X101.832 Y106.163 E.76206
G1 X101.659 Y105.489 E.78938
G1 X101.636 Y104.812 E.81598
G1 X101.658 Y104.513 E.82775
G1 X101.669 Y104.473 E.82938
G1 X102.09 Y104.487 F7800
;TYPE:External perimeter
G1 F884.349
G1 X102.243 Y103.888 E.85365
G1 X102.482 Y103.417 E.87439
G1 X102.763 Y103.046 E.89266
G1 X103.172 Y102.654 E.9149
G1 X103.838 Y102.263 E.94522
G1 X104.377 Y102.092 E.96742
G1 X104.948 Y102.027 E.98998
G1 X105.497 Y102.068 E1.0116
G1 X106.118 Y102.244 E1.03694
G1 X106.831 Y102.657 E1.06929
G1 X107.343 Y103.169 E1.09772
G1 X107.646 Y103.681 E1.12108
G1 X107.773 Y103.936 E1.13227
G1 X107.924 Y104.477 E1.15432
G1 X107.963 Y104.828 E1.16819
G1 X107.955 Y105.336 E1.18814
G1 X107.761 Y106.098 E1.21901
G1 X107.518 Y106.583 E1.24031
G1 X107.118 Y107.087 E1.26557
G1 X106.721 Y107.426 E1.28607
G1 X106.158 Y107.739 E1.31136
G1 X105.568 Y107.919 E1.33558
G1 X105.019 Y107.974 E1.35724
G1 X104.257 Y107.879 E1.38739
G1 X103.721 Y107.667 E1.41002
G1 X103.517 Y107.577 E1.41877
G1 X102.917 Y107.122 E1.44834
G1 X102.625 Y106.789 E1.46573
M73 P24 R4
M73 Q24 S4
G1 X102.263 Y106.162 E1.49416
G1 X102.1 Y105.661 E1.51485
G1 X102.036 Y105.238 E1.53165
G1 X102.045 Y104.664 E1.55419
G1 X102.076 Y104.545 E1.55902
G1 X102.174 Y104.157 F7800
G1 X101.201 Y104.33
;TYPE:Perimeter
;WIDTH:0.643514
G1 F599.407
G1 X101.256 Y104.058 E1.5751
G1 X101.495 Y103.362 E1.61773
;WIDTH:0.624074
G1 F619.457
G1 X101.776 Y102.861 E1.64993
;WIDTH:0.625892
G1 F617.525
G1 X102.139 Y102.394 E1.68319
G1 X102.57 Y101.991 E1.71637
;WIDTH:0.64104
G1 F601.886
G1 X103.018 Y101.686 E1.74764
G1 X103.68 Y101.363 E1.79014
;WIDTH:0.628988
G1 F614.263
G1 X104.352 Y101.185 E1.82944
G1 X105.11 Y101.132 E1.87239
;WIDTH:0.62937
G1 F613.863
G1 X105.864 Y101.229 E1.91539
G1 X106.459 Y101.416 E1.95067
;WIDTH:0.639954
G1 F602.981
G1 X107.025 Y101.711 E1.98743
G1 X107.612 Y102.155 E2.02981
;WIDTH:0.637232
G1 F605.742
G1 X108.151 Y102.763 E2.07639
;WIDTH:0.637918
G1 X108.433 Y103.227 E2.10755
G1 X108.633 Y103.665 E2.13518
;WIDTH:0.624748
G1 F618.74
G1 X108.814 Y104.339 E2.17434
;WIDTH:0.62877
G1 F614.492
G1 X108.867 Y104.844 E2.20303
G1 X108.82 Y105.613 E2.24657
;WIDTH:0.625844
G1 F617.576
G1 X108.634 Y106.326 E2.288
G1 X108.533 Y106.567 E2.30269
;WIDTH:0.607676
G1 F637.443
G1 X108.193 Y107.175 E2.34064
;WIDTH:0.618126
G1 F625.863
G1 X107.668 Y107.804 E2.3861
G1 X107.257 Y108.139 E2.41552
;WIDTH:0.635864
G1 F607.14
G1 X106.796 Y108.424 E2.44652
G1 X106.335 Y108.632 E2.47544
;WIDTH:0.625696
G1 F617.733
G1 X105.822 Y108.777 E2.50541
;WIDTH:0.632088
G1 F611.031
G1 X105.349 Y108.852 E2.53263
G1 X104.843 Y108.866 E2.5614
;WIDTH:0.626432
G1 F616.954
G1 X104.139 Y108.774 E2.60136
;WIDTH:0.627854
G1 F615.454
G1 X103.848 Y108.695 E2.61837
G1 X103.224 Y108.432 E2.65657
;WIDTH:0.643586
G1 F599.335
G1 X102.765 Y108.15 E2.68778
G1 X102.213 Y107.686 E2.72956
;WIDTH:0.61576
G1 F628.448
G1 X101.85 Y107.237 E2.76146
;WIDTH:0.64058
G1 F602.349
G1 X101.578 Y106.795 E2.79138
G1 X101.359 Y106.312 E2.82195
;WIDTH:0.62739
G1 F615.943
G1 X101.207 Y105.767 E2.85385
;WIDTH:0.61383
G1 F630.572
G1 X101.144 Y105.223 E2.88401
;WIDTH:0.618884
G1 F625.039
G1 X101.151 Y104.572 E2.92018
;WIDTH:0.643514
G1 F599.407
G1 X101.189 Y104.389 E2.93101
G92 E0
G1 X105.2 Y100.645 F7800
;WIDTH:0.449999
G1 F884.349
G1 X105.677 Y100.705 E.01888
G1 X106.307 Y100.833 E.04412
G1 X106.847 Y101.043 E.06687
G1 X107.298 Y101.288 E.08702
G1 X107.951 Y101.783 E.11919
G1 X108.337 Y102.204 E.14162
G1 X108.564 Y102.5 E.15627
G1 X108.891 Y103.025 E.18056
G1 X109.11 Y103.537 E.20243
G1 X109.305 Y104.286 E.23282
G1 X109.363 Y105.185 E.26819
G1 X109.308 Y105.702 E.2886
G1 X109.101 Y106.495 E.32078
G1 X108.781 Y107.183 E.35057
G1 X108.341 Y107.811 E.38068
G1 X107.954 Y108.215 E.40265
G1 X107.552 Y108.524 E.42256
G1 X107.023 Y108.87 E.44738
G1 X106.499 Y109.101 E.46987
G1 X105.92 Y109.256 E.4934
G1 X105.387 Y109.35 E.51465
G1 X104.816 Y109.362 E.53708
G1 X104.074 Y109.265 E.56646
G1 X103.693 Y109.167 E.58191
G1 X103.196 Y108.974 E.60284
G1 X102.733 Y108.713 E.62371
M73 Q25 S4
G1 X102.178 Y108.331 E.65016
M73 P25 R4
G1 X101.762 Y107.925 E.67298
G1 X101.293 Y107.306 E.70347
G1 X100.987 Y106.7 E.73013
G1 X100.783 Y106.136 E.75368
G1 X100.68 Y105.626 E.77411
G1 X100.64 Y104.828 E.80548
G1 X100.67 Y104.436 E.82092
G1 X100.769 Y103.925 E.84136
G1 X101.044 Y103.153 E.87354
G1 X101.427 Y102.49 E.9036
G1 X101.777 Y102.055 E.92552
G1 X102.348 Y101.531 E.95595
G1 X102.769 Y101.248 E.97587
G1 X103.468 Y100.916 E1.00625
G1 X103.991 Y100.768 E1.02759
G1 X104.614 Y100.65 E1.05249
G1 X105.134 Y100.637 E1.07291
G1 X105.141 Y100.638 E1.07319
G1 X105.209 Y100.236 F7800
;TYPE:External perimeter
G1 F884.349
G1 X105.901 Y100.322 E1.10057
G1 X106.433 Y100.446 E1.12202
G1 X107.018 Y100.673 E1.14666
G1 X107.519 Y100.945 E1.16904
G1 X108.226 Y101.481 E1.20388
G1 X108.637 Y101.929 E1.22775
G1 X108.907 Y102.281 E1.24517
G1 X109.264 Y102.861 E1.27191
G1 X109.504 Y103.432 E1.29623
G1 X109.71 Y104.241 E1.32901
G1 X109.77 Y105.206 E1.36697
G1 X109.71 Y105.776 E1.38947
G1 X109.486 Y106.633 E1.42425
G1 X109.135 Y107.387 E1.45691
G1 X108.656 Y108.07 E1.48967
G1 X108.227 Y108.519 E1.51405
G1 X107.667 Y108.949 E1.54177
G1 X107.207 Y109.234 E1.56302
G1 X106.635 Y109.486 E1.58756
G1 X106.026 Y109.649 E1.61231
G1 X105.419 Y109.756 E1.63651
G1 X104.794 Y109.77 E1.66106
G1 X104.021 Y109.668 E1.69167
G1 X103.567 Y109.554 E1.71005
G1 X102.984 Y109.328 E1.7346
G1 X102.529 Y109.065 E1.75524
G1 X101.933 Y108.659 E1.78356
G1 X101.481 Y108.227 E1.80811
G1 X101.14 Y107.782 E1.83012
G1 X100.791 Y107.25 E1.8551
G1 X100.567 Y106.754 E1.87647
G1 X100.389 Y106.238 E1.8979
G1 X100.275 Y105.677 E1.92038
G1 X100.233 Y104.849 E1.95293
G1 X100.266 Y104.379 E1.97143
G1 X100.375 Y103.817 E1.99391
G1 X100.673 Y102.982 E2.02872
G1 X101.09 Y102.26 E2.06146
G1 X101.479 Y101.776 E2.08584
G1 X102.095 Y101.211 E2.11866
G1 X102.567 Y100.893 E2.14101
G1 X103.368 Y100.514 E2.1758
G1 X104.042 Y100.333 E2.2032
G1 X104.582 Y100.244 E2.22469
G1 X105.15 Y100.229 E2.247
G1 X105.547 Y100.278 F7800
;LAYER_CHANGE
;Z:2.55
;HEIGHT:0.2
G92 E0
G1 Z2.55 F7800
G1 X101.684 Y104.415
;TYPE:Perimeter
G1 F884.349
G1 X101.849 Y103.785 E.02557
G1 X102.121 Y103.229 E.04987
G1 X102.481 Y102.752 E.07333
G1 X102.89 Y102.36 E.09557
G1 X103.477 Y102.001 E.12259
G1 X103.814 Y101.839 E.13727
G1 X104.33 Y101.688 E.15838
G1 X104.898 Y101.623 E.18083
G1 X105.53 Y101.662 E.20569
G1 X106.232 Y101.853 E.23426
G1 X106.769 Y102.144 E.25824
G1 X107.119 Y102.37 E.2746
G1 X107.63 Y102.881 E.30298
G1 X107.999 Y103.477 E.3305
G1 X108.161 Y103.814 E.34518
G1 X108.309 Y104.307 E.36539
G1 X108.371 Y104.811 E.38533
G1 X108.362 Y105.34 E.4061
G1 X108.244 Y105.86 E.42704
G1 X108.102 Y106.343 E.44681
M73 Q26 S4
G1 X107.867 Y106.794 E.46678
M73 P26 R4
G1 X107.436 Y107.342 E.49415
G1 X106.758 Y107.884 E.52823
G1 X106.141 Y108.163 E.55482
G1 X105.797 Y108.282 E.56911
G1 X105.08 Y108.377 E.59751
G1 X104.517 Y108.342 E.61966
G1 X103.785 Y108.151 E.64936
G1 X103.309 Y107.929 E.66998
G1 X102.832 Y107.569 E.69344
G1 X102.525 Y107.298 E.70952
G1 X102.273 Y106.993 E.72505
G1 X101.911 Y106.366 E.75348
G1 X101.737 Y105.862 E.77442
G1 X101.639 Y105.369 E.79416
G1 X101.637 Y104.808 E.81619
G1 X101.658 Y104.517 E.82765
G1 X101.669 Y104.473 E.82943
G1 X102.091 Y104.487 F7800
;TYPE:External perimeter
G1 F884.349
G1 X102.242 Y103.888 E.85369
G1 X102.482 Y103.417 E.87445
G1 X102.763 Y103.046 E.89272
G1 X103.172 Y102.654 E.91496
G1 X103.681 Y102.354 E.93816
G1 X103.936 Y102.227 E.94935
G1 X104.455 Y102.083 E.9705
G1 X104.963 Y102.026 E.99057
G1 X105.497 Y102.068 E1.0116
G1 X106.118 Y102.244 E1.03694
G1 X106.831 Y102.657 E1.06929
G1 X107.343 Y103.169 E1.09772
G1 X107.646 Y103.681 E1.12108
G1 X107.773 Y103.936 E1.13227
G1 X107.924 Y104.477 E1.15432
G1 X107.964 Y104.804 E1.16726
G1 X107.955 Y105.333 E1.18803
G1 X107.758 Y106.112 E1.21958
G1 X107.518 Y106.583 E1.24034
G1 X107.118 Y107.087 E1.2656
G1 X106.51 Y107.561 E1.29587
G1 X105.744 Y107.879 E1.32844
G1 X105.027 Y107.973 E1.35683
G1 X104.619 Y107.948 E1.37288
G1 X103.888 Y107.758 E1.40254
G1 X103.491 Y107.562 E1.41992
G1 X102.917 Y107.121 E1.44834
G1 X102.625 Y106.789 E1.4657
G1 X102.263 Y106.162 E1.49413
G1 X102.1 Y105.661 E1.51482
G1 X102.039 Y105.272 E1.53028
G1 X102.045 Y104.669 E1.55396
G1 X102.076 Y104.545 E1.55898
G1 X102.174 Y104.157 F7800
G1 X101.201 Y104.33
;TYPE:Perimeter
;WIDTH:0.643674
G1 F599.247
G1 X101.255 Y104.063 E1.57476
G1 X101.495 Y103.361 E1.61775
;WIDTH:0.62406
G1 F619.472
G1 X101.776 Y102.861 E1.6499
;WIDTH:0.62589
G1 F617.527
G1 X102.139 Y102.394 E1.68316
G1 X102.763 Y101.849 E1.72975
;WIDTH:0.637924
G1 F605.038
G1 X103.227 Y101.567 E1.76091
G1 X103.665 Y101.367 E1.78854
;WIDTH:0.628952
G1 F614.301
G1 X104.352 Y101.185 E1.82871
G1 X105.105 Y101.132 E1.87138
;WIDTH:0.629378
G1 F613.855
G1 X105.865 Y101.229 E1.91472
G1 X106.459 Y101.416 E1.94995
;WIDTH:0.640048
G1 F602.886
G1 X107.021 Y101.709 E1.98645
G1 X107.612 Y102.155 E2.02909
;WIDTH:0.63722
G1 F605.755
G1 X108.151 Y102.763 E2.07567
;WIDTH:0.637916
G1 X108.433 Y103.227 E2.10683
G1 X108.633 Y103.665 E2.13446
;WIDTH:0.624748
G1 F618.74
G1 X108.792 Y104.233 E2.16756
;WIDTH:0.625694
G1 F617.735
G1 X108.866 Y104.819 E2.20076
G1 X108.849 Y105.377 E2.23214
;WIDTH:0.644538
G1 F598.386
G1 X108.732 Y105.988 E2.26824
G1 X108.536 Y106.569 E2.30382
;WIDTH:0.614684
G1 F629.63
G1 X108.286 Y107.036 E2.33303
;WIDTH:0.635866
G1 F607.138
G1 X107.97 Y107.476 E2.36401
G1 X107.623 Y107.845 E2.39298
;WIDTH:0.626426
G1 F616.96
G1 X107.059 Y108.277 E2.43296
;WIDTH:0.627916
G1 F615.389
G1 X106.798 Y108.427 E2.44995
G1 X106.138 Y108.692 E2.49008
;WIDTH:0.640606
G1 F602.323
G1 X105.647 Y108.809 E2.51918
G1 X104.933 Y108.87 E2.56049
;WIDTH:0.61536
G1 F628.887
G1 X104.393 Y108.814 E2.59047
;WIDTH:0.641884
G1 F601.038
M73 P27 R4
M73 Q27 S4
G1 X103.85 Y108.688 E2.62267
G1 X103.375 Y108.513 E2.65192
;WIDTH:0.640606
G1 F602.323
G1 X102.764 Y108.151 E2.69286
G1 X102.213 Y107.686 E2.73442
;WIDTH:0.61576
G1 F628.448
G1 X101.85 Y107.237 E2.76632
;WIDTH:0.64058
G1 F602.349
G1 X101.578 Y106.795 E2.79624
G1 X101.359 Y106.312 E2.82681
;WIDTH:0.62739
G1 F615.943
G1 X101.208 Y105.772 E2.85842
;WIDTH:0.613754
G1 F630.656
G1 X101.147 Y105.263 E2.88665
;WIDTH:0.61882
G1 F625.109
G1 X101.151 Y104.575 E2.92487
;WIDTH:0.643674
G1 F599.247
G1 X101.189 Y104.389 E2.93587
G92 E0
G1 X105.2 Y100.645 F7800
;WIDTH:0.449999
G1 F884.349
G1 X105.676 Y100.705 E.01884
G1 X106.307 Y100.833 E.04412
G1 X106.847 Y101.043 E.06687
G1 X107.293 Y101.286 E.08681
G1 X107.951 Y101.783 E.11919
G1 X108.337 Y102.204 E.14162
G1 X108.564 Y102.5 E.15627
G1 X108.891 Y103.025 E.18056
G1 X109.11 Y103.537 E.20243
G1 X109.305 Y104.286 E.23282
G1 X109.36 Y104.841 E.25472
G1 X109.328 Y105.576 E.28361
G1 X109.219 Y106.124 E.30555
G1 X108.957 Y106.845 E.33567
G1 X108.706 Y107.279 E.35536
G1 X108.35 Y107.802 E.3802
G1 X107.954 Y108.215 E.40267
G1 X107.361 Y108.67 E.43202
G1 X107.023 Y108.87 E.44744
G1 X106.499 Y109.101 E.46993
G1 X105.987 Y109.238 E.49074
G1 X105.387 Y109.35 E.51471
G1 X104.854 Y109.361 E.53564
G1 X104.33 Y109.298 E.55636
G1 X103.693 Y109.167 E.58189
G1 X103.161 Y108.96 E.6043
G1 X102.702 Y108.695 E.62511
G1 X102.178 Y108.331 E.65016
G1 X101.762 Y107.925 E.67298
G1 X101.293 Y107.306 E.70347
G1 X100.987 Y106.7 E.73013
G1 X100.783 Y106.136 E.75368
G1 X100.68 Y105.631 E.77392
G1 X100.64 Y104.828 E.80549
G1 X100.67 Y104.435 E.82097
G1 X100.768 Y103.93 E.84117
G1 X101.045 Y103.153 E.87356
G1 X101.427 Y102.49 E.9036
G1 X101.777 Y102.055 E.92552
G1 X102.342 Y101.537 E.95562
G1 X102.99 Y101.124 E.98579
G1 X103.501 Y100.899 E1.00771
G1 X103.991 Y100.768 E1.02763
G1 X104.614 Y100.65 E1.05253
G1 X105.129 Y100.637 E1.07276
G1 X105.141 Y100.638 E1.07323
G1 X105.209 Y100.236 F7800
;TYPE:External perimeter
G1 F884.349
G1 X105.9 Y100.323 E1.10058
G1 X106.433 Y100.446 E1.12206
G1 X107.018 Y100.673 E1.1467
G1 X107.515 Y100.943 E1.16891
G1 X108.226 Y101.481 E1.20392
G1 X108.637 Y101.929 E1.22779
G1 X108.907 Y102.281 E1.24521
G1 X109.264 Y102.861 E1.27195
G1 X109.504 Y103.432 E1.29627
G1 X109.71 Y104.241 E1.32905
G1 X109.767 Y104.859 E1.35342
G1 X109.733 Y105.625 E1.38353
G1 X109.612 Y106.234 E1.40791
G1 X109.327 Y107.018 E1.44066
G1 X108.975 Y107.627 E1.46828
G1 X108.659 Y108.067 E1.48955
G1 X108.227 Y108.519 E1.5141
G1 X107.609 Y108.993 E1.54468
G1 X107.207 Y109.234 E1.56308
G1 X106.635 Y109.486 E1.58762
G1 X106.093 Y109.631 E1.60965
G1 X105.419 Y109.756 E1.63657
G1 X104.794 Y109.77 E1.66112
G1 X104.277 Y109.702 E1.68159
G1 X103.567 Y109.554 E1.71007
G1 X102.984 Y109.328 E1.73462
G1 X102.498 Y109.047 E1.75666
G1 X101.933 Y108.659 E1.78357
M73 Q28 S4
G1 X101.481 Y108.227 E1.80812
M73 P28 R4
G1 X101.14 Y107.782 E1.83013
G1 X100.791 Y107.25 E1.85511
G1 X100.567 Y106.754 E1.87648
G1 X100.389 Y106.238 E1.89791
G1 X100.275 Y105.682 E1.9202
G1 X100.233 Y104.849 E1.95295
G1 X100.266 Y104.379 E1.97145
G1 X100.374 Y103.822 E1.99373
G1 X100.673 Y102.982 E2.02874
G1 X101.09 Y102.26 E2.06148
G1 X101.479 Y101.776 E2.08586
G1 X102.094 Y101.212 E2.11862
G1 X102.797 Y100.764 E2.15135
G1 X103.365 Y100.514 E2.17572
G1 X104.042 Y100.333 E2.20324
G1 X104.582 Y100.244 E2.22473
G1 X105.149 Y100.229 E2.247
G1 X105.546 Y100.278 F7800
;LAYER_CHANGE
;Z:2.75
;HEIGHT:0.2
G92 E0
G1 Z2.75 F7800
G1 X101.685 Y104.415
;TYPE:Perimeter
G1 F884.349
G1 X101.848 Y103.786 E.02551
G1 X102.121 Y103.229 E.04987
G1 X102.481 Y102.752 E.07333
G1 X102.89 Y102.36 E.09557
G1 X103.477 Y102.001 E.12259
G1 X103.814 Y101.839 E.13727
G1 X104.33 Y101.688 E.15838
G1 X104.895 Y101.623 E.18071
G1 X105.53 Y101.662 E.20569
G1 X106.232 Y101.853 E.23426
G1 X106.765 Y102.141 E.25805
G1 X107.119 Y102.37 E.2746
G1 X107.63 Y102.881 E.30298
G1 X107.999 Y103.477 E.3305
G1 X108.161 Y103.814 E.34518
G1 X108.309 Y104.304 E.36528
G1 X108.367 Y104.815 E.38547
G1 X108.362 Y105.332 E.40577
G1 X108.244 Y105.861 E.42705
G1 X108.102 Y106.343 E.44678
G1 X107.867 Y106.794 E.46675
G1 X107.436 Y107.342 E.49412
G1 X106.982 Y107.738 E.51777
G1 X106.526 Y108.017 E.53876
G1 X105.939 Y108.246 E.5635
G1 X105.283 Y108.35 E.58958
G1 X104.894 Y108.374 E.60488
G1 X104.371 Y108.32 E.62552
G1 X103.76 Y108.144 E.65049
G1 X103.243 Y107.885 E.67319
G1 X102.669 Y107.444 E.70161
G1 X102.317 Y107.059 E.72209
G1 X102.013 Y106.544 E.74557
G1 X101.832 Y106.163 E.76213
G1 X101.661 Y105.498 E.78909
G1 X101.635 Y104.811 E.81608
G1 X101.657 Y104.52 E.82754
G1 X101.67 Y104.473 E.82945
G1 X102.091 Y104.487 F7800
;TYPE:External perimeter
G1 F884.349
G1 X102.242 Y103.888 E.85371
G1 X102.482 Y103.417 E.87447
G1 X102.763 Y103.046 E.89274
G1 X103.172 Y102.654 E.91498
G1 X103.681 Y102.354 E.93818
G1 X103.936 Y102.227 E.94937
G1 X104.455 Y102.083 E.97052
G1 X104.959 Y102.026 E.99044
G1 X105.497 Y102.068 E1.01163
G1 X106.118 Y102.244 E1.03697
G1 X106.831 Y102.657 E1.06932
G1 X107.343 Y103.169 E1.09775
G1 X107.646 Y103.681 E1.12111
G1 X107.773 Y103.936 E1.1323
G1 X107.925 Y104.481 E1.15452
G1 X107.96 Y104.811 E1.16755
G1 X107.955 Y105.328 E1.18785
G1 X107.758 Y106.112 E1.21959
G1 X107.518 Y106.583 E1.24035
G1 X107.118 Y107.087 E1.26561
G1 X106.721 Y107.426 E1.28611
G1 X106.354 Y107.648 E1.30295
G1 X105.791 Y107.867 E1.32667
G1 X104.936 Y107.969 E1.36048
G1 X104.414 Y107.915 E1.38109
G1 X103.88 Y107.755 E1.40298
G1 X103.491 Y107.562 E1.42003
G1 X102.917 Y107.121 E1.44845
G1 X102.625 Y106.789 E1.46581
G1 X102.263 Y106.162 E1.49424
G1 X102.1 Y105.661 E1.51493
G1 X102.036 Y105.238 E1.53173
G1 X102.045 Y104.67 E1.55404
G1 X102.076 Y104.545 E1.5591
G1 X102.174 Y104.157 F7800
G1 X101.201 Y104.33
;TYPE:Perimeter
;WIDTH:0.643836
G1 F599.085
M73 P29 R4
M73 Q29 S4
G1 X101.254 Y104.068 E1.57459
G1 X101.495 Y103.361 E1.61788
;WIDTH:0.624044
G1 F619.489
G1 X101.776 Y102.861 E1.65003
;WIDTH:0.62589
G1 F617.527
G1 X102.139 Y102.394 E1.68329
G1 X102.763 Y101.849 E1.72988
;WIDTH:0.637922
G1 F605.04
G1 X103.227 Y101.567 E1.76104
G1 X103.665 Y101.367 E1.78867
;WIDTH:0.628912
G1 F614.343
G1 X104.352 Y101.185 E1.82884
G1 X105.1 Y101.132 E1.87122
;WIDTH:0.629384
G1 F613.848
G1 X105.865 Y101.229 E1.91484
G1 X106.459 Y101.416 E1.95007
;WIDTH:0.640142
G1 F602.791
G1 X107.016 Y101.706 E1.98624
G1 X107.613 Y102.155 E2.02927
;WIDTH:0.637202
G1 F605.773
G1 X108.151 Y102.763 E2.07581
;WIDTH:0.637916
G1 X108.433 Y103.227 E2.10697
G1 X108.633 Y103.665 E2.1346
;WIDTH:0.62475
G1 F618.737
G1 X108.791 Y104.228 E2.16742
;WIDTH:0.629492
G1 F613.735
G1 X108.864 Y104.819 E2.20111
G1 X108.849 Y105.374 E2.23252
;WIDTH:0.64475
G1 F598.176
G1 X108.732 Y105.988 E2.2688
G1 X108.507 Y106.635 E2.30856
;WIDTH:0.629324
G1 F613.911
G1 X108.155 Y107.239 E2.3481
G1 X107.668 Y107.804 E2.39029
;WIDTH:0.618126
G1 F625.863
G1 X107.257 Y108.139 E2.41971
;WIDTH:0.620108
G1 F623.714
G1 X106.8 Y108.431 E2.4499
;WIDTH:0.634248
G1 F608.799
G1 X106.333 Y108.628 E2.47881
G1 X105.861 Y108.766 E2.50686
;WIDTH:0.640562
G1 F602.367
G1 X105.349 Y108.848 E2.53675
G1 X104.843 Y108.867 E2.56594
;WIDTH:0.625688
G1 F617.742
G1 X104.321 Y108.805 E2.59549
;WIDTH:0.632382
G1 F610.726
G1 X103.849 Y108.693 E2.62307
G1 X103.375 Y108.513 E2.6519
;WIDTH:0.640608
G1 F602.321
G1 X102.764 Y108.151 E2.69284
G1 X102.213 Y107.686 E2.7344
;WIDTH:0.61576
G1 F628.448
G1 X101.85 Y107.237 E2.7663
;WIDTH:0.64058
G1 F602.349
G1 X101.578 Y106.795 E2.79622
G1 X101.359 Y106.312 E2.82679
;WIDTH:0.62739
G1 F615.943
G1 X101.207 Y105.767 E2.85869
;WIDTH:0.614104
G1 F630.27
G1 X101.145 Y105.224 E2.8888
;WIDTH:0.618756
G1 F625.178
G1 X101.15 Y104.578 E2.92468
;WIDTH:0.643836
G1 F599.085
G1 X101.189 Y104.389 E2.93587
G92 E0
G1 X105.2 Y100.646 F7800
;WIDTH:0.449999
G1 F884.349
G1 X105.675 Y100.705 E.01879
G1 X106.307 Y100.833 E.04411
G1 X106.847 Y101.043 E.06686
G1 X107.289 Y101.283 E.08661
G1 X107.951 Y101.783 E.11918
G1 X108.337 Y102.204 E.14161
G1 X108.564 Y102.5 E.15626
G1 X108.891 Y103.025 E.18055
G1 X109.11 Y103.537 E.20242
G1 X109.305 Y104.286 E.23281
G1 X109.36 Y104.841 E.25471
G1 X109.328 Y105.576 E.2836
G1 X109.219 Y106.124 E.30554
G1 X108.957 Y106.845 E.33566
G1 X108.706 Y107.279 E.35535
G1 X108.35 Y107.802 E.38019
G1 X107.954 Y108.215 E.40266
G1 X107.457 Y108.597 E.42727
G1 X107.023 Y108.87 E.4474
G1 X106.499 Y109.101 E.46989
G1 X105.987 Y109.238 E.4907
G1 X105.387 Y109.35 E.51467
G1 X104.816 Y109.362 E.5371
G1 X104.228 Y109.285 E.56038
G1 X103.693 Y109.167 E.58189
G1 X103.161 Y108.96 E.6043
G1 X102.702 Y108.695 E.62511
G1 X102.178 Y108.331 E.65016
G1 X101.762 Y107.925 E.67298
G1 X101.293 Y107.306 E.70347
G1 X100.987 Y106.7 E.73013
G1 X100.783 Y106.136 E.75368
G1 X100.681 Y105.636 E.77372
M73 P30 R4
M73 Q30 S4
G1 X100.64 Y104.828 E.80549
G1 X100.67 Y104.435 E.82097
G1 X100.767 Y103.935 E.84097
G1 X101.045 Y103.153 E.87356
G1 X101.427 Y102.49 E.9036
G1 X101.777 Y102.055 E.92552
G1 X102.342 Y101.537 E.95562
G1 X102.99 Y101.124 E.98579
G1 X103.501 Y100.899 E1.00771
G1 X103.991 Y100.768 E1.02763
G1 X104.614 Y100.65 E1.05253
G1 X105.124 Y100.636 E1.07256
G1 X105.141 Y100.639 E1.07324
G1 X105.209 Y100.237 F7800
;TYPE:External perimeter
G1 F884.349
G1 X105.9 Y100.323 E1.10058
G1 X106.433 Y100.446 E1.12206
G1 X107.018 Y100.673 E1.1467
G1 X107.51 Y100.94 E1.16868
G1 X108.226 Y101.481 E1.20392
G1 X108.637 Y101.929 E1.22779
G1 X108.907 Y102.281 E1.24521
G1 X109.264 Y102.861 E1.27195
G1 X109.504 Y103.432 E1.29627
G1 X109.71 Y104.241 E1.32905
G1 X109.767 Y104.859 E1.35342
G1 X109.733 Y105.625 E1.38353
G1 X109.612 Y106.234 E1.40791
G1 X109.327 Y107.018 E1.44066
G1 X108.975 Y107.627 E1.46828
G1 X108.659 Y108.067 E1.48955
G1 X108.227 Y108.519 E1.5141
G1 X107.705 Y108.919 E1.53992
G1 X107.207 Y109.234 E1.56306
G1 X106.635 Y109.486 E1.5876
G1 X106.093 Y109.631 E1.60963
G1 X105.419 Y109.756 E1.63655
G1 X104.794 Y109.77 E1.6611
G1 X104.174 Y109.688 E1.68566
G1 X103.567 Y109.554 E1.71007
G1 X102.984 Y109.328 E1.73462
G1 X102.498 Y109.047 E1.75666
G1 X101.933 Y108.659 E1.78357
G1 X101.481 Y108.227 E1.80812
G1 X101.14 Y107.782 E1.83013
G1 X100.791 Y107.25 E1.85511
G1 X100.567 Y106.754 E1.87648
G1 X100.388 Y106.238 E1.89792
G1 X100.276 Y105.687 E1.92
G1 X100.233 Y104.849 E1.95295
G1 X100.266 Y104.379 E1.97145
G1 X100.373 Y103.827 E1.99353
G1 X100.673 Y102.982 E2.02874
G1 X101.09 Y102.26 E2.06148
G1 X101.479 Y101.776 E2.08586
G1 X102.094 Y101.212 E2.11862
G1 X102.797 Y100.764 E2.15135
G1 X103.365 Y100.514 E2.17572
G1 X104.041 Y100.333 E2.2032
G1 X104.582 Y100.244 E2.22473
G1 X105.144 Y100.229 E2.2468
G1 X105.15 Y100.23 E2.24704
G1 X105.547 Y100.279 F7800
;LAYER_CHANGE
;Z:2.95
;HEIGHT:0.2
G92 E0
G1 Z2.95 F7800
G1 X101.694 Y104.417
;TYPE:Perimeter
G1 F884.349
G1 X101.757 Y104.139 E.01119
G1 X101.898 Y103.657 E.03091
G1 X102.134 Y103.206 E.0509
G1 X102.358 Y102.89 E.06611
G1 X102.887 Y102.364 E.0954
G1 X103.596 Y101.932 E.128
G1 X104.147 Y101.734 E.15099
G1 X104.735 Y101.641 E.17436
G1 X105.08 Y101.626 E.18792
G1 X105.587 Y101.669 E.2079
G1 X106.138 Y101.826 E.2304
G1 X106.391 Y101.925 E.24107
G1 X106.993 Y102.273 E.26837
G1 X107.63 Y102.881 E.30295
G1 X107.999 Y103.477 E.33047
G1 X108.161 Y103.814 E.34515
G1 X108.309 Y104.307 E.36536
G1 X108.37 Y104.836 E.38627
G1 X108.359 Y105.387 E.40791
G1 X108.152 Y106.214 E.44138
G1 X107.879 Y106.771 E.46574
G1 X107.436 Y107.342 E.49412
G1 X106.982 Y107.738 E.51777
G1 X106.354 Y108.096 E.54615
G1 X105.52 Y108.337 E.58024
G1 X104.84 Y108.362 E.60696
M73 P31 R4
M73 Q31 S4
G1 X104.523 Y108.343 E.61943
G1 X103.786 Y108.152 E.64932
G1 X103.309 Y107.929 E.66999
G1 X102.832 Y107.569 E.69345
G1 X102.539 Y107.311 E.70878
G1 X102.21 Y106.906 E.72927
G1 X101.9 Y106.347 E.75437
G1 X101.736 Y105.862 E.77447
G1 X101.635 Y105.339 E.79538
G1 X101.637 Y104.672 E.82157
G1 X101.681 Y104.476 E.82946
G1 X102.092 Y104.487 F7800
;TYPE:External perimeter
G1 F884.349
G1 X102.242 Y103.888 E.85371
G1 X102.482 Y103.417 E.87447
G1 X102.688 Y103.129 E.88837
G1 X103.171 Y102.655 E.91494
G1 X103.8 Y102.285 E.94359
G1 X104.338 Y102.1 E.96593
G1 X104.938 Y102.027 E.98966
G1 X105.439 Y102.063 E1.00938
G1 X106.024 Y102.217 E1.03313
G1 X106.467 Y102.439 E1.05259
G1 X106.831 Y102.657 E1.06925
G1 X107.343 Y103.169 E1.09768
G1 X107.646 Y103.681 E1.12104
G1 X107.773 Y103.936 E1.13223
G1 X107.924 Y104.477 E1.15428
G1 X107.963 Y104.829 E1.16819
G1 X107.954 Y105.344 E1.18841
G1 X107.758 Y106.112 E1.21953
G1 X107.518 Y106.583 E1.24029
G1 X107.118 Y107.087 E1.26555
G1 X106.721 Y107.426 E1.28605
G1 X106.158 Y107.739 E1.31134
G1 X105.415 Y107.944 E1.3416
G1 X104.838 Y107.955 E1.36426
G1 X104.625 Y107.949 E1.37263
G1 X103.888 Y107.758 E1.40252
G1 X103.491 Y107.562 E1.4199
G1 X102.917 Y107.122 E1.4483
G1 X102.526 Y106.649 E1.4724
G1 X102.26 Y106.156 E1.4944
G1 X102.1 Y105.661 E1.51483
G1 X102.04 Y105.195 E1.53328
G1 X102.044 Y104.675 E1.5537
G1 X102.077 Y104.545 E1.55897
G1 X102.175 Y104.157 F7800
G1 X101.208 Y104.331
;TYPE:Perimeter
;WIDTH:0.644962
G1 F597.965
G1 X101.268 Y104.013 E1.57776
G1 X101.493 Y103.365 E1.61759
;WIDTH:0.624228
G1 F619.293
G1 X101.773 Y102.866 E1.64967
;WIDTH:0.63028
G1 F612.912
G1 X102.141 Y102.396 E1.68349
G1 X102.57 Y101.991 E1.71691
;WIDTH:0.642446
G1 F600.474
G1 X103.027 Y101.68 E1.74888
G1 X103.565 Y101.41 E1.78369
;WIDTH:0.614742
G1 F629.567
G1 X104.069 Y101.245 E1.81294
;WIDTH:0.631544
G1 F611.596
G1 X104.678 Y101.146 E1.84797
G1 X105.12 Y101.132 E1.87308
;WIDTH:0.627064
G1 F616.286
G1 X105.79 Y101.21 E1.91108
;WIDTH:0.63019
G1 F613.006
G1 X106.277 Y101.349 E1.93977
G1 X106.64 Y101.495 E1.96193
;WIDTH:0.629716
G1 X107.239 Y101.846 E2.00122
;WIDTH:0.638228
G1 F604.729
G1 X107.596 Y102.138 E2.0277
G1 X108.151 Y102.763 E2.07569
;WIDTH:0.637916
G1 F605.046
G1 X108.433 Y103.227 E2.10685
G1 X108.633 Y103.665 E2.13448
;WIDTH:0.62475
G1 F618.737
G1 X108.814 Y104.339 E2.17365
;WIDTH:0.628672
G1 F614.595
G1 X108.867 Y104.844 E2.20234
G1 X108.845 Y105.437 E2.23587
;WIDTH:0.64565
G1 F597.282
G1 X108.734 Y105.981 E2.26815
G1 X108.507 Y106.635 E2.3084
;WIDTH:0.629324
G1 F613.911
G1 X108.155 Y107.239 E2.34794
G1 X107.668 Y107.804 E2.39013
;WIDTH:0.618126
G1 F625.863
G1 X107.257 Y108.139 E2.41955
;WIDTH:0.63588
G1 F607.124
G1 X106.796 Y108.424 E2.45055
G1 X106.335 Y108.632 E2.47948
;WIDTH:0.626424
G1 F616.962
G1 X105.648 Y108.816 E2.51951
;WIDTH:0.627824
G1 F615.486
G1 X105.35 Y108.855 E2.53647
G1 X104.683 Y108.852 E2.5741
;WIDTH:0.644448
G1 F598.476
G1 X104.14 Y108.765 E2.60601
G1 X103.453 Y108.548 E2.64781
;WIDTH:0.615756
G1 F628.452
G1 X102.946 Y108.272 E2.6797
;WIDTH:0.640564
G1 F602.365
G1 X102.526 Y107.968 E2.70959
G1 X102.155 Y107.623 E2.73879
M73 Q32 S4
;WIDTH:0.625668
G1 F617.763
M73 P32 R4
G1 X101.831 Y107.213 E2.76816
;WIDTH:0.632528
G1 F610.575
G1 X101.575 Y106.797 E2.79594
G1 X101.359 Y106.312 E2.82613
;WIDTH:0.62739
G1 F615.943
G1 X101.208 Y105.773 E2.85769
;WIDTH:0.630006
G1 F613.198
G1 X101.136 Y105.188 E2.89107
G1 X101.151 Y104.629 E2.92274
;WIDTH:0.644962
G1 F597.965
G1 X101.196 Y104.39 E2.93686
G92 E0
G1 X105.2 Y100.643 F7800
;WIDTH:0.449999
G1 F884.349
G1 X105.915 Y100.731 E.02829
G1 X106.413 Y100.871 E.0486
G1 X106.869 Y101.054 E.06789
G1 X107.511 Y101.435 E.0972
G1 X107.942 Y101.774 E.11873
G1 X108.337 Y102.204 E.14166
G1 X108.564 Y102.5 E.15631
G1 X108.891 Y103.025 E.1806
G1 X109.11 Y103.537 E.20247
G1 X109.305 Y104.286 E.23286
G1 X109.363 Y104.844 E.25489
G1 X109.332 Y105.488 E.28021
G1 X109.22 Y106.12 E.30541
G1 X108.957 Y106.845 E.33569
G1 X108.706 Y107.279 E.35538
G1 X108.35 Y107.802 E.38022
G1 X107.954 Y108.215 E.40269
G1 X107.552 Y108.524 E.4226
G1 X107.023 Y108.87 E.44742
G1 X106.499 Y109.101 E.46991
G1 X105.776 Y109.294 E.49929
G1 X105.387 Y109.35 E.51472
G1 X104.854 Y109.361 E.53565
G1 X104.337 Y109.299 E.5561
G1 X103.693 Y109.167 E.58191
G1 X103.161 Y108.96 E.60432
G1 X102.702 Y108.695 E.62513
G1 X102.198 Y108.35 E.64911
G1 X101.785 Y107.954 E.67158
G1 X101.426 Y107.486 E.69474
G1 X101.119 Y106.998 E.71738
G1 X100.886 Y106.461 E.74036
G1 X100.729 Y105.871 E.76433
G1 X100.64 Y105.166 E.79223
G1 X100.684 Y104.365 E.82373
G1 X100.794 Y103.84 E.84479
G1 X101.065 Y103.118 E.87507
G1 X101.451 Y102.461 E.90499
G1 X101.805 Y102.029 E.92692
G1 X102.485 Y101.438 E.96229
G1 X103.145 Y101.047 E.99241
G1 X103.87 Y100.783 E1.02271
G1 X104.628 Y100.65 E1.05293
G1 X105.141 Y100.638 E1.07308
G1 X105.209 Y100.242 F7800
;TYPE:External perimeter
G1 F884.349
G1 X105.581 Y100.263 E1.08771
G1 X106.077 Y100.351 E1.10749
G1 X106.809 Y100.588 E1.1377
G1 X107.386 Y100.864 E1.16281
G1 X107.814 Y101.147 E1.18296
G1 X108.223 Y101.478 E1.20362
G1 X108.637 Y101.929 E1.22766
G1 X108.907 Y102.281 E1.24508
G1 X109.264 Y102.861 E1.27182
G1 X109.504 Y103.432 E1.29614
G1 X109.71 Y104.241 E1.32892
G1 X109.77 Y105.206 E1.36688
G1 X109.717 Y105.717 E1.38705
G1 X109.613 Y106.232 E1.40768
G1 X109.327 Y107.018 E1.44052
G1 X108.975 Y107.627 E1.46814
G1 X108.659 Y108.067 E1.48941
G1 X108.227 Y108.519 E1.51396
G1 X107.667 Y108.949 E1.54168
G1 X107.207 Y109.234 E1.56293
G1 X106.635 Y109.486 E1.58747
G1 X105.882 Y109.688 E1.61808
G1 X105.419 Y109.756 E1.63645
G1 X104.794 Y109.77 E1.661
G1 X104.284 Y109.703 E1.6812
G1 X103.567 Y109.554 E1.70995
G1 X102.984 Y109.328 E1.7345
G1 X102.498 Y109.047 E1.75654
G1 X101.933 Y108.659 E1.78345
G1 X101.481 Y108.227 E1.808
G1 X101.103 Y107.734 E1.83239
G1 X100.791 Y107.25 E1.855
G1 X100.567 Y106.754 E1.87637
G1 X100.388 Y106.238 E1.89781
G1 X100.286 Y105.734 E1.918
M73 P33 R4
M73 Q33 S4
G1 X100.23 Y105.212 E1.93861
G1 X100.267 Y104.375 E1.97151
G1 X100.388 Y103.766 E1.99589
G1 X100.673 Y102.982 E2.02864
G1 X101.09 Y102.26 E2.06138
G1 X101.479 Y101.776 E2.08576
G1 X102.096 Y101.211 E2.11861
G1 X102.517 Y100.926 E2.13857
G1 X102.979 Y100.674 E2.15923
G1 X103.764 Y100.388 E2.19203
G1 X104.521 Y100.255 E2.22221
G1 X105.025 Y100.232 E2.24202
G1 X105.15 Y100.239 E2.24694
G1 X105.549 Y100.264 F7800
;LAYER_CHANGE
;Z:3.15
;HEIGHT:0.2
G92 E0
G1 Z3.15 F7800
G1 X101.686 Y104.416
;TYPE:Perimeter
G1 F884.349
G1 X101.73 Y104.158 E.01028
G1 X101.898 Y103.657 E.03103
G1 X102.134 Y103.206 E.05102
G1 X102.454 Y102.778 E.072
G1 X102.89 Y102.36 E.09572
G1 X103.597 Y101.932 E.12817
G1 X104.294 Y101.693 E.1571
G1 X104.888 Y101.623 E.18058
G1 X105.447 Y101.655 E.20256
G1 X106.034 Y101.796 E.22626
G1 X106.398 Y101.929 E.24148
G1 X106.993 Y102.273 E.26847
G1 X107.494 Y102.744 E.29547
G1 X107.727 Y103.007 E.30927
G1 X108.089 Y103.634 E.3377
G1 X108.288 Y104.216 E.36185
G1 X108.371 Y104.771 E.38388
G1 X108.358 Y105.375 E.4076
G1 X108.15 Y106.219 E.44173
G1 X107.879 Y106.771 E.46588
G1 X107.436 Y107.342 E.49426
G1 X106.982 Y107.738 E.51791
G1 X106.354 Y108.096 E.54629
G1 X105.784 Y108.288 E.56991
G1 X105.066 Y108.378 E.59832
G1 X104.333 Y108.313 E.62721
G1 X103.756 Y108.143 E.65083
G1 X103.17 Y107.835 E.67682
G1 X102.703 Y107.474 E.7
G1 X102.342 Y107.09 E.72069
G1 X102.001 Y106.523 E.74667
G1 X101.832 Y106.163 E.76229
G1 X101.687 Y105.667 E.78258
G1 X101.622 Y105.066 E.80632
G1 X101.665 Y104.538 E.82712
G1 X101.676 Y104.475 E.82963
G1 X102.085 Y104.486 F7800
;TYPE:External perimeter
G1 F884.349
G1 X102.118 Y104.281 E.83778
G1 X102.292 Y103.781 E.85857
G1 X102.563 Y103.303 E.88014
G1 X102.763 Y103.046 E.89293
G1 X103.172 Y102.654 E.91517
G1 X103.8 Y102.285 E.94377
G1 X104.364 Y102.094 E.96715
G1 X104.935 Y102.027 E.98972
G1 X105.498 Y102.068 E1.01188
G1 X106.118 Y102.244 E1.03719
G1 X106.789 Y102.625 E1.06749
G1 X107.206 Y103.032 E1.09037
G1 X107.375 Y103.211 E1.10004
G1 X107.737 Y103.838 E1.12847
G1 X107.9 Y104.339 E1.14916
G1 X107.963 Y104.824 E1.16836
G1 X107.951 Y105.366 E1.18965
G1 X107.757 Y106.113 E1.21995
G1 X107.518 Y106.583 E1.24065
G1 X107.118 Y107.087 E1.26591
G1 X106.721 Y107.426 E1.28641
G1 X106.158 Y107.739 E1.3117
G1 X105.661 Y107.9 E1.33221
G1 X105.022 Y107.974 E1.35747
G1 X104.378 Y107.908 E1.38289
G1 X103.878 Y107.755 E1.40342
G1 X103.366 Y107.478 E1.42628
G1 X102.965 Y107.162 E1.44633
G1 X102.625 Y106.789 E1.46615
G1 X102.263 Y106.162 E1.49458
G1 X102.1 Y105.661 E1.51527
G1 X102.034 Y105.089 E1.53788
G1 X102.07 Y104.582 E1.55784
G1 X102.076 Y104.545 E1.55931
G1 X102.168 Y104.156 F7800
G1 X101.198 Y104.33
;TYPE:Perimeter
;WIDTH:0.63375
G1 F609.312
G1 X101.259 Y104.01 E1.57787
;WIDTH:0.62475
G1 F618.737
G1 X101.493 Y103.365 E1.61638
;WIDTH:0.624226
G1 F619.295
G1 X101.776 Y102.861 E1.64879
;WIDTH:0.625892
G1 F617.525
G1 X102.139 Y102.394 E1.68205
G1 X102.57 Y101.991 E1.71523
M73 P34 R4
M73 Q34 S4
;WIDTH:0.642346
G1 F600.575
G1 X103.022 Y101.683 E1.74685
G1 X103.565 Y101.41 E1.78199
;WIDTH:0.61474
G1 F629.569
G1 X104.069 Y101.245 E1.81124
;WIDTH:0.631338
G1 F611.81
G1 X104.678 Y101.146 E1.84626
G1 X105.115 Y101.132 E1.87107
;WIDTH:0.627128
G1 F616.219
G1 X105.788 Y101.218 E1.9093
;WIDTH:0.611604
G1 F633.041
G1 X106.459 Y101.416 E1.94767
;WIDTH:0.643716
G1 F599.205
G1 X106.92 Y101.649 E1.9776
G1 X107.465 Y102.024 E2.01594
;WIDTH:0.63739
G1 F605.581
G1 X107.848 Y102.39 E2.04632
G1 X108.15 Y102.763 E2.07384
;WIDTH:0.640572
G1 F602.357
G1 X108.422 Y103.205 E2.10376
G1 X108.633 Y103.665 E2.13293
;WIDTH:0.62475
G1 F618.737
G1 X108.814 Y104.339 E2.1721
;WIDTH:0.629054
G1 F614.194
G1 X108.867 Y104.844 E2.20081
G1 X108.842 Y105.475 E2.23651
;WIDTH:0.642736
G1 F600.184
G1 X108.735 Y105.981 E2.26643
G1 X108.536 Y106.569 E2.30234
;WIDTH:0.614682
G1 F629.633
G1 X108.286 Y107.036 E2.33155
;WIDTH:0.635866
G1 F607.138
G1 X107.97 Y107.476 E2.36253
G1 X107.623 Y107.845 E2.3915
;WIDTH:0.6293
G1 F613.936
G1 X107.058 Y108.276 E2.43169
G1 X106.392 Y108.611 E2.47386
;WIDTH:0.618142
G1 F625.845
G1 X105.884 Y108.764 E2.5033
;WIDTH:0.63586
G1 F607.144
G1 X105.349 Y108.851 E2.5343
G1 X104.843 Y108.867 E2.56325
;WIDTH:0.625856
G1 F617.564
G1 X104.28 Y108.799 E2.59514
;WIDTH:0.630536
G1 F612.645
G1 X103.848 Y108.694 E2.62034
G1 X103.365 Y108.507 E2.6497
;WIDTH:0.627424
G1 F615.907
G1 X102.706 Y108.11 E2.69307
;WIDTH:0.606338
G1 F638.957
G1 X102.217 Y107.682 E2.72839
;WIDTH:0.614296
G1 F630.058
G1 X101.849 Y107.237 E2.76021
;WIDTH:0.637924
G1 F605.038
G1 X101.567 Y106.773 E2.79137
G1 X101.359 Y106.312 E2.8204
;WIDTH:0.62739
G1 F615.943
G1 X101.199 Y105.72 E2.85497
;WIDTH:0.618144
G1 F625.843
G1 X101.133 Y105.12 E2.88846
;WIDTH:0.63375
G1 F609.312
G1 X101.169 Y104.484 E2.92476
G1 X101.187 Y104.389 E2.93027
G92 E0
G1 X105.201 Y100.648 F7800
;WIDTH:0.449999
G1 F884.349
G1 X105.56 Y100.67 E.01412
G1 X106.282 Y100.83 E.04316
G1 X106.636 Y100.961 E.05798
G1 X107.178 Y101.215 E.08148
G1 X107.653 Y101.532 E.1039
G1 X108.219 Y102.051 E.13405
G1 X108.537 Y102.466 E.15458
G1 X108.881 Y103.003 E.17962
G1 X109.11 Y103.537 E.20243
G1 X109.305 Y104.286 E.23282
G1 X109.363 Y104.844 E.25485
G1 X109.328 Y105.526 E.28166
G1 X109.22 Y106.12 E.30537
G1 X108.957 Y106.845 E.33565
G1 X108.706 Y107.279 E.35534
G1 X108.35 Y107.802 E.38018
G1 X107.954 Y108.215 E.40265
G1 X107.552 Y108.524 E.42256
G1 X107.023 Y108.87 E.44738
G1 X106.499 Y109.101 E.46987
G1 X106.009 Y109.232 E.48979
G1 X105.387 Y109.35 E.51465
G1 X104.816 Y109.362 E.53708
G1 X104.193 Y109.28 E.56175
G1 X103.693 Y109.167 E.58188
G1 X103.155 Y108.957 E.60456
G1 X102.66 Y108.686 E.62672
G1 X102.051 Y108.219 E.65685
G1 X101.537 Y107.658 E.68673
G1 X101.145 Y107.043 E.71537
G1 X100.939 Y106.59 E.73491
G1 X100.778 Y106.11 E.75479
G1 X100.678 Y105.606 E.77497
G1 X100.65 Y104.931 E.8015
G1 X100.679 Y104.386 E.82293
G1 X100.794 Y103.841 E.8448
G1 X101.065 Y103.118 E.87512
G1 X101.451 Y102.461 E.90504
G1 X101.805 Y102.029 E.92697
M73 P35 R4
M73 Q35 S4
G1 X102.485 Y101.438 E.96234
G1 X103.145 Y101.047 E.99246
G1 X103.87 Y100.783 E1.02276
G1 X104.592 Y100.656 E1.05154
G1 X105.032 Y100.639 E1.06883
G1 X105.141 Y100.645 E1.07312
G1 X105.21 Y100.238 F7800
;TYPE:External perimeter
G1 F884.349
G1 X105.62 Y100.266 E1.08926
G1 X106.37 Y100.432 E1.11942
G1 X106.784 Y100.582 E1.13671
G1 X107.385 Y100.864 E1.16278
G1 X107.905 Y101.211 E1.18733
G1 X108.52 Y101.775 E1.22009
G1 X108.993 Y102.391 E1.25058
G1 X109.254 Y102.839 E1.27094
G1 X109.504 Y103.432 E1.29621
G1 X109.71 Y104.241 E1.32899
G1 X109.77 Y105.206 E1.36695
G1 X109.718 Y105.712 E1.38692
G1 X109.613 Y106.232 E1.40775
G1 X109.327 Y107.018 E1.44059
G1 X108.975 Y107.627 E1.46821
G1 X108.659 Y108.067 E1.48948
G1 X108.227 Y108.519 E1.51403
G1 X107.667 Y108.949 E1.54175
G1 X107.207 Y109.234 E1.563
G1 X106.635 Y109.486 E1.58754
G1 X105.953 Y109.669 E1.61527
G1 X105.419 Y109.756 E1.63651
G1 X104.794 Y109.77 E1.66106
G1 X104.139 Y109.684 E1.687
G1 X103.567 Y109.554 E1.71003
G1 X102.982 Y109.327 E1.73467
G1 X102.436 Y109.028 E1.75911
G1 X101.775 Y108.52 E1.79184
G1 X101.212 Y107.906 E1.82455
G1 X100.801 Y107.261 E1.85458
G1 X100.567 Y106.754 E1.87651
G1 X100.388 Y106.238 E1.89795
G1 X100.287 Y105.74 E1.9179
G1 X100.23 Y105.212 E1.93875
G1 X100.267 Y104.375 E1.97165
G1 X100.388 Y103.766 E1.99603
G1 X100.673 Y102.982 E2.02878
G1 X101.09 Y102.26 E2.06152
G1 X101.479 Y101.776 E2.0859
G1 X102.096 Y101.211 E2.11875
G1 X102.512 Y100.929 E2.13848
G1 X102.979 Y100.674 E2.15937
G1 X103.764 Y100.388 E2.19217
G1 X104.587 Y100.243 E2.22498
G1 X105.09 Y100.23 E2.24474
G1 X105.15 Y100.234 E2.2471
G1 X105.549 Y100.261 F7800
;LAYER_CHANGE
;Z:3.35
;HEIGHT:0.2
G92 E0
G1 Z3.35 F7800
G1 X101.686 Y104.416
;TYPE:Perimeter
G1 F884.349
G1 X101.73 Y104.158 E.01028
G1 X101.898 Y103.657 E.03103
G1 X102.134 Y103.206 E.05102
G1 X102.454 Y102.778 E.072
G1 X102.89 Y102.36 E.09572
G1 X103.597 Y101.932 E.12817
G1 X104.147 Y101.734 E.15112
G1 X104.736 Y101.64 E.17454
G1 X105.071 Y101.626 E.18771
G1 X105.614 Y101.675 E.20912
G1 X106.232 Y101.853 E.23437
G1 X106.993 Y102.273 E.2685
G1 X107.494 Y102.744 E.2955
G1 X107.727 Y103.007 E.3093
G1 X108.089 Y103.634 E.33773
G1 X108.288 Y104.216 E.36188
G1 X108.372 Y104.873 E.38789
G1 X108.335 Y105.462 E.41106
G1 X108.27 Y105.842 E.4262
G1 X108.102 Y106.343 E.44695
G1 X107.867 Y106.794 E.46692
G1 X107.436 Y107.342 E.49429
G1 X106.982 Y107.738 E.51794
G1 X106.526 Y108.017 E.53893
G1 X105.809 Y108.28 E.56892
G1 X105.295 Y108.353 E.5893
G1 X104.897 Y108.374 E.60495
G1 X104.333 Y108.313 E.62722
G1 X103.756 Y108.143 E.65084
G1 X103.243 Y107.885 E.67339
G1 X102.669 Y107.444 E.70181
G1 X102.317 Y107.059 E.72229
M73 Q36 S4
G1 X102.013 Y106.544 E.74577
M73 P36 R4
G1 X101.832 Y106.163 E.76233
G1 X101.687 Y105.667 E.78262
G1 X101.622 Y105.066 E.80636
G1 X101.665 Y104.538 E.82716
G1 X101.676 Y104.475 E.82967
G1 X102.08 Y104.485 F7800
;TYPE:External perimeter
G1 F884.349
G1 X102.092 Y104.378 E.8339
G1 X102.245 Y103.878 E.85443
G1 X102.482 Y103.417 E.87478
G1 X102.763 Y103.046 E.89305
G1 X103.172 Y102.654 E.91529
G1 X103.8 Y102.285 E.94389
G1 X104.338 Y102.1 E.96623
G1 X104.932 Y102.027 E.98973
G1 X105.497 Y102.068 E1.01197
G1 X106.118 Y102.244 E1.03731
G1 X106.789 Y102.625 E1.06761
G1 X107.375 Y103.211 E1.10015
G1 X107.737 Y103.838 E1.12858
G1 X107.9 Y104.339 E1.14927
G1 X107.967 Y104.918 E1.17216
G1 X107.93 Y105.418 E1.19185
G1 X107.882 Y105.719 E1.20382
G1 X107.708 Y106.219 E1.22461
G1 X107.451 Y106.673 E1.24509
G1 X107.118 Y107.087 E1.26595
G1 X106.721 Y107.426 E1.28645
G1 X106.35 Y107.649 E1.30345
G1 X105.67 Y107.897 E1.33187
G1 X105.022 Y107.974 E1.35749
G1 X104.378 Y107.908 E1.38291
G1 X103.878 Y107.755 E1.40344
G1 X103.491 Y107.562 E1.42042
G1 X102.917 Y107.121 E1.44884
G1 X102.64 Y106.811 E1.46516
G1 X102.366 Y106.34 E1.48656
G1 X102.22 Y106.041 E1.49962
G1 X102.075 Y105.464 E1.52298
G1 X102.026 Y104.978 E1.54216
G1 X102.074 Y104.545 E1.55927
G1 X102.164 Y104.155 F7800
G1 X101.198 Y104.33
;TYPE:Perimeter
;WIDTH:0.63375
G1 F609.312
G1 X101.259 Y104.01 E1.57783
;WIDTH:0.624752
G1 F618.735
G1 X101.493 Y103.365 E1.61634
;WIDTH:0.624228
G1 F619.293
G1 X101.776 Y102.861 E1.64875
;WIDTH:0.62589
G1 F617.527
G1 X102.139 Y102.394 E1.68201
G1 X102.57 Y101.991 E1.71519
;WIDTH:0.642244
G1 F600.677
G1 X103.018 Y101.685 E1.74655
G1 X103.565 Y101.41 E1.78194
;WIDTH:0.61474
G1 F629.569
G1 X104.069 Y101.245 E1.81119
;WIDTH:0.631148
G1 F612.008
G1 X104.678 Y101.146 E1.8462
G1 X105.11 Y101.132 E1.87072
;WIDTH:0.627114
G1 F616.234
G1 X105.788 Y101.218 E1.90923
;WIDTH:0.611604
G1 F633.041
G1 X106.459 Y101.416 E1.9476
;WIDTH:0.643716
G1 F599.205
G1 X106.92 Y101.649 E1.97753
G1 X107.465 Y102.024 E2.01587
;WIDTH:0.637388
G1 F605.583
G1 X107.848 Y102.39 E2.04625
G1 X108.15 Y102.763 E2.07377
;WIDTH:0.640574
G1 F602.355
G1 X108.422 Y103.205 E2.10369
G1 X108.633 Y103.665 E2.13286
;WIDTH:0.62475
G1 F618.737
G1 X108.801 Y104.28 E2.16864
;WIDTH:0.627436
G1 F615.894
G1 X108.867 Y104.88 E2.20267
;WIDTH:0.633744
G1 F609.319
G1 X108.831 Y105.516 E2.23897
G1 X108.741 Y105.99 E2.26646
;WIDTH:0.624748
G1 F618.74
G1 X108.536 Y106.569 E2.30093
;WIDTH:0.614682
G1 F629.633
G1 X108.286 Y107.036 E2.33014
;WIDTH:0.635866
G1 F607.138
G1 X107.97 Y107.476 E2.36112
G1 X107.623 Y107.845 E2.39009
;WIDTH:0.62475
G1 F618.737
G1 X107.16 Y108.209 E2.42314
;WIDTH:0.619246
G1 F624.646
G1 X106.657 Y108.494 E2.45528
G1 X105.884 Y108.764 E2.5008
;WIDTH:0.635858
G1 F607.146
G1 X105.349 Y108.851 E2.5318
G1 X104.843 Y108.867 E2.56075
;WIDTH:0.625858
G1 F617.561
G1 X104.28 Y108.799 E2.59264
;WIDTH:0.630534
G1 F612.647
G1 X103.848 Y108.694 E2.61784
G1 X103.375 Y108.513 E2.64654
;WIDTH:0.640608
G1 F602.321
G1 X102.764 Y108.151 E2.68748
G1 X102.213 Y107.686 E2.72904
M73 P36 R3
;WIDTH:0.61576
G1 F628.448
G1 X101.85 Y107.237 E2.76094
;WIDTH:0.64058
G1 F602.349
G1 X101.578 Y106.795 E2.79086
G1 X101.359 Y106.312 E2.82143
;WIDTH:0.627388
G1 F615.945
G1 X101.199 Y105.72 E2.856
;WIDTH:0.618152
G1 F625.835
M73 P37 R3
M73 Q37 S4
G1 X101.133 Y105.12 E2.88949
;WIDTH:0.63375
G1 F609.312
G1 X101.169 Y104.484 E2.92579
G1 X101.187 Y104.389 E2.9313
G92 E0
G1 X105.201 Y100.649 F7800
;WIDTH:0.449999
G1 F884.349
M73 Q37 S3
G1 X105.56 Y100.67 E.01412
G1 X106.282 Y100.83 E.04316
G1 X106.636 Y100.961 E.05798
G1 X107.178 Y101.215 E.08148
G1 X107.653 Y101.532 E.1039
G1 X108.219 Y102.051 E.13405
G1 X108.537 Y102.466 E.15458
G1 X108.881 Y103.003 E.17962
G1 X109.11 Y103.537 E.20243
G1 X109.305 Y104.286 E.23282
G1 X109.36 Y104.841 E.25472
G1 X109.328 Y105.576 E.28361
G1 X109.219 Y106.124 E.30555
G1 X108.957 Y106.845 E.33567
G1 X108.706 Y107.279 E.35536
G1 X108.35 Y107.802 E.3802
G1 X107.954 Y108.215 E.40267
G1 X107.457 Y108.597 E.42728
G1 X107.023 Y108.87 E.44741
G1 X106.499 Y109.101 E.4699
G1 X106.009 Y109.232 E.48982
G1 X105.387 Y109.35 E.51468
G1 X104.816 Y109.362 E.53711
G1 X104.193 Y109.28 E.56178
G1 X103.693 Y109.167 E.58191
G1 X103.161 Y108.96 E.60432
G1 X102.702 Y108.695 E.62513
G1 X102.198 Y108.35 E.64911
G1 X101.785 Y107.954 E.67158
G1 X101.463 Y107.534 E.69236
G1 X101.143 Y107.046 E.71527
G1 X100.939 Y106.59 E.73488
G1 X100.778 Y106.11 E.75476
G1 X100.678 Y105.612 E.7747
G1 X100.65 Y104.931 E.80146
G1 X100.679 Y104.386 E.82289
G1 X100.794 Y103.841 E.84476
G1 X101.065 Y103.118 E.87508
G1 X101.451 Y102.461 E.905
G1 X101.805 Y102.029 E.92693
G1 X102.485 Y101.439 E.96228
G1 X103.145 Y101.047 E.99242
G1 X103.87 Y100.783 E1.02272
G1 X104.592 Y100.656 E1.0515
G1 X105.028 Y100.638 E1.06863
G1 X105.141 Y100.645 E1.07308
G1 X105.21 Y100.238 F7800
;TYPE:External perimeter
G1 F884.349
G1 X105.62 Y100.266 E1.08922
G1 X106.37 Y100.432 E1.11938
G1 X106.784 Y100.582 E1.13667
G1 X107.385 Y100.864 E1.16274
G1 X107.905 Y101.211 E1.18729
G1 X108.52 Y101.775 E1.22005
G1 X108.993 Y102.391 E1.25054
G1 X109.254 Y102.839 E1.2709
G1 X109.504 Y103.432 E1.29617
G1 X109.71 Y104.242 E1.32899
G1 X109.767 Y104.859 E1.35332
G1 X109.733 Y105.625 E1.38343
G1 X109.612 Y106.234 E1.40781
G1 X109.327 Y107.018 E1.44056
G1 X108.975 Y107.627 E1.46818
G1 X108.659 Y108.067 E1.48945
G1 X108.227 Y108.519 E1.514
G1 X107.705 Y108.919 E1.53982
G1 X107.207 Y109.234 E1.56296
G1 X106.635 Y109.486 E1.5875
G1 X105.953 Y109.669 E1.61523
G1 X105.419 Y109.756 E1.63647
G1 X104.794 Y109.77 E1.66102
G1 X104.139 Y109.684 E1.68696
G1 X103.567 Y109.554 E1.70999
G1 X102.984 Y109.328 E1.73454
G1 X102.498 Y109.047 E1.75658
G1 X101.933 Y108.659 E1.78349
G1 X101.481 Y108.227 E1.80804
G1 X101.14 Y107.782 E1.83005
G1 X100.791 Y107.25 E1.85503
G1 X100.567 Y106.754 E1.8764
G1 X100.388 Y106.237 E1.89788
G1 X100.287 Y105.745 E1.9176
G1 X100.23 Y105.212 E1.93865
G1 X100.267 Y104.375 E1.97155
G1 X100.388 Y103.766 E1.99593
G1 X100.673 Y102.982 E2.02868
G1 X101.09 Y102.26 E2.06142
G1 X101.479 Y101.776 E2.0858
M73 P38 R3
M73 Q38 S3
G1 X102.047 Y101.255 E2.11606
G1 X102.508 Y100.931 E2.13818
G1 X102.979 Y100.674 E2.15925
G1 X103.764 Y100.388 E2.19205
G1 X104.521 Y100.255 E2.22223
G1 X105.085 Y100.23 E2.2444
G1 X105.15 Y100.234 E2.24696
G1 X105.549 Y100.261 F7800
;LAYER_CHANGE
;Z:3.55
;HEIGHT:0.2
G92 E0
G1 Z3.55 F7800
G1 X101.686 Y104.416
;TYPE:Perimeter
G1 F884.349
G1 X101.73 Y104.158 E.01028
G1 X101.898 Y103.657 E.03103
G1 X102.134 Y103.206 E.05102
G1 X102.384 Y102.858 E.06784
G1 X102.89 Y102.36 E.09572
G1 X103.597 Y101.932 E.12817
G1 X104.147 Y101.734 E.15112
G1 X104.736 Y101.64 E.17454
G1 X105.067 Y101.626 E.18755
G1 X105.614 Y101.675 E.20911
G1 X106.232 Y101.853 E.23436
G1 X106.993 Y102.273 E.26849
G1 X107.494 Y102.744 E.29549
G1 X107.727 Y103.007 E.30929
G1 X108.089 Y103.634 E.33772
G1 X108.288 Y104.216 E.36187
G1 X108.366 Y104.719 E.38186
G1 X108.358 Y105.369 E.40738
G1 X108.247 Y105.858 E.42707
G1 X108.102 Y106.343 E.44695
G1 X107.867 Y106.794 E.46692
G1 X107.436 Y107.342 E.49429
G1 X106.982 Y107.738 E.51794
G1 X106.526 Y108.017 E.53893
G1 X105.939 Y108.246 E.56367
G1 X105.283 Y108.35 E.58975
G1 X104.875 Y108.375 E.6058
G1 X104.481 Y108.338 E.62134
G1 X103.782 Y108.15 E.64976
G1 X103.309 Y107.929 E.67026
G1 X102.832 Y107.569 E.69372
G1 X102.525 Y107.298 E.7098
G1 X102.273 Y106.993 E.72533
G1 X101.911 Y106.366 E.75376
G1 X101.736 Y105.861 E.77475
G1 X101.629 Y105.133 E.80364
G1 X101.665 Y104.538 E.82705
G1 X101.676 Y104.475 E.82956
G1 X102.085 Y104.486 F7800
;TYPE:External perimeter
G1 F884.349
G1 X102.118 Y104.281 E.83771
G1 X102.293 Y103.781 E.85851
G1 X102.563 Y103.303 E.88007
G1 X102.713 Y103.098 E.89004
G1 X103.172 Y102.654 E.91511
G1 X103.801 Y102.284 E.94376
G1 X104.338 Y102.1 E.96605
G1 X104.929 Y102.027 E.98943
G1 X105.497 Y102.068 E1.01179
G1 X106.118 Y102.244 E1.03713
G1 X106.789 Y102.625 E1.06743
G1 X107.375 Y103.211 E1.09997
G1 X107.737 Y103.838 E1.1284
G1 X107.9 Y104.339 E1.14909
G1 X107.958 Y104.808 E1.16765
G1 X107.951 Y105.364 E1.18948
G1 X107.757 Y106.113 E1.21986
G1 X107.518 Y106.583 E1.24056
G1 X107.118 Y107.087 E1.26582
G1 X106.721 Y107.426 E1.28632
G1 X106.354 Y107.648 E1.30316
G1 X105.791 Y107.867 E1.32688
G1 X105.23 Y107.947 E1.34913
G1 X104.902 Y107.969 E1.36204
G1 X104.586 Y107.944 E1.37449
G1 X103.887 Y107.757 E1.4029
G1 X103.491 Y107.562 E1.42023
G1 X102.917 Y107.121 E1.44865
G1 X102.625 Y106.789 E1.46601
G1 X102.263 Y106.162 E1.49444
G1 X102.1 Y105.661 E1.51513
G1 X102.033 Y105.089 E1.53774
G1 X102.07 Y104.582 E1.5577
G1 X102.076 Y104.545 E1.55917
G1 X102.168 Y104.156 F7800
G1 X101.198 Y104.33
;TYPE:Perimeter
;WIDTH:0.633748
G1 F609.314
G1 X101.259 Y104.01 E1.57773
;WIDTH:0.624752
G1 F618.735
G1 X101.493 Y103.365 E1.61624
;WIDTH:0.624226
G1 F619.295
G1 X101.776 Y102.861 E1.64865
;WIDTH:0.625892
G1 F617.525
G1 X102.139 Y102.394 E1.68191
G1 X102.57 Y101.991 E1.71509
;WIDTH:0.642138
G1 F600.783
G1 X103.014 Y101.688 E1.74616
G1 X103.565 Y101.41 E1.78183
;WIDTH:0.614742
G1 F629.567
G1 X104.069 Y101.245 E1.81108
;WIDTH:0.630954
G1 F612.21
G1 X104.678 Y101.146 E1.84607
G1 X105.105 Y101.132 E1.8703
M73 P39 R3
M73 Q39 S3
;WIDTH:0.627104
G1 F616.244
G1 X105.788 Y101.218 E1.90909
;WIDTH:0.611592
G1 F633.054
G1 X106.459 Y101.416 E1.94746
;WIDTH:0.643716
G1 F599.205
G1 X106.92 Y101.649 E1.97739
G1 X107.465 Y102.024 E2.01573
;WIDTH:0.63739
G1 F605.581
G1 X107.848 Y102.39 E2.04611
G1 X108.15 Y102.763 E2.07363
;WIDTH:0.640572
G1 F602.357
G1 X108.422 Y103.205 E2.10355
G1 X108.633 Y103.665 E2.13272
;WIDTH:0.62475
G1 F618.737
G1 X108.79 Y104.226 E2.16541
;WIDTH:0.631222
G1 F611.931
G1 X108.863 Y104.819 E2.19931
G1 X108.846 Y105.409 E2.2328
;WIDTH:0.642134
G1 F600.787
G1 X108.733 Y105.988 E2.2669
G1 X108.507 Y106.635 E2.30651
;WIDTH:0.629326
G1 F613.909
G1 X108.155 Y107.239 E2.34605
G1 X107.668 Y107.804 E2.38824
;WIDTH:0.618126
G1 F625.863
G1 X107.257 Y108.139 E2.41766
;WIDTH:0.620108
G1 F623.714
G1 X106.8 Y108.431 E2.44785
;WIDTH:0.63425
G1 F608.797
G1 X106.333 Y108.628 E2.47676
;WIDTH:0.640606
G1 F602.323
G1 X105.647 Y108.809 E2.51766
G1 X104.928 Y108.87 E2.55926
;WIDTH:0.615758
G1 F628.45
G1 X104.354 Y108.809 E2.59115
;WIDTH:0.640568
G1 F602.361
G1 X103.85 Y108.689 E2.62102
G1 X103.375 Y108.513 E2.65022
G1 X102.764 Y108.151 E2.69116
G1 X102.213 Y107.686 E2.73272
;WIDTH:0.61576
G1 F628.448
G1 X101.85 Y107.237 E2.76462
;WIDTH:0.64058
G1 F602.349
G1 X101.578 Y106.795 E2.79454
G1 X101.359 Y106.312 E2.82511
;WIDTH:0.62739
G1 F615.943
G1 X101.199 Y105.72 E2.85968
;WIDTH:0.618146
G1 F625.841
G1 X101.133 Y105.12 E2.89317
;WIDTH:0.633748
G1 F609.314
G1 X101.169 Y104.484 E2.92947
G1 X101.187 Y104.389 E2.93498
G92 E0
G1 X105.201 Y100.649 F7800
;WIDTH:0.449999
G1 F884.349
G1 X105.56 Y100.67 E.01412
G1 X106.282 Y100.83 E.04316
G1 X106.636 Y100.961 E.05798
G1 X107.178 Y101.215 E.08148
G1 X107.653 Y101.532 E.1039
G1 X108.219 Y102.051 E.13405
G1 X108.537 Y102.466 E.15458
G1 X108.881 Y103.003 E.17962
G1 X109.11 Y103.537 E.20243
G1 X109.305 Y104.286 E.23282
G1 X109.36 Y104.841 E.25472
G1 X109.328 Y105.576 E.28361
G1 X109.219 Y106.124 E.30555
G1 X108.957 Y106.845 E.33567
G1 X108.706 Y107.279 E.35536
G1 X108.35 Y107.802 E.3802
G1 X107.954 Y108.215 E.40267
G1 X107.457 Y108.597 E.42728
G1 X107.023 Y108.87 E.44741
G1 X106.499 Y109.101 E.4699
G1 X105.987 Y109.238 E.49071
G1 X105.387 Y109.35 E.51468
G1 X104.816 Y109.362 E.53711
G1 X104.291 Y109.293 E.5579
G1 X103.693 Y109.167 E.5819
G1 X103.161 Y108.96 E.60431
G1 X102.702 Y108.695 E.62512
G1 X102.198 Y108.35 E.6491
G1 X101.785 Y107.954 E.67157
G1 X101.463 Y107.534 E.69235
G1 X101.143 Y107.046 E.71526
G1 X100.939 Y106.59 E.73487
G1 X100.778 Y106.11 E.75475
G1 X100.679 Y105.617 E.77449
G1 X100.65 Y104.931 E.80145
G1 X100.679 Y104.386 E.82288
G1 X100.794 Y103.841 E.84475
G1 X101.065 Y103.118 E.87507
G1 X101.451 Y102.461 E.90499
G1 X101.805 Y102.029 E.92692
G1 X102.485 Y101.439 E.96227
G1 X103.146 Y101.047 E.99244
G1 X103.87 Y100.783 E1.0227
G1 X104.592 Y100.656 E1.05148
M73 P40 R3
M73 Q40 S3
G1 X105.024 Y100.638 E1.06846
G1 X105.141 Y100.645 E1.07306
G1 X105.21 Y100.238 F7800
;TYPE:External perimeter
G1 F884.349
G1 X105.62 Y100.266 E1.0892
G1 X106.37 Y100.432 E1.11936
G1 X106.783 Y100.582 E1.13661
G1 X107.385 Y100.864 E1.16271
G1 X107.905 Y101.211 E1.18726
G1 X108.52 Y101.775 E1.22002
G1 X108.993 Y102.391 E1.25051
G1 X109.254 Y102.839 E1.27087
G1 X109.504 Y103.432 E1.29614
G1 X109.71 Y104.241 E1.32892
G1 X109.767 Y104.859 E1.35329
G1 X109.733 Y105.625 E1.3834
G1 X109.612 Y106.234 E1.40778
G1 X109.327 Y107.018 E1.44053
G1 X108.975 Y107.627 E1.46815
G1 X108.659 Y108.067 E1.48942
G1 X108.227 Y108.519 E1.51397
G1 X107.705 Y108.919 E1.53979
G1 X107.207 Y109.234 E1.56293
G1 X106.698 Y109.458 E1.58477
G1 X105.766 Y109.711 E1.62269
G1 X105.044 Y109.764 E1.65112
G1 X104.45 Y109.725 E1.67449
G1 X103.905 Y109.645 E1.69612
G1 X103.217 Y109.419 E1.72455
G1 X102.684 Y109.155 E1.7479
G1 X102.21 Y108.872 E1.76958
G1 X101.662 Y108.4 E1.79798
G1 X101.271 Y107.952 E1.82133
G1 X100.941 Y107.51 E1.84299
G1 X100.615 Y106.863 E1.87144
G1 X100.402 Y106.282 E1.89574
G1 X100.288 Y105.75 E1.9171
G1 X100.23 Y105.211 E1.93839
G1 X100.267 Y104.375 E1.97125
G1 X100.388 Y103.766 E1.99563
G1 X100.673 Y102.982 E2.02838
G1 X101.09 Y102.26 E2.06112
G1 X101.479 Y101.776 E2.0855
G1 X102.047 Y101.255 E2.11576
G1 X102.503 Y100.934 E2.13766
G1 X102.979 Y100.674 E2.15896
G1 X103.764 Y100.388 E2.19176
G1 X104.521 Y100.255 E2.22194
G1 X105.079 Y100.229 E2.24387
G1 X105.15 Y100.234 E2.24666
G1 X105.549 Y100.261 F7800
;LAYER_CHANGE
;Z:3.75
;HEIGHT:0.2
G92 E0
G1 Z3.75 F7800
G1 X101.683 Y104.415
;TYPE:Perimeter
G1 F884.349
G1 X101.713 Y104.213 E.00802
G1 X101.886 Y103.681 E.02999
G1 X102.121 Y103.229 E.04999
G1 X102.454 Y102.778 E.072
G1 X102.89 Y102.36 E.09572
G1 X103.597 Y101.932 E.12817
G1 X104.147 Y101.734 E.15112
G1 X104.737 Y101.64 E.17458
G1 X105.062 Y101.626 E.18735
G1 X105.614 Y101.675 E.20911
G1 X106.232 Y101.853 E.23436
G1 X106.766 Y102.142 E.2582
G1 X107.119 Y102.37 E.2747
G1 X107.63 Y102.881 E.30308
G1 X107.987 Y103.456 E.32965
G1 X108.161 Y103.814 E.34528
G1 X108.313 Y104.333 E.36651
G1 X108.378 Y104.934 E.39025
G1 X108.335 Y105.462 E.41105
G1 X108.27 Y105.842 E.42619
G1 X108.102 Y106.343 E.44694
G1 X107.867 Y106.794 E.46691
G1 X107.436 Y107.342 E.49428
G1 X106.982 Y107.738 E.51793
G1 X106.354 Y108.096 E.54631
G1 X105.652 Y108.316 E.5752
G1 X105.054 Y108.38 E.59881
G1 X104.388 Y108.323 E.62506
G1 X103.762 Y108.145 E.65061
G1 X103.116 Y107.805 E.67927
G1 X102.648 Y107.428 E.70287
G1 X102.273 Y106.993 E.72542
G1 X101.911 Y106.366 E.75385
G1 X101.712 Y105.784 E.778
G1 X101.629 Y105.133 E.80377
G1 X101.665 Y104.534 E.82733
G1 X101.674 Y104.474 E.82971
G1 X102.088 Y104.486 F7800
;TYPE:External perimeter
G1 F884.349
M73 Q41 S3
G1 X102.101 Y104.335 E.83566
G1 X102.255 Y103.853 E.85553
M73 P41 R3
G1 X102.491 Y103.402 E.87552
G1 X102.763 Y103.046 E.89311
G1 X103.172 Y102.654 E.91535
G1 X103.801 Y102.284 E.944
G1 X104.338 Y102.1 E.96629
G1 X104.926 Y102.027 E.98955
G1 X105.497 Y102.068 E1.01203
G1 X106.118 Y102.244 E1.03737
G1 X106.831 Y102.657 E1.06972
G1 X107.343 Y103.169 E1.09815
G1 X107.634 Y103.66 E1.12056
G1 X107.773 Y103.936 E1.13269
G1 X107.915 Y104.438 E1.15317
G1 X107.974 Y104.978 E1.1745
G1 X107.908 Y105.622 E1.19992
G1 X107.755 Y106.122 E1.22045
G1 X107.518 Y106.583 E1.2408
G1 X107.118 Y107.087 E1.26606
G1 X106.721 Y107.426 E1.28656
G1 X106.158 Y107.739 E1.31185
G1 X105.538 Y107.925 E1.33727
G1 X105.018 Y107.974 E1.35778
G1 X104.429 Y107.918 E1.38101
G1 X103.88 Y107.755 E1.4035
G1 X103.312 Y107.449 E1.42883
G1 X102.91 Y107.116 E1.44933
G1 X102.625 Y106.789 E1.46636
G1 X102.263 Y106.162 E1.49479
G1 X102.1 Y105.661 E1.51548
G1 X102.033 Y105.088 E1.53813
G1 X102.082 Y104.546 E1.5595
G1 X102.165 Y104.154 F7800
G1 X101.209 Y104.332
;TYPE:Perimeter
;WIDTH:0.622156
G1 F621.508
G1 X101.243 Y104.064 E1.57459
G1 X101.467 Y103.433 E1.612
;WIDTH:0.624772
G1 F618.714
G1 X101.821 Y102.789 E1.65324
;WIDTH:0.625894
G1 F617.523
G1 X102.139 Y102.394 E1.68175
G1 X102.57 Y101.991 E1.71493
;WIDTH:0.642034
G1 F600.887
G1 X103.01 Y101.69 E1.74574
G1 X103.565 Y101.41 E1.78166
;WIDTH:0.614742
G1 F629.567
G1 X104.069 Y101.245 E1.81091
;WIDTH:0.630756
G1 F612.416
G1 X104.679 Y101.146 E1.84595
G1 X105.1 Y101.132 E1.86983
;WIDTH:0.627094
G1 F616.255
G1 X105.788 Y101.218 E1.9089
;WIDTH:0.611594
G1 F633.052
G1 X106.459 Y101.416 E1.94727
;WIDTH:0.641342
G1 F601.582
G1 X107.017 Y101.706 E1.98357
G1 X107.465 Y102.024 E2.01528
;WIDTH:0.637392
G1 F605.579
G1 X107.848 Y102.39 E2.04566
G1 X108.15 Y102.763 E2.07318
;WIDTH:0.64057
G1 F602.359
G1 X108.422 Y103.205 E2.1031
G1 X108.633 Y103.665 E2.13227
;WIDTH:0.624748
G1 F618.74
G1 X108.801 Y104.28 E2.16805
;WIDTH:0.627436
G1 F615.894
G1 X108.867 Y104.88 E2.20208
;WIDTH:0.633744
G1 F609.319
G1 X108.831 Y105.516 E2.23838
G1 X108.741 Y105.99 E2.26587
;WIDTH:0.624748
G1 F618.74
G1 X108.507 Y106.635 E2.30438
;WIDTH:0.629326
G1 F613.909
G1 X108.155 Y107.239 E2.34392
G1 X107.668 Y107.804 E2.38611
;WIDTH:0.618126
G1 F625.863
G1 X107.257 Y108.139 E2.41553
;WIDTH:0.635868
G1 F607.136
G1 X106.796 Y108.424 E2.44653
G1 X106.335 Y108.632 E2.47546
;WIDTH:0.625848
G1 F617.572
G1 X105.789 Y108.785 E2.50734
;WIDTH:0.630534
G1 F612.647
G1 X105.349 Y108.853 E2.53257
G1 X104.843 Y108.867 E2.56126
;WIDTH:0.625572
G1 F617.865
G1 X104.339 Y108.808 E2.58978
;WIDTH:0.633158
G1 F609.923
G1 X103.849 Y108.692 E2.61845
G1 X103.375 Y108.512 E2.64732
;WIDTH:0.625852
G1 F617.568
G1 X102.881 Y108.234 E2.67919
;WIDTH:0.630538
G1 F612.643
G1 X102.523 Y107.972 E2.70433
G1 X102.154 Y107.624 E2.73308
;WIDTH:0.640612
G1 F602.317
G1 X101.729 Y107.055 E2.77402
G1 X101.37 Y106.342 E2.82004
;WIDTH:0.632136
G1 F610.981
G1 X101.173 Y105.548 E2.86653
G1 X101.138 Y104.88 E2.90455
;WIDTH:0.622156
G1 F621.508
G1 X101.201 Y104.391 E2.9321
G92 E0
G1 X105.2 Y100.646 F7800
;WIDTH:0.449999
G1 F884.349
M73 P42 R3
M73 Q42 S3
G1 X105.823 Y100.728 E.02467
G1 X106.355 Y100.852 E.04612
G1 X106.875 Y101.058 E.06808
G1 X107.65 Y101.53 E.10371
G1 X108.219 Y102.051 E.134
G1 X108.537 Y102.466 E.15453
G1 X108.881 Y103.003 E.17957
G1 X109.11 Y103.537 E.20238
G1 X109.305 Y104.286 E.23277
G1 X109.36 Y104.841 E.25467
G1 X109.328 Y105.576 E.28356
G1 X109.219 Y106.124 E.3055
G1 X108.957 Y106.845 E.33562
G1 X108.706 Y107.279 E.35531
G1 X108.35 Y107.802 E.38015
G1 X107.954 Y108.215 E.40262
G1 X107.552 Y108.524 E.42253
G1 X107.023 Y108.87 E.44735
G1 X106.499 Y109.101 E.46984
G1 X105.892 Y109.263 E.49451
G1 X105.387 Y109.35 E.51463
G1 X104.816 Y109.362 E.53706
G1 X104.243 Y109.287 E.55975
G1 X103.693 Y109.167 E.58185
G1 X103.161 Y108.96 E.60426
G1 X102.616 Y108.645 E.62898
G1 X102.198 Y108.35 E.64907
G1 X101.785 Y107.954 E.67154
G1 X101.463 Y107.534 E.69232
G1 X101.13 Y107.023 E.71627
G1 X100.901 Y106.503 E.73858
G1 X100.733 Y105.839 E.76547
G1 X100.638 Y105.2 E.79084
G1 X100.671 Y104.458 E.82
G1 X100.734 Y104.101 E.83423
G1 X100.894 Y103.516 E.85804
G1 X101.211 Y102.834 E.88757
G1 X101.436 Y102.48 E.90404
G1 X101.805 Y102.029 E.92692
G1 X102.485 Y101.439 E.96227
G1 X103.146 Y101.047 E.99244
G1 X103.87 Y100.783 E1.0227
G1 X104.628 Y100.65 E1.05292
G1 X105.138 Y100.638 E1.07295
G1 X105.141 Y100.638 E1.07307
G1 X105.21 Y100.235 F7800
;TYPE:External perimeter
G1 F884.349
G1 X105.62 Y100.266 E1.08921
G1 X106.438 Y100.447 E1.12211
G1 X107.019 Y100.673 E1.14659
G1 X107.491 Y100.928 E1.16765
G1 X107.904 Y101.21 E1.18729
G1 X108.52 Y101.775 E1.22011
G1 X108.993 Y102.391 E1.2506
G1 X109.254 Y102.839 E1.27096
G1 X109.504 Y103.432 E1.29623
G1 X109.71 Y104.242 E1.32905
G1 X109.767 Y104.859 E1.35338
G1 X109.733 Y105.625 E1.38349
G1 X109.612 Y106.234 E1.40787
G1 X109.327 Y107.018 E1.44062
G1 X108.975 Y107.627 E1.46824
G1 X108.659 Y108.067 E1.48951
G1 X108.227 Y108.519 E1.51406
G1 X107.667 Y108.949 E1.54178
G1 X107.207 Y109.234 E1.56303
G1 X106.635 Y109.486 E1.58757
G1 X105.997 Y109.657 E1.6135
G1 X105.419 Y109.756 E1.63653
G1 X104.794 Y109.77 E1.66108
G1 X104.19 Y109.69 E1.685
G1 X103.567 Y109.554 E1.71004
G1 X102.984 Y109.328 E1.73459
G1 X102.412 Y108.998 E1.76052
G1 X101.933 Y108.659 E1.78356
G1 X101.481 Y108.227 E1.80811
G1 X101.14 Y107.782 E1.83012
G1 X100.766 Y107.207 E1.85705
G1 X100.515 Y106.636 E1.88154
G1 X100.296 Y105.77 E1.91661
G1 X100.23 Y105.211 E1.93871
G1 X100.267 Y104.374 E1.97161
G1 X100.367 Y103.849 E1.99259
G1 X100.512 Y103.37 E2.01224
G1 X100.842 Y102.662 E2.04291
G1 X101.087 Y102.263 E2.06129
G1 X101.479 Y101.776 E2.08584
G1 X102.096 Y101.21 E2.11872
G1 X102.538 Y100.91 E2.13969
G1 X102.979 Y100.674 E2.15933
G1 X103.764 Y100.388 E2.19213
G1 X104.587 Y100.243 E2.22494
M73 P43 R3
M73 Q43 S3
G1 X105.121 Y100.228 E2.24592
G1 X105.15 Y100.23 E2.24706
G1 X105.549 Y100.261 F7800
;LAYER_CHANGE
;Z:3.95
;HEIGHT:0.2
G92 E0
G1 Z3.95 F7800
G1 X101.683 Y104.415
;TYPE:Perimeter
G1 F884.349
G1 X101.712 Y104.216 E.0079
G1 X101.886 Y103.681 E.02999
G1 X102.121 Y103.229 E.04999
G1 X102.416 Y102.824 E.06966
G1 X102.886 Y102.365 E.09545
G1 X103.598 Y101.932 E.12817
G1 X104.147 Y101.734 E.15109
G1 X104.737 Y101.64 E.17455
G1 X105.261 Y101.629 E.19513
G1 X105.952 Y101.758 E.22273
G1 X106.458 Y101.954 E.24404
G1 X107.07 Y102.336 E.27237
G1 X107.49 Y102.734 E.29509
G1 X107.727 Y103.007 E.30928
G1 X108.089 Y103.634 E.33771
G1 X108.288 Y104.216 E.36186
G1 X108.372 Y104.873 E.38787
G1 X108.336 Y105.45 E.41057
G1 X108.288 Y105.784 E.42382
G1 X108.13 Y106.282 E.44433
G1 X107.879 Y106.771 E.46591
G1 X107.436 Y107.342 E.49429
G1 X106.982 Y107.738 E.51794
G1 X106.354 Y108.096 E.54632
G1 X105.71 Y108.304 E.57289
G1 X105.06 Y108.379 E.59858
G1 X104.391 Y108.324 E.62494
G1 X103.762 Y108.145 E.65062
G1 X103.116 Y107.805 E.67928
G1 X102.491 Y107.256 E.71194
G1 X102.034 Y106.619 E.74272
G1 X101.72 Y105.809 E.77683
G1 X101.629 Y105.132 E.80365
G1 X101.665 Y104.534 E.82717
G1 X101.674 Y104.474 E.82955
G1 X102.082 Y104.485 F7800
;TYPE:External perimeter
G1 F884.349
G1 X102.1 Y104.339 E.83533
G1 X102.255 Y103.853 E.85536
G1 X102.491 Y103.402 E.87535
G1 X102.774 Y103.044 E.89327
G1 X103.17 Y102.656 E.91504
G1 X103.801 Y102.284 E.9438
G1 X104.338 Y102.1 E.96609
G1 X104.922 Y102.028 E.98919
G1 X105.312 Y102.046 E1.00452
G1 X105.873 Y102.157 E1.02697
G1 X106.358 Y102.354 E1.04752
G1 X106.844 Y102.674 E1.07037
G1 X107.346 Y103.172 E1.09813
G1 X107.634 Y103.66 E1.12038
G1 X107.773 Y103.936 E1.13251
G1 X107.915 Y104.438 E1.15299
G1 X107.974 Y104.978 E1.17432
G1 X107.908 Y105.622 E1.19974
G1 X107.755 Y106.122 E1.22027
G1 X107.518 Y106.583 E1.24062
G1 X107.118 Y107.087 E1.26588
G1 X106.721 Y107.426 E1.28638
G1 X106.159 Y107.739 E1.31164
G1 X105.593 Y107.914 E1.3349
G1 X105.02 Y107.974 E1.35752
G1 X104.432 Y107.919 E1.38071
G1 X103.88 Y107.755 E1.40332
G1 X103.312 Y107.448 E1.42867
G1 X102.766 Y106.956 E1.45753
G1 X102.372 Y106.393 E1.48451
G1 X102.103 Y105.67 E1.5148
G1 X102.033 Y105.088 E1.53782
G1 X102.07 Y104.578 E1.5579
G1 X102.074 Y104.545 E1.55921
G1 X102.164 Y104.155 F7800
G1 X101.208 Y104.331
;TYPE:Perimeter
;WIDTH:0.62185
G1 F621.837
G1 X101.242 Y104.068 E1.57402
G1 X101.467 Y103.433 E1.61164
;WIDTH:0.62411
G1 F619.419
G1 X101.821 Y102.789 E1.65284
;WIDTH:0.63184
G1 F611.288
G1 X102.141 Y102.396 E1.68163
G1 X102.57 Y101.991 E1.71514
;WIDTH:0.64193
G1 F600.992
G1 X103.006 Y101.693 E1.74565
G1 X103.61 Y101.394 E1.78459
;WIDTH:0.60711
G1 F638.083
G1 X104.271 Y101.206 E1.82199
;WIDTH:0.616124
G1 F628.049
G1 X104.981 Y101.129 E1.86147
;WIDTH:0.626004
G1 F617.407
G1 X105.488 Y101.161 E1.89004
G1 X106.255 Y101.339 E1.93432
;WIDTH:0.627406
G1 F615.926
G1 X106.925 Y101.642 E1.97578
G1 X107.394 Y101.961 E2.00776
M73 P44 R3
M73 Q44 S3
;WIDTH:0.632938
G1 F610.151
G1 X107.85 Y102.389 E2.04335
G1 X108.15 Y102.763 E2.07064
;WIDTH:0.640572
G1 F602.357
G1 X108.422 Y103.205 E2.10056
G1 X108.633 Y103.665 E2.12973
;WIDTH:0.62475
G1 F618.737
G1 X108.801 Y104.28 E2.16551
;WIDTH:0.627418
G1 F615.913
G1 X108.867 Y104.88 E2.19954
;WIDTH:0.632956
G1 F610.132
G1 X108.832 Y105.504 E2.23511
G1 X108.751 Y105.93 E2.25979
;WIDTH:0.624746
G1 F618.742
G1 X108.513 Y106.625 E2.30102
;WIDTH:0.629324
G1 F613.911
G1 X108.155 Y107.239 E2.34122
G1 X107.668 Y107.804 E2.38341
;WIDTH:0.618126
G1 F625.863
G1 X107.257 Y108.139 E2.41283
;WIDTH:0.635856
G1 F607.148
G1 X106.796 Y108.424 E2.44383
G1 X106.335 Y108.632 E2.47275
;WIDTH:0.625526
G1 F617.913
G1 X105.85 Y108.77 E2.50109
;WIDTH:0.633286
G1 F609.791
G1 X105.349 Y108.852 E2.53
G1 X104.843 Y108.867 E2.55883
;WIDTH:0.625522
G1 F617.918
G1 X104.343 Y108.809 E2.58712
;WIDTH:0.633294
G1 F609.783
G1 X103.849 Y108.692 E2.61603
G1 X103.375 Y108.512 E2.6449
;WIDTH:0.625842
G1 F617.578
G1 X102.881 Y108.234 E2.67677
;WIDTH:0.63948
G1 F603.46
G1 X102.525 Y107.968 E2.70234
G1 X102.156 Y107.622 E2.73145
;WIDTH:0.628498
G1 F614.777
G1 X101.965 Y107.391 E2.74838
;WIDTH:0.619534
G1 F624.334
G1 X101.587 Y106.831 E2.78596
;WIDTH:0.641638
G1 F601.285
G1 X101.378 Y106.339 E2.81683
G1 X101.174 Y105.553 E2.86372
;WIDTH:0.631936
G1 F611.189
G1 X101.138 Y104.88 E2.90201
;WIDTH:0.62185
G1 F621.837
G1 X101.201 Y104.391 E2.92954
G92 E0
G1 X105.201 Y100.646 F7800
;WIDTH:0.449999
G1 F884.349
G1 X105.595 Y100.677 E.01552
G1 X106.432 Y100.882 E.04936
G1 X107.178 Y101.215 E.08144
G1 X107.653 Y101.532 E.10386
G1 X108.219 Y102.051 E.13401
G1 X108.537 Y102.466 E.15454
G1 X108.881 Y103.003 E.17958
G1 X109.11 Y103.537 E.20239
G1 X109.305 Y104.286 E.23278
G1 X109.36 Y104.841 E.25468
G1 X109.328 Y105.57 E.28333
G1 X109.162 Y106.319 E.31345
G1 X108.96 Y106.839 E.33535
G1 X108.706 Y107.279 E.3553
G1 X108.35 Y107.802 E.38014
G1 X107.954 Y108.215 E.40261
G1 X107.552 Y108.524 E.42252
G1 X107.023 Y108.87 E.44734
G1 X106.499 Y109.101 E.46983
G1 X105.944 Y109.249 E.49238
G1 X105.387 Y109.35 E.51461
G1 X104.816 Y109.362 E.53704
G1 X104.246 Y109.287 E.55961
G1 X103.693 Y109.167 E.58183
G1 X103.161 Y108.96 E.60424
G1 X102.616 Y108.645 E.62896
G1 X102.198 Y108.35 E.64905
G1 X101.785 Y107.954 E.67152
G1 X101.33 Y107.361 E.70087
G1 X101.13 Y107.023 E.71629
G1 X100.901 Y106.503 E.7386
G1 X100.733 Y105.839 E.76549
G1 X100.638 Y105.2 E.79086
G1 X100.671 Y104.458 E.82002
G1 X100.733 Y104.102 E.83421
G1 X100.894 Y103.516 E.85807
G1 X101.211 Y102.834 E.8876
G1 X101.436 Y102.48 E.90407
G1 X101.805 Y102.029 E.92695
G1 X102.484 Y101.439 E.96227
G1 X103.146 Y101.047 E.99248
G1 X103.87 Y100.783 E1.02274
G1 X104.593 Y100.656 E1.05156
G1 X105.081 Y100.636 E1.07074
G1 X105.141 Y100.641 E1.0731
G1 X105.21 Y100.236 F7800
;TYPE:External perimeter
G1 F884.349
G1 X105.683 Y100.28 E1.09175
G1 X106.58 Y100.503 E1.12804
G1 X107.385 Y100.864 E1.16268
G1 X107.905 Y101.211 E1.18723
M73 P45 R3
M73 Q45 S3
G1 X108.52 Y101.775 E1.21999
G1 X108.993 Y102.391 E1.25048
G1 X109.254 Y102.839 E1.27084
G1 X109.504 Y103.432 E1.29611
G1 X109.71 Y104.242 E1.32893
G1 X109.767 Y104.859 E1.35326
G1 X109.733 Y105.623 E1.38329
G1 X109.553 Y106.438 E1.41606
G1 X109.328 Y107.016 E1.44041
G1 X108.975 Y107.627 E1.46812
G1 X108.659 Y108.067 E1.48939
G1 X108.227 Y108.519 E1.51394
G1 X107.667 Y108.949 E1.54166
G1 X107.207 Y109.234 E1.56291
G1 X106.635 Y109.486 E1.58745
G1 X106.049 Y109.643 E1.61127
G1 X105.419 Y109.756 E1.6364
G1 X104.794 Y109.77 E1.66095
G1 X104.193 Y109.691 E1.68475
G1 X103.567 Y109.554 E1.70991
G1 X102.984 Y109.328 E1.73446
G1 X102.412 Y108.998 E1.76039
G1 X101.933 Y108.659 E1.78343
G1 X101.481 Y108.227 E1.80798
G1 X101.007 Y107.609 E1.83856
G1 X100.766 Y107.207 E1.85696
G1 X100.515 Y106.636 E1.88145
G1 X100.28 Y105.71 E1.91896
G1 X100.23 Y105.211 E1.93865
G1 X100.267 Y104.374 E1.97155
G1 X100.366 Y103.854 E1.99233
G1 X100.512 Y103.37 E2.01218
G1 X100.842 Y102.662 E2.04285
G1 X101.087 Y102.263 E2.06123
G1 X101.479 Y101.776 E2.08578
G1 X102.096 Y101.21 E2.11866
G1 X102.534 Y100.913 E2.13944
G1 X102.979 Y100.674 E2.15927
G1 X103.69 Y100.415 E2.18898
G1 X104.652 Y100.242 E2.22736
G1 X105.15 Y100.232 E2.24692
G1 X105.548 Y100.268 F7800
;LAYER_CHANGE
;Z:4.15
;HEIGHT:0.2
G92 E0
G1 Z4.15 F7800
G1 X101.686 Y104.416
;TYPE:Perimeter
G1 F884.349
G1 X101.73 Y104.158 E.01028
G1 X101.898 Y103.657 E.03103
G1 X102.134 Y103.206 E.05102
G1 X102.454 Y102.778 E.072
G1 X102.89 Y102.36 E.09572
G1 X103.566 Y101.95 E.12676
G1 X104.216 Y101.712 E.15394
G1 X104.871 Y101.623 E.17989
G1 X105.443 Y101.655 E.20238
G1 X106.133 Y101.825 E.23028
G1 X106.393 Y101.926 E.24123
G1 X106.993 Y102.273 E.26844
G1 X107.494 Y102.744 E.29544
G1 X107.727 Y103.007 E.30924
G1 X108.089 Y103.634 E.33767
G1 X108.288 Y104.216 E.36182
G1 X108.372 Y104.873 E.38783
G1 X108.335 Y105.462 E.411
G1 X108.27 Y105.842 E.42614
G1 X108.102 Y106.343 E.44689
G1 X107.867 Y106.794 E.46686
G1 X107.436 Y107.342 E.49423
G1 X106.982 Y107.738 E.51788
G1 X106.354 Y108.096 E.54626
G1 X105.713 Y108.303 E.57271
G1 X105.06 Y108.379 E.59852
G1 X104.333 Y108.313 E.62718
G1 X103.756 Y108.143 E.6508
G1 X103.243 Y107.885 E.67335
G1 X102.669 Y107.444 E.70177
G1 X102.317 Y107.059 E.72225
G1 X102.013 Y106.544 E.74573
G1 X101.841 Y106.193 E.76108
G1 X101.687 Y105.667 E.7826
G1 X101.622 Y105.066 E.80634
G1 X101.665 Y104.538 E.82714
G1 X101.676 Y104.475 E.82965
G1 X102.085 Y104.486 F7800
;TYPE:External perimeter
G1 F884.349
G1 X102.118 Y104.281 E.8378
G1 X102.293 Y103.781 E.8586
G1 X102.563 Y103.303 E.88016
G1 X102.763 Y103.046 E.89295
G1 X103.172 Y102.654 E.91519
G1 X103.77 Y102.302 E.94244
G1 X104.338 Y102.1 E.96611
G1 X104.919 Y102.028 E.9891
G1 X105.497 Y102.068 E1.01185
M73 P46 R3
M73 Q46 S3
G1 X106.019 Y102.215 E1.03314
G1 X106.465 Y102.438 E1.05272
G1 X106.831 Y102.657 E1.06947
G1 X107.343 Y103.169 E1.0979
G1 X107.634 Y103.66 E1.12031
G1 X107.773 Y103.936 E1.13244
G1 X107.915 Y104.438 E1.15292
G1 X107.974 Y104.978 E1.17425
G1 X107.908 Y105.622 E1.19967
G1 X107.755 Y106.122 E1.2202
G1 X107.518 Y106.583 E1.24055
G1 X107.118 Y107.087 E1.26581
G1 X106.721 Y107.426 E1.28631
G1 X106.159 Y107.739 E1.31157
G1 X105.596 Y107.913 E1.33471
G1 X105.02 Y107.974 E1.35745
G1 X104.378 Y107.908 E1.38279
G1 X103.878 Y107.755 E1.40332
G1 X103.491 Y107.562 E1.4203
G1 X102.917 Y107.121 E1.44872
G1 X102.625 Y106.789 E1.46608
G1 X102.263 Y106.162 E1.49451
G1 X102.1 Y105.661 E1.5152
G1 X102.033 Y105.088 E1.53785
G1 X102.07 Y104.582 E1.55777
G1 X102.076 Y104.545 E1.55924
G1 X102.168 Y104.156 F7800
G1 X101.198 Y104.33
;TYPE:Perimeter
;WIDTH:0.633744
G1 F609.319
G1 X101.259 Y104.01 E1.5778
;WIDTH:0.624752
G1 F618.735
G1 X101.493 Y103.365 E1.61631
;WIDTH:0.624226
G1 F619.295
G1 X101.776 Y102.861 E1.64872
;WIDTH:0.625892
G1 F617.525
G1 X102.139 Y102.394 E1.68198
G1 X102.763 Y101.85 E1.72853
;WIDTH:0.630974
G1 F612.189
G1 X103.318 Y101.519 E1.76518
G1 X103.66 Y101.369 E1.78636
;WIDTH:0.624978
G1 F618.495
G1 X104.321 Y101.191 E1.82479
;WIDTH:0.627112
G1 F616.236
G1 X105.115 Y101.133 E1.86965
G1 X105.788 Y101.22 E1.90789
;WIDTH:0.613992
G1 F630.393
G1 X106.469 Y101.418 E1.94695
;WIDTH:0.643718
G1 F599.203
G1 X106.92 Y101.649 E1.97631
G1 X107.465 Y102.024 E2.01465
;WIDTH:0.63739
G1 F605.581
G1 X107.848 Y102.39 E2.04503
G1 X108.15 Y102.763 E2.07255
;WIDTH:0.640572
G1 F602.357
G1 X108.422 Y103.205 E2.10247
G1 X108.633 Y103.665 E2.13164
;WIDTH:0.62475
G1 F618.737
G1 X108.801 Y104.28 E2.16742
;WIDTH:0.627434
G1 F615.896
G1 X108.867 Y104.88 E2.20145
;WIDTH:0.633742
G1 F609.321
G1 X108.831 Y105.516 E2.23775
G1 X108.741 Y105.99 E2.26524
;WIDTH:0.624748
G1 F618.74
G1 X108.507 Y106.635 E2.30375
;WIDTH:0.629326
G1 F613.909
G1 X108.155 Y107.239 E2.34329
G1 X107.668 Y107.804 E2.38548
;WIDTH:0.618126
G1 F625.863
G1 X107.257 Y108.139 E2.4149
;WIDTH:0.635854
G1 F607.15
G1 X106.796 Y108.424 E2.4459
G1 X106.335 Y108.632 E2.47482
;WIDTH:0.625504
G1 F617.937
G1 X105.854 Y108.769 E2.50292
;WIDTH:0.633422
G1 F609.651
G1 X105.349 Y108.852 E2.53207
G1 X104.843 Y108.867 E2.5609
;WIDTH:0.625854
G1 F617.566
G1 X104.068 Y108.758 E2.6049
;WIDTH:0.620544
G1 F623.243
G1 X103.453 Y108.548 E2.64111
;WIDTH:0.615758
G1 F628.45
G1 X102.946 Y108.272 E2.67301
;WIDTH:0.640572
G1 F602.357
G1 X102.526 Y107.968 E2.7029
G1 X102.154 Y107.624 E2.73211
G1 X101.729 Y107.055 E2.77305
G1 X101.37 Y106.342 E2.81907
;WIDTH:0.623982
G1 F619.555
G1 X101.204 Y105.719 E2.8552
;WIDTH:0.61815
G1 F625.837
G1 X101.133 Y105.12 E2.88867
;WIDTH:0.633744
G1 F609.319
G1 X101.169 Y104.484 E2.92497
G1 X101.187 Y104.389 E2.93048
G92 E0
G1 X105.2 Y100.654 F7800
;WIDTH:0.449999
G1 F884.349
G1 X105.557 Y100.669 E.01403
G1 X106.386 Y100.864 E.04747
G1 X106.651 Y100.964 E.05859
G1 X107.178 Y101.215 E.08151
G1 X107.653 Y101.532 E.10393
G1 X108.219 Y102.051 E.13408
G1 X108.537 Y102.466 E.15461
M73 Q47 S3
G1 X108.881 Y103.003 E.17965
M73 P47 R3
G1 X109.11 Y103.537 E.20246
G1 X109.305 Y104.286 E.23285
G1 X109.36 Y104.841 E.25475
G1 X109.328 Y105.576 E.28364
G1 X109.219 Y106.124 E.30558
G1 X108.957 Y106.845 E.3357
G1 X108.706 Y107.279 E.35539
G1 X108.35 Y107.802 E.38023
G1 X107.954 Y108.215 E.4027
G1 X107.552 Y108.524 E.42261
G1 X107.023 Y108.87 E.44743
G1 X106.499 Y109.101 E.46992
G1 X105.947 Y109.249 E.49236
G1 X105.387 Y109.35 E.5147
G1 X104.816 Y109.362 E.53713
G1 X104.193 Y109.28 E.5618
G1 X103.693 Y109.167 E.58193
G1 X103.161 Y108.96 E.60434
G1 X102.702 Y108.695 E.62515
G1 X102.198 Y108.35 E.64913
G1 X101.785 Y107.954 E.6716
G1 X101.463 Y107.534 E.69238
G1 X101.13 Y107.023 E.71633
G1 X100.901 Y106.503 E.73864
G1 X100.732 Y105.839 E.76554
G1 X100.638 Y105.2 E.7909
G1 X100.672 Y104.424 E.8214
G1 X100.781 Y103.876 E.84334
G1 X101.043 Y103.155 E.87346
G1 X101.427 Y102.49 E.90361
G1 X101.777 Y102.055 E.92553
G1 X102.339 Y101.539 E.95549
G1 X103.056 Y101.096 E.98858
G1 X103.498 Y100.9 E1.00756
G1 X104.238 Y100.702 E1.03764
G1 X104.99 Y100.646 E1.06725
G1 X105.141 Y100.652 E1.07318
G1 X105.21 Y100.235 F7800
;TYPE:External perimeter
G1 F884.349
G1 X105.619 Y100.266 E1.08929
G1 X106.479 Y100.468 E1.12398
G1 X106.802 Y100.586 E1.13748
G1 X107.385 Y100.864 E1.16284
G1 X107.905 Y101.211 E1.18739
G1 X108.52 Y101.775 E1.22015
G1 X108.993 Y102.391 E1.25064
G1 X109.254 Y102.839 E1.271
G1 X109.504 Y103.432 E1.29627
G1 X109.71 Y104.242 E1.32909
G1 X109.767 Y104.859 E1.35342
G1 X109.733 Y105.625 E1.38353
G1 X109.612 Y106.234 E1.40791
G1 X109.327 Y107.018 E1.44066
G1 X108.975 Y107.627 E1.46828
G1 X108.659 Y108.067 E1.48955
G1 X108.227 Y108.519 E1.5141
G1 X107.667 Y108.949 E1.54182
G1 X107.207 Y109.234 E1.56307
G1 X106.635 Y109.486 E1.58761
G1 X106.052 Y109.642 E1.61131
G1 X105.419 Y109.756 E1.63656
G1 X104.794 Y109.77 E1.66111
G1 X104.139 Y109.684 E1.68705
G1 X103.567 Y109.554 E1.71008
G1 X102.984 Y109.328 E1.73463
G1 X102.498 Y109.047 E1.75667
G1 X101.933 Y108.659 E1.78358
G1 X101.481 Y108.227 E1.80813
G1 X101.14 Y107.782 E1.83014
G1 X100.766 Y107.207 E1.85707
G1 X100.515 Y106.636 E1.88156
G1 X100.281 Y105.715 E1.91887
G1 X100.23 Y105.211 E1.93876
G1 X100.267 Y104.375 E1.97162
G1 X100.388 Y103.766 E1.996
G1 X100.673 Y102.982 E2.02875
G1 X101.09 Y102.26 E2.06149
G1 X101.479 Y101.776 E2.08587
G1 X102.093 Y101.213 E2.11858
G1 X102.899 Y100.714 E2.1558
G1 X103.364 Y100.515 E2.17566
G1 X104.17 Y100.299 E2.20842
G1 X105.115 Y100.228 E2.24563
G1 X105.15 Y100.231 E2.24701
G1 X105.549 Y100.261 F7800
;LAYER_CHANGE
;Z:4.35
;HEIGHT:0.2
G92 E0
G1 Z4.35 F7800
G1 X101.685 Y104.416
;TYPE:Perimeter
G1 F884.349
M73 P48 R3
M73 Q48 S3
G1 X101.725 Y104.179 E.00944
G1 X101.968 Y103.511 E.03735
G1 X102.255 Y103.05 E.05867
G1 X102.481 Y102.752 E.07336
G1 X102.89 Y102.36 E.0956
G1 X103.562 Y101.952 E.12647
G1 X104.216 Y101.712 E.15382
G1 X104.868 Y101.623 E.17966
G1 X105.444 Y101.655 E.20231
G1 X106.129 Y101.823 E.23
G1 X106.383 Y101.92 E.24068
G1 X106.993 Y102.273 E.26835
G1 X107.63 Y102.881 E.30293
G1 X107.999 Y103.477 E.33045
G1 X108.161 Y103.814 E.34513
G1 X108.313 Y104.333 E.36636
G1 X108.378 Y104.934 E.3901
G1 X108.324 Y105.56 E.41477
G1 X108.143 Y106.244 E.44255
G1 X107.879 Y106.771 E.46569
G1 X107.436 Y107.342 E.49407
G1 X106.982 Y107.738 E.51772
G1 X106.526 Y108.017 E.53871
G1 X105.939 Y108.246 E.56345
G1 X105.283 Y108.35 E.58953
G1 X104.897 Y108.374 E.60472
G1 X104.333 Y108.313 E.62699
G1 X103.756 Y108.143 E.65061
G1 X103.303 Y107.925 E.67035
G1 X102.701 Y107.469 E.7
G1 X102.342 Y107.09 E.7205
G1 X102.001 Y106.523 E.74648
G1 X101.841 Y106.193 E.76088
G1 X101.687 Y105.667 E.7824
G1 X101.622 Y105.066 E.80614
G1 X101.665 Y104.538 E.82694
G1 X101.675 Y104.475 E.82944
G1 X102.081 Y104.485 F7800
;TYPE:External perimeter
G1 F884.349
G1 X102.092 Y104.378 E.83366
G1 X102.342 Y103.674 E.86299
G1 X102.708 Y103.106 E.88952
G1 X103.172 Y102.654 E.91495
G1 X103.766 Y102.305 E.942
G1 X104.338 Y102.1 E.96586
G1 X104.916 Y102.028 E.98873
G1 X105.497 Y102.068 E1.0116
G1 X106.179 Y102.273 E1.03956
G1 X106.789 Y102.625 E1.06721
G1 X107.343 Y103.169 E1.0977
G1 X107.646 Y103.681 E1.12106
G1 X107.773 Y103.936 E1.13225
G1 X107.915 Y104.438 E1.15273
G1 X107.974 Y104.978 E1.17406
G1 X107.92 Y105.516 E1.19529
G1 X107.755 Y106.122 E1.21995
G1 X107.518 Y106.583 E1.2403
G1 X107.118 Y107.087 E1.26556
G1 X106.721 Y107.426 E1.28606
G1 X106.354 Y107.648 E1.3029
G1 X105.791 Y107.867 E1.32662
G1 X104.941 Y107.97 E1.36024
G1 X104.378 Y107.908 E1.38248
G1 X103.878 Y107.755 E1.40301
G1 X103.491 Y107.562 E1.41999
G1 X102.916 Y107.121 E1.44844
G1 X102.648 Y106.822 E1.46421
G1 X102.229 Y106.07 E1.49801
G1 X102.092 Y105.622 E1.5164
G1 X102.026 Y105.022 E1.5401
G1 X102.075 Y104.545 E1.55893
G1 X102.175 Y104.158 F7800
G1 X101.198 Y104.33
;TYPE:Perimeter
;WIDTH:0.63375
G1 F609.312
G1 X101.259 Y104.01 E1.57749
;WIDTH:0.626342
G1 F617.049
G1 X101.505 Y103.342 E1.61755
;WIDTH:0.633732
G1 F609.331
G1 X101.84 Y102.773 E1.65518
G1 X102.139 Y102.394 E1.68269
;WIDTH:0.625886
G1 F617.532
G1 X102.763 Y101.85 E1.72924
;WIDTH:0.631304
G1 F611.845
G1 X103.313 Y101.521 E1.76561
G1 X103.66 Y101.369 E1.78711
;WIDTH:0.624966
G1 F618.508
G1 X104.321 Y101.191 E1.82554
;WIDTH:0.627108
G1 F616.24
G1 X105.11 Y101.133 E1.87012
G1 X105.731 Y101.206 E1.90535
;WIDTH:0.6293
G1 F613.936
G1 X106.268 Y101.346 E1.93674
G1 X106.614 Y101.482 E1.95777
;WIDTH:0.63899
G1 F603.956
G1 X107.066 Y101.735 E1.98755
G1 X107.61 Y102.152 E2.02696
;WIDTH:0.637386
G1 F605.586
G1 X108.151 Y102.763 E2.07375
;WIDTH:0.63792
G1 X108.433 Y103.227 E2.10491
G1 X108.633 Y103.665 E2.13254
M73 Q49 S3
;WIDTH:0.62475
G1 F618.737
M73 P49 R3
G1 X108.801 Y104.28 E2.16832
;WIDTH:0.627434
G1 F615.896
G1 X108.863 Y105.061 E2.21249
;WIDTH:0.62928
G1 F613.957
G1 X108.818 Y105.614 E2.24387
G1 X108.743 Y105.986 E2.26533
;WIDTH:0.624966
G1 F618.508
G1 X108.507 Y106.635 E2.3041
;WIDTH:0.629324
G1 F613.911
G1 X108.155 Y107.239 E2.34364
G1 X107.668 Y107.804 E2.38583
;WIDTH:0.618128
G1 F625.861
G1 X107.257 Y108.139 E2.41525
;WIDTH:0.62011
G1 F623.711
G1 X106.8 Y108.431 E2.44544
;WIDTH:0.634248
G1 F608.799
G1 X106.333 Y108.628 E2.47435
G1 X105.861 Y108.766 E2.5024
;WIDTH:0.640564
G1 F602.365
G1 X105.349 Y108.848 E2.53229
G1 X104.843 Y108.867 E2.56148
;WIDTH:0.62588
G1 F617.538
G1 X104.114 Y108.771 E2.60282
;WIDTH:0.619496
G1 F624.376
G1 X103.609 Y108.609 E2.63231
;WIDTH:0.613926
G1 F630.466
G1 X103.131 Y108.381 E2.66148
;WIDTH:0.640954
G1 F601.972
G1 X102.696 Y108.098 E2.69141
G1 X102.217 Y107.682 E2.72801
;WIDTH:0.614296
G1 F630.058
G1 X101.849 Y107.237 E2.75983
;WIDTH:0.637924
G1 F605.038
G1 X101.567 Y106.773 E2.79099
G1 X101.37 Y106.341 E2.81824
;WIDTH:0.624014
G1 F619.521
G1 X101.204 Y105.72 E2.85427
;WIDTH:0.61816
G1 F625.826
G1 X101.133 Y105.12 E2.88779
;WIDTH:0.63375
G1 F609.312
G1 X101.169 Y104.484 E2.92409
G1 X101.187 Y104.389 E2.9296
G92 E0
G1 X105.2 Y100.655 F7800
;WIDTH:0.449999
G1 F884.349
G1 X105.557 Y100.669 E.01403
G1 X106.381 Y100.863 E.04727
G1 X106.843 Y101.041 E.06671
G1 X107.34 Y101.314 E.08897
G1 X107.949 Y101.781 E.1191
G1 X108.337 Y102.204 E.14164
G1 X108.564 Y102.5 E.15629
G1 X108.891 Y103.025 E.18058
G1 X109.11 Y103.537 E.20245
G1 X109.305 Y104.286 E.23284
G1 X109.359 Y104.84 E.2547
G1 X109.314 Y105.642 E.28624
G1 X109.22 Y106.121 E.30541
G1 X108.957 Y106.845 E.33566
G1 X108.706 Y107.279 E.35535
G1 X108.35 Y107.802 E.38019
G1 X107.954 Y108.215 E.40266
G1 X107.457 Y108.597 E.42727
G1 X107.023 Y108.87 E.4474
G1 X106.499 Y109.101 E.46989
G1 X105.987 Y109.238 E.4907
G1 X105.387 Y109.35 E.51467
G1 X104.816 Y109.362 E.5371
G1 X104.193 Y109.28 E.56177
G1 X103.693 Y109.167 E.5819
G1 X103.164 Y108.961 E.60419
G1 X102.439 Y108.531 E.63729
G1 X102.057 Y108.225 E.65651
G1 X101.537 Y107.658 E.68672
G1 X101.124 Y107.01 E.71689
G1 X100.901 Y106.503 E.73864
G1 X100.732 Y105.84 E.7655
G1 X100.638 Y105.2 E.7909
G1 X100.672 Y104.424 E.8214
G1 X100.781 Y103.876 E.84334
G1 X101.043 Y103.155 E.87346
G1 X101.427 Y102.49 E.90361
G1 X101.777 Y102.055 E.92553
G1 X102.34 Y101.539 E.95552
G1 X103.051 Y101.098 E.98837
G1 X103.498 Y100.9 E1.00757
G1 X104.238 Y100.702 E1.03765
G1 X104.986 Y100.646 E1.0671
G1 X105.141 Y100.652 E1.07319
G1 X105.21 Y100.235 F7800
;TYPE:External perimeter
G1 F884.349
G1 X105.619 Y100.266 E1.0893
G1 X106.54 Y100.482 E1.12644
G1 X107.017 Y100.672 E1.1466
G1 X107.564 Y100.972 E1.1711
G1 X108.225 Y101.48 E1.20383
G1 X108.637 Y101.929 E1.22776
G1 X108.907 Y102.281 E1.24518
G1 X109.264 Y102.861 E1.27192
G1 X109.504 Y103.432 E1.29624
G1 X109.71 Y104.242 E1.32906
M73 P50 R3
M73 Q50 S3
G1 X109.765 Y104.863 E1.35354
G1 X109.717 Y105.732 E1.38771
G1 X109.613 Y106.233 E1.4078
G1 X109.327 Y107.018 E1.4406
G1 X108.975 Y107.627 E1.46822
G1 X108.659 Y108.067 E1.48949
G1 X108.227 Y108.519 E1.51404
G1 X107.705 Y108.919 E1.53986
G1 X107.207 Y109.234 E1.563
G1 X106.635 Y109.486 E1.58754
G1 X106.093 Y109.631 E1.60957
G1 X105.419 Y109.756 E1.63649
G1 X104.794 Y109.77 E1.66104
G1 X104.139 Y109.684 E1.68698
G1 X103.567 Y109.554 E1.71001
G1 X102.985 Y109.328 E1.73452
G1 X102.173 Y108.846 E1.7716
G1 X101.777 Y108.522 E1.79169
G1 X101.212 Y107.906 E1.82451
G1 X100.764 Y107.203 E1.85724
G1 X100.515 Y106.636 E1.88156
G1 X100.281 Y105.72 E1.91868
G1 X100.23 Y105.211 E1.93877
G1 X100.267 Y104.375 E1.97163
G1 X100.388 Y103.766 E1.99601
G1 X100.673 Y102.982 E2.02876
G1 X101.09 Y102.26 E2.0615
G1 X101.479 Y101.776 E2.08588
G1 X102.093 Y101.213 E2.11859
G1 X102.894 Y100.716 E2.1556
G1 X103.364 Y100.514 E2.17569
G1 X104.17 Y100.299 E2.20844
G1 X105.11 Y100.228 E2.24545
G1 X105.15 Y100.231 E2.24702
G1 X105.549 Y100.261 F7800
;LAYER_CHANGE
;Z:4.55
;HEIGHT:0.2
G92 E0
G1 Z4.55 F7800
G1 X101.682 Y104.415
;TYPE:Perimeter
G1 F884.349
G1 X101.768 Y104.044 E.01495
G1 X101.873 Y103.732 E.02788
G1 X102.115 Y103.241 E.04937
G1 X102.472 Y102.756 E.07302
G1 X102.9 Y102.351 E.09616
G1 X103.455 Y102.001 E.12192
G1 X104.098 Y101.752 E.14899
G1 X104.364 Y101.684 E.15977
G1 X104.865 Y101.624 E.17958
G1 X105.373 Y101.643 E.19954
G1 X106.08 Y101.799 E.22797
G1 X106.573 Y102.006 E.24896
G1 X107.193 Y102.436 E.27859
G1 X107.616 Y102.864 E.30222
G1 X108.015 Y103.481 E.33107
G1 X108.265 Y104.147 E.359
G1 X108.368 Y104.751 E.38306
G1 X108.349 Y105.453 E.41063
G1 X108.211 Y106.041 E.43434
G1 X107.971 Y106.586 E.45772
G1 X107.822 Y106.861 E.47
G1 X107.475 Y107.304 E.4921
G1 X107.11 Y107.638 E.51153
G1 X106.5 Y108.027 E.53994
G1 X105.796 Y108.284 E.56937
G1 X104.932 Y108.377 E.60349
G1 X104.25 Y108.29 E.63049
G1 X103.692 Y108.093 E.65372
G1 X103.298 Y107.922 E.67058
G1 X102.766 Y107.536 E.69639
G1 X102.351 Y107.1 E.72002
G1 X101.998 Y106.54 E.74601
G1 X101.786 Y106.002 E.76872
G1 X101.689 Y105.679 E.78196
G1 X101.622 Y105.161 E.80247
G1 X101.651 Y104.547 E.82661
G1 X101.668 Y104.473 E.82959
G1 X102.079 Y104.485 F7800
;TYPE:External perimeter
G1 F884.349
G1 X102.198 Y104.002 E.84912
G1 X102.48 Y103.421 E.87448
G1 X102.795 Y103.004 E.895
G1 X103.175 Y102.651 E.91536
G1 X103.666 Y102.349 E.93799
G1 X104.229 Y102.137 E.96161
G1 X104.913 Y102.028 E.98881
G1 X105.293 Y102.042 E1.00374
G1 X105.992 Y102.197 E1.03185
G1 X106.396 Y102.375 E1.04918
G1 X106.989 Y102.79 E1.0776
G1 X107.349 Y103.175 E1.0983
G1 X107.667 Y103.692 E1.12213
G1 X107.879 Y104.277 E1.14656
M73 P51 R3
M73 Q51 S3
G1 X107.964 Y104.804 E1.16752
G1 X107.942 Y105.431 E1.19215
G1 X107.816 Y105.941 E1.21278
G1 X107.499 Y106.613 E1.24195
G1 X107.187 Y107.016 E1.26196
G1 X106.891 Y107.295 E1.27793
G1 X106.281 Y107.683 E1.30632
G1 X105.665 Y107.899 E1.33195
G1 X104.897 Y107.972 E1.36224
G1 X104.312 Y107.887 E1.38545
G1 X103.57 Y107.602 E1.41666
G1 X103.007 Y107.207 E1.44366
G1 X102.651 Y106.825 E1.46416
G1 X102.346 Y106.329 E1.48702
G1 X102.101 Y105.665 E1.51481
G1 X102.029 Y105.148 E1.53531
G1 X102.058 Y104.569 E1.55807
G1 X102.064 Y104.543 E1.55912
G1 X102.161 Y104.155 F7800
G1 X101.189 Y104.328
;TYPE:Perimeter
;WIDTH:0.625474
G1 F617.968
G1 X101.191 Y104.308 E1.56025
;WIDTH:0.623204
G1 F620.386
G1 X101.357 Y103.69 E1.59607
;WIDTH:0.635856
G1 F607.148
G1 X101.565 Y103.226 E1.62515
G1 X101.823 Y102.79 E1.65412
;WIDTH:0.624758
G1 F618.729
G1 X102.264 Y102.264 E1.69264
;WIDTH:0.62745
G1 F615.879
G1 X102.791 Y101.824 E1.73135
G1 X103.422 Y101.473 E1.77206
;WIDTH:0.629488
G1 F613.74
G1 X103.938 Y101.282 E1.80319
G1 X104.305 Y101.193 E1.82456
;WIDTH:0.624868
G1 F618.612
G1 X104.97 Y101.134 E1.86203
;WIDTH:0.626428
G1 F616.958
G1 X105.489 Y101.161 E1.89128
G1 X106.186 Y101.318 E1.93149
;WIDTH:0.622092
G1 F621.577
G1 X106.722 Y101.535 E1.96379
;WIDTH:0.63953
G1 F603.409
G1 X107.066 Y101.734 E1.98666
G1 X107.68 Y102.216 E2.03158
;WIDTH:0.627454
G1 F615.875
G1 X108.163 Y102.77 E2.07302
G1 X108.571 Y103.507 E2.12052
G1 X108.749 Y104.046 E2.15252
;WIDTH:0.625278
G1 F618.176
G1 X108.858 Y104.687 E2.18904
;WIDTH:0.627032
G1 F616.32
G1 X108.871 Y104.988 E2.20601
G1 X108.803 Y105.69 E2.24575
;WIDTH:0.609962
G1 F634.874
G1 X108.588 Y106.433 E2.28805
;WIDTH:0.616832
G1 F627.274
G1 X108.225 Y107.14 E2.33204
G1 X107.916 Y107.542 E2.36011
;WIDTH:0.614726
G1 F629.584
G1 X107.542 Y107.917 E2.38932
;WIDTH:0.642124
G1 F600.797
G1 X107.085 Y108.25 E2.422
G1 X106.481 Y108.574 E2.46161
;WIDTH:0.625632
G1 F617.801
G1 X105.93 Y108.754 E2.49419
;WIDTH:0.64212
G1 F600.801
G1 X105.348 Y108.846 E2.52824
G1 X104.711 Y108.858 E2.56506
;WIDTH:0.627408
G1 F615.924
G1 X104.174 Y108.78 E2.59565
G1 X103.863 Y108.691 E2.61389
;WIDTH:0.63003
G1 F613.173
G1 X103.224 Y108.438 E2.65281
;WIDTH:0.633762
G1 F609.3
G1 X102.792 Y108.173 E2.68169
G1 X102.264 Y107.736 E2.72075
;WIDTH:0.627432
G1 F615.898
G1 X101.824 Y107.209 E2.75946
G1 X101.546 Y106.743 E2.79005
;WIDTH:0.632956
G1 F610.132
G1 X101.314 Y106.162 E2.82565
G1 X101.207 Y105.743 E2.85026
;WIDTH:0.625474
G1 F617.968
G1 X101.13 Y105.012 E2.89156
G1 X101.184 Y104.388 E2.92675
G92 E0
G1 X105.2 Y100.658 F7800
;WIDTH:0.449999
G1 F884.349
G1 X105.561 Y100.67 E.01418
G1 X106.313 Y100.836 E.04442
G1 X106.909 Y101.084 E.06977
G1 X107.341 Y101.313 E.08897
G1 X107.802 Y101.651 E.11141
G1 X108.331 Y102.18 E.14078
G1 X108.587 Y102.513 E.15727
G1 X109.032 Y103.322 E.19352
G1 X109.204 Y103.828 E.2145
G1 X109.353 Y104.665 E.24788
G1 X109.367 Y104.993 E.26077
G1 X109.33 Y105.564 E.28324
G1 X109.164 Y106.313 E.31336
M73 Q52 S3
G1 X108.88 Y106.998 E.34248
M73 P52 R3
G1 X108.687 Y107.341 E.35793
G1 X108.349 Y107.802 E.38037
G1 X107.802 Y108.349 E.41074
G1 X107.351 Y108.679 E.43268
G1 X106.671 Y109.033 E.46278
G1 X105.939 Y109.264 E.49292
G1 X105.387 Y109.349 E.51485
G1 X104.613 Y109.349 E.54524
G1 X104.061 Y109.264 E.56717
G1 X103.348 Y109.039 E.59653
G1 X102.99 Y108.877 E.61196
G1 X102.501 Y108.58 E.63442
G1 X101.913 Y108.087 E.66455
G1 X101.42 Y107.499 E.69468
G1 X101.13 Y107.022 E.7166
G1 X100.853 Y106.353 E.74503
G1 X100.668 Y105.526 E.7783
G1 X100.637 Y104.969 E.8002
G1 X100.71 Y104.195 E.83073
G1 X100.896 Y103.529 E.85788
G1 X101.123 Y102.99 E.88084
G1 X101.42 Y102.501 E.9033
G1 X101.913 Y101.913 E.93343
G1 X102.501 Y101.42 E.96356
G1 X102.975 Y101.132 E.98534
G1 X103.753 Y100.82 E1.01825
G1 X104.229 Y100.702 E1.03751
G1 X104.934 Y100.649 E1.06527
G1 X105.14 Y100.656 E1.07336
G1 X105.21 Y100.236 F7800
;TYPE:External perimeter
G1 F884.349
G1 X105.62 Y100.266 E1.0895
G1 X106.436 Y100.447 E1.12232
G1 X107.065 Y100.708 E1.14906
G1 X107.563 Y100.972 E1.17119
G1 X108.067 Y101.341 E1.19572
G1 X108.619 Y101.893 E1.22637
G1 X108.91 Y102.259 E1.24473
G1 X109.211 Y102.755 E1.26751
G1 X109.41 Y103.171 E1.28562
G1 X109.589 Y103.697 E1.30744
G1 X109.759 Y104.647 E1.34533
G1 X109.775 Y104.998 E1.35913
G1 X109.734 Y105.621 E1.38364
G1 X109.553 Y106.436 E1.41642
G1 X109.256 Y107.154 E1.44693
G1 X109.028 Y107.563 E1.46532
G1 X108.659 Y108.067 E1.48985
G1 X108.067 Y108.659 E1.52272
G1 X107.567 Y109.026 E1.54707
G1 X106.827 Y109.411 E1.57982
G1 X106.031 Y109.662 E1.61259
G1 X105.418 Y109.756 E1.63694
G1 X104.582 Y109.756 E1.66977
G1 X103.969 Y109.662 E1.69412
G1 X103.226 Y109.427 E1.72472
G1 X102.797 Y109.236 E1.74316
G1 X102.263 Y108.912 E1.76768
G1 X101.624 Y108.376 E1.80043
G1 X101.088 Y107.737 E1.83318
G1 X100.766 Y107.206 E1.85756
G1 X100.477 Y106.509 E1.88719
M73 P52 R2
G1 X100.383 Y106.146 E1.90191
G1 X100.262 Y105.552 E1.92571
G1 X100.232 Y104.933 E1.95004
G1 X100.314 Y104.102 E1.98283
G1 X100.556 Y103.268 E2.01693
G1 X100.764 Y102.797 E2.03715
G1 X101.088 Y102.263 E2.06167
G1 X101.624 Y101.624 E2.09442
G1 X102.263 Y101.088 E2.12717
G1 X102.793 Y100.767 E2.1515
M73 Q52 S2
G1 X103.665 Y100.417 E2.18839
G1 X104.167 Y100.299 E2.20864
G1 X105.105 Y100.228 E2.24558
G1 X105.15 Y100.231 E2.24735
G1 X105.549 Y100.261 F7800
;LAYER_CHANGE
;Z:4.75
;HEIGHT:0.2
G92 E0
G1 Z4.75 F7800
G1 X101.682 Y104.415
;TYPE:Perimeter
G1 F884.349
G1 X101.767 Y104.048 E.01479
G1 X101.873 Y103.731 E.02791
G1 X102.115 Y103.241 E.04937
G1 X102.544 Y102.677 E.07719
G1 X102.92 Y102.334 E.09717
G1 X103.391 Y102.04 E.11897
G1 X103.686 Y101.892 E.13193
M73 P53 R2
M73 Q53 S2
G1 X104.204 Y101.716 E.15341
G1 X104.861 Y101.624 E.17946
G1 X105.373 Y101.643 E.19958
G1 X106.08 Y101.799 E.22801
G1 X106.562 Y102 E.24852
G1 X107.074 Y102.352 E.27292
G1 X107.364 Y102.589 E.28763
G1 X107.721 Y102.996 E.30889
G1 X108.034 Y103.512 E.33259
G1 X108.265 Y104.147 E.35912
G1 X108.368 Y104.751 E.38318
G1 X108.349 Y105.45 E.41064
G1 X108.211 Y106.042 E.43451
G1 X107.97 Y106.586 E.45787
G1 X107.822 Y106.861 E.47013
G1 X107.475 Y107.304 E.49223
G1 X107.11 Y107.638 E.51166
G1 X106.5 Y108.027 E.54007
G1 X105.796 Y108.284 E.5695
G1 X104.932 Y108.377 E.60362
G1 X104.25 Y108.29 E.63062
G1 X103.692 Y108.093 E.65385
G1 X103.275 Y107.908 E.67176
G1 X102.881 Y107.631 E.69067
G1 X102.37 Y107.119 E.71907
G1 X101.998 Y106.54 E.74609
G1 X101.786 Y106.002 E.7688
G1 X101.689 Y105.679 E.78204
G1 X101.622 Y105.161 E.80255
G1 X101.651 Y104.55 E.82657
G1 X101.669 Y104.473 E.82967
G1 X102.079 Y104.485 F7800
;TYPE:External perimeter
G1 F884.349
G1 X102.198 Y104.002 E.8492
G1 X102.48 Y103.421 E.87456
G1 X102.873 Y102.928 E.89932
G1 X103.264 Y102.593 E.91954
G1 X103.723 Y102.314 E.94063
G1 X104.335 Y102.102 E.96606
G1 X104.91 Y102.028 E.98882
G1 X105.294 Y102.042 E1.00391
G1 X105.992 Y102.197 E1.03198
G1 X106.396 Y102.375 E1.04931
G1 X106.989 Y102.79 E1.07773
G1 X107.349 Y103.175 E1.09843
G1 X107.667 Y103.692 E1.12226
G1 X107.879 Y104.277 E1.14669
G1 X107.964 Y104.804 E1.16765
G1 X107.943 Y105.427 E1.19213
G1 X107.816 Y105.941 E1.21292
G1 X107.499 Y106.613 E1.24209
G1 X107.187 Y107.016 E1.2621
G1 X106.891 Y107.295 E1.27807
G1 X106.281 Y107.683 E1.30646
G1 X105.665 Y107.899 E1.33209
G1 X104.897 Y107.972 E1.36238
G1 X104.312 Y107.887 E1.38559
G1 X103.57 Y107.602 E1.4168
G1 X103.169 Y107.343 E1.43554
G1 X102.658 Y106.832 E1.46392
G1 X102.346 Y106.329 E1.48716
G1 X102.101 Y105.665 E1.51495
G1 X102.029 Y105.148 E1.53545
G1 X102.057 Y104.573 E1.55805
G1 X102.065 Y104.543 E1.55927
G1 X102.161 Y104.155 F7800
G1 X101.189 Y104.328
;TYPE:Perimeter
;WIDTH:0.625448
G1 F617.996
G1 X101.19 Y104.311 E1.56023
;WIDTH:0.623488
G1 F620.082
G1 X101.357 Y103.691 E1.59619
;WIDTH:0.635858
G1 F607.146
G1 X101.565 Y103.226 E1.62532
G1 X101.823 Y102.79 E1.65429
;WIDTH:0.624754
G1 F618.733
G1 X102.264 Y102.264 E1.69281
;WIDTH:0.62828
G1 F615.006
G1 X102.795 Y101.821 E1.73185
G1 X103.35 Y101.498 E1.76811
;WIDTH:0.63585
G1 F607.154
G1 X103.826 Y101.316 E1.79725
G1 X104.31 Y101.192 E1.82582
;WIDTH:0.624682
G1 F618.81
G1 X104.967 Y101.134 E1.86283
;WIDTH:0.626424
G1 F616.962
G1 X105.489 Y101.161 E1.89225
G1 X106.389 Y101.393 E1.94456
;WIDTH:0.614298
G1 F630.056
G1 X106.91 Y101.641 E1.97636
;WIDTH:0.637918
G1 F605.044
G1 X107.362 Y101.942 E2.00753
G1 X107.728 Y102.255 E2.03517
;WIDTH:0.62745
G1 F615.879
G1 X108.176 Y102.791 E2.07456
G1 X108.571 Y103.507 E2.12066
G1 X108.749 Y104.046 E2.15266
;WIDTH:0.625278
G1 F618.176
G1 X108.858 Y104.687 E2.18918
;WIDTH:0.627004
G1 F616.35
G1 X108.871 Y104.988 E2.20615
G1 X108.811 Y105.654 E2.24382
;WIDTH:0.62514
G1 F618.323
G1 X108.69 Y106.163 E2.2732
G1 X108.588 Y106.433 E2.28941
M73 P54 R2
M73 Q54 S2
;WIDTH:0.61683
G1 F627.276
G1 X108.225 Y107.14 E2.3334
G1 X107.916 Y107.542 E2.36147
;WIDTH:0.614724
G1 F629.586
G1 X107.542 Y107.917 E2.39068
;WIDTH:0.642128
G1 F600.793
G1 X107.085 Y108.25 E2.42336
G1 X106.481 Y108.574 E2.46297
;WIDTH:0.62559
G1 F617.845
G1 X105.93 Y108.754 E2.49555
;WIDTH:0.642116
G1 F600.805
G1 X105.348 Y108.846 E2.5296
G1 X104.711 Y108.858 E2.56642
;WIDTH:0.627408
G1 F615.924
G1 X104.174 Y108.78 E2.59701
G1 X103.863 Y108.691 E2.61525
;WIDTH:0.62446
G1 F619.046
G1 X103.192 Y108.421 E2.65582
G1 X102.703 Y108.112 E2.68827
;WIDTH:0.641068
G1 F601.858
G1 X102.27 Y107.73 E2.72158
G1 X101.824 Y107.209 E2.76115
;WIDTH:0.627456
G1 F615.873
G1 X101.546 Y106.743 E2.79174
;WIDTH:0.632958
G1 F610.13
G1 X101.314 Y106.162 E2.82734
G1 X101.207 Y105.743 E2.85195
;WIDTH:0.625448
G1 F617.996
G1 X101.13 Y105.012 E2.89325
G1 X101.184 Y104.388 E2.92844
G92 E0
G1 X105.2 Y100.658 F7800
;WIDTH:0.449999
G1 F884.349
G1 X105.561 Y100.67 E.01418
G1 X106.27 Y100.827 E.04269
G1 X106.574 Y100.945 E.05549
G1 X107.173 Y101.228 E.0815
G1 X107.692 Y101.565 E.1058
G1 X108.107 Y101.937 E.12768
G1 X108.6 Y102.533 E.15805
G1 X109.032 Y103.322 E.19337
G1 X109.204 Y103.828 E.21435
G1 X109.353 Y104.665 E.24773
G1 X109.367 Y104.993 E.26062
G1 X109.33 Y105.564 E.28309
G1 X109.164 Y106.313 E.31321
G1 X108.88 Y106.998 E.34233
G1 X108.687 Y107.341 E.35778
G1 X108.349 Y107.802 E.38022
G1 X107.802 Y108.349 E.41059
G1 X107.351 Y108.679 E.43253
G1 X106.671 Y109.033 E.46263
G1 X105.939 Y109.264 E.49277
G1 X105.387 Y109.349 E.5147
G1 X104.613 Y109.349 E.54509
G1 X104.061 Y109.264 E.56702
G1 X103.348 Y109.039 E.59638
G1 X102.99 Y108.877 E.61181
G1 X102.501 Y108.58 E.63427
G1 X101.913 Y108.087 E.6644
G1 X101.42 Y107.499 E.69453
G1 X101.13 Y107.022 E.71645
G1 X100.853 Y106.353 E.74488
G1 X100.668 Y105.526 E.77815
G1 X100.637 Y104.969 E.80005
G1 X100.71 Y104.198 E.83046
G1 X100.896 Y103.53 E.85769
G1 X101.137 Y102.966 E.88177
G1 X101.444 Y102.472 E.90461
G1 X101.946 Y101.885 E.93494
G1 X102.534 Y101.399 E.96489
G1 X103.137 Y101.058 E.99209
G1 X103.68 Y100.837 E1.01511
G1 X104.232 Y100.702 E1.03742
G1 X104.93 Y100.649 E1.06491
G1 X105.14 Y100.656 E1.07316
G1 X105.21 Y100.236 F7800
;TYPE:External perimeter
G1 F884.349
G1 X105.62 Y100.266 E1.0893
G1 X106.436 Y100.447 E1.12212
G1 X107.204 Y100.765 E1.15476
G1 X107.908 Y101.213 E1.18752
G1 X108.375 Y101.623 E1.21192
G1 X108.912 Y102.263 E1.24472
G1 X109.211 Y102.755 E1.26733
G1 X109.41 Y103.171 E1.28544
G1 X109.589 Y103.697 E1.30726
G1 X109.759 Y104.647 E1.34515
G1 X109.775 Y104.998 E1.35895
G1 X109.734 Y105.621 E1.38346
G1 X109.553 Y106.436 E1.41624
G1 X109.256 Y107.154 E1.44675
G1 X109.028 Y107.563 E1.46514
M73 P55 R2
M73 Q55 S2
G1 X108.659 Y108.067 E1.48967
G1 X108.067 Y108.659 E1.52254
G1 X107.567 Y109.026 E1.54689
G1 X106.827 Y109.411 E1.57964
G1 X106.031 Y109.662 E1.61241
G1 X105.418 Y109.756 E1.63676
G1 X104.582 Y109.756 E1.66959
G1 X103.969 Y109.662 E1.69394
G1 X103.226 Y109.427 E1.72454
G1 X102.797 Y109.236 E1.74298
G1 X102.263 Y108.912 E1.7675
G1 X101.624 Y108.376 E1.80025
G1 X101.088 Y107.737 E1.833
G1 X100.766 Y107.206 E1.85738
G1 X100.447 Y106.436 E1.89011
G1 X100.266 Y105.621 E1.92289
G1 X100.226 Y105.002 E1.94725
G1 X100.293 Y104.232 E1.9776
G1 X100.404 Y103.719 E1.99821
G1 X100.574 Y103.215 E2.01909
G1 X100.789 Y102.755 E2.03903
G1 X101.132 Y102.21 E2.06431
G1 X101.685 Y101.573 E2.09743
G1 X102.319 Y101.053 E2.12963
G1 X103.082 Y100.633 E2.16383
G1 X103.562 Y100.447 E2.18404
G1 X104.168 Y100.299 E2.20853
G1 X105.099 Y100.228 E2.24519
G1 X105.15 Y100.231 E2.2472
G1 X105.549 Y100.261 F7800
;LAYER_CHANGE
;Z:4.95
;HEIGHT:0.2
G92 E0
G1 Z4.95 F7800
G1 X101.682 Y104.415
;TYPE:Perimeter
G1 F884.349
G1 X101.766 Y104.053 E.01459
G1 X101.873 Y103.731 E.02791
G1 X102.115 Y103.241 E.04937
G1 X102.544 Y102.677 E.07719
G1 X102.92 Y102.334 E.09717
G1 X103.46 Y101.998 E.12214
G1 X104.009 Y101.782 E.1453
G1 X104.37 Y101.683 E.16
G1 X104.885 Y101.621 E.18037
G1 X105.382 Y101.645 E.19991
G1 X106.08 Y101.799 E.22798
G1 X106.562 Y102 E.24849
G1 X107.074 Y102.352 E.27289
G1 X107.348 Y102.574 E.28674
G1 X107.805 Y103.119 E.31467
G1 X108.113 Y103.73 E.34154
G1 X108.247 Y104.073 E.356
G1 X108.37 Y104.773 E.38391
G1 X108.357 Y105.31 E.405
G1 X108.249 Y105.89 E.42816
G1 X108.125 Y106.273 E.44397
G1 X107.885 Y106.759 E.46525
G1 X107.528 Y107.244 E.4889
G1 X107.169 Y107.595 E.50861
G1 X106.534 Y108.005 E.53829
G1 X105.979 Y108.222 E.56169
G1 X105.653 Y108.314 E.57499
G1 X104.932 Y108.377 E.60341
G1 X104.335 Y108.303 E.62703
G1 X104.041 Y108.238 E.63885
G1 X103.381 Y107.965 E.66689
G1 X102.766 Y107.536 E.69633
G1 X102.351 Y107.1 E.71996
G1 X101.998 Y106.54 E.74595
G1 X101.786 Y106.002 E.76866
G1 X101.689 Y105.679 E.7819
G1 X101.622 Y105.161 E.80241
G1 X101.65 Y104.554 E.82627
G1 X101.669 Y104.473 E.82954
G1 X102.079 Y104.485 F7800
;TYPE:External perimeter
G1 F884.349
G1 X102.198 Y104.002 E.84907
G1 X102.48 Y103.421 E.87443
G1 X102.873 Y102.928 E.89919
G1 X103.259 Y102.596 E.91918
G1 X103.723 Y102.314 E.9405
G1 X104.334 Y102.102 E.96589
G1 X104.907 Y102.028 E.98858
G1 X105.294 Y102.042 E1.00379
G1 X105.992 Y102.197 E1.03186
G1 X106.396 Y102.375 E1.04919
G1 X106.989 Y102.79 E1.07761
G1 X107.489 Y103.375 E1.10783
G1 X107.846 Y104.144 E1.14112
G1 X107.969 Y104.843 E1.16899
G1 X107.943 Y105.424 E1.19183
G1 X107.802 Y105.998 E1.21504
G1 X107.52 Y106.579 E1.2404
G1 X107.205 Y106.996 E1.26092
G1 X106.891 Y107.295 E1.27794
G1 X106.281 Y107.683 E1.30633
M73 P56 R2
M73 Q56 S2
G1 X105.665 Y107.899 E1.33196
G1 X104.897 Y107.972 E1.36225
G1 X104.396 Y107.901 E1.38212
G1 X104.197 Y107.862 E1.39008
G1 X103.537 Y107.588 E1.41814
G1 X103.007 Y107.207 E1.44377
G1 X102.651 Y106.825 E1.46427
G1 X102.346 Y106.329 E1.48713
G1 X102.101 Y105.665 E1.51492
G1 X102.029 Y105.148 E1.53542
G1 X102.057 Y104.576 E1.55791
G1 X102.065 Y104.543 E1.55924
G1 X102.161 Y104.155 F7800
G1 X101.189 Y104.328
;TYPE:Perimeter
;WIDTH:0.62542
G1 F618.026
G1 X101.191 Y104.31 E1.56026
;WIDTH:0.623824
G1 F619.724
G1 X101.357 Y103.691 E1.59617
;WIDTH:0.635858
G1 F607.146
G1 X101.565 Y103.226 E1.6253
G1 X101.823 Y102.79 E1.65427
;WIDTH:0.624754
G1 F618.733
G1 X102.264 Y102.264 E1.69279
;WIDTH:0.62745
G1 F615.879
G1 X102.791 Y101.824 E1.7315
G1 X103.257 Y101.546 E1.76209
;WIDTH:0.633732
G1 F609.331
G1 X103.849 Y101.31 E1.79841
G1 X104.31 Y101.192 E1.82553
;WIDTH:0.6247
G1 F618.791
G1 X104.963 Y101.134 E1.86232
;WIDTH:0.626426
G1 F616.96
G1 X105.489 Y101.161 E1.89196
G1 X106.389 Y101.393 E1.94427
;WIDTH:0.614296
G1 F630.058
G1 X106.91 Y101.641 E1.97607
;WIDTH:0.637918
G1 F605.044
G1 X107.362 Y101.942 E2.00724
G1 X107.728 Y102.255 E2.03488
;WIDTH:0.62643
G1 F616.956
G1 X108.18 Y102.795 E2.07451
G1 X108.338 Y103.045 E2.09116
;WIDTH:0.639672
G1 F603.266
G1 X108.568 Y103.518 E2.12143
G1 X108.735 Y103.987 E2.15009
;WIDTH:0.626436
G1 F616.95
G1 X108.854 Y104.663 E2.18872
;WIDTH:0.62633
G1 F617.062
G1 X108.863 Y104.938 E2.2042
;WIDTH:0.61213
G1 F632.456
G1 X108.837 Y105.473 E2.23361
;WIDTH:0.632014
G1 F611.108
G1 X108.732 Y106.012 E2.26481
G1 X108.57 Y106.492 E2.2936
;WIDTH:0.629034
G1 F614.215
G1 X108.276 Y107.059 E2.32971
;WIDTH:0.611578
G1 F633.069
G1 X107.913 Y107.539 E2.36272
;WIDTH:0.606328
G1 F638.969
G1 X107.538 Y107.913 E2.3915
;WIDTH:0.640668
G1 F602.261
G1 X107.136 Y108.217 E2.42056
G1 X106.524 Y108.55 E2.46073
;WIDTH:0.620092
G1 F623.731
G1 X105.851 Y108.78 E2.50032
;WIDTH:0.64212
G1 F600.801
G1 X105.348 Y108.846 E2.52964
G1 X104.645 Y108.853 E2.57027
;WIDTH:0.628286
G1 F615
G1 X103.852 Y108.695 E2.61592
;WIDTH:0.626426
G1 F616.96
G1 X103.203 Y108.427 E2.65544
;WIDTH:0.633762
G1 F609.3
G1 X102.792 Y108.173 E2.68297
G1 X102.264 Y107.736 E2.72203
;WIDTH:0.627454
G1 F615.875
G1 X101.824 Y107.209 E2.76074
G1 X101.546 Y106.743 E2.79133
;WIDTH:0.632958
G1 F610.13
G1 X101.314 Y106.162 E2.82693
G1 X101.207 Y105.743 E2.85154
;WIDTH:0.62542
G1 F618.026
G1 X101.13 Y105.012 E2.89284
G1 X101.184 Y104.388 E2.92803
G92 E0
G1 X105.201 Y100.648 F7800
;WIDTH:0.449999
G1 F884.349
G1 X105.561 Y100.67 E.01416
G1 X106.313 Y100.836 E.0444
G1 X107.016 Y101.128 E.07429
G1 X107.663 Y101.54 E.10441
G1 X108.083 Y101.908 E.12634
G1 X108.56 Y102.476 E.15546
G1 X108.821 Y102.888 E.17461
G1 X109.043 Y103.356 E.19495
G1 X109.222 Y103.901 E.21747
G1 X109.349 Y104.663 E.2478
G1 X109.349 Y105.38 E.27595
G1 X109.222 Y106.099 E.30462
G1 X109.107 Y106.458 E.31942
G1 X108.877 Y107.01 E.3429
G1 X108.58 Y107.499 E.36536
G1 X108.089 Y108.084 E.39535
G1 X107.455 Y108.605 E.42757
G1 X107.024 Y108.869 E.44742
G1 X106.331 Y109.156 E.47687
M73 P57 R2
M73 Q57 S2
G1 X105.952 Y109.262 E.49232
G1 X105.387 Y109.349 E.51477
G1 X104.711 Y109.349 E.54131
G1 X104.188 Y109.288 E.56198
G1 X103.695 Y109.167 E.58191
G1 X102.978 Y108.87 E.61238
G1 X102.501 Y108.58 E.6343
G1 X101.913 Y108.087 E.66443
G1 X101.42 Y107.499 E.69456
G1 X101.13 Y107.022 E.71648
G1 X100.853 Y106.353 E.74491
G1 X100.668 Y105.526 E.77818
G1 X100.637 Y104.969 E.80008
G1 X100.71 Y104.198 E.83049
G1 X100.895 Y103.531 E.85767
G1 X101.123 Y102.99 E.88072
G1 X101.42 Y102.501 E.90318
G1 X101.913 Y101.913 E.93331
G1 X102.501 Y101.42 E.96344
G1 X102.978 Y101.13 E.98536
G1 X103.693 Y100.834 E1.01574
G1 X104.232 Y100.702 E1.03753
G1 X105.058 Y100.639 E1.07006
G1 X105.141 Y100.644 E1.07332
G1 X105.21 Y100.236 F7800
;TYPE:External perimeter
G1 F884.349
G1 X105.62 Y100.266 E1.08946
G1 X106.436 Y100.447 E1.12228
G1 X107.204 Y100.765 E1.15492
G1 X107.908 Y101.213 E1.18768
G1 X108.375 Y101.623 E1.21208
G1 X108.913 Y102.264 E1.24494
G1 X109.199 Y102.734 E1.26654
G1 X109.429 Y103.225 E1.28783
G1 X109.623 Y103.83 E1.31278
G1 X109.756 Y104.663 E1.3459
G1 X109.756 Y105.416 E1.37547
G1 X109.611 Y106.238 E1.40824
G1 X109.446 Y106.725 E1.42843
G1 X109.236 Y107.203 E1.44893
G1 X108.912 Y107.737 E1.47345
G1 X108.377 Y108.375 E1.50614
G1 X107.66 Y108.963 E1.54255
G1 X107.207 Y109.234 E1.56328
G1 X106.486 Y109.532 E1.59391
G1 X106.036 Y109.661 E1.61229
G1 X105.418 Y109.756 E1.63684
G1 X104.581 Y109.756 E1.6697
G1 X104.083 Y109.685 E1.68945
G1 X103.567 Y109.554 E1.71035
G1 X102.794 Y109.234 E1.7432
G1 X102.263 Y108.912 E1.76758
G1 X101.624 Y108.376 E1.80033
G1 X101.088 Y107.737 E1.83308
G1 X100.766 Y107.206 E1.85746
G1 X100.477 Y106.509 E1.88709
G1 X100.383 Y106.146 E1.90181
G1 X100.262 Y105.552 E1.92561
G1 X100.232 Y104.933 E1.94994
G1 X100.313 Y104.105 E1.98261
G1 X100.556 Y103.268 E2.01683
G1 X100.764 Y102.797 E2.03705
G1 X101.088 Y102.263 E2.06157
G1 X101.624 Y101.624 E2.09432
G1 X102.263 Y101.088 E2.12707
G1 X102.794 Y100.766 E2.15145
G1 X103.566 Y100.446 E2.18426
G1 X104.168 Y100.299 E2.20859
G1 X105.094 Y100.228 E2.24506
G1 X105.15 Y100.232 E2.24726
G1 X105.549 Y100.261 F7800
;LAYER_CHANGE
;Z:5.15
;HEIGHT:0.2
G92 E0
G1 Z5.15 F7800
G1 X101.682 Y104.415
;TYPE:Perimeter
G1 F884.349
G1 X101.764 Y104.057 E.01442
G1 X101.873 Y103.731 E.02792
G1 X102.115 Y103.241 E.04938
G1 X102.489 Y102.735 E.07409
G1 X102.9 Y102.351 E.09618
G1 X103.46 Y101.998 E.12217
G1 X104.009 Y101.782 E.14533
G1 X104.37 Y101.683 E.16003
G1 X104.881 Y101.621 E.18024
G1 X105.382 Y101.645 E.19993
G1 X106.08 Y101.799 E.228
G1 X106.562 Y102 E.24851
G1 X107.074 Y102.352 E.27291
G1 X107.364 Y102.589 E.28762
M73 P58 R2
M73 Q58 S2
G1 X107.721 Y102.996 E.30888
G1 X108.034 Y103.512 E.33258
G1 X108.214 Y103.998 E.35293
G1 X108.311 Y104.321 E.36617
G1 X108.378 Y104.839 E.38668
G1 X108.35 Y105.443 E.41042
G1 X108.196 Y106.098 E.43684
G1 X107.987 Y106.553 E.4565
G1 X107.785 Y106.909 E.47257
G1 X107.446 Y107.331 E.49382
G1 X106.992 Y107.729 E.51753
G1 X106.477 Y108.04 E.54115
G1 X105.796 Y108.284 E.56955
G1 X104.932 Y108.377 E.60367
G1 X104.339 Y108.304 E.62713
G1 X104.041 Y108.238 E.63911
G1 X103.381 Y107.965 E.66715
G1 X102.869 Y107.611 E.69159
G1 X102.639 Y107.414 E.70348
G1 X102.279 Y107.004 E.7249
G1 X101.966 Y106.488 E.7486
G1 X101.786 Y106.002 E.76895
G1 X101.689 Y105.679 E.78219
G1 X101.622 Y105.161 E.8027
G1 X101.65 Y104.557 E.82644
G1 X101.669 Y104.473 E.82982
G1 X102.08 Y104.485 F7800
;TYPE:External perimeter
G1 F884.349
G1 X102.198 Y104.002 E.84934
G1 X102.48 Y103.421 E.8747
G1 X102.819 Y102.978 E.8966
G1 X103.207 Y102.627 E.91714
G1 X103.723 Y102.314 E.94084
G1 X104.335 Y102.102 E.96627
G1 X104.904 Y102.028 E.9888
G1 X105.294 Y102.042 E1.00412
G1 X105.992 Y102.197 E1.03219
G1 X106.396 Y102.375 E1.04952
G1 X106.989 Y102.79 E1.07794
G1 X107.349 Y103.175 E1.09864
G1 X107.654 Y103.671 E1.1215
G1 X107.899 Y104.335 E1.14929
G1 X107.971 Y104.852 E1.16979
G1 X107.944 Y105.421 E1.19216
G1 X107.802 Y105.998 E1.21549
G1 X107.52 Y106.579 E1.24085
G1 X107.205 Y106.996 E1.26137
G1 X106.724 Y107.423 E1.28662
G1 X106.273 Y107.688 E1.30716
G1 X105.665 Y107.899 E1.33243
G1 X104.897 Y107.972 E1.36272
G1 X104.401 Y107.901 E1.38239
G1 X104.197 Y107.862 E1.39055
G1 X103.535 Y107.588 E1.41868
G1 X103.109 Y107.282 E1.43927
G1 X102.651 Y106.825 E1.46467
G1 X102.346 Y106.329 E1.48753
G1 X102.101 Y105.665 E1.51532
G1 X102.029 Y105.148 E1.53582
G1 X102.056 Y104.579 E1.55819
G1 X102.065 Y104.543 E1.55965
G1 X102.161 Y104.155 F7800
G1 X101.189 Y104.328
;TYPE:Perimeter
;WIDTH:0.625392
G1 F618.055
G1 X101.191 Y104.31 E1.56067
;WIDTH:0.624158
G1 F619.368
G1 X101.357 Y103.692 E1.59655
;WIDTH:0.635858
G1 F607.146
G1 X101.565 Y103.226 E1.62574
G1 X101.823 Y102.79 E1.65471
;WIDTH:0.624752
G1 F618.735
G1 X102.264 Y102.264 E1.69323
;WIDTH:0.627452
G1 F615.877
G1 X102.791 Y101.824 E1.73194
G1 X103.257 Y101.546 E1.76253
;WIDTH:0.633732
G1 F609.331
G1 X103.849 Y101.31 E1.79885
G1 X104.311 Y101.192 E1.82602
;WIDTH:0.62471
G1 F618.78
G1 X104.96 Y101.134 E1.86258
;WIDTH:0.626424
G1 F616.962
G1 X105.49 Y101.161 E1.89245
G1 X106.389 Y101.393 E1.9447
;WIDTH:0.6143
G1 F630.054
G1 X106.91 Y101.641 E1.9765
;WIDTH:0.637918
G1 F605.044
G1 X107.362 Y101.942 E2.00767
G1 X107.728 Y102.255 E2.03531
;WIDTH:0.62745
G1 F615.879
G1 X108.176 Y102.791 E2.0747
G1 X108.454 Y103.257 E2.10529
;WIDTH:0.63295
G1 F610.138
G1 X108.686 Y103.838 E2.14089
G1 X108.837 Y104.507 E2.17992
;WIDTH:0.628944
G1 F614.309
G1 X108.87 Y104.938 E2.20435
;WIDTH:0.619394
G1 F624.486
G1 X108.836 Y105.469 E2.23394
;WIDTH:0.634056
G1 F608.997
G1 X108.739 Y105.989 E2.2641
G1 X108.57 Y106.492 E2.29436
;WIDTH:0.629022
G1 F614.228
G1 X108.211 Y107.16 E2.33723
;WIDTH:0.618132
G1 F625.856
G1 X107.883 Y107.576 E2.36662
;WIDTH:0.635866
G1 F607.138
G1 X107.495 Y107.954 E2.3976
G1 X107.089 Y108.258 E2.42661
;WIDTH:0.625634
G1 F617.799
M73 P59 R2
M73 Q59 S2
G1 X106.481 Y108.574 E2.46512
G1 X105.93 Y108.754 E2.4977
;WIDTH:0.64212
G1 F600.801
G1 X105.348 Y108.846 E2.53175
G1 X104.645 Y108.853 E2.57238
;WIDTH:0.628338
G1 F614.945
G1 X103.851 Y108.695 E2.61809
;WIDTH:0.626426
G1 F616.96
G1 X103.018 Y108.317 E2.66957
;WIDTH:0.630178
G1 F613.019
G1 X102.575 Y108.012 E2.70004
G1 X102.274 Y107.748 E2.72272
;WIDTH:0.627434
G1 F615.896
G1 X101.824 Y107.209 E2.76231
G1 X101.546 Y106.743 E2.7929
;WIDTH:0.632954
G1 F610.134
G1 X101.314 Y106.162 E2.8285
G1 X101.207 Y105.743 E2.85311
;WIDTH:0.625392
G1 F618.055
G1 X101.13 Y105.012 E2.89441
G1 X101.184 Y104.388 E2.9296
G92 E0
G1 X105.201 Y100.648 F7800
;WIDTH:0.449999
G1 F884.349
G1 X105.561 Y100.67 E.01416
G1 X106.313 Y100.836 E.0444
G1 X107.016 Y101.128 E.07429
G1 X107.663 Y101.54 E.10441
G1 X108.083 Y101.908 E.12634
G1 X108.58 Y102.501 E.15672
G1 X108.87 Y102.978 E.17864
G1 X109.147 Y103.647 E.20707
G1 X109.332 Y104.474 E.24034
G1 X109.363 Y105.031 E.26224
G1 X109.291 Y105.803 E.29268
G1 X109.107 Y106.458 E.31939
G1 X108.877 Y107.01 E.34287
G1 X108.58 Y107.499 E.36533
G1 X108.254 Y107.888 E.38526
G1 X107.812 Y108.341 E.41011
G1 X107.351 Y108.679 E.43255
G1 X106.671 Y109.033 E.46265
G1 X105.939 Y109.264 E.49279
G1 X105.387 Y109.349 E.51472
G1 X104.711 Y109.349 E.54126
G1 X104.193 Y109.289 E.56174
G1 X103.695 Y109.167 E.58187
G1 X102.987 Y108.873 E.61197
G1 X102.303 Y108.428 E.64401
G1 X101.919 Y108.094 E.66399
G1 X101.42 Y107.499 E.69448
G1 X101.13 Y107.022 E.7164
G1 X100.853 Y106.353 E.74483
G1 X100.668 Y105.526 E.7781
G1 X100.637 Y104.969 E.8
G1 X100.71 Y104.198 E.83041
G1 X100.895 Y103.531 E.85759
G1 X101.123 Y102.99 E.88064
G1 X101.42 Y102.501 E.9031
G1 X101.913 Y101.913 E.93323
G1 X102.501 Y101.42 E.96336
G1 X102.978 Y101.13 E.98528
G1 X103.693 Y100.834 E1.01566
G1 X104.232 Y100.702 E1.03745
G1 X105.053 Y100.639 E1.06978
G1 X105.141 Y100.644 E1.07324
G1 X105.21 Y100.236 F7800
;TYPE:External perimeter
G1 F884.349
G1 X105.62 Y100.266 E1.08938
G1 X106.436 Y100.447 E1.1222
G1 X107.204 Y100.765 E1.15484
G1 X107.908 Y101.213 E1.1876
G1 X108.375 Y101.623 E1.212
G1 X108.912 Y102.263 E1.2448
G1 X109.234 Y102.794 E1.26918
G1 X109.523 Y103.491 E1.29881
G1 X109.617 Y103.854 E1.31353
G1 X109.738 Y104.448 E1.33733
G1 X109.774 Y104.998 E1.35897
G1 X109.723 Y105.584 E1.38207
G1 X109.613 Y106.233 E1.40792
G1 X109.446 Y106.725 E1.42832
G1 X109.236 Y107.203 E1.44882
G1 X108.912 Y107.737 E1.47334
G1 X108.458 Y108.278 E1.50107
G1 X108.071 Y108.656 E1.52231
G1 X107.567 Y109.026 E1.54686
G1 X106.827 Y109.411 E1.57961
G1 X106.031 Y109.662 E1.61238
G1 X105.418 Y109.756 E1.63673
M73 P60 R2
M73 Q60 S2
G1 X104.645 Y109.756 E1.66708
G1 X104.088 Y109.686 E1.68912
G1 X103.567 Y109.554 E1.71022
G1 X102.796 Y109.235 E1.74298
G1 X102.024 Y108.732 E1.77916
G1 X101.626 Y108.378 E1.80007
G1 X101.088 Y107.737 E1.83293
G1 X100.766 Y107.206 E1.85731
G1 X100.477 Y106.509 E1.88694
G1 X100.383 Y106.146 E1.90166
G1 X100.262 Y105.552 E1.92546
G1 X100.232 Y104.933 E1.94979
G1 X100.313 Y104.105 E1.98246
G1 X100.556 Y103.269 E2.01664
G1 X100.764 Y102.797 E2.03689
G1 X101.088 Y102.263 E2.06141
G1 X101.624 Y101.624 E2.09416
G1 X102.263 Y101.088 E2.12691
G1 X102.794 Y100.766 E2.15129
G1 X103.566 Y100.446 E2.1841
G1 X104.168 Y100.299 E2.20843
G1 X105.089 Y100.228 E2.2447
G1 X105.15 Y100.232 E2.2471
G1 X105.549 Y100.261 F7800
;LAYER_CHANGE
;Z:5.35
;HEIGHT:0.2
G92 E0
G1 Z5.35 F7800
G1 X101.683 Y104.415
;TYPE:Perimeter
G1 F884.349
G1 X101.763 Y104.062 E.01421
G1 X101.873 Y103.731 E.02791
G1 X102.115 Y103.241 E.04937
G1 X102.472 Y102.756 E.07302
G1 X102.9 Y102.351 E.09616
G1 X103.46 Y101.998 E.12215
G1 X104.204 Y101.716 E.15339
G1 X104.851 Y101.624 E.17905
G1 X105.373 Y101.643 E.19956
G1 X106.08 Y101.799 E.22799
G1 X106.562 Y102 E.2485
G1 X107.074 Y102.352 E.2729
G1 X107.36 Y102.586 E.28741
G1 X107.75 Y103.037 E.31082
G1 X108.036 Y103.516 E.33273
G1 X108.265 Y104.147 E.35909
G1 X108.365 Y104.727 E.3822
G1 X108.357 Y105.311 E.40513
G1 X108.249 Y105.89 E.42826
G1 X108.125 Y106.273 E.44407
G1 X107.885 Y106.759 E.46535
G1 X107.528 Y107.244 E.489
G1 X107.17 Y107.594 E.50866
G1 X106.533 Y108.005 E.53843
G1 X105.979 Y108.222 E.56179
G1 X105.653 Y108.314 E.57509
G1 X104.932 Y108.377 E.60351
G1 X104.344 Y108.304 E.62677
G1 X104.041 Y108.238 E.63895
G1 X103.381 Y107.964 E.66701
G1 X102.921 Y107.667 E.68851
G1 X102.37 Y107.119 E.71902
G1 X101.998 Y106.54 E.74604
G1 X101.786 Y106.002 E.76875
G1 X101.689 Y105.679 E.78199
G1 X101.622 Y105.161 E.8025
G1 X101.649 Y104.56 E.82612
G1 X101.669 Y104.474 E.82959
G1 X102.08 Y104.485 F7800
;TYPE:External perimeter
G1 F884.349
G1 X102.198 Y104.002 E.84911
G1 X102.48 Y103.421 E.87447
G1 X102.795 Y103.004 E.89499
G1 X103.175 Y102.651 E.91535
G1 X103.671 Y102.346 E.93821
G1 X104.335 Y102.102 E.96599
G1 X104.901 Y102.028 E.9884
G1 X105.295 Y102.042 E1.00388
G1 X105.992 Y102.197 E1.03192
G1 X106.396 Y102.375 E1.04925
G1 X106.989 Y102.79 E1.07767
G1 X107.377 Y103.214 E1.10024
G1 X107.664 Y103.686 E1.12193
G1 X107.879 Y104.277 E1.14662
G1 X107.961 Y104.78 E1.16663
G1 X107.951 Y105.289 E1.18662
G1 X107.854 Y105.791 E1.2067
G1 X107.76 Y106.093 E1.21912
G1 X107.52 Y106.579 E1.2404
G1 X107.205 Y106.996 E1.26092
G1 X106.891 Y107.295 E1.27794
G1 X106.281 Y107.683 E1.30633
G1 X105.665 Y107.899 E1.33196
G1 X104.897 Y107.972 E1.36225
G1 X104.252 Y107.878 E1.38784
G1 X103.548 Y107.593 E1.41766
G1 X103.169 Y107.343 E1.43549
M73 P61 R2
M73 Q61 S2
G1 X102.658 Y106.831 E1.46389
G1 X102.346 Y106.329 E1.4871
G1 X102.101 Y105.665 E1.51489
G1 X102.029 Y105.148 E1.53539
G1 X102.056 Y104.582 E1.55764
G1 X102.065 Y104.543 E1.55921
G1 X102.161 Y104.155 F7800
G1 X101.189 Y104.328
;TYPE:Perimeter
;WIDTH:0.625362
G1 F618.087
G1 X101.191 Y104.31 E1.56023
;WIDTH:0.62449
G1 F619.014
G1 X101.357 Y103.692 E1.59613
;WIDTH:0.635858
G1 F607.146
G1 X101.565 Y103.226 E1.62532
G1 X101.823 Y102.79 E1.65429
;WIDTH:0.624756
G1 F618.731
G1 X102.264 Y102.264 E1.69281
;WIDTH:0.62745
G1 F615.879
G1 X102.791 Y101.824 E1.73152
G1 X103.257 Y101.546 E1.76211
;WIDTH:0.633732
G1 F609.331
G1 X103.849 Y101.31 E1.79843
G1 X104.311 Y101.192 E1.8256
;WIDTH:0.624718
G1 F618.771
G1 X104.956 Y101.134 E1.86194
;WIDTH:0.626426
G1 F616.96
G1 X105.49 Y101.161 E1.89203
G1 X106.389 Y101.393 E1.94428
;WIDTH:0.614296
G1 F630.058
G1 X106.91 Y101.641 E1.97608
;WIDTH:0.637904
G1 F605.058
G1 X107.362 Y101.942 E2.00725
G1 X107.728 Y102.255 E2.03489
;WIDTH:0.625362
G1 F618.087
G1 X108.178 Y102.789 E2.07412
;WIDTH:0.627412
G1 F615.919
G1 X108.571 Y103.507 E2.12027
G1 X108.749 Y104.046 E2.15227
;WIDTH:0.624224
G1 F619.297
G1 X108.855 Y104.663 E2.18737
G1 X108.863 Y104.937 E2.20274
;WIDTH:0.607214
G1 F637.965
G1 X108.804 Y105.676 E2.24309
;WIDTH:0.611614
G1 F633.029
G1 X108.645 Y106.301 E2.27847
;WIDTH:0.635852
G1 F607.152
G1 X108.435 Y106.774 E2.30807
G1 X108.177 Y107.21 E2.33704
;WIDTH:0.624748
G1 F618.74
G1 X107.74 Y107.733 E2.37529
;WIDTH:0.640478
G1 F602.452
G1 X107.144 Y108.212 E2.41936
G1 X106.524 Y108.55 E2.46006
;WIDTH:0.620082
G1 F623.742
G1 X105.851 Y108.78 E2.49965
;WIDTH:0.642118
G1 F600.803
G1 X105.348 Y108.846 E2.52897
G1 X104.645 Y108.853 E2.5696
;WIDTH:0.628388
G1 F614.893
G1 X103.851 Y108.695 E2.61532
;WIDTH:0.626428
G1 F616.958
G1 X103.192 Y108.421 E2.65549
;WIDTH:0.62446
G1 F619.046
G1 X102.703 Y108.112 E2.68794
;WIDTH:0.641074
G1 F601.852
G1 X102.27 Y107.73 E2.72125
G1 X101.824 Y107.209 E2.76082
;WIDTH:0.627436
G1 F615.894
G1 X101.546 Y106.743 E2.79141
;WIDTH:0.632954
G1 F610.134
G1 X101.314 Y106.162 E2.82701
G1 X101.207 Y105.743 E2.85162
;WIDTH:0.625362
G1 F618.087
G1 X101.13 Y105.012 E2.89291
G1 X101.184 Y104.388 E2.9281
G92 E0
G1 X105.201 Y100.648 F7800
;WIDTH:0.449999
G1 F884.349
G1 X105.562 Y100.67 E.0142
G1 X106.27 Y100.827 E.04267
G1 X106.574 Y100.945 E.05547
G1 X107.173 Y101.228 E.08148
G1 X107.692 Y101.565 E.10578
G1 X108.107 Y101.937 E.12766
G1 X108.6 Y102.533 E.15803
G1 X109.032 Y103.322 E.19335
G1 X109.204 Y103.828 E.21433
G1 X109.349 Y104.663 E.24761
G1 X109.349 Y105.38 E.27576
G1 X109.222 Y106.099 E.30443
G1 X109.107 Y106.458 E.31923
G1 X108.877 Y107.01 E.34271
G1 X108.58 Y107.499 E.36517
G1 X108.089 Y108.085 E.39519
G1 X107.463 Y108.6 E.42702
G1 X107.024 Y108.869 E.44724
G1 X106.331 Y109.156 E.47669
G1 X105.952 Y109.262 E.49214
G1 X105.387 Y109.349 E.51459
G1 X104.711 Y109.349 E.54113
G1 X104.198 Y109.29 E.56141
G1 X103.695 Y109.167 E.58174
G1 X102.978 Y108.87 E.61221
M73 P62 R2
M73 Q62 S2
G1 X102.501 Y108.58 E.63413
G1 X101.913 Y108.087 E.66426
G1 X101.42 Y107.499 E.69439
G1 X101.13 Y107.022 E.71631
G1 X100.853 Y106.353 E.74474
G1 X100.668 Y105.526 E.77801
G1 X100.637 Y104.969 E.79991
G1 X100.71 Y104.198 E.83032
G1 X100.895 Y103.532 E.85746
G1 X101.123 Y102.99 E.88055
G1 X101.42 Y102.501 E.90301
G1 X101.913 Y101.913 E.93314
G1 X102.501 Y101.42 E.96327
G1 X102.978 Y101.13 E.98519
G1 X103.693 Y100.834 E1.01557
G1 X104.233 Y100.702 E1.0374
G1 X105.048 Y100.639 E1.0695
G1 X105.141 Y100.644 E1.07316
G1 X105.21 Y100.236 F7800
;TYPE:External perimeter
G1 F884.349
G1 X105.621 Y100.266 E1.08934
G1 X106.436 Y100.447 E1.12212
G1 X107.204 Y100.765 E1.15476
G1 X107.908 Y101.213 E1.18752
G1 X108.375 Y101.623 E1.21192
G1 X108.912 Y102.263 E1.24472
G1 X109.211 Y102.755 E1.26733
G1 X109.41 Y103.171 E1.28544
G1 X109.589 Y103.697 E1.30726
G1 X109.756 Y104.663 E1.34575
G1 X109.756 Y105.416 E1.37532
G1 X109.611 Y106.238 E1.40809
G1 X109.446 Y106.725 E1.42828
G1 X109.236 Y107.203 E1.44878
G1 X108.912 Y107.737 E1.4733
G1 X108.376 Y108.375 E1.50602
G1 X107.669 Y108.957 E1.54198
G1 X107.207 Y109.234 E1.56313
G1 X106.486 Y109.532 E1.59376
G1 X106.036 Y109.661 E1.61214
G1 X105.418 Y109.756 E1.63669
G1 X104.645 Y109.756 E1.66704
G1 X104.094 Y109.687 E1.68884
G1 X103.567 Y109.554 E1.71018
G1 X102.794 Y109.234 E1.74303
G1 X102.263 Y108.912 E1.76741
G1 X101.624 Y108.376 E1.80016
G1 X101.088 Y107.737 E1.83291
G1 X100.766 Y107.206 E1.85729
G1 X100.477 Y106.509 E1.88692
G1 X100.383 Y106.146 E1.90164
G1 X100.262 Y105.552 E1.92544
G1 X100.232 Y104.933 E1.94977
G1 X100.313 Y104.106 E1.9824
G1 X100.555 Y103.269 E2.01661
G1 X100.764 Y102.797 E2.03688
G1 X101.088 Y102.263 E2.0614
G1 X101.624 Y101.624 E2.09415
G1 X102.263 Y101.088 E2.1269
G1 X102.794 Y100.766 E2.15128
G1 X103.566 Y100.446 E2.18409
G1 X104.168 Y100.299 E2.20842
G1 X105.083 Y100.227 E2.24446
G1 X105.15 Y100.232 E2.2471
G1 X105.549 Y100.261 F7800
;LAYER_CHANGE
;Z:5.55
;HEIGHT:0.2
G92 E0
G1 Z5.55 F7800
G1 X101.683 Y104.415
;TYPE:Perimeter
G1 F884.349
G1 X101.762 Y104.066 E.01405
G1 X101.873 Y103.73 E.02794
G1 X102.115 Y103.241 E.04936
G1 X102.544 Y102.677 E.07718
G1 X102.92 Y102.334 E.09716
G1 X103.46 Y101.998 E.12213
G1 X104.009 Y101.782 E.14529
G1 X104.372 Y101.683 E.16006
G1 X104.874 Y101.621 E.17992
G1 X105.383 Y101.645 E.19993
G1 X106.08 Y101.799 E.22796
G1 X106.562 Y102 E.24847
G1 X107.074 Y102.352 E.27287
G1 X107.36 Y102.586 E.28738
G1 X107.748 Y103.034 E.31065
G1 X108.036 Y103.516 E.3327
G1 X108.265 Y104.147 E.35906
G1 X108.368 Y104.751 E.38312
G1 X108.351 Y105.436 E.41002
G1 X108.21 Y106.043 E.43449
M73 P63 R2
M73 Q63 S2
G1 X107.976 Y106.575 E.45731
G1 X107.785 Y106.909 E.47242
G1 X107.466 Y107.313 E.49263
G1 X107.11 Y107.638 E.51156
G1 X106.5 Y108.027 E.53997
G1 X105.979 Y108.222 E.56181
G1 X105.653 Y108.314 E.57511
G1 X104.932 Y108.377 E.60353
G1 X104.349 Y108.305 E.6266
G1 X104.04 Y108.238 E.63901
G1 X103.381 Y107.964 E.66703
G1 X102.949 Y107.689 E.68714
G1 X102.37 Y107.119 E.71904
G1 X101.998 Y106.54 E.74606
G1 X101.786 Y106.002 E.76877
G1 X101.689 Y105.679 E.78201
G1 X101.622 Y105.161 E.80252
G1 X101.649 Y104.564 E.82598
G1 X101.67 Y104.474 E.82961
G1 X102.08 Y104.485 F7800
;TYPE:External perimeter
G1 F884.349
G1 X102.198 Y104.002 E.84913
G1 X102.48 Y103.421 E.87449
G1 X102.873 Y102.928 E.89925
G1 X103.259 Y102.596 E.91924
G1 X103.723 Y102.314 E.94056
G1 X104.335 Y102.102 E.96599
G1 X104.897 Y102.028 E.98825
G1 X105.295 Y102.042 E1.00389
G1 X105.992 Y102.197 E1.03193
G1 X106.396 Y102.375 E1.04926
G1 X106.989 Y102.79 E1.07768
G1 X107.376 Y103.211 E1.10013
G1 X107.664 Y103.687 E1.12197
G1 X107.879 Y104.277 E1.14663
G1 X107.964 Y104.804 E1.16759
G1 X107.944 Y105.415 E1.19159
G1 X107.815 Y105.943 E1.21293
G1 X107.52 Y106.579 E1.24046
G1 X107.205 Y106.996 E1.26098
G1 X106.891 Y107.295 E1.278
G1 X106.281 Y107.683 E1.30639
G1 X105.665 Y107.899 E1.33202
G1 X104.897 Y107.972 E1.36231
G1 X104.252 Y107.878 E1.3879
G1 X103.542 Y107.591 E1.41797
G1 X103.162 Y107.336 E1.43594
G1 X102.658 Y106.831 E1.46395
G1 X102.346 Y106.329 E1.48716
G1 X102.101 Y105.665 E1.51495
G1 X102.029 Y105.148 E1.53545
G1 X102.056 Y104.585 E1.55758
G1 X102.066 Y104.543 E1.55928
G1 X102.161 Y104.155 F7800
G1 X101.19 Y104.329
;TYPE:Perimeter
;WIDTH:0.625332
G1 F618.119
G1 X101.191 Y104.31 E1.56035
;WIDTH:0.624818
G1 X101.357 Y103.693 E1.59621
;WIDTH:0.635858
G1 F607.146
G1 X101.565 Y103.226 E1.62545
G1 X101.823 Y102.79 E1.65442
;WIDTH:0.624754
G1 F618.733
G1 X102.264 Y102.264 E1.69294
;WIDTH:0.627432
G1 F615.898
G1 X102.791 Y101.824 E1.73165
G1 X103.257 Y101.546 E1.76224
;WIDTH:0.633732
G1 F609.331
G1 X103.849 Y101.31 E1.79856
G1 X104.311 Y101.192 E1.82573
;WIDTH:0.624732
G1 F618.757
G1 X104.953 Y101.133 E1.86191
;WIDTH:0.62643
G1 F616.956
G1 X105.49 Y101.161 E1.89217
G1 X106.389 Y101.393 E1.94443
;WIDTH:0.614296
G1 F630.058
G1 X106.91 Y101.641 E1.97623
;WIDTH:0.637906
G1 F605.056
G1 X107.362 Y101.942 E2.0074
G1 X107.728 Y102.255 E2.03504
;WIDTH:0.62533
G1 F618.121
G1 X108.178 Y102.79 E2.07431
;WIDTH:0.627414
G1 F615.917
G1 X108.571 Y103.507 E2.12041
G1 X108.749 Y104.046 E2.15241
;WIDTH:0.625278
G1 F618.176
G1 X108.858 Y104.687 E2.18893
;WIDTH:0.626894
G1 F616.466
G1 X108.871 Y104.988 E2.2059
G1 X108.806 Y105.673 E2.24466
;WIDTH:0.617048
G1 F627.038
G1 X108.672 Y106.217 E2.27569
;WIDTH:0.633736
G1 F609.327
G1 X108.423 Y106.796 E2.31161
G1 X108.177 Y107.21 E2.33905
;WIDTH:0.624748
G1 F618.74
G1 X107.803 Y107.666 E2.37215
;WIDTH:0.612072
G1 F632.52
G1 X107.372 Y108.05 E2.40384
;WIDTH:0.628408
G1 F614.872
G1 X106.797 Y108.426 E2.44264
G1 X106.524 Y108.55 E2.45957
;WIDTH:0.620082
G1 F623.742
G1 X105.851 Y108.78 E2.49916
;WIDTH:0.642118
G1 F600.803
G1 X105.348 Y108.846 E2.52848
G1 X104.644 Y108.853 E2.56917
;WIDTH:0.628436
G1 F614.842
M73 P64 R2
M73 Q64 S2
G1 X103.851 Y108.695 E2.61484
;WIDTH:0.626434
G1 F616.952
G1 X103.003 Y108.316 E2.66712
G1 X102.524 Y107.974 E2.70025
G1 X102.02 Y107.47 E2.74037
;WIDTH:0.627436
G1 F615.894
G1 X101.837 Y107.23 E2.75739
G1 X101.546 Y106.743 E2.78937
;WIDTH:0.632954
G1 F610.134
G1 X101.314 Y106.162 E2.82497
G1 X101.207 Y105.743 E2.84958
;WIDTH:0.625332
G1 F618.119
G1 X101.13 Y105.012 E2.89087
G1 X101.184 Y104.388 E2.92605
G92 E0
G1 X105.201 Y100.648 F7800
;WIDTH:0.449999
G1 F884.349
G1 X105.562 Y100.67 E.0142
G1 X106.27 Y100.827 E.04267
G1 X106.574 Y100.945 E.05547
G1 X107.173 Y101.228 E.08148
G1 X107.692 Y101.565 E.10578
G1 X108.107 Y101.937 E.12766
G1 X108.6 Y102.533 E.15803
G1 X109.032 Y103.322 E.19335
G1 X109.204 Y103.828 E.21433
G1 X109.353 Y104.665 E.24771
G1 X109.367 Y104.993 E.2606
G1 X109.33 Y105.564 E.28307
G1 X109.164 Y106.313 E.31319
G1 X108.87 Y107.022 E.34333
G1 X108.58 Y107.499 E.36525
G1 X108.087 Y108.087 E.39538
G1 X107.499 Y108.58 E.42551
G1 X107.022 Y108.87 E.44743
G1 X106.331 Y109.156 E.47679
G1 X105.952 Y109.262 E.49224
G1 X105.387 Y109.349 E.51469
G1 X104.711 Y109.349 E.54123
G1 X104.203 Y109.291 E.56131
G1 X103.695 Y109.167 E.58184
G1 X103.007 Y108.882 E.61108
G1 X102.621 Y108.66 E.62856
G1 X102.2 Y108.35 E.64909
G1 X101.669 Y107.82 E.67855
G1 X101.427 Y107.51 E.69399
G1 X101.13 Y107.022 E.71642
G1 X100.853 Y106.353 E.74485
G1 X100.668 Y105.526 E.77812
G1 X100.637 Y104.969 E.80002
G1 X100.71 Y104.198 E.83043
G1 X100.895 Y103.533 E.85753
G1 X101.123 Y102.99 E.88065
G1 X101.42 Y102.501 E.90311
G1 X101.913 Y101.913 E.93324
G1 X102.501 Y101.42 E.96337
G1 X102.978 Y101.13 E.98529
G1 X103.693 Y100.834 E1.01567
G1 X104.233 Y100.702 E1.0375
G1 X105.043 Y100.638 E1.0694
G1 X105.141 Y100.644 E1.07326
G1 X105.21 Y100.237 F7800
;TYPE:External perimeter
G1 F884.349
G1 X105.621 Y100.266 E1.08944
G1 X106.436 Y100.447 E1.12222
G1 X107.204 Y100.765 E1.15486
G1 X107.908 Y101.213 E1.18762
G1 X108.375 Y101.623 E1.21202
G1 X108.912 Y102.263 E1.24482
G1 X109.211 Y102.755 E1.26743
G1 X109.41 Y103.171 E1.28554
G1 X109.589 Y103.697 E1.30736
G1 X109.759 Y104.647 E1.34525
G1 X109.775 Y104.998 E1.35905
G1 X109.734 Y105.621 E1.38356
G1 X109.553 Y106.436 E1.41634
G1 X109.234 Y107.206 E1.44907
G1 X108.912 Y107.737 E1.47345
G1 X108.376 Y108.376 E1.5062
G1 X107.737 Y108.912 E1.53895
G1 X107.206 Y109.234 E1.56333
G1 X106.486 Y109.532 E1.59393
G1 X106.036 Y109.661 E1.61231
G1 X105.418 Y109.756 E1.63686
G1 X104.644 Y109.756 E1.66725
G1 X104.099 Y109.688 E1.68882
G1 X103.567 Y109.554 E1.71036
G1 X102.851 Y109.258 E1.74078
G1 X102.373 Y108.986 E1.76237
M73 P65 R2
M73 Q65 S2
G1 X101.933 Y108.659 E1.7839
G1 X101.382 Y108.108 E1.8145
G1 X101.09 Y107.741 E1.83291
G1 X100.766 Y107.206 E1.85747
G1 X100.477 Y106.509 E1.8871
G1 X100.383 Y106.146 E1.90182
G1 X100.262 Y105.552 E1.92562
G1 X100.232 Y104.933 E1.94995
G1 X100.313 Y104.106 E1.98258
G1 X100.555 Y103.27 E2.01675
G1 X100.764 Y102.797 E2.03705
G1 X101.088 Y102.263 E2.06157
G1 X101.624 Y101.624 E2.09432
G1 X102.263 Y101.088 E2.12707
G1 X102.794 Y100.766 E2.15145
G1 X103.566 Y100.446 E2.18426
G1 X104.168 Y100.299 E2.20859
G1 X105.078 Y100.227 E2.24443
G1 X105.15 Y100.232 E2.24726
G1 X105.549 Y100.261 F7800
;LAYER_CHANGE
;Z:5.75
;HEIGHT:0.2
G92 E0
G1 Z5.75 F7800
G1 X101.683 Y104.415
;TYPE:Perimeter
G1 F884.349
G1 X101.761 Y104.071 E.01385
G1 X101.874 Y103.73 E.02796
G1 X102.115 Y103.241 E.04937
G1 X102.544 Y102.677 E.07719
G1 X102.92 Y102.334 E.09717
G1 X103.46 Y101.998 E.12214
G1 X104.009 Y101.782 E.1453
G1 X104.372 Y101.682 E.16008
G1 X104.871 Y101.622 E.17981
G1 X105.373 Y101.643 E.19954
G1 X106.08 Y101.799 E.22797
G1 X106.562 Y102 E.24848
G1 X107.074 Y102.352 E.27288
G1 X107.364 Y102.589 E.28759
G1 X107.72 Y102.996 E.30882
G1 X108.034 Y103.512 E.33254
G1 X108.214 Y103.998 E.35289
G1 X108.311 Y104.321 E.36613
G1 X108.378 Y104.839 E.38664
G1 X108.352 Y105.433 E.40999
G1 X108.197 Y106.097 E.43676
G1 X107.885 Y106.759 E.4655
G1 X107.579 Y107.177 E.48584
G1 X107.204 Y107.564 E.507
G1 X106.5 Y108.027 E.54008
G1 X105.796 Y108.284 E.56951
G1 X105.284 Y108.363 E.58985
G1 X104.677 Y108.357 E.61368
G1 X104.16 Y108.275 E.63423
G1 X103.692 Y108.093 E.65395
G1 X103.253 Y107.893 E.67289
G1 X102.766 Y107.535 E.69662
G1 X102.324 Y107.064 E.72198
G1 X101.999 Y106.543 E.74609
G1 X101.782 Y105.991 E.76938
G1 X101.681 Y105.619 E.78452
G1 X101.621 Y105.089 E.80546
G1 X101.648 Y104.567 E.82598
G1 X101.67 Y104.474 E.82973
G1 X102.077 Y104.485 F7800
;TYPE:External perimeter
G1 F884.349
G1 X102.198 Y104.002 E.84928
G1 X102.48 Y103.421 E.87464
G1 X102.873 Y102.928 E.8994
G1 X103.259 Y102.596 E.91939
G1 X103.723 Y102.314 E.94071
G1 X104.335 Y102.101 E.96615
G1 X104.894 Y102.028 E.98829
G1 X105.295 Y102.042 E1.00404
G1 X105.992 Y102.197 E1.03208
G1 X106.396 Y102.375 E1.04941
G1 X106.989 Y102.79 E1.07783
G1 X107.349 Y103.175 E1.09853
G1 X107.654 Y103.671 E1.12139
G1 X107.899 Y104.335 E1.14918
G1 X107.971 Y104.853 E1.16971
G1 X107.945 Y105.412 E1.19168
G1 X107.802 Y105.998 E1.21536
G1 X107.52 Y106.579 E1.24072
G1 X107.205 Y106.996 E1.26124
G1 X106.891 Y107.295 E1.27826
G1 X106.281 Y107.683 E1.30665
G1 X105.665 Y107.899 E1.33228
G1 X105.147 Y107.971 E1.35281
G1 X104.588 Y107.945 E1.37478
G1 X104.205 Y107.865 E1.39014
G1 X103.537 Y107.588 E1.41853
G1 X103.007 Y107.207 E1.44416
G1 X102.627 Y106.791 E1.46628
G1 X102.348 Y106.334 E1.4873
G1 X102.168 Y105.86 E1.50721
G1 X102.084 Y105.566 E1.51922
G1 X102.031 Y105.047 E1.5397
G1 X102.065 Y104.543 E1.55953
G1 X102.16 Y104.155 F7800
G1 X101.19 Y104.329
M73 P66 R2
M73 Q66 S2
;TYPE:Perimeter
;WIDTH:0.625162
G1 F618.3
G1 X101.191 Y104.309 E1.56065
G1 X101.357 Y103.693 E1.59648
;WIDTH:0.635856
G1 F607.148
G1 X101.565 Y103.226 E1.62572
G1 X101.823 Y102.79 E1.65469
;WIDTH:0.624754
G1 F618.733
G1 X102.264 Y102.264 E1.69321
;WIDTH:0.627452
G1 F615.877
G1 X102.791 Y101.824 E1.73192
G1 X103.257 Y101.546 E1.76251
;WIDTH:0.63375
G1 F609.312
G1 X103.849 Y101.31 E1.79883
G1 X104.312 Y101.192 E1.82606
;WIDTH:0.62466
G1 F618.833
G1 X104.949 Y101.133 E1.86196
;WIDTH:0.62643
G1 F616.956
G1 X105.49 Y101.161 E1.89245
G1 X106.389 Y101.393 E1.94471
;WIDTH:0.614296
G1 F630.058
G1 X106.91 Y101.641 E1.97651
;WIDTH:0.637918
G1 F605.044
G1 X107.362 Y101.942 E2.00768
G1 X107.728 Y102.255 E2.03532
;WIDTH:0.627452
G1 F615.877
G1 X108.176 Y102.791 E2.07471
G1 X108.454 Y103.257 E2.1053
;WIDTH:0.632952
G1 F610.136
G1 X108.686 Y103.838 E2.1409
G1 X108.837 Y104.507 E2.17993
;WIDTH:0.628944
G1 F614.309
G1 X108.87 Y104.988 E2.20718
;WIDTH:0.625206
G1 F618.253
G1 X108.834 Y105.497 E2.23584
;WIDTH:0.634424
G1 F608.618
G1 X108.738 Y105.989 E2.26444
G1 X108.58 Y106.47 E2.29333
;WIDTH:0.625874
G1 F617.544
G1 X108.225 Y107.14 E2.33596
;WIDTH:0.61683
G1 F627.276
G1 X107.916 Y107.542 E2.36403
;WIDTH:0.614724
G1 F629.586
G1 X107.542 Y107.917 E2.39324
;WIDTH:0.64212
G1 F600.801
G1 X107.085 Y108.25 E2.42592
G1 X106.481 Y108.574 E2.46553
;WIDTH:0.625632
G1 F617.801
G1 X105.743 Y108.798 E2.50888
;WIDTH:0.617094
G1 F626.988
G1 X105.064 Y108.864 E2.54666
;WIDTH:0.6129
G1 F631.601
G1 X104.379 Y108.819 E2.5844
G1 X103.863 Y108.691 E2.61363
;WIDTH:0.630042
G1 F613.16
G1 X103.224 Y108.438 E2.65255
;WIDTH:0.63375
G1 F609.312
G1 X102.792 Y108.173 E2.68143
G1 X102.264 Y107.736 E2.72049
;WIDTH:0.624778
G1 F618.708
G1 X101.823 Y107.21 E2.75901
;WIDTH:0.624048
G1 F619.485
G1 X101.543 Y106.737 E2.78982
;WIDTH:0.63374
G1 F609.323
G1 X101.31 Y106.151 E2.82576
G1 X101.191 Y105.684 E2.85322
;WIDTH:0.624776
G1 F618.71
G1 X101.131 Y105 E2.89176
;WIDTH:0.625162
G1 X101.184 Y104.388 E2.92626
G92 E0
G1 X105.201 Y100.648 F7800
;WIDTH:0.449999
G1 F884.349
G1 X105.562 Y100.67 E.0142
G1 X106.313 Y100.836 E.0444
G1 X107.016 Y101.128 E.07429
G1 X107.663 Y101.54 E.10441
G1 X108.083 Y101.908 E.12634
G1 X108.58 Y102.501 E.15672
G1 X108.87 Y102.978 E.17864
G1 X109.147 Y103.647 E.20707
G1 X109.332 Y104.474 E.24034
G1 X109.366 Y104.994 E.2608
G1 X109.318 Y105.539 E.28228
G1 X109.22 Y106.124 E.30557
G1 X109.036 Y106.665 E.32801
G1 X108.679 Y107.351 E.35837
G1 X108.349 Y107.802 E.38031
G1 X107.802 Y108.349 E.41068
G1 X107.351 Y108.679 E.43262
G1 X106.671 Y109.033 E.46272
G1 X105.939 Y109.264 E.49286
G1 X105.387 Y109.349 E.51479
G1 X104.613 Y109.349 E.54518
G1 X104.061 Y109.264 E.56711
G1 X103.348 Y109.039 E.59647
G1 X102.99 Y108.877 E.6119
G1 X102.501 Y108.58 E.63436
G1 X101.913 Y108.087 E.66449
G1 X101.42 Y107.499 E.69462
G1 X101.15 Y107.054 E.71506
G1 X101.028 Y106.776 E.72698
G1 X100.825 Y106.27 E.74839
G1 X100.698 Y105.727 E.77029
M73 P67 R2
M73 Q67 S2
G1 X100.638 Y104.957 E.80062
G1 X100.709 Y104.198 E.83055
G1 X100.895 Y103.534 E.85763
G1 X101.123 Y102.99 E.88079
G1 X101.42 Y102.501 E.90325
G1 X101.913 Y101.913 E.93338
G1 X102.501 Y101.42 E.96351
G1 X102.978 Y101.13 E.98543
G1 X103.693 Y100.834 E1.01581
G1 X104.233 Y100.702 E1.03764
G1 X105.037 Y100.638 E1.06931
G1 X105.141 Y100.645 E1.0734
G1 X105.21 Y100.237 F7800
;TYPE:External perimeter
G1 F884.349
G1 X105.621 Y100.266 E1.08958
G1 X106.436 Y100.447 E1.12236
G1 X107.204 Y100.765 E1.155
G1 X107.908 Y101.213 E1.18776
G1 X108.375 Y101.623 E1.21216
G1 X108.912 Y102.263 E1.24496
G1 X109.234 Y102.794 E1.26934
G1 X109.523 Y103.491 E1.29897
G1 X109.618 Y103.854 E1.3137
G1 X109.738 Y104.448 E1.33749
G1 X109.774 Y104.998 E1.35913
G1 X109.724 Y105.574 E1.38183
G1 X109.613 Y106.233 E1.40807
G1 X109.412 Y106.825 E1.43262
G1 X109.026 Y107.567 E1.46546
G1 X108.659 Y108.067 E1.48981
G1 X108.067 Y108.659 E1.52268
G1 X107.567 Y109.026 E1.54703
G1 X106.827 Y109.411 E1.57978
G1 X106.031 Y109.662 E1.61255
G1 X105.418 Y109.756 E1.6369
G1 X104.582 Y109.756 E1.66973
G1 X103.969 Y109.662 E1.69408
G1 X103.226 Y109.427 E1.72468
G1 X102.797 Y109.236 E1.74312
G1 X102.263 Y108.912 E1.76764
G1 X101.624 Y108.376 E1.80039
G1 X101.088 Y107.737 E1.83314
G1 X100.766 Y107.206 E1.85752
G1 X100.446 Y106.434 E1.89033
G1 X100.298 Y105.831 E1.91471
G1 X100.226 Y105 E1.94746
G1 X100.291 Y104.252 E1.97694
G1 X100.396 Y103.745 E1.99727
G1 X100.555 Y103.27 E2.01694
G1 X100.764 Y102.797 E2.03724
G1 X101.088 Y102.263 E2.06176
G1 X101.624 Y101.624 E2.09451
G1 X102.263 Y101.088 E2.12726
G1 X102.794 Y100.766 E2.15164
G1 X103.566 Y100.446 E2.18445
G1 X104.168 Y100.299 E2.20878
G1 X105.073 Y100.227 E2.24443
G1 X105.15 Y100.233 E2.24746
G1 X105.549 Y100.261 F7800
;LAYER_CHANGE
;Z:5.95
;HEIGHT:0.2
G92 E0
G1 Z5.95 F7800
G1 X101.683 Y104.415
;TYPE:Perimeter
G1 F884.349
G1 X101.76 Y104.075 E.01369
G1 X101.874 Y103.73 E.02796
G1 X102.115 Y103.241 E.04937
G1 X102.472 Y102.756 E.07302
G1 X102.9 Y102.351 E.09616
G1 X103.46 Y101.998 E.12215
G1 X104.009 Y101.782 E.14531
G1 X104.373 Y101.682 E.16013
G1 X104.932 Y101.62 E.18221
G1 X105.383 Y101.645 E.19995
G1 X106.08 Y101.799 E.22798
G1 X106.562 Y102 E.24849
G1 X107.074 Y102.352 E.27289
G1 X107.348 Y102.574 E.28674
G1 X107.805 Y103.119 E.31467
G1 X108.197 Y103.908 E.34926
G1 X108.339 Y104.595 E.3768
G1 X108.376 Y104.963 E.39132
G1 X108.335 Y105.546 E.41427
G1 X108.197 Y106.097 E.43657
G1 X107.987 Y106.553 E.45628
G1 X107.785 Y106.909 E.47235
G1 X107.466 Y107.313 E.49256
G1 X107.11 Y107.638 E.51149
G1 X106.5 Y108.027 E.5399
G1 X105.796 Y108.284 E.56933
G1 X105.284 Y108.363 E.58967
M73 P68 R2
M73 Q68 S2
G1 X104.677 Y108.357 E.6135
G1 X104.161 Y108.275 E.63401
G1 X103.381 Y107.965 E.66697
G1 X102.95 Y107.69 E.68704
G1 X102.37 Y107.119 E.719
G1 X101.966 Y106.488 E.74842
G1 X101.782 Y105.991 E.76923
G1 X101.681 Y105.619 E.78437
G1 X101.621 Y105.089 E.80531
G1 X101.648 Y104.571 E.82568
G1 X101.67 Y104.474 E.82959
G1 X102.08 Y104.485 F7800
;TYPE:External perimeter
G1 F884.349
G1 X102.198 Y104.003 E.84907
G1 X102.48 Y103.421 E.87446
G1 X102.795 Y103.004 E.89498
G1 X103.175 Y102.651 E.91534
G1 X103.671 Y102.346 E.9382
G1 X104.14 Y102.168 E.9579
G1 X104.423 Y102.086 E.96947
G1 X104.921 Y102.027 E.98916
G1 X105.295 Y102.043 E1.00386
G1 X105.992 Y102.197 E1.03189
G1 X106.396 Y102.375 E1.04922
G1 X106.989 Y102.79 E1.07764
G1 X107.485 Y103.37 E1.10761
G1 X107.828 Y104.08 E1.13857
G1 X107.938 Y104.665 E1.16194
G1 X107.97 Y104.942 E1.17289
G1 X107.94 Y105.447 E1.19275
G1 X107.802 Y105.998 E1.21505
G1 X107.52 Y106.579 E1.24041
G1 X107.205 Y106.996 E1.26093
G1 X106.891 Y107.295 E1.27795
G1 X106.281 Y107.683 E1.30634
G1 X105.665 Y107.899 E1.33197
G1 X105.147 Y107.971 E1.3525
G1 X104.592 Y107.946 E1.37431
G1 X104.205 Y107.865 E1.38983
G1 X103.537 Y107.588 E1.41822
G1 X103.162 Y107.336 E1.43596
G1 X102.658 Y106.831 E1.46397
G1 X102.314 Y106.277 E1.48957
G1 X102.101 Y105.665 E1.51501
G1 X102.029 Y105.147 E1.53554
G1 X102.054 Y104.592 E1.55735
G1 X102.066 Y104.543 E1.55933
G1 X102.161 Y104.155 F7800
G1 X101.19 Y104.329
;TYPE:Perimeter
;WIDTH:0.625486
G1 F617.956
G1 X101.192 Y104.309 E1.56046
G1 X101.357 Y103.694 E1.59624
;WIDTH:0.635858
G1 F607.146
G1 X101.565 Y103.226 E1.62553
G1 X101.823 Y102.79 E1.6545
;WIDTH:0.624754
G1 F618.733
M73 P68 R1
G1 X102.264 Y102.264 E1.69302
;WIDTH:0.62745
G1 F615.879
G1 X102.791 Y101.824 E1.73173
G1 X103.257 Y101.546 E1.76232
;WIDTH:0.63375
G1 F609.312
G1 X103.849 Y101.31 E1.79864
G1 X104.312 Y101.192 E1.82587
;WIDTH:0.62467
G1 F618.823
M73 Q68 S1
G1 X104.945 Y101.133 E1.86154
;WIDTH:0.62643
G1 F616.956
G1 X105.491 Y101.162 E1.89231
G1 X106.389 Y101.393 E1.9445
;WIDTH:0.614298
G1 F630.056
G1 X106.91 Y101.641 E1.9763
;WIDTH:0.637918
G1 F605.044
G1 X107.362 Y101.942 E2.00747
G1 X107.728 Y102.255 E2.03511
;WIDTH:0.62643
G1 F616.956
G1 X108.176 Y102.79 E2.07438
;WIDTH:0.637918
G1 F605.044
G1 X108.422 Y103.205 E2.10207
G1 X108.726 Y103.975 E2.14958
G1 X108.832 Y104.508 E2.18077
;WIDTH:0.637926
G1 X108.87 Y104.988 E2.2084
;WIDTH:0.625178
G1 F618.283
G1 X108.835 Y105.494 E2.23689
;WIDTH:0.634544
G1 F608.495
G1 X108.738 Y105.989 E2.26567
G1 X108.57 Y106.492 E2.29593
;WIDTH:0.629026
G1 F614.223
G1 X108.211 Y107.16 E2.3388
;WIDTH:0.618132
G1 F625.856
G1 X107.883 Y107.576 E2.36819
;WIDTH:0.62011
G1 F623.711
G1 X107.5 Y107.96 E2.39838
;WIDTH:0.642126
G1 F600.795
G1 X107.085 Y108.25 E2.42764
G1 X106.481 Y108.574 E2.46725
;WIDTH:0.625618
G1 F617.816
G1 X105.767 Y108.794 E2.50924
;WIDTH:0.616836
G1 F627.269
G1 X105.264 Y108.86 E2.53732
;WIDTH:0.627978
G1 F615.324
G1 X104.651 Y108.853 E2.57191
G1 X104.063 Y108.753 E2.60557
;WIDTH:0.640694
G1 F602.234
G1 X103.527 Y108.569 E2.63824
G1 X103.006 Y108.312 E2.67174
;WIDTH:0.62644
G1 F616.945
G1 X102.524 Y107.974 E2.70487
G1 X102.02 Y107.47 E2.74499
M73 P69 R1
M73 Q69 S1
;WIDTH:0.627456
G1 F615.873
G1 X101.837 Y107.23 E2.76201
G1 X101.546 Y106.743 E2.794
;WIDTH:0.633744
G1 F609.319
G1 X101.31 Y106.151 E2.83032
G1 X101.191 Y105.684 E2.85778
;WIDTH:0.62475
G1 F618.737
G1 X101.131 Y105 E2.89631
;WIDTH:0.625486
G1 F617.956
G1 X101.185 Y104.388 E2.93083
G92 E0
G1 X105.201 Y100.648 F7800
;WIDTH:0.449999
G1 F884.349
G1 X105.562 Y100.67 E.0142
G1 X106.313 Y100.836 E.0444
G1 X107.016 Y101.128 E.07429
G1 X107.663 Y101.54 E.10441
G1 X108.083 Y101.908 E.12634
G1 X108.58 Y102.501 E.15672
G1 X108.87 Y102.978 E.17864
G1 X109.092 Y103.514 E.20142
G1 X109.204 Y103.869 E.21604
G1 X109.332 Y104.475 E.24036
G1 X109.363 Y105.031 E.26223
G1 X109.291 Y105.803 E.29267
G1 X109.107 Y106.458 E.31938
G1 X108.877 Y107.01 E.34286
G1 X108.58 Y107.499 E.36532
G1 X108.177 Y107.98 E.38996
G1 X107.812 Y108.341 E.41012
G1 X107.351 Y108.679 E.43256
G1 X106.671 Y109.033 E.46266
G1 X105.939 Y109.264 E.4928
G1 X105.387 Y109.349 E.51473
G1 X104.613 Y109.349 E.54512
G1 X104.061 Y109.264 E.56705
G1 X103.332 Y109.034 E.59706
G1 X102.629 Y108.661 E.62831
G1 X102.2 Y108.35 E.64912
G1 X101.669 Y107.82 E.67858
G1 X101.427 Y107.51 E.69402
G1 X101.15 Y107.054 E.71497
G1 X100.825 Y106.27 E.74829
G1 X100.698 Y105.727 E.77019
G1 X100.638 Y104.957 E.80052
G1 X100.709 Y104.198 E.83045
G1 X100.895 Y103.534 E.85753
G1 X101.123 Y102.99 E.88069
G1 X101.42 Y102.501 E.90315
G1 X101.913 Y101.913 E.93328
G1 X102.501 Y101.42 E.96341
G1 X102.978 Y101.13 E.98533
G1 X103.693 Y100.834 E1.01571
G1 X104.233 Y100.702 E1.03754
G1 X105.032 Y100.638 E1.06901
G1 X105.141 Y100.645 E1.0733
G1 X105.21 Y100.237 F7800
;TYPE:External perimeter
G1 F884.349
G1 X105.621 Y100.266 E1.08948
G1 X106.436 Y100.447 E1.12226
G1 X107.204 Y100.765 E1.1549
G1 X107.908 Y101.213 E1.18766
G1 X108.375 Y101.623 E1.21206
G1 X108.912 Y102.263 E1.24486
G1 X109.234 Y102.794 E1.26924
G1 X109.468 Y103.359 E1.29325
G1 X109.601 Y103.781 E1.31062
G1 X109.738 Y104.448 E1.33736
G1 X109.774 Y104.998 E1.359
G1 X109.724 Y105.571 E1.38158
G1 X109.613 Y106.233 E1.40794
G1 X109.446 Y106.725 E1.42834
G1 X109.236 Y107.203 E1.44884
G1 X108.912 Y107.737 E1.47336
G1 X108.489 Y108.241 E1.4992
G1 X108.071 Y108.656 E1.52233
G1 X107.567 Y109.026 E1.54688
G1 X106.827 Y109.411 E1.57963
G1 X106.031 Y109.662 E1.6124
G1 X105.418 Y109.756 E1.63675
G1 X104.582 Y109.756 E1.66958
G1 X103.969 Y109.662 E1.69393
G1 X103.174 Y109.411 E1.72666
G1 X102.379 Y108.989 E1.762
G1 X101.933 Y108.659 E1.78378
G1 X101.382 Y108.108 E1.81438
G1 X101.09 Y107.741 E1.83279
G1 X100.766 Y107.206 E1.85735
G1 X100.446 Y106.434 E1.89016
G1 X100.298 Y105.831 E1.91454
M73 P70 R1
M73 Q70 S1
G1 X100.226 Y105 E1.94729
G1 X100.291 Y104.255 E1.97665
G1 X100.395 Y103.75 E1.99689
G1 X100.555 Y103.27 E2.01676
G1 X100.764 Y102.797 E2.03706
G1 X101.088 Y102.263 E2.06158
G1 X101.624 Y101.624 E2.09433
G1 X102.263 Y101.088 E2.12708
G1 X102.794 Y100.766 E2.15146
G1 X103.566 Y100.446 E2.18427
G1 X104.168 Y100.299 E2.2086
G1 X105.067 Y100.227 E2.24401
G1 X105.15 Y100.233 E2.24728
G1 X105.549 Y100.261 F7800
;LAYER_CHANGE
;Z:6.15
;HEIGHT:0.2
G92 E0
G1 Z6.15 F7800
G1 X101.683 Y104.415
;TYPE:Perimeter
G1 F884.349
G1 X101.759 Y104.08 E.01349
G1 X101.874 Y103.73 E.02796
G1 X102.115 Y103.241 E.04937
G1 X102.472 Y102.756 E.07302
G1 X102.9 Y102.351 E.09616
G1 X103.46 Y101.998 E.12215
G1 X104.009 Y101.782 E.14531
G1 X104.373 Y101.682 E.16013
G1 X104.929 Y101.62 E.1821
G1 X105.384 Y101.645 E.19999
G1 X106.08 Y101.799 E.22798
G1 X106.573 Y102.006 E.24897
G1 X107.193 Y102.436 E.2786
G1 X107.612 Y102.864 E.30212
G1 X108.001 Y103.458 E.33
G1 X108.214 Y103.998 E.35279
G1 X108.311 Y104.321 E.36603
G1 X108.378 Y104.839 E.38654
G1 X108.353 Y105.426 E.40961
G1 X108.21 Y106.043 E.43448
G1 X107.976 Y106.575 E.4573
G1 X107.785 Y106.909 E.47241
G1 X107.466 Y107.313 E.49262
G1 X107.11 Y107.638 E.51155
G1 X106.5 Y108.027 E.53996
G1 X105.796 Y108.284 E.56939
G1 X105.284 Y108.363 E.58973
G1 X104.688 Y108.358 E.61313
G1 X104.109 Y108.248 E.63627
G1 X103.746 Y108.135 E.6512
G1 X103.244 Y107.889 E.67315
G1 X102.874 Y107.623 E.69104
G1 X102.37 Y107.119 E.71903
G1 X101.998 Y106.54 E.74605
G1 X101.782 Y105.991 E.76921
G1 X101.681 Y105.619 E.78435
G1 X101.623 Y105.174 E.80197
G1 X101.647 Y104.574 E.82555
G1 X101.67 Y104.474 E.82958
G1 X102.081 Y104.485 F7800
;TYPE:External perimeter
G1 F884.349
G1 X102.198 Y104.003 E.84906
G1 X102.48 Y103.421 E.87445
G1 X102.795 Y103.004 E.89497
G1 X103.175 Y102.651 E.91533
G1 X103.671 Y102.346 E.93819
G1 X104.14 Y102.168 E.95789
G1 X104.424 Y102.086 E.9695
G1 X105.043 Y102.03 E.9939
G1 X105.296 Y102.043 E1.00385
G1 X105.992 Y102.197 E1.03184
G1 X106.396 Y102.375 E1.04917
G1 X106.989 Y102.79 E1.07759
G1 X107.37 Y103.204 E1.09968
G1 X107.652 Y103.667 E1.12097
G1 X107.899 Y104.335 E1.14893
G1 X107.971 Y104.853 E1.16946
G1 X107.946 Y105.405 E1.19116
G1 X107.815 Y105.944 E1.21294
G1 X107.52 Y106.579 E1.24043
G1 X107.205 Y106.996 E1.26095
G1 X106.891 Y107.295 E1.27797
G1 X106.281 Y107.683 E1.30636
G1 X105.665 Y107.899 E1.33199
G1 X105.147 Y107.971 E1.35252
G1 X104.595 Y107.946 E1.37422
G1 X104.002 Y107.802 E1.39818
G1 X103.498 Y107.567 E1.42001
G1 X103.162 Y107.335 E1.43604
G1 X102.658 Y106.831 E1.46403
G1 X102.346 Y106.329 E1.48724
G1 X102.168 Y105.86 E1.50694
G1 X102.084 Y105.566 E1.51895
G1 X102.028 Y105.139 E1.53586
G1 X102.054 Y104.595 E1.55724
G1 X102.066 Y104.544 E1.5593
G1 X102.161 Y104.155 F7800
G1 X101.19 Y104.329
;TYPE:Perimeter
;WIDTH:0.625808
G1 F617.614
G1 X101.192 Y104.309 E1.56043
G1 X101.356 Y103.694 E1.59621
;WIDTH:0.635858
G1 F607.146
G1 X101.565 Y103.226 E1.62552
G1 X101.823 Y102.79 E1.65449
;WIDTH:0.624754
G1 F618.733
G1 X102.264 Y102.264 E1.69301
;WIDTH:0.627452
G1 F615.877
M73 P71 R1
M73 Q71 S1
G1 X102.791 Y101.824 E1.73172
G1 X103.257 Y101.546 E1.76231
;WIDTH:0.633748
G1 F609.314
G1 X103.849 Y101.31 E1.79863
G1 X104.312 Y101.192 E1.82586
;WIDTH:0.624682
G1 F618.81
G1 X104.942 Y101.133 E1.86137
;WIDTH:0.626432
G1 F616.954
G1 X105.491 Y101.162 E1.89231
G1 X106.186 Y101.318 E1.9324
;WIDTH:0.622092
G1 F621.577
G1 X106.722 Y101.535 E1.9647
;WIDTH:0.63953
G1 F603.409
G1 X107.066 Y101.734 E1.98757
G1 X107.686 Y102.222 E2.03297
;WIDTH:0.624476
G1 F619.029
G1 X108.166 Y102.772 E2.07392
G1 X108.456 Y103.262 E2.10586
;WIDTH:0.632944
G1 F610.145
G1 X108.686 Y103.838 E2.14116
G1 X108.793 Y104.257 E2.16577
;WIDTH:0.626526
G1 F616.855
G1 X108.87 Y105 E2.20782
G1 X108.808 Y105.662 E2.24525
;WIDTH:0.625344
G1 F618.106
G1 X108.69 Y106.163 E2.27416
G1 X108.588 Y106.433 E2.29037
;WIDTH:0.61813
G1 F625.858
G1 X108.211 Y107.16 E2.33581
G1 X107.883 Y107.576 E2.3652
;WIDTH:0.62011
G1 F623.711
G1 X107.5 Y107.96 E2.39539
;WIDTH:0.642126
G1 F600.795
G1 X107.085 Y108.25 E2.42465
G1 X106.481 Y108.574 E2.46426
;WIDTH:0.62562
G1 F617.814
G1 X105.743 Y108.798 E2.50761
;WIDTH:0.617094
G1 F626.988
G1 X105.065 Y108.864 E2.54534
;WIDTH:0.612968
G1 F631.526
G1 X104.549 Y108.84 E2.57374
;WIDTH:0.632686
G1 F610.412
G1 X103.988 Y108.731 E2.60625
G1 X103.534 Y108.582 E2.63343
;WIDTH:0.624686
G1 F618.806
G1 X102.972 Y108.292 E2.66892
;WIDTH:0.626434
G1 F616.952
G1 X102.524 Y107.974 E2.69984
G1 X102.02 Y107.47 E2.73996
;WIDTH:0.62744
G1 F615.89
G1 X101.837 Y107.23 E2.75698
G1 X101.546 Y106.743 E2.78897
;WIDTH:0.633744
G1 F609.319
G1 X101.31 Y106.151 E2.82529
G1 X101.191 Y105.684 E2.85275
;WIDTH:0.624752
G1 F618.735
G1 X101.131 Y105 E2.89128
;WIDTH:0.625808
G1 F617.614
G1 X101.185 Y104.388 E2.92582
G92 E0
G1 X105.201 Y100.648 F7800
;WIDTH:0.449999
G1 F884.349
G1 X105.562 Y100.67 E.0142
G1 X106.313 Y100.836 E.0444
G1 X106.909 Y101.084 E.06975
G1 X107.341 Y101.313 E.08895
G1 X107.802 Y101.651 E.11139
G1 X108.331 Y102.18 E.14076
G1 X108.573 Y102.49 E.1562
G1 X108.87 Y102.978 E.17863
G1 X109.147 Y103.647 E.20706
G1 X109.332 Y104.474 E.24033
G1 X109.364 Y105.032 E.26228
G1 X109.33 Y105.564 E.28321
G1 X109.164 Y106.313 E.31333
G1 X108.87 Y107.022 E.34347
G1 X108.58 Y107.499 E.36539
G1 X108.177 Y107.98 E.39003
G1 X107.812 Y108.341 E.41019
G1 X107.351 Y108.679 E.43263
G1 X106.671 Y109.033 E.46273
G1 X105.939 Y109.264 E.49287
G1 X105.387 Y109.349 E.5148
G1 X104.62 Y109.349 E.54492
G1 X103.864 Y109.216 E.57506
G1 X103.337 Y109.037 E.59691
G1 X102.634 Y108.664 E.62816
G1 X102.199 Y108.35 E.64923
G1 X101.669 Y107.82 E.67866
G1 X101.427 Y107.51 E.6941
G1 X101.15 Y107.054 E.71505
G1 X100.825 Y106.27 E.74837
G1 X100.698 Y105.727 E.77027
G1 X100.638 Y104.957 E.8006
G1 X100.709 Y104.198 E.83053
G1 X100.895 Y103.535 E.85757
G1 X101.123 Y102.99 E.88077
G1 X101.42 Y102.501 E.90323
M73 P72 R1
M73 Q72 S1
G1 X101.913 Y101.913 E.93336
G1 X102.501 Y101.42 E.96349
G1 X102.978 Y101.13 E.98541
G1 X103.693 Y100.834 E1.01579
G1 X104.233 Y100.702 E1.03762
G1 X105.027 Y100.638 E1.0689
G1 X105.141 Y100.645 E1.07338
G1 X105.21 Y100.237 F7800
;TYPE:External perimeter
G1 F884.349
G1 X105.621 Y100.266 E1.08956
G1 X106.436 Y100.447 E1.12234
G1 X107.065 Y100.708 E1.14908
G1 X107.563 Y100.972 E1.17121
G1 X108.067 Y101.341 E1.19574
G1 X108.619 Y101.892 E1.22636
G1 X108.91 Y102.259 E1.24475
G1 X109.234 Y102.794 E1.26931
G1 X109.523 Y103.491 E1.29894
G1 X109.617 Y103.854 E1.31366
G1 X109.738 Y104.448 E1.33746
G1 X109.771 Y105.059 E1.36149
G1 X109.734 Y105.621 E1.3836
G1 X109.553 Y106.436 E1.41638
G1 X109.234 Y107.206 E1.44911
G1 X108.912 Y107.737 E1.47349
G1 X108.489 Y108.241 E1.49933
G1 X108.071 Y108.656 E1.52246
G1 X107.567 Y109.026 E1.54701
G1 X106.827 Y109.411 E1.57976
G1 X106.031 Y109.662 E1.61253
G1 X105.418 Y109.756 E1.63688
G1 X104.584 Y109.756 E1.66963
G1 X103.762 Y109.611 E1.7024
G1 X103.175 Y109.412 E1.72674
G1 X102.383 Y108.992 E1.76194
G1 X101.933 Y108.659 E1.78392
G1 X101.382 Y108.108 E1.81452
G1 X101.09 Y107.741 E1.83293
G1 X100.766 Y107.206 E1.85749
G1 X100.446 Y106.434 E1.8903
G1 X100.298 Y105.831 E1.91468
G1 X100.226 Y105 E1.94743
G1 X100.291 Y104.259 E1.97664
G1 X100.393 Y103.756 E1.99679
G1 X100.555 Y103.271 E2.01687
G1 X100.764 Y102.797 E2.03721
G1 X101.088 Y102.263 E2.06173
G1 X101.624 Y101.624 E2.09448
G1 X102.263 Y101.088 E2.12723
G1 X102.794 Y100.766 E2.15161
G1 X103.566 Y100.446 E2.18442
G1 X104.168 Y100.299 E2.20875
G1 X105.062 Y100.227 E2.24397
G1 X105.15 Y100.233 E2.24743
G1 X105.549 Y100.261 F7800
;LAYER_CHANGE
;Z:6.35
;HEIGHT:0.2
G92 E0
G1 Z6.35 F7800
G1 X101.684 Y104.415
;TYPE:Perimeter
G1 F884.349
G1 X101.787 Y103.968 E.01801
G1 X102.024 Y103.425 E.04127
G1 X102.215 Y103.091 E.05638
G1 X102.547 Y102.675 E.07728
G1 X102.928 Y102.33 E.09746
G1 X103.458 Y101.999 E.122
G1 X104.009 Y101.782 E.14525
G1 X104.374 Y101.682 E.16011
G1 X104.926 Y101.62 E.18192
G1 X105.384 Y101.645 E.19993
G1 X106.08 Y101.799 E.22792
G1 X106.571 Y102.005 E.24883
G1 X107.191 Y102.434 E.27843
G1 X107.616 Y102.864 E.30217
G1 X108.015 Y103.481 E.33102
G1 X108.265 Y104.147 E.35895
G1 X108.368 Y104.751 E.38301
G1 X108.353 Y105.423 E.4094
G1 X108.21 Y106.044 E.43442
G1 X107.976 Y106.575 E.4572
G1 X107.785 Y106.909 E.47231
G1 X107.466 Y107.313 E.49252
G1 X107.11 Y107.638 E.51145
G1 X106.5 Y108.027 E.53986
G1 X105.796 Y108.284 E.56929
G1 X105.284 Y108.363 E.58963
G1 X104.676 Y108.358 E.6135
G1 X104.161 Y108.275 E.63398
G1 X103.381 Y107.964 E.66695
G1 X102.817 Y107.573 E.6939
G1 X102.388 Y107.136 E.71794
G1 X102.091 Y106.723 E.73791
M73 P73 R1
M73 Q73 S1
G1 X101.764 Y105.963 E.7704
G1 X101.628 Y105.213 E.80033
G1 X101.647 Y104.577 E.82531
G1 X101.671 Y104.474 E.82946
G1 X102.081 Y104.485 F7800
;TYPE:External perimeter
G1 F884.349
G1 X102.182 Y104.067 E.84634
G1 X102.389 Y103.605 E.86622
G1 X102.538 Y103.339 E.87819
G1 X102.869 Y102.933 E.89876
G1 X103.254 Y102.596 E.91885
G1 X103.724 Y102.314 E.94037
G1 X104.335 Y102.101 E.96578
G1 X104.884 Y102.028 E.98753
G1 X105.296 Y102.043 E1.00372
G1 X105.992 Y102.197 E1.03171
G1 X106.396 Y102.375 E1.04904
G1 X106.989 Y102.79 E1.07746
G1 X107.349 Y103.175 E1.09816
G1 X107.667 Y103.692 E1.12199
G1 X107.879 Y104.277 E1.14642
G1 X107.964 Y104.804 E1.16738
G1 X107.946 Y105.402 E1.19087
G1 X107.815 Y105.945 E1.2128
G1 X107.52 Y106.579 E1.24026
G1 X107.205 Y106.996 E1.26078
G1 X106.891 Y107.295 E1.2778
G1 X106.281 Y107.683 E1.30619
G1 X105.665 Y107.899 E1.33182
G1 X105.147 Y107.971 E1.35235
G1 X104.598 Y107.946 E1.37393
G1 X104.205 Y107.865 E1.38969
G1 X103.537 Y107.588 E1.41808
G1 X103.058 Y107.245 E1.44121
G1 X102.69 Y106.863 E1.46204
G1 X102.407 Y106.452 E1.48163
G1 X102.135 Y105.795 E1.50955
G1 X102.03 Y105.151 E1.53517
G1 X102.054 Y104.598 E1.5569
G1 X102.067 Y104.544 E1.55908
G1 X102.161 Y104.155 F7800
G1 X101.19 Y104.329
;TYPE:Perimeter
;WIDTH:0.624858
G1 F618.623
G1 X101.191 Y104.316 E1.55981
G1 X101.327 Y103.785 E1.59058
;WIDTH:0.63374
G1 F609.323
G1 X101.577 Y103.204 E1.62662
G1 X101.823 Y102.79 E1.65406
;WIDTH:0.624754
G1 F618.733
G1 X102.264 Y102.264 E1.69258
G1 X102.79 Y101.823 E1.7311
G1 X103.262 Y101.544 E1.76187
;WIDTH:0.633744
G1 F609.319
G1 X103.849 Y101.31 E1.79788
G1 X104.313 Y101.191 E1.82518
;WIDTH:0.624694
G1 F618.797
G1 X104.938 Y101.133 E1.8604
;WIDTH:0.62643
G1 F616.956
G1 X105.491 Y101.162 E1.89157
G1 X106.186 Y101.318 E1.93166
;WIDTH:0.622092
G1 F621.577
G1 X106.722 Y101.535 E1.96396
;WIDTH:0.640652
G1 F602.277
G1 X107.107 Y101.762 E1.98973
G1 X107.68 Y102.216 E2.03188
;WIDTH:0.627452
G1 F615.877
G1 X108.163 Y102.77 E2.07332
G1 X108.571 Y103.507 E2.12081
G1 X108.749 Y104.046 E2.15281
;WIDTH:0.62528
G1 F618.174
G1 X108.858 Y104.687 E2.18933
;WIDTH:0.626676
G1 F616.696
G1 X108.871 Y104.988 E2.20629
G1 X108.809 Y105.658 E2.24418
;WIDTH:0.625366
G1 F618.083
G1 X108.69 Y106.163 E2.27333
G1 X108.588 Y106.433 E2.28954
;WIDTH:0.618126
G1 F625.863
G1 X108.211 Y107.16 E2.33498
G1 X107.883 Y107.576 E2.36437
;WIDTH:0.62011
G1 F623.711
G1 X107.5 Y107.96 E2.39456
;WIDTH:0.642126
G1 F600.795
G1 X107.085 Y108.25 E2.42382
G1 X106.481 Y108.574 E2.46343
;WIDTH:0.625622
G1 F617.812
G1 X105.767 Y108.794 E2.50542
;WIDTH:0.616834
G1 F627.272
G1 X105.264 Y108.86 E2.5335
;WIDTH:0.627486
G1 F615.841
G1 X104.651 Y108.853 E2.56807
G1 X104.064 Y108.754 E2.60163
;WIDTH:0.640752
G1 F602.176
G1 X103.526 Y108.568 E2.63445
G1 X102.87 Y108.228 E2.67706
;WIDTH:0.629524
G1 F613.702
G1 X102.314 Y107.778 E2.71753
;WIDTH:0.62364
G1 F619.92
G1 X101.835 Y107.231 E2.75826
;WIDTH:0.626436
G1 F616.95
G1 X101.573 Y106.797 E2.78679
G1 X101.306 Y106.152 E2.82608
;WIDTH:0.633752
G1 F609.31
G1 X101.195 Y105.683 E2.85355
G1 X101.131 Y105 E2.89264
M73 P74 R1
M73 Q74 S1
;WIDTH:0.624858
G1 F618.623
G1 X101.184 Y104.388 E2.92712
G92 E0
G1 X105.201 Y100.645 F7800
;WIDTH:0.449999
G1 F884.349
G1 X105.562 Y100.67 E.01421
G1 X106.313 Y100.836 E.04441
G1 X106.909 Y101.084 E.06976
G1 X107.384 Y101.342 E.09098
G1 X107.801 Y101.65 E.11134
G1 X108.331 Y102.18 E.14077
G1 X108.587 Y102.513 E.15726
G1 X109.032 Y103.322 E.19351
G1 X109.204 Y103.828 E.21449
G1 X109.353 Y104.665 E.24787
G1 X109.367 Y104.993 E.26076
G1 X109.33 Y105.564 E.28323
G1 X109.164 Y106.313 E.31335
G1 X108.87 Y107.022 E.34349
G1 X108.58 Y107.499 E.36541
G1 X108.177 Y107.98 E.39005
G1 X107.812 Y108.341 E.41021
G1 X107.351 Y108.679 E.43265
G1 X106.671 Y109.033 E.46275
G1 X105.939 Y109.264 E.49289
G1 X105.387 Y109.349 E.51482
G1 X104.613 Y109.349 E.54521
G1 X104.061 Y109.264 E.56714
G1 X103.331 Y109.034 E.59719
G1 X102.605 Y108.65 E.62944
G1 X102.199 Y108.35 E.64926
G1 X101.669 Y107.82 E.67869
G1 X101.427 Y107.51 E.69413
G1 X101.13 Y107.022 E.71656
G1 X100.834 Y106.307 E.74694
G1 X100.701 Y105.764 E.76889
G1 X100.634 Y105 E.799
G1 X100.701 Y104.235 E.82915
G1 X100.834 Y103.693 E.85106
G1 X101.13 Y102.978 E.88144
G1 X101.42 Y102.501 E.90336
G1 X101.913 Y101.913 E.93349
G1 X102.501 Y101.42 E.96362
G1 X102.978 Y101.13 E.98554
G1 X103.693 Y100.834 E1.01592
G1 X104.234 Y100.702 E1.03779
G1 X105.059 Y100.635 E1.07029
G1 X105.141 Y100.641 E1.07352
G1 X105.21 Y100.237 F7800
;TYPE:External perimeter
G1 F884.349
G1 X105.621 Y100.266 E1.0897
G1 X106.436 Y100.447 E1.12248
G1 X107.15 Y100.743 E1.15283
G1 X107.609 Y101.002 E1.17352
G1 X108.067 Y101.341 E1.19589
G1 X108.619 Y101.893 E1.22654
G1 X108.91 Y102.259 E1.2449
G1 X109.211 Y102.755 E1.26768
G1 X109.41 Y103.171 E1.28579
G1 X109.589 Y103.697 E1.30761
G1 X109.759 Y104.647 E1.3455
G1 X109.775 Y104.998 E1.3593
G1 X109.734 Y105.621 E1.38381
G1 X109.553 Y106.436 E1.41659
G1 X109.234 Y107.206 E1.44932
G1 X108.912 Y107.737 E1.4737
G1 X108.489 Y108.241 E1.49954
G1 X108.071 Y108.656 E1.52267
G1 X107.567 Y109.026 E1.54722
G1 X106.827 Y109.411 E1.57997
G1 X106.031 Y109.662 E1.61274
G1 X105.418 Y109.756 E1.63709
G1 X104.582 Y109.756 E1.66992
G1 X103.969 Y109.662 E1.69427
G1 X103.174 Y109.411 E1.727
G1 X102.388 Y108.995 E1.76192
G1 X101.933 Y108.659 E1.78413
G1 X101.381 Y108.108 E1.81475
G1 X101.09 Y107.741 E1.83314
G1 X100.766 Y107.206 E1.8577
G1 X100.446 Y106.434 E1.89051
G1 X100.298 Y105.831 E1.91489
G1 X100.226 Y105 E1.94764
G1 X100.298 Y104.169 E1.98039
G1 X100.446 Y103.566 E2.00477
G1 X100.766 Y102.794 E2.03758
G1 X101.088 Y102.263 E2.06196
M73 P75 R1
G1 X101.624 Y101.624 E2.09471
M73 Q75 S1
G1 X102.263 Y101.088 E2.12746
G1 X102.794 Y100.766 E2.15184
G1 X103.566 Y100.446 E2.18465
G1 X104.168 Y100.299 E2.20898
G1 X105.057 Y100.227 E2.244
G1 X105.15 Y100.233 E2.24766
G1 X105.549 Y100.261 F7800
;LAYER_CHANGE
;Z:6.55
;HEIGHT:0.2
G92 E0
G1 Z6.55 F7800
G1 X101.685 Y104.415
;TYPE:Perimeter
G1 F884.349
G1 X101.787 Y103.968 E.018
G1 X102.024 Y103.425 E.04126
G1 X102.215 Y103.091 E.05637
G1 X102.544 Y102.677 E.07713
G1 X102.92 Y102.334 E.09711
G1 X103.46 Y101.998 E.12208
G1 X104.009 Y101.782 E.14524
G1 X104.375 Y101.682 E.16014
G1 X104.922 Y101.62 E.18176
G1 X105.384 Y101.645 E.19993
G1 X106.08 Y101.799 E.22792
G1 X106.573 Y102.006 E.24891
G1 X107.193 Y102.436 E.27854
G1 X107.616 Y102.864 E.30217
G1 X108.002 Y103.46 E.33005
G1 X108.214 Y103.998 E.35276
G1 X108.311 Y104.321 E.366
G1 X108.378 Y104.839 E.38651
G1 X108.353 Y105.419 E.4093
G1 X108.21 Y106.044 E.43447
G1 X107.971 Y106.586 E.45773
G1 X107.822 Y106.861 E.47001
G1 X107.475 Y107.304 E.49211
G1 X107.11 Y107.638 E.51154
G1 X106.5 Y108.027 E.53995
G1 X105.796 Y108.284 E.56938
G1 X105.284 Y108.363 E.58972
G1 X104.745 Y108.371 E.61089
G1 X103.92 Y108.201 E.64396
G1 X103.329 Y107.938 E.66936
G1 X102.881 Y107.631 E.69068
G1 X102.37 Y107.119 E.71908
G1 X101.998 Y106.54 E.7461
G1 X101.782 Y105.991 E.76926
G1 X101.689 Y105.679 E.78204
G1 X101.623 Y105.174 E.80204
G1 X101.647 Y104.581 E.82534
G1 X101.671 Y104.474 E.82965
G1 X102.081 Y104.485 F7800
;TYPE:External perimeter
G1 F884.349
G1 X102.182 Y104.066 E.84657
G1 X102.389 Y103.605 E.86641
G1 X102.538 Y103.339 E.87838
G1 X102.873 Y102.928 E.8992
G1 X103.259 Y102.596 E.91919
G1 X103.723 Y102.314 E.94051
G1 X104.335 Y102.101 E.96595
G1 X104.881 Y102.029 E.98757
G1 X105.296 Y102.043 E1.00387
G1 X105.992 Y102.197 E1.03186
G1 X106.396 Y102.375 E1.04919
G1 X106.989 Y102.79 E1.07761
G1 X107.349 Y103.175 E1.09831
G1 X107.654 Y103.671 E1.12117
G1 X107.899 Y104.335 E1.14896
G1 X107.971 Y104.853 E1.16949
G1 X107.947 Y105.399 E1.19095
G1 X107.815 Y105.945 E1.21301
G1 X107.499 Y106.613 E1.24203
G1 X107.187 Y107.016 E1.26204
G1 X106.891 Y107.295 E1.27801
G1 X106.281 Y107.683 E1.3064
G1 X105.665 Y107.899 E1.33203
G1 X105.148 Y107.971 E1.35253
G1 X104.715 Y107.96 E1.36954
G1 X104.008 Y107.803 E1.39798
G1 X103.504 Y107.57 E1.41978
G1 X103.161 Y107.335 E1.43611
G1 X102.658 Y106.831 E1.46407
G1 X102.346 Y106.329 E1.48728
G1 X102.092 Y105.626 E1.51663
G1 X102.028 Y105.111 E1.53701
G1 X102.053 Y104.601 E1.55706
G1 X102.067 Y104.544 E1.55936
G1 X102.161 Y104.155 F7800
G1 X101.19 Y104.329
;TYPE:Perimeter
;WIDTH:0.62512
G1 F618.344
G1 X101.191 Y104.316 E1.56009
G1 X101.327 Y103.786 E1.59082
;WIDTH:0.633742
G1 F609.321
G1 X101.577 Y103.204 E1.62692
G1 X101.823 Y102.79 E1.65436
;WIDTH:0.624756
G1 F618.731
G1 X102.264 Y102.264 E1.69288
;WIDTH:0.62744
G1 F615.89
G1 X102.791 Y101.824 E1.73159
G1 X103.257 Y101.546 E1.76218
;WIDTH:0.633746
G1 F609.316
G1 X103.849 Y101.31 E1.7985
G1 X104.313 Y101.191 E1.8258
;WIDTH:0.6247
G1 F618.791
M73 P76 R1
M73 Q76 S1
G1 X104.935 Y101.133 E1.86086
;WIDTH:0.626428
G1 F616.958
G1 X105.491 Y101.162 E1.8922
G1 X106.186 Y101.318 E1.93229
;WIDTH:0.622088
G1 F621.581
G1 X106.722 Y101.535 E1.96459
;WIDTH:0.63953
G1 F603.409
G1 X107.066 Y101.734 E1.98746
G1 X107.68 Y102.216 E2.03238
;WIDTH:0.627454
G1 F615.875
G1 X108.163 Y102.77 E2.07382
G1 X108.454 Y103.257 E2.10581
;WIDTH:0.63295
G1 F610.138
G1 X108.686 Y103.838 E2.14141
G1 X108.793 Y104.257 E2.16602
;WIDTH:0.626448
G1 F616.937
G1 X108.87 Y105 E2.20806
G1 X108.81 Y105.655 E2.24508
;WIDTH:0.625394
G1 F618.053
G1 X108.69 Y106.163 E2.27441
G1 X108.588 Y106.433 E2.29063
;WIDTH:0.616832
G1 F627.274
G1 X108.225 Y107.14 E2.33462
G1 X107.916 Y107.542 E2.36269
;WIDTH:0.614724
G1 F629.586
G1 X107.542 Y107.917 E2.3919
;WIDTH:0.64212
G1 F600.801
G1 X107.085 Y108.25 E2.42458
G1 X106.481 Y108.574 E2.46419
;WIDTH:0.625634
G1 F617.799
G1 X105.767 Y108.794 E2.50618
;WIDTH:0.616832
G1 F627.274
G1 X105.265 Y108.86 E2.53421
;WIDTH:0.61473
G1 F629.58
G1 X104.735 Y108.86 E2.56344
;WIDTH:0.642138
G1 F600.783
G1 X104.176 Y108.773 E2.59614
G1 X103.522 Y108.576 E2.63562
;WIDTH:0.624174
G1 F619.351
G1 X102.977 Y108.296 E2.66997
;WIDTH:0.626434
G1 F616.952
G1 X102.523 Y107.973 E2.70133
G1 X102.02 Y107.47 E2.74137
;WIDTH:0.627454
G1 F615.875
G1 X101.837 Y107.23 E2.75839
G1 X101.546 Y106.743 E2.79038
;WIDTH:0.633746
G1 F609.316
G1 X101.31 Y106.151 E2.8267
G1 X101.191 Y105.684 E2.85416
;WIDTH:0.624754
G1 F618.733
G1 X101.131 Y105 E2.89269
;WIDTH:0.62512
G1 X101.184 Y104.388 E2.92719
G92 E0
G1 X105.201 Y100.645 F7800
;WIDTH:0.449999
G1 F884.349
G1 X105.562 Y100.67 E.01421
G1 X106.313 Y100.836 E.04441
G1 X106.909 Y101.084 E.06976
G1 X107.341 Y101.313 E.08896
G1 X107.802 Y101.651 E.1114
G1 X108.331 Y102.18 E.14077
G1 X108.573 Y102.49 E.15621
G1 X108.87 Y102.978 E.17864
G1 X109.147 Y103.647 E.20707
G1 X109.332 Y104.474 E.24034
G1 X109.364 Y105.032 E.26229
G1 X109.33 Y105.564 E.28322
G1 X109.164 Y106.313 E.31334
G1 X108.88 Y106.998 E.34246
G1 X108.687 Y107.341 E.35791
G1 X108.349 Y107.802 E.38035
G1 X107.802 Y108.349 E.41072
G1 X107.351 Y108.679 E.43266
G1 X106.671 Y109.033 E.46276
G1 X105.939 Y109.264 E.4929
G1 X105.387 Y109.349 E.51483
G1 X104.613 Y109.349 E.54522
G1 X104.061 Y109.264 E.56715
G1 X103.331 Y109.034 E.5972
G1 X102.609 Y108.653 E.62925
G1 X102.199 Y108.35 E.64927
G1 X101.669 Y107.82 E.6787
G1 X101.427 Y107.51 E.69414
G1 X101.13 Y107.022 E.71657
G1 X100.834 Y106.307 E.74695
G1 X100.701 Y105.765 E.76886
G1 X100.634 Y105 E.79901
G1 X100.701 Y104.235 E.82916
G1 X100.834 Y103.693 E.85107
G1 X101.13 Y102.978 E.88145
G1 X101.42 Y102.501 E.90337
G1 X101.913 Y101.913 E.9335
G1 X102.501 Y101.42 E.96363
G1 X102.978 Y101.13 E.98555
G1 X103.693 Y100.834 E1.01593
G1 X104.234 Y100.702 E1.0378
G1 X105.054 Y100.635 E1.0701
M73 P77 R1
M73 Q77 S1
G1 X105.141 Y100.641 E1.07352
G1 X105.21 Y100.238 F7800
;TYPE:External perimeter
G1 F884.349
G1 X105.621 Y100.266 E1.0897
G1 X106.436 Y100.447 E1.12248
G1 X107.065 Y100.708 E1.14922
G1 X107.563 Y100.972 E1.17135
G1 X108.067 Y101.341 E1.19588
G1 X108.619 Y101.893 E1.22653
G1 X108.91 Y102.259 E1.24489
G1 X109.234 Y102.794 E1.26945
G1 X109.523 Y103.491 E1.29908
G1 X109.617 Y103.854 E1.3138
G1 X109.738 Y104.448 E1.3376
G1 X109.771 Y105.059 E1.36163
G1 X109.734 Y105.621 E1.38374
G1 X109.553 Y106.436 E1.41652
G1 X109.256 Y107.154 E1.44703
G1 X109.028 Y107.563 E1.46542
G1 X108.659 Y108.067 E1.48995
G1 X108.067 Y108.659 E1.52282
G1 X107.567 Y109.026 E1.54717
G1 X106.827 Y109.411 E1.57992
G1 X106.031 Y109.662 E1.61269
G1 X105.418 Y109.756 E1.63704
G1 X104.582 Y109.756 E1.66987
G1 X103.969 Y109.662 E1.69422
G1 X103.174 Y109.411 E1.72695
G1 X102.392 Y108.998 E1.76167
G1 X101.933 Y108.659 E1.78407
G1 X101.382 Y108.108 E1.81467
G1 X101.09 Y107.741 E1.83308
G1 X100.766 Y107.206 E1.85764
G1 X100.446 Y106.434 E1.89045
G1 X100.298 Y105.831 E1.91483
G1 X100.226 Y105 E1.94758
G1 X100.298 Y104.169 E1.98033
G1 X100.446 Y103.566 E2.00471
G1 X100.766 Y102.794 E2.03752
G1 X101.088 Y102.263 E2.0619
G1 X101.624 Y101.624 E2.09465
G1 X102.263 Y101.088 E2.1274
G1 X102.794 Y100.766 E2.15178
G1 X103.566 Y100.446 E2.18459
G1 X104.168 Y100.299 E2.20892
G1 X105.051 Y100.227 E2.24371
G1 X105.15 Y100.234 E2.24761
G1 X105.549 Y100.261 F7800
;LAYER_CHANGE
;Z:6.75
;HEIGHT:0.2
G92 E0
G1 Z6.75 F7800
G1 X101.685 Y104.415
;TYPE:Perimeter
G1 F884.349
G1 X101.787 Y103.967 E.01804
G1 X102.024 Y103.425 E.04127
G1 X102.215 Y103.091 E.05638
G1 X102.544 Y102.677 E.07714
G1 X102.92 Y102.334 E.09712
G1 X103.46 Y101.998 E.12209
G1 X104.009 Y101.782 E.14525
G1 X104.375 Y101.682 E.16015
G1 X104.919 Y101.62 E.18165
G1 X105.384 Y101.645 E.19993
G1 X106.08 Y101.799 E.22792
G1 X106.572 Y102.005 E.24886
G1 X107.191 Y102.435 E.27845
G1 X107.594 Y102.844 E.301
G1 X107.909 Y103.276 E.32199
G1 X108.202 Y103.92 E.34977
G1 X108.335 Y104.571 E.37586
G1 X108.376 Y104.964 E.39137
G1 X108.337 Y105.533 E.41376
G1 X108.197 Y106.095 E.4365
G1 X107.885 Y106.759 E.46531
G1 X107.579 Y107.177 E.48565
G1 X107.204 Y107.564 E.50681
G1 X106.53 Y108.007 E.53848
G1 X106.055 Y108.212 E.55879
G1 X105.263 Y108.364 E.59046
G1 X104.675 Y108.358 E.61355
G1 X104.162 Y108.276 E.63395
G1 X103.381 Y107.964 E.66697
G1 X102.952 Y107.691 E.68694
G1 X102.37 Y107.119 E.71898
G1 X101.998 Y106.54 E.746
G1 X101.782 Y105.991 E.76916
G1 X101.681 Y105.619 E.7843
G1 X101.621 Y105.091 E.80517
G1 X101.646 Y104.584 E.8251
G1 X101.671 Y104.474 E.82953
G1 X102.078 Y104.485 F7800
;TYPE:External perimeter
G1 F884.349
G1 X102.198 Y104.003 E.84903
G1 X102.48 Y103.421 E.87442
M73 P78 R1
M73 Q78 S1
G1 X102.873 Y102.928 E.89918
G1 X103.259 Y102.596 E.91917
G1 X103.723 Y102.314 E.94049
G1 X104.335 Y102.101 E.96593
G1 X104.878 Y102.029 E.98744
G1 X105.296 Y102.043 E1.00386
G1 X105.992 Y102.197 E1.03185
G1 X106.396 Y102.375 E1.04918
G1 X106.989 Y102.79 E1.0776
G1 X107.364 Y103.196 E1.0993
G1 X107.586 Y103.532 E1.11511
G1 X107.829 Y104.084 E1.13879
G1 X107.934 Y104.641 E1.16105
G1 X107.97 Y104.944 E1.17303
G1 X107.931 Y105.478 E1.19405
G1 X107.802 Y105.997 E1.21505
G1 X107.52 Y106.579 E1.24044
G1 X107.205 Y106.996 E1.26096
G1 X106.891 Y107.295 E1.27798
G1 X106.281 Y107.683 E1.30637
G1 X105.869 Y107.844 E1.32374
G1 X105.156 Y107.969 E1.35216
G1 X104.604 Y107.947 E1.37385
G1 X104.205 Y107.865 E1.38984
G1 X103.537 Y107.588 E1.41823
G1 X103.16 Y107.334 E1.43608
G1 X102.658 Y106.831 E1.46398
G1 X102.345 Y106.329 E1.48721
G1 X102.168 Y105.86 E1.50689
G1 X102.084 Y105.566 E1.5189
G1 X102.031 Y105.044 E1.5395
G1 X102.065 Y104.543 E1.55922
G1 X102.161 Y104.155 F7800
G1 X101.19 Y104.329
;TYPE:Perimeter
;WIDTH:0.625382
G1 F618.066
G1 X101.191 Y104.316 E1.55995
G1 X101.327 Y103.786 E1.59069
;WIDTH:0.63374
G1 F609.323
G1 X101.577 Y103.204 E1.62679
G1 X101.823 Y102.79 E1.65423
;WIDTH:0.624752
G1 F618.735
G1 X102.264 Y102.264 E1.69275
;WIDTH:0.627452
G1 F615.877
G1 X102.791 Y101.824 E1.73146
G1 X103.257 Y101.546 E1.76205
;WIDTH:0.63375
G1 F609.312
G1 X103.849 Y101.31 E1.79837
G1 X104.313 Y101.191 E1.82567
;WIDTH:0.624712
G1 F618.778
G1 X104.931 Y101.133 E1.8605
;WIDTH:0.626432
G1 F616.954
G1 X105.492 Y101.162 E1.89212
G1 X106.186 Y101.318 E1.93215
;WIDTH:0.622092
G1 F621.577
G1 X106.722 Y101.535 E1.96445
;WIDTH:0.640432
G1 F602.498
G1 X107.099 Y101.756 E1.98964
G1 X107.684 Y102.221 E2.03271
;WIDTH:0.612322
G1 F632.242
G1 X108.027 Y102.595 E2.06058
G1 X108.315 Y103.007 E2.08819
;WIDTH:0.634446
G1 F608.595
G1 X108.566 Y103.508 E2.12016
G1 X108.725 Y103.975 E2.14831
;WIDTH:0.640578
G1 F602.351
G1 X108.829 Y104.483 E2.1782
G1 X108.87 Y104.933 E2.20425
;WIDTH:0.61876
G1 F625.174
G1 X108.836 Y105.482 E2.2348
;WIDTH:0.634996
G1 F608.03
G1 X108.738 Y105.989 E2.26429
G1 X108.58 Y106.47 E2.2932
;WIDTH:0.625874
G1 F617.544
G1 X108.225 Y107.14 E2.33583
;WIDTH:0.616828
G1 F627.278
G1 X107.916 Y107.542 E2.3639
;WIDTH:0.614724
G1 F629.586
G1 X107.542 Y107.917 E2.39311
;WIDTH:0.639528
G1 F603.411
G1 X107.227 Y108.158 E2.41593
G1 X106.765 Y108.443 E2.44717
;WIDTH:0.622104
G1 F621.564
G1 X106.232 Y108.668 E2.47949
;WIDTH:0.639532
G1 F603.407
G1 X105.849 Y108.77 E2.5023
G1 X105.067 Y108.864 E2.54762
;WIDTH:0.6175
G1 F626.545
G1 X104.56 Y108.844 E2.57574
G1 X104.065 Y108.754 E2.60362
;WIDTH:0.641076
G1 F601.85
G1 X103.522 Y108.567 E2.63675
G1 X103.004 Y108.314 E2.67001
;WIDTH:0.626434
G1 F616.952
G1 X102.522 Y107.972 E2.70327
G1 X102.02 Y107.47 E2.74323
;WIDTH:0.62746
G1 F615.869
G1 X101.837 Y107.23 E2.76025
G1 X101.546 Y106.743 E2.79224
;WIDTH:0.633744
G1 F609.319
G1 X101.31 Y106.151 E2.82856
G1 X101.191 Y105.684 E2.85602
;WIDTH:0.624752
G1 F618.735
G1 X101.131 Y105 E2.89455
;WIDTH:0.625382
G1 X101.185 Y104.388 E2.92907
G92 E0
G1 X105.201 Y100.645 F7800
;WIDTH:0.449999
G1 F884.349
M73 P79 R1
G1 X105.563 Y100.67 E.01425
G1 X106.313 Y100.836 E.04441
M73 Q79 S1
G1 X106.909 Y101.084 E.06976
G1 X107.376 Y101.337 E.09061
G1 X107.801 Y101.65 E.11133
G1 X108.343 Y102.193 E.14145
G1 X108.805 Y102.86 E.17331
G1 X109.031 Y103.322 E.1935
G1 X109.191 Y103.829 E.21437
G1 X109.331 Y104.451 E.2394
G1 X109.366 Y104.994 E.26076
G1 X109.32 Y105.524 E.28165
G1 X109.22 Y106.124 E.30553
G1 X109.036 Y106.665 E.32797
G1 X108.679 Y107.351 E.35833
G1 X108.349 Y107.802 E.38027
G1 X107.888 Y108.263 E.40587
G1 X107.51 Y108.573 E.42506
G1 X107.022 Y108.87 E.44749
G1 X106.419 Y109.119 E.47311
G1 X105.952 Y109.262 E.49229
G1 X105.387 Y109.349 E.51474
G1 X104.613 Y109.349 E.54513
G1 X104.061 Y109.264 E.56706
G1 X103.329 Y109.033 E.5972
G1 X102.649 Y108.679 E.6273
G1 X102.198 Y108.349 E.64924
G1 X101.669 Y107.82 E.67861
G1 X101.427 Y107.51 E.69405
G1 X101.13 Y107.022 E.71648
G1 X100.834 Y106.307 E.74686
G1 X100.701 Y105.764 E.76881
G1 X100.634 Y105 E.79892
G1 X100.701 Y104.235 E.82907
G1 X100.834 Y103.693 E.85098
G1 X101.13 Y102.978 E.88136
G1 X101.42 Y102.501 E.90328
G1 X101.913 Y101.913 E.93341
G1 X102.501 Y101.42 E.96354
G1 X102.978 Y101.13 E.98546
G1 X103.693 Y100.834 E1.01584
G1 X104.234 Y100.702 E1.03771
G1 X105.049 Y100.635 E1.06982
G1 X105.141 Y100.641 E1.07344
G1 X105.21 Y100.238 F7800
;TYPE:External perimeter
G1 F884.349
G1 X105.621 Y100.266 E1.08962
G1 X106.436 Y100.447 E1.1224
G1 X107.151 Y100.743 E1.15278
G1 X107.6 Y100.996 E1.17302
G1 X108.067 Y101.341 E1.19582
G1 X108.657 Y101.931 E1.22858
G1 X109.157 Y102.653 E1.26306
G1 X109.41 Y103.171 E1.2857
G1 X109.644 Y103.914 E1.31629
G1 X109.737 Y104.424 E1.33665
G1 X109.774 Y104.998 E1.35923
G1 X109.71 Y105.731 E1.38812
G1 X109.613 Y106.233 E1.4082
G1 X109.412 Y106.825 E1.43275
G1 X109.026 Y107.567 E1.46559
G1 X108.659 Y108.067 E1.48994
G1 X108.175 Y108.551 E1.51682
G1 X107.741 Y108.91 E1.53894
G1 X107.206 Y109.234 E1.5635
G1 X106.575 Y109.496 E1.59033
G1 X106.036 Y109.661 E1.61246
G1 X105.418 Y109.756 E1.63701
G1 X104.582 Y109.756 E1.66984
G1 X103.969 Y109.662 E1.69419
G1 X103.173 Y109.411 E1.72696
G1 X102.433 Y109.026 E1.75971
G1 X101.933 Y108.659 E1.78406
G1 X101.382 Y108.108 E1.81466
G1 X101.09 Y107.741 E1.83307
G1 X100.766 Y107.206 E1.85763
G1 X100.446 Y106.434 E1.89044
G1 X100.298 Y105.831 E1.91482
G1 X100.226 Y105 E1.94757
G1 X100.298 Y104.169 E1.98032
G1 X100.446 Y103.566 E2.0047
G1 X100.766 Y102.794 E2.03751
G1 X101.088 Y102.263 E2.06189
G1 X101.624 Y101.624 E2.09464
G1 X102.263 Y101.088 E2.12739
G1 X102.794 Y100.766 E2.15177
G1 X103.566 Y100.446 E2.18458
G1 X104.168 Y100.299 E2.20891
M73 P80 R1
G1 X105.046 Y100.227 E2.2435
M73 Q80 S1
G1 X105.15 Y100.234 E2.24759
G1 X105.549 Y100.261 F7800
;LAYER_CHANGE
;Z:6.95
;HEIGHT:0.2
G92 E0
G1 Z6.95 F7800
G1 X101.677 Y104.414
;TYPE:Perimeter
G1 F884.349
G1 X101.803 Y103.905 E.02059
G1 X102.04 Y103.394 E.04271
G1 X102.214 Y103.092 E.0564
G1 X102.544 Y102.677 E.07722
G1 X102.92 Y102.334 E.0972
G1 X103.46 Y101.998 E.12217
G1 X104.009 Y101.782 E.14533
G1 X104.376 Y101.682 E.16027
G1 X104.916 Y101.62 E.18161
G1 X105.385 Y101.645 E.20005
G1 X106.08 Y101.799 E.228
G1 X106.564 Y102.019 E.24888
G1 X106.861 Y102.178 E.26211
G1 X107.275 Y102.498 E.28266
G1 X107.664 Y102.92 E.3052
G1 X107.932 Y103.344 E.3249
G1 X108.101 Y103.666 E.33918
G1 X108.284 Y104.204 E.36149
G1 X108.374 Y104.799 E.38512
G1 X108.354 Y105.413 E.40924
G1 X108.197 Y106.095 E.43672
G1 X107.987 Y106.553 E.4565
G1 X107.785 Y106.909 E.47257
G1 X107.466 Y107.313 E.49278
G1 X107.11 Y107.638 E.51171
G1 X106.5 Y108.027 E.54012
G1 X105.979 Y108.222 E.56196
G1 X105.679 Y108.311 E.57425
G1 X105.121 Y108.379 E.59632
G1 X104.627 Y108.357 E.61574
G1 X103.92 Y108.201 E.64417
G1 X103.335 Y107.941 E.66931
G1 X102.881 Y107.631 E.6909
G1 X102.37 Y107.119 E.7193
G1 X101.998 Y106.54 E.74632
G1 X101.787 Y106.004 E.76894
G1 X101.689 Y105.679 E.78227
G1 X101.624 Y105.037 E.80761
G1 X101.663 Y104.472 E.82985
G1 X102.079 Y104.485 F7800
;TYPE:External perimeter
G1 F884.349
G1 X102.198 Y104.003 E.84934
G1 X102.48 Y103.421 E.87473
G1 X102.795 Y103.004 E.89525
G1 X103.175 Y102.651 E.91561
G1 X103.671 Y102.346 E.93847
G1 X104.14 Y102.168 E.95817
G1 X104.427 Y102.086 E.96989
G1 X105.025 Y102.03 E.99347
G1 X105.297 Y102.043 E1.00416
G1 X105.992 Y102.197 E1.03211
G1 X106.579 Y102.48 E1.0577
G1 X106.996 Y102.795 E1.07822
G1 X107.362 Y103.193 E1.09945
G1 X107.686 Y103.724 E1.12387
G1 X107.899 Y104.335 E1.14928
G1 X107.971 Y104.853 E1.16981
G1 X107.948 Y105.393 E1.19103
G1 X107.802 Y105.997 E1.21543
G1 X107.52 Y106.579 E1.24082
G1 X107.205 Y106.996 E1.26134
G1 X106.891 Y107.295 E1.27836
G1 X106.281 Y107.683 E1.30675
G1 X105.665 Y107.899 E1.33238
G1 X105.148 Y107.971 E1.35288
G1 X104.715 Y107.96 E1.36989
G1 X104.008 Y107.803 E1.39833
G1 X103.509 Y107.573 E1.4199
G1 X103.16 Y107.334 E1.43651
G1 X102.658 Y106.831 E1.46441
G1 X102.346 Y106.329 E1.48762
G1 X102.101 Y105.665 E1.51541
G1 X102.03 Y105.057 E1.53945
G1 X102.066 Y104.543 E1.55968
G1 X102.161 Y104.155 F7800
G1 X101.19 Y104.329
;TYPE:Perimeter
;WIDTH:0.625636
G1 F617.797
G1 X101.191 Y104.316 E1.56041
G1 X101.327 Y103.787 E1.59111
;WIDTH:0.632156
G1 F610.961
G1 X101.593 Y103.173 E1.62914
G1 X101.822 Y102.791 E1.65445
;WIDTH:0.624822
G1 F618.661
G1 X102.264 Y102.264 E1.69306
;WIDTH:0.62744
G1 F615.89
G1 X102.791 Y101.824 E1.73177
G1 X103.257 Y101.546 E1.76236
;WIDTH:0.633746
G1 F609.316
G1 X103.849 Y101.31 E1.79868
G1 X104.314 Y101.191 E1.82603
;WIDTH:0.624718
G1 F618.771
G1 X104.928 Y101.133 E1.86064
;WIDTH:0.626432
G1 F616.954
G1 X105.492 Y101.162 E1.89243
G1 X106.186 Y101.318 E1.93246
;WIDTH:0.632956
G1 F610.132
G1 X106.785 Y101.572 E1.96949
G1 X107.157 Y101.793 E1.99412
M73 P81 R1
;WIDTH:0.625016
G1 F618.455
M73 Q81 S1
G1 X107.728 Y102.255 E2.03536
;WIDTH:0.627068
G1 F616.282
G1 X108.182 Y102.798 E2.07524
G1 X108.57 Y103.507 E2.12078
;WIDTH:0.6259
G1 F617.517
G1 X108.747 Y104.047 E2.15273
;WIDTH:0.63053
G1 F612.651
G1 X108.834 Y104.483 E2.17793
G1 X108.87 Y104.988 E2.20662
;WIDTH:0.627546
G1 F615.778
G1 X108.807 Y105.696 E2.2467
G1 X108.645 Y106.301 E2.28202
;WIDTH:0.635854
G1 F607.15
G1 X108.435 Y106.774 E2.31162
G1 X108.177 Y107.21 E2.34059
;WIDTH:0.624746
G1 F618.742
G1 X107.803 Y107.666 E2.37369
;WIDTH:0.612074
G1 F632.518
G1 X107.372 Y108.05 E2.40538
;WIDTH:0.628412
G1 F614.868
G1 X106.797 Y108.426 E2.44418
G1 X106.524 Y108.55 E2.46111
;WIDTH:0.616832
G1 F627.274
G1 X105.767 Y108.794 E2.50514
G1 X105.265 Y108.86 E2.53317
;WIDTH:0.614728
G1 F629.582
G1 X104.735 Y108.86 E2.5624
;WIDTH:0.642138
G1 F600.783
G1 X104.176 Y108.773 E2.5951
G1 X103.519 Y108.575 E2.63476
;WIDTH:0.624548
G1 F618.952
G1 X102.982 Y108.301 E2.66858
;WIDTH:0.626434
G1 F616.952
G1 X102.522 Y107.972 E2.70041
G1 X102.02 Y107.47 E2.74037
;WIDTH:0.627448
G1 F615.882
G1 X101.837 Y107.23 E2.75739
G1 X101.546 Y106.743 E2.78938
;WIDTH:0.632784
G1 F610.31
G1 X101.315 Y106.165 E2.82479
G1 X101.209 Y105.743 E2.84955
;WIDTH:0.625078
G1 F618.389
G1 X101.13 Y105.013 E2.89078
;WIDTH:0.625636
G1 F617.797
G1 X101.185 Y104.388 E2.92604
G92 E0
G1 X105.201 Y100.645 F7800
;WIDTH:0.449999
G1 F884.349
G1 X105.563 Y100.67 E.01425
G1 X106.313 Y100.836 E.04441
G1 X107.016 Y101.128 E.0743
G1 X107.663 Y101.54 E.10442
G1 X108.083 Y101.908 E.12635
G1 X108.423 Y102.314 E.14714
G1 X108.796 Y102.843 E.17256
G1 X109.031 Y103.322 E.19351
G1 X109.22 Y103.923 E.21825
G1 X109.331 Y104.45 E.2394
G1 X109.363 Y105.031 E.26225
G1 X109.291 Y105.803 E.29269
G1 X109.107 Y106.458 E.3194
G1 X108.877 Y107.01 E.34288
G1 X108.58 Y107.499 E.36534
G1 X108.087 Y108.087 E.39547
G1 X107.499 Y108.58 E.4256
G1 X107.022 Y108.87 E.44752
G1 X106.331 Y109.156 E.47688
G1 X105.952 Y109.262 E.49233
G1 X105.387 Y109.349 E.51478
G1 X104.613 Y109.349 E.54517
G1 X104.061 Y109.264 E.5671
G1 X103.329 Y109.033 E.59724
G1 X102.649 Y108.679 E.62734
G1 X102.198 Y108.349 E.64928
G1 X101.669 Y107.82 E.67865
G1 X101.427 Y107.51 E.69409
G1 X101.13 Y107.022 E.71652
G1 X100.837 Y106.314 E.74661
G1 X100.666 Y105.527 E.77823
G1 X100.634 Y105.007 E.79869
G1 X100.701 Y104.235 E.82912
G1 X100.834 Y103.695 E.85096
G1 X101.148 Y102.946 E.88285
G1 X101.419 Y102.502 E.90327
G1 X101.913 Y101.913 E.93345
G1 X102.501 Y101.42 E.96358
G1 X102.978 Y101.13 E.9855
G1 X103.693 Y100.834 E1.01588
G1 X104.234 Y100.702 E1.03775
G1 X105.044 Y100.635 E1.06966
G1 X105.141 Y100.641 E1.07348
G1 X105.21 Y100.238 F7800
;TYPE:External perimeter
G1 F884.349
G1 X105.621 Y100.266 E1.08966
G1 X106.436 Y100.447 E1.12244
G1 X107.204 Y100.765 E1.15508
G1 X107.908 Y101.213 E1.18784
G1 X108.375 Y101.623 E1.21224
M73 P82 R1
M73 Q82 S1
G1 X108.874 Y102.217 E1.2427
G1 X109.152 Y102.644 E1.26271
G1 X109.41 Y103.171 E1.28575
G1 X109.645 Y103.915 E1.31639
G1 X109.737 Y104.424 E1.3367
G1 X109.774 Y104.998 E1.35928
G1 X109.711 Y105.727 E1.38801
G1 X109.613 Y106.233 E1.40825
G1 X109.446 Y106.725 E1.42865
G1 X109.236 Y107.203 E1.44915
G1 X108.912 Y107.737 E1.47367
G1 X108.376 Y108.376 E1.50642
G1 X107.737 Y108.912 E1.53917
G1 X107.206 Y109.234 E1.56355
G1 X106.486 Y109.532 E1.59415
G1 X106.036 Y109.661 E1.61253
G1 X105.418 Y109.756 E1.63708
G1 X104.582 Y109.756 E1.66991
G1 X103.969 Y109.662 E1.69426
G1 X103.173 Y109.411 E1.72703
G1 X102.433 Y109.026 E1.75978
G1 X101.933 Y108.659 E1.78413
G1 X101.382 Y108.108 E1.81473
G1 X101.09 Y107.741 E1.83314
G1 X100.766 Y107.206 E1.8577
G1 X100.447 Y106.436 E1.89043
G1 X100.262 Y105.583 E1.9247
G1 X100.226 Y105.002 E1.94756
G1 X100.298 Y104.169 E1.98039
G1 X100.446 Y103.567 E2.00473
G1 X100.785 Y102.76 E2.0391
G1 X101.088 Y102.263 E2.06196
G1 X101.624 Y101.624 E2.09471
G1 X102.263 Y101.088 E2.12746
G1 X102.794 Y100.766 E2.15184
G1 X103.566 Y100.446 E2.18465
G1 X104.169 Y100.299 E2.20902
G1 X105.041 Y100.226 E2.24338
G1 X105.15 Y100.234 E2.24767
G1 X105.549 Y100.261 F7800
;LAYER_CHANGE
;Z:7.15
;HEIGHT:0.2
G92 E0
G1 Z7.15 F7800
G1 X101.684 Y104.415
;TYPE:Perimeter
G1 F884.349
G1 X101.754 Y104.102 E.01259
G1 X101.863 Y103.752 E.02698
G1 X102.115 Y103.241 E.04935
G1 X102.525 Y102.696 E.07613
G1 X102.917 Y102.338 E.09697
G1 X103.361 Y102.057 E.1176
G1 X103.689 Y101.891 E.13203
G1 X104.204 Y101.716 E.15339
G1 X104.82 Y101.625 E.17784
G1 X105.373 Y101.643 E.19956
G1 X106.08 Y101.799 E.22799
G1 X106.572 Y102.006 E.24895
G1 X107.192 Y102.435 E.27855
G1 X107.614 Y102.864 E.30218
G1 X108.014 Y103.48 E.33102
G1 X108.265 Y104.147 E.359
G1 X108.368 Y104.751 E.38306
G1 X108.355 Y105.409 E.4089
G1 X108.21 Y106.044 E.43447
G1 X107.972 Y106.584 E.45764
G1 X107.822 Y106.861 E.47001
G1 X107.475 Y107.304 E.49211
G1 X107.11 Y107.638 E.51154
G1 X106.499 Y108.027 E.53998
G1 X105.927 Y108.251 E.5641
G1 X105.274 Y108.363 E.59011
G1 X104.675 Y108.359 E.61363
G1 X104.162 Y108.276 E.63403
G1 X103.381 Y107.965 E.66704
G1 X102.952 Y107.691 E.68703
G1 X102.37 Y107.119 E.71907
G1 X101.998 Y106.54 E.74609
G1 X101.787 Y106.004 E.76871
G1 X101.689 Y105.679 E.78204
G1 X101.622 Y105.159 E.80263
G1 X101.645 Y104.591 E.82495
G1 X101.671 Y104.474 E.82966
G1 X102.082 Y104.485 F7800
;TYPE:External perimeter
G1 F884.349
G1 X102.198 Y104.003 E.84913
G1 X102.48 Y103.421 E.87452
G1 X102.813 Y102.984 E.89609
G1 X103.191 Y102.64 E.91616
G1 X103.724 Y102.314 E.94069
G1 X104.335 Y102.101 E.9661
G1 X104.872 Y102.029 E.98737
G1 X105.297 Y102.043 E1.00407
M73 P83 R1
M73 Q83 S1
G1 X105.992 Y102.197 E1.03202
G1 X106.396 Y102.375 E1.04935
G1 X106.989 Y102.79 E1.07777
G1 X107.36 Y103.191 E1.09922
G1 X107.666 Y103.69 E1.1222
G1 X107.879 Y104.277 E1.14672
G1 X107.964 Y104.804 E1.16768
G1 X107.948 Y105.39 E1.1907
G1 X107.814 Y105.947 E1.21319
G1 X107.499 Y106.613 E1.24212
G1 X107.187 Y107.016 E1.26213
G1 X106.891 Y107.295 E1.2781
G1 X106.281 Y107.684 E1.30651
G1 X105.787 Y107.868 E1.32721
G1 X105.212 Y107.961 E1.35008
G1 X104.694 Y107.952 E1.37042
G1 X104.205 Y107.865 E1.38992
G1 X103.537 Y107.588 E1.41831
G1 X103.16 Y107.334 E1.43616
G1 X102.658 Y106.831 E1.46406
G1 X102.346 Y106.329 E1.48727
G1 X102.101 Y105.665 E1.51506
G1 X102.029 Y105.147 E1.53559
G1 X102.052 Y104.61 E1.55669
G1 X102.068 Y104.544 E1.55936
G1 X102.161 Y104.155 F7800
G1 X101.191 Y104.329
;TYPE:Perimeter
;WIDTH:0.627382
G1 F615.951
G1 X101.193 Y104.307 E1.56061
G1 X101.419 Y103.533 E1.60607
;WIDTH:0.625612
G1 F617.822
G1 X101.789 Y102.84 E1.65022
;WIDTH:0.618256
G1 F625.721
G1 X102.22 Y102.316 E1.68787
;WIDTH:0.606522
G1 F638.749
G1 X102.762 Y101.852 E1.72666
;WIDTH:0.612252
G1 F632.32
G1 X103.345 Y101.501 E1.76403
;WIDTH:0.635858
G1 F607.146
G1 X103.826 Y101.316 E1.7935
G1 X104.314 Y101.191 E1.82231
;WIDTH:0.624728
G1 F618.761
G1 X104.924 Y101.133 E1.8567
;WIDTH:0.62643
G1 F616.956
G1 X105.492 Y101.162 E1.88871
G1 X106.186 Y101.318 E1.92874
;WIDTH:0.622092
G1 F621.577
G1 X106.722 Y101.535 E1.96104
;WIDTH:0.64022
G1 F602.712
G1 X107.091 Y101.751 E1.98567
G1 X107.684 Y102.22 E2.02923
;WIDTH:0.625816
G1 F617.606
G1 X108.164 Y102.769 E2.07023
;WIDTH:0.627416
G1 F615.915
G1 X108.571 Y103.507 E2.11774
G1 X108.749 Y104.046 E2.14974
;WIDTH:0.625278
G1 F618.176
G1 X108.858 Y104.687 E2.18626
;WIDTH:0.626546
G1 F616.833
G1 X108.871 Y104.988 E2.20322
G1 X108.812 Y105.644 E2.2403
;WIDTH:0.625472
G1 F617.971
G1 X108.69 Y106.163 E2.27026
G1 X108.588 Y106.433 E2.28648
;WIDTH:0.618042
G1 F625.954
G1 X108.224 Y107.143 E2.33074
G1 X107.916 Y107.542 E2.3587
;WIDTH:0.614724
G1 F629.586
G1 X107.542 Y107.917 E2.38791
;WIDTH:0.642134
G1 F600.787
G1 X107.085 Y108.25 E2.42059
G1 X106.481 Y108.575 E2.46023
;WIDTH:0.627444
G1 F615.886
G1 X105.826 Y108.78 E2.49893
G1 X105.068 Y108.864 E2.54193
;WIDTH:0.617644
G1 F626.388
G1 X104.567 Y108.845 E2.56972
G1 X104.066 Y108.754 E2.59795
;WIDTH:0.641074
G1 F601.852
G1 X103.522 Y108.567 E2.63114
G1 X103.004 Y108.314 E2.6644
;WIDTH:0.626438
G1 F616.948
G1 X102.522 Y107.972 E2.69766
G1 X102.02 Y107.47 E2.73762
;WIDTH:0.627448
G1 F615.882
G1 X101.837 Y107.23 E2.75464
G1 X101.546 Y106.743 E2.78663
;WIDTH:0.632806
G1 F610.287
G1 X101.315 Y106.164 E2.8221
G1 X101.208 Y105.743 E2.84682
;WIDTH:0.625038
G1 F618.431
G1 X101.13 Y105.013 E2.88804
;WIDTH:0.627382
G1 F615.951
G1 X101.185 Y104.388 E2.92341
G92 E0
G1 X105.201 Y100.646 F7800
;WIDTH:0.449999
G1 F884.349
G1 X105.563 Y100.67 E.01424
G1 X106.313 Y100.836 E.0444
G1 X106.909 Y101.084 E.06975
G1 X107.367 Y101.331 E.09018
G1 X107.801 Y101.651 E.11135
G1 X108.331 Y102.18 E.14075
G1 X108.587 Y102.513 E.15724
G1 X109.032 Y103.322 E.19349
M73 P84 R1
G1 X109.204 Y103.828 E.21447
M73 Q84 S1
G1 X109.353 Y104.665 E.24785
G1 X109.367 Y104.993 E.26074
G1 X109.33 Y105.564 E.28321
G1 X109.164 Y106.313 E.31333
G1 X108.881 Y106.995 E.34232
G1 X108.669 Y107.367 E.35913
G1 X108.349 Y107.801 E.3803
G1 X107.802 Y108.349 E.4107
G1 X107.351 Y108.679 E.43264
G1 X106.671 Y109.033 E.46274
G1 X105.939 Y109.264 E.49288
G1 X105.387 Y109.349 E.51481
G1 X104.613 Y109.349 E.5452
G1 X104.061 Y109.264 E.56713
G1 X103.329 Y109.033 E.59727
G1 X102.649 Y108.679 E.62737
G1 X102.198 Y108.349 E.64931
G1 X101.669 Y107.82 E.67868
G1 X101.427 Y107.51 E.69412
G1 X101.13 Y107.022 E.71655
G1 X100.837 Y106.314 E.74664
G1 X100.667 Y105.532 E.77806
G1 X100.634 Y105.007 E.79871
G1 X100.68 Y104.482 E.8194
G1 X100.789 Y103.846 E.84474
G1 X100.963 Y103.337 E.86586
G1 X101.339 Y102.622 E.89758
G1 X101.651 Y102.199 E.91822
M73 P84 R0
G1 X102.193 Y101.657 E.94832
G1 X102.82 Y101.222 E.97828
G1 X103.13 Y101.063 E.99196
M73 Q84 S0
G1 X103.68 Y100.837 E1.01531
G1 X104.234 Y100.702 E1.0377
G1 X105.038 Y100.635 E1.06938
G1 X105.141 Y100.642 E1.07343
G1 X105.21 Y100.238 F7800
;TYPE:External perimeter
G1 F884.349
G1 X105.621 Y100.266 E1.08961
G1 X106.436 Y100.447 E1.12239
G1 X107.152 Y100.743 E1.15281
G1 X107.591 Y100.99 E1.17259
G1 X108.067 Y101.341 E1.19581
G1 X108.619 Y101.893 E1.22646
G1 X108.91 Y102.259 E1.24482
G1 X109.211 Y102.755 E1.2676
G1 X109.41 Y103.171 E1.28571
G1 X109.589 Y103.697 E1.30753
G1 X109.759 Y104.647 E1.34542
G1 X109.775 Y104.998 E1.35922
G1 X109.734 Y105.621 E1.38373
G1 X109.553 Y106.436 E1.41651
G1 X109.257 Y107.151 E1.44689
G1 X109.01 Y107.591 E1.4667
G1 X108.659 Y108.067 E1.48992
G1 X108.067 Y108.659 E1.52279
G1 X107.567 Y109.026 E1.54714
G1 X106.827 Y109.411 E1.57989
G1 X106.031 Y109.662 E1.61266
G1 X105.418 Y109.756 E1.63701
G1 X104.582 Y109.756 E1.66984
G1 X103.969 Y109.662 E1.69419
G1 X103.173 Y109.411 E1.72696
G1 X102.433 Y109.026 E1.75971
G1 X101.933 Y108.659 E1.78406
G1 X101.382 Y108.108 E1.81466
G1 X101.09 Y107.741 E1.83307
G1 X100.766 Y107.206 E1.85763
G1 X100.447 Y106.436 E1.89036
G1 X100.263 Y105.588 E1.92443
G1 X100.226 Y105.002 E1.94748
G1 X100.293 Y104.228 E1.97798
G1 X100.397 Y103.735 E1.99776
G1 X100.588 Y103.175 E2.02099
G1 X100.993 Y102.405 E2.05515
G1 X101.341 Y101.933 E2.07818
G1 X101.931 Y101.343 E2.11094
G1 X102.588 Y100.887 E2.14234
G1 X103.078 Y100.635 E2.16397
G1 X103.562 Y100.447 E2.18436
G1 X104.169 Y100.299 E2.20889
G1 X105.035 Y100.226 E2.24301
G1 X105.15 Y100.234 E2.24754
G1 X105.549 Y100.261 F7800
;LAYER_CHANGE
;Z:7.35
;HEIGHT:0.2
G92 E0
G1 Z7.35 F7800
G1 X101.683 Y104.415
;TYPE:Perimeter
G1 F884.349
M73 P85 R0
M73 Q85 S0
G1 X101.803 Y103.906 E.02053
G1 X102.024 Y103.424 E.04135
G1 X102.214 Y103.092 E.05637
G1 X102.546 Y102.676 E.07727
G1 X102.933 Y102.324 E.09781
G1 X103.459 Y101.998 E.12211
G1 X104.009 Y101.782 E.14531
G1 X104.377 Y101.681 E.16029
G1 X104.909 Y101.62 E.18132
G1 X105.385 Y101.645 E.20004
G1 X106.08 Y101.799 E.22799
G1 X106.562 Y102 E.2485
G1 X107.074 Y102.352 E.2729
G1 X107.362 Y102.588 E.28752
G1 X107.731 Y103.01 E.30953
G1 X108.035 Y103.513 E.33261
G1 X108.284 Y104.204 E.36145
G1 X108.374 Y104.799 E.38508
G1 X108.355 Y105.406 E.40893
G1 X108.197 Y106.094 E.43665
G1 X107.885 Y106.759 E.46549
G1 X107.579 Y107.177 E.48583
G1 X107.204 Y107.564 E.50699
G1 X106.5 Y108.027 E.54007
G1 X105.796 Y108.284 E.5695
G1 X105.284 Y108.363 E.58984
G1 X104.745 Y108.371 E.61101
G1 X103.92 Y108.201 E.64408
G1 X103.341 Y107.945 E.66894
G1 X102.881 Y107.631 E.69081
G1 X102.37 Y107.119 E.71921
G1 X101.998 Y106.54 E.74623
G1 X101.782 Y105.991 E.76939
G1 X101.681 Y105.619 E.78453
G1 X101.621 Y105.092 E.80536
G1 X101.646 Y104.57 E.82588
G1 X101.669 Y104.473 E.82979
G1 X102.079 Y104.485 F7800
;TYPE:External perimeter
G1 F884.349
G1 X102.198 Y104.003 E.84928
G1 X102.48 Y103.421 E.87467
G1 X102.871 Y102.931 E.89928
G1 X103.256 Y102.596 E.91932
G1 X103.724 Y102.314 E.94077
G1 X104.335 Y102.101 E.96618
G1 X104.869 Y102.029 E.98734
G1 X105.297 Y102.043 E1.00415
G1 X105.992 Y102.197 E1.0321
G1 X106.396 Y102.375 E1.04943
G1 X106.989 Y102.79 E1.07785
G1 X107.359 Y103.188 E1.09919
G1 X107.686 Y103.724 E1.12384
G1 X107.899 Y104.335 E1.14925
G1 X107.971 Y104.853 E1.16978
G1 X107.949 Y105.387 E1.19077
G1 X107.802 Y105.997 E1.21541
G1 X107.52 Y106.579 E1.2408
G1 X107.205 Y106.996 E1.26132
G1 X106.891 Y107.295 E1.27834
G1 X106.281 Y107.683 E1.30673
G1 X105.665 Y107.899 E1.33236
G1 X105.148 Y107.971 E1.35286
G1 X104.715 Y107.96 E1.36987
G1 X104.008 Y107.803 E1.39831
G1 X103.514 Y107.576 E1.41966
G1 X103.16 Y107.334 E1.4365
G1 X102.658 Y106.831 E1.4644
G1 X102.345 Y106.329 E1.48763
G1 X102.168 Y105.86 E1.50731
G1 X102.084 Y105.566 E1.51932
G1 X102.031 Y105.042 E1.54
G1 X102.068 Y104.544 E1.55961
G1 X102.161 Y104.155 F7800
G1 X101.201 Y104.33
;TYPE:Perimeter
;WIDTH:0.634312
G1 F608.733
G1 X101.269 Y103.987 E1.57956
G1 X101.428 Y103.511 E1.60819
;WIDTH:0.628716
G1 F614.548
G1 X101.822 Y102.791 E1.65456
;WIDTH:0.6248
G1 F618.684
G1 X102.264 Y102.264 E1.69316
;WIDTH:0.626134
G1 F617.269
G1 X102.79 Y101.823 E1.73177
G1 X103.26 Y101.545 E1.76249
;WIDTH:0.633742
G1 F609.321
G1 X103.849 Y101.31 E1.79863
G1 X104.314 Y101.191 E1.82598
;WIDTH:0.624734
G1 F618.754
G1 X104.921 Y101.133 E1.8602
;WIDTH:0.626434
G1 F616.952
G1 X105.492 Y101.162 E1.89238
G1 X106.389 Y101.393 E1.94451
;WIDTH:0.614302
G1 F630.051
G1 X106.91 Y101.641 E1.97631
;WIDTH:0.63792
G1 F605.042
G1 X107.362 Y101.942 E2.00748
G1 X107.687 Y102.215 E2.03184
;WIDTH:0.61852
G1 F625.434
G1 X108.047 Y102.621 E2.06197
;WIDTH:0.635314
G1 F607.704
G1 X108.342 Y103.056 E2.092
G1 X108.571 Y103.508 E2.12095
;WIDTH:0.625874
G1 F617.544
G1 X108.747 Y104.047 E2.15283
;WIDTH:0.630532
G1 F612.649
M73 P86 R0
M73 Q86 S0
G1 X108.834 Y104.483 E2.17803
G1 X108.87 Y104.931 E2.2035
;WIDTH:0.618526
G1 F625.428
G1 X108.837 Y105.473 E2.23365
;WIDTH:0.63532
G1 F607.697
G1 X108.738 Y105.989 E2.26367
G1 X108.58 Y106.47 E2.2926
;WIDTH:0.625874
G1 F617.544
G1 X108.225 Y107.14 E2.33523
;WIDTH:0.616834
G1 F627.272
G1 X107.916 Y107.542 E2.3633
;WIDTH:0.614724
G1 F629.586
G1 X107.542 Y107.917 E2.39251
;WIDTH:0.642122
G1 F600.799
G1 X107.085 Y108.25 E2.42519
G1 X106.481 Y108.574 E2.4648
;WIDTH:0.625632
G1 F617.801
G1 X105.767 Y108.794 E2.50679
;WIDTH:0.616834
G1 F627.272
G1 X105.265 Y108.86 E2.53482
;WIDTH:0.61473
G1 F629.58
G1 X104.735 Y108.86 E2.56405
;WIDTH:0.64214
G1 F600.781
G1 X104.176 Y108.773 E2.59675
G1 X103.519 Y108.575 E2.63641
;WIDTH:0.624464
G1 F619.042
G1 X102.988 Y108.305 E2.66982
;WIDTH:0.626438
G1 F616.948
G1 X102.522 Y107.972 E2.70206
G1 X102.02 Y107.47 E2.74202
;WIDTH:0.627458
G1 F615.871
G1 X101.837 Y107.23 E2.75904
G1 X101.546 Y106.743 E2.79103
;WIDTH:0.633744
G1 F609.319
G1 X101.31 Y106.151 E2.82735
G1 X101.191 Y105.684 E2.85481
;WIDTH:0.624752
G1 F618.735
G1 X101.132 Y105.069 E2.88948
;WIDTH:0.61519
G1 F629.074
G1 X101.163 Y104.527 E2.91945
;WIDTH:0.634312
G1 F608.733
G1 X101.19 Y104.389 E2.92747
G92 E0
G1 X105.201 Y100.646 F7800
;WIDTH:0.449999
G1 F884.349
G1 X105.563 Y100.67 E.01424
G1 X106.313 Y100.836 E.0444
G1 X107.016 Y101.128 E.07429
G1 X107.663 Y101.54 E.10441
G1 X108.083 Y101.908 E.12634
G1 X108.419 Y102.309 E.14688
G1 X108.779 Y102.811 E.17114
G1 X109.031 Y103.323 E.19355
G1 X109.22 Y103.923 E.21825
G1 X109.331 Y104.45 E.2394
G1 X109.366 Y104.994 E.2608
G1 X109.321 Y105.515 E.28133
G1 X109.22 Y106.124 E.30557
G1 X109.036 Y106.665 E.32801
G1 X108.679 Y107.351 E.35837
G1 X108.349 Y107.802 E.38031
G1 X107.802 Y108.349 E.41068
G1 X107.351 Y108.679 E.43262
G1 X106.671 Y109.033 E.46272
G1 X105.939 Y109.264 E.49286
G1 X105.387 Y109.349 E.51479
G1 X104.613 Y109.349 E.54518
G1 X104.061 Y109.264 E.56711
G1 X103.329 Y109.033 E.59725
G1 X102.649 Y108.679 E.62735
G1 X102.198 Y108.349 E.64929
G1 X101.669 Y107.82 E.67866
G1 X101.427 Y107.51 E.6941
G1 X101.15 Y107.054 E.71505
G1 X100.825 Y106.27 E.74837
G1 X100.698 Y105.727 E.77027
G1 X100.638 Y104.957 E.8006
G1 X100.709 Y104.197 E.83057
G1 X100.894 Y103.539 E.85741
G1 X101.136 Y102.966 E.88183
G1 X101.419 Y102.501 E.9032
G1 X101.913 Y101.913 E.93335
G1 X102.501 Y101.42 E.96348
G1 X102.978 Y101.13 E.9854
G1 X103.693 Y100.834 E1.01578
G1 X104.234 Y100.702 E1.03765
G1 X105.033 Y100.634 E1.06914
G1 X105.141 Y100.642 E1.07339
G1 X105.21 Y100.238 F7800
;TYPE:External perimeter
G1 F884.349
G1 X105.621 Y100.266 E1.08957
G1 X106.436 Y100.447 E1.12235
G1 X107.204 Y100.765 E1.15499
G1 X107.908 Y101.213 E1.18775
G1 X108.375 Y101.623 E1.21215
G1 X108.84 Y102.178 E1.24058
G1 X109.134 Y102.611 E1.26113
G1 X109.41 Y103.171 E1.28564
G1 X109.645 Y103.915 E1.31628
G1 X109.737 Y104.424 E1.33659
M73 P87 R0
G1 X109.774 Y104.998 E1.35917
M73 Q87 S0
G1 X109.711 Y105.72 E1.38763
G1 X109.613 Y106.233 E1.40814
G1 X109.412 Y106.825 E1.43269
G1 X109.026 Y107.567 E1.46553
G1 X108.659 Y108.067 E1.48988
G1 X108.067 Y108.659 E1.52275
G1 X107.567 Y109.026 E1.5471
G1 X106.827 Y109.411 E1.57985
G1 X106.031 Y109.662 E1.61262
G1 X105.418 Y109.756 E1.63697
G1 X104.582 Y109.756 E1.6698
G1 X103.969 Y109.662 E1.69415
G1 X103.173 Y109.411 E1.72692
G1 X102.433 Y109.026 E1.75967
G1 X101.933 Y108.659 E1.78402
G1 X101.382 Y108.108 E1.81462
G1 X101.09 Y107.741 E1.83303
G1 X100.766 Y107.206 E1.85759
G1 X100.446 Y106.434 E1.8904
G1 X100.298 Y105.831 E1.91478
G1 X100.226 Y105 E1.94753
G1 X100.289 Y104.28 E1.97591
G1 X100.384 Y103.787 E1.99562
G1 X100.555 Y103.273 E2.01689
G1 X100.777 Y102.773 E2.03837
G1 X101.088 Y102.263 E2.06182
G1 X101.624 Y101.624 E2.09457
G1 X102.263 Y101.088 E2.12732
G1 X102.794 Y100.766 E2.1517
G1 X103.566 Y100.446 E2.18451
G1 X104.169 Y100.299 E2.20888
G1 X105.03 Y100.226 E2.24281
G1 X105.15 Y100.234 E2.24753
G1 X105.549 Y100.261 F7800
;LAYER_CHANGE
;Z:7.55
;HEIGHT:0.2
G92 E0
G1 Z7.55 F7800
G1 X101.683 Y104.415
;TYPE:Perimeter
G1 F884.349
G1 X101.803 Y103.906 E.02053
G1 X102.022 Y103.429 E.04114
G1 X102.215 Y103.092 E.05639
G1 X102.544 Y102.677 E.07718
G1 X102.921 Y102.333 E.09722
G1 X103.459 Y101.998 E.1221
G1 X104.009 Y101.782 E.1453
G1 X104.378 Y101.681 E.16032
G1 X104.906 Y101.62 E.18119
G1 X105.385 Y101.646 E.20003
G1 X106.08 Y101.799 E.22797
G1 X106.572 Y102.006 E.24893
G1 X107.192 Y102.435 E.27853
G1 X107.614 Y102.864 E.30216
G1 X108.002 Y103.459 E.33005
G1 X108.214 Y103.997 E.35276
G1 X108.311 Y104.321 E.36604
G1 X108.378 Y104.84 E.38659
G1 X108.356 Y105.403 E.40871
G1 X108.197 Y106.094 E.43655
G1 X107.885 Y106.759 E.46539
G1 X107.58 Y107.176 E.48568
G1 X107.204 Y107.564 E.50689
G1 X106.5 Y108.027 E.53997
G1 X106.017 Y108.225 E.56047
G1 X105.264 Y108.364 E.59054
G1 X104.653 Y108.358 E.61453
G1 X104.099 Y108.259 E.63663
G1 X103.368 Y107.957 E.66769
G1 X102.88 Y107.63 E.69076
G1 X102.361 Y107.108 E.71966
G1 X101.998 Y106.541 E.74609
G1 X101.782 Y105.991 E.76929
G1 X101.681 Y105.619 E.78443
G1 X101.621 Y105.092 E.80526
G1 X101.646 Y104.573 E.82566
G1 X101.669 Y104.473 E.82969
G1 X102.079 Y104.485 F7800
;TYPE:External perimeter
G1 F884.349
G1 X102.198 Y104.003 E.84918
G1 X102.48 Y103.421 E.87457
G1 X102.872 Y102.929 E.89927
G1 X103.277 Y102.585 E.92013
G1 X103.723 Y102.314 E.94062
G1 X104.335 Y102.101 E.96606
G1 X104.866 Y102.029 E.9871
G1 X105.297 Y102.043 E1.00403
G1 X105.992 Y102.197 E1.03198
G1 X106.396 Y102.375 E1.04931
G1 X106.989 Y102.79 E1.07773
G1 X107.357 Y103.186 E1.09896
G1 X107.654 Y103.67 E1.12126
G1 X107.899 Y104.335 E1.14909
G1 X107.971 Y104.853 E1.16962
M73 P88 R0
M73 Q88 S0
G1 X107.949 Y105.384 E1.19049
G1 X107.802 Y105.997 E1.21524
G1 X107.52 Y106.579 E1.24063
G1 X107.205 Y106.996 E1.26115
G1 X106.891 Y107.295 E1.27817
G1 X106.281 Y107.683 E1.30656
G1 X105.869 Y107.844 E1.32393
G1 X105.155 Y107.969 E1.35239
G1 X104.616 Y107.949 E1.37357
G1 X104.205 Y107.865 E1.39004
G1 X103.525 Y107.582 E1.41896
G1 X103.162 Y107.335 E1.4362
G1 X102.649 Y106.821 E1.46471
G1 X102.346 Y106.33 E1.48736
G1 X102.168 Y105.86 E1.50709
G1 X102.084 Y105.566 E1.5191
G1 X102.031 Y105.042 E1.53978
G1 X102.068 Y104.544 E1.55939
G1 X102.161 Y104.155 F7800
G1 X101.201 Y104.33
;TYPE:Perimeter
;WIDTH:0.634602
G1 F608.435
G1 X101.267 Y103.992 E1.57904
G1 X101.428 Y103.51 E1.60804
;WIDTH:0.628776
G1 F614.485
G1 X101.822 Y102.791 E1.65437
;WIDTH:0.624794
G1 F618.691
G1 X102.263 Y102.265 E1.69289
;WIDTH:0.628316
G1 F614.968
G1 X102.808 Y101.813 E1.73287
G1 X103.257 Y101.546 E1.76237
;WIDTH:0.633748
G1 F609.314
G1 X103.849 Y101.31 E1.79869
G1 X104.315 Y101.191 E1.8261
;WIDTH:0.624736
G1 F618.752
G1 X104.917 Y101.133 E1.86004
;WIDTH:0.626434
G1 F616.952
G1 X105.492 Y101.162 E1.89244
G1 X106.186 Y101.318 E1.93247
;WIDTH:0.622096
G1 F621.573
G1 X106.722 Y101.535 E1.96477
;WIDTH:0.64
G1 F602.934
G1 X107.083 Y101.746 E1.98885
G1 X107.683 Y102.219 E2.03285
;WIDTH:0.626342
G1 F617.049
G1 X108.164 Y102.77 E2.07401
G1 X108.455 Y103.259 E2.10603
;WIDTH:0.632844
G1 F610.248
G1 X108.686 Y103.836 E2.1414
G1 X108.839 Y104.527 E2.18167
;WIDTH:0.628468
G1 F614.809
G1 X108.87 Y104.93 E2.2045
;WIDTH:0.618674
G1 F625.267
G1 X108.837 Y105.47 E2.23454
;WIDTH:0.635426
G1 F607.589
G1 X108.738 Y105.989 E2.26474
G1 X108.58 Y106.47 E2.29367
;WIDTH:0.625864
G1 F617.555
G1 X108.225 Y107.14 E2.3363
;WIDTH:0.616828
G1 F627.278
G1 X107.916 Y107.542 E2.36437
;WIDTH:0.61424
G1 F630.12
G1 X107.541 Y107.916 E2.39356
;WIDTH:0.642208
G1 F600.713
G1 X107.086 Y108.25 E2.42619
G1 X106.481 Y108.576 E2.46592
;WIDTH:0.639
G1 F603.946
G1 X105.824 Y108.774 E2.50537
G1 X105.118 Y108.864 E2.54629
;WIDTH:0.618582
G1 F625.367
G1 X104.575 Y108.847 E2.57645
G1 X104.067 Y108.754 E2.60513
;WIDTH:0.642026
G1 F600.895
G1 X103.523 Y108.567 E2.63837
G1 X102.991 Y108.307 E2.67259
;WIDTH:0.626468
G1 F616.916
G1 X102.522 Y107.972 E2.70503
;WIDTH:0.628248
G1 F615.04
G1 X102.02 Y107.469 E2.74515
G1 X101.836 Y107.23 E2.76218
;WIDTH:0.626344
G1 F617.047
G1 X101.545 Y106.741 E2.7942
;WIDTH:0.63374
G1 F609.323
G1 X101.31 Y106.151 E2.83039
G1 X101.191 Y105.684 E2.85785
;WIDTH:0.624752
G1 F618.735
G1 X101.132 Y105.07 E2.89247
;WIDTH:0.6151
G1 F629.173
G1 X101.163 Y104.53 E2.92232
;WIDTH:0.634602
G1 F608.435
G1 X101.19 Y104.389 E2.93051
G92 E0
G1 X105.201 Y100.646 F7800
;WIDTH:0.449999
G1 F884.349
G1 X105.563 Y100.67 E.01424
G1 X106.313 Y100.836 E.0444
G1 X106.909 Y101.084 E.06975
G1 X107.359 Y101.325 E.08979
G1 X107.801 Y101.651 E.11135
G1 X108.331 Y102.18 E.14075
G1 X108.573 Y102.49 E.15619
G1 X108.87 Y102.978 E.17862
G1 X109.146 Y103.646 E.207
G1 X109.334 Y104.496 E.24118
G1 X109.366 Y104.993 E.26073
G1 X109.321 Y105.512 E.28118
G1 X109.22 Y106.124 E.30553
G1 X109.036 Y106.665 E.32797
M73 P89 R0
G1 X108.679 Y107.351 E.35833
M73 Q89 S0
G1 X108.349 Y107.801 E.38024
G1 X107.785 Y108.362 E.41147
G1 X107.352 Y108.679 E.43254
G1 X106.671 Y109.033 E.46268
G1 X105.939 Y109.264 E.49282
G1 X105.388 Y109.349 E.51471
G1 X104.591 Y109.347 E.546
G1 X104.062 Y109.264 E.56703
G1 X103.329 Y109.033 E.59721
G1 X102.649 Y108.679 E.62731
G1 X102.198 Y108.349 E.64925
G1 X101.669 Y107.82 E.67862
G1 X101.427 Y107.51 E.69406
G1 X101.15 Y107.054 E.71501
G1 X100.825 Y106.27 E.74833
G1 X100.698 Y105.727 E.77023
G1 X100.638 Y104.957 E.80056
G1 X100.709 Y104.197 E.83053
G1 X100.894 Y103.54 E.85733
G1 X101.134 Y102.971 E.88158
G1 X101.419 Y102.501 E.90316
G1 X101.913 Y101.914 E.93328
G1 X102.519 Y101.408 E.96428
G1 X102.978 Y101.13 E.98535
G1 X103.693 Y100.834 E1.01573
G1 X104.235 Y100.702 E1.03763
G1 X105.028 Y100.634 E1.06888
G1 X105.141 Y100.642 E1.07333
G1 X105.21 Y100.239 F7800
;TYPE:External perimeter
G1 F884.349
G1 X105.621 Y100.266 E1.0895
G1 X106.436 Y100.447 E1.12228
G1 X107.065 Y100.708 E1.14902
G1 X107.582 Y100.984 E1.17203
G1 X108.067 Y101.341 E1.19568
G1 X108.619 Y101.893 E1.22633
G1 X108.91 Y102.259 E1.24469
G1 X109.234 Y102.794 E1.26925
G1 X109.522 Y103.49 E1.29883
G1 X109.741 Y104.47 E1.33826
G1 X109.774 Y104.998 E1.35903
G1 X109.712 Y105.717 E1.38737
G1 X109.613 Y106.233 E1.408
G1 X109.412 Y106.825 E1.43255
G1 X109.026 Y107.567 E1.46539
G1 X108.659 Y108.067 E1.48974
G1 X108.05 Y108.673 E1.52347
G1 X107.567 Y109.026 E1.54696
G1 X106.827 Y109.411 E1.57971
G1 X106.031 Y109.662 E1.61248
G1 X105.418 Y109.756 E1.63683
G1 X104.559 Y109.754 E1.67056
G1 X103.969 Y109.662 E1.69401
G1 X103.173 Y109.411 E1.72678
G1 X102.433 Y109.026 E1.75953
G1 X101.933 Y108.659 E1.78388
G1 X101.381 Y108.108 E1.8145
G1 X101.09 Y107.741 E1.83289
G1 X100.766 Y107.206 E1.85745
G1 X100.446 Y106.434 E1.89026
G1 X100.298 Y105.831 E1.91464
G1 X100.226 Y105 E1.94739
G1 X100.288 Y104.283 E1.97565
G1 X100.383 Y103.792 E1.99529
G1 X100.555 Y103.274 E2.01672
G1 X100.775 Y102.778 E2.03802
G1 X101.088 Y102.263 E2.06168
G1 X101.624 Y101.624 E2.09443
G1 X102.282 Y101.075 E2.12808
G1 X102.793 Y100.766 E2.15153
G1 X103.566 Y100.446 E2.18438
G1 X104.169 Y100.299 E2.20875
G1 X105.025 Y100.226 E2.24248
G1 X105.15 Y100.235 E2.2474
G1 X105.549 Y100.261 F7800
;LAYER_CHANGE
;Z:7.75
;HEIGHT:0.2
G92 E0
G1 Z7.75 F7800
G1 X101.677 Y104.414
;TYPE:Perimeter
G1 F884.349
G1 X101.784 Y103.977 E.01767
G1 X102.031 Y103.411 E.04192
G1 X102.215 Y103.091 E.05641
G1 X102.544 Y102.677 E.07717
G1 X102.92 Y102.334 E.09715
G1 X103.46 Y101.998 E.12212
G1 X104.009 Y101.782 E.14528
G1 X104.379 Y101.681 E.16034
M73 P90 R0
M73 Q90 S0
G1 X104.903 Y101.62 E.18105
G1 X105.385 Y101.646 E.2
G1 X106.08 Y101.799 E.22794
G1 X106.573 Y102.006 E.24893
G1 X107.193 Y102.436 E.27856
G1 X107.615 Y102.863 E.30213
G1 X108.002 Y103.46 E.33007
G1 X108.214 Y103.998 E.35278
G1 X108.311 Y104.321 E.36602
G1 X108.378 Y104.839 E.38653
G1 X108.357 Y105.373 E.40751
G1 X108.201 Y106.08 E.43594
G1 X107.97 Y106.586 E.45778
G1 X107.822 Y106.861 E.47004
G1 X107.474 Y107.305 E.49219
G1 X107.11 Y107.638 E.51156
G1 X106.5 Y108.027 E.53997
G1 X105.796 Y108.284 E.5694
G1 X105.284 Y108.363 E.58974
G1 X104.745 Y108.371 E.61091
G1 X103.955 Y108.208 E.64258
G1 X103.4 Y107.974 E.66623
G1 X102.974 Y107.707 E.68597
G1 X102.37 Y107.119 E.71907
G1 X101.998 Y106.54 E.74609
G1 X101.786 Y106.003 E.76876
G1 X101.689 Y105.679 E.78204
G1 X101.622 Y105.161 E.80255
G1 X101.661 Y104.479 E.82937
G1 X101.663 Y104.472 E.82966
G1 X102.073 Y104.484 F7800
;TYPE:External perimeter
G1 F884.349
G1 X102.199 Y104 E.8493
G1 X102.48 Y103.421 E.87457
G1 X102.873 Y102.928 E.89933
G1 X103.259 Y102.596 E.91932
G1 X103.723 Y102.314 E.94064
G1 X104.335 Y102.101 E.96608
G1 X104.863 Y102.029 E.987
G1 X105.297 Y102.043 E1.00405
G1 X105.992 Y102.197 E1.032
G1 X106.396 Y102.375 E1.04933
G1 X106.989 Y102.79 E1.07775
G1 X107.349 Y103.175 E1.09845
G1 X107.654 Y103.671 E1.12131
G1 X107.899 Y104.335 E1.1491
G1 X107.971 Y104.852 E1.1696
G1 X107.957 Y105.298 E1.18712
G1 X107.803 Y105.992 E1.21503
G1 X107.52 Y106.579 E1.24062
G1 X107.205 Y106.996 E1.26114
G1 X106.891 Y107.295 E1.27816
G1 X106.281 Y107.683 E1.30655
G1 X105.665 Y107.899 E1.33218
G1 X105.148 Y107.971 E1.35268
G1 X104.715 Y107.96 E1.36969
G1 X104.008 Y107.803 E1.39813
G1 X103.528 Y107.585 E1.41883
G1 X103.16 Y107.334 E1.43632
G1 X102.657 Y106.831 E1.46425
G1 X102.346 Y106.329 E1.48744
G1 X102.101 Y105.665 E1.51523
G1 X102.029 Y105.148 E1.53573
G1 X102.065 Y104.543 E1.55953
G1 X102.16 Y104.154 F7800
G1 X101.194 Y104.329
;TYPE:Perimeter
;WIDTH:0.625918
G1 F617.498
G1 X101.201 Y104.257 E1.5636
;WIDTH:0.616836
G1 F627.269
G1 X101.333 Y103.768 E1.59164
;WIDTH:0.633042
G1 F610.043
G1 X101.584 Y103.19 E1.62751
G1 X101.822 Y102.79 E1.654
;WIDTH:0.624782
G1 F618.703
G1 X102.264 Y102.264 E1.69256
;WIDTH:0.627446
G1 F615.884
G1 X102.791 Y101.824 E1.73127
G1 X103.257 Y101.546 E1.76186
;WIDTH:0.633746
G1 F609.316
G1 X103.849 Y101.31 E1.79818
G1 X104.315 Y101.191 E1.82559
;WIDTH:0.624742
G1 F618.746
G1 X104.914 Y101.133 E1.85936
;WIDTH:0.626432
G1 F616.954
G1 X105.493 Y101.162 E1.89199
G1 X106.186 Y101.318 E1.93197
;WIDTH:0.62209
G1 F621.579
G1 X106.722 Y101.535 E1.96427
;WIDTH:0.63953
G1 F603.409
G1 X107.066 Y101.734 E1.98714
G1 X107.68 Y102.216 E2.03206
;WIDTH:0.628152
G1 F615.141
G1 X108.172 Y102.783 E2.07444
G1 X108.454 Y103.257 E2.10557
;WIDTH:0.63295
G1 F610.138
G1 X108.686 Y103.838 E2.14117
G1 X108.837 Y104.507 E2.1802
;WIDTH:0.628946
G1 F614.307
G1 X108.869 Y104.903 E2.20266
;WIDTH:0.626438
G1 F616.948
G1 X108.838 Y105.493 E2.23591
G1 X108.689 Y106.163 E2.27454
;WIDTH:0.626334
G1 F617.057
M73 P91 R0
M73 Q91 S0
G1 X108.588 Y106.432 E2.29071
;WIDTH:0.61683
G1 F627.276
G1 X108.225 Y107.14 E2.33475
G1 X107.916 Y107.542 E2.36282
;WIDTH:0.614352
G1 F629.996
G1 X107.541 Y107.917 E2.39205
;WIDTH:0.642182
G1 F600.739
G1 X107.085 Y108.25 E2.42469
G1 X106.481 Y108.574 E2.46431
;WIDTH:0.625634
G1 F617.799
G1 X105.767 Y108.794 E2.5063
;WIDTH:0.616832
G1 F627.274
G1 X105.265 Y108.86 E2.53433
;WIDTH:0.614728
G1 F629.582
G1 X104.735 Y108.86 E2.56356
;WIDTH:0.63953
G1 F603.409
G1 X104.341 Y108.808 E2.58643
G1 X103.589 Y108.598 E2.63136
;WIDTH:0.624766
G1 F618.72
G1 X102.93 Y108.272 E2.67262
;WIDTH:0.626436
G1 F616.95
G1 X102.522 Y107.972 E2.70112
G1 X102.019 Y107.469 E2.74116
;WIDTH:0.627416
G1 F615.915
G1 X101.837 Y107.23 E2.7581
G1 X101.546 Y106.743 E2.79008
;WIDTH:0.632872
G1 F610.219
G1 X101.314 Y106.163 E2.82563
G1 X101.208 Y105.743 E2.85028
;WIDTH:0.625918
G1 F617.498
G1 X101.13 Y105.013 E2.89156
G1 X101.189 Y104.389 E2.92681
G92 E0
G1 X105.201 Y100.646 F7800
;WIDTH:0.449999
G1 F884.349
G1 X105.563 Y100.67 E.01424
G1 X106.313 Y100.836 E.0444
G1 X106.909 Y101.084 E.06975
G1 X107.341 Y101.313 E.08895
G1 X107.802 Y101.651 E.11139
G1 X108.33 Y102.179 E.14071
G1 X108.582 Y102.503 E.15683
G1 X108.87 Y102.978 E.17864
G1 X109.147 Y103.647 E.20707
G1 X109.332 Y104.474 E.24034
G1 X109.367 Y105 E.26104
G1 X109.33 Y105.564 E.28323
G1 X109.164 Y106.313 E.31335
G1 X108.88 Y106.998 E.34247
G1 X108.687 Y107.341 E.35792
G1 X108.349 Y107.801 E.38033
G1 X107.789 Y108.359 E.41137
G1 X107.352 Y108.679 E.43264
G1 X106.671 Y109.033 E.46278
G1 X105.939 Y109.264 E.49292
G1 X105.387 Y109.349 E.51485
G1 X104.735 Y109.349 E.54045
G1 X104.248 Y109.302 E.55966
G1 X103.693 Y109.166 E.5821
G1 X103.002 Y108.88 E.61146
G1 X102.659 Y108.687 E.62691
G1 X102.198 Y108.349 E.64935
G1 X101.669 Y107.82 E.67872
G1 X101.427 Y107.51 E.69416
G1 X101.13 Y107.022 E.71659
G1 X100.837 Y106.313 E.74671
G1 X100.669 Y105.547 E.7775
G1 X100.634 Y105.007 E.79875
G1 X100.701 Y104.235 E.82918
G1 X100.834 Y103.694 E.85105
G1 X101.138 Y102.964 E.8821
G1 X101.42 Y102.501 E.90339
G1 X101.913 Y101.913 E.93352
G1 X102.501 Y101.42 E.96365
G1 X102.978 Y101.13 E.98557
G1 X103.693 Y100.834 E1.01595
G1 X104.235 Y100.701 E1.03786
G1 X105.023 Y100.634 E1.06891
G1 X105.141 Y100.642 E1.07355
G1 X105.21 Y100.239 F7800
;TYPE:External perimeter
G1 F884.349
G1 X105.621 Y100.266 E1.08972
G1 X106.436 Y100.447 E1.1225
G1 X107.065 Y100.708 E1.14924
G1 X107.563 Y100.972 E1.17137
G1 X108.067 Y101.341 E1.1959
G1 X108.618 Y101.892 E1.2265
G1 X108.919 Y102.274 E1.2456
G1 X109.234 Y102.794 E1.26947
G1 X109.523 Y103.491 E1.2991
G1 X109.617 Y103.854 E1.31382
G1 X109.738 Y104.448 E1.33762
G1 X109.775 Y105 E1.35934
G1 X109.734 Y105.621 E1.38378
G1 X109.553 Y106.436 E1.41656
G1 X109.256 Y107.154 E1.44707
G1 X109.028 Y107.563 E1.46546
G1 X108.659 Y108.067 E1.48999
M73 P92 R0
G1 X108.054 Y108.67 E1.52353
M73 Q92 S0
G1 X107.567 Y109.026 E1.54722
G1 X106.827 Y109.411 E1.57997
G1 X106.031 Y109.662 E1.61274
G1 X105.418 Y109.756 E1.63709
G1 X104.735 Y109.756 E1.66391
G1 X104.173 Y109.703 E1.68607
G1 X103.566 Y109.554 E1.71061
G1 X102.846 Y109.256 E1.74121
G1 X102.437 Y109.028 E1.7596
G1 X101.933 Y108.659 E1.78413
G1 X101.381 Y108.107 E1.81478
G1 X101.09 Y107.741 E1.83314
G1 X100.766 Y107.206 E1.8577
G1 X100.447 Y106.436 E1.89043
G1 X100.264 Y105.604 E1.92388
G1 X100.226 Y105.002 E1.94756
G1 X100.298 Y104.169 E1.98039
G1 X100.446 Y103.566 E2.00477
G1 X100.774 Y102.778 E2.03828
G1 X101.088 Y102.263 E2.06196
G1 X101.624 Y101.624 E2.09471
G1 X102.263 Y101.088 E2.12746
G1 X102.794 Y100.766 E2.15184
G1 X103.566 Y100.446 E2.18465
G1 X104.169 Y100.299 E2.20902
G1 X105.019 Y100.226 E2.24252
G1 X105.15 Y100.235 E2.24768
G1 X105.549 Y100.261 F7800
;LAYER_CHANGE
;Z:7.95
;HEIGHT:0.2
G92 E0
G1 Z7.95 F7800
G1 X101.677 Y104.414
;TYPE:Perimeter
G1 F884.349
G1 X101.784 Y103.976 E.0177
G1 X102.018 Y103.437 E.04077
G1 X102.178 Y103.139 E.05405
G1 X102.498 Y102.725 E.0746
G1 X102.906 Y102.347 E.09644
G1 X103.46 Y101.998 E.12215
G1 X104.009 Y101.782 E.14531
G1 X104.379 Y101.681 E.16037
G1 X104.899 Y101.621 E.18092
G1 X105.386 Y101.646 E.20007
G1 X106.08 Y101.799 E.22797
G1 X106.573 Y102.006 E.24896
G1 X107.193 Y102.436 E.27859
G1 X107.616 Y102.864 E.30222
G1 X108.002 Y103.46 E.3301
G1 X108.214 Y103.998 E.35281
G1 X108.311 Y104.321 E.36605
G1 X108.378 Y104.839 E.38656
G1 X108.357 Y105.373 E.40754
G1 X108.201 Y106.08 E.43597
G1 X107.97 Y106.586 E.45781
G1 X107.822 Y106.861 E.47007
G1 X107.475 Y107.304 E.49217
G1 X107.11 Y107.638 E.5116
G1 X106.5 Y108.027 E.54001
G1 X105.796 Y108.284 E.56944
G1 X105.284 Y108.363 E.58978
G1 X104.673 Y108.36 E.61377
G1 X104.163 Y108.276 E.63406
G1 X103.269 Y107.904 E.67208
G1 X102.881 Y107.63 E.69073
G1 X102.365 Y107.113 E.71941
G1 X101.998 Y106.54 E.74613
G1 X101.786 Y106.003 E.7688
G1 X101.689 Y105.679 E.78208
G1 X101.622 Y105.161 E.80259
G1 X101.661 Y104.479 E.82941
G1 X101.663 Y104.472 E.8297
G1 X102.073 Y104.484 F7800
;TYPE:External perimeter
G1 F884.349
G1 X102.199 Y104 E.84934
G1 X102.48 Y103.421 E.87461
G1 X102.795 Y103.004 E.89513
G1 X103.181 Y102.647 E.91577
G1 X103.671 Y102.346 E.93835
G1 X104.14 Y102.168 E.95805
G1 X104.432 Y102.085 E.96997
G1 X105.002 Y102.03 E.99245
G1 X105.298 Y102.043 E1.00408
G1 X105.992 Y102.197 E1.03199
G1 X106.396 Y102.375 E1.04932
G1 X106.989 Y102.79 E1.07774
G1 X107.349 Y103.175 E1.09844
G1 X107.654 Y103.671 E1.1213
G1 X107.899 Y104.335 E1.14909
G1 X107.971 Y104.852 E1.16959
G1 X107.957 Y105.298 E1.18711
G1 X107.803 Y105.992 E1.21502
G1 X107.52 Y106.579 E1.24061
G1 X107.205 Y106.996 E1.26113
G1 X106.891 Y107.295 E1.27815
G1 X106.281 Y107.683 E1.30654
G1 X105.665 Y107.899 E1.33217
M73 P93 R0
M73 Q93 S0
G1 X105.147 Y107.971 E1.3527
G1 X104.623 Y107.95 E1.37329
G1 X104.205 Y107.865 E1.39004
G1 X103.531 Y107.585 E1.4187
G1 X103.169 Y107.343 E1.4358
G1 X102.653 Y106.826 E1.46448
G1 X102.346 Y106.329 E1.48742
G1 X102.101 Y105.665 E1.51521
G1 X102.028 Y105.108 E1.53727
G1 X102.065 Y104.543 E1.5595
G1 X102.16 Y104.154 F7800
G1 X101.194 Y104.329
;TYPE:Perimeter
;WIDTH:0.625912
G1 F617.504
G1 X101.201 Y104.257 E1.56357
;WIDTH:0.616836
G1 F627.269
G1 X101.333 Y103.768 E1.59161
;WIDTH:0.632908
G1 F610.182
G1 X101.571 Y103.216 E1.62582
G1 X101.793 Y102.844 E1.65047
;WIDTH:0.624862
G1 F618.618
G1 X102.255 Y102.272 E1.69174
;WIDTH:0.626878
G1 F616.483
G1 X102.79 Y101.824 E1.73104
G1 X103.258 Y101.546 E1.7617
;WIDTH:0.63374
G1 F609.323
G1 X103.849 Y101.31 E1.79797
G1 X104.315 Y101.191 E1.82538
;WIDTH:0.624746
G1 F618.742
G1 X104.911 Y101.133 E1.85899
;WIDTH:0.626436
G1 F616.95
G1 X105.493 Y101.162 E1.89179
G1 X106.186 Y101.318 E1.93177
;WIDTH:0.622098
G1 F621.571
G1 X106.722 Y101.535 E1.96407
;WIDTH:0.639528
G1 F603.411
G1 X107.066 Y101.734 E1.98694
G1 X107.68 Y102.216 E2.03186
;WIDTH:0.627454
G1 F615.875
G1 X108.163 Y102.77 E2.0733
G1 X108.454 Y103.257 E2.10529
;WIDTH:0.63295
G1 F610.138
G1 X108.686 Y103.838 E2.14089
G1 X108.837 Y104.507 E2.17992
;WIDTH:0.628948
G1 F614.305
G1 X108.869 Y104.903 E2.20238
;WIDTH:0.626436
G1 F616.95
G1 X108.838 Y105.493 E2.23563
G1 X108.689 Y106.163 E2.27426
;WIDTH:0.62633
G1 F617.062
G1 X108.588 Y106.432 E2.29043
;WIDTH:0.616828
G1 F627.278
G1 X108.225 Y107.14 E2.33447
G1 X107.916 Y107.542 E2.36254
;WIDTH:0.614724
G1 F629.586
G1 X107.542 Y107.917 E2.39175
;WIDTH:0.642124
G1 F600.797
G1 X107.085 Y108.25 E2.42443
G1 X106.481 Y108.574 E2.46404
;WIDTH:0.625626
G1 F617.807
G1 X105.743 Y108.798 E2.50739
;WIDTH:0.617096
G1 F626.985
G1 X105.071 Y108.864 E2.54479
;WIDTH:0.612666
G1 F631.861
G1 X104.416 Y108.825 E2.58085
G1 X103.862 Y108.691 E2.61217
;WIDTH:0.624222
G1 F619.299
G1 X103.185 Y108.417 E2.65312
G1 X102.702 Y108.112 E2.68515
;WIDTH:0.641582
G1 F601.341
G1 X102.27 Y107.73 E2.71845
G1 X101.824 Y107.21 E2.75801
;WIDTH:0.62688
G1 F616.481
G1 X101.546 Y106.742 E2.78867
;WIDTH:0.632894
G1 F610.196
G1 X101.314 Y106.163 E2.82416
G1 X101.208 Y105.743 E2.84881
;WIDTH:0.625912
G1 F617.504
G1 X101.13 Y105.012 E2.89015
G1 X101.189 Y104.389 E2.92534
G92 E0
G1 X105.201 Y100.646 F7800
;WIDTH:0.449999
G1 F884.349
G1 X105.563 Y100.67 E.01424
G1 X106.313 Y100.836 E.0444
G1 X106.909 Y101.084 E.06975
G1 X107.341 Y101.313 E.08895
G1 X107.802 Y101.651 E.11139
G1 X108.331 Y102.18 E.14076
G1 X108.573 Y102.49 E.1562
G1 X108.87 Y102.978 E.17863
G1 X109.147 Y103.647 E.20706
G1 X109.332 Y104.474 E.24033
G1 X109.367 Y105 E.26103
G1 X109.33 Y105.564 E.28322
G1 X109.164 Y106.313 E.31334
G1 X108.88 Y106.998 E.34246
G1 X108.687 Y107.341 E.35791
G1 X108.349 Y107.802 E.38035
G1 X107.802 Y108.349 E.41072
G1 X107.351 Y108.679 E.43266
G1 X106.671 Y109.033 E.46276
G1 X105.939 Y109.264 E.4929
M73 P94 R0
M73 Q94 S0
G1 X105.387 Y109.349 E.51483
G1 X104.613 Y109.349 E.54522
G1 X104.061 Y109.264 E.56715
G1 X103.348 Y109.039 E.59651
G1 X102.99 Y108.877 E.61194
G1 X102.501 Y108.58 E.6344
G1 X101.913 Y108.087 E.66453
G1 X101.42 Y107.499 E.69466
G1 X101.13 Y107.022 E.71658
G1 X100.837 Y106.313 E.7467
G1 X100.669 Y105.552 E.7773
G1 X100.634 Y105.007 E.79874
G1 X100.701 Y104.235 E.82917
G1 X100.834 Y103.693 E.85108
G1 X101.128 Y102.985 E.88118
G1 X101.547 Y102.328 E.91178
G1 X101.908 Y101.917 E.93326
G1 X102.501 Y101.42 E.96364
G1 X102.978 Y101.13 E.98556
G1 X103.693 Y100.834 E1.01594
G1 X104.235 Y100.701 E1.03785
G1 X105.018 Y100.634 E1.06871
G1 X105.141 Y100.642 E1.07355
G1 X105.21 Y100.239 F7800
;TYPE:External perimeter
G1 F884.349
G1 X105.621 Y100.266 E1.08972
G1 X106.436 Y100.447 E1.1225
G1 X107.065 Y100.708 E1.14924
G1 X107.563 Y100.972 E1.17137
G1 X108.067 Y101.341 E1.1959
G1 X108.619 Y101.893 E1.22655
G1 X108.91 Y102.259 E1.24491
G1 X109.234 Y102.794 E1.26947
G1 X109.523 Y103.491 E1.2991
G1 X109.617 Y103.854 E1.31382
G1 X109.738 Y104.448 E1.33762
G1 X109.775 Y105 E1.35934
G1 X109.734 Y105.621 E1.38378
G1 X109.553 Y106.436 E1.41656
G1 X109.256 Y107.154 E1.44707
G1 X109.028 Y107.563 E1.46546
G1 X108.659 Y108.067 E1.48999
G1 X108.067 Y108.659 E1.52286
G1 X107.567 Y109.026 E1.54721
G1 X106.827 Y109.411 E1.57996
G1 X106.031 Y109.662 E1.61273
G1 X105.418 Y109.756 E1.63708
G1 X104.582 Y109.756 E1.66991
G1 X103.969 Y109.662 E1.69426
G1 X103.226 Y109.427 E1.72486
G1 X102.797 Y109.236 E1.7433
G1 X102.263 Y108.912 E1.76782
G1 X101.624 Y108.376 E1.80057
G1 X101.088 Y107.737 E1.83332
G1 X100.766 Y107.206 E1.8577
G1 X100.447 Y106.436 E1.89043
G1 X100.265 Y105.609 E1.92368
G1 X100.226 Y105.002 E1.94756
G1 X100.298 Y104.169 E1.98039
G1 X100.446 Y103.566 E2.00477
G1 X100.765 Y102.796 E2.0375
G1 X101.221 Y102.083 E2.07073
G1 X101.623 Y101.625 E2.09466
G1 X102.263 Y101.088 E2.12746
G1 X102.794 Y100.766 E2.15184
G1 X103.566 Y100.446 E2.18465
G1 X104.169 Y100.299 E2.20902
G1 X105.014 Y100.226 E2.24232
G1 X105.15 Y100.235 E2.24767
G1 X105.549 Y100.261 F7800
;LAYER_CHANGE
;Z:8.15
;HEIGHT:0.2
G92 E0
G1 Z8.15 F7800
G1 X101.678 Y104.414
;TYPE:Perimeter
G1 F884.349
G1 X101.803 Y103.907 E.0205
G1 X102.024 Y103.425 E.04132
G1 X102.215 Y103.091 E.05643
G1 X102.544 Y102.677 E.07719
G1 X102.923 Y102.331 E.09734
G1 X103.46 Y101.998 E.12215
G1 X104.009 Y101.782 E.14531
G1 X104.38 Y101.681 E.16041
G1 X104.896 Y101.621 E.18081
G1 X105.386 Y101.646 E.20007
G1 X106.08 Y101.799 E.22797
G1 X106.573 Y102.006 E.24896
G1 X107.193 Y102.436 E.27859
G1 X107.615 Y102.864 E.30219
M73 P95 R0
G1 X108.002 Y103.46 E.33009
M73 Q95 S0
G1 X108.214 Y103.998 E.3528
G1 X108.311 Y104.321 E.36604
G1 X108.378 Y104.839 E.38655
G1 X108.357 Y105.392 E.40828
G1 X108.197 Y106.093 E.43651
G1 X107.885 Y106.759 E.46539
G1 X107.579 Y107.177 E.48573
G1 X107.147 Y107.594 E.50931
G1 X106.842 Y107.83 E.52445
G1 X106.368 Y108.09 E.54568
G1 X105.796 Y108.284 E.5694
G1 X105.284 Y108.363 E.58974
G1 X104.745 Y108.371 E.61091
G1 X103.92 Y108.201 E.64398
G1 X103.353 Y107.952 E.6683
G1 X102.881 Y107.63 E.69073
G1 X102.367 Y107.116 E.71927
G1 X101.998 Y106.54 E.74613
G1 X101.786 Y106.002 E.76884
G1 X101.689 Y105.679 E.78208
G1 X101.624 Y105.034 E.80753
G1 X101.66 Y104.489 E.82898
G1 X101.664 Y104.472 E.82967
G1 X102.08 Y104.485 F7800
;TYPE:External perimeter
G1 F884.349
G1 X102.198 Y104.004 E.84912
G1 X102.48 Y103.421 E.87455
G1 X102.795 Y103.004 E.89507
G1 X103.178 Y102.649 E.91557
G1 X103.671 Y102.346 E.93829
G1 X104.14 Y102.168 E.95799
G1 X104.433 Y102.085 E.96995
G1 X104.998 Y102.03 E.99224
G1 X105.298 Y102.043 E1.00403
G1 X105.992 Y102.197 E1.03194
G1 X106.396 Y102.375 E1.04927
G1 X106.989 Y102.79 E1.07769
G1 X107.351 Y103.178 E1.09853
G1 X107.654 Y103.671 E1.12125
G1 X107.899 Y104.335 E1.14904
G1 X107.971 Y104.853 E1.16957
G1 X107.951 Y105.374 E1.19004
G1 X107.802 Y105.996 E1.21515
G1 X107.52 Y106.579 E1.24058
G1 X107.205 Y106.996 E1.2611
G1 X106.724 Y107.423 E1.28635
G1 X106.273 Y107.688 E1.30689
G1 X105.665 Y107.899 E1.33216
G1 X105.148 Y107.971 E1.35266
G1 X104.715 Y107.96 E1.36967
G1 X104.008 Y107.803 E1.39811
G1 X103.525 Y107.583 E1.41895
G1 X103.16 Y107.334 E1.4363
G1 X102.655 Y106.828 E1.46437
G1 X102.346 Y106.329 E1.48742
G1 X102.101 Y105.665 E1.51521
G1 X102.03 Y105.052 E1.53944
G1 X102.068 Y104.544 E1.55944
G1 X102.161 Y104.155 F7800
G1 X101.191 Y104.329
;TYPE:Perimeter
;WIDTH:0.62712
G1 F616.227
G1 X101.192 Y104.316 E1.56017
G1 X101.326 Y103.79 E1.59076
;WIDTH:0.633738
G1 F609.325
G1 X101.577 Y103.204 E1.62709
G1 X101.823 Y102.79 E1.65453
;WIDTH:0.624756
G1 F618.731
G1 X102.264 Y102.264 E1.69305
;WIDTH:0.627116
G1 F616.232
G1 X102.791 Y101.824 E1.73174
G1 X103.258 Y101.546 E1.76236
;WIDTH:0.63374
G1 F609.323
G1 X103.849 Y101.31 E1.79863
G1 X104.316 Y101.191 E1.82609
;WIDTH:0.624748
G1 F618.74
G1 X104.907 Y101.133 E1.85942
;WIDTH:0.626436
G1 F616.95
G1 X105.493 Y101.162 E1.89244
G1 X106.186 Y101.318 E1.93242
;WIDTH:0.622094
G1 F621.575
G1 X106.722 Y101.535 E1.96472
;WIDTH:0.639528
G1 F603.411
G1 X107.066 Y101.734 E1.98759
G1 X107.681 Y102.217 E2.03259
;WIDTH:0.627376
G1 F615.957
G1 X108.167 Y102.775 E2.0743
G1 X108.454 Y103.258 E2.10597
;WIDTH:0.632946
G1 F610.143
G1 X108.686 Y103.838 E2.14152
G1 X108.837 Y104.507 E2.18055
;WIDTH:0.628946
G1 F614.307
G1 X108.87 Y104.928 E2.20442
;WIDTH:0.618208
G1 F625.774
G1 X108.839 Y105.461 E2.23405
;WIDTH:0.635734
G1 F607.273
G1 X108.738 Y105.989 E2.26479
G1 X108.58 Y106.47 E2.29374
;WIDTH:0.62587
G1 F617.549
G1 X108.225 Y107.14 E2.33637
;WIDTH:0.61683
G1 F627.276
G1 X107.916 Y107.542 E2.36444
;WIDTH:0.633748
G1 F609.314
G1 X107.476 Y107.969 E2.39938
G1 X107.089 Y108.258 E2.42691
;WIDTH:0.625632
G1 F617.801
M73 P96 R0
G1 X106.481 Y108.574 E2.46542
G1 X105.767 Y108.794 E2.50741
M73 Q96 S0
;WIDTH:0.616832
G1 F627.274
G1 X105.265 Y108.86 E2.53544
;WIDTH:0.61473
G1 F629.58
G1 X104.735 Y108.86 E2.56467
;WIDTH:0.642136
G1 F600.785
G1 X104.176 Y108.773 E2.59737
G1 X103.519 Y108.575 E2.63703
;WIDTH:0.624282
G1 F619.236
G1 X103 Y108.312 E2.66966
;WIDTH:0.626448
G1 F616.937
G1 X102.522 Y107.972 E2.70268
;WIDTH:0.626908
G1 X102.02 Y107.469 E2.74271
;WIDTH:0.627106
G1 X101.836 Y107.23 E2.75971
G1 X101.546 Y106.742 E2.7917
;WIDTH:0.632952
G1 F610.136
G1 X101.314 Y106.162 E2.82725
G1 X101.207 Y105.743 E2.85186
;WIDTH:0.624802
G1 F618.682
G1 X101.13 Y105.012 E2.89311
;WIDTH:0.62712
G1 F616.227
G1 X101.185 Y104.388 E2.92841
G92 E0
G1 X105.201 Y100.646 F7800
;WIDTH:0.449999
G1 F884.349
G1 X105.563 Y100.67 E.01424
G1 X106.313 Y100.836 E.0444
G1 X106.909 Y101.084 E.06975
G1 X107.341 Y101.313 E.08895
G1 X107.802 Y101.651 E.11139
G1 X108.33 Y102.18 E.14074
G1 X108.577 Y102.495 E.15646
G1 X108.87 Y102.978 E.17864
G1 X109.147 Y103.647 E.20707
G1 X109.332 Y104.474 E.24034
G1 X109.366 Y104.994 E.2608
G1 X109.322 Y105.503 E.28086
G1 X109.22 Y106.124 E.30557
G1 X109.036 Y106.665 E.32801
G1 X108.679 Y107.351 E.35837
G1 X108.349 Y107.802 E.38031
G1 X107.802 Y108.349 E.41068
G1 X107.351 Y108.679 E.43262
G1 X106.671 Y109.033 E.46272
G1 X105.939 Y109.264 E.49286
G1 X105.387 Y109.349 E.51479
G1 X104.613 Y109.349 E.54518
G1 X104.061 Y109.264 E.56711
G1 X103.329 Y109.033 E.59725
G1 X102.649 Y108.679 E.62735
G1 X102.198 Y108.349 E.64929
G1 X101.669 Y107.82 E.67866
G1 X101.427 Y107.51 E.6941
G1 X101.13 Y107.022 E.71653
G1 X100.836 Y106.313 E.74667
G1 X100.67 Y105.564 E.77679
G1 X100.634 Y105.006 E.79875
G1 X100.701 Y104.235 E.82914
G1 X100.834 Y103.693 E.85105
G1 X101.13 Y102.978 E.88143
G1 X101.42 Y102.501 E.90335
G1 X101.913 Y101.913 E.93348
G1 X102.501 Y101.42 E.96361
G1 X102.978 Y101.13 E.98553
G1 X103.693 Y100.834 E1.01591
G1 X104.235 Y100.701 E1.03782
G1 X105.013 Y100.634 E1.06848
G1 X105.141 Y100.642 E1.07352
G1 X105.21 Y100.239 F7800
;TYPE:External perimeter
G1 F884.349
G1 X105.621 Y100.266 E1.08969
G1 X106.436 Y100.447 E1.12247
G1 X107.065 Y100.708 E1.14921
G1 X107.563 Y100.972 E1.17134
G1 X108.067 Y101.341 E1.19587
G1 X108.618 Y101.892 E1.22647
G1 X108.913 Y102.265 E1.24514
G1 X109.234 Y102.794 E1.26944
G1 X109.523 Y103.491 E1.29907
G1 X109.617 Y103.854 E1.31379
G1 X109.738 Y104.448 E1.33759
G1 X109.774 Y104.998 E1.35923
G1 X109.712 Y105.706 E1.38714
G1 X109.613 Y106.233 E1.40819
G1 X109.412 Y106.825 E1.43274
G1 X109.026 Y107.567 E1.46558
G1 X108.659 Y108.067 E1.48993
G1 X108.067 Y108.659 E1.5228
G1 X107.567 Y109.026 E1.54715
G1 X106.827 Y109.411 E1.5799
G1 X106.031 Y109.662 E1.61267
G1 X105.418 Y109.756 E1.63702
M73 P97 R0
G1 X104.582 Y109.756 E1.66985
M73 Q97 S0
G1 X103.969 Y109.662 E1.6942
G1 X103.173 Y109.411 E1.72697
G1 X102.433 Y109.026 E1.75972
G1 X101.933 Y108.659 E1.78407
G1 X101.381 Y108.107 E1.81472
G1 X101.09 Y107.741 E1.83308
G1 X100.766 Y107.206 E1.85764
G1 X100.447 Y106.436 E1.89037
G1 X100.266 Y105.621 E1.92315
G1 X100.226 Y105.002 E1.94751
G1 X100.298 Y104.169 E1.98034
G1 X100.446 Y103.566 E2.00472
G1 X100.766 Y102.794 E2.03753
G1 X101.088 Y102.263 E2.06191
G1 X101.624 Y101.624 E2.09466
G1 X102.263 Y101.088 E2.12741
G1 X102.794 Y100.766 E2.15179
G1 X103.566 Y100.446 E2.1846
G1 X104.169 Y100.299 E2.20897
G1 X105.009 Y100.226 E2.24208
G1 X105.15 Y100.235 E2.24763
G1 X105.549 Y100.261 F7800
;LAYER_CHANGE
;Z:8.35
;HEIGHT:0.200001
G92 E0
G1 Z8.35 F7800
G1 X101.677 Y104.414
;TYPE:Perimeter
G1 F884.349
G1 X101.806 Y103.894 E.02104
G1 X102.115 Y103.241 E.04941
G1 X102.472 Y102.756 E.07306
G1 X102.9 Y102.351 E.0962
G1 X103.46 Y101.998 E.12219
G1 X104.009 Y101.782 E.14535
G1 X104.381 Y101.681 E.16049
G1 X104.892 Y101.621 E.18069
G1 X105.386 Y101.646 E.20011
G1 X106.08 Y101.799 E.22801
G1 X106.562 Y102 E.24852
G1 X107.074 Y102.352 E.27292
G1 X107.364 Y102.589 E.28763
G1 X107.72 Y102.996 E.30886
G1 X108.034 Y103.512 E.33258
G1 X108.284 Y104.204 E.36147
G1 X108.374 Y104.799 E.3851
G1 X108.358 Y105.388 E.40824
G1 X108.198 Y106.093 E.43663
G1 X107.987 Y106.553 E.4565
G1 X107.785 Y106.909 E.47257
G1 X107.446 Y107.331 E.49382
G1 X106.992 Y107.729 E.51753
G1 X106.477 Y108.04 E.54115
G1 X105.796 Y108.284 E.56955
G1 X105.284 Y108.363 E.58989
G1 X104.66 Y108.36 E.61439
G1 X103.966 Y108.212 E.64225
G1 X103.411 Y107.979 E.66588
G1 X102.92 Y107.667 E.68872
G1 X102.37 Y107.119 E.71921
G1 X101.998 Y106.54 E.74623
G1 X101.782 Y105.991 E.76939
G1 X101.681 Y105.619 E.78453
G1 X101.622 Y105.081 E.80578
G1 X101.661 Y104.479 E.82947
G1 X101.663 Y104.472 E.82976
G1 X102.073 Y104.484 F7800
;TYPE:External perimeter
G1 F884.349
G1 X102.199 Y104 E.8494
G1 X102.48 Y103.421 E.87467
G1 X102.795 Y103.004 E.89519
G1 X103.175 Y102.651 E.91555
G1 X103.671 Y102.346 E.93841
G1 X104.14 Y102.168 E.95811
G1 X104.434 Y102.084 E.97012
G1 X104.993 Y102.03 E.99217
G1 X105.298 Y102.043 E1.00416
G1 X105.992 Y102.197 E1.03207
G1 X106.396 Y102.375 E1.0494
G1 X106.989 Y102.79 E1.07782
G1 X107.349 Y103.175 E1.09852
G1 X107.686 Y103.723 E1.12378
G1 X107.899 Y104.335 E1.14922
G1 X107.971 Y104.853 E1.16975
G1 X107.951 Y105.37 E1.19006
G1 X107.802 Y105.996 E1.21533
G1 X107.52 Y106.579 E1.24076
G1 X107.205 Y106.996 E1.26128
G1 X106.724 Y107.423 E1.28653
G1 X106.273 Y107.688 E1.30707
G1 X105.665 Y107.899 E1.33234
G1 X105.147 Y107.971 E1.35287
G1 X104.63 Y107.951 E1.37318
G1 X104.062 Y107.816 E1.3961
G1 X103.583 Y107.61 E1.41657
G1 X103.169 Y107.343 E1.43591
G1 X102.658 Y106.832 E1.46429
M73 P98 R0
G1 X102.345 Y106.329 E1.48755
M73 Q98 S0
G1 X102.168 Y105.86 E1.50723
G1 X102.084 Y105.566 E1.51924
G1 X102.031 Y105.059 E1.53926
G1 X102.065 Y104.543 E1.55956
G1 X102.16 Y104.154 F7800
G1 X101.196 Y104.33
;TYPE:Perimeter
;WIDTH:0.625632
G1 F617.801
G1 X101.205 Y104.233 E1.56504
;WIDTH:0.62051
G1 F623.28
G1 X101.355 Y103.699 E1.59594
;WIDTH:0.635866
G1 F607.138
G1 X101.565 Y103.226 E1.62554
G1 X101.823 Y102.79 E1.65451
;WIDTH:0.624756
G1 F618.731
G1 X102.264 Y102.264 E1.69303
;WIDTH:0.627412
G1 F615.919
G1 X102.791 Y101.824 E1.73173
G1 X103.257 Y101.546 E1.76232
;WIDTH:0.63374
G1 F609.323
G1 X103.849 Y101.31 E1.79864
G1 X104.316 Y101.191 E1.8261
;WIDTH:0.624742
G1 F618.746
G1 X104.903 Y101.133 E1.8592
;WIDTH:0.626436
G1 F616.95
G1 X105.493 Y101.162 E1.89245
G1 X106.389 Y101.393 E1.94453
;WIDTH:0.614298
G1 F630.056
G1 X106.91 Y101.641 E1.97633
;WIDTH:0.637916
G1 F605.046
G1 X107.362 Y101.942 E2.0075
G1 X107.685 Y102.212 E2.03166
;WIDTH:0.6181
G1 F625.891
G1 X108.038 Y102.608 E2.06109
;WIDTH:0.635852
G1 F607.152
G1 X108.342 Y103.056 E2.09205
G1 X108.571 Y103.508 E2.12103
;WIDTH:0.62589
G1 F617.527
G1 X108.747 Y104.047 E2.15291
;WIDTH:0.630532
G1 F612.649
G1 X108.834 Y104.483 E2.17811
G1 X108.87 Y104.927 E2.20336
;WIDTH:0.618106
G1 F625.884
G1 X108.839 Y105.457 E2.23281
;WIDTH:0.635856
G1 F607.148
G1 X108.738 Y105.989 E2.26378
G1 X108.57 Y106.492 E2.29411
;WIDTH:0.629052
G1 F614.196
G1 X108.211 Y107.16 E2.33698
;WIDTH:0.618124
G1 F625.865
G1 X107.883 Y107.576 E2.36637
;WIDTH:0.635864
G1 F607.14
G1 X107.495 Y107.954 E2.39735
G1 X107.089 Y108.258 E2.42636
;WIDTH:0.625634
G1 F617.799
G1 X106.481 Y108.574 E2.46487
G1 X105.743 Y108.798 E2.50822
;WIDTH:0.617096
G1 F626.985
G1 X105.073 Y108.864 E2.54551
;WIDTH:0.627456
G1 F615.873
G1 X104.34 Y108.814 E2.58693
G1 X103.633 Y108.616 E2.62833
;WIDTH:0.618128
G1 F625.861
G1 X103.149 Y108.399 E2.65776
G1 X102.703 Y108.112 E2.68719
;WIDTH:0.64107
G1 F601.856
G1 X102.27 Y107.73 E2.7205
G1 X101.824 Y107.209 E2.76007
;WIDTH:0.627456
G1 F615.873
G1 X101.546 Y106.743 E2.79066
;WIDTH:0.633746
G1 F609.316
G1 X101.31 Y106.151 E2.82698
G1 X101.191 Y105.684 E2.85444
;WIDTH:0.625632
G1 F617.801
G1 X101.131 Y105 E2.89303
G1 X101.19 Y104.389 E2.92753
G92 E0
G1 X105.201 Y100.647 F7800
;WIDTH:0.449999
G1 F884.349
G1 X105.563 Y100.67 E.01424
G1 X106.313 Y100.836 E.0444
G1 X107.016 Y101.128 E.07429
G1 X107.663 Y101.54 E.10441
G1 X108.083 Y101.908 E.12634
G1 X108.409 Y102.297 E.14627
G1 X108.779 Y102.811 E.17114
G1 X109.031 Y103.323 E.19355
G1 X109.22 Y103.923 E.21825
G1 X109.331 Y104.45 E.2394
G1 X109.363 Y105.031 E.26225
G1 X109.291 Y105.803 E.29269
G1 X109.107 Y106.458 E.3194
G1 X108.877 Y107.01 E.34288
G1 X108.58 Y107.499 E.36534
G1 X108.254 Y107.888 E.38527
G1 X107.812 Y108.341 E.41012
G1 X107.351 Y108.679 E.43256
G1 X106.671 Y109.033 E.46266
G1 X105.939 Y109.264 E.4928
G1 X105.387 Y109.349 E.51473
G1 X104.639 Y109.349 E.5441
G1 X104.248 Y109.302 E.55956
G1 X103.693 Y109.166 E.582
G1 X102.978 Y108.87 E.61238
G1 X102.501 Y108.58 E.6343
M73 P99 R0
M73 Q99 S0
G1 X101.913 Y108.087 E.66443
G1 X101.42 Y107.499 E.69456
G1 X101.15 Y107.054 E.715
G1 X101.028 Y106.776 E.72692
G1 X100.825 Y106.27 E.74833
G1 X100.698 Y105.727 E.77023
G1 X100.638 Y104.957 E.80056
G1 X100.725 Y104.126 E.83337
G1 X100.893 Y103.542 E.85723
G1 X101.123 Y102.99 E.88071
G1 X101.42 Y102.501 E.90317
G1 X101.913 Y101.913 E.9333
G1 X102.501 Y101.42 E.96343
G1 X102.978 Y101.13 E.98535
G1 X103.693 Y100.834 E1.01573
G1 X104.235 Y100.701 E1.03764
G1 X105.008 Y100.634 E1.06811
G1 X105.141 Y100.643 E1.07334
G1 X105.21 Y100.239 F7800
;TYPE:External perimeter
G1 F884.349
G1 X105.621 Y100.266 E1.08951
G1 X106.436 Y100.447 E1.12229
G1 X107.204 Y100.765 E1.15493
G1 X107.908 Y101.213 E1.18769
G1 X108.375 Y101.623 E1.21209
G1 X108.828 Y102.163 E1.23977
G1 X109.134 Y102.611 E1.26107
G1 X109.41 Y103.171 E1.28558
G1 X109.645 Y103.915 E1.31622
G1 X109.737 Y104.424 E1.33653
G1 X109.774 Y104.998 E1.35911
G1 X109.713 Y105.701 E1.38682
G1 X109.613 Y106.233 E1.40807
G1 X109.446 Y106.725 E1.42847
G1 X109.236 Y107.203 E1.44897
G1 X108.912 Y107.737 E1.47349
G1 X108.458 Y108.278 E1.50122
G1 X108.071 Y108.656 E1.52246
G1 X107.567 Y109.026 E1.54701
G1 X106.827 Y109.411 E1.57976
G1 X106.031 Y109.662 E1.61253
G1 X105.418 Y109.756 E1.63688
G1 X104.639 Y109.756 E1.66747
G1 X104.173 Y109.703 E1.68589
G1 X103.566 Y109.554 E1.71043
G1 X102.794 Y109.234 E1.74324
G1 X102.263 Y108.912 E1.76762
G1 X101.624 Y108.376 E1.80037
G1 X101.088 Y107.737 E1.83312
G1 X100.766 Y107.206 E1.8575
G1 X100.446 Y106.434 E1.89031
G1 X100.298 Y105.831 E1.91469
G1 X100.226 Y105 E1.94744
G1 X100.283 Y104.345 E1.97326
G1 X100.388 Y103.765 E1.9964
G1 X100.554 Y103.275 E2.01671
G1 X100.764 Y102.797 E2.03721
G1 X101.088 Y102.263 E2.06173
G1 X101.624 Y101.624 E2.09448
G1 X102.263 Y101.088 E2.12723
G1 X102.794 Y100.766 E2.15161
G1 X103.566 Y100.446 E2.18442
G1 X104.169 Y100.298 E2.2088
G1 X105.003 Y100.226 E2.24167
G1 X105.15 Y100.235 E2.24745
G1 X105.549 Y100.261 F7800
; stop printing object spacer_for_board_casing_1.stl id:0 copy 0
G92 E0
M107
;TYPE:Custom
; Filament-specific end gcode
#M104 S0 ; turn off temperature
G00 Z100; Z Axis to safe point
G00 Y100; Y Axis to Front
G28 X0  ; home X axis
M84     ; disable motors
M73 P100 R0
M73 Q100 S0
; objects_info = {"objects":[{"name":"spacer_for_board_casing_1.stl id:0 copy 0","polygon":[[105.218,100.005],[106.294,100.170],[107.113,100.468],[108.044,101.033],[108.686,101.622],[109.217,102.313],[109.698,103.290],[109.924,104.132],[109.995,105.218],[109.830,106.294],[109.532,107.113],[108.967,108.044],[108.378,108.686],[107.687,109.217],[106.710,109.698],[105.868,109.924],[104.782,109.995],[103.706,109.830],[102.887,109.532],[101.956,108.967],[101.314,108.378],[100.783,107.686],[100.302,106.710],[100.076,105.868],[100.005,104.782],[100.170,103.706],[100.468,102.887],[100.904,102.132],[101.622,101.314],[102.314,100.783],[103.290,100.302],[104.132,100.076]]}]}
; filament used [mm] = 208.36
; filament used [cm3] = 0.50
; filament used [g] = 0.61
; filament cost = 21.22
; total filament used [g] = 0.61
; total filament cost = 21.22
; total filament used for wipe tower [g] = 0.00
; estimated printing time (normal mode) = 6m 19s
; estimated printing time (silent mode) = 6m 20s
; estimated first layer printing time (normal mode) = 13s
; estimated first layer printing time (silent mode) = 14s

; prusaslicer_config = begin
; arc_fitting = disabled
; autoemit_temperature_commands = 1
; automatic_extrusion_widths = 0
; automatic_infill_combination = 1
; automatic_infill_combination_max_layer_height = 100%
; avoid_crossing_curled_overhangs = 0
; avoid_crossing_perimeters = 0
; avoid_crossing_perimeters_max_detour = 0
; bed_custom_model = 
; bed_custom_texture = 
; bed_shape = 0x0,210x0,210x210,0x210
; bed_temperature = 30
; bed_temperature_extruder = 0
; before_layer_gcode = 
; between_objects_gcode = 
; binary_gcode = 0
; bottom_fill_pattern = monotonic
; bottom_solid_layers = 3
; bottom_solid_min_thickness = 0
; bridge_acceleration = 0
; bridge_angle = 0
; bridge_fan_speed = 80
; bridge_flow_ratio = 1
; bridge_speed = 60
; brim_separation = 0
; brim_type = outer_only
; brim_width = 0
; chamber_minimal_temperature = 0
; chamber_temperature = 0
; color_change_gcode = M600
; colorprint_heights = 
; compatible_printers_condition_cummulative = ;"printer_notes!~/.*NO_TEMPLATES.*/ and printer_notes!~/.*PRINTER_VENDOR_TRILAB.*/ and printer_notes!~/.*PRINTER_MODEL_MK4IS.*/ and ! (printer_notes=~/.*PRINTER_VENDOR_PRUSA3D.*/ and num_extruders>1)"
; complete_objects = 1
; cooling = 0
; cooling_perimeter_transition_distance = 0
; cooling_slowdown_logic = uniform_cooling
; cooling_tube_length = 5
; cooling_tube_retraction = 91.5
; custom_parameters_filament = ""
; custom_parameters_print = 
; custom_parameters_printer = 
; default_acceleration = 0
; default_filament_profile = 
; default_print_profile = 
; deretract_speed = 0
; disable_fan_first_layers = 3
; dont_support_bridges = 1
; draft_shield = disabled
; duplicate_distance = 6
; elefant_foot_compensation = 0
; enable_dynamic_fan_speeds = 0
; enable_dynamic_overhang_speeds = 0
; end_filament_gcode = "; Filament-specific end gcode"
; end_gcode = #M104 S0 ; turn off temperature\nG00 Z100; Z Axis to safe point\nG00 Y100; Y Axis to Front\nG28 X0  ; home X axis\nM84     ; disable motors\n
; ensure_vertical_shell_thickness = enabled
; external_perimeter_acceleration = 0
; external_perimeter_extrusion_width = 0
; external_perimeter_speed = 50%
; external_perimeters_first = 0
; extra_loading_move = -2
; extra_perimeters = 1
; extra_perimeters_on_overhangs = 0
; extruder_clearance_height = 20
; extruder_clearance_radius = 25
; extruder_colour = #FF0000
; extruder_offset = 0x0
; extrusion_axis = E
; extrusion_multiplier = 1.16
; extrusion_width = 0
; fan_always_on = 0
; fan_below_layer_time = 100
; filament_abrasive = 0
; filament_colour = #000000
; filament_cooling_final_speed = 2
; filament_cooling_initial_speed = 3
; filament_cooling_moves = 1
; filament_cost = 35000
; filament_density = 1.21
; filament_deretract_speed = nil
; filament_diameter = 1.75
; filament_infill_max_crossing_speed = 0
; filament_infill_max_speed = 0
; filament_load_time = 0
; filament_loading_speed = 14
; filament_loading_speed_start = 19
; filament_max_volumetric_speed = 1.2
; filament_minimal_purge_on_wipe_tower = 0
; filament_multitool_ramming = 0
; filament_multitool_ramming_flow = 10
; filament_multitool_ramming_volume = 10
; filament_notes = ""
; filament_purge_multiplier = 100%
; filament_ramming_parameters = "130 120 2.70968 2.93548 3.32258 3.83871 4.58065 5.54839 6.51613 7.35484 7.93548 8.16129| 0.05 2.66451 0.45 3.05805 0.95 4.05807 1.45 5.97742 1.95 7.69999 2.45 8.1936 2.95 11.342 3.45 11.4065 3.95 7.6 4.45 7.6 4.95 7.6"
; filament_retract_before_travel = nil
; filament_retract_before_wipe = nil
; filament_retract_layer_change = nil
; filament_retract_length = 0
; filament_retract_length_toolchange = nil
; filament_retract_lift = nil
; filament_retract_lift_above = nil
; filament_retract_lift_below = nil
; filament_retract_restart_extra = nil
; filament_retract_restart_extra_toolchange = nil
; filament_retract_speed = nil
; filament_seam_gap_distance = nil
; filament_settings_id = "TPU Local"
; filament_shrinkage_compensation_xy = 0%
; filament_shrinkage_compensation_z = 0%
; filament_soluble = 0
; filament_spool_weight = 1000
; filament_stamping_distance = 0
; filament_stamping_loading_speed = 20
; filament_toolchange_delay = 0
; filament_travel_lift_before_obstacle = nil
; filament_travel_max_lift = nil
; filament_travel_ramping_lift = nil
; filament_travel_slope = nil
; filament_type = FLEX
; filament_unload_time = 0
; filament_unloading_speed = 20
; filament_unloading_speed_start = 100
; filament_vendor = Eolas Prints
; filament_wipe = nil
; fill_angle = 45
; fill_density = 20%
; fill_pattern = lightning
; first_layer_acceleration = 0
; first_layer_acceleration_over_raft = 0
; first_layer_bed_temperature = 40
; first_layer_extrusion_width = 200%
; first_layer_height = 0.25
; first_layer_infill_speed = 0
; first_layer_speed = 30
; first_layer_speed_over_raft = 30
; first_layer_temperature = 200
; full_fan_speed_layer = 0
; fuzzy_skin = none
; fuzzy_skin_point_dist = 0.8
; fuzzy_skin_thickness = 0.3
; gap_fill_enabled = 1
; gap_fill_speed = 20
; gcode_comments = 0
; gcode_flavor = marlin
; gcode_label_objects = octoprint
; gcode_resolution = 0.0125
; gcode_substitutions = 
; high_current_on_filament_swap = 0
; host_type = prusalink
; idle_temperature = nil
; infill_acceleration = 0
; infill_anchor = 600%
; infill_anchor_max = 50
; infill_every_layers = 1
; infill_extruder = 1
; infill_extrusion_width = 0
; infill_first = 0
; infill_overlap = 25%
; infill_speed = 80
; inherits_cummulative = ;"Eolas Prints TPU 93A @Template";
; interface_shells = 0
; interlocking_beam = 0
; interlocking_beam_layer_count = 2
; interlocking_beam_width = 0.8
; interlocking_boundary_avoidance = 2
; interlocking_depth = 2
; interlocking_orientation = 22.5
; ironing = 0
; ironing_flowrate = 15%
; ironing_spacing = 0.1
; ironing_speed = 15
; ironing_type = top
; layer_gcode = 
; layer_height = 0.2
; machine_limits_usage = time_estimate_only
; machine_max_acceleration_e = 10000,5000
; machine_max_acceleration_extruding = 1500,1250
; machine_max_acceleration_retracting = 1500,1250
; machine_max_acceleration_travel = 1500,1250
; machine_max_acceleration_x = 9000,1000
; machine_max_acceleration_y = 9000,1000
; machine_max_acceleration_z = 500,200
; machine_max_feedrate_e = 120,120
; machine_max_feedrate_x = 500,200
; machine_max_feedrate_y = 500,200
; machine_max_feedrate_z = 12,12
; machine_max_jerk_e = 2.5,2.5
; machine_max_jerk_x = 10,10
; machine_max_jerk_y = 10,10
; machine_max_jerk_z = 0.2,0.4
; machine_max_junction_deviation = 0,0
; machine_min_extruding_rate = 0,0
; machine_min_travel_rate = 0,0
; max_fan_speed = 90
; max_layer_height = 0
; max_print_height = 200
; max_print_speed = 80
; max_volumetric_extrusion_rate_slope_negative = 0
; max_volumetric_extrusion_rate_slope_positive = 0
; max_volumetric_speed = 0
; min_bead_width = 85%
; min_fan_speed = 70
; min_feature_size = 25%
; min_layer_height = 0.05
; min_print_speed = 10
; min_skirt_length = 0
; mmu_segmented_region_interlocking_depth = 0
; mmu_segmented_region_max_width = 0
; multimaterial_purging = 140
; notes = 
; nozzle_diameter = 0.4
; nozzle_high_flow = 0
; only_one_perimeter_first_layer = 0
; only_retract_when_crossing_perimeters = 0
; ooze_prevention = 0
; output_filename_format = [input_filename_base].gcode
; over_bridge_speed = 0
; overhang_fan_speed_0 = 0
; overhang_fan_speed_1 = 0
; overhang_fan_speed_2 = 0
; overhang_fan_speed_3 = 0
; overhang_speed_0 = 15
; overhang_speed_1 = 15
; overhang_speed_2 = 20
; overhang_speed_3 = 25
; overhangs = 1
; parking_pos_retraction = 92
; pause_print_gcode = M601
; perimeter_acceleration = 0
; perimeter_extruder = 1
; perimeter_extrusion_width = 0
; perimeter_generator = arachne
; perimeter_speed = 60
; perimeters = 3
; physical_printer_settings_id = 
; post_process = 
; prefer_clockwise_movements = 0
; print_settings_id = Anet
; printer_model = 
; printer_notes = 
; printer_settings_id = Anet
; printer_technology = FFF
; printer_variant = 
; printer_vendor = 
; raft_contact_distance = 0.1
; raft_expansion = 1.5
; raft_first_layer_density = 90%
; raft_first_layer_expansion = 3
; raft_layers = 0
; remaining_times = 1
; resolution = 0
; retract_before_travel = 2
; retract_before_wipe = 0%
; retract_layer_change = 0
; retract_length = 2
; retract_length_toolchange = 10
; retract_lift = 0
; retract_lift_above = 0
; retract_lift_below = 0
; retract_restart_extra = 0
; retract_restart_extra_toolchange = 0
; retract_speed = 40
; scarf_seam_entire_loop = 0
; scarf_seam_length = 20
; scarf_seam_max_segment_length = 1
; scarf_seam_on_inner_perimeters = 0
; scarf_seam_only_on_smooth = 1
; scarf_seam_placement = nowhere
; scarf_seam_start_height = 0%
; seam_gap_distance = 15%
; seam_position = aligned
; silent_mode = 1
; single_extruder_multi_material = 0
; single_extruder_multi_material_priming = 1
; skirt_distance = 6
; skirt_height = 1
; skirts = 0
; slice_closing_radius = 0.049
; slicing_mode = regular
; slowdown_below_layer_time = 10
; small_perimeter_speed = 15
; solid_infill_acceleration = 0
; solid_infill_below_area = 70
; solid_infill_every_layers = 0
; solid_infill_extruder = 1
; solid_infill_extrusion_width = 0
; solid_infill_speed = 20
; spiral_vase = 0
; staggered_inner_seams = 0
; standby_temperature_delta = -5
; start_filament_gcode = "; Filament gcode\n"
; start_gcode = G28 ; home all axes\nG1 Z5 F5000 ; lift nozzle\n
; support_material = 0
; support_material_angle = 0
; support_material_auto = 1
; support_material_bottom_contact_distance = 0
; support_material_bottom_interface_layers = -1
; support_material_buildplate_only = 0
; support_material_closing_radius = 2
; support_material_contact_distance = 0.2
; support_material_enforce_layers = 0
; support_material_extruder = 1
; support_material_extrusion_width = 0
; support_material_interface_contact_loops = 0
; support_material_interface_extruder = 1
; support_material_interface_layers = 3
; support_material_interface_pattern = rectilinear
; support_material_interface_spacing = 0
; support_material_interface_speed = 100%
; support_material_pattern = rectilinear
; support_material_spacing = 2.5
; support_material_speed = 60
; support_material_style = grid
; support_material_synchronize_layers = 0
; support_material_threshold = 0
; support_material_with_sheath = 1
; support_material_xy_spacing = 50%
; support_tree_angle = 40
; support_tree_angle_slow = 25
; support_tree_branch_diameter = 2
; support_tree_branch_diameter_angle = 5
; support_tree_branch_diameter_double_wall = 3
; support_tree_branch_distance = 1
; support_tree_tip_diameter = 0.8
; support_tree_top_rate = 15%
; temperature = 190
; template_custom_gcode = 
; thick_bridges = 1
; thin_walls = 1
; thumbnails = 
; thumbnails_format = PNG
; toolchange_gcode = 
; top_fill_pattern = monotonic
; top_infill_extrusion_width = 0
; top_one_perimeter_type = none
; top_solid_infill_acceleration = 0
; top_solid_infill_speed = 15
; top_solid_layers = 3
; top_solid_min_thickness = 0
; travel_acceleration = 0
; travel_lift_before_obstacle = 0
; travel_max_lift = 0
; travel_ramping_lift = 0
; travel_short_distance_acceleration = 0
; travel_slope = 0
; travel_speed = 130
; travel_speed_z = 0
; use_firmware_retraction = 0
; use_relative_e_distances = 0
; use_volumetric_e = 0
; variable_layer_height = 1
; wall_distribution_count = 1
; wall_transition_angle = 10
; wall_transition_filter_deviation = 25%
; wall_transition_length = 100%
; wipe = 0
; wipe_into_infill = 0
; wipe_into_objects = 0
; wipe_tower = 1
; wipe_tower_acceleration = 0
; wipe_tower_bridging = 10
; wipe_tower_brim_width = 2
; wipe_tower_cone_angle = 0
; wipe_tower_extra_flow = 100%
; wipe_tower_extra_spacing = 100%
; wipe_tower_extruder = 0
; wipe_tower_no_sparse_layers = 0
; wipe_tower_width = 60
; wiping_volumes_matrix = 0
; wiping_volumes_use_custom_matrix = 0
; xy_size_compensation = 0
; z_offset = 0.3
; prusaslicer_config = end
